DISTRICTNAME,UNITNAME,Crime_No,Year,RI,Noofvehicle_involved,Accident_Classification,Accident_Spot,Accident_Location,Accident_SubLocation,Main_Cause,Hit_Run,Severity,Collision_Type,Junction_Control,Road_Character,Road_Type,Surface_Type,Surface_Condition,Road_Condition,Weather,Accident_Road,Landmark_first,Distance_LandMark_First,Latitude,Longitude,Road_Condition_Score,Surface_Condition_Score,Surface_Type_Score,Road_Risk_Index
Bengaluru City,Adugodi Traffic PS,1.04432e+16,2019,1,1,Road Accidents,Narrow road,City/Town,Open area,Human Error,No,Grievous Injury,Hit pedestrian,Not at  Junction,Straight and flat,Two way,Concrete,Dry,Not Applicable,Clear,Hosur Lashkar road,2,1KM,12.946432,77.606862,0,0,0.0,0.0
Bengaluru City,Adugodi Traffic PS,1.04432e+16,2019,1,1,Road Accidents,Cross roads,City/Town,Open area,Human Error,Yes,Fatal,Hit pedestrian,Not at  Junction,Straight and flat,Two way,Concrete,Dry,No influence on accident,Clear,"Hosur Lashkar Main Road, Near Veterinary Hospital. Opp Mahalingeshwara Badavane, Adugodi",1,100M,0.0,0.0,0,0,0.0,0.0
Bengaluru City,Adugodi Traffic PS,1.04432e+16,2019,1,2,Road Accidents,Offset,City/Town,Open area,Human Error,No,Damage Only,Vehicle to Vehicle,Not at  Junction,Not Applicable,Two way,Bitumen(Tar),Dry,No influence on accident,Clear,"Bannerughatta Main Road, In front of Auto Car Paradise Show Room Lakkasandra",3,2km,0.0,0.0,0,0,0.0,0.0
Bengaluru City,Adugodi Traffic PS,1.04432e+16,2019,1,2,Road Accidents,Not Applicable,City/Town,Near Hospital,Human Error,No,Grievous Injury,Vehicle to Vehicle,Not at  Junction,Straight and flat,Others,Bitumen(Tar),Dry,Not Applicable,Clear,Bannerugatta road,2,2km,12.942436,77.602747,0,0,0.0,0.0
Bengaluru City,Adugodi Traffic PS,1.04432e+16,2019,1,3,Road Accidents,Cross roads,City/Town,Near School or College,Human Error,Yes,Damage Only,Vehicle to Vehicle,Not at  Junction,Straight and flat,Two way,Bitumen(Tar),Dry,Not Applicable,Clear,Sarjapura main road koramangala,3,4KM,0.0,0.0,0,0,0.0,0.0
Bengaluru City,Adugodi Traffic PS,1.04432e+16,2019,1,2,Road Accidents,Curves,City/Town,Open area,Human Error,No,Grievous Injury,Vehicle to Vehicle,Not at  Junction,Straight and flat,Two way,Bitumen(Tar),Dry,Not Applicable,Clear,"8th Main Road, Koramangala",2,3KM,12.935021,77.624731,0,0,0.0,0.0
Bengaluru City,Adugodi Traffic PS,1.04432e+16,2019,1,2,Road Accidents,Narrow road,City/Town,In bazaar,Human Error,Yes,Grievous Injury,Vehicle to Vehicle,Not at  Junction,Straight and flat,Two way,Bitumen(Tar),Dry,Not Applicable,Clear,Koramangal 80ft road,3,1km,0.0,0.0,0,0,0.0,0.0
Bengaluru City,Adugodi Traffic PS,1.04432e+16,2019,1,1,Road Accidents,Not Applicable,City/Town,Near Bus stop,Human Error,No,Grievous Injury,Hit pedestrian,Not at  Junction,Straight and flat,Two way,Bitumen(Tar),Dry,Not Applicable,Clear,Hosur Laskar road,3,500mtr,12.939089,77.609882,0,0,0.0,0.0
Bengaluru City,Adugodi Traffic PS,1.04432e+16,2019,1,1,Road Accidents,Not Applicable,City/Town,Near Bus stop,Human Error,No,Fatal,Not Applicable,Not at  Junction,Straight and flat,Two way,Bitumen(Tar),Dry,No influence on accident,Clear,"Bannerughatta Main Road, In front of Auto Car Paradise Show Room Lakkasandra",2,2KM,0.0,0.0,0,0,0.0,0.0
Bengaluru City,Adugodi Traffic PS,1.04432e+16,2019,1,2,Road Accidents,Not Applicable,City/Town,Near Hospital,Human Error,No,Grievous Injury,Vehicle to Vehicle,Not Applicable,Straight and flat,Two way,Bitumen(Tar),Dry,Not Applicable,Clear,Hosur Lashkar road,2,0.5,12.941826,77.608321,0,0,0.0,0.0
Bengaluru City,Adugodi Traffic PS,1.04432e+16,2019,1,2,Road Accidents,Not Applicable,City/Town,Open area,Human Error,No,Damage Only,Vehicle to Vehicle,Not at  Junction,Straight and flat,Others,Bitumen(Tar),Dry,No influence on accident,Fine,Sarjapura main road,3,3km,12.925141,77.626672,0,0,0.0,0.0
Bengaluru City,Adugodi Traffic PS,1.04432e+16,2019,1,2,Road Accidents,Curves,City/Town,Near a factory industrial area,Human Error,Yes,Grievous Injury,Vehicle to Vehicle,Not at  Junction,Straight and flat,Two way,Bitumen(Tar),Dry,Not Applicable,Clear,Bannerugatta road,2,2km,12.94168,77.602594,0,0,0.0,0.0
Bengaluru City,Adugodi Traffic PS,1.04432e+16,2019,1,2,Road Accidents,Offset,City/Town,Open area,Human Error,Yes,Grievous Injury,Vehicle to Vehicle,Not at  Junction,Straight and flat,Two way,Concrete,Dry,Not Applicable,Clear,"Bannerughatta Main Road, In front of Auto Car Paradise Show Room Lakkasandra",2,2km,12.942157,77.602609,0,0,0.0,0.0
Bengaluru City,Adugodi Traffic PS,1.04432e+16,2019,1,1,Road Accidents,Not Applicable,City/Town,Near Hospital,Human Error,No,Grievous Injury,Hit pedestrian,Not at  Junction,Straight and flat,Two way,Bitumen(Tar),Dry,No influence on accident,Clear,Sarjapura main road koramangala,4,4km,0.0,0.0,0,0,0.0,0.0
Bengaluru City,Adugodi Traffic PS,1.04432e+16,2019,1,2,Road Accidents,Bottleneck,City/Town,Open area,Human Error,No,Grievous Injury,Vehicle to Vehicle,Not at  Junction,Others,Two way,Bitumen(Tar),Dry,Not Applicable,Clear,B.G road,1,3km,0.0,0.0,0,0,0.0,0.0
Bengaluru City,Adugodi Traffic PS,1.04432e+16,2019,1,2,Road Accidents,Not Applicable,City/Town,Near Bus stop,Human Error,Yes,Grievous Injury,Vehicle to Vehicle,Not at  Junction,Straight and flat,Two way,Concrete,Dry,Not Applicable,Clear,"Hosur Lashkar Main Road, Near Veterinary Hospital. Opp Mahalingeshwara Badavane, Adugodi",2,1km,0.0,0.0,0,0,0.0,0.0
Bengaluru City,Adugodi Traffic PS,1.04432e+16,2019,1,1,Road Accidents,Not Applicable,City/Town,Near office complex,Human Error,Yes,Grievous Injury,Hit pedestrian,Not at  Junction,Straight and flat,One way,Bitumen(Tar),Dry,No influence on accident,Clear,Sarjapura main road In Front Of Uday Bar And Restorent,4,4,0.0,0.0,0,0,0.0,0.0
Bengaluru City,Adugodi Traffic PS,1.04432e+16,2019,1,2,Road Accidents,Not Applicable,City/Town,Near Bus stop,Human Error,No,Damage Only,Vehicle to Vehicle,Not at  Junction,Straight and flat,Two way,Bitumen(Tar),Dry,Not Applicable,Clear,Bannerugatta road,1,2,12.940864,77.602372,0,0,0.0,0.0
Bengaluru City,Adugodi Traffic PS,1.04432e+16,2019,1,2,Road Accidents,Not Applicable,City/Town,Near Bus stop,Human Error,Yes,Grievous Injury,Vehicle to Vehicle,Not at  Junction,Straight and flat,Two way,Concrete,Dry,Not Applicable,Clear,Hosur Lashkar road,2,1KM,12.938865,77.609804,0,0,0.0,0.0
Bengaluru City,Adugodi Traffic PS,1.04432e+16,2019,1,1,Road Accidents,Junction,City/Town,Near office complex,Human Error,Yes,Grievous Injury,Hit pedestrian,Controlled,Straight and flat,Two way,Bitumen(Tar),Dry,Not Applicable,Clear,Koramangal 80ft road,2,2KM,12.925355,77.633637,0,0,0.0,0.0
Bengaluru City,Adugodi Traffic PS,1.04432e+16,2019,1,2,Road Accidents,Cross roads,City/Town,Near office complex,Human Error,No,Grievous Injury,Vehicle to Vehicle,Not at  Junction,Straight and flat,Two way,Bitumen(Tar),Dry,Not Applicable,Clear,17th B Main Road,2,4KM,12.935292,77.621036,0,0,0.0,0.0
Bengaluru City,Adugodi Traffic PS,1.04432e+16,2019,1,1,Road Accidents,Not Applicable,City/Town,At pedestrian Crossing,Human Error,No,Grievous Injury,Hit pedestrian,Not at  Junction,Others,Two way,Concrete,Dry,No influence on accident,Clear,Hosur Lashkar road,2,100M,0.0,0.0,0,0,0.0,0.0
Bengaluru City,Adugodi Traffic PS,1.04432e+16,2019,1,1,Road Accidents,Offset,City/Town,Near office complex,Human Error,No,Grievous Injury,Hit pedestrian,Not at  Junction,Straight and flat,One way,Bitumen(Tar),Dry,Not Applicable,Clear,"Koramangala 1st  block, 1st Main road",2,4KM,0.0,0.0,0,0,0.0,0.0
Bengaluru City,Adugodi Traffic PS,1.04432e+16,2020,1,2,Road Accidents,Not Applicable,City/Town,Open area,Human Error,Yes,Grievous Injury,Vehicle to Vehicle,Not at  Junction,Straight and flat,Two way,Bitumen(Tar),Dry,Not Applicable,Clear,"Bannerughatta Main Road, In front of Auto Car Paradise Show Room Lakkasandra",1,2KM,0.0,0.0,0,0,0.0,0.0
Bengaluru City,Adugodi Traffic PS,1.04432e+16,2020,1,2,Road Accidents,Not Applicable,City/Town,Open area,Human Error,Yes,Grievous Injury,Vehicle to Vehicle,No signal lights,Others,Two way,Bitumen(Tar),Dry,Not Applicable,Clear,Koramangala 80 feet Peripheral road,4,3km,0.0,0.0,0,0,0.0,0.0
Bengaluru City,Adugodi Traffic PS,1.04432e+16,2020,1,2,Road Accidents,Junction,City/Town,Open area,Human Error,Yes,Grievous Injury,Vehicle to Vehicle,No signal lights,Straight and flat,Two way,Concrete,Dry,Not Applicable,Clear,"Hosur Lashkar Main Road, Near Veterinary Hospital. Opp Mahalingeshwara Badavane, Adugodi",2,1km,0.0,0.0,0,0,0.0,0.0
Bengaluru City,Adugodi Traffic PS,1.04432e+16,2020,1,2,Road Accidents,Not Applicable,City/Town,Near a factory industrial area,Human Error,No,Grievous Injury,Vehicle to Vehicle,Uncontrolled,Straight and flat,Two way,Bitumen(Tar),Dry,No influence on accident,Clear,"Bannerughatta Main Road, Near Granite Palace Marbal Shop",1,1,0.0,0.0,0,0,0.0,0.0
Bengaluru City,Adugodi Traffic PS,1.04432e+16,2020,1,2,Road Accidents,Not Applicable,City/Town,Near office complex,Human Error,Yes,Damage Only,Vehicle to Vehicle,Not at  Junction,Straight and flat,One way,Concrete,Dry,No influence on accident,Clear,kormangal 60 feat road,4,2km,0.0,0.0,0,0,0.0,0.0
Bengaluru City,Adugodi Traffic PS,1.04432e+16,2020,1,2,Road Accidents,Junction,City/Town,Open area,Human Error,No,Grievous Injury,Vehicle to Vehicle,Controlled,Straight and flat,Two way,Bitumen(Tar),Dry,Not Applicable,Clear,Sarjapura main road,4,2km,12.92747,77.621042,0,0,0.0,0.0
Bengaluru City,Adugodi Traffic PS,1.04432e+16,2020,1,2,Road Accidents,Junction,City/Town,Open area,Human Error,No,Simple Injury,Vehicle to Vehicle,Controlled,Straight and flat,Two way,Concrete,Dry,Not Applicable,Clear,"Koramangala 80ft Main Road, Near IBP Signal, In Front Of Dominos Pizza Shop",2,3,12.940502,77.620214,0,0,0.0,0.0
Bengaluru City,Adugodi Traffic PS,1.04432e+16,2020,1,2,Road Accidents,Junction,City/Town,Open area,Human Error,No,Grievous Injury,Vehicle to Vehicle,Controlled,Straight and flat,Two way,Bitumen(Tar),Dry,Not Applicable,Clear,Sarjapura main road,4,4km,0.0,0.0,0,0,0.0,0.0
Bengaluru City,Adugodi Traffic PS,1.04432e+16,2020,1,2,Road Accidents,Offset,City/Town,Open area,Human Error,Yes,Grievous Injury,Vehicle to Vehicle,Not at  Junction,Straight and flat,Two way,Concrete,Dry,No influence on accident,Clear,Hosur Lashakra Road,3,1km,0.0,0.0,0,0,0.0,0.0
Bengaluru City,Adugodi Traffic PS,1.04432e+16,2020,1,1,Road Accidents,Not Applicable,City/Town,Open area,Human Error,No,Grievous Injury,Hit pedestrian,Not at  Junction,Straight and flat,Others,Bitumen(Tar),Dry,Not Applicable,Clear,Rajendra Nagar 13th Cross Road,5,3km,12.946772,77.618646,0,0,0.0,0.0
Bengaluru City,Adugodi Traffic PS,1.04432e+16,2020,1,2,Road Accidents,Not Applicable,City/Town,Open area,Human Error,Yes,Grievous Injury,Vehicle to Vehicle,Not at  Junction,Straight and flat,Two way,Bitumen(Tar),Dry,No influence on accident,Clear,k,4,3km,0.0,0.0,0,0,0.0,0.0
Bengaluru City,Adugodi Traffic PS,1.04432e+16,2020,1,1,Road Accidents,Not Applicable,City/Town,Open area,Human Error,No,Grievous Injury,Hit pedestrian,Not at  Junction,Straight and flat,Two way,Concrete,Dry,Not Applicable,Clear,Hosur Laskar Road,3,1km,0.0,0.0,0,0,0.0,0.0
Bengaluru City,Adugodi Traffic PS,1.04432e+16,2020,1,2,Road Accidents,Junction,City/Town,Open area,Human Error,No,Damage Only,Vehicle to Vehicle,Controlled,Straight and flat,Two way,Bitumen(Tar),Dry,No influence on accident,Clear,Sarjapura main road,2,4km,12.924855,77.633574,0,0,0.0,0.0
Bengaluru City,Adugodi Traffic PS,1.04432e+16,2020,1,2,Road Accidents,Junction,City/Town,Open area,Human Error,Yes,Grievous Injury,Vehicle to Vehicle,Controlled,Straight and flat,Two way,Concrete,Dry,No influence on accident,Fine,80feet road koramangala,1,2KM,0.0,0.0,0,0,0.0,0.0
Bengaluru City,Adugodi Traffic PS,1.04432e+16,2020,1,2,Road Accidents,Narrow road,City/Town,Open area,Human Error,Yes,Grievous Injury,Vehicle to Vehicle,No signal lights,Straight and flat,One way,Bitumen(Tar),Dry,No influence on accident,Clear,Sarjapura main road,5,3km,0.0,0.0,0,0,0.0,0.0
Bengaluru City,Adugodi Traffic PS,1.04432e+16,2020,1,2,Road Accidents,Offset,City/Town,Open area,Human Error,No,Damage Only,Vehicle to Vehicle,No signal lights,Straight and flat,Two way,Bitumen(Tar),Dry,Not Applicable,Clear,"Bannerughatta Main Road, In front of Auto Car Paradise Show Room Lakkasandra",3,2,0.0,0.0,0,0,0.0,0.0
Bengaluru City,Adugodi Traffic PS,1.04432e+16,2020,1,2,Road Accidents,Not Applicable,City/Town,Open area,Human Error,Yes,Grievous Injury,Vehicle to Vehicle,Controlled,Straight and flat,Two way,Bitumen(Tar),Dry,No influence on accident,Clear,80 Feet Road,1,3km,0.0,0.0,0,0,0.0,0.0
Bengaluru City,Adugodi Traffic PS,1.04432e+16,2020,1,2,Road Accidents,Junction,City/Town,Open area,Not Applicable,No,Damage Only,Vehicle to Vehicle,Uncontrolled,Incline,Others,Concrete,Dry,Not Applicable,Fine,Hosur laskar road,Near Hop comes,CAR,0.0,0.0,0,0,0.0,0.0
Bengaluru City,Adugodi Traffic PS,1.04432e+16,2020,1,1,Road Accidents,Junction,City/Town,Residential area,Human Error,No,Grievous Injury,Not Applicable,Uncontrolled,Straight and flat,Others,Surfaced,Dry,No influence on accident,Fine,"Koramangala 6th Block, 19th Main, Near 4th Cross",1,1,0.0,0.0,0,0,,
Bengaluru City,Adugodi Traffic PS,1.04432e+16,2020,1,2,Road Accidents,Not Applicable,City/Town,Open area,Human Error,No,Grievous Injury,Vehicle to Vehicle,Not Applicable,Steep Incline or Climb,Two way,Concrete,Dry,No influence on accident,Clear,Hosur Lashakra Road,2,1km,0.0,0.0,0,0,0.0,0.0
Bengaluru City,Adugodi Traffic PS,1.04432e+16,2020,1,1,Road Accidents,Not Applicable,City/Town,Open area,Human Error,No,Simple Injury,Hit pedestrian,Not at  Junction,Straight and flat,Two way,Bitumen(Tar),Dry,No influence on accident,Clear,"Bannerughatta Main Road, In front of Auto Car Paradise Show Room Lakkasandra",1,2km,0.0,0.0,0,0,0.0,0.0
Bengaluru City,Adugodi Traffic PS,1.04432e+16,2020,1,1,Road Accidents,Not Applicable,City/Town,Near Hospital,Human Error,No,Grievous Injury,Hit pedestrian,Not at  Junction,Straight and flat,One way,Bitumen(Tar),Dry,Not Applicable,Clear,Sarjapura main road,5,3km,0.0,0.0,0,0,0.0,0.0
Bengaluru City,Adugodi Traffic PS,1.04432e+16,2020,1,2,Road Accidents,Not Applicable,City/Town,Open area,Human Error,No,Grievous Injury,Vehicle to Vehicle,Not at  Junction,Straight and flat,Two way,Bitumen(Tar),Dry,Not Applicable,Clear,L.R Nagara Nagar 1st Main Raod,5,2km,0.0,0.0,0,0,0.0,0.0
Bengaluru City,Adugodi Traffic PS,1.04432e+16,2020,1,1,Road Accidents,Not Applicable,City/Town,Open area,Human Error,Yes,Fatal,Hit pedestrian,Not at  Junction,Straight and flat,Two way,Bitumen(Tar),Dry,Not Applicable,Clear,Bannerughatta Main Road,4,2km,0.0,0.0,0,0,0.0,0.0
Bengaluru City,Adugodi Traffic PS,1.04432e+16,2020,1,2,Road Accidents,Not Applicable,City/Town,Open area,Human Error,Yes,Grievous Injury,Vehicle to Vehicle,No signal lights,Hump,Two way,Concrete,Dry,No influence on accident,Clear,"Hosur Lashkar Main Road, Near Veterinary Hospital. Opp Mahalingeshwara Badavane, Adugodi",1,02km,0.0,0.0,0,0,0.0,0.0
Bengaluru City,Adugodi Traffic PS,1.04432e+16,2020,1,2,Road Accidents,Junction,City/Town,Near Petrol Pump,Human Error,Yes,Grievous Injury,Vehicle to Vehicle,Uncontrolled,Straight and flat,One way,Concrete,Dry,No influence on accident,Fine,"Near Harley Davidson Shoroom, Koramangal 80 Feet Road, Koramangala",1,1,0.0,0.0,0,0,0.0,0.0
Bengaluru City,Adugodi Traffic PS,1.04432e+16,2020,1,2,Road Accidents,Junction,City/Town,Open area,Human Error,Yes,Grievous Injury,Vehicle to Vehicle,Controlled,Straight and flat,Two way,Bitumen(Tar),Dry,Not Applicable,Clear,Sarjapura main road,Near St Johns Hospital,2km,12.9275253,77.6208927,0,0,0.0,0.0
Bengaluru City,Adugodi Traffic PS,1.04432e+16,2020,1,1,Road Accidents,Not Applicable,City/Town,Open area,Human Error,No,Fatal,Hit pedestrian,Not at  Junction,Straight and flat,Two way,Concrete,Dry,No influence on accident,Clear,Hosur Laskar Road,4,100m,0.0,0.0,0,0,0.0,0.0
Bengaluru City,Adugodi Traffic PS,1.04432e+16,2020,1,1,Road Accidents,Cross roads,City/Town,Open area,Human Error,Yes,Grievous Injury,Hit pedestrian,Not at  Junction,Straight and flat,Two way,Bitumen(Tar),Dry,No influence on accident,Clear,Koramangala 80 feet Peripheral road,3,2KM,0.0,0.0,0,0,0.0,0.0
Bengaluru City,Adugodi Traffic PS,1.04432e+16,2021,1,2,Road Accidents,Cross roads,City/Town,Residential area,Human Error,No,Grievous Injury,Vehicle to Vehicle,Not at  Junction,Straight and flat,Two way,Bitumen(Tar),Dry,Not Applicable,Clear,kormangal 3rd blak,Near St Johns Hospital,3km,0.0,0.0,0,0,0.0,0.0
Bengaluru City,Adugodi Traffic PS,1.04432e+16,2021,1,2,Road Accidents,Not Applicable,City/Town,Near Hospital,Not Applicable,No,Grievous Injury,Vehicle to Vehicle,Not at  Junction,Others,Others,Concrete,Dry,Not Applicable,Clear,Bannerugatta road,venkateshwar Hospital,1,0.0,0.0,0,0,0.0,0.0
Bengaluru City,Adugodi Traffic PS,1.04432e+16,2021,1,2,Road Accidents,Junction,City/Town,Near Hospital,Human Error,Yes,Grievous Injury,Vehicle to Vehicle,Controlled,Others,Two way,Concrete,Dry,Drainage Ditch,Clear,80feet road koramangala,1,1,12.940455,77.620258,4,0,0.0,4.0
Bengaluru City,Adugodi Traffic PS,1.04432e+16,2021,1,2,Road Accidents,Not Applicable,City/Town,Near Bus stop,Human Error,No,Fatal,Vehicle to Vehicle,Not at  Junction,Straight and flat,Two way,Concrete,Dry,Not Applicable,Clear,Hosur Lashakra Road,Near Hop comes,100m,0.0,0.0,0,0,0.0,0.0
Bengaluru City,Adugodi Traffic PS,1.04432e+16,2021,1,1,Road Accidents,Not Applicable,City/Town,At pedestrian Crossing,Human Error,Yes,Grievous Injury,Hit pedestrian,Not Applicable,Straight and flat,Two way,Concrete,Dry,Not Applicable,Clear,80feet road koramangala,Near HDFC Bank,4km,12.926926,77.63367,0,0,0.0,0.0
Bengaluru City,Adugodi Traffic PS,1.04432e+16,2021,1,2,Road Accidents,Not Applicable,City/Town,Near Bus stop,Human Error,No,Grievous Injury,Vehicle to Vehicle,Not Applicable,Others,Two way,Concrete,Dry,Not Applicable,Clear,hosur lasar road,BOscoh company gate,1,12.946206,77.607014,0,0,0.0,0.0
Bengaluru City,Adugodi Traffic PS,1.04432e+16,2021,1,1,Road Accidents,Not Applicable,City/Town,Open area,Human Error,No,Grievous Injury,Not Applicable,Not at  Junction,Straight and flat,Two way,Bitumen(Tar),Dry,No influence on accident,Clear,Bannerughatta Main Road,3,2KM,0.0,0.0,0,0,0.0,0.0
Bengaluru City,Adugodi Traffic PS,1.04432e+16,2021,1,2,Road Accidents,Not Applicable,City/Town,Open area,Human Error,No,Grievous Injury,Vehicle to Vehicle,Not at  Junction,Straight and flat,Two way,Bitumen(Tar),Dry,Not Applicable,Clear,Sarjapura main road,4,3,0.0,0.0,0,0,0.0,0.0
Bengaluru City,Adugodi Traffic PS,1.04432e+16,2021,1,2,Road Accidents,Junction,City/Town,Near office complex,Human Error,No,Damage Only,Vehicle to Vehicle,Controlled,Straight and flat,Two way,Concrete,Dry,Not Applicable,Clear,hosur lasar road,forum mal,1,0.0,0.0,0,0,0.0,0.0
Bengaluru City,Adugodi Traffic PS,1.04432e+16,2021,1,2,Road Accidents,Not Applicable,City/Town,Open area,Human Error,No,Grievous Injury,Vehicle to Vehicle,Not at  Junction,Straight and flat,Two way,Bitumen(Tar),Dry,Not Applicable,Clear,"Koramangala 6th  block, 5th Cross road",1,2km,0.0,0.0,0,0,0.0,0.0
Bengaluru City,Adugodi Traffic PS,1.04432e+16,2021,1,2,Road Accidents,Junction,City/Town,Open area,Not Applicable,No,Grievous Injury,Vehicle to Vehicle,Police / Manual,Others,Others,Concrete,Dry,Drainage Ditch,Clear,Hosur Lashakra Road,Police station,0.5,12.937089,77.607982,4,0,0.0,4.0
Bengaluru City,Adugodi Traffic PS,1.04432e+16,2021,1,6,Road Accidents,Curves,City/Town,Open area,Human Error,No,Simple Injury,Vehicle to Vehicle,Not Applicable,Straight and flat,One way,Concrete,Dry,Not Applicable,Clear,Y.D.Matha Road,3,2km,0.0,0.0,0,0,0.0,0.0
Bengaluru City,Adugodi Traffic PS,1.04432e+16,2021,1,2,Road Accidents,Junction,City/Town,Near School or College,Human Error,No,Grievous Injury,Vehicle to Vehicle,No signal lights,Straight and flat,Two way,Concrete,Dry,Not Applicable,Clear,"80feet Main Road, Near Wipro Signal, 1st Cross, Koramangala",BUS STOP,0.5,0.0,0.0,0,0,0.0,0.0
Bengaluru City,Adugodi Traffic PS,1.04432e+16,2021,1,1,Road Accidents,Bottleneck,City/Town,Near office complex,Human Error,No,Fatal,Not Applicable,Not at  Junction,Curve,Two way,Concrete,Dry,Not Applicable,Clear,"80feet road, Koramangala",peter england showroom,2km,0.0,0.0,0,0,0.0,0.0
Bengaluru City,Adugodi Traffic PS,1.04432e+16,2021,1,2,Road Accidents,Junction,City/Town,Near School or College,Human Error,Yes,Grievous Injury,Vehicle to Vehicle,Controlled,Others,Others,Bitumen(Tar),Dry,Not Applicable,Clear,Hosur Lashakra Road,venkateshwar Hospital,1,0.0,0.0,0,0,0.0,0.0
Bengaluru City,Adugodi Traffic PS,1.04432e+16,2021,1,1,Road Accidents,Not Applicable,City/Town,Open area,Human Error,No,Grievous Injury,Not Applicable,Not at  Junction,Straight and flat,Two way,Bitumen(Tar),Dry,Not Applicable,Clear,kormangal 100 feat road,Near Bank of baroda,4km,12.935863,77.625139,0,0,0.0,0.0
Bengaluru City,Adugodi Traffic PS,1.04432e+16,2021,1,2,Road Accidents,Curves,City/Town,Open area,Human Error,No,Damage Only,Vehicle to Vehicle,Controlled,Straight and flat,Two way,Concrete,Dry,Not Applicable,Clear,Hosur Lashakra Road,Near Hop comes,1,0.0,0.0,0,0,0.0,0.0
Bengaluru City,Adugodi Traffic PS,1.04432e+16,2021,1,1,Road Accidents,Not Applicable,City/Town,Near Bus stop,Human Error,No,Grievous Injury,Hit pedestrian,Not at  Junction,Straight and flat,Two way,Concrete,Dry,Not Applicable,Clear,Hosur Laskar Road,Near St Johns Hospital,1,0.0,0.0,0,0,0.0,0.0
Bengaluru City,Adugodi Traffic PS,1.04432e+16,2022,1,2,Road Accidents,Junction,City/Town,Near Hospital,Human Error,No,Grievous Injury,Hit bicyclist,Signal lights Automatic,Straight and flat,Two way,Concrete,Dry,Not Applicable,Clear,Kormangal sarjapura main road,BUS STOP,3,0.0,0.0,0,0,0.0,0.0
Bengaluru City,Adugodi Traffic PS,1.04432e+16,2022,1,2,Road Accidents,Junction,City/Town,Open area,Human Error,No,Grievous Injury,Vehicle to Vehicle,Controlled,Straight and flat,Two way,Bitumen(Tar),Dry,Not Applicable,Clear,Hosur Lashkar road,Krupanidhi Junction,3 km,0.0,0.0,0,0,0.0,0.0
Bengaluru City,Adugodi Traffic PS,1.04432e+16,2022,1,2,Road Accidents,Narrow road,City/Town,Near Petrol Pump,Not Applicable,No,Grievous Injury,Vehicle to Vehicle,Not Applicable,Others,Two way,Bitumen(Tar),Dry,Drainage Ditch,Clear,"80feeRoad, Koramangala",1,02 km,13.093267,77.56204,4,0,0.0,4.0
Bengaluru City,Adugodi Traffic PS,1.04432e+16,2022,1,2,Road Accidents,Not Applicable,City/Town,Near Bus stop,Human Error,No,Grievous Injury,Vehicle to Vehicle,Not at  Junction,Others,Two way,Bitumen(Tar),Dry,Not Applicable,Clear,80 feet Road Koramangala,1,1,0.0,0.0,0,0,0.0,0.0
Bengaluru City,Adugodi Traffic PS,1.04432e+16,2022,1,2,Road Accidents,Junction,City/Town,Near Hospital,Not Applicable,Yes,Fatal,Vehicle to Vehicle,Controlled,Others,Minor District Road,Bitumen(Tar),Dry,Drainage Ditch,Cloudy,Sarjapura main road koramangala,st Johns Hospital,100M,12.927551,77.621047,4,0,0.0,4.0
Bengaluru City,Adugodi Traffic PS,1.04432e+16,2022,1,1,Road Accidents,Not Applicable,City/Town,Open area,Human Error,No,Fatal,Hit pedestrian,Not at  Junction,Straight and flat,Arterial,Concrete,Dry,No influence on accident,Clear,Hosuru Lashkar Road,Near Ganesha Uphara Hotel,100 m,0.0,0.0,0,0,0.0,0.0
Bengaluru City,Adugodi Traffic PS,1.04432e+16,2022,1,1,Road Accidents,Not Applicable,City/Town,Open area,Human Error,No,Grievous Injury,Hit pedestrian,Not at  Junction,Straight and flat,Major District Road,Concrete,Dry,No influence on accident,Clear,"80 feet road, 1st Block, Koramangala",Near Savitha Hotel,2 km,0.0,0.0,0,0,0.0,0.0
Bengaluru City,Adugodi Traffic PS,1.04432e+16,2022,1,1,Road Accidents,Cross roads,City/Town,Near Hospital,Human Error,Yes,Grievous Injury,Not Applicable,No signal lights,Others,Others,Bitumen(Tar),Dry,Not Applicable,Clear,Sarjapura main road koramangala,2,500mtr,0.0,0.0,0,0,0.0,0.0
Bengaluru City,Adugodi Traffic PS,1.04432e+16,2022,1,2,Road Accidents,Cross roads,City/Town,Near Petrol Pump,Not Applicable,No,Grievous Injury,Vehicle to Vehicle,Not Applicable,Others,Two way,Bitumen(Tar),Dry,Not Applicable,Clear,"80feeRoad, Koramangala",IBP Petrol bunk,100M,12.939212,77.625754,0,0,0.0,0.0