DISTRICTNAME,UNITNAME,Crime_No,Year,RI,Noofvehicle_involved,Accident_Classification,Accident_Spot,Accident_Location,Accident_SubLocation,Main_Cause,Hit_Run,Severity,Collision_Type,Junction_Control,Road_Character,Road_Type,Surface_Type,Surface_Condition,Road_Condition,Weather,Accident_Road,Landmark_first,Distance_LandMark_First,Latitude,Longitude,Road_Condition_Score,Surface_Condition_Score,Surface_Type_Score,Road_Risk_Index
Bengaluru City,Adugodi Traffic PS,1.04432e+16,2022,1,1,Road Accidents,Not Applicable,City/Town,Near Hospital,Human Error,No,Grievous Injury,Hit pedestrian,Not at  Junction,Straight and flat,Arterial,Concrete,Dry,No influence on accident,Clear,Sarjapura main road,Near St jhons hospital Main Gate,2 km,12.928894,77.617294,0,0,0.0,0.0
Bengaluru City,Adugodi Traffic PS,1.04432e+16,2022,1,2,Road Accidents,Narrow road,City/Town,Near Bus stop,Human Error,No,Grievous Injury,Vehicle to Vehicle,No signal lights,Others,Others,Concrete,Dry,Drainage Ditch,Clear,Forum Mall Junction Bus Stop,4,0.2,0.0,0.0,4,0,0.0,4.0
Bengaluru City,Adugodi Traffic PS,1.04432e+16,2022,1,2,Road Accidents,Junction,City/Town,Open area,Human Error,Yes,Grievous Injury,Vehicle to Vehicle,Signal lights Automatic,Straight and flat,Arterial,Bitumen(Tar),Dry,No influence on accident,Clear,sarjapura Main Road,At koramangala Water Tank Junction,2 km,0.0,0.0,0,0,0.0,0.0
Bengaluru City,Adugodi Traffic PS,1.04432e+16,2022,1,1,Road Accidents,Cross roads,City/Town,Near Hospital,Human Error,Yes,Grievous Injury,Hit pedestrian,Not at  Junction,Others,Two way,Concrete,Dry,Not Applicable,Clear,Hosur Lashakra Road,2,2,0.0,0.0,0,0,0.0,0.0
Bengaluru City,Adugodi Traffic PS,1.04432e+16,2022,1,1,Road Accidents,Not Applicable,City/Town,Open area,Human Error,No,Fatal,Hit pedestrian,Not at  Junction,Straight and flat,Arterial,Concrete,Dry,No influence on accident,Clear,Sarjapura Main Road,Near St Johns Hospital Main Gate,1 km,0.0,0.0,0,0,0.0,0.0
Bengaluru City,Adugodi Traffic PS,1.04432e+16,2022,1,2,Road Accidents,Not Applicable,City/Town,Open area,Human Error,Yes,Grievous Injury,Vehicle to Vehicle,Controlled,Straight and flat,Arterial,Bitumen(Tar),Dry,No influence on accident,Clear,"80 feet Road, Koramangala",Near NGV Back Gate,2 Km,0.0,0.0,0,0,0.0,0.0
Bengaluru City,Adugodi Traffic PS,1.04432e+16,2022,1,1,Road Accidents,Narrow road,City/Town,Near Hospital,Human Error,No,Fatal,Hit pedestrian,Not Applicable,Not Applicable,Others,Concrete,Dry,Not Applicable,Clear,sarjapura Main Roa Kormangala,Sarjapura Main Road Kormangala,1,0.0,0.0,0,0,0.0,0.0
Bengaluru City,Adugodi Traffic PS,1.04432e+16,2022,1,2,Road Accidents,Curves,City/Town,Near Bus stop,Human Error,No,Simple Injury,Vehicle to Vehicle,Controlled,Curve and Incline,Minor District Road,Bitumen(Tar),Dry,Drainage Ditch,Clear,100feet inner ring road Koramangala,1,100M,0.0,0.0,4,0,0.0,4.0
Bengaluru City,Adugodi Traffic PS,1.04432e+16,2022,1,1,Road Accidents,Narrow road,City/Town,Near Bus stop,Human Error,Yes,Grievous Injury,Hit pedestrian,Not at  Junction,Straight and flat,Two way,Concrete,Dry,Not Applicable,Clear,Hosur Lashakra Road,BUS STOP,2km,0.0,0.0,0,0,0.0,0.0
Bengaluru City,Adugodi Traffic PS,1.04432e+16,2022,1,1,Road Accidents,Not Applicable,City/Town,Near Hospital,Not Applicable,No,Simple Injury,Hit pedestrian,Not Applicable,Others,Major District Road,Concrete,Dry,Drainage Ditch,Clear,Sarjapura main road,1,0.2,0.0,0.0,4,0,0.0,4.0
Bengaluru City,Adugodi Traffic PS,1.04432e+16,2022,1,2,Road Accidents,Not Applicable,City/Town,Near Bus stop,Not Applicable,Yes,Simple Injury,Vehicle to Vehicle,Not at  Junction,Others,Two way,Bitumen(Tar),Dry,Not Applicable,Cloudy,Mico Link Road Adugodi,1,1,0.0,0.0,0,0,0.0,0.0
Bengaluru City,Adugodi Traffic PS,1.04432e+16,2022,1,2,Road Accidents,Not Applicable,City/Town,Open area,Human Error,Yes,Fatal,Vehicle to Vehicle,Uncontrolled,Straight and flat,Arterial,Concrete,Dry,No influence on accident,Clear,Hosur Lashakra Road,Near Bosch Company Gate,500m,0.0,0.0,0,0,0.0,0.0
Bengaluru City,Adugodi Traffic PS,1.04432e+16,2022,1,1,Road Accidents,Not Applicable,City/Town,Near Bus stop,Human Error,Yes,Fatal,Hit pedestrian,Not at  Junction,Straight and flat,Arterial,Concrete,Dry,Not Applicable,Fine,Adugodi main Raod,NEAR SBI BANK,1 KM,12.943619,77.607686,0,0,0.0,0.0
Bengaluru City,Adugodi Traffic PS,1.04432e+16,2022,1,1,Road Accidents,Not Applicable,City/Town,Open area,Not Applicable,No,Grievous Injury,Hit pedestrian,Not at  Junction,Straight and flat,Arterial,Bitumen(Tar),Dry,Not Applicable,Cloudy,hosur main road adugodi,1,1,0.0,0.0,0,0,0.0,0.0
Bengaluru City,Adugodi Traffic PS,1.04432e+16,2022,1,1,Road Accidents,Junction,City/Town,Open area,Human Error,No,Grievous Injury,Hit pedestrian,Police / Manual,Others,Two way,Bitumen(Tar),Dry,Not Applicable,Clear,100 Feet Road Kormangala,1,1,0.0,0.0,0,0,0.0,0.0
Bengaluru City,Adugodi Traffic PS,1.04432e+16,2022,1,1,Road Accidents,Not Applicable,City/Town,Open area,Human Error,Yes,Grievous Injury,Hit pedestrian,Not at  Junction,Straight and flat,Arterial,Concrete,Dry,No influence on accident,Clear,Hosuru Lashkar Road,Near NDRI Gate,300 m,0.0,0.0,0,0,0.0,0.0
Bengaluru City,Adugodi Traffic PS,1.04432e+16,2022,1,2,Road Accidents,Narrow road,City/Town,Open area,Human Error,No,Simple Injury,Vehicle to Vehicle,Not at  Junction,Not Applicable,Two way,Concrete,Dry,Not Applicable,Cloudy,hosur main road adugodi,1,1,12.946777,77.606786,0,0,0.0,0.0
Bengaluru City,Adugodi Traffic PS,1.04432e+16,2022,1,3,Road Accidents,Junction,City/Town,Near Hospital,Not Applicable,Not Applicable,Damage Only,Vehicle to Vehicle,Signal lights Automatic,Not Applicable,Others,Concrete,Dry,Not Applicable,Fine,"Sarjapura main road, sent jhons hospital",st Johns Hospital,0.2,12.928819,77.617435,0,0,0.0,0.0
Bengaluru City,Adugodi Traffic PS,1.04432e+16,2022,1,1,Road Accidents,Narrow road,City/Town,Near Hospital,Human Error,No,Grievous Injury,Hit pedestrian,No signal lights,Others,Major District Road,Concrete,Dry,Drainage Ditch,Cloudy,Kormangal sarjapura main road,st Johns Hospital,1,12.928814,77.617617,4,0,0.0,4.0
Bengaluru City,Adugodi Traffic PS,1.04432e+16,2022,1,1,Road Accidents,Not Applicable,City/Town,Open area,Not Applicable,No,Grievous Injury,Hit pedestrian,Not Applicable,Others,Minor District Road,Concrete,Dry,Drainage Ditch,Clear,"Hosur Lashkar Main Road, Near Veterinary Hospital. Opp Mahalingeshwara Badavane, Adugodi",adugodi Junction,2,0.0,0.0,4,0,0.0,4.0
Bengaluru City,Adugodi Traffic PS,1.04432e+16,2022,1,2,Road Accidents,Not Applicable,City/Town,Residential area,Human Error,Yes,Simple Injury,Vehicle to Vehicle,Not at  Junction,Straight and flat,Two way,Bitumen(Tar),Dry,Not Applicable,Clear,1st Block Koramangala,2,3km,0.0,0.0,0,0,0.0,0.0
Bengaluru City,Adugodi Traffic PS,1.04432e+16,2022,1,3,Road Accidents,Not Applicable,City/Town,Open area,Human Error,No,Damage Only,Vehicle to Vehicle,Not at  Junction,Straight and flat,Two way,Concrete,Dry,No influence on accident,Clear,"Hosur Lashkar Main Road, Near Veterinary Hospital. Opp Mahalingeshwara Badavane, Adugodi",Near Forum Mall,500 m,0.0,0.0,0,0,0.0,0.0
Bengaluru City,Adugodi Traffic PS,1.04432e+16,2022,1,2,Road Accidents,Junction,City/Town,Near Bus stop,Human Error,No,Grievous Injury,Vehicle to Vehicle,Signal lights Automatic,Curve,Major District Road,Bitumen(Tar),Dry,Not Applicable,Clear,Koramangala,Aishwaiya Junction,100M,0.0,0.0,0,0,0.0,0.0
Bengaluru City,Adugodi Traffic PS,1.04432e+16,2022,1,2,Road Accidents,Junction,City/Town,Near Hospital,Human Error,No,Grievous Injury,Vehicle to Vehicle,Signal lights Automatic,Others,Two way,Bitumen(Tar),Dry,Not Applicable,Clear,sarjapura Main Roa Kormangala,1,1,0.0,0.0,0,0,0.0,0.0
Bengaluru City,Adugodi Traffic PS,1.04432e+16,2022,1,1,Road Accidents,Junction,City/Town,Near Hospital,Not Applicable,Yes,Grievous Injury,Not Applicable,Stop sign,Others,Minor District Road,Bitumen(Tar),Dry,Not Applicable,Others,Sarjapura main road koramangala,BUS STOP,1,12.929531,77.615819,0,0,0.0,0.0
Bengaluru City,Adugodi Traffic PS,1.04432e+16,2022,1,1,Road Accidents,Not Applicable,City/Town,Near Bus stop,Not Applicable,Yes,Fatal,Hit pedestrian,Not Applicable,Others,Major District Road,Concrete,Dry,Not Applicable,Clear,hosur main road adugodi,1,1,0.0,0.0,0,0,0.0,0.0
Bengaluru City,Adugodi Traffic PS,1.04432e+16,2022,1,2,Road Accidents,Junction,City/Town,Open area,Human Error,No,Grievous Injury,Vehicle to Vehicle,Police / Manual,Others,Two way,Bitumen(Tar),Dry,Not Applicable,Clear,80 feet Road Koramangala,1,1,0.0,0.0,0,0,0.0,0.0
Bengaluru City,Adugodi Traffic PS,1.04432e+16,2022,1,2,Road Accidents,Curves,City/Town,Open area,Human Error,No,Damage Only,Vehicle to Vehicle,No signal lights,Straight and flat,Others,Bitumen(Tar),Dry,Not Applicable,Clear,Lakkasandra 19th Cross Road,2,2km,0.0,0.0,0,0,0.0,0.0
Bengaluru City,Adugodi Traffic PS,1.04432e+16,2022,1,1,Road Accidents,Junction,City/Town,Open area,Human Error,No,Grievous Injury,Hit pedestrian,Police / Manual,Straight and flat,Two way,Bitumen(Tar),Dry,No influence on accident,Clear,"80feet Main Road,",Near Ambadker Statue,2km,0.0,0.0,0,0,0.0,0.0
Bengaluru City,Adugodi Traffic PS,1.04432e+16,2022,1,3,Road Accidents,Curves,City/Town,Open area,Not Applicable,No,Damage Only,Vehicle to Vehicle,Not Applicable,Dip or trough,Others,Not Applicable,Dry,Not Applicable,Clear,Koramangala,1,4,0.0,0.0,0,0,0.0,0.0
Bengaluru City,Adugodi Traffic PS,1.04432e+16,2022,1,1,Road Accidents,Cross roads,City/Town,Open area,Not Applicable,No,Grievous Injury,Hit bicyclist,Not Applicable,Curve and Incline,Two way,Concrete,Dry,Not Applicable,Cloudy,Koramangala 7th cross Road,1,1,12.930531,77.626293,0,0,0.0,0.0
Bengaluru City,Adugodi Traffic PS,1.04432e+16,2022,1,2,Road Accidents,Not Applicable,City/Town,Open area,Human Error,No,Grievous Injury,Vehicle to Vehicle,Not at  Junction,Others,Two way,Bitumen(Tar),Dry,Not Applicable,Clear,8th Main Koramangala 3rd Block,1,1,0.0,0.0,0,0,0.0,0.0
Bengaluru City,Adugodi Traffic PS,1.04432e+16,2023,1,2,Road Accidents,Not Applicable,City/Town,Open area,Human Error,No,Damage Only,Vehicle to Vehicle,Signal lights Automatic,Straight and flat,Arterial,Bitumen(Tar),Dry,No influence on accident,Clear,"100 Feet road, Sony world Junction",At Sony world Junction,2 km,0.0,0.0,0,0,0.0,0.0
Bengaluru City,Adugodi Traffic PS,1.04432e+16,2023,1,2,Road Accidents,Junction,City/Town,Near Bus stop,Human Error,Yes,Damage Only,Vehicle to Vehicle,Police / Manual,Others,Two way,Bitumen(Tar),Dry,Not Applicable,Cloudy,sarjapura Main Roa Kormangala,1,1,0.0,0.0,0,0,0.0,0.0
Bengaluru City,Adugodi Traffic PS,1.04432e+16,2023,1,2,Road Accidents,Junction,City/Town,Near Petrol Pump,Human Error,No,Damage Only,Vehicle to Vehicle,Police / Manual,Others,Two way,Bitumen(Tar),Dry,Not Applicable,Clear,80 feet Road Koramangala,80 Feet Road Kormangala,1,0.0,0.0,0,0,0.0,0.0
Bengaluru City,Adugodi Traffic PS,1.04432e+16,2023,1,2,Road Accidents,Junction,City/Town,Near office complex,Human Error,Yes,Grievous Injury,Vehicle to Vehicle,Signal lights Automatic,Not Applicable,Major District Road,Bitumen(Tar),Dry,Not Applicable,Clear,100 Feet Road Kormangala,100 Ft Road Kormangala,1,12.931473,77.622572,0,0,0.0,0.0
Bengaluru City,Adugodi Traffic PS,1.04432e+16,2023,1,2,Road Accidents,Not Applicable,City/Town,Open area,Human Error,No,Damage Only,Vehicle to Vehicle,Not Applicable,Not Applicable,Others,Bitumen(Tar),Dry,Not Applicable,Clear,KMF Dairy Adugodi Bangalaore,KMF Dairy,1,12.940121,77.603274,0,0,0.0,0.0
Bengaluru City,Adugodi Traffic PS,1.04432e+16,2023,1,1,Road Accidents,Not Applicable,City/Town,Near Bus stop,Human Error,Yes,Grievous Injury,Hit pedestrian,Not Applicable,Others,Two way,Bitumen(Tar),Dry,Not Applicable,Others,hosur main road adugodi,hosur main road adugodi,1,0.0,0.0,0,0,0.0,0.0
Bengaluru City,Adugodi Traffic PS,1.04432e+16,2023,1,1,Road Accidents,Not Applicable,City/Town,Near a factory industrial area,Human Error,No,Fatal,Hit pedestrian,Not Applicable,Not Applicable,Others,Bitumen(Tar),Dry,Not Applicable,Clear,KMF Dairy Adugodi Bangalaore,1,1,0.0,0.0,0,0,0.0,0.0
Bengaluru City,Adugodi Traffic PS,1.04432e+16,2023,1,1,Road Accidents,Not Applicable,City/Town,Open area,Human Error,Yes,Grievous Injury,Hit pedestrian,Not at  Junction,Straight and flat,Arterial,Concrete,Dry,No influence on accident,Clear,Hosuru Lashkar Road,Near KEB Office,1 km,12.932391,77.613466,0,0,0.0,0.0
Bengaluru City,Adugodi Traffic PS,1.04432e+16,2023,1,2,Road Accidents,Not Applicable,City/Town,Open area,Human Error,No,Grievous Injury,Vehicle to Vehicle,Not at  Junction,Straight and flat,Arterial,Bitumen(Tar),Dry,No influence on accident,Clear,Sarjapura main road koramangala,Near kudare mukha colony,2km,0.0,0.0,0,0,0.0,0.0
Bengaluru City,Adugodi Traffic PS,1.04432e+16,2023,1,1,Road Accidents,Not Applicable,City/Town,Open area,Human Error,No,Grievous Injury,Hit pedestrian,Not at  Junction,Straight and flat,Arterial,Concrete,Dry,No influence on accident,Clear,sarjapura Main Roa Kormangala,Infront Of St Johns Hospital Main Gate,2 km,12.928911,77.617475,0,0,0.0,0.0
Bengaluru City,Adugodi Traffic PS,1.04432e+16,2023,1,2,Road Accidents,Not Applicable,City/Town,Open area,Human Error,No,Damage Only,Vehicle to Vehicle,Not at  Junction,Curve,Arterial,Concrete,Dry,No influence on accident,Clear,"Koramangala 8th Block, 3rd cross Road",Near Twisted Tiyara LLP Company,1.5 km,12.94144,77.62072,0,0,0.0,0.0
Bengaluru City,Adugodi Traffic PS,1.04432e+16,2023,1,1,Road Accidents,Not Applicable,City/Town,Open area,Human Error,Yes,Grievous Injury,Hit pedestrian,Not at  Junction,Straight and flat,Major District Road,Bitumen(Tar),Dry,No influence on accident,Clear,"80 feet Road, Koramangala",Near BMW Bike Showroom,2km,12.93535,77.628738,0,0,0.0,0.0
Bengaluru City,Adugodi Traffic PS,1.04432e+16,2023,1,2,Road Accidents,Junction,City/Town,Open area,Human Error,No,Grievous Injury,Vehicle to Vehicle,Signal lights Automatic,Others,Major District Road,Bitumen(Tar),Dry,Not Applicable,Clear,100 Feet Road Kormangala,100 Ft Road Kormangala,1,12.936839,77.627022,0,0,0.0,0.0
Bengaluru City,Adugodi Traffic PS,1.04432e+16,2023,1,1,Road Accidents,Not Applicable,City/Town,Near Hospital,Human Error,No,Grievous Injury,Hit pedestrian,Not Applicable,Not Applicable,Two way,Bitumen(Tar),Dry,Not Applicable,Clear,sarjapura Main Road Kormangala (Sarvice Road),1,1,12.925082,77.63398,0,0,0.0,0.0
Bengaluru City,Adugodi Traffic PS,1.04432e+16,2023,1,1,Road Accidents,Cross roads,City/Town,Near Bus stop,Human Error,No,Grievous Injury,Hit pedestrian,Not at  Junction,Others,Two way,Bitumen(Tar),Dry,Not Applicable,Clear,sarjapura Main Roa Kormangala,1,1,0.0,0.0,0,0,0.0,0.0
Bengaluru City,Adugodi Traffic PS,1.04432e+16,2023,1,2,Road Accidents,Junction,City/Town,Near School or College,Human Error,Yes,Grievous Injury,Vehicle to Vehicle,Police / Manual,Others,Two way,Bitumen(Tar),Dry,Not Applicable,Clear,8th Main Koramangala 3rd Block,1,1,0.0,0.0,0,0,0.0,0.0
Bengaluru City,Adugodi Traffic PS,1.04432e+16,2023,1,2,Road Accidents,Narrow road,City/Town,Near Bus stop,Human Error,No,Simple Injury,Vehicle to Vehicle,Not Applicable,Others,Two way,Concrete,Dry,Not Applicable,Cloudy,hosur main road adugodi,hosur main road adugodi,1,0.0,0.0,0,0,0.0,0.0
Bengaluru City,Adugodi Traffic PS,1.04432e+16,2023,1,2,Road Accidents,Not Applicable,City/Town,In bazaar,Human Error,No,Damage Only,Vehicle to Vehicle,Not Applicable,Others,Major District Road,Bitumen(Tar),Dry,Not Applicable,Clear,80 feet Road Koramangala,1,1,0.0,0.0,0,0,0.0,0.0
Bengaluru City,Adugodi Traffic PS,1.04432e+16,2023,1,2,Road Accidents,Not Applicable,City/Town,Near office complex,Human Error,Yes,Fatal,Vehicle to Vehicle,Not Applicable,Not Applicable,Others,Concrete,Dry,Not Applicable,Clear,Mico Link Road Adugodi,Mico Link Road,1,0.0,0.0,0,0,0.0,0.0
Bengaluru City,Adugodi Traffic PS,1.04432e+16,2023,1,2,Road Accidents,Curves,City/Town,Near Bus stop,Human Error,No,Grievous Injury,Vehicle to Vehicle,Not at  Junction,Others,Two way,Concrete,Dry,Not Applicable,Clear,hosur main road adugodi,hosur main road adugodi,1,0.0,0.0,0,0,0.0,0.0
Bengaluru City,Adugodi Traffic PS,1.04432e+16,2023,1,1,Road Accidents,Not Applicable,City/Town,Open area,Human Error,No,Grievous Injury,Hit bicyclist,Not at  Junction,Others,Two way,Bitumen(Tar),Dry,Not Applicable,Clear,1st Block Main Road Near Wipro Park,1,1,0.0,0.0,0,0,0.0,0.0
Bengaluru City,Adugodi Traffic PS,1.04432e+16,2023,1,2,Road Accidents,Not Applicable,City/Town,Open area,Human Error,No,Grievous Injury,Vehicle to Vehicle,Not Applicable,Not Applicable,Two way,Bitumen(Tar),Dry,Not Applicable,Clear,Bannerughatta Main Road  Adugodi,B G Road,1,12.946139,77.602489,0,0,0.0,0.0
Bengaluru City,Adugodi Traffic PS,1.04432e+16,2023,1,2,Road Accidents,Not Applicable,City/Town,Near School or College,Human Error,No,Grievous Injury,Vehicle to Vehicle,Not at  Junction,Others,Two way,Bitumen(Tar),Dry,Not Applicable,Clear,sarjapura Main Road Kormangala,Sarjapura Main Road Kormangala,1,0.0,0.0,0,0,0.0,0.0
Bengaluru City,Adugodi Traffic PS,1.04432e+16,2023,1,1,Road Accidents,Not Applicable,City/Town,Open area,Human Error,No,Grievous Injury,Hit pedestrian,Not at  Junction,Straight and flat,Arterial,Bitumen(Tar),Dry,No influence on accident,Clear,Koramangal 80ft road,Near Chinlung Retorant,2 km,12.931935,77.632306,0,0,0.0,0.0
Bengaluru City,Adugodi Traffic PS,1.04432e+16,2023,1,1,Road Accidents,Narrow road,City/Town,Near Bus stop,Human Error,No,Fatal,Hit pedestrian,Not at  Junction,Others,Two way,Concrete,Dry,Not Applicable,Clear,hosur main road adugodi,hosur main road adugodi,1,0.0,0.0,0,0,0.0,0.0
Bengaluru City,Adugodi Traffic PS,1.04432e+16,2023,1,1,Road Accidents,Narrow road,City/Town,In bazaar,Human Error,Yes,Simple Injury,Hit pedestrian,Not Applicable,Others,Others,Concrete,Dry,Not Applicable,Others,hosur main road adugodi,hosur main road adugodi,1,0.0,0.0,0,0,0.0,0.0
Bengaluru City,Adugodi Traffic PS,1.04432e+16,2023,1,2,Road Accidents,Not Applicable,City/Town,Open area,Human Error,No,Grievous Injury,Vehicle to Vehicle,Not Applicable,Others,Two way,Bitumen(Tar),Dry,Not Applicable,Clear,80 feet Road Koramangala,1,1,0.0,0.0,0,0,0.0,0.0
Bengaluru City,Adugodi Traffic PS,1.04432e+16,2023,1,3,Road Accidents,Junction,City/Town,Open area,Human Error,No,Damage Only,Vehicle to Vehicle,Not Applicable,Others,Others,Concrete,Dry,Not Applicable,Clear,Mico Link Road Adugodi,Mico Link Road,1,0.0,0.0,0,0,0.0,0.0
Bengaluru City,Adugodi Traffic PS,1.04432e+16,2023,1,1,Road Accidents,Not Applicable,City/Town,Open area,Human Error,No,Grievous Injury,Vehicle to Vehicle,Not Applicable,Others,Two way,Concrete,Dry,Not Applicable,Clear,hosur main road adugodi,hosur main road adugodi,2 km,0.0,0.0,0,0,0.0,0.0
Bengaluru City,Adugodi Traffic PS,1.04432e+16,2023,1,1,Road Accidents,Narrow road,City/Town,Open area,Human Error,No,Not Applicable,Hit pedestrian,Not at  Junction,Not Applicable,Others,Concrete,Dry,Not Applicable,Clear,hosur main road adugodi,hosur main road adugodi,1,0.0,0.0,0,0,0.0,0.0
Bengaluru City,Adugodi Traffic PS,1.04432e+16,2023,1,2,Road Accidents,Not Applicable,City/Town,Near Bus stop,Human Error,No,Fatal,Vehicle to Vehicle,Not at  Junction,Not Applicable,Two way,Bitumen(Tar),Dry,Not Applicable,Clear,sarjapura Main Roa Kormangala,Sarjapura Main Road Kormangala,1,0.0,0.0,0,0,0.0,0.0
Bengaluru City,Adugodi Traffic PS,1.04432e+16,2023,1,2,Road Accidents,Narrow road,City/Town,Near School or College,Human Error,Yes,Fatal,Vehicle to Vehicle,Not at  Junction,Not Applicable,Two way,Bitumen(Tar),Dry,Not Applicable,Clear,8th Main Koramangala 3rd Block,8th Main Koramangala 3rd Block,1,0.0,0.0,0,0,0.0,0.0
Bengaluru City,Adugodi Traffic PS,1.04432e+16,2023,1,1,Road Accidents,Not Applicable,City/Town,Open area,Human Error,No,Fatal,Hit pedestrian,Not at  Junction,Straight and flat,Arterial,Bitumen(Tar),Dry,No influence on accident,Clear,sarjapura Main Roa Kormangala,Near St jhons hospital Main Gate,2 km,12.929133,77.616604,0,0,0.0,0.0
Bengaluru City,Adugodi Traffic PS,1.04432e+16,2023,1,2,Road Accidents,Junction,City/Town,Near Hospital,Human Error,Yes,Fatal,Vehicle to Vehicle,Controlled,Others,Major District Road,Bitumen(Tar),Dry,Not Applicable,Clear,sarjapura Main Roa Kormangala,Sarjapura Main Road Kormangala,1,12.927567,77.62091,0,0,0.0,0.0
Bengaluru City,Adugodi Traffic PS,1.04432e+16,2023,1,1,Road Accidents,Cross roads,City/Town,Open area,Human Error,Yes,Grievous Injury,Hit pedestrian,Not at  Junction,Straight and flat,Residential Street,Bitumen(Tar),Dry,No influence on accident,Clear,Middle Road of Sharavathi and Cauvery Block,Near Bhuna s Beauty Parlour,2 km,0.0,0.0,0,0,0.0,0.0
Bengaluru City,Adugodi Traffic PS,1.04432e+16,2023,1,2,Road Accidents,Not Applicable,City/Town,Open area,Human Error,No,Grievous Injury,Vehicle to Vehicle,Not at  Junction,Others,Others,Bitumen(Tar),Dry,Not Applicable,Clear,17th A Main Kormangala,1,1,0.0,0.0,0,0,0.0,0.0
Bengaluru City,Adugodi Traffic PS,1.04432e+16,2023,1,2,Road Accidents,Not Applicable,City/Town,Open area,Human Error,Yes,Grievous Injury,Hit pedestrian,Not at  Junction,Straight and flat,Arterial,Bitumen(Tar),Dry,No influence on accident,Clear,Sarjapura main road koramangala,Near Atic Space Building,3 Km,12.924496,77.638649,0,0,0.0,0.0
Bengaluru City,Adugodi Traffic PS,1.04432e+16,2023,1,2,Road Accidents,Narrow road,City/Town,Open area,Human Error,Yes,Grievous Injury,Vehicle to Vehicle,Not at  Junction,Not Applicable,Two way,Bitumen(Tar),Dry,Not Applicable,Clear,6th Block Kormangala Rama temple Road,1,1,12.940703,77.626854,0,0,0.0,0.0
Bengaluru City,Adugodi Traffic PS,1.04432e+16,2023,1,1,Road Accidents,Junction,City/Town,Near Bus stop,Human Error,No,Grievous Injury,Not Applicable,Police / Manual,Hump,Major District Road,Concrete,Dry,Not Applicable,Clear,80 feet Road Koramangala,1,1,0.0,0.0,0,0,0.0,0.0
Bengaluru City,Adugodi Traffic PS,1.04432e+16,2023,1,1,Road Accidents,Not Applicable,City/Town,Near office complex,Human Error,No,Fatal,Not Applicable,Not at  Junction,Not Applicable,Not Applicable,Bitumen(Tar),Dry,Not Applicable,Clear,100 Feet Road Kormangala,1,1,0.0,0.0,0,0,0.0,0.0
Bengaluru City,Adugodi Traffic PS,1.04432e+16,2023,1,1,Road Accidents,Junction,City/Town,Open area,Human Error,No,Simple Injury,Not Applicable,Signal lights Blinking,Others,Two way,Bitumen(Tar),Dry,Not Applicable,Clear,80 feet Road Koramangala,80 Feet Road Kormangala,1,0.0,0.0,0,0,0.0,0.0
Bengaluru City,Adugodi Traffic PS,1.04432e+16,2023,1,3,Road Accidents,Junction,City/Town,Open area,Human Error,No,Grievous Injury,Vehicle to Vehicle,Controlled,Others,Major District Road,Bitumen(Tar),Dry,Not Applicable,Clear,100 Feet Road Kormangala,1,1,12.935277,77.62442,0,0,0.0,0.0
Bengaluru City,Adugodi Traffic PS,1.04432e+16,2023,1,2,Road Accidents,Not Applicable,City/Town,Open area,Human Error,No,Grievous Injury,Vehicle to Vehicle,Not Applicable,Others,Two way,Concrete,Dry,Not Applicable,Clear,hosur main road adugodi,hosur main road adugodi,1,0.0,0.0,0,0,0.0,0.0
Bengaluru City,Adugodi Traffic PS,1.04432e+16,2023,1,2,Road Accidents,Not Applicable,City/Town,Open area,Human Error,Yes,Grievous Injury,Vehicle to Vehicle,Not Applicable,Not Applicable,Two way,Not Applicable,Dry,Not Applicable,Clear,80 feet Road Koramangala,1,1,0.0,0.0,0,0,0.0,0.0
Bengaluru City,Adugodi Traffic PS,1.04432e+16,2023,1,4,Road Accidents,Not Applicable,City/Town,In bazaar,Human Error,No,Simple Injury,Vehicle to Vehicle,Not at  Junction,Others,Two way,Bitumen(Tar),Dry,Not Applicable,Clear,100 Feet Road Kormangala,100 Ft Road Kormangala,1,12.937786,77.627892,0,0,0.0,0.0
Bengaluru City,Adugodi Traffic PS,1.04432e+16,2023,1,2,Not Applicable,Not Applicable,City/Town,Open area,Human Error,Yes,Grievous Injury,Vehicle to Vehicle,Not Applicable,Not Applicable,Major District Road,Concrete,Dry,Not Applicable,Clear,hosur main road adugodi,hosur main road adugodi,1,0.0,0.0,0,0,0.0,0.0
Bengaluru City,Adugodi Traffic PS,1.04432e+16,2023,1,2,Road Accidents,Narrow road,City/Town,Open area,Human Error,No,Grievous Injury,Vehicle to Vehicle,Not Applicable,Not Applicable,Two way,Bitumen(Tar),Dry,Not Applicable,Clear,Club Road Kormangala,1,1,0.0,0.0,0,0,0.0,0.0