DISTRICTNAME,UNITNAME,Crime_No,Year,RI,Noofvehicle_involved,Accident_Classification,Accident_Spot,Accident_Location,Accident_SubLocation,Main_Cause,Hit_Run,Severity,Collision_Type,Junction_Control,Road_Character,Road_Type,Surface_Type,Surface_Condition,Road_Condition,Weather,Accident_Road,Landmark_first,Distance_LandMark_First,Latitude,Longitude,Road_Condition_Score,Surface_Condition_Score,Surface_Type_Score,Road_Risk_Index
Bengaluru City,Adugodi Traffic PS,1.04432e+16,2023,1,1,Road Accidents,Not Applicable,City/Town,Open area,Human Error,No,Grievous Injury,Hit pedestrian,Controlled,Straight and flat,Arterial,Bitumen(Tar),Dry,No influence on accident,Clear,Koramngala 80 feet road 100 feet road jn,At Sony world Junction,2 km,12.937419,77.626825,0,0,0.0,0.0
Bengaluru City,Adugodi Traffic PS,1.04432e+16,2023,1,1,Road Accidents,Narrow road,City/Town,Open area,Human Error,No,Grievous Injury,Hit pedestrian,Not Applicable,Not Applicable,Major District Road,Concrete,Dry,Not Applicable,Clear,hosur main road adugodi,hosur main road adugodi,1,12.948392,77.606295,0,0,0.0,0.0
Bengaluru City,Adugodi Traffic PS,1.04432e+16,2023,1,1,Road Accidents,Not Applicable,City/Town,Open area,Human Error,No,Grievous Injury,Hit pedestrian,Not at  Junction,Not Applicable,Major District Road,Bitumen(Tar),Dry,Not Applicable,Clear,sarjapura Main Road Kormangala,Sarjapura Main Road Kormangala,1,12.924845,77.637935,0,0,0.0,0.0
Bengaluru City,Adugodi Traffic PS,1.04432e+16,2023,1,4,Road Accidents,Not Applicable,City/Town,Open area,Human Error,Yes,Simple Injury,Vehicle to Vehicle,Not at  Junction,Straight and flat,Residential Street,Bitumen(Tar),Dry,No influence on accident,Clear,"18th Main road, 6th Block , Koramangala",Near Priya Dental Clinic,3 km,0.0,0.0,0,0,0.0,0.0
Bengaluru City,Adugodi Traffic PS,1.04432e+16,2023,1,2,Road Accidents,Narrow road,City/Town,Near School or College,Human Error,No,Simple Injury,Vehicle to Vehicle,Not at  Junction,Not Applicable,Two way,Bitumen(Tar),Dry,Not Applicable,Clear,Adugodi Main Road Bazer Street,Adugodi Main Road Bazer Street,1,0.0,0.0,0,0,0.0,0.0
Bengaluru City,Adugodi Traffic PS,1.04432e+16,2023,1,2,Road Accidents,Not Applicable,City/Town,Open area,Human Error,No,Damage Only,Vehicle to Vehicle,Not at  Junction,Not Applicable,Two way,Bitumen(Tar),Dry,Not Applicable,Clear,Kormangala 5th Block Road,1,1,0.0,0.0,0,0,0.0,0.0
Bengaluru City,Adugodi Traffic PS,1.04432e+16,2023,1,2,Road Accidents,Narrow road,City/Town,Open area,Human Error,No,Simple Injury,Vehicle to Vehicle,Not at  Junction,Others,Others,Bitumen(Tar),Dry,Not Applicable,Clear,100 Feet Road Kormangala,100 Ft Road Kormangala,1,12.937835,77.627854,0,0,0.0,0.0
Bengaluru City,Adugodi Traffic PS,1.04432e+16,2023,1,2,Road Accidents,Not Applicable,City/Town,Open area,Human Error,No,Grievous Injury,Vehicle to Vehicle,No signal lights,Straight and flat,Major District Road,Bitumen(Tar),Dry,No influence on accident,Clear,Koramangala 80 feet Road,Near BMW Byke Show Room,2 km,12.935353,77.628738,0,0,0.0,0.0
Bengaluru City,Adugodi Traffic PS,1.04432e+16,2023,1,2,Road Accidents,Not Applicable,City/Town,Near Hospital,Human Error,No,Damage Only,Vehicle to Vehicle,Not at  Junction,Others,Two way,Bitumen(Tar),Dry,Not Applicable,Clear,Bannerughatta Main Road  Adugodi,1,1,0.0,0.0,0,0,0.0,0.0
Bengaluru City,Adugodi Traffic PS,1.04432e+16,2023,1,1,Road Accidents,Not Applicable,City/Town,Open area,Human Error,No,Fatal,Hit pedestrian,Not Applicable,Not Applicable,Two way,Bitumen(Tar),Dry,Not Applicable,Clear,80 feet Road Koramangala,80 Feet Road Kormangala,1,0.0,0.0,0,0,0.0,0.0
Bengaluru City,Adugodi Traffic PS,1.04432e+16,2023,1,2,Road Accidents,Circle,City/Town,Open area,Human Error,No,Grievous Injury,Vehicle to Vehicle,Not Applicable,Others,Major District Road,Concrete,Dry,Not Applicable,Others,hosur main road adugodi,1,1,0.0,0.0,0,0,0.0,0.0
Bengaluru City,Adugodi Traffic PS,1.04432e+16,2023,1,2,Road Accidents,Junction,City/Town,Near office complex,Human Error,Yes,Grievous Injury,Vehicle to Vehicle,Controlled,Others,Two way,Bitumen(Tar),Dry,Not Applicable,Clear,100 Feet Road Kormangala,1,1,0.0,0.0,0,0,0.0,0.0
Bengaluru City,Adugodi Traffic PS,1.04432e+16,2023,1,2,Road Accidents,Not Applicable,City/Town,Open area,Human Error,No,Damage Only,Vehicle to Vehicle,Not Applicable,Others,Two way,Bitumen(Tar),Dry,Not Applicable,Clear,100 Feet Road Kormangala,100 Ft Road Kormangala,1,0.0,0.0,0,0,0.0,0.0
Bengaluru City,Adugodi Traffic PS,1.04432e+16,2023,1,1,Road Accidents,Not Applicable,City/Town,Near School or College,Human Error,No,Grievous Injury,Hit pedestrian,Not at  Junction,Others,Two way,Bitumen(Tar),Dry,Not Applicable,Clear,Kormangala,Kormangala,1,12.933309,77.62547,0,0,0.0,0.0
Bengaluru City,Airport Traffic PS,1.04432e+16,2016,1,1,Road Accidents,Other,City/Town,Near Bus stop,Human Error,Yes,Fatal,Hit pedestrian,Uncontrolled,Straight and flat,Others,Bitumen(Tar),Dry,No influence on accident,Fine,"Outer Ring Road Main Road, Near J.P Morgun Company Kadubisanahalli",A to B,10,0.0,0.0,0,0,0.0,0.0
Bengaluru City,Airport Traffic PS,1.04432e+16,2016,1,1,Road Accidents,Other,City/Town,Near a religious place,Human Error,No,Fatal,Hit fixed object,Uncontrolled,Straight and flat,City or Town Road,Bitumen(Tar),Dry,No influence on accident,Fine,"Varthur Main Road, Near HAL Borwell Bus Stop, Sri Anjaneya Temple",A to B,60,12.57327,77.41304,0,0,0.0,0.0
Bengaluru City,Airport Traffic PS,1.04432e+16,2016,1,2,Road Accidents,Junction,City/Town,Near Bus stop,Human Error,Yes,Grievous Injury,Side swipe,Signal lights Automatic,Straight and flat,City or Town Road,Bitumen(Tar),Dry,No influence on accident,Fine,"Varthur Road Main Road, Near S.D Road Airport Road Signal, Near HAL Main Gate",A to B,8,12.57479,77.39997,0,0,0.0,0.0
Bengaluru City,Airport Traffic PS,1.04432e+16,2016,1,2,Road Accidents,Other,City/Town,Residential area,Human Error,Yes,Grievous Injury,Right Turn Collision,Uncontrolled,Straight and flat,Others,Bitumen(Tar),Dry,No influence on accident,Fine,Croma Show Room Back Road Kadubisanahalli,A to B,50,0.0,0.0,0,0,0.0,0.0
Bengaluru City,Airport Traffic PS,1.04432e+16,2016,1,2,Road Accidents,Other,City/Town,Narrow bridge or culverts,Human Error,No,Simple Injury,Side swipe,Uncontrolled,Others,City or Town Road,Concrete,Dry,No influence on accident,Fine,Outer Ring Road Main Road Near Kadubisanahalli  Under Pass,A to B,50,12.56383,77.41718,0,0,0.0,0.0
Bengaluru City,Airport Traffic PS,1.04432e+16,2016,1,1,Road Accidents,Other,City/Town,Residential area,Human Error,No,Damage Only,Hit fixed object,Uncontrolled,Straight and flat,City or Town Road,Bitumen(Tar),Dry,No influence on accident,Fine,"Panathur Main Road Near Prime Lavender Apartment, Kadubisanahalli",A to B,25,12.56247,77.4213,0,0,0.0,0.0
Bengaluru City,Airport Traffic PS,1.04432e+16,2016,1,1,Road Accidents,Other,City/Town,Near Bus stop,Human Error,No,Simple Injury,Hit pedestrian,Uncontrolled,Others,City or Town Road,Bitumen(Tar),Dry,No influence on accident,Fine,"Varthur And Airport Main Road, Suranjan Das  Road Junction , HAL",A to B,1,12.57479,77.39997,0,0,0.0,0.0
Bengaluru City,Airport Traffic PS,1.04432e+16,2016,1,2,Road Accidents,Other,City/Town,Near a factory industrial area,Human Error,No,Simple Injury,Head on,Uncontrolled,Straight and flat,City or Town Road,Bitumen(Tar),Dry,No influence on accident,Fine,"Yamalur Main Road, Near Logica Software Company",A to B,1,12.57035,77.4138,0,0,0.0,0.0
Bengaluru City,Airport Traffic PS,1.04432e+16,2016,1,1,Road Accidents,Other,City/Town,Near a recreation place/cinema,Human Error,No,Fatal,Hit pedestrian,Uncontrolled,Straight and flat,City or Town Road,Bitumen(Tar),Dry,No influence on accident,Fine,"Old Airport Main Road, Near Rajeswari Theatre, Konena Agrahara",A to B,55,12.57561,77.39643,0,0,0.0,0.0
Bengaluru City,Airport Traffic PS,1.04432e+16,2016,1,2,Road Accidents,Other,City/Town,Near a factory industrial area,Human Error,No,Grievous Injury,Head on,Uncontrolled,Straight and flat,City or Town Road,Bitumen(Tar),Dry,Not Applicable,Fine,Doddanekkundi Main Road Near HAL East Extinction Back Gate  Turning,A to B,26,12.57838,77.41507,0,0,0.0,0.0
Bengaluru City,Airport Traffic PS,1.04432e+16,2016,1,2,Road Accidents,Bridge,Not Applicable,Narrow bridge or culverts,Human Error,No,Simple Injury,Side swipe,Uncontrolled,Straight and flat,City or Town Road,Bitumen(Tar),Dry,No influence on accident,Fine,"Outer Road Main Road, Near Kadubisanahalli Under Pass",A to B,60,12.56383,77.41718,0,0,0.0,0.0
Bengaluru City,Airport Traffic PS,1.04432e+16,2016,1,2,Road Accidents,Junction,City/Town,Near Bus stop,Human Error,No,Grievous Injury,Side swipe,Signal lights Automatic,Straight and flat,City or Town Road,Bitumen(Tar),Dry,No influence on accident,Fine,"Airport Main Road, Near S.D Road Road Signal, Near HAL Main Gate",A to B,30,12.57505,77.40009,0,0,0.0,0.0
Bengaluru City,Airport Traffic PS,1.04432e+16,2016,1,1,Road Accidents,Other,City/Town,Near School or College,Human Error,Yes,Fatal,Hit pedestrian,Uncontrolled,Straight and flat,City or Town Road,Bitumen(Tar),Dry,No influence on accident,Fine,"Old Airport Main Road Near Vishweshwaraiah Collage , Murugesh Palya",A to B,5,0.0,0.0,0,0,0.0,0.0
Bengaluru City,Airport Traffic PS,1.04432e+16,2016,1,2,Road Accidents,Other,City/Town,Near School or College,Human Error,No,Damage Only,Rear end,Uncontrolled,Straight and flat,City or Town Road,Bitumen(Tar),Dry,No influence on accident,Fine,"Varthur Main Road Near Navapragna School, Kundalahalli",A to B,20,12.57313,77.42741,0,0,0.0,0.0
Bengaluru City,Airport Traffic PS,1.04432e+16,2016,1,2,Road Accidents,T Junction,City/Town,Near Bus stop,Human Error,Yes,Grievous Injury,Head on,Uncontrolled,Straight and flat,City or Town Road,Bitumen(Tar),Dry,No influence on accident,Fine,Varthur Main Road Near HAL Post Office Junction,A to B,30,12.57399,77.40099,0,0,0.0,0.0
Bengaluru City,Airport Traffic PS,1.04432e+16,2016,1,2,Road Accidents,Other,City/Town,Near office complex,Human Error,No,Grievous Injury,Rear end,Uncontrolled,Others,City or Town Road,Bitumen(Tar),Dry,No influence on accident,Fine,Varthur Main Road In Between HAL Cargo Complex And  HAL 26 ED Division,A to B,1,12.57434,77.40623,0,0,0.0,0.0
Bengaluru City,Airport Traffic PS,1.04432e+16,2016,1,2,Road Accidents,Other,City/Town,Open area,Human Error,Yes,Simple Injury,Head on,Uncontrolled,Straight and flat,Others,Bitumen(Tar),Dry,No influence on accident,Fine,"Varthur Main Road Near Borwell Turn, HAL",A to B,1,0.0,0.0,0,0,0.0,0.0
Bengaluru City,Airport Traffic PS,1.04432e+16,2016,1,3,Road Accidents,Junction,City/Town,Near Bus stop,Human Error,No,Damage Only,Rear end,Uncontrolled,Straight and flat,City or Town Road,Bitumen(Tar),Dry,No influence on accident,Fine,"Old Airport Main Road Near Vishweshwaraiah College, Murugesh Palya",A to B,1,12.57552,77.39505,0,0,0.0,0.0
Bengaluru City,Airport Traffic PS,1.04432e+16,2016,1,1,Road Accidents,Other,City/Town,Residential area,Human Error,Yes,Fatal,Hit pedestrian,Uncontrolled,Straight and flat,Others,Bitumen(Tar),Dry,No influence on accident,Fine,"Devarabisanahalli Main Road, Near Sri Ayappa Temple, Ambedkar Nagara",A to B,1,12.55618,77.41617,0,0,0.0,0.0
Bengaluru City,Airport Traffic PS,1.04432e+16,2016,1,1,Road Accidents,Other,City/Town,Near Hospital,Human Error,Yes,Fatal,Hit pedestrian,No signal lights,Others,Others,Bitumen(Tar),Dry,No influence on accident,Clear,1234,1,2,12.57639,77.42063,0,0,0.0,0.0
Bengaluru City,Airport Traffic PS,1.04432e+16,2016,1,2,Road Accidents,Other,City/Town,Near office complex,Human Error,No,Grievous Injury,Head on,No signal lights,Others,Others,Bitumen(Tar),Ditch or Potholed,No influence on accident,Clear,"Outer Ring road,Near Kadubisanahalli",1,6,12.943187,77.697475,0,5,0.0,5.0
Bengaluru City,Airport Traffic PS,1.04432e+16,2016,1,1,Road Accidents,Other,City/Town,Near Bus stop,Human Error,No,Simple Injury,Others,No signal lights,Others,Others,Bitumen(Tar),Dry,No influence on accident,Clear,1,1,12,0.0,0.0,0,0,0.0,0.0
Bengaluru City,Airport Traffic PS,1.04432e+16,2016,1,1,Road Accidents,Other,City/Town,Near Bus stop,Human Error,No,Grievous Injury,Hit pedestrian,Uncontrolled,Straight and flat,City or Town Road,Bitumen(Tar),Dry,No influence on accident,Fine,"Varthur Main Road, Marathahalli Bridge Junction",A to B,40,12.57388,77.42058,0,0,0.0,0.0
Bengaluru City,Airport Traffic PS,1.04432e+16,2016,1,3,Road Accidents,Other,City/Town,Near Bus stop,Human Error,Yes,Grievous Injury,Rear end,Uncontrolled,Straight and flat,City or Town Road,Bitumen(Tar),Dry,No influence on accident,Fine,"Varthur Main Road, Near Kundalahalli Gate Signal, In Front Of Bullet Service Point and Chowdeswari K",A to B,14,12.57357,77.42855,0,0,0.0,0.0
Bengaluru City,Airport Traffic PS,1.04432e+16,2016,1,2,Road Accidents,Other,City/Town,Near office complex,Human Error,Yes,Grievous Injury,Rear end,Uncontrolled,Straight and flat,City or Town Road,Bitumen(Tar),Dry,No influence on accident,Fine,Outer Ring Road Main Road Near New Horizen Collage And Wal Mart Labs Devarabisanahalli,A to B,46,0.0,0.0,0,0,0.0,0.0
Bengaluru City,Airport Traffic PS,1.04432e+16,2016,1,1,Road Accidents,Other,City/Town,Near Hospital,Human Error,Yes,Simple Injury,Hit and Run,Uncontrolled,Straight and flat,City or Town Road,Bitumen(Tar),Dry,No influence on accident,Fine,"Outer Ring Road Main Road Near Jeevika Hospital, Karthikanagara",A to B,1,0.0,0.0,0,0,0.0,0.0
Bengaluru City,Airport Traffic PS,1.04432e+16,2016,1,2,Road Accidents,Other,City/Town,Near a factory industrial area,Human Error,Yes,Grievous Injury,Side swipe,Uncontrolled,Straight and flat,City or Town Road,Bitumen(Tar),Dry,No influence on accident,Fine,Outer Ring Road Main Road Near Embassy Tech Park Village Devarabisanahalli,A to B,30,0.0,0.0,0,0,0.0,0.0
Bengaluru City,Airport Traffic PS,1.04432e+16,2016,1,2,Road Accidents,Other,City/Town,Near Bus stop,Human Error,No,Simple Injury,Rear end,Uncontrolled,Straight and flat,City or Town Road,Bitumen(Tar),Dry,No influence on accident,Fine,Old Airport Main Road Near IAM Office Air force HAL,A to B,1,12.57542,77.39841,0,0,0.0,0.0
Bengaluru City,Airport Traffic PS,1.04432e+16,2016,1,1,Road Accidents,Other,City/Town,Near Hospital,Human Error,No,Grievous Injury,Hit pedestrian,Uncontrolled,Others,City or Town Road,Bitumen(Tar),Dry,No influence on accident,Fine,"Outer Ring Road Main Road Near Jeevika Hospital, Opposite Reliance Fresh Shop, Karthikanagara",A to B,40,12.57934,77.42121,0,0,0.0,0.0
Bengaluru City,Airport Traffic PS,1.04432e+16,2016,1,1,Road Accidents,Other,City/Town,Near Bus stop,Human Error,No,Simple Injury,Hit pedestrian,No signal lights,Others,Others,Bitumen(Tar),Dry,No influence on accident,Clear,a,1,2,0.0,0.0,0,0,0.0,0.0
Bengaluru City,Airport Traffic PS,1.04432e+16,2016,1,1,Road Accidents,Other,City/Town,In bazaar,Human Error,No,Not Applicable,Hit pedestrian,No signal lights,Others,One way,Bitumen(Tar),Dry,No influence on accident,Others,a,1,1,12.57866,12.57866,0,0,0.0,0.0
Bengaluru City,Airport Traffic PS,1.04432e+16,2016,1,1,Road Accidents,Other,City/Town,At pedestrian Crossing,Human Error,No,Damage Only,Others,No signal lights,Not Applicable,Not Applicable,Bitumen(Tar),Dry,No influence on accident,Clear,a,A to B,2,0.0,0.0,0,0,0.0,0.0
Bengaluru City,Airport Traffic PS,1.04432e+16,2016,1,2,Road Accidents,Other,City/Town,Near office complex,Human Error,Yes,Grievous Injury,Side swipe,Uncontrolled,Straight and flat,City or Town Road,Bitumen(Tar),Dry,No influence on accident,Fine,"Varthur Main Road, Near HAL Over Hall Division",A to B,35,12.57481,77.40216,0,0,0.0,0.0
Bengaluru City,Airport Traffic PS,1.04432e+16,2016,1,3,Road Accidents,Other,City/Town,Near Petrol Pump,Human Error,No,Simple Injury,Rear end,Uncontrolled,Straight and flat,City or Town Road,Bitumen(Tar),Dry,No influence on accident,Fine,"Airport Main Road, Near Indian Oil Petrol Bunk Kodihalli",A to B,10,12.57574,77.38723,0,0,0.0,0.0
Bengaluru City,Airport Traffic PS,1.04432e+16,2016,1,2,Road Accidents,Other,City/Town,Near office complex,Human Error,Yes,Damage Only,Rear end,Uncontrolled,Straight and flat,City or Town Road,Bitumen(Tar),Dry,No influence on accident,Fine,"Varthur Main Road, Near Over Hal Division HAL",A to B,15,12.57477,77.40299,0,0,0.0,0.0
Bengaluru City,Airport Traffic PS,1.04432e+16,2016,1,2,Road Accidents,Other,City/Town,Near Bus stop,Human Error,No,Damage Only,Rear end,Uncontrolled,Straight and flat,City or Town Road,Bitumen(Tar),Dry,No influence on accident,Fine,Outer Ring Road Main Road Near Marathahalli Bridge Under Pass In Front Of Sri Anjaneya Temple,A to B,30,12.57524,77.42072,0,0,0.0,0.0
Bengaluru City,Airport Traffic PS,1.04432e+16,2016,1,2,Road Accidents,Other,City/Town,Near a religious place,Human Error,No,Grievous Injury,Rear end,Uncontrolled,Straight and flat,City or Town Road,Bitumen(Tar),Dry,No influence on accident,Fine,Varthur Main Road Near Marathahalli Market In Front Of Universal Shop,A to B,22,12.57359,77.41701,0,0,0.0,0.0
Bengaluru City,Airport Traffic PS,1.04432e+16,2016,1,2,Road Accidents,T Junction,City/Town,Near a factory industrial area,Human Error,No,Grievous Injury,Side impact or Right angle,Uncontrolled,Straight and flat,City or Town Road,Bitumen(Tar),Dry,No influence on accident,Fine,Varthur Main Road Near Basavanagara Cross  HAL,A to B,20,12.57283,77.40837,0,0,0.0,0.0
Bengaluru City,Airport Traffic PS,1.04432e+16,2016,1,1,Road Accidents,Other,City/Town,Near Bus stop,Human Error,Yes,Grievous Injury,Hit pedestrian,Uncontrolled,Others,City or Town Road,Bitumen(Tar),Dry,No influence on accident,Fine,"Old Airport Main Road Near Anand Sweets Opp Builders Apartment, Kodihalli",A to B,30,0.0,0.0,0,0,0.0,0.0
Bengaluru City,Airport Traffic PS,1.04432e+16,2016,1,1,Road Accidents,Other,City/Town,Near office complex,Human Error,Yes,Simple Injury,Hit pedestrian,Uncontrolled,Straight and flat,City or Town Road,Bitumen(Tar),Dry,No influence on accident,Fine,"Outer Ring Road Main Road, Near J.P Morgun Company, Kadubisanahalli",A to B,38,12.56535,77.41788,0,0,0.0,0.0
Bengaluru City,Airport Traffic PS,1.04432e+16,2016,1,2,Road Accidents,Other,City/Town,Near office complex,Human Error,Yes,Grievous Injury,Head on,Uncontrolled,Straight and flat,City or Town Road,Bitumen(Tar),Dry,No influence on accident,Fine,Munekolala Main Road Near HDFC Bank,A to B,16,12.57031,77.4244,0,0,0.0,0.0
Bengaluru City,Airport Traffic PS,1.04432e+16,2016,1,1,Road Accidents,Other,City/Town,Near office complex,Human Error,No,Grievous Injury,Hit pedestrian,Uncontrolled,Others,Service Road,Bitumen(Tar),Dry,No influence on accident,Fine,Outer Ring Road Service Road Near Croma Showroom Kadubisanahalli,A to B,1,0.0,0.0,0,0,0.0,0.0
Bengaluru City,Airport Traffic PS,1.04432e+16,2016,1,2,Road Accidents,Other,City/Town,Near Bus stop,Human Error,No,Grievous Injury,Side swipe,Uncontrolled,Straight and flat,City or Town Road,Bitumen(Tar),Dry,No influence on accident,Fine,"Varthur Main Road Near Spice Garden Bus Stop, Munekolalu",A to B,1,12.57357,77.42496,0,0,0.0,0.0
Bengaluru City,Airport Traffic PS,1.04432e+16,2016,1,2,Road Accidents,Other,City/Town,Near Hospital,Human Error,No,Damage Only,Rear end,Uncontrolled,Straight and flat,City or Town Road,Bitumen(Tar),Dry,Not Applicable,Fine,"Outer Ring Road Main Road Near  More Shop, Marathahalli",A to B,18,12.56958,77.41963,0,0,0.0,0.0
Bengaluru City,Airport Traffic PS,1.04432e+16,2016,1,1,Road Accidents,Other,City/Town,Open area,Human Error,No,Damage Only,Right Turn Collision,No signal lights,Others,Others,Bitumen(Tar),Dry,No influence on accident,Clear,Yamaluru Main Road,1,3,0.0,0.0,0,0,0.0,0.0
Bengaluru City,Airport Traffic PS,1.04432e+16,2016,1,3,Road Accidents,Other,City/Town,Near office complex,Human Error,No,Fatal,Head on,Uncontrolled,Straight and flat,City or Town Road,Bitumen(Tar),Dry,No influence on accident,Fine,"Varthur Main Road, Near Helicopter Division, HAL",A to B,20,12.57351,77.40681,0,0,0.0,0.0
Bengaluru City,Airport Traffic PS,1.04432e+16,2016,1,1,Road Accidents,Other,City/Town,Near Hospital,Human Error,No,Fatal,Hit pedestrian,Uncontrolled,Straight and flat,City or Town Road,Bitumen(Tar),Dry,No influence on accident,Fine,"Outer Ring Road Main Road Near Jeevika Hospital, Karthikanagara",A to B,40,12.57937,77.42134,0,0,0.0,0.0
Bengaluru City,Airport Traffic PS,1.04432e+16,2016,1,2,Road Accidents,Other,City/Town,Near a factory industrial area,Human Error,No,Grievous Injury,Right Turn Collision,Uncontrolled,Straight and flat,City or Town Road,Bitumen(Tar),Dry,No influence on accident,Fine,"Outer Ring Road Main Road Near Accenture Company, Devarabisanahalli",A to B,32,0.0,0.0,0,0,0.0,0.0
Bengaluru City,Airport Traffic PS,1.04432e+16,2016,1,1,Road Accidents,Other,City/Town,Near Petrol Pump,Human Error,Yes,Simple Injury,Hit pedestrian,Uncontrolled,Straight and flat,City or Town Road,Bitumen(Tar),Dry,No influence on accident,Fine,Varthur Main Road,A to B,1,0.0,0.0,0,0,0.0,0.0
Bengaluru City,Airport Traffic PS,1.04432e+16,2016,1,1,Road Accidents,Other,City/Town,Near Bus stop,Human Error,No,Grievous Injury,Others,No signal lights,Others,Others,Bitumen(Tar),Dry,No influence on accident,Clear,1234,1,1,0.0,0.0,0,0,0.0,0.0
Bengaluru City,Airport Traffic PS,1.04432e+16,2016,1,2,Road Accidents,Other,City/Town,Near Bus stop,Human Error,No,Not Applicable,Others,No signal lights,Sharp Curve,Two way,Bitumen(Tar),Dry,No influence on accident,Others,1234,1,17,12.57311,77.41365,0,0,0.0,0.0
Bengaluru City,Airport Traffic PS,1.04432e+16,2016,1,1,Road Accidents,Other,City/Town,Near Hospital,Human Error,No,Simple Injury,Rear end,No signal lights,Others,Two way,Bitumen(Tar),Not Applicable,No influence on accident,Snow,a,1,1,0.0,0.0,0,0,0.0,0.0
Bengaluru City,Airport Traffic PS,1.04432e+16,2016,1,1,Road Accidents,Other,City/Town,Near Bus stop,Human Error,No,Damage Only,Hit pedestrian,No signal lights,Others,One way,Bitumen(Tar),Dry,No influence on accident,Others,1,1,2,0.0,0.0,0,0,0.0,0.0
Bengaluru City,Airport Traffic PS,1.04432e+16,2016,1,2,Road Accidents,Junction,City/Town,Near Bus stop,Human Error,No,Grievous Injury,Side swipe,Signal lights Automatic,Straight and flat,City or Town Road,Bitumen(Tar),Dry,Not Applicable,Others,"Varthur Main Road, Marathahalli Bridge Junction",A to B,10,12.57432,77.42058,0,0,0.0,0.0
Bengaluru City,Airport Traffic PS,1.04432e+16,2016,1,2,Road Accidents,Other,City/Town,Near Bus stop,Human Error,No,Grievous Injury,Rear end,Uncontrolled,Straight and flat,City or Town Road,Bitumen(Tar),Dry,No influence on accident,Fine,"Outer Ring Road Main Road, Near ISRO Junction U Turn, Karthikanagara",A to B,30,12.58049,77.42117,0,0,0.0,0.0
Bengaluru City,Airport Traffic PS,1.04432e+16,2016,1,1,Road Accidents,Other,City/Town,Near Bus stop,Human Error,Yes,Simple Injury,Hit pedestrian,Uncontrolled,Straight and flat,City or Town Road,Bitumen(Tar),Dry,No influence on accident,Fine,"Old Airport Main Road, Near Rajeswari Theatre, Konena Agrahara",A to B,30,12.57551,77.39601,0,0,0.0,0.0
Bengaluru City,Airport Traffic PS,1.04432e+16,2016,1,1,Road Accidents,Other,City/Town,Residential area,Human Error,Yes,Grievous Injury,Hit pedestrian,Uncontrolled,Straight and flat,City or Town Road,Bitumen(Tar),Dry,No influence on accident,Fine,"Nagasandra Main Road, Near Siddareddy House",A to B,22,12.56625,77.39217,0,0,0.0,0.0
Bengaluru City,Airport Traffic PS,1.04432e+16,2016,1,2,Road Accidents,Other,City/Town,Near a factory industrial area,Human Error,No,Damage Only,Rear end,Uncontrolled,Straight and flat,City or Town Road,Bitumen(Tar),Dry,No influence on accident,Fine,"Varthur Main Road, Near Over Hal Division HAL",A to B,20,12.57478,77.40254,0,0,0.0,0.0
Bengaluru City,Airport Traffic PS,1.04432e+16,2016,1,1,Road Accidents,Other,City/Town,Near Hospital,Human Error,Yes,Grievous Injury,Hit pedestrian,Uncontrolled,Straight and flat,City or Town Road,Bitumen(Tar),Dry,No influence on accident,Fine,"Outer Ring Road Main Road Near Maltiplex Theatre, Marathahalli",A to B,25,0.0,0.0,0,0,0.0,0.0
Bengaluru City,Airport Traffic PS,1.04432e+16,2016,1,1,Road Accidents,Other,City/Town,Residential area,Human Error,No,Grievous Injury,Hit pedestrian,Uncontrolled,Straight and flat,City or Town Road,Bitumen(Tar),Dry,No influence on accident,Fine,"Outer Ring Road Main Road Near Kalamandira, Marathahalli",A to B,8,12.57618,77.42082,0,0,0.0,0.0