DISTRICTNAME,UNITNAME,Crime_No,Year,RI,Noofvehicle_involved,Accident_Classification,Accident_Spot,Accident_Location,Accident_SubLocation,Main_Cause,Hit_Run,Severity,Collision_Type,Junction_Control,Road_Character,Road_Type,Surface_Type,Surface_Condition,Road_Condition,Weather,Accident_Road,Landmark_first,Distance_LandMark_First,Latitude,Longitude,Road_Condition_Score,Surface_Condition_Score,Surface_Type_Score,Road_Risk_Index
Bengaluru City,Airport Traffic PS,1.04432e+16,2016,1,1,Road Accidents,Other,City/Town,Near Bus stop,Human Error,No,Grievous Injury,Hit pedestrian,Uncontrolled,Straight and flat,City or Town Road,Bitumen(Tar),Dry,No influence on accident,Fine,Basavanagara Main Road Near Vibhuthipura Mata Basavanagara,A to B,24,12.57953,77.40983,0,0,0.0,0.0
Bengaluru City,Airport Traffic PS,1.04432e+16,2016,1,2,Road Accidents,Other,City/Town,Near a religious place,Human Error,Yes,Simple Injury,Rear end,Uncontrolled,Straight and flat,City or Town Road,Bitumen(Tar),Dry,No influence on accident,Fine,"Varthur Main Road Near Marathahalli Market, and Sri Chowdeshwari Temple",A to B,1,12.57363,77.41626,0,0,0.0,0.0
Bengaluru City,Airport Traffic PS,1.04432e+16,2016,1,1,Road Accidents,Other,City/Town,Open area,Human Error,No,Simple Injury,Others,No signal lights,Others,Others,Bitumen(Tar),Dry,No influence on accident,Others,1234,1,2,12.56254,77.416,0,0,0.0,0.0
Bengaluru City,Airport Traffic PS,1.04432e+16,2016,1,2,Road Accidents,Other,City/Town,Near Bus stop,Human Error,No,Grievous Injury,Head on,No signal lights,Others,City or Town Road,Bitumen(Tar),Dry,No influence on accident,Clear,"old Airport Road,Near HAL Bus Stop",1,3,0.0,0.0,0,0,0.0,0.0
Bengaluru City,Airport Traffic PS,1.04432e+16,2016,1,1,Road Accidents,Other,City/Town,Near Hospital,Human Error,No,Grievous Injury,Others,No signal lights,Not Applicable,Others,Bitumen(Tar),Dry,No influence on accident,Snow,a,1,2,0.0,0.0,0,0,0.0,0.0
Bengaluru City,Airport Traffic PS,1.04432e+16,2016,1,1,Not Applicable,Bridge,City/Town,Near Bus stop,Human Error,No,Damage Only,Head on,Controlled,Curve,Sub Arterial,Bitumen(Tar),Dry,No influence on accident,Strong Wind,1234,1,19,0.0,0.0,0,0,0.0,0.0
Bengaluru City,Airport Traffic PS,1.04432e+16,2016,1,1,Road Accidents,Other,City/Town,Near Hospital,Human Error,Yes,Grievous Injury,Hit pedestrian,Uncontrolled,Straight and flat,City or Town Road,Bitumen(Tar),Dry,No influence on accident,Fine,"Outer Ring Road Main Road, Near @ Home Shop, Marathahalli",A to B,30,0.0,0.0,0,0,0.0,0.0
Bengaluru City,Airport Traffic PS,1.04432e+16,2016,1,1,Road Accidents,Other,City/Town,Near Bus stop,Human Error,Yes,Fatal,Hit pedestrian,Uncontrolled,Straight and flat,City or Town Road,Bitumen(Tar),Dry,No influence on accident,Fine,"Outer Ring Road Main Road, Near J.P Morgun Company Kadubisanahalli",A to B,40,12.56593,77.41826,0,0,0.0,0.0
Bengaluru City,Airport Traffic PS,1.04432e+16,2016,1,1,Not Applicable,Other,City/Town,Near Bus stop,Human Error,Yes,Grievous Injury,Hit pedestrian,Uncontrolled,Straight and flat,City or Town Road,Bitumen(Tar),Dry,No influence on accident,Fine,"Old Airport Main Road, Near Rajeswari Theatre  Konena Agrahara",A to B,40,12.57552,77.39653,0,0,0.0,0.0
Bengaluru City,Airport Traffic PS,1.04432e+16,2016,1,2,Road Accidents,Other,City/Town,Near Bus stop,Human Error,Yes,Grievous Injury,Head on,Uncontrolled,Straight and flat,City or Town Road,Bitumen(Tar),Dry,No influence on accident,Fine,"Wind Tunnel Main Road, Near Adecco Company, Murugesh Palya",A to B,16,12.57504,77.39239,0,0,0.0,0.0
Bengaluru City,Airport Traffic PS,1.04432e+16,2016,1,2,Road Accidents,Other,City/Town,Near Bus stop,Human Error,No,Damage Only,Rear end,Uncontrolled,Straight and flat,City or Town Road,Bitumen(Tar),Dry,No influence on accident,Fine,Old Airport Main Road Near Exit Road  HAL,A to B,20,12.57524,77.39818,0,0,0.0,0.0
Bengaluru City,Airport Traffic PS,1.04432e+16,2016,1,1,Road Accidents,Other,City/Town,Near Hospital,Human Error,Yes,Grievous Injury,Hit pedestrian,Uncontrolled,Straight and flat,Service Road,Bitumen(Tar),Dry,No influence on accident,Fine,"Outer Ring Road Service Road Near Pai Show Room, Marathahalli",A to B,22,12.56866,77.42067,0,0,0.0,0.0
Bengaluru City,Airport Traffic PS,1.04432e+16,2016,1,1,Road Accidents,Other,City/Town,Residential area,Human Error,Yes,Grievous Injury,Hit pedestrian,Uncontrolled,Straight and flat,City or Town Road,Bitumen(Tar),Dry,No influence on accident,Fine,"Old Airport Main Road Near SNS Arcade, Konena Agrahara",A to B,15,12.57541,77.39588,0,0,0.0,0.0
Bengaluru City,Airport Traffic PS,1.04432e+16,2016,1,1,Road Accidents,Other,City/Town,Near Hospital,Human Error,Yes,Simple Injury,Hit pedestrian,Uncontrolled,Straight and flat,City or Town Road,Bitumen(Tar),Dry,No influence on accident,Fine,Old Airport Main Road Near Manipal Hospital Junction,A to B,5,12.57577,77.38974,0,0,0.0,0.0
Bengaluru City,Airport Traffic PS,1.04432e+16,2016,1,1,Road Accidents,Other,City/Town,Near Bus stop,Human Error,No,Grievous Injury,Hit pedestrian,No signal lights,Others,Others,Bitumen(Tar),Dry,No influence on accident,Snow,1234,1,2,12.955785,77.69196,0,0,0.0,0.0
Bengaluru City,Airport Traffic PS,1.04432e+16,2016,1,2,Road Accidents,Other,City/Town,Near Hospital,Human Error,No,Grievous Injury,Side swipe,Uncontrolled,Straight and flat,City or Town Road,Bitumen(Tar),Dry,No influence on accident,Fine,"Outer Ring Road Main Road, Near Ambati Mansion and HDFC Bank, Karthikanagara",A to B,20,12.5827,77.42093,0,0,0.0,0.0
Bengaluru City,Airport Traffic PS,1.04432e+16,2016,1,2,Road Accidents,Other,City/Town,Near Bus stop,Human Error,Yes,Damage Only,Side swipe,Uncontrolled,Straight and flat,City or Town Road,Bitumen(Tar),Dry,No influence on accident,Fine,"Outer Ring Road Main Road, Near J.P Morgun Company Kadubisanahalli",A to B,22,12.56537,77.41846,0,0,0.0,0.0
Bengaluru City,Airport Traffic PS,1.04432e+16,2016,1,2,Road Accidents,Other,City/Town,Near Bus stop,Human Error,Yes,Damage Only,Rear end,Uncontrolled,Straight and flat,City or Town Road,Bitumen(Tar),Dry,No influence on accident,Fine,"Outer Ring Road Main Road, Near Kalamandira, Marathahalli",A to B,10,12.56593,77.41826,0,0,0.0,0.0
Bengaluru City,Airport Traffic PS,1.04432e+16,2016,1,2,Road Accidents,Other,City/Town,Near a religious place,Human Error,Yes,Fatal,Head on,Uncontrolled,Straight and flat,Others,Bitumen(Tar),Dry,No influence on accident,Fine,"Varthur Main Road, Near Mathahalli Market and Sri Gnesha Temple",A to B,20,12.57363,77.41626,0,0,0.0,0.0
Bengaluru City,Airport Traffic PS,1.04432e+16,2016,1,2,Road Accidents,Other,City/Town,Near office complex,Human Error,No,Damage Only,Rear end,Uncontrolled,Straight and flat,City or Town Road,Bitumen(Tar),Dry,No influence on accident,Fine,Varthur Main Road Near Hal Post Office and Airport PS Main Gate,A to B,14,12.57494,77.40031,0,0,0.0,0.0
Bengaluru City,Airport Traffic PS,1.04432e+16,2016,1,2,Road Accidents,Other,City/Town,Near Bus stop,Human Error,No,Damage Only,Rear end,Uncontrolled,Straight and flat,City or Town Road,Bitumen(Tar),Dry,No influence on accident,Fine,"Outer Ring Road Main Road, Near Kalamandira, Marathahalli",A to B,10,12.57602,77.42086,0,0,0.0,0.0
Bengaluru City,Airport Traffic PS,1.04432e+16,2016,1,2,Road Accidents,Other,City/Town,Near office complex,Human Error,Yes,Grievous Injury,Rear end,Uncontrolled,Straight and flat,City or Town Road,Bitumen(Tar),Dry,No influence on accident,Fine,"Outer Ring Road Main Road Near J.P Moprgun Company, Kadubisanahalli",A to B,32,12.56556,77.41819,0,0,0.0,0.0
Bengaluru City,Airport Traffic PS,1.04432e+16,2016,1,1,Road Accidents,Other,City/Town,Near a religious place,Human Error,No,Grievous Injury,Hit pedestrian,Uncontrolled,Straight and flat,City or Town Road,Bitumen(Tar),Dry,No influence on accident,Fine,"Varthur Road Near Marathahalli Bridge, In Front Of GaneshaTemple",A to B,30,12.57403,77.42139,0,0,0.0,0.0
Bengaluru City,Airport Traffic PS,1.04432e+16,2016,1,2,Road Accidents,T Junction,City/Town,Near Bus stop,Human Error,Yes,Simple Injury,Right Turn Collision,Uncontrolled,Straight and flat,City or Town Road,Bitumen(Tar),Dry,No influence on accident,Fine,Varthur Main Road Near Basavanagara Cross  Junction HAL,A to B,1,12.57277,77.40783,0,0,0.0,0.0
Bengaluru City,Airport Traffic PS,1.04432e+16,2016,1,1,Road Accidents,Other,City/Town,Near Bus stop,Human Error,No,Grievous Injury,Hit pedestrian,Uncontrolled,Straight and flat,City or Town Road,Bitumen(Tar),Dry,No influence on accident,Fine,"Old Airport Main Road In Front Of Diamond District Building, Kodihalli",A to B,35,12.57575,77.3863,0,0,0.0,0.0
Bengaluru City,Airport Traffic PS,1.04432e+16,2016,1,1,Road Accidents,Other,City/Town,Near Bus stop,Human Error,No,Grievous Injury,Others,No signal lights,Others,Others,Bitumen(Tar),Dry,No influence on accident,Fine,1234,1,12,12.57677,77.38527,0,0,0.0,0.0
Bengaluru City,Airport Traffic PS,1.04432e+16,2016,1,2,Road Accidents,Other,City/Town,Near Bus stop,Human Error,No,Grievous Injury,Head on,No signal lights,Others,Others,Bitumen(Tar),Dry,No influence on accident,Others,1,2,3,0.0,0.0,0,0,0.0,0.0
Bengaluru City,Airport Traffic PS,1.04432e+16,2016,1,1,Road Accidents,Other,City/Town,Near School or College,Human Error,No,Fatal,Hit pedestrian,Uncontrolled,Straight and flat,City or Town Road,Bitumen(Tar),Dry,No influence on accident,Fine,"Outer Ring Road Main  Road, Near New Horizen Collage Kadubisanahalli",A to B,10,0.0,0.0,0,0,0.0,0.0
Bengaluru City,Airport Traffic PS,1.04432e+16,2016,1,1,Road Accidents,Other,City/Town,Near a factory industrial area,Human Error,No,Damage Only,Hit fixed object,Uncontrolled,Straight and flat,Others,Bitumen(Tar),Dry,No influence on accident,Fine,"Tower A Block Wall, In Side of Global Tech Park, Devarabisanahalli,",A to B,1,12.55684,77.40951,0,0,0.0,0.0
Bengaluru City,Airport Traffic PS,1.04432e+16,2016,1,1,Road Accidents,Other,City/Town,Near a recreation place/cinema,Human Error,No,Grievous Injury,Hit pedestrian,Uncontrolled,Straight and flat,City or Town Road,Bitumen(Tar),Dry,No influence on accident,Fine,"Outer Ring Road Main Road, Near Maltiplex Theatre Marathahalli",A to B,38,12.57082,77.41995,0,0,0.0,0.0
Bengaluru City,Airport Traffic PS,1.04432e+16,2016,1,2,Road Accidents,Other,City/Town,Near Bus stop,Human Error,No,Damage Only,Rear end,Uncontrolled,Straight and flat,City or Town Road,Bitumen(Tar),Dry,No influence on accident,Fine,Varthur Main Road Near Marathahalli Bridge Junction,A to B,14,12.57423,12.42081,0,0,0.0,0.0
Bengaluru City,Airport Traffic PS,1.04432e+16,2016,1,1,Road Accidents,Other,City/Town,Near office complex,Human Error,No,Simple Injury,Hit pedestrian,Uncontrolled,Straight and flat,City or Town Road,Bitumen(Tar),Dry,No influence on accident,Fine,Outer Ring Road Main Road Near J.P Morgun Company Kadubisanahalli,A to B,1,12.56629,77.41854,0,0,0.0,0.0
Bengaluru City,Airport Traffic PS,1.04432e+16,2016,1,2,Road Accidents,Other,City/Town,Near Bus stop,Human Error,Yes,Simple Injury,Head on,Uncontrolled,Straight and flat,City or Town Road,Bitumen(Tar),Dry,No influence on accident,Fine,Outer Ring Road Marathahalli Bridge Loop Service Road In Front Of Honda Show Room,A to B,1,12.57351,77.42055,0,0,0.0,0.0
Bengaluru City,Airport Traffic PS,1.04432e+16,2016,1,1,Not Applicable,Cross roads,City/Town,Near a religious place,Human Error,Yes,Grievous Injury,Head on,No signal lights,Others,Others,Bitumen(Tar),Dry,No influence on accident,Very Hot,1234,1,2,12.58395,77.40817,0,0,0.0,0.0
Bengaluru City,Airport Traffic PS,1.04432e+16,2016,1,2,Road Accidents,Other,City/Town,Near a factory industrial area,Human Error,Yes,Fatal,Head on,Give way sign,Others,Arterial,Bitumen(Tar),Dry,No influence on accident,Clear,karthik nagara front of isro gate,1,4,0.0,0.0,0,0,0.0,0.0
Bengaluru City,Airport Traffic PS,1.04432e+16,2016,1,1,Road Accidents,Other,City/Town,Near office complex,Human Error,No,Grievous Injury,Hit pedestrian,Uncontrolled,Straight and flat,City or Town Road,Bitumen(Tar),Dry,No influence on accident,Fine,"Outer Ring Road Main Road, Near Devarabisanahalli  Bridge, In front of Accenture Company",A to B,15,12.55717,77.40911,0,0,0.0,0.0
Bengaluru City,Airport Traffic PS,1.04432e+16,2016,1,1,Road Accidents,Other,City/Town,Near Bus stop,Human Error,Yes,Grievous Injury,Hit pedestrian,Uncontrolled,Straight and flat,City or Town Road,Bitumen(Tar),Dry,No influence on accident,Fine,"Old Airport Main Road, Near Manipal Hospital",A to B,14,12.57602,77.38768,0,0,0.0,0.0
Bengaluru City,Airport Traffic PS,1.04432e+16,2016,1,2,Road Accidents,Other,City/Town,Near Hospital,Human Error,No,Grievous Injury,Side swipe,Uncontrolled,Straight and flat,City or Town Road,Bitumen(Tar),Dry,No influence on accident,Fine,Old Airport Main Road Near Manipal Hospital Infront Of Methan Hotel,A to B,15,12.57577,77.38927,0,0,0.0,0.0
Bengaluru City,Airport Traffic PS,1.04432e+16,2016,1,2,Road Accidents,Other,City/Town,Near Bus stop,Human Error,No,Simple Injury,Rear end,Uncontrolled,Straight and flat,City or Town Road,Bitumen(Tar),Dry,No influence on accident,Fine,"Airport  Main Road Near Manipal Hospital, In Front Of Titaniam Building",A to B,30,12.57609,77.38898,0,0,0.0,0.0
Bengaluru City,Airport Traffic PS,1.04432e+16,2016,1,2,Road Accidents,Other,City/Town,Near Bus stop,Human Error,Yes,Damage Only,Side swipe,Uncontrolled,Straight and flat,City or Town Road,Bitumen(Tar),Dry,No influence on accident,Fine,"Outer Ring Road Main Road Near Adobe Company, Kadubisanahalli",A to B,24,0.0,0.0,0,0,0.0,0.0
Bengaluru City,Airport Traffic PS,1.04432e+16,2016,1,1,Road Accidents,Other,City/Town,Near Bus stop,Human Error,No,Grievous Injury,Hit pedestrian,Uncontrolled,Straight and flat,City or Town Road,Bitumen(Tar),Dry,No influence on accident,Fine,Outer Ring Road Main Road Near Devarabisanahalli Flyover Bus Stop,A to B,30,12.55916,77.41236,0,0,0.0,0.0
Bengaluru City,Airport Traffic PS,1.04432e+16,2016,1,2,Road Accidents,Other,City/Town,Near Bus stop,Human Error,No,Damage Only,Others,No signal lights,Hump,Others,Bitumen(Tar),Dry,No influence on accident,Others,1,1,1,12.55722,77.40918,0,0,0.0,0.0
Bengaluru City,Airport Traffic PS,1.04432e+16,2016,1,1,Road Accidents,Other,Rural Areas,Near Bus stop,Human Error,No,Damage Only,Rear end,Give way sign,Others,Others,Bitumen(Tar),Dry,No influence on accident,Others,1,1,1,12.5734,77.42056,0,0,0.0,0.0
Bengaluru City,Airport Traffic PS,1.04432e+16,2016,1,1,Road Accidents,Other,City/Town,Near Bus stop,Human Error,Yes,Simple Injury,Others,No signal lights,Others,Others,Bitumen(Tar),Dry,No influence on accident,Clear,Outer Ring Road Main Road Near Devarabisanahalli Bus Stop,1,9,0.0,0.0,0,0,0.0,0.0
Bengaluru City,Airport Traffic PS,1.04432e+16,2016,1,2,Road Accidents,Junction,City/Town,Near office complex,Human Error,Yes,Grievous Injury,Others,Uncontrolled,Straight and flat,City or Town Road,Bitumen(Tar),Dry,No influence on accident,Fine,"Outer Ring Road Main Road, Near ISRO Junction, Karthikanagara",A to B,24,12.58082,77.42093,0,0,0.0,0.0
Bengaluru City,Airport Traffic PS,1.04432e+16,2016,1,2,Road Accidents,Other,City/Town,Near Petrol Pump,Human Error,Yes,Simple Injury,Side swipe,Uncontrolled,Straight and flat,City or Town Road,Bitumen(Tar),Dry,No influence on accident,Fine,"Varthur Main Road, Near Doddanekkundi Cross Opp IOC Petrol Bunk Marathahalli",A to B,20,0.0,0.0,0,0,0.0,0.0
Bengaluru City,Airport Traffic PS,1.04432e+16,2016,1,2,Road Accidents,Other,City/Town,Near Bus stop,Human Error,No,Damage Only,Rear end,Uncontrolled,Straight and flat,City or Town Road,Concrete,Dry,No influence on accident,Fine,"Outer Ring Road Main Road Near Marathahalli Under Bridge,",A to B,1,12.57465,77.4208,0,0,0.0,0.0
Bengaluru City,Airport Traffic PS,1.04432e+16,2016,1,1,Road Accidents,Other,City/Town,Near Bus stop,Human Error,No,Simple Injury,Hit pedestrian,No signal lights,Others,Two way,Bitumen(Tar),Dry,No influence on accident,Others,1234,1,2,12.57868,77.38879,0,0,0.0,0.0
Bengaluru City,Airport Traffic PS,1.04432e+16,2016,1,1,Road Accidents,Other,City/Town,Near Bus stop,Human Error,No,Fatal,Hit pedestrian,No signal lights,Others,Others,Bitumen(Tar),Dry,No influence on accident,Others,1,1,2,12.955218,77.687984,0,0,0.0,0.0
Bengaluru City,Airport Traffic PS,1.04432e+16,2016,1,3,Road Accidents,Other,City/Town,Near Bus stop,Human Error,Yes,Fatal,Side swipe,Uncontrolled,Straight and flat,City or Town Road,Bitumen(Tar),Dry,No influence on accident,Fine,"Varthur Main Road, Near Marathahalli Fly Over Munekolalu Railway Bridge In Front Of Church",A to B,15,12.57408,77.42193,0,0,0.0,0.0
Bengaluru City,Airport Traffic PS,1.04432e+16,2016,1,1,Road Accidents,Other,City/Town,Near Petrol Pump,Human Error,Yes,Grievous Injury,Hit pedestrian,Uncontrolled,Straight and flat,Service Road,Bitumen(Tar),Dry,No influence on accident,Fine,"Outer Ring Road Service Road Near Petrol Bunk, Kadubisanahalli",A to B,25,12.56466,77.41759,0,0,0.0,0.0
Bengaluru City,Airport Traffic PS,1.04432e+16,2016,1,3,Road Accidents,Other,City/Town,Near Bus stop,Human Error,Yes,Fatal,Rear end,Uncontrolled,Others,City or Town Road,Bitumen(Tar),Dry,No influence on accident,Fine,"Outer Ring Road Main Road, Near Maltiplex In front  of Home Town, Marathahalli",A to B,45,12.5713,77.42005,0,0,0.0,0.0
Bengaluru City,Airport Traffic PS,1.04432e+16,2016,1,1,Road Accidents,Other,City/Town,Near Bus stop,Human Error,Yes,Fatal,Hit pedestrian,Uncontrolled,Straight and flat,City or Town Road,Bitumen(Tar),Dry,No influence on accident,Fine,"Outer Ring Road Main Road, Near Devarabisanahalli Bridge In Front Of Dhanalakshmi Bar",A to B,50,12.55899,77.41247,0,0,0.0,0.0
Bengaluru City,Airport Traffic PS,1.04432e+16,2016,1,3,Road Accidents,Other,City/Town,Near Bus stop,Human Error,No,Grievous Injury,Rear end,Uncontrolled,Straight and flat,City or Town Road,Bitumen(Tar),Dry,No influence on accident,Fine,"Outer Ring Road, Near New Horizen Collage  Kadubisanahalli",A to B,22,0.0,0.0,0,0,0.0,0.0
Bengaluru City,Airport Traffic PS,1.04432e+16,2016,1,1,Road Accidents,Other,City/Town,Near office complex,Human Error,No,Grievous Injury,Others,Uncontrolled,Straight and flat,City or Town Road,Bitumen(Tar),Dry,Not Applicable,Fine,"Wind Tunnel Road In front of Hyper City Hotel, Murugesh Palya",A to B,60,12.57403,77.39215,0,0,0.0,0.0
Bengaluru City,Airport Traffic PS,1.04432e+16,2016,1,2,Road Accidents,Junction,City/Town,Near a factory industrial area,Human Error,No,Grievous Injury,Right Turn Collision,Uncontrolled,Straight and flat,City or Town Road,Bitumen(Tar),Dry,No influence on accident,Fine,"Outer Ring Road Main Road, Near ISRO Junction U Turn, Karthikanagara",A to B,20,12.58037,77.42112,0,0,0.0,0.0
Bengaluru City,Airport Traffic PS,1.04432e+16,2016,1,1,Road Accidents,Other,City/Town,Near Bus stop,Human Error,No,Simple Injury,Hit pedestrian,No signal lights,Others,Two way,Bitumen(Tar),Dry,No influence on accident,Clear,1,B to C,18,0.0,0.0,0,0,0.0,0.0
Bengaluru City,Airport Traffic PS,1.04432e+16,2016,1,2,Road Accidents,Other,City/Town,Near or inside a village,Human Error,No,Grievous Injury,Rear end,Uncontrolled,Straight and flat,Residential Street,Bitumen(Tar),Dry,No influence on accident,Fine,"Challa Gatta Road, Near Flore Mill",A to B,2,0.0,0.0,0,0,0.0,0.0
Bengaluru City,Airport Traffic PS,1.04432e+16,2016,1,3,Road Accidents,Other,City/Town,Narrow bridge or culverts,Human Error,Yes,Simple Injury,Rear end,Uncontrolled,Straight and flat,City or Town Road,Bitumen(Tar),Dry,No influence on accident,Fine,"Outer Ring Road Main Road, Near Kadubisanahalli  Under Bridge",A to B,15,0.0,0.0,0,0,0.0,0.0
Bengaluru City,Airport Traffic PS,1.04432e+16,2016,1,3,Road Accidents,More than four arms,City/Town,Near office complex,Human Error,No,Damage Only,Rear end,Signal lights Automatic,Straight and flat,Two way,Bitumen(Tar),Dry,No influence on accident,Fine,"Wind Tunnel Road ISRO Signal, Murugesh Palya",A to B,10,12.57512,77.39255,0,0,0.0,0.0
Bengaluru City,Airport Traffic PS,1.04432e+16,2016,1,2,Road Accidents,Other,City/Town,Residential area,Human Error,Yes,Grievous Injury,Head on,Uncontrolled,Straight and flat,Two way,Bitumen(Tar),Dry,No influence on accident,Fine,"Nagasandra Main Road, Near Spandana Apartment",A to B,10,12.56634,77.3921,0,0,0.0,0.0
Bengaluru City,Airport Traffic PS,1.04432e+16,2016,1,1,Road Accidents,Other,City/Town,Near Bus stop,Human Error,Yes,Simple Injury,Hit pedestrian,Uncontrolled,Others,City or Town Road,Bitumen(Tar),Dry,No influence on accident,Fine,Varthur Main Road Near Spice Garden Munekolalu,A to B,14,12.57379,77.42528,0,0,0.0,0.0
Bengaluru City,Airport Traffic PS,1.04432e+16,2016,1,1,Road Accidents,Other,City/Town,Near Bus stop,Human Error,No,Not Applicable,Not Applicable,Signal lights Automatic,Straight and flat,City or Town Road,Bitumen(Tar),Dry,Not Applicable,Fine,"Old Airport Main Road Near Suranjan Das Road Junction, HAL",A to B,30,12.57508,77.39964,0,0,0.0,0.0
Bengaluru City,Airport Traffic PS,1.04432e+16,2016,1,1,Road Accidents,Other,City/Town,Near Hospital,Human Error,No,Simple Injury,Others,No signal lights,Others,Others,Bitumen(Tar),Dry,No influence on accident,Others,1234,1,1,0.0,0.0,0,0,0.0,0.0
Bengaluru City,Airport Traffic PS,1.04432e+16,2016,1,1,Road Accidents,Other,City/Town,Near Hospital,Human Error,No,Simple Injury,Others,No signal lights,Incline,Two way,Bitumen(Tar),Dry,No influence on accident,Others,1234,1,1,12.57542,77.39306,0,0,0.0,0.0
Bengaluru City,Airport Traffic PS,1.04432e+16,2016,1,1,Road Accidents,Other,City/Town,Near Hospital,Human Error,Yes,Fatal,Hit pedestrian,Uncontrolled,Straight and flat,City or Town Road,Bitumen(Tar),Dry,No influence on accident,Fine,"Outer Ring Road Main Road, Near Vims Hospital Marathahalli",A to B,27,12.56881,77.42009,0,0,0.0,0.0
Bengaluru City,Airport Traffic PS,1.04432e+16,2016,1,1,Road Accidents,Other,City/Town,Near a recreation place/cinema,Human Error,Yes,Grievous Injury,Hit pedestrian,Uncontrolled,Straight and flat,City or Town Road,Bitumen(Tar),Dry,No influence on accident,Fine,"Outer Ring Road Main Road, Near Maltiplex Marathahalli",A to B,6,0.0,0.0,0,0,0.0,0.0
Bengaluru City,Airport Traffic PS,1.04432e+16,2016,1,1,Road Accidents,Other,City/Town,Near a factory industrial area,Human Error,No,Grievous Injury,Hit fixed object,Uncontrolled,Straight and flat,City or Town Road,Bitumen(Tar),Dry,No influence on accident,Fine,"Varthur Main Main Road, Near HAL Museum",A to B,30,0.0,0.0,0,0,0.0,0.0
Bengaluru City,Airport Traffic PS,1.04432e+16,2016,1,1,Road Accidents,Other,City/Town,Near Hospital,Human Error,No,Grievous Injury,Hit pedestrian,Uncontrolled,Straight and flat,City or Town Road,Bitumen(Tar),Dry,No influence on accident,Fine,Varthur Main Road Near Yashomathi Hospital Munekolalu,A to B,10,12.57408,77.42693,0,0,0.0,0.0
Bengaluru City,Airport Traffic PS,1.04432e+16,2016,1,2,Road Accidents,Other,City/Town,Near Hospital,Human Error,Yes,Damage Only,Rear end,Uncontrolled,Straight and flat,City or Town Road,Bitumen(Tar),Dry,No influence on accident,Fine,Outer Ring Road Main Road Near Maltiplex Theatre Marathahalli,A to B,38,12.57065,77.41988,0,0,0.0,0.0
Bengaluru City,Airport Traffic PS,1.04432e+16,2016,1,1,Road Accidents,Other,City/Town,Residential area,Human Error,No,Grievous Injury,Others,Uncontrolled,Straight and flat,City or Town Road,Bitumen(Tar),Dry,No influence on accident,Fine,Doddanekkundi Main Road Near HAL Qtrs,A to B,30,12.57769,77.41427,0,0,0.0,0.0
Bengaluru City,Airport Traffic PS,1.04432e+16,2016,1,2,Road Accidents,Other,City/Town,Near office complex,Human Error,Yes,Grievous Injury,Others,Uncontrolled,Straight and flat,City or Town Road,Bitumen(Tar),Dry,No influence on accident,Fine,"Outer Ring Road Service Road Near Solarpuriya  Company, Kadubisanahalli",A to B,20,0.0,0.0,0,0,0.0,0.0
Bengaluru City,Airport Traffic PS,1.04432e+16,2016,1,3,Road Accidents,Other,City/Town,Near Bus stop,Human Error,No,Damage Only,Rear end,Uncontrolled,Others,City or Town Road,Bitumen(Tar),Dry,No influence on accident,Fine,Outer Ring Road Main Road Near Devarabisanahalli Flyover,A to B,1,12.55881,77.41149,0,0,0.0,0.0