DISTRICTNAME,UNITNAME,Crime_No,Year,RI,Noofvehicle_involved,Accident_Classification,Accident_Spot,Accident_Location,Accident_SubLocation,Main_Cause,Hit_Run,Severity,Collision_Type,Junction_Control,Road_Character,Road_Type,Surface_Type,Surface_Condition,Road_Condition,Weather,Accident_Road,Landmark_first,Distance_LandMark_First,Latitude,Longitude,Road_Condition_Score,Surface_Condition_Score,Surface_Type_Score,Road_Risk_Index
Bengaluru City,Airport Traffic PS,1.04432e+16,2016,1,1,Road Accidents,Other,City/Town,Near office complex,Human Error,Yes,Simple Injury,Hit pedestrian,Uncontrolled,Straight and flat,City or Town Road,Bitumen(Tar),Dry,No influence on accident,Fine,Old Airport Main Road Near Rajewswari Theatre In Front Of Nokia Shop,A to B,1,12.57504,77.39677,0,0,0.0,0.0
Bengaluru City,Airport Traffic PS,1.04432e+16,2016,1,1,Road Accidents,Other,City/Town,Near Hospital,Human Error,No,Fatal,Hit pedestrian,No signal lights,Others,Others,Bitumen(Tar),Dry,No influence on accident,Others,1234,1,5,12.95925,77.662351,0,0,0.0,0.0
Bengaluru City,Airport Traffic PS,1.04432e+16,2016,1,1,Road Accidents,Other,City/Town,Narrow bridge or culverts,Human Error,No,Fatal,Others,Uncontrolled,Straight and flat,City or Town Road,Bitumen(Tar),Dry,No influence on accident,Fine,1234,A to B,40,0.0,0.0,0,0,0.0,0.0
Bengaluru City,Airport Traffic PS,1.04432e+16,2016,1,1,Road Accidents,Other,City/Town,Near Bus stop,Human Error,Yes,Fatal,Hit pedestrian,Uncontrolled,Others,City or Town Road,Bitumen(Tar),Dry,No influence on accident,Fine,"Varthur Main Road, On Munekolalu Railway Bridge, In Between Purva Rivera Apartment and Rohan Vasanth",A to B,40,12.57392,77.4245,0,0,0.0,0.0
Bengaluru City,Airport Traffic PS,1.04432e+16,2016,1,2,Road Accidents,Junction,City/Town,Open area,Human Error,Yes,Simple Injury,Overturning,Uncontrolled,Straight and flat,City or Town Road,Bitumen(Tar),Dry,No influence on accident,Fine,"Outer Ring Road Main Road, Near ISRO Junction U Turn, Karthikanagara",A to B,35,12.58049,77.42117,0,0,0.0,0.0
Bengaluru City,Airport Traffic PS,1.04432e+16,2016,1,1,Road Accidents,Other,City/Town,Near office complex,Human Error,Yes,Fatal,Hit pedestrian,Uncontrolled,Straight and flat,City or Town Road,Bitumen(Tar),Dry,No influence on accident,Fine,"Varthur Main Road, Near Over Hall Division, HAL",A to B,10,12.57477,77.40299,0,0,0.0,0.0
Bengaluru City,Airport Traffic PS,1.04432e+16,2016,1,1,Road Accidents,Other,City/Town,Near Bus stop,Human Error,No,Simple Injury,Hit pedestrian,Uncontrolled,Others,City or Town Road,Bitumen(Tar),Dry,No influence on accident,Fine,"Basavanagara Main Road, Near Tata Share Wood Apartment",A to B,15,12.58166,77.40946,0,0,0.0,0.0
Bengaluru City,Airport Traffic PS,1.04432e+16,2016,1,2,Road Accidents,Other,City/Town,Near office complex,Human Error,No,Fatal,Rear end,Uncontrolled,Straight and flat,City or Town Road,Bitumen(Tar),Dry,No influence on accident,Fine,"Yamalur Main  Road, Near Deloitte Office Gate",A to B,1,12.57035,77.4138,0,0,0.0,0.0
Bengaluru City,Airport Traffic PS,1.04432e+16,2016,1,2,Road Accidents,Other,City/Town,Near office complex,Human Error,No,Grievous Injury,Head on,Uncontrolled,Straight and flat,City or Town Road,Bitumen(Tar),Dry,No influence on accident,Fine,Doddakannahalli Main Road Near New Horizen Collage Cross Junction Kadubisanahalli,A to B,10,12.55884,77.41705,0,0,0.0,0.0
Bengaluru City,Airport Traffic PS,1.04432e+16,2016,1,1,Road Accidents,Other,City/Town,Residential area,Human Error,No,Simple Injury,Hit pedestrian,Uncontrolled,Straight and flat,City or Town Road,Kutcha,Dry,No influence on accident,Fine,Ambedkar Colony Road Near House No 171,A to B,1,12.55482,77.41605,0,0,4.0,4.0
Bengaluru City,Airport Traffic PS,1.04432e+16,2016,1,5,Road Accidents,Other,City/Town,Near Hospital,Human Error,No,Fatal,Others,No signal lights,Hump,One way,Bitumen(Tar),Dry,No influence on accident,Others,Outer Ring Road Main Road,A to D,2,12.57021,77.41961,0,0,0.0,0.0
Bengaluru City,Airport Traffic PS,1.04432e+16,2016,1,1,Road Accidents,Other,City/Town,At pedestrian Crossing,Human Error,Yes,Grievous Injury,Hit and Run,Give way sign,Others,Arterial,Bitumen(Tar),Dry,No influence on accident,Clear,AIRPORT DIMOND DISTRIC NEAR,1,4,12.57599,77.38602,0,0,0.0,0.0
Bengaluru City,Airport Traffic PS,1.04432e+16,2016,1,1,Not Applicable,Other,City/Town,Near Bus stop,Human Error,No,Grievous Injury,Others,No signal lights,Others,Mixed,Bitumen(Tar),Dry,No influence on accident,Others,a,1,2,12.952185,77.652348,0,0,0.0,0.0
Bengaluru City,Airport Traffic PS,1.04432e+16,2016,1,1,Road Accidents,Other,City/Town,Near Bus stop,Human Error,No,Damage Only,Head on,No signal lights,Others,Others,Bitumen(Tar),Dry,No influence on accident,Others,1234,1,1,0.0,0.0,0,0,0.0,0.0
Bengaluru City,Airport Traffic PS,1.04432e+16,2017,1,2,Road Accidents,Not Applicable,City/Town,Near a recreation place/cinema,Human Error,No,Grievous Injury,Hit bicyclist,Give way sign,Others,Arterial,Bitumen(Tar),Dry,Not Applicable,Clear,AIRPORT ROAD,1,2,0.0,0.0,0,0,0.0,0.0
Bengaluru City,Airport Traffic PS,1.04432e+16,2017,1,1,Road Accidents,Bridge,City/Town,Near office complex,Human Error,No,Grievous Injury,Hit pedestrian,No signal lights,Others,Service Road,Bitumen(Tar),Dry,No influence on accident,Fine,"VARTHURU MAIN ROAD,NEAR MUNEKOLALA SERVICE ROAD",1,2,0.0,0.0,0,0,0.0,0.0
Bengaluru City,Airport Traffic PS,1.04432e+16,2017,1,2,Road Accidents,Other,City/Town,Near School or College,Human Error,Yes,Fatal,Hit and Run,Give way sign,Others,Arterial,Bitumen(Tar),Dry,No influence on accident,Clear,outer ring road near new horrizen college,1,6,0.0,0.0,0,0,0.0,0.0
Bengaluru City,Airport Traffic PS,1.04432e+16,2017,1,1,Road Accidents,Other,City/Town,In bazaar,Human Error,No,Damage Only,Others,Stop sign,Others,Two way,Bitumen(Tar),Dry,No influence on accident,Others,a,1,2,0.0,0.0,0,0,0.0,0.0
Bengaluru City,Airport Traffic PS,1.04432e+16,2017,1,2,Road Accidents,Other,City/Town,Narrow bridge or culverts,Not Applicable,No,Simple Injury,Head on,Give way sign,Straight and flat,Arterial,Bitumen(Tar),Dry,Not Applicable,Clear,Varturu Main Road Near Spice Garden,1,4,0.0,0.0,0,0,0.0,0.0
Bengaluru City,Airport Traffic PS,1.04432e+16,2017,1,4,Road Accidents,Other,City/Town,Near Hospital,Human Error,Yes,Simple Injury,Hit and Run,Give way sign,Others,Arterial,Bitumen(Tar),Dry,Not Applicable,Clear,Outer Ring Road  Near Marathahalli Market,1,4km,0.0,0.0,0,0,0.0,0.0
Bengaluru City,Airport Traffic PS,1.04432e+16,2017,1,2,Road Accidents,Culvert,City/Town,Narrow bridge or culverts,Human Error,Yes,Fatal,Hit and Run,Controlled,Others,Arterial,Bitumen(Tar),Dry,Not Applicable,Clear,Outer Ring Road  Near Marathahalli Bridge Under Pass,1,5km,0.0,0.0,0,0,0.0,0.0
Bengaluru City,Airport Traffic PS,1.04432e+16,2017,1,2,Road Accidents,Other,City/Town,Near office complex,Vehicle Defect,No,Damage Only,Head on,Give way sign,Others,Arterial,Bitumen(Tar),Dry,No influence on accident,Clear,LEELA PALACE,1,5,0.0,0.0,0,0,0.0,0.0
Bengaluru City,Airport Traffic PS,1.04432e+16,2017,1,2,Road Accidents,Other,City/Town,At pedestrian Crossing,Vehicle Defect,Not Applicable,Damage Only,Hit bicyclist,Not at  Junction,Others,Arterial,Bitumen(Tar),Dry,Not Applicable,Clear,KEMPAPURA ROAD,1,5,0.0,0.0,0,0,0.0,0.0
Bengaluru City,Airport Traffic PS,1.04432e+16,2017,1,2,Road Accidents,Other,City/Town,Near School or College,Vehicle Defect,No,Not Applicable,Others,Signal lights Blinking,Not Applicable,Arterial,Bitumen(Tar),Dry,Not Applicable,Clear,outer ring road near new horizen college,1,7,0.0,0.0,0,0,0.0,0.0
Bengaluru City,Airport Traffic PS,1.04432e+16,2017,1,1,Road Accidents,Other,City/Town,Near office complex,Human Error,Yes,Fatal,Hit pedestrian,No signal lights,Straight and flat,Two way,Bitumen(Tar),Dry,No influence on accident,Clear,Doddanekkundi  Main Road,1,3,0.0,0.0,0,0,0.0,0.0
Bengaluru City,Airport Traffic PS,1.04432e+16,2017,1,2,Road Accidents,Other,City/Town,Near School or College,Human Error,No,Simple Injury,Hit bicyclist,Give way sign,Straight and flat,Arterial,Bitumen(Tar),Dry,Not Applicable,Clear,Outer Ring Road new horizon college kadubisanahalli,1,6km,0.0,0.0,0,0,0.0,0.0
Bengaluru City,Airport Traffic PS,1.04432e+16,2017,1,2,Road Accidents,Curves,City/Town,Near a factory industrial area,Vehicle Defect,Yes,Simple Injury,Hit and Run,Give way sign,Curve and Incline,Arterial,Bitumen(Tar),Dry,Not Applicable,Clear,Doddenakundi Main Road near Isro Turning,1,5km,0.0,0.0,0,0,0.0,0.0
Bengaluru City,Airport Traffic PS,1.04432e+16,2017,1,1,Road Accidents,Other,City/Town,Near Hospital,Human Error,No,Grievous Injury,Rear end,No signal lights,Others,Others,Bitumen(Tar),Dry,No influence on accident,Others,Devarabisanahalli,1,2,0.0,0.0,0,0,0.0,0.0
Bengaluru City,Airport Traffic PS,1.04432e+16,2017,1,1,Road Accidents,Other,City/Town,Near Bus stop,Human Error,No,Grievous Injury,Skidding or Self accident,No signal lights,Others,Two way,Bitumen(Tar),Dry,No influence on accident,Clear,Airport Main Road,1,1,0.0,0.0,0,0,0.0,0.0
Bengaluru City,Airport Traffic PS,1.04432e+16,2017,1,2,Road Accidents,Junction,City/Town,Near or inside a village,Human Error,Yes,Fatal,Head on,Signal lights Automatic,Others,Arterial,Bitumen(Tar),Dry,No influence on accident,Clear,YAMULURU MAIN ROAD,1,3,0.0,0.0,0,0,0.0,0.0
Bengaluru City,Airport Traffic PS,1.04432e+16,2017,1,1,Road Accidents,Other,City/Town,Near a religious place,Human Error,No,Simple Injury,Hit pedestrian,No signal lights,Others,Two way,Bitumen(Tar),Dry,No influence on accident,Clear,"Kariyammana Agrahara Road,  NearYallamma Temple",1,1,0.0,0.0,0,0,0.0,0.0
Bengaluru City,Airport Traffic PS,1.04432e+16,2017,1,2,Road Accidents,Culvert,City/Town,Narrow bridge or culverts,Vehicle Defect,No,Damage Only,Others,Give way sign,Straight and flat,Arterial,Bitumen(Tar),Dry,Not Applicable,Clear,Outer Ring Road  Near Marathahalli Bridge,1,5km,0.0,0.0,0,0,0.0,0.0
Bengaluru City,Airport Traffic PS,1.04432e+16,2017,1,2,Road Accidents,Other,City/Town,Near Bus stop,Vehicle Defect,Yes,Simple Injury,Hit and Run,Signal lights Blinking,Curve,Arterial,Bitumen(Tar),Dry,Not Applicable,Clear,Varturu Main Road Near Borewell Bus Stop,1,3 km,0.0,0.0,0,0,0.0,0.0
Bengaluru City,Airport Traffic PS,1.04432e+16,2017,1,2,Road Accidents,Other,City/Town,Near or inside a village,Human Error,No,Grievous Injury,Head on,No signal lights,Others,Others,Bitumen(Tar),Dry,No influence on accident,Clear,"Yamalur Lake Main Road,  Near Sri Duggalamma Temple",1,6,0.0,0.0,0,0,0.0,0.0
Bengaluru City,Airport Traffic PS,1.04432e+16,2017,1,1,Road Accidents,Other,City/Town,Near Bus stop,Human Error,Yes,Grievous Injury,Hit pedestrian,No signal lights,Others,Others,Bitumen(Tar),Dry,No influence on accident,Fine,Outer Ring Road Main Road,1,1,0.0,0.0,0,0,0.0,0.0
Bengaluru City,Airport Traffic PS,1.04432e+16,2017,1,2,Road Accidents,Rail Crossing manned,City/Town,Near office complex,Human Error,Yes,Grievous Injury,Hit and Run,Not Applicable,Others,Arterial,Bitumen(Tar),Dry,No influence on accident,Clear,NEAR FARKPLAZA HOTEL OUTER RING ROAD MARATAHALLI,1,6,0.0,0.0,0,0,0.0,0.0
Bengaluru City,Airport Traffic PS,1.04432e+16,2017,1,1,Road Accidents,Bridge,City/Town,Narrow bridge or culverts,Human Error,No,Simple Injury,Hit pedestrian,Give way sign,Curve,Arterial,Bitumen(Tar),Dry,Not Applicable,Clear,NEAR MARATTAHALLI BRIDZE SERVICE ROAD,1,5,12.95688,77.70063,0,0,0.0,0.0
Bengaluru City,Airport Traffic PS,1.04432e+16,2017,1,1,Road Accidents,Other,City/Town,Near Bus stop,Human Error,Yes,Simple Injury,Hit and Run,Give way sign,Others,Arterial,Bitumen(Tar),Dry,Not Applicable,Clear,Varturu Main Road Near Spice Garden,1,5 km,0.0,0.0,0,0,0.0,0.0
Bengaluru City,Airport Traffic PS,1.04432e+16,2017,1,2,Road Accidents,Other,City/Town,Near Bus stop,Human Error,No,Simple Injury,Others,No signal lights,Others,Two way,Bitumen(Tar),Dry,No influence on accident,Cloudy,Varturu Main Road Near Spice Garden,1,3 km,0.0,0.0,0,0,0.0,0.0
Bengaluru City,Airport Traffic PS,1.04432e+16,2017,1,1,Road Accidents,Other,City/Town,Near Bus stop,Human Error,Yes,Fatal,Hit bicyclist,Controlled,Others,Arterial,Bitumen(Tar),Dry,Not Applicable,Clear,Outer Ring Road Near Country Club Devarabisanahalli,1,7km,0.0,0.0,0,0,0.0,0.0
Bengaluru City,Airport Traffic PS,1.04432e+16,2017,1,1,Road Accidents,Other,City/Town,Near Bus stop,Human Error,No,Fatal,Hit pedestrian,No signal lights,Others,City or Town Road,Bitumen(Tar),Dry,No influence on accident,Fine,ORR,1,1,0.0,0.0,0,0,0.0,0.0
Bengaluru City,Airport Traffic PS,1.04432e+16,2017,1,2,Road Accidents,Curves,City/Town,Near Bus stop,Not Applicable,No,Simple Injury,Hit bicyclist,Signal lights Blinking,Curve and Incline,Arterial,Bitumen(Tar),Dry,Not Applicable,Clear,Varturu Main Road Near Borewell Bus Stop,1,3 km,0.0,0.0,0,0,0.0,0.0
Bengaluru City,Airport Traffic PS,1.04432e+16,2017,1,3,Road Accidents,Other,City/Town,Narrow bridge or culverts,Human Error,No,Damage Only,Hit and Run,No signal lights,Others,Arterial,Bitumen(Tar),Dry,No influence on accident,Clear,outer ring road maltiflex,1,5,0.0,0.0,0,0,0.0,0.0
Bengaluru City,Airport Traffic PS,1.04432e+16,2017,1,1,Road Accidents,Culvert,City/Town,At pedestrian Crossing,Human Error,Yes,Grievous Injury,Hit and Run,Signal lights Automatic,Others,Arterial,Bitumen(Tar),Dry,No influence on accident,Clear,NEAR DEVARABISANAHALLI ARCH,1,7,12.95987,77.66746,0,0,0.0,0.0
Bengaluru City,Airport Traffic PS,1.04432e+16,2017,1,4,Road Accidents,Other,City/Town,Near School or College,Vehicle Defect,Yes,Damage Only,Hit and Run,Give way sign,Others,Arterial,Bitumen(Tar),Dry,Not Applicable,Clear,Outer Ring Road new horizon college kadubisanahalli,1,5,0.0,0.0,0,0,0.0,0.0
Bengaluru City,Airport Traffic PS,1.04432e+16,2017,1,2,Road Accidents,Bridge,City/Town,Narrow bridge or culverts,Human Error,Yes,Fatal,Hit and Run,Give way sign,Others,Arterial,Bitumen(Tar),Dry,Not Applicable,Clear,Outer Ring Road Kadubisanahalli Under Pass,1,5,0.0,0.0,0,0,0.0,0.0
Bengaluru City,Airport Traffic PS,1.04432e+16,2017,1,2,Road Accidents,Other,City/Town,At pedestrian Crossing,Not Applicable,No,Simple Injury,Hit pedestrian,Give way sign,Others,Arterial,Bitumen(Tar),Dry,Not Applicable,Clear,Outer Ring Road Near Country Club,1,6 km,0.0,0.0,0,0,0.0,0.0
Bengaluru City,Airport Traffic PS,1.04432e+16,2017,1,1,Road Accidents,Culvert,City/Town,Narrow bridge or culverts,Vehicle Defect,No,Simple Injury,Hit pedestrian,Controlled,Others,Arterial,Bitumen(Tar),Dry,Not Applicable,Clear,Varturu Main Road Near Spice Garden,1,6km,0.0,0.0,0,0,0.0,0.0
Bengaluru City,Airport Traffic PS,1.04432e+16,2017,1,2,Road Accidents,Other,City/Town,In bazaar,Human Error,No,Grievous Injury,Others,Not Applicable,Incline,Others,Bitumen(Tar),Dry,No influence on accident,Clear,HAL Market,1,1,0.0,0.0,0,0,0.0,0.0
Bengaluru City,Airport Traffic PS,1.04432e+16,2017,1,1,Road Accidents,Other,City/Town,Near Bus stop,Human Error,No,Fatal,Hit pedestrian,Signals (Working),Others,Arterial,Bitumen(Tar),Dry,No influence on accident,Clear,OUTER RING ROAD NEAR KARTHIC NAGARA BUS STOP,1,5,0.0,0.0,0,0,0.0,0.0
Bengaluru City,Airport Traffic PS,1.04432e+16,2017,1,1,Road Accidents,Other,City/Town,At pedestrian Crossing,Human Error,No,Fatal,Hit pedestrian,No signal lights,Others,City or Town Road,Bitumen(Tar),Dry,No influence on accident,Clear,outer ring road,1,5,0.0,0.0,0,0,0.0,0.0
Bengaluru City,Airport Traffic PS,1.04432e+16,2017,1,1,Road Accidents,Other,City/Town,At pedestrian Crossing,Human Error,Yes,Fatal,Hit and Run,No signal lights,Others,Arterial,Bitumen(Tar),Dry,No influence on accident,Clear,VINTANAL ROAD,1,1.5,0.0,0.0,0,0,0.0,0.0
Bengaluru City,Airport Traffic PS,1.04432e+16,2017,1,1,Road Accidents,Other,City/Town,Near School or College,Human Error,Yes,Simple Injury,Hit and Run,Give way sign,Others,Arterial,Bitumen(Tar),Dry,Not Applicable,Clear,Outer Ring Road new horizon college kadubisanahalli,1,5km,0.0,0.0,0,0,0.0,0.0
Bengaluru City,Airport Traffic PS,1.04432e+16,2017,1,1,Road Accidents,Other,City/Town,Near or inside a village,Human Error,No,Simple Injury,Head on,Controlled,Others,Arterial,Bitumen(Tar),Dry,Not Applicable,Clear,panatturu Main Road  Kadubisanahalli,1,6km,0.0,0.0,0,0,0.0,0.0
Bengaluru City,Airport Traffic PS,1.04432e+16,2017,1,1,Road Accidents,Culvert,City/Town,Near Bus stop,Vehicle Defect,No,Simple Injury,Hit pedestrian,Give way sign,Others,Arterial,Bitumen(Tar),Dry,Not Applicable,Clear,Outer Ring Road  Near Marathahalli Home  Town,1,6km,0.0,0.0,0,0,0.0,0.0
Bengaluru City,Airport Traffic PS,1.04432e+16,2017,1,2,Road Accidents,Other,City/Town,Near a factory industrial area,Vehicle Defect,No,Simple Injury,Hit bicyclist,Give way sign,Others,Arterial,Bitumen(Tar),Dry,Not Applicable,Clear,Varturu Main Road Near Hal Gate,1,1km,0.0,0.0,0,0,0.0,0.0
Bengaluru City,Airport Traffic PS,1.04432e+16,2017,1,1,Road Accidents,Other,City/Town,Near Hospital,Human Error,No,Grievous Injury,Hit pedestrian,No signal lights,Hump,Others,Bitumen(Tar),Dry,No influence on accident,Others,Outer Ring Road Main Road,1,1,0.0,0.0,0,0,0.0,0.0
Bengaluru City,Airport Traffic PS,1.04432e+16,2017,1,2,Road Accidents,Other,City/Town,Near a factory industrial area,Human Error,Yes,Not Applicable,Hit and Run,Not Applicable,Others,Arterial,Bitumen(Tar),Dry,No influence on accident,Clear,prestige tec park kadubisanahalli ring road,1,6,12.94307,77.69218,0,0,0.0,0.0
Bengaluru City,Airport Traffic PS,1.04432e+16,2017,1,1,Road Accidents,Culvert,City/Town,Near Hospital,Human Error,No,Simple Injury,Hit pedestrian,Give way sign,Others,Arterial,Bitumen(Tar),Dry,No influence on accident,Clear,NEAR FLY OVER DEVARABISANAHALLI OUTER RINGB ROAD,1,6,0.0,0.0,0,0,0.0,0.0
Bengaluru City,Airport Traffic PS,1.04432e+16,2017,1,2,Road Accidents,Culvert,City/Town,Narrow bridge or culverts,Human Error,No,Simple Injury,Hit bicyclist,Give way sign,Not Applicable,Arterial,Bitumen(Tar),Dry,No influence on accident,Clear,ON THE BRIDGE KADUBISANAHALLI OUTER RING ROAD,1,6,0.0,0.0,0,0,0.0,0.0
Bengaluru City,Airport Traffic PS,1.04432e+16,2017,1,2,Road Accidents,Bridge,City/Town,Narrow bridge or culverts,Vehicle Defect,No,Simple Injury,Hit bicyclist,Not at  Junction,Others,Arterial,Bitumen(Tar),Dry,Not Applicable,Clear,"Outer Ring Road Kadubisanahalli  , Service Road",1,6 km,0.0,0.0,0,0,0.0,0.0
Bengaluru City,Airport Traffic PS,1.04432e+16,2017,1,2,Road Accidents,Other,Rural Areas,Near Bus stop,Human Error,No,Fatal,Others,No signal lights,Straight and flat,Two way,Concrete,Others,Not Applicable,Others,Panathur Main Road,nagarjun hotel,8km,0.0,0.0,0,1,0.0,1.0
Bengaluru City,Airport Traffic PS,1.04432e+16,2017,1,1,Road Accidents,Other,City/Town,Near Bus stop,Human Error,No,Grievous Injury,Others,No signal lights,Others,Others,Bitumen(Tar),Dry,No influence on accident,Clear,Airport Main Road,1,2,0.0,0.0,0,0,0.0,0.0
Bengaluru City,Airport Traffic PS,1.04432e+16,2017,1,1,Road Accidents,Other,City/Town,Near Bus stop,Human Error,Yes,Grievous Injury,Others,No signal lights,Hump,Two way,Bitumen(Tar),Dry,No influence on accident,Clear,Graphite india Road,1,1,0.0,0.0,0,0,0.0,0.0
Bengaluru City,Airport Traffic PS,1.04432e+16,2017,1,1,Road Accidents,Other,City/Town,Near Bus stop,Human Error,No,Grievous Injury,Hit pedestrian,No signal lights,Others,Service Road,Bitumen(Tar),Dry,No influence on accident,Clear,Outer Ring Road Main Road,A to B,1,0.0,0.0,0,0,0.0,0.0
Bengaluru City,Airport Traffic PS,1.04432e+16,2017,1,1,Road Accidents,Other,City/Town,Near or inside a village,Human Error,Yes,Grievous Injury,Others,Not Applicable,Others,Arterial,Bitumen(Tar),Dry,No influence on accident,Clear,NEAR LAKSHMI NARASIMHA TEMPLE MUNEKOLALU,1,6,0.0,0.0,0,0,0.0,0.0
Bengaluru City,Airport Traffic PS,1.04432e+16,2017,1,2,Road Accidents,Other,City/Town,Near a factory industrial area,Vehicle Defect,No,Damage Only,Others,Give way sign,Hump,Arterial,Bitumen(Tar),Dry,No influence on accident,Clear,VARTHURU MAIN ROAD NEAR5 HAL MUSIAM,1,4,0.0,0.0,0,0,0.0,0.0
Bengaluru City,Airport Traffic PS,1.04432e+16,2017,1,1,Road Accidents,Culvert,City/Town,Narrow bridge or culverts,Human Error,No,Fatal,Hit pedestrian,Give way sign,Others,Arterial,Bitumen(Tar),Dry,No influence on accident,Clear,outer ring road marathahalli under pass,1,5,0.0,0.0,0,0,0.0,0.0
Bengaluru City,Airport Traffic PS,1.04432e+16,2017,1,1,Road Accidents,Other,City/Town,Near office complex,Human Error,Yes,Grievous Injury,Others,No signal lights,Others,Others,Bitumen(Tar),Dry,No influence on accident,Fog / Mist,"Airport Main Road,",1,1,0.0,0.0,0,0,0.0,0.0
Bengaluru City,Airport Traffic PS,1.04432e+16,2017,1,2,Road Accidents,Bridge,City/Town,Near Hospital,Human Error,No,Grievous Injury,Head on,No signal lights,Others,Others,Bitumen(Tar),Dry,No influence on accident,Clear,Outer Ring Road Main Road,1,2,12.929788,77.68449,0,0,0.0,0.0
Bengaluru City,Airport Traffic PS,1.04432e+16,2017,1,1,Road Accidents,Other,City/Town,Near a factory industrial area,Human Error,Yes,Fatal,Hit pedestrian,Not Applicable,Not Applicable,Arterial,Bitumen(Tar),Dry,No influence on accident,Clear,VRTHUR MAIN ROAD HAL SPORTS CLUB,1,1.5,0.0,0.0,0,0,0.0,0.0
Bengaluru City,Airport Traffic PS,1.04432e+16,2017,1,2,Road Accidents,Other,City/Town,Narrow bridge or culverts,Human Error,No,Damage Only,Hit and Run,Give way sign,Others,Arterial,Bitumen(Tar),Dry,Not Applicable,Clear,NEAR KALAMANDIR O0UTER RING ROAD MARATAHALLI,1,5,0.0,0.0,0,0,0.0,0.0
Bengaluru City,Airport Traffic PS,1.04432e+16,2017,1,2,Road Accidents,Narrow road,City/Town,Near Bus stop,Vehicle Defect,Not Applicable,Damage Only,Hit parked vehicle,Signal lights Blinking,Straight and flat,Arterial,Bitumen(Tar),Dry,No influence on accident,Clear,varturu main road  near yamaluru junction,1,3,0.0,0.0,0,0,0.0,0.0
Bengaluru City,Airport Traffic PS,1.04432e+16,2017,1,1,Road Accidents,Other,City/Town,Near Bus stop,Human Error,No,Simple Injury,Hit pedestrian,Give way sign,Others,Arterial,Bitumen(Tar),Dry,Not Applicable,Clear,KALAMANDIR BUS STOP,1,5,12.95977,77.7016,0,0,0.0,0.0
Bengaluru City,Airport Traffic PS,1.04432e+16,2017,1,2,Road Accidents,Other,City/Town,Near Bus stop,Human Error,No,Simple Injury,Hit bicyclist,Signal lights Automatic,Others,Arterial,Bitumen(Tar),Dry,Not Applicable,Clear,Near kundalahalli signal,1,5 km,0.0,0.0,0,0,0.0,0.0
Bengaluru City,Airport Traffic PS,1.04432e+16,2017,1,1,Road Accidents,Curves,City/Town,Near School or College,Not Applicable,No,Damage Only,Others,Controlled,Incline,Arterial,Bitumen(Tar),Dry,Not Applicable,Clear,Varturu Main Road Near Nava Pragna School,1,6km,0.0,0.0,0,0,0.0,0.0
Bengaluru City,Airport Traffic PS,1.04432e+16,2017,1,1,Road Accidents,Other,City/Town,Near Hospital,Human Error,Yes,Grievous Injury,Hit pedestrian,No signal lights,Others,Two way,Bitumen(Tar),Dry,No influence on accident,Others,Outer Ring Road  Near Karthik Nagar,1,2,0.0,0.0,0,0,0.0,0.0
Bengaluru City,Airport Traffic PS,1.04432e+16,2017,1,2,Road Accidents,Culvert,City/Town,Narrow bridge or culverts,Human Error,Yes,Not Applicable,Hit and Run,No signal lights,Not Applicable,Arterial,Bitumen(Tar),Dry,No influence on accident,Clear,OUTERRING ROAD MARATAHALLI UNDER PASS,1,5KM,0.0,0.0,0,0,0.0,0.0
Bengaluru City,Airport Traffic PS,1.04432e+16,2017,1,2,Road Accidents,Other,Rural Areas,Near Hospital,Vehicle Defect,No,Damage Only,Others,Give way sign,Not Applicable,Arterial,Bitumen(Tar),Dry,No influence on accident,Clear,NEAR JEEVIKA HOSPITAL OUTER RING ROAD,1,5,0.0,0.0,0,0,0.0,0.0
Bengaluru City,Airport Traffic PS,1.04432e+16,2017,1,1,Road Accidents,Other,City/Town,Near School or College,Human Error,No,Grievous Injury,Hit pedestrian,Give way sign,Curve,Arterial,Bitumen(Tar),Dry,No influence on accident,Clear,BROOK FIELD MAIN ROAD NEAR RAYAN SCHOOL,1,8,0.0,0.0,0,0,0.0,0.0
Bengaluru City,Airport Traffic PS,1.04432e+16,2017,1,1,Road Accidents,Other,City/Town,Near Bus stop,Vehicle Defect,Yes,Simple Injury,Hit and Run,Give way sign,Hump,Arterial,Bitumen(Tar),Dry,Not Applicable,Clear,Varturu Main Road Near Hal Gate,1,1km,0.0,0.0,0,0,0.0,0.0
Bengaluru City,Airport Traffic PS,1.04432e+16,2017,1,1,Road Accidents,Cross roads,City/Town,Near or inside a village,Human Error,Yes,Fatal,Hit and Run,Controlled,Others,Village Road,Gravel,Dry,Not Applicable,Clear,Munekolalu Main Road SGR Near Dentel College,1,6 km,0.0,0.0,0,0,3.0,3.0