DISTRICTNAME,UNITNAME,Crime_No,Year,RI,Noofvehicle_involved,Accident_Classification,Accident_Spot,Accident_Location,Accident_SubLocation,Main_Cause,Hit_Run,Severity,Collision_Type,Junction_Control,Road_Character,Road_Type,Surface_Type,Surface_Condition,Road_Condition,Weather,Accident_Road,Landmark_first,Distance_LandMark_First,Latitude,Longitude,Road_Condition_Score,Surface_Condition_Score,Surface_Type_Score,Road_Risk_Index
Bengaluru City,Airport Traffic PS,1.04432e+16,2017,1,1,Road Accidents,Culvert,City/Town,Narrow bridge or culverts,Human Error,Yes,Fatal,Hit pedestrian,Not Applicable,Others,Arterial,Bitumen(Tar),Dry,No influence on accident,Clear,MARATAHALLI BRIDGE NEAR HOTEL TANDURI POINT,1,5,0.0,0.0,0,0,0.0,0.0
Bengaluru City,Airport Traffic PS,1.04432e+16,2017,1,1,Road Accidents,Narrow road,City/Town,Near School or College,Human Error,No,Grievous Injury,Hit pedestrian,Give way sign,Others,Arterial,Bitumen(Tar),Dry,No influence on accident,Clear,NEAR NEW HORRIZEN COLLEGE,1,6,0.0,0.0,0,0,0.0,0.0
Bengaluru City,Airport Traffic PS,1.04432e+16,2017,1,2,Road Accidents,Culvert,City/Town,Narrow bridge or culverts,Human Error,No,Fatal,Hit bicyclist,Give way sign,Others,Arterial,Bitumen(Tar),Dry,No influence on accident,Clear,OUTER RING ROAD MARATHAHALLI UNDER PASS,1,5,0.0,0.0,0,0,0.0,0.0
Bengaluru City,Airport Traffic PS,1.04432e+16,2017,1,2,Road Accidents,Other,City/Town,Near office complex,Human Error,No,Grievous Injury,Head on,No signal lights,Hump,Two way,Bitumen(Tar),Dry,No influence on accident,Clear,1,1,1,0.0,0.0,0,0,0.0,0.0
Bengaluru City,Airport Traffic PS,1.04432e+16,2017,1,2,Road Accidents,Bridge,City/Town,Narrow bridge or culverts,Not Applicable,Yes,Simple Injury,Hit and Run,Give way sign,Others,Arterial,Bitumen(Tar),Dry,Not Applicable,Clear,Varturu Main Road Near Marathahalli Bridge,1,5km,0.0,0.0,0,0,0.0,0.0
Bengaluru City,Airport Traffic PS,1.04432e+16,2017,1,1,Road Accidents,Other,City/Town,Near Hospital,Human Error,No,Grievous Injury,Hit pedestrian,No signal lights,Others,Others,Bitumen(Tar),Dry,No influence on accident,Clear,Airport Main Road,1,13,0.0,0.0,0,0,0.0,0.0
Bengaluru City,Airport Traffic PS,1.04432e+16,2017,1,1,Road Accidents,Other,City/Town,Near Bus stop,Human Error,No,Grievous Injury,Hit pedestrian,No signal lights,Others,Others,Bitumen(Tar),Dry,No influence on accident,Others,Outer Ring Road Main Road,1,6,12.93341,77.69136,0,0,0.0,0.0
Bengaluru City,Airport Traffic PS,1.04432e+16,2017,1,1,Rail Road Accidents,Other,City/Town,Near a recreation place/cinema,Not Applicable,Yes,Simple Injury,Hit and Run,Controlled,Others,Arterial,Bitumen(Tar),Dry,Not Applicable,Clear,Outer Ring Road  Near Maltiplex,1,6km,0.0,0.0,0,0,0.0,0.0
Bengaluru City,Airport Traffic PS,1.04432e+16,2018,1,2,Road Accidents,T Junction,City/Town,Near office complex,Human Error,Yes,Fatal,Hit and Run,No signal lights,Others,Two way,Bitumen(Tar),Dry,No influence on accident,Clear,Devarabisanahalli,1,6,0.0,0.0,0,0,0.0,0.0
Bengaluru City,Airport Traffic PS,1.04432e+16,2018,1,1,Road Accidents,Not Applicable,City/Town,Near Bus stop,Not Applicable,No,Grievous Injury,Not Applicable,Uncontrolled,Not Applicable,Service Road,Bitumen(Tar),Dry,Not Applicable,Others,Outer ring Road Near Bustop Service Road,A,5,0.0,0.0,0,0,0.0,0.0
Bengaluru City,Airport Traffic PS,1.04432e+16,2018,1,1,Road Accidents,Other,City/Town,Near Hospital,Human Error,Yes,Fatal,Hit pedestrian,No signal lights,Others,Others,Bitumen(Tar),Dry,No influence on accident,Clear,outer irng road,1,7,12.951115,77.699668,0,0,0.0,0.0
Bengaluru City,Airport Traffic PS,1.04432e+16,2018,1,2,Road Accidents,Not Applicable,City/Town,Near Bus stop,Vehicle Defect,Yes,Simple Injury,Hit and Run,No signal lights,Others,City or Town Road,Not Applicable,Dry,No influence on accident,Clear,Varthuru main road,Near HAL MUSIUM,2,0.0,0.0,0,0,0.0,0.0
Bengaluru City,Airport Traffic PS,1.04432e+16,2018,1,1,Road Accidents,Other,City/Town,Near a religious place,Vehicle Defect,No,Simple Injury,Others,No signal lights,Others,City or Town Road,Bitumen(Tar),Dry,No influence on accident,Clear,Kundalahalli Kateramma tempale,Kateramma temple,7km,0.0,0.0,0,0,0.0,0.0
Bengaluru City,Airport Traffic PS,1.04432e+16,2018,1,1,Road Accidents,Other,City/Town,Near Hospital,Human Error,No,Grievous Injury,Others,No signal lights,Others,Others,Bitumen(Tar),Dry,No influence on accident,Clear,Varthur Main Road MARATHAHALLI BRIDGE,1,4,0.0,0.0,0,0,0.0,0.0
Bengaluru City,Airport Traffic PS,1.04432e+16,2018,1,2,Road Accidents,Circle,City/Town,Near Bus stop,Human Error,No,Simple Injury,Head on,No signal lights,Others,Service Road,Bitumen(Tar),Dry,No influence on accident,Clear,Karthiknagar,Outer Ring Road,5,0.0,0.0,0,0,0.0,0.0
Bengaluru City,Airport Traffic PS,1.04432e+16,2018,1,2,Road Accidents,Other,City/Town,In bazaar,Human Error,No,Grievous Injury,Others,No signal lights,Others,Others,Bitumen(Tar),Dry,No influence on accident,Clear,outer irng road,1,5,0.0,0.0,0,0,0.0,0.0
Bengaluru City,Airport Traffic PS,1.04432e+16,2018,1,1,Road Accidents,Bridge,City/Town,Narrow bridge or culverts,Vehicle Defect,Yes,Simple Injury,Hit and Run,No signal lights,Others,Service Road,Bitumen(Tar),Dry,No influence on accident,Fine,service road,marathalli bridge,7 km,0.0,0.0,0,0,0.0,0.0
Bengaluru City,Airport Traffic PS,1.04432e+16,2018,1,1,Rail Road Accidents,Narrow road,City/Town,Near a factory industrial area,Vehicle Defect,Yes,Simple Injury,Hit and Run,No signal lights,Others,City or Town Road,Bitumen(Tar),Dry,No influence on accident,Clear,Varthuru main Road,Marathalli Brand Factory,4,0.0,0.0,0,0,0.0,0.0
Bengaluru City,Airport Traffic PS,1.04432e+16,2018,1,1,Rail Road Accidents,Culvert,City/Town,Near Bus stop,Vehicle Defect,Yes,Simple Injury,Hit and Run,Signal lights Blinking,Others,City or Town Road,Bitumen(Tar),Dry,No influence on accident,Clear,Kadubesanahalli,JP Morgon,7,0.0,0.0,0,0,0.0,0.0
Bengaluru City,Airport Traffic PS,1.04432e+16,2018,1,1,Road Accidents,Culvert,City/Town,Near a recreation place/cinema,Vehicle Defect,Yes,Simple Injury,Hit and Run,No signal lights,Curve,City or Town Road,Bitumen(Tar),Dry,No influence on accident,Clear,Outer ring road,Multiflex theater,04km,0.0,0.0,0,0,0.0,0.0
Bengaluru City,Airport Traffic PS,1.04432e+16,2018,1,2,Road Accidents,Other,City/Town,Near a factory industrial area,Not Applicable,No,Simple Injury,Others,No signal lights,Others,City or Town Road,Bitumen(Tar),Dry,No influence on accident,Clear,Near HAL Helicopter Division,HAL Helicopter Division,1km,0.0,0.0,0,0,0.0,0.0
Bengaluru City,Airport Traffic PS,1.04432e+16,2018,1,1,Road Accidents,Other,City/Town,Near or inside a village,Human Error,No,Fatal,Hit pedestrian,Controlled,Others,Arterial,Bitumen(Tar),Dry,Not Applicable,Clear,Vibhutipura Main Road Vinayaka Nagara Near Sri Maha Vinayaka Temple,1,1 KM,0.0,0.0,0,0,0.0,0.0
Bengaluru City,Airport Traffic PS,1.04432e+16,2018,1,1,Road Accidents,Other,City/Town,Near Hospital,Human Error,Yes,Fatal,Hit pedestrian,No signal lights,Others,Others,Bitumen(Tar),Dry,No influence on accident,Clear,Outer Ring Road  Near Karthik Nagar,1,1,0.0,0.0,0,0,0.0,0.0
Bengaluru City,Airport Traffic PS,1.04432e+16,2018,1,1,Road Accidents,Other,City/Town,Near Bus stop,Not Applicable,No,Grievous Injury,Not Applicable,Uncontrolled,Not Applicable,City or Town Road,Bitumen(Tar),Dry,Not Applicable,Fine,Outer Ring Road Near Croma Store Opp,A,7,0.0,0.0,0,0,0.0,0.0
Bengaluru City,Airport Traffic PS,1.04432e+16,2018,1,1,Road Accidents,Other,City/Town,Near Bus stop,Human Error,Yes,Grievous Injury,Hit pedestrian,No signal lights,Others,Others,Bitumen(Tar),Dry,No influence on accident,Clear,Marathahalli Bus Stop,1,2,0.0,0.0,0,0,0.0,0.0
Bengaluru City,Airport Traffic PS,1.04432e+16,2018,1,1,Road Accidents,Other,City/Town,Near Hospital,Human Error,No,Fatal,Others,No signal lights,Others,Others,Bitumen(Tar),Dry,No influence on accident,Clear,outer irng road,1,5,0.0,0.0,0,0,0.0,0.0
Bengaluru City,Airport Traffic PS,1.04432e+16,2018,1,2,Road Accidents,Other,City/Town,Near Hospital,Human Error,Yes,Simple Injury,Head on,No signal lights,Others,Others,Bitumen(Tar),Dry,No influence on accident,Clear,outer irng road,1,06 Km,0.0,0.0,0,0,0.0,0.0
Bengaluru City,Airport Traffic PS,1.04432e+16,2018,1,2,Road Accidents,More than four arms,City/Town,Near a recreation place/cinema,Vehicle Defect,Yes,Fatal,Hit and Run,No signal lights,Curve,City or Town Road,Bitumen(Tar),Dry,No influence on accident,Clear,Outer ring road,Welsforgo company,7,12.9350036,77.6906,0,0,0.0,0.0
Bengaluru City,Airport Traffic PS,1.04432e+16,2018,1,1,Road Accidents,Curves,City/Town,Narrow bridge or culverts,Vehicle Defect,No,Simple Injury,Others,No signal lights,Curve and Incline,City or Town Road,Bitumen(Tar),Dry,No influence on accident,Clear,Marathalli,Poorvankur Overiya,3km,0.0,0.0,0,0,0.0,0.0
Bengaluru City,Airport Traffic PS,1.04432e+16,2018,1,2,Road Accidents,Other,City/Town,Near School or College,Human Error,Yes,Fatal,Hit and Run,Controlled,Others,Arterial,Bitumen(Tar),Dry,Not Applicable,Clear,Panatturu Main Road Near Panatturu Govt School,1,6 KM,0.0,0.0,0,0,0.0,0.0
Bengaluru City,Airport Traffic PS,1.04432e+16,2018,1,2,Road Accidents,Other,City/Town,Near or inside a village,Not Applicable,Yes,Grievous Injury,Hit and Run,Not at  Junction,Others,Two way,Bitumen(Tar),Dry,Not Applicable,Clear,Yamalur Main Road Near Eshwari Temple,A,4 KM,0.0,0.0,0,0,0.0,0.0
Bengaluru City,Airport Traffic PS,1.04432e+16,2018,1,3,Road Accidents,Other,City/Town,Near a factory industrial area,Vehicle Defect,No,Not Applicable,Others,Give way sign,Others,Arterial,Bitumen(Tar),Dry,Not Applicable,Clear,Varthuru main road Near over hal division,1,1KM,0.0,0.0,0,0,0.0,0.0
Bengaluru City,Airport Traffic PS,1.04432e+16,2018,1,2,Road Accidents,Other,City/Town,Near Hospital,Human Error,No,Grievous Injury,Others,No signal lights,Others,Others,Bitumen(Tar),Dry,No influence on accident,Clear,Varthur Main Road NearKundalahalli Signle,1,4,0.0,0.0,0,0,0.0,0.0
Bengaluru City,Airport Traffic PS,1.04432e+16,2018,1,1,Road Accidents,Other,City/Town,Near Bus stop,Not Applicable,No,Not Applicable,Not Applicable,Not Applicable,Not Applicable,Others,Bitumen(Tar),Dry,Not Applicable,Fine,Outer Ring Road Near Devarabisanahalli bus Stop,A,8KM,0.0,0.0,0,0,0.0,0.0
Bengaluru City,Airport Traffic PS,1.04432e+16,2018,1,1,Road Accidents,Other,City/Town,Near School or College,Human Error,Yes,Grievous Injury,Hit pedestrian,No signal lights,Others,One way,Bitumen(Tar),Dry,No influence on accident,Clear,New Horizone College,1,7,0.0,0.0,0,0,0.0,0.0
Bengaluru City,Airport Traffic PS,1.04432e+16,2018,1,2,Road Accidents,Other,City/Town,Near School or College,Human Error,No,Simple Injury,Head on,No signal lights,Others,Others,Bitumen(Tar),Dry,No influence on accident,Clear,ANNASANDRA PALYA,1,1,0.0,0.0,0,0,0.0,0.0
Bengaluru City,Airport Traffic PS,1.04432e+16,2018,1,1,Road Accidents,Other,City/Town,Open area,Not Applicable,Yes,Grievous Injury,Hit and Run,Not at  Junction,Others,Service Road,Bitumen(Tar),Dry,Not Applicable,Clear,Outer Ring Road Near Marathalli Service road,A,4 Km,0.0,0.0,0,0,0.0,0.0
Bengaluru City,Airport Traffic PS,1.04432e+16,2018,1,3,Road Accidents,Other,City/Town,Residential area,Not Applicable,Yes,Fatal,Hit and Run,Uncontrolled,Others,Others,Not Applicable,Dry,Not Applicable,Others,Devarabisanahalli Mainr road Near Dr. BR Ambedkar Stachu,A,7,0.0,0.0,0,0,0.0,0.0
Bengaluru City,Airport Traffic PS,1.04432e+16,2018,1,2,Road Accidents,Other,City/Town,Residential area,Not Applicable,Yes,Damage Only,Not Applicable,Uncontrolled,Not Applicable,Others,Bitumen(Tar),Dry,Not Applicable,Clear,Panathur Main Road,A,7,0.0,0.0,0,0,0.0,0.0
Bengaluru City,Airport Traffic PS,1.04432e+16,2018,1,2,Road Accidents,Other,City/Town,Near Bus stop,Human Error,No,Damage Only,Overturning,No signal lights,Others,Two way,Bitumen(Tar),Dry,No influence on accident,Clear,Kundalahalli Junction,1,5km,12.956117,77.711939,0,0,0.0,0.0
Bengaluru City,Airport Traffic PS,1.04432e+16,2018,1,2,Road Accidents,Curves,City/Town,Near office complex,Human Error,Yes,Fatal,Others,No signal lights,Others,Others,Bitumen(Tar),Dry,No influence on accident,Clear,Doddenakundi Main Road near HAL Management Center,1,4,12.965281,77.692442,0,0,0.0,0.0
Bengaluru City,Airport Traffic PS,1.04432e+16,2018,1,2,Road Accidents,Other,City/Town,Near Bus stop,Not Applicable,Yes,Simple Injury,Others,No signal lights,Others,City or Town Road,Bitumen(Tar),Dry,No influence on accident,Clear,Outer Ring road,Karthik nagar U turn,6km,0.0,0.0,0,0,0.0,0.0
Bengaluru City,Airport Traffic PS,1.04432e+16,2018,1,1,Road Accidents,Other,City/Town,Near Hospital,Not Applicable,Yes,Fatal,Hit and Run,Controlled,Others,Arterial,Bitumen(Tar),Dry,Not Applicable,Clear,Outer Ring Road  Near Marathahalli Near Vims Hospital,1,5km,0.0,0.0,0,0,0.0,0.0
Bengaluru City,Airport Traffic PS,1.04432e+16,2018,1,2,Road Accidents,Curves,City/Town,Near or inside a village,Not Applicable,No,Grievous Injury,Hit and Run,Controlled,Curve,Arterial,Bitumen(Tar),Dry,Not Applicable,Clear,Near yamaluru Lake Road,1,5KM,0.0,0.0,0,0,0.0,0.0
Bengaluru City,Airport Traffic PS,1.04432e+16,2018,1,1,Road Accidents,Other,City/Town,Near Hospital,Human Error,Yes,Simple Injury,Hit pedestrian,No signal lights,Others,Others,Bitumen(Tar),Dry,No influence on accident,Clear,Outer Ring Road  Near Karthik Nagar,1,5,0.0,0.0,0,0,0.0,0.0
Bengaluru City,Airport Traffic PS,1.04432e+16,2018,1,2,Road Accidents,Junction,City/Town,Near Hospital,Human Error,Yes,Grievous Injury,Head on,No signal lights,Others,Service Road,Bitumen(Tar),Dry,No influence on accident,Fine,Outer Ring Road  Near Karthik Nagar,1,5 km,0.0,0.0,0,0,0.0,0.0
Bengaluru City,Airport Traffic PS,1.04432e+16,2018,1,2,Road Accidents,Other,City/Town,Near Bus stop,Human Error,No,Grievous Injury,Head on,No signal lights,Others,Others,Bitumen(Tar),Dry,Engineering Defect of Road,Clear,HAL JUNCTION,1,1,0.0,0.0,4,0,0.0,4.0
Bengaluru City,Airport Traffic PS,1.04432e+16,2018,1,3,Road Accidents,Other,City/Town,Near Bus stop,Human Error,Yes,Grievous Injury,Head on,No signal lights,Others,Others,Bitumen(Tar),Dry,No influence on accident,Clear,"Outer Ring Road Kadubisanahalli  , Service Road",1,1,0.0,0.0,0,0,0.0,0.0
Bengaluru City,Airport Traffic PS,1.04432e+16,2018,1,1,Road Accidents,Other,City/Town,Near Bus stop,Human Error,No,Grievous Injury,Others,No signal lights,Others,NH,Bitumen(Tar),Dry,No influence on accident,Fine,Outer Ring Road  Near Karthik Nagar,1,2,0.0,0.0,0,0,0.0,0.0
Bengaluru City,Airport Traffic PS,1.04432e+16,2018,1,1,Road Accidents,Other,City/Town,At pedestrian Crossing,Not Applicable,Yes,Grievous Injury,Hit and Run,Not Applicable,Others,Two way,Bitumen(Tar),Dry,No influence on accident,Clear,Tulasi Theater Main Road Siddiq Hotel,A,3 KM,0.0,0.0,0,0,0.0,0.0
Bengaluru City,Airport Traffic PS,1.04432e+16,2018,1,2,Road Accidents,Other,City/Town,Open area,Not Applicable,No,Grievous Injury,Others,Controlled,Others,Service Road,Bitumen(Tar),Dry,No influence on accident,Clear,Outer Ring Road Near Devarabisanahalli Service road,A,7 KM,0.0,0.0,0,0,0.0,0.0
Bengaluru City,Airport Traffic PS,1.04432e+16,2018,1,1,Road Accidents,Other,City/Town,Near Hospital,Human Error,No,Fatal,Hit pedestrian,No signal lights,Others,Others,Bitumen(Tar),Dry,No influence on accident,Clear,Varthur Main Road MARATHAHALLI Yashomathi Hospital,1,5,0.0,0.0,0,0,0.0,0.0
Bengaluru City,Airport Traffic PS,1.04432e+16,2018,1,1,Road Accidents,Other,City/Town,Near Bus stop,Human Error,Yes,Simple Injury,Hit pedestrian,No signal lights,Others,Others,Bitumen(Tar),Dry,No influence on accident,Clear,outer irng road,1,7,0.0,0.0,0,0,0.0,0.0
Bengaluru City,Airport Traffic PS,1.04432e+16,2018,1,1,Road Accidents,Other,City/Town,Near Bus stop,Human Error,Yes,Grievous Injury,Others,No signal lights,Others,Others,Bitumen(Tar),Dry,No influence on accident,Clear,outer irng road,1,5 km,0.0,0.0,0,0,0.0,0.0
Bengaluru City,Airport Traffic PS,1.04432e+16,2018,1,2,Road Accidents,Cross roads,City/Town,Narrow bridge or culverts,Vehicle Defect,No,Simple Injury,Others,No signal lights,Curve,City or Town Road,Bitumen(Tar),Dry,No influence on accident,Clear,Varthuru main road,Basavanagara Cross,3km,0.0,0.0,0,0,0.0,0.0
Bengaluru City,Airport Traffic PS,1.04432e+16,2018,1,1,Road Accidents,Other,City/Town,Near Bus stop,Human Error,No,Fatal,Hit pedestrian,No signal lights,Others,Others,Bitumen(Tar),Dry,No influence on accident,Clear,outer irng road,1,5,0.0,0.0,0,0,0.0,0.0
Bengaluru City,Airport Traffic PS,1.04432e+16,2018,1,2,Road Accidents,Other,City/Town,Open area,Vehicle Defect,Yes,Simple Injury,Hit and Run,Controlled,Others,Arterial,Bitumen(Tar),Dry,Not Applicable,Clear,Outer Ring Road  Near Bajaj Show Room Service Road Maratahalli,1,5km,0.0,0.0,0,0,0.0,0.0
Bengaluru City,Airport Traffic PS,1.04432e+16,2018,1,1,Road Accidents,Cross roads,City/Town,At pedestrian Crossing,Not Applicable,No,Simple Injury,Hit pedestrian,Controlled,Others,Arterial,Bitumen(Tar),Dry,Not Applicable,Clear,Munekolalu Main Road Manjunatha Layout 14th Cross Near Bluestar AC Company,1,6km,0.0,0.0,0,0,0.0,0.0
Bengaluru City,Airport Traffic PS,1.04432e+16,2018,1,2,Road Accidents,Other,City/Town,Narrow bridge or culverts,Vehicle Defect,No,Damage Only,Others,Controlled,Others,Arterial,Bitumen(Tar),Dry,Not Applicable,Others,Outer Ring Road Near Devarabisanahalli Bridge,1,06 Km,0.0,0.0,0,0,0.0,0.0
Bengaluru City,Airport Traffic PS,1.04432e+16,2018,1,2,Road Accidents,Other,City/Town,Near Bus stop,Human Error,No,Damage Only,Others,No signal lights,Others,Others,Bitumen(Tar),Dry,No influence on accident,Clear,Outer Ringa road Near Devarabisanahalli Junction,1,6,0.0,0.0,0,0,0.0,0.0
Bengaluru City,Airport Traffic PS,1.04432e+16,2018,1,2,Road Accidents,Other,City/Town,Near Hospital,Human Error,Yes,Fatal,Rear end,No signal lights,Others,Others,Bitumen(Tar),Dry,No influence on accident,Cloudy,Outer Ring Road  Near Karthik Nagar Junction,1,5,0.0,0.0,0,0,0.0,0.0
Bengaluru City,Airport Traffic PS,1.04432e+16,2018,1,2,Road Accidents,Other,City/Town,Near Bus stop,Not Applicable,No,Grievous Injury,Others,Not Applicable,Others,Service Road,Bitumen(Tar),Dry,Not Applicable,Fine,Outer Ring Road Near Karthik Nagar Junction Service Road,A,5 KM,0.0,0.0,0,0,0.0,0.0
Bengaluru City,Airport Traffic PS,1.04432e+16,2018,1,1,Road Accidents,Other,City/Town,Near Hospital,Not Applicable,Yes,Fatal,Not Applicable,Uncontrolled,Not Applicable,City or Town Road,Bitumen(Tar),Dry,Not Applicable,Others,Outer Ring Road Near Vims Hospital,A,7,12.948329,77.699114,0,0,0.0,0.0
Bengaluru City,Airport Traffic PS,1.04432e+16,2018,1,1,Road Accidents,More than four arms,City/Town,At pedestrian Crossing,Not Applicable,Yes,Simple Injury,Others,No signal lights,Others,City or Town Road,Bitumen(Tar),Dry,No influence on accident,Clear,Outer Ring road,Walmart Labs,7km,0.0,0.0,0,0,0.0,0.0
Bengaluru City,Airport Traffic PS,1.04432e+16,2018,1,2,Road Accidents,Other,City/Town,Near Petrol Pump,Human Error,Yes,Damage Only,Rear end,No signal lights,Curve,Others,Bitumen(Tar),Dry,No influence on accident,Clear,Yamaluru Signal,1,4,0.0,0.0,0,0,0.0,0.0
Bengaluru City,Airport Traffic PS,1.04432e+16,2018,1,2,Road Accidents,Not Applicable,City/Town,Near Bus stop,Not Applicable,No,Fatal,Not Applicable,Uncontrolled,Not Applicable,City or Town Road,Bitumen(Tar),Dry,Not Applicable,Fine,Outer Ring Road Near Kalamandir Marathalli,A,5,0.0,0.0,0,0,0.0,0.0
Bengaluru City,Airport Traffic PS,1.04432e+16,2018,1,2,Road Accidents,Other,City/Town,Near Hospital,Human Error,Yes,Damage Only,Head on,No signal lights,Hump,Two way,Bitumen(Tar),Dry,No influence on accident,Clear,Varturu Main Road Near Spice Garden,1,5,0.0,0.0,0,0,0.0,0.0
Bengaluru City,Airport Traffic PS,1.04432e+16,2018,1,1,Road Accidents,Other,City/Town,Near Bus stop,Human Error,No,Fatal,Hit pedestrian,No signal lights,Others,Others,Bitumen(Tar),Dry,No influence on accident,Others,outer irng road,1,5,0.0,0.0,0,0,0.0,0.0
Bengaluru City,Airport Traffic PS,1.04432e+16,2018,1,2,Road Accidents,Junction,City/Town,Near Bus stop,Human Error,No,Grievous Injury,Head on,Signal lights Automatic,Others,Others,Bitumen(Tar),Dry,No influence on accident,Clear,HAL JUNCTION,1,100MTR,0.0,0.0,0,0,0.0,0.0
Bengaluru City,Airport Traffic PS,1.04432e+16,2018,1,1,Road Accidents,Other,City/Town,Near Hospital,Human Error,Yes,Fatal,Hit pedestrian,No signal lights,Hump,Others,Bitumen(Tar),Dry,No influence on accident,Clear,Outer Ring Road  Near Maltiplex,1,7,12.947558,77.698964,0,0,0.0,0.0
Bengaluru City,Airport Traffic PS,1.04432e+16,2018,1,2,Road Accidents,Other,City/Town,Near Hospital,Human Error,No,Grievous Injury,Others,No signal lights,Others,Others,Bitumen(Tar),Dry,No influence on accident,Clear,ANNASANDRA PALYA,1,1,0.0,0.0,0,0,0.0,0.0
Bengaluru City,Airport Traffic PS,1.04432e+16,2018,1,1,Rail Road Accidents,Narrow road,City/Town,Near a religious place,Vehicle Defect,No,Simple Injury,Hit pedestrian,No signal lights,Others,City or Town Road,Bitumen(Tar),Dry,No influence on accident,Clear,Mazeed Quba Road,LB Shastrinagar,1,0.0,0.0,0,0,0.0,0.0
Bengaluru City,Airport Traffic PS,1.04432e+16,2018,1,2,Road Accidents,Other,City/Town,Open area,Vehicle Defect,No,Simple Injury,Others,Not at  Junction,Others,Two way,Bitumen(Tar),Dry,Not Applicable,Clear,Doddenakundi Main Road near HAL Management Center,1,4 km,0.0,0.0,0,0,0.0,0.0
Bengaluru City,Airport Traffic PS,1.04432e+16,2018,1,1,Road Accidents,Other,City/Town,At pedestrian Crossing,Vehicle Defect,No,Simple Injury,Others,Controlled,Others,Arterial,Bitumen(Tar),Dry,Not Applicable,Clear,Outer Ring Road Near Country Club Devarabisanahalli,1,6 km,0.0,0.0,0,0,0.0,0.0
Bengaluru City,Airport Traffic PS,1.04432e+16,2018,1,2,Road Accidents,Curves,City/Town,Narrow bridge or culverts,Human Error,No,Damage Only,Head on,No signal lights,Others,One way,Bitumen(Tar),Dry,No influence on accident,Others,outer irng road,a,6,0.0,0.0,0,0,0.0,0.0
Bengaluru City,Airport Traffic PS,1.04432e+16,2018,1,1,Road Accidents,Other,City/Town,Near Bus stop,Human Error,No,Fatal,Hit pedestrian,No signal lights,Others,Others,Bitumen(Tar),Dry,No influence on accident,Clear,Basavanagar Main Road,1,3,0.0,0.0,0,0,0.0,0.0
Bengaluru City,Airport Traffic PS,1.04432e+16,2018,1,2,Road Accidents,Other,City/Town,Near or inside a village,Human Error,No,Grievous Injury,Head on,No signal lights,Others,Others,Bitumen(Tar),Dry,No influence on accident,Clear,Devarabisanahalli,1,7,0.0,0.0,0,0,0.0,0.0
Bengaluru City,Airport Traffic PS,1.04432e+16,2018,1,2,Road Accidents,More than four arms,City/Town,Near Hospital,Human Error,Yes,Grievous Injury,Head on,No signal lights,Others,Others,Bitumen(Tar),Dry,No influence on accident,Clear,outer irng road,1,2,0.0,0.0,0,0,0.0,0.0
Bengaluru City,Airport Traffic PS,1.04432e+16,2018,1,1,Road Accidents,Other,City/Town,Near Bus stop,Human Error,Yes,Grievous Injury,Hit pedestrian,No signal lights,Others,Others,Bitumen(Tar),Dry,No influence on accident,Clear,outer irng road,1,7,0.0,0.0,0,0,0.0,0.0
Bengaluru City,Airport Traffic PS,1.04432e+16,2018,1,1,Road Accidents,Other,City/Town,Near Hospital,Human Error,No,Grievous Injury,Others,No signal lights,Others,Two way,Bitumen(Tar),Dry,No influence on accident,Clear,outer irng road,1,7,0.0,0.0,0,0,0.0,0.0
Bengaluru City,Airport Traffic PS,1.04432e+16,2018,1,1,Road Accidents,Cross roads,City/Town,Near office complex,Vehicle Defect,Yes,Fatal,Hit and Run,No signal lights,Curve,City or Town Road,Bitumen(Tar),Dry,No influence on accident,Clear,Varthuru Main road,Marathalli R D Juvellery,3km,12.95597,77.692816,0,0,0.0,0.0
Bengaluru City,Airport Traffic PS,1.04432e+16,2018,1,1,Road Accidents,Other,City/Town,In bazaar,Human Error,No,Simple Injury,Hit pedestrian,No signal lights,Straight and flat,City or Town Road,Bitumen(Tar),Dry,No influence on accident,Clear,Marathhalli Main Road,Om Shakthi Fruit Shop,4KM,0.0,0.0,0,0,0.0,0.0
Bengaluru City,Airport Traffic PS,1.04432e+16,2018,1,2,Road Accidents,Junction,City/Town,Narrow bridge or culverts,Vehicle Defect,No,Simple Injury,Others,Signal lights Automatic,Others,City or Town Road,Bitumen(Tar),Dry,No influence on accident,Clear,Outer ring road,Kadubesanahalli Junction,7,0.0,0.0,0,0,0.0,0.0