DISTRICTNAME,UNITNAME,Crime_No,Year,RI,Noofvehicle_involved,Accident_Classification,Accident_Spot,Accident_Location,Accident_SubLocation,Main_Cause,Hit_Run,Severity,Collision_Type,Junction_Control,Road_Character,Road_Type,Surface_Type,Surface_Condition,Road_Condition,Weather,Accident_Road,Landmark_first,Distance_LandMark_First,Latitude,Longitude,Road_Condition_Score,Surface_Condition_Score,Surface_Type_Score,Road_Risk_Index
Bengaluru City,Airport Traffic PS,1.04432e+16,2019,1,1,Road Accidents,Circle,City/Town,Near Bus stop,Human Error,Yes,Grievous Injury,Hit pedestrian,No signal lights,Others,Others,Bitumen(Tar),Dry,No influence on accident,Clear,Varthur Main Road,1,1,0.0,0.0,0,0,0.0,0.0
Bengaluru City,Airport Traffic PS,1.04432e+16,2019,1,2,Road Accidents,Junction,City/Town,Near Hospital,Human Error,No,Damage Only,Vehicle to Vehicle,No signal lights,Others,Two way,Bitumen(Tar),Dry,No influence on accident,Clear,Outer Ring Road Near Devarabisanahalli Bridge,1,4km,0.0,0.0,0,0,0.0,0.0
Bengaluru City,Airport Traffic PS,1.04432e+16,2019,1,1,Road Accidents,Junction,City/Town,Near Bus stop,Human Error,No,Simple Injury,Hit pedestrian,Uncontrolled,Straight and flat,Others,Bitumen(Tar),Dry,No influence on accident,Clear,"Vartur main road, near marthhalli bridge.",1,4,0.0,0.0,0,0,0.0,0.0
Bengaluru City,Airport Traffic PS,1.04432e+16,2019,1,2,Road Accidents,Offset,City/Town,Near Bus stop,Human Error,No,Fatal,Vehicle to Vehicle,No signal lights,Others,Others,Bitumen(Tar),Dry,No influence on accident,Clear,Varthur Main Road,1,1,0.0,0.0,0,0,0.0,0.0
Bengaluru City,Airport Traffic PS,1.04432e+16,2019,1,2,Road Accidents,Junction,City/Town,Near or inside a village,Vehicle Defect,Not Applicable,Grievous Injury,Vehicle to Vehicle,No signal lights,Straight and flat,Two way,Bitumen(Tar),Dry,No influence on accident,Clear,"panatttur main road, junction",1,7km,0.0,0.0,0,0,0.0,0.0
Bengaluru City,Airport Traffic PS,1.04432e+16,2019,1,1,Road Accidents,Junction,City/Town,Near Bus stop,Human Error,Yes,Simple Injury,Vehicle to Vehicle,No signal lights,Others,Others,Bitumen(Tar),Dry,No influence on accident,Clear,Outer ring Road Near Munekolala Bus Stop Marathahalli,1,7,0.0,0.0,0,0,0.0,0.0
Bengaluru City,Airport Traffic PS,1.04432e+16,2019,1,2,Road Accidents,Offset,City/Town,Near Hospital,Not Applicable,No,Damage Only,Others,No signal lights,Others,City or Town Road,Bitumen(Tar),Dry,No influence on accident,Clear,Outer ring road,Near Jeevika Hospital,5km,0.0,0.0,0,0,0.0,0.0
Bengaluru City,Airport Traffic PS,1.04432e+16,2019,1,1,Road Accidents,Curves,City/Town,Near Bus stop,Human Error,No,Fatal,Hit pedestrian,No signal lights,Others,Others,Bitumen(Tar),Dry,No influence on accident,Clear,HAL Overhual Division,1,2,12.957718,77.672524,0,0,0.0,0.0
Bengaluru City,Airport Traffic PS,1.04432e+16,2019,1,1,Road Accidents,Other,City/Town,Residential area,Human Error,No,Fatal,Head on,No signal lights,Others,Residential Street,Bitumen(Tar),Dry,No influence on accident,Clear,ANNASANDRA PALYA,1,2,12.964465,77.675596,0,0,0.0,0.0
Bengaluru City,Airport Traffic PS,1.04432e+16,2019,1,2,Road Accidents,Other,City/Town,Narrow bridge or culverts,Human Error,Yes,Simple Injury,Others,No signal lights,Others,Others,Bitumen(Tar),Dry,No influence on accident,Clear,Marathahalli Bus Stop,1,4 Km,0.0,0.0,0,0,0.0,0.0
Bengaluru City,Airport Traffic PS,1.04432e+16,2019,1,1,Road Accidents,Cross roads,City/Town,Near a recreation place/cinema,Vehicle Defect,Not Applicable,Grievous Injury,Hit pedestrian,No signal lights,Straight and flat,Two way,Bitumen(Tar),Dry,No influence on accident,Clear,Outer vartul road marathahalli multiplex  near service road,1,7km,0.0,0.0,0,0,0.0,0.0
Bengaluru City,Airport Traffic PS,1.04432e+16,2019,1,1,Road Accidents,Junction,City/Town,Near Bus stop,Human Error,Yes,Grievous Injury,Hit pedestrian,No signal lights,Curve,Others,Bitumen(Tar),Dry,No influence on accident,Clear,Varthur Main Road,1,1,0.0,0.0,0,0,0.0,0.0
Bengaluru City,Airport Traffic PS,1.04432e+16,2019,1,1,Road Accidents,Junction,City/Town,Near Hospital,Human Error,Yes,Damage Only,Vehicle to Vehicle,No signal lights,Others,Others,Bitumen(Tar),Dry,No influence on accident,Clear,Varthur Main Road,1,1,0.0,0.0,0,0,0.0,0.0
Bengaluru City,Airport Traffic PS,1.04432e+16,2019,1,2,Road Accidents,Junction,City/Town,Near Bus stop,Human Error,Yes,Fatal,Vehicle to Vehicle,No signal lights,Others,Others,Bitumen(Tar),Dry,No influence on accident,Clear,"Outer RIing Road,Near Devarabisanhalli",1,7,0.0,0.0,0,0,0.0,0.0
Bengaluru City,Airport Traffic PS,1.04432e+16,2019,1,2,Road Accidents,Other,City/Town,Near Bus stop,Not Applicable,No,Simple Injury,Others,No signal lights,Others,City or Town Road,Bitumen(Tar),Dry,No influence on accident,Clear,Devarabisanahalli cuntry club,Near Cuntry Club,7km,0.0,0.0,0,0,0.0,0.0
Bengaluru City,Airport Traffic PS,1.04432e+16,2019,1,2,Road Accidents,Other,City/Town,Near Bus stop,Vehicle Defect,No,Simple Injury,Others,No signal lights,Others,City or Town Road,Bitumen(Tar),Dry,No influence on accident,Clear,Outer ring road,Devarabesanahalli near cuntry club,7km,0.0,0.0,0,0,0.0,0.0
Bengaluru City,Airport Traffic PS,1.04432e+16,2019,1,1,Road Accidents,Other,City/Town,Near office complex,Not Applicable,No,Simple Injury,Others,No signal lights,Others,City or Town Road,Bitumen(Tar),Dry,No influence on accident,Clear,ITPL Main road,WNS office opp,7km,0.0,0.0,0,0,0.0,0.0
Bengaluru City,Airport Traffic PS,1.04432e+16,2019,1,2,Road Accidents,Other,City/Town,Near Hospital,Human Error,No,Simple Injury,Others,No signal lights,Others,Others,Bitumen(Tar),Dry,No influence on accident,Fine,ITPL MAIN ROAD,1,6,0.0,0.0,0,0,0.0,0.0
Bengaluru City,Airport Traffic PS,1.04432e+16,2019,1,1,Road Accidents,Bridge,City/Town,Near office complex,Human Error,No,Fatal,Hit pedestrian,No signal lights,Others,Others,Bitumen(Tar),Dry,No influence on accident,Fine,Kundalahalli Junction,1,5,12.937458,77.693193,0,0,0.0,0.0
Bengaluru City,Airport Traffic PS,1.04432e+16,2019,1,2,Road Accidents,Other,City/Town,Near Hospital,Human Error,No,Grievous Injury,Others,No signal lights,Others,Others,Bitumen(Tar),Dry,No influence on accident,Clear,karthik Nagar,1,4km,0.0,0.0,0,0,0.0,0.0
Bengaluru City,Airport Traffic PS,1.04432e+16,2019,1,1,Road Accidents,Junction,City/Town,Near Bus stop,Human Error,No,Grievous Injury,Hit pedestrian,No signal lights,Straight and flat,Two way,Bitumen(Tar),Dry,No influence on accident,Clear,Marathahalli Bus Stop,1,4 Km,0.0,0.0,0,0,0.0,0.0
Bengaluru City,Airport Traffic PS,1.04432e+16,2019,1,1,Road Accidents,Not Applicable,City/Town,Near Bus stop,Human Error,Not Applicable,Grievous Injury,Not Applicable,No signal lights,Straight and flat,Two way,Bitumen(Tar),Dry,Not Applicable,Clear,"Vartur Main Road,Borawel Bus Stop",1,7km,0.0,0.0,0,0,0.0,0.0
Bengaluru City,Airport Traffic PS,1.04432e+16,2019,1,1,Road Accidents,Junction,City/Town,Near Bus stop,Vehicle Defect,Not Applicable,Grievous Injury,Hit pedestrian,No signal lights,Straight and flat,Expressway,Bitumen(Tar),Dry,No influence on accident,Clear,OUTER RING ROAD DEVARABEESANAHALLI NEAR COUNTRY CLUB,1,7km,0.0,0.0,0,0,0.0,0.0
Bengaluru City,Airport Traffic PS,1.04432e+16,2019,1,1,Road Accidents,Other,City/Town,At pedestrian Crossing,Human Error,No,Grievous Injury,Hit pedestrian,No signal lights,Others,Others,Bitumen(Tar),Dry,No influence on accident,Fine,Munekolala,1,2,0.0,0.0,0,0,0.0,0.0
Bengaluru City,Airport Traffic PS,1.04432e+16,2019,1,1,Road Accidents,Other,City/Town,Near Bus stop,Human Error,No,Grievous Injury,Others,No signal lights,Others,Others,Bitumen(Tar),Dry,No influence on accident,Others,Marathahalli Bus Stop,1,1,0.0,0.0,0,0,0.0,0.0
Bengaluru City,Airport Traffic PS,1.04432e+16,2019,1,2,Road Accidents,Cross roads,City/Town,In bazaar,Human Error,No,Simple Injury,Vehicle to Vehicle,No signal lights,Others,Others,Bitumen(Tar),Dry,No influence on accident,Clear,panatturu Main Road  Kadubisanahalli,1,1,0.0,0.0,0,0,0.0,0.0
Bengaluru City,Airport Traffic PS,1.04432e+16,2019,1,2,Road Accidents,Cross roads,City/Town,At pedestrian Crossing,Vehicle Defect,No,Simple Injury,Vehicle to Vehicle,Controlled,Others,Two way,Bitumen(Tar),Dry,No influence on accident,Others,kadubisanahalli road embassy tech village back gate,1,7km,0.0,0.0,0,0,0.0,0.0
Bengaluru City,Airport Traffic PS,1.04432e+16,2019,1,2,Road Accidents,Cross roads,Rural Areas,Near or inside a village,Vehicle Defect,Not Applicable,Grievous Injury,Vehicle to Vehicle,No signal lights,Curve,Two way,Bitumen(Tar),Dry,Not Applicable,Clear,"Doddanekundi,Main Road Near 2nd Cross",1,7km,0.0,0.0,0,0,0.0,0.0
Bengaluru City,Airport Traffic PS,1.04432e+16,2019,1,1,Road Accidents,Offset,City/Town,Near Hospital,Human Error,No,Simple Injury,Hit bicyclist,No signal lights,Others,Others,Bitumen(Tar),Dry,No influence on accident,Clear,ORR,1,1,0.0,0.0,0,0,0.0,0.0
Bengaluru City,Airport Traffic PS,1.04432e+16,2019,1,1,Road Accidents,Other,City/Town,Near a religious place,Not Applicable,Yes,Simple Injury,Others,No signal lights,Others,City or Town Road,Bitumen(Tar),Dry,No influence on accident,Clear,Doddnekundi Main road,Near Rama temple,5km,12.971651,77.693701,0,0,0.0,0.0
Bengaluru City,Airport Traffic PS,1.04432e+16,2019,1,3,Road Accidents,Bottleneck,City/Town,Near Bus stop,Human Error,Not Applicable,Grievous Injury,Vehicle to Vehicle,Not at  Junction,Incline,Two way,Bitumen(Tar),Dry,Not Applicable,Clear,Vartur main road near HAL borewell,1,7km,0.0,0.0,0,0,0.0,0.0
Bengaluru City,Airport Traffic PS,1.04432e+16,2019,1,1,Road Accidents,Not Applicable,City/Town,Near a factory industrial area,Human Error,Not Applicable,Grievous Injury,Not Applicable,No signal lights,Incline,Two way,Bitumen(Tar),Dry,Not Applicable,Clear,Vartul road devarabisanahalli infront of IBS hotel,1,7km,0.0,0.0,0,0,0.0,0.0
Bengaluru City,Airport Traffic PS,1.04432e+16,2019,1,1,Road Accidents,Not Applicable,City/Town,Near office complex,Not Applicable,No,Simple Injury,Not Applicable,No signal lights,Others,Not Applicable,Bitumen(Tar),Dry,No influence on accident,Clear,Outer ring road Near multiflex theater,Multiplex Theator,4km,0.0,0.0,0,0,0.0,0.0
Bengaluru City,Airport Traffic PS,1.04432e+16,2019,1,1,Road Accidents,Cross roads,City/Town,Residential area,Not Applicable,No,Simple Injury,Hit pedestrian,No signal lights,Others,Others,Bitumen(Tar),Dry,No influence on accident,Clear,Varthur Main road Doddnekund Cross,Doddnekundi corss,3,0.0,0.0,0,0,0.0,0.0
Bengaluru City,Airport Traffic PS,1.04432e+16,2020,1,1,Road Accidents,Railway crossing,City/Town,Near Hospital,Vehicle Defect,Not Applicable,Grievous Injury,Hit pedestrian,No signal lights,Incline,Two way,Bitumen(Tar),Dry,No influence on accident,Clear,Outer Ring Road Near Jeevika Hospital,1,1,0.0,0.0,0,0,0.0,0.0
Bengaluru City,Airport Traffic PS,1.04432e+16,2020,1,2,Road Accidents,Cross roads,Rural Areas,Open area,Vehicle Defect,Not Applicable,Grievous Injury,Vehicle to Vehicle,No signal lights,Straight and flat,Others,Bitumen(Tar),Dry,No influence on accident,Clear,Yamaluru Main Road Near Lake Area,1,7km,0.0,0.0,0,0,0.0,0.0
Bengaluru City,Airport Traffic PS,1.04432e+16,2020,1,1,Road Accidents,Narrow road,City/Town,Open area,Vehicle Defect,Not Applicable,Grievous Injury,Hit pedestrian,No signal lights,Straight and flat,Service Road,Bitumen(Tar),Dry,Construction Work / Material,Clear,Near maarathahalli spice garden bus stop,1,1,0.0,0.0,2,0,0.0,2.0
Bengaluru City,Airport Traffic PS,1.04432e+16,2020,1,2,Road Accidents,Not Applicable,City/Town,Near Bus stop,Vehicle Defect,Not Applicable,Grievous Injury,Vehicle to Vehicle,No signal lights,Incline,Two way,Bitumen(Tar),Dry,Not Applicable,Clear,Varthur Main Road Near Basavanagara Cross,1,1,0.0,0.0,0,0,0.0,0.0
Bengaluru City,Airport Traffic PS,1.04432e+16,2020,1,1,Road Accidents,Curves,City/Town,Near office complex,Vehicle Defect,Not Applicable,Grievous Injury,Hit pedestrian,No signal lights,Curve and Incline,Two way,Bitumen(Tar),Dry,Not Applicable,Clear,ITPL Main road near cosmas mall,1,1,0.0,0.0,0,0,0.0,0.0
Bengaluru City,Airport Traffic PS,1.04432e+16,2020,1,2,Road Accidents,Narrow road,City/Town,In bazaar,Human Error,No,Grievous Injury,Vehicle to Vehicle,No signal lights,Others,Two way,Bitumen(Tar),Dry,No influence on accident,Clear,Outer Ring Road Near Marathahalli Bridze,1,7,0.0,0.0,0,0,0.0,0.0
Bengaluru City,Airport Traffic PS,1.04432e+16,2020,1,2,Road Accidents,Curves,Rural Areas,Open area,Vehicle Defect,Not Applicable,Grievous Injury,Vehicle to Vehicle,No signal lights,Steep Incline or Climb,Two way,Bitumen(Tar),Dry,No influence on accident,Clear,Outer Ring Road Near Devarabeesanahalli Bescom Office,1,1,0.0,0.0,0,0,0.0,0.0
Bengaluru City,Airport Traffic PS,1.04432e+16,2020,1,2,Road Accidents,Circle,Rural Areas,Near Hospital,Vehicle Defect,No,Grievous Injury,Hit bicyclist,No signal lights,Straight and flat,Two way,Bitumen(Tar),Dry,No influence on accident,Clear,Annsandrapalya main road near sifa hospital,1,1,0.0,0.0,0,0,0.0,0.0
Bengaluru City,Airport Traffic PS,1.04432e+16,2020,1,2,Road Accidents,Junction,City/Town,Near office complex,Vehicle Defect,Not Applicable,Damage Only,Vehicle to Vehicle,No signal lights,Straight and flat,Two way,Bitumen(Tar),Dry,Not Applicable,Clear,ITPL Main Road Near BrookField,1,1,0.0,0.0,0,0,0.0,0.0
Bengaluru City,Airport Traffic PS,1.04432e+16,2020,1,1,Road Accidents,Junction,City/Town,Near office complex,Human Error,Not Applicable,Fatal,Not Applicable,No signal lights,Straight and flat,State Highway,Bitumen(Tar),Dry,No influence on accident,Clear,Outer Ring Road Near Marathahalli Multiplex,1,1,0.0,0.0,0,0,0.0,0.0
Bengaluru City,Airport Traffic PS,1.04432e+16,2020,1,1,Road Accidents,Junction,City/Town,Narrow bridge or culverts,Vehicle Defect,Not Applicable,Fatal,Not Applicable,No signal lights,Incline,Two way,Bitumen(Tar),Dry,Not Applicable,Clear,Outer Ring Road Near Marathahalli Bridze,1,1,0.0,0.0,0,0,0.0,0.0
Bengaluru City,Airport Traffic PS,1.04432e+16,2020,1,2,Road Accidents,Junction,City/Town,Near Bus stop,Human Error,No,Grievous Injury,Vehicle to Vehicle,No signal lights,Others,Two way,Bitumen(Tar),Dry,No influence on accident,Clear,ITPL Main road near cosmas mall,1,7,0.0,0.0,0,0,0.0,0.0
Bengaluru City,Airport Traffic PS,1.04432e+16,2020,1,1,Road Accidents,Not Applicable,City/Town,Near School or College,Vehicle Defect,Not Applicable,Grievous Injury,Hit pedestrian,No signal lights,Straight and flat,Two way,Bitumen(Tar),Dry,No influence on accident,Clear,New Classic Gents Saloon Near SGR Dental College Road Munnekolalu,1,1,0.0,0.0,0,0,0.0,0.0
Bengaluru City,Airport Traffic PS,1.04432e+16,2020,1,2,Road Accidents,Not Applicable,City/Town,Residential area,Vehicle Defect,Yes,Grievous Injury,Vehicle to Vehicle,No signal lights,Straight and flat,Two way,Bitumen(Tar),Dry,Not Applicable,Clear,Outer ring road near devarabeesanahalli IBS hotel,1,1,0.0,0.0,0,0,0.0,0.0
Bengaluru City,Airport Traffic PS,1.04432e+16,2020,1,1,Road Accidents,Junction,City/Town,At pedestrian Crossing,Human Error,Yes,Grievous Injury,Hit bicyclist,Give way sign,Others,Others,Bitumen(Tar),Dry,No influence on accident,Clear,ITPL Main road near cosmas mall,1,7,0.0,0.0,0,0,0.0,0.0
Bengaluru City,Airport Traffic PS,1.04432e+16,2020,1,1,Road Accidents,Cross roads,City/Town,Near a recreation place/cinema,Vehicle Defect,Yes,Grievous Injury,Vehicle to Vehicle,No signal lights,Incline,Two way,Bitumen(Tar),Dry,No influence on accident,Clear,Outer Ring Road Near Marathahalli Multiplex,1,1,0.0,0.0,0,0,0.0,0.0
Bengaluru City,Airport Traffic PS,1.04432e+16,2020,1,1,Road Accidents,Curves,City/Town,Near School or College,Vehicle Defect,Yes,Fatal,Hit pedestrian,No signal lights,Incline,Two way,Bitumen(Tar),Dry,No influence on accident,Clear,Outer Ring Road Near Kaadubeesanahalli New Horizon College,1,0,0.0,0.0,0,0,0.0,0.0
Bengaluru City,Airport Traffic PS,1.04432e+16,2020,1,2,Road Accidents,Junction,Rural Areas,Near School or College,Vehicle Defect,Not Applicable,Grievous Injury,Hit bicyclist,No signal lights,Straight and flat,Two way,Bitumen(Tar),Dry,No influence on accident,Clear,PANATTUR MAIN ROAD NEAR GEETANJALI SCHOOL,1,1,0.0,0.0,0,0,0.0,0.0
Bengaluru City,Airport Traffic PS,1.04432e+16,2020,1,1,Road Accidents,Junction,City/Town,Near Bus stop,Vehicle Defect,Yes,Grievous Injury,Hit pedestrian,No signal lights,Straight and flat,Two way,Bitumen(Tar),Dry,No influence on accident,Clear,Outer ring road near yes bank,1,1,0.0,0.0,0,0,0.0,0.0
Bengaluru City,Airport Traffic PS,1.04432e+16,2020,1,1,Road Accidents,Narrow road,City/Town,Near office complex,Human Error,No,Fatal,Not Applicable,No signal lights,Others,Others,Bitumen(Tar),Dry,No influence on accident,Clear,ORR,1,7,0.0,0.0,0,0,0.0,0.0
Bengaluru City,Airport Traffic PS,1.04432e+16,2020,1,1,Road Accidents,Curves,City/Town,Near Bus stop,Vehicle Defect,Not Applicable,Damage Only,Not Applicable,No signal lights,Steep Incline or Climb,Two way,Bitumen(Tar),Dry,Not Applicable,Clear,Outer Ring Road Near Kaadubeesanahalli,1,1,0.0,0.0,0,0,0.0,0.0
Bengaluru City,Airport Traffic PS,1.04432e+16,2020,1,2,Road Accidents,Junction,City/Town,Near office complex,Vehicle Defect,Not Applicable,Simple Injury,Vehicle to Vehicle,No signal lights,Incline,Service Road,Bitumen(Tar),Dry,Not Applicable,Clear,Marathahalli bridge near near KLM maal servide road,1,1,0.0,0.0,0,0,0.0,0.0
Bengaluru City,Airport Traffic PS,1.04432e+16,2020,1,1,Road Accidents,Cross roads,City/Town,Near Hospital,Human Error,No,Grievous Injury,Hit pedestrian,No signal lights,Others,Others,Bitumen(Tar),Dry,No influence on accident,Clear,Varthur Main Road,1,4,0.0,0.0,0,0,0.0,0.0
Bengaluru City,Airport Traffic PS,1.04432e+16,2020,1,1,Road Accidents,Junction,City/Town,Open area,Human Error,Not Applicable,Fatal,Not Applicable,No signal lights,Incline,Two way,Bitumen(Tar),Dry,Not Applicable,Clear,Varthur Main Road Near HAL police Station,1,0,0.0,0.0,0,0,0.0,0.0
Bengaluru City,Airport Traffic PS,1.04432e+16,2020,1,2,Road Accidents,Junction,City/Town,Near Hospital,Vehicle Defect,Yes,Fatal,Hit bicyclist,No signal lights,Incline,Two way,Bitumen(Tar),Dry,No influence on accident,Clear,Outer Ring Road Near Karthik Nagara Jeevika Hospital,1,1,0.0,0.0,0,0,0.0,0.0
Bengaluru City,Airport Traffic PS,1.04432e+16,2020,1,2,Road Accidents,Junction,City/Town,Near Hospital,Vehicle Defect,Not Applicable,Grievous Injury,Vehicle to Vehicle,No signal lights,Steep Incline or Climb,Two way,Bitumen(Tar),Dry,No influence on accident,Clear,ITPL MAIN ROAD NEAR ANJANEYA JUNCTION,1,1,0.0,0.0,0,0,0.0,0.0
Bengaluru City,Airport Traffic PS,1.04432e+16,2020,1,2,Road Accidents,Cross roads,City/Town,Near office complex,Human Error,No,Simple Injury,Vehicle to Vehicle,No signal lights,Others,Others,Bitumen(Tar),Dry,No influence on accident,Clear,kadubisanahalli,1,7,0.0,0.0,0,0,0.0,0.0
Bengaluru City,Airport Traffic PS,1.04432e+16,2020,1,2,Road Accidents,Cross roads,City/Town,Near Bus stop,Human Error,Yes,Simple Injury,Vehicle to Vehicle,No signal lights,Others,Two way,Bitumen(Tar),Dry,No influence on accident,Others,ITPL Main road near Udupi Hotel,1,1,0.0,0.0,0,0,0.0,0.0
Bengaluru City,Airport Traffic PS,1.04432e+16,2020,1,1,Road Accidents,Junction,City/Town,Near Bus stop,Human Error,No,Damage Only,Not Applicable,Signal lights Automatic,Others,Two way,Bitumen(Tar),Dry,No influence on accident,Clear,Varthur Main Road,1,1,0.0,0.0,0,0,0.0,0.0
Bengaluru City,Airport Traffic PS,1.04432e+16,2020,1,1,Road Accidents,Narrow road,City/Town,Near or inside a village,Human Error,No,Grievous Injury,Hit pedestrian,No signal lights,Curve,Others,Bitumen(Tar),Dry,No influence on accident,Fine,Yamaluru,1,1,0.0,0.0,0,0,0.0,0.0
Bengaluru City,Airport Traffic PS,1.04432e+16,2020,1,1,Road Accidents,Junction,City/Town,Near Hospital,Human Error,No,Fatal,Not Applicable,No signal lights,Hump,Others,Bitumen(Tar),Dry,No influence on accident,Clear,Outer Ring Road,1,5,0.0,0.0,0,0,0.0,0.0
Bengaluru City,Airport Traffic PS,1.04432e+16,2020,1,2,Road Accidents,Junction,City/Town,Near Bus stop,Human Error,Not Applicable,Grievous Injury,Hit bicyclist,No signal lights,Incline,Expressway,Bitumen(Tar),Dry,No influence on accident,Clear,OUTER RING ROAD DEVARABEESANAHALLI NEAR COUNTRY CLUB,1,1,0.0,0.0,0,0,0.0,0.0
Bengaluru City,Airport Traffic PS,1.04432e+16,2020,1,2,Road Accidents,Junction,City/Town,Near Bus stop,Vehicle Defect,Not Applicable,Grievous Injury,Vehicle to Vehicle,Signal lights Manual,Incline,Expressway,Bitumen(Tar),Dry,No influence on accident,Clear,VARTHUR MAIN ROAD YAMALURU JUNCTION,1,1,0.0,0.0,0,0,0.0,0.0
Bengaluru City,Airport Traffic PS,1.04432e+16,2020,1,2,Road Accidents,Cross roads,Rural Areas,Near Hospital,Vehicle Defect,Yes,Fatal,Vehicle to Vehicle,No signal lights,Incline,Two way,Bitumen(Tar),Dry,No influence on accident,Clear,Vignana Nagara Main Road Veenas Hospital,1,1,0.0,0.0,0,0,0.0,0.0
Bengaluru City,Airport Traffic PS,1.04432e+16,2020,1,1,Road Accidents,Offset,City/Town,Near Bus stop,Human Error,No,Damage Only,Not Applicable,No signal lights,Others,Others,Bitumen(Tar),Dry,No influence on accident,Clear,ORR,1,1,0.0,0.0,0,0,0.0,0.0
Bengaluru City,Airport Traffic PS,1.04432e+16,2020,1,2,Road Accidents,Not Applicable,City/Town,Near Bus stop,Human Error,Yes,Fatal,Vehicle to Vehicle,No signal lights,Others,One way,Bitumen(Tar),Dry,No influence on accident,Clear,Varthur Main Road,1,4,12.956556,77.705754,0,0,0.0,0.0
Bengaluru City,Airport Traffic PS,1.04432e+16,2020,1,2,Road Accidents,Not Applicable,City/Town,Narrow bridge or culverts,Vehicle Defect,Not Applicable,Fatal,Vehicle to Vehicle,No signal lights,Incline,Two way,Bitumen(Tar),Dry,Not Applicable,Clear,Outer ring road near devarabeesanahalli Bridge,1,0,0.0,0.0,0,0,0.0,0.0
Bengaluru City,Airport Traffic PS,1.04432e+16,2020,1,2,Road Accidents,Junction,City/Town,Near Bus stop,Vehicle Defect,Not Applicable,Fatal,Vehicle to Vehicle,Signal lights Manual,Straight and flat,Two way,Bitumen(Tar),Dry,No influence on accident,Clear,Outer Ring Road Near Devarabeesanahalli Junction,1,1,0.0,0.0,0,0,0.0,0.0
Bengaluru City,Airport Traffic PS,1.04432e+16,2020,1,1,Road Accidents,Cross roads,City/Town,Near a factory industrial area,Vehicle Defect,Not Applicable,Grievous Injury,Hit bicyclist,No signal lights,Steep Incline or Climb,Two way,Bitumen(Tar),Dry,No influence on accident,Clear,Panthur Main Road Near Embassy Tech Village Back Gate,1,1,0.0,0.0,0,0,0.0,0.0
Bengaluru City,Airport Traffic PS,1.04432e+16,2020,1,1,Road Accidents,Narrow road,City/Town,Near a factory industrial area,Human Error,No,Damage Only,Vehicle to Vehicle,No signal lights,Others,Others,Bitumen(Tar),Dry,No influence on accident,Clear,"Outer RIing Road,Near Devarabisanhalli",1,7,0.0,0.0,0,0,0.0,0.0
Bengaluru City,Airport Traffic PS,1.04432e+16,2020,1,1,Road Accidents,Not Applicable,City/Town,Residential area,Vehicle Defect,Not Applicable,Fatal,Hit pedestrian,No signal lights,Straight and flat,Two way,Bitumen(Tar),Dry,No influence on accident,Clear,Outer ring Road Near devarabeesanahalli Country Club,1,1,0.0,0.0,0,0,0.0,0.0
Bengaluru City,Airport Traffic PS,1.04432e+16,2020,1,1,Road Accidents,Not Applicable,City/Town,In bazaar,Human Error,No,Fatal,Hit pedestrian,No signal lights,Others,One way,Bitumen(Tar),Dry,No influence on accident,Cloudy,Outer Ring Road,1,1,0.0,0.0,0,0,0.0,0.0
Bengaluru City,Airport Traffic PS,1.04432e+16,2020,1,1,Road Accidents,Narrow road,City/Town,Open area,Human Error,No,Grievous Injury,Hit pedestrian,No signal lights,Others,Others,Bitumen(Tar),Others,Not Applicable,Cloudy,Outer ring road Near multiflex theater,1,4km,0.0,0.0,0,1,0.0,1.0
Bengaluru City,Airport Traffic PS,1.04432e+16,2020,1,1,Road Accidents,Circle,City/Town,Near a factory industrial area,Vehicle Defect,Not Applicable,Grievous Injury,Hit pedestrian,No signal lights,Incline,Service Road,Bitumen(Tar),Dry,No influence on accident,Clear,DEVARABEESANHALLI NEAR 99 DOSE POINT,1,1,0.0,0.0,0,0,0.0,0.0
Bengaluru City,Airport Traffic PS,1.04432e+16,2020,1,2,Road Accidents,Junction,City/Town,Near Bus stop,Vehicle Defect,Not Applicable,Fatal,Vehicle to Vehicle,No signal lights,Straight and flat,Two way,Bitumen(Tar),Dry,No influence on accident,Clear,Varthur Main Road Near Borewell Bus Stop,1,1,0.0,0.0,0,0,0.0,0.0