DISTRICTNAME,UNITNAME,Crime_No,Year,RI,Noofvehicle_involved,Accident_Classification,Accident_Spot,Accident_Location,Accident_SubLocation,Main_Cause,Hit_Run,Severity,Collision_Type,Junction_Control,Road_Character,Road_Type,Surface_Type,Surface_Condition,Road_Condition,Weather,Accident_Road,Landmark_first,Distance_LandMark_First,Latitude,Longitude,Road_Condition_Score,Surface_Condition_Score,Surface_Type_Score,Road_Risk_Index
Bengaluru City,Airport Traffic PS,1.04432e+16,2022,1,2,Road Accidents,Junction,City/Town,Near Hospital,Not Applicable,No,Damage Only,Vehicle to Vehicle,Police / Manual,Others,Two way,Bitumen(Tar),Ditch or Potholed,Not Applicable,Clear,IPL MAIN ROAD,KUNDALAHALLI JUTIOAN,3.5 KM,0.0,0.0,0,5,0.0,5.0
Bengaluru City,Airport Traffic PS,1.04432e+16,2023,1,2,Road Accidents,Narrow road,City/Town,Open area,Human Error,No,Grievous Injury,Vehicle to Vehicle,Not at  Junction,Others,Two way,Bitumen(Tar),Dry,Not Applicable,Fine,KADUBEESANAHLLI  New Horizon Backside,Near Prestize APTS,07km,0.0,0.0,0,0,0.0,0.0
Bengaluru City,Airport Traffic PS,1.04432e+16,2023,1,2,Road Accidents,Junction,City/Town,Near Bus stop,Not Applicable,No,Grievous Injury,Vehicle to Vehicle,Police / Manual,Others,One way,Bitumen(Tar),Dry,Not Applicable,Fine,KARTHIC NAGAR JUNTION,NEAR KARTHIC NAGAR BUS STOP,4.5KM,0.0,0.0,0,0,0.0,0.0
Bengaluru City,Airport Traffic PS,1.04432e+16,2023,1,2,Road Accidents,Circle,City/Town,Near office complex,Human Error,No,Damage Only,Vehicle to Vehicle,Police / Manual,Others,Two way,Bitumen(Tar),Dry,Not Applicable,Fine,itpl road,Near bSNL Office,6km,0.0,0.0,0,0,0.0,0.0
Bengaluru City,Airport Traffic PS,1.04432e+16,2023,1,1,Road Accidents,Narrow road,City/Town,In bazaar,Not Applicable,No,Fatal,Hit pedestrian,Police / Manual,Others,Two way,Bitumen(Tar),Dry,Not Applicable,Clear,VARATHURU MAIN ROAD NEAR SPANA BEKAR,NEAR SPANA BEKAR,2KM,0.0,0.0,0,0,0.0,0.0
Bengaluru City,Airport Traffic PS,1.04432e+16,2023,1,1,Road Accidents,Narrow road,City/Town,Near a recreation place/cinema,Human Error,Yes,Grievous Injury,Hit bicyclist,Police / Manual,Others,Others,Bitumen(Tar),Others,Not Applicable,Fine,outer ring road,nEAR MARATAHAHALLI MALTIPLEX,04KM,12.958857,77.667531,0,1,0.0,1.0
Bengaluru City,Airport Traffic PS,1.04432e+16,2023,1,2,Road Accidents,Narrow road,City/Town,Residential area,Human Error,No,Grievous Injury,Vehicle to Vehicle,Not Applicable,Others,Two way,Bitumen(Tar),Dry,Not Applicable,Fine,ACS LAYOUT,NEAR MADUSHREE P G,6KM,0.0,0.0,0,0,0.0,0.0
Bengaluru City,Airport Traffic PS,1.04432e+16,2023,1,2,Road Accidents,Narrow road,City/Town,Near office complex,Human Error,Yes,Fatal,Vehicle to Vehicle,Police / Manual,Not Applicable,Service Road,Bitumen(Tar),Dry,Not Applicable,Fine,NEAR NAVOTAL SERVICE ROAD,NOVOTAL,6.5 KM,0.0,0.0,0,0,0.0,0.0
Bengaluru City,Airport Traffic PS,1.04432e+16,2023,1,1,Road Accidents,Narrow road,City/Town,Open area,Human Error,Not Applicable,Damage Only,Not Applicable,Police / Manual,Others,Others,Bitumen(Tar),Dry,Not Applicable,Fine,Varturu main Road,Near SD Road Junction,300mtr,0.0,0.0,0,0,0.0,0.0
Bengaluru City,Airport Traffic PS,1.04432e+16,2023,1,1,Road Accidents,Narrow road,City/Town,Near office complex,Human Error,Yes,Grievous Injury,Hit pedestrian,Police / Manual,Others,Service Road,Bitumen(Tar),Dry,Not Applicable,Fine,Marathahlli Service  Road,Near Taniska Jwelery Shop,04km,0.0,0.0,0,0,0.0,0.0
Bengaluru City,Airport Traffic PS,1.04432e+16,2023,1,1,Road Accidents,Narrow road,City/Town,Open area,Human Error,No,Grievous Injury,Hit pedestrian,Not at  Junction,Others,Others,Bitumen(Tar),Others,Not Applicable,Clear,outer ring road,Near kadubeesanhalli bus stop,06km,0.0,0.0,0,1,0.0,1.0
Bengaluru City,Airport Traffic PS,1.04432e+16,2023,1,3,Road Accidents,Junction,City/Town,Open area,Human Error,No,Simple Injury,Vehicle to Vehicle,Signal lights Automatic,Others,Two way,Bitumen(Tar),Dry,Not Applicable,Fine,VARTHURU MAIN ROAD,YAMALURU JUNCTION,02KM,12.955249,77.688148,0,0,0.0,0.0
Bengaluru City,Airport Traffic PS,1.04432e+16,2023,1,2,Road Accidents,Narrow road,City/Town,Residential area,Human Error,No,Grievous Injury,Vehicle to Vehicle,Police / Manual,Not Applicable,Two way,Bitumen(Tar),Dry,Not Applicable,Fine,varturu main road,near tulusi junction,04km,0.0,0.0,0,0,0.0,0.0
Bengaluru City,Airport Traffic PS,1.04432e+16,2023,1,1,Road Accidents,Circle,City/Town,Near Hospital,Human Error,No,Grievous Injury,Hit pedestrian,Controlled,Others,Two way,Bitumen(Tar),Dry,Not Applicable,Fine,Varturu Main Road,Near Shankara Eye hospitale,06km,0.0,0.0,0,0,0.0,0.0
Bengaluru City,Airport Traffic PS,1.04432e+16,2023,1,1,Road Accidents,Narrow road,City/Town,Open area,Human Error,No,Simple Injury,Not Applicable,Not at  Junction,Others,Others,Bitumen(Tar),Others,Not Applicable,Fine,Varthuru Main road,Near Spice garden,04km,0.0,0.0,0,1,0.0,1.0
Bengaluru City,Airport Traffic PS,1.04432e+16,2023,1,2,Road Accidents,Narrow road,City/Town,In bazaar,Not Applicable,Yes,Fatal,Vehicle to Vehicle,Police / Manual,Others,Service Road,Bitumen(Tar),Dry,Not Applicable,Clear,NEAR KALAMANDIRA  SARVICE ROAD MARATHAHALLI,NEAR KALAMANDIRA,6.5 KM,0.0,0.0,0,0,0.0,0.0
Bengaluru City,Airport Traffic PS,1.04432e+16,2023,1,1,Road Accidents,Narrow road,City/Town,Open area,Human Error,No,Grievous Injury,Hit pedestrian,Police / Manual,Others,Two way,Bitumen(Tar),Others,Not Applicable,Fine,Kadubeesanahalli croma road,near panathuru ambedkar collony,06km,0.0,0.0,0,1,0.0,1.0
Bengaluru City,Airport Traffic PS,1.04432e+16,2023,1,1,Road Accidents,Narrow road,City/Town,Open area,Human Error,No,Grievous Injury,Not Applicable,Police / Manual,Others,Two way,Bitumen(Tar),Others,Not Applicable,Clear,varturu main road,maratahahlli bridge,04km,12.956874,77.701385,0,1,0.0,1.0
Bengaluru City,Airport Traffic PS,1.04432e+16,2023,1,4,Road Accidents,Narrow road,City/Town,Open area,Human Error,Yes,Damage Only,Vehicle to Vehicle,Police / Manual,Others,Others,Bitumen(Tar),Dry,Not Applicable,Clear,outer ring road,near marathahlli,04km,12.965341,77.662685,0,0,0.0,0.0
Bengaluru City,Airport Traffic PS,1.04432e+16,2023,1,2,Road Accidents,Narrow road,City/Town,Open area,Human Error,Yes,Grievous Injury,Vehicle to Vehicle,Controlled,Others,Others,Bitumen(Tar),Dry,Not Applicable,Fine,varthuru main raoad,near yamluru junction,3km,0.0,0.0,0,0,0.0,0.0
Bengaluru City,Airport Traffic PS,1.04432e+16,2023,1,2,Road Accidents,Junction,City/Town,Open area,Human Error,No,Grievous Injury,Vehicle to Vehicle,Not Applicable,Others,Two way,Bitumen(Tar),Dry,Not Applicable,Fine,8th cross vijnanagara,Near 8th cross,02km,12.974345,77.68114,0,0,0.0,0.0
Bengaluru City,Airport Traffic PS,1.04432e+16,2023,1,1,Road Accidents,Narrow road,City/Town,Open area,Human Error,Yes,Grievous Injury,Hit pedestrian,Police / Manual,Sharp Curve,Not Applicable,Bitumen(Tar),Dry,Not Applicable,Fine,Vibhutipura main road,Near 7th cross,03km,12.964966,77.678457,0,0,0.0,0.0
Bengaluru City,Airport Traffic PS,1.04432e+16,2023,1,2,Road Accidents,Narrow road,City/Town,Open area,Human Error,No,Grievous Injury,Vehicle to Vehicle,Not at  Junction,Not Applicable,Two way,Bitumen(Tar),Dry,Not Applicable,Fine,varturu main road  Maratahalli bridge,Near Kanthi sweet,04km,12.956978,77.701282,0,0,0.0,0.0
Bengaluru City,Airport Traffic PS,1.04432e+16,2023,1,2,Road Accidents,Narrow road,City/Town,Open area,Human Error,Yes,Grievous Injury,Vehicle to Vehicle,Not Applicable,Others,Others,Bitumen(Tar),Dry,Not Applicable,Fine,Outer ring road,in front off croma kadubeesanahalli,06km,0.0,0.0,0,0,0.0,0.0
Bengaluru City,Airport Traffic PS,1.04432e+16,2023,1,2,Road Accidents,Narrow road,City/Town,Open area,Human Error,No,Grievous Injury,Vehicle to Vehicle,Police / Manual,Others,Two way,Bitumen(Tar),Dry,Not Applicable,Fine,Varturu main Road,Near HaL Police station,01km,0.0,0.0,0,0,0.0,0.0
Bengaluru City,Airport Traffic PS,1.04432e+16,2023,1,2,Road Accidents,Cross roads,City/Town,Residential area,Human Error,No,Grievous Injury,Vehicle to Vehicle,Police / Manual,Others,Residential Street,Bitumen(Tar),Dry,Not Applicable,Others,Near Spice garden,Rohan vasath apts near,05km,0.0,0.0,0,0,0.0,0.0
Bengaluru City,Airport Traffic PS,1.04432e+16,2023,1,2,Road Accidents,Junction,City/Town,Open area,Human Error,No,Damage Only,Vehicle to Vehicle,Police / Manual,Others,Two way,Bitumen(Tar),Others,Not Applicable,Fine,Varthuru main Road,Near Tulasi Junction marathalli,03km,0.0,0.0,0,1,0.0,1.0
Bengaluru City,Airport Traffic PS,1.04432e+16,2023,1,1,Road Accidents,Narrow road,City/Town,Near Bus stop,Not Applicable,No,Fatal,Hit pedestrian,Police / Manual,Others,Two way,Bitumen(Tar),Dry,Not Applicable,Clear,VARTHURU MAIN ROAD  NEAR KANTH SWEET,NEAR KANTH SWEET,6.5 KM,12.956756,77.704023,0,0,0.0,0.0
Bengaluru City,Airport Traffic PS,1.04432e+16,2023,1,1,Not Applicable,Narrow road,City/Town,Near office complex,Not Applicable,No,Fatal,Not Applicable,Police / Manual,Straight and flat,Others,Bitumen(Tar),Dry,Not Applicable,Clear,OPP UDAPI PARK HOTAL OUTER RING ROAD MARATHAHALLI,NEAR UDAPI PARK HOTAL,6.5 KM,0.0,0.0,0,0,0.0,0.0
Bengaluru City,Airport Traffic PS,1.04432e+16,2023,1,1,Road Accidents,Narrow road,City/Town,Near Bus stop,Not Applicable,No,Fatal,Hit bicyclist,Police / Manual,Others,Two way,Bitumen(Tar),Dry,Not Applicable,Clear,IPTL MAIN ROAD  NEAR ANJANAYA JUNTION,NEAR ANJANAY TEPLE,5.5 KM,0.0,0.0,0,0,0.0,0.0
Bengaluru City,Airport Traffic PS,1.04432e+16,2023,1,1,Road Accidents,Narrow road,City/Town,Near Bus stop,Not Applicable,Yes,Fatal,Hit pedestrian,Police / Manual,Straight and flat,Two way,Bitumen(Tar),Dry,Not Applicable,Fine,OUTER RING ROAD NEAR KARTHIC NAGAR,NEAR KARTHIC NAGAR,4KM,0.0,0.0,0,0,0.0,0.0
Bengaluru City,Airport Traffic PS,1.04432e+16,2023,1,1,Road Accidents,Narrow road,City/Town,At pedestrian Crossing,Not Applicable,Yes,Fatal,Hit pedestrian,Police / Manual,Straight and flat,Two way,Bitumen(Tar),Dry,Not Applicable,Clear,NEAR WELS FARAGO COMPANY  OUTER RING ROAD,NEAR WELS FARGO COMPANY,3.5,0.0,0.0,0,0,0.0,0.0
Bengaluru City,Airport Traffic PS,1.04432e+16,2023,1,2,Road Accidents,Cross roads,City/Town,Open area,Human Error,No,Grievous Injury,Vehicle to Vehicle,Not at  Junction,Others,Two way,Bitumen(Tar),Dry,Not Applicable,Fine,Suranjan das road,Near Church school Road,01km,0.0,0.0,0,0,0.0,0.0
Bengaluru City,Airport Traffic PS,1.04432e+16,2023,1,2,Road Accidents,Not Applicable,City/Town,In bazaar,Not Applicable,No,Fatal,Vehicle to Vehicle,Police / Manual,Not Applicable,Service Road,Bitumen(Tar),Dry,Not Applicable,Clear,OPP TO THANSI HONDA,NEAR THANSI HONDA,6.5 KM,0.0,0.0,0,0,0.0,0.0
Bengaluru City,Airport Traffic PS,1.04432e+16,2023,1,2,Road Accidents,Narrow road,City/Town,Near Hospital,Human Error,Yes,Grievous Injury,Vehicle to Vehicle,Police / Manual,Not Applicable,Others,Bitumen(Tar),Dry,Not Applicable,Fine,varturu main road,naer yashomathi hospitle,05km,0.0,0.0,0,0,0.0,0.0
Bengaluru City,Airport Traffic PS,1.04432e+16,2023,1,2,Road Accidents,Narrow road,City/Town,Open area,Human Error,Yes,Grievous Injury,Vehicle to Vehicle,Not at  Junction,Others,Two way,Bitumen(Tar),Dry,Not Applicable,Fine,varturu main road,Near 26 E D,01km,12.956393,77.674848,0,0,0.0,0.0
Bengaluru City,Airport Traffic PS,1.04432e+16,2023,1,3,Road Accidents,Narrow road,City/Town,Open area,Human Error,No,Grievous Injury,Vehicle to Vehicle,Not at  Junction,Others,Others,Bitumen(Tar),Others,Not Applicable,Others,outer ring road,near mahendra showroom,04km,12.962596,77.701646,0,1,0.0,1.0
Bengaluru City,Airport Traffic PS,1.04432e+16,2023,1,2,Road Accidents,Narrow road,City/Town,Open area,Human Error,Yes,Grievous Injury,Vehicle to Vehicle,Police / Manual,Others,Others,Bitumen(Tar),Dry,Not Applicable,Fine,ITPLA MAIN ROAD,Near Anjaneya junction,06KM,12.972011,77.711758,0,0,0.0,0.0
Bengaluru City,Airport Traffic PS,1.04432e+16,2023,1,2,Road Accidents,Junction,City/Town,Open area,Human Error,No,Grievous Injury,Vehicle to Vehicle,Police / Manual,Others,Others,Bitumen(Tar),Dry,Not Applicable,Fine,Varturu main Road,Near Tulasi Theater Junction,04km,0.0,0.0,0,0,0.0,0.0
Bengaluru City,Airport Traffic PS,1.04432e+16,2023,1,2,Road Accidents,Not Applicable,City/Town,Open area,Human Error,Yes,Grievous Injury,Vehicle to Vehicle,Not at  Junction,Others,Others,Bitumen(Tar),Dry,Not Applicable,Fine,outer ring road,Near Croma service Kadubeesanahalli,06km,0.0,0.0,0,0,0.0,0.0
Bengaluru City,Airport Traffic PS,1.04432e+16,2023,1,1,Road Accidents,Narrow road,City/Town,Open area,Human Error,Yes,Grievous Injury,Hit pedestrian,Police / Manual,Others,Others,Bitumen(Tar),Dry,Not Applicable,Fine,varthuru main raoad,Naer spice garden,04km,0.0,0.0,0,0,0.0,0.0
Bengaluru City,Airport Traffic PS,1.04432e+16,2023,1,2,Road Accidents,Narrow road,City/Town,Open area,Human Error,No,Grievous Injury,Vehicle to Vehicle,Police / Manual,Others,Others,Bitumen(Tar),Dry,Not Applicable,Fine,SURANJAN DAS ROAD,NAER JB NAGARA CROSS,02KM,12.965458,77.662578,0,0,0.0,0.0
Bengaluru City,Airport Traffic PS,1.04432e+16,2023,1,1,Road Accidents,Narrow road,City/Town,Open area,Human Error,No,Grievous Injury,Not Applicable,Police / Manual,Others,Others,Bitumen(Tar),Others,Not Applicable,Fine,varthuru main raoad,near borwell,02km,12.955724,77.688135,0,1,0.0,1.0
Bengaluru City,Airport Traffic PS,1.04432e+16,2023,1,2,Road Accidents,Narrow road,City/Town,Open area,Human Error,No,Grievous Injury,Vehicle to Vehicle,Police / Manual,Others,Two way,Bitumen(Tar),Dry,Not Applicable,Fine,outer ring road,devarabeesanhalli fly over,07km,12.958857,77.667531,0,0,0.0,0.0
Bengaluru City,Airport Traffic PS,1.04432e+16,2023,1,2,Not Applicable,Narrow road,City/Town,Near office complex,Human Error,No,Grievous Injury,Vehicle to Vehicle,Police / Manual,Not Applicable,Two way,Bitumen(Tar),Dry,Not Applicable,Fine,eco world Road,devarabeesanhalli,06km,0.0,0.0,0,0,0.0,0.0
Bengaluru City,Airport Traffic PS,1.04432e+16,2023,1,1,Road Accidents,Circle,City/Town,Near a factory industrial area,Not Applicable,Yes,Fatal,Not Applicable,Police / Manual,Not Applicable,Two way,Bitumen(Tar),Dry,Not Applicable,Fine,YES,NEAR JB NAGAR CROSS,45KM,0.0,0.0,0,0,0.0,0.0
Bengaluru City,Airport Traffic PS,1.04432e+16,2023,1,2,Road Accidents,Narrow road,City/Town,Near a religious place,Human Error,No,Grievous Injury,Vehicle to Vehicle,Not at  Junction,Not Applicable,Two way,Bitumen(Tar),Dry,Not Applicable,Fine,Devarabeesanahalli road,near ayyappa temple,06km,0.0,0.0,0,0,0.0,0.0
Bengaluru City,Airport Traffic PS,1.04432e+16,2023,1,2,Road Accidents,Narrow road,City/Town,Open area,Human Error,Yes,Damage Only,Vehicle to Vehicle,Not at  Junction,Not Applicable,Two way,Bitumen(Tar),Dry,Not Applicable,Fine,varturu main road,near maratahahlli bridge,04km,0.0,0.0,0,0,0.0,0.0
Bengaluru City,Airport Traffic PS,1.04432e+16,2023,1,1,Road Accidents,Narrow road,City/Town,Open area,Human Error,No,Grievous Injury,Hit pedestrian,Police / Manual,Others,Others,Bitumen(Tar),Dry,Not Applicable,Fine,outer ring road,near croma sho room,06km,0.0,0.0,0,0,0.0,0.0
Bengaluru City,Airport Traffic PS,1.04432e+16,2023,1,2,Road Accidents,Narrow road,City/Town,Open area,Human Error,No,Damage Only,Vehicle to Vehicle,Police / Manual,Others,Others,Bitumen(Tar),Others,Not Applicable,Fine,outer ring road,near kalamandira,04km,0.0,0.0,0,1,0.0,1.0
Bengaluru City,Airport Traffic PS,1.04432e+16,2023,1,1,Road Accidents,Narrow road,City/Town,Open area,Human Error,No,Grievous Injury,Hit pedestrian,Not at  Junction,Others,Others,Bitumen(Tar),Others,Not Applicable,Fine,outer ring road,Near satna Bulding,06km,0.0,0.0,0,1,0.0,1.0
Bengaluru City,Airport Traffic PS,1.04432e+16,2023,1,1,Road Accidents,Narrow road,City/Town,Open area,Human Error,No,Damage Only,Not Applicable,Police / Manual,Others,Others,Bitumen(Tar),Dry,Not Applicable,Clear,Panatturu Main Road,nEAR RALIWAY BRIDGE,08KM,0.0,0.0,0,0,0.0,0.0
Bengaluru City,Airport Traffic PS,1.04432e+16,2023,1,1,Road Accidents,Narrow road,City/Town,Residential area,Human Error,No,Grievous Injury,Hit pedestrian,Police / Manual,Others,Others,Bitumen(Tar),Others,Not Applicable,Fine,Devarabeesanahalli,embassi tech villege,06km,12.928742,77.694818,0,1,0.0,1.0
Bengaluru City,Airport Traffic PS,1.04432e+16,2023,1,1,Road Accidents,Narrow road,City/Town,Open area,Human Error,No,Grievous Injury,Not Applicable,Police / Manual,Others,Others,Bitumen(Tar),Dry,Not Applicable,Fine,itpl main road,kundalahalli,06km,12.968876,77.712993,0,0,0.0,0.0
Bengaluru City,Airport Traffic PS,1.04432e+16,2023,1,2,Road Accidents,Narrow road,City/Town,Near Bus stop,Human Error,Yes,Damage Only,Vehicle to Vehicle,Police / Manual,Others,Others,Bitumen(Tar),Dry,Not Applicable,Fine,BASAVANAGARA MAIN ROAD,NEAR BUS STOP,02KM,0.0,0.0,0,0,0.0,0.0
Bengaluru City,Airport Traffic PS,1.04432e+16,2023,1,1,Road Accidents,Narrow road,City/Town,Near a factory industrial area,Human Error,No,Grievous Injury,Hit pedestrian,Not Applicable,Not Applicable,Two way,Bitumen(Tar),Dry,Not Applicable,Fine,vARTURU MAIN ROAD,NEAR HAL LCA GATE,1KM,0.0,0.0,0,0,0.0,0.0
Bengaluru City,Airport Traffic PS,1.04432e+16,2023,1,1,Road Accidents,Narrow road,City/Town,Residential area,Human Error,Yes,Grievous Injury,Vehicle to Vehicle,Not at  Junction,Others,One way,Bitumen(Tar),Dry,Not Applicable,Fine,Devarabeesanahalli road,Near Ambedkar Statu,07km,0.0,0.0,0,0,0.0,0.0
Bengaluru City,Airport Traffic PS,1.04432e+16,2023,1,1,Road Accidents,Not Applicable,City/Town,Near a recreation place/cinema,Vehicle Defect,Not Applicable,Fatal,Not Applicable,Police / Manual,Straight and flat,Two way,Bitumen(Tar),Dry,Not Applicable,Clear,NEAR MARATHAHALLI MALIPLEX,NEAR MALTIPLEX,6.5 KM,0.0,0.0,0,0,0.0,0.0
Bengaluru City,Airport Traffic PS,1.04432e+16,2023,1,2,Road Accidents,Narrow road,City/Town,Residential area,Human Error,No,Grievous Injury,Vehicle to Vehicle,Police / Manual,Others,Residential Street,Bitumen(Tar),Dry,Not Applicable,Fine,munekolalu road,near bachapan paly school,06km,12.949358,77.70992,0,0,0.0,0.0
Bengaluru City,Airport Traffic PS,1.04432e+16,2023,1,2,Road Accidents,Narrow road,City/Town,Near office complex,Not Applicable,No,Fatal,Vehicle to Vehicle,Police / Manual,Not Applicable,Service Road,Bitumen(Tar),Dry,Not Applicable,Fine,NEAR BLOOM HUB OPPP TO SUMADHURU DOVELER,NEAR BLOOM HUB HOTAL,5.6,12.946571,77.698783,0,0,0.0,0.0
Bengaluru City,Airport Traffic PS,1.04432e+16,2023,1,1,Road Accidents,Curves,City/Town,Residential area,Not Applicable,No,Fatal,Not Applicable,Police / Manual,Others,Two way,Bitumen(Tar),Dry,Not Applicable,Clear,PANATHURU MAIN ROAD,NEAR SANY SIDE APARTMENT,5.6,0.0,0.0,0,0,0.0,0.0
Bengaluru City,Airport Traffic PS,1.04432e+16,2023,1,1,Road Accidents,Narrow road,City/Town,Residential area,Human Error,No,Grievous Injury,Hit pedestrian,Police / Manual,Others,Residential Street,Bitumen(Tar),Dry,Not Applicable,Fine,ViBhutipura,2nd cross,01km,0.0,0.0,0,0,0.0,0.0
Bengaluru City,Airport Traffic PS,1.04432e+16,2023,1,3,Road Accidents,Narrow road,City/Town,Open area,Human Error,No,Grievous Injury,Vehicle to Vehicle,Police / Manual,Others,Others,Bitumen(Tar),Others,Not Applicable,Fine,outer ring road,devarabeesanhalli  fly over,07km,0.0,0.0,0,1,0.0,1.0
Bengaluru City,Airport Traffic PS,1.04432e+16,2023,1,1,Road Accidents,Narrow road,City/Town,Open area,Human Error,Yes,Grievous Injury,Hit pedestrian,Police / Manual,Others,Two way,Bitumen(Tar),Dry,Not Applicable,Clear,kadubeesanahalli ring road,Near K b Bus stand,06km,12.94215,77.696965,0,0,0.0,0.0
Bengaluru City,Airport Traffic PS,1.04432e+16,2023,1,1,Road Accidents,Not Applicable,City/Town,Near Bus stop,Not Applicable,Yes,Fatal,Hit pedestrian,Police / Manual,Others,Two way,Concrete,Dry,Not Applicable,Fine,ITPL MAIN ROAD,NEAR AECS LAYOUT BUS STOP,6.5,12.964851,77.71839,0,0,0.0,0.0
Bengaluru City,Airport Traffic PS,1.04432e+16,2023,1,2,Road Accidents,Narrow road,City/Town,Open area,Human Error,No,Grievous Injury,Vehicle to Vehicle,Not at  Junction,Others,Service Road,Bitumen(Tar),Others,Not Applicable,Fine,kadubeesanahalli service road,near welforgo kampany,06km,12.934756,77.690187,0,1,0.0,1.0
Bengaluru City,Airport Traffic PS,1.04432e+16,2023,1,1,Road Accidents,Narrow road,City/Town,Open area,Human Error,No,Grievous Injury,Hit pedestrian,Police / Manual,Others,Two way,Bitumen(Tar),Dry,Not Applicable,Fine,doddakannali road,near new horizon college,5km,0.0,0.0,0,0,0.0,0.0
Bengaluru City,Airport Traffic PS,1.04432e+16,2023,1,2,Road Accidents,Narrow road,City/Town,Open area,Human Error,Yes,Simple Injury,Vehicle to Vehicle,Police / Manual,Not Applicable,Two way,Bitumen(Tar),Dry,Not Applicable,Fine,yamaluru main Road,Near Divya shree,03km,0.0,0.0,0,0,0.0,0.0
Bengaluru City,Airport Traffic PS,1.04432e+16,2023,1,1,Road Accidents,Narrow road,City/Town,Near Bus stop,Human Error,No,Fatal,Hit pedestrian,Police / Manual,Not Applicable,Two way,Bitumen(Tar),Dry,Not Applicable,Clear,OUTER RING ROAD OPP CROMA SHOWROOM,OPP TO CROMA SHOWROOM,5.6 KM,0.0,0.0,0,0,0.0,0.0
Bengaluru City,Airport Traffic PS,1.04432e+16,2023,1,2,Road Accidents,Junction,City/Town,Open area,Human Error,No,Damage Only,Vehicle to Vehicle,Police / Manual,Others,Others,Not Applicable,Dry,Not Applicable,Fine,Devarabeesanahalli,devarabeesanhalli Junction,07km,12.929954,77.685225,0,0,0.0,0.0
Bengaluru City,Airport Traffic PS,1.04432e+16,2023,1,1,Road Accidents,Narrow road,City/Town,Open area,Human Error,Yes,Grievous Injury,Hit bicyclist,Not at  Junction,Others,Others,Bitumen(Tar),Dry,Not Applicable,Fine,VARTHURU MAIN ROAD,NEAR 26 ED,01KKM,12.957041,77.673833,0,0,0.0,0.0
Bengaluru City,Airport Traffic PS,1.04432e+16,2023,1,2,Road Accidents,Narrow road,City/Town,Open area,Human Error,No,Simple Injury,Vehicle to Vehicle,Not at  Junction,Others,Two way,Bitumen(Tar),Dry,Not Applicable,Clear,KADUBEESANAHLLI  New Horizon Backside,near new horizon college,06km,12.958857,77.667531,0,0,0.0,0.0
Bengaluru City,Airport Traffic PS,1.04432e+16,2023,1,2,Road Accidents,Narrow road,City/Town,Narrow bridge or culverts,Not Applicable,No,Grievous Injury,Vehicle to Vehicle,Police / Manual,Others,Two way,Bitumen(Tar),Dry,Not Applicable,Clear,VARATHURU MAIN ROAD,MARATHHALLI BRIDGE,3.5KM,0.0,0.0,0,0,0.0,0.0
Bengaluru City,Airport Traffic PS,1.04432e+16,2023,1,2,Road Accidents,Narrow road,City/Town,Open area,Human Error,No,Damage Only,Vehicle to Vehicle,Police / Manual,Others,Two way,Bitumen(Tar),Dry,Not Applicable,Fine,Devarabeesanahalli,Near Eco word gate,07km,0.0,0.0,0,0,0.0,0.0
Bengaluru City,Airport Traffic PS,1.04432e+16,2023,1,2,Road Accidents,Narrow road,City/Town,Open area,Human Error,No,Damage Only,Vehicle to Vehicle,Police / Manual,Others,Service Road,Bitumen(Tar),Dry,Not Applicable,Fine,Marathahalli Service road,Near Taniska Juvelari,06km,0.0,0.0,0,0,0.0,0.0
Bengaluru City,Airport Traffic PS,1.04432e+16,2023,1,2,Road Accidents,Narrow road,City/Town,Open area,Human Error,No,Grievous Injury,Vehicle to Vehicle,Police / Manual,Others,Two way,Bitumen(Tar),Dry,Not Applicable,Fine,ITPL Main Road,Near CMIRT College,05km,0.0,0.0,0,0,0.0,0.0
Bengaluru City,Airport Traffic PS,1.04432e+16,2023,1,1,Road Accidents,Narrow road,City/Town,Open area,Human Error,Yes,Grievous Injury,Vehicle to Vehicle,Signal lights Automatic,Others,Two way,Bitumen(Tar),Dry,Not Applicable,Fine,Suranjanjan Das Road,Near HAL Marcket,01km,0.0,0.0,0,0,0.0,0.0
Bengaluru City,Airport Traffic PS,1.04432e+16,2023,1,2,Road Accidents,Junction,City/Town,Near Bus stop,Not Applicable,No,Fatal,Vehicle to Vehicle,Police / Manual,Slight Curve,Two way,Bitumen(Tar),Dry,Not Applicable,Clear,TULASI JUNCTION  VARATHURU MAIN ROAD,NEAR TULASI JUNCATION,3.5 KM,12.956508,77.696481,0,0,0.0,0.0
Bengaluru City,Airport Traffic PS,1.04432e+16,2023,1,1,Road Accidents,Narrow road,City/Town,Open area,Human Error,Yes,Grievous Injury,Hit pedestrian,Police / Manual,Others,Service Road,Bitumen(Tar),Others,Not Applicable,Fine,MARATAHAHLLI SERVICE ROAD,NAER MALTIPLEX,04KM,0.0,0.0,0,1,0.0,1.0
Bengaluru City,Airport Traffic PS,1.04432e+16,2023,1,1,Road Accidents,Narrow road,City/Town,In bazaar,Not Applicable,No,Fatal,Not Applicable,Police / Manual,Others,Two way,Bitumen(Tar),Dry,Not Applicable,Clear,OUTER RING ROAD  NEAR MARATHAHALLI BRIDGE,NEAR MARATHI HALLI BRIDGE,4.5,12.957473,77.701027,0,0,0.0,0.0