DISTRICTNAME,UNITNAME,Crime_No,Year,RI,Noofvehicle_involved,Accident_Classification,Accident_Spot,Accident_Location,Accident_SubLocation,Main_Cause,Hit_Run,Severity,Collision_Type,Junction_Control,Road_Character,Road_Type,Surface_Type,Surface_Condition,Road_Condition,Weather,Accident_Road,Landmark_first,Distance_LandMark_First,Latitude,Longitude,Road_Condition_Score,Surface_Condition_Score,Surface_Type_Score,Road_Risk_Index
Bengaluru City,Airport Traffic PS,1.04432e+16,2023,1,1,Road Accidents,Narrow road,City/Town,Open area,Human Error,No,Damage Only,Not Applicable,Not at  Junction,Others,Two way,Bitumen(Tar),Dry,Not Applicable,Fine,OUTER RING ROAD,Near welsforgo devara beesanahalli,06km,0.0,0.0,0,0,0.0,0.0
Bengaluru City,Airport Traffic PS,1.04432e+16,2023,1,1,Road Accidents,Narrow road,City/Town,Open area,Human Error,Not Applicable,Damage Only,Vehicle to Vehicle,Police / Manual,Others,Two way,Bitumen(Tar),Dry,Not Applicable,Fine,OUTER RING ROAD,Near Karthik nagara coffe day,6km,0.0,0.0,0,0,0.0,0.0
Bengaluru City,Airport Traffic PS,1.04432e+16,2023,1,1,Road Accidents,Cross roads,City/Town,Near a recreation place/cinema,Human Error,No,Grievous Injury,Hit pedestrian,Not at  Junction,Others,Others,Bitumen(Tar),Dry,Not Applicable,Fine,Marathalli,Near Tulasoi Theater,04km,0.0,0.0,0,0,0.0,0.0
Bengaluru City,Airport Traffic PS,1.04432e+16,2023,1,2,Road Accidents,Narrow road,City/Town,Open area,Human Error,No,Grievous Injury,Vehicle to Vehicle,Not at  Junction,Others,Service Road,Bitumen(Tar),Dry,Not Applicable,Fine,Service road,Near Vamshi aPTS marathalli,05km,0.0,0.0,0,0,0.0,0.0
Bengaluru City,Airport Traffic PS,1.04432e+16,2023,1,2,Road Accidents,Narrow road,City/Town,Near Bus stop,Human Error,Yes,Damage Only,Vehicle to Vehicle,Not Applicable,Others,Others,Bitumen(Tar),Dry,Not Applicable,Fine,varturu main road,naer borewel bus stop,04km,12.954859,77.686639,0,0,0.0,0.0
Bengaluru City,Airport Traffic PS,1.04432e+16,2023,1,2,Road Accidents,Narrow road,City/Town,Open area,Human Error,No,Grievous Injury,Vehicle to Vehicle,Police / Manual,Others,Two way,Bitumen(Tar),Dry,Not Applicable,Clear,BASAVANAGARA MAIN ROAD,Near Shell Petrol Bunk,03km,12.971093,77.681772,0,0,0.0,0.0
Bengaluru City,Airport Traffic PS,1.04432e+16,2023,1,1,Road Accidents,Narrow road,City/Town,In bazaar,Human Error,No,Simple Injury,Hit pedestrian,Not at  Junction,Others,Two way,Bitumen(Tar),Dry,Not Applicable,Clear,varturu Main Road,Near marathahalli Market,03km,0.0,0.0,0,0,0.0,0.0
Bengaluru City,Airport Traffic PS,1.04432e+16,2023,1,1,Road Accidents,Narrow road,City/Town,Open area,Human Error,No,Grievous Injury,Hit pedestrian,Not at  Junction,Not Applicable,Others,Bitumen(Tar),Dry,Not Applicable,Fine,Outer ring road,devarabeesanhalli near embessy tch village,06km,0.0,0.0,0,0,0.0,0.0
Bengaluru City,Airport Traffic PS,1.04432e+16,2023,1,1,Road Accidents,Junction,City/Town,Open area,Human Error,No,Grievous Injury,Hit pedestrian,Police / Manual,Others,Others,Bitumen(Tar),Dry,Not Applicable,Fine,KUNDALAHALLI,JUNCTION,05KM,12.955467,77.715096,0,0,0.0,0.0
Bengaluru City,Airport Traffic PS,1.04432e+16,2023,1,2,Road Accidents,Narrow road,City/Town,Open area,Human Error,No,Grievous Injury,Vehicle to Vehicle,Police / Manual,Others,Not Applicable,Bitumen(Tar),Dry,Not Applicable,Fine,Devarabeesanahalli,devarabeesanhalli,07km,12.929733,77.685241,0,0,0.0,0.0
Bengaluru City,Ashoknagar Traffic PS,1.04432e+16,2016,1,2,Road Accidents,Narrow road,City/Town,Near Bus stop,Human Error,No,Grievous Injury,Hit bicyclist,Signal lights Automatic,Others,City or Town Road,Bitumen(Tar),Dry,Not Applicable,Others,Victorya Road,Hotel,1.5 km,0.0,0.0,0,0,0.0,0.0
Bengaluru City,Ashoknagar Traffic PS,1.04432e+16,2016,1,2,Road Accidents,Junction,City/Town,Near Bus stop,Human Error,No,Damage Only,Rear end,Signal lights Automatic,Others,City or Town Road,Bitumen(Tar),Others,Not Applicable,Others,M.G Road,Meyohall Junction,0.5 KM,12.974022,77.611511,0,1,0.0,1.0
Bengaluru City,Ashoknagar Traffic PS,1.04432e+16,2016,1,1,Road Accidents,Junction,City/Town,Near office complex,Human Error,No,Simple Injury,Hit pedestrian,Signal lights Automatic,Others,City or Town Road,Bitumen(Tar),Others,Not Applicable,Fine,M.G Road,Cuver Karkushala Junction,0.5,12.975095,77.607995,0,1,0.0,1.0
Bengaluru City,Ashoknagar Traffic PS,1.04432e+16,2016,1,2,Road Accidents,Cross roads,City/Town,Near office complex,Human Error,No,Grievous Injury,Others,No signal lights,Others,One way,Bitumen(Tar),Others,Not Applicable,Fine,langford road,Near pan office,01KM,0.0,0.0,0,1,0.0,1.0
Bengaluru City,Ashoknagar Traffic PS,1.04432e+16,2016,1,2,Road Accidents,Other,City/Town,Residential area,Human Error,Not Applicable,Grievous Injury,Others,Not Applicable,Not Applicable,Residential Street,Bitumen(Tar),Dry,Not Applicable,Fine,presteen myagnam aprtment,EIJIPURA MAIN ROAD,2 1/2,0.0,0.0,0,0,0.0,0.0
Bengaluru City,Ashoknagar Traffic PS,1.04432e+16,2016,1,2,Road Accidents,Junction,City/Town,Near office complex,Human Error,Yes,Grievous Injury,Hit and Run,Signal lights Automatic,Others,One way,Bitumen(Tar),Others,Not Applicable,Fine,M G ROAD,crafts junction,1,0.0,0.0,0,1,0.0,1.0
Bengaluru City,Ashoknagar Traffic PS,1.04432e+16,2016,1,1,Road Accidents,Junction,City/Town,Open area,Human Error,No,Grievous Injury,Drowned,Signal lights Automatic,Curve,City or Town Road,Bitumen(Tar),Dry,Not Applicable,Clear,HOSOUR LASKAR ROAD,Anepalya Junction,2 KM,0.0,0.0,0,0,0.0,0.0
Bengaluru City,Ashoknagar Traffic PS,1.04432e+16,2016,1,2,Road Accidents,Cross roads,City/Town,Residential area,Human Error,Yes,Damage Only,Hit parked vehicle,No signal lights,Not Applicable,City or Town Road,Bitumen(Tar),Dry,Not Applicable,Fine,Brigade Road,Nera Giriyas Show room Birigade Road,01 km,0.0,0.0,0,0,0.0,0.0
Bengaluru City,Ashoknagar Traffic PS,1.04432e+16,2016,1,2,Road Accidents,Junction,City/Town,Near Hospital,Human Error,Yes,Grievous Injury,Hit and Run,Not Applicable,Others,City or Town Road,Bitumen(Tar),Others,Not Applicable,Clear,LAKSHMI ROAD,shanthinagara,2 1/2,0.0,0.0,0,1,0.0,1.0
Bengaluru City,Ashoknagar Traffic PS,1.04432e+16,2016,1,2,Road Accidents,Cross roads,City/Town,Near Bus stop,Human Error,Yes,Fatal,Hit and Run,No signal lights,Others,Two way,Bitumen(Tar),Others,Not Applicable,Fine,HOSOUR LASKAR ROAD,CEMENRTY CROSS,2 1/2,0.0,0.0,0,1,0.0,1.0
Bengaluru City,Ashoknagar Traffic PS,1.04432e+16,2016,1,2,Road Accidents,Cross roads,City/Town,Near Bus stop,Human Error,No,Grievous Injury,Others,No signal lights,Others,Two way,Bitumen(Tar),Others,Not Applicable,Fine,Ejipura Main Road,near 10th cross,2 1/2,0.0,0.0,0,1,0.0,1.0
Bengaluru City,Ashoknagar Traffic PS,1.04432e+16,2016,1,2,Road Accidents,Other,City/Town,Near School or College,Human Error,Yes,Fatal,Hit and Run,Not Applicable,Others,Two way,Bitumen(Tar),Others,Not Applicable,Fine,lagford road,Near st josph callege,02 km,0.0,0.0,0,1,0.0,1.0
Bengaluru City,Ashoknagar Traffic PS,1.04432e+16,2016,1,2,Road Accidents,Cross roads,City/Town,Near a religious place,Human Error,Yes,Grievous Injury,Hit bicyclist,Not at  Junction,Others,City or Town Road,Bitumen(Tar),Others,Not Applicable,Fine,LAKSHMI ROAD,JAIN TEMPLE,2 KM,0.0,0.0,0,1,0.0,1.0
Bengaluru City,Ashoknagar Traffic PS,1.04432e+16,2016,1,2,Road Accidents,Other,City/Town,Near Bus stop,Human Error,No,Grievous Injury,Rear end,Not at  Junction,Others,City or Town Road,Bitumen(Tar),Others,Not Applicable,Others,Brigede Road,Brigade Tower,1.5 km,12.967694,77.606634,0,1,0.0,1.0
Bengaluru City,Ashoknagar Traffic PS,1.04432e+16,2016,1,1,Road Accidents,Junction,City/Town,Near Bus stop,Human Error,No,Fatal,Hit pedestrian,Signal lights Automatic,Others,City or Town Road,Bitumen(Tar),Others,Not Applicable,Fine,M.G Road,Cuver Karkushala Junction,1,12.974971,77.608114,0,1,0.0,1.0
Bengaluru City,Ashoknagar Traffic PS,1.04432e+16,2016,1,2,Road Accidents,Other,City/Town,Near School or College,Human Error,No,Grievous Injury,Rear end,Not at  Junction,Others,City or Town Road,Bitumen(Tar),Others,Not Applicable,Fine,Residency Road,Bishop Cotton,1.5,12.967695,77.600009,0,1,0.0,1.0
Bengaluru City,Ashoknagar Traffic PS,1.04432e+16,2016,1,2,Road Accidents,Cross roads,City/Town,Near Hospital,Human Error,Yes,Grievous Injury,Hit and Run,No signal lights,Others,Two way,Bitumen(Tar),Others,Not Applicable,Others,M G ROAD,primrose road,1 1/2,0.0,0.0,0,1,0.0,1.0
Bengaluru City,Ashoknagar Traffic PS,1.04432e+16,2016,1,3,Road Accidents,Cross roads,City/Town,Residential area,Human Error,No,Grievous Injury,Others,Not at  Junction,Others,City or Town Road,Bitumen(Tar),Others,Not Applicable,Others,Nco Military Colony,Military Colony,1.5,0.0,0.0,0,1,0.0,1.0
Bengaluru City,Ashoknagar Traffic PS,1.04432e+16,2016,1,1,Road Accidents,Other,City/Town,Near Bus stop,Human Error,Yes,Grievous Injury,Hit and Run,Not at  Junction,Others,City or Town Road,Bitumen(Tar),Dry,Not Applicable,Others,Ejipura Main Road,Ravi Tent,2 KM,12.951451,77.622132,0,0,0.0,0.0
Bengaluru City,Ashoknagar Traffic PS,1.04432e+16,2016,1,2,Road Accidents,Junction,City/Town,Near office complex,Human Error,Yes,Grievous Injury,Hit and Run,Signal lights Automatic,Others,Two way,Bitumen(Tar),Others,Not Applicable,Fine,M G ROAD,crafts junction,1 1/2,0.0,0.0,0,1,0.0,1.0
Bengaluru City,Ashoknagar Traffic PS,1.04432e+16,2016,1,2,Road Accidents,Other,City/Town,At pedestrian Crossing,Human Error,Not Applicable,Damage Only,Others,No signal lights,Not Applicable,Others,Bitumen(Tar),Dry,Not Applicable,Clear,Bazar street road,BDA 2nd Cross Road,2 1/2,0.0,0.0,0,0,0.0,0.0
Bengaluru City,Ashoknagar Traffic PS,1.04432e+16,2016,1,1,Road Accidents,Narrow road,City/Town,In bazaar,Human Error,No,Damage Only,Right Turn Collision,Not Applicable,Others,City or Town Road,Bitumen(Tar),Dry,Not Applicable,Clear,RESEDINCY ROAD,Opp Sargose Building,1 KM,0.0,0.0,0,0,0.0,0.0
Bengaluru City,Ashoknagar Traffic PS,1.04432e+16,2016,1,2,Road Accidents,Narrow road,City/Town,Near School or College,Human Error,No,Grievous Injury,Hit bicyclist,Not at  Junction,Others,City or Town Road,Bitumen(Tar),Others,Not Applicable,Others,Langford Road,St Joseph College,2 km,0.0,0.0,0,1,0.0,1.0
Bengaluru City,Ashoknagar Traffic PS,1.04432e+16,2016,1,2,Road Accidents,Other,City/Town,Near School or College,Human Error,No,Simple Injury,Hit bicyclist,Not at  Junction,Others,Others,Bitumen(Tar),Others,Not Applicable,Others,Hosur Lashkar Road,School,1.5 km,0.0,0.0,0,1,0.0,1.0
Bengaluru City,Ashoknagar Traffic PS,1.04432e+16,2016,1,2,Road Accidents,Narrow road,City/Town,Near Bus stop,Human Error,No,Grievous Injury,Head on,Not at  Junction,Others,City or Town Road,Bitumen(Tar),Others,Not Applicable,Fine,Longford Road,Namdaris,2 KM,12.962105,77.597093,0,1,0.0,1.0
Bengaluru City,Ashoknagar Traffic PS,1.04432e+16,2016,1,1,Road Accidents,Other,City/Town,Near office complex,Human Error,No,Simple Injury,Hit pedestrian,Not at  Junction,Others,City or Town Road,Bitumen(Tar),Others,Not Applicable,Others,Residency Road,Ritz Corlton Insaide Hotel,1.5,0.0,0.0,0,1,0.0,1.0
Bengaluru City,Ashoknagar Traffic PS,1.04432e+16,2016,1,1,Road Accidents,Cross roads,City/Town,In bazaar,Human Error,Yes,Grievous Injury,Hit pedestrian,Not Applicable,Curve,City or Town Road,Bitumen(Tar),Dry,Not Applicable,Clear,Bajar Street,Near Tea stal,02 km,0.0,0.0,0,0,0.0,0.0
Bengaluru City,Ashoknagar Traffic PS,1.04432e+16,2016,1,2,Road Accidents,Junction,City/Town,Near office complex,Human Error,Yes,Grievous Injury,Hit and Run,Signal lights Automatic,Others,City or Town Road,Bitumen(Tar),Dry,Not Applicable,Fine,MAYOHAL JUNCTION,MG ROAD,1/2 km,0.0,0.0,0,0,0.0,0.0
Bengaluru City,Ashoknagar Traffic PS,1.04432e+16,2016,1,2,Road Accidents,Other,City/Town,Near School or College,Human Error,No,Damage Only,Rear end,Not at  Junction,Others,City or Town Road,Bitumen(Tar),Dry,Not Applicable,Fine,Residency Road,St Joseph College,1.5 km,12.97092,77.604893,0,0,0.0,0.0
Bengaluru City,Ashoknagar Traffic PS,1.04432e+16,2016,1,1,Road Accidents,Other,City/Town,Near Bus stop,Human Error,No,Grievous Injury,Hit pedestrian,Not Applicable,Not Applicable,City or Town Road,Bitumen(Tar),Dry,Not Applicable,Clear,Near kavya sagara Hotel,Kavya Sagara Hotel,02 km,0.0,0.0,0,0,0.0,0.0
Bengaluru City,Ashoknagar Traffic PS,1.04432e+16,2016,1,1,Road Accidents,Other,City/Town,Near office complex,Human Error,Yes,Simple Injury,Hit and Run,Not Applicable,Others,Two way,Bitumen(Tar),Others,Not Applicable,Fine,B.G.ROAD,NEAR HILLTOP GRANITES,2 1/2,0.0,0.0,0,1,0.0,1.0
Bengaluru City,Ashoknagar Traffic PS,1.04432e+16,2016,1,2,Road Accidents,Junction,City/Town,Near Bus stop,Human Error,Yes,Grievous Injury,Hit and Run,Signal lights Automatic,Others,Residential Street,Bitumen(Tar),Others,Not Applicable,Fine,DISOUZA CIRCLE,RICHMOUND ROAD,01 km,0.0,0.0,0,1,0.0,1.0
Bengaluru City,Ashoknagar Traffic PS,1.04432e+16,2016,1,2,Road Accidents,Junction,City/Town,Near a religious place,Human Error,No,Grievous Injury,Hit bicyclist,Signal lights Manual,Others,City or Town Road,Bitumen(Tar),Others,Not Applicable,Fine,Brigede Road,Old Ashoknagara Police station junction,1 KM,0.0,0.0,0,1,0.0,1.0
Bengaluru City,Ashoknagar Traffic PS,1.04432e+16,2016,1,1,Road Accidents,Other,City/Town,Near a recreation place/cinema,Human Error,No,Grievous Injury,Hit pedestrian,Not at  Junction,Others,City or Town Road,Bitumen(Tar),Others,Not Applicable,Others,Sriram Temple Road,sriram Temple,3 km,0.0,0.0,0,1,0.0,1.0
Bengaluru City,Ashoknagar Traffic PS,1.04432e+16,2016,1,2,Road Accidents,Narrow road,City/Town,Near Bus stop,Human Error,No,Fatal,Hit bicyclist,Not at  Junction,Others,One way,Bitumen(Tar),Dry,Not Applicable,Others,Richmond Road,Haj Comiti,1.5 km,0.0,0.0,0,0,0.0,0.0
Bengaluru City,Ashoknagar Traffic PS,1.04432e+16,2016,1,4,Road Accidents,Other,City/Town,Near School or College,Not Applicable,No,Damage Only,Rear end,Not at  Junction,Others,City or Town Road,Bitumen(Tar),Others,Not Applicable,Others,Near Cash Parmacey Junction,Opp St Josph School,0.5,0.0,0.0,0,1,0.0,1.0
Bengaluru City,Ashoknagar Traffic PS,1.04432e+16,2016,1,2,Road Accidents,Narrow road,City/Town,Near a religious place,Human Error,No,Grievous Injury,Hit bicyclist,Not at  Junction,Straight and flat,City or Town Road,Bitumen(Tar),Dry,Not Applicable,Fine,lower agarm Road,Canara Bank,1.5 km,0.0,0.0,0,0,0.0,0.0
Bengaluru City,Ashoknagar Traffic PS,1.04432e+16,2016,1,2,Road Accidents,Junction,City/Town,Near Bus stop,Human Error,No,Damage Only,Others,Signal lights Automatic,Others,City or Town Road,Bitumen(Tar),Dry,Not Applicable,Fine,Hosur Lashkar Road,cristian cemetry gate,2km,12.952687,77.605238,0,0,0.0,0.0
Bengaluru City,Ashoknagar Traffic PS,1.04432e+16,2016,1,1,Road Accidents,Other,City/Town,Residential area,Human Error,Yes,Fatal,Hit pedestrian,No signal lights,Not Applicable,Two way,Bitumen(Tar),Dry,Not Applicable,Clear,Renius street,shanthinagara,2 1/2,0.0,0.0,0,0,0.0,0.0
Bengaluru City,Ashoknagar Traffic PS,1.04432e+16,2016,1,2,Road Accidents,Not Applicable,City/Town,Residential area,Human Error,No,Grievous Injury,Others,Not Applicable,Not Applicable,Residential Street,Bitumen(Tar),Dry,Not Applicable,Clear,Renius street,nera sky gerden apartment,2 1/2,12.963145,77.60134,0,0,0.0,0.0
Bengaluru City,Ashoknagar Traffic PS,1.04432e+16,2016,1,2,Road Accidents,Junction,City/Town,Near School or College,Human Error,No,Grievous Injury,Hit and Run,Signal lights Automatic,Others,City or Town Road,Bitumen(Tar),Others,Not Applicable,Others,Neelasandra Main Road,Cmp Gate,3 km,0.0,0.0,0,1,0.0,1.0
Bengaluru City,Ashoknagar Traffic PS,1.04432e+16,2016,1,2,Road Accidents,Other,City/Town,Residential area,Human Error,Yes,Grievous Injury,Hit bicyclist,Not at  Junction,Others,City or Town Road,Bitumen(Tar),Dry,Not Applicable,Others,Palmagro Road,Palmagro Apartment,1 KM,12.9645,77.614461,0,0,0.0,0.0
Bengaluru City,Ashoknagar Traffic PS,1.04432e+16,2016,1,2,Road Accidents,Other,City/Town,Near Bus stop,Human Error,No,Simple Injury,Hit bicyclist,Not at  Junction,Others,City or Town Road,Bitumen(Tar),Others,Not Applicable,Fine,Lang Ford Road,Namdaris,2 KM,12.96086,77.600533,0,1,0.0,1.0
Bengaluru City,Ashoknagar Traffic PS,1.04432e+16,2016,1,2,Road Accidents,More than four arms,City/Town,Near Bus stop,Human Error,No,Simple Injury,Others,Signal lights Automatic,Others,One way,Bitumen(Tar),Others,Not Applicable,Others,RECIDENCY ROAD,Ashirvadam Junction,1,12.97092,77.604893,0,1,0.0,1.0
Bengaluru City,Ashoknagar Traffic PS,1.04432e+16,2016,1,2,Road Accidents,Junction,City/Town,Near Bus stop,Human Error,Yes,Simple Injury,Hit and Run,Signal lights Automatic,Others,Two way,Bitumen(Tar),Others,Not Applicable,Fine,HOSOUR LASKAR ROAD,Johnson market junction,01KM,12.965118,77.606947,0,1,0.0,1.0
Bengaluru City,Ashoknagar Traffic PS,1.04432e+16,2016,1,2,Road Accidents,Circle,City/Town,Near Bus stop,Human Error,Not Applicable,Grievous Injury,Others,Signal lights Automatic,Not Applicable,City or Town Road,Bitumen(Tar),Others,Not Applicable,Fine,Disouza circle,Richmond road,01 km,0.0,0.0,0,1,0.0,1.0
Bengaluru City,Ashoknagar Traffic PS,1.04432e+16,2016,1,1,Road Accidents,Cross roads,City/Town,Near Bus stop,Human Error,No,Grievous Injury,Others,Not at  Junction,Others,Two way,Bitumen(Tar),Others,Not Applicable,Fine,LOWER AGARAM ROAD,Vannarpete,2 1/2,0.0,0.0,0,1,0.0,1.0
Bengaluru City,Ashoknagar Traffic PS,1.04432e+16,2016,1,1,Road Accidents,Other,City/Town,Residential area,Human Error,No,Damage Only,Others,Not Applicable,Others,One way,Bitumen(Tar),Others,Not Applicable,Fine,RESIDENCY ROAD,GOOD SHEPHERD CONVENT,1,0.0,0.0,0,1,0.0,1.0
Bengaluru City,Ashoknagar Traffic PS,1.04432e+16,2016,1,2,Road Accidents,Circle,City/Town,Residential area,Human Error,No,Grievous Injury,Others,Signal lights Automatic,Others,One way,Bitumen(Tar),Others,Not Applicable,Others,BRIGED ROAD,Near Kaveri emporiem,1,0.0,0.0,0,1,0.0,1.0
Bengaluru City,Ashoknagar Traffic PS,1.04432e+16,2016,1,2,Road Accidents,Cross roads,City/Town,Near Bus stop,Human Error,No,Grievous Injury,Others,No signal lights,Not Applicable,City or Town Road,Bitumen(Tar),Dry,Not Applicable,Fine,Near Post Office 1st Cross,Vivekanagara 4th Main,2 1/2,0.0,0.0,0,0,0.0,0.0
Bengaluru City,Ashoknagar Traffic PS,1.04432e+16,2016,1,2,Road Accidents,Junction,City/Town,Near Bus stop,Human Error,No,Grievous Injury,Others,Signal lights Automatic,Others,One way,Bitumen(Tar),Others,Not Applicable,Others,RESEDINCY ROAD,cash pharmacy,1,0.0,0.0,0,1,0.0,1.0
Bengaluru City,Ashoknagar Traffic PS,1.04432e+16,2016,1,2,Road Accidents,Circle,City/Town,Open area,Not Applicable,Not Applicable,Grievous Injury,Head on,Signal lights Manual,Others,Others,Bitumen(Tar),Others,Not Applicable,Clear,Anepalya Signal,Hosuru Lashkar Road,2km,0.0,0.0,0,1,0.0,1.0
Bengaluru City,Ashoknagar Traffic PS,1.04432e+16,2016,1,2,Road Accidents,Other,City/Town,Near Bus stop,Human Error,No,Grievous Injury,Hit bicyclist,Not at  Junction,Others,City or Town Road,Bitumen(Tar),Dry,Not Applicable,Others,BRIGADE ROAD,NEAR BUS STOP,1 KM,0.0,0.0,0,0,0.0,0.0
Bengaluru City,Ashoknagar Traffic PS,1.04432e+16,2016,1,3,Road Accidents,Curves,City/Town,Residential area,Human Error,No,Fatal,Hit bicyclist,Not at  Junction,Incline,Two way,Bitumen(Tar),Dry,Not Applicable,Fine,lower agarm Road,Military Area,2 KM,12.958174,77.621251,0,0,0.0,0.0
Bengaluru City,Ashoknagar Traffic PS,1.04432e+16,2016,1,2,Road Accidents,Junction,City/Town,Near office complex,Human Error,No,Grievous Injury,Others,Signal lights Automatic,Not Applicable,Two way,Bitumen(Tar),Dry,Not Applicable,Fine,MAYOHAL JUNCTION,MG ROAD,1/2 km,0.0,0.0,0,0,0.0,0.0
Bengaluru City,Ashoknagar Traffic PS,1.04432e+16,2016,1,1,Road Accidents,Other,City/Town,Residential area,Not Applicable,No,Grievous Injury,Hit pedestrian,Signal lights Automatic,Not Applicable,One way,Bitumen(Tar),Others,Not Applicable,Fine,Musuam Road,Near Ashirvadam circal,0,0.0,0.0,0,1,0.0,1.0
Bengaluru City,Ashoknagar Traffic PS,1.04432e+16,2016,1,2,Road Accidents,Cross roads,City/Town,Residential area,Human Error,No,Grievous Injury,Others,No signal lights,Others,Residential Street,Bitumen(Tar),Others,Not Applicable,Fine,B.G.ROAD,NEAR CHRISTIAN CEMENTRY,03 KM,0.0,0.0,0,1,0.0,1.0
Bengaluru City,Ashoknagar Traffic PS,1.04432e+16,2016,1,2,Road Accidents,Junction,City/Town,Near Bus stop,Human Error,Yes,Fatal,Hit and Run,Signal lights Automatic,Others,Two way,Bitumen(Tar),Others,Not Applicable,Fine,HOSOUR LASKAR ROAD,Near Anepalya signal,2 1/2,0.0,0.0,0,1,0.0,1.0
Bengaluru City,Ashoknagar Traffic PS,1.04432e+16,2016,1,3,Road Accidents,Circle,City/Town,Near a religious place,Human Error,No,Damage Only,Others,Not at  Junction,Incline,City or Town Road,Bitumen(Tar),Dry,Not Applicable,Fine,Anepalya Main Road,15th Cross,1.5,0.0,0.0,0,0,0.0,0.0
Bengaluru City,Ashoknagar Traffic PS,1.04432e+16,2016,1,1,Road Accidents,Curves,City/Town,Near Bus stop,Human Error,No,Fatal,Skidding or Self accident,No signal lights,Curve,City or Town Road,Bitumen(Tar),Others,Not Applicable,Fine,Residency Road,Richmond Circle,1.5,12.965845,77.597857,0,1,0.0,1.0
Bengaluru City,Ashoknagar Traffic PS,1.04432e+16,2016,1,2,Road Accidents,Junction,City/Town,Near office complex,Human Error,No,Grievous Injury,Rear end,Not at  Junction,Others,City or Town Road,Bitumen(Tar),Dry,Not Applicable,Fine,RICHMOND ROAD,Life Style,0.5,0.0,77.61136,0,0,0.0,0.0
Bengaluru City,Ashoknagar Traffic PS,1.04432e+16,2016,1,1,Road Accidents,Other,City/Town,Residential area,Human Error,No,Grievous Injury,Hit pedestrian,Not at  Junction,Others,City or Town Road,Bitumen(Tar),Others,Not Applicable,Fine,Tait Lane,House,1.5,12.966948,77.60787,0,1,0.0,1.0
Bengaluru City,Ashoknagar Traffic PS,1.04432e+16,2016,1,1,Road Accidents,Junction,City/Town,Near a recreation place/cinema,Human Error,No,Simple Injury,Others,Signal lights Automatic,Others,One way,Bitumen(Tar),Others,Not Applicable,Fine,commissinorate road,Garuda mall junction,1/2 km,0.0,0.0,0,1,0.0,1.0
Bengaluru City,Ashoknagar Traffic PS,1.04432e+16,2016,1,1,Road Accidents,Cross roads,City/Town,Near Bus stop,Human Error,No,Grievous Injury,Hit pedestrian,Not at  Junction,Incline,City or Town Road,Bitumen(Tar),Others,Not Applicable,Fine,Hayes Road,Cash Parmacy,1.5,0.0,0.0,0,1,0.0,1.0
Bengaluru City,Ashoknagar Traffic PS,1.04432e+16,2016,1,1,Road Accidents,Other,City/Town,In bazaar,Human Error,Yes,Grievous Injury,Others,Not at  Junction,Others,Two way,Bitumen(Tar),Dry,Not Applicable,Fine,Neelasandra Main Road,Cid Police Quarters,2 KM,0.0,0.0,0,0,0.0,0.0
Bengaluru City,Ashoknagar Traffic PS,1.04432e+16,2016,1,2,Road Accidents,Junction,City/Town,Near Petrol Pump,Human Error,No,Damage Only,Rear end,Signal lights Automatic,Others,One way,Bitumen(Tar),Others,Not Applicable,Fine,Residency Road,Ashirwadam Junction,1 KM,0.0,0.0,0,1,0.0,1.0
Bengaluru City,Ashoknagar Traffic PS,1.04432e+16,2016,1,3,Road Accidents,Circle,City/Town,Near a recreation place/cinema,Human Error,No,Simple Injury,Others,Signals (Working),Others,City or Town Road,Bitumen(Tar),Dry,Not Applicable,Fine,Megrath Road,In Front Of garuda mall,1/2 km,0.0,0.0,0,0,0.0,0.0
Bengaluru City,Ashoknagar Traffic PS,1.04432e+16,2016,1,1,Road Accidents,Other,City/Town,Near School or College,Human Error,Not Applicable,Grievous Injury,Hit pedestrian,Not Applicable,Not Applicable,One way,Bitumen(Tar),Dry,Not Applicable,Fine,near bishapa cotten boyes school,Recidency road,1 1/2,0.0,0.0,0,0,0.0,0.0
Bengaluru City,Ashoknagar Traffic PS,1.04432e+16,2016,1,2,Road Accidents,Circle,City/Town,Residential area,Human Error,Yes,Damage Only,Others,No signal lights,Not Applicable,Residential Street,Bitumen(Tar),Dry,Not Applicable,Fine,Near richamond Park,Ossagnessy Road,02 km,0.0,0.0,0,0,0.0,0.0
Bengaluru City,Ashoknagar Traffic PS,1.04432e+16,2016,1,2,Road Accidents,Junction,City/Town,At pedestrian Crossing,Human Error,Yes,Damage Only,Hit and Run,Not at  Junction,Others,One way,Bitumen(Tar),Dry,Not Applicable,Others,Residency Road,Ashirwadam Junction,1.Km,12.970744,77.604505,0,0,0.0,0.0