DISTRICTNAME,UNITNAME,Crime_No,Year,RI,Noofvehicle_involved,Accident_Classification,Accident_Spot,Accident_Location,Accident_SubLocation,Main_Cause,Hit_Run,Severity,Collision_Type,Junction_Control,Road_Character,Road_Type,Surface_Type,Surface_Condition,Road_Condition,Weather,Accident_Road,Landmark_first,Distance_LandMark_First,Latitude,Longitude,Road_Condition_Score,Surface_Condition_Score,Surface_Type_Score,Road_Risk_Index
Bengaluru City,Ashoknagar Traffic PS,1.04432e+16,2016,1,2,Road Accidents,Circle,City/Town,Near School or College,Human Error,Yes,Grievous Injury,Hit and Run,Signal lights Automatic,Not Applicable,City or Town Road,Bitumen(Tar),Dry,Not Applicable,Clear,Near chayathodril school,Mother Theresa Road,1 1/2,0.0,0.0,0,0,0.0,0.0
Bengaluru City,Ashoknagar Traffic PS,1.04432e+16,2017,1,2,Road Accidents,Junction,City/Town,In bazaar,Not Applicable,No,Damage Only,Head on,Signal lights Automatic,Not Applicable,Others,Bitumen(Tar),Dry,Not Applicable,Clear,Victoriya Road,Near Life style,1km,0.0,0.0,0,0,0.0,0.0
Bengaluru City,Ashoknagar Traffic PS,1.04432e+16,2017,1,2,Road Accidents,Junction,City/Town,Near a recreation place/cinema,Human Error,Yes,Damage Only,Hit and Run,Signal lights Automatic,Not Applicable,Others,Bitumen(Tar),Others,Not Applicable,Fine,Megrath Road,Near Garuda Mall,500 fe,0.0,0.0,0,1,0.0,1.0
Bengaluru City,Ashoknagar Traffic PS,1.04432e+16,2017,1,2,Road Accidents,Junction,City/Town,Near office complex,Human Error,Yes,Grievous Injury,Hit and Run,Signal lights Automatic,Not Applicable,One way,Bitumen(Tar),Dry,Not Applicable,Clear,Briged Road,Cavery Emporiyam,2 km,0.0,0.0,0,0,0.0,0.0
Bengaluru City,Ashoknagar Traffic PS,1.04432e+16,2017,1,2,Road Accidents,Other,City/Town,Near Hospital,Human Error,Yes,Grievous Injury,Hit and Run,No signal lights,Not Applicable,One way,Bitumen(Tar),Dry,Not Applicable,Clear,Infront Of Hosmat Hospital's,Megrath Road,1/2 km,0.0,0.0,0,0,0.0,0.0
Bengaluru City,Ashoknagar Traffic PS,1.04432e+16,2017,1,2,Road Accidents,Junction,City/Town,Residential area,Human Error,No,Grievous Injury,Others,No signal lights,Others,City or Town Road,Kutcha,Dry,Not Applicable,Fine,Ambedkar junction,orc Road,1km,0.0,0.0,0,0,4.0,4.0
Bengaluru City,Ashoknagar Traffic PS,1.04432e+16,2017,1,2,Road Accidents,Other,City/Town,Near School or College,Human Error,No,Grievous Injury,Head on,Not at  Junction,Others,City or Town Road,Kutcha,Others,Not Applicable,Fine,Marcam road,Near Urdu school,500mtr,0.0,0.0,0,1,4.0,5.0
Bengaluru City,Ashoknagar Traffic PS,1.04432e+16,2017,1,1,Road Accidents,Junction,City/Town,Near Hospital,Human Error,No,Simple Injury,Hit bicyclist,Signal lights Automatic,Others,One way,Bitumen(Tar),Others,Not Applicable,Others,NEAR PANGRO SIGNAL,Victorey Road,01 km,0.0,0.0,0,1,0.0,1.0
Bengaluru City,Ashoknagar Traffic PS,1.04432e+16,2017,1,2,Road Accidents,Junction,City/Town,Near office complex,Human Error,No,Damage Only,Others,Signal lights Automatic,Others,One way,Bitumen(Tar),Others,Not Applicable,Fine,Richmond Road,Near Vellara Junction,1 1/2,0.0,0.0,0,1,0.0,1.0
Bengaluru City,Ashoknagar Traffic PS,1.04432e+16,2017,1,1,Road Accidents,Circle,City/Town,Near a recreation place/cinema,Human Error,No,Grievous Injury,Hit pedestrian,Signal lights Automatic,Others,One way,Bitumen(Tar),Others,Not Applicable,Fine,D' Souza cricla,Life style mal,1/2 km,0.0,0.0,0,1,0.0,1.0
Bengaluru City,Ashoknagar Traffic PS,1.04432e+16,2017,1,2,Road Accidents,Junction,City/Town,Near a recreation place/cinema,Human Error,Yes,Grievous Injury,Hit and Run,Signal lights Automatic,Not Applicable,Others,Bitumen(Tar),Others,Not Applicable,Fine,Megrath Road,Garuda mall junction,500 m,0.0,0.0,0,1,0.0,1.0
Bengaluru City,Ashoknagar Traffic PS,1.04432e+16,2017,1,1,Road Accidents,Narrow road,City/Town,Residential area,Human Error,No,Grievous Injury,Head on,Not at  Junction,Others,City or Town Road,Kutcha,Dry,Not Applicable,Fine,Bannergatta Road,Near Vinayaka Nagara Mori,1.5km,0.0,0.0,0,0,4.0,4.0
Bengaluru City,Ashoknagar Traffic PS,1.04432e+16,2017,1,1,Road Accidents,Cross roads,City/Town,Near office complex,Human Error,Yes,Grievous Injury,Hit pedestrian,No signal lights,Others,One way,Bitumen(Tar),Others,Not Applicable,Fine,wood street,Near nagrjuna castel,01 km,0.0,0.0,0,1,0.0,1.0
Bengaluru City,Ashoknagar Traffic PS,1.04432e+16,2017,1,2,Road Accidents,Circle,City/Town,Near office complex,Not Applicable,Yes,Damage Only,Hit and Run,Signal lights Automatic,Others,City or Town Road,Kutcha,Others,Not Applicable,Fine,Richmond circle,Near Parvati Plaza,2km,0.0,0.0,0,1,4.0,5.0
Bengaluru City,Ashoknagar Traffic PS,1.04432e+16,2017,1,1,Road Accidents,Junction,City/Town,Near School or College,Human Error,No,Grievous Injury,Others,No signal lights,Others,One way,Kutcha,Dry,Not Applicable,Fine,Richmond Road,Near Boldwin Girls school,1km,0.0,0.0,0,0,4.0,4.0
Bengaluru City,Ashoknagar Traffic PS,1.04432e+16,2017,1,2,Road Accidents,Other,City/Town,Near office complex,Not Applicable,Yes,Grievous Injury,Hit and Run,Signal lights Automatic,Others,City or Town Road,Bitumen(Tar),Others,Not Applicable,Clear,lower agarm road,Infornt Of Army public school & college,01 km,0.0,0.0,0,1,0.0,1.0
Bengaluru City,Ashoknagar Traffic PS,1.04432e+16,2017,1,2,Road Accidents,Junction,City/Town,Near Hospital,Human Error,No,Grievous Injury,Others,No signal lights,Others,City or Town Road,Bitumen(Tar),Dry,Not Applicable,Clear,Near Garudamall,Near Garudamall,1/2 km,0.0,0.0,0,0,0.0,0.0
Bengaluru City,Ashoknagar Traffic PS,1.04432e+16,2017,1,2,Road Accidents,Junction,City/Town,Open area,Human Error,No,Grievous Injury,Rear end,Signal lights Automatic,Others,City or Town Road,Kutcha,Dry,Not Applicable,Fine,Richmond Circle,Parvathi Plaza,01km,0.0,0.0,0,0,4.0,4.0
Bengaluru City,Ashoknagar Traffic PS,1.04432e+16,2017,1,2,Road Accidents,Narrow road,City/Town,Open area,Human Error,Yes,Damage Only,Hit and Run,Not at  Junction,Others,Others,Kutcha,Dry,Not Applicable,Fine,Loyar agaram Road,Near Military Gate,01km,0.0,0.0,0,0,4.0,4.0
Bengaluru City,Ashoknagar Traffic PS,1.04432e+16,2017,1,2,Road Accidents,Curves,City/Town,Near Bus stop,Human Error,Yes,Grievous Injury,Head on,No signal lights,Curve,City or Town Road,Kutcha,Dry,Not Applicable,Fine,Ejipura Main Road,Near Ravi Tent,1.5km,0.0,0.0,0,0,4.0,4.0
Bengaluru City,Ashoknagar Traffic PS,1.04432e+16,2017,1,1,Road Accidents,Cross roads,City/Town,Near Hospital,Human Error,Yes,Simple Injury,Hit pedestrian,Not at  Junction,Not Applicable,Two way,Bitumen(Tar),Not Applicable,Not Applicable,Fine,07 th Cross,Victorey Layout,01 k m,0.0,0.0,0,0,0.0,0.0
Bengaluru City,Ashoknagar Traffic PS,1.04432e+16,2017,1,1,Road Accidents,Cross roads,City/Town,Near Bus stop,Human Error,Yes,Grievous Injury,Hit and Run,No signal lights,Others,Arterial,Bitumen(Tar),Dry,Not Applicable,Clear,cementry cross road,Hosur Road,2 km,0.0,0.0,0,0,0.0,0.0
Bengaluru City,Ashoknagar Traffic PS,1.04432e+16,2017,1,2,Road Accidents,Other,City/Town,Residential area,Human Error,No,Damage Only,Head on,No signal lights,Others,City or Town Road,Kutcha,Dry,Not Applicable,Fine,O R C Road,Near Military Velfare Office,01km,0.0,0.0,0,0,4.0,4.0
Bengaluru City,Ashoknagar Traffic PS,1.04432e+16,2017,1,1,Road Accidents,Narrow road,City/Town,Near Bus stop,Human Error,Yes,Fatal,Hit and Run,Not at  Junction,Others,City or Town Road,Kutcha,Dry,Not Applicable,Fine,Inner Ring Road,Near Srinivagilu signal,2km,0.0,0.0,0,0,4.0,4.0
Bengaluru City,Ashoknagar Traffic PS,1.04432e+16,2017,1,2,Road Accidents,Junction,City/Town,Near office complex,Human Error,No,Damage Only,Others,Signal lights Automatic,Not Applicable,One way,Bitumen(Tar),Others,Not Applicable,Fine,Richmond Road,Near Richmond Circle,2km,0.0,0.0,0,1,0.0,1.0
Bengaluru City,Ashoknagar Traffic PS,1.04432e+16,2017,1,2,Road Accidents,Other,City/Town,Near Bus stop,Human Error,No,Grievous Injury,Others,Not Applicable,Others,One way,Bitumen(Tar),Others,Not Applicable,Fine,Richmond Road,Near BMTC Bus stop,1 1/2,0.0,0.0,0,1,0.0,1.0
Bengaluru City,Ashoknagar Traffic PS,1.04432e+16,2017,1,2,Road Accidents,Junction,City/Town,Near Bus stop,Human Error,Yes,Grievous Injury,Hit bicyclist,No signal lights,Not Applicable,One way,Bitumen(Tar),Dry,Not Applicable,Clear,cementry cross road,Hosur Road,2 km,0.0,0.0,0,0,0.0,0.0
Bengaluru City,Ashoknagar Traffic PS,1.04432e+16,2017,1,2,Road Accidents,Circle,City/Town,Near office complex,Not Applicable,No,Damage Only,Head on,Signal lights Automatic,Not Applicable,City or Town Road,Kutcha,Others,Not Applicable,Fine,M G road,Cauvery Emporiem,800mtr,0.0,0.0,0,1,4.0,5.0
Bengaluru City,Ashoknagar Traffic PS,1.04432e+16,2017,1,2,Road Accidents,Junction,City/Town,In bazaar,Human Error,Yes,Simple Injury,Hit and Run,Signal lights Automatic,Others,Others,Kutcha,Dry,Not Applicable,Fine,MG Road,cauery Emporiem signal,800mtr,0.0,0.0,0,0,4.0,4.0
Bengaluru City,Ashoknagar Traffic PS,1.04432e+16,2017,1,1,Road Accidents,Junction,City/Town,Open area,Human Error,No,Grievous Injury,Hit pedestrian,Signal lights Automatic,Others,City or Town Road,Kutcha,Dry,Not Applicable,Fine,Anepalya Hosuru Lashkar Road,Near Anepalya signal,2km,0.0,0.0,0,0,4.0,4.0
Bengaluru City,Ashoknagar Traffic PS,1.04432e+16,2017,1,2,Road Accidents,Narrow road,City/Town,Near a religious place,Human Error,No,Grievous Injury,Head on,No signal lights,Others,Two way,Kutcha,Dry,Not Applicable,Fine,Bannergatta Road,Christien Cimentry Gate no 5,2km,0.0,0.0,0,0,4.0,4.0
Bengaluru City,Ashoknagar Traffic PS,1.04432e+16,2017,1,2,Road Accidents,Other,City/Town,Open area,Human Error,Not Applicable,Damage Only,Head on,Not at  Junction,Others,City or Town Road,Kutcha,Dry,Not Applicable,Fine,vivekanagara,near station,1.5km,0.0,0.0,0,0,4.0,4.0
Bengaluru City,Ashoknagar Traffic PS,1.04432e+16,2017,1,1,Road Accidents,Narrow road,City/Town,Open area,Human Error,Yes,Grievous Injury,Hit and Run,Not at  Junction,Others,City or Town Road,Kutcha,Dry,Not Applicable,Fine,Loyar Agaram road,Near Military gate,1km,0.0,0.0,0,0,4.0,4.0
Bengaluru City,Ashoknagar Traffic PS,1.04432e+16,2017,1,2,Road Accidents,Junction,City/Town,Near office complex,Human Error,Yes,Grievous Injury,Hit and Run,Signal lights Automatic,Not Applicable,City or Town Road,Bitumen(Tar),Wet,Not Applicable,Cloudy,Megrath Road,Garudamal Junction,1,0.0,0.0,0,3,0.0,3.0
Bengaluru City,Ashoknagar Traffic PS,1.04432e+16,2017,1,1,Road Accidents,Other,City/Town,In bazaar,Human Error,Yes,Damage Only,Hit and Run,Not at  Junction,Others,City or Town Road,Kutcha,Others,Not Applicable,Fine,Bazar Street Neelasandra,Near Mekka Mazid,1.5mtr,0.0,0.0,0,1,4.0,5.0
Bengaluru City,Ashoknagar Traffic PS,1.04432e+16,2017,1,2,Road Accidents,Narrow road,City/Town,Residential area,Human Error,Yes,Grievous Injury,Hit and Run,Not Applicable,Others,Others,Kutcha,Others,Not Applicable,Fine,Pamgrow Road,Near Hyderabad signal,1km,0.0,0.0,0,1,4.0,5.0
Bengaluru City,Ashoknagar Traffic PS,1.04432e+16,2017,1,2,Road Accidents,Other,City/Town,Residential area,Human Error,No,Damage Only,Head on,No signal lights,Others,Others,Kutcha,Others,Not Applicable,Fine,Residency Road,Near Impeariel Hotel,500mtr,0.0,0.0,0,1,4.0,5.0
Bengaluru City,Ashoknagar Traffic PS,1.04432e+16,2017,1,3,Road Accidents,Circle,City/Town,Near Bus stop,Human Error,Yes,Grievous Injury,Hit and Run,Signals (Working),Others,City or Town Road,Bitumen(Tar),Others,Not Applicable,Fine,langforad,Near Hakistediyam,02 km,0.0,0.0,0,1,0.0,1.0
Bengaluru City,Ashoknagar Traffic PS,1.04432e+16,2017,1,1,Road Accidents,Junction,City/Town,Near School or College,Human Error,No,Simple Injury,Hit bicyclist,Signal lights Automatic,Others,One way,Bitumen(Tar),Others,Not Applicable,Fine,Victorey road,Infornt Of Life Styl Mall,01 km,0.0,0.0,0,1,0.0,1.0
Bengaluru City,Ashoknagar Traffic PS,1.04432e+16,2017,1,2,Road Accidents,Junction,City/Town,Near office complex,Human Error,Yes,Damage Only,Hit and Run,Signal lights Automatic,Others,One way,Bitumen(Tar),Others,Not Applicable,Fine,Richmond Road,Near Vellara Junction,1 1/2,0.0,0.0,0,1,0.0,1.0
Bengaluru City,Ashoknagar Traffic PS,1.04432e+16,2017,1,2,Road Accidents,Cross roads,City/Town,Near Bus stop,Human Error,Not Applicable,Grievous Injury,Others,Not at  Junction,Others,City or Town Road,Bitumen(Tar),Others,Not Applicable,Fine,lower agarm road,OPP BMTC BUS STOP,02 KM,0.0,0.0,0,1,0.0,1.0
Bengaluru City,Ashoknagar Traffic PS,1.04432e+16,2017,1,2,Road Accidents,Junction,City/Town,Residential area,Not Applicable,Not Applicable,Simple Injury,Others,No signal lights,Not Applicable,City or Town Road,Bitumen(Tar),Dry,Not Applicable,Fine,wood street,titel Line,1,0.0,0.0,0,0,0.0,0.0
Bengaluru City,Ashoknagar Traffic PS,1.04432e+16,2017,1,2,Road Accidents,Circle,City/Town,Near Petrol Pump,Human Error,Not Applicable,Not Applicable,Others,Signal lights Automatic,Not Applicable,Residential Street,Bitumen(Tar),Dry,Not Applicable,Clear,SHOOLAYE CIRCLE,ASHOKNAGARA SIGNAL LIGHT,1 1/2,0.0,0.0,0,0,0.0,0.0
Bengaluru City,Ashoknagar Traffic PS,1.04432e+16,2017,1,2,Road Accidents,Other,City/Town,Open area,Human Error,Yes,Grievous Injury,Head on,No signal lights,Others,Two way,Kutcha,Dry,Not Applicable,Fine,O R C Road,Militery Welfare Office,1km,0.0,0.0,0,0,4.0,4.0
Bengaluru City,Ashoknagar Traffic PS,1.04432e+16,2017,1,2,Road Accidents,Junction,City/Town,Near a recreation place/cinema,Human Error,No,Simple Injury,Others,Signal lights Automatic,Others,One way,Bitumen(Tar),Others,Not Applicable,Fine,Richmond Road,disoza junction,01 km,0.0,0.0,0,1,0.0,1.0
Bengaluru City,Ashoknagar Traffic PS,1.04432e+16,2017,1,1,Road Accidents,Other,City/Town,Residential area,Human Error,Yes,Fatal,Hit pedestrian,No signal lights,Not Applicable,Residential Street,Bitumen(Tar),Dry,Not Applicable,Clear,charch road,shanthinagara,2 km,0.0,0.0,0,0,0.0,0.0
Bengaluru City,Ashoknagar Traffic PS,1.04432e+16,2017,1,2,Road Accidents,Other,City/Town,Near School or College,Human Error,No,Grievous Injury,Others,No signal lights,Others,Two way,Bitumen(Tar),Dry,Not Applicable,Fine,Langaford Road,joseph college,2,0.0,0.0,0,0,0.0,0.0
Bengaluru City,Ashoknagar Traffic PS,1.04432e+16,2017,1,2,Road Accidents,Cross roads,City/Town,Near a recreation place/cinema,Human Error,No,Damage Only,Others,Not Applicable,Others,One way,Bitumen(Tar),Others,Not Applicable,Fine,Residence road,Infornt Of Impiriyala Hotel,01 km,0.0,0.0,0,1,0.0,1.0
Bengaluru City,Ashoknagar Traffic PS,1.04432e+16,2017,1,1,Road Accidents,Junction,City/Town,At pedestrian Crossing,Human Error,No,Grievous Injury,Hit pedestrian,Signal lights Automatic,Not Applicable,Two way,Bitumen(Tar),Others,Not Applicable,Fine,Cometionreat road,disoza junction,600 m,0.0,0.0,0,1,0.0,1.0
Bengaluru City,Ashoknagar Traffic PS,1.04432e+16,2017,1,2,Road Accidents,Junction,City/Town,Near Bus stop,Human Error,Yes,Grievous Injury,Hit and Run,Signal lights Automatic,Not Applicable,One way,Bitumen(Tar),Others,Not Applicable,Fine,Shole Circel,Richmond Road,1 1/2,0.0,0.0,0,1,0.0,1.0
Bengaluru City,Ashoknagar Traffic PS,1.04432e+16,2017,1,2,Road Accidents,Narrow road,City/Town,Near a religious place,Human Error,Yes,Damage Only,Hit and Run,Not Applicable,Curve,City or Town Road,Bitumen(Tar),Dry,Not Applicable,Clear,Koramangla 80 Feet Road,Near Infeant Jesas charch,2 KM,0.0,0.0,0,0,0.0,0.0
Bengaluru City,Ashoknagar Traffic PS,1.04432e+16,2017,1,2,Road Accidents,Junction,City/Town,Residential area,Human Error,Yes,Damage Only,Hit and Run,Signal lights Automatic,Others,City or Town Road,Kutcha,Dry,Not Applicable,Fine,Sooly signal,Near Vellara Hotel,800mtr,0.0,0.0,0,0,4.0,4.0
Bengaluru City,Ashoknagar Traffic PS,1.04432e+16,2017,1,2,Road Accidents,Junction,City/Town,Near Petrol Pump,Human Error,Not Applicable,Grievous Injury,Others,Signal lights Automatic,Others,One way,Bitumen(Tar),Others,Not Applicable,Fine,Brigade Road,Opera junction,01 km,0.0,0.0,0,1,0.0,1.0
Bengaluru City,Ashoknagar Traffic PS,1.04432e+16,2017,1,1,Road Accidents,Other,City/Town,Near office complex,Human Error,Yes,Grievous Injury,Hit pedestrian,No signal lights,Not Applicable,Residential Street,Bitumen(Tar),Dry,Not Applicable,Clear,KBR Road,Near A One Biriyani House,1 1/2,0.0,0.0,0,0,0.0,0.0
Bengaluru City,Ashoknagar Traffic PS,1.04432e+16,2017,1,1,Road Accidents,Junction,City/Town,Near Bus stop,Human Error,No,Grievous Injury,Head on,Signal lights Automatic,Not Applicable,Two way,Bitumen(Tar),Dry,Not Applicable,Fine,Anepalya signal,Hosur Road,02 km,0.0,0.0,0,0,0.0,0.0
Bengaluru City,Ashoknagar Traffic PS,1.04432e+16,2017,1,1,Road Accidents,Junction,City/Town,Residential area,Human Error,Not Applicable,Grievous Injury,Head on,Not at  Junction,Others,Two way,Kutcha,Dry,Not Applicable,Others,Longfort Road,Nanjappa circle,01km,0.0,0.0,0,0,4.0,4.0
Bengaluru City,Ashoknagar Traffic PS,1.04432e+16,2017,1,2,Road Accidents,Junction,City/Town,Open area,Human Error,Not Applicable,Simple Injury,Head on,Signal lights Automatic,Others,City or Town Road,Kutcha,Dry,Not Applicable,Fine,Richmond Road,Dsouza circle,600mtr,0.0,0.0,0,0,4.0,4.0
Bengaluru City,Ashoknagar Traffic PS,1.04432e+16,2017,1,2,Road Accidents,Circle,City/Town,Near office complex,Human Error,No,Fatal,Others,Signal lights Automatic,Not Applicable,Two way,Bitumen(Tar),Others,Not Applicable,Fine,Inear Ring Road,Near Srinivagilu Junction,02 km,77.634912,12.938697,0,1,0.0,1.0
Bengaluru City,Ashoknagar Traffic PS,1.04432e+16,2017,1,2,Road Accidents,Junction,City/Town,Near School or College,Human Error,Yes,Grievous Injury,Hit and Run,Signal lights Automatic,Not Applicable,City or Town Road,Bitumen(Tar),Others,Not Applicable,Fine,Richmond Road,Shoolay circle,1 1/2,0.0,0.0,0,1,0.0,1.0
Bengaluru City,Ashoknagar Traffic PS,1.04432e+16,2018,1,2,Road Accidents,Cross roads,City/Town,Residential area,Human Error,Yes,Grievous Injury,Hit and Run,Not at  Junction,Not Applicable,City or Town Road,Bitumen(Tar),Not Applicable,Not Applicable,Fine,Nala Road,Austin Twon,02 km,0.0,0.0,0,0,0.0,0.0
Bengaluru City,Ashoknagar Traffic PS,1.04432e+16,2018,1,4,Road Accidents,Junction,City/Town,Near School or College,Human Error,No,Simple Injury,Rear end,Signal lights Automatic,Not Applicable,One way,Bitumen(Tar),Not Applicable,Not Applicable,Fine,Recidency Road,Near Ashirvada Signal,01 km,0.0,0.0,0,0,0.0,0.0
Bengaluru City,Ashoknagar Traffic PS,1.04432e+16,2018,1,2,Road Accidents,Junction,City/Town,In bazaar,Human Error,No,Simple Injury,Side swipe,Signal lights Automatic,Not Applicable,City or Town Road,Bitumen(Tar),Dry,Not Applicable,Fine,Richmond road,Disoza cricle,1,0.0,0.0,0,0,0.0,0.0
Bengaluru City,Ashoknagar Traffic PS,1.04432e+16,2018,1,2,Road Accidents,Cross roads,City/Town,Near Bus stop,Human Error,Yes,Simple Injury,Hit and Run,Not Applicable,Not Applicable,Two way,Bitumen(Tar),Not Applicable,Not Applicable,Fine,Neelasandra Main Road,Police Qvatres Opp,01 km,0.0,0.0,0,0,0.0,0.0
Bengaluru City,Ashoknagar Traffic PS,1.04432e+16,2018,1,2,Road Accidents,Other,City/Town,Near a recreation place/cinema,Human Error,Not Applicable,Damage Only,Rear end,Not at  Junction,Not Applicable,One way,Bitumen(Tar),Others,Not Applicable,Fine,Commisanaret Road,Near Garudamal,50 mit,0.0,0.0,0,1,0.0,1.0
Bengaluru City,Ashoknagar Traffic PS,1.04432e+16,2018,1,1,Road Accidents,Other,City/Town,Near Hospital,Human Error,No,Grievous Injury,Hit pedestrian,No signal lights,Not Applicable,One way,Bitumen(Tar),Not Applicable,Not Applicable,Fine,Richmond Road,Near Richmond Flyover,1 1/2,0.0,0.0,0,0,0.0,0.0
Bengaluru City,Ashoknagar Traffic PS,1.04432e+16,2018,1,2,Road Accidents,Cross roads,City/Town,Near Bus stop,Human Error,No,Grievous Injury,Others,Not Applicable,Not Applicable,One way,Bitumen(Tar),Others,Not Applicable,Fine,Richmond Road,Hayes Road,01 km,0.0,0.0,0,1,0.0,1.0
Bengaluru City,Ashoknagar Traffic PS,1.04432e+16,2018,1,1,Road Accidents,Junction,City/Town,Near School or College,Human Error,Yes,Fatal,Hit bicyclist,Signal lights Automatic,Not Applicable,Two way,Bitumen(Tar),Not Applicable,Not Applicable,Others,Hosur Lashkar Road,CMP Gate Opp,02 km,0.0,0.0,0,0,0.0,0.0
Bengaluru City,Ashoknagar Traffic PS,1.04432e+16,2018,1,2,Road Accidents,Cross roads,City/Town,Near office complex,Human Error,No,Simple Injury,Others,No signal lights,Not Applicable,One way,Bitumen(Tar),Not Applicable,Not Applicable,Fine,Cometionreat road,Ashokanagara Police Station opp,0 km,0.0,0.0,0,0,0.0,0.0
Bengaluru City,Ashoknagar Traffic PS,1.04432e+16,2018,1,2,Road Accidents,Cross roads,City/Town,Residential area,Human Error,No,Grievous Injury,Others,Not Applicable,Not Applicable,Two way,Bitumen(Tar),Not Applicable,Not Applicable,Fine,Pomgrow Raod,Near Nandha Grownd,02 km,0.0,0.0,0,0,0.0,0.0
Bengaluru City,Ashoknagar Traffic PS,1.04432e+16,2018,1,2,Road Accidents,Other,City/Town,Near Bus stop,Human Error,Not Applicable,Fatal,Others,Not at  Junction,Curve,Two way,Bitumen(Tar),Not Applicable,Not Applicable,Fine,Hosur Lashkar Road,Near Anepalya Junction,2 1/2,0.0,0.0,0,0,0.0,0.0
Bengaluru City,Ashoknagar Traffic PS,1.04432e+16,2018,1,2,Road Accidents,Other,City/Town,Near Bus stop,Human Error,Yes,Grievous Injury,Hit and Run,Not Applicable,Not Applicable,One way,Bitumen(Tar),Others,Not Applicable,Fine,Richmond Road,Near Life style,1 1/2,0.0,0.0,0,1,0.0,1.0
Bengaluru City,Ashoknagar Traffic PS,1.04432e+16,2018,1,2,Road Accidents,Cross roads,City/Town,Residential area,Human Error,No,Grievous Injury,Others,No signal lights,Not Applicable,Two way,Bitumen(Tar),Not Applicable,Not Applicable,Fine,Wellington Road,Shanthinagara,02 km,0.0,0.0,0,0,0.0,0.0
Bengaluru City,Ashoknagar Traffic PS,1.04432e+16,2018,1,2,Road Accidents,Cross roads,City/Town,Near School or College,Human Error,No,Grievous Injury,Others,Not Applicable,Others,One way,Bitumen(Tar),Others,Not Applicable,Fine,lower agarm Cross road,Near Karnataka Bank ATM,1/2 km,0.0,0.0,0,1,0.0,1.0
Bengaluru City,Ashoknagar Traffic PS,1.04432e+16,2018,1,1,Road Accidents,Cross roads,City/Town,Near Bus stop,Human Error,Yes,Fatal,Hit pedestrian,No signal lights,Not Applicable,Two way,Bitumen(Tar),Not Applicable,Not Applicable,Clear,Ejipura Main Road,Near Ejipura Bus Stop,02 km,0.0,0.0,0,0,0.0,0.0
Bengaluru City,Ashoknagar Traffic PS,1.04432e+16,2018,1,2,Road Accidents,Junction,City/Town,Near office complex,Human Error,No,Damage Only,Side swipe,Signal lights Automatic,Curve,City or Town Road,Bitumen(Tar),Dry,No influence on accident,Fine,M G Road,Mayohall junction,1,0.0,0.0,0,0,0.0,0.0
Bengaluru City,Ashoknagar Traffic PS,1.04432e+16,2018,1,2,Road Accidents,Other,City/Town,Near Bus stop,Human Error,No,Damage Only,Others,Not at  Junction,Not Applicable,One way,Bitumen(Tar),Dry,Not Applicable,Fine,Commisanaret Road,Opp Ashokanagara Traffic Police Station,50 Mi,0.0,0.0,0,0,0.0,0.0
Bengaluru City,Ashoknagar Traffic PS,1.04432e+16,2018,1,2,Road Accidents,Cross roads,City/Town,Near Bus stop,Human Error,No,Grievous Injury,Others,No signal lights,Not Applicable,Two way,Bitumen(Tar),Dry,Not Applicable,Fine,KBAR,Near BDA Complax,02 km,0.0,0.0,0,0,0.0,0.0
Bengaluru City,Ashoknagar Traffic PS,1.04432e+16,2018,1,2,Road Accidents,Circle,City/Town,Near Bus stop,Human Error,Yes,Grievous Injury,Hit and Run,Signal lights Automatic,Not Applicable,One way,Bitumen(Tar),Not Applicable,Not Applicable,Fine,Richmond Road,Shoole Circel,1 1/2,0.0,0.0,0,0,0.0,0.0
Bengaluru City,Ashoknagar Traffic PS,1.04432e+16,2018,1,2,Road Accidents,Cross roads,City/Town,Near Bus stop,Human Error,No,Grievous Injury,Others,No signal lights,Not Applicable,One way,Bitumen(Tar),Not Applicable,Not Applicable,Fine,Museum Road,Catholic club,01 km,0.0,0.0,0,0,0.0,0.0
Bengaluru City,Ashoknagar Traffic PS,1.04432e+16,2018,1,2,Road Accidents,Cross roads,City/Town,Residential area,Human Error,Yes,Grievous Injury,Hit and Run,No signal lights,Not Applicable,Two way,Bitumen(Tar),Others,Not Applicable,Fine,Neelasandra Main Road,Near Y G Palya Police Qtrs,01 Km,0.0,0.0,0,1,0.0,1.0
Bengaluru City,Ashoknagar Traffic PS,1.04432e+16,2018,1,2,Road Accidents,Cross roads,City/Town,Near Bus stop,Human Error,Not Applicable,Simple Injury,Others,Not at  Junction,Not Applicable,One way,Bitumen(Tar),Not Applicable,Not Applicable,Fine,Richmond Road,Convent Road Opp,01 km,0.0,0.0,0,0,0.0,0.0