DISTRICTNAME,UNITNAME,Crime_No,Year,RI,Noofvehicle_involved,Accident_Classification,Accident_Spot,Accident_Location,Accident_SubLocation,Main_Cause,Hit_Run,Severity,Collision_Type,Junction_Control,Road_Character,Road_Type,Surface_Type,Surface_Condition,Road_Condition,Weather,Accident_Road,Landmark_first,Distance_LandMark_First,Latitude,Longitude,Road_Condition_Score,Surface_Condition_Score,Surface_Type_Score,Road_Risk_Index
Bengaluru City,Ashoknagar Traffic PS,1.04432e+16,2019,1,2,Road Accidents,Junction,City/Town,Near office complex,Human Error,No,Grievous Injury,Vehicle to Vehicle,Signal lights Automatic,Others,Two way,Bitumen(Tar),Not Applicable,Not Applicable,Fine,Briged Road,Near Briged Tower,01 KM,0.0,0.0,0,0,0.0,0.0
Bengaluru City,Ashoknagar Traffic PS,1.04432e+16,2019,1,2,Road Accidents,Narrow road,City/Town,Residential area,Human Error,Yes,Grievous Injury,Vehicle to Vehicle,Not Applicable,Straight and flat,Two way,Bitumen(Tar),Dry,Not Applicable,Clear,Loyar agram road,Opp Militry pionner gate,2 KM,0.0,0.0,0,0,0.0,0.0
Bengaluru City,Ashoknagar Traffic PS,1.04432e+16,2019,1,1,Road Accidents,Cross roads,City/Town,Residential area,Human Error,Not Applicable,Grievous Injury,Hit pedestrian,No signal lights,Others,One way,Bitumen(Tar),Dry,Not Applicable,Fine,Lowyer Agaram Croos Road,Victoriya layout,01 km,0.0,0.0,0,0,0.0,0.0
Bengaluru City,Ashoknagar Traffic PS,1.04432e+16,2019,1,2,Road Accidents,Junction,City/Town,Near School or College,Human Error,Not Applicable,Simple Injury,Others,Signal lights Automatic,Not Applicable,City or Town Road,Bitumen(Tar),Dry,Not Applicable,Fine,residency road,Asirvadam junction,1 K M,0.0,0.0,0,0,0.0,0.0
Bengaluru City,Ashoknagar Traffic PS,1.04432e+16,2019,1,2,Road Accidents,Junction,City/Town,Near office complex,Human Error,No,Grievous Injury,Vehicle to Vehicle,Signal lights Automatic,Straight and flat,Not Applicable,Bitumen(Tar),Dry,Not Applicable,Clear,Richmond road,Richmond road,500 mt,0.0,0.0,0,0,0.0,0.0
Bengaluru City,Ashoknagar Traffic PS,1.04432e+16,2019,1,2,Road Accidents,Narrow road,City/Town,Near School or College,Human Error,Yes,Grievous Injury,Vehicle to Vehicle,Not Applicable,Straight and flat,One way,Bitumen(Tar),Dry,Not Applicable,Fine,Richmond road,Richmond road,1,0.0,0.0,0,0,0.0,0.0
Bengaluru City,Ashoknagar Traffic PS,1.04432e+16,2019,1,2,Road Accidents,Junction,City/Town,Near Bus stop,Human Error,Yes,Damage Only,Vehicle to Vehicle,Signal lights Automatic,Straight and flat,Two way,Bitumen(Tar),Dry,Not Applicable,Clear,M G road,M G Road,500 Mt,0.0,0.0,0,0,0.0,0.0
Bengaluru City,Ashoknagar Traffic PS,1.04432e+16,2019,1,2,Not Applicable,Junction,City/Town,Residential area,Human Error,Not Applicable,Damage Only,Vehicle to Vehicle,Signal lights Automatic,Straight and flat,Two way,Bitumen(Tar),Dry,Not Applicable,Clear,Hosur road,Anipalya junction,3 KM,0.0,0.0,0,0,0.0,0.0
Bengaluru City,Ashoknagar Traffic PS,1.04432e+16,2019,1,2,Road Accidents,Cross roads,City/Town,Residential area,Human Error,Yes,Grievous Injury,Hit and Run,Not at  Junction,Not Applicable,Two way,Bitumen(Tar),Not Applicable,Not Applicable,Fine,Ejipura Main Road,Infront Of Caroliv Engineering Works Shop,04 km,0.0,0.0,0,0,0.0,0.0
Bengaluru City,Ashoknagar Traffic PS,1.04432e+16,2019,1,2,Road Accidents,Circle,City/Town,Near office complex,Human Error,No,Grievous Injury,Vehicle to Vehicle,Signal lights Automatic,Not Applicable,Residential Street,Bitumen(Tar),Dry,Not Applicable,Fine,Richmond Road,Near Life style mal,1,0.0,0.0,0,0,0.0,0.0
Bengaluru City,Ashoknagar Traffic PS,1.04432e+16,2019,1,1,Road Accidents,Narrow road,City/Town,Residential area,Human Error,Yes,Grievous Injury,Hit pedestrian,Not Applicable,Straight and flat,Two way,Bitumen(Tar),Dry,Not Applicable,Fine,Temple trees road,Near nerguna mandir,5,0.0,0.0,0,0,0.0,0.0
Bengaluru City,Ashoknagar Traffic PS,1.04432e+16,2019,1,1,Road Accidents,Narrow road,City/Town,Near office complex,Human Error,No,Grievous Injury,Not Applicable,Not at  Junction,Straight and flat,One way,Bitumen(Tar),Dry,Not Applicable,Clear,Richmond road,Richmond road,2 KM,0.0,0.0,0,0,0.0,0.0
Bengaluru City,Ashoknagar Traffic PS,1.04432e+16,2019,1,3,Road Accidents,Junction,City/Town,Near School or College,Human Error,No,Simple Injury,Hit pedestrian,Signal lights Automatic,Others,One way,Bitumen(Tar),Dry,Not Applicable,Fine,Residency Road,Chash Formacy Junction,02 km,0.0,0.0,0,0,0.0,0.0
Bengaluru City,Ashoknagar Traffic PS,1.04432e+16,2019,1,2,Road Accidents,Circle,City/Town,Near office complex,Human Error,Yes,Grievous Injury,Vehicle to Vehicle,Signal lights Automatic,Not Applicable,Others,Bitumen(Tar),Wet,Not Applicable,Light Rain,Richmond Road,Richmond Cricle,2 Km,0.0,0.0,0,3,0.0,3.0
Bengaluru City,Ashoknagar Traffic PS,1.04432e+16,2019,1,1,Road Accidents,Narrow road,City/Town,Open area,Human Error,No,Grievous Injury,Hit bicyclist,Not Applicable,Straight and flat,Two way,Bitumen(Tar),Dry,Not Applicable,Clear,Inner ring road,Near Srinivagilu junction,4 Km,0.0,0.0,0,0,0.0,0.0
Bengaluru City,Ashoknagar Traffic PS,1.04432e+16,2020,1,2,Road Accidents,Junction,City/Town,Open area,Human Error,No,Fatal,Vehicle to Vehicle,Signal lights Automatic,Others,Two way,Bitumen(Tar),Not Applicable,Not Applicable,Fine,Inner ring Road,Near Srinivagilu Junction,04 km,0.0,0.0,0,0,0.0,0.0
Bengaluru City,Ashoknagar Traffic PS,1.04432e+16,2020,1,2,Road Accidents,Not Applicable,City/Town,Near office complex,Human Error,Not Applicable,Simple Injury,Vehicle to Vehicle,Not at  Junction,Others,Two way,Bitumen(Tar),Not Applicable,Not Applicable,Fine,ORC Road,Near Ambedkar Junction,1 1/2,0.0,0.0,0,0,0.0,0.0
Bengaluru City,Ashoknagar Traffic PS,1.04432e+16,2020,1,2,Road Accidents,Narrow road,City/Town,Near Bus stop,Human Error,Yes,Grievous Injury,Vehicle to Vehicle,No signal lights,Curve,Two way,Bitumen(Tar),Not Applicable,Not Applicable,Fine,B G Road,opp Indian Christion Cemetery gate,03 km,0.0,0.0,0,0,0.0,0.0
Bengaluru City,Ashoknagar Traffic PS,1.04432e+16,2020,1,1,Road Accidents,Cross roads,City/Town,Near Hospital,Human Error,Yes,Grievous Injury,Hit pedestrian,Not Applicable,Not Applicable,Two way,Bitumen(Tar),Others,Not Applicable,Fine,Ejipura Main Road,Green View Hospital Opp,04 km,0.0,0.0,0,1,0.0,1.0
Bengaluru City,Ashoknagar Traffic PS,1.04432e+16,2020,1,2,Road Accidents,Curves,City/Town,Open area,Human Error,Yes,Fatal,Vehicle to Vehicle,Not Applicable,Curve,Others,Bitumen(Tar),Dry,Not Applicable,Clear,Bannerugatta main road,Opp Indian christian cemetary,2,0.0,0.0,0,0,0.0,0.0
Bengaluru City,Ashoknagar Traffic PS,1.04432e+16,2020,1,2,Road Accidents,Narrow road,City/Town,Residential area,Human Error,No,Damage Only,Vehicle to Vehicle,No signal lights,Straight and flat,Residential Street,Bitumen(Tar),Dry,Not Applicable,Fine,8th Cross road,Lakshmi road,3,0.0,0.0,0,0,0.0,0.0
Bengaluru City,Ashoknagar Traffic PS,1.04432e+16,2020,1,2,Road Accidents,Narrow road,City/Town,Near Hospital,Human Error,No,Fatal,Vehicle to Vehicle,Not Applicable,Straight and flat,Two way,Bitumen(Tar),Dry,No influence on accident,Clear,Ejipura Main Road,Opp Green View Hospital,4 KM,0.0,0.0,0,0,0.0,0.0
Bengaluru City,Ashoknagar Traffic PS,1.04432e+16,2020,1,1,Road Accidents,Narrow road,City/Town,Near School or College,Human Error,Not Applicable,Simple Injury,Not Applicable,Signal lights Automatic,Others,One way,Kutcha,Dry,Not Applicable,Fine,Musiem Road,Near Kariyappa Bulding,1km,0.0,0.0,0,0,4.0,4.0
Bengaluru City,Ashoknagar Traffic PS,1.04432e+16,2020,1,2,Road Accidents,Junction,City/Town,Near office complex,Human Error,Yes,Damage Only,Vehicle to Vehicle,Signal lights Automatic,Others,Two way,Bitumen(Tar),Not Applicable,Not Applicable,Fine,M G Road,Mayohall Junction,500 M,0.0,0.0,0,0,0.0,0.0
Bengaluru City,Ashoknagar Traffic PS,1.04432e+16,2020,1,2,Road Accidents,Cross roads,City/Town,Near School or College,Human Error,Not Applicable,Damage Only,Vehicle to Vehicle,No signal lights,Others,One way,Bitumen(Tar),Others,Not Applicable,Fine,VICTORIYA ROAD,OFTER INDIA GAREGE,01 KM,0.0,0.0,0,1,0.0,1.0
Bengaluru City,Ashoknagar Traffic PS,1.04432e+16,2020,1,2,Road Accidents,Narrow road,City/Town,Near School or College,Human Error,Yes,Grievous Injury,Vehicle to Vehicle,Not Applicable,Not Applicable,Two way,Bitumen(Tar),Dry,Not Applicable,Clear,Hosur road,Opp Baldwin school,1.5 KM,0.0,0.0,0,0,0.0,0.0
Bengaluru City,Ashoknagar Traffic PS,1.04432e+16,2020,1,2,Road Accidents,Cross roads,City/Town,Near office complex,Human Error,Yes,Simple Injury,Vehicle to Vehicle,No signal lights,Others,One way,Bitumen(Tar),Others,Not Applicable,Fine,Brigaed Road,Opp Naik Show Room,01 km,0.0,0.0,0,1,0.0,1.0
Bengaluru City,Ashoknagar Traffic PS,1.04432e+16,2020,1,1,Road Accidents,Narrow road,City/Town,Near Bus stop,Human Error,No,Grievous Injury,Not Applicable,Not Applicable,Others,One way,Bitumen(Tar),Others,Not Applicable,Others,M G Road,Near Mayohall,1km,0.0,0.0,0,1,0.0,1.0
Bengaluru City,Ashoknagar Traffic PS,1.04432e+16,2020,1,2,Road Accidents,Cross roads,City/Town,In bazaar,Human Error,Yes,Grievous Injury,Vehicle to Vehicle,No signal lights,Not Applicable,Two way,Bitumen(Tar),Not Applicable,Not Applicable,Fine,Neelasandra 1st Main road,In front Of Rayal heritege Hotel,02 km,0.0,0.0,0,0,0.0,0.0
Bengaluru City,Ashoknagar Traffic PS,1.04432e+16,2020,1,2,Road Accidents,Circle,City/Town,Near office complex,Human Error,Not Applicable,Grievous Injury,Vehicle to Vehicle,Signal lights Automatic,Others,One way,Bitumen(Tar),Not Applicable,Not Applicable,Fine,Richmond Road,shoole Circle,01 km,0.0,0.0,0,0,0.0,0.0
Bengaluru City,Ashoknagar Traffic PS,1.04432e+16,2020,1,2,Road Accidents,Junction,City/Town,Near office complex,Human Error,No,Grievous Injury,Vehicle to Vehicle,Signal lights Automatic,Others,Two way,Bitumen(Tar),Dry,Not Applicable,Fine,M G Raod,Mayohal Junction,500 m,0.0,0.0,0,0,0.0,0.0
Bengaluru City,Ashoknagar Traffic PS,1.04432e+16,2020,1,2,Road Accidents,Narrow road,City/Town,Near office complex,Human Error,No,Grievous Injury,Vehicle to Vehicle,Not at  Junction,Straight and flat,Two way,Bitumen(Tar),Not Applicable,No influence on accident,Not Applicable,"Hosur Main Road, Opp. Confident Hotel",Near CMP Junction,2 KM,12.956077,77.605637,0,0,0.0,0.0
Bengaluru City,Ashoknagar Traffic PS,1.04432e+16,2020,1,2,Road Accidents,Junction,City/Town,Near Bus stop,Human Error,No,Simple Injury,Vehicle to Vehicle,Signal lights Automatic,Others,Two way,Bitumen(Tar),Others,Not Applicable,Fine,Hosur Road,Anepalya Junction,02 km,12.952709,77.605162,0,1,0.0,1.0
Bengaluru City,Ashoknagar Traffic PS,1.04432e+16,2020,1,1,Road Accidents,Junction,City/Town,Open area,Human Error,Yes,Fatal,Hit pedestrian,Controlled,Straight and flat,Two way,Bitumen(Tar),Dry,Not Applicable,Fine,Inner Ring Road,Near Srinivagilu Junction,4 KM,0.0,0.0,0,0,0.0,0.0
Bengaluru City,Ashoknagar Traffic PS,1.04432e+16,2020,1,2,Road Accidents,Cross roads,City/Town,Near Bus stop,Human Error,No,Grievous Injury,Vehicle to Vehicle,Uncontrolled,Others,Sub Arterial,Bitumen(Tar),Dry,No influence on accident,Clear,Brigade Road,Near G 3 Bus Stop Opp HM Tower,0.5 KM,0.0,0.0,0,0,0.0,0.0
Bengaluru City,Ashoknagar Traffic PS,1.04432e+16,2020,1,1,Road Accidents,Not Applicable,City/Town,Near office complex,Human Error,Not Applicable,Fatal,Not Applicable,No signal lights,Others,Two way,Bitumen(Tar),Others,Not Applicable,Fine,M G Road,Near Bescom Office,1/2 km,0.0,0.0,0,1,0.0,1.0
Bengaluru City,Ashoknagar Traffic PS,1.04432e+16,2020,1,1,Road Accidents,Cross roads,City/Town,Near office complex,Human Error,Yes,Grievous Injury,Hit pedestrian,No signal lights,Others,One way,Bitumen(Tar),Others,Not Applicable,Fine,Recidence Road,Near Vijaya Bank,02 Km,0.0,0.0,0,1,0.0,1.0
Bengaluru City,Ashoknagar Traffic PS,1.04432e+16,2020,1,2,Road Accidents,Cross roads,City/Town,Residential area,Human Error,Not Applicable,Grievous Injury,Vehicle to Vehicle,No signal lights,Not Applicable,Two way,Bitumen(Tar),Others,Not Applicable,Fine,Neelasandra Main Road,Near Police Qvatres,1 1/2,0.0,0.0,0,1,0.0,1.0
Bengaluru City,Ashoknagar Traffic PS,1.04432e+16,2020,1,1,Road Accidents,Cross roads,City/Town,Near Bus stop,Human Error,Not Applicable,Grievous Injury,Not Applicable,Not Applicable,Others,Two way,Bitumen(Tar),Others,Not Applicable,Fine,Mother Theresa Road,Near Fortis Hospital,01 km,0.0,0.0,0,1,0.0,1.0
Bengaluru City,Ashoknagar Traffic PS,1.04432e+16,2020,1,2,Road Accidents,Narrow road,City/Town,Open area,Human Error,No,Grievous Injury,Vehicle to Vehicle,Not Applicable,Straight and flat,Two way,Bitumen(Tar),Dry,Not Applicable,Fine,Inner ring road,Inner ring road,5,0.0,0.0,0,0,0.0,0.0
Bengaluru City,Ashoknagar Traffic PS,1.04432e+16,2020,1,2,Road Accidents,Cross roads,City/Town,Near Bus stop,Human Error,Yes,Grievous Injury,Vehicle to Vehicle,Not at  Junction,Not Applicable,Two way,Bitumen(Tar),Others,Not Applicable,Fine,Lang Ford Road,Near Udupi Upahar Hotel,03 KM,0.0,0.0,0,1,0.0,1.0
Bengaluru City,Ashoknagar Traffic PS,1.04432e+16,2020,1,2,Road Accidents,Not Applicable,City/Town,Residential area,Human Error,Yes,Grievous Injury,Vehicle to Vehicle,Not at  Junction,Others,Two way,Bitumen(Tar),Not Applicable,Not Applicable,Fine,Hosur Road,Near CMP junction,02 km,0.0,0.0,0,0,0.0,0.0
Bengaluru City,Ashoknagar Traffic PS,1.04432e+16,2020,1,2,Road Accidents,Circle,City/Town,Near office complex,Human Error,Yes,Grievous Injury,Vehicle to Vehicle,No signal lights,Not Applicable,Two way,Bitumen(Tar),Others,Not Applicable,Fine,Longford Road,In Front Of Divyashree Chembars,02 km,0.0,0.0,0,1,0.0,1.0
Bengaluru City,Ashoknagar Traffic PS,1.04432e+16,2020,1,1,Road Accidents,Junction,City/Town,Near a religious place,Human Error,Not Applicable,Grievous Injury,Not Applicable,Signal lights Automatic,Others,Two way,Bitumen(Tar),Others,Not Applicable,Clear,Buchari JN,Buchari JN,2.5,0.0,0.0,0,1,0.0,1.0
Bengaluru City,Ashoknagar Traffic PS,1.04432e+16,2020,1,1,Road Accidents,Narrow road,City/Town,Near Hospital,Human Error,No,Grievous Injury,Hit pedestrian,Not at  Junction,Straight and flat,One way,Bitumen(Tar),Dry,Not Applicable,Clear,Richmond Road,Opp Global Hospital,1 KM,0.0,0.0,0,0,0.0,0.0
Bengaluru City,Ashoknagar Traffic PS,1.04432e+16,2020,1,2,Road Accidents,Circle,City/Town,Near office complex,Human Error,Yes,Damage Only,Vehicle to Vehicle,Signal lights Automatic,Others,One way,Bitumen(Tar),Others,Not Applicable,Fine,Richmond Road,Near Richmond Circle,1 1/2,0.0,0.0,0,1,0.0,1.0
Bengaluru City,Ashoknagar Traffic PS,1.04432e+16,2020,1,1,Road Accidents,Junction,City/Town,Near Bus stop,Human Error,Yes,Damage Only,Not Applicable,Signal lights Automatic,Not Applicable,Two way,Bitumen(Tar),Others,Not Applicable,Fine,Hosur Road,Near Anepalya Junction,02 km,0.0,0.0,0,1,0.0,1.0
Bengaluru City,Ashoknagar Traffic PS,1.04432e+16,2020,1,2,Road Accidents,Junction,City/Town,Near office complex,Human Error,Not Applicable,Simple Injury,Vehicle to Vehicle,Controlled,Straight and flat,Expressway,Bitumen(Tar),Dry,No influence on accident,Not Applicable,Richmond Road,Shoole Circle,1 km,0.0,0.0,0,0,0.0,0.0
Bengaluru City,Ashoknagar Traffic PS,1.04432e+16,2020,1,1,Road Accidents,Cross roads,City/Town,Residential area,Human Error,No,Grievous Injury,Hit pedestrian,Not Applicable,Not Applicable,Two way,Bitumen(Tar),Others,Not Applicable,Fine,12 Th Cross,Anepalya,03 km,0.0,0.0,0,1,0.0,1.0
Bengaluru City,Ashoknagar Traffic PS,1.04432e+16,2020,1,1,Rail Road Accidents,Cross roads,City/Town,Residential area,Human Error,Yes,Grievous Injury,Hit pedestrian,No signal lights,Not Applicable,Two way,Bitumen(Tar),Not Applicable,Not Applicable,Fine,Pamgrove road,opp nanda ground,03 km,0.0,0.0,0,0,0.0,0.0
Bengaluru City,Ashoknagar Traffic PS,1.04432e+16,2020,1,2,Road Accidents,Junction,City/Town,Near office complex,Human Error,Yes,Grievous Injury,Vehicle to Vehicle,Signal lights Blinking,Straight and flat,Residential Street,Bitumen(Tar),Dry,Not Applicable,Fine,Richmond Road,Shool Cricle,1,0.0,0.0,0,0,0.0,0.0
Bengaluru City,Ashoknagar Traffic PS,1.04432e+16,2020,1,2,Road Accidents,Junction,City/Town,Near School or College,Human Error,Not Applicable,Grievous Injury,Vehicle to Vehicle,Signal lights Automatic,Straight and flat,Others,Bitumen(Tar),Dry,Not Applicable,Fine,Richmond Road,1,1,0.0,0.0,0,0,0.0,0.0
Bengaluru City,Ashoknagar Traffic PS,1.04432e+16,2021,1,2,Road Accidents,Cross roads,City/Town,In bazaar,Human Error,Yes,Fatal,Vehicle to Vehicle,Uncontrolled,Curve,Major District Road,Bitumen(Tar),Not Applicable,Not Applicable,Clear,Brigade Road,Opp Wall Street Pub,1 km,0.0,0.0,0,0,0.0,0.0
Bengaluru City,Ashoknagar Traffic PS,1.04432e+16,2021,1,1,Road Accidents,Curves,City/Town,Near office complex,Human Error,Not Applicable,Grievous Injury,Not Applicable,Uncontrolled,Curve,Major District Road,Bitumen(Tar),Dry,Not Applicable,Clear,Hosur Main Road,Opp KEB Office,2 KM,0.0,0.0,0,0,0.0,0.0
Bengaluru City,Ashoknagar Traffic PS,1.04432e+16,2021,1,1,Road Accidents,Not Applicable,City/Town,Near office complex,Human Error,Not Applicable,Grievous Injury,Not Applicable,Uncontrolled,Curve,One way,Bitumen(Tar),Dry,Not Applicable,Clear,Richmond Road Flyover Down Ramp,Infront of Banglore Club Residency Road,2km,0.0,0.0,0,0,0.0,0.0
Bengaluru City,Ashoknagar Traffic PS,1.04432e+16,2021,1,2,Road Accidents,Junction,City/Town,Near office complex,Human Error,No,Simple Injury,Vehicle to Vehicle,Controlled,Straight and flat,Two way,Bitumen(Tar),Dry,No influence on accident,Clear,meyohall junction M g road,M G road,0.5,0.0,0.0,0,0,0.0,0.0
Bengaluru City,Ashoknagar Traffic PS,1.04432e+16,2021,1,2,Road Accidents,Junction,City/Town,Open area,Human Error,Not Applicable,Grievous Injury,Vehicle to Vehicle,Uncontrolled,Curve,Sub Arterial,Bitumen(Tar),Dry,Not Applicable,Clear,Lower Agaram Road,ORC Junction,2 km,0.0,0.0,0,0,0.0,0.0
Bengaluru City,Ashoknagar Traffic PS,1.04432e+16,2021,1,2,Road Accidents,Junction,City/Town,Near office complex,Human Error,No,Grievous Injury,Vehicle to Vehicle,Controlled,Slight Curve,Sub Arterial,Bitumen(Tar),Dry,Not Applicable,Clear,Disoja Junction,Richmond Road,0.5 KM,0.0,0.0,0,0,0.0,0.0
Bengaluru City,Ashoknagar Traffic PS,1.04432e+16,2021,1,2,Road Accidents,Curves,City/Town,Near a religious place,Human Error,No,Grievous Injury,Vehicle to Vehicle,Uncontrolled,Curve,Major District Road,Bitumen(Tar),Dry,Not Applicable,Clear,B G Road,Opp Indian Cemetary Gate B G Road,3,0.0,0.0,0,0,0.0,0.0
Bengaluru City,Ashoknagar Traffic PS,1.04432e+16,2021,1,1,Rail Road Accidents,Narrow road,City/Town,Near School or College,Human Error,No,Grievous Injury,Hit pedestrian,Uncontrolled,Straight and flat,One way,Bitumen(Tar),Dry,Not Applicable,Clear,Richmond Road,Near Cathedral School,0.8 KM,0.0,0.0,0,0,0.0,0.0
Bengaluru City,Ashoknagar Traffic PS,1.04432e+16,2021,1,2,Road Accidents,Junction,City/Town,Near office complex,Human Error,No,Grievous Injury,Vehicle to Vehicle,Controlled,Others,Major District Road,Bitumen(Tar),Dry,Not Applicable,Clear,M G Road,Near Mayohall Junction,0.5 KM,0.0,0.0,0,0,0.0,0.0
Bengaluru City,Ashoknagar Traffic PS,1.04432e+16,2021,1,2,Road Accidents,Narrow road,City/Town,Open area,Human Error,Yes,Simple Injury,Vehicle to Vehicle,Uncontrolled,Straight and flat,Major District Road,Bitumen(Tar),Others,Not Applicable,Clear,Inter Mediaet Ring Road,Near Srinivagilu Junction,7 km,0.0,0.0,0,1,0.0,1.0
Bengaluru City,Ashoknagar Traffic PS,1.04432e+16,2021,1,1,Road Accidents,Not Applicable,City/Town,Near a religious place,Human Error,Not Applicable,Grievous Injury,Hit pedestrian,Uncontrolled,Straight and flat,Others,Not Applicable,Not Applicable,Not Applicable,Clear,INDIAN CHRISTIAN CEMETARY CROSS,CORPS OF MILITARY POLICE,2.5KM,0.0,0.0,0,0,0.0,0.0
Bengaluru City,Ashoknagar Traffic PS,1.04432e+16,2021,1,2,Road Accidents,Narrow road,City/Town,In bazaar,Human Error,Yes,Grievous Injury,Vehicle to Vehicle,Uncontrolled,Straight and flat,One way,Bitumen(Tar),Others,Not Applicable,Clear,Richmond Road,Near Haz Commity Building,1.5 KM,0.0,0.0,0,1,0.0,1.0
Bengaluru City,Ashoknagar Traffic PS,1.04432e+16,2021,1,2,Road Accidents,Junction,City/Town,Open area,Human Error,No,Fatal,Vehicle to Vehicle,Controlled,Straight and flat,Major District Road,Bitumen(Tar),Dry,Not Applicable,Clear,Hosur Main Road,Anepalya Junction,3 KM,0.0,0.0,0,0,0.0,0.0
Bengaluru City,Ashoknagar Traffic PS,1.04432e+16,2021,1,2,Road Accidents,Not Applicable,City/Town,Residential area,Human Error,Not Applicable,Grievous Injury,Vehicle to Vehicle,Uncontrolled,Not Applicable,One way,Surfaced,Dry,Not Applicable,Clear,richmand road,the elanza hotel,1.5km,0.0,0.0,0,0,,
Bengaluru City,Ashoknagar Traffic PS,1.04432e+16,2021,1,5,Road Accidents,Junction,City/Town,Residential area,Human Error,No,Grievous Injury,Vehicle to Vehicle,Controlled,Straight and flat,Major District Road,Bitumen(Tar),Dry,Not Applicable,Clear,Hosur Main Road,CMP Junction,2 KM,0.0,0.0,0,0,0.0,0.0
Bengaluru City,Ashoknagar Traffic PS,1.04432e+16,2021,1,2,Road Accidents,Junction,City/Town,In bazaar,Human Error,Yes,Grievous Injury,Hit bicyclist,Controlled,Straight and flat,Major District Road,Bitumen(Tar),Dry,Not Applicable,Clear,Ambedkar Junction,ORC Road,3 KM,0.0,0.0,0,0,0.0,0.0
Bengaluru City,Ashoknagar Traffic PS,1.04432e+16,2021,1,2,Road Accidents,Not Applicable,City/Town,Residential area,Human Error,No,Damage Only,Vehicle to Vehicle,Not Applicable,Not Applicable,Others,Not Applicable,Dry,Not Applicable,Clear,opp olive beach restaurant wood street ashok nagar,olive beach and bar,0.8,0.0,0.0,0,0,0.0,0.0
Bengaluru City,Ashoknagar Traffic PS,1.04432e+16,2021,1,1,Road Accidents,Narrow road,City/Town,Near office complex,Human Error,Not Applicable,Grievous Injury,Hit pedestrian,Uncontrolled,Straight and flat,Major District Road,Bitumen(Tar),Others,Not Applicable,Clear,Residency Road,Near Karyappa Bhavan,1 KM,0.0,0.0,0,1,0.0,1.0
Bengaluru City,Ashoknagar Traffic PS,1.04432e+16,2021,1,2,Road Accidents,Narrow road,City/Town,Near a religious place,Human Error,Yes,Grievous Injury,Vehicle to Vehicle,Uncontrolled,Straight and flat,Others,Bitumen(Tar),Others,Not Applicable,Clear,Mother Theresa Road,Opp Edgai Akbari Kabrastan,3 KM,0.0,0.0,0,1,0.0,1.0
Bengaluru City,Ashoknagar Traffic PS,1.04432e+16,2021,1,1,Road Accidents,Junction,City/Town,Near a religious place,Human Error,Not Applicable,Damage Only,Not Applicable,Controlled,Straight and flat,Major District Road,Bitumen(Tar),Dry,No influence on accident,Clear,Anepalya Junction,Anepalya Juction,3,0.0,0.0,0,0,0.0,0.0
Bengaluru City,Ashoknagar Traffic PS,1.04432e+16,2021,1,1,Road Accidents,Narrow road,City/Town,Near a religious place,Human Error,Not Applicable,Fatal,Not Applicable,Uncontrolled,Straight and flat,Major District Road,Bitumen(Tar),Dry,Not Applicable,Clear,"Opp Shiya Muslim Burried Ground Gate, Hosur Road",pp Shiya Muslim Burried Ground Gate Near CMP Junction,1.5 KM,0.0,0.0,0,0,0.0,0.0
Bengaluru City,Ashoknagar Traffic PS,1.04432e+16,2021,1,2,Road Accidents,Cross roads,City/Town,Open area,Human Error,No,Fatal,Vehicle to Vehicle,Uncontrolled,Straight and flat,Two way,Bitumen(Tar),Dry,No influence on accident,Clear,"Hosur Main Road, Near Cementry Cross",Near Cementry Cross,1 KM,0.0,0.0,0,0,0.0,0.0
Bengaluru City,Ashoknagar Traffic PS,1.04432e+16,2021,1,1,Road Accidents,Narrow road,City/Town,Near Hospital,Human Error,No,Grievous Injury,Hit pedestrian,Uncontrolled,Not Applicable,Major District Road,Bitumen(Tar),Dry,Not Applicable,Clear,Richmond Road,Opp Global Hospital,1.5 KM,0.0,0.0,0,0,0.0,0.0
Bengaluru City,Ashoknagar Traffic PS,1.04432e+16,2021,1,1,Road Accidents,Cross roads,City/Town,In bazaar,Human Error,Not Applicable,Damage Only,Not Applicable,Uncontrolled,Straight and flat,State Highway,Bitumen(Tar),Dry,Not Applicable,Clear,Castle Street,Near Fatima Bekary,1 Km,0.0,0.0,0,0,0.0,0.0
Bengaluru City,Ashoknagar Traffic PS,1.04432e+16,2021,1,1,Road Accidents,Narrow road,City/Town,Residential area,Human Error,No,Grievous Injury,Hit pedestrian,Uncontrolled,Straight and flat,Two way,Bitumen(Tar),Others,Not Applicable,Clear,Palmgrove Road,Opp Meri Chapel,3KM,0.0,0.0,0,1,0.0,1.0