DISTRICTNAME,UNITNAME,Crime_No,Year,RI,Noofvehicle_involved,Accident_Classification,Accident_Spot,Accident_Location,Accident_SubLocation,Main_Cause,Hit_Run,Severity,Collision_Type,Junction_Control,Road_Character,Road_Type,Surface_Type,Surface_Condition,Road_Condition,Weather,Accident_Road,Landmark_first,Distance_LandMark_First,Latitude,Longitude,Road_Condition_Score,Surface_Condition_Score,Surface_Type_Score,Road_Risk_Index
Bengaluru City,Ashoknagar Traffic PS,1.04432e+16,2021,1,2,Road Accidents,Narrow road,City/Town,Near office complex,Human Error,No,Grievous Injury,Vehicle to Vehicle,Uncontrolled,Straight and flat,One way,Bitumen(Tar),Dry,Not Applicable,Fine,Commissariat Road,Opp Fire Station,0.4,0.0,0.0,0,0,0.0,0.0
Bengaluru City,Ashoknagar Traffic PS,1.04432e+16,2021,1,2,Road Accidents,Curves,City/Town,In bazaar,Human Error,Not Applicable,Grievous Injury,Vehicle to Vehicle,Uncontrolled,Curve,Arterial,Bitumen(Tar),Dry,Not Applicable,Clear,bazar Street,Opp Rose Garden Bus Stop,4 KM,0.0,0.0,0,0,0.0,0.0
Bengaluru City,Ashoknagar Traffic PS,1.04432e+16,2021,1,2,Road Accidents,Junction,City/Town,Near School or College,Human Error,Not Applicable,Grievous Injury,Vehicle to Vehicle,Controlled,Straight and flat,One way,Bitumen(Tar),Dry,Not Applicable,Clear,Ashirvadam Junction,Residency Road,1 km,0.0,0.0,0,0,0.0,0.0
Bengaluru City,Ashoknagar Traffic PS,1.04432e+16,2021,1,2,Road Accidents,Cross roads,City/Town,Residential area,Human Error,Yes,Grievous Injury,Vehicle to Vehicle,Uncontrolled,Straight and flat,One way,Bitumen(Tar),Dry,Not Applicable,Fine,Wood Street,Opp SS Jain Sadan,1 KM,0.0,0.0,0,0,0.0,0.0
Bengaluru City,Ashoknagar Traffic PS,1.04432e+16,2021,1,1,Road Accidents,Curves,City/Town,Near office complex,Human Error,No,Damage Only,Not Applicable,Stop Sign,Curve,Others,Bitumen(Tar),Dry,Not Applicable,Clear,Vivek Nagar Police Station,Opp Ravi Tent,5 KM,0.0,0.0,0,0,0.0,0.0
Bengaluru City,Ashoknagar Traffic PS,1.04432e+16,2021,1,1,Road Accidents,Narrow road,City/Town,Near Petrol Pump,Human Error,Not Applicable,Fatal,Not Applicable,Uncontrolled,Straight and flat,Major District Road,Bitumen(Tar),Dry,No influence on accident,Clear,"Hosur Main Road, Opp BESCOM Office",Hosur Main Road,3 KM,0.0,0.0,0,0,0.0,0.0
Bengaluru City,Ashoknagar Traffic PS,1.04432e+16,2021,1,1,Road Accidents,Narrow road,City/Town,Near office complex,Human Error,No,Grievous Injury,Hit pedestrian,Uncontrolled,Straight and flat,One way,Bitumen(Tar),Dry,Not Applicable,Clear,Residency Road,Near Imperial Hotel,0.6 KM,0.0,0.0,0,0,0.0,0.0
Bengaluru City,Ashoknagar Traffic PS,1.04432e+16,2021,1,2,Road Accidents,Junction,City/Town,Near office complex,Human Error,No,Grievous Injury,Vehicle to Vehicle,Controlled,Not Applicable,Major District Road,Bitumen(Tar),Dry,Not Applicable,Clear,Shoole Circle,Near Shooly Circle,1 KM,0.0,0.0,0,0,0.0,0.0
Bengaluru City,Ashoknagar Traffic PS,1.04432e+16,2021,1,1,Road Accidents,Narrow road,City/Town,Residential area,Human Error,Yes,Grievous Injury,Hit pedestrian,Uncontrolled,Straight and flat,Sub Arterial,Bitumen(Tar),Not Applicable,Not Applicable,Clear,Markham Road,Opp A1 Tea Shop,0.5 Km,0.0,0.0,0,0,0.0,0.0
Bengaluru City,Ashoknagar Traffic PS,1.04432e+16,2021,1,2,Road Accidents,Cross roads,City/Town,Near a religious place,Human Error,No,Damage Only,Vehicle to Vehicle,No signal lights,Others,Two way,Bitumen(Tar),Not Applicable,Not Applicable,Fine,Commissariat Road,Near Tamil Vesli Church,500 mi,0.0,0.0,0,0,0.0,0.0
Bengaluru City,Ashoknagar Traffic PS,1.04432e+16,2021,1,2,Road Accidents,Junction,City/Town,Near office complex,Human Error,No,Grievous Injury,Vehicle to Vehicle,Controlled,Curve,Major District Road,Bitumen(Tar),Dry,Not Applicable,Clear,M G Road,Mayohall Junction,0.5 KM,0.0,0.0,0,0,0.0,0.0
Bengaluru City,Ashoknagar Traffic PS,1.04432e+16,2021,1,2,Road Accidents,Junction,City/Town,Near School or College,Human Error,Not Applicable,Damage Only,Vehicle to Vehicle,Controlled,Straight and flat,Major District Road,Bitumen(Tar),Dry,Not Applicable,Clear,Mother Theresa Junction,Richmond Road,1 KM,0.0,0.0,0,0,0.0,0.0
Bengaluru City,Ashoknagar Traffic PS,1.04432e+16,2021,1,2,Rail Road Accidents,Narrow road,City/Town,Near a religious place,Human Error,Not Applicable,Grievous Injury,Vehicle to Vehicle,Uncontrolled,Straight and flat,Two way,Bitumen(Tar),Dry,Not Applicable,Clear,Near Anepalya Jn,Hosur Main Road,3 KM,0.0,0.0,0,0,0.0,0.0
Bengaluru City,Ashoknagar Traffic PS,1.04432e+16,2021,1,2,Road Accidents,Narrow road,City/Town,Near office complex,Human Error,Not Applicable,Grievous Injury,Vehicle to Vehicle,Uncontrolled,Straight and flat,One way,Bitumen(Tar),Dry,Not Applicable,Clear,Richmond Road,Opp Saphire Toys,0.6 KM,0.0,0.0,0,0,0.0,0.0
Bengaluru City,Ashoknagar Traffic PS,1.04432e+16,2021,1,2,Road Accidents,Narrow road,City/Town,Residential area,Human Error,No,Grievous Injury,Vehicle to Vehicle,Uncontrolled,Others,Sub Arterial,Bitumen(Tar),Dry,Not Applicable,Fine,KBAR Road,Opp Annapoorneshwari Fast Food,3 km,0.0,0.0,0,0,0.0,0.0
Bengaluru City,Ashoknagar Traffic PS,1.04432e+16,2021,1,1,Road Accidents,Curves,City/Town,Residential area,Human Error,No,Fatal,Hit pedestrian,Uncontrolled,Curve,Sub Arterial,Bitumen(Tar),Not Applicable,Not Applicable,Clear,Opp Cement Lane Play Ground,Mother Theresa Road,2 KM,0.0,0.0,0,0,0.0,0.0
Bengaluru City,Ashoknagar Traffic PS,1.04432e+16,2021,1,2,Road Accidents,Junction,City/Town,In bazaar,Human Error,Yes,Grievous Injury,Vehicle to Vehicle,Controlled,Straight and flat,One way,Bitumen(Tar),Not Applicable,Not Applicable,Clear,Richmond Road,Shooly Circle,1 KM,0.0,0.0,0,0,0.0,0.0
Bengaluru City,Ashoknagar Traffic PS,1.04432e+16,2022,1,2,Road Accidents,Narrow road,City/Town,In bazaar,Human Error,Not Applicable,Not Applicable,Vehicle to Vehicle,Uncontrolled,Slight Curve,One way,Bitumen(Tar),Not Applicable,Not Applicable,Clear,Brigade Road,Brigade Road,1,12.974798,77.607746,0,0,0.0,0.0
Bengaluru City,Ashoknagar Traffic PS,1.04432e+16,2022,1,2,Not Applicable,Junction,City/Town,Open area,Human Error,No,Simple Injury,Vehicle to Vehicle,Uncontrolled,Straight and flat,Arterial,Bitumen(Tar),Dry,Not Applicable,Clear,Ravi Tent Junction,Ravi Tent Juction,5,0.0,0.0,0,0,0.0,0.0
Bengaluru City,Ashoknagar Traffic PS,1.04432e+16,2022,1,2,Road Accidents,Junction,City/Town,In bazaar,Human Error,Yes,Fatal,Vehicle to Vehicle,Controlled,Curve,Arterial,Bitumen(Tar),Dry,No influence on accident,Clear,Garuda Mall Junction,Opp Garuda Mall Commissariat Road,0.3 KM,0.0,0.0,0,0,0.0,0.0
Bengaluru City,Ashoknagar Traffic PS,1.04432e+16,2022,1,1,Road Accidents,Junction,City/Town,Open area,Human Error,No,Grievous Injury,Hit pedestrian,Controlled,Straight and flat,Two way,Bitumen(Tar),Dry,Not Applicable,Clear,Hosur Lashkar Road,2,4km,0.0,0.0,0,0,0.0,0.0
Bengaluru City,Ashoknagar Traffic PS,1.04432e+16,2022,1,2,Road Accidents,Not Applicable,City/Town,Open area,Human Error,No,Grievous Injury,Vehicle to Vehicle,Not Applicable,Straight and flat,One way,Bitumen(Tar),Dry,Not Applicable,Clear,Commissarite Road,2,2,0.0,0.0,0,0,0.0,0.0
Bengaluru City,Ashoknagar Traffic PS,1.04432e+16,2022,1,1,Road Accidents,Not Applicable,City/Town,Open area,Human Error,Yes,Grievous Injury,Hit pedestrian,Not at  Junction,Straight and flat,Two way,Bitumen(Tar),Dry,Not Applicable,Clear,Abbas Ali Street Road,2,2,0.0,0.0,0,0,0.0,0.0
Bengaluru City,Ashoknagar Traffic PS,1.04432e+16,2022,1,2,Road Accidents,Curves,City/Town,In bazaar,Human Error,Yes,Grievous Injury,Vehicle to Vehicle,Not Applicable,Curve,Two way,Bitumen(Tar),Dry,Not Applicable,Clear,Maszid Road,Near Roshan Telecom Shop,3km,0.0,0.0,0,0,0.0,0.0
Bengaluru City,Ashoknagar Traffic PS,1.04432e+16,2022,1,1,Not Applicable,Narrow road,City/Town,Residential area,Human Error,No,Fatal,Hit pedestrian,Uncontrolled,Straight and flat,Arterial,Bitumen(Tar),Not Applicable,Not Applicable,Light Rain,4th Cross Road Vivek Nagar,Near BBMP Play Ground,5,0.0,0.0,0,0,0.0,0.0
Bengaluru City,Ashoknagar Traffic PS,1.04432e+16,2022,1,1,Road Accidents,Not Applicable,City/Town,Near office complex,Human Error,Yes,Grievous Injury,Hit pedestrian,Not at  Junction,Straight and flat,One way,Bitumen(Tar),Dry,Not Applicable,Clear,Richmond Road,1,2km,0.0,0.0,0,0,0.0,0.0
Bengaluru City,Ashoknagar Traffic PS,1.04432e+16,2022,1,2,Road Accidents,Junction,City/Town,Near School or College,Human Error,Not Applicable,Damage Only,Vehicle to Vehicle,Controlled,Straight and flat,Major District Road,Bitumen(Tar),Dry,Not Applicable,Clear,RESIDENCY ROAD,CASHPHARMACY JUNCTIO,1.5,0.0,0.0,0,0,0.0,0.0
Bengaluru City,Ashoknagar Traffic PS,1.04432e+16,2022,1,2,Road Accidents,Not Applicable,City/Town,Open area,Human Error,Yes,Simple Injury,Vehicle to Vehicle,Not at  Junction,Straight and flat,One way,Bitumen(Tar),Dry,Not Applicable,Clear,Residency Road,2,1,12.966182,77.598169,0,0,0.0,0.0
Bengaluru City,Ashoknagar Traffic PS,1.04432e+16,2022,1,3,Road Accidents,Narrow road,City/Town,Open area,Human Error,Not Applicable,Grievous Injury,Vehicle to Vehicle,Uncontrolled,Straight and flat,One way,Bitumen(Tar),Not Applicable,Not Applicable,Clear,Inner Ring Road,Opp Army Quatress,6,0.0,0.0,0,0,0.0,0.0
Bengaluru City,Ashoknagar Traffic PS,1.04432e+16,2022,1,2,Road Accidents,Not Applicable,City/Town,Open area,Human Error,Yes,Grievous Injury,Vehicle to Vehicle,Not at  Junction,Straight and flat,Two way,Concrete,Dry,Not Applicable,Clear,Inter midiate inner ring road,2,2,0.0,0.0,0,0,0.0,0.0
Bengaluru City,Ashoknagar Traffic PS,1.04432e+16,2022,1,2,Road Accidents,Not Applicable,City/Town,Residential area,Human Error,Yes,Grievous Injury,Vehicle to Vehicle,Controlled,Not Applicable,Others,Bitumen(Tar),Dry,Not Applicable,Others,"Near Hayes road cross, richmond road bengaluru",Near Hayes road cross,2 km,0.0,0.0,0,0,0.0,0.0
Bengaluru City,Ashoknagar Traffic PS,1.04432e+16,2022,1,1,Road Accidents,Junction,City/Town,Open area,Human Error,No,Grievous Injury,Hit pedestrian,Controlled,Straight and flat,One way,Bitumen(Tar),Dry,Not Applicable,Clear,Near Residency Area,1,1km,0.0,0.0,0,0,0.0,0.0
Bengaluru City,Ashoknagar Traffic PS,1.04432e+16,2022,1,1,Road Accidents,Narrow road,City/Town,Near office complex,Human Error,Yes,Fatal,Hit pedestrian,Uncontrolled,Straight and flat,Sub Arterial,Bitumen(Tar),Not Applicable,Not Applicable,Clear,"2nd Main, Astin Town",Opp Sadhana Clinic,4 KM,12.957067,77.615238,0,0,0.0,0.0
Bengaluru City,Ashoknagar Traffic PS,1.04432e+16,2022,1,2,Road Accidents,Not Applicable,City/Town,Open area,Human Error,Yes,Not Applicable,Vehicle to Vehicle,Not at  Junction,Straight and flat,Two way,Bitumen(Tar),Dry,Not Applicable,Clear,Ram Temple Road,2,5km,0.0,0.0,0,0,0.0,0.0
Bengaluru City,Ashoknagar Traffic PS,1.04432e+16,2022,1,2,Rail Road Accidents,Curves,City/Town,Near office complex,Human Error,Not Applicable,Simple Injury,Vehicle to Vehicle,Uncontrolled,Curve,One way,Bitumen(Tar),Others,Not Applicable,Clear,Richmond Road Flyover,Richmond Road,2,0.0,0.0,0,1,0.0,1.0
Bengaluru City,Ashoknagar Traffic PS,1.04432e+16,2022,1,2,Road Accidents,Not Applicable,City/Town,Open area,Human Error,No,Grievous Injury,Vehicle to Vehicle,Not at  Junction,Straight and flat,Two way,Bitumen(Tar),Dry,Not Applicable,Clear,Hosur Main Road,1,3km,12.960269,77.606468,0,0,0.0,0.0
Bengaluru City,Ashoknagar Traffic PS,1.04432e+16,2022,1,2,Road Accidents,Offset,City/Town,Open area,Human Error,No,Grievous Injury,Vehicle to Vehicle,Not at  Junction,Straight and flat,Two way,Bitumen(Tar),Dry,Not Applicable,Clear,Inner Ring Road,Near Ejipura Junction,4km,0.0,0.0,0,0,0.0,0.0
Bengaluru City,Ashoknagar Traffic PS,1.04432e+16,2022,1,2,Road Accidents,Not Applicable,City/Town,In bazaar,Human Error,No,Grievous Injury,Vehicle to Vehicle,Not at  Junction,Straight and flat,Two way,Bitumen(Tar),Dry,Not Applicable,Clear,Bajar Street Road,Bengaluru Frniture,2km,0.0,0.0,0,0,0.0,0.0
Bengaluru City,Ashoknagar Traffic PS,1.04432e+16,2022,1,2,Road Accidents,Junction,City/Town,Open area,Human Error,No,Grievous Injury,Vehicle to Vehicle,Controlled,Straight and flat,Two way,Bitumen(Tar),Dry,Not Applicable,Clear,Ashoknagar Old PS Junction,1,1km,0.0,0.0,0,0,0.0,0.0
Bengaluru City,Ashoknagar Traffic PS,1.04432e+16,2022,1,2,Road Accidents,Narrow road,City/Town,Residential area,Human Error,No,Grievous Injury,Vehicle to Vehicle,Uncontrolled,Straight and flat,Two way,Bitumen(Tar),Others,Not Applicable,Clear,Anepalya Main Road,Near Srinivasa Hospital,3,12.951718,77.610091,0,1,0.0,1.0
Bengaluru City,Ashoknagar Traffic PS,1.04432e+16,2022,1,2,Road Accidents,Junction,City/Town,Open area,Human Error,No,Grievous Injury,Vehicle to Vehicle,Controlled,Straight and flat,Two way,Bitumen(Tar),Dry,Not Applicable,Clear,Commissarite Road,2,500m,12.970068,77.61028,0,0,0.0,0.0
Bengaluru City,Ashoknagar Traffic PS,1.04432e+16,2022,1,1,Road Accidents,Narrow road,City/Town,Near School or College,Road Environment Defect,Not Applicable,Grievous Injury,Not Applicable,Uncontrolled,Straight and flat,One way,Bitumen(Tar),Others,Not Applicable,Very Cold,victoria Road,Opp Kendriya Vidyala,2,0.0,0.0,0,1,0.0,1.0
Bengaluru City,Ashoknagar Traffic PS,1.04432e+16,2022,1,2,Road Accidents,Junction,City/Town,Residential area,Human Error,No,Grievous Injury,Vehicle to Vehicle,Controlled,Curve,Arterial,Bitumen(Tar),Not Applicable,Not Applicable,Not Applicable,Hosur Main Road,CMP Junction,3,0.0,0.0,0,0,0.0,0.0
Bengaluru City,Ashoknagar Traffic PS,1.04432e+16,2022,1,2,Road Accidents,Not Applicable,City/Town,Open area,Human Error,Yes,Simple Injury,Vehicle to Vehicle,Not Applicable,Straight and flat,Two way,Bitumen(Tar),Dry,Not Applicable,Clear,Loyer aGRAM rOAD,2,2KM,0.0,0.0,0,0,0.0,0.0
Bengaluru City,Ashoknagar Traffic PS,1.04432e+16,2022,1,2,Road Accidents,Narrow road,City/Town,Near a religious place,Human Error,Yes,Grievous Injury,Vehicle to Vehicle,Uncontrolled,Straight and flat,Major District Road,Bitumen(Tar),Dry,Not Applicable,Clear,RICHMOND ROAD,OPP SACRED HEART CHURCH,1,0.0,0.0,0,0,0.0,0.0
Bengaluru City,Ashoknagar Traffic PS,1.04432e+16,2022,1,1,Road Accidents,Junction,City/Town,Open area,Human Error,Yes,Fatal,Hit pedestrian,Controlled,Straight and flat,Two way,Bitumen(Tar),Dry,Not Applicable,Clear,M G Road,12,12,0.0,0.0,0,0,0.0,0.0
Bengaluru City,Ashoknagar Traffic PS,1.04432e+16,2022,1,2,Road Accidents,Junction,City/Town,Near office complex,Human Error,Yes,Grievous Injury,Vehicle to Vehicle,Controlled,Straight and flat,One way,Bitumen(Tar),Not Applicable,Not Applicable,Clear,Richmond Road,Shoolye Circle,2,0.0,0.0,0,0,0.0,0.0
Bengaluru City,Ashoknagar Traffic PS,1.04432e+16,2022,1,1,Road Accidents,Cross roads,City/Town,Open area,Human Error,Yes,Grievous Injury,Vehicle to Vehicle,No signal lights,Straight and flat,Two way,Concrete,Dry,Not Applicable,Clear,Masjid Strreet,2,2km,12.975006,77.608249,0,0,0.0,0.0
Bengaluru City,Ashoknagar Traffic PS,1.04432e+16,2022,1,2,Road Accidents,Curves,City/Town,Near School or College,Human Error,Yes,Grievous Injury,Vehicle to Vehicle,No signal lights,Straight and flat,One way,Bitumen(Tar),Dry,Not Applicable,Clear,Residency Road,Near Konark Hotel,2km,0.0,0.0,0,0,0.0,0.0
Bengaluru City,Ashoknagar Traffic PS,1.04432e+16,2022,1,2,Road Accidents,Not Applicable,City/Town,Near Bus stop,Human Error,Not Applicable,Damage Only,Vehicle to Vehicle,Not Applicable,Others,Two way,Bitumen(Tar),Dry,Not Applicable,Clear,inner ring road,near sreenivagilu junction,4km,0.0,0.0,0,0,0.0,0.0
Bengaluru City,Ashoknagar Traffic PS,1.04432e+16,2022,1,2,Road Accidents,Not Applicable,City/Town,In bazaar,Human Error,No,Grievous Injury,Not Applicable,Controlled,Not Applicable,Others,Bitumen(Tar),Others,Not Applicable,Clear,Rest House Road Cross Brigade Road Shnathala Nagar Bangalore City,Rest House Road Cross,1 km,0.0,0.0,0,1,0.0,1.0
Bengaluru City,Ashoknagar Traffic PS,1.04432e+16,2022,1,2,Road Accidents,Junction,City/Town,Near office complex,Human Error,Not Applicable,Not Applicable,Vehicle to Vehicle,Controlled,Straight and flat,One way,Bitumen(Tar),Not Applicable,Not Applicable,Clear,OLD P S Junction,Old PS Junction,1,0.0,0.0,0,0,0.0,0.0
Bengaluru City,Ashoknagar Traffic PS,1.04432e+16,2023,1,2,Road Accidents,Not Applicable,City/Town,Open area,Human Error,No,Grievous Injury,Vehicle to Vehicle,Not at  Junction,Straight and flat,One way,Bitumen(Tar),Dry,Not Applicable,Clear,Residency Road,Bengaluru Club,2km,0.0,0.0,0,0,0.0,0.0
Bengaluru City,Ashoknagar Traffic PS,1.04432e+16,2023,1,1,Road Accidents,Not Applicable,City/Town,Near office complex,Human Error,No,Grievous Injury,Not Applicable,Not Applicable,Curve,One way,Bitumen(Tar),Dry,Not Applicable,Clear,Commissarite Road,12,1km,0.0,0.0,0,0,0.0,0.0
Bengaluru City,Ashoknagar Traffic PS,1.04432e+16,2023,1,1,Road Accidents,Not Applicable,City/Town,Open area,Human Error,No,Grievous Injury,Not Applicable,Not Applicable,Straight and flat,One way,Bitumen(Tar),Dry,Not Applicable,Clear,Residency Road,2,2km,12.968,77.600324,0,0,0.0,0.0
Bengaluru City,Ashoknagar Traffic PS,1.04432e+16,2023,1,3,Road Accidents,Junction,City/Town,Open area,Human Error,No,Grievous Injury,Vehicle to Vehicle,Controlled,Straight and flat,Two way,Bitumen(Tar),Dry,Not Applicable,Clear,hosur Road,12,12,0.0,0.0,0,0,0.0,0.0
Bengaluru City,Ashoknagar Traffic PS,1.04432e+16,2023,1,1,Road Accidents,Not Applicable,City/Town,Open area,Human Error,No,Grievous Injury,Not Applicable,Not Applicable,Straight and flat,One way,Bitumen(Tar),Dry,Not Applicable,Clear,Museam Road,1,1km,12.970448,77.604978,0,0,0.0,0.0
Bengaluru City,Ashoknagar Traffic PS,1.04432e+16,2023,1,2,Road Accidents,Junction,City/Town,Open area,Human Error,Yes,Grievous Injury,Vehicle to Vehicle,Controlled,Straight and flat,Two way,Bitumen(Tar),Dry,Not Applicable,Clear,Hosur Lashkar Road,1,3km,0.0,0.0,0,0,0.0,0.0
Bengaluru City,Ashoknagar Traffic PS,1.04432e+16,2023,1,3,Road Accidents,Circle,City/Town,Open area,Human Error,No,Grievous Injury,Vehicle to Vehicle,Stop sign,Straight and flat,Two way,Bitumen(Tar),Dry,Not Applicable,Clear,Lower Agram Road,2,2,12.955846,77.620866,0,0,0.0,0.0
Bengaluru City,Ashoknagar Traffic PS,1.04432e+16,2023,1,2,Road Accidents,Cross roads,City/Town,Open area,Human Error,No,Grievous Injury,Vehicle to Vehicle,No signal lights,Straight and flat,Two way,Bitumen(Tar),Dry,Not Applicable,Clear,Ejupura Main Road,2,1,0.0,0.0,0,0,0.0,0.0
Bengaluru City,Ashoknagar Traffic PS,1.04432e+16,2023,1,1,Road Accidents,Narrow road,City/Town,Near Hospital,Human Error,No,Fatal,Hit pedestrian,Not at  Junction,Straight and flat,Two way,Bitumen(Tar),Dry,Not Applicable,Clear,MOTHER THERESA ROAD,1,1.5 KM,12.965708,77.609466,0,0,0.0,0.0
Bengaluru City,Ashoknagar Traffic PS,1.04432e+16,2023,1,1,Road Accidents,Narrow road,City/Town,Near office complex,Human Error,No,Fatal,Not Applicable,Not Applicable,Straight and flat,Two way,Bitumen(Tar),Dry,Not Applicable,Clear,INNER RING ROAD,2,4km,0.0,0.0,0,0,0.0,0.0
Bengaluru City,Ashoknagar Traffic PS,1.04432e+16,2023,1,2,Road Accidents,Junction,City/Town,Open area,Human Error,No,Damage Only,Vehicle to Vehicle,Controlled,Straight and flat,Two way,Bitumen(Tar),Dry,Not Applicable,Clear,Signale Light Junction,2,2 km,0.0,0.0,0,0,0.0,0.0
Bengaluru City,Ashoknagar Traffic PS,1.04432e+16,2023,1,2,Road Accidents,Not Applicable,City/Town,Open area,Human Error,Yes,Grievous Injury,Vehicle to Vehicle,Not at  Junction,Straight and flat,One way,Bitumen(Tar),Dry,Not Applicable,Clear,rICHMOND rOAD,1,2,12.934719,77.630314,0,0,0.0,0.0
Bengaluru City,Ashoknagar Traffic PS,1.04432e+16,2023,1,1,Road Accidents,Not Applicable,City/Town,Open area,Human Error,No,Grievous Injury,Not Applicable,No signal lights,Straight and flat,Two way,Bitumen(Tar),Dry,Not Applicable,Clear,ORC Road,2,1,12.96159,77.613061,0,0,0.0,0.0
Bengaluru City,Ashoknagar Traffic PS,1.04432e+16,2023,1,1,Road Accidents,Not Applicable,City/Town,Open area,Human Error,No,Simple Injury,Not Applicable,Not at  Junction,Straight and flat,Two way,Bitumen(Tar),Dry,Not Applicable,Clear,Ejipura Main Road,2,3,0.0,0.0,0,0,0.0,0.0
Bengaluru City,Ashoknagar Traffic PS,1.04432e+16,2023,1,2,Road Accidents,Junction,City/Town,Open area,Human Error,No,Damage Only,Vehicle to Vehicle,Controlled,Straight and flat,Two way,Bitumen(Tar),Dry,Not Applicable,Clear,M G Road,1,1,12.974199,77.61211,0,0,0.0,0.0
Bengaluru City,Ashoknagar Traffic PS,1.04432e+16,2023,1,2,Road Accidents,Not Applicable,City/Town,Open area,Human Error,Yes,Grievous Injury,Vehicle to Vehicle,Controlled,Straight and flat,One way,Bitumen(Tar),Dry,Not Applicable,Clear,Richmond Road,2,1km,12.967072,77.610883,0,0,0.0,0.0
Bengaluru City,Ashoknagar Traffic PS,1.04432e+16,2023,1,2,Road Accidents,Not Applicable,City/Town,Open area,Human Error,No,Damage Only,Vehicle to Vehicle,No signal lights,Others,Two way,Bitumen(Tar),Others,Not Applicable,Clear,Residwncy Road,1,500m,12.974029,77.611792,0,1,0.0,1.0
Bengaluru City,Ashoknagar Traffic PS,1.04432e+16,2023,1,2,Road Accidents,Not Applicable,City/Town,Open area,Human Error,Yes,Grievous Injury,Vehicle to Vehicle,Not at  Junction,Straight and flat,Two way,Bitumen(Tar),Dry,Not Applicable,Clear,S T Bed Road,2,5km,12.934719,77.630314,0,0,0.0,0.0
Bengaluru City,Ashoknagar Traffic PS,1.04432e+16,2023,1,1,Road Accidents,Not Applicable,City/Town,Open area,Human Error,No,Grievous Injury,Hit pedestrian,Not at  Junction,Straight and flat,Two way,Bitumen(Tar),Dry,Not Applicable,Clear,Residency Road,12,1km,12.973069,77.609204,0,0,0.0,0.0
Bengaluru City,Ashoknagar Traffic PS,1.04432e+16,2023,1,2,Road Accidents,Not Applicable,City/Town,Open area,Human Error,No,Grievous Injury,Vehicle to Vehicle,Not Applicable,Others,Two way,Bitumen(Tar),Dry,Not Applicable,Clear,100 Feet Road,1,2,0.0,0.0,0,0,0.0,0.0
Bengaluru City,Ashoknagar Traffic PS,1.04432e+16,2023,1,2,Road Accidents,Junction,City/Town,Open area,Human Error,No,Simple Injury,Vehicle to Vehicle,Controlled,Straight and flat,One way,Bitumen(Tar),Dry,Not Applicable,Clear,Brigade Road,2,1,0.0,0.0,0,0,0.0,0.0
Bengaluru City,Ashoknagar Traffic PS,1.04432e+16,2023,1,2,Road Accidents,Junction,City/Town,Open area,Human Error,Yes,Grievous Injury,Vehicle to Vehicle,Controlled,Others,One way,Bitumen(Tar),Dry,Not Applicable,Clear,Residency Road,1,1km,12.971883,77.607072,0,0,0.0,0.0
Bengaluru City,Ashoknagar Traffic PS,1.04432e+16,2023,1,2,Road Accidents,Narrow road,City/Town,Open area,Human Error,Yes,Grievous Injury,Vehicle to Vehicle,Not Applicable,Straight and flat,Two way,Bitumen(Tar),Dry,Not Applicable,Clear,ORC ROAD,2,3KM,12.961606,77.612738,0,0,0.0,0.0
Bengaluru City,Ashoknagar Traffic PS,1.04432e+16,2023,1,2,Road Accidents,Not Applicable,City/Town,Open area,Human Error,No,Grievous Injury,Vehicle to Vehicle,Not Applicable,Straight and flat,Two way,Bitumen(Tar),Dry,Not Applicable,Clear,Inner Ring Road,2,1,0.0,0.0,0,0,0.0,0.0
Bengaluru City,Ashoknagar Traffic PS,1.04432e+16,2023,1,2,Road Accidents,Not Applicable,City/Town,Open area,Human Error,No,Grievous Injury,Vehicle to Vehicle,Not at  Junction,Straight and flat,Two way,Bitumen(Tar),Dry,Not Applicable,Clear,Ejipura Main Road,2,4km,0.0,0.0,0,0,0.0,0.0
Bengaluru City,Ashoknagar Traffic PS,1.04432e+16,2023,1,1,Road Accidents,Not Applicable,City/Town,Open area,Human Error,No,Fatal,Not Applicable,No signal lights,Straight and flat,Two way,Bitumen(Tar),Dry,Not Applicable,Clear,Hosur Road,1,2,0.0,0.0,0,0,0.0,0.0
Bengaluru City,Ashoknagar Traffic PS,1.04432e+16,2023,1,2,Road Accidents,Junction,City/Town,Open area,Human Error,No,Simple Injury,Vehicle to Vehicle,Controlled,Straight and flat,Two way,Bitumen(Tar),Dry,Not Applicable,Clear,M G Road,2,1km,0.0,0.0,0,0,0.0,0.0
Bengaluru City,Ashoknagar Traffic PS,1.04432e+16,2023,1,2,Road Accidents,Narrow road,City/Town,Open area,Human Error,Yes,Grievous Injury,Vehicle to Vehicle,Not at  Junction,Not Applicable,One way,Bitumen(Tar),Not Applicable,No influence on accident,Clear,Longford Road,The Alegin Apartment,3,0.0,0.0,0,0,0.0,0.0
Bengaluru City,Ashoknagar Traffic PS,1.04432e+16,2023,1,1,Road Accidents,Not Applicable,City/Town,Open area,Human Error,No,Grievous Injury,Not Applicable,Not Applicable,Straight and flat,Two way,Bitumen(Tar),Dry,Not Applicable,Clear,Mother Teresa oad,2,2km,12.958826,77.612131,0,0,0.0,0.0
Bengaluru City,Ashoknagar Traffic PS,1.04432e+16,2023,1,2,Road Accidents,Curves,City/Town,Open area,Human Error,Yes,Grievous Injury,Vehicle to Vehicle,Not Applicable,Straight and flat,Two way,Bitumen(Tar),Dry,Not Applicable,Clear,Mital Lane,1,3km,12.964707,77.6037,0,0,0.0,0.0