DISTRICTNAME,UNITNAME,Crime_No,Year,RI,Noofvehicle_involved,Accident_Classification,Accident_Spot,Accident_Location,Accident_SubLocation,Main_Cause,Hit_Run,Severity,Collision_Type,Junction_Control,Road_Character,Road_Type,Surface_Type,Surface_Condition,Road_Condition,Weather,Accident_Road,Landmark_first,Distance_LandMark_First,Latitude,Longitude,Road_Condition_Score,Surface_Condition_Score,Surface_Type_Score,Road_Risk_Index
Bengaluru City,Ashoknagar Traffic PS,1.04432e+16,2023,1,1,Road Accidents,Junction,City/Town,Open area,Human Error,No,Grievous Injury,Vehicle to Vehicle,Controlled,Straight and flat,Two way,Bitumen(Tar),Dry,Not Applicable,Clear,M G Road,M G Road,2km,12.975078,77.607968,0,0,0.0,0.0
Bengaluru City,Ashoknagar Traffic PS,1.04432e+16,2023,1,3,Road Accidents,Junction,City/Town,Near School or College,Not Applicable,No,Damage Only,Vehicle to Vehicle,Controlled,Straight and flat,One way,Bitumen(Tar),Dry,Not Applicable,Clear,RESIDENCIAL ROAD,1,1.5 KM,0.0,0.0,0,0,0.0,0.0
Bengaluru City,Ashoknagar Traffic PS,1.04432e+16,2023,1,2,Road Accidents,Junction,City/Town,Open area,Human Error,No,Grievous Injury,Vehicle to Vehicle,Controlled,Curve,Two way,Bitumen(Tar),Dry,Not Applicable,Clear,Residency Road,2km,1km,12.974046,77.610166,0,0,0.0,0.0
Bengaluru City,Ashoknagar Traffic PS,1.04432e+16,2023,1,2,Road Accidents,Not Applicable,City/Town,Open area,Human Error,Yes,Fatal,Vehicle to Vehicle,Not Applicable,Straight and flat,Two way,Bitumen(Tar),Dry,Not Applicable,Clear,Lang Ford Road,2,3km,12.961492,77.599314,0,0,0.0,0.0
Bengaluru City,Banasawadi Traffic PS,1.04432e+16,2016,1,2,Road Accidents,More than four arms,City/Town,Open area,Human Error,No,Grievous Injury,Head on,Police / Manual,Straight and flat,City or Town Road,Bitumen(Tar),Dry,Not Applicable,Fine,"SARAYIPALYA, THANISANDRA MAIN ROAD",ELECTRIC POLE,10 MTR,0.0,0.0,0,0,0.0,0.0
Bengaluru City,Banasawadi Traffic PS,1.04432e+16,2016,1,2,Not Applicable,Other,City/Town,Open area,Not Applicable,Not Applicable,Damage Only,Others,Police / Manual,Not Applicable,City or Town Road,Bitumen(Tar),Dry,Not Applicable,Clear,NO,NEAR HENNURU OLD PPOLICE STATION,4 KM,0.0,0.0,0,0,0.0,0.0
Bengaluru City,Banasawadi Traffic PS,1.04432e+16,2016,1,1,Road Accidents,Narrow road,City/Town,Near office complex,Human Error,Yes,Grievous Injury,Hit pedestrian,Not Applicable,Not Applicable,City or Town Road,Bitumen(Tar),Dry,Not Applicable,Cloudy,"100 FEET ROAD, BANASAWADI",NEAR D GRAND HOTEL,1 KM,0.0,0.0,0,0,0.0,0.0
Bengaluru City,Banasawadi Traffic PS,1.04432e+16,2016,1,3,Road Accidents,Junction,City/Town,Near Bus stop,Human Error,Yes,Simple Injury,Hit and Run,Signal lights Automatic,Others,City or Town Road,Bitumen(Tar),Dry,Not Applicable,Fine,NAGAWARA MAIN ROAD,NEAR NAGAWARA SIGNAL,1 KM,0.0,0.0,0,0,0.0,0.0
Bengaluru City,Banasawadi Traffic PS,1.04432e+16,2016,1,1,Road Accidents,More than four arms,City/Town,Open area,Human Error,No,Fatal,Skidding or Self accident,Not Applicable,Straight and flat,City or Town Road,Bitumen(Tar),Dry,Not Applicable,Fine,OUTER RING ROAD,TREE,15 MTR,0.0,0.0,0,0,0.0,0.0
Bengaluru City,Banasawadi Traffic PS,1.04432e+16,2016,1,2,Road Accidents,More than four arms,City/Town,Open area,Human Error,No,Grievous Injury,Head on,Police / Manual,Straight and flat,City or Town Road,Bitumen(Tar),Dry,Not Applicable,Fine,HENNUR UNDER PASS,ELECRTIC POLE,15 MTR,0.0,0.0,0,0,0.0,0.0
Bengaluru City,Banasawadi Traffic PS,1.04432e+16,2016,1,1,Not Applicable,Rail Crossing manned,City/Town,Near Bus stop,Not Applicable,Yes,Grievous Injury,Hit and Run,Police / Manual,Others,City or Town Road,Bitumen(Tar),Dry,Not Applicable,Clear,NO,NEAR FISH STAL,3 KM,0.0,0.0,0,0,0.0,0.0
Bengaluru City,Banasawadi Traffic PS,1.04432e+16,2016,1,2,Road Accidents,Junction,City/Town,Near Bus stop,Human Error,Yes,Grievous Injury,Hit and Run,Signal lights Automatic,Not Applicable,City or Town Road,Bitumen(Tar),Dry,Not Applicable,Fine,NAGAWARA MAIN ROAD,NAER JUNCTION,1 KM,0.0,0.0,0,0,0.0,0.0
Bengaluru City,Banasawadi Traffic PS,1.04432e+16,2016,1,1,Not Applicable,Junction,City/Town,In bazaar,Human Error,No,Grievous Injury,Hit pedestrian,Police / Manual,Straight and flat,City or Town Road,Bitumen(Tar),Dry,Not Applicable,Fine,"NEAR GEETHANJALI JEWELLERS, 80 FEET ROAD, KALYANA NAGAR",STREET LIGHT,12 FT,0.0,0.0,0,0,0.0,0.0
Bengaluru City,Banasawadi Traffic PS,1.04432e+16,2016,1,2,Road Accidents,More than four arms,City/Town,Residential area,Human Error,No,Damage Only,Head on,Police / Manual,Straight and flat,City or Town Road,Bitumen(Tar),Dry,Not Applicable,Fine,"PALM HIGHT APTS,HENNUR MAIN ROAD,",ELECTRIC POLE,15 MTR,0.0,0.0,0,0,0.0,0.0
Bengaluru City,Banasawadi Traffic PS,1.04432e+16,2016,1,1,Not Applicable,Culvert,City/Town,Narrow bridge or culverts,Not Applicable,Not Applicable,Fatal,Others,Police / Manual,Others,City or Town Road,Bitumen(Tar),Dry,Not Applicable,Clear,NO,RING ROAD NEAR KEB OFFICE NAGAWARA,2.5 KM,0.0,0.0,0,0,0.0,0.0
Bengaluru City,Banasawadi Traffic PS,1.04432e+16,2016,1,2,Road Accidents,Culvert,City/Town,Narrow bridge or culverts,Human Error,No,Fatal,Overturning,Not at  Junction,Curve and Incline,City or Town Road,Bitumen(Tar),Dry,Not Applicable,Cloudy,OUTER RING ROAD,NEAR CHROMA SHOWROOM,1 KM,0.0,0.0,0,0,0.0,0.0
Bengaluru City,Banasawadi Traffic PS,1.04432e+16,2016,1,2,Not Applicable,Junction,City/Town,Open area,Human Error,No,Simple Injury,Others,Police / Manual,Straight and flat,City or Town Road,Bitumen(Tar),Dry,Not Applicable,Fine,"7TH B MAIN, VIJAYABANK COLONY KALYANANAGAR",FOOT PATH,30 FT,0.0,0.0,0,0,0.0,0.0
Bengaluru City,Banasawadi Traffic PS,1.04432e+16,2016,1,2,Not Applicable,Junction,City/Town,Near office complex,Human Error,No,Grievous Injury,Others,Police / Manual,Straight and flat,City or Town Road,Bitumen(Tar),Dry,Not Applicable,Cloudy,OPP TO BDA PARK OUTER RING ROAD HENNUR,STREET LIGHT,2FEET,0.0,0.0,0,0,0.0,0.0
Bengaluru City,Banasawadi Traffic PS,1.04432e+16,2016,1,2,Road Accidents,Circle,City/Town,Near Hospital,Human Error,Yes,Grievous Injury,Head on,Police / Manual,Curve,City or Town Road,Bitumen(Tar),Ditch or Potholed,Not Applicable,Cloudy,OIL MILL ROAD,NEAR CHITRA STORE,1 KM,0.0,0.0,0,5,0.0,5.0
Bengaluru City,Banasawadi Traffic PS,1.04432e+16,2016,1,2,Not Applicable,Circle,City/Town,Near office complex,Human Error,No,Simple Injury,Others,Police / Manual,Straight and flat,City or Town Road,Bitumen(Tar),Dry,Not Applicable,Fine,"NEHRU ROAD, NEAR KULLAPPA CIRCULE KAMMANAHALLI",NEAR KULLAPPA CIRCLE,20FEET,0.0,0.0,0,0,0.0,0.0
Bengaluru City,Banasawadi Traffic PS,1.04432e+16,2016,1,1,Road Accidents,Junction,City/Town,Near Bus stop,Human Error,Yes,Grievous Injury,Hit and Run,Police / Manual,Straight and flat,City or Town Road,Bitumen(Tar),Dry,Not Applicable,Fine,"OPP BMTC BUS STOP, HORAMAVU RING ROAD",ELECTRIC POLE,15 MTR,0.0,0.0,0,0,0.0,0.0
Bengaluru City,Banasawadi Traffic PS,1.04432e+16,2016,1,1,Not Applicable,Circle,City/Town,Near Bus stop,Human Error,Yes,Grievous Injury,Hit and Run,Police / Manual,Straight and flat,City or Town Road,Bitumen(Tar),Dry,Not Applicable,Fine,"NEAR ASWATH NAGAR BUS STOP, THANISANDRA MAIN ROAD",NEAR BUS STOP,20FEET,0.0,0.0,0,0,0.0,0.0
Bengaluru City,Banasawadi Traffic PS,1.04432e+16,2016,1,2,Not Applicable,Junction,City/Town,Near a recreation place/cinema,Human Error,No,Grievous Injury,Others,Police / Manual,Straight and flat,City or Town Road,Bitumen(Tar),Dry,Not Applicable,Cloudy,OUTER RING ROAD BABSABPALYA,NEAR PARK,5 FT,0.0,0.0,0,0,0.0,0.0
Bengaluru City,Banasawadi Traffic PS,1.04432e+16,2016,1,2,Not Applicable,Cross roads,City/Town,Near Petrol Pump,Not Applicable,Yes,Grievous Injury,Hit and Run,Police / Manual,Not Applicable,City or Town Road,Bitumen(Tar),Dry,Not Applicable,Clear,NO,NEAR PETROL PUMP KAMMANAHALLI,1.5 KM,0.0,0.0,0,0,0.0,0.0
Bengaluru City,Banasawadi Traffic PS,1.04432e+16,2016,1,2,Road Accidents,Junction,City/Town,Near Petrol Pump,Human Error,Yes,Grievous Injury,Hit and Run,Controlled,Curve and Incline,City or Town Road,Bitumen(Tar),Dry,Not Applicable,Fine,"SERVICE ROAD, KAMMANAHALLI",NEAR PETROL BUNK,1K M,0.0,0.0,0,0,0.0,0.0
Bengaluru City,Banasawadi Traffic PS,1.04432e+16,2016,1,2,Not Applicable,Not Applicable,City/Town,Residential area,Human Error,No,Damage Only,Hit parked vehicle,Police / Manual,Not Applicable,Two way,Bitumen(Tar),Dry,Not Applicable,Fine,"4TH 'C' CROSS, 3RD ;A; MAIN ROAD, KALYANA NAGAR, 3RD BLOCK",RESIDENTIAL,25 FEE,0.0,0.0,0,0,0.0,0.0
Bengaluru City,Banasawadi Traffic PS,1.04432e+16,2016,1,1,Not Applicable,Other,City/Town,Near Bus stop,Human Error,Yes,Grievous Injury,Hit and Run,Police / Manual,Straight and flat,City or Town Road,Bitumen(Tar),Dry,Not Applicable,Fine,"OUTER RING ROAD, KALYANANAGAR",STEET LIGHT PILLER,13FEER,0.0,0.0,0,0,0.0,0.0
Bengaluru City,Banasawadi Traffic PS,1.04432e+16,2016,1,1,Not Applicable,Junction,City/Town,At pedestrian Crossing,Human Error,Yes,Grievous Injury,Hit and Run,Police / Manual,Straight and flat,City or Town Road,Bitumen(Tar),Dry,Not Applicable,Fine,"5TH CROSS, 5TH MAIN , HBR LAYOUT, 5TH BLOCK",STREET LIGHT,15 FT,0.0,0.0,0,0,0.0,0.0
Bengaluru City,Banasawadi Traffic PS,1.04432e+16,2016,1,1,Not Applicable,Other,City/Town,At pedestrian Crossing,Human Error,Yes,Fatal,Hit and Run,Police / Manual,Straight and flat,City or Town Road,Bitumen(Tar),Dry,Not Applicable,Cloudy,OPP FOREST OFFICE OUTER RING ROAD NAGAVARA,OPP TO HDFC BANK,20FT,0.0,0.0,0,0,0.0,0.0
Bengaluru City,Banasawadi Traffic PS,1.04432e+16,2016,1,1,Not Applicable,Junction,City/Town,Near office complex,Human Error,No,Grievous Injury,Hit pedal cyclist,Police / Manual,Straight and flat,City or Town Road,Bitumen(Tar),Dry,Not Applicable,Fine,"OPP TO SHRUTHI DINTAL CLINIC BDA COMPLEX ROAD, HBR LAYOUT",OPP TO SHRUTHI DENTAL CLINIC,8 FT,0.0,0.0,0,0,0.0,0.0
Bengaluru City,Banasawadi Traffic PS,1.04432e+16,2016,1,2,Road Accidents,Junction,City/Town,Near office complex,Human Error,Yes,Simple Injury,Head on,No signal lights,Hump,City or Town Road,Bitumen(Tar),Dry,No influence on accident,Fine,"100 FEET ROAD, BANASAWADI",NEAR 10 TH MAIN,1 KM,0.0,0.0,0,0,0.0,0.0
Bengaluru City,Banasawadi Traffic PS,1.04432e+16,2016,1,1,Road Accidents,Narrow road,City/Town,Near office complex,Human Error,Yes,Fatal,Hit and Run,Not at  Junction,Not Applicable,City or Town Road,Bitumen(Tar),Dry,Not Applicable,Cloudy,"OUTER RING ROAD, HENNUR",NEAR BHEEMA JEWELLERS,1 KM,0.0,0.0,0,0,0.0,0.0
Bengaluru City,Banasawadi Traffic PS,1.04432e+16,2016,1,2,Not Applicable,Other,City/Town,Near office complex,Not Applicable,Not Applicable,Not Applicable,Hit parked vehicle,Police / Manual,Others,City or Town Road,Bitumen(Tar),Dry,Not Applicable,Fine,ON,NEAR BLACK PEPPER HOTAL,2KM,0.0,0.0,0,0,0.0,0.0
Bengaluru City,Banasawadi Traffic PS,1.04432e+16,2016,1,2,Road Accidents,Other,City/Town,Near School or College,Human Error,No,Grievous Injury,Others,Police / Manual,Others,Two way,Bitumen(Tar),Dry,Not Applicable,Fine,"HENNUR MAIN ROAD, KACHARAKANAHALLI",OPP TO CAMPUS CRUICIDE,22FEET,0.0,0.0,0,0,0.0,0.0
Bengaluru City,Banasawadi Traffic PS,1.04432e+16,2016,1,1,Road Accidents,Narrow road,City/Town,Residential area,Human Error,No,Fatal,Hit pedestrian,No signal lights,Not Applicable,City or Town Road,Bitumen(Tar),Dry,Not Applicable,Fine,"5 TH MAIN, KALYANANAGAR",NEAR SENA VIHAR,1 KM,0.0,0.0,0,0,0.0,0.0
Bengaluru City,Banasawadi Traffic PS,1.04432e+16,2016,1,2,Road Accidents,Cross roads,City/Town,At pedestrian Crossing,Not Applicable,Not Applicable,Fatal,Overturning,Police / Manual,Others,Two way,Not Applicable,Dry,Not Applicable,Fine,YES,NEAR MILINIYA APRATMAENT,50 FE,0.0,0.0,0,0,0.0,0.0
Bengaluru City,Banasawadi Traffic PS,1.04432e+16,2016,1,1,Not Applicable,Other,City/Town,At pedestrian Crossing,Not Applicable,No,Grievous Injury,Hit pedestrian,Police / Manual,Not Applicable,City or Town Road,Bitumen(Tar),Dry,Not Applicable,Fine,NO,NEAR CHURCH,1KM,0.0,0.0,0,0,0.0,0.0
Bengaluru City,Banasawadi Traffic PS,1.04432e+16,2016,1,1,Road Accidents,Narrow road,City/Town,Near Bus stop,Human Error,No,Fatal,Hit pedestrian,Controlled,Dip or trough,City or Town Road,Bitumen(Tar),Dry,Not Applicable,Fine,HORAMAVU KALKERE ROAD,NEAR JAYANTHINAGRA CIRCLE,1 KM,0.0,0.0,0,0,0.0,0.0
Bengaluru City,Banasawadi Traffic PS,1.04432e+16,2016,1,1,Road Accidents,Bridge,City/Town,Open area,Human Error,No,Grievous Injury,Hit fixed object,Signal lights Blinking,Straight and flat,Arterial,Bitumen(Tar),Dry,Not Applicable,Very Cold,"OUTER RING ROAD, KALYANANGARA",CHROMA SHOW ROOM,100,0.0,0.0,0,0,0.0,0.0
Bengaluru City,Banasawadi Traffic PS,1.04432e+16,2016,1,2,Not Applicable,Junction,City/Town,Near or inside a village,Human Error,No,Grievous Injury,Right Turn Collision,Police / Manual,Straight and flat,City or Town Road,Bitumen(Tar),Dry,Not Applicable,Fine,"OPP TO VIGNESH GARAGE, HORAMVU AGRA MAIN ROAD",OPP TO VIGNESH GARAGE,40 FT,0.0,0.0,0,0,0.0,0.0
Bengaluru City,Banasawadi Traffic PS,1.04432e+16,2016,1,3,Not Applicable,Junction,City/Town,Near office complex,Human Error,No,Fatal,Others,Police / Manual,Straight and flat,City or Town Road,Bitumen(Tar),Dry,Not Applicable,Fine,"OPP TO FED WX COURIER, SARAYIPALYA, THANISANDRA MAIN ROAD",NAVEEN VAINS,20FT,0.0,0.0,0,0,0.0,0.0
Bengaluru City,Banasawadi Traffic PS,1.04432e+16,2016,1,1,Road Accidents,More than four arms,City/Town,Near Bus stop,Human Error,No,Simple Injury,Head on,Police / Manual,Straight and flat,City or Town Road,Bitumen(Tar),Dry,Not Applicable,Fine,"NEAR BMTC BUS STOP, OUTER RING ROAD",ELECTRIC POLE,10 MTR,0.0,0.0,0,0,0.0,0.0
Bengaluru City,Banasawadi Traffic PS,1.04432e+16,2016,1,2,Road Accidents,More than four arms,City/Town,Residential area,Human Error,No,Grievous Injury,Head on,Police / Manual,Straight and flat,City or Town Road,Bitumen(Tar),Dry,Not Applicable,Fine,"NEAR JALAVAYU VIHAR, CMR ROAD",TREE,10 MTR,0.0,0.0,0,0,0.0,0.0
Bengaluru City,Banasawadi Traffic PS,1.04432e+16,2016,1,1,Road Accidents,More than four arms,City/Town,Open area,Human Error,No,Grievous Injury,Head on,Police / Manual,Straight and flat,City or Town Road,Bitumen(Tar),Dry,Not Applicable,Fine,THANISANDRA MAIN ROAD,ELECRTIC POLE,8 MTR,0.0,0.0,0,0,0.0,0.0
Bengaluru City,Banasawadi Traffic PS,1.04432e+16,2016,1,1,Road Accidents,More than four arms,City/Town,Open area,Human Error,No,Fatal,Head on,Police / Manual,Straight and flat,City or Town Road,Bitumen(Tar),Dry,Not Applicable,Clear,OUTER RING ROAD BABUSABPALYA,ELECTRIC POLE,15 MTR,0.0,0.0,0,0,0.0,0.0
Bengaluru City,Banasawadi Traffic PS,1.04432e+16,2016,1,1,Not Applicable,Cross roads,City/Town,Near Bus stop,Human Error,No,Grievous Injury,Hit pedestrian,Police / Manual,Straight and flat,City or Town Road,Bitumen(Tar),Dry,Not Applicable,Fine,OPP TO HORAMAVU BUS STOP OUTER RING ROAD,OPP TO BUS STOP,3 FEET,0.0,0.0,0,0,0.0,0.0
Bengaluru City,Banasawadi Traffic PS,1.04432e+16,2016,1,2,Road Accidents,Narrow road,City/Town,Near Bus stop,Human Error,No,Grievous Injury,Overturning,No signal lights,Dip or trough,City or Town Road,Bitumen(Tar),Dry,Not Applicable,Fine,HENNUR MAIN ROAD,NEAR HENNUR BANDE,1 KM,0.0,0.0,0,0,0.0,0.0
Bengaluru City,Banasawadi Traffic PS,1.04432e+16,2016,1,2,Not Applicable,Cross roads,City/Town,Near School or College,Human Error,No,Grievous Injury,Others,Police / Manual,Curve,City or Town Road,Bitumen(Tar),Dry,Not Applicable,Fine,"1ST CROSS, 3RD BLOCK, HRBR LAYOUT",ELECTRIC POST,25 FT,0.0,0.0,0,0,0.0,0.0
Bengaluru City,Banasawadi Traffic PS,1.04432e+16,2016,1,2,Not Applicable,Junction,City/Town,In bazaar,Human Error,No,Damage Only,Others,Police / Manual,Straight and flat,City or Town Road,Bitumen(Tar),Dry,Not Applicable,Fine,1ST CROSS NEHRU ROAD,FOOT PATH,25 FT,0.0,0.0,0,0,0.0,0.0
Bengaluru City,Banasawadi Traffic PS,1.04432e+16,2016,1,2,Not Applicable,Junction,City/Town,Open area,Human Error,No,Grievous Injury,Others,Police / Manual,Straight and flat,City or Town Road,Bitumen(Tar),Dry,Not Applicable,Fine,BEEMA JEWELLER OURTER RING ROAD HENNUR MAIN ROAD,SERVICE ROAD,32 FT,0.0,0.0,0,0,0.0,0.0
Bengaluru City,Banasawadi Traffic PS,1.04432e+16,2016,1,2,Not Applicable,Junction,City/Town,Open area,Human Error,No,Simple Injury,Others,Police / Manual,Straight and flat,City or Town Road,Bitumen(Tar),Dry,Not Applicable,Cloudy,HENNUR ROAD VADDARAPALYA,FOOTPATH,10FEET,0.0,0.0,0,0,0.0,0.0
Bengaluru City,Banasawadi Traffic PS,1.04432e+16,2016,1,2,Road Accidents,Narrow road,City/Town,Near office complex,Human Error,No,Fatal,Overturning,Not at  Junction,Straight and flat,Service Road,Bitumen(Tar),Ditch or Potholed,Not Applicable,Cloudy,"SERVICE ROAD, KALYANANAGAR",NEAR GOLD GYM,1 KM,0.0,0.0,0,5,0.0,5.0
Bengaluru City,Banasawadi Traffic PS,1.04432e+16,2016,1,2,Road Accidents,More than four arms,City/Town,Near office complex,Human Error,No,Simple Injury,Head on,Police / Manual,Straight and flat,City or Town Road,Bitumen(Tar),Dry,Not Applicable,Fine,"near petrol bunk, kammanahalli",electric pole,10 mer,0.0,0.0,0,0,0.0,0.0
Bengaluru City,Banasawadi Traffic PS,1.04432e+16,2016,1,2,Road Accidents,Cross roads,City/Town,Residential area,Human Error,No,Simple Injury,Head on,Not Applicable,Straight and flat,City or Town Road,Bitumen(Tar),Dry,Not Applicable,Fine,"7TH CROSS, NARAYANASAMY LYT, ASWATH NAGAR",SHOPS,15 MTR,0.0,0.0,0,0,0.0,0.0
Bengaluru City,Banasawadi Traffic PS,1.04432e+16,2016,1,1,Road Accidents,More than four arms,City/Town,Open area,Human Error,No,Fatal,Head on,Not at  Junction,Straight and flat,City or Town Road,Bitumen(Tar),Dry,Not Applicable,Fine,OUTER RING ROAD HENNUR,TREE,15 MTR,0.0,0.0,0,0,0.0,0.0
Bengaluru City,Banasawadi Traffic PS,1.04432e+16,2016,1,2,Road Accidents,Junction,City/Town,Near office complex,Human Error,No,Fatal,Head on,Police / Manual,Straight and flat,City or Town Road,Bitumen(Tar),Dry,Not Applicable,Fine,"OUTER RING ROAD, BABUSABPALYA",ELECTRIC POLE,15 MTR,0.0,0.0,0,0,0.0,0.0
Bengaluru City,Banasawadi Traffic PS,1.04432e+16,2016,1,1,Road Accidents,Other,City/Town,Open area,Human Error,No,Grievous Injury,Skidding or Self accident,Uncontrolled,Straight and flat,City or Town Road,Bitumen(Tar),Dry,Not Applicable,Fine,HENNUR UNDER PASS OUTER RING ROAD HENNUR,ELECTRIC POLE,15 MTR,0.0,0.0,0,0,0.0,0.0
Bengaluru City,Banasawadi Traffic PS,1.04432e+16,2016,1,2,Not Applicable,Junction,City/Town,Near Bus stop,Human Error,No,Grievous Injury,Others,Police / Manual,Straight and flat,City or Town Road,Bitumen(Tar),Dry,Not Applicable,Fine,OPP TO MLA OFFICE GATE BANASAWADI MAIN ROAD,STEET LIGHE,15FT,0.0,0.0,0,0,0.0,0.0
Bengaluru City,Banasawadi Traffic PS,1.04432e+16,2016,1,2,Not Applicable,Junction,City/Town,Residential area,Human Error,No,Simple Injury,Others,Police / Manual,Straight and flat,City or Town Road,Bitumen(Tar),Dry,Not Applicable,Fine,"5TH CROSS, 7TH MAIN, CHOWDESHWARI LAYOUT BANASAWADI",FOOT PATH,10 FT,0.0,0.0,0,0,0.0,0.0
Bengaluru City,Banasawadi Traffic PS,1.04432e+16,2016,1,2,Not Applicable,Bridge,City/Town,Open area,Human Error,No,Grievous Injury,Overturning,Police / Manual,Straight and flat,City or Town Road,Gravel,Wet,Not Applicable,Light Rain,"HENNUR UNDER BRIDGE, HENNUR RING ROAD",OPP TO BEEMA JEWELLERS,30FEET,0.0,0.0,0,3,3.0,6.0
Bengaluru City,Banasawadi Traffic PS,1.04432e+16,2016,1,1,Not Applicable,Junction,City/Town,At pedestrian Crossing,Human Error,No,Grievous Injury,Hit pedestrian,Police / Manual,Straight and flat,City or Town Road,Bitumen(Tar),Dry,Not Applicable,Fine,"NEAR ARUNAGIRI SHOWROOM SERVICR ROAD, KALYANANAGAR",NEAR ARUNAGIRI SHOWROOM,12 FT,0.0,0.0,0,0,0.0,0.0
Bengaluru City,Banasawadi Traffic PS,1.04432e+16,2016,1,1,Not Applicable,Junction,City/Town,Open area,Human Error,No,Simple Injury,Hit pedestrian,Police / Manual,Straight and flat,City or Town Road,Bitumen(Tar),Dry,Not Applicable,Fine,HORAMAVU AGARA MAIN ROAD,OPP TO GANESHA SWEETS,5 FT,0.0,0.0,0,0,0.0,0.0
Bengaluru City,Banasawadi Traffic PS,1.04432e+16,2016,1,2,Not Applicable,Bridge,City/Town,Open area,Human Error,No,Simple Injury,Others,Police / Manual,Straight and flat,City or Town Road,Bitumen(Tar),Dry,Not Applicable,Fine,"HENNUR UNDERPASS, OUTER RING ROAD",STEET LIGHT,5FT,0.0,0.0,0,0,0.0,0.0
Bengaluru City,Banasawadi Traffic PS,1.04432e+16,2016,1,1,Road Accidents,Junction,City/Town,Narrow bridge or culverts,Human Error,Yes,Fatal,Hit and Run,Signal lights Blinking,Straight and flat,City or Town Road,Bitumen(Tar),Dry,Not Applicable,Fine,"OUTER RING ROAD, KALYANANAGAR",NEAR CHROMA SHOWROOM,1 KM,0.0,0.0,0,0,0.0,0.0
Bengaluru City,Banasawadi Traffic PS,1.04432e+16,2016,1,2,Road Accidents,Bottleneck,City/Town,Residential area,Human Error,Yes,Simple Injury,Hit and Run,No signal lights,Straight and flat,City or Town Road,Bitumen(Tar),Dry,Not Applicable,Fine,opp beema jewellary,tree,10 mtr,0.0,0.0,0,0,0.0,0.0
Bengaluru City,Banasawadi Traffic PS,1.04432e+16,2016,1,1,Road Accidents,Narrow road,City/Town,Near Bus stop,Human Error,No,Fatal,Skidding or Self accident,No signal lights,Dip or trough,City or Town Road,Bitumen(Tar),Ditch or Potholed,Construction Work / Material,Fine,KAMMANAHALLI MAIN ROAD,NEAR MEDPLUS,1 KM,0.0,0.0,2,5,0.0,7.0
Bengaluru City,Banasawadi Traffic PS,1.04432e+16,2016,1,1,Road Accidents,Narrow road,City/Town,Near office complex,Human Error,Yes,Fatal,Hit and Run,No signal lights,Not Applicable,City or Town Road,Bitumen(Tar),Dry,Not Applicable,Fine,OUTER RING ROAD,NEAR BDA PARK,1 KM,0.0,0.0,0,0,0.0,0.0
Bengaluru City,Banasawadi Traffic PS,1.04432e+16,2016,1,2,Not Applicable,Junction,City/Town,Near Bus stop,Human Error,No,Grievous Injury,Right Turn Collision,Police / Manual,Straight and flat,City or Town Road,Bitumen(Tar),Dry,Not Applicable,Fine,"OPP TO SYDICATE BANK, BANASAWADI MIAN ROAD",NEAR MLA OFFICE,30 FT,0.0,0.0,0,0,0.0,0.0
Bengaluru City,Banasawadi Traffic PS,1.04432e+16,2016,1,2,Road Accidents,Culvert,City/Town,Narrow bridge or culverts,Human Error,Yes,Fatal,Overturning,No signal lights,Curve,City or Town Road,Bitumen(Tar),Dry,Not Applicable,Clear,OUTER RING ROAD,NEAR KEB JUNCTION,1 KM,0.0,0.0,0,0,0.0,0.0
Bengaluru City,Banasawadi Traffic PS,1.04432e+16,2016,1,1,Road Accidents,Narrow road,City/Town,Residential area,Human Error,Yes,Fatal,Hit pedestrian,Not Applicable,Dip or trough,City or Town Road,Bitumen(Tar),Muddy,Construction Work / Material,Fine,"3 RD MAIN, TELECOM LAYOUT",TELECOM LAYOUT,1 KM,0.0,0.0,2,4,0.0,6.0
Bengaluru City,Banasawadi Traffic PS,1.04432e+16,2016,1,2,Road Accidents,More than four arms,City/Town,Open area,Human Error,Yes,Grievous Injury,Head on,Police / Manual,Straight and flat,City or Town Road,Bitumen(Tar),Dry,Not Applicable,Fine,ramaswamypalya mainroad,electric pole,10 mer,0.0,0.0,0,0,0.0,0.0
Bengaluru City,Banasawadi Traffic PS,1.04432e+16,2016,1,1,Road Accidents,More than four arms,City/Town,Open area,Human Error,Yes,Fatal,Hit and Run,Not at  Junction,Straight and flat,City or Town Road,Bitumen(Tar),Dry,Not Applicable,Fine,OUTER RING ROAD NAGAWARA,TREE,15 MTR,0.0,0.0,0,0,0.0,0.0
Bengaluru City,Banasawadi Traffic PS,1.04432e+16,2016,1,1,Road Accidents,More than four arms,City/Town,Near office complex,Human Error,No,Simple Injury,Head on,Police / Manual,Straight and flat,City or Town Road,Bitumen(Tar),Dry,Not Applicable,Fine,HENNUR MAIN ROAD,ELECTRIC POLE,10 MTR,0.0,0.0,0,0,0.0,0.0
Bengaluru City,Banasawadi Traffic PS,1.04432e+16,2016,1,2,Road Accidents,Narrow road,City/Town,Near Bus stop,Human Error,Yes,Grievous Injury,Hit and Run,Not at  Junction,Hump,City or Town Road,Bitumen(Tar),Dry,No influence on accident,Fine,THANISANDRA MAIN ROAD,NEAR KANTHI SWEETS,1 KM,0.0,0.0,0,0,0.0,0.0
Bengaluru City,Banasawadi Traffic PS,1.04432e+16,2016,1,1,Not Applicable,Other,City/Town,Near Bus stop,Not Applicable,Not Applicable,Fatal,Not Applicable,Police / Manual,Others,City or Town Road,Bitumen(Tar),Dry,Not Applicable,Clear,NO,3KM,3 KM,0.0,0.0,0,0,0.0,0.0
Bengaluru City,Banasawadi Traffic PS,1.04432e+16,2016,1,2,Road Accidents,More than four arms,City/Town,Open area,Human Error,No,Simple Injury,Head on,Police / Manual,Straight and flat,City or Town Road,Bitumen(Tar),Dry,Not Applicable,Fine,near vijayalakshmi medikal store,tree,10 mer,0.0,0.0,0,0,0.0,0.0