DISTRICTNAME,UNITNAME,Crime_No,Year,RI,Noofvehicle_involved,Accident_Classification,Accident_Spot,Accident_Location,Accident_SubLocation,Main_Cause,Hit_Run,Severity,Collision_Type,Junction_Control,Road_Character,Road_Type,Surface_Type,Surface_Condition,Road_Condition,Weather,Accident_Road,Landmark_first,Distance_LandMark_First,Latitude,Longitude,Road_Condition_Score,Surface_Condition_Score,Surface_Type_Score,Road_Risk_Index
Bengaluru City,Banasawadi Traffic PS,1.04432e+16,2016,1,2,Road Accidents,More than four arms,City/Town,Near School or College,Human Error,No,Grievous Injury,Head on,Police / Manual,Straight and flat,City or Town Road,Bitumen(Tar),Dry,Not Applicable,Fine,sarayipalya,tree,10 mtr,0.0,0.0,0,0,0.0,0.0
Bengaluru City,Banasawadi Traffic PS,1.04432e+16,2016,1,1,Road Accidents,Other,City/Town,Near a factory industrial area,Human Error,No,Fatal,Head on,Not at  Junction,Others,Others,Surfaced,Dry,Not Applicable,Fine,hennur bande,tree,10 mtr,0.0,0.0,0,0,,
Bengaluru City,Banasawadi Traffic PS,1.04432e+16,2016,1,2,Road Accidents,More than four arms,City/Town,Near a factory industrial area,Human Error,No,Simple Injury,Head on,Police / Manual,Straight and flat,City or Town Road,Bitumen(Tar),Dry,Not Applicable,Fine,thanisandra main road,tree,10 mtr,0.0,0.0,0,0,0.0,0.0
Bengaluru City,Banasawadi Traffic PS,1.04432e+16,2016,1,2,Road Accidents,More than four arms,City/Town,Open area,Human Error,No,Damage Only,Head on,Not at  Junction,Straight and flat,City or Town Road,Bitumen(Tar),Dry,Not Applicable,Fine,"HRBR LYT, KALYANAGAR",TREE,10 MER,0.0,0.0,0,0,0.0,0.0
Bengaluru City,Banasawadi Traffic PS,1.04432e+16,2016,1,2,Road Accidents,Other,City/Town,Near Hospital,Human Error,No,Grievous Injury,Head on,Police / Manual,Straight and flat,City or Town Road,Bitumen(Tar),Dry,Not Applicable,Fine,80 FEET ROAD,OPP SPECIALIST HOSPITAL,20 FEE,0.0,0.0,0,0,0.0,0.0
Bengaluru City,Banasawadi Traffic PS,1.04432e+16,2016,1,1,Road Accidents,Narrow road,City/Town,Near office complex,Human Error,Yes,Fatal,Hit pedestrian,No signal lights,Not Applicable,City or Town Road,Bitumen(Tar),Dry,Not Applicable,Cloudy,"OUTER RING ROAD , NEAR BDA PARK",NEAR BDA PARK,1 KM,0.0,0.0,0,0,0.0,0.0
Bengaluru City,Banasawadi Traffic PS,1.04432e+16,2016,1,2,Not Applicable,Cross roads,City/Town,Near School or College,Not Applicable,Not Applicable,Damage Only,Others,Police / Manual,Others,Service Road,Bitumen(Tar),Dry,Not Applicable,Fine,NO,NEAR COLLGE,2KM,0.0,0.0,0,0,0.0,0.0
Bengaluru City,Banasawadi Traffic PS,1.04432e+16,2016,1,2,Not Applicable,Junction,City/Town,Near office complex,Human Error,No,Grievous Injury,Others,Police / Manual,Straight and flat,City or Town Road,Bitumen(Tar),Dry,Not Applicable,Fine,OPP TO FASHION GALLERY ASHWATH NAGAR THNISANDRA,OPP TO FASHION GALLERY,10 FT,0.0,0.0,0,0,0.0,0.0
Bengaluru City,Banasawadi Traffic PS,1.04432e+16,2016,1,2,Road Accidents,More than four arms,City/Town,Open area,Human Error,No,Grievous Injury,Head on,Police / Manual,Straight and flat,City or Town Road,Bitumen(Tar),Dry,Not Applicable,Fine,BANASAWADI MAIN ROAD,TREE,15 MTR,0.0,0.0,0,0,0.0,0.0
Bengaluru City,Banasawadi Traffic PS,1.04432e+16,2016,1,2,Road Accidents,Cross roads,City/Town,Near or inside a village,Human Error,No,Grievous Injury,Head on,Not at  Junction,Straight and flat,City or Town Road,Bitumen(Tar),Dry,Not Applicable,Fine,RAMASWAMY PALYA,ELECTRIC POLE,10 MTR,0.0,0.0,0,0,0.0,0.0
Bengaluru City,Banasawadi Traffic PS,1.04432e+16,2016,1,2,Road Accidents,Narrow road,City/Town,Near Bus stop,Human Error,No,Damage Only,Head on,Signal lights Blinking,Dip or trough,City or Town Road,Bitumen(Tar),Dry,Not Applicable,Fine,HENNUR MAIN ROAD,NEAR GANESHA TEMPLE,1 KM,0.0,0.0,0,0,0.0,0.0
Bengaluru City,Banasawadi Traffic PS,1.04432e+16,2016,1,1,Road Accidents,Culvert,City/Town,Narrow bridge or culverts,Human Error,No,Damage Only,Hit fixed object,No signal lights,Dip or trough,City or Town Road,Bitumen(Tar),Dry,Not Applicable,Fine,OUTER RING ROAD,NEAR HORAMAVUUNDERPASS,1 KM,0.0,0.0,0,0,0.0,0.0
Bengaluru City,Banasawadi Traffic PS,1.04432e+16,2016,1,2,Road Accidents,Cross roads,City/Town,Residential area,Human Error,Yes,Damage Only,Head on,Not Applicable,Curve,City or Town Road,Bitumen(Tar),Dry,Not Applicable,Fine,"1 ST BLOCK, HRBR LAYOUT",NEAR GANESHA TEMPLE,1 KM,0.0,0.0,0,0,0.0,0.0
Bengaluru City,Banasawadi Traffic PS,1.04432e+16,2016,1,1,Not Applicable,Other,City/Town,Near Bus stop,Not Applicable,Not Applicable,Grievous Injury,Others,Police / Manual,Others,City or Town Road,Bitumen(Tar),Dry,Not Applicable,Clear,NO,NEAR BUS HENNURU BUS STOP,3.5 KM,0.0,0.0,0,0,0.0,0.0
Bengaluru City,Banasawadi Traffic PS,1.04432e+16,2016,1,2,Not Applicable,Cross roads,City/Town,Open area,Not Applicable,No,Grievous Injury,Right Turn Collision,Police / Manual,Others,City or Town Road,Bitumen(Tar),Dry,Not Applicable,Clear,NO,MUKTHI NAGRA MAIN ROAD,4.5 KM,0.0,0.0,0,0,0.0,0.0
Bengaluru City,Banasawadi Traffic PS,1.04432e+16,2016,1,1,Road Accidents,More than four arms,City/Town,Near a religious place,Human Error,Yes,Fatal,Head on,Police / Manual,Straight and flat,City or Town Road,Bitumen(Tar),Dry,Not Applicable,Fine,babusabpalya,tree,10 mer,0.0,0.0,0,0,0.0,0.0
Bengaluru City,Banasawadi Traffic PS,1.04432e+16,2016,1,2,Road Accidents,More than four arms,City/Town,Residential area,Human Error,No,Grievous Injury,Head on,Not at  Junction,Straight and flat,City or Town Road,Bitumen(Tar),Dry,Not Applicable,Fine,KALYA NAGAR,ELECTRIC POLE,15 MTR,0.0,0.0,0,0,0.0,0.0
Bengaluru City,Banasawadi Traffic PS,1.04432e+16,2016,1,1,Road Accidents,Junction,City/Town,Open area,Human Error,Yes,Grievous Injury,Hit and Run,Police / Manual,Straight and flat,City or Town Road,Bitumen(Tar),Dry,Not Applicable,Fine,HORAMAVU MAIN ROAD,FOOTPATH,10 FT,0.0,0.0,0,0,0.0,0.0
Bengaluru City,Banasawadi Traffic PS,1.04432e+16,2016,1,2,Road Accidents,T Junction,City/Town,Near office complex,Human Error,Yes,Damage Only,Right Turn Collision,No signal lights,Others,City or Town Road,Bitumen(Tar),Dry,Not Applicable,Fine,80 FEET ROAD,NEAR BANASAWADI CLUB,1 KM,0.0,0.0,0,0,0.0,0.0
Bengaluru City,Banasawadi Traffic PS,1.04432e+16,2016,1,1,Not Applicable,Other,City/Town,At pedestrian Crossing,Not Applicable,No,Grievous Injury,Hit pedestrian,Police / Manual,Others,City or Town Road,Bitumen(Tar),Dry,Not Applicable,Clear,NO,NEAR BUS STOP,5.5 KM,0.0,0.0,0,0,0.0,0.0
Bengaluru City,Banasawadi Traffic PS,1.04432e+16,2017,1,1,Road Accidents,Cross roads,City/Town,Residential area,Human Error,No,Grievous Injury,Hit pedestrian,No signal lights,Others,City or Town Road,Bitumen(Tar),Dry,Not Applicable,Cloudy,OIL MILL ROAD,NEAR PARK,100 MT,0.0,0.0,0,0,0.0,0.0
Bengaluru City,Banasawadi Traffic PS,1.04432e+16,2017,1,2,Not Applicable,Junction,City/Town,Near Petrol Pump,Human Error,Not Applicable,Grievous Injury,Hit parked vehicle,Police / Manual,Straight and flat,City or Town Road,Bitumen(Tar),Dry,Not Applicable,Fine,OPP TO PETORL BUNK  THANISANDRA MAIN ROAD,OPP TO NATIONAL GYPSEM PLASTER,30FEET,0.0,0.0,0,0,0.0,0.0
Bengaluru City,Banasawadi Traffic PS,1.04432e+16,2017,1,2,Road Accidents,Narrow road,City/Town,Near office complex,Human Error,No,Simple Injury,Head on,No signal lights,Straight and flat,City or Town Road,Bitumen(Tar),Ditch or Potholed,Construction Work / Material,Very Cold,"80 FEET ROAD, KALYANANAGR",OPP TO SRINIDHI HOTEL,50 MTR,0.0,0.0,2,5,0.0,7.0
Bengaluru City,Banasawadi Traffic PS,1.04432e+16,2017,1,1,Road Accidents,Bridge,City/Town,Near Bus stop,Not Applicable,No,Damage Only,Skidding or Self accident,Uncontrolled,Straight and flat,City or Town Road,Bitumen(Tar),Dry,Not Applicable,Fine,Babusaplya Fly Over Ring Road,Electric Pol,20F,0.0,0.0,0,0,0.0,0.0
Bengaluru City,Banasawadi Traffic PS,1.04432e+16,2017,1,2,Road Accidents,Narrow road,City/Town,Near Bus stop,Human Error,Yes,Grievous Injury,Hit and Run,Controlled,Others,Two way,Bitumen(Tar),Dry,Not Applicable,Cloudy,THANISANDRA MAIN ROAD,NEAR BUS STOP,100,0.0,0.0,0,0,0.0,0.0
Bengaluru City,Banasawadi Traffic PS,1.04432e+16,2017,1,1,Road Accidents,Other,City/Town,Near office complex,Human Error,No,Fatal,Hit pedestrian,Not Applicable,Not Applicable,Others,Bitumen(Tar),Dry,Not Applicable,Fine,"OUTER RING ROAD, OPP TO BDA PARK, HENNUR",OPP TO BDA PARK,100,0.0,0.0,0,0,0.0,0.0
Bengaluru City,Banasawadi Traffic PS,1.04432e+16,2017,1,2,Road Accidents,Narrow road,City/Town,Near office complex,Human Error,No,Grievous Injury,Overturning,Not at  Junction,Dip or trough,City or Town Road,Bitumen(Tar),Ditch or Potholed,Pot holed,Fine,"SERVICE ROAD, KALYANANAGAR",NEAR CHROMA SHOWROOM,1 KM,0.0,0.0,5,5,0.0,10.0
Bengaluru City,Banasawadi Traffic PS,1.04432e+16,2017,1,1,Road Accidents,Cross roads,City/Town,Near Bus stop,Not Applicable,No,Grievous Injury,Hit pedestrian,Uncontrolled,Others,City or Town Road,Bitumen(Tar),Dry,Not Applicable,Fine,Hennuru Bande Bus Stop Hennuru-Bagaluru Main Road,Elecrtic Pol,5Km,0.0,0.0,0,0,0.0,0.0
Bengaluru City,Banasawadi Traffic PS,1.04432e+16,2017,1,1,Road Accidents,Junction,City/Town,Near Bus stop,Human Error,Yes,Simple Injury,Hit pedestrian,Police / Manual,Straight and flat,Two way,Bitumen(Tar),Dry,Not Applicable,Fine,OPP CHROMA SHOWROOM,Electric pol,10 FT,0.0,0.0,0,0,0.0,0.0
Bengaluru City,Banasawadi Traffic PS,1.04432e+16,2017,1,2,Road Accidents,Bridge,City/Town,Residential area,Not Applicable,No,Grievous Injury,Rear end,Uncontrolled,Straight and flat,City or Town Road,Bitumen(Tar),Dry,Not Applicable,Fine,Near Pai Shoroom opp Gold Zim Kalyanagar Saravice Road,Electric pol,28F,0.0,0.0,0,0,0.0,0.0
Bengaluru City,Banasawadi Traffic PS,1.04432e+16,2017,1,1,Road Accidents,Cross roads,City/Town,Residential area,Not Applicable,No,Grievous Injury,Hit pedestrian,Uncontrolled,Straight and flat,City or Town Road,Bitumen(Tar),Dry,Not Applicable,Fine,Opp Yash Classic Enclive Hennuru Cross,Shine Bord,12f,0.0,0.0,0,0,0.0,0.0
Bengaluru City,Banasawadi Traffic PS,1.04432e+16,2017,1,2,Road Accidents,Bridge,City/Town,Near Bus stop,Not Applicable,No,Grievous Injury,Rear end,Uncontrolled,Straight and flat,City or Town Road,Bitumen(Tar),Dry,Not Applicable,Fine,On Kalyanagar Fly Over Outer Ring Road,Electric pol,10F,0.0,0.0,0,0,0.0,0.0
Bengaluru City,Banasawadi Traffic PS,1.04432e+16,2017,1,2,Not Applicable,Junction,City/Town,Open area,Not Applicable,No,Grievous Injury,Not Applicable,Police / Manual,Others,City or Town Road,Bitumen(Tar),Dry,Not Applicable,Clear,NO,NEAR BIG BAZAR,1.5 KM,0.0,0.0,0,0,0.0,0.0
Bengaluru City,Banasawadi Traffic PS,1.04432e+16,2017,1,2,Road Accidents,Culvert,City/Town,Narrow bridge or culverts,Vehicle Defect,Yes,Grievous Injury,Hit fixed object,Signal lights Blinking,Curve and Incline,City or Town Road,Bitumen(Tar),Dry,Not Applicable,Fine,"OUTER RING ROAD, KEN JUNCTION",NEAR KEB OFFICE,100,0.0,0.0,0,0,0.0,0.0
Bengaluru City,Banasawadi Traffic PS,1.04432e+16,2017,1,2,Road Accidents,Narrow road,City/Town,Near a recreation place/cinema,Human Error,Yes,Grievous Injury,Hit and Run,Not Applicable,Dip or trough,City or Town Road,Bitumen(Tar),Ditch or Potholed,Construction Work / Material,Cloudy,BANASAWADI MAIN ROAD,NEAR ORIEN MALL,1 KM,0.0,0.0,2,5,0.0,7.0
Bengaluru City,Banasawadi Traffic PS,1.04432e+16,2017,1,1,Road Accidents,Curves,City/Town,At pedestrian Crossing,Human Error,No,Grievous Injury,Hit pedestrian,No signal lights,Curve,City or Town Road,Bitumen(Tar),Dry,Not Applicable,Cloudy,HENNR MAIN ROAD,NEAR VIJAYALAKSHMI HOSPITAL,1 KM,0.0,0.0,0,0,0.0,0.0
Bengaluru City,Banasawadi Traffic PS,1.04432e+16,2017,1,2,Road Accidents,Other,City/Town,Residential area,Not Applicable,No,Grievous Injury,Rear end,Uncontrolled,Straight and flat,City or Town Road,Bitumen(Tar),Dry,Not Applicable,Fine,Opp Asram Geddalahalli Hennuru Main Road,Electric Pol,30f,0.0,0.0,0,0,0.0,0.0
Bengaluru City,Banasawadi Traffic PS,1.04432e+16,2017,1,2,Road Accidents,Bridge,City/Town,Near office complex,Not Applicable,Yes,Grievous Injury,Hit and Run,Uncontrolled,Straight and flat,City or Town Road,Bitumen(Tar),Dry,Not Applicable,Fine,Near petrol Bunk Kamanahalli Sirvics Road,electric Pol,12F,0.0,0.0,0,0,0.0,0.0
Bengaluru City,Banasawadi Traffic PS,1.04432e+16,2017,1,1,Road Accidents,Other,City/Town,Residential area,Not Applicable,No,Grievous Injury,Hit pedestrian,Uncontrolled,Straight and flat,City or Town Road,Bitumen(Tar),Dry,Not Applicable,Fine,9th Main Banasawadi,ElectricPol,5Feet,0.0,0.0,0,0,0.0,0.0
Bengaluru City,Banasawadi Traffic PS,1.04432e+16,2017,1,2,Road Accidents,Circle,City/Town,Near Bus stop,Not Applicable,No,Damage Only,Hit and Run,Controlled,Straight and flat,City or Town Road,Bitumen(Tar),Dry,Not Applicable,Fine,Nagavar singal Outer Ring Road,Ola Office,25F,0.0,0.0,0,0,0.0,0.0
Bengaluru City,Banasawadi Traffic PS,1.04432e+16,2017,1,1,Road Accidents,Bridge,City/Town,Near Bus stop,Human Error,Not Applicable,Fatal,Hit pedestrian,No signal lights,Not Applicable,Others,Bitumen(Tar),Dry,Not Applicable,Fine,"OUTER RING ROAD, KALYANANAGAR",OPP TO KLAY PEP SCHOOL,100,0.0,0.0,0,0,0.0,0.0
Bengaluru City,Banasawadi Traffic PS,1.04432e+16,2017,1,1,Not Applicable,Junction,City/Town,At pedestrian Crossing,Not Applicable,Yes,Grievous Injury,Hit pedestrian,Police / Manual,Others,City or Town Road,Bitumen(Tar),Dry,Not Applicable,Clear,NO,NEAR NAGAWAR SIGNAL,4.5 KM,0.0,0.0,0,0,0.0,0.0
Bengaluru City,Banasawadi Traffic PS,1.04432e+16,2017,1,2,Road Accidents,Culvert,City/Town,Narrow bridge or culverts,Human Error,No,Damage Only,Hit parked vehicle,Not at  Junction,Not Applicable,City or Town Road,Bitumen(Tar),Dry,Not Applicable,Fine,THANISANDRA MAIN ROAD,NEAR RAILWAY BRIDGE,100 MT,0.0,0.0,0,0,0.0,0.0
Bengaluru City,Banasawadi Traffic PS,1.04432e+16,2017,1,1,Road Accidents,Bottleneck,City/Town,Near Petrol Pump,Human Error,No,Fatal,Hit pedestrian,Not Applicable,Dip or trough,City or Town Road,Bitumen(Tar),Dry,Not Applicable,Fine,"80 FEET ROAD, KALYANANAGAR",NEAR PETROL BUNK,0.5 KM,0.0,0.0,0,0,0.0,0.0
Bengaluru City,Banasawadi Traffic PS,1.04432e+16,2017,1,2,Road Accidents,Curves,City/Town,Near Bus stop,Road Environment Defect,Yes,Fatal,Overturning,Controlled,Curve,City or Town Road,Bitumen(Tar),Ditch or Potholed,Construction Work / Material,Fine,"OUTER RING ROAD, SERVICE ROAD",NEAR KALYANANAGAR DEPO,0.5 KM,0.0,0.0,2,5,0.0,7.0
Bengaluru City,Banasawadi Traffic PS,1.04432e+16,2017,1,2,Not Applicable,Cross roads,City/Town,Near a recreation place/cinema,Human Error,Yes,Grievous Injury,Hit and Run,Police / Manual,Straight and flat,City or Town Road,Bitumen(Tar),Dry,Not Applicable,Cloudy,NEAR EMPIRE HOTEL RS PALYA KAMMANAHALLI MAIN ROAD,CLLASIC FAST FOOD,30 FT,0.0,0.0,0,0,0.0,0.0
Bengaluru City,Banasawadi Traffic PS,1.04432e+16,2017,1,1,Road Accidents,Bottleneck,City/Town,Near Petrol Pump,Human Error,No,Grievous Injury,Skidding or Self accident,Not at  Junction,Dip or trough,City or Town Road,Bitumen(Tar),Ditch or Potholed,Not Applicable,Fine,BANASAWADI MAIN ROAD,NEAR JAIBHARATHNAGAR PETROL BUNK,1 KM,0.0,0.0,0,5,0.0,5.0
Bengaluru City,Banasawadi Traffic PS,1.04432e+16,2017,1,2,Road Accidents,Bridge,City/Town,Near Hospital,Not Applicable,No,Grievous Injury,Rear end,Uncontrolled,Straight and flat,City or Town Road,Bitumen(Tar),Dry,Not Applicable,Fine,Near Kamanahalli Sky walk outer ring Road,Electricpol,40F,0.0,0.0,0,0,0.0,0.0
Bengaluru City,Banasawadi Traffic PS,1.04432e+16,2017,1,1,Road Accidents,T Junction,City/Town,Near Bus stop,Human Error,No,Fatal,Hit pedestrian,Signal lights Automatic,Not Applicable,City or Town Road,Bitumen(Tar),Dry,Not Applicable,Fine,HENNUR MAIN ROAD,NEAR JYOTHI SCHOOL,0.5 KM,0.0,0.0,0,0,0.0,0.0
Bengaluru City,Banasawadi Traffic PS,1.04432e+16,2017,1,2,Road Accidents,Curves,City/Town,Residential area,Human Error,No,Fatal,Hit fixed object,Not Applicable,Curve and Incline,City or Town Road,Bitumen(Tar),Dry,Not Applicable,Fine,"TANK BUND ROAD, JANAKIRAM LAYOUT",NEAR KHB QTRS,0.5 KM,13.008571,77.632392,0,0,0.0,0.0
Bengaluru City,Banasawadi Traffic PS,1.04432e+16,2017,1,1,Road Accidents,Bridge,City/Town,Near Hospital,Not Applicable,No,Grievous Injury,Hit pedestrian,Uncontrolled,Straight and flat,City or Town Road,Bitumen(Tar),Dry,Not Applicable,Fine,Opp Dental clinic M.S.Nagar Banasawadi Main Road,Electric pol,5F,0.0,0.0,0,0,0.0,0.0
Bengaluru City,Banasawadi Traffic PS,1.04432e+16,2017,1,1,Road Accidents,Bridge,City/Town,Near Bus stop,Human Error,No,Fatal,Hit pedestrian,No signal lights,Others,Others,Bitumen(Tar),Dry,Not Applicable,Cloudy,"OUTER RING ROAD, KALYANANAGAR",OPP TO CHROMA SHOWROOM,100,0.0,0.0,0,0,0.0,0.0
Bengaluru City,Banasawadi Traffic PS,1.04432e+16,2017,1,2,Road Accidents,Junction,City/Town,Residential area,Human Error,No,Grievous Injury,Head on,Not Applicable,Others,Two way,Bitumen(Tar),Dry,Not Applicable,Fine,"2 ND H CROSS, KALYANANAGAR",NEAR BANASAWADI TRAFFIC POLICE STATION,100,0.0,0.0,0,0,0.0,0.0
Bengaluru City,Banasawadi Traffic PS,1.04432e+16,2017,1,2,Not Applicable,Junction,City/Town,Near Bus stop,Human Error,Yes,Simple Injury,Hit and Run,Police / Manual,Straight and flat,City or Town Road,Bitumen(Tar),Dry,Not Applicable,Fine,"HENNUR BAGHLOUR ROAD, NERA GEDDALAHALLI",BUS STOP,30FT,0.0,0.0,0,0,0.0,0.0
Bengaluru City,Banasawadi Traffic PS,1.04432e+16,2017,1,2,Road Accidents,Narrow road,City/Town,Near office complex,Human Error,Yes,Fatal,Hit and Run,Not at  Junction,Not Applicable,City or Town Road,Bitumen(Tar),Dry,Not Applicable,Cloudy,"OUTER RING ROAD, HENNUR",OPP TO BHEEMA JEWELLERS,100,0.0,0.0,0,0,0.0,0.0
Bengaluru City,Banasawadi Traffic PS,1.04432e+16,2017,1,1,Road Accidents,Narrow road,City/Town,Narrow bridge or culverts,Human Error,Yes,Fatal,Hit pedestrian,No signal lights,Curve,City or Town Road,Bitumen(Tar),Dry,Not Applicable,Cloudy,HENNUR MAIN ROAD,NEAR MANTHRI SPLENDOUR APARTMENT,1 KM,0.0,0.0,0,0,0.0,0.0
Bengaluru City,Banasawadi Traffic PS,1.04432e+16,2017,1,2,Road Accidents,Culvert,City/Town,Near Hospital,Human Error,Yes,Damage Only,Head on,No signal lights,Dip or trough,City or Town Road,Bitumen(Tar),Dry,Not Applicable,Fine,HENNUR MAIN ROAD,NEAR INDIAN ACADEMY COLLEGE,1 KM,0.0,0.0,0,0,0.0,0.0
Bengaluru City,Banasawadi Traffic PS,1.04432e+16,2017,1,1,Road Accidents,Narrow road,City/Town,Near Bus stop,Human Error,No,Fatal,Hit pedestrian,Not at  Junction,Not Applicable,City or Town Road,Bitumen(Tar),Dry,Not Applicable,Cloudy,OUTER RING ROAD,near bheema jewellers,0.5 km,0.0,0.0,0,0,0.0,0.0
Bengaluru City,Banasawadi Traffic PS,1.04432e+16,2017,1,1,Road Accidents,Other,City/Town,Residential area,Not Applicable,Yes,Grievous Injury,Hit and Run,Uncontrolled,Straight and flat,City or Town Road,Bitumen(Tar),Dry,Not Applicable,Fine,"No.332,5th Cross Vinayaka Nagar Main Road New Geddalahalli",Electric Pol,10F,0.0,0.0,0,0,0.0,0.0
Bengaluru City,Banasawadi Traffic PS,1.04432e+16,2017,1,1,Road Accidents,Other,City/Town,In bazaar,Not Applicable,Yes,Simple Injury,Hit and Run,Uncontrolled,Straight and flat,City or Town Road,Bitumen(Tar),Dry,Not Applicable,Fine,Near Eliment Mall Thanisandra Main Road,Electricpol,5F,0.0,0.0,0,0,0.0,0.0
Bengaluru City,Banasawadi Traffic PS,1.04432e+16,2017,1,1,Not Applicable,Bottleneck,City/Town,Narrow bridge or culverts,Human Error,Yes,Grievous Injury,Hit and Run,Police / Manual,Straight and flat,City or Town Road,Bitumen(Tar),Dry,Not Applicable,Fine,"OPP TO METRO BAR, M S NAGAR, BANASAWADI MAIN ROAD",OPP TO METRO BAR,3O FT,0.0,0.0,0,0,0.0,0.0
Bengaluru City,Banasawadi Traffic PS,1.04432e+16,2017,1,2,Road Accidents,Narrow road,City/Town,Near office complex,Human Error,No,Grievous Injury,Head on,Not at  Junction,Dip or trough,City or Town Road,Bitumen(Tar),Dry,Not Applicable,Fine,HENNUR MAIN ROAD,NEAR D MART,1 KM,0.0,0.0,0,0,0.0,0.0
Bengaluru City,Banasawadi Traffic PS,1.04432e+16,2017,1,3,Road Accidents,Narrow road,City/Town,Near Bus stop,Human Error,Yes,Fatal,Run Off Road,Not Applicable,Incline,City or Town Road,Bitumen(Tar),Muddy,Drainage Ditch,Fine,THANISANDRA MAIN ROAD,NEAR BUS STOP,0.5 KM,77.631884,13.054136,4,4,0.0,8.0
Bengaluru City,Banasawadi Traffic PS,1.04432e+16,2017,1,1,Road Accidents,Other,City/Town,Near Petrol Pump,Not Applicable,No,Grievous Injury,Hit pedestrian,Uncontrolled,Straight and flat,City or Town Road,Bitumen(Tar),Dry,Not Applicable,Fine,opp petrol Bunk Banasawadi Main road,Electricpol,8F,0.0,0.0,0,0,0.0,0.0
Bengaluru City,Banasawadi Traffic PS,1.04432e+16,2017,1,1,Not Applicable,Other,City/Town,Near Bus stop,Not Applicable,No,Simple Injury,Hit pedestrian,Police / Manual,Others,City or Town Road,Bitumen(Tar),Dry,Not Applicable,Clear,NO,NEAR NEHRU HOTAL,1.5 KM,0.0,0.0,0,0,0.0,0.0
Bengaluru City,Banasawadi Traffic PS,1.04432e+16,2017,1,2,Not Applicable,Junction,City/Town,Near School or College,Human Error,Not Applicable,Simple Injury,Others,Police / Manual,Straight and flat,City or Town Road,Bitumen(Tar),Dry,Not Applicable,Fine,"OPP TO ST.MICHEL SCHOOL HENNUR MAIN ROAD, GEDDALAHALLI",OPP TO ST MICHIL SCHOOL,30 FT,0.0,0.0,0,0,0.0,0.0
Bengaluru City,Banasawadi Traffic PS,1.04432e+16,2017,1,1,Road Accidents,Bridge,City/Town,Narrow bridge or culverts,Human Error,Yes,Grievous Injury,Hit pedestrian,Signal lights Automatic,Not Applicable,Service Road,Bitumen(Tar),Dry,Not Applicable,Clear,"SERVICE ROAD, HORAMAVU",NEAR SRIDEVI HOTEL,1,0.0,0.0,0,0,0.0,0.0
Bengaluru City,Banasawadi Traffic PS,1.04432e+16,2017,1,2,Road Accidents,Other,City/Town,Near Bus stop,Human Error,No,Grievous Injury,Overturning,No signal lights,Not Applicable,City or Town Road,Bitumen(Tar),Dry,Not Applicable,Clear,"HENNUR MAIN ROAD, NEAR K NARAYANAPURA CROSS",NAER K NARAYANAPURA CROSS,1 KM,0.0,0.0,0,0,0.0,0.0
Bengaluru City,Banasawadi Traffic PS,1.04432e+16,2017,1,2,Road Accidents,Culvert,City/Town,Narrow bridge or culverts,Human Error,No,Grievous Injury,Overturning,Not at  Junction,Not Applicable,City or Town Road,Bitumen(Tar),Dry,Not Applicable,Fine,"THANISANDRA MAIN ROAD, NEAR RAILWAY BRIDGE",NEAR RAILWAY BRIDGE,1 KM,0.0,0.0,0,0,0.0,0.0
Bengaluru City,Banasawadi Traffic PS,1.04432e+16,2017,1,1,Road Accidents,Circle,City/Town,In bazaar,Not Applicable,No,Grievous Injury,Hit pedestrian,Uncontrolled,Straight and flat,City or Town Road,Bitumen(Tar),Dry,Not Applicable,Fine,Opp ICICI Bank Kamanahalli Main Road,Electricpol,10F,0.0,0.0,0,0,0.0,0.0
Bengaluru City,Banasawadi Traffic PS,1.04432e+16,2017,1,1,Road Accidents,Other,City/Town,Near Bus stop,Not Applicable,No,Fatal,Others,Police / Manual,Not Applicable,City or Town Road,Bitumen(Tar),Dry,Not Applicable,Clear,NO,NEAR GEDDLAHALLI BUS STOP,3.5KM,13.048648,77.645404,0,0,0.0,0.0
Bengaluru City,Banasawadi Traffic PS,1.04432e+16,2017,1,1,Road Accidents,Circle,City/Town,Residential area,Not Applicable,No,Grievous Injury,Hit pedestrian,Uncontrolled,Others,City or Town Road,Bitumen(Tar),Dry,Not Applicable,Fine,Near Kulappa Circle Neharu Main Road,Electricpol,28F,0.0,0.0,0,0,0.0,0.0
Bengaluru City,Banasawadi Traffic PS,1.04432e+16,2017,1,2,Road Accidents,Bridge,City/Town,Near Bus stop,Not Applicable,Yes,Simple Injury,Hit and Run,Uncontrolled,Straight and flat,City or Town Road,Bitumen(Tar),Dry,Not Applicable,Fine,Near Hennuru Under Pass Ring Road,Electric Pol,5f,0.0,0.0,0,0,0.0,0.0
Bengaluru City,Banasawadi Traffic PS,1.04432e+16,2017,1,2,Road Accidents,Bridge,City/Town,Near Bus stop,Not Applicable,No,Grievous Injury,Hit parked vehicle,Uncontrolled,Straight and flat,City or Town Road,Bitumen(Tar),Dry,No influence on accident,Fine,Hennuru Bus Stop Ring Road,Electricpol,40 F,0.0,0.0,0,0,0.0,0.0
Bengaluru City,Banasawadi Traffic PS,1.04432e+16,2017,1,1,Road Accidents,Bridge,City/Town,Near Hospital,Not Applicable,No,Grievous Injury,Hit pedestrian,Uncontrolled,Straight and flat,City or Town Road,Bitumen(Tar),Dry,Not Applicable,Fine,Babusapalya outer Ring Road,Shain Board,40F,0.0,0.0,0,0,0.0,0.0
Bengaluru City,Banasawadi Traffic PS,1.04432e+16,2017,1,2,Road Accidents,Circle,City/Town,Near Bus stop,Not Applicable,No,Grievous Injury,Rear end,Controlled,Straight and flat,City or Town Road,Bitumen(Tar),Dry,Not Applicable,Fine,Hennuru Singanal,Electric pol,5f,0.0,0.0,0,0,0.0,0.0
Bengaluru City,Banasawadi Traffic PS,1.04432e+16,2017,1,2,Road Accidents,Other,City/Town,Residential area,Not Applicable,No,Grievous Injury,Rear end,Uncontrolled,Straight and flat,City or Town Road,Bitumen(Tar),Dry,Not Applicable,Fine,Opp Axis Bank CMR Road,ElectricPol,10F,0.0,0.0,0,0,0.0,0.0