DISTRICTNAME,UNITNAME,Crime_No,Year,RI,Noofvehicle_involved,Accident_Classification,Accident_Spot,Accident_Location,Accident_SubLocation,Main_Cause,Hit_Run,Severity,Collision_Type,Junction_Control,Road_Character,Road_Type,Surface_Type,Surface_Condition,Road_Condition,Weather,Accident_Road,Landmark_first,Distance_LandMark_First,Latitude,Longitude,Road_Condition_Score,Surface_Condition_Score,Surface_Type_Score,Road_Risk_Index
Bengaluru City,Banasawadi Traffic PS,1.04432e+16,2017,1,1,Not Applicable,Other,City/Town,At pedestrian Crossing,Not Applicable,No,Grievous Injury,Hit pedestrian,Police / Manual,Not Applicable,City or Town Road,Bitumen(Tar),Dry,Not Applicable,Clear,NO,NEAR,4.5 KM,0.0,0.0,0,0,0.0,0.0
Bengaluru City,Banasawadi Traffic PS,1.04432e+16,2017,1,1,Road Accidents,Not Applicable,City/Town,Near Hospital,Human Error,Yes,Fatal,Hit and Run,No signal lights,Others,Two way,Bitumen(Tar),Dry,Not Applicable,Cloudy,"ASHWATHNAGAR, THANISANDRA MAIN ROAD",OPP TO EYE PLUS OPTICIANS,100,0.0,0.0,0,0,0.0,0.0
Bengaluru City,Banasawadi Traffic PS,1.04432e+16,2017,1,2,Not Applicable,Junction,City/Town,Near Bus stop,Human Error,No,Grievous Injury,Others,Police / Manual,Straight and flat,City or Town Road,Bitumen(Tar),Dry,Not Applicable,Fine,"NEAR DODDABANASAWADI BUS STOP, BANASAWADI MAIN ROAD",BUS STOP,15FT,0.0,0.0,0,0,0.0,0.0
Bengaluru City,Banasawadi Traffic PS,1.04432e+16,2017,1,2,Road Accidents,Narrow road,City/Town,Near or inside a village,Human Error,No,Grievous Injury,Head on,No signal lights,Not Applicable,City or Town Road,Bitumen(Tar),Dry,Not Applicable,Fine,"NEHRU ROAD, KAMMANAHALLI",NEAR PARAMESWARI TRADERS,1 KM,0.0,0.0,0,0,0.0,0.0
Bengaluru City,Banasawadi Traffic PS,1.04432e+16,2017,1,1,Road Accidents,Other,City/Town,Near Bus stop,Not Applicable,No,Grievous Injury,Rear end,Uncontrolled,Straight and flat,City or Town Road,Bitumen(Tar),Dry,Not Applicable,Fine,Near Shanimahatma Tempal Thanisandra Main Raod,Electric Pol,28F,0.0,0.0,0,0,0.0,0.0
Bengaluru City,Banasawadi Traffic PS,1.04432e+16,2017,1,1,Road Accidents,Other,City/Town,Residential area,Not Applicable,No,Grievous Injury,Hit pedestrian,Uncontrolled,Straight and flat,Two way,Bitumen(Tar),Dry,Not Applicable,Fine,Hennuru Gundu Thop,Electric Pol,5F,0.0,0.0,0,0,0.0,0.0
Bengaluru City,Banasawadi Traffic PS,1.04432e+16,2017,1,1,Road Accidents,Cross roads,City/Town,In bazaar,Not Applicable,No,Grievous Injury,Hit pedestrian,Uncontrolled,Straight and flat,City or Town Road,Bitumen(Tar),Dry,Not Applicable,Fine,"Opp Buket biriyani,5yh Main Kalyan Nagar",Electricpol,10F,0.0,0.0,0,0,0.0,0.0
Bengaluru City,Banasawadi Traffic PS,1.04432e+16,2017,1,2,Road Accidents,Bridge,City/Town,Near office complex,Not Applicable,No,Damage Only,Overturning,Uncontrolled,Others,City or Town Road,Bitumen(Tar),Dry,Not Applicable,Fine,Near Nagavara Fly Over Outer ring Raod,Electricpol,5F,0.0,0.0,0,0,0.0,0.0
Bengaluru City,Banasawadi Traffic PS,1.04432e+16,2017,1,2,Road Accidents,Junction,City/Town,Residential area,Human Error,No,Grievous Injury,Head on,No signal lights,Not Applicable,Two way,Bitumen(Tar),Dry,Not Applicable,Fine,CMR ROAD,NEAR COFFEE DAY,100,0.0,0.0,0,0,0.0,0.0
Bengaluru City,Banasawadi Traffic PS,1.04432e+16,2017,1,2,Road Accidents,Culvert,City/Town,Narrow bridge or culverts,Human Error,Yes,Fatal,Hit and Run,No signal lights,Curve and Incline,City or Town Road,Bitumen(Tar),Dry,Not Applicable,Fine,"OUTER RING ROAD, HENNUR",NEAR UNDERPASS HENNUR,100,0.0,0.0,0,0,0.0,0.0
Bengaluru City,Banasawadi Traffic PS,1.04432e+16,2017,1,1,Road Accidents,Bridge,City/Town,Narrow bridge or culverts,Human Error,Yes,Fatal,Hit and Run,Not Applicable,Not Applicable,City or Town Road,Bitumen(Tar),Dry,Not Applicable,Cloudy,"HENNURMAIN ROAD, ABOVE LINGARAJAPURAM FLYOVER",OPP TO ABHINAYA BAKERY,100,0.0,0.0,0,0,0.0,0.0
Bengaluru City,Banasawadi Traffic PS,1.04432e+16,2017,1,1,Road Accidents,Narrow road,City/Town,Near Bus stop,Human Error,No,Simple Injury,Hit pedestrian,No signal lights,Curve,City or Town Road,Bitumen(Tar),Dry,Not Applicable,Clear,CHELLIKERE MAIN ROAD,NEAR BUS STOP,1 KM,0.0,0.0,0,0,0.0,0.0
Bengaluru City,Banasawadi Traffic PS,1.04432e+16,2017,1,3,Road Accidents,Bridge,City/Town,Near Hospital,Not Applicable,No,Damage Only,Rear end,Uncontrolled,Straight and flat,City or Town Road,Bitumen(Tar),Dry,Not Applicable,Fine,Opp NawShakthi netralaya Ring Road,Electric Pol,18F,0.0,0.0,0,0,0.0,0.0
Bengaluru City,Banasawadi Traffic PS,1.04432e+16,2017,1,1,Road Accidents,Circle,City/Town,Residential area,Not Applicable,Yes,Grievous Injury,Hit and Run,Uncontrolled,Curve,City or Town Road,Bitumen(Tar),Dry,Not Applicable,Fine,Kullappa Circle Kamanahalli,Electric Pol,18F,0.0,0.0,0,0,0.0,0.0
Bengaluru City,Banasawadi Traffic PS,1.04432e+16,2017,1,2,Road Accidents,Other,City/Town,Residential area,Not Applicable,No,Damage Only,Right Turn Collision,Uncontrolled,Straight and flat,City or Town Road,Bitumen(Tar),Dry,Not Applicable,Fine,8th Main 1st BLK HRBR Layout,ElectricPol,10F,0.0,0.0,0,0,0.0,0.0
Bengaluru City,Banasawadi Traffic PS,1.04432e+16,2017,1,1,Road Accidents,Cross roads,City/Town,At pedestrian Crossing,Not Applicable,Not Applicable,Grievous Injury,Hit pedestrian,Police / Manual,Others,City or Town Road,Bitumen(Tar),Dry,Not Applicable,Clear,RAIL UNDER PASS,NAER BANASAWADI NEAR RAILWAY UNDER PASS,2.5 KM,0.0,0.0,0,0,0.0,0.0
Bengaluru City,Banasawadi Traffic PS,1.04432e+16,2017,1,2,Road Accidents,Other,City/Town,In bazaar,Not Applicable,No,Grievous Injury,Head on,Uncontrolled,Others,City or Town Road,Bitumen(Tar),Dry,Not Applicable,Fine,Opp Bigg Chikanna Shop Kamanahalli Main Road,Electric pol,30F,0.0,0.0,0,0,0.0,0.0
Bengaluru City,Banasawadi Traffic PS,1.04432e+16,2017,1,1,Road Accidents,T Junction,City/Town,Near Hospital,Human Error,Yes,Simple Injury,Hit pedestrian,No signal lights,Not Applicable,City or Town Road,Bitumen(Tar),Dry,Not Applicable,Fine,"80 FEET ROAD, KALYANANAGAR",NEAR SPECIALIST HOSPITAL,0.5 KM,0.0,0.0,0,0,0.0,0.0
Bengaluru City,Banasawadi Traffic PS,1.04432e+16,2017,1,1,Road Accidents,Bridge,City/Town,Near Bus stop,Human Error,Yes,Fatal,Hit and Run,Not Applicable,Not Applicable,City or Town Road,Bitumen(Tar),Dry,Not Applicable,Cloudy,OUTER RING ROAD,NEAR BMTC BUS STOP,0.5 KM,0.0,0.0,0,0,0.0,0.0
Bengaluru City,Banasawadi Traffic PS,1.04432e+16,2017,1,3,Not Applicable,Junction,City/Town,Open area,Human Error,Not Applicable,Damage Only,Others,Police / Manual,Straight and flat,City or Town Road,Bitumen(Tar),Dry,Not Applicable,Fine,"BABUSAB PALYA, OUTER RING ROAD",ROAD DEVIATE R,2FEET,0.0,0.0,0,0,0.0,0.0
Bengaluru City,Banasawadi Traffic PS,1.04432e+16,2017,1,1,Road Accidents,Narrow road,City/Town,Near office complex,Human Error,No,Grievous Injury,Hit pedestrian,Not at  Junction,Others,City or Town Road,Bitumen(Tar),Dry,Not Applicable,Cloudy,"OUTER RING ROAD, HENNUR",OPP TO BHEEMA JEWELLERS,100,0.0,0.0,0,0,0.0,0.0
Bengaluru City,Banasawadi Traffic PS,1.04432e+16,2017,1,1,Road Accidents,Bridge,City/Town,Narrow bridge or culverts,Human Error,No,Simple Injury,Hit fixed object,No signal lights,Not Applicable,City or Town Road,Bitumen(Tar),Dry,Not Applicable,Cloudy,"OUTER RING ROAD, KALYANANAGAR FLYOVER",NEAR CHROMA SHOWROOM,1 KM,0.0,0.0,0,0,0.0,0.0
Bengaluru City,Banasawadi Traffic PS,1.04432e+16,2017,1,1,Road Accidents,Other,City/Town,Near School or College,Not Applicable,No,Grievous Injury,Hit pedestrian,Uncontrolled,Straight and flat,City or Town Road,Bitumen(Tar),Dry,Not Applicable,Fine,Opp Indian Acadamy Hennuru Cross,Electric Pol,12F,0.0,0.0,0,0,0.0,0.0
Bengaluru City,Banasawadi Traffic PS,1.04432e+16,2017,1,1,Road Accidents,Bridge,City/Town,Near Bus stop,Not Applicable,Yes,Grievous Injury,Hit and Run,Uncontrolled,Straight and flat,City or Town Road,Bitumen(Tar),Dry,Not Applicable,Fine,Kalyanagar,Electric Pol,42F,0.0,0.0,0,0,0.0,0.0
Bengaluru City,Banasawadi Traffic PS,1.04432e+16,2017,1,1,Road Accidents,Narrow road,City/Town,Near Bus stop,Human Error,Not Applicable,Fatal,Hit fixed object,No signal lights,Others,City or Town Road,Bitumen(Tar),Dry,Not Applicable,Fog / Mist,OUTER RING ROAD,near bheema jewellers,0.5 KM,0.0,0.0,0,0,0.0,0.0
Bengaluru City,Banasawadi Traffic PS,1.04432e+16,2017,1,2,Road Accidents,Other,City/Town,Near Bus stop,Not Applicable,No,Grievous Injury,Rear end,Uncontrolled,Straight and flat,City or Town Road,Bitumen(Tar),Dry,Not Applicable,Fine,Near Aswatha Nagar Bus Stop Thanisandra Main Road,Electric pol,8F,0.0,0.0,0,0,0.0,0.0
Bengaluru City,Banasawadi Traffic PS,1.04432e+16,2017,1,2,Road Accidents,Cross roads,City/Town,Near Petrol Pump,Not Applicable,No,Grievous Injury,Head on,Uncontrolled,Straight and flat,City or Town Road,Bitumen(Tar),Dry,Not Applicable,Fine,Near Bharath Petrol Bunk 80Feet road Kalyan Nagar,Tree,10F,0.0,0.0,0,0,0.0,0.0
Bengaluru City,Banasawadi Traffic PS,1.04432e+16,2017,1,2,Not Applicable,Junction,City/Town,In bazaar,Human Error,Not Applicable,Damage Only,Overturning,Police / Manual,Straight and flat,City or Town Road,Bitumen(Tar),Dry,Not Applicable,Fine,"OPP TO BALAGI STORE, 100 FEED ROAD, BANASAWADI",OPP TO BALAGI STORE,35FEET,0.0,0.0,0,0,0.0,0.0
Bengaluru City,Banasawadi Traffic PS,1.04432e+16,2017,1,2,Not Applicable,Bridge,City/Town,Near office complex,Human Error,Not Applicable,Damage Only,Others,Police / Manual,Straight and flat,City or Town Road,Bitumen(Tar),Dry,Not Applicable,Cloudy,"KEB JUNCTION, NAGAWARA FLYOVER, OURTER RING ROAD",NEAR KEB OFFICE,12FEET,0.0,0.0,0,0,0.0,0.0
Bengaluru City,Banasawadi Traffic PS,1.04432e+16,2017,1,1,Road Accidents,Culvert,City/Town,Narrow bridge or culverts,Human Error,Yes,Grievous Injury,Hit pedestrian,No signal lights,Not Applicable,City or Town Road,Bitumen(Tar),Dry,Not Applicable,Cloudy,"OUTER RING ROAD, HENNUR",NEAR HENNUR RING ROAD BUS STOP,100,0.0,0.0,0,0,0.0,0.0
Bengaluru City,Banasawadi Traffic PS,1.04432e+16,2017,1,2,Road Accidents,Narrow road,City/Town,Near Bus stop,Human Error,No,Grievous Injury,Side impact or Right angle,No signal lights,Hump,City or Town Road,Bitumen(Tar),Dry,Not Applicable,Fine,THANISANDRA MAIN ROAD,NEAR BUS STOP,1 KM,0.0,0.0,0,0,0.0,0.0
Bengaluru City,Banasawadi Traffic PS,1.04432e+16,2017,1,2,Road Accidents,Narrow road,City/Town,Near School or College,Human Error,No,Grievous Injury,Overturning,Signal lights Blinking,Not Applicable,City or Town Road,Bitumen(Tar),Dry,Not Applicable,Fine,BANASAWADI MAIN ROAD,NEAR GOVT SCHOOL,1 KM,0.0,0.0,0,0,0.0,0.0
Bengaluru City,Banasawadi Traffic PS,1.04432e+16,2017,1,1,Road Accidents,Narrow road,City/Town,Near office complex,Human Error,Yes,Grievous Injury,Hit pedestrian,Signal lights Blinking,Straight and flat,City or Town Road,Bitumen(Tar),Dry,Not Applicable,Fine,OUTER RING ROAD,NEAR BHEEMA JEWELLERS,1 KM,0.0,0.0,0,0,0.0,0.0
Bengaluru City,Banasawadi Traffic PS,1.04432e+16,2017,1,2,Road Accidents,Not Applicable,City/Town,Near Bus stop,Not Applicable,No,Grievous Injury,Rear end,Uncontrolled,Straight and flat,City or Town Road,Bitumen(Tar),Dry,Not Applicable,Fine,Near Kammanahalli Bus stop Ring Road,Elecritic Pol,5 Feet,0.0,0.0,0,0,0.0,0.0
Bengaluru City,Banasawadi Traffic PS,1.04432e+16,2017,1,1,Road Accidents,Other,City/Town,Residential area,Not Applicable,Yes,Grievous Injury,Hit and Run,Uncontrolled,Straight and flat,City or Town Road,Bitumen(Tar),Dry,Not Applicable,Fine,Saraipalya  Road Muninagappa Layout,Electric Pol,5F,0.0,0.0,0,0,0.0,0.0
Bengaluru City,Banasawadi Traffic PS,1.04432e+16,2017,1,1,Road Accidents,Other,City/Town,In bazaar,Not Applicable,Yes,Grievous Injury,Hit and Run,Uncontrolled,Straight and flat,City or Town Road,Bitumen(Tar),Dry,Not Applicable,Fine,Near Shilpa bekary Horamavu Agra Main Road,Electric Pol,35F,0.0,0.0,0,0,0.0,0.0
Bengaluru City,Banasawadi Traffic PS,1.04432e+16,2017,1,1,Road Accidents,Other,City/Town,Near Bus stop,Not Applicable,No,Grievous Injury,Hit pedestrian,Uncontrolled,Straight and flat,City or Town Road,Bitumen(Tar),Dry,Not Applicable,Fine,Lingarajapuram bus Stop,Electric Pol,20f,0.0,0.0,0,0,0.0,0.0
Bengaluru City,Banasawadi Traffic PS,1.04432e+16,2017,1,1,Road Accidents,Bridge,City/Town,Near Bus stop,Not Applicable,No,Grievous Injury,Hit pedestrian,Uncontrolled,Straight and flat,City or Town Road,Bitumen(Tar),Dry,Not Applicable,Fine,Near Hennuru under Pas/ Singanal Outer Ring Road,Electric Pol,2F,0.0,0.0,0,0,0.0,0.0
Bengaluru City,Banasawadi Traffic PS,1.04432e+16,2017,1,1,Road Accidents,Bridge,City/Town,At pedestrian Crossing,Not Applicable,Yes,Grievous Injury,Hit and Run,Uncontrolled,Straight and flat,City or Town Road,Bitumen(Tar),Dry,Not Applicable,Fine,Nagavar Fly Over Up Ramp Outer Ring Road,Electric pol,8f,0.0,0.0,0,0,0.0,0.0
Bengaluru City,Banasawadi Traffic PS,1.04432e+16,2017,1,2,Road Accidents,Junction,City/Town,Narrow bridge or culverts,Human Error,Yes,Grievous Injury,Hit and Run,Not Applicable,Not Applicable,Others,Bitumen(Tar),Dry,Not Applicable,Very Cold,"ABOVE NAGAWARA FLYOVER, OUTER RING ROAD",ABOVE NAGAWARA FLYOVER,100,0.0,0.0,0,0,0.0,0.0
Bengaluru City,Banasawadi Traffic PS,1.04432e+16,2017,1,2,Not Applicable,Junction,City/Town,In bazaar,Human Error,No,Grievous Injury,Others,Police / Manual,Straight and flat,City or Town Road,Bitumen(Tar),Dry,Not Applicable,Cloudy,NEAR M K RETAIL NEAR HORAMAVU JANCTION SERVICE ROAD,NEAR M K RETAIL,10FT,0.0,0.0,0,0,0.0,0.0
Bengaluru City,Banasawadi Traffic PS,1.04432e+16,2017,1,2,Road Accidents,Junction,City/Town,Near Bus stop,Human Error,Yes,Simple Injury,Hit and Run,Police / Manual,Not Applicable,City or Town Road,Bitumen(Tar),Dry,Not Applicable,Cloudy,"OUTER RING ROAD, KAMMANAHALLI",NEAR BUS STOP,1 KM,0.0,0.0,0,0,0.0,0.0
Bengaluru City,Banasawadi Traffic PS,1.04432e+16,2017,1,2,Road Accidents,Bridge,City/Town,Narrow bridge or culverts,Not Applicable,Yes,Grievous Injury,Hit and Run,Uncontrolled,Straight and flat,City or Town Road,Bitumen(Tar),Dry,Not Applicable,Fine,Near Kalyana Nagar Fly Over,Electric pol,30f,0.0,0.0,0,0,0.0,0.0
Bengaluru City,Banasawadi Traffic PS,1.04432e+16,2017,1,1,Road Accidents,Cross roads,City/Town,Residential area,Not Applicable,No,Fatal,Others,Police / Manual,Others,City or Town Road,Bitumen(Tar),Flooded,Not Applicable,Others,NO,NEAR APRATMENT,2KM,0.0,0.0,0,5,0.0,5.0
Bengaluru City,Banasawadi Traffic PS,1.04432e+16,2017,1,2,Road Accidents,Culvert,City/Town,Narrow bridge or culverts,Human Error,Yes,Damage Only,Hit and Run,Not at  Junction,Curve,City or Town Road,Bitumen(Tar),Dry,Not Applicable,Fog / Mist,BANASAWADI MAIN ROAD,NEAR IOC FLYOVER,0.5 KM,0.0,0.0,0,0,0.0,0.0
Bengaluru City,Banasawadi Traffic PS,1.04432e+16,2017,1,2,Road Accidents,Cross roads,City/Town,Residential area,Not Applicable,No,Grievous Injury,Head on,Uncontrolled,Others,City or Town Road,Bitumen(Tar),Dry,Not Applicable,Fine,Near Ganesh/Anjanaih Tempal Aswatha Nagar Thanisandra,Electric Pol,10F,0.0,0.0,0,0,0.0,0.0
Bengaluru City,Banasawadi Traffic PS,1.04432e+16,2017,1,1,Road Accidents,Bridge,City/Town,Near Bus stop,Not Applicable,No,Grievous Injury,Hit pedestrian,Uncontrolled,Straight and flat,City or Town Road,Bitumen(Tar),Dry,Not Applicable,Fine,Near Bus Stop Hennuru Outer Ring Road,BMTC Bus Stop,5F,0.0,0.0,0,0,0.0,0.0
Bengaluru City,Banasawadi Traffic PS,1.04432e+16,2018,1,2,Road Accidents,Junction,City/Town,Residential area,Not Applicable,No,Grievous Injury,Others,Police / Manual,Others,City or Town Road,Bitumen(Tar),Dry,Not Applicable,Clear,NO,NEAR 9TH MAIN JUCATION,2 KM,0.0,0.0,0,0,0.0,0.0
Bengaluru City,Banasawadi Traffic PS,1.04432e+16,2018,1,2,Road Accidents,Cross roads,City/Town,Residential area,Not Applicable,Yes,Grievous Injury,Head on,Uncontrolled,Straight and flat,City or Town Road,Bitumen(Tar),Dry,Not Applicable,Fine,Opp Indoesian Acadamy College Service Road Kamanahalli,Electric po,5F,0.0,0.0,0,0,0.0,0.0
Bengaluru City,Banasawadi Traffic PS,1.04432e+16,2018,1,1,Road Accidents,Curves,City/Town,Near Bus stop,Human Error,No,Grievous Injury,Head on,Police / Manual,Curve,City or Town Road,Bitumen(Tar),Dry,Not Applicable,Fine,Nagayyanapalya Main Road,bus stop,10 mtr,0.0,0.0,0,0,0.0,0.0
Bengaluru City,Banasawadi Traffic PS,1.04432e+16,2018,1,1,Road Accidents,Bridge,City/Town,Narrow bridge or culverts,Human Error,No,Fatal,Hit fixed object,Not at  Junction,Straight and flat,City or Town Road,Bitumen(Tar),Dry,Not Applicable,Fine,HENNUR MAIN ROAD,NEAR FLYOVER,0.5 KM,0.0,0.0,0,0,0.0,0.0
Bengaluru City,Banasawadi Traffic PS,1.04432e+16,2018,1,2,Road Accidents,Circle,City/Town,Near Hospital,Not Applicable,No,Grievous Injury,Rear end,Uncontrolled,Straight and flat,City or Town Road,Bitumen(Tar),Dry,Not Applicable,Fine,Opp OM Shakthi Temple 80 Feet Road Kalyanagar,Elctricpol,8F,0.0,0.0,0,0,0.0,0.0
Bengaluru City,Banasawadi Traffic PS,1.04432e+16,2018,1,2,Road Accidents,Cross roads,City/Town,Near office complex,Not Applicable,Yes,Grievous Injury,Hit and Run,Uncontrolled,Straight and flat,City or Town Road,Bitumen(Tar),Dry,Not Applicable,Fine,Opp Sangeetha Mobile Shworum Neharau Road Kamanahalli,Electricpol,8F,0.0,0.0,0,0,0.0,0.0
Bengaluru City,Banasawadi Traffic PS,1.04432e+16,2018,1,1,Road Accidents,Other,City/Town,In bazaar,Not Applicable,Yes,Grievous Injury,Hit and Run,Uncontrolled,Straight and flat,City or Town Road,Bitumen(Tar),Dry,Not Applicable,Fine,"Near Banasawadi Club, CMR Road",Electric Pol,8F,0.0,0.0,0,0,0.0,0.0
Bengaluru City,Banasawadi Traffic PS,1.04432e+16,2018,1,2,Road Accidents,Other,City/Town,Near Petrol Pump,Not Applicable,Yes,Grievous Injury,Hit and Run,Uncontrolled,Straight and flat,City or Town Road,Bitumen(Tar),Dry,Not Applicable,Fine,"Opp petrol Bunk,80 Feet Road Subbaiahna Palya",ElectricPol,8F,0.0,0.0,0,0,0.0,0.0
Bengaluru City,Banasawadi Traffic PS,1.04432e+16,2018,1,1,Road Accidents,Cross roads,City/Town,Residential area,Not Applicable,Yes,Grievous Injury,Hit and Run,Uncontrolled,Straight and flat,Residential Street,Bitumen(Tar),Dry,Not Applicable,Fine,Near R J  Chikkan Shop Hennuru Main Main Road Kacharakanahalli,Electric pol,5F,0.0,0.0,0,0,0.0,0.0
Bengaluru City,Banasawadi Traffic PS,1.04432e+16,2018,1,2,Road Accidents,Other,City/Town,In bazaar,Not Applicable,No,Damage Only,Rear end,Uncontrolled,Straight and flat,City or Town Road,Bitumen(Tar),Dry,Not Applicable,Fine,Near Coffee Day Outer Ring Road,Electric pol,5Km,0.0,0.0,0,0,0.0,0.0
Bengaluru City,Banasawadi Traffic PS,1.04432e+16,2018,1,1,Road Accidents,Bridge,City/Town,Near Bus stop,Not Applicable,No,Grievous Injury,Others,Uncontrolled,Straight and flat,City or Town Road,Bitumen(Tar),Dry,Not Applicable,Fine,Opp Giriyas Shoroom Outer Ring Road,Electric Pol,10F,0.0,0.0,0,0,0.0,0.0
Bengaluru City,Banasawadi Traffic PS,1.04432e+16,2018,1,2,Road Accidents,Narrow road,City/Town,Near office complex,Human Error,Yes,Fatal,Vehicle to Vehicle,Police / Manual,Straight and flat,Two way,Bitumen(Tar),Dry,Not Applicable,Fine,BANASAWADI MAIN ROAD,Sindicate Bank,20 mtr,0.0,0.0,0,0,0.0,0.0
Bengaluru City,Banasawadi Traffic PS,1.04432e+16,2018,1,2,Road Accidents,Narrow road,City/Town,Near office complex,Human Error,No,Grievous Injury,Head on,Police / Manual,Straight and flat,City or Town Road,Bitumen(Tar),Dry,Not Applicable,Fine,OUTER RING ROAD,KEB Office,15 mtr,0.0,0.0,0,0,0.0,0.0
Bengaluru City,Banasawadi Traffic PS,1.04432e+16,2018,1,3,Road Accidents,Other,City/Town,In bazaar,Not Applicable,No,Grievous Injury,Overturning,Uncontrolled,Straight and flat,City or Town Road,Bitumen(Tar),Dry,Not Applicable,Fine,Near Rasta Hotel CMR Road Kalyan Nagar,Electricpol,8F,0.0,0.0,0,0,0.0,0.0
Bengaluru City,Banasawadi Traffic PS,1.04432e+16,2018,1,2,Road Accidents,Other,City/Town,Near a religious place,Not Applicable,No,Grievous Injury,Head on,Uncontrolled,Straight and flat,City or Town Road,Bitumen(Tar),Dry,Not Applicable,Fine,Opp Impiriar Hotel Kalyan Nagar,Electricpol,5F,0.0,0.0,0,0,0.0,0.0
Bengaluru City,Banasawadi Traffic PS,1.04432e+16,2018,1,2,Road Accidents,Other,City/Town,Near a religious place,Not Applicable,Yes,Grievous Injury,Hit and Run,Uncontrolled,Straight and flat,City or Town Road,Bitumen(Tar),Dry,Not Applicable,Fine,Near Manjunath Palece Thanisandra Main Road,Electricpol,9F,0.0,0.0,0,0,0.0,0.0
Bengaluru City,Banasawadi Traffic PS,1.04432e+16,2018,1,1,Road Accidents,Other,City/Town,Residential area,Not Applicable,No,Fatal,Hit pedestrian,Uncontrolled,Straight and flat,Residential Street,Bitumen(Tar),Dry,Not Applicable,Fine,"Opp Selvam Milk Parler, Near Don Boskho Church,Gunadappa Road",Electric pol,10F,0.0,0.0,0,0,0.0,0.0
Bengaluru City,Banasawadi Traffic PS,1.04432e+16,2018,1,1,Road Accidents,Other,City/Town,Near Hospital,Vehicle Defect,No,Grievous Injury,Hit pedestrian,Uncontrolled,Straight and flat,City or Town Road,Bitumen(Tar),Dry,Not Applicable,Fine,Opp Navashakthi Netralaya Outer Ring Road,Electricpol,5F,0.0,0.0,0,0,0.0,0.0
Bengaluru City,Banasawadi Traffic PS,1.04432e+16,2018,1,2,Road Accidents,Curves,City/Town,Near office complex,Human Error,Yes,Grievous Injury,Hit and Run,Not at  Junction,Curve,City or Town Road,Bitumen(Tar),Dry,Not Applicable,Fine,BANASAWADI MAIN ROAD,NEAR KANTHI SWEETS,0.5 KM,0.0,0.0,0,0,0.0,0.0
Bengaluru City,Banasawadi Traffic PS,1.04432e+16,2018,1,1,Road Accidents,Other,City/Town,Near School or College,Human Error,No,Grievous Injury,Head on,No signal lights,Straight and flat,City or Town Road,Bitumen(Tar),Dry,Not Applicable,Fine,Maruthi Seva Nagar,school,20 mtr,0.0,0.0,0,0,0.0,0.0
Bengaluru City,Banasawadi Traffic PS,1.04432e+16,2018,1,2,Road Accidents,Other,City/Town,Near office complex,Human Error,Yes,Simple Injury,Head on,Police / Manual,Straight and flat,Service Road,Bitumen(Tar),Dry,Not Applicable,Fine,Service Road Babusabpalya,show room,10 mtr,0.0,0.0,0,0,0.0,0.0
Bengaluru City,Banasawadi Traffic PS,1.04432e+16,2018,1,2,Road Accidents,Other,City/Town,Near a religious place,Not Applicable,No,Grievous Injury,Head on,Uncontrolled,Straight and flat,City or Town Road,Bitumen(Tar),Dry,Not Applicable,Fine,Opp Petrol Bunk Kamanahalli Main Road,Electric Pol,8F,0.0,0.0,0,0,0.0,0.0
Bengaluru City,Banasawadi Traffic PS,1.04432e+16,2018,1,2,Road Accidents,Not Applicable,City/Town,Near Bus stop,Not Applicable,Yes,Fatal,Vehicle to Vehicle,Police / Manual,Others,Two way,Surfaced,Dry,Not Applicable,Fine,OUTER RING ROAD,BUS STOP,1.5KM,13.019494,77.654324,0,0,,
Bengaluru City,Banasawadi Traffic PS,1.04432e+16,2018,1,2,Road Accidents,Other,City/Town,Near a religious place,Not Applicable,No,Grievous Injury,Head on,Uncontrolled,Straight and flat,City or Town Road,Bitumen(Tar),Flooded,Not Applicable,Fine,"Near Kenopi Apartament,Horamavu Agra Main Road",Electricpol,5F,0.0,0.0,0,5,0.0,5.0
Bengaluru City,Banasawadi Traffic PS,1.04432e+16,2018,1,2,Road Accidents,Other,City/Town,Near School or College,Not Applicable,Yes,Grievous Injury,Hit and Run,Uncontrolled,Straight and flat,City or Town Road,Bitumen(Tar),Dry,Not Applicable,Fine,Near Techars Academy college Hennuru Main road Hennuru,Electric pol,9f,0.0,0.0,0,0,0.0,0.0
Bengaluru City,Banasawadi Traffic PS,1.04432e+16,2018,1,2,Road Accidents,Other,City/Town,In bazaar,Not Applicable,Yes,Grievous Injury,Hit and Run,Uncontrolled,Straight and flat,City or Town Road,Bitumen(Tar),Dry,Not Applicable,Fine,Opp Bangalore One Service Road Babusapalya Bangalore,Electricpol,5F,0.0,0.0,0,0,0.0,0.0
Bengaluru City,Banasawadi Traffic PS,1.04432e+16,2018,1,1,Road Accidents,Cross roads,City/Town,Near School or College,Not Applicable,Yes,Grievous Injury,Hit and Run,Uncontrolled,Straight and flat,Residential Street,Bitumen(Tar),Dry,Not Applicable,Fine,Opp Indian Accademy College Hennruru Cross,Electricpol,5f,0.0,0.0,0,0,0.0,0.0
Bengaluru City,Banasawadi Traffic PS,1.04432e+16,2018,1,2,Road Accidents,Bridge,City/Town,Narrow bridge or culverts,Not Applicable,No,Grievous Injury,Head on,Uncontrolled,Straight and flat,City or Town Road,Bitumen(Tar),Dry,Not Applicable,Fine,On IOC Flya Over Banasawadi   Main Road,Electricpol,8F,0.0,0.0,0,0,0.0,0.0
Bengaluru City,Banasawadi Traffic PS,1.04432e+16,2018,1,1,Road Accidents,Other,City/Town,In bazaar,Not Applicable,No,Grievous Injury,Hit pedestrian,Uncontrolled,Straight and flat,City or Town Road,Bitumen(Tar),Dry,Not Applicable,Fine,Opp Malabhar Bek House Outer Ring Road Hennuru,Electricpol,35F,13.02815,77.631887,0,0,0.0,0.0