DISTRICTNAME,UNITNAME,Crime_No,Year,RI,Noofvehicle_involved,Accident_Classification,Accident_Spot,Accident_Location,Accident_SubLocation,Main_Cause,Hit_Run,Severity,Collision_Type,Junction_Control,Road_Character,Road_Type,Surface_Type,Surface_Condition,Road_Condition,Weather,Accident_Road,Landmark_first,Distance_LandMark_First,Latitude,Longitude,Road_Condition_Score,Surface_Condition_Score,Surface_Type_Score,Road_Risk_Index
Bengaluru City,Banasawadi Traffic PS,1.04432e+16,2020,1,1,Road Accidents,Junction,City/Town,Near Petrol Pump,Human Error,No,Grievous Injury,Hit pedestrian,Police / Manual,Straight and flat,Two way,Bitumen(Tar),Dry,Not Applicable,Fine,"NEAR FIR STATION, BANASAWADI MAIN ROAD,",Electric pol,20FT,0.0,0.0,0,0,0.0,0.0
Bengaluru City,Banasawadi Traffic PS,1.04432e+16,2020,1,2,Road Accidents,Junction,City/Town,Near office complex,Human Error,No,Grievous Injury,Vehicle to Vehicle,Police / Manual,Straight and flat,Two way,Bitumen(Tar),Dry,Not Applicable,Cloudy,"NEAR 2ND CROSS, SBI BANK RS PALYA MAIN ROAD, RS PALYA",Bank of Boroda ATM,15 FT,0.0,0.0,0,0,0.0,0.0
Bengaluru City,Banasawadi Traffic PS,1.04432e+16,2020,1,1,Road Accidents,Junction,City/Town,Near Hospital,Human Error,No,Fatal,Hit pedestrian,Police / Manual,Others,Two way,Bitumen(Tar),Dry,No influence on accident,Fine,80 FEET ROAD  NEAR OVAM HOSPITAL KALYANANAGAR,NEAR OVAM HOSPITAL,20FT,0.0,0.0,0,0,0.0,0.0
Bengaluru City,Banasawadi Traffic PS,1.04432e+16,2020,1,1,Road Accidents,Junction,City/Town,Near office complex,Human Error,Yes,Grievous Injury,Hit pedestrian,Police / Manual,Straight and flat,Two way,Bitumen(Tar),Dry,Not Applicable,Fine,OOP OF BALAJI DRIVING SCHOOL,OPP BALAJI DRIVING SCHOOL,50,0.0,0.0,0,0,0.0,0.0
Bengaluru City,Banasawadi Traffic PS,1.04432e+16,2020,1,2,Road Accidents,Junction,City/Town,Near office complex,Human Error,No,Grievous Injury,Vehicle to Vehicle,Police / Manual,Straight and flat,Two way,Bitumen(Tar),Dry,Not Applicable,Cloudy,"HORMAVU BBMP OFFICE HORMAVU AGARA MAIN ROAD, JAYANTHI GRAMA",ELECTRIC POLE,10 FT,0.0,0.0,0,0,0.0,0.0
Bengaluru City,Banasawadi Traffic PS,1.04432e+16,2020,1,2,Road Accidents,Junction,City/Town,In bazaar,Human Error,No,Simple Injury,Vehicle to Vehicle,Police / Manual,Straight and flat,Two way,Bitumen(Tar),Dry,Not Applicable,Cloudy,"NEAR KALYANI BAR, OIL MILL ROAD, LINGARAJAPURA",Electric pol,15 FT,0.0,0.0,0,0,0.0,0.0
Bengaluru City,Banasawadi Traffic PS,1.04432e+16,2020,1,2,Road Accidents,Junction,City/Town,Residential area,Human Error,No,Grievous Injury,Vehicle to Vehicle,Police / Manual,Curve,Service Road,Bitumen(Tar),Dry,Not Applicable,Fine,NEW HENNURU FLYOVER SERVICE ROAD,ANAND BAIRAVI APARTMENT,10 FT,0.0,0.0,0,0,0.0,0.0
Bengaluru City,Banasawadi Traffic PS,1.04432e+16,2020,1,2,Road Accidents,Junction,City/Town,Near office complex,Human Error,No,Damage Only,Vehicle to Vehicle,Not at  Junction,Straight and flat,Two way,Bitumen(Tar),Dry,Not Applicable,Fine,"NEAR HORMAVU SINGNAL, HORMAVU",LIGHT POLE,10 FT,0.0,0.0,0,0,0.0,0.0
Bengaluru City,Banasawadi Traffic PS,1.04432e+16,2020,1,2,Road Accidents,Junction,City/Town,In bazaar,Human Error,No,Simple Injury,Vehicle to Vehicle,Police / Manual,Straight and flat,Two way,Bitumen(Tar),Dry,Not Applicable,Cloudy,"NEAR ELEMAENTS MALL, THANISANDRA MAIN ROAD, SARAYIPALYA",NATIONAL PLASTIC SHOP,15 FT,0.0,0.0,0,0,0.0,0.0
Bengaluru City,Banasawadi Traffic PS,1.04432e+16,2020,1,2,Road Accidents,Junction,City/Town,In bazaar,Human Error,No,Grievous Injury,Vehicle to Vehicle,Police / Manual,Straight and flat,Two way,Bitumen(Tar),Dry,Not Applicable,Fine,"NEHARU MAIN ROAD, SRI RAJ LASSI BAR, ULLASAPPA CIRCLE",EMPIR HOTEL,20FT,0.0,0.0,0,0,0.0,0.0
Bengaluru City,Banasawadi Traffic PS,1.04432e+16,2020,1,1,Road Accidents,Cross roads,City/Town,Residential area,Human Error,Yes,Grievous Injury,Hit bicyclist,Police / Manual,Not Applicable,Residential Street,Bitumen(Tar),Dry,Not Applicable,Fine,2ND MAIN HRBR LAYOUT 3RD BLOCK KALYANANAGAR,HOUSE NO 427,10 ft,0.0,0.0,0,0,0.0,0.0
Bengaluru City,Banasawadi Traffic PS,1.04432e+16,2020,1,2,Road Accidents,Junction,City/Town,Open area,Human Error,No,Simple Injury,Vehicle to Vehicle,Police / Manual,Straight and flat,Two way,Bitumen(Tar),Dry,Not Applicable,Fine,"HORAMVU MAIN ROAD, HORMAVU",FANCY SHPO,20FT,0.0,0.0,0,0,0.0,0.0
Bengaluru City,Banasawadi Traffic PS,1.04432e+16,2020,1,2,Road Accidents,Junction,City/Town,In bazaar,Human Error,Yes,Simple Injury,Vehicle to Vehicle,Police / Manual,Straight and flat,Two way,Bitumen(Tar),Dry,Not Applicable,Fine,"OPP. ST.PETERS COFFIN MAKERS, KALKERE HORAMAVU ROAD",ST PERTER COFFIN MAKERS,15FT,0.0,0.0,0,0,0.0,0.0
Bengaluru City,Banasawadi Traffic PS,1.04432e+16,2020,1,2,Road Accidents,Circle,City/Town,In bazaar,Not Applicable,No,Grievous Injury,Vehicle to Vehicle,Police / Manual,Not Applicable,Others,Bitumen(Tar),Dry,Not Applicable,Fine,HENNURU MAIN ROAD,NEAR OPPORTMENT,3km,0.0,0.0,0,0,0.0,0.0
Bengaluru City,Banasawadi Traffic PS,1.04432e+16,2020,1,2,Road Accidents,Junction,City/Town,Near Bus stop,Human Error,Yes,Grievous Injury,Vehicle to Vehicle,Police / Manual,Straight and flat,Two way,Bitumen(Tar),Dry,Not Applicable,Dust Storn,"NEAR SBI BANK, HORAMAVU MAIN ROAD",Electric pol,15 FT,0.0,0.0,0,0,0.0,0.0
Bengaluru City,Banasawadi Traffic PS,1.04432e+16,2020,1,3,Road Accidents,Junction,City/Town,Near Hospital,Human Error,No,Simple Injury,Vehicle to Vehicle,Police / Manual,Slight Curve,Others,Bitumen(Tar),Dry,Not Applicable,Fine,"CAHNDAR SHEKAR INSTUTE NEAR CHANDRIKA JUNCTION, OIL MILL ROAD",CHANDRASHEKAR SPEECH AND HERING INSTITUTE,3KM,0.0,0.0,0,0,0.0,0.0
Bengaluru City,Banasawadi Traffic PS,1.04432e+16,2020,1,2,Road Accidents,Not Applicable,City/Town,Near School or College,Human Error,No,Damage Only,Vehicle to Vehicle,Uncontrolled,Straight and flat,Others,Bitumen(Tar),Dry,No influence on accident,Fine,HENNURU MAIN ROAD NEAR HENNURU NEW FLYOVER,LIGHT POLL,20 FT,0.0,0.0,0,0,0.0,0.0
Bengaluru City,Banasawadi Traffic PS,1.04432e+16,2020,1,2,Road Accidents,Junction,City/Town,Open area,Human Error,No,Grievous Injury,Vehicle to Vehicle,Police / Manual,Straight and flat,Two way,Bitumen(Tar),Dry,Not Applicable,Fine,"NEAR GIRUYAS SHOW ROOM, OUTER RING ROAD, KALYAN NAGAR",Electric pol,10 FT,0.0,0.0,0,0,0.0,0.0
Bengaluru City,Banasawadi Traffic PS,1.04432e+16,2020,1,2,Road Accidents,Not Applicable,City/Town,Open area,Human Error,No,Grievous Injury,Vehicle to Vehicle,No signal lights,Straight and flat,Two way,Bitumen(Tar),Dry,Not Applicable,Fine,"BANASAWADI PLYOVER OUTER RING ROAD,",Electric pol,15 FT,0.0,0.0,0,0,0.0,0.0
Bengaluru City,Banasawadi Traffic PS,1.04432e+16,2020,1,1,Road Accidents,Junction,City/Town,Near office complex,Human Error,No,Grievous Injury,Hit pedestrian,Police / Manual,Straight and flat,Two way,Bitumen(Tar),Dry,Not Applicable,Fine,5TH MAIN ROAD KALYANAGARA,Electric Pole,10 FT,0.0,0.0,0,0,0.0,0.0
Bengaluru City,Banasawadi Traffic PS,1.04432e+16,2020,1,1,Road Accidents,Not Applicable,City/Town,Near School or College,Human Error,Yes,Grievous Injury,Hit pedestrian,Not at  Junction,Straight and flat,Two way,Bitumen(Tar),Dry,Not Applicable,Fine,"OPP INDIAN ACCEDEMY COLLEGE, HENNUR MAIN ROAD",INDIAN ACCEDEMY COLLEGE,20FT,0.0,0.0,0,0,0.0,0.0
Bengaluru City,Banasawadi Traffic PS,1.04432e+16,2020,1,1,Road Accidents,Curves,City/Town,Near a religious place,Human Error,Not Applicable,Grievous Injury,Not Applicable,Police / Manual,Curve,One way,Bitumen(Tar),Dry,Not Applicable,Cloudy,HENNURU UNDER PASS HENNURU TOWARDS NAGAVARA,NEAR MAJIED,20 FT,0.0,0.0,0,0,0.0,0.0
Bengaluru City,Banasawadi Traffic PS,1.04432e+16,2020,1,1,Road Accidents,Road hump or Rumble strips,City/Town,Near School or College,Human Error,No,Fatal,Not Applicable,Police / Manual,Not Applicable,Service Road,Bitumen(Tar),Dry,Not Applicable,Cloudy,NEAR KALAYAN NAGAR FLYOVER SERVICE ROAD,NEAR KALYAN NAGAR FLYOVER,100 F,0.0,0.0,0,0,0.0,0.0
Bengaluru City,Banasawadi Traffic PS,1.04432e+16,2020,1,2,Road Accidents,Junction,City/Town,Near School or College,Human Error,No,Simple Injury,Hit pedestrian,Police / Manual,Straight and flat,One way,Bitumen(Tar),Dry,Not Applicable,Fine,KALYAN NAGAR 80 FEET RAOD,HONDA SHOW ROOM,15 FT,0.0,0.0,0,0,0.0,0.0
Bengaluru City,Banasawadi Traffic PS,1.04432e+16,2020,1,1,Road Accidents,Not Applicable,City/Town,Narrow bridge or culverts,Not Applicable,Not Applicable,Fatal,Not Applicable,Police / Manual,Not Applicable,One way,Bitumen(Tar),Dry,Not Applicable,Fine,OUTER RING ROAD,NEAR KALYAN NAGAR FLYOVER,1KM,0.0,0.0,0,0,0.0,0.0
Bengaluru City,Banasawadi Traffic PS,1.04432e+16,2020,1,2,Road Accidents,Narrow road,City/Town,Near Petrol Pump,Human Error,Yes,Grievous Injury,Vehicle to Vehicle,Police / Manual,Not Applicable,Not Applicable,Bitumen(Tar),Dry,Not Applicable,Cloudy,HENNURU BAGALURU MAIN ROAD,NEAR PETROL PUMM,3KM,0.0,0.0,0,0,0.0,0.0
Bengaluru City,Banasawadi Traffic PS,1.04432e+16,2020,1,2,Road Accidents,Junction,City/Town,Residential area,Human Error,No,Damage Only,Vehicle to Vehicle,Police / Manual,Straight and flat,Two way,Bitumen(Tar),Dry,Not Applicable,Fine,"4TH CROSS, JAI JAWAN NAGAR, CHIKKABANASAWADI MAIN ROAD",GANAPATHI TEMPLE,10 FT,0.0,0.0,0,0,0.0,0.0
Bengaluru City,Banasawadi Traffic PS,1.04432e+16,2020,1,1,Road Accidents,Curves,City/Town,Near Hospital,Human Error,No,Damage Only,Not Applicable,Police / Manual,Curve,One way,Concrete,Dry,Not Applicable,Cloudy,NERA CHRISH HOSPITAL,CHRISH HOSPITAL,100 FT,0.0,0.0,0,0,0.0,0.0
Bengaluru City,Banasawadi Traffic PS,1.04432e+16,2020,1,2,Road Accidents,Junction,City/Town,Near a recreation place/cinema,Human Error,No,Grievous Injury,Vehicle to Vehicle,Police / Manual,Straight and flat,Two way,Bitumen(Tar),Dry,Not Applicable,Fine,NEAR KACHARAKANAHALLI ABC PARK,Electric pol,10F,0.0,0.0,0,0,0.0,0.0
Bengaluru City,Banasawadi Traffic PS,1.04432e+16,2020,1,2,Road Accidents,Junction,City/Town,Near Hospital,Human Error,No,Grievous Injury,Vehicle to Vehicle,Police / Manual,Straight and flat,Two way,Bitumen(Tar),Dry,Not Applicable,Fine,KODHAND RAMASWAMY TEMPLE.BANSWADI MAIN ROAD,LIGHT POLL,10F,13.006819,77.6394049,0,0,0.0,0.0
Bengaluru City,Banasawadi Traffic PS,1.04432e+16,2020,1,1,Road Accidents,Cross roads,City/Town,Near School or College,Human Error,No,Simple Injury,Hit pedestrian,Controlled,Straight and flat,Others,Bitumen(Tar),Dry,No influence on accident,Fine,"OPP GANESHA TEMPLE, HENNURU BAGALURU MAIN ROAD, HENNURU CROSS, BANGALURU",NEAR FLOG POL,15 FT,0.0,0.0,0,0,0.0,0.0
Bengaluru City,Banasawadi Traffic PS,1.04432e+16,2020,1,1,Road Accidents,Not Applicable,City/Town,Residential area,Human Error,Yes,Grievous Injury,Hit pedestrian,Uncontrolled,Others,Residential Street,Concrete,Dry,Not Applicable,Fine,"NO-272,7TH CROSS CHIKKABANASAWDAI",RECIDENTIAL AREA,5 FT,0.0,0.0,0,0,0.0,0.0
Bengaluru City,Banasawadi Traffic PS,1.04432e+16,2020,1,2,Road Accidents,Not Applicable,City/Town,Near Hospital,Human Error,No,Damage Only,Vehicle to Vehicle,Controlled,Straight and flat,Others,Bitumen(Tar),Dry,Not Applicable,Clear,HENNURU BAGALURU MAIN ROAD,LIGHT POLE,10 FT,0.0,0.0,0,0,0.0,0.0
Bengaluru City,Banasawadi Traffic PS,1.04432e+16,2020,1,1,Road Accidents,Junction,City/Town,In bazaar,Human Error,No,Grievous Injury,Hit pedestrian,Police / Manual,Straight and flat,Two way,Bitumen(Tar),Dry,Not Applicable,Fine,"OPP POOJA BAKERY, R S PALYA MAIN ROAD,",POOJA BAKERY,05 FT,0.0,0.0,0,0,0.0,0.0
Bengaluru City,Banasawadi Traffic PS,1.04432e+16,2020,1,2,Road Accidents,Not Applicable,City/Town,Residential area,Human Error,Yes,Fatal,Hit bicyclist,Police / Manual,Straight and flat,Residential Street,Bitumen(Tar),Dry,Not Applicable,Fine,LAKSHMI VENKATESHWARA ICE CREAM STORE NEAR  SARAYIPALYA,LAKSHMI VENKATESHWARA ICE CREAM STORE,15 FT,0.0,0.0,0,0,0.0,0.0
Bengaluru City,Banasawadi Traffic PS,1.04432e+16,2020,1,2,Road Accidents,Circle,City/Town,Near Bus stop,Human Error,No,Grievous Injury,Vehicle to Vehicle,Police / Manual,Straight and flat,Two way,Bitumen(Tar),Dry,Not Applicable,Clear,Thanisandra Mian Road,LIGHT POLE,10F,0.0,0.0,0,0,0.0,0.0
Bengaluru City,Banasawadi Traffic PS,1.04432e+16,2020,1,2,Road Accidents,Narrow road,City/Town,Open area,Human Error,No,Fatal,Vehicle to Vehicle,Police / Manual,Not Applicable,Others,Bitumen(Tar),Dry,Not Applicable,Fine,NAGAWARA FLYOVER  DOWN RAMP,ELEGANCE HOTEL,3 KM,0.0,0.0,0,0,0.0,0.0
Bengaluru City,Banasawadi Traffic PS,1.04432e+16,2020,1,1,Road Accidents,Junction,City/Town,Near a recreation place/cinema,Human Error,Yes,Grievous Injury,Hit pedestrian,Police / Manual,Straight and flat,Two way,Bitumen(Tar),Dry,Not Applicable,Fine,"NEAR MUKUNDA THEATRE, BANGASAWADI MAIN ROAD MURUTHI SEVANAGAR",Electric pol,10 FT,0.0,0.0,0,0,0.0,0.0
Bengaluru City,Banasawadi Traffic PS,1.04432e+16,2020,1,2,Road Accidents,Junction,City/Town,Near School or College,Human Error,No,Grievous Injury,Vehicle to Vehicle,Police / Manual,Straight and flat,Two way,Bitumen(Tar),Dry,Not Applicable,Fine,"OPP.SONY CENTER, NEAR INDO ASIAN COLLEAGE, KALYAN NAGAR SERVICE ROAD",Electric pol,5 FT,0.0,0.0,0,0,0.0,0.0
Bengaluru City,Banasawadi Traffic PS,1.04432e+16,2020,1,2,Road Accidents,Not Applicable,City/Town,Near office complex,Human Error,Yes,Simple Injury,Vehicle to Vehicle,Signal lights Manual,Not Applicable,Two way,Bitumen(Tar),Dry,Not Applicable,Cloudy,"NEAR OIL MILL ROAD , LINGARAJAPURAM",MUTTOT FINANCE,20 FT,0.0,0.0,0,0,0.0,0.0
Bengaluru City,Banasawadi Traffic PS,1.04432e+16,2020,1,2,Road Accidents,Junction,City/Town,Near a recreation place/cinema,Human Error,No,Damage Only,Vehicle to Vehicle,Not at  Junction,Straight and flat,Two way,Bitumen(Tar),Dry,Not Applicable,Cloudy,"NEAR ROYAL ENFILED SHOW ROOM, OUTER RING ROAD, BABUSAPALYA",BBMP PARK,5FT,0.0,0.0,0,0,0.0,0.0
Bengaluru City,Banasawadi Traffic PS,1.04432e+16,2020,1,2,Road Accidents,Not Applicable,City/Town,Near School or College,Human Error,No,Fatal,Vehicle to Vehicle,Police / Manual,Not Applicable,Others,Bitumen(Tar),Dry,Not Applicable,Fine,OUTER RING ROAD KALYANNAGARA FLYOVER UPPER RAMP,NEAR ROYAL CONCORD SCHOOL,200 M,0.0,0.0,0,0,0.0,0.0
Bengaluru City,Banasawadi Traffic PS,1.04432e+16,2020,1,3,Road Accidents,Cross roads,City/Town,Near office complex,Human Error,Yes,Simple Injury,Vehicle to Vehicle,Police / Manual,Curve,Others,Concrete,Dry,No influence on accident,Fine,100 FEET ROAD HORAMAVU,NEAR UDUPI HOTEL,3 KM,0.0,0.0,0,0,0.0,0.0
Bengaluru City,Banasawadi Traffic PS,1.04432e+16,2020,1,1,Road Accidents,Curves,City/Town,Near Bus stop,Human Error,No,Fatal,Not Applicable,Police / Manual,Curve,Others,Bitumen(Tar),Dry,Not Applicable,Cloudy,OUTER RING ROAD  HENNURU UNDER PASS NEAR HENNURU CROSS,NEAR HENNURU CROSS BUS STOP,100 M,0.0,0.0,0,0,0.0,0.0
Bengaluru City,Banasawadi Traffic PS,1.04432e+16,2020,1,2,Road Accidents,Junction,City/Town,In bazaar,Human Error,No,Grievous Injury,Vehicle to Vehicle,Police / Manual,Straight and flat,Two way,Bitumen(Tar),Dry,Not Applicable,Fine,"OPP CROMA SHOW ROOM, KALKYAN NAGAR OUTER RING ROAD, KALYANA NAGAR",Electric pol,15 FT,0.0,0.0,0,0,0.0,0.0
Bengaluru City,Banasawadi Traffic PS,1.04432e+16,2020,1,2,Road Accidents,Circle,City/Town,Near a religious place,Human Error,No,Simple Injury,Vehicle to Vehicle,Police / Manual,Not Applicable,One way,Bitumen(Tar),Dry,Not Applicable,Fine,HENNURU BAGALURU MAIN ROAD,NEAR GANESHA TEMPLE,50,0.0,0.0,0,0,0.0,0.0
Bengaluru City,Banasawadi Traffic PS,1.04432e+16,2020,1,1,Road Accidents,Not Applicable,City/Town,Residential area,Not Applicable,Not Applicable,Fatal,Hit pedestrian,Police / Manual,Not Applicable,Residential Street,Bitumen(Tar),Dry,Not Applicable,Clear,5TH CROSS 5TH MAIN ROAD HRBR LAYOUT,NEAR SHANKAR HOUSE,1KM,0.0,0.0,0,0,0.0,0.0
Bengaluru City,Banasawadi Traffic PS,1.04432e+16,2020,1,1,Road Accidents,Narrow road,City/Town,Near a religious place,Human Error,No,Fatal,Not Applicable,Police / Manual,Not Applicable,Two way,Bitumen(Tar),Dry,Not Applicable,Fine,OPP RAGHAVENFDRA TEMPLE,OPP RAGHAVENDRA TEMPLE,500,0.0,0.0,0,0,0.0,0.0
Bengaluru City,Banasawadi Traffic PS,1.04432e+16,2020,1,1,Road Accidents,Road hump or Rumble strips,City/Town,Residential area,Not Applicable,Not Applicable,Fatal,Not Applicable,Police / Manual,Not Applicable,Residential Street,Bitumen(Tar),Dry,Not Applicable,Clear,KACHARKANAHALLI MAIN ROAD,NEAR KRISHANA LEELA HOTAL,100 F,0.0,0.0,0,0,0.0,0.0
Bengaluru City,Banasawadi Traffic PS,1.04432e+16,2020,1,1,Road Accidents,Junction,City/Town,Residential area,Human Error,Yes,Grievous Injury,Hit pedestrian,Police / Manual,Straight and flat,Two way,Bitumen(Tar),Dry,Not Applicable,Fine,"2ND MAIN ROAD, KSFC LAYOUT, LINGARAJAPURAM",Electric pol,15 FT,0.0,0.0,0,0,0.0,0.0
Bengaluru City,Banasawadi Traffic PS,1.04432e+16,2020,1,1,Road Accidents,Narrow road,City/Town,Near School or College,Not Applicable,Not Applicable,Fatal,Not Applicable,Police / Manual,Hump,Two way,Bitumen(Tar),Dry,Pot holed,Clear,NEHRU ROAD,NEAR  BRIGHT PUBLIC SCHOOL,1KM,0.0,0.0,5,0,0.0,5.0
Bengaluru City,Banasawadi Traffic PS,1.04432e+16,2020,1,2,Road Accidents,Cross roads,City/Town,Near a religious place,Human Error,Yes,Grievous Injury,Vehicle to Vehicle,Police / Manual,Curve,Others,Bitumen(Tar),Dry,Not Applicable,Fine,HENNURU BAGALURU MAIN ROAD,GANESHA TEMPLE,20FT,0.0,0.0,0,0,0.0,0.0
Bengaluru City,Banasawadi Traffic PS,1.04432e+16,2020,1,2,Road Accidents,Not Applicable,City/Town,Near Bus stop,Human Error,Yes,Simple Injury,Vehicle to Vehicle,Uncontrolled,Straight and flat,Others,Concrete,Dry,No influence on accident,Fine,"KALYANAGARA FLYOVER, OUTER RING ROAD",LIGHT POLE,10 FT,0.0,0.0,0,0,0.0,0.0
Bengaluru City,Banasawadi Traffic PS,1.04432e+16,2020,1,1,Road Accidents,Junction,City/Town,Near office complex,Human Error,No,Damage Only,Not Applicable,Police / Manual,Straight and flat,Two way,Bitumen(Tar),Dry,Not Applicable,Fine,"HENNUR BAGLURU MAIN ROAD, HENNUR BANDE",DRINKING WATER UNIT,15 FT,0.0,0.0,0,0,0.0,0.0
Bengaluru City,Banasawadi Traffic PS,1.04432e+16,2020,1,2,Road Accidents,Curves,City/Town,Open area,Human Error,No,Simple Injury,Vehicle to Vehicle,Not at  Junction,Straight and flat,Two way,Bitumen(Tar),Dry,Not Applicable,Fine,"HENNRU UNDER BRIDGE, OUTER RING ROAD",Electric pol,15 FT,0.0,0.0,0,0,0.0,0.0
Bengaluru City,Banasawadi Traffic PS,1.04432e+16,2020,1,2,Road Accidents,Junction,City/Town,Near Bus stop,Human Error,No,Grievous Injury,Vehicle to Vehicle,Controlled,Straight and flat,Others,Bitumen(Tar),Dry,No influence on accident,Fine,"NAER KEB JUNCTION, OUTER RING ROAD",NEAR BURIAL GROUND,50FT,0.0,0.0,0,0,0.0,0.0
Bengaluru City,Banasawadi Traffic PS,1.04432e+16,2020,1,1,Road Accidents,Junction,City/Town,Near office complex,Human Error,No,Grievous Injury,Hit pedestrian,Police / Manual,Straight and flat,Others,Bitumen(Tar),Dry,No influence on accident,Fine,"NEAR ELEMAENTS MALL, THANISANDRA MAIN ROAD, SARAYIPALYA",NEAR ELEMENTS MALL,10 FT,0.0,0.0,0,0,0.0,0.0
Bengaluru City,Banasawadi Traffic PS,1.04432e+16,2020,1,2,Road Accidents,Junction,City/Town,Near School or College,Human Error,No,Grievous Injury,Vehicle to Vehicle,Police / Manual,Straight and flat,Two way,Bitumen(Tar),Dry,Not Applicable,Fine,"LINGARAJAPURAM MAIN ROAD,",CHANDRASHEKAR SPEECH AND HERING INSTITUTE,15 FT,0.0,0.0,0,0,0.0,0.0
Bengaluru City,Banasawadi Traffic PS,1.04432e+16,2020,1,1,Road Accidents,Railway crossing,City/Town,Near a religious place,Human Error,No,Fatal,Not Applicable,Police / Manual,Straight and flat,Two way,Bitumen(Tar),Dry,Not Applicable,Cloudy,HORAMVU AGARA MAIN ROAD NEAR RAILWAY GATE,RAILWAY GATE,15 FT,0.0,0.0,0,0,0.0,0.0
Bengaluru City,Banasawadi Traffic PS,1.04432e+16,2020,1,2,Road Accidents,Circle,City/Town,Open area,Human Error,No,Simple Injury,Vehicle to Vehicle,Police / Manual,Sharp Curve,Two way,Bitumen(Tar),Dry,Not Applicable,Fine,"7TH MAIN, 1ST B CROSS CIRCLE, KALYAN NAGAR",Electric pol,15 FT,0.0,0.0,0,0,0.0,0.0
Bengaluru City,Banasawadi Traffic PS,1.04432e+16,2020,1,2,Road Accidents,Junction,City/Town,Narrow bridge or culverts,Human Error,No,Damage Only,Vehicle to Vehicle,Police / Manual,Straight and flat,Two way,Bitumen(Tar),Dry,Not Applicable,Fine,"NEAR NEW HENNUR FLY OVER, HENNUR BAGALURU ROAD",Electric pol,20FT,0.0,0.0,0,0,0.0,0.0
Bengaluru City,Banasawadi Traffic PS,1.04432e+16,2020,1,1,Road Accidents,Not Applicable,City/Town,Near a religious place,Human Error,Yes,Damage Only,Not Applicable,Police / Manual,Straight and flat,Others,Bitumen(Tar),Dry,Not Applicable,Cloudy,KAMMANAHALLI MAIN ROAD,SRI VIADHYNATHESHWARA TEMPLE,50,0.0,0.0,0,0,0.0,0.0
Bengaluru City,Banasawadi Traffic PS,1.04432e+16,2020,1,2,Road Accidents,Junction,City/Town,Near a religious place,Human Error,No,Damage Only,Vehicle to Vehicle,Police / Manual,Straight and flat,Two way,Bitumen(Tar),Dry,Not Applicable,Fine,THANISANDRA MAIN ROAD,TEMPLE,10FT,0.0,0.0,0,0,0.0,0.0
Bengaluru City,Banasawadi Traffic PS,1.04432e+16,2020,1,1,Road Accidents,Not Applicable,City/Town,Near Hospital,Human Error,No,Damage Only,Not Applicable,Uncontrolled,Straight and flat,Others,Concrete,Dry,No influence on accident,Fog / Mist,OUTER RING ROAD NEAR HENNURU UNDER PASS,NEAR HENNUR HUNNUR PASS,50 MTR,0.0,0.0,0,0,0.0,0.0
Bengaluru City,Banasawadi Traffic PS,1.04432e+16,2020,1,2,Road Accidents,Junction,City/Town,Near Bus stop,Human Error,No,Damage Only,Vehicle to Vehicle,Not at  Junction,Straight and flat,Two way,Bitumen(Tar),Dry,Not Applicable,Fine,"HORMAVU UNDER PASS HORMAVU, OUTERE RING ROAD",BUS STOP,10FT,0.0,0.0,0,0,0.0,0.0
Bengaluru City,Banasawadi Traffic PS,1.04432e+16,2020,1,1,Road Accidents,Junction,City/Town,Near Bus stop,Human Error,No,Grievous Injury,Hit pedestrian,Police / Manual,Straight and flat,Two way,Bitumen(Tar),Dry,Not Applicable,Fine,"THANISANDRA BUS STOP, THANISANDARA MAIN ROAD",Electric pol,15 FT,0.0,0.0,0,0,0.0,0.0
Bengaluru City,Banasawadi Traffic PS,1.04432e+16,2020,1,2,Road Accidents,Curves,City/Town,Near Petrol Pump,Human Error,Yes,Fatal,Hit bicyclist,Police / Manual,Curve,Others,Concrete,Dry,Pot holed,Fine,HORAMVU RAILWAY UNDER PASS,PETROL PUMP,50,0.0,0.0,5,0,0.0,5.0
Bengaluru City,Banasawadi Traffic PS,1.04432e+16,2020,1,2,Road Accidents,Junction,City/Town,Near Bus stop,Human Error,Yes,Simple Injury,Vehicle to Vehicle,Police / Manual,Curve,Two way,Bitumen(Tar),Dry,Not Applicable,Fine,"CAHNDAR SHEKAR INSTUTE NEAR CHANDRIKA JUNCTION, OIL MILL ROAD",BMTC BUS STOP,15 FT,0.0,0.0,0,0,0.0,0.0
Bengaluru City,Banasawadi Traffic PS,1.04432e+16,2020,1,1,Road Accidents,Curves,City/Town,Narrow bridge or culverts,Human Error,No,Fatal,Not Applicable,Police / Manual,Curve,Others,Concrete,Dry,Not Applicable,Cloudy,"HENNRU UNDER BRIDGE, OUTER RING ROAD",HENNRU MAJID,100,0.0,0.0,0,0,0.0,0.0
Bengaluru City,Banasawadi Traffic PS,1.04432e+16,2020,1,1,Road Accidents,Not Applicable,City/Town,Residential area,Human Error,No,Simple Injury,Hit pedestrian,Controlled,Straight and flat,Residential Street,Bitumen(Tar),Dry,No influence on accident,Clear,NEAR NITYA FANCY CENTER 7TH A CROSS,NEAR NITYA FANCY CENTER,10 FT,0.0,0.0,0,0,0.0,0.0
Bengaluru City,Banasawadi Traffic PS,1.04432e+16,2020,1,1,Road Accidents,Narrow road,City/Town,Near a religious place,Human Error,No,Damage Only,Vehicle to Vehicle,Police / Manual,Others,Others,Bitumen(Tar),Dry,Not Applicable,Fine,NEAR JOOT CHURCH,JOOT CHURCH,100,0.0,0.0,0,0,0.0,0.0
Bengaluru City,Banasawadi Traffic PS,1.04432e+16,2020,1,2,Road Accidents,Junction,City/Town,Near office complex,Human Error,Yes,Simple Injury,Vehicle to Vehicle,Police / Manual,Straight and flat,Two way,Bitumen(Tar),Dry,Not Applicable,Cloudy,"OPP BALALJI BAR, NEAR HDFC ATM, RS PALYA MAIN ROAD, R S PALYA",BALAJI BAR,15FT,0.0,0.0,0,0,0.0,0.0
Bengaluru City,Banasawadi Traffic PS,1.04432e+16,2021,1,1,Road Accidents,Narrow road,City/Town,Near Petrol Pump,Human Error,Yes,Grievous Injury,Hit pedestrian,Police / Manual,Not Applicable,One way,Bitumen(Tar),Dry,Not Applicable,Clear,BANASWADI MAIN ROAD.JAIBARATH NAGAR.BENGLURE,ORION MALL,3,0.0,0.0,0,0,0.0,0.0
Bengaluru City,Banasawadi Traffic PS,1.04432e+16,2021,1,2,Road Accidents,Narrow road,City/Town,Near Petrol Pump,Not Applicable,Yes,Grievous Injury,Vehicle to Vehicle,Police / Manual,Not Applicable,One way,Bitumen(Tar),Dry,Not Applicable,Fine,THANISANDRA MAIN ROAD,NEAR KC DAS SWEET STOR,5KM,0.0,0.0,0,0,0.0,0.0