DISTRICTNAME,UNITNAME,Crime_No,Year,RI,Noofvehicle_involved,Accident_Classification,Accident_Spot,Accident_Location,Accident_SubLocation,Main_Cause,Hit_Run,Severity,Collision_Type,Junction_Control,Road_Character,Road_Type,Surface_Type,Surface_Condition,Road_Condition,Weather,Accident_Road,Landmark_first,Distance_LandMark_First,Latitude,Longitude,Road_Condition_Score,Surface_Condition_Score,Surface_Type_Score,Road_Risk_Index
Bengaluru City,Banasawadi Traffic PS,1.04432e+16,2021,1,2,Road Accidents,Cross roads,City/Town,Open area,Not Applicable,No,Grievous Injury,Vehicle to Vehicle,Police / Manual,Curve,Residential Street,Bitumen(Tar),Dry,Not Applicable,Clear,NEAR ABC PARK,NEAR ABC PARK,2KM,0.0,0.0,0,0,0.0,0.0
Bengaluru City,Banasawadi Traffic PS,1.04432e+16,2021,1,2,Road Accidents,Narrow road,City/Town,Near Bus stop,Human Error,No,Grievous Injury,Vehicle to Vehicle,Police / Manual,Not Applicable,One way,Bitumen(Tar),Dry,Not Applicable,Clear,OUTER RING ROAD HORAMAVU,NEAR HORAMAVU BUS STOP,2,0.0,0.0,0,0,0.0,0.0
Bengaluru City,Banasawadi Traffic PS,1.04432e+16,2021,1,2,Road Accidents,Not Applicable,City/Town,Near School or College,Vehicle Defect,No,Damage Only,Not Applicable,Police / Manual,Not Applicable,One way,Not Applicable,Dry,Not Applicable,Cloudy,THANISANDRA MAIN ROAD,NEAR GANAPATHI DRAIVING SCOOL,4KM,0.0,0.0,0,0,0.0,0.0
Bengaluru City,Banasawadi Traffic PS,1.04432e+16,2021,1,2,Road Accidents,Not Applicable,City/Town,Narrow bridge or culverts,Human Error,No,Grievous Injury,Vehicle to Vehicle,Not at  Junction,Straight and flat,Not Applicable,Bitumen(Tar),Dry,No influence on accident,Clear,"Kalyanagar Bridge, Outer Ring Road",Street Light Pole,38 Ft,0.0,0.0,0,0,0.0,0.0
Bengaluru City,Banasawadi Traffic PS,1.04432e+16,2021,1,2,Road Accidents,Junction,City/Town,Open area,Human Error,No,Grievous Injury,Vehicle to Vehicle,Police / Manual,Straight and flat,Two way,Bitumen(Tar),Dry,Not Applicable,Fine,"HORAMAVU JUNCTION,",HIGH MASK LIGHT,15FT,0.0,0.0,0,0,0.0,0.0
Bengaluru City,Banasawadi Traffic PS,1.04432e+16,2021,1,1,Road Accidents,Narrow road,City/Town,Near School or College,Not Applicable,Yes,Damage Only,Not Applicable,Police / Manual,Not Applicable,One way,Bitumen(Tar),Dry,Not Applicable,Clear,HENNURU MAIN ROAD,NEAR JYOTHY SCHOOL,3KM,0.0,0.0,0,0,0.0,0.0
Bengaluru City,Banasawadi Traffic PS,1.04432e+16,2021,1,2,Road Accidents,Junction,City/Town,Residential area,Human Error,Yes,Simple Injury,Vehicle to Vehicle,Police / Manual,Straight and flat,Two way,Bitumen(Tar),Dry,Not Applicable,Clear,"JAMES ROAD, KAMMNAHALLI",ELECTRIC POLE,14FT,0.0,0.0,0,0,0.0,0.0
Bengaluru City,Banasawadi Traffic PS,1.04432e+16,2021,1,2,Road Accidents,Narrow road,City/Town,Residential area,Human Error,Not Applicable,Simple Injury,Vehicle to Vehicle,Police / Manual,Not Applicable,One way,Bitumen(Tar),Dry,Not Applicable,Clear,OUTER RING ROAD HENNURE,NEAR NAVAJEEVANA ASHRAMA HENNURE,3,0.0,0.0,0,0,0.0,0.0
Bengaluru City,Banasawadi Traffic PS,1.04432e+16,2021,1,2,Road Accidents,Narrow road,City/Town,Near Petrol Pump,Vehicle Defect,No,Damage Only,Vehicle to Vehicle,Police / Manual,Not Applicable,One way,Bitumen(Tar),Dry,Not Applicable,Clear,HENNURU SERVICE ROAD,NEAR PETROL PUMP,2,0.0,0.0,0,0,0.0,0.0
Bengaluru City,Banasawadi Traffic PS,1.04432e+16,2021,1,3,Road Accidents,Narrow road,City/Town,Near office complex,Human Error,No,Grievous Injury,Vehicle to Vehicle,Police / Manual,Not Applicable,One way,Bitumen(Tar),Dry,Not Applicable,Clear,OUTER RING ROAD,NEAR GINGER GURDEN HOTEL,2KM,0.0,0.0,0,0,0.0,0.0
Bengaluru City,Banasawadi Traffic PS,1.04432e+16,2021,1,3,Road Accidents,Junction,City/Town,Near office complex,Human Error,No,Simple Injury,Vehicle to Vehicle,Police / Manual,Straight and flat,State Highway,Bitumen(Tar),Dry,Not Applicable,Cloudy,TOWARDS K R PURAM OUTER RING ROAD OPP NINE STAR ENTERPRISES,CENTER MEDIAN,25FT,0.0,0.0,0,0,0.0,0.0
Bengaluru City,Banasawadi Traffic PS,1.04432e+16,2021,1,2,Road Accidents,Not Applicable,City/Town,Near School or College,Human Error,Yes,Fatal,Vehicle to Vehicle,Signal lights Blinking,Straight and flat,Arterial,Bitumen(Tar),Dry,No influence on accident,Clear,"Nagarava Uppara Ramp, Outer Ring Road",Electrical Pole,88 Ft,0.0,0.0,0,0,0.0,0.0
Bengaluru City,Banasawadi Traffic PS,1.04432e+16,2021,1,1,Road Accidents,Junction,City/Town,Near Bus stop,Human Error,No,Grievous Injury,Hit pedestrian,Police / Manual,Straight and flat,One way,Bitumen(Tar),Dry,Not Applicable,Cloudy,"NEAR BATA SHOW ROOM, MARUTHI SEVANAGAR, BABUSAPALYA",Electric Pole,FT,0.0,0.0,0,0,0.0,0.0
Bengaluru City,Banasawadi Traffic PS,1.04432e+16,2021,1,3,Road Accidents,Narrow road,City/Town,Near Bus stop,Human Error,No,Fatal,Vehicle to Vehicle,Police / Manual,Not Applicable,One way,Bitumen(Tar),Dry,Not Applicable,Clear,Outer ring road Babusapalya,NEAR BABUSAPALYA BUS STOP,2,0.0,0.0,0,0,0.0,0.0
Bengaluru City,Banasawadi Traffic PS,1.04432e+16,2021,1,2,Road Accidents,Narrow road,City/Town,Near Bus stop,Human Error,No,Grievous Injury,Vehicle to Vehicle,Police / Manual,Others,One way,Bitumen(Tar),Dry,Not Applicable,Clear,NEAR  FOREST OFFICE NAGAVAR,NEAR FOREST OFFICE,4KM,0.0,0.0,0,0,0.0,0.0
Bengaluru City,Banasawadi Traffic PS,1.04432e+16,2021,1,2,Road Accidents,Narrow road,City/Town,Near School or College,Human Error,No,Simple Injury,Vehicle to Vehicle,Police / Manual,Not Applicable,One way,Bitumen(Tar),Dry,Not Applicable,Clear,HENNURU MAIN ROAD,NEAR TECHAR ACADEMI,3km,0.0,0.0,0,0,0.0,0.0
Bengaluru City,Banasawadi Traffic PS,1.04432e+16,2021,1,2,Road Accidents,Narrow road,City/Town,Near School or College,Human Error,Yes,Grievous Injury,Vehicle to Vehicle,Police / Manual,Others,One way,Bitumen(Tar),Dry,Not Applicable,Clear,Babusapalya  service road,Near by lords english high school,3KM,0.0,0.0,0,0,0.0,0.0
Bengaluru City,Banasawadi Traffic PS,1.04432e+16,2021,1,2,Road Accidents,Junction,City/Town,In bazaar,Human Error,No,Grievous Injury,Vehicle to Vehicle,Police / Manual,Straight and flat,Two way,Bitumen(Tar),Dry,Not Applicable,Cloudy,NEAR POORVIKA MOBILE SHOP NEHRU ROAD KAMMANHALLI,LIGHT POLE,20FT,0.0,0.0,0,0,0.0,0.0
Bengaluru City,Banasawadi Traffic PS,1.04432e+16,2021,1,1,Road Accidents,Narrow road,City/Town,Near office complex,Human Error,No,Fatal,Hit pedestrian,Police / Manual,Not Applicable,One way,Bitumen(Tar),Dry,Not Applicable,Clear,OUTER RING ROAD KALYANANAGARA,NEAR CROMA SHOW ROOM,02KM,0.0,0.0,0,0,0.0,0.0
Bengaluru City,Banasawadi Traffic PS,1.04432e+16,2021,1,2,Road Accidents,Not Applicable,City/Town,Near Petrol Pump,Human Error,Yes,Grievous Injury,Vehicle to Vehicle,Not at  Junction,Straight and flat,Sub Arterial,Bitumen(Tar),Dry,No influence on accident,Clear,Maruthi Seva Nagar-Subbaiah Palya Road,Street Light Pole,20 Ft,0.0,0.0,0,0,0.0,0.0
Bengaluru City,Banasawadi Traffic PS,1.04432e+16,2021,1,2,Road Accidents,Narrow road,City/Town,Near office complex,Not Applicable,Yes,Simple Injury,Vehicle to Vehicle,Police / Manual,Not Applicable,One way,Bitumen(Tar),Dry,Not Applicable,Clear,HENNURU BAGALURE MAIN ROAD,near coffe day shop,03km,0.0,0.0,0,0,0.0,0.0
Bengaluru City,Banasawadi Traffic PS,1.04432e+16,2021,1,1,Road Accidents,Narrow road,City/Town,In bazaar,Human Error,Yes,Simple Injury,Hit pedestrian,Police / Manual,Others,One way,Bitumen(Tar),Dry,Not Applicable,Cloudy,HENNURE MAIN ROAD,NEAR BY SHOBHA SUPER MARKET,03KM,0.0,0.0,0,0,0.0,0.0
Bengaluru City,Banasawadi Traffic PS,1.04432e+16,2021,1,2,Road Accidents,Junction,City/Town,Near Hospital,Human Error,No,Grievous Injury,Vehicle to Vehicle,Police / Manual,Straight and flat,Two way,Bitumen(Tar),Dry,Not Applicable,Cloudy,OPP APOLO CLINIC AND PHARMACY RAMAIAH LAYOUT AGAR MAIN ROAD,Electric Pole,10FT,0.0,0.0,0,0,0.0,0.0
Bengaluru City,Banasawadi Traffic PS,1.04432e+16,2021,1,2,Road Accidents,Not Applicable,City/Town,Near Bus stop,Human Error,No,Grievous Injury,Vehicle to Vehicle,Not at  Junction,Straight and flat,Arterial,Bitumen(Tar),Dry,No influence on accident,Fine,Banasawadi Main Road,Canara Bank,21Ft,0.0,0.0,0,0,0.0,0.0
Bengaluru City,Banasawadi Traffic PS,1.04432e+16,2021,1,1,Road Accidents,Narrow road,City/Town,In bazaar,Human Error,Not Applicable,Simple Injury,Not Applicable,Police / Manual,Not Applicable,One way,Bitumen(Tar),Dry,Not Applicable,Clear,thanisandra main road op to krushna sagar hotel,krushna sagar hotel,5KM,0.0,0.0,0,0,0.0,0.0
Bengaluru City,Banasawadi Traffic PS,1.04432e+16,2021,1,3,Road Accidents,Narrow road,City/Town,Near School or College,Human Error,No,Grievous Injury,Vehicle to Vehicle,Police / Manual,Not Applicable,One way,Bitumen(Tar),Dry,Not Applicable,Clear,thanisandra main road op  Elements mall.,ELEMENTS MALL,4km,0.0,0.0,0,0,0.0,0.0
Bengaluru City,Banasawadi Traffic PS,1.04432e+16,2021,1,2,Road Accidents,Junction,City/Town,In bazaar,Human Error,No,Grievous Injury,Vehicle to Vehicle,Police / Manual,Straight and flat,Two way,Bitumen(Tar),Dry,Not Applicable,Fine,"OPP MMA HOTEL 100 FEET ROAD, BANASAWADI MAIN ROAD",SREE BALAJI STOR,15 FT,0.0,0.0,0,0,0.0,0.0
Bengaluru City,Banasawadi Traffic PS,1.04432e+16,2021,1,1,Road Accidents,Junction,City/Town,Near office complex,Human Error,No,Grievous Injury,Vehicle to Vehicle,Police / Manual,Straight and flat,Two way,Bitumen(Tar),Dry,Not Applicable,Cloudy,"CHANDIREKA JUNCTION, NEAR MUTHOT FINCE HENNRU MAIN ROAD",ELECTRIC POLE,33FT,0.0,0.0,0,0,0.0,0.0
Bengaluru City,Banasawadi Traffic PS,1.04432e+16,2021,1,2,Road Accidents,Junction,City/Town,Near Hospital,Human Error,Yes,Simple Injury,Vehicle to Vehicle,Signal lights Blinking,Slight Curve,Arterial,Bitumen(Tar),Dry,No influence on accident,Clear,"Hennuru Main Road, Near Chandrika Junction",Electrical Pole,34 Ft,0.0,0.0,0,0,0.0,0.0
Bengaluru City,Banasawadi Traffic PS,1.04432e+16,2021,1,2,Road Accidents,Junction,City/Town,Near Petrol Pump,Human Error,No,Damage Only,Vehicle to Vehicle,No signal lights,Straight and flat,Two way,Bitumen(Tar),Dry,Not Applicable,Fine,"HENNUR CROSS, LINGARAJAPURAM ROAD",Electric Pole,18Ft,0.0,0.0,0,0,0.0,0.0
Bengaluru City,Banasawadi Traffic PS,1.04432e+16,2021,1,1,Road Accidents,Cross roads,City/Town,Residential area,Human Error,No,Grievous Injury,Hit pedestrian,Not at  Junction,Straight and flat,Two way,Bitumen(Tar),Dry,Not Applicable,Clear,"3RD MAIN, 24R BLOCK HRBR LAYOUT, KALYAN NAGAR BANGALORE",FLAGE POST,40FT,0.0,0.0,0,0,0.0,0.0
Bengaluru City,Banasawadi Traffic PS,1.04432e+16,2021,1,2,Road Accidents,Narrow road,City/Town,Near office complex,Human Error,No,Grievous Injury,Vehicle to Vehicle,Police / Manual,Not Applicable,Not Applicable,Bitumen(Tar),Dry,Not Applicable,Cloudy,OUTER RING ROAD KALYANA NAGARA,NEAR CROMA SHOW ROOM,2KM,0.0,0.0,0,0,0.0,0.0
Bengaluru City,Banasawadi Traffic PS,1.04432e+16,2021,1,2,Rail Road Accidents,Junction,City/Town,Near office complex,Human Error,No,Simple Injury,Vehicle to Vehicle,Police / Manual,Straight and flat,Two way,Bitumen(Tar),Dry,Not Applicable,Cloudy,NEAR FOREST OFFICE OUTER RING ROAD,ELECTRIC POLE,15FT,0.0,0.0,0,0,0.0,0.0
Bengaluru City,Banasawadi Traffic PS,1.04432e+16,2021,1,2,Road Accidents,Cross roads,City/Town,Residential area,Human Error,No,Damage Only,Vehicle to Vehicle,Not at  Junction,Straight and flat,Two way,Bitumen(Tar),Dry,Not Applicable,Clear,"HBR 5TH BLOCK, KALYAN NAGAR",DEVARAJ BUILDING,35 FT,0.0,0.0,0,0,0.0,0.0
Bengaluru City,Banasawadi Traffic PS,1.04432e+16,2021,1,2,Road Accidents,Junction,City/Town,Residential area,Human Error,No,Grievous Injury,Vehicle to Vehicle,Police / Manual,Straight and flat,Two way,Bitumen(Tar),Dry,Not Applicable,Clear,"HRBR LAYOUT 2ND BLOCK, 2ND MAIN, BANASAWADI",Electric Pole,33FT,0.0,0.0,0,0,0.0,0.0
Bengaluru City,Banasawadi Traffic PS,1.04432e+16,2021,1,2,Not Applicable,Narrow road,City/Town,Near School or College,Human Error,No,Grievous Injury,Vehicle to Vehicle,Police / Manual,Not Applicable,One way,Bitumen(Tar),Dry,Not Applicable,Clear,HENNURU MAIN ROAD,TEACHERS ACADEMY,3,0.0,0.0,0,0,0.0,0.0
Bengaluru City,Banasawadi Traffic PS,1.04432e+16,2021,1,2,Road Accidents,Narrow road,City/Town,Open area,Human Error,No,Grievous Injury,Vehicle to Vehicle,Police / Manual,Not Applicable,One way,Bitumen(Tar),Dry,Not Applicable,Clear,HENNURE BAGALURE MAIN ROAD,NEAR RAILWAY BRIDGE,4km,0.0,0.0,0,0,0.0,0.0
Bengaluru City,Banasawadi Traffic PS,1.04432e+16,2021,1,1,Road Accidents,Junction,City/Town,In bazaar,Human Error,No,Simple Injury,Hit pedestrian,Police / Manual,Others,One way,Bitumen(Tar),Dry,Not Applicable,Clear,"Near Horamavu Signal, Outer Ring Road",NEAR UNDERPASS,3KM,0.0,0.0,0,0,0.0,0.0
Bengaluru City,Banasawadi Traffic PS,1.04432e+16,2021,1,3,Road Accidents,Narrow road,City/Town,Near office complex,Human Error,No,Fatal,Hit pedestrian,Police / Manual,Not Applicable,One way,Bitumen(Tar),Dry,Not Applicable,Clear,100 FEET ROAD DHODDABANASWADI,NEAR BY MMA KABAB HOTEL,3KM,0.0,0.0,0,0,0.0,0.0
Bengaluru City,Banasawadi Traffic PS,1.04432e+16,2021,1,1,Road Accidents,Junction,City/Town,Near office complex,Human Error,No,Fatal,Not Applicable,Police / Manual,Straight and flat,Two way,Bitumen(Tar),Dry,Not Applicable,Cloudy,"OPP SKODA SHOW ROOM, HENNURU MAIN ROAD GEDDALAHALLI",STREET LIGHT,20FT,0.0,0.0,0,0,0.0,0.0
Bengaluru City,Banasawadi Traffic PS,1.04432e+16,2021,1,2,Road Accidents,Cross roads,City/Town,Near a religious place,Human Error,No,Grievous Injury,Vehicle to Vehicle,Police / Manual,Straight and flat,Two way,Bitumen(Tar),Dry,Not Applicable,Fine,OPP TO FILTER COFFEE 80 FT ROAD KALYAN NAGAR,BLIKAR POLE,20FT,0.0,0.0,0,0,0.0,0.0
Bengaluru City,Banasawadi Traffic PS,1.04432e+16,2021,1,2,Road Accidents,Curves,City/Town,Residential area,Human Error,Yes,Damage Only,Vehicle to Vehicle,No signal lights,Straight and flat,Two way,Bitumen(Tar),Dry,Not Applicable,Cloudy,"OPP 04 NANJAPPA GARDEN BABUSAPALYA MAIN ROAD, BANASAWADI",ELECTRIC POLE,15FT,0.0,0.0,0,0,0.0,0.0
Bengaluru City,Banasawadi Traffic PS,1.04432e+16,2021,1,1,Road Accidents,Junction,City/Town,Near Hospital,Human Error,No,Grievous Injury,Hit pedestrian,Police / Manual,Straight and flat,Two way,Bitumen(Tar),Dry,Not Applicable,Clear,"OPP NAVASHAKTHI NETHRALAYA, OUTER RING ROAD",ELECTRIC POLE,32FT,0.0,0.0,0,0,0.0,0.0
Bengaluru City,Banasawadi Traffic PS,1.04432e+16,2021,1,1,Road Accidents,Junction,City/Town,Residential area,Human Error,Yes,Grievous Injury,Hit pedestrian,Police / Manual,Straight and flat,Two way,Bitumen(Tar),Dry,Not Applicable,Clear,"8TH MAIN, 3RD CROSS, 1ST BLOCK, KALYAN NAGAR",Electric Pole,38FT,0.0,0.0,0,0,0.0,0.0
Bengaluru City,Banasawadi Traffic PS,1.04432e+16,2021,1,2,Road Accidents,Narrow road,City/Town,Open area,Human Error,No,Grievous Injury,Vehicle to Vehicle,Not at  Junction,Straight and flat,Sub Arterial,Bitumen(Tar),Dry,No influence on accident,Clear,Agar-Kalkere Main Road,Street Light Pole,06Ft,0.0,0.0,0,0,0.0,0.0
Bengaluru City,Banasawadi Traffic PS,1.04432e+16,2021,1,1,Road Accidents,Junction,City/Town,In bazaar,Human Error,No,Fatal,Not Applicable,Police / Manual,Straight and flat,Two way,Bitumen(Tar),Dry,Not Applicable,Clear,"NEAR AXIS BANK ATM, NEHRU ROAD",ELECTRIC POLE,22FT,0.0,0.0,0,0,0.0,0.0
Bengaluru City,Banasawadi Traffic PS,1.04432e+16,2021,1,3,Road Accidents,Narrow road,City/Town,Near Bus stop,Human Error,Yes,Fatal,Vehicle to Vehicle,Police / Manual,Not Applicable,One way,Bitumen(Tar),Dry,Not Applicable,Fine,thanisandra main road op to k c das store,K C DHAS SWEET SHOP,5KM,0.0,0.0,0,0,0.0,0.0
Bengaluru City,Banasawadi Traffic PS,1.04432e+16,2021,1,1,Road Accidents,Not Applicable,City/Town,Near Bus stop,Human Error,Yes,Fatal,Hit pedestrian,Not at  Junction,Straight and flat,Major District Road,Gravel,Dry,No influence on accident,Clear,"Outer Ring Road, Near Horamavu Bus Stop",Bus Stop,40Ft,0.0,0.0,0,0,3.0,3.0
Bengaluru City,Banasawadi Traffic PS,1.04432e+16,2021,1,1,Road Accidents,Narrow road,City/Town,Near Bus stop,Human Error,No,Grievous Injury,Hit pedestrian,Police / Manual,Not Applicable,One way,Bitumen(Tar),Dry,Not Applicable,Clear,HENNURE BAGALURE MAIN ROAD,NEAR SHANIMAHATMA TEMPLE,3,0.0,0.0,0,0,0.0,0.0
Bengaluru City,Banasawadi Traffic PS,1.04432e+16,2021,1,2,Road Accidents,Narrow road,City/Town,Narrow bridge or culverts,Human Error,Not Applicable,Simple Injury,Vehicle to Vehicle,Police / Manual,Not Applicable,One way,Bitumen(Tar),Dry,Not Applicable,Clear,HENNURRE BAGALURU MAIN ROAD,RAILWAY GATE,3,0.0,0.0,0,0,0.0,0.0
Bengaluru City,Banasawadi Traffic PS,1.04432e+16,2021,1,1,Road Accidents,Not Applicable,City/Town,Near a factory industrial area,Human Error,Yes,Fatal,Hit pedestrian,Not at  Junction,Straight and flat,Sub Arterial,Bitumen(Tar),Dry,No influence on accident,Clear,Dhanisandra Main Road,Electrical Pole,26Ft,0.0,0.0,0,0,0.0,0.0
Bengaluru City,Banasawadi Traffic PS,1.04432e+16,2021,1,1,Road Accidents,Not Applicable,City/Town,Open area,Human Error,Yes,Fatal,Hit pedestrian,Not at  Junction,Straight and flat,Arterial,Bitumen(Tar),Dry,No influence on accident,Clear,"Babusapalya, Kalyanagar, Outer Ring Road",Green Tree,55Ft,0.0,0.0,0,0,0.0,0.0
Bengaluru City,Banasawadi Traffic PS,1.04432e+16,2021,1,2,Road Accidents,Not Applicable,City/Town,Near Bus stop,Human Error,Yes,Fatal,Vehicle to Vehicle,Not at  Junction,Straight and flat,Arterial,Bitumen(Tar),Dry,No influence on accident,Clear,KAMMAMAHALLI MAIN ROAD,Green Tree,13Ft,0.0,0.0,0,0,0.0,0.0
Bengaluru City,Banasawadi Traffic PS,1.04432e+16,2021,1,1,Road Accidents,Not Applicable,City/Town,Narrow bridge or culverts,Human Error,No,Simple Injury,Not Applicable,No signal lights,Straight and flat,State Highway,Bitumen(Tar),Dry,Not Applicable,Fine,OUTER RING ROAD HENNUR UNDER PASS,BMTC BUS STAND,40FT,0.0,0.0,0,0,0.0,0.0
Bengaluru City,Banasawadi Traffic PS,1.04432e+16,2021,1,2,Road Accidents,Junction,City/Town,Near School or College,Human Error,No,Grievous Injury,Vehicle to Vehicle,Police / Manual,Straight and flat,Two way,Bitumen(Tar),Dry,Not Applicable,Fine,KACHARAKANAHALLI HENNUR MAIN ROAD,ELECTRIC POLE,30FT,0.0,0.0,0,0,0.0,0.0
Bengaluru City,Banasawadi Traffic PS,1.04432e+16,2021,1,7,Road Accidents,Not Applicable,City/Town,Near Bus stop,Human Error,No,Damage Only,Vehicle to Vehicle,Not at  Junction,Straight and flat,Not Applicable,Bitumen(Tar),Dry,No influence on accident,Clear,Kalyananagar service road,Electric Pole,38Ft,0.0,0.0,0,0,0.0,0.0
Bengaluru City,Banasawadi Traffic PS,1.04432e+16,2021,1,2,Road Accidents,Circle,City/Town,Near Bus stop,Human Error,No,Damage Only,Vehicle to Vehicle,Police / Manual,Straight and flat,Two way,Bitumen(Tar),Dry,No influence on accident,Fine,HORAMAVU MAIN ROAD,LIGHT POLE,22 FT,0.0,0.0,0,0,0.0,0.0
Bengaluru City,Banasawadi Traffic PS,1.04432e+16,2021,1,2,Road Accidents,Narrow road,City/Town,Near office complex,Human Error,No,Simple Injury,Vehicle to Vehicle,Police / Manual,Others,One way,Bitumen(Tar),Dry,Not Applicable,Clear,KAMMANAHALLI MAIN ROAD,NEAR AIRTEL OFFICE KAMMANAHALLI,2KM,0.0,0.0,0,0,0.0,0.0
Bengaluru City,Banasawadi Traffic PS,1.04432e+16,2021,1,2,Road Accidents,Junction,City/Town,Open area,Human Error,No,Simple Injury,Vehicle to Vehicle,Police / Manual,Straight and flat,Two way,Bitumen(Tar),Dry,Not Applicable,Fine,OUTER RING ROAD HORMAVU JUNCTION,ELECTRIC POLE,30FT,0.0,0.0,0,0,0.0,0.0
Bengaluru City,Banasawadi Traffic PS,1.04432e+16,2021,1,2,Road Accidents,Narrow road,City/Town,Near office complex,Human Error,No,Simple Injury,Vehicle to Vehicle,Police / Manual,Not Applicable,One way,Bitumen(Tar),Dry,Not Applicable,Cloudy,KAMMAMAHALLI MAI ROAD,NEAR AYYANGAR BEKARI,02KM,0.0,0.0,0,0,0.0,0.0
Bengaluru City,Banasawadi Traffic PS,1.04432e+16,2021,1,2,Road Accidents,Junction,City/Town,Open area,Human Error,Yes,Grievous Injury,Vehicle to Vehicle,Signal lights Blinking,Straight and flat,Arterial,Bitumen(Tar),Dry,No influence on accident,Clear,"Outer Ring Road, Hennur Service Road",High Mask Light Pole,32Ft,0.0,0.0,0,0,0.0,0.0
Bengaluru City,Banasawadi Traffic PS,1.04432e+16,2021,1,2,Road Accidents,Not Applicable,City/Town,Near a factory industrial area,Human Error,Yes,Fatal,Vehicle to Vehicle,Not at  Junction,Straight and flat,Arterial,Concrete,Dry,Pot holed,Clear,Thanisandra-Hegde Nagar Main Road,ELECTRIC POLE,15FT,0.0,0.0,5,0,0.0,5.0
Bengaluru City,Banasawadi Traffic PS,1.04432e+16,2021,1,1,Road Accidents,Narrow road,City/Town,Near a religious place,Human Error,Yes,Simple Injury,Hit pedestrian,Police / Manual,Not Applicable,One way,Bitumen(Tar),Dry,Not Applicable,Clear,HORAMAVU MAIN ROAD,NEAR KEERTHI CHALET APPORTMENT APPAYYA LAYOUT,4KM,0.0,0.0,0,0,0.0,0.0
Bengaluru City,Banasawadi Traffic PS,1.04432e+16,2021,1,1,Road Accidents,Junction,City/Town,In bazaar,Human Error,Yes,Grievous Injury,Vehicle to Vehicle,Police / Manual,Straight and flat,Two way,Bitumen(Tar),Dry,Not Applicable,Cloudy,OPP TO D MART HENNUR MAIN ROAD HENNNUR,ELECTRIC POLE,42FT,0.0,0.0,0,0,0.0,0.0
Bengaluru City,Banasawadi Traffic PS,1.04432e+16,2021,1,1,Road Accidents,Junction,City/Town,Near Bus stop,Human Error,No,Grievous Injury,Hit pedestrian,Police / Manual,Straight and flat,Two way,Bitumen(Tar),Dry,Not Applicable,Fine,"NEAR BABUSAPALYA SKY WALK, HEBBAL OUTER RING ROAD,",Electric Pole,16FT,0.0,0.0,0,0,0.0,0.0
Bengaluru City,Banasawadi Traffic PS,1.04432e+16,2021,1,2,Road Accidents,Cross roads,City/Town,Near office complex,Human Error,No,Grievous Injury,Vehicle to Vehicle,No signal lights,Straight and flat,Two way,Bitumen(Tar),Dry,Not Applicable,Clear,"INFRONT OF BANGALORE ONE CENTER BABUSAPALYA, HORAMVU SERVICE ROAD",Electric Pole,19FT,0.0,0.0,0,0,0.0,0.0
Bengaluru City,Banasawadi Traffic PS,1.04432e+16,2021,1,1,Road Accidents,Junction,City/Town,Near Bus stop,Human Error,No,Grievous Injury,Hit pedestrian,Police / Manual,Straight and flat,Two way,Bitumen(Tar),Dry,Not Applicable,Fine,"NEAR FOREST OFFICE OPP HBR BUS STOP, TOWARDS HEBBAL.",Electric Pole,15 FT,0.0,0.0,0,0,0.0,0.0
Bengaluru City,Banasawadi Traffic PS,1.04432e+16,2021,1,1,Road Accidents,Not Applicable,City/Town,Near Bus stop,Human Error,No,Grievous Injury,Vehicle to Vehicle,No signal lights,Straight and flat,Two way,Bitumen(Tar),Dry,Not Applicable,Cloudy,"HENNRU UNDERPASS, OUTER RING ROAD",UNDER PASS  WALL,30FT,0.0,0.0,0,0,0.0,0.0
Bengaluru City,Banasawadi Traffic PS,1.04432e+16,2021,1,2,Road Accidents,Narrow road,City/Town,Near School or College,Vehicle Defect,No,Damage Only,Not Applicable,Police / Manual,Not Applicable,One way,Bitumen(Tar),Dry,Not Applicable,Fine,HENNURE MAIN ROAD,NEAR HENNURU MAIN ROAD,4,0.0,0.0,0,0,0.0,0.0
Bengaluru City,Banasawadi Traffic PS,1.04432e+16,2021,1,2,Road Accidents,Junction,City/Town,In bazaar,Human Error,No,Fatal,Vehicle to Vehicle,Police / Manual,Straight and flat,One way,Bitumen(Tar),Dry,Not Applicable,Fine,OPP TO KANTHI SWEET THANISANDRA  MAIN RAOD SARAYI PALYA,KANTHI SWEET,25FT,0.0,0.0,0,0,0.0,0.0
Bengaluru City,Banasawadi Traffic PS,1.04432e+16,2021,1,2,Road Accidents,Junction,City/Town,Near a recreation place/cinema,Human Error,No,Grievous Injury,Vehicle to Vehicle,Signal lights Blinking,Straight and flat,Arterial,Bitumen(Tar),Dry,No influence on accident,Clear,"Kalyan Nagar, 80 Ft Road",Electric Pole,18Ft,0.0,0.0,0,0,0.0,0.0
Bengaluru City,Banasawadi Traffic PS,1.04432e+16,2021,1,2,Road Accidents,Junction,City/Town,Near Hospital,Human Error,No,Grievous Injury,Vehicle to Vehicle,Police / Manual,Curve,Two way,Bitumen(Tar),Dry,Not Applicable,Clear,HENNURU JANCTION,NEAR HASMANT HOSPITAL,1KM,0.0,0.0,0,0,0.0,0.0
Bengaluru City,Banasawadi Traffic PS,1.04432e+16,2021,1,1,Road Accidents,Narrow road,City/Town,In bazaar,Human Error,Yes,Grievous Injury,Hit pedestrian,Police / Manual,Not Applicable,One way,Bitumen(Tar),Dry,Not Applicable,Clear,RS PALYA MAIN ROAD,NEAR OPPORTMENT,3,0.0,0.0,0,0,0.0,0.0
Bengaluru City,Banasawadi Traffic PS,1.04432e+16,2021,1,2,Road Accidents,Narrow road,City/Town,Near Bus stop,Human Error,No,Fatal,Vehicle to Vehicle,Police / Manual,Others,One way,Bitumen(Tar),Dry,Not Applicable,Cloudy,NAGAVARA FLY OVER OUTER RING ROAD,NAGAVARA FLY OVER,4KM,0.0,0.0,0,0,0.0,0.0
Bengaluru City,Banasawadi Traffic PS,1.04432e+16,2021,1,1,Road Accidents,Narrow road,City/Town,Near office complex,Human Error,Not Applicable,Fatal,Not Applicable,Police / Manual,Not Applicable,One way,Bitumen(Tar),Dry,Not Applicable,Clear,OUTER RING ROAD KALYANANAGAR,NEAR GIRIAS SHOW ROOM,03KM,0.0,0.0,0,0,0.0,0.0