DISTRICTNAME,UNITNAME,Crime_No,Year,RI,Noofvehicle_involved,Accident_Classification,Accident_Spot,Accident_Location,Accident_SubLocation,Main_Cause,Hit_Run,Severity,Collision_Type,Junction_Control,Road_Character,Road_Type,Surface_Type,Surface_Condition,Road_Condition,Weather,Accident_Road,Landmark_first,Distance_LandMark_First,Latitude,Longitude,Road_Condition_Score,Surface_Condition_Score,Surface_Type_Score,Road_Risk_Index
Bengaluru City,Banasawadi Traffic PS,1.04432e+16,2022,1,1,Road Accidents,Narrow road,City/Town,Open area,Human Error,No,Fatal,Not Applicable,Uncontrolled,Curve,Two way,Bitumen(Tar),Dry,No influence on accident,Fine,NEAR KASA GROUND OPPORTMEN ASHWATH NAGARA MAIN ROAD THANISANDRA,NEAR ELECTRIC POLE,43FT,0.0,0.0,0,0,0.0,0.0
Bengaluru City,Banasawadi Traffic PS,1.04432e+16,2022,1,1,Road Accidents,Narrow road,City/Town,Open area,Human Error,No,Grievous Injury,Not Applicable,Uncontrolled,Not Applicable,Two way,Bitumen(Tar),Dry,Not Applicable,Cloudy,80FT ROAD KALYANANAGAR,NEAR KOTAK MAHINDRA BANK,3FT,0.0,0.0,0,0,0.0,0.0
Bengaluru City,Banasawadi Traffic PS,1.04432e+16,2022,1,1,Road Accidents,Narrow road,City/Town,Open area,Human Error,Yes,Grievous Injury,Hit pedestrian,Not at  Junction,Straight and flat,Two way,Bitumen(Tar),Dry,Not Applicable,Cloudy,KAMMANAHALLI MAIN ROAD,NEAR LALITHA JEWELLERS,21FT,0.0,0.0,0,0,0.0,0.0
Bengaluru City,Banasawadi Traffic PS,1.04432e+16,2022,1,2,Road Accidents,Junction,City/Town,Near a recreation place/cinema,Human Error,No,Grievous Injury,Vehicle to Vehicle,Signal lights Blinking,Straight and flat,Arterial,Bitumen(Tar),Dry,No influence on accident,Clear,Thanisandra Main Road,Signal Light Pole,40Ft,0.0,0.0,0,0,0.0,0.0
Bengaluru City,Banasawadi Traffic PS,1.04432e+16,2022,1,1,Road Accidents,Junction,City/Town,In bazaar,Human Error,No,Grievous Injury,Hit pedestrian,Police / Manual,Straight and flat,Two way,Bitumen(Tar),Dry,Not Applicable,Cloudy,"OPP JAIPURI CLOTH STORE, KAMMANHALLI MAIN ROAD",ELECTRIC POLE,19FT,0.0,0.0,0,0,0.0,0.0
Bengaluru City,Banasawadi Traffic PS,1.04432e+16,2022,1,2,Road Accidents,Cross roads,City/Town,Residential area,Human Error,No,Grievous Injury,Vehicle to Vehicle,No signal lights,Straight and flat,Two way,Bitumen(Tar),Dry,Not Applicable,Clear,"OPP JALAVAYU VIHAR, 3RD BLOCK, HRBR EXTENSION, KAMMANHALLI",ELECTRIC POLE,21FT,0.0,0.0,0,0,0.0,0.0
Bengaluru City,Banasawadi Traffic PS,1.04432e+16,2022,1,1,Road Accidents,Junction,City/Town,In bazaar,Human Error,No,Grievous Injury,Hit pedestrian,Not at  Junction,Straight and flat,Two way,Bitumen(Tar),Dry,Not Applicable,Cloudy,"Near Elements mall, Thanisandra main road.",ELECTRIC POLE,32FT,0.0,0.0,0,0,0.0,0.0
Bengaluru City,Banasawadi Traffic PS,1.04432e+16,2022,1,2,Road Accidents,Narrow road,City/Town,Open area,Not Applicable,Not Applicable,Grievous Injury,Vehicle to Vehicle,Police / Manual,Not Applicable,One way,Bitumen(Tar),Dry,Not Applicable,Clear,BANASWADI 100 FT ROAD NEAR MMA COBOB HOTEL  BENGALURE,NEAR SHANTHI TIMBER DIPO,4KM,0.0,0.0,0,0,0.0,0.0
Bengaluru City,Banasawadi Traffic PS,1.04432e+16,2022,1,2,Road Accidents,Narrow road,City/Town,Near a religious place,Human Error,Yes,Grievous Injury,Vehicle to Vehicle,Uncontrolled,Not Applicable,Two way,Bitumen(Tar),Dry,Not Applicable,Cloudy,KAMMANAHALLI MAIN ROAD,NEAR ELECTRIC POLE,20FT,0.0,0.0,0,0,0.0,0.0
Bengaluru City,Banasawadi Traffic PS,1.04432e+16,2022,1,1,Road Accidents,Junction,City/Town,Near School or College,Human Error,Yes,Fatal,Hit pedestrian,Controlled,Curve,One way,Concrete,Dry,No influence on accident,Light Rain,Near KEB Junction Outer Ring Road.,Sky Walk Poll,42 FT,0.0,0.0,0,0,0.0,0.0
Bengaluru City,Banasawadi Traffic PS,1.04432e+16,2022,1,2,Road Accidents,Narrow road,City/Town,Near office complex,Human Error,Yes,Grievous Injury,Vehicle to Vehicle,Police / Manual,Others,Two way,Bitumen(Tar),Dry,Not Applicable,Clear,KAMMANAHALLI MAIN ROAD,NEAR ELECTRIC POLE,16FT,0.0,0.0,0,0,0.0,0.0
Bengaluru City,Banasawadi Traffic PS,1.04432e+16,2022,1,4,Road Accidents,Not Applicable,City/Town,Open area,Human Error,No,Grievous Injury,Vehicle to Vehicle,Not at  Junction,Straight and flat,Arterial,Bitumen(Tar),Dry,No influence on accident,Clear,Hennuru-Bagaluru Main Road,Electrical Pole,20Ft,0.0,0.0,0,0,0.0,0.0
Bengaluru City,Banasawadi Traffic PS,1.04432e+16,2022,1,2,Road Accidents,Not Applicable,City/Town,Open area,Human Error,No,Simple Injury,Vehicle to Vehicle,Police / Manual,Others,Others,Bitumen(Tar),Dry,Not Applicable,Fog / Mist,OUTER RING ROAD,OPP CROMA SHOW ROOM,1.5 KM,13.02689,77.6365465,0,0,0.0,0.0
Bengaluru City,Banasawadi Traffic PS,1.04432e+16,2022,1,3,Road Accidents,Junction,City/Town,Near Bus stop,Human Error,No,Grievous Injury,Vehicle to Vehicle,Police / Manual,Others,Others,Concrete,Dry,Not Applicable,Fine,THNAISANDRA MAIN ROAD,OPP SARAYIPALAYA BUS STOP,4 KM,0.0,0.0,0,0,0.0,0.0
Bengaluru City,Banasawadi Traffic PS,1.04432e+16,2022,1,2,Rail Road Accidents,Narrow road,City/Town,Open area,Not Applicable,No,Grievous Injury,Vehicle to Vehicle,Police / Manual,Not Applicable,One way,Bitumen(Tar),Dry,Not Applicable,Fine,SHAMANA LAYOUT 3RD CROSS,NEAR TEMPLE,2km,0.0,0.0,0,0,0.0,0.0
Bengaluru City,Banasawadi Traffic PS,1.04432e+16,2022,1,1,Road Accidents,Narrow road,City/Town,Open area,Human Error,Yes,Fatal,Hit pedestrian,Uncontrolled,Straight and flat,Two way,Bitumen(Tar),Dry,Not Applicable,Clear,HORAMAVU AGARA MAIN ROAD,NEAR SK APPORTMENT,20FT,0.0,0.0,0,0,0.0,0.0
Bengaluru City,Banasawadi Traffic PS,1.04432e+16,2022,1,2,Road Accidents,Narrow road,Rural Areas,Open area,Human Error,No,Grievous Injury,Vehicle to Vehicle,Uncontrolled,Straight and flat,Two way,Bitumen(Tar),Dry,Not Applicable,Clear,HORAMAVU MAIN ROAD,NEAR NANDEESH BEKARY CANDY MENTS,31FET,0.0,0.0,0,0,0.0,0.0
Bengaluru City,Banasawadi Traffic PS,1.04432e+16,2022,1,1,Road Accidents,Not Applicable,City/Town,In bazaar,Human Error,Yes,Simple Injury,Hit pedestrian,Not at  Junction,Straight and flat,Arterial,Bitumen(Tar),Dry,No influence on accident,Clear,Nehru Main Road,Green Tree,12Ft,0.0,0.0,0,0,0.0,0.0
Bengaluru City,Banasawadi Traffic PS,1.04432e+16,2022,1,1,Road Accidents,Curves,City/Town,Near Hospital,Human Error,No,Fatal,Not Applicable,Uncontrolled,Curve,Others,Concrete,Dry,No influence on accident,Fine,"HENNRU UNDERPASS, OUTER RING ROAD",SIGN BOARD,10FT,0.0,0.0,0,0,0.0,0.0
Bengaluru City,Banasawadi Traffic PS,1.04432e+16,2022,1,1,Road Accidents,Junction,City/Town,Near a religious place,Human Error,No,Simple Injury,Not Applicable,Signal lights Blinking,Straight and flat,Arterial,Bitumen(Tar),Dry,No influence on accident,Clear,Banasawadi Main Road,Green Tree,10 Ft,0.0,0.0,0,0,0.0,0.0
Bengaluru City,Banasawadi Traffic PS,1.04432e+16,2022,1,2,Road Accidents,Junction,City/Town,Near Bus stop,Human Error,Yes,Fatal,Vehicle to Vehicle,Controlled,Straight and flat,Others,Concrete,Dry,No influence on accident,Fine,"OPP VIDYA MOAHN BAR & RESTURENT, NEAR NAGAVARA JUNCTION THANISANDRA MAIN ROAD",Bus Stop,8FT,0.0,0.0,0,0,0.0,0.0
Bengaluru City,Banasawadi Traffic PS,1.04432e+16,2022,1,1,Road Accidents,Not Applicable,City/Town,Open area,Human Error,No,Grievous Injury,Not Applicable,Not at  Junction,Straight and flat,Arterial,Concrete,Dry,No influence on accident,Clear,"Outer Ring Road, Hennur Underpass",ELECTRIC POLE,20FT,0.0,0.0,0,0,0.0,0.0
Bengaluru City,Banasawadi Traffic PS,1.04432e+16,2022,1,2,Road Accidents,Junction,City/Town,Near School or College,Human Error,No,Grievous Injury,Vehicle to Vehicle,No signal lights,Others,Others,Bitumen(Tar),Dry,Not Applicable,Clear,hennur bagalur main road near st michels school geddalahalli,Street Light Pole,12Ft,13.053703,77.645427,0,0,0.0,0.0
Bengaluru City,Banasawadi Traffic PS,1.04432e+16,2022,1,2,Road Accidents,Not Applicable,City/Town,Near a religious place,Human Error,Yes,Grievous Injury,Vehicle to Vehicle,No signal lights,Straight and flat,Sub Arterial,Bitumen(Tar),Dry,No influence on accident,Clear,"Good Year School Road, HBR Layout",Electrical Pole,46ft,13.034256,77.632675,0,0,0.0,0.0
Bengaluru City,Banasawadi Traffic PS,1.04432e+16,2022,1,1,Road Accidents,Junction,City/Town,Near Hospital,Human Error,Yes,Fatal,Hit pedestrian,Uncontrolled,Straight and flat,Two way,Bitumen(Tar),Dry,No influence on accident,Fine,RS PALYA MAIN ROAD KOSI MATTA FNS BANGALURU CITY,LIGHT POLE,15 Ft,13.0129191,77.6258461,0,0,0.0,0.0
Bengaluru City,Banasawadi Traffic PS,1.04432e+16,2022,1,1,Road Accidents,Junction,City/Town,Near office complex,Human Error,No,Fatal,Hit pedestrian,Police / Manual,Straight and flat,Two way,Bitumen(Tar),Dry,Not Applicable,Cloudy,OPP ICICI BANK THANISANDRA MAIN ROAD,Electric Pole,25FT,0.0,0.0,0,0,0.0,0.0
Bengaluru City,Banasawadi Traffic PS,1.04432e+16,2022,1,2,Road Accidents,Cross roads,City/Town,Near a religious place,Human Error,Yes,Grievous Injury,Vehicle to Vehicle,No signal lights,Straight and flat,Two way,Bitumen(Tar),Dry,Not Applicable,Cloudy,"6TH CROSS CHURCH ROAD, KAMMANAHALLI",Electric Pole,14FT,0.0,0.0,0,0,0.0,0.0
Bengaluru City,Banasawadi Traffic PS,1.04432e+16,2022,1,1,Road Accidents,Not Applicable,City/Town,In bazaar,Human Error,No,Grievous Injury,Hit pedestrian,Not at  Junction,Straight and flat,Arterial,Bitumen(Tar),Dry,No influence on accident,Clear,Lingarajapura-Hennuru Main Road,ELECTRIC POLE,24 Ft,0.0,0.0,0,0,0.0,0.0
Bengaluru City,Banasawadi Traffic PS,1.04432e+16,2022,1,2,Road Accidents,Junction,City/Town,Near a recreation place/cinema,Human Error,No,Grievous Injury,Vehicle to Vehicle,No signal lights,Straight and flat,Sub Arterial,Bitumen(Tar),Dry,No influence on accident,Clear,Sub-Register Office Road,Electrical Pole,38Ft,0.0,0.0,0,0,0.0,0.0
Bengaluru City,Banasawadi Traffic PS,1.04432e+16,2022,1,1,Road Accidents,Not Applicable,City/Town,Near Hospital,Human Error,No,Grievous Injury,Hit pedestrian,Not at  Junction,Straight and flat,Arterial,Bitumen(Tar),Dry,No influence on accident,Clear,Horamavu Main Road,Trust In Hospital,10Ft,0.0,0.0,0,0,0.0,0.0
Bengaluru City,Banasawadi Traffic PS,1.04432e+16,2022,1,1,Road Accidents,Not Applicable,City/Town,Near office complex,Human Error,No,Grievous Injury,Hit pedestrian,Not at  Junction,Straight and flat,Arterial,Bitumen(Tar),Dry,No influence on accident,Clear,"Outer Ring Road, Forest Office",Green Tree,30ft,13.0366438,77.627695,0,0,0.0,0.0
Bengaluru City,Banasawadi Traffic PS,1.04432e+16,2022,1,2,Road Accidents,Bottleneck,City/Town,In bazaar,Human Error,No,Grievous Injury,Vehicle to Vehicle,Police / Manual,Curve,Two way,Bitumen(Tar),Ditch or Potholed,Not Applicable,Cloudy,OPP KARNATAKA FISH & CHICKEN CENTER,OPP KARNATAKA FISH & CHICKEN CENTER,4 KM,13.0306,77.5514,0,5,0.0,5.0
Bengaluru City,Banasawadi Traffic PS,1.04432e+16,2022,1,3,Road Accidents,Curves,City/Town,Near a religious place,Human Error,No,Grievous Injury,Hit pedestrian,Police / Manual,Curve,Two way,Bitumen(Tar),Dry,Not Applicable,Fine,KACHAKARANAHALLI MAIN RAOD,AYYAPPA TEMPLE,2 KM,13.022072,77.629694,0,0,0.0,0.0
Bengaluru City,Banasawadi Traffic PS,1.04432e+16,2022,1,2,Road Accidents,Narrow road,City/Town,Residential area,Human Error,Yes,Fatal,Vehicle to Vehicle,Controlled,Straight and flat,Others,Bitumen(Tar),Dry,No influence on accident,Fine,"Near Zuto Auto Mobile Shop, Horamavu agara Lake, Banagalore City",LIGHT POLL,21 FT,0.0,0.0,0,0,0.0,0.0
Bengaluru City,Banasawadi Traffic PS,1.04432e+16,2022,1,2,Road Accidents,Junction,City/Town,Near a religious place,Human Error,Yes,Grievous Injury,Vehicle to Vehicle,Police / Manual,Straight and flat,Two way,Bitumen(Tar),Dry,Not Applicable,Cloudy,"INFRONT OF SATYA NAGAR CHURCH, BAIYAPPANAHALLI ROAD",Electric Pole,19FT,0.0,0.0,0,0,0.0,0.0
Bengaluru City,Banasawadi Traffic PS,1.04432e+16,2022,1,3,Road Accidents,Junction,City/Town,Open area,Human Error,No,Grievous Injury,Vehicle to Vehicle,Police / Manual,Straight and flat,Two way,Bitumen(Tar),Dry,Not Applicable,Cloudy,Horamavu Main Road,ELECTRIC POLE,46ft,0.0,0.0,0,0,0.0,0.0
Bengaluru City,Banasawadi Traffic PS,1.04432e+16,2022,1,1,Road Accidents,Junction,City/Town,In bazaar,Human Error,No,Grievous Injury,Not Applicable,Police / Manual,Straight and flat,Two way,Bitumen(Tar),Dry,Not Applicable,Cloudy,BABUSAPALYA SKYWALK OUTER RING ROAD,LIGHT POLE,41FT,13.0224057,77.6469518,0,0,0.0,0.0
Bengaluru City,Banasawadi Traffic PS,1.04432e+16,2022,1,1,Road Accidents,Not Applicable,City/Town,In bazaar,Human Error,No,Grievous Injury,Hit pedestrian,Not at  Junction,Straight and flat,Arterial,Bitumen(Tar),Dry,No influence on accident,Clear,Horamavu Main Road,Electrical Pole,21Ft,12.30942,76.646812,0,0,0.0,0.0
Bengaluru City,Banasawadi Traffic PS,1.04432e+16,2022,1,1,Road Accidents,Narrow road,City/Town,Near office complex,Human Error,Not Applicable,Grievous Injury,Hit pedestrian,Police / Manual,Others,One way,Bitumen(Tar),Dry,Not Applicable,Clear,LINGARAJPURAM MAIN ROAD,Street Light Pole,3KM,0.0,0.0,0,0,0.0,0.0
Bengaluru City,Banasawadi Traffic PS,1.04432e+16,2022,1,2,Road Accidents,Narrow road,City/Town,Near School or College,Human Error,Not Applicable,Grievous Injury,Vehicle to Vehicle,Police / Manual,Others,Two way,Bitumen(Tar),Dry,Not Applicable,Clear,HENNURU BAGALURE MAIN ROAD,NEAR SCHOOL,3.5KM,0.0,0.0,0,0,0.0,0.0
Bengaluru City,Banasawadi Traffic PS,1.04432e+16,2022,1,2,Road Accidents,Curves,City/Town,Near Bus stop,Human Error,Yes,Grievous Injury,Vehicle to Vehicle,No signal lights,Curve,Others,Concrete,Dry,Not Applicable,Clear,RING ROAD HORAMAVU UNDER PASS,BRIDGE WALL,9 FEET,0.0,0.0,0,0,0.0,0.0
Bengaluru City,Banasawadi Traffic PS,1.04432e+16,2022,1,2,Road Accidents,Not Applicable,City/Town,Near School or College,Human Error,No,Fatal,Vehicle to Vehicle,Controlled,Straight and flat,Others,Concrete,Dry,No influence on accident,Fine,"ICE CREAM PARLER, CMR ROAD KALYANANAGARA",LIGHT POLE,17 FT,0.0,0.0,0,0,0.0,0.0
Bengaluru City,Banasawadi Traffic PS,1.04432e+16,2022,1,1,Road Accidents,Narrow road,City/Town,Near a religious place,Human Error,No,Grievous Injury,Hit pedestrian,Uncontrolled,Straight and flat,Two way,Bitumen(Tar),Dry,Not Applicable,Clear,BANASAWADI MAIN ROAD,NEAR ELECTRIC POLE,21FEET,0.0,0.0,0,0,0.0,0.0
Bengaluru City,Banasawadi Traffic PS,1.04432e+16,2022,1,2,Road Accidents,Not Applicable,City/Town,In bazaar,Human Error,Yes,Grievous Injury,Vehicle to Vehicle,Not at  Junction,Straight and flat,Arterial,Bitumen(Tar),Dry,No influence on accident,Clear,Hennuru-Kothanuru Main Road,Electric Pole,38Ft,0.0,0.0,0,0,0.0,0.0
Bengaluru City,Banasawadi Traffic PS,1.04432e+16,2022,1,1,Road Accidents,Circle,City/Town,Residential area,Human Error,No,Grievous Injury,Hit pedestrian,Police / Manual,Straight and flat,Two way,Bitumen(Tar),Dry,Not Applicable,Clear,OPP MANTRI MAHAL APRETMENT GEDDALHALLI,Electric Pole,25FT,0.0,0.0,0,0,0.0,0.0
Bengaluru City,Banasawadi Traffic PS,1.04432e+16,2022,1,1,Road Accidents,Not Applicable,City/Town,Narrow bridge or culverts,Human Error,No,Grievous Injury,Not Applicable,Not at  Junction,Straight and flat,Arterial,Bitumen(Tar),Dry,No influence on accident,Clear,Lingarajapura-Hennuru Main Road,ELECTRIC POLE,25Ft,0.0,0.0,0,0,0.0,0.0
Bengaluru City,Banasawadi Traffic PS,1.04432e+16,2022,1,1,Road Accidents,Narrow road,City/Town,Residential area,Human Error,Yes,Grievous Injury,Hit pedestrian,Not at  Junction,Straight and flat,Two way,Bitumen(Tar),Dry,Not Applicable,Cloudy,KAMMANAHALLI MAIN ROAD,NEAR NARMADHA RESTORENT,42FT,0.0,0.0,0,0,0.0,0.0
Bengaluru City,Banasawadi Traffic PS,1.04432e+16,2022,1,2,Road Accidents,Narrow road,City/Town,Open area,Human Error,Yes,Grievous Injury,Vehicle to Vehicle,Police / Manual,Others,Two way,Bitumen(Tar),Dry,Not Applicable,Clear,VEMANNA REDDY CIRCLE DODDA BANASAWADI  BENGALURU CITY,NEAR ELECTRIC POLE,17 FEE,0.0,0.0,0,0,0.0,0.0
Bengaluru City,Banasawadi Traffic PS,1.04432e+16,2022,1,1,Road Accidents,Not Applicable,City/Town,In bazaar,Human Error,No,Grievous Injury,Hit bicyclist,Not at  Junction,Straight and flat,Arterial,Bitumen(Tar),Dry,No influence on accident,Clear,Hennuru Main Road,BMTC Bus Stop,15 Ft,0.0,0.0,0,0,0.0,0.0
Bengaluru City,Banasawadi Traffic PS,1.04432e+16,2022,1,1,Road Accidents,Not Applicable,City/Town,Near office complex,Human Error,No,Grievous Injury,Hit pedestrian,Police / Manual,Straight and flat,Two way,Bitumen(Tar),Dry,No influence on accident,Fog / Mist,NEHARU MAIN ROAD,IN FRONT OF JAMES MECHANIC,1 km,0.0,0.0,0,0,0.0,0.0
Bengaluru City,Banasawadi Traffic PS,1.04432e+16,2022,1,2,Road Accidents,Junction,City/Town,Near office complex,Human Error,No,Grievous Injury,Vehicle to Vehicle,Police / Manual,Straight and flat,Two way,Bitumen(Tar),Dry,Not Applicable,Cloudy,THANISANDRA MAIN ROAD,ELECTRIC POLE,39FT,0.0,0.0,0,0,0.0,0.0
Bengaluru City,Banasawadi Traffic PS,1.04432e+16,2022,1,2,Road Accidents,Junction,City/Town,Near Bus stop,Human Error,Yes,Grievous Injury,Vehicle to Vehicle,Controlled,Not Applicable,Others,Bitumen(Tar),Dry,Not Applicable,Clear,HORAMAVU JAYANTHINAGAR MAIN ROAD NEAR GAYATRI MEDICAL,Street Light Pole,10FT,13.0347435,77.6651497,0,0,0.0,0.0
Bengaluru City,Banasawadi Traffic PS,1.04432e+16,2022,1,3,Road Accidents,Not Applicable,City/Town,Near Bus stop,Human Error,No,Damage Only,Vehicle to Vehicle,No signal lights,Straight and flat,Sub Arterial,Bitumen(Tar),Dry,Not Applicable,Clear,OUTER RING ROAD,ELECTRIC POLE,40Ft,13.37582,77.626496,0,0,0.0,0.0
Bengaluru City,Banasawadi Traffic PS,1.04432e+16,2022,1,2,Road Accidents,Not Applicable,City/Town,Residential area,Human Error,No,Grievous Injury,Vehicle to Vehicle,No signal lights,Others,Others,Bitumen(Tar),Dry,Not Applicable,Clear,NEAR ELEMENTS MALL THANISANDRA MAIN ROAD,STREET LIGHT,18Ft,13.0452646,77.626882,0,0,0.0,0.0
Bengaluru City,Banasawadi Traffic PS,1.04432e+16,2022,1,2,Road Accidents,Narrow road,City/Town,Near Hospital,Human Error,No,Simple Injury,Vehicle to Vehicle,Uncontrolled,Straight and flat,Two way,Bitumen(Tar),Dry,Not Applicable,Clear,HENNURU BAGALURE MAIN ROAD,NEAR ELECTRIC POLE,31FT,0.0,0.0,0,0,0.0,0.0
Bengaluru City,Banasawadi Traffic PS,1.04432e+16,2022,1,3,Rail Road Accidents,Narrow road,City/Town,Open area,Human Error,Yes,Grievous Injury,Vehicle to Vehicle,Uncontrolled,Straight and flat,Two way,Bitumen(Tar),Dry,Not Applicable,Clear,HORAMAVU AGARA MAIN ROAD,NEAR ELECTRIC POLE,12FT,0.0,0.0,0,0,0.0,0.0
Bengaluru City,Banasawadi Traffic PS,1.04432e+16,2022,1,1,Road Accidents,Junction,City/Town,In bazaar,Human Error,No,Grievous Injury,Hit pedestrian,No signal lights,Straight and flat,Arterial,Bitumen(Tar),Dry,No influence on accident,Clear,Lingarajapura-Hennuru Main Road,ELECTRIC POLE,30Ft,0.0,0.0,0,0,0.0,0.0
Bengaluru City,Banasawadi Traffic PS,1.04432e+16,2022,1,1,Road Accidents,Curves,City/Town,Near School or College,Human Error,No,Fatal,Not Applicable,Police / Manual,Curve,Two way,Bitumen(Tar),Dry,Drainage Ditch,Fine,OPP FOOT BALL GROUND CHELLIKERE,OPP BASKET BALL GROUND,1 KM,0.0,0.0,4,0,0.0,4.0
Bengaluru City,Banasawadi Traffic PS,1.04432e+16,2022,1,2,Road Accidents,Junction,City/Town,Near Petrol Pump,Human Error,No,Damage Only,Not Applicable,Controlled,Straight and flat,Two way,Concrete,Dry,No influence on accident,Fine,"INFRONT OF ELEMENTS, THANISANDRA MAIN ROAD BANGALORE",OPP PETROLL BUNK,35 FT,0.0,0.0,0,0,0.0,0.0
Bengaluru City,Banasawadi Traffic PS,1.04432e+16,2023,1,1,Road Accidents,Narrow road,City/Town,Open area,Human Error,No,Fatal,Hit pedestrian,Uncontrolled,Straight and flat,Sub Arterial,Bitumen(Tar),Dry,Not Applicable,Clear,KAMMANAHALLI MAIN ROAD,BESCOM JUNCTION BOX,11FT,0.0,0.0,0,0,0.0,0.0
Bengaluru City,Banasawadi Traffic PS,1.04432e+16,2023,1,2,Road Accidents,Narrow road,City/Town,Near School or College,Human Error,Yes,Fatal,Vehicle to Vehicle,Uncontrolled,Straight and flat,Two way,Bitumen(Tar),Dry,No influence on accident,Fine,HENNURU KACHARAKANAHALLI MAIN ROAD,LIGHT POLL,18FT,0.0,0.0,0,0,0.0,0.0
Bengaluru City,Banasawadi Traffic PS,1.04432e+16,2023,1,1,Road Accidents,Not Applicable,City/Town,Near Bus stop,Human Error,No,Grievous Injury,Not Applicable,Controlled,Straight and flat,One way,Bitumen(Tar),Dry,Not Applicable,Clear,outer ring road kalayan fly over kakayan nagar bengakuru,near by electric pol,6 feet,0.0,0.0,0,0,0.0,0.0
Bengaluru City,Banasawadi Traffic PS,1.04432e+16,2023,1,2,Road Accidents,Junction,City/Town,Near School or College,Human Error,No,Grievous Injury,Vehicle to Vehicle,No signal lights,Not Applicable,Others,Bitumen(Tar),Dry,Not Applicable,Clear,R S PALYA MAIN ROAD INFRONT  OF UNION BANK,STREET LIGHT,25FEET,0.0,0.0,0,0,0.0,0.0
Bengaluru City,Banasawadi Traffic PS,1.04432e+16,2023,1,2,Road Accidents,Narrow road,City/Town,Near a religious place,Human Error,Yes,Simple Injury,Vehicle to Vehicle,Signal lights Automatic,Straight and flat,Two way,Bitumen(Tar),Dry,Not Applicable,Cloudy,80 feet road kalyana nagara,NEAR BY OM SHAKTHI TEMPLE,10FEET,0.0,0.0,0,0,0.0,0.0
Bengaluru City,Banasawadi Traffic PS,1.04432e+16,2023,1,2,Road Accidents,Junction,City/Town,Near Petrol Pump,Human Error,Not Applicable,Simple Injury,Vehicle to Vehicle,No signal lights,Not Applicable,Others,Bitumen(Tar),Dry,Not Applicable,Clear,DODDA BANASAWADI MAIN NEAR H P PETROL BUNK OPP FAIR STATION,STREET LIGHT,43 FT,0.0,0.0,0,0,0.0,0.0
Bengaluru City,Banasawadi Traffic PS,1.04432e+16,2023,1,1,Road Accidents,Not Applicable,City/Town,Residential area,Not Applicable,No,Simple Injury,Not Applicable,No signal lights,Straight and flat,Residential Street,Bitumen(Tar),Dry,Not Applicable,Clear,R S PALYA MAIN ROAD,TREE,16FT,13.124711,77.542351,0,0,0.0,0.0
Bengaluru City,Banasawadi Traffic PS,1.04432e+16,2023,1,1,Road Accidents,Junction,City/Town,Near Bus stop,Human Error,No,Grievous Injury,Not Applicable,No signal lights,Others,Others,Concrete,Dry,Not Applicable,Clear,OUTER RING ROAD NEAR KALYANANAGAR BRIDGE  OPP GINGER GARDEN,TREE,1,0.0,0.0,0,0,0.0,0.0
Bengaluru City,Banasawadi Traffic PS,1.04432e+16,2023,1,2,Road Accidents,Bottleneck,City/Town,Near Bus stop,Human Error,Yes,Simple Injury,Vehicle to Vehicle,Police / Manual,Curve,Others,Concrete,Dry,Not Applicable,Fine,OUTER RING ROAD HENNURU UNDER PASS,HENNURU UNDER PASS,200,0.0,0.0,0,0,0.0,0.0
Bengaluru City,Banasawadi Traffic PS,1.04432e+16,2023,1,3,Road Accidents,Narrow road,City/Town,Open area,Vehicle Defect,No,Damage Only,Vehicle to Vehicle,Not Applicable,Straight and flat,Two way,Bitumen(Tar),Dry,Not Applicable,Clear,HENNURU MAIN ROAD,ELECTRICL POL,10FEET,0.0,0.0,0,0,0.0,0.0
Bengaluru City,Banasawadi Traffic PS,1.04432e+16,2023,1,1,Road Accidents,Not Applicable,City/Town,Near Hospital,Human Error,Yes,Grievous Injury,Hit pedestrian,No signal lights,Others,Others,Bitumen(Tar),Others,Not Applicable,Clear,LINGARAJA PURAM RAOD NEAR MURALI CLINIK,STREET LIGHT,18FEET,0.0,0.0,0,1,0.0,1.0
Bengaluru City,Banasawadi Traffic PS,1.04432e+16,2023,1,1,Road Accidents,Narrow road,City/Town,Open area,Human Error,No,Grievous Injury,Hit pedestrian,Uncontrolled,Straight and flat,Two way,Bitumen(Tar),Dry,Not Applicable,Clear,HORAMAVU MAIN ROAD,NEAR HORAMAVU UNDERPASS,5FT,0.0,0.0,0,0,0.0,0.0
Bengaluru City,Banasawadi Traffic PS,1.04432e+16,2023,1,1,Road Accidents,Narrow road,City/Town,Near a religious place,Not Applicable,No,Grievous Injury,Hit pedestrian,Uncontrolled,Straight and flat,Two way,Bitumen(Tar),Dry,Not Applicable,Clear,KAMMANAHALLI MAIN ROAD,NEAR ELECTRIC POLE,11FT,0.0,0.0,0,0,0.0,0.0
Bengaluru City,Banasawadi Traffic PS,1.04432e+16,2023,1,3,Road Accidents,Not Applicable,City/Town,Near Bus stop,Not Applicable,No,Simple Injury,Vehicle to Vehicle,Not Applicable,Straight and flat,Others,Concrete,Dry,Not Applicable,Clear,OUTER RING ROAD BABUSA PALYA,NEAR ELECTRIC POLE,20 FT,0.0,0.0,0,0,0.0,0.0
Bengaluru City,Banasawadi Traffic PS,1.04432e+16,2023,1,2,Road Accidents,Junction,City/Town,Residential area,Not Applicable,No,Simple Injury,Vehicle to Vehicle,Controlled,Straight and flat,Residential Street,Concrete,Dry,Not Applicable,Clear,C M R ROAD MARIYAPPA JUNCTION,ELECTRICL POL,15FEET,13.02274,77.637191,0,0,0.0,0.0
Bengaluru City,Banasawadi Traffic PS,1.04432e+16,2023,1,2,Road Accidents,Junction,City/Town,In bazaar,Human Error,No,Grievous Injury,Vehicle to Vehicle,Police / Manual,Others,Two way,Bitumen(Tar),Dry,Not Applicable,Fine,5 TH MAIN HRBR LAYOUT,OPPOSITE BUCKET BIRIYANI,200,13.003915,77.256845,0,0,0.0,0.0