DISTRICTNAME,UNITNAME,Crime_No,Year,RI,Noofvehicle_involved,Accident_Classification,Accident_Spot,Accident_Location,Accident_SubLocation,Main_Cause,Hit_Run,Severity,Collision_Type,Junction_Control,Road_Character,Road_Type,Surface_Type,Surface_Condition,Road_Condition,Weather,Accident_Road,Landmark_first,Distance_LandMark_First,Latitude,Longitude,Road_Condition_Score,Surface_Condition_Score,Surface_Type_Score,Road_Risk_Index
Bengaluru City,Banashankari Traffic PS,1.04432e+16,2016,1,1,Road Accidents,Cross roads,City/Town,Near Bus stop,Human Error,Yes,Simple Injury,Hit and Run,Controlled,Curve,Service Road,Bitumen(Tar),Dry,Drainage Ditch,Clear,"KATTARIGUPPE,MAIN ROAD,BIG BAZAR FRONT.",NEAR BUS STOP,50 FTT,0.0,0.0,4,0,0.0,4.0
Bengaluru City,Banashankari Traffic PS,1.04432e+16,2016,1,1,Road Accidents,Circle,City/Town,Near Bus stop,Human Error,Yes,Fatal,Others,No signal lights,Curve,City or Town Road,Bitumen(Tar),Others,No influence on accident,Clear,K R ROAD,NEAR BUS STOP,50 FT,0.0,0.0,0,1,0.0,1.0
Bengaluru City,Banashankari Traffic PS,1.04432e+16,2016,1,2,Road Accidents,Cross roads,City/Town,Near Bus stop,Human Error,Yes,Damage Only,Hit and Run,Not at  Junction,Curve,City or Town Road,Bitumen(Tar),Others,Not Applicable,Clear,80 FEET ROAD,NEAR BANK,50 FT,0.0,0.0,0,1,0.0,1.0
Bengaluru City,Banashankari Traffic PS,1.04432e+16,2016,1,1,Road Accidents,Cross roads,City/Town,Near School or College,Human Error,Yes,Simple Injury,Hit and Run,Not at  Junction,Curve,City or Town Road,Bitumen(Tar),Others,Not Applicable,Clear,ATHIMABBE ROAD,NEAR COLLEGE,50 FT,0.0,0.0,0,1,0.0,1.0
Bengaluru City,Banashankari Traffic PS,1.04432e+16,2016,1,2,Road Accidents,Junction,City/Town,Near Bus stop,Human Error,Yes,Simple Injury,Others,Signal lights Automatic,Curve,City or Town Road,Bitumen(Tar),Others,Not Applicable,Clear,100 FEET RING ROAD,BUS STOP,50 FT,0.0,0.0,0,1,0.0,1.0
Bengaluru City,Banashankari Traffic PS,1.04432e+16,2016,1,2,Road Accidents,Curves,City/Town,Open area,Human Error,No,Fatal,Others,Not at  Junction,Curve,City or Town Road,Bitumen(Tar),Others,Not Applicable,Clear,100 FEET RING ROAD,NEAR APARTMENT,50 FT,0.0,0.0,0,1,0.0,1.0
Bengaluru City,Banashankari Traffic PS,1.04432e+16,2016,1,1,Road Accidents,Cross roads,City/Town,Near or inside a village,Human Error,No,Damage Only,Others,Not at  Junction,Curve,City or Town Road,Bitumen(Tar),Others,Not Applicable,Clear,ITTAMADU MAIN ROAD,NEAR BUS STOP,50 FT,0.0,0.0,0,1,0.0,1.0
Bengaluru City,Banashankari Traffic PS,1.04432e+16,2016,1,2,Road Accidents,Junction,City/Town,Near Bus stop,Human Error,Yes,Simple Injury,Others,Signal lights Automatic,Curve,City or Town Road,Bitumen(Tar),Others,No influence on accident,Clear,K R ROAD,NEAR UPAHARA SAGAR HOTEL,50 FT,0.0,0.0,0,1,0.0,1.0
Bengaluru City,Banashankari Traffic PS,1.04432e+16,2016,1,2,Road Accidents,Junction,City/Town,Open area,Human Error,No,Simple Injury,Others,Uncontrolled,Straight and flat,City or Town Road,Bitumen(Tar),Not Applicable,Not Applicable,Clear,2ND MAIN 10 TH CROSS,NEAR BUS STOP,50FT,0.0,0.0,0,0,0.0,0.0
Bengaluru City,Banashankari Traffic PS,1.04432e+16,2016,1,3,Road Accidents,Cross roads,City/Town,Open area,Human Error,No,Simple Injury,Not Applicable,Uncontrolled,Straight and flat,City or Town Road,Bitumen(Tar),Not Applicable,No influence on accident,Clear,KANAKAPURA MAIN ROAD,NEAR YADIUR LAKE,50FT,12.932786,77.575568,0,0,0.0,0.0
Bengaluru City,Banashankari Traffic PS,1.04432e+16,2016,1,1,Road Accidents,Other,City/Town,Residential area,Human Error,Yes,Simple Injury,Hit and Run,Uncontrolled,Straight and flat,City or Town Road,Bitumen(Tar),Others,No influence on accident,Clear,2ND MAIN 17TH CROSS,NEAR HOSPITAL,50FT,0.0,0.0,0,1,0.0,1.0
Bengaluru City,Banashankari Traffic PS,1.04432e+16,2016,1,2,Road Accidents,Cross roads,City/Town,Near Bus stop,Human Error,No,Simple Injury,Head on,Uncontrolled,Straight and flat,City or Town Road,Bitumen(Tar),Not Applicable,No influence on accident,Clear,17TH MAIN 25TH CROS,NEAR BUS STOP,50ft,0.0,0.0,0,0,0.0,0.0
Bengaluru City,Banashankari Traffic PS,1.04432e+16,2016,1,1,Road Accidents,Cross roads,City/Town,Near Hospital,Human Error,No,Simple Injury,Head on,Controlled,Straight and flat,City or Town Road,Bitumen(Tar),Not Applicable,No influence on accident,Clear,100 FEET RING ROAD,NEAR HOSPITAL,50 FT,0.0,0.0,0,0,0.0,0.0
Bengaluru City,Banashankari Traffic PS,1.04432e+16,2016,1,1,Road Accidents,Cross roads,City/Town,Open area,Human Error,Yes,Grievous Injury,Hit and Run,Not at  Junction,Others,City or Town Road,Bitumen(Tar),Others,Not Applicable,Clear,7TH MAIN ROAD,NEAR TEMPLE,50 FT,12.554276,77.325535,0,1,0.0,1.0
Bengaluru City,Banashankari Traffic PS,1.04432e+16,2016,1,2,Road Accidents,Junction,City/Town,Near Bus stop,Human Error,No,Damage Only,Others,Signal lights Automatic,Curve,City or Town Road,Bitumen(Tar),Not Applicable,Not Applicable,Clear,KATHARIGUPPE MAIN ROAD,NEAR BUS STOP,50 FT,0.0,0.0,0,0,0.0,0.0
Bengaluru City,Banashankari Traffic PS,1.04432e+16,2016,1,1,Road Accidents,Circle,City/Town,Near a religious place,Human Error,Yes,Grievous Injury,Others,Not at  Junction,Curve,City or Town Road,Bitumen(Tar),Others,Not Applicable,Clear,KATHRIGUPPE MAIN ROAD,VIDYAPEETA CIRCLE,50 FT,0.0,0.0,0,1,0.0,1.0
Bengaluru City,Banashankari Traffic PS,1.04432e+16,2016,1,2,Road Accidents,Narrow road,City/Town,Near Bus stop,Vehicle Defect,Not Applicable,Damage Only,Not Applicable,Not Applicable,Curve,Two way,Concrete,Dry,No influence on accident,Clear,KANAKAPURA MAIN ROAD  BSK BUS STOP,1,1,0.0,0.0,0,0,0.0,0.0
Bengaluru City,Banashankari Traffic PS,1.04432e+16,2016,1,2,Road Accidents,Other,City/Town,Near Hospital,Human Error,Yes,Grievous Injury,Others,Not at  Junction,Straight and flat,City or Town Road,Bitumen(Tar),Others,Not Applicable,Clear,GIRINAGARA VIRABHADRA NAGARA CIRCLE,NEAR HOSPITAL,50 FT,0.0,0.0,0,1,0.0,1.0
Bengaluru City,Banashankari Traffic PS,1.04432e+16,2016,1,1,Road Accidents,Curves,City/Town,Open area,Human Error,Yes,Simple Injury,Others,Not at  Junction,Curve,City or Town Road,Bitumen(Tar),Others,Not Applicable,Clear,24TH MAIN,HOUSE NO 1496,50 FT,0.0,0.0,0,1,0.0,1.0
Bengaluru City,Banashankari Traffic PS,1.04432e+16,2016,1,1,Road Accidents,Cross roads,City/Town,Near School or College,Human Error,Yes,Simple Injury,Hit and Run,Uncontrolled,Straight and flat,City or Town Road,Bitumen(Tar),Not Applicable,No influence on accident,Clear,27TH MAIN,NEAR BNMIT COLLAGE,50FT,0.0,0.0,0,0,0.0,0.0
Bengaluru City,Banashankari Traffic PS,1.04432e+16,2016,1,2,Road Accidents,Other,City/Town,Near Hospital,Human Error,No,Grievous Injury,Head on,Controlled,Straight and flat,City or Town Road,Bitumen(Tar),Others,Not Applicable,Clear,100 FEET RING ROAD,NEAR HOSPITAL,50FEET,0.0,0.0,0,1,0.0,1.0
Bengaluru City,Banashankari Traffic PS,1.04432e+16,2016,1,2,Road Accidents,Junction,City/Town,Near Bus stop,Human Error,No,Damage Only,Others,Signal lights Automatic,Curve,City or Town Road,Bitumen(Tar),Others,No influence on accident,Clear,100 FEET RING ROAD,NEAR ITTAMADU SIGNAL,50FEET,0.0,0.0,0,1,0.0,1.0
Bengaluru City,Banashankari Traffic PS,1.04432e+16,2016,1,2,Road Accidents,Cross roads,City/Town,Open area,Human Error,No,Simple Injury,Others,No signal lights,Curve,City or Town Road,Bitumen(Tar),Others,No influence on accident,Clear,"K R ROAD, BSK 2ND STAGE",NEAR UMAMAHESHWARI TEMPLE,50 FT,0.0,0.0,0,1,0.0,1.0
Bengaluru City,Banashankari Traffic PS,1.04432e+16,2016,1,2,Road Accidents,Cross roads,City/Town,Near Bus stop,Human Error,No,Simple Injury,Head on,Controlled,Not Applicable,Service Road,Bitumen(Tar),Not Applicable,Not Applicable,Clear,100ftt ring road.,katriguppe,2km,0.0,0.0,0,0,0.0,0.0
Bengaluru City,Banashankari Traffic PS,1.04432e+16,2016,1,2,Road Accidents,Cross roads,City/Town,Near a religious place,Human Error,Yes,Damage Only,Others,Not at  Junction,Curve,City or Town Road,Bitumen(Tar),Others,Not Applicable,Clear,ANJANEYA TEMPLE ROAD,NEAR TEMPLE,50 FT,0.0,0.0,0,1,0.0,1.0
Bengaluru City,Banashankari Traffic PS,1.04432e+16,2016,1,2,Road Accidents,Other,City/Town,Residential area,Human Error,No,Simple Injury,Others,Uncontrolled,Others,City or Town Road,Bitumen(Tar),Others,Not Applicable,Clear,Yarab nagara main road,Near masidi,50FEET,0.0,0.0,0,1,0.0,1.0
Bengaluru City,Banashankari Traffic PS,1.04432e+16,2016,1,2,Road Accidents,Other,City/Town,Near Hospital,Human Error,No,Grievous Injury,Others,Controlled,Straight and flat,City or Town Road,Bitumen(Tar),Not Applicable,Not Applicable,Clear,PUTTALINGAIAH ROAD,NEAR HOSPITAL,50 FT,0.0,0.0,0,0,0.0,0.0
Bengaluru City,Banashankari Traffic PS,1.04432e+16,2016,1,2,Road Accidents,Cross roads,City/Town,Near Bus stop,Human Error,No,Simple Injury,Others,Uncontrolled,Not Applicable,City or Town Road,Bitumen(Tar),Others,No influence on accident,Clear,5TH MAIN ROAD 9TH CROSS JUNCTION,NEAR BUS STOP,50FT,0.0,0.0,0,1,0.0,1.0
Bengaluru City,Banashankari Traffic PS,1.04432e+16,2016,1,1,Road Accidents,Junction,City/Town,Near Bus stop,Human Error,No,Simple Injury,Others,Signal lights Automatic,Curve,City or Town Road,Bitumen(Tar),Others,No influence on accident,Clear,100 FEET ROAD,NEAR BUS STOP,50 FT,0.0,0.0,0,1,0.0,1.0
Bengaluru City,Banashankari Traffic PS,1.04432e+16,2016,1,2,Road Accidents,Junction,City/Town,Near Bus stop,Human Error,Not Applicable,Grievous Injury,Others,Signals (Working),Straight and flat,Two way,Bitumen(Tar),Dry,Drainage Ditch,Clear,"JSS JUNCTION,KANAKAPURA ROAD,JAYANAGARA 7TH BLOCK,BENGALORE CITY",JSS JUNCTION,50FTT,0.0,0.0,4,0,0.0,4.0
Bengaluru City,Banashankari Traffic PS,1.04432e+16,2016,1,2,Road Accidents,Cross roads,City/Town,Residential area,Human Error,Yes,Grievous Injury,Others,Uncontrolled,Straight and flat,City or Town Road,Bitumen(Tar),Others,Not Applicable,Clear,3RD STAGE BANASHANKARI,NEAR HONDA SHOW ROOM,50FT,0.0,0.0,0,1,0.0,1.0
Bengaluru City,Banashankari Traffic PS,1.04432e+16,2016,1,1,Road Accidents,Other,City/Town,Residential area,Human Error,Yes,Grievous Injury,Others,Uncontrolled,Straight and flat,City or Town Road,Bitumen(Tar),Others,Not Applicable,Clear,14 th cross,NEAR NAGANNA BUILDING,50FT,0.0,0.0,0,1,0.0,1.0
Bengaluru City,Banashankari Traffic PS,1.04432e+16,2016,1,2,Road Accidents,Other,City/Town,Near Bus stop,Human Error,No,Simple Injury,Others,Controlled,Straight and flat,City or Town Road,Bitumen(Tar),Others,Not Applicable,Clear,100 FEET RING ROAD NERA KAMAYAKA JUNCTION,NEAR BUS STOP,50FEET,0.0,0.0,0,1,0.0,1.0
Bengaluru City,Banashankari Traffic PS,1.04432e+16,2016,1,2,Road Accidents,Cross roads,City/Town,Near Bus stop,Human Error,Yes,Simple Injury,Hit and Run,Not at  Junction,Curve,City or Town Road,Bitumen(Tar),Others,Not Applicable,Clear,SUBRAMANYAPURA MAIN ROAD,NEAR YARAB NAGARA BUS STOP,50 FT,0.0,0.0,0,1,0.0,1.0
Bengaluru City,Banashankari Traffic PS,1.04432e+16,2016,1,1,Road Accidents,Other,City/Town,Residential area,Human Error,Yes,Simple Injury,Hit and Run,Uncontrolled,Not Applicable,City or Town Road,Bitumen(Tar),Others,No influence on accident,Clear,5TH CROSS ROAD ITTAMADU MAIN ROAD,NEAR APARTMENT,50FT,0.0,0.0,0,1,0.0,1.0
Bengaluru City,Banashankari Traffic PS,1.04432e+16,2016,1,1,Road Accidents,Junction,City/Town,Near Bus stop,Human Error,No,Fatal,Others,No signal lights,Curve,City or Town Road,Bitumen(Tar),Others,Not Applicable,Clear,PUTTALINGAIAH ROAD,NEAR PUTTALINGAIAH BUS STOP,50 FT,0.0,0.0,0,1,0.0,1.0
Bengaluru City,Banashankari Traffic PS,1.04432e+16,2016,1,2,Road Accidents,Cross roads,City/Town,Near Bus stop,Human Error,Yes,Simple Injury,Hit and Run,Uncontrolled,Straight and flat,City or Town Road,Bitumen(Tar),Not Applicable,No influence on accident,Clear,100 FEET RING ROAD,NEAR BUS STOP,50 FTT,0.0,0.0,0,0,0.0,0.0
Bengaluru City,Banashankari Traffic PS,1.04432e+16,2016,1,2,Road Accidents,Junction,City/Town,Near School or College,Human Error,Yes,Simple Injury,Hit and Run,Uncontrolled,Straight and flat,City or Town Road,Bitumen(Tar),Not Applicable,No influence on accident,Clear,100 FEET RING ROAD,NEAR PES COLLAGE,50FT,0.0,0.0,0,0,0.0,0.0
Bengaluru City,Banashankari Traffic PS,1.04432e+16,2016,1,2,Road Accidents,Junction,City/Town,Near School or College,Human Error,No,Simple Injury,Others,Signal lights Automatic,Curve,City or Town Road,Bitumen(Tar),Not Applicable,Not Applicable,Clear,100 FEET RING ROAD,NEAR SIGNAL,50 FT,0.0,0.0,0,0,0.0,0.0
Bengaluru City,Banashankari Traffic PS,1.04432e+16,2016,1,1,Road Accidents,Cross roads,City/Town,Near office complex,Human Error,Yes,Simple Injury,Hit and Run,Not at  Junction,Curve,City or Town Road,Bitumen(Tar),Others,Not Applicable,Clear,PAVANADHAMA ROAD,NEAR KALYANA MANTAPA,50 FT,0.0,0.0,0,1,0.0,1.0
Bengaluru City,Banashankari Traffic PS,1.04432e+16,2016,1,1,Road Accidents,Curves,City/Town,Open area,Human Error,Yes,Grievous Injury,Others,Not at  Junction,Curve,City or Town Road,Bitumen(Tar),Others,Not Applicable,Clear,CHANNAMANA KERE PLAY GROUND ROAD,PLAY GROUND,50 FT,0.0,0.0,0,1,0.0,1.0
Bengaluru City,Banashankari Traffic PS,1.04432e+16,2016,1,1,Road Accidents,Cross roads,City/Town,Residential area,Human Error,Yes,Simple Injury,Others,Not Applicable,Straight and flat,City or Town Road,Bitumen(Tar),Others,Not Applicable,Clear,8 TH CROSS GIRINAGAR,NEAR NANDANA NILAYA HOUSE,50 FT,0.0,0.0,0,1,0.0,1.0
Bengaluru City,Banashankari Traffic PS,1.04432e+16,2016,1,1,Road Accidents,Cross roads,City/Town,Near Bus stop,Human Error,Yes,Simple Injury,Hit and Run,Uncontrolled,Straight and flat,City or Town Road,Bitumen(Tar),Others,No influence on accident,Clear,VIDYA PEETA ROAD C K ACHUKATTU,NEAR PARK,50FT,0.0,0.0,0,1,0.0,1.0
Bengaluru City,Banashankari Traffic PS,1.04432e+16,2016,1,2,Road Accidents,Cross roads,City/Town,Near Hospital,Human Error,Yes,Simple Injury,Hit and Run,Uncontrolled,Curve,City or Town Road,Bitumen(Tar),Others,Not Applicable,Clear,PUTTALINGAIAH ROAD NEAR HILL SIDE HOSPITAL ROAD,NEAR HOSPITAL,50FT,0.0,0.0,0,1,0.0,1.0
Bengaluru City,Banashankari Traffic PS,1.04432e+16,2016,1,1,Road Accidents,Other,City/Town,Near Hospital,Human Error,Yes,Simple Injury,Hit and Run,Uncontrolled,Straight and flat,City or Town Road,Bitumen(Tar),Not Applicable,No influence on accident,Clear,80 FEET ROAD MUNESWAR BLOCK,NEAR BULDING,50FT,0.0,0.0,0,0,0.0,0.0
Bengaluru City,Banashankari Traffic PS,1.04432e+16,2016,1,2,Road Accidents,Other,City/Town,Near Bus stop,Human Error,Yes,Simple Injury,Hit and Run,Controlled,Straight and flat,City or Town Road,Bitumen(Tar),Not Applicable,No influence on accident,Clear,100 FEET RING ROAD,NEAR SIGNEL LIGHT,50FT,0.0,0.0,0,0,0.0,0.0
Bengaluru City,Banashankari Traffic PS,1.04432e+16,2016,1,1,Road Accidents,Cross roads,City/Town,Near Bus stop,Human Error,Not Applicable,Simple Injury,Others,Controlled,Curve,City or Town Road,Bitumen(Tar),Dry,Drainage Ditch,Clear,KANAKAPURA MAIN ROAD OPP C M JENTS BSK 2ND STAGE BENGALURU CITY KARNATAKA,NEAR BUS STOP,50 FTT,0.0,0.0,4,0,0.0,4.0
Bengaluru City,Banashankari Traffic PS,1.04432e+16,2016,1,2,Road Accidents,Cross roads,City/Town,Residential area,Human Error,No,Simple Injury,Head on,Uncontrolled,Straight and flat,City or Town Road,Bitumen(Tar),Not Applicable,No influence on accident,Clear,NEAR SHANTHINIKETHANA SCHOOL,NEAR SCHOOL,50FT,0.0,0.0,0,0,0.0,0.0
Bengaluru City,Banashankari Traffic PS,1.04432e+16,2016,1,1,Road Accidents,Cross roads,City/Town,Near Bus stop,Human Error,No,Simple Injury,Others,Uncontrolled,Straight and flat,City or Town Road,Bitumen(Tar),Not Applicable,No influence on accident,Clear,80 FEET ROAD,NEAR BUS STOP,50FT,12.94065,77.54632,0,0,0.0,0.0
Bengaluru City,Banashankari Traffic PS,1.04432e+16,2017,1,1,Road Accidents,Narrow road,City/Town,Residential area,Human Error,Yes,Grievous Injury,Hit and Run,Controlled,Not Applicable,City or Town Road,Concrete,Dry,Not Applicable,Clear,NEAR GIRINAGAR NEHRU ROAD,NEAR BUS STOP,1 KM,12.93892,77.54515,0,0,0.0,0.0
Bengaluru City,Banashankari Traffic PS,1.04432e+16,2017,1,1,Road Accidents,Cross roads,City/Town,Residential area,Human Error,No,Simple Injury,Hit pedestrian,Uncontrolled,Others,City or Town Road,Bitumen(Tar),Others,No influence on accident,Clear,1ST CROSS A K COLONY JAYANAGARA 7TH BLOCK,NEAR HOUSE,50FT,0.0,0.0,0,1,0.0,1.0
Bengaluru City,Banashankari Traffic PS,1.04432e+16,2017,1,2,Road Accidents,Junction,City/Town,Near Bus stop,Human Error,Not Applicable,Simple Injury,Hit and Run,No signal lights,Curve,City or Town Road,Bitumen(Tar),Others,No influence on accident,Clear,PUTTALINGAIAH ROAD,NEAR BAZAR,50 FT,0.0,0.0,0,1,0.0,1.0
Bengaluru City,Banashankari Traffic PS,1.04432e+16,2017,1,1,Road Accidents,T Junction,City/Town,Near Bus stop,Human Error,No,Grievous Injury,Others,No signal lights,Curve,Two way,Surfaced,Others,Not Applicable,Clear,BAIRAPPA ROAD,bueaty  parler,1 km,0.0,0.0,0,1,,
Bengaluru City,Banashankari Traffic PS,1.04432e+16,2017,1,1,Road Accidents,Narrow road,City/Town,Near Bus stop,Human Error,No,Simple Injury,Others,Not Applicable,Others,Two way,Concrete,Dry,No influence on accident,Clear,"13TH MAIN JUNCTION, 22ND CROSS, BSK 2ND STAGE",1,1,12.924218,77.568919,0,0,0.0,0.0
Bengaluru City,Banashankari Traffic PS,1.04432e+16,2017,1,2,Road Accidents,Narrow road,City/Town,Residential area,Human Error,Yes,Simple Injury,Hit and Run,Controlled,Incline,City or Town Road,Concrete,Dry,No influence on accident,Clear,13rd main road,srinivasa nagara,1,12.936883,77.55257,0,0,0.0,0.0
Bengaluru City,Banashankari Traffic PS,1.04432e+16,2017,1,2,Road Accidents,Narrow road,City/Town,Near Bus stop,Human Error,No,Simple Injury,Right Turn Collision,Controlled,Incline,City or Town Road,Bitumen(Tar),Dry,No influence on accident,Clear,ITTAMADU BSK 3RD STAGE,2,1,12.926951,77.544387,0,0,0.0,0.0
Bengaluru City,Banashankari Traffic PS,1.04432e+16,2017,1,2,Road Accidents,Narrow road,City/Town,Near Bus stop,Vehicle Defect,Not Applicable,Simple Injury,Not Applicable,Not Applicable,Not Applicable,Two way,Concrete,Dry,Not Applicable,Clear,BANASHANKARI 28TH MAIN 28TH CROSS JUNCTION,2,2,12.923293,77.561214,0,0,0.0,0.0
Bengaluru City,Banashankari Traffic PS,1.04432e+16,2017,1,2,Road Accidents,Narrow road,City/Town,Near Bus stop,Vehicle Defect,Not Applicable,Simple Injury,Not Applicable,Not Applicable,Not Applicable,Two way,Concrete,Dry,Not Applicable,Clear,"NEAR AIRTEL OFFICE 100 FEET RING ROAD, NEAR  CHANAMMA JUNCTION BSK",1,1,0.0,0.0,0,0,0.0,0.0
Bengaluru City,Banashankari Traffic PS,1.04432e+16,2017,1,2,Road Accidents,Cross roads,City/Town,Near Petrol Pump,Human Error,Yes,Fatal,Hit and Run,Uncontrolled,Straight and flat,City or Town Road,Bitumen(Tar),Not Applicable,No influence on accident,Clear,9TH MAIN ROAD KAVERI NAGARA,NEAR SRI RAMA TEMPLE,50FT,0.0,0.0,0,0,0.0,0.0
Bengaluru City,Banashankari Traffic PS,1.04432e+16,2017,1,2,Not Applicable,Not Applicable,City/Town,Residential area,Human Error,Not Applicable,Not Applicable,Hit parked vehicle,Not Applicable,Not Applicable,City or Town Road,Not Applicable,Not Applicable,Not Applicable,Others,INFRONT OF HOUSE NO 454,NEAR RESIDENCY,2 KM,0.0,0.0,0,0,0.0,0.0
Bengaluru City,Banashankari Traffic PS,1.04432e+16,2017,1,2,Road Accidents,Cross roads,City/Town,Near Petrol Pump,Vehicle Defect,No,Damage Only,Others,Controlled,Straight and flat,City or Town Road,Bitumen(Tar),Not Applicable,No influence on accident,Clear,14TH CROSS T R NAGARA,NEAR SBM BANK,50FT,0.0,0.0,0,0,0.0,0.0
Bengaluru City,Banashankari Traffic PS,1.04432e+16,2017,1,2,Road Accidents,Narrow road,City/Town,Near Hospital,Human Error,Yes,Simple Injury,Hit and Run,Signal lights Blinking,Incline,City or Town Road,Concrete,Dry,No influence on accident,Clear,NEAR EXCEL CARE HOSPITAL,BSK 2ND STAGE,1.5,12.920904,77.573839,0,0,0.0,0.0
Bengaluru City,Banashankari Traffic PS,1.04432e+16,2017,1,2,Road Accidents,Narrow road,City/Town,Near Bus stop,Vehicle Defect,Not Applicable,Damage Only,Not Applicable,Not Applicable,Not Applicable,Two way,Concrete,Dry,No influence on accident,Clear,"NO 33,5TH MAIN ROAD , RK LAYOUT PADMABNABHANAGAR",2,2,12.929534,77.576478,0,0,0.0,0.0
Bengaluru City,Banashankari Traffic PS,1.04432e+16,2017,1,1,Road Accidents,Cross roads,City/Town,Near Hospital,Human Error,Yes,Simple Injury,Hit and Run,Uncontrolled,Straight and flat,City or Town Road,Bitumen(Tar),Not Applicable,No influence on accident,Clear,HOSAKERAHALLI CROSS,NEAR HARSHA BAR,50FT,0.0,0.0,0,0,0.0,0.0
Bengaluru City,Banashankari Traffic PS,1.04432e+16,2017,1,2,Road Accidents,Cross roads,City/Town,Near office complex,Vehicle Defect,No,Damage Only,Others,Uncontrolled,Straight and flat,City or Town Road,Bitumen(Tar),Not Applicable,No influence on accident,Clear,BDA COMPLAX ROAD,NEAR COFFEY DAY,50FT,0.0,0.0,0,0,0.0,0.0
Bengaluru City,Banashankari Traffic PS,1.04432e+16,2017,1,2,Road Accidents,Narrow road,City/Town,Near Bus stop,Human Error,Not Applicable,Simple Injury,Not Applicable,Controlled,Incline,City or Town Road,Concrete,Dry,No influence on accident,Clear,ASHOK NAGARA,NEAR VIDYAPEETA CIRCLE,1,12.93475,77.562044,0,0,0.0,0.0
Bengaluru City,Banashankari Traffic PS,1.04432e+16,2017,1,2,Road Accidents,Junction,City/Town,Near Bus stop,Human Error,No,Damage Only,Others,No signal lights,Others,City or Town Road,Surfaced,Others,Not Applicable,Clear,kaveri road,1,3km,0.0,0.0,0,1,,
Bengaluru City,Banashankari Traffic PS,1.04432e+16,2017,1,2,Road Accidents,Narrow road,City/Town,Near Bus stop,Human Error,Yes,Simple Injury,Hit and Run,Controlled,Straight and flat,City or Town Road,Bitumen(Tar),Others,No influence on accident,Clear,100 FEET RING ROAD,NEAR SIGNAL LIGHT,50 FT,12.92514,77.55017,0,1,0.0,1.0
Bengaluru City,Banashankari Traffic PS,1.04432e+16,2017,1,1,Road Accidents,Narrow road,City/Town,Near Hospital,Human Error,No,Fatal,Others,Not Applicable,Others,Two way,Concrete,Dry,No influence on accident,Clear,UBHAVA HOSPITAL,1,1,0.0,0.0,0,0,0.0,0.0
Bengaluru City,Banashankari Traffic PS,1.04432e+16,2017,1,2,Not Applicable,Other,City/Town,Open area,Not Applicable,Not Applicable,Not Applicable,Others,Not Applicable,Others,Others,Not Applicable,Others,Not Applicable,Others,KEB JUNCTION NEAR,2,3,12.93103,77.540521,0,1,0.0,1.0
Bengaluru City,Banashankari Traffic PS,1.04432e+16,2017,1,1,Road Accidents,Narrow road,City/Town,Near Bus stop,Human Error,No,Simple Injury,Not Applicable,Not Applicable,Others,Two way,Concrete,Dry,Not Applicable,Clear,BANASHANKARI RING ROAD,1,1,12.920954,77.561862,0,0,0.0,0.0
Bengaluru City,Banashankari Traffic PS,1.04432e+16,2017,1,1,Road Accidents,Narrow road,City/Town,Near Bus stop,Human Error,Yes,Simple Injury,Hit and Run,Controlled,Incline,City or Town Road,Concrete,Dry,No influence on accident,Cloudy,HOSAKEREHALLI CROSS,BSK 3RD STAGE,1,12.933165,77.543488,0,0,0.0,0.0
Bengaluru City,Banashankari Traffic PS,1.04432e+16,2017,1,1,Road Accidents,Junction,City/Town,Near Bus stop,Human Error,Not Applicable,Simple Injury,Not Applicable,Controlled,Not Applicable,Two way,Concrete,Dry,No influence on accident,Clear,"CHANNAMMA CRICLE JUNCTION, OPP  DEVEGOWDA PETROL BUNK",2,2,12.921877,77.560394,0,0,0.0,0.0
Bengaluru City,Banashankari Traffic PS,1.04432e+16,2017,1,2,Road Accidents,Narrow road,City/Town,Near Bus stop,Human Error,Not Applicable,Simple Injury,Not Applicable,Not at  Junction,Not Applicable,Two way,Concrete,Dry,No influence on accident,Clear,"100 FEET RING ROAD OPP KAMAKYA BMTC DEPO, BSK 3RD STAGE",2,2,12.923899,77.553746,0,0,0.0,0.0
Bengaluru City,Banashankari Traffic PS,1.04432e+16,2017,1,1,Road Accidents,Narrow road,City/Town,Near Bus stop,Human Error,No,Simple Injury,Hit pedestrian,Uncontrolled,Incline,City or Town Road,Bitumen(Tar),Dry,No influence on accident,Clear,HOSAKEREHALLI BSK 3RD STGAE,2,1,12.930016,77.535855,0,0,0.0,0.0
Bengaluru City,Banashankari Traffic PS,1.04432e+16,2017,1,2,Road Accidents,Narrow road,City/Town,Residential area,Human Error,Not Applicable,Simple Injury,Others,Controlled,Not Applicable,City or Town Road,Not Applicable,Not Applicable,Not Applicable,Clear,NEAR GARADI APTS K R ROAD,GARADI APARTMENT,2 KM,0.0,0.0,0,0,0.0,0.0
Bengaluru City,Banashankari Traffic PS,1.04432e+16,2017,1,1,Road Accidents,Narrow road,City/Town,Near Bus stop,Human Error,Not Applicable,Simple Injury,Others,Controlled,Not Applicable,Two way,Concrete,Dry,No influence on accident,Clear,K R  ROAD BSK 2ND STAGE,1,1,0.0,0.0,0,0,0.0,0.0