DISTRICTNAME,UNITNAME,Crime_No,Year,RI,Noofvehicle_involved,Accident_Classification,Accident_Spot,Accident_Location,Accident_SubLocation,Main_Cause,Hit_Run,Severity,Collision_Type,Junction_Control,Road_Character,Road_Type,Surface_Type,Surface_Condition,Road_Condition,Weather,Accident_Road,Landmark_first,Distance_LandMark_First,Latitude,Longitude,Road_Condition_Score,Surface_Condition_Score,Surface_Type_Score,Road_Risk_Index
Bengaluru City,Banashankari Traffic PS,1.04432e+16,2017,1,2,Road Accidents,Narrow road,City/Town,Near office complex,Human Error,No,Simple Injury,Not Applicable,Not at  Junction,Curve,Two way,Concrete,Dry,No influence on accident,Clear,KATHARIGUPPE PAI JUNCTION INFRONT JANAHAR HOTEL BSK 3RD STAGE,2,2,12.927973,77.5519,0,0,0.0,0.0
Bengaluru City,Banashankari Traffic PS,1.04432e+16,2017,1,2,Not Applicable,Not Applicable,City/Town,In bazaar,Not Applicable,No,Simple Injury,Not Applicable,Not at  Junction,Not Applicable,Two way,Concrete,Dry,Not Applicable,Clear,"ARAVINDHA SUPER BAJAR SIGNAL, BSK 2ND STAGE",1,1,12.92866,77.567748,0,0,0.0,0.0
Bengaluru City,Banashankari Traffic PS,1.04432e+16,2017,1,2,Road Accidents,Curves,City/Town,Near office complex,Human Error,No,Simple Injury,Head on,Uncontrolled,Straight and flat,City or Town Road,Bitumen(Tar),Not Applicable,No influence on accident,Clear,ATTIMABBE ROAD,NEAR COFFEY DAY,50FT,12.92474,77.56062,0,0,0.0,0.0
Bengaluru City,Banashankari Traffic PS,1.04432e+16,2017,1,1,Road Accidents,Cross roads,City/Town,Near Bus stop,Human Error,No,Simple Injury,Hit pedestrian,Controlled,Straight and flat,City or Town Road,Bitumen(Tar),Not Applicable,No influence on accident,Clear,YARAB NAGARA,NEAR BUS STOP,50FT,12.92198,77.56974,0,0,0.0,0.0
Bengaluru City,Banashankari Traffic PS,1.04432e+16,2017,1,2,Road Accidents,Junction,City/Town,Near Hospital,Human Error,No,Simple Injury,Others,Not Applicable,Others,Two way,Concrete,Dry,No influence on accident,Clear,GIRINAGARA J P ROAD 17TH MAIN JUNCTION,1,1,12.94032,77.548408,0,0,0.0,0.0
Bengaluru City,Banashankari Traffic PS,1.04432e+16,2017,1,2,Road Accidents,Junction,City/Town,In bazaar,Vehicle Defect,Not Applicable,Damage Only,Not Applicable,Not Applicable,Others,Two way,Concrete,Dry,No influence on accident,Clear,"BSK ATTIMABBE ROAD, ARAVENDHA SUPER BAZAR",2,2,12.928818,77.566189,0,0,0.0,0.0
Bengaluru City,Banashankari Traffic PS,1.04432e+16,2017,1,1,Road Accidents,Cross roads,City/Town,Near Bus stop,Human Error,No,Simple Injury,Others,No signal lights,Others,Two way,Not Applicable,Others,Not Applicable,Clear,TYAGARAJANAGARA,NEAR SHANIMAHATHMA TEMPLE,0.5,12.93003,77.567041,0,1,0.0,1.0
Bengaluru City,Banashankari Traffic PS,1.04432e+16,2017,1,1,Road Accidents,Narrow road,City/Town,Near office complex,Human Error,Not Applicable,Simple Injury,Not Applicable,Not Applicable,Not Applicable,Two way,Concrete,Dry,No influence on accident,Clear,KATRIGUPPE PAI JUNCTION BSK 3RD STAGE,2,2,0.0,0.0,0,0,0.0,0.0
Bengaluru City,Banashankari Traffic PS,1.04432e+16,2017,1,1,Road Accidents,Culvert,City/Town,Near Bus stop,Human Error,Not Applicable,Simple Injury,Not Applicable,Not at  Junction,Not Applicable,Two way,Concrete,Dry,No influence on accident,Clear,"IN FRONT OF FLYOVER UP RAMP , 100 FEET RING ROAD",1,1,12.934493,77.537523,0,0,0.0,0.0
Bengaluru City,Banashankari Traffic PS,1.04432e+16,2017,1,2,Road Accidents,Narrow road,City/Town,Residential area,Human Error,No,Simple Injury,Hit parked vehicle,Uncontrolled,Incline,City or Town Road,Bitumen(Tar),Dry,No influence on accident,Clear,"NO 419, RING ROAD",KADERENAHALLI PARK,1,12.915678,77.565378,0,0,0.0,0.0
Bengaluru City,Banashankari Traffic PS,1.04432e+16,2017,1,1,Road Accidents,Narrow road,City/Town,Near Bus stop,Human Error,No,Simple Injury,Hit pedestrian,Controlled,Incline,City or Town Road,Bitumen(Tar),Dry,No influence on accident,Clear,BSK BUS STOP SIGNAL,2,1,12.2916902,77.573882,0,0,0.0,0.0
Bengaluru City,Banashankari Traffic PS,1.04432e+16,2017,1,2,Road Accidents,Junction,City/Town,Near Bus stop,Vehicle Defect,Not Applicable,Damage Only,Head on,Controlled,Straight and flat,City or Town Road,Bitumen(Tar),Not Applicable,No influence on accident,Clear,100 FEET RING ROAD,NEAR BUS STOP,50FT,0.0,0.0,0,0,0.0,0.0
Bengaluru City,Banashankari Traffic PS,1.04432e+16,2017,1,1,Road Accidents,Cross roads,City/Town,Near Petrol Pump,Human Error,No,Grievous Injury,Head on,Not at  Junction,Incline,City or Town Road,Bitumen(Tar),Others,Not Applicable,Clear,100 FEET RING ROAD,NEAR PETROL BUNK,50 FT,0.0,0.0,0,1,0.0,1.0
Bengaluru City,Banashankari Traffic PS,1.04432e+16,2017,1,1,Road Accidents,Cross roads,City/Town,Near Bus stop,Human Error,No,Simple Injury,Others,No signal lights,Curve,Two way,Surfaced,Others,Not Applicable,Clear,MUNESHWARA BLOCK,1,2 KM,12.9425369,77.5460194,0,1,,
Bengaluru City,Banashankari Traffic PS,1.04432e+16,2017,1,2,Road Accidents,Narrow road,City/Town,Near Bus stop,Human Error,Not Applicable,Grievous Injury,Others,Not at  Junction,Curve and Incline,Two way,Concrete,Dry,No influence on accident,Clear,BENDRE JUNTION BSK 2ND STAGE,1,1,12.914542,77.562918,0,0,0.0,0.0
Bengaluru City,Banashankari Traffic PS,1.04432e+16,2017,1,2,Road Accidents,T Junction,City/Town,Near Hospital,Vehicle Defect,No,Simple Injury,Others,Signal lights Automatic,Others,Two way,Concrete,Dry,No influence on accident,Clear,100 FEET RING ROAD NEAR UDBHAVA HOSPITAL,1,1,0.0,0.0,0,0,0.0,0.0
Bengaluru City,Banashankari Traffic PS,1.04432e+16,2017,1,2,Road Accidents,Cross roads,City/Town,Near Hospital,Human Error,Yes,Simple Injury,Hit and Run,Uncontrolled,Straight and flat,City or Town Road,Bitumen(Tar),Others,No influence on accident,Clear,GIRINAGER,NEAR HOSPITAL,50FT,0.0,0.0,0,1,0.0,1.0
Bengaluru City,Banashankari Traffic PS,1.04432e+16,2017,1,2,Road Accidents,Cross roads,City/Town,Near Hospital,Human Error,Yes,Grievous Injury,Hit and Run,Controlled,Straight and flat,City or Town Road,Bitumen(Tar),Not Applicable,No influence on accident,Clear,GIRINAGARA MUNESHWARA BLOCK,NEAR HOSPITAL,50FT,0.0,0.0,0,0,0.0,0.0
Bengaluru City,Banashankari Traffic PS,1.04432e+16,2017,1,2,Road Accidents,Junction,City/Town,Near Bus stop,Human Error,No,Simple Injury,Others,Controlled,Straight and flat,City or Town Road,Bitumen(Tar),Not Applicable,No influence on accident,Clear,ITTAMADU MAIN ROAD,NEAR GAS AGENCE,50FT,0.0,0.0,0,0,0.0,0.0
Bengaluru City,Banashankari Traffic PS,1.04432e+16,2017,1,1,Road Accidents,Cross roads,City/Town,Near Petrol Pump,Human Error,No,Simple Injury,Others,Not at  Junction,Curve,City or Town Road,Bitumen(Tar),Others,No influence on accident,Clear,9TH MAIN ROAD,NEAR PETROL PUMP,50 FT,12.9193081,77.5691122,0,1,0.0,1.0
Bengaluru City,Banashankari Traffic PS,1.04432e+16,2017,1,1,Road Accidents,Narrow road,City/Town,Near Bus stop,Human Error,Not Applicable,Simple Injury,Not Applicable,Not at  Junction,Not Applicable,Two way,Concrete,Dry,No influence on accident,Clear,"BSK BUS STOP , KANAKAPURA MAIN ROAD",2,2,12.916735,77.574036,0,0,0.0,0.0
Bengaluru City,Banashankari Traffic PS,1.04432e+16,2017,1,2,Road Accidents,Junction,City/Town,Near Hospital,Human Error,Not Applicable,Simple Injury,Not Applicable,Signal lights Manual,Not Applicable,Two way,Concrete,Dry,No influence on accident,Clear,"K R ROAD, TATA SILK FARAM JUNCTION INFORNT OF SLV HOTEL",2,2,12.934717,77.573803,0,0,0.0,0.0
Bengaluru City,Banashankari Traffic PS,1.04432e+16,2017,1,1,Road Accidents,Narrow road,City/Town,Residential area,Human Error,Yes,Simple Injury,Hit and Run,Controlled,Incline,City or Town Road,Concrete,Dry,No influence on accident,Cloudy,SRINIDHI MEDICAL STORE,T THIMMAIAH ROAD,2,0.0,0.0,0,0,0.0,0.0
Bengaluru City,Banashankari Traffic PS,1.04432e+16,2017,1,1,Not Applicable,Narrow road,City/Town,Near Bus stop,Vehicle Defect,Not Applicable,Simple Injury,Not Applicable,Not Applicable,Not Applicable,One way,Concrete,Dry,Not Applicable,Clear,"NCERT JUNCTION 100 FEET RING ROAD HOSAKEREHALLI NE AR KS HOSPITAL, BSK 3RD STAGE",2,2,12.93107,77.542767,0,0,0.0,0.0
Bengaluru City,Banashankari Traffic PS,1.04432e+16,2017,1,2,Road Accidents,Cross roads,City/Town,Near School or College,Human Error,Yes,Simple Injury,Hit and Run,Uncontrolled,Straight and flat,City or Town Road,Bitumen(Tar),Not Applicable,No influence on accident,Clear,THYAGARAJANAGAR 1ST MAIN,NEAR SCHOOL,50 FT,0.0,0.0,0,0,0.0,0.0
Bengaluru City,Banashankari Traffic PS,1.04432e+16,2017,1,2,Road Accidents,Narrow road,City/Town,Near Petrol Pump,Human Error,No,Damage Only,Not Applicable,Controlled,Incline,City or Town Road,Concrete,Dry,No influence on accident,Clear,ATTIMABHE ROAD,NEAR PETROL BUNK,1,12.921659,77.560385,0,0,0.0,0.0
Bengaluru City,Banashankari Traffic PS,1.04432e+16,2017,1,1,Road Accidents,Cross roads,City/Town,Residential area,Human Error,Yes,Simple Injury,Hit pedestrian,Not at  Junction,Others,Two way,Not Applicable,Others,Not Applicable,Clear,9th main 24th b cross,1,0.6,12.922855,77.570241,0,1,0.0,1.0
Bengaluru City,Banashankari Traffic PS,1.04432e+16,2017,1,1,Road Accidents,Narrow road,City/Town,Near Bus stop,Human Error,Yes,Fatal,Hit and Run,Controlled,Incline,City or Town Road,Concrete,Dry,Not Applicable,Cloudy,BSK 3RD STAGE,NEAR PARIMALA BEKARY,2.5,12.934192,77.54664,0,0,0.0,0.0
Bengaluru City,Banashankari Traffic PS,1.04432e+16,2017,1,2,Road Accidents,Narrow road,City/Town,Residential area,Vehicle Defect,Not Applicable,Damage Only,Not Applicable,Not at  Junction,Curve,One way,Concrete,Dry,No influence on accident,Clear,"NO 1285, 24TH CROSS, BSK 2ND STAGE",1,1,12.925147,77.2561516,0,0,0.0,0.0
Bengaluru City,Banashankari Traffic PS,1.04432e+16,2017,1,2,Road Accidents,Narrow road,City/Town,Near Bus stop,Human Error,Yes,Simple Injury,Hit and Run,Controlled,Straight and flat,City or Town Road,Bitumen(Tar),Others,No influence on accident,Clear,100 FEET RING ROAD,NEAR CHANNAMMA CIRCEL BUS STOP,30 FT,12.9219169,77.5597482,0,1,0.0,1.0
Bengaluru City,Banashankari Traffic PS,1.04432e+16,2017,1,2,Road Accidents,Junction,City/Town,Near Bus stop,Human Error,No,Simple Injury,Others,Controlled,Curve,City or Town Road,Surfaced,Dry,Not Applicable,Clear,PADMANABHANAGARA 17 TH CROSS ROAD,15 TH MAIN ROAD,2,0.0,0.0,0,0,,
Bengaluru City,Banashankari Traffic PS,1.04432e+16,2017,1,2,Road Accidents,Not Applicable,City/Town,Residential area,Vehicle Defect,No,Damage Only,Hit parked vehicle,Not at  Junction,Curve,Two way,Concrete,Dry,No influence on accident,Clear,"HOSAKEREHALLI MAIN ROAD, 14TH CROSS,",2,2,0.0,0.0,0,0,0.0,0.0
Bengaluru City,Banashankari Traffic PS,1.04432e+16,2017,1,2,Road Accidents,Narrow road,City/Town,Residential area,Human Error,No,Damage Only,Hit parked vehicle,Not Applicable,Straight and flat,Residential Street,Concrete,Dry,Not Applicable,Clear,TEACHERS COLONY,KADERENAHALLI CROSS,1,12.915397,77.567266,0,0,0.0,0.0
Bengaluru City,Banashankari Traffic PS,1.04432e+16,2017,1,2,Road Accidents,Narrow road,City/Town,Near Petrol Pump,Human Error,No,Simple Injury,Not Applicable,Not Applicable,Curve,Two way,Concrete,Dry,No influence on accident,Clear,BANASHANKARI 14TH CROSS T R NAGARA NEAR PS JUNCTION,1,1,0.0,0.0,0,0,0.0,0.0
Bengaluru City,Banashankari Traffic PS,1.04432e+16,2017,1,1,Road Accidents,Narrow road,City/Town,Near a religious place,Human Error,Not Applicable,Simple Injury,Not Applicable,Not Applicable,Not Applicable,One way,Concrete,Dry,No influence on accident,Clear,BSK 18TH MAIN NEAR  BBMP KUMENPU PARK (DEVAGIRI),2,2,12.925127,77.565751,0,0,0.0,0.0
Bengaluru City,Banashankari Traffic PS,1.04432e+16,2017,1,2,Road Accidents,Narrow road,City/Town,Near Hospital,Vehicle Defect,Not Applicable,Damage Only,Side swipe,Not Applicable,Incline,Two way,Concrete,Dry,No influence on accident,Clear,100 FEET RING ROAD  BSK 3RD STAGE,2,2,12.937199,77.533969,0,0,0.0,0.0
Bengaluru City,Banashankari Traffic PS,1.04432e+16,2017,1,2,Road Accidents,Narrow road,City/Town,Residential area,Human Error,Yes,Simple Injury,Hit and Run,Controlled,Incline,City or Town Road,Concrete,Dry,No influence on accident,Cloudy,KARNATAKA BANK,BSK 2ND STAGE,1,12.926903,77.568279,0,0,0.0,0.0
Bengaluru City,Banashankari Traffic PS,1.04432e+16,2017,1,1,Road Accidents,Junction,City/Town,Near Bus stop,Human Error,Not Applicable,Simple Injury,Others,Signal lights Automatic,Not Applicable,Two way,Concrete,Dry,No influence on accident,Clear,NCERT JUNCTION 100 FEET RING ROAD BSK 3RD STAGE,2,2,12.930499,77.543528,0,0,0.0,0.0
Bengaluru City,Banashankari Traffic PS,1.04432e+16,2017,1,1,Road Accidents,Junction,City/Town,Near Bus stop,Human Error,Not Applicable,Simple Injury,Not Applicable,Not Applicable,Not Applicable,One way,Concrete,Dry,No influence on accident,Clear,13TH CROSS JUNCTION,2,2,12.919461,77.543871,0,0,0.0,0.0
Bengaluru City,Banashankari Traffic PS,1.04432e+16,2017,1,1,Road Accidents,Narrow road,City/Town,Residential area,Human Error,Yes,Simple Injury,Hit and Run,Controlled,Incline,City or Town Road,Concrete,Dry,No influence on accident,Clear,INFRONT OF HOUSE NO 345,MANJUNATHA COLONY,1,0.0,0.0,0,0,0.0,0.0
Bengaluru City,Banashankari Traffic PS,1.04432e+16,2017,1,2,Road Accidents,Narrow road,City/Town,Near Bus stop,Vehicle Defect,Not Applicable,Simple Injury,Not Applicable,Not at  Junction,Not Applicable,Two way,Concrete,Dry,Not Applicable,Clear,NEAR BSNL OFFICE CHANNAMMANAKETE ACHUKATTU BSK 3RD STAGE,2,2,12.927901,77.555802,0,0,0.0,0.0
Bengaluru City,Banashankari Traffic PS,1.04432e+16,2017,1,2,Road Accidents,Junction,City/Town,Near office complex,Human Error,No,Simple Injury,Head on,Controlled,Straight and flat,City or Town Road,Bitumen(Tar),Not Applicable,No influence on accident,Clear,ATTIMABBE MAIN ROAD,NEAR SIGNEL LIGHT,50FT,0.0,0.0,0,0,0.0,0.0
Bengaluru City,Banashankari Traffic PS,1.04432e+16,2017,1,1,Road Accidents,Cross roads,City/Town,Near Bus stop,Human Error,Yes,Simple Injury,Hit and Run,Not at  Junction,Straight and flat,City or Town Road,Bitumen(Tar),Not Applicable,No influence on accident,Clear,KANAKAPURA MAIN ROAD,NEAR BUS STOP,50 FT,0.0,0.0,0,0,0.0,0.0
Bengaluru City,Banashankari Traffic PS,1.04432e+16,2017,1,1,Road Accidents,Cross roads,City/Town,Near Hospital,Human Error,Yes,Simple Injury,Hit and Run,No signal lights,Curve,City or Town Road,Bitumen(Tar),Others,No influence on accident,Clear,3rd main road,NEAR HOSPITAL,50 FT,0.0,0.0,0,1,0.0,1.0
Bengaluru City,Banashankari Traffic PS,1.04432e+16,2017,1,2,Road Accidents,Cross roads,City/Town,In bazaar,Human Error,Yes,Simple Injury,Hit and Run,Not at  Junction,Incline,City or Town Road,Bitumen(Tar),Others,No influence on accident,Clear,KATHARIGUPPE MAIN ROAD,NEAR BAZAR,50 FT,0.0,0.0,0,1,0.0,1.0
Bengaluru City,Banashankari Traffic PS,1.04432e+16,2017,1,2,Road Accidents,Cross roads,City/Town,Residential area,Human Error,Yes,Simple Injury,Hit and Run,Not at  Junction,Slight Curve,City or Town Road,Bitumen(Tar),Others,No influence on accident,Clear,15TH CROSS BSK 2ND STAGE,NEAR SWIMING FOOL,40FT,12.9292002,77.5701998,0,1,0.0,1.0
Bengaluru City,Banashankari Traffic PS,1.04432e+16,2017,1,1,Road Accidents,T Junction,City/Town,Near Petrol Pump,Human Error,Not Applicable,Grievous Injury,Not Applicable,Not Applicable,Steep Incline or Climb,Two way,Concrete,Dry,No influence on accident,Clear,BSK RING ROAD D G PETROL BUNK,100 FT RING ROAD,1,0.0,0.0,0,0,0.0,0.0
Bengaluru City,Banashankari Traffic PS,1.04432e+16,2017,1,2,Road Accidents,Narrow road,City/Town,Near Hospital,Vehicle Defect,No,Damage Only,Others,Not at  Junction,Not Applicable,Two way,Concrete,Dry,No influence on accident,Clear,100 FEET RING ROAD BSK 3RD STAGE,1,1,0.0,0.0,0,0,0.0,0.0
Bengaluru City,Banashankari Traffic PS,1.04432e+16,2017,1,2,Road Accidents,Narrow road,City/Town,Near Bus stop,Human Error,No,Simple Injury,Not Applicable,Not at  Junction,Not Applicable,Two way,Concrete,Dry,No influence on accident,Clear,BSK RING ROAD KEB JUNTION  NEAR PATEL CHANNAPPA APARTMENT,1,1,0.0,0.0,0,0,0.0,0.0
Bengaluru City,Banashankari Traffic PS,1.04432e+16,2017,1,1,Road Accidents,Narrow road,City/Town,Near Bus stop,Human Error,No,Simple Injury,Not Applicable,Uncontrolled,Incline,Two way,Concrete,Dry,No influence on accident,Clear,IN FRONT OF HOP 2ND MAIN ROAD THYAGARANAGAR,1,1,12.930789,77.567015,0,0,0.0,0.0
Bengaluru City,Banashankari Traffic PS,1.04432e+16,2017,1,2,Road Accidents,Cross roads,City/Town,Residential area,Human Error,No,Simple Injury,Others,No signal lights,Others,Two way,Surfaced,Others,Not Applicable,Clear,35 th cross road,1,1 km,12.919115,77.56435,0,1,,
Bengaluru City,Banashankari Traffic PS,1.04432e+16,2017,1,2,Road Accidents,Junction,City/Town,Near Bus stop,Human Error,Not Applicable,Simple Injury,Not Applicable,Controlled,Incline,Two way,Concrete,Dry,Not Applicable,Clear,CHANNAMMA CRICLE JUNCTION,1,1,12.921404,77.560333,0,0,0.0,0.0
Bengaluru City,Banashankari Traffic PS,1.04432e+16,2017,1,3,Road Accidents,Narrow road,City/Town,Near Bus stop,Human Error,Not Applicable,Fatal,Right Turn Collision,Not at  Junction,Others,Two way,Concrete,Dry,No influence on accident,Clear,"YADIYURU BUS STOP, OPP KABAB MAGIC, KANAKAPURA MAIN ROAD",2,2,12.930331,77.57646,0,0,0.0,0.0
Bengaluru City,Banashankari Traffic PS,1.04432e+16,2017,1,3,Road Accidents,Junction,City/Town,Near Bus stop,Human Error,No,Simple Injury,Others,Signal lights Automatic,Curve,City or Town Road,Bitumen(Tar),Others,Not Applicable,Clear,KANAKAPURA MAIN ROAD,NEAR BUS STOP,50 FT,0.0,0.0,0,1,0.0,1.0
Bengaluru City,Banashankari Traffic PS,1.04432e+16,2017,1,1,Road Accidents,T Junction,City/Town,Near Petrol Pump,Human Error,Not Applicable,Grievous Injury,Not Applicable,Not Applicable,Curve,Two way,Concrete,Dry,No influence on accident,Clear,DEVEGOWDA JUNCTION NEAR BUS STOP,1,1,12.9379998,77.533704,0,0,0.0,0.0
Bengaluru City,Banashankari Traffic PS,1.04432e+16,2017,1,1,Road Accidents,Narrow road,City/Town,Near office complex,Human Error,Not Applicable,Fatal,Not Applicable,Not at  Junction,Not Applicable,Two way,Concrete,Dry,No influence on accident,Clear,K R ROAD BEHINDH D F C BANK,1,2,12.926708,77.57358,0,0,0.0,0.0
Bengaluru City,Banashankari Traffic PS,1.04432e+16,2017,1,2,Road Accidents,Narrow road,City/Town,Near Bus stop,Human Error,No,Simple Injury,Right Turn Collision,Controlled,Incline,City or Town Road,Concrete,Dry,No influence on accident,Clear,YADIYUR JUNCTION,NEAR YADIYUR,1,12.925331,77.565815,0,0,0.0,0.0
Bengaluru City,Banashankari Traffic PS,1.04432e+16,2017,1,1,Road Accidents,Not Applicable,City/Town,Near Bus stop,Human Error,Not Applicable,Grievous Injury,Not Applicable,Not at  Junction,Not Applicable,One way,Concrete,Dry,No influence on accident,Clear,"MUNESWARA MAIN ROAD, 14TH MAIN JUNCTION",2,2,0.0,0.0,0,0,0.0,0.0
Bengaluru City,Banashankari Traffic PS,1.04432e+16,2017,1,2,Road Accidents,Narrow road,City/Town,Near Bus stop,Human Error,Not Applicable,Grievous Injury,Not Applicable,Not at  Junction,Not Applicable,One way,Concrete,Dry,No influence on accident,Clear,"ATTIMABBE ROAD, CHANNAMMANA CIRCLE",2,2,12.92229,77.560365,0,0,0.0,0.0
Bengaluru City,Banashankari Traffic PS,1.04432e+16,2017,1,2,Road Accidents,Narrow road,City/Town,Near Hospital,Human Error,Not Applicable,Simple Injury,Not Applicable,Not at  Junction,Incline,Two way,Concrete,Dry,No influence on accident,Clear,OPPOSITE TE COMPANY 100 FT RING ROAD BSK 2ND STAGE,1,1,12.919412,77.562751,0,0,0.0,0.0
Bengaluru City,Banashankari Traffic PS,1.04432e+16,2017,1,1,Road Accidents,Narrow road,City/Town,Near Bus stop,Human Error,Yes,Simple Injury,Hit and Run,Controlled,Incline,City or Town Road,Concrete,Dry,No influence on accident,Clear,Pesit colleage,100ft ring road,1,12.936826,77.533905,0,0,0.0,0.0
Bengaluru City,Banashankari Traffic PS,1.04432e+16,2017,1,1,Road Accidents,Narrow road,City/Town,Near Bus stop,Human Error,Not Applicable,Simple Injury,Not Applicable,Not Applicable,Others,Sub Arterial,Concrete,Dry,Not Applicable,Clear,NEAR BASHANKARI BUS STOP,1,1,12.934249,77.541787,0,0,0.0,0.0
Bengaluru City,Banashankari Traffic PS,1.04432e+16,2017,1,1,Road Accidents,Cross roads,City/Town,Residential area,Human Error,Yes,Simple Injury,Hit and Run,Uncontrolled,Slight Curve,City or Town Road,Bitumen(Tar),Not Applicable,No influence on accident,Clear,13TH MAIN SRINIVASNAGARA,NEAR SCHOOL,50FT,0.0,0.0,0,0,0.0,0.0
Bengaluru City,Banashankari Traffic PS,1.04432e+16,2017,1,2,Road Accidents,Circle,City/Town,Near Bus stop,Human Error,Yes,Simple Injury,Hit and Run,No signal lights,Curve,City or Town Road,Bitumen(Tar),Others,Not Applicable,Clear,AVALAHALLI MAIN ROAD,NEAR MOHAN BAR,50 FT,0.0,0.0,0,1,0.0,1.0
Bengaluru City,Banashankari Traffic PS,1.04432e+16,2017,1,1,Road Accidents,Narrow road,City/Town,Residential area,Human Error,Not Applicable,Fatal,Others,Not at  Junction,Not Applicable,Two way,Concrete,Dry,No influence on accident,Clear,BSK 3RD STAGE 100 FEET RING ROAD,2,2,12.930561,77.543499,0,0,0.0,0.0
Bengaluru City,Banashankari Traffic PS,1.04432e+16,2017,1,2,Road Accidents,Narrow road,City/Town,Near Bus stop,Human Error,No,Simple Injury,Others,Not Applicable,Not Applicable,Two way,Concrete,Dry,No influence on accident,Clear,VIDYA PITA SIRCLE  NEAR MEDICAL STORE,1,1,12.935152,77.561438,0,0,0.0,0.0
Bengaluru City,Banashankari Traffic PS,1.04432e+16,2017,1,2,Road Accidents,Narrow road,City/Town,Near Bus stop,Human Error,Not Applicable,Simple Injury,Not Applicable,Not at  Junction,Incline,Two way,Concrete,Dry,No influence on accident,Clear,BSK 100 FEET RING ROAD  HOSAKERE HALLI NEAR H P PETROL BUNK,2,2,12.932206,77.541118,0,0,0.0,0.0
Bengaluru City,Banashankari Traffic PS,1.04432e+16,2017,1,1,Road Accidents,Narrow road,City/Town,Near a religious place,Human Error,No,Simple Injury,Not Applicable,Not at  Junction,Curve and Incline,One way,Concrete,Dry,Not Applicable,Clear,"GIRINAGARA TEMPLE ROAD,NEAR SRUNGERI SHARADHA TEMPLE",3,3,12.940634,77.547753,0,0,0.0,0.0
Bengaluru City,Banashankari Traffic PS,1.04432e+16,2017,1,1,Road Accidents,Narrow road,City/Town,Near Bus stop,Human Error,Not Applicable,Simple Injury,Not Applicable,Not Applicable,Not Applicable,Two way,Concrete,Dry,Not Applicable,Clear,"BSK BUS STOP JUNCTION , KANAKAPURA MAIN ROAD",1,1,12.91649,77.573684,0,0,0.0,0.0
Bengaluru City,Banashankari Traffic PS,1.04432e+16,2017,1,1,Road Accidents,Narrow road,City/Town,Near office complex,Human Error,No,Simple Injury,Hit pedestrian,Controlled,Incline,City or Town Road,Concrete,Dry,No influence on accident,Clear,17 th cross road,Banashankari,1,12.927862,77.573752,0,0,0.0,0.0
Bengaluru City,Banashankari Traffic PS,1.04432e+16,2017,1,2,Road Accidents,Narrow road,City/Town,Residential area,Human Error,Yes,Simple Injury,Others,Controlled,Incline,City or Town Road,Bitumen(Tar),Dry,No influence on accident,Clear,NEAR 9TH MAIN ROAD,BSK 3RD STAGE,1,0.0,0.0,0,0,0.0,0.0
Bengaluru City,Banashankari Traffic PS,1.04432e+16,2017,1,2,Road Accidents,Junction,City/Town,Near School or College,Human Error,No,Simple Injury,Others,Signal lights Blinking,Straight and flat,City or Town Road,Bitumen(Tar),Others,No influence on accident,Clear,BNM COLLAGE ROAD,NEAR BNM COLLAGE,50FT,0.0,0.0,0,1,0.0,1.0
Bengaluru City,Banashankari Traffic PS,1.04432e+16,2017,1,1,Road Accidents,Narrow road,City/Town,Near Bus stop,Human Error,No,Simple Injury,Hit pedestrian,Controlled,Incline,City or Town Road,Bitumen(Tar),Dry,No influence on accident,Clear,YADIYUR JUNCTION,KANAKAPURA MAIN ROAD,1,12.93736,77.576376,0,0,0.0,0.0
Bengaluru City,Banashankari Traffic PS,1.04432e+16,2017,1,2,Road Accidents,Cross roads,City/Town,Near Bus stop,Human Error,Yes,Simple Injury,Hit and Run,Uncontrolled,Straight and flat,City or Town Road,Bitumen(Tar),Not Applicable,No influence on accident,Clear,9TH MAIN KAVERINAGARA,NEAR TEMPLE,50FT,0.0,0.0,0,0,0.0,0.0
Bengaluru City,Banashankari Traffic PS,1.04432e+16,2017,1,2,Road Accidents,T Junction,City/Town,Near Petrol Pump,Human Error,Not Applicable,Grievous Injury,Not Applicable,Not Applicable,Curve and Incline,Two way,Concrete,Dry,No influence on accident,Clear,100 FEET RING ROAD NEAR PETROL BUNK,1,1,0.0,0.0,0,0,0.0,0.0
Bengaluru City,Banashankari Traffic PS,1.04432e+16,2017,1,2,Road Accidents,Narrow road,City/Town,Near Bus stop,Vehicle Defect,No,Damage Only,Not Applicable,Not at  Junction,Not Applicable,Two way,Concrete,Dry,No influence on accident,Clear,KANAKA PURA MAIN ROAD,1,1,12.915592,77.573597,0,0,0.0,0.0