DISTRICTNAME,UNITNAME,Crime_No,Year,RI,Noofvehicle_involved,Accident_Classification,Accident_Spot,Accident_Location,Accident_SubLocation,Main_Cause,Hit_Run,Severity,Collision_Type,Junction_Control,Road_Character,Road_Type,Surface_Type,Surface_Condition,Road_Condition,Weather,Accident_Road,Landmark_first,Distance_LandMark_First,Latitude,Longitude,Road_Condition_Score,Surface_Condition_Score,Surface_Type_Score,Road_Risk_Index
Bengaluru City,Banashankari Traffic PS,1.04432e+16,2017,1,2,Road Accidents,Narrow road,City/Town,Near Bus stop,Human Error,Not Applicable,Simple Injury,Not Applicable,Not at  Junction,Not Applicable,One way,Concrete,Dry,No influence on accident,Clear,ATTIMABBE ROAD CHANNAMMA CRICLE,2,2,12.922201,77.560335,0,0,0.0,0.0
Bengaluru City,Banashankari Traffic PS,1.04432e+16,2017,1,2,Rail Road Accidents,Narrow road,City/Town,In bazaar,Human Error,Not Applicable,Simple Injury,Not Applicable,Not at  Junction,Curve,Two way,Concrete,Dry,No influence on accident,Clear,NEAR AYAPPA TEMPLE KATHARIGUPPE 5TH MAIN BSK 3RD STAGE,2,2,12.926875,77.552719,0,0,0.0,0.0
Bengaluru City,Banashankari Traffic PS,1.04432e+16,2017,1,2,Road Accidents,Narrow road,City/Town,Near a religious place,Human Error,No,Simple Injury,Not Applicable,Not at  Junction,Not Applicable,Two way,Concrete,Dry,No influence on accident,Clear,"NEAR KASHI VISHWAATHA TEMPLE, 17TH MAIN MUNESHWARA BLOCK,",2,2,12.947297,77.54901,0,0,0.0,0.0
Bengaluru City,Banashankari Traffic PS,1.04432e+16,2017,1,2,Road Accidents,Narrow road,City/Town,Near Bus stop,Human Error,Not Applicable,Simple Injury,Not Applicable,Not Applicable,Not Applicable,Two way,Concrete,Dry,No influence on accident,Clear,"INFORT OF LAKSHKMI CERAMIX, 4TH MAIN KATHRIGUPPE BSK 3RD STAGE",2,2,12.926556,77.552828,0,0,0.0,0.0
Bengaluru City,Banashankari Traffic PS,1.04432e+16,2017,1,2,Road Accidents,Narrow road,City/Town,Near Bus stop,Human Error,Yes,Simple Injury,Hit and Run,Controlled,Incline,City or Town Road,Concrete,Dry,No influence on accident,Clear,ITTAMADU JUNCTION,100 FT RING ROAD,1,12.929019,77.567835,0,0,0.0,0.0
Bengaluru City,Banashankari Traffic PS,1.04432e+16,2017,1,5,Road Accidents,Junction,City/Town,Near Petrol Pump,Vehicle Defect,No,Damage Only,Others,Controlled,Curve,Others,Not Applicable,Dry,Not Applicable,Clear,100 FT RING ROAD,PETROL BUNK,4,12.932109,77.541195,0,0,0.0,0.0
Bengaluru City,Banashankari Traffic PS,1.04432e+16,2017,1,2,Road Accidents,Cross roads,City/Town,Near Hospital,Human Error,Yes,Simple Injury,Hit and Run,Controlled,Straight and flat,City or Town Road,Bitumen(Tar),Not Applicable,No influence on accident,Clear,K R ROAD,NEAR UPAHAR SAGAR HOTAL,50FT,0.0,0.0,0,0,0.0,0.0
Bengaluru City,Banashankari Traffic PS,1.04432e+16,2017,1,2,Road Accidents,Circle,City/Town,Near Bus stop,Human Error,No,Simple Injury,Others,No signal lights,Curve,City or Town Road,Bitumen(Tar),Others,Not Applicable,Clear,KANAKAPURA ROAD,BUS STOP,50 FT,0.0,0.0,0,1,0.0,1.0
Bengaluru City,Banashankari Traffic PS,1.04432e+16,2017,1,2,Road Accidents,Narrow road,City/Town,Near School or College,Human Error,No,Simple Injury,Others,Signal lights Blinking,Straight and flat,City or Town Road,Bitumen(Tar),Others,No influence on accident,Clear,100 FEET RING ROAD,NEAR PESIT COLLAGE,50FT,0.0,0.0,0,1,0.0,1.0
Bengaluru City,Banashankari Traffic PS,1.04432e+16,2017,1,2,Road Accidents,Narrow road,City/Town,Near Bus stop,Human Error,No,Simple Injury,Drowned,Controlled,Incline,City or Town Road,Gravel,Dry,No influence on accident,Clear,BSK 3RD STAGE,PES COLLEAGE,1,0.0,0.0,0,0,3.0,3.0
Bengaluru City,Banashankari Traffic PS,1.04432e+16,2017,1,2,Road Accidents,Narrow road,City/Town,Near Bus stop,Human Error,Not Applicable,Grievous Injury,Not Applicable,Not at  Junction,Not Applicable,Two way,Concrete,Dry,No influence on accident,Clear,"SUBRAMAYAPURA MAIN ROAD, YARAB NAGARA NEAR NPTI HOSTEL",2,2,12.915084,77.569211,0,0,0.0,0.0
Bengaluru City,Banashankari Traffic PS,1.04432e+16,2017,1,1,Road Accidents,Narrow road,City/Town,Near Bus stop,Human Error,Not Applicable,Simple Injury,Not Applicable,Not Applicable,Not Applicable,Two way,Concrete,Dry,No influence on accident,Clear,"11TH B CROSS, GIRINAGARA 2D PHASE",2,2,22.941585,77.54126,0,0,0.0,0.0
Bengaluru City,Banashankari Traffic PS,1.04432e+16,2017,1,2,Road Accidents,Narrow road,City/Town,Residential area,Human Error,No,Simple Injury,Not Applicable,Uncontrolled,Incline,City or Town Road,Concrete,Dry,No influence on accident,Clear,BSK 3RD STAGE,BANAGIRI NAGARA,1,12.925757,77.556285,0,0,0.0,0.0
Bengaluru City,Banashankari Traffic PS,1.04432e+16,2017,1,1,Road Accidents,Bridge,City/Town,Near Bus stop,Human Error,Yes,Fatal,Hit and Run,Uncontrolled,Incline,City or Town Road,Concrete,Dry,No influence on accident,Cloudy,"BSK 3RD STAGE, 100 FEET RING ROAD",KEB JUNCTION,1,12.935225,77.536294,0,0,0.0,0.0
Bengaluru City,Banashankari Traffic PS,1.04432e+16,2017,1,1,Road Accidents,Other,City/Town,Near Bus stop,Human Error,Yes,Simple Injury,Hit and Run,Controlled,Others,City or Town Road,Not Applicable,Dry,Not Applicable,Clear,SUBRAMANYAPURA MN ROAD,NEAR BUS STOP,2,12.928727,77.567954,0,0,0.0,0.0
Bengaluru City,Banashankari Traffic PS,1.04432e+16,2018,1,2,Road Accidents,Narrow road,City/Town,Near Bus stop,Vehicle Defect,Not Applicable,Simple Injury,Not Applicable,Not Applicable,Curve,Two way,Concrete,Dry,No influence on accident,Clear,IN FRONT OF BATA SHOW ROOM YADURU KANAKAPURA MAIN ROAD,2,2,12.931386,77.575957,0,0,0.0,0.0
Bengaluru City,Banashankari Traffic PS,1.04432e+16,2018,1,2,Road Accidents,Bridge,City/Town,Near Bus stop,Human Error,No,Fatal,Not Applicable,Not Applicable,Curve,Two way,Concrete,Dry,No influence on accident,Clear,"HOSAKEREHALLI NEW FLYOVER, NEAR KEB JUNCTION, 100 FEET RING ROAD BSK 3RD STAGE",2,2,12.933949,77.538896,0,0,0.0,0.0
Bengaluru City,Banashankari Traffic PS,1.04432e+16,2018,1,2,Road Accidents,Narrow road,City/Town,Near Bus stop,Human Error,Yes,Simple Injury,Hit and Run,Controlled,Incline,City or Town Road,Bitumen(Tar),Dry,No influence on accident,Clear,"5TH CROSS, ITTAMADU",BSK 3RD STAGE,1,12.92307,77.545872,0,0,0.0,0.0
Bengaluru City,Banashankari Traffic PS,1.04432e+16,2018,1,2,Road Accidents,Narrow road,City/Town,Residential area,Human Error,Yes,Simple Injury,Hit and Run,Controlled,Incline,City or Town Road,Bitumen(Tar),Dry,No influence on accident,Clear,KATHRIGUPPE,BSK 3RD STAGE,1,0.0,0.0,0,0,0.0,0.0
Bengaluru City,Banashankari Traffic PS,1.04432e+16,2018,1,2,Road Accidents,Narrow road,City/Town,Near Petrol Pump,Human Error,No,Simple Injury,Overturning,Controlled,Incline,City or Town Road,Bitumen(Tar),Dry,No influence on accident,Clear,100 FT RING ROAD,HOSAKEREHALLI,1,12.932341,77.541042,0,0,0.0,0.0
Bengaluru City,Banashankari Traffic PS,1.04432e+16,2018,1,2,Road Accidents,Narrow road,City/Town,Near Bus stop,Human Error,No,Simple Injury,Others,Controlled,Incline,City or Town Road,Bitumen(Tar),Dry,No influence on accident,Clear,KAMAKYA,BSK 3RD STAGE,1,12.925033,77.553394,0,0,0.0,0.0
Bengaluru City,Banashankari Traffic PS,1.04432e+16,2018,1,2,Road Accidents,Narrow road,City/Town,Near Bus stop,Vehicle Defect,Yes,Not Applicable,Hit and Run,Not at  Junction,Others,Two way,Concrete,Not Applicable,No influence on accident,Clear,OPP ARPITHA ENTER PRAICES OBBALAPPA GARDEN TATA SILK FARM K R ROAD,2,2,12.934259,99.573812,0,0,0.0,0.0
Bengaluru City,Banashankari Traffic PS,1.04432e+16,2018,1,2,Road Accidents,Narrow road,City/Town,Near Bus stop,Human Error,Not Applicable,Fatal,Others,Not Applicable,Not Applicable,Two way,Concrete,Dry,No influence on accident,Clear,IN FRONT OF D D FORMACY MEDICAL STORE 3RD MAIN ITTAMADU MAIN ROAD BSK 3RD STAGE,2,2,12.921713,77.543403,0,0,0.0,0.0
Bengaluru City,Banashankari Traffic PS,1.04432e+16,2018,1,2,Road Accidents,Narrow road,City/Town,Near Bus stop,Human Error,No,Simple Injury,Right Turn Collision,Not at  Junction,Incline,City or Town Road,Bitumen(Tar),Dry,No influence on accident,Cloudy,K R ROAD,OBALAPPA  GARDEN,1,12.933634,77.57372,0,0,0.0,0.0
Bengaluru City,Banashankari Traffic PS,1.04432e+16,2018,1,2,Road Accidents,Narrow road,City/Town,Near Petrol Pump,Human Error,No,Simple Injury,Others,Controlled,Incline,City or Town Road,Bitumen(Tar),Dry,No influence on accident,Clear,"100 FEET RING ROAD,",CHENNAMMA CIRCLE,1,12.921928,77.560224,0,0,0.0,0.0
Bengaluru City,Banashankari Traffic PS,1.04432e+16,2018,1,2,Road Accidents,Narrow road,City/Town,Residential area,Human Error,Yes,Simple Injury,Others,Not at  Junction,Incline,City or Town Road,Bitumen(Tar),Dry,No influence on accident,Cloudy,BANAGIRI NAGARA,BSK 3RD STAGE,2,0.0,0.0,0,0,0.0,0.0
Bengaluru City,Banashankari Traffic PS,1.04432e+16,2018,1,2,Road Accidents,Narrow road,City/Town,Residential area,Human Error,No,Simple Injury,Right Turn Collision,Not at  Junction,Incline,City or Town Road,Bitumen(Tar),Dry,No influence on accident,Clear,BSK 2ND STAGE,17 TH D CROSS,1,0.0,0.0,0,0,0.0,0.0
Bengaluru City,Banashankari Traffic PS,1.04432e+16,2018,1,1,Road Accidents,Junction,City/Town,Near Bus stop,Vehicle Defect,Yes,Simple Injury,Not Applicable,Not Applicable,Others,Two way,Concrete,Dry,No influence on accident,Clear,NEAR SLV BIRIYANI HOTEL 14TH CROSS K R ROAD JUNCTION BANASHANKARI,1,1,12.92939,77.573672,0,0,0.0,0.0
Bengaluru City,Banashankari Traffic PS,1.04432e+16,2018,1,2,Road Accidents,Narrow road,City/Town,Near Bus stop,Human Error,No,Simple Injury,Side impact or Right angle,Not at  Junction,Incline,City or Town Road,Bitumen(Tar),Dry,No influence on accident,Clear,9TH MAIN ROAD,BSK 2ND STAGE,1,12.928011,77.567905,0,0,0.0,0.0
Bengaluru City,Banashankari Traffic PS,1.04432e+16,2018,1,1,Road Accidents,Narrow road,City/Town,At pedestrian Crossing,Human Error,Yes,Simple Injury,Hit and Run,Controlled,Incline,City or Town Road,Bitumen(Tar),Dry,No influence on accident,Clear,PESIT COLLEGE,100 FEET RING ROAD,1,12.935253,77.536675,0,0,0.0,0.0
Bengaluru City,Banashankari Traffic PS,1.04432e+16,2018,1,1,Road Accidents,Narrow road,City/Town,Near a religious place,Human Error,Yes,Simple Injury,Hit pedestrian,Not at  Junction,Incline,City or Town Road,Bitumen(Tar),Dry,No influence on accident,Cloudy,KATHRIGUPE MAIN ROAD,VIVEKANANDA NAGARA,1,12.931543,77.555206,0,0,0.0,0.0
Bengaluru City,Banashankari Traffic PS,1.04432e+16,2018,1,1,Road Accidents,Narrow road,City/Town,Residential area,Human Error,Yes,Simple Injury,Hit and Run,Controlled,Incline,City or Town Road,Bitumen(Tar),Dry,No influence on accident,Clear,kathrigupee main road,vivekanandanagara,1,0.0,0.0,0,0,0.0,0.0
Bengaluru City,Banashankari Traffic PS,1.04432e+16,2018,1,1,Road Accidents,Narrow road,City/Town,Near office complex,Vehicle Defect,Not Applicable,Simple Injury,Not Applicable,Not Applicable,Not Applicable,Two way,Concrete,Dry,No influence on accident,Clear,"IN FRONT OF HDFC BANK, K R ROAD",2,2,12.925688,77.573486,0,0,0.0,0.0
Bengaluru City,Banashankari Traffic PS,1.04432e+16,2018,1,2,Road Accidents,Narrow road,City/Town,Residential area,Vehicle Defect,Not Applicable,Simple Injury,Not Applicable,Not Applicable,Others,Two way,Concrete,Dry,Not Applicable,Clear,NO   808/988 1ST E MAIN ROAD GIRINAGARA 2ND STAGE BSK 3RD STAGE,2,2,12.939612,77.54378,0,0,0.0,0.0
Bengaluru City,Banashankari Traffic PS,1.04432e+16,2018,1,2,Road Accidents,Narrow road,City/Town,Near Bus stop,Human Error,Not Applicable,Fatal,Not Applicable,Not Applicable,Curve,Two way,Concrete,Dry,No influence on accident,Clear,NEAR BANASHANKARI BUS STAND KANAKAPURA MAIN ROAD,1,1,0.0,0.0,0,0,0.0,0.0
Bengaluru City,Banashankari Traffic PS,1.04432e+16,2018,1,1,Road Accidents,Narrow road,City/Town,Near Bus stop,Vehicle Defect,Not Applicable,Simple Injury,Overturning,Not at  Junction,Curve,Two way,Concrete,Dry,No influence on accident,Clear,"14TH CROSS, BSK 3RD MAIN ROAD SHATHRINAGARA",1,1,12.929621,77.572551,0,0,0.0,0.0
Bengaluru City,Banashankari Traffic PS,1.04432e+16,2018,1,2,Road Accidents,Narrow road,City/Town,Open area,Human Error,Yes,Damage Only,Hit and Run,Not at  Junction,Incline,City or Town Road,Bitumen(Tar),Dry,No influence on accident,Clear,GIRINAGARA,SBM COLONY,1,0.0,0.0,0,0,0.0,0.0
Bengaluru City,Banashankari Traffic PS,1.04432e+16,2018,1,2,Road Accidents,Narrow road,City/Town,Near office complex,Human Error,No,Simple Injury,Others,Not at  Junction,Incline,City or Town Road,Bitumen(Tar),Dry,No influence on accident,Cloudy,KATHRIGUPEE SIGNAL,100 FEET RING ROAD,1,12.92532,77.549994,0,0,0.0,0.0
Bengaluru City,Banashankari Traffic PS,1.04432e+16,2018,1,2,Road Accidents,Narrow road,City/Town,Residential area,Human Error,Not Applicable,Damage Only,Others,Controlled,Incline,City or Town Road,Bitumen(Tar),Dry,No influence on accident,Clear,"80 FEET ROAD,",SBI COLONY,1,0.0,0.0,0,0,0.0,0.0
Bengaluru City,Banashankari Traffic PS,1.04432e+16,2018,1,1,Road Accidents,Narrow road,City/Town,Near School or College,Human Error,No,Simple Injury,Hit pedestrian,Controlled,Incline,City or Town Road,Bitumen(Tar),Dry,No influence on accident,Clear,ITTAMADUGU,BSK 3RD STAGE,1,12.922831,77.543466,0,0,0.0,0.0
Bengaluru City,Banashankari Traffic PS,1.04432e+16,2018,1,2,Road Accidents,Narrow road,City/Town,Near Bus stop,Vehicle Defect,No,Simple Injury,Overturning,Not Applicable,Not Applicable,Two way,Concrete,Dry,No influence on accident,Clear,"INFORT OF MOHAN BAR, 50 FEET ROAD, MUNESWARABLOCK BK 3RD STAGE",2,2,12.94322,77.544904,0,0,0.0,0.0
Bengaluru City,Banashankari Traffic PS,1.04432e+16,2018,1,1,Road Accidents,Narrow road,City/Town,Near Hospital,Human Error,No,Fatal,Hit pedestrian,Not at  Junction,Incline,City or Town Road,Bitumen(Tar),Dry,No influence on accident,Clear,"80 FEET ROAD, SBM COLONY",GIRINAGARA,1,12.935059,77.547289,0,0,0.0,0.0
Bengaluru City,Banashankari Traffic PS,1.04432e+16,2018,1,1,Road Accidents,Narrow road,City/Town,Near Bus stop,Human Error,Yes,Simple Injury,Hit and Run,Controlled,Incline,City or Town Road,Bitumen(Tar),Dry,No influence on accident,Cloudy,NEAR KAMAKYA JUNCTION,100 FEET  RING RAOD,1,0.0,0.0,0,0,0.0,0.0
Bengaluru City,Banashankari Traffic PS,1.04432e+16,2018,1,1,Road Accidents,Narrow road,City/Town,Near Bus stop,Vehicle Defect,No,Simple Injury,Overturning,Signals (Working),Not Applicable,Two way,Concrete,Dry,Not Applicable,Clear,CHANNAMMA JUNCTION 100 FEET RING ROAD PADMANABHANAGARA,1,1,12.921757,77.560205,0,0,0.0,0.0
Bengaluru City,Banashankari Traffic PS,1.04432e+16,2018,1,2,Road Accidents,Narrow road,City/Town,Near Bus stop,Human Error,Yes,Simple Injury,Hit and Run,Controlled,Incline,City or Town Road,Bitumen(Tar),Dry,No influence on accident,Others,80 FEET ROAD,HOSAKEREHALLI CROSS,1,12.922259,77.544934,0,0,0.0,0.0
Bengaluru City,Banashankari Traffic PS,1.04432e+16,2018,1,1,Road Accidents,Narrow road,City/Town,Residential area,Human Error,No,Simple Injury,Hit pedestrian,Controlled,Incline,City or Town Road,Bitumen(Tar),Dry,No influence on accident,Clear,NANJUNDESWARA STORE,BSK 3RD STAGE,1,12.932798,77.608484,0,0,0.0,0.0
Bengaluru City,Banashankari Traffic PS,1.04432e+16,2018,1,3,Road Accidents,Narrow road,City/Town,Near Bus stop,Human Error,Yes,Simple Injury,Right Turn Collision,Controlled,Curve,City or Town Road,Bitumen(Tar),Dry,No influence on accident,Clear,BSK 3RD STAGE,NANJUNDESWARA STORE,1,12.933587,77.542094,0,0,0.0,0.0
Bengaluru City,Banashankari Traffic PS,1.04432e+16,2018,1,1,Road Accidents,Narrow road,City/Town,At pedestrian Crossing,Human Error,Yes,Simple Injury,Hit pedestrian,Controlled,Incline,City or Town Road,Bitumen(Tar),Dry,No influence on accident,Cloudy,100 FEET RING ROAD,BSK 3RD STAGE,1,12.926159,77.548727,0,0,0.0,0.0
Bengaluru City,Banashankari Traffic PS,1.04432e+16,2018,1,1,Road Accidents,Narrow road,City/Town,Residential area,Human Error,Yes,Simple Injury,Hit and Run,No signal lights,Incline,City or Town Road,Bitumen(Tar),Dry,No influence on accident,Cloudy,KADERENAHALLI,100 FEET RING ROAD,1,12.917835,77.56447,0,0,0.0,0.0
Bengaluru City,Banashankari Traffic PS,1.04432e+16,2018,1,2,Road Accidents,Junction,City/Town,Open area,Vehicle Defect,No,Damage Only,Not Applicable,Controlled,Curve,Not Applicable,Not Applicable,Dry,Not Applicable,Clear,33  crooss road,1,2,12.55099,77.33545,0,0,0.0,0.0
Bengaluru City,Banashankari Traffic PS,1.04432e+16,2018,1,2,Road Accidents,Junction,City/Town,Near Hospital,Vehicle Defect,Not Applicable,Simple Injury,Not Applicable,Not Applicable,Curve,Two way,Concrete,Dry,No influence on accident,Clear,"NCERT JUNCTION, 100 FEET RING ROAD BSK 3RD STAGE",2,2,12.930523,77.543662,0,0,0.0,0.0
Bengaluru City,Banashankari Traffic PS,1.04432e+16,2018,1,1,Not Applicable,Narrow road,City/Town,Near Bus stop,Not Applicable,No,Simple Injury,Not Applicable,Not Applicable,Not Applicable,Two way,Concrete,Dry,No influence on accident,Clear,"IN FRONT OF PARAMASHIVAIAH GRANAIT FACTORY, KANAKAPURA MAIN ROAD",1,1,12.920251,77.574351,0,0,0.0,0.0
Bengaluru City,Banashankari Traffic PS,1.04432e+16,2018,1,2,Road Accidents,Narrow road,City/Town,Near a religious place,Vehicle Defect,No,Simple Injury,Not Applicable,Not at  Junction,Curve,Two way,Gravel,Dry,Not Applicable,Clear,IN FRONT OF AUTO GAS BUNK NEAR UMAMAHESWARA TEMPLE K R ROAD BSK 2ND STAGE,2,2,12.928872,77.573659,0,0,3.0,3.0
Bengaluru City,Banashankari Traffic PS,1.04432e+16,2018,1,2,Road Accidents,Narrow road,City/Town,Near School or College,Human Error,Yes,Simple Injury,Hit and Run,Controlled,Incline,City or Town Road,Bitumen(Tar),Dry,No influence on accident,Cloudy,BSK 3RD STAGE,HOSAKEREHALLI CROSS,1,0.0,0.0,0,0,0.0,0.0
Bengaluru City,Banashankari Traffic PS,1.04432e+16,2018,1,2,Road Accidents,Narrow road,City/Town,Residential area,Human Error,No,Simple Injury,Not Applicable,Controlled,Incline,City or Town Road,Bitumen(Tar),Dry,No influence on accident,Clear,K R ROAD JUNCTION,OBBALAPPA GARDEN  4TH A MAIN,1,12.93426,77.573855,0,0,0.0,0.0
Bengaluru City,Banashankari Traffic PS,1.04432e+16,2018,1,1,Road Accidents,Narrow road,City/Town,Residential area,Human Error,Yes,Simple Injury,Hit and Run,Not at  Junction,Incline,City or Town Road,Bitumen(Tar),Dry,No influence on accident,Cloudy,MUNESHWARA BLOCK,PARK VIEW BAR,1,0.0,0.0,0,0,0.0,0.0
Bengaluru City,Banashankari Traffic PS,1.04432e+16,2018,1,1,Road Accidents,Narrow road,City/Town,Near Bus stop,Human Error,No,Simple Injury,Side impact or Right angle,Not at  Junction,Others,City or Town Road,Bitumen(Tar),Dry,Drainage Ditch,Clear,80 FEET ROAD GIRINAGARA,BSK 3RD STAGE GIRINAGARA,3KM,0.0,0.0,4,0,0.0,4.0
Bengaluru City,Banashankari Traffic PS,1.04432e+16,2018,1,2,Road Accidents,Junction,City/Town,Near Hospital,Vehicle Defect,Not Applicable,Simple Injury,Not Applicable,Not Applicable,Others,Two way,Concrete,Dry,No influence on accident,Clear,"TRIITY TYRE ALLAZMENT, 100 FEET RIG ROAD, NEAR  KEB JUNCTION HOSAKEREHALLI BSK 3RD STAGE",2,2,12.933355,77.53971,0,0,0.0,0.0
Bengaluru City,Banashankari Traffic PS,1.04432e+16,2018,1,2,Road Accidents,Junction,City/Town,Open area,Human Error,No,Simple Injury,Others,Controlled,Curve,City or Town Road,Not Applicable,Dry,Not Applicable,Clear,2 ND MAIN ROAD,TR NAGARA,2,12.933407,77.566477,0,0,0.0,0.0
Bengaluru City,Banashankari Traffic PS,1.04432e+16,2018,1,2,Road Accidents,Bridge,City/Town,Near Bus stop,Vehicle Defect,Not Applicable,Simple Injury,Not Applicable,Not Applicable,Not Applicable,Two way,Concrete,Dry,No influence on accident,Clear,"NEAR KADIRENAHALLI PARK, NEAR RIGN ROAD UNDER PASS, BSK 2ND STAGA",2,2,12.916584,77.564977,0,0,0.0,0.0
Bengaluru City,Banashankari Traffic PS,1.04432e+16,2018,1,2,Road Accidents,Curves,City/Town,Near office complex,Vehicle Defect,No,Damage Only,Not Applicable,Controlled,Others,City or Town Road,Not Applicable,Dry,Not Applicable,Clear,B D A COMPLEX,19TH  MAIN ROAD,1.5,12.926929,77.565749,0,0,0.0,0.0
Bengaluru City,Banashankari Traffic PS,1.04432e+16,2018,1,2,Road Accidents,Narrow road,City/Town,Near Bus stop,Vehicle Defect,Not Applicable,Simple Injury,Not Applicable,No signal lights,Not Applicable,Two way,Concrete,Dry,Not Applicable,Clear,"NEAR SAI MANDIRA 1ST E MAIN, GIRINAGARA 2ND STAGE",2,2,12.939646,77.541658,0,0,0.0,0.0
Bengaluru City,Banashankari Traffic PS,1.04432e+16,2018,1,2,Road Accidents,Narrow road,City/Town,Near Bus stop,Vehicle Defect,No,Simple Injury,Not Applicable,Not at  Junction,Curve,Two way,Concrete,Dry,Not Applicable,Clear,NEAR KAMAKYA JUNCTION 100 FEET RING ROAD,2,2,12.923958,77.553307,0,0,0.0,0.0
Bengaluru City,Banashankari Traffic PS,1.04432e+16,2018,1,2,Road Accidents,Narrow road,City/Town,Near Bus stop,Vehicle Defect,Not Applicable,Simple Injury,Others,Not at  Junction,Curve,Two way,Concrete,Dry,Not Applicable,Clear,"KATTARIGUPPE WATER TANK JUNCTION, KATTRIGUPPE BSK 3RD STAGE",2,2,12.930595,77.547169,0,0,0.0,0.0
Bengaluru City,Banashankari Traffic PS,1.04432e+16,2018,1,2,Road Accidents,Narrow road,City/Town,Near Bus stop,Vehicle Defect,Not Applicable,Damage Only,Not Applicable,Not at  Junction,Curve,Two way,Concrete,Dry,Not Applicable,Clear,NEAR K R ROAD  JUNCTION 1ST MAIN ROAD NEAR BEAKER,1,1,12.929527,77.573063,0,0,0.0,0.0
Bengaluru City,Banashankari Traffic PS,1.04432e+16,2018,1,2,Road Accidents,Narrow road,City/Town,Near Petrol Pump,Human Error,No,Simple Injury,Others,Controlled,Incline,City or Town Road,Bitumen(Tar),Dry,No influence on accident,Clear,DEVEGOWDA PETROLE BUNK,2,1,12.922233,77.560256,0,0,0.0,0.0
Bengaluru City,Banashankari Traffic PS,1.04432e+16,2018,1,2,Road Accidents,Narrow road,City/Town,Near Hospital,Human Error,No,Simple Injury,Others,Not at  Junction,Incline,City or Town Road,Bitumen(Tar),Dry,No influence on accident,Clear,SBM COLONY ROAD,7TH MAIN ROAD,1,12.938488,77.550499,0,0,0.0,0.0
Bengaluru City,Banashankari Traffic PS,1.04432e+16,2018,1,2,Road Accidents,Narrow road,City/Town,Near Bus stop,Human Error,No,Simple Injury,Others,Controlled,Incline,City or Town Road,Bitumen(Tar),Dry,No influence on accident,Clear,BSK BUS STOP,2,1,12.917103,77.573478,0,0,0.0,0.0
Bengaluru City,Banashankari Traffic PS,1.04432e+16,2018,1,2,Road Accidents,Narrow road,City/Town,Near Bus stop,Vehicle Defect,Not Applicable,Simple Injury,Not Applicable,Not Applicable,Curve,Two way,Concrete,Dry,No influence on accident,Clear,NEAR NCERT JUCTION 100 FEET RING ROAD BSK,2 KM,2KM,12.930576,77.543543,0,0,0.0,0.0
Bengaluru City,Banashankari Traffic PS,1.04432e+16,2018,1,1,Road Accidents,Not Applicable,City/Town,Near Bus stop,Vehicle Defect,Yes,Simple Injury,Others,Not Applicable,Curve,Not Applicable,Bitumen(Tar),Dry,Not Applicable,Clear,INFRONT OF YOGESWARA APARTMENT HOSAKEREHALLI BSK 3RD STAGE,1,1,12.92936,77.539951,0,0,0.0,0.0
Bengaluru City,Banashankari Traffic PS,1.04432e+16,2018,1,2,Road Accidents,Narrow road,City/Town,Near Bus stop,Vehicle Defect,No,Simple Injury,Not Applicable,Stop sign,Curve and Incline,Two way,Concrete,Dry,No influence on accident,Clear,"YEADURU KARISANDRA WARD OFFICE, 1ST ,MAIN BANASHANKARI",2,2,12.927218,77.576188,0,0,0.0,0.0
Bengaluru City,Banashankari Traffic PS,1.04432e+16,2018,1,2,Road Accidents,Narrow road,City/Town,Near Bus stop,Human Error,Not Applicable,Simple Injury,Hit and Run,Not at  Junction,Not Applicable,Two way,Concrete,Dry,Not Applicable,Clear,"4TH CROSS, SRIRANGA NAGAR VEERABHADRA NAGARA",2,2,0.0,0.0,0,0,0.0,0.0
Bengaluru City,Banashankari Traffic PS,1.04432e+16,2018,1,2,Road Accidents,Narrow road,City/Town,Near Hospital,Vehicle Defect,Not Applicable,Simple Injury,Not Applicable,Not at  Junction,Not Applicable,One way,Concrete,Dry,No influence on accident,Clear,"1ST CROSS, 1ST MAIN ROAD THIMMAIAH ROAD DASHAVATH ARA LAKHMIKANTHA PARK PADMANABHANAGARA",2,2,12.917602,77.557839,0,0,0.0,0.0
Bengaluru City,Banashankari Traffic PS,1.04432e+16,2018,1,2,Road Accidents,Narrow road,City/Town,Near Bus stop,Human Error,Yes,Simple Injury,Not Applicable,Controlled,Incline,City or Town Road,Bitumen(Tar),Dry,No influence on accident,Cloudy,K R ROAD,BSK 2ND STAGE,1,12.928333,77.573591,0,0,0.0,0.0
Bengaluru City,Banashankari Traffic PS,1.04432e+16,2018,1,1,Road Accidents,Narrow road,City/Town,Near School or College,Human Error,No,Simple Injury,Hit pedestrian,Controlled,Incline,City or Town Road,Bitumen(Tar),Dry,No influence on accident,Clear,BSK 3RD STAGE,6TH MAIN SAPTAGIRI APTS,1,0.0,0.0,0,0,0.0,0.0