DISTRICTNAME,UNITNAME,Crime_No,Year,RI,Noofvehicle_involved,Accident_Classification,Accident_Spot,Accident_Location,Accident_SubLocation,Main_Cause,Hit_Run,Severity,Collision_Type,Junction_Control,Road_Character,Road_Type,Surface_Type,Surface_Condition,Road_Condition,Weather,Accident_Road,Landmark_first,Distance_LandMark_First,Latitude,Longitude,Road_Condition_Score,Surface_Condition_Score,Surface_Type_Score,Road_Risk_Index
Bengaluru City,Banashankari Traffic PS,1.04432e+16,2018,1,2,Rail Road Accidents,Narrow road,City/Town,Residential area,Human Error,No,Simple Injury,Others,Controlled,Incline,City or Town Road,Bitumen(Tar),Dry,No influence on accident,Clear,9TH MAIN ROAD,BSK 2ND STAGE,1,12.929602,77.56803,0,0,0.0,0.0
Bengaluru City,Banashankari Traffic PS,1.04432e+16,2018,1,3,Road Accidents,Narrow road,City/Town,Near a religious place,Human Error,No,Simple Injury,Side impact or Right angle,Not at  Junction,Incline,City or Town Road,Bitumen(Tar),Dry,No influence on accident,Clear,KEMPEGOWDA  LAYOUT,1ST MAIN ROAD,1,0.0,0.0,0,0,0.0,0.0
Bengaluru City,Banashankari Traffic PS,1.04432e+16,2018,1,1,Road Accidents,Narrow road,City/Town,Near a religious place,Human Error,No,Simple Injury,Hit pedestrian,Controlled,Incline,City or Town Road,Bitumen(Tar),Dry,No influence on accident,Clear,HULLURAMMA TEMPLE,BSK 3RD STAGE,1,12.927257,77.536766,0,0,0.0,0.0
Bengaluru City,Banashankari Traffic PS,1.04432e+16,2018,1,1,Road Accidents,Narrow road,City/Town,Residential area,Human Error,Yes,Simple Injury,Hit pedestrian,Controlled,Incline,City or Town Road,Bitumen(Tar),Dry,No influence on accident,Clear,GIRINAGARA,RAGHAVENDRAMATA,1,0.0,0.0,0,0,0.0,0.0
Bengaluru City,Banashankari Traffic PS,1.04432e+16,2018,1,1,Road Accidents,Narrow road,City/Town,Near or inside a village,Human Error,No,Fatal,Hit pedestrian,Not Applicable,Incline,City or Town Road,Bitumen(Tar),Dry,No influence on accident,Clear,100 FEET RING ROAD,BSK 2ND STAGE,1,12.917626,77.5642,0,0,0.0,0.0
Bengaluru City,Banashankari Traffic PS,1.04432e+16,2018,1,2,Not Applicable,Junction,City/Town,Near Bus stop,Vehicle Defect,No,Damage Only,Not Applicable,Not Applicable,Curve,City or Town Road,Not Applicable,Dry,Not Applicable,Clear,HOSAKEREHALLI,1,3,0.0,0.0,0,0,0.0,0.0
Bengaluru City,Banashankari Traffic PS,1.04432e+16,2018,1,1,Road Accidents,Junction,City/Town,Near Bus stop,Human Error,No,Simple Injury,Hit pedestrian,Controlled,Incline,City or Town Road,Bitumen(Tar),Dry,No influence on accident,Clear,NAGENDRA BLOCK,2,1,0.0,0.0,0,0,0.0,0.0
Bengaluru City,Banashankari Traffic PS,1.04432e+16,2018,1,2,Road Accidents,Narrow road,City/Town,Near Bus stop,Vehicle Defect,Not Applicable,Simple Injury,Others,Not Applicable,Curve,Two way,Concrete,Dry,No influence on accident,Clear,IN FRONT OF AVADHANI KALYANA MANTAPA DUBBLE ROAD,2,2,12.940592,77.54765,0,0,0.0,0.0
Bengaluru City,Banashankari Traffic PS,1.04432e+16,2018,1,2,Road Accidents,Narrow road,City/Town,Near Bus stop,Human Error,No,Fatal,Hit bicyclist,Not Applicable,Curve,Two way,Concrete,Dry,No influence on accident,Clear,IN FRONT OF TE-CONNECTVITY CALL CENTOR COMPANY 100 FEET RING ROAD BSK 2ND STAGE,2,2,12.919812,77.562834,0,0,0.0,0.0
Bengaluru City,Banashankari Traffic PS,1.04432e+16,2018,1,2,Road Accidents,Narrow road,City/Town,Near Bus stop,Vehicle Defect,Yes,Simple Injury,Hit and Run,Not at  Junction,Others,Two way,Concrete,Dry,Not Applicable,Clear,IN FRONT OF COFFEE DAY JUNCTION ATTIMABBE BSK 2BD STAGE,1,1,12.925693,77.560907,0,0,0.0,0.0
Bengaluru City,Banashankari Traffic PS,1.04432e+16,2018,1,2,Road Accidents,T Junction,City/Town,Near Bus stop,Human Error,No,Damage Only,Others,No signal lights,Others,City or Town Road,Not Applicable,Others,Not Applicable,Clear,UPAHARA SAGARA HOTEL  JUNCTION KRROAD JUNCTION,BUS STOP,1KMS,12.923605,77.573568,0,1,0.0,1.0
Bengaluru City,Banashankari Traffic PS,1.04432e+16,2018,1,1,Road Accidents,Junction,City/Town,Near Bus stop,Human Error,No,Simple Injury,Hit pedestrian,Signals (Working),Incline,City or Town Road,Bitumen(Tar),Dry,No influence on accident,Clear,BSK BUS STOP,AUTO STOP,1,0.0,0.0,0,0,0.0,0.0
Bengaluru City,Banashankari Traffic PS,1.04432e+16,2018,1,1,Road Accidents,Narrow road,City/Town,Near Hospital,Human Error,Yes,Simple Injury,Hit pedestrian,Controlled,Incline,City or Town Road,Bitumen(Tar),Dry,No influence on accident,Cloudy,50 FEET ROAD,MUNESHWARA MAIN ROAD,1,12.942511,77.547504,0,0,0.0,0.0
Bengaluru City,Banashankari Traffic PS,1.04432e+16,2018,1,2,Road Accidents,Narrow road,City/Town,Near Hospital,Vehicle Defect,Not Applicable,Damage Only,Not Applicable,Not Applicable,Incline,Two way,Concrete,Dry,No influence on accident,Clear,"KATTARIGUPPE 1JUNCTION, NEAR PAI JUNCTION BSK 3RD STAGE",2,2,12.927911,77.55084,0,0,0.0,0.0
Bengaluru City,Banashankari Traffic PS,1.04432e+16,2018,1,2,Road Accidents,Narrow road,City/Town,Near office complex,Vehicle Defect,Not Applicable,Simple Injury,Not Applicable,Not at  Junction,Not Applicable,Two way,Concrete,Dry,No influence on accident,Clear,"NEAR  TRAFFIC POLICE OUT CHOWKI, AVADHANI KALYANA M",2,2,12.939681,77.547765,0,0,0.0,0.0
Bengaluru City,Banashankari Traffic PS,1.04432e+16,2018,1,1,Road Accidents,Narrow road,City/Town,Near Bus stop,Vehicle Defect,Not Applicable,Simple Injury,Not Applicable,Not Applicable,Curve,Two way,Concrete,Dry,No influence on accident,Clear,"NEAR VEERABHADRA NAGARA SIGNAL BIHEND SRINIVASA BAR, BSK 100 FEET RING ROAD",2,2,12.938013,77.533921,0,0,0.0,0.0
Bengaluru City,Banashankari Traffic PS,1.04432e+16,2018,1,2,Road Accidents,Narrow road,City/Town,Near Bus stop,Vehicle Defect,Yes,Damage Only,Hit and Run,Not Applicable,Not Applicable,Two way,Concrete,Dry,Not Applicable,Clear,NEAR BENDRE JUNCTION YARAB NAGARA BSK 2ND STAGE,2,2,12.91491,77.565707,0,0,0.0,0.0
Bengaluru City,Banashankari Traffic PS,1.04432e+16,2018,1,1,Road Accidents,Narrow road,City/Town,Near a religious place,Human Error,Yes,Simple Injury,Hit and Run,Not Applicable,Incline,City or Town Road,Bitumen(Tar),Dry,No influence on accident,Clear,HOSAKEREHALLI CROSS,1ST MAIN ROAD,1,0.0,0.0,0,0,0.0,0.0
Bengaluru City,Banashankari Traffic PS,1.04432e+16,2018,1,2,Road Accidents,Narrow road,City/Town,Open area,Human Error,No,Simple Injury,Others,Uncontrolled,Incline,City or Town Road,Bitumen(Tar),Dry,No influence on accident,Cloudy,BENDRE JUNCTION,100 FEET RING ROAD,1,12.91408,77.566184,0,0,0.0,0.0
Bengaluru City,Banashankari Traffic PS,1.04432e+16,2018,1,1,Road Accidents,Narrow road,City/Town,Near Bus stop,Vehicle Defect,Not Applicable,Simple Injury,Not Applicable,Stop sign,Incline,Two way,Concrete,Dry,No influence on accident,Clear,"17TH MAI, 24TH JUNCTION NEAR DEVAGERE PARK, BSK 2ND STAGE",2,2,12.924216,77.566197,0,0,0.0,0.0
Bengaluru City,Banashankari Traffic PS,1.04432e+16,2018,1,1,Road Accidents,Narrow road,City/Town,Near Bus stop,Human Error,Not Applicable,Simple Injury,Not Applicable,Not Applicable,Curve,Two way,Concrete,Dry,Not Applicable,Clear,"IN FRONT OF SBI ATM KADIRENAHALLI PARK 100 FEET RING ROAD, BSK 2ND STAGE",2,2,12.917238,77.564654,0,0,0.0,0.0
Bengaluru City,Banashankari Traffic PS,1.04432e+16,2018,1,2,Road Accidents,Junction,City/Town,In bazaar,Vehicle Defect,Not Applicable,Not Applicable,Not Applicable,Not Applicable,Curve,Two way,Bitumen(Tar),Dry,No influence on accident,Clear,9TH  MAIN BSK TRAFFIC PS JANCTION BSK 2ND STAGE,1,1,12.92859,77.567882,0,0,0.0,0.0
Bengaluru City,Banashankari Traffic PS,1.04432e+16,2018,1,1,Road Accidents,Narrow road,City/Town,At pedestrian Crossing,Human Error,No,Simple Injury,Hit pedestrian,Controlled,Incline,City or Town Road,Bitumen(Tar),Dry,No influence on accident,Clear,"9TH MAIN ROAD, 4TH CROSS ROAD",2,1,12.919972,77.562344,0,0,0.0,0.0
Bengaluru City,Banashankari Traffic PS,1.04432e+16,2018,1,1,Road Accidents,Narrow road,City/Town,Residential area,Human Error,Yes,Simple Injury,Hit pedestrian,Not at  Junction,Incline,City or Town Road,Bitumen(Tar),Dry,No influence on accident,Clear,"BSK 2ND STAGE, 4TH CROSS",VINAYAKA NAGARA,1,12.935074,77.559113,0,0,0.0,0.0
Bengaluru City,Banashankari Traffic PS,1.04432e+16,2018,1,1,Road Accidents,Narrow road,City/Town,Near Hospital,Human Error,No,Simple Injury,Hit pedestrian,Not at  Junction,Incline,City or Town Road,Bitumen(Tar),Dry,No influence on accident,Cloudy,"80 FEET RING ROAD,",BSK 3RD STAGE,1,12.935347,77.54755,0,0,0.0,0.0
Bengaluru City,Banashankari Traffic PS,1.04432e+16,2018,1,2,Road Accidents,Narrow road,City/Town,Residential area,Human Error,Yes,Simple Injury,Hit and Run,Uncontrolled,Incline,City or Town Road,Bitumen(Tar),Dry,No influence on accident,Clear,seetha circle,80 feet road,1,0.0,0.0,0,0,0.0,0.0
Bengaluru City,Banashankari Traffic PS,1.04432e+16,2018,1,2,Road Accidents,Narrow road,City/Town,Near a religious place,Human Error,No,Simple Injury,Head on,Controlled,Incline,City or Town Road,Bitumen(Tar),Dry,No influence on accident,Cloudy,ERANNANAGUDDA,GIRINAGARA BSK 3RD STAGE,1,0.0,0.0,0,0,0.0,0.0
Bengaluru City,Banashankari Traffic PS,1.04432e+16,2018,1,1,Road Accidents,Narrow road,City/Town,Near School or College,Human Error,No,Not Applicable,Hit animal,Not at  Junction,Incline,City or Town Road,Bitumen(Tar),Dry,No influence on accident,Clear,T G LAYOUT,ITTAMADU BSK 3RD STAGE,1,12.92089,77.539985,0,0,0.0,0.0
Bengaluru City,Banashankari Traffic PS,1.04432e+16,2018,1,1,Road Accidents,Cross roads,City/Town,Residential area,Human Error,No,Simple Injury,Others,No signal lights,Others,City or Town Road,Not Applicable,Others,Not Applicable,Clear,100 FEET RING ROAD  NEAR KADIRENAHALLI PARK,PAKR,2KMS,12.91515,77.565387,0,1,0.0,1.0
Bengaluru City,Banashankari Traffic PS,1.04432e+16,2018,1,1,Road Accidents,Narrow road,City/Town,Residential area,Human Error,No,Simple Injury,Not Applicable,Uncontrolled,Incline,City or Town Road,Bitumen(Tar),Dry,No influence on accident,Clear,BSK 3RD STAGE,KATHRIGUPPE WATER TANK,1,0.0,0.0,0,0,0.0,0.0
Bengaluru City,Banashankari Traffic PS,1.04432e+16,2018,1,2,Road Accidents,Narrow road,City/Town,Near Bus stop,Human Error,No,Simple Injury,Side impact or Right angle,Not at  Junction,Others,City or Town Road,Bitumen(Tar),Dry,Drainage Ditch,Fine,"9TH MAIN  SRI RAMA TEMPLE,BSK 2ND STAGE",YARAB NAGAR MAIN ROAD,1KM,0.0,0.0,4,0,0.0,4.0
Bengaluru City,Banashankari Traffic PS,1.04432e+16,2018,1,2,Road Accidents,Circle,City/Town,Near School or College,Vehicle Defect,Yes,Simple Injury,Hit and Run,Not Applicable,Curve,Two way,Concrete,Dry,No influence on accident,Clear,VIDYAPITHA CIRCLE TOWARDS THYAGARAJANAGARA,2,2,12.934234,77.562226,0,0,0.0,0.0
Bengaluru City,Banashankari Traffic PS,1.04432e+16,2018,1,2,Road Accidents,Narrow road,City/Town,Near Hospital,Vehicle Defect,Not Applicable,Simple Injury,Not Applicable,Not at  Junction,Curve,Two way,Concrete,Dry,No influence on accident,Clear,KATHRIGUPPE MAIN ROAD NEAR VIDYA PETA CIRCLE ASHRAMA BSK 3RD STAGE,2,2,12.934462,77.559611,0,0,0.0,0.0
Bengaluru City,Banashankari Traffic PS,1.04432e+16,2018,1,5,Road Accidents,Narrow road,City/Town,Near Bus stop,Vehicle Defect,No,Damage Only,Not Applicable,Not Applicable,Not Applicable,Two way,Concrete,Dry,No influence on accident,Clear,"NO 46/2, 6TH MAIN ROAD SARAKKI J P NAGARA 1ST STAGE",2,2,12.924651,77.551222,0,0,0.0,0.0
Bengaluru City,Banashankari Traffic PS,1.04432e+16,2018,1,2,Road Accidents,Narrow road,City/Town,Near Hospital,Human Error,Yes,Simple Injury,Others,Controlled,Incline,City or Town Road,Bitumen(Tar),Dry,No influence on accident,Clear,80 FEET ROAD,2,1,12.938485,77.550526,0,0,0.0,0.0
Bengaluru City,Banashankari Traffic PS,1.04432e+16,2018,1,2,Road Accidents,Narrow road,City/Town,Near a religious place,Human Error,Yes,Simple Injury,Hit and Run,Uncontrolled,Incline,City or Town Road,Bitumen(Tar),Dry,No influence on accident,Cloudy,2ND MAIN ROAD,14TH CROSS  JUNCTION,1,12.92994,77.566688,0,0,0.0,0.0
Bengaluru City,Banashankari Traffic PS,1.04432e+16,2018,1,2,Road Accidents,Narrow road,City/Town,Near office complex,Human Error,No,Simple Injury,Not Applicable,Not Applicable,Incline,City or Town Road,Bitumen(Tar),Dry,No influence on accident,Cloudy,KATHRIGUPEE EAST,BSK 3RD STAGE,1,12.929134,77.554106,0,0,0.0,0.0
Bengaluru City,Banashankari Traffic PS,1.04432e+16,2018,1,2,Road Accidents,Narrow road,City/Town,Near Bus stop,Vehicle Defect,Not Applicable,Simple Injury,Not Applicable,Not at  Junction,Curve,Two way,Concrete,Dry,No influence on accident,Clear,"NEAR KUVEMPU PARK, DEVAGIRI, BANASHANKARI 19TH MAIN ROAD",1,1,12.925564,77.565411,0,0,0.0,0.0
Bengaluru City,Banashankari Traffic PS,1.04432e+16,2018,1,1,Road Accidents,Narrow road,City/Town,Near Bus stop,Vehicle Defect,No,Simple Injury,Not Applicable,Not Applicable,Not Applicable,Two way,Concrete,Dry,No influence on accident,Clear,"BSK RING ROAD, NEAR KADIRENAHALLI PARK OPP VENAYAKA TEMPLE",2,2,12.912264,77.567283,0,0,0.0,0.0
Bengaluru City,Banashankari Traffic PS,1.04432e+16,2018,1,2,Road Accidents,Cross roads,City/Town,Near Bus stop,Vehicle Defect,Not Applicable,Simple Injury,Hit and Run,Not Applicable,Not Applicable,Two way,Concrete,Dry,No influence on accident,Clear,"NO 62, 2ND CROSS 1ST MAIN KATTRIGUPPE BSK 3RD STAGE",1,1,12.926658,77.549939,0,0,0.0,0.0
Bengaluru City,Banashankari Traffic PS,1.04432e+16,2019,1,2,Road Accidents,Junction,City/Town,Residential area,Human Error,No,Grievous Injury,Hit bicyclist,Controlled,Straight and flat,Others,Not Applicable,Dry,Not Applicable,Clear,veerabhadra signal,near srinivas bar,3 km,12.938082,77.533802,0,0,0.0,0.0
Bengaluru City,Banashankari Traffic PS,1.04432e+16,2019,1,2,Road Accidents,Junction,City/Town,Near Petrol Pump,Vehicle Defect,No,Damage Only,Vehicle to Vehicle,Controlled,Curve,Two way,Bitumen(Tar),Dry,Not Applicable,Clear,100 FT RING ROAD,K E B OFFICE,1.5 KM,12.922708,77.560448,0,0,0.0,0.0
Bengaluru City,Banashankari Traffic PS,1.04432e+16,2019,1,2,Road Accidents,Curves,City/Town,Near Bus stop,Human Error,No,Grievous Injury,Vehicle to Vehicle,Controlled,Curve,Others,Bitumen(Tar),Dry,Not Applicable,Clear,HOSAKEREHALLI,BUS STOP,4 K M,12.929533,77.534755,0,0,0.0,0.0
Bengaluru City,Banashankari Traffic PS,1.04432e+16,2019,1,2,Road Accidents,Cross roads,City/Town,Residential area,Human Error,Yes,Grievous Injury,Vehicle to Vehicle,Uncontrolled,Curve,Others,Bitumen(Tar),Dry,Not Applicable,Cloudy,VIVEKANANDA PARK,bank colony,3.5,12.938791,77.54876,0,0,0.0,0.0
Bengaluru City,Banashankari Traffic PS,1.04432e+16,2019,1,1,Road Accidents,Junction,City/Town,In bazaar,Human Error,Yes,Grievous Injury,Not Applicable,Controlled,Others,Two way,Bitumen(Tar),Dry,Not Applicable,Clear,KATHRAGUPPE ROAD,NEAR BIG BAZAAR,2KM,0.0,0.0,0,0,0.0,0.0
Bengaluru City,Banashankari Traffic PS,1.04432e+16,2019,1,2,Road Accidents,Narrow road,City/Town,Near School or College,Human Error,Yes,Grievous Injury,Vehicle to Vehicle,No signal lights,Incline,Others,Bitumen(Tar),Dry,No influence on accident,Clear,GIRINAGARA,MUNESHWARA BLOCK,1,0.0,0.0,0,0,0.0,0.0
Bengaluru City,Banashankari Traffic PS,1.04432e+16,2019,1,2,Road Accidents,Junction,City/Town,Residential area,Human Error,No,Grievous Injury,Vehicle to Vehicle,Uncontrolled,Curve,Two way,Bitumen(Tar),Dry,Not Applicable,Clear,80 FEET ROAD GIRINAGARA,NEAR CAKE OF THE  DAY S B M COLONY,2,12.934436,77.546802,0,0,0.0,0.0
Bengaluru City,Banashankari Traffic PS,1.04432e+16,2019,1,2,Road Accidents,Junction,City/Town,Residential area,Not Applicable,No,Fatal,Vehicle to Vehicle,No signal lights,Others,Others,Surfaced,Dry,Not Applicable,Clear,NEAR ITTAMADU JUNCTION,MANDYA MATON AND CHIKKEN CENTER,3,12.925368,77.546193,0,0,,
Bengaluru City,Banashankari Traffic PS,1.04432e+16,2019,1,2,Road Accidents,Circle,City/Town,Residential area,Human Error,Yes,Grievous Injury,Vehicle to Vehicle,Controlled,Curve,Others,Bitumen(Tar),Ditch or Potholed,Not Applicable,Clear,KATRIGUPPE MAIN ROAD,K E B CIRCLE,3.5,12.930862,77.554192,0,5,0.0,5.0
Bengaluru City,Banashankari Traffic PS,1.04432e+16,2019,1,1,Road Accidents,Junction,City/Town,Open area,Human Error,Yes,Grievous Injury,Hit pedestrian,Controlled,Curve,Residential Street,Bitumen(Tar),Dry,Not Applicable,Fog / Mist,100 FT RING ROAD,VEERABADHRANAGARA,3.5,12.936465,77.534469,0,0,0.0,0.0
Bengaluru City,Banashankari Traffic PS,1.04432e+16,2019,1,1,Road Accidents,Cross roads,City/Town,Residential area,Human Error,Yes,Simple Injury,Hit pedestrian,Uncontrolled,Curve,Others,Bitumen(Tar),Dry,Not Applicable,Clear,100 FT RING ROAD,PESIT COLLEGE,3.5,0.0,0.0,0,0,0.0,0.0
Bengaluru City,Banashankari Traffic PS,1.04432e+16,2019,1,2,Road Accidents,Narrow road,City/Town,Residential area,Human Error,No,Simple Injury,Right Turn Collision,Controlled,Incline,City or Town Road,Bitumen(Tar),Dry,No influence on accident,Clear,KEMPEGOWDA LAYOUT,BSK 3RD STAGE,1,12.55478,77.32572,0,0,0.0,0.0
Bengaluru City,Banashankari Traffic PS,1.04432e+16,2019,1,2,Road Accidents,Narrow road,City/Town,Near office complex,Human Error,No,Grievous Injury,Vehicle to Vehicle,Not at  Junction,Incline,Others,Bitumen(Tar),Dry,No influence on accident,Clear,THYAGARAJANAGARA,K R ROAD SIGNAL,1,12.929792,77.571647,0,0,0.0,0.0
Bengaluru City,Banashankari Traffic PS,1.04432e+16,2019,1,1,Road Accidents,Narrow road,City/Town,Near office complex,Human Error,No,Fatal,Hit pedestrian,Signals (Working),Straight and flat,Others,Bitumen(Tar),Dry,Not Applicable,Clear,100 FT RING ROAD,KAMAKYA JUNCTION,2,12.924135,77.55291,0,0,0.0,0.0
Bengaluru City,Banashankari Traffic PS,1.04432e+16,2019,1,3,Road Accidents,Narrow road,City/Town,Near School or College,Human Error,No,Grievous Injury,Vehicle to Vehicle,Controlled,Incline,Others,Bitumen(Tar),Dry,No influence on accident,Clear,NCERT JUNCTION,100 FT RING ROAD,1,12.930443,77.543394,0,0,0.0,0.0
Bengaluru City,Banashankari Traffic PS,1.04432e+16,2019,1,2,Road Accidents,Junction,City/Town,Narrow bridge or culverts,Not Applicable,No,Simple Injury,Vehicle to Vehicle,Uncontrolled,Curve,Two way,Bitumen(Tar),Dry,Not Applicable,Clear,100 FT RING ROAD,BENDRE UNDER PASS,1.5,0.0,0.0,0,0,0.0,0.0
Bengaluru City,Banashankari Traffic PS,1.04432e+16,2019,1,2,Road Accidents,Cross roads,City/Town,Near Bus stop,Vehicle Defect,No,Grievous Injury,Vehicle to Vehicle,No signal lights,Others,Residential Street,Surfaced,Dry,Not Applicable,Cloudy,5TH CRS VIDYAPITA,CHANNAMMANAKERE ACHUKATTU,1.5 KM,12.928622,77.557515,0,0,,
Bengaluru City,Banashankari Traffic PS,1.04432e+16,2019,1,2,Road Accidents,Junction,City/Town,Near Bus stop,Vehicle Defect,No,Grievous Injury,Vehicle to Vehicle,Signals (Working),Others,Others,Bitumen(Tar),Dry,Not Applicable,Clear,K R ROAD 14TH CROSS JUNCTION,14TH CROSS JUNCTION,0.7 KM,12.930911,77.573637,0,0,0.0,0.0
Bengaluru City,Banashankari Traffic PS,1.04432e+16,2019,1,2,Road Accidents,Cross roads,City/Town,Near Bus stop,Human Error,No,Grievous Injury,Vehicle to Vehicle,Controlled,Others,Two way,Bitumen(Tar),Dry,Not Applicable,Fine,"BHOVI COLONY,THYAGARAJA NAGARA",NEAR  BUS STOP,1KM,12.918613,77.564118,0,0,0.0,0.0
Bengaluru City,Banashankari Traffic PS,1.04432e+16,2019,1,2,Road Accidents,Cross roads,City/Town,Near Hospital,Human Error,No,Simple Injury,Vehicle to Vehicle,Uncontrolled,Others,Two way,Bitumen(Tar),Dry,Not Applicable,Fine,D G HOSPITAL ROAD,PADMANABHANAGARA,2KM,0.0,0.0,0,0,0.0,0.0
Bengaluru City,Banashankari Traffic PS,1.04432e+16,2019,1,2,Road Accidents,Narrow road,City/Town,Near office complex,Human Error,Yes,Grievous Injury,Vehicle to Vehicle,Not at  Junction,Incline,Others,Bitumen(Tar),Dry,No influence on accident,Clear,HOSAKEREHALLI,GIRINAGARA,1,12.936391,77.539713,0,0,0.0,0.0
Bengaluru City,Banashankari Traffic PS,1.04432e+16,2019,1,1,Road Accidents,Narrow road,City/Town,At pedestrian Crossing,Human Error,No,Grievous Injury,Hit pedestrian,Not at  Junction,Incline,Others,Bitumen(Tar),Dry,No influence on accident,Clear,OPOSITE BSNL OFFICE,THIMMAIAH ROAD,1,12.918398,77.555341,0,0,0.0,0.0
Bengaluru City,Banashankari Traffic PS,1.04432e+16,2019,1,2,Road Accidents,Junction,City/Town,Residential area,Human Error,No,Grievous Injury,Vehicle to Vehicle,Controlled,Others,Others,Bitumen(Tar),Dry,Not Applicable,Clear,22 ND MAIN ROAD,ANJANEYA TEMPLE,1.5,12.922278,77.563436,0,0,0.0,0.0
Bengaluru City,Banashankari Traffic PS,1.04432e+16,2019,1,2,Road Accidents,Junction,City/Town,Near Bus stop,Vehicle Defect,Yes,Grievous Injury,Vehicle to Vehicle,Controlled,Hump,Others,Concrete,Dry,No influence on accident,Clear,"PARCK ROAD  KATHRIGUPPE WATER TANK,BSK 3RD STAGE.",BUS STOP,2KM,12.929914,77.548009,0,0,0.0,0.0
Bengaluru City,Banashankari Traffic PS,1.04432e+16,2019,1,2,Road Accidents,Junction,City/Town,Near Hospital,Vehicle Defect,Yes,Grievous Injury,Vehicle to Vehicle,Controlled,Others,Others,Gravel,Dry,No influence on accident,Clear,"NEAR NU HOSPITAL PADHMANABHANAGARA,BSK 2ND STAGE.",NU HOSPITAL,2KM,12.918524,77.556261,0,0,3.0,3.0
Bengaluru City,Banashankari Traffic PS,1.04432e+16,2019,1,2,Road Accidents,Junction,City/Town,Near Bus stop,Human Error,No,Grievous Injury,Vehicle to Vehicle,Signals (Working),Slight Curve,Two way,Bitumen(Tar),Dry,Not Applicable,Clear,100 FT RING ROAD,NEAR BUS STOP,3KM,12.934202,77.538217,0,0,0.0,0.0
Bengaluru City,Banashankari Traffic PS,1.04432e+16,2019,1,1,Road Accidents,Junction,City/Town,Near School or College,Human Error,Yes,Grievous Injury,Hit pedestrian,No signal lights,Hump,Two way,Bitumen(Tar),Dry,Not Applicable,Fine,"THE LIFE SCHOOL,BSK 2ND STAGE",NEAR SCHOOL,2.5KM,12.91889,77.555255,0,0,0.0,0.0
Bengaluru City,Banashankari Traffic PS,1.04432e+16,2019,1,2,Road Accidents,Narrow road,City/Town,Residential area,Human Error,No,Grievous Injury,Vehicle to Vehicle,Controlled,Incline,Others,Bitumen(Tar),Dry,No influence on accident,Cloudy,GIRINAGARA BSK 3RD STAGE,NEAR BDA PARK,1,12.943154,77.544405,0,0,0.0,0.0
Bengaluru City,Banashankari Traffic PS,1.04432e+16,2019,1,1,Road Accidents,Narrow road,City/Town,Near Hospital,Human Error,Yes,Simple Injury,Hit pedestrian,Not at  Junction,Incline,Others,Bitumen(Tar),Dry,No influence on accident,Clear,D G HOSPITAL,PADMANABHANAGARA,1,12.920643,77.559969,0,0,0.0,0.0
Bengaluru City,Banashankari Traffic PS,1.04432e+16,2019,1,1,Road Accidents,Junction,City/Town,Near Hospital,Human Error,No,Simple Injury,Vehicle to Vehicle,Controlled,Curve,Residential Street,Bitumen(Tar),Dry,Not Applicable,Clear,K R ROAD,near  HOSPITAL,1.5 KM,12.92099,77.573587,0,0,0.0,0.0
Bengaluru City,Banashankari Traffic PS,1.04432e+16,2019,1,1,Road Accidents,Cross roads,City/Town,Near Bus stop,Human Error,Yes,Fatal,Hit pedestrian,Controlled,Others,Two way,Bitumen(Tar),Dry,Not Applicable,Fine,"NEAR COFFE DAY,ATTIMBBE ROAD",NEAR ATTIMBBE JUNCTION,1.5KM,12.925364,77.560785,0,0,0.0,0.0
Bengaluru City,Banashankari Traffic PS,1.04432e+16,2019,1,1,Road Accidents,Cross roads,City/Town,Near Hospital,Human Error,No,Grievous Injury,Hit pedestrian,Controlled,Curve,Two way,Bitumen(Tar),Dry,Not Applicable,Clear,BDA PARK,HOSPITAL,1.5KM,0.0,0.0,0,0,0.0,0.0
Bengaluru City,Banashankari Traffic PS,1.04432e+16,2019,1,1,Road Accidents,Junction,City/Town,Near Bus stop,Human Error,Yes,Grievous Injury,Hit pedestrian,Controlled,Curve,Others,Bitumen(Tar),Dry,Pot holed,Fine,"100 FT RING ROAD,BSK 3RD STAGE",NEAR  BUS STOP,2.5KM,12.934337,77.538201,5,0,0.0,5.0
Bengaluru City,Banashankari Traffic PS,1.04432e+16,2019,1,2,Road Accidents,Cross roads,City/Town,Near Bus stop,Human Error,Yes,Grievous Injury,Vehicle to Vehicle,Controlled,Others,Two way,Bitumen(Tar),Dry,Pot holed,Clear,HOSAKEREHLLI CROSS,BSK 3RD STAGE,3KM,0.0,0.0,5,0,0.0,5.0
Bengaluru City,Banashankari Traffic PS,1.04432e+16,2019,1,2,Road Accidents,Narrow road,City/Town,Residential area,Human Error,No,Grievous Injury,Vehicle to Vehicle,No signal lights,Incline,Others,Bitumen(Tar),Dry,No influence on accident,Clear,HOSAKEREHALLI,14 TH CROSS,1,12.939816,77.53901,0,0,0.0,0.0
Bengaluru City,Banashankari Traffic PS,1.04432e+16,2019,1,2,Road Accidents,Cross roads,City/Town,Near Bus stop,Not Applicable,No,Grievous Injury,Vehicle to Vehicle,No signal lights,Curve,Others,Surfaced,Dry,Not Applicable,Clear,NEAR VIDYA NAGARA BUS STOP,VIDYA NAGARA BUS STOP,3 KM,12.934433,77.539838,0,0,,
Bengaluru City,Banashankari Traffic PS,1.04432e+16,2019,1,2,Road Accidents,Junction,City/Town,Near Bus stop,Human Error,Yes,Fatal,Vehicle to Vehicle,Controlled,Others,Two way,Bitumen(Tar),Dry,Not Applicable,Fine,"SHASTHRINAGARA,BSK 2ND STAGE",NEAR BUS STOP,1KM,0.0,0.0,0,0,0.0,0.0