DISTRICTNAME,UNITNAME,Crime_No,Year,RI,Noofvehicle_involved,Accident_Classification,Accident_Spot,Accident_Location,Accident_SubLocation,Main_Cause,Hit_Run,Severity,Collision_Type,Junction_Control,Road_Character,Road_Type,Surface_Type,Surface_Condition,Road_Condition,Weather,Accident_Road,Landmark_first,Distance_LandMark_First,Latitude,Longitude,Road_Condition_Score,Surface_Condition_Score,Surface_Type_Score,Road_Risk_Index
Bengaluru City,Banashankari Traffic PS,1.04432e+16,2019,1,1,Road Accidents,Junction,City/Town,Near Bus stop,Human Error,No,Fatal,Not Applicable,Controlled,Others,Two way,Bitumen(Tar),Dry,Not Applicable,Fine,K R ROAD,NEAR BUS STOP,1 KM,12.926273,77.57353,0,0,0.0,0.0
Bengaluru City,Banashankari Traffic PS,1.04432e+16,2019,1,2,Road Accidents,Junction,City/Town,Near Bus stop,Human Error,Yes,Grievous Injury,Vehicle to Vehicle,Controlled,Others,Two way,Bitumen(Tar),Dry,Not Applicable,Clear,100 FT RING ROAD,NEAR NCERT JUNCTION,3KM,0.0,0.0,0,0,0.0,0.0
Bengaluru City,Banashankari Traffic PS,1.04432e+16,2019,1,2,Road Accidents,Junction,City/Town,Near School or College,Human Error,No,Grievous Injury,Vehicle to Vehicle,Uncontrolled,Others,Two way,Bitumen(Tar),Dry,Not Applicable,Clear,DHWARAKANAGAR,NEAR SCHOOL,3.5KM,0.0,0.0,0,0,0.0,0.0
Bengaluru City,Banashankari Traffic PS,1.04432e+16,2019,1,1,Road Accidents,Narrow road,City/Town,Near office complex,Human Error,Yes,Grievous Injury,Hit pedestrian,Controlled,Incline,Residential Street,Bitumen(Tar),Dry,No influence on accident,Clear,KATHRIGUPEE WATER TANK,BSK 3RD STAGE,1,12.930436,77.547075,0,0,0.0,0.0
Bengaluru City,Banashankari Traffic PS,1.04432e+16,2019,1,1,Road Accidents,Narrow road,City/Town,Near School or College,Human Error,No,Grievous Injury,Hit pedestrian,Controlled,Incline,Others,Bitumen(Tar),Dry,No influence on accident,Clear,100 FT RING ROAD,INFRONT OF PESIT COLLEAGE,1,12.935075,77.536976,0,0,0.0,0.0
Bengaluru City,Banashankari Traffic PS,1.04432e+16,2019,1,2,Road Accidents,Narrow road,City/Town,Near a religious place,Human Error,No,Grievous Injury,Vehicle to Vehicle,Signal lights Automatic,Incline,Others,Bitumen(Tar),Dry,No influence on accident,Cloudy,100 FT RING ROAD,NEAR BSNL OFFICE,1,12.931386,77.54233,0,0,0.0,0.0
Bengaluru City,Banashankari Traffic PS,1.04432e+16,2019,1,2,Road Accidents,Cross roads,City/Town,Near Bus stop,Vehicle Defect,No,Simple Injury,Vehicle to Vehicle,Not at  Junction,Others,Others,Bitumen(Tar),Dry,Not Applicable,Clear,SUBRAMANYAPURA MAIN ROAD,KADIRENAHALLI CROSS,1.5 KM,12.194869,77.56827,0,0,0.0,0.0
Bengaluru City,Banashankari Traffic PS,1.04432e+16,2019,1,2,Road Accidents,Junction,City/Town,Near Bus stop,Human Error,No,Simple Injury,Vehicle to Vehicle,Controlled,Others,Two way,Bitumen(Tar),Dry,Not Applicable,Fine,KATHRAGUPPE MAIN ROAD,KATHRIGUPPE MAIN ROAD,3KM,12.923546,77.543477,0,0,0.0,0.0
Bengaluru City,Banashankari Traffic PS,1.04432e+16,2019,1,1,Road Accidents,Junction,City/Town,Near Bus stop,Human Error,Yes,Grievous Injury,Not Applicable,Controlled,Others,Two way,Bitumen(Tar),Dry,Not Applicable,Clear,100 FT RING ROAD,NEAR CHANNAMMA JUNCTION,1.5 KM,0.0,0.0,0,0,0.0,0.0
Bengaluru City,Banashankari Traffic PS,1.04432e+16,2019,1,2,Road Accidents,Narrow road,City/Town,Residential area,Human Error,Yes,Grievous Injury,Vehicle to Vehicle,Controlled,Incline,Others,Bitumen(Tar),Dry,No influence on accident,Clear,KATHRIGUPEE,NEAR VIJAYA BANK ATM,1,12.930212,77.547658,0,0,0.0,0.0
Bengaluru City,Banashankari Traffic PS,1.04432e+16,2019,1,1,Road Accidents,Junction,City/Town,Residential area,Human Error,Yes,Grievous Injury,Hit pedestrian,Controlled,Curve,Two way,Bitumen(Tar),Dry,Not Applicable,Clear,K R ROAD,GANAPATHI STORES,1 KM,12.925379,77.57362,0,0,0.0,0.0
Bengaluru City,Banashankari Traffic PS,1.04432e+16,2019,1,2,Road Accidents,Junction,City/Town,Residential area,Human Error,No,Grievous Injury,Vehicle to Vehicle,Controlled,Curve,Others,Bitumen(Tar),Dry,Not Applicable,Clear,KATRIGUPPE MAIN ROAD,SAHI HONDA SHOWROOM,3.5,12.927338,77.548239,0,0,0.0,0.0
Bengaluru City,Banashankari Traffic PS,1.04432e+16,2019,1,2,Road Accidents,Junction,City/Town,Near Bus stop,Vehicle Defect,Yes,Damage Only,Vehicle to Vehicle,Signal lights Automatic,Curve,Others,Surfaced,Dry,Not Applicable,Clear,SUBRAMANYAPURA MAIN ROAD,NEAR YARAB NAGARA JUNCTION,1 KM,12.915509,77.569517,0,0,,
Bengaluru City,Banashankari Traffic PS,1.04432e+16,2019,1,2,Road Accidents,Junction,City/Town,Near Bus stop,Human Error,Yes,Grievous Injury,Vehicle to Vehicle,Controlled,Curve,Others,Bitumen(Tar),Dry,Engineering Defect of Road,Clear,ATTIMBBE ROAD,NEAR  BUS STOP,1.5KM,0.0,0.0,4,0,0.0,4.0
Bengaluru City,Banashankari Traffic PS,1.04432e+16,2019,1,2,Road Accidents,Bottleneck,City/Town,Near Bus stop,Human Error,Yes,Grievous Injury,Vehicle to Vehicle,Controlled,Others,Two way,Bitumen(Tar),Dry,Construction Work / Material,Clear,NEAR MANJUNATHA TEMPLE,KATHRIGUPPE WATER TANK ROAD,3.5KM,0.0,0.0,2,0,0.0,2.0
Bengaluru City,Banashankari Traffic PS,1.04432e+16,2019,1,2,Road Accidents,Cross roads,City/Town,Near Bus stop,Human Error,Yes,Grievous Injury,Hit pedestrian,Uncontrolled,Others,Two way,Bitumen(Tar),Dry,Not Applicable,Fine,"24TH CROSS,BSK 2ND STAGE",NEAR BDA COMPLEX,1.5KM,0.0,0.0,0,0,0.0,0.0
Bengaluru City,Banashankari Traffic PS,1.04432e+16,2019,1,2,Road Accidents,Cross roads,City/Town,Near Bus stop,Human Error,Yes,Grievous Injury,Vehicle to Vehicle,Controlled,Others,Two way,Bitumen(Tar),Dry,Not Applicable,Clear,THYAGARAJ NAGAR 2TH MAIN ROAD,JAIN TEMPLE,1KM,0.0,0.0,0,0,0.0,0.0
Bengaluru City,Banashankari Traffic PS,1.04432e+16,2019,1,1,Road Accidents,Curves,City/Town,Residential area,Human Error,No,Grievous Injury,Hit pedestrian,Uncontrolled,Not Applicable,Two way,Bitumen(Tar),Dry,Not Applicable,Clear,100 FT RING ROAD,ashwini apartment,1.5,12.920109,77.562315,0,0,0.0,0.0
Bengaluru City,Banashankari Traffic PS,1.04432e+16,2019,1,2,Road Accidents,Junction,City/Town,Near office complex,Human Error,No,Grievous Injury,Vehicle to Vehicle,Controlled,Curve,Two way,Bitumen(Tar),Dry,Not Applicable,Clear,ITTAMADU MAIN ROAD,MEENA PRAVISATION STORE,3,12.920908,77.543043,0,0,0.0,0.0
Bengaluru City,Banashankari Traffic PS,1.04432e+16,2019,1,2,Road Accidents,Circle,City/Town,Residential area,Human Error,No,Grievous Injury,Vehicle to Vehicle,Controlled,Curve,Two way,Bitumen(Tar),Dry,Not Applicable,Clear,VIVEKANANDA PARK,GIRINAGAR,3KM,0.0,0.0,0,0,0.0,0.0
Bengaluru City,Banashankari Traffic PS,1.04432e+16,2019,1,2,Road Accidents,Cross roads,City/Town,Near School or College,Human Error,No,Grievous Injury,Vehicle to Vehicle,Controlled,Curve,Others,Bitumen(Tar),Dry,Not Applicable,Clear,BSK 3 RD STAGE,PRABHAKAR HOUSE,3.5,0.0,0.0,0,0,0.0,0.0
Bengaluru City,Banashankari Traffic PS,1.04432e+16,2019,1,1,Road Accidents,Curves,City/Town,Near Bus stop,Human Error,Yes,Simple Injury,Hit pedestrian,Controlled,Others,Two way,Bitumen(Tar),Dry,Not Applicable,Clear,THYAGARAJANAGAR,NEAR  BUS STOP,1KM,12.933428,77.566068,0,0,0.0,0.0
Bengaluru City,Banashankari Traffic PS,1.04432e+16,2019,1,2,Road Accidents,Cross roads,City/Town,Near School or College,Human Error,No,Grievous Injury,Vehicle to Vehicle,Not at  Junction,Others,Two way,Bitumen(Tar),Dry,Not Applicable,Fine,CHANNAMMANAKLERE ACHHUKATTU,BSK 3RD STAGE,1KM,0.0,0.0,0,0,0.0,0.0
Bengaluru City,Banashankari Traffic PS,1.04432e+16,2019,1,2,Road Accidents,Junction,City/Town,Near Bus stop,Vehicle Defect,No,Damage Only,Vehicle to Vehicle,Controlled,Others,Two way,Bitumen(Tar),Dry,Not Applicable,Clear,NCERT JUNCTION,100 FEET RING ROAD,3.5KM,0.0,0.0,0,0,0.0,0.0
Bengaluru City,Banashankari Traffic PS,1.04432e+16,2019,1,2,Road Accidents,Junction,City/Town,In bazaar,Human Error,No,Simple Injury,Vehicle to Vehicle,Uncontrolled,Others,Two way,Bitumen(Tar),Dry,Not Applicable,Clear,KATHRAGUPPE PAI JUNCTION,NEAR BIG BAZAAR,1.5KM,0.0,0.0,0,0,0.0,0.0
Bengaluru City,Banashankari Traffic PS,1.04432e+16,2019,1,3,Road Accidents,Curves,City/Town,Residential area,Human Error,No,Grievous Injury,Vehicle to Vehicle,Controlled,Curve,Two way,Bitumen(Tar),Dry,Not Applicable,Clear,"14 TH CRS ROAD, HOSAKEREHALLI",SUNDAR MAHAL,3,12.938832,77.539161,0,0,0.0,0.0
Bengaluru City,Banashankari Traffic PS,1.04432e+16,2019,1,2,Road Accidents,Cross roads,City/Town,Near School or College,Human Error,Yes,Grievous Injury,Vehicle to Vehicle,Controlled,Curve,Two way,Bitumen(Tar),Dry,Not Applicable,Clear,8 TH MAIN LAKSHMANAPPA GARDEN,SCHOOL,2 KM,12.92943,77.560273,0,0,0.0,0.0
Bengaluru City,Banashankari Traffic PS,1.04432e+16,2019,1,1,Road Accidents,Cross roads,City/Town,Residential area,Human Error,Yes,Grievous Injury,Hit pedestrian,Controlled,Curve,Two way,Bitumen(Tar),Dry,Not Applicable,Clear,GIRINAGARA BSK 3RD STAGE,AVADHANI KALYANA MANTAPA,3,12.940552,77.547763,0,0,0.0,0.0
Bengaluru City,Banashankari Traffic PS,1.04432e+16,2019,1,2,Road Accidents,Junction,City/Town,Near Bus stop,Vehicle Defect,No,Damage Only,Vehicle to Vehicle,Controlled,Others,Two way,Bitumen(Tar),Dry,Not Applicable,Fine,PADMANABHANAGARA,NEAR BUS STOP,2KM,0.0,0.0,0,0,0.0,0.0
Bengaluru City,Banashankari Traffic PS,1.04432e+16,2019,1,3,Road Accidents,Cross roads,City/Town,Residential area,Human Error,Yes,Simple Injury,Hit pedestrian,Controlled,Others,Two way,Bitumen(Tar),Dry,Not Applicable,Clear,BSK 3RD STAGE,NEAR BUS STOP,3.5KM,12.930305,77.545839,0,0,0.0,0.0
Bengaluru City,Banashankari Traffic PS,1.04432e+16,2019,1,2,Road Accidents,Cross roads,City/Town,Near School or College,Human Error,Yes,Grievous Injury,Vehicle to Vehicle,Uncontrolled,Others,Two way,Bitumen(Tar),Dry,Not Applicable,Clear,NEAR SAMPOORNA PLAY HOME,C T BED ROAD,1KM,0.0,0.0,0,0,0.0,0.0
Bengaluru City,Banashankari Traffic PS,1.04432e+16,2019,1,1,Road Accidents,Narrow road,City/Town,Near office complex,Human Error,Yes,Grievous Injury,Hit pedestrian,Controlled,Incline,Others,Bitumen(Tar),Dry,No influence on accident,Clear,"80 FT RING ROAD, BSK 1ST STAGE",BANK COLONY,1,12.935265,77.558597,0,0,0.0,0.0
Bengaluru City,Banashankari Traffic PS,1.04432e+16,2019,1,2,Road Accidents,Junction,City/Town,In bazaar,Human Error,Yes,Fatal,Vehicle to Vehicle,Controlled,Curve,Others,Bitumen(Tar),Dry,Not Applicable,Clear,"100 FT RING ROAD,KAMAKYA JUNCTION",BRAND FACTORY,2,12.924337,77.551956,0,0,0.0,0.0
Bengaluru City,Banashankari Traffic PS,1.04432e+16,2019,1,2,Road Accidents,Junction,City/Town,Near Bus stop,Human Error,No,Grievous Injury,Vehicle to Vehicle,Signals (Working),Curve,Others,Bitumen(Tar),Dry,Not Applicable,Clear,ARAVINDA SUPER BAZR JUTION,ARAVINDA SUPER BAZR JUTION,0.5KM,12.928885,77.566307,0,0,0.0,0.0
Bengaluru City,Banashankari Traffic PS,1.04432e+16,2019,1,1,Road Accidents,Junction,City/Town,Residential area,Human Error,Yes,Grievous Injury,Hit pedestrian,Controlled,Others,Service Road,Bitumen(Tar),Dry,Not Applicable,Fog / Mist,100 FT RING ROAD,CHIKEN HUNTH,2.5 KM,12.926341,77.548382,0,0,0.0,0.0
Bengaluru City,Banashankari Traffic PS,1.04432e+16,2019,1,2,Road Accidents,Curves,City/Town,Near Bus stop,Human Error,No,Grievous Injury,Vehicle to Vehicle,Uncontrolled,Others,Two way,Bitumen(Tar),Dry,Not Applicable,Fine,NEAR DEVAGIRI TEMPLE ROAD,NEAR BDA COMPLEX,1KM,0.0,0.0,0,0,0.0,0.0
Bengaluru City,Banashankari Traffic PS,1.04432e+16,2019,1,2,Road Accidents,Cross roads,City/Town,Near Bus stop,Human Error,No,Grievous Injury,Vehicle to Vehicle,Controlled,Others,Two way,Bitumen(Tar),Dry,Not Applicable,Fine,"14TH CROSS, K R ROAD,BSK 2ND STAGE,BANGALORE",14TH CROSS K R ROAD,1KM,0.0,0.0,0,0,0.0,0.0
Bengaluru City,Banashankari Traffic PS,1.04432e+16,2019,1,2,Road Accidents,Narrow road,City/Town,Residential area,Human Error,Yes,Damage Only,Vehicle to Vehicle,Not at  Junction,Incline,Two way,Bitumen(Tar),Dry,No influence on accident,Clear,SEETHA CIRCLE,INFRONT OF CLINIC,1,0.0,0.0,0,0,0.0,0.0
Bengaluru City,Banashankari Traffic PS,1.04432e+16,2019,1,2,Road Accidents,Narrow road,City/Town,Residential area,Human Error,No,Grievous Injury,Vehicle to Vehicle,Not at  Junction,Incline,Others,Bitumen(Tar),Dry,No influence on accident,Cloudy,"C K ACHUKATTU, 4TH MAIN",NEAR MEDICAL STORE,1,12.928311,77.559263,0,0,0.0,0.0
Bengaluru City,Banashankari Traffic PS,1.04432e+16,2019,1,1,Road Accidents,Cross roads,City/Town,Near Petrol Pump,Human Error,No,Grievous Injury,Hit pedestrian,Uncontrolled,Curve,Others,Bitumen(Tar),Dry,Not Applicable,Clear,channamma junction up ramp,tvs shoow room,1.5,12.92232,77.558507,0,0,0.0,0.0
Bengaluru City,Banashankari Traffic PS,1.04432e+16,2019,1,3,Road Accidents,Junction,City/Town,Near Bus stop,Human Error,Yes,Simple Injury,Vehicle to Vehicle,Controlled,Others,Service Road,Bitumen(Tar),Dry,Not Applicable,Clear,BMTC BUS DEPO,KAMAKYA JUNCTION,1.5 KM,12.55255,77.33138,0,0,0.0,0.0
Bengaluru City,Banashankari Traffic PS,1.04432e+16,2019,1,2,Road Accidents,Cross roads,City/Town,Near School or College,Human Error,No,Grievous Injury,Vehicle to Vehicle,Controlled,Curve,Two way,Bitumen(Tar),Dry,Not Applicable,Fine,CHANNAMMANNAKERE,BSK 3RD STAGE,1KM,0.0,0.0,0,0,0.0,0.0
Bengaluru City,Banashankari Traffic PS,1.04432e+16,2019,1,2,Road Accidents,Junction,City/Town,Near Bus stop,Human Error,No,Grievous Injury,Vehicle to Vehicle,Controlled,Others,Two way,Bitumen(Tar),Dry,Not Applicable,Fine,KATHRIGUPPE WATER TANK,BSK 3RD STAGE,2.5KM,0.0,0.0,0,0,0.0,0.0
Bengaluru City,Banashankari Traffic PS,1.04432e+16,2019,1,2,Road Accidents,Cross roads,City/Town,Near Bus stop,Human Error,No,Grievous Injury,Vehicle to Vehicle,Not Applicable,Others,Two way,Bitumen(Tar),Dry,Not Applicable,Clear,THYAGARAJANAGARA,BSK 2ND STAGE,1KM,0.0,0.0,0,0,0.0,0.0
Bengaluru City,Banashankari Traffic PS,1.04432e+16,2019,1,1,Road Accidents,Junction,City/Town,Near Hospital,Human Error,Yes,Grievous Injury,Hit pedestrian,Uncontrolled,Others,Two way,Bitumen(Tar),Dry,Not Applicable,Fine,RADHAKRUSHNA HOSPITAL,GIRINAGARA BSK 3RD STAGE,3.5KM,0.0,0.0,0,0,0.0,0.0
Bengaluru City,Banashankari Traffic PS,1.04432e+16,2019,1,2,Road Accidents,Narrow road,City/Town,Residential area,Human Error,Yes,Grievous Injury,Vehicle to Vehicle,No signal lights,Incline,Residential Street,Bitumen(Tar),Dry,No influence on accident,Clear,BANASHANKARI 14TH CROSS ROAD,SHASTRI NAGARA,1,12.929822,77.571145,0,0,0.0,0.0
Bengaluru City,Banashankari Traffic PS,1.04432e+16,2019,1,1,Road Accidents,Narrow road,City/Town,Near Bus stop,Human Error,Yes,Grievous Injury,Hit pedestrian,Not at  Junction,Incline,Others,Bitumen(Tar),Dry,No influence on accident,Clear,near kaderenahalli park,100 feet ring road,1,12.917674,77.564545,0,0,0.0,0.0
Bengaluru City,Banashankari Traffic PS,1.04432e+16,2019,1,1,Road Accidents,Cross roads,City/Town,Near office complex,Human Error,No,Grievous Injury,Hit pedestrian,Not at  Junction,Incline,Two way,Bitumen(Tar),Dry,No influence on accident,Heavy Rain,BSK 3RD STAGE,KAMAKYA LAYOUT,1,12.923248,77.552883,0,0,0.0,0.0
Bengaluru City,Banashankari Traffic PS,1.04432e+16,2019,1,2,Road Accidents,Junction,City/Town,Narrow bridge or culverts,Human Error,Yes,Grievous Injury,Vehicle to Vehicle,Controlled,Curve,Service Road,Metalled,Dry,Not Applicable,Clear,"K E B FLYOVER, 100 FT RING ROAD",K E B FLYOVER,3.5,12.93214,77.540051,0,0,2.0,2.0
Bengaluru City,Banashankari Traffic PS,1.04432e+16,2019,1,1,Road Accidents,Junction,City/Town,Residential area,Human Error,Yes,Grievous Injury,Hit pedestrian,Controlled,Curve,Residential Street,Bitumen(Tar),Dry,Not Applicable,Cloudy,"14 cross road,",anjaneya swamy temple,1.5,12.929921,77.569491,0,0,0.0,0.0
Bengaluru City,Banashankari Traffic PS,1.04432e+16,2019,1,1,Road Accidents,Cross roads,City/Town,Near Bus stop,Human Error,Yes,Grievous Injury,Hit pedestrian,Uncontrolled,Others,Two way,Bitumen(Tar),Dry,Not Applicable,Others,"PADMANABHANAGARA,BSK 2ND STAGE",KAVALI HOTEL,2KM,0.0,0.0,0,0,0.0,0.0
Bengaluru City,Banashankari Traffic PS,1.04432e+16,2019,1,2,Road Accidents,Cross roads,City/Town,Near Hospital,Vehicle Defect,No,Grievous Injury,Hit pedestrian,Police / Manual,Curve,Others,Surfaced,Dry,Not Applicable,Clear,KATTARIGUPPE MAIN ROAD,NEAR PAI SHOP,1.5,0.0,0.0,0,0,,
Bengaluru City,Banashankari Traffic PS,1.04432e+16,2019,1,1,Road Accidents,Junction,City/Town,Near Bus stop,Human Error,Yes,Grievous Injury,Hit pedestrian,Controlled,Curve,Residential Street,Bitumen(Tar),Dry,Not Applicable,Clear,100 FT RING ROAD,NEAR PESIT COLLEGE,3.5,12.935296,77.536602,0,0,0.0,0.0
Bengaluru City,Banashankari Traffic PS,1.04432e+16,2019,1,1,Road Accidents,Cross roads,City/Town,Residential area,Human Error,Yes,Grievous Injury,Hit pedestrian,Uncontrolled,Curve,Others,Bitumen(Tar),Dry,Not Applicable,Clear,ATTIMBBE ROAD,OPP NILGIRIS DEPARTMENTAL STORE,1 KM,0.0,0.0,0,0,0.0,0.0
Bengaluru City,Banashankari Traffic PS,1.04432e+16,2019,1,2,Road Accidents,Junction,City/Town,Near Bus stop,Human Error,Yes,Grievous Injury,Vehicle to Vehicle,Signal lights Automatic,Others,Service Road,Bitumen(Tar),Dry,Not Applicable,Fine,CHANNAMMA JUNCTION,NEAR BUS STOP,1.5KM,12.921884,77.560159,0,0,0.0,0.0
Bengaluru City,Banashankari Traffic PS,1.04432e+16,2019,1,1,Road Accidents,Cross roads,City/Town,Near School or College,Human Error,Yes,Grievous Injury,Hit pedestrian,Not at  Junction,Not Applicable,Two way,Bitumen(Tar),Dry,Not Applicable,Clear,IN FORNT S S M SCHOOL,CHANNAMMANAKERE BSK 3RD STAGE,1KM,0.0,0.0,0,0,0.0,0.0
Bengaluru City,Banashankari Traffic PS,1.04432e+16,2019,1,2,Road Accidents,Narrow road,City/Town,Near Hospital,Human Error,Yes,Grievous Injury,Vehicle to Vehicle,Controlled,Straight and flat,Others,Bitumen(Tar),Dry,Not Applicable,Clear,100 FT RING ROAD,KADIRENAHALLI PARK,1.5 KM,0.0,0.0,0,0,0.0,0.0
Bengaluru City,Banashankari Traffic PS,1.04432e+16,2019,1,1,Road Accidents,Narrow road,City/Town,At pedestrian Crossing,Human Error,Yes,Simple Injury,Hit pedestrian,Not at  Junction,Incline,Others,Bitumen(Tar),Dry,No influence on accident,Clear,NEAR PETROLE BUNK,9TH MAIN ROAD,1,12.921127,77.569561,0,0,0.0,0.0
Bengaluru City,Banashankari Traffic PS,1.04432e+16,2019,1,2,Road Accidents,Junction,City/Town,Residential area,Human Error,No,Grievous Injury,Vehicle to Vehicle,Controlled,Curve,Others,Bitumen(Tar),Dry,Not Applicable,Clear,14 TH CROSS,1,1.5,12.929724,77.572045,0,0,0.0,0.0
Bengaluru City,Banashankari Traffic PS,1.04432e+16,2019,1,1,Road Accidents,Cross roads,City/Town,Residential area,Human Error,Yes,Grievous Injury,Hit pedestrian,Uncontrolled,Curve,Residential Street,Bitumen(Tar),Dry,Not Applicable,Clear,NEAR HARI KALYANA MANTAPA,TAPASVI BHAVANA,1 KM,12.928555,77.562349,0,0,0.0,0.0
Bengaluru City,Banashankari Traffic PS,1.04432e+16,2019,1,1,Road Accidents,Junction,City/Town,Near Hospital,Human Error,No,Grievous Injury,Hit pedestrian,No signal lights,Incline,Residential Street,Bitumen(Tar),Dry,No influence on accident,Clear,C T BED,7TH CROSS ROAD,1,12.929762,77.563933,0,0,0.0,0.0
Bengaluru City,Banashankari Traffic PS,1.04432e+16,2019,1,1,Road Accidents,Cross roads,City/Town,Residential area,Human Error,Yes,Grievous Injury,Hit pedestrian,Uncontrolled,Curve,Residential Street,Bitumen(Tar),Dry,Not Applicable,Clear,3 RD CROSS ROAD GIRINAGARA,NEAR MUNESHWARA TEMPLE,4 KM,12.937977,77.545377,0,0,0.0,0.0
Bengaluru City,Banashankari Traffic PS,1.04432e+16,2019,1,1,Road Accidents,Not Applicable,City/Town,Near School or College,Human Error,No,Grievous Injury,Not Applicable,Uncontrolled,Not Applicable,Others,Bitumen(Tar),Dry,Not Applicable,Clear,NEAR SCHOOL,NEAR SCHOOL,3KM,0.0,0.0,0,0,0.0,0.0
Bengaluru City,Banashankari Traffic PS,1.04432e+16,2019,1,3,Road Accidents,Junction,City/Town,Near Bus stop,Human Error,Yes,Grievous Injury,Vehicle to Vehicle,Uncontrolled,Others,Two way,Bitumen(Tar),Dry,Not Applicable,Fine,BANASHANKARI 35TH CROSS,18TH MAIN JUNCTION,1.5KM,0.0,0.0,0,0,0.0,0.0
Bengaluru City,Banashankari Traffic PS,1.04432e+16,2019,1,2,Road Accidents,Junction,City/Town,Near Bus stop,Vehicle Defect,No,Damage Only,Vehicle to Vehicle,Controlled,Curve,Others,Bitumen(Tar),Dry,Not Applicable,Clear,"100  FT RING ROAD,",VEERABHADRANAGARA,3.5 KM,0.0,0.0,0,0,0.0,0.0
Bengaluru City,Banashankari Traffic PS,1.04432e+16,2020,1,2,Road Accidents,Junction,City/Town,Near Bus stop,Human Error,No,Grievous Injury,Vehicle to Vehicle,Controlled,Others,Two way,Bitumen(Tar),Dry,Not Applicable,Clear,100 FEET RING ROAD,KAMAKYA BMTC BUS DEPOT,2KM,12.9238,77.553888,0,0,0.0,0.0
Bengaluru City,Banashankari Traffic PS,1.04432e+16,2020,1,2,Road Accidents,Junction,City/Town,Open area,Human Error,Yes,Grievous Injury,Vehicle to Vehicle,Controlled,Curve,Others,Bitumen(Tar),Dry,Not Applicable,Clear,3rd main road,2nd a crs,3.5km,12.939532,77.552255,0,0,0.0,0.0
Bengaluru City,Banashankari Traffic PS,1.04432e+16,2020,1,2,Road Accidents,Cross roads,City/Town,Near a religious place,Human Error,No,Fatal,Vehicle to Vehicle,Not at  Junction,Curve,Others,Bitumen(Tar),Dry,Not Applicable,Clear,"80feet road,",shrungeri shankara mata,3.5km,12.94068,77.546948,0,0,0.0,0.0
Bengaluru City,Banashankari Traffic PS,1.04432e+16,2020,1,2,Road Accidents,Narrow road,City/Town,Near Hospital,Human Error,No,Grievous Injury,Vehicle to Vehicle,Controlled,Straight and flat,Others,Bitumen(Tar),Dry,Not Applicable,Clear,100 ftring road,opp udbhava hospital,3 km,12.926171,77.548698,0,0,0.0,0.0
Bengaluru City,Banashankari Traffic PS,1.04432e+16,2020,1,2,Road Accidents,Junction,City/Town,Near Hospital,Human Error,No,Grievous Injury,Vehicle to Vehicle,Controlled,Others,Two way,Bitumen(Tar),Dry,Not Applicable,Clear,ATTIMBBE JUNCTION ROAD,NEAR HOSPITAL,1KM,0.0,0.0,0,0,0.0,0.0
Bengaluru City,Banashankari Traffic PS,1.04432e+16,2020,1,1,Road Accidents,Junction,City/Town,Near Bus stop,Human Error,Yes,Simple Injury,Hit pedestrian,Controlled,Others,Two way,Bitumen(Tar),Dry,Not Applicable,Cloudy,100 FEET RING ROAD,NEAR BUS STOP,2KM,0.0,0.0,0,0,0.0,0.0
Bengaluru City,Banashankari Traffic PS,1.04432e+16,2020,1,2,Road Accidents,Junction,City/Town,Near Hospital,Human Error,No,Grievous Injury,Vehicle to Vehicle,Controlled,Others,Two way,Bitumen(Tar),Dry,No influence on accident,Clear,"100 FEET RING ROAD,KATRIGUPPE JUNCTION",KATRIGUPPE JUNCTION,3KM,12.925288,77.549987,0,0,0.0,0.0
Bengaluru City,Banashankari Traffic PS,1.04432e+16,2020,1,1,Road Accidents,Cross roads,City/Town,Near Bus stop,Human Error,Yes,Simple Injury,Hit pedestrian,Uncontrolled,Curve,Two way,Bitumen(Tar),Dry,Not Applicable,Clear,100 FEET RING ROAD,NEAR BMTC BUS STOP,2KM,12.92307,77.556145,0,0,0.0,0.0
Bengaluru City,Banashankari Traffic PS,1.04432e+16,2020,1,1,Road Accidents,Cross roads,City/Town,Near Bus stop,Human Error,No,Grievous Injury,Vehicle to Vehicle,Uncontrolled,Others,Two way,Bitumen(Tar),Dry,Not Applicable,Clear,HOSAKEREHALLI CROSS,BSK 3RD STAGE,3KM,12.924578,77.54079,0,0,0.0,0.0
Bengaluru City,Banashankari Traffic PS,1.04432e+16,2020,1,2,Road Accidents,Cross roads,City/Town,Near Bus stop,Human Error,No,Grievous Injury,Vehicle to Vehicle,Uncontrolled,Curve,Two way,Bitumen(Tar),Dry,Not Applicable,Clear,BSK 2ND STAGE,BUS STOP,1 KM,12.929973,77.568085,0,0,0.0,0.0
Bengaluru City,Banashankari Traffic PS,1.04432e+16,2020,1,2,Road Accidents,Junction,City/Town,Near office complex,Human Error,No,Simple Injury,Vehicle to Vehicle,Controlled,Curve,Others,Bitumen(Tar),Dry,Not Applicable,Clear,27TH CRS ROAD,23RD MAIN JUNCTION,1.5 KM,12.92308,77.563125,0,0,0.0,0.0
Bengaluru City,Banashankari Traffic PS,1.04432e+16,2020,1,2,Road Accidents,Cross roads,City/Town,Near Hospital,Human Error,Yes,Grievous Injury,Vehicle to Vehicle,Controlled,Curve and Incline,Others,Bitumen(Tar),Dry,Not Applicable,Clear,channamanakere road,vishweshwaiah co oparative bank,2.5 km,0.0,0.0,0,0,0.0,0.0
Bengaluru City,Banashankari Traffic PS,1.04432e+16,2020,1,1,Road Accidents,Junction,City/Town,Near Bus stop,Human Error,No,Grievous Injury,Hit pedestrian,Uncontrolled,Others,Two way,Bitumen(Tar),Dry,Not Applicable,Clear,"50 FEET ROAD NEAR,SEETHA CIRCLE",SBM COLONY,3.5KM,12.938721,77.550682,0,0,0.0,0.0
Bengaluru City,Banashankari Traffic PS,1.04432e+16,2020,1,1,Road Accidents,Circle,City/Town,Near Bus stop,Human Error,No,Grievous Injury,Hit pedestrian,Controlled,Others,Two way,Bitumen(Tar),Dry,Not Applicable,Clear,100 FEET RING ROAD,NEAR BUS STOP,2.5KM,12.923568,77.55427,0,0,0.0,0.0