DISTRICTNAME,UNITNAME,Crime_No,Year,RI,Noofvehicle_involved,Accident_Classification,Accident_Spot,Accident_Location,Accident_SubLocation,Main_Cause,Hit_Run,Severity,Collision_Type,Junction_Control,Road_Character,Road_Type,Surface_Type,Surface_Condition,Road_Condition,Weather,Accident_Road,Landmark_first,Distance_LandMark_First,Latitude,Longitude,Road_Condition_Score,Surface_Condition_Score,Surface_Type_Score,Road_Risk_Index
Bengaluru City,Banashankari Traffic PS,1.04432e+16,2020,1,2,Road Accidents,Junction,City/Town,Near Bus stop,Human Error,No,Simple Injury,Vehicle to Vehicle,Uncontrolled,Others,Two way,Bitumen(Tar),Dry,Not Applicable,Clear,COFFEE DAY JANCTION ROAD,NEAR BUS STOP,1KM,12.925691,77.560914,0,0,0.0,0.0
Bengaluru City,Banashankari Traffic PS,1.04432e+16,2020,1,2,Road Accidents,Curves,City/Town,Near Bus stop,Human Error,Yes,Damage Only,Vehicle to Vehicle,Controlled,Others,Others,Bitumen(Tar),Dry,Not Applicable,Clear,100 FT RING ROAD,NEAR KAMAKYA JUNCTION,2 KM,12.923901,77.553319,0,0,0.0,0.0
Bengaluru City,Banashankari Traffic PS,1.04432e+16,2020,1,1,Road Accidents,Cross roads,City/Town,Near Bus stop,Human Error,Yes,Grievous Injury,Vehicle to Vehicle,Controlled,Others,Others,Bitumen(Tar),Dry,Not Applicable,Fog / Mist,k r road,mtr foot store,1km,12.928496,77.573598,0,0,0.0,0.0
Bengaluru City,Banashankari Traffic PS,1.04432e+16,2020,1,1,Road Accidents,Cross roads,City/Town,Near Bus stop,Human Error,No,Fatal,Not Applicable,Controlled,Curve,Others,Bitumen(Tar),Dry,Not Applicable,Fog / Mist,100 FEET RING ROAD,KADIRENAHALLI PARK,1.5 KM,12.918027,77.56427,0,0,0.0,0.0
Bengaluru City,Banashankari Traffic PS,1.04432e+16,2020,1,1,Road Accidents,Cross roads,City/Town,Near Bus stop,Human Error,No,Fatal,Not Applicable,Controlled,Curve,Others,Bitumen(Tar),Dry,Not Applicable,Mist or Fog,"100 ft ring road,",indira cantin,3.5km,12.936192,77.534766,0,0,0.0,0.0
Bengaluru City,Banashankari Traffic PS,1.04432e+16,2020,1,2,Road Accidents,Junction,City/Town,Near office complex,Human Error,Yes,Grievous Injury,Vehicle to Vehicle,Controlled,Curve,Others,Bitumen(Tar),Dry,Not Applicable,Mist or Fog,ATTIMABBE ROAD,ARAVINDA SUPER BAJAR JUNCTION,0.5 KM,12.928861,77.566252,0,0,0.0,0.0
Bengaluru City,Banashankari Traffic PS,1.04432e+16,2020,1,1,Road Accidents,Junction,City/Town,Near Hospital,Human Error,No,Grievous Injury,Hit pedestrian,Uncontrolled,Others,Two way,Bitumen(Tar),Dry,Not Applicable,Clear,100 FEET RING ROAD,NCERT JUNCTION,3KM,0.0,0.0,0,0,0.0,0.0
Bengaluru City,Banashankari Traffic PS,1.04432e+16,2020,1,2,Road Accidents,Junction,City/Town,Near Hospital,Human Error,No,Grievous Injury,Vehicle to Vehicle,Not Applicable,Others,Two way,Bitumen(Tar),Dry,Not Applicable,Clear,"A V HOSPITAL ROAD,100 FEET RING ROAD",NEAR HOSPITAL,3KM,12.932541,77.540958,0,0,0.0,0.0
Bengaluru City,Banashankari Traffic PS,1.04432e+16,2020,1,1,Road Accidents,Junction,City/Town,Near Bus stop,Human Error,No,Grievous Injury,Hit pedestrian,Not at  Junction,Others,Two way,Bitumen(Tar),Dry,Not Applicable,Fine,"OPP TEA HOTEL,100 FEET RING ROAD",NEAR BUS STOP,2KM,0.0,0.0,0,0,0.0,0.0
Bengaluru City,Banashankari Traffic PS,1.04432e+16,2020,1,2,Road Accidents,Cross roads,City/Town,Near Petrol Pump,Human Error,No,Fatal,Vehicle to Vehicle,Controlled,Curve,Others,Bitumen(Tar),Dry,Not Applicable,Clear,100 ft ring road,siddarath spirit zone,3.5 km,0.0,0.0,0,0,0.0,0.0
Bengaluru City,Banashankari Traffic PS,1.04432e+16,2020,1,2,Road Accidents,Junction,City/Town,Near Bus stop,Vehicle Defect,Yes,Damage Only,Vehicle to Vehicle,Controlled,Others,Others,Bitumen(Tar),Dry,Not Applicable,Fog / Mist,100 ft ring road,katriguppe junction,3km,12.925368,77.549959,0,0,0.0,0.0
Bengaluru City,Banashankari Traffic PS,1.04432e+16,2020,1,1,Road Accidents,Curves,City/Town,Narrow bridge or culverts,Human Error,No,Fatal,Not Applicable,Controlled,Curve,Others,Bitumen(Tar),Dry,Not Applicable,Fog / Mist,CHANNAMMA FLYOVER,100 FT RING ROAD,1.5 KM,12.921374,77.561711,0,0,0.0,0.0
Bengaluru City,Banashankari Traffic PS,1.04432e+16,2020,1,2,Road Accidents,Junction,City/Town,Near Bus stop,Human Error,No,Grievous Injury,Vehicle to Vehicle,Controlled,Straight and flat,Others,Bitumen(Tar),Dry,No influence on accident,Clear,100 ft ring road,katriguppe junction,3,12.92537,77.550013,0,0,0.0,0.0
Bengaluru City,Banashankari Traffic PS,1.04432e+16,2020,1,1,Road Accidents,Junction,City/Town,In bazaar,Human Error,No,Grievous Injury,Hit pedestrian,Controlled,Curve,Others,Bitumen(Tar),Dry,Not Applicable,Clear,2nd main road,SAMPATH PRAVITION STORE,1.5 KM,12.932453,77.567795,0,0,0.0,0.0
Bengaluru City,Banashankari Traffic PS,1.04432e+16,2020,1,1,Road Accidents,Cross roads,City/Town,Near School or College,Human Error,No,Fatal,Hit pedestrian,Not at  Junction,Curve,Others,Bitumen(Tar),Dry,Not Applicable,Fog / Mist,100 FT RING ROAD,NEAR NAVEEN KABAB HOTEL,4.5 KM,0.0,0.0,0,0,0.0,0.0
Bengaluru City,Banashankari Traffic PS,1.04432e+16,2020,1,1,Road Accidents,Cross roads,City/Town,Near Hospital,Human Error,No,Grievous Injury,Hit pedestrian,Uncontrolled,Curve,Two way,Bitumen(Tar),Dry,Not Applicable,Fine,"NEAR CANARA BANK,80 FT DOUBLE ROAD",NEAR RADHA KRISHNA HOSPITAL,3KM,12.940856,77.546589,0,0,0.0,0.0
Bengaluru City,Banashankari Traffic PS,1.04432e+16,2020,1,2,Road Accidents,Curves,City/Town,Residential area,Vehicle Defect,Yes,Damage Only,Vehicle to Vehicle,Controlled,Curve,Others,Bitumen(Tar),Dry,Not Applicable,Clear,KATRIGUPPE  MAIN ROAD,VIVEKANANDA NAGARA,1.5 KM,0.0,0.0,0,0,0.0,0.0
Bengaluru City,Banashankari Traffic PS,1.04432e+16,2020,1,2,Road Accidents,Cross roads,City/Town,Near office complex,Human Error,No,Grievous Injury,Vehicle to Vehicle,Not at  Junction,Curve,Others,Bitumen(Tar),Dry,Not Applicable,Clear,"C K ACHUKATTU ROAD,",C K ACCHUKATTU PS,2KM,12.930334,77.561307,0,0,0.0,0.0
Bengaluru City,Banashankari Traffic PS,1.04432e+16,2020,1,2,Road Accidents,Cross roads,City/Town,Near Bus stop,Human Error,Yes,Grievous Injury,Vehicle to Vehicle,Uncontrolled,Others,Two way,Bitumen(Tar),Dry,Pot holed,Clear,TEMPL ROAD GIRINAGARA,BSK 3RD STAGE GIRINAGARA,3.5KM,12.94142,77.547377,5,0,0.0,5.0
Bengaluru City,Banashankari Traffic PS,1.04432e+16,2020,1,2,Road Accidents,Junction,City/Town,Near Bus stop,Human Error,Yes,Grievous Injury,Vehicle to Vehicle,Uncontrolled,Others,Two way,Bitumen(Tar),Dry,Not Applicable,Fine,100 FEET RING ROAD,NEAR BUS STOP,2KM,0.0,0.0,0,0,0.0,0.0
Bengaluru City,Banashankari Traffic PS,1.04432e+16,2020,1,1,Road Accidents,Cross roads,City/Town,Near Hospital,Human Error,Yes,Fatal,Hit pedestrian,Controlled,Straight and flat,Others,Bitumen(Tar),Dry,Not Applicable,Mist or Fog,60 ft road,OPP AKSHA HOSPITAL,1.5 KM,12.925268,77.573543,0,0,0.0,0.0
Bengaluru City,Banashankari Traffic PS,1.04432e+16,2020,1,1,Road Accidents,Junction,City/Town,At pedestrian Crossing,Human Error,No,Grievous Injury,Hit pedestrian,Controlled,Straight and flat,Others,Bitumen(Tar),Dry,Not Applicable,Fog / Mist,KATRIGUPPE ROAD,SRI RAMA TEMPALE,4KM,0.0,0.0,0,0,0.0,0.0
Bengaluru City,Banashankari Traffic PS,1.04432e+16,2020,1,2,Road Accidents,Cross roads,City/Town,Open area,Human Error,Yes,Grievous Injury,Vehicle to Vehicle,Controlled,Curve,Others,Bitumen(Tar),Dry,Not Applicable,Fog / Mist,"9TH MAIN ROAD,",NAGALAKSHMI KALYANA MANTAPA,0.5 KM,12.927347,77.567994,0,0,0.0,0.0
Bengaluru City,Banashankari Traffic PS,1.04432e+16,2020,1,1,Road Accidents,Cross roads,City/Town,Near Hospital,Human Error,Yes,Grievous Injury,Hit pedestrian,Uncontrolled,Curve,Two way,Bitumen(Tar),Dry,Not Applicable,Clear,NEAR SRINAGARA CLUB 80 FEET RING ROAD,NEAR SBM COLONY,3.5KM,12.933916,77.546342,0,0,0.0,0.0
Bengaluru City,Banashankari Traffic PS,1.04432e+16,2020,1,1,Road Accidents,Cross roads,City/Town,Near Bus stop,Human Error,No,Grievous Injury,Vehicle to Vehicle,Uncontrolled,Others,Two way,Bitumen(Tar),Dry,Pot holed,Clear,9TH MAIN ROAD,NEAR BDA COMLEX,1.5KM,12.921897,77.569852,5,0,0.0,5.0
Bengaluru City,Banashankari Traffic PS,1.04432e+16,2020,1,1,Road Accidents,Cross roads,City/Town,Residential area,Human Error,No,Fatal,Vehicle to Vehicle,Controlled,Curve,Others,Bitumen(Tar),Dry,Not Applicable,Clear,kerekodi road,clean drinking water unit,3.5 KM,12.928151,77.53169,0,0,0.0,0.0
Bengaluru City,Banashankari Traffic PS,1.04432e+16,2020,1,2,Road Accidents,Junction,City/Town,Near School or College,Human Error,Yes,Simple Injury,Vehicle to Vehicle,Controlled,Others,Two way,Bitumen(Tar),Dry,Not Applicable,Fine,100 FEET RING ROAD,NEAR KEB JUNCTION,3.5KM,12.933941,77.53869,0,0,0.0,0.0
Bengaluru City,Banashankari Traffic PS,1.04432e+16,2020,1,2,Road Accidents,Junction,City/Town,Residential area,Vehicle Defect,No,Damage Only,Vehicle to Vehicle,Controlled,Straight and flat,Service Road,Bitumen(Tar),Dry,Not Applicable,Clear,100FT RING ROAD,NCERT JUNCTION,3KM,12.931288,77.542532,0,0,0.0,0.0
Bengaluru City,Banashankari Traffic PS,1.04432e+16,2020,1,1,Road Accidents,Curves,City/Town,Near office complex,Human Error,No,Grievous Injury,Hit pedestrian,Controlled,Curve,Others,Bitumen(Tar),Dry,Not Applicable,Mist or Fog,PADMANABHANAGAR ROAD,SAHAKARA SAMUDAYA BHAVANA,2.5 KM,12.919786,77.558326,0,0,0.0,0.0
Bengaluru City,Banashankari Traffic PS,1.04432e+16,2020,1,1,Road Accidents,Curves,City/Town,Near Hospital,Human Error,No,Simple Injury,Hit pedestrian,Controlled,Curve,Others,Bitumen(Tar),Dry,Not Applicable,Clear,100 frrt ring road,udbhava hospital,2.5km,0.0,0.0,0,0,0.0,0.0
Bengaluru City,Banashankari Traffic PS,1.04432e+16,2020,1,1,Road Accidents,Cross roads,City/Town,Residential area,Human Error,No,Grievous Injury,Hit pedestrian,Uncontrolled,Curve,Others,Bitumen(Tar),Dry,Not Applicable,Clear,KATRIGUPPE MAIN ROAD,HOUSE NO 501,4KM,12.929012,77.549305,0,0,0.0,0.0
Bengaluru City,Banashankari Traffic PS,1.04432e+16,2020,1,2,Road Accidents,Junction,City/Town,In bazaar,Human Error,Yes,Grievous Injury,Vehicle to Vehicle,Uncontrolled,Others,Two way,Bitumen(Tar),Dry,Not Applicable,Fine,KATHRIGUPPE PAI JUNCTION,NEAR BAZAAR,2.5KM,12.927677,77.551408,0,0,0.0,0.0
Bengaluru City,Banashankari Traffic PS,1.04432e+16,2020,1,2,Road Accidents,Cross roads,City/Town,Near Bus stop,Human Error,Yes,Simple Injury,Vehicle to Vehicle,Uncontrolled,Curve,Two way,Bitumen(Tar),Dry,Not Applicable,Clear,NEAR KEREKODI HOSAKEREHALLI CROSS,NEAR BUS STOP,3.5KM,0.0,0.0,0,0,0.0,0.0
Bengaluru City,Banashankari Traffic PS,1.04432e+16,2020,1,2,Road Accidents,Junction,City/Town,Near Bus stop,Human Error,No,Fatal,Vehicle to Vehicle,Controlled,Curve,Others,Bitumen(Tar),Dry,Not Applicable,Fog / Mist,100 FT RING ROAD,KEB JUNCTION,3.5 KM,12.933988,77.539006,0,0,0.0,0.0
Bengaluru City,Banashankari Traffic PS,1.04432e+16,2020,1,2,Road Accidents,Cross roads,City/Town,Near Bus stop,Human Error,Yes,Grievous Injury,Vehicle to Vehicle,Uncontrolled,Curve,Two way,Bitumen(Tar),Dry,Not Applicable,Clear,"NEAR MAHALAKSHMI TEMPLE,BHUVANESHWARI NAGARA,BSK 3RD STG",NEAR BUS STOP,3.5KM,0.0,0.0,0,0,0.0,0.0
Bengaluru City,Banashankari Traffic PS,1.04432e+16,2020,1,2,Road Accidents,Junction,City/Town,Near Bus stop,Human Error,No,Grievous Injury,Vehicle to Vehicle,Controlled,Curve,Others,Bitumen(Tar),Dry,Not Applicable,Mist or Fog,100 FT RING ROAD,ITTAMADU JUNCTION,3KM,12.928103,77.546248,0,0,0.0,0.0
Bengaluru City,Banashankari Traffic PS,1.04432e+16,2020,1,2,Road Accidents,Junction,City/Town,Near Bus stop,Vehicle Defect,No,Damage Only,Vehicle to Vehicle,Uncontrolled,Others,Two way,Bitumen(Tar),Dry,Not Applicable,Clear,NEAR YARAB NAGARA MASIDI,NEAR MASIDI IN YARAB NAGRA,1.5KM,12.917351,77.568782,0,0,0.0,0.0
Bengaluru City,Banashankari Traffic PS,1.04432e+16,2020,1,2,Road Accidents,Cross roads,City/Town,Residential area,Human Error,No,Grievous Injury,Vehicle to Vehicle,Controlled,Curve,Others,Bitumen(Tar),Dry,Not Applicable,Mist or Fog,8th main road,sudha aparthment,3.5 km,12.937172,77.5422,0,0,0.0,0.0
Bengaluru City,Banashankari Traffic PS,1.04432e+16,2020,1,2,Road Accidents,Curves,City/Town,Residential area,Human Error,Yes,Simple Injury,Vehicle to Vehicle,Controlled,Curve,Others,Bitumen(Tar),Dry,Not Applicable,Clear,80 ft  road,cake of the day,3.5 km,0.0,0.0,0,0,0.0,0.0
Bengaluru City,Banashankari Traffic PS,1.04432e+16,2020,1,1,Road Accidents,Curves,City/Town,Near Bus stop,Human Error,Yes,Grievous Injury,Hit pedestrian,Controlled,Others,Others,Bitumen(Tar),Dry,Not Applicable,Clear,"ITTAMADU MAIN ROAD,",LAKSHMI CLOTH CENTER,3.5 KM,0.0,0.0,0,0,0.0,0.0
Bengaluru City,Banashankari Traffic PS,1.04432e+16,2020,1,1,Road Accidents,Cross roads,City/Town,Near Bus stop,Human Error,No,Grievous Injury,Hit pedestrian,Uncontrolled,Curve,Others,Bitumen(Tar),Dry,Not Applicable,Clear,hosakerehalli road,43 bus stop,3.5 km,12.929648,77.538621,0,0,0.0,0.0
Bengaluru City,Banashankari Traffic PS,1.04432e+16,2020,1,1,Road Accidents,Narrow road,City/Town,At pedestrian Crossing,Human Error,No,Fatal,Not Applicable,Controlled,Curve,Others,Bitumen(Tar),Dry,Not Applicable,Clear,padmanabhabnagara,sahakara samudaya bhavana,1.5,12.919762,77.558353,0,0,0.0,0.0
Bengaluru City,Banashankari Traffic PS,1.04432e+16,2020,1,2,Rail Road Accidents,Junction,City/Town,Near Bus stop,Human Error,Yes,Grievous Injury,Vehicle to Vehicle,Controlled,Others,Two way,Bitumen(Tar),Dry,Not Applicable,Fine,100 FEET RING ROAD,NEAR KAMKYA BMTC BUS DEPOT,2KM,12.923918,77.5533,0,0,0.0,0.0
Bengaluru City,Banashankari Traffic PS,1.04432e+16,2020,1,1,Road Accidents,Junction,City/Town,Near Hospital,Human Error,Yes,Grievous Injury,Hit pedestrian,Uncontrolled,Others,Two way,Bitumen(Tar),Dry,Not Applicable,Fine,K R ROAD,NEAR HOSPITAL,1.5KM,12.964063,77.57397,0,0,0.0,0.0
Bengaluru City,Banashankari Traffic PS,1.04432e+16,2020,1,2,Road Accidents,Junction,City/Town,Near office complex,Human Error,Yes,Grievous Injury,Hit pedestrian,Controlled,Curve,Others,Bitumen(Tar),Dry,Not Applicable,Clear,ittamadu main road junction,bhuvaneshwari kandimants,3.5 km,12.924796,77.543931,0,0,0.0,0.0
Bengaluru City,Banashankari Traffic PS,1.04432e+16,2020,1,1,Road Accidents,Cross roads,City/Town,Residential area,Human Error,No,Grievous Injury,Not Applicable,No signal lights,Curve,Others,Bitumen(Tar),Dry,Not Applicable,Mist or Fog,3RD MAIN JUNCTION,NEAR NANJUNDESHWARA STORE,3KM,12.934191,77.541786,0,0,0.0,0.0
Bengaluru City,Banashankari Traffic PS,1.04432e+16,2020,1,2,Road Accidents,Junction,City/Town,Open area,Human Error,No,Grievous Injury,Vehicle to Vehicle,Controlled,Curve,Others,Bitumen(Tar),Dry,Not Applicable,Clear,"100 fFT RING ROAD,",K E B JUNCTON,4.5 KM,12.933956,77.538705,0,0,0.0,0.0
Bengaluru City,Banashankari Traffic PS,1.04432e+16,2020,1,2,Road Accidents,Cross roads,City/Town,Near Bus stop,Vehicle Defect,No,Damage Only,Vehicle to Vehicle,Uncontrolled,Curve,Others,Bitumen(Tar),Dry,Not Applicable,Clear,"KATRIGUPPE EAST,BSK 3RD STAGE",NEAR BUS STOP,2.5KM,12.926749,77.553519,0,0,0.0,0.0
Bengaluru City,Banashankari Traffic PS,1.04432e+16,2020,1,1,Road Accidents,Narrow road,City/Town,Near School or College,Human Error,No,Fatal,Not Applicable,Controlled,Straight and flat,Others,Bitumen(Tar),Dry,Not Applicable,Clear,"100 FT RING ROAD,BSK 3RD STAGE",pesit college gate,3.5 km,12.935628,77.535542,0,0,0.0,0.0
Bengaluru City,Banashankari Traffic PS,1.04432e+16,2020,1,2,Road Accidents,Junction,City/Town,Near Bus stop,Human Error,No,Grievous Injury,Vehicle to Vehicle,Controlled,Curve,Others,Bitumen(Tar),Dry,Not Applicable,Clear,100 FT RING ROAD,N C E R T UNDER PASS JUNCTION,3.5,12.931338,77.542567,0,0,0.0,0.0
Bengaluru City,Banashankari Traffic PS,1.04432e+16,2021,1,1,Road Accidents,Cross roads,City/Town,Residential area,Human Error,Yes,Grievous Injury,Hit pedestrian,Not at  Junction,Curve,Others,Bitumen(Tar),Dry,Not Applicable,Clear,"t g layout 4th cross,",pro market,3.5km,0.0,0.0,0,0,0.0,0.0
Bengaluru City,Banashankari Traffic PS,1.04432e+16,2021,1,2,Road Accidents,Cross roads,City/Town,Near a religious place,Human Error,No,Grievous Injury,Vehicle to Vehicle,Not at  Junction,Others,Others,Bitumen(Tar),Dry,Not Applicable,Clear,KATRIGUPPE MAIN ROAD,NEAR AIYAPPASWAMY TEMPLE,2.5 KM,12.928232,77.550625,0,0,0.0,0.0
Bengaluru City,Banashankari Traffic PS,1.04432e+16,2021,1,2,Road Accidents,Not Applicable,City/Town,Near a religious place,Not Applicable,No,Grievous Injury,Vehicle to Vehicle,Not at  Junction,Others,Others,Bitumen(Tar),Not Applicable,Not Applicable,Clear,C K ACCUKTTU 8TH CROSS ROAD,C K ACCUKTTU 8TH CROSS ROAD,2.00KM,12.930942,77.560088,0,0,0.0,0.0
Bengaluru City,Banashankari Traffic PS,1.04432e+16,2021,1,1,Road Accidents,Cross roads,City/Town,Residential area,Human Error,Yes,Grievous Injury,Hit pedestrian,Not at  Junction,Others,Others,Bitumen(Tar),Dry,Not Applicable,Clear,bsk 2nd stage,6th cross,1.5 km,0.0,0.0,0,0,0.0,0.0
Bengaluru City,Banashankari Traffic PS,1.04432e+16,2021,1,2,Road Accidents,Curves,City/Town,Residential area,Human Error,No,Simple Injury,Vehicle to Vehicle,Not at  Junction,Others,Others,Bitumen(Tar),Dry,Not Applicable,Fog / Mist,100 FEET RING ROAD,adarsh appartment,1.5 km,12.920506,77.562091,0,0,0.0,0.0
Bengaluru City,Banashankari Traffic PS,1.04432e+16,2021,1,3,Road Accidents,Narrow road,City/Town,Near office complex,Human Error,No,Grievous Injury,Vehicle to Vehicle,Not at  Junction,Others,Others,Bitumen(Tar),Dry,Not Applicable,Clear,100 FT RING ROAD,NCRT UNDERPASS,3 KM,12.930062,77.544112,0,0,0.0,0.0
Bengaluru City,Banashankari Traffic PS,1.04432e+16,2021,1,1,Road Accidents,Not Applicable,City/Town,Residential area,Road Environment Defect,No,Damage Only,Not Applicable,Uncontrolled,Others,Others,Bitumen(Tar),Dry,Not Applicable,Clear,"7th main,2nd cross banagirinagar BSK 2nd stage",STREET LIGHT,2.00KM,12.924687,77.557112,0,0,0.0,0.0
Bengaluru City,Banashankari Traffic PS,1.04432e+16,2021,1,2,Road Accidents,Curves,City/Town,Residential area,Not Applicable,Yes,Damage Only,Vehicle to Vehicle,Not at  Junction,Curve,Others,Bitumen(Tar),Dry,Not Applicable,Cloudy,OPP UDUPI HOTEL K R ROAD,NEAR UDUPI HOTEL,1.5 KM,12.931104,77.573646,0,0,0.0,0.0
Bengaluru City,Banashankari Traffic PS,1.04432e+16,2021,1,2,Road Accidents,Narrow road,City/Town,Near Bus stop,Human Error,No,Simple Injury,Vehicle to Vehicle,Not at  Junction,Curve,Others,Bitumen(Tar),Dry,Not Applicable,Clear,100 ft ring road,s b tea stal,2km,12.916978,77.564676,0,0,0.0,0.0
Bengaluru City,Banashankari Traffic PS,1.04432e+16,2021,1,2,Road Accidents,Narrow road,City/Town,Near office complex,Human Error,Yes,Grievous Injury,Vehicle to Vehicle,Not at  Junction,Others,Others,Bitumen(Tar),Dry,Not Applicable,Clear,bsk 14th cross,riders driving school,0.5 km,12.929992,77.567736,0,0,0.0,0.0
Bengaluru City,Banashankari Traffic PS,1.04432e+16,2021,1,1,Road Accidents,Curves,City/Town,Near office complex,Human Error,Not Applicable,Simple Injury,Hit pedestrian,Uncontrolled,Curve,Service Road,Bitumen(Tar),Flooded,Not Applicable,Wind,"MARUTHI NAGARA, ITTUMADU MAIN ROAD",5TH CROSS MARUTHI NAGAR,3.5,12.924053,77.543803,0,5,0.0,5.0
Bengaluru City,Banashankari Traffic PS,1.04432e+16,2021,1,1,Road Accidents,Cross roads,City/Town,Near Bus stop,Not Applicable,Yes,Grievous Injury,Hit pedestrian,Not at  Junction,Others,Others,Bitumen(Tar),Dry,Not Applicable,Fog / Mist,100 ft ring road,veerabhadra signal,3.5km,0.0,0.0,0,0,0.0,0.0
Bengaluru City,Banashankari Traffic PS,1.04432e+16,2021,1,2,Road Accidents,Junction,City/Town,Near a recreation place/cinema,Human Error,No,Simple Injury,Hit bicyclist,Controlled,Straight and flat,Two way,Bitumen(Tar),Dry,Not Applicable,Clear,100FT RING ROAD,ESHWARI THEATRE,1.5,12.923979,77.553327,0,0,0.0,0.0
Bengaluru City,Banashankari Traffic PS,1.04432e+16,2021,1,1,Road Accidents,Curves,City/Town,Residential area,Vehicle Defect,No,Fatal,Not Applicable,Not at  Junction,Curve,Residential Street,Bitumen(Tar),Flooded,Not Applicable,Cloudy,OUTER RING ROAD,OPP ADARSH APARTMENT,1.5KM,0.0,0.0,0,5,0.0,5.0
Bengaluru City,Banashankari Traffic PS,1.04432e+16,2021,1,2,Road Accidents,Narrow road,City/Town,Open area,Not Applicable,Yes,Grievous Injury,Vehicle to Vehicle,Not at  Junction,Others,Others,Bitumen(Tar),Dry,Not Applicable,Cloudy,100 FEET RING ROAD VEERABHADRA NAGARA,OPP GO GAS BUNK,4.5 KM,12.937727,77.533933,0,0,0.0,0.0
Bengaluru City,Banashankari Traffic PS,1.04432e+16,2021,1,2,Road Accidents,Cross roads,City/Town,Residential area,Human Error,Yes,Grievous Injury,Hit pedestrian,Uncontrolled,Curve,Others,Bitumen(Tar),Dry,Not Applicable,Clear,17TH Main  slv hotel road,coffee kendra hotel opp,1km,0.0,0.0,0,0,0.0,0.0
Bengaluru City,Banashankari Traffic PS,1.04432e+16,2021,1,2,Road Accidents,Narrow road,City/Town,In bazaar,Human Error,Yes,Simple Injury,Vehicle to Vehicle,Uncontrolled,Curve,Others,Bitumen(Tar),Dry,Not Applicable,Clear,GIRINAGARA MAIN ROAD,NEAR VIVEKANANDA PARK,3.5KM,0.0,0.0,0,0,0.0,0.0
Bengaluru City,Banashankari Traffic PS,1.04432e+16,2021,1,1,Road Accidents,Junction,City/Town,Near Petrol Pump,Vehicle Defect,No,Grievous Injury,Not Applicable,Uncontrolled,Others,Others,Bitumen(Tar),Dry,Not Applicable,Fine,OPP D MART,OPP D MART,1.KM,12.922912,77.560367,0,0,0.0,0.0
Bengaluru City,Banashankari Traffic PS,1.04432e+16,2021,1,1,Road Accidents,Not Applicable,City/Town,Residential area,Vehicle Defect,No,Damage Only,Not Applicable,Uncontrolled,Incline,Others,Bitumen(Tar),Dry,Not Applicable,Clear,NCB JUNCTION,NCB JUNCTION,1.5KM,12.923492,77.570121,0,0,0.0,0.0
Bengaluru City,Banashankari Traffic PS,1.04432e+16,2021,1,1,Road Accidents,Cross roads,City/Town,Residential area,Human Error,No,Simple Injury,Hit pedestrian,Not at  Junction,Others,Others,Bitumen(Tar),Dry,Not Applicable,Clear,bsk 3rd stage,house no 65,3.5 km,12.92533,77.540638,0,0,0.0,0.0
Bengaluru City,Banashankari Traffic PS,1.04432e+16,2021,1,1,Road Accidents,Not Applicable,City/Town,Residential area,Human Error,No,Fatal,Not Applicable,Not at  Junction,Straight and flat,Others,Bitumen(Tar),Not Applicable,Not Applicable,Clear,2ND MAIN ROAD GIRINAGARA.BSK 3RD STAGE 85,BSK 3RD STAGE 85,3.5,12.937327,77.545243,0,0,0.0,0.0
Bengaluru City,Banashankari Traffic PS,1.04432e+16,2021,1,1,Not Applicable,Narrow road,City/Town,Residential area,Not Applicable,Not Applicable,Grievous Injury,Not Applicable,Uncontrolled,Others,Others,Bitumen(Tar),Dry,Not Applicable,Cloudy,MUNESHWARA BLOCK MAIN ROAD,SRI SAI JUCE CENTER,4 KM,12.942599,77.546847,0,0,0.0,0.0
Bengaluru City,Banashankari Traffic PS,1.04432e+16,2021,1,1,Road Accidents,Curves,City/Town,Open area,Not Applicable,No,Grievous Injury,Hit pedestrian,Not at  Junction,Curve,Others,Bitumen(Tar),Dry,Not Applicable,Wind,100 FEET RING ROAD BSK 3RD STAGE,NEAR RAJADHANI WINES,4.0 KM,0.0,0.0,0,0,0.0,0.0
Bengaluru City,Banashankari Traffic PS,1.04432e+16,2021,1,3,Road Accidents,Not Applicable,City/Town,Residential area,Not Applicable,Yes,Fatal,Not Applicable,Not at  Junction,Others,Two way,Bitumen(Tar),Dry,Not Applicable,Fog / Mist,M K PUTTALINGAIAH ROAD PADMANABHA NAGARA,OPP M K SUPER BAZAR,2.5 KM,12.917225,77.559497,0,0,0.0,0.0
Bengaluru City,Banashankari Traffic PS,1.04432e+16,2021,1,2,Road Accidents,Cross roads,City/Town,Near School or College,Not Applicable,Yes,Grievous Injury,Vehicle to Vehicle,Not at  Junction,Curve,Two way,Bitumen(Tar),Dry,Not Applicable,Clear,hosakerehalli main road,near naragunda college,3.5km,0.0,0.0,0,0,0.0,0.0
Bengaluru City,Banashankari Traffic PS,1.04432e+16,2021,1,1,Road Accidents,Cross roads,City/Town,Near office complex,Human Error,No,Grievous Injury,Hit pedestrian,Not at  Junction,Straight and flat,Others,Bitumen(Tar),Dry,Not Applicable,Cloudy,14 CROSS K R ROAD,OPP AMRAN BYATARY STAL,1 KM,12.929581,77.572909,0,0,0.0,0.0
Bengaluru City,Banashankari Traffic PS,1.04432e+16,2021,1,1,Road Accidents,Not Applicable,City/Town,Near a recreation place/cinema,Human Error,No,Simple Injury,Not Applicable,Uncontrolled,Straight and flat,Others,Bitumen(Tar),Others,Not Applicable,Mist or Fog,22ND CROSS. ITTUMADU,NEAR ANISH CLUB,3.5,12.921934,77.542306,0,1,0.0,1.0
Bengaluru City,Banashankari Traffic PS,1.04432e+16,2021,1,2,Road Accidents,Curves,City/Town,Residential area,Human Error,No,Grievous Injury,Vehicle to Vehicle,Not at  Junction,Curve,Residential Street,Bitumen(Tar),Dry,Not Applicable,Cloudy,SUBRAMANYAPURA MAIN ROAD,SUBRAMNYAPURA MAIN ROAD,1.5KM,12.916305,77.570452,0,0,0.0,0.0