DISTRICTNAME,UNITNAME,Crime_No,Year,RI,Noofvehicle_involved,Accident_Classification,Accident_Spot,Accident_Location,Accident_SubLocation,Main_Cause,Hit_Run,Severity,Collision_Type,Junction_Control,Road_Character,Road_Type,Surface_Type,Surface_Condition,Road_Condition,Weather,Accident_Road,Landmark_first,Distance_LandMark_First,Latitude,Longitude,Road_Condition_Score,Surface_Condition_Score,Surface_Type_Score,Road_Risk_Index
Bengaluru City,Basavanagudi Traffic PS,1.04432e+16,2016,1,2,Road Accidents,Junction,City/Town,Near Bus stop,Human Error,No,Grievous Injury,Others,Police / Manual,Others,City or Town Road,Bitumen(Tar),Dry,Not Applicable,Fine,"Puttanna road, and M S Temple road junction",M S Temple,5km,0.0,0.0,0,0,0.0,0.0
Bengaluru City,Basavanagudi Traffic PS,1.04432e+16,2016,1,2,Road Accidents,Other,City/Town,In bazaar,Human Error,No,Grievous Injury,Others,Not at  Junction,Others,City or Town Road,Bitumen(Tar),Dry,Not Applicable,Fine,"Opp A2B Hotel Bajar main rd, Basavanagudi",A2B hotel,500m,0.0,0.0,0,0,0.0,0.0
Bengaluru City,Basavanagudi Traffic PS,1.04432e+16,2016,1,2,Road Accidents,Other,City/Town,In bazaar,Human Error,Yes,Simple Injury,Others,Police / Manual,Others,Others,Bitumen(Tar),Dry,Not Applicable,Fine,"New Bata Showroom, Gandi Bazar main road",Near Bus Stop,500 M,12.94543339,77.5713203,0,0,0.0,0.0
Bengaluru City,Basavanagudi Traffic PS,1.04432e+16,2016,1,1,Road Accidents,Narrow road,City/Town,In bazaar,Human Error,No,Simple Injury,Not Applicable,Uncontrolled,Curve,Others,Bitumen(Tar),Dry,Not Applicable,Others,DVG ROAD,SATISH STORES,0.5 KM,0.0,0.0,0,0,0.0,0.0
Bengaluru City,Basavanagudi Traffic PS,1.04432e+16,2016,1,2,Road Accidents,Circle,City/Town,Near office complex,Human Error,No,Simple Injury,Others,Not at  Junction,Others,City or Town Road,Bitumen(Tar),Dry,Not Applicable,Fine,"Maruhti Circle, Srinagar main road, Hanumantha Nagar",Near Bus Stop,2km,0.0,0.0,0,0,0.0,0.0
Bengaluru City,Basavanagudi Traffic PS,1.04432e+16,2016,1,2,Road Accidents,Junction,City/Town,Near Bus stop,Human Error,Yes,Grievous Injury,Others,Police / Manual,Others,City or Town Road,Bitumen(Tar),Dry,Not Applicable,Fine,"Hanumantha Nagar, 10th crs, Dejavaregowda road Junction",Near Bus Stop,2 Km,0.0,0.0,0,0,0.0,0.0
Bengaluru City,Basavanagudi Traffic PS,1.04432e+16,2016,1,2,Road Accidents,Circle,City/Town,Near a religious place,Human Error,Not Applicable,Simple Injury,Others,Police / Manual,Others,City or Town Road,Bitumen(Tar),Dry,Not Applicable,Fine,"Ramakrishna Ashrama circle,",Near Bus Stop,08 KM,0.0,0.0,0,0,0.0,0.0
Bengaluru City,Basavanagudi Traffic PS,1.04432e+16,2016,1,2,Road Accidents,Other,City/Town,Near Bus stop,Human Error,Yes,Simple Injury,Others,Not at  Junction,Others,City or Town Road,Bitumen(Tar),Dry,Not Applicable,Fine,50feet road opp hanumantha nagara,Near Bus Stop,3km,12.9416976,77.5615415,0,0,0.0,0.0
Bengaluru City,Basavanagudi Traffic PS,1.04432e+16,2016,1,1,Road Accidents,Other,City/Town,Residential area,Not Applicable,Yes,Simple Injury,Hit and Run,Not Applicable,Others,Others,Not Applicable,Others,Not Applicable,Fine,10THCROSS DE JAVREGOWDAROAD HANUMANTHANAGARA,house no 02,1 KM,0.0,0.0,0,1,0.0,1.0
Bengaluru City,Basavanagudi Traffic PS,1.04432e+16,2016,1,2,Road Accidents,Junction,City/Town,Near School or College,Not Applicable,No,Simple Injury,Others,Controlled,Not Applicable,City or Town Road,Bitumen(Tar),Not Applicable,Not Applicable,Others,BT ROAD & N R COLONY 3RD CROSS,NEAR KAMATH HOTEL,1KM,0.0,0.0,0,0,0.0,0.0
Bengaluru City,Basavanagudi Traffic PS,1.04432e+16,2016,1,3,Road Accidents,Other,City/Town,Near Petrol Pump,Human Error,Not Applicable,Not Applicable,Others,Police / Manual,Others,City or Town Road,Bitumen(Tar),Dry,Not Applicable,Fine,"Near HP Petrol Bunk, 5th main Chamarajapete,",Near HP Petrol Pump,1.5 KM,0.0,0.0,0,0,0.0,0.0
Bengaluru City,Basavanagudi Traffic PS,1.04432e+16,2016,1,1,Road Accidents,Junction,City/Town,Near Bus stop,Human Error,No,Grievous Injury,Others,Police / Manual,Others,Others,Bitumen(Tar),Dry,Not Applicable,Fine,Bull Temple Road,Near Bus Stop,500km,0.0,0.0,0,0,0.0,0.0
Bengaluru City,Basavanagudi Traffic PS,1.04432e+16,2016,1,2,Road Accidents,Junction,City/Town,Near Bus stop,Human Error,No,Damage Only,Others,Police / Manual,Others,City or Town Road,Bitumen(Tar),Dry,Not Applicable,Fine,"Uma Takies junction rd,K G road",Near Bazar,1 KM,0.0,0.0,0,0,0.0,0.0
Bengaluru City,Basavanagudi Traffic PS,1.04432e+16,2016,1,1,Road Accidents,Other,City/Town,Near Bus stop,Human Error,No,Not Applicable,Not Applicable,Not at  Junction,Others,City or Town Road,Bitumen(Tar),Dry,Not Applicable,Fine,"Near Kabab Magic R V road,",kabab Magic,1 KM,0.0,0.0,0,0,0.0,0.0
Bengaluru City,Basavanagudi Traffic PS,1.04432e+16,2016,1,2,Road Accidents,Junction,City/Town,Near office complex,Human Error,No,Damage Only,Others,Police / Manual,Others,City or Town Road,Bitumen(Tar),Dry,Not Applicable,Fine,"Kanakapura road, and serveyar street, junction,",Near Office Complex,500m,0.0,0.0,0,0,0.0,0.0
Bengaluru City,Basavanagudi Traffic PS,1.04432e+16,2016,1,2,Road Accidents,Other,City/Town,Near office complex,Human Error,Yes,Simple Injury,Others,Police / Manual,Others,City or Town Road,Bitumen(Tar),Dry,Not Applicable,Others,"Appirao road, Near Uma Theatre, Infront of Dharavvad Peda",Near Uma Theatre,2 KM,0.0,0.0,0,0,0.0,0.0
Bengaluru City,Basavanagudi Traffic PS,1.04432e+16,2016,1,2,Road Accidents,Other,City/Town,Near Bus stop,Human Error,No,Not Applicable,Others,Police / Manual,Others,City or Town Road,Bitumen(Tar),Dry,Not Applicable,Fine,"Near madava Circle, Old kanakapura road",Near Bus Stop,200m,0.0,0.0,0,0,0.0,0.0
Bengaluru City,Basavanagudi Traffic PS,1.04432e+16,2016,1,2,Road Accidents,Other,City/Town,Residential area,Human Error,No,Simple Injury,Others,Not at  Junction,Not Applicable,City or Town Road,Bitumen(Tar),Dry,Not Applicable,Fine,"3rd cross, 5th main, Ashokanagara",Near Bus stop,1km,0.0,0.0,0,0,0.0,0.0
Bengaluru City,Basavanagudi Traffic PS,1.04432e+16,2016,1,2,Road Accidents,Junction,City/Town,Near Bus stop,Human Error,No,Not Applicable,Others,Police / Manual,Not Applicable,City or Town Road,Bitumen(Tar),Dry,Not Applicable,Fine,"Police Station road, DVG road, Junction",Near Bus Stop,500m,0.0,0.0,0,0,0.0,0.0
Bengaluru City,Basavanagudi Traffic PS,1.04432e+16,2016,1,2,Road Accidents,Other,City/Town,Near Bus stop,Human Error,No,Fatal,Others,Not at  Junction,Others,City or Town Road,Bitumen(Tar),Dry,Not Applicable,Fine,"50 Feet road, Muneswara Block, Near Ramanashree Condiments,Hanumantthanagar",Near Ramanashree Condiments,3 KM,0.0,0.0,0,0,0.0,0.0
Bengaluru City,Basavanagudi Traffic PS,1.04432e+16,2016,1,2,Road Accidents,Other,City/Town,Near office complex,Human Error,No,Simple Injury,Others,Not at  Junction,Others,City or Town Road,Bitumen(Tar),Dry,Not Applicable,Fine,"Katriguppe Main road, near SBI Bank ATM",Near SBI ATM Hanumanthanagar,15 km,0.0,0.0,0,0,0.0,0.0
Bengaluru City,Basavanagudi Traffic PS,1.04432e+16,2016,1,2,Road Accidents,Other,City/Town,Near Bus stop,Human Error,Yes,Simple Injury,Others,Police / Manual,Others,Others,Bitumen(Tar),Dry,Not Applicable,Fine,"Near Jinke park, K G Nagar",Near Bus Stop,2 KM,0.0,0.0,0,0,0.0,0.0
Bengaluru City,Basavanagudi Traffic PS,1.04432e+16,2016,1,2,Road Accidents,Other,City/Town,Near Bus stop,Human Error,No,Grievous Injury,Others,Not at  Junction,Others,City or Town Road,Bitumen(Tar),Dry,Not Applicable,Fine,"Opp SRS Petrol Bunk, Kanakapura road",SRS Petrol Bunk,500m,0.0,0.0,0,0,0.0,0.0
Bengaluru City,Basavanagudi Traffic PS,1.04432e+16,2016,1,2,Road Accidents,Junction,City/Town,Near Bus stop,Human Error,Not Applicable,Simple Injury,Others,Police / Manual,Others,City or Town Road,Bitumen(Tar),Dry,Not Applicable,Fine,"Servaor Street road Junction, Basavanagudi",Near Bus Stop,0.5,0.0,0.0,0,0,0.0,0.0
Bengaluru City,Basavanagudi Traffic PS,1.04432e+16,2016,1,1,Road Accidents,Other,City/Town,Near office complex,Human Error,Yes,Simple Injury,Others,Police / Manual,Others,City or Town Road,Bitumen(Tar),Dry,Not Applicable,Fine,"Opp SBI Bank, 5th main Chamarajapete, K G Nagar",Near SBI Bank,2 KM,12.957005,77.563849,0,0,0.0,0.0
Bengaluru City,Basavanagudi Traffic PS,1.04432e+16,2016,1,2,Road Accidents,Other,City/Town,Near Bus stop,Human Error,Yes,Simple Injury,Others,Police / Manual,Others,Others,Bitumen(Tar),Dry,Not Applicable,Fine,"Vanivilasa road Downramp, Basavanagudi",Near Bus Stop,1 KM,0.0,0.0,0,0,0.0,0.0
Bengaluru City,Basavanagudi Traffic PS,1.04432e+16,2016,1,2,Road Accidents,Other,City/Town,Near Bus stop,Human Error,Yes,Grievous Injury,Hit bicyclist,Not at  Junction,Others,City or Town Road,Bitumen(Tar),Dry,Not Applicable,Fine,"Near Vasavi Kalyana Mantapa, Vani VIlasa road",bus stop,1km,0.0,0.0,0,0,0.0,0.0
Bengaluru City,Basavanagudi Traffic PS,1.04432e+16,2016,1,2,Road Accidents,Junction,City/Town,Near Petrol Pump,Human Error,No,Grievous Injury,Others,Police / Manual,Others,City or Town Road,Bitumen(Tar),Dry,Not Applicable,Fine,B P Vadiya road Junction,Near Petrol pump,300m,0.0,0.0,0,0,0.0,0.0
Bengaluru City,Basavanagudi Traffic PS,1.04432e+16,2016,1,2,Road Accidents,Circle,City/Town,Near Bus stop,Human Error,Yes,Grievous Injury,Others,Not at  Junction,Others,City or Town Road,Bitumen(Tar),Dry,Not Applicable,Fine,"Lalbagh west gate signal, Basavanagudi",Near Bus Stop,1km,0.0,0.0,0,0,0.0,0.0
Bengaluru City,Basavanagudi Traffic PS,1.04432e+16,2016,1,2,Road Accidents,Other,City/Town,Residential area,Human Error,Not Applicable,Simple Injury,Others,Police / Manual,Others,City or Town Road,Bitumen(Tar),Dry,Not Applicable,Fine,"Govindappa road cross, K R Road,",Near Bus Stop,0.200m,0.0,0.0,0,0,0.0,0.0
Bengaluru City,Basavanagudi Traffic PS,1.04432e+16,2016,1,1,Road Accidents,Other,City/Town,Near Bus stop,Human Error,No,Fatal,Others,Uncontrolled,Not Applicable,City or Town Road,Bitumen(Tar),Dry,Not Applicable,Clear,"near katte balaga, 3rd crs, N R Colony",bus stop,1 KM,0.0,0.0,0,0,0.0,0.0
Bengaluru City,Basavanagudi Traffic PS,1.04432e+16,2016,1,2,Road Accidents,Narrow road,City/Town,Near Petrol Pump,Human Error,Yes,Simple Injury,Hit and Run,Uncontrolled,Others,City or Town Road,Bitumen(Tar),Dry,Not Applicable,Others,PC ROAD HANUMANTHA NAGARA,NEAR PETROL BUNK,2km,0.0,0.0,0,0,0.0,0.0
Bengaluru City,Basavanagudi Traffic PS,1.04432e+16,2016,1,1,Road Accidents,Other,City/Town,Near office complex,Human Error,Not Applicable,Simple Injury,Others,Not at  Junction,Others,City or Town Road,Bitumen(Tar),Dry,Not Applicable,Fine,"Opp Cake palace, kanakapura road, Basavanagudi",Near Cake palace,0.5 KM,0.0,0.0,0,0,0.0,0.0
Bengaluru City,Basavanagudi Traffic PS,1.04432e+16,2016,1,2,Road Accidents,Other,City/Town,Near Bus stop,Human Error,Not Applicable,Simple Injury,Others,Uncontrolled,Others,City or Town Road,Bitumen(Tar),Dry,Not Applicable,Fine,"Opp Koli Mane Srinagara Mori road, Srinagara",Near Bus Stop,1.5 KM,0.0,0.0,0,0,0.0,0.0
Bengaluru City,Basavanagudi Traffic PS,1.04432e+16,2016,1,1,Road Accidents,Other,City/Town,Near Petrol Pump,Human Error,No,Damage Only,Others,Controlled,Others,City or Town Road,Bitumen(Tar),Dry,Not Applicable,Fine,"B P vadiya road,",Near Petrol pump,500m,0.0,0.0,0,0,0.0,0.0
Bengaluru City,Basavanagudi Traffic PS,1.04432e+16,2016,1,3,Road Accidents,Narrow road,City/Town,Near Bus stop,Human Error,No,Simple Injury,Head on,Uncontrolled,Others,City or Town Road,Bitumen(Tar),Dry,Not Applicable,Fine,9TH MAIN SRINAGARA,NEAR SRINAGARA BUS STOP,2KM,0.0,0.0,0,0,0.0,0.0
Bengaluru City,Basavanagudi Traffic PS,1.04432e+16,2016,1,2,Road Accidents,Other,City/Town,Near Bus stop,Human Error,Not Applicable,Not Applicable,Others,Police / Manual,Others,City or Town Road,Bitumen(Tar),Dry,Not Applicable,Fine,"50 Feet road, Hanumantthanagar",Near Bus Stop,2 KM,12.9416976,77.5615415,0,0,0.0,0.0
Bengaluru City,Basavanagudi Traffic PS,1.04432e+16,2016,1,2,Road Accidents,Other,City/Town,Near Bus stop,Human Error,No,Simple Injury,Others,Police / Manual,Others,City or Town Road,Bitumen(Tar),Dry,Not Applicable,Fine,"Market road, Basavanagudi",Near Bustop,400 m,12.9421813,77.5721231,0,0,0.0,0.0
Bengaluru City,Basavanagudi Traffic PS,1.04432e+16,2016,1,2,Road Accidents,Junction,City/Town,Near School or College,Not Applicable,Yes,Simple Injury,Others,Not Applicable,Others,City or Town Road,Not Applicable,Others,Not Applicable,Others,BT ROAD,NR COLONY,1 KM,0.0,0.0,0,1,0.0,1.0
Bengaluru City,Basavanagudi Traffic PS,1.04432e+16,2016,1,1,Road Accidents,Other,City/Town,In bazaar,Human Error,Yes,Simple Injury,Others,Police / Manual,Others,City or Town Road,Bitumen(Tar),Dry,Not Applicable,Fine,"Opp Bhata Showroom, 80 Feet road, Srinivasa Nagar",Near Bus Stop,2 KM,0.0,0.0,0,0,0.0,0.0
Bengaluru City,Basavanagudi Traffic PS,1.04432e+16,2016,1,2,Road Accidents,Other,City/Town,Near Bus stop,Human Error,No,Simple Injury,Others,Police / Manual,Others,City or Town Road,Bitumen(Tar),Dry,Not Applicable,Fine,"3rd cross, ana shankaramata main road junction.",Near Bus Stop,1.5 KM,0.0,0.0,0,0,0.0,0.0
Bengaluru City,Basavanagudi Traffic PS,1.04432e+16,2016,1,2,Road Accidents,Junction,City/Town,Near Bus stop,Human Error,No,Simple Injury,Others,Police / Manual,Not Applicable,City or Town Road,Bitumen(Tar),Dry,Not Applicable,Fine,"RV Road, Khaji Street Junction",Near Bus Stop,0.5 km,0.0,0.0,0,0,0.0,0.0
Bengaluru City,Basavanagudi Traffic PS,1.04432e+16,2016,1,2,Road Accidents,Other,City/Town,Near Bus stop,Human Error,No,Simple Injury,Others,Not at  Junction,Others,City or Town Road,Bitumen(Tar),Dry,Not Applicable,Fine,Shankaramath road Near Rangadhore hospital,Nar Rangadore Hospital,1 km,0.0,0.0,0,0,0.0,0.0
Bengaluru City,Basavanagudi Traffic PS,1.04432e+16,2016,1,2,Road Accidents,Other,City/Town,Near Bus stop,Human Error,No,Simple Injury,Others,Not at  Junction,Others,City or Town Road,Bitumen(Tar),Dry,Not Applicable,Fine,Opp MRP Wine Shop South end circle,Near Bus Stop,300m,0.0,0.0,0,0,0.0,0.0
Bengaluru City,Basavanagudi Traffic PS,1.04432e+16,2016,1,2,Road Accidents,Junction,City/Town,Near Bus stop,Human Error,No,Simple Injury,Others,Police / Manual,Others,City or Town Road,Bitumen(Tar),Dry,Not Applicable,Fine,"Yadiyuru Circle, Basavanagudi",Near Bus Stop,0.5,0.0,0.0,0,0,0.0,0.0
Bengaluru City,Basavanagudi Traffic PS,1.04432e+16,2016,1,2,Road Accidents,Offset,City/Town,Near Bus stop,Human Error,No,Damage Only,Others,Not at  Junction,Others,City or Town Road,Bitumen(Tar),Dry,Not Applicable,Fine,"Near Rama Temple, Kathriguppe main road, hanumanthanagara",Near Bus Stop,1.5km,0.0,0.0,0,0,0.0,0.0
Bengaluru City,Basavanagudi Traffic PS,1.04432e+16,2016,1,2,Road Accidents,Junction,City/Town,Near School or College,Human Error,No,Damage Only,Others,Signal lights Automatic,Others,City or Town Road,Bitumen(Tar),Dry,Not Applicable,Others,KR ROAD,NATIONAL COLLAGE,0.600K,0.0,0.0,0,0,0.0,0.0
Bengaluru City,Basavanagudi Traffic PS,1.04432e+16,2016,1,2,Road Accidents,Other,City/Town,Near Petrol Pump,Human Error,No,Grievous Injury,Others,Not at  Junction,Not Applicable,Others,Bitumen(Tar),Dry,Not Applicable,Fine,OLD KANAKAPURA ROAD,Near HP Petrol Pump,500KM,0.0,0.0,0,0,0.0,0.0
Bengaluru City,Basavanagudi Traffic PS,1.04432e+16,2016,1,1,Road Accidents,Other,City/Town,Near Bus stop,Human Error,No,Simple Injury,Others,Not at  Junction,Others,City or Town Road,Bitumen(Tar),Dry,Not Applicable,Fine,"Opp Natyadhare Dnace School, 3rd cross, N R Colony",Near Bus Stop,400m,0.0,0.0,0,0,0.0,0.0
Bengaluru City,Basavanagudi Traffic PS,1.04432e+16,2016,1,1,Road Accidents,Other,City/Town,Near Bus stop,Human Error,Yes,Grievous Injury,Hit pedestrian,Not at  Junction,Others,City or Town Road,Bitumen(Tar),Dry,Not Applicable,Fine,"Infront of Brundavana School, Brundavana Nagara",Near Bus Stop,2 Km,0.0,0.0,0,0,0.0,0.0
Bengaluru City,Basavanagudi Traffic PS,1.04432e+16,2016,1,2,Rail Road Accidents,Junction,City/Town,Near Bus stop,Human Error,Yes,Grievous Injury,Others,Police / Manual,Others,City or Town Road,Bitumen(Tar),Dry,Not Applicable,Fine,"Venakteswara Temple Junction, Srinagara",Near Bus Stop,3km,0.0,0.0,0,0,0.0,0.0
Bengaluru City,Basavanagudi Traffic PS,1.04432e+16,2016,1,1,Road Accidents,Junction,City/Town,Near Bus stop,Human Error,Yes,Grievous Injury,Others,Police / Manual,Others,City or Town Road,Bitumen(Tar),Dry,No influence on accident,Fine,"Near Karanji Circle,",Near Bus Stop,600m,0.0,0.0,0,0,0.0,0.0
Bengaluru City,Basavanagudi Traffic PS,1.04432e+16,2016,1,1,Road Accidents,Circle,City/Town,Near Bus stop,Human Error,No,Grievous Injury,Others,Not at  Junction,Others,City or Town Road,Bitumen(Tar),Dry,Not Applicable,Fine,"Subbramachetty rd, Nettakallappa circle, Op karanataka Bank",Opp Karnataka Bank,500m,0.0,0.0,0,0,0.0,0.0
Bengaluru City,Basavanagudi Traffic PS,1.04432e+16,2016,1,2,Road Accidents,Other,City/Town,Near School or College,Human Error,Not Applicable,Grievous Injury,Others,Controlled,Others,City or Town Road,Bitumen(Tar),Dry,Not Applicable,Fine,80 Feet road Hanumanthanagar,Near PES Collage,2 km,0.0,0.0,0,0,0.0,0.0
Bengaluru City,Basavanagudi Traffic PS,1.04432e+16,2016,1,1,Road Accidents,Other,City/Town,Near Bus stop,Human Error,Yes,Grievous Injury,Others,Not at  Junction,Others,City or Town Road,Bitumen(Tar),Others,Not Applicable,Flooding of Slipways/Rivulets,Opp Srinagara Nursing home,Bus stop,3km,0.0,0.0,0,1,0.0,1.0
Bengaluru City,Basavanagudi Traffic PS,1.04432e+16,2016,1,1,Road Accidents,Circle,City/Town,In bazaar,Human Error,No,Simple Injury,Others,Police / Manual,Others,City or Town Road,Bitumen(Tar),Dry,Not Applicable,Fine,"Vidhyapeeta Circle, Hanumantha Nagar",Near Bus Stop,3 KM,12.93589,77.56016,0,0,0.0,0.0
Bengaluru City,Basavanagudi Traffic PS,1.04432e+16,2016,1,1,Road Accidents,Other,City/Town,At pedestrian Crossing,Not Applicable,Not Applicable,Fatal,Hit pedestrian,Not Applicable,Others,City or Town Road,Bitumen(Tar),Dry,Not Applicable,Fine,Opp Abhinandhan Textiles Ramanjaneya Guddada Road,Abhinandhan Textiles,3 KM,12.563942,77.332057,0,0,0.0,0.0
Bengaluru City,Basavanagudi Traffic PS,1.04432e+16,2016,1,2,Road Accidents,Junction,City/Town,Residential area,Not Applicable,No,Simple Injury,Not Applicable,Controlled,Others,City or Town Road,Not Applicable,Others,Not Applicable,Others,6TH MAIN & 6TH CROSS NR COLONY,JUNCTION,1KM,0.0,0.0,0,1,0.0,1.0
Bengaluru City,Basavanagudi Traffic PS,1.04432e+16,2016,1,1,Road Accidents,Other,City/Town,Near a religious place,Human Error,Yes,Simple Injury,Hit and Run,Uncontrolled,Others,City or Town Road,Bitumen(Tar),Dry,Not Applicable,Others,MUNESHWARA BLOCK MAIN ROAD,RAGHAVENDRA SWAMI TEMPLE,2KM,0.0,0.0,0,0,0.0,0.0
Bengaluru City,Basavanagudi Traffic PS,1.04432e+16,2016,1,2,Road Accidents,Offset,City/Town,Near Bus stop,Human Error,No,Grievous Injury,Others,Not at  Junction,Others,City or Town Road,Bitumen(Tar),Dry,Not Applicable,Fine,"3rd mn rd, Srinivasa nagara",Near Bus Stop,2 Km,0.0,0.0,0,0,0.0,0.0
Bengaluru City,Basavanagudi Traffic PS,1.04432e+16,2016,1,2,Road Accidents,Junction,City/Town,Near Bus stop,Human Error,Yes,Grievous Injury,Not Applicable,Police / Manual,Others,City or Town Road,Bitumen(Tar),Dry,Not Applicable,Fine,5th mn Chamarajapete,Near Bus Stop,1.5km,0.0,0.0,0,0,0.0,0.0
Bengaluru City,Basavanagudi Traffic PS,1.04432e+16,2016,1,2,Road Accidents,Junction,City/Town,Near office complex,Human Error,Yes,Simple Injury,Others,Police / Manual,Others,City or Town Road,Bitumen(Tar),Dry,Not Applicable,Fine,"Sindicate Bank junction, Basvanagudi",Near Office Complex,300m,0.0,0.0,0,0,0.0,0.0
Bengaluru City,Basavanagudi Traffic PS,1.04432e+16,2016,1,2,Road Accidents,Other,City/Town,Near a religious place,Human Error,Yes,Simple Injury,Others,Police / Manual,Others,Others,Bitumen(Tar),Dry,Not Applicable,Fine,"K R Road, Behind Ganesha Temple, Nettakallappa circle",Near Temple,0.5 km,0.0,0.0,0,0,0.0,0.0
Bengaluru City,Basavanagudi Traffic PS,1.04432e+16,2016,1,2,Road Accidents,Other,City/Town,Near Bus stop,Human Error,Yes,Simple Injury,Others,Police / Manual,Others,City or Town Road,Bitumen(Tar),Dry,Not Applicable,Fine,"Near lakshmi Narasimha Swamy Temple, Viydapeeta",Near Temple,3 km,12.9715987,77.5945627,0,0,0.0,0.0
Bengaluru City,Basavanagudi Traffic PS,1.04432e+16,2016,1,3,Road Accidents,Other,City/Town,Near Bus stop,Human Error,Not Applicable,Simple Injury,Others,Police / Manual,Others,Others,Bitumen(Tar),Dry,Not Applicable,Fine,"Uttaradhimatt road & 2nd cross Junction, Shankarapura",Near Bus Stop,1.2 KM,12.9510339,77.5713793,0,0,0.0,0.0
Bengaluru City,Basavanagudi Traffic PS,1.04432e+16,2016,1,1,Road Accidents,Not Applicable,City/Town,Near School or College,Not Applicable,Not Applicable,Damage Only,Others,Uncontrolled,Others,City or Town Road,Not Applicable,Others,Not Applicable,Others,SRINAGARA,GOVT SCHOOL,2 KM,0.0,0.0,0,1,0.0,1.0
Bengaluru City,Basavanagudi Traffic PS,1.04432e+16,2016,1,2,Road Accidents,Circle,City/Town,Near Bus stop,Not Applicable,No,Damage Only,Others,Signal lights Manual,Curve,City or Town Road,Not Applicable,Others,Not Applicable,Others,KR ROAD,DM JUNCTION,0.1,0.0,0.0,0,1,0.0,1.0
Bengaluru City,Basavanagudi Traffic PS,1.04432e+16,2016,1,2,Not Applicable,Other,City/Town,Near Bus stop,Human Error,No,Not Applicable,Others,Signal lights Manual,Others,City or Town Road,Bitumen(Tar),Dry,Not Applicable,Fine,"R V Circle, Basavanagudi",Near Bus Stop,500 m,0.0,0.0,0,0,0.0,0.0
Bengaluru City,Basavanagudi Traffic PS,1.04432e+16,2016,1,2,Road Accidents,Junction,City/Town,Near office complex,Human Error,Yes,Simple Injury,Others,Controlled,Others,City or Town Road,Bitumen(Tar),Dry,Not Applicable,Fine,"Syndicate Bank junction, Basavanagudi",Near Syndicate Bank,200m,0.0,0.0,0,0,0.0,0.0
Bengaluru City,Basavanagudi Traffic PS,1.04432e+16,2016,1,2,Road Accidents,Other,City/Town,Near Bus stop,Human Error,Not Applicable,Simple Injury,Others,Police / Manual,Others,City or Town Road,Bitumen(Tar),Dry,Not Applicable,Fine,"Ramanjaneya Gudda road, Hanumanthanagar",Near Bus Stop,2 KM,0.0,0.0,0,0,0.0,0.0
Bengaluru City,Basavanagudi Traffic PS,1.04432e+16,2016,1,2,Road Accidents,Other,City/Town,Near Bus stop,Human Error,No,Not Applicable,Others,Police / Manual,Others,Others,Bitumen(Tar),Dry,Not Applicable,Fine,"KG Nagara Main road, KG nagar",Near Bus Stop,2 km,12.9520115,77.5642994,0,0,0.0,0.0
Bengaluru City,Basavanagudi Traffic PS,1.04432e+16,2017,1,2,Road Accidents,Narrow road,City/Town,Residential area,Human Error,No,Fatal,Head on,Not at  Junction,Incline,Others,Bitumen(Tar),Dry,Not Applicable,Clear,80Feet road,Bata show room,50 ft,12.938302,77.556697,0,0,0.0,0.0
Bengaluru City,Basavanagudi Traffic PS,1.04432e+16,2017,1,1,Road Accidents,Junction,City/Town,At pedestrian Crossing,Human Error,Yes,Fatal,Hit and Run,Signal lights Automatic,Incline,Others,Bitumen(Tar),Dry,Not Applicable,Fine,vanivilas road,Metro Pillor 114,15 ft,12.948587,77.577187,0,0,0.0,0.0
Bengaluru City,Basavanagudi Traffic PS,1.04432e+16,2017,1,2,Road Accidents,Narrow road,City/Town,Near Hospital,Human Error,No,Damage Only,Run Off Road,Not at  Junction,Incline,Others,Bitumen(Tar),Dry,Not Applicable,Fine,Kanakanapalya road,Sri Krishan Drashini hotel,30 ft,12.943649,77.579447,0,0,0.0,0.0
Bengaluru City,Basavanagudi Traffic PS,1.04432e+16,2017,1,2,Road Accidents,Junction,City/Town,Open area,Human Error,Yes,Grievous Injury,Right Turn Collision,Uncontrolled,Not Applicable,Others,Bitumen(Tar),Dry,Not Applicable,Clear,Seetha Ramaiah road,Sai Ram enter pricess,15 ft,12.943498,77.56586,0,0,0.0,0.0
Bengaluru City,Basavanagudi Traffic PS,1.04432e+16,2017,1,2,Road Accidents,Junction,City/Town,Near Petrol Pump,Human Error,No,Grievous Injury,Head on,Signal lights Blinking,Incline,Others,Bitumen(Tar),Dry,Not Applicable,Fine,K R Road,Petrol bunk,30 ft,12.948264,77.573741,0,0,0.0,0.0
Bengaluru City,Basavanagudi Traffic PS,1.04432e+16,2017,1,2,Road Accidents,Junction,City/Town,Near Bus stop,Human Error,Yes,Simple Injury,Hit and Run,Signal lights Automatic,Others,City or Town Road,Bitumen(Tar),Dry,Not Applicable,Clear,Vanivilas road,Metro pillar,20 yar,0.0,0.0,0,0,0.0,0.0
Bengaluru City,Basavanagudi Traffic PS,1.04432e+16,2017,1,2,Road Accidents,Other,City/Town,Near Bus stop,Human Error,No,Grievous Injury,Others,Police / Manual,Others,City or Town Road,Bitumen(Tar),Dry,Not Applicable,Fine,"5th main road, Chamarajapete",Near Bus Stop,2 km,0.0,0.0,0,0,0.0,0.0