DISTRICTNAME,UNITNAME,Crime_No,Year,RI,Noofvehicle_involved,Accident_Classification,Accident_Spot,Accident_Location,Accident_SubLocation,Main_Cause,Hit_Run,Severity,Collision_Type,Junction_Control,Road_Character,Road_Type,Surface_Type,Surface_Condition,Road_Condition,Weather,Accident_Road,Landmark_first,Distance_LandMark_First,Latitude,Longitude,Road_Condition_Score,Surface_Condition_Score,Surface_Type_Score,Road_Risk_Index
Bengaluru City,Basavanagudi Traffic PS,1.04432e+16,2017,1,1,Road Accidents,Junction,City/Town,Near a religious place,Human Error,Yes,Grievous Injury,Hit pedestrian,Controlled,Incline,Others,Bitumen(Tar),Dry,Not Applicable,Fine,Bull temple road,Halli tindi hotel,40 ft,0.0,0.0,0,0,0.0,0.0
Bengaluru City,Basavanagudi Traffic PS,1.04432e+16,2017,1,2,Road Accidents,Junction,City/Town,Near Hospital,Human Error,No,Simple Injury,Rear end,Uncontrolled,Curve,Others,Bitumen(Tar),Dry,Not Applicable,Clear,Kanakapura road,Gunasheela nursing home,60 ft,12.931021,77.585556,0,0,0.0,0.0
Bengaluru City,Basavanagudi Traffic PS,1.04432e+16,2017,1,1,Road Accidents,Culvert,City/Town,Near School or College,Human Error,No,Fatal,Others,Uncontrolled,Incline,City or Town Road,Bitumen(Tar),Dry,Not Applicable,Fine,Vanivilas road,National collage,80 yar,12.948187,77.57555,0,0,0.0,0.0
Bengaluru City,Basavanagudi Traffic PS,1.04432e+16,2017,1,2,Road Accidents,Narrow road,City/Town,Near office complex,Human Error,No,Damage Only,Rear end,Not at  Junction,Incline,Others,Bitumen(Tar),Dry,Not Applicable,Fine,Chandragupta mourya road Bhavani nagara,Ranaveer marketing,10 ft,0.0,0.0,0,0,0.0,0.0
Bengaluru City,Basavanagudi Traffic PS,1.04432e+16,2017,1,2,Road Accidents,Junction,City/Town,In bazaar,Human Error,Yes,Fatal,Hit and Run,Uncontrolled,Incline,Residential Street,Bitumen(Tar),Dry,Not Applicable,Fine,NET Street,KC Dass,15 ft,12.943637,77.570314,0,0,0.0,0.0
Bengaluru City,Basavanagudi Traffic PS,1.04432e+16,2017,1,2,Road Accidents,Other,City/Town,Near Bus stop,Human Error,Yes,Grievous Injury,Others,Controlled,Others,City or Town Road,Bitumen(Tar),Dry,Not Applicable,Fine,"Rijaar Vayar Street road, K R Road Junction, Basavanagudi",Near Bus Stop,0.2 KM,0.0,0.0,0,0,0.0,0.0
Bengaluru City,Basavanagudi Traffic PS,1.04432e+16,2017,1,2,Road Accidents,Junction,City/Town,Residential area,Human Error,No,Simple Injury,Right Turn Collision,Uncontrolled,Incline,Others,Bitumen(Tar),Dry,Not Applicable,Fine,Ganagamma temple road,Bilding,35 ft,0.0,0.0,0,0,0.0,0.0
Bengaluru City,Basavanagudi Traffic PS,1.04432e+16,2017,1,2,Road Accidents,Narrow road,City/Town,In bazaar,Human Error,No,Simple Injury,Rear end,Not at  Junction,Incline,Others,Bitumen(Tar),Dry,Not Applicable,Fine,K R Road,Nandanavana park,45 ft,12.934429,77.577767,0,0,0.0,0.0
Bengaluru City,Basavanagudi Traffic PS,1.04432e+16,2017,1,1,Rail Road Accidents,Narrow road,City/Town,Near Hospital,Human Error,No,Grievous Injury,Hit pedestrian,Not Applicable,Others,Others,Bitumen(Tar),Dry,Not Applicable,Fine,Bull temple road,Shekhar Hospital,15 ft,0.0,0.0,0,0,0.0,0.0
Bengaluru City,Basavanagudi Traffic PS,1.04432e+16,2017,1,2,Road Accidents,Narrow road,City/Town,Near Hospital,Human Error,Yes,Grievous Injury,Hit and Run,Uncontrolled,Others,City or Town Road,Bitumen(Tar),Others,Not Applicable,Others,Kamala nursing home road,Kamala nursing home,2km,0.0,0.0,0,1,0.0,1.0
Bengaluru City,Basavanagudi Traffic PS,1.04432e+16,2017,1,2,Road Accidents,Junction,City/Town,Near School or College,Human Error,Not Applicable,Grievous Injury,Others,Controlled,Others,City or Town Road,Bitumen(Tar),Dry,Not Applicable,Fine,R.V Teachers collage,Near collage,1km,0.0,0.0,0,0,0.0,0.0
Bengaluru City,Basavanagudi Traffic PS,1.04432e+16,2017,1,2,Road Accidents,Narrow road,City/Town,Residential area,Human Error,No,Fatal,Others,Not at  Junction,Not Applicable,Others,Bitumen(Tar),Dry,Not Applicable,Fine,Bamdimahakalamma temple street KG Nagara,Bandimamkalamma temple,100ft,12.565436,77.33307,0,0,0.0,0.0
Bengaluru City,Basavanagudi Traffic PS,1.04432e+16,2017,1,2,Road Accidents,Narrow road,City/Town,Near Hospital,Human Error,No,Grievous Injury,Rear end,Not at  Junction,Incline,Others,Bitumen(Tar),Dry,Not Applicable,Fine,7th cross Ashok nagara,Near Karthik Netralaya,100 ft,12.937802,77.565042,0,0,0.0,0.0
Bengaluru City,Basavanagudi Traffic PS,1.04432e+16,2017,1,2,Road Accidents,Narrow road,City/Town,Near office complex,Human Error,No,Damage Only,Side swipe,Not at  Junction,Incline,Others,Bitumen(Tar),Dry,Not Applicable,Fine,KG Nagara main road,K G Nagara ps,50ft,12.9493184,77.5631367,0,0,0.0,0.0
Bengaluru City,Basavanagudi Traffic PS,1.04432e+16,2017,1,1,Road Accidents,Junction,City/Town,In bazaar,Human Error,No,Fatal,Hit pedestrian,Uncontrolled,Incline,Others,Bitumen(Tar),Dry,Not Applicable,Fine,Katriguppe main road,Opp Pavitra sweets and condiments,30 ft,12.936631,77.56213,0,0,0.0,0.0
Bengaluru City,Basavanagudi Traffic PS,1.04432e+16,2017,1,2,Road Accidents,Junction,City/Town,Near Hospital,Human Error,No,Grievous Injury,Others,Uncontrolled,Incline,Others,Bitumen(Tar),Dry,Not Applicable,Fine,K R Road and  Modal house street junction,Cavery Hand looms,15 ft,12.937675,77.573952,0,0,0.0,0.0
Bengaluru City,Basavanagudi Traffic PS,1.04432e+16,2017,1,2,Road Accidents,Junction,City/Town,Near Bus stop,Human Error,No,Grievous Injury,Side swipe,Uncontrolled,Incline,Others,Bitumen(Tar),Dry,Not Applicable,Fine,S C Road,Prabhu Farm,45,12.939555,77.572283,0,0,0.0,0.0
Bengaluru City,Basavanagudi Traffic PS,1.04432e+16,2017,1,2,Road Accidents,Other,City/Town,Near a religious place,Human Error,No,Simple Injury,Others,Police / Manual,Others,City or Town Road,Bitumen(Tar),Dry,Not Applicable,Fine,"Near Madduramma Temple, Kalidasa Layout",Near Bus Stop,3 km,0.0,0.0,0,0,0.0,0.0
Bengaluru City,Basavanagudi Traffic PS,1.04432e+16,2017,1,2,Road Accidents,Narrow road,City/Town,Open area,Human Error,No,Grievous Injury,Rear end,Not at  Junction,Not Applicable,Others,Bitumen(Tar),Dry,Not Applicable,Clear,Azad nagara main road,Jinkepark gate,50ft,0.0,0.0,0,0,0.0,0.0
Bengaluru City,Basavanagudi Traffic PS,1.04432e+16,2017,1,2,Road Accidents,Narrow road,City/Town,Near Hospital,Human Error,No,Damage Only,Hit parked vehicle,Not at  Junction,Incline,Others,Bitumen(Tar),Dry,Not Applicable,Fine,BULL TEMPLE ROAD,PUBLIC TOILET,15 ft,12.9416079,77.566883,0,0,0.0,0.0
Bengaluru City,Basavanagudi Traffic PS,1.04432e+16,2017,1,3,Road Accidents,Junction,City/Town,Near Bus stop,Human Error,No,Grievous Injury,Others,Signal lights Automatic,Incline,Others,Bitumen(Tar),Dry,Not Applicable,Fine,S C Road,Near BMTC Bus stop 50 ft,50 ft,12.939137,77.571522,0,0,0.0,0.0
Bengaluru City,Basavanagudi Traffic PS,1.04432e+16,2017,1,2,Road Accidents,Junction,City/Town,Residential area,Human Error,No,Grievous Injury,Others,Uncontrolled,Incline,Others,Bitumen(Tar),Dry,Not Applicable,Fine,Puttanna road And Mallikarjuna temple road junction,House no 80,25 ft,12.942412,77.57412,0,0,0.0,0.0
Bengaluru City,Basavanagudi Traffic PS,1.04432e+16,2017,1,2,Road Accidents,Junction,City/Town,In bazaar,Human Error,Yes,Simple Injury,Hit and Run,Uncontrolled,Curve,Others,Bitumen(Tar),Dry,Not Applicable,Clear,80 feet road Hanumantha nagara,Baby dool,50 ft,0.0,0.0,0,0,0.0,0.0
Bengaluru City,Basavanagudi Traffic PS,1.04432e+16,2017,1,2,Road Accidents,Junction,City/Town,Near School or College,Human Error,No,Damage Only,Others,Signal lights Blinking,Incline,Others,Bitumen(Tar),Dry,Not Applicable,Fine,Vanivilas road,BWSSB Office,60 ft,12.9486779,77.5723765,0,0,0.0,0.0
Bengaluru City,Basavanagudi Traffic PS,1.04432e+16,2017,1,1,Road Accidents,Circle,City/Town,Near Petrol Pump,Human Error,No,Fatal,Skidding or Self accident,Uncontrolled,Incline,Others,Bitumen(Tar),Dry,Not Applicable,Fine,Kanakapura road,Near Bambe house bilding,50 ft,12.944172,77.576898,0,0,0.0,0.0
Bengaluru City,Basavanagudi Traffic PS,1.04432e+16,2017,1,2,Road Accidents,T Junction,City/Town,Residential area,Human Error,No,Simple Injury,Others,Uncontrolled,Incline,Others,Bitumen(Tar),Dry,Not Applicable,Fine,4th main Hanumantha nagara,House no 06,25 ft,0.0,0.0,0,0,0.0,0.0
Bengaluru City,Basavanagudi Traffic PS,1.04432e+16,2017,1,2,Road Accidents,Narrow road,City/Town,Near office complex,Human Error,No,Fatal,Side impact or Right angle,Uncontrolled,Straight and flat,City or Town Road,Bitumen(Tar),Dry,Not Applicable,Fine,Kariyappa road,South thindi hotel,25 m,12.9385896,77.5755635,0,0,0.0,0.0
Bengaluru City,Basavanagudi Traffic PS,1.04432e+16,2017,1,2,Road Accidents,Narrow road,City/Town,In bazaar,Human Error,No,Grievous Injury,Rear end,Not at  Junction,Incline,Others,Bitumen(Tar),Dry,Not Applicable,Fine,80Feet road,Bata show room,20 ft,0.0,0.0,0,0,0.0,0.0
Bengaluru City,Basavanagudi Traffic PS,1.04432e+16,2017,1,2,Road Accidents,Narrow road,City/Town,Near Hospital,Human Error,No,Damage Only,Rear end,Not at  Junction,Incline,Others,Bitumen(Tar),Dry,Not Applicable,Fine,"Patalamma road,",AV Hospital,45 ft,0.0,0.0,0,0,0.0,0.0
Bengaluru City,Basavanagudi Traffic PS,1.04432e+16,2017,1,2,Road Accidents,Narrow road,City/Town,Near a religious place,Human Error,Yes,Grievous Injury,Hit and Run,Not at  Junction,Incline,Others,Bitumen(Tar),Dry,Not Applicable,Fine,R V Road,Lal bagh park Gate,40 ft,0.0,0.0,0,0,0.0,0.0
Bengaluru City,Basavanagudi Traffic PS,1.04432e+16,2017,1,2,Road Accidents,Junction,City/Town,Near School or College,Human Error,Not Applicable,Grievous Injury,Others,Controlled,Others,Others,Bitumen(Tar),Dry,Not Applicable,Fine,Buegal Rock road,Eat street road junction,3m km,0.0,0.0,0,0,0.0,0.0
Bengaluru City,Basavanagudi Traffic PS,1.04432e+16,2017,1,1,Road Accidents,Narrow road,City/Town,Near Hospital,Human Error,Yes,Grievous Injury,Hit pedestrian,Not at  Junction,Incline,Others,Bitumen(Tar),Dry,Not Applicable,Clear,Ramanjaneya guddada road,Med plus,20ft,12.9445922,77.563165,0,0,0.0,0.0
Bengaluru City,Basavanagudi Traffic PS,1.04432e+16,2017,1,1,Road Accidents,Narrow road,City/Town,Residential area,Human Error,No,Grievous Injury,Hit pedestrian,Not at  Junction,Incline,Others,Bitumen(Tar),Dry,Not Applicable,Fine,Bankima Chatarji road,Nandini milk booth,15 ft,0.0,0.0,0,0,0.0,0.0
Bengaluru City,Basavanagudi Traffic PS,1.04432e+16,2017,1,2,Road Accidents,Other,City/Town,Near Bus stop,Human Error,Not Applicable,Grievous Injury,Others,Controlled,Others,City or Town Road,Bitumen(Tar),Dry,Not Applicable,Fine,5th main Chamarajapete,Near Bustop,1.5 KM,0.0,0.0,0,0,0.0,0.0
Bengaluru City,Basavanagudi Traffic PS,1.04432e+16,2017,1,2,Road Accidents,Junction,City/Town,Open area,Human Error,No,Grievous Injury,Others,Uncontrolled,Incline,Others,Bitumen(Tar),Dry,Not Applicable,Fine,N R Colony 6th main and 7th cross Junction,Junction,25 ft,12.937711,77.565987,0,0,0.0,0.0
Bengaluru City,Basavanagudi Traffic PS,1.04432e+16,2017,1,2,Road Accidents,Junction,City/Town,Open area,Human Error,No,Grievous Injury,Others,Uncontrolled,Incline,Others,Bitumen(Tar),Dry,Not Applicable,Fine,K R Road,Mangala sadana,35 ft,12.939038,77.57386,0,0,0.0,0.0
Bengaluru City,Basavanagudi Traffic PS,1.04432e+16,2017,1,1,Road Accidents,Narrow road,City/Town,In bazaar,Human Error,No,Simple Injury,Hit pedestrian,Not at  Junction,Incline,Others,Bitumen(Tar),Dry,Not Applicable,Fine,DVG Road,Chardet account office,15 ft,0.0,0.0,0,0,0.0,0.0
Bengaluru City,Basavanagudi Traffic PS,1.04432e+16,2017,1,2,Road Accidents,Narrow road,City/Town,Near Bus stop,Human Error,No,Fatal,Others,Uncontrolled,Hump,City or Town Road,Bitumen(Tar),Dry,Not Applicable,Others,KR ROAD,NEAR POLICE STN,0.25KM,12.9418762,77.5738973,0,0,0.0,0.0
Bengaluru City,Basavanagudi Traffic PS,1.04432e+16,2017,1,2,Road Accidents,Other,City/Town,Near Bus stop,Human Error,Not Applicable,Grievous Injury,Others,Uncontrolled,Others,City or Town Road,Bitumen(Tar),Others,Not Applicable,Others,BULL TEMPLE ROAD,Halli Thindi Hotel,1.5 km,12.943388,77.568184,0,1,0.0,1.0
Bengaluru City,Basavanagudi Traffic PS,1.04432e+16,2017,1,1,Road Accidents,Narrow road,City/Town,In bazaar,Human Error,Yes,Grievous Injury,Hit pedestrian,Uncontrolled,Incline,City or Town Road,Bitumen(Tar),Dry,Not Applicable,Clear,50 Feet road Hanumantha nagara,Disha medicals,30 yar,0.0,0.0,0,0,0.0,0.0
Bengaluru City,Basavanagudi Traffic PS,1.04432e+16,2017,1,1,Road Accidents,Other,City/Town,Near a religious place,Human Error,Yes,Simple Injury,Others,Police / Manual,Others,Others,Bitumen(Tar),Dry,Not Applicable,Fine,"Near Madduramma Temple, Sringar main road",near Madduramma temple,2 km,12.946402,77.0555469,0,0,0.0,0.0
Bengaluru City,Basavanagudi Traffic PS,1.04432e+16,2017,1,2,Road Accidents,Other,City/Town,Near Bus stop,Human Error,Not Applicable,Grievous Injury,Others,Police / Manual,Others,Others,Bitumen(Tar),Dry,Not Applicable,Fine,"Junction 12th main, Kalidasa Layout, Srinagara,",Near Bus Stop,03 KM,12.948313,77.551894,0,0,0.0,0.0
Bengaluru City,Basavanagudi Traffic PS,1.04432e+16,2017,1,1,Road Accidents,Narrow road,City/Town,In bazaar,Human Error,No,Grievous Injury,Hit pedestrian,Uncontrolled,Straight and flat,City or Town Road,Bitumen(Tar),Dry,Not Applicable,Fine,80 Feet road Hanumanthanagar,Baby doll cloth store,30cm,12.9300696,77.5524612,0,0,0.0,0.0
Bengaluru City,Basavanagudi Traffic PS,1.04432e+16,2017,1,2,Road Accidents,Junction,City/Town,Open area,Human Error,No,Simple Injury,Overturning,Uncontrolled,Incline,Others,Bitumen(Tar),Dry,Not Applicable,Clear,K R Road,Printing press,50 ft,0.0,0.0,0,0,0.0,0.0
Bengaluru City,Basavanagudi Traffic PS,1.04432e+16,2017,1,3,Road Accidents,Junction,City/Town,Near Hospital,Human Error,No,Grievous Injury,Head on,Uncontrolled,Incline,Others,Bitumen(Tar),Dry,Not Applicable,Fine,H B Samaja road and Govindappa road,Bharath dental hospital,07ft,12.946604,77.574669,0,0,0.0,0.0
Bengaluru City,Basavanagudi Traffic PS,1.04432e+16,2017,1,2,Road Accidents,Narrow road,City/Town,Near Bus stop,Human Error,No,Simple Injury,Rear end,Not at  Junction,Incline,Others,Bitumen(Tar),Dry,Not Applicable,Fine,50 Ft road Hanumantha nagara,Near Nirmala store bus stop,50 ft,12.941625,77.558021,0,0,0.0,0.0
Bengaluru City,Basavanagudi Traffic PS,1.04432e+16,2017,1,2,Road Accidents,Narrow road,City/Town,Near School or College,Human Error,Yes,Simple Injury,Hit and Run,Not at  Junction,Incline,Others,Bitumen(Tar),Dry,Not Applicable,Fine,South end road,Surana collage,50ft,12.936945,77.578056,0,0,0.0,0.0
Bengaluru City,Basavanagudi Traffic PS,1.04432e+16,2017,1,1,Road Accidents,Junction,City/Town,Near Bus stop,Human Error,Not Applicable,Grievous Injury,Hit pedestrian,Uncontrolled,Incline,Others,Bitumen(Tar),Dry,Not Applicable,Fine,4th Main N R Colony and 7th cross N R Colony junction,Kumara bhavana hptel,40 ft,0.0,0.0,0,0,0.0,0.0
Bengaluru City,Basavanagudi Traffic PS,1.04432e+16,2017,1,2,Road Accidents,Junction,City/Town,In bazaar,Human Error,No,Grievous Injury,Others,Uncontrolled,Incline,Others,Bitumen(Tar),Dry,Not Applicable,Fine,Bull temple road,Pizza Hut,15 ft,0.0,0.0,0,0,0.0,0.0
Bengaluru City,Basavanagudi Traffic PS,1.04432e+16,2017,1,2,Road Accidents,Narrow road,City/Town,In bazaar,Human Error,No,Grievous Injury,Rear end,Not at  Junction,Incline,Others,Bitumen(Tar),Dry,Not Applicable,Fine,4th cross Hanumantha nagara,Sanjeevini ENT Clinic,25 ft,0.0,0.0,0,0,0.0,0.0
Bengaluru City,Basavanagudi Traffic PS,1.04432e+16,2017,1,2,Road Accidents,Other,City/Town,Near Bus stop,Human Error,Not Applicable,Fatal,Others,Police / Manual,Others,City or Town Road,Bitumen(Tar),Dry,Not Applicable,Fine,"Sri Nagara Mori road, Gutte school road juntion srinagara",Near Bustop,3 km,0.0,0.0,0,0,0.0,0.0
Bengaluru City,Basavanagudi Traffic PS,1.04432e+16,2017,1,2,Road Accidents,Other,City/Town,Near Bus stop,Human Error,Not Applicable,Grievous Injury,Others,Police / Manual,Others,Others,Bitumen(Tar),Dry,Not Applicable,Fine,80 Feet road Hanumanthanagar,Near baby Doll cloth Shop Srinivasanagar,1.5 KM,12.973233,77.646818,0,0,0.0,0.0
Bengaluru City,Basavanagudi Traffic PS,1.04432e+16,2017,1,2,Road Accidents,Curves,City/Town,In bazaar,Human Error,Yes,Simple Injury,Hit and Run,Not at  Junction,Incline,Others,Bitumen(Tar),Dry,Not Applicable,Fine,80Feet road,Rajaram cloth,20 ft,12.945435,77.57132,0,0,0.0,0.0
Bengaluru City,Basavanagudi Traffic PS,1.04432e+16,2017,1,1,Road Accidents,Junction,City/Town,Residential area,Human Error,No,Grievous Injury,Hit pedestrian,Uncontrolled,Curve,Others,Bitumen(Tar),Dry,Not Applicable,Clear,4th cross and 9th main Hanumantha nagara,Mukunda traders,25 ft,12.9435429,77.5600077,0,0,0.0,0.0
Bengaluru City,Basavanagudi Traffic PS,1.04432e+16,2017,1,2,Road Accidents,Junction,City/Town,Residential area,Human Error,No,Grievous Injury,Others,Uncontrolled,Incline,Others,Bitumen(Tar),Dry,Not Applicable,Fine,Gavipuram,Board,20 ft,12.947113,77.0566091,0,0,0.0,0.0
Bengaluru City,Basavanagudi Traffic PS,1.04432e+16,2017,1,1,Road Accidents,Junction,City/Town,Near a religious place,Human Error,No,Damage Only,Others,Signal lights Manual,Curve,Others,Bitumen(Tar),Dry,Not Applicable,Fine,Vanivilas road,SLV Hotel,35 FT,12.94844,77.567477,0,0,0.0,0.0
Bengaluru City,Basavanagudi Traffic PS,1.04432e+16,2017,1,2,Road Accidents,Junction,City/Town,Near Petrol Pump,Human Error,No,Grievous Injury,Others,Signal lights Blinking,Incline,Others,Bitumen(Tar),Dry,Not Applicable,Fine,R V Road,BBMP Power pole,35 ft,0.0,0.0,0,0,0.0,0.0
Bengaluru City,Basavanagudi Traffic PS,1.04432e+16,2017,1,1,Road Accidents,Other,City/Town,Near Bus stop,Human Error,No,Grievous Injury,Hit pedestrian,Controlled,Others,City or Town Road,Bitumen(Tar),Dry,Not Applicable,Fine,"VAnivilasa and Shankaramatt road Junction, Shankarapura",Near Bus Stop,1.5 km,12.948107,77.570239,0,0,0.0,0.0
Bengaluru City,Basavanagudi Traffic PS,1.04432e+16,2017,1,2,Road Accidents,Other,City/Town,Near Bus stop,Human Error,No,Grievous Injury,Others,Controlled,Others,City or Town Road,Bitumen(Tar),Dry,Not Applicable,Fine,"Opp ICICI Bank, 5th main, 5th cross",Near Bus Stop,0.5 KM,12.9379903,77.5686827,0,0,0.0,0.0
Bengaluru City,Basavanagudi Traffic PS,1.04432e+16,2017,1,2,Road Accidents,Other,City/Town,Near Bus stop,Human Error,Not Applicable,Simple Injury,Others,Police / Manual,Others,City or Town Road,Bitumen(Tar),Dry,Not Applicable,Fine,"50 Feet road, Near Ammas Facestreis, Hanumantha Nagar",Near Bus Stop,2 KM,12.563066,77.331483,0,0,0.0,0.0
Bengaluru City,Basavanagudi Traffic PS,1.04432e+16,2017,1,2,Road Accidents,Narrow road,City/Town,Open area,Human Error,Yes,Simple Injury,Hit and Run,Not Applicable,Incline,Others,Bitumen(Tar),Dry,Not Applicable,Fine,Kanakapura road,NMDC Office,40 ft,12.945252,77.576809,0,0,0.0,0.0
Bengaluru City,Basavanagudi Traffic PS,1.04432e+16,2017,1,8,Road Accidents,Other,City/Town,Near School or College,Human Error,Not Applicable,Damage Only,Others,Controlled,Others,City or Town Road,Surfaced,Dry,Not Applicable,Fine,PMK ROAD,Near Bus Stop,1km,0.0,0.0,0,0,,
Bengaluru City,Basavanagudi Traffic PS,1.04432e+16,2017,1,2,Road Accidents,Narrow road,City/Town,Residential area,Human Error,Yes,Simple Injury,Head on,Uncontrolled,Incline,City or Town Road,Bitumen(Tar),Dry,Not Applicable,Fine,10th main Srinivasa nagara,House no 856B,12 yar,0.0,0.0,0,0,0.0,0.0
Bengaluru City,Basavanagudi Traffic PS,1.04432e+16,2017,1,2,Road Accidents,Narrow road,City/Town,Near School or College,Human Error,Yes,Grievous Injury,Hit and Run,Not at  Junction,Incline,Others,Bitumen(Tar),Dry,Not Applicable,Fine,Kanakapura road,NGS SCHOOL,40 ft,12.942394,77.576853,0,0,0.0,0.0
Bengaluru City,Basavanagudi Traffic PS,1.04432e+16,2017,1,3,Road Accidents,Narrow road,City/Town,Open area,Human Error,No,Grievous Injury,Head on,Not Applicable,Incline,Others,Bitumen(Tar),Dry,Not Applicable,Clear,5th main Chamarajapete,Manjunatha condiments,45 ft,12.952337,77.556008,0,0,0.0,0.0
Bengaluru City,Basavanagudi Traffic PS,1.04432e+16,2017,1,2,Road Accidents,Narrow road,City/Town,In bazaar,Human Error,No,Grievous Injury,Others,Not at  Junction,Incline,Others,Bitumen(Tar),Dry,Not Applicable,Fine,5th main Chamarajapete,Maruthi entrer pricess,15 ft,12.956982,77.565873,0,0,0.0,0.0
Bengaluru City,Basavanagudi Traffic PS,1.04432e+16,2017,1,1,Road Accidents,Cross roads,City/Town,Residential area,Human Error,No,Grievous Injury,Hit pedestrian,Not at  Junction,Incline,Others,Bitumen(Tar),Dry,Not Applicable,Clear,K GNagara main road,Bolld bank,30 ft,12.9547518,77.5655761,0,0,0.0,0.0
Bengaluru City,Basavanagudi Traffic PS,1.04432e+16,2017,1,2,Road Accidents,Other,City/Town,Near Bus stop,Human Error,No,Grievous Injury,Others,Not at  Junction,Others,Others,Bitumen(Tar),Dry,Not Applicable,Fine,Shankaramath road,Near Bus Stop,500 KM,0.0,0.0,0,0,0.0,0.0
Bengaluru City,Basavanagudi Traffic PS,1.04432e+16,2017,1,1,Road Accidents,Other,City/Town,Near Petrol Pump,Human Error,No,Grievous Injury,Hit pedestrian,Not at  Junction,Incline,Others,Bitumen(Tar),Dry,Not Applicable,Fine,Buglule rock road,Asha sweets,50 ft,12.943635,77.57073,0,0,0.0,0.0
Bengaluru City,Basavanagudi Traffic PS,1.04432e+16,2018,1,2,Road Accidents,Narrow road,City/Town,In bazaar,Human Error,Yes,Grievous Injury,Hit and Run,Not at  Junction,Incline,Others,Bitumen(Tar),Dry,Not Applicable,Fine,Ktriguppe main road,BMS Hostel compound,25 ft,12.940012,77.564415,0,0,0.0,0.0
Bengaluru City,Basavanagudi Traffic PS,1.04432e+16,2018,1,3,Road Accidents,Narrow road,City/Town,Near Hospital,Human Error,No,Damage Only,Hit parked vehicle,Not Applicable,Incline,Others,Bitumen(Tar),Dry,Not Applicable,Fine,50 feet road,Vijaya eye super speciality hospital,50 ft,12.941744,77.563254,0,0,0.0,0.0
Bengaluru City,Basavanagudi Traffic PS,1.04432e+16,2018,1,2,Road Accidents,Other,City/Town,Near office complex,Human Error,Not Applicable,Grievous Injury,Others,Uncontrolled,Others,Two way,Bitumen(Tar),Dry,Not Applicable,Fine,"Sharada tutorial, Mount joys road, Hanumanthanagar",ICICI bank,50ft,12.954094,77.563588,0,0,0.0,0.0
Bengaluru City,Basavanagudi Traffic PS,1.04432e+16,2018,1,2,Road Accidents,Junction,City/Town,Near Petrol Pump,Human Error,Yes,Simple Injury,Hit and Run,Uncontrolled,Others,Two way,Bitumen(Tar),Dry,Not Applicable,Fine,"Lalbhag Hotel Grand, M N K Rao road",Marcili India Pvt Ltd,35ft,12.947614,77.579586,0,0,0.0,0.0
Bengaluru City,Basavanagudi Traffic PS,1.04432e+16,2018,1,2,Not Applicable,Narrow road,City/Town,Near Hospital,Human Error,No,Grievous Injury,Right Turn Collision,Not Applicable,Incline,Others,Bitumen(Tar),Dry,Not Applicable,Fine,Gandhi Bajar main road,Delta Daiganatic centre,35 Ft,0.0,0.0,0,0,0.0,0.0
Bengaluru City,Basavanagudi Traffic PS,1.04432e+16,2018,1,2,Road Accidents,Narrow road,City/Town,In bazaar,Human Error,Yes,Grievous Injury,Hit and Run,Not at  Junction,Incline,Others,Bitumen(Tar),Dry,Not Applicable,Fine,3rd cross Srinagara,Srinagara bus stop,100 ft,0.0,0.0,0,0,0.0,0.0
Bengaluru City,Basavanagudi Traffic PS,1.04432e+16,2018,1,2,Road Accidents,Other,City/Town,Residential area,Human Error,Not Applicable,Simple Injury,Others,Uncontrolled,Others,City or Town Road,Bitumen(Tar),Dry,Not Applicable,Fine,"Ramanjaneya gudda road, Hanumanthanagar",Madhava krupa house no 121,15ft,12.944491,77.558168,0,0,0.0,0.0
Bengaluru City,Basavanagudi Traffic PS,1.04432e+16,2018,1,1,Road Accidents,Narrow road,City/Town,At pedestrian Crossing,Human Error,No,Grievous Injury,Hit pedestrian,Uncontrolled,Straight and flat,Two way,Bitumen(Tar),Dry,Not Applicable,Fine,"Opp Shabari Tiffen Center, 10th cross, N.R Colony",Bhagavathi Treders,10ft,12.936528,77.567367,0,0,0.0,0.0
Bengaluru City,Basavanagudi Traffic PS,1.04432e+16,2018,1,1,Road Accidents,Narrow road,City/Town,Near Petrol Pump,Human Error,Yes,Simple Injury,Hit pedestrian,Not at  Junction,Incline,Others,Bitumen(Tar),Dry,Not Applicable,Clear,K R Road,Cool corner Hotel,30 Ft,0.0,0.0,0,0,0.0,0.0
Bengaluru City,Basavanagudi Traffic PS,1.04432e+16,2018,1,2,Road Accidents,Junction,City/Town,In bazaar,Human Error,No,Simple Injury,Others,Uncontrolled,Hump,Others,Bitumen(Tar),Dry,Not Applicable,Fine,DVG Road and Bugal rock road,Sindicate bank,10 ft,12.94365,77.57114,0,0,0.0,0.0