DISTRICTNAME,UNITNAME,Crime_No,Year,RI,Noofvehicle_involved,Accident_Classification,Accident_Spot,Accident_Location,Accident_SubLocation,Main_Cause,Hit_Run,Severity,Collision_Type,Junction_Control,Road_Character,Road_Type,Surface_Type,Surface_Condition,Road_Condition,Weather,Accident_Road,Landmark_first,Distance_LandMark_First,Latitude,Longitude,Road_Condition_Score,Surface_Condition_Score,Surface_Type_Score,Road_Risk_Index
Bengaluru City,Basavanagudi Traffic PS,1.04432e+16,2020,1,2,Road Accidents,Junction,City/Town,Near School or College,Human Error,No,Fatal,Vehicle to Vehicle,Signal lights Automatic,Straight and flat,Two way,Bitumen(Tar),Muddy,Not Applicable,Fog / Mist,NATIONAL COLLEGE JUNCTION,NATIONAL COLLEGE JUNCTION,1 K.M,0.0,0.0,0,4,0.0,4.0
Bengaluru City,Basavanagudi Traffic PS,1.04432e+16,2020,1,2,Road Accidents,Narrow road,City/Town,Residential area,Human Error,Yes,Simple Injury,Vehicle to Vehicle,Uncontrolled,Straight and flat,Residential Street,Bitumen(Tar),Dry,Not Applicable,Cloudy,Dr raj road,9th main road opp to megha chats,3.5km,0.0,0.0,0,0,0.0,0.0
Bengaluru City,Basavanagudi Traffic PS,1.04432e+16,2020,1,2,Road Accidents,Cross roads,City/Town,Residential area,Human Error,No,Grievous Injury,Vehicle to Vehicle,Not at  Junction,Straight and flat,Service Road,Bitumen(Tar),Dry,Not Applicable,Clear,9TH MAIN KALAPPA BLOCK,9TH MAIN KALAPPA BLOCK,3,0.0,0.0,0,0,0.0,0.0
Bengaluru City,Basavanagudi Traffic PS,1.04432e+16,2020,1,2,Road Accidents,Narrow road,City/Town,Open area,Human Error,No,Grievous Injury,Vehicle to Vehicle,Police / Manual,Straight and flat,Two way,Bitumen(Tar),Dry,Not Applicable,Clear,RAMAKRISHA ASHRAMA CIRCLE,RAMAKRISHNA ASHRAMA CIRCLE,2 K.M,0.0,0.0,0,0,0.0,0.0
Bengaluru City,Basavanagudi Traffic PS,1.04432e+16,2020,1,1,Road Accidents,Cross roads,City/Town,Near a religious place,Human Error,No,Grievous Injury,Vehicle to Vehicle,Uncontrolled,Straight and flat,Two way,Bitumen(Tar),Dry,Not Applicable,Clear,K.G.NAGAR,NEAR SWIMMING POOL,2 K.M,0.0,0.0,0,0,0.0,0.0
Bengaluru City,Basavanagudi Traffic PS,1.04432e+16,2020,1,2,Road Accidents,Junction,City/Town,Residential area,Human Error,Yes,Grievous Injury,Vehicle to Vehicle,Uncontrolled,Others,Residential Street,Bitumen(Tar),Dry,Not Applicable,Clear,6th Main road - 2nd Cross Ashokanagar,1,1,0.0,0.0,0,0,0.0,0.0
Bengaluru City,Basavanagudi Traffic PS,1.04432e+16,2020,1,2,Road Accidents,Narrow road,City/Town,Near a religious place,Human Error,No,Grievous Injury,Vehicle to Vehicle,Uncontrolled,Straight and flat,Residential Street,Bitumen(Tar),Dry,Not Applicable,Cloudy,M N K RAO ROAD,M N K RAO ROAD,0.5,0.0,0.0,0,0,0.0,0.0
Bengaluru City,Basavanagudi Traffic PS,1.04432e+16,2020,1,4,Road Accidents,Narrow road,City/Town,Near a religious place,Human Error,Not Applicable,Damage Only,Vehicle to Vehicle,Uncontrolled,Straight and flat,Residential Street,Bitumen(Tar),Dry,Not Applicable,Clear,2ND CROSS ASHOKANAGAR,2ND CROSS ASHOKANAGAR,1.5,0.0,0.0,0,0,0.0,0.0
Bengaluru City,Basavanagudi Traffic PS,1.04432e+16,2020,1,2,Road Accidents,Narrow road,City/Town,Open area,Human Error,No,Damage Only,Vehicle to Vehicle,Uncontrolled,Straight and flat,Two way,Bitumen(Tar),Dry,Not Applicable,Clear,S C ROAD,N R COLONY,0.5 KM,12.939703,77.572499,0,0,0.0,0.0
Bengaluru City,Basavanagudi Traffic PS,1.04432e+16,2020,1,2,Road Accidents,Junction,City/Town,Open area,Human Error,No,Grievous Injury,Vehicle to Vehicle,Uncontrolled,Straight and flat,Sub Arterial,Bitumen(Tar),Dry,No influence on accident,Mist or Fog,GOVINDAPPA ROAD,NEAR ANANTH KUMAR HOUSE,01 KM,0.0,0.0,0,0,0.0,0.0
Bengaluru City,Basavanagudi Traffic PS,1.04432e+16,2020,1,2,Road Accidents,Narrow road,City/Town,Open area,Human Error,No,Grievous Injury,Vehicle to Vehicle,Uncontrolled,Straight and flat,Others,Bitumen(Tar),Dry,Not Applicable,Clear,K R ROAD,TAGOR UNDER PASS UPPER RAMP,0.5 KM,0.0,0.0,0,0,0.0,0.0
Bengaluru City,Basavanagudi Traffic PS,1.04432e+16,2020,1,2,Road Accidents,Junction,City/Town,Open area,Human Error,No,Grievous Injury,Vehicle to Vehicle,Uncontrolled,Straight and flat,Two way,Bitumen(Tar),Dry,Not Applicable,Cloudy,3RD CROSS JUNCTION VINAYAKA NAGAR,NEAR VIDDYAPEETA,2.5 km,12.935526,77.559624,0,0,0.0,0.0
Bengaluru City,Basavanagudi Traffic PS,1.04432e+16,2020,1,1,Road Accidents,Narrow road,City/Town,Near Bus stop,Human Error,Yes,Grievous Injury,Hit pedestrian,Uncontrolled,Straight and flat,One way,Bitumen(Tar),Dry,No influence on accident,Cloudy,50 FT ROAD,OPP TO GANESH TIFFIN,2 KM,0.0,0.0,0,0,0.0,0.0
Bengaluru City,Basavanagudi Traffic PS,1.04432e+16,2020,1,2,Road Accidents,Junction,City/Town,Open area,Human Error,No,Simple Injury,Vehicle to Vehicle,Signals (Working),Curve,Sub Arterial,Bitumen(Tar),Dry,Not Applicable,Clear,BULL TEMPLE ROAD,RAMAKRISHNA ASHRAMA CIRCLE,1.5 KM,0.0,0.0,0,0,0.0,0.0
Bengaluru City,Basavanagudi Traffic PS,1.04432e+16,2020,1,2,Road Accidents,Not Applicable,City/Town,Residential area,Human Error,Yes,Grievous Injury,Vehicle to Vehicle,Uncontrolled,Straight and flat,Two way,Bitumen(Tar),Dry,Not Applicable,Fog / Mist,NEAR MOHAN SPRIT,1,1,0.0,0.0,0,0,0.0,0.0
Bengaluru City,Basavanagudi Traffic PS,1.04432e+16,2020,1,2,Road Accidents,Junction,City/Town,Open area,Human Error,No,Grievous Injury,Vehicle to Vehicle,Uncontrolled,Straight and flat,Two way,Bitumen(Tar),Dry,Not Applicable,Clear,R V Road,infront of trinity hospital,1 K.M,0.0,0.0,0,0,0.0,0.0
Bengaluru City,Basavanagudi Traffic PS,1.04432e+16,2020,1,3,Road Accidents,Not Applicable,City/Town,Near Bus stop,Human Error,Yes,Grievous Injury,Hit pedestrian,Uncontrolled,Straight and flat,One way,Bitumen(Tar),Dry,Not Applicable,Clear,Vanivilasa National College Fly Over & DVG Road Junction,RESIDENCATION COMPOUND,40FT,0.0,0.0,0,0,0.0,0.0
Bengaluru City,Basavanagudi Traffic PS,1.04432e+16,2020,1,2,Road Accidents,Junction,City/Town,Near Petrol Pump,Human Error,Yes,Grievous Injury,Vehicle to Vehicle,Signal lights Automatic,Straight and flat,Two way,Bitumen(Tar),Dry,Not Applicable,Fog / Mist,LALBHAGH WEST GATE,POLICE ILAND,35FT,12.948306,77.579945,0,0,0.0,0.0
Bengaluru City,Basavanagudi Traffic PS,1.04432e+16,2020,1,2,Road Accidents,Junction,City/Town,Near School or College,Human Error,Yes,Fatal,Vehicle to Vehicle,Uncontrolled,Straight and flat,Residential Street,Bitumen(Tar),Dry,Not Applicable,Cloudy,INFRONT OF MUKAMBIKA SCHOOL T R NAGAR,INFRONT OF MUKAMBIKA SCHOOL T R NAGAR,1.5,0.0,0.0,0,0,0.0,0.0
Bengaluru City,Basavanagudi Traffic PS,1.04432e+16,2020,1,1,Road Accidents,Narrow road,City/Town,Residential area,Human Error,No,Grievous Injury,Not Applicable,Uncontrolled,Straight and flat,Two way,Bitumen(Tar),Dry,Not Applicable,Clear,10TH MAIN ROAD HANUMANTHANAGAR,10TH MAIN ROAD HANUMANTHANAGAR,2 K.M,0.0,0.0,0,0,0.0,0.0
Bengaluru City,Basavanagudi Traffic PS,1.04432e+16,2020,1,2,Road Accidents,Junction,City/Town,Residential area,Human Error,No,Grievous Injury,Vehicle to Vehicle,Uncontrolled,Straight and flat,Residential Street,Bitumen(Tar),Dry,Not Applicable,Clear,NEAR BRIGADE MANSION,GOVINDAPPA ROAD,1 K.M,12.9466776,77.5752632,0,0,0.0,0.0
Bengaluru City,Basavanagudi Traffic PS,1.04432e+16,2020,1,2,Road Accidents,Narrow road,City/Town,Open area,Human Error,Yes,Grievous Injury,Vehicle to Vehicle,Uncontrolled,Straight and flat,Two way,Bitumen(Tar),Wet,Not Applicable,Clear,Ramanjena road,near medplus,02 KM,0.0,0.0,0,3,0.0,3.0
Bengaluru City,Basavanagudi Traffic PS,1.04432e+16,2020,1,2,Road Accidents,Narrow road,City/Town,Near School or College,Human Error,Yes,Grievous Injury,Vehicle to Vehicle,Uncontrolled,Straight and flat,One way,Bitumen(Tar),Dry,Not Applicable,Cloudy,R V ROAD NEAR ROYAL ENTER PRISES,R V ROAD NEAR ROYAL ENTER PRISES,2,12.940923,77.579892,0,0,0.0,0.0
Bengaluru City,Basavanagudi Traffic PS,1.04432e+16,2020,1,2,Road Accidents,Narrow road,City/Town,Near Hospital,Human Error,Yes,Grievous Injury,Vehicle to Vehicle,Not Applicable,Straight and flat,Two way,Bitumen(Tar),Dry,Not Applicable,Clear,"NEAR VENLAKH HOSPITAL, 5TH MAIN ROAD, CHAMARAJAPET",NEAR VENLAKH HOSPITAL  5TH MAIN ROAD,2 K.M,12.957032,77.564401,0,0,0.0,0.0
Bengaluru City,Basavanagudi Traffic PS,1.04432e+16,2020,1,2,Road Accidents,Junction,City/Town,Residential area,Human Error,No,Simple Injury,Vehicle to Vehicle,Uncontrolled,Straight and flat,Two way,Bitumen(Tar),Dry,No influence on accident,Clear,Mallikarjuna temple street,Near amrutha hasta hotel,0.5 KM,0.0,0.0,0,0,0.0,0.0
Bengaluru City,Basavanagudi Traffic PS,1.04432e+16,2020,1,2,Road Accidents,Junction,City/Town,Open area,Human Error,Yes,Grievous Injury,Vehicle to Vehicle,Controlled,Straight and flat,Others,Bitumen(Tar),Dry,No influence on accident,Cloudy,K R ROAD,NETKALLAPPA CIRCLE,0.2 KM,12.939934,77.573627,0,0,0.0,0.0
Bengaluru City,Basavanagudi Traffic PS,1.04432e+16,2021,1,1,Road Accidents,Narrow road,City/Town,Near Bus stop,Human Error,No,Grievous Injury,Hit pedestrian,Uncontrolled,Straight and flat,Two way,Bitumen(Tar),Dry,No influence on accident,Clear,80ft road,80ft road,2 K.M,0.0,0.0,0,0,0.0,0.0
Bengaluru City,Basavanagudi Traffic PS,1.04432e+16,2021,1,2,Road Accidents,Junction,City/Town,Near office complex,Human Error,No,Damage Only,Vehicle to Vehicle,Controlled,Straight and flat,Two way,Bitumen(Tar),Dry,No influence on accident,Wind,S C ROAD,NETKALLAPPA CIRCLE,05 km,0.0,0.0,0,0,0.0,0.0
Bengaluru City,Basavanagudi Traffic PS,1.04432e+16,2021,1,1,Road Accidents,Narrow road,City/Town,Near Petrol Pump,Human Error,No,Damage Only,Not Applicable,Uncontrolled,Straight and flat,One way,Concrete,Dry,No influence on accident,Cloudy,southend road,infront of shivashakthi convention hall,1 km,0.0,0.0,0,0,0.0,0.0
Bengaluru City,Basavanagudi Traffic PS,1.04432e+16,2021,1,1,Road Accidents,Narrow road,City/Town,Near Bus stop,Human Error,No,Simple Injury,Hit pedestrian,Uncontrolled,Straight and flat,One way,Bitumen(Tar),Others,Not Applicable,Cloudy,VANIVILLAS ROAD,VANIVILLAS ROAD,1.5 KM,0.0,0.0,0,1,0.0,1.0
Bengaluru City,Basavanagudi Traffic PS,1.04432e+16,2021,1,2,Road Accidents,Narrow road,City/Town,Near office complex,Human Error,No,Grievous Injury,Vehicle to Vehicle,Uncontrolled,Straight and flat,Others,Concrete,Dry,No influence on accident,Clear,Kanakapura road,Infront of South Thindies,01 KM,0.0,0.0,0,0,0.0,0.0
Bengaluru City,Basavanagudi Traffic PS,1.04432e+16,2021,1,1,Road Accidents,Cross roads,City/Town,Near Hospital,Human Error,Not Applicable,Simple Injury,Not Applicable,Uncontrolled,Incline,One way,Bitumen(Tar),Dry,Not Applicable,Cloudy,Kanakanapalya road,Infront of Trinity Hospital,1 Km,0.0,0.0,0,0,0.0,0.0
Bengaluru City,Basavanagudi Traffic PS,1.04432e+16,2021,1,1,Road Accidents,Narrow road,City/Town,Residential area,Human Error,Not Applicable,Grievous Injury,Hit pedestrian,Not Applicable,Straight and flat,Residential Street,Bitumen(Tar),Dry,Not Applicable,Clear,"NEAR BMSET HOSTEL, 3RD CROSS, ASHOKNAGAR",3RD CROSS  ASHOKNAGAR,2 K.M,0.0,0.0,0,0,0.0,0.0
Bengaluru City,Basavanagudi Traffic PS,1.04432e+16,2021,1,1,Road Accidents,Narrow road,City/Town,Near Bus stop,Human Error,Yes,Simple Injury,Hit pedestrian,Uncontrolled,Straight and flat,One way,Concrete,Dry,Not Applicable,Clear,KARIYAPPA ROAD,KARIYAPPA ROAD,1 K.M,0.0,0.0,0,0,0.0,0.0
Bengaluru City,Basavanagudi Traffic PS,1.04432e+16,2021,1,1,Road Accidents,Narrow road,City/Town,Open area,Human Error,No,Fatal,Hit pedestrian,Uncontrolled,Straight and flat,Two way,Concrete,Dry,No influence on accident,Clear,Southend road,Infront of Nandhini milk booth,1.5 KM,0.0,0.0,0,0,0.0,0.0
Bengaluru City,Basavanagudi Traffic PS,1.04432e+16,2021,1,2,Road Accidents,Junction,City/Town,Residential area,Human Error,No,Grievous Injury,Vehicle to Vehicle,Uncontrolled,Straight and flat,Residential Street,Bitumen(Tar),Dry,No influence on accident,Clear,S C ROAD,Corporation Hospital N R Colony,01 KM,0.0,0.0,0,0,0.0,0.0
Bengaluru City,Basavanagudi Traffic PS,1.04432e+16,2021,1,2,Road Accidents,Junction,City/Town,Narrow bridge or culverts,Human Error,No,Damage Only,Vehicle to Vehicle,Uncontrolled,Others,Mixed,Bitumen(Tar),Dry,Not Applicable,Clear,Tagore Circle Bridge,B P wadia road,0.2 KM,0.0,0.0,0,0,0.0,0.0
Bengaluru City,Basavanagudi Traffic PS,1.04432e+16,2021,1,1,Road Accidents,Narrow road,City/Town,Near School or College,Human Error,Yes,Damage Only,Not Applicable,Uncontrolled,Straight and flat,Residential Street,Bitumen(Tar),Dry,Not Applicable,Clear,Bugle rock road,Infront of BMS Womens College,1,0.0,0.0,0,0,0.0,0.0
Bengaluru City,Basavanagudi Traffic PS,1.04432e+16,2021,1,2,Road Accidents,Junction,City/Town,Near Bus stop,Human Error,No,Grievous Injury,Vehicle to Vehicle,Police / Manual,Straight and flat,Two way,Concrete,Dry,Not Applicable,Clear,R.V.TEACHERS COLLEGE JUNCTION,R V TEACHERS COLLEGE JUNCTION,0.5 KM,0.0,0.0,0,0,0.0,0.0
Bengaluru City,Basavanagudi Traffic PS,1.04432e+16,2021,1,2,Road Accidents,Narrow road,City/Town,Residential area,Human Error,No,Damage Only,Vehicle to Vehicle,Uncontrolled,Steep Incline or Climb,Two way,Bitumen(Tar),Dry,Not Applicable,Cloudy,11th Main road,Near Dasappa kalyana Mantapa,2.5,0.0,0.0,0,0,0.0,0.0
Bengaluru City,Basavanagudi Traffic PS,1.04432e+16,2021,1,2,Road Accidents,Narrow road,City/Town,Near a religious place,Human Error,No,Grievous Injury,Vehicle to Vehicle,Uncontrolled,Straight and flat,Two way,Bitumen(Tar),Dry,No influence on accident,Snow,5th Main road,Infront of Harshitha Telecom,2.5 km,0.0,0.0,0,0,0.0,0.0
Bengaluru City,Basavanagudi Traffic PS,1.04432e+16,2021,1,2,Road Accidents,Junction,City/Town,Residential area,Human Error,No,Grievous Injury,Vehicle to Vehicle,Uncontrolled,Straight and flat,Two way,Bitumen(Tar),Dry,Not Applicable,Cloudy,8TH MAIN ROAD AND 5TH CROSS ROAD JUNCTION,HANUMANTHANAGAR,2 K.M,0.0,0.0,0,0,0.0,0.0
Bengaluru City,Basavanagudi Traffic PS,1.04432e+16,2021,1,2,Road Accidents,Junction,City/Town,Near Petrol Pump,Human Error,No,Grievous Injury,Vehicle to Vehicle,Uncontrolled,Others,Two way,Concrete,Dry,No influence on accident,Cloudy,B P Waiya road,Home school Junction,0.5 KM,0.0,0.0,0,0,0.0,0.0
Bengaluru City,Basavanagudi Traffic PS,1.04432e+16,2021,1,2,Road Accidents,Narrow road,City/Town,Residential area,Human Error,Not Applicable,Grievous Injury,Vehicle to Vehicle,Uncontrolled,Straight and flat,Two way,Bitumen(Tar),Dry,Not Applicable,Clear,"OPP HOUSE NO.218, 14TH MAIN ROAD, HANUMANTHANAGAR",NEAR 50FEET ROAD,2 K.M,0.0,0.0,0,0,0.0,0.0
Bengaluru City,Basavanagudi Traffic PS,1.04432e+16,2021,1,1,Road Accidents,Narrow road,City/Town,Near Bus stop,Human Error,Yes,Grievous Injury,Hit pedestrian,Not Applicable,Straight and flat,Two way,Bitumen(Tar),Dry,Not Applicable,Clear,"5th main road, chamarajapet",Opp Srinivasa Kalyana Matapa,3 kms,12.957049,77.565252,0,0,0.0,0.0
Bengaluru City,Basavanagudi Traffic PS,1.04432e+16,2021,1,2,Road Accidents,Narrow road,City/Town,Residential area,Human Error,No,Grievous Injury,Vehicle to Vehicle,Uncontrolled,Straight and flat,Residential Street,Bitumen(Tar),Dry,Not Applicable,Clear,Near Naranaswamy Circle,Near Narayanaswamy Circle,02 KM,0.0,0.0,0,0,0.0,0.0
Bengaluru City,Basavanagudi Traffic PS,1.04432e+16,2021,1,2,Road Accidents,Narrow road,City/Town,Residential area,Human Error,No,Damage Only,Vehicle to Vehicle,Uncontrolled,Straight and flat,Two way,Bitumen(Tar),Dry,No influence on accident,Cloudy,80ft road,opp to Sangeetha Mobile store,3km,0.0,0.0,0,0,0.0,0.0
Bengaluru City,Basavanagudi Traffic PS,1.04432e+16,2021,1,1,Road Accidents,Narrow road,City/Town,Residential area,Human Error,No,Grievous Injury,Hit pedestrian,Uncontrolled,Straight and flat,Residential Street,Bitumen(Tar),Dry,No influence on accident,Clear,6th Main road,Shrinagar Pipe line,2.5 km,0.0,0.0,0,0,0.0,0.0
Bengaluru City,Basavanagudi Traffic PS,1.04432e+16,2021,1,2,Road Accidents,Junction,City/Town,Near School or College,Human Error,No,Damage Only,Vehicle to Vehicle,Uncontrolled,Straight and flat,Two way,Concrete,Dry,Not Applicable,Cloudy,R V ROAD,Khazistreet,1.5 K.,0.0,0.0,0,0,0.0,0.0
Bengaluru City,Basavanagudi Traffic PS,1.04432e+16,2021,1,2,Road Accidents,Junction,City/Town,Near Petrol Pump,Human Error,Not Applicable,Simple Injury,Vehicle to Vehicle,Controlled,Straight and flat,Two way,Concrete,Dry,Not Applicable,Clear,LALBHAGH WEST GATE JUNCTION,Lalbag west gate Junction,1 K.M,0.0,0.0,0,0,0.0,0.0
Bengaluru City,Basavanagudi Traffic PS,1.04432e+16,2021,1,1,Road Accidents,Narrow road,City/Town,Residential area,Human Error,No,Grievous Injury,Hit pedestrian,Not Applicable,Straight and flat,Residential Street,Bitumen(Tar),Dry,Not Applicable,Clear,"OPP HOUSE NO.35, 12TH MAIN ROAD",RAGHAVENDRA BLOCK,3 kms,12.947226,77.550663,0,0,0.0,0.0
Bengaluru City,Basavanagudi Traffic PS,1.04432e+16,2021,1,1,Road Accidents,Narrow road,City/Town,Open area,Human Error,No,Grievous Injury,Hit pedestrian,Uncontrolled,Straight and flat,One way,Concrete,Dry,Not Applicable,Cloudy,R V ROAD,Opp to BASAVANAGUDI MEDICAL CENTER,1.5 KM,0.0,0.0,0,0,0.0,0.0
Bengaluru City,Basavanagudi Traffic PS,1.04432e+16,2021,1,2,Road Accidents,Narrow road,City/Town,Open area,Human Error,No,Simple Injury,Vehicle to Vehicle,Uncontrolled,Straight and flat,Two way,Bitumen(Tar),Dry,Not Applicable,Cloudy,22nd main road,Infront of vatsalya Play home,3.5km,0.0,0.0,0,0,0.0,0.0
Bengaluru City,Basavanagudi Traffic PS,1.04432e+16,2021,1,1,Road Accidents,Narrow road,City/Town,Near a religious place,Human Error,No,Simple Injury,Hit pedestrian,Uncontrolled,Straight and flat,Two way,Bitumen(Tar),Others,Not Applicable,Cloudy,BULL TEMPLE ROAD,BULL TEMPLE ROAD,01 K M,0.0,0.0,0,1,0.0,1.0
Bengaluru City,Basavanagudi Traffic PS,1.04432e+16,2021,1,2,Road Accidents,Junction,City/Town,Residential area,Human Error,No,Grievous Injury,Vehicle to Vehicle,Uncontrolled,Straight and flat,Two way,Bitumen(Tar),Dry,Not Applicable,Fine,DVG road,Opp to Shyamanna park,1 km,0.0,0.0,0,0,0.0,0.0
Bengaluru City,Basavanagudi Traffic PS,1.04432e+16,2021,1,2,Road Accidents,Narrow road,City/Town,Residential area,Human Error,Yes,Grievous Injury,Vehicle to Vehicle,Uncontrolled,Straight and flat,Residential Street,Bitumen(Tar),Others,Not Applicable,Cloudy,9TH MAIN ROAD AND 3RD CROSS JUNCTION,SRINIVASANAGAR,2 K.M,12.9365276,77.5538571,0,1,0.0,1.0
Bengaluru City,Basavanagudi Traffic PS,1.04432e+16,2021,1,2,Road Accidents,Junction,City/Town,Near Petrol Pump,Human Error,No,Damage Only,Vehicle to Vehicle,Signal lights Automatic,Straight and flat,Two way,Concrete,Dry,Not Applicable,Clear,LALBHAGH WEST GATE JUNCTION,M N K RAO ROAD,1 K.M,0.0,0.0,0,0,0.0,0.0
Bengaluru City,Basavanagudi Traffic PS,1.04432e+16,2021,1,2,Road Accidents,Narrow road,City/Town,Near School or College,Human Error,No,Damage Only,Vehicle to Vehicle,Uncontrolled,Straight and flat,Two way,Bitumen(Tar),Dry,No influence on accident,Clear,B P Wadia road,Infront of Chaithanya techno School,0.5 KM,0.0,0.0,0,0,0.0,0.0
Bengaluru City,Basavanagudi Traffic PS,1.04432e+16,2021,1,2,Road Accidents,Junction,City/Town,Residential area,Human Error,No,Simple Injury,Vehicle to Vehicle,Uncontrolled,Straight and flat,One way,Bitumen(Tar),Dry,No influence on accident,Clear,7th Main road,Infront of Sathish Stores,1.5 KM,0.0,0.0,0,0,0.0,0.0
Bengaluru City,Basavanagudi Traffic PS,1.04432e+16,2021,1,2,Road Accidents,Junction,City/Town,Residential area,Human Error,No,Grievous Injury,Vehicle to Vehicle,Uncontrolled,Straight and flat,Residential Street,Bitumen(Tar),Dry,Not Applicable,Clear,Near Canara bank,N R Colony,01km,0.0,0.0,0,0,0.0,0.0
Bengaluru City,Basavanagudi Traffic PS,1.04432e+16,2021,1,2,Road Accidents,Junction,City/Town,Near Petrol Pump,Human Error,Yes,Fatal,Vehicle to Vehicle,Uncontrolled,Curve and Incline,Major District Road,Concrete,Dry,No influence on accident,Cloudy,Home School Junction,Infront of Bharat Petrol bunk,0.5,0.0,0.0,0,0,0.0,0.0
Bengaluru City,Basavanagudi Traffic PS,1.04432e+16,2021,1,1,Road Accidents,Narrow road,City/Town,Near office complex,Road Environment Defect,Not Applicable,Fatal,Not Applicable,Uncontrolled,Straight and flat,One way,Concrete,Wet,Not Applicable,Heavy Rain,Southend road,Infront of VLCC Institute,1.5 KM,0.0,0.0,0,3,0.0,3.0
Bengaluru City,Basavanagudi Traffic PS,1.04432e+16,2021,1,1,Road Accidents,Narrow road,City/Town,Near School or College,Human Error,No,Grievous Injury,Hit pedestrian,Uncontrolled,Straight and flat,One way,Concrete,Dry,Not Applicable,Clear,Southend road,Infront of NTT Data,01 K M,12.936753,77.577454,0,0,0.0,0.0
Bengaluru City,Basavanagudi Traffic PS,1.04432e+16,2021,1,1,Road Accidents,Narrow road,City/Town,Open area,Human Error,No,Grievous Injury,Hit pedestrian,Uncontrolled,Straight and flat,One way,Concrete,Dry,Not Applicable,Clear,R V Road,infront of vijaya college,01km,0.0,0.0,0,0,0.0,0.0
Bengaluru City,Basavanagudi Traffic PS,1.04432e+16,2021,1,2,Road Accidents,Narrow road,City/Town,Near a factory industrial area,Human Error,Yes,Fatal,Vehicle to Vehicle,Uncontrolled,Straight and flat,Two way,Bitumen(Tar),Dry,Construction Work / Material,Clear,T R Mill road,Infront of house no 76,3 kms,0.0,0.0,2,0,0.0,2.0
Bengaluru City,Basavanagudi Traffic PS,1.04432e+16,2021,1,2,Road Accidents,Narrow road,City/Town,Open area,Human Error,Not Applicable,Damage Only,Vehicle to Vehicle,Uncontrolled,Straight and flat,Arterial,Bitumen(Tar),Dry,No influence on accident,Clear,K R ROAD,INFRONT OF SBI BANK,0.5 KM,0.0,0.0,0,0,0.0,0.0
Bengaluru City,Basavanagudi Traffic PS,1.04432e+16,2021,1,1,Road Accidents,Narrow road,City/Town,Near Petrol Pump,Human Error,No,Grievous Injury,Not Applicable,Uncontrolled,Straight and flat,Two way,Bitumen(Tar),Others,Not Applicable,Cloudy,5th Main road,Infront of Indian iol Petrol Pump,2.5 km,0.0,0.0,0,1,0.0,1.0
Bengaluru City,Basavanagudi Traffic PS,1.04432e+16,2021,1,2,Road Accidents,Narrow road,City/Town,In bazaar,Human Error,No,Damage Only,Vehicle to Vehicle,Uncontrolled,Straight and flat,Two way,Bitumen(Tar),Dry,No influence on accident,Cloudy,Gandhi Bazzar Main road,Infront of Venkateswara Sweets,0.5 KM,0.0,0.0,0,0,0.0,0.0
Bengaluru City,Basavanagudi Traffic PS,1.04432e+16,2021,1,2,Road Accidents,Junction,City/Town,Open area,Human Error,No,Grievous Injury,Vehicle to Vehicle,Controlled,Straight and flat,Two way,Bitumen(Tar),Dry,No influence on accident,Clear,Sheshamahal junction,Near vasavi Convention hall,01 KM,12.948224,77.57679,0,0,0.0,0.0
Bengaluru City,Basavanagudi Traffic PS,1.04432e+16,2021,1,2,Road Accidents,Narrow road,City/Town,Near a religious place,Human Error,No,Grievous Injury,Vehicle to Vehicle,Uncontrolled,Straight and flat,Two way,Bitumen(Tar),Dry,Not Applicable,Clear,NANJAPPA AGARAHA ROAD,NEAR PANCHAMUKI ANAJENYA TEMPLE,2.5 km,0.0,0.0,0,0,0.0,0.0
Bengaluru City,Basavanagudi Traffic PS,1.04432e+16,2021,1,1,Road Accidents,Narrow road,City/Town,Open area,Human Error,No,Grievous Injury,Hit pedestrian,Uncontrolled,Straight and flat,One way,Bitumen(Tar),Dry,Not Applicable,Fine,K R Road,infront of R K Light,05.kms,0.0,0.0,0,0,0.0,0.0
Bengaluru City,Basavanagudi Traffic PS,1.04432e+16,2021,1,2,Road Accidents,Narrow road,City/Town,Residential area,Human Error,No,Fatal,Vehicle to Vehicle,Uncontrolled,Straight and flat,Two way,Bitumen(Tar),Dry,No influence on accident,Cloudy,Ramanjaneya road,Infront of Mangalore Jewellary,02 km,0.0,0.0,0,0,0.0,0.0
Bengaluru City,Basavanagudi Traffic PS,1.04432e+16,2021,1,2,Road Accidents,Junction,City/Town,Open area,Human Error,No,Damage Only,Vehicle to Vehicle,Controlled,Straight and flat,Others,Bitumen(Tar),Dry,No influence on accident,Clear,K R road,National college signal,0.5 km,12.948175,77.573748,0,0,0.0,0.0
Bengaluru City,Basavanagudi Traffic PS,1.04432e+16,2021,1,2,Road Accidents,Junction,City/Town,Near Petrol Pump,Human Error,Not Applicable,Simple Injury,Vehicle to Vehicle,Signal lights Automatic,Straight and flat,Others,Concrete,Dry,No influence on accident,Cloudy,R V Raod,Lalbag west gate Junction,01 K M,0.0,0.0,0,0,0.0,0.0
Bengaluru City,Basavanagudi Traffic PS,1.04432e+16,2022,1,1,Road Accidents,Circle,City/Town,Open area,Human Error,Not Applicable,Simple Injury,Vehicle to Vehicle,Uncontrolled,Straight and flat,Others,Concrete,Dry,Not Applicable,Cloudy,DIVAN MADHAVA RAO ROAD,MN KRISHNARAO PARK ROAD,0.1 KM,0.0,0.0,0,0,0.0,0.0