DISTRICTNAME,UNITNAME,Crime_No,Year,RI,Noofvehicle_involved,Accident_Classification,Accident_Spot,Accident_Location,Accident_SubLocation,Main_Cause,Hit_Run,Severity,Collision_Type,Junction_Control,Road_Character,Road_Type,Surface_Type,Surface_Condition,Road_Condition,Weather,Accident_Road,Landmark_first,Distance_LandMark_First,Latitude,Longitude,Road_Condition_Score,Surface_Condition_Score,Surface_Type_Score,Road_Risk_Index
Bengaluru City,Basavanagudi Traffic PS,1.04432e+16,2022,1,2,Road Accidents,Junction,City/Town,Open area,Human Error,Yes,Fatal,Vehicle to Vehicle,Uncontrolled,Straight and flat,Two way,Bitumen(Tar),Dry,Not Applicable,Clear,LALBAG WESTGATE JUNCTION,LALBAG WESTGATE,1 K.M,0.0,0.0,0,0,0.0,0.0
Bengaluru City,Basavanagudi Traffic PS,1.04432e+16,2022,1,1,Road Accidents,Cross roads,City/Town,Open area,Human Error,No,Grievous Injury,Hit pedestrian,Controlled,Not Applicable,Others,Not Applicable,Dry,Not Applicable,Clear,R.V ROAD,INFA TECH SHOP,1.5KM,0.0,0.0,0,0,0.0,0.0
Bengaluru City,Basavanagudi Traffic PS,1.04432e+16,2022,1,2,Road Accidents,Junction,City/Town,Open area,Human Error,Not Applicable,Simple Injury,Vehicle to Vehicle,Uncontrolled,Not Applicable,Others,Not Applicable,Dry,Not Applicable,Clear,NET SCHOOL COMPOUND ROAD,NET SCHOOL,1 KM,0.0,0.0,0,0,0.0,0.0
Bengaluru City,Basavanagudi Traffic PS,1.04432e+16,2022,1,1,Road Accidents,Road hump or Rumble strips,City/Town,Near School or College,Human Error,Not Applicable,Simple Injury,Hit pedestrian,Uncontrolled,Hump,Residential Street,Bitumen(Tar),Dry,Not Applicable,Clear,B P  wadiya road,NEAR GOVERNMENT COLLEGE BASAVANAGUDI,0.1 km,12.94331,77.57384,0,0,0.0,0.0
Bengaluru City,Basavanagudi Traffic PS,1.04432e+16,2022,1,1,Road Accidents,Circle,City/Town,Open area,Human Error,No,Fatal,Not Applicable,Uncontrolled,Straight and flat,Two way,Bitumen(Tar),Dry,Not Applicable,Very Cold,SHANKARNAG CIRCLE,DIGVISH HOSPITAL,1.5 KM,0.0,0.0,0,0,0.0,0.0
Bengaluru City,Basavanagudi Traffic PS,1.04432e+16,2022,1,1,Road Accidents,Narrow road,City/Town,Near Bus stop,Human Error,Not Applicable,Fatal,Hit pedestrian,Uncontrolled,Straight and flat,Two way,Concrete,Dry,Not Applicable,Clear,RASHTRIYA VIDYALAYA ROAD,LALBAG METRO STATION,1.5 KM,0.0,0.0,0,0,0.0,0.0
Bengaluru City,Basavanagudi Traffic PS,1.04432e+16,2022,1,1,Not Applicable,Not Applicable,City/Town,Near a religious place,Not Applicable,Yes,Grievous Injury,Hit pedestrian,Not Applicable,Not Applicable,Not Applicable,Not Applicable,Dry,Not Applicable,Clear,GAVIGANGHADARESWARA TEMPLE,KARIYAPPA ROAD,1.5,0.0,0.0,0,0,0.0,0.0
Bengaluru City,Basavanagudi Traffic PS,1.04432e+16,2022,1,1,Road Accidents,Not Applicable,City/Town,Open area,Human Error,No,Grievous Injury,Hit pedestrian,Not at  Junction,Not Applicable,Others,Not Applicable,Not Applicable,Not Applicable,Clear,south end road,opp canara bank,2.5km,0.0,0.0,0,0,0.0,0.0
Bengaluru City,Basavanagudi Traffic PS,1.04432e+16,2022,1,1,Road Accidents,Junction,City/Town,Open area,Human Error,No,Simple Injury,Hit pedestrian,Uncontrolled,Straight and flat,Two way,Concrete,Dry,Not Applicable,Clear,R V ROAD,NEAR LALBAG WESTGATE,1 KM,0.0,0.0,0,0,0.0,0.0
Bengaluru City,Basavanagudi Traffic PS,1.04432e+16,2022,1,1,Road Accidents,Cross roads,City/Town,In bazaar,Human Error,Yes,Simple Injury,Hit pedestrian,Uncontrolled,Straight and flat,One way,Bitumen(Tar),Dry,Not Applicable,Clear,50 feet road HANUMANTH NAGAR,NIRMALA STORE,2 KM,0.0,0.0,0,0,0.0,0.0
Bengaluru City,Basavanagudi Traffic PS,1.04432e+16,2022,1,2,Road Accidents,Not Applicable,City/Town,Open area,Human Error,No,Grievous Injury,Vehicle to Vehicle,Not Applicable,Not Applicable,Two way,Not Applicable,Dry,Not Applicable,Clear,TYAGARAJANAGAR MAIN ROAD,GANESH ELECTRICAL,10FT,0.0,0.0,0,0,0.0,0.0
Bengaluru City,Basavanagudi Traffic PS,1.04432e+16,2022,1,2,Not Applicable,Narrow road,City/Town,Near a factory industrial area,Human Error,No,Simple Injury,Vehicle to Vehicle,Not Applicable,Not Applicable,Others,Not Applicable,Dry,Not Applicable,Clear,south end road,near 2nd cross juntion,1.5km,0.0,0.0,0,0,0.0,0.0
Bengaluru City,Basavanagudi Traffic PS,1.04432e+16,2022,1,2,Road Accidents,Not Applicable,City/Town,Open area,Not Applicable,Yes,Fatal,Vehicle to Vehicle,Signals (Working),Straight and flat,Others,Bitumen(Tar),Dry,Not Applicable,Clear,OPP HP PETROL BUNK RV ROAD BASAVANAGUDI,OPP HP PETROL PUMP,100MTR,0.0,0.0,0,0,0.0,0.0
Bengaluru City,Basavanagudi Traffic PS,1.04432e+16,2022,1,2,Road Accidents,Junction,City/Town,Near office complex,Human Error,No,Damage Only,Vehicle to Vehicle,Controlled,Curve and Incline,Others,Bitumen(Tar),Dry,No influence on accident,Clear,LALBHAGH WEST GATE JUNCTION,Krubmigal road,01 K M,0.0,0.0,0,0,0.0,0.0
Bengaluru City,Basavanagudi Traffic PS,1.04432e+16,2022,1,2,Road Accidents,Circle,City/Town,In bazaar,Human Error,No,Grievous Injury,Vehicle to Vehicle,Controlled,Not Applicable,Two way,Not Applicable,Dry,Not Applicable,Clear,GHANDI BAJAR ROAD,CIRCLE,1KM,0.0,0.0,0,0,0.0,0.0
Bengaluru City,Basavanagudi Traffic PS,1.04432e+16,2022,1,3,Road Accidents,Not Applicable,City/Town,Open area,Human Error,Yes,Damage Only,Vehicle to Vehicle,Signal lights Automatic,Not Applicable,Others,Not Applicable,Dry,Not Applicable,Clear,BUL TEMPLE ROAD,HALLI THINDI JUNTION,1.5KM,0.0,0.0,0,0,0.0,0.0
Bengaluru City,Basavanagudi Traffic PS,1.04432e+16,2022,1,2,Road Accidents,Junction,City/Town,Near School or College,Human Error,No,Damage Only,Vehicle to Vehicle,Signal lights Automatic,Straight and flat,Others,Concrete,Dry,Not Applicable,Clear,VANIVILLAS ROAD,Sheshmahali Signal,0.7 km,0.0,0.0,0,0,0.0,0.0
Bengaluru City,Basavanagudi Traffic PS,1.04432e+16,2022,1,2,Road Accidents,Junction,City/Town,Near office complex,Human Error,No,Grievous Injury,Vehicle to Vehicle,Controlled,Others,Two way,Bitumen(Tar),Dry,Not Applicable,Clear,Kathriguppe main road,Vidyapeeta Junction,1.5 KM,0.0,0.0,0,0,0.0,0.0
Bengaluru City,Basavanagudi Traffic PS,1.04432e+16,2022,1,2,Road Accidents,Junction,City/Town,Open area,Human Error,No,Simple Injury,Vehicle to Vehicle,Uncontrolled,Not Applicable,Others,Not Applicable,Dry,Not Applicable,Clear,KHAJI STREET ROAD,SYED MOOSA APARTMENTS,0.5 KM,0.0,0.0,0,0,0.0,0.0
Bengaluru City,Basavanagudi Traffic PS,1.04432e+16,2022,1,1,Road Accidents,Junction,City/Town,Open area,Human Error,No,Damage Only,Vehicle to Vehicle,Uncontrolled,Straight and flat,Two way,Bitumen(Tar),Dry,No influence on accident,Cloudy,NEAR LALBAG WEST GATE,NEAR LALBAG GRAND HOTEL,0.8 KM,0.0,0.0,0,0,0.0,0.0
Bengaluru City,Basavanagudi Traffic PS,1.04432e+16,2022,1,2,Not Applicable,Not Applicable,City/Town,Residential area,Human Error,Yes,Damage Only,Vehicle to Vehicle,Uncontrolled,Not Applicable,Not Applicable,Not Applicable,Dry,Not Applicable,Clear,masthi venkatesh ayyangar road,near vashas,2. km,0.0,0.0,0,0,0.0,0.0
Bengaluru City,Basavanagudi Traffic PS,1.04432e+16,2022,1,2,Road Accidents,Junction,City/Town,Open area,Human Error,No,Simple Injury,Vehicle to Vehicle,Uncontrolled,Straight and flat,Others,Bitumen(Tar),Dry,Not Applicable,Clear,D M JUNCTION,BASAVANAGUDI POLICE STATION,0.1 KM,12.940029,77.5737,0,0,0.0,0.0
Bengaluru City,Basavanagudi Traffic PS,1.04432e+16,2022,1,2,Road Accidents,Curves,City/Town,Open area,Human Error,No,Fatal,Vehicle to Vehicle,Uncontrolled,Curve,Others,Bitumen(Tar),Dry,Not Applicable,Clear,8TH MAIN 4TH CROSS HANUMANTHNAGAR,BHARATH MEDICAL STORES,1.5 KM,0.0,0.0,0,0,0.0,0.0
Bengaluru City,Basavanagudi Traffic PS,1.04432e+16,2022,1,2,Road Accidents,Cross roads,City/Town,Open area,Human Error,No,Damage Only,Vehicle to Vehicle,Uncontrolled,Straight and flat,Two way,Bitumen(Tar),Dry,Not Applicable,Clear,8TH MAIN ROAD HANUMANTH NAGAR,NEAR CHANDRODAYA FILM THEATER,2 KM,0.0,0.0,0,0,0.0,0.0
Bengaluru City,Basavanagudi Traffic PS,1.04432e+16,2022,1,2,Road Accidents,Narrow road,City/Town,Near School or College,Not Applicable,No,Simple Injury,Vehicle to Vehicle,Not at  Junction,Others,One way,Not Applicable,Not Applicable,Not Applicable,Very Hot,"IN FRONT OF VIJAY COLLEGE, RV ROAD",NEAR VIJAYA COLLAGE,02 KM,0.0,0.0,0,0,0.0,0.0
Bengaluru City,Basavanagudi Traffic PS,1.04432e+16,2022,1,1,Road Accidents,Narrow road,City/Town,Near Bus stop,Human Error,No,Grievous Injury,Hit pedestrian,Uncontrolled,Steep Incline or Climb,Two way,Concrete,Dry,Not Applicable,Wind,Southend road,Near Nagasandra Circle,1 km,0.0,0.0,0,0,0.0,0.0
Bengaluru City,Basavanagudi Traffic PS,1.04432e+16,2022,1,2,Road Accidents,Junction,City/Town,Residential area,Human Error,Not Applicable,Simple Injury,Vehicle to Vehicle,Not Applicable,Not Applicable,Residential Street,Not Applicable,Dry,Not Applicable,Clear,NODEL HOSE  STREET,MADDEL HOSE STREET,50 MTR,0.0,0.0,0,0,0.0,0.0
Bengaluru City,Basavanagudi Traffic PS,1.04432e+16,2022,1,2,Road Accidents,Narrow road,City/Town,Open area,Human Error,Not Applicable,Damage Only,Vehicle to Vehicle,Uncontrolled,Straight and flat,Two way,Bitumen(Tar),Dry,Not Applicable,Cloudy,50FT Road HANUMANTH NAGAR,VINAYAKA CLINIC,2 KM,0.0,0.0,0,0,0.0,0.0
Bengaluru City,Basavanagudi Traffic PS,1.04432e+16,2022,1,2,Not Applicable,Not Applicable,City/Town,Open area,Human Error,No,Grievous Injury,Vehicle to Vehicle,Not Applicable,Not Applicable,Others,Not Applicable,Not Applicable,Not Applicable,Clear,HANUMNH NAGAR MAI ROAD,NEAR DAIRY,5,0.0,0.0,0,0,0.0,0.0
Bengaluru City,Basavanagudi Traffic PS,1.04432e+16,2022,1,2,Road Accidents,Cross roads,City/Town,Open area,Human Error,Not Applicable,Grievous Injury,Vehicle to Vehicle,Not Applicable,Others,Others,Not Applicable,Dry,Not Applicable,Clear,R V Raod,KHAJI JUNTION,1.5KM,0.0,0.0,0,0,0.0,0.0
Bengaluru City,Basavanagudi Traffic PS,1.04432e+16,2022,1,2,Road Accidents,Not Applicable,City/Town,Open area,Not Applicable,No,Grievous Injury,Vehicle to Vehicle,Controlled,Others,Others,Not Applicable,Dry,Not Applicable,Clear,vani vilasa road,shankar mata road,1.5km,0.0,0.0,0,0,0.0,0.0
Bengaluru City,Basavanagudi Traffic PS,1.04432e+16,2022,1,2,Road Accidents,Narrow road,City/Town,Residential area,Human Error,No,Damage Only,Vehicle to Vehicle,Uncontrolled,Straight and flat,Two way,Bitumen(Tar),Dry,No influence on accident,Clear,Ramanjena road,Ramanjaneya road,2 km,0.0,0.0,0,0,0.0,0.0
Bengaluru City,Basavanagudi Traffic PS,1.04432e+16,2022,1,2,Road Accidents,Cross roads,City/Town,Residential area,Human Error,No,Simple Injury,Vehicle to Vehicle,Uncontrolled,Curve and Incline,Two way,Bitumen(Tar),Dry,Not Applicable,Snow,Srinagar Pipe line road,Near madduramma temple,2 K.M,0.0,0.0,0,0,0.0,0.0
Bengaluru City,Basavanagudi Traffic PS,1.04432e+16,2022,1,2,Road Accidents,Junction,City/Town,Near office complex,Human Error,No,Simple Injury,Vehicle to Vehicle,Uncontrolled,Others,Two way,Bitumen(Tar),Dry,Not Applicable,Clear,"3rd Main road,Hanumanth nagar",Opp to Bank of Baroda,1.5 KM,0.0,0.0,0,0,0.0,0.0
Bengaluru City,Basavanagudi Traffic PS,1.04432e+16,2022,1,2,Road Accidents,Narrow road,City/Town,Residential area,Human Error,Not Applicable,Grievous Injury,Vehicle to Vehicle,Uncontrolled,Straight and flat,Two way,Bitumen(Tar),Dry,Not Applicable,Clear,"1st Cross,  Hanumantha Nagar",infronto house no 658,2km,0.0,0.0,0,0,0.0,0.0
Bengaluru City,Basavanagudi Traffic PS,1.04432e+16,2022,1,2,Road Accidents,Junction,City/Town,Open area,Not Applicable,No,Grievous Injury,Vehicle to Vehicle,Controlled,Not Applicable,Others,Not Applicable,Dry,Not Applicable,Clear,RV ROAD,LALBHAG JUNTION,1.5KM,0.0,0.0,0,0,0.0,0.0
Bengaluru City,Basavanagudi Traffic PS,1.04432e+16,2022,1,2,Road Accidents,Junction,City/Town,Open area,Human Error,No,Grievous Injury,Vehicle to Vehicle,Controlled,Not Applicable,Others,Not Applicable,Dry,Not Applicable,Clear,N.R COLONY MAIN ROAD,NEAR HERIGE HOSPITAL,1.5KM,0.0,0.0,0,0,0.0,0.0
Bengaluru City,Basavanagudi Traffic PS,1.04432e+16,2022,1,2,Road Accidents,Junction,City/Town,Near Bus stop,Human Error,No,Grievous Injury,Vehicle to Vehicle,Uncontrolled,Straight and flat,Others,Bitumen(Tar),Dry,Not Applicable,Clear,3rd Main road,Near Bank of baroda,1.5 KM,0.0,0.0,0,0,0.0,0.0
Bengaluru City,Basavanagudi Traffic PS,1.04432e+16,2022,1,2,Road Accidents,Cross roads,City/Town,Residential area,Human Error,No,Simple Injury,Vehicle to Vehicle,Uncontrolled,Straight and flat,Others,Bitumen(Tar),Dry,Not Applicable,Clear,PUTTANNA ROAD JUNCTION,MALLIKARJUN TEMPLE,0.3KM,0.0,0.0,0,0,0.0,0.0
Bengaluru City,Basavanagudi Traffic PS,1.04432e+16,2022,1,1,Road Accidents,Cross roads,City/Town,Open area,Human Error,No,Simple Injury,Hit pedestrian,Uncontrolled,Straight and flat,Residential Street,Bitumen(Tar),Dry,Not Applicable,Clear,80ft road hanumanth nagar,shankar nag circle,3.5km,0.0,0.0,0,0,0.0,0.0
Bengaluru City,Basavanagudi Traffic PS,1.04432e+16,2022,1,1,Road Accidents,Not Applicable,City/Town,At pedestrian Crossing,Human Error,No,Grievous Injury,Hit pedestrian,Not Applicable,Not Applicable,Not Applicable,Not Applicable,Dry,Not Applicable,Clear,NEAR BANDI MAKALI TEMPLE,BRUNDHAVAN ROAD,2KM,0.0,0.0,0,0,0.0,0.0
Bengaluru City,Basavanagudi Traffic PS,1.04432e+16,2022,1,2,Road Accidents,Junction,City/Town,Open area,Human Error,Not Applicable,Simple Injury,Vehicle to Vehicle,Uncontrolled,Straight and flat,Two way,Bitumen(Tar),Dry,No influence on accident,Clear,K R Road,GANESH TEMPLE DM CIRCLE,0.2KM,0.0,0.0,0,0,0.0,0.0
Bengaluru City,Basavanagudi Traffic PS,1.04432e+16,2022,1,2,Road Accidents,Not Applicable,City/Town,Near a religious place,Human Error,Not Applicable,Simple Injury,Not Applicable,Not at  Junction,Curve,Not Applicable,Not Applicable,Dry,Not Applicable,Clear,RAMANJANEYA ROAD,NEAR SHANI MAHATMA TEMPLE ROAD,2.5KM,0.0,0.0,0,0,0.0,0.0
Bengaluru City,Basavanagudi Traffic PS,1.04432e+16,2022,1,1,Road Accidents,Not Applicable,City/Town,Near Hospital,Not Applicable,No,Simple Injury,Hit pedestrian,Controlled,Not Applicable,Others,Not Applicable,Dry,Not Applicable,Clear,bul temple road,shekar hospital road,2.5km,0.0,0.0,0,0,0.0,0.0
Bengaluru City,Basavanagudi Traffic PS,1.04432e+16,2022,1,2,Road Accidents,Junction,City/Town,Near Petrol Pump,Human Error,No,Grievous Injury,Vehicle to Vehicle,Uncontrolled,Straight and flat,Others,Bitumen(Tar),Dry,Not Applicable,Fog / Mist,50 feet road,Infront of H P Petrol bunk,2km,0.0,0.0,0,0,0.0,0.0
Bengaluru City,Basavanagudi Traffic PS,1.04432e+16,2022,1,2,Road Accidents,Junction,City/Town,Near School or College,Human Error,No,Damage Only,Vehicle to Vehicle,Signals (Working),Straight and flat,Others,Bitumen(Tar),Dry,Not Applicable,Others,National College junction,National college signal,0.5 KM,0.0,0.0,0,0,0.0,0.0
Bengaluru City,Basavanagudi Traffic PS,1.04432e+16,2022,1,1,Road Accidents,Curves,City/Town,Open area,Human Error,No,Grievous Injury,Hit pedestrian,Uncontrolled,Curve,Others,Bitumen(Tar),Dry,Not Applicable,Clear,K R Road,D M Junction,0.2 KM,0.0,0.0,0,0,0.0,0.0
Bengaluru City,Basavanagudi Traffic PS,1.04432e+16,2022,1,2,Road Accidents,Not Applicable,City/Town,Near Petrol Pump,Human Error,No,Damage Only,Not Applicable,Controlled,Not Applicable,Not Applicable,Not Applicable,Not Applicable,Not Applicable,Clear,50fit road,canara bank opp,3.5km,0.0,0.0,0,0,0.0,0.0
Bengaluru City,Basavanagudi Traffic PS,1.04432e+16,2022,1,1,Road Accidents,Junction,City/Town,Open area,Human Error,No,Damage Only,Not Applicable,Controlled,Slight Curve,Not Applicable,Not Applicable,Not Applicable,Not Applicable,Clear,80 FIT ROAD,Vidyapeeta Junction,3.5KM,0.0,0.0,0,0,0.0,0.0
Bengaluru City,Basavanagudi Traffic PS,1.04432e+16,2022,1,1,Not Applicable,Not Applicable,City/Town,Open area,Not Applicable,Not Applicable,Damage Only,Not Applicable,Not Applicable,Not Applicable,Not Applicable,Not Applicable,Not Applicable,Not Applicable,Clear,k.r road,corner house,1.5km,0.0,0.0,0,0,0.0,0.0
Bengaluru City,Basavanagudi Traffic PS,1.04432e+16,2022,1,1,Road Accidents,Narrow road,City/Town,Near School or College,Human Error,Yes,Simple Injury,Hit pedestrian,Uncontrolled,Straight and flat,Two way,Bitumen(Tar),Dry,Not Applicable,Clear,"5th main road, chamarajapet",IN FRONT OF ATHENA SCHOOL,2.5 km,0.0,0.0,0,0,0.0,0.0
Bengaluru City,Basavanagudi Traffic PS,1.04432e+16,2022,1,1,Road Accidents,Cross roads,City/Town,Near School or College,Human Error,Yes,Simple Injury,Hit pedestrian,Uncontrolled,Straight and flat,Two way,Bitumen(Tar),Dry,No influence on accident,Clear,"5th main road, chamarajapet",ATHENA SCHOOL,2.5KM,0.0,0.0,0,0,0.0,0.0
Bengaluru City,Basavanagudi Traffic PS,1.04432e+16,2022,1,2,Road Accidents,Junction,City/Town,Open area,Human Error,Yes,Damage Only,Vehicle to Vehicle,Signal lights Blinking,Others,Others,Bitumen(Tar),Not Applicable,Not Applicable,Clear,BULL TEMPLE ROAD,Near Junction,2.5 km,0.0,0.0,0,0,0.0,0.0
Bengaluru City,Basavanagudi Traffic PS,1.04432e+16,2022,1,2,Road Accidents,Not Applicable,City/Town,Open area,Human Error,No,Grievous Injury,Vehicle to Vehicle,Controlled,Others,Two way,Not Applicable,Dry,Not Applicable,Clear,K.R ROAD,NEAR JWALAMALA PRESS,25FT,0.0,0.0,0,0,0.0,0.0
Bengaluru City,Basavanagudi Traffic PS,1.04432e+16,2022,1,2,Not Applicable,Circle,City/Town,Open area,Not Applicable,Not Applicable,Grievous Injury,Vehicle to Vehicle,Not Applicable,Not Applicable,Others,Concrete,Dry,Not Applicable,Clear,K R Road,tagoore circle,100mtr,12.944554,77.573587,0,0,0.0,0.0
Bengaluru City,Basavanagudi Traffic PS,1.04432e+16,2022,1,2,Road Accidents,Junction,City/Town,Near School or College,Human Error,No,Fatal,Vehicle to Vehicle,Signal lights Blinking,Others,Others,Bitumen(Tar),Dry,No influence on accident,Very Cold,LALBHAGH WEST GATE JUNCTION,Lalbag west gate Junction,01 K M,0.0,0.0,0,0,0.0,0.0
Bengaluru City,Basavanagudi Traffic PS,1.04432e+16,2022,1,2,Road Accidents,Junction,City/Town,Open area,Human Error,No,Simple Injury,Vehicle to Vehicle,Uncontrolled,Straight and flat,Others,Bitumen(Tar),Dry,Not Applicable,Cloudy,DM JUNCTION,NEAR BASAVANAGUDI POLICE STATION,0.2 KM,0.0,0.0,0,0,0.0,0.0
Bengaluru City,Basavanagudi Traffic PS,1.04432e+16,2022,1,2,Road Accidents,Junction,City/Town,Near Petrol Pump,Human Error,No,Damage Only,Vehicle to Vehicle,Uncontrolled,Not Applicable,Others,Not Applicable,Dry,Not Applicable,Clear,KANAKAN PALYA MAIN ROAD,NEAR PETROL BUNK,1.5KM,0.0,0.0,0,0,0.0,0.0
Bengaluru City,Basavanagudi Traffic PS,1.04432e+16,2022,1,2,Road Accidents,Cross roads,City/Town,Near School or College,Human Error,No,Simple Injury,Vehicle to Vehicle,Uncontrolled,Curve,Two way,Bitumen(Tar),Dry,Not Applicable,Fog / Mist,"1ST CROSS, ASHOKANAGAR",KATRIGUPPE MAIN ROAD,1.5 KM,0.0,0.0,0,0,0.0,0.0
Bengaluru City,Basavanagudi Traffic PS,1.04432e+16,2022,1,2,Road Accidents,Narrow road,City/Town,Near School or College,Human Error,No,Grievous Injury,Vehicle to Vehicle,Uncontrolled,Straight and flat,One way,Concrete,Dry,Not Applicable,Cloudy,Southend road,infront of hari super sandwitch,0.75,0.0,0.0,0,0,0.0,0.0
Bengaluru City,Basavanagudi Traffic PS,1.04432e+16,2022,1,2,Road Accidents,Cross roads,City/Town,Open area,Human Error,No,Simple Injury,Vehicle to Vehicle,Uncontrolled,Straight and flat,Residential Street,Bitumen(Tar),Dry,Not Applicable,Clear,UMIYA SHARIF ROAD,KHAZI STREET,0.5 KM,12.942155,77.579197,0,0,0.0,0.0
Bengaluru City,Basavanagudi Traffic PS,1.04432e+16,2022,1,2,Road Accidents,Circle,City/Town,Open area,Human Error,No,Fatal,Vehicle to Vehicle,Uncontrolled,Straight and flat,Two way,Bitumen(Tar),Dry,Not Applicable,Clear,BULL TEMPLE ROAD,RAMAKRISHNA ASHRAMA ROAD,1.5 KM,12.9479805,77.5677204,0,0,0.0,0.0
Bengaluru City,Basavanagudi Traffic PS,1.04432e+16,2022,1,1,Road Accidents,Cross roads,City/Town,Open area,Human Error,Not Applicable,Simple Injury,Not Applicable,Uncontrolled,Others,Others,Not Applicable,Dry,Not Applicable,Clear,"FRONT OF #NO19, 4TH CROSS APS COLLEGE",APS COLLEGE,1 K.M,0.0,0.0,0,0,0.0,0.0
Bengaluru City,Basavanagudi Traffic PS,1.04432e+16,2022,1,2,Road Accidents,Junction,City/Town,Open area,Human Error,No,Damage Only,Vehicle to Vehicle,Uncontrolled,Straight and flat,Others,Bitumen(Tar),Dry,Not Applicable,Clear,"22ND MAIN ROAD,HANUMANTH NAGAR",VENKATESHWARA BAR,3 km,0.0,0.0,0,0,0.0,0.0
Bengaluru City,Basavanagudi Traffic PS,1.04432e+16,2022,1,2,Road Accidents,Circle,City/Town,Open area,Human Error,Not Applicable,Simple Injury,Vehicle to Vehicle,Uncontrolled,Straight and flat,Two way,Bitumen(Tar),Dry,Not Applicable,Clear,BULL TEMPLE ROAD,NEAR KAMATH HOTEL,1 KM,0.0,0.0,0,0,0.0,0.0
Bengaluru City,Basavanagudi Traffic PS,1.04432e+16,2022,1,2,Road Accidents,Junction,City/Town,Near Bus stop,Human Error,Yes,Damage Only,Not Applicable,Not Applicable,Curve,Two way,Bitumen(Tar),Others,Not Applicable,Clear,KR ROAD,KR ROAD,1.5 KM,0.0,0.0,0,1,0.0,1.0
Bengaluru City,Basavanagudi Traffic PS,1.04432e+16,2022,1,1,Road Accidents,Not Applicable,City/Town,Near School or College,Human Error,Yes,Grievous Injury,Hit pedestrian,Controlled,Not Applicable,Others,Not Applicable,Dry,Not Applicable,Clear,vani vilasa road,National College junction,25,0.0,0.0,0,0,0.0,0.0
Bengaluru City,Basavanagudi Traffic PS,1.04432e+16,2022,1,2,Road Accidents,Junction,City/Town,Near office complex,Human Error,Yes,Damage Only,Vehicle to Vehicle,Controlled,Others,Two way,Bitumen(Tar),Dry,Not Applicable,Clear,K R Road,Yediyur Junction,1 K.M,0.0,0.0,0,0,0.0,0.0
Bengaluru City,Basavanagudi Traffic PS,1.04432e+16,2022,1,2,Road Accidents,Junction,City/Town,Residential area,Human Error,No,Grievous Injury,Vehicle to Vehicle,Uncontrolled,Steep Incline or Climb,Two way,Bitumen(Tar),Dry,Not Applicable,Very Hot,Umar Sharif road,Umarsharif & Kazi road Junction,0.5 KM,12.942155,77.579197,0,0,0.0,0.0
Bengaluru City,Basavanagudi Traffic PS,1.04432e+16,2022,1,2,Road Accidents,Circle,City/Town,Open area,Human Error,Not Applicable,Simple Injury,Vehicle to Vehicle,Uncontrolled,Straight and flat,Two way,Bitumen(Tar),Dry,Not Applicable,Clear,K R Road,NEAR BASAVANAGUDI POLICE STATION,0.2KM,12.940646,77.573788,0,0,0.0,0.0
Bengaluru City,Basavanagudi Traffic PS,1.04432e+16,2022,1,2,Road Accidents,Curves,City/Town,Near Petrol Pump,Human Error,No,Damage Only,Vehicle to Vehicle,Not Applicable,Not Applicable,Not Applicable,Not Applicable,Not Applicable,Not Applicable,Not Applicable,PARVATHAMMA ROAD,NEAR PETROL PUMP,1.5KM,0.0,0.0,0,0,0.0,0.0
Bengaluru City,Basavanagudi Traffic PS,1.04432e+16,2022,1,2,Road Accidents,Junction,City/Town,Open area,Human Error,No,Grievous Injury,Vehicle to Vehicle,Controlled,Not Applicable,Not Applicable,Not Applicable,Dry,Not Applicable,Clear,ASHOKANAGAR MAIN ROAD,3RD CROSS  ASHOKNAGAR,1.5KM,0.0,0.0,0,0,0.0,0.0
Bengaluru City,Basavanagudi Traffic PS,1.04432e+16,2022,1,2,Road Accidents,Junction,City/Town,Near School or College,Human Error,No,Damage Only,Vehicle to Vehicle,Controlled,Straight and flat,Two way,Concrete,Dry,Not Applicable,Clear,R.V.TEACHERS COLLEGE JUNCTION,R V ROAD,1 K.M,0.0,0.0,0,0,0.0,0.0
Bengaluru City,Basavanagudi Traffic PS,1.04432e+16,2022,1,1,Road Accidents,Not Applicable,City/Town,At pedestrian Crossing,Human Error,No,Simple Injury,Hit pedestrian,Uncontrolled,Not Applicable,Residential Street,Metalled,Dry,Not Applicable,Clear,RAMANJNEYA ROAD,SHANIMATHA TEMPLE,2.5KM,0.0,0.0,0,0,2.0,2.0
Bengaluru City,Basavanagudi Traffic PS,1.04432e+16,2022,1,2,Road Accidents,Cross roads,City/Town,Near Bus stop,Human Error,Not Applicable,Simple Injury,Vehicle to Vehicle,Uncontrolled,Straight and flat,Two way,Bitumen(Tar),Dry,Not Applicable,Cloudy,"80FT ROAD,SRINIVASA NAGAR",LIBERTY SHOWROOM,2 KM,0.0,0.0,0,0,0.0,0.0
Bengaluru City,Basavanagudi Traffic PS,1.04432e+16,2022,1,2,Road Accidents,Not Applicable,City/Town,Open area,Human Error,Not Applicable,Damage Only,Vehicle to Vehicle,Uncontrolled,Others,Residential Street,Not Applicable,Dry,Not Applicable,Clear,GOVINDAPPA ROAD,SAYI DEEP APT,50MTR,0.0,0.0,0,0,0.0,0.0
Bengaluru City,Basavanagudi Traffic PS,1.04432e+16,2023,1,1,Road Accidents,Offset,City/Town,Near Bus stop,Human Error,Not Applicable,Grievous Injury,Not Applicable,Uncontrolled,Straight and flat,Two way,Bitumen(Tar),Dry,Not Applicable,Cloudy,5th Main Road chamaraj pete,Near Bus stop,2.5km,12.957046,77.562353,0,0,0.0,0.0