DISTRICTNAME,UNITNAME,Crime_No,Year,RI,Noofvehicle_involved,Accident_Classification,Accident_Spot,Accident_Location,Accident_SubLocation,Main_Cause,Hit_Run,Severity,Collision_Type,Junction_Control,Road_Character,Road_Type,Surface_Type,Surface_Condition,Road_Condition,Weather,Accident_Road,Landmark_first,Distance_LandMark_First,Latitude,Longitude,Road_Condition_Score,Surface_Condition_Score,Surface_Type_Score,Road_Risk_Index
Bengaluru City,Basavanagudi Traffic PS,1.04432e+16,2023,1,2,Road Accidents,Not Applicable,City/Town,Open area,Vehicle Defect,No,Grievous Injury,Vehicle to Vehicle,No signal lights,Others,Others,Bitumen(Tar),Dry,Not Applicable,Clear,PIPE LINE ROAD,MADDURAMMA TEMPLE,100MTR,12.946831,77.555608,0,0,0.0,0.0
Bengaluru City,Basavanagudi Traffic PS,1.04432e+16,2023,1,1,Road Accidents,Cross roads,City/Town,Open area,Not Applicable,No,Grievous Injury,Hit pedestrian,No signal lights,Others,Two way,Bitumen(Tar),Dry,Not Applicable,Clear,80 FEET ROAD,GANESHA JUSE CENTER,100MTR,12.938562,77.553868,0,0,0.0,0.0
Bengaluru City,Basavanagudi Traffic PS,1.04432e+16,2023,1,2,Road Accidents,Junction,City/Town,Residential area,Human Error,No,Grievous Injury,Vehicle to Vehicle,Uncontrolled,Straight and flat,Two way,Bitumen(Tar),Dry,Not Applicable,Cloudy,"80 feet , 7th main Road , Hanumantha nagar",80 Fet road,2Km,12.934197,77.558996,0,0,0.0,0.0
Bengaluru City,Basavanagudi Traffic PS,1.04432e+16,2023,1,2,Not Applicable,Circle,City/Town,Open area,Not Applicable,No,Grievous Injury,Vehicle to Vehicle,Controlled,Others,Not Applicable,Bitumen(Tar),Dry,Not Applicable,Clear,VANIVILLAS ROAD Govindappa Road,Vanivilas Road Junction,0.5,0.0,0.0,0,0,0.0,0.0
Bengaluru City,Basavanagudi Traffic PS,1.04432e+16,2023,1,2,Road Accidents,Not Applicable,City/Town,Near School or College,Human Error,Not Applicable,Fatal,Not Applicable,Not Applicable,Not Applicable,Not Applicable,Not Applicable,Dry,Not Applicable,Clear,5th Main road,ADARSHA COLLEGE,2.5KM,0.0,0.0,0,0,0.0,0.0
Bengaluru City,Basavanagudi Traffic PS,1.04432e+16,2023,1,2,Road Accidents,Not Applicable,City/Town,Near Hospital,Not Applicable,No,Simple Injury,Vehicle to Vehicle,Not at  Junction,Others,One way,Bitumen(Tar),Dry,Not Applicable,Clear,RV ROAD,SOUTH END METRO STATION,50MTR,12.939336,77.580153,0,0,0.0,0.0
Bengaluru City,Basavanagudi Traffic PS,1.04432e+16,2023,1,2,Road Accidents,Junction,City/Town,Near School or College,Not Applicable,No,Simple Injury,Vehicle to Vehicle,No signal lights,Curve,Two way,Bitumen(Tar),Dry,Not Applicable,Clear,5TH MAIN CHAMARAJAPETE,TR MILL,50 MTR,12.957779,77.560632,0,0,0.0,0.0
Bengaluru City,Basavanagudi Traffic PS,1.04432e+16,2023,1,1,Road Accidents,Junction,City/Town,Near Hospital,Not Applicable,No,Fatal,Hit pedestrian,No signal lights,Others,Others,Bitumen(Tar),Dry,Not Applicable,Clear,BULL TEMPLE ROAD,SHEKAR HOSPITAL,200MTR,12.944956,77.567814,0,0,0.0,0.0
Bengaluru City,Basavanagudi Traffic PS,1.04432e+16,2023,1,3,Not Applicable,Not Applicable,City/Town,Residential area,Not Applicable,Yes,Damage Only,Vehicle to Vehicle,Not at  Junction,Straight and flat,One way,Bitumen(Tar),Dry,Not Applicable,Others,NO 44/A 1ST MAIN 1ST CROSS 1ST PHASE BANASHANKARI,COMPLAINANT HOME,50MTR,0.0,0.0,0,0,0.0,0.0
Bengaluru City,Basavanagudi Traffic PS,1.04432e+16,2023,1,1,Not Applicable,Not Applicable,City/Town,Open area,Not Applicable,No,Grievous Injury,Hit pedestrian,Controlled,Not Applicable,Not Applicable,Not Applicable,Others,Not Applicable,Clear,hanumantha nagar roa d,near post office,2.5km,0.0,0.0,0,1,0.0,1.0
Bengaluru City,Basavanagudi Traffic PS,1.04432e+16,2023,1,2,Not Applicable,Not Applicable,City/Town,Residential area,Not Applicable,No,Damage Only,Vehicle to Vehicle,Not Applicable,Others,Not Applicable,Not Applicable,Dry,Not Applicable,Clear,5th cross,RAGHAVENDRA BLOCK,3.5km,0.0,0.0,0,0,0.0,0.0
Bengaluru City,Basavanagudi Traffic PS,1.04432e+16,2023,1,1,Road Accidents,Cross roads,City/Town,Open area,Not Applicable,No,Simple Injury,Not Applicable,No signal lights,Others,Others,Bitumen(Tar),Dry,Not Applicable,Clear,6TH CROSS CHAMARAJ PET,5TH CROSS CHAMRAJ PET,100,0.0,0.0,0,0,0.0,0.0
Bengaluru City,Basavanagudi Traffic PS,1.04432e+16,2023,1,8,Road Accidents,Not Applicable,City/Town,Open area,Human Error,No,Damage Only,Vehicle to Vehicle,Not Applicable,Others,Others,Bitumen(Tar),Dry,Not Applicable,Clear,50 FEET ROAD,KUSUMA HOSPITAL,100MTR,12.942878,77.551041,0,0,0.0,0.0
Bengaluru City,Basavanagudi Traffic PS,1.04432e+16,2023,1,2,Road Accidents,Not Applicable,City/Town,Open area,Vehicle Defect,No,Damage Only,Vehicle to Vehicle,No signal lights,Others,Others,Bitumen(Tar),Dry,Not Applicable,Clear,50 FEET ROAD,HANUMANTHANAGAR,100MTR,12.941974,77.561034,0,0,0.0,0.0
Bengaluru City,Basavanagudi Traffic PS,1.04432e+16,2023,1,2,Road Accidents,Not Applicable,City/Town,Open area,Not Applicable,No,Damage Only,Vehicle to Vehicle,No signal lights,Others,One way,Bitumen(Tar),Dry,Not Applicable,Clear,RV ROAD,LALBAGH METRO STATION,50MTR,12.947024,77.580023,0,0,0.0,0.0
Bengaluru City,Basavanagudi Traffic PS,1.04432e+16,2023,1,1,Not Applicable,Junction,City/Town,Open area,Not Applicable,No,Grievous Injury,Not Applicable,Signal lights Automatic,Slight Curve,Others,Bitumen(Tar),Dry,Not Applicable,Clear,YADIYUR JUNCTION,YADIYUR JUNCTION,50 MTR,0.0,0.0,0,0,0.0,0.0
Bengaluru City,Basavanagudi Traffic PS,1.04432e+16,2023,1,2,Road Accidents,Junction,City/Town,Open area,Not Applicable,No,Grievous Injury,Vehicle to Vehicle,Police / Manual,Others,Others,Bitumen(Tar),Dry,No influence on accident,Clear,RV ROAD,NEAR SOUTH END METRO STATION,100MTR,0.0,0.0,0,0,0.0,0.0
Bengaluru City,Basavanagudi Traffic PS,1.04432e+16,2023,1,2,Road Accidents,Junction,City/Town,Open area,Not Applicable,No,Grievous Injury,Vehicle to Vehicle,Not at  Junction,Others,Others,Bitumen(Tar),Dry,Not Applicable,Clear,LALBAG WESTGATE JUNCTION,LALBHAG WEST GATE,100MTR,12.94792,77.580315,0,0,0.0,0.0
Bengaluru City,Basavanagudi Traffic PS,1.04432e+16,2023,1,1,Road Accidents,Narrow road,City/Town,Open area,Not Applicable,No,Simple Injury,Vehicle to Vehicle,Not at  Junction,Others,Two way,Bitumen(Tar),Dry,Not Applicable,Clear,50 FEET ROAD,NEAR PARIJATHA STORE,100MTR,12.943002,77.553616,0,0,0.0,0.0
Bengaluru City,Basavanagudi Traffic PS,1.04432e+16,2023,1,2,Road Accidents,Junction,City/Town,Open area,Not Applicable,Yes,Grievous Injury,Vehicle to Vehicle,No signal lights,Others,Two way,Bitumen(Tar),Dry,Not Applicable,Clear,KANAKAPALYA,TRINITY HOSPITAL,50MTR,12.943667,77.579505,0,0,0.0,0.0
Bengaluru City,Basavanagudi Traffic PS,1.04432e+16,2023,1,2,Road Accidents,Not Applicable,City/Town,Open area,Not Applicable,No,Simple Injury,Vehicle to Vehicle,Not Applicable,Straight and flat,Others,Bitumen(Tar),Not Applicable,Not Applicable,Clear,GAVIPURA MASTI VENKATESHA AIYANGER ROAD,NEAR SHESSHA SAI APPARTMENT,0.5,0.0,0.0,0,0,0.0,0.0
Bengaluru City,Basavanagudi Traffic PS,1.04432e+16,2023,1,4,Road Accidents,Narrow road,City/Town,Open area,Not Applicable,Not Applicable,Damage Only,Vehicle to Vehicle,Not Applicable,Others,One way,Bitumen(Tar),Others,Not Applicable,Clear,13TH MAIN,13TH MAIN,50MTR,0.0,0.0,0,1,0.0,1.0
Bengaluru City,Basavanagudi Traffic PS,1.04432e+16,2023,1,2,Road Accidents,Narrow road,City/Town,Open area,Not Applicable,No,Grievous Injury,Vehicle to Vehicle,No signal lights,Not Applicable,Others,Bitumen(Tar),Dry,Not Applicable,Clear,KR ROAD,KR ROAD,100,12.938357,77.573789,0,0,0.0,0.0
Bengaluru City,Basavanagudi Traffic PS,1.04432e+16,2023,1,2,Not Applicable,Not Applicable,City/Town,Open area,Not Applicable,No,Grievous Injury,Hit pedestrian,Not at  Junction,Curve,Not Applicable,Not Applicable,Dry,Not Applicable,Clear,NR COLONY,KATTE BALAGA POST OFFICE NEAR,100MTR,0.0,0.0,0,0,0.0,0.0
Bengaluru City,Basavanagudi Traffic PS,1.04432e+16,2023,1,2,Road Accidents,Not Applicable,City/Town,Open area,Vehicle Defect,No,Grievous Injury,Vehicle to Vehicle,No signal lights,Not Applicable,Others,Bitumen(Tar),Dry,Not Applicable,Clear,RAMANJNEYA ROAD,SHANI MAHATMA TEMPLE,100MTR,12.944796,77.556701,0,0,0.0,0.0
Bengaluru City,Basavanagudi Traffic PS,1.04432e+16,2023,1,2,Road Accidents,Circle,City/Town,Open area,Human Error,No,Grievous Injury,Vehicle to Vehicle,Uncontrolled,Curve,Others,Bitumen(Tar),Dry,Not Applicable,Cloudy,Nagasandra circal,Nagasandra crical,1 km,12.936811,77.572877,0,0,0.0,0.0
Bengaluru City,Basavanagudi Traffic PS,1.04432e+16,2023,1,2,Road Accidents,Cross roads,City/Town,Residential area,Human Error,Not Applicable,Grievous Injury,Vehicle to Vehicle,Uncontrolled,Not Applicable,Residential Street,Bitumen(Tar),Dry,Not Applicable,Cloudy,50 FEET ROAD HANUMANTHANAGAR,50 fit road ganesh clinic,2.5 km,12.941775,77.556926,0,0,0.0,0.0
Bengaluru City,Basavanagudi Traffic PS,1.04432e+16,2023,1,1,Road Accidents,Not Applicable,City/Town,Open area,Not Applicable,Not Applicable,Grievous Injury,Not Applicable,No signal lights,Hump,One way,Bitumen(Tar),Dry,Not Applicable,Clear,KANAKA PALYA ROAD,TRINITY HOSPITAL,50MTR,12.944393,77.579659,0,0,0.0,0.0
Bengaluru City,Basavanagudi Traffic PS,1.04432e+16,2023,1,2,Road Accidents,Cross roads,City/Town,Open area,Vehicle Defect,No,Fatal,Vehicle to Vehicle,No signal lights,Others,Not Applicable,Bitumen(Tar),Others,Not Applicable,Clear,GOVINDAPPA ROAD,NEAR SBI BANK,200MTR,12.946948,77.573314,0,1,0.0,1.0
Bengaluru City,Basavanagudi Traffic PS,1.04432e+16,2023,1,2,Road Accidents,Cross roads,City/Town,Open area,Not Applicable,Yes,Simple Injury,Vehicle to Vehicle,Signals (Working),Straight and flat,Others,Bitumen(Tar),Not Applicable,Not Applicable,Clear,NO 66/89 SOUTHCROSS ROAD BASAVANAGUDI,NEAR CHAITHANYA STORES,150MTR,0.0,0.0,0,0,0.0,0.0
Bengaluru City,Basavanagudi Traffic PS,1.04432e+16,2023,1,2,Road Accidents,Junction,City/Town,Open area,Not Applicable,No,Grievous Injury,Vehicle to Vehicle,Controlled,Not Applicable,Not Applicable,Not Applicable,Dry,Not Applicable,Clear,rv road,lalbhag juntion,1km,0.0,0.0,0,0,0.0,0.0
Bengaluru City,Basavanagudi Traffic PS,1.04432e+16,2023,1,2,Road Accidents,Junction,City/Town,Open area,Not Applicable,No,Damage Only,Vehicle to Vehicle,Signals (Working),Others,Others,Bitumen(Tar),Dry,Not Applicable,Clear,LALBAG WESTGATE JUNCTION,Lalbag west gate Junction,50MTR,0.0,0.0,0,0,0.0,0.0
Bengaluru City,Basavanagudi Traffic PS,1.04432e+16,2023,1,2,Road Accidents,Not Applicable,City/Town,Open area,Not Applicable,No,Damage Only,Vehicle to Vehicle,No signal lights,Others,Mixed,Bitumen(Tar),Dry,Not Applicable,Clear,MADDURAMMA TEMPLE NEAR 50 FEET RD,MADDURAMMA TEMPLE,100MTR,0.0,0.0,0,0,0.0,0.0
Bengaluru City,Basavanagudi Traffic PS,1.04432e+16,2023,1,2,Road Accidents,Junction,City/Town,Open area,Not Applicable,No,Simple Injury,Vehicle to Vehicle,Signal lights Automatic,Others,Others,Not Applicable,Dry,Not Applicable,Clear,NATIONAL COLLEGE JUNCTION,National College junction,100MTR,12.951019,77.573879,0,0,0.0,0.0
Bengaluru City,Basavanagudi Traffic PS,1.04432e+16,2023,1,2,Road Accidents,Narrow road,City/Town,Open area,Not Applicable,No,Grievous Injury,Vehicle to Vehicle,No signal lights,Not Applicable,Others,Bitumen(Tar),Dry,Not Applicable,Clear,5th main road chamaraj pet,NEAR INDIAN PETROL BUNK,100MTR,0.0,0.0,0,0,0.0,0.0
Bengaluru City,Basavanagudi Traffic PS,1.04432e+16,2023,1,2,Road Accidents,Not Applicable,City/Town,Open area,Not Applicable,No,Simple Injury,Vehicle to Vehicle,No signal lights,Not Applicable,Two way,Bitumen(Tar),Dry,Not Applicable,Clear,AVALAHALLI MAIN ROAD,50 FEET ROAD,500MTR,0.0,0.0,0,0,0.0,0.0
Bengaluru City,Basavanagudi Traffic PS,1.04432e+16,2023,1,1,Not Applicable,Narrow road,City/Town,Open area,Not Applicable,Yes,Grievous Injury,Hit pedestrian,Not at  Junction,Others,Others,Bitumen(Tar),Dry,Not Applicable,Clear,RAMANJNEYA ROAD,RAMANJNEYA ROAD,50 MTR,12.944923,77.558273,0,0,0.0,0.0
Bengaluru City,Basavanagudi Traffic PS,1.04432e+16,2023,1,1,Road Accidents,Not Applicable,City/Town,Open area,Not Applicable,No,Simple Injury,Vehicle to Vehicle,No signal lights,Not Applicable,Others,Bitumen(Tar),Dry,Not Applicable,Clear,NO 553,RAGI MICHION,100MTR,12.942231,77.556248,0,0,0.0,0.0
Bengaluru City,Basavanagudi Traffic PS,1.04432e+16,2023,1,2,Road Accidents,Junction,City/Town,Open area,Not Applicable,No,Simple Injury,Vehicle to Vehicle,Signals (Working),Straight and flat,Others,Bitumen(Tar),Dry,Not Applicable,Clear,YADIYUR JUNCTION AND MNK RAO ROAD JUNCTION KR ROAD,MNK RAO JUNCTION,0.5,0.0,0.0,0,0,0.0,0.0
Bengaluru City,Basavanagudi Traffic PS,1.04432e+16,2023,1,2,Road Accidents,Narrow road,City/Town,Near Petrol Pump,Human Error,No,Grievous Injury,Vehicle to Vehicle,Not Applicable,Not Applicable,Not Applicable,Not Applicable,Dry,Not Applicable,Clear,RV ROAD,NATAYA GAS BUNK,1KM,0.0,0.0,0,0,0.0,0.0
Bengaluru City,Basavanagudi Traffic PS,1.04432e+16,2023,1,2,Road Accidents,Not Applicable,City/Town,Open area,Not Applicable,No,Simple Injury,Vehicle to Vehicle,No signal lights,Others,Not Applicable,Bitumen(Tar),Dry,Not Applicable,Clear,5th MAIN ROAD,PETROL BUNK,50 MTR,0.0,0.0,0,0,0.0,0.0
Bengaluru City,Basavanagudi Traffic PS,1.04432e+16,2023,1,2,Not Applicable,Not Applicable,City/Town,Open area,Not Applicable,No,Damage Only,Vehicle to Vehicle,No signal lights,Not Applicable,Not Applicable,Not Applicable,Dry,Not Applicable,Clear,KR ROAD BASAVANAGUDI,KR ROAD,50MTR,0.0,0.0,0,0,0.0,0.0
Bengaluru City,Basavanagudi Traffic PS,1.04432e+16,2023,1,2,Road Accidents,Junction,City/Town,Open area,Not Applicable,Yes,Grievous Injury,Vehicle to Vehicle,Signal lights Automatic,Not Applicable,Others,Concrete,Dry,Not Applicable,Clear,LALBAG WESTGATE JUNCTION,LALBAG WESTGATE,50MTR,0.0,0.0,0,0,0.0,0.0
Bengaluru City,Basavanagudi Traffic PS,1.04432e+16,2023,1,2,Road Accidents,Not Applicable,City/Town,Open area,Not Applicable,No,Simple Injury,Vehicle to Vehicle,Not at  Junction,Others,Others,Bitumen(Tar),Dry,Not Applicable,Clear,KG NAGARA MAIN ROAD,KEMPEGOWDA STATUE,50MTR,12.949224,77.562469,0,0,0.0,0.0
Bengaluru City,Basavanagudi Traffic PS,1.04432e+16,2023,1,2,Road Accidents,Narrow road,City/Town,Residential area,Not Applicable,No,Fatal,Vehicle to Vehicle,No signal lights,Others,Two way,Bitumen(Tar),Dry,Not Applicable,Clear,10TH MAIN SRINAGARA,NEAR RAYAL TAILR,10MTR,12.942395,77.551017,0,0,0.0,0.0
Bengaluru City,Basavanagudi Traffic PS,1.04432e+16,2023,1,2,Road Accidents,Narrow road,City/Town,Near Bus stop,Human Error,No,Grievous Injury,Not Applicable,Uncontrolled,Straight and flat,Two way,Bitumen(Tar),Dry,Not Applicable,Clear,80 fit,80ft road,2.km,12.938333,77.556973,0,0,0.0,0.0
Bengaluru City,Basavanagudi Traffic PS,1.04432e+16,2023,1,2,Road Accidents,Narrow road,City/Town,Residential area,Not Applicable,Yes,Grievous Injury,Vehicle to Vehicle,No signal lights,Others,Others,Bitumen(Tar),Dry,Not Applicable,Clear,MODEL HOUSE STREET,RAGAVENDRA SWANY MATT,100MTR,0.0,0.0,0,0,0.0,0.0
Bengaluru City,Basavanagudi Traffic PS,1.04432e+16,2023,1,2,Road Accidents,Junction,City/Town,Open area,Not Applicable,No,Simple Injury,Vehicle to Vehicle,Signal lights Automatic,Others,Others,Bitumen(Tar),Not Applicable,Not Applicable,Clear,National College junction,PWSSB OFFICE,1KM,12.950842,77.573494,0,0,0.0,0.0
Bengaluru City,Basavanagudi Traffic PS,1.04432e+16,2023,1,1,Road Accidents,Curves,City/Town,Residential area,Not Applicable,No,Simple Injury,Hit pedestrian,Not Applicable,Others,Residential Street,Not Applicable,Dry,Not Applicable,Clear,MALLIKARJUNA TEMPLE STREET ROAD,APS SCHOOL NEAR,100MTR,0.0,0.0,0,0,0.0,0.0
Bengaluru City,Basavanagudi Traffic PS,1.04432e+16,2023,1,2,Road Accidents,Cross roads,City/Town,Near School or College,Not Applicable,Not Applicable,Not Applicable,Vehicle to Vehicle,No signal lights,Curve,Others,Bitumen(Tar),Dry,Not Applicable,Clear,2ND MAIN 9TH CROSS GAVIPURMA,2ND GAVIPURMA EXTETION,100 MT,12.94146,77.525317,0,0,0.0,0.0
Bengaluru City,Basavanagudi Traffic PS,1.04432e+16,2023,1,2,Road Accidents,Bottleneck,City/Town,Near Bus stop,Human Error,No,Damage Only,Vehicle to Vehicle,Controlled,Others,Two way,Bitumen(Tar),Dry,Not Applicable,Cloudy,KR ROAD,1KM,1KM,12.93882,77.57385,0,0,0.0,0.0
Bengaluru City,Basavanagudi Traffic PS,1.04432e+16,2023,1,2,Road Accidents,Curves,City/Town,Open area,Not Applicable,No,Grievous Injury,Vehicle to Vehicle,No signal lights,Others,Two way,Bitumen(Tar),Others,Not Applicable,Clear,UTTARADI MATT ROAD,UTTARADI MATT,50MTR,12.948463,77.572209,0,1,0.0,1.0
Bengaluru City,Basavanagudi Traffic PS,1.04432e+16,2023,1,2,Road Accidents,Narrow road,City/Town,Open area,Not Applicable,Yes,Grievous Injury,Vehicle to Vehicle,Not at  Junction,Others,Others,Bitumen(Tar),Dry,Not Applicable,Clear,KALIDAS CIRCLE,NO 91 22 2ND CROSS 2ND CROSS,100MTR,12.951246,77.549543,0,0,0.0,0.0
Bengaluru City,Basavanagudi Traffic PS,1.04432e+16,2023,1,2,Not Applicable,Not Applicable,City/Town,Residential area,Not Applicable,Yes,Damage Only,Vehicle to Vehicle,Not Applicable,Straight and flat,Residential Street,Bitumen(Tar),Dry,Not Applicable,Not Applicable,NO 104 PRASHANTHI BALU ENCLAVE SOUTH CROSS ROAD,OSUTH CROSS ROAD,1 KM,0.0,0.0,0,0,0.0,0.0
Bengaluru City,Basavanagudi Traffic PS,1.04432e+16,2023,1,2,Road Accidents,Not Applicable,City/Town,Open area,Not Applicable,No,Grievous Injury,Vehicle to Vehicle,Signals (Working),Others,Mixed,Bitumen(Tar),Not Applicable,Not Applicable,Clear,YADIYUR JUNCTION,OLD KANAKAPUARA ROAD,50,0.0,0.0,0,0,0.0,0.0
Bengaluru City,Basavanagudi Traffic PS,1.04432e+16,2023,1,2,Not Applicable,Not Applicable,City/Town,Open area,Not Applicable,No,Grievous Injury,Vehicle to Vehicle,No signal lights,Others,Others,Bitumen(Tar),Dry,Not Applicable,Clear,WATER TANK ROAD,NEAR PES COLLEGE,100MTR,0.0,0.0,0,0,0.0,0.0
Bengaluru City,Basavanagudi Traffic PS,1.04432e+16,2023,1,2,Road Accidents,Narrow road,City/Town,Open area,Not Applicable,No,Damage Only,Vehicle to Vehicle,No signal lights,Others,Not Applicable,Not Applicable,Others,Not Applicable,Clear,THYAGARAJ NAGAR QUATRESS,KEB QUATRESS,200MTR,0.0,0.0,0,1,0.0,1.0
Bengaluru City,Basavanagudi Traffic PS,1.04432e+16,2023,1,2,Road Accidents,Offset,City/Town,Open area,Not Applicable,Yes,Grievous Injury,Vehicle to Vehicle,No signal lights,Others,Two way,Bitumen(Tar),Dry,Not Applicable,Clear,NEAR GANESH BHAVANA,MOUNT JOY ROAD,100MTR,12.94462,77.564507,0,0,0.0,0.0
Bengaluru City,Basavanagudi Traffic PS,1.04432e+16,2023,1,2,Road Accidents,Junction,City/Town,Residential area,Not Applicable,No,Simple Injury,Vehicle to Vehicle,No signal lights,Curve,Others,Bitumen(Tar),Dry,Not Applicable,Clear,2ND CROSS 6TH MAIN ROAD JUNCTION HNAUMANTH NAGAR,2ND CROSS HANUMANTH NAGAR,100,12.9459,77.562253,0,0,0.0,0.0
Bengaluru City,Basavanagudi Traffic PS,1.04432e+16,2023,1,2,Other Railway Accidents,Not Applicable,City/Town,Residential area,Not Applicable,Yes,Grievous Injury,Vehicle to Vehicle,No signal lights,Others,Two way,Bitumen(Tar),Dry,Not Applicable,Clear,5TH MAIN CHAMARAJAPETE,ADARSHA COLLEGE,100MTR,12.956375,77.56143,0,0,0.0,0.0
Bengaluru City,Basavanagudi Traffic PS,1.04432e+16,2023,1,2,Road Accidents,Narrow road,City/Town,Near office complex,Human Error,No,Grievous Injury,Vehicle to Vehicle,Uncontrolled,Straight and flat,Others,Bitumen(Tar),Dry,Not Applicable,Cloudy,R V ROAD,LALBHAGH METRO STATION,1.5KM,12.947799,77.580014,0,0,0.0,0.0
Bengaluru City,Basavanagudi Traffic PS,1.04432e+16,2023,1,2,Road Accidents,Not Applicable,City/Town,Near School or College,Not Applicable,No,Simple Injury,Vehicle to Vehicle,Not at  Junction,Others,Residential Street,Bitumen(Tar),Dry,Not Applicable,Clear,BMS HOSTAL ROAD NR COLONY,DATTATREYA TEMPLE,100mtr,0.0,0.0,0,0,0.0,0.0
Bengaluru City,Basavanagudi Traffic PS,1.04432e+16,2023,1,2,Not Applicable,Narrow road,City/Town,Open area,Not Applicable,Yes,Grievous Injury,Vehicle to Vehicle,Not at  Junction,Others,Others,Bitumen(Tar),Dry,Not Applicable,Clear,3rd cross kattebalaga park,KATTEBALAGA PARK,50 MTR,12.938499,77.567985,0,0,0.0,0.0
Bengaluru City,Basavanagudi Traffic PS,1.04432e+16,2023,1,1,Road Accidents,Not Applicable,City/Town,Open area,Not Applicable,No,Grievous Injury,Vehicle to Vehicle,Not at  Junction,Others,Others,Bitumen(Tar),Dry,Not Applicable,Clear,PATALAMMA ROAD,JRR TOWER,100MTR,0.0,0.0,0,0,0.0,0.0
Bengaluru City,Basavanagudi Traffic PS,1.04432e+16,2023,1,2,Road Accidents,Cross roads,City/Town,Near School or College,Not Applicable,Not Applicable,Grievous Injury,Vehicle to Vehicle,Signals (Working),Not Applicable,Others,Bitumen(Tar),Dry,Not Applicable,Clear,BUGAL ROCK ROAD BASAVANAGUDI,BUGAL ROCK ROAD BASAVANAGUDI,100,12.943631,77.568758,0,0,0.0,0.0
Bengaluru City,Basavanagudi Traffic PS,1.04432e+16,2023,1,1,Road Accidents,Narrow road,City/Town,Open area,Human Error,Yes,Grievous Injury,Hit pedestrian,Not at  Junction,Others,Others,Bitumen(Tar),Dry,Not Applicable,Clear,RAGAVENDRA BLOCK,5TH MAIN RD SRINAGAR,100MTR,12.946282,77.552291,0,0,0.0,0.0
Bengaluru City,Basavanagudi Traffic PS,1.04432e+16,2023,1,2,Road Accidents,Cross roads,City/Town,Residential area,Human Error,No,Grievous Injury,Vehicle to Vehicle,Uncontrolled,Others,Residential Street,Bitumen(Tar),Dry,Not Applicable,Fine,5TH Main Road  Thyagaraj Nagar,THYAGARAJ NAGAR,1.5 KM,12.935692,77.566773,0,0,0.0,0.0
Bengaluru City,Basavanagudi Traffic PS,1.04432e+16,2023,1,3,Road Accidents,Junction,City/Town,Open area,Not Applicable,No,Grievous Injury,Vehicle to Vehicle,No signal lights,Others,Others,Bitumen(Tar),Dry,Not Applicable,Clear,RV ROAD,SOUTH END METRO STATION,50,12.939427,77.580149,0,0,0.0,0.0
Bengaluru City,Basavanagudi Traffic PS,1.04432e+16,2023,1,2,Not Applicable,Not Applicable,City/Town,Near Hospital,Not Applicable,No,Simple Injury,Not Applicable,Not Applicable,Straight and flat,Two way,Bitumen(Tar),Dry,Not Applicable,Clear,NAGENDRAPPA BLOCK,NEAR KUSUMA HOSPITAL,0.5,0.0,0.0,0,0,0.0,0.0
Bengaluru City,Basavanagudi Traffic PS,1.04432e+16,2023,1,2,Road Accidents,Not Applicable,City/Town,Open area,Not Applicable,No,Simple Injury,Vehicle to Vehicle,No signal lights,Others,Others,Bitumen(Tar),Dry,Not Applicable,Clear,VASAVI CHOUTRY,SHESHMAHAL JUNCTION,100MTR,0.0,0.0,0,0,0.0,0.0
Bengaluru City,Basavanagudi Traffic PS,1.04432e+16,2023,1,1,Road Accidents,Narrow road,City/Town,Open area,Not Applicable,No,Grievous Injury,Hit pedestrian,No signal lights,Others,Two way,Bitumen(Tar),Dry,Not Applicable,Clear,80 FEET ROAD,NEAR SERMIX SHOP,100MTR,12.937444,77.560326,0,0,0.0,0.0
Bengaluru City,Basavanagudi Traffic PS,1.04432e+16,2023,1,2,Road Accidents,Junction,City/Town,Open area,Not Applicable,No,Grievous Injury,Vehicle to Vehicle,Signal lights Automatic,Others,State Highway,Bitumen(Tar),Dry,Not Applicable,Clear,RV JUNCTION,RV TEACHERS COLLEGE,100MTR,12.933677,77.586407,0,0,0.0,0.0
Bengaluru City,Basavanagudi Traffic PS,1.04432e+16,2023,1,1,Not Applicable,Not Applicable,City/Town,Open area,Not Applicable,No,Grievous Injury,Hit pedestrian,No signal lights,Not Applicable,Two way,Bitumen(Tar),Dry,Not Applicable,Clear,80 feet road,Khadim shoe room,50 mtr,0.0,0.0,0,0,0.0,0.0
Bengaluru City,Basavanagudi Traffic PS,1.04432e+16,2023,1,2,Road Accidents,Cross roads,City/Town,Near Bus stop,Not Applicable,Yes,Grievous Injury,Vehicle to Vehicle,No signal lights,Curve,One way,Bitumen(Tar),Wet,Not Applicable,Clear,4TH CROSS DEVI DARASHAN HANUMANTH NAGAR,DEVI DARSHAN HANUMANTH NAGAR,100,12.932857,77.546942,0,3,0.0,3.0
Bengaluru City,Basavanagudi Traffic PS,1.04432e+16,2023,1,1,Road Accidents,Curves,City/Town,Residential area,Human Error,No,Grievous Injury,Hit pedestrian,Uncontrolled,Others,Residential Street,Bitumen(Tar),Dry,Not Applicable,Clear,R V ROAD,Near Vijaya college,1km,12.941511,77.58091,0,0,0.0,0.0
Bengaluru City,Basavanagudi Traffic PS,1.04432e+16,2023,1,2,Road Accidents,Not Applicable,City/Town,Open area,Not Applicable,No,Damage Only,Vehicle to Vehicle,No signal lights,Others,Others,Bitumen(Tar),Dry,Not Applicable,Clear,6TH CROSS JUNCTION,6TH CROSS JUNCTION,100MTR,12.9459,77.562253,0,0,0.0,0.0
Bengaluru City,Basavanagudi Traffic PS,1.04432e+16,2023,1,1,Road Accidents,Narrow road,City/Town,Residential area,Not Applicable,No,Damage Only,Vehicle to Vehicle,No signal lights,Others,Others,Bitumen(Tar),Dry,Not Applicable,Clear,nijaguna road,shekar hospital,500MTR,12.93614,77.571732,0,0,0.0,0.0