DISTRICTNAME,UNITNAME,Crime_No,Year,RI,Noofvehicle_involved,Accident_Classification,Accident_Spot,Accident_Location,Accident_SubLocation,Main_Cause,Hit_Run,Severity,Collision_Type,Junction_Control,Road_Character,Road_Type,Surface_Type,Surface_Condition,Road_Condition,Weather,Accident_Road,Landmark_first,Distance_LandMark_First,Latitude,Longitude,Road_Condition_Score,Surface_Condition_Score,Surface_Type_Score,Road_Risk_Index
Bengaluru City,Basavanagudi Traffic PS,1.04432e+16,2023,1,2,Road Accidents,Cross roads,City/Town,Open area,Vehicle Defect,No,Damage Only,Vehicle to Vehicle,No signal lights,Others,Others,Bitumen(Tar),Dry,Not Applicable,Clear,KANAKANAPALYA ROAD,TRINITY HOSPITAL,50MTR,12.944124,77.57902,0,0,0.0,0.0
Bengaluru City,Basavanagudi Traffic PS,1.04432e+16,2023,1,2,Road Accidents,Junction,City/Town,Open area,Human Error,No,Grievous Injury,Vehicle to Vehicle,Not Applicable,Not Applicable,Others,Not Applicable,Not Applicable,Not Applicable,Clear,mnk rov road,lalbhag juntion,1km,0.0,0.0,0,0,0.0,0.0
Bengaluru City,Basavanagudi Traffic PS,1.04432e+16,2023,1,2,Road Accidents,Not Applicable,City/Town,Open area,Not Applicable,No,Grievous Injury,Vehicle to Vehicle,Not Applicable,Others,Others,Bitumen(Tar),Others,Not Applicable,Others,50 FEET ROAD,SOUTH JUCE CENTER,100MTR,12.941854,77.561058,0,1,0.0,1.0
Bengaluru City,Basavanagudi Traffic PS,1.04432e+16,2023,1,2,Road Accidents,Narrow road,City/Town,Open area,Not Applicable,No,Grievous Injury,Vehicle to Vehicle,Not at  Junction,Others,Others,Bitumen(Tar),Dry,Not Applicable,Clear,6th MAIN 1ST CROSS ASHOK NAGAR,NEAR APEX TUTORIAL,100MTR,12.940798,77.565956,0,0,0.0,0.0
Bengaluru City,Basavanagudi Traffic PS,1.04432e+16,2023,1,2,Road Accidents,Junction,City/Town,Open area,Not Applicable,Yes,Grievous Injury,Vehicle to Vehicle,Signals (Working),Not Applicable,Others,Bitumen(Tar),Not Applicable,Not Applicable,Clear,R V Road,Lalbag west gate Junction,100,0.0,0.0,0,0,0.0,0.0
Bengaluru City,Basavanagudi Traffic PS,1.04432e+16,2023,1,2,Road Accidents,Narrow road,City/Town,Open area,Not Applicable,No,Simple Injury,Not Applicable,Not at  Junction,Not Applicable,Two way,Bitumen(Tar),Dry,Not Applicable,Clear,DATTATREYA NAGAR,DATHATREYA NAGAR,100MTR,0.0,0.0,0,0,0.0,0.0
Bengaluru City,Basavanagudi Traffic PS,1.04432e+16,2023,1,2,Not Applicable,Circle,City/Town,Open area,Human Error,No,Damage Only,Vehicle to Vehicle,Uncontrolled,Straight and flat,Others,Concrete,Dry,Not Applicable,Clear,R v Road,Rv road,1km,12.943638,77.580192,0,0,0.0,0.0
Bengaluru City,Basavanagudi Traffic PS,1.04432e+16,2023,1,2,Road Accidents,Narrow road,City/Town,Near Hospital,Human Error,No,Simple Injury,Vehicle to Vehicle,Not Applicable,Not Applicable,Two way,Bitumen(Tar),Dry,Not Applicable,Clear,kanakpalya,Near treenty Hospital,1km,12.943595,77.579289,0,0,0.0,0.0
Bengaluru City,Basavanagudi Traffic PS,1.04432e+16,2023,1,1,Road Accidents,Not Applicable,City/Town,Residential area,Not Applicable,No,Simple Injury,Hit pedestrian,No signal lights,Others,Others,Bitumen(Tar),Others,Not Applicable,Clear,PIPELINE ROAD,PIPELINE ROAD,100MTR,12.945886,77.556415,0,1,0.0,1.0
Bengaluru City,Basavanagudi Traffic PS,1.04432e+16,2023,1,2,Not Applicable,Cross roads,City/Town,Open area,Not Applicable,No,Grievous Injury,Vehicle to Vehicle,No signal lights,Others,One way,Bitumen(Tar),Others,Not Applicable,Clear,BUGAL ROCK ROAD,BMS  WOMEN COLLEGE,100MTR,12.944611,77.569453,0,1,0.0,1.0
Bengaluru City,Basavanagudi Traffic PS,1.04432e+16,2023,1,3,Road Accidents,Cross roads,City/Town,Near Hospital,Human Error,Not Applicable,Damage Only,Vehicle to Vehicle,No signal lights,Not Applicable,Two way,Concrete,Dry,Not Applicable,Clear,SOUTH END ROAD  NEAR NAGASANDRA CIRCLE BASAVANAGUDI,RIZARWARIER ROAD,50,12.936658,77.574008,0,0,0.0,0.0
Bengaluru City,Basavanagudi Traffic PS,1.04432e+16,2023,1,2,Road Accidents,Not Applicable,City/Town,Open area,Not Applicable,Yes,Damage Only,Vehicle to Vehicle,No signal lights,Others,Others,Bitumen(Tar),Dry,Not Applicable,Clear,UMAR SHARIF ROAD,UMARSHARIF ROAD,100MTR,12.942314,77.578624,0,0,0.0,0.0
Bengaluru City,Bellanduru Traffic PS,1.04432e+16,2023,1,1,Road Accidents,Not Applicable,City/Town,At pedestrian Crossing,Not Applicable,No,Grievous Injury,Hit pedestrian,Not Applicable,Others,Two way,Bitumen(Tar),Dry,Not Applicable,Clear,In front Of HM Symphony Apartments,KASAVANHALLI MAIN,4 Kms,12.900226,77.6754306,0,0,0.0,0.0
Bengaluru City,Bellanduru Traffic PS,1.04432e+16,2023,1,1,Road Accidents,Not Applicable,City/Town,Open area,Not Applicable,No,Grievous Injury,Not Applicable,Not Applicable,Not Applicable,Others,Not Applicable,Others,Not Applicable,Not Applicable,NEW 150 FT  KASONA ROAD,BHOGANAHALLI,4KM,0.0,0.0,0,1,0.0,1.0
Bengaluru City,Bellanduru Traffic PS,1.04432e+16,2023,1,1,Road Accidents,Cross roads,City/Town,Residential area,Not Applicable,No,Grievous Injury,Not Applicable,Not Applicable,Not Applicable,Others,Not Applicable,Dry,Not Applicable,Clear,"2ND CROSS, JAYARAMREDDY LAYOUT",2ND CROSS,3KM,12.9044709,77.6767701,0,0,0.0,0.0
Bengaluru City,Bellanduru Traffic PS,1.04432e+16,2023,1,2,Road Accidents,Narrow road,City/Town,Residential area,Not Applicable,Yes,Fatal,Vehicle to Vehicle,Not Applicable,Others,Two way,Bitumen(Tar),Dry,Not Applicable,Clear,HARALURU MAIN ROAD,HARALURU MAIN ROAD,3 km,12.916242,77.667734,0,0,0.0,0.0
Bengaluru City,Bellanduru Traffic PS,1.04432e+16,2023,1,1,Road Accidents,Not Applicable,City/Town,At pedestrian Crossing,Not Applicable,No,Grievous Injury,Hit pedestrian,Not Applicable,Others,Others,Bitumen(Tar),Dry,Not Applicable,Clear,SARJAPURA ROAD,Near Bellanduru POlice Station,2 Kms,12.919324,77.668156,0,0,0.0,0.0
Bengaluru City,Bellanduru Traffic PS,1.04432e+16,2023,1,1,Road Accidents,Not Applicable,City/Town,Open area,Not Applicable,No,Grievous Injury,Hit pedestrian,Not Applicable,Others,Others,Bitumen(Tar),Dry,Not Applicable,Clear,SARJAPURA ROAD,Near Nandhi Kitchen,4 km,12.907904,77.693394,0,0,0.0,0.0
Bengaluru City,Bellanduru Traffic PS,1.04432e+16,2023,1,2,Road Accidents,Not Applicable,City/Town,Near School or College,Not Applicable,No,Grievous Injury,Vehicle to Vehicle,Not Applicable,Others,Others,Bitumen(Tar),Dry,Not Applicable,Clear,GEAR SCHOOL ROAD,Opp Chaithanya College,5 km,12.909856,77.696974,0,0,0.0,0.0
Bengaluru City,Bellanduru Traffic PS,1.04432e+16,2023,1,2,Road Accidents,Junction,City/Town,Near a religious place,Not Applicable,No,Grievous Injury,Vehicle to Vehicle,No signal lights,Others,Two way,Bitumen(Tar),Dry,Not Applicable,Clear,SARJAPURA ROAD,OPP M R GARAGE,5 KMS,12.906534,77.697851,0,0,0.0,0.0
Bengaluru City,Bellanduru Traffic PS,1.04432e+16,2023,1,1,Road Accidents,Not Applicable,City/Town,Near office complex,Not Applicable,No,Grievous Injury,Hit pedestrian,Not at  Junction,Others,Two way,Bitumen(Tar),Dry,Not Applicable,Clear,AMRUTHA COLLAGE ROAD,NEAR CHOODA SANDRA CIRCLE,0.5 KM,12.889573,77.673161,0,0,0.0,0.0
Bengaluru City,Bellanduru Traffic PS,1.04432e+16,2023,1,2,Not Applicable,Cross roads,City/Town,In bazaar,Not Applicable,No,Fatal,Vehicle to Vehicle,Not Applicable,Not Applicable,Residential Street,Bitumen(Tar),Dry,Not Applicable,Clear,CHIKKANAYAKANAHALLI,OPP PANCHAMUKI ANJANEYA TEMPLE,5KM,12.9030035,77.6959806,0,0,0.0,0.0
Bengaluru City,Bellanduru Traffic PS,1.04432e+16,2023,1,1,Road Accidents,Narrow road,City/Town,Near a religious place,Not Applicable,Yes,Grievous Injury,Hit pedestrian,No signal lights,Others,Residential Street,Bitumen(Tar),Dry,Not Applicable,Clear,OPP RAIN DROP KEEP FALLING ON MY HEAD,HARALURU MAIN ROAD,3KM,12.917463,77.66842,0,0,0.0,0.0
Bengaluru City,Bellanduru Traffic PS,1.04432e+16,2023,1,2,Not Applicable,Not Applicable,City/Town,In bazaar,Not Applicable,No,Grievous Injury,Vehicle to Vehicle,Not Applicable,Not Applicable,Not Applicable,Bitumen(Tar),Dry,Not Applicable,Clear,HARALURU MAIN ROAD,HARALURU MAIN ROAD,2 KM,12.903628,77.661913,0,0,0.0,0.0
Bengaluru City,Bellanduru Traffic PS,1.04432e+16,2023,1,1,Road Accidents,Narrow road,City/Town,At pedestrian Crossing,Human Error,No,Fatal,Hit pedestrian,Not at  Junction,Not Applicable,Others,Bitumen(Tar),Dry,Not Applicable,Others,SARJAPURA ROAD,SARJAPURA ROAD,3 Kms,12.905846,77.699715,0,0,0.0,0.0
Bengaluru City,Bellanduru Traffic PS,1.04432e+16,2023,1,2,Road Accidents,Curves,City/Town,Open area,Not Applicable,No,Grievous Injury,Vehicle to Vehicle,No signal lights,Curve,Others,Bitumen(Tar),Dry,Not Applicable,Clear,"OUTER RING ROAD, OPP IBBALRU",OUTER RING ROAD OPP IBBALRU,1KM,12.922652,77.656297,0,0,0.0,0.0
Bengaluru City,Bellanduru Traffic PS,1.04432e+16,2023,1,2,Road Accidents,Narrow road,City/Town,Near School or College,Not Applicable,No,Fatal,Vehicle to Vehicle,Not Applicable,Not Applicable,Others,Bitumen(Tar),Dry,Not Applicable,Clear,KASAVANHALLI MAIN ROAD,KASAVANHALLI MAIN,3KM,12.897472,77.675031,0,0,0.0,0.0
Bengaluru City,Bellanduru Traffic PS,1.04432e+16,2023,1,2,Not Applicable,Junction,City/Town,Near Petrol Pump,Not Applicable,Yes,Grievous Injury,Vehicle to Vehicle,No signal lights,Not Applicable,Others,Bitumen(Tar),Dry,Not Applicable,Clear,SARJAPURA ROAD,SARJAPURA ROAD,2KM,12.914335,77.67622,0,0,0.0,0.0
Bengaluru City,Bellanduru Traffic PS,1.04432e+16,2023,1,2,Road Accidents,Not Applicable,City/Town,Near office complex,Not Applicable,Yes,Grievous Injury,Vehicle to Vehicle,Not Applicable,Not Applicable,Two way,Bitumen(Tar),Dry,Not Applicable,Others,KASAVANHALLI MAIN ROAD,Near Kasavanahalli Temple,3 KMS,0.0,0.0,0,0,0.0,0.0
Bengaluru City,Bellanduru Traffic PS,1.04432e+16,2023,1,2,Road Accidents,Narrow road,City/Town,Open area,Not Applicable,No,Grievous Injury,Vehicle to Vehicle,Not at  Junction,Not Applicable,Others,Bitumen(Tar),Dry,Construction Work / Material,Clear,"OUTER RING ROAD, OPP IBBALRU",OUTER RING ROAD OPP IBBALRU,1KM,12.922652,77.656297,2,0,0.0,2.0
Bengaluru City,Bellanduru Traffic PS,1.04432e+16,2023,1,1,Road Accidents,Not Applicable,City/Town,Open area,Not Applicable,No,Grievous Injury,Not Applicable,Not Applicable,Others,Two way,Bitumen(Tar),Dry,Not Applicable,Clear,SARJAPURA ROAD,BALAJI LAYOUT JUNCTION,1KM,12.918379,77.670565,0,0,0.0,0.0
Bengaluru City,Bellanduru Traffic PS,1.04432e+16,2023,1,2,Road Accidents,Not Applicable,City/Town,Near School or College,Not Applicable,No,Not Applicable,Vehicle to Vehicle,No signal lights,Others,Two way,Bitumen(Tar),Dry,Not Applicable,Others,AMRITHA COLLEGE ROAD,AMRITHA COLLEGE ROAD,3KM,12.893392,77.673992,0,0,0.0,0.0
Bengaluru City,Bellanduru Traffic PS,1.04432e+16,2023,1,1,Not Applicable,Not Applicable,City/Town,Near Bus stop,Not Applicable,No,Grievous Injury,Hit pedestrian,Not Applicable,Others,Not Applicable,Bitumen(Tar),Not Applicable,Not Applicable,Clear,SARJAPURA ROAD,SARJAPURA,1KM,12.917409,77.672698,0,0,0.0,0.0
Bengaluru City,Bellanduru Traffic PS,1.04432e+16,2023,1,2,Road Accidents,Cross roads,City/Town,Near Hospital,Not Applicable,No,Grievous Injury,Vehicle to Vehicle,Not Applicable,Curve,Others,Bitumen(Tar),Dry,Not Applicable,Clear,GREEN GLEN LAYOUT ROAD,Near Dr Sunny Medical Center,2 Km,12.926811,77.669748,0,0,0.0,0.0
Bengaluru City,Bellanduru Traffic PS,1.04432e+16,2023,1,1,Road Accidents,Junction,City/Town,Near Bus stop,Not Applicable,No,Grievous Injury,Hit pedestrian,Not Applicable,Not Applicable,Others,Bitumen(Tar),Others,Not Applicable,Clear,SARJAPURA ROAD,Doddakannalli Bus Stop,5 Kms,12.907367,77.695523,0,1,0.0,1.0
Bengaluru City,Bellanduru Traffic PS,1.04432e+16,2023,1,2,Road Accidents,Not Applicable,City/Town,Open area,Not Applicable,No,Grievous Injury,Vehicle to Vehicle,Not at  Junction,Not Applicable,Others,Bitumen(Tar),Dry,Not Applicable,Clear,"OUTER RING ROAD, OPP IBBALRU ARMY LAND",OUTER RING ROAD OPP IBBALRU,0.5 KM,12.923417,77.65656,0,0,0.0,0.0
Bengaluru City,Bellanduru Traffic PS,1.04432e+16,2023,1,1,Road Accidents,Narrow road,City/Town,Residential area,Not Applicable,Yes,Grievous Injury,Hit pedestrian,Not Applicable,Not Applicable,Two way,Bitumen(Tar),Dry,Not Applicable,Clear,KASAVANHALLI MAIN ROAD,INFRONT OF PLAY ARENA,2 KM,12.911452,77.676597,0,0,0.0,0.0
Bengaluru City,Bellanduru Traffic PS,1.04432e+16,2023,1,2,Road Accidents,Narrow road,City/Town,Narrow bridge or culverts,Not Applicable,No,Damage Only,Vehicle to Vehicle,Not Applicable,Not Applicable,Others,Bitumen(Tar),Dry,Not Applicable,Clear,BELLANDURU SERVICE ROAD,BELLANDURU BRIDGE,1 KMS,12.925124,77.674414,0,0,0.0,0.0
Bengaluru City,Bellanduru Traffic PS,1.04432e+16,2023,1,1,Road Accidents,Not Applicable,City/Town,In bazaar,Not Applicable,No,Grievous Injury,Hit pedestrian,Not at  Junction,Not Applicable,Others,Bitumen(Tar),Dry,Not Applicable,Clear,Radhareddy Layout Bus Stop,SARJAPURA ROAD,3 KM,12.908717,77.689938,0,0,0.0,0.0
Bengaluru City,Bellanduru Traffic PS,1.04432e+16,2023,1,1,Road Accidents,Curves,City/Town,Open area,Not Applicable,No,Fatal,Not Applicable,Uncontrolled,Curve,Two way,Bitumen(Tar),Dry,Not Applicable,Clear,HARALURU MAIN ROAD,OPP OZONE APT,2KM,12.909503,77.663933,0,0,0.0,0.0
Bengaluru City,Bellanduru Traffic PS,1.04432e+16,2023,1,2,Road Accidents,Narrow road,City/Town,Near Bus stop,Not Applicable,No,Fatal,Vehicle to Vehicle,Not at  Junction,Others,Others,Bitumen(Tar),Dry,Not Applicable,Clear,"OUTER RING ROAD, OPP Petrol Bunk Bus Stop",OPP Petrol Bunk Bus Stop,3 Km,12.922913,77.669182,0,0,0.0,0.0
Bengaluru City,Bellanduru Traffic PS,1.04432e+16,2023,1,2,Road Accidents,Narrow road,City/Town,Near Hospital,Not Applicable,Yes,Fatal,Vehicle to Vehicle,Not Applicable,Not Applicable,Others,Bitumen(Tar),Dry,Not Applicable,Clear,SARJAPURA ROAD,On Flyover,5 km,12.923557,77.655429,0,0,0.0,0.0
Bengaluru City,Bellanduru Traffic PS,1.04432e+16,2023,1,2,Not Applicable,Not Applicable,City/Town,Open area,Not Applicable,Not Applicable,Grievous Injury,Vehicle to Vehicle,No signal lights,Others,Service Road,Bitumen(Tar),Dry,Not Applicable,Clear,"OUTER RING ROAD, OPP IBBALRU",OUTER RING ROAD,0.5 KM,12.922652,77.656297,0,0,0.0,0.0
Bengaluru City,Bellanduru Traffic PS,1.04432e+16,2023,1,2,Road Accidents,Not Applicable,City/Town,Near or inside a village,Not Applicable,No,Damage Only,Vehicle to Vehicle,Not Applicable,Not Applicable,Service Road,Bitumen(Tar),Dry,Not Applicable,Clear,BELLANDURU SERVICE ROAD,BELLANDURU BATTERY SHOP,2 KMS,0.0,0.0,0,0,0.0,0.0
Bengaluru City,Bellanduru Traffic PS,1.04432e+16,2023,1,1,Road Accidents,Narrow road,City/Town,Residential area,Human Error,No,Grievous Injury,Not Applicable,Not at  Junction,Not Applicable,Residential Street,Bitumen(Tar),Dry,Not Applicable,Clear,GREEN GLEN LAYOUT,OPP SOBHA AQVAMARAIN APT,2,12.924161,77.669553,0,0,0.0,0.0
Bengaluru City,Bellanduru Traffic PS,1.04432e+16,2023,1,2,Road Accidents,Narrow road,City/Town,In bazaar,Not Applicable,No,Grievous Injury,Vehicle to Vehicle,Give way sign,Not Applicable,Two way,Bitumen(Tar),Dry,Not Applicable,Clear,GEAR SCHOOL ROAD,GEAR SCHOOL ROAD,5KM,12.92313,77.695309,0,0,0.0,0.0
Bengaluru City,Bellanduru Traffic PS,1.04432e+16,2023,1,1,Road Accidents,Cross roads,City/Town,Near a recreation place/cinema,Not Applicable,Yes,Grievous Injury,Hit pedestrian,Not Applicable,Others,Others,Bitumen(Tar),Dry,Not Applicable,Clear,SARJAPURA ROAD,Near South Inn Hotel,3 km,12.912338,77.681273,0,0,0.0,0.0
Bengaluru City,Bellanduru Traffic PS,1.04432e+16,2023,1,1,Road Accidents,Not Applicable,City/Town,Residential area,Not Applicable,Yes,Fatal,Hit pedestrian,Not at  Junction,Not Applicable,Others,Concrete,Dry,Not Applicable,Clear,"Owners Court, Kasavanahalli",Opp Samruddi Apartment,4 Kms,12.901253,77.676555,0,0,0.0,0.0
Bengaluru City,Bellanduru Traffic PS,1.04432e+16,2023,1,1,Not Applicable,Not Applicable,City/Town,Residential area,Not Applicable,No,Grievous Injury,Hit pedestrian,Not at  Junction,Not Applicable,Others,Bitumen(Tar),Dry,Not Applicable,Clear,SARJAPURA ROAD,OPP BHARATHIYA JALPAN HOTEL,2KM,12.91404,77.677402,0,0,0.0,0.0
Bengaluru City,Bellanduru Traffic PS,1.04432e+16,2023,1,2,Road Accidents,Not Applicable,City/Town,Open area,Not Applicable,No,Grievous Injury,Vehicle to Vehicle,Not Applicable,Others,Others,Bitumen(Tar),Dry,Not Applicable,Clear,Near Bellandur Upper Ramp,Bellandur Upper Ramp,3 km,12.927285,77.680123,0,0,0.0,0.0
Bengaluru City,Bellanduru Traffic PS,1.04432e+16,2023,1,2,Road Accidents,Junction,City/Town,Near Bus stop,Not Applicable,Yes,Grievous Injury,Vehicle to Vehicle,Not Applicable,Others,Others,Bitumen(Tar),Dry,Not Applicable,Clear,ORR,OPP IBLUR LAKE BUS STOP,500 MT,12.921043,77.665806,0,0,0.0,0.0
Bengaluru City,Bellanduru Traffic PS,1.04432e+16,2023,1,1,Road Accidents,Not Applicable,City/Town,In bazaar,Not Applicable,Yes,Grievous Injury,Not Applicable,Not Applicable,Not Applicable,Not Applicable,Bitumen(Tar),Dry,Not Applicable,Not Applicable,KASAVANHALLI MAIN ROAD,NEAR BIRIYANI MANE HOTEL,3 KM,0.0,0.0,0,0,0.0,0.0
Bengaluru City,Bellanduru Traffic PS,1.04432e+16,2023,1,1,Road Accidents,Cross roads,City/Town,Near Bus stop,Not Applicable,Yes,Grievous Injury,Hit bicyclist,Police / Manual,Curve,Others,Bitumen(Tar),Dry,Not Applicable,Clear,Ibluru Bus Stop Road,Near Iblur Lake,Iblur,12.922077,77.66756,0,0,0.0,0.0
Bengaluru City,Bellanduru Traffic PS,1.04432e+16,2023,1,2,Road Accidents,Curves,City/Town,Open area,Not Applicable,No,Grievous Injury,Vehicle to Vehicle,Not Applicable,Not Applicable,Others,Bitumen(Tar),Dry,Not Applicable,Clear,GEAR SCHOOL ROAD,GEAR SCHOOL ROAD,7 km,12.919516,77.69663,0,0,0.0,0.0
Bengaluru City,Byadarahalli PS,1.09772e+16,2016,1,1,Not Applicable,Narrow road,City/Town,Near Bus stop,Human Error,Not Applicable,Grievous Injury,Others,No signal lights,Others,City or Town Road,Bitumen(Tar),Dry,Not Applicable,Very Cold,Magadi main road,Bhyadarahalli bus stop,0,0.0,0.0,0,0,0.0,0.0
Bengaluru City,Byadarahalli PS,1.09772e+16,2016,1,1,Road Accidents,Other,City/Town,Near Bus stop,Human Error,No,Grievous Injury,Not Applicable,Not Applicable,Not Applicable,City or Town Road,Bitumen(Tar),Not Applicable,Not Applicable,Clear,Magadi main road,Herohalli Cross bus Stop,1.00Km,0.0,0.0,0,0,0.0,0.0
Bengaluru City,Byadarahalli PS,1.09772e+16,2016,1,1,Road Accidents,Narrow road,City/Town,Residential area,Human Error,No,Grievous Injury,Others,Not at  Junction,Curve,City or Town Road,Bitumen(Tar),Dry,Not Applicable,Clear,Tar road,Manganahalli  cross,4,0.0,0.0,0,0,0.0,0.0
Bengaluru City,Byadarahalli PS,1.09772e+16,2016,1,2,Road Accidents,Cross roads,City/Town,Near Hospital,Human Error,Yes,Fatal,Hit and Run,Not Applicable,Not Applicable,City or Town Road,Bitumen(Tar),Not Applicable,Not Applicable,Clear,Magadi Main Road,S S G Hospital,2,0.0,0.0,0,0,0.0,0.0
Bengaluru City,Byadarahalli PS,1.09772e+16,2016,1,1,Road Accidents,Curves,City/Town,Near Hospital,Human Error,Yes,Grievous Injury,Side swipe,Not Applicable,Curve,City or Town Road,Bitumen(Tar),Not Applicable,Not Applicable,Very Cold,Near karnataka bank,Near karnataka bank,2,0.0,0.0,0,0,0.0,0.0
Bengaluru City,Byadarahalli PS,1.09772e+16,2016,1,2,Road Accidents,Other,City/Town,Near a recreation place/cinema,Human Error,No,Damage Only,Others,Not Applicable,Not Applicable,City or Town Road,Bitumen(Tar),Dry,Not Applicable,Others,Muddinapalya Road,Bhimaparty Hall,2,0.0,0.0,0,0,0.0,0.0
Bengaluru City,Byadarahalli PS,1.09772e+16,2016,1,2,Road Accidents,Not Applicable,City/Town,Open area,Human Error,Yes,Grievous Injury,Hit and Run,Not Applicable,Not Applicable,City or Town Road,Bitumen(Tar),Dry,Not Applicable,Not Applicable,Mahadeswaranagara Main Road,prasanna Layout,3,0.0,0.0,0,0,0.0,0.0
Bengaluru City,Byadarahalli PS,1.09772e+16,2016,1,1,Road Accidents,Other,City/Town,Open area,Human Error,Yes,Simple Injury,Others,Not Applicable,Straight and flat,Others,Not Applicable,Dry,Not Applicable,Fine,Andrahalli,Near Bhagirathi HOtel,3KM,0.0,0.0,0,0,0.0,0.0
Bengaluru City,Byadarahalli PS,1.09772e+16,2016,1,1,Not Applicable,Not Applicable,Not Applicable,Near School or College,Not Applicable,No,Not Applicable,Not Applicable,Not Applicable,Not Applicable,Not Applicable,Bitumen(Tar),Dry,Not Applicable,Not Applicable,ullal road,ullal road,3 KM,0.0,0.0,0,0,0.0,0.0
Bengaluru City,Byadarahalli PS,1.09772e+16,2016,1,2,Road Accidents,Narrow road,City/Town,Near Bus stop,Human Error,Yes,Grievous Injury,Others,Not Applicable,Others,State Highway,Bitumen(Tar),Dry,Not Applicable,Very Cold,Magadi road,Dodagollarahatti bus stop,3,0.0,0.0,0,0,0.0,0.0
Bengaluru City,Byadarahalli PS,1.09772e+16,2016,1,2,Road Accidents,Other,City/Town,Near Bus stop,Human Error,Not Applicable,Grievous Injury,Others,Not Applicable,Not Applicable,One way,Bitumen(Tar),Dry,Not Applicable,Clear,Thungangara  road,Thunga nagara,2km,0.0,0.0,0,0,0.0,0.0
Bengaluru City,Byadarahalli PS,1.09772e+16,2016,1,1,Road Accidents,Other,City/Town,Residential area,Human Error,Yes,Fatal,Hit and Run,Not Applicable,Straight and flat,City or Town Road,Not Applicable,Dry,Not Applicable,Fine,"Near Mariya Sadan School, Vighneshwaranagar",Near Mariya Sadan School  Vighneshwaranagar,0.2 Km,0.0,0.0,0,0,0.0,0.0
Bengaluru City,Byadarahalli PS,1.09772e+16,2016,1,1,Road Accidents,Other,City/Town,Near Bus stop,Human Error,No,Grievous Injury,Others,Not Applicable,Others,City or Town Road,Bitumen(Tar),Dry,Not Applicable,Very Hot,Andrahalli main road,Andrahalli main road,4,0.0,0.0,0,0,0.0,0.0
Bengaluru City,Byadarahalli PS,1.09772e+16,2016,1,2,Road Accidents,Narrow road,City/Town,Near a factory industrial area,Human Error,Yes,Grievous Injury,Hit and Run,Give way sign,Others,City or Town Road,Bitumen(Tar),Not Applicable,No influence on accident,Fine,Tar,Andrahalli main road,3 KM,0.0,0.0,0,0,0.0,0.0
Bengaluru City,Byadarahalli PS,1.09772e+16,2016,1,1,Road Accidents,Cross roads,City/Town,Near a religious place,Human Error,Not Applicable,Grievous Injury,Others,Not Applicable,Curve,One way,Bitumen(Tar),Dry,Not Applicable,Very Cold,Venkteshwra temple,balaji layout,11-Feb,0.0,0.0,0,0,0.0,0.0
Bengaluru City,Byadarahalli PS,1.09772e+16,2016,1,2,Road Accidents,Other,City/Town,Near Bus stop,Human Error,Yes,Grievous Injury,Others,Not Applicable,Not Applicable,City or Town Road,Bitumen(Tar),Dry,Not Applicable,Very Hot,ullal upanagara,ullal upanagara,4,0.0,0.0,0,0,0.0,0.0
Bengaluru City,Byadarahalli PS,1.09772e+16,2016,1,2,Road Accidents,Curves,City/Town,Open area,Human Error,Yes,Grievous Injury,Hit and Run,Not Applicable,Not Applicable,City or Town Road,Bitumen(Tar),Not Applicable,Not Applicable,Clear,Ullalu Main Road,Ullalu Main Road,4 Km,0.0,0.0,0,0,0.0,0.0
Bengaluru City,Byadarahalli PS,1.09772e+16,2016,1,1,Road Accidents,Other,City/Town,Open area,Human Error,Yes,Simple Injury,Others,Not Applicable,Straight and flat,State Highway,Not Applicable,Not Applicable,Not Applicable,Very Hot,Doddagollarahatti,Magadi main Road,2KM,0.0,0.0,0,0,0.0,0.0
Bengaluru City,Byadarahalli PS,1.09772e+16,2016,1,2,Road Accidents,Other,City/Town,Near Hospital,Human Error,No,Simple Injury,Overturning,Not Applicable,Not Applicable,City or Town Road,Bitumen(Tar),Dry,Not Applicable,Clear,Magadi main road,Anjananagara,1,0.0,0.0,0,0,0.0,0.0
Bengaluru City,Byadarahalli PS,1.09772e+16,2016,1,1,Road Accidents,Other,City/Town,Near Petrol Pump,Human Error,Yes,Grievous Injury,Hit and Run,Not Applicable,Not Applicable,City or Town Road,Bitumen(Tar),Dry,Not Applicable,Clear,Magadi Main Road,H P Petrole Bunk,2,0.0,0.0,0,0,0.0,0.0
Bengaluru City,Byadarahalli PS,1.09772e+16,2016,1,1,Road Accidents,Circle,City/Town,Near Bus stop,Human Error,Yes,Grievous Injury,Hit and Run,Not Applicable,Curve,State Highway,Bitumen(Tar),Dry,No influence on accident,Fine,Tar,Near Petrol Bunk,2 km,0.0,0.0,0,0,0.0,0.0
Bengaluru City,Byadarahalli PS,1.09772e+16,2016,1,2,Road Accidents,Cross roads,City/Town,Near Bus stop,Human Error,No,Grievous Injury,Overturning,Not Applicable,Not Applicable,City or Town Road,Bitumen(Tar),Dry,Not Applicable,Clear,Magadi main road,Magadi main road Bharath petrole bunk,2km,0.0,0.0,0,0,0.0,0.0
Bengaluru City,Byadarahalli PS,1.09772e+16,2016,1,1,Road Accidents,Narrow road,City/Town,In bazaar,Human Error,No,Grievous Injury,Hit pedestrian,Not Applicable,Not Applicable,State Highway,Bitumen(Tar),Dry,No influence on accident,Fine,Near Vijayalakshmi Wins,Near Vijayalakshmi Wins,2 KM,0.0,0.0,0,0,0.0,0.0
Bengaluru City,Byadarahalli PS,1.09772e+16,2016,1,2,Road Accidents,Circle,City/Town,Residential area,Human Error,Yes,Simple Injury,Hit and Run,Not Applicable,Straight and flat,City or Town Road,Bitumen(Tar),Dry,No influence on accident,Fine,Muddinapalya Circle,Muddinapalya Circle,1 KM,0.0,0.0,0,0,0.0,0.0