DISTRICTNAME,UNITNAME,Crime_No,Year,RI,Noofvehicle_involved,Accident_Classification,Accident_Spot,Accident_Location,Accident_SubLocation,Main_Cause,Hit_Run,Severity,Collision_Type,Junction_Control,Road_Character,Road_Type,Surface_Type,Surface_Condition,Road_Condition,Weather,Accident_Road,Landmark_first,Distance_LandMark_First,Latitude,Longitude,Road_Condition_Score,Surface_Condition_Score,Surface_Type_Score,Road_Risk_Index
Bengaluru City,Byadarahalli PS,1.09772e+16,2016,1,1,Road Accidents,Cross roads,City/Town,Near School or College,Human Error,Yes,Fatal,Hit and Run,Not at  Junction,Curve and Incline,City or Town Road,Not Applicable,Dry,Not Applicable,Cloudy,Herohalli Road,Near S V School,0.1 Km,0.0,0.0,0,0,0.0,0.0
Bengaluru City,Byadarahalli PS,1.09772e+16,2016,1,1,Road Accidents,Cross roads,City/Town,Open area,Human Error,Yes,Simple Injury,Others,Not Applicable,Others,State Highway,Not Applicable,Dry,Not Applicable,Very Cold,Tunganagar Cross,Tunganagar Cross,2KM,0.0,0.0,0,0,0.0,0.0
Bengaluru City,Byadarahalli PS,1.09772e+16,2016,1,1,Not Applicable,Circle,City/Town,Near Bus stop,Human Error,Not Applicable,Grievous Injury,Run Off Road,No signal lights,Curve,Two way,Bitumen(Tar),Dry,Not Applicable,Very Hot,Ullalu upanagara,Ullalu Upanagara,0,0.0,0.0,0,0,0.0,0.0
Bengaluru City,Byadarahalli PS,1.09772e+16,2016,1,2,Road Accidents,Cross roads,City/Town,Near Bus stop,Human Error,Yes,Grievous Injury,Hit and Run,Not Applicable,Curve,Two way,Bitumen(Tar),Dry,Not Applicable,Cloudy,sindicet bank layout bus stop,sindicet bank layout,3 Km,0.0,0.0,0,0,0.0,0.0
Bengaluru City,Byadarahalli PS,1.09772e+16,2016,1,1,Road Accidents,Not Applicable,City/Town,Near Bus stop,Human Error,No,Grievous Injury,Others,Not Applicable,Not Applicable,NH,Bitumen(Tar),Dry,Not Applicable,Clear,byadaralli college stop road,Magdi main road,2.5 KM,0.0,0.0,0,0,0.0,0.0
Bengaluru City,Byadarahalli PS,1.09772e+16,2016,1,1,Road Accidents,Cross roads,City/Town,Near Hospital,Human Error,Yes,Grievous Injury,Not Applicable,Not Applicable,Not Applicable,State Highway,Not Applicable,Not Applicable,Not Applicable,Fine,Magadi Main Road,Sri Krishna Hospital,2.5 KM,0.0,0.0,0,0,0.0,0.0
Bengaluru City,Byadarahalli PS,1.09772e+16,2016,1,2,Road Accidents,Other,City/Town,Near School or College,Human Error,Yes,Fatal,Hit and Run,Not Applicable,Others,City or Town Road,Bitumen(Tar),Dry,Not Applicable,Clear,Anjananagar Muddinapalya Road,Gidadakonenahalli Gov School,0.2 Km,0.0,0.0,0,0,0.0,0.0
Bengaluru City,Byadarahalli PS,1.09772e+16,2016,1,1,Road Accidents,Other,City/Town,Near School or College,Human Error,Yes,Grievous Injury,Others,Not Applicable,Not Applicable,State Highway,Bitumen(Tar),Dry,Not Applicable,Clear,Magadi main Road,Magadi main road,2,0.0,0.0,0,0,0.0,0.0
Bengaluru City,Byadarahalli PS,1.09772e+16,2016,1,2,Road Accidents,Other,City/Town,Near Bus stop,Human Error,No,Grievous Injury,Others,Not Applicable,Not Applicable,City or Town Road,Bitumen(Tar),Dry,Not Applicable,Cloudy,D group layout,D group layout,2 km,0.0,0.0,0,0,0.0,0.0
Bengaluru City,Byadarahalli PS,1.09772e+16,2016,1,2,Road Accidents,Other,City/Town,Near Bus stop,Human Error,No,Damage Only,Hit parked vehicle,Not Applicable,Not Applicable,City or Town Road,Bitumen(Tar),Dry,No influence on accident,Clear,Magadi main Road,Gollarahatti bus stop,3 Km,0.0,0.0,0,0,0.0,0.0
Bengaluru City,Byadarahalli PS,1.09772e+16,2016,1,1,Road Accidents,Narrow road,City/Town,Near Bus stop,Human Error,No,Grievous Injury,Skidding or Self accident,Not Applicable,Others,State Highway,Bitumen(Tar),Dry,Not Applicable,Very Hot,Magadi main Road,Doddagollarahatti Bus Stop,3 Km,0.0,0.0,0,0,0.0,0.0
Bengaluru City,Byadarahalli PS,1.09772e+16,2016,1,2,Road Accidents,Other,City/Town,Near Bus stop,Human Error,Not Applicable,Grievous Injury,Others,Not Applicable,Not Applicable,One way,Bitumen(Tar),Dry,Not Applicable,Clear,Magadi road,Magadi road,2km,0.0,0.0,0,0,0.0,0.0
Bengaluru City,Byadarahalli PS,1.09772e+16,2016,1,2,Road Accidents,Other,City/Town,Open area,Human Error,Not Applicable,Grievous Injury,Others,Not Applicable,Others,City or Town Road,Bitumen(Tar),Dry,Not Applicable,Clear,Vishveshwrayya Lauyout,Vishveshwrayya Lauyout,3Km,0.0,0.0,0,0,0.0,0.0
Bengaluru City,Byadarahalli PS,1.09772e+16,2016,1,1,Road Accidents,Other,City/Town,Near Bus stop,Human Error,Not Applicable,Grievous Injury,Others,Not Applicable,Not Applicable,City or Town Road,Bitumen(Tar),Dry,Not Applicable,Clear,Magadi main road,Magadi main road,2km,0.0,0.0,0,0,0.0,0.0
Bengaluru City,Byadarahalli PS,1.09772e+16,2016,1,1,Road Accidents,Other,City/Town,Near Bus stop,Human Error,Yes,Grievous Injury,Others,Not Applicable,Not Applicable,City or Town Road,Bitumen(Tar),Dry,Not Applicable,Clear,muneshwara nagara,muneshwara nagara,3 Km,0.0,0.0,0,0,0.0,0.0
Bengaluru City,Byadarahalli PS,1.09772e+16,2016,1,1,Road Accidents,Other,City/Town,Near Bus stop,Human Error,No,Grievous Injury,Others,Not Applicable,Not Applicable,State Highway,Bitumen(Tar),Dry,Not Applicable,Very Hot,Magadi road,Magadi road,2 km,0.0,0.0,0,0,0.0,0.0
Bengaluru City,Byadarahalli PS,1.09772e+16,2016,1,1,Road Accidents,Not Applicable,City/Town,Near a religious place,Human Error,Yes,Grievous Injury,Hit and Run,Not Applicable,Not Applicable,City or Town Road,Bitumen(Tar),Dry,Not Applicable,Clear,Andrahalli Main Road,Bhilanjaneya tempal,2 km,0.0,0.0,0,0,0.0,0.0
Bengaluru City,Byadarahalli PS,1.09772e+16,2016,1,1,Road Accidents,Not Applicable,City/Town,Open area,Not Applicable,Yes,Grievous Injury,Hit and Run,Not Applicable,Not Applicable,City or Town Road,Not Applicable,Others,Not Applicable,Others,Road,Adduri Hotel Opp,3 KM,0.0,0.0,0,1,0.0,1.0
Bengaluru City,Byadarahalli PS,1.09772e+16,2016,1,1,Road Accidents,Not Applicable,City/Town,Near Bus stop,Human Error,No,Fatal,Not Applicable,Not Applicable,Straight and flat,State Highway,Bitumen(Tar),Dry,Engineering Defect of Road,Cloudy,Magadi Banglore Main Road,Near College Stop,0.2 Km,0.0,0.0,4,0,0.0,4.0
Bengaluru City,Byadarahalli PS,1.09772e+16,2016,1,2,Road Accidents,Other,City/Town,Near Bus stop,Human Error,No,Grievous Injury,Others,Not Applicable,Others,City or Town Road,Bitumen(Tar),Others,No influence on accident,Fine,Andrahalli Busstop,Andrahalli Busstop,2 KM,0.0,0.0,0,1,0.0,1.0
Bengaluru City,Byadarahalli PS,1.09772e+16,2016,1,1,Road Accidents,Narrow road,City/Town,Near Bus stop,Human Error,Not Applicable,Fatal,Others,Give way sign,Others,State Highway,Bitumen(Tar),Dry,Not Applicable,Very Cold,Nice road junctione,Gollarahatti bus stop,4,0.0,0.0,0,0,0.0,0.0
Bengaluru City,Byadarahalli PS,1.09772e+16,2016,1,2,Road Accidents,Narrow road,City/Town,Near Bus stop,Human Error,No,Damage Only,Overturning,Not Applicable,Not Applicable,City or Town Road,Bitumen(Tar),Dry,Not Applicable,Very Cold,Magadi Main Road,prakurthi daba,1,0.0,0.0,0,0,0.0,0.0
Bengaluru City,Byadarahalli PS,1.09772e+16,2016,1,1,Road Accidents,Other,City/Town,Near a recreation place/cinema,Human Error,Yes,Fatal,Hit and Run,Not Applicable,Not Applicable,State Highway,Bitumen(Tar),Dry,Not Applicable,Clear,Magadi Banglore Main Road,Doddagollarahatti Magadi Main Road,0.1 Km,0.0,0.0,0,0,0.0,0.0
Bengaluru City,Byadarahalli PS,1.09772e+16,2016,1,2,Road Accidents,Curves,City/Town,Near School or College,Human Error,No,Damage Only,Overturning,Not Applicable,Curve,City or Town Road,Bitumen(Tar),Not Applicable,Not Applicable,Clear,Ullalu Main Road,Ullalu Main Road,4,0.0,0.0,0,0,0.0,0.0
Bengaluru City,Byadarahalli PS,1.09772e+16,2016,1,1,Road Accidents,Curves,City/Town,At pedestrian Crossing,Human Error,Yes,Grievous Injury,Hit and Run,Not Applicable,Curve,City or Town Road,Bitumen(Tar),Dry,No influence on accident,Fine,D Grope Arch,D Grope Arch,2 km,0.0,0.0,0,0,0.0,0.0
Bengaluru City,Byadarahalli PS,1.09772e+16,2016,1,1,Not Applicable,Curves,City/Town,Near School or College,Human Error,Not Applicable,Grievous Injury,Overturning,Signal lights Not working,Curve,State Highway,Bitumen(Tar),Dry,Not Applicable,Others,Mahadeshwra nagara,Magadi main road,0,0.0,0.0,0,0,0.0,0.0
Bengaluru City,Byadarahalli PS,1.09772e+16,2016,1,2,Road Accidents,Other,City/Town,Near Bus stop,Human Error,Yes,Grievous Injury,Others,Not Applicable,Not Applicable,City or Town Road,Bitumen(Tar),Dry,Not Applicable,Cloudy,ullal upanagara,ullal upanagara,3km,0.0,0.0,0,0,0.0,0.0
Bengaluru City,Byadarahalli PS,1.09772e+16,2016,1,1,Road Accidents,Other,City/Town,Near School or College,Human Error,Yes,Grievous Injury,Hit and Run,Not Applicable,Not Applicable,City or Town Road,Bitumen(Tar),Dry,No influence on accident,Clear,Mahadeshwara nagara main raod,Near Oxbridge Collage,3 km,0.0,0.0,0,0,0.0,0.0
Bengaluru City,Byadarahalli PS,1.09772e+16,2016,1,2,Road Accidents,Other,City/Town,Near office complex,Human Error,Not Applicable,Simple Injury,Others,Not Applicable,Not Applicable,City or Town Road,Bitumen(Tar),Dry,Not Applicable,Clear,Andrahalli Main Road,Andrahalli main Road Near Old BBMP Office,4 Km,0.0,0.0,0,0,0.0,0.0
Bengaluru City,Byadarahalli PS,1.09772e+16,2016,1,1,Road Accidents,Other,City/Town,Open area,Human Error,Yes,Grievous Injury,Hit and Run,Not Applicable,Not Applicable,City or Town Road,Bitumen(Tar),Dry,Not Applicable,Clear,Bangaloru Magadi Road,Magadi main road,2,0.0,0.0,0,0,0.0,0.0
Bengaluru City,Byadarahalli PS,1.09772e+16,2016,1,1,Road Accidents,Other,City/Town,Near Bus stop,Human Error,No,Grievous Injury,Others,Not Applicable,Others,City or Town Road,Not Applicable,Others,No influence on accident,Fine,Normal,Vidyamanyanagara Busstop,2.5 KM,0.0,0.0,0,1,0.0,1.0
Bengaluru City,Byadarahalli PS,1.09772e+16,2016,1,1,Road Accidents,Circle,City/Town,Near Bus stop,Human Error,Not Applicable,Simple Injury,Not Applicable,Not Applicable,Not Applicable,City or Town Road,Bitumen(Tar),Dry,Not Applicable,Clear,Bangaloru Magadi Road,Anjananagara Bus Stop,1.00Km,0.0,0.0,0,0,0.0,0.0
Bengaluru City,Byadarahalli PS,1.09772e+16,2016,1,2,Road Accidents,Cross roads,City/Town,Near Bus stop,Human Error,Yes,Grievous Injury,Hit and Run,Not Applicable,Not Applicable,City or Town Road,Bitumen(Tar),Dry,Not Applicable,Others,Magadi main road,Magadi main road Bharath petrole bunk,2km,0.0,0.0,0,0,0.0,0.0
Bengaluru City,Byadarahalli PS,1.09772e+16,2016,1,1,Road Accidents,Other,City/Town,Near Bus stop,Human Error,Yes,Simple Injury,Others,Not at  Junction,Others,State Highway,Not Applicable,Dry,Not Applicable,Very Cold,Near Andrahalli Bus Stop,Bus Stop,3KM,0.0,0.0,0,0,0.0,0.0
Bengaluru City,Byadarahalli PS,1.09772e+16,2016,1,2,Road Accidents,Other,City/Town,Near a recreation place/cinema,Human Error,Yes,Simple Injury,Hit and Run,Not Applicable,Not Applicable,City or Town Road,Bitumen(Tar),Not Applicable,Not Applicable,Others,Ullala to manganahlalli road,Near Vajreshwary theater,3 km,0.0,0.0,0,0,0.0,0.0
Bengaluru City,Byadarahalli PS,1.09772e+16,2016,1,2,Road Accidents,Narrow road,City/Town,Near Petrol Pump,Human Error,Yes,Grievous Injury,Hit and Run,Not Applicable,Not Applicable,State Highway,Bitumen(Tar),Dry,No influence on accident,Fine,Magadi Main road,hindustan Petrol Bunk,2 km,0.0,0.0,0,0,0.0,0.0
Bengaluru City,Byadarahalli PS,1.09772e+16,2016,1,1,Road Accidents,Round about or Circle,City/Town,Near Bus stop,Human Error,Yes,Simple Injury,Others,Not Applicable,Curve,Two way,Bitumen(Tar),Dry,Not Applicable,Very Cold,ANADRAHALLI,ANDRAHALLI BUS STOPBUS STOP,3,0.0,0.0,0,0,0.0,0.0
Bengaluru City,Byadarahalli PS,1.09772e+16,2016,1,2,Road Accidents,Cross roads,City/Town,Near Bus stop,Human Error,Yes,Grievous Injury,Hit and Run,Not Applicable,Curve,State Highway,Bitumen(Tar),Dry,Not Applicable,Fine,Herohalli Cross,Herohalli Cross,0.5 KM,0.0,0.0,0,0,0.0,0.0
Bengaluru City,Byadarahalli PS,1.09772e+16,2016,1,2,Road Accidents,Other,City/Town,Near Bus stop,Human Error,Yes,Simple Injury,Not Applicable,Not Applicable,Not Applicable,Two way,Bitumen(Tar),Dry,Not Applicable,Clear,VISHWESWRAIAH LAYOUT,STATE BANK INDIA,4KM,0.0,0.0,0,0,0.0,0.0
Bengaluru City,Byadarahalli PS,1.09772e+16,2016,1,1,Road Accidents,Other,City/Town,Near Bus stop,Human Error,Not Applicable,Grievous Injury,Others,Not Applicable,Not Applicable,State Highway,Bitumen(Tar),Dry,Not Applicable,Very Hot,Magadi road,Magadi road,2km,0.0,0.0,0,0,0.0,0.0
Bengaluru City,Byadarahalli PS,1.09772e+16,2016,1,2,Road Accidents,Other,City/Town,Open area,Human Error,Not Applicable,Grievous Injury,Others,Not Applicable,Not Applicable,City or Town Road,Bitumen(Tar),Dry,Not Applicable,Clear,ullal upanagara,ullal upanagara,4,0.0,0.0,0,0,0.0,0.0
Bengaluru City,Byadarahalli PS,1.09772e+16,2016,1,2,Road Accidents,Cross roads,City/Town,Near Bus stop,Human Error,No,Grievous Injury,Rear end,Not Applicable,Others,State Highway,Bitumen(Tar),Dry,Not Applicable,Fine,tar,Mahadeswaranagara Cross,0.5 km,0.0,0.0,0,0,0.0,0.0
Bengaluru City,Byadarahalli PS,1.09772e+16,2016,1,2,Road Accidents,Other,City/Town,Open area,Human Error,Yes,Grievous Injury,Hit and Run,Not Applicable,Not Applicable,City or Town Road,Bitumen(Tar),Not Applicable,Not Applicable,Clear,Andrahalli Main Road,Herohlli Pools,1,0.0,0.0,0,0,0.0,0.0
Bengaluru City,Byadarahalli PS,1.09772e+16,2016,1,2,Road Accidents,Cross roads,City/Town,Near a religious place,Human Error,No,Simple Injury,Others,Not Applicable,Not Applicable,City or Town Road,Bitumen(Tar),Dry,Not Applicable,Not Applicable,Ullala Main Road,Vijay Cricetors,4,0.0,0.0,0,0,0.0,0.0
Bengaluru City,Byadarahalli PS,1.09772e+16,2016,1,1,Road Accidents,Not Applicable,City/Town,Near School or College,Human Error,No,Grievous Injury,Not Applicable,Not Applicable,Not Applicable,State Highway,Bitumen(Tar),Dry,Not Applicable,Clear,Magadi Main Road,Magdi main road,2.5 KM,0.0,0.0,0,0,0.0,0.0
Bengaluru City,Byadarahalli PS,1.09772e+16,2016,1,1,Road Accidents,Other,Not Applicable,Open area,Human Error,No,Grievous Injury,Hit pedestrian,Not Applicable,Not Applicable,Feeder Road,Kutcha,Dry,No influence on accident,Clear,Gollarahatti Pipe line road,Pipe line road,3 km,0.0,0.0,0,0,4.0,4.0
Bengaluru City,Byadarahalli PS,1.09772e+16,2016,1,1,Road Accidents,Other,City/Town,In bazaar,Human Error,Yes,Grievous Injury,Hit and Run,Not Applicable,Not Applicable,City or Town Road,Bitumen(Tar),Not Applicable,Not Applicable,Others,Tigalarapalya Main Road,Tigalarapalya Main Road Shiva Klinic,3,0.0,0.0,0,0,0.0,0.0
Bengaluru City,Byadarahalli PS,1.09772e+16,2016,1,2,Road Accidents,Not Applicable,City/Town,Residential area,Human Error,No,Damage Only,Others,Not Applicable,Not Applicable,City or Town Road,Bitumen(Tar),Not Applicable,Not Applicable,Not Applicable,Harsha Kalyana mantapa byadarahalli,Harsha Kalyana mantapa byadarahalli,2,0.0,0.0,0,0,0.0,0.0
Bengaluru City,Byadarahalli PS,1.09772e+16,2016,1,1,Road Accidents,Not Applicable,City/Town,Near Hospital,Human Error,Not Applicable,Grievous Injury,Not Applicable,Uncontrolled,Others,City or Town Road,Bitumen(Tar),Dry,Not Applicable,Others,Tar road,karanataka bank,1.00Km,0.0,0.0,0,0,0.0,0.0
Bengaluru City,Byadarahalli PS,1.09772e+16,2016,1,1,Road Accidents,Other,City/Town,Near School or College,Human Error,Not Applicable,Grievous Injury,Others,Not Applicable,Not Applicable,State Highway,Bitumen(Tar),Dry,Not Applicable,Very Hot,Magadi main road,Magadi main road,1,0.0,0.0,0,0,0.0,0.0
Bengaluru City,Byadarahalli PS,1.09772e+16,2016,1,2,Road Accidents,Other,City/Town,Near Bus stop,Human Error,Yes,Fatal,Others,Not Applicable,Curve,Two way,Bitumen(Tar),Dry,Not Applicable,Very Hot,KLECOLLEGE  RD,KLE COLLEGE,4,0.0,0.0,0,0,0.0,0.0
Bengaluru City,Byadarahalli PS,1.09772e+16,2016,1,2,Road Accidents,Cross roads,City/Town,Near Bus stop,Human Error,Not Applicable,Damage Only,Right Turn Collision,Not Applicable,Not Applicable,City or Town Road,Bitumen(Tar),Dry,Not Applicable,Not Applicable,Herohalli Cross,Herohalli Cross,0.5,0.0,0.0,0,0,0.0,0.0
Bengaluru City,Byadarahalli PS,1.09772e+16,2016,1,1,Road Accidents,Circle,City/Town,Near Bus stop,Human Error,No,Grievous Injury,Rear end,No signal lights,Others,City or Town Road,Bitumen(Tar),Dry,Not Applicable,Very Cold,Mudinapalaya circal,Near bus stop,0.0km,0.0,0.0,0,0,0.0,0.0
Bengaluru City,Byadarahalli PS,1.09772e+16,2016,1,2,Road Accidents,Other,Villages settlement,Near a religious place,Human Error,Yes,Grievous Injury,Others,Not Applicable,Not Applicable,City or Town Road,Bitumen(Tar),Not Applicable,Not Applicable,Not Applicable,BEL Main Road,Near Muneswara tempie,3,0.0,0.0,0,0,0.0,0.0
Bengaluru City,Byadarahalli PS,1.09772e+16,2016,1,1,Road Accidents,Other,City/Town,Near Bus stop,Human Error,Not Applicable,Grievous Injury,Others,Not Applicable,Others,City or Town Road,Bitumen(Tar),Dry,Not Applicable,Very Cold,Andrahalli main road,Andrahalli main road,3 Km,0.0,0.0,0,0,0.0,0.0
Bengaluru City,Byadarahalli PS,1.09772e+16,2016,1,2,Road Accidents,Circle,City/Town,Residential area,Human Error,Yes,Grievous Injury,Hit and Run,Not Applicable,Others,City or Town Road,Bitumen(Tar),Dry,No influence on accident,Fine,Muddinapalya Circle,Muddinapalya Circle,2km,0.0,0.0,0,0,0.0,0.0
Bengaluru City,Byadarahalli PS,1.09772e+16,2016,1,1,Road Accidents,Other,City/Town,Near Bus stop,Human Error,Yes,Grievous Injury,Others,No signal lights,Straight and flat,Others,Not Applicable,Not Applicable,Not Applicable,Very Cold,Magadi Road,Anjanagar,1KM,0.0,0.0,0,0,0.0,0.0
Bengaluru City,Byadarahalli PS,1.09772e+16,2016,1,1,Road Accidents,Cross roads,City/Town,Near Bus stop,Human Error,Yes,Grievous Injury,Not Applicable,Not Applicable,Curve,City or Town Road,Bitumen(Tar),Dry,Not Applicable,Fine,thunganagara,saraswayhi painance store,1,0.0,0.0,0,0,0.0,0.0
Bengaluru City,Byadarahalli PS,1.09772e+16,2016,1,1,Road Accidents,Other,City/Town,Near Bus stop,Human Error,Yes,Grievous Injury,Others,Not Applicable,Not Applicable,City or Town Road,Bitumen(Tar),Dry,Not Applicable,Clear,Andrahalli main road,Andrahalli main road,3.5 KM,0.0,0.0,0,0,0.0,0.0
Bengaluru City,Byadarahalli PS,1.09772e+16,2016,1,2,Road Accidents,Cross roads,City/Town,Open area,Human Error,Not Applicable,Grievous Injury,Overturning,Not Applicable,Not Applicable,City or Town Road,Bitumen(Tar),Dry,Not Applicable,Cloudy,Magadi main road,Herohalli Cross,1.00Km,0.0,0.0,0,0,0.0,0.0
Bengaluru City,Byadarahalli PS,1.09772e+16,2016,1,1,Road Accidents,Narrow road,City/Town,Near Bus stop,Human Error,Not Applicable,Fatal,Others,No signal lights,Curve,City or Town Road,Bitumen(Tar),Not Applicable,Not Applicable,Very Cold,BHADARAHALLI,BHADARAHALLI  BUS STOP,2,0.0,0.0,0,0,0.0,0.0
Bengaluru City,Byadarahalli PS,1.09772e+16,2016,1,1,Road Accidents,Other,City/Town,Near School or College,Human Error,Not Applicable,Grievous Injury,Others,Not Applicable,Not Applicable,City or Town Road,Bitumen(Tar),Dry,Not Applicable,Clear,Andrahalli,Andrahalli,3,0.0,0.0,0,0,0.0,0.0
Bengaluru City,Byadarahalli PS,1.09772e+16,2017,1,1,Road Accidents,Circle,City/Town,Residential area,Human Error,Not Applicable,Grievous Injury,Not Applicable,Not Applicable,Not Applicable,City or Town Road,Bitumen(Tar),Not Applicable,Not Applicable,Cloudy,Mahadeshwara Nagara Main Road,Mahadeshwara Nagara Main Road,02Km,0.0,0.0,0,0,0.0,0.0
Bengaluru City,Byadarahalli PS,1.09772e+16,2017,1,1,Road Accidents,Not Applicable,City/Town,Near Bus stop,Human Error,Yes,Grievous Injury,Hit and Run,Not Applicable,Not Applicable,Others,Bitumen(Tar),Dry,Not Applicable,Clear,Tigalarapalya Church Road,Vivek School Tigalapalya,0.5 Km,0.0,0.0,0,0,0.0,0.0
Bengaluru City,Byadarahalli PS,1.09772e+16,2017,1,2,Road Accidents,Cross roads,City/Town,Open area,Human Error,No,Grievous Injury,Others,Not Applicable,Others,One way,Bitumen(Tar),Dry,Not Applicable,Very Hot,Near Benne dose hotel  Andrahalli main road,Hotel,1,0.0,0.0,0,0,0.0,0.0
Bengaluru City,Byadarahalli PS,1.09772e+16,2017,1,1,Road Accidents,Cross roads,City/Town,Near Bus stop,Human Error,No,Grievous Injury,Others,Not Applicable,Others,State Highway,Bitumen(Tar),Others,Not Applicable,Very Cold,Magadi Main Road,Janpriya apartment,1 KM,0.0,0.0,0,1,0.0,1.0
Bengaluru City,Byadarahalli PS,1.09772e+16,2017,1,1,Road Accidents,Narrow road,City/Town,Near School or College,Human Error,No,Grievous Injury,Others,Not Applicable,Others,City or Town Road,Bitumen(Tar),Dry,Not Applicable,Clear,"K G School opp, Thigalarapalya Main Road",K G School opp,1Km,0.0,0.0,0,0,0.0,0.0
Bengaluru City,Byadarahalli PS,1.09772e+16,2017,1,2,Road Accidents,Narrow road,City/Town,Residential area,Human Error,Yes,Grievous Injury,Hit and Run,Not Applicable,Not Applicable,City or Town Road,Bitumen(Tar),Dry,Not Applicable,Not Applicable,Visheveshwaraiah 5th Block Road,Near Bandminton Play Ground,4 kms,0.0,0.0,0,0,0.0,0.0
Bengaluru City,Byadarahalli PS,1.09772e+16,2017,1,1,Not Applicable,Junction,City/Town,Near Bus stop,Human Error,Yes,Grievous Injury,Hit and Run,Not Applicable,Not Applicable,City or Town Road,Bitumen(Tar),Not Applicable,Drainage Ditch,Cloudy,"Muddinapalya Main Road, Anjananagar",Anjananagar,0.5 km,0.0,0.0,4,0,0.0,4.0
Bengaluru City,Byadarahalli PS,1.09772e+16,2017,1,1,Road Accidents,Junction,City/Town,Near Bus stop,Human Error,Yes,Grievous Injury,Hit and Run,Controlled,Straight and flat,State Highway,Bitumen(Tar),Dry,No influence on accident,Fine,Magadi Main Road,Near Herohalli Cross,1 Km,0.0,0.0,0,0,0.0,0.0
Bengaluru City,Byadarahalli PS,1.09772e+16,2017,1,1,Road Accidents,Not Applicable,City/Town,Near Bus stop,Human Error,No,Grievous Injury,Hit and Run,No signal lights,Straight and flat,State Highway,Bitumen(Tar),Dry,Not Applicable,Fine,Magadi Banglore Main Road,Doddagollarahatti Magadi Main Road,0.0 Km,0.0,0.0,0,0,0.0,0.0
Bengaluru City,Byadarahalli PS,1.09772e+16,2017,1,2,Road Accidents,Bridge,City/Town,Narrow bridge or culverts,Human Error,Yes,Grievous Injury,Hit and Run,Not at  Junction,Curve,City or Town Road,Bitumen(Tar),Dry,Drainage Ditch,Fine,Herohalli Road,Near Herohalli Pond,0.2 Km,0.0,0.0,4,0,0.0,4.0
Bengaluru City,Byadarahalli PS,1.09772e+16,2017,1,1,Road Accidents,Not Applicable,City/Town,Open area,Human Error,Yes,Grievous Injury,Hit and Run,Not at  Junction,Straight and flat,City or Town Road,Bitumen(Tar),Dry,Not Applicable,Cloudy,Mahadeshwaranagar Main Road,Near Nagarahole Circle,0.2 Km,0.0,0.0,0,0,0.0,0.0
Bengaluru City,Byadarahalli PS,1.09772e+16,2017,1,1,Road Accidents,Narrow road,City/Town,Near School or College,Human Error,Yes,Simple Injury,Hit and Run,Not at  Junction,Not Applicable,City or Town Road,Bitumen(Tar),Dry,Not Applicable,Not Applicable,Tigalarapalya Main Road,Near Rashtriya Navodaya School,4 kms,0.0,0.0,0,0,0.0,0.0
Bengaluru City,Byadarahalli PS,1.09772e+16,2017,1,2,Not Applicable,Junction,City/Town,Near Hospital,Human Error,Not Applicable,Grievous Injury,Run Off Road,Controlled,Curve,State Highway,Gravel,Flooded,No influence on accident,Cloudy,"G Hosahalli, Magadi Main Road",Near Krishna Hosppital,2 Km,0.0,0.0,0,5,3.0,8.0
Bengaluru City,Byadarahalli PS,1.09772e+16,2017,1,1,Road Accidents,Junction,City/Town,Near Bus stop,Human Error,Yes,Grievous Injury,Hit and Run,Controlled,Not Applicable,State Highway,Bitumen(Tar),Not Applicable,Not Applicable,Others,Bangalore Magadi Main Road,Near Bus Stop,1.5 km,0.0,0.0,0,0,0.0,0.0
Bengaluru City,Byadarahalli PS,1.09772e+16,2017,1,1,Road Accidents,Round about or Circle,City/Town,Near Petrol Pump,Human Error,Yes,Grievous Injury,Hit and Run,No signal lights,Straight and flat,State Highway,Bitumen(Tar),Dry,Not Applicable,Fine,Banglore Magadi Main Road,Near Sheel Petro Bunk,0.1 Km,0.0,0.0,0,0,0.0,0.0
Bengaluru City,Byadarahalli PS,1.09772e+16,2017,1,2,Road Accidents,Circle,City/Town,Residential area,Human Error,Yes,Grievous Injury,Hit and Run,Not at  Junction,Incline,City or Town Road,Bitumen(Tar),Dry,Not Applicable,Others,Ullalu to Manganahalli Cross Road,Manganahalli Cross,0.5 km,0.0,0.0,0,0,0.0,0.0
Bengaluru City,Byadarahalli PS,1.09772e+16,2017,1,2,Road Accidents,Other,City/Town,Near Bus stop,Human Error,Yes,Grievous Injury,Hit and Run,Not Applicable,Not Applicable,City or Town Road,Bitumen(Tar),Not Applicable,Not Applicable,Not Applicable,Magadi Main Road,Near Gollarahatti Bus Stop,3 kms,0.0,0.0,0,0,0.0,0.0