DISTRICTNAME,UNITNAME,Crime_No,Year,RI,Noofvehicle_involved,Accident_Classification,Accident_Spot,Accident_Location,Accident_SubLocation,Main_Cause,Hit_Run,Severity,Collision_Type,Junction_Control,Road_Character,Road_Type,Surface_Type,Surface_Condition,Road_Condition,Weather,Accident_Road,Landmark_first,Distance_LandMark_First,Latitude,Longitude,Road_Condition_Score,Surface_Condition_Score,Surface_Type_Score,Road_Risk_Index
Bengaluru City,Byadarahalli PS,1.09772e+16,2017,1,1,Road Accidents,Other,City/Town,Near Bus stop,Human Error,Yes,Grievous Injury,Not Applicable,Not at  Junction,Not Applicable,State Highway,Bitumen(Tar),Dry,Not Applicable,Not Applicable,Magadi Road,Near Anjananagar Bus Stop,1 km,0.0,0.0,0,0,0.0,0.0
Bengaluru City,Byadarahalli PS,1.09772e+16,2017,1,1,Road Accidents,Narrow road,City/Town,Near Bus stop,Human Error,Yes,Grievous Injury,Hit and Run,No signal lights,Not Applicable,State Highway,Bitumen(Tar),Dry,Not Applicable,Clear,Magadi Main Road,Near   Herrohalli Bus stop,1,0.0,0.0,0,0,0.0,0.0
Bengaluru City,Byadarahalli PS,1.09772e+16,2017,1,1,Road Accidents,Not Applicable,City/Town,Near office complex,Human Error,No,Grievous Injury,Not Applicable,Not at  Junction,Hump,City or Town Road,Bitumen(Tar),Dry,Not Applicable,Not Applicable,Muddanapalya Road,Near RTO Office,3km,0.0,0.0,0,0,0.0,0.0
Bengaluru City,Byadarahalli PS,1.09772e+16,2017,1,2,Road Accidents,Not Applicable,City/Town,Near office complex,Human Error,No,Grievous Injury,Others,Not at  Junction,Not Applicable,State Highway,Bitumen(Tar),Dry,Not Applicable,Not Applicable,Bangalore Magadi Main Road,Near Khadi Bandar,500 Mt,0.0,0.0,0,0,0.0,0.0
Bengaluru City,Byadarahalli PS,1.09772e+16,2017,1,1,Road Accidents,Cross roads,City/Town,Near Bus stop,Human Error,No,Grievous Injury,Others,Not Applicable,Curve,Two way,Bitumen(Tar),Dry,Not Applicable,Very Cold,Herohalli Road,NearHerohalli Road,2,0.0,0.0,0,0,0.0,0.0
Bengaluru City,Byadarahalli PS,1.09772e+16,2017,1,1,Road Accidents,Not Applicable,City/Town,Open area,Human Error,Yes,Grievous Injury,Hit and Run,Not Applicable,Not Applicable,City or Town Road,Bitumen(Tar),Dry,Not Applicable,Clear,East West College Road,Near Hapscom Hotel,2,0.0,0.0,0,0,0.0,0.0
Bengaluru City,Byadarahalli PS,1.09772e+16,2017,1,1,Road Accidents,Junction,City/Town,At pedestrian Crossing,Human Error,Yes,Grievous Injury,Hit and Run,Stop sign,Straight and flat,State Highway,Bitumen(Tar),Dry,Not Applicable,Cloudy,Magadi Banglore Main Road,Mahadeshwaranagar Cross,0.0 Km,0.0,0.0,0,0,0.0,0.0
Bengaluru City,Byadarahalli PS,1.09772e+16,2017,1,1,Road Accidents,Other,City/Town,Near a religious place,Human Error,Yes,Grievous Injury,Hit and Run,Not Applicable,Not Applicable,City or Town Road,Bitumen(Tar),Not Applicable,Not Applicable,Clear,Andrahalli road,Near Bailanjaneya temple,4 km,0.0,0.0,0,0,0.0,0.0
Bengaluru City,Byadarahalli PS,1.09772e+16,2017,1,1,Road Accidents,Other,City/Town,Near Bus stop,Human Error,Yes,Grievous Injury,Hit and Run,Not Applicable,Not Applicable,State Highway,Bitumen(Tar),Not Applicable,Not Applicable,Clear,Near collage stop,Near Collage stop,2.5 km,0.0,0.0,0,0,0.0,0.0
Bengaluru City,Byadarahalli PS,1.09772e+16,2017,1,1,Road Accidents,Circle,City/Town,Near Bus stop,Human Error,Yes,Fatal,Hit and Run,Not at  Junction,Curve,Mixed,Bitumen(Tar),Dry,Not Applicable,Clear,Muddinapalya Road,Muddinapalya Circle,0.0 Km,0.0,0.0,0,0,0.0,0.0
Bengaluru City,Byadarahalli PS,1.09772e+16,2017,1,1,Road Accidents,Junction,City/Town,Near Bus stop,Human Error,Yes,Grievous Injury,Hit and Run,Not Applicable,Not Applicable,State Highway,Bitumen(Tar),Dry,Not Applicable,Cloudy,Magadi main road,Near Byadarahalli ps,2 km,0.0,0.0,0,0,0.0,0.0
Bengaluru City,Byadarahalli PS,1.09772e+16,2017,1,1,Road Accidents,Narrow road,City/Town,Near office complex,Human Error,No,Simple Injury,Others,Not at  Junction,Not Applicable,City or Town Road,Bitumen(Tar),Not Applicable,Not Applicable,Not Applicable,Mahadeshwaranaga Road,Near Karnataka Bank ATM,3 km,0.0,0.0,0,0,0.0,0.0
Bengaluru City,Byadarahalli PS,1.09772e+16,2017,1,2,Road Accidents,Road hump or Rumble strips,City/Town,Near School or College,Human Error,Yes,Grievous Injury,Rear end,Not Applicable,Hump,City or Town Road,Not Applicable,Dry,Not Applicable,Fine,Tunganagar Main Road,Near Heritage Kalyan Mantap,0.1 Km,0.0,0.0,0,0,0.0,0.0
Bengaluru City,Byadarahalli PS,1.09772e+16,2017,1,1,Road Accidents,Other,City/Town,Near office complex,Human Error,No,Grievous Injury,Others,Not Applicable,Others,City or Town Road,Bitumen(Tar),Dry,Not Applicable,Clear,Magadi main road,Magadi main road,2 km,0.0,0.0,0,0,0.0,0.0
Bengaluru City,Byadarahalli PS,1.09772e+16,2017,1,2,Road Accidents,Other,City/Town,Open area,Human Error,Yes,Grievous Injury,Others,Not Applicable,Not Applicable,City or Town Road,Bitumen(Tar),Dry,Not Applicable,Clear,Muddinapalya,Muddinapalya,3 KM,0.0,0.0,0,0,0.0,0.0
Bengaluru City,Byadarahalli PS,1.09772e+16,2017,1,2,Not Applicable,Narrow road,City/Town,Near Bus stop,Human Error,No,Grievous Injury,Not Applicable,Not Applicable,Others,One way,Bitumen(Tar),Others,Not Applicable,Very Cold,Near Thunganagara Rd,MRP Bar,1 KM,0.0,0.0,0,1,0.0,1.0
Bengaluru City,Byadarahalli PS,1.09772e+16,2017,1,1,Road Accidents,Other,City/Town,Near Bus stop,Human Error,No,Grievous Injury,Not Applicable,Not Applicable,Others,City or Town Road,Bitumen(Tar),Others,Not Applicable,Very Cold,Thunganagara main road,Thunganagara Main Rd,2 KM,0.0,0.0,0,1,0.0,1.0
Bengaluru City,Byadarahalli PS,1.09772e+16,2017,1,2,Road Accidents,Not Applicable,Not Applicable,Near a recreation place/cinema,Human Error,Yes,Grievous Injury,Hit and Run,Not Applicable,Not Applicable,State Highway,Bitumen(Tar),Not Applicable,Not Applicable,Not Applicable,Bangalore Magadi Main Road,Near Ravinandana Palace,2 kms,0.0,0.0,0,0,0.0,0.0
Bengaluru City,Byadarahalli PS,1.09772e+16,2017,1,1,Road Accidents,Other,City/Town,Near Bus stop,Human Error,No,Grievous Injury,Others,Not Applicable,Curve,City or Town Road,Bitumen(Tar),Dry,Not Applicable,Clear,Byadarahalli Bus stop,Near Byadarahalli bus stop,2 Km,0.0,0.0,0,0,0.0,0.0
Bengaluru City,Byadarahalli PS,1.09772e+16,2017,1,2,Road Accidents,Not Applicable,City/Town,Near a religious place,Human Error,Yes,Grievous Injury,Hit and Run,Not at  Junction,Not Applicable,Others,Bitumen(Tar),Not Applicable,Not Applicable,Not Applicable,Andrahalli Main Road,Near Saibaba Temple,2 kms,0.0,0.0,0,0,0.0,0.0
Bengaluru City,Byadarahalli PS,1.09772e+16,2017,1,1,Road Accidents,Not Applicable,Not Applicable,Narrow bridge or culverts,Human Error,Yes,Grievous Injury,Hit and Run,Not Applicable,Not Applicable,City or Town Road,Bitumen(Tar),Not Applicable,Not Applicable,Not Applicable,Ullalu Main Road,Near Ullalu Lake,4 km,0.0,0.0,0,0,0.0,0.0
Bengaluru City,Byadarahalli PS,1.09772e+16,2017,1,1,Road Accidents,Other,City/Town,Open area,Human Error,Yes,Grievous Injury,Others,Not Applicable,Others,City or Town Road,Bitumen(Tar),Dry,Not Applicable,Clear,Bharath nagara,Bharath nagara,1.5 Km,0.0,0.0,0,0,0.0,0.0
Bengaluru City,Byadarahalli PS,1.09772e+16,2017,1,1,Road Accidents,Other,City/Town,Near School or College,Human Error,No,Grievous Injury,Others,Not Applicable,Not Applicable,City or Town Road,Bitumen(Tar),Dry,Not Applicable,Clear,Ullal Main road,Ullal Main road,4 Km,0.0,0.0,0,0,0.0,0.0
Bengaluru City,Byadarahalli PS,1.09772e+16,2017,1,1,Road Accidents,Cross roads,City/Town,Residential area,Human Error,No,Simple Injury,Not Applicable,Not Applicable,Not Applicable,Residential Street,Bitumen(Tar),Dry,Not Applicable,Clear,D Group Layout,11th Cross,02.km,0.0,0.0,0,0,0.0,0.0
Bengaluru City,Byadarahalli PS,1.09772e+16,2017,1,2,Not Applicable,Narrow road,City/Town,In bazaar,Human Error,No,Grievous Injury,Others,Not Applicable,Not Applicable,City or Town Road,Bitumen(Tar),Flooded,Not Applicable,Snow,Mahadeshwaranagar Main Road,Mahadeshwaranagar Main Road,1 Km,0.0,0.0,0,5,0.0,5.0
Bengaluru City,Byadarahalli PS,1.09772e+16,2017,1,1,Road Accidents,Curves,City/Town,Near or inside a village,Human Error,No,Grievous Injury,Not Applicable,Not at  Junction,Not Applicable,City or Town Road,Bitumen(Tar),Not Applicable,Not Applicable,Not Applicable,Herohalli Andrahalli Main Road,Near Herohalli Lake,0.5 km,0.0,0.0,0,0,0.0,0.0
Bengaluru City,Byadarahalli PS,1.09772e+16,2017,1,1,Road Accidents,Not Applicable,City/Town,Near Bus stop,Human Error,No,Grievous Injury,Not Applicable,Not at  Junction,Not Applicable,State Highway,Bitumen(Tar),Not Applicable,Not Applicable,Not Applicable,Bangalore Magadi Main Road,Near Herohalli Cross,200mts,0.0,0.0,0,0,0.0,0.0
Bengaluru City,Byadarahalli PS,1.09772e+16,2017,1,1,Road Accidents,Not Applicable,City/Town,Near School or College,Human Error,Yes,Grievous Injury,Not Applicable,Not at  Junction,Not Applicable,City or Town Road,Bitumen(Tar),Not Applicable,Not Applicable,Not Applicable,Tunganagar Main Road,Near Pre Nursery School,2 km,0.0,0.0,0,0,0.0,0.0
Bengaluru City,Byadarahalli PS,1.09772e+16,2017,1,1,Road Accidents,Not Applicable,City/Town,In bazaar,Human Error,Yes,Grievous Injury,Hit and Run,Not at  Junction,Not Applicable,State Highway,Bitumen(Tar),Not Applicable,Not Applicable,Not Applicable,Magadi Main Road,Near Malnad Hotel,1km,0.0,0.0,0,0,0.0,0.0
Bengaluru City,Byadarahalli PS,1.09772e+16,2017,1,1,Road Accidents,Other,City/Town,Near a religious place,Human Error,Yes,Grievous Injury,Others,Police / Manual,Others,City or Town Road,Bitumen(Tar),Dry,Not Applicable,Clear,Andrahalli thigalarapalya Road,Near bayalu Anjaneya Temple,3 Km,0.0,0.0,0,0,0.0,0.0
Bengaluru City,Byadarahalli PS,1.09772e+16,2017,1,1,Road Accidents,Other,City/Town,Residential area,Human Error,Yes,Grievous Injury,Hit and Run,Not Applicable,Not Applicable,City or Town Road,Bitumen(Tar),Not Applicable,Not Applicable,Clear,D group Layout Main raod,Near siddalingeshwara provision store lingadiranahalli,3 km,0.0,0.0,0,0,0.0,0.0
Bengaluru City,Byadarahalli PS,1.09772e+16,2017,1,1,Road Accidents,Cross roads,City/Town,Residential area,Human Error,Yes,Grievous Injury,Hit and Run,Not at  Junction,Straight and flat,City or Town Road,Bitumen(Tar),Dry,Not Applicable,Fine,Tunganagar 2 nd Cross,Tunganagar 2nd Cross,0.0 Km,0.0,0.0,0,0,0.0,0.0
Bengaluru City,Byadarahalli PS,1.09772e+16,2017,1,2,Road Accidents,Other,City/Town,Near office complex,Human Error,Yes,Grievous Injury,Others,Not Applicable,Not Applicable,City or Town Road,Bitumen(Tar),Dry,Not Applicable,Clear,Ullal  Road,Ullal road,3 Km,0.0,0.0,0,0,0.0,0.0
Bengaluru City,Byadarahalli PS,1.09772e+16,2017,1,2,Road Accidents,Not Applicable,Not Applicable,In bazaar,Human Error,No,Grievous Injury,Hit bicyclist,Not at  Junction,Not Applicable,City or Town Road,Bitumen(Tar),Others,Not Applicable,Not Applicable,Andrahalli Main Road,Near Ramsing Circle,2 km,0.0,0.0,0,1,0.0,1.0
Bengaluru City,Byadarahalli PS,1.09772e+16,2017,1,1,Road Accidents,Other,City/Town,Residential area,Human Error,Yes,Grievous Injury,Hit and Run,Not at  Junction,Straight and flat,City or Town Road,Bitumen(Tar),Dry,Not Applicable,Fine,Andrahalli main road,Near Andrahalli Arali Mar Circle,0.2 Km,0.0,0.0,0,0,0.0,0.0
Bengaluru City,Byadarahalli PS,1.09772e+16,2017,1,2,Road Accidents,Narrow road,City/Town,Near Bus stop,Human Error,Yes,Simple Injury,Hit and Run,Not at  Junction,Not Applicable,State Highway,Bitumen(Tar),Dry,Not Applicable,Not Applicable,Bangalore Magadi Main Road,Near Bydrahalli Police Station,0 kms,0.0,0.0,0,0,0.0,0.0
Bengaluru City,Byadarahalli PS,1.09772e+16,2017,1,2,Road Accidents,Other,City/Town,Near a religious place,Human Error,Yes,Simple Injury,Others,Not Applicable,Not Applicable,City or Town Road,Bitumen(Tar),Not Applicable,Not Applicable,Clear,TUNGANAGARA MAIN ROAD,SHRINILAYAM APARTMENT,02KM,0.0,0.0,0,0,0.0,0.0
Bengaluru City,Byadarahalli PS,1.09772e+16,2017,1,1,Road Accidents,Not Applicable,City/Town,Near office complex,Human Error,Yes,Fatal,Hit and Run,Not at  Junction,Straight and flat,State Highway,Bitumen(Tar),Dry,Not Applicable,Clear,Banglore Magadi Main Road,Near Ravinandan Palace,0.2 Km,0.0,0.0,0,0,0.0,0.0
Bengaluru City,Byadarahalli PS,1.09772e+16,2017,1,1,Road Accidents,Not Applicable,Not Applicable,Residential area,Human Error,No,Fatal,Hit pedestrian,Not Applicable,Not Applicable,City or Town Road,Bitumen(Tar),Dry,Not Applicable,Clear,Tulasinagara main road,Near Brundavana kalyanan mantapa,400 mt,0.0,0.0,0,0,0.0,0.0
Bengaluru City,Byadarahalli PS,1.09772e+16,2017,1,2,Road Accidents,Narrow road,City/Town,Near a factory industrial area,Human Error,Yes,Grievous Injury,Hit and Run,Not Applicable,Not Applicable,City or Town Road,Bitumen(Tar),Dry,Not Applicable,Not Applicable,Andrahalli Main Road,Near Byraveshwara Traders,2kms,0.0,0.0,0,0,0.0,0.0
Bengaluru City,Byadarahalli PS,1.09772e+16,2017,1,2,Road Accidents,T Junction,City/Town,Near office complex,Human Error,No,Fatal,Others,Not at  Junction,Not Applicable,State Highway,Bitumen(Tar),Dry,Not Applicable,Not Applicable,Magadi Main Road,Near Kaveri Bar and Restaurant,3 km,0.0,0.0,0,0,0.0,0.0
Bengaluru City,Byadarahalli PS,1.09772e+16,2017,1,1,Road Accidents,Cross roads,City/Town,Near Bus stop,Human Error,Not Applicable,Fatal,Not Applicable,No signal lights,Others,Two way,Bitumen(Tar),Not Applicable,Not Applicable,Clear,Thigalarapalya Main Road,Repadics campaniy,1,0.0,0.0,0,0,0.0,0.0
Bengaluru City,Byadarahalli PS,1.09772e+16,2017,1,1,Road Accidents,Circle,City/Town,Near Bus stop,Human Error,No,Grievous Injury,Not Applicable,Controlled,Straight and flat,City or Town Road,Bitumen(Tar),Dry,Drainage Ditch,Fine,Magadi Main Road,Near Doddagollarahatti Bus Stop,3 Km,0.0,0.0,4,0,0.0,4.0
Bengaluru City,Byadarahalli PS,1.09772e+16,2017,1,1,Road Accidents,Not Applicable,City/Town,Near School or College,Human Error,No,Grievous Injury,Not Applicable,Not Applicable,Not Applicable,City or Town Road,Bitumen(Tar),Dry,Not Applicable,Others,Ullalu Road,Near KLE College,3 km,0.0,0.0,0,0,0.0,0.0
Bengaluru City,Byadarahalli PS,1.09772e+16,2017,1,1,Road Accidents,Circle,City/Town,Near Petrol Pump,Human Error,No,Grievous Injury,Others,Not Applicable,Others,City or Town Road,Bitumen(Tar),Dry,No influence on accident,Clear,"Byadarahalli, Magadi Main road",Near Shell Petorl bunk,0.1 Km,0.0,0.0,0,0,0.0,0.0
Bengaluru City,Byadarahalli PS,1.09772e+16,2017,1,2,Road Accidents,Not Applicable,Not Applicable,Near Bus stop,Human Error,Yes,Grievous Injury,Hit and Run,Not Applicable,Not Applicable,City or Town Road,Bitumen(Tar),Not Applicable,Not Applicable,Not Applicable,Ullalu Main Road,Near Ullalu Lake,3 km,0.0,0.0,0,0,0.0,0.0
Bengaluru City,Byadarahalli PS,1.09772e+16,2017,1,1,Road Accidents,Junction,City/Town,Near Hospital,Human Error,Yes,Grievous Injury,Hit and Run,Not Applicable,Straight and flat,State Highway,Bitumen(Tar),Dry,Not Applicable,Fine,Banglore Magadi Main Road,Opp Sri Krishna Hospital,0.2 Km,0.0,0.0,0,0,0.0,0.0
Bengaluru City,Byadarahalli PS,1.09772e+16,2017,1,1,Road Accidents,Other,City/Town,Residential area,Human Error,Yes,Grievous Injury,Hit and Run,Not at  Junction,Curve and Incline,City or Town Road,Bitumen(Tar),Dry,Not Applicable,Clear,Sri Chakranagar Main Road,Chandra Shakhar Ashram,0.5 km,0.0,0.0,0,0,0.0,0.0
Bengaluru City,Byadarahalli PS,1.09772e+16,2017,1,1,Road Accidents,Narrow road,City/Town,Near Bus stop,Human Error,No,Grievous Injury,Not Applicable,Not Applicable,Not Applicable,Two way,Bitumen(Tar),Dry,Not Applicable,Very Cold,Herohalli cross,Near bus stop,1km,0.0,0.0,0,0,0.0,0.0
Bengaluru City,Byadarahalli PS,1.09772e+16,2017,1,1,Road Accidents,Not Applicable,City/Town,Near Hospital,Human Error,No,Fatal,Hit pedestrian,Not Applicable,Not Applicable,State Highway,Bitumen(Tar),Dry,No influence on accident,Clear,Magadi main road,Near Krishna hospital,0.5mts,0.0,0.0,0,0,0.0,0.0
Bengaluru City,Byadarahalli PS,1.09772e+16,2017,1,1,Road Accidents,Circle,City/Town,Near School or College,Human Error,Yes,Fatal,Hit and Run,Not Applicable,Not Applicable,Two way,Bitumen(Tar),Dry,Not Applicable,Clear,Ullala main road,Near KLE Collage,100 mr,0.0,0.0,0,0,0.0,0.0
Bengaluru City,Byadarahalli PS,1.09772e+16,2017,1,1,Road Accidents,Not Applicable,Not Applicable,Near Bus stop,Human Error,Yes,Grievous Injury,Hit and Run,Not Applicable,Not Applicable,State Highway,Bitumen(Tar),Not Applicable,Not Applicable,Not Applicable,Bangalore Magadi Main Road,Near Doddagollarahatti Bus Stop,3 km,0.0,0.0,0,0,0.0,0.0
Bengaluru City,Byadarahalli PS,1.09772e+16,2017,1,1,Road Accidents,Other,City/Town,Near Bus stop,Human Error,Yes,Grievous Injury,Hit and Run,No signal lights,Straight and flat,State Highway,Bitumen(Tar),Dry,Not Applicable,Clear,Banglore Magadi Main Road,Doddagollarahatti Bus Stop,0.2 Km,0.0,0.0,0,0,0.0,0.0
Bengaluru City,Byadarahalli PS,1.09772e+16,2017,1,2,Road Accidents,Not Applicable,City/Town,Near office complex,Human Error,Yes,Fatal,Hit and Run,Not Applicable,Not Applicable,Others,Bitumen(Tar),Not Applicable,Not Applicable,Not Applicable,Anjananagar-Muddinapalya Road,Near Sri Lakshmi Venkateshwar Real Estate,3 KM,0.0,0.0,0,0,0.0,0.0
Bengaluru City,Byadarahalli PS,1.09772e+16,2017,1,1,Road Accidents,Other,City/Town,Near School or College,Human Error,Yes,Grievous Injury,Others,Not Applicable,Others,One way,Bitumen(Tar),Others,Not Applicable,Others,East west college,East west college,2 km,0.0,0.0,0,1,0.0,1.0
Bengaluru City,Byadarahalli PS,1.09772e+16,2017,1,2,Road Accidents,Not Applicable,Not Applicable,Near Bus stop,Human Error,Yes,Grievous Injury,Hit and Run,Not Applicable,Not Applicable,Others,Bitumen(Tar),Not Applicable,Not Applicable,Not Applicable,Muddinapalya Road,Near Anjananagar Bus Stop,0.5 km,0.0,0.0,0,0,0.0,0.0
Bengaluru City,Byadarahalli PS,1.09772e+16,2017,1,2,Road Accidents,Other,City/Town,Near School or College,Human Error,Yes,Simple Injury,Not Applicable,Not Applicable,Others,City or Town Road,Bitumen(Tar),Dry,Not Applicable,Others,KLE LAW COLLEGE ROAD,LAW COLLEGE,03KM,0.0,0.0,0,0,0.0,0.0
Bengaluru City,Byadarahalli PS,1.09772e+16,2017,1,2,Not Applicable,Other,City/Town,Near Bus stop,Human Error,No,Grievous Injury,Drowned,Not at  Junction,Not Applicable,City or Town Road,Bitumen(Tar),Dry,Not Applicable,Cloudy,Andrahalli main road,Andrahalli main road,3 Km,0.0,0.0,0,0,0.0,0.0
Bengaluru City,Byadarahalli PS,1.09772e+16,2017,1,2,Road Accidents,Other,City/Town,Near a factory industrial area,Human Error,Yes,Fatal,Hit and Run,Not Applicable,Incline,Residential Street,Bitumen(Tar),Dry,Not Applicable,Fine,2nd Cross Mahadeshwaranagar,Near Industrial Area,0.5 km,0.0,0.0,0,0,0.0,0.0
Bengaluru City,Byadarahalli PS,1.09772e+16,2017,1,2,Road Accidents,Cross roads,City/Town,Residential area,Human Error,Yes,Grievous Injury,Hit and Run,Not Applicable,Straight and flat,City or Town Road,Bitumen(Tar),Dry,Not Applicable,Dust Storn,Sir M V Layout 5th Block Road,Manganahalli Cross,0.5 Km,0.0,0.0,0,0,0.0,0.0
Bengaluru City,Byadarahalli PS,1.09772e+16,2017,1,2,Road Accidents,Other,City/Town,Near office complex,Human Error,Yes,Grievous Injury,Hit and Run,Not at  Junction,Straight and flat,City or Town Road,Bitumen(Tar),Dry,Not Applicable,Cloudy,Andrahalli main road,Near Karnatak Bank,0.2 Km,0.0,0.0,0,0,0.0,0.0
Bengaluru City,Byadarahalli PS,1.09772e+16,2017,1,1,Road Accidents,Junction,City/Town,Near Bus stop,Human Error,Yes,Grievous Injury,Hit and Run,No signal lights,Others,State Highway,Bitumen(Tar),Dry,Not Applicable,Cloudy,Magadi Banglore Main Road,Near Bus Stop,0.2 Km,0.0,0.0,0,0,0.0,0.0
Bengaluru City,Byadarahalli PS,1.09772e+16,2017,1,1,Road Accidents,Other,City/Town,Near School or College,Human Error,Yes,Grievous Injury,Others,Not Applicable,Not Applicable,City or Town Road,Bitumen(Tar),Dry,Not Applicable,Clear,East west college Magadi road,Magadi road,1 Km,0.0,0.0,0,0,0.0,0.0
Bengaluru City,Byadarahalli PS,1.09772e+16,2017,1,1,Road Accidents,Other,City/Town,Near Bus stop,Human Error,Yes,Grievous Injury,Hit and Run,Not Applicable,Others,City or Town Road,Bitumen(Tar),Not Applicable,Not Applicable,Clear,Magadi main road,Near byadaarahalli bus stop,2 km,0.0,0.0,0,0,0.0,0.0
Bengaluru City,Byadarahalli PS,1.09772e+16,2017,1,2,Road Accidents,Narrow road,City/Town,Near Bus stop,Human Error,Not Applicable,Grievous Injury,Others,Not Applicable,Others,State Highway,Bitumen(Tar),Not Applicable,Not Applicable,Others,Magadi Main Road,Film tetare,1km,0.0,0.0,0,0,0.0,0.0
Bengaluru City,Byadarahalli PS,1.09772e+16,2017,1,1,Road Accidents,Cross roads,City/Town,Residential area,Human Error,No,Grievous Injury,Others,Not Applicable,Not Applicable,One way,Bitumen(Tar),Others,Not Applicable,Clear,Brahmadevaragutte,KLE college,5,0.0,0.0,0,1,0.0,1.0
Bengaluru City,Byadarahalli PS,1.09772e+16,2017,1,2,Road Accidents,Curves,City/Town,Near a religious place,Human Error,No,Not Applicable,Others,Not Applicable,Not Applicable,City or Town Road,Bitumen(Tar),Dry,Not Applicable,Clear,Andrahalli Main Road,Near muneshwara Tempal,02.00k,0.0,0.0,0,0,0.0,0.0
Bengaluru City,Byadarahalli PS,1.09772e+16,2017,1,1,Road Accidents,Other,City/Town,Near Bus stop,Human Error,Yes,Grievous Injury,Not Applicable,Not at  Junction,Not Applicable,State Highway,Bitumen(Tar),Dry,Not Applicable,Not Applicable,Magadi Main Road,Near Byadarahalli Bus Stop,2 km,0.0,0.0,0,0,0.0,0.0
Bengaluru City,Byadarahalli PS,1.09772e+16,2017,1,2,Road Accidents,Not Applicable,City/Town,Near office complex,Human Error,Yes,Grievous Injury,Hit and Run,Not Applicable,Not Applicable,City or Town Road,Bitumen(Tar),Dry,Not Applicable,Not Applicable,East West College Road,Near Biriyani Katte,1 km,0.0,0.0,0,0,0.0,0.0
Bengaluru City,Byadarahalli PS,1.09772e+16,2017,1,2,Not Applicable,Not Applicable,City/Town,Open area,Human Error,Yes,Grievous Injury,Hit and Run,Not Applicable,Not Applicable,Others,Bitumen(Tar),Not Applicable,Not Applicable,Not Applicable,Muddinapalya Road,Nadaprabhu Kempegowda Circle,2 kms,0.0,0.0,0,0,0.0,0.0
Bengaluru City,Byadarahalli PS,1.09772e+16,2017,1,2,Road Accidents,Circle,City/Town,Near Bus stop,Human Error,Not Applicable,Simple Injury,Not Applicable,Not Applicable,Others,City or Town Road,Bitumen(Tar),Not Applicable,Not Applicable,Not Applicable,Bangaloru Magadi Road,Anjananagara Bus Stop,1.00Km,0.0,0.0,0,0,0.0,0.0
Bengaluru City,Byadarahalli PS,1.09772e+16,2017,1,1,Road Accidents,Other,City/Town,Near Bus stop,Human Error,Not Applicable,Grievous Injury,Not Applicable,Not Applicable,Not Applicable,City or Town Road,Bitumen(Tar),Others,Not Applicable,Not Applicable,telecom Layout to KLE College Road,TelecomLayout to KLE College Road Near Byadrrahalli Bus Stop,01Km,0.0,0.0,0,1,0.0,1.0
Bengaluru City,Byadarahalli PS,1.09772e+16,2017,1,1,Road Accidents,Other,City/Town,Near Bus stop,Human Error,No,Grievous Injury,Hit pedestrian,Not Applicable,Not Applicable,City or Town Road,Bitumen(Tar),Not Applicable,Not Applicable,Not Applicable,Mahadeshwara nagara main raod,Near Kempegowda hotel,3 km,0.0,0.0,0,0,0.0,0.0
Bengaluru City,Byadarahalli PS,1.09772e+16,2017,1,2,Road Accidents,Other,City/Town,Near School or College,Human Error,Not Applicable,Grievous Injury,Others,Not Applicable,Not Applicable,City or Town Road,Bitumen(Tar),Dry,Not Applicable,Clear,Magadi main road,Magadi main road,1 Kms,0.0,0.0,0,0,0.0,0.0
Bengaluru City,Byadarahalli PS,1.09772e+16,2017,1,2,Road Accidents,Not Applicable,Not Applicable,Near Bus stop,Human Error,Yes,Grievous Injury,Not Applicable,Not at  Junction,Not Applicable,City or Town Road,Bitumen(Tar),Not Applicable,Not Applicable,Not Applicable,Tunganagar Main Road,Near 5th Cross,2 kms,0.0,0.0,0,0,0.0,0.0
Bengaluru City,Byadarahalli PS,1.09772e+16,2017,1,2,Road Accidents,Not Applicable,Not Applicable,Near a factory industrial area,Human Error,Yes,Grievous Injury,Not Applicable,Not at  Junction,Not Applicable,City or Town Road,Bitumen(Tar),Not Applicable,Not Applicable,Not Applicable,Dwaraka Road,Near VBS Bakery,2 kms,0.0,0.0,0,0,0.0,0.0
Bengaluru City,Byadarahalli PS,1.09772e+16,2017,1,2,Road Accidents,Circle,City/Town,Near office complex,Human Error,No,Fatal,Others,Police / Manual,Curve,City or Town Road,Bitumen(Tar),Dry,Not Applicable,Clear,Bharathnagar 2nd stage,Near karnataka Bank,1,0.0,0.0,0,0,0.0,0.0