DISTRICTNAME,UNITNAME,Crime_No,Year,RI,Noofvehicle_involved,Accident_Classification,Accident_Spot,Accident_Location,Accident_SubLocation,Main_Cause,Hit_Run,Severity,Collision_Type,Junction_Control,Road_Character,Road_Type,Surface_Type,Surface_Condition,Road_Condition,Weather,Accident_Road,Landmark_first,Distance_LandMark_First,Latitude,Longitude,Road_Condition_Score,Surface_Condition_Score,Surface_Type_Score,Road_Risk_Index
Bengaluru City,Byadarahalli PS,1.04432e+16,2021,1,2,Road Accidents,Curves,City/Town,Narrow bridge or culverts,Not Applicable,Yes,Fatal,Vehicle to Vehicle,Give way sign,Curve,Others,Not Applicable,Dry,Not Applicable,Clear,NICE ROAD,NICE ROAD,2M,0.0,0.0,0,0,0.0,0.0
Bengaluru City,Byadarahalli PS,1.04432e+16,2021,1,1,Not Applicable,Circle,City/Town,Residential area,Not Applicable,Not Applicable,Fatal,Not Applicable,Not Applicable,Not Applicable,Not Applicable,Bitumen(Tar),Others,Not Applicable,Cloudy,NEAR D GROUP ARCH  ANDRAHALLI MAIN ROAD,NEAR ARCH,1,0.0,0.0,0,1,0.0,1.0
Bengaluru City,Byadarahalli PS,1.04432e+16,2021,1,2,Road Accidents,Not Applicable,City/Town,Open area,Human Error,No,Grievous Injury,Vehicle to Vehicle,No signal lights,Straight and flat,Residential Street,Bitumen(Tar),Dry,No influence on accident,Clear,Muddinapalya Main road,Ulla main road,2,0.0,0.0,0,0,0.0,0.0
Bengaluru City,Byadarahalli PS,1.04432e+16,2021,1,2,Road Accidents,Not Applicable,City/Town,Residential area,Human Error,No,Grievous Injury,Vehicle to Vehicle,No signal lights,Straight and flat,Residential Street,Bitumen(Tar),Dry,No influence on accident,Clear,Near Shantha Hospital Ullala Main road,Near Shantha Hospital,2,0.0,0.0,0,0,0.0,0.0
Bengaluru City,Byadarahalli PS,1.04432e+16,2021,1,1,Road Accidents,Not Applicable,City/Town,Open area,Human Error,No,Grievous Injury,Hit pedestrian,No signal lights,Straight and flat,Residential Street,Bitumen(Tar),Dry,No influence on accident,Clear,"Muddinapalya main road, Near Spoorthidhama",Muddinapalya main road  Near Spoorthidhama,2km,0.0,0.0,0,0,0.0,0.0
Bengaluru City,Byadarahalli PS,1.04432e+16,2021,1,1,Road Accidents,Circle,City/Town,Open area,Human Error,No,Grievous Injury,Hit pedestrian,No signal lights,Straight and flat,State Highway,Bitumen(Tar),Dry,No influence on accident,Clear,Magadi main road Near Sri Lakshimi Janardha Bekary,Magadi main road Near Sri Lakshimi Janardha Bekary,2,0.0,0.0,0,0,0.0,0.0
Bengaluru City,Byadarahalli PS,1.04432e+16,2021,1,2,Road Accidents,Not Applicable,City/Town,Open area,Human Error,No,Grievous Injury,Not Applicable,No signal lights,Others,Residential Street,Bitumen(Tar),Dry,Not Applicable,Clear,Rathna Nagara Doddagollarahatti,Near N S Garage,4,0.0,0.0,0,0,0.0,0.0
Bengaluru City,Byadarahalli PS,1.04432e+16,2021,1,1,Road Accidents,Not Applicable,City/Town,Open area,Human Error,No,Grievous Injury,Hit pedestrian,No signal lights,Straight and flat,Others,Bitumen(Tar),Dry,No influence on accident,Clear,Magadi main road Near Doddagollarahatti Bus Stop,Near Doddagollarahatti Bus Stop,40,0.0,0.0,0,0,0.0,0.0
Bengaluru City,Byadarahalli PS,1.04432e+16,2021,1,2,Road Accidents,Not Applicable,City/Town,Open area,Human Error,No,Grievous Injury,Vehicle to Vehicle,No signal lights,Straight and flat,Residential Street,Bitumen(Tar),Dry,No influence on accident,Clear,"Andrahalli Main road, Infront Off maruthi Hotel",Infront Off maruthi Hotel,6km,0.0,0.0,0,0,0.0,0.0
Bengaluru City,Byadarahalli PS,1.04432e+16,2021,1,2,Road Accidents,Not Applicable,City/Town,Open area,Human Error,No,Grievous Injury,Vehicle to Vehicle,No signal lights,Others,Residential Street,Bitumen(Tar),Dry,No influence on accident,Clear,"Opp Sagar Veg hotel, thigalarapalaya",Near Sagara Veg hotel,4km,0.0,0.0,0,0,0.0,0.0
Bengaluru City,Byadarahalli PS,1.04432e+16,2021,1,1,Road Accidents,Not Applicable,City/Town,Open area,Human Error,No,Grievous Injury,Vehicle to Vehicle,No signal lights,Straight and flat,State Highway,Bitumen(Tar),Dry,No influence on accident,Clear,Near Adeeshwara Show room,Near Adeeshwar showroom,1,0.0,0.0,0,0,0.0,0.0
Bengaluru City,Byadarahalli PS,1.04432e+16,2021,1,2,Road Accidents,Not Applicable,City/Town,Open area,Human Error,No,Grievous Injury,Vehicle to Vehicle,No signal lights,Straight and flat,One way,Bitumen(Tar),Dry,No influence on accident,Clear,Near Bydarahalli Bus Stop Magadi main road,Near Bydarahalli Bus Stop,2km,0.0,0.0,0,0,0.0,0.0
Bengaluru City,Byadarahalli PS,1.04432e+16,2021,1,1,Not Applicable,Junction,City/Town,Open area,Not Applicable,Not Applicable,Grievous Injury,Not Applicable,Controlled,Others,Others,Bitumen(Tar),Others,Not Applicable,Fine,TUNGANAGARA AND MAGADI MAIN RAOD JUNCTION,0,0.5KM,0.0,0.0,0,1,0.0,1.0
Bengaluru City,Byadarahalli PS,1.04432e+16,2021,1,1,Road Accidents,Not Applicable,City/Town,Residential area,Human Error,No,Grievous Injury,Not Applicable,Not at  Junction,Others,Residential Street,Not Applicable,Muddy,Construction Work / Material,Fine,HOSAHALLI RAOD,NEAR MAHAVEER APARTMENT,2 KM,0.0,0.0,2,4,0.0,6.0
Bengaluru City,Byadarahalli PS,1.04432e+16,2021,1,1,Not Applicable,Narrow road,City/Town,Open area,Not Applicable,No,Fatal,Hit pedestrian,Not Applicable,Not Applicable,State Highway,Bitumen(Tar),Wet,Not Applicable,Cloudy,NICE ROAD NEAR MAGADI MAIN ROAD,1,2 KM,0.0,0.0,0,3,0.0,3.0
Bengaluru City,Byadarahalli PS,1.04432e+16,2021,1,1,Road Accidents,Not Applicable,City/Town,Open area,Human Error,Yes,Grievous Injury,Hit pedestrian,No signal lights,Others,Others,Bitumen(Tar),Dry,No influence on accident,Clear,Near Bylanjaneya temple Thigalarapalya main road,Near Bylanjaneya temple Thigalarapalya main road,4 km,0.0,0.0,0,0,0.0,0.0
Bengaluru City,Byadarahalli PS,1.04432e+16,2021,1,2,Road Accidents,Cross roads,City/Town,Residential area,Human Error,Yes,Grievous Injury,Vehicle to Vehicle,Not at  Junction,Not Applicable,Two way,Not Applicable,Wet,Not Applicable,Clear,TIGLARAPALYA MAIN ROAD,MANJUSREE GORMNTS,5KM,0.0,0.0,0,3,0.0,3.0
Bengaluru City,Byadarahalli PS,1.04432e+16,2021,1,2,Road Accidents,Curves,City/Town,Open area,Human Error,No,Damage Only,Vehicle to Vehicle,No signal lights,Straight and flat,Others,Bitumen(Tar),Dry,No influence on accident,Clear,"New road, Near Bydarahalli Police Station",Near Bydarahalli police Station,1,0.0,0.0,0,0,0.0,0.0
Bengaluru City,Byadarahalli PS,1.04432e+16,2021,1,1,Road Accidents,Railway crossing,City/Town,Open area,Human Error,No,Grievous Injury,Hit pedestrian,Uncontrolled,Slight Curve,Residential Street,Bitumen(Tar),Dry,No influence on accident,Clear,Near Manjusree Garments Thigalarapalya,Near Manjusree Garments Thigalarapalya,5,0.0,0.0,0,0,0.0,0.0
Bengaluru City,Byadarahalli PS,1.04432e+16,2021,1,1,Road Accidents,Circle,City/Town,Open area,Human Error,No,Grievous Injury,Not Applicable,No signal lights,Straight and flat,State Highway,Bitumen(Tar),Dry,No influence on accident,Clear,Near Bydarahalli Bus stop,Near Bydarhalli Bus stop,2,0.0,0.0,0,0,0.0,0.0
Bengaluru City,Byadarahalli PS,1.04432e+16,2021,1,1,Road Accidents,Cross roads,City/Town,Residential area,Not Applicable,Not Applicable,Simple Injury,Vehicle to Vehicle,Stop Sign,Curve,Not Applicable,Bitumen(Tar),Dry,Not Applicable,Others,KEB ROAD AND MAGDI ROAD JUNCTION,500MTER FROM BYADARAHALLI POLICE STATION,1,0.0,0.0,0,0,0.0,0.0
Bengaluru City,Byadarahalli PS,1.04432e+16,2021,1,2,Road Accidents,Not Applicable,City/Town,Open area,Human Error,Yes,Grievous Injury,Vehicle to Vehicle,No signal lights,Curve,Residential Street,Bitumen(Tar),Dry,No influence on accident,Clear,"Gandhipark 13th Cross, Bharath Nagara",Gandhipark,3,0.0,0.0,0,0,0.0,0.0
Bengaluru City,Byadarahalli PS,1.04432e+16,2021,1,2,Road Accidents,Circle,City/Town,Open area,Human Error,No,Grievous Injury,Vehicle to Vehicle,No signal lights,Straight and flat,State Highway,Bitumen(Tar),Dry,No influence on accident,Clear,Near Bharath Petrol Pump Bydarahalli,Near Bharath Petrol Pump Bydarahalli,2,0.0,0.0,0,0,0.0,0.0
Bengaluru City,Byadarahalli PS,1.04432e+16,2021,1,1,Road Accidents,Narrow road,City/Town,Open area,Human Error,No,Grievous Injury,Hit pedestrian,No signal lights,Others,Two way,Bitumen(Tar),Dry,No influence on accident,Clear,Madeshwara Nagara Main road,Sri Rakesh Garige Madeshwara Nagara Main road,3,0.0,0.0,0,0,0.0,0.0
Bengaluru City,Byadarahalli PS,1.04432e+16,2021,1,2,Road Accidents,Not Applicable,City/Town,Open area,Human Error,No,Grievous Injury,Vehicle to Vehicle,No signal lights,Straight and flat,State Highway,Bitumen(Tar),Dry,No influence on accident,Clear,Magadi main road Opp Indian Oli Petrol Pump,Magadi main road,2,0.0,0.0,0,0,0.0,0.0
Bengaluru City,Byadarahalli PS,1.04432e+16,2021,1,6,Road Accidents,Not Applicable,City/Town,Open area,Human Error,Yes,Damage Only,Vehicle to Vehicle,No signal lights,Curve,Residential Street,Bitumen(Tar),Dry,No influence on accident,Clear,Andrahalli main road,Infront off Nargish Bakkery,3,0.0,0.0,0,0,0.0,0.0
Bengaluru City,Byadarahalli PS,1.04432e+16,2021,1,1,Road Accidents,Not Applicable,City/Town,Open area,Human Error,No,Damage Only,Not Applicable,No signal lights,Straight and flat,Not Applicable,Bitumen(Tar),Dry,No influence on accident,Clear,"Nice road, Near kodigehalli Nice Bridge",Near Kodigehalli Bridge,4,0.0,0.0,0,0,0.0,0.0
Bengaluru City,Byadarahalli PS,1.04432e+16,2021,1,2,Road Accidents,Not Applicable,City/Town,Open area,Human Error,No,Grievous Injury,Vehicle to Vehicle,No signal lights,Straight and flat,Others,Bitumen(Tar),Dry,No influence on accident,Clear,"Nice road, bottom of Magadi road nice road Bridge",Nice road bottom of Magadi road nice road Bridge,3,0.0,0.0,0,0,0.0,0.0
Bengaluru City,Byadarahalli PS,1.04432e+16,2021,1,2,Road Accidents,Not Applicable,City/Town,Open area,Human Error,No,Damage Only,Vehicle to Vehicle,No signal lights,Straight and flat,Sub Arterial,Bitumen(Tar),Dry,No influence on accident,Clear,Near Hill rock School,Nice road near Hill rock School,3,0.0,0.0,0,0,0.0,0.0
Bengaluru City,Byadarahalli PS,1.04432e+16,2021,1,1,Road Accidents,Not Applicable,City/Town,Open area,Human Error,No,Grievous Injury,Not Applicable,No signal lights,Curve,Others,Bitumen(Tar),Dry,No influence on accident,Clear,Opp Venkateshwara Thiater Magadi main road,Venkateshwara Theater,2,0.0,0.0,0,0,0.0,0.0
Bengaluru City,Byadarahalli PS,1.04432e+16,2021,1,2,Road Accidents,Junction,City/Town,Residential area,Human Error,No,Grievous Injury,Vehicle to Vehicle,No signal lights,Straight and flat,Residential Street,Bitumen(Tar),Dry,No influence on accident,Clear,BEl Layout 3rd main,Opp Amruth mahal Layout,3,0.0,0.0,0,0,0.0,0.0
Bengaluru City,Byadarahalli PS,1.04432e+16,2021,1,1,Not Applicable,Not Applicable,City/Town,Open area,Human Error,No,Grievous Injury,Vehicle to Vehicle,No signal lights,Straight and flat,Others,Bitumen(Tar),Dry,No influence on accident,Clear,Thungangara Main road,Near Heritage Convention Hall,3km,0.0,0.0,0,0,0.0,0.0
Bengaluru City,Byadarahalli PS,1.04432e+16,2021,1,1,Road Accidents,Not Applicable,City/Town,Open area,Human Error,No,Grievous Injury,Hit pedestrian,No signal lights,Others,Residential Street,Bitumen(Tar),Dry,No influence on accident,Clear,Akshaya Convention Hall  Hoshalli main road,Hosahalli main road,1,0.0,0.0,0,0,0.0,0.0
Bengaluru City,Byadarahalli PS,1.04432e+16,2021,1,1,Not Applicable,Cross roads,City/Town,Residential area,Not Applicable,Not Applicable,Fatal,Vehicle to Vehicle,Not at  Junction,Others,Not Applicable,Bitumen(Tar),Dry,Not Applicable,Others,MUDDINAPALYA ROAD,OPP TO ANJANEYA TEMPLE,30FEET,0.0,0.0,0,0,0.0,0.0
Bengaluru City,Byadarahalli PS,1.04432e+16,2021,1,1,Not Applicable,Not Applicable,City/Town,Near School or College,Not Applicable,Not Applicable,Simple Injury,Not Applicable,Not at  Junction,Others,Others,Bitumen(Tar),Muddy,Not Applicable,Cloudy,MAHADESHWARANAGAR MAIN ROAD,NEAR SHIVAKRUPA HOSPITAL,NNA,0.0,0.0,0,4,0.0,4.0
Bengaluru City,Byadarahalli PS,1.04432e+16,2021,1,2,Road Accidents,Curves,City/Town,Open area,Human Error,No,Grievous Injury,Vehicle to Vehicle,No signal lights,Straight and flat,Residential Street,Bitumen(Tar),Dry,No influence on accident,Clear,"Herohalli Main road, Infront off Herohalli lake",Herohalli Main road Infront off Herohalli lake,1 km,0.0,0.0,0,0,0.0,0.0
Bengaluru City,Byadarahalli PS,1.04432e+16,2021,1,1,Road Accidents,Not Applicable,City/Town,Residential area,Not Applicable,Not Applicable,Grievous Injury,Vehicle to Vehicle,Not Applicable,Not Applicable,Others,Bitumen(Tar),Flooded,Not Applicable,Cloudy,MUDDINAPLAYA MAIN ROAD,TOWARDS ONE KM OF NORTH,TOWARD,0.0,0.0,0,5,0.0,5.0
Bengaluru City,Byadarahalli PS,1.04432e+16,2021,1,2,Road Accidents,Circle,City/Town,Open area,Human Error,No,Grievous Injury,Vehicle to Vehicle,No signal lights,Straight and flat,State Highway,Bitumen(Tar),Dry,No influence on accident,Clear,Magadi main road,Hero halli cross,1,0.0,0.0,0,0,0.0,0.0
Bengaluru City,Byadarahalli PS,1.04432e+16,2021,1,2,Road Accidents,Not Applicable,City/Town,Open area,Human Error,No,Grievous Injury,Vehicle to Vehicle,No signal lights,Straight and flat,State Highway,Bitumen(Tar),Dry,No influence on accident,Clear,Nice road Doddagollarahatti,Near magadi road toll,3,0.0,0.0,0,0,0.0,0.0
Bengaluru City,Byadarahalli PS,1.04432e+16,2021,1,1,Road Accidents,Bottleneck,City/Town,Open area,Human Error,No,Grievous Injury,Hit pedestrian,No signal lights,Straight and flat,Not Applicable,Bitumen(Tar),Dry,No influence on accident,Clear,Andrahalli main road,Near Bylanjaneya temple,4,0.0,0.0,0,0,0.0,0.0
Bengaluru City,Byadarahalli PS,1.04432e+16,2021,1,2,Road Accidents,Not Applicable,City/Town,Open area,Human Error,No,Damage Only,Vehicle to Vehicle,No signal lights,Straight and flat,Others,Bitumen(Tar),Dry,No influence on accident,Clear,Nice road Near Kodigehalli Bridge,Nice road Near Kodigehalli Bridge,4km,0.0,0.0,0,0,0.0,0.0
Bengaluru City,Byadarahalli PS,1.04432e+16,2022,1,2,Road Accidents,Not Applicable,City/Town,Open area,Human Error,No,Grievous Injury,Vehicle to Vehicle,No signal lights,Straight and flat,State Highway,Bitumen(Tar),Dry,No influence on accident,Clear,Opp Auto Gas Thunga nagara Cross,Opp Auto Gas Thunga nagara Cross,2,0.0,0.0,0,0,0.0,0.0
Bengaluru City,Byadarahalli PS,1.04432e+16,2022,1,1,Road Accidents,Not Applicable,City/Town,Open area,Human Error,No,Grievous Injury,Hit pedestrian,No signal lights,Others,Not Applicable,Bitumen(Tar),Dry,Pot holed,Clear,Nice Road Kodigehalli Bridge,Magadi main road,3,12.988773,77.472259,5,0,0.0,5.0
Bengaluru City,Byadarahalli PS,1.04432e+16,2022,1,2,Road Accidents,Not Applicable,City/Town,Open area,Human Error,No,Grievous Injury,Vehicle to Vehicle,No signal lights,Straight and flat,State Highway,Concrete,Dry,No influence on accident,Clear,Near Magadi road Nice road toll,Nice road Magadi road toll,3,0.0,0.0,0,0,0.0,0.0
Bengaluru City,Byadarahalli PS,1.04432e+16,2022,1,2,Road Accidents,Not Applicable,City/Town,Open area,Human Error,No,Grievous Injury,Vehicle to Vehicle,No signal lights,Straight and flat,State Highway,Bitumen(Tar),Dry,No influence on accident,Clear,Magdi main road East West College Junction,Magdi main road East West College Junction,1,0.0,0.0,0,0,0.0,0.0
Bengaluru City,Byadarahalli PS,1.04432e+16,2022,1,1,Road Accidents,Cross roads,City/Town,Open area,Human Error,No,Grievous Injury,Not Applicable,No signal lights,Curve,Others,Bitumen(Tar),Dry,No influence on accident,Clear,"Anupama School road,",Bharath Nagara Main road,2,0.0,0.0,0,0,0.0,0.0
Bengaluru City,Byadarahalli PS,1.04432e+16,2022,1,1,Road Accidents,Not Applicable,City/Town,Open area,Human Error,No,Grievous Injury,Hit pedestrian,No signal lights,Straight and flat,State Highway,Bitumen(Tar),Dry,No influence on accident,Not Applicable,Doddagollarahatti  Magadi main road,Near Doddagollarahatti Bus Stop,3,0.0,0.0,0,0,0.0,0.0
Bengaluru City,Byadarahalli PS,1.04432e+16,2022,1,1,Road Accidents,Not Applicable,City/Town,Open area,Human Error,No,Grievous Injury,Hit pedestrian,No signal lights,Straight and flat,State Highway,Bitumen(Tar),Dry,No influence on accident,Clear,Near Venkateshwara Theater,Doddagollarahatti,2,0.0,0.0,0,0,0.0,0.0
Bengaluru City,Byadarahalli PS,1.04432e+16,2022,1,1,Not Applicable,Not Applicable,City/Town,Residential area,Not Applicable,Not Applicable,Fatal,Not Applicable,Uncontrolled,Not Applicable,Not Applicable,Not Applicable,Not Applicable,Not Applicable,Not Applicable,PRIMECUT SALOON,5 KM FROM NORTH,5KM,0.0,0.0,0,0,0.0,0.0
Bengaluru City,Byadarahalli PS,1.04432e+16,2022,1,1,Road Accidents,Circle,City/Town,Open area,Human Error,No,Grievous Injury,Not Applicable,No signal lights,Straight and flat,State Highway,Bitumen(Tar),Dry,No influence on accident,Clear,Near Anjana Nagara Bus Stop,Magadi main road,1,0.0,0.0,0,0,0.0,0.0
Bengaluru City,Byadarahalli PS,1.04432e+16,2022,1,1,Road Accidents,Not Applicable,City/Town,Open area,Human Error,No,Grievous Injury,Hit pedestrian,No signal lights,Others,Not Applicable,Bitumen(Tar),Dry,No influence on accident,Clear,Byadarahalli College,Byadarahalli College Stop Magadi main road,3,12.986201,77.477931,0,0,0.0,0.0
Bengaluru City,Byadarahalli PS,1.04432e+16,2022,1,1,Road Accidents,Curves,City/Town,Open area,Human Error,No,Not Applicable,Not Applicable,No signal lights,Curve,Residential Street,Bitumen(Tar),Dry,No influence on accident,Clear,Mahadeshwara Nagara  main road,Madeshwara Nagara Main road,2,0.0,0.0,0,0,0.0,0.0
Bengaluru City,Byadarahalli PS,1.04432e+16,2022,1,1,Road Accidents,Curves,City/Town,Open area,Human Error,No,Grievous Injury,Not Applicable,No signal lights,Curve,Residential Street,Bitumen(Tar),Dry,No influence on accident,Clear,2nd Cross D Group,D Group,1,0.0,0.0,0,0,0.0,0.0
Bengaluru City,Byadarahalli PS,1.04432e+16,2022,1,1,Road Accidents,Junction,City/Town,Open area,Human Error,No,Damage Only,Vehicle to Vehicle,No signal lights,Not Applicable,Residential Street,Bitumen(Tar),Dry,No influence on accident,Clear,Near Anjaneya Temple,Muddiyapalya main road,1,0.0,0.0,0,0,0.0,0.0
Bengaluru City,Byadarahalli PS,1.04432e+16,2022,1,1,Road Accidents,Not Applicable,City/Town,Open area,Human Error,No,Grievous Injury,Hit pedestrian,No signal lights,Steep Incline or Climb,State Highway,Bitumen(Tar),Dry,No influence on accident,Clear,Tunganagara,Hosahalli main road,3,0.0,0.0,0,0,0.0,0.0
Bengaluru City,Byadarahalli PS,1.04432e+16,2022,1,1,Road Accidents,Junction,City/Town,Open area,Human Error,No,Grievous Injury,Hit pedestrian,No signal lights,Straight and flat,State Highway,Bitumen(Tar),Dry,No influence on accident,Clear,Opp Corporation Bank Anjana Nagara,Akshaya Convention Hall,1,0.0,0.0,0,0,0.0,0.0
Bengaluru City,Byadarahalli PS,1.04432e+16,2022,1,1,Road Accidents,Not Applicable,City/Town,Open area,Human Error,No,Grievous Injury,Hit pedestrian,No signal lights,Straight and flat,State Highway,Bitumen(Tar),Dry,No influence on accident,Clear,Near Byadarahalli Bus Stop,Byadarahall Bus Stop,2,0.0,0.0,0,0,0.0,0.0
Bengaluru City,Byadarahalli PS,1.04432e+16,2022,1,2,Road Accidents,Not Applicable,City/Town,Open area,Human Error,No,Grievous Injury,Vehicle to Vehicle,No signal lights,Straight and flat,State Highway,Bitumen(Tar),Dry,No influence on accident,Clear,Nice Road Kodigehalli Bridge,Nice road Magadi road toll,5,0.0,0.0,0,0,0.0,0.0
Bengaluru City,Byadarahalli PS,1.04432e+16,2022,1,1,Road Accidents,Not Applicable,City/Town,Open area,Human Error,No,Grievous Injury,Hit pedestrian,No signal lights,Not Applicable,Others,Bitumen(Tar),Dry,No influence on accident,Clear,Near Byadarahalli new road,Near Byadarahalli Stop,1,0.0,0.0,0,0,0.0,0.0
Bengaluru City,Byadarahalli PS,1.04432e+16,2022,1,1,Road Accidents,Curves,City/Town,Open area,Human Error,Yes,Grievous Injury,Hit pedestrian,No signal lights,Straight and flat,State Highway,Bitumen(Tar),Dry,No influence on accident,Clear,Near Heritage convention Hall,Tunganagara,2,0.0,0.0,0,0,0.0,0.0
Bengaluru City,Byadarahalli PS,1.04432e+16,2022,1,1,Road Accidents,Not Applicable,City/Town,Open area,Human Error,No,Grievous Injury,Not Applicable,No signal lights,Curve,Residential Street,Bitumen(Tar),Dry,No influence on accident,Clear,Opp True value Magadi main road,Near Adeeshwara show room Magadi main road,1,0.0,0.0,0,0,0.0,0.0
Bengaluru City,Byadarahalli PS,1.04432e+16,2022,1,2,Road Accidents,Curves,Rural Areas,Open area,Human Error,No,Grievous Injury,Vehicle to Vehicle,No signal lights,Straight and flat,Residential Street,Bitumen(Tar),Dry,No influence on accident,Clear,"Andrahalli main road, Near Anupam School",Andrahalli main road Near Anupam School,1,13.01045,77.494691,0,0,0.0,0.0
Bengaluru City,Byadarahalli PS,1.04432e+16,2022,1,2,Road Accidents,Not Applicable,City/Town,Open area,Human Error,No,Grievous Injury,Vehicle to Vehicle,No signal lights,Not Applicable,Others,Bitumen(Tar),Dry,Not Applicable,Clear,"connecting road, Bydarhalli police Station behind",Byadarahalli behind,1km,0.0,0.0,0,0,0.0,0.0
Bengaluru City,Byadarahalli PS,1.04432e+16,2022,1,2,Road Accidents,Not Applicable,City/Town,Open area,Human Error,No,Damage Only,Vehicle to Vehicle,No signal lights,Straight and flat,Not Applicable,Bitumen(Tar),Dry,No influence on accident,Clear,Magadi main road,Anajana Nagara,1,0.0,0.0,0,0,0.0,0.0
Bengaluru City,Byadarahalli PS,1.04432e+16,2022,1,2,Road Accidents,Not Applicable,City/Town,Open area,Human Error,No,Grievous Injury,Vehicle to Vehicle,No signal lights,Straight and flat,State Highway,Bitumen(Tar),Dry,No influence on accident,Clear,"Magadi main road, Doddagollarahatti",Doddagollarahatti,3,0.0,0.0,0,0,0.0,0.0
Bengaluru City,Byadarahalli PS,1.04432e+16,2022,1,2,Road Accidents,Not Applicable,City/Town,Open area,Human Error,No,Grievous Injury,Vehicle to Vehicle,No signal lights,Straight and flat,State Highway,Bitumen(Tar),Dry,Not Applicable,Clear,Doddagollarahatti  Magadi main road,Magadi main raod Near Mittal Garments,1,0.0,0.0,0,0,0.0,0.0
Bengaluru City,Byadarahalli PS,1.04432e+16,2022,1,1,Road Accidents,Not Applicable,City/Town,Open area,Human Error,No,Grievous Injury,Hit pedestrian,No signal lights,Straight and flat,State Highway,Bitumen(Tar),Dry,No influence on accident,Clear,Near Herohalli Cross,Magadi main road,1,0.0,0.0,0,0,0.0,0.0
Bengaluru City,Byadarahalli PS,1.04432e+16,2022,1,1,Road Accidents,Not Applicable,City/Town,Open area,Human Error,No,Grievous Injury,Not Applicable,No signal lights,Straight and flat,State Highway,Bitumen(Tar),Dry,No influence on accident,Clear,Near Naidu Layout,Near Naidu Layout,2,0.0,0.0,0,0,0.0,0.0
Bengaluru City,Byadarahalli PS,1.04432e+16,2022,1,1,Not Applicable,Junction,City/Town,Residential area,Not Applicable,Not Applicable,Fatal,Not Applicable,Not Applicable,Not Applicable,Others,Bitumen(Tar),Dry,No influence on accident,Clear,ANUPAMA HOSPITAL ROAD,NEAR MAGADI MAIN ROAD,2 KM,0.0,0.0,0,0,0.0,0.0
Bengaluru City,Byadarahalli PS,1.04432e+16,2022,1,1,Road Accidents,Bottleneck,City/Town,Open area,Human Error,No,Grievous Injury,Hit pedestrian,No signal lights,Straight and flat,State Highway,Bitumen(Tar),Dry,Not Applicable,Clear,"Opp Vidyashree School Magadi main road,",Opp Vidyashree School,2,0.0,0.0,0,0,0.0,0.0
Bengaluru City,Byadarahalli PS,1.04432e+16,2022,1,2,Road Accidents,Not Applicable,City/Town,Open area,Human Error,No,Grievous Injury,Vehicle to Vehicle,No signal lights,Others,State Highway,Bitumen(Tar),Dry,No influence on accident,Clear,Near Anjana Nagara Bus Stop,Near Anjana Nagara Bus Stop,1,0.0,0.0,0,0,0.0,0.0
Bengaluru City,Byadarahalli PS,1.04432e+16,2022,1,1,Road Accidents,Not Applicable,City/Town,Open area,Human Error,No,Grievous Injury,Hit pedestrian,No signal lights,Straight and flat,Others,Bitumen(Tar),Dry,No influence on accident,Clear,Akshaya Convention Hall  Hoshalli main road,Akshaya Convention Hall,3,0.0,0.0,0,0,0.0,0.0
Bengaluru City,Byadarahalli PS,1.04432e+16,2022,1,1,Road Accidents,Not Applicable,City/Town,Open area,Human Error,No,Grievous Injury,Not Applicable,No signal lights,Others,Residential Street,Bitumen(Tar),Dry,No influence on accident,Clear,Muddinapalya main road,Near Spoorthydhama,1,0.0,0.0,0,0,0.0,0.0
Bengaluru City,Byadarahalli PS,1.04432e+16,2022,1,1,Road Accidents,Circle,City/Town,Open area,Human Error,No,Grievous Injury,Hit pedestrian,No signal lights,Not Applicable,State Highway,Bitumen(Tar),Dry,No influence on accident,Clear,"Near Karavali Hotel Magadi main road, Anjana Nagara",Near Karavali Hotel,2,0.0,0.0,0,0,0.0,0.0