DISTRICTNAME,UNITNAME,Crime_No,Year,RI,Noofvehicle_involved,Accident_Classification,Accident_Spot,Accident_Location,Accident_SubLocation,Main_Cause,Hit_Run,Severity,Collision_Type,Junction_Control,Road_Character,Road_Type,Surface_Type,Surface_Condition,Road_Condition,Weather,Accident_Road,Landmark_first,Distance_LandMark_First,Latitude,Longitude,Road_Condition_Score,Surface_Condition_Score,Surface_Type_Score,Road_Risk_Index
Bengaluru City,Byatrarayanapura Traffic PS,1.04432e+16,2018,1,1,Road Accidents,Other,City/Town,Open area,Human Error,No,Grievous Injury,Hit pedestrian,No signal lights,Slight Curve,Service Road,Bitumen(Tar),Dry,No influence on accident,Clear,mysore road service road,hosakerehalli junction,300 m,0.0,0.0,0,0,0.0,0.0
Bengaluru City,Byatrarayanapura Traffic PS,1.04432e+16,2018,1,1,Road Accidents,Other,City/Town,Near Bus stop,Human Error,No,Fatal,Hit pedestrian,Not at  Junction,Straight and flat,Two way,Bitumen(Tar),Dry,Not Applicable,Clear,Timber yard layout main road,Near Satelight Bus stop,500M,0.0,0.0,0,0,0.0,0.0
Bengaluru City,Byatrarayanapura Traffic PS,1.04432e+16,2018,1,2,Road Accidents,Other,City/Town,Near Bus stop,Human Error,No,Grievous Injury,Rear end,Police / Manual,Others,State Highway,Bitumen(Tar),Dry,No influence on accident,Clear,Mysore road Bapuji nagara,MYSORE ROAD opp A2b hotel,500 mt,0.0,0.0,0,0,0.0,0.0
Bengaluru City,Byatrarayanapura Traffic PS,1.04432e+16,2018,1,1,Road Accidents,Other,City/Town,Residential area,Human Error,No,Grievous Injury,Hit pedestrian,Controlled,Straight and flat,Two way,Bitumen(Tar),Dry,No influence on accident,Clear,Pipeline road Hosaguddadahalli,Near Arch  play wood gooden,2 km,12.95771,77.547832,0,0,0.0,0.0
Bengaluru City,Byatrarayanapura Traffic PS,1.04432e+16,2018,1,1,Road Accidents,Other,City/Town,Near Bus stop,Human Error,Yes,Grievous Injury,Hit pedestrian,Controlled,Straight and flat,State Highway,Bitumen(Tar),Dry,No influence on accident,Clear,Mysore road near satelight bus stop,Opposite Imperiol hotel,500 mt,0.0,0.0,0,0,0.0,0.0
Bengaluru City,Byatrarayanapura Traffic PS,1.04432e+16,2018,1,1,Road Accidents,Other,City/Town,Near Bus stop,Human Error,No,Grievous Injury,Hit pedestrian,Controlled,Straight and flat,State Highway,Bitumen(Tar),Dry,Engineering Defect of Road,Clear,Mysore road Nayandahalli,Opposite Nayandahalli metro stop,2 km,0.0,0.0,4,0,0.0,4.0
Bengaluru City,Byatrarayanapura Traffic PS,1.04432e+16,2018,1,1,Road Accidents,Junction,City/Town,Near Bus stop,Human Error,No,Grievous Injury,Hit pedestrian,Controlled,Others,State Highway,Bitumen(Tar),Dry,No influence on accident,Clear,Mysore road Hosaguddadahalli junction,Near Hosaguddadahalli bus stop,1 km,0.0,0.0,0,0,0.0,0.0
Bengaluru City,Byatrarayanapura Traffic PS,1.04432e+16,2018,1,2,Road Accidents,Other,City/Town,Near Bus stop,Human Error,No,Grievous Injury,Rear end,Controlled,Straight and flat,State Highway,Bitumen(Tar),Dry,No influence on accident,Clear,"Mysore road, Near Nayandahalli metro station",Opposite Rajalakshmi way bridge,2 km,0.0,0.0,0,0,0.0,0.0
Bengaluru City,Byatrarayanapura Traffic PS,1.04432e+16,2018,1,2,Road Accidents,Other,City/Town,Open area,Human Error,No,Damage Only,Rear end,Not at  Junction,Straight and flat,Two way,Bitumen(Tar),Dry,No influence on accident,Clear,NAGARABHAVI MAIN ROAD,Near Gangondanahalli juction,3 km,0.0,0.0,0,0,0.0,0.0
Bengaluru City,Byatrarayanapura Traffic PS,1.04432e+16,2018,1,2,Road Accidents,Other,City/Town,Open area,Human Error,No,Fatal,Head on,Not at  Junction,Others,Two way,Bitumen(Tar),Dry,Not Applicable,Clear,nayandahalli,OPP TWO WHEELER GARAGE,2k,0.0,0.0,0,0,0.0,0.0
Bengaluru City,Byatrarayanapura Traffic PS,1.04432e+16,2018,1,1,Road Accidents,Other,City/Town,Near Petrol Pump,Human Error,Yes,Fatal,Hit pedestrian,Police / Manual,Straight and flat,Two way,Bitumen(Tar),Dry,No influence on accident,Fine,Near Nagarabhavi main road,Near Mudapalya circle Near Bharath petrol bank,4 km,0.0,0.0,0,0,0.0,0.0
Bengaluru City,Byatrarayanapura Traffic PS,1.04432e+16,2018,1,2,Road Accidents,Other,City/Town,Near School or College,Human Error,Yes,Simple Injury,Hit and Run,Not at  Junction,Straight and flat,Residential Street,Bitumen(Tar),Dry,No influence on accident,Clear,"SBM school road, Byatarayanapura",Near SBM school,1 km,0.0,0.0,0,0,0.0,0.0
Bengaluru City,Byatrarayanapura Traffic PS,1.04432e+16,2018,1,1,Road Accidents,Other,City/Town,Near Bus stop,Human Error,Yes,Fatal,Hit pedestrian,Not at  Junction,Straight and flat,State Highway,Bitumen(Tar),Dry,No influence on accident,Fine,Mysore road Pantharapalya,In front of Sollarpuriya Apartement,2 km,12.940679,77.524575,0,0,0.0,0.0
Bengaluru City,Byatrarayanapura Traffic PS,1.04432e+16,2018,1,1,Road Accidents,Other,City/Town,Residential area,Human Error,No,Grievous Injury,Hit pedestrian,Not at  Junction,Others,Residential Street,Bitumen(Tar),Dry,No influence on accident,Clear,"4th main road, Bapuji nagara",Near Vidya ganapathi temple,1 1/2,12.958194,77.540356,0,0,0.0,0.0
Bengaluru City,Byatrarayanapura Traffic PS,1.04432e+16,2018,1,2,Road Accidents,Other,City/Town,Near Petrol Pump,Human Error,No,Grievous Injury,Others,Not at  Junction,Others,Two way,Bitumen(Tar),Dry,No influence on accident,Fine,Chandra layout main road,Inside Gowdas petrol bank,3 km,12.95994,77.532519,0,0,0.0,0.0
Bengaluru City,Byatrarayanapura Traffic PS,1.04432e+16,2018,1,1,Road Accidents,Junction,City/Town,Residential area,Human Error,Yes,Grievous Injury,Hit and Run,No signal lights,Others,City or Town Road,Bitumen(Tar),Dry,No influence on accident,Clear,Chandra layout 80 feet road,opposite Vijaya bank,3 km,12.958497,77.525798,0,0,0.0,0.0
Bengaluru City,Byatrarayanapura Traffic PS,1.04432e+16,2018,1,2,Road Accidents,Other,City/Town,Near Petrol Pump,Human Error,No,Simple Injury,Right Turn Collision,Controlled,Straight and flat,State Highway,Bitumen(Tar),Dry,No influence on accident,Clear,Mysore road Near BHEL,In front of IOC petrol bunk,1 km,12.947574,77.533762,0,0,0.0,0.0
Bengaluru City,Byatrarayanapura Traffic PS,1.04432e+16,2018,1,2,Road Accidents,Other,City/Town,Near Bus stop,Human Error,No,Simple Injury,Rear end,Controlled,Straight and flat,State Highway,Bitumen(Tar),Dry,No influence on accident,Fine,Mysore road R.R.Arch,Rajarajeswari Nagara metro station,4 km,0.0,0.0,0,0,0.0,0.0
Bengaluru City,Byatrarayanapura Traffic PS,1.04432e+16,2018,1,2,Road Accidents,Other,City/Town,Near Bus stop,Human Error,No,Grievous Injury,Head on,Controlled,Straight and flat,Service Road,Bitumen(Tar),Dry,No influence on accident,Clear,Nagarabhavi ring road service road,Near Vidyagiri park,4 km,0.0,0.0,0,0,0.0,0.0
Bengaluru City,Byatrarayanapura Traffic PS,1.04432e+16,2018,1,2,Road Accidents,Other,City/Town,Near Bus stop,Human Error,No,Grievous Injury,Rear end,Controlled,Others,One way,Bitumen(Tar),Dry,No influence on accident,Clear,west of chord road,Opposite BMTC bus stop,500 mt,0.0,0.0,0,0,0.0,0.0
Bengaluru City,Byatrarayanapura Traffic PS,1.04432e+16,2018,1,1,Road Accidents,Cross roads,City/Town,Open area,Human Error,No,Grievous Injury,Hit pedestrian,Not at  Junction,Curve,Two way,Bitumen(Tar),Dry,No influence on accident,Clear,RANGANATHA COLONY ROAD,Near BHEL,1 KM,0.0,0.0,0,0,0.0,0.0
Bengaluru City,Byatrarayanapura Traffic PS,1.04432e+16,2018,1,2,Road Accidents,Other,City/Town,Near Petrol Pump,Human Error,No,Grievous Injury,Hit and Run,Controlled,Straight and flat,State Highway,Bitumen(Tar),Dry,No influence on accident,Clear,Mysore  road Near BHEL,Near BHEL Factory,1km,12.947705,77.533738,0,0,0.0,0.0
Bengaluru City,Byatrarayanapura Traffic PS,1.04432e+16,2018,1,2,Road Accidents,Other,City/Town,Near Bus stop,Human Error,No,Damage Only,Rear end,Controlled,Straight and flat,Two way,Bitumen(Tar),Dry,No influence on accident,Fine,Mysore road near R.R.Arch signal,near Cilicon honda show room,3 km,12.936306,77.518615,0,0,0.0,0.0
Bengaluru City,Byatrarayanapura Traffic PS,1.04432e+16,2018,1,2,Road Accidents,Other,City/Town,Open area,Human Error,No,Grievous Injury,Rear end,Controlled,Straight and flat,City or Town Road,Bitumen(Tar),Dry,No influence on accident,Fine,Nagarabhavi ring road,Near Nayandahalli railway uderpass,4 km,12.94602,77.526953,0,0,0.0,0.0
Bengaluru City,Byatrarayanapura Traffic PS,1.04432e+16,2018,1,1,Road Accidents,Other,City/Town,Near Bus stop,Human Error,Yes,Grievous Injury,Hit pedestrian,Controlled,Others,Others,Bitumen(Tar),Dry,No influence on accident,Clear,Nagarabhavi circle,Near Nagarabhavi circle bus stop,4 km,0.0,0.0,0,0,0.0,0.0
Bengaluru City,Byatrarayanapura Traffic PS,1.04432e+16,2018,1,2,Road Accidents,Bridge,City/Town,Near Bus stop,Human Error,No,Grievous Injury,Rear end,Controlled,Straight and flat,City or Town Road,Bitumen(Tar),Dry,No influence on accident,Clear,Nayandahalli Flyover down ramp,Nayandahalli Flyover,2 km,0.0,0.0,0,0,0.0,0.0
Bengaluru City,Byatrarayanapura Traffic PS,1.04432e+16,2018,1,2,Road Accidents,Other,City/Town,Near Bus stop,Human Error,Yes,Grievous Injury,Head on,Controlled,Straight and flat,City or Town Road,Bitumen(Tar),Dry,No influence on accident,Clear,Erannanagudde main road,Near SAR Garage,3 km,0.0,0.0,0,0,0.0,0.0
Bengaluru City,Byatrarayanapura Traffic PS,1.04432e+16,2018,1,2,Road Accidents,Other,City/Town,Near Hospital,Human Error,Yes,Grievous Injury,Head on,Not at  Junction,Straight and flat,Two way,Bitumen(Tar),Dry,No influence on accident,Clear,nagarabhavi ring road service road,Opposite Akshya Eye Hospital,4 km,0.0,0.0,0,0,0.0,0.0
Bengaluru City,Byatrarayanapura Traffic PS,1.04432e+16,2018,1,1,Road Accidents,Other,City/Town,Near Petrol Pump,Human Error,Yes,Grievous Injury,Hit and Run,Police / Manual,Straight and flat,State Highway,Bitumen(Tar),Dry,No influence on accident,Clear,Mysore road Bapujinagara,Opposite Satelight bus stop,700 mt,12.954341,77.543948,0,0,0.0,0.0
Bengaluru City,Byatrarayanapura Traffic PS,1.04432e+16,2018,1,2,Road Accidents,Other,City/Town,Open area,Human Error,No,Grievous Injury,Rear end,Not at  Junction,Straight and flat,City or Town Road,Bitumen(Tar),Dry,No influence on accident,Fine,Bengalore univercity Law college road,In front of law college,4 km,12.95222,77.516145,0,0,0.0,0.0
Bengaluru City,Byatrarayanapura Traffic PS,1.04432e+16,2018,1,2,Road Accidents,Other,City/Town,Near Bus stop,Human Error,No,Grievous Injury,Right Turn Collision,Controlled,Straight and flat,Two way,Bitumen(Tar),Dry,No influence on accident,Clear,Mysore road Nayandahalli,In front of Nayandahalli metro stop,2 km,12.94618,77.52938,0,0,0.0,0.0
Bengaluru City,Byatrarayanapura Traffic PS,1.04432e+16,2018,1,1,Road Accidents,Other,City/Town,Near Bus stop,Human Error,No,Grievous Injury,Hit pedestrian,Controlled,Straight and flat,State Highway,Bitumen(Tar),Dry,No influence on accident,Clear,Nayandahallli Mysore road,Near Nayandahalli bus stop,2 km,0.0,0.0,0,0,0.0,0.0
Bengaluru City,Byatrarayanapura Traffic PS,1.04432e+16,2018,1,2,Road Accidents,Other,City/Town,Near Petrol Pump,Human Error,No,Grievous Injury,Side impact or Right angle,Controlled,Straight and flat,State Highway,Bitumen(Tar),Dry,No influence on accident,Clear,Mysore road Nayandahalli,Near IOC petrol bank,2 km,0.0,0.0,0,0,0.0,0.0
Bengaluru City,Byatrarayanapura Traffic PS,1.04432e+16,2018,1,2,Road Accidents,Other,City/Town,Near Bus stop,Human Error,Yes,Grievous Injury,Hit pedestrian,Controlled,Others,Others,Bitumen(Tar),Dry,No influence on accident,Clear,Satelight bus stop Bapuji nagara,Satelight bus stop,500 mt,0.0,0.0,0,0,0.0,0.0
Bengaluru City,Byatrarayanapura Traffic PS,1.04432e+16,2018,1,4,Road Accidents,Other,City/Town,Near Bus stop,Human Error,No,Fatal,Rear end,Police / Manual,Straight and flat,Two way,Bitumen(Tar),Dry,No influence on accident,Clear,Mysore road R.R.Arch signle,Near Sickjel India ltd,4 km,0.0,0.0,0,0,0.0,0.0
Bengaluru City,Byatrarayanapura Traffic PS,1.04432e+16,2018,1,1,Road Accidents,Other,City/Town,Residential area,Human Error,Yes,Simple Injury,Hit pedestrian,Not at  Junction,Others,Two way,Bitumen(Tar),Dry,No influence on accident,Clear,Avalahalli main road,Near Rajanna hotel,2 km,0.0,0.0,0,0,0.0,0.0
Bengaluru City,Byatrarayanapura Traffic PS,1.04432e+16,2018,1,3,Road Accidents,Other,City/Town,Near Petrol Pump,Human Error,No,Grievous Injury,Rear end,Not at  Junction,Others,Others,Bitumen(Tar),Dry,No influence on accident,Clear,In front of Flyover,Opposite Total gas bank,2 km,12.943921,77.53008,0,0,0.0,0.0
Bengaluru City,Byatrarayanapura Traffic PS,1.04432e+16,2018,1,1,Road Accidents,Other,City/Town,Residential area,Human Error,Yes,Grievous Injury,Hit pedestrian,Not at  Junction,Straight and flat,Two way,Bitumen(Tar),Dry,Construction Work / Material,Clear,Avalahalli SLV party hall road,Near SLV party hall,1 km,12.944477,77.541132,2,0,0.0,2.0
Bengaluru City,Byatrarayanapura Traffic PS,1.04432e+16,2018,1,2,Road Accidents,Other,City/Town,Near Hospital,Human Error,Yes,Simple Injury,Others,Controlled,Straight and flat,Two way,Bitumen(Tar),Dry,No influence on accident,Clear,Chandra layout 80 feet road,In front of Vijaya bank,3 km,12.958565,77.52592,0,0,0.0,0.0
Bengaluru City,Byatrarayanapura Traffic PS,1.04432e+16,2018,1,2,Road Accidents,Other,City/Town,Residential area,Human Error,No,Fatal,Rear end,Controlled,Straight and flat,City or Town Road,Bitumen(Tar),Dry,No influence on accident,Clear,Nagarabhavi ring road,Near Nice road juction,3,0.0,0.0,0,0,0.0,0.0
Bengaluru City,Byatrarayanapura Traffic PS,1.04432e+16,2018,1,2,Road Accidents,Junction,City/Town,Near Bus stop,Human Error,No,Grievous Injury,Others,Controlled,Others,City or Town Road,Bitumen(Tar),Dry,No influence on accident,Clear,Chandra layout 80 feet road,Chandra layout water tank junction,4 km,0.0,0.0,0,0,0.0,0.0
Bengaluru City,Byatrarayanapura Traffic PS,1.04432e+16,2018,1,2,Road Accidents,Other,City/Town,Near a recreation place/cinema,Human Error,No,Grievous Injury,Rear end,Controlled,Straight and flat,Two way,Bitumen(Tar),Dry,No influence on accident,Fine,R.R.Nagara main road,Near Gopalan arcade,4 km,0.0,0.0,0,0,0.0,0.0
Bengaluru City,Byatrarayanapura Traffic PS,1.04432e+16,2018,1,1,Road Accidents,Other,City/Town,Near Bus stop,Human Error,Yes,Grievous Injury,Hit pedestrian,Controlled,Straight and flat,State Highway,Bitumen(Tar),Dry,No influence on accident,Clear,Mysore road Hosaguddadahalli,In front of Athmalakshmi traders,2 km,0.0,0.0,0,0,0.0,0.0
Bengaluru City,Byatrarayanapura Traffic PS,1.04432e+16,2018,1,2,Road Accidents,Other,City/Town,Open area,Human Error,No,Damage Only,Rear end,Not at  Junction,Others,Others,Kutcha,Dry,No influence on accident,Clear,Near Jnanabharathi drynege,MVR company site,3 km,12.936012,77.514018,0,0,4.0,4.0
Bengaluru City,Byatrarayanapura Traffic PS,1.04432e+16,2018,1,1,Road Accidents,Bridge,City/Town,Near Bus stop,Human Error,No,Damage Only,Hit fixed object,Controlled,Others,One way,Bitumen(Tar),Dry,No influence on accident,Clear,Bapuji nagara fly  over,Near Gali anjaneya temple,500 km,12.95285,77.541061,0,0,0.0,0.0
Bengaluru City,Byatrarayanapura Traffic PS,1.04432e+16,2018,1,1,Road Accidents,Junction,City/Town,Residential area,Human Error,No,Grievous Injury,Hit pedestrian,Controlled,Others,City or Town Road,Bitumen(Tar),Dry,No influence on accident,Clear,Avalahalli,Near Bangalore One,2 km,12.927713,77.545994,0,0,0.0,0.0
Bengaluru City,Byatrarayanapura Traffic PS,1.04432e+16,2018,1,1,Road Accidents,Other,City/Town,Near Bus stop,Human Error,No,Grievous Injury,Hit pedestrian,Controlled,Straight and flat,Two way,Bitumen(Tar),Dry,No influence on accident,Clear,Nagarabhavi ring road,Near Manasa nagara Bus stop,3 km,12.95881,77.517251,0,0,0.0,0.0
Bengaluru City,Byatrarayanapura Traffic PS,1.04432e+16,2018,1,2,Road Accidents,Other,City/Town,Open area,Human Error,No,Damage Only,Hit parked vehicle,Controlled,Straight and flat,Two way,Bitumen(Tar),Dry,No influence on accident,Clear,Nagarabhavi ring road,Suvarna layout,4 km,0.0,0.0,0,0,0.0,0.0
Bengaluru City,Byatrarayanapura Traffic PS,1.04432e+16,2018,1,1,Road Accidents,Other,City/Town,Near a factory industrial area,Human Error,No,Damage Only,Rear end,Controlled,Others,Two way,Bitumen(Tar),Dry,No influence on accident,Clear,Mysore road Near Nayandahalli BWSSB qwatress,Sikajel India limited factory,4 km,0.0,0.0,0,0,0.0,0.0
Bengaluru City,Byatrarayanapura Traffic PS,1.04432e+16,2018,1,1,Road Accidents,Other,City/Town,Near School or College,Human Error,No,Grievous Injury,Hit pedestrian,Not at  Junction,Straight and flat,Two way,Bitumen(Tar),Dry,No influence on accident,Clear,Chandra layout 80feet road,Near Siddaganga school cross,3 km,0.0,0.0,0,0,0.0,0.0
Bengaluru City,Byatrarayanapura Traffic PS,1.04432e+16,2018,1,2,Road Accidents,Other,City/Town,Near a religious place,Human Error,Yes,Simple Injury,Others,Controlled,Others,City or Town Road,Bitumen(Tar),Dry,No influence on accident,Fine,West of chord road,Opposite Shanimahathma temple,500,0.0,0.0,0,0,0.0,0.0
Bengaluru City,Byatrarayanapura Traffic PS,1.04432e+16,2018,1,2,Road Accidents,Circle,City/Town,Near Bus stop,Human Error,No,Grievous Injury,Overturning,Controlled,Curve,Two way,Bitumen(Tar),Dry,Not Applicable,Clear,opp law college,nagarabhavi circul,3 km,0.0,0.0,0,0,0.0,0.0
Bengaluru City,Byatrarayanapura Traffic PS,1.04432e+16,2018,1,2,Road Accidents,Other,City/Town,Open area,Human Error,Yes,Simple Injury,Rear end,Uncontrolled,Straight and flat,Two way,Bitumen(Tar),Dry,No influence on accident,Fine,Nagarabhavi ring road,Nagarabhavi ring road bridge,4 km,12.951408,77.5214,0,0,0.0,0.0
Bengaluru City,Byatrarayanapura Traffic PS,1.04432e+16,2018,1,2,Road Accidents,Other,City/Town,Near Petrol Pump,Human Error,No,Simple Injury,Head on,Controlled,Straight and flat,Two way,Bitumen(Tar),Dry,No influence on accident,Clear,Chandra layput 80 feet road,Opposite IOC petrol bank,3 km,12.959029,77.524132,0,0,0.0,0.0
Bengaluru City,Byatrarayanapura Traffic PS,1.04432e+16,2018,1,1,Road Accidents,Not Applicable,City/Town,Near Bus stop,Human Error,No,Grievous Injury,Hit pedestrian,Controlled,Straight and flat,State Highway,Bitumen(Tar),Dry,No influence on accident,Clear,Mysore road Bapooji nagara bus stop,Near KSRTC out gate Satelight,500 mt,0.0,0.0,0,0,0.0,0.0
Bengaluru City,Byatrarayanapura Traffic PS,1.04432e+16,2018,1,2,Road Accidents,Other,City/Town,Near a religious place,Human Error,Yes,Damage Only,Right Turn Collision,Controlled,Sharp Curve,Two way,Bitumen(Tar),Dry,No influence on accident,Clear,Nagarabhavi ring road,opposite Madduramma temple,4 km,0.0,0.0,0,0,0.0,0.0
Bengaluru City,Byatrarayanapura Traffic PS,1.04432e+16,2018,1,1,Road Accidents,T Junction,City/Town,Residential area,Human Error,No,Simple Injury,Hit pedestrian,Controlled,Straight and flat,City or Town Road,Bitumen(Tar),Dry,No influence on accident,Clear,Shamanna garden 5th cross,Opposite Kudad mosque,2 km,0.0,0.0,0,0,0.0,0.0
Bengaluru City,Byatrarayanapura Traffic PS,1.04432e+16,2018,1,1,Road Accidents,Cross roads,City/Town,Near School or College,Human Error,Yes,Grievous Injury,Hit and Run,Not at  Junction,Others,Two way,Bitumen(Tar),Dry,No influence on accident,Clear,"byatarayanapura 1s main road, a cross",Near Akshara play home,1km,0.0,0.0,0,0,0.0,0.0
Bengaluru City,Byatrarayanapura Traffic PS,1.04432e+16,2018,1,1,Rail Road Accidents,Other,City/Town,Near office complex,Human Error,No,Fatal,Hit pedestrian,Controlled,Straight and flat,State Highway,Bitumen(Tar),Dry,No influence on accident,Fine,Mysore road BHEL,Near KSRTC 5th depot,1 k m,12.949486,77.53637,0,0,0.0,0.0
Bengaluru City,Byatrarayanapura Traffic PS,1.04432e+16,2018,1,2,Road Accidents,Other,City/Town,Residential area,Human Error,No,Simple Injury,Rear end,Controlled,Straight and flat,City or Town Road,Bitumen(Tar),Dry,No influence on accident,Clear,Nagarabhavi ring road,Suvarna layout juction Nagarabhavi circle,4 km,0.0,0.0,0,0,0.0,0.0
Bengaluru City,Byatrarayanapura Traffic PS,1.04432e+16,2018,1,1,Road Accidents,Other,City/Town,Residential area,Human Error,Yes,Grievous Injury,Hit pedestrian,Controlled,Others,City or Town Road,Bitumen(Tar),Dry,No influence on accident,Clear,Nagarabhavi main road,Maruthi nagara cross,4 km,0.0,0.0,0,0,0.0,0.0
Bengaluru City,Byatrarayanapura Traffic PS,1.04432e+16,2018,1,2,Road Accidents,Other,City/Town,Residential area,Human Error,Yes,Grievous Injury,Rear end,Not at  Junction,Straight and flat,Two way,Bitumen(Tar),Dry,No influence on accident,Clear,Avalahalli 50 feet road,Opposite Ganesha  Holige home shop,2 km,0.0,0.0,0,0,0.0,0.0
Bengaluru City,Byatrarayanapura Traffic PS,1.04432e+16,2018,1,1,Road Accidents,Other,City/Town,Near Petrol Pump,Human Error,No,Fatal,Hit pedestrian,Controlled,Straight and flat,State Highway,Kutcha,Dry,No influence on accident,Clear,Mysore road opp. Christian cemetory,Near Bharath petrol bunk,1 1/2,0.0,0.0,0,0,4.0,4.0
Bengaluru City,Byatrarayanapura Traffic PS,1.04432e+16,2018,1,2,Road Accidents,Other,City/Town,Near Bus stop,Human Error,No,Grievous Injury,Right Turn Collision,Not at  Junction,Others,State Highway,Bitumen(Tar),Dry,No influence on accident,Clear,Mysore road Nayandahalli ring road juction,Near Nayandahallli Bus stop,2 km,0.0,0.0,0,0,0.0,0.0
Bengaluru City,Byatrarayanapura Traffic PS,1.04432e+16,2018,1,2,Road Accidents,Other,City/Town,Open area,Human Error,Yes,Grievous Injury,Hit and Run,Not at  Junction,Straight and flat,One way,Bitumen(Tar),Dry,No influence on accident,Fine,Nagarabhavi ring road,Near Nayandahalli ring road juction,2 km,12.945798,77.527007,0,0,0.0,0.0
Bengaluru City,Byatrarayanapura Traffic PS,1.04432e+16,2018,1,2,Road Accidents,Other,City/Town,Open area,Human Error,Yes,Fatal,Hit and Run,Not at  Junction,Straight and flat,City or Town Road,Bitumen(Tar),Dry,No influence on accident,Fine,Nagarabhavi ring road,Near Suvarna layout juction,4 km,12.953327,77.519966,0,0,0.0,0.0
Bengaluru City,Byatrarayanapura Traffic PS,1.04432e+16,2018,1,1,Road Accidents,Other,City/Town,Near Bus stop,Human Error,No,Simple Injury,Hit pedestrian,Not at  Junction,Straight and flat,State Highway,Bitumen(Tar),Dry,No influence on accident,Clear,Mysore road Hosaguddadahalli,Near Giriyas show room,1 km,12.956642,77.548157,0,0,0.0,0.0
Bengaluru City,Byatrarayanapura Traffic PS,1.04432e+16,2018,1,2,Road Accidents,Junction,City/Town,Open area,Human Error,No,Damage Only,Rear end,Controlled,Others,City or Town Road,Bitumen(Tar),Dry,No influence on accident,Clear,Nayandahalli ring road,Near Nice road bridge,2km,12.940621,77.532192,0,0,0.0,0.0
Bengaluru City,Byatrarayanapura Traffic PS,1.04432e+16,2018,1,3,Road Accidents,Other,City/Town,Residential area,Human Error,No,Damage Only,Rear end,Controlled,Straight and flat,Two way,Bitumen(Tar),Dry,No influence on accident,Clear,Nagarabhavi ring road,Near Durgapameswari temple,4 km,0.0,0.0,0,0,0.0,0.0
Bengaluru City,Byatrarayanapura Traffic PS,1.04432e+16,2018,1,2,Road Accidents,T Junction,City/Town,Open area,Human Error,Yes,Grievous Injury,Hit and Run,No signal lights,Others,City or Town Road,Bitumen(Tar),Dry,No influence on accident,Clear,Hosakerehalli kerekodi road,Nice road Under pass juction,4 km,0.0,0.0,0,0,0.0,0.0
Bengaluru City,Byatrarayanapura Traffic PS,1.04432e+16,2018,1,1,Road Accidents,Other,City/Town,Open area,Human Error,No,Grievous Injury,Others,Controlled,Hump,Two way,Bitumen(Tar),Dry,No influence on accident,Clear,Nagarabhavi ring road,Near Nayandahalli under pass bridge,2 km,12.948134,77.523847,0,0,0.0,0.0
Bengaluru City,Byatrarayanapura Traffic PS,1.04432e+16,2018,1,2,Road Accidents,Other,City/Town,Near Petrol Pump,Human Error,No,Grievous Injury,Rear end,Controlled,Straight and flat,Two way,Bitumen(Tar),Dry,No influence on accident,Clear,Nagarabhavi ring road,Near Indian oil petrol bunk,4 km,0.0,0.0,0,0,0.0,0.0
Bengaluru City,Byatrarayanapura Traffic PS,1.04432e+16,2018,1,2,Road Accidents,Other,City/Town,Near Bus stop,Human Error,No,Grievous Injury,Head on,Not at  Junction,Straight and flat,Two way,Bitumen(Tar),Dry,No influence on accident,Clear,AGARABHAVI MAIN ROAD,Opp Udupa hotel,4,0.0,0.0,0,0,0.0,0.0
Bengaluru City,Byatrarayanapura Traffic PS,1.04432e+16,2018,1,2,Road Accidents,Other,City/Town,Near Bus stop,Human Error,No,Damage Only,Rear end,Not at  Junction,Others,Two way,Bitumen(Tar),Dry,No influence on accident,Clear,Banashankari ring road,Veerabadra nagara signle,3 km,0.0,0.0,0,0,0.0,0.0