DISTRICTNAME,UNITNAME,Crime_No,Year,RI,Noofvehicle_involved,Accident_Classification,Accident_Spot,Accident_Location,Accident_SubLocation,Main_Cause,Hit_Run,Severity,Collision_Type,Junction_Control,Road_Character,Road_Type,Surface_Type,Surface_Condition,Road_Condition,Weather,Accident_Road,Landmark_first,Distance_LandMark_First,Latitude,Longitude,Road_Condition_Score,Surface_Condition_Score,Surface_Type_Score,Road_Risk_Index
Bengaluru City,Byatrarayanapura Traffic PS,1.04432e+16,2019,1,2,Road Accidents,Narrow road,City/Town,Near a religious place,Human Error,Yes,Fatal,Vehicle to Vehicle,Controlled,Straight and flat,Two way,Bitumen(Tar),Dry,No influence on accident,Clear,Nagarabhavi ring road,Near Durga parameswari temple,4 km,0.0,0.0,0,0,0.0,0.0
Bengaluru City,Byatrarayanapura Traffic PS,1.04432e+16,2019,1,2,Road Accidents,Not Applicable,City/Town,Near a religious place,Human Error,No,Damage Only,Vehicle to Vehicle,Controlled,Straight and flat,State Highway,Bitumen(Tar),Dry,No influence on accident,Others,Mysore road Bapuji nagara,near Roshan masid,500 mt,0.0,0.0,0,0,0.0,0.0
Bengaluru City,Byatrarayanapura Traffic PS,1.04432e+16,2019,1,2,Road Accidents,Not Applicable,City/Town,Near office complex,Human Error,No,Grievous Injury,Vehicle to Vehicle,Controlled,Others,State Highway,Bitumen(Tar),Dry,No influence on accident,Others,Mysore road Hosaguddadahalli,In front of featherllight company,1 km,0.0,0.0,0,0,0.0,0.0
Bengaluru City,Byatrarayanapura Traffic PS,1.04432e+16,2019,1,1,Road Accidents,Not Applicable,City/Town,Near Bus stop,Human Error,No,Grievous Injury,Hit pedestrian,Not Applicable,Others,Others,Bitumen(Tar),Dry,No influence on accident,Clear,Satelight bus stop ground,Satelight bus stop Bapuji nagara,500 mt,0.0,0.0,0,0,0.0,0.0
Bengaluru City,Byatrarayanapura Traffic PS,1.04432e+16,2019,1,1,Road Accidents,Not Applicable,City/Town,Near Bus stop,Human Error,No,Grievous Injury,Hit pedestrian,Controlled,Others,State Highway,Bitumen(Tar),Dry,No influence on accident,Others,Mysore road Hosaguddadahalli,Near Giriyas show room,1 km,0.0,0.0,0,0,0.0,0.0
Bengaluru City,Byatrarayanapura Traffic PS,1.04432e+16,2019,1,2,Road Accidents,Other,City/Town,Near a religious place,Human Error,No,Grievous Injury,Rear end,No signal lights,Straight and flat,Two way,Bitumen(Tar),Dry,No influence on accident,Fine,Nagarabhavi ring road,Near Durga parameswari temple,4 km,0.0,0.0,0,0,0.0,0.0
Bengaluru City,Byatrarayanapura Traffic PS,1.04432e+16,2019,1,2,Road Accidents,Other,City/Town,Near Bus stop,Human Error,No,Grievous Injury,Rear end,Controlled,Straight and flat,Two way,Bitumen(Tar),Dry,No influence on accident,Fine,west of chord road,Deepanjali nagara bridge,700 mt,0.0,0.0,0,0,0.0,0.0
Bengaluru City,Byatrarayanapura Traffic PS,1.04432e+16,2019,1,2,Road Accidents,Other,City/Town,Near Bus stop,Human Error,No,Grievous Injury,Head on,Controlled,Others,City or Town Road,Bitumen(Tar),Dry,No influence on accident,Clear,Nice road,Near Hosakerehalli nice road toll,3 km,0.0,0.0,0,0,0.0,0.0
Bengaluru City,Byatrarayanapura Traffic PS,1.04432e+16,2019,1,2,Road Accidents,Not Applicable,City/Town,Near Bus stop,Human Error,Yes,Grievous Injury,Vehicle to Vehicle,Controlled,Straight and flat,State Highway,Bitumen(Tar),Dry,No influence on accident,Clear,Nayandahalli flyover,Nayandahalli flyover,2 km,0.0,0.0,0,0,0.0,0.0
Bengaluru City,Byatrarayanapura Traffic PS,1.04432e+16,2019,1,2,Road Accidents,Not Applicable,City/Town,Near Bus stop,Human Error,No,Grievous Injury,Vehicle to Vehicle,Controlled,Straight and flat,State Highway,Bitumen(Tar),Dry,No influence on accident,Clear,Mysore road Bapuji nagara,Near Satelight bus stop,500 mt,0.0,0.0,0,0,0.0,0.0
Bengaluru City,Byatrarayanapura Traffic PS,1.04432e+16,2019,1,2,Road Accidents,Narrow road,City/Town,Near Bus stop,Human Error,No,Grievous Injury,Vehicle to Vehicle,Controlled,Straight and flat,Two way,Bitumen(Tar),Dry,No influence on accident,Others,Nayandahalli ring road,Near maralu lorry stand,2 km,0.0,0.0,0,0,0.0,0.0
Bengaluru City,Byatrarayanapura Traffic PS,1.04432e+16,2019,1,2,Road Accidents,Cross roads,City/Town,Near Bus stop,Human Error,No,Simple Injury,Vehicle to Vehicle,Controlled,Straight and flat,Two way,Bitumen(Tar),Dry,No influence on accident,Clear,Chandralayout main road,near Chandralayout bus stop,4 km,0.0,0.0,0,0,0.0,0.0
Bengaluru City,Byatrarayanapura Traffic PS,1.04432e+16,2019,1,1,Road Accidents,Circle,City/Town,Near Bus stop,Human Error,Yes,Simple Injury,Hit pedestrian,Controlled,Others,State Highway,Bitumen(Tar),Dry,No influence on accident,Clear,Mysore road,Nayandahalli circle,2 km,0.0,0.0,0,0,0.0,0.0
Bengaluru City,Byatrarayanapura Traffic PS,1.04432e+16,2019,1,1,Road Accidents,Cross roads,City/Town,Near Hospital,Human Error,Yes,Grievous Injury,Hit pedestrian,Controlled,Straight and flat,State Highway,Bitumen(Tar),Dry,No influence on accident,Clear,Girinagara 60 feet road,Near 12th cross,2 km,0.0,0.0,0,0,0.0,0.0
Bengaluru City,Byatrarayanapura Traffic PS,1.04432e+16,2019,1,2,Road Accidents,Not Applicable,City/Town,Near Bus stop,Human Error,No,Grievous Injury,Vehicle to Vehicle,Controlled,Straight and flat,Two way,Bitumen(Tar),Dry,No influence on accident,Clear,Nagarabhavi ring road,In front of Banashankari Tifen centere,4 km,0.0,0.0,0,0,0.0,0.0
Bengaluru City,Byatrarayanapura Traffic PS,1.04432e+16,2019,1,2,Road Accidents,Not Applicable,City/Town,Near Bus stop,Human Error,No,Fatal,Vehicle to Vehicle,Controlled,Others,State Highway,Bitumen(Tar),Dry,No influence on accident,Clear,Mysore road near Kinco junction,Near kavika factory,200 mt,0.0,0.0,0,0,0.0,0.0
Bengaluru City,Byatrarayanapura Traffic PS,1.04432e+16,2019,1,2,Road Accidents,Other,City/Town,Near Hospital,Human Error,No,Grievous Injury,Right Turn Collision,Controlled,Straight and flat,State Highway,Bitumen(Tar),Dry,No influence on accident,Clear,Mysore road Nayandahalli,In front of Mysore road Hitech hospital,2 km,0.0,0.0,0,0,0.0,0.0
Bengaluru City,Byatrarayanapura Traffic PS,1.04432e+16,2019,1,2,Road Accidents,Other,City/Town,Near Bus stop,Human Error,Yes,Damage Only,Rear end,Controlled,Straight and flat,State Highway,Bitumen(Tar),Dry,No influence on accident,Clear,Mysore road Hosaguddadahalli,Near BSNL office Hosaguddadahalli,1 km,0.0,0.0,0,0,0.0,0.0
Bengaluru City,Byatrarayanapura Traffic PS,1.04432e+16,2019,1,2,Road Accidents,Not Applicable,City/Town,Narrow bridge or culverts,Human Error,No,Grievous Injury,Vehicle to Vehicle,Controlled,Straight and flat,Two way,Bitumen(Tar),Dry,No influence on accident,Clear,Nayandahalli flyover,Near Nayandahalli metro stand,2 km,0.0,0.0,0,0,0.0,0.0
Bengaluru City,Byatrarayanapura Traffic PS,1.04432e+16,2019,1,2,Road Accidents,Not Applicable,City/Town,Near Bus stop,Human Error,Yes,Damage Only,Vehicle to Vehicle,No signal lights,Others,Two way,Bitumen(Tar),Dry,No influence on accident,Others,Chandra layout Ganesha mandira road,Balaji silk house juction,4 km,0.0,0.0,0,0,0.0,0.0
Bengaluru City,Byatrarayanapura Traffic PS,1.04432e+16,2019,1,1,Road Accidents,Not Applicable,City/Town,Near Bus stop,Human Error,Yes,Grievous Injury,Hit pedestrian,Controlled,Straight and flat,Two way,Bitumen(Tar),Dry,No influence on accident,Clear,Girinagara main road,Near Veerabadranagara signle,3 km,0.0,0.0,0,0,0.0,0.0
Bengaluru City,Byatrarayanapura Traffic PS,1.04432e+16,2019,1,1,Road Accidents,Not Applicable,City/Town,Near Bus stop,Human Error,No,Grievous Injury,Hit pedestrian,Controlled,Straight and flat,Two way,Concrete,Dry,No influence on accident,Clear,Mysore road Bapuji nagara,satalite bus stop,500 mt,0.0,0.0,0,0,0.0,0.0
Bengaluru City,Byatrarayanapura Traffic PS,1.04432e+16,2019,1,1,Road Accidents,Not Applicable,City/Town,Near Bus stop,Human Error,No,Grievous Injury,Hit pedestrian,Controlled,Straight and flat,State Highway,Bitumen(Tar),Dry,No influence on accident,Fine,Mysore road Bapuji nagara,Near Satellight bus stop,500 mt,0.0,0.0,0,0,0.0,0.0
Bengaluru City,Byatrarayanapura Traffic PS,1.04432e+16,2019,1,1,Road Accidents,Not Applicable,City/Town,Near Bus stop,Human Error,No,Fatal,Hit pedestrian,Controlled,Straight and flat,State Highway,Bitumen(Tar),Dry,No influence on accident,Clear,Mysore road Nayandahalli,In front of Nayandahalli metro station,2 km,0.0,0.0,0,0,0.0,0.0
Bengaluru City,Byatrarayanapura Traffic PS,1.04432e+16,2019,1,1,Road Accidents,Not Applicable,City/Town,Near a religious place,Human Error,No,Fatal,Hit pedestrian,Controlled,Others,State Highway,Bitumen(Tar),Dry,No influence on accident,Clear,Mysore road,Near Gali Anjaneya temple,200 mt,0.0,0.0,0,0,0.0,0.0
Bengaluru City,Byatrarayanapura Traffic PS,1.04432e+16,2019,1,2,Road Accidents,Not Applicable,City/Town,Near Bus stop,Human Error,Yes,Grievous Injury,Vehicle to Vehicle,Controlled,Straight and flat,Two way,Bitumen(Tar),Dry,No influence on accident,Clear,Near Suvarna layout,In front of empty space,4 km,0.0,0.0,0,0,0.0,0.0
Bengaluru City,Byatrarayanapura Traffic PS,1.04432e+16,2019,1,1,Road Accidents,Other,City/Town,Near Bus stop,Human Error,Yes,Grievous Injury,Hit and Run,Controlled,Straight and flat,Two way,Bitumen(Tar),Dry,No influence on accident,Clear,Nayandahalli ring road,Opposite Maralu lorry stand,2 km,0.0,0.0,0,0,0.0,0.0
Bengaluru City,Byatrarayanapura Traffic PS,1.04432e+16,2019,1,1,Road Accidents,Cross roads,City/Town,Near office complex,Human Error,Yes,Grievous Injury,Hit pedestrian,Controlled,Straight and flat,Two way,Bitumen(Tar),Dry,No influence on accident,Clear,12th cross dipanjali nagar,HDEC Bank,1km,0.0,0.0,0,0,0.0,0.0
Bengaluru City,Byatrarayanapura Traffic PS,1.04432e+16,2019,1,2,Road Accidents,Narrow road,City/Town,Near a religious place,Human Error,Yes,Fatal,Vehicle to Vehicle,Police / Manual,Others,Two way,Bitumen(Tar),Dry,No influence on accident,Fine,Nagarabhavi main road,Near Madduramma temple,4 km,0.0,0.0,0,0,0.0,0.0
Bengaluru City,Byatrarayanapura Traffic PS,1.04432e+16,2019,1,1,Road Accidents,Narrow road,City/Town,Near a recreation place/cinema,Human Error,No,Fatal,Hit pedestrian,Controlled,Straight and flat,Two way,Bitumen(Tar),Dry,No influence on accident,Clear,Girinagara main road,Near BDA park,2 km,12.943233,77.542747,0,0,0.0,0.0
Bengaluru City,Byatrarayanapura Traffic PS,1.04432e+16,2019,1,1,Road Accidents,Other,City/Town,Near Bus stop,Human Error,No,Fatal,Hit pedestrian,Controlled,Others,Two way,Bitumen(Tar),Dry,No influence on accident,Clear,Chandra layout sky line apartment road,Near Balaji silk juction,3 km,0.0,0.0,0,0,0.0,0.0
Bengaluru City,Byatrarayanapura Traffic PS,1.04432e+16,2019,1,2,Road Accidents,Not Applicable,City/Town,Near a factory industrial area,Human Error,Yes,Grievous Injury,Vehicle to Vehicle,Controlled,Straight and flat,State Highway,Bitumen(Tar),Dry,No influence on accident,Clear,Mysore road,Opposite BHEL factory,500mt,0.0,0.0,0,0,0.0,0.0
Bengaluru City,Byatrarayanapura Traffic PS,1.04432e+16,2019,1,2,Road Accidents,Other,City/Town,Residential area,Human Error,No,Damage Only,Rear end,Controlled,Straight and flat,City or Town Road,Bitumen(Tar),Dry,No influence on accident,Clear,Nagarabhavi ring road,In front of Vidyagiri layout,4 km,0.0,0.0,0,0,0.0,0.0
Bengaluru City,Byatrarayanapura Traffic PS,1.04432e+16,2019,1,2,Road Accidents,Not Applicable,City/Town,Near Petrol Pump,Human Error,Yes,Simple Injury,Vehicle to Vehicle,Controlled,Straight and flat,State Highway,Concrete,Others,No influence on accident,Light Rain,Mysore road Hosaguddadahalli,Near Shell petrol bunk,1 km,0.0,0.0,0,1,0.0,1.0
Bengaluru City,Byatrarayanapura Traffic PS,1.04432e+16,2019,1,1,Road Accidents,Not Applicable,City/Town,Near Bus stop,Human Error,Yes,Grievous Injury,Hit pedestrian,Controlled,Others,State Highway,Bitumen(Tar),Dry,No influence on accident,Clear,Mysore road R.R.Arch,Opposite Gopalan arcade,4 km,0.0,0.0,0,0,0.0,0.0
Bengaluru City,Byatrarayanapura Traffic PS,1.04432e+16,2019,1,1,Road Accidents,Cross roads,City/Town,Near School or College,Human Error,No,Grievous Injury,Hit pedestrian,Controlled,Others,Residential Street,Bitumen(Tar),Dry,No influence on accident,Clear,Bapuji nagara 3rd A cross,Near Mahadeva school,2 km,0.0,0.0,0,0,0.0,0.0
Bengaluru City,Byatrarayanapura Traffic PS,1.04432e+16,2019,1,2,Road Accidents,Not Applicable,City/Town,Near Bus stop,Human Error,No,Grievous Injury,Vehicle to Vehicle,Controlled,Straight and flat,Two way,Bitumen(Tar),Dry,No influence on accident,Fine,Nagarabhavi ring road,Near Nagarabhavi bridge,4 km,0.0,0.0,0,0,0.0,0.0
Bengaluru City,Byatrarayanapura Traffic PS,1.04432e+16,2019,1,2,Road Accidents,Bridge,City/Town,Narrow bridge or culverts,Human Error,No,Grievous Injury,Others,Controlled,Straight and flat,State Highway,Bitumen(Tar),Dry,No influence on accident,Clear,Mysore road,Near Jnanabharathi bridge,4 km,0.0,0.0,0,0,0.0,0.0
Bengaluru City,Byatrarayanapura Traffic PS,1.04432e+16,2019,1,2,Road Accidents,Other,City/Town,Near office complex,Human Error,Yes,Grievous Injury,Rear end,Not at  Junction,Straight and flat,State Highway,Bitumen(Tar),Dry,No influence on accident,Clear,Mysore road,Opposite Ajay TVS show room,1km,0.0,0.0,0,0,0.0,0.0
Bengaluru City,Byatrarayanapura Traffic PS,1.04432e+16,2019,1,2,Road Accidents,More than four arms,City/Town,Near Petrol Pump,Human Error,Yes,Grievous Injury,Hit and Run,Controlled,Others,City or Town Road,Bitumen(Tar),Dry,No influence on accident,Clear,Avalahalli 50 feet road,Near ESSAR petrol bunk,1km,0.0,0.0,0,0,0.0,0.0
Bengaluru City,Byatrarayanapura Traffic PS,1.04432e+16,2019,1,2,Road Accidents,Other,City/Town,Near Bus stop,Human Error,No,Grievous Injury,Rear end,Not at  Junction,Others,City or Town Road,Bitumen(Tar),Dry,No influence on accident,Clear,Nagarabhavi circle road,Near Nagarabhavi circle juction,4 km,0.0,0.0,0,0,0.0,0.0
Bengaluru City,Byatrarayanapura Traffic PS,1.04432e+16,2019,1,2,Road Accidents,Other,City/Town,Near Petrol Pump,Human Error,No,Grievous Injury,Head on,Controlled,Others,State Highway,Bitumen(Tar),Dry,No influence on accident,Clear,Mysore road Nayandahalli,Near IOC petrol bunk,2 km,0.0,0.0,0,0,0.0,0.0
Bengaluru City,Byatrarayanapura Traffic PS,1.04432e+16,2019,1,2,Road Accidents,Curves,City/Town,Near Bus stop,Human Error,Yes,Grievous Injury,Vehicle to Vehicle,Controlled,Curve and Incline,One way,Bitumen(Tar),Dry,No influence on accident,Fine,west of chord road,Near BMTC 16th depot,500 mt,0.0,0.0,0,0,0.0,0.0
Bengaluru City,Byatrarayanapura Traffic PS,1.04432e+16,2019,1,1,Road Accidents,Not Applicable,City/Town,Near School or College,Human Error,Yes,Grievous Injury,Hit pedestrian,Controlled,Others,Two way,Bitumen(Tar),Dry,No influence on accident,Clear,"19th main road, Gajendranagara",Near Patel gullappa school,1.5 km,0.0,0.0,0,0,0.0,0.0
Bengaluru City,Byatrarayanapura Traffic PS,1.04432e+16,2019,1,1,Road Accidents,Not Applicable,City/Town,Near Bus stop,Human Error,No,Simple Injury,Hit pedestrian,Controlled,Straight and flat,State Highway,Bitumen(Tar),Dry,No influence on accident,Clear,Mysore road Pantharapalya,Near Slam qwatress,2 km,0.0,0.0,0,0,0.0,0.0
Bengaluru City,Byatrarayanapura Traffic PS,1.04432e+16,2019,1,2,Road Accidents,Not Applicable,City/Town,Near Bus stop,Human Error,Yes,Grievous Injury,Vehicle to Vehicle,Not at  Junction,Others,Two way,Bitumen(Tar),Dry,No influence on accident,Fine,Nayandahalli ring road,near Nice road juction,2 km,0.0,0.0,0,0,0.0,0.0
Bengaluru City,Byatrarayanapura Traffic PS,1.04432e+16,2019,1,1,Road Accidents,Not Applicable,City/Town,Near Bus stop,Human Error,No,Grievous Injury,Hit pedestrian,Controlled,Straight and flat,State Highway,Bitumen(Tar),Dry,No influence on accident,Clear,Mysore road,Opposite Satelight bus stop,500 mt,0.0,0.0,0,0,0.0,0.0
Bengaluru City,Byatrarayanapura Traffic PS,1.04432e+16,2019,1,1,Road Accidents,Other,City/Town,Near Bus stop,Human Error,No,Grievous Injury,Hit pedestrian,Controlled,Straight and flat,State Highway,Bitumen(Tar),Dry,No influence on accident,Clear,Mysore road R.R.Arch,In front of Renold show room,4 km,0.0,0.0,0,0,0.0,0.0
Bengaluru City,Byatrarayanapura Traffic PS,1.04432e+16,2019,1,2,Road Accidents,Other,City/Town,Residential area,Human Error,No,Damage Only,Rear end,Controlled,Straight and flat,State Highway,Bitumen(Tar),Dry,No influence on accident,Clear,Mysore road,Near Satelight bus stop masid,500 mt,0.0,0.0,0,0,0.0,0.0
Bengaluru City,Byatrarayanapura Traffic PS,1.04432e+16,2019,1,2,Road Accidents,Not Applicable,City/Town,Near Bus stop,Human Error,No,Fatal,Vehicle to Vehicle,Controlled,Others,State Highway,Bitumen(Tar),Dry,No influence on accident,Clear,Mysore road Near Nayandahalli juction,Near Nayandahalli metro station,2 km,0.0,0.0,0,0,0.0,0.0
Bengaluru City,Byatrarayanapura Traffic PS,1.04432e+16,2019,1,2,Road Accidents,Narrow road,City/Town,Residential area,Human Error,No,Damage Only,Vehicle to Vehicle,Controlled,Others,Two way,Bitumen(Tar),Dry,Construction Work / Material,Clear,Gangondahalli main road,Near Chandralyout Water tank juction,1.5 km,0.0,0.0,2,0,0.0,2.0
Bengaluru City,Byatrarayanapura Traffic PS,1.04432e+16,2019,1,1,Road Accidents,Not Applicable,City/Town,Near Bus stop,Human Error,No,Grievous Injury,Not Applicable,Controlled,Straight and flat,Two way,Bitumen(Tar),Dry,No influence on accident,Clear,Nayandahalli flyover,Nayandahalli metro station,2 km,0.0,0.0,0,0,0.0,0.0
Bengaluru City,Byatrarayanapura Traffic PS,1.04432e+16,2019,1,2,Road Accidents,Not Applicable,City/Town,Near office complex,Human Error,No,Damage Only,Vehicle to Vehicle,Controlled,Others,Two way,Bitumen(Tar),Dry,No influence on accident,Clear,Chandra layout main road,Near Aralimara,4 km,0.0,0.0,0,0,0.0,0.0
Bengaluru City,Byatrarayanapura Traffic PS,1.04432e+16,2019,1,1,Road Accidents,Cross roads,City/Town,Residential area,Human Error,No,Grievous Injury,Hit pedestrian,Controlled,Others,Two way,Bitumen(Tar),Dry,No influence on accident,Clear,Hosakerehalli cross road,In front of Karavali hotel,1 km,0.0,0.0,0,0,0.0,0.0
Bengaluru City,Byatrarayanapura Traffic PS,1.04432e+16,2019,1,1,Road Accidents,Bridge,City/Town,Near Bus stop,Human Error,Yes,Grievous Injury,Others,Controlled,Others,City or Town Road,Bitumen(Tar),Dry,No influence on accident,Clear,Deepanjali nagara bridge,Near Matrusagara hotel,500 mt,0.0,0.0,0,0,0.0,0.0
Bengaluru City,Byatrarayanapura Traffic PS,1.04432e+16,2019,1,2,Road Accidents,Other,City/Town,Residential area,Human Error,No,Damage Only,Hit parked vehicle,Controlled,Straight and flat,Residential Street,Bitumen(Tar),Dry,No influence on accident,Clear,"19th main, Muneswara block, Gajendra nagara",In front of house number 62,2 km,0.0,0.0,0,0,0.0,0.0
Bengaluru City,Byatrarayanapura Traffic PS,1.04432e+16,2019,1,2,Road Accidents,Other,City/Town,Near Petrol Pump,Human Error,No,Damage Only,Rear end,Not at  Junction,Straight and flat,State Highway,Bitumen(Tar),Dry,No influence on accident,Clear,Mysore road,Near Bharath petrol bunk  Hosaguddadahalli,1 1/2,0.0,0.0,0,0,0.0,0.0
Bengaluru City,Byatrarayanapura Traffic PS,1.04432e+16,2019,1,2,Road Accidents,Other,City/Town,Near Petrol Pump,Human Error,No,Fatal,Rear end,Signals (Working),Others,State Highway,Concrete,Dry,No influence on accident,Clear,Mysore road Satelight signal,Essar petrol bunk Satelight bus stand,300 mt,0.0,0.0,0,0,0.0,0.0
Bengaluru City,Byatrarayanapura Traffic PS,1.04432e+16,2019,1,2,Road Accidents,T Junction,City/Town,Residential area,Human Error,Yes,Grievous Injury,Hit and Run,Controlled,Others,City or Town Road,Bitumen(Tar),Dry,No influence on accident,Fine,Nagarabhavi main road,Near Vijayabank,4 km,0.0,0.0,0,0,0.0,0.0
Bengaluru City,Byatrarayanapura Traffic PS,1.04432e+16,2019,1,1,Road Accidents,Cross roads,City/Town,Residential area,Human Error,No,Grievous Injury,Hit pedestrian,Controlled,Straight and flat,Residential Street,Bitumen(Tar),Dry,No influence on accident,Clear,"F street, 1st main, Hosaguddadahalli",In front of house no 31 F street 1st main Hosaguddadahalli,1 km,0.0,0.0,0,0,0.0,0.0
Bengaluru City,Byatrarayanapura Traffic PS,1.04432e+16,2019,1,2,Road Accidents,Other,City/Town,Near a religious place,Human Error,No,Grievous Injury,Rear end,Controlled,Others,Mixed,Bitumen(Tar),Dry,No influence on accident,Clear,Nagarabhavi ring road,Near Durga parameswari temple,3 km,0.0,0.0,0,0,0.0,0.0
Bengaluru City,Byatrarayanapura Traffic PS,1.04432e+16,2019,1,1,Road Accidents,Not Applicable,City/Town,Near Bus stop,Human Error,No,Grievous Injury,Hit pedestrian,Controlled,Straight and flat,Two way,Bitumen(Tar),Dry,No influence on accident,Clear,Nayandahalli ring road,Near maralu lorry stand,3 km,0.0,0.0,0,0,0.0,0.0
Bengaluru City,Byatrarayanapura Traffic PS,1.04432e+16,2019,1,1,Road Accidents,Other,City/Town,Residential area,Human Error,No,Grievous Injury,Hit pedestrian,Controlled,Straight and flat,Two way,Bitumen(Tar),Dry,No influence on accident,Clear,Nagarabhavi ring road,Near Suvarna layout,3 km,0.0,0.0,0,0,0.0,0.0
Bengaluru City,Byatrarayanapura Traffic PS,1.04432e+16,2019,1,2,Road Accidents,Junction,City/Town,Near Bus stop,Human Error,Yes,Grievous Injury,Vehicle to Vehicle,Controlled,Others,Others,Bitumen(Tar),Dry,No influence on accident,Clear,Nayandahalli ring road,Veerabhadra nagara signal,2 km,0.0,0.0,0,0,0.0,0.0
Bengaluru City,Byatrarayanapura Traffic PS,1.04432e+16,2019,1,1,Road Accidents,Cross roads,City/Town,Residential area,Human Error,Yes,Simple Injury,Hit pedestrian,Controlled,Straight and flat,Residential Street,Bitumen(Tar),Dry,No influence on accident,Clear,"E cross, 3rd main, Byatarayanapura",3rd main E cross Byatarayanapura,2 km,0.0,0.0,0,0,0.0,0.0
Bengaluru City,Byatrarayanapura Traffic PS,1.04432e+16,2019,1,1,Road Accidents,Not Applicable,City/Town,Near Bus stop,Human Error,No,Grievous Injury,Hit pedestrian,Controlled,Straight and flat,State Highway,Bitumen(Tar),Dry,No influence on accident,Clear,Mysore road Hosaguddadahalli,Near Giriyas show room,1 km,0.0,0.0,0,0,0.0,0.0
Bengaluru City,Byatrarayanapura Traffic PS,1.04432e+16,2019,1,2,Road Accidents,Not Applicable,City/Town,Near Bus stop,Human Error,No,Grievous Injury,Vehicle to Vehicle,Controlled,Straight and flat,Two way,Bitumen(Tar),Dry,Not Applicable,Clear,Nayandahalli ring road,Near maralu lorry stand,2 km,0.0,0.0,0,0,0.0,0.0
Bengaluru City,Byatrarayanapura Traffic PS,1.04432e+16,2019,1,2,Road Accidents,Not Applicable,City/Town,Near Bus stop,Human Error,No,Grievous Injury,Vehicle to Vehicle,Controlled,Slight Curve,One way,Bitumen(Tar),Dry,No influence on accident,Clear,Nayandahalli ring road,Near Nayanandahalli juction,3 km,0.0,0.0,0,0,0.0,0.0
Bengaluru City,Byatrarayanapura Traffic PS,1.04432e+16,2019,1,2,Road Accidents,Other,City/Town,Near a recreation place/cinema,Human Error,No,Grievous Injury,Rear end,Not at  Junction,Straight and flat,State Highway,Bitumen(Tar),Dry,No influence on accident,Clear,Mysore road R.R.Arch,Opposite Gopalan arcade,4 km,0.0,0.0,0,0,0.0,0.0
Bengaluru City,Byatrarayanapura Traffic PS,1.04432e+16,2019,1,1,Road Accidents,Other,City/Town,Near Bus stop,Human Error,No,Fatal,Hit pedestrian,Controlled,Others,Two way,Bitumen(Tar),Dry,No influence on accident,Clear,Nagarabhavi ring road,Near Manasa nagara bus stop,4 km,0.0,0.0,0,0,0.0,0.0
Bengaluru City,Byatrarayanapura Traffic PS,1.04432e+16,2019,1,2,Road Accidents,Other,City/Town,Near Bus stop,Human Error,No,Grievous Injury,Right Turn Collision,Controlled,Straight and flat,Two way,Bitumen(Tar),Dry,No influence on accident,Clear,Avalahalli 50 feet road,in front of Mitrakoota hotel,2 km,0.0,0.0,0,0,0.0,0.0
Bengaluru City,Byatrarayanapura Traffic PS,1.04432e+16,2019,1,2,Road Accidents,Junction,City/Town,Near Petrol Pump,Human Error,Yes,Simple Injury,Vehicle to Vehicle,Controlled,Others,Two way,Bitumen(Tar),Dry,No influence on accident,Clear,Chandra layout main road,Near Gowdas petrol bunk,2 km,0.0,0.0,0,0,0.0,0.0
Bengaluru City,Byatrarayanapura Traffic PS,1.04432e+16,2019,1,1,Road Accidents,Not Applicable,City/Town,Open area,Human Error,No,Fatal,Not Applicable,Controlled,Straight and flat,Two way,Bitumen(Tar),Dry,No influence on accident,Fine,Hosakerehalli nice road,Near Hosakerehalli nice road toll,3 km,0.0,0.0,0,0,0.0,0.0