DISTRICTNAME,UNITNAME,Crime_No,Year,RI,Noofvehicle_involved,Accident_Classification,Accident_Spot,Accident_Location,Accident_SubLocation,Main_Cause,Hit_Run,Severity,Collision_Type,Junction_Control,Road_Character,Road_Type,Surface_Type,Surface_Condition,Road_Condition,Weather,Accident_Road,Landmark_first,Distance_LandMark_First,Latitude,Longitude,Road_Condition_Score,Surface_Condition_Score,Surface_Type_Score,Road_Risk_Index
Bengaluru City,Byatrarayanapura Traffic PS,1.04432e+16,2021,1,1,Road Accidents,Narrow road,City/Town,At pedestrian Crossing,Human Error,No,Simple Injury,Hit pedestrian,Controlled,Others,One way,Bitumen(Tar),Dry,Not Applicable,Clear,"west of card rd, bcc layout under railway bridge",under bridge,1,12.954846,77.534931,0,0,0.0,0.0
Bengaluru City,Byatrarayanapura Traffic PS,1.04432e+16,2021,1,2,Road Accidents,Junction,City/Town,Near Bus stop,Human Error,No,Fatal,Vehicle to Vehicle,Controlled,Others,State Highway,Concrete,Dry,No influence on accident,Clear,Mysore road KSRTC juction,Near Satelight bus stop,500 mt,12.954345,77.544132,0,0,0.0,0.0
Bengaluru City,Byatrarayanapura Traffic PS,1.04432e+16,2021,1,2,Road Accidents,Not Applicable,City/Town,Near Bus stop,Human Error,No,Damage Only,Vehicle to Vehicle,Controlled,Others,Service Road,Bitumen(Tar),Dry,No influence on accident,Clear,Nayandahalli ring road service road,Near Gangondahalli juction,2 km,12.94755,77.524291,0,0,0.0,0.0
Bengaluru City,Byatrarayanapura Traffic PS,1.04432e+16,2021,1,1,Road Accidents,Not Applicable,City/Town,Narrow bridge or culverts,Human Error,No,Grievous Injury,Hit pedestrian,Controlled,Straight and flat,State Highway,Bitumen(Tar),Dry,No influence on accident,Clear,Mysore road Near Kinco juction,Vrushabhavathi bridge,300 mt,12.950974,77.538668,0,0,0.0,0.0
Bengaluru City,Byatrarayanapura Traffic PS,1.04432e+16,2021,1,2,Road Accidents,Not Applicable,City/Town,Near a factory industrial area,Human Error,Yes,Fatal,Vehicle to Vehicle,Controlled,Straight and flat,State Highway,Bitumen(Tar),Dry,No influence on accident,Clear,Mysore road,Near kavika factory,500 mt,12.950982,77.538743,0,0,0.0,0.0
Bengaluru City,Byatrarayanapura Traffic PS,1.04432e+16,2021,1,1,Road Accidents,Curves,City/Town,Open area,Human Error,Yes,Fatal,Hit pedestrian,Uncontrolled,Others,Others,Bitumen(Tar),Dry,No influence on accident,Cloudy,near nandhi links ground nayandahalli ring road,near nandhi links ground nayandahalli ring road,4km,12.942833,77.530858,0,0,0.0,0.0
Bengaluru City,Byatrarayanapura Traffic PS,1.04432e+16,2021,1,2,Road Accidents,Narrow road,City/Town,Narrow bridge or culverts,Human Error,No,Grievous Injury,Vehicle to Vehicle,Controlled,Others,One way,Not Applicable,Dry,No influence on accident,Fine,near deepanjali nagara flyover Y junction,near Y juction deepanjali nagara flyover,1.5km,12.953226,77.538434,0,0,0.0,0.0
Bengaluru City,Byatrarayanapura Traffic PS,1.04432e+16,2021,1,2,Road Accidents,Junction,City/Town,Narrow bridge or culverts,Human Error,No,Simple Injury,Vehicle to Vehicle,Controlled,Others,One way,Bitumen(Tar),Dry,No influence on accident,Fine,Near kimko junction,near kimco junction,1km,12.95258,77.541312,0,0,0.0,0.0
Bengaluru City,Byatrarayanapura Traffic PS,1.04432e+16,2021,1,2,Road Accidents,Narrow road,City/Town,Open area,Human Error,No,Not Applicable,Vehicle to Vehicle,Uncontrolled,Not Applicable,One way,Bitumen(Tar),Dry,Not Applicable,Others,near bangalore one girinagara 50feet road,near bangalore one girinagara 50feet road,2km,12.95899,77.516715,0,0,0.0,0.0
Bengaluru City,Byatrarayanapura Traffic PS,1.04432e+16,2021,1,2,Road Accidents,Not Applicable,City/Town,Near a religious place,Human Error,No,Grievous Injury,Vehicle to Vehicle,Controlled,Straight and flat,Two way,Bitumen(Tar),Dry,No influence on accident,Clear,Nagarabhavi ring road Service road,Near Durga parameswari temple,4 km,12.951723,77.520796,0,0,0.0,0.0
Bengaluru City,Byatrarayanapura Traffic PS,1.04432e+16,2021,1,2,Road Accidents,Curves,City/Town,Near Bus stop,Human Error,No,Grievous Injury,Vehicle to Vehicle,Controlled,Curve,One way,Bitumen(Tar),Dry,No influence on accident,Clear,Nice road,Hosakerehalli nice road toll,4 km,12.940168,77.533089,0,0,0.0,0.0
Bengaluru City,Byatrarayanapura Traffic PS,1.04432e+16,2021,1,2,Road Accidents,Not Applicable,City/Town,Near Bus stop,Human Error,No,Grievous Injury,Vehicle to Vehicle,Controlled,Others,Two way,Bitumen(Tar),Dry,No influence on accident,Clear,Krerekodi main road,Near Veerabadranagara signle,3 km,12.938302,77.533341,0,0,0.0,0.0
Bengaluru City,Byatrarayanapura Traffic PS,1.04432e+16,2021,1,1,Road Accidents,Not Applicable,City/Town,Near a religious place,Human Error,No,Fatal,Hit pedestrian,Controlled,Straight and flat,One way,Bitumen(Tar),Dry,No influence on accident,Clear,Mysore road Near Gali Anjaneya temple,Near Gali Anjaneya temple,300 mt,12.952503,77.541236,0,0,0.0,0.0
Bengaluru City,Byatrarayanapura Traffic PS,1.04432e+16,2021,1,2,Road Accidents,Not Applicable,City/Town,Near Bus stop,Human Error,No,Damage Only,Vehicle to Vehicle,Controlled,Straight and flat,One way,Bitumen(Tar),Dry,No influence on accident,Clear,Deepanjali nagara bridge,Deepanjali nagara bridge,1 km,12.952965,77.541476,0,0,0.0,0.0
Bengaluru City,Byatrarayanapura Traffic PS,1.04432e+16,2021,1,1,Road Accidents,Junction,City/Town,Near Bus stop,Human Error,No,Fatal,Hit pedestrian,Controlled,Others,Two way,Bitumen(Tar),Dry,No influence on accident,Cloudy,Nayandahalli ring road,Near Gangondahalli juction,2 km,12.947553,77.524255,0,0,0.0,0.0
Bengaluru City,Byatrarayanapura Traffic PS,1.04432e+16,2021,1,2,Road Accidents,Narrow road,City/Town,Near Bus stop,Human Error,No,Not Applicable,Vehicle to Vehicle,Uncontrolled,Straight and flat,Others,Bitumen(Tar),Dry,Not Applicable,Fine,near IOC petrol bunk pantarapalya,near IOC petrol bunk pantarapalya,2.5km,12.938299,77.521705,0,0,0.0,0.0
Bengaluru City,Byatrarayanapura Traffic PS,1.04432e+16,2021,1,1,Road Accidents,Narrow road,City/Town,Near Bus stop,Human Error,No,Grievous Injury,Hit pedestrian,Uncontrolled,Incline,Two way,Bitumen(Tar),Dry,No influence on accident,Fine,near pantharapalya bus stop mysure road,near pantharapalya bus stop mysure road,2.5km,12.9425,77.52576,0,0,0.0,0.0
Bengaluru City,Byatrarayanapura Traffic PS,1.04432e+16,2021,1,1,Not Applicable,Circle,City/Town,Open area,Human Error,No,Simple Injury,Hit pedestrian,Controlled,Straight and flat,State Highway,Concrete,Dry,No influence on accident,Clear,near k s r t c junction,near k s r t c junction,1.5 km,12.954426,77.544009,0,0,0.0,0.0
Bengaluru City,Byatrarayanapura Traffic PS,1.04432e+16,2021,1,1,Road Accidents,Narrow road,City/Town,Open area,Human Error,No,Simple Injury,Vehicle to Vehicle,Uncontrolled,Others,State Highway,Bitumen(Tar),Dry,No influence on accident,Fine,On the Nayandahalli flyover,on Nayandahalli flyover,1.5km,12.946276,77.530014,0,0,0.0,0.0
Bengaluru City,Byatrarayanapura Traffic PS,1.04432e+16,2021,1,1,Road Accidents,Not Applicable,City/Town,Near Bus stop,Human Error,No,Fatal,Hit pedestrian,Controlled,Straight and flat,Service Road,Bitumen(Tar),Dry,No influence on accident,Clear,Nagarabhavi ring road Service road,Near Nagarabhavi sky walk,4 km,12.959429,77.51606,0,0,0.0,0.0
Bengaluru City,Byatrarayanapura Traffic PS,1.04432e+16,2021,1,4,Road Accidents,Not Applicable,City/Town,Near Bus stop,Human Error,Yes,Fatal,Vehicle to Vehicle,Controlled,Straight and flat,Two way,Bitumen(Tar),Dry,No influence on accident,Clear,Nagarabhavi ring road,Opposite Indira canteen,3 km,12.950228,77.522201,0,0,0.0,0.0
Bengaluru City,Byatrarayanapura Traffic PS,1.04432e+16,2021,1,2,Road Accidents,Not Applicable,City/Town,Near a religious place,Human Error,No,Damage Only,Vehicle to Vehicle,Controlled,Straight and flat,Service Road,Bitumen(Tar),Dry,No influence on accident,Clear,Nagarabhavi service road,Near Durga parameswari temple,4 km,12.951817,77.520999,0,0,0.0,0.0
Bengaluru City,Byatrarayanapura Traffic PS,1.04432e+16,2021,1,2,Road Accidents,Not Applicable,City/Town,Near School or College,Human Error,No,Grievous Injury,Vehicle to Vehicle,Uncontrolled,Others,Two way,Bitumen(Tar),Others,No influence on accident,Others,near back side gate of pes college,near back side gate of pes college,4km,12.934868,77.532812,0,1,0.0,1.0
Bengaluru City,Byatrarayanapura Traffic PS,1.04432e+16,2021,1,1,Road Accidents,Not Applicable,City/Town,Near Bus stop,Human Error,No,Grievous Injury,Hit pedestrian,Controlled,Straight and flat,Two way,Bitumen(Tar),Dry,No influence on accident,Clear,Nagarabhavi ring road,Near Durga parameswari temple,4 km,12.951806,77.1521016,0,0,0.0,0.0
Bengaluru City,Byatrarayanapura Traffic PS,1.04432e+16,2021,1,2,Road Accidents,Junction,City/Town,Near School or College,Human Error,No,Grievous Injury,Vehicle to Vehicle,Controlled,Others,Two way,Bitumen(Tar),Dry,No influence on accident,Clear,Chandra layout 16th cross,Near Siddaganga school,4 km,12.953719,77.522186,0,0,0.0,0.0
Bengaluru City,Byatrarayanapura Traffic PS,1.04432e+16,2021,1,2,Road Accidents,Cross roads,City/Town,Near Bus stop,Human Error,No,Grievous Injury,Vehicle to Vehicle,Controlled,Curve,One way,Bitumen(Tar),Dry,No influence on accident,Clear,Nice road,Near Hosakerehalli nice road toll,3 km,12.938624,77.532549,0,0,0.0,0.0
Bengaluru City,Byatrarayanapura Traffic PS,1.04432e+16,2021,1,1,Road Accidents,Cross roads,City/Town,Open area,Human Error,No,Damage Only,Not Applicable,Uncontrolled,Others,Others,Concrete,Dry,Not Applicable,Fine,"6th cross, byatarayanpura",near 6th cross byatarayanpura,1.5km,12.949474,77.543624,0,0,0.0,0.0
Bengaluru City,Byatrarayanapura Traffic PS,1.04432e+16,2021,1,2,Road Accidents,Not Applicable,City/Town,Open area,Human Error,No,Grievous Injury,Vehicle to Vehicle,Uncontrolled,Others,One way,Bitumen(Tar),Dry,No influence on accident,Fine,Near mysure road pantharapalya IOC petrol bunk,Near mysure road pantharapalya IOC petrol bunk,2km,12.938282,77.522001,0,0,0.0,0.0
Bengaluru City,Byatrarayanapura Traffic PS,1.04432e+16,2021,1,1,Road Accidents,Narrow road,City/Town,Open area,Human Error,No,Grievous Injury,Hit pedestrian,Uncontrolled,Straight and flat,Two way,Bitumen(Tar),Dry,No influence on accident,Fine,near maralu lorry stand nayandahalli ring road,near maralu lorry stand nayandahalli ring road,2.5km,12.94097,77.531736,0,0,0.0,0.0
Bengaluru City,Byatrarayanapura Traffic PS,1.04432e+16,2021,1,2,Road Accidents,Junction,City/Town,Open area,Human Error,No,Grievous Injury,Vehicle to Vehicle,Controlled,Others,Two way,Bitumen(Tar),Dry,No influence on accident,Clear,near nayandhalli junction mysure road,near nayandhalli junction mysure road,2km,12.945322,77.528007,0,0,0.0,0.0
Bengaluru City,Byatrarayanapura Traffic PS,1.04432e+16,2021,1,1,Road Accidents,Not Applicable,City/Town,Open area,Human Error,No,Simple Injury,Hit pedestrian,Uncontrolled,Others,One way,Bitumen(Tar),Dry,No influence on accident,Others,near nice road empty place nayandahalli ring road,near nice road empty place nayandahalli ring road,4km,12.938414,77.53204,0,0,0.0,0.0
Bengaluru City,Byatrarayanapura Traffic PS,1.04432e+16,2021,1,1,Road Accidents,Not Applicable,City/Town,Near Bus stop,Human Error,No,Grievous Injury,Not Applicable,Controlled,Straight and flat,Two way,Bitumen(Tar),Dry,No influence on accident,Clear,Nagarabhavi ring road,Near Nagarabhavi under pass,4 km,12.95823,77.518813,0,0,0.0,0.0
Bengaluru City,Byatrarayanapura Traffic PS,1.04432e+16,2021,1,1,Road Accidents,Not Applicable,City/Town,Near a religious place,Human Error,No,Grievous Injury,Hit pedestrian,Controlled,Straight and flat,State Highway,Bitumen(Tar),Dry,No influence on accident,Clear,Mysore road,Near Mariyamma temple,2 km,12.941124,77.524676,0,0,0.0,0.0
Bengaluru City,Byatrarayanapura Traffic PS,1.04432e+16,2021,1,2,Road Accidents,Not Applicable,City/Town,Near a factory industrial area,Human Error,No,Grievous Injury,Vehicle to Vehicle,Controlled,Slight Curve,Two way,Bitumen(Tar),Dry,No influence on accident,Clear,Hosakerehalli main road,Opposite Kavika factory,200 mt,12.951099,77.539127,0,0,0.0,0.0
Bengaluru City,Byatrarayanapura Traffic PS,1.04432e+16,2021,1,2,Road Accidents,Narrow road,City/Town,Open area,Human Error,No,Fatal,Vehicle to Vehicle,Uncontrolled,Not Applicable,State Highway,Concrete,Others,Not Applicable,Clear,near k s r t c junction,near santhosh timber,1km,0.0,0.0,0,1,0.0,1.0
Bengaluru City,Byatrarayanapura Traffic PS,1.04432e+16,2021,1,1,Road Accidents,Narrow road,City/Town,Open area,Human Error,No,Grievous Injury,Not Applicable,Uncontrolled,Straight and flat,Two way,Bitumen(Tar),Dry,Not Applicable,Fine,near girinagara 50feet road,near girinagara 50feet road,3.5km,12.943259,77.542891,0,0,0.0,0.0
Bengaluru City,Byatrarayanapura Traffic PS,1.04432e+16,2021,1,2,Road Accidents,Narrow road,City/Town,Open area,Human Error,No,Grievous Injury,Vehicle to Vehicle,Uncontrolled,Not Applicable,Two way,Bitumen(Tar),Dry,No influence on accident,Not Applicable,"near indira canteen, nayandahalli ring road",near indira canteen nayandahalli ring road,3km,12.950006,77.522186,0,0,0.0,0.0
Bengaluru City,Byatrarayanapura Traffic PS,1.04432e+16,2021,1,2,Road Accidents,Not Applicable,City/Town,Open area,Human Error,No,Grievous Injury,Vehicle to Vehicle,Uncontrolled,Straight and flat,Two way,Bitumen(Tar),Dry,No influence on accident,Others,tempo stand nagarabhavi main road,tempo stand nagarabhavi main road,4km,12.959777,77.519471,0,0,0.0,0.0
Bengaluru City,Byatrarayanapura Traffic PS,1.04432e+16,2021,1,1,Road Accidents,Not Applicable,City/Town,Near Bus stop,Human Error,No,Grievous Injury,Hit pedestrian,Controlled,Straight and flat,Two way,Bitumen(Tar),Dry,No influence on accident,Clear,Avalahalli 50 feet road,Opposite BDA park Avalahalli,2 km,12.943255,77.542861,0,0,0.0,0.0
Bengaluru City,Byatrarayanapura Traffic PS,1.04432e+16,2021,1,1,Road Accidents,Not Applicable,City/Town,Near a religious place,Human Error,No,Grievous Injury,Hit pedestrian,Controlled,Others,Two way,Bitumen(Tar),Dry,No influence on accident,Fine,Nayandahalli Garden road,Near Ganapathi temple,2 km,0.0,0.0,0,0,0.0,0.0
Bengaluru City,Byatrarayanapura Traffic PS,1.04432e+16,2021,1,2,Road Accidents,Not Applicable,City/Town,Near Bus stop,Human Error,Yes,Grievous Injury,Vehicle to Vehicle,Controlled,Others,Two way,Bitumen(Tar),Dry,No influence on accident,Clear,Veerabadra nagara main road,Near Veerabadranagara signle,3 km,12.93841,77.533494,0,0,0.0,0.0
Bengaluru City,Byatrarayanapura Traffic PS,1.04432e+16,2021,1,3,Road Accidents,Not Applicable,City/Town,Near Bus stop,Human Error,No,Damage Only,Vehicle to Vehicle,Controlled,Straight and flat,State Highway,Bitumen(Tar),Dry,No influence on accident,Clear,Mysore road Hosaguddadahalli,Near Hosaguddadahalli juction,700 mt,12.954404,77.543995,0,0,0.0,0.0
Bengaluru City,Byatrarayanapura Traffic PS,1.04432e+16,2021,1,1,Road Accidents,Circle,City/Town,Open area,Human Error,Yes,Simple Injury,Hit pedestrian,Controlled,Straight and flat,State Highway,Concrete,Others,Not Applicable,Others,near k s r t c junction,opp to a2b,1km,12.954412,77.54398,0,1,0.0,1.0
Bengaluru City,Byatrarayanapura Traffic PS,1.04432e+16,2021,1,1,Road Accidents,Bottleneck,City/Town,Open area,Human Error,No,Grievous Injury,Hit pedestrian,Uncontrolled,Straight and flat,One way,Bitumen(Tar),Others,Not Applicable,Clear,near vrushabhavathi mori rr arch mysure road,near rr arch vrushabhavathi mori,3km,12.935797,77.514098,0,1,0.0,1.0
Bengaluru City,Byatrarayanapura Traffic PS,1.04432e+16,2021,1,1,Road Accidents,Cross roads,City/Town,Near Bus stop,Not Applicable,No,Simple Injury,Hit pedestrian,Not at  Junction,Others,Two way,Bitumen(Tar),Dry,Not Applicable,Fine,NAGARABHAVI TO MUDALAPALYA MAIN ROAD,NEAR BMTC BUS STOP,50 MT,12.960063,77.519775,0,0,0.0,0.0
Bengaluru City,Byatrarayanapura Traffic PS,1.04432e+16,2021,1,2,Road Accidents,Not Applicable,City/Town,Open area,Human Error,No,Grievous Injury,Vehicle to Vehicle,Uncontrolled,Straight and flat,Two way,Concrete,Dry,No influence on accident,Fine,near bhagyalakshmi rice mil  guddadahalli,near bhagyalakshmi rice mil guddadahalli,1km,12.956229,77.546528,0,0,0.0,0.0
Bengaluru City,Byatrarayanapura Traffic PS,1.04432e+16,2021,1,2,Road Accidents,Junction,City/Town,Open area,Human Error,No,Not Applicable,Vehicle to Vehicle,Controlled,Straight and flat,State Highway,Bitumen(Tar),Dry,No influence on accident,Fine,near nayandahalli junction mysure road,near nayandahalli junction mysure road,2km,12.945098,77.527674,0,0,0.0,0.0
Bengaluru City,Byatrarayanapura Traffic PS,1.04432e+16,2021,1,2,Road Accidents,Not Applicable,City/Town,Residential area,Human Error,No,Grievous Injury,Vehicle to Vehicle,Controlled,Straight and flat,State Highway,Concrete,Dry,No influence on accident,Fine,near guddadahalli junction mysure road,near guddadahalli junction mysure road,1km,12.95618,77.54667,0,0,0.0,0.0
Bengaluru City,Byatrarayanapura Traffic PS,1.04432e+16,2021,1,1,Not Applicable,Railway crossing,City/Town,Near Hospital,Human Error,No,Grievous Injury,Hit pedestrian,Controlled,Others,Others,Bitumen(Tar),Dry,No influence on accident,Fine,near pinnacle hospital bapuji nagara,near pinnacle hospital bapuji nagara,500mtr,12.952946,77.541728,0,0,0.0,0.0
Bengaluru City,Byatrarayanapura Traffic PS,1.04432e+16,2021,1,2,Road Accidents,Not Applicable,City/Town,Near Bus stop,Human Error,No,Fatal,Vehicle to Vehicle,Controlled,Others,State Highway,Bitumen(Tar),Dry,No influence on accident,Clear,Mysore road near Kinco junction,Near BHEL factory,500 mt,12.950551,77.537809,0,0,0.0,0.0
Bengaluru City,Byatrarayanapura Traffic PS,1.04432e+16,2021,1,1,Road Accidents,Not Applicable,City/Town,Near Bus stop,Human Error,No,Grievous Injury,Hit pedestrian,Controlled,Straight and flat,State Highway,Bitumen(Tar),Dry,No influence on accident,Clear,Mysore road R.R.Arch,Near Gopalan arcade,4 km,12.93645,77.518647,0,0,0.0,0.0
Bengaluru City,Byatrarayanapura Traffic PS,1.04432e+16,2021,1,1,Road Accidents,Not Applicable,City/Town,Near a factory industrial area,Human Error,No,Simple Injury,Hit pedestrian,Controlled,Straight and flat,State Highway,Bitumen(Tar),Dry,No influence on accident,Clear,Mysore road Near BHEL factory,Near BHEL factory,500 mt,12.948223,77.535059,0,0,0.0,0.0
Bengaluru City,Byatrarayanapura Traffic PS,1.04432e+16,2021,1,1,Road Accidents,Not Applicable,City/Town,Near Bus stop,Human Error,No,Fatal,Not Applicable,Controlled,Straight and flat,Two way,Bitumen(Tar),Dry,No influence on accident,Clear,Nagarabhavi ring road,Near Manasa nagara bus stop,4 km,12.959673,77.515544,0,0,0.0,0.0
Bengaluru City,Byatrarayanapura Traffic PS,1.04432e+16,2021,1,1,Road Accidents,Not Applicable,City/Town,Near Bus stop,Human Error,No,Damage Only,Not Applicable,Controlled,Others,Others,Surfaced,Dry,No influence on accident,Clear,Mysore road Near Nayandahalli metro station,Near Nayandahalli metro station parking,1.5 km,12.946006,77.528843,0,0,,
Bengaluru City,Byatrarayanapura Traffic PS,1.04432e+16,2021,1,1,Road Accidents,Cross roads,City/Town,Open area,Human Error,No,Grievous Injury,Hit pedestrian,Uncontrolled,Straight and flat,Two way,Bitumen(Tar),Dry,No influence on accident,Fine,infront of ambedkar samudaya bhavana avalahalli vinobha colony 4th cross,infront of ambedkar samudaya bhavana avalahalli vinobha colony 4th cross,4km,12.944042,77.546147,0,0,0.0,0.0
Bengaluru City,Byatrarayanapura Traffic PS,1.04432e+16,2021,1,2,Road Accidents,Circle,City/Town,Open area,Human Error,No,Simple Injury,Vehicle to Vehicle,Uncontrolled,Straight and flat,Others,Bitumen(Tar),Others,No influence on accident,Fine,near indira canteen 80 feet road chandralayout ganapathi nagara,near indira canteen 80 feet road chandralayout ganapathi nagara,3km,12.957925,77.527232,0,1,0.0,1.0
Bengaluru City,Byatrarayanapura Traffic PS,1.04432e+16,2021,1,1,Road Accidents,Not Applicable,City/Town,Near Bus stop,Human Error,No,Grievous Injury,Hit pedestrian,Controlled,Straight and flat,State Highway,Bitumen(Tar),Dry,No influence on accident,Fine,Mysore road Nayandahalli,Near Nayandahalli metro station,2 km,12.94632,77.53037,0,0,0.0,0.0
Bengaluru City,Byatrarayanapura Traffic PS,1.04432e+16,2021,1,1,Road Accidents,Not Applicable,City/Town,Near Bus stop,Human Error,No,Simple Injury,Hit pedestrian,Controlled,Others,Two way,Bitumen(Tar),Dry,No influence on accident,Clear,Nagarabhavi main road,Infront of King fish hotel,4 km,12.960876,77.5204,0,0,0.0,0.0
Bengaluru City,Byatrarayanapura Traffic PS,1.04432e+16,2021,1,2,Road Accidents,Not Applicable,City/Town,Near Bus stop,Human Error,Yes,Grievous Injury,Vehicle to Vehicle,Controlled,Straight and flat,Two way,Bitumen(Tar),Dry,No influence on accident,Clear,Nayandahalli ring road,Gangondahalli junction,4 km,12.947682,77.523964,0,0,0.0,0.0
Bengaluru City,Byatrarayanapura Traffic PS,1.04432e+16,2021,1,2,Road Accidents,Not Applicable,City/Town,Near Hospital,Human Error,No,Damage Only,Vehicle to Vehicle,Controlled,Straight and flat,Two way,Concrete,Dry,No influence on accident,Clear,Nagarabhavi ring road,Near Akshaya netralaya,3 km,12.958114,77.518742,0,0,0.0,0.0
Bengaluru City,Byatrarayanapura Traffic PS,1.04432e+16,2021,1,1,Road Accidents,Narrow road,City/Town,Near Petrol Pump,Human Error,No,Grievous Injury,Hit pedestrian,Controlled,Straight and flat,State Highway,Bitumen(Tar),Dry,No influence on accident,Clear,Mysore road BHEL 2nd gate,Near Shell petrol bunk Mysore road,2 km,12.94741,77.533095,0,0,0.0,0.0
Bengaluru City,Byatrarayanapura Traffic PS,1.04432e+16,2021,1,2,Road Accidents,Not Applicable,City/Town,Near Hospital,Human Error,No,Simple Injury,Vehicle to Vehicle,Controlled,Straight and flat,Two way,Bitumen(Tar),Dry,No influence on accident,Clear,Chandralayout main road,Near A M Hospital Chandra layout,2 km,12.959931,77.531511,0,0,0.0,0.0
Bengaluru City,Byatrarayanapura Traffic PS,1.04432e+16,2021,1,1,Road Accidents,Junction,City/Town,Open area,Human Error,No,Grievous Injury,Hit pedestrian,Controlled,Not Applicable,Two way,Bitumen(Tar),Dry,No influence on accident,Clear,near bangalore one girinagara 50feet road,near bangalore one girinagara 50feet road,1.5km,12.943526,77.538671,0,0,0.0,0.0
Bengaluru City,Byatrarayanapura Traffic PS,1.04432e+16,2021,1,1,Road Accidents,Narrow road,City/Town,Open area,Human Error,No,Simple Injury,Vehicle to Vehicle,Uncontrolled,Others,Others,Bitumen(Tar),Dry,No influence on accident,Fine,Near RR arch  junction,near RR arch junction,3km,12.936424,77.51778,0,0,0.0,0.0
Bengaluru City,Byatrarayanapura Traffic PS,1.04432e+16,2021,1,1,Road Accidents,Narrow road,City/Town,Open area,Human Error,No,Simple Injury,Hit pedestrian,Uncontrolled,Others,Two way,Bitumen(Tar),Others,No influence on accident,Fine,near mahaveer playwoods pantharapalya,near mahaveer playwoods pantharapalya,2km,12.940098,77.524055,0,1,0.0,1.0
Bengaluru City,Byatrarayanapura Traffic PS,1.04432e+16,2021,1,2,Road Accidents,Narrow road,City/Town,Open area,Human Error,No,Simple Injury,Vehicle to Vehicle,Uncontrolled,Straight and flat,State Highway,Concrete,Dry,Not Applicable,Clear,near christian cementry,near christian cementry,2km,12.957134,77.551324,0,0,0.0,0.0
Bengaluru City,Byatrarayanapura Traffic PS,1.04432e+16,2021,1,1,Road Accidents,Narrow road,City/Town,Open area,Human Error,Yes,Fatal,Hit pedestrian,Uncontrolled,Others,Two way,Bitumen(Tar),Not Applicable,No influence on accident,Fine,"near nagarabhavi under pass, nagarabhavi",near nagarabhavi under pass nagarabhavi,3km,12.957788,77.519125,0,0,0.0,0.0
Bengaluru City,Byatrarayanapura Traffic PS,1.04432e+16,2021,1,2,Road Accidents,Not Applicable,City/Town,Near Bus stop,Human Error,No,Simple Injury,Vehicle to Vehicle,Controlled,Straight and flat,Two way,Bitumen(Tar),Dry,No influence on accident,Clear,Nayandahalli ring road,Near Veerabadranagara signle,3 km,12.938477,77.533455,0,0,0.0,0.0
Bengaluru City,Byatrarayanapura Traffic PS,1.04432e+16,2021,1,1,Road Accidents,Offset,City/Town,Near Bus stop,Human Error,Yes,Grievous Injury,Not Applicable,Controlled,Straight and flat,Two way,Bitumen(Tar),Dry,No influence on accident,Clear,Avalahalli 8th main road,Near Kuvempu rangamandhira,2 km,12.944411,77.543169,0,0,0.0,0.0