DISTRICTNAME,UNITNAME,Crime_No,Year,RI,Noofvehicle_involved,Accident_Classification,Accident_Spot,Accident_Location,Accident_SubLocation,Main_Cause,Hit_Run,Severity,Collision_Type,Junction_Control,Road_Character,Road_Type,Surface_Type,Surface_Condition,Road_Condition,Weather,Accident_Road,Landmark_first,Distance_LandMark_First,Latitude,Longitude,Road_Condition_Score,Surface_Condition_Score,Surface_Type_Score,Road_Risk_Index
Bengaluru City,Byatrarayanapura Traffic PS,1.04432e+16,2022,1,1,Road Accidents,Narrow road,City/Town,Open area,Not Applicable,Not Applicable,Grievous Injury,Not Applicable,No signal lights,Curve,Arterial,Not Applicable,Not Applicable,Not Applicable,Cloudy,"14th cross,chandra layout",IHM HOSTE OPPSITE,2.5 km,0.0,0.0,0,0,0.0,0.0
Bengaluru City,Byatrarayanapura Traffic PS,1.04432e+16,2022,1,2,Road Accidents,Narrow road,City/Town,Open area,Not Applicable,Not Applicable,Damage Only,Vehicle to Vehicle,No signal lights,Others,State Highway,Not Applicable,Not Applicable,Not Applicable,Fog / Mist,NEAR METRO STATION  NAYANDAHALLI MYSORE ROAD,METRO STATION,2KM,0.0,0.0,0,0,0.0,0.0
Bengaluru City,Byatrarayanapura Traffic PS,1.04432e+16,2022,1,1,Road Accidents,Not Applicable,City/Town,Open area,Human Error,No,Fatal,Not Applicable,Uncontrolled,Curve,Sub Arterial,Bitumen(Tar),Others,Not Applicable,Clear,infront of harsha electronic pantarapalya mysure road,infront of harsha electronic pantarapalya mysure road,2km,0.0,0.0,0,1,0.0,1.0
Bengaluru City,Byatrarayanapura Traffic PS,1.04432e+16,2022,1,2,Road Accidents,Bottleneck,City/Town,Open area,Human Error,No,Simple Injury,Vehicle to Vehicle,Controlled,Straight and flat,State Highway,Bitumen(Tar),Dry,Not Applicable,Clear,near Indian oil petrol bunk nayandahalli metro station,near Indian oil petrol bunk nayandahalli metro station,2km,0.0,0.0,0,0,0.0,0.0
Bengaluru City,Byatrarayanapura Traffic PS,1.04432e+16,2022,1,1,Road Accidents,Narrow road,City/Town,Residential area,Human Error,No,Fatal,Hit pedestrian,Uncontrolled,Straight and flat,Residential Street,Bitumen(Tar),Dry,Not Applicable,Clear,2nd main road,Attiguppe,02 km,12.958308,77.532342,0,0,0.0,0.0
Bengaluru City,Byatrarayanapura Traffic PS,1.04432e+16,2022,1,2,Road Accidents,Not Applicable,City/Town,Open area,Human Error,No,Simple Injury,Vehicle to Vehicle,Uncontrolled,Others,State Highway,Bitumen(Tar),Dry,Not Applicable,Others,near KSRTC JUNCTION MYSURE ROAD,near KSRTC JUNCTION MYSURE ROAD,1KM,0.0,0.0,0,0,0.0,0.0
Bengaluru City,Byatrarayanapura Traffic PS,1.04432e+16,2022,1,1,Road Accidents,Road hump or Rumble strips,City/Town,Near Bus stop,Human Error,No,Grievous Injury,Hit pedestrian,Uncontrolled,Curve,Others,Bitumen(Tar),Dry,No influence on accident,Others,"near 58 busstop, avalahalli",near 58 busstop avalahalli,2km,12.949304,77.538826,0,0,0.0,0.0
Bengaluru City,Byatrarayanapura Traffic PS,1.04432e+16,2022,1,1,Road Accidents,Circle,City/Town,Open area,Human Error,Yes,Fatal,Hit pedestrian,Uncontrolled,Straight and flat,One way,Bitumen(Tar),Not Applicable,No influence on accident,Cloudy,west of chord road attiguppe junction canara bank colony,west of chord road attiguppe junction canara bank colony,3km,12.957541,77.534056,0,0,0.0,0.0
Bengaluru City,Byatrarayanapura Traffic PS,1.04432e+16,2022,1,2,Road Accidents,Junction,City/Town,Residential area,Human Error,Not Applicable,Simple Injury,Vehicle to Vehicle,No signal lights,Others,Others,Bitumen(Tar),Dry,Not Applicable,Clear,near devi upahar junction,chandra layout,3,12.959584,77.526808,0,0,0.0,0.0
Bengaluru City,Byatrarayanapura Traffic PS,1.04432e+16,2022,1,1,Road Accidents,Narrow road,City/Town,Near office complex,Human Error,Yes,Fatal,Hit pedestrian,Signals (Working),Slight Curve,Service Road,Bitumen(Tar),Dry,Not Applicable,Clear,near kalyani motors nayandahalli ring road,Near Nayanandahalli juction,2 km,0.0,0.0,0,0,0.0,0.0
Bengaluru City,Byatrarayanapura Traffic PS,1.04432e+16,2022,1,1,Road Accidents,Junction,City/Town,Near Bus stop,Human Error,No,Grievous Injury,Hit pedestrian,Controlled,Others,State Highway,Concrete,Dry,No influence on accident,Clear,tolget junction,mysore road,2km,12.957344,77.552118,0,0,0.0,0.0
Bengaluru City,Byatrarayanapura Traffic PS,1.04432e+16,2022,1,2,Road Accidents,Junction,City/Town,Near Bus stop,Human Error,No,Simple Injury,Vehicle to Vehicle,Signal lights Blinking,Straight and flat,Two way,Bitumen(Tar),Dry,Not Applicable,Clear,near Chandrigiri palece,near chandragiri pyalece,2km,12.958295,77.526316,0,0,0.0,0.0
Bengaluru City,Byatrarayanapura Traffic PS,1.04432e+16,2022,1,2,Road Accidents,Junction,City/Town,Open area,Not Applicable,Not Applicable,Damage Only,Vehicle to Vehicle,Signals (Working),Others,State Highway,Not Applicable,Others,Not Applicable,Fog / Mist,Hosaguddadahalli signal mysore road,Hosaguddadahalli signal mysore road,1.5km,0.0,0.0,0,1,0.0,1.0
Bengaluru City,Byatrarayanapura Traffic PS,1.04432e+16,2022,1,2,Road Accidents,Narrow road,City/Town,Open area,Not Applicable,Not Applicable,Grievous Injury,Vehicle to Vehicle,No signal lights,Others,Others,Not Applicable,Not Applicable,Not Applicable,Mist or Fog,virabhadra nagara  road,near  lorry bus stand,2km,0.0,0.0,0,0,0.0,0.0
Bengaluru City,Byatrarayanapura Traffic PS,1.04432e+16,2022,1,2,Road Accidents,Narrow road,City/Town,Near a factory industrial area,Not Applicable,Not Applicable,Grievous Injury,Vehicle to Vehicle,No signal lights,Others,State Highway,Not Applicable,Others,Pot holed,Fine,Mysore road near torino factory,mysore road near torino factory,1km,0.0,0.0,5,1,0.0,6.0
Bengaluru City,Byatrarayanapura Traffic PS,1.04432e+16,2022,1,3,Road Accidents,Narrow road,City/Town,Open area,Human Error,No,Simple Injury,Vehicle to Vehicle,Uncontrolled,Others,Others,Bitumen(Tar),Dry,No influence on accident,Others,near railway under pass nayandahalli ring road,near railway under pass nayandahalli ring road,2km,0.0,0.0,0,0,0.0,0.0
Bengaluru City,Byatrarayanapura Traffic PS,1.04432e+16,2022,1,2,Road Accidents,Junction,City/Town,Open area,Not Applicable,Not Applicable,Damage Only,Vehicle to Vehicle,Signals (Working),Others,State Highway,Not Applicable,Others,Not Applicable,Fine,mysore road,hosaguddahalli junction,1.5 km,0.0,0.0,0,1,0.0,1.0
Bengaluru City,Byatrarayanapura Traffic PS,1.04432e+16,2022,1,1,Road Accidents,Not Applicable,City/Town,Open area,Human Error,No,Simple Injury,Not Applicable,Uncontrolled,Straight and flat,Others,Bitumen(Tar),Dry,No influence on accident,Fine,near bangalore one girinagara 50feet road,near bangalore one girinagara 50feet road,2.5km,12.943519,77.538471,0,0,0.0,0.0
Bengaluru City,Byatrarayanapura Traffic PS,1.04432e+16,2022,1,1,Road Accidents,Not Applicable,City/Town,Near Bus stop,Human Error,No,Simple Injury,Vehicle to Vehicle,Not at  Junction,Others,State Highway,Bitumen(Tar),Dry,Not Applicable,Clear,pantarapalya metro stop near,mysore rd atm,2,12.94138,77.525057,0,0,0.0,0.0
Bengaluru City,Byatrarayanapura Traffic PS,1.04432e+16,2022,1,1,Not Applicable,Cross roads,City/Town,Open area,Not Applicable,No,Fatal,Not Applicable,Not Applicable,Not Applicable,Sub Arterial,Bitumen(Tar),Dry,Not Applicable,Clear,nice rd service rd,service road,3,12.938806,77.532316,0,0,0.0,0.0
Bengaluru City,Byatrarayanapura Traffic PS,1.04432e+16,2022,1,2,Road Accidents,Offset,City/Town,Open area,Not Applicable,No,Grievous Injury,Vehicle to Vehicle,Uncontrolled,Others,Others,Bitumen(Tar),Dry,Not Applicable,Fine,"50 fit road near ithal mitrakuta hotel, girenagar",near ithalmitrakuta hotel,2,12.943452,77.540258,0,0,0.0,0.0
Bengaluru City,Byatrarayanapura Traffic PS,1.04432e+16,2022,1,1,Road Accidents,Narrow road,City/Town,Near Bus stop,Human Error,Yes,Fatal,Hit pedestrian,No signal lights,Incline,State Highway,Bitumen(Tar),Dry,No influence on accident,Clear,mysore rd metro stop,pantarapalya,2km,12.94653,77.530636,0,0,0.0,0.0
Bengaluru City,Byatrarayanapura Traffic PS,1.04432e+16,2022,1,2,Road Accidents,Circle,City/Town,Narrow bridge or culverts,Human Error,Yes,Fatal,Vehicle to Vehicle,Uncontrolled,Curve,Two way,Bitumen(Tar),Dry,Not Applicable,Clear,NAGARABHAVI Service road,NAGARABAVI CIRCLE JUNCTION,2km,12.958438,77.518704,0,0,0.0,0.0
Bengaluru City,Byatrarayanapura Traffic PS,1.04432e+16,2022,1,1,Road Accidents,Not Applicable,City/Town,Open area,Vehicle Defect,No,Simple Injury,Not Applicable,Uncontrolled,Not Applicable,Others,Not Applicable,Others,Not Applicable,Fine,PANTRAPALYA ROAD,2,2,0.0,0.0,0,1,0.0,1.0
Bengaluru City,Byatrarayanapura Traffic PS,1.04432e+16,2022,1,2,Road Accidents,Narrow road,City/Town,Open area,Not Applicable,Not Applicable,Grievous Injury,Vehicle to Vehicle,No signal lights,Others,Arterial,Not Applicable,Not Applicable,Not Applicable,Snow,Nayandahalli outer ring road near lorry stand,Nayandahalli outer ring road near lorry stand,2km,12.940226,77.532318,0,0,0.0,0.0
Bengaluru City,Byatrarayanapura Traffic PS,1.04432e+16,2022,1,1,Road Accidents,Narrow road,City/Town,Narrow bridge or culverts,Not Applicable,Yes,Damage Only,Not Applicable,No signal lights,Others,Arterial,Not Applicable,Others,Not Applicable,Mist or Fog,nayandanahalli ring rd,Nayandahalli ring road uppar ramp,2km,0.0,0.0,0,1,0.0,1.0
Bengaluru City,Byatrarayanapura Traffic PS,1.04432e+16,2022,1,2,Road Accidents,Railway crossing,City/Town,Open area,Human Error,No,Simple Injury,Vehicle to Vehicle,Uncontrolled,Curve,Others,Bitumen(Tar),Dry,Not Applicable,Clear,Near hosaguddadahalli mysure road,Near hosaguddadahalli mysure road,2km,0.0,0.0,0,0,0.0,0.0
Bengaluru City,Byatrarayanapura Traffic PS,1.04432e+16,2022,1,1,Road Accidents,Road hump or Rumble strips,City/Town,Open area,Human Error,No,Grievous Injury,Hit pedestrian,Controlled,Others,Others,Bitumen(Tar),Others,Not Applicable,Clear,near ganesha temple maruthi nagara,near ganesha temple maruthi nagara,4km,0.0,0.0,0,1,0.0,1.0
Bengaluru City,Byatrarayanapura Traffic PS,1.04432e+16,2022,1,1,Road Accidents,Not Applicable,City/Town,Open area,Human Error,No,Fatal,Hit pedestrian,Uncontrolled,Straight and flat,Others,Bitumen(Tar),Dry,No influence on accident,Clear,infront of athens health care centre chandralayout 80feet road,infront of athens health care centre chandralayout 80feet road,3km,0.0,0.0,0,0,0.0,0.0
Bengaluru City,Byatrarayanapura Traffic PS,1.04432e+16,2022,1,2,Road Accidents,Junction,City/Town,Residential area,Not Applicable,No,Damage Only,Vehicle to Vehicle,Police / Manual,Straight and flat,Residential Street,Bitumen(Tar),Not Applicable,Not Applicable,Others,near nagarabhavi circle,Nagarabavi,3 Km,0.0,0.0,0,0,0.0,0.0
Bengaluru City,Byatrarayanapura Traffic PS,1.04432e+16,2022,1,1,Road Accidents,Curves,City/Town,Narrow bridge or culverts,Human Error,No,Fatal,Not Applicable,Not at  Junction,Slight Curve,Two way,Concrete,Dry,No influence on accident,Clear,nagarabhavi outerrind road,nagarabhavi underpass,3km,12.958299,77.51841,0,0,0.0,0.0
Bengaluru City,Byatrarayanapura Traffic PS,1.04432e+16,2022,1,1,Not Applicable,Not Applicable,City/Town,Open area,Human Error,No,Simple Injury,Hit pedestrian,Uncontrolled,Straight and flat,Others,Bitumen(Tar),Dry,No influence on accident,Clear,near  kia motors rr arch mysure road,near  kia motors rr arch mysure road,3.5km,12.936102,77.51574,0,0,0.0,0.0
Bengaluru City,Byatrarayanapura Traffic PS,1.04432e+16,2022,1,2,Road Accidents,Junction,City/Town,Near Bus stop,Human Error,No,Simple Injury,Vehicle to Vehicle,Controlled,Curve,Others,Bitumen(Tar),Dry,No influence on accident,Clear,r r nagar rd,near gopalan arked,3,12.936289,77.518105,0,0,0.0,0.0
Bengaluru City,Byatrarayanapura Traffic PS,1.04432e+16,2022,1,2,Road Accidents,Junction,City/Town,Narrow bridge or culverts,Human Error,No,Damage Only,Vehicle to Vehicle,Controlled,Others,Others,Bitumen(Tar),Dry,No influence on accident,Clear,nayandanahalli flyover,mysore road,2,12.945709,77.527672,0,0,0.0,0.0
Bengaluru City,Byatrarayanapura Traffic PS,1.04432e+16,2022,1,2,Road Accidents,Junction,City/Town,Near Bus stop,Human Error,No,Damage Only,Vehicle to Vehicle,Police / Manual,Incline,Sub Arterial,Concrete,Dry,No influence on accident,Clear,Veerabadra nagara main road,nayandanahalli outer ring rd,2 km,12.945189,77.528222,0,0,0.0,0.0
Bengaluru City,Byatrarayanapura Traffic PS,1.04432e+16,2022,1,2,Road Accidents,Narrow road,City/Town,Near Bus stop,Human Error,Yes,Grievous Injury,Vehicle to Vehicle,No signal lights,Straight and flat,Two way,Bitumen(Tar),Dry,Not Applicable,Clear,Near Avalahalli bda park,avalahalli,2km,12.943262,77.542333,0,0,0.0,0.0
Bengaluru City,Byatrarayanapura Traffic PS,1.04432e+16,2022,1,1,Road Accidents,Junction,City/Town,Open area,Not Applicable,Not Applicable,Simple Injury,Hit pedestrian,Signals (Working),Others,State Highway,Not Applicable,Not Applicable,Not Applicable,Clear,mysore road hosaguddadahalli Juction,hosaguddahalli junction,1km,0.0,0.0,0,0,0.0,0.0
Bengaluru City,Byatrarayanapura Traffic PS,1.04432e+16,2022,1,2,Road Accidents,Narrow road,City/Town,Narrow bridge or culverts,Not Applicable,No,Grievous Injury,Vehicle to Vehicle,Not at  Junction,Others,Others,Not Applicable,Not Applicable,Not Applicable,Fine,RING ROAD,RING ROAD,1,0.0,0.0,0,0,0.0,0.0
Bengaluru City,Byatrarayanapura Traffic PS,1.04432e+16,2022,1,1,Road Accidents,Curves,City/Town,Open area,Not Applicable,Not Applicable,Grievous Injury,Not Applicable,Not at  Junction,Curve,Two way,Bitumen(Tar),Others,Not Applicable,Others,MUDALAPAYA  MAIN ROAD,Near Bettaiah Hotel,2 km,0.0,0.0,0,1,0.0,1.0
Bengaluru City,Byatrarayanapura Traffic PS,1.04432e+16,2023,1,1,Road Accidents,Not Applicable,City/Town,Open area,Human Error,No,Fatal,Hit pedestrian,Uncontrolled,Others,State Highway,Bitumen(Tar),Dry,No influence on accident,Clear,near bharath petrol bunk mysure road,near bharath petrol bunk mysure road,1km,12.93834,77.522078,0,0,0.0,0.0
Bengaluru City,Byatrarayanapura Traffic PS,1.04432e+16,2023,1,3,Road Accidents,Narrow road,City/Town,Open area,Not Applicable,No,Damage Only,Vehicle to Vehicle,No signal lights,Others,Arterial,Bitumen(Tar),Dry,Not Applicable,Clear,"nayandanahallli ring road, near durgaparameshwari temple sky walk",DURGAPARAMESHWARI TEMPLE SKY WALK,3 Km,0.0,0.0,0,0,0.0,0.0
Bengaluru City,Byatrarayanapura Traffic PS,1.04432e+16,2023,1,2,Road Accidents,Not Applicable,City/Town,Open area,Human Error,No,Grievous Injury,Vehicle to Vehicle,Uncontrolled,Straight and flat,Not Applicable,Bitumen(Tar),Dry,No influence on accident,Clear,suvarna layout nagarabhavi ring road,suvarna layout nagarabhavi ring road,3km,0.0,0.0,0,0,0.0,0.0
Bengaluru City,Byatrarayanapura Traffic PS,1.04432e+16,2023,1,2,Road Accidents,Junction,City/Town,Near Bus stop,Human Error,No,Fatal,Vehicle to Vehicle,Controlled,Straight and flat,State Highway,Bitumen(Tar),Dry,Not Applicable,Cloudy,MYSORE ROAD,R R ARCH JUNCTION,02 KM,0.0,0.0,0,0,0.0,0.0
Bengaluru City,Byatrarayanapura Traffic PS,1.04432e+16,2023,1,1,Road Accidents,Curves,City/Town,Near Hospital,Human Error,No,Fatal,Not Applicable,Uncontrolled,Curve and Incline,Two way,Concrete,Dry,Not Applicable,Cloudy,MOODALAPALYA MAIN ROAD,NEAR DANUSH HOSKPITAL,02 KM,0.0,0.0,0,0,0.0,0.0
Bengaluru City,Byatrarayanapura Traffic PS,1.04432e+16,2023,1,1,Road Accidents,Not Applicable,City/Town,Open area,Human Error,Yes,Grievous Injury,Hit pedestrian,Uncontrolled,Straight and flat,Sub Arterial,Bitumen(Tar),Dry,No influence on accident,Clear,infront of karnataka bank pantarapalya,infront of karnataka bank pantarapalya,3km,0.0,0.0,0,0,0.0,0.0
Bengaluru City,Byatrarayanapura Traffic PS,1.04432e+16,2023,1,1,Not Applicable,Not Applicable,City/Town,Open area,Human Error,No,Damage Only,Not Applicable,Uncontrolled,Straight and flat,Sub Arterial,Bitumen(Tar),Dry,No influence on accident,Clear,near KSRTC Junction,near KSRTC Junction,2km,0.0,0.0,0,0,0.0,0.0
Bengaluru City,Byatrarayanapura Traffic PS,1.04432e+16,2023,1,2,Road Accidents,Not Applicable,City/Town,Open area,Human Error,Yes,Fatal,Vehicle to Vehicle,Uncontrolled,Straight and flat,Not Applicable,Bitumen(Tar),Dry,No influence on accident,Clear,near vrushabhavathi mori bridge mysure road,near vrushabhavathi mori bridge mysure road,1km,0.0,0.0,0,0,0.0,0.0
Bengaluru City,Byatrarayanapura Traffic PS,1.04432e+16,2023,1,1,Road Accidents,Not Applicable,City/Town,Open area,Human Error,Yes,Simple Injury,Not Applicable,Uncontrolled,Not Applicable,Not Applicable,Bitumen(Tar),Dry,No influence on accident,Others,near krishchian cementry mysure road,near krishchian cementry mysure road,3km,0.0,0.0,0,0,0.0,0.0
Bengaluru City,Byatrarayanapura Traffic PS,1.04432e+16,2023,1,2,Road Accidents,Not Applicable,City/Town,Open area,Human Error,No,Simple Injury,Vehicle to Vehicle,Uncontrolled,Straight and flat,State Highway,Bitumen(Tar),Dry,No influence on accident,Fine,near hosaguddadahalli,near hosaguddadahalli,2km,0.0,0.0,0,0,0.0,0.0
Bengaluru City,Byatrarayanapura Traffic PS,1.04432e+16,2023,1,4,Not Applicable,Not Applicable,City/Town,Open area,Human Error,No,Simple Injury,Vehicle to Vehicle,Uncontrolled,Curve,State Highway,Bitumen(Tar),Dry,Not Applicable,Fine,near kalayani motors nayandahalli,near kalayani motors nayandahalli,2km,0.0,0.0,0,0,0.0,0.0
Bengaluru City,Byatrarayanapura Traffic PS,1.04432e+16,2023,1,2,Road Accidents,Railway crossing,City/Town,Open area,Human Error,No,Simple Injury,Vehicle to Vehicle,Controlled,Curve,State Highway,Bitumen(Tar),Dry,No influence on accident,Clear,near public toilet nayandahalli,near public toilet nayandahalli,2,0.0,0.0,0,0,0.0,0.0
Bengaluru City,Byatrarayanapura Traffic PS,1.04432e+16,2023,1,1,Road Accidents,Not Applicable,City/Town,Open area,Human Error,No,Fatal,Not Applicable,Uncontrolled,Straight and flat,State Highway,Bitumen(Tar),Dry,No influence on accident,Clear,near vishwapriya apartment mysore road,near vishwapriya apartment mysore road,3km,0.0,0.0,0,0,0.0,0.0
Bengaluru City,Byatrarayanapura Traffic PS,1.04432e+16,2023,1,1,Not Applicable,Not Applicable,Rural Areas,Open area,Human Error,No,Grievous Injury,Not Applicable,Controlled,Curve,Others,Bitumen(Tar),Others,Not Applicable,Clear,near nayandahalli under pass,near nayandahalli under pass,2km,12.946804,77.524946,0,1,0.0,1.0
Bengaluru City,Byatrarayanapura Traffic PS,1.04432e+16,2023,1,2,Road Accidents,Junction,City/Town,Open area,Human Error,Not Applicable,Damage Only,Vehicle to Vehicle,Controlled,Straight and flat,Not Applicable,Bitumen(Tar),Others,No influence on accident,Clear,near KSRTC Junction,near KSRTC Junction,1km,12.954394,77.544189,0,1,0.0,1.0
Bengaluru City,Byatrarayanapura Traffic PS,1.04432e+16,2023,1,1,Road Accidents,Not Applicable,City/Town,Open area,Human Error,No,Grievous Injury,Vehicle to Vehicle,Controlled,Curve,Others,Bitumen(Tar),Dry,No influence on accident,Clear,near nak choultry nty layout,near nak choultry nty layout,2km,12.953832,77.546261,0,0,0.0,0.0
Bengaluru City,Byatrarayanapura Traffic PS,1.04432e+16,2023,1,1,Road Accidents,Not Applicable,City/Town,Open area,Human Error,No,Grievous Injury,Not Applicable,Uncontrolled,Straight and flat,Sub Arterial,Bitumen(Tar),Dry,No influence on accident,Clear,near Bettaiah hotel modalapalya,near Bettaiah hotel modalapalya,3km,0.0,0.0,0,0,0.0,0.0
Bengaluru City,Byatrarayanapura Traffic PS,1.04432e+16,2023,1,2,Road Accidents,Not Applicable,City/Town,Open area,Human Error,No,Simple Injury,Vehicle to Vehicle,Uncontrolled,Straight and flat,Sub Arterial,Bitumen(Tar),Dry,No influence on accident,Clear,near kalyana nagar 3rd cross,near kalyana nagar 3rd cross,4km,0.0,0.0,0,0,0.0,0.0
Bengaluru City,Byatrarayanapura Traffic PS,1.04432e+16,2023,1,2,Road Accidents,Not Applicable,City/Town,Open area,Human Error,Not Applicable,Damage Only,Vehicle to Vehicle,Uncontrolled,Others,Sub Arterial,Bitumen(Tar),Dry,No influence on accident,Clear,infront of banashankari tiffan centre,infront of banashankari tiffan centre,3km,0.0,0.0,0,0,0.0,0.0
Bengaluru City,Byatrarayanapura Traffic PS,1.04432e+16,2023,1,2,Road Accidents,Narrow road,City/Town,Near Bus stop,Not Applicable,No,Not Applicable,Vehicle to Vehicle,Not at  Junction,Curve,Others,Bitumen(Tar),Dry,Not Applicable,Fog / Mist,deepanjali nagara metro station mysore road,metro station,1km,0.0,0.0,0,0,0.0,0.0
Bengaluru City,Byatrarayanapura Traffic PS,1.04432e+16,2023,1,2,Road Accidents,Not Applicable,City/Town,Open area,Human Error,No,Simple Injury,Vehicle to Vehicle,Uncontrolled,Straight and flat,Others,Bitumen(Tar),Dry,No influence on accident,Others,near bharath petrol bunk,near bharath petrol bunk,2km,0.0,0.0,0,0,0.0,0.0
Bengaluru City,Byatrarayanapura Traffic PS,1.04432e+16,2023,1,1,Road Accidents,Not Applicable,City/Town,Open area,Human Error,No,Simple Injury,Hit pedestrian,Controlled,Straight and flat,State Highway,Bitumen(Tar),Others,Not Applicable,Clear,near bapuji nagar junction mysore road,near bapuji nagar junction mysore road,1km,0.0,0.0,0,1,0.0,1.0
Bengaluru City,Byatrarayanapura Traffic PS,1.04432e+16,2023,1,5,Road Accidents,Not Applicable,City/Town,Open area,Human Error,No,Damage Only,Vehicle to Vehicle,Uncontrolled,Not Applicable,Not Applicable,Bitumen(Tar),Dry,Not Applicable,Clear,infront of moto max car gyarage veerabadra nagar junction,infront of moto max car gyarage veerabadra nagar junction,4km,0.0,0.0,0,0,0.0,0.0
Bengaluru City,Byatrarayanapura Traffic PS,1.04432e+16,2023,1,1,Road Accidents,Not Applicable,City/Town,Open area,Human Error,No,Grievous Injury,Not Applicable,Uncontrolled,Others,Others,Bitumen(Tar),Others,Not Applicable,Clear,near nagaravhaci skywalk  service road,near nagaravhaci skywalk  service road,4km,0.0,0.0,0,1,0.0,1.0
Bengaluru City,Byatrarayanapura Traffic PS,1.04432e+16,2023,1,2,Not Applicable,Junction,City/Town,Open area,Human Error,No,Simple Injury,Vehicle to Vehicle,Controlled,Curve,Others,Bitumen(Tar),Dry,No influence on accident,Clear,near veerabadra signal,near veerabadra signal,3km,12.938615,77.533356,0,0,0.0,0.0
Bengaluru City,Byatrarayanapura Traffic PS,1.04432e+16,2023,1,1,Road Accidents,Not Applicable,City/Town,Open area,Human Error,No,Grievous Injury,Hit pedestrian,Controlled,Curve,Others,Bitumen(Tar),Dry,No influence on accident,Clear,beyon road of banashakari temple kavika layout deepanjali nagar,beyon road of banashakari temple kavika layout deepanjali nagar,1km,12.953311,77.538407,0,0,0.0,0.0
Bengaluru City,Byatrarayanapura Traffic PS,1.04432e+16,2023,1,2,Road Accidents,Not Applicable,City/Town,Open area,Human Error,No,Simple Injury,Vehicle to Vehicle,Controlled,Not Applicable,Not Applicable,Bitumen(Tar),Dry,No influence on accident,Clear,near nayanadahalli railway bridge,near nayanadahalli railway bridge,2km,12.947177,77.524363,0,0,0.0,0.0
Bengaluru City,Byatrarayanapura Traffic PS,1.04432e+16,2023,1,2,Road Accidents,Curves,City/Town,Open area,Human Error,No,Simple Injury,Vehicle to Vehicle,No signal lights,Others,Others,Bitumen(Tar),Dry,Not Applicable,Mist or Fog,opp Mahalingeshwara charcoal shpo,opp Mahalingeshwara charcoal shpo,3km,12.942765,77.536399,0,0,0.0,0.0
Bengaluru City,Byatrarayanapura Traffic PS,1.04432e+16,2023,1,1,Road Accidents,Not Applicable,City/Town,Open area,Human Error,No,Damage Only,Not Applicable,Controlled,Curve,Others,Bitumen(Tar),Dry,No influence on accident,Fine,near nagarabhavi under pass,near nagarabhavi under pass,3km,12.945411,77.528321,0,0,0.0,0.0
Bengaluru City,Byatrarayanapura Traffic PS,1.04432e+16,2023,1,1,Road Accidents,Not Applicable,City/Town,Open area,Human Error,No,Fatal,Hit pedestrian,Controlled,Others,Others,Bitumen(Tar),Dry,No influence on accident,Clear,infront of bharath petrol bunk global mall pantarapalya,infront of bharath petrol bunk global mall pantarapalya,2km,12.939697,77.523744,0,0,0.0,0.0
Bengaluru City,Byatrarayanapura Traffic PS,1.04432e+16,2023,1,3,Road Accidents,Not Applicable,City/Town,Open area,Human Error,Yes,Not Applicable,Vehicle to Vehicle,Controlled,Straight and flat,Others,Bitumen(Tar),Dry,No influence on accident,Fine,near hosaguddadahalli mysure road,near hosaguddadahalli mysure road,1km,0.0,0.0,0,0,0.0,0.0
Bengaluru City,Byatrarayanapura Traffic PS,1.04432e+16,2023,1,1,Road Accidents,Not Applicable,City/Town,Open area,Human Error,Not Applicable,Simple Injury,Hit pedestrian,Uncontrolled,Others,Others,Bitumen(Tar),Dry,No influence on accident,Clear,near bhel metro station mysure road,near bhel metro station mysure road,1km,0.0,0.0,0,0,0.0,0.0