DISTRICTNAME,UNITNAME,Crime_No,Year,RI,Noofvehicle_involved,Accident_Classification,Accident_Spot,Accident_Location,Accident_SubLocation,Main_Cause,Hit_Run,Severity,Collision_Type,Junction_Control,Road_Character,Road_Type,Surface_Type,Surface_Condition,Road_Condition,Weather,Accident_Road,Landmark_first,Distance_LandMark_First,Latitude,Longitude,Road_Condition_Score,Surface_Condition_Score,Surface_Type_Score,Road_Risk_Index
Bengaluru City,Chickpet Traffic PS,1.04432e+16,2017,1,2,Road Accidents,Junction,City/Town,Residential area,Human Error,No,Damage Only,Not Applicable,Uncontrolled,Not Applicable,City or Town Road,Bitumen(Tar),Dry,Not Applicable,Clear,CHAMRAJPET 4TH CROSS,CHAMRAJPET 4TH CROSS,1 KM,12.961949,77.565472,0,0,0.0,0.0
Bengaluru City,Chickpet Traffic PS,1.04432e+16,2018,1,1,Road Accidents,Cross roads,City/Town,Residential area,Human Error,Yes,Simple Injury,Hit and Run,No signal lights,Curve,City or Town Road,Bitumen(Tar),Not Applicable,Not Applicable,Clear,CHAMRAJPET 2D MAIN 6TH CROSS,CHAMRAJPET 2D MAIN 6TH CROSS,1,12.959599,77.563627,0,0,0.0,0.0
Bengaluru City,Chickpet Traffic PS,1.04432e+16,2018,1,2,Road Accidents,Narrow road,City/Town,Near office complex,Human Error,No,Simple Injury,Head on,No signal lights,Curve,City or Town Road,Bitumen(Tar),Ditch or Potholed,Construction Work / Material,Clear,MYSORE ROAD,INFRONT OF FIRE FORCE STATION,1.5,12.962395,77.56463,2,5,0.0,7.0
Bengaluru City,Chickpet Traffic PS,1.04432e+16,2018,1,2,Road Accidents,Narrow road,City/Town,In bazaar,Human Error,Yes,Simple Injury,Hit and Run,No signal lights,Not Applicable,City or Town Road,Bitumen(Tar),Dry,Not Applicable,Fine,"BINNY MILL ROAD,",BINNY MILL ROAD,1.5,12.966037,77.562699,0,0,0.0,0.0
Bengaluru City,Chickpet Traffic PS,1.04432e+16,2018,1,2,Road Accidents,Other,City/Town,Near office complex,Human Error,No,Simple Injury,Head on,Uncontrolled,Not Applicable,City or Town Road,Bitumen(Tar),Dry,Not Applicable,Clear,"CHAMRAJPET 1ST MAIN ROAD,",CHAMARAJPET,1.5,12.960451,77.564255,0,0,0.0,0.0
Bengaluru City,Chickpet Traffic PS,1.04432e+16,2018,1,2,Road Accidents,Bridge,City/Town,Narrow bridge or culverts,Human Error,No,Fatal,Head on,Not Applicable,Not Applicable,City or Town Road,Bitumen(Tar),Not Applicable,No influence on accident,Clear,MYSORE ROAD FLYOVER,MYSORE ROAD FLYOVER,2 KM,12.964604,77.573609,0,0,0.0,0.0
Bengaluru City,Chickpet Traffic PS,1.04432e+16,2018,1,2,Road Accidents,Narrow road,City/Town,In bazaar,Human Error,Yes,Damage Only,Hit and Run,Not Applicable,Curve,City or Town Road,Bitumen(Tar),Not Applicable,Not Applicable,Clear,COTTON PET MAIN ROAD,COTTONPET,1.5,12.967643,77.56993,0,0,0.0,0.0
Bengaluru City,Chickpet Traffic PS,1.04432e+16,2018,1,2,Road Accidents,Circle,City/Town,In bazaar,Human Error,Yes,Simple Injury,Hit and Run,Controlled,Curve,City or Town Road,Bitumen(Tar),Not Applicable,Not Applicable,Clear,GT ROAD,GT ROAD,2.5,12.980521,77.570901,0,0,0.0,0.0
Bengaluru City,Chickpet Traffic PS,1.04432e+16,2018,1,2,Road Accidents,Narrow road,City/Town,Narrow bridge or culverts,Human Error,No,Simple Injury,Hit parked vehicle,Not Applicable,Not Applicable,City or Town Road,Bitumen(Tar),Dry,Not Applicable,Clear,MYSORE ROAD FLYOVER,MYSORE ROAD,2.5,12.960281,77.56199,0,0,0.0,0.0
Bengaluru City,Chickpet Traffic PS,1.04432e+16,2018,1,1,Road Accidents,Cross roads,City/Town,Near Petrol Pump,Human Error,No,Simple Injury,Head on,Not Applicable,Others,City or Town Road,Bitumen(Tar),Dry,Not Applicable,Clear,MYSORE ROAD,MYSORE ROAD,2 KM,12.96986,77.565374,0,0,0.0,0.0
Bengaluru City,Chickpet Traffic PS,1.04432e+16,2018,1,1,Road Accidents,Circle,City/Town,Near Bus stop,Human Error,Yes,Fatal,Head on,Signal lights Automatic,Not Applicable,City or Town Road,Bitumen(Tar),Not Applicable,No influence on accident,Clear,MYSORE ROAD,MYSORE ROAD,2 KM,12.959966,77.556223,0,0,0.0,0.0
Bengaluru City,Chickpet Traffic PS,1.04432e+16,2018,1,2,Road Accidents,Narrow road,City/Town,Open area,Human Error,Yes,Simple Injury,Hit and Run,Not Applicable,Not Applicable,City or Town Road,Bitumen(Tar),Not Applicable,Not Applicable,Clear,BINNI MILL ROAD,NEAR KP AGRAHAR ENTRANCE,2.5,12.969052,77.56493,0,0,0.0,0.0
Bengaluru City,Chickpet Traffic PS,1.04432e+16,2018,1,1,Road Accidents,Cross roads,City/Town,In bazaar,Human Error,Yes,Simple Injury,Hit and Run,No signal lights,Curve,City or Town Road,Bitumen(Tar),Others,Not Applicable,Clear,BINNI MILL ROAD,BINNIMILL ROAD,2.5,12.965756,77.56242,0,1,0.0,1.0
Bengaluru City,Chickpet Traffic PS,1.04432e+16,2018,1,1,Road Accidents,Narrow road,City/Town,Near Bus stop,Human Error,Yes,Simple Injury,Hit and Run,Not Applicable,Not Applicable,City or Town Road,Bitumen(Tar),Not Applicable,Construction Work / Material,Clear,MYSORE ROAD,MYSORE ROAD,1,12.962902,77.566524,2,0,0.0,2.0
Bengaluru City,Chickpet Traffic PS,1.04432e+16,2018,1,1,Road Accidents,Circle,City/Town,Near Bus stop,Human Error,No,Grievous Injury,Head on,Signal lights Automatic,Curve,City or Town Road,Bitumen(Tar),Not Applicable,No influence on accident,Clear,MYSORE ROAD,MYSORE ROAD,2 KM,12.959675,77.556016,0,0,0.0,0.0
Bengaluru City,Chickpet Traffic PS,1.04432e+16,2018,1,2,Road Accidents,Junction,City/Town,Residential area,Human Error,Yes,Grievous Injury,Hit and Run,Uncontrolled,Curve and Incline,City or Town Road,Bitumen(Tar),Dry,Not Applicable,Clear,"CHAMRAJPET 3RD MAIN ROAD,",CHAMRAJPET,1.5,12.957664,77.557861,0,0,0.0,0.0
Bengaluru City,Chickpet Traffic PS,1.04432e+16,2018,1,2,Road Accidents,Cross roads,City/Town,In bazaar,Human Error,No,Damage Only,Not Applicable,Controlled,Curve and Incline,City or Town Road,Bitumen(Tar),Dry,Not Applicable,Clear,BRIYAND SQUARE,MYSORE ROAD,1.5,12.964099,77.569705,0,0,0.0,0.0
Bengaluru City,Chickpet Traffic PS,1.04432e+16,2018,1,1,Road Accidents,Narrow road,City/Town,Residential area,Human Error,No,Simple Injury,Head on,Not at  Junction,Not Applicable,City or Town Road,Bitumen(Tar),Not Applicable,Not Applicable,Clear,DR TCM RAYAN ROAD,OPP TO SULABH TOILET,1.5,12.966992,77.568153,0,0,0.0,0.0
Bengaluru City,Chickpet Traffic PS,1.04432e+16,2018,1,1,Road Accidents,Cross roads,City/Town,Near School or College,Human Error,Yes,Simple Injury,Hit and Run,No signal lights,Curve,City or Town Road,Bitumen(Tar),Dry,Not Applicable,Clear,"COTTON PET MAIN ROAD, NEAR",MILL ROAD JUNCTION,1.5,12.968882,77.570213,0,0,0.0,0.0
Bengaluru City,Chickpet Traffic PS,1.04432e+16,2018,1,1,Road Accidents,Bridge,City/Town,Open area,Human Error,Not Applicable,Fatal,Head on,Not Applicable,Not Applicable,City or Town Road,Bitumen(Tar),Dry,No influence on accident,Clear,MYSORE ROAD FLYOVER,MYSORE ROAD FLYOVER,1KM,12.96425,77.570422,0,0,0.0,0.0
Bengaluru City,Chickpet Traffic PS,1.04432e+16,2018,1,2,Road Accidents,Narrow road,City/Town,Near Bus stop,Human Error,No,Simple Injury,Head on,No signal lights,Not Applicable,City or Town Road,Bitumen(Tar),Dry,Not Applicable,Clear,GT ROAD,GT ROAD,2 KM,12.978214,77.571057,0,0,0.0,0.0
Bengaluru City,Chickpet Traffic PS,1.04432e+16,2018,1,2,Road Accidents,Narrow road,City/Town,In bazaar,Human Error,No,Simple Injury,Head on,Not at  Junction,Not Applicable,City or Town Road,Bitumen(Tar),Dry,Construction Work / Material,Clear,"COTTONPET MAIN ROAD,",COTTONPET,2 KM,12.964896,77.56824,2,0,0.0,2.0
Bengaluru City,Chickpet Traffic PS,1.04432e+16,2018,1,1,Road Accidents,Narrow road,City/Town,Near Bus stop,Human Error,Yes,Simple Injury,Not Applicable,Controlled,Curve,City or Town Road,Bitumen(Tar),Not Applicable,Construction Work / Material,Clear,"MYSORE ROAD, NEAR BB JUNCTION",NEAR BB JUNCTION,1 KM,2.959636,77.555891,2,0,0.0,2.0
Bengaluru City,Chickpet Traffic PS,1.04432e+16,2018,1,2,Road Accidents,Cross roads,City/Town,Residential area,Human Error,Yes,Grievous Injury,Hit and Run,Not at  Junction,Curve,City or Town Road,Bitumen(Tar),Dry,Not Applicable,Clear,KASTURI BA NAGAR,ASHWATHKATTE ROAD,2.5,12.953237,77.550806,0,0,0.0,0.0
Bengaluru City,Chickpet Traffic PS,1.04432e+16,2018,1,1,Road Accidents,Narrow road,City/Town,In bazaar,Human Error,Yes,Fatal,Hit and Run,Not Applicable,Not Applicable,City or Town Road,Bitumen(Tar),Ditch or Potholed,Construction Work / Material,Clear,MYSORE ROAD,INFRONT OF RK BAR&RESTORENT,1.5,12.961275,77.559821,2,5,0.0,7.0
Bengaluru City,Chickpet Traffic PS,1.04432e+16,2018,1,1,Road Accidents,Cross roads,City/Town,In bazaar,Human Error,No,Simple Injury,Hit pedestrian,Not Applicable,Not Applicable,City or Town Road,Bitumen(Tar),Dry,Not Applicable,Clear,AS CHAR STREET,AS CHAR STREET,1KM,12.964798,77.573737,0,0,0.0,0.0
Bengaluru City,Chickpet Traffic PS,1.04432e+16,2018,1,1,Road Accidents,Narrow road,City/Town,Near Bus stop,Human Error,Yes,Simple Injury,Not Applicable,No signal lights,Not Applicable,NH,Not Applicable,Not Applicable,No influence on accident,Clear,MYSORE ROAD,MYSORE ROAD,1,12.962902,77.566524,0,0,0.0,0.0
Bengaluru City,Chickpet Traffic PS,1.04432e+16,2018,1,2,Road Accidents,Cross roads,City/Town,Near office complex,Human Error,No,Grievous Injury,Not Applicable,Not Applicable,Curve,City or Town Road,Bitumen(Tar),Not Applicable,Not Applicable,Clear,"CHAMRAJPET 1ST MAIN ROAD,",CHAMARAJPET,2 KM,12.960205,77.558319,0,0,0.0,0.0
Bengaluru City,Chickpet Traffic PS,1.04432e+16,2018,1,2,Road Accidents,Junction,City/Town,In bazaar,Human Error,Yes,Damage Only,Hit and Run,Controlled,Not Applicable,City or Town Road,Bitumen(Tar),Dry,Not Applicable,Clear,MYSORE ROAD,MYSORE ROAD,2 KM,12.959503,77.555847,0,0,0.0,0.0
Bengaluru City,Chickpet Traffic PS,1.04432e+16,2018,1,2,Road Accidents,Narrow road,City/Town,Narrow bridge or culverts,Human Error,No,Simple Injury,Head on,Not at  Junction,Not Applicable,City or Town Road,Bitumen(Tar),Dry,Not Applicable,Clear,MYSORE ROAD FLYOVER,MYSORE ROAD,2.5,12.961143,77.558933,0,0,0.0,0.0
Bengaluru City,Chickpet Traffic PS,1.04432e+16,2018,1,1,Road Accidents,Cross roads,City/Town,At pedestrian Crossing,Human Error,No,Simple Injury,Head on,No signal lights,Curve,City or Town Road,Bitumen(Tar),Dry,Not Applicable,Clear,BINNI MILL ROAD,JJR NAGAR JUNCTION,2.5,12.962711,77.560303,0,0,0.0,0.0
Bengaluru City,Chickpet Traffic PS,1.04432e+16,2018,1,1,Road Accidents,T Junction,City/Town,Residential area,Human Error,Yes,Grievous Injury,Hit and Run,Uncontrolled,Others,City or Town Road,Bitumen(Tar),Not Applicable,Not Applicable,Clear,"1ST MAIN, BHAKSHI GARDEN",BHAKSHI GARDEN,1.5 KM,12.965869,77.56853,0,0,0.0,0.0
Bengaluru City,Chickpet Traffic PS,1.04432e+16,2018,1,1,Road Accidents,Narrow road,City/Town,In bazaar,Human Error,Yes,Simple Injury,Hit and Run,No signal lights,Not Applicable,City or Town Road,Bitumen(Tar),Dry,Not Applicable,Clear,CHAMRAJPET 4TH MAIN 8TH CROSS,CHAMRAJPET 4TH MAIN 8TH CROSS,1 KM,12.957805,77.560832,0,0,0.0,0.0
Bengaluru City,Chickpet Traffic PS,1.04432e+16,2018,1,1,Road Accidents,Cross roads,City/Town,In bazaar,Human Error,No,Grievous Injury,Hit bicyclist,Not Applicable,Curve,City or Town Road,Bitumen(Tar),Dry,Not Applicable,Clear,MYSORE ROAD,NEAR AS CHAR STREET,1.5,12.964489,77.572371,0,0,0.0,0.0
Bengaluru City,Chickpet Traffic PS,1.04432e+16,2018,1,1,Road Accidents,Cross roads,City/Town,At pedestrian Crossing,Human Error,No,Simple Injury,Head on,No signal lights,Curve,City or Town Road,Bitumen(Tar),Not Applicable,Not Applicable,Clear,"BINNY MILL ROAD,",BINNY MILL ROAD,2 KM,12.96986,77.565374,0,0,0.0,0.0
Bengaluru City,Chickpet Traffic PS,1.04432e+16,2018,1,2,Road Accidents,Curves,City/Town,In bazaar,Human Error,No,Simple Injury,Head on,Police / Manual,Not Applicable,City or Town Road,Bitumen(Tar),Not Applicable,Not Applicable,Clear,CHAMRAJPET,CHAMRAJPET,1.5,12.959793,77.559239,0,0,0.0,0.0
Bengaluru City,Chickpet Traffic PS,1.04432e+16,2018,1,1,Not Applicable,Narrow road,City/Town,Near Bus stop,Human Error,Yes,Simple Injury,Hit and Run,Not Applicable,Curve,City or Town Road,Bitumen(Tar),Others,Not Applicable,Clear,"BINNY MILL ROAD,",BINNY MILL ROAD,1.5,12.965495,77.562317,0,1,0.0,1.0
Bengaluru City,Chickpet Traffic PS,1.04432e+16,2018,1,1,Road Accidents,Bridge,City/Town,Open area,Human Error,Yes,Simple Injury,Hit and Run,Not Applicable,Not Applicable,City or Town Road,Bitumen(Tar),Dry,Not Applicable,Clear,MYSORE ROAD FLYOVER,MYSORE ROAD FLYOVER,1KM,12.964463,77.573708,0,0,0.0,0.0
Bengaluru City,Chickpet Traffic PS,1.04432e+16,2018,1,2,Road Accidents,Junction,City/Town,Near Petrol Pump,Human Error,No,Simple Injury,Hit and Run,Controlled,Curve and Incline,City or Town Road,Bitumen(Tar),Not Applicable,Not Applicable,Clear,MYSORE ROAD,BB JUNCTION,2.5,12.959941,77.556417,0,0,0.0,0.0
Bengaluru City,Chickpet Traffic PS,1.04432e+16,2018,1,1,Road Accidents,Narrow road,City/Town,Near Bus stop,Human Error,Yes,Simple Injury,Hit and Run,Not at  Junction,Not Applicable,City or Town Road,Bitumen(Tar),Dry,Not Applicable,Clear,"BINNY MILL ROAD,",BINNY MILL ROAD,2 KM,12.969677,77.565461,0,0,0.0,0.0
Bengaluru City,Chickpet Traffic PS,1.04432e+16,2018,1,1,Road Accidents,Narrow road,City/Town,Near Bus stop,Human Error,Yes,Fatal,Hit and Run,Not at  Junction,Others,City or Town Road,Bitumen(Tar),Dry,Not Applicable,Clear,GT ROAD,GT ROAD,2.5,12.978279,77.57084,0,0,0.0,0.0
Bengaluru City,Chickpet Traffic PS,1.04432e+16,2018,1,2,Road Accidents,Narrow road,City/Town,Near Bus stop,Not Applicable,No,Simple Injury,Not Applicable,Not at  Junction,Not Applicable,City or Town Road,Bitumen(Tar),Not Applicable,Not Applicable,Clear,BINNYMILL ROAD IN FRONT OF CAR HQ BUS STOP,BINNYMILL ROAD IN FRONT OF CAR HQ BUS STOP,1 KM,12.928511,77.595009,0,0,0.0,0.0
Bengaluru City,Chickpet Traffic PS,1.04432e+16,2018,1,1,Road Accidents,Bridge,City/Town,Narrow bridge or culverts,Human Error,Yes,Simple Injury,Hit and Run,No signal lights,Straight and flat,City or Town Road,Bitumen(Tar),Dry,Not Applicable,Not Applicable,MYSORE ROAD FLYOVER,MYSORE ROAD FLYOVER,1KM,12.964276,77.57097,0,0,0.0,0.0
Bengaluru City,Chickpet Traffic PS,1.04432e+16,2018,1,1,Road Accidents,Junction,City/Town,Residential area,Human Error,Yes,Simple Injury,Hit and Run,Signal lights Automatic,Curve,City or Town Road,Bitumen(Tar),Dry,Not Applicable,Clear,"BINNY MILL ROAD,",BINNY MILL ROAD,1.5,12.961256,77.559201,0,0,0.0,0.0
Bengaluru City,Chickpet Traffic PS,1.04432e+16,2018,1,2,Road Accidents,Narrow road,City/Town,In bazaar,Human Error,No,Simple Injury,Head on,Controlled,Not Applicable,City or Town Road,Bitumen(Tar),Dry,Not Applicable,Clear,GT ROAD,GT ROAD,2 KM,12.975182,77.570686,0,0,0.0,0.0
Bengaluru City,Chickpet Traffic PS,1.04432e+16,2018,1,2,Road Accidents,Cross roads,City/Town,In bazaar,Human Error,Yes,Simple Injury,Hit and Run,Not at  Junction,Not Applicable,City or Town Road,Bitumen(Tar),Dry,Not Applicable,Clear,SIRSI ROAD,NEAR GANESHGRAND HOTEL,2.5,12.961092,77.562041,0,0,0.0,0.0
Bengaluru City,Chickpet Traffic PS,1.04432e+16,2018,1,2,Road Accidents,Circle,City/Town,In bazaar,Human Error,No,Simple Injury,Head on,Controlled,Curve,City or Town Road,Bitumen(Tar),Not Applicable,Not Applicable,Clear,BRIYAND SQUARE,MYSORE ROAD,1.5,12.964281,77.569978,0,0,0.0,0.0
Bengaluru City,Chickpet Traffic PS,1.04432e+16,2018,1,2,Road Accidents,Narrow road,City/Town,Near Bus stop,Human Error,No,Fatal,Head on,Not at  Junction,Not Applicable,City or Town Road,Bitumen(Tar),Dry,Not Applicable,Clear,MYSORE ROAD,MYSORE ROAD,2 KM,12.960185,77.557076,0,0,0.0,0.0
Bengaluru City,Chickpet Traffic PS,1.04432e+16,2018,1,1,Road Accidents,Circle,City/Town,Near Bus stop,Human Error,Yes,Fatal,Hit and Run,No signal lights,Curve,City or Town Road,Bitumen(Tar),Dry,No influence on accident,Clear,BINNI MILL ROAD,JJR NAGAR JUNCTION,2.5,0.0,0.0,0,0,0.0,0.0
Bengaluru City,Chickpet Traffic PS,1.04432e+16,2018,1,2,Road Accidents,Cross roads,City/Town,Residential area,Human Error,No,Simple Injury,Head on,Not Applicable,Curve,City or Town Road,Bitumen(Tar),Not Applicable,Not Applicable,Clear,CHAMRAJPET,CHAMRAJPET,1.5,12.957468,77.565954,0,0,0.0,0.0
Bengaluru City,Chickpet Traffic PS,1.04432e+16,2018,1,1,Road Accidents,Narrow road,City/Town,Near Petrol Pump,Human Error,No,Simple Injury,Hit pedestrian,No signal lights,Not Applicable,City or Town Road,Bitumen(Tar),Dry,Not Applicable,Clear,MYSORE ROAD,MYSORE ROAD,1.5,12.960495,77.557351,0,0,0.0,0.0
Bengaluru City,Chickpet Traffic PS,1.04432e+16,2018,1,1,Road Accidents,Round about or Circle,City/Town,At pedestrian Crossing,Human Error,No,Grievous Injury,Hit pedestrian,Controlled,Not Applicable,City or Town Road,Bitumen(Tar),Dry,Not Applicable,Clear,SIRSI CIRCLE,SIRSI CIRCLE MYSORE ROAD,2 KM,12.961303,77.559185,0,0,0.0,0.0
Bengaluru City,Chickpet Traffic PS,1.04432e+16,2018,1,1,Not Applicable,Not Applicable,City/Town,Narrow bridge or culverts,Human Error,Yes,Simple Injury,Hit and Run,Not Applicable,Not Applicable,City or Town Road,Bitumen(Tar),Dry,Not Applicable,Clear,MYSORE ROAD FLYOVER,CHAMRAJPET,1.5,12.964076,77.569764,0,0,0.0,0.0
Bengaluru City,Chickpet Traffic PS,1.04432e+16,2018,1,1,Road Accidents,Junction,City/Town,Near Bus stop,Human Error,No,Fatal,Head on,Controlled,Curve,City or Town Road,Concrete,Flooded,Construction Work / Material,Clear,MYSORE ROAD,MYSORE ROAD,2 KM,12.957537,77.552406,2,5,0.0,7.0
Bengaluru City,Chickpet Traffic PS,1.04432e+16,2018,1,1,Road Accidents,Cross roads,City/Town,In bazaar,Human Error,No,Simple Injury,Hit pedestrian,Controlled,Not Applicable,City or Town Road,Bitumen(Tar),Dry,Not Applicable,Clear,"BINNY MILL ROAD,",BINNY MILL ROAD,2 KM,12.965322,77.562445,0,0,0.0,0.0
Bengaluru City,Chickpet Traffic PS,1.04432e+16,2019,1,2,Road Accidents,Cross roads,City/Town,In bazaar,Human Error,Yes,Grievous Injury,Vehicle to Vehicle,Not Applicable,Not Applicable,Not Applicable,Bitumen(Tar),Dry,Not Applicable,Clear,MYSORE ROAD,MYSORE ROAD,2 KM,12.960758,77.55775,0,0,0.0,0.0
Bengaluru City,Chickpet Traffic PS,1.04432e+16,2019,1,2,Road Accidents,Curves,City/Town,In bazaar,Human Error,No,Simple Injury,Hit pedestrian,No signal lights,Curve,Not Applicable,Bitumen(Tar),Dry,Construction Work / Material,Clear,DR TCM RAYAN ROAD,DR TCM RAYON ROAD,2.5,12.97472,77.57036,2,0,0.0,2.0
Bengaluru City,Chickpet Traffic PS,1.04432e+16,2019,1,1,Road Accidents,Cross roads,City/Town,In bazaar,Human Error,Yes,Simple Injury,Hit pedestrian,Not at  Junction,Others,Not Applicable,Bitumen(Tar),Not Applicable,Not Applicable,Clear,PENSION MOHALLA ROAD,SIDDARTHANAGAR,1.5,12.965307,77.567182,0,0,0.0,0.0
Bengaluru City,Chickpet Traffic PS,1.04432e+16,2019,1,1,Road Accidents,Narrow road,City/Town,In bazaar,Human Error,No,Simple Injury,Vehicle to Vehicle,Not Applicable,Not Applicable,Not Applicable,Bitumen(Tar),Dry,Not Applicable,Clear,BINNIMILL,BINNIMILL,2.5 KM,12.96612,77.562856,0,0,0.0,0.0
Bengaluru City,Chickpet Traffic PS,1.04432e+16,2019,1,2,Road Accidents,Curves,City/Town,Residential area,Human Error,No,Simple Injury,Not Applicable,Not Applicable,Not Applicable,Not Applicable,Bitumen(Tar),Dry,Not Applicable,Clear,CHAMRAJPET,CHAMRAJPET,1.5,0.0,0.0,0,0,0.0,0.0
Bengaluru City,Chickpet Traffic PS,1.04432e+16,2019,1,2,Road Accidents,Cross roads,City/Town,In bazaar,Human Error,Yes,Grievous Injury,Not Applicable,Not Applicable,Curve,Not Applicable,Bitumen(Tar),Dry,Not Applicable,Clear,CHAMRAJPET,CHAMRAJPET 2D MAIN 3RD CROSS,1,12.960024,77.56729,0,0,0.0,0.0
Bengaluru City,Chickpet Traffic PS,1.04432e+16,2019,1,1,Road Accidents,Narrow road,City/Town,In bazaar,Human Error,No,Simple Injury,Head on,Not at  Junction,Not Applicable,City or Town Road,Concrete,Dry,No influence on accident,Clear,MYSORE ROAD,NEAR VINAYAK THEATRE,2 KM,12.96289,77.56656,0,0,0.0,0.0
Bengaluru City,Chickpet Traffic PS,1.04432e+16,2019,1,2,Road Accidents,Junction,City/Town,Residential area,Human Error,No,Damage Only,Not Applicable,No signal lights,Curve,Not Applicable,Bitumen(Tar),Not Applicable,Not Applicable,Clear,"CHAMRAJPET 4TH MAIN,",CHAMRAJPET 3RD CROSS,1,12.95798,77.567414,0,0,0.0,0.0
Bengaluru City,Chickpet Traffic PS,1.04432e+16,2019,1,1,Road Accidents,Narrow road,City/Town,In bazaar,Human Error,No,Grievous Injury,Not Applicable,Controlled,Curve,Not Applicable,Bitumen(Tar),Dry,Not Applicable,Clear,MYSORE ROAD,BINNIMILL ROAD,2.5 KM,12.97074,77.5665,0,0,0.0,0.0
Bengaluru City,Chickpet Traffic PS,1.04432e+16,2019,1,1,Road Accidents,Cross roads,City/Town,In bazaar,Human Error,Yes,Simple Injury,Hit pedestrian,Not Applicable,Not Applicable,Not Applicable,Bitumen(Tar),Dry,Not Applicable,Clear,GT ROAD,GT ROAD,2.5 KM,12.97607,77.571003,0,0,0.0,0.0
Bengaluru City,Chickpet Traffic PS,1.04432e+16,2019,1,2,Not Applicable,Junction,City/Town,In bazaar,Human Error,No,Simple Injury,Vehicle to Vehicle,No signal lights,Not Applicable,Not Applicable,Bitumen(Tar),Dry,Not Applicable,Clear,CHAMRAJPET 2ND MAIN,CHAMRAJPET,1.0 KM,12.96001,77.567277,0,0,0.0,0.0
Bengaluru City,Chickpet Traffic PS,1.04432e+16,2019,1,2,Not Applicable,Cross roads,City/Town,In bazaar,Human Error,Yes,Fatal,Hit and Run,Controlled,Not Applicable,City or Town Road,Bitumen(Tar),Dry,Not Applicable,Clear,BINNI MILL ROAD,BINNIMILL ROAD,1.5,12.968734,77.56427,0,0,0.0,0.0
Bengaluru City,Chickpet Traffic PS,1.04432e+16,2019,1,2,Road Accidents,Narrow road,City/Town,In bazaar,Human Error,Yes,Simple Injury,Hit and Run,Uncontrolled,Not Applicable,City or Town Road,Bitumen(Tar),Dry,Not Applicable,Clear,MYSORE ROAD,CHAMRAJPET,1,0.0,0.0,0,0,0.0,0.0
Bengaluru City,Chickpet Traffic PS,1.04432e+16,2019,1,2,Road Accidents,Narrow road,City/Town,In bazaar,Human Error,Yes,Damage Only,Hit and Run,Not Applicable,Not Applicable,City or Town Road,Bitumen(Tar),Dry,Not Applicable,Clear,BINNI MILL ROAD,BINNY MILL ROAD,2 KM,12.966407,77.563003,0,0,0.0,0.0
Bengaluru City,Chickpet Traffic PS,1.04432e+16,2019,1,1,Road Accidents,Cross roads,City/Town,Residential area,Human Error,Yes,Simple Injury,Hit pedestrian,Not Applicable,Curve,Residential Street,Bitumen(Tar),Dry,Not Applicable,Clear,CHAMRAJPET 4TH MAIN 6TH CROSS,CHAMRAJPET,1.5,12.9538264,77.5659103,0,0,0.0,0.0
Bengaluru City,Chickpet Traffic PS,1.04432e+16,2019,1,1,Road Accidents,Narrow road,City/Town,In bazaar,Human Error,Yes,Simple Injury,Vehicle to Vehicle,Controlled,Not Applicable,Expressway,Bitumen(Tar),Ditch or Potholed,Not Applicable,Clear,MYSORE ROAD,MYSORE ROAD,2 KM,12.9605,77.55727,0,5,0.0,5.0
Bengaluru City,Chickpet Traffic PS,1.04432e+16,2019,1,1,Road Accidents,Narrow road,City/Town,In bazaar,Human Error,Yes,Grievous Injury,Hit pedestrian,Not Applicable,Not Applicable,Others,Bitumen(Tar),Dry,Not Applicable,Clear,MYSORE ROAD,NEAR SIRSI CIRCLE,2.5,12.96108,77.558517,0,0,0.0,0.0
Bengaluru City,Chickpet Traffic PS,1.04432e+16,2019,1,2,Road Accidents,Cross roads,City/Town,In bazaar,Human Error,No,Grievous Injury,Vehicle to Vehicle,Not Applicable,Curve,Residential Street,Bitumen(Tar),Not Applicable,Not Applicable,Clear,CHAMRAJPET 3RD MAIN,CHAMRAJPET 5TH CROSS,1,12.95866,77.564378,0,0,0.0,0.0
Bengaluru City,Chickpet Traffic PS,1.04432e+16,2019,1,1,Road Accidents,Circle,City/Town,Near Bus stop,Human Error,Yes,Simple Injury,Hit and Run,Controlled,Curve and Incline,City or Town Road,Bitumen(Tar),Not Applicable,Not Applicable,Clear,SANGOLLI RAYANNA CIRCLE,GT ROAD,2.5,12.979949,77.571019,0,0,0.0,0.0
Bengaluru City,Chickpet Traffic PS,1.04432e+16,2019,1,1,Road Accidents,Junction,City/Town,In bazaar,Human Error,Yes,Simple Injury,Hit and Run,Controlled,Curve,City or Town Road,Bitumen(Tar),Dry,Not Applicable,Clear,SIRSI CIRCLE,MYSORE ROAD,2 KM,0.0,0.0,0,0,0.0,0.0
Bengaluru City,Chickpet Traffic PS,1.04432e+16,2019,1,1,Road Accidents,Narrow road,City/Town,In bazaar,Human Error,No,Simple Injury,Head on,Not at  Junction,Curve and Incline,City or Town Road,Bitumen(Tar),Dry,Not Applicable,Clear,DR TCM RAYAN ROAD,DR TCM RAYAN ROAD,1.5,0.0,0.0,0,0,0.0,0.0
Bengaluru City,Chickpet Traffic PS,1.04432e+16,2019,1,2,Road Accidents,Cross roads,City/Town,Residential area,Human Error,Yes,Grievous Injury,Vehicle to Vehicle,No signal lights,Not Applicable,Not Applicable,Bitumen(Tar),Dry,Not Applicable,Clear,CHAMRAJPET 4TH MAIN 4TH CROSS,CHAMRAJPET 4th MAIN 4TH CROSS,1.5,0.0,0.0,0,0,0.0,0.0
Bengaluru City,Chickpet Traffic PS,1.04432e+16,2019,1,2,Road Accidents,Cross roads,City/Town,In bazaar,Human Error,No,Damage Only,Vehicle to Vehicle,No signal lights,Curve,Not Applicable,Bitumen(Tar),Dry,Not Applicable,Clear,"CHAMRAJPET 4TH MAIN, 3RD CROSS",CHAMRAJPET,1,12.95798,77.567414,0,0,0.0,0.0