DISTRICTNAME,UNITNAME,Crime_No,Year,RI,Noofvehicle_involved,Accident_Classification,Accident_Spot,Accident_Location,Accident_SubLocation,Main_Cause,Hit_Run,Severity,Collision_Type,Junction_Control,Road_Character,Road_Type,Surface_Type,Surface_Condition,Road_Condition,Weather,Accident_Road,Landmark_first,Distance_LandMark_First,Latitude,Longitude,Road_Condition_Score,Surface_Condition_Score,Surface_Type_Score,Road_Risk_Index
Bengaluru City,Chickpet Traffic PS,1.04432e+16,2019,1,2,Road Accidents,Narrow road,City/Town,In bazaar,Human Error,No,Grievous Injury,Vehicle to Vehicle,Not Applicable,Others,Residential Street,Bitumen(Tar),Dry,Not Applicable,Clear,CHAMRAJPET 4TH MAIN,CHAMRAJPET,1.5,12.9577,77.562125,0,0,0.0,0.0
Bengaluru City,Chickpet Traffic PS,1.04432e+16,2019,1,1,Road Accidents,Curves,City/Town,In bazaar,Human Error,Yes,Simple Injury,Not Applicable,Not at  Junction,Not Applicable,Others,Bitumen(Tar),Dry,Not Applicable,Clear,CHAMRAJPET,CHAMRAJPET,2 KM,12.960354,77.563323,0,0,0.0,0.0
Bengaluru City,Chickpet Traffic PS,1.04432e+16,2019,1,2,Road Accidents,Cross roads,City/Town,In bazaar,Human Error,No,Grievous Injury,Vehicle to Vehicle,Controlled,Curve,Not Applicable,Bitumen(Tar),Dry,Not Applicable,Clear,SIRSI CIRCLE,SIRSI CIRCLE,2 KM,12.96129,77.559317,0,0,0.0,0.0
Bengaluru City,Chickpet Traffic PS,1.04432e+16,2019,1,2,Road Accidents,Narrow road,City/Town,In bazaar,Human Error,Yes,Simple Injury,Not Applicable,Not Applicable,Not Applicable,Not Applicable,Bitumen(Tar),Muddy,Not Applicable,Clear,NEAR NALANDA TALKIES,MYSORE ROAD,1,12.961081,77.558654,0,4,0.0,4.0
Bengaluru City,Chickpet Traffic PS,1.04432e+16,2019,1,1,Not Applicable,Cross roads,City/Town,In bazaar,Human Error,No,Simple Injury,Hit pedestrian,Controlled,Curve,Not Applicable,Bitumen(Tar),Dry,Not Applicable,Clear,MYSORE ROAD,BB JUNCTION,2,12.9595,77.5555908,0,0,0.0,0.0
Bengaluru City,Chickpet Traffic PS,1.04432e+16,2019,1,1,Road Accidents,Not Applicable,City/Town,Narrow bridge or culverts,Human Error,No,Grievous Injury,Not Applicable,Not Applicable,Not Applicable,Not Applicable,Bitumen(Tar),Dry,Construction Work / Material,Clear,MYSORE ROAD FLYOVER,MYSORE ROAD FLYOVER,1.5,12.963283,77.56719,2,0,0.0,2.0
Bengaluru City,Chickpet Traffic PS,1.04432e+16,2019,1,1,Road Accidents,Narrow road,City/Town,At pedestrian Crossing,Human Error,No,Grievous Injury,Not Applicable,Not Applicable,Straight and flat,Not Applicable,Bitumen(Tar),Dry,Not Applicable,Clear,MYSORE ROAD,MYSORE ROAD,1,12.963045,77.5665,0,0,0.0,0.0
Bengaluru City,Chickpet Traffic PS,1.04432e+16,2019,1,2,Road Accidents,Narrow road,City/Town,In bazaar,Human Error,Yes,Simple Injury,Hit and Run,Not Applicable,Not Applicable,City or Town Road,Bitumen(Tar),Dry,Construction Work / Material,Clear,DR TCM RAYAN ROAD,DR TCM RAYAN ROAD,2 KM,12.963767,77.56807,2,0,0.0,2.0
Bengaluru City,Chickpet Traffic PS,1.04432e+16,2019,1,1,Road Accidents,Narrow road,City/Town,In bazaar,Human Error,Yes,Simple Injury,Hit and Run,Not Applicable,Not Applicable,City or Town Road,Bitumen(Tar),Dry,Not Applicable,Clear,DR TCM RAYAN ROAD,DR TCM RAYAN ROAD,1.5,12.96428,77.568194,0,0,0.0,0.0
Bengaluru City,Chickpet Traffic PS,1.04432e+16,2019,1,2,Road Accidents,Narrow road,City/Town,Open area,Human Error,No,Grievous Injury,Hit pedestrian,Not at  Junction,Not Applicable,Two way,Bitumen(Tar),Dry,No influence on accident,Clear,BINNIMILL ROAD,OPP TO BBMP GARBAGE CENTRE,2.5 KM,12.968,77.56391,0,0,0.0,0.0
Bengaluru City,Chickpet Traffic PS,1.04432e+16,2019,1,1,Not Applicable,Not Applicable,City/Town,Open area,Human Error,No,Fatal,Hit pedestrian,Not Applicable,Not Applicable,Not Applicable,Not Applicable,Dry,Not Applicable,Clear,PARKING PLACE,ROYAN CIRCLE,1,0.0,0.0,0,0,0.0,0.0
Bengaluru City,Chickpet Traffic PS,1.04432e+16,2019,1,1,Road Accidents,Narrow road,City/Town,In bazaar,Human Error,No,Simple Injury,Hit pedestrian,Not at  Junction,Curve,Not Applicable,Bitumen(Tar),Dry,Not Applicable,Clear,BINNIMIL CIRCLE,BINNIMILL ROAD,2.5 KM,12.97049,77.566282,0,0,0.0,0.0
Bengaluru City,Chickpet Traffic PS,1.04432e+16,2019,1,2,Road Accidents,Cross roads,City/Town,In bazaar,Human Error,Yes,Grievous Injury,Vehicle to Vehicle,Not at  Junction,Curve,Not Applicable,Bitumen(Tar),Dry,Not Applicable,Clear,CHAMRAJPET 5TH MAIN,SIRSI ROAD,2,12.95943,77.56438,0,0,0.0,0.0
Bengaluru City,Chickpet Traffic PS,1.04432e+16,2019,1,1,Road Accidents,Narrow road,City/Town,At pedestrian Crossing,Human Error,Yes,Simple Injury,Hit pedestrian,Not at  Junction,Not Applicable,One way,Bitumen(Tar),Not Applicable,Not Applicable,Clear,GT ROAD,GT ROAD,2.5 KM,12.97744,77.57091,0,0,0.0,0.0
Bengaluru City,Chickpet Traffic PS,1.04432e+16,2019,1,2,Road Accidents,Junction,City/Town,Near office complex,Human Error,No,Simple Injury,Vehicle to Vehicle,Controlled,Others,Not Applicable,Bitumen(Tar),Others,Not Applicable,Clear,CHAMRAJPET,CHAMRAJPET 4D MAIN 4TH CROSS,1.5,12.959169,77.56731,0,1,0.0,1.0
Bengaluru City,Chickpet Traffic PS,1.04432e+16,2019,1,1,Road Accidents,Culvert,City/Town,Narrow bridge or culverts,Human Error,No,Fatal,Head on,Not Applicable,Not Applicable,City or Town Road,Bitumen(Tar),Not Applicable,Not Applicable,Clear,MYSORE ROAD FLYOVER,MYSORE ROAD FLYOVER,1.5,12.961911,77.562994,0,0,0.0,0.0
Bengaluru City,Chickpet Traffic PS,1.04432e+16,2019,1,1,Road Accidents,Cross roads,City/Town,In bazaar,Human Error,Yes,Simple Injury,Hit pedestrian,Not at  Junction,Curve,Not Applicable,Bitumen(Tar),Dry,No influence on accident,Clear,CHAMRAJPET,CHAMRAJPET 2D MAIN 3RD CROSS,1.5,0.0,0.0,0,0,0.0,0.0
Bengaluru City,Chickpet Traffic PS,1.04432e+16,2019,1,2,Road Accidents,Culvert,City/Town,Narrow bridge or culverts,Human Error,Yes,Fatal,Head on,Not Applicable,Not Applicable,City or Town Road,Bitumen(Tar),Dry,No influence on accident,Clear,MYSORE ROAD FLYOVER,MYSORE ROAD FLYOVER,1.5,12.962132,77.56381,0,0,0.0,0.0
Bengaluru City,Chickpet Traffic PS,1.04432e+16,2019,1,1,Road Accidents,Narrow road,City/Town,In bazaar,Human Error,Yes,Grievous Injury,Hit pedestrian,Not at  Junction,Not Applicable,Not Applicable,Bitumen(Tar),Dry,Not Applicable,Clear,DR TCM RAYAN ROAD,DR TCM RAYAN ROAD,1KM,12.965277,77.568162,0,0,0.0,0.0
Bengaluru City,Chickpet Traffic PS,1.04432e+16,2019,1,1,Road Accidents,Narrow road,City/Town,Residential area,Human Error,Not Applicable,Fatal,Not Applicable,Not at  Junction,Curve,Not Applicable,Bitumen(Tar),Dry,Not Applicable,Clear,CHAMRAJPET SIRSI ROAD,SIRSI ROAD,2,12.961187,77.56325,0,0,0.0,0.0
Bengaluru City,Chickpet Traffic PS,1.04432e+16,2019,1,1,Road Accidents,Cross roads,City/Town,Residential area,Human Error,No,Fatal,Hit pedestrian,Not Applicable,Not Applicable,Not Applicable,Bitumen(Tar),Dry,Not Applicable,Clear,CHAMRAJPET 4TH MAIN,CHAMRAJPET,1.5,12.95773,77.560864,0,0,0.0,0.0
Bengaluru City,Chickpet Traffic PS,1.04432e+16,2019,1,1,Road Accidents,Cross roads,City/Town,Residential area,Human Error,Yes,Fatal,Hit and Run,Not Applicable,Curve,City or Town Road,Bitumen(Tar),Dry,Not Applicable,Clear,5TH CROSS,SIDDARTHANAGAR,1.5,12.965729,77.567856,0,0,0.0,0.0
Bengaluru City,Chickpet Traffic PS,1.04432e+16,2019,1,1,Road Accidents,Narrow road,City/Town,In bazaar,Human Error,Yes,Grievous Injury,Not Applicable,No signal lights,Curve,Not Applicable,Bitumen(Tar),Dry,Not Applicable,Clear,"BINNY MILL ROAD,",BINNY MILL ROAD,2 KM,12.965622,77.562565,0,0,0.0,0.0
Bengaluru City,Chickpet Traffic PS,1.04432e+16,2019,1,2,Road Accidents,Cross roads,City/Town,Residential area,Human Error,No,Grievous Injury,Vehicle to Vehicle,Not Applicable,Straight and flat,Residential Street,Bitumen(Tar),Dry,Not Applicable,Clear,chamrajpet 4th main,chamrajpet 4th cross,1.5,12.95783,77.564457,0,0,0.0,0.0
Bengaluru City,Chickpet Traffic PS,1.04432e+16,2019,1,1,Road Accidents,Narrow road,City/Town,In bazaar,Human Error,No,Simple Injury,Hit pedestrian,Not Applicable,Not Applicable,Not Applicable,Bitumen(Tar),Dry,No influence on accident,Not Applicable,MYSORE ROAD FLY OVER,NEAR BRIYAND SQUARE,1.5,0.0,0.0,0,0,0.0,0.0
Bengaluru City,Chickpet Traffic PS,1.04432e+16,2019,1,2,Road Accidents,Circle,City/Town,In bazaar,Human Error,No,Grievous Injury,Not Applicable,Controlled,Curve,Not Applicable,Bitumen(Tar),Dry,Not Applicable,Clear,SIRSI CIRCLE,SIRSI CIRCLE,2 KM,12.96128,77.559207,0,0,0.0,0.0
Bengaluru City,Chickpet Traffic PS,1.04432e+16,2019,1,1,Road Accidents,Narrow road,City/Town,In bazaar,Human Error,Yes,Simple Injury,Vehicle to Vehicle,Not Applicable,Not Applicable,Others,Bitumen(Tar),Dry,Not Applicable,Clear,GT ROAD,GT ROAD,2.5,12.9757,77.57086,0,0,0.0,0.0
Bengaluru City,Chickpet Traffic PS,1.04432e+16,2019,1,1,Not Applicable,Narrow road,City/Town,Narrow bridge or culverts,Human Error,Yes,Simple Injury,Vehicle to Vehicle,Not at  Junction,Not Applicable,Expressway,Bitumen(Tar),Dry,Not Applicable,Clear,MYSORE ROAD FLYOVER,MYSORE ROAD FLYOVER,1.5,12.96074,77.557661,0,0,0.0,0.0
Bengaluru City,Chickpet Traffic PS,1.04432e+16,2019,1,2,Road Accidents,Narrow road,City/Town,In bazaar,Human Error,Yes,Simple Injury,Vehicle to Vehicle,Not at  Junction,Not Applicable,Expressway,Bitumen(Tar),Dry,Not Applicable,Clear,MYSORE ROAD,FLYOVER,2,12.96086,77.557544,0,0,0.0,0.0
Bengaluru City,Chickpet Traffic PS,1.04432e+16,2019,1,1,Road Accidents,Narrow road,City/Town,Residential area,Human Error,Yes,Damage Only,Vehicle to Vehicle,Not Applicable,Curve,Not Applicable,Bitumen(Tar),Dry,Not Applicable,Clear,MULLAKATTAMMA TEMPLE,KB NAGAR,2.0 KM,12.95341,77.554429,0,0,0.0,0.0
Bengaluru City,Chickpet Traffic PS,1.04432e+16,2019,1,1,Road Accidents,Narrow road,City/Town,At pedestrian Crossing,Human Error,Not Applicable,Grievous Injury,Hit pedestrian,Not Applicable,Others,Major District Road,Bitumen(Tar),Dry,Not Applicable,Clear,MYSORE ROAD,VINAYAK THEATRE,1.5,12.96303,77.566518,0,0,0.0,0.0
Bengaluru City,Chickpet Traffic PS,1.04432e+16,2019,1,1,Road Accidents,Narrow road,City/Town,Narrow bridge or culverts,Human Error,No,Fatal,Not Applicable,Not Applicable,Not Applicable,Not Applicable,Bitumen(Tar),Dry,No influence on accident,Clear,MYSORE ROAD FLYOVER,MYSORE ROAD FLYOVER,1.5,12.961911,77.56299,0,0,0.0,0.0
Bengaluru City,Chickpet Traffic PS,1.04432e+16,2019,1,1,Road Accidents,Cross roads,City/Town,In bazaar,Human Error,Yes,Simple Injury,Hit pedestrian,Controlled,Others,Not Applicable,Bitumen(Tar),Dry,Not Applicable,Clear,SIRSI CIRCLE,SIRSI CIRCLE,2 KM,12.96128,77.559207,0,0,0.0,0.0
Bengaluru City,Chickpet Traffic PS,1.04432e+16,2019,1,2,Road Accidents,Cross roads,City/Town,Residential area,Human Error,No,Grievous Injury,Vehicle to Vehicle,Not Applicable,Incline,Not Applicable,Bitumen(Tar),Dry,Not Applicable,Clear,KB NAGAR,KB NAGAR,1.5,12.94374,77.558419,0,0,0.0,0.0
Bengaluru City,Chickpet Traffic PS,1.04432e+16,2019,1,1,Road Accidents,Narrow road,City/Town,Residential area,Human Error,No,Simple Injury,Hit pedestrian,Not at  Junction,Curve,Others,Bitumen(Tar),Dry,Not Applicable,Clear,CHAMRAJPET 4TH MAIN,CHAMRAJPET,1.5,12.95766,77.55938,0,0,0.0,0.0
Bengaluru City,Chickpet Traffic PS,1.04432e+16,2019,1,2,Road Accidents,Junction,City/Town,In bazaar,Human Error,No,Grievous Injury,Vehicle to Vehicle,Controlled,Curve,Expressway,Bitumen(Tar),Dry,Not Applicable,Clear,MYSORE ROAD,BB JUNCTION,2 KM,12.96001,77.56525,0,0,0.0,0.0
Bengaluru City,Chickpet Traffic PS,1.04432e+16,2019,1,2,Road Accidents,Narrow road,City/Town,Narrow bridge or culverts,Human Error,Yes,Simple Injury,Hit and Run,Not at  Junction,Not Applicable,City or Town Road,Bitumen(Tar),Dry,Not Applicable,Clear,MYSORE ROAD FLYOVER,MYSORE ROAD FLYOVER,1.5,12.961911,77.562994,0,0,0.0,0.0
Bengaluru City,Chickpet Traffic PS,1.04432e+16,2019,1,1,Road Accidents,Cross roads,City/Town,In bazaar,Human Error,Yes,Fatal,Hit and Run,No signal lights,Curve,City or Town Road,Bitumen(Tar),Not Applicable,Not Applicable,Clear,MYSORE ROAD,MYSORE ROAD,1.5,12.960832,77.557826,0,0,0.0,0.0
Bengaluru City,Chickpet Traffic PS,1.04432e+16,2019,1,2,Road Accidents,Cross roads,City/Town,In bazaar,Human Error,No,Grievous Injury,Vehicle to Vehicle,No signal lights,Others,Residential Street,Bitumen(Tar),Dry,Not Applicable,Clear,DR TCM RAYAN ROAD,DR TCM RAYON ROAD,1KM,12.9651,77.568289,0,0,0.0,0.0
Bengaluru City,Chickpet Traffic PS,1.04432e+16,2019,1,1,Road Accidents,Not Applicable,City/Town,In bazaar,Human Error,Yes,Simple Injury,Hit pedestrian,Not at  Junction,Not Applicable,Not Applicable,Bitumen(Tar),Dry,Not Applicable,Clear,MYSORE ROAD,NEAR NT PET,1.5 KM,12.96431,77.571115,0,0,0.0,0.0
Bengaluru City,Chickpet Traffic PS,1.04432e+16,2019,1,2,Road Accidents,Cross roads,City/Town,In bazaar,Human Error,Yes,Fatal,Hit and Run,Not at  Junction,Not Applicable,City or Town Road,Bitumen(Tar),Dry,Construction Work / Material,Clear,CHAMRAJPET,CHAMRAJPET,1.5,12.960388,77.564444,2,0,0.0,2.0
Bengaluru City,Chickpet Traffic PS,1.04432e+16,2019,1,2,Road Accidents,Junction,City/Town,In bazaar,Human Error,Yes,Simple Injury,Vehicle to Vehicle,Controlled,Curve and Incline,State Highway,Bitumen(Tar),Dry,Not Applicable,Clear,"BINNY MILL ROAD,",BINNIMILL ROAD,1.5,12.97062,77.566547,0,0,0.0,0.0
Bengaluru City,Chickpet Traffic PS,1.04432e+16,2019,1,1,Road Accidents,Junction,City/Town,In bazaar,Human Error,Yes,Grievous Injury,Vehicle to Vehicle,Controlled,Straight and flat,NH,Bitumen(Tar),Dry,Not Applicable,Clear,MYSORE ROAD BB JUNCTION,MYSORE ROAD,1.5,12.95961,77.555828,0,0,0.0,0.0
Bengaluru City,Chickpet Traffic PS,1.04432e+16,2019,1,1,Road Accidents,Narrow road,City/Town,In bazaar,Human Error,Yes,Grievous Injury,Hit pedestrian,Not at  Junction,Not Applicable,One way,Bitumen(Tar),Dry,Not Applicable,Clear,GOODS SHED ROAD,DR TCM ROYAN ROAD,2.5,12.97318,77.569154,0,0,0.0,0.0
Bengaluru City,Chickpet Traffic PS,1.04432e+16,2019,1,1,Road Accidents,Cross roads,City/Town,In bazaar,Human Error,Yes,Grievous Injury,Hit pedestrian,Not Applicable,Curve,Not Applicable,Bitumen(Tar),Dry,Not Applicable,Clear,POLICE ROAD,SULTAN PET CROSS,2 KM,12.967092,77.572185,0,0,0.0,0.0
Bengaluru City,Chickpet Traffic PS,1.04432e+16,2019,1,2,Road Accidents,Narrow road,City/Town,In bazaar,Human Error,No,Grievous Injury,Vehicle to Vehicle,Not at  Junction,Straight and flat,Not Applicable,Bitumen(Tar),Dry,No influence on accident,Clear,MYSORE ROAD FLYOVER,ASR ATREET,1.5,12.96382,77.568341,0,0,0.0,0.0
Bengaluru City,Chickpet Traffic PS,1.04432e+16,2019,1,2,Road Accidents,Narrow road,City/Town,In bazaar,Human Error,No,Simple Injury,Vehicle to Vehicle,Controlled,Not Applicable,Not Applicable,Bitumen(Tar),Dry,Not Applicable,Clear,MYSORE ROAD,BRIYAND SQUARE,2.0 KM,12.95957,77.55577,0,0,0.0,0.0
Bengaluru City,Chickpet Traffic PS,1.04432e+16,2020,1,3,Road Accidents,Narrow road,City/Town,Narrow bridge or culverts,Human Error,No,Damage Only,Vehicle to Vehicle,Not Applicable,Others,One way,Bitumen(Tar),Dry,No influence on accident,Clear,MYSORE ROAD,NEAR BHARTH PETROL BANK,1.5,0.0,0.0,0,0,0.0,0.0
Bengaluru City,Chickpet Traffic PS,1.04432e+16,2020,1,2,Road Accidents,Narrow road,City/Town,In bazaar,Human Error,Yes,Grievous Injury,Vehicle to Vehicle,Not at  Junction,Not Applicable,Not Applicable,Bitumen(Tar),Dry,Not Applicable,Clear,MYSORE ROAD,CHAMRAJPET,2.0 KM,12.9614,77.562031,0,0,0.0,0.0
Bengaluru City,Chickpet Traffic PS,1.04432e+16,2020,1,1,Road Accidents,Narrow road,City/Town,In bazaar,Human Error,Yes,Grievous Injury,Hit pedestrian,Not Applicable,Not Applicable,Major District Road,Bitumen(Tar),Dry,Not Applicable,Clear,BINNIMILL ROAD,BINNIMILL ROAD,2,0.0,0.0,0,0,0.0,0.0
Bengaluru City,Chickpet Traffic PS,1.04432e+16,2020,1,2,Road Accidents,Cross roads,City/Town,Residential area,Human Error,No,Simple Injury,Vehicle to Vehicle,No signal lights,Not Applicable,Not Applicable,Bitumen(Tar),Dry,Not Applicable,Clear,CHAMRAJPET 4TH MAIN,CHAMRAJPET,1.0 KM,12.95749,77.56593,0,0,0.0,0.0
Bengaluru City,Chickpet Traffic PS,1.04432e+16,2020,1,1,Road Accidents,Narrow road,City/Town,In bazaar,Human Error,No,Not Applicable,Hit animal,Not Applicable,Not Applicable,Others,Bitumen(Tar),Dry,Not Applicable,Clear,MYSORE ROAD,B B JUNCTION,2,12.9593175,77.5557018,0,0,0.0,0.0
Bengaluru City,Chickpet Traffic PS,1.04432e+16,2020,1,1,Road Accidents,Narrow road,City/Town,Near Bus stop,Human Error,Yes,Fatal,Hit pedestrian,Not Applicable,Straight and flat,One way,Bitumen(Tar),Dry,Not Applicable,Clear,G T ROAD,G T ROAD NANDINI MILK PARLOUR,2.5 KM,12.97607,77.571003,0,0,0.0,0.0
Bengaluru City,Chickpet Traffic PS,1.04432e+16,2020,1,2,Road Accidents,Cross roads,City/Town,Near Petrol Pump,Human Error,Not Applicable,Simple Injury,Vehicle to Vehicle,Not Applicable,Straight and flat,Minor District Road,Bitumen(Tar),Dry,Not Applicable,Clear,"NAYARA PETROL BUNK NEAR ,9TH CROSS CHAMARAJPET",NAYARA PETROL BUNK NEAR  9TH CROSS CHAMARAJPET,2,12.957321,77.55926,0,0,0.0,0.0
Bengaluru City,Chickpet Traffic PS,1.04432e+16,2020,1,2,Road Accidents,Narrow road,City/Town,Near or inside a village,Human Error,No,Grievous Injury,Vehicle to Vehicle,No signal lights,Others,Others,Bitumen(Tar),Others,Not Applicable,Fine,BINNINILL ROAD,BINNIMILL,2,12.96879,77.568073,0,1,0.0,1.0
Bengaluru City,Chickpet Traffic PS,1.04432e+16,2020,1,1,Road Accidents,Narrow road,City/Town,In bazaar,Human Error,No,Grievous Injury,Hit pedestrian,No signal lights,Others,One way,Bitumen(Tar),Dry,Not Applicable,Clear,MYSORE ROAD,OPP PETROL BANK,1,0.0,0.0,0,0,0.0,0.0
Bengaluru City,Chickpet Traffic PS,1.04432e+16,2020,1,1,Road Accidents,Cross roads,City/Town,In bazaar,Human Error,No,Simple Injury,Hit pedestrian,Controlled,Not Applicable,Not Applicable,Bitumen(Tar),Dry,Not Applicable,Clear,BB JUNCTION,BB JUNCTION,2 KM,0.0,0.0,0,0,0.0,0.0
Bengaluru City,Chickpet Traffic PS,1.04432e+16,2020,1,2,Rail Road Accidents,Narrow road,City/Town,Near office complex,Human Error,No,Damage Only,Vehicle to Vehicle,Not Applicable,Curve,Not Applicable,Bitumen(Tar),Dry,Not Applicable,Clear,MYSORE ROAD FLY OVER,MYSORE ROAD FLY OVER,2,0.0,0.0,0,0,0.0,0.0
Bengaluru City,Chickpet Traffic PS,1.04432e+16,2020,1,2,Road Accidents,Narrow road,City/Town,Near office complex,Human Error,No,Fatal,Vehicle to Vehicle,Not Applicable,Not Applicable,Others,Bitumen(Tar),Dry,Not Applicable,Clear,MYSORE ROAD FLY OVER,CHAMRAJPET,2,0.0,0.0,0,0,0.0,0.0
Bengaluru City,Chickpet Traffic PS,1.04432e+16,2020,1,1,Not Applicable,Narrow road,City/Town,In bazaar,Human Error,No,Simple Injury,Not Applicable,Not Applicable,Not Applicable,Residential Street,Bitumen(Tar),Dry,Not Applicable,Clear,BINNIMILL ROAD,BINNIMILL ROAD,2,0.0,0.0,0,0,0.0,0.0
Bengaluru City,Chickpet Traffic PS,1.04432e+16,2020,1,1,Road Accidents,Cross roads,City/Town,In bazaar,Human Error,No,Grievous Injury,Not Applicable,Signal lights Blinking,Curve and Incline,Not Applicable,Bitumen(Tar),Dry,Not Applicable,Clear,BINNIMIL CIRCLE,BINNIMILL ROAD,2.5 KM,12.9706,77.566497,0,0,0.0,0.0
Bengaluru City,Chickpet Traffic PS,1.04432e+16,2020,1,4,Road Accidents,Circle,City/Town,In bazaar,Human Error,No,Damage Only,Vehicle to Vehicle,Controlled,Not Applicable,Expressway,Bitumen(Tar),Dry,Not Applicable,Clear,MYSORE ROAD,CHAMRAJPET,2.5 KM,0.0,0.0,0,0,0.0,0.0
Bengaluru City,Chickpet Traffic PS,1.04432e+16,2020,1,1,Road Accidents,Cross roads,City/Town,In bazaar,Human Error,No,Simple Injury,Hit pedestrian,Uncontrolled,Others,One way,Bitumen(Tar),Dry,Not Applicable,Clear,OTC ROAD,muslim darga,1.5,0.0,0.0,0,0,0.0,0.0
Bengaluru City,Chickpet Traffic PS,1.04432e+16,2020,1,1,Road Accidents,Narrow road,City/Town,Residential area,Human Error,No,Simple Injury,Vehicle to Vehicle,Uncontrolled,Straight and flat,One way,Surfaced,Dry,Not Applicable,Fine,GODS SHED ROAD,HOTEL SREE TIRUMAL PARADAIS,2,12.97234,77.568857,0,0,,
Bengaluru City,Chickpet Traffic PS,1.04432e+16,2020,1,1,Road Accidents,Narrow road,City/Town,Near Bus stop,Human Error,Yes,Simple Injury,Hit pedestrian,Not Applicable,Not Applicable,One way,Bitumen(Tar),Dry,Not Applicable,Clear,GOODS SHED ROAD,GOODS SHED ROAD,2,12.96878,77.56808,0,0,0.0,0.0
Bengaluru City,Chickpet Traffic PS,1.04432e+16,2020,1,1,Road Accidents,Narrow road,City/Town,Near a religious place,Human Error,No,Fatal,Hit pedestrian,Not Applicable,Not Applicable,One way,Bitumen(Tar),Dry,Not Applicable,Clear,GOODS SHED ROAD,OPP TO AYYAPPA TEMPLE,1,12.96707,77.568117,0,0,0.0,0.0
Bengaluru City,Chickpet Traffic PS,1.04432e+16,2020,1,2,Road Accidents,Junction,City/Town,Near a religious place,Human Error,No,Simple Injury,Vehicle to Vehicle,Police / Manual,Others,Two way,Bitumen(Tar),Ditch or Potholed,Not Applicable,Clear,BINNIMILL,BINNIMILL,1,12.96879,77.56807,0,5,0.0,5.0
Bengaluru City,Chickpet Traffic PS,1.04432e+16,2020,1,1,Road Accidents,Narrow road,City/Town,In bazaar,Human Error,No,Fatal,Hit pedestrian,Not at  Junction,Not Applicable,Others,Bitumen(Tar),Dry,Not Applicable,Clear,MYSORE ROAD,CHAMRAJPET,2 KM,12.964312,77.570904,0,0,0.0,0.0
Bengaluru City,Chickpet Traffic PS,1.04432e+16,2020,1,2,Road Accidents,Junction,City/Town,In bazaar,Human Error,No,Grievous Injury,Hit pedestrian,Controlled,Curve,Not Applicable,Bitumen(Tar),Dry,Not Applicable,Clear,CHAMRAJPET,CHAMRAJPET,2,0.0,0.0,0,0,0.0,0.0
Bengaluru City,Chickpet Traffic PS,1.04432e+16,2020,1,2,Road Accidents,Narrow road,City/Town,Narrow bridge or culverts,Human Error,Yes,Grievous Injury,Vehicle to Vehicle,Not Applicable,Not Applicable,Expressway,Bitumen(Tar),Dry,Not Applicable,Clear,MYSORE ROAD FLY OVER,chamarajpet,1.5,12.96195,77.56337,0,0,0.0,0.0
Bengaluru City,Chickpet Traffic PS,1.04432e+16,2020,1,1,Road Accidents,Junction,City/Town,In bazaar,Human Error,No,Grievous Injury,Hit pedestrian,Controlled,Not Applicable,Expressway,Bitumen(Tar),Dry,Not Applicable,Clear,MYSORE ROAD,TOLL GATE,2.0 KM,0.0,0.0,0,0,0.0,0.0
Bengaluru City,Chickpet Traffic PS,1.04432e+16,2020,1,1,Road Accidents,Cross roads,City/Town,In bazaar,Human Error,No,Grievous Injury,Not Applicable,Not Applicable,Hump,Not Applicable,Bitumen(Tar),Dry,Not Applicable,Clear,"2ND MAIN ,2ND CROSS",batashoroom,1.5,0.0,0.0,0,0,0.0,0.0
Bengaluru City,Chickpet Traffic PS,1.04432e+16,2020,1,1,Road Accidents,Narrow road,City/Town,At pedestrian Crossing,Human Error,Yes,Fatal,Hit pedestrian,Police / Manual,Others,One way,Bitumen(Tar),Others,No influence on accident,Clear,BINNINILL ROAD,BINNIMILL,1,12.96878,77.568083,0,1,0.0,1.0
Bengaluru City,Chickpet Traffic PS,1.04432e+16,2020,1,2,Not Applicable,Narrow road,City/Town,In bazaar,Human Error,Yes,Simple Injury,Vehicle to Vehicle,Uncontrolled,Hump,Two way,Bitumen(Tar),Dry,No influence on accident,Fine,CHAMRAJPET 2ND MAIN,chamarajpet 8cross,3,0.0,0.0,0,0,0.0,0.0
Bengaluru City,Chickpet Traffic PS,1.04432e+16,2020,1,2,Road Accidents,Narrow road,City/Town,Near a religious place,Human Error,No,Grievous Injury,Vehicle to Vehicle,Signal lights Blinking,Others,Not Applicable,Bitumen(Tar),Dry,Not Applicable,Clear,BINNIMILL ROAD,BINNIMIL CIRCLE,2,0.0,0.0,0,0,0.0,0.0
Bengaluru City,Chickpet Traffic PS,1.04432e+16,2020,1,1,Road Accidents,Narrow road,City/Town,In bazaar,Human Error,Yes,Grievous Injury,Hit pedestrian,Not Applicable,Not Applicable,Major District Road,Bitumen(Tar),Dry,No influence on accident,Clear,BINNINILL ROAD,PETROL BUNK NEAR BINNIMILL ROAD,2,12.9653613,77.562863,0,0,0.0,0.0
Bengaluru City,Chickpet Traffic PS,1.04432e+16,2020,1,1,Road Accidents,Junction,City/Town,Residential area,Human Error,No,Simple Injury,Hit pedestrian,Not Applicable,Curve,Residential Street,Bitumen(Tar),Dry,Not Applicable,Clear,CHAMRAJPET 2ND MAIN,CHAMRAJPET,1.0 KM,12.95995,77.565839,0,0,0.0,0.0
Bengaluru City,Chickpet Traffic PS,1.04432e+16,2020,1,2,Road Accidents,Narrow road,City/Town,In bazaar,Human Error,No,Grievous Injury,Vehicle to Vehicle,Not at  Junction,Not Applicable,Not Applicable,Bitumen(Tar),Dry,Not Applicable,Clear,MYSORE ROAD,MYSORE ROAD,2 KM,0.0,0.0,0,0,0.0,0.0
Bengaluru City,Chickpet Traffic PS,1.04432e+16,2020,1,1,Road Accidents,Cross roads,City/Town,Residential area,Human Error,No,Grievous Injury,Hit pedestrian,Not at  Junction,Others,Others,Bitumen(Tar),Dry,Not Applicable,Clear,CHAMRAJPET 3RD MAIN,CHAMRAJPET,1.5,12.95876,77.566764,0,0,0.0,0.0
Bengaluru City,Chickpet Traffic PS,1.04432e+16,2020,1,1,Road Accidents,Cross roads,City/Town,Residential area,Human Error,Yes,Grievous Injury,Hit bicyclist,Not Applicable,Not Applicable,Residential Street,Bitumen(Tar),Dry,Not Applicable,Clear,CHAMRAJPET 2ND MAIN,CHAMRAJPET,1.5,12.95944,77.562128,0,0,0.0,0.0