DISTRICTNAME,UNITNAME,Crime_No,Year,RI,Noofvehicle_involved,Accident_Classification,Accident_Spot,Accident_Location,Accident_SubLocation,Main_Cause,Hit_Run,Severity,Collision_Type,Junction_Control,Road_Character,Road_Type,Surface_Type,Surface_Condition,Road_Condition,Weather,Accident_Road,Landmark_first,Distance_LandMark_First,Latitude,Longitude,Road_Condition_Score,Surface_Condition_Score,Surface_Type_Score,Road_Risk_Index
Bengaluru City,Chickpet Traffic PS,1.04432e+16,2020,1,2,Road Accidents,Cross roads,City/Town,In bazaar,Human Error,No,Grievous Injury,Not Applicable,Not Applicable,Straight and flat,Others,Bitumen(Tar),Dry,Not Applicable,Clear,5TH MAIN ROAD 9TH CROSS CHAMARAJPETE,5 TH MAIN ROAD 9TH CROSS CHAMARAJPETE,2,12.95697,77.559255,0,0,0.0,0.0
Bengaluru City,Chickpet Traffic PS,1.04432e+16,2020,1,1,Road Accidents,Cross roads,City/Town,Near a religious place,Human Error,No,Simple Injury,Hit pedestrian,Signals (Working),Curve,NH,Bitumen(Tar),Dry,Not Applicable,Clear,MYSORE ROAD,BRIYAND SQUARE,1,12.96414,77.569785,0,0,0.0,0.0
Bengaluru City,Chickpet Traffic PS,1.04432e+16,2020,1,2,Road Accidents,Cross roads,City/Town,In bazaar,Human Error,No,Grievous Injury,Vehicle to Vehicle,Not Applicable,Not Applicable,Not Applicable,Bitumen(Tar),Dry,Not Applicable,Clear,CHAMRAJPET 1ST  MAIN,CHAMRAJPET,1.0 KM,12.96027,77.56073,0,0,0.0,0.0
Bengaluru City,Chickpet Traffic PS,1.04432e+16,2021,1,2,Road Accidents,Circle,City/Town,Residential area,Human Error,No,Simple Injury,Vehicle to Vehicle,Controlled,Incline,Minor District Road,Bitumen(Tar),Dry,No influence on accident,Clear,THANK BAND ROAD,BALEKAYI MANDI,2,0.0,0.0,0,0,0.0,0.0
Bengaluru City,Chickpet Traffic PS,1.04432e+16,2021,1,2,Rail Road Accidents,Narrow road,City/Town,Residential area,Human Error,No,Simple Injury,Vehicle to Vehicle,No signal lights,Others,Others,Bitumen(Tar),Dry,No influence on accident,Clear,MULLAKATTAMMA RAOD,JINKE PARK,2,0.0,0.0,0,0,0.0,0.0
Bengaluru City,Chickpet Traffic PS,1.04432e+16,2021,1,2,Road Accidents,Circle,City/Town,In bazaar,Human Error,No,Simple Injury,Vehicle to Vehicle,Signals (Working),Incline,Others,Bitumen(Tar),Dry,Not Applicable,Clear,BRIYAN SQUER,MYSORE ROAD,1.5,0.0,0.0,0,0,0.0,0.0
Bengaluru City,Chickpet Traffic PS,1.04432e+16,2021,1,2,Rail Road Accidents,Narrow road,City/Town,Narrow bridge or culverts,Human Error,No,Simple Injury,Vehicle to Vehicle,Give way sign,Others,Minor District Road,Bitumen(Tar),Dry,No influence on accident,Clear,MYSORE ROAD FLYOVER,MYSORE ROAD FLYOVER,1,0.0,0.0,0,0,0.0,0.0
Bengaluru City,Chickpet Traffic PS,1.04432e+16,2021,1,2,Road Accidents,Narrow road,City/Town,Narrow bridge or culverts,Human Error,No,Fatal,Vehicle to Vehicle,Uncontrolled,Others,NH,Bitumen(Tar),Dry,Not Applicable,Clear,MYSORE ROAD FLY OVER,MYSORE ROAD FLY OVER,1.5,0.0,0.0,0,0,0.0,0.0
Bengaluru City,Chickpet Traffic PS,1.04432e+16,2021,1,2,Road Accidents,Cross roads,City/Town,In bazaar,Human Error,No,Grievous Injury,Vehicle to Vehicle,Not at  Junction,Not Applicable,One way,Bitumen(Tar),Dry,Not Applicable,Clear,COTTONPET MAIN ROAD,COTTON PET MAIN ROAD,2,0.0,0.0,0,0,0.0,0.0
Bengaluru City,Chickpet Traffic PS,1.04432e+16,2021,1,1,Road Accidents,Narrow road,City/Town,Residential area,Human Error,No,Damage Only,Not Applicable,No signal lights,Incline,Residential Street,Bitumen(Tar),Dry,No influence on accident,Clear,sirsi circle,MYSORE ROAD,1,0.0,0.0,0,0,0.0,0.0
Bengaluru City,Chickpet Traffic PS,1.04432e+16,2021,1,2,Not Applicable,Junction,City/Town,Residential area,Human Error,Yes,Damage Only,Vehicle to Vehicle,Controlled,Curve,Minor District Road,Bitumen(Tar),Dry,Not Applicable,Clear,sangoli rayanna circle,kode circle,1.5,0.0,0.0,0,0,0.0,0.0
Bengaluru City,Chickpet Traffic PS,1.04432e+16,2021,1,1,Road Accidents,Circle,City/Town,In bazaar,Human Error,No,Simple Injury,Hit pedestrian,Uncontrolled,Hump,Others,Bitumen(Tar),Dry,No influence on accident,Clear,CHAMARAJPET 8TH CROSS,CHAMARAJPET,1,0.0,0.0,0,0,0.0,0.0
Bengaluru City,Chickpet Traffic PS,1.04432e+16,2021,1,2,Road Accidents,Curves,City/Town,In bazaar,Human Error,No,Simple Injury,Vehicle to Vehicle,Controlled,Others,Major District Road,Bitumen(Tar),Others,No influence on accident,Clear,GOODS SHED ROAD,GOODS SHED ROAD,2,0.0,0.0,0,1,0.0,1.0
Bengaluru City,Chickpet Traffic PS,1.04432e+16,2021,1,2,Road Accidents,Cross roads,City/Town,Residential area,Human Error,No,Grievous Injury,Vehicle to Vehicle,Controlled,Curve,Others,Bitumen(Tar),Dry,No influence on accident,Clear,8th cross chamarajpet,GAYATFRI TEAMPLE,100MT,0.0,0.0,0,0,0.0,0.0
Bengaluru City,Chickpet Traffic PS,1.04432e+16,2021,1,2,Road Accidents,Narrow road,City/Town,In bazaar,Human Error,No,Simple Injury,Vehicle to Vehicle,Give way sign,Curve and Incline,Minor District Road,Bitumen(Tar),Others,No influence on accident,Clear,kode circle under pass,RAILWAY OUTSIDE GATE,2,0.0,0.0,0,1,0.0,1.0
Bengaluru City,Chickpet Traffic PS,1.04432e+16,2021,1,2,Road Accidents,Cross roads,City/Town,In bazaar,Human Error,No,Grievous Injury,Vehicle to Vehicle,Not Applicable,Not Applicable,Others,Bitumen(Tar),Dry,No influence on accident,Clear,CHAMRAJPET 9TH CROSS,CHAMRAJPET 9TH CROSS,2,0.0,0.0,0,0,0.0,0.0
Bengaluru City,Chickpet Traffic PS,1.04432e+16,2021,1,2,Rail Road Accidents,Circle,City/Town,Narrow bridge or culverts,Human Error,Yes,Grievous Injury,Vehicle to Vehicle,Controlled,Others,NH,Bitumen(Tar),Dry,Not Applicable,Clear,SIRSI CERCLE,MYSORE ROAD FLY OVER,1.5,0.0,0.0,0,0,0.0,0.0
Bengaluru City,Chickpet Traffic PS,1.04432e+16,2021,1,2,Road Accidents,Curves,City/Town,In bazaar,Human Error,No,Simple Injury,Vehicle to Vehicle,Give way sign,Curve,One way,Bitumen(Tar),Dry,No influence on accident,Clear,GT ROAD,MAJESTIC BUS STOP,100MT,0.0,0.0,0,0,0.0,0.0
Bengaluru City,Chickpet Traffic PS,1.04432e+16,2021,1,2,Other Railway Accidents,Circle,City/Town,In bazaar,Human Error,No,Fatal,Vehicle to Vehicle,Controlled,Others,Minor District Road,Concrete,Dry,No influence on accident,Clear,B B junction,B B JUNCTION,2,0.0,0.0,0,0,0.0,0.0
Bengaluru City,Chickpet Traffic PS,1.04432e+16,2021,1,2,Road Accidents,Narrow road,City/Town,Residential area,Human Error,No,Grievous Injury,Vehicle to Vehicle,No signal lights,Others,Others,Bitumen(Tar),Dry,Not Applicable,Clear,2nd main chamarajpet,janJANATA UNIVERSITY,1,0.0,0.0,0,0,0.0,0.0
Bengaluru City,Chickpet Traffic PS,1.04432e+16,2021,1,1,Road Accidents,Narrow road,City/Town,In bazaar,Human Error,No,Simple Injury,Hit pedestrian,Not at  Junction,Others,Others,Bitumen(Tar),Dry,No influence on accident,Clear,COTTONPET ROAD,COTTONPET ROAD,1.5 KM,0.0,0.0,0,0,0.0,0.0
Bengaluru City,Chickpet Traffic PS,1.04432e+16,2021,1,2,Road Accidents,Narrow road,City/Town,Narrow bridge or culverts,Human Error,Yes,Simple Injury,Vehicle to Vehicle,No signal lights,Straight and flat,NH,Bitumen(Tar),Dry,No influence on accident,Clear,MYSORE ROAD FLY OVER,MYSORE ROAD FLY OVER,2,0.0,0.0,0,0,0.0,0.0
Bengaluru City,Chickpet Traffic PS,1.04432e+16,2021,1,2,Road Accidents,Curves,City/Town,Residential area,Human Error,No,Simple Injury,Vehicle to Vehicle,Not at  Junction,Not Applicable,Others,Bitumen(Tar),Ditch or Potholed,No influence on accident,Clear,chamaraja pet,charajpet ps,0.5,0.0,0.0,0,5,0.0,5.0
Bengaluru City,Chickpet Traffic PS,1.04432e+16,2021,1,2,Road Accidents,Circle,City/Town,Near a factory industrial area,Human Error,No,Damage Only,Vehicle to Vehicle,Controlled,Curve,Minor District Road,Bitumen(Tar),Dry,Not Applicable,Clear,SANGOLLI RAYANA CIRCLE,G T ROAD,2,0.0,0.0,0,0,0.0,0.0
Bengaluru City,Chickpet Traffic PS,1.04432e+16,2021,1,1,Not Applicable,Bottleneck,City/Town,Residential area,Human Error,No,Not Applicable,Not Applicable,No signal lights,Incline,Others,Bitumen(Tar),Dry,Construction Work / Material,Clear,CHAMARAJPET,4THY MAIN CHAMRAJPET,2,0.0,0.0,2,0,0.0,2.0
Bengaluru City,Chickpet Traffic PS,1.04432e+16,2021,1,2,Road Accidents,Cross roads,City/Town,In bazaar,Human Error,No,Simple Injury,Vehicle to Vehicle,Give way sign,Curve and Incline,Mixed,Bitumen(Tar),Dry,Not Applicable,Clear,CHAMRAJPET,CHAMRAJPET 1,2,0.0,0.0,0,0,0.0,0.0
Bengaluru City,Chickpet Traffic PS,1.04432e+16,2021,1,2,Road Accidents,Narrow road,City/Town,In bazaar,Human Error,No,Fatal,Vehicle to Vehicle,Police / Manual,Others,Residential Street,Bitumen(Tar),Dry,No influence on accident,Cloudy,TANK BOND ROAD,SIRSI CIRCLE,0.3,0.0,0.0,0,0,0.0,0.0
Bengaluru City,Chickpet Traffic PS,1.04432e+16,2021,1,3,Not Applicable,Junction,City/Town,In bazaar,Human Error,No,Simple Injury,Vehicle to Vehicle,Police / Manual,Others,Mixed,Bitumen(Tar),Dry,Not Applicable,Clear,4 TH MAIN 3RD CROSS CHAMARAJAPET,BAZAR SHTEET,0.5 KM,0.0,0.0,0,0,0.0,0.0
Bengaluru City,Chickpet Traffic PS,1.04432e+16,2021,1,2,Road Accidents,Narrow road,City/Town,Narrow bridge or culverts,Human Error,Yes,Simple Injury,Vehicle to Vehicle,Controlled,Incline,NH,Bitumen(Tar),Dry,No influence on accident,Clear,MYSORE ROAD FLY OVER,MYSORE ROAD FLY OVER,1.5,0.0,0.0,0,0,0.0,0.0
Bengaluru City,Chickpet Traffic PS,1.04432e+16,2021,1,1,Road Accidents,Narrow road,City/Town,Near Hospital,Human Error,Not Applicable,Simple Injury,Vehicle to Vehicle,Uncontrolled,Others,Two way,Bitumen(Tar),Dry,No influence on accident,Clear,CHAMARAJPET 8TH CROSS,MYSORE ROAD FLY OVER,1,0.0,0.0,0,0,0.0,0.0
Bengaluru City,Chickpet Traffic PS,1.04432e+16,2021,1,1,Rail Road Accidents,Cross roads,City/Town,In bazaar,Human Error,No,Fatal,Hit pedestrian,Controlled,Gentle Incline or Climb,One way,Bitumen(Tar),Dry,No influence on accident,Light Rain,9th cross road,SIRSI CIRCLE,100MT,0.0,0.0,0,0,0.0,0.0
Bengaluru City,Chickpet Traffic PS,1.04432e+16,2021,1,2,Road Accidents,Circle,City/Town,In bazaar,Human Error,No,Fatal,Vehicle to Vehicle,Controlled,Curve,Major District Road,Bitumen(Tar),Dry,Construction Work / Material,Clear,GT ROAD,KODE CIRCLE,3,12.98011,77.5711,2,0,0.0,2.0
Bengaluru City,Chickpet Traffic PS,1.04432e+16,2022,1,2,Road Accidents,Junction,City/Town,Open area,Human Error,Not Applicable,Simple Injury,Vehicle to Vehicle,Controlled,Not Applicable,Major District Road,Concrete,Ditch or Potholed,Not Applicable,Not Applicable,MYSORE ROAD BB JUNCTION,MYSORE ROAD B B JUNCTION,2,0.0,0.0,0,5,0.0,5.0
Bengaluru City,Chickpet Traffic PS,1.04432e+16,2022,1,2,Not Applicable,Circle,City/Town,Residential area,Human Error,Not Applicable,Damage Only,Vehicle to Vehicle,Controlled,Not Applicable,Minor District Road,Bitumen(Tar),Dry,Not Applicable,Fine,GT ROAD,GT ROAD,2,0.0,0.0,0,0,0.0,0.0
Bengaluru City,Chickpet Traffic PS,1.04432e+16,2022,1,2,Road Accidents,Circle,City/Town,In bazaar,Human Error,No,Damage Only,Vehicle to Vehicle,Controlled,Curve and Incline,Major District Road,Bitumen(Tar),Dry,No influence on accident,Clear,SIRSI CIRCLE,MYSORE ROAD FLY OVER,1.00km,0.0,0.0,0,0,0.0,0.0
Bengaluru City,Chickpet Traffic PS,1.04432e+16,2022,1,2,Road Accidents,Narrow road,City/Town,In bazaar,Not Applicable,Not Applicable,Simple Injury,Not Applicable,Not Applicable,Straight and flat,Two way,Bitumen(Tar),Others,Not Applicable,Others,ROAD,TAR ROAD,0.5,0.0,0.0,0,1,0.0,1.0
Bengaluru City,Chickpet Traffic PS,1.04432e+16,2022,1,2,Road Accidents,Junction,City/Town,In bazaar,Human Error,No,Grievous Injury,Vehicle to Vehicle,Controlled,Not Applicable,Expressway,Concrete,Dry,Not Applicable,Clear,MYSORE ROAD,BB JUNCTION,2,0.0,0.0,0,0,0.0,0.0
Bengaluru City,Chickpet Traffic PS,1.04432e+16,2022,1,1,Road Accidents,Cross roads,City/Town,In bazaar,Human Error,No,Grievous Injury,Not Applicable,No signal lights,Curve,Others,Bitumen(Tar),Dry,No influence on accident,Clear,CHAMRAJPET,4TH MAIN,1.00km,0.0,0.0,0,0,0.0,0.0
Bengaluru City,Chickpet Traffic PS,1.04432e+16,2022,1,1,Road Accidents,Narrow road,City/Town,In bazaar,Human Error,No,Simple Injury,Hit pedestrian,Not at  Junction,Hump,Residential Street,Bitumen(Tar),Dry,No influence on accident,Clear,KASTURABHA NAGARA,MYSORE ROAD,2,0.0,0.0,0,0,0.0,0.0
Bengaluru City,Chickpet Traffic PS,1.04432e+16,2022,1,1,Road Accidents,Not Applicable,City/Town,Near Petrol Pump,Human Error,No,Simple Injury,Not Applicable,Uncontrolled,Not Applicable,Not Applicable,Bitumen(Tar),Dry,No influence on accident,Cloudy,MYSORE ROAD FLY OVER,MYSORE ROAD FLY OVER,2,0.0,0.0,0,0,0.0,0.0
Bengaluru City,Chickpet Traffic PS,1.04432e+16,2022,1,1,Not Applicable,Cross roads,City/Town,Near office complex,Human Error,Not Applicable,Grievous Injury,Not Applicable,Not at  Junction,Curve,Others,Concrete,Dry,Not Applicable,Clear,GOODS SHED ROAD,GOODS SHED ROAD,2,0.0,0.0,0,0,0.0,0.0
Bengaluru City,Chickpet Traffic PS,1.04432e+16,2022,1,2,Road Accidents,Cross roads,City/Town,In bazaar,Human Error,No,Grievous Injury,Vehicle to Vehicle,No signal lights,Curve,Others,Bitumen(Tar),Dry,No influence on accident,Clear,CHAMRAJPET,bajar srteet,1.00km,0.0,0.0,0,0,0.0,0.0
Bengaluru City,Chickpet Traffic PS,1.04432e+16,2022,1,2,Road Accidents,Narrow road,City/Town,In bazaar,Human Error,Not Applicable,Grievous Injury,Vehicle to Vehicle,Uncontrolled,Straight and flat,One way,Bitumen(Tar),Dry,Not Applicable,Clear,MYSORE ROAD FLY OVER,MYSORE ROAD FLY OVER,0.6 KM,0.0,0.0,0,0,0.0,0.0
Bengaluru City,Chickpet Traffic PS,1.04432e+16,2022,1,2,Not Applicable,Junction,City/Town,Near Petrol Pump,Human Error,Not Applicable,Grievous Injury,Vehicle to Vehicle,Controlled,Not Applicable,Major District Road,Concrete,Dry,Not Applicable,Clear,MYSORE ROAD NEAR BB JUNCTION,MYSORE ROAD,2,0.0,0.0,0,0,0.0,0.0
Bengaluru City,Chickpet Traffic PS,1.04432e+16,2022,1,2,Road Accidents,Circle,City/Town,In bazaar,Human Error,Yes,Grievous Injury,Vehicle to Vehicle,Controlled,Incline,Minor District Road,Bitumen(Tar),Dry,No influence on accident,Clear,MYSORE ROAD,MYSORE ROAD tollgate,2,0.0,0.0,0,0,0.0,0.0
Bengaluru City,Chickpet Traffic PS,1.04432e+16,2022,1,2,Road Accidents,Narrow road,City/Town,In bazaar,Human Error,Yes,Simple Injury,Vehicle to Vehicle,No signal lights,Incline,Major District Road,Bitumen(Tar),Dry,No influence on accident,Clear,TANK BUND ROAD,BINNIMILL CIRCLE,2,0.0,0.0,0,0,0.0,0.0
Bengaluru City,Chickpet Traffic PS,1.04432e+16,2022,1,2,Road Accidents,Narrow road,City/Town,In bazaar,Human Error,No,Simple Injury,Vehicle to Vehicle,No signal lights,Incline,Major District Road,Bitumen(Tar),Dry,No influence on accident,Clear,MYSORE,FIRE ENGINE,1.5KM,0.0,0.0,0,0,0.0,0.0
Bengaluru City,Chickpet Traffic PS,1.04432e+16,2022,1,3,Not Applicable,Junction,City/Town,In bazaar,Human Error,No,Damage Only,Vehicle to Vehicle,Controlled,Not Applicable,NH,Bitumen(Tar),Dry,Construction Work / Material,Clear,MYSORE ROAD FLY OVER,MYSORE ROAD FLY OVER,2,0.0,0.0,2,0,0.0,2.0
Bengaluru City,Chickpet Traffic PS,1.04432e+16,2022,1,2,Road Accidents,Junction,City/Town,In bazaar,Human Error,Yes,Damage Only,Vehicle to Vehicle,Controlled,Straight and flat,Others,Bitumen(Tar),Dry,Not Applicable,Others,SHANTALA JUNCTION,SHANTALA JUNCTION,2KMS,0.0,0.0,0,0,0.0,0.0
Bengaluru City,Chickpet Traffic PS,1.04432e+16,2022,1,2,Road Accidents,Cross roads,City/Town,Residential area,Human Error,Not Applicable,Grievous Injury,Vehicle to Vehicle,Uncontrolled,Not Applicable,Minor District Road,Concrete,Dry,Not Applicable,Clear,GOODS SHED ROAD,GOODS SHED ROAD,2,0.0,0.0,0,0,0.0,0.0
Bengaluru City,Chickpet Traffic PS,1.04432e+16,2022,1,1,Road Accidents,Narrow road,City/Town,In bazaar,Human Error,No,Fatal,Not Applicable,Uncontrolled,Curve,Minor District Road,Concrete,Dry,Not Applicable,Clear,COTTONPETE MAIN ROAD,COTTONPETE MAIN ROAD,2,0.0,0.0,0,0,0.0,0.0
Bengaluru City,Chickpet Traffic PS,1.04432e+16,2022,1,1,Road Accidents,Narrow road,City/Town,Near office complex,Human Error,No,Fatal,Hit pedestrian,No signal lights,Not Applicable,Others,Bitumen(Tar),Dry,Not Applicable,Clear,BINNY MILL ROAD,NEAR SHOPPING COMPLEX,1.6 KM,0.0,0.0,0,0,0.0,0.0
Bengaluru City,Chickpet Traffic PS,1.04432e+16,2022,1,1,Road Accidents,Narrow road,City/Town,In bazaar,Human Error,No,Simple Injury,Hit pedestrian,No signal lights,Incline,Minor District Road,Bitumen(Tar),Dry,No influence on accident,Clear,tank bund road,JJR NAGARA JUNCTION,2,0.0,0.0,0,0,0.0,0.0
Bengaluru City,Chickpet Traffic PS,1.04432e+16,2022,1,2,Not Applicable,Cross roads,City/Town,Near office complex,Human Error,No,Simple Injury,Vehicle to Vehicle,Uncontrolled,Not Applicable,Others,Bitumen(Tar),Dry,Not Applicable,Clear,AZAD NAGAR 1ST CROSS,AZAD NAGAR 8TH CROSS,2,12.958712,77.556768,0,0,0.0,0.0
Bengaluru City,Chickpet Traffic PS,1.04432e+16,2022,1,1,Road Accidents,Not Applicable,City/Town,Residential area,Human Error,Not Applicable,Grievous Injury,Not Applicable,Uncontrolled,Straight and flat,Major District Road,Concrete,Dry,Not Applicable,Clear,MYSORE ROAD B B JUNCTION DOWN RAMP,B B JUNCTION DOWN RAMP,2,0.0,0.0,0,0,0.0,0.0
Bengaluru City,Chickpet Traffic PS,1.04432e+16,2022,1,2,Not Applicable,Junction,City/Town,Near Bus stop,Human Error,Not Applicable,Grievous Injury,Vehicle to Vehicle,Controlled,Not Applicable,Major District Road,Concrete,Dry,Not Applicable,Not Applicable,MYSORE ROAD,MYSORE ROAD,2,0.0,0.0,0,0,0.0,0.0
Bengaluru City,Chickpet Traffic PS,1.04432e+16,2022,1,1,Road Accidents,Narrow road,City/Town,In bazaar,Human Error,No,Grievous Injury,Hit pedestrian,Not at  Junction,Not Applicable,NH,Bitumen(Tar),Dry,Not Applicable,Clear,MYSORE ROAD,MYSORE ROAD,2,0.0,0.0,0,0,0.0,0.0
Bengaluru City,Chickpet Traffic PS,1.04432e+16,2022,1,1,Not Applicable,Bottleneck,City/Town,In bazaar,Human Error,No,Grievous Injury,Hit pedestrian,Controlled,Curve and Incline,Major District Road,Bitumen(Tar),Dry,No influence on accident,Clear,SHANTHALA CIRCLE,GT ROAD,1,0.0,0.0,0,0,0.0,0.0
Bengaluru City,Chickpet Traffic PS,1.04432e+16,2022,1,2,Road Accidents,Narrow road,City/Town,Near Petrol Pump,Human Error,Yes,Simple Injury,Vehicle to Vehicle,Uncontrolled,Incline,Major District Road,Bitumen(Tar),Dry,Not Applicable,Clear,MYSORE ROAD BB DOWN RAMP,MYSORE ROAD BB DOWN RAMP,2,0.0,0.0,0,0,0.0,0.0
Bengaluru City,Chickpet Traffic PS,1.04432e+16,2022,1,2,Road Accidents,Not Applicable,City/Town,Residential area,Human Error,No,Damage Only,Vehicle to Vehicle,Not at  Junction,Straight and flat,Major District Road,Bitumen(Tar),Dry,Not Applicable,Fine,MYSORE ROAD,MYSORE ROAD,2,0.0,0.0,0,0,0.0,0.0
Bengaluru City,Chickpet Traffic PS,1.04432e+16,2022,1,2,Road Accidents,Cross roads,City/Town,Residential area,Not Applicable,No,Damage Only,Vehicle to Vehicle,Uncontrolled,Straight and flat,Others,Bitumen(Tar),Wet,Not Applicable,Light Rain,8TH CROSS,8TH CROSS,0.8,12.96112925,77.5606342,0,3,0.0,3.0
Bengaluru City,Chickpet Traffic PS,1.04432e+16,2022,1,1,Road Accidents,Circle,City/Town,In bazaar,Not Applicable,Not Applicable,Grievous Injury,Hit pedestrian,Controlled,Slight Curve,Minor District Road,Bitumen(Tar),Dry,Not Applicable,Clear,MYSORE ROADA BRIYAND SQUARE JUNCTION,MYSORE ROAD BRIYAND SQUARE JUNCTION,1,12.963939,77.569528,0,0,0.0,0.0
Bengaluru City,Chickpet Traffic PS,1.04432e+16,2022,1,2,Not Applicable,Junction,City/Town,In bazaar,Human Error,Not Applicable,Grievous Injury,Vehicle to Vehicle,Uncontrolled,Not Applicable,Others,Bitumen(Tar),Dry,Not Applicable,Clear,BAZAR STREET CHAMRAJPET,BAZAR STREEET JUNCTION,1,0.0,0.0,0,0,0.0,0.0
Bengaluru City,Chickpet Traffic PS,1.04432e+16,2022,1,2,Not Applicable,Circle,City/Town,Residential area,Human Error,Not Applicable,Simple Injury,Vehicle to Vehicle,Controlled,Not Applicable,Others,Bitumen(Tar),Dry,Not Applicable,Clear,CHAMRAJPET 1ST MAIN,CHAMRAJPET 1ST MAIN,0.5,0.0,0.0,0,0,0.0,0.0
Bengaluru City,Chickpet Traffic PS,1.04432e+16,2022,1,2,Not Applicable,Not Applicable,City/Town,Residential area,Human Error,Yes,Simple Injury,Vehicle to Vehicle,Uncontrolled,Not Applicable,Major District Road,Bitumen(Tar),Dry,Not Applicable,Clear,MYSORE ROAD NEAR GOPLAN SHOPPING MALL,MYSORE ROAD NEAR GOPLAN SHOPPING MALL,2,0.0,0.0,0,0,0.0,0.0
Bengaluru City,Chickpet Traffic PS,1.04432e+16,2022,1,1,Road Accidents,Junction,City/Town,Near Bus stop,Human Error,Not Applicable,Grievous Injury,Hit pedestrian,Uncontrolled,Not Applicable,Minor District Road,Concrete,Dry,Not Applicable,Clear,GOODS SHED ROAD,GOODSHED ROAD,2,0.0,0.0,0,0,0.0,0.0
Bengaluru City,Chickpet Traffic PS,1.04432e+16,2022,1,2,Road Accidents,Narrow road,City/Town,Narrow bridge or culverts,Human Error,No,Simple Injury,Vehicle to Vehicle,Uncontrolled,Incline,Others,Bitumen(Tar),Dry,No influence on accident,Fog / Mist,BGS FLY OVER MYSORE ROAD,NEAR BY CAR POLICE RECIDENCES,1KM,0.0,0.0,0,0,0.0,0.0
Bengaluru City,Chickpet Traffic PS,1.04432e+16,2022,1,1,Road Accidents,Not Applicable,City/Town,Residential area,Human Error,No,Simple Injury,Hit pedestrian,Uncontrolled,Not Applicable,Minor District Road,Bitumen(Tar),Dry,No influence on accident,Cloudy,GOODS SHED ROAD,NEAR BY BINNY MILL POLICE QUARTRUS,1KM,0.0,0.0,0,0,0.0,0.0
Bengaluru City,Chickpet Traffic PS,1.04432e+16,2022,1,1,Road Accidents,Not Applicable,City/Town,Near a religious place,Human Error,Not Applicable,Fatal,Hit bicyclist,Uncontrolled,Straight and flat,Major District Road,Concrete,Dry,Not Applicable,Clear,"BB DOWN RAMP, MYSORE ROAD",BB DOWN RAMP MYSORE ROAD,2,12.960424,77.55718,0,0,0.0,0.0
Bengaluru City,Chickpet Traffic PS,1.04432e+16,2023,1,2,Not Applicable,Not Applicable,City/Town,Near School or College,Human Error,Not Applicable,Grievous Injury,Vehicle to Vehicle,Uncontrolled,Straight and flat,Minor District Road,Bitumen(Tar),Dry,Not Applicable,Clear,SULTHA RAOD,RAYAN CIRCEL,2,0.0,0.0,0,0,0.0,0.0
Bengaluru City,Chickpet Traffic PS,1.04432e+16,2023,1,2,Road Accidents,Cross roads,City/Town,In bazaar,Not Applicable,No,Damage Only,Vehicle to Vehicle,Uncontrolled,Not Applicable,Others,Bitumen(Tar),Dry,Not Applicable,Fine,1,NEAR CHAMARAJAPETE POLICE STATION,0.8 KM,0.0,0.0,0,0,0.0,0.0
Bengaluru City,Chickpet Traffic PS,1.04432e+16,2023,1,2,Road Accidents,Narrow road,City/Town,In bazaar,Human Error,No,Simple Injury,Vehicle to Vehicle,Uncontrolled,Straight and flat,Others,Bitumen(Tar),Dry,Not Applicable,Clear,MYSORE ROAD NEAR VINAYAKA TAKIES,MYSORE ROAD,1.03,12.962887,77.566005,0,0,0.0,0.0
Bengaluru City,Chickpet Traffic PS,1.04432e+16,2023,1,2,Road Accidents,Not Applicable,City/Town,In bazaar,Human Error,Not Applicable,Grievous Injury,Vehicle to Vehicle,Uncontrolled,Straight and flat,Sub Arterial,Concrete,Dry,Not Applicable,Clear,COTTONPET MAIN ROAD,OTC JUNCTION,2,0.0,0.0,0,0,0.0,0.0
Bengaluru City,Chickpet Traffic PS,1.04432e+16,2023,1,2,Road Accidents,Narrow road,City/Town,In bazaar,Human Error,Not Applicable,Grievous Injury,Vehicle to Vehicle,Uncontrolled,Curve,One way,Concrete,Dry,Not Applicable,Fine,MYSORE ROAD FLY OVER,MYSORE ROAD FLY OVER,1,0.0,0.0,0,0,0.0,0.0
Bengaluru City,Chickpet Traffic PS,1.04432e+16,2023,1,1,Road Accidents,Cross roads,City/Town,In bazaar,Human Error,Not Applicable,Grievous Injury,Hit pedestrian,Uncontrolled,Slight Curve,Others,Bitumen(Tar),Dry,Not Applicable,Clear,1st main chamarajapete,1st main chamarajapete,0.5,0.0,0.0,0,0,0.0,0.0
Bengaluru City,Chickpet Traffic PS,1.04432e+16,2023,1,2,Road Accidents,Not Applicable,City/Town,Near Bus stop,Human Error,Not Applicable,Fatal,Vehicle to Vehicle,Uncontrolled,Straight and flat,Major District Road,Bitumen(Tar),Ditch or Potholed,No influence on accident,Clear,MYSORE ROAD FLY OVER,MYSORE ROAD FLY OVER,1.03,12.96125,77.55963,0,5,0.0,5.0
Bengaluru City,Chickpet Traffic PS,1.04432e+16,2023,1,2,Road Accidents,Narrow road,City/Town,In bazaar,Human Error,No,Grievous Injury,Not Applicable,Uncontrolled,Straight and flat,One way,Concrete,Dry,Not Applicable,Clear,GOODS SHED ROAD,1,1.09,12.96635,77.56827,0,0,0.0,0.0
Bengaluru City,Chickpet Traffic PS,1.04432e+16,2023,1,1,Road Accidents,Narrow road,City/Town,In bazaar,Human Error,No,Grievous Injury,Hit pedestrian,Controlled,Straight and flat,One way,Bitumen(Tar),Dry,Not Applicable,Clear,"1ST MAIN ROAD, CHAMARAJAPETE",NEAR EDGA GROUNDS,1.01,12.96035,77.562265,0,0,0.0,0.0
Bengaluru City,Chickpet Traffic PS,1.04432e+16,2023,1,1,Road Accidents,Narrow road,City/Town,In bazaar,Human Error,Not Applicable,Grievous Injury,Hit pedestrian,Uncontrolled,Straight and flat,One way,Bitumen(Tar),Dry,Not Applicable,Clear,2nd cross chamarajapete,2nd cross chamarajapete,0.8,0.0,0.0,0,0,0.0,0.0