DISTRICTNAME,UNITNAME,Crime_No,Year,RI,Noofvehicle_involved,Accident_Classification,Accident_Spot,Accident_Location,Accident_SubLocation,Main_Cause,Hit_Run,Severity,Collision_Type,Junction_Control,Road_Character,Road_Type,Surface_Type,Surface_Condition,Road_Condition,Weather,Accident_Road,Landmark_first,Distance_LandMark_First,Latitude,Longitude,Road_Condition_Score,Surface_Condition_Score,Surface_Type_Score,Road_Risk_Index
Bengaluru City,Chickpet Traffic PS,1.04432e+16,2023,1,1,Road Accidents,Circle,City/Town,Near Bus stop,Human Error,No,Grievous Injury,Not Applicable,Uncontrolled,Curve,Others,Bitumen(Tar),Dry,Not Applicable,Clear,BINNY MIL CIRCLE,1,1.7KM,12.970703,77.566586,0,0,0.0,0.0
Bengaluru City,Chickpet Traffic PS,1.04432e+16,2023,1,2,Not Applicable,Not Applicable,City/Town,Near Bus stop,Human Error,Not Applicable,Simple Injury,Vehicle to Vehicle,Uncontrolled,Straight and flat,Major District Road,Bitumen(Tar),Dry,Not Applicable,Clear,MYSORE ROAD BGS FLY OVER,MYSORE ROAD FLY OVER,2,0.0,0.0,0,0,0.0,0.0
Bengaluru City,Chickpet Traffic PS,1.04432e+16,2023,1,1,Road Accidents,Curves,City/Town,Residential area,Human Error,Not Applicable,Fatal,Not Applicable,Uncontrolled,Slight Curve,Minor District Road,Concrete,Dry,Not Applicable,Clear,DR.TCM RAYAN ROAD,GOODS SHED ROAD,2,12.97472,77.569997,0,0,0.0,0.0
Bengaluru City,Chickpet Traffic PS,1.04432e+16,2023,1,2,Road Accidents,Not Applicable,City/Town,Narrow bridge or culverts,Human Error,Yes,Fatal,Vehicle to Vehicle,Uncontrolled,Straight and flat,Major District Road,Bitumen(Tar),Dry,Not Applicable,Clear,MYSORE ROAD FLY OVER,MYSORE ROAD FLY OVER,0.8,0.0,0.0,0,0,0.0,0.0
Bengaluru City,Chickpet Traffic PS,1.04432e+16,2023,1,1,Road Accidents,Narrow road,City/Town,In bazaar,Human Error,Yes,Grievous Injury,Hit pedestrian,Uncontrolled,Straight and flat,Two way,Concrete,Dry,Not Applicable,Clear,MYSORE ROAD,MYSORE ROAD,1.03,12.963192,77.566852,0,0,0.0,0.0
Bengaluru City,Chickpet Traffic PS,1.04432e+16,2023,1,1,Road Accidents,Curves,City/Town,Near Petrol Pump,Human Error,Not Applicable,Fatal,Not Applicable,Uncontrolled,Curve,One way,Concrete,Dry,Not Applicable,Clear,"MYSORE ROAD, NEAR BHARATH PETROL BANK",1,2.3,12.962222,77.564263,0,0,0.0,0.0
Bengaluru City,Chickpet Traffic PS,1.04432e+16,2023,1,1,Road Accidents,Not Applicable,City/Town,In bazaar,Human Error,Not Applicable,Grievous Injury,Hit pedestrian,Uncontrolled,Straight and flat,Minor District Road,Bitumen(Tar),Dry,Not Applicable,Clear,BINNY MILL TANK BUND ROAD,BINNY MILL TANK BUND ROAD,1.8,0.0,0.0,0,0,0.0,0.0
Bengaluru City,Chickpet Traffic PS,1.04432e+16,2023,1,2,Not Applicable,Not Applicable,City/Town,Residential area,Human Error,Not Applicable,Damage Only,Vehicle to Vehicle,Uncontrolled,Straight and flat,Two way,Bitumen(Tar),Dry,Not Applicable,Clear,MYSORE ROAD FLY OVER,MYSORE ROAD FLY OVER,2,0.0,0.0,0,0,0.0,0.0
Bengaluru City,Chickpet Traffic PS,1.04432e+16,2023,1,1,Road Accidents,Not Applicable,City/Town,Residential area,Human Error,Not Applicable,Grievous Injury,Hit pedestrian,Uncontrolled,Straight and flat,Minor District Road,Bitumen(Tar),Dry,Not Applicable,Clear,GOODS SHED ROAD,GOODS SHED ROAD,2,0.0,0.0,0,0,0.0,0.0
Bengaluru City,Chickpet Traffic PS,1.04432e+16,2023,1,1,Road Accidents,Narrow road,City/Town,In bazaar,Human Error,No,Grievous Injury,Hit pedestrian,Uncontrolled,Not Applicable,One way,Bitumen(Tar),Dry,Not Applicable,Clear,POLICE ROAD,NEAR COTTONPETE MAIN ROAD,1.08,0.0,0.0,0,0,0.0,0.0
Bengaluru City,Chickpet Traffic PS,1.04432e+16,2023,1,1,Road Accidents,Narrow road,City/Town,In bazaar,Human Error,Not Applicable,Grievous Injury,Not Applicable,Uncontrolled,Straight and flat,One way,Bitumen(Tar),Dry,Not Applicable,Clear,MYSORE ROAD FLY OVER,1,2.06,0.0,0.0,0,0,0.0,0.0
Bengaluru City,Chickpet Traffic PS,1.04432e+16,2023,1,2,Road Accidents,Cross roads,City/Town,Open area,Human Error,Yes,Simple Injury,Vehicle to Vehicle,Uncontrolled,Not Applicable,Minor District Road,Bitumen(Tar),Dry,Not Applicable,Clear,2ND MIAN ROAD CHAMRAJPET,2ND MAIN ROAD,2,12.959526,77.565515,0,0,0.0,0.0
Bengaluru City,Chickpet Traffic PS,1.04432e+16,2023,1,2,Road Accidents,Curves,City/Town,Residential area,Human Error,No,Grievous Injury,Vehicle to Vehicle,Uncontrolled,Straight and flat,Two way,Bitumen(Tar),Dry,Not Applicable,Clear,8th CROSS AZAD NAGAR,1,2,12.956423,77.556923,0,0,0.0,0.0
Bengaluru City,Chickpet Traffic PS,1.04432e+16,2023,1,2,Road Accidents,Not Applicable,City/Town,Near Bus stop,Human Error,Yes,Fatal,Vehicle to Vehicle,Uncontrolled,Straight and flat,State Highway,Concrete,Dry,Not Applicable,Clear,MYSORE ROAD NEAR GOPLAN SHOPPING MALL,MYSORE ROAD NEAR GOPLAN SHOPPING MALL,2,12.957782,77.553196,0,0,0.0,0.0
Bengaluru City,Chickpet Traffic PS,1.04432e+16,2023,1,2,Road Accidents,Not Applicable,City/Town,In bazaar,Human Error,Not Applicable,Grievous Injury,Vehicle to Vehicle,Uncontrolled,Others,Major District Road,Bitumen(Tar),Dry,Not Applicable,Clear,MYSORE ROAD FLY OVER,MYSORE ROAD FLY OVER,2,0.0,0.0,0,0,0.0,0.0
Bengaluru City,Chickpet Traffic PS,1.04432e+16,2023,1,1,Road Accidents,Junction,City/Town,Residential area,Not Applicable,No,Grievous Injury,Hit pedestrian,No signal lights,Others,Two way,Bitumen(Tar),Dry,Not Applicable,Fine,FOOTPATH ROAD 3RD CROSS CHAMARAJAPETE,NEAR 4TH MAINB,0.9 KM,0.0,0.0,0,0,0.0,0.0
Bengaluru City,Chickpet Traffic PS,1.04432e+16,2023,1,2,Road Accidents,Not Applicable,City/Town,Residential area,Human Error,Not Applicable,Grievous Injury,Vehicle to Vehicle,Uncontrolled,Others,Sub Arterial,Bitumen(Tar),Dry,Not Applicable,Clear,MULKTTAMMA TEMPLE ROAD,JINKE PARK ROAD,2,0.0,0.0,0,0,0.0,0.0
Bengaluru City,Chickpet Traffic PS,1.04432e+16,2023,1,1,Road Accidents,Narrow road,City/Town,In bazaar,Human Error,No,Grievous Injury,Hit pedestrian,Uncontrolled,Straight and flat,One way,Bitumen(Tar),Dry,Not Applicable,Clear,"MYSORE ROAD,",1,1.03,12.963191,77.566851,0,0,0.0,0.0
Bengaluru City,Chickpet Traffic PS,1.04432e+16,2023,1,2,Road Accidents,Cross roads,City/Town,Residential area,Human Error,Not Applicable,Grievous Injury,Vehicle to Vehicle,Controlled,Curve,Others,Bitumen(Tar),Dry,Not Applicable,Clear,ASHWATH KATTE MAIN RAOD,ASHWATH KATTE MAIN RAOD,2,0.0,0.0,0,0,0.0,0.0
Bengaluru City,Chickpet Traffic PS,1.04432e+16,2023,1,1,Road Accidents,Cross roads,City/Town,Near Bus stop,Human Error,Not Applicable,Grievous Injury,Not Applicable,Uncontrolled,Others,Minor District Road,Bitumen(Tar),Ditch or Potholed,Not Applicable,Clear,1ST MAIN 9TH CROSS CHAMRAJPETE,1ST MAIN ROAD,1.09,0.0,0.0,0,5,0.0,5.0
Bengaluru City,Chickpet Traffic PS,1.04432e+16,2023,1,1,Road Accidents,Narrow road,City/Town,In bazaar,Human Error,No,Grievous Injury,Hit pedestrian,Uncontrolled,Straight and flat,Others,Bitumen(Tar),Dry,Not Applicable,Clear,MYSORE ROAD,MYSORE ROAD,0.8,0.0,0.0,0,0,0.0,0.0
Bengaluru City,Chickpet Traffic PS,1.04432e+16,2023,1,1,Road Accidents,Narrow road,City/Town,In bazaar,Human Error,No,Grievous Injury,Hit bicyclist,Uncontrolled,Others,Others,Concrete,Dry,Not Applicable,Clear,MYSORE ROAD,MYSORE ROAD,1.08,0.0,0.0,0,0,0.0,0.0
Bengaluru City,Chickpet Traffic PS,1.04432e+16,2023,1,1,Road Accidents,Narrow road,City/Town,In bazaar,Human Error,No,Grievous Injury,Hit pedestrian,Uncontrolled,Not Applicable,Two way,Bitumen(Tar),Dry,Not Applicable,Clear,OTC ROAD,1,2.6,0.0,0.0,0,0,0.0,0.0
Bengaluru City,Chickpet Traffic PS,1.04432e+16,2023,1,2,Road Accidents,Narrow road,City/Town,In bazaar,Vehicle Defect,Yes,Damage Only,Vehicle to Vehicle,Controlled,Straight and flat,One way,Concrete,Dry,Not Applicable,Clear,GOODS SHED ROAD,GOODS SHED ROAD,2.02,0.0,0.0,0,0,0.0,0.0
Bengaluru City,Chickpet Traffic PS,1.04432e+16,2023,1,1,Road Accidents,Not Applicable,City/Town,Near a religious place,Human Error,Not Applicable,Fatal,Hit pedestrian,Stop Sign,Straight and flat,Minor District Road,Concrete,Dry,Not Applicable,Clear,COTTONPETE MAIN ROAD,MILL ROAD,0.8,12.972228,77.570304,0,0,0.0,0.0
Bengaluru City,Chickpet Traffic PS,1.04432e+16,2023,1,2,Road Accidents,Narrow road,City/Town,Near Petrol Pump,Vehicle Defect,Yes,Damage Only,Vehicle to Vehicle,Controlled,Straight and flat,Two way,Concrete,Dry,Not Applicable,Clear,MYSORE ROAD BB JUNTION,1,2.04,0.0,0.0,0,0,0.0,0.0
Bengaluru City,Chickpet Traffic PS,1.04432e+16,2023,1,2,Road Accidents,Narrow road,City/Town,In bazaar,Human Error,No,Grievous Injury,Vehicle to Vehicle,Uncontrolled,Straight and flat,One way,Bitumen(Tar),Dry,Not Applicable,Clear,MYSORE ROAD,1,1.7,12.960914,77.558145,0,0,0.0,0.0
Bengaluru City,Chickpet Traffic PS,1.04432e+16,2023,1,2,Road Accidents,Narrow road,City/Town,In bazaar,Human Error,No,Simple Injury,Vehicle to Vehicle,Uncontrolled,Not Applicable,One way,Concrete,Dry,Not Applicable,Clear,"MYSORE ROAD, OPP FIRE OFFICE",1,0.8,12.962169,77.563606,0,0,0.0,0.0
Bengaluru City,Chickpet Traffic PS,1.04432e+16,2023,1,2,Road Accidents,Circle,City/Town,Near Bus stop,Human Error,No,Fatal,Vehicle to Vehicle,Controlled,Curve,Others,Bitumen(Tar),Dry,Not Applicable,Clear,KHODE CIRCLE,KHODE CIRCLE,2.03,12.979849,77.571155,0,0,0.0,0.0
Bengaluru City,Chickpet Traffic PS,1.04432e+16,2023,1,1,Road Accidents,Not Applicable,City/Town,In bazaar,Human Error,Not Applicable,Grievous Injury,Hit pedestrian,Uncontrolled,Straight and flat,Minor District Road,Bitumen(Tar),Dry,Not Applicable,Clear,GOODS SHED ROAD,GOODS SHED ROAD,2,0.0,0.0,0,0,0.0,0.0
Bengaluru City,Chickpet Traffic PS,1.04432e+16,2023,1,2,Road Accidents,Not Applicable,City/Town,Near Petrol Pump,Human Error,Not Applicable,Grievous Injury,Vehicle to Vehicle,Uncontrolled,Straight and flat,Minor District Road,Bitumen(Tar),Dry,Not Applicable,Clear,TANK BUND RAOD,ETA MALL TO,2,0.0,0.0,0,0,0.0,0.0
Bengaluru City,Chickpet Traffic PS,1.04432e+16,2023,1,2,Road Accidents,Narrow road,City/Town,Near Petrol Pump,Vehicle Defect,No,Damage Only,Vehicle to Vehicle,Uncontrolled,Straight and flat,Others,Concrete,Dry,Not Applicable,Fine,MYSORE ROAD,MYSORE ROAD,1.03,0.0,0.0,0,0,0.0,0.0
Bengaluru City,Chickpet Traffic PS,1.04432e+16,2023,1,2,Road Accidents,Narrow road,City/Town,In bazaar,Vehicle Defect,Yes,Damage Only,Vehicle to Vehicle,Uncontrolled,Straight and flat,One way,Concrete,Dry,Not Applicable,Clear,COTTONPETE MAIN ROAD,COTTONPETE MAIN ROAD,2.02,0.0,0.0,0,0,0.0,0.0
Bengaluru City,Chikkajala Traffic PS,1.04432e+16,2016,1,1,Road Accidents,Narrow road,City/Town,Residential area,Human Error,No,Simple Injury,Hit pedestrian,Not at  Junction,Others,City or Town Road,Bitumen(Tar),Dry,Not Applicable,Clear,B B Road NH 7 Near Bettahalasuru Cross,Electrical pole,30 ft,0.0,0.0,0,0,0.0,0.0
Bengaluru City,Chikkajala Traffic PS,1.04432e+16,2016,1,1,Road Accidents,Narrow road,City/Town,Open area,Human Error,No,Grievous Injury,Hit pedestrian,Not Applicable,Not Applicable,City or Town Road,Bitumen(Tar),Dry,Not Applicable,Clear,Uttanahalli Main Road,Electic pole,50 ft,0.0,0.0,0,0,0.0,0.0
Bengaluru City,Chikkajala Traffic PS,1.04432e+16,2016,1,2,Not Applicable,Junction,City/Town,Near Bus stop,Human Error,Not Applicable,Simple Injury,Others,Controlled,Others,Two way,Concrete,Others,Construction Work / Material,Fine,SADAHALLI JUNCTION,TOOL,4 kM,0.0,0.0,2,1,0.0,3.0
Bengaluru City,Chikkajala Traffic PS,1.04432e+16,2016,1,2,Road Accidents,Narrow road,City/Town,Open area,Human Error,Yes,Fatal,Not Applicable,No signal lights,Not Applicable,NH,Not Applicable,Not Applicable,No influence on accident,Fine,MEENUKUNTE HOSURU ROAD,B B ROAD,1KM,0.0,0.0,0,0,0.0,0.0
Bengaluru City,Chikkajala Traffic PS,1.04432e+16,2016,1,2,Not Applicable,Narrow road,City/Town,Residential area,Human Error,No,Simple Injury,Hit bicyclist,Not Applicable,Others,City or Town Road,Not Applicable,Dry,Not Applicable,Fine,vidyanagara cross,Army Layout,4km,0.0,0.0,0,0,0.0,0.0
Bengaluru City,Chikkajala Traffic PS,1.04432e+16,2016,1,1,Road Accidents,Narrow road,City/Town,Residential area,Human Error,Yes,Simple Injury,Hit pedestrian,Not Applicable,Not Applicable,Service Road,Bitumen(Tar),Dry,Not Applicable,Clear,"B B Road Service Road, Infornt of Govt School, vidyanagar",Electrical Pole,30 ft,0.0,0.0,0,0,0.0,0.0
Bengaluru City,Chikkajala Traffic PS,1.04432e+16,2016,1,2,Road Accidents,Narrow road,City/Town,Residential area,Human Error,No,Simple Injury,Rear end,Not Applicable,Not Applicable,City or Town Road,Bitumen(Tar),Dry,Not Applicable,Clear,B B Road NH-7 Service Road,Electric pole,30 ft,0.0,0.0,0,0,0.0,0.0
Bengaluru City,Chikkajala Traffic PS,1.04432e+16,2016,1,2,Road Accidents,Narrow road,City/Town,Open area,Human Error,No,Simple Injury,Head on,Not Applicable,Not Applicable,NH,Bitumen(Tar),Dry,Not Applicable,Clear,"Nh-7 B B Road,Near Sadahalli Toll Plaza",Electric pole,80 ft,0.0,0.0,0,0,0.0,0.0
Bengaluru City,Chikkajala Traffic PS,1.04432e+16,2016,1,1,Road Accidents,Narrow road,City/Town,Residential area,Human Error,No,Fatal,Hit pedestrian,Not Applicable,Not Applicable,NH,Bitumen(Tar),Dry,Not Applicable,Clear,B B Road NH-7 Bettahalasuru Cross,Electic pole,65 ft,13.155128,77.621498,0,0,0.0,0.0
Bengaluru City,Chikkajala Traffic PS,1.04432e+16,2016,1,1,Road Accidents,Narrow road,City/Town,Open area,Human Error,Yes,Simple Injury,Hit pedestrian,Not Applicable,Not Applicable,NH,Bitumen(Tar),Dry,Not Applicable,Clear,B B Road near MVIT Junction,Electric Pole,65 ft,13.152078,77.620275,0,0,0.0,0.0
Bengaluru City,Chikkajala Traffic PS,1.04432e+16,2016,1,2,Road Accidents,Narrow road,City/Town,Open area,Human Error,Yes,Grievous Injury,Hit and Run,Not Applicable,Not Applicable,NH,Bitumen(Tar),Dry,Not Applicable,Clear,"B B ROAD,NH-7 NEAR ITC JUNCTION",Electic pole,65 ft,0.0,0.0,0,0,0.0,0.0
Bengaluru City,Chikkajala Traffic PS,1.04432e+16,2016,1,1,Road Accidents,Narrow road,City/Town,Narrow bridge or culverts,Human Error,No,Simple Injury,Skidding or Self accident,Not Applicable,Not Applicable,NH,Bitumen(Tar),Dry,Not Applicable,Clear,"B B Road, NH-7 Vidyanagar Flyover",Electic pole,65 ft,0.0,0.0,0,0,0.0,0.0
Bengaluru City,Chikkajala Traffic PS,1.04432e+16,2016,1,1,Road Accidents,Narrow road,City/Town,Residential area,Human Error,Yes,Simple Injury,Hit pedestrian,Not Applicable,Not Applicable,NH,Bitumen(Tar),Dry,Not Applicable,Clear,"B B Road, NH-7 Menukunte Hosuru Junction",Electic pole,65 ft,0.0,0.0,0,0,0.0,0.0
Bengaluru City,Chikkajala Traffic PS,1.04432e+16,2016,1,2,Road Accidents,Junction,City/Town,Open area,Human Error,No,Damage Only,Not Applicable,Police / Manual,Not Applicable,NH,Not Applicable,Not Applicable,No influence on accident,Fine,SADAHALLI SIGNAL,B B ROAD,1 KM,0.0,0.0,0,0,0.0,0.0
Bengaluru City,Chikkajala Traffic PS,1.04432e+16,2016,1,1,Road Accidents,Narrow road,City/Town,Residential area,Human Error,No,Simple Injury,Others,Not Applicable,Hump,City or Town Road,Bitumen(Tar),Dry,Not Applicable,Clear,R K Hegdenagar Main Road,Electrical Pole,30 ft,0.0,0.0,0,0,0.0,0.0
Bengaluru City,Chikkajala Traffic PS,1.04432e+16,2016,1,2,Road Accidents,Narrow road,City/Town,Open area,Human Error,Yes,Grievous Injury,Hit and Run,Not Applicable,Not Applicable,City or Town Road,Bitumen(Tar),Dry,Not Applicable,Clear,"Gollahalli Gate, Budugere Devanahalli Road",Electic pole,65 ft,0.0,0.0,0,0,0.0,0.0
Bengaluru City,Chikkajala Traffic PS,1.04432e+16,2016,1,2,Road Accidents,Narrow road,City/Town,Near School or College,Human Error,Yes,Simple Injury,Rear end,Not Applicable,Not Applicable,City or Town Road,Bitumen(Tar),Dry,Not Applicable,Clear,Reva College Junction,Electic pole,60 ft,0.0,0.0,0,0,0.0,0.0
Bengaluru City,Chikkajala Traffic PS,1.04432e+16,2016,1,2,Road Accidents,Narrow road,City/Town,Residential area,Human Error,No,Damage Only,Head on,Not Applicable,Not Applicable,City or Town Road,Bitumen(Tar),Dry,Not Applicable,Clear,Gantiganahalli Main Road,Electic pole,25 ft,0.0,0.0,0,0,0.0,0.0
Bengaluru City,Chikkajala Traffic PS,1.04432e+16,2016,1,2,Road Accidents,Narrow road,City/Town,Residential area,Human Error,No,Simple Injury,Rear end,Not Applicable,Not Applicable,City or Town Road,Bitumen(Tar),Dry,Not Applicable,Clear,Mylanahalli Main road,Infront of Anjanadri Complex,35 Ft,0.0,0.0,0,0,0.0,0.0
Bengaluru City,Chikkajala Traffic PS,1.04432e+16,2016,1,1,Road Accidents,Narrow road,City/Town,Residential area,Human Error,No,Simple Injury,Hit pedestrian,Not at  Junction,Not Applicable,NH,Bitumen(Tar),Dry,Not Applicable,Clear,"B B Road, NH-7, Bettahalasuru Cross",Electic pole,48 Ft,0.0,0.0,0,0,0.0,0.0
Bengaluru City,Chikkajala Traffic PS,1.04432e+16,2016,1,2,Not Applicable,Narrow road,Not Applicable,Open area,Human Error,Not Applicable,Grievous Injury,Not Applicable,No signal lights,Not Applicable,City or Town Road,Not Applicable,Not Applicable,No influence on accident,Not Applicable,NEAR SRIRAMPUR RAILWAY GATE,HEGGADENAGARA MAIN ROAD,12 KM,0.0,0.0,0,0,0.0,0.0
Bengaluru City,Chikkajala Traffic PS,1.04432e+16,2016,1,2,Not Applicable,Other,City/Town,Near Bus stop,Human Error,Not Applicable,Simple Injury,Others,Not Applicable,Not Applicable,Two way,Not Applicable,Others,Not Applicable,Fine,HUVINAYAKANAHALLI,KIADB,4KM,0.0,0.0,0,1,0.0,1.0
Bengaluru City,Chikkajala Traffic PS,1.04432e+16,2016,1,2,Not Applicable,Other,City/Town,Open area,Human Error,Yes,Grievous Injury,Hit and Run,Not Applicable,Others,Service Road,Not Applicable,Others,Not Applicable,Fine,MVIT,Service Road,4KM,0.0,0.0,0,1,0.0,1.0
Bengaluru City,Chikkajala Traffic PS,1.04432e+16,2016,1,1,Road Accidents,Narrow road,City/Town,Near Petrol Pump,Human Error,No,Fatal,Hit pedestrian,Not Applicable,Not Applicable,NH,Bitumen(Tar),Dry,Not Applicable,Clear,"B B Road, NH-7, ITC Gate Junction",Electic pole,65 ft,0.0,0.0,0,0,0.0,0.0
Bengaluru City,Chikkajala Traffic PS,1.04432e+16,2016,1,1,Road Accidents,Junction,City/Town,At pedestrian Crossing,Human Error,No,Grievous Injury,Hit pedestrian,Controlled,Not Applicable,NH,Bitumen(Tar),Dry,Not Applicable,Clear,"BB Road, NH-7, Sadahalli Junction",Electic pole,65 ft,0.0,0.0,0,0,0.0,0.0
Bengaluru City,Chikkajala Traffic PS,1.04432e+16,2016,1,2,Road Accidents,Narrow road,City/Town,Residential area,Human Error,No,Simple Injury,Head on,Not Applicable,Not Applicable,City or Town Road,Bitumen(Tar),Dry,Not Applicable,Clear,"Bagaluru Main Road, Near Satanuru Village",Electic pole,35 Ft,0.0,0.0,0,0,0.0,0.0
Bengaluru City,Chikkajala Traffic PS,1.04432e+16,2016,1,1,Road Accidents,Other,City/Town,Open area,Human Error,Yes,Simple Injury,Hit and Run,Police / Manual,Others,Others,Not Applicable,Dry,Not Applicable,Fine,VINTACY PRAVART,VINTACY PRAVART,2 KM,0.0,0.0,0,0,0.0,0.0
Bengaluru City,Chikkajala Traffic PS,1.04432e+16,2016,1,1,Not Applicable,Culvert,Not Applicable,Near or inside a village,Human Error,No,Simple Injury,Others,Not Applicable,Others,One way,Concrete,Dry,Not Applicable,Others,bettahalasuru kerekodi road,lake,2km,0.0,0.0,0,0,0.0,0.0
Bengaluru City,Chikkajala Traffic PS,1.04432e+16,2016,1,1,Road Accidents,Junction,City/Town,Residential area,Human Error,Yes,Fatal,Not Applicable,Police / Manual,Not Applicable,NH,Not Applicable,Not Applicable,No influence on accident,Fine,TOLL PLAZ,SADAHALLI JUNCTION,1 KM,0.0,0.0,0,0,0.0,0.0
Bengaluru City,Chikkajala Traffic PS,1.04432e+16,2016,1,2,Road Accidents,Narrow road,City/Town,Open area,Human Error,No,Damage Only,Others,Not Applicable,Not Applicable,City or Town Road,Bitumen(Tar),Dry,Not Applicable,Clear,B B Road MVIT Cross,Electrical Pole,35 ft,0.0,0.0,0,0,0.0,0.0
Bengaluru City,Chikkajala Traffic PS,1.04432e+16,2016,1,2,Road Accidents,Junction,City/Town,Open area,Human Error,No,Simple Injury,Rear end,Not Applicable,Not Applicable,NH,Bitumen(Tar),Dry,Not Applicable,Clear,B B Road near MVIT Junction,Electrical Pole,25 ft,12.971599,77.594563,0,0,0.0,0.0
Bengaluru City,Chikkajala Traffic PS,1.04432e+16,2016,1,1,Road Accidents,Other,City/Town,Residential area,Human Error,No,Fatal,Skidding or Self accident,Not Applicable,Not Applicable,City or Town Road,Bitumen(Tar),Dry,Not Applicable,Clear,"Razaq Palya Main Road, near Busansabpalya",Electic pole,25 ft,0.0,0.0,0,0,0.0,0.0
Bengaluru City,Chikkajala Traffic PS,1.04432e+16,2016,1,1,Road Accidents,Narrow road,City/Town,Residential area,Human Error,Yes,Simple Injury,Head on,Not Applicable,Not Applicable,City or Town Road,Bitumen(Tar),Dry,Not Applicable,Clear,"Near Railway Gate, Telecom layout, SRK Nagar post",Electic pole,35 ft,0.0,0.0,0,0,0.0,0.0
Bengaluru City,Chikkajala Traffic PS,1.04432e+16,2016,1,1,Road Accidents,Narrow road,City/Town,Open area,Human Error,No,Grievous Injury,Hit pedestrian,Not Applicable,Not Applicable,NH,Bitumen(Tar),Dry,Not Applicable,Clear,"B B Road NH-7, Kadiganahalli Gate",Electic pole,65 ft,0.0,0.0,0,0,0.0,0.0
Bengaluru City,Chikkajala Traffic PS,1.04432e+16,2016,1,1,Road Accidents,Narrow road,City/Town,Residential area,Human Error,No,Simple Injury,Hit pedestrian,Not Applicable,Not Applicable,City or Town Road,Bitumen(Tar),Dry,Not Applicable,Clear,"R K Hegdenagar Main Road, Opp. Karnataka College",Electic pole,35 ft,0.0,0.0,0,0,0.0,0.0
Bengaluru City,Chikkajala Traffic PS,1.04432e+16,2016,1,2,Road Accidents,Cross roads,City/Town,Residential area,Human Error,No,Grievous Injury,Hit pedestrian,Not Applicable,Not Applicable,City or Town Road,Bitumen(Tar),Dry,Not Applicable,Clear,"R K Hegdenagar, Sai Hospital Road",Electic pole,20 ft,0.0,0.0,0,0,0.0,0.0
Bengaluru City,Chikkajala Traffic PS,1.04432e+16,2016,1,2,Road Accidents,Narrow road,City/Town,Near Bus stop,Human Error,Yes,Simple Injury,Rear end,Not Applicable,Not Applicable,NH,Bitumen(Tar),Dry,Not Applicable,Clear,"B B Road,NH-7, Near Bettahalasuru Bus Stop",Electic pole,65 ft,0.0,0.0,0,0,0.0,0.0
Bengaluru City,Chikkajala Traffic PS,1.04432e+16,2016,1,2,Road Accidents,Culvert,City/Town,Narrow bridge or culverts,Human Error,Yes,Fatal,Rear end,Not Applicable,Not Applicable,NH,Bitumen(Tar),Dry,Not Applicable,Clear,"NH 7, MENUKUNTE HOSURU JUNCTION",Electric light pole,65 ft,0.0,0.0,0,0,0.0,0.0
Bengaluru City,Chikkajala Traffic PS,1.04432e+16,2016,1,2,Road Accidents,Junction,City/Town,Open area,Human Error,Not Applicable,Fatal,Skidding or Self accident,Police / Manual,Straight and flat,NH,Not Applicable,Others,Not Applicable,Others,SADAHALLI GATE JUNCTION,B B ROAD,1 KM,0.0,0.0,0,1,0.0,1.0
Bengaluru City,Chikkajala Traffic PS,1.04432e+16,2016,1,2,Road Accidents,Narrow road,City/Town,Open area,Human Error,Yes,Fatal,Not Applicable,No signal lights,Not Applicable,City or Town Road,Not Applicable,Not Applicable,No influence on accident,Others,"NEAR VILLAGE PANCHAYATH BARD, KANNURU",BAGALURU MAIN RAOD,12 KM,0.0,0.0,0,0,0.0,0.0
Bengaluru City,Chikkajala Traffic PS,1.04432e+16,2016,1,2,Road Accidents,Narrow road,City/Town,Open area,Human Error,Yes,Damage Only,Hit and Run,Not Applicable,Not Applicable,City or Town Road,Bitumen(Tar),Dry,Not Applicable,Clear,B B Road near Sadahalli Toll,Electrical Pole,30 ft,0.0,0.0,0,0,0.0,0.0
Bengaluru City,Chikkajala Traffic PS,1.04432e+16,2016,1,1,Road Accidents,Narrow road,City/Town,Residential area,Human Error,No,Simple Injury,Rear end,Not Applicable,Not Applicable,City or Town Road,Bitumen(Tar),Dry,Not Applicable,Clear,"Bagaluru Main Road, near SBI ATM",Electrical Pole,30 ft,0.0,0.0,0,0,0.0,0.0
Bengaluru City,Chikkajala Traffic PS,1.04432e+16,2016,1,3,Road Accidents,Narrow road,City/Town,Residential area,Human Error,No,Grievous Injury,Rear end,Not Applicable,Not Applicable,City or Town Road,Bitumen(Tar),Dry,Not Applicable,Clear,"R K Hegdenagar Main Road, Near Shoba apartment",Electic pole,35 ft,0.0,0.0,0,0,0.0,0.0
Bengaluru City,Chikkajala Traffic PS,1.04432e+16,2016,1,1,Road Accidents,Narrow road,City/Town,Open area,Human Error,No,Fatal,Hit pedestrian,Not Applicable,Not Applicable,NH,Bitumen(Tar),Dry,Not Applicable,Clear,"NH-7, B B Road, Kadiganahalli Gate",Electic pole,65 ft,0.0,0.0,0,0,0.0,0.0
Bengaluru City,Chikkajala Traffic PS,1.04432e+16,2016,1,2,Road Accidents,Narrow road,City/Town,Residential area,Human Error,Yes,Fatal,Rear end,Not Applicable,Not Applicable,City or Town Road,Bitumen(Tar),Dry,Not Applicable,Clear,"Bagaluru Main Road, Opp. Hassan Iyengar Bakery",Electic pole,35 ft,0.0,0.0,0,0,0.0,0.0
Bengaluru City,Chikkajala Traffic PS,1.04432e+16,2016,1,1,Road Accidents,Narrow road,City/Town,Residential area,Human Error,No,Simple Injury,Rear end,Not Applicable,Not Applicable,City or Town Road,Bitumen(Tar),Dry,Not Applicable,Clear,R K Hegdenagar Main Road,Electric light pole,65 ft,0.0,0.0,0,0,0.0,0.0