DISTRICTNAME,UNITNAME,Crime_No,Year,RI,Noofvehicle_involved,Accident_Classification,Accident_Spot,Accident_Location,Accident_SubLocation,Main_Cause,Hit_Run,Severity,Collision_Type,Junction_Control,Road_Character,Road_Type,Surface_Type,Surface_Condition,Road_Condition,Weather,Accident_Road,Landmark_first,Distance_LandMark_First,Latitude,Longitude,Road_Condition_Score,Surface_Condition_Score,Surface_Type_Score,Road_Risk_Index
Bengaluru City,Chikkajala Traffic PS,1.04432e+16,2016,1,2,Road Accidents,Narrow road,City/Town,Open area,Human Error,No,Simple Injury,Rear end,Not Applicable,Not Applicable,NH,Bitumen(Tar),Dry,Not Applicable,Clear,"B B Road, NH-7, Opp. Viva Tayota  Show room",Electic pole,65 ft,0.0,0.0,0,0,0.0,0.0
Bengaluru City,Chikkajala Traffic PS,1.04432e+16,2016,1,1,Not Applicable,Narrow road,City/Town,Open area,Human Error,Yes,Grievous Injury,Hit pedestrian,Not Applicable,Not Applicable,Two way,Gravel,Dry,Not Applicable,Fine,RAJAK PALYA MINARO,IN FRONT USMAN  PROPARTY,12 KM,0.0,0.0,0,0,3.0,3.0
Bengaluru City,Chikkajala Traffic PS,1.04432e+16,2016,1,2,Not Applicable,Other,City/Town,Near Hospital,Human Error,No,Simple Injury,Others,Stop sign,Curve,Two way,Gravel,Dry,No influence on accident,Fine,Heggadenagara,In Frent Of HM Clinic,12 KM,0.0,0.0,0,0,3.0,3.0
Bengaluru City,Chikkajala Traffic PS,1.04432e+16,2016,1,2,Not Applicable,Narrow road,City/Town,Open area,Human Error,No,Fatal,Hit bicyclist,Not Applicable,Not Applicable,Two way,Not Applicable,Dry,Not Applicable,Fine,BB ROAD NH 7,OPP SHANIMAHATMA TEMPLE,2 KM,0.0,0.0,0,0,0.0,0.0
Bengaluru City,Chikkajala Traffic PS,1.04432e+16,2016,1,2,Not Applicable,Other,City/Town,Open area,Human Error,No,Grievous Injury,Rear end,Not Applicable,Curve,NH,Not Applicable,Dry,Not Applicable,Fine,BB ROAD SADAHALLI JUNCATION,NEAR TOLL,3KM,0.0,0.0,0,0,0.0,0.0
Bengaluru City,Chikkajala Traffic PS,1.04432e+16,2016,1,2,Not Applicable,Narrow road,City/Town,Near Bus stop,Human Error,No,Simple Injury,Others,Not Applicable,Not Applicable,NH,Concrete,Dry,Not Applicable,Fine,BB ROAD BETTAHALASURU CROSS,VIDYANAGARA CROSS,3,0.0,0.0,0,0,0.0,0.0
Bengaluru City,Chikkajala Traffic PS,1.04432e+16,2016,1,1,Road Accidents,Narrow road,City/Town,Residential area,Human Error,No,Simple Injury,Hit pedestrian,No signal lights,Not Applicable,City or Town Road,Bitumen(Tar),Dry,Not Applicable,Clear,B B Road Near Vidhyanagar Cross west Service Road,Electrical Pole,30 ft,13.010966,77.66854,0,0,0.0,0.0
Bengaluru City,Chikkajala Traffic PS,1.04432e+16,2016,1,2,Road Accidents,Narrow road,City/Town,Open area,Human Error,No,Grievous Injury,Head on,Not Applicable,Not Applicable,Not Applicable,Bitumen(Tar),Dry,Not Applicable,Clear,"Infront of Murugan Garage, near Toyota Showroom, B B Road, NH-7",Electic pole,60 ft,0.0,0.0,0,0,0.0,0.0
Bengaluru City,Chikkajala Traffic PS,1.04432e+16,2016,1,1,Road Accidents,Culvert,City/Town,Open area,Human Error,No,Simple Injury,Skidding or Self accident,Not Applicable,Not Applicable,NH,Bitumen(Tar),Dry,Not Applicable,Clear,"B B Road,NH-7, Doddajala flyover",Electic pole,30 ft,0.0,0.0,0,0,0.0,0.0
Bengaluru City,Chikkajala Traffic PS,1.04432e+16,2016,1,2,Road Accidents,Narrow road,City/Town,Residential area,Human Error,No,Damage Only,Head on,Not at  Junction,Not Applicable,City or Town Road,Bitumen(Tar),Dry,Not Applicable,Clear,"Thanisandra Main Road, Near Sampigehalli PS",Electic pole,35 Ft,0.0,0.0,0,0,0.0,0.0
Bengaluru City,Chikkajala Traffic PS,1.04432e+16,2016,1,2,Road Accidents,Narrow road,City/Town,Residential area,Human Error,No,Simple Injury,Rear end,Not Applicable,Not Applicable,NH,Bitumen(Tar),Dry,Not Applicable,Clear,B B Road NH-7 Bettahalasuru Cross,Electic pole,65 ft,0.0,0.0,0,0,0.0,0.0
Bengaluru City,Chikkajala Traffic PS,1.04432e+16,2016,1,2,Not Applicable,Narrow road,Not Applicable,Near office complex,Human Error,No,Grievous Injury,Others,No signal lights,Not Applicable,Village Road,Not Applicable,Not Applicable,No influence on accident,Not Applicable,BAGALURU MAIN ROAD,HOOVINAYAKANAHALLI,15,0.0,0.0,0,0,0.0,0.0
Bengaluru City,Chikkajala Traffic PS,1.04432e+16,2016,1,1,Not Applicable,Y Junction,City/Town,Near Bus stop,Not Applicable,No,Simple Injury,Others,Give way sign,Curve,Two way,Concrete,Others,Not Applicable,Fine,yadiyuru road,Yadiyuru circla,1KM,0.0,0.0,0,1,0.0,1.0
Bengaluru City,Chikkajala Traffic PS,1.04432e+16,2016,1,2,Road Accidents,Narrow road,City/Town,Open area,Human Error,Yes,Simple Injury,Not Applicable,No signal lights,Not Applicable,City or Town Road,Not Applicable,Dry,No influence on accident,Fine,"NEAR H P PETROL BANK, BANDE HOSURU ROAD",BANDE HOSURU ROAD,12 KM,0.0,0.0,0,0,0.0,0.0
Bengaluru City,Chikkajala Traffic PS,1.04432e+16,2016,1,1,Road Accidents,Narrow road,City/Town,Near School or College,Human Error,No,Simple Injury,Hit pedestrian,Not Applicable,Not Applicable,City or Town Road,Bitumen(Tar),Dry,Not Applicable,Clear,"Bagaluru Main Road, near Yeshaswini School",Electric Pole,35 ft,0.0,0.0,0,0,0.0,0.0
Bengaluru City,Chikkajala Traffic PS,1.04432e+16,2016,1,2,Road Accidents,Narrow road,City/Town,Residential area,Human Error,Yes,Simple Injury,Hit and Run,Not Applicable,Not Applicable,NH,Bitumen(Tar),Dry,Not Applicable,Clear,BB Road NH-7 Service Road,Electic pole,65 ft,0.0,0.0,0,0,0.0,0.0
Bengaluru City,Chikkajala Traffic PS,1.04432e+16,2016,1,2,Road Accidents,Narrow road,City/Town,Near a factory industrial area,Human Error,Yes,Fatal,Rear end,Not Applicable,Not Applicable,City or Town Road,Bitumen(Tar),Dry,Not Applicable,Clear,"Rajanukunte Road, near Sindu Cargo company",Electic pole,35 ft,0.0,0.0,0,0,0.0,0.0
Bengaluru City,Chikkajala Traffic PS,1.04432e+16,2016,1,2,Road Accidents,Narrow road,City/Town,Near a factory industrial area,Human Error,No,Grievous Injury,Rear end,Not Applicable,Not Applicable,NH,Bitumen(Tar),Dry,Not Applicable,Clear,"BB Road, NH-7, near ITC Factory",Electic pole,65 ft,0.0,0.0,0,0,0.0,0.0
Bengaluru City,Chikkajala Traffic PS,1.04432e+16,2016,1,1,Not Applicable,Other,City/Town,Near School or College,Human Error,No,Fatal,Others,Not Applicable,Others,Others,Not Applicable,Dry,Not Applicable,Fine,BELLAHALLI TO KANNUR MAIN ROAD,IN FRONT OF SEN MERY PRIMARY SCHOOOL,9 KM,0.0,0.0,0,0,0.0,0.0
Bengaluru City,Chikkajala Traffic PS,1.04432e+16,2016,1,1,Not Applicable,Circle,City/Town,Near Bus stop,Human Error,No,Simple Injury,Hit pedestrian,Uncontrolled,Others,Sub Arterial,Concrete,Dry,Not Applicable,Fine,BAGALURU MAIN ROAD,GUNDAPPA CIRCLE,8KM,0.0,0.0,0,0,0.0,0.0
Bengaluru City,Chikkajala Traffic PS,1.04432e+16,2016,1,1,Not Applicable,More than four arms,City/Town,Near School or College,Human Error,No,Grievous Injury,Hit pedestrian,Not at  Junction,Sharp Curve,Two way,Not Applicable,Muddy,Pot holed,Fine,Bagaluru Main Road,Subramanya Driving School,11 KM,0.0,0.0,5,4,0.0,9.0
Bengaluru City,Chikkajala Traffic PS,1.04432e+16,2016,1,2,Not Applicable,Narrow road,City/Town,Near office complex,Human Error,No,Grievous Injury,Others,Not at  Junction,Others,One way,Gravel,Dry,Not Applicable,Others,BB ROAD,KNS KALYANAMANTAPA,1KM,0.0,0.0,0,0,3.0,3.0
Bengaluru City,Chikkajala Traffic PS,1.04432e+16,2016,1,2,Road Accidents,Narrow road,City/Town,Residential area,Human Error,Yes,Simple Injury,Head on,Not Applicable,Not Applicable,City or Town Road,Bitumen(Tar),Dry,Not Applicable,Clear,"Thirumenahalli Main Road, opp M N Guru Gokulam Aprtment, Agrahar Layout",Electic pole,30 ft,0.0,0.0,0,0,0.0,0.0
Bengaluru City,Chikkajala Traffic PS,1.04432e+16,2016,1,2,Road Accidents,Narrow road,City/Town,Residential area,Human Error,No,Simple Injury,Side swipe,Not Applicable,Not Applicable,NH,Bitumen(Tar),Dry,Not Applicable,Clear,"B B Road NH-7, opp Viva Toyota Show Room",Electic pole,65 ft,0.0,0.0,0,0,0.0,0.0
Bengaluru City,Chikkajala Traffic PS,1.04432e+16,2016,1,2,Road Accidents,Narrow road,City/Town,Residential area,Human Error,Yes,Grievous Injury,Hit and Run,Not Applicable,Not Applicable,City or Town Road,Bitumen(Tar),Dry,Not Applicable,Clear,Uttanahalli Main Road,Electic pole,35 ft,0.0,0.0,0,0,0.0,0.0
Bengaluru City,Chikkajala Traffic PS,1.04432e+16,2016,1,1,Road Accidents,Narrow road,City/Town,Residential area,Human Error,Yes,Fatal,Hit pedestrian,Not Applicable,Not Applicable,City or Town Road,Bitumen(Tar),Dry,Not Applicable,Clear,Palanahalli Main Road,Electic pole,20 ft,0.0,0.0,0,0,0.0,0.0
Bengaluru City,Chikkajala Traffic PS,1.04432e+16,2016,1,2,Road Accidents,Narrow road,City/Town,Residential area,Human Error,No,Simple Injury,Rear end,Not Applicable,Not Applicable,City or Town Road,Bitumen(Tar),Dry,Not Applicable,Clear,Bagaluru Main Road,opp Indian petrol Bunk,35 Ft,0.0,0.0,0,0,0.0,0.0
Bengaluru City,Chikkajala Traffic PS,1.04432e+16,2016,1,1,Not Applicable,Other,City/Town,Near Hospital,Human Error,Yes,Fatal,Hit and Run,Not at  Junction,Curve,NH,Not Applicable,Dry,Not Applicable,Fine,UTTANAHALLI,INFRONT OF SPANDANA CLINIC,3 KM,0.0,0.0,0,0,0.0,0.0
Bengaluru City,Chikkajala Traffic PS,1.04432e+16,2016,1,1,Not Applicable,Narrow road,City/Town,Near School or College,Human Error,No,Simple Injury,Not Applicable,Not Applicable,Others,Village Road,Not Applicable,Others,Not Applicable,Fine,BAGALURU MAIN ROAD,NEAR DELHI PUBLIC SCHOOL,8 KM,0.0,0.0,0,1,0.0,1.0
Bengaluru City,Chikkajala Traffic PS,1.04432e+16,2016,1,1,Not Applicable,Bridge,City/Town,Narrow bridge or culverts,Human Error,No,Fatal,Hit pedestrian,Not Applicable,Others,NH,Not Applicable,Dry,Not Applicable,Fine,BB ROAD,TOLL PLAZA,4 KM,0.0,0.0,0,0,0.0,0.0
Bengaluru City,Chikkajala Traffic PS,1.04432e+16,2016,1,2,Not Applicable,Narrow road,City/Town,Open area,Human Error,Not Applicable,Simple Injury,Rear end,Not at  Junction,Not Applicable,City or Town Road,Not Applicable,Others,Not Applicable,Fine,Telicom layout,Near police chek post,12KM,0.0,0.0,0,1,0.0,1.0
Bengaluru City,Chikkajala Traffic PS,1.04432e+16,2016,1,2,Not Applicable,Bridge,City/Town,Open area,Human Error,No,Damage Only,Others,Not Applicable,Others,City or Town Road,Not Applicable,Others,Not Applicable,Fine,BB Road,Chikkajala Brige,1KM,0.0,0.0,0,1,0.0,1.0
Bengaluru City,Chikkajala Traffic PS,1.04432e+16,2016,1,2,Road Accidents,Junction,City/Town,Open area,Human Error,Yes,Grievous Injury,Others,Controlled,Others,Two way,Gravel,Dry,Not Applicable,Fine,Narayanapura Juncationa,Janction,12 KM,0.0,0.0,0,0,3.0,3.0
Bengaluru City,Chikkajala Traffic PS,1.04432e+16,2017,1,1,Road Accidents,Junction,City/Town,Near Bus stop,Human Error,No,Grievous Injury,Others,Police / Manual,Others,Others,Not Applicable,Dry,Not Applicable,Fine,RK HEGGADENAGARA,RK HEGGADENAGARA,12KM,0.0,0.0,0,0,0.0,0.0
Bengaluru City,Chikkajala Traffic PS,1.04432e+16,2017,1,1,Not Applicable,Narrow road,City/Town,Near office complex,Human Error,No,Simple Injury,Drowned,No signal lights,Others,NH,Concrete,Dry,Not Applicable,Fine,BB ROAD,KNS CONVENTION,0.5,0.0,0.0,0,0,0.0,0.0
Bengaluru City,Chikkajala Traffic PS,1.04432e+16,2017,1,2,Not Applicable,Narrow road,City/Town,Open area,Human Error,No,Fatal,Others,Not Applicable,Curve,City or Town Road,Concrete,Dry,Not Applicable,Fine,HEGADENAGARA MAIN ROAD,CHOKKANAHALLI,4 KM,0.0,0.0,0,0,0.0,0.0
Bengaluru City,Chikkajala Traffic PS,1.04432e+16,2017,1,2,Not Applicable,Junction,City/Town,Open area,Human Error,Yes,Simple Injury,Hit and Run,No signal lights,Not Applicable,NH,Bitumen(Tar),Dry,Pot holed,Fine,NH 7 BB ROAD,A2B HOTEL,3 KM,0.0,0.0,5,0,0.0,5.0
Bengaluru City,Chikkajala Traffic PS,1.04432e+16,2017,1,2,Not Applicable,Other,City/Town,Near Bus stop,Human Error,No,Simple Injury,Others,Not Applicable,Not Applicable,City or Town Road,Bitumen(Tar),Dry,Not Applicable,Fine,BAGALURU  MAIN ROAD,NADAKACHERI,12 KM,0.0,0.0,0,0,0.0,0.0
Bengaluru City,Chikkajala Traffic PS,1.04432e+16,2017,1,1,Road Accidents,Junction,City/Town,Open area,Human Error,Yes,Damage Only,Overturning,Not Applicable,Curve,NH,Bitumen(Tar),Dry,Construction Work / Material,Fine,BB Road,Bettahalasuru Junction,4,0.0,0.0,2,0,0.0,2.0
Bengaluru City,Chikkajala Traffic PS,1.04432e+16,2017,1,2,Road Accidents,Bridge,City/Town,Open area,Human Error,No,Damage Only,Rear end,Uncontrolled,Curve,City or Town Road,Bitumen(Tar),Dry,Not Applicable,Fine,Hebbal Ring Road,Veerannanapalya Flay Over,19 KM,0.0,0.0,0,0,0.0,0.0
Bengaluru City,Chikkajala Traffic PS,1.04432e+16,2017,1,2,Not Applicable,Narrow road,City/Town,Near School or College,Human Error,Yes,Grievous Injury,Hit and Run,Uncontrolled,Others,City or Town Road,Bitumen(Tar),Dry,Not Applicable,Fine,Heggadenagara Main Road,In Front Shobha city,2KM,0.0,0.0,0,0,0.0,0.0
Bengaluru City,Chikkajala Traffic PS,1.04432e+16,2017,1,3,Road Accidents,Other,City/Town,Residential area,Human Error,No,Simple Injury,Hit pedestrian,Not Applicable,Others,City or Town Road,Bitumen(Tar),Dry,Not Applicable,Clear,Bagaluru Main Road,Electric Pole,30 ft,0.0,0.0,0,0,0.0,0.0
Bengaluru City,Chikkajala Traffic PS,1.04432e+16,2017,1,2,Road Accidents,Other,City/Town,Near a religious place,Human Error,No,Simple Injury,Rear end,Not Applicable,Others,City or Town Road,Bitumen(Tar),Dry,Not Applicable,Fine,Heggadenagar Main Road,In Front Of Haj Bhavan,12 KM,0.0,0.0,0,0,0.0,0.0
Bengaluru City,Chikkajala Traffic PS,1.04432e+16,2017,1,2,Not Applicable,Narrow road,City/Town,Open area,Human Error,No,Simple Injury,Not Applicable,Not at  Junction,Others,NH,Bitumen(Tar),Dry,Not Applicable,Fine,Mylanahalli Main Road,Near Poultry,10 KM,0.0,0.0,0,0,0.0,0.0
Bengaluru City,Chikkajala Traffic PS,1.04432e+16,2017,1,3,Road Accidents,Narrow road,City/Town,Open area,Human Error,No,Fatal,Not Applicable,No signal lights,Not Applicable,NH,Not Applicable,Not Applicable,No influence on accident,Fine,"NEAR HUNASAMARANAHALLI FLYOVER,",B B ROAD,12 KM,0.0,0.0,0,0,0.0,0.0
Bengaluru City,Chikkajala Traffic PS,1.04432e+16,2017,1,2,Not Applicable,Narrow road,City/Town,Open area,Human Error,No,Simple Injury,Side swipe,Uncontrolled,Curve,City or Town Road,Bitumen(Tar),Dry,Not Applicable,Fine,Heggadenagar Main Road,In Front Of TTI,0.5 KM,0.0,0.0,0,0,0.0,0.0
Bengaluru City,Chikkajala Traffic PS,1.04432e+16,2017,1,2,Not Applicable,Narrow road,City/Town,Residential area,Human Error,No,Simple Injury,Others,Uncontrolled,Not Applicable,Residential Street,Bitumen(Tar),Dry,Not Applicable,Fine,Rajanukunte Main Road,Near Patalamma Temple,25 KM,0.0,0.0,0,0,0.0,0.0
Bengaluru City,Chikkajala Traffic PS,1.04432e+16,2017,1,1,Not Applicable,Other,City/Town,Open area,Human Error,No,Simple Injury,Others,Controlled,Others,Village Road,Concrete,Dry,Not Applicable,Fine,Near ChapparadaKallu Stone,Near ChapparadaKallu Stone,25 KM,0.0,0.0,0,0,0.0,0.0
Bengaluru City,Chikkajala Traffic PS,1.04432e+16,2017,1,2,Road Accidents,Narrow road,City/Town,Open area,Human Error,No,Simple Injury,Not Applicable,No signal lights,Not Applicable,Two way,Not Applicable,Not Applicable,No influence on accident,Snow,"NEAR BASAVANNA TEMPLE, BAGALURU",B K HALLI ROAD,12 KM,0.0,0.0,0,0,0.0,0.0
Bengaluru City,Chikkajala Traffic PS,1.04432e+16,2017,1,1,Road Accidents,Narrow road,City/Town,Residential area,Human Error,No,Simple Injury,Not Applicable,No signal lights,Not Applicable,NH,Not Applicable,Not Applicable,No influence on accident,Others,"NEAR ANNAPOORNESHWARI HOTEL,",VIDYANAGA CROSS,15 KM,0.0,0.0,0,0,0.0,0.0
Bengaluru City,Chikkajala Traffic PS,1.04432e+16,2017,1,2,Road Accidents,Narrow road,City/Town,Open area,Human Error,No,Simple Injury,Others,Uncontrolled,Others,City or Town Road,Bitumen(Tar),Dry,Not Applicable,Fine,N H 7,Near Areva Factory,20,0.0,0.0,0,0,0.0,0.0
Bengaluru City,Chikkajala Traffic PS,1.04432e+16,2017,1,2,Road Accidents,Cross roads,City/Town,Residential area,Human Error,Yes,Damage Only,Hit and Run,Not Applicable,Not Applicable,Others,Bitumen(Tar),Dry,Not Applicable,Clear,Near Rakoom School Stone Hill Road,Electric Pole,50 ft,0.0,0.0,0,0,0.0,0.0
Bengaluru City,Chikkajala Traffic PS,1.04432e+16,2017,1,1,Road Accidents,Narrow road,City/Town,Open area,Human Error,Yes,Fatal,Hit bicyclist,Not Applicable,Not Applicable,NH,Bitumen(Tar),Dry,Not Applicable,Clear,"Near Toll plaza, B B Road",Electric Pole,100 ft,0.0,0.0,0,0,0.0,0.0
Bengaluru City,Chikkajala Traffic PS,1.04432e+16,2017,1,1,Not Applicable,Other,City/Town,Open area,Human Error,No,Simple Injury,Skidding or Self accident,Not at  Junction,Others,Village Road,Bitumen(Tar),Dry,Not Applicable,Fine,HEGGADENAGARA MAIN ROAD,NEAR RAILWAY,12 KM,0.0,0.0,0,0,0.0,0.0
Bengaluru City,Chikkajala Traffic PS,1.04432e+16,2017,1,1,Road Accidents,Narrow road,City/Town,At pedestrian Crossing,Human Error,Yes,Simple Injury,Hit pedestrian,Not at  Junction,Others,NH,Bitumen(Tar),Dry,Not Applicable,Clear,"B B Road, near Menukunte Hosur",Electric light pole,50 ft,0.0,0.0,0,0,0.0,0.0
Bengaluru City,Chikkajala Traffic PS,1.04432e+16,2017,1,1,Not Applicable,Other,City/Town,Near a religious place,Human Error,No,Grievous Injury,Drowned,Not at  Junction,Curve and Incline,Two way,Gravel,Not Applicable,Not Applicable,Cloudy,Heggadenagara Main Road,BLR,12KM,0.0,0.0,0,0,3.0,3.0
Bengaluru City,Chikkajala Traffic PS,1.04432e+16,2017,1,2,Not Applicable,Other,City/Town,Residential area,Human Error,No,Simple Injury,Rear end,Not at  Junction,Others,Others,Concrete,Dry,Not Applicable,Fine,HEGGADENAGARA,TELICOM LAYOUT 2 ND CROSS,12 KM,0.0,0.0,0,0,0.0,0.0
Bengaluru City,Chikkajala Traffic PS,1.04432e+16,2017,1,2,Not Applicable,Other,City/Town,Open area,Human Error,Yes,Simple Injury,Others,Not Applicable,Not Applicable,Others,Bitumen(Tar),Dry,Not Applicable,Fine,TELICOM LAYOUT,KUDUREGE,12 KM,0.0,0.0,0,0,0.0,0.0
Bengaluru City,Chikkajala Traffic PS,1.04432e+16,2017,1,2,Not Applicable,Other,City/Town,Open area,Human Error,No,Simple Injury,Others,No signal lights,Not Applicable,Two way,Bitumen(Tar),Dry,Not Applicable,Fine,HEGGADENAGARA,80 FEET ROAD,12 KM,0.0,0.0,0,0,0.0,0.0
Bengaluru City,Chikkajala Traffic PS,1.04432e+16,2017,1,2,Not Applicable,Other,City/Town,Near Bus stop,Human Error,Yes,Simple Injury,Hit and Run,Uncontrolled,Others,State Highway,Bitumen(Tar),Dry,Not Applicable,Fine,Bagaluru Main Road,Dwarakanagara Bus Stop,12 KM,0.0,0.0,0,0,0.0,0.0
Bengaluru City,Chikkajala Traffic PS,1.04432e+16,2017,1,1,Road Accidents,Narrow road,City/Town,Near Bus stop,Human Error,No,Simple Injury,Rear end,Uncontrolled,Others,NH,Bitumen(Tar),Dry,Not Applicable,Fine,BB Road NH-7,Safarin Furniture,0.5 KM,0.0,0.0,0,0,0.0,0.0
Bengaluru City,Chikkajala Traffic PS,1.04432e+16,2017,1,1,Road Accidents,Narrow road,City/Town,Residential area,Vehicle Defect,No,Damage Only,Not Applicable,No signal lights,Not Applicable,NH,Not Applicable,Not Applicable,No influence on accident,Others,"NEAR BHARATHINAGAR CROSS,",B B Road,12 KM,0.0,0.0,0,0,0.0,0.0
Bengaluru City,Chikkajala Traffic PS,1.04432e+16,2017,1,2,Not Applicable,Other,City/Town,Open area,Human Error,Yes,Damage Only,Others,Uncontrolled,Others,City or Town Road,Bitumen(Tar),Dry,Not Applicable,Fine,Manyata Tech Park,Verannanapalya U Tern,8 KM,0.0,0.0,0,0,0.0,0.0
Bengaluru City,Chikkajala Traffic PS,1.04432e+16,2017,1,1,Road Accidents,Cross roads,City/Town,Open area,Human Error,No,Damage Only,Others,Uncontrolled,Curve,NH,Bitumen(Tar),Dry,Not Applicable,Fine,BB Road NH,Bharathinagar Cross,25,0.0,0.0,0,0,0.0,0.0
Bengaluru City,Chikkajala Traffic PS,1.04432e+16,2017,1,2,Road Accidents,Narrow road,City/Town,Open area,Human Error,No,Simple Injury,Others,Uncontrolled,Not Applicable,NH,Bitumen(Tar),Dry,Not Applicable,Fine,BB Road NH 47,Infront Of petron Bunk,25 KM,0.0,0.0,0,0,0.0,0.0
Bengaluru City,Chikkajala Traffic PS,1.04432e+16,2017,1,2,Not Applicable,Other,City/Town,Open area,Human Error,No,Damage Only,Others,Uncontrolled,Curve,Others,Bitumen(Tar),Dry,Not Applicable,Fine,12 th Cross MCECHS Latout Heggadenagara,12 th Cross MCECHS Latout Heggadenagara,3,0.0,0.0,0,0,0.0,0.0
Bengaluru City,Chikkajala Traffic PS,1.04432e+16,2017,1,1,Road Accidents,Other,City/Town,Open area,Human Error,No,Simple Injury,Others,Uncontrolled,Others,NH,Bitumen(Tar),Dry,Not Applicable,Fine,In Front Of Green Viw Daba,In Front Of Green Viw Daba,8KM,0.0,0.0,0,0,0.0,0.0
Bengaluru City,Chikkajala Traffic PS,1.04432e+16,2017,1,2,Road Accidents,Cross roads,City/Town,Residential area,Human Error,Yes,Grievous Injury,Head on,Not Applicable,Not Applicable,Others,Bitumen(Tar),Dry,Not Applicable,Clear,KODAGALAHATTI HOSAHALLI MAIN ROAD,Electric Pole,20 FT,0.0,0.0,0,0,0.0,0.0
Bengaluru City,Chikkajala Traffic PS,1.04432e+16,2017,1,2,Road Accidents,Junction,Not Applicable,Near Bus stop,Human Error,No,Grievous Injury,Head on,Not at  Junction,Curve,NH,Not Applicable,Others,Not Applicable,Not Applicable,1,Ner Hosur Bus stop,1KM,0.0,0.0,0,1,0.0,1.0
Bengaluru City,Chikkajala Traffic PS,1.04432e+16,2017,1,2,Not Applicable,Other,City/Town,Open area,Human Error,No,Simple Injury,Rear end,Not Applicable,Others,City or Town Road,Bitumen(Tar),Dry,Not Applicable,Fine,Heggadenagara Main,Near Haj Bhavan,12 Km,0.0,0.0,0,0,0.0,0.0
Bengaluru City,Chikkajala Traffic PS,1.04432e+16,2017,1,2,Road Accidents,Railway crossing,City/Town,Open area,Human Error,Yes,Grievous Injury,Hit puchcart,Police / Manual,Others,Others,Not Applicable,Dry,Not Applicable,Snow,SRIRAMPUR RIALWAY GATE,SRIRAMPURA RAILWAY,12 KM,0.0,0.0,0,0,0.0,0.0
Bengaluru City,Chikkajala Traffic PS,1.04432e+16,2017,1,1,Not Applicable,Junction,City/Town,Near office complex,Human Error,No,Simple Injury,Hit pedestrian,No signal lights,Curve,NH,Bitumen(Tar),Dry,Not Applicable,Fine,BETTAHALASURU CROSS,SONNAPPANAHALLI,3KM,0.0,0.0,0,0,0.0,0.0
Bengaluru City,Chikkajala Traffic PS,1.04432e+16,2017,1,1,Not Applicable,Narrow road,City/Town,Near office complex,Human Error,No,Fatal,Hit pedestrian,Uncontrolled,Others,Residential Street,Bitumen(Tar),Dry,Not Applicable,Fine,InFront Of Muttut Finance,Near Ganesha Temple,12 km,0.0,0.0,0,0,0.0,0.0
Bengaluru City,Chikkajala Traffic PS,1.04432e+16,2017,1,3,Road Accidents,T Junction,City/Town,Open area,Human Error,No,Simple Injury,Rear end,Controlled,Others,NH,Bitumen(Tar),Dry,Not Applicable,Fine,BB Road,Sadahalli Junction,3 KM,0.0,0.0,0,0,0.0,0.0
Bengaluru City,Chikkajala Traffic PS,1.04432e+16,2017,1,2,Not Applicable,Not Applicable,Not Applicable,Open area,Not Applicable,No,Damage Only,Not Applicable,Not at  Junction,Not Applicable,NH,Not Applicable,Not Applicable,No influence on accident,Not Applicable,NH 7,NH,50 FT,0.0,0.0,0,0,0.0,0.0
Bengaluru City,Chikkajala Traffic PS,1.04432e+16,2017,1,2,Not Applicable,Narrow road,City/Town,Near Bus stop,Human Error,No,Simple Injury,Rear end,Uncontrolled,Not Applicable,City or Town Road,Bitumen(Tar),Dry,Pot holed,Fine,Bagaluru Main Road,Near Kattigenahallli Bus Stop,8KM,0.0,0.0,5,0,0.0,5.0
Bengaluru City,Chikkajala Traffic PS,1.04432e+16,2017,1,2,Road Accidents,Narrow road,City/Town,Residential area,Human Error,No,Grievous Injury,Not Applicable,No signal lights,Not Applicable,City or Town Road,Not Applicable,Not Applicable,Not Applicable,Fine,"NEAR REVA COLLEGE,",NEAR UDAPI UPAHAR HOTEL,8 KM,0.0,0.0,0,0,0.0,0.0
Bengaluru City,Chikkajala Traffic PS,1.04432e+16,2017,1,1,Road Accidents,Other,City/Town,Residential area,Human Error,No,Fatal,Hit pedestrian,Uncontrolled,Others,City or Town Road,Bitumen(Tar),Dry,Not Applicable,Fine,Maranayakanahalli,Infront Of Sheeta Angadi,4KM,0.0,0.0,0,0,0.0,0.0
Bengaluru City,Chikkajala Traffic PS,1.04432e+16,2017,1,2,Road Accidents,Other,City/Town,Open area,Human Error,Yes,Simple Injury,Hit and Run,Uncontrolled,Others,City or Town Road,Bitumen(Tar),Dry,Not Applicable,Fine,Near Gopalapur Budigere Main Road Bagaluru,Near Gopalapur Budigere Main Road Bagaluru,8 KM,0.0,0.0,0,0,0.0,0.0
Bengaluru City,Chikkajala Traffic PS,1.04432e+16,2017,1,2,Road Accidents,Other,City/Town,Open area,Human Error,No,Simple Injury,Others,Uncontrolled,Others,Others,Bitumen(Tar),Dry,Not Applicable,Fine,In Front Of SLN HOTEL BB Road,In Front Of SLN HOTEL BB Road,19 KM,0.0,0.0,0,0,0.0,0.0
Bengaluru City,Chikkajala Traffic PS,1.04432e+16,2017,1,2,Not Applicable,Other,City/Town,Open area,Human Error,No,Simple Injury,Others,Uncontrolled,Curve,City or Town Road,Bitumen(Tar),Dry,Not Applicable,Fine,In Front Of Kanaka Sri Layuut Bagaluru Kannuru Road,In Front Of Kanaka Sri Layuut Bagaluru Kannuru Road,8km,0.0,0.0,0,0,0.0,0.0