DISTRICTNAME,UNITNAME,Crime_No,Year,RI,Noofvehicle_involved,Accident_Classification,Accident_Spot,Accident_Location,Accident_SubLocation,Main_Cause,Hit_Run,Severity,Collision_Type,Junction_Control,Road_Character,Road_Type,Surface_Type,Surface_Condition,Road_Condition,Weather,Accident_Road,Landmark_first,Distance_LandMark_First,Latitude,Longitude,Road_Condition_Score,Surface_Condition_Score,Surface_Type_Score,Road_Risk_Index
Bengaluru City,Chikkajala Traffic PS,1.04432e+16,2017,1,2,Road Accidents,Junction,City/Town,Near Bus stop,Vehicle Defect,No,Damage Only,Others,Police / Manual,Others,NH,Not Applicable,Dry,Not Applicable,Fine,MVIT JUCTION,MVIT,2 KM,0.0,0.0,0,0,0.0,0.0
Bengaluru City,Chikkajala Traffic PS,1.04432e+16,2017,1,1,Not Applicable,Junction,City/Town,Near Bus stop,Human Error,No,Fatal,Hit pedestrian,No signal lights,Slight Curve,NH,Not Applicable,Dry,Not Applicable,Fine,NH 7,NEAR ITC JUNCTION,2KM,0.0,0.0,0,0,0.0,0.0
Bengaluru City,Chikkajala Traffic PS,1.04432e+16,2017,1,1,Not Applicable,Bridge,City/Town,Open area,Human Error,No,Damage Only,Others,Uncontrolled,Others,NH,Bitumen(Tar),Dry,Not Applicable,Fine,NH 7 VIDYANAGARA,NH 7,1 KM,0.0,0.0,0,0,0.0,0.0
Bengaluru City,Chikkajala Traffic PS,1.04432e+16,2017,1,1,Not Applicable,Narrow road,City/Town,Open area,Human Error,No,Simple Injury,Not Applicable,No signal lights,Not Applicable,NH,Bitumen(Tar),Dry,Drainage Ditch,Fine,SADAHALLI,BB ROAD,3 KM,0.0,0.0,4,0,0.0,4.0
Bengaluru City,Chikkajala Traffic PS,1.04432e+16,2017,1,2,Road Accidents,Junction,City/Town,Open area,Human Error,No,Simple Injury,Side impact or Right angle,Uncontrolled,Not Applicable,Village Road,Bitumen(Tar),Dry,Not Applicable,Fine,MVIT,Neat Sindu Corgo,3KM,0.0,0.0,0,0,0.0,0.0
Bengaluru City,Chikkajala Traffic PS,1.04432e+16,2017,1,2,Not Applicable,Circle,City/Town,Open area,Human Error,Yes,Grievous Injury,Not Applicable,Uncontrolled,Not Applicable,City or Town Road,Bitumen(Tar),Dry,Not Applicable,Fine,Srirampura Road,Railway Under pass,2KM,0.0,0.0,0,0,0.0,0.0
Bengaluru City,Chikkajala Traffic PS,1.04432e+16,2017,1,3,Road Accidents,Junction,City/Town,At pedestrian Crossing,Human Error,No,Damage Only,Rear end,Controlled,Others,NH,Bitumen(Tar),Dry,Not Applicable,Clear,B B ROAD SADAHALLI SIGNAL LIGHT,Electric Pole,50 ft,0.0,0.0,0,0,0.0,0.0
Bengaluru City,Chikkajala Traffic PS,1.04432e+16,2017,1,1,Not Applicable,Narrow road,City/Town,Open area,Human Error,No,Simple Injury,Skidding or Self accident,Controlled,Curve,NH,Bitumen(Tar),Dry,Not Applicable,Fine,HUNASAMARANAHALLI NH 7,IN FRONT OF DODDAMANE STORE,2 KM,0.0,0.0,0,0,0.0,0.0
Bengaluru City,Chikkajala Traffic PS,1.04432e+16,2017,1,2,Road Accidents,Narrow road,City/Town,Near office complex,Human Error,Yes,Simple Injury,Side swipe,Not at  Junction,Others,City or Town Road,Bitumen(Tar),Dry,Not Applicable,Fine,Bagaluru Main Road,In front Of Kanti Sweets,7Km,0.0,0.0,0,0,0.0,0.0
Bengaluru City,Chikkajala Traffic PS,1.04432e+16,2017,1,3,Road Accidents,Offset,City/Town,Near School or College,Human Error,No,Fatal,Side swipe,Uncontrolled,Not Applicable,City or Town Road,Bitumen(Tar),Dry,Not Applicable,Fine,Near Reva College,Green View Dhaba,9KM,0.0,0.0,0,0,0.0,0.0
Bengaluru City,Chikkajala Traffic PS,1.04432e+16,2017,1,2,Road Accidents,Narrow road,City/Town,Residential area,Human Error,Yes,Simple Injury,Not Applicable,No signal lights,Not Applicable,City or Town Road,Not Applicable,Others,Not Applicable,Others,NEAR NADAGOKULA KALYANA MANTAPPA,NARAYANAPURA,2 KM,0.0,0.0,0,1,0.0,1.0
Bengaluru City,Chikkajala Traffic PS,1.04432e+16,2017,1,2,Road Accidents,Narrow road,City/Town,Open area,Human Error,No,Grievous Injury,Not Applicable,No signal lights,Not Applicable,Others,Not Applicable,Not Applicable,Not Applicable,Others,"DODDAJALA RAILWAY GATE,",NEAR CHIKKAJALA,12 KM,0.0,0.0,0,0,0.0,0.0
Bengaluru City,Chikkajala Traffic PS,1.04432e+16,2017,1,2,Road Accidents,Curves,City/Town,Near office complex,Human Error,No,Simple Injury,Not Applicable,Uncontrolled,Curve,State Highway,Bitumen(Tar),Dry,Not Applicable,Fine,Manyata Tech Park,Pedility Company,15,0.0,0.0,0,0,0.0,0.0
Bengaluru City,Chikkajala Traffic PS,1.04432e+16,2017,1,1,Road Accidents,Narrow road,City/Town,Narrow bridge or culverts,Human Error,No,Damage Only,Hit and Run,Uncontrolled,Others,NH,Bitumen(Tar),Dry,Not Applicable,Fine,Hunasamaranahalli  Fly Over,BB Road,18,0.0,0.0,0,0,0.0,0.0
Bengaluru City,Chikkajala Traffic PS,1.04432e+16,2017,1,1,Road Accidents,Other,City/Town,Residential area,Human Error,Not Applicable,Damage Only,Skidding or Self accident,Uncontrolled,Others,City or Town Road,Bitumen(Tar),Dry,Not Applicable,Fine,HEGGADENAGARA MAIN ROAD,INFRONT OF SHOBHA CITY,2 KM,0.0,0.0,0,0,0.0,0.0
Bengaluru City,Chikkajala Traffic PS,1.04432e+16,2017,1,2,Road Accidents,Narrow road,City/Town,Open area,Human Error,No,Grievous Injury,Rear end,Not Applicable,Not Applicable,Others,Bitumen(Tar),Dry,Not Applicable,Clear,"KIADB Road, near Helmenchuru company",Electric Pole,50 ft,0.0,0.0,0,0,0.0,0.0
Bengaluru City,Chikkajala Traffic PS,1.04432e+16,2017,1,1,Road Accidents,Culvert,City/Town,Open area,Human Error,No,Simple Injury,Hit pedestrian,Not Applicable,Not Applicable,City or Town Road,Bitumen(Tar),Dry,Not Applicable,Clear,Reva college Road,Electric Pole,50 ft,0.0,0.0,0,0,0.0,0.0
Bengaluru City,Chikkajala Traffic PS,1.04432e+16,2017,1,2,Not Applicable,Y Junction,City/Town,Near Petrol Pump,Not Applicable,No,Simple Injury,Others,Not Applicable,Others,State Highway,Not Applicable,Others,Construction Work / Material,Others,BB VIDYANAGA CROSS,VIDYANAGA CROS,2.KM,0.0,0.0,2,1,0.0,3.0
Bengaluru City,Chikkajala Traffic PS,1.04432e+16,2017,1,2,Not Applicable,Round about or Circle,City/Town,Near a religious place,Vehicle Defect,No,Grievous Injury,Others,Not Applicable,Others,State Highway,Not Applicable,Others,Not Applicable,Others,DODDAJALA,MUUNUKUNTE,3KM,0.0,0.0,0,1,0.0,1.0
Bengaluru City,Chikkajala Traffic PS,1.04432e+16,2017,1,1,Other Railway Accidents,Circle,City/Town,Near Bus stop,Human Error,Not Applicable,Damage Only,Head on,Uncontrolled,Slight Curve,Two way,Gravel,Others,Pot holed,Very Hot,MITAGANAHALLI,REVA CALALGE,11 KM,0.0,0.0,5,1,3.0,9.0
Bengaluru City,Chikkajala Traffic PS,1.04432e+16,2017,1,3,Not Applicable,Other,City/Town,Near Bus stop,Human Error,No,Grievous Injury,Others,Not Applicable,Others,Two way,Bitumen(Tar),Dry,Not Applicable,Fine,BB ROAD,NH 7,1 KM,0.0,0.0,0,0,0.0,0.0
Bengaluru City,Chikkajala Traffic PS,1.04432e+16,2017,1,1,Road Accidents,Cross roads,Rural Areas,Near office complex,Human Error,No,Simple Injury,Not Applicable,Uncontrolled,Others,Village Road,Bitumen(Tar),Dry,Not Applicable,Fine,Suggatta Village,Near Milk Dairy,5 Km,0.0,0.0,0,0,0.0,0.0
Bengaluru City,Chikkajala Traffic PS,1.04432e+16,2017,1,1,Road Accidents,Other,City/Town,Near School or College,Human Error,Yes,Simple Injury,Rear end,Not Applicable,Sharp Curve,City or Town Road,Bitumen(Tar),Dry,Drainage Ditch,Fine,Campus,Reva Collage,8KM,0.0,0.0,4,0,0.0,4.0
Bengaluru City,Chikkajala Traffic PS,1.04432e+16,2017,1,1,Road Accidents,Narrow road,City/Town,Open area,Human Error,No,Simple Injury,Not Applicable,Police / Manual,Others,NH,Not Applicable,Others,Not Applicable,Others,NEAR SADAHALLI JUNCTION,B B ROAD,15 KM,0.0,0.0,0,1,0.0,1.0
Bengaluru City,Chikkajala Traffic PS,1.04432e+16,2017,1,2,Not Applicable,Narrow road,City/Town,Open area,Human Error,Yes,Simple Injury,Others,Uncontrolled,Others,City or Town Road,Bitumen(Tar),Dry,Not Applicable,Fine,Near Corporation Bunk 80 feet Road,Near Corporation Bunk 80 feet Road,4KM,0.0,0.0,0,0,0.0,0.0
Bengaluru City,Chikkajala Traffic PS,1.04432e+16,2017,1,2,Road Accidents,Other,City/Town,Near Petrol Pump,Human Error,No,Simple Injury,Others,Uncontrolled,Others,City or Town Road,Bitumen(Tar),Dry,Not Applicable,Fine,In Front Of Indian Petrol Bunk,In Front Of Indian Petrol Bunk,8KM,0.0,0.0,0,0,0.0,0.0
Bengaluru City,Chikkajala Traffic PS,1.04432e+16,2017,1,1,Road Accidents,Narrow road,City/Town,Residential area,Human Error,No,Simple Injury,Hit pedestrian,Not at  Junction,Others,City or Town Road,Bitumen(Tar),Dry,Not Applicable,Clear,R K HEGDENAGAR MAIN ROAD NEAR EBISU CONVENTION CENTRE,Electric Pole,50 ft,0.0,0.0,0,0,0.0,0.0
Bengaluru City,Chikkajala Traffic PS,1.04432e+16,2017,1,2,Not Applicable,Bridge,City/Town,Near office complex,Human Error,No,Fatal,Rear end,Not Applicable,Not Applicable,Two way,Concrete,Dry,Not Applicable,Fine,VEERANNANAPALYA HEBBALA,ACHI MOTORS,18 KM,0.0,0.0,0,0,0.0,0.0
Bengaluru City,Chikkajala Traffic PS,1.04432e+16,2017,1,2,Not Applicable,Junction,City/Town,Near School or College,Human Error,No,Simple Injury,Head on,No signal lights,Not Applicable,NH,Bitumen(Tar),Dry,Not Applicable,Fine,MVIT BB ROAD,PETROL BUNK,3 KM,0.0,0.0,0,0,0.0,0.0
Bengaluru City,Chikkajala Traffic PS,1.04432e+16,2017,1,1,Not Applicable,Circle,City/Town,Open area,Human Error,No,Damage Only,Others,No signal lights,Curve,NH,Bitumen(Tar),Dry,Not Applicable,Fine,BHARATHINAGARA CROSS,BB ROAD,2 KM,0.0,0.0,0,0,0.0,0.0
Bengaluru City,Chikkajala Traffic PS,1.04432e+16,2017,1,2,Road Accidents,Narrow road,City/Town,Open area,Human Error,No,Damage Only,Head on,Uncontrolled,Not Applicable,Others,Bitumen(Tar),Dry,Not Applicable,Fine,Near Hanuman Temple,Near Hanuman Temple,6KM,0.0,0.0,0,0,0.0,0.0
Bengaluru City,Chikkajala Traffic PS,1.04432e+16,2017,1,2,Road Accidents,Circle,City/Town,Near Petrol Pump,Human Error,No,Grievous Injury,Rear end,Controlled,Not Applicable,NH,Bitumen(Tar),Dry,Not Applicable,Fine,INFRONT OF PETROL BUNK NEAR SADAHALLI GATE JUNCTION B.B. ROAD,INFRONT OF PETROL BUNK,20 KM,0.0,0.0,0,0,0.0,0.0
Bengaluru City,Chikkajala Traffic PS,1.04432e+16,2018,1,2,Road Accidents,Cross roads,City/Town,Open area,Human Error,No,Simple Injury,Others,Uncontrolled,Others,NH,Bitumen(Tar),Dry,Not Applicable,Fine,Bettahalasuru Cross BB Road,Bettahalasuru Cross BB Road,16 KM,0.0,0.0,0,0,0.0,0.0
Bengaluru City,Chikkajala Traffic PS,1.04432e+16,2018,1,1,Road Accidents,Bridge,City/Town,Open area,Human Error,No,Simple Injury,Side swipe,Uncontrolled,Others,NH,Bitumen(Tar),Dry,Not Applicable,Fine,BB Road,Near Doddajala Plya Over On,18 KM,0.0,0.0,0,0,0.0,0.0
Bengaluru City,Chikkajala Traffic PS,1.04432e+16,2018,1,2,Road Accidents,Narrow road,City/Town,Open area,Human Error,No,Simple Injury,Others,Uncontrolled,Others,NH,Bitumen(Tar),Dry,Not Applicable,Fine,NH BB Raod,Near Sadahalli Tool,16 Km,0.0,0.0,0,0,0.0,0.0
Bengaluru City,Chikkajala Traffic PS,1.04432e+16,2018,1,1,Road Accidents,Circle,City/Town,Near Bus stop,Human Error,No,Damage Only,Others,Controlled,Others,NH,Bitumen(Tar),Dry,Not Applicable,Fine,NH 7,Near Sadahalli Gate,16 KM,0.0,0.0,0,0,0.0,0.0
Bengaluru City,Chikkajala Traffic PS,1.04432e+16,2018,1,1,Road Accidents,Circle,City/Town,Near Bus stop,Human Error,No,Fatal,Hit pedestrian,Uncontrolled,Others,NH,Bitumen(Tar),Dry,Not Applicable,Fine,NH7 Service Raod,Vidyanagara Cross,17 KM,0.0,0.0,0,0,0.0,0.0
Bengaluru City,Chikkajala Traffic PS,1.04432e+16,2018,1,1,Road Accidents,Narrow road,City/Town,Open area,Human Error,Yes,Fatal,Hit and Run,Uncontrolled,Not Applicable,NH,Bitumen(Tar),Dry,Not Applicable,Fine,BB Road NH 7,Bettahalasuru,13 KM,0.0,0.0,0,0,0.0,0.0
Bengaluru City,Chikkajala Traffic PS,1.04432e+16,2018,1,2,Road Accidents,Narrow road,City/Town,Near office complex,Human Error,Yes,Simple Injury,Hit and Run,Uncontrolled,Others,City or Town Road,Bitumen(Tar),Others,Not Applicable,Fine,Heggadenagara Main Road,Opp Nakshtra APT,1 KM,0.0,0.0,0,1,0.0,1.0
Bengaluru City,Chikkajala Traffic PS,1.04432e+16,2018,1,2,Road Accidents,Narrow road,City/Town,Open area,Human Error,No,Grievous Injury,Others,Uncontrolled,Others,NH,Bitumen(Tar),Not Applicable,Pot holed,Fine,NH 7,On Flyover Vidyangara Cross,17 KM,0.0,0.0,5,0,0.0,5.0
Bengaluru City,Chikkajala Traffic PS,1.04432e+16,2018,1,2,Road Accidents,Narrow road,City/Town,Open area,Human Error,No,Damage Only,Head on,Uncontrolled,Others,City or Town Road,Bitumen(Tar),Others,Not Applicable,Fine,Thanisandra Main Road,Near Adhiswara ShowRoom,1 KM,0.0,0.0,0,1,0.0,1.0
Bengaluru City,Chikkajala Traffic PS,1.04432e+16,2018,1,2,Road Accidents,Circle,City/Town,Open area,Human Error,Yes,Simple Injury,Hit and Run,Controlled,Not Applicable,City or Town Road,Bitumen(Tar),Dry,Not Applicable,Fine,SADAHALLI JUNCTION,SADAHALLI JUNCTION,17 KM,0.0,0.0,0,0,0.0,0.0
Bengaluru City,Chikkajala Traffic PS,1.04432e+16,2018,1,1,Road Accidents,Narrow road,City/Town,Near Bus stop,Human Error,No,Fatal,Hit pedestrian,Uncontrolled,Others,City or Town Road,Bitumen(Tar),Dry,Not Applicable,Fine,BAGALURU MAIN ROAD,SRINIVASAPURA GATE BUS STOP,6 KM,0.0,0.0,0,0,0.0,0.0
Bengaluru City,Chikkajala Traffic PS,1.04432e+16,2018,1,3,Road Accidents,Bridge,City/Town,Open area,Human Error,Yes,Damage Only,Hit and Run,Uncontrolled,Others,City or Town Road,Bitumen(Tar),Dry,Not Applicable,Fine,Nagawara Ring Road,On Nagawara Fly Over,6 Km,0.0,0.0,0,0,0.0,0.0
Bengaluru City,Chikkajala Traffic PS,1.04432e+16,2018,1,2,Road Accidents,Narrow road,City/Town,Open area,Human Error,No,Simple Injury,Others,Controlled,Curve,NH,Bitumen(Tar),Dry,Not Applicable,Fine,BB ROAD,NEAR CHIKKAJALA FLY OVER,15 KM,0.0,0.0,0,0,0.0,0.0
Bengaluru City,Chikkajala Traffic PS,1.04432e+16,2018,1,2,Road Accidents,Narrow road,City/Town,Open area,Human Error,Yes,Grievous Injury,Hit and Run,Uncontrolled,Not Applicable,NH,Bitumen(Tar),Dry,Not Applicable,Fine,NH 7 B B Road,Hunasamaranahalli Up Ramp,12 KM,0.0,0.0,0,0,0.0,0.0
Bengaluru City,Chikkajala Traffic PS,1.04432e+16,2018,1,2,Road Accidents,Circle,City/Town,Near Bus stop,Human Error,No,Grievous Injury,Not Applicable,Controlled,Others,Expressway,Bitumen(Tar),Others,Not Applicable,Fine,B B Road,Sadahalli Junction,18 KM,0.0,0.0,0,1,0.0,1.0
Bengaluru City,Chikkajala Traffic PS,1.04432e+16,2018,1,2,Road Accidents,Narrow road,City/Town,Open area,Human Error,No,Grievous Injury,Head on,Uncontrolled,Others,Others,Bitumen(Tar),Dry,Not Applicable,Fine,Telicom Layout,80 Feet Road,4 KM,0.0,0.0,0,0,0.0,0.0
Bengaluru City,Chikkajala Traffic PS,1.04432e+16,2018,1,2,Road Accidents,Narrow road,City/Town,Open area,Human Error,Yes,Damage Only,Head on,Uncontrolled,Others,NH,Bitumen(Tar),Dry,Not Applicable,Fine,Shettige Road,Near Doddajala Railway Station,16,0.0,0.0,0,0,0.0,0.0
Bengaluru City,Chikkajala Traffic PS,1.04432e+16,2018,1,2,Road Accidents,Narrow road,City/Town,Open area,Human Error,Yes,Simple Injury,Hit and Run,Uncontrolled,Not Applicable,City or Town Road,Bitumen(Tar),Not Applicable,Not Applicable,Fine,Rachenahalli Raoad,Railway Parallel oad,4 KM,0.0,0.0,0,0,0.0,0.0
Bengaluru City,Chikkajala Traffic PS,1.04432e+16,2018,1,1,Road Accidents,Narrow road,City/Town,Open area,Human Error,Yes,Fatal,Hit and Run,Uncontrolled,Not Applicable,NH,Bitumen(Tar),Dry,Not Applicable,Fine,"Near MVIT , NH-7",Opp A2B,14KM,0.0,0.0,0,0,0.0,0.0
Bengaluru City,Chikkajala Traffic PS,1.04432e+16,2018,1,2,Road Accidents,Narrow road,City/Town,Open area,Human Error,Yes,Fatal,Hit and Run,Uncontrolled,Not Applicable,Village Road,Bitumen(Tar),Dry,Not Applicable,Fine,Uttanahallli Road,Near Anjinappa House,19 KM,0.0,0.0,0,0,0.0,0.0
Bengaluru City,Chikkajala Traffic PS,1.04432e+16,2018,1,2,Road Accidents,Other,City/Town,Residential area,Human Error,No,Simple Injury,Others,Uncontrolled,Curve,Others,Bitumen(Tar),Dry,Not Applicable,Fine,Near Telicom layout Rly gate Telicom layout Road,Near Telicom layout,2 km,0.0,0.0,0,0,0.0,0.0
Bengaluru City,Chikkajala Traffic PS,1.04432e+16,2018,1,3,Road Accidents,Narrow road,City/Town,Open area,Human Error,No,Damage Only,Rear end,Uncontrolled,Not Applicable,NH,Bitumen(Tar),Dry,Not Applicable,Fine,N H,Chikkajala Traffic Ps,14,0.0,0.0,0,0,0.0,0.0
Bengaluru City,Chikkajala Traffic PS,1.04432e+16,2018,1,2,Road Accidents,Other,City/Town,Open area,Human Error,No,Simple Injury,Others,Uncontrolled,Curve,Others,Bitumen(Tar),Dry,Not Applicable,Fine,NEAR SRIRAMPURA TELICOM RAILWAY GATE,NEAR SRIRAMPURA TELICOM RAILWAY GATE,3 KM,13.07161,77.61885,0,0,0.0,0.0
Bengaluru City,Chikkajala Traffic PS,1.04432e+16,2018,1,2,Not Applicable,Narrow road,City/Town,Open area,Human Error,No,Simple Injury,Rear end,Uncontrolled,Others,City or Town Road,Bitumen(Tar),Dry,Not Applicable,Fine,NEAR GREEN VIEW DABHA REVA COLLEGE ROAD BLR,NEAR GREEN VIEW DABHA REVA COLLEGE ROAD BLR,5 KM,0.0,0.0,0,0,0.0,0.0
Bengaluru City,Chikkajala Traffic PS,1.04432e+16,2018,1,2,Road Accidents,Narrow road,City/Town,Open area,Human Error,No,Simple Injury,Others,Uncontrolled,Not Applicable,NH,Bitumen(Tar),Dry,Not Applicable,Fine,BB Road,Near ITC Factory,18 KM,0.0,0.0,0,0,0.0,0.0
Bengaluru City,Chikkajala Traffic PS,1.04432e+16,2018,1,2,Road Accidents,Junction,City/Town,Open area,Human Error,No,Damage Only,Not Applicable,Controlled,Others,NH,Bitumen(Tar),Dry,Not Applicable,Fine,NH 7,SADAHALLI JUNCTION,17 KM,0.0,0.0,0,0,0.0,0.0
Bengaluru City,Chikkajala Traffic PS,1.04432e+16,2018,1,1,Road Accidents,Narrow road,City/Town,Near Bus stop,Human Error,No,Fatal,Hit pedestrian,Uncontrolled,Others,NH,Bitumen(Tar),Dry,Not Applicable,Fine,N H 7,Near MVIT Cross,13,0.0,0.0,0,0,0.0,0.0
Bengaluru City,Chikkajala Traffic PS,1.04432e+16,2018,1,2,Road Accidents,Narrow road,City/Town,Open area,Human Error,No,Simple Injury,Others,Uncontrolled,Others,Village Road,Bitumen(Tar),Dry,Not Applicable,Fine,Agrahara Village Raod,Near Ayyappa Enclave,4Km,0.0,0.0,0,0,0.0,0.0
Bengaluru City,Chikkajala Traffic PS,1.04432e+16,2018,1,1,Road Accidents,Narrow road,City/Town,Near office complex,Human Error,Yes,Simple Injury,Hit and Run,Uncontrolled,Others,NH,Bitumen(Tar),Dry,Not Applicable,Fine,NH  BB Road,Infornt Of Itihaas Restaurant,14 KM,0.0,0.0,0,0,0.0,0.0
Bengaluru City,Chikkajala Traffic PS,1.04432e+16,2018,1,1,Road Accidents,Narrow road,City/Town,Near Hospital,Human Error,Yes,Grievous Injury,Hit pedestrian,Uncontrolled,Others,Others,Bitumen(Tar),Dry,Not Applicable,Fine,80 Feet Raod,Heggadenagara Main Raod,3 Km,0.0,0.0,0,0,0.0,0.0
Bengaluru City,Chikkajala Traffic PS,1.04432e+16,2018,1,1,Road Accidents,Narrow road,City/Town,Open area,Human Error,No,Simple Injury,Others,Uncontrolled,Others,Village Road,Bitumen(Tar),Dry,Not Applicable,Fine,Budigere Road,Kadayarappanahalli,10,0.0,0.0,0,0,0.0,0.0
Bengaluru City,Chikkajala Traffic PS,1.04432e+16,2018,1,2,Road Accidents,Other,Rural Areas,Open area,Human Error,No,Damage Only,Rear end,Uncontrolled,Not Applicable,Village Road,Bitumen(Tar),Dry,Not Applicable,Fine,Bagaluru Beguru Road,Near Beguru Road,12 KM,0.0,0.0,0,0,0.0,0.0
Bengaluru City,Chikkajala Traffic PS,1.04432e+16,2018,1,1,Road Accidents,Narrow road,City/Town,Open area,Human Error,No,Simple Injury,Others,Uncontrolled,Others,State Highway,Bitumen(Tar),Dry,Not Applicable,Fine,Rajanukunte Main Road,Infront Of Sindhu Cargo Office,16 KM,0.0,0.0,0,0,0.0,0.0
Bengaluru City,Chikkajala Traffic PS,1.04432e+16,2018,1,2,Road Accidents,Narrow road,City/Town,Open area,Human Error,No,Fatal,Others,Uncontrolled,Others,NH,Bitumen(Tar),Dry,Not Applicable,Fine,N H 7 B B Road,Chikkajala Fly Over,17 Km,0.0,0.0,0,0,0.0,0.0
Bengaluru City,Chikkajala Traffic PS,1.04432e+16,2018,1,2,Road Accidents,Other,City/Town,Residential area,Human Error,No,Fatal,Others,Uncontrolled,Others,City or Town Road,Bitumen(Tar),Dry,Not Applicable,Fine,In Frotn Of Ramaiah Layout,In Frotn Of Ramaiah Layout,14 KM,0.0,0.0,0,0,0.0,0.0
Bengaluru City,Chikkajala Traffic PS,1.04432e+16,2018,1,2,Road Accidents,Other,City/Town,Open area,Human Error,Yes,Damage Only,Hit and Run,Uncontrolled,Others,City or Town Road,Bitumen(Tar),Dry,Not Applicable,Fine,"INFRONT OF SRINIVASA GARDEN SATANURU VILLAGE, BAGALURU MAIN",INFRONT OF SRINIVASA GARDEN SATANURU,8KM,0.0,0.0,0,0,0.0,0.0
Bengaluru City,Chikkajala Traffic PS,1.04432e+16,2018,1,2,Road Accidents,Other,City/Town,Open area,Human Error,No,Damage Only,Others,Uncontrolled,Others,NH,Bitumen(Tar),Dry,Not Applicable,Fine,BB ROAD,NEAR HUNASAMARANAHALLI TANK,12 KM,0.0,0.0,0,0,0.0,0.0
Bengaluru City,Chikkajala Traffic PS,1.04432e+16,2018,1,2,Road Accidents,Narrow road,City/Town,Open area,Human Error,Yes,Simple Injury,Hit and Run,Uncontrolled,Others,City or Town Road,Bitumen(Tar),Dry,Not Applicable,Fine,NAGAWARA HEGGADENAGARA MAIN ROAD,INFRONT OF ESUBU KALYANAMANTAPA,1,0.0,0.0,0,0,0.0,0.0
Bengaluru City,Chikkajala Traffic PS,1.04432e+16,2018,1,1,Road Accidents,Narrow road,Rural Areas,Open area,Human Error,No,Damage Only,Skidding or Self accident,Uncontrolled,Not Applicable,Village Road,Bitumen(Tar),Dry,Not Applicable,Fine,Agrahara Village Road,Near Balaji Layout,6 KM,0.0,0.0,0,0,0.0,0.0
Bengaluru City,Chikkajala Traffic PS,1.04432e+16,2018,1,2,Road Accidents,Narrow road,City/Town,Near office complex,Human Error,Yes,Simple Injury,Hit and Run,Uncontrolled,Others,City or Town Road,Bitumen(Tar),Dry,Not Applicable,Fine,Manyatha Tech Park,Opp N 1 Building,4,0.0,0.0,0,0,0.0,0.0
Bengaluru City,Chikkajala Traffic PS,1.04432e+16,2018,1,1,Road Accidents,Narrow road,Rural Areas,Near office complex,Human Error,No,Simple Injury,Hit pedestrian,Uncontrolled,Not Applicable,Village Road,Bitumen(Tar),Not Applicable,Not Applicable,Fine,TARABARAHALLI MAIN ROAD,NEAR GOLD FINCH HOTEL,18KM,0.0,0.0,0,0,0.0,0.0
Bengaluru City,Chikkajala Traffic PS,1.04432e+16,2018,1,2,Road Accidents,Narrow road,City/Town,Near office complex,Human Error,No,Fatal,Head on,Uncontrolled,Others,City or Town Road,Bitumen(Tar),Dry,Not Applicable,Fine,HEGGADENAGARA 80 FEET ROAD,INFRONT OF  NISARGA MART,1 KM,0.0,0.0,0,0,0.0,0.0
Bengaluru City,Chikkajala Traffic PS,1.04432e+16,2018,1,2,Road Accidents,Not Applicable,City/Town,Open area,Human Error,No,Simple Injury,Rear end,Controlled,Not Applicable,NH,Bitumen(Tar),Dry,Not Applicable,Fine,NH 7,Near Sadahalli Toll,17 KM,0.0,0.0,0,0,0.0,0.0
Bengaluru City,Chikkajala Traffic PS,1.04432e+16,2018,1,2,Road Accidents,Narrow road,City/Town,Open area,Human Error,No,Simple Injury,Rear end,Uncontrolled,Not Applicable,NH,Bitumen(Tar),Others,Not Applicable,Fine,Bhagirini Hotel Hunasamaranahalli,Near Bhagii Hotel,14 KM,0.0,0.0,0,1,0.0,1.0
Bengaluru City,Chikkajala Traffic PS,1.04432e+16,2018,1,2,Road Accidents,Narrow road,City/Town,Near Bus stop,Human Error,No,Grievous Injury,Run Off Road,Uncontrolled,Others,NH,Bitumen(Tar),Dry,Not Applicable,Fine,NH 7,Near Meenukunte Hosuru,15 KM,0.0,0.0,0,0,0.0,0.0
Bengaluru City,Chikkajala Traffic PS,1.04432e+16,2018,1,2,Road Accidents,Railway crossing,City/Town,Open area,Human Error,No,Damage Only,Head on,Uncontrolled,Not Applicable,City or Town Road,Bitumen(Tar),Dry,Not Applicable,Fine,Srirampura 80 Feet Road,Near Telicom Layouta,2 KM,0.0,0.0,0,0,0.0,0.0
Bengaluru City,Chikkajala Traffic PS,1.04432e+16,2018,1,2,Road Accidents,Cross roads,City/Town,Open area,Human Error,No,Simple Injury,Head on,Uncontrolled,Others,NH,Bitumen(Tar),Others,Not Applicable,Fine,BETTAHALASURU CROSS WEST SERVICE ROAD,BETTAHALASURU CROSS WEST SERVICE ROAD,18KM,0.0,0.0,0,1,0.0,1.0
Bengaluru City,Chikkajala Traffic PS,1.04432e+16,2018,1,1,Road Accidents,Narrow road,City/Town,Near Bus stop,Human Error,No,Simple Injury,Hit pedestrian,Uncontrolled,Others,NH,Bitumen(Tar),Dry,Not Applicable,Fine,NH 7 B B Raod,Near Doddajala Bus Stop,16 Km,0.0,0.0,0,0,0.0,0.0
Bengaluru City,Chikkajala Traffic PS,1.04432e+16,2018,1,1,Road Accidents,Cross roads,City/Town,Open area,Human Error,Yes,Grievous Injury,Hit pedestrian,Uncontrolled,Not Applicable,NH,Bitumen(Tar),Not Applicable,Not Applicable,Fine,N H 07,Chikkajala Fly Over,15 KM,0.0,0.0,0,0,0.0,0.0
Bengaluru City,Chikkajala Traffic PS,1.04432e+16,2018,1,2,Road Accidents,Narrow road,City/Town,Near Bus stop,Human Error,No,Grievous Injury,Rear end,Uncontrolled,Others,City or Town Road,Bitumen(Tar),Not Applicable,Not Applicable,Fine,Bagaluru Main Road,Near Sathanuru Village,8 KM,0.0,0.0,0,0,0.0,0.0
Bengaluru City,Chikkajala Traffic PS,1.04432e+16,2018,1,1,Road Accidents,Narrow road,City/Town,Near office complex,Human Error,No,Simple Injury,Hit pedestrian,Uncontrolled,Not Applicable,City or Town Road,Bitumen(Tar),Dry,Not Applicable,Fine,Nagarara Ring Road,Opp Manyatha Tech Park,5 KM,0.0,0.0,0,0,0.0,0.0
Bengaluru City,Chikkajala Traffic PS,1.04432e+16,2018,1,2,Road Accidents,Narrow road,City/Town,Near Petrol Pump,Human Error,No,Fatal,Head on,Uncontrolled,Not Applicable,Others,Bitumen(Tar),Dry,Not Applicable,Fine,Nagavara Ring Road,Infront Of Indian Petrol Bunk,6 Km,0.0,0.0,0,0,0.0,0.0