DISTRICTNAME,UNITNAME,Crime_No,Year,RI,Noofvehicle_involved,Accident_Classification,Accident_Spot,Accident_Location,Accident_SubLocation,Main_Cause,Hit_Run,Severity,Collision_Type,Junction_Control,Road_Character,Road_Type,Surface_Type,Surface_Condition,Road_Condition,Weather,Accident_Road,Landmark_first,Distance_LandMark_First,Latitude,Longitude,Road_Condition_Score,Surface_Condition_Score,Surface_Type_Score,Road_Risk_Index
Bengaluru City,Chikkajala Traffic PS,1.04432e+16,2021,1,2,Road Accidents,Cross roads,City/Town,Residential area,Human Error,No,Fatal,Vehicle to Vehicle,Uncontrolled,Straight and flat,Two way,Bitumen(Tar),Dry,Not Applicable,Clear,MCECHS LAYOUT,MCECHS LAYOUT,2km,0.0,0.0,0,0,0.0,0.0
Bengaluru City,Chikkajala Traffic PS,1.04432e+16,2021,1,1,Road Accidents,Not Applicable,Rural Areas,Near or inside a village,Human Error,No,Grievous Injury,Hit pedestrian,Uncontrolled,Straight and flat,Two way,Bitumen(Tar),Dry,Not Applicable,Clear,kidbi road,KIDBI BAGALURU,10 KM,0.0,0.0,0,0,0.0,0.0
Bengaluru City,Chikkajala Traffic PS,1.04432e+16,2021,1,2,Road Accidents,Not Applicable,City/Town,Near School or College,Human Error,Yes,Simple Injury,Vehicle to Vehicle,Uncontrolled,Slight Curve,Two way,Bitumen(Tar),Dry,Not Applicable,Fine,REVA COLLEGE MN RD,REVA COLLEGE,6 KM,0.0,0.0,0,0,0.0,0.0
Bengaluru City,Chikkajala Traffic PS,1.04432e+16,2021,1,1,Road Accidents,Not Applicable,City/Town,Residential area,Human Error,No,Simple Injury,Hit pedestrian,Uncontrolled,Straight and flat,Two way,Bitumen(Tar),Dry,Not Applicable,Fine,MVIT RAJANKUNTE ROAD,RAIN VILLA APRTMNT,13 KM,0.0,0.0,0,0,0.0,0.0
Bengaluru City,Chikkajala Traffic PS,1.04432e+16,2021,1,2,Road Accidents,Not Applicable,City/Town,Open area,Human Error,No,Simple Injury,Vehicle to Vehicle,Uncontrolled,Straight and flat,NH,Bitumen(Tar),Dry,Not Applicable,Fine,BB ROAD,TOLL,18 KM,0.0,0.0,0,0,0.0,0.0
Bengaluru City,Chikkajala Traffic PS,1.04432e+16,2021,1,1,Road Accidents,Not Applicable,City/Town,Near Bus stop,Human Error,Yes,Fatal,Hit pedestrian,Uncontrolled,Straight and flat,NH,Bitumen(Tar),Dry,Not Applicable,Clear,BB ROAD,BHARATHINAGARA BUS STOP,10 KM,0.0,0.0,0,0,0.0,0.0
Bengaluru City,Chikkajala Traffic PS,1.04432e+16,2021,1,1,Road Accidents,Cross roads,City/Town,Narrow bridge or culverts,Human Error,Not Applicable,Simple Injury,Not Applicable,Uncontrolled,Curve,Two way,Bitumen(Tar),Dry,Not Applicable,Fine,SHRIRAMPURA RAILWAY GATE,SHRIRAMPURA RAILWAY,3 KM,0.0,0.0,0,0,0.0,0.0
Bengaluru City,Chikkajala Traffic PS,1.04432e+16,2021,1,2,Road Accidents,Not Applicable,City/Town,Open area,Human Error,Yes,Simple Injury,Vehicle to Vehicle,Uncontrolled,Straight and flat,Two way,Bitumen(Tar),Dry,Not Applicable,Fine,HEGADENAGARA MAIN RO,MARISONNAPPANAGARA CROSS,4 KM,0.0,0.0,0,0,0.0,0.0
Bengaluru City,Chikkajala Traffic PS,1.04432e+16,2021,1,2,Road Accidents,Junction,City/Town,Near Bus stop,Human Error,No,Simple Injury,Vehicle to Vehicle,Uncontrolled,Straight and flat,NH,Bitumen(Tar),Dry,Not Applicable,Fine,B B ROAD,SADAHALLI GATE,16 KM,0.0,0.0,0,0,0.0,0.0
Bengaluru City,Chikkajala Traffic PS,1.04432e+16,2021,1,2,Road Accidents,Not Applicable,City/Town,Residential area,Human Error,No,Grievous Injury,Vehicle to Vehicle,Uncontrolled,Straight and flat,Two way,Bitumen(Tar),Dry,Not Applicable,Fine,NARAYANAPUR JAKKUR MAIN ROAD,INFRONT OF KRISHNA SAGAR HOTEL,1.5,0.0,0.0,0,0,0.0,0.0
Bengaluru City,Chikkajala Traffic PS,1.04432e+16,2021,1,2,Road Accidents,Not Applicable,City/Town,Near Hospital,Human Error,No,Simple Injury,Vehicle to Vehicle,Uncontrolled,Straight and flat,Two way,Concrete,Dry,Not Applicable,Clear,HEGADENAGARA,REGAL HOSPITAL,3 KM,0.0,0.0,0,0,0.0,0.0
Bengaluru City,Chikkajala Traffic PS,1.04432e+16,2021,1,2,Road Accidents,Not Applicable,City/Town,Near School or College,Human Error,No,Simple Injury,Vehicle to Vehicle,Uncontrolled,Straight and flat,Two way,Bitumen(Tar),Dry,Not Applicable,Clear,VIDYANAGAR ROAD,VENKATESHWRA COLLEGE,13 KM,0.0,0.0,0,0,0.0,0.0
Bengaluru City,Chikkajala Traffic PS,1.04432e+16,2021,1,1,Road Accidents,Not Applicable,City/Town,Residential area,Human Error,No,Damage Only,Not Applicable,Uncontrolled,Straight and flat,Two way,Bitumen(Tar),Dry,Not Applicable,Fine,ring road,manytha,3 km,0.0,0.0,0,0,0.0,0.0
Bengaluru City,Chikkajala Traffic PS,1.04432e+16,2021,1,1,Road Accidents,Not Applicable,City/Town,Near office complex,Human Error,No,Simple Injury,Hit pedestrian,Uncontrolled,Straight and flat,Two way,Bitumen(Tar),Dry,Not Applicable,Fine,80FEET ROAD,2ND CROSS,2 KM,0.0,0.0,0,0,0.0,0.0
Bengaluru City,Chikkajala Traffic PS,1.04432e+16,2021,1,1,Road Accidents,Not Applicable,City/Town,Near office complex,Human Error,Yes,Grievous Injury,Hit pedestrian,Uncontrolled,Straight and flat,Two way,Bitumen(Tar),Dry,Not Applicable,Clear,HEGADENAGAR THANISANDRA RD,ADISHWAR SHOWROOM,1 KM,0.0,0.0,0,0,0.0,0.0
Bengaluru City,Chikkajala Traffic PS,1.04432e+16,2021,1,2,Road Accidents,Cross roads,Rural Areas,Near a religious place,Human Error,No,Grievous Injury,Vehicle to Vehicle,Uncontrolled,Curve,Two way,Bitumen(Tar),Dry,Not Applicable,Fine,KANNURU BAGALURU MAIN ROAD,TAVAKKAL MAJIED,7 KM,0.0,0.0,0,0,0.0,0.0
Bengaluru City,Chikkajala Traffic PS,1.04432e+16,2021,1,1,Road Accidents,Junction,City/Town,Residential area,Human Error,No,Simple Injury,Hit pedestrian,Uncontrolled,Straight and flat,NH,Bitumen(Tar),Dry,Construction Work / Material,Fine,BB ROAD,ITC FACTORY,18 KM,0.0,0.0,2,0,0.0,2.0
Bengaluru City,Chikkajala Traffic PS,1.04432e+16,2021,1,1,Road Accidents,Not Applicable,Rural Areas,Near School or College,Human Error,Not Applicable,Fatal,Not Applicable,Uncontrolled,Straight and flat,Two way,Bitumen(Tar),Dry,Not Applicable,Clear,KANNUR-BAGALURU MAIN ROAD,J 1 TRAINING ACADEMY,6 KM,0.0,0.0,0,0,0.0,0.0
Bengaluru City,Chikkajala Traffic PS,1.04432e+16,2021,1,2,Road Accidents,Not Applicable,City/Town,Narrow bridge or culverts,Human Error,No,Grievous Injury,Vehicle to Vehicle,Uncontrolled,Straight and flat,Service Road,Bitumen(Tar),Dry,Not Applicable,Fine,B B ROAD,MVIT UNDER PASS,13 KM,0.0,0.0,0,0,0.0,0.0
Bengaluru City,Chikkajala Traffic PS,1.04432e+16,2021,1,2,Road Accidents,Not Applicable,City/Town,Near Bus stop,Human Error,No,Grievous Injury,Vehicle to Vehicle,Uncontrolled,Others,Two way,Bitumen(Tar),Dry,Construction Work / Material,Fine,NAGAVARA RING ROAD,MANYATA,6 KM,0.0,0.0,2,0,0.0,2.0
Bengaluru City,Chikkajala Traffic PS,1.04432e+16,2021,1,1,Road Accidents,Junction,City/Town,Near School or College,Human Error,No,Grievous Injury,Not Applicable,Uncontrolled,Straight and flat,Two way,Bitumen(Tar),Dry,Not Applicable,Clear,HEGADENAGARA RD,NARAYANAPUR CROSS,1.5 KM,0.0,0.0,0,0,0.0,0.0
Bengaluru City,Chikkajala Traffic PS,1.04432e+16,2021,1,2,Road Accidents,Curves,City/Town,Near Petrol Pump,Human Error,Yes,Damage Only,Vehicle to Vehicle,Uncontrolled,Straight and flat,Service Road,Bitumen(Tar),Dry,Not Applicable,Clear,BB ROAD,BETTAHALASURU UNDER PASS,12 KMS,0.0,0.0,0,0,0.0,0.0
Bengaluru City,Chikkajala Traffic PS,1.04432e+16,2021,1,1,Road Accidents,Curves,Rural Areas,Near or inside a village,Human Error,No,Simple Injury,Not Applicable,Uncontrolled,Slight Curve,Mixed,Kutcha,Dry,Not Applicable,Fine,GOLLAHALLI,NEELAGIRI PLANTATION,14 KMS,0.0,0.0,0,0,4.0,4.0
Bengaluru City,Chikkajala Traffic PS,1.04432e+16,2021,1,2,Road Accidents,Not Applicable,City/Town,Near Bus stop,Human Error,No,Damage Only,Vehicle to Vehicle,Uncontrolled,Straight and flat,NH,Bitumen(Tar),Dry,Not Applicable,Fine,b b road,MEENUKUNTE HOSURU BUS STOP,16 KM,0.0,0.0,0,0,0.0,0.0
Bengaluru City,Chikkajala Traffic PS,1.04432e+16,2021,1,1,Road Accidents,Not Applicable,City/Town,Narrow bridge or culverts,Human Error,No,Simple Injury,Not Applicable,Uncontrolled,Straight and flat,NH,Bitumen(Tar),Dry,Not Applicable,Fine,B B ROAD,FLYOVER,14 KM,0.0,0.0,0,0,0.0,0.0
Bengaluru City,Chikkajala Traffic PS,1.04432e+16,2021,1,1,Road Accidents,Not Applicable,Rural Areas,Near Bus stop,Human Error,No,Simple Injury,Hit pedestrian,Uncontrolled,Straight and flat,Two way,Bitumen(Tar),Dry,No influence on accident,Fine,Narayanapura road,Bettahalasuru bus stop,8 kms,0.0,0.0,0,0,0.0,0.0
Bengaluru City,Chikkajala Traffic PS,1.04432e+16,2021,1,2,Road Accidents,Not Applicable,City/Town,Near or inside a village,Human Error,No,Grievous Injury,Vehicle to Vehicle,Uncontrolled,Straight and flat,Two way,Bitumen(Tar),Dry,Not Applicable,Fine,80 FT ROAD,JAI NALAJI CERAMIX,1 KM,0.0,0.0,0,0,0.0,0.0
Bengaluru City,Chikkajala Traffic PS,1.04432e+16,2021,1,2,Road Accidents,Junction,City/Town,Near Petrol Pump,Human Error,Yes,Simple Injury,Vehicle to Vehicle,Uncontrolled,Straight and flat,NH,Bitumen(Tar),Dry,Not Applicable,Fine,B B ROAD,SADAHALLI SIGNAL,18,0.0,0.0,0,0,0.0,0.0
Bengaluru City,Chikkajala Traffic PS,1.04432e+16,2021,1,2,Road Accidents,Cross roads,City/Town,Near office complex,Human Error,No,Grievous Injury,Vehicle to Vehicle,Uncontrolled,Straight and flat,Two way,Bitumen(Tar),Dry,Not Applicable,Clear,HEGADENAGARA,BHARATI CITY,2,0.0,0.0,0,0,0.0,0.0
Bengaluru City,Chikkajala Traffic PS,1.04432e+16,2021,1,2,Road Accidents,Not Applicable,City/Town,Near Petrol Pump,Human Error,No,Simple Injury,Vehicle to Vehicle,Uncontrolled,Straight and flat,Two way,Bitumen(Tar),Dry,Not Applicable,Fine,BAGALURU MAIN ROAD,ESSAR PETROL BUNK,8,0.0,0.0,0,0,0.0,0.0
Bengaluru City,Chikkajala Traffic PS,1.04432e+16,2022,1,2,Road Accidents,Not Applicable,City/Town,Near Petrol Pump,Human Error,No,Grievous Injury,Vehicle to Vehicle,Uncontrolled,Straight and flat,NH,Bitumen(Tar),Dry,Not Applicable,Clear,BB ROAD,FLYOVER,8,0.0,0.0,0,0,0.0,0.0
Bengaluru City,Chikkajala Traffic PS,1.04432e+16,2022,1,1,Road Accidents,Junction,City/Town,Near office complex,Human Error,No,Grievous Injury,Hit pedestrian,Uncontrolled,Straight and flat,Service Road,Bitumen(Tar),Dry,Not Applicable,Fine,BB ROAD,MVIT CROSS,14,0.0,0.0,0,0,0.0,0.0
Bengaluru City,Chikkajala Traffic PS,1.04432e+16,2022,1,2,Road Accidents,Junction,City/Town,Narrow bridge or culverts,Human Error,No,Simple Injury,Vehicle to Vehicle,Uncontrolled,Others,Two way,Bitumen(Tar),Dry,Not Applicable,Fine,hegadenagara mn rd,fly over,500,13.06553,77.6332239,0,0,0.0,0.0
Bengaluru City,Chikkajala Traffic PS,1.04432e+16,2022,1,1,Road Accidents,Not Applicable,City/Town,Near or inside a village,Human Error,No,Simple Injury,Not Applicable,Uncontrolled,Straight and flat,NH,Bitumen(Tar),Dry,No influence on accident,Clear,B B ROAD,BETTAHALASURU CROSS,13 KM,0.0,0.0,0,0,0.0,0.0
Bengaluru City,Chikkajala Traffic PS,1.04432e+16,2022,1,1,Road Accidents,Not Applicable,City/Town,Residential area,Not Applicable,No,Fatal,Not Applicable,Not Applicable,Others,Others,Bitumen(Tar),Not Applicable,Not Applicable,Fog / Mist,KANNUR HENNUR MAIN ROAD,INFRONT OF NOORTH LAND APARTMENT,100MTR,0.0,0.0,0,0,0.0,0.0
Bengaluru City,Chikkajala Traffic PS,1.04432e+16,2022,1,2,Road Accidents,Not Applicable,City/Town,Open area,Human Error,No,Fatal,Vehicle to Vehicle,Uncontrolled,Straight and flat,Two way,Bitumen(Tar),Dry,Not Applicable,Fine,B B ROAD,ITC GATE,15 KM,0.0,0.0,0,0,0.0,0.0
Bengaluru City,Chikkajala Traffic PS,1.04432e+16,2022,1,2,Road Accidents,Not Applicable,City/Town,Open area,Human Error,Yes,Simple Injury,Vehicle to Vehicle,Uncontrolled,Straight and flat,NH,Bitumen(Tar),Dry,No influence on accident,Clear,B B ROAD,ITC FACTORY,18,0.0,0.0,0,0,0.0,0.0
Bengaluru City,Chikkajala Traffic PS,1.04432e+16,2022,1,1,Road Accidents,Narrow road,City/Town,Near a recreation place/cinema,Not Applicable,Yes,Fatal,Hit pedestrian,Not Applicable,Not Applicable,Expressway,Concrete,Not Applicable,Not Applicable,Fog / Mist,R.K.HEGDE NAGAR MAIN ROAD,INFRONT OF NANDA GOKULA CHOUTARY,75MTRS,0.0,0.0,0,0,0.0,0.0
Bengaluru City,Chikkajala Traffic PS,1.04432e+16,2022,1,2,Road Accidents,Junction,City/Town,Near School or College,Human Error,No,Simple Injury,Vehicle to Vehicle,Uncontrolled,Straight and flat,Two way,Bitumen(Tar),Dry,Not Applicable,Clear,"REVA COLLAGE MAIN ROAD,",REVA COLLAGE,6km,0.0,0.0,0,0,0.0,0.0
Bengaluru City,Chikkajala Traffic PS,1.04432e+16,2022,1,1,Road Accidents,Narrow road,City/Town,Near Bus stop,Not Applicable,No,Fatal,Hit pedestrian,Not Applicable,Not Applicable,NH,Bitumen(Tar),Dry,Not Applicable,Fog / Mist,BB ROAD,NEAR KADIGANAHALLI GATE,200MTR,0.0,0.0,0,0,0.0,0.0
Bengaluru City,Chikkajala Traffic PS,1.04432e+16,2022,1,2,Road Accidents,Not Applicable,City/Town,Open area,Human Error,No,Grievous Injury,Vehicle to Vehicle,Uncontrolled,Straight and flat,NH,Bitumen(Tar),Dry,Not Applicable,Fine,BB ROAD,TOLL,18,0.0,0.0,0,0,0.0,0.0
Bengaluru City,Chikkajala Traffic PS,1.04432e+16,2022,1,2,Road Accidents,Not Applicable,City/Town,Residential area,Human Error,No,Simple Injury,Vehicle to Vehicle,Uncontrolled,Straight and flat,Two way,Bitumen(Tar),Dry,Not Applicable,Fine,K V JAYARAM ROAD,DUSSAN FACTORY,5KM,0.0,0.0,0,0,0.0,0.0
Bengaluru City,Chikkajala Traffic PS,1.04432e+16,2022,1,2,Not Applicable,Junction,Rural Areas,Open area,Human Error,No,Simple Injury,Vehicle to Vehicle,Not at  Junction,Others,Expressway,Bitumen(Tar),Dry,Not Applicable,Clear,Near Airport Upramp,1,1,0.0,0.0,0,0,0.0,0.0
Bengaluru City,Chikkajala Traffic PS,1.04432e+16,2022,1,2,Road Accidents,Not Applicable,City/Town,Open area,Human Error,No,Simple Injury,Vehicle to Vehicle,Uncontrolled,Straight and flat,NH,Bitumen(Tar),Dry,Not Applicable,Clear,B B ROAD,MC DONALD,14 KM,0.0,0.0,0,0,0.0,0.0
Bengaluru City,Chikkajala Traffic PS,1.04432e+16,2022,1,2,Road Accidents,Not Applicable,City/Town,Near School or College,Human Error,No,Simple Injury,Vehicle to Vehicle,Uncontrolled,Straight and flat,Two way,Bitumen(Tar),Dry,Not Applicable,Clear,HENNUR BAGALURU MN RD,FARANA COLLEGE,8 KM,0.0,0.0,0,0,0.0,0.0
Bengaluru City,Chikkajala Traffic PS,1.04432e+16,2022,1,2,Road Accidents,Not Applicable,City/Town,Narrow bridge or culverts,Human Error,No,Grievous Injury,Vehicle to Vehicle,Uncontrolled,Others,NH,Bitumen(Tar),Dry,No influence on accident,Fine,B B ROAD,TOLL,18,0.0,0.0,0,0,0.0,0.0
Bengaluru City,Chikkajala Traffic PS,1.04432e+16,2022,1,2,Road Accidents,Junction,City/Town,Near or inside a village,Human Error,No,Damage Only,Vehicle to Vehicle,Uncontrolled,Straight and flat,NH,Bitumen(Tar),Dry,Not Applicable,Fine,B B ROAD,TOLL,18,0.0,0.0,0,0,0.0,0.0
Bengaluru City,Chikkajala Traffic PS,1.04432e+16,2022,1,1,Road Accidents,Cross roads,City/Town,Near a factory industrial area,Human Error,Yes,Fatal,Vehicle to Vehicle,Uncontrolled,Slight Curve,Two way,Bitumen(Tar),Dry,No influence on accident,Clear,kiadb road area,BRIGADE AND SHIRKE AIRPORT STAFF,12,0.0,0.0,0,0,0.0,0.0
Bengaluru City,Chikkajala Traffic PS,1.04432e+16,2022,1,1,Not Applicable,Narrow road,City/Town,Residential area,Not Applicable,No,Grievous Injury,Hit pedestrian,Uncontrolled,Not Applicable,Major District Road,Bitumen(Tar),Dry,Not Applicable,Clear,THANISANDRA ROAD,NEAR RK BEKARY,50FEET,0.0,0.0,0,0,0.0,0.0
Bengaluru City,Chikkajala Traffic PS,1.04432e+16,2022,1,1,Road Accidents,Junction,City/Town,Near Petrol Pump,Human Error,No,Simple Injury,Hit pedestrian,Uncontrolled,Straight and flat,NH,Bitumen(Tar),Dry,Not Applicable,Clear,B B ROAD,SADAHALLI GATE,18,0.0,0.0,0,0,0.0,0.0
Bengaluru City,Chikkajala Traffic PS,1.04432e+16,2022,1,2,Road Accidents,Not Applicable,City/Town,Open area,Not Applicable,No,Simple Injury,Vehicle to Vehicle,Not Applicable,Others,Others,Bitumen(Tar),Others,Not Applicable,Clear,bagaluru main road,0,3 km,0.0,0.0,0,1,0.0,1.0
Bengaluru City,Chikkajala Traffic PS,1.04432e+16,2022,1,2,Road Accidents,Not Applicable,City/Town,Near Petrol Pump,Human Error,No,Damage Only,Vehicle to Vehicle,Uncontrolled,Straight and flat,Two way,Bitumen(Tar),Dry,Not Applicable,Fine,BETTAHALASUR MN RD,NEAR INDIAN PETROL BUNK,13,0.0,0.0,0,0,0.0,0.0
Bengaluru City,Chikkajala Traffic PS,1.04432e+16,2022,1,1,Road Accidents,Cross roads,Rural Areas,Near or inside a village,Human Error,Yes,Fatal,Hit pedestrian,Uncontrolled,Straight and flat,Sub Arterial,Concrete,Dry,No influence on accident,Clear,Basavalingappa nagar,Balaji layout,1,0.0,0.0,0,0,0.0,0.0
Bengaluru City,Chikkajala Traffic PS,1.04432e+16,2022,1,2,Road Accidents,Junction,City/Town,Open area,Human Error,No,Grievous Injury,Vehicle to Vehicle,Uncontrolled,Straight and flat,NH,Bitumen(Tar),Dry,Not Applicable,Fine,BB ROAD,TOLL,18,0.0,0.0,0,0,0.0,0.0
Bengaluru City,Chikkajala Traffic PS,1.04432e+16,2022,1,1,Road Accidents,Not Applicable,Rural Areas,Near Petrol Pump,Human Error,No,Damage Only,Not Applicable,Uncontrolled,Straight and flat,Two way,Bitumen(Tar),Dry,Not Applicable,Clear,SATANUR ROAD,ESSAR PETROL BUNK,6,0.0,0.0,0,0,0.0,0.0
Bengaluru City,Chikkajala Traffic PS,1.04432e+16,2022,1,2,Road Accidents,Not Applicable,Rural Areas,Near or inside a village,Human Error,No,Simple Injury,Vehicle to Vehicle,Uncontrolled,Straight and flat,Two way,Bitumen(Tar),Dry,Not Applicable,Fine,mylanahalli rd,mylanahalli gate,12,0.0,0.0,0,0,0.0,0.0
Bengaluru City,Chikkajala Traffic PS,1.04432e+16,2022,1,2,Road Accidents,Cross roads,City/Town,Near or inside a village,Human Error,No,Simple Injury,Vehicle to Vehicle,Uncontrolled,Curve,Two way,Bitumen(Tar),Dry,Not Applicable,Fine,BAGALUR MN RD,BAGALUR  SANTE,8 KM,0.0,0.0,0,0,0.0,0.0
Bengaluru City,Chikkajala Traffic PS,1.04432e+16,2022,1,2,Road Accidents,Not Applicable,Rural Areas,Open area,Human Error,No,Grievous Injury,Vehicle to Vehicle,Uncontrolled,Straight and flat,Two way,Bitumen(Tar),Dry,Not Applicable,Clear,marasandra mn rd,jambu forest,8km,0.0,0.0,0,0,0.0,0.0
Bengaluru City,Chikkajala Traffic PS,1.04432e+16,2022,1,2,Road Accidents,Not Applicable,City/Town,Near or inside a village,Human Error,No,Simple Injury,Vehicle to Vehicle,Uncontrolled,Straight and flat,NH,Bitumen(Tar),Dry,No influence on accident,Fine,B B ROAD,PETROL BUNK,12 KM,0.0,0.0,0,0,0.0,0.0
Bengaluru City,Chikkajala Traffic PS,1.04432e+16,2022,1,2,Road Accidents,Not Applicable,City/Town,Near a religious place,Human Error,No,Simple Injury,Vehicle to Vehicle,Uncontrolled,Straight and flat,Two way,Bitumen(Tar),Dry,Not Applicable,Fine,HEGADENAGARA MN RD,HAJ BHAVANA,3 KM,0.0,0.0,0,0,0.0,0.0
Bengaluru City,Chikkajala Traffic PS,1.04432e+16,2022,1,2,Road Accidents,Not Applicable,City/Town,Near or inside a village,Human Error,No,Damage Only,Vehicle to Vehicle,Uncontrolled,Straight and flat,NH,Bitumen(Tar),Dry,Not Applicable,Fine,B B ROAD,DECATHLAN SPORTS SHOWROOM,14,0.0,0.0,0,0,0.0,0.0
Bengaluru City,Chikkajala Traffic PS,1.04432e+16,2022,1,2,Road Accidents,Not Applicable,City/Town,Near School or College,Human Error,No,Simple Injury,Vehicle to Vehicle,Uncontrolled,Straight and flat,Two way,Bitumen(Tar),Dry,Not Applicable,Fine,hegadenagara mn rd,karnataka collage,3,0.0,0.0,0,0,0.0,0.0
Bengaluru City,Chikkajala Traffic PS,1.04432e+16,2022,1,1,Road Accidents,Not Applicable,City/Town,Narrow bridge or culverts,Human Error,Yes,Fatal,Hit pedestrian,Uncontrolled,Straight and flat,Two way,Bitumen(Tar),Dry,No influence on accident,Clear,KOGILU MN RD,APPA AMMA COMPLEX,5 KM,0.0,0.0,0,0,0.0,0.0
Bengaluru City,Chikkajala Traffic PS,1.04432e+16,2022,1,1,Road Accidents,Not Applicable,City/Town,Residential area,Human Error,No,Simple Injury,Not Applicable,Uncontrolled,Straight and flat,Two way,Bitumen(Tar),Dry,Not Applicable,Fine,RING ROAD,MANYATHA,4KM,0.0,0.0,0,0,0.0,0.0
Bengaluru City,Chikkajala Traffic PS,1.04432e+16,2022,1,2,Road Accidents,Not Applicable,City/Town,Near Petrol Pump,Human Error,No,Simple Injury,Vehicle to Vehicle,Uncontrolled,Straight and flat,Two way,Bitumen(Tar),Dry,Not Applicable,Fine,NAGAWARA RING ROAD,HANUMAN PETROL BUNK,5 KM,0.0,0.0,0,0,0.0,0.0
Bengaluru City,Chikkajala Traffic PS,1.04432e+16,2022,1,2,Road Accidents,Not Applicable,City/Town,Near or inside a village,Human Error,No,Grievous Injury,Vehicle to Vehicle,Uncontrolled,Straight and flat,Two way,Bitumen(Tar),Dry,Not Applicable,Fine,hegadenagara mn rd,sampigehalli ps,1,0.0,0.0,0,0,0.0,0.0
Bengaluru City,Chikkajala Traffic PS,1.04432e+16,2022,1,2,Road Accidents,Not Applicable,Rural Areas,Open area,Human Error,No,Simple Injury,Vehicle to Vehicle,Uncontrolled,Straight and flat,Two way,Bitumen(Tar),Dry,Not Applicable,Fine,SAMMYS DREAM LAND ROAD,SAMMYS DREAM LAND,8 KM,0.0,0.0,0,0,0.0,0.0
Bengaluru City,Chikkajala Traffic PS,1.04432e+16,2022,1,1,Road Accidents,Narrow road,City/Town,At pedestrian Crossing,Not Applicable,Yes,Simple Injury,Hit pedestrian,Not Applicable,Others,Arterial,Concrete,Dry,Not Applicable,Not Applicable,SHUBAM NURSING COLLEGE ROAD,SHUBAM NURSING COLLEGE,10FEET,0.0,0.0,0,0,0.0,0.0
Bengaluru City,Chikkajala Traffic PS,1.04432e+16,2022,1,2,Road Accidents,Not Applicable,City/Town,Near Bus stop,Human Error,No,Grievous Injury,Vehicle to Vehicle,Uncontrolled,Straight and flat,NH,Bitumen(Tar),Dry,Not Applicable,Fine,BB ROAD,TOLL,18,0.0,0.0,0,0,0.0,0.0
Bengaluru City,Chikkajala Traffic PS,1.04432e+16,2022,1,1,Road Accidents,Narrow road,City/Town,Near a factory industrial area,Road Environment Defect,Not Applicable,Fatal,Not Applicable,Not Applicable,Hump,Residential Street,Bitumen(Tar),Others,Construction Work / Material,Fog / Mist,MANYATA TECH PARK ROAD,NEAR M2 BULIDING,50MTRS,0.0,0.0,2,1,0.0,3.0
Bengaluru City,Chikkajala Traffic PS,1.04432e+16,2022,1,2,Road Accidents,Cross roads,City/Town,Near or inside a village,Human Error,No,Grievous Injury,Vehicle to Vehicle,Uncontrolled,Straight and flat,Two way,Bitumen(Tar),Dry,No influence on accident,Fine,DODDAJALA ROAD,ITC LAYOUT,21,0.0,0.0,0,0,0.0,0.0
Bengaluru City,Chikkajala Traffic PS,1.04432e+16,2022,1,2,Road Accidents,Not Applicable,City/Town,Near office complex,Human Error,No,Damage Only,Vehicle to Vehicle,Uncontrolled,Straight and flat,Two way,Bitumen(Tar),Dry,Not Applicable,Fine,BAGALUR MN RD,OPP RELIANCE SHOP,8,0.0,0.0,0,0,0.0,0.0
Bengaluru City,Chikkajala Traffic PS,1.04432e+16,2022,1,2,Road Accidents,Not Applicable,City/Town,Near or inside a village,Human Error,No,Grievous Injury,Vehicle to Vehicle,Uncontrolled,Straight and flat,Service Road,Bitumen(Tar),Dry,Not Applicable,Fine,B B ROAD,SADDA ADDA RESTAURENT,8,0.0,0.0,0,0,0.0,0.0
Bengaluru City,Chikkajala Traffic PS,1.04432e+16,2022,1,2,Road Accidents,Not Applicable,City/Town,Narrow bridge or culverts,Human Error,Yes,Simple Injury,Vehicle to Vehicle,Uncontrolled,Straight and flat,NH,Bitumen(Tar),Dry,No influence on accident,Fine,b b road,chikkajala flyover,12 km,0.0,0.0,0,0,0.0,0.0
Bengaluru City,Chikkajala Traffic PS,1.04432e+16,2022,1,1,Road Accidents,Junction,City/Town,Near School or College,Human Error,Not Applicable,Fatal,Not Applicable,Uncontrolled,Straight and flat,Two way,Bitumen(Tar),Dry,No influence on accident,Fine,Reva College road,Reva College,4 km,13.117563,77.633891,0,0,0.0,0.0
Bengaluru City,Chikkajala Traffic PS,1.04432e+16,2022,1,1,Road Accidents,Cross roads,City/Town,Near Hospital,Human Error,No,Grievous Injury,Hit pedestrian,Uncontrolled,Straight and flat,Two way,Bitumen(Tar),Dry,Not Applicable,Fine,KANNUR ROAD,GOVT PRIMARY HELATH CENTERS,6 KM,0.0,0.0,0,0,0.0,0.0
Bengaluru City,Chikkajala Traffic PS,1.04432e+16,2022,1,3,Road Accidents,Not Applicable,City/Town,Near office complex,Human Error,No,Simple Injury,Vehicle to Vehicle,Uncontrolled,Straight and flat,Two way,Bitumen(Tar),Dry,Not Applicable,Fine,hegadenagara mn rd,regal hospetal,2.5,0.0,0.0,0,0,0.0,0.0
Bengaluru City,Chikkajala Traffic PS,1.04432e+16,2022,1,2,Road Accidents,Not Applicable,Rural Areas,Near office complex,Human Error,No,Damage Only,Vehicle to Vehicle,Uncontrolled,Straight and flat,Two way,Bitumen(Tar),Dry,Not Applicable,Fine,BAGALUR ROAD,SBI BANK,9 KM,0.0,0.0,0,0,0.0,0.0
Bengaluru City,Chikkajala Traffic PS,1.04432e+16,2022,1,2,Road Accidents,Not Applicable,Rural Areas,Near School or College,Human Error,No,Damage Only,Vehicle to Vehicle,Uncontrolled,Straight and flat,Two way,Bitumen(Tar),Dry,Not Applicable,Clear,BAGALUR ROAD,DELHI PUBLIC SCHOOL,5,0.0,0.0,0,0,0.0,0.0
Bengaluru City,Chikkajala Traffic PS,1.04432e+16,2022,1,2,Road Accidents,Not Applicable,City/Town,Near or inside a village,Human Error,No,Simple Injury,Vehicle to Vehicle,Uncontrolled,Straight and flat,Service Road,Bitumen(Tar),Dry,Not Applicable,Fine,B B ROAD,CHIKKAJALA VILLAGE,15,0.0,0.0,0,0,0.0,0.0