DISTRICTNAME,UNITNAME,Crime_No,Year,RI,Noofvehicle_involved,Accident_Classification,Accident_Spot,Accident_Location,Accident_SubLocation,Main_Cause,Hit_Run,Severity,Collision_Type,Junction_Control,Road_Character,Road_Type,Surface_Type,Surface_Condition,Road_Condition,Weather,Accident_Road,Landmark_first,Distance_LandMark_First,Latitude,Longitude,Road_Condition_Score,Surface_Condition_Score,Surface_Type_Score,Road_Risk_Index
Bengaluru City,Chikkajala Traffic PS,1.04432e+16,2022,1,1,Road Accidents,Curves,Rural Areas,Near or inside a village,Human Error,No,Fatal,Not Applicable,Uncontrolled,Straight and flat,Two way,Bitumen(Tar),Others,No influence on accident,Fine,Sampigehalli Kogilu main Road,Agrahara village,4km,0.0,0.0,0,1,0.0,1.0
Bengaluru City,Chikkajala Traffic PS,1.04432e+16,2022,1,2,Road Accidents,Cross roads,City/Town,Residential area,Human Error,No,Simple Injury,Vehicle to Vehicle,Uncontrolled,Straight and flat,Two way,Bitumen(Tar),Dry,No influence on accident,Fine,MANYATHA BACKGATE,NARASIMHASWAMY TEMPLE,5 KM,0.0,0.0,0,0,0.0,0.0
Bengaluru City,Chikkajala Traffic PS,1.04432e+16,2022,1,2,Road Accidents,Junction,City/Town,Near or inside a village,Human Error,No,Damage Only,Vehicle to Vehicle,Uncontrolled,Sharp Curve,Two way,Bitumen(Tar),Dry,Not Applicable,Fine,HEGADENAGARA MN RD,BELLAHALLI CIRCLE,4 KM,0.0,0.0,0,0,0.0,0.0
Bengaluru City,Chikkajala Traffic PS,1.04432e+16,2022,1,1,Not Applicable,Circle,Rural Areas,Near Hospital,Human Error,No,Simple Injury,Not Applicable,Controlled,Others,Others,Bitumen(Tar),Dry,Drainage Ditch,Fine,Govt Hspital Bettahalasuru,1,1,0.0,0.0,4,0,0.0,4.0
Bengaluru City,Chikkajala Traffic PS,1.04432e+16,2022,1,2,Road Accidents,Junction,City/Town,Near or inside a village,Human Error,No,Damage Only,Vehicle to Vehicle,Uncontrolled,Sharp Curve,Others,Bitumen(Tar),Dry,Not Applicable,Fine,BAGALURU ROAD,GUNDAPPA CIRCLE,8 KM,0.0,0.0,0,0,0.0,0.0
Bengaluru City,Chikkajala Traffic PS,1.04432e+16,2022,1,1,Road Accidents,Not Applicable,Rural Areas,Near or inside a village,Human Error,No,Simple Injury,Hit pedestrian,Uncontrolled,Straight and flat,Two way,Bitumen(Tar),Dry,Not Applicable,Clear,bagalur hennur mn rd,BAGALUR CALONY,8 KM,0.0,0.0,0,0,0.0,0.0
Bengaluru City,Chikkajala Traffic PS,1.04432e+16,2022,1,2,Not Applicable,Road hump or Rumble strips,City/Town,Open area,Human Error,No,Grievous Injury,Vehicle to Vehicle,Uncontrolled,Not Applicable,One way,Bitumen(Tar),Dry,Not Applicable,Clear,"On Manyatah Flyover, Towards Hebbala",1,1,0.0,0.0,0,0,0.0,0.0
Bengaluru City,Chikkajala Traffic PS,1.04432e+16,2022,1,1,Road Accidents,Junction,City/Town,Near a religious place,Human Error,No,Grievous Injury,Hit pedestrian,Uncontrolled,Sharp Curve,Two way,Bitumen(Tar),Dry,Not Applicable,Fine,BB ROAD,VIDYANAGARA,12,0.0,0.0,0,0,0.0,0.0
Bengaluru City,Chikkajala Traffic PS,1.04432e+16,2022,1,2,Road Accidents,Not Applicable,City/Town,Near Petrol Pump,Human Error,No,Grievous Injury,Vehicle to Vehicle,Uncontrolled,Straight and flat,Service Road,Bitumen(Tar),Dry,Not Applicable,Fine,BB ROAD,AMBURI BIRIYANI,16,0.0,0.0,0,0,0.0,0.0
Bengaluru City,Chikkajala Traffic PS,1.04432e+16,2022,1,2,Road Accidents,Not Applicable,City/Town,Near or inside a village,Human Error,Yes,Grievous Injury,Vehicle to Vehicle,Uncontrolled,Straight and flat,Service Road,Bitumen(Tar),Dry,Not Applicable,Fine,B B ROAD,MAC DONALD,12,0.0,0.0,0,0,0.0,0.0
Bengaluru City,Chikkajala Traffic PS,1.04432e+16,2022,1,1,Road Accidents,Not Applicable,City/Town,Narrow bridge or culverts,Human Error,No,Fatal,Not Applicable,Uncontrolled,Straight and flat,Two way,Bitumen(Tar),Dry,Pot holed,Fine,KANNUR MN RD,BELLAHALLI BRIDGE,4 KM,0.0,0.0,5,0,0.0,5.0
Bengaluru City,Chikkajala Traffic PS,1.04432e+16,2022,1,2,Road Accidents,Not Applicable,Rural Areas,Residential area,Human Error,Yes,Simple Injury,Vehicle to Vehicle,Uncontrolled,Straight and flat,Two way,Bitumen(Tar),Dry,Not Applicable,Fine,KIADB ROAD,KIADB ARIA,12,0.0,0.0,0,0,0.0,0.0
Bengaluru City,Chikkajala Traffic PS,1.04432e+16,2022,1,2,Road Accidents,Junction,City/Town,Open area,Human Error,Yes,Fatal,Vehicle to Vehicle,Uncontrolled,Straight and flat,Two way,Bitumen(Tar),Dry,Not Applicable,Fine,RAILWAY PARALAL ROAD,RAILWAY GATE,1.5,0.0,0.0,0,0,0.0,0.0
Bengaluru City,Chikkajala Traffic PS,1.04432e+16,2022,1,2,Road Accidents,Not Applicable,City/Town,Open area,Human Error,No,Fatal,Vehicle to Vehicle,Uncontrolled,Straight and flat,Two way,Bitumen(Tar),Dry,Not Applicable,Fine,REVA COLLAGE ROAD,REVA COLLAGE,5 KM,0.0,0.0,0,0,0.0,0.0
Bengaluru City,Chikkajala Traffic PS,1.04432e+16,2022,1,1,Road Accidents,Junction,City/Town,Open area,Human Error,No,Simple Injury,Not Applicable,Uncontrolled,Straight and flat,NH,Bitumen(Tar),Dry,Not Applicable,Fine,BB ROAD,TOLL,18,0.0,0.0,0,0,0.0,0.0
Bengaluru City,Chikkajala Traffic PS,1.04432e+16,2022,1,3,Road Accidents,Not Applicable,City/Town,Near School or College,Human Error,No,Fatal,Hit pedestrian,Uncontrolled,Curve,Two way,Bitumen(Tar),Dry,Not Applicable,Fine,REVACOLLAGE ROAD,REVACOLLAGE,5 KM,0.0,0.0,0,0,0.0,0.0
Bengaluru City,Chikkajala Traffic PS,1.04432e+16,2022,1,3,Road Accidents,Junction,City/Town,Open area,Human Error,No,Grievous Injury,Vehicle to Vehicle,Uncontrolled,Straight and flat,NH,Bitumen(Tar),Dry,Not Applicable,Fine,bb road,hm halli,8,0.0,0.0,0,0,0.0,0.0
Bengaluru City,Chikkajala Traffic PS,1.04432e+16,2022,1,1,Road Accidents,Not Applicable,City/Town,Near or inside a village,Human Error,No,Grievous Injury,Vehicle to Vehicle,Uncontrolled,Straight and flat,Two way,Bitumen(Tar),Dry,No influence on accident,Fine,BUDIGERE ROAD,GOPALAPURA,12,0.0,0.0,0,0,0.0,0.0
Bengaluru City,Chikkajala Traffic PS,1.04432e+16,2022,1,2,Road Accidents,Not Applicable,City/Town,Near a religious place,Human Error,No,Grievous Injury,Vehicle to Vehicle,Uncontrolled,Straight and flat,NH,Bitumen(Tar),Dry,Not Applicable,Fine,DODDAJALA MN RD,ANJANEYA TEMPLE,15 KM,0.0,0.0,0,0,0.0,0.0
Bengaluru City,Chikkajala Traffic PS,1.04432e+16,2022,1,2,Road Accidents,Not Applicable,City/Town,Open area,Vehicle Defect,No,Grievous Injury,Vehicle to Vehicle,Uncontrolled,Straight and flat,NH,Bitumen(Tar),Dry,Not Applicable,Fine,BB ROAD,VIDYANAGARA CROSS,11,0.0,0.0,0,0,0.0,0.0
Bengaluru City,Chikkajala Traffic PS,1.04432e+16,2022,1,1,Not Applicable,Narrow road,City/Town,Open area,Not Applicable,No,Simple Injury,Not Applicable,Not Applicable,Not Applicable,Others,Bitumen(Tar),Dry,Not Applicable,Fog / Mist,BB ROAD,NEAR MAC DONOLD,50MTRS,0.0,0.0,0,0,0.0,0.0
Bengaluru City,Chikkajala Traffic PS,1.04432e+16,2022,1,2,Road Accidents,Not Applicable,City/Town,Open area,Human Error,No,Simple Injury,Vehicle to Vehicle,Uncontrolled,Straight and flat,NH,Bitumen(Tar),Dry,Not Applicable,Clear,BB ROAD,DECOTHLON SHOWROOM,12,0.0,0.0,0,0,0.0,0.0
Bengaluru City,Chikkajala Traffic PS,1.04432e+16,2022,1,1,Road Accidents,Not Applicable,City/Town,Narrow bridge or culverts,Human Error,No,Fatal,Not Applicable,Uncontrolled,Straight and flat,NH,Bitumen(Tar),Dry,Not Applicable,Clear,BB ROAD,DODDAJALA FLY OVER,16 KM,0.0,0.0,0,0,0.0,0.0
Bengaluru City,Chikkajala Traffic PS,1.04432e+16,2022,1,2,Road Accidents,Junction,City/Town,Residential area,Human Error,No,Simple Injury,Vehicle to Vehicle,Uncontrolled,Straight and flat,Two way,Concrete,Dry,Not Applicable,Clear,RING ROAD,MANYATHA,3 KM,0.0,0.0,0,0,0.0,0.0
Bengaluru City,Chikkajala Traffic PS,1.04432e+16,2022,1,2,Road Accidents,Junction,City/Town,Near Petrol Pump,Human Error,No,Simple Injury,Vehicle to Vehicle,Uncontrolled,Straight and flat,NH,Bitumen(Tar),Dry,Not Applicable,Fine,B B ROAD,toll,18,0.0,0.0,0,0,0.0,0.0
Bengaluru City,Chikkajala Traffic PS,1.04432e+16,2022,1,2,Road Accidents,Not Applicable,Rural Areas,Near School or College,Human Error,No,Damage Only,Vehicle to Vehicle,Uncontrolled,Straight and flat,Mixed,Bitumen(Tar),Dry,Not Applicable,Clear,maralukunte road,govt school,15,0.0,0.0,0,0,0.0,0.0
Bengaluru City,Chikkajala Traffic PS,1.04432e+16,2022,1,2,Road Accidents,Not Applicable,Rural Areas,Near or inside a village,Human Error,No,Simple Injury,Vehicle to Vehicle,Uncontrolled,Straight and flat,Two way,Bitumen(Tar),Dry,Not Applicable,Fine,mylanahalli road,MYLANAHALLI CROSS,12 km,13.160857,77.688088,0,0,0.0,0.0
Bengaluru City,Chikkajala Traffic PS,1.04432e+16,2022,1,2,Road Accidents,Not Applicable,City/Town,Narrow bridge or culverts,Human Error,Yes,Simple Injury,Vehicle to Vehicle,Uncontrolled,Straight and flat,NH,Bitumen(Tar),Dry,Not Applicable,Fine,b b road,vidyanagara cross,12 km,0.0,0.0,0,0,0.0,0.0
Bengaluru City,Chikkajala Traffic PS,1.04432e+16,2022,1,2,Road Accidents,Narrow road,City/Town,Residential area,Not Applicable,Yes,Simple Injury,Vehicle to Vehicle,Not Applicable,Others,Others,Bitumen(Tar),Dry,Not Applicable,Fog / Mist,KANNUR MAIN ROAD,NEAR SURVEY NO69,50FEET,0.0,0.0,0,0,0.0,0.0
Bengaluru City,Chikkajala Traffic PS,1.04432e+16,2022,1,2,Road Accidents,Not Applicable,City/Town,Near School or College,Human Error,Yes,Simple Injury,Vehicle to Vehicle,Uncontrolled,Straight and flat,Two way,Bitumen(Tar),Dry,Not Applicable,Fine,KOGILU MN RD,MILLENNIUM SCHOOL,5,0.0,0.0,0,0,0.0,0.0
Bengaluru City,Chikkajala Traffic PS,1.04432e+16,2022,1,1,Road Accidents,Junction,City/Town,Narrow bridge or culverts,Human Error,No,Fatal,Hit pedestrian,Uncontrolled,Straight and flat,Two way,Bitumen(Tar),Dry,No influence on accident,Fine,REVA COLLAGE MN RD,AMULYA BAR,4,0.0,0.0,0,0,0.0,0.0
Bengaluru City,Chikkajala Traffic PS,1.04432e+16,2022,1,2,Road Accidents,Junction,City/Town,Near or inside a village,Human Error,No,Grievous Injury,Vehicle to Vehicle,Uncontrolled,Straight and flat,Two way,Bitumen(Tar),Dry,Not Applicable,Fine,HEGADENAGARA MN RD,SHOBHA CITY,0.5 KM,0.0,0.0,0,0,0.0,0.0
Bengaluru City,Chikkajala Traffic PS,1.04432e+16,2022,1,2,Road Accidents,Not Applicable,City/Town,Near office complex,Human Error,No,Fatal,Vehicle to Vehicle,Uncontrolled,Straight and flat,Two way,Bitumen(Tar),Dry,Not Applicable,Fine,RING ROAD,MANYATHA,5,0.0,0.0,0,0,0.0,0.0
Bengaluru City,Chikkajala Traffic PS,1.04432e+16,2022,1,2,Road Accidents,Not Applicable,City/Town,Near School or College,Human Error,No,Simple Injury,Vehicle to Vehicle,Uncontrolled,Straight and flat,Two way,Bitumen(Tar),Dry,Not Applicable,Fine,HEGADENAGARA MN RD,RASHTROTTHAN SCHOOL,1,13.068694,77.633706,0,0,0.0,0.0
Bengaluru City,Chikkajala Traffic PS,1.04432e+16,2022,1,3,Road Accidents,Not Applicable,City/Town,Narrow bridge or culverts,Human Error,Yes,Grievous Injury,Vehicle to Vehicle,Uncontrolled,Straight and flat,NH,Bitumen(Tar),Dry,Not Applicable,Clear,B B ROAD,HUNASAMARANAHALLI FLYOVER,14 KM,0.0,0.0,0,0,0.0,0.0
Bengaluru City,Chikkajala Traffic PS,1.04432e+16,2022,1,2,Road Accidents,Not Applicable,City/Town,Residential area,Human Error,Yes,Simple Injury,Vehicle to Vehicle,Uncontrolled,Straight and flat,Two way,Bitumen(Tar),Dry,Not Applicable,Fine,80 FEET ROAD,MCECHS LAYOUT,2,0.0,0.0,0,0,0.0,0.0
Bengaluru City,Chikkajala Traffic PS,1.04432e+16,2022,1,1,Road Accidents,Cross roads,City/Town,Near or inside a village,Human Error,No,Simple Injury,Not Applicable,Uncontrolled,Straight and flat,Two way,Bitumen(Tar),Dry,Not Applicable,Fine,KOTTANUR ROAD,CAR SERVICE KYALASANAHALLI,5 KM,0.0,0.0,0,0,0.0,0.0
Bengaluru City,Chikkajala Traffic PS,1.04432e+16,2022,1,1,Road Accidents,Not Applicable,Rural Areas,Near or inside a village,Human Error,No,Grievous Injury,Vehicle to Vehicle,Uncontrolled,Straight and flat,Two way,Bitumen(Tar),Dry,Not Applicable,Fine,MVIT RAJANUKUNTE ROAD,BURIAL GROUND,15,0.0,0.0,0,0,0.0,0.0
Bengaluru City,Chikkajala Traffic PS,1.04432e+16,2022,1,2,Road Accidents,Curves,City/Town,Near or inside a village,Human Error,No,Grievous Injury,Vehicle to Vehicle,Uncontrolled,Curve,Two way,Bitumen(Tar),Dry,No influence on accident,Fine,REVA COLLAGE ROAD,GREEN VIEW DABA,6,0.0,0.0,0,0,0.0,0.0
Bengaluru City,Chikkajala Traffic PS,1.04432e+16,2022,1,2,Road Accidents,Not Applicable,City/Town,Near Petrol Pump,Human Error,Yes,Simple Injury,Vehicle to Vehicle,Uncontrolled,Straight and flat,Service Road,Bitumen(Tar),Dry,Not Applicable,Fine,B B ROAD,PETROL BUNK,12 KM,0.0,0.0,0,0,0.0,0.0
Bengaluru City,Chikkajala Traffic PS,1.04432e+16,2022,1,1,Road Accidents,Not Applicable,City/Town,Near Bus stop,Human Error,No,Fatal,Not Applicable,Uncontrolled,Straight and flat,Service Road,Bitumen(Tar),Dry,No influence on accident,Fine,B B ROAD,VIDYANAGARA CROSS,12 KM,0.0,0.0,0,0,0.0,0.0
Bengaluru City,Chikkajala Traffic PS,1.04432e+16,2022,1,2,Road Accidents,Not Applicable,City/Town,Near or inside a village,Human Error,Yes,Simple Injury,Vehicle to Vehicle,Uncontrolled,Straight and flat,Two way,Bitumen(Tar),Dry,Not Applicable,Fine,HEGADENAGARA MN RD,MS NAGARA CROSS,4 KM,0.0,0.0,0,0,0.0,0.0
Bengaluru City,Chikkajala Traffic PS,1.04432e+16,2022,1,1,Road Accidents,Not Applicable,City/Town,Near Hospital,Human Error,No,Grievous Injury,Hit pedestrian,Uncontrolled,Straight and flat,Two way,Bitumen(Tar),Dry,Not Applicable,Clear,80 FT ROAD,SURAKSHA HOSPETAL,2,13.081068,77.628497,0,0,0.0,0.0
Bengaluru City,Chikkajala Traffic PS,1.04432e+16,2022,1,1,Road Accidents,Cross roads,City/Town,Open area,Human Error,Yes,Simple Injury,Hit bicyclist,Uncontrolled,Straight and flat,Two way,Bitumen(Tar),Dry,Not Applicable,Fine,kannur mn rd,christel house india,5 km,0.0,0.0,0,0,0.0,0.0
Bengaluru City,Chikkajala Traffic PS,1.04432e+16,2022,1,2,Road Accidents,Junction,City/Town,Open area,Human Error,No,Grievous Injury,Vehicle to Vehicle,Uncontrolled,Straight and flat,NH,Bitumen(Tar),Dry,Not Applicable,Fine,B B ROAD,TOLL,18,0.0,0.0,0,0,0.0,0.0
Bengaluru City,Chikkajala Traffic PS,1.04432e+16,2022,1,2,Road Accidents,Railway crossing,City/Town,Narrow bridge or culverts,Human Error,No,Damage Only,Vehicle to Vehicle,Uncontrolled,Sharp Curve,Two way,Bitumen(Tar),Dry,Not Applicable,Fine,Thanisndra road,RAILWAY UNDER PASS,2km,0.0,0.0,0,0,0.0,0.0
Bengaluru City,Chikkajala Traffic PS,1.04432e+16,2022,1,1,Not Applicable,Not Applicable,City/Town,Open area,Not Applicable,Not Applicable,Fatal,Not Applicable,Not Applicable,Not Applicable,Not Applicable,Not Applicable,Not Applicable,Not Applicable,Not Applicable,"Veerannapalya downramp, Nagawara ringroad",0,50MTRS,0.0,0.0,0,0,0.0,0.0
Bengaluru City,Chikkajala Traffic PS,1.04432e+16,2022,1,2,Road Accidents,Cross roads,City/Town,Near office complex,Human Error,No,Grievous Injury,Vehicle to Vehicle,Uncontrolled,Straight and flat,NH,Bitumen(Tar),Dry,Not Applicable,Fine,B B ROAD,TOLL,15,0.0,0.0,0,0,0.0,0.0
Bengaluru City,Chikkajala Traffic PS,1.04432e+16,2022,1,2,Road Accidents,Not Applicable,City/Town,Near or inside a village,Human Error,No,Grievous Injury,Vehicle to Vehicle,Uncontrolled,Straight and flat,Two way,Bitumen(Tar),Dry,Not Applicable,Fine,agrahara road,agrahara,4,0.0,0.0,0,0,0.0,0.0
Bengaluru City,Chikkajala Traffic PS,1.04432e+16,2022,1,1,Road Accidents,Junction,City/Town,Open area,Human Error,Yes,Simple Injury,Vehicle to Vehicle,Uncontrolled,Straight and flat,NH,Bitumen(Tar),Dry,Not Applicable,Fine,b b road,toll,18,0.0,0.0,0,0,0.0,0.0
Bengaluru City,Chikkajala Traffic PS,1.04432e+16,2022,1,1,Road Accidents,Not Applicable,Rural Areas,Open area,Human Error,No,Damage Only,Not Applicable,Uncontrolled,Straight and flat,Two way,Bitumen(Tar),Dry,No influence on accident,Fine,DODDENAHALLI ROAD,KARNATAKA D GROUP EMPLOYE LAYOUT,10,0.0,0.0,0,0,0.0,0.0
Bengaluru City,Chikkajala Traffic PS,1.04432e+16,2022,1,1,Road Accidents,Not Applicable,City/Town,Near Bus stop,Human Error,No,Simple Injury,Hit pedestrian,Uncontrolled,Straight and flat,NH,Bitumen(Tar),Dry,Construction Work / Material,Fine,bb road,sadagalli gate,18 km,0.0,0.0,2,0,0.0,2.0
Bengaluru City,Chikkajala Traffic PS,1.04432e+16,2022,1,2,Road Accidents,Narrow road,City/Town,Near School or College,Human Error,Yes,Simple Injury,Vehicle to Vehicle,Uncontrolled,Straight and flat,Two way,Bitumen(Tar),Dry,Not Applicable,Fine,CMR COLLAGE ROAD,CMR COLLAGE,8 km,0.0,0.0,0,0,0.0,0.0
Bengaluru City,Chikkajala Traffic PS,1.04432e+16,2022,1,1,Road Accidents,Not Applicable,City/Town,Near School or College,Human Error,No,Damage Only,Not Applicable,Uncontrolled,Straight and flat,Two way,Bitumen(Tar),Dry,No influence on accident,Fine,BAGALURU-HENNUR MN RD,KOSHISH COLLEGE,9 km,0.0,0.0,0,0,0.0,0.0
Bengaluru City,Chikkajala Traffic PS,1.04432e+16,2022,1,2,Road Accidents,Not Applicable,Rural Areas,Near or inside a village,Human Error,No,Grievous Injury,Vehicle to Vehicle,Uncontrolled,Straight and flat,Two way,Bitumen(Tar),Dry,Not Applicable,Fine,TIMMASANDRA ROAD,SUNILGOWDA GARDEN,10 KM,0.0,0.0,0,0,0.0,0.0
Bengaluru City,Chikkajala Traffic PS,1.04432e+16,2022,1,2,Not Applicable,Narrow road,City/Town,Residential area,Not Applicable,No,Grievous Injury,Vehicle to Vehicle,Not Applicable,Slight Curve,Not Applicable,Bitumen(Tar),Dry,Not Applicable,Fog / Mist,R.K.HEGDE NAGAR MAIN ROAD,NEAR SHOBHA CITY APARTMENT,50MTRS,0.0,0.0,0,0,0.0,0.0
Bengaluru City,Chikkajala Traffic PS,1.04432e+16,2022,1,2,Road Accidents,Not Applicable,City/Town,Near or inside a village,Human Error,No,Simple Injury,Vehicle to Vehicle,Uncontrolled,Straight and flat,Two way,Bitumen(Tar),Dry,Not Applicable,Fine,MVIT ROAD,GANTAGANAHALLI ROAD,8,0.0,0.0,0,0,0.0,0.0
Bengaluru City,Chikkajala Traffic PS,1.04432e+16,2022,1,2,Road Accidents,Curves,City/Town,Narrow bridge or culverts,Human Error,No,Grievous Injury,Vehicle to Vehicle,Uncontrolled,Straight and flat,Two way,Bitumen(Tar),Dry,Not Applicable,Clear,NAGAWARA RING ROAD,VEERANAPALYA FLY OVER,4 KM,0.0,0.0,0,0,0.0,0.0
Bengaluru City,Chikkajala Traffic PS,1.04432e+16,2022,1,2,Road Accidents,Not Applicable,City/Town,Residential area,Human Error,No,Simple Injury,Vehicle to Vehicle,Uncontrolled,Straight and flat,One way,Bitumen(Tar),Dry,Not Applicable,Clear,NAGAWARA RING ROAD,MANYATHA,5 KM,0.0,0.0,0,0,0.0,0.0
Bengaluru City,Chikkajala Traffic PS,1.04432e+16,2022,1,2,Road Accidents,Junction,City/Town,Open area,Human Error,No,Damage Only,Vehicle to Vehicle,Uncontrolled,Slight Curve,Others,Bitumen(Tar),Dry,No influence on accident,Clear,B B ROAD,KRISHNASAGARA HOTEL,18,0.0,0.0,0,0,0.0,0.0
Bengaluru City,Chikkajala Traffic PS,1.04432e+16,2022,1,1,Road Accidents,Rail Crossing manned,City/Town,Near a religious place,Human Error,No,Grievous Injury,Hit pedestrian,Not Applicable,Not Applicable,Others,Bitumen(Tar),Dry,No influence on accident,Fine,Road Accident,a,20,0.0,0.0,0,0,0.0,0.0
Bengaluru City,Chikkajala Traffic PS,1.04432e+16,2022,1,2,Road Accidents,Junction,City/Town,Open area,Human Error,No,Simple Injury,Vehicle to Vehicle,Uncontrolled,Straight and flat,Two way,Bitumen(Tar),Dry,Not Applicable,Clear,bb road,toll,18,0.0,0.0,0,0,0.0,0.0
Bengaluru City,Chikkajala Traffic PS,1.04432e+16,2022,1,2,Road Accidents,Not Applicable,Rural Areas,Near Bus stop,Human Error,No,Simple Injury,Vehicle to Vehicle,Uncontrolled,Straight and flat,Two way,Bitumen(Tar),Dry,No influence on accident,Fine,"BUDIGERE MAIN ROAD,",GOPALAPURA BUSSTOP,10,0.0,0.0,0,0,0.0,0.0
Bengaluru City,Chikkajala Traffic PS,1.04432e+16,2022,1,2,Not Applicable,Narrow road,City/Town,Residential area,Not Applicable,Yes,Grievous Injury,Vehicle to Vehicle,Not Applicable,Not Applicable,Major District Road,Bitumen(Tar),Dry,Not Applicable,Fog / Mist,BAGALUR ROAD,NEAR BUILDING NO 54,50FEET,0.0,0.0,0,0,0.0,0.0
Bengaluru City,Chikkajala Traffic PS,1.04432e+16,2022,1,2,Road Accidents,Not Applicable,Rural Areas,Near or inside a village,Human Error,No,Simple Injury,Vehicle to Vehicle,Uncontrolled,Straight and flat,Two way,Bitumen(Tar),Dry,Not Applicable,Fine,bagalur village,BAGLURU BHAAVI,12 km,0.0,0.0,0,0,0.0,0.0
Bengaluru City,Chikkajala Traffic PS,1.04432e+16,2022,1,1,Road Accidents,Not Applicable,City/Town,Open area,Human Error,No,Fatal,Hit pedestrian,Uncontrolled,Straight and flat,NH,Bitumen(Tar),Dry,Not Applicable,Fine,B B ROAD,TOLL,18 KM,0.0,0.0,0,0,0.0,0.0
Bengaluru City,Chikkajala Traffic PS,1.04432e+16,2022,1,1,Road Accidents,Junction,City/Town,Open area,Human Error,No,Fatal,Not Applicable,Uncontrolled,Sharp Curve,Two way,Bitumen(Tar),Dry,Not Applicable,Clear,HEGADENAGARA ROAD,FLYOVER,0.5 KM,13.097763,77.65185,0,0,0.0,0.0
Bengaluru City,Chikkajala Traffic PS,1.04432e+16,2022,1,1,Road Accidents,Not Applicable,City/Town,Near a religious place,Human Error,No,Damage Only,Not Applicable,Uncontrolled,Straight and flat,Two way,Bitumen(Tar),Dry,Not Applicable,Fine,BAGALURU-KANNUR MAIN ROAD,NAGALINGESHWARA TEMPLE,8,0.0,0.0,0,0,0.0,0.0
Bengaluru City,Chikkajala Traffic PS,1.04432e+16,2022,1,1,Road Accidents,Not Applicable,Rural Areas,Open area,Human Error,No,Fatal,Not Applicable,Uncontrolled,Others,Sub Arterial,Bitumen(Tar),Dry,No influence on accident,Fine,BANDE HOSUR ROAD,BANDE HOSUR,7 KM,0.0,0.0,0,0,0.0,0.0
Bengaluru City,Chikkajala Traffic PS,1.04432e+16,2022,1,2,Road Accidents,Narrow road,City/Town,Near School or College,Not Applicable,Yes,Fatal,Vehicle to Vehicle,Not at  Junction,Others,Major District Road,Bitumen(Tar),Not Applicable,Not Applicable,Clear,REVA COLLEGE ROAD,NEAR 2ND GATE REVA COLLEGE,40FEET,0.0,0.0,0,0,0.0,0.0
Bengaluru City,Chikkajala Traffic PS,1.04432e+16,2022,1,2,Road Accidents,Cross roads,City/Town,Residential area,Human Error,No,Damage Only,Vehicle to Vehicle,Uncontrolled,Slight Curve,NH,Bitumen(Tar),Dry,Not Applicable,Clear,B B ROAD,KOTE CROSS,15,0.0,0.0,0,0,0.0,0.0
Bengaluru City,Chikkajala Traffic PS,1.04432e+16,2022,1,2,Road Accidents,Not Applicable,Rural Areas,Near or inside a village,Human Error,No,Simple Injury,Vehicle to Vehicle,Uncontrolled,Straight and flat,Two way,Bitumen(Tar),Dry,Not Applicable,Fine,KANNUR-BAGALUR MAIN ROAD,CHAGALAHATTI ARCH,8,0.0,0.0,0,0,0.0,0.0
Bengaluru City,Chikkajala Traffic PS,1.04432e+16,2022,1,2,Road Accidents,Not Applicable,City/Town,Open area,Human Error,No,Simple Injury,Vehicle to Vehicle,Uncontrolled,Straight and flat,NH,Bitumen(Tar),Dry,Not Applicable,Fine,B B ROAD,TOLL,19,0.0,0.0,0,0,0.0,0.0
Bengaluru City,Chikkajala Traffic PS,1.04432e+16,2022,1,2,Road Accidents,Junction,City/Town,Near School or College,Human Error,No,Grievous Injury,Vehicle to Vehicle,Uncontrolled,Others,Two way,Bitumen(Tar),Dry,Not Applicable,Fine,HEGADENAGARA MN RD,KNS COLLAGE,3 KM,0.0,0.0,0,0,0.0,0.0
Bengaluru City,Chikkajala Traffic PS,1.04432e+16,2022,1,2,Road Accidents,Narrow road,Rural Areas,Open area,Human Error,Yes,Simple Injury,Vehicle to Vehicle,Uncontrolled,Sharp Curve,Two way,Bitumen(Tar),Dry,Not Applicable,Fine,SHETTYGERE ROAD,SHETTYGERE CROSS,20,0.0,0.0,0,0,0.0,0.0
Bengaluru City,Chikkajala Traffic PS,1.04432e+16,2022,1,2,Road Accidents,Not Applicable,City/Town,Near a factory industrial area,Human Error,No,Damage Only,Vehicle to Vehicle,Uncontrolled,Straight and flat,Two way,Bitumen(Tar),Dry,No influence on accident,Fine,KV JAYARAM ROAD,DOOSAN FACTORY,3,13.28458,77.721398,0,0,0.0,0.0
Bengaluru City,Chikkajala Traffic PS,1.04432e+16,2022,1,2,Road Accidents,Not Applicable,City/Town,Near or inside a village,Human Error,No,Simple Injury,Vehicle to Vehicle,Uncontrolled,Straight and flat,NH,Bitumen(Tar),Dry,Not Applicable,Fine,B B ROAD,DECTHLON,12,0.0,0.0,0,0,0.0,0.0
Bengaluru City,Chikkajala Traffic PS,1.04432e+16,2022,1,3,Road Accidents,Junction,City/Town,Near School or College,Human Error,No,Simple Injury,Vehicle to Vehicle,Uncontrolled,Straight and flat,NH,Bitumen(Tar),Dry,Not Applicable,Fine,BB ROAD,TOYOTA SHOW ROOM,13,0.0,0.0,0,0,0.0,0.0
Bengaluru City,Chikkajala Traffic PS,1.04432e+16,2022,1,2,Road Accidents,Narrow road,City/Town,Open area,Human Error,Yes,Fatal,Vehicle to Vehicle,Not Applicable,Others,Minor District Road,Bitumen(Tar),Others,Not Applicable,Fog / Mist,CHAPPARADA KALLU ROAD,NEAR GURUSRI LYT,100MTR,0.0,0.0,0,1,0.0,1.0
Bengaluru City,Chikkajala Traffic PS,1.04432e+16,2022,1,1,Road Accidents,Curves,City/Town,Near a religious place,Not Applicable,No,Fatal,Hit pedestrian,Not Applicable,Curve,Others,Bitumen(Tar),Others,Not Applicable,Clear,Doddajala road,near Doddajala anjaneya temple,70feet,0.0,0.0,0,1,0.0,1.0
Bengaluru City,Chikkajala Traffic PS,1.04432e+16,2022,1,2,Road Accidents,Cross roads,City/Town,Narrow bridge or culverts,Not Applicable,No,Simple Injury,Vehicle to Vehicle,No signal lights,Curve,Expressway,Not Applicable,Others,Not Applicable,Others,bb road,Near ganesha temple,80feet,0.0,0.0,0,1,0.0,1.0