DISTRICTNAME,UNITNAME,Crime_No,Year,RI,Noofvehicle_involved,Accident_Classification,Accident_Spot,Accident_Location,Accident_SubLocation,Main_Cause,Hit_Run,Severity,Collision_Type,Junction_Control,Road_Character,Road_Type,Surface_Type,Surface_Condition,Road_Condition,Weather,Accident_Road,Landmark_first,Distance_LandMark_First,Latitude,Longitude,Road_Condition_Score,Surface_Condition_Score,Surface_Type_Score,Road_Risk_Index
Bengaluru City,Chikkajala Traffic PS,1.04432e+16,2022,1,2,Road Accidents,Narrow road,City/Town,Near School or College,Not Applicable,No,Fatal,Vehicle to Vehicle,Not Applicable,Not Applicable,Others,Bitumen(Tar),Not Applicable,Not Applicable,Clear,ITTIGE FACTORY KOGILU ROAD,INFRONT OF MILLENIUM SCHOOL,50FEET,0.0,0.0,0,0,0.0,0.0
Bengaluru City,Chikkajala Traffic PS,1.04432e+16,2022,1,3,Road Accidents,Not Applicable,City/Town,Open area,Human Error,No,Fatal,Vehicle to Vehicle,Uncontrolled,Straight and flat,NH,Bitumen(Tar),Dry,Not Applicable,Fine,B B ROAD,PETROL BUNK,9 KM,0.0,0.0,0,0,0.0,0.0
Bengaluru City,Chikkajala Traffic PS,1.04432e+16,2022,1,2,Road Accidents,Curves,City/Town,Open area,Human Error,No,Grievous Injury,Vehicle to Vehicle,Uncontrolled,Straight and flat,NH,Bitumen(Tar),Dry,Not Applicable,Fine,bb road,chikkajala l&order,15,0.0,0.0,0,0,0.0,0.0
Bengaluru City,Chikkajala Traffic PS,1.04432e+16,2022,1,1,Road Accidents,Narrow road,City/Town,Near Bus stop,Not Applicable,No,Grievous Injury,Hit pedestrian,Not Applicable,Others,Expressway,Not Applicable,Others,Not Applicable,Mist or Fog,BB ROAD,NEAR BMW SHOWROOM,100MTR,0.0,0.0,0,1,0.0,1.0
Bengaluru City,Chikkajala Traffic PS,1.04432e+16,2022,1,2,Not Applicable,Not Applicable,Rural Areas,Open area,Not Applicable,No,Simple Injury,Vehicle to Vehicle,Not Applicable,Not Applicable,NH,Not Applicable,Others,Not Applicable,Clear,national highway,Hunasamaranahalli fly over,5 feet,0.0,0.0,0,1,0.0,1.0
Bengaluru City,Chikkajala Traffic PS,1.04432e+16,2022,1,1,Road Accidents,Cross roads,City/Town,Residential area,Human Error,No,Fatal,Vehicle to Vehicle,Uncontrolled,Straight and flat,Two way,Bitumen(Tar),Dry,No influence on accident,Fine,BSV PARK LAYOUT ROAD,BSV PARK,5,0.0,0.0,0,0,0.0,0.0
Bengaluru City,Chikkajala Traffic PS,1.04432e+16,2022,1,1,Road Accidents,Not Applicable,City/Town,Open area,Human Error,No,Fatal,Hit pedestrian,Uncontrolled,Straight and flat,NH,Bitumen(Tar),Dry,Not Applicable,Fine,B B ROAD,OLD TRAFFIC STATION,14,0.0,0.0,0,0,0.0,0.0
Bengaluru City,Chikkajala Traffic PS,1.04432e+16,2022,1,1,Road Accidents,Cross roads,City/Town,Open area,Human Error,No,Fatal,Not Applicable,Uncontrolled,Straight and flat,Two way,Bitumen(Tar),Dry,Not Applicable,Fine,MYLANAHALLI,HUNASUR,14,0.0,0.0,0,0,0.0,0.0
Bengaluru City,Chikkajala Traffic PS,1.04432e+16,2022,1,2,Road Accidents,Not Applicable,City/Town,Near office complex,Human Error,No,Grievous Injury,Vehicle to Vehicle,Uncontrolled,Straight and flat,NH,Bitumen(Tar),Dry,Construction Work / Material,Clear,BB ROAD,DECATHLON,14,0.0,0.0,2,0,0.0,2.0
Bengaluru City,Chikkajala Traffic PS,1.04432e+16,2022,1,2,Road Accidents,Not Applicable,City/Town,Residential area,Human Error,No,Simple Injury,Vehicle to Vehicle,Uncontrolled,Straight and flat,Two way,Bitumen(Tar),Dry,Not Applicable,Fine,MCECH LAYOUT,SURUCHI HOTEL,2 KM,13.079794,77.633787,0,0,0.0,0.0
Bengaluru City,Chikkajala Traffic PS,1.04432e+16,2022,1,2,Road Accidents,Curves,City/Town,Near or inside a village,Human Error,No,Fatal,Vehicle to Vehicle,Uncontrolled,Curve,Two way,Bitumen(Tar),Dry,Not Applicable,Fine,BAGALUR ROAD,POLICE STATION,12 KM,0.0,0.0,0,0,0.0,0.0
Bengaluru City,Chikkajala Traffic PS,1.04432e+16,2022,1,2,Road Accidents,Junction,City/Town,Narrow bridge or culverts,Human Error,Yes,Simple Injury,Vehicle to Vehicle,Uncontrolled,Slight Curve,Two way,Bitumen(Tar),Dry,Not Applicable,Clear,reva collage mn rd,bellahalli bridge,4km,13.101949,77.634591,0,0,0.0,0.0
Bengaluru City,Chikkajala Traffic PS,1.04432e+16,2022,1,2,Road Accidents,Narrow road,City/Town,Near or inside a village,Human Error,No,Simple Injury,Vehicle to Vehicle,Uncontrolled,Straight and flat,NH,Bitumen(Tar),Dry,Not Applicable,Fine,B B ROAD,KOTE CROSS,15,0.0,0.0,0,0,0.0,0.0
Bengaluru City,Chikkajala Traffic PS,1.04432e+16,2022,1,2,Road Accidents,Not Applicable,City/Town,Open area,Human Error,No,Simple Injury,Vehicle to Vehicle,Uncontrolled,Straight and flat,NH,Bitumen(Tar),Dry,Not Applicable,Fine,B B ROAD,HOSUR,16,0.0,0.0,0,0,0.0,0.0
Bengaluru City,Chikkajala Traffic PS,1.04432e+16,2022,1,1,Road Accidents,Not Applicable,City/Town,Near School or College,Human Error,No,Grievous Injury,Hit pedestrian,Uncontrolled,Straight and flat,Two way,Bitumen(Tar),Dry,Not Applicable,Fine,HEGADENAGARA MN RD,ST THERESA COLLEGE,1,0.0,0.0,0,0,0.0,0.0
Bengaluru City,Chikkajala Traffic PS,1.04432e+16,2022,1,2,Road Accidents,Junction,City/Town,Open area,Human Error,Yes,Grievous Injury,Vehicle to Vehicle,Uncontrolled,Straight and flat,NH,Bitumen(Tar),Dry,Not Applicable,Fine,BB ROAD,TOLL,18,0.0,0.0,0,0,0.0,0.0
Bengaluru City,Chikkajala Traffic PS,1.04432e+16,2022,1,2,Road Accidents,Junction,City/Town,Open area,Human Error,Yes,Grievous Injury,Vehicle to Vehicle,Uncontrolled,Straight and flat,Two way,Bitumen(Tar),Dry,Not Applicable,Clear,RING ROAD,RING ROAD,7KM,0.0,0.0,0,0,0.0,0.0
Bengaluru City,Chikkajala Traffic PS,1.04432e+16,2022,1,2,Road Accidents,Not Applicable,City/Town,Narrow bridge or culverts,Human Error,No,Grievous Injury,Vehicle to Vehicle,Uncontrolled,Straight and flat,NH,Bitumen(Tar),Dry,Not Applicable,Fine,B B ROAD,HM HALLI ON FLY OVER,12 KM,0.0,0.0,0,0,0.0,0.0
Bengaluru City,Chikkajala Traffic PS,1.04432e+16,2022,1,1,Road Accidents,Not Applicable,Rural Areas,Near or inside a village,Human Error,No,Simple Injury,Hit pedestrian,Uncontrolled,Straight and flat,Two way,Bitumen(Tar),Dry,Not Applicable,Fine,MITTAGANAHALLI,RMC PLANT,8 km,0.0,0.0,0,0,0.0,0.0
Bengaluru City,Chikkajala Traffic PS,1.04432e+16,2022,1,1,Road Accidents,Not Applicable,City/Town,Residential area,Human Error,No,Grievous Injury,Not Applicable,Uncontrolled,Straight and flat,Two way,Bitumen(Tar),Not Applicable,Not Applicable,Clear,RING ROAD,MANYATHA,3KM,0.0,0.0,0,0,0.0,0.0
Bengaluru City,Chikkajala Traffic PS,1.04432e+16,2022,1,2,Road Accidents,Not Applicable,Rural Areas,Residential area,Human Error,No,Simple Injury,Vehicle to Vehicle,Uncontrolled,Straight and flat,Two way,Bitumen(Tar),Dry,Not Applicable,Fine,BK HALLI ROAD,AVIJNANA VILLAS,12,0.0,0.0,0,0,0.0,0.0
Bengaluru City,Chikkajala Traffic PS,1.04432e+16,2022,1,1,Road Accidents,Not Applicable,City/Town,Near Hospital,Human Error,No,Fatal,Hit pedestrian,Uncontrolled,Straight and flat,NH,Bitumen(Tar),Dry,Not Applicable,Fine,bb road,life care hospetal,12,0.0,0.0,0,0,0.0,0.0
Bengaluru City,Chikkajala Traffic PS,1.04432e+16,2022,1,2,Road Accidents,Not Applicable,City/Town,Open area,Human Error,Yes,Fatal,Vehicle to Vehicle,Uncontrolled,Straight and flat,Service Road,Bitumen(Tar),Dry,Not Applicable,Clear,B B ROAD,VIDYANAGARA CROSS,14 KM,0.0,0.0,0,0,0.0,0.0
Bengaluru City,Chikkajala Traffic PS,1.04432e+16,2022,1,2,Road Accidents,Not Applicable,City/Town,Narrow bridge or culverts,Human Error,Yes,Fatal,Vehicle to Vehicle,Uncontrolled,Straight and flat,Two way,Bitumen(Tar),Dry,No influence on accident,Fine,NAGAWARA RING ROAD,VEERANNAPALYA FLY OVER,4 KM,0.0,0.0,0,0,0.0,0.0
Bengaluru City,Chikkajala Traffic PS,1.04432e+16,2022,1,1,Road Accidents,Not Applicable,Rural Areas,Near or inside a village,Human Error,No,Grievous Injury,Not Applicable,Uncontrolled,Straight and flat,Two way,Bitumen(Tar),Dry,Not Applicable,Fine,BAGALURU-BK HALLI,VISHNU TENT HOUSE,15,13.182039,77.694883,0,0,0.0,0.0
Bengaluru City,Chikkajala Traffic PS,1.04432e+16,2022,1,2,Road Accidents,Junction,City/Town,Near Petrol Pump,Human Error,No,Simple Injury,Vehicle to Vehicle,Uncontrolled,Straight and flat,Two way,Bitumen(Tar),Dry,Not Applicable,Fine,Reva College Road,Reva College,5km,13.11915,77.6329359,0,0,0.0,0.0
Bengaluru City,Chikkajala Traffic PS,1.04432e+16,2022,1,1,Road Accidents,Curves,City/Town,Open area,Not Applicable,No,Fatal,Not Applicable,Not Applicable,Curve,Others,Bitumen(Tar),Others,Not Applicable,Fog / Mist,MARASANDRA FOREST ROAD,NEAR DASAMMANAKUNTE LYT,100MTR,0.0,0.0,0,1,0.0,1.0
Bengaluru City,Chikkajala Traffic PS,1.04432e+16,2022,1,1,Road Accidents,Not Applicable,City/Town,Open area,Human Error,No,Not Applicable,Not Applicable,Uncontrolled,Straight and flat,NH,Bitumen(Tar),Dry,Not Applicable,Fine,BB ROAD,TOLL,18 KM,0.0,0.0,0,0,0.0,0.0
Bengaluru City,Chikkajala Traffic PS,1.04432e+16,2022,1,2,Road Accidents,Not Applicable,Rural Areas,Open area,Human Error,Yes,Damage Only,Vehicle to Vehicle,Uncontrolled,Straight and flat,State Highway,Bitumen(Tar),Dry,Not Applicable,Clear,CHAPPAKALLU ROAD,CHAPPARAKALLU,12,0.0,0.0,0,0,0.0,0.0
Bengaluru City,Chikkajala Traffic PS,1.04432e+16,2022,1,2,Road Accidents,Not Applicable,City/Town,Residential area,Human Error,No,Damage Only,Vehicle to Vehicle,Uncontrolled,Hump,Two way,Bitumen(Tar),Dry,Not Applicable,Clear,chapparakallu road,Dravid Padukone Academy,16,0.0,0.0,0,0,0.0,0.0
Bengaluru City,Chikkajala Traffic PS,1.04432e+16,2022,1,2,Road Accidents,Not Applicable,City/Town,Near or inside a village,Human Error,No,Simple Injury,Vehicle to Vehicle,Uncontrolled,Straight and flat,NH,Bitumen(Tar),Dry,Not Applicable,Fine,B B ROAD,FLYOVER,14,0.0,0.0,0,0,0.0,0.0
Bengaluru City,Chikkajala Traffic PS,1.04432e+16,2022,1,1,Road Accidents,Not Applicable,Rural Areas,Near or inside a village,Human Error,No,Simple Injury,Hit pedestrian,Uncontrolled,Straight and flat,Mixed,Bitumen(Tar),Dry,Not Applicable,Clear,SAMPIGEHALLI ROAD,NAKSHATRA APARTMENT,3 KM,0.0,0.0,0,0,0.0,0.0
Bengaluru City,Chikkajala Traffic PS,1.04432e+16,2022,1,1,Not Applicable,Not Applicable,City/Town,At pedestrian Crossing,Not Applicable,No,Grievous Injury,Hit pedestrian,Police / Manual,Curve,Major District Road,Bitumen(Tar),Dry,Not Applicable,Fine,218/2022,Near Nagavara Jn,Near B,0.0,0.0,0,0,0.0,0.0
Bengaluru City,Chikkajala Traffic PS,1.04432e+16,2023,1,2,Not Applicable,Road hump or Rumble strips,City/Town,Open area,Human Error,Yes,Fatal,Vehicle to Vehicle,Not at  Junction,Curve and Incline,Minor District Road,Concrete,Dry,Not Applicable,Clear,16/2023,N,2 KM,0.0,0.0,0,0,0.0,0.0
Bengaluru City,Chikkajala Traffic PS,1.04432e+16,2023,1,5,Not Applicable,Not Applicable,City/Town,Open area,Human Error,No,Fatal,Not Applicable,Not Applicable,Not Applicable,Others,Not Applicable,Others,Not Applicable,Others,"Bharathi City cross, Hegadenagar main road",Bharathi City cross,100mtr,0.0,0.0,0,1,0.0,1.0
Bengaluru City,Chikkajala Traffic PS,1.04432e+16,2023,1,1,Not Applicable,Not Applicable,Rural Areas,Open area,Human Error,Not Applicable,Fatal,Not Applicable,Give way sign,Hump,Major District Road,Bitumen(Tar),Dry,Not Applicable,Fine,Green Zone,1,1,13.0,77.0,0,0,0.0,0.0
Bengaluru City,Chikkajala Traffic PS,1.04432e+16,2023,1,1,Road Accidents,Not Applicable,City/Town,Near Bus stop,Not Applicable,No,Grievous Injury,Vehicle to Vehicle,Not Applicable,Others,NH,Not Applicable,Dry,Not Applicable,Clear,"Hunasamaranahalli On FLY Over,",Bus Stop,8 Km,0.0,0.0,0,0,0.0,0.0
Bengaluru City,Chikkajala Traffic PS,1.04432e+16,2023,1,2,Road Accidents,Not Applicable,Rural Areas,Near a factory industrial area,Human Error,No,Fatal,Vehicle to Vehicle,Give way sign,Not Applicable,NH,Bitumen(Tar),Dry,Not Applicable,Clear,NH,1,1,13.163135,77.632853,0,0,0.0,0.0
Bengaluru City,Chikkajala Traffic PS,1.04432e+16,2023,1,1,Road Accidents,Narrow road,City/Town,Near Bus stop,Human Error,Not Applicable,Grievous Injury,Hit pedestrian,Controlled,Not Applicable,NH,Bitumen(Tar),Dry,Construction Work / Material,Clear,"Opp Bharathinagara Cross Bus Stop,",BB Road,50  m,13.138936,77.617416,2,0,0.0,2.0
Bengaluru City,Chikkajala Traffic PS,1.04432e+16,2023,1,2,Road Accidents,Narrow road,City/Town,Near a factory industrial area,Not Applicable,No,Simple Injury,Vehicle to Vehicle,Not at  Junction,Others,NH,Bitumen(Tar),Dry,Not Applicable,Fine,NH,1,1,0.0,0.0,0,0,0.0,0.0
Bengaluru City,Chikkajala Traffic PS,1.04432e+16,2023,1,1,Road Accidents,Not Applicable,Rural Areas,Open area,Human Error,Yes,Fatal,Hit pedestrian,Not Applicable,Straight and flat,Others,Bitumen(Tar),Dry,Not Applicable,Clear,Tharabanahalli Main road,Near GOvinda Land,0.5 KM,0.0,0.0,0,0,0.0,0.0
Bengaluru City,Chikkajala Traffic PS,1.04432e+16,2023,1,2,Road Accidents,Junction,City/Town,Open area,Human Error,Yes,Simple Injury,Vehicle to Vehicle,Controlled,Straight and flat,NH,Bitumen(Tar),Dry,No influence on accident,Fine,BB ROAD,SADAHALLI SIGNAL,18,0.0,0.0,0,0,0.0,0.0
Bengaluru City,Chikkajala Traffic PS,1.04432e+16,2023,1,2,Road Accidents,Not Applicable,City/Town,Near office complex,Human Error,No,Grievous Injury,Vehicle to Vehicle,Uncontrolled,Straight and flat,NH,Bitumen(Tar),Dry,Not Applicable,Fine,BB ROAD,ROYAL OAK FURNITURE,14,0.0,0.0,0,0,0.0,0.0
Bengaluru City,Chikkajala Traffic PS,1.04432e+16,2023,1,2,Road Accidents,Not Applicable,City/Town,Residential area,Human Error,No,Grievous Injury,Vehicle to Vehicle,Uncontrolled,Straight and flat,NH,Bitumen(Tar),Dry,Not Applicable,Fine,bb road,toll,19,0.0,0.0,0,0,0.0,0.0
Bengaluru City,Chikkajala Traffic PS,1.04432e+16,2023,1,2,Road Accidents,Not Applicable,Rural Areas,Open area,Human Error,No,Simple Injury,Vehicle to Vehicle,Not at  Junction,Others,Forest Road,Bitumen(Tar),Flooded,Not Applicable,Fine,NH,1,1,13.0,77.0,0,5,0.0,5.0
Bengaluru City,Chikkajala Traffic PS,1.04432e+16,2023,1,2,Not Applicable,Junction,City/Town,Near Bus stop,Human Error,No,Damage Only,Vehicle to Vehicle,Uncontrolled,Hump,NH,Bitumen(Tar),Dry,Not Applicable,Clear,Near Hunsamaranahalli Bus Stop,1,1,13.171509,77.63533,0,0,0.0,0.0
Bengaluru City,Chikkajala Traffic PS,1.04432e+16,2023,1,2,Road Accidents,Narrow road,City/Town,Near Bus stop,Human Error,Yes,Simple Injury,Hit pedestrian,Controlled,Others,NH,Bitumen(Tar),Dry,Not Applicable,Clear,B B Road,Airport downramp,100,13.0,77.0,0,0,0.0,0.0
Bengaluru City,Chikkajala Traffic PS,1.04432e+16,2023,1,1,Road Accidents,Bottleneck,City/Town,Residential area,Human Error,Yes,Grievous Injury,Vehicle to Vehicle,Controlled,Others,NH,Bitumen(Tar),Dry,Not Applicable,Clear,"B B Road,",Near ITC Gate,100,13.0,77.0,0,0,0.0,0.0
Bengaluru City,Chikkajala Traffic PS,1.04432e+16,2023,1,2,Road Accidents,Narrow road,City/Town,Near Bus stop,Human Error,Not Applicable,Simple Injury,Vehicle to Vehicle,Controlled,Straight and flat,NH,Bitumen(Tar),Dry,Not Applicable,Clear,"Hunasamaranahalli Flover,",B B Main Road,50 M,13.14433,77.616397,0,0,0.0,0.0
Bengaluru City,Chikkajala Traffic PS,1.04432e+16,2023,1,2,Not Applicable,Cross roads,Rural Areas,Open area,Human Error,No,Damage Only,Vehicle to Vehicle,Not Applicable,Others,NH,Bitumen(Tar),Dry,Not Applicable,Clear,na,na,0,13.0,77.0,0,0,0.0,0.0
Bengaluru City,Chikkajala Traffic PS,1.04432e+16,2023,1,1,Road Accidents,Not Applicable,City/Town,Near or inside a village,Human Error,No,Fatal,Not Applicable,Uncontrolled,Straight and flat,Two way,Bitumen(Tar),Dry,Not Applicable,Fine,HENNUR BAGALURU MN RD,NAGENAHALLI CROSS,5,0.0,0.0,0,0,0.0,0.0
Bengaluru City,Chikkajala Traffic PS,1.04432e+16,2023,1,1,Road Accidents,Not Applicable,City/Town,Near or inside a village,Human Error,No,Grievous Injury,Hit pedestrian,Uncontrolled,Straight and flat,NH,Bitumen(Tar),Dry,Not Applicable,Fine,BB ROAD,sadahalli gate,15,0.0,0.0,0,0,0.0,0.0
Bengaluru City,Chikkajala Traffic PS,1.04432e+16,2023,1,1,Road Accidents,Narrow road,City/Town,Near Bus stop,Not Applicable,Yes,Fatal,Vehicle to Vehicle,Controlled,Not Applicable,NH,Bitumen(Tar),Dry,Not Applicable,Clear,Hunasamaranahalli Down,Near Bus Stop,5 Km,0.0,0.0,0,0,0.0,0.0
Bengaluru City,Chikkajala Traffic PS,1.04432e+16,2023,1,2,Road Accidents,Not Applicable,City/Town,Near Bus stop,Human Error,No,Grievous Injury,Vehicle to Vehicle,Uncontrolled,Not Applicable,NH,Bitumen(Tar),Dry,Not Applicable,Fine,"BB Road, Vidyanagara Flyover",On Vidyanagara flyover,13,0.0,0.0,0,0,0.0,0.0
Bengaluru City,Chikkajala Traffic PS,1.04432e+16,2023,1,2,Not Applicable,Not Applicable,Rural Areas,Open area,Human Error,Yes,Simple Injury,Vehicle to Vehicle,Uncontrolled,Incline,NH,Bitumen(Tar),Dry,Not Applicable,Clear,Upramp,1,1,13.184995,77.641815,0,0,0.0,0.0
Bengaluru City,Chikkajala Traffic PS,1.04432e+16,2023,1,1,Road Accidents,Not Applicable,City/Town,Near Petrol Pump,Human Error,No,Fatal,Hit pedestrian,Uncontrolled,Straight and flat,NH,Bitumen(Tar),Dry,No influence on accident,Fine,b b road,petrol bunk,14,0.0,0.0,0,0,0.0,0.0
Bengaluru City,Chikkajala Traffic PS,1.04432e+16,2023,1,1,Road Accidents,Circle,City/Town,Near Bus stop,Human Error,Not Applicable,Grievous Injury,Hit pedestrian,Controlled,Others,NH,Bitumen(Tar),Dry,Not Applicable,Clear,"Near MVIT Circle,",BB Main Road,40 M,13.151995,77.620324,0,0,0.0,0.0
Bengaluru City,Chikkajala Traffic PS,1.04432e+16,2023,1,3,Road Accidents,Not Applicable,City/Town,Near Bus stop,Not Applicable,Not Applicable,Damage Only,Vehicle to Vehicle,Not Applicable,Not Applicable,NH,Bitumen(Tar),Dry,Not Applicable,Clear,Hunasamaranahalli On Flyover,Towards Airport Road,10 mtr,13.0,77.0,0,0,0.0,0.0
Bengaluru City,Chikkajala Traffic PS,1.04432e+16,2023,1,2,Road Accidents,Junction,City/Town,Open area,Human Error,No,Simple Injury,Vehicle to Vehicle,Give way sign,Others,NH,Bitumen(Tar),Dry,Not Applicable,Cloudy,HIghway,1,1,0.0,0.0,0,0,0.0,0.0
Bengaluru City,Chikkajala Traffic PS,1.04432e+16,2023,1,1,Road Accidents,Bottleneck,City/Town,Near Bus stop,Human Error,Yes,Grievous Injury,Vehicle to Vehicle,Uncontrolled,Straight and flat,NH,Bitumen(Tar),Dry,Not Applicable,Clear,B B ROAD,SADAHALLI JUNCTION,15,0.0,0.0,0,0,0.0,0.0
Bengaluru City,Chikkajala Traffic PS,1.04432e+16,2023,1,2,Road Accidents,Not Applicable,City/Town,Near or inside a village,Human Error,No,Simple Injury,Vehicle to Vehicle,Controlled,Not Applicable,Service Road,Bitumen(Tar),Dry,No influence on accident,Fine,Chikkajala service road,serviceroad,13,0.0,0.0,0,0,0.0,0.0
Bengaluru City,Chikkajala Traffic PS,1.04432e+16,2023,1,3,Road Accidents,Cross roads,Rural Areas,Open area,Human Error,No,Simple Injury,Vehicle to Vehicle,Not at  Junction,Not Applicable,NH,Bitumen(Tar),Dry,Not Applicable,Clear,BB Road,Mc Donald,100 mt,13.0,77.0,0,0,0.0,0.0
Bengaluru City,Chikkajala Traffic PS,1.04432e+16,2023,1,2,Not Applicable,Narrow road,City/Town,Open area,Not Applicable,No,Grievous Injury,Vehicle to Vehicle,Uncontrolled,Others,NH,Bitumen(Tar),Others,Not Applicable,Others,b b road,SADAHALLI TOLL,300MTR,13.0,77.0,0,1,0.0,1.0
Bengaluru City,Chikkajala Traffic PS,1.04432e+16,2023,1,2,Road Accidents,Not Applicable,City/Town,Near or inside a village,Human Error,Yes,Grievous Injury,Vehicle to Vehicle,Uncontrolled,Straight and flat,Service Road,Bitumen(Tar),Dry,Not Applicable,Fine,BB SERVISE ROAD,SBI BANK,10,0.0,0.0,0,0,0.0,0.0
Bengaluru City,Chikkajala Traffic PS,1.04432e+16,2023,1,2,Not Applicable,Cross roads,Rural Areas,Narrow bridge or culverts,Not Applicable,No,Fatal,Vehicle to Vehicle,Not Applicable,Not Applicable,NH,Not Applicable,Others,Not Applicable,Not Applicable,highway bb road,DIVIDER,35 FT,0.0,0.0,0,1,0.0,1.0
Bengaluru City,Chikkajala Traffic PS,1.04432e+16,2023,1,2,Road Accidents,Junction,City/Town,Near or inside a village,Human Error,No,Simple Injury,Vehicle to Vehicle,Uncontrolled,Straight and flat,Two way,Bitumen(Tar),Dry,Not Applicable,Fine,MVIT ROAD,BOBBA LOGISTIC COMPANY,13,13.0,77.0,0,0,0.0,0.0
Bengaluru City,Chikkajala Traffic PS,1.04432e+16,2023,1,1,Not Applicable,Not Applicable,Rural Areas,Open area,Human Error,Yes,Fatal,Hit pedestrian,Uncontrolled,Others,NH,Bitumen(Tar),Dry,Not Applicable,Fine,Opp IOC Petrole Bunk,1,1,0.0,0.0,0,0,0.0,0.0
Bengaluru City,Chikkajala Traffic PS,1.04432e+16,2023,1,2,Road Accidents,Narrow road,City/Town,Near Bus stop,Not Applicable,Not Applicable,Grievous Injury,Vehicle to Vehicle,Not at  Junction,Others,NH,Bitumen(Tar),Dry,Not Applicable,Clear,NH7,1,15,13.0,77.0,0,0,0.0,0.0
Bengaluru City,Chikkajala Traffic PS,1.04432e+16,2023,1,1,Road Accidents,Not Applicable,City/Town,Open area,Human Error,No,Fatal,Hit pedestrian,Not Applicable,Not Applicable,Expressway,Bitumen(Tar),Dry,Not Applicable,Clear,BB Road Bengaloreq,Itihas hotel,15 KM,13.167845,77.63129,0,0,0.0,0.0
Bengaluru City,Chikkajala Traffic PS,1.04432e+16,2023,1,2,Road Accidents,Cross roads,City/Town,Open area,Human Error,Yes,Simple Injury,Vehicle to Vehicle,Not Applicable,Others,Others,Bitumen(Tar),Dry,No influence on accident,Cloudy,Near Anugraha Condiments,1,1,0.0,0.0,0,0,0.0,0.0
Bengaluru City,Chikkajala Traffic PS,1.04432e+16,2023,1,1,Road Accidents,Not Applicable,City/Town,Narrow bridge or culverts,Human Error,No,Fatal,Vehicle to Vehicle,Uncontrolled,Straight and flat,NH,Bitumen(Tar),Dry,No influence on accident,Fine,BB ROAD,FLY OVER,12,0.0,0.0,0,0,0.0,0.0
Bengaluru City,Chikkajala Traffic PS,1.04432e+16,2023,1,2,Not Applicable,Not Applicable,Rural Areas,Open area,Human Error,Not Applicable,Fatal,Vehicle to Vehicle,Not at  Junction,Others,NH,Bitumen(Tar),Dry,Not Applicable,Others,Near ITC Factory,1,1,0.0,0.0,0,0,0.0,0.0
Bengaluru City,Chikkajala Traffic PS,1.04432e+16,2023,1,2,Road Accidents,Curves,City/Town,In bazaar,Human Error,No,Simple Injury,Vehicle to Vehicle,Not Applicable,Curve,NH,Bitumen(Tar),Dry,Not Applicable,Fine,NH,NEAR KOTE CROSS,15,0.0,0.0,0,0,0.0,0.0
Bengaluru City,Chikkajala Traffic PS,1.04432e+16,2023,1,1,Road Accidents,Not Applicable,City/Town,Near or inside a village,Human Error,No,Grievous Injury,Not Applicable,Uncontrolled,Straight and flat,NH,Bitumen(Tar),Dry,Not Applicable,Fine,bb road,kns convention hall,16,0.0,0.0,0,0,0.0,0.0
Bengaluru City,Chikkajala Traffic PS,1.04432e+16,2023,1,2,Not Applicable,Narrow road,Rural Areas,Near Bus stop,Human Error,No,Grievous Injury,Vehicle to Vehicle,Not at  Junction,Hump,Major District Road,Bitumen(Tar),Dry,Not Applicable,Others,NH,1,1,13.0,77.0,0,0,0.0,0.0
Bengaluru City,Chikkajala Traffic PS,1.04432e+16,2023,1,1,Not Applicable,Not Applicable,Rural Areas,Open area,Human Error,No,Simple Injury,Vehicle to Vehicle,Not Applicable,Not Applicable,NH,Kutcha,Others,Not Applicable,Clear,sadahalli signal,Sadahalli signal,0.01Mt,13.123456,77.12456,0,1,4.0,5.0
Bengaluru City,Chikkajala Traffic PS,1.04432e+16,2023,1,1,Not Applicable,Narrow road,Rural Areas,Open area,Human Error,Not Applicable,Grievous Injury,Not Applicable,Not at  Junction,Not Applicable,Two way,Bitumen(Tar),Dry,Not Applicable,Others,CTR main Road near kuduregere cross.,private compound,16,0.0,0.0,0,0,0.0,0.0
Bengaluru City,Chikkajala Traffic PS,1.04432e+16,2023,1,1,Road Accidents,Junction,City/Town,Near Bus stop,Human Error,Yes,Simple Injury,Hit pedestrian,Controlled,Crest of hill,NH,Not Applicable,Dry,No influence on accident,Clear,MVIT Bus Stop,Hunasamaranahalli,100,13.0,77.0,0,0,0.0,0.0
Bengaluru City,Chikkajala Traffic PS,1.04432e+16,2023,1,2,Not Applicable,Not Applicable,Rural Areas,Open area,Human Error,No,Grievous Injury,Vehicle to Vehicle,Not Applicable,Others,Minor District Road,Bitumen(Tar),Dry,Not Applicable,Clear,Chapparadakallu Road,Near CTR Road,0,0.0,0.0,0,0,0.0,0.0
Bengaluru City,Chikkajala Traffic PS,1.04432e+16,2023,1,2,Road Accidents,Not Applicable,City/Town,Narrow bridge or culverts,Human Error,No,Simple Injury,Vehicle to Vehicle,Uncontrolled,Straight and flat,NH,Bitumen(Tar),Dry,Not Applicable,Fine,BB ROAD,HUNASAMARANAHALLI FLY OVER,12,0.0,0.0,0,0,0.0,0.0
Bengaluru City,Chikkajala Traffic PS,1.04432e+16,2023,1,2,Road Accidents,Junction,City/Town,Near Petrol Pump,Human Error,No,Fatal,Vehicle to Vehicle,No signal lights,Not Applicable,Others,Bitumen(Tar),Dry,Not Applicable,Clear,Rajanukunte Road,Stone Hill School Circle,100,0.0,0.0,0,0,0.0,0.0
Bengaluru City,Chikkajala Traffic PS,1.04432e+16,2023,1,2,Road Accidents,Curves,Rural Areas,Open area,Not Applicable,Yes,Simple Injury,Vehicle to Vehicle,Uncontrolled,Others,Others,Bitumen(Tar),Dry,Not Applicable,Clear,Uttanahalli road,Near JNRYK,50MTRS,13.0,77.0,0,0,0.0,0.0