DISTRICTNAME,UNITNAME,Crime_No,Year,RI,Noofvehicle_involved,Accident_Classification,Accident_Spot,Accident_Location,Accident_SubLocation,Main_Cause,Hit_Run,Severity,Collision_Type,Junction_Control,Road_Character,Road_Type,Surface_Type,Surface_Condition,Road_Condition,Weather,Accident_Road,Landmark_first,Distance_LandMark_First,Latitude,Longitude,Road_Condition_Score,Surface_Condition_Score,Surface_Type_Score,Road_Risk_Index
Bengaluru City,Chikkajala Traffic PS,1.04432e+16,2023,1,2,Road Accidents,Cross roads,City/Town,Near a religious place,Human Error,Yes,Grievous Injury,Vehicle to Vehicle,Uncontrolled,Sharp Curve,One way,Bitumen(Tar),Dry,Not Applicable,Fine,BYRATHI ROAD,ANJANEYA TEMPLE,5,0.0,0.0,0,0,0.0,0.0
Bengaluru City,Chikkajala Traffic PS,1.04432e+16,2023,1,2,Not Applicable,Not Applicable,Rural Areas,Near Bus stop,Human Error,No,Damage Only,Not Applicable,Police / Manual,Others,NH,Concrete,Others,Not Applicable,Cloudy,Near Sadahalli Toll / Bus Stop,1,1,0.0,0.0,0,1,0.0,1.0
Bengaluru City,Chikkajala Traffic PS,1.04432e+16,2023,1,2,Road Accidents,Junction,Rural Areas,Open area,Road Environment Defect,No,Fatal,Vehicle to Vehicle,Signal lights Automatic,Others,State Highway,Bitumen(Tar),Dry,Not Applicable,Fine,NH14,1,1,0.0,0.0,0,0,0.0,0.0
Bengaluru City,Chikkajala Traffic PS,1.04432e+16,2023,1,1,Not Applicable,Cross roads,Rural Areas,Near or inside a village,Human Error,No,Simple Injury,Not Applicable,Controlled,Curve,Forest Road,Bitumen(Tar),Dry,Not Applicable,Clear,"Suggatta Main road, Hunsamaranahalli",1,1,0.0,0.0,0,0,0.0,0.0
Bengaluru City,Chikkajala Traffic PS,1.04432e+16,2023,1,1,Road Accidents,Bottleneck,City/Town,Near Bus stop,Not Applicable,Not Applicable,Grievous Injury,Not Applicable,Not Applicable,Others,NH,Not Applicable,Not Applicable,Not Applicable,Clear,Near Bus Stop,Near Bus Stop,75 Mtr,0.0,0.0,0,0,0.0,0.0
Bengaluru City,Chikkajala Traffic PS,1.04432e+16,2023,1,2,Not Applicable,Junction,Rural Areas,Open area,Human Error,No,Grievous Injury,Vehicle to Vehicle,Controlled,Not Applicable,NH,Bitumen(Tar),Dry,Not Applicable,Clear,Near Airport Upramp,Near Upramp,1,13.196335,77.653731,0,0,0.0,0.0
Bengaluru City,Chikkajala Traffic PS,1.04432e+16,2023,1,1,Road Accidents,Not Applicable,City/Town,Near Bus stop,Human Error,No,Grievous Injury,Hit pedestrian,Uncontrolled,Straight and flat,NH,Bitumen(Tar),Dry,No influence on accident,Fine,B B ROAD,A2B HOTEL,14,0.0,0.0,0,0,0.0,0.0
Bengaluru City,Chikkajala Traffic PS,1.04432e+16,2023,1,1,Not Applicable,Cross roads,Rural Areas,Open area,Human Error,No,Fatal,Not Applicable,Not Applicable,Curve and Incline,Others,Bitumen(Tar),Dry,Drainage Ditch,Fine,NH,1,1,13.0,77.0,4,0,0.0,4.0
Bengaluru City,Chikkajala Traffic PS,1.04432e+16,2023,1,2,Road Accidents,Curves,Rural Areas,Open area,Human Error,No,Grievous Injury,Vehicle to Vehicle,Not Applicable,Curve,Two way,Bitumen(Tar),Dry,Not Applicable,Clear,Gattigana village road,gpg light pole,14,13.139379,77.590013,0,0,0.0,0.0
Bengaluru City,Chikkajala Traffic PS,1.04432e+16,2023,1,2,Road Accidents,Not Applicable,City/Town,Near Bus stop,Human Error,Not Applicable,Fatal,Vehicle to Vehicle,Not Applicable,Not Applicable,Others,Bitumen(Tar),Dry,Not Applicable,Clear,HEGADENAGAR MAIN ROAD,HEGADENAGAR MAIN ROAD,50 M,13.0,77.0,0,0,0.0,0.0
Bengaluru City,Chikkajala Traffic PS,1.04432e+16,2023,1,2,Not Applicable,Curves,Rural Areas,Open area,Human Error,No,Simple Injury,Vehicle to Vehicle,Uncontrolled,Curve,NH,Bitumen(Tar),Dry,Not Applicable,Fine,Near Sadahlli Jn,Near Sadalli Junction,1,0.0,0.0,0,0,0.0,0.0
Bengaluru City,Chikkajala Traffic PS,1.04432e+16,2023,1,2,Not Applicable,Junction,Rural Areas,Open area,Human Error,No,Damage Only,Not Applicable,Not at  Junction,Not Applicable,NH,Bitumen(Tar),Dry,Drainage Ditch,Fine,NH,1,1,13.0,77.0,4,0,0.0,4.0
Bengaluru City,Chikkajala Traffic PS,1.04432e+16,2023,1,1,Road Accidents,Not Applicable,City/Town,Open area,Not Applicable,Not Applicable,Simple Injury,Vehicle to Vehicle,Not Applicable,Others,NH,Not Applicable,Not Applicable,Not Applicable,Clear,"Gurukula School,",Gurukula School,25 Km,0.0,0.0,0,0,0.0,0.0
Bengaluru City,Chikkajala Traffic PS,1.04432e+16,2023,1,1,Road Accidents,Junction,City/Town,Near Petrol Pump,Human Error,No,Simple Injury,Not Applicable,Controlled,Others,NH,Bitumen(Tar),Dry,Not Applicable,Clear,B B Road,Bettahalasuru,100,13.0,77.0,0,0,0.0,0.0
Bengaluru City,Chikkajala Traffic PS,1.04432e+16,2023,1,2,Road Accidents,Not Applicable,City/Town,Near or inside a village,Human Error,No,Simple Injury,Vehicle to Vehicle,Uncontrolled,Straight and flat,Two way,Bitumen(Tar),Dry,Not Applicable,Clear,Chapparadakallu road,Chapparadakallu road,12,0.0,0.0,0,0,0.0,0.0
Bengaluru City,Chikkajala Traffic PS,1.04432e+16,2023,1,2,Not Applicable,Not Applicable,City/Town,Near Bus stop,Not Applicable,No,Fatal,Vehicle to Vehicle,Not Applicable,Others,Service Road,Kutcha,Dry,Not Applicable,Clear,"Service road, Chikkajalal Under pass",near Chikkajala Under pass bridge,15 ft,13.173451,77.633564,0,0,4.0,4.0
Bengaluru City,Chikkajala Traffic PS,1.04432e+16,2023,1,1,Road Accidents,Not Applicable,Rural Areas,Near or inside a village,Human Error,No,Fatal,Hit pedestrian,Uncontrolled,Not Applicable,Others,Kutcha,Dry,Not Applicable,Fine,UTTANAHALLI MN RD,STONE CRUSH,15,0.0,0.0,0,0,4.0,4.0
Bengaluru City,Chikkajala Traffic PS,1.04432e+16,2023,1,1,Road Accidents,Not Applicable,City/Town,Open area,Human Error,No,Grievous Injury,Hit pedestrian,Not Applicable,Not Applicable,Expressway,Bitumen(Tar),Dry,Not Applicable,Clear,BB Road,Pillor Mcw L 63,15,0.0,0.0,0,0,0.0,0.0
Bengaluru City,Chikkajala Traffic PS,1.04432e+16,2023,1,1,Road Accidents,Bottleneck,City/Town,Near School or College,Not Applicable,Not Applicable,Grievous Injury,Vehicle to Vehicle,Controlled,Others,Not Applicable,Not Applicable,Dry,Not Applicable,Clear,Inside of MVIT College Premises,College,2 Km,0.0,0.0,0,0,0.0,0.0
Bengaluru City,Chikkajala Traffic PS,1.04432e+16,2023,1,1,Road Accidents,Narrow road,City/Town,Open area,Human Error,No,Simple Injury,Hit pedestrian,Not Applicable,Others,NH,Not Applicable,Dry,Not Applicable,Fine,NEAR ITC FACTORY,NEAR ITC FACTORY,16,13.186129,77.642663,0,0,0.0,0.0
Bengaluru City,Chikkajala Traffic PS,1.04432e+16,2023,1,2,Not Applicable,Narrow road,Rural Areas,Narrow bridge or culverts,Human Error,No,Simple Injury,Vehicle to Vehicle,Not Applicable,Others,Feeder Road,Bitumen(Tar),Dry,Construction Work / Material,Clear,NH,1,1,13.0,77.0,2,0,0.0,2.0
Bengaluru City,Chikkajala Traffic PS,1.04432e+16,2023,1,2,Road Accidents,Narrow road,Rural Areas,Near office complex,Not Applicable,Not Applicable,Grievous Injury,Vehicle to Vehicle,No signal lights,Others,NH,Bitumen(Tar),Dry,Not Applicable,Clear,NH7,upramp,15,13.196887,77.654446,0,0,0.0,0.0
Bengaluru City,Chikkajala Traffic PS,1.04432e+16,2023,1,2,Road Accidents,Junction,City/Town,Near Bus stop,Human Error,No,Simple Injury,Vehicle to Vehicle,Uncontrolled,Straight and flat,NH,Bitumen(Tar),Dry,Not Applicable,Fine,B B ROAD,SADAHALLI GATE,18 KM,0.0,0.0,0,0,0.0,0.0
Bengaluru City,Chikkajala Traffic PS,1.04432e+16,2023,1,2,Not Applicable,Not Applicable,Rural Areas,Near Bus stop,Human Error,No,Damage Only,Vehicle to Vehicle,Stop sign,Hump,Others,Bitumen(Tar),Dry,Not Applicable,Others,na,na,na,0.0,0.0,0,0,0.0,0.0
Bengaluru City,Chikkajala Traffic PS,1.04432e+16,2023,1,2,Not Applicable,Cross roads,Rural Areas,Near Bus stop,Not Applicable,No,Simple Injury,Vehicle to Vehicle,Not Applicable,Others,NH,Bitumen(Tar),Dry,Not Applicable,Others,M Hosuru Bus Stop,1,0,0.0,0.0,0,0,0.0,0.0
Bengaluru City,Chikkajala Traffic PS,1.04432e+16,2023,1,2,Road Accidents,Narrow road,City/Town,Near Bus stop,Not Applicable,No,Grievous Injury,Vehicle to Vehicle,Not Applicable,Others,NH,Not Applicable,Dry,Not Applicable,Clear,Railway gate Flyover Down,1,25 Mtr,0.0,0.0,0,0,0.0,0.0
Bengaluru City,Chikkajala Traffic PS,1.04432e+16,2023,1,1,Road Accidents,Not Applicable,City/Town,Near Bus stop,Human Error,No,Grievous Injury,Hit pedestrian,Uncontrolled,Straight and flat,Service Road,Bitumen(Tar),Dry,Not Applicable,Fine,B B ROAD,A2B HOTEL,10,0.0,0.0,0,0,0.0,0.0
Bengaluru City,Chikkajala Traffic PS,1.04432e+16,2023,1,2,Road Accidents,Cross roads,Rural Areas,Open area,Human Error,No,Grievous Injury,Vehicle to Vehicle,Not Applicable,Curve,Two way,Bitumen(Tar),Dry,Not Applicable,Clear,Rural Road,Gate,14,13.756565,77.363253,0,0,0.0,0.0
Bengaluru City,Chikkajala Traffic PS,1.04432e+16,2023,1,2,Not Applicable,Cross roads,Rural Areas,Near Bus stop,Human Error,Not Applicable,Damage Only,Vehicle to Vehicle,Controlled,Not Applicable,NH,Bitumen(Tar),Dry,Not Applicable,Fine,NH,1,1,0.0,0.0,0,0,0.0,0.0
Bengaluru City,Chikkajala Traffic PS,1.04432e+16,2023,1,2,Road Accidents,Cross roads,Rural Areas,Residential area,Human Error,No,Grievous Injury,Vehicle to Vehicle,Not Applicable,Curve,Minor District Road,Bitumen(Tar),Dry,Not Applicable,Clear,Tarabanahalli village Road,SB Provision Store,30 ft,13.0,77.0,0,0,0.0,0.0
Bengaluru City,Chikkajala Traffic PS,1.04432e+16,2023,1,1,Road Accidents,Not Applicable,City/Town,Near Bus stop,Not Applicable,No,Grievous Injury,Hit pedestrian,Not Applicable,Not Applicable,NH,Bitumen(Tar),Dry,Not Applicable,Clear,Near Kadiganahalli Gate,BB Road,0 mtrs,13.0,77.0,0,0,0.0,0.0
Bengaluru City,Chikkajala Traffic PS,1.04432e+16,2023,1,2,Not Applicable,Junction,Rural Areas,Open area,Human Error,No,Damage Only,Vehicle to Vehicle,Controlled,Others,Major District Road,Bitumen(Tar),Dry,Drainage Ditch,Cloudy,Near Sadahllai Jn,1,1,0.0,0.0,4,0,0.0,4.0
Bengaluru City,Chikkajala Traffic PS,1.04432e+16,2023,1,2,Not Applicable,Not Applicable,Rural Areas,Near or inside a village,Human Error,No,Damage Only,Vehicle to Vehicle,Not Applicable,Others,Forest Road,Kutcha,Muddy,Drainage Ditch,Cloudy,In Neelagiri Forest Place,1,1,0.0,0.0,4,4,4.0,12.0
Bengaluru City,Chikkajala Traffic PS,1.04432e+16,2023,1,2,Road Accidents,Cross roads,Rural Areas,Near or inside a village,Vehicle Defect,Yes,Fatal,Vehicle to Vehicle,No signal lights,Curve,Others,Bitumen(Tar),Dry,Not Applicable,Clear,Shettigere,1,1,0.0,0.0,0,0,0.0,0.0
Bengaluru City,Chikkajala Traffic PS,1.04432e+16,2023,1,2,Road Accidents,Not Applicable,City/Town,Open area,Human Error,Not Applicable,Not Applicable,Not Applicable,Give way sign,Not Applicable,Others,Surfaced,Not Applicable,Not Applicable,Others,Sadahalli Junction,Sadahalli signal,50MTs,0.0,0.0,0,0,,
Bengaluru City,Chikkajala Traffic PS,1.04432e+16,2023,1,2,Not Applicable,Curves,Rural Areas,Open area,Human Error,No,Grievous Injury,Vehicle to Vehicle,Not Applicable,Curve,Minor District Road,Bitumen(Tar),Dry,Not Applicable,Fine,NH,Near Saadahalli,1,0.0,0.0,0,0,0.0,0.0
Bengaluru City,Chikkajala Traffic PS,1.04432e+16,2023,1,1,Road Accidents,Not Applicable,City/Town,Near or inside a village,Human Error,No,Grievous Injury,Not Applicable,Uncontrolled,Straight and flat,Two way,Bitumen(Tar),Dry,Not Applicable,Fine,TARAHUNASE ROAD,THARAHUNASE ROAD,19,0.0,0.0,0,0,0.0,0.0
Bengaluru City,Chikkajala Traffic PS,1.04432e+16,2023,1,2,Road Accidents,Narrow road,Rural Areas,Open area,Human Error,Yes,Fatal,Vehicle to Vehicle,Not Applicable,Others,Others,Metalled,Not Applicable,Not Applicable,Not Applicable,Near Doddajala Railway Gate,Near Doddajala Railway Gate,50MTS,0.0,0.0,0,0,2.0,2.0
Bengaluru City,Chikkajala Traffic PS,1.04432e+16,2023,1,2,Not Applicable,Not Applicable,Rural Areas,Open area,Human Error,No,Simple Injury,Vehicle to Vehicle,Uncontrolled,Straight and flat,Expressway,Bitumen(Tar),Dry,Not Applicable,Fine,Near Doddajala Flyover,1,1,0.0,0.0,0,0,0.0,0.0
Bengaluru City,Chikkajala Traffic PS,1.04432e+16,2023,1,1,Road Accidents,Narrow road,City/Town,Near Bus stop,Human Error,No,Simple Injury,Hit pedestrian,Controlled,Straight and flat,NH,Bitumen(Tar),Dry,Not Applicable,Clear,B B Road,Near Hunasamaranahalli Doun Ramp,12,0.0,0.0,0,0,0.0,0.0
Bengaluru City,Chikkajala Traffic PS,1.04432e+16,2023,1,2,Road Accidents,Junction,City/Town,Near office complex,Not Applicable,No,Simple Injury,Hit bicyclist,Uncontrolled,Straight and flat,Expressway,Concrete,Dry,Not Applicable,Fine,"BB Main Road, Sadahalli Signal",Near Krishna Hotel,80 fee,13.19077,77.646117,0,0,0.0,0.0
Bengaluru City,Chikkajala Traffic PS,1.04432e+16,2023,1,2,Road Accidents,Cross roads,City/Town,Near Bus stop,Human Error,No,Fatal,Hit pedestrian,Not Applicable,Others,NH,Kutcha,Dry,Not Applicable,Clear,Opposite Bharathinagar Bus Stop,Opposite Bharathinagar Cross bus stop,50,13.13883,77.617504,0,0,4.0,4.0
Bengaluru City,Chikkajala Traffic PS,1.04432e+16,2023,1,2,Not Applicable,Not Applicable,Rural Areas,Near a religious place,Human Error,Not Applicable,Not Applicable,Not Applicable,Not Applicable,Others,Others,Not Applicable,Others,Not Applicable,Others,"Near patalamma temple, Tharahunase",Near Patalamma temple,50MTRS,0.0,0.0,0,1,0.0,1.0
Bengaluru City,Chikkajala Traffic PS,1.04432e+16,2023,1,1,Road Accidents,Junction,City/Town,Near or inside a village,Human Error,No,Simple Injury,Hit pedestrian,Uncontrolled,Straight and flat,NH,Bitumen(Tar),Dry,Not Applicable,Fine,BB ROAD,BETTAHALASURU CROSS,14,0.0,0.0,0,0,0.0,0.0
Bengaluru City,Chikkajala Traffic PS,1.04432e+16,2023,1,1,Road Accidents,Not Applicable,Rural Areas,Open area,Human Error,No,Fatal,Not Applicable,Controlled,Not Applicable,NH,Bitumen(Tar),Dry,Construction Work / Material,Clear,Near Meenukunte Hosuru BB Road,1,1,0.0,0.0,2,0,0.0,2.0
Bengaluru City,Chikkajala Traffic PS,1.04432e+16,2023,1,2,Not Applicable,Not Applicable,City/Town,Open area,Human Error,No,Damage Only,Vehicle to Vehicle,Police / Manual,Others,Minor District Road,Bitumen(Tar),Dry,Construction Work / Material,Cloudy,Near Kote Cross,1,1,0.0,0.0,2,0,0.0,2.0
Bengaluru City,Chikkajala Traffic PS,1.04432e+16,2023,1,2,Road Accidents,Narrow road,City/Town,Open area,Vehicle Defect,Yes,Simple Injury,Vehicle to Vehicle,Controlled,Not Applicable,NH,Bitumen(Tar),Dry,Not Applicable,Clear,Hunasamaranahalli Under Pass,MVIT Service Road,100 m,13.144798,77.617397,0,0,0.0,0.0
Bengaluru City,Chikkajala Traffic PS,1.04432e+16,2023,1,2,Not Applicable,Not Applicable,City/Town,Near Bus stop,Human Error,No,Fatal,Vehicle to Vehicle,Give way sign,Not Applicable,NH,Bitumen(Tar),Dry,Construction Work / Material,Fine,NH,1,1,13.141685,77.617691,2,0,0.0,2.0
Bengaluru City,Chikkajala Traffic PS,1.04432e+16,2023,1,2,Road Accidents,Curves,Rural Areas,Near or inside a village,Human Error,No,Simple Injury,Vehicle to Vehicle,Uncontrolled,Straight and flat,Two way,Bitumen(Tar),Dry,Not Applicable,Clear,AGRAHARA MAIN ROAD,BASAVANNA BADAVANE,5,0.0,0.0,0,0,0.0,0.0
Bengaluru City,Chikkajala Traffic PS,1.04432e+16,2023,1,2,Road Accidents,Not Applicable,City/Town,Open area,Human Error,No,Not Applicable,Not Applicable,Uncontrolled,Others,NH,Kutcha,Dry,Not Applicable,Others,"Near Sadahalli Toll, BB road,",Near Sadahalli Toll,13kms,0.0,0.0,0,0,4.0,4.0
Bengaluru City,Chikkajala Traffic PS,1.04432e+16,2023,1,2,Road Accidents,Narrow road,City/Town,Near or inside a village,Human Error,No,Fatal,Vehicle to Vehicle,Uncontrolled,Straight and flat,Two way,Bitumen(Tar),Dry,Not Applicable,Fine,kogilu mnrd,mrp bar,5,0.0,0.0,0,0,0.0,0.0
Bengaluru City,Chikkajala Traffic PS,1.04432e+16,2023,1,1,Road Accidents,Not Applicable,City/Town,Near or inside a village,Human Error,No,Simple Injury,Not Applicable,Uncontrolled,Straight and flat,NH,Bitumen(Tar),Dry,Not Applicable,Fine,BB ROAD,IAF,11 KM,0.0,0.0,0,0,0.0,0.0
Bengaluru City,Chikkajala Traffic PS,1.04432e+16,2023,1,2,Road Accidents,Not Applicable,City/Town,Near School or College,Human Error,No,Grievous Injury,Vehicle to Vehicle,Uncontrolled,Straight and flat,Service Road,Bitumen(Tar),Dry,No influence on accident,Fine,BB ROAD,GOVT SCHOOL,10,0.0,0.0,0,0,0.0,0.0
Bengaluru City,Chikkajala Traffic PS,1.04432e+16,2023,1,2,Not Applicable,Not Applicable,Rural Areas,Open area,Vehicle Defect,No,Simple Injury,Vehicle to Vehicle,Uncontrolled,Not Applicable,NH,Bitumen(Tar),Dry,Not Applicable,Cloudy,BB Road,1,1,13.190354,77.645732,0,0,0.0,0.0
Bengaluru City,Chikkajala Traffic PS,1.04432e+16,2023,1,2,Road Accidents,Not Applicable,City/Town,Near a factory industrial area,Human Error,No,Damage Only,Vehicle to Vehicle,Uncontrolled,Straight and flat,NH,Bitumen(Tar),Dry,Not Applicable,Fine,BB ROAD,ITC GATE,13,0.0,0.0,0,0,0.0,0.0
Bengaluru City,Chikkajala Traffic PS,1.04432e+16,2023,1,2,Road Accidents,Narrow road,Rural Areas,Residential area,Human Error,Yes,Grievous Injury,Vehicle to Vehicle,Not Applicable,Others,Two way,Bitumen(Tar),Dry,No influence on accident,Clear,"Near arch vidyanagara cross, bengaluru",Srivishnu bhavan hotel,14 km,13.161186,77.626736,0,0,0.0,0.0
Bengaluru City,Chikkajala Traffic PS,1.04432e+16,2023,1,2,Road Accidents,Narrow road,City/Town,Near Bus stop,Human Error,Yes,Not Applicable,Vehicle to Vehicle,Stop sign,Others,NH,Bitumen(Tar),Dry,Not Applicable,Clear,"Sadahalli signal,",Jala Hobli,100 m,13.190591,77.645932,0,0,0.0,0.0
Bengaluru City,Chikkajala Traffic PS,1.04432e+16,2023,1,2,Not Applicable,Junction,City/Town,Near Bus stop,Not Applicable,No,Fatal,Vehicle to Vehicle,Signal lights Automatic,Others,NH,Bitumen(Tar),Dry,No influence on accident,Clear,Sadahalli B B road,traffic signal towards bangalore,15 ft,13.190693,77.6462,0,0,0.0,0.0
Bengaluru City,Chikkajala Traffic PS,1.04432e+16,2023,1,1,Road Accidents,Cross roads,Rural Areas,Near or inside a village,Human Error,No,Grievous Injury,Not Applicable,No signal lights,Curve,Others,Kutcha,Dry,Not Applicable,Others,"Between Indian Oil petrol bunk and garments factory, Sadahalli main road,",Between Indian Oil petrol bunk and garments factory,100Mts,13.200349,77.645258,0,0,4.0,4.0
Bengaluru City,Chikkajala Traffic PS,1.04432e+16,2023,1,3,Road Accidents,Not Applicable,City/Town,Narrow bridge or culverts,Human Error,No,Simple Injury,Vehicle to Vehicle,Uncontrolled,Straight and flat,NH,Bitumen(Tar),Dry,Not Applicable,Fine,B B ROAD,FLY OVER,10,0.0,0.0,0,0,0.0,0.0
Bengaluru City,Chikkajala Traffic PS,1.04432e+16,2023,1,1,Not Applicable,Road hump or Rumble strips,City/Town,Near Bus stop,Human Error,No,Simple Injury,Not Applicable,Not Applicable,Others,Others,Bitumen(Tar),Dry,Not Applicable,Others,Service Road,Near Govt Hospital Bettahalausuru,1,0.0,0.0,0,0,0.0,0.0
Bengaluru City,Chikkajala Traffic PS,1.04432e+16,2023,1,1,Road Accidents,Narrow road,City/Town,Near Bus stop,Human Error,No,Grievous Injury,Not Applicable,Not Applicable,Others,NH,Bitumen(Tar),Others,Not Applicable,Clear,B B Road,Near Bus Stop,60FT,0.0,0.0,0,1,0.0,1.0
Bengaluru City,Chikkajala Traffic PS,1.04432e+16,2023,1,2,Road Accidents,Narrow road,City/Town,Near Petrol Pump,Human Error,Not Applicable,Grievous Injury,Vehicle to Vehicle,Not Applicable,Not Applicable,NH,Bitumen(Tar),Dry,Not Applicable,Clear,BB ROAD NH-07,Hunasamaranahalli Down,14,13.412546,77.213541,0,0,0.0,0.0
Bengaluru City,Chikkajala Traffic PS,1.04432e+16,2023,1,1,Not Applicable,Curves,Rural Areas,Open area,Human Error,No,Fatal,Not Applicable,Controlled,Curve,Not Applicable,Bitumen(Tar),Dry,Not Applicable,Clear,NH,1,1,13.15078,77.625431,0,0,0.0,0.0
Bengaluru City,Chikkajala Traffic PS,1.04432e+16,2023,1,2,Road Accidents,Circle,City/Town,Near Bus stop,Not Applicable,No,Simple Injury,Vehicle to Vehicle,Not Applicable,Not Applicable,NH,Bitumen(Tar),Dry,Not Applicable,Fog / Mist,b b road,near Sadahalli gate bus stop,60feet,13.191286,77.646978,0,0,0.0,0.0
Bengaluru City,Chikkajala Traffic PS,1.04432e+16,2023,1,2,Road Accidents,Not Applicable,City/Town,Near Bus stop,Human Error,Not Applicable,Grievous Injury,Vehicle to Vehicle,Not Applicable,Not Applicable,NH,Not Applicable,Others,Not Applicable,Clear,Near Vidyanagara Cross,Near Vidyanagara Cross,50 Mtr,13.0,77.0,0,1,0.0,1.0
Bengaluru City,Chikkajala Traffic PS,1.04432e+16,2023,1,2,Road Accidents,Not Applicable,City/Town,Open area,Human Error,No,Fatal,Vehicle to Vehicle,Uncontrolled,Straight and flat,NH,Bitumen(Tar),Dry,No influence on accident,Fine,BB ROAD,TOLL,18,0.0,0.0,0,0,0.0,0.0
Bengaluru City,Chikkajala Traffic PS,1.04432e+16,2023,1,2,Road Accidents,Cross roads,City/Town,Near office complex,Not Applicable,No,Grievous Injury,Vehicle to Vehicle,No signal lights,Not Applicable,NH,Bitumen(Tar),Dry,No influence on accident,Clear,merging point,BB road,15,13.176005,77.635667,0,0,0.0,0.0
Bengaluru City,Chikkajala Traffic PS,1.04432e+16,2023,1,1,Road Accidents,Junction,City/Town,Near or inside a village,Human Error,No,Not Applicable,Hit pedestrian,Uncontrolled,Straight and flat,NH,Bitumen(Tar),Dry,Not Applicable,Fine,BB ROAD,NEAR SADAHALLI SIGNAL,10,0.0,0.0,0,0,0.0,0.0
Bengaluru City,Chikkajala Traffic PS,1.04432e+16,2023,1,1,Not Applicable,Cross roads,Rural Areas,At pedestrian Crossing,Human Error,Not Applicable,Simple Injury,Hit pedestrian,Not Applicable,Others,Not Applicable,Bitumen(Tar),Dry,Drainage Ditch,Clear,na,1,1,0.0,0.0,4,0,0.0,4.0
Bengaluru City,Chikkajala Traffic PS,1.04432e+16,2023,1,1,Road Accidents,Narrow road,Rural Areas,Near Bus stop,Not Applicable,No,Fatal,Hit pedestrian,Not Applicable,Others,NH,Bitumen(Tar),Dry,Not Applicable,Clear,NH7,BB road,0,13.196305,77.654205,0,0,0.0,0.0
Bengaluru City,Chikkajala Traffic PS,1.04432e+16,2023,1,2,Not Applicable,Curves,Rural Areas,Open area,Human Error,No,Fatal,Vehicle to Vehicle,Not Applicable,Curve,Minor District Road,Bitumen(Tar),Dry,No influence on accident,Fine,NH,1,1,13.199894,77.645362,0,0,0.0,0.0
Bengaluru City,Chikkajala Traffic PS,1.04432e+16,2023,1,1,Road Accidents,Curves,Rural Areas,Open area,Human Error,Not Applicable,Fatal,Not Applicable,Uncontrolled,Curve,Others,Bitumen(Tar),Not Applicable,Not Applicable,Not Applicable,Razaq palya main road,Near Anokia Lyt,50FEET,13.157652,77.6535,0,0,0.0,0.0
Bengaluru City,Chikkajala Traffic PS,1.04432e+16,2023,1,1,Road Accidents,Narrow road,City/Town,Near Bus stop,Not Applicable,No,Grievous Injury,Hit pedestrian,Not Applicable,Not Applicable,NH,Bitumen(Tar),Dry,Not Applicable,Clear,b b road,NEAR KADIGANAHALLI GATE BUS STOP,70feet,13.0,77.0,0,0,0.0,0.0
Bengaluru City,City Market Traffic PS,1.04432e+16,2016,1,1,Road Accidents,Other,City/Town,Open area,Human Error,No,Grievous Injury,Hit pedestrian,Controlled,Not Applicable,Others,Bitumen(Tar),Dry,Not Applicable,Fine,NR ROAD,TOWARDS NORTH FROM PS,1.5 KM,12.963671,77.57884,0,0,0.0,0.0
Bengaluru City,City Market Traffic PS,1.04432e+16,2016,1,2,Road Accidents,Junction,City/Town,Open area,Human Error,Yes,Grievous Injury,Hit and Run,Controlled,Not Applicable,Others,Bitumen(Tar),Dry,Not Applicable,Fine,PARVATHIPURA JUNCTION,TOWARDS SOUTH,500 MT,12.971599,77.594563,0,0,0.0,0.0
Bengaluru City,City Market Traffic PS,1.04432e+16,2016,1,2,Road Accidents,Junction,City/Town,Open area,Human Error,No,Damage Only,Others,Controlled,Others,City or Town Road,Bitumen(Tar),Dry,Not Applicable,Fine,BHARATH JUNCTION,TOWARDS EAST FROM PS,1.5 KM,12.959454,77.58303,0,0,0.0,0.0
Bengaluru City,City Market Traffic PS,1.04432e+16,2016,1,1,Road Accidents,Junction,City/Town,In bazaar,Human Error,Yes,Grievous Injury,Hit pedestrian,Controlled,Others,One way,Bitumen(Tar),Dry,Not Applicable,Fine,RV ROAD,TOWARDS EAST FROM PS,1.5 KM,0.0,0.0,0,0,0.0,0.0
Bengaluru City,City Market Traffic PS,1.04432e+16,2016,1,2,Road Accidents,Junction,City/Town,Affected by encroachments,Vehicle Defect,No,Grievous Injury,Others,Signal lights Automatic,Others,City or Town Road,Bitumen(Tar),Dry,Not Applicable,Cloudy,LBF ROAD,MAVALLI MASJID,500MT,0.0,0.0,0,0,0.0,0.0
Bengaluru City,City Market Traffic PS,1.04432e+16,2016,1,1,Road Accidents,Curves,City/Town,In bazaar,Human Error,No,Grievous Injury,Rear end,Controlled,Hump,City or Town Road,Bitumen(Tar),Dry,Not Applicable,Fine,NEW PATNULPET,TOWARDS EAST,500 MT,0.0,0.0,0,0,0.0,0.0
Bengaluru City,City Market Traffic PS,1.04432e+16,2016,1,1,Road Accidents,Cross roads,City/Town,Open area,Human Error,No,Grievous Injury,Hit pedestrian,Controlled,Curve,One way,Bitumen(Tar),Dry,Not Applicable,Fine,AVENUE ROAD,TOWARDS NORTH,1 KM,0.0,0.0,0,0,0.0,0.0
Bengaluru City,City Market Traffic PS,1.04432e+16,2016,1,2,Road Accidents,Junction,City/Town,Open area,Human Error,No,Damage Only,Rear end,Controlled,Curve,City or Town Road,Bitumen(Tar),Dry,Not Applicable,Fine,MINERVA CIRCLE,TOWARDS EAST,600 MT,12.907624,77.570204,0,0,0.0,0.0