DISTRICTNAME,UNITNAME,Crime_No,Year,RI,Noofvehicle_involved,Accident_Classification,Accident_Spot,Accident_Location,Accident_SubLocation,Main_Cause,Hit_Run,Severity,Collision_Type,Junction_Control,Road_Character,Road_Type,Surface_Type,Surface_Condition,Road_Condition,Weather,Accident_Road,Landmark_first,Distance_LandMark_First,Latitude,Longitude,Road_Condition_Score,Surface_Condition_Score,Surface_Type_Score,Road_Risk_Index
Bengaluru City,City Market Traffic PS,1.04432e+16,2016,1,2,Road Accidents,Other,City/Town,Open area,Human Error,Yes,Grievous Injury,Hit and Run,Controlled,Others,Others,Bitumen(Tar),Dry,Not Applicable,Others,AM ROAD,TOWARDS EAST,1 KM,12.958927,77.580192,0,0,0.0,0.0
Bengaluru City,City Market Traffic PS,1.04432e+16,2016,1,2,Road Accidents,Bridge,City/Town,Open area,Human Error,No,Simple Injury,Rear end,Controlled,Curve,One way,Bitumen(Tar),Dry,Not Applicable,Fine,MYSORE ROAD FLY OVER,TOWARDS NORTH,1.5 KM,12.915932,77.638157,0,0,0.0,0.0
Bengaluru City,City Market Traffic PS,1.04432e+16,2016,1,1,Road Accidents,Not Applicable,City/Town,In bazaar,Human Error,No,Simple Injury,Others,Not Applicable,Others,Not Applicable,Not Applicable,Dry,Not Applicable,Clear,NEAR JAMIA MASJID,JAMIA MASJID,1KM,0.0,0.0,0,0,0.0,0.0
Bengaluru City,City Market Traffic PS,1.04432e+16,2016,1,1,Road Accidents,Other,City/Town,At pedestrian Crossing,Not Applicable,No,Grievous Injury,Hit pedestrian,Not Applicable,Straight and flat,City or Town Road,Bitumen(Tar),Dry,Not Applicable,Fine,A V Road,Ashoka Travels,1 KM,0.0,0.0,0,0,0.0,0.0
Bengaluru City,City Market Traffic PS,1.04432e+16,2016,1,1,Road Accidents,Other,City/Town,At pedestrian Crossing,Human Error,No,Simple Injury,Hit pedestrian,No signal lights,Others,One way,Bitumen(Tar),Dry,Not Applicable,Clear,KALASIPALYA,CITY LITE HOTEL,100MTR,12.960106,77.577685,0,0,0.0,0.0
Bengaluru City,City Market Traffic PS,1.04432e+16,2016,1,2,Road Accidents,Cross roads,City/Town,Near Bus stop,Human Error,Yes,Grievous Injury,Hit and Run,Controlled,Curve,City or Town Road,Bitumen(Tar),Dry,Not Applicable,Fine,KRUMBIGAL ROAD,TOWARDS EAST,1.5 KM,12.951114,77.582692,0,0,0.0,0.0
Bengaluru City,City Market Traffic PS,1.04432e+16,2016,1,1,Road Accidents,Junction,City/Town,Open area,Human Error,No,Simple Injury,Others,Controlled,Curve,City or Town Road,Bitumen(Tar),Muddy,Not Applicable,Fine,LBF ROAD,TOWARDS SOUTH,200 MT,0.0,0.0,0,4,0.0,4.0
Bengaluru City,City Market Traffic PS,1.04432e+16,2016,1,2,Road Accidents,Junction,City/Town,Open area,Human Error,No,Fatal,Rear end,Controlled,Others,City or Town Road,Bitumen(Tar),Dry,Not Applicable,Fine,JC ROAD,TOWARDS EAST,1 KM,12.959454,77.58303,0,0,0.0,0.0
Bengaluru City,City Market Traffic PS,1.04432e+16,2016,1,1,Road Accidents,Other,City/Town,Open area,Human Error,No,Grievous Injury,Hit pedestrian,Controlled,Others,City or Town Road,Bitumen(Tar),Dry,Not Applicable,Fine,AV ROAD,TOWARDS NORTH,500 MT,12.960193,77.57768,0,0,0.0,0.0
Bengaluru City,City Market Traffic PS,1.04432e+16,2016,1,2,Road Accidents,Junction,City/Town,Open area,Human Error,No,Grievous Injury,Rear end,Controlled,Curve,One way,Bitumen(Tar),Dry,Not Applicable,Fine,JC ROAD,BHARATH JUNCTION,1 KM,0.0,0.0,0,0,0.0,0.0
Bengaluru City,City Market Traffic PS,1.04432e+16,2016,1,1,Road Accidents,Other,City/Town,Open area,Human Error,Yes,Grievous Injury,Head on,Controlled,Incline,City or Town Road,Bitumen(Tar),Dry,Not Applicable,Fine,RV ROAD,TOWARDS SOUTH,1.5 KM,12.949694,77.57991,0,0,0.0,0.0
Bengaluru City,City Market Traffic PS,1.04432e+16,2016,1,4,Road Accidents,Other,City/Town,Open area,Human Error,No,Simple Injury,Others,Controlled,Others,City or Town Road,Bitumen(Tar),Dry,Not Applicable,Fine,LBF ROAD,TOWARDS EAST,1 KM,12.95516,77.57971,0,0,0.0,0.0
Bengaluru City,City Market Traffic PS,1.04432e+16,2016,1,2,Road Accidents,Junction,City/Town,Open area,Human Error,No,Damage Only,Others,Controlled,Others,City or Town Road,Bitumen(Tar),Dry,Not Applicable,Fine,CITY MARKET CIRCLE,TOWARDS NORTH,1 KM,0.0,0.0,0,0,0.0,0.0
Bengaluru City,City Market Traffic PS,1.04432e+16,2016,1,1,Road Accidents,Curves,City/Town,In bazaar,Human Error,No,Fatal,Hit pedestrian,Controlled,Curve,City or Town Road,Bitumen(Tar),Dry,Not Applicable,Very Cold,KRUMBIGAL ROAD,TOWARDS EAST,1 KM,0.0,0.0,0,0,0.0,0.0
Bengaluru City,City Market Traffic PS,1.04432e+16,2016,1,2,Road Accidents,T Junction,City/Town,In bazaar,Human Error,No,Grievous Injury,Rear end,No signal lights,Not Applicable,One way,Bitumen(Tar),Dry,Not Applicable,Fine,AV ROA,TOWARDS EAST,1 KM,0.0,0.0,0,0,0.0,0.0
Bengaluru City,City Market Traffic PS,1.04432e+16,2016,1,1,Road Accidents,Other,City/Town,Open area,Human Error,No,Not Applicable,Hit pedestrian,Controlled,Others,City or Town Road,Bitumen(Tar),Not Applicable,Not Applicable,Fine,AV ROAD,TOWARDS NORTH,1 KM,12.960193,77.57768,0,0,0.0,0.0
Bengaluru City,City Market Traffic PS,1.04432e+16,2016,1,1,Road Accidents,Bridge,City/Town,Narrow bridge or culverts,Human Error,No,Simple Injury,Drowned,Controlled,Curve,City or Town Road,Bitumen(Tar),Dry,Not Applicable,Fine,MYSORE ROAD FLY OVER,TOWARDS EAST FROM PS,1.5 KM,12.964547,77.575929,0,0,0.0,0.0
Bengaluru City,City Market Traffic PS,1.04432e+16,2016,1,1,Road Accidents,Cross roads,City/Town,In bazaar,Human Error,No,Grievous Injury,Hit pedestrian,Controlled,Curve,One way,Bitumen(Tar),Dry,Drainage Ditch,Fine,NEW PATNULPET,TOWARDS EAST,500 MT,0.0,0.0,4,0,0.0,4.0
Bengaluru City,City Market Traffic PS,1.04432e+16,2016,1,1,Road Accidents,Narrow road,City/Town,In bazaar,Vehicle Defect,No,Grievous Injury,Others,Not at  Junction,Straight and flat,City or Town Road,Bitumen(Tar),Dry,Not Applicable,Fine,Bambubazar road,Near Jamia,1 KM,0.0,0.0,0,0,0.0,0.0
Bengaluru City,City Market Traffic PS,1.04432e+16,2016,1,1,Road Accidents,Curves,City/Town,Near Bus stop,Human Error,No,Grievous Injury,Hit pedestrian,Controlled,Curve,City or Town Road,Bitumen(Tar),Dry,Not Applicable,Fine,KALASIPALYA MAIN ROAD,TOWARDS EAST,100 MT,12.960193,77.57768,0,0,0.0,0.0
Bengaluru City,City Market Traffic PS,1.04432e+16,2016,1,1,Road Accidents,Cross roads,City/Town,Near Bus stop,Human Error,Yes,Simple Injury,Hit and Run,Controlled,Curve,City or Town Road,Bitumen(Tar),Dry,Not Applicable,Clear,AV ROAD,TOWARDS NORTH,500 MT,13.121167,77.60788,0,0,0.0,0.0
Bengaluru City,City Market Traffic PS,1.04432e+16,2016,1,2,Road Accidents,Curves,City/Town,Open area,Human Error,No,Damage Only,Rear end,Controlled,Curve,City or Town Road,Bitumen(Tar),Dry,Not Applicable,Fine,SGN LAYOUT,TOWARDS EAST FROM PS,1.5 KM,12.96156,77.588819,0,0,0.0,0.0
Bengaluru City,City Market Traffic PS,1.04432e+16,2016,1,1,Road Accidents,Narrow road,City/Town,In bazaar,Human Error,No,Grievous Injury,Hit pedestrian,Controlled,Curve,City or Town Road,Bitumen(Tar),Dry,Not Applicable,Fine,KALASIPALYA,TOWARDS NORTH,200 MT,0.0,0.0,0,0,0.0,0.0
Bengaluru City,City Market Traffic PS,1.04432e+16,2016,1,1,Road Accidents,Other,City/Town,In bazaar,Human Error,No,Grievous Injury,Hit pedestrian,Controlled,Others,Others,Bitumen(Tar),Dry,Not Applicable,Fine,KALASIPALYA MAIN ROAD,TOWARDS NORTH FROM PS,1 KM,0.0,0.0,0,0,0.0,0.0
Bengaluru City,City Market Traffic PS,1.04432e+16,2016,1,2,Road Accidents,Junction,City/Town,Open area,Human Error,No,Grievous Injury,Others,Controlled,Others,Others,Bitumen(Tar),Dry,Not Applicable,Fine,BASAPPA CIRLCE,TOWARDS SOUTH,100 MT,12.956394,77.577397,0,0,0.0,0.0
Bengaluru City,City Market Traffic PS,1.04432e+16,2016,1,2,Road Accidents,Junction,City/Town,Open area,Human Error,No,Damage Only,Rear end,Controlled,Others,City or Town Road,Bitumen(Tar),Dry,Not Applicable,Fine,MINERVA CIRCLE,TOWARDS EAST,1 KM,0.0,0.0,0,0,0.0,0.0
Bengaluru City,City Market Traffic PS,1.04432e+16,2016,1,1,Road Accidents,Circle,City/Town,In bazaar,Human Error,No,Grievous Injury,Hit pedestrian,Controlled,Curve,One way,Bitumen(Tar),Dry,Not Applicable,Others,LBF ROAD,TOWARDS EAST FROM P S,1 KM,0.0,0.0,0,0,0.0,0.0
Bengaluru City,City Market Traffic PS,1.04432e+16,2016,1,1,Road Accidents,Circle,City/Town,At pedestrian Crossing,Human Error,Yes,Grievous Injury,Hit pedestrian,Controlled,Others,One way,Bitumen(Tar),Dry,Not Applicable,Fine,MINERVA CIRCLE,TOWARDS EAST,1KM,0.0,0.0,0,0,0.0,0.0
Bengaluru City,City Market Traffic PS,1.04432e+16,2016,1,2,Road Accidents,Bridge,City/Town,Open area,Human Error,Yes,Damage Only,Hit and Run,Controlled,Curve,City or Town Road,Bitumen(Tar),Dry,Not Applicable,Fine,MYSORE ROAD FLY OVER,TOWARDS NORTH FROM PS,1.5 KM,12.915932,77.638157,0,0,0.0,0.0
Bengaluru City,City Market Traffic PS,1.04432e+16,2016,1,1,Road Accidents,Narrow road,City/Town,Near office complex,Not Applicable,No,Grievous Injury,Others,Not at  Junction,Straight and flat,City or Town Road,Bitumen(Tar),Dry,Not Applicable,Fine,LBF ROAD,Near Maseedi,1 KM,0.0,0.0,0,0,0.0,0.0
Bengaluru City,City Market Traffic PS,1.04432e+16,2016,1,1,Road Accidents,Other,City/Town,In bazaar,Human Error,No,Grievous Injury,Rear end,Controlled,Curve,City or Town Road,Bitumen(Tar),Dry,Not Applicable,Fine,VVI ROAD,TOWARDS NORTH,1 KM,12.961916,77.576589,0,0,0.0,0.0
Bengaluru City,City Market Traffic PS,1.04432e+16,2016,1,1,Other Railway Accidents,Circle,City/Town,In bazaar,Human Error,Not Applicable,Simple Injury,Others,Controlled,Curve,City or Town Road,Bitumen(Tar),Dry,Not Applicable,Clear,RV ROAD,RV SCHOOL,1 KM,0.0,0.0,0,0,0.0,0.0
Bengaluru City,City Market Traffic PS,1.04432e+16,2016,1,1,Road Accidents,Not Applicable,City/Town,Near Petrol Pump,Human Error,No,Simple Injury,Others,Signal lights Automatic,Others,City or Town Road,Bitumen(Tar),Dry,Not Applicable,Clear,JC ROAD HP PETROL BUNK,HP PETROL BUNK,300MTR,0.0,0.0,0,0,0.0,0.0
Bengaluru City,City Market Traffic PS,1.04432e+16,2016,1,1,Road Accidents,Culvert,City/Town,In bazaar,Human Error,Not Applicable,Damage Only,Not Applicable,No signal lights,Not Applicable,City or Town Road,Concrete,Dry,Pot holed,Clear,MYSORE ROAD,FISH MARKET,1KM,0.0,0.0,5,0,0.0,5.0
Bengaluru City,City Market Traffic PS,1.04432e+16,2016,1,2,Road Accidents,Other,City/Town,Near Bus stop,Human Error,Yes,Grievous Injury,Hit and Run,Controlled,Curve,Others,Bitumen(Tar),Dry,Not Applicable,Fine,KRUMBIGAL ROAD,TOWARDS EAST FROM PS,1.5 KM,12.951114,77.582692,0,0,0.0,0.0
Bengaluru City,City Market Traffic PS,1.04432e+16,2016,1,2,Road Accidents,Narrow road,City/Town,Open area,Human Error,No,Grievous Injury,Head on,Not Applicable,Others,City or Town Road,Bitumen(Tar),Others,Not Applicable,Fine,MYSORE ROAD FLY OVER,TOWARDS NORTH FROM PS,1.5 KM,12.915932,77.638157,0,1,0.0,1.0
Bengaluru City,City Market Traffic PS,1.04432e+16,2016,1,2,Road Accidents,Cross roads,City/Town,Open area,Human Error,No,Damage Only,Rear end,Controlled,Sharp Curve,City or Town Road,Bitumen(Tar),Dry,Not Applicable,Cloudy,KRU,TOWARDS EAST,1.5 KM,12.948305,77.583025,0,0,0.0,0.0
Bengaluru City,City Market Traffic PS,1.04432e+16,2016,1,2,Road Accidents,Bridge,City/Town,Open area,Human Error,Yes,Fatal,Rear end,Uncontrolled,Curve,One way,Bitumen(Tar),Dry,Not Applicable,Fine,MYSORE ROAD FLY OVER,TOWARDS NORTH FROM PS 1 KM,1 KM,0.0,0.0,0,0,0.0,0.0
Bengaluru City,City Market Traffic PS,1.04432e+16,2016,1,2,Road Accidents,Other,City/Town,Open area,Human Error,No,Grievous Injury,Not Applicable,Controlled,Others,Others,Bitumen(Tar),Dry,Not Applicable,Fine,MARKET CIRCLE,TOWARDS NORTH,1.5 KM,12.960193,77.581174,0,0,0.0,0.0
Bengaluru City,City Market Traffic PS,1.04432e+16,2016,1,2,Road Accidents,Other,City/Town,Near office complex,Human Error,Yes,Damage Only,Hit and Run,Controlled,Others,City or Town Road,Bitumen(Tar),Dry,Not Applicable,Fine,JC ROAD,TOWARDS EAST FROM PS,1 KM,0.0,0.0,0,0,0.0,0.0
Bengaluru City,City Market Traffic PS,1.04432e+16,2016,1,1,Road Accidents,Bridge,City/Town,Open area,Human Error,Yes,Simple Injury,Hit pedestrian,Controlled,Curve,City or Town Road,Bitumen(Tar),Dry,Not Applicable,Cloudy,MYSORE ROAD FLY OVER UPRAMP,TOWARDS NORTH,1.5 KM,12.915822,77.638062,0,0,0.0,0.0
Bengaluru City,City Market Traffic PS,1.04432e+16,2016,1,1,Road Accidents,Other,City/Town,Open area,Human Error,No,Fatal,Others,Controlled,Others,City or Town Road,Bitumen(Tar),Dry,Not Applicable,Fine,RV ROAD,TOWARDS EAST FROM PS,1.5 KM,12.971599,77.594563,0,0,0.0,0.0
Bengaluru City,City Market Traffic PS,1.04432e+16,2016,1,2,Road Accidents,Other,City/Town,Open area,Human Error,No,Fatal,Others,Controlled,Not Applicable,City or Town Road,Bitumen(Tar),Dry,Not Applicable,Fine,"JC ROAD , BHARATH JUNCTION",TOWARDS EAST FROM PS,1 KM,12.971599,77.594563,0,0,0.0,0.0
Bengaluru City,City Market Traffic PS,1.04432e+16,2016,1,2,Road Accidents,Other,City/Town,Open area,Human Error,No,Damage Only,Others,Controlled,Not Applicable,City or Town Road,Bitumen(Tar),Dry,Not Applicable,Fine,CITY MARKET CIRCLE,TOWARDS NORTH,1 KM,0.0,0.0,0,0,0.0,0.0
Bengaluru City,City Market Traffic PS,1.04432e+16,2016,1,1,Road Accidents,Bridge,City/Town,Open area,Human Error,Yes,Grievous Injury,Hit and Run,Uncontrolled,Curve,One way,Bitumen(Tar),Dry,Not Applicable,Fine,MYSORE ROAD FLY OVER,TOWARDS NORTH FROM PS 1 KM,1K M,0.0,0.0,0,0,0.0,0.0
Bengaluru City,City Market Traffic PS,1.04432e+16,2016,1,1,Road Accidents,Other,City/Town,In bazaar,Human Error,No,Damage Only,Rear end,Controlled,Others,City or Town Road,Bitumen(Tar),Dry,Not Applicable,Fine,KALASIPALYA MAIN ROAD,TOWARDS NORTH FROM PS,500 MT,12.960193,77.57768,0,0,0.0,0.0
Bengaluru City,City Market Traffic PS,1.04432e+16,2016,1,2,Road Accidents,Bridge,City/Town,Open area,Human Error,No,Fatal,Rear end,Controlled,Curve,One way,Bitumen(Tar),Dry,Not Applicable,Fine,MYSORE ROAD FLY OVER UPRAMP,TOWARDS NORTH,1.5 KM,12.915822,77.638062,0,0,0.0,0.0
Bengaluru City,City Market Traffic PS,1.04432e+16,2016,1,1,Road Accidents,Other,City/Town,Open area,Human Error,No,Fatal,Others,Controlled,Curve,One way,Bitumen(Tar),Dry,Not Applicable,Fine,MYSORE ROAD FLY OVER UPRAMP,TOWARDS NORTH,1.5 KM,12.915932,77.638157,0,0,0.0,0.0
Bengaluru City,City Market Traffic PS,1.04432e+16,2016,1,2,Road Accidents,Bridge,City/Town,Open area,Human Error,No,Grievous Injury,Not Applicable,Controlled,Curve,One way,Bitumen(Tar),Dry,Not Applicable,Clear,MYSORE ROAD FLY OVER UPRAMP,TOWARDS NORTH,1.5 KM,12.9641,77.577614,0,0,0.0,0.0
Bengaluru City,City Market Traffic PS,1.04432e+16,2016,1,1,Road Accidents,Bridge,City/Town,Open area,Human Error,Yes,Grievous Injury,Hit pedestrian,Controlled,Curve,One way,Bitumen(Tar),Dry,Not Applicable,Fine,MYSORE ROAD FLY OVER,TOWARDS NORTH,1.5 KM,0.0,0.0,0,0,0.0,0.0
Bengaluru City,City Market Traffic PS,1.04432e+16,2017,1,1,Road Accidents,Cross roads,City/Town,In bazaar,Human Error,No,Grievous Injury,Hit pedestrian,Controlled,Others,Not Applicable,Bitumen(Tar),Dry,Not Applicable,Others,KALASIPALYA MARKET,TOWARDS EAST FROM PS,1.5 KM,0.0,0.0,0,0,0.0,0.0
Bengaluru City,City Market Traffic PS,1.04432e+16,2017,1,1,Road Accidents,Other,City/Town,In bazaar,Human Error,No,Grievous Injury,Rear end,Controlled,Others,City or Town Road,Bitumen(Tar),Not Applicable,Not Applicable,Heavy Rain,BVK AYYANGAR ROAD,TOWARDS EAST FROM PS,1 KM,0.0,0.0,0,0,0.0,0.0
Bengaluru City,City Market Traffic PS,1.04432e+16,2017,1,1,Road Accidents,Narrow road,City/Town,In bazaar,Human Error,No,Grievous Injury,Hit pedestrian,Controlled,Curve,One way,Bitumen(Tar),Dry,Not Applicable,Fine,MYSORE ROAD,TOWARDS SOUTH FROM PS,1.5 KM,0.0,0.0,0,0,0.0,0.0
Bengaluru City,City Market Traffic PS,1.04432e+16,2017,1,1,Road Accidents,Junction,City/Town,In bazaar,Human Error,No,Grievous Injury,Hit pedestrian,Controlled,Not Applicable,City or Town Road,Bitumen(Tar),Dry,Not Applicable,Cloudy,CITY MARKET CIRCLE,TOWARDS SOUTH FROM PS,1KM,0.0,0.0,0,0,0.0,0.0
Bengaluru City,City Market Traffic PS,1.04432e+16,2017,1,1,Road Accidents,Narrow road,City/Town,In bazaar,Human Error,Yes,Grievous Injury,Hit and Run,Controlled,Not Applicable,City or Town Road,Bitumen(Tar),Dry,Not Applicable,Fine,AVENUE ROAD,TOWARDS EAST FROM PS,1 KM,0.0,0.0,0,0,0.0,0.0
Bengaluru City,City Market Traffic PS,1.04432e+16,2017,1,1,Road Accidents,Cross roads,City/Town,In bazaar,Human Error,No,Grievous Injury,Hit pedestrian,Controlled,Curve,City or Town Road,Bitumen(Tar),Dry,Not Applicable,Fine,CHIKPET MAIN ROAD,TOWARDS SOUTH,500 MT,0.0,0.0,0,0,0.0,0.0
Bengaluru City,City Market Traffic PS,1.04432e+16,2017,1,1,Road Accidents,Junction,City/Town,In bazaar,Human Error,No,Grievous Injury,Hit pedestrian,Controlled,Curve,City or Town Road,Bitumen(Tar),Dry,Not Applicable,Fine,BALEPET ROAD,TOWARDS NORTH FROM PS,500 MT,0.0,0.0,0,0,0.0,0.0
Bengaluru City,City Market Traffic PS,1.04432e+16,2017,1,1,Road Accidents,Other,City/Town,In bazaar,Human Error,No,Grievous Injury,Hit pedestrian,Controlled,Hump,One way,Bitumen(Tar),Others,Not Applicable,Others,MYSORE ROAD,TOWARDS NORTH FROM PS,1.5 KM,0.0,0.0,0,1,0.0,1.0
Bengaluru City,City Market Traffic PS,1.04432e+16,2017,1,1,Road Accidents,Cross roads,City/Town,In bazaar,Human Error,Yes,Grievous Injury,Hit pedestrian,Controlled,Others,City or Town Road,Bitumen(Tar),Dry,Not Applicable,Fine,AVENUE ROAD,TOWARDS SOUTH,1 KM,0.0,0.0,0,0,0.0,0.0
Bengaluru City,City Market Traffic PS,1.04432e+16,2017,1,2,Road Accidents,Narrow road,City/Town,In bazaar,Human Error,Yes,Grievous Injury,Hit and Run,Controlled,Curve,City or Town Road,Bitumen(Tar),Dry,Not Applicable,Cloudy,SJP ROAD,TOWARDS SOUTH,1.5 KM,0.0,0.0,0,0,0.0,0.0
Bengaluru City,City Market Traffic PS,1.04432e+16,2017,1,1,Road Accidents,Circle,City/Town,In bazaar,Human Error,Yes,Grievous Injury,Hit pedestrian,Controlled,Curve,City or Town Road,Bitumen(Tar),Others,Not Applicable,Fine,MARKET ROAD,TOWARDS SOUTH FROM PS,1 KM,0.0,0.0,0,1,0.0,1.0
Bengaluru City,City Market Traffic PS,1.04432e+16,2017,1,1,Road Accidents,Culvert,City/Town,Narrow bridge or culverts,Human Error,Yes,Grievous Injury,Hit pedestrian,Controlled,Curve,One way,Bitumen(Tar),Dry,Not Applicable,Fine,FLY OVER DOWNRAMP,TOWARDS NORTH FROM PS,1.5 KM,0.0,0.0,0,0,0.0,0.0
Bengaluru City,City Market Traffic PS,1.04432e+16,2017,1,2,Road Accidents,Cross roads,City/Town,Open area,Human Error,No,Grievous Injury,Hit bicyclist,Controlled,Others,One way,Bitumen(Tar),Others,Not Applicable,Others,NR ROAD,TOWARDS NORTH FROM PS,1.5 KM,0.0,0.0,0,1,0.0,1.0
Bengaluru City,City Market Traffic PS,1.04432e+16,2017,1,2,Road Accidents,Cross roads,City/Town,Near Petrol Pump,Human Error,Yes,Grievous Injury,Head on,Controlled,Not Applicable,One way,Bitumen(Tar),Dry,Not Applicable,Fine,JC ROAD,TOWARDS EAST FROM PS,1 KM,0.0,0.0,0,0,0.0,0.0
Bengaluru City,City Market Traffic PS,1.04432e+16,2017,1,1,Road Accidents,Cross roads,City/Town,Near Bus stop,Human Error,No,Grievous Injury,Hit pedestrian,Controlled,Others,One way,Bitumen(Tar),Dry,Not Applicable,Others,KALASIPALYA MAIN ROAD,TOWARDS NORTH FROM PS,500 MT,0.0,0.0,0,0,0.0,0.0
Bengaluru City,City Market Traffic PS,1.04432e+16,2017,1,1,Road Accidents,Cross roads,City/Town,In bazaar,Human Error,No,Grievous Injury,Hit pedestrian,Controlled,Not Applicable,City or Town Road,Kutcha,Dry,Construction Work / Material,Heavy Rain,BVK AYYANGAR ROAD,TOWARDS EAST FROM PS,1 KM,0.0,0.0,2,0,4.0,6.0
Bengaluru City,City Market Traffic PS,1.04432e+16,2017,1,1,Road Accidents,Junction,City/Town,In bazaar,Human Error,No,Grievous Injury,Hit pedestrian,Controlled,Others,One way,Bitumen(Tar),Dry,Not Applicable,Fine,BAMBOO BAZAR ROAD,TOWARDS NORTH FROM PS,1.5 KM,0.0,0.0,0,0,0.0,0.0
Bengaluru City,City Market Traffic PS,1.04432e+16,2017,1,1,Road Accidents,Cross roads,City/Town,Open area,Human Error,No,Grievous Injury,Hit pedestrian,Controlled,Not Applicable,Others,Bitumen(Tar),Dry,Not Applicable,Others,NR ROAD,TOWARDS NORTH FROM PS,1.5 KM,0.0,0.0,0,0,0.0,0.0
Bengaluru City,City Market Traffic PS,1.04432e+16,2017,1,1,Road Accidents,Other,City/Town,Near Bus stop,Human Error,No,Grievous Injury,Head on,Controlled,Others,One way,Bitumen(Tar),Dry,Not Applicable,Fine,KRUMBIGAL ROAD,TOWARDS EAST FROM PS,1.5 KM,0.0,0.0,0,0,0.0,0.0
Bengaluru City,City Market Traffic PS,1.04432e+16,2017,1,1,Road Accidents,Junction,City/Town,At pedestrian Crossing,Human Error,No,Damage Only,Others,Controlled,Others,Others,Bitumen(Tar),Others,Not Applicable,Fine,KALASIPALYA MAIN ROAD,TOWARDS SOUTH FROM PS,200 MT,0.0,0.0,0,1,0.0,1.0
Bengaluru City,City Market Traffic PS,1.04432e+16,2017,1,1,Road Accidents,Junction,City/Town,In bazaar,Human Error,No,Grievous Injury,Hit pedestrian,Controlled,Others,City or Town Road,Bitumen(Tar),Dry,Not Applicable,Fine,POLICE ROAD,TOWARDS NORTH FROM PS,1 KM,0.0,0.0,0,0,0.0,0.0
Bengaluru City,City Market Traffic PS,1.04432e+16,2017,1,1,Road Accidents,Junction,City/Town,In bazaar,Human Error,No,Grievous Injury,Hit pedestrian,Controlled,Curve,City or Town Road,Concrete,Dry,Construction Work / Material,Cloudy,CHIKPET MAIN ROAD,TOWARDS EAST FROM PS,1,0.0,0.0,2,0,0.0,2.0
Bengaluru City,City Market Traffic PS,1.04432e+16,2017,1,1,Road Accidents,Junction,City/Town,Near Bus stop,Human Error,No,Grievous Injury,Hit pedestrian,Controlled,Curve,City or Town Road,Bitumen(Tar),Dry,Not Applicable,Fine,KALASIPALYA BUS STAND,TOWARDS NORTH FROM PS,500 MT,0.0,0.0,0,0,0.0,0.0
Bengaluru City,City Market Traffic PS,1.04432e+16,2017,1,2,Road Accidents,Cross roads,City/Town,Residential area,Human Error,Yes,Grievous Injury,Hit and Run,Controlled,Incline,City or Town Road,Bitumen(Tar),Dry,Not Applicable,Cloudy,LBF ROAD,TOWARDS EAST FROM PS,1 KM,0.0,0.0,0,0,0.0,0.0
Bengaluru City,City Market Traffic PS,1.04432e+16,2017,1,2,Road Accidents,Junction,City/Town,Open area,Human Error,No,Grievous Injury,Rear end,Controlled,Others,One way,Bitumen(Tar),Dry,Not Applicable,Fine,JC ROAD,TOWARDS EAST FROM PS,500 MT,0.0,0.0,0,0,0.0,0.0
Bengaluru City,City Market Traffic PS,1.04432e+16,2017,1,1,Road Accidents,Other,City/Town,Near Bus stop,Human Error,No,Grievous Injury,Hit pedestrian,Controlled,Others,Others,Not Applicable,Dry,Not Applicable,Fine,VVI ROAD,TOWARDS NORTH FROM PS,1 KM,0.0,0.0,0,0,0.0,0.0
Bengaluru City,City Market Traffic PS,1.04432e+16,2017,1,2,Road Accidents,Cross roads,City/Town,Near office complex,Human Error,No,Grievous Injury,Head on,Controlled,Others,One way,Bitumen(Tar),Dry,Not Applicable,Fine,AV ROAD,TOWARDS NORTH FROM PS,500 MT,0.0,0.0,0,0,0.0,0.0
Bengaluru City,City Market Traffic PS,1.04432e+16,2017,1,2,Road Accidents,Bridge,City/Town,Open area,Human Error,No,Fatal,Rear end,Controlled,Curve,Others,Bitumen(Tar),Dry,Not Applicable,Fine,MYSORE ROAD,TOWARDS SOUTH FROM PS,1 KM,0.0,0.0,0,0,0.0,0.0
Bengaluru City,City Market Traffic PS,1.04432e+16,2017,1,1,Road Accidents,Other,City/Town,At pedestrian Crossing,Human Error,No,Grievous Injury,Hit pedestrian,Controlled,Others,One way,Bitumen(Tar),Dry,Not Applicable,Fine,KALASIPALYA MAIN ROAD,TOWARDS EAST FROM PS,100 MT,12.960106,77.577685,0,0,0.0,0.0
Bengaluru City,City Market Traffic PS,1.04432e+16,2017,1,1,Road Accidents,Other,City/Town,In bazaar,Human Error,Yes,Fatal,Hit and Run,Controlled,Others,Service Road,Bitumen(Tar),Dry,Not Applicable,Fine,POLICE ROAD,TOWARDS NORTH FROM PS,1.5 KM,0.0,0.0,0,0,0.0,0.0
Bengaluru City,City Market Traffic PS,1.04432e+16,2017,1,1,Road Accidents,Bridge,City/Town,Open area,Human Error,No,Simple Injury,Skidding or Self accident,Controlled,Curve,One way,Bitumen(Tar),Dry,Not Applicable,Others,MYSORE ROAD FLY OVER,TOWARDS NORTH FROM PS,1.5 KM,0.0,0.0,0,0,0.0,0.0
Bengaluru City,City Market Traffic PS,1.04432e+16,2017,1,1,Road Accidents,Bridge,City/Town,Open area,Human Error,No,Grievous Injury,Skidding or Self accident,Controlled,Others,One way,Bitumen(Tar),Dry,Not Applicable,Fine,MYSORE ROAD FLY OVER,TOWARDS NORTH FROM PS,1.5 KM,0.0,0.0,0,0,0.0,0.0
Bengaluru City,City Market Traffic PS,1.04432e+16,2017,1,1,Road Accidents,Junction,City/Town,Near office complex,Human Error,No,Simple Injury,Skidding or Self accident,Controlled,Curve,City or Town Road,Bitumen(Tar),Dry,Not Applicable,Fine,BHARATH JUNCTION,TOWARDS EAST FROM PS,1 KM,0.0,0.0,0,0,0.0,0.0
Bengaluru City,City Market Traffic PS,1.04432e+16,2017,1,1,Road Accidents,Other,City/Town,In bazaar,Human Error,No,Grievous Injury,Hit pedestrian,Controlled,Curve,One way,Bitumen(Tar),Dry,Not Applicable,Light Rain,SJP ROAD,TOWARDS SOUTH,1.5 KM,0.0,0.0,0,0,0.0,0.0