DISTRICTNAME,UNITNAME,Crime_No,Year,RI,Noofvehicle_involved,Accident_Classification,Accident_Spot,Accident_Location,Accident_SubLocation,Main_Cause,Hit_Run,Severity,Collision_Type,Junction_Control,Road_Character,Road_Type,Surface_Type,Surface_Condition,Road_Condition,Weather,Accident_Road,Landmark_first,Distance_LandMark_First,Latitude,Longitude,Road_Condition_Score,Surface_Condition_Score,Surface_Type_Score,Road_Risk_Index
Bengaluru City,City Market Traffic PS,1.04432e+16,2023,1,1,Road Accidents,Not Applicable,City/Town,In bazaar,Human Error,No,Grievous Injury,Hit pedestrian,Not at  Junction,Straight and flat,Others,Concrete,Dry,Not Applicable,Clear,Kalasipalya bus stop,Near Kollegala root stop kalasipalya bus stop,2.0 km,0.0,0.0,0,0,0.0,0.0
Bengaluru City,City Market Traffic PS,1.04432e+16,2023,1,2,Road Accidents,Not Applicable,City/Town,Open area,Not Applicable,Yes,Grievous Injury,Hit pedestrian,Not Applicable,Others,Others,Concrete,Dry,Not Applicable,Fine,BGS Fly Over,BGS Fly Over,2 K.m,12.964444,77.576702,0,0,0.0,0.0
Bengaluru City,City Market Traffic PS,1.04432e+16,2023,1,2,Road Accidents,Junction,City/Town,Open area,Human Error,No,Grievous Injury,Vehicle to Vehicle,No signal lights,Straight and flat,Arterial,Bitumen(Tar),Dry,Not Applicable,Clear,"on BGS Fly over, Market up ramp junction",Near matan market,1.5 km,0.0,0.0,0,0,0.0,0.0
Bengaluru City,City Market Traffic PS,1.04432e+16,2023,1,2,Road Accidents,Circle,City/Town,Residential area,Not Applicable,No,Simple Injury,Vehicle to Vehicle,Signals (Working),Others,Residential Street,Bitumen(Tar),Others,Not Applicable,Others,JC ROAD BHARATH JUNCTION,SBI BANK OPPOSITE,2 KM,0.0,0.0,0,1,0.0,1.0
Bengaluru City,City Market Traffic PS,1.04432e+16,2023,1,2,Road Accidents,Circle,City/Town,Open area,Not Applicable,Yes,Simple Injury,Vehicle to Vehicle,Signal lights Automatic,Not Applicable,Others,Bitumen(Tar),Dry,Not Applicable,Clear,Bharth junction,Kalsipalya,1,0.0,0.0,0,0,0.0,0.0
Bengaluru City,City Market Traffic PS,1.04432e+16,2023,1,1,Road Accidents,Not Applicable,City/Town,In bazaar,Human Error,No,Grievous Injury,Hit pedestrian,Not at  Junction,Not Applicable,Arterial,Bitumen(Tar),Not Applicable,Not Applicable,Clear,BVK iyyangar road,Near maruti plastics,1 km,0.0,0.0,0,0,0.0,0.0
Bengaluru City,City Market Traffic PS,1.04432e+16,2023,1,1,Road Accidents,Circle,City/Town,Open area,Not Applicable,No,Fatal,Hit pedestrian,Not Applicable,Not Applicable,Others,Bitumen(Tar),Dry,Not Applicable,Fine,Kalshipalya Road,Opp SLV Complexe,2,12.959281,77.576578,0,0,0.0,0.0
Bengaluru City,City Market Traffic PS,1.04432e+16,2023,1,1,Road Accidents,Not Applicable,City/Town,Open area,Human Error,No,Grievous Injury,Vehicle to Vehicle,Not at  Junction,Straight and flat,Arterial,Bitumen(Tar),Others,Not Applicable,Clear,H SIDDAYYA ROAD,H SIDDAYYA ROAD,2.0 KM,12.956096,77.584414,0,1,0.0,1.0
Bengaluru City,City Market Traffic PS,1.04432e+16,2023,1,1,Road Accidents,Circle,City/Town,Residential area,Human Error,No,Grievous Injury,Hit pedestrian,Controlled,Curve,Residential Street,Bitumen(Tar),Dry,Not Applicable,Snow,OPP SHELL PETROL BUNK,J C ROAD,3KM,12.954231,77.584857,0,0,0.0,0.0
Bengaluru City,City Market Traffic PS,1.04432e+16,2023,1,2,Road Accidents,Not Applicable,City/Town,In bazaar,Human Error,No,Grievous Injury,Vehicle to Vehicle,Uncontrolled,Curve,Minor District Road,Bitumen(Tar),Ditch or Potholed,Not Applicable,Clear,N R ROAD,BGS FLY OVER DOWN RAMP,2,0.0,0.0,0,5,0.0,5.0
Bengaluru City,City Market Traffic PS,1.04432e+16,2023,1,1,Road Accidents,Not Applicable,City/Town,Open area,Human Error,No,Fatal,Not Applicable,Not at  Junction,Straight and flat,Arterial,Bitumen(Tar),Not Applicable,Not Applicable,Clear,"On BGS fly over, NR Road",Near A R Enterprises N R road,2 km,0.0,0.0,0,0,0.0,0.0
Bengaluru City,City Market Traffic PS,1.04432e+16,2023,1,2,Road Accidents,Curves,City/Town,Residential area,Vehicle Defect,No,Simple Injury,Vehicle to Vehicle,Uncontrolled,Others,State Highway,Bitumen(Tar),Dry,Not Applicable,Clear,N R ROAD,bgs flyover,2KM,12.967924,77.578721,0,0,0.0,0.0
Bengaluru City,City Market Traffic PS,1.04432e+16,2023,1,2,Road Accidents,Cross roads,City/Town,Residential area,Human Error,No,Simple Injury,Vehicle to Vehicle,Not Applicable,Curve,One way,Bitumen(Tar),Others,Not Applicable,Clear,flyover down ramp,GANESHA TEMPLE,2KM,12.964538,77.576048,0,1,0.0,1.0
Bengaluru City,City Market Traffic PS,1.04432e+16,2023,1,2,Road Accidents,Junction,City/Town,Open area,Not Applicable,Not Applicable,Fatal,Vehicle to Vehicle,Signal lights Automatic,Others,Others,Bitumen(Tar),Others,Not Applicable,Clear,Minrva Circle,Minrva Cricle,3 K.m.,12.957565,77.581856,0,1,0.0,1.0
Bengaluru City,City Market Traffic PS,1.04432e+16,2023,1,1,Road Accidents,Narrow road,City/Town,Open area,Human Error,No,Fatal,Hit pedestrian,Not at  Junction,Straight and flat,Arterial,Bitumen(Tar),Others,Not Applicable,Clear,R V road,Near Sharada tea stall,3.0 km,12.951928,77.57988,0,1,0.0,1.0
Bengaluru City,City Market Traffic PS,1.04432e+16,2023,1,2,Road Accidents,Circle,City/Town,Open area,Not Applicable,No,Grievous Injury,Vehicle to Vehicle,Controlled,Others,Others,Bitumen(Tar),Others,Not Applicable,Others,BHARATH JUNCTION,NEAR  BHARTH JUNCTION,2KM,12.95789,77.582158,0,1,0.0,1.0
Bengaluru City,City Market Traffic PS,1.04432e+16,2023,1,1,Other Railway Accidents,Not Applicable,City/Town,At pedestrian Crossing,Not Applicable,No,Grievous Injury,Hit pedestrian,Stop sign,Others,Others,Bitumen(Tar),Dry,Not Applicable,Not Applicable,"Kumbigal Road,",Kumbigal Road,1,12.951226,77.582679,0,0,0.0,0.0
Bengaluru City,City Market Traffic PS,1.04432e+16,2023,1,1,Other Railway Accidents,Not Applicable,City/Town,In bazaar,Not Applicable,Not Applicable,Grievous Injury,Hit pedestrian,Uncontrolled,Others,Others,Concrete,Dry,Not Applicable,Fine,Avenue Road Citymarket,Avenue Road,2 k.m.,12.964328,77.577349,0,0,0.0,0.0
Bengaluru City,City Market Traffic PS,1.04432e+16,2023,1,1,Road Accidents,Curves,City/Town,In bazaar,Human Error,No,Grievous Injury,Hit pedestrian,Police / Manual,Straight and flat,Arterial,Concrete,Ditch or Potholed,Not Applicable,Clear,Avenue road Doddapete circle,Opp shobha juvelors,1 km,0.0,0.0,0,5,0.0,5.0
Bengaluru City,Cubbonpark Traffic PS,1.04432e+16,2016,1,2,Road Accidents,Narrow road,City/Town,Near office complex,Human Error,Yes,Damage Only,Rear end,Not at  Junction,Straight and flat,City or Town Road,Bitumen(Tar),Dry,Not Applicable,Fine,Inside M S Building,Post Office,10mtrs,0.0,0.0,0,0,0.0,0.0
Bengaluru City,Cubbonpark Traffic PS,1.04432e+16,2016,1,1,Road Accidents,Narrow road,City/Town,Near School or College,Human Error,No,Simple Injury,Hit fixed object,Not at  Junction,Not Applicable,Others,Bitumen(Tar),Dry,Not Applicable,Fine,Musium road,Near St Joseph School,1 KM,0.0,0.0,0,0,0.0,0.0
Bengaluru City,Cubbonpark Traffic PS,1.04432e+16,2016,1,2,Road Accidents,Narrow road,City/Town,Open area,Human Error,Yes,Grievous Injury,Rear end,Not at  Junction,Not Applicable,Others,Bitumen(Tar),Dry,Not Applicable,Fine,K B Road,Near J W Marriot Hotel,0.5 KM,0.0,0.0,0,0,0.0,0.0
Bengaluru City,Cubbonpark Traffic PS,1.04432e+16,2016,1,1,Road Accidents,Narrow road,City/Town,Near office complex,Human Error,No,Simple Injury,Hit pedestrian,Not at  Junction,Straight and flat,City or Town Road,Concrete,Dry,Not Applicable,Fine,Dr Ambedkar road,High court,500mtr,0.0,0.0,0,0,0.0,0.0
Bengaluru City,Cubbonpark Traffic PS,1.04432e+16,2016,1,2,Road Accidents,Curves,City/Town,Near office complex,Human Error,Yes,Simple Injury,Hit and Run,Not at  Junction,Curve,City or Town Road,Bitumen(Tar),Dry,Not Applicable,Fine,Ali Askar road,Rajram Complex,10mtrs,0.0,0.0,0,0,0.0,0.0
Bengaluru City,Cubbonpark Traffic PS,1.04432e+16,2016,1,2,Road Accidents,Curves,City/Town,Open area,Not Applicable,Not Applicable,Damage Only,Others,Not at  Junction,Curve,City or Town Road,Bitumen(Tar),Dry,Not Applicable,Clear,near shell petrol bunk,vittal malya rd,1,0.0,0.0,0,0,0.0,0.0
Bengaluru City,Cubbonpark Traffic PS,1.04432e+16,2016,1,2,Road Accidents,Narrow road,City/Town,Open area,Human Error,Yes,Simple Injury,Hit and Run,Not at  Junction,Straight and flat,City or Town Road,Bitumen(Tar),Dry,Not Applicable,Fine,Central Street,B R V Ground,20mtrs,0.0,0.0,0,0,0.0,0.0
Bengaluru City,Cubbonpark Traffic PS,1.04432e+16,2016,1,2,Road Accidents,Narrow road,City/Town,Near a religious place,Human Error,No,Grievous Injury,Right Turn Collision,Not at  Junction,Straight and flat,City or Town Road,Bitumen(Tar),Dry,Not Applicable,Fine,Lavelle road,Church,10mtrs,0.0,0.0,0,0,0.0,0.0
Bengaluru City,Cubbonpark Traffic PS,1.04432e+16,2016,1,1,Road Accidents,Other,City/Town,In bazaar,Human Error,No,Damage Only,Hit fixed object,Not at  Junction,Curve,City or Town Road,Bitumen(Tar),Dry,Not Applicable,Clear,ROAD,MUSEUIM,1.5,0.0,0.0,0,0,0.0,0.0
Bengaluru City,Cubbonpark Traffic PS,1.04432e+16,2016,1,1,Road Accidents,Narrow road,City/Town,Near office complex,Human Error,Yes,Grievous Injury,Hit pedestrian,Not at  Junction,Straight and flat,City or Town Road,Bitumen(Tar),Dry,Not Applicable,Fine,Inside Office Complex,M S Building,20mtrs,0.0,0.0,0,0,0.0,0.0
Bengaluru City,Cubbonpark Traffic PS,1.04432e+16,2016,1,2,Road Accidents,Narrow road,City/Town,Near Petrol Pump,Human Error,Yes,Damage Only,Right Turn Collision,Not at  Junction,Straight and flat,City or Town Road,Bitumen(Tar),Dry,Not Applicable,Fine,Vittal Malya road,Shell Petrole Bunk,20mtrs,0.0,0.0,0,0,0.0,0.0
Bengaluru City,Cubbonpark Traffic PS,1.04432e+16,2016,1,1,Road Accidents,Junction,City/Town,Open area,Human Error,Yes,Simple Injury,Hit and Run,Signal lights Automatic,Straight and flat,City or Town Road,Bitumen(Tar),Dry,Not Applicable,Fine,Dr Ambedkar road,Coffee Board Jn,10mtrs,0.0,0.0,0,0,0.0,0.0
Bengaluru City,Cubbonpark Traffic PS,1.04432e+16,2016,1,2,Road Accidents,Narrow road,City/Town,Open area,Human Error,No,Damage Only,Side swipe,Not at  Junction,Straight and flat,City or Town Road,Bitumen(Tar),Dry,Not Applicable,Fine,Chruch Street,Bheemas Hotel,20mtrs,0.0,0.0,0,0,0.0,0.0
Bengaluru City,Cubbonpark Traffic PS,1.04432e+16,2016,1,1,Road Accidents,Narrow road,City/Town,Near office complex,Human Error,Yes,Simple Injury,Hit pedestrian,Not at  Junction,Straight and flat,City or Town Road,Bitumen(Tar),Dry,Not Applicable,Fine,Inside M S Building road,Vikasasoudha,50mtrs,0.0,0.0,0,0,0.0,0.0
Bengaluru City,Cubbonpark Traffic PS,1.04432e+16,2016,1,2,Road Accidents,Narrow road,City/Town,Near Bus stop,Human Error,No,Grievous Injury,Rear end,Not at  Junction,Not Applicable,Others,Bitumen(Tar),Dry,Not Applicable,Fine,Ambedkar Road,Near Bus Stop,1 KM,0.0,0.0,0,0,0.0,0.0
Bengaluru City,Cubbonpark Traffic PS,1.04432e+16,2016,1,2,Road Accidents,Junction,City/Town,Open area,Human Error,No,Fatal,Head on,Signal lights Automatic,Not Applicable,Others,Bitumen(Tar),Dry,Not Applicable,Fine,K B Road,Siddalingaiah Circle,0.8 Km,0.0,0.0,0,0,0.0,0.0
Bengaluru City,Cubbonpark Traffic PS,1.04432e+16,2016,1,2,Road Accidents,Narrow road,City/Town,Near office complex,Human Error,No,Simple Injury,Rear end,Not at  Junction,Straight and flat,City or Town Road,Bitumen(Tar),Dry,Not Applicable,Fine,K B Road,Near Cubbon Park Police Station,20mtrs,0.0,0.0,0,0,0.0,0.0
Bengaluru City,Cubbonpark Traffic PS,1.04432e+16,2016,1,2,Road Accidents,Junction,City/Town,Open area,Human Error,No,Grievous Injury,Rear end,Signal lights Automatic,Straight and flat,City or Town Road,Bitumen(Tar),Dry,Not Applicable,Fine,Rajbhavan road,Police Thimmaiah Circle,10mtrs,0.0,0.0,0,0,0.0,0.0
Bengaluru City,Cubbonpark Traffic PS,1.04432e+16,2016,1,1,Road Accidents,Narrow road,City/Town,Open area,Human Error,No,Fatal,Skidding or Self accident,Not at  Junction,Straight and flat,City or Town Road,Bitumen(Tar),Dry,Not Applicable,Fine,Queens road,Chinnaswamy stadium Gate No 8,50mtrs,0.0,0.0,0,0,0.0,0.0
Bengaluru City,Cubbonpark Traffic PS,1.04432e+16,2016,1,2,Road Accidents,Narrow road,City/Town,Open area,Human Error,Yes,Damage Only,Hit and Run,Not at  Junction,Straight and flat,City or Town Road,Bitumen(Tar),Dry,Not Applicable,Fine,M G road,Kaveri Emporium,20mtrs,0.0,0.0,0,0,0.0,0.0
Bengaluru City,Cubbonpark Traffic PS,1.04432e+16,2016,1,2,Road Accidents,Narrow road,City/Town,Open area,Human Error,No,Simple Injury,Rear end,Not at  Junction,Straight and flat,City or Town Road,Bitumen(Tar),Dry,Not Applicable,Fine,T Chowdaiah road,Indiragandhi Musical Fountain,20mtrs,0.0,0.0,0,0,0.0,0.0
Bengaluru City,Cubbonpark Traffic PS,1.04432e+16,2016,1,2,Road Accidents,Circle,City/Town,Near office complex,Human Error,Yes,Simple Injury,Hit and Run,Police / Manual,Curve,City or Town Road,Bitumen(Tar),Dry,Not Applicable,Fine,Devraj urs road,AGS office,20mtrs,0.0,0.0,0,0,0.0,0.0
Bengaluru City,Cubbonpark Traffic PS,1.04432e+16,2016,1,2,Road Accidents,Junction,City/Town,Open area,Human Error,No,Simple Injury,Side swipe,Signal lights Automatic,Straight and flat,City or Town Road,Bitumen(Tar),Dry,Not Applicable,Fine,Rajbhavan road,Police Thimmaiah Circle,10mtrs,0.0,0.0,0,0,0.0,0.0
Bengaluru City,Cubbonpark Traffic PS,1.04432e+16,2016,1,3,Road Accidents,Narrow road,City/Town,Near Petrol Pump,Human Error,No,Damage Only,Rear end,Not at  Junction,Straight and flat,City or Town Road,Bitumen(Tar),Dry,Not Applicable,Fine,Rajbhavan road,Bharathi Fuel Station,20mtrs,0.0,0.0,0,0,0.0,0.0
Bengaluru City,Cubbonpark Traffic PS,1.04432e+16,2016,1,2,Road Accidents,Junction,City/Town,Open area,Human Error,No,Damage Only,Right Turn Collision,Signal lights Automatic,Straight and flat,City or Town Road,Bitumen(Tar),Dry,Not Applicable,Fine,M G Road,Anil kumble Jn,20mtrs,0.0,0.0,0,0,0.0,0.0
Bengaluru City,Cubbonpark Traffic PS,1.04432e+16,2016,1,2,Road Accidents,Narrow road,City/Town,Open area,Human Error,No,Damage Only,Side swipe,Not at  Junction,Straight and flat,City or Town Road,Bitumen(Tar),Dry,Not Applicable,Fine,Vittal Malya road,J W Marriot Hotel,20mtrs,0.0,0.0,0,0,0.0,0.0
Bengaluru City,Cubbonpark Traffic PS,1.04432e+16,2016,1,2,Road Accidents,Junction,City/Town,Open area,Human Error,No,Simple Injury,Side impact or Right angle,Signal lights Automatic,Straight and flat,City or Town Road,Bitumen(Tar),Dry,Not Applicable,Fine,M G road,Anil kumble Junction,10mtrs,0.0,0.0,0,0,0.0,0.0
Bengaluru City,Cubbonpark Traffic PS,1.04432e+16,2016,1,1,Road Accidents,T Junction,City/Town,Near Bus stop,Human Error,Yes,Simple Injury,Hit bicyclist,Police / Manual,Curve,City or Town Road,Bitumen(Tar),Dry,Not Applicable,Clear,anil kumble,juction,1.3,0.0,0.0,0,0,0.0,0.0
Bengaluru City,Cubbonpark Traffic PS,1.04432e+16,2016,1,2,Road Accidents,Junction,City/Town,Open area,Human Error,Yes,Damage Only,Side impact or Right angle,Signal lights Automatic,Straight and flat,City or Town Road,Bitumen(Tar),Dry,Not Applicable,Fine,Rajbhavan road,Police Thimmaiah Circle,10mtrs,0.0,0.0,0,0,0.0,0.0
Bengaluru City,Cubbonpark Traffic PS,1.04432e+16,2016,1,2,Road Accidents,Junction,City/Town,Open area,Human Error,Yes,Grievous Injury,Side swipe,Signal lights Automatic,Straight and flat,City or Town Road,Bitumen(Tar),Dry,Not Applicable,Fine,Inside Cubbon Park road,High court,50mtrs,0.0,0.0,0,0,0.0,0.0
Bengaluru City,Cubbonpark Traffic PS,1.04432e+16,2016,1,2,Road Accidents,Narrow road,City/Town,Open area,Human Error,Yes,Simple Injury,Hit and Run,Not at  Junction,Straight and flat,City or Town Road,Bitumen(Tar),Dry,Not Applicable,Fine,Rajbhavan road,Neharu Taralaya,10mtrs,0.0,0.0,0,0,0.0,0.0
Bengaluru City,Cubbonpark Traffic PS,1.04432e+16,2016,1,2,Road Accidents,Junction,City/Town,Open area,Human Error,Yes,Simple Injury,Hit and Run,Signal lights Automatic,Not Applicable,Others,Bitumen(Tar),Dry,Not Applicable,Fine,Rajbhavan road,Police Thimmaiah Circle,1 KM,0.0,0.0,0,0,0.0,0.0
Bengaluru City,Cubbonpark Traffic PS,1.04432e+16,2016,1,1,Road Accidents,Narrow road,City/Town,Near Bus stop,Human Error,Yes,Simple Injury,Hit pedal cyclist,Not at  Junction,Straight and flat,City or Town Road,Bitumen(Tar),Dry,Not Applicable,Fine,K B Road,Musium,20mtrs,0.0,0.0,0,0,0.0,0.0
Bengaluru City,Cubbonpark Traffic PS,1.04432e+16,2016,1,2,Road Accidents,Junction,City/Town,Open area,Human Error,No,Damage Only,Side impact or Right angle,Signal lights Automatic,Straight and flat,City or Town Road,Bitumen(Tar),Dry,Not Applicable,Fine,Queens road,C T O Circle,10mtrs,0.0,0.0,0,0,0.0,0.0
Bengaluru City,Cubbonpark Traffic PS,1.04432e+16,2016,1,2,Road Accidents,Circle,City/Town,In bazaar,Vehicle Defect,No,Damage Only,Others,Not at  Junction,Curve,City or Town Road,Bitumen(Tar),Dry,Not Applicable,Clear,ROAD,st marks,1.5,0.0,0.0,0,0,0.0,0.0
Bengaluru City,Cubbonpark Traffic PS,1.04432e+16,2016,1,2,Road Accidents,Circle,City/Town,Residential area,Human Error,Yes,Grievous Injury,Hit bicyclist,Not at  Junction,Curve,City or Town Road,Bitumen(Tar),Dry,Not Applicable,Clear,ROAD,rajabhavan,1.5,0.0,0.0,0,0,0.0,0.0
Bengaluru City,Cubbonpark Traffic PS,1.04432e+16,2016,1,1,Road Accidents,Curves,City/Town,Near School or College,Human Error,No,Damage Only,Hit fixed object,Not at  Junction,Curve,City or Town Road,Bitumen(Tar),Dry,Not Applicable,Fine,Museum road,St Joseph College,20mtrs,0.0,0.0,0,0,0.0,0.0
Bengaluru City,Cubbonpark Traffic PS,1.04432e+16,2016,1,1,Road Accidents,Narrow road,City/Town,Near a recreation place/cinema,Human Error,No,Simple Injury,Hit pedestrian,Not at  Junction,Curve,City or Town Road,Bitumen(Tar),Dry,Not Applicable,Fine,Inside Cubbon Park road,Press Club,30mtrs,0.0,0.0,0,0,0.0,0.0
Bengaluru City,Cubbonpark Traffic PS,1.04432e+16,2016,1,2,Road Accidents,Narrow road,City/Town,Open area,Human Error,Yes,Simple Injury,Hit and Run,Not at  Junction,Not Applicable,Others,Bitumen(Tar),Dry,Not Applicable,Fine,M G Road,M G Road,1 KM,0.0,0.0,0,0,0.0,0.0
Bengaluru City,Cubbonpark Traffic PS,1.04432e+16,2016,1,1,Road Accidents,Narrow road,City/Town,Near office complex,Human Error,Yes,Grievous Injury,Hit pedal cyclist,Not at  Junction,Straight and flat,City or Town Road,Bitumen(Tar),Dry,Not Applicable,Fine,Dr Ambedkar road,Lokayuktha office,20mtrs,0.0,0.0,0,0,0.0,0.0
Bengaluru City,Cubbonpark Traffic PS,1.04432e+16,2016,1,2,Road Accidents,Circle,City/Town,Open area,Human Error,Yes,Damage Only,Side swipe,Signal lights Automatic,Straight and flat,City or Town Road,Bitumen(Tar),Dry,Not Applicable,Fine,Queens road,C T O Circle,20mtrs,0.0,0.0,0,0,0.0,0.0
Bengaluru City,Cubbonpark Traffic PS,1.04432e+16,2016,1,1,Road Accidents,Circle,City/Town,Open area,Human Error,Yes,Fatal,Hit and Run,Signal lights Automatic,Curve,City or Town Road,Bitumen(Tar),Dry,Not Applicable,Fine,Queens road,Queens circle,10mtrs,0.0,0.0,0,0,0.0,0.0
Bengaluru City,Cubbonpark Traffic PS,1.04432e+16,2016,1,1,Road Accidents,Narrow road,City/Town,Near Bus stop,Human Error,No,Simple Injury,Hit pedestrian,Not at  Junction,Curve,City or Town Road,Bitumen(Tar),Dry,Not Applicable,Fine,Dr Ambedkar road,Coffee board Jn,20mtrs,0.0,0.0,0,0,0.0,0.0
Bengaluru City,Cubbonpark Traffic PS,1.04432e+16,2016,1,2,Road Accidents,Narrow road,City/Town,Near office complex,Human Error,No,Simple Injury,Head on,Not at  Junction,Not Applicable,Others,Bitumen(Tar),Dry,Not Applicable,Fine,K B Road,Near Police Station,0.2 KM,0.0,0.0,0,0,0.0,0.0
Bengaluru City,Cubbonpark Traffic PS,1.04432e+16,2016,1,2,Road Accidents,Junction,City/Town,Open area,Human Error,Yes,Grievous Injury,Hit and Run,Uncontrolled,Straight and flat,City or Town Road,Bitumen(Tar),Dry,Not Applicable,Fine,Inside Cubbon Park,Fountain,20mtrs,0.0,0.0,0,0,0.0,0.0
Bengaluru City,Cubbonpark Traffic PS,1.04432e+16,2016,1,1,Road Accidents,Other,City/Town,Open area,Human Error,No,Simple Injury,Others,Signal lights Automatic,Straight and flat,City or Town Road,Bitumen(Tar),Dry,Not Applicable,Not Applicable,CENTRAL STREET,JANARAL KARIYAPPA PARK,20MTRS,0.0,0.0,0,0,0.0,0.0
Bengaluru City,Cubbonpark Traffic PS,1.04432e+16,2016,1,2,Road Accidents,Junction,City/Town,Open area,Human Error,No,Grievous Injury,Rear end,Signal lights Automatic,Straight and flat,City or Town Road,Bitumen(Tar),Dry,Not Applicable,Fine,M G Road,Anil Kumble Circle,10mtrs,0.0,0.0,0,0,0.0,0.0
Bengaluru City,Cubbonpark Traffic PS,1.04432e+16,2016,1,2,Road Accidents,Narrow road,City/Town,Open area,Human Error,No,Grievous Injury,Rear end,Not at  Junction,Not Applicable,Others,Bitumen(Tar),Dry,Not Applicable,Fine,M G Road,Near Metro Station,1.2 KM,0.0,0.0,0,0,0.0,0.0
Bengaluru City,Cubbonpark Traffic PS,1.04432e+16,2016,1,2,Road Accidents,Other,City/Town,Residential area,Human Error,No,Grievous Injury,Others,Not at  Junction,Not Applicable,City or Town Road,Bitumen(Tar),Dry,Not Applicable,Clear,Road,Near Veerendra Hegde House,1.5 Km,0.0,0.0,0,0,0.0,0.0
Bengaluru City,Cubbonpark Traffic PS,1.04432e+16,2016,1,1,Road Accidents,Narrow road,City/Town,Open area,Human Error,Yes,Simple Injury,Hit and Run,Not at  Junction,Straight and flat,City or Town Road,Bitumen(Tar),Dry,Not Applicable,Fine,Rajbhavan road,Basaveshwara Circle,20mtrs,0.0,0.0,0,0,0.0,0.0
Bengaluru City,Cubbonpark Traffic PS,1.04432e+16,2016,1,2,Road Accidents,Junction,City/Town,Near office complex,Human Error,No,Grievous Injury,Rear end,Signal lights Automatic,Straight and flat,City or Town Road,Bitumen(Tar),Dry,Not Applicable,Fine,Queens road,Traffic Hq,10mtrs,0.0,0.0,0,0,0.0,0.0
Bengaluru City,Cubbonpark Traffic PS,1.04432e+16,2016,1,2,Road Accidents,Junction,City/Town,Open area,Human Error,No,Grievous Injury,Right Turn Collision,Uncontrolled,Curve,City or Town Road,Bitumen(Tar),Dry,Not Applicable,Fine,St Marks road,Audi Show room,10mtrs,0.0,0.0,0,0,0.0,0.0
Bengaluru City,Cubbonpark Traffic PS,1.04432e+16,2016,1,2,Road Accidents,Narrow road,City/Town,Near Petrol Pump,Human Error,Yes,Grievous Injury,Rear end,Not at  Junction,Straight and flat,City or Town Road,Bitumen(Tar),Dry,Not Applicable,Fine,Rajbhavan road,Bharathi Fuel Station,10mtrs,0.0,0.0,0,0,0.0,0.0
Bengaluru City,Cubbonpark Traffic PS,1.04432e+16,2016,1,1,Road Accidents,Circle,City/Town,At pedestrian Crossing,Human Error,No,Grievous Injury,Hit pedestrian,Signal lights Automatic,Not Applicable,Others,Bitumen(Tar),Dry,Not Applicable,Fine,Dr Ambedkar road,Near Gopalagowda Circle,1.4 KM,0.0,0.0,0,0,0.0,0.0
Bengaluru City,Cubbonpark Traffic PS,1.04432e+16,2016,1,2,Road Accidents,Junction,City/Town,Open area,Human Error,No,Simple Injury,Side impact or Right angle,Signal lights Automatic,Straight and flat,City or Town Road,Bitumen(Tar),Dry,Not Applicable,Fine,Queens road,Balekundri Circle,10mtrs,0.0,0.0,0,0,0.0,0.0
Bengaluru City,Cubbonpark Traffic PS,1.04432e+16,2016,1,2,Road Accidents,Junction,City/Town,Near office complex,Human Error,No,Grievous Injury,Side impact or Right angle,Signal lights Automatic,Straight and flat,City or Town Road,Bitumen(Tar),Dry,Not Applicable,Fine,Infentry road,Traffic Head QTR,10mtrs,0.0,0.0,0,0,0.0,0.0
Bengaluru City,Cubbonpark Traffic PS,1.04432e+16,2016,1,2,Road Accidents,Narrow road,City/Town,Open area,Not Applicable,No,Grievous Injury,Rear end,Not at  Junction,Not Applicable,Others,Bitumen(Tar),Dry,No influence on accident,Fine,In Side Cubbonpark road,Near Central Library,1.5 KM,0.0,0.0,0,0,0.0,0.0
Bengaluru City,Cubbonpark Traffic PS,1.04432e+16,2016,1,1,Road Accidents,Cross roads,City/Town,Near Bus stop,Human Error,No,Grievous Injury,Others,Not at  Junction,Curve,City or Town Road,Bitumen(Tar),Dry,Not Applicable,Clear,ROAD,infantry,1,0.0,0.0,0,0,0.0,0.0
Bengaluru City,Cubbonpark Traffic PS,1.04432e+16,2016,1,2,Road Accidents,Narrow road,City/Town,Near office complex,Human Error,No,Simple Injury,Rear end,Not at  Junction,Straight and flat,City or Town Road,Bitumen(Tar),Dry,Not Applicable,Fine,St Marks road,Lakshmi Complex,10mtrs,0.0,0.0,0,0,0.0,0.0
Bengaluru City,Cubbonpark Traffic PS,1.04432e+16,2016,1,1,Road Accidents,Narrow road,City/Town,Near Petrol Pump,Human Error,No,Grievous Injury,Hit pedestrian,Not at  Junction,Straight and flat,City or Town Road,Bitumen(Tar),Dry,Not Applicable,Fine,Vittal Malya road,Shell Petrole Bunk,20mtrs,0.0,0.0,0,0,0.0,0.0