DISTRICTNAME,UNITNAME,Crime_No,Year,RI,Noofvehicle_involved,Accident_Classification,Accident_Spot,Accident_Location,Accident_SubLocation,Main_Cause,Hit_Run,Severity,Collision_Type,Junction_Control,Road_Character,Road_Type,Surface_Type,Surface_Condition,Road_Condition,Weather,Accident_Road,Landmark_first,Distance_LandMark_First,Latitude,Longitude,Road_Condition_Score,Surface_Condition_Score,Surface_Type_Score,Road_Risk_Index
Bengaluru City,Cubbonpark Traffic PS,1.04432e+16,2016,1,3,Road Accidents,Narrow road,City/Town,Near Bus stop,Human Error,No,Grievous Injury,Rear end,Not at  Junction,Straight and flat,City or Town Road,Bitumen(Tar),Dry,Not Applicable,Fine,Dr Ambedkar road,Bus Stop,10mtrs,0.0,0.0,0,0,0.0,0.0
Bengaluru City,Cubbonpark Traffic PS,1.04432e+16,2016,1,2,Road Accidents,Narrow road,City/Town,Open area,Human Error,No,Simple Injury,Side swipe,Not at  Junction,Others,Others,Bitumen(Tar),Dry,Not Applicable,Fine,K B Road,Near Musium,0.5 KM,0.0,0.0,0,0,0.0,0.0
Bengaluru City,Cubbonpark Traffic PS,1.04432e+16,2016,1,2,Road Accidents,Narrow road,City/Town,Open area,Human Error,No,Damage Only,Rear end,Not at  Junction,Straight and flat,City or Town Road,Bitumen(Tar),Dry,Not Applicable,Fine,Rajbhavan road,Basaveshwara Circle,20mtrs,0.0,0.0,0,0,0.0,0.0
Bengaluru City,Cubbonpark Traffic PS,1.04432e+16,2016,1,2,Road Accidents,Junction,City/Town,Open area,Human Error,No,Simple Injury,Side impact or Right angle,Signal lights Automatic,Straight and flat,City or Town Road,Bitumen(Tar),Dry,Not Applicable,Fine,Dr Ambedkar road,Police Thimmaiah Circle,10mtrs,0.0,0.0,0,0,0.0,0.0
Bengaluru City,Cubbonpark Traffic PS,1.04432e+16,2016,1,2,Road Accidents,Narrow road,City/Town,Open area,Human Error,No,Simple Injury,Head on,Not at  Junction,Straight and flat,City or Town Road,Bitumen(Tar),Dry,Not Applicable,Fine,Vittal Malya road,Coffee day Jn,20mtrs,0.0,0.0,0,0,0.0,0.0
Bengaluru City,Cubbonpark Traffic PS,1.04432e+16,2017,1,2,Road Accidents,Junction,City/Town,Near office complex,Human Error,No,Damage Only,Head on,Police / Manual,Straight and flat,City or Town Road,Bitumen(Tar),Dry,Not Applicable,Fine,Devraj Urs road,AGS Office,50mtrs,0.0,0.0,0,0,0.0,0.0
Bengaluru City,Cubbonpark Traffic PS,1.04432e+16,2017,1,2,Road Accidents,Junction,City/Town,Near office complex,Human Error,Yes,Grievous Injury,Hit and Run,Signal lights Automatic,Curve,City or Town Road,Bitumen(Tar),Dry,Not Applicable,Fine,Queens road,Near Metro Station,10mtrs,0.0,0.0,0,0,0.0,0.0
Bengaluru City,Cubbonpark Traffic PS,1.04432e+16,2017,1,2,Road Accidents,Narrow road,City/Town,Near a religious place,Human Error,Yes,Grievous Injury,Hit and Run,Not at  Junction,Straight and flat,City or Town Road,Bitumen(Tar),Dry,Not Applicable,Fine,M L Subbaraju Road,St Cathadrial Church,20mtrs,0.0,0.0,0,0,0.0,0.0
Bengaluru City,Cubbonpark Traffic PS,1.04432e+16,2017,1,1,Road Accidents,Narrow road,City/Town,Near office complex,Human Error,Yes,Grievous Injury,Hit pedestrian,Not at  Junction,Straight and flat,City or Town Road,Bitumen(Tar),Dry,Not Applicable,Fine,Dr Ambedkar road,Lokayukta Office,30mtrs,0.0,0.0,0,0,0.0,0.0
Bengaluru City,Cubbonpark Traffic PS,1.04432e+16,2017,1,2,Road Accidents,Narrow road,City/Town,Near School or College,Human Error,Yes,Damage Only,Hit and Run,Not at  Junction,Straight and flat,City or Town Road,Bitumen(Tar),Dry,Not Applicable,Fine,Kamarajroad,Rajendra Singhji Institute,30mtrs,0.0,0.0,0,0,0.0,0.0
Bengaluru City,Cubbonpark Traffic PS,1.04432e+16,2017,1,1,Road Accidents,Narrow road,City/Town,Near School or College,Human Error,No,Simple Injury,Hit pedestrian,Not at  Junction,Straight and flat,City or Town Road,Bitumen(Tar),Dry,Not Applicable,Fine,Palace road,Jain College,30mtrs,0.0,0.0,0,0,0.0,0.0
Bengaluru City,Cubbonpark Traffic PS,1.04432e+16,2017,1,2,Road Accidents,Junction,City/Town,Open area,Human Error,No,Grievous Injury,Side impact or Right angle,Signal lights Automatic,Straight and flat,City or Town Road,Bitumen(Tar),Dry,Not Applicable,Fine,M G Road,L I C Office,50mtrs,0.0,0.0,0,0,0.0,0.0
Bengaluru City,Cubbonpark Traffic PS,1.04432e+16,2017,1,2,Road Accidents,Junction,City/Town,Near office complex,Human Error,No,Grievous Injury,Side impact or Right angle,Signal lights Blinking,Straight and flat,City or Town Road,Bitumen(Tar),Dry,Not Applicable,Fine,Infentry road,Coffey Board,50mtrs,0.0,0.0,0,0,0.0,0.0
Bengaluru City,Cubbonpark Traffic PS,1.04432e+16,2017,1,1,Road Accidents,Narrow road,City/Town,Open area,Human Error,No,Grievous Injury,Hit fixed object,Not at  Junction,Straight and flat,City or Town Road,Bitumen(Tar),Dry,Not Applicable,Fine,Lavelle Road,Rotary Circle,10mtrs,0.0,0.0,0,0,0.0,0.0
Bengaluru City,Cubbonpark Traffic PS,1.04432e+16,2017,1,2,Road Accidents,Narrow road,City/Town,Open area,Human Error,No,Damage Only,Rear end,Not at  Junction,Straight and flat,City or Town Road,Bitumen(Tar),Dry,Not Applicable,Fine,Queens road,Chinnaswamy Stadium,50mtrs,0.0,0.0,0,0,0.0,0.0
Bengaluru City,Cubbonpark Traffic PS,1.04432e+16,2017,1,1,Road Accidents,Narrow road,City/Town,Near office complex,Human Error,Yes,Grievous Injury,Hit pedestrian,Not at  Junction,Straight and flat,City or Town Road,Bitumen(Tar),Dry,Not Applicable,Fine,Queens road,T M C,20mtr,0.0,0.0,0,0,0.0,0.0
Bengaluru City,Cubbonpark Traffic PS,1.04432e+16,2017,1,2,Road Accidents,Junction,City/Town,Open area,Human Error,No,Damage Only,Rear end,Police / Manual,Straight and flat,City or Town Road,Concrete,Dry,Not Applicable,Fine,Dr Ambedkar road,Dr Ambedkar Jn,20mtrs,0.0,0.0,0,0,0.0,0.0
Bengaluru City,Cubbonpark Traffic PS,1.04432e+16,2017,1,2,Road Accidents,Junction,City/Town,Open area,Human Error,No,Grievous Injury,Head on,Signal lights Automatic,Straight and flat,City or Town Road,Bitumen(Tar),Dry,Not Applicable,Fine,M G road,Anil Kumble Circle,10Mtrs,0.0,0.0,0,0,0.0,0.0
Bengaluru City,Cubbonpark Traffic PS,1.04432e+16,2017,1,4,Road Accidents,Circle,City/Town,Open area,Human Error,No,Simple Injury,Side swipe,Signal lights Automatic,Straight and flat,City or Town Road,Bitumen(Tar),Dry,Not Applicable,Fine,Queens road,Indian Express,50mtrs,0.0,0.0,0,0,0.0,0.0
Bengaluru City,Cubbonpark Traffic PS,1.04432e+16,2017,1,2,Road Accidents,Narrow road,City/Town,Open area,Human Error,No,Grievous Injury,Rear end,Not at  Junction,Straight and flat,City or Town Road,Bitumen(Tar),Dry,Not Applicable,Fine,Rajbhavan Road,KGID Canteen,50mtrs,0.0,0.0,0,0,0.0,0.0
Bengaluru City,Cubbonpark Traffic PS,1.04432e+16,2017,1,2,Road Accidents,Narrow road,City/Town,Near a religious place,Human Error,No,Damage Only,Side swipe,Not at  Junction,Curve,City or Town Road,Bitumen(Tar),Dry,Not Applicable,Fine,Museum road,Ganesha Temple,20mtrs,0.0,0.0,0,0,0.0,0.0
Bengaluru City,Cubbonpark Traffic PS,1.04432e+16,2017,1,2,Road Accidents,Junction,City/Town,Near School or College,Human Error,No,Grievous Injury,Side swipe,Police / Manual,Curve,City or Town Road,Bitumen(Tar),Dry,Not Applicable,Fine,St Marks road,Near Bishop Cotton Girls School,20mtrs,0.0,0.0,0,0,0.0,0.0
Bengaluru City,Cubbonpark Traffic PS,1.04432e+16,2017,1,2,Road Accidents,Junction,City/Town,Near office complex,Human Error,No,Grievous Injury,Side impact or Right angle,Signal lights Automatic,Not Applicable,Others,Bitumen(Tar),Dry,Not Applicable,Fine,Queens road,C T O Circle,0.5 KM,0.0,0.0,0,0,0.0,0.0
Bengaluru City,Cubbonpark Traffic PS,1.04432e+16,2017,1,2,Road Accidents,Junction,City/Town,Near office complex,Human Error,Yes,Grievous Injury,Hit and Run,Signal lights Automatic,Straight and flat,City or Town Road,Bitumen(Tar),Dry,Not Applicable,Fine,Queens road,Near Traffic Head Qtrs,50mtrs,0.0,0.0,0,0,0.0,0.0
Bengaluru City,Cubbonpark Traffic PS,1.04432e+16,2017,1,2,Road Accidents,Junction,City/Town,Open area,Human Error,Yes,Grievous Injury,Hit and Run,Signal lights Automatic,Straight and flat,City or Town Road,Bitumen(Tar),Dry,Not Applicable,Fine,K B Road,Siddalingaiah Circle,10mtrs,0.0,0.0,0,0,0.0,0.0
Bengaluru City,Cubbonpark Traffic PS,1.04432e+16,2017,1,2,Road Accidents,Narrow road,City/Town,Near office complex,Human Error,Yes,Simple Injury,Hit and Run,Not at  Junction,Straight and flat,City or Town Road,Bitumen(Tar),Dry,Not Applicable,Fine,Rajbhavan Road,Metro station,20mtrs,0.0,0.0,0,0,0.0,0.0
Bengaluru City,Cubbonpark Traffic PS,1.04432e+16,2017,1,3,Road Accidents,Narrow road,City/Town,Open area,Human Error,No,Simple Injury,Rear end,Not at  Junction,Straight and flat,City or Town Road,Bitumen(Tar),Dry,Not Applicable,Fine,K B Road,J W Marriot Hotel,30mtrs,0.0,0.0,0,0,0.0,0.0
Bengaluru City,Cubbonpark Traffic PS,1.04432e+16,2017,1,2,Road Accidents,Curves,City/Town,Near office complex,Human Error,Yes,Grievous Injury,Hit and Run,Not at  Junction,Slight Curve,City or Town Road,Bitumen(Tar),Dry,Not Applicable,Fine,Rajbhavan road,Rajbhavan,20mtrs,0.0,0.0,0,0,0.0,0.0
Bengaluru City,Cubbonpark Traffic PS,1.04432e+16,2017,1,2,Road Accidents,Circle,City/Town,Open area,Human Error,No,Damage Only,Head on,Signal lights Blinking,Not Applicable,Others,Bitumen(Tar),Dry,Not Applicable,Fine,Queen s road,Queens Circle,0.5 KM,0.0,0.0,0,0,0.0,0.0
Bengaluru City,Cubbonpark Traffic PS,1.04432e+16,2017,1,2,Road Accidents,Narrow road,City/Town,Open area,Human Error,No,Damage Only,Right Turn Collision,Not at  Junction,Straight and flat,City or Town Road,Concrete,Dry,Not Applicable,Fine,Vittal Malya road,U B City,50mtrs,0.0,0.0,0,0,0.0,0.0
Bengaluru City,Cubbonpark Traffic PS,1.04432e+16,2017,1,2,Road Accidents,Junction,City/Town,Near office complex,Human Error,Yes,Simple Injury,Hit and Run,Signal lights Automatic,Straight and flat,City or Town Road,Bitumen(Tar),Dry,Not Applicable,Fine,Rajbhavan road,HAL Corporate,50mtrs,0.0,0.0,0,0,0.0,0.0
Bengaluru City,Cubbonpark Traffic PS,1.04432e+16,2017,1,2,Road Accidents,Circle,City/Town,Near office complex,Human Error,No,Damage Only,Side swipe,Police / Manual,Slight Curve,City or Town Road,Bitumen(Tar),Dry,Not Applicable,Fine,A G S Circle,Opp Vidhanasoudha West Gate,20mtrs,0.0,0.0,0,0,0.0,0.0
Bengaluru City,Cubbonpark Traffic PS,1.04432e+16,2017,1,2,Road Accidents,Narrow road,City/Town,Open area,Human Error,Yes,Damage Only,Hit and Run,Not at  Junction,Straight and flat,City or Town Road,Bitumen(Tar),Dry,Not Applicable,Fine,Vittal Malya road,J W Marriot Hotel,20mtrs,0.0,0.0,0,0,0.0,0.0
Bengaluru City,Cubbonpark Traffic PS,1.04432e+16,2017,1,2,Road Accidents,Narrow road,City/Town,Open area,Human Error,Yes,Damage Only,Hit and Run,Not at  Junction,Straight and flat,City or Town Road,Bitumen(Tar),Dry,Not Applicable,Fine,M G Road,Deepam Silks,20mtrs,0.0,0.0,0,0,0.0,0.0
Bengaluru City,Cubbonpark Traffic PS,1.04432e+16,2017,1,2,Road Accidents,Junction,City/Town,Open area,Human Error,Yes,Simple Injury,Hit and Run,Signal lights Automatic,Straight and flat,City or Town Road,Bitumen(Tar),Dry,Not Applicable,Fine,Queens road,Balekundri Circle,10mtrs,0.0,0.0,0,0,0.0,0.0
Bengaluru City,Cubbonpark Traffic PS,1.04432e+16,2017,1,2,Road Accidents,Narrow road,City/Town,Open area,Human Error,Yes,Simple Injury,Hit and Run,Not at  Junction,Straight and flat,City or Town Road,Bitumen(Tar),Dry,Not Applicable,Fine,M G Road,Near Navarathnam Jewellres,50mtrs,0.0,0.0,0,0,0.0,0.0
Bengaluru City,Cubbonpark Traffic PS,1.04432e+16,2017,1,3,Road Accidents,Narrow road,City/Town,Open area,Human Error,No,Grievous Injury,Side impact or Right angle,Not at  Junction,Straight and flat,City or Town Road,Bitumen(Tar),Dry,Not Applicable,Fine,Dr Ambedkar road,Gopalagowda Circle,50mtrs,0.0,0.0,0,0,0.0,0.0
Bengaluru City,Cubbonpark Traffic PS,1.04432e+16,2017,1,3,Road Accidents,Narrow road,Not Applicable,Near office complex,Human Error,No,Grievous Injury,Rear end,Not at  Junction,Not Applicable,Others,Bitumen(Tar),Dry,Not Applicable,Fine,Ali Askar road,Ali Askar road,1.5 KM,0.0,0.0,0,0,0.0,0.0
Bengaluru City,Cubbonpark Traffic PS,1.04432e+16,2017,1,2,Road Accidents,Narrow road,City/Town,Open area,Human Error,Yes,Grievous Injury,Hit and Run,Not at  Junction,Straight and flat,City or Town Road,Bitumen(Tar),Dry,Not Applicable,Fine,T Chowdaiah Road,Indiragandi Fountain,50mtrs,0.0,0.0,0,0,0.0,0.0
Bengaluru City,Cubbonpark Traffic PS,1.04432e+16,2017,1,2,Road Accidents,Junction,City/Town,Open area,Human Error,Yes,Damage Only,Hit and Run,Signal lights Automatic,Straight and flat,City or Town Road,Bitumen(Tar),Dry,Not Applicable,Fine,K B Road,Queens Circle,10mtrs,0.0,0.0,0,0,0.0,0.0
Bengaluru City,Cubbonpark Traffic PS,1.04432e+16,2017,1,2,Road Accidents,Narrow road,City/Town,Near School or College,Human Error,Yes,Simple Injury,Hit and Run,Not at  Junction,Straight and flat,City or Town Road,Bitumen(Tar),Dry,Not Applicable,Fine,Kamaraj road,Rajendra Singhji Army officers Institute,10mtrs,0.0,0.0,0,0,0.0,0.0
Bengaluru City,Cubbonpark Traffic PS,1.04432e+16,2017,1,2,Road Accidents,Narrow road,City/Town,Residential area,Human Error,Yes,Grievous Injury,Hit and Run,Not at  Junction,Straight and flat,City or Town Road,Bitumen(Tar),Dry,Not Applicable,Fine,Walton road,Coffey day,10mtrs,0.0,0.0,0,0,0.0,0.0
Bengaluru City,Cubbonpark Traffic PS,1.04432e+16,2017,1,2,Road Accidents,Junction,City/Town,Near office complex,Human Error,No,Grievous Injury,Right Turn Collision,Signal lights Automatic,Straight and flat,City or Town Road,Bitumen(Tar),Dry,Not Applicable,Fine,Palace road,AGS Office,50mtrs,0.0,0.0,0,0,0.0,0.0
Bengaluru City,Cubbonpark Traffic PS,1.04432e+16,2017,1,2,Road Accidents,Junction,City/Town,Open area,Not Applicable,No,Grievous Injury,Head on,Signal lights Automatic,Not Applicable,Others,Bitumen(Tar),Dry,Not Applicable,Fine,Rajbhavan road,Police Thimmaiah Circle,0.5 KM,0.0,0.0,0,0,0.0,0.0
Bengaluru City,Cubbonpark Traffic PS,1.04432e+16,2017,1,2,Road Accidents,Narrow road,City/Town,Open area,Human Error,No,Grievous Injury,Rear end,Not at  Junction,Not Applicable,Others,Bitumen(Tar),Dry,Not Applicable,Fine,In Side Cubbon Park,Inside Cubbon Park road,1 K M,0.0,0.0,0,0,0.0,0.0
Bengaluru City,Cubbonpark Traffic PS,1.04432e+16,2017,1,2,Road Accidents,Narrow road,City/Town,Near office complex,Human Error,No,Simple Injury,Side impact or Right angle,Not at  Junction,Straight and flat,City or Town Road,Bitumen(Tar),Dry,Not Applicable,Fine,Dr Ambedkar Road,Indian Express,50mtrs,0.0,0.0,0,0,0.0,0.0
Bengaluru City,Cubbonpark Traffic PS,1.04432e+16,2017,1,2,Road Accidents,Junction,City/Town,Open area,Human Error,No,Simple Injury,Head on,Police / Manual,Curve,City or Town Road,Bitumen(Tar),Dry,Not Applicable,Fine,Lavelle road,Coffey Day,20mtrs,0.0,0.0,0,0,0.0,0.0
Bengaluru City,Cubbonpark Traffic PS,1.04432e+16,2017,1,1,Road Accidents,Junction,City/Town,Near office complex,Human Error,No,Simple Injury,Hit pedestrian,Signal lights Automatic,Straight and flat,City or Town Road,Bitumen(Tar),Dry,Not Applicable,Fine,Dr Ambedkar road,Coffey board,50mtrs,0.0,0.0,0,0,0.0,0.0
Bengaluru City,Cubbonpark Traffic PS,1.04432e+16,2017,1,2,Road Accidents,Junction,City/Town,Near office complex,Human Error,Yes,Damage Only,Hit and Run,Signal lights Automatic,Straight and flat,City or Town Road,Bitumen(Tar),Dry,Not Applicable,Fine,Infantry road,Indian Express,50mtrs,0.0,0.0,0,0,0.0,0.0
Bengaluru City,Cubbonpark Traffic PS,1.04432e+16,2017,1,2,Road Accidents,Circle,City/Town,Open area,Human Error,No,Grievous Injury,Rear end,Signal lights Automatic,Not Applicable,Others,Bitumen(Tar),Dry,Not Applicable,Fine,Queen s road,Balekundri Circle,1.5 KM,0.0,0.0,0,0,0.0,0.0
Bengaluru City,Cubbonpark Traffic PS,1.04432e+16,2017,1,1,Road Accidents,Narrow road,City/Town,Near office complex,Human Error,No,Simple Injury,Hit pedestrian,Not at  Junction,Not Applicable,Others,Bitumen(Tar),Dry,Not Applicable,Fine,Rajbhavan road,Near K G I D Canteen,0.5 KM,0.0,0.0,0,0,0.0,0.0
Bengaluru City,Cubbonpark Traffic PS,1.04432e+16,2017,1,2,Road Accidents,Curves,City/Town,Near School or College,Human Error,No,Simple Injury,Head on,Not at  Junction,Sharp Curve,Others,Bitumen(Tar),Dry,Not Applicable,Fine,Musium road,Near St Joseph School,1 KM,0.0,0.0,0,0,0.0,0.0
Bengaluru City,Cubbonpark Traffic PS,1.04432e+16,2017,1,2,Road Accidents,Narrow road,City/Town,Open area,Human Error,No,Simple Injury,Hit parked vehicle,Not at  Junction,Straight and flat,City or Town Road,Bitumen(Tar),Dry,Not Applicable,Fine,Inside Cubbon Park road,Queens Circle,50mtrs,0.0,0.0,0,0,0.0,0.0
Bengaluru City,Cubbonpark Traffic PS,1.04432e+16,2017,1,2,Road Accidents,Junction,City/Town,Open area,Human Error,No,Damage Only,Side impact or Right angle,Signal lights Automatic,Straight and flat,City or Town Road,Bitumen(Tar),Dry,Not Applicable,Fine,M G Road,L I C Office,50mtrs,0.0,0.0,0,0,0.0,0.0
Bengaluru City,Cubbonpark Traffic PS,1.04432e+16,2017,1,1,Road Accidents,Narrow road,City/Town,Near School or College,Human Error,No,Grievous Injury,Hit pedestrian,Not at  Junction,Straight and flat,City or Town Road,Bitumen(Tar),Dry,Not Applicable,Fine,Palace road,Maharani College,50mtrs,0.0,0.0,0,0,0.0,0.0
Bengaluru City,Cubbonpark Traffic PS,1.04432e+16,2017,1,2,Road Accidents,Junction,City/Town,Open area,Human Error,Yes,Grievous Injury,Hit and Run,Signal lights Automatic,Straight and flat,City or Town Road,Bitumen(Tar),Dry,Not Applicable,Fine,M G Road,Public Toilet,50mtrs,0.0,0.0,0,0,0.0,0.0
Bengaluru City,Cubbonpark Traffic PS,1.04432e+16,2017,1,1,Road Accidents,Narrow road,City/Town,Near office complex,Human Error,No,Simple Injury,Others,Not at  Junction,Straight and flat,City or Town Road,Bitumen(Tar),Dry,Not Applicable,Fine,Dr Ambedkar road,G P O,50mtrs,0.0,0.0,0,0,0.0,0.0
Bengaluru City,Cubbonpark Traffic PS,1.04432e+16,2017,1,2,Road Accidents,Junction,City/Town,Near office complex,Human Error,Yes,Simple Injury,Hit and Run,Signal lights Automatic,Straight and flat,City or Town Road,Bitumen(Tar),Dry,Not Applicable,Fine,M G Road,M G Road Metro Station,20mtrs,0.0,0.0,0,0,0.0,0.0
Bengaluru City,Cubbonpark Traffic PS,1.04432e+16,2017,1,1,Road Accidents,Narrow road,City/Town,Open area,Human Error,Yes,Grievous Injury,Hit and Run,Not at  Junction,Straight and flat,City or Town Road,Bitumen(Tar),Dry,Not Applicable,Fine,M G Road,M G Road Metro Station,50mtrs,0.0,0.0,0,0,0.0,0.0
Bengaluru City,Cubbonpark Traffic PS,1.04432e+16,2017,1,2,Road Accidents,Narrow road,City/Town,Near office complex,Human Error,No,Damage Only,Rear end,Not at  Junction,Not Applicable,Others,Concrete,Dry,Not Applicable,Fine,Vittal Malya road,Near Siddalingaiah Circle,1 KM,0.0,0.0,0,0,0.0,0.0
Bengaluru City,Cubbonpark Traffic PS,1.04432e+16,2017,1,2,Road Accidents,Narrow road,City/Town,Near office complex,Human Error,Yes,Damage Only,Hit and Run,Not at  Junction,Straight and flat,City or Town Road,Bitumen(Tar),Dry,Not Applicable,Fine,High court Back side road,High court,20mtrs,0.0,0.0,0,0,0.0,0.0
Bengaluru City,Cubbonpark Traffic PS,1.04432e+16,2017,1,1,Road Accidents,Narrow road,City/Town,Open area,Human Error,No,Fatal,Hit pedestrian,Not at  Junction,Straight and flat,City or Town Road,Bitumen(Tar),Dry,Not Applicable,Fine,Queens road,Chinnaswamy Stadium Gate No 18,20mtrs,0.0,0.0,0,0,0.0,0.0
Bengaluru City,Cubbonpark Traffic PS,1.04432e+16,2017,1,5,Road Accidents,Junction,City/Town,Open area,Human Error,No,Simple Injury,Hit parked vehicle,Signal lights Automatic,Curve,City or Town Road,Bitumen(Tar),Dry,Not Applicable,Fine,Vittal Malya road,Siddalingaiah Circle,10mtrs,0.0,0.0,0,0,0.0,0.0
Bengaluru City,Cubbonpark Traffic PS,1.04432e+16,2017,1,2,Road Accidents,Curves,City/Town,Open area,Human Error,Yes,Damage Only,Hit and Run,Not at  Junction,Curve,City or Town Road,Bitumen(Tar),Dry,Not Applicable,Fine,Queens road,Cubbon Park Metro Station,10mtrs,0.0,0.0,0,0,0.0,0.0
Bengaluru City,Cubbonpark Traffic PS,1.04432e+16,2017,1,3,Road Accidents,Junction,City/Town,Near office complex,Human Error,No,Damage Only,Rear end,Police / Manual,Curve,City or Town Road,Bitumen(Tar),Dry,Not Applicable,Fine,D Devaraj Urs Road,AGS Office,50mtrs,0.0,0.0,0,0,0.0,0.0
Bengaluru City,Cubbonpark Traffic PS,1.04432e+16,2017,1,1,Road Accidents,Narrow road,City/Town,Near office complex,Human Error,No,Grievous Injury,Hit pedestrian,Not at  Junction,Straight and flat,City or Town Road,Bitumen(Tar),Dry,Not Applicable,Fine,D Devraj Urs road,BSNL Office,50mtrs,0.0,0.0,0,0,0.0,0.0
Bengaluru City,Cubbonpark Traffic PS,1.04432e+16,2017,1,2,Road Accidents,Narrow road,City/Town,Near School or College,Human Error,Yes,Grievous Injury,Hit and Run,Not at  Junction,Straight and flat,City or Town Road,Bitumen(Tar),Dry,Not Applicable,Fine,Palace Road,Maharani College,50mtrs,0.0,0.0,0,0,0.0,0.0
Bengaluru City,Cubbonpark Traffic PS,1.04432e+16,2017,1,1,Road Accidents,Curves,City/Town,Near School or College,Human Error,No,Fatal,Skidding or Self accident,Not at  Junction,Slight Curve,City or Town Road,Bitumen(Tar),Dry,Not Applicable,Fine,Museum Road,St Joseph College,50 Mtr,0.0,0.0,0,0,0.0,0.0
Bengaluru City,Cubbonpark Traffic PS,1.04432e+16,2017,1,2,Road Accidents,Narrow road,City/Town,Near office complex,Human Error,Yes,Damage Only,Hit and Run,Not at  Junction,Straight and flat,City or Town Road,Bitumen(Tar),Dry,Not Applicable,Fine,Rajbhavan Road,GPO,50mtrs,0.0,0.0,0,0,0.0,0.0
Bengaluru City,Cubbonpark Traffic PS,1.04432e+16,2017,1,2,Road Accidents,Narrow road,City/Town,Open area,Human Error,Yes,Simple Injury,Hit and Run,Not at  Junction,Straight and flat,City or Town Road,Bitumen(Tar),Dry,Not Applicable,Fine,Inside Cubbon Park road,Cubbon Park,20mtrs,0.0,0.0,0,0,0.0,0.0
Bengaluru City,Cubbonpark Traffic PS,1.04432e+16,2017,1,2,Road Accidents,Narrow road,City/Town,Near a religious place,Human Error,No,Damage Only,Rear end,Not at  Junction,Straight and flat,City or Town Road,Bitumen(Tar),Dry,Not Applicable,Fine,Kastur Ba road,Ganesha Temple,50mtrs,0.0,0.0,0,0,0.0,0.0
Bengaluru City,Cubbonpark Traffic PS,1.04432e+16,2017,1,2,Road Accidents,Junction,City/Town,Near office complex,Human Error,Yes,Grievous Injury,Hit and Run,Signals (Working),Straight and flat,City or Town Road,Bitumen(Tar),Dry,Not Applicable,Fine,M G Road,LIC Office,50mtrs,0.0,0.0,0,0,0.0,0.0
Bengaluru City,Cubbonpark Traffic PS,1.04432e+16,2018,1,2,Road Accidents,Junction,City/Town,Open area,Human Error,No,Grievous Injury,Right Turn Collision,Signal lights Automatic,Straight and flat,City or Town Road,Bitumen(Tar),Dry,Not Applicable,Fine,M G Road,LIC Building,50mtrs,0.0,0.0,0,0,0.0,0.0
Bengaluru City,Cubbonpark Traffic PS,1.04432e+16,2018,1,1,Road Accidents,Narrow road,City/Town,Near office complex,Human Error,No,Grievous Injury,Hit pedestrian,Not at  Junction,Straight and flat,City or Town Road,Bitumen(Tar),Dry,Not Applicable,Fine,M G Road,Near Stock Exchange Bar,15mtrs,0.0,0.0,0,0,0.0,0.0
Bengaluru City,Cubbonpark Traffic PS,1.04432e+16,2018,1,2,Road Accidents,Y Junction,City/Town,Open area,Human Error,Yes,Simple Injury,Rear end,Signals (Working),Straight and flat,City or Town Road,Bitumen(Tar),Dry,Not Applicable,Fine,inside cubbon park,NEAR  CENTRAL LIBRARY,1 km,0.0,0.0,0,0,0.0,0.0
Bengaluru City,Cubbonpark Traffic PS,1.04432e+16,2018,1,2,Road Accidents,Junction,City/Town,Open area,Human Error,No,Damage Only,Rear end,Signal lights Automatic,Straight and flat,City or Town Road,Bitumen(Tar),Dry,Not Applicable,Fine,M G Road,M G Road Metro Station,50mtrs,0.0,0.0,0,0,0.0,0.0
Bengaluru City,Cubbonpark Traffic PS,1.04432e+16,2018,1,2,Road Accidents,Junction,City/Town,Open area,Human Error,No,Grievous Injury,Side swipe,Signal lights Automatic,Straight and flat,City or Town Road,Bitumen(Tar),Dry,Not Applicable,Fine,Queens road,Balekundri Circle,10mtrs,0.0,0.0,0,0,0.0,0.0
Bengaluru City,Cubbonpark Traffic PS,1.04432e+16,2018,1,1,Road Accidents,Y Junction,City/Town,Open area,Human Error,Yes,Grievous Injury,Hit and Run,Uncontrolled,Straight and flat,City or Town Road,Bitumen(Tar),Dry,Not Applicable,Fine,Inside Cubbonpark road,Cubbonpark,10mtrs,0.0,0.0,0,0,0.0,0.0
Bengaluru City,Cubbonpark Traffic PS,1.04432e+16,2018,1,2,Road Accidents,Other,City/Town,Open area,Human Error,Yes,Grievous Injury,Rear end,Controlled,Straight and flat,City or Town Road,Bitumen(Tar),Dry,Not Applicable,Fine,near Fish canteen,Near fish canteen,1 km,0.0,0.0,0,0,0.0,0.0
Bengaluru City,Cubbonpark Traffic PS,1.04432e+16,2018,1,2,Road Accidents,Circle,City/Town,Open area,Human Error,No,Grievous Injury,Rear end,Signals (Working),Straight and flat,City or Town Road,Bitumen(Tar),Dry,Not Applicable,Fine,BALEKUNDRI CERCLE,near Indian Express bulding,1 km,0.0,0.0,0,0,0.0,0.0