DISTRICTNAME,UNITNAME,Crime_No,Year,RI,Noofvehicle_involved,Accident_Classification,Accident_Spot,Accident_Location,Accident_SubLocation,Main_Cause,Hit_Run,Severity,Collision_Type,Junction_Control,Road_Character,Road_Type,Surface_Type,Surface_Condition,Road_Condition,Weather,Accident_Road,Landmark_first,Distance_LandMark_First,Latitude,Longitude,Road_Condition_Score,Surface_Condition_Score,Surface_Type_Score,Road_Risk_Index
Bengaluru City,Cubbonpark Traffic PS,1.04432e+16,2019,1,2,Road Accidents,Circle,City/Town,Open area,Human Error,No,Grievous Injury,Vehicle to Vehicle,Controlled,Others,Others,Bitumen(Tar),Dry,Not Applicable,Fine,Anilkumble circle,anil kumble circle,2 km,0.0,0.0,0,0,0.0,0.0
Bengaluru City,Cubbonpark Traffic PS,1.04432e+16,2020,1,2,Road Accidents,Narrow road,City/Town,Open area,Human Error,Yes,Simple Injury,Vehicle to Vehicle,Controlled,Others,Others,Bitumen(Tar),Others,Not Applicable,Others,INSIDE CUBBONPARK,cto circle,2 km,0.0,0.0,0,1,0.0,1.0
Bengaluru City,Cubbonpark Traffic PS,1.04432e+16,2020,1,2,Road Accidents,Narrow road,City/Town,Open area,Human Error,Yes,Grievous Injury,Vehicle to Vehicle,Controlled,Straight and flat,Others,Bitumen(Tar),Dry,Not Applicable,Fine,CUBBON PARK INSIDE  NEAR FISH CANTEEN,CUBBON PARK INSIDE,1km,0.0,0.0,0,0,0.0,0.0
Bengaluru City,Cubbonpark Traffic PS,1.04432e+16,2020,1,2,Road Accidents,Narrow road,City/Town,Near Petrol Pump,Human Error,Yes,Grievous Injury,Vehicle to Vehicle,Controlled,Straight and flat,Others,Bitumen(Tar),Dry,Not Applicable,Fine,"NEAR PETROL BUNK ,K B ROAD BENGALURE CITY",K B ROAD,2 km,0.0,0.0,0,0,0.0,0.0
Bengaluru City,Cubbonpark Traffic PS,1.04432e+16,2020,1,1,Not Applicable,Narrow road,City/Town,Open area,Human Error,Not Applicable,Damage Only,Not Applicable,Not at  Junction,Straight and flat,Others,Bitumen(Tar),Dry,Not Applicable,Fine,INSIDE CUBBONPARK,INSIDE CUBBONPARK,1 KM,12.973136,77.592604,0,0,0.0,0.0
Bengaluru City,Cubbonpark Traffic PS,1.04432e+16,2020,1,2,Road Accidents,Not Applicable,City/Town,Open area,Human Error,No,Grievous Injury,Vehicle to Vehicle,Controlled,Others,Others,Bitumen(Tar),Dry,Not Applicable,Others,KB ROAD,KB ROAD,2 km,0.0,0.0,0,0,0.0,0.0
Bengaluru City,Cubbonpark Traffic PS,1.04432e+16,2020,1,2,Road Accidents,Junction,City/Town,Open area,Human Error,No,Fatal,Vehicle to Vehicle,Uncontrolled,Others,Others,Bitumen(Tar),Dry,Not Applicable,Others,patta junction,PATTA JUNCTION,300MTR,0.0,0.0,0,0,0.0,0.0
Bengaluru City,Cubbonpark Traffic PS,1.04432e+16,2020,1,1,Road Accidents,Not Applicable,City/Town,Open area,Human Error,Not Applicable,Grievous Injury,Vehicle to Vehicle,Controlled,Straight and flat,Others,Bitumen(Tar),Dry,Not Applicable,Others,DEVARAJU ARAS ROAD,DEVARAJU ARAS ROAD,2 km,0.0,0.0,0,0,0.0,0.0
Bengaluru City,Cubbonpark Traffic PS,1.04432e+16,2020,1,1,Road Accidents,Circle,City/Town,Open area,Human Error,No,Simple Injury,Hit pedestrian,Controlled,Others,Others,Bitumen(Tar),Dry,Not Applicable,Fine,INSIDE CUBBONPARK,INSIDE CUBBONPARK,2 km,0.0,0.0,0,0,0.0,0.0
Bengaluru City,Cubbonpark Traffic PS,1.04432e+16,2020,1,2,Road Accidents,Narrow road,City/Town,Open area,Human Error,No,Simple Injury,Vehicle to Vehicle,Controlled,Others,Others,Bitumen(Tar),Dry,Not Applicable,Others,museam road,museam road,2 km,0.0,0.0,0,0,0.0,0.0
Bengaluru City,Cubbonpark Traffic PS,1.04432e+16,2020,1,2,Road Accidents,Narrow road,City/Town,Open area,Human Error,No,Damage Only,Vehicle to Vehicle,Controlled,Others,Others,Bitumen(Tar),Dry,Not Applicable,Others,residency road,residency road,2 km,0.0,0.0,0,0,0.0,0.0
Bengaluru City,Cubbonpark Traffic PS,1.04432e+16,2020,1,2,Road Accidents,Circle,City/Town,Open area,Human Error,Not Applicable,Fatal,Vehicle to Vehicle,Controlled,Straight and flat,Others,Bitumen(Tar),Dry,Not Applicable,Others,Anilkumble circle,anil kumble circle,2 km,0.0,0.0,0,0,0.0,0.0
Bengaluru City,Cubbonpark Traffic PS,1.04432e+16,2020,1,2,Road Accidents,Narrow road,City/Town,Open area,Human Error,Yes,Grievous Injury,Vehicle to Vehicle,Controlled,Others,Others,Bitumen(Tar),Dry,Not Applicable,Others,museam road,museam road,2 km,0.0,0.0,0,0,0.0,0.0
Bengaluru City,Cubbonpark Traffic PS,1.04432e+16,2020,1,2,Road Accidents,Circle,City/Town,Open area,Human Error,No,Damage Only,Vehicle to Vehicle,Controlled,Others,Others,Bitumen(Tar),Dry,Not Applicable,Others,Anil kumble Circle,Anil kumble Circle,2 km,0.0,0.0,0,0,0.0,0.0
Bengaluru City,Cubbonpark Traffic PS,1.04432e+16,2020,1,1,Road Accidents,Circle,City/Town,Open area,Human Error,No,Damage Only,Not Applicable,Controlled,Straight and flat,Others,Bitumen(Tar),Dry,Not Applicable,Others,CTO CIRCLE,cto circle,1 km,0.0,0.0,0,0,0.0,0.0
Bengaluru City,Cubbonpark Traffic PS,1.04432e+16,2020,1,2,Road Accidents,Not Applicable,City/Town,Open area,Human Error,No,Grievous Injury,Vehicle to Vehicle,Controlled,Others,Others,Bitumen(Tar),Dry,Not Applicable,Fine,high court parking place,high court parking place,1 km,0.0,0.0,0,0,0.0,0.0
Bengaluru City,Cubbonpark Traffic PS,1.04432e+16,2020,1,2,Road Accidents,Narrow road,City/Town,Open area,Human Error,Not Applicable,Grievous Injury,Vehicle to Vehicle,Not at  Junction,Straight and flat,Others,Bitumen(Tar),Dry,Not Applicable,Fine,INSIDE CUBBONPARK,INSIDE CUBBONPARK,1 KM,0.0,0.0,0,0,0.0,0.0
Bengaluru City,Cubbonpark Traffic PS,1.04432e+16,2020,1,2,Road Accidents,Not Applicable,City/Town,Open area,Human Error,No,Grievous Injury,Vehicle to Vehicle,Uncontrolled,Others,Others,Bitumen(Tar),Dry,Not Applicable,Fine,AMBEDKAR ROAD,AMBEDKAR ROAD,500MTR,0.0,0.0,0,0,0.0,0.0
Bengaluru City,Cubbonpark Traffic PS,1.04432e+16,2020,1,2,Road Accidents,Junction,City/Town,Open area,Human Error,No,Grievous Injury,Vehicle to Vehicle,Controlled,Curve,Others,Bitumen(Tar),Dry,Not Applicable,Fine,infantry road,infantry road,1 KM,0.0,0.0,0,0,0.0,0.0
Bengaluru City,Cubbonpark Traffic PS,1.04432e+16,2020,1,2,Road Accidents,Circle,City/Town,Open area,Human Error,Not Applicable,Grievous Injury,Vehicle to Vehicle,Signal lights Automatic,Straight and flat,Two way,Bitumen(Tar),Dry,Not Applicable,Fine,queens circle,queens circle,1 KM,0.0,0.0,0,0,0.0,0.0
Bengaluru City,Cubbonpark Traffic PS,1.04432e+16,2020,1,2,Road Accidents,Circle,City/Town,Open area,Not Applicable,Yes,Grievous Injury,Vehicle to Vehicle,Controlled,Straight and flat,Not Applicable,Not Applicable,Not Applicable,Not Applicable,Fine,CTO CIRCLE,cto circle,500MTR,0.0,0.0,0,0,0.0,0.0
Bengaluru City,Cubbonpark Traffic PS,1.04432e+16,2020,1,1,Road Accidents,Narrow road,City/Town,Open area,Not Applicable,Not Applicable,Simple Injury,Not Applicable,Not at  Junction,Straight and flat,Two way,Bitumen(Tar),Dry,Not Applicable,Fine,AMBEDKAR ROAD,ambedkar road near lokayukta,1 KM,0.0,0.0,0,0,0.0,0.0
Bengaluru City,Cubbonpark Traffic PS,1.04432e+16,2020,1,2,Road Accidents,Circle,City/Town,Open area,Human Error,No,Grievous Injury,Vehicle to Vehicle,Controlled,Straight and flat,Others,Bitumen(Tar),Dry,Not Applicable,Others,near chinnaswamy ground gate no 21,near chinnaswamy ground gate no 21,500MTR,0.0,0.0,0,0,0.0,0.0
Bengaluru City,Cubbonpark Traffic PS,1.04432e+16,2020,1,2,Road Accidents,Narrow road,City/Town,Open area,Human Error,Yes,Fatal,Vehicle to Vehicle,Not at  Junction,Straight and flat,Others,Bitumen(Tar),Dry,Not Applicable,Fine,AMBEDKAR ROAD,AMBEDKAR ROAD,1 KM,0.0,0.0,0,0,0.0,0.0
Bengaluru City,Cubbonpark Traffic PS,1.04432e+16,2020,1,1,Not Applicable,Narrow road,City/Town,Open area,Human Error,Not Applicable,Grievous Injury,Hit pedestrian,Controlled,Others,Others,Bitumen(Tar),Dry,Not Applicable,Others,VIDHAN SOUDHA GATE NO 4,VIDHAN SOUDHA GATE NO 4,1 KM,0.0,0.0,0,0,0.0,0.0
Bengaluru City,Cubbonpark Traffic PS,1.04432e+16,2020,1,2,Not Applicable,Not Applicable,City/Town,Open area,Not Applicable,No,Simple Injury,Vehicle to Vehicle,Controlled,Not Applicable,One way,Bitumen(Tar),Dry,Not Applicable,Fine,Ali Askar road Cross road,ALI ASKAR ROAD CROSS ROAD,1km,0.0,0.0,0,0,0.0,0.0
Bengaluru City,Cubbonpark Traffic PS,1.04432e+16,2021,1,2,Road Accidents,Circle,City/Town,Open area,Human Error,No,Damage Only,Vehicle to Vehicle,Controlled,Others,Others,Bitumen(Tar),Dry,Not Applicable,Others,Anil kumble Circle,Anil kumble Circle,2 km,0.0,0.0,0,0,0.0,0.0
Bengaluru City,Cubbonpark Traffic PS,1.04432e+16,2021,1,2,Road Accidents,Circle,City/Town,Open area,Not Applicable,Yes,Fatal,Not Applicable,Controlled,Straight and flat,Others,Bitumen(Tar),Dry,Not Applicable,Fine,Anil kumble Circle,Anil kumble Circle,2 km,0.0,0.0,0,0,0.0,0.0
Bengaluru City,Cubbonpark Traffic PS,1.04432e+16,2021,1,2,Road Accidents,Not Applicable,City/Town,Open area,Not Applicable,Yes,Grievous Injury,Vehicle to Vehicle,Not Applicable,Others,Others,Not Applicable,Others,Not Applicable,Others,musium road,musium road,2 km,0.0,0.0,0,1,0.0,1.0
Bengaluru City,Cubbonpark Traffic PS,1.04432e+16,2021,1,2,Road Accidents,Circle,City/Town,Open area,Human Error,No,Simple Injury,Vehicle to Vehicle,Controlled,Others,Others,Bitumen(Tar),Others,Not Applicable,Others,AMBEDKAR ROAD,AMBEDKAR ROAD,500MTR,0.0,0.0,0,1,0.0,1.0
Bengaluru City,Cubbonpark Traffic PS,1.04432e+16,2021,1,1,Road Accidents,Narrow road,City/Town,Open area,Human Error,Yes,Grievous Injury,Hit pedestrian,Uncontrolled,Others,Others,Bitumen(Tar),Dry,Not Applicable,Fine,M G Road,MG ROAD,2 km,0.0,0.0,0,0,0.0,0.0
Bengaluru City,Cubbonpark Traffic PS,1.04432e+16,2021,1,2,Road Accidents,Not Applicable,City/Town,Open area,Human Error,No,Grievous Injury,Vehicle to Vehicle,Controlled,Straight and flat,Others,Bitumen(Tar),Dry,Not Applicable,Fine,SBI JUNCTION,SBI CERCLE,2 km,0.0,0.0,0,0,0.0,0.0
Bengaluru City,Cubbonpark Traffic PS,1.04432e+16,2021,1,2,Road Accidents,Not Applicable,City/Town,Open area,Human Error,No,Grievous Injury,Vehicle to Vehicle,Uncontrolled,Straight and flat,Others,Bitumen(Tar),Dry,Not Applicable,Others,KB ROAD,K B ROAD,2 km,0.0,0.0,0,0,0.0,0.0
Bengaluru City,Cubbonpark Traffic PS,1.04432e+16,2021,1,2,Road Accidents,Narrow road,City/Town,Open area,Not Applicable,No,Simple Injury,Vehicle to Vehicle,Not at  Junction,Straight and flat,Others,Bitumen(Tar),Dry,Not Applicable,Fine,kasturi ba road near ganesh temple,kasturi ba road ganesh temple,2 km,0.0,0.0,0,0,0.0,0.0
Bengaluru City,Cubbonpark Traffic PS,1.04432e+16,2021,1,1,Road Accidents,Junction,City/Town,At pedestrian Crossing,Not Applicable,Yes,Fatal,Hit pedestrian,Police / Manual,Curve,Others,Surfaced,Others,Not Applicable,Others,Rajbhavan road,cto junction,500MTR,0.0,0.0,0,1,,
Bengaluru City,Cubbonpark Traffic PS,1.04432e+16,2021,1,2,Road Accidents,Circle,City/Town,Open area,Human Error,Not Applicable,Grievous Injury,Vehicle to Vehicle,Controlled,Others,Others,Bitumen(Tar),Dry,Not Applicable,Others,coffe board cercle,COFFEE BOARD CIRCLE,500MTR,0.0,0.0,0,0,0.0,0.0
Bengaluru City,Cubbonpark Traffic PS,1.04432e+16,2021,1,2,Road Accidents,Junction,City/Town,Open area,Human Error,No,Grievous Injury,Vehicle to Vehicle,Controlled,Others,Others,Bitumen(Tar),Dry,Not Applicable,Others,coffe day junction,coffe day junction,2 km,0.0,0.0,0,0,0.0,0.0
Bengaluru City,Cubbonpark Traffic PS,1.04432e+16,2021,1,2,Road Accidents,Circle,City/Town,Open area,Not Applicable,Not Applicable,Damage Only,Vehicle to Vehicle,Police / Manual,Others,Others,Not Applicable,Others,Not Applicable,Others,AGS JUNCTION,AGS Office,2KM,0.0,0.0,0,1,0.0,1.0
Bengaluru City,Cubbonpark Traffic PS,1.04432e+16,2021,1,1,Road Accidents,Junction,City/Town,Open area,Human Error,Yes,Simple Injury,Not Applicable,Controlled,Others,Others,Bitumen(Tar),Dry,Not Applicable,Fine,queens road,queens road,1 km,0.0,0.0,0,0,0.0,0.0
Bengaluru City,Cubbonpark Traffic PS,1.04432e+16,2021,1,1,Not Applicable,Not Applicable,City/Town,Open area,Human Error,No,Fatal,Hit pedestrian,Not Applicable,Others,Others,Bitumen(Tar),Dry,Not Applicable,Fine,AMBEDKAR ROAD,AMBEDKAR ROAD,1 KM,0.0,0.0,0,0,0.0,0.0
Bengaluru City,Cubbonpark Traffic PS,1.04432e+16,2021,1,1,Road Accidents,Narrow road,City/Town,Open area,Human Error,No,Fatal,Not Applicable,Not Applicable,Others,Others,Bitumen(Tar),Dry,Not Applicable,Others,AMBEDKAR ROAD,AMBEDKAR ROAD,500MTR,0.0,0.0,0,0,0.0,0.0
Bengaluru City,Cubbonpark Traffic PS,1.04432e+16,2021,1,1,Road Accidents,Narrow road,City/Town,Open area,Not Applicable,Not Applicable,Simple Injury,Not Applicable,Uncontrolled,Others,Others,Bitumen(Tar),Dry,Pot holed,Fine,ALI ASKAR ROAD,ALI ASKAR ROAD,1 km,0.0,0.0,5,0,0.0,5.0
Bengaluru City,Cubbonpark Traffic PS,1.04432e+16,2021,1,2,Road Accidents,Circle,City/Town,Open area,Human Error,No,Simple Injury,Not Applicable,Controlled,Others,Others,Bitumen(Tar),Dry,Not Applicable,Fine,BALEKUNDRI CIRCLE,Balekundri Circle,200 MT,0.0,0.0,0,0,0.0,0.0
Bengaluru City,Cubbonpark Traffic PS,1.04432e+16,2021,1,1,Road Accidents,Not Applicable,City/Town,Open area,Human Error,Not Applicable,Grievous Injury,Hit pedestrian,Controlled,Others,Others,Bitumen(Tar),Dry,Not Applicable,Others,MG ROAD,MG ROAD,1 1/2,0.0,0.0,0,0,0.0,0.0
Bengaluru City,Cubbonpark Traffic PS,1.04432e+16,2021,1,1,Not Applicable,Junction,City/Town,Open area,Human Error,Not Applicable,Grievous Injury,Vehicle to Vehicle,Controlled,Others,Others,Bitumen(Tar),Dry,Not Applicable,Others,CTO CIRCLE,cto circle,500MTR,0.0,0.0,0,0,0.0,0.0
Bengaluru City,Cubbonpark Traffic PS,1.04432e+16,2021,1,1,Road Accidents,Narrow road,City/Town,Open area,Not Applicable,No,Grievous Injury,Hit pedestrian,Not at  Junction,Straight and flat,Others,Bitumen(Tar),Others,Not Applicable,Fine,MG ROAD NEAR METRO STATTION,mg road metro station,1.5,0.0,0.0,0,1,0.0,1.0
Bengaluru City,Cubbonpark Traffic PS,1.04432e+16,2021,1,2,Road Accidents,Circle,City/Town,Open area,Human Error,Not Applicable,Simple Injury,Vehicle to Vehicle,Controlled,Others,Others,Bitumen(Tar),Dry,Not Applicable,Others,Ambedkar road balekundri circle,Balekundri circle,100 mt,0.0,0.0,0,0,0.0,0.0
Bengaluru City,Cubbonpark Traffic PS,1.04432e+16,2021,1,2,Road Accidents,Not Applicable,City/Town,Open area,Human Error,Not Applicable,Damage Only,Vehicle to Vehicle,Not at  Junction,Others,Others,Bitumen(Tar),Dry,Not Applicable,Others,M G Road,MG ROAD,1km,0.0,0.0,0,0,0.0,0.0
Bengaluru City,Cubbonpark Traffic PS,1.04432e+16,2021,1,3,Road Accidents,Cross roads,City/Town,Open area,Human Error,Yes,Damage Only,Vehicle to Vehicle,Not Applicable,Others,Others,Bitumen(Tar),Dry,Not Applicable,Fine,CUNNINGHAM CROSS ROAD,CUNNINGHAM ROAD CROSS,1 km,0.0,0.0,0,0,0.0,0.0
Bengaluru City,Cubbonpark Traffic PS,1.04432e+16,2021,1,2,Road Accidents,Not Applicable,City/Town,Open area,Human Error,Not Applicable,Grievous Injury,Vehicle to Vehicle,Not at  Junction,Others,Others,Bitumen(Tar),Dry,Not Applicable,Fine,ms building,ms road,1 km,0.0,0.0,0,0,0.0,0.0
Bengaluru City,Cubbonpark Traffic PS,1.04432e+16,2021,1,1,Road Accidents,Not Applicable,City/Town,Open area,Human Error,Not Applicable,Not Applicable,Not Applicable,Not Applicable,Straight and flat,Others,Bitumen(Tar),Dry,Not Applicable,Fine,levelley road,levelley road,2km,0.0,0.0,0,0,0.0,0.0
Bengaluru City,Cubbonpark Traffic PS,1.04432e+16,2021,1,2,Road Accidents,Narrow road,City/Town,Open area,Human Error,No,Damage Only,Vehicle to Vehicle,Not Applicable,Others,Others,Bitumen(Tar),Dry,Not Applicable,Fine,VITHAL MALYA ROAD,VITHAL MALYA ROAD,1 1/5,0.0,0.0,0,0,0.0,0.0
Bengaluru City,Cubbonpark Traffic PS,1.04432e+16,2021,1,1,Road Accidents,Not Applicable,City/Town,Open area,Human Error,Yes,Grievous Injury,Hit pedestrian,Uncontrolled,Others,Others,Bitumen(Tar),Dry,Not Applicable,Fine,INSIDE CUBBONPARK,INSIDE CUBBONPARK,2 km,0.0,0.0,0,0,0.0,0.0
Bengaluru City,Cubbonpark Traffic PS,1.04432e+16,2021,1,3,Road Accidents,Not Applicable,City/Town,Open area,Human Error,Not Applicable,Simple Injury,Vehicle to Vehicle,Controlled,Others,Others,Bitumen(Tar),Dry,Not Applicable,Others,AMBEDKAR ROAD,AMBEDKAR ROAD,100mtr,0.0,0.0,0,0,0.0,0.0
Bengaluru City,Cubbonpark Traffic PS,1.04432e+16,2021,1,2,Road Accidents,Junction,City/Town,Open area,Human Error,No,Grievous Injury,Vehicle to Vehicle,Controlled,Others,Others,Bitumen(Tar),Dry,Not Applicable,Fine,Rajbhavan road,rajbhavan road,500MTR,0.0,0.0,0,0,0.0,0.0
Bengaluru City,Cubbonpark Traffic PS,1.04432e+16,2021,1,2,Road Accidents,Not Applicable,City/Town,Open area,Human Error,Yes,Simple Injury,Vehicle to Vehicle,Not at  Junction,Others,Others,Bitumen(Tar),Dry,Not Applicable,Others,westpark road,westpark road,1 km,0.0,0.0,0,0,0.0,0.0
Bengaluru City,Cubbonpark Traffic PS,1.04432e+16,2021,1,2,Road Accidents,Junction,City/Town,Open area,Human Error,No,Grievous Injury,Vehicle to Vehicle,Controlled,Others,Others,Bitumen(Tar),Dry,Not Applicable,Others,CID JUNCTION,cid junction,1 km,0.0,0.0,0,0,0.0,0.0
Bengaluru City,Cubbonpark Traffic PS,1.04432e+16,2021,1,1,Road Accidents,Junction,City/Town,Open area,Human Error,Not Applicable,Damage Only,Not Applicable,Uncontrolled,Others,Others,Bitumen(Tar),Dry,Not Applicable,Others,Ambedkar junction,Ambedkar junction,400 mt,0.0,0.0,0,0,0.0,0.0
Bengaluru City,Cubbonpark Traffic PS,1.04432e+16,2021,1,3,Road Accidents,Narrow road,City/Town,Open area,Human Error,Yes,Simple Injury,Vehicle to Vehicle,Uncontrolled,Others,Others,Bitumen(Tar),Dry,Not Applicable,Others,OLD MADRAS ROAD,OLD MADRAS ROAD,1 1/2,0.0,0.0,0,0,0.0,0.0
Bengaluru City,Cubbonpark Traffic PS,1.04432e+16,2021,1,1,Road Accidents,Not Applicable,City/Town,Open area,Human Error,Not Applicable,Grievous Injury,Hit pedestrian,Controlled,Others,Others,Bitumen(Tar),Dry,Not Applicable,Fine,NEAR SIDDALINGAIAH CIRCLE,NEAR SIDDALINGAIAH CIRCLE,1 KM,0.0,0.0,0,0,0.0,0.0
Bengaluru City,Cubbonpark Traffic PS,1.04432e+16,2021,1,1,Road Accidents,Not Applicable,City/Town,Open area,Human Error,No,Damage Only,Not Applicable,Controlled,Others,Others,Bitumen(Tar),Dry,Not Applicable,Fine,AMBEDKAR ROAD,AMBEDKAR ROAD,400mtr,0.0,0.0,0,0,0.0,0.0
Bengaluru City,Cubbonpark Traffic PS,1.04432e+16,2022,1,2,Road Accidents,Narrow road,City/Town,Open area,Human Error,Not Applicable,Damage Only,Vehicle to Vehicle,Not Applicable,Others,Others,Bitumen(Tar),Dry,Not Applicable,Fine,KASTURI BA ROAD,KASTURI BA ROAD,1KM,0.0,0.0,0,0,0.0,0.0
Bengaluru City,Cubbonpark Traffic PS,1.04432e+16,2022,1,2,Road Accidents,Circle,City/Town,Open area,Human Error,Not Applicable,Grievous Injury,Vehicle to Vehicle,Controlled,Others,Others,Bitumen(Tar),Dry,Not Applicable,Fine,POLICE THIMMAIAH CIRCLE,POLICE TIMMAIAH CIRCLE,200MTR,0.0,0.0,0,0,0.0,0.0
Bengaluru City,Cubbonpark Traffic PS,1.04432e+16,2022,1,1,Road Accidents,Curves,City/Town,Open area,Not Applicable,Not Applicable,Damage Only,Not Applicable,Not at  Junction,Curve,Others,Bitumen(Tar),Dry,Not Applicable,Fine,RAJABHAVANA JUNCTION,RAJABHANA JUNCTION,500 mt,0.0,0.0,0,0,0.0,0.0
Bengaluru City,Cubbonpark Traffic PS,1.04432e+16,2022,1,2,Road Accidents,Curves,City/Town,Open area,Not Applicable,No,Damage Only,Vehicle to Vehicle,Not Applicable,Curve,One way,Bitumen(Tar),Dry,Not Applicable,Fine,st marks road,st marks road,1KM,0.0,0.0,0,0,0.0,0.0
Bengaluru City,Cubbonpark Traffic PS,1.04432e+16,2022,1,1,Road Accidents,Circle,City/Town,Open area,Human Error,Not Applicable,Fatal,Not Applicable,Controlled,Others,Others,Bitumen(Tar),Dry,Not Applicable,Others,CID JUNCTION,PALACE ROAD,1km,0.0,0.0,0,0,0.0,0.0
Bengaluru City,Cubbonpark Traffic PS,1.04432e+16,2022,1,2,Not Applicable,Circle,City/Town,Open area,Vehicle Defect,Not Applicable,Damage Only,Vehicle to Vehicle,Controlled,Straight and flat,Two way,Bitumen(Tar),Dry,Not Applicable,Fine,queens,queens,500 mt,0.0,0.0,0,0,0.0,0.0
Bengaluru City,Cubbonpark Traffic PS,1.04432e+16,2022,1,2,Road Accidents,Narrow road,City/Town,Open area,Human Error,No,Damage Only,Vehicle to Vehicle,Controlled,Not Applicable,Others,Bitumen(Tar),Dry,Not Applicable,Others,NEAR POLICE THIMMAIAH CIRCLE,NEAR POLICE TIMMAIAH CIRCLE,300MTR,0.0,0.0,0,0,0.0,0.0
Bengaluru City,Cubbonpark Traffic PS,1.04432e+16,2022,1,2,Road Accidents,Narrow road,City/Town,Open area,Not Applicable,No,Simple Injury,Vehicle to Vehicle,No signal lights,Straight and flat,Two way,Bitumen(Tar),Dry,Not Applicable,Fine,MG ROAD METRO STATION,MG ROAD METRO STATION,2KM,0.0,0.0,0,0,0.0,0.0
Bengaluru City,Cubbonpark Traffic PS,1.04432e+16,2022,1,1,Not Applicable,Narrow road,City/Town,Near a religious place,Not Applicable,No,Damage Only,Not Applicable,Not at  Junction,Straight and flat,Others,Bitumen(Tar),Dry,Not Applicable,Clear,Place Road,Near Muneshwara Temple,5,0.0,0.0,0,0,0.0,0.0
Bengaluru City,Cubbonpark Traffic PS,1.04432e+16,2022,1,1,Road Accidents,Narrow road,City/Town,Open area,Human Error,Not Applicable,Grievous Injury,Not Applicable,Not at  Junction,Others,Others,Bitumen(Tar),Dry,Not Applicable,Fine,RAJBHAVAN JUNCTION,RAJBHAVAN JUNCTION,500mtr,0.0,0.0,0,0,0.0,0.0
Bengaluru City,Cubbonpark Traffic PS,1.04432e+16,2022,1,2,Road Accidents,Narrow road,City/Town,Open area,Human Error,No,Damage Only,Vehicle to Vehicle,Controlled,Others,Others,Bitumen(Tar),Dry,Not Applicable,Fine,NEAR CTO,NEAR CTO,200MTR,0.0,0.0,0,0,0.0,0.0
Bengaluru City,Cubbonpark Traffic PS,1.04432e+16,2022,1,2,Road Accidents,Junction,City/Town,Near office complex,Vehicle Defect,Yes,Simple Injury,Vehicle to Vehicle,Signal lights Automatic,Others,Two way,Bitumen(Tar),Dry,Not Applicable,Others,AMBEDKAR ROAD,AMBEDKAR ROAD,200MTR,0.0,0.0,0,0,0.0,0.0
Bengaluru City,Cubbonpark Traffic PS,1.04432e+16,2022,1,2,Road Accidents,Circle,City/Town,Open area,Human Error,No,Damage Only,Vehicle to Vehicle,Controlled,Others,Others,Bitumen(Tar),Dry,Not Applicable,Fine,ANILKUMBLE CIRCLE,ANILKUMBLE CIRCLE,1KM,0.0,0.0,0,0,0.0,0.0
Bengaluru City,Cubbonpark Traffic PS,1.04432e+16,2022,1,2,Road Accidents,Narrow road,City/Town,Open area,Human Error,No,Simple Injury,Vehicle to Vehicle,Not Applicable,Not Applicable,Two way,Bitumen(Tar),Dry,Not Applicable,Fine,central street,Anilkumble,2KM,0.0,0.0,0,0,0.0,0.0
Bengaluru City,Cubbonpark Traffic PS,1.04432e+16,2022,1,2,Road Accidents,Narrow road,City/Town,Near Bus stop,Vehicle Defect,Yes,Simple Injury,Vehicle to Vehicle,No signal lights,Others,Two way,Bitumen(Tar),Dry,Not Applicable,Not Applicable,"k,b road",tara road,3.km,0.0,0.0,0,0,0.0,0.0
Bengaluru City,Cubbonpark Traffic PS,1.04432e+16,2022,1,1,Road Accidents,Narrow road,City/Town,Near office complex,Human Error,No,Fatal,Not Applicable,Not Applicable,Not Applicable,Others,Bitumen(Tar),Dry,Not Applicable,Clear,Ambedakra,Gopalagowda Junction,100 Mt,0.0,0.0,0,0,0.0,0.0
Bengaluru City,Cubbonpark Traffic PS,1.04432e+16,2022,1,1,Road Accidents,Junction,City/Town,Open area,Human Error,No,Damage Only,Not Applicable,Not Applicable,Others,Others,Bitumen(Tar),Dry,Not Applicable,Fine,Ambedkar junction,rajbhavan junction,400mtr,0.0,0.0,0,0,0.0,0.0
Bengaluru City,Cubbonpark Traffic PS,1.04432e+16,2022,1,2,Road Accidents,Narrow road,City/Town,Near office complex,Human Error,Yes,Grievous Injury,Vehicle to Vehicle,Controlled,Straight and flat,Others,Bitumen(Tar),Dry,Not Applicable,Clear,KASTURI BA ROAD,KASTURI BA ROAD,500 MT,0.0,0.0,0,0,0.0,0.0
Bengaluru City,Cubbonpark Traffic PS,1.04432e+16,2022,1,2,Road Accidents,Narrow road,City/Town,Open area,Human Error,Yes,Damage Only,Vehicle to Vehicle,Controlled,Others,Others,Bitumen(Tar),Dry,Not Applicable,Others,mg road,mg road,2 km,0.0,0.0,0,0,0.0,0.0
Bengaluru City,Cubbonpark Traffic PS,1.04432e+16,2022,1,2,Road Accidents,Cross roads,City/Town,Open area,Not Applicable,No,Fatal,Vehicle to Vehicle,No signal lights,Others,One way,Bitumen(Tar),Dry,Not Applicable,Fine,st marks road,st marks road,1KM,0.0,0.0,0,0,0.0,0.0
Bengaluru City,Cubbonpark Traffic PS,1.04432e+16,2022,1,1,Road Accidents,Narrow road,City/Town,Open area,Human Error,No,Grievous Injury,Not Applicable,Not Applicable,Others,Others,Bitumen(Tar),Dry,Not Applicable,Fine,st marks road,sbi circle,2km,0.0,0.0,0,0,0.0,0.0
Bengaluru City,Cubbonpark Traffic PS,1.04432e+16,2022,1,2,Road Accidents,Circle,City/Town,Open area,Human Error,No,Grievous Injury,Vehicle to Vehicle,Controlled,Others,Others,Bitumen(Tar),Dry,Not Applicable,Fine,CTO CERCLE,CTO CERCLE,300MTR,0.0,0.0,0,0,0.0,0.0
Bengaluru City,Cubbonpark Traffic PS,1.04432e+16,2022,1,2,Road Accidents,Circle,City/Town,Residential area,Not Applicable,No,Grievous Injury,Vehicle to Vehicle,Not Applicable,Curve,Two way,Not Applicable,Dry,Not Applicable,Fine,CHURCH STREET,CHURCH STREET,1.2 KM,12.975572,77.602551,0,0,0.0,0.0