DISTRICTNAME,UNITNAME,Crime_No,Year,RI,Noofvehicle_involved,Accident_Classification,Accident_Spot,Accident_Location,Accident_SubLocation,Main_Cause,Hit_Run,Severity,Collision_Type,Junction_Control,Road_Character,Road_Type,Surface_Type,Surface_Condition,Road_Condition,Weather,Accident_Road,Landmark_first,Distance_LandMark_First,Latitude,Longitude,Road_Condition_Score,Surface_Condition_Score,Surface_Type_Score,Road_Risk_Index
Bengaluru City,Devanahalli Traffic PS,1.04432e+16,2016,1,2,Road Accidents,Other,Rural Areas,Near Bus stop,Human Error,No,Damage Only,Others,Signal lights Blinking,Straight and flat,NH,Bitumen(Tar),Dry,Not Applicable,Fine,B B ROAD NH 7,1,10 KM,0.0,0.0,0,0,0.0,0.0
Bengaluru City,Devanahalli Traffic PS,1.04432e+16,2016,1,1,Road Accidents,Other,City/Town,Open area,Human Error,Not Applicable,Grievous Injury,Others,Not Applicable,Others,NH,Bitumen(Tar),Dry,Not Applicable,Fine,BB ROAD NEAR SAI BABA TEMPLE,EAST 45MTS POWER POLL,4KM,0.0,0.0,0,0,0.0,0.0
Bengaluru City,Devanahalli Traffic PS,1.04432e+16,2016,1,2,Road Accidents,Narrow road,City/Town,Affected by encroachments,Human Error,Yes,Simple Injury,Hit and Run,Not Applicable,Not Applicable,Arterial,Bitumen(Tar),Dry,Not Applicable,Fine,AIRPORT ROAD,AIRPORT ROAD,12,0.0,0.0,0,0,0.0,0.0
Bengaluru City,Devanahalli Traffic PS,1.04432e+16,2016,1,2,Road Accidents,Narrow road,City/Town,Residential area,Human Error,Yes,Fatal,Hit and Run,Not at  Junction,Not Applicable,NH,Bitumen(Tar),Dry,Not Applicable,Fine,SULIBELE ROAD,NEAR BR GED ARCHED,6,0.0,0.0,0,0,0.0,0.0
Bengaluru City,Devanahalli Traffic PS,1.04432e+16,2016,1,2,Road Accidents,Not Applicable,Rural Areas,Near Bus stop,Not Applicable,Not Applicable,Fatal,Others,Not Applicable,Others,State Highway,Bitumen(Tar),Dry,Not Applicable,Fine,DEVANAHALLI-BUDIGERE ROAD NEAR AGALAKOTE BUS STOP,TAR ROAD EDZ END 8 YARD,6KM,0.0,0.0,0,0,0.0,0.0
Bengaluru City,Devanahalli Traffic PS,1.04432e+16,2016,1,2,Road Accidents,Other,City/Town,Open area,Human Error,No,Grievous Injury,Others,Not Applicable,Straight and flat,NH,Bitumen(Tar),Dry,Not Applicable,Fine,B B ROAD,1,01 KM,0.0,0.0,0,0,0.0,0.0
Bengaluru City,Devanahalli Traffic PS,1.04432e+16,2016,1,3,Road Accidents,Other,City/Town,Near School or College,Human Error,Yes,Grievous Injury,Others,Not Applicable,Straight and flat,NH,Bitumen(Tar),Dry,Not Applicable,Fine,NH 207,1,1 KM,0.0,0.0,0,0,0.0,0.0
Bengaluru City,Devanahalli Traffic PS,1.04432e+16,2016,1,2,Road Accidents,Junction,City/Town,Open area,Human Error,Not Applicable,Grievous Injury,Others,Not Applicable,Not Applicable,State Highway,Bitumen(Tar),Dry,Not Applicable,Clear,HENNUR MAIN ROAD NEAR.K NARAYANAPUR CROSS,NORTH BAGALURU MAIN ROAD,35,0.0,0.0,0,0,0.0,0.0
Bengaluru City,Devanahalli Traffic PS,1.04432e+16,2016,1,2,Road Accidents,Narrow road,City/Town,Affected by encroachments,Human Error,No,Simple Injury,Not Applicable,No signal lights,Not Applicable,City or Town Road,Bitumen(Tar),Not Applicable,No influence on accident,Fine,NEAR KOTTANURU POLICE STATION,TREE,20 KM,0.0,0.0,0,0,0.0,0.0
Bengaluru City,Devanahalli Traffic PS,1.04432e+16,2016,1,1,Road Accidents,Y Junction,City/Town,Affected by encroachments,Not Applicable,No,Fatal,Others,Controlled,Incline,NH,Bitumen(Tar),Dry,Construction Work / Material,Fine,B B ROAD,1,1,0.0,0.0,2,0,0.0,2.0
Bengaluru City,Devanahalli Traffic PS,1.04432e+16,2016,1,2,Road Accidents,Other,City/Town,Narrow bridge or culverts,Vehicle Defect,Yes,Grievous Injury,Others,Police / Manual,Curve,City or Town Road,Bitumen(Tar),Dry,Pot holed,Fine,byrathi bilishivale,1,35,0.0,0.0,5,0,0.0,5.0
Bengaluru City,Devanahalli Traffic PS,1.04432e+16,2016,1,1,Road Accidents,Other,City/Town,Near School or College,Human Error,Not Applicable,Grievous Injury,Hit pedestrian,Not Applicable,Not Applicable,State Highway,Bitumen(Tar),Dry,Not Applicable,Fine,HOSKOTE-DEVANAHALLI ROAD,NEAR RURAL GOV PU COLLAGE,1KM,0.0,0.0,0,0,0.0,0.0
Bengaluru City,Devanahalli Traffic PS,1.04432e+16,2016,1,2,Road Accidents,Junction,City/Town,Near office complex,Human Error,No,Grievous Injury,Others,Signal lights Blinking,Straight and flat,NH,Bitumen(Tar),Dry,Pot holed,Fine,B B ROAD,1,1,0.0,0.0,5,0,0.0,5.0
Bengaluru City,Devanahalli Traffic PS,1.04432e+16,2016,1,2,Road Accidents,Junction,City/Town,Near Bus stop,Human Error,No,Grievous Injury,Others,Signal lights Automatic,Straight and flat,NH,Bitumen(Tar),Dry,Not Applicable,Fine,B B ROAD,1,01 KM,0.0,0.0,0,0,0.0,0.0
Bengaluru City,Devanahalli Traffic PS,1.04432e+16,2016,1,2,Road Accidents,Other,Not Applicable,Near office complex,Human Error,No,Damage Only,Others,Not Applicable,Curve,Two way,Bitumen(Tar),Dry,Pot holed,Fine,BIA MAIN ROAD,1,12 KM,0.0,0.0,5,0,0.0,5.0
Bengaluru City,Devanahalli Traffic PS,1.04432e+16,2016,1,2,Road Accidents,Cross roads,City/Town,Near Bus stop,Human Error,No,Simple Injury,Run Off Road,No signal lights,Sharp Curve,NH,Bitumen(Tar),Dry,Not Applicable,Fine,KANNAMANGALA GETE,KANNAMANGALA GETE,12,0.0,0.0,0,0,0.0,0.0
Bengaluru City,Devanahalli Traffic PS,1.04432e+16,2016,1,3,Road Accidents,Other,Rural Areas,Residential area,Not Applicable,No,Damage Only,Others,Controlled,Not Applicable,NH,Bitumen(Tar),Dry,Not Applicable,Others,BB ROAD NEAR KANNAMANGAL GATENH 7,1,6,0.0,0.0,0,0,0.0,0.0
Bengaluru City,Devanahalli Traffic PS,1.04432e+16,2016,1,1,Road Accidents,Not Applicable,City/Town,Residential area,Not Applicable,Yes,Grievous Injury,Hit and Run,Not Applicable,Curve and Incline,Residential Street,Concrete,Not Applicable,Not Applicable,Fine,AGASAR BIDI,1,1,0.0,0.0,0,0,0.0,0.0
Bengaluru City,Devanahalli Traffic PS,1.04432e+16,2016,1,2,Road Accidents,Other,Rural Areas,Residential area,Human Error,No,Grievous Injury,Others,Not Applicable,Straight and flat,Village Road,Bitumen(Tar),Dry,Not Applicable,Fine,DODDAGUBBI-BILISHIVALE ROAD,1,35 KM,0.0,0.0,0,0,0.0,0.0
Bengaluru City,Devanahalli Traffic PS,1.04432e+16,2016,1,2,Road Accidents,Not Applicable,Rural Areas,Open area,Human Error,Not Applicable,Grievous Injury,Others,Not Applicable,Others,Residential Street,Bitumen(Tar),Dry,Not Applicable,Clear,SADAHALLI ROAD NEAR JED GORDEN,SOUTH JED GORDEN,10KM,0.0,0.0,0,0,0.0,0.0
Bengaluru City,Devanahalli Traffic PS,1.04432e+16,2016,1,1,Road Accidents,T Junction,Villages settlement,Near Petrol Pump,Human Error,Not Applicable,Grievous Injury,Hit pedestrian,Not Applicable,Not Applicable,NH,Bitumen(Tar),Dry,Not Applicable,Fine,BB ROAD NEAR UGANAWADI GATE,NEAR PETROL BUNK,04KM,0.0,0.0,0,0,0.0,0.0
Bengaluru City,Devanahalli Traffic PS,1.04432e+16,2016,1,2,Road Accidents,Narrow road,City/Town,Affected by encroachments,Human Error,No,Damage Only,Hit bicyclist,Stop sign,Others,City or Town Road,Bitumen(Tar),Dry,Not Applicable,Fine,AIRPORT ROAD,AIRPORT ROAD,15,0.0,0.0,0,0,0.0,0.0
Bengaluru City,Devanahalli Traffic PS,1.04432e+16,2016,1,2,Road Accidents,Circle,City/Town,Near office complex,Human Error,No,Damage Only,Others,Controlled,Curve,One way,Bitumen(Tar),Dry,Drainage Ditch,Others,VIJAYAPURA ROAD,1,12,0.0,0.0,4,0,0.0,4.0
Bengaluru City,Devanahalli Traffic PS,1.04432e+16,2016,1,2,Road Accidents,Narrow road,City/Town,Near or inside a village,Human Error,Yes,Fatal,Hit and Run,Not at  Junction,Others,NH,Bitumen(Tar),Dry,Not Applicable,Fine,KANNAMANGALA,KANNAMANGALA,12,0.0,0.0,0,0,0.0,0.0
Bengaluru City,Devanahalli Traffic PS,1.04432e+16,2016,1,1,Road Accidents,Narrow road,City/Town,Near Petrol Pump,Human Error,Yes,Fatal,Hit pedestrian,No signal lights,Not Applicable,NH,Bitumen(Tar),Dry,Not Applicable,Fine,DABA GETE,DABA GETE,12,0.0,0.0,0,0,0.0,0.0
Bengaluru City,Devanahalli Traffic PS,1.04432e+16,2016,1,1,Road Accidents,Narrow road,City/Town,Residential area,Human Error,Yes,Fatal,Hit and Run,Not at  Junction,Not Applicable,NH,Bitumen(Tar),Dry,Not Applicable,Fine,BB ROAD,BB ROAD,6KM,0.0,0.0,0,0,0.0,0.0
Bengaluru City,Devanahalli Traffic PS,1.04432e+16,2016,1,2,Road Accidents,Not Applicable,Rural Areas,Residential area,Human Error,No,Grievous Injury,Others,No signal lights,Straight and flat,Village Road,Bitumen(Tar),Dry,Pot holed,Fine,BILISHIVALE MAIN ROAD PURAVANKAR APARTMENT APOSITE,1,35 KM,0.0,0.0,5,0,0.0,5.0
Bengaluru City,Devanahalli Traffic PS,1.04432e+16,2016,1,2,Road Accidents,Junction,City/Town,Near office complex,Human Error,Not Applicable,Damage Only,Not Applicable,Signal lights Automatic,Slight Curve,NH,Bitumen(Tar),Dry,Not Applicable,Fine,B B ROAD NEAR RANI CROSS,1,1,0.0,0.0,0,0,0.0,0.0
Bengaluru City,Devanahalli Traffic PS,1.04432e+16,2016,1,2,Road Accidents,Other,City/Town,Near Bus stop,Human Error,No,Grievous Injury,Others,No signal lights,Straight and flat,NH,Bitumen(Tar),Dry,Not Applicable,Fine,B B ROAD NH-7,1,04 KM,0.0,0.0,0,0,0.0,0.0
Bengaluru City,Devanahalli Traffic PS,1.04432e+16,2016,1,1,Road Accidents,Narrow road,City/Town,Near or inside a village,Human Error,No,Grievous Injury,Overturning,Give way sign,Others,Village Road,Bitumen(Tar),Dry,Not Applicable,Fine,VIJAYAPURA ROAD,VIJAYAPURA ROAD,3,0.0,0.0,0,0,0.0,0.0
Bengaluru City,Devanahalli Traffic PS,1.04432e+16,2016,1,1,Road Accidents,Other,Rural Areas,Near School or College,Human Error,Not Applicable,Fatal,Others,Not Applicable,Straight and flat,Residential Street,Bitumen(Tar),Dry,Not Applicable,Fine,K NARAYANPUR MAIN ROAD,EAST 6 YARD ROAD EDZA,30 KM,0.0,0.0,0,0,0.0,0.0
Bengaluru City,Devanahalli Traffic PS,1.04432e+16,2016,1,2,Road Accidents,Circle,City/Town,Near Bus stop,Human Error,No,Grievous Injury,Hit puchcart,Controlled,Not Applicable,NH,Bitumen(Tar),Dry,Not Applicable,Fine,KANNAMANGALA GETE,KANNAMANGALA GETE,12,0.0,0.0,0,0,0.0,0.0
Bengaluru City,Devanahalli Traffic PS,1.04432e+16,2016,1,2,Road Accidents,Bridge,Not Applicable,Open area,Not Applicable,Not Applicable,Fatal,Not Applicable,Not Applicable,Not Applicable,NH,Bitumen(Tar),Dry,Not Applicable,Fine,BB ROAD NEAR BUVANAHALLI RAILWAY BRIDG,RAILWAY BRIDG EDAZ  NEAR SOUTH,6KM,0.0,0.0,0,0,0.0,0.0
Bengaluru City,Devanahalli Traffic PS,1.04432e+16,2016,1,1,Road Accidents,Junction,Not Applicable,Near or inside a village,Human Error,Not Applicable,Fatal,Hit pedestrian,Signal lights Blinking,Not Applicable,NH,Bitumen(Tar),Dry,Not Applicable,Fine,BB ROAD NEAR KANNAMANGAL PALYA,NEAR TRAFFIC SIGHNAL POLL IN NORTHWEST,10KM,0.0,0.0,0,0,0.0,0.0
Bengaluru City,Devanahalli Traffic PS,1.04432e+16,2016,1,1,Road Accidents,Not Applicable,City/Town,Open area,Human Error,No,Grievous Injury,Others,Not Applicable,Straight and flat,NH,Bitumen(Tar),Dry,Not Applicable,Fine,NH 7,1,01 KM,0.0,0.0,0,0,0.0,0.0
Bengaluru City,Devanahalli Traffic PS,1.04432e+16,2016,1,2,Road Accidents,Cross roads,Rural Areas,Near Bus stop,Human Error,No,Simple Injury,Others,Not Applicable,Straight and flat,NH,Bitumen(Tar),Dry,Not Applicable,Fine,NH 7,1,05 KM,0.0,0.0,0,0,0.0,0.0
Bengaluru City,Devanahalli Traffic PS,1.04432e+16,2016,1,2,Road Accidents,Other,City/Town,Residential area,Human Error,Not Applicable,Grievous Injury,Hit parked vehicle,Controlled,Not Applicable,Service Road,Bitumen(Tar),Dry,Not Applicable,Fine,BILISIVALE,RAMAPURA ROAD,22KM,0.0,0.0,0,0,0.0,0.0
Bengaluru City,Devanahalli Traffic PS,1.04432e+16,2016,1,3,Road Accidents,Narrow road,City/Town,Near office complex,Human Error,Not Applicable,Damage Only,Hit parked vehicle,Not at  Junction,Dip or trough,Sub Arterial,Bitumen(Tar),Dry,Not Applicable,Fine,AIRPORT ROAD,AIRPORT,15,0.0,0.0,0,0,0.0,0.0
Bengaluru City,Devanahalli Traffic PS,1.04432e+16,2016,1,2,Road Accidents,T Junction,City/Town,Near office complex,Human Error,No,Simple Injury,Right Turn Collision,Not Applicable,Slight Curve,Others,Bitumen(Tar),Dry,Pot holed,Fine,AIRPORT ROAD,1,13,0.0,0.0,5,0,0.0,5.0
Bengaluru City,Devanahalli Traffic PS,1.04432e+16,2016,1,2,Road Accidents,Narrow road,City/Town,Near office complex,Human Error,Not Applicable,Fatal,Hit parked vehicle,Not Applicable,Not Applicable,NH,Bitumen(Tar),Dry,Not Applicable,Fine,BB ROAD,RANI CROSS,5K M,0.0,0.0,0,0,0.0,0.0
Bengaluru City,Devanahalli Traffic PS,1.04432e+16,2016,1,1,Road Accidents,Other,City/Town,Near School or College,Human Error,No,Grievous Injury,Others,No signal lights,Straight and flat,NH,Bitumen(Tar),Dry,Not Applicable,Fine,NH-2017 SULIBELE ROAD,1,500 ME,0.0,0.0,0,0,0.0,0.0
Bengaluru City,Devanahalli Traffic PS,1.04432e+16,2016,1,1,Not Applicable,Other,Not Applicable,Near or inside a village,Human Error,Not Applicable,Fatal,Hit pedestrian,Not Applicable,Not Applicable,NH,Bitumen(Tar),Dry,Not Applicable,Not Applicable,BB ROAD NAER DHABA GATE,NEAR PETROL BUNK,4KM,0.0,0.0,0,0,0.0,0.0
Bengaluru City,Devanahalli Traffic PS,1.04432e+16,2016,1,2,Road Accidents,Other,Not Applicable,Near or inside a village,Not Applicable,Not Applicable,Fatal,Others,Not Applicable,Not Applicable,NH,Bitumen(Tar),Dry,Not Applicable,Fine,BB ROAD NEAR BACHAHALLI GATE,TRAFFIC SIGHN TOWARDS EAST,05KM,0.0,0.0,0,0,0.0,0.0
Bengaluru City,Devanahalli Traffic PS,1.04432e+16,2016,1,2,Road Accidents,Not Applicable,Not Applicable,Open area,Human Error,Not Applicable,Damage Only,Others,Not Applicable,Not Applicable,NH,Bitumen(Tar),Dry,Not Applicable,Clear,BB ROAD PUJJANAHALLI NEAR TOLL GATE,50 MTS TOWORD WEST NO PORKING BORD,8KM,0.0,0.0,0,0,0.0,0.0
Bengaluru City,Devanahalli Traffic PS,1.04432e+16,2016,1,1,Road Accidents,Other,Villages settlement,Residential area,Human Error,Not Applicable,Fatal,Hit pedestrian,Not Applicable,Not Applicable,Village Road,Kutcha,Dry,Not Applicable,Fine,WALKING ROAD,SERVE NO109 KANNAMANGAL VILLAGE,08KM,0.0,0.0,0,0,4.0,4.0
Bengaluru City,Devanahalli Traffic PS,1.04432e+16,2016,1,2,Road Accidents,Other,Not Applicable,Open area,Human Error,Not Applicable,Damage Only,Others,Not Applicable,Not Applicable,Expressway,Bitumen(Tar),Dry,Not Applicable,Fine,BIAL MAIN ROAD NEAR CISF CHECK POINT,CISF CHECK POINT,12KM,0.0,0.0,0,0,0.0,0.0
Bengaluru City,Devanahalli Traffic PS,1.04432e+16,2016,1,2,Not Applicable,Narrow road,Not Applicable,Near Bus stop,Human Error,No,Not Applicable,Not Applicable,No signal lights,Not Applicable,NH,Not Applicable,Not Applicable,No influence on accident,Not Applicable,NEW BUS STOP,1,1,0.0,0.0,0,0,0.0,0.0
Bengaluru City,Devanahalli Traffic PS,1.04432e+16,2016,1,2,Road Accidents,Narrow road,City/Town,Near Bus stop,Human Error,No,Grievous Injury,Hit pedal cyclist,No signal lights,Not Applicable,NH,Bitumen(Tar),Dry,Not Applicable,Fine,KANNAMANGALA GETE,KANNAMANGALA GETE,12,0.0,0.0,0,0,0.0,0.0
Bengaluru City,Devanahalli Traffic PS,1.04432e+16,2016,1,2,Road Accidents,Circle,City/Town,Near a factory industrial area,Not Applicable,No,Damage Only,Others,Controlled,Curve,One way,Bitumen(Tar),Dry,Pot holed,Others,AIRPORT ROAD,1,12,0.0,0.0,5,0,0.0,5.0
Bengaluru City,Devanahalli Traffic PS,1.04432e+16,2016,1,2,Road Accidents,Other,Rural Areas,Residential area,Human Error,No,Grievous Injury,Others,No signal lights,Straight and flat,State Highway,Bitumen(Tar),Dry,Not Applicable,Fine,vijayapur road,1,2,0.0,0.0,0,0,0.0,0.0
Bengaluru City,Devanahalli Traffic PS,1.04432e+16,2016,1,2,Road Accidents,Narrow road,City/Town,Near office complex,Human Error,Yes,Fatal,Hit and Run,Not at  Junction,Not Applicable,Sub Arterial,Bitumen(Tar),Dry,Not Applicable,Fine,VIJAYAPURA ROAD,VIJAYAPURA ROAD,3,0.0,0.0,0,0,0.0,0.0
Bengaluru City,Devanahalli Traffic PS,1.04432e+16,2016,1,1,Road Accidents,Narrow road,City/Town,Near or inside a village,Human Error,No,Grievous Injury,Hit pedestrian,Not at  Junction,Not Applicable,Village Road,Bitumen(Tar),Dry,Not Applicable,Fine,DODDAGUBBI,DODDAGUBBI,19,0.0,0.0,0,0,0.0,0.0
Bengaluru City,Devanahalli Traffic PS,1.04432e+16,2016,1,1,Road Accidents,Not Applicable,City/Town,Near office complex,Human Error,Not Applicable,Simple Injury,Hit pedestrian,Not Applicable,Not Applicable,Expressway,Bitumen(Tar),Dry,Not Applicable,Fine,AIRPORT TAJ HOTEL NEAR,NEAR AIRPORT P6,12KM,0.0,0.0,0,0,0.0,0.0
Bengaluru City,Devanahalli Traffic PS,1.04432e+16,2016,1,2,Road Accidents,Narrow road,City/Town,Near office complex,Human Error,No,Fatal,Hit puchcart,No signal lights,Not Applicable,Sub Arterial,Bitumen(Tar),Dry,Not Applicable,Fine,SULIBELE ROAD,SULIBELE ROAD,2,0.0,0.0,0,0,0.0,0.0
Bengaluru City,Devanahalli Traffic PS,1.04432e+16,2016,1,2,Road Accidents,Narrow road,City/Town,Near office complex,Human Error,Yes,Grievous Injury,Hit pedal cyclist,Police / Manual,Not Applicable,NH,Bitumen(Tar),Dry,Not Applicable,Fine,BB ROAD,BB ROAD,3,0.0,0.0,0,0,0.0,0.0
Bengaluru City,Devanahalli Traffic PS,1.04432e+16,2016,1,2,Road Accidents,Narrow road,City/Town,Near Bus stop,Human Error,No,Grievous Injury,Hit pedal cyclist,Not Applicable,Others,State Highway,Bitumen(Tar),Dry,Not Applicable,Fine,BB ROAD,BB ROAD,2,0.0,0.0,0,0,0.0,0.0
Bengaluru City,Devanahalli Traffic PS,1.04432e+16,2016,1,1,Road Accidents,Circle,City/Town,Open area,Human Error,No,Fatal,Hit fixed object,No signal lights,Not Applicable,NH,Bitumen(Tar),Dry,Not Applicable,Fine,KANNAMNGALA GETE,KANNAMANGALA GETE,5K M,0.0,0.0,0,0,0.0,0.0
Bengaluru City,Devanahalli Traffic PS,1.04432e+16,2016,1,2,Road Accidents,Other,City/Town,Residential area,Human Error,No,Grievous Injury,Not Applicable,Not Applicable,Straight and flat,City or Town Road,Bitumen(Tar),Dry,Not Applicable,Fine,TANURU BAGALURU ROAD,1,35 KM,0.0,0.0,0,0,0.0,0.0
Bengaluru City,Devanahalli Traffic PS,1.04432e+16,2016,1,2,Road Accidents,Narrow road,City/Town,Near or inside a village,Human Error,No,Grievous Injury,Head on,No signal lights,Not Applicable,Village Road,Bitumen(Tar),Dry,Not Applicable,Fine,UGANAVADI,15,15,0.0,0.0,0,0,0.0,0.0
Bengaluru City,Devanahalli Traffic PS,1.04432e+16,2016,1,1,Not Applicable,Narrow road,Not Applicable,Near or inside a village,Human Error,Not Applicable,Not Applicable,Not Applicable,No signal lights,Not Applicable,NH,Not Applicable,Not Applicable,No influence on accident,Not Applicable,DODDAGUBBI,DODDAGUBBI,14,0.0,0.0,0,0,0.0,0.0
Bengaluru City,Devanahalli Traffic PS,1.04432e+16,2016,1,2,Road Accidents,Y Junction,City/Town,Open area,Human Error,No,Damage Only,Others,Give way sign,Curve,Two way,Bitumen(Tar),Dry,Not Applicable,Fine,BIA MAIN ROAD,1,12 KM,0.0,0.0,0,0,0.0,0.0
Bengaluru City,Devanahalli Traffic PS,1.04432e+16,2016,1,1,Road Accidents,Narrow road,City/Town,Near Bus stop,Human Error,No,Grievous Injury,Hit pedestrian,No signal lights,Not Applicable,Sub Arterial,Bitumen(Tar),Dry,Not Applicable,Fine,BB ROAD,BB ROAD,2,0.0,0.0,0,0,0.0,0.0
Bengaluru City,Devanahalli Traffic PS,1.04432e+16,2016,1,1,Road Accidents,Narrow road,City/Town,Near or inside a village,Human Error,No,Not Applicable,Hit pedestrian,No signal lights,Not Applicable,Village Road,Bitumen(Tar),Dry,Not Applicable,Fine,N G GOLLAHALLI,N G GOLLAHALLI,14,0.0,0.0,0,0,0.0,0.0
Bengaluru City,Devanahalli Traffic PS,1.04432e+16,2016,1,2,Road Accidents,Cross roads,City/Town,Near a religious place,Human Error,No,Simple Injury,Hit pedal cyclist,No signal lights,Hump,State Highway,Bitumen(Tar),Dry,Not Applicable,Fine,TIPPU CRCLE,2,2,0.0,0.0,0,0,0.0,0.0
Bengaluru City,Devanahalli Traffic PS,1.04432e+16,2016,1,1,Road Accidents,Junction,Not Applicable,Open area,Human Error,Not Applicable,Simple Injury,Hit pedestrian,No signal lights,Others,NH,Bitumen(Tar),Dry,Not Applicable,Clear,BB ROAD NEAR KANNAMANGALA PALYA,40MTS NEAR SIGNALE LIGHT POLL,6KM,0.0,0.0,0,0,0.0,0.0
Bengaluru City,Devanahalli Traffic PS,1.04432e+16,2016,1,2,Road Accidents,Narrow road,City/Town,Near or inside a village,Human Error,No,Fatal,Hit pedal cyclist,Not Applicable,Others,Service Road,Bitumen(Tar),Dry,No influence on accident,Fine,BACHALLI GETE,BACHALLI GETE,12,0.0,0.0,0,0,0.0,0.0
Bengaluru City,Devanahalli Traffic PS,1.04432e+16,2016,1,2,Road Accidents,Other,Villages settlement,Near Petrol Pump,Not Applicable,Yes,Simple Injury,Others,Police / Manual,Curve,NH,Bitumen(Tar),Dry,Construction Work / Material,Fine,B B ROAD,1,10,0.0,0.0,2,0,0.0,2.0
Bengaluru City,Devanahalli Traffic PS,1.04432e+16,2016,1,2,Road Accidents,Circle,City/Town,Near Bus stop,Human Error,No,Grievous Injury,Others,Signal lights Automatic,Straight and flat,City or Town Road,Bitumen(Tar),Dry,Not Applicable,Fine,B B ROAD NEAR DHRUDESH HONDA SHO ROOM,1,1,0.0,0.0,0,0,0.0,0.0
Bengaluru City,Devanahalli Traffic PS,1.04432e+16,2016,1,2,Road Accidents,Circle,Not Applicable,Open area,Human Error,Not Applicable,Fatal,Run Off Road,Not Applicable,Not Applicable,Expressway,Bitumen(Tar),Dry,Not Applicable,Fine,BIAL MAIN ROAD NEAR 1ST CIRCLE,1ST CIRCLE,12KM,0.0,0.0,0,0,0.0,0.0
Bengaluru City,Devanahalli Traffic PS,1.04432e+16,2016,1,2,Road Accidents,Junction,City/Town,Near or inside a village,Human Error,Not Applicable,Grievous Injury,Others,No signal lights,Curve,NH,Bitumen(Tar),Dry,Not Applicable,Fine,BB ROAD NEAR CHIKKASANNE GATE,TOWARDS NORTHEAST 8MTS SHIGH BORD,4KM,0.0,0.0,0,0,0.0,0.0
Bengaluru City,Devanahalli Traffic PS,1.04432e+16,2016,1,1,Road Accidents,Narrow road,City/Town,Near Bus stop,Human Error,Yes,Grievous Injury,Hit and Run,Not at  Junction,Not Applicable,State Highway,Bitumen(Tar),Dry,No influence on accident,Fine,BB ROAD,BB ROAD,2,0.0,0.0,0,0,0.0,0.0
Bengaluru City,Devanahalli Traffic PS,1.04432e+16,2016,1,2,Road Accidents,Narrow road,City/Town,Near Bus stop,Human Error,Yes,Simple Injury,Hit and Run,Not Applicable,Not Applicable,Village Road,Bitumen(Tar),Dry,Not Applicable,Fine,SOWTHEGOWDANADODDI,SOWTHEGOWDANADODDI,2,0.0,0.0,0,0,0.0,0.0
Bengaluru City,Devanahalli Traffic PS,1.04432e+16,2016,1,2,Road Accidents,Bridge,Not Applicable,Narrow bridge or culverts,Human Error,No,Grievous Injury,Others,Not at  Junction,Not Applicable,Others,Bitumen(Tar),Dry,Not Applicable,Fine,Airport Road,Airport Bridge,6 feet,0.0,0.0,0,0,0.0,0.0
Bengaluru City,Devanahalli Traffic PS,1.04432e+16,2016,1,1,Road Accidents,Junction,City/Town,Residential area,Human Error,Not Applicable,Grievous Injury,Hit pedestrian,Not Applicable,Others,City or Town Road,Bitumen(Tar),Dry,Not Applicable,Fine,NAGAWAR-NAGENAHALLI,NEAR FISH SHOP,35KM,0.0,0.0,0,0,0.0,0.0
Bengaluru City,Devanahalli Traffic PS,1.04432e+16,2016,1,2,Road Accidents,Narrow road,City/Town,Near Petrol Pump,Human Error,No,Grievous Injury,Hit bicyclist,Uncontrolled,Others,Service Road,Bitumen(Tar),Dry,Not Applicable,Fine,BB ROAD,BB ROAD,2,0.0,0.0,0,0,0.0,0.0
Bengaluru City,Devanahalli Traffic PS,1.04432e+16,2016,1,1,Road Accidents,Narrow road,City/Town,Near or inside a village,Human Error,No,Fatal,Hit pedestrian,Not Applicable,Others,City or Town Road,Bitumen(Tar),Dry,Not Applicable,Fine,BILISIVALE,BILISIVALE,17,0.0,0.0,0,0,0.0,0.0
Bengaluru City,Devanahalli Traffic PS,1.04432e+16,2016,1,2,Road Accidents,Other,City/Town,Near Hospital,Not Applicable,No,Grievous Injury,Not Applicable,Not Applicable,Curve,Others,Bitumen(Tar),Dry,Not Applicable,Fine,BYCHAPUR ROAD,1,1,0.0,0.0,0,0,0.0,0.0
Bengaluru City,Devanahalli Traffic PS,1.04432e+16,2016,1,1,Road Accidents,Narrow road,City/Town,In bazaar,Human Error,Yes,Fatal,Hit and Run,Not at  Junction,Not Applicable,NH,Bitumen(Tar),Dry,Not Applicable,Fine,BB ROAD,BB ROAD,6KM,0.0,0.0,0,0,0.0,0.0
Bengaluru City,Devanahalli Traffic PS,1.04432e+16,2016,1,2,Road Accidents,Narrow road,City/Town,Near or inside a village,Human Error,Yes,Grievous Injury,Hit and Run,Not Applicable,Not Applicable,Service Road,Bitumen(Tar),Dry,Not Applicable,Fine,BINNAMANGALA,BINNAMANGALA,9KM,0.0,0.0,0,0,0.0,0.0
Bengaluru City,Devanahalli Traffic PS,1.04432e+16,2016,1,2,Road Accidents,Junction,City/Town,Near or inside a village,Human Error,Not Applicable,Fatal,Overturning,No signal lights,Not Applicable,NH,Bitumen(Tar),Dry,Not Applicable,Fine,CHIKKASANNE,CHIKKASANNE,14,0.0,0.0,0,0,0.0,0.0
Bengaluru City,Devanahalli Traffic PS,1.04432e+16,2016,1,1,Road Accidents,Cross roads,City/Town,Near Bus stop,Human Error,No,Grievous Injury,Hit fixed object,Not Applicable,Curve and Incline,Sub Arterial,Bitumen(Tar),Dry,Not Applicable,Fine,VIJAYAPURA ROAD,VIJAYAPURA ROAD,2,0.0,0.0,0,0,0.0,0.0
Bengaluru City,Devanahalli Traffic PS,1.04432e+16,2016,1,2,Road Accidents,Narrow road,City/Town,Near or inside a village,Human Error,No,Simple Injury,Hit puchcart,No signal lights,Not Applicable,NH,Bitumen(Tar),Dry,No influence on accident,Fine,DABA GETE,DABA GETE,15,0.0,0.0,0,0,0.0,0.0