DISTRICTNAME,UNITNAME,Crime_No,Year,RI,Noofvehicle_involved,Accident_Classification,Accident_Spot,Accident_Location,Accident_SubLocation,Main_Cause,Hit_Run,Severity,Collision_Type,Junction_Control,Road_Character,Road_Type,Surface_Type,Surface_Condition,Road_Condition,Weather,Accident_Road,Landmark_first,Distance_LandMark_First,Latitude,Longitude,Road_Condition_Score,Surface_Condition_Score,Surface_Type_Score,Road_Risk_Index
Bengaluru City,Devanahalli Traffic PS,1.04432e+16,2017,1,2,Road Accidents,Curves,City/Town,Residential area,Not Applicable,No,Simple Injury,Others,Not at  Junction,Not Applicable,Residential Street,Bitumen(Tar),Dry,Not Applicable,Fine,Kothanuru road,Near Ammas bekary,50 Mt,13.34303,77.385609,0,0,0.0,0.0
Bengaluru City,Devanahalli Traffic PS,1.04432e+16,2017,1,2,Road Accidents,Other,City/Town,Near School or College,Human Error,No,Damage Only,Head on,Not Applicable,Straight and flat,City or Town Road,Bitumen(Tar),Ditch or Potholed,Not Applicable,Fine,DODDAGUBBI CROSS ROAD,Near light pole,5,13.06491,177.672668,0,5,0.0,5.0
Bengaluru City,Devanahalli Traffic PS,1.04432e+16,2017,1,1,Road Accidents,Not Applicable,City/Town,Near or inside a village,Human Error,Yes,Grievous Injury,Hit and Run,Not Applicable,Others,NH,Bitumen(Tar),Others,Not Applicable,Fine,BALARY MAIN ROAD,BALARY MAIN ROAD,1KM,13.201528,77.658159,0,1,0.0,1.0
Bengaluru City,Devanahalli Traffic PS,1.04432e+16,2017,1,1,Road Accidents,Narrow road,City/Town,Open area,Human Error,Not Applicable,Grievous Injury,Hit fixed object,Not Applicable,Not Applicable,Village Road,Not Applicable,Dry,Not Applicable,Clear,DEVANAHALLI-NILERI MAIN ROAD,NILERI RAIWAY GATE,3,0.0,0.0,0,0,0.0,0.0
Bengaluru City,Devanahalli Traffic PS,1.04432e+16,2017,1,2,Road Accidents,Other,City/Town,Open area,Human Error,No,Fatal,Others,Not at  Junction,Incline,NH,Bitumen(Tar),Dry,Not Applicable,Wind,BACHALLI RAILWAY GATE,ROAD END,25 FT,0.0,0.0,0,0,0.0,0.0
Bengaluru City,Devanahalli Traffic PS,1.04432e+16,2017,1,1,Road Accidents,Other,Villages settlement,Open area,Human Error,No,Grievous Injury,Others,Not Applicable,Straight and flat,State Highway,Bitumen(Tar),Dry,Not Applicable,Clear,vijyapur road,1,04 km,0.0,0.0,0,0,0.0,0.0
Bengaluru City,Devanahalli Traffic PS,1.04432e+16,2017,1,1,Road Accidents,Narrow road,Rural Areas,Near office complex,Human Error,No,Damage Only,Not Applicable,Police / Manual,Hump,NH,Bitumen(Tar),Dry,Not Applicable,Fine,BB Road Doddaballapura Cross,Signal light,20 mt,0.0,0.0,0,0,0.0,0.0
Bengaluru City,Devanahalli Traffic PS,1.04432e+16,2017,1,2,Road Accidents,Cross roads,City/Town,Residential area,Human Error,No,Fatal,Overturning,Not Applicable,Not Applicable,Sub Arterial,Bitumen(Tar),Dry,Not Applicable,Fine,BB ROAD DEVANAHLLI,DEVANAHLLI,5,0.0,0.0,0,0,0.0,0.0
Bengaluru City,Devanahalli Traffic PS,1.04432e+16,2017,1,2,Road Accidents,Narrow road,City/Town,Near Bus stop,Human Error,No,Simple Injury,Others,Uncontrolled,Others,NH,Bitumen(Tar),Dry,Not Applicable,Fine,KANNAMANGALA,1,26,0.0,0.0,0,0,0.0,0.0
Bengaluru City,Devanahalli Traffic PS,1.04432e+16,2017,1,2,Road Accidents,Not Applicable,Rural Areas,Residential area,Not Applicable,Yes,Grievous Injury,Others,No signal lights,Others,State Highway,Bitumen(Tar),Dry,Not Applicable,Fine,Vijayapura road,Near Compund,12,0.0,0.0,0,0,0.0,0.0
Bengaluru City,Devanahalli Traffic PS,1.04432e+16,2017,1,1,Road Accidents,Circle,Not Applicable,Open area,Human Error,Not Applicable,Simple Injury,Others,Not Applicable,Curve,Expressway,Bitumen(Tar),Dry,Not Applicable,Fine,AIRPORT 2ND CIRCLE,AIRPORT 2ND CIRCLE,12KM,0.0,0.0,0,0,0.0,0.0
Bengaluru City,Devanahalli Traffic PS,1.04432e+16,2017,1,2,Road Accidents,Cross roads,City/Town,Near or inside a village,Human Error,Not Applicable,Simple Injury,Hit and Run,Not Applicable,Not Applicable,Village Road,Bitumen(Tar),Dry,Not Applicable,Fine,DODDAGUBBI CROSS KOTTANURU,NEAR KOTTANUR,30KM,13.06216119,77.65473068,0,0,0.0,0.0
Bengaluru City,Devanahalli Traffic PS,1.04432e+16,2017,1,2,Road Accidents,Narrow road,City/Town,Residential area,Human Error,No,Grievous Injury,Others,Not Applicable,Others,Sub Arterial,Bitumen(Tar),Dry,Not Applicable,Fine,kottanuru,25,28km,13.06216119,77.65473068,0,0,0.0,0.0
Bengaluru City,Devanahalli Traffic PS,1.04432e+16,2017,1,1,Not Applicable,Other,Not Applicable,Open area,Human Error,Not Applicable,Not Applicable,Others,Not Applicable,Straight and flat,NH,Bitumen(Tar),Dry,Not Applicable,Fine,BB Road,railway track,30,13.241716,77.713731,0,0,0.0,0.0
Bengaluru City,Devanahalli Traffic PS,1.04432e+16,2017,1,2,Not Applicable,Cross roads,Rural Areas,Near Petrol Pump,Not Applicable,Yes,Not Applicable,Not Applicable,Give way sign,Others,Not Applicable,Concrete,Dry,Not Applicable,Others,"B B ROAD, NEAR BHARATH PETROL PUMP",BHARATH PETROL PUMP,50 MTR,13.241716,77.713731,0,0,0.0,0.0
Bengaluru City,Devanahalli Traffic PS,1.04432e+16,2017,1,2,Road Accidents,Bridge,Not Applicable,Narrow bridge or culverts,Not Applicable,No,Simple Injury,Others,Not Applicable,Curve,One way,Bitumen(Tar),Dry,Not Applicable,Others,Airport Road,Near Light pole,10,13.195911,77.669649,0,0,0.0,0.0
Bengaluru City,Devanahalli Traffic PS,1.04432e+16,2017,1,2,Road Accidents,Not Applicable,Rural Areas,Residential area,Human Error,Yes,Simple Injury,Hit and Run,Not Applicable,Others,State Highway,Bitumen(Tar),Dry,Not Applicable,Fine,"DEVANAHALLI BYPASS, B B ROAD, DEVANAHALLI TOWN",DEVANAHALLI ENTRANCE ORCHA,1.5,13.241716,77.713731,0,0,0.0,0.0
Bengaluru City,Devanahalli Traffic PS,1.04432e+16,2017,1,2,Road Accidents,Circle,Not Applicable,Open area,Human Error,Not Applicable,Simple Injury,Others,Not Applicable,Curve,Expressway,Bitumen(Tar),Dry,Not Applicable,Fine,NEAR AIRPORT 1ST CIRCLE,AIRPORT,12KM,0.0,0.0,0,0,0.0,0.0
Bengaluru City,Devanahalli Traffic PS,1.04432e+16,2017,1,1,Road Accidents,Curves,Rural Areas,Near or inside a village,Human Error,No,Fatal,Skidding or Self accident,Not Applicable,Curve,Village Road,Bitumen(Tar),Dry,Not Applicable,Others,Doddaballapura Road,Electric pole,16,13.2570916,77.6976754,0,0,0.0,0.0
Bengaluru City,Devanahalli Traffic PS,1.04432e+16,2017,1,2,Road Accidents,T Junction,Not Applicable,Residential area,Not Applicable,No,Fatal,Others,Not Applicable,Not Applicable,NH,Bitumen(Tar),Dry,Not Applicable,Fine,"Parvathapura Cross, Doddaballapura Road",Near Bridge,100 MT,13.25725629,77.714589,0,0,0.0,0.0
Bengaluru City,Devanahalli Traffic PS,1.04432e+16,2017,1,1,Road Accidents,T Junction,Rural Areas,Near or inside a village,Human Error,No,Grievous Injury,Hit pedestrian,No signal lights,Straight and flat,Village Road,Bitumen(Tar),Dry,Not Applicable,Others,BYCHAPURA ROAD,Near light pole,33,13.24471559,77.71320149,0,0,0.0,0.0
Bengaluru City,Devanahalli Traffic PS,1.04432e+16,2017,1,1,Road Accidents,T Junction,Rural Areas,Near or inside a village,Human Error,Not Applicable,Damage Only,Hit fixed object,Not Applicable,Straight and flat,State Highway,Bitumen(Tar),Dry,Not Applicable,Others,nandibetta road,near Tree,35,0.0,0.0,0,0,0.0,0.0
Bengaluru City,Devanahalli Traffic PS,1.04432e+16,2017,1,1,Road Accidents,Curves,City/Town,Near School or College,Human Error,No,Fatal,Skidding or Self accident,Uncontrolled,Slight Curve,Village Road,Bitumen(Tar),Dry,Not Applicable,Fine,"bishivale bairathi road, near ssr collage",anjaneya temple,8,0.0,0.0,0,0,0.0,0.0
Bengaluru City,Devanahalli Traffic PS,1.04432e+16,2017,1,2,Road Accidents,Curves,City/Town,Near School or College,Human Error,No,Simple Injury,Others,Not Applicable,Curve,NH,Bitumen(Tar),Dry,Not Applicable,Clear,SLIBELE ROAD-NH 7,1,01 KM,0.0,0.0,0,0,0.0,0.0
Bengaluru City,Devanahalli Traffic PS,1.04432e+16,2017,1,1,Road Accidents,Other,Villages settlement,Open area,Human Error,No,Simple Injury,Others,Not Applicable,Straight and flat,Village Road,Bitumen(Tar),Dry,Not Applicable,Fine,BUDIGERE-DEVANAHALLI ROAD,1,02 KM,0.0,0.0,0,0,0.0,0.0
Bengaluru City,Devanahalli Traffic PS,1.04432e+16,2017,1,2,Road Accidents,Narrow road,Not Applicable,Near or inside a village,Not Applicable,No,Damage Only,Others,Not Applicable,Not Applicable,Others,Bitumen(Tar),Dry,Not Applicable,Fine,Airport Road,Near light pole,25 ft,0.0,0.0,0,0,0.0,0.0
Bengaluru City,Devanahalli Traffic PS,1.04432e+16,2017,1,2,Road Accidents,Narrow road,Villages settlement,Residential area,Human Error,Yes,Simple Injury,Hit and Run,Not Applicable,Not Applicable,NH,Bitumen(Tar),Dry,Not Applicable,Fine,BB Road,Near Bus stop,20,0.0,0.0,0,0,0.0,0.0
Bengaluru City,Devanahalli Traffic PS,1.04432e+16,2017,1,2,Road Accidents,Not Applicable,Villages settlement,Near or inside a village,Human Error,Not Applicable,Grievous Injury,Others,Not Applicable,Not Applicable,Village Road,Bitumen(Tar),Dry,Not Applicable,Fine,SULIBELE ROAD NEAR BRIGED ARCHED,NEAR VILLAGE,3KM,13.44305213,77.50236511,0,0,0.0,0.0
Bengaluru City,Devanahalli Traffic PS,1.04432e+16,2017,1,2,Road Accidents,Junction,City/Town,Near office complex,Human Error,No,Simple Injury,Not Applicable,No signal lights,Others,City or Town Road,Bitumen(Tar),Dry,Not Applicable,Fine,Asha town sheef road,Electic pole,25,13.0644951,77.6738254,0,0,0.0,0.0
Bengaluru City,Devanahalli Traffic PS,1.04432e+16,2017,1,2,Road Accidents,T Junction,Not Applicable,Near office complex,Not Applicable,No,Damage Only,Others,Not Applicable,Not Applicable,Others,Bitumen(Tar),Dry,Not Applicable,Fine,P3 and P5 Exit Point,Near light pole,25 Ft,13.198941,77.711555,0,0,0.0,0.0
Bengaluru City,Devanahalli Traffic PS,1.04432e+16,2017,1,2,Road Accidents,Not Applicable,City/Town,Near or inside a village,Human Error,No,Grievous Injury,Others,Not Applicable,Straight and flat,Two way,Bitumen(Tar),Dry,Not Applicable,Fine,Airport Road,Near light pole,40,0.0,0.0,0,0,0.0,0.0
Bengaluru City,Devanahalli Traffic PS,1.04432e+16,2017,1,2,Road Accidents,Circle,Rural Areas,Near Petrol Pump,Human Error,Yes,Simple Injury,Hit and Run,Not Applicable,Not Applicable,State Highway,Bitumen(Tar),Dry,Not Applicable,Fine,Airport Road,tress,28,0.0,0.0,0,0,0.0,0.0
Bengaluru City,Devanahalli Traffic PS,1.04432e+16,2017,1,2,Road Accidents,Other,City/Town,Near office complex,Human Error,No,Damage Only,Others,No signal lights,Others,NH,Not Applicable,Dry,Not Applicable,Fine,KOTE CROSS,BB ROAD,6,0.0,0.0,0,0,0.0,0.0
Bengaluru City,Devanahalli Traffic PS,1.04432e+16,2017,1,1,Road Accidents,Other,City/Town,Residential area,Human Error,No,Fatal,Skidding or Self accident,Uncontrolled,Not Applicable,Residential Street,Bitumen(Tar),Dry,Not Applicable,Fine,"BAIRATHI KANAKASRI LAY OUT RAOD, OPPOSIT VIJAY HOME",ELECTRIC POL,35 FT,0.0,0.0,0,0,0.0,0.0
Bengaluru City,Devanahalli Traffic PS,1.04432e+16,2017,1,2,Road Accidents,Other,Not Applicable,Near office complex,Not Applicable,No,Simple Injury,Others,Not Applicable,Not Applicable,Others,Bitumen(Tar),Dry,Not Applicable,Others,Airport Road,near Tree,30,13.197924,77.690307,0,0,0.0,0.0
Bengaluru City,Devanahalli Traffic PS,1.04432e+16,2017,1,1,Road Accidents,Narrow road,City/Town,Affected by encroachments,Human Error,Yes,Simple Injury,Hit and Run,Not Applicable,Others,City or Town Road,Bitumen(Tar),Others,No influence on accident,Others,"SHABARI NAGARA NEAR OPPOSIT CHAITAINYA CLINIC, 1ST MAIN, 4TH CROSS",ELECTIIC POLE,27,13.071709,77.631884,0,1,0.0,1.0
Bengaluru City,Devanahalli Traffic PS,1.04432e+16,2017,1,2,Road Accidents,Not Applicable,City/Town,Near or inside a village,Human Error,Yes,Grievous Injury,Hit and Run,Not Applicable,Others,City or Town Road,Bitumen(Tar),Dry,Not Applicable,Fine,AIRPORT ROAD,AIRPORT ROAD,03KM,13.198154,77.680104,0,0,0.0,0.0
Bengaluru City,Devanahalli Traffic PS,1.04432e+16,2017,1,2,Road Accidents,Junction,Rural Areas,Near or inside a village,Human Error,No,Damage Only,Head on,Signal lights Blinking,Hump,NH,Bitumen(Tar),Dry,Not Applicable,Fine,BB Road,Near SIGNAL light pole,45,13.3021582,77.5510526,0,0,0.0,0.0
Bengaluru City,Devanahalli Traffic PS,1.04432e+16,2017,1,2,Road Accidents,Junction,City/Town,Near Bus stop,Human Error,Yes,Damage Only,Head on,Signal lights Automatic,Others,City or Town Road,Bitumen(Tar),Dry,Not Applicable,Fine,DODDABALLAOUR road,Near light pole,20,13.241716,77.713731,0,0,0.0,0.0
Bengaluru City,Devanahalli Traffic PS,1.04432e+16,2017,1,2,Road Accidents,Junction,City/Town,Open area,Human Error,Not Applicable,Grievous Injury,Others,No signal lights,Others,NH,Bitumen(Tar),Dry,Not Applicable,Clear,KANNAMANGALA GATE BB ROAD,KANNAMANGALA GATE,7,0.0,0.0,0,0,0.0,0.0
Bengaluru City,Devanahalli Traffic PS,1.04432e+16,2017,1,1,Road Accidents,Other,City/Town,Open area,Human Error,No,Grievous Injury,Others,Give way sign,Not Applicable,State Highway,Not Applicable,Dry,Not Applicable,Fine,DEVANAHALLI,DEVANAHALLI,2,0.0,0.0,0,0,0.0,0.0
Bengaluru City,Devanahalli Traffic PS,1.04432e+16,2017,1,1,Road Accidents,Other,Villages settlement,Residential area,Human Error,No,Grievous Injury,Others,Not Applicable,Straight and flat,Residential Street,Bitumen(Tar),Dry,Not Applicable,Cloudy,BIA ALFA OPPSITE,1,12KM,0.0,0.0,0,0,0.0,0.0
Bengaluru City,Devanahalli Traffic PS,1.04432e+16,2017,1,2,Road Accidents,Curves,Not Applicable,Near or inside a village,Human Error,Yes,Damage Only,Others,Not Applicable,Curve,Others,Bitumen(Tar),Dry,Not Applicable,Fine,AIRPORT MAIN ROAD BACK SIDE OF TAJ HOTEL,NORTH 20YARD TAR ROAD EDZA,13KM,13.19848065,77.70973742,0,0,0.0,0.0
Bengaluru City,Devanahalli Traffic PS,1.04432e+16,2017,1,1,Road Accidents,Not Applicable,Rural Areas,Narrow bridge or culverts,Human Error,No,Damage Only,Hit fixed object,Not Applicable,Straight and flat,NH,Bitumen(Tar),Dry,Not Applicable,Fine,BB Road,Near light pole,40,13.24203498,77.70400256,0,0,0.0,0.0
Bengaluru City,Devanahalli Traffic PS,1.04432e+16,2017,1,2,Road Accidents,Junction,Not Applicable,Near Hospital,Not Applicable,No,Fatal,Not Applicable,Police / Manual,Not Applicable,NH,Bitumen(Tar),Dry,Not Applicable,Fine,"BB Road, Kannamangalapalya Gate",Near Railway Track,100 Ft,13.131672,77.405597,0,0,0.0,0.0
Bengaluru City,Devanahalli Traffic PS,1.04432e+16,2017,1,1,Road Accidents,Other,Not Applicable,Near Bus stop,Not Applicable,No,Damage Only,Skidding or Self accident,Police / Manual,Not Applicable,Two way,Bitumen(Tar),Dry,Not Applicable,Fine,Kannamangala Palya Gate,High mas light,100 MT,13.21992627,77.67141724,0,0,0.0,0.0
Bengaluru City,Devanahalli Traffic PS,1.04432e+16,2017,1,2,Road Accidents,T Junction,Rural Areas,Near or inside a village,Human Error,No,Simple Injury,Others,Not Applicable,Not Applicable,NH,Bitumen(Tar),Dry,Not Applicable,Fine,BB Road,caution boards,65,13.21992627,77.67141724,0,0,0.0,0.0
Bengaluru City,Devanahalli Traffic PS,1.04432e+16,2017,1,2,Road Accidents,T Junction,City/Town,Open area,Human Error,No,Damage Only,Head on,Not Applicable,Others,City or Town Road,Bitumen(Tar),Dry,Not Applicable,Fine,BB Road,NO PARKING BORD,40,13.226401,77.687189,0,0,0.0,0.0
Bengaluru City,Devanahalli Traffic PS,1.04432e+16,2017,1,2,Road Accidents,Other,City/Town,Residential area,Human Error,Not Applicable,Grievous Injury,Others,Not Applicable,Others,Sub Arterial,Not Applicable,Dry,Not Applicable,Clear,NANDI HILLS ROAD,nandi hills road,15,0.0,0.0,0,0,0.0,0.0
Bengaluru City,Devanahalli Traffic PS,1.04432e+16,2017,1,2,Road Accidents,Other,City/Town,Near School or College,Human Error,No,Damage Only,Others,Not Applicable,Straight and flat,City or Town Road,Bitumen(Tar),Dry,Not Applicable,Fine,BILISHIVALE ROAD,1,35 KM,0.0,0.0,0,0,0.0,0.0
Bengaluru City,Devanahalli Traffic PS,1.04432e+16,2017,1,2,Road Accidents,Junction,City/Town,In bazaar,Human Error,No,Damage Only,Others,Signals (Working),Straight and flat,State Highway,Bitumen(Tar),Dry,Not Applicable,Others,DODDABALLAPURA ROAD,Near light pole,15,13.241716,77.713731,0,0,0.0,0.0
Bengaluru City,Devanahalli Traffic PS,1.04432e+16,2017,1,1,Road Accidents,Other,City/Town,Near Bus stop,Human Error,No,Grievous Injury,Others,No signal lights,Others,Others,Not Applicable,Dry,Not Applicable,Fine,giriyamma circal,ELECTRIC POLE,20 ft,13.24471559,77.71320149,0,0,0.0,0.0
Bengaluru City,Devanahalli Traffic PS,1.04432e+16,2017,1,1,Road Accidents,Other,City/Town,Near or inside a village,Human Error,Yes,Grievous Injury,Hit and Run,Not Applicable,Others,NH,Bitumen(Tar),Others,Not Applicable,Fine,BALLARY MAIN ROAD,BALLARY MAIN ROAD,01KM,13.193689,77.649658,0,1,0.0,1.0
Bengaluru City,Devanahalli Traffic PS,1.04432e+16,2017,1,2,Road Accidents,Other,City/Town,Near office complex,Human Error,Not Applicable,Simple Injury,Others,Not at  Junction,Not Applicable,State Highway,Not Applicable,Dry,Not Applicable,Clear,VIJAYAPURA ROAD,DEVANAHALLI ROAD,4,0.0,0.0,0,0,0.0,0.0
Bengaluru City,Devanahalli Traffic PS,1.04432e+16,2017,1,1,Road Accidents,Other,City/Town,Open area,Human Error,Yes,Fatal,Hit pedestrian,Not at  Junction,Not Applicable,Others,Bitumen(Tar),Dry,Not Applicable,Clear,"AIRPORT ROAD, NEAR TRUMPET DIVERSSION",ROAR END,14 FT,0.0,0.0,0,0,0.0,0.0
Bengaluru City,Devanahalli Traffic PS,1.04432e+16,2017,1,2,Road Accidents,Other,City/Town,Near Hospital,Not Applicable,No,Simple Injury,Rear end,Not at  Junction,Not Applicable,Others,Bitumen(Tar),Dry,Not Applicable,Fine,Vijayapura Road,Near Hospital,200 MT,0.0,0.0,0,0,0.0,0.0
Bengaluru City,Devanahalli Traffic PS,1.04432e+16,2017,1,1,Road Accidents,Other,Not Applicable,Near or inside a village,Human Error,Not Applicable,Damage Only,Hit fixed object,Not Applicable,Not Applicable,NH,Bitumen(Tar),Dry,Not Applicable,Fine,BB ROAD NEAR DEVANAHALLI TOLL,NEAR AIRPORT FLYOVER,6KM,0.0,0.0,0,0,0.0,0.0
Bengaluru City,Devanahalli Traffic PS,1.04432e+16,2017,1,2,Road Accidents,Circle,Rural Areas,Open area,Human Error,Yes,Grievous Injury,Others,Not at  Junction,Not Applicable,Village Road,Bitumen(Tar),Dry,Not Applicable,Fine,NEAR READYHALLI VILLAGE,NEAR READYHALLI VILLAGE,02KM,13.24471559,77.71320149,0,0,0.0,0.0
Bengaluru City,Devanahalli Traffic PS,1.04432e+16,2017,1,2,Road Accidents,Junction,City/Town,Near a religious place,Human Error,No,Damage Only,Others,Signal lights Blinking,Straight and flat,NH,Bitumen(Tar),Dry,Not Applicable,Fine,BB Road,Near light pole,55,13.2676314,77.7195886,0,0,0.0,0.0
Bengaluru City,Devanahalli Traffic PS,1.04432e+16,2017,1,1,Road Accidents,Other,City/Town,Residential area,Human Error,No,Grievous Injury,Hit bicyclist,Not Applicable,Not Applicable,Others,Bitumen(Tar),Dry,Not Applicable,Fine,BAGALURU,Near light pole,26,13.073587,77.651499,0,0,0.0,0.0
Bengaluru City,Devanahalli Traffic PS,1.04432e+16,2017,1,2,Road Accidents,Cross roads,Rural Areas,Near or inside a village,Human Error,No,Damage Only,Head on,Not Applicable,Curve,Others,Bitumen(Tar),Dry,Not Applicable,Snow,Airport Road,Near light pole,35,0.0,0.0,0,0,0.0,0.0
Bengaluru City,Devanahalli Traffic PS,1.04432e+16,2017,1,2,Road Accidents,Junction,City/Town,Open area,Human Error,No,Grievous Injury,Head on,Signal lights Blinking,Curve and Incline,City or Town Road,Bitumen(Tar),Dry,Not Applicable,Fine,BB Road,Road Diveder,32,13.2676314,77.7195886,0,0,0.0,0.0
Bengaluru City,Devanahalli Traffic PS,1.04432e+16,2017,1,2,Road Accidents,Other,City/Town,Open area,Human Error,No,Damage Only,Rear end,Uncontrolled,Not Applicable,NH,Bitumen(Tar),Dry,Not Applicable,Clear,BB ROAD NEAR DABA GATE,S,4,0.0,0.0,0,0,0.0,0.0
Bengaluru City,Devanahalli Traffic PS,1.04432e+16,2017,1,2,Road Accidents,Narrow road,Not Applicable,Near office complex,Human Error,No,Damage Only,Others,Not Applicable,Hump,Others,Bitumen(Tar),Dry,Not Applicable,Snow,Airport Road,near Tree,25 ft,0.0,0.0,0,0,0.0,0.0
Bengaluru City,Devanahalli Traffic PS,1.04432e+16,2017,1,1,Road Accidents,Other,Rural Areas,At pedestrian Crossing,Human Error,No,Simple Injury,Hit pedestrian,Not Applicable,Others,State Highway,Bitumen(Tar),Dry,Not Applicable,Others,Airport Road,Near light pole,16,13.197924,77.690307,0,0,0.0,0.0
Bengaluru City,Devanahalli Traffic PS,1.04432e+16,2017,1,2,Road Accidents,Culvert,Rural Areas,Near or inside a village,Human Error,No,Grievous Injury,Head on,Signal lights Blinking,Straight and flat,NH,Bitumen(Tar),Dry,Not Applicable,Clear,BB Road,CULVERT,50 Mt,13.21992627,77.67141724,0,0,0.0,0.0
Bengaluru City,Devanahalli Traffic PS,1.04432e+16,2018,1,2,Road Accidents,Narrow road,City/Town,Residential area,Human Error,No,Simple Injury,Not Applicable,No signal lights,Not Applicable,City or Town Road,Not Applicable,Not Applicable,No influence on accident,Fine,"NEAR ALPHA COLLAGE,BYRATHI,",CHIKKA GUBBI ROAD,22 KM,13.06491,77.672668,0,0,0.0,0.0
Bengaluru City,Devanahalli Traffic PS,1.04432e+16,2018,1,2,Road Accidents,Narrow road,Rural Areas,Near Petrol Pump,Human Error,Yes,Simple Injury,Hit and Run,Not at  Junction,Not Applicable,Village Road,Bitumen(Tar),Dry,Not Applicable,Fine,Devanahalli-Budigere,Muniyappa Lan,20,13.216996,77.740438,0,0,0.0,0.0
Bengaluru City,Devanahalli Traffic PS,1.04432e+16,2018,1,2,Road Accidents,Circle,City/Town,Open area,Human Error,Not Applicable,Grievous Injury,Hit and Run,Not Applicable,Others,City or Town Road,Bitumen(Tar),Dry,Not Applicable,Fine,HENURU KANNURU MAIN ROAD.,HENNURU MAIN ROAD,15 KM,13.070918,77.633621,0,0,0.0,0.0
Bengaluru City,Devanahalli Traffic PS,1.04432e+16,2018,1,2,Road Accidents,Narrow road,Rural Areas,Near a religious place,Human Error,No,Fatal,Head on,Not at  Junction,Not Applicable,State Highway,Bitumen(Tar),Dry,Not Applicable,Fine,Sulibele Road,No Parking Board,6,13.24353,77.718744,0,0,0.0,0.0
Bengaluru City,Devanahalli Traffic PS,1.04432e+16,2018,1,2,Road Accidents,Junction,City/Town,Affected by encroachments,Human Error,No,Simple Injury,Hit puchcart,Police / Manual,Not Applicable,City or Town Road,Bitumen(Tar),Dry,Not Applicable,Fine,AKKUPETE JUNCTION,ELECTRICAL POLE,50,13.3021582,77.5510526,0,0,0.0,0.0
Bengaluru City,Devanahalli Traffic PS,1.04432e+16,2018,1,1,Road Accidents,Cross roads,City/Town,Near or inside a village,Human Error,Not Applicable,Simple Injury,Hit fixed object,Not at  Junction,Others,City or Town Road,Bitumen(Tar),Dry,Construction Work / Material,Fine,"Neeleri road, Near Nandi Road,Devanahalli tq",Blinker,25,13.2676314,77.7195886,2,0,0.0,2.0
Bengaluru City,Devanahalli Traffic PS,1.04432e+16,2018,1,2,Road Accidents,Narrow road,Rural Areas,Open area,Human Error,No,Fatal,Not Applicable,No signal lights,Not Applicable,NH,Not Applicable,Not Applicable,No influence on accident,Fine,NEAR KODIMANCHENAHALLI LAKE,DODDABALLAPURA ROAD,3 KM,0.0,0.0,0,0,0.0,0.0
Bengaluru City,Devanahalli Traffic PS,1.04432e+16,2018,1,2,Road Accidents,Narrow road,City/Town,Affected by encroachments,Human Error,No,Damage Only,Hit puchcart,Not at  Junction,Others,City or Town Road,Bitumen(Tar),Dry,No influence on accident,Fine,BB ROAD NEAR KANNAMANGALA GATE,ELECTIIC POLE,50,13.21992627,77.67141724,0,0,0.0,0.0
Bengaluru City,Devanahalli Traffic PS,1.04432e+16,2018,1,2,Road Accidents,Narrow road,City/Town,Affected by encroachments,Human Error,Not Applicable,Simple Injury,Hit puchcart,Not Applicable,Not Applicable,City or Town Road,Bitumen(Tar),Dry,No influence on accident,Fine,"DODDABALLAPURA ROAD, KODIMANCHENAHALLI LAKE",TREE,30,13.2570916,77.6976754,0,0,0.0,0.0
Bengaluru City,Devanahalli Traffic PS,1.04432e+16,2018,1,2,Road Accidents,Narrow road,City/Town,Open area,Human Error,No,Simple Injury,Not Applicable,No signal lights,Not Applicable,NH,Not Applicable,Not Applicable,No influence on accident,Fine,NEAR KANNAMANGALA GATE,B B ROAD,6 KM,13.201528,77.658159,0,0,0.0,0.0
Bengaluru City,Devanahalli Traffic PS,1.04432e+16,2018,1,1,Road Accidents,Narrow road,City/Town,Near Petrol Pump,Human Error,Yes,Simple Injury,Vehicle to Vehicle,Not Applicable,Not Applicable,NH,Bitumen(Tar),Dry,No influence on accident,Fine,"BB Road, Infront of green park daba",DEVIDER,20,13.3021582,77.5510526,0,0,0.0,0.0
Bengaluru City,Devanahalli Traffic PS,1.04432e+16,2018,1,2,Road Accidents,Narrow road,Rural Areas,Residential area,Human Error,Yes,Simple Injury,Not Applicable,No signal lights,Hump,NH,Not Applicable,Not Applicable,No influence on accident,Fine,"NEAR UMESHA HOME,",No Parking Board,40INCH,13.2570916,77.6976754,0,0,0.0,0.0