DISTRICTNAME,UNITNAME,Crime_No,Year,RI,Noofvehicle_involved,Accident_Classification,Accident_Spot,Accident_Location,Accident_SubLocation,Main_Cause,Hit_Run,Severity,Collision_Type,Junction_Control,Road_Character,Road_Type,Surface_Type,Surface_Condition,Road_Condition,Weather,Accident_Road,Landmark_first,Distance_LandMark_First,Latitude,Longitude,Road_Condition_Score,Surface_Condition_Score,Surface_Type_Score,Road_Risk_Index
Bengaluru City,Devanahalli Traffic PS,1.04432e+16,2018,1,2,Rail Road Accidents,Narrow road,City/Town,Open area,Human Error,Not Applicable,Fatal,Not Applicable,No signal lights,Not Applicable,NH,Not Applicable,Not Applicable,No influence on accident,Not Applicable,"B.B ROAD, KANNAMANGALA PALYA GET",KANAMANGALAPALYA GETA,4 KM,13.21992627,77.67141724,0,0,0.0,0.0
Bengaluru City,Devanahalli Traffic PS,1.04432e+16,2018,1,1,Road Accidents,Other,City/Town,Affected by encroachments,Vehicle Defect,No,Damage Only,Not Applicable,Signal lights Automatic,Curve,Others,Not Applicable,Not Applicable,Not Applicable,Fine,AIRPORT,VIP ARRIVAL GATE,12 KM,13.198376,77.705837,0,0,0.0,0.0
Bengaluru City,Devanahalli Traffic PS,1.04432e+16,2018,1,2,Road Accidents,Narrow road,City/Town,Open area,Human Error,No,Simple Injury,Not Applicable,No signal lights,Not Applicable,Others,Not Applicable,Not Applicable,No influence on accident,Fine,"NEAR BYBAL COLLAGE,",HENNURU BAGALURU MAIN ROAD,12 KM,13.071452,77.651055,0,0,0.0,0.0
Bengaluru City,Devanahalli Traffic PS,1.04432e+16,2018,1,1,Road Accidents,Narrow road,Not Applicable,Near Bus stop,Human Error,No,Simple Injury,Hit fixed object,Not at  Junction,Not Applicable,NH,Bitumen(Tar),Dry,Not Applicable,Fog / Mist,BB Road,ELECTRIC POLE,22,0.0,0.0,0,0,0.0,0.0
Bengaluru City,Devanahalli Traffic PS,1.04432e+16,2018,1,2,Road Accidents,Junction,City/Town,Affected by encroachments,Human Error,Not Applicable,Simple Injury,Hit puchcart,No signal lights,Others,City or Town Road,Bitumen(Tar),Dry,No influence on accident,Fine,PUJENAHALLI GATE,ELECTRIC POLE,45,13.193689,77.649658,0,0,0.0,0.0
Bengaluru City,Devanahalli Traffic PS,1.04432e+16,2018,1,2,Road Accidents,Junction,City/Town,Near or inside a village,Human Error,No,Simple Injury,Not Applicable,Signal lights Blinking,Others,NH,Bitumen(Tar),Not Applicable,No influence on accident,Others,NEAR DODDABALLAPUR CROSS,ELECTIIC POLE,60,13.3021582,77.5510526,0,0,0.0,0.0
Bengaluru City,Devanahalli Traffic PS,1.04432e+16,2018,1,2,Road Accidents,Not Applicable,City/Town,Affected by encroachments,Human Error,Yes,Simple Injury,Hit and Run,Not Applicable,Not Applicable,City or Town Road,Bitumen(Tar),Dry,No influence on accident,Fine,"KOTTANURU POST, CHIKKABYARATHI",mobile tower,10,13.055511,77.646373,0,0,0.0,0.0
Bengaluru City,Devanahalli Traffic PS,1.04432e+16,2018,1,2,Road Accidents,Narrow road,City/Town,Open area,Human Error,Yes,Simple Injury,Not Applicable,No signal lights,Not Applicable,NH,Not Applicable,Not Applicable,No influence on accident,Fine,NEAR HIRANANDINI,B B ROAD,1 KM,13.241716,77.713731,0,0,0.0,0.0
Bengaluru City,Devanahalli Traffic PS,1.04432e+16,2018,1,2,Road Accidents,Narrow road,City/Town,Open area,Human Error,Not Applicable,Simple Injury,Vehicle to Vehicle,Not at  Junction,Others,One way,Bitumen(Tar),Dry,No influence on accident,Fine,"BB Road, Near Hiranandini Apartment",ELECTRIC POLE,20,13.241716,77.713731,0,0,0.0,0.0
Bengaluru City,Devanahalli Traffic PS,1.04432e+16,2018,1,2,Road Accidents,Junction,City/Town,Near or inside a village,Human Error,No,Simple Injury,Hit puchcart,No signal lights,Others,City or Town Road,Bitumen(Tar),Dry,No influence on accident,Fine,"BB Road, Near Chikkasanne gate, devanahalli tq, bangalore rural distict",BLINKER,35INC,13.2298289,77.702282,0,0,0.0,0.0
Bengaluru City,Devanahalli Traffic PS,1.04432e+16,2018,1,2,Road Accidents,Other,City/Town,Near Hospital,Human Error,No,Simple Injury,Hit puchcart,Not Applicable,Not Applicable,City or Town Road,Bitumen(Tar),Dry,Not Applicable,Fine,KOTTANURU- BAGALURU MAIN ROAD,ROYAL HOSPETAL CARE,2,13.071452,77.651055,0,0,0.0,0.0
Bengaluru City,Devanahalli Traffic PS,1.04432e+16,2018,1,3,Road Accidents,Narrow road,City/Town,Near Bus stop,Human Error,Not Applicable,Fatal,Not Applicable,No signal lights,Not Applicable,Others,Not Applicable,Not Applicable,Not Applicable,Fine,K NARAYANPUR MAIN ROAD,K NARAYANAPURACOSS,15,13.073,77.643661,0,0,0.0,0.0
Bengaluru City,Devanahalli Traffic PS,1.04432e+16,2018,1,1,Road Accidents,Narrow road,City/Town,Affected by encroachments,Human Error,Not Applicable,Simple Injury,Hit pedestrian,Not at  Junction,Others,City or Town Road,Bitumen(Tar),Dry,No influence on accident,Fine,"AIRPORT ROAD, NEAR TAJ HOTEL",TAJ HOTEL,20,13.198376,77.705837,0,0,0.0,0.0
Bengaluru City,Devanahalli Traffic PS,1.04432e+16,2018,1,1,Road Accidents,Narrow road,City/Town,Near or inside a village,Human Error,Yes,Simple Injury,Not Applicable,No signal lights,Not Applicable,NH,Not Applicable,Not Applicable,No influence on accident,Fine,"NEAR H P PETROL PUMP, CHIKKASANNE GATE,",B B ROAD,3 KM,13.2298289,77.702282,0,0,0.0,0.0
Bengaluru City,Devanahalli Traffic PS,1.04432e+16,2018,1,2,Road Accidents,Narrow road,City/Town,Open area,Human Error,No,Simple Injury,Not Applicable,No signal lights,Not Applicable,NH,Not Applicable,Not Applicable,No influence on accident,Fine,NEAR DEVANAHALLI BYPASS,B B ROAD,1 KM,13.241716,77.713731,0,0,0.0,0.0
Bengaluru City,Devanahalli Traffic PS,1.04432e+16,2018,1,2,Road Accidents,Narrow road,Rural Areas,Near or inside a village,Human Error,Yes,Simple Injury,Hit puchcart,Not at  Junction,Others,NH,Bitumen(Tar),Dry,Not Applicable,Fine,Near Bacchahalli Gate B B Road,Light Pole,35,13.211861,77.673157,0,0,0.0,0.0
Bengaluru City,Devanahalli Traffic PS,1.04432e+16,2018,1,1,Road Accidents,Narrow road,City/Town,Narrow bridge or culverts,Human Error,Yes,Fatal,Hit and Run,Not Applicable,Others,City or Town Road,Bitumen(Tar),Dry,No influence on accident,Others,"BB Road, Bachahalli gate",ELECTIIC POLE,65,13.211861,77.673157,0,0,0.0,0.0
Bengaluru City,Devanahalli Traffic PS,1.04432e+16,2018,1,2,Road Accidents,Not Applicable,Rural Areas,Open area,Human Error,No,Fatal,Not Applicable,Not Applicable,Not Applicable,NH,Not Applicable,Not Applicable,No influence on accident,Fine,"NEAR KANNAMANGALA PALYA,",B B ROAD,5 KM,13.201528,77.658159,0,0,0.0,0.0
Bengaluru City,Devanahalli Traffic PS,1.04432e+16,2018,1,1,Road Accidents,Narrow road,Not Applicable,Residential area,Human Error,No,Simple Injury,Not Applicable,No signal lights,Not Applicable,NH,Not Applicable,Not Applicable,No influence on accident,Others,NEAR HIRANANDINI APARTMENT,No Parking Board,50 FT,13.241716,77.713731,0,0,0.0,0.0
Bengaluru City,Devanahalli Traffic PS,1.04432e+16,2018,1,2,Road Accidents,Junction,City/Town,Near Bus stop,Human Error,Not Applicable,Simple Injury,Hit puchcart,Not Applicable,Others,City or Town Road,Bitumen(Tar),Dry,No influence on accident,Fine,"BB Road, Near old bud stop",No Parking Board,50,13.2486292,77.7155364,0,0,0.0,0.0
Bengaluru City,Devanahalli Traffic PS,1.04432e+16,2018,1,2,Road Accidents,Narrow road,City/Town,Affected by encroachments,Human Error,Not Applicable,Simple Injury,Hit puchcart,No signal lights,Others,Others,Bitumen(Tar),Dry,No influence on accident,Fine,Airport Road Near 1st circle,ELECTRIC POLE,40,0.0,0.0,0,0,0.0,0.0
Bengaluru City,Devanahalli Traffic PS,1.04432e+16,2018,1,2,Road Accidents,Circle,City/Town,Near office complex,Human Error,No,Damage Only,Head on,Controlled,Hump,One way,Bitumen(Tar),Dry,Not Applicable,Fine,BB Road,ELECTRIC POLE,48,13.241716,77.713731,0,0,0.0,0.0
Bengaluru City,Devanahalli Traffic PS,1.04432e+16,2018,1,2,Road Accidents,Narrow road,City/Town,Affected by encroachments,Human Error,No,Damage Only,Hit puchcart,Not at  Junction,Others,City or Town Road,Bitumen(Tar),Dry,No influence on accident,Fine,BB ROAD NEAR GAGAN RESTRORENT,ELECTIIC POLE,20,13.2676314,77.7195886,0,0,0.0,0.0
Bengaluru City,Devanahalli Traffic PS,1.04432e+16,2018,1,1,Road Accidents,Narrow road,City/Town,Near Bus stop,Human Error,No,Simple Injury,Head on,Not at  Junction,Not Applicable,City or Town Road,Bitumen(Tar),Dry,Not Applicable,Fine,BB Road,ELECTRICAL POLE,25,13.2456607,77.7127844,0,0,0.0,0.0
Bengaluru City,Devanahalli Traffic PS,1.04432e+16,2018,1,1,Road Accidents,Narrow road,City/Town,Affected by encroachments,Human Error,No,Fatal,Others,No signal lights,Not Applicable,City or Town Road,Bitumen(Tar),Dry,No influence on accident,Fine,AIRLINED DABA,TREE,50,13.132121,77.442723,0,0,0.0,0.0
Bengaluru City,Devanahalli Traffic PS,1.04432e+16,2018,1,2,Road Accidents,Other,City/Town,Affected by encroachments,Human Error,No,Simple Injury,Hit puchcart,Not Applicable,Not Applicable,City or Town Road,Bitumen(Tar),Dry,Not Applicable,Fine,KIAL AIRPORT ROAD NEAR I ST CIRCLE,SHINE BOARD,12,0.0,0.0,0,0,0.0,0.0
Bengaluru City,Devanahalli Traffic PS,1.04432e+16,2018,1,1,Road Accidents,Junction,City/Town,Near Bus stop,Human Error,Yes,Simple Injury,Hit and Run,Signal lights Blinking,Others,City or Town Road,Bitumen(Tar),Dry,No influence on accident,Fine,NEAR KANNAMANGALA PALYA GATE,BLENKER,20,13.21992627,77.67141724,0,0,0.0,0.0
Bengaluru City,Devanahalli Traffic PS,1.04432e+16,2018,1,1,Rail Road Accidents,Narrow road,City/Town,Near Bus stop,Human Error,No,Fatal,Not Applicable,No signal lights,Not Applicable,NH,Not Applicable,Not Applicable,No influence on accident,Fine,"BB ROAD, INFRONT OF GURUBHAVANA",ELECTIIC POLE,40MTR,13.2486292,77.7155364,0,0,0.0,0.0
Bengaluru City,Devanahalli Traffic PS,1.04432e+16,2018,1,2,Rail Road Accidents,Narrow road,Rural Areas,Open area,Human Error,No,Simple Injury,Not Applicable,No signal lights,Not Applicable,Two way,Not Applicable,Not Applicable,No influence on accident,Others,"NEAR AGALAKOTE VILLAGE,",BOODIGERE ROAD,8 KM,13.24353,77.718744,0,0,0.0,0.0
Bengaluru City,Devanahalli Traffic PS,1.04432e+16,2018,1,3,Road Accidents,Narrow road,City/Town,Affected by encroachments,Human Error,Not Applicable,Damage Only,Hit puchcart,Not Applicable,Others,City or Town Road,Bitumen(Tar),Dry,No influence on accident,Fine,Airport Road Near 1st circle,ELECTIIC POLE,35,13.198154,77.680104,0,0,0.0,0.0
Bengaluru City,Devanahalli Traffic PS,1.04432e+16,2018,1,2,Road Accidents,Narrow road,Rural Areas,Near Petrol Pump,Human Error,No,Simple Injury,Head on,Not Applicable,Not Applicable,NH,Bitumen(Tar),Dry,Not Applicable,Very Cold,BB Road,petrol bunk,30,13.2298289,77.702282,0,0,0.0,0.0
Bengaluru City,Devanahalli Traffic PS,1.04432e+16,2018,1,2,Road Accidents,Narrow road,Villages settlement,Near or inside a village,Human Error,Yes,Simple Injury,Hit and Run,Not at  Junction,Not Applicable,NH,Bitumen(Tar),Dry,Not Applicable,Snow,BB Road,No Parking Bord,34,13.2298289,77.702282,0,0,0.0,0.0
Bengaluru City,Devanahalli Traffic PS,1.04432e+16,2018,1,2,Road Accidents,Narrow road,City/Town,Near or inside a village,Human Error,No,Fatal,Hit puchcart,Not at  Junction,Others,City or Town Road,Bitumen(Tar),Dry,Not Applicable,Fine,NANDI ROAD NEAR RAMAKRISHNA HOUSE,TREE,20,0.0,0.0,0,0,0.0,0.0
Bengaluru City,Devanahalli Traffic PS,1.04432e+16,2018,1,3,Road Accidents,Junction,City/Town,Near or inside a village,Human Error,Yes,Simple Injury,Hit puchcart,Signal lights Blinking,Others,NH,Bitumen(Tar),Dry,No influence on accident,Fine,"NEAR CHIKKASANNE GATE,",devider,30,13.2298289,77.702282,0,0,0.0,0.0
Bengaluru City,Devanahalli Traffic PS,1.04432e+16,2018,1,1,Road Accidents,Narrow road,City/Town,Residential area,Human Error,Yes,Fatal,Not Applicable,No signal lights,Not Applicable,NH,Not Applicable,Not Applicable,No influence on accident,Others,"NEAR MAYURU HOTEL,",B B ROAD,1 KM,13.241716,77.713731,0,0,0.0,0.0
Bengaluru City,Devanahalli Traffic PS,1.04432e+16,2018,1,2,Road Accidents,Rail Crossing Unmanned,City/Town,Affected by encroachments,Human Error,Not Applicable,Damage Only,Hit puchcart,Not at  Junction,Others,City or Town Road,Bitumen(Tar),Dry,No influence on accident,Fine,"Near Neeragantapalya, devanahalli tq, bangalore rural distict",DEVIDER,35,13.3021582,77.5510526,0,0,0.0,0.0
Bengaluru City,Devanahalli Traffic PS,1.04432e+16,2018,1,1,Road Accidents,Narrow road,City/Town,Near office complex,Human Error,No,Damage Only,Hit fixed object,Not at  Junction,Not Applicable,City or Town Road,Bitumen(Tar),Dry,Not Applicable,Snow,Rampura Road,Electri pole,11,13.073,77.643661,0,0,0.0,0.0
Bengaluru City,Devanahalli Traffic PS,1.04432e+16,2018,1,3,Road Accidents,Narrow road,City/Town,Open area,Vehicle Defect,No,Damage Only,Not Applicable,No signal lights,Not Applicable,City or Town Road,Not Applicable,Not Applicable,No influence on accident,Fine,"NEAR BIAL PARKING PLACE, AREEVAR",AREEVA,12 KM,13.198376,77.705837,0,0,0.0,0.0
Bengaluru City,Devanahalli Traffic PS,1.04432e+16,2018,1,3,Road Accidents,Narrow road,Not Applicable,Near office complex,Human Error,No,Simple Injury,Head on,Not Applicable,Not Applicable,City or Town Road,Bitumen(Tar),Dry,Not Applicable,Fine,Airport Road,Tree,20,13.197924,77.690307,0,0,0.0,0.0
Bengaluru City,Devanahalli Traffic PS,1.04432e+16,2018,1,2,Road Accidents,Narrow road,City/Town,Affected by encroachments,Human Error,No,Simple Injury,Hit puchcart,Not at  Junction,Others,City or Town Road,Bitumen(Tar),Dry,No influence on accident,Fine,BIAL NEAR CISG CHECK POINT,ELECTRIC POLE,35,13.197924,77.690307,0,0,0.0,0.0
Bengaluru City,Devanahalli Traffic PS,1.04432e+16,2018,1,1,Road Accidents,Narrow road,City/Town,Affected by encroachments,Human Error,Not Applicable,Simple Injury,Not Applicable,Not at  Junction,Not Applicable,City or Town Road,Bitumen(Tar),Dry,Not Applicable,Fine,"KOTTANURU MAIN ROAD, BILISHIVALA MAIN ROAD",ELECTRICAL POLE,60,13.055511,77.646373,0,0,0.0,0.0
Bengaluru City,Devanahalli Traffic PS,1.04432e+16,2018,1,1,Road Accidents,Narrow road,Not Applicable,Near office complex,Human Error,No,Fatal,Head on,Not at  Junction,Not Applicable,NH,Bitumen(Tar),Dry,Not Applicable,Wind,BB Road,Sagar Bar and restorent,60,13.241716,77.713731,0,0,0.0,0.0
Bengaluru City,Devanahalli Traffic PS,1.04432e+16,2018,1,1,Road Accidents,Junction,City/Town,Near Bus stop,Human Error,No,Grievous Injury,Hit pedestrian,No signal lights,Others,NH,Bitumen(Tar),Dry,Not Applicable,Cloudy,devanahalli old busstop,Road Diveder,10 ft,13.2486292,77.7155364,0,0,0.0,0.0
Bengaluru City,Devanahalli Traffic PS,1.04432e+16,2018,1,3,Road Accidents,Narrow road,Rural Areas,Near Bus stop,Human Error,No,Fatal,Overturning,Not at  Junction,Not Applicable,NH,Bitumen(Tar),Dry,Not Applicable,Fine,BB Road,Divider,24,13.211861,77.673157,0,0,0.0,0.0
Bengaluru City,Devanahalli Traffic PS,1.04432e+16,2018,1,2,Road Accidents,Narrow road,City/Town,Near or inside a village,Human Error,Yes,Simple Injury,Vehicle to Vehicle,Not Applicable,Others,Two way,Bitumen(Tar),Dry,No influence on accident,Others,"NEAR AMJAL LAYOUT, NANADI ROAD, DEVANAHALLI",ELECTRIC POLE,20,0.0,0.0,0,0,0.0,0.0
Bengaluru City,Devanahalli Traffic PS,1.04432e+16,2018,1,2,Road Accidents,Narrow road,City/Town,Residential area,Human Error,Yes,Simple Injury,Vehicle to Vehicle,No signal lights,Not Applicable,Others,Not Applicable,Not Applicable,No influence on accident,Fine,"NEAR PRYME HOSPITAL,",K NARAYANAPURACOSS,22 KM,13.073,77.643661,0,0,0.0,0.0
Bengaluru City,Devanahalli Traffic PS,1.04432e+16,2018,1,1,Road Accidents,Narrow road,City/Town,At pedestrian Crossing,Human Error,Not Applicable,Fatal,Hit pedestrian,Not at  Junction,Not Applicable,City or Town Road,Bitumen(Tar),Dry,No influence on accident,Fine,"NEAR AKKUPETE JUNCTION, DEVANAHALL TQ, BB ROAD",ELECTIIC POLE,42,13.3021582,77.5510526,0,0,0.0,0.0
Bengaluru City,Devanahalli Traffic PS,1.04432e+16,2018,1,2,Road Accidents,Narrow road,City/Town,Affected by encroachments,Human Error,No,Simple Injury,Hit puchcart,Not Applicable,Not Applicable,City or Town Road,Bitumen(Tar),Dry,No influence on accident,Fine,"BB ROAD, NEAR KANNAMANGALA PALYA GATE",ELECTRIC POLE,30,13.201528,77.658159,0,0,0.0,0.0
Bengaluru City,Devanahalli Traffic PS,1.04432e+16,2018,1,2,Road Accidents,Narrow road,Not Applicable,Open area,Human Error,No,Simple Injury,Not Applicable,No signal lights,Not Applicable,NH,Not Applicable,Not Applicable,No influence on accident,Fine,NEAR CHIKKASANNE GATE,B B ROAD,3 KM,13.2298289,77.702282,0,0,0.0,0.0
Bengaluru City,Devanahalli Traffic PS,1.04432e+16,2018,1,2,Road Accidents,Junction,City/Town,Near or inside a village,Human Error,Not Applicable,Damage Only,Others,Signal lights Blinking,Others,NH,Bitumen(Tar),Dry,Not Applicable,Fine,"NEAR RANI CROSS, NATIONAL HIGHWAY, DEVANAHALLI",ELECTRIC POLE,35,13.2676314,77.7195886,0,0,0.0,0.0
Bengaluru City,Devanahalli Traffic PS,1.04432e+16,2018,1,1,Road Accidents,Narrow road,City/Town,Residential area,Human Error,No,Simple Injury,Not Applicable,No signal lights,Not Applicable,NH,Not Applicable,Not Applicable,No influence on accident,Others,NEAR KANNAMANGALA GATE,B B ROAD,5 KM,13.201528,77.658159,0,0,0.0,0.0
Bengaluru City,Devanahalli Traffic PS,1.04432e+16,2018,1,2,Road Accidents,Junction,City/Town,Affected by encroachments,Human Error,Not Applicable,Fatal,Vehicle to Vehicle,No signal lights,Others,NH,Bitumen(Tar),Dry,No influence on accident,Fine,"BB Road, Near Kannamagala gate, devanahalli tq, bangalore rural distict",ELECTIIC POLE,32,13.201528,77.658159,0,0,0.0,0.0
Bengaluru City,Devanahalli Traffic PS,1.04432e+16,2018,1,2,Road Accidents,Narrow road,City/Town,Narrow bridge or culverts,Human Error,No,Simple Injury,Not Applicable,No signal lights,Not Applicable,City or Town Road,Not Applicable,Not Applicable,Not Applicable,Fine,"NEAR KRISHNA ITI COLLOGE,",BYCHAPURA,01 KM,13.24471559,77.71320149,0,0,0.0,0.0
Bengaluru City,Devanahalli Traffic PS,1.04432e+16,2018,1,2,Road Accidents,Narrow road,City/Town,Affected by encroachments,Human Error,No,Simple Injury,Hit puchcart,Not at  Junction,Others,City or Town Road,Bitumen(Tar),Dry,No influence on accident,Fine,AIRPORT ROAD NEAR CISF CHECK POINT,DIVIDER,12,13.197924,77.690307,0,0,0.0,0.0
Bengaluru City,Devanahalli Traffic PS,1.04432e+16,2018,1,2,Road Accidents,Narrow road,Rural Areas,Near or inside a village,Human Error,Yes,Fatal,Head on,Not at  Junction,Not Applicable,Village Road,Bitumen(Tar),Dry,Not Applicable,Fog / Mist,Uganavadi Road,ELECTRICAL POLE,40,0.0,0.0,0,0,0.0,0.0
Bengaluru City,Devanahalli Traffic PS,1.04432e+16,2018,1,2,Road Accidents,Narrow road,City/Town,Open area,Human Error,No,Simple Injury,Not Applicable,No signal lights,Not Applicable,Others,Not Applicable,Others,Not Applicable,Fine,K NARAYANPUR MAIN ROAD,KOTTANURU,25 KM,13.073,77.643661,0,1,0.0,1.0
Bengaluru City,Devanahalli Traffic PS,1.04432e+16,2018,1,1,Road Accidents,Narrow road,City/Town,Affected by encroachments,Human Error,No,Simple Injury,Hit pedestrian,Not Applicable,Others,City or Town Road,Bitumen(Tar),Dry,No influence on accident,Fine,"KIAL, CARGO ROAD, NEAR TAJ STATS",TOW WAY BOARD,25,13.200518,77.699239,0,0,0.0,0.0
Bengaluru City,Devanahalli Traffic PS,1.04432e+16,2018,1,1,Road Accidents,Narrow road,City/Town,Near School or College,Human Error,Yes,Fatal,Hit pedestrian,Not Applicable,Others,Two way,Bitumen(Tar),Dry,Not Applicable,Fine,Near Gubbi Cross Kottanuru Bagaluru Main Road,Light Pole,65,13.073,77.643661,0,0,0.0,0.0
Bengaluru City,Devanahalli Traffic PS,1.04432e+16,2018,1,2,Road Accidents,Narrow road,City/Town,Affected by encroachments,Human Error,No,Simple Injury,Hit puchcart,Not at  Junction,Others,City or Town Road,Bitumen(Tar),Dry,No influence on accident,Fine,"BB Road, Near Uganavadi gate",ELECTIIC POLE,45,13.2298289,77.702282,0,0,0.0,0.0
Bengaluru City,Devanahalli Traffic PS,1.04432e+16,2018,1,2,Road Accidents,Narrow road,Rural Areas,Open area,Human Error,Yes,Simple Injury,Vehicle to Vehicle,No signal lights,Not Applicable,NH,Not Applicable,Not Applicable,No influence on accident,Others,"BHACHCHAHALLI BRIDGE,",DEVANAHALLI,4 KM,13.211861,77.673157,0,0,0.0,0.0
Bengaluru City,Devanahalli Traffic PS,1.04432e+16,2018,1,1,Rail Road Accidents,Junction,City/Town,Near Bus stop,Human Error,No,Simple Injury,Not Applicable,No signal lights,Not Applicable,NH,Not Applicable,Not Applicable,No influence on accident,Fine,DEVANAHALLI TOWN,VIJAYAPURA CERCAL,2 KM,13.241716,77.713731,0,0,0.0,0.0
Bengaluru City,Devanahalli Traffic PS,1.04432e+16,2018,1,1,Road Accidents,Junction,City/Town,Residential area,Human Error,Yes,Simple Injury,Hit and Run,No signal lights,Not Applicable,City or Town Road,Bitumen(Tar),Dry,Not Applicable,Fine,Kothanuru Road,Elecric pole,25,13.073,77.643661,0,0,0.0,0.0
Bengaluru City,Devanahalli Traffic PS,1.04432e+16,2018,1,2,Road Accidents,Junction,City/Town,Affected by encroachments,Human Error,No,Simple Injury,Hit puchcart,No signal lights,Not Applicable,City or Town Road,Bitumen(Tar),Dry,No influence on accident,Fine,BB ROAD NEAR IVC JUNCTION,ELECTRIC POLE,20,0.0,0.0,0,0,0.0,0.0
Bengaluru City,Devanahalli Traffic PS,1.04432e+16,2018,1,2,Road Accidents,Junction,City/Town,Narrow bridge or culverts,Human Error,No,Simple Injury,Hit puchcart,Police / Manual,Others,Service Road,Bitumen(Tar),Dry,Not Applicable,Fine,doddapallapur cross,BRIDGE,21,13.3021582,77.5510526,0,0,0.0,0.0
Bengaluru City,Devanahalli Traffic PS,1.04432e+16,2018,1,2,Road Accidents,Bridge,City/Town,Narrow bridge or culverts,Human Error,No,Damage Only,Hit puchcart,Not Applicable,Others,City or Town Road,Bitumen(Tar),Dry,No influence on accident,Fine,Airport Road,ELECTRIC POLE,40,13.195911,77.669649,0,0,0.0,0.0
Bengaluru City,Devanahalli Traffic PS,1.04432e+16,2018,1,1,Road Accidents,Narrow road,City/Town,Near or inside a village,Human Error,No,Fatal,Hit bicyclist,Signal lights Blinking,Others,City or Town Road,Bitumen(Tar),Dry,No influence on accident,Others,"BB Road, Near chikkasanne service raod",ELECTIIC POLE,30,13.2298289,77.702282,0,0,0.0,0.0
Bengaluru City,Devanahalli Traffic PS,1.04432e+16,2018,1,2,Road Accidents,Cross roads,City/Town,Near Petrol Pump,Human Error,Not Applicable,Simple Injury,Hit puchcart,Not Applicable,Not Applicable,City or Town Road,Bitumen(Tar),Dry,No influence on accident,Fine,"BB ROAD, DEMART DEVANAHALLI TOWN",ELECTRIC POLE,50,13.2486292,77.7155364,0,0,0.0,0.0
Bengaluru City,Devanahalli Traffic PS,1.04432e+16,2018,1,2,Road Accidents,Junction,City/Town,Near Bus stop,Human Error,No,Damage Only,Hit puchcart,Signal lights Manual,Others,City or Town Road,Bitumen(Tar),Dry,No influence on accident,Fine,NEAR VIJAYAPURA CROSS,ELECTRIC POLE,20,13.241716,77.713731,0,0,0.0,0.0
Bengaluru City,Devanahalli Traffic PS,1.04432e+16,2018,1,1,Road Accidents,Narrow road,City/Town,Residential area,Human Error,No,Simple Injury,Not Applicable,No signal lights,Gentle Incline or Climb,City or Town Road,Not Applicable,Not Applicable,No influence on accident,Fine,"INFORNT ALAHABHAD BANK, NEAR KOTTANURU BUS STAND",ELECTIIC POLE,20,13.34303,77.385609,0,0,0.0,0.0
Bengaluru City,Devanahalli Traffic PS,1.04432e+16,2018,1,1,Road Accidents,Not Applicable,City/Town,Near or inside a village,Human Error,Yes,Simple Injury,Not Applicable,Not at  Junction,Not Applicable,NH,Bitumen(Tar),Dry,No influence on accident,Fine,"BB Road, Bachahalli gate",ELECTRIC POLE,6 km,13.211861,77.673157,0,0,0.0,0.0
Bengaluru City,Devanahalli Traffic PS,1.04432e+16,2018,1,2,Road Accidents,Narrow road,City/Town,Near or inside a village,Human Error,Not Applicable,Damage Only,Others,Police / Manual,Others,NH,Bitumen(Tar),Dry,Not Applicable,Fine,Kannamangala Road Devanahalli,Tree,15,13.201528,77.658159,0,0,0.0,0.0
Bengaluru City,Devanahalli Traffic PS,1.04432e+16,2018,1,2,Road Accidents,Bridge,Rural Areas,Narrow bridge or culverts,Human Error,No,Simple Injury,Others,Not at  Junction,Not Applicable,NH,Bitumen(Tar),Dry,Not Applicable,Fine,BB Road,Crankrit wall,30,13.211861,77.673157,0,0,0.0,0.0
Bengaluru City,Devanahalli Traffic PS,1.04432e+16,2018,1,2,Road Accidents,Narrow road,Rural Areas,Near Petrol Pump,Human Error,No,Simple Injury,Head on,Not at  Junction,Not Applicable,Village Road,Bitumen(Tar),Dry,Not Applicable,Fine,Vijayapura road,ELECTRIC POLE,23,13.241716,77.713731,0,0,0.0,0.0
Bengaluru City,Devanahalli Traffic PS,1.04432e+16,2018,1,2,Road Accidents,Narrow road,Not Applicable,Near office complex,Human Error,No,Simple Injury,Head on,Not at  Junction,Not Applicable,Others,Bitumen(Tar),Dry,Not Applicable,Fine,Airport Road,ELECTRONIC POLE,45,13.195911,77.669649,0,0,0.0,0.0