DISTRICTNAME,UNITNAME,Crime_No,Year,RI,Noofvehicle_involved,Accident_Classification,Accident_Spot,Accident_Location,Accident_SubLocation,Main_Cause,Hit_Run,Severity,Collision_Type,Junction_Control,Road_Character,Road_Type,Surface_Type,Surface_Condition,Road_Condition,Weather,Accident_Road,Landmark_first,Distance_LandMark_First,Latitude,Longitude,Road_Condition_Score,Surface_Condition_Score,Surface_Type_Score,Road_Risk_Index
Bengaluru City,Devanahalli Traffic PS,1.04432e+16,2018,1,2,Road Accidents,Junction,Rural Areas,Near or inside a village,Human Error,No,Simple Injury,Head on,No signal lights,Not Applicable,NH,Bitumen(Tar),Dry,Not Applicable,Fine,BB Road,Divider,15,13.3021582,77.5510526,0,0,0.0,0.0
Bengaluru City,Devanahalli Traffic PS,1.04432e+16,2018,1,4,Road Accidents,Narrow road,City/Town,Open area,Vehicle Defect,No,Damage Only,Not Applicable,No signal lights,Not Applicable,Others,Not Applicable,Not Applicable,Not Applicable,Others,AIRPORT,PARKING PLACE,12KM,13.198982,77.704175,0,0,0.0,0.0
Bengaluru City,Devanahalli Traffic PS,1.04432e+16,2018,1,2,Road Accidents,Narrow road,City/Town,Affected by encroachments,Human Error,Not Applicable,Damage Only,Hit puchcart,Not Applicable,Not Applicable,City or Town Road,Bitumen(Tar),Dry,No influence on accident,Fine,"KIAL MAIN ROAD, NEAR 1ST CIRCLE",ELECTRIC POLE,40,0.0,0.0,0,0,0.0,0.0
Bengaluru City,Devanahalli Traffic PS,1.04432e+16,2018,1,2,Road Accidents,Narrow road,City/Town,Affected by encroachments,Human Error,No,Simple Injury,Hit puchcart,Not Applicable,Not Applicable,City or Town Road,Bitumen(Tar),Dry,No influence on accident,Fine,"BB ROAD, PUJENAHALLI GATE",ELECTRIC POLE,30,13.2417155,77.7137306,0,0,0.0,0.0
Bengaluru City,Devanahalli Traffic PS,1.04432e+16,2018,1,1,Road Accidents,Narrow road,City/Town,Affected by encroachments,Human Error,No,Simple Injury,Hit pedestrian,Not Applicable,Others,City or Town Road,Bitumen(Tar),Dry,No influence on accident,Fine,"Bagaluru main road, In fornt of bible road",ELECTIIC POLE,30,13.071452,77.651055,0,0,0.0,0.0
Bengaluru City,Devanahalli Traffic PS,1.04432e+16,2018,1,2,Road Accidents,Narrow road,City/Town,Residential area,Human Error,No,Simple Injury,Not Applicable,No signal lights,Not Applicable,City or Town Road,Not Applicable,Not Applicable,No influence on accident,Fine,"NEAR PRINES RESIDENCY,",ELECTIIC POLE,30,13.073,77.643661,0,0,0.0,0.0
Bengaluru City,Devanahalli Traffic PS,1.04432e+16,2018,1,3,Rail Road Accidents,Narrow road,City/Town,Open area,Vehicle Defect,No,Damage Only,Not Applicable,No signal lights,Not Applicable,NH,Not Applicable,Not Applicable,No influence on accident,Fine,NEAR DEVANAHALLI BYPASS,B B  ROAD,1 KM,13.241716,77.713731,0,0,0.0,0.0
Bengaluru City,Devanahalli Traffic PS,1.04432e+16,2018,1,1,Road Accidents,Narrow road,City/Town,Near Hospital,Human Error,Not Applicable,Fatal,Not Applicable,Not Applicable,Not Applicable,City or Town Road,Bitumen(Tar),Dry,No influence on accident,Fine,"NEAR D MART, INFRONT OF KRISHNA HOSPETAL, DEVANAHALLI",ELECTRIC POLE,45,13.2486292,77.7155364,0,0,0.0,0.0
Bengaluru City,Devanahalli Traffic PS,1.04432e+16,2018,1,1,Road Accidents,Narrow road,City/Town,Residential area,Human Error,No,Fatal,Not Applicable,No signal lights,Not Applicable,NH,Not Applicable,Not Applicable,No influence on accident,Others,"NEAR DHABHGATE,",B B ROAD,2KM,13.2298289,77.702282,0,0,0.0,0.0
Bengaluru City,Devanahalli Traffic PS,1.04432e+16,2018,1,2,Road Accidents,Narrow road,Rural Areas,Near Bus stop,Human Error,No,Simple Injury,Head on,Not at  Junction,Not Applicable,NH,Bitumen(Tar),Dry,Not Applicable,Clear,DODDABALLAPUR Road,ELECTRIC POLE,20,13.241716,77.713731,0,0,0.0,0.0
Bengaluru City,Devanahalli Traffic PS,1.04432e+16,2018,1,1,Road Accidents,Junction,City/Town,Near Bus stop,Human Error,Yes,Simple Injury,Hit pedestrian,Controlled,Not Applicable,NH,Bitumen(Tar),Dry,Not Applicable,Fog / Mist,BB Road,ELECTRIC POLE,25,13.241716,77.713731,0,0,0.0,0.0
Bengaluru City,Devanahalli Traffic PS,1.04432e+16,2018,1,2,Road Accidents,Narrow road,City/Town,In bazaar,Human Error,No,Simple Injury,Head on,Not at  Junction,Not Applicable,NH,Bitumen(Tar),Dry,Not Applicable,Fine,BB Road,ELECTRICAL POLE,40,13.2486292,77.7155364,0,0,0.0,0.0
Bengaluru City,Devanahalli Traffic PS,1.04432e+16,2018,1,2,Road Accidents,Narrow road,Rural Areas,Near Bus stop,Human Error,No,Simple Injury,Head on,No signal lights,Not Applicable,NH,Bitumen(Tar),Dry,Not Applicable,Wind,BB Road,Rail track,50,13.2298289,77.702282,0,0,0.0,0.0
Bengaluru City,Devanahalli Traffic PS,1.04432e+16,2018,1,2,Road Accidents,Narrow road,City/Town,Near Petrol Pump,Human Error,No,Fatal,Head on,No signal lights,Not Applicable,Residential Street,Bitumen(Tar),Dry,Not Applicable,Fine,Bagaluru Hennuru Main road,ELECTRIC POLE,20,13.055511,77.646373,0,0,0.0,0.0
Bengaluru City,Devanahalli Traffic PS,1.04432e+16,2018,1,2,Road Accidents,Narrow road,City/Town,Near or inside a village,Human Error,Yes,Simple Injury,Others,Police / Manual,Others,NH,Bitumen(Tar),Dry,Not Applicable,Fine,Near Kannamagala Gate B B Road Devanahalli,Road Divider,25,13.201528,77.658159,0,0,0.0,0.0
Bengaluru City,Devanahalli Traffic PS,1.04432e+16,2018,1,2,Road Accidents,Junction,City/Town,Affected by encroachments,Human Error,No,Simple Injury,Hit puchcart,Signal lights Blinking,Others,City or Town Road,Bitumen(Tar),Dry,No influence on accident,Fine,"B B RAOD, KANNAMANGALA GATE",NO PARKING BOARD,75,13.201528,77.658159,0,0,0.0,0.0
Bengaluru City,Devanahalli Traffic PS,1.04432e+16,2018,1,2,Road Accidents,Narrow road,City/Town,Open area,Human Error,No,Simple Injury,Not Applicable,No signal lights,Not Applicable,City or Town Road,Not Applicable,Not Applicable,No influence on accident,Fine,"BYCHAPUR ROAD,",NEAR BRIGADE GATE,2 KM,13.24471559,77.71320149,0,0,0.0,0.0
Bengaluru City,Devanahalli Traffic PS,1.04432e+16,2018,1,1,Road Accidents,Junction,City/Town,At pedestrian Crossing,Human Error,No,Simple Injury,Hit pedestrian,Signal lights Blinking,Others,NH,Bitumen(Tar),Not Applicable,No influence on accident,Fine,"NEAR KANNAMANGALA PALYA GATE, DEVANAHALLI TQ, BB ROAD",HYMASS ELECTRIC POLE,80,13.21992627,77.67141724,0,0,0.0,0.0
Bengaluru City,Devanahalli Traffic PS,1.04432e+16,2018,1,2,Road Accidents,Narrow road,City/Town,Near or inside a village,Human Error,Not Applicable,Simple Injury,Hit puchcart,Police / Manual,Not Applicable,City or Town Road,Bitumen(Tar),Dry,Not Applicable,Fine,"B B Road Rani Cross Near Aviraj Car Wash, Devanahalli",steet luight poll,15,13.2676314,77.7195886,0,0,0.0,0.0
Bengaluru City,Devanahalli Traffic PS,1.04432e+16,2018,1,2,Road Accidents,Bridge,City/Town,Narrow bridge or culverts,Human Error,No,Simple Injury,Hit puchcart,Not at  Junction,Others,City or Town Road,Concrete,Dry,No influence on accident,Fine,"near devanahalli diversion, kial",ELECTIIC POLE,40,13.193689,77.649658,0,0,0.0,0.0
Bengaluru City,Devanahalli Traffic PS,1.04432e+16,2018,1,2,Road Accidents,Narrow road,City/Town,Open area,Human Error,No,Simple Injury,Not Applicable,No signal lights,Not Applicable,Others,Not Applicable,Not Applicable,No influence on accident,Fine,"NEAR W S TEST SYSTEMS PRT LIMITED, SADAHALLI ROAD,",ELECTIIC POLE,10,13.211165,77.646095,0,0,0.0,0.0
Bengaluru City,Devanahalli Traffic PS,1.04432e+16,2018,1,1,Road Accidents,Narrow road,City/Town,Open area,Human Error,No,Fatal,Not Applicable,No signal lights,Not Applicable,NH,Not Applicable,Not Applicable,No influence on accident,Others,"NEAR KANNAMANGALA PALYA GATE,",B B ROAD,4 KM,13.21992627,77.67141724,0,0,0.0,0.0
Bengaluru City,Devanahalli Traffic PS,1.04432e+16,2018,1,1,Road Accidents,Narrow road,City/Town,Residential area,Not Applicable,No,Damage Only,Hit fixed object,No signal lights,Not Applicable,City or Town Road,Not Applicable,Not Applicable,No influence on accident,Others,"POORNAPRAJZA SCHOOL,",devider,35inc,13.34303,77.385609,0,0,0.0,0.0
Bengaluru City,Devanahalli Traffic PS,1.04432e+16,2018,1,1,Road Accidents,Narrow road,Rural Areas,Residential area,Human Error,No,Simple Injury,Head on,Not at  Junction,Not Applicable,Others,Bitumen(Tar),Dry,Not Applicable,Fog / Mist,BYCHAPURA ROAD,tree,20,13.24471559,77.71320149,0,0,0.0,0.0
Bengaluru City,Devanahalli Traffic PS,1.04432e+16,2018,1,2,Road Accidents,Narrow road,Rural Areas,Near or inside a village,Human Error,No,Simple Injury,Overturning,Not at  Junction,Hump,NH,Bitumen(Tar),Dry,Not Applicable,Fine,BB Road,ELECTRIC POLE,15,13.2676314,77.7195886,0,0,0.0,0.0
Bengaluru City,Devanahalli Traffic PS,1.04432e+16,2018,1,2,Road Accidents,Narrow road,Rural Areas,Near Bus stop,Human Error,No,Simple Injury,Head on,Not at  Junction,Not Applicable,State Highway,Bitumen(Tar),Dry,Not Applicable,Fog / Mist,Devanahalli- Sulibele Road,ELECTRICAL POLE,32,13.216996,77.740438,0,0,0.0,0.0
Bengaluru City,Devanahalli Traffic PS,1.04432e+16,2018,1,2,Road Accidents,Narrow road,City/Town,Residential area,Vehicle Defect,Not Applicable,Damage Only,Not Applicable,No signal lights,Not Applicable,Others,Not Applicable,Not Applicable,No influence on accident,Fine,AIRPORT,AIRPORT DOWN ROP,11,13.198154,77.680104,0,0,0.0,0.0
Bengaluru City,Devanahalli Traffic PS,1.04432e+16,2018,1,1,Road Accidents,Narrow road,City/Town,In bazaar,Human Error,No,Simple Injury,Head on,No signal lights,Not Applicable,Others,Not Applicable,Dry,Not Applicable,Fine,Old Bus Stand BB Road,Tree,22,13.2486292,77.7155364,0,0,0.0,0.0
Bengaluru City,Devanahalli Traffic PS,1.04432e+16,2018,1,2,Road Accidents,Junction,City/Town,Near Bus stop,Human Error,No,Simple Injury,Hit puchcart,Signals (Working),Others,City or Town Road,Bitumen(Tar),Dry,No influence on accident,Fine,doddaballapura cross,BLINKER,12,13.3021582,77.5510526,0,0,0.0,0.0
Bengaluru City,Devanahalli Traffic PS,1.04432e+16,2018,1,2,Road Accidents,Narrow road,City/Town,Near or inside a village,Human Error,Not Applicable,Damage Only,Hit puchcart,Not at  Junction,Others,City or Town Road,Bitumen(Tar),Dry,No influence on accident,Fine,BB ROAD NEAR UGANAVADI GATE,No Parking Board,35,13.2298289,77.702282,0,0,0.0,0.0
Bengaluru City,Devanahalli Traffic PS,1.04432e+16,2018,1,2,Road Accidents,Narrow road,City/Town,Affected by encroachments,Human Error,Not Applicable,Fatal,Hit puchcart,Not at  Junction,Others,City or Town Road,Bitumen(Tar),Dry,No influence on accident,Fine,BB ROAD NEAR GREEN PARK DABA,SIGN BOARD,18,13.3021582,77.5510526,0,0,0.0,0.0
Bengaluru City,Devanahalli Traffic PS,1.04432e+16,2018,1,4,Road Accidents,Not Applicable,City/Town,Affected by encroachments,Human Error,Yes,Simple Injury,Hit and Run,Not Applicable,Not Applicable,City or Town Road,Bitumen(Tar),Dry,No influence on accident,Fine,"BAGALURU HENNURU MAIN ROAD, DECATLAN",DECATLAN BUILDING,30,13.34303,77.385609,0,0,0.0,0.0
Bengaluru City,Devanahalli Traffic PS,1.04432e+16,2018,1,2,Road Accidents,Narrow road,Not Applicable,Near or inside a village,Human Error,No,Fatal,Not Applicable,No signal lights,Not Applicable,NH,Not Applicable,Not Applicable,No influence on accident,Fine,NEAR SOUTEGOUDANAHALLI,DEVANAHALLI SULIBELE ROAD,4 KM,13.241715,77.71373,0,0,0.0,0.0
Bengaluru City,Devanahalli Traffic PS,1.04432e+16,2018,1,2,Road Accidents,Narrow road,City/Town,Open area,Human Error,No,Simple Injury,Not Applicable,No signal lights,Not Applicable,NH,Not Applicable,Not Applicable,No influence on accident,Others,"NEAR BHACHHALLI GATE, KANNAMANGALA PALYA GATE",cement bricks,30,13.21992627,77.67141724,0,0,0.0,0.0
Bengaluru City,Devanahalli Traffic PS,1.04432e+16,2018,1,2,Road Accidents,Narrow road,City/Town,Open area,Human Error,Yes,Simple Injury,Not Applicable,No signal lights,Others,NH,Not Applicable,Not Applicable,No influence on accident,Fine,NEAR TOOL PLAZA,B B ROAD,5 KM,13.193689,77.649658,0,0,0.0,0.0
Bengaluru City,Devanahalli Traffic PS,1.04432e+16,2018,1,2,Road Accidents,Narrow road,City/Town,Residential area,Human Error,No,Simple Injury,Not Applicable,No signal lights,Not Applicable,NH,Not Applicable,Not Applicable,No influence on accident,Others,"IN FORNT OF UDUPI HOTEL,RANICROSS,",BB ROAD,2 KM,13.2676314,77.7195886,0,0,0.0,0.0
Bengaluru City,Devanahalli Traffic PS,1.04432e+16,2018,1,2,Road Accidents,Narrow road,Rural Areas,Narrow bridge or culverts,Human Error,No,Fatal,Not Applicable,Not at  Junction,Others,NH,Bitumen(Tar),Not Applicable,No influence on accident,Fine,"BUVANAHALLI BRIDGE,",B B ROAD,6 KM,13.21992627,77.67141724,0,0,0.0,0.0
Bengaluru City,Devanahalli Traffic PS,1.04432e+16,2018,1,1,Rail Road Accidents,Narrow road,City/Town,Residential area,Human Error,No,Simple Injury,Not Applicable,No signal lights,Not Applicable,NH,Not Applicable,Not Applicable,No influence on accident,Fine,devanahalli old busstop,NEAR HDFC BANK,1 KM,13.2486292,77.7155364,0,0,0.0,0.0
Bengaluru City,Devanahalli Traffic PS,1.04432e+16,2018,1,2,Road Accidents,Junction,City/Town,Affected by encroachments,Human Error,Not Applicable,Simple Injury,Hit puchcart,No signal lights,Others,City or Town Road,Bitumen(Tar),Dry,No influence on accident,Fine,"BB Road, Near Kannamangala palya gate, devanahalli Town, bangalore rural distict",SIGN BOARD,35F,13.21992627,77.67141724,0,0,0.0,0.0
Bengaluru City,Devanahalli Traffic PS,1.04432e+16,2018,1,2,Road Accidents,Junction,Not Applicable,Near a factory industrial area,Human Error,No,Damage Only,Others,Controlled,Others,One way,Bitumen(Tar),Dry,Not Applicable,Snow,Airport Road,Parking Place,30,13.198376,77.705837,0,0,0.0,0.0
Bengaluru City,Devanahalli Traffic PS,1.04432e+16,2018,1,2,Road Accidents,Narrow road,Not Applicable,Near office complex,Human Error,No,Damage Only,Head on,Not at  Junction,Not Applicable,Others,Bitumen(Tar),Dry,Not Applicable,Fine,Airport Road,ELECTRICAL POLE,25,13.198154,77.680104,0,0,0.0,0.0
Bengaluru City,Devanahalli Traffic PS,1.04432e+16,2018,1,1,Road Accidents,Junction,City/Town,Affected by encroachments,Human Error,No,Simple Injury,Hit fixed object,No signal lights,Others,City or Town Road,Bitumen(Tar),Dry,Not Applicable,Fine,B.B ROAD KOTE CROSS,SERVICE ROAD,20,13.3021582,77.5510526,0,0,0.0,0.0
Bengaluru City,Devanahalli Traffic PS,1.04432e+16,2018,1,2,Road Accidents,Narrow road,Villages settlement,Near Bus stop,Human Error,No,Simple Injury,Side impact or Right angle,No signal lights,Not Applicable,NH,Bitumen(Tar),Dry,Not Applicable,Fine,"B.B ROAD, KANNAMANGALA GATE",Divider,12,13.201528,77.658159,0,0,0.0,0.0
Bengaluru City,Devanahalli Traffic PS,1.04432e+16,2018,1,1,Road Accidents,Narrow road,Rural Areas,Near Bus stop,Human Error,No,Simple Injury,Head on,Not at  Junction,Not Applicable,Others,Bitumen(Tar),Dry,Not Applicable,Fine,Nandi Road,ELECTRICAL POLE,32,13.277211,77.712902,0,0,0.0,0.0
Bengaluru City,Devanahalli Traffic PS,1.04432e+16,2018,1,1,Road Accidents,Narrow road,City/Town,Near or inside a village,Human Error,Yes,Simple Injury,Hit and Run,Not Applicable,Others,NH,Bitumen(Tar),Dry,Not Applicable,Fine,"NEAR NANDAGOKULA HOTEL, BB RAOD, DEVANAHALLI",ELECTRIC POLE,35,13.3021582,77.5510526,0,0,0.0,0.0
Bengaluru City,Devanahalli Traffic PS,1.04432e+16,2018,1,1,Rail Road Accidents,Narrow road,City/Town,Open area,Human Error,No,Fatal,Not Applicable,No signal lights,Not Applicable,City or Town Road,Not Applicable,Not Applicable,No influence on accident,Fine,Kothanuru road,NEAR BYRATHI CROSS,20 KM,13.05715,77.64846,0,0,0.0,0.0
Bengaluru City,Devanahalli Traffic PS,1.04432e+16,2018,1,2,Road Accidents,Narrow road,City/Town,Affected by encroachments,Human Error,Not Applicable,Damage Only,Hit puchcart,Signal lights Manual,Others,Minor District Road,Bitumen(Tar),Dry,No influence on accident,Fine,"BB ROAD, NEAR KOTE CROSS",HYMASS ELECTRIC POLE,30,13.3021582,77.5510526,0,0,0.0,0.0
Bengaluru City,Devanahalli Traffic PS,1.04432e+16,2018,1,1,Road Accidents,Narrow road,City/Town,Near or inside a village,Human Error,Not Applicable,Simple Injury,Hit pedal cyclist,Not Applicable,Others,City or Town Road,Bitumen(Tar),Dry,No influence on accident,Fine,"Near Kurubarakunte cross, vijayapura road",ELECTIIC POLE,25,13.267877,77.718913,0,0,0.0,0.0
Bengaluru City,Devanahalli Traffic PS,1.04432e+16,2018,1,2,Road Accidents,Junction,City/Town,Open area,Human Error,Yes,Fatal,Hit puchcart,Signal lights Blinking,Straight and flat,City or Town Road,Bitumen(Tar),Dry,No influence on accident,Fine,"BB ROAD, NEAR RANI CROSS",TREE,65,13.2676314,77.7195886,0,0,0.0,0.0
Bengaluru City,Devanahalli Traffic PS,1.04432e+16,2018,1,2,Road Accidents,Narrow road,City/Town,Open area,Human Error,No,Simple Injury,Vehicle to Vehicle,No signal lights,Not Applicable,NH,Not Applicable,Not Applicable,No influence on accident,Fine,"BHUVANAHALLI BRIDGE,",B B ROAD,5 KM,13.34303,77.385609,0,0,0.0,0.0
Bengaluru City,Devanahalli Traffic PS,1.04432e+16,2018,1,2,Road Accidents,Narrow road,City/Town,Affected by encroachments,Human Error,No,Simple Injury,Hit puchcart,Not Applicable,Others,City or Town Road,Bitumen(Tar),Dry,No influence on accident,Fine,NEAR PUJENAHALLI CROSS,ELECTRIC POLE,30,13.211165,77.646095,0,0,0.0,0.0
Bengaluru City,Devanahalli Traffic PS,1.04432e+16,2018,1,1,Road Accidents,Narrow road,Rural Areas,Residential area,Human Error,No,Fatal,Hit pedestrian,No signal lights,Others,NH,Bitumen(Tar),Wet,No influence on accident,Wind,"IN FORNT OF HIRANANDINI APARTMENT,CHIKKASANNE,",No Parking Board,35inc,13.2298289,77.702282,0,3,0.0,3.0
Bengaluru City,Devanahalli Traffic PS,1.04432e+16,2018,1,2,Road Accidents,Junction,City/Town,Affected by encroachments,Human Error,No,Simple Injury,Hit puchcart,Signal lights Blinking,Others,City or Town Road,Bitumen(Tar),Dry,No influence on accident,Fine,"BB Road, Near devanahalli bypas",sign lights,10,13.241716,77.713731,0,0,0.0,0.0
Bengaluru City,Devanahalli Traffic PS,1.04432e+16,2018,1,1,Road Accidents,Junction,City/Town,Open area,Human Error,No,Simple Injury,Not Applicable,No signal lights,Not Applicable,NH,Not Applicable,Not Applicable,No influence on accident,Others,"NEAR KANNAMANGALA PALYA,",Iron grill,40km,13.21992627,77.67141724,0,0,0.0,0.0
Bengaluru City,Devanahalli Traffic PS,1.04432e+16,2018,1,1,Road Accidents,Other,City/Town,At pedestrian Crossing,Human Error,No,Simple Injury,Hit pedestrian,Not Applicable,Others,City or Town Road,Bitumen(Tar),Dry,Not Applicable,Fine,"hegade nagara 1st main road, 6th cross",ELECTRICAL POLE,25,13.071709,77.631884,0,0,0.0,0.0
Bengaluru City,Devanahalli Traffic PS,1.04432e+16,2018,1,2,Road Accidents,Narrow road,City/Town,Open area,Human Error,No,Simple Injury,Vehicle to Vehicle,No signal lights,Not Applicable,NH,Not Applicable,Not Applicable,No influence on accident,Others,NEAR RANI CROSS,B B ROAD,2 KM,13.2676314,77.7195886,0,0,0.0,0.0
Bengaluru City,Devanahalli Traffic PS,1.04432e+16,2018,1,1,Road Accidents,Narrow road,City/Town,Affected by encroachments,Human Error,No,Simple Injury,Hit pedestrian,Not Applicable,Others,City or Town Road,Bitumen(Tar),Muddy,No influence on accident,Light Rain,"BB ROAD, NEAR DEVANAHALLI TOLL GATE",DEVIDER,36,13.201871,77.662448,0,4,0.0,4.0
Bengaluru City,Devanahalli Traffic PS,1.04432e+16,2018,1,1,Road Accidents,Narrow road,City/Town,Near or inside a village,Human Error,Yes,Fatal,Not Applicable,No signal lights,Not Applicable,NH,Not Applicable,Not Applicable,No influence on accident,Others,"UGANAWADI CROSS,",B B ROAD,5 KM,0.0,0.0,0,0,0.0,0.0
Bengaluru City,Devanahalli Traffic PS,1.04432e+16,2018,1,1,Rail Road Accidents,Narrow road,City/Town,Open area,Human Error,Yes,Simple Injury,Hit and Run,No signal lights,Not Applicable,NH,Not Applicable,Not Applicable,No influence on accident,Others,Kannamangala  Gate,B B ROAD,4 KM,13.201528,77.658159,0,0,0.0,0.0
Bengaluru City,Devanahalli Traffic PS,1.04432e+16,2018,1,2,Rail Road Accidents,Not Applicable,City/Town,Open area,Human Error,Yes,Simple Injury,Not Applicable,No signal lights,Not Applicable,NH,Not Applicable,Not Applicable,No influence on accident,Others,BB Road,NEAR KOTE CROSS,1 KM,13.3021582,77.5510526,0,0,0.0,0.0
Bengaluru City,Devanahalli Traffic PS,1.04432e+16,2018,1,2,Road Accidents,Narrow road,City/Town,Open area,Human Error,Yes,Simple Injury,Hit and Run,No signal lights,Not Applicable,NH,Not Applicable,Not Applicable,No influence on accident,Others,"BHUVANAHALLI BRIDGE,",SIGN BOARD,40INC,13.211165,77.646095,0,0,0.0,0.0
Bengaluru City,Devanahalli Traffic PS,1.04432e+16,2018,1,1,Road Accidents,Narrow road,City/Town,Near office complex,Human Error,Yes,Simple Injury,Hit and Run,Not at  Junction,Not Applicable,City or Town Road,Bitumen(Tar),Dry,No influence on accident,Fine,"Hennuru bagaluru main road, Infront of big market",ELECTIIC POLE,40,13.055511,77.646373,0,0,0.0,0.0
Bengaluru City,Devanahalli Traffic PS,1.04432e+16,2018,1,1,Rail Road Accidents,Narrow road,City/Town,Narrow bridge or culverts,Human Error,No,Simple Injury,Not Applicable,Not at  Junction,Not Applicable,NH,Not Applicable,Not Applicable,No influence on accident,Fine,NEAR BACHCHAHALLI GATE,B B ROAD,3 KM,13.211861,77.673157,0,0,0.0,0.0
Bengaluru City,Devanahalli Traffic PS,1.04432e+16,2018,1,2,Road Accidents,Narrow road,Villages settlement,Near a religious place,Human Error,No,Simple Injury,Head on,Not at  Junction,Not Applicable,NH,Bitumen(Tar),Dry,Not Applicable,Fine,BB Road,ELECTRICAL POLE,25,13.2676314,77.7195886,0,0,0.0,0.0
Bengaluru City,Devanahalli Traffic PS,1.04432e+16,2018,1,2,Road Accidents,Circle,City/Town,Near Bus stop,Human Error,No,Damage Only,Hit puchcart,No signal lights,Others,City or Town Road,Bitumen(Tar),Dry,No influence on accident,Fine,B.B ROAD OLD BUS STOP,ELECTRIC POLE,35,13.2486292,77.7155364,0,0,0.0,0.0
Bengaluru City,Devanahalli Traffic PS,1.04432e+16,2018,1,2,Road Accidents,Junction,City/Town,Near Bus stop,Human Error,No,Simple Injury,Hit puchcart,No signal lights,Others,City or Town Road,Bitumen(Tar),Dry,No influence on accident,Fine,"KOTTANURU BUS STOP, HENNURU-BAGALURU MAIN ROAD",ELECTRIC POLE,7,13.34303,77.385609,0,0,0.0,0.0
Bengaluru City,Devanahalli Traffic PS,1.04432e+16,2018,1,2,Road Accidents,Narrow road,City/Town,Affected by encroachments,Human Error,No,Simple Injury,Hit puchcart,No signal lights,Others,City or Town Road,Bitumen(Tar),Dry,No influence on accident,Fine,"BUDIGERE ROAD, NEAR BYCHAPURA",ELECTIIC POLE,30,0.0,0.0,0,0,0.0,0.0
Bengaluru City,Devanahalli Traffic PS,1.04432e+16,2018,1,2,Road Accidents,Narrow road,City/Town,Residential area,Human Error,No,Fatal,Not Applicable,No signal lights,Not Applicable,NH,Not Applicable,Not Applicable,No influence on accident,Others,"NEAR KANNAMANGALA PALYA,",B B ROAD,5 KM,13.21992627,77.67141724,0,0,0.0,0.0
Bengaluru City,Devanahalli Traffic PS,1.04432e+16,2018,1,2,Road Accidents,Narrow road,Not Applicable,Near Petrol Pump,Human Error,Yes,Simple Injury,Hit and Run,Not at  Junction,Others,NH,Bitumen(Tar),Dry,Not Applicable,Fine,BB Road,Road Diveder,15,13.2298289,77.699239,0,0,0.0,0.0
Bengaluru City,Devanahalli Traffic PS,1.04432e+16,2018,1,2,Road Accidents,Circle,Not Applicable,Near office complex,Human Error,No,Damage Only,Head on,No signal lights,Curve,Not Applicable,Bitumen(Tar),Dry,Not Applicable,Fine,Airport Road,ELECTRIC POLE,30,13.198154,77.680104,0,0,0.0,0.0
Bengaluru City,Devanahalli Traffic PS,1.04432e+16,2018,1,1,Road Accidents,Bridge,City/Town,Affected by encroachments,Human Error,No,Fatal,Rear end,Not Applicable,Not Applicable,City or Town Road,Concrete,Dry,No influence on accident,Fine,"BB ROAD, KANNAMANAGALA PALYA BRIDGE, DEVANAHALLI TQ,",DEVIDER,30,0.0,0.0,0,0,0.0,0.0
Bengaluru City,Devanahalli Traffic PS,1.04432e+16,2018,1,1,Road Accidents,Narrow road,City/Town,Near Petrol Pump,Human Error,No,Fatal,Hit pedestrian,Not Applicable,Others,City or Town Road,Bitumen(Tar),Dry,No influence on accident,Fine,"BB ROAD, NEAR PARIVATA GUTTA",MEDIAN,20,13.262238,77.716858,0,0,0.0,0.0
Bengaluru City,Devanahalli Traffic PS,1.04432e+16,2018,1,2,Road Accidents,Narrow road,City/Town,Residential area,Human Error,No,Simple Injury,Not Applicable,No signal lights,Not Applicable,City or Town Road,Not Applicable,Not Applicable,No influence on accident,Others,"NEAR COFFEE DAY HAY SPIRIT,",HENNURU MAIN ROAD,18 KM,13.055511,77.646373,0,0,0.0,0.0