DISTRICTNAME,UNITNAME,Crime_No,Year,RI,Noofvehicle_involved,Accident_Classification,Accident_Spot,Accident_Location,Accident_SubLocation,Main_Cause,Hit_Run,Severity,Collision_Type,Junction_Control,Road_Character,Road_Type,Surface_Type,Surface_Condition,Road_Condition,Weather,Accident_Road,Landmark_first,Distance_LandMark_First,Latitude,Longitude,Road_Condition_Score,Surface_Condition_Score,Surface_Type_Score,Road_Risk_Index
Bengaluru City,Devanahalli Traffic PS,1.04432e+16,2019,1,2,Road Accidents,Narrow road,City/Town,Open area,Human Error,Yes,Simple Injury,Vehicle to Vehicle,Not at  Junction,Others,Two way,Bitumen(Tar),Dry,No influence on accident,Fine,"Near Bilishivale T Road, Rampura Road, Bengaluru City, Karnataka,",Rampura,05km,0.0,0.0,0,0,0.0,0.0
Bengaluru City,Devanahalli Traffic PS,1.04432e+16,2019,1,1,Road Accidents,Junction,Rural Areas,Open area,Human Error,Yes,Simple Injury,Hit pedestrian,Signals (Working),Incline,NH,Not Applicable,Not Applicable,Not Applicable,Others,NEAR DEVANAHALLI BYPASS,DEVANAHALLI,1 KM,13.241716,77.713731,0,0,0.0,0.0
Bengaluru City,Devanahalli Traffic PS,1.04432e+16,2019,1,2,Rail Road Accidents,Narrow road,Rural Areas,Open area,Human Error,No,Simple Injury,Vehicle to Vehicle,No signal lights,Others,NH,Not Applicable,Not Applicable,Not Applicable,Others,KANNAMANGALAPAYA GATE,B B ROAD,5 km,13.21992627,77.67141724,0,0,0.0,0.0
Bengaluru City,Devanahalli Traffic PS,1.04432e+16,2019,1,1,Road Accidents,Not Applicable,Rural Areas,Open area,Human Error,No,Simple Injury,Not Applicable,Not at  Junction,Not Applicable,NH,Not Applicable,Not Applicable,No influence on accident,Fine,"near Kannamangalapalya gate, B.B Road",Streeet light,50Inc,0.0,0.0,0,0,0.0,0.0
Bengaluru City,Devanahalli Traffic PS,1.04432e+16,2019,1,2,Road Accidents,Narrow road,Rural Areas,Residential area,Human Error,No,Simple Injury,Not Applicable,No signal lights,Not Applicable,Others,Not Applicable,Not Applicable,No influence on accident,Fine,BYCHAPURA ROAD,DEVANAHALLI,3 KM,13.24471559,77.71320149,0,0,0.0,0.0
Bengaluru City,Devanahalli Traffic PS,1.04432e+16,2019,1,2,Road Accidents,Junction,City/Town,Near or inside a village,Human Error,No,Fatal,Not Applicable,No signal lights,Not Applicable,NH,Bitumen(Tar),Dry,No influence on accident,Fine,Kannamangala Palya Gate,Himask Electric Pole,100inc,13.21992627,77.67141724,0,0,0.0,0.0
Bengaluru City,Devanahalli Traffic PS,1.04432e+16,2019,1,2,Road Accidents,Narrow road,Rural Areas,Open area,Human Error,Yes,Simple Injury,Not Applicable,Not at  Junction,Not Applicable,Two way,Bitumen(Tar),Dry,No influence on accident,Others,"Near Kurubarakunte cross, vijayapura road",ELECTIIC POLE,40inc,13.267877,77.718913,0,0,0.0,0.0
Bengaluru City,Devanahalli Traffic PS,1.04432e+16,2019,1,2,Road Accidents,Narrow road,City/Town,Near or inside a village,Human Error,No,Simple Injury,Vehicle to Vehicle,Signal lights Blinking,Others,NH,Bitumen(Tar),Others,No influence on accident,Fine,KANNAMANGALA GATE B.B ROAD,ELECTIRIC POLE,20FT,13.201528,77.658159,0,1,0.0,1.0
Bengaluru City,Devanahalli Traffic PS,1.04432e+16,2019,1,2,Road Accidents,Narrow road,City/Town,Residential area,Human Error,Yes,Simple Injury,Hit and Run,Not at  Junction,Others,City or Town Road,Bitumen(Tar),Others,No influence on accident,Others,"Sulibele Road, Near Brigade Orchards Gate, Devanahalli Town,",TREE,12inc,13.24471559,77.71320149,0,1,0.0,1.0
Bengaluru City,Devanahalli Traffic PS,1.04432e+16,2019,1,2,Rail Road Accidents,Narrow road,City/Town,Near a factory industrial area,Human Error,No,Fatal,Not Applicable,No signal lights,Not Applicable,Others,Not Applicable,Not Applicable,No influence on accident,Others,Near Bisleri loding Area,Kannamangala gate,6 KM,13.211861,77.673157,0,0,0.0,0.0
Bengaluru City,Devanahalli Traffic PS,1.04432e+16,2019,1,2,Road Accidents,Narrow road,City/Town,Open area,Human Error,Yes,Simple Injury,Vehicle to Vehicle,No signal lights,Not Applicable,NH,Not Applicable,Not Applicable,No influence on accident,Others,Near H.P Petrol Bunk,B B ROAD,2 KM,13.2298289,77.702282,0,0,0.0,0.0
Bengaluru City,Devanahalli Traffic PS,1.04432e+16,2019,1,2,Road Accidents,Not Applicable,City/Town,Open area,Vehicle Defect,No,Damage Only,Vehicle to Vehicle,Not Applicable,Not Applicable,Others,Not Applicable,Dry,No influence on accident,Fine,NEAR UBAR PARKING -6,AIRPORT,19 KM,13.197914,77.705145,0,0,0.0,0.0
Bengaluru City,Devanahalli Traffic PS,1.04432e+16,2019,1,2,Road Accidents,Narrow road,City/Town,Open area,Human Error,No,Simple Injury,Vehicle to Vehicle,Not at  Junction,Others,Others,Not Applicable,Not Applicable,No influence on accident,Fine,Airport Road Near 1st circle,AIRPORT,18 km,13.198154,77.680104,0,0,0.0,0.0
Bengaluru City,Devanahalli Traffic PS,1.04432e+16,2019,1,2,Road Accidents,Narrow road,City/Town,Residential area,Human Error,No,Simple Injury,Vehicle to Vehicle,No signal lights,Not Applicable,Others,Not Applicable,Others,Not Applicable,Very Cold,NEAR VENKATESHWAR THEATRE,DEVANAHALLI,500FT,13.24353,77.718744,0,1,0.0,1.0
Bengaluru City,Devanahalli Traffic PS,1.04432e+16,2019,1,2,Rail Road Accidents,Not Applicable,Rural Areas,Narrow bridge or culverts,Vehicle Defect,No,Damage Only,Vehicle to Vehicle,No signal lights,Not Applicable,Not Applicable,Not Applicable,Not Applicable,Not Applicable,Fine,AIRPORT BRIDGE,AIRPORT,10 KM,13.195911,77.669649,0,0,0.0,0.0
Bengaluru City,Devanahalli Traffic PS,1.04432e+16,2019,1,2,Road Accidents,Junction,Rural Areas,Open area,Human Error,No,Simple Injury,Vehicle to Vehicle,No signal lights,Others,NH,Bitumen(Tar),Others,No influence on accident,Wind,"NEAR CHIKKASANNE GATE,",Blinker,30inc,13.2298289,77.702282,0,1,0.0,1.0
Bengaluru City,Devanahalli Traffic PS,1.04432e+16,2019,1,2,Road Accidents,Junction,Rural Areas,Open area,Human Error,Not Applicable,Damage Only,Vehicle to Vehicle,Signal lights Blinking,Others,NH,Bitumen(Tar),Dry,No influence on accident,Fine,"Near Rani Cross, B B ROAD, DEVANAHALLI Tq, Bengaluru City,",Nandi Upachar,20Inc,13.2676314,77.7195886,0,0,0.0,0.0
Bengaluru City,Devanahalli Traffic PS,1.04432e+16,2020,1,1,Road Accidents,Narrow road,Rural Areas,Narrow bridge or culverts,Human Error,Yes,Fatal,Not Applicable,No signal lights,Not Applicable,NH,Not Applicable,Not Applicable,No influence on accident,Others,"NEAR BACHAHALLI GATE,",B B ROAD,5 km,13.211861,77.673157,0,0,0.0,0.0
Bengaluru City,Devanahalli Traffic PS,1.04432e+16,2020,1,1,Road Accidents,Narrow road,City/Town,Residential area,Human Error,Yes,Simple Injury,Not Applicable,Signal lights Automatic,Not Applicable,NH,Not Applicable,Not Applicable,No influence on accident,Others,NEAR VIJAYAPURA CROSS,DEVANAHALLI,1km,0.0,0.0,0,0,0.0,0.0
Bengaluru City,Devanahalli Traffic PS,1.04432e+16,2020,1,2,Road Accidents,Narrow road,Rural Areas,Open area,Human Error,Yes,Grievous Injury,Vehicle to Vehicle,No signal lights,Others,NH,Not Applicable,Not Applicable,No influence on accident,Others,BOODIHALA GATE,SULIBELE ROAD,5 KM,13.24353,77.718744,0,0,0.0,0.0
Bengaluru City,Devanahalli Traffic PS,1.04432e+16,2020,1,1,Road Accidents,Not Applicable,Rural Areas,Open area,Human Error,Not Applicable,Fatal,Hit pedestrian,Not Applicable,Others,Others,Bitumen(Tar),Dry,No influence on accident,Fine,"Labour Gate Road, Near Site No 891, Swize Town, Devanahalli,",Sadahalli,02KM,33.89678,18.7096,0,0,0.0,0.0
Bengaluru City,Devanahalli Traffic PS,1.04432e+16,2020,1,3,Road Accidents,Narrow road,Rural Areas,Open area,Vehicle Defect,No,Damage Only,Vehicle to Vehicle,No signal lights,Not Applicable,NH,Bitumen(Tar),Not Applicable,Not Applicable,Others,NEAR BACHALLI  GATE,BB ROAD,5KM,13.211861,77.673157,0,0,0.0,0.0
Bengaluru City,Devanahalli Traffic PS,1.04432e+16,2020,1,2,Road Accidents,Narrow road,Rural Areas,Open area,Vehicle Defect,No,Damage Only,Not Applicable,No signal lights,Not Applicable,NH,Not Applicable,Not Applicable,No influence on accident,Others,Near Kannamangala palya Gate,B B ROAD,2 KM,13.21992627,77.67141724,0,0,0.0,0.0
Bengaluru City,Devanahalli Traffic PS,1.04432e+16,2020,1,2,Road Accidents,Narrow road,Rural Areas,Open area,Human Error,No,Simple Injury,Not Applicable,Signal lights Automatic,Not Applicable,NH,Not Applicable,Not Applicable,No influence on accident,Others,"D B PUR CROSS,",BB ROAD,2 KM,13.3021582,77.5510526,0,0,0.0,0.0
Bengaluru City,Devanahalli Traffic PS,1.04432e+16,2020,1,2,Road Accidents,Narrow road,Rural Areas,Open area,Human Error,No,Grievous Injury,Not Applicable,Signal lights Automatic,Not Applicable,NH,Not Applicable,Not Applicable,No influence on accident,Others,NEAR DEVANAHALLI BYPASS,B B ROAD,1 KM,13.241716,77.713731,0,0,0.0,0.0
Bengaluru City,Devanahalli Traffic PS,1.04432e+16,2020,1,2,Road Accidents,Narrow road,City/Town,Open area,Vehicle Defect,No,Damage Only,Not Applicable,No signal lights,Not Applicable,Two way,Bitumen(Tar),Not Applicable,No influence on accident,Others,"c i s f signal, airport new road kial",AIRPORT,18 KM,13.197924,77.690307,0,0,0.0,0.0
Bengaluru City,Devanahalli Traffic PS,1.04432e+16,2020,1,2,Road Accidents,Narrow road,Rural Areas,Near Bus stop,Human Error,Yes,Simple Injury,Not Applicable,Not Applicable,Not Applicable,NH,Not Applicable,Dry,No influence on accident,Fine,Near Kannamangala Playa Gate,ELECTIIC POLE,5 Inch,13.21992627,77.67141724,0,0,0.0,0.0
Bengaluru City,Devanahalli Traffic PS,1.04432e+16,2020,1,2,Road Accidents,Narrow road,Rural Areas,Open area,Human Error,No,Simple Injury,Not Applicable,Signals (Working),Not Applicable,NH,Not Applicable,Not Applicable,No influence on accident,Fine,NEAR DEVANAHALLI BYPASS,BB ROAD,1 KM,13.241716,77.713731,0,0,0.0,0.0
Bengaluru City,Devanahalli Traffic PS,1.04432e+16,2020,1,2,Road Accidents,Narrow road,Rural Areas,Open area,Human Error,Yes,Simple Injury,Not Applicable,No signal lights,Not Applicable,NH,Not Applicable,Not Applicable,Not Applicable,Others,"NEAR SAVUKANAHALLI GATE,",DEVANAHALLI,2 KM,13.2570916,77.6976754,0,0,0.0,0.0
Bengaluru City,Devanahalli Traffic PS,1.04432e+16,2020,1,1,Road Accidents,Narrow road,Rural Areas,Narrow bridge or culverts,Human Error,No,Simple Injury,Hit pedestrian,No signal lights,Not Applicable,NH,Bitumen(Tar),Dry,Not Applicable,Fine,"YARTHIGANAHALLI BRIDGE, AIRPORT ROAD",AIRPORT,5KM,0.0,0.0,0,0,0.0,0.0
Bengaluru City,Devanahalli Traffic PS,1.04432e+16,2020,1,2,Road Accidents,Narrow road,City/Town,Residential area,Human Error,No,Grievous Injury,Not Applicable,Signals (Working),Not Applicable,NH,Not Applicable,Not Applicable,No influence on accident,Others,"NEAR OLD BUS STAND, B B ROAD, DEVANAHALLI TWON,",DEVANAHALLI,1 KM,13.2486292,77.7155364,0,0,0.0,0.0
Bengaluru City,Devanahalli Traffic PS,1.04432e+16,2020,1,2,Road Accidents,Narrow road,Rural Areas,Open area,Human Error,No,Simple Injury,Not Applicable,Not Applicable,Not Applicable,NH,Not Applicable,Not Applicable,No influence on accident,Fine,"NEAR ANJANEIAH TEMPAL, RAYASANDRA VILLAGE",DEVANAHALLI Tq,6 KM,0.0,0.0,0,0,0.0,0.0
Bengaluru City,Devanahalli Traffic PS,1.04432e+16,2020,1,1,Road Accidents,Narrow road,Rural Areas,Open area,Human Error,Yes,Simple Injury,Not Applicable,No signal lights,Not Applicable,NH,Not Applicable,Not Applicable,No influence on accident,Others,"BACCAHALLI GATE,",BB ROAD,2 KM,0.0,0.0,0,0,0.0,0.0
Bengaluru City,Devanahalli Traffic PS,1.04432e+16,2020,1,1,Road Accidents,Narrow road,Rural Areas,Residential area,Human Error,Yes,Simple Injury,Not Applicable,No signal lights,Hump,NH,Bitumen(Tar),Not Applicable,No influence on accident,Others,BHUVANAHALLI,BB ROAD,2 KM,13.21992627,77.67141724,0,0,0.0,0.0
Bengaluru City,Devanahalli Traffic PS,1.04432e+16,2020,1,2,Road Accidents,Narrow road,City/Town,Residential area,Human Error,No,Simple Injury,Not Applicable,No signal lights,Not Applicable,Two way,Not Applicable,Not Applicable,No influence on accident,Others,"NEAR COURT ROAD, SULIBELE ROAD,",DEVANAHALLI,500 ft,13.2456607,77.7127844,0,0,0.0,0.0
Bengaluru City,Devanahalli Traffic PS,1.04432e+16,2020,1,2,Road Accidents,Narrow road,City/Town,Near School or College,Human Error,No,Simple Injury,Not Applicable,No signal lights,Not Applicable,One way,Not Applicable,Not Applicable,No influence on accident,Fine,"OPP SALARAPURI APARMENT, NEAR FARAHAN COLLOGE",BYRATHI ROAD,38 KM,13.071452,77.651055,0,0,0.0,0.0
Bengaluru City,Devanahalli Traffic PS,1.04432e+16,2020,1,2,Road Accidents,Narrow road,Rural Areas,Open area,Human Error,No,Simple Injury,Not Applicable,No signal lights,Not Applicable,NH,Not Applicable,Not Applicable,No influence on accident,Fine,NEAR BACHALLI  GATE,B B ROAD,5 km,13.211861,77.673157,0,0,0.0,0.0
Bengaluru City,Devanahalli Traffic PS,1.04432e+16,2020,1,2,Road Accidents,Narrow road,Rural Areas,Open area,Human Error,Not Applicable,Simple Injury,Not Applicable,No signal lights,Others,Two way,Bitumen(Tar),Dry,No influence on accident,Fine,"Near Savukanahalli Gate, Doddaballapura Road, Devanahalli,",Savukanhalli Village,03KM,13.2570916,77.6976754,0,0,0.0,0.0
Bengaluru City,Devanahalli Traffic PS,1.04432e+16,2020,1,1,Road Accidents,Narrow road,Rural Areas,Open area,Human Error,Yes,Simple Injury,Not Applicable,No signal lights,Not Applicable,NH,Bitumen(Tar),Not Applicable,No influence on accident,Others,"NEAR TOLE PLAZ,",B B ROAD,6 KM,13.193689,77.649658,0,0,0.0,0.0
Bengaluru City,Devanahalli Traffic PS,1.04432e+16,2020,1,2,Road Accidents,Narrow road,Rural Areas,Open area,Human Error,No,Simple Injury,Not Applicable,No signal lights,Not Applicable,NH,Not Applicable,Not Applicable,No influence on accident,Others,"Near Kote Cross, Devanahalli",BB ROAD,2 KM,13.3021582,77.5510526,0,0,0.0,0.0
Bengaluru City,Devanahalli Traffic PS,1.04432e+16,2020,1,2,Road Accidents,Narrow road,City/Town,Residential area,Human Error,No,Simple Injury,Not Applicable,No signal lights,Not Applicable,Two way,Bitumen(Tar),Not Applicable,No influence on accident,Others,"BDS NAGARA MAIN ROAD, 1 ST MAIN, K NARAYANAPURA",KOTTANURU,38 KM,13.073,77.643661,0,0,0.0,0.0
Bengaluru City,Devanahalli Traffic PS,1.04432e+16,2020,1,2,Road Accidents,Narrow road,Rural Areas,Open area,Human Error,Yes,Fatal,Not Applicable,No signal lights,Not Applicable,NH,Not Applicable,Not Applicable,No influence on accident,Others,NEAR RANI CROSS,B B ROAD RANI CROSS,3 KM,13.2676314,77.7195886,0,0,0.0,0.0
Bengaluru City,Devanahalli Traffic PS,1.04432e+16,2020,1,2,Road Accidents,Narrow road,Rural Areas,Open area,Human Error,No,Simple Injury,Not Applicable,No signal lights,Not Applicable,NH,Not Applicable,Not Applicable,No influence on accident,Fine,"NEAR DABHA GATE, B B ROAD,",DEVANAHALLI Tq,3 km,13.21992627,77.67141724,0,0,0.0,0.0
Bengaluru City,Devanahalli Traffic PS,1.04432e+16,2020,1,1,Road Accidents,Narrow road,Rural Areas,Open area,Human Error,No,Fatal,Not Applicable,No signal lights,Not Applicable,NH,Not Applicable,Not Applicable,No influence on accident,Others,NEAR CHIKKASANNE GATE,B B ROAD,2 KM,13.2298289,77.702282,0,0,0.0,0.0
Bengaluru City,Devanahalli Traffic PS,1.04432e+16,2020,1,2,Road Accidents,Narrow road,Rural Areas,Open area,Human Error,No,Simple Injury,Not Applicable,No signal lights,Not Applicable,NH,Not Applicable,Not Applicable,No influence on accident,Others,"NEAR BACHALLI  GATE,",B B ROAD,5KM,13.21992627,77.67141724,0,0,0.0,0.0
Bengaluru City,Devanahalli Traffic PS,1.04432e+16,2020,1,2,Road Accidents,Not Applicable,City/Town,Open area,Human Error,No,Simple Injury,Not Applicable,No signal lights,Not Applicable,NH,Bitumen(Tar),Not Applicable,No influence on accident,Fine,"NEAR TOLL PLAZA 02, B B ROAD,",DEVANAHALLI,8 KM,13.193689,77.649658,0,0,0.0,0.0
Bengaluru City,Devanahalli Traffic PS,1.04432e+16,2020,1,5,Road Accidents,Narrow road,City/Town,Residential area,Human Error,No,Simple Injury,Not Applicable,Not Applicable,Others,Others,Bitumen(Tar),Others,No influence on accident,Fine,"next of cisf junction towards beguru circle, new airport road kempegowda",Terminal,01KM,13.199282,77.706529,0,1,0.0,1.0
Bengaluru City,Devanahalli Traffic PS,1.04432e+16,2020,1,1,Road Accidents,Narrow road,Rural Areas,Open area,Human Error,No,Simple Injury,Not Applicable,No signal lights,Not Applicable,Two way,Concrete,Not Applicable,No influence on accident,Fine,"NEAR PETROL BANK, SADAHALLI MAIN ROAD,",SADAHALLI,12 KM,13.211165,77.646095,0,0,0.0,0.0
Bengaluru City,Devanahalli Traffic PS,1.04432e+16,2020,1,2,Road Accidents,Narrow road,Rural Areas,Open area,Human Error,No,Fatal,Not Applicable,Signal lights Automatic,Not Applicable,NH,Not Applicable,Not Applicable,No influence on accident,Fine,NEAR RANI CROSS,B B ROAD,2 KM,13.2676314,77.7195886,0,0,0.0,0.0
Bengaluru City,Devanahalli Traffic PS,1.04432e+16,2020,1,2,Road Accidents,Narrow road,Rural Areas,Open area,Vehicle Defect,No,Damage Only,Not Applicable,No signal lights,Not Applicable,NH,Not Applicable,Not Applicable,No influence on accident,Fine,Near Kannamangala palya Gate,B B ROAD,5 KM,13.21992627,77.67141724,0,0,0.0,0.0
Bengaluru City,Devanahalli Traffic PS,1.04432e+16,2020,1,1,Road Accidents,Narrow road,Rural Areas,Open area,Human Error,Yes,Simple Injury,Not Applicable,No signal lights,Not Applicable,NH,Not Applicable,Not Applicable,No influence on accident,Others,NEAR CHIKKASANNE GATE,B B ROAD,2 KM,0.0,0.0,0,0,0.0,0.0
Bengaluru City,Devanahalli Traffic PS,1.04432e+16,2020,1,1,Road Accidents,Narrow road,Rural Areas,Open area,Human Error,No,Simple Injury,Not Applicable,No signal lights,Not Applicable,NH,Not Applicable,Not Applicable,No influence on accident,Others,NEAR DEVANAHALLI BYPASS,B B ROAD,1 KM,13.241716,77.713731,0,0,0.0,0.0
Bengaluru City,Devanahalli Traffic PS,1.04432e+16,2020,1,2,Road Accidents,Narrow road,City/Town,Residential area,Human Error,No,Simple Injury,Not Applicable,No signal lights,Not Applicable,NH,Not Applicable,Not Applicable,No influence on accident,Others,"NEAR D MART,",VIJAYAPURA CROSS,1 KM,13.241716,77.713731,0,0,0.0,0.0
Bengaluru City,Devanahalli Traffic PS,1.04432e+16,2020,1,1,Road Accidents,Narrow road,City/Town,Residential area,Human Error,Yes,Simple Injury,Not Applicable,No signal lights,Not Applicable,Two way,Not Applicable,Not Applicable,No influence on accident,Others,"Gokare Road, Near Nalluppa General Store",DEVANAHALLI Tq,2 km,0.0,0.0,0,0,0.0,0.0
Bengaluru City,Devanahalli Traffic PS,1.04432e+16,2020,1,2,Road Accidents,Narrow road,Rural Areas,Open area,Vehicle Defect,No,Damage Only,Not Applicable,No signal lights,Not Applicable,NH,Not Applicable,Not Applicable,No influence on accident,Others,"NEAR KANNAMANGALA U TARN,",B B ROAD,5KM,13.21992627,77.67141724,0,0,0.0,0.0
Bengaluru City,Devanahalli Traffic PS,1.04432e+16,2020,1,2,Road Accidents,Narrow road,City/Town,Residential area,Human Error,No,Simple Injury,Not Applicable,No signal lights,Not Applicable,Two way,Not Applicable,Not Applicable,No influence on accident,Others,DODDAGUBBI MAIN ROAD,KOTTANURU,38 KM,13.06491,77.672668,0,0,0.0,0.0
Bengaluru City,Devanahalli Traffic PS,1.04432e+16,2020,1,1,Road Accidents,Narrow road,City/Town,Open area,Human Error,No,Simple Injury,Not Applicable,No signal lights,Not Applicable,Service Road,Not Applicable,Not Applicable,No influence on accident,Fine,OWL PARKING PLACE,AIRPORT,18 KM,0.0,0.0,0,0,0.0,0.0
Bengaluru City,Devanahalli Traffic PS,1.04432e+16,2020,1,2,Road Accidents,Cross roads,Rural Areas,Open area,Human Error,No,Simple Injury,Not Applicable,Not at  Junction,Others,Others,Bitumen(Tar),Dry,No influence on accident,Fine,"Near Nalanda College, Sulebele Road, Devanahalli Town",New Bus Stop,01KM,13.24353,77.718744,0,0,0.0,0.0
Bengaluru City,Devanahalli Traffic PS,1.04432e+16,2020,1,2,Road Accidents,Junction,Rural Areas,Near Bus stop,Human Error,Yes,Simple Injury,Not Applicable,No signal lights,Others,NH,Bitumen(Tar),Others,No influence on accident,Fine,"Near Kannamangala Gate, B.B Road, Devanahalli Tq",Kannamangala,02KM,13.201528,77.658159,0,1,0.0,1.0
Bengaluru City,Devanahalli Traffic PS,1.04432e+16,2020,1,2,Road Accidents,Narrow road,Rural Areas,Near or inside a village,Human Error,No,Simple Injury,Not Applicable,No signal lights,Not Applicable,One way,Not Applicable,Not Applicable,No influence on accident,Fine,"NEAR ANJINEAIHTEMPAL, GOKAREGATE",DEVANAHALLI,3 km,13.2486292,77.7155364,0,0,0.0,0.0
Bengaluru City,Devanahalli Traffic PS,1.04432e+16,2020,1,2,Road Accidents,Narrow road,Rural Areas,Open area,Human Error,No,Fatal,Not Applicable,Signal lights Automatic,Not Applicable,NH,Not Applicable,Not Applicable,No influence on accident,Fine,"NEAR RANI CROSS, BB ROAD,",DEVANAHALLI,2 KM,13.2676314,77.7195886,0,0,0.0,0.0
Bengaluru City,Devanahalli Traffic PS,1.04432e+16,2020,1,2,Road Accidents,Narrow road,City/Town,Residential area,Human Error,Yes,Simple Injury,Not Applicable,No signal lights,Not Applicable,Two way,Bitumen(Tar),Not Applicable,No influence on accident,Others,"INFORNT OF H D F C BANK, NEAR OLD BUS STAND,",DEVANAHALLI  TOWN,500 ft,13.2486292,77.7155364,0,0,0.0,0.0
Bengaluru City,Devanahalli Traffic PS,1.04432e+16,2020,1,2,Road Accidents,Narrow road,Rural Areas,Open area,Human Error,Yes,Simple Injury,Not Applicable,No signal lights,Not Applicable,NH,Not Applicable,Not Applicable,No influence on accident,Others,Near Kannamangala  Gate,BB ROAD,6 km,13.201528,77.658159,0,0,0.0,0.0
Bengaluru City,Devanahalli Traffic PS,1.04432e+16,2020,1,2,Road Accidents,Narrow road,Rural Areas,Open area,Human Error,Yes,Fatal,Not Applicable,Signal lights Automatic,Not Applicable,NH,Bitumen(Tar),Not Applicable,No influence on accident,Others,NEAR NILERI RAILWY GATE,DEVANAHALLI Tq,3 KM,13.277222,77.712822,0,0,0.0,0.0
Bengaluru City,Devanahalli Traffic PS,1.04432e+16,2020,1,2,Road Accidents,Narrow road,Rural Areas,Open area,Human Error,No,Grievous Injury,Vehicle to Vehicle,No signal lights,Others,One way,Bitumen(Tar),Dry,No influence on accident,Fine,BB ROAD,BB ROAD,2KM,13.2676314,77.7195886,0,0,0.0,0.0
Bengaluru City,Devanahalli Traffic PS,1.04432e+16,2020,1,2,Road Accidents,Junction,City/Town,Open area,Human Error,No,Simple Injury,Not Applicable,Signals (Working),Others,Two way,Bitumen(Tar),Dry,No influence on accident,Fine,"NEAR DODDABALLAPUR CROSS, BB ROAD,, DEVANAHALLI Tq",Tree,20 Ft,13.3021582,77.5510526,0,0,0.0,0.0
Bengaluru City,Devanahalli Traffic PS,1.04432e+16,2020,1,2,Road Accidents,Narrow road,Rural Areas,Open area,Human Error,No,Simple Injury,Not Applicable,No signal lights,Not Applicable,One way,Not Applicable,Not Applicable,Not Applicable,Fine,"NEAR GOLLAHALLI ROAD,",CHIKKAGUBBI,38 KM,13.079244,77.664762,0,0,0.0,0.0
Bengaluru City,Devanahalli Traffic PS,1.04432e+16,2020,1,2,Road Accidents,Narrow road,City/Town,Residential area,Human Error,No,Fatal,Not Applicable,No signal lights,Not Applicable,Two way,Not Applicable,Not Applicable,No influence on accident,Others,INFORTOF SL GARDEN,KOTTANURU,38 KM,0.0,0.0,0,0,0.0,0.0
Bengaluru City,Devanahalli Traffic PS,1.04432e+16,2020,1,2,Road Accidents,Narrow road,Rural Areas,Open area,Human Error,No,Simple Injury,Not Applicable,Signal lights Automatic,Not Applicable,NH,Not Applicable,Not Applicable,No influence on accident,Others,NEAR DEVANAHALLI BYPASS,B B ROAD,1 KM,13.241716,77.713731,0,0,0.0,0.0
Bengaluru City,Devanahalli Traffic PS,1.04432e+16,2020,1,2,Road Accidents,Narrow road,Rural Areas,Open area,Human Error,No,Fatal,Not Applicable,No signal lights,Not Applicable,NH,Not Applicable,Not Applicable,No influence on accident,Others,"No Nil Kote cross BB road, DEVANAHALLI,",BB road,1 KM,13.3021582,77.5510526,0,0,0.0,0.0
Bengaluru City,Devanahalli Traffic PS,1.04432e+16,2020,1,2,Road Accidents,Narrow road,Rural Areas,Open area,Human Error,No,Damage Only,Not Applicable,No signal lights,Not Applicable,Two way,Not Applicable,Not Applicable,Not Applicable,Fine,"BACK  OF TAJ HOTEL,",AIRPORT,18 KM,13.198376,77.699239,0,0,0.0,0.0
Bengaluru City,Devanahalli Traffic PS,1.04432e+16,2020,1,1,Road Accidents,Narrow road,City/Town,Residential area,Human Error,No,Simple Injury,Not Applicable,No signal lights,Hump,NH,Not Applicable,Not Applicable,Not Applicable,Others,CONVECTION HALL,B B ROAD,2 KM,13.2298289,77.702282,0,0,0.0,0.0
Bengaluru City,Devanahalli Traffic PS,1.04432e+16,2020,1,1,Road Accidents,Narrow road,Rural Areas,Open area,Human Error,No,Simple Injury,Not Applicable,No signal lights,Not Applicable,NH,Not Applicable,Not Applicable,No influence on accident,Others,Kannamangalapalya gate,b b road,4 km,13.21992627,77.67141724,0,0,0.0,0.0