DISTRICTNAME,UNITNAME,Crime_No,Year,RI,Noofvehicle_involved,Accident_Classification,Accident_Spot,Accident_Location,Accident_SubLocation,Main_Cause,Hit_Run,Severity,Collision_Type,Junction_Control,Road_Character,Road_Type,Surface_Type,Surface_Condition,Road_Condition,Weather,Accident_Road,Landmark_first,Distance_LandMark_First,Latitude,Longitude,Road_Condition_Score,Surface_Condition_Score,Surface_Type_Score,Road_Risk_Index
Bengaluru City,Devanahalli Traffic PS,1.04432e+16,2020,1,1,Road Accidents,Narrow road,Rural Areas,Open area,Human Error,No,Simple Injury,Not Applicable,No signal lights,Not Applicable,One way,Not Applicable,Others,Not Applicable,Others,"NEAR AGALAKOTE VILLAGE,",DEVANAHHALI Tq,5 km,13.24353,77.718744,0,1,0.0,1.0
Bengaluru City,Devanahalli Traffic PS,1.04432e+16,2020,1,2,Road Accidents,Narrow road,Rural Areas,Residential area,Human Error,Yes,Simple Injury,Not Applicable,No signal lights,Not Applicable,NH,Bitumen(Tar),Not Applicable,No influence on accident,Others,"NEAR NANDAGOKULA HOTEL,",BB ROAD,2 KM,13.3021582,77.5510526,0,0,0.0,0.0
Bengaluru City,Devanahalli Traffic PS,1.04432e+16,2020,1,2,Road Accidents,Narrow road,Rural Areas,Open area,Human Error,No,Simple Injury,Not Applicable,No signal lights,Not Applicable,NH,Not Applicable,Not Applicable,No influence on accident,Others,"NEAR PETROL BANK, VIJAYAPURA ROAD,",DEVANAHALLI,3KM,13.241716,77.713731,0,0,0.0,0.0
Bengaluru City,Devanahalli Traffic PS,1.04432e+16,2020,1,2,Road Accidents,Narrow road,City/Town,Residential area,Human Error,No,Simple Injury,Not Applicable,No signal lights,Not Applicable,NH,Not Applicable,Not Applicable,No influence on accident,Others,"NEAR HDFC BANK,B B ROAD",DEVANAHALLI  TOWN,2 KM,0.0,0.0,0,0,0.0,0.0
Bengaluru City,Devanahalli Traffic PS,1.04432e+16,2020,1,1,Road Accidents,Narrow road,Rural Areas,Open area,Human Error,No,Simple Injury,Not Applicable,No signal lights,Not Applicable,NH,Not Applicable,Not Applicable,No influence on accident,Fine,NEAR DODDASANNE MAIN ROAD,B B ROAD,2 KM,13.21992627,77.67141724,0,0,0.0,0.0
Bengaluru City,Devanahalli Traffic PS,1.04432e+16,2020,1,2,Road Accidents,Narrow road,City/Town,Open area,Human Error,No,Simple Injury,Not Applicable,No signal lights,Not Applicable,Two way,Not Applicable,Not Applicable,No influence on accident,Clear,"CORGO ROAD,",AIRPORT,18 KM,13.200518,77.699239,0,0,0.0,0.0
Bengaluru City,Devanahalli Traffic PS,1.04432e+16,2020,1,1,Road Accidents,Narrow road,City/Town,Residential area,Human Error,Yes,Simple Injury,Not Applicable,No signal lights,Not Applicable,NH,Not Applicable,Not Applicable,No influence on accident,Others,"NEAR DAIRY, OLD  BUS STAND,",DEVANAHALLI,1 KM,13.2486292,77.7155364,0,0,0.0,0.0
Bengaluru City,Devanahalli Traffic PS,1.04432e+16,2020,1,2,Road Accidents,Narrow road,City/Town,Residential area,Human Error,No,Simple Injury,Not Applicable,No signal lights,Not Applicable,Two way,Not Applicable,Not Applicable,No influence on accident,Others,NEAR K NARAYANAPURA,KOTTANURU,38 KM,13.073,77.643661,0,0,0.0,0.0
Bengaluru City,Devanahalli Traffic PS,1.04432e+16,2020,1,2,Road Accidents,Narrow road,Rural Areas,Near or inside a village,Human Error,No,Simple Injury,Not Applicable,No signal lights,Not Applicable,One way,Not Applicable,Not Applicable,No influence on accident,Others,"INFRONT OF VASANT HOME, DODDASANNE,",DEVANAHALLI Tq,5 KM,13.2298289,77.702282,0,0,0.0,0.0
Bengaluru City,Devanahalli Traffic PS,1.04432e+16,2020,1,1,Road Accidents,Railway crossing,Rural Areas,Open area,Human Error,No,Simple Injury,Not Applicable,No signal lights,Not Applicable,NH,Not Applicable,Not Applicable,No influence on accident,Others,"Near Neeragantapalya, devanahalli tq, bangalore rural distict",DEVANAHALLI,2 KM,13.277211,77.712902,0,0,0.0,0.0
Bengaluru City,Devanahalli Traffic PS,1.04432e+16,2020,1,2,Road Accidents,Narrow road,City/Town,Residential area,Human Error,No,Simple Injury,Not Applicable,No signal lights,Not Applicable,Others,Not Applicable,Others,Not Applicable,Others,"INFORT OF ANJINAIAH TEMPAL,",BYCHAPURA ROAD,2 KM,13.24353,77.718744,0,1,0.0,1.0
Bengaluru City,Devanahalli Traffic PS,1.04432e+16,2020,1,1,Road Accidents,Narrow road,City/Town,Open area,Human Error,No,Simple Injury,Not Applicable,No signal lights,Not Applicable,One way,Not Applicable,Not Applicable,No influence on accident,Fine,"INFORT OFF BLUE DART, CARGO ROAD,",AIRPORT,18 km,13.200518,77.699239,0,0,0.0,0.0
Bengaluru City,Devanahalli Traffic PS,1.04432e+16,2020,1,2,Road Accidents,Narrow road,City/Town,Residential area,Human Error,No,Simple Injury,Not Applicable,No signal lights,Not Applicable,NH,Not Applicable,Not Applicable,No influence on accident,Fine,"INFORT OF HDFC BANK, OLD BUS STAND,",DEVANAHALLI  TOWN,1 KM,13.2486292,77.7155364,0,0,0.0,0.0
Bengaluru City,Devanahalli Traffic PS,1.04432e+16,2020,1,2,Road Accidents,Narrow road,Rural Areas,Open area,Human Error,Yes,Fatal,Not Applicable,No signal lights,Not Applicable,NH,Not Applicable,Not Applicable,No influence on accident,Fine,NEAR YARTIGANAHALLI,B B ROAD,5 KM,13.195911,77.669649,0,0,0.0,0.0
Bengaluru City,Devanahalli Traffic PS,1.04432e+16,2020,1,3,Road Accidents,Narrow road,Rural Areas,Open area,Human Error,No,Simple Injury,Not Applicable,No signal lights,Not Applicable,NH,Not Applicable,Not Applicable,No influence on accident,Fine,"Near Kote Cross, Devanahalli",BB ROAD,2 KM,13.3021582,77.5510526,0,0,0.0,0.0
Bengaluru City,Devanahalli Traffic PS,1.04432e+16,2020,1,2,Road Accidents,Narrow road,Rural Areas,Open area,Human Error,No,Simple Injury,Vehicle to Vehicle,No signal lights,Not Applicable,NH,Not Applicable,Not Applicable,No influence on accident,Others,NEAR CHIKKASANNE GATE,BB ROAD,2 KM,13.2298289,77.702282,0,0,0.0,0.0
Bengaluru City,Devanahalli Traffic PS,1.04432e+16,2020,1,2,Road Accidents,Narrow road,Rural Areas,Open area,Human Error,No,Simple Injury,Not Applicable,Signal lights Automatic,Not Applicable,NH,Not Applicable,Not Applicable,Not Applicable,Others,"NEAR DEVANAHALLI BYPASS,",DEVANAHALLI,1 KM,13.241716,77.713731,0,0,0.0,0.0
Bengaluru City,Devanahalli Traffic PS,1.04432e+16,2020,1,2,Road Accidents,Narrow road,Rural Areas,Open area,Human Error,No,Damage Only,Not Applicable,No signal lights,Not Applicable,NH,Not Applicable,Not Applicable,No influence on accident,Others,"Near Kote Cross, Devanahalli",BB ROAD,1 km,13.3021582,77.5510526,0,0,0.0,0.0
Bengaluru City,Devanahalli Traffic PS,1.04432e+16,2020,1,2,Road Accidents,Junction,Rural Areas,Open area,Human Error,Yes,Fatal,Not Applicable,No signal lights,Others,NH,Bitumen(Tar),Others,No influence on accident,Fine,"Near Kannamangala Palya Gate, B.B Road Devanahalli, Bengaluru City,",kannamagala,02KM,13.21992627,77.67141724,0,1,0.0,1.0
Bengaluru City,Devanahalli Traffic PS,1.04432e+16,2020,1,2,Road Accidents,Junction,Rural Areas,Open area,Human Error,No,Simple Injury,Not Applicable,No signal lights,Not Applicable,NH,Not Applicable,Not Applicable,No influence on accident,Others,"DODDABALLAPURA ROAD, KODIMANCHENAHALLI LAKE",BB ROAD,2 km,13.3021582,77.5510526,0,0,0.0,0.0
Bengaluru City,Devanahalli Traffic PS,1.04432e+16,2020,1,2,Road Accidents,Narrow road,Rural Areas,Open area,Human Error,No,Simple Injury,Not Applicable,No signal lights,Not Applicable,NH,Not Applicable,Not Applicable,Not Applicable,Fine,"Near Savakanahalli gate,",DEVANAHALLI,3 KM,0.0,0.0,0,0,0.0,0.0
Bengaluru City,Devanahalli Traffic PS,1.04432e+16,2020,1,2,Road Accidents,Railway crossing,Rural Areas,Open area,Vehicle Defect,No,Damage Only,Vehicle to Vehicle,No signal lights,Not Applicable,NH,Not Applicable,Not Applicable,No influence on accident,Others,NILERI RAILWY GATE,DEVANAHALLI,5 KM,13.277211,77.712902,0,0,0.0,0.0
Bengaluru City,Devanahalli Traffic PS,1.04432e+16,2020,1,1,Road Accidents,Narrow road,Rural Areas,Open area,Human Error,No,Fatal,Not Applicable,No signal lights,Not Applicable,Two way,Not Applicable,Not Applicable,No influence on accident,Others,"NEAR SWATI GARDEN ,",SADAHALLI,5 KM,13.211165,77.646095,0,0,0.0,0.0
Bengaluru City,Devanahalli Traffic PS,1.04432e+16,2020,1,1,Road Accidents,Narrow road,Rural Areas,Open area,Human Error,Yes,Simple Injury,Not Applicable,No signal lights,Not Applicable,NH,Bitumen(Tar),Not Applicable,No influence on accident,Fine,"NEAR KRISHNA GARDENIA HOTEL,BISLERI FACTORY,",B B ROAD,4 km,13.201528,77.658159,0,0,0.0,0.0
Bengaluru City,Devanahalli Traffic PS,1.04432e+16,2020,1,2,Road Accidents,Narrow road,City/Town,Near School or College,Human Error,Not Applicable,Simple Injury,Not Applicable,No signal lights,Not Applicable,Two way,Not Applicable,Not Applicable,No influence on accident,Fine,"NEAR CHRIST JAYANT COLLEGE,",NARAYANAPURA CROSS,38 KM,13.073,77.643661,0,0,0.0,0.0
Bengaluru City,Devanahalli Traffic PS,1.04432e+16,2020,1,3,Road Accidents,Narrow road,Rural Areas,Open area,Human Error,No,Simple Injury,Not Applicable,No signal lights,Not Applicable,NH,Not Applicable,Not Applicable,No influence on accident,Fine,Near Kannamangala  Gate,B B ROAD,5 km,13.21992627,77.67141724,0,0,0.0,0.0
Bengaluru City,Devanahalli Traffic PS,1.04432e+16,2020,1,2,Road Accidents,Narrow road,Rural Areas,Open area,Human Error,No,Simple Injury,Not Applicable,No signal lights,Not Applicable,NH,Not Applicable,Not Applicable,No influence on accident,Others,"NEAR POOJANAHALLI ,NEAR U TARN,",B B ROAD,5 KM,13.21992627,77.67141724,0,0,0.0,0.0
Bengaluru City,Devanahalli Traffic PS,1.04432e+16,2020,1,1,Road Accidents,Narrow road,Rural Areas,Open area,Human Error,No,Simple Injury,Not Applicable,No signal lights,Not Applicable,NH,Not Applicable,Not Applicable,No influence on accident,Others,"Near Kote Cross, Devanahalli",BB ROAD,2 km,13.3021582,77.5510526,0,0,0.0,0.0
Bengaluru City,Devanahalli Traffic PS,1.04432e+16,2020,1,2,Road Accidents,Not Applicable,City/Town,Near School or College,Vehicle Defect,No,Damage Only,Vehicle to Vehicle,Not at  Junction,Not Applicable,Residential Street,Not Applicable,Not Applicable,Not Applicable,Fine,"NEAR LEGACY SCHOOL, GUBBI CROSS,",HENNURU BAGALURU MAIN ROAD,38 KM,13.06491,77.672668,0,0,0.0,0.0
Bengaluru City,Devanahalli Traffic PS,1.04432e+16,2020,1,1,Road Accidents,Narrow road,Rural Areas,Open area,Human Error,No,Simple Injury,Not Applicable,No signal lights,Not Applicable,NH,Not Applicable,Not Applicable,No influence on accident,Others,"BHUVANAHALLI BRIDGE, BB ROAD,",DEVANAHALLI Tq,6 km,0.0,0.0,0,0,0.0,0.0
Bengaluru City,Devanahalli Traffic PS,1.04432e+16,2020,1,3,Rail Road Accidents,Narrow road,Rural Areas,Open area,Vehicle Defect,No,Damage Only,Not Applicable,No signal lights,Not Applicable,NH,Not Applicable,Not Applicable,No influence on accident,Others,NEELERI GATE,DEVANAHALLI,5 KM,13.277211,77.712902,0,0,0.0,0.0
Bengaluru City,Devanahalli Traffic PS,1.04432e+16,2020,1,2,Rail Road Accidents,Narrow road,Rural Areas,Narrow bridge or culverts,Human Error,No,Simple Injury,Not Applicable,No signal lights,Not Applicable,Others,Not Applicable,Not Applicable,No influence on accident,Others,NEELERI GATE,DEVANAHALLI,5 KM,13.277211,77.712902,0,0,0.0,0.0
Bengaluru City,Devanahalli Traffic PS,1.04432e+16,2020,1,1,Road Accidents,Narrow road,Rural Areas,In bazaar,Human Error,Yes,Simple Injury,Hit pedestrian,Not Applicable,Others,Two way,Bitumen(Tar),Dry,No influence on accident,Fine,"Infront Of Muttut Finance B.B Road, Devanahalli Town, Bengaluru City,",bank,20 ft,13.2486292,77.7155364,0,0,0.0,0.0
Bengaluru City,Devanahalli Traffic PS,1.04432e+16,2020,1,2,Road Accidents,Narrow road,Rural Areas,Open area,Human Error,Yes,Simple Injury,Not Applicable,No signal lights,Not Applicable,NH,Not Applicable,Not Applicable,No influence on accident,Fine,"NEAR AIR LINES DABA GETA,",SULIBELE ROAD,5 KM,13.24353,77.718744,0,0,0.0,0.0
Bengaluru City,Devanahalli Traffic PS,1.04432e+16,2020,1,2,Road Accidents,Narrow road,Rural Areas,Open area,Human Error,Yes,Simple Injury,Not Applicable,No signal lights,Not Applicable,NH,Not Applicable,Not Applicable,No influence on accident,Others,"near kote cross B B, road",DEVANAHALLI,1 KM,13.3021582,77.5510526,0,0,0.0,0.0
Bengaluru City,Devanahalli Traffic PS,1.04432e+16,2020,1,1,Road Accidents,Narrow road,Rural Areas,Residential area,Human Error,No,Simple Injury,Not Applicable,No signal lights,Not Applicable,NH,Not Applicable,Not Applicable,No influence on accident,Others,"Infront of Rigan hotel, BB Road,",DEVANAHALLI Tq,2 km,13.2676314,77.7195886,0,0,0.0,0.0
Bengaluru City,Devanahalli Traffic PS,1.04432e+16,2020,1,1,Road Accidents,Narrow road,City/Town,Residential area,Human Error,No,Simple Injury,Not Applicable,No signal lights,Not Applicable,Two way,Not Applicable,Not Applicable,No influence on accident,Fine,"Hennuru-Bagaluru Main road,",KOTTANURU,38 KM,13.055511,77.646373,0,0,0.0,0.0
Bengaluru City,Devanahalli Traffic PS,1.04432e+16,2020,1,1,Not Applicable,Not Applicable,City/Town,Residential area,Human Error,No,Simple Injury,Not Applicable,No signal lights,Not Applicable,Two way,Bitumen(Tar),Not Applicable,Not Applicable,Not Applicable,near bilishivalaya,kottanuru,38 km,13.0524561,77.6771821,0,0,0.0,0.0
Bengaluru City,Devanahalli Traffic PS,1.04432e+16,2020,1,2,Road Accidents,Narrow road,Rural Areas,Open area,Human Error,No,Simple Injury,Not Applicable,No signal lights,Not Applicable,One way,Not Applicable,Not Applicable,No influence on accident,Fine,"Gold moon lyout,",SULIBELE ROAD,4 km,13.24353,77.718744,0,0,0.0,0.0
Bengaluru City,Devanahalli Traffic PS,1.04432e+16,2020,1,2,Road Accidents,Not Applicable,Rural Areas,Affected by encroachments,Human Error,No,Simple Injury,Not Applicable,No signal lights,Not Applicable,NH,Not Applicable,Not Applicable,Not Applicable,Fine,"NEAR AIR PORT FLAYOVER ,",B B ROAD,5KM,13.193689,77.649658,0,0,0.0,0.0
Bengaluru City,Devanahalli Traffic PS,1.04432e+16,2020,1,2,Road Accidents,Narrow road,Rural Areas,Open area,Human Error,No,Simple Injury,Not Applicable,No signal lights,Not Applicable,NH,Not Applicable,Not Applicable,No influence on accident,Fine,NEAR CHIKKASANNE GATE,BB ROAD,2 KM,13.2298289,77.702282,0,0,0.0,0.0
Bengaluru City,Devanahalli Traffic PS,1.04432e+16,2020,1,1,Road Accidents,Narrow road,City/Town,Residential area,Human Error,No,Simple Injury,Not Applicable,No signal lights,Not Applicable,Two way,Not Applicable,Not Applicable,No influence on accident,Fine,NEAR KOTTANUTU BUS STAND,KOTTANURU POLICE STATION,38 KM,13.055511,77.646373,0,0,0.0,0.0
Bengaluru City,Devanahalli Traffic PS,1.04432e+16,2020,1,1,Road Accidents,Narrow road,Rural Areas,Open area,Human Error,No,Simple Injury,Hit pedestrian,No signal lights,Not Applicable,NH,Not Applicable,Not Applicable,No influence on accident,Fine,NEAR CHIKKASANNE GATE,BB ROAD,2 KM,13.2298289,77.702282,0,0,0.0,0.0
Bengaluru City,Devanahalli Traffic PS,1.04432e+16,2020,1,1,Road Accidents,Narrow road,City/Town,Residential area,Human Error,No,Simple Injury,Not Applicable,No signal lights,Not Applicable,Two way,Not Applicable,Not Applicable,No influence on accident,Others,"NEAR OM SHAKTI TEMPLA, SALLAR PURIYA APARTMENT,",HENNURU BAGALURU MAIN ROAD,30KM,13.055511,77.646373,0,0,0.0,0.0
Bengaluru City,Devanahalli Traffic PS,1.04432e+16,2020,1,2,Road Accidents,Narrow road,Rural Areas,Open area,Human Error,No,Fatal,Not Applicable,No signal lights,Not Applicable,NH,Bitumen(Tar),Not Applicable,No influence on accident,Others,"NEAR AKKUPETE JUNCTION, DEVANAHALL TQ, BB ROAD",B B ROAD,1 KM,13.3021582,77.5510526,0,0,0.0,0.0
Bengaluru City,Devanahalli Traffic PS,1.04432e+16,2020,1,8,Road Accidents,Narrow road,City/Town,Open area,Human Error,No,Simple Injury,Not Applicable,No signal lights,Not Applicable,Not Applicable,Not Applicable,Not Applicable,Not Applicable,Others,"SECOND OXCIS ROAD, NEAR TAJ SATS,OLD CHECK POINT,",KIAL AIRPORT,18 km,13.200518,77.699239,0,0,0.0,0.0
Bengaluru City,Devanahalli Traffic PS,1.04432e+16,2020,1,1,Road Accidents,Narrow road,City/Town,Residential area,Human Error,No,Simple Injury,Not Applicable,Signal lights Automatic,Not Applicable,Two way,Bitumen(Tar),Not Applicable,Not Applicable,Fine,"NEAR OLD BUS STAND,",DEVANAHALLI TOWN,1 KM,13.2486292,77.7155364,0,0,0.0,0.0
Bengaluru City,Devanahalli Traffic PS,1.04432e+16,2020,1,2,Road Accidents,Narrow road,City/Town,Open area,Vehicle Defect,No,Damage Only,Not Applicable,No signal lights,Not Applicable,Two way,Not Applicable,Not Applicable,No influence on accident,Fine,AIRPORT,BIAL,18 KM,13.198154,77.680104,0,0,0.0,0.0
Bengaluru City,Devanahalli Traffic PS,1.04432e+16,2020,1,2,Road Accidents,Narrow road,Rural Areas,Open area,Human Error,No,Simple Injury,Not Applicable,No signal lights,Not Applicable,NH,Bitumen(Tar),Not Applicable,No influence on accident,Fine,BHUVANAHLLI BUS STATION,B B ROAD,3 KM,13.21992627,77.67141724,0,0,0.0,0.0
Bengaluru City,Devanahalli Traffic PS,1.04432e+16,2020,1,1,Road Accidents,Narrow road,Rural Areas,Open area,Human Error,No,Simple Injury,Not Applicable,No signal lights,Not Applicable,NH,Not Applicable,Not Applicable,No influence on accident,Fine,"Buvanahalli gate,",b b road,6 km,13.21992627,77.67141724,0,0,0.0,0.0
Bengaluru City,Devanahalli Traffic PS,1.04432e+16,2020,1,2,Road Accidents,Narrow road,City/Town,Residential area,Human Error,No,Simple Injury,Not Applicable,No signal lights,Not Applicable,Two way,Not Applicable,Not Applicable,No influence on accident,Others,"near gubbi cross,",KOTTANURU,38 KM,13.06491,77.672668,0,0,0.0,0.0
Bengaluru City,Devanahalli Traffic PS,1.04432e+16,2020,1,2,Road Accidents,Narrow road,Rural Areas,Open area,Human Error,No,Simple Injury,Not Applicable,No signal lights,Not Applicable,NH,Not Applicable,Not Applicable,No influence on accident,Fine,"Chikkasanne Gate,B B road,",Devanahalli,1 KM,13.2298289,77.702282,0,0,0.0,0.0
Bengaluru City,Devanahalli Traffic PS,1.04432e+16,2020,1,2,Road Accidents,Narrow road,Rural Areas,Open area,Human Error,No,Simple Injury,Not Applicable,No signal lights,Not Applicable,NH,Not Applicable,Not Applicable,No influence on accident,Others,Near Kannamangala  Gate,B B ROAD,5 KM,13.201528,77.658159,0,0,0.0,0.0
Bengaluru City,Devanahalli Traffic PS,1.04432e+16,2020,1,1,Road Accidents,Narrow road,Rural Areas,Open area,Human Error,Not Applicable,Simple Injury,Not Applicable,No signal lights,Hump,NH,Not Applicable,Not Applicable,Not Applicable,Others,"NEAR ANJINEYASWAMY TEMPAL,",DEVANAHALLI,2 KM,13.274088,77.709437,0,0,0.0,0.0
Bengaluru City,Devanahalli Traffic PS,1.04432e+16,2020,1,1,Road Accidents,Narrow road,Rural Areas,Open area,Human Error,Yes,Fatal,Not Applicable,No signal lights,Not Applicable,NH,Not Applicable,Not Applicable,No influence on accident,Others,"NEAR SUJAYA FEEDS, BUDIGERE",SULIBELE ROAD,3 KM,13.24353,77.718744,0,0,0.0,0.0
Bengaluru City,Devanahalli Traffic PS,1.04432e+16,2020,1,2,Rail Road Accidents,Narrow road,City/Town,Residential area,Human Error,Yes,Simple Injury,Vehicle to Vehicle,No signal lights,Not Applicable,Two way,Not Applicable,Not Applicable,No influence on accident,Fine,"NEAR MALLIKHA BIRIYANI HOTEL,SSR COLLEGE, BILISHIVALE MAIN ROAD,",KOTTANURU,38 KM,13.055511,77.646373,0,0,0.0,0.0
Bengaluru City,Devanahalli Traffic PS,1.04432e+16,2020,1,2,Road Accidents,Narrow road,Rural Areas,Open area,Human Error,No,Fatal,Not Applicable,No signal lights,Not Applicable,NH,Not Applicable,Not Applicable,No influence on accident,Others,"NEAR CHIKKASANNE GATE,",B B ROAD,1 KM,13.2298289,77.702282,0,0,0.0,0.0
Bengaluru City,Devanahalli Traffic PS,1.04432e+16,2021,1,2,Road Accidents,Not Applicable,City/Town,Near Petrol Pump,Human Error,No,Simple Injury,Vehicle to Vehicle,Not Applicable,Not Applicable,Not Applicable,Bitumen(Tar),Others,Not Applicable,Fine,SHELL PETROL BUNK KARGO ROAD AIRPORT,SHELL PETROL BUNK,12KM,13.194651,77.69057,0,1,0.0,1.0
Bengaluru City,Devanahalli Traffic PS,1.04432e+16,2021,1,1,Road Accidents,Not Applicable,City/Town,Near Bus stop,Human Error,No,Simple Injury,Not Applicable,Signal lights Automatic,Others,NH,Bitumen(Tar),Dry,Not Applicable,Clear,DEVANAHALLI TOLL,NEAR BUS STOP,08KM,13.193689,77.649658,0,0,0.0,0.0
Bengaluru City,Devanahalli Traffic PS,1.04432e+16,2021,1,1,Road Accidents,Not Applicable,City/Town,Near Bus stop,Human Error,No,Grievous Injury,Not Applicable,Signal lights Automatic,Others,NH,Bitumen(Tar),Others,Not Applicable,Fine,DEVANAHALLI TOLL,NEAR AIRPORT,15KM,13.193689,77.649658,0,1,0.0,1.0
Bengaluru City,Devanahalli Traffic PS,1.04432e+16,2021,1,2,Road Accidents,Narrow road,Rural Areas,Open area,Human Error,No,Simple Injury,Vehicle to Vehicle,No signal lights,Others,Others,Bitumen(Tar),Dry,No influence on accident,Fine,YARTHIGANAHALLAI BRIDGE,YARTHGANAHALLI BRIDGE,7 KM,13.195911,77.669649,0,0,0.0,0.0
Bengaluru City,Devanahalli Traffic PS,1.04432e+16,2021,1,1,Road Accidents,Narrow road,Rural Areas,Open area,Human Error,No,Simple Injury,Vehicle to Vehicle,Not Applicable,Not Applicable,Others,Bitumen(Tar),Dry,No influence on accident,Fine,"AGALAKOTE, BUDIGERE",BUDIGERE,6 KM,13.24353,77.718744,0,0,0.0,0.0
Bengaluru City,Devanahalli Traffic PS,1.04432e+16,2021,1,1,Road Accidents,Narrow road,Rural Areas,Open area,Human Error,Not Applicable,Simple Injury,Vehicle to Vehicle,No signal lights,Others,Two way,Bitumen(Tar),Wet,No influence on accident,Heavy Rain,NEAR BHUVANAHALLI BRIDGE,BHUVANAHALLI BRIDGE,6 KM,13.2298289,77.702282,0,3,0.0,3.0
Bengaluru City,Devanahalli Traffic PS,1.04432e+16,2021,1,2,Road Accidents,Narrow road,City/Town,Open area,Human Error,No,Simple Injury,Vehicle to Vehicle,Not Applicable,Others,Others,Bitumen(Tar),Dry,Not Applicable,Clear,"AIRPORT ROAD TO BRIGADE CIRCLE, CISF JUNCTION",CISF JUNCTION,13 KM,13.199282,77.706529,0,0,0.0,0.0
Bengaluru City,Devanahalli Traffic PS,1.04432e+16,2021,1,2,Road Accidents,Narrow road,Rural Areas,Open area,Human Error,No,Simple Injury,Vehicle to Vehicle,No signal lights,Not Applicable,Two way,Bitumen(Tar),Not Applicable,No influence on accident,Clear,NEAR KRISHNA GARDEN,B B ROAD,6 KM,13.211861,77.673157,0,0,0.0,0.0
Bengaluru City,Devanahalli Traffic PS,1.04432e+16,2021,1,2,Road Accidents,Not Applicable,City/Town,Open area,Human Error,No,Simple Injury,Vehicle to Vehicle,Not Applicable,Not Applicable,Others,Bitumen(Tar),Others,Not Applicable,Fine,BB ROAD BHUVANAHALLI BRIDGE,NEAR BHUVANAHALLI,05KM,13.21992627,77.67141724,0,1,0.0,1.0
Bengaluru City,Devanahalli Traffic PS,1.04432e+16,2021,1,2,Road Accidents,Not Applicable,Rural Areas,Open area,Vehicle Defect,No,Damage Only,Vehicle to Vehicle,Not Applicable,Not Applicable,NH,Not Applicable,Not Applicable,No influence on accident,Not Applicable,NEAR NANDIUPACHAR HOTEL,BB ROAD,2 KM,13.3021582,77.5510526,0,0,0.0,0.0
Bengaluru City,Devanahalli Traffic PS,1.04432e+16,2021,1,2,Road Accidents,Circle,City/Town,Open area,Human Error,Not Applicable,Simple Injury,Vehicle to Vehicle,Signal lights Automatic,Others,Others,Bitumen(Tar),Others,Not Applicable,Fine,BRIGADE CIRCLE,NEAR AIRPORT,15KM,13.198376,77.705837,0,1,0.0,1.0
Bengaluru City,Devanahalli Traffic PS,1.04432e+16,2021,1,2,Road Accidents,Junction,Rural Areas,Residential area,Human Error,No,Simple Injury,Vehicle to Vehicle,No signal lights,Not Applicable,NH,Bitumen(Tar),Dry,No influence on accident,Fine,"KOTE CROSS, BB ROAD",KOTE CROSS,1KM,0.0,0.0,0,0,0.0,0.0
Bengaluru City,Devanahalli Traffic PS,1.04432e+16,2021,1,2,Road Accidents,Narrow road,City/Town,Narrow bridge or culverts,Human Error,No,Simple Injury,Vehicle to Vehicle,No signal lights,Not Applicable,NH,Bitumen(Tar),Dry,No influence on accident,Fine,NEAR BHUVANAHALLI BRIDGE,BHUVANAHALLI BRIDGE,8 KM,13.211861,77.673157,0,0,0.0,0.0
Bengaluru City,Devanahalli Traffic PS,1.04432e+16,2021,1,2,Road Accidents,Junction,Rural Areas,Open area,Not Applicable,No,Grievous Injury,Vehicle to Vehicle,Not at  Junction,Others,Others,Not Applicable,Not Applicable,Not Applicable,Fine,BB  ROAD NEAR DABAGATE,BB ROAD,0.5 KM,13.22685,77.68751,0,0,0.0,0.0
Bengaluru City,Devanahalli Traffic PS,1.04432e+16,2021,1,2,Road Accidents,Narrow road,Rural Areas,Open area,Human Error,No,Simple Injury,Vehicle to Vehicle,Signal lights Automatic,Others,NH,Bitumen(Tar),Dry,No influence on accident,Fine,"1 st circle, airport",airport,12KM,13.198154,77.680104,0,0,0.0,0.0