DISTRICTNAME,UNITNAME,Crime_No,Year,RI,Noofvehicle_involved,Accident_Classification,Accident_Spot,Accident_Location,Accident_SubLocation,Main_Cause,Hit_Run,Severity,Collision_Type,Junction_Control,Road_Character,Road_Type,Surface_Type,Surface_Condition,Road_Condition,Weather,Accident_Road,Landmark_first,Distance_LandMark_First,Latitude,Longitude,Road_Condition_Score,Surface_Condition_Score,Surface_Type_Score,Road_Risk_Index
Bengaluru City,Devanahalli Traffic PS,1.04432e+16,2021,1,2,Road Accidents,Narrow road,Rural Areas,Open area,Human Error,Yes,Simple Injury,Vehicle to Vehicle,No signal lights,Not Applicable,NH,Bitumen(Tar),Dry,No influence on accident,Fine,CHIKKASANEE GATE,CHIKKASANNE,3 KM,0.0,0.0,0,0,0.0,0.0
Bengaluru City,Devanahalli Traffic PS,1.04432e+16,2021,1,1,Road Accidents,Narrow road,Rural Areas,Open area,Human Error,Not Applicable,Simple Injury,Not Applicable,Not Applicable,Not Applicable,One way,Bitumen(Tar),Dry,No influence on accident,Fine,"NEAR EMERGENCY GATE, AIRPORT",AIRPORT,12KM,13.195911,77.669649,0,0,0.0,0.0
Bengaluru City,Devanahalli Traffic PS,1.04432e+16,2022,1,3,Road Accidents,Narrow road,Rural Areas,Open area,Human Error,No,Damage Only,Vehicle to Vehicle,No signal lights,Not Applicable,Others,Bitumen(Tar),Dry,No influence on accident,Fine,SULIBELE ROAD,SULIBELE ROAD,2 KM,13.24471559,77.71320149,0,0,0.0,0.0
Bengaluru City,Devanahalli Traffic PS,1.04432e+16,2022,1,1,Road Accidents,Narrow road,City/Town,Near Hospital,Human Error,No,Simple Injury,Not Applicable,No signal lights,Others,NH,Bitumen(Tar),Dry,No influence on accident,Fine,"BB ROAD, NEAR INDIAN IOL PETROL BUNK",INDIAN PETROL BUNK,3,13.241716,77.713731,0,0,0.0,0.0
Bengaluru City,Devanahalli Traffic PS,1.04432e+16,2022,1,2,Road Accidents,Narrow road,Rural Areas,Open area,Human Error,Yes,Grievous Injury,Vehicle to Vehicle,Not at  Junction,Straight and flat,NH,Bitumen(Tar),Dry,No influence on accident,Fine,BB ROAD,INFRONT OF GREEN PARK DABA,3 KM,13.3021582,77.5510526,0,0,0.0,0.0
Bengaluru City,Devanahalli Traffic PS,1.04432e+16,2022,1,1,Road Accidents,Narrow road,Rural Areas,Near Petrol Pump,Human Error,No,Fatal,Not Applicable,No signal lights,Not Applicable,NH,Bitumen(Tar),Dry,No influence on accident,Fine,"BB ROAD,  SADAHALLI MAIN ROAD",INDIAN OIL PETROL BUNK,12 KM,13.198264,77.645845,0,0,0.0,0.0
Bengaluru City,Devanahalli Traffic PS,1.04432e+16,2022,1,2,Road Accidents,Curves,City/Town,Near a recreation place/cinema,Human Error,No,Simple Injury,Vehicle to Vehicle,No signal lights,Curve,Two way,Bitumen(Tar),Dry,No influence on accident,Fine,HENNURU- BAGALURU ROAD,EMPIRE HOTEL,38,13.34303,77.385609,0,0,0.0,0.0
Bengaluru City,Devanahalli Traffic PS,1.04432e+16,2022,1,2,Road Accidents,Narrow road,Rural Areas,Near Petrol Pump,Human Error,No,Grievous Injury,Vehicle to Vehicle,Not at  Junction,Straight and flat,Two way,Bitumen(Tar),Dry,No influence on accident,Fine,VIJIPURA FEVANAHALLI MAIN ROAD,BHARATH PETROL BUNK,04 KM,13.241716,77.713731,0,0,0.0,0.0
Bengaluru City,Devanahalli Traffic PS,1.04432e+16,2022,1,2,Road Accidents,Narrow road,City/Town,Open area,Human Error,No,Damage Only,Vehicle to Vehicle,Signal lights Blinking,Not Applicable,Others,Bitumen(Tar),Dry,No influence on accident,Fine,BEGUR SIGNAL,BEGUR SIGNAL,12,13.06491,77.672668,0,0,0.0,0.0
Bengaluru City,Devanahalli Traffic PS,1.04432e+16,2022,1,2,Road Accidents,Curves,Rural Areas,Open area,Human Error,No,Grievous Injury,Vehicle to Vehicle,No signal lights,Others,Others,Bitumen(Tar),Others,No influence on accident,Others,NEAR BETTA KOTE KODI,BETTAKOTE KODI,5 KM,0.0,0.0,0,1,0.0,1.0
Bengaluru City,Devanahalli Traffic PS,1.04432e+16,2022,1,1,Road Accidents,Narrow road,City/Town,Open area,Human Error,Not Applicable,Simple Injury,Hit pedestrian,Not at  Junction,Straight and flat,Others,Bitumen(Tar),Dry,No influence on accident,Fine,"SERVICE ROAD , AIRPORT TO BHUVANAHALLI ROAD",BISLERY FACTORY OPPO,8 KM,0.0,0.0,0,0,0.0,0.0
Bengaluru City,Devanahalli Traffic PS,1.04432e+16,2022,1,2,Road Accidents,Not Applicable,Rural Areas,Near a recreation place/cinema,Human Error,No,Grievous Injury,Vehicle to Vehicle,Not at  Junction,Others,NH,Bitumen(Tar),Dry,No influence on accident,Fine,"BB ROAD, KANNAMANGALA GATE",B B ROAD,6 KM,13.209975,77.670811,0,0,0.0,0.0
Bengaluru City,Devanahalli Traffic PS,1.04432e+16,2022,1,2,Road Accidents,Narrow road,Rural Areas,Narrow bridge or culverts,Human Error,Yes,Fatal,Vehicle to Vehicle,No signal lights,Not Applicable,NH,Bitumen(Tar),Dry,No influence on accident,Others,BB ROAD,BHUVANAHALLI BRIDGE,5 KM,13.219828,77.680794,0,0,0.0,0.0
Bengaluru City,Devanahalli Traffic PS,1.04432e+16,2022,1,2,Road Accidents,Narrow road,Rural Areas,Open area,Human Error,Yes,Simple Injury,Vehicle to Vehicle,Not Applicable,Not Applicable,NH,Bitumen(Tar),Dry,No influence on accident,Fine,"NEAR BYPASS, BB ROAD",BYPASS,1 KM,13.241716,77.713731,0,0,0.0,0.0
Bengaluru City,Devanahalli Traffic PS,1.04432e+16,2022,1,2,Road Accidents,Narrow road,Rural Areas,Near Hospital,Human Error,No,Grievous Injury,Vehicle to Vehicle,Signal lights Automatic,Straight and flat,Two way,Bitumen(Tar),Dry,No influence on accident,Fine,KEB POWER HOUSE,KEB POWER HOUSE,3  km,13.241716,77.713731,0,0,0.0,0.0
Bengaluru City,Devanahalli Traffic PS,1.04432e+16,2022,1,2,Road Accidents,Narrow road,Rural Areas,Open area,Human Error,Yes,Grievous Injury,Vehicle to Vehicle,Not Applicable,Not Applicable,Others,Bitumen(Tar),Dry,No influence on accident,Fine,gollahalli main road,NEAR CONVENTION HALL,28 KM,13.06491,77.672668,0,0,0.0,0.0
Bengaluru City,Devanahalli Traffic PS,1.04432e+16,2022,1,2,Road Accidents,Narrow road,Rural Areas,Open area,Human Error,Not Applicable,Damage Only,Vehicle to Vehicle,Not at  Junction,Others,Others,Bitumen(Tar),Others,No influence on accident,Others,DABA GATE,CHIKKASANNE GATE,4,13.22635,77.68702,0,1,0.0,1.0
Bengaluru City,Devanahalli Traffic PS,1.04432e+16,2022,1,2,Road Accidents,Curves,Rural Areas,Narrow bridge or culverts,Human Error,Yes,Fatal,Vehicle to Vehicle,No signal lights,Curve and Incline,Two way,Bitumen(Tar),Dry,No influence on accident,Fine,"NEAR RAJAKALUVE, BILISHIVALAYA",BILISHIVALAYA,38,13.052382,77.679044,0,0,0.0,0.0
Bengaluru City,Devanahalli Traffic PS,1.04432e+16,2022,1,2,Road Accidents,Narrow road,Rural Areas,Open area,Human Error,No,Grievous Injury,Vehicle to Vehicle,Police / Manual,Straight and flat,NH,Bitumen(Tar),Dry,No influence on accident,Fine,"BB ROAD,",CHIKKASANNE GATE,6 KM,13.2298289,77.702282,0,0,0.0,0.0
Bengaluru City,Devanahalli Traffic PS,1.04432e+16,2022,1,2,Road Accidents,Narrow road,Rural Areas,Near a recreation place/cinema,Human Error,No,Grievous Injury,Vehicle to Vehicle,No signal lights,Not Applicable,Others,Bitumen(Tar),Others,No influence on accident,Fine,"INFRONT OF EMPIRE HOTEL, HENNURU  BAGALURU ROAD",EMPIRE HOTEL,35KM,13.055511,77.646373,0,1,0.0,1.0
Bengaluru City,Devanahalli Traffic PS,1.04432e+16,2022,1,2,Road Accidents,Narrow road,Rural Areas,Open area,Human Error,No,Grievous Injury,Vehicle to Vehicle,Signal lights Blinking,Others,NH,Bitumen(Tar),Dry,No influence on accident,Fine,bb road,DB PURA CIRCLE,2 KM,13.3021582,77.5510526,0,0,0.0,0.0
Bengaluru City,Devanahalli Traffic PS,1.04432e+16,2022,1,1,Road Accidents,Curves,Rural Areas,Narrow bridge or culverts,Human Error,No,Fatal,Not Applicable,Not Applicable,Hump,Others,Kutcha,Muddy,Pot holed,Others,NH 648,NH 648,4KM,13.24353,77.718744,5,4,4.0,13.0
Bengaluru City,Devanahalli Traffic PS,1.04432e+16,2022,1,2,Not Applicable,Railway crossing,Rural Areas,Open area,Not Applicable,No,Simple Injury,Vehicle to Vehicle,Not at  Junction,Hump,Others,Surfaced,Dry,Not Applicable,Fine,NELERI RAILWAY GATE,NILERI RAILWAY GATE,05KM,13.277211,77.712902,0,0,,
Bengaluru City,Devanahalli Traffic PS,1.04432e+16,2022,1,1,Road Accidents,Narrow road,Rural Areas,Open area,Human Error,No,Damage Only,Not Applicable,No signal lights,Others,Others,Not Applicable,Dry,No influence on accident,Others,SHETTIGERE ROAD,SATHVA REAL ESTATE PROJECT,5 KM,13.19246,77.66321,0,0,0.0,0.0
Bengaluru City,Devanahalli Traffic PS,1.04432e+16,2022,1,2,Road Accidents,Junction,Rural Areas,Open area,Human Error,No,Damage Only,Vehicle to Vehicle,Signal lights Automatic,Not Applicable,NH,Bitumen(Tar),Dry,No influence on accident,Fine,"INFRONT OF UNION BANK, NEAR VIJAYAPURA SIGNAL",VIJAYAPURA SGNAL,2 KM,13.241716,77.713731,0,0,0.0,0.0
Bengaluru City,Devanahalli Traffic PS,1.04432e+16,2022,1,2,Road Accidents,Junction,Rural Areas,At pedestrian Crossing,Not Applicable,No,Simple Injury,Vehicle to Vehicle,No signal lights,Others,NH,Surfaced,Dry,Not Applicable,Others,NEAR CHIKKASANNE GATE BB ROAD DEVANAHALLI,CHIKKASANNE,6 KM,13.230091,77.690808,0,0,,
Bengaluru City,Devanahalli Traffic PS,1.04432e+16,2022,1,1,Road Accidents,Narrow road,City/Town,Near Bus stop,Human Error,No,Grievous Injury,Not Applicable,No signal lights,Not Applicable,NH,Bitumen(Tar),Dry,No influence on accident,Fine,NEAR TOLL PLAZA,TOLL 2,8 KM,13.211165,77.646095,0,0,0.0,0.0
Bengaluru City,Devanahalli Traffic PS,1.04432e+16,2022,1,1,Road Accidents,Narrow road,City/Town,Near Bus stop,Human Error,No,Fatal,Hit pedestrian,No signal lights,Others,Others,Bitumen(Tar),Dry,No influence on accident,Fine,HENNURU  BAGALURU MAIN ROAD,NEAR KOTHANURU POLICE STATION,25 KM,13.055312,77.646912,0,0,0.0,0.0
Bengaluru City,Devanahalli Traffic PS,1.04432e+16,2022,1,1,Road Accidents,Narrow road,City/Town,Near School or College,Human Error,No,Grievous Injury,Not Applicable,No signal lights,Not Applicable,Others,Bitumen(Tar),Dry,Not Applicable,Fine,BYRATHI BANDE VILLAGE,PURNA PRAGNA SCHOOL,28 KM,0.0,0.0,0,0,0.0,0.0
Bengaluru City,Devanahalli Traffic PS,1.04432e+16,2022,1,2,Road Accidents,Curves,City/Town,Near Bus stop,Human Error,No,Fatal,Vehicle to Vehicle,Signal lights Automatic,Curve,NH,Bitumen(Tar),Dry,No influence on accident,Fine,"BB ROAD,",DB PURA CIRCLE,3 KM,13.3021582,77.5510526,0,0,0.0,0.0
Bengaluru City,Devanahalli Traffic PS,1.04432e+16,2022,1,1,Road Accidents,Narrow road,Rural Areas,Residential area,Human Error,No,Grievous Injury,Hit pedestrian,Not Applicable,Not Applicable,Others,Bitumen(Tar),Dry,No influence on accident,Fine,ANNESHWARA MAIN ROAD,ANNESHWARA MAIN ROAD,4 KM,0.0,0.0,0,0,0.0,0.0
Bengaluru City,Devanahalli Traffic PS,1.04432e+16,2022,1,4,Road Accidents,Not Applicable,Rural Areas,Open area,Human Error,No,Grievous Injury,Vehicle to Vehicle,Not Applicable,Curve,NH,Bitumen(Tar),Dry,No influence on accident,Fine,BHUVANAHALLI BRIDGE,BHUVANAHALLI BRIDGE,4 KM,0.0,0.0,0,0,0.0,0.0
Bengaluru City,Devanahalli Traffic PS,1.04432e+16,2022,1,3,Road Accidents,Narrow road,City/Town,Open area,Human Error,No,Damage Only,Hit pedestrian,No signal lights,Not Applicable,NH,Bitumen(Tar),Dry,No influence on accident,Others,BB ROAD,KOTE CROSS,4 KM,13.250622,77.707075,0,0,0.0,0.0
Bengaluru City,Devanahalli Traffic PS,1.04432e+16,2022,1,2,Road Accidents,Narrow road,City/Town,Open area,Human Error,No,Grievous Injury,Vehicle to Vehicle,Not Applicable,Not Applicable,NH,Bitumen(Tar),Dry,No influence on accident,Fine,HENNURU BAGALURU MAIN ROAD,KUVEMPU LAYOUT,32 km,13.06491,77.672668,0,0,0.0,0.0
Bengaluru City,Devanahalli Traffic PS,1.04432e+16,2022,1,1,Road Accidents,Narrow road,Rural Areas,Open area,Human Error,Not Applicable,Fatal,Hit pedestrian,Not Applicable,Not Applicable,NH,Bitumen(Tar),Dry,No influence on accident,Fine,BB ROAD,CHIKKASANNE GATE,3  km,13.23048,77.690961,0,0,0.0,0.0
Bengaluru City,Devanahalli Traffic PS,1.04432e+16,2022,1,1,Road Accidents,Narrow road,Rural Areas,Open area,Human Error,Yes,Fatal,Vehicle to Vehicle,Not at  Junction,Others,Others,Bitumen(Tar),Others,No influence on accident,Fine,"NEAR POOJANAHALLI GATE, SLK MAIN ROAD",POOJANAHALLI GATE,7KM,13.205023,77.657197,0,1,0.0,1.0
Bengaluru City,Devanahalli Traffic PS,1.04432e+16,2022,1,1,Road Accidents,Narrow road,Rural Areas,Near or inside a village,Human Error,No,Fatal,Vehicle to Vehicle,Not Applicable,Not Applicable,Others,Bitumen(Tar),Dry,No influence on accident,Fine,nandi hills  road,neeleri gate,4 KM,13.277721,77.712518,0,0,0.0,0.0
Bengaluru City,Devanahalli Traffic PS,1.04432e+16,2022,1,1,Road Accidents,Narrow road,City/Town,Open area,Human Error,No,Fatal,Hit pedestrian,No signal lights,Straight and flat,One way,Bitumen(Tar),Dry,No influence on accident,Fine,CARGO ROAD IN AIRPORT,SHEL PETROL BUNK,12,13.200518,77.699239,0,0,0.0,0.0
Bengaluru City,Devanahalli Traffic PS,1.04432e+16,2022,1,2,Road Accidents,Narrow road,City/Town,Near Bus stop,Human Error,No,Grievous Injury,Vehicle to Vehicle,Not Applicable,Others,Two way,Bitumen(Tar),Dry,No influence on accident,Fine,DASAPPA ROAD,KOTHANURU BUS STOP,28,13.06193,77.648872,0,0,0.0,0.0
Bengaluru City,Devanahalli Traffic PS,1.04432e+16,2022,1,1,Road Accidents,Narrow road,Rural Areas,Open area,Human Error,No,Damage Only,Not Applicable,Not Applicable,Not Applicable,Others,Bitumen(Tar),Dry,No influence on accident,Fine,AIRPORT CARGO ROAD,airport  1st circle,12 KM,13.198154,77.680104,0,0,0.0,0.0
Bengaluru City,Devanahalli Traffic PS,1.04432e+16,2022,1,2,Road Accidents,Junction,City/Town,Near Petrol Pump,Not Applicable,Yes,Fatal,Vehicle to Vehicle,Controlled,Straight and flat,NH,Bitumen(Tar),Dry,Not Applicable,Clear,BB ROAD,INFRONT OF GAGAN DHABA,3 KM,13.264915,77.718507,0,0,0.0,0.0
Bengaluru City,Devanahalli Traffic PS,1.04432e+16,2022,1,2,Road Accidents,Narrow road,City/Town,Open area,Human Error,No,Grievous Injury,Vehicle to Vehicle,Not at  Junction,Not Applicable,Others,Bitumen(Tar),Dry,No influence on accident,Others,KYALASANAHALLI MAIN ROAD,NEAR ESHABAN FARM,21,0.0,0.0,0,0,0.0,0.0
Bengaluru City,Devanahalli Traffic PS,1.04432e+16,2022,1,2,Road Accidents,Narrow road,Rural Areas,Open area,Human Error,No,Simple Injury,Vehicle to Vehicle,No signal lights,Others,NH,Bitumen(Tar),Dry,No influence on accident,Fine,BB ROAD,CHIKKASANNE GATE,5 KM,0.0,0.0,0,0,0.0,0.0
Bengaluru City,Devanahalli Traffic PS,1.04432e+16,2022,1,2,Road Accidents,Narrow road,Rural Areas,Open area,Human Error,No,Grievous Injury,Vehicle to Vehicle,Not at  Junction,Not Applicable,Others,Bitumen(Tar),Others,No influence on accident,Fine,DODDABALLPPURA TO DEVANAHALLI MAIN ROAD,OLD POLICE QUARTRESS,6,0.0,0.0,0,1,0.0,1.0
Bengaluru City,Devanahalli Traffic PS,1.04432e+16,2022,1,2,Road Accidents,Narrow road,City/Town,Near School or College,Human Error,No,Simple Injury,Vehicle to Vehicle,Not at  Junction,Not Applicable,Others,Bitumen(Tar),Dry,No influence on accident,Fine,BAGALURU HENNURU MAIN ROAD,NEAR NEW HORIZON SCHOOL,27,0.0,0.0,0,0,0.0,0.0
Bengaluru City,Devanahalli Traffic PS,1.04432e+16,2022,1,1,Road Accidents,Narrow road,City/Town,Open area,Human Error,Not Applicable,Grievous Injury,Hit pedestrian,Not at  Junction,Not Applicable,Others,Bitumen(Tar),Others,No influence on accident,Fine,chikkagubbi main road,chikkagubbi main road,32 km,0.0,0.0,0,1,0.0,1.0
Bengaluru City,Devanahalli Traffic PS,1.04432e+16,2022,1,1,Road Accidents,Narrow road,Rural Areas,Residential area,Human Error,No,Grievous Injury,Vehicle to Vehicle,Not Applicable,Not Applicable,Others,Bitumen(Tar),Dry,No influence on accident,Fine,KANNAMANAGALA GATE,KANNAMANAGALA GATE,7 KM,13.201528,77.658159,0,0,0.0,0.0
Bengaluru City,Devanahalli Traffic PS,1.04432e+16,2022,1,1,Road Accidents,Narrow road,Rural Areas,Near a recreation place/cinema,Human Error,No,Simple Injury,Hit pedestrian,Signal lights Blinking,Others,NH,Bitumen(Tar),Dry,No influence on accident,Fine,BB ROAD KANNAMANAGALA PALYA GATE,RANI CROSS,4 KM,13.270076,77.720345,0,0,0.0,0.0
Bengaluru City,Devanahalli Traffic PS,1.04432e+16,2022,1,2,Road Accidents,Not Applicable,City/Town,Residential area,Not Applicable,No,Grievous Injury,Vehicle to Vehicle,No signal lights,Others,Two way,Bitumen(Tar),Dry,Not Applicable,Others,HENNU-BAGALORU MAIN ROAD,near bairti bande,35,0.0,0.0,0,0,0.0,0.0
Bengaluru City,Devanahalli Traffic PS,1.04432e+16,2022,1,2,Road Accidents,Junction,City/Town,Open area,Human Error,No,Fatal,Vehicle to Vehicle,Signal lights Blinking,Not Applicable,NH,Bitumen(Tar),Dry,No influence on accident,Fine,BB ROAD,doddaballapura junction,5 KM,0.0,0.0,0,0,0.0,0.0
Bengaluru City,Devanahalli Traffic PS,1.04432e+16,2022,1,2,Road Accidents,Narrow road,Rural Areas,Near Bus stop,Human Error,Yes,Grievous Injury,Vehicle to Vehicle,Not Applicable,Not Applicable,NH,Bitumen(Tar),Dry,No influence on accident,Fine,NEW BUS STOP,NEW BUS STOP,2 KM,13.245245,77.712806,0,0,0.0,0.0
Bengaluru City,Devanahalli Traffic PS,1.04432e+16,2022,1,1,Road Accidents,Narrow road,Rural Areas,Open area,Human Error,No,Damage Only,Not Applicable,Not Applicable,Others,Others,Bitumen(Tar),Dry,No influence on accident,Fine,BILISHIVALE ROAD,PURVANKAR APPARTMENT,25 KM,0.0,0.0,0,0,0.0,0.0
Bengaluru City,Devanahalli Traffic PS,1.04432e+16,2022,1,4,Road Accidents,Narrow road,Rural Areas,Near Bus stop,Human Error,No,Damage Only,Vehicle to Vehicle,No signal lights,Others,NH,Bitumen(Tar),Others,No influence on accident,Fine,OLD BUS STAND,OLD BUS STAND,2KM,13.248578,77.715534,0,1,0.0,1.0
Bengaluru City,Devanahalli Traffic PS,1.04432e+16,2022,1,1,Road Accidents,Narrow road,Rural Areas,Near Bus stop,Human Error,No,Grievous Injury,Hit pedestrian,Police / Manual,Others,Two way,Bitumen(Tar),Dry,No influence on accident,Fine,CHICKABALLAPURA ROAD,OLD BUS STAND,2 KM,13.248637,77.715502,0,0,0.0,0.0
Bengaluru City,Devanahalli Traffic PS,1.04432e+16,2022,1,2,Road Accidents,Curves,City/Town,Near a factory industrial area,Human Error,No,Damage Only,Vehicle to Vehicle,Not Applicable,Not Applicable,Others,Bitumen(Tar),Dry,No influence on accident,Fine,GALAMMA ROAD,AIRPORT,16 KM,0.0,0.0,0,0,0.0,0.0
Bengaluru City,Devanahalli Traffic PS,1.04432e+16,2022,1,1,Road Accidents,Narrow road,Rural Areas,At pedestrian Crossing,Human Error,No,Not Applicable,Hit pedestrian,No signal lights,Not Applicable,NH,Bitumen(Tar),Dry,No influence on accident,Fine,"BB ROAD, CHIKKASANNE GATE",CHIKKASANNE GATE,4 KM,13.2298289,77.702282,0,0,0.0,0.0
Bengaluru City,Devanahalli Traffic PS,1.04432e+16,2022,1,2,Road Accidents,Narrow road,Rural Areas,Open area,Human Error,Yes,Damage Only,Vehicle to Vehicle,Not Applicable,Others,Others,Bitumen(Tar),Dry,No influence on accident,Fine,NEAR CARGO ROAD,INTERNATIONAL AIRPORT,12 KM,13.198154,77.680104,0,0,0.0,0.0
Bengaluru City,Devanahalli Traffic PS,1.04432e+16,2022,1,1,Road Accidents,Cross roads,City/Town,Open area,Human Error,No,Grievous Injury,Hit pedestrian,Not Applicable,Others,Others,Bitumen(Tar),Dry,No influence on accident,Fine,gollahalli road,gubbi cross,32 km,13.055511,77.646373,0,0,0.0,0.0
Bengaluru City,Devanahalli Traffic PS,1.04432e+16,2022,1,2,Road Accidents,Not Applicable,City/Town,Open area,Human Error,Yes,Grievous Injury,Vehicle to Vehicle,Not Applicable,Others,Others,Bitumen(Tar),Dry,No influence on accident,Fine,HENNURU BAGALURU MAIN ROAD,NEAR MEENAKSHI HARDWARE,32,13.34303,77.385609,0,0,0.0,0.0
Bengaluru City,Devanahalli Traffic PS,1.04432e+16,2022,1,2,Road Accidents,Narrow road,Rural Areas,Residential area,Human Error,No,Grievous Injury,Vehicle to Vehicle,Not at  Junction,Not Applicable,NH,Bitumen(Tar),Others,No influence on accident,Fine,SULIBELE ROAD,RAJANI FARM,3 KM,13.23297,77.72781,0,1,0.0,1.0
Bengaluru City,Devanahalli Traffic PS,1.04432e+16,2022,1,1,Road Accidents,Narrow road,City/Town,Near Bus stop,Human Error,No,Grievous Injury,Hit pedestrian,Not at  Junction,Not Applicable,NH,Bitumen(Tar),Dry,No influence on accident,Fine,BB ROAD,BACHAHALLI GATE,5,0.0,0.0,0,0,0.0,0.0
Bengaluru City,Devanahalli Traffic PS,1.04432e+16,2022,1,2,Road Accidents,Narrow road,Rural Areas,Open area,Human Error,No,Grievous Injury,Vehicle to Vehicle,Not at  Junction,Not Applicable,Others,Bitumen(Tar),Others,No influence on accident,Fine,"NEAR MET BANDE , CHANNARAYAPATTNA ROAD",CHANNARAYAPATTNA ROAD,5 KM,0.0,0.0,0,1,0.0,1.0
Bengaluru City,Devanahalli Traffic PS,1.04432e+16,2022,1,2,Road Accidents,Cross roads,Rural Areas,Open area,Human Error,No,Damage Only,Vehicle to Vehicle,Not Applicable,Incline,Others,Bitumen(Tar),Dry,No influence on accident,Fine,AIRPORTMAIN ROAD,AIRPORT,12 KM,13.19821,77.669,0,0,0.0,0.0
Bengaluru City,Devanahalli Traffic PS,1.04432e+16,2022,1,2,Road Accidents,Narrow road,Rural Areas,Open area,Human Error,No,Damage Only,Vehicle to Vehicle,No signal lights,Not Applicable,NH,Bitumen(Tar),Dry,No influence on accident,Fine,BBROAD,KANNAMANGALA GATE,5 KM,0.0,0.0,0,0,0.0,0.0
Bengaluru City,Devanahalli Traffic PS,1.04432e+16,2022,1,2,Road Accidents,Narrow road,City/Town,Open area,Human Error,No,Grievous Injury,Vehicle to Vehicle,Not Applicable,Not Applicable,NH,Bitumen(Tar),Dry,No influence on accident,Fine,BB ROAD,KOTE CROSS,5,0.0,0.0,0,0,0.0,0.0
Bengaluru City,Devanahalli Traffic PS,1.04432e+16,2022,1,1,Not Applicable,Junction,City/Town,Open area,Not Applicable,No,Simple Injury,Not Applicable,Not Applicable,Others,Not Applicable,Surfaced,Dry,Not Applicable,Fine,NEAR AIRPORT CARGO,AIRPORT,08KM,13.198154,77.680104,0,0,,
Bengaluru City,Devanahalli Traffic PS,1.04432e+16,2022,1,2,Road Accidents,Narrow road,Rural Areas,Open area,Human Error,No,Grievous Injury,Vehicle to Vehicle,No signal lights,Straight and flat,NH,Bitumen(Tar),Dry,No influence on accident,Fine,KANNAMANGALA PALYA,KANNAMANGALAPALYA  GATE,8 KM,13.21992627,77.67141724,0,0,0.0,0.0
Bengaluru City,Devanahalli Traffic PS,1.04432e+16,2022,1,2,Road Accidents,Junction,Rural Areas,Open area,Not Applicable,No,Damage Only,Vehicle to Vehicle,Not Applicable,Others,One way,Bitumen(Tar),Dry,Not Applicable,Fine,BEGUR JUNCTION AIRPORT,BEGUR JUNCTION,8 KM,13.197903,77.700178,0,0,0.0,0.0
Bengaluru City,Devanahalli Traffic PS,1.04432e+16,2022,1,2,Road Accidents,Narrow road,City/Town,Open area,Human Error,No,Grievous Injury,Vehicle to Vehicle,Not Applicable,Others,Others,Bitumen(Tar),Dry,No influence on accident,Fine,"HEGGADE NAGRA ,AIN ROAD",HEGGADE NAGARA MAIN ROAD,18,0.0,0.0,0,0,0.0,0.0
Bengaluru City,Devanahalli Traffic PS,1.04432e+16,2022,1,1,Road Accidents,Road hump or Rumble strips,City/Town,Near School or College,Human Error,No,Fatal,Not Applicable,No signal lights,Hump,Others,Bitumen(Tar),Dry,No influence on accident,Fine,BYRATHI ROAD,LEGACY SCHOOL,27 KM,13.062696,77.652046,0,0,0.0,0.0
Bengaluru City,Devanahalli Traffic PS,1.04432e+16,2022,1,1,Road Accidents,Narrow road,Rural Areas,Open area,Human Error,No,Fatal,Hit pedestrian,Not Applicable,Not Applicable,NH,Bitumen(Tar),Others,No influence on accident,Others,"BB ROAD,",KANNAMANGALA GATE SKY WALK,7 KM,13.201528,77.658159,0,1,0.0,1.0
Bengaluru City,Devanahalli Traffic PS,1.04432e+16,2022,1,2,Road Accidents,Narrow road,Rural Areas,Open area,Human Error,No,Grievous Injury,Vehicle to Vehicle,Not at  Junction,Not Applicable,Others,Bitumen(Tar),Others,No influence on accident,Others,CHIKKAGUBBI MAIN ROAD,KOTHANURU,26 KM,0.0,0.0,0,1,0.0,1.0
Bengaluru City,Devanahalli Traffic PS,1.04432e+16,2022,1,1,Road Accidents,Narrow road,City/Town,Near a recreation place/cinema,Human Error,No,Fatal,Hit pedestrian,Not at  Junction,Not Applicable,NH,Bitumen(Tar),Dry,No influence on accident,Fine,BB ROAD,KRISHNA GARDEN,8 KM,13.211302,77.672218,0,0,0.0,0.0
Bengaluru City,Devanahalli Traffic PS,1.04432e+16,2022,1,2,Road Accidents,Narrow road,City/Town,Open area,Human Error,No,Grievous Injury,Vehicle to Vehicle,Not at  Junction,Not Applicable,Others,Bitumen(Tar),Dry,No influence on accident,Fine,AIRPORT ROAD,AIRPORT,12 KM,0.0,0.0,0,0,0.0,0.0
Bengaluru City,Devanahalli Traffic PS,1.04432e+16,2022,1,1,Road Accidents,Narrow road,Rural Areas,Open area,Human Error,No,Grievous Injury,Vehicle to Vehicle,Not at  Junction,Not Applicable,NH,Bitumen(Tar),Dry,No influence on accident,Fine,BB ROAD,RAJA BAR,6,13.264215,77.718901,0,0,0.0,0.0
Bengaluru City,Devanahalli Traffic PS,1.04432e+16,2022,1,1,Road Accidents,Narrow road,Rural Areas,Open area,Human Error,No,Fatal,Not Applicable,Not at  Junction,Not Applicable,NH,Bitumen(Tar),Dry,No influence on accident,Fine,"BB ROAD,",SANNA AMANIKERE GATE,05KM,13.23888,77.69964,0,0,0.0,0.0
Bengaluru City,Devanahalli Traffic PS,1.04432e+16,2022,1,2,Road Accidents,Narrow road,Rural Areas,Open area,Human Error,Yes,Grievous Injury,Vehicle to Vehicle,No signal lights,Others,NH,Bitumen(Tar),Dry,No influence on accident,Fine,BB ROAD,SANNA AMANIKERE GATE,03 KM,13.241716,77.713731,0,0,0.0,0.0