DISTRICTNAME,UNITNAME,Crime_No,Year,RI,Noofvehicle_involved,Accident_Classification,Accident_Spot,Accident_Location,Accident_SubLocation,Main_Cause,Hit_Run,Severity,Collision_Type,Junction_Control,Road_Character,Road_Type,Surface_Type,Surface_Condition,Road_Condition,Weather,Accident_Road,Landmark_first,Distance_LandMark_First,Latitude,Longitude,Road_Condition_Score,Surface_Condition_Score,Surface_Type_Score,Road_Risk_Index
Bengaluru City,Devanahalli Traffic PS,1.04432e+16,2023,1,1,Road Accidents,Not Applicable,Rural Areas,Open area,Human Error,No,Fatal,Not Applicable,Not Applicable,Straight and flat,Others,Bitumen(Tar),Dry,No influence on accident,Fine,BAGALURU YALAHANKA MAIN ROAD,NEAR MARKET,15 KM,13.13187,77.662188,0,0,0.0,0.0
Bengaluru City,Devanahalli Traffic PS,1.04432e+16,2023,1,2,Road Accidents,Cross roads,City/Town,Open area,Human Error,No,Simple Injury,Vehicle to Vehicle,No signal lights,Others,NH,Bitumen(Tar),Others,Not Applicable,Fine,B.B ROAD,NEAR KOTE CROSS,2,0.0,0.0,0,1,0.0,1.0
Bengaluru City,Devanahalli Traffic PS,1.04432e+16,2023,1,1,Road Accidents,Junction,Rural Areas,Open area,Not Applicable,No,Fatal,Hit pedestrian,Uncontrolled,Straight and flat,NH,Bitumen(Tar),Dry,Not Applicable,Clear,NH,Kannamangala Palya Gate,5 Km,13.221259,77.682326,0,0,0.0,0.0
Bengaluru City,Devanahalli Traffic PS,1.04432e+16,2023,1,2,Road Accidents,Narrow road,City/Town,Near or inside a village,Not Applicable,Not Applicable,Fatal,Vehicle to Vehicle,Uncontrolled,Slight Curve,Others,Concrete,Dry,Not Applicable,Clear,Near Reva Collage,Reva Collage,16 Kms,13.117804,77.634088,0,0,0.0,0.0
Bengaluru City,Devanahalli Traffic PS,1.04432e+16,2023,1,2,Road Accidents,Narrow road,Rural Areas,Open area,Not Applicable,No,Simple Injury,Vehicle to Vehicle,Controlled,Straight and flat,NH,Surfaced,Dry,Not Applicable,Clear,"BB Road, Kannamangala Palya gate",Toll 1,0.5,13.219926,77.671417,0,0,,
Bengaluru City,Devanahalli Traffic PS,1.04432e+16,2023,1,1,Road Accidents,Narrow road,City/Town,Near Bus stop,Human Error,No,Simple Injury,Hit pedestrian,Controlled,Not Applicable,Minor District Road,Bitumen(Tar),Others,Not Applicable,Clear,NANDI HILLS ROAD,NEAR RAILWAY GATE,500 MT,13.278138,77.712193,0,1,0.0,1.0
Bengaluru City,Devanahalli Traffic PS,1.04432e+16,2023,1,2,Road Accidents,Junction,Rural Areas,Near Bus stop,Not Applicable,No,Simple Injury,Vehicle to Vehicle,Controlled,Straight and flat,NH,Surfaced,Dry,Not Applicable,Clear,Chikkasanne Gate  BB Road,Chikkasanne gate,0.2 km,13.229828,77.702282,0,0,,
Bengaluru City,Devanahalli Traffic PS,1.04432e+16,2023,1,2,Road Accidents,Junction,City/Town,Open area,Human Error,No,Simple Injury,Vehicle to Vehicle,Controlled,Curve,Two way,Bitumen(Tar),Not Applicable,No influence on accident,Clear,kannuru bellahalli road,Bellalli Cross,1,13.088058,77.654744,0,0,0.0,0.0
Bengaluru City,Devanahalli Traffic PS,1.04432e+16,2023,1,2,Road Accidents,Narrow road,Rural Areas,Open area,Human Error,No,Damage Only,Vehicle to Vehicle,Not at  Junction,Slight Curve,State Highway,Bitumen(Tar),Dry,No influence on accident,Fine,KURUBARAKUNTE,KURUBARA KUNTE,6,0.0,0.0,0,0,0.0,0.0
Bengaluru City,Devanahalli Traffic PS,1.04432e+16,2023,1,2,Road Accidents,Narrow road,Rural Areas,Open area,Human Error,No,Fatal,Vehicle to Vehicle,Not Applicable,Not Applicable,NH,Bitumen(Tar),Dry,No influence on accident,Fine,"BB ROAD, VIJAYAPYURA CROSS",BB ROAD,4 KM,13.257909,77.717463,0,0,0.0,0.0
Bengaluru City,Devanahalli Traffic PS,1.04432e+16,2023,1,2,Road Accidents,Narrow road,Rural Areas,Open area,Human Error,No,Damage Only,Vehicle to Vehicle,Not at  Junction,Others,NH,Bitumen(Tar),Others,No influence on accident,Fine,BBROAD,KANNAMANGALA GATE,8 KM,13.221353,77.682212,0,1,0.0,1.0
Bengaluru City,Devanahalli Traffic PS,1.04432e+16,2023,1,2,Road Accidents,Junction,City/Town,Open area,Human Error,No,Fatal,Vehicle to Vehicle,No signal lights,Hump,NH,Bitumen(Tar),Dry,No influence on accident,Fine,BB ROAD,KOTE CROSS JUNCTION,3KM,0.0,0.0,0,0,0.0,0.0
Bengaluru City,Devanahalli Traffic PS,1.04432e+16,2023,1,2,Road Accidents,Narrow road,City/Town,Near a recreation place/cinema,Human Error,No,Grievous Injury,Vehicle to Vehicle,Not Applicable,Not Applicable,NH,Bitumen(Tar),Dry,No influence on accident,Fine,bb road,BYPASS JUNCTION,3  km,0.0,0.0,0,0,0.0,0.0
Bengaluru City,Devanahalli Traffic PS,1.04432e+16,2023,1,2,Road Accidents,Cross roads,City/Town,Open area,Human Error,No,Grievous Injury,Not Applicable,No signal lights,Others,NH,Bitumen(Tar),Dry,Not Applicable,Fine,B.B ROAD,PUJANAHALLI GATE,8,0.0,0.0,0,0,0.0,0.0
Bengaluru City,Devanahalli Traffic PS,1.04432e+16,2023,1,1,Road Accidents,Narrow road,Rural Areas,Open area,Human Error,No,Grievous Injury,Vehicle to Vehicle,No signal lights,Others,NH,Bitumen(Tar),Dry,No influence on accident,Fine,"BB ROAD,",KOTE CROSS JUNCTION,3,13.250348,77.706882,0,0,0.0,0.0
Bengaluru City,Devanahalli Traffic PS,1.04432e+16,2023,1,2,Road Accidents,Junction,City/Town,Near a factory industrial area,Not Applicable,No,Damage Only,Vehicle to Vehicle,Controlled,Straight and flat,Others,Surfaced,Dry,Not Applicable,Clear,Bagalore to budigere,Auto india prv ltd,2,0.0,0.0,0,0,,
Bengaluru City,Devanahalli Traffic PS,1.04432e+16,2023,1,2,Road Accidents,Narrow road,Rural Areas,Near Bus stop,Human Error,No,Fatal,Vehicle to Vehicle,Signals (Working),Others,NH,Bitumen(Tar),Dry,No influence on accident,Fine,BB ROAD,RANI CROSS JUNCTION,3KM,13.267437,77.719763,0,0,0.0,0.0
Bengaluru City,Devanahalli Traffic PS,1.04432e+16,2023,1,1,Road Accidents,Narrow road,Rural Areas,Open area,Not Applicable,No,Fatal,Hit pedestrian,Uncontrolled,Straight and flat,NH,Surfaced,Wet,Not Applicable,Light Rain,BB Road,Chikkasanne Gate,0.5 km,13.226463,77.68714,0,3,,
Bengaluru City,Devanahalli Traffic PS,1.04432e+16,2023,1,1,Road Accidents,Narrow road,Rural Areas,Open area,Human Error,No,Grievous Injury,Not Applicable,Not at  Junction,Straight and flat,Others,Bitumen(Tar),Dry,No influence on accident,Fine,BB ROAD,BHUVANAHALLI,5,13.218779,77.679765,0,0,0.0,0.0
Bengaluru City,Devanahalli Traffic PS,1.04432e+16,2023,1,2,Road Accidents,Curves,Rural Areas,Near a religious place,Human Error,No,Simple Injury,Vehicle to Vehicle,Controlled,Curve,Residential Street,Bitumen(Tar),Others,No influence on accident,Clear,KADUYARAPPANAHALLI-HUNACHUR ROAD,KADUYARAPPANAHALLI CURVE,1,13.101631,77.654744,0,1,0.0,1.0
Bengaluru City,Devanahalli Traffic PS,1.04432e+16,2023,1,1,Road Accidents,Narrow road,Rural Areas,Residential area,Human Error,No,Damage Only,Not Applicable,Not Applicable,Not Applicable,Two way,Bitumen(Tar),Dry,No influence on accident,Fine,VIJAYAPURA MAIN ROAD,POWRNAMI FARM HOUSE,7,0.0,0.0,0,0,0.0,0.0
Bengaluru City,Devanahalli Traffic PS,1.04432e+16,2023,1,1,Road Accidents,Narrow road,Rural Areas,Open area,Human Error,No,Damage Only,Not Applicable,Not Applicable,Not Applicable,Others,Bitumen(Tar),Dry,No influence on accident,Fine,CISWW ENGINEERING INDIA PVT LTD,CISWW ENGINEERING INDIA PVT LTD,24 KM,0.0,0.0,0,0,0.0,0.0
Bengaluru City,Devanahalli Traffic PS,1.04432e+16,2023,1,2,Road Accidents,Narrow road,Rural Areas,Near School or College,Human Error,No,Grievous Injury,Vehicle to Vehicle,Not at  Junction,Others,Others,Bitumen(Tar),Dry,No influence on accident,Fine,KURUBARAKUNTE VILLAGE,NEAR SLS SCHOOL,6 KM,13.262885,77.728702,0,0,0.0,0.0
Bengaluru City,Devanahalli Traffic PS,1.04432e+16,2023,1,2,Road Accidents,Narrow road,Rural Areas,Open area,Human Error,Not Applicable,Fatal,Vehicle to Vehicle,Not at  Junction,Not Applicable,NH,Bitumen(Tar),Dry,No influence on accident,Fine,BYCHAPURA MAIN ROAD,ABHI DEVELOPERS,0.5,13.23065,77.712876,0,0,0.0,0.0
Bengaluru City,Devanahalli Traffic PS,1.04432e+16,2023,1,2,Road Accidents,Narrow road,Rural Areas,Open area,Human Error,No,Damage Only,Vehicle to Vehicle,No signal lights,Not Applicable,Others,Bitumen(Tar),Others,No influence on accident,Others,HENNURU  BAGALURU MAIN ROAD,NEAR KOSHSYAS INSTITUTE,25 KM,0.0,0.0,0,1,0.0,1.0
Bengaluru City,Devanahalli Traffic PS,1.04432e+16,2023,1,1,Road Accidents,Narrow road,Rural Areas,Open area,Human Error,No,Grievous Injury,Not Applicable,Not Applicable,Straight and flat,State Highway,Bitumen(Tar),Dry,No influence on accident,Fine,VIJAYAPURA DEVANAHALLI ROAD,KURUBARAKUNTE,6 KM,0.0,0.0,0,0,0.0,0.0
Bengaluru City,Devanahalli Traffic PS,1.04432e+16,2023,1,2,Road Accidents,Narrow road,City/Town,Open area,Human Error,No,Damage Only,Vehicle to Vehicle,Not at  Junction,Others,Others,Bitumen(Tar),Dry,No influence on accident,Others,NEAR KEMPEGOWDA STATUE,NEAR KEMPEGOWDA STATUE,8,13.198606,77.685857,0,0,0.0,0.0
Bengaluru City,Devanahalli Traffic PS,1.04432e+16,2023,1,2,Road Accidents,Narrow road,Rural Areas,Near a recreation place/cinema,Human Error,No,Grievous Injury,Vehicle to Vehicle,Not at  Junction,Straight and flat,NH,Bitumen(Tar),Dry,No influence on accident,Others,BB ROAD,KRISHNA GARDEN HOTEL,6 KM,13.209861,77.670746,0,0,0.0,0.0
Bengaluru City,Devanahalli Traffic PS,1.04432e+16,2023,1,2,Road Accidents,Narrow road,City/Town,Open area,Human Error,No,Grievous Injury,Vehicle to Vehicle,Not at  Junction,Others,Others,Bitumen(Tar),Dry,No influence on accident,Fine,KANNURU ROAD,UNION BANK,4,0.0,0.0,0,0,0.0,0.0
Bengaluru City,Devanahalli Traffic PS,1.04432e+16,2023,1,3,Road Accidents,Narrow road,City/Town,In bazaar,Human Error,No,Grievous Injury,Hit pedestrian,Controlled,Curve and Incline,Minor District Road,Bitumen(Tar),Others,Not Applicable,Clear,BAGALURU MAIN ROAD,BAGALURU MAIN ROAD,1 KMS,0.0,0.0,0,1,0.0,1.0
Bengaluru City,Devanahalli Traffic PS,1.04432e+16,2023,1,2,Road Accidents,Narrow road,City/Town,Open area,Human Error,No,Simple Injury,Vehicle to Vehicle,Not Applicable,Others,Arterial,Bitumen(Tar),Dry,Not Applicable,Clear,AIRPORT,AIRPORT ROAD,1,13.198305,77.669115,0,0,0.0,0.0
Bengaluru City,Devanahalli Traffic PS,1.04432e+16,2023,1,1,Road Accidents,Narrow road,Rural Areas,Open area,Human Error,No,Simple Injury,Hit pedestrian,Not at  Junction,Others,Others,Bitumen(Tar),Dry,No influence on accident,Fine,BAYAPPANAHALLI VILLAGE,BAYAPPANAHALLI VILLAGE,27,13.122789,77.646745,0,0,0.0,0.0
Bengaluru City,Devanahalli Traffic PS,1.04432e+16,2023,1,2,Road Accidents,Narrow road,City/Town,Near School or College,Not Applicable,No,Fatal,Vehicle to Vehicle,Controlled,Straight and flat,Others,Surfaced,Dry,Not Applicable,Cloudy,Bagaluru Road,Infront of Navodaya School,30 met,13.148744,77.674638,0,0,,
Bengaluru City,Devanahalli Traffic PS,1.04432e+16,2023,1,1,Road Accidents,Narrow road,City/Town,Near or inside a village,Human Error,No,Simple Injury,Not Applicable,Controlled,Not Applicable,Two way,Bitumen(Tar),Others,No influence on accident,Clear,HENNUR BAGALURU MAIN ROAD,NEAR H P PETROL BUNK KANNUR,100 MT,13.091741,77.654753,0,1,0.0,1.0
Bengaluru City,Devanahalli Traffic PS,1.04432e+16,2023,1,2,Road Accidents,Curves,Rural Areas,Open area,Human Error,No,Grievous Injury,Vehicle to Vehicle,Not at  Junction,Straight and flat,NH,Bitumen(Tar),Dry,No influence on accident,Fine,B.B ROAD,KANNAMANAGALA GATE,6,0.0,0.0,0,0,0.0,0.0
Bengaluru City,Devanahalli Traffic PS,1.04432e+16,2023,1,1,Road Accidents,Narrow road,Rural Areas,Open area,Human Error,No,Grievous Injury,Vehicle to Vehicle,Not at  Junction,Straight and flat,Others,Bitumen(Tar),Dry,No influence on accident,Fine,VIJAYAPURA - CHENNARAYAPATTANA ROAD,NH 648,4,13.255745,77.731096,0,0,0.0,0.0
Bengaluru City,Devanahalli Traffic PS,1.04432e+16,2023,1,2,Road Accidents,Narrow road,City/Town,Near Petrol Pump,Not Applicable,No,Simple Injury,Vehicle to Vehicle,Controlled,Straight and flat,Others,Surfaced,Dry,Not Applicable,Clear,Reva Collage Road,Near Indian Oil Petrol Bunk,0.5,13.119268,77.633134,0,0,,
Bengaluru City,Devanahalli Traffic PS,1.04432e+16,2023,1,2,Road Accidents,Junction,Rural Areas,Near Bus stop,Human Error,No,Simple Injury,Vehicle to Vehicle,Controlled,Not Applicable,NH,Bitumen(Tar),Not Applicable,Not Applicable,Clear,"BB ROAD, CHIKKASANNE GATE",CHIKKASANNE GATE,500 MT,13.230469,77.69121,0,0,0.0,0.0
Bengaluru City,Devanahalli Traffic PS,1.04432e+16,2023,1,2,Road Accidents,Junction,City/Town,Open area,Not Applicable,No,Fatal,Vehicle to Vehicle,Controlled,Straight and flat,Others,Surfaced,Dry,Not Applicable,Clear,bagalore to budigere road,Gali Gas station,0.2 km,13.154272,77.685039,0,0,,
Bengaluru City,Devanahalli Traffic PS,1.04432e+16,2023,1,2,Not Applicable,Not Applicable,Rural Areas,Open area,Human Error,No,Simple Injury,Vehicle to Vehicle,Not Applicable,Curve,Others,Bitumen(Tar),Dry,Not Applicable,Clear,airport road,AIRPORT DIVERSION,5 KM,13.062089,77.551052,0,0,0.0,0.0
Bengaluru City,Devanahalli Traffic PS,1.04432e+16,2023,1,1,Road Accidents,Narrow road,Rural Areas,Open area,Human Error,No,Fatal,Hit pedestrian,Uncontrolled,Straight and flat,NH,Bitumen(Tar),Dry,Not Applicable,Clear,NH 44,Near Kannamangala Gate,7 km,13.206719,77.668348,0,0,0.0,0.0
Bengaluru City,Devanahalli Traffic PS,1.04432e+16,2023,1,2,Road Accidents,Narrow road,Rural Areas,Open area,Human Error,No,Damage Only,Vehicle to Vehicle,Not Applicable,Not Applicable,Two way,Bitumen(Tar),Dry,No influence on accident,Fine,DODDABALLPPURA TO DEVANAHALLI MAIN ROAD,KODIMANCHENAHHALI GATE,7 KM,0.0,0.0,0,0,0.0,0.0
Bengaluru City,Devanahalli Traffic PS,1.04432e+16,2023,1,2,Road Accidents,Narrow road,City/Town,Open area,Human Error,Yes,Grievous Injury,Vehicle to Vehicle,Not Applicable,Not Applicable,NH,Bitumen(Tar),Dry,No influence on accident,Fine,KANNAMANGALA GATE,KANNAMANGALA GATE,6 KM,0.0,0.0,0,0,0.0,0.0
Bengaluru City,Devanahalli Traffic PS,1.04432e+16,2023,1,2,Road Accidents,Narrow road,Rural Areas,Open area,Human Error,No,Fatal,Vehicle to Vehicle,No signal lights,Others,NH,Bitumen(Tar),Dry,No influence on accident,Clear,BB ROAD,KANNAMANGALA PALYA GATE,6 KM,13.221337,77.682234,0,0,0.0,0.0
Bengaluru City,Devanahalli Traffic PS,1.04432e+16,2023,1,2,Road Accidents,Narrow road,Rural Areas,Open area,Human Error,No,Simple Injury,Vehicle to Vehicle,No signal lights,Not Applicable,NH,Bitumen(Tar),Dry,No influence on accident,Fine,BB ROAD,CHIKKASANNE GATE,4,0.0,0.0,0,0,0.0,0.0
Bengaluru City,Devanahalli Traffic PS,1.04432e+16,2023,1,1,Road Accidents,Not Applicable,Rural Areas,Open area,Human Error,No,Grievous Injury,Not Applicable,Uncontrolled,Not Applicable,State Highway,Bitumen(Tar),Dry,Not Applicable,Fine,RAJAK PALYA  ROAD,NEAR DARGA RAJAK PALYA  ROAD,18,0.0,0.0,0,0,0.0,0.0
Bengaluru City,Devanahalli Traffic PS,1.04432e+16,2023,1,2,Road Accidents,Narrow road,Rural Areas,Open area,Human Error,No,Grievous Injury,Vehicle to Vehicle,Not at  Junction,Others,Others,Bitumen(Tar),Dry,No influence on accident,Fine,BYCHAPURA ROAD,AKASH HOSPITAL,5,0.0,0.0,0,0,0.0,0.0
Bengaluru City,Devanahalli Traffic PS,1.04432e+16,2023,1,1,Road Accidents,Narrow road,City/Town,Near a religious place,Human Error,No,Simple Injury,Hit pedestrian,Not at  Junction,Others,Others,Bitumen(Tar),Dry,No influence on accident,Fine,BANGALURU - RAJAK PALYA MAIN ROAD,RAZAK PALYA,26,0.0,0.0,0,0,0.0,0.0
Bengaluru City,Devanahalli Traffic PS,1.04432e+16,2023,1,2,Road Accidents,Junction,Rural Areas,Near Bus stop,Not Applicable,No,Damage Only,Vehicle to Vehicle,Controlled,Straight and flat,NH,Surfaced,Dry,Not Applicable,Clear,"BB Road, Devanahalli",Near Chikkasanne Gate,0.5 km,13.229828,77.702282,0,0,,
Bengaluru City,Devanahalli Traffic PS,1.04432e+16,2023,1,2,Road Accidents,Narrow road,City/Town,Open area,Human Error,No,Simple Injury,Vehicle to Vehicle,Controlled,Curve and Incline,Service Road,Bitumen(Tar),Others,No influence on accident,Clear,"BB ROAD, NEAR EICHER MOTORS",EICHER MOTORS,500 MT,13.240292,77.701672,0,1,0.0,1.0
Bengaluru City,Devanahalli Traffic PS,1.04432e+16,2023,1,2,Not Applicable,Narrow road,Rural Areas,Open area,Not Applicable,No,Fatal,Vehicle to Vehicle,Controlled,Straight and flat,NH,Surfaced,Dry,Not Applicable,Clear,BB Road,Near Brundavan Enclai,0.1 km,13.222923,77.683993,0,0,,
Bengaluru City,Devanahalli Traffic PS,1.04432e+16,2023,1,1,Road Accidents,Narrow road,Rural Areas,Open area,Human Error,No,Simple Injury,Hit pedestrian,Not Applicable,Not Applicable,Minor District Road,Bitumen(Tar),Dry,Not Applicable,Clear,AREBINNAMANGLA ROAD,L & t CONSRUUCTION BUILDING,10 KM,13.055511,77.646373,0,0,0.0,0.0
Bengaluru City,Devanahalli Traffic PS,1.04432e+16,2023,1,2,Rail Road Accidents,Narrow road,Rural Areas,Open area,Not Applicable,No,Damage Only,Vehicle to Vehicle,Uncontrolled,Straight and flat,State Highway,Surfaced,Wet,Not Applicable,Clear,Dabaspete to Hoskote,Near Rani Cross,0.2,13.2655,77.726373,0,3,,
Bengaluru City,Devanahalli Traffic PS,1.04432e+16,2023,1,1,Road Accidents,Junction,Rural Areas,Open area,Human Error,No,Fatal,Not Applicable,No signal lights,Others,NH,Bitumen(Tar),Dry,No influence on accident,Fine,BB ROAD,KOTE CROSS,4,0.0,0.0,0,0,0.0,0.0
Bengaluru City,Devanahalli Traffic PS,1.04432e+16,2023,1,2,Road Accidents,Narrow road,Rural Areas,Open area,Human Error,No,Simple Injury,Vehicle to Vehicle,Not at  Junction,Not Applicable,Others,Bitumen(Tar),Dry,No influence on accident,Fine,POOJANAHALLI GATE,TOLL,8,13.199914,77.659221,0,0,0.0,0.0
Bengaluru City,Devanahalli Traffic PS,1.04432e+16,2023,1,2,Road Accidents,Narrow road,Rural Areas,Near Petrol Pump,Human Error,No,Grievous Injury,Vehicle to Vehicle,Not at  Junction,Not Applicable,Others,Bitumen(Tar),Dry,No influence on accident,Fine,CARGO ROAD IN AIRPORT,SHELL PETROL BUNK,9,13.199621,77.69059,0,0,0.0,0.0
Bengaluru City,Devanahalli Traffic PS,1.04432e+16,2023,1,2,Road Accidents,Junction,Rural Areas,Open area,Human Error,No,Grievous Injury,Vehicle to Vehicle,No signal lights,Others,Others,Bitumen(Tar),Dry,No influence on accident,Fine,OLD BB ROAD,MANASA HOSPITAL,2,0.0,0.0,0,0,0.0,0.0
Bengaluru City,Devanahalli Traffic PS,1.04432e+16,2023,1,1,Not Applicable,Not Applicable,City/Town,Open area,Human Error,No,Grievous Injury,Not Applicable,Controlled,Others,Others,Bitumen(Tar),Dry,No influence on accident,Fine,AIRPORT ROAD,AIRPORT TERMINAL 2,7,0.0,0.0,0,0,0.0,0.0
Bengaluru City,Devanahalli Traffic PS,1.04432e+16,2023,1,2,Road Accidents,Narrow road,City/Town,Near a religious place,Human Error,No,Simple Injury,Vehicle to Vehicle,Controlled,Not Applicable,Minor District Road,Bitumen(Tar),Others,No influence on accident,Clear,VIJAYAPURA-DEVANAHALLI ROAD,NEAR JAIN TEMPLE,100 MT,0.0,0.0,0,1,0.0,1.0
Bengaluru City,Devanahalli Traffic PS,1.04432e+16,2023,1,1,Road Accidents,Not Applicable,City/Town,Near Bus stop,Not Applicable,No,Grievous Injury,Hit pedestrian,Uncontrolled,Others,State Highway,Surfaced,Dry,Not Applicable,Fine,devanahalli to sulibele road,Near Devanahalli Court,1,0.0,0.0,0,0,,
Bengaluru City,Devanahalli Traffic PS,1.04432e+16,2023,1,2,Road Accidents,Not Applicable,Rural Areas,Open area,Human Error,No,Simple Injury,Vehicle to Vehicle,Not Applicable,Others,NH,Bitumen(Tar),Dry,No influence on accident,Fine,B.B ROAD,NEAR CIKKASANNE GATE,3,0.0,0.0,0,0,0.0,0.0
Bengaluru City,Devanahalli Traffic PS,1.04432e+16,2023,1,2,Road Accidents,Narrow road,Rural Areas,Open area,Human Error,No,Simple Injury,Vehicle to Vehicle,Not Applicable,Others,Others,Bitumen(Tar),Dry,No influence on accident,Fine,BAGALURU -BOODIGERE ROAD,USMAN WELDING SHOP,25,0.0,0.0,0,0,0.0,0.0
Bengaluru City,Devanahalli Traffic PS,1.04432e+16,2023,1,2,Road Accidents,Narrow road,Rural Areas,Open area,Human Error,No,Fatal,Vehicle to Vehicle,Not Applicable,Others,NH,Bitumen(Tar),Dry,No influence on accident,Fine,"BB ROAD,",BHUVANAHALLI BRIDGE,4,13.215464,77.676499,0,0,0.0,0.0
Bengaluru City,Devanahalli Traffic PS,1.04432e+16,2023,1,2,Road Accidents,Not Applicable,Rural Areas,Open area,Not Applicable,Not Applicable,Grievous Injury,Vehicle to Vehicle,Not Applicable,Not Applicable,Expressway,Bitumen(Tar),Dry,Not Applicable,Clear,B B ROAD,NEAR DEVANAHALLI TOLL,500 MT,13.199539,77.658776,0,0,0.0,0.0
Bengaluru City,Devanahalli Traffic PS,1.04432e+16,2023,1,2,Road Accidents,Narrow road,Rural Areas,Open area,Human Error,No,Fatal,Vehicle to Vehicle,Uncontrolled,Straight and flat,NH,Bitumen(Tar),Dry,Not Applicable,Fine,B.B ROAD,BHUVANAHALLI BRIDGE,5,0.0,0.0,0,0,0.0,0.0
Bengaluru City,Devanahalli Traffic PS,1.04432e+16,2023,1,2,Road Accidents,Narrow road,Rural Areas,Near School or College,Human Error,No,Grievous Injury,Vehicle to Vehicle,Not at  Junction,Others,NH,Bitumen(Tar),Dry,No influence on accident,Fine,"BB ROAD,",TOLL,6,0.0,0.0,0,0,0.0,0.0
Bengaluru City,Devanahalli Traffic PS,1.04432e+16,2023,1,3,Road Accidents,Not Applicable,City/Town,Near Bus stop,Not Applicable,No,Grievous Injury,Vehicle to Vehicle,Controlled,Straight and flat,One way,Surfaced,Dry,Pot holed,Clear,Devanahalli To Channayarapattana road,Near SBI Bank,0.5 km,0.0,0.0,5,0,,
Bengaluru City,Devanahalli Traffic PS,1.04432e+16,2023,1,2,Not Applicable,Junction,City/Town,Open area,Not Applicable,No,Grievous Injury,Not Applicable,Controlled,Straight and flat,Mixed,Surfaced,Dry,Not Applicable,Clear,Airport Road,Terminal,1 km,0.0,0.0,0,0,,
Bengaluru City,Devanahalli Traffic PS,1.04432e+16,2023,1,2,Road Accidents,Junction,Rural Areas,Open area,Human Error,No,Grievous Injury,Vehicle to Vehicle,Signal lights Automatic,Not Applicable,NH,Bitumen(Tar),Dry,Not Applicable,Fine,B.B ROAD,CIKKASANNE GATE,3,13.23037,77.690915,0,0,0.0,0.0
Bengaluru City,Devanahalli Traffic PS,1.04432e+16,2023,1,2,Road Accidents,Narrow road,Rural Areas,Residential area,Human Error,No,Damage Only,Vehicle to Vehicle,Not Applicable,Others,NH,Bitumen(Tar),Dry,No influence on accident,Fine,GODREJ WOOD ROAD,GODREJ ROYAL WOOD ROAD,6 KM,13.193689,77.649658,0,0,0.0,0.0
Bengaluru City,Devanahalli Traffic PS,1.04432e+16,2023,1,2,Road Accidents,Cross roads,Rural Areas,Open area,Not Applicable,Yes,Fatal,Vehicle to Vehicle,Controlled,Straight and flat,Sub Arterial,Surfaced,Dry,Not Applicable,Clear,New Airport Road,Near Kempegowda statue,0.3 km,13.198113,77.684425,0,0,,
Bengaluru City,Devanahalli Traffic PS,1.04432e+16,2023,1,2,Road Accidents,Circle,City/Town,Open area,Not Applicable,No,Damage Only,Vehicle to Vehicle,Uncontrolled,Others,One way,Not Applicable,Not Applicable,Not Applicable,Fine,BAGALURU TO GALAMMA CIRCLE,NEAR GALAMMA CIRCLE,500 MT,13.834773,77.679759,0,0,0.0,0.0
Bengaluru City,Devanahalli Traffic PS,1.04432e+16,2023,1,1,Road Accidents,Narrow road,City/Town,Open area,Human Error,Not Applicable,Grievous Injury,Hit pedestrian,Not Applicable,Not Applicable,NH,Bitumen(Tar),Dry,Not Applicable,Clear,BB ROAD,KOTE CROSS NEAR,5 KM,13.251967,77.707518,0,0,0.0,0.0
Bengaluru City,Devanahalli Traffic PS,1.04432e+16,2023,1,2,Road Accidents,Narrow road,Rural Areas,Residential area,Not Applicable,No,Simple Injury,Vehicle to Vehicle,Uncontrolled,Straight and flat,Residential Street,Surfaced,Dry,Not Applicable,Fog / Mist,Bychapura Village,SLV Bekery,0.1,13.224718,77.71284,0,0,,
Bengaluru City,Devanahalli Traffic PS,1.04432e+16,2023,1,2,Road Accidents,Not Applicable,City/Town,Open area,Human Error,Yes,Damage Only,Vehicle to Vehicle,Not at  Junction,Not Applicable,Others,Bitumen(Tar),Dry,No influence on accident,Fine,BEGURU ROAD,GALAMMA CIRCLE,15 KM,0.0,0.0,0,0,0.0,0.0
Bengaluru City,Devanahalli Traffic PS,1.04432e+16,2023,1,2,Road Accidents,Narrow road,City/Town,Open area,Human Error,No,Simple Injury,Vehicle to Vehicle,Not Applicable,Others,Others,Bitumen(Tar),Dry,No influence on accident,Fine,KANNURU ROAD,KANNURU PETROL BUNK,30,13.091759,77.654756,0,0,0.0,0.0
Bengaluru City,Devanahalli Traffic PS,1.04432e+16,2023,1,1,Road Accidents,Circle,City/Town,Open area,Human Error,No,Fatal,Not Applicable,Stop sign,Not Applicable,Others,Bitumen(Tar),Dry,Not Applicable,Fine,B K HALLI ROAD,NEAR GULI CIRCLE,15,13.173048,77.694095,0,0,0.0,0.0
Bengaluru City,Devanahalli Traffic PS,1.04432e+16,2023,1,3,Road Accidents,Narrow road,City/Town,Open area,Human Error,No,Grievous Injury,Vehicle to Vehicle,Not Applicable,Others,Others,Bitumen(Tar),Dry,No influence on accident,Others,BAGALURU MAIN ROAD,NEAR GOPALAPURA,26 KM,0.0,0.0,0,0,0.0,0.0
Bengaluru City,Devanahalli Traffic PS,1.04432e+16,2023,1,5,Road Accidents,Narrow road,City/Town,Open area,Human Error,No,Not Applicable,Vehicle to Vehicle,Signals (Working),Straight and flat,NH,Bitumen(Tar),Dry,No influence on accident,Fine,BB ROAD,BY PASS JUNCTION,2,13.242291,77.703685,0,0,0.0,0.0