DISTRICTNAME,UNITNAME,Crime_No,Year,RI,Noofvehicle_involved,Accident_Classification,Accident_Spot,Accident_Location,Accident_SubLocation,Main_Cause,Hit_Run,Severity,Collision_Type,Junction_Control,Road_Character,Road_Type,Surface_Type,Surface_Condition,Road_Condition,Weather,Accident_Road,Landmark_first,Distance_LandMark_First,Latitude,Longitude,Road_Condition_Score,Surface_Condition_Score,Surface_Type_Score,Road_Risk_Index
Bengaluru City,Devanahalli Traffic PS,1.04432e+16,2023,1,2,Road Accidents,Narrow road,City/Town,Open area,Human Error,No,Simple Injury,Vehicle to Vehicle,Not at  Junction,Others,Others,Bitumen(Tar),Dry,No influence on accident,Fine,BELLAHALLI ROAD,BELLAHALLI BRIDGE,18,0.0,0.0,0,0,0.0,0.0
Bengaluru City,Devanahalli Traffic PS,1.04432e+16,2023,1,2,Road Accidents,Cross roads,Rural Areas,Open area,Not Applicable,No,Simple Injury,Vehicle to Vehicle,Controlled,Hump,NH,Not Applicable,Dry,Not Applicable,Clear,NH 44,KOTE CROSS,2KM,13.250256,77.70783,0,0,0.0,0.0
Bengaluru City,Devanahalli Traffic PS,1.04432e+16,2023,1,1,Road Accidents,Narrow road,City/Town,Open area,Human Error,No,Grievous Injury,Not Applicable,No signal lights,Others,NH,Bitumen(Tar),Not Applicable,No influence on accident,Fine,BB ROAD,KANNAMANGALA PALYA GATE,6,13.223485,77.684258,0,0,0.0,0.0
Bengaluru City,Devanahalli Traffic PS,1.04432e+16,2023,1,1,Road Accidents,Narrow road,City/Town,Narrow bridge or culverts,Human Error,No,Grievous Injury,Hit pedestrian,Not Applicable,Others,Others,Bitumen(Tar),Dry,Not Applicable,Clear,BELLAHALLI,BELLAHALLI BRIDGE,25,0.0,0.0,0,0,0.0,0.0
Bengaluru City,Devanahalli Traffic PS,1.04432e+16,2023,1,2,Road Accidents,Not Applicable,City/Town,Open area,Human Error,Yes,Grievous Injury,Vehicle to Vehicle,Not Applicable,Not Applicable,State Highway,Bitumen(Tar),Dry,Not Applicable,Clear,NANDI HILLS ROAD,MUNESHWARA TEMPLE,YES,0.0,0.0,0,0,0.0,0.0
Bengaluru City,Devanahalli Traffic PS,1.04432e+16,2023,1,2,Road Accidents,Junction,Rural Areas,Open area,Not Applicable,No,Fatal,Vehicle to Vehicle,Uncontrolled,Not Applicable,NH,Bitumen(Tar),Dry,Not Applicable,Clear,Bangalore Ballry Road,Kote Junction,3 KMS,13.250586,77.706962,0,0,0.0,0.0
Bengaluru City,Devanahalli Traffic PS,1.04432e+16,2023,1,2,Road Accidents,Narrow road,Rural Areas,Open area,Human Error,No,Damage Only,Vehicle to Vehicle,Not at  Junction,Straight and flat,NH,Bitumen(Tar),Dry,No influence on accident,Fine,BB ROAD,TOLL PLAZA 2,8,13.193689,77.649658,0,0,0.0,0.0
Bengaluru City,Devanahalli Traffic PS,1.04432e+16,2023,1,1,Road Accidents,Narrow road,City/Town,Open area,Human Error,No,Simple Injury,Hit pedestrian,Controlled,Not Applicable,One way,Bitumen(Tar),Others,Not Applicable,Clear,NANDI HILLS ROAD,NEELERI GATE,50 MTR,13.262706,77.71737,0,1,0.0,1.0
Bengaluru City,Devanahalli Traffic PS,1.04432e+16,2023,1,1,Road Accidents,Circle,Rural Areas,Near a factory industrial area,Human Error,No,Simple Injury,Not Applicable,Controlled,Not Applicable,Others,Bitumen(Tar),Not Applicable,Not Applicable,Clear,KIADB INDUSTRIAL AREA,E MUDRA OFFICE,1,13.194357,77.690881,0,0,0.0,0.0
Bengaluru City,Devanahalli Traffic PS,1.04432e+16,2023,1,1,Road Accidents,Narrow road,City/Town,Near a recreation place/cinema,Human Error,No,Fatal,Vehicle to Vehicle,Not at  Junction,Others,NH,Bitumen(Tar),Dry,No influence on accident,Fine,"BB ROAD , NEAR KRISHNA GARDEN HOTEL",KRISHNA GARDEN HOTEL,6,0.0,0.0,0,0,0.0,0.0
Bengaluru City,Devanahalli Traffic PS,1.04432e+16,2023,1,2,Road Accidents,Narrow road,Rural Areas,Open area,Human Error,No,Grievous Injury,Vehicle to Vehicle,Uncontrolled,Not Applicable,Others,Bitumen(Tar),Dry,Not Applicable,Fine,AIRPORT ROAD,NEW AIRPORT ROAD DEVANAHALLI,8,0.0,0.0,0,0,0.0,0.0
Bengaluru City,Devanahalli Traffic PS,1.04432e+16,2023,1,1,Road Accidents,Narrow road,Rural Areas,Open area,Human Error,No,Fatal,Hit pedestrian,Not Applicable,Others,NH,Bitumen(Tar),Dry,No influence on accident,Fine,BB ROAD,DABA GATE,5,0.0,0.0,0,0,0.0,0.0
Bengaluru City,Devanahalli Traffic PS,1.04432e+16,2023,1,1,Road Accidents,Narrow road,Rural Areas,Open area,Human Error,No,Damage Only,Not Applicable,Not Applicable,Not Applicable,Not Applicable,Bitumen(Tar),Dry,No influence on accident,Fine,NEAR ARIVAL,AIRPORT,13 km,0.0,0.0,0,0,0.0,0.0
Bengaluru City,Devanahalli Traffic PS,1.04432e+16,2023,1,2,Road Accidents,Not Applicable,Rural Areas,Open area,Human Error,No,Grievous Injury,Vehicle to Vehicle,Uncontrolled,Others,Others,Bitumen(Tar),Dry,Not Applicable,Fine,BYCHAPURA - BUDIGERE ROAD,NEAR BRIGADE APARTMENT,3,0.0,0.0,0,0,0.0,0.0
Bengaluru City,Devanahalli Traffic PS,1.04432e+16,2023,1,1,Road Accidents,Bottleneck,Rural Areas,At pedestrian Crossing,Not Applicable,No,Simple Injury,Not Applicable,Controlled,Curve,Others,Concrete,Dry,Not Applicable,Clear,AIRPOT MAILANHALLI ROAD,GALAMMA CIRCLE,12,0.0,0.0,0,0,0.0,0.0
Bengaluru City,Devanahalli Traffic PS,1.04432e+16,2023,1,2,Road Accidents,Junction,City/Town,Residential area,Human Error,No,Grievous Injury,Vehicle to Vehicle,Controlled,Straight and flat,NH,Bitumen(Tar),Not Applicable,No influence on accident,Clear,BENGALURU BELLARY ROAD,AKKUPETE CIRCLE,100 ME,13.25056,77.707255,0,0,0.0,0.0
Bengaluru City,Devanahalli Traffic PS,1.04432e+16,2023,1,2,Road Accidents,Narrow road,Rural Areas,Open area,Human Error,No,Damage Only,Vehicle to Vehicle,Not Applicable,Straight and flat,Others,Bitumen(Tar),Dry,No influence on accident,Fine,BAGALURU MAIN ROAD,NAYARA PETROL BUNK,12,13.183172,77.677456,0,0,0.0,0.0
Bengaluru City,Devanahalli Traffic PS,1.04432e+16,2023,1,2,Road Accidents,Narrow road,Rural Areas,Near School or College,Not Applicable,No,Fatal,Vehicle to Vehicle,Not Applicable,Straight and flat,Others,Surfaced,Dry,Not Applicable,Cloudy,Aklamallenahalli Village road,Tata OBLP Company,0.5 km,13.191823,77.665601,0,0,,
Bengaluru City,Devanahalli Traffic PS,1.04432e+16,2023,1,2,Road Accidents,Narrow road,Rural Areas,Near Petrol Pump,Human Error,No,Simple Injury,Vehicle to Vehicle,Controlled,Others,One way,Bitumen(Tar),Not Applicable,No influence on accident,Clear,"NEAR SHEL PETROL BUNK, KIAL",SHEL PETROL BUNK,50 MTR,13.199516,77.700205,0,0,0.0,0.0
Bengaluru City,Devanahalli Traffic PS,1.04432e+16,2023,1,2,Road Accidents,Circle,Rural Areas,Open area,Not Applicable,Not Applicable,Grievous Injury,Vehicle to Vehicle,Controlled,Others,NH,Bitumen(Tar),Dry,Not Applicable,Others,BB ROAD,NEAR RANI CROSS,500 MT,13.267631,77.719588,0,0,0.0,0.0
Bengaluru City,Devanahalli Traffic PS,1.04432e+16,2023,1,1,Road Accidents,Not Applicable,Rural Areas,Open area,Human Error,No,Simple Injury,Hit pedestrian,Not at  Junction,Others,Others,Bitumen(Tar),Not Applicable,No influence on accident,Others,AIRPORT ROAD,P 4 PARKING,12,0.0,0.0,0,0,0.0,0.0
Bengaluru City,Devanahalli Traffic PS,1.04432e+16,2023,1,1,Road Accidents,Narrow road,City/Town,Open area,Human Error,No,Damage Only,Not Applicable,Not Applicable,Not Applicable,Others,Bitumen(Tar),Dry,No influence on accident,Others,BAGALURU ROAD,NEAR MARENAHALLI,18,13.128608,77.67406,0,0,0.0,0.0
Bengaluru City,Devanahalli Traffic PS,1.04432e+16,2023,1,2,Road Accidents,Narrow road,City/Town,Open area,Human Error,No,Grievous Injury,Vehicle to Vehicle,Not Applicable,Others,NH,Bitumen(Tar),Dry,No influence on accident,Others,BBROAD,KANNAMAGALA PALYA GATE,6 KM,13.221363,77.682243,0,0,0.0,0.0
Bengaluru City,Devanahalli Traffic PS,1.04432e+16,2023,1,1,Road Accidents,Narrow road,Rural Areas,Near a recreation place/cinema,Human Error,No,Fatal,Not Applicable,Not at  Junction,Straight and flat,NH,Bitumen(Tar),Dry,No influence on accident,Fine,B.B ROAD,turkish hotel,4,13.22705,77.687919,0,0,0.0,0.0
Bengaluru City,Devanahalli Traffic PS,1.04432e+16,2023,1,2,Road Accidents,Curves,City/Town,Open area,Not Applicable,No,Simple Injury,Vehicle to Vehicle,Not Applicable,Curve,Others,Bitumen(Tar),Others,Not Applicable,Fine,B.B ROAD,SATANURU,24,0.0,0.0,0,1,0.0,1.0
Bengaluru City,Devanahalli Traffic PS,1.04432e+16,2023,1,2,Road Accidents,Narrow road,City/Town,Open area,Human Error,No,Simple Injury,Vehicle to Vehicle,No signal lights,Others,NH,Bitumen(Tar),Dry,No influence on accident,Fine,BB ROAD,HIRANANDANI APPARTMENT,4 KM,0.0,0.0,0,0,0.0,0.0
Bengaluru City,Devanahalli Traffic PS,1.04432e+16,2023,1,2,Road Accidents,Narrow road,Rural Areas,Near Bus stop,Not Applicable,Yes,Fatal,Vehicle to Vehicle,Controlled,Straight and flat,NH,Surfaced,Dry,Not Applicable,Clear,BB Road,kannamangala palya gate,0.5 km,13.221361,77.682261,0,0,,
Bengaluru City,Devanahalli Traffic PS,1.04432e+16,2023,1,1,Road Accidents,Narrow road,Rural Areas,Open area,Not Applicable,Not Applicable,Fatal,Hit pedestrian,Uncontrolled,Straight and flat,NH,Bitumen(Tar),Dry,Not Applicable,Clear,B B Road,Infront Of NH 7 Hotel,5 Km,13.26209,77.716534,0,0,0.0,0.0
Bengaluru City,Devanahalli Traffic PS,1.04432e+16,2023,1,2,Road Accidents,Narrow road,City/Town,Near School or College,Not Applicable,Yes,Fatal,Vehicle to Vehicle,Uncontrolled,Not Applicable,Others,Bitumen(Tar),Dry,Not Applicable,Fine,Hennur Bagalur Road,Near Koshish Collage,20,13.107714,77.665639,0,0,0.0,0.0
Bengaluru City,Devanahalli Traffic PS,1.04432e+16,2023,1,2,Road Accidents,Narrow road,Rural Areas,Open area,Human Error,No,Simple Injury,Vehicle to Vehicle,Not at  Junction,Others,Others,Bitumen(Tar),Dry,No influence on accident,Fine,HOSURU BANDE ROAD,CMR COLLEGE,20,13.117709,77.65494,0,0,0.0,0.0
Bengaluru City,Devanahalli Traffic PS,1.04432e+16,2023,1,2,Road Accidents,Not Applicable,City/Town,Near Bus stop,Human Error,No,Damage Only,Vehicle to Vehicle,Police / Manual,Curve,NH,Bitumen(Tar),Dry,No influence on accident,Others,BB ROAD,NEW BUS STAND,2KM,0.0,0.0,0,0,0.0,0.0
Bengaluru City,Devanahalli Traffic PS,1.04432e+16,2023,1,1,Road Accidents,Narrow road,City/Town,Open area,Human Error,No,Grievous Injury,Not Applicable,Not Applicable,Others,Others,Bitumen(Tar),Others,No influence on accident,Fine,AIRPORT DIVERSION,AIRPORT DIVERSION,8 KM,0.0,0.0,0,1,0.0,1.0
Bengaluru City,Devanahalli Traffic PS,1.04432e+16,2023,1,2,Road Accidents,Narrow road,Rural Areas,Open area,Human Error,No,Grievous Injury,Vehicle to Vehicle,Not Applicable,Others,Others,Bitumen(Tar),Dry,No influence on accident,Fine,AIRPORT ROAD,AIRPORT,12,0.0,0.0,0,0,0.0,0.0
Bengaluru City,Devanahalli Traffic PS,1.04432e+16,2023,1,2,Road Accidents,Curves,City/Town,Near Bus stop,Human Error,No,Grievous Injury,Vehicle to Vehicle,Not Applicable,Curve,State Highway,Bitumen(Tar),Dry,No influence on accident,Fine,OLD BB ROAD,OLD BUS STAND,2 KM,13.248612,77.715549,0,0,0.0,0.0
Bengaluru City,Devanahalli Traffic PS,1.04432e+16,2023,1,2,Road Accidents,Narrow road,City/Town,Near Bus stop,Human Error,No,Grievous Injury,Vehicle to Vehicle,Not at  Junction,Not Applicable,NH,Bitumen(Tar),Others,No influence on accident,Fine,BB ROAD,NEW BUS STAND,2 KM,0.0,0.0,0,1,0.0,1.0
Bengaluru City,Devanahalli Traffic PS,1.04432e+16,2023,1,1,Road Accidents,Narrow road,Rural Areas,Open area,Human Error,No,Fatal,Not Applicable,No signal lights,Straight and flat,Others,Bitumen(Tar),Dry,No influence on accident,Fine,NNANDI ROAD,AJMAL LAYOUT,6,0.0,0.0,0,0,0.0,0.0
Bengaluru City,Devanahalli Traffic PS,1.04432e+16,2023,1,2,Road Accidents,Narrow road,City/Town,Open area,Human Error,No,Damage Only,Vehicle to Vehicle,Not Applicable,Straight and flat,State Highway,Bitumen(Tar),Dry,No influence on accident,Fine,old bus stand,OLD BUS STAND,2,0.0,0.0,0,0,0.0,0.0
Bengaluru City,Devanahalli Traffic PS,1.04432e+16,2023,1,2,Road Accidents,Narrow road,Rural Areas,Residential area,Human Error,No,Fatal,Vehicle to Vehicle,Not Applicable,Straight and flat,NH,Bitumen(Tar),Dry,No influence on accident,Fine,BB ROAD,OZONE URBANA,3  km,0.0,0.0,0,0,0.0,0.0
Bengaluru City,Devanahalli Traffic PS,1.04432e+16,2023,1,1,Road Accidents,Narrow road,Rural Areas,Near a recreation place/cinema,Human Error,No,Grievous Injury,Hit pedestrian,No signal lights,Others,NH,Bitumen(Tar),Dry,No influence on accident,Others,BB ROAD,IN FRONT OF BANJARA HOTEL,3 KM,0.0,0.0,0,0,0.0,0.0
Bengaluru City,Devanahalli Traffic PS,1.04432e+16,2023,1,1,Road Accidents,Not Applicable,City/Town,Open area,Human Error,No,Grievous Injury,Not Applicable,No signal lights,Straight and flat,Expressway,Bitumen(Tar),Dry,Not Applicable,Fine,AIRPORT ROAD,AIRPORT DEVANAHALLI,6,0.0,0.0,0,0,0.0,0.0
Bengaluru City,Devanahalli Traffic PS,1.04432e+16,2023,1,1,Road Accidents,Not Applicable,Rural Areas,Open area,Human Error,Yes,Grievous Injury,Not Applicable,Uncontrolled,Straight and flat,State Highway,Bitumen(Tar),Dry,Not Applicable,Fine,BYCHAPURA - BUDIGERE ROAD,NEAR SAI RAM SHOP BYCHAPURA ROAD DEVANAHALLI,2,0.0,0.0,0,0,0.0,0.0
Bengaluru City,Devanahalli Traffic PS,1.04432e+16,2023,1,2,Road Accidents,Narrow road,Rural Areas,Near a factory industrial area,Human Error,Yes,Simple Injury,Vehicle to Vehicle,Not at  Junction,Others,Others,Bitumen(Tar),Dry,No influence on accident,Fine,HUNACHURU ROAD,HUNACHURU JUNCTION,12,0.0,0.0,0,0,0.0,0.0
Bengaluru City,Devanahalli Traffic PS,1.04432e+16,2023,1,2,Road Accidents,Junction,Rural Areas,Open area,Not Applicable,Yes,Simple Injury,Vehicle to Vehicle,Uncontrolled,Straight and flat,Mixed,Surfaced,Dry,Not Applicable,Clear,Vijayapura to Devanahalli Road,Brigade Apartment,05 km,13.266291,77.740695,0,0,,
Bengaluru City,Devanahalli Traffic PS,1.04432e+16,2023,1,2,Road Accidents,Not Applicable,Rural Areas,Open area,Not Applicable,Yes,Damage Only,Vehicle to Vehicle,Not Applicable,Others,Others,Not Applicable,Not Applicable,Not Applicable,Others,airport road,airport road,2 km,13.198122,77.684203,0,0,0.0,0.0
Bengaluru City,Devanahalli Traffic PS,1.04432e+16,2023,1,2,Road Accidents,Junction,Rural Areas,Open area,Human Error,Not Applicable,Damage Only,Not Applicable,Signals (Working),Not Applicable,Not Applicable,Not Applicable,Not Applicable,Not Applicable,Fine,CHI\KKSANNE GATE,CHIKKASANNE,4 KM,13.230379,77.690926,0,0,0.0,0.0
Bengaluru City,Devanahalli Traffic PS,1.04432e+16,2023,1,1,Road Accidents,Narrow road,Rural Areas,Near School or College,Not Applicable,Yes,Simple Injury,Hit pedestrian,Uncontrolled,Straight and flat,NH,Surfaced,Dry,Not Applicable,Fog / Mist,BB Road,Near Hiranandani Apartment,0.5 km,13.235367,77.696071,0,0,,
Bengaluru City,Devanahalli Traffic PS,1.04432e+16,2023,1,2,Not Applicable,Junction,City/Town,Open area,Human Error,No,Damage Only,Vehicle to Vehicle,Signal lights Blinking,Not Applicable,NH,Bitumen(Tar),Dry,Not Applicable,Clear,BYPASS JUNCTION,DEVANAHALLI BYPASS,3 KM,13.242855,77.704164,0,0,0.0,0.0
Bengaluru City,Devanahalli Traffic PS,1.04432e+16,2023,1,1,Road Accidents,Narrow road,Rural Areas,Open area,Not Applicable,No,Fatal,Not Applicable,Uncontrolled,Straight and flat,Others,Surfaced,Dry,Not Applicable,Fog / Mist,Budigere road,Near Raja Residency,0.1 km,13.13202,77.691295,0,0,,
Bengaluru City,Devanahalli Traffic PS,1.04432e+16,2023,1,1,Road Accidents,Narrow road,Rural Areas,In bazaar,Not Applicable,No,Fatal,Not Applicable,Controlled,Others,Others,Surfaced,Dry,Not Applicable,Clear,Bagaluru Budigere Road,Usman Welding Shop,0.1 km,13.13351,77.67702,0,0,,
Bengaluru City,Electronic City Traffic PS,1.04432e+16,2016,1,1,Road Accidents,T Junction,City/Town,At pedestrian Crossing,Human Error,No,Grievous Injury,Hit pedestrian,Signal lights Automatic,Others,NH,Bitumen(Tar),Dry,Not Applicable,Others,NH7,Near EC2,3KM,0.0,0.0,0,0,0.0,0.0
Bengaluru City,Electronic City Traffic PS,1.04432e+16,2016,1,2,Road Accidents,Narrow road,City/Town,Near office complex,Human Error,No,Fatal,Rear end,Uncontrolled,Not Applicable,NH,Bitumen(Tar),Not Applicable,Not Applicable,Fine,"NH-7, Hosur Road",Electronic City BMTC Bus Depo,85,12.504772,77.401926,0,0,0.0,0.0
Bengaluru City,Electronic City Traffic PS,1.04432e+16,2016,1,1,Road Accidents,Narrow road,City/Town,At pedestrian Crossing,Human Error,Yes,Grievous Injury,Hit pedestrian,Uncontrolled,Not Applicable,Others,Bitumen(Tar),Dry,Not Applicable,Clear,BETL  Office Road,Near HCL Company,2kms,12.503711,77.402336,0,0,0.0,0.0
Bengaluru City,Electronic City Traffic PS,1.04432e+16,2016,1,2,Road Accidents,Narrow road,City/Town,Open area,Human Error,No,Grievous Injury,Others,Uncontrolled,Others,NH,Bitumen(Tar),Dry,Not Applicable,Clear,"HOsuru Road NH-07,",Khonappana Agrahara,2kms,12.511976,77.39503,0,0,0.0,0.0
Bengaluru City,Electronic City Traffic PS,1.04432e+16,2016,1,1,Road Accidents,Junction,City/Town,Near Bus stop,Not Applicable,No,Grievous Injury,Hit pedestrian,Signal lights Automatic,Not Applicable,NH,Bitumen(Tar),Dry,Not Applicable,Others,Bangalore Main Road. N H 7,Naganathapura Junction,5KM,12.521082,77.391193,0,0,0.0,0.0
Bengaluru City,Electronic City Traffic PS,1.04432e+16,2016,1,2,Road Accidents,Narrow road,City/Town,Open area,Human Error,Not Applicable,Damage Only,Rear end,Uncontrolled,Others,NH,Bitumen(Tar),Dry,Not Applicable,Clear,NH Hosuru Road,Veerasandra Signal,3kms,12.502418,77.403691,0,0,0.0,0.0
Bengaluru City,Electronic City Traffic PS,1.04432e+16,2016,1,1,Road Accidents,Narrow road,City/Town,Open area,Human Error,Not Applicable,Fatal,Hit pedestrian,Uncontrolled,Others,NH,Bitumen(Tar),Dry,Not Applicable,Clear,"Nh-07,  Hosuru Road",Near Meenakshi  Steel,3kms,12.52943,77.391452,0,0,0.0,0.0
Bengaluru City,Electronic City Traffic PS,1.04432e+16,2016,1,1,Road Accidents,Other,City/Town,Open area,Human Error,No,Grievous Injury,Hit pedestrian,Uncontrolled,Others,NH,Bitumen(Tar),Dry,Not Applicable,Clear,Hosuru Main Road,Oppst  To  indura  garments,1kms,0.0,0.0,0,0,0.0,0.0
Bengaluru City,Electronic City Traffic PS,1.04432e+16,2016,1,1,Road Accidents,Narrow road,City/Town,Open area,Human Error,Yes,Grievous Injury,Hit pedestrian,Uncontrolled,Others,Others,Bitumen(Tar),Dry,Not Applicable,Clear,4th Cross  Central  jail Road,Channakeshva  Nagra,4kms,12.521087,77.391114,0,0,0.0,0.0
Bengaluru City,Electronic City Traffic PS,1.04432e+16,2016,1,1,Road Accidents,Other,City/Town,Open area,Human Error,Yes,Fatal,Hit pedestrian,Uncontrolled,Others,NH,Bitumen(Tar),Dry,Not Applicable,Clear,"NH-07, Towards  Bangalore",Near Singasandra  Kalikamba Wines,5kms,12.53166,77.382552,0,0,0.0,0.0
Bengaluru City,Electronic City Traffic PS,1.04432e+16,2016,1,2,Road Accidents,Narrow road,City/Town,Open area,Human Error,Not Applicable,Grievous Injury,Others,Uncontrolled,Others,NH,Bitumen(Tar),Dry,Not Applicable,Clear,Near  Beretena Agrahara,Incom Tax office,5kms,12.514727,77.393159,0,0,0.0,0.0
Bengaluru City,Electronic City Traffic PS,1.04432e+16,2016,1,1,Road Accidents,Narrow road,City/Town,Open area,Human Error,Not Applicable,Fatal,Hit pedestrian,Uncontrolled,Not Applicable,NH,Bitumen(Tar),Dry,Not Applicable,Clear,Hosuru Main,Near Singasandra HDFC Bank,5kms,12.522187,77.3943,0,0,0.0,0.0
Bengaluru City,Electronic City Traffic PS,1.04432e+16,2016,1,2,Road Accidents,Narrow road,City/Town,Open area,Human Error,Yes,Grievous Injury,Others,Uncontrolled,Not Applicable,NH,Bitumen(Tar),Dry,Not Applicable,Clear,"NH-07, Bangalore City Service Road",Konappan agrhara,2kms,12.511424,77.395702,0,0,0.0,0.0
Bengaluru City,Electronic City Traffic PS,1.04432e+16,2016,1,1,Road Accidents,Narrow road,City/Town,Open area,Human Error,Yes,Fatal,Others,Uncontrolled,Others,NH,Bitumen(Tar),Dry,Not Applicable,Clear,NH  Bangalore City Main Road,Skoda Car Show Room,3kms,12.88638,77.64155,0,0,0.0,0.0
Bengaluru City,Electronic City Traffic PS,1.04432e+16,2016,1,1,Road Accidents,Narrow road,City/Town,Open area,Human Error,No,Grievous Injury,Skidding or Self accident,Uncontrolled,Not Applicable,Expressway,Bitumen(Tar),Not Applicable,Not Applicable,Clear,Nice Road,Near Begur Bridge,85,12.511729,77.363509,0,0,0.0,0.0
Bengaluru City,Electronic City Traffic PS,1.04432e+16,2016,1,2,Road Accidents,Other,City/Town,Open area,Human Error,Yes,Grievous Injury,Others,Not at  Junction,Others,NH,Bitumen(Tar),Dry,Not Applicable,Others,BETL,Infosys Company,2KM,12.51597,77.40333,0,0,0.0,0.0
Bengaluru City,Electronic City Traffic PS,1.04432e+16,2016,1,1,Road Accidents,Narrow road,City/Town,Residential area,Human Error,No,Grievous Injury,Hit pedestrian,Uncontrolled,Not Applicable,NH,Bitumen(Tar),Not Applicable,Not Applicable,Fine,"NH-7, Hosur Road",Near Salarpuria Symphony Apartment,85,12.514499,77.39324,0,0,0.0,0.0
Bengaluru City,Electronic City Traffic PS,1.04432e+16,2016,1,4,Road Accidents,Narrow road,City/Town,Open area,Vehicle Defect,No,Damage Only,Others,Controlled,Not Applicable,NH,Bitumen(Tar),Dry,Not Applicable,Clear,HOSUR MAIN ROAD,VEERASANDRA SIGNAL,3KMS,12.501393,77.404368,0,0,0.0,0.0
Bengaluru City,Electronic City Traffic PS,1.04432e+16,2016,1,1,Road Accidents,Other,City/Town,Open area,Human Error,Not Applicable,Grievous Injury,Others,Uncontrolled,Not Applicable,Others,Bitumen(Tar),Dry,Not Applicable,Clear,Hosa Road,Infront Of SBM Bank,5kms,12.521417,77.393355,0,0,0.0,0.0
Bengaluru City,Electronic City Traffic PS,1.04432e+16,2016,1,1,Road Accidents,Narrow road,City/Town,At pedestrian Crossing,Human Error,Yes,Grievous Injury,Hit pedestrian,Uncontrolled,Not Applicable,NH,Bitumen(Tar),Dry,Not Applicable,Clear,"Nh-07,  Hossuru Road",Singasndar  Near  Cheverlet  Car Show Room,5kms,12.521915,77.39507,0,0,0.0,0.0
Bengaluru City,Electronic City Traffic PS,1.04432e+16,2016,1,1,Road Accidents,Narrow road,City/Town,Open area,Human Error,No,Grievous Injury,Hit pedestrian,Uncontrolled,Not Applicable,NH,Bitumen(Tar),Dry,Not Applicable,Clear,Hosuru Main Road,Oppsite kalikamba  Wines,5kms,0.0,0.0,0,0,0.0,0.0
Bengaluru City,Electronic City Traffic PS,1.04432e+16,2016,1,1,Road Accidents,Narrow road,City/Town,Open area,Vehicle Defect,Yes,Damage Only,Others,Controlled,Not Applicable,Others,Bitumen(Tar),Dry,Not Applicable,Clear,Eleectroic City Phase -01 Road,BHEL Junction,1kms,12.504276,77.393771,0,0,0.0,0.0
Bengaluru City,Electronic City Traffic PS,1.04432e+16,2016,1,2,Road Accidents,Narrow road,City/Town,Open area,Human Error,Not Applicable,Grievous Injury,Others,Uncontrolled,Not Applicable,Others,Bitumen(Tar),Dry,Not Applicable,Clear,Beguru lake,Near  Ganapathi  Temple  Beghuru,7kms,12.524154,77.374872,0,0,0.0,0.0
Bengaluru City,Electronic City Traffic PS,1.04432e+16,2016,1,2,Road Accidents,Narrow road,City/Town,Open area,Human Error,Yes,Fatal,Others,Uncontrolled,Others,NH,Bitumen(Tar),Dry,Not Applicable,Clear,NH,Veerasandra  Junction  Near IOc Petrol Bunk,3kms,12.501988,77.404106,0,0,0.0,0.0
Bengaluru City,Electronic City Traffic PS,1.04432e+16,2016,1,2,Road Accidents,Narrow road,City/Town,Open area,Human Error,No,Grievous Injury,Others,Uncontrolled,Others,Others,Bitumen(Tar),Dry,Not Applicable,Clear,Doddanagamagala Road,Near Nissan Service Centre,5kms,12.52975,77.393585,0,0,0.0,0.0
Bengaluru City,Electronic City Traffic PS,1.04432e+16,2016,1,2,Road Accidents,Narrow road,City/Town,Open area,Human Error,No,Grievous Injury,Others,Uncontrolled,Not Applicable,NH,Bitumen(Tar),Dry,Not Applicable,Clear,"NH-07, Elevated  Flyover",Infront  Of  Infosys,1kms,12.505254,77.401457,0,0,0.0,0.0
Bengaluru City,Electronic City Traffic PS,1.04432e+16,2016,1,2,Road Accidents,Narrow road,City/Town,Open area,Human Error,Not Applicable,Damage Only,Rear end,Uncontrolled,Others,NH,Bitumen(Tar),Dry,Not Applicable,Clear,NH,Near Infosys  Company,2kms,12.85056,77.66855,0,0,0.0,0.0
Bengaluru City,Electronic City Traffic PS,1.04432e+16,2016,1,1,Road Accidents,Narrow road,City/Town,Residential area,Human Error,No,Fatal,Skidding or Self accident,Uncontrolled,Not Applicable,NH,Bitumen(Tar),Not Applicable,Not Applicable,Fine,"NH-7, Hosur Road",Singasandra Near Pillar No 120,55,0.0,0.0,0,0,0.0,0.0
Bengaluru City,Electronic City Traffic PS,1.04432e+16,2016,1,1,Road Accidents,Junction,City/Town,Near a factory industrial area,Human Error,No,Grievous Injury,Hit pedestrian,Signal lights Automatic,Others,NH,Bitumen(Tar),Dry,Not Applicable,Others,NH7,Naer Veerasandra Signal,2KM,12.50234,77.403647,0,0,0.0,0.0
Bengaluru City,Electronic City Traffic PS,1.04432e+16,2016,1,1,Road Accidents,Narrow road,City/Town,Open area,Human Error,Not Applicable,Grievous Injury,Hit pedestrian,Uncontrolled,Others,NH,Bitumen(Tar),Dry,Not Applicable,Clear,NH,Chikkathoguru Gate,5kms,12.52089,77.391945,0,0,0.0,0.0