DISTRICTNAME,UNITNAME,Crime_No,Year,RI,Noofvehicle_involved,Accident_Classification,Accident_Spot,Accident_Location,Accident_SubLocation,Main_Cause,Hit_Run,Severity,Collision_Type,Junction_Control,Road_Character,Road_Type,Surface_Type,Surface_Condition,Road_Condition,Weather,Accident_Road,Landmark_first,Distance_LandMark_First,Latitude,Longitude,Road_Condition_Score,Surface_Condition_Score,Surface_Type_Score,Road_Risk_Index
Bengaluru City,Electronic City Traffic PS,1.04432e+16,2016,1,1,Road Accidents,Narrow road,City/Town,Open area,Human Error,No,Fatal,Others,Uncontrolled,Others,NH,Bitumen(Tar),Dry,Not Applicable,Clear,BETL Flyover Road,Near Electronic City  Bus Stop,2kms,12.505061,77.401652,0,0,0.0,0.0
Bengaluru City,Electronic City Traffic PS,1.04432e+16,2016,1,2,Road Accidents,Narrow road,City/Town,Open area,Human Error,Yes,Grievous Injury,Others,Uncontrolled,Not Applicable,NH,Bitumen(Tar),Dry,Not Applicable,Clear,Nh  Hosuru  Service Road,Suraksh Car  Show  Konappan agrhara,2kms,12.51242,77.40871,0,0,0.0,0.0
Bengaluru City,Electronic City Traffic PS,1.04432e+16,2016,1,2,Road Accidents,Narrow road,City/Town,Open area,Vehicle Defect,Yes,Damage Only,Others,Uncontrolled,Not Applicable,Others,Bitumen(Tar),Dry,Not Applicable,Clear,"Nh-07, Hosuru  Main Road",Near Surakshaa Car Show Room,2kms,12.505383,77.40642,0,0,0.0,0.0
Bengaluru City,Electronic City Traffic PS,1.04432e+16,2016,1,2,Road Accidents,Narrow road,City/Town,Open area,Vehicle Defect,No,Damage Only,Rear end,Uncontrolled,Others,NH,Bitumen(Tar),Dry,Not Applicable,Clear,NH-07 Electronic City Phase-02,Electronic City  Connecting Flyover,2kms,12.8424,77.67619,0,0,0.0,0.0
Bengaluru City,Electronic City Traffic PS,1.04432e+16,2016,1,2,Road Accidents,Other,City/Town,Near Bus stop,Human Error,No,Grievous Injury,Rear end,Not at  Junction,Others,NH,Bitumen(Tar),Dry,Not Applicable,Others,NH7,EC Bus Depo,2,12.524811,77.384434,0,0,0.0,0.0
Bengaluru City,Electronic City Traffic PS,1.04432e+16,2016,1,1,Road Accidents,Narrow road,City/Town,Open area,Human Error,No,Fatal,Hit pedestrian,Uncontrolled,Not Applicable,NH,Bitumen(Tar),Dry,Not Applicable,Clear,"Nh-07, Hosuru Road",Near Indura Garments  Singasandra,5kms,12.53616,77.383241,0,0,0.0,0.0
Bengaluru City,Electronic City Traffic PS,1.04432e+16,2016,1,1,Road Accidents,Narrow road,City/Town,At pedestrian Crossing,Human Error,Yes,Fatal,Hit pedestrian,Uncontrolled,Not Applicable,NH,Bitumen(Tar),Dry,Not Applicable,Clear,"NH-07, Hosuru Road",Near Singasandra,5kms,12.522123,77.39406,0,0,0.0,0.0
Bengaluru City,Electronic City Traffic PS,1.04432e+16,2016,1,2,Not Applicable,Narrow road,City/Town,Open area,Vehicle Defect,Not Applicable,Damage Only,Others,Uncontrolled,Not Applicable,Others,Bitumen(Tar),Dry,Not Applicable,Clear,Nice Road,Near Electronic City Toll Booth,3kms,12.512963,77.393035,0,0,0.0,0.0
Bengaluru City,Electronic City Traffic PS,1.04432e+16,2016,1,2,Road Accidents,Narrow road,City/Town,Open area,Vehicle Defect,Not Applicable,Damage Only,Others,Uncontrolled,Not Applicable,Others,Bitumen(Tar),Dry,Not Applicable,Clear,Eleectroic City Phase -01 Road,Infosys Company Parking Place,1kms,12.50588,77.394717,0,0,0.0,0.0
Bengaluru City,Electronic City Traffic PS,1.04432e+16,2016,1,2,Road Accidents,Narrow road,City/Town,Open area,Vehicle Defect,No,Damage Only,Rear end,Uncontrolled,Not Applicable,NH,Bitumen(Tar),Dry,Not Applicable,Clear,MAin Road,Veerasandra  Signal,2kms,12.502135,77.403845,0,0,0.0,0.0
Bengaluru City,Electronic City Traffic PS,1.04432e+16,2016,1,2,Road Accidents,Narrow road,City/Town,Open area,Human Error,Yes,Grievous Injury,Others,Uncontrolled,Not Applicable,NH,Bitumen(Tar),Dry,Not Applicable,Clear,Nh,Elevated Fly Over,1kms,12.84546,77.67232,0,0,0.0,0.0
Bengaluru City,Electronic City Traffic PS,1.04432e+16,2016,1,1,Road Accidents,Narrow road,City/Town,Open area,Not Applicable,Not Applicable,Damage Only,Others,Uncontrolled,Others,NH,Bitumen(Tar),Dry,Not Applicable,Clear,NH,Electronic City Phase 01,1kms,12.84559,77.66748,0,0,0.0,0.0
Bengaluru City,Electronic City Traffic PS,1.04432e+16,2016,1,2,Road Accidents,Narrow road,City/Town,Near office complex,Not Applicable,Yes,Grievous Injury,Head on,Not at  Junction,Others,NH,Bitumen(Tar),Dry,Not Applicable,Others,Hosur Road,SBM Bank,6km,12.53518,77.383426,0,0,0.0,0.0
Bengaluru City,Electronic City Traffic PS,1.04432e+16,2016,1,2,Road Accidents,Narrow road,City/Town,Open area,Human Error,Not Applicable,Damage Only,Rear end,Uncontrolled,Others,NH,Bitumen(Tar),Dry,Not Applicable,Clear,"NH-07, Bangalore City Service Road",Konappan agrhara,2kms,12.512047,77.39488,0,0,0.0,0.0
Bengaluru City,Electronic City Traffic PS,1.04432e+16,2016,1,2,Road Accidents,Narrow road,City/Town,Open area,Human Error,Not Applicable,Grievous Injury,Hit and Run,Uncontrolled,Not Applicable,NH,Bitumen(Tar),Dry,Not Applicable,Clear,"Nh-07, Hosuru Road",Near  Chikkabeghuru  Gate,4kms,12.531331,77.382774,0,0,0.0,0.0
Bengaluru City,Electronic City Traffic PS,1.04432e+16,2016,1,1,Road Accidents,Narrow road,City/Town,Open area,Human Error,Yes,Fatal,Hit pedestrian,Uncontrolled,Others,NH,Bitumen(Tar),Dry,Not Applicable,Clear,Towards  Hosuru main Road,Oppsite To Seasons Hotel,4kms,12.84754,77.67139,0,0,0.0,0.0
Bengaluru City,Electronic City Traffic PS,1.04432e+16,2016,1,1,Road Accidents,Other,City/Town,Open area,Human Error,No,Fatal,Skidding or Self accident,Uncontrolled,Others,Others,Bitumen(Tar),Dry,Not Applicable,Clear,"EC Phase-01,",BSNL Office Road  Near  C Dot Company,01-Feb,0.0,0.0,0,0,0.0,0.0
Bengaluru City,Electronic City Traffic PS,1.04432e+16,2016,1,1,Road Accidents,Narrow road,City/Town,Open area,Human Error,Yes,Grievous Injury,Hit pedestrian,Uncontrolled,Others,NH,Bitumen(Tar),Dry,Not Applicable,Clear,Hosuru  Main Road,Near Surakshaa Car Show Room,5kms,12.51249,77.40876,0,0,0.0,0.0
Bengaluru City,Electronic City Traffic PS,1.04432e+16,2016,1,1,Road Accidents,Narrow road,City/Town,Near Hospital,Human Error,Yes,Grievous Injury,Hit pedestrian,Not at  Junction,Others,NH,Bitumen(Tar),Dry,Not Applicable,Clear,NH,Singasandra,7kms,12.523788,77.385054,0,0,0.0,0.0
Bengaluru City,Electronic City Traffic PS,1.04432e+16,2016,1,1,Road Accidents,Narrow road,City/Town,Open area,Human Error,Not Applicable,Grievous Injury,Others,Uncontrolled,Not Applicable,Others,Bitumen(Tar),Dry,Not Applicable,Clear,Wipro Road,Near BHEL,1kms,0.0,0.0,0,0,0.0,0.0
Bengaluru City,Electronic City Traffic PS,1.04432e+16,2016,1,2,Road Accidents,Narrow road,City/Town,Open area,Human Error,No,Grievous Injury,Others,Uncontrolled,Others,Others,Bitumen(Tar),Dry,Not Applicable,Clear,Velankani Road,HCL Company,2 kms,0.0,0.0,0,0,0.0,0.0
Bengaluru City,Electronic City Traffic PS,1.04432e+16,2016,1,1,Road Accidents,Narrow road,Not Applicable,Open area,Human Error,No,Fatal,Others,Uncontrolled,Not Applicable,Others,Bitumen(Tar),Not Applicable,Not Applicable,Fine,Mylasandra Bande,Lucaus and Kannappa Bande Site,15,0.0,0.0,0,0,0.0,0.0
Bengaluru City,Electronic City Traffic PS,1.04432e+16,2016,1,1,Road Accidents,Narrow road,City/Town,Open area,Human Error,Yes,Grievous Injury,Others,Uncontrolled,Others,Others,Bitumen(Tar),Dry,Not Applicable,Clear,PF Office Road,Singasandra Inside Cross Roadd Near Bishop Cotton School,3kms,12.523487,77.385601,0,0,0.0,0.0
Bengaluru City,Electronic City Traffic PS,1.04432e+16,2016,1,1,Road Accidents,Narrow road,City/Town,Open area,Human Error,Not Applicable,Grievous Injury,Hit pedestrian,Uncontrolled,Others,NH,Bitumen(Tar),Dry,Not Applicable,Clear,Hosuru Road,Behind  BETL Office,2kms,12.504145,77.402245,0,0,0.0,0.0
Bengaluru City,Electronic City Traffic PS,1.04432e+16,2016,1,1,Road Accidents,Narrow road,City/Town,At pedestrian Crossing,Human Error,Yes,Grievous Injury,Hit pedestrian,Uncontrolled,Others,NH,Bitumen(Tar),Dry,Not Applicable,Clear,"Nh-07, Hosuru Road",Near  Audi  Car Service  Center,4kms,12.503139,77.403232,0,0,0.0,0.0
Bengaluru City,Electronic City Traffic PS,1.04432e+16,2016,1,2,Road Accidents,Narrow road,City/Town,Open area,Human Error,Not Applicable,Grievous Injury,Others,Uncontrolled,Others,NH,Bitumen(Tar),Dry,Not Applicable,Clear,Service Road,NH7 Near Connecting Fly over,2kms,12.504119,77.402256,0,0,0.0,0.0
Bengaluru City,Electronic City Traffic PS,1.04432e+16,2016,1,2,Road Accidents,Narrow road,City/Town,Open area,Vehicle Defect,Not Applicable,Damage Only,Rear end,Uncontrolled,Not Applicable,NH,Bitumen(Tar),Dry,Not Applicable,Clear,Main Road,Chikka Thoughr  Gate,5kms,12.52167,77.391918,0,0,0.0,0.0
Bengaluru City,Electronic City Traffic PS,1.04432e+16,2016,1,2,Road Accidents,Narrow road,City/Town,Open area,Human Error,Yes,Grievous Injury,Head on,Uncontrolled,Others,NH,Bitumen(Tar),Dry,Not Applicable,Clear,Kasavanahalli Main Road,Near KSRP  Quarts  9th Betaliyan,7kms,12.532217,77.402311,0,0,0.0,0.0
Bengaluru City,Electronic City Traffic PS,1.04432e+16,2016,1,2,Road Accidents,Narrow road,City/Town,Open area,Human Error,No,Grievous Injury,Rear end,Uncontrolled,Not Applicable,NH,Bitumen(Tar),Dry,Not Applicable,Clear,NH-07 Hosuru Main  Road,Near Electronic City Down Ramp Toll,1kms,12.84201,77.67559,0,0,0.0,0.0
Bengaluru City,Electronic City Traffic PS,1.04432e+16,2016,1,2,Road Accidents,Narrow road,City/Town,Open area,Human Error,Not Applicable,Grievous Injury,Others,Uncontrolled,Not Applicable,Others,Bitumen(Tar),Dry,Not Applicable,Clear,NH,Shanker Pipes,3kms,12.83824,77.67836,0,0,0.0,0.0
Bengaluru City,Electronic City Traffic PS,1.04432e+16,2016,1,2,Road Accidents,Narrow road,City/Town,Open area,Human Error,Not Applicable,Grievous Injury,Others,Uncontrolled,Others,NH,Bitumen(Tar),Dry,Not Applicable,Clear,Hosuru Main,Naganathapura,5kms,0.0,0.0,0,0,0.0,0.0
Bengaluru City,Electronic City Traffic PS,1.04432e+16,2016,1,2,Road Accidents,Narrow road,City/Town,Open area,Human Error,Yes,Grievous Injury,Others,Uncontrolled,Others,NH,Bitumen(Tar),Dry,Not Applicable,Clear,"NH-07, Service Road",Chikka Thoughr  Gate,5kms,12.86644,77.65551,0,0,0.0,0.0
Bengaluru City,Electronic City Traffic PS,1.04432e+16,2016,1,1,Road Accidents,Narrow road,City/Town,At pedestrian Crossing,Human Error,Not Applicable,Grievous Injury,Hit pedestrian,Uncontrolled,Not Applicable,NH,Bitumen(Tar),Dry,Not Applicable,Clear,NH-07,Near White Feather,4kms,12.85321,77.66719,0,0,0.0,0.0
Bengaluru City,Electronic City Traffic PS,1.04432e+16,2016,1,1,Road Accidents,Curves,City/Town,Near office complex,Human Error,No,Simple Injury,Hit pedestrian,Uncontrolled,Not Applicable,City or Town Road,Bitumen(Tar),Not Applicable,Not Applicable,Fine,Electronic City Phase-1 Road,Near Wipro Gate No 05,25,12.502074,77.393337,0,0,0.0,0.0
Bengaluru City,Electronic City Traffic PS,1.04432e+16,2016,1,2,Road Accidents,Narrow road,City/Town,Open area,Vehicle Defect,Not Applicable,Damage Only,Others,Uncontrolled,Not Applicable,NH,Bitumen(Tar),Dry,Not Applicable,Clear,Nh Hosuru Road,hosa Road,3kms,12.521003,77.391254,0,0,0.0,0.0
Bengaluru City,Electronic City Traffic PS,1.04432e+16,2016,1,3,Road Accidents,Narrow road,City/Town,Open area,Human Error,Yes,Damage Only,Rear end,Uncontrolled,Others,NH,Bitumen(Tar),Dry,Not Applicable,Clear,Hosuru Road,Near Keys Hotel,5kms,12.523757,77.384822,0,0,0.0,0.0
Bengaluru City,Electronic City Traffic PS,1.04432e+16,2016,1,1,Road Accidents,Narrow road,City/Town,Open area,Human Error,Yes,Grievous Injury,Hit pedestrian,Uncontrolled,Not Applicable,NH,Bitumen(Tar),Dry,Not Applicable,Clear,Hosuru Main,near konappana agrhara bus stop,2kms,12.512159,77.395202,0,0,0.0,0.0
Bengaluru City,Electronic City Traffic PS,1.04432e+16,2016,1,1,Road Accidents,Narrow road,City/Town,Near office complex,Human Error,No,Fatal,Hit pedestrian,Uncontrolled,Not Applicable,NH,Bitumen(Tar),Not Applicable,Not Applicable,Fine,"NH-7, Hosur Road",Opposite Dakshin Honda Car Show,120,12.525761,77.383766,0,0,0.0,0.0
Bengaluru City,Electronic City Traffic PS,1.04432e+16,2016,1,2,Road Accidents,Other,City/Town,Near a factory industrial area,Human Error,Yes,Grievous Injury,Others,Not at  Junction,Others,Others,Bitumen(Tar),Dry,Not Applicable,Others,Ps Road,Appolo Parmasy,1KM,12.503826,77.395568,0,0,0.0,0.0
Bengaluru City,Electronic City Traffic PS,1.04432e+16,2016,1,1,Not Applicable,Narrow road,City/Town,Near Bus stop,Human Error,Yes,Grievous Injury,Others,Not at  Junction,Others,Others,Bitumen(Tar),Dry,Not Applicable,Others,Kasavanahally Main Road,Old RTO,6KM,0.0,0.0,0,0,0.0,0.0
Bengaluru City,Electronic City Traffic PS,1.04432e+16,2016,1,1,Road Accidents,Narrow road,City/Town,Near Bus stop,Human Error,Yes,Grievous Injury,Hit pedestrian,Not at  Junction,Others,NH,Bitumen(Tar),Dry,Not Applicable,Others,NH7,Singasandra Bus Stop,6KM,12.524343,77.384723,0,0,0.0,0.0
Bengaluru City,Electronic City Traffic PS,1.04432e+16,2016,1,1,Road Accidents,Narrow road,City/Town,Narrow bridge or culverts,Human Error,No,Fatal,Skidding or Self accident,Uncontrolled,Straight and flat,City or Town Road,Bitumen(Tar),Dry,No influence on accident,Others,Nice Road,Beguru Bridge,6,12.511517,77.363497,0,0,0.0,0.0
Bengaluru City,Electronic City Traffic PS,1.04432e+16,2016,1,2,Road Accidents,Narrow road,Not Applicable,Narrow bridge or culverts,Human Error,Not Applicable,Fatal,Rear end,Uncontrolled,Others,Expressway,Bitumen(Tar),Dry,Not Applicable,Fine,Nice Road,Nice Road,6,12.515312,77.37368,0,0,0.0,0.0
Bengaluru City,Electronic City Traffic PS,1.04432e+16,2016,1,5,Road Accidents,Narrow road,City/Town,Near a factory industrial area,Human Error,No,Damage Only,Rear end,Controlled,Not Applicable,NH,Bitumen(Tar),Not Applicable,Not Applicable,Fine,"NH-7, Hosur Road",Veerasandra Signal,95,12.502067,77.403912,0,0,0.0,0.0
Bengaluru City,Electronic City Traffic PS,1.04432e+16,2016,1,1,Road Accidents,Narrow road,City/Town,Open area,Human Error,No,Fatal,Hit pedestrian,Uncontrolled,Others,Expressway,Bitumen(Tar),Dry,Not Applicable,Clear,Nice Road,nice Road Electronic city nice tollgate near veda watrer Supply,7kms,12.512925,77.392987,0,0,0.0,0.0
Bengaluru City,Electronic City Traffic PS,1.04432e+16,2016,1,1,Road Accidents,Narrow road,City/Town,At pedestrian Crossing,Human Error,Yes,Grievous Injury,Hit pedestrian,Uncontrolled,Others,Others,Bitumen(Tar),Dry,Not Applicable,Clear,BETL Office Road,Near Auto Stand,2kms,12.504771,77.401525,0,0,0.0,0.0
Bengaluru City,Electronic City Traffic PS,1.04432e+16,2016,1,3,Road Accidents,Narrow road,City/Town,Open area,Vehicle Defect,Not Applicable,Damage Only,Rear end,Uncontrolled,Others,NH,Bitumen(Tar),Dry,Not Applicable,Clear,"NH-07, Hosuru Roda",near konappana agrahara,2kms,12.512326,77.394661,0,0,0.0,0.0
Bengaluru City,Electronic City Traffic PS,1.04432e+16,2016,1,2,Not Applicable,Narrow road,City/Town,Open area,Human Error,Yes,Grievous Injury,Others,Controlled,Not Applicable,NH,Bitumen(Tar),Dry,Not Applicable,Clear,Singasandra,Oppsite Indura Garments,7kms,12.533613,77.381357,0,0,0.0,0.0
Bengaluru City,Electronic City Traffic PS,1.04432e+16,2016,1,1,Road Accidents,Narrow road,City/Town,Near Petrol Pump,Human Error,Yes,Grievous Injury,Others,Uncontrolled,Others,NH,Bitumen(Tar),Dry,Not Applicable,Clear,Manipal County Road,Indian Oil Petrol Bunk,5kms,12.523251,77.385356,0,0,0.0,0.0
Bengaluru City,Electronic City Traffic PS,1.04432e+16,2016,1,1,Road Accidents,Narrow road,City/Town,At pedestrian Crossing,Human Error,Yes,Grievous Injury,Hit pedestrian,Uncontrolled,Not Applicable,NH,Bitumen(Tar),Dry,Not Applicable,Clear,NH-7 Service Road,Near K Mohan Garments,5kms,12.84178,77.67531,0,0,0.0,0.0
Bengaluru City,Electronic City Traffic PS,1.04432e+16,2016,1,1,Road Accidents,Narrow road,City/Town,Open area,Vehicle Defect,Not Applicable,Damage Only,Others,Uncontrolled,Not Applicable,NH,Bitumen(Tar),Dry,Not Applicable,Clear,NH-07 Hosuru Main  Road,Singasandra Petrol Bunk,7kms,12.88038,77.6455,0,0,0.0,0.0
Bengaluru City,Electronic City Traffic PS,1.04432e+16,2016,1,2,Road Accidents,Other,City/Town,Open area,Vehicle Defect,Not Applicable,Damage Only,Others,Not Applicable,Others,Expressway,Bitumen(Tar),Dry,Not Applicable,Clear,Nice Road,Near  Ec,4km,0.0,0.0,0,0,0.0,0.0
Bengaluru City,Electronic City Traffic PS,1.04432e+16,2016,1,2,Road Accidents,Narrow road,City/Town,Open area,Human Error,Yes,Damage Only,Rear end,Uncontrolled,Not Applicable,NH,Bitumen(Tar),Not Applicable,Not Applicable,Fine,"NH-7, BETL Fly Over Road",Near Keys Hotel,150,12.524611,77.384531,0,0,0.0,0.0
Bengaluru City,Electronic City Traffic PS,1.04432e+16,2016,1,1,Road Accidents,Narrow road,City/Town,Open area,Human Error,Not Applicable,Damage Only,Others,Uncontrolled,Not Applicable,NH,Bitumen(Tar),Dry,Not Applicable,Clear,BETL Flyover Road,Near BETL Tollgate,1kms,12.504412,77.40324,0,0,0.0,0.0
Bengaluru City,Electronic City Traffic PS,1.04432e+16,2016,1,1,Road Accidents,Narrow road,City/Town,Open area,Human Error,No,Fatal,Others,Uncontrolled,Not Applicable,Others,Bitumen(Tar),Dry,Not Applicable,Clear,Doddathoguru,In front Of Govinda Reddy  House,5kms,12.505582,77.392188,0,0,0.0,0.0
Bengaluru City,Electronic City Traffic PS,1.04432e+16,2016,1,1,Road Accidents,Narrow road,City/Town,Open area,Human Error,Yes,Fatal,Others,Uncontrolled,Others,NH,Bitumen(Tar),Dry,Not Applicable,Clear,NH-07 Singasandra,Near K Mohan Garments,5kms,12.522131,77.39352,0,0,0.0,0.0
Bengaluru City,Electronic City Traffic PS,1.04432e+16,2016,1,1,Road Accidents,Narrow road,City/Town,Open area,Human Error,No,Damage Only,Others,Uncontrolled,Others,NH,Bitumen(Tar),Dry,Not Applicable,Clear,"NH-07, Hosuru Road",Near  Maruthi  Car  Show,2kms,12.51099,77.40777,0,0,0.0,0.0
Bengaluru City,Electronic City Traffic PS,1.04432e+16,2016,1,2,Road Accidents,Narrow road,City/Town,Open area,Human Error,No,Fatal,Head on,Uncontrolled,Others,NH,Bitumen(Tar),Dry,Not Applicable,Clear,"NH-07, Bangalore City Main Road",Hosa Road Junction,3kms,12.521195,77.391187,0,0,0.0,0.0
Bengaluru City,Electronic City Traffic PS,1.04432e+16,2016,1,2,Road Accidents,Narrow road,City/Town,Open area,Human Error,Not Applicable,Grievous Injury,Others,Uncontrolled,Others,Expressway,Bitumen(Tar),Dry,Not Applicable,Clear,Nice Road,Near Beguru Bridge,7kms,12.511712,77.363629,0,0,0.0,0.0
Bengaluru City,Electronic City Traffic PS,1.04432e+16,2016,1,1,Road Accidents,Narrow road,City/Town,Open area,Human Error,No,Damage Only,Others,Uncontrolled,Not Applicable,NH,Bitumen(Tar),Dry,Not Applicable,Clear,BETL Flyover Road,Near Dayanda Sagara  Univercity,4kms,12.531344,77.382778,0,0,0.0,0.0
Bengaluru City,Electronic City Traffic PS,1.04432e+16,2016,1,2,Road Accidents,Narrow road,City/Town,Open area,Human Error,No,Grievous Injury,Others,Uncontrolled,Not Applicable,Others,Bitumen(Tar),Dry,Not Applicable,Clear,Nera  SBI  ATM  60th Feet Road,B Black Aecs Layout  Singasandra,5kms,0.0,0.0,0,0,0.0,0.0
Bengaluru City,Electronic City Traffic PS,1.04432e+16,2016,1,1,Road Accidents,Narrow road,City/Town,Open area,Human Error,No,Grievous Injury,Hit pedestrian,Uncontrolled,Not Applicable,NH,Bitumen(Tar),Dry,Not Applicable,Clear,Bnagalore City Main Road,bullet show room sinasandra,5kms,12.524703,77.38436,0,0,0.0,0.0
Bengaluru City,Electronic City Traffic PS,1.04432e+16,2016,1,2,Road Accidents,Other,City/Town,Open area,Human Error,No,Grievous Injury,Others,Uncontrolled,Others,NH,Bitumen(Tar),Dry,Not Applicable,Clear,Hosur Main Road,Near  Suraksha Show Room  Konappan agrahara,2kms,12.555483,77.34793,0,0,0.0,0.0
Bengaluru City,Electronic City Traffic PS,1.04432e+16,2016,1,1,Road Accidents,Narrow road,City/Town,Open area,Human Error,Not Applicable,Fatal,Hit pedestrian,Uncontrolled,Not Applicable,Others,Bitumen(Tar),Dry,Not Applicable,Clear,Naganathapura,Bosch Company,5kms,12.521991,77.394842,0,0,0.0,0.0
Bengaluru City,Electronic City Traffic PS,1.04432e+16,2016,1,3,Road Accidents,Narrow road,City/Town,Open area,Human Error,Yes,Damage Only,Rear end,Uncontrolled,Others,NH,Bitumen(Tar),Dry,Not Applicable,Clear,NH Hosuru Main Road,Near  Hosa Road Junction,4kms,12.52103,77.391234,0,0,0.0,0.0
Bengaluru City,Electronic City Traffic PS,1.04432e+16,2016,1,1,Road Accidents,Narrow road,City/Town,Open area,Human Error,Yes,Grievous Injury,Hit pedestrian,Uncontrolled,Others,Others,Bitumen(Tar),Dry,Not Applicable,Clear,Electronic City   Road,Infront of Infosys Parking Gate,1kms,12.505904,77.394701,0,0,0.0,0.0
Bengaluru City,Electronic City Traffic PS,1.04432e+16,2016,1,2,Not Applicable,Other,City/Town,Open area,Human Error,Not Applicable,Damage Only,Others,Uncontrolled,Not Applicable,Others,Bitumen(Tar),Dry,Not Applicable,Clear,Electronic City  Toll way Road,Bus Stop  Infront of  NTTF,1kms,12.84638,77.66905,0,0,0.0,0.0
Bengaluru City,Electronic City Traffic PS,1.04432e+16,2016,1,1,Road Accidents,Narrow road,City/Town,Open area,Human Error,Not Applicable,Grievous Injury,Others,Uncontrolled,Not Applicable,NH,Bitumen(Tar),Dry,Not Applicable,Clear,Hosuru Road,Konappan agrhara,3 kms,0.0,0.0,0,0,0.0,0.0
Bengaluru City,Electronic City Traffic PS,1.04432e+16,2016,1,1,Road Accidents,Other,City/Town,Near Bus stop,Human Error,No,Grievous Injury,Others,Not Applicable,Others,NH,Bitumen(Tar),Dry,Not Applicable,Others,NH7,Bus Stop,5KM,0.0,0.0,0,0,0.0,0.0
Bengaluru City,Electronic City Traffic PS,1.04432e+16,2016,1,1,Road Accidents,Narrow road,City/Town,Near Bus stop,Human Error,No,Grievous Injury,Hit fixed object,Not at  Junction,Others,NH,Bitumen(Tar),Dry,Not Applicable,Others,NH7,E C BUS STOP,2KM,12.505314,77.40144,0,0,0.0,0.0
Bengaluru City,Electronic City Traffic PS,1.04432e+16,2016,1,2,Road Accidents,Other,City/Town,Open area,Human Error,No,Grievous Injury,Others,Not at  Junction,Others,NH,Bitumen(Tar),Dry,Not Applicable,Others,BETL,BETL Toll,2KM,12.503061,77.403122,0,0,0.0,0.0
Bengaluru City,Electronic City Traffic PS,1.04432e+16,2016,1,1,Road Accidents,Other,City/Town,Near office complex,Human Error,Not Applicable,Fatal,Others,Not Applicable,Not Applicable,Others,Surfaced,Dry,Not Applicable,Not Applicable,Near Keys Hotel,Singasandra Keys Hotel,6,12.524622,77.385179,0,0,,
Bengaluru City,Electronic City Traffic PS,1.04432e+16,2016,1,3,Road Accidents,Narrow road,City/Town,Near Bus stop,Not Applicable,No,Grievous Injury,Hit pedestrian,Not at  Junction,Not Applicable,NH,Bitumen(Tar),Dry,Not Applicable,Clear,NH7 Bangalore Main Road,Singasandra Bus Stop,5KM,12.523762,77.384982,0,0,0.0,0.0
Bengaluru City,Electronic City Traffic PS,1.04432e+16,2016,1,2,Road Accidents,Narrow road,City/Town,Open area,Human Error,Yes,Grievous Injury,Others,Uncontrolled,Not Applicable,Others,Bitumen(Tar),Dry,Not Applicable,Clear,Doddnagamamgal Road,Bhind  Blossom  Hospita,2kms,12.52118,77.393373,0,0,0.0,0.0
Bengaluru City,Electronic City Traffic PS,1.04432e+16,2016,1,1,Road Accidents,Narrow road,City/Town,At pedestrian Crossing,Human Error,Yes,Grievous Injury,Hit pedestrian,Uncontrolled,Not Applicable,NH,Bitumen(Tar),Dry,Not Applicable,Clear,Hosuru Road,Singasandra  Near Kalikamba  Wines Towards Hosuru Main Road,5kms,12.53658,77.383305,0,0,0.0,0.0
Bengaluru City,Electronic City Traffic PS,1.04432e+16,2016,1,2,Road Accidents,Narrow road,City/Town,Open area,Human Error,No,Damage Only,Rear end,Uncontrolled,Others,NH,Bitumen(Tar),Dry,Not Applicable,Clear,Hosa Road  Junction,Towards Hosuru main Road,3kms,0.0,0.0,0,0,0.0,0.0
Bengaluru City,Electronic City Traffic PS,1.04432e+16,2016,1,1,Road Accidents,Narrow road,City/Town,Open area,Human Error,No,Grievous Injury,Others,Uncontrolled,Not Applicable,Others,Bitumen(Tar),Dry,Not Applicable,Clear,Hosuru Main Road,Infront Of Muthoot  Fincea,5kms,0.0,0.0,0,0,0.0,0.0
Bengaluru City,Electronic City Traffic PS,1.04432e+16,2016,1,1,Road Accidents,Narrow road,City/Town,Open area,Human Error,Yes,Grievous Injury,Others,Not Applicable,Others,NH,Bitumen(Tar),Dry,Not Applicable,Clear,Eleectroic City Phase -01 Road Service Road,Infront Of D Mart,2kms,12.503528,77.402711,0,0,0.0,0.0
Bengaluru City,Electronic City Traffic PS,1.04432e+16,2016,1,1,Road Accidents,Narrow road,City/Town,Open area,Human Error,Yes,Fatal,Hit pedestrian,Uncontrolled,Others,NH,Bitumen(Tar),Dry,Not Applicable,Clear,"NH-07, Hosuru Main Road",Near Govt Hospital Singasandra,5kms,12.521447,77.391042,0,0,0.0,0.0