DISTRICTNAME,UNITNAME,Crime_No,Year,RI,Noofvehicle_involved,Accident_Classification,Accident_Spot,Accident_Location,Accident_SubLocation,Main_Cause,Hit_Run,Severity,Collision_Type,Junction_Control,Road_Character,Road_Type,Surface_Type,Surface_Condition,Road_Condition,Weather,Accident_Road,Landmark_first,Distance_LandMark_First,Latitude,Longitude,Road_Condition_Score,Surface_Condition_Score,Surface_Type_Score,Road_Risk_Index
Bengaluru City,Electronic City Traffic PS,1.04432e+16,2016,1,1,Road Accidents,Narrow road,City/Town,Open area,Human Error,Yes,Fatal,Hit pedestrian,Uncontrolled,Others,NH,Bitumen(Tar),Dry,Not Applicable,Clear,Hosuru Main Road,near konappana agrahara,2kms,12.503311,77.402969,0,0,0.0,0.0
Bengaluru City,Electronic City Traffic PS,1.04432e+16,2016,1,1,Road Accidents,Narrow road,City/Town,Open area,Human Error,Yes,Fatal,Head on,Uncontrolled,Not Applicable,NH,Bitumen(Tar),Dry,Not Applicable,Clear,"NH-07, Bangalore City Service Road",Near Piller No  89  Oppsite Skoda Car Show Room Sigasndra,5kms,12.53166,77.382552,0,0,0.0,0.0
Bengaluru City,Electronic City Traffic PS,1.04432e+16,2016,1,1,Road Accidents,Narrow road,City/Town,At pedestrian Crossing,Human Error,No,Grievous Injury,Hit pedestrian,Uncontrolled,Others,NH,Bitumen(Tar),Dry,Not Applicable,Clear,"NH-07, Bangalore City Service Road",Infront Of Airtell Office Konappana Agrahara,2kms,12.512159,77.395202,0,0,0.0,0.0
Bengaluru City,Electronic City Traffic PS,1.04432e+16,2016,1,2,Road Accidents,Narrow road,City/Town,Open area,Human Error,Yes,Grievous Injury,Others,Uncontrolled,Others,NH,Bitumen(Tar),Dry,Not Applicable,Clear,NH,Veerasandra  Signal,3kms,12.83914,77.67091,0,0,0.0,0.0
Bengaluru City,Electronic City Traffic PS,1.04432e+16,2016,1,2,Road Accidents,Narrow road,City/Town,Open area,Human Error,No,Grievous Injury,Rear end,Uncontrolled,Not Applicable,NH,Bitumen(Tar),Dry,Not Applicable,Clear,Nh Hosuru Road Elevated Flyover Road,Near Singasandar,5kms,12.88827,77.64038,0,0,0.0,0.0
Bengaluru City,Electronic City Traffic PS,1.04432e+16,2016,1,2,Road Accidents,Narrow road,City/Town,Near Bus stop,Human Error,No,Fatal,Rear end,Controlled,Not Applicable,NH,Bitumen(Tar),Not Applicable,Not Applicable,Fine,"NH-7, Hosur Road",Near Hosa Road Junction,25,0.0,0.0,0,0,0.0,0.0
Bengaluru City,Electronic City Traffic PS,1.04432e+16,2016,1,2,Road Accidents,Narrow road,City/Town,Residential area,Human Error,No,Simple Injury,Rear end,Uncontrolled,Not Applicable,NH,Bitumen(Tar),Not Applicable,Not Applicable,Fine,"NH-7, BETL Fly Over Road",Near Infosys Company,150,12.51847,77.4017,0,0,0.0,0.0
Bengaluru City,Electronic City Traffic PS,1.04432e+16,2016,1,2,Road Accidents,Narrow road,City/Town,Near School or College,Human Error,Yes,Grievous Injury,Head on,Not at  Junction,Others,NH,Bitumen(Tar),Dry,Not Applicable,Others,NH7,Near Govt School Konappana Agrahara,2KM,0.0,0.0,0,0,0.0,0.0
Bengaluru City,Electronic City Traffic PS,1.04432e+16,2016,1,2,Road Accidents,Narrow road,City/Town,Near a factory industrial area,Human Error,Yes,Grievous Injury,Hit and Run,No signal lights,Others,Others,Bitumen(Tar),Dry,Not Applicable,Others,E C P S Road,Near Police Station,1KM,12.502485,77.3947,0,0,0.0,0.0
Bengaluru City,Electronic City Traffic PS,1.04432e+16,2016,1,1,Road Accidents,Narrow road,City/Town,At pedestrian Crossing,Human Error,Yes,Fatal,Hit pedestrian,Uncontrolled,Others,NH,Bitumen(Tar),Dry,Not Applicable,Clear,Nh Hosuru  Road,Singasandra Opp Keys Hotel,5kms,12.52459,77.384425,0,0,0.0,0.0
Bengaluru City,Electronic City Traffic PS,1.04432e+16,2016,1,1,Road Accidents,Other,City/Town,Open area,Human Error,No,Grievous Injury,Hit pedestrian,Uncontrolled,Others,NH,Bitumen(Tar),Dry,Not Applicable,Clear,"NH-07, Hosuru Road",Near  Singasandra  Bus Stop,5kms,12.523818,77.384881,0,0,0.0,0.0
Bengaluru City,Electronic City Traffic PS,1.04432e+16,2016,1,2,Road Accidents,Other,City/Town,Open area,Human Error,Not Applicable,Grievous Injury,Others,Uncontrolled,Others,NH,Bitumen(Tar),Dry,Not Applicable,Clear,Hosa Road,near konappana agrahara,2kms,12.512004,77.395324,0,0,0.0,0.0
Bengaluru City,Electronic City Traffic PS,1.04432e+16,2016,1,2,Road Accidents,Narrow road,City/Town,Open area,Human Error,No,Fatal,Others,Uncontrolled,Others,NH,Bitumen(Tar),Dry,Not Applicable,Clear,Nh-07 Bangalore City Service Road,Near Singasndra Bus Stop,5kms,0.0,0.0,0,0,0.0,0.0
Bengaluru City,Electronic City Traffic PS,1.04432e+16,2016,1,1,Road Accidents,Narrow road,City/Town,Open area,Human Error,Yes,Grievous Injury,Hit pedestrian,Uncontrolled,Not Applicable,Others,Bitumen(Tar),Dry,Not Applicable,Clear,Other Road,Near Bekary  5th Cross Doctor lAyout  naganathpura,4kms,0.0,0.0,0,0,0.0,0.0
Bengaluru City,Electronic City Traffic PS,1.04432e+16,2016,1,2,Road Accidents,Narrow road,City/Town,Open area,Vehicle Defect,Not Applicable,Damage Only,Others,Uncontrolled,Others,NH,Bitumen(Tar),Dry,Not Applicable,Clear,On Elevated Fly Over  Road,Near Singasandra  K Mohan Garments,5kms,12.522473,77.39093,0,0,0.0,0.0
Bengaluru City,Electronic City Traffic PS,1.04432e+16,2016,1,2,Road Accidents,Narrow road,City/Town,Open area,Vehicle Defect,Not Applicable,Damage Only,Others,Uncontrolled,Not Applicable,NH,Bitumen(Tar),Dry,Not Applicable,Clear,Hosur Road,Near  Hosa Road Junction,5kms,12.521158,77.391225,0,0,0.0,0.0
Bengaluru City,Electronic City Traffic PS,1.04432e+16,2016,1,1,Road Accidents,Narrow road,City/Town,Open area,Human Error,Yes,Fatal,Hit pedestrian,Uncontrolled,Others,NH,Bitumen(Tar),Dry,Not Applicable,Clear,NH Bangalore  Cit Main Road,Near Fumzas Biriyani Hotel Singasandra,5kms,12.53705,77.383198,0,0,0.0,0.0
Bengaluru City,Electronic City Traffic PS,1.04432e+16,2016,1,1,Road Accidents,Narrow road,City/Town,Open area,Human Error,Yes,Fatal,Others,Uncontrolled,Others,Others,Bitumen(Tar),Dry,Not Applicable,Clear,Beguru Kopp Road,Near Yellamma Temple,7kms,12.521333,77.372809,0,0,0.0,0.0
Bengaluru City,Electronic City Traffic PS,1.04432e+16,2016,1,2,Road Accidents,Narrow road,City/Town,Open area,Human Error,Yes,Grievous Injury,Others,Uncontrolled,Not Applicable,NH,Bitumen(Tar),Dry,Not Applicable,Clear,"NHhhh-07,  Bangalore City Service Road",Veerasandra Signal,3kms,12.502135,77.403845,0,0,0.0,0.0
Bengaluru City,Electronic City Traffic PS,1.04432e+16,2016,1,2,Road Accidents,Narrow road,City/Town,Open area,Human Error,Yes,Fatal,Head on,Uncontrolled,Not Applicable,NH,Bitumen(Tar),Dry,Not Applicable,Clear,"NH-07,",Bangalore City Main Road,5kms,0.0,0.0,0,0,0.0,0.0
Bengaluru City,Electronic City Traffic PS,1.04432e+16,2016,1,2,Road Accidents,Narrow road,City/Town,Open area,Human Error,Not Applicable,Grievous Injury,Rear end,Uncontrolled,Others,NH,Bitumen(Tar),Dry,Not Applicable,Clear,NH,Piller NO R6 To 246,4kms,12.84797,77.67066,0,0,0.0,0.0
Bengaluru City,Electronic City Traffic PS,1.04432e+16,2016,1,1,Road Accidents,Narrow road,City/Town,Open area,Human Error,Yes,Grievous Injury,Rear end,Uncontrolled,Not Applicable,Expressway,Bitumen(Tar),Not Applicable,Not Applicable,Clear,Nice Road,Near Basapura Bridge,115,0.0,0.0,0,0,0.0,0.0
Bengaluru City,Electronic City Traffic PS,1.04432e+16,2016,1,1,Road Accidents,Narrow road,City/Town,Open area,Human Error,Yes,Grievous Injury,Hit pedestrian,Uncontrolled,Not Applicable,NH,Bitumen(Tar),Dry,Not Applicable,Clear,Hosuru Road,Chikka Thoughr  Gate  Near  Skoda car Show Room,5kms,12.53102,77.383027,0,0,0.0,0.0
Bengaluru City,Electronic City Traffic PS,1.04432e+16,2016,1,1,Road Accidents,Narrow road,City/Town,Open area,Human Error,Yes,Fatal,Hit pedestrian,Uncontrolled,Others,Others,Bitumen(Tar),Dry,Not Applicable,Clear,Doddanagamagala Road,Near Shobha Aprtment  Vinayak Nagar,5kms,12.52975,77.393585,0,0,0.0,0.0
Bengaluru City,Electronic City Traffic PS,1.04432e+16,2016,1,1,Road Accidents,Other,City/Town,Open area,Human Error,Yes,Grievous Injury,Hit pedestrian,Uncontrolled,Not Applicable,NH,Bitumen(Tar),Dry,Not Applicable,Clear,Gollahally Road,Near Coffee Day,2kms,12.502587,77.394997,0,0,0.0,0.0
Bengaluru City,Electronic City Traffic PS,1.04432e+16,2016,1,1,Road Accidents,Narrow road,City/Town,Open area,Human Error,No,Fatal,Others,Uncontrolled,Others,Others,Bitumen(Tar),Dry,Not Applicable,Clear,Doddanagamagala Road,Near Hanumana Mandira  Hosa Road,5kms,0.0,0.0,0,0,0.0,0.0
Bengaluru City,Electronic City Traffic PS,1.04432e+16,2016,1,2,Road Accidents,Narrow road,City/Town,Open area,Human Error,No,Grievous Injury,Rear end,Uncontrolled,Others,NH,Bitumen(Tar),Dry,Not Applicable,Clear,Nh  Bangalore City Service Road,Oppst Skoda  Car Show Room Singasandra,5kms,12.53784,77.38336,0,0,0.0,0.0
Bengaluru City,Electronic City Traffic PS,1.04432e+16,2016,1,2,Road Accidents,Narrow road,City/Town,Open area,Vehicle Defect,Yes,Damage Only,Others,Uncontrolled,Not Applicable,Expressway,Bitumen(Tar),Dry,Not Applicable,Clear,Near Nice Road,Nice Toll,7kms,12.85889,77.65594,0,0,0.0,0.0
Bengaluru City,Electronic City Traffic PS,1.04432e+16,2016,1,2,Road Accidents,Narrow road,City/Town,Near office complex,Human Error,No,Damage Only,Hit fixed object,Uncontrolled,Not Applicable,NH,Bitumen(Tar),Not Applicable,Not Applicable,Fine,"NH-7, Hosur Road",Near Infosys Company,95,12.505501,77.401223,0,0,0.0,0.0
Bengaluru City,Electronic City Traffic PS,1.04432e+16,2016,1,1,Road Accidents,Narrow road,City/Town,Near a religious place,Human Error,No,Grievous Injury,Hit pedestrian,Not at  Junction,Others,NH,Bitumen(Tar),Dry,Not Applicable,Others,NH7,Opp Skoda Showroom,6KM,0.0,0.0,0,0,0.0,0.0
Bengaluru City,Electronic City Traffic PS,1.04432e+16,2016,1,2,Road Accidents,Narrow road,City/Town,Near office complex,Human Error,No,Grievous Injury,Head on,Uncontrolled,Not Applicable,NH,Bitumen(Tar),Not Applicable,Not Applicable,Fine,"NH-7, Hosur Road",Near Kote Garden Hotel,85,12.522448,77.39074,0,0,0.0,0.0
Bengaluru City,Electronic City Traffic PS,1.04432e+16,2016,1,2,Road Accidents,Narrow road,City/Town,Open area,Human Error,Not Applicable,Grievous Injury,Others,Uncontrolled,Others,NH,Bitumen(Tar),Dry,Not Applicable,Clear,Bangalore Main Road.,Near NTTF  College,1kms,12.505054,77.401383,0,0,0.0,0.0
Bengaluru City,Electronic City Traffic PS,1.04432e+16,2016,1,1,Road Accidents,Narrow road,City/Town,Open area,Human Error,Not Applicable,Grievous Injury,Hit pedestrian,Uncontrolled,Others,NH,Bitumen(Tar),Dry,Not Applicable,Clear,"NH-07, Hosuru Road",Hosa Road  Bus Stop,3kms,12.52863,77.391356,0,0,0.0,0.0
Bengaluru City,Electronic City Traffic PS,1.04432e+16,2016,1,1,Road Accidents,Narrow road,City/Town,Open area,Human Error,Yes,Fatal,Hit pedestrian,Uncontrolled,Others,NH,Bitumen(Tar),Dry,Not Applicable,Clear,"NH-07, Hosuru Service Road",Konappan agrhara,2kms,12.512036,77.395335,0,0,0.0,0.0
Bengaluru City,Electronic City Traffic PS,1.04432e+16,2016,1,1,Road Accidents,Narrow road,City/Town,Open area,Human Error,Yes,Fatal,Hit and Run,Uncontrolled,Others,Others,Bitumen(Tar),Dry,Not Applicable,Clear,Chikkathoguru  Road,Near Sm Bar And Restorant,5kms,12.515438,77.391838,0,0,0.0,0.0
Bengaluru City,Electronic City Traffic PS,1.04432e+16,2016,1,2,Road Accidents,Narrow road,City/Town,Open area,Human Error,Not Applicable,Grievous Injury,Rear end,Uncontrolled,Not Applicable,Others,Bitumen(Tar),Dry,Not Applicable,Clear,Infront  Of Ecsava  Company,Near  HCL  Office,2kms,12.503983,77.402107,0,0,0.0,0.0
Bengaluru City,Electronic City Traffic PS,1.04432e+16,2016,1,1,Road Accidents,Narrow road,City/Town,Open area,Human Error,No,Grievous Injury,Others,Uncontrolled,Not Applicable,NH,Bitumen(Tar),Dry,Not Applicable,Clear,Bangalore City Main road,Konappana Agrahara,2kms,0.0,0.0,0,0,0.0,0.0
Bengaluru City,Electronic City Traffic PS,1.04432e+16,2016,1,1,Road Accidents,Narrow road,City/Town,Open area,Not Applicable,Not Applicable,Damage Only,Others,Controlled,Others,NH,Bitumen(Tar),Dry,Not Applicable,Clear,Electronic city Up Ramp,Tol Booth,1kms,12.505195,77.401431,0,0,0.0,0.0
Bengaluru City,Electronic City Traffic PS,1.04432e+16,2016,1,2,Road Accidents,Other,City/Town,Open area,Human Error,Yes,Grievous Injury,Others,Uncontrolled,Others,NH,Bitumen(Tar),Dry,Not Applicable,Clear,NH-07,Singasandra Live100 Hospital,5kms,12.87917,77.64595,0,0,0.0,0.0
Bengaluru City,Electronic City Traffic PS,1.04432e+16,2016,1,2,Road Accidents,Narrow road,City/Town,Open area,Human Error,No,Grievous Injury,Others,Uncontrolled,Not Applicable,Others,Bitumen(Tar),Dry,Not Applicable,Clear,Hosuru Main Road,Near  Hosa Road  Junction Piller no 143,4kms,12.87185,77.65174,0,0,0.0,0.0
Bengaluru City,Electronic City Traffic PS,1.04432e+16,2016,1,2,Road Accidents,Narrow road,City/Town,Open area,Human Error,Not Applicable,Grievous Injury,Others,Uncontrolled,Others,Others,Bitumen(Tar),Dry,Not Applicable,Clear,Beghuru  Road,Near Arali Mara,7kms,12.87808,77.62972,0,0,0.0,0.0
Bengaluru City,Electronic City Traffic PS,1.04432e+16,2016,1,2,Road Accidents,Narrow road,City/Town,Open area,Human Error,Yes,Grievous Injury,Rear end,Uncontrolled,Others,NH,Bitumen(Tar),Dry,Not Applicable,Clear,Towards Bangalore  Service Road,Near  Connecting Flyover Road,2kms,12.84548,77.67235,0,0,0.0,0.0
Bengaluru City,Electronic City Traffic PS,1.04432e+16,2016,1,2,Road Accidents,Narrow road,City/Town,Near a factory industrial area,Human Error,No,Grievous Injury,Right Turn Collision,Uncontrolled,Not Applicable,Service Road,Bitumen(Tar),Not Applicable,Not Applicable,Clear,"NH-7, Hosur Road",Near BETL Connecting Fly Over,65,0.0,0.0,0,0,0.0,0.0
Bengaluru City,Electronic City Traffic PS,1.04432e+16,2016,1,2,Road Accidents,Narrow road,City/Town,Open area,Human Error,Not Applicable,Grievous Injury,Others,Uncontrolled,Not Applicable,NH,Bitumen(Tar),Dry,Not Applicable,Clear,"NH-07, Hosuru Road",Near Symphony Apartment,4kms,12.515273,77.39262,0,0,0.0,0.0
Bengaluru City,Electronic City Traffic PS,1.04432e+16,2016,1,2,Road Accidents,Narrow road,City/Town,Open area,Human Error,Yes,Grievous Injury,Others,Uncontrolled,Not Applicable,Others,Bitumen(Tar),Dry,Not Applicable,Clear,Beghru  Lake Road,Near arattukulam Lake  View Aprtment,5kms,12.524281,77.375659,0,0,0.0,0.0
Bengaluru City,Electronic City Traffic PS,1.04432e+16,2016,1,1,Road Accidents,Narrow road,City/Town,Open area,Human Error,Yes,Grievous Injury,Hit pedestrian,Uncontrolled,Not Applicable,NH,Bitumen(Tar),Dry,Not Applicable,Clear,"NH-07, Hosuru Road",Beretena Agrahara,3kms,12.514326,77.393408,0,0,0.0,0.0
Bengaluru City,Electronic City Traffic PS,1.04432e+16,2016,1,1,Road Accidents,Narrow road,City/Town,Open area,Human Error,No,Grievous Injury,Rear end,Uncontrolled,Others,Others,Bitumen(Tar),Dry,Not Applicable,Clear,Kudlu  Haraluru Road,Near Vishwas Wine Store,6kms,12.53433,77.392108,0,0,0.0,0.0
Bengaluru City,Electronic City Traffic PS,1.04432e+16,2016,1,1,Road Accidents,Narrow road,City/Town,Open area,Human Error,No,Grievous Injury,Hit pedestrian,Uncontrolled,Not Applicable,Others,Bitumen(Tar),Dry,Not Applicable,Clear,Hosuru service Road,Oppt Indura Garments,3kmss,0.0,0.0,0,0,0.0,0.0
Bengaluru City,Electronic City Traffic PS,1.04432e+16,2016,1,1,Road Accidents,Narrow road,City/Town,Open area,Human Error,No,Grievous Injury,Hit pedestrian,Uncontrolled,Not Applicable,NH,Bitumen(Tar),Dry,Not Applicable,Clear,"NH-07, Hosuru Service Road",Konappan agrhara  Spring Leaf Hospital,2 kms,12.51942,77.40286,0,0,0.0,0.0
Bengaluru City,Electronic City Traffic PS,1.04432e+16,2016,1,2,Road Accidents,Narrow road,City/Town,Open area,Human Error,Not Applicable,Grievous Injury,Others,Uncontrolled,Others,Others,Bitumen(Tar),Dry,Not Applicable,Clear,Beghuru  Kopa Road,Meat O Firsh,8kms,12.51288,77.362655,0,0,0.0,0.0
Bengaluru City,Electronic City Traffic PS,1.04432e+16,2016,1,1,Road Accidents,Narrow road,City/Town,Open area,Human Error,Yes,Grievous Injury,Others,Uncontrolled,Not Applicable,NH,Bitumen(Tar),Dry,Not Applicable,Clear,NH,Oopst Indura Garments,5kms,12.533613,77.381357,0,0,0.0,0.0
Bengaluru City,Electronic City Traffic PS,1.04432e+16,2016,1,2,Road Accidents,Narrow road,City/Town,Open area,Human Error,No,Grievous Injury,Others,Uncontrolled,Not Applicable,Others,Bitumen(Tar),Dry,Not Applicable,Clear,Near Shanthipura Road,Xime College,2kms,12.505063,77.403715,0,0,0.0,0.0
Bengaluru City,Electronic City Traffic PS,1.04432e+16,2016,1,1,Road Accidents,Narrow road,City/Town,Open area,Human Error,Yes,Fatal,Head on,Uncontrolled,Others,Others,Bitumen(Tar),Dry,Not Applicable,Clear,Kudlu Villege Infront Of  Somasandra Palya,Renuka Yellamma Restorant,7kms,12.88973,77.64991,0,0,0.0,0.0
Bengaluru City,Electronic City Traffic PS,1.04432e+16,2016,1,1,Road Accidents,Narrow road,City/Town,Open area,Human Error,Not Applicable,Grievous Injury,Hit pedestrian,Uncontrolled,Others,NH,Bitumen(Tar),Dry,Not Applicable,Clear,Service Road,Infront Of  Singasandra SBM Bank,5kmss,12.87873,77.64633,0,0,0.0,0.0
Bengaluru City,Electronic City Traffic PS,1.04432e+16,2016,1,2,Road Accidents,Narrow road,City/Town,Open area,Human Error,Not Applicable,Grievous Injury,Others,Uncontrolled,Not Applicable,NH,Bitumen(Tar),Dry,Not Applicable,Clear,Near  Electronic City Connecting Flyover,Electronic City Phase 01,1kms,12.847,77.66984,0,0,0.0,0.0
Bengaluru City,Electronic City Traffic PS,1.04432e+16,2016,1,2,Road Accidents,Narrow road,City/Town,Near Bus stop,Human Error,No,Fatal,Hit fixed object,Uncontrolled,Not Applicable,NH,Bitumen(Tar),Not Applicable,Not Applicable,Fine,"NH-7, Hosur Road",Near Singasandra Bus Stop,75,0.0,0.0,0,0,0.0,0.0
Bengaluru City,Electronic City Traffic PS,1.04432e+16,2016,1,2,Road Accidents,Narrow road,City/Town,Open area,Human Error,No,Grievous Injury,Rear end,Uncontrolled,Not Applicable,NH,Bitumen(Tar),Not Applicable,Not Applicable,Fine,"NH-7, BETL Fly Over Road",Near PES College,85,12.513237,77.39433,0,0,0.0,0.0
Bengaluru City,Electronic City Traffic PS,1.04432e+16,2016,1,1,Road Accidents,Cross roads,City/Town,Near School or College,Human Error,Yes,Grievous Injury,Hit pedestrian,Uncontrolled,Not Applicable,City or Town Road,Bitumen(Tar),Not Applicable,Not Applicable,Fine,Hosa Road,Channakeshava School,50,12.521413,77.391447,0,0,0.0,0.0
Bengaluru City,Electronic City Traffic PS,1.04432e+16,2016,1,2,Road Accidents,Other,City/Town,Open area,Human Error,Not Applicable,Fatal,Head on,Uncontrolled,Others,NH,Bitumen(Tar),Dry,Not Applicable,Clear,hosuru Road,Veerasandra  Gate Signal,3kms,12.502735,77.403403,0,0,0.0,0.0
Bengaluru City,Electronic City Traffic PS,1.04432e+16,2016,1,2,Road Accidents,Narrow road,City/Town,Open area,Human Error,Yes,Grievous Injury,Rear end,Uncontrolled,Others,Others,Bitumen(Tar),Dry,Not Applicable,Clear,BETL  Connecting Fly Over  Road,Near  SBI  Bank,1kms,12.504066,77.402657,0,0,0.0,0.0
Bengaluru City,Electronic City Traffic PS,1.04432e+16,2016,1,1,Road Accidents,Narrow road,City/Town,Open area,Human Error,Not Applicable,Grievous Injury,Hit pedestrian,Uncontrolled,Not Applicable,NH,Bitumen(Tar),Dry,Not Applicable,Clear,NH,Near Axis  Bank,2kms,12.51143,77.395824,0,0,0.0,0.0
Bengaluru City,Electronic City Traffic PS,1.04432e+16,2016,1,2,Road Accidents,Narrow road,City/Town,Open area,Human Error,No,Grievous Injury,Others,Uncontrolled,Not Applicable,NH,Bitumen(Tar),Dry,Not Applicable,Clear,Hosur Road,Veerasandra  Junction,3kms,12.502385,77.403727,0,0,0.0,0.0
Bengaluru City,Electronic City Traffic PS,1.04432e+16,2016,1,1,Road Accidents,Narrow road,City/Town,Open area,Human Error,No,Fatal,Hit pedestrian,Uncontrolled,Others,Others,Bitumen(Tar),Dry,Not Applicable,Clear,Naganthapura Other Road,Near Senthils Shed rajareddy Layout,5kms,0.0,0.0,0,0,0.0,0.0
Bengaluru City,Electronic City Traffic PS,1.04432e+16,2016,1,2,Road Accidents,Narrow road,City/Town,Open area,Human Error,No,Damage Only,Rear end,Uncontrolled,Not Applicable,NH,Bitumen(Tar),Dry,Not Applicable,Clear,"NH-07, Hosuru Main Road",Near Hosa Road Government Hospital,4kms,12.521217,77.3912,0,0,0.0,0.0
Bengaluru City,Electronic City Traffic PS,1.04432e+16,2016,1,1,Road Accidents,Narrow road,City/Town,Open area,Human Error,Yes,Fatal,Hit pedestrian,Uncontrolled,Not Applicable,Expressway,Bitumen(Tar),Dry,Not Applicable,Clear,Nice Road,Near SNN Apartment,7kms,12.85887,77.61773,0,0,0.0,0.0
Bengaluru City,Electronic City Traffic PS,1.04432e+16,2016,1,2,Road Accidents,Narrow road,City/Town,Open area,Human Error,Yes,Grievous Injury,Others,Uncontrolled,Others,NH,Bitumen(Tar),Dry,Not Applicable,Clear,Hosuru Main Road,Near H D F C Bank,4kms,12.87272,77.65121,0,0,0.0,0.0
Bengaluru City,Electronic City Traffic PS,1.04432e+16,2016,1,2,Road Accidents,Narrow road,City/Town,Open area,Vehicle Defect,Not Applicable,Damage Only,Rear end,Uncontrolled,Not Applicable,NH,Bitumen(Tar),Dry,Not Applicable,Clear,NH-07 Elevated Fly Over Road,Singasandra Lake,5kms,12.53573,77.583319,0,0,0.0,0.0
Bengaluru City,Electronic City Traffic PS,1.04432e+16,2016,1,2,Road Accidents,Narrow road,City/Town,Open area,Vehicle Defect,Yes,Damage Only,Rear end,Uncontrolled,Others,NH,Bitumen(Tar),Dry,Not Applicable,Clear,"NH-07, Hosuru Main Road",Near  Veerasandra  Shankar Pipes,4kms,12.8421,77.65937,0,0,0.0,0.0
Bengaluru City,Electronic City Traffic PS,1.04432e+16,2016,1,2,Road Accidents,Narrow road,City/Town,Open area,Human Error,Yes,Fatal,Others,Uncontrolled,Not Applicable,Others,Bitumen(Tar),Dry,Not Applicable,Clear,Beghru Lake  Main Road,Near Arali Mara,7kms,12.87785,77.62854,0,0,0.0,0.0
Bengaluru City,Electronic City Traffic PS,1.04432e+16,2016,1,2,Road Accidents,Narrow road,City/Town,Open area,Human Error,Yes,Fatal,Head on,Uncontrolled,Not Applicable,NH,Bitumen(Tar),Dry,Not Applicable,Clear,Elevated Fly Over Road,Infront Of  Infosys Company,1kms,12.8477,77.67069,0,0,0.0,0.0
Bengaluru City,Electronic City Traffic PS,1.04432e+16,2016,1,1,Road Accidents,Narrow road,City/Town,At pedestrian Crossing,Human Error,Yes,Fatal,Hit pedestrian,Uncontrolled,Others,NH,Bitumen(Tar),Dry,Not Applicable,Clear,Hosuru  Main Road,Near Spring Leaf Hospital,4kms,0.0,0.0,0,0,0.0,0.0
Bengaluru City,Electronic City Traffic PS,1.04432e+16,2016,1,1,Road Accidents,Narrow road,City/Town,Open area,Human Error,Not Applicable,Grievous Injury,Hit pedestrian,Uncontrolled,Others,NH,Bitumen(Tar),Dry,Not Applicable,Clear,Bangalore  City Main Road,Near NTTF  Electronic City Phase 01,2kms,12.8473,77.67052,0,0,0.0,0.0
Bengaluru City,Electronic City Traffic PS,1.04432e+16,2016,1,1,Road Accidents,Narrow road,City/Town,Near office complex,Human Error,No,Simple Injury,Hit pedestrian,Uncontrolled,Not Applicable,Service Road,Bitumen(Tar),Not Applicable,Not Applicable,Clear,"NH-7, Hosur Road",Near Andhra Bank,55,12.51832,77.40288,0,0,0.0,0.0
Bengaluru City,Electronic City Traffic PS,1.04432e+16,2016,1,2,Road Accidents,Narrow road,City/Town,Open area,Human Error,Yes,Damage Only,Rear end,Uncontrolled,Not Applicable,NH,Bitumen(Tar),Not Applicable,Not Applicable,Fine,"NH-7, BETL Fly Over Road",Near Hosa Road,150,12.504445,77.40428,0,0,0.0,0.0
Bengaluru City,Electronic City Traffic PS,1.04432e+16,2016,1,2,Road Accidents,Narrow road,City/Town,Near Hospital,Human Error,No,Fatal,Rear end,Uncontrolled,Not Applicable,NH,Bitumen(Tar),Not Applicable,Not Applicable,Fine,"NH-7, Hosur Road",Near Pillar No137 and 138,88,12.521597,77.39814,0,0,0.0,0.0
Bengaluru City,Electronic City Traffic PS,1.04432e+16,2016,1,2,Road Accidents,Narrow road,City/Town,Residential area,Human Error,Yes,Simple Injury,Head on,Uncontrolled,Not Applicable,Others,Bitumen(Tar),Not Applicable,Not Applicable,Fine,Begur-Koppa Main Road,SLV Apartment,56,12.515545,77.37839,0,0,0.0,0.0
Bengaluru City,Electronic City Traffic PS,1.04432e+16,2016,1,1,Road Accidents,Narrow road,City/Town,Open area,Human Error,Not Applicable,Grievous Injury,Hit pedestrian,Uncontrolled,Others,NH,Bitumen(Tar),Dry,Not Applicable,Clear,NH,Near Srinidhi Bar And Restaurant,5kms,12.505529,77.401298,0,0,0.0,0.0
Bengaluru City,Electronic City Traffic PS,1.04432e+16,2016,1,2,Road Accidents,Narrow road,City/Town,Open area,Human Error,No,Grievous Injury,Others,Uncontrolled,Not Applicable,NH,Bitumen(Tar),Dry,Not Applicable,Clear,BETL Flyover Road,Near  Singasandra,5kms,12.524827,77.384372,0,0,0.0,0.0
Bengaluru City,Electronic City Traffic PS,1.04432e+16,2016,1,1,Road Accidents,Narrow road,City/Town,Open area,Human Error,No,Grievous Injury,Hit pedestrian,Uncontrolled,Not Applicable,Others,Bitumen(Tar),Dry,Not Applicable,Clear,Service Road,Near  Ec 01 Toll Plaza,2kms,0.0,0.0,0,0,0.0,0.0