DISTRICTNAME,UNITNAME,Crime_No,Year,RI,Noofvehicle_involved,Accident_Classification,Accident_Spot,Accident_Location,Accident_SubLocation,Main_Cause,Hit_Run,Severity,Collision_Type,Junction_Control,Road_Character,Road_Type,Surface_Type,Surface_Condition,Road_Condition,Weather,Accident_Road,Landmark_first,Distance_LandMark_First,Latitude,Longitude,Road_Condition_Score,Surface_Condition_Score,Surface_Type_Score,Road_Risk_Index
Bengaluru City,Electronic City Traffic PS,1.04432e+16,2016,1,2,Road Accidents,Not Applicable,City/Town,Open area,Human Error,Not Applicable,Damage Only,Others,Uncontrolled,Not Applicable,Others,Bitumen(Tar),Dry,Not Applicable,Clear,Ec Phase-01 Road,Near Cyber Park,1kms,12.501523,77.394999,0,0,0.0,0.0
Bengaluru City,Electronic City Traffic PS,1.04432e+16,2016,1,2,Road Accidents,Narrow road,City/Town,Open area,Human Error,No,Damage Only,Rear end,Uncontrolled,Others,NH,Bitumen(Tar),Dry,Not Applicable,Clear,"NH-07, BETL Flyover Road",Singasandra Laybye,5kms,12.53514,77.383307,0,0,0.0,0.0
Bengaluru City,Electronic City Traffic PS,1.04432e+16,2016,1,1,Road Accidents,Narrow road,City/Town,At pedestrian Crossing,Human Error,Yes,Grievous Injury,Hit pedestrian,Uncontrolled,Others,NH,Bitumen(Tar),Dry,Not Applicable,Clear,"NH-01, Towards Bangalore City",Infront Of  Sony Centre Konappana Agahara,2kms,12.515122,77.392267,0,0,0.0,0.0
Bengaluru City,Electronic City Traffic PS,1.04432e+16,2016,1,1,Road Accidents,Narrow road,City/Town,Open area,Human Error,Yes,Fatal,Others,Uncontrolled,Not Applicable,NH,Bitumen(Tar),Dry,Not Applicable,Clear,"NH-07,  Fly Over Road",Infront Of  Infosys Company,1kms,12.85076,77.66839,0,0,0.0,0.0
Bengaluru City,Electronic City Traffic PS,1.04432e+16,2016,1,2,Road Accidents,Narrow road,City/Town,Open area,Vehicle Defect,Not Applicable,Damage Only,Rear end,Uncontrolled,Not Applicable,NH,Bitumen(Tar),Dry,Not Applicable,Clear,Bnagalore City Main Road,NTTF,1kms,12.84736,77.67091,0,0,0.0,0.0
Bengaluru City,Electronic City Traffic PS,1.04432e+16,2017,1,1,Road Accidents,Narrow road,City/Town,Open area,Human Error,Yes,Grievous Injury,Hit pedestrian,Uncontrolled,Others,NH,Bitumen(Tar),Dry,Not Applicable,Clear,"Hosur Main road,",Near Singasandar Bus Stop,4kms,0.0,0.0,0,0,0.0,0.0
Bengaluru City,Electronic City Traffic PS,1.04432e+16,2017,1,2,Road Accidents,Other,City/Town,Open area,Human Error,Yes,Grievous Injury,Others,Uncontrolled,Others,NH,Bitumen(Tar),Dry,Not Applicable,Clear,NH-07  Hosuru Road,Near Hosa Road Junction,4kms,12.86991,77.65334,0,0,0.0,0.0
Bengaluru City,Electronic City Traffic PS,1.04432e+16,2017,1,2,Road Accidents,Narrow road,City/Town,Open area,Human Error,Yes,Grievous Injury,Others,Uncontrolled,Others,NH,Bitumen(Tar),Dry,Not Applicable,Clear,Hosa Road Service Road,Near Petrol bunk Singasandra,7kms,0.0,0.0,0,0,0.0,0.0
Bengaluru City,Electronic City Traffic PS,1.04432e+16,2017,1,2,Road Accidents,Narrow road,City/Town,Open area,Human Error,No,Grievous Injury,Others,Controlled,Others,NH,Bitumen(Tar),Dry,Not Applicable,Clear,Towards Bangalore City Service Road,Near D Mart Shoping Mall,1kms,12.84358,77.67385,0,0,0.0,0.0
Bengaluru City,Electronic City Traffic PS,1.04432e+16,2017,1,1,Road Accidents,Narrow road,City/Town,Open area,Human Error,Yes,Grievous Injury,Others,Uncontrolled,Others,Others,Bitumen(Tar),Dry,Not Applicable,Clear,Doddanagamagala Road,Naganathapura,6 kms,12.86837,77.66145,0,0,0.0,0.0
Bengaluru City,Electronic City Traffic PS,1.04432e+16,2017,1,1,Road Accidents,Narrow road,City/Town,At pedestrian Crossing,Human Error,Yes,Grievous Injury,Hit pedestrian,Uncontrolled,Others,NH,Bitumen(Tar),Dry,Not Applicable,Clear,Hosur Main road,infront off Keys Hotel,5kms,0.0,0.0,0,0,0.0,0.0
Bengaluru City,Electronic City Traffic PS,1.04432e+16,2017,1,1,Road Accidents,Narrow road,City/Town,At pedestrian Crossing,Human Error,Yes,Grievous Injury,Hit pedestrian,Not at  Junction,Others,Others,Bitumen(Tar),Dry,Not Applicable,Clear,Near Adhithya Kalyana Mantapa,AECS Layout B Block,6kms,12.88002,77.64491,0,0,0.0,0.0
Bengaluru City,Electronic City Traffic PS,1.04432e+16,2017,1,1,Road Accidents,Cross roads,City/Town,Open area,Human Error,Not Applicable,Grievous Injury,Hit pedestrian,Uncontrolled,Others,NH,Bitumen(Tar),Dry,Not Applicable,Clear,Hosur Road Service Road,Near Poonam Furniture,5kms,12.86697,77.6555,0,0,0.0,0.0
Bengaluru City,Electronic City Traffic PS,1.04432e+16,2017,1,1,Road Accidents,Narrow road,City/Town,Open area,Human Error,Yes,Fatal,Hit pedestrian,Controlled,Others,Others,Bitumen(Tar),Dry,Not Applicable,Clear,Vittasandra Village road,Near Sri VenugopalaswamyTemple,4kms,12.85673,77.6361,0,0,0.0,0.0
Bengaluru City,Electronic City Traffic PS,1.04432e+16,2017,1,2,Road Accidents,Narrow road,City/Town,Open area,Human Error,Yes,Grievous Injury,Others,Controlled,Others,NH,Bitumen(Tar),Dry,Not Applicable,Clear,Elevated Flyover Road,Infront Of Infosy Company,1,12.84807,77.66236,0,0,0.0,0.0
Bengaluru City,Electronic City Traffic PS,1.04432e+16,2017,1,2,Road Accidents,Narrow road,City/Town,Open area,Human Error,No,Grievous Injury,Others,Not Applicable,Others,Expressway,Bitumen(Tar),Dry,Not Applicable,Clear,Nice Road,Near Electronic City Toll,3kms,12.85838,77.65779,0,0,0.0,0.0
Bengaluru City,Electronic City Traffic PS,1.04432e+16,2017,1,2,Not Applicable,Narrow road,City/Town,Open area,Human Error,No,Damage Only,Others,Not Applicable,Others,NH,Bitumen(Tar),Dry,Not Applicable,Clear,Hosuru Road,Near  Hosa Road  Signal,4kms,12.85722,77.66312,0,0,0.0,0.0
Bengaluru City,Electronic City Traffic PS,1.04432e+16,2017,1,2,Road Accidents,Narrow road,City/Town,Open area,Human Error,Yes,Grievous Injury,Others,Not Applicable,Others,NH,Bitumen(Tar),Dry,Not Applicable,Clear,Hosuru MAin Road,Near D Mart,2kms,12.8427,77.67379,0,0,0.0,0.0
Bengaluru City,Electronic City Traffic PS,1.04432e+16,2017,1,4,Road Accidents,Other,City/Town,Open area,Human Error,Yes,Damage Only,Rear end,Not Applicable,Others,Expressway,Bitumen(Tar),Dry,Not Applicable,Clear,Nice Road,Hosuru Road,5kms,12.85739,77.60697,0,0,0.0,0.0
Bengaluru City,Electronic City Traffic PS,1.04432e+16,2017,1,2,Road Accidents,Other,City/Town,Open area,Human Error,No,Grievous Injury,Rear end,Not Applicable,Others,NH,Bitumen(Tar),Dry,Not Applicable,Clear,Hosuru Road,NTTF College,2kms,12.84554,77.66106,0,0,0.0,0.0
Bengaluru City,Electronic City Traffic PS,1.04432e+16,2017,1,2,Road Accidents,Other,City/Town,Open area,Vehicle Defect,No,Damage Only,Others,Not Applicable,Others,NH,Bitumen(Tar),Dry,Not Applicable,Clear,Hosuru Main Road,konappana agrahara New Car Show Room,4kms,12.504904,77.382552,0,0,0.0,0.0
Bengaluru City,Electronic City Traffic PS,1.04432e+16,2017,1,2,Road Accidents,Narrow road,City/Town,Open area,Human Error,No,Grievous Injury,Others,Controlled,Others,NH,Bitumen(Tar),Dry,Not Applicable,Clear,Hosuru Main Road,Electronic City Gate 01,1kms,12.84791,77.67096,0,0,0.0,0.0
Bengaluru City,Electronic City Traffic PS,1.04432e+16,2017,1,2,Road Accidents,Narrow road,City/Town,Open area,Human Error,No,Fatal,Rear end,Controlled,Others,NH,Bitumen(Tar),Dry,Not Applicable,Clear,Towards Hosuru main road,Veerasandra gate junction,2kms,12.84001,77.67698,0,0,0.0,0.0
Bengaluru City,Electronic City Traffic PS,1.04432e+16,2017,1,2,Road Accidents,Other,City/Town,Open area,Human Error,Yes,Damage Only,Others,Controlled,Others,NH,Bitumen(Tar),Dry,Not Applicable,Clear,Hosuru Main Road,Konappana Agrahara,3kms,0.0,0.0,0,0,0.0,0.0
Bengaluru City,Electronic City Traffic PS,1.04432e+16,2017,1,2,Road Accidents,Junction,City/Town,Narrow bridge or culverts,Human Error,Yes,Simple Injury,Hit and Run,Controlled,Others,NH,Bitumen(Tar),Dry,Construction Work / Material,Clear,SINGASANDRA,SINGASANDRA,4KM,12.83905,77.67799,2,0,0.0,2.0
Bengaluru City,Electronic City Traffic PS,1.04432e+16,2017,1,2,Road Accidents,Narrow road,City/Town,Open area,Vehicle Defect,Yes,Damage Only,Others,Not Applicable,Others,Others,Bitumen(Tar),Dry,Not Applicable,Clear,Kudlu Main Road,Jee Internationl School,5kms,12.88086,77.64373,0,0,0.0,0.0
Bengaluru City,Electronic City Traffic PS,1.04432e+16,2017,1,2,Road Accidents,Narrow road,City/Town,Open area,Human Error,Yes,Grievous Injury,Others,Not Applicable,Others,NH,Bitumen(Tar),Dry,Not Applicable,Clear,Hosuru Main  Road,Chikka Thogur gate,3kms,12.86709,77.65548,0,0,0.0,0.0
Bengaluru City,Electronic City Traffic PS,1.04432e+16,2017,1,2,Road Accidents,Narrow road,City/Town,Open area,Human Error,Yes,Grievous Injury,Others,Not Applicable,Others,Others,Bitumen(Tar),Dry,Not Applicable,Clear,Kudlu Road,Kudlu,5kms,12.504904,77.383426,0,0,0.0,0.0
Bengaluru City,Electronic City Traffic PS,1.04432e+16,2017,1,1,Road Accidents,Narrow road,City/Town,Open area,Human Error,No,Grievous Injury,Hit pedestrian,Not Applicable,Others,NH,Bitumen(Tar),Dry,Not Applicable,Clear,Hosuru Service Road,Near Venkateshwara,3kms,12.85609,77.6645,0,0,0.0,0.0
Bengaluru City,Electronic City Traffic PS,1.04432e+16,2017,1,2,Road Accidents,Narrow road,City/Town,Open area,Human Error,Yes,Grievous Injury,Rear end,Not Applicable,Others,Expressway,Bitumen(Tar),Dry,Not Applicable,Clear,Nice Road,Near Vittasandra Lake,4kms,12.86702,77.63549,0,0,0.0,0.0
Bengaluru City,Electronic City Traffic PS,1.04432e+16,2017,1,1,Road Accidents,Narrow road,City/Town,Open area,Human Error,Not Applicable,Grievous Injury,Hit pedestrian,Controlled,Others,Others,Bitumen(Tar),Dry,Not Applicable,Clear,Parappana Agrahara Raod,Near ATS Campus,5kms,12.88896,77.6716,0,0,0.0,0.0
Bengaluru City,Electronic City Traffic PS,1.04432e+16,2017,1,1,Road Accidents,Narrow road,City/Town,Open area,Human Error,Yes,Grievous Injury,Hit pedestrian,Uncontrolled,Not Applicable,Others,Bitumen(Tar),Dry,Not Applicable,Clear,Shanthipura Road,Near Moog Control Systems Pvt LTD,2kms,12.84697,77.67942,0,0,0.0,0.0
Bengaluru City,Electronic City Traffic PS,1.04432e+16,2017,1,1,Road Accidents,Narrow road,City/Town,Open area,Human Error,Yes,Grievous Injury,Hit pedestrian,Uncontrolled,Others,NH,Bitumen(Tar),Dry,Not Applicable,Clear,Nh-07,Electronic City Bus Stop,2kms,12.7851,77.8951,0,0,0.0,0.0
Bengaluru City,Electronic City Traffic PS,1.04432e+16,2017,1,4,Road Accidents,Narrow road,City/Town,Open area,Human Error,Not Applicable,Grievous Injury,Rear end,Controlled,Others,NH,Bitumen(Tar),Dry,Not Applicable,Clear,Flyover Road,Near Symphony Building Beretena Agrahara,3kms,12.864463,77.65761,0,0,0.0,0.0
Bengaluru City,Electronic City Traffic PS,1.04432e+16,2017,1,2,Road Accidents,Narrow road,City/Town,Open area,Human Error,No,Grievous Injury,Others,Controlled,Others,NH,Bitumen(Tar),Dry,Not Applicable,Clear,Hosa Road,NearCollege,2kms,12.86145,77.66077,0,0,0.0,0.0
Bengaluru City,Electronic City Traffic PS,1.04432e+16,2017,1,1,Road Accidents,Narrow road,City/Town,Open area,Human Error,No,Grievous Injury,Others,Uncontrolled,Others,Others,Bitumen(Tar),Dry,Not Applicable,Clear,Hosa Palya Road,Near Ujala factory,5kms,12.88873,77.64021,0,0,0.0,0.0
Bengaluru City,Electronic City Traffic PS,1.04432e+16,2017,1,2,Road Accidents,Narrow road,City/Town,Open area,Human Error,Yes,Grievous Injury,Rear end,Not Applicable,Not Applicable,Others,Bitumen(Tar),Dry,Not Applicable,Clear,Near Andhra bank,Neeladri Road  Bettadasanapura,2kms,12.84296,77.64029,0,0,0.0,0.0
Bengaluru City,Electronic City Traffic PS,1.04432e+16,2017,1,2,Road Accidents,Narrow road,City/Town,Open area,Human Error,Yes,Damage Only,Others,Not Applicable,Others,NH,Bitumen(Tar),Dry,Not Applicable,Clear,HOSUR MAIN ROAD,near konappana agrhara Infront Of Chandhana Hotel,3kms,12.505383,77.38436,0,0,0.0,0.0
Bengaluru City,Electronic City Traffic PS,1.04432e+16,2017,1,2,Road Accidents,Narrow road,City/Town,Open area,Human Error,No,Grievous Injury,Rear end,Uncontrolled,Others,NH,Bitumen(Tar),Dry,Not Applicable,Clear,Bangalore  City Main Road,Near  Konappana Agrahara,4kms,12.85596,77.66429,0,0,0.0,0.0
Bengaluru City,Electronic City Traffic PS,1.04432e+16,2017,1,2,Road Accidents,Curves,City/Town,Narrow bridge or culverts,Human Error,No,Grievous Injury,Hit and Run,Controlled,Not Applicable,NH,Bitumen(Tar),Dry,Construction Work / Material,Clear,KONAPPANA AGRAHARA,SERVICE ROAD,5KM,12.86928,77.65393,2,0,0.0,2.0
Bengaluru City,Electronic City Traffic PS,1.04432e+16,2017,1,2,Road Accidents,Narrow road,City/Town,Open area,Human Error,Yes,Fatal,Head on,Uncontrolled,Others,Expressway,Bitumen(Tar),Dry,Not Applicable,Clear,Nice Road,Near Basapura Bridge,3kms,12.85812,77.65888,0,0,0.0,0.0
Bengaluru City,Electronic City Traffic PS,1.04432e+16,2017,1,1,Road Accidents,Narrow road,City/Town,Open area,Human Error,Not Applicable,Grievous Injury,Hit pedestrian,Controlled,Others,Others,Bitumen(Tar),Dry,Not Applicable,Clear,"Shantipura Main road,",Near Govt School,3kms,12.501523,77.383826,0,0,0.0,0.0
Bengaluru City,Electronic City Traffic PS,1.04432e+16,2017,1,1,Road Accidents,Narrow road,City/Town,Open area,Human Error,No,Grievous Injury,Hit pedestrian,Controlled,Others,NH,Bitumen(Tar),Dry,Not Applicable,Clear,Hosuru Road,Veerasandra  Junction,3kms,12.505254,77.384822,0,0,0.0,0.0
Bengaluru City,Electronic City Traffic PS,1.04432e+16,2017,1,2,Road Accidents,Narrow road,City/Town,Open area,Human Error,Yes,Grievous Injury,Others,Controlled,Others,NH,Bitumen(Tar),Dry,Not Applicable,Clear,Nice Road,Near Beguru Bridge,5kms,12.85482,77.60942,0,0,0.0,0.0
Bengaluru City,Electronic City Traffic PS,1.04432e+16,2017,1,2,Road Accidents,Other,City/Town,Open area,Human Error,Yes,Grievous Injury,Rear end,Not Applicable,Others,Others,Bitumen(Tar),Dry,Not Applicable,Clear,HCL Road,Near Petrol  Bunk,1kms,12.8395,77.67694,0,0,0.0,0.0
Bengaluru City,Electronic City Traffic PS,1.04432e+16,2017,1,2,Road Accidents,Narrow road,City/Town,Open area,Human Error,Yes,Grievous Injury,Others,Not Applicable,Others,Others,Bitumen(Tar),Dry,Not Applicable,Clear,Velankani Road,Leanse Kart,1kms,12.84877,77.65917,0,0,0.0,0.0
Bengaluru City,Electronic City Traffic PS,1.04432e+16,2017,1,2,Road Accidents,Narrow road,City/Town,Open area,Human Error,No,Grievous Injury,Others,Not Applicable,Others,Others,Bitumen(Tar),Dry,Not Applicable,Clear,Kasavanahalli Road,Near Green Junction Bar,6kms,0.0,0.0,0,0,0.0,0.0
Bengaluru City,Electronic City Traffic PS,1.04432e+16,2017,1,1,Road Accidents,Narrow road,City/Town,At pedestrian Crossing,Human Error,No,Fatal,Hit pedestrian,Uncontrolled,Others,NH,Bitumen(Tar),Dry,Not Applicable,Clear,Bangalore  City Main Road,Near Singasandra Bus Stop,7kms,12.87747,77.64707,0,0,0.0,0.0
Bengaluru City,Electronic City Traffic PS,1.04432e+16,2017,1,1,Road Accidents,Narrow road,City/Town,Open area,Human Error,Yes,Grievous Injury,Others,Not Applicable,Others,NH,Bitumen(Tar),Dry,Not Applicable,Clear,Hosa Road,Hosa Road Signal,4kms,12.87025,77.65318,0,0,0.0,0.0
Bengaluru City,Electronic City Traffic PS,1.04432e+16,2017,1,1,Road Accidents,Narrow road,City/Town,Open area,Human Error,Yes,Grievous Injury,Others,Uncontrolled,Others,NH,Bitumen(Tar),Dry,Not Applicable,Clear,Towards Kudlu Road,Infront Of Hospitec Hospital,7kms,12.89109,77.63954,0,0,0.0,0.0
Bengaluru City,Electronic City Traffic PS,1.04432e+16,2017,1,2,Road Accidents,Narrow road,City/Town,Open area,Human Error,Not Applicable,Grievous Injury,Others,Uncontrolled,Others,Others,Bitumen(Tar),Dry,Not Applicable,Clear,Beguru koppa main road,near Indian oil petrol bunk,5kms,12.84296,77.61715,0,0,0.0,0.0
Bengaluru City,Electronic City Traffic PS,1.04432e+16,2017,1,2,Road Accidents,Narrow road,City/Town,Open area,Human Error,No,Grievous Injury,Rear end,Controlled,Others,NH,Bitumen(Tar),Dry,Not Applicable,Clear,Elevated Flyover Road,Near Hosa Road Junction,5km,12.86961,77.65364,0,0,0.0,0.0
Bengaluru City,Electronic City Traffic PS,1.04432e+16,2017,1,1,Road Accidents,Curves,City/Town,Narrow bridge or culverts,Human Error,No,Simple Injury,Others,Controlled,Others,NH,Bitumen(Tar),Dry,Construction Work / Material,Clear,BETTADASANAPURA,ELECTRONIC CITY,2KM,0.0,0.0,2,0,0.0,2.0
Bengaluru City,Electronic City Traffic PS,1.04432e+16,2017,1,2,Road Accidents,Junction,City/Town,Narrow bridge or culverts,Human Error,No,Simple Injury,Hit and Run,Controlled,Others,NH,Bitumen(Tar),Dry,Construction Work / Material,Clear,HOSUR MAIN ROAD,VEERASANDRA,2KM,12.83747,77.67857,2,0,0.0,2.0
Bengaluru City,Electronic City Traffic PS,1.04432e+16,2017,1,1,Road Accidents,Narrow road,City/Town,Open area,Human Error,Yes,Grievous Injury,Head on,Not Applicable,Others,NH,Bitumen(Tar),Dry,Not Applicable,Clear,Hosur Main Road,Near Audi Car Show Room Beretena Agrahara,4kms,12.86799,77.65497,0,0,0.0,0.0
Bengaluru City,Electronic City Traffic PS,1.04432e+16,2017,1,2,Road Accidents,Narrow road,City/Town,Open area,Human Error,No,Grievous Injury,Others,Not Applicable,Not Applicable,Expressway,Bitumen(Tar),Dry,Not Applicable,Clear,Nice Road,Beguru Koppa Bridge,4kms,12.85498,77.61002,0,0,0.0,0.0
Bengaluru City,Electronic City Traffic PS,1.04432e+16,2017,1,1,Road Accidents,Narrow road,City/Town,Open area,Human Error,No,Grievous Injury,Hit pedestrian,Not at  Junction,Others,NH,Bitumen(Tar),Dry,Not Applicable,Clear,Hosuru Road,Veerasandra,2kms,12.8388,77.67779,0,0,0.0,0.0
Bengaluru City,Electronic City Traffic PS,1.04432e+16,2017,1,1,Road Accidents,Other,City/Town,Open area,Human Error,No,Grievous Injury,Rear end,Not Applicable,Others,Others,Bitumen(Tar),Others,Not Applicable,Clear,Ramakrishna Hospital Road,2kms,1kms,12.50588,77.384372,0,1,0.0,1.0
Bengaluru City,Electronic City Traffic PS,1.04432e+16,2017,1,2,Road Accidents,Narrow road,City/Town,Open area,Human Error,Yes,Simple Injury,Others,Not Applicable,Not Applicable,NH,Bitumen(Tar),Dry,Not Applicable,Clear,Konappana Agrahara Signal,Nice Road  Turning,4kms,12.85732,7.66192,0,0,0.0,0.0
Bengaluru City,Electronic City Traffic PS,1.04432e+16,2017,1,1,Road Accidents,Narrow road,City/Town,Open area,Human Error,Yes,Fatal,Others,Not Applicable,Others,Others,Bitumen(Tar),Dry,Not Applicable,Clear,Near NTTF College,Electronic City Bus Stop,1kms,12.84742,77.67078,0,0,0.0,0.0
Bengaluru City,Electronic City Traffic PS,1.04432e+16,2017,1,1,Road Accidents,Narrow road,City/Town,Open area,Human Error,Yes,Grievous Injury,Hit pedestrian,Not Applicable,Others,Others,Bitumen(Tar),Dry,Not Applicable,Clear,Hoa Road,S LV Bar,4kms,12.87057,77.65882,0,0,0.0,0.0
Bengaluru City,Electronic City Traffic PS,1.04432e+16,2017,1,3,Road Accidents,Junction,City/Town,Narrow bridge or culverts,Human Error,Yes,Simple Injury,Hit and Run,Controlled,Others,NH,Bitumen(Tar),Dry,Construction Work / Material,Clear,SERVICE ROAD,SERVICE ROAD,3 KMS,12.87075,77.65657,2,0,0.0,2.0
Bengaluru City,Electronic City Traffic PS,1.04432e+16,2017,1,3,Road Accidents,Narrow road,City/Town,Open area,Human Error,No,Simple Injury,Rear end,Uncontrolled,Others,NH,Bitumen(Tar),Dry,Not Applicable,Clear,"NH-07, Towards Silk Board Road",Singasndra Live 100 Hospital,6kms,12.8861,77.64184,0,0,0.0,0.0
Bengaluru City,Electronic City Traffic PS,1.04432e+16,2017,1,1,Road Accidents,Narrow road,City/Town,Open area,Human Error,No,Damage Only,Others,Uncontrolled,Others,Others,Bitumen(Tar),Dry,Not Applicable,Clear,Near Gurukula Public School,New Mico Layout Road,7kms,12.89208,77.62915,0,0,0.0,0.0
Bengaluru City,Electronic City Traffic PS,1.04432e+16,2017,1,2,Road Accidents,Narrow road,City/Town,Open area,Human Error,Not Applicable,Grievous Injury,Rear end,Controlled,Others,NH,Bitumen(Tar),Dry,Not Applicable,Clear,Bangalore  City Main Road,Veerasandra  Junction,2kms,12.83992,77.67689,0,0,0.0,0.0
Bengaluru City,Electronic City Traffic PS,1.04432e+16,2017,1,2,Road Accidents,Narrow road,City/Town,Open area,Human Error,Yes,Damage Only,Rear end,Controlled,Others,NH,Bitumen(Tar),Dry,Not Applicable,Clear,Hosuru Road,Gonvindha Shetty Palya,3kms,12.8612,77.385356,0,0,0.0,0.0
Bengaluru City,Electronic City Traffic PS,1.04432e+16,2017,1,2,Road Accidents,Narrow road,City/Town,Open area,Human Error,No,Grievous Injury,Rear end,Controlled,Others,NH,Bitumen(Tar),Dry,Not Applicable,Clear,Flyover Road,White Feather,3kms,12.505383,77.384881,0,0,0.0,0.0
Bengaluru City,Electronic City Traffic PS,1.04432e+16,2017,1,2,Road Accidents,Narrow road,City/Town,Open area,Human Error,Yes,Grievous Injury,Others,Controlled,Others,NH,Bitumen(Tar),Dry,Not Applicable,Clear,Hosur road Service road,Near Phase  2 Turning,2kms,0.0,0.0,0,0,0.0,0.0
Bengaluru City,Electronic City Traffic PS,1.04432e+16,2017,1,2,Road Accidents,Narrow road,City/Town,Open area,Human Error,No,Grievous Injury,Others,Controlled,Not Applicable,Others,Bitumen(Tar),Dry,Not Applicable,Clear,Velankani Road,Near Thalaserery Hotel,1kms,12.85086,77.65746,0,0,0.0,0.0
Bengaluru City,Electronic City Traffic PS,1.04432e+16,2017,1,1,Road Accidents,Junction,City/Town,Narrow bridge or culverts,Human Error,No,Simple Injury,Others,Controlled,Others,NH,Bitumen(Tar),Dry,Construction Work / Material,Clear,hosa road junction,ELEVATED FLY OVER,5KM,12.8699,77.65339,2,0,0.0,2.0
Bengaluru City,Electronic City Traffic PS,1.04432e+16,2017,1,2,Road Accidents,Other,City/Town,Open area,Human Error,No,Grievous Injury,Others,Not Applicable,Others,Others,Bitumen(Tar),Dry,Not Applicable,Clear,Bettadasanapura Road,Near SNN Apartment,2kms,12.8391,77.64793,0,0,0.0,0.0
Bengaluru City,Electronic City Traffic PS,1.04432e+16,2017,1,2,Road Accidents,Narrow road,City/Town,Open area,Human Error,Yes,Grievous Injury,Others,Not Applicable,Others,NH,Bitumen(Tar),Dry,Not Applicable,Clear,Bangalore City  Main Road,Electronic City Toll,1kms,12.789,77.236,0,0,0.0,0.0
Bengaluru City,Electronic City Traffic PS,1.04432e+16,2017,1,2,Road Accidents,Narrow road,City/Town,Open area,Human Error,Yes,Grievous Injury,Others,Not Applicable,Not Applicable,NH,Bitumen(Tar),Dry,Not Applicable,Clear,Hosur Bangalore Service Road,Near Naganathapura Junction,5kms,12.8698,77.65327,0,0,0.0,0.0
Bengaluru City,Electronic City Traffic PS,1.04432e+16,2017,1,1,Road Accidents,Narrow road,City/Town,Open area,Human Error,No,Damage Only,Others,Not Applicable,Not Applicable,NH,Bitumen(Tar),Dry,Not Applicable,Clear,Hosuru Road,Veerasandara Junction,2kms,12.83418,77.67554,0,0,0.0,0.0
Bengaluru City,Electronic City Traffic PS,1.04432e+16,2017,1,2,Road Accidents,Narrow road,City/Town,Open area,Human Error,Yes,Grievous Injury,Rear end,Not Applicable,Others,NH,Bitumen(Tar),Dry,Not Applicable,Clear,Hosuru Road Junction,True value,4kms,12.8713,77.6519,0,0,0.0,0.0
Bengaluru City,Electronic City Traffic PS,1.04432e+16,2017,1,3,Road Accidents,Narrow road,City/Town,Open area,Human Error,Yes,Grievous Injury,Others,Not Applicable,Others,Others,Bitumen(Tar),Dry,Not Applicable,Clear,Infosys Road,Near elcia Office,2kms,12.85065,77.66096,0,0,0.0,0.0
Bengaluru City,Electronic City Traffic PS,1.04432e+16,2017,1,1,Road Accidents,Narrow road,City/Town,Open area,Human Error,Not Applicable,Grievous Injury,Hit pedestrian,Uncontrolled,Not Applicable,Others,Bitumen(Tar),Dry,Not Applicable,Clear,Rayasandra  Road,Near  Bamboo Forest,5kms,12.87639,77.67449,0,0,0.0,0.0
Bengaluru City,Electronic City Traffic PS,1.04432e+16,2017,1,2,Road Accidents,Narrow road,City/Town,Open area,Human Error,Yes,Grievous Injury,Others,Uncontrolled,Others,Others,Bitumen(Tar),Dry,Not Applicable,Clear,Hosur Main road,Near Veerasandra Junction,2kms,12.84048,77.67631,0,0,0.0,0.0
Bengaluru City,Electronic City Traffic PS,1.04432e+16,2017,1,1,Road Accidents,Narrow road,City/Town,Open area,Human Error,Not Applicable,Grievous Injury,Hit pedestrian,Uncontrolled,Others,NH,Bitumen(Tar),Dry,Not Applicable,Clear,Service Road,Near Electronic City Bus Stop,2,12.84714,77.67163,0,0,0.0,0.0
Bengaluru City,Electronic City Traffic PS,1.04432e+16,2017,1,1,Road Accidents,Narrow road,City/Town,Open area,Human Error,No,Grievous Injury,Hit pedestrian,Controlled,Others,NH,Bitumen(Tar),Dry,Not Applicable,Clear,Singasandra beguru Road,In Front Of Manipal County  Gate,7kms,12.87448,77.64863,0,0,0.0,0.0
Bengaluru City,Electronic City Traffic PS,1.04432e+16,2017,1,1,Road Accidents,Narrow road,City/Town,Open area,Human Error,Yes,Grievous Injury,Hit pedestrian,Controlled,Others,Others,Bitumen(Tar),Dry,Not Applicable,Clear,Bettadasanapura  Road,Near  Sent Xavier School,3,12.7895,77.8951,0,0,0.0,0.0