DISTRICTNAME,UNITNAME,Crime_No,Year,RI,Noofvehicle_involved,Accident_Classification,Accident_Spot,Accident_Location,Accident_SubLocation,Main_Cause,Hit_Run,Severity,Collision_Type,Junction_Control,Road_Character,Road_Type,Surface_Type,Surface_Condition,Road_Condition,Weather,Accident_Road,Landmark_first,Distance_LandMark_First,Latitude,Longitude,Road_Condition_Score,Surface_Condition_Score,Surface_Type_Score,Road_Risk_Index
Bengaluru City,Electronic City Traffic PS,1.04432e+16,2017,1,2,Road Accidents,Other,City/Town,Open area,Human Error,Yes,Fatal,Head on,Not at  Junction,Others,NH,Bitumen(Tar),Dry,Not Applicable,Clear,"NH-07, Elevated  Flyover  Road",Konappana Agrahara,2kms,12.856143,77.664427,0,0,0.0,0.0
Bengaluru City,Electronic City Traffic PS,1.04432e+16,2017,1,1,Road Accidents,Narrow road,City/Town,Open area,Human Error,No,Grievous Injury,Hit pedestrian,Not Applicable,Others,Others,Bitumen(Tar),Dry,Not Applicable,Clear,Central Jail Main Road,Central Jail Circle,4kms,12.87366,77.66634,0,0,0.0,0.0
Bengaluru City,Electronic City Traffic PS,1.04432e+16,2017,1,3,Road Accidents,Narrow road,City/Town,Open area,Human Error,Yes,Fatal,Rear end,Not Applicable,Others,NH,Bitumen(Tar),Others,Not Applicable,Clear,Elevated Flyover,Near Konappana Agrahra Signal,3kms,12.85601,77.66454,0,1,0.0,1.0
Bengaluru City,Electronic City Traffic PS,1.04432e+16,2017,1,3,Road Accidents,Narrow road,City/Town,Open area,Human Error,Yes,Grievous Injury,Others,Controlled,Curve,Others,Bitumen(Tar),Dry,Not Applicable,Clear,Beguru-Koppa Main Road,Near Mylasandra Sunrise Wheel Exports,6kms,12.85297,77.60912,0,0,0.0,0.0
Bengaluru City,Electronic City Traffic PS,1.04432e+16,2017,1,2,Road Accidents,Narrow road,City/Town,Open area,Human Error,Yes,Damage Only,Others,Uncontrolled,Not Applicable,Others,Bitumen(Tar),Dry,Not Applicable,Clear,Bettadasanapura road,Near Essar Petrol Bunk,3kms,12.84316,77.64332,0,0,0.0,0.0
Bengaluru City,Electronic City Traffic PS,1.04432e+16,2017,1,2,Road Accidents,Narrow road,City/Town,Open area,Human Error,Not Applicable,Damage Only,Rear end,Controlled,Others,Others,Bitumen(Tar),Dry,Not Applicable,Clear,Neeladri road,Near Sanjeevini Restaurant,2kms,12.50588,77.382337,0,0,0.0,0.0
Bengaluru City,Electronic City Traffic PS,1.04432e+16,2017,1,1,Road Accidents,Narrow road,City/Town,Open area,Human Error,No,Grievous Injury,Others,Uncontrolled,Others,Others,Bitumen(Tar),Dry,Not Applicable,Clear,Singasandra Ropad,Behind Keys Hotel,5kms,12.87969,77.64649,0,0,0.0,0.0
Bengaluru City,Electronic City Traffic PS,1.04432e+16,2017,1,2,Road Accidents,Junction,City/Town,Narrow bridge or culverts,Vehicle Defect,No,Damage Only,Others,Controlled,Others,NH,Bitumen(Tar),Dry,Construction Work / Material,Clear,NAGANATHAPURA,NEAR HOSAROAD JUNCTION,4KM,12.86895,77.65423,2,0,0.0,2.0
Bengaluru City,Electronic City Traffic PS,1.04432e+16,2017,1,1,Road Accidents,Other,City/Town,Open area,Human Error,Yes,Grievous Injury,Hit pedestrian,Controlled,Others,NH,Bitumen(Tar),Dry,Not Applicable,Clear,Hosur Main road,Konappana Agrahara Junction,3kms,12.84313,77.6648,0,0,0.0,0.0
Bengaluru City,Electronic City Traffic PS,1.04432e+16,2017,1,3,Road Accidents,Narrow road,City/Town,Open area,Human Error,No,Fatal,Others,Not Applicable,Others,Expressway,Bitumen(Tar),Dry,Not Applicable,Clear,Nice Road,Near Begur Lake S N N Apartment,5kms,12.5131,77.377,0,0,0.0,0.0
Bengaluru City,Electronic City Traffic PS,1.04432e+16,2017,1,4,Road Accidents,Narrow road,City/Town,Open area,Human Error,No,Fatal,Head on,Not Applicable,Others,Others,Bitumen(Tar),Dry,Not Applicable,Clear,Basapura Villege  Road,Near Mahindra Service center,4kms,12.86728,77.65131,0,0,0.0,0.0
Bengaluru City,Electronic City Traffic PS,1.04432e+16,2017,1,1,Road Accidents,Narrow road,City/Town,Open area,Human Error,No,Damage Only,Others,Not Applicable,Others,NH,Bitumen(Tar),Dry,Not Applicable,Clear,Hosuru Main Road,Near Veearsandra Kaveramma Temple,2kms,12.83867,77.67788,0,0,0.0,0.0
Bengaluru City,Electronic City Traffic PS,1.04432e+16,2017,1,2,Road Accidents,Narrow road,City/Town,Open area,Vehicle Defect,Not Applicable,Damage Only,Rear end,Uncontrolled,Not Applicable,NH,Bitumen(Tar),Dry,Not Applicable,Clear,NH,Near Singasandar  keys Hotel,5kms,12.88469,77.64274,0,0,0.0,0.0
Bengaluru City,Electronic City Traffic PS,1.04432e+16,2017,1,2,Not Applicable,Narrow road,City/Town,Open area,Human Error,No,Grievous Injury,Others,Uncontrolled,Not Applicable,Others,Bitumen(Tar),Dry,Not Applicable,Clear,Elivated Fly over,Near Infosys company,2kms,12.8481,77.67251,0,0,0.0,0.0
Bengaluru City,Electronic City Traffic PS,1.04432e+16,2017,1,1,Road Accidents,Circle,City/Town,Narrow bridge or culverts,Human Error,Yes,Fatal,Hit and Run,Controlled,Others,NH,Bitumen(Tar),Dry,Construction Work / Material,Clear,BEGURU HOBLI,BEGURE HOBLI,3KM,12.87957,77.64583,2,0,0.0,2.0
Bengaluru City,Electronic City Traffic PS,1.04432e+16,2017,1,2,Road Accidents,Narrow road,City/Town,Open area,Vehicle Defect,Not Applicable,Grievous Injury,Others,Uncontrolled,Others,NH,Bitumen(Tar),Dry,Not Applicable,Clear,"NH-7, Towards Bangalore Main Road,",Near Hosa Road Signal,5kms,12.86969,77.65341,0,0,0.0,0.0
Bengaluru City,Electronic City Traffic PS,1.04432e+16,2017,1,2,Road Accidents,Narrow road,City/Town,Open area,Human Error,Yes,Grievous Injury,Rear end,Uncontrolled,Not Applicable,NH,Bitumen(Tar),Dry,Not Applicable,Clear,Bangalore  City Main Road,Near Chikka beguru Gate,7kms,12.88706,77.6411,0,0,0.0,0.0
Bengaluru City,Electronic City Traffic PS,1.04432e+16,2017,1,1,Road Accidents,Narrow road,City/Town,Open area,Human Error,No,Grievous Injury,Hit pedestrian,Controlled,Others,NH,Bitumen(Tar),Dry,Not Applicable,Clear,Hosur Main road,Near Hosaroad Junction Naganathapura,4,12.87033,77.65405,0,0,0.0,0.0
Bengaluru City,Electronic City Traffic PS,1.04432e+16,2017,1,2,Road Accidents,Other,City/Town,Open area,Human Error,No,Grievous Injury,Others,Controlled,Others,Others,Bitumen(Tar),Dry,Not Applicable,Clear,Near Xime College,Near Xime College Road,1kms,12.8476,77.67485,0,0,0.0,0.0
Bengaluru City,Electronic City Traffic PS,1.04432e+16,2017,1,2,Road Accidents,Narrow road,City/Town,Open area,Human Error,Yes,Grievous Injury,Others,Not at  Junction,Others,Others,Bitumen(Tar),Dry,Not Applicable,Clear,Electronic City Phase 01,Near Simens Company,1kms,12.84541,77.66111,0,0,0.0,0.0
Bengaluru City,Electronic City Traffic PS,1.04432e+16,2017,1,2,Road Accidents,Narrow road,City/Town,Open area,Human Error,Yes,Grievous Injury,Others,Not Applicable,Not Applicable,Others,Bitumen(Tar),Dry,Not Applicable,Clear,Crown Plza  Road,Ramakrishna hospital,2kms,12.85495,77.66736,0,0,0.0,0.0
Bengaluru City,Electronic City Traffic PS,1.04432e+16,2017,1,3,Road Accidents,Narrow road,City/Town,Open area,Vehicle Defect,Yes,Damage Only,Others,Not Applicable,Others,NH,Bitumen(Tar),Dry,Not Applicable,Clear,Hosuru Road,Hosa Road Signal,4kms,12.8668,77.65674,0,0,0.0,0.0
Bengaluru City,Electronic City Traffic PS,1.04432e+16,2017,1,2,Road Accidents,Narrow road,City/Town,Open area,Human Error,No,Grievous Injury,Others,Not Applicable,Others,NH,Bitumen(Tar),Dry,Not Applicable,Clear,Hosuru Road,Hosa Road Junction,4kms,12.86972,77.65336,0,0,0.0,0.0
Bengaluru City,Electronic City Traffic PS,1.04432e+16,2017,1,1,Road Accidents,Narrow road,City/Town,Open area,Human Error,No,Grievous Injury,Rear end,Not Applicable,Others,NH,Bitumen(Tar),Dry,Not Applicable,Clear,Hosuru Service Road,PES College,3kms,12.85895,77.66228,0,0,0.0,0.0
Bengaluru City,Electronic City Traffic PS,1.04432e+16,2017,1,2,Road Accidents,Narrow road,City/Town,Open area,Human Error,No,Grievous Injury,Others,Not Applicable,Others,NH,Bitumen(Tar),Dry,Not Applicable,Clear,Hosuru Road,Below Connectng Flyover,2kms,12.84382,77.67428,0,0,0.0,0.0
Bengaluru City,Electronic City Traffic PS,1.04432e+16,2018,1,2,Road Accidents,Narrow road,City/Town,Open area,Human Error,Yes,Grievous Injury,Rear end,Not Applicable,Others,Others,Bitumen(Tar),Dry,Not Applicable,Clear,Nice Road,Nera Electonic City Toll,3kms,12.85816,77.65879,0,0,0.0,0.0
Bengaluru City,Electronic City Traffic PS,1.04432e+16,2018,1,2,Road Accidents,Narrow road,City/Town,Open area,Human Error,Yes,Grievous Injury,Head on,Not Applicable,Others,Expressway,Bitumen(Tar),Dry,Not Applicable,Clear,Nice Road,Nice Electronic City Toll,2kms,12.83917,77.65886,0,0,0.0,0.0
Bengaluru City,Electronic City Traffic PS,1.04432e+16,2018,1,2,Road Accidents,Narrow road,City/Town,Open area,Human Error,No,Damage Only,Rear end,Controlled,Others,NH,Bitumen(Tar),Dry,Not Applicable,Clear,Elevated Flyover Road,Near Electronic City Toll,1kms,12.502051,77.382552,0,0,0.0,0.0
Bengaluru City,Electronic City Traffic PS,1.04432e+16,2018,1,2,Road Accidents,Narrow road,City/Town,Open area,Human Error,No,Grievous Injury,Others,Stop sign,Others,Others,Bitumen(Tar),Dry,Not Applicable,Clear,Infront Of Apollo Clinic,Electronic City Phase 01,100 km,12.84004,77.66147,0,0,0.0,0.0
Bengaluru City,Electronic City Traffic PS,1.04432e+16,2018,1,1,Road Accidents,Narrow road,City/Town,Open area,Human Error,Not Applicable,Grievous Injury,Hit pedestrian,Not Applicable,Others,NH,Bitumen(Tar),Dry,Not Applicable,Clear,Hosuru Road,Spring Hospital,3KMS,12.85335,77.66665,0,0,0.0,0.0
Bengaluru City,Electronic City Traffic PS,1.04432e+16,2018,1,2,Road Accidents,Narrow road,City/Town,Open area,Human Error,Yes,Fatal,Others,Controlled,Others,Others,Bitumen(Tar),Dry,Not Applicable,Clear,Hosur Road,Konappana Agrahara,4kms,12.505254,77.382552,0,0,0.0,0.0
Bengaluru City,Electronic City Traffic PS,1.04432e+16,2018,1,2,Road Accidents,Narrow road,City/Town,Open area,Human Error,Yes,Grievous Injury,Head on,Controlled,Others,NH,Bitumen(Tar),Dry,Not Applicable,Clear,Hosur Main road,Near Konappana Agrahara Junction,4kms,0.0,0.0,0,0,0.0,0.0
Bengaluru City,Electronic City Traffic PS,1.04432e+16,2018,1,3,Road Accidents,Narrow road,City/Town,Open area,Human Error,Yes,Grievous Injury,Rear end,Controlled,Others,Expressway,Bitumen(Tar),Dry,Not Applicable,Clear,Nice Road,Near Basapura Bridge,2kms,12.86332,77.64673,0,0,0.0,0.0
Bengaluru City,Electronic City Traffic PS,1.04432e+16,2018,1,1,Road Accidents,Other,City/Town,Near School or College,Human Error,Yes,Grievous Injury,Hit pedestrian,No signal lights,Not Applicable,City or Town Road,Bitumen(Tar),Dry,Not Applicable,Clear,somasundrapaly road,Near sairam school,9,12.89863,77.65127,0,0,0.0,0.0
Bengaluru City,Electronic City Traffic PS,1.04432e+16,2018,1,2,Road Accidents,Narrow road,City/Town,Near a factory industrial area,Human Error,Not Applicable,Grievous Injury,Not Applicable,Not Applicable,Not Applicable,NH,Bitumen(Tar),Dry,Not Applicable,Clear,Electronic city toll,Electronic city toll near d mart,2 kms,12.84347,77.67439,0,0,0.0,0.0
Bengaluru City,Electronic City Traffic PS,1.04432e+16,2018,1,1,Road Accidents,Narrow road,City/Town,Open area,Human Error,No,Grievous Injury,Hit pedestrian,Not Applicable,Others,NH,Bitumen(Tar),Dry,Not Applicable,Clear,Hosur-Bangalore Road Service Road,Near Hosa Road Shanimahathmaswamy temple,5kms,12.86994,77.65312,0,0,0.0,0.0
Bengaluru City,Electronic City Traffic PS,1.04432e+16,2018,1,1,Road Accidents,Narrow road,City/Town,Open area,Human Error,Yes,Grievous Injury,Hit pedestrian,Controlled,Others,Others,Bitumen(Tar),Dry,Not Applicable,Clear,Dodda Thoguru Main Road,Near S V Store  Dodda Thoguru,1kms,12.85081,77.65395,0,0,0.0,0.0
Bengaluru City,Electronic City Traffic PS,1.04432e+16,2018,1,1,Road Accidents,Narrow road,City/Town,Open area,Human Error,No,Grievous Injury,Overturning,Controlled,Others,Others,Bitumen(Tar),Dry,Not Applicable,Clear,Symboisis College  Cross Road,Happiest Mind,1kms,12.84251,77.6692,0,0,0.0,0.0
Bengaluru City,Electronic City Traffic PS,1.04432e+16,2018,1,2,Road Accidents,Narrow road,City/Town,Open area,Vehicle Defect,Yes,Damage Only,Rear end,Not Applicable,Others,NH,Bitumen(Tar),Dry,Not Applicable,Clear,Hosuru Road,konappana agrahara Signal,4kms,12.8549,77.66793,0,0,0.0,0.0
Bengaluru City,Electronic City Traffic PS,1.04432e+16,2018,1,1,Road Accidents,Narrow road,City/Town,Open area,Human Error,Yes,Fatal,Others,Controlled,Others,Others,Bitumen(Tar),Dry,Not Applicable,Clear,Kudlu Main road,Near Shashi Garments,7kms,12.89035,77.64316,0,0,0.0,0.0
Bengaluru City,Electronic City Traffic PS,1.04432e+16,2018,1,2,Road Accidents,Narrow road,City/Town,Open area,Vehicle Defect,No,Damage Only,Rear end,Controlled,Others,NH,Bitumen(Tar),Dry,Not Applicable,Clear,Hosuru Main Road,Hosa Road Signal,4kms,12.87031,77.65384,0,0,0.0,0.0
Bengaluru City,Electronic City Traffic PS,1.04432e+16,2018,1,2,Road Accidents,Narrow road,City/Town,Open area,Human Error,Yes,Damage Only,Others,Controlled,Others,NH,Bitumen(Tar),Dry,Not Applicable,Clear,Hosuru  Main Road,Near Hosa Road Bus Stand,4kms,12.87064,77.65287,0,0,0.0,0.0
Bengaluru City,Electronic City Traffic PS,1.04432e+16,2018,1,2,Road Accidents,Other,City/Town,Open area,Human Error,No,Fatal,Rear end,Controlled,Others,NH,Bitumen(Tar),Dry,Not Applicable,Clear,Elevated Flyover road,Near Singasandra HdFC Bank,3kms,12.8728,77.65115,0,0,0.0,0.0
Bengaluru City,Electronic City Traffic PS,1.04432e+16,2018,1,2,Road Accidents,Narrow road,City/Town,Open area,Human Error,Yes,Fatal,Others,Controlled,Others,Expressway,Bitumen(Tar),Dry,Not Applicable,Clear,Nice Road,Konappana Agrahara Junction,2kms,12.85834,77.664,0,0,0.0,0.0
Bengaluru City,Electronic City Traffic PS,1.04432e+16,2018,1,1,Road Accidents,Narrow road,City/Town,Near Bus stop,Human Error,No,Simple Injury,Hit pedestrian,No signal lights,Not Applicable,NH,Bitumen(Tar),Dry,Not Applicable,Clear,Nh-07 Hosuru Main Road,Near Naganathpur jun,5 kms,0.0,0.0,0,0,0.0,0.0
Bengaluru City,Electronic City Traffic PS,1.04432e+16,2018,1,1,Road Accidents,Cross roads,City/Town,Open area,Human Error,Yes,Fatal,Hit pedestrian,Not Applicable,Others,NH,Bitumen(Tar),Dry,Not Applicable,Clear,Hosuru Main Road,Naganathapura Junction,3kms,12.869855,77.6534388,0,0,0.0,0.0
Bengaluru City,Electronic City Traffic PS,1.04432e+16,2018,1,1,Road Accidents,Narrow road,City/Town,Open area,Human Error,No,Grievous Injury,Others,Controlled,Others,NH,Bitumen(Tar),Dry,Not Applicable,Clear,Hosur Main Road,Near Electronic Ciity Toll Plaza,1.5,12.84314,77.67465,0,0,0.0,0.0
Bengaluru City,Electronic City Traffic PS,1.04432e+16,2018,1,4,Road Accidents,Other,City/Town,Open area,Human Error,Yes,Damage Only,Others,Controlled,Others,Others,Bitumen(Tar),Dry,Not Applicable,Clear,Behind Dakshina Honda Show Room,AECS Layout,6kms,12.88498,77.64336,0,0,0.0,0.0
Bengaluru City,Electronic City Traffic PS,1.04432e+16,2018,1,1,Road Accidents,Narrow road,City/Town,Open area,Human Error,Yes,Fatal,Hit pedestrian,Not at  Junction,Others,NH,Bitumen(Tar),Dry,Not Applicable,Clear,Hosuru Main Road,Near Thimmareddy School,5kms,12.87016,77.65348,0,0,0.0,0.0
Bengaluru City,Electronic City Traffic PS,1.04432e+16,2018,1,1,Road Accidents,Other,City/Town,Open area,Human Error,Yes,Grievous Injury,Hit pedestrian,Controlled,Others,Others,Bitumen(Tar),Dry,Not Applicable,Clear,Neeladri Road,Near Concord Apts,2 KMS,12.84082,77.65205,0,0,0.0,0.0
Bengaluru City,Electronic City Traffic PS,1.04432e+16,2018,1,2,Road Accidents,Narrow road,City/Town,Open area,Human Error,No,Fatal,Rear end,Controlled,Others,NH,Bitumen(Tar),Dry,Not Applicable,Clear,Hosur Main road,Near Konappana Agrahara,2kms,12.85678,77.66355,0,0,0.0,0.0
Bengaluru City,Electronic City Traffic PS,1.04432e+16,2018,1,3,Road Accidents,Narrow road,City/Town,Open area,Human Error,No,Damage Only,Rear end,Controlled,Others,NH,Bitumen(Tar),Dry,Not Applicable,Clear,Elevated Fly Over,ELECTRONIC CITY,1kms,12.84874,77.67027,0,0,0.0,0.0
Bengaluru City,Electronic City Traffic PS,1.04432e+16,2018,1,2,Road Accidents,Not Applicable,City/Town,Open area,Human Error,Yes,Grievous Injury,Hit and Run,No signal lights,Not Applicable,NH,Bitumen(Tar),Dry,Not Applicable,Fine,Hosur road,Near D Mart,1,12.8431,77.67422,0,0,0.0,0.0
Bengaluru City,Electronic City Traffic PS,1.04432e+16,2018,1,2,Road Accidents,T Junction,City/Town,Near a factory industrial area,Human Error,Not Applicable,Grievous Injury,Right Turn Collision,No signal lights,Others,City or Town Road,Bitumen(Tar),Not Applicable,Not Applicable,Clear,Electronic city Main road,Near SBi Bank,1 KM,12.84539,77.66562,0,0,0.0,0.0
Bengaluru City,Electronic City Traffic PS,1.04432e+16,2018,1,1,Road Accidents,Narrow road,City/Town,Open area,Human Error,Yes,Grievous Injury,Hit pedestrian,Uncontrolled,Others,NH,Bitumen(Tar),Dry,Not Applicable,Clear,Hosur Main road,Near Hosaroad Junction,4kms,12.87003,77.65306,0,0,0.0,0.0
Bengaluru City,Electronic City Traffic PS,1.04432e+16,2018,1,1,Road Accidents,Narrow road,City/Town,Open area,Human Error,Yes,Grievous Injury,Others,Controlled,Others,NH,Bitumen(Tar),Dry,Not Applicable,Clear,Elevated Fly over road,Near Konappana Agrahara,2kms,12.85589,77.66461,0,0,0.0,0.0
Bengaluru City,Electronic City Traffic PS,1.04432e+16,2018,1,2,Road Accidents,Cross roads,City/Town,Open area,Human Error,No,Grievous Injury,Others,Controlled,Others,Others,Bitumen(Tar),Dry,Not Applicable,Clear,Nice Road,Near Basapura Bridge  Infront Of Priya,5kms,12.86146,77.64837,0,0,0.0,0.0
Bengaluru City,Electronic City Traffic PS,1.04432e+16,2018,1,2,Road Accidents,Narrow road,City/Town,Open area,Human Error,No,Grievous Injury,Overturning,Controlled,Others,NH,Bitumen(Tar),Dry,Not Applicable,Clear,Hosru Main Road,K Mohan Garments,2kms,12.84012,77.67712,0,0,0.0,0.0
Bengaluru City,Electronic City Traffic PS,1.04432e+16,2018,1,2,Road Accidents,Other,City/Town,Open area,Human Error,No,Grievous Injury,Rear end,Controlled,Others,Others,Bitumen(Tar),Dry,Not Applicable,Clear,Police station road,Near KSSIDC complex gate,200kms,12.83759,77.66126,0,0,0.0,0.0
Bengaluru City,Electronic City Traffic PS,1.04432e+16,2018,1,1,Road Accidents,Narrow road,City/Town,Open area,Human Error,Yes,Grievous Injury,Rear end,Controlled,Others,NH,Bitumen(Tar),Dry,Not Applicable,Clear,Elevated Flyover,Near Hosa Road,5kms,12.86095,77.66041,0,0,0.0,0.0
Bengaluru City,Electronic City Traffic PS,1.04432e+16,2018,1,1,Road Accidents,Narrow road,City/Town,Open area,Human Error,Yes,Simple Injury,Rear end,Controlled,Others,Expressway,Bitumen(Tar),Dry,Not Applicable,Clear,Nice Road,Near Basapura Bridge,9kms,12.86237,77.64819,0,0,0.0,0.0
Bengaluru City,Electronic City Traffic PS,1.04432e+16,2018,1,1,Road Accidents,Other,City/Town,At pedestrian Crossing,Human Error,Yes,Grievous Injury,Hit pedestrian,Controlled,Not Applicable,Others,Bitumen(Tar),Dry,Not Applicable,Clear,Hosur road Service road,Near Petrol Bunk,2kms,12.8394,77.67763,0,0,0.0,0.0
Bengaluru City,Electronic City Traffic PS,1.04432e+16,2018,1,2,Road Accidents,Narrow road,City/Town,Open area,Human Error,Yes,Grievous Injury,Rear end,Controlled,Others,Others,Bitumen(Tar),Dry,Not Applicable,Clear,Hosa Palya Road,Near Hosapalya Forest Office,4kms,12.511455,77.391042,0,0,0.0,0.0
Bengaluru City,Electronic City Traffic PS,1.04432e+16,2018,1,1,Road Accidents,Other,City/Town,Open area,Human Error,Yes,Grievous Injury,Hit pedestrian,Controlled,Others,NH,Bitumen(Tar),Dry,Not Applicable,Clear,Near Service Road,Chennkeshva Nagara  Govt School,3kms,12.87269,77.65136,0,0,0.0,0.0
Bengaluru City,Electronic City Traffic PS,1.04432e+16,2018,1,2,Road Accidents,Narrow road,City/Town,Open area,Human Error,Yes,Fatal,Rear end,Controlled,Others,NH,Bitumen(Tar),Dry,Not Applicable,Clear,Hosur Main road,Near Veerasandra Junction,2kms,12.84235,77.67513,0,0,0.0,0.0
Bengaluru City,Electronic City Traffic PS,1.04432e+16,2018,1,2,Road Accidents,Narrow road,City/Town,Open area,Human Error,No,Grievous Injury,Others,Controlled,Others,Expressway,Bitumen(Tar),Flooded,Not Applicable,Clear,Flyover Road,Naer Metro Wholesale,3kms,12.85951,77.66038,0,5,0.0,5.0
Bengaluru City,Electronic City Traffic PS,1.04432e+16,2018,1,1,Road Accidents,Narrow road,City/Town,Open area,Human Error,Yes,Grievous Injury,Hit pedestrian,Controlled,Others,Others,Bitumen(Tar),Dry,Not Applicable,Clear,Kudlu Villege Road,Infront Of G K Apartment,54kms,12.504904,77.38436,0,0,0.0,0.0
Bengaluru City,Electronic City Traffic PS,1.04432e+16,2018,1,2,Road Accidents,Other,City/Town,Open area,Human Error,No,Grievous Injury,Rear end,Controlled,Others,Expressway,Bitumen(Tar),Dry,Not Applicable,Clear,Nice Road,Beguru Koppa Bridge,5kms,12.86679,77.63133,0,0,0.0,0.0
Bengaluru City,Electronic City Traffic PS,1.04432e+16,2018,1,1,Road Accidents,Other,City/Town,Open area,Human Error,Yes,Fatal,Others,Controlled,Others,NH,Bitumen(Tar),Dry,Not Applicable,Clear,Elevated Flyover Road,Near Electronic City Phase 1 Turning,1kms,12.84686,77.67028,0,0,0.0,0.0
Bengaluru City,Electronic City Traffic PS,1.04432e+16,2018,1,2,Road Accidents,Other,City/Town,Open area,Human Error,Yes,Fatal,Rear end,Uncontrolled,Others,Others,Bitumen(Tar),Dry,Not Applicable,Clear,Electronic City Phase 2,Near Lake,1.5 Km,12.84587,77.67285,0,0,0.0,0.0
Bengaluru City,Electronic City Traffic PS,1.04432e+16,2018,1,2,Road Accidents,Narrow road,City/Town,Open area,Vehicle Defect,Yes,Damage Only,Rear end,Controlled,Others,NH,Bitumen(Tar),Dry,Not Applicable,Clear,Veerasandra Road,Veerasandara Junction,2kms,12.83725,77.67714,0,0,0.0,0.0
Bengaluru City,Electronic City Traffic PS,1.04432e+16,2018,1,2,Road Accidents,Curves,City/Town,Open area,Human Error,No,Grievous Injury,Others,Controlled,Others,Others,Bitumen(Tar),Dry,Not Applicable,Clear,Hosuru  Main Road,3kms,3kms,12.8656,77.65667,0,0,0.0,0.0
Bengaluru City,Electronic City Traffic PS,1.04432e+16,2018,1,2,Road Accidents,Narrow road,Villages settlement,Near Petrol Pump,Human Error,No,Grievous Injury,Head on,Not Applicable,Not Applicable,City or Town Road,Bitumen(Tar),Dry,Not Applicable,Clear,raysandra road,open area,7 kms,12.87666,77.67651,0,0,0.0,0.0
Bengaluru City,Electronic City Traffic PS,1.04432e+16,2018,1,2,Road Accidents,Narrow road,City/Town,Near School or College,Human Error,No,Fatal,Others,Not Applicable,Others,NH,Bitumen(Tar),Dry,Not Applicable,Clear,Nh-07 Hosuru Main Road,PES College U Turn,2kms,12.94149,77.55208,0,0,0.0,0.0
Bengaluru City,Electronic City Traffic PS,1.04432e+16,2018,1,2,Road Accidents,Narrow road,City/Town,Open area,Human Error,No,Damage Only,Head on,Controlled,Others,NH,Bitumen(Tar),Dry,Not Applicable,Clear,Hosuru Main Road,Electronic City Gate 01,2kms,12.84757,77.67117,0,0,0.0,0.0
Bengaluru City,Electronic City Traffic PS,1.04432e+16,2018,1,2,Road Accidents,Other,City/Town,Open area,Human Error,Yes,Grievous Injury,Others,Not Applicable,Others,Others,Bitumen(Tar),Dry,Not Applicable,Clear,"Parappana Agrahara Kudlu road,",Near Barial Ground,3kms,12.87741,77.65482,0,0,0.0,0.0
Bengaluru City,Electronic City Traffic PS,1.04432e+16,2018,1,2,Road Accidents,Narrow road,City/Town,Open area,Human Error,No,Grievous Injury,Others,Controlled,Others,Expressway,Bitumen(Tar),Dry,Not Applicable,Clear,Nice road,Vittasandra,4kms,12.86682,77.63436,0,0,0.0,0.0
Bengaluru City,Electronic City Traffic PS,1.04432e+16,2018,1,1,Road Accidents,Cross roads,City/Town,Open area,Human Error,Yes,Grievous Injury,Hit pedestrian,Controlled,Others,Others,Bitumen(Tar),Dry,Not Applicable,Clear,Hosur Main road,AECS Layout Singasandra,5kms,12.88055,77.64571,0,0,0.0,0.0
Bengaluru City,Electronic City Traffic PS,1.04432e+16,2018,1,2,Road Accidents,Narrow road,City/Town,Open area,Human Error,No,Grievous Injury,Rear end,Controlled,Curve,Others,Bitumen(Tar),Dry,Not Applicable,Clear,Nice Road,Near Basapura Bridge,6kms,12.86188,77.64952,0,0,0.0,0.0
Bengaluru City,Electronic City Traffic PS,1.04432e+16,2018,1,2,Road Accidents,Narrow road,City/Town,Open area,Human Error,No,Fatal,Hit pedestrian,Controlled,Others,NH,Bitumen(Tar),Dry,Not Applicable,Clear,Hosuru Main Road,Electronic City Bus Stop,1kms,12.8475,77.67117,0,0,0.0,0.0
Bengaluru City,Electronic City Traffic PS,1.04432e+16,2018,1,2,Road Accidents,Narrow road,City/Town,Open area,Human Error,Not Applicable,Damage Only,Rear end,Controlled,Others,Others,Bitumen(Tar),Dry,Not Applicable,Clear,Elevated Flyover road,Near Lavakusha Building,2kms,12.86493,77.65733,0,0,0.0,0.0