DISTRICTNAME,UNITNAME,Crime_No,Year,RI,Noofvehicle_involved,Accident_Classification,Accident_Spot,Accident_Location,Accident_SubLocation,Main_Cause,Hit_Run,Severity,Collision_Type,Junction_Control,Road_Character,Road_Type,Surface_Type,Surface_Condition,Road_Condition,Weather,Accident_Road,Landmark_first,Distance_LandMark_First,Latitude,Longitude,Road_Condition_Score,Surface_Condition_Score,Surface_Type_Score,Road_Risk_Index
Bengaluru City,Electronic City Traffic PS,1.04432e+16,2018,1,1,Road Accidents,Narrow road,City/Town,Open area,Human Error,Yes,Grievous Injury,Hit pedestrian,Controlled,Others,NH,Bitumen(Tar),Dry,Not Applicable,Clear,Hosuru Main Roa,Electronic City  BMTC Bus Depo,1kms,12.846,77.67188,0,0,0.0,0.0
Bengaluru City,Electronic City Traffic PS,1.04432e+16,2018,1,1,Road Accidents,Other,City/Town,Near Hospital,Human Error,Yes,Simple Injury,Hit pedestrian,No signal lights,Not Applicable,City or Town Road,Bitumen(Tar),Dry,Not Applicable,Clear,somasundarpaly 2nd cross,Near somasundarpaly lake,9,12.8989,77.65121,0,0,0.0,0.0
Bengaluru City,Electronic City Traffic PS,1.04432e+16,2018,1,2,Road Accidents,Narrow road,City/Town,Open area,Human Error,No,Grievous Injury,Others,Not at  Junction,Others,NH,Bitumen(Tar),Dry,Not Applicable,Clear,Hosuru Service Road,Near Shankar Pipes,2kms,12.84006,77.67713,0,0,0.0,0.0
Bengaluru City,Electronic City Traffic PS,1.04432e+16,2018,1,2,Road Accidents,Narrow road,City/Town,Open area,Human Error,No,Damage Only,Others,Not Applicable,Others,Others,Bitumen(Tar),Others,Not Applicable,Clear,Neeladri Road,Near SNN Apartment,1.5kms,12.84298,77.64422,0,1,0.0,1.0
Bengaluru City,Electronic City Traffic PS,1.04432e+16,2018,1,2,Road Accidents,Narrow road,City/Town,Open area,Human Error,No,Simple Injury,Rear end,Not Applicable,Others,NH,Bitumen(Tar),Dry,Not Applicable,Clear,Hosuru Road,Near Chaverlet Show Room,5kms,12.87056,77.65576,0,0,0.0,0.0
Bengaluru City,Electronic City Traffic PS,1.04432e+16,2018,1,2,Road Accidents,Narrow road,City/Town,Open area,Human Error,No,Damage Only,Rear end,Not Applicable,Others,NH,Bitumen(Tar),Dry,Not Applicable,Clear,Hosur Main road,Near Veerasandra Signal,2kms,12.84015,77.67691,0,0,0.0,0.0
Bengaluru City,Electronic City Traffic PS,1.04432e+16,2018,1,2,Road Accidents,Narrow road,City/Town,Open area,Human Error,Yes,Grievous Injury,Head on,Controlled,Others,Others,Bitumen(Tar),Dry,Not Applicable,Clear,Silver County Road,Just Before Cambridge School,5kms,12.89074,77.66822,0,0,0.0,0.0
Bengaluru City,Electronic City Traffic PS,1.04432e+16,2018,1,2,Road Accidents,Narrow road,City/Town,Open area,Human Error,No,Damage Only,Others,Controlled,Others,Others,Bitumen(Tar),Dry,Not Applicable,Clear,Neeladri  Nagara,Near Andra Mess Hotel,2kms,12.50588,77.384881,0,0,0.0,0.0
Bengaluru City,Electronic City Traffic PS,1.04432e+16,2018,1,2,Road Accidents,Narrow road,City/Town,Open area,Human Error,No,Grievous Injury,Others,Controlled,Others,Others,Bitumen(Tar),Dry,Not Applicable,Clear,Rayasandra Road,Rayasandra Lake,7kms,12.85966,77.67731,0,0,0.0,0.0
Bengaluru City,Electronic City Traffic PS,1.04432e+16,2018,1,1,Road Accidents,Narrow road,City/Town,Open area,Human Error,No,Grievous Injury,Hit pedestrian,Controlled,Others,NH,Bitumen(Tar),Dry,Not Applicable,Clear,Hosur road Service road,Near Sri VenkateswaraTheatre,3kms,12.85589,77.66474,0,0,0.0,0.0
Bengaluru City,Electronic City Traffic PS,1.04432e+16,2018,1,1,Road Accidents,Narrow road,City/Town,Open area,Human Error,Yes,Grievous Injury,Hit pedestrian,Controlled,Others,Others,Bitumen(Tar),Dry,Not Applicable,Clear,Near Infosys Bus Stop,Electronic City Phase 1,1kms,12.84541,77.66558,0,0,0.0,0.0
Bengaluru City,Electronic City Traffic PS,1.04432e+16,2018,1,1,Road Accidents,Other,City/Town,Open area,Human Error,Yes,Grievous Injury,Hit pedestrian,Controlled,Others,Others,Bitumen(Tar),Dry,Not Applicable,Clear,M J nagara,M J Apartment,5 kms,12.511424,77.391042,0,0,0.0,0.0
Bengaluru City,Electronic City Traffic PS,1.04432e+16,2018,1,2,Road Accidents,Other,City/Town,Open area,Human Error,Not Applicable,Grievous Injury,Rear end,Controlled,Others,NH,Bitumen(Tar),Dry,Not Applicable,Clear,Veerasandra Signal,Infront of petrol Bunk,2kms,12.85589,77.65761,0,0,0.0,0.0
Bengaluru City,Electronic City Traffic PS,1.04432e+16,2018,1,1,Road Accidents,Narrow road,City/Town,Open area,Human Error,Yes,Grievous Injury,Rear end,Controlled,Others,Others,Bitumen(Tar),Dry,Not Applicable,Clear,Hosuru Main Road,Infront Of D mart,2kms,12.87594,77.54444,0,0,0.0,0.0
Bengaluru City,Electronic City Traffic PS,1.04432e+16,2018,1,2,Road Accidents,Narrow road,City/Town,Open area,Human Error,Yes,Grievous Injury,Hit pedestrian,Controlled,Others,NH,Bitumen(Tar),Dry,Not Applicable,Clear,Hosa Road,Infront Of Bosch Company,4kms,12.505383,77.391041,0,0,0.0,0.0
Bengaluru City,Electronic City Traffic PS,1.04432e+16,2018,1,2,Road Accidents,Other,City/Town,Open area,Human Error,Yes,Grievous Injury,Rear end,Controlled,Others,NH,Bitumen(Tar),Dry,Not Applicable,Clear,Elevated Flyover Road,Near Infosys Company,1kms,12.85026,7.66635,0,0,0.0,0.0
Bengaluru City,Electronic City Traffic PS,1.04432e+16,2018,1,2,Road Accidents,Narrow road,City/Town,Open area,Human Error,No,Damage Only,Others,Controlled,Others,NH,Bitumen(Tar),Dry,Not Applicable,Clear,Elevated Fly over Road,Near Season Hotel,1.5 Km,12.84733,77.67122,0,0,0.0,0.0
Bengaluru City,Electronic City Traffic PS,1.04432e+16,2018,1,2,Road Accidents,Narrow road,City/Town,Open area,Human Error,Yes,Grievous Injury,Rear end,Controlled,Others,NH,Bitumen(Tar),Dry,Not Applicable,Clear,Hosuru  Main Road,Aboard Build Mart,5kms,0.0,0.0,0,0,0.0,0.0
Bengaluru City,Electronic City Traffic PS,1.04432e+16,2018,1,2,Road Accidents,Narrow road,City/Town,Open area,Human Error,No,Damage Only,Rear end,Not Applicable,Others,Expressway,Bitumen(Tar),Dry,Not Applicable,Clear,Near Nice Road,Nice Road  Road,4kms,12.85816,77.65881,0,0,0.0,0.0
Bengaluru City,Electronic City Traffic PS,1.04432e+16,2018,1,6,Road Accidents,Narrow road,City/Town,Open area,Human Error,Yes,Grievous Injury,Rear end,Controlled,Others,Expressway,Bitumen(Tar),Dry,Not Applicable,Clear,Elevated Flyover road,Below connecting Flyover,2kms,12.844,77.67399,0,0,0.0,0.0
Bengaluru City,Electronic City Traffic PS,1.04432e+16,2018,1,1,Road Accidents,Narrow road,City/Town,Open area,Human Error,No,Fatal,Hit pedestrian,Controlled,Others,NH,Bitumen(Tar),Dry,Not Applicable,Clear,Hosuru Road,Nexa car Service Center,4kms,12.85245,77.65713,0,0,0.0,0.0
Bengaluru City,Electronic City Traffic PS,1.04432e+16,2018,1,1,Road Accidents,Narrow road,City/Town,Open area,Human Error,Yes,Grievous Injury,Hit pedestrian,Controlled,Others,Others,Bitumen(Tar),Dry,Not Applicable,Clear,Wipro company road,Near 3M company,1,12.84348,77.66034,0,0,0.0,0.0
Bengaluru City,Electronic City Traffic PS,1.04432e+16,2018,1,1,Road Accidents,Narrow road,City/Town,Open area,Human Error,Yes,Simple Injury,Others,Controlled,Others,Others,Bitumen(Tar),Dry,Not Applicable,Clear,Mangammanapalya Road,Near Indira Canteen,8kms,12.90237,77.63094,0,0,0.0,0.0
Bengaluru City,Electronic City Traffic PS,1.04432e+16,2018,1,3,Road Accidents,Other,City/Town,Open area,Vehicle Defect,Yes,Damage Only,Rear end,Controlled,Others,NH,Bitumen(Tar),Others,Not Applicable,Clear,Hosur Road,Near Veerasandar Junction,2ksm,12.83983,77.67713,0,1,0.0,1.0
Bengaluru City,Electronic City Traffic PS,1.04432e+16,2018,1,2,Road Accidents,Narrow road,City/Town,Open area,Human Error,Yes,Grievous Injury,Others,Controlled,Others,NH,Bitumen(Tar),Dry,Not Applicable,Clear,Towards Konappana Agrahara,Spring Leaf  Hospital,4kms,12.511424,77.391042,0,0,0.0,0.0
Bengaluru City,Electronic City Traffic PS,1.04432e+16,2018,1,2,Road Accidents,Narrow road,City/Town,Open area,Human Error,Yes,Grievous Injury,Rear end,Controlled,Others,NH,Bitumen(Tar),Dry,Not Applicable,Clear,Hosur Main road,Near Veerasandra Junction,2kms,0.0,0.0,0,0,0.0,0.0
Bengaluru City,Electronic City Traffic PS,1.04432e+16,2018,1,1,Road Accidents,Narrow road,City/Town,Open area,Human Error,Yes,Grievous Injury,Hit pedestrian,Not Applicable,Others,NH,Bitumen(Tar),Dry,Not Applicable,Clear,Hosur Main road,Near Spring Leaf Hospital,2kms,12.85236,77.6674,0,0,0.0,0.0
Bengaluru City,Electronic City Traffic PS,1.04432e+16,2018,1,1,Road Accidents,Cross roads,City/Town,At pedestrian Crossing,Human Error,Yes,Grievous Injury,Hit pedestrian,Controlled,Others,Expressway,Bitumen(Tar),Dry,Not Applicable,Clear,"Nice road,",Near Electronic city Toll,2kms,12.85836,77.65809,0,0,0.0,0.0
Bengaluru City,Electronic City Traffic PS,1.04432e+16,2018,1,3,Road Accidents,Other,City/Town,Open area,Human Error,No,Grievous Injury,Rear end,Controlled,Others,NH,Bitumen(Tar),Dry,Not Applicable,Clear,Elevated Fly Over Road,Above Konappan agrhara,2kms,12.85571,77.66457,0,0,0.0,0.0
Bengaluru City,Electronic City Traffic PS,1.04432e+16,2018,1,1,Road Accidents,Narrow road,City/Town,Open area,Human Error,Yes,Fatal,Hit pedestrian,Controlled,Curve,Others,Bitumen(Tar),Dry,Not Applicable,Clear,Bangalore  City Main Road,Near Maruthi Nexa Show Room,4kms,12.86141,77.65995,0,0,0.0,0.0
Bengaluru City,Electronic City Traffic PS,1.04432e+16,2018,1,2,Road Accidents,Narrow road,City/Town,Open area,Human Error,Yes,Simple Injury,Rear end,Controlled,Others,NH,Bitumen(Tar),Dry,Not Applicable,Clear,Hosur road Service road,Near Navami Funiq Apts,3kms,12.8696,77.65377,0,0,0.0,0.0
Bengaluru City,Electronic City Traffic PS,1.04432e+16,2018,1,1,Road Accidents,Narrow road,City/Town,Open area,Human Error,Yes,Grievous Injury,Hit pedestrian,Controlled,Others,Others,Bitumen(Tar),Dry,Not Applicable,Clear,Hosur Main road,near PES college,2kms,12.8549,77.66793,0,0,0.0,0.0
Bengaluru City,Electronic City Traffic PS,1.04432e+16,2018,1,2,Road Accidents,Other,City/Town,Open area,Human Error,Yes,Grievous Injury,Others,Uncontrolled,Others,Others,Bitumen(Tar),Others,Not Applicable,Clear,Hosur Main road,Near NTTF college,1.5Kms,12.84765,77.67074,0,1,0.0,1.0
Bengaluru City,Electronic City Traffic PS,1.04432e+16,2018,1,1,Road Accidents,Narrow road,City/Town,Near a factory industrial area,Human Error,Not Applicable,Simple Injury,Head on,Not Applicable,Not Applicable,Expressway,Bitumen(Tar),Dry,Not Applicable,Clear,Hosur Main road,electronic city toll,2,12.84593,77.67252,0,0,0.0,0.0
Bengaluru City,Electronic City Traffic PS,1.04432e+16,2018,1,2,Road Accidents,Other,Not Applicable,Open area,Human Error,No,Simple Injury,Others,No signal lights,Not Applicable,Expressway,Bitumen(Tar),Dry,Not Applicable,Clear,Nice Road,near begur lake,5 kms,12.86648,77.63051,0,0,0.0,0.0
Bengaluru City,Electronic City Traffic PS,1.04432e+16,2018,1,1,Road Accidents,Narrow road,City/Town,Open area,Human Error,Yes,Grievous Injury,Hit pedal cyclist,Uncontrolled,Others,NH,Bitumen(Tar),Dry,Not Applicable,Clear,Hosa Road Service Road,Near Bus Stop,1.5kms,12.84854,77.67052,0,0,0.0,0.0
Bengaluru City,Electronic City Traffic PS,1.04432e+16,2018,1,2,Road Accidents,Narrow road,City/Town,Open area,Human Error,No,Grievous Injury,Others,Controlled,Others,NH,Bitumen(Tar),Dry,Not Applicable,Clear,Hosuru  Main Road,Piller No 143,4kms,12.504276,77.382778,0,0,0.0,0.0
Bengaluru City,Electronic City Traffic PS,1.04432e+16,2018,1,2,Rail Road Accidents,Narrow road,City/Town,Open area,Human Error,No,Grievous Injury,Rear end,Controlled,Not Applicable,Expressway,Bitumen(Tar),Dry,Not Applicable,Clear,Nice Road,NICE TOll,3kms,12.8587,77.65755,0,0,0.0,0.0
Bengaluru City,Electronic City Traffic PS,1.04432e+16,2018,1,2,Road Accidents,Narrow road,City/Town,Open area,Human Error,Yes,Grievous Injury,Rear end,Controlled,Others,Expressway,Bitumen(Tar),Dry,Not Applicable,Clear,Elevated Fly Over Road,Near Konappana Agrahara,2kms,12.85603,77.66426,0,0,0.0,0.0
Bengaluru City,Electronic City Traffic PS,1.04432e+16,2018,1,2,Road Accidents,Narrow road,City/Town,Open area,Human Error,No,Grievous Injury,Others,Controlled,Curve,NH,Bitumen(Tar),Dry,Not Applicable,Clear,Hosur Main road,Near Konappana Agrahara Junction,2kms,12.85501,77.66577,0,0,0.0,0.0
Bengaluru City,Electronic City Traffic PS,1.04432e+16,2018,1,3,Road Accidents,Narrow road,City/Town,Open area,Human Error,No,Simple Injury,Rear end,Controlled,Others,NH,Bitumen(Tar),Dry,Not Applicable,Clear,Elevated fly over road,Near Phase  2 Toll,2kms,12.84662,77.67255,0,0,0.0,0.0
Bengaluru City,Electronic City Traffic PS,1.04432e+16,2018,1,2,Road Accidents,Narrow road,City/Town,Open area,Human Error,No,Grievous Injury,Rear end,Controlled,Others,NH,Bitumen(Tar),Dry,Not Applicable,Clear,Hosuru Main Road,Near Konappana Agrahara Signal,4kms,12.85595,77.66034,0,0,0.0,0.0
Bengaluru City,Electronic City Traffic PS,1.04432e+16,2018,1,1,Road Accidents,Narrow road,City/Town,Open area,Human Error,Yes,Grievous Injury,Hit pedestrian,Controlled,Others,NH,Bitumen(Tar),Dry,Not Applicable,Clear,Nh-07 Hosuru Main Road,Near Hosa Road  Juncation,5kms,12.87064,77.65287,0,0,0.0,0.0
Bengaluru City,Electronic City Traffic PS,1.04432e+16,2018,1,1,Road Accidents,Junction,City/Town,Near Bus stop,Human Error,No,Fatal,Hit pedestrian,Controlled,Others,NH,Bitumen(Tar),Dry,Not Applicable,Clear,HOSURU MAIN ROAD,Naganathapura,4 KM,12.87096,77.65272,0,0,0.0,0.0
Bengaluru City,Electronic City Traffic PS,1.04432e+16,2018,1,1,Road Accidents,Narrow road,City/Town,Open area,Human Error,Yes,Grievous Injury,Others,Controlled,Others,Others,Bitumen(Tar),Dry,Not Applicable,Clear,Velankani  Road  Near Velankani Gate 06,Near Velankani Techpark,2kms,12.85021,77.65771,0,0,0.0,0.0
Bengaluru City,Electronic City Traffic PS,1.04432e+16,2018,1,2,Road Accidents,Curves,City/Town,Open area,Human Error,Yes,Fatal,Head on,Controlled,Curve,Expressway,Bitumen(Tar),Others,Not Applicable,Clear,E city Phase 01 To Phase 02,Connecting Ramp  04 Road,2kms,12.84628653,77.67279291,0,1,0.0,1.0
Bengaluru City,Electronic City Traffic PS,1.04432e+16,2018,1,2,Road Accidents,Narrow road,City/Town,Open area,Human Error,Yes,Fatal,Rear end,Not Applicable,Others,Others,Bitumen(Tar),Dry,Not Applicable,Clear,Rayasandra Road,Near Indian oil Petrol Bunk,5kms,12.877004,77.671593,0,0,0.0,0.0
Bengaluru City,Electronic City Traffic PS,1.04432e+16,2018,1,2,Road Accidents,Narrow road,City/Town,Open area,Human Error,Yes,Grievous Injury,Others,Uncontrolled,Others,Expressway,Bitumen(Tar),Dry,Not Applicable,Clear,Nice Road,Near Begur  Koppa road Fly over,5kms,12.85498,77.60973,0,0,0.0,0.0
Bengaluru City,Electronic City Traffic PS,1.04432e+16,2018,1,1,Road Accidents,Narrow road,City/Town,Open area,Human Error,No,Grievous Injury,Hit pedestrian,Uncontrolled,Others,Others,Bitumen(Tar),Dry,Not Applicable,Clear,Doddathoguru  Road,Near MM School,2kms,12.85458,77.65932,0,0,0.0,0.0
Bengaluru City,Electronic City Traffic PS,1.04432e+16,2018,1,3,Road Accidents,Narrow road,City/Town,Open area,Human Error,Yes,Damage Only,Others,Controlled,Others,Others,Bitumen(Tar),Dry,Not Applicable,Clear,Eleveted Flyover  Road,Hosa Road,5,12.86982,77.65337,0,0,0.0,0.0
Bengaluru City,Electronic City Traffic PS,1.04432e+16,2018,1,2,Road Accidents,Other,City/Town,Open area,Human Error,No,Grievous Injury,Others,Controlled,Others,NH,Bitumen(Tar),Dry,Not Applicable,Clear,Flyover Road,Near Lavakush Nuilding,3kms,12.86746,77.65529,0,0,0.0,0.0
Bengaluru City,Electronic City Traffic PS,1.04432e+16,2018,1,2,Road Accidents,More than four arms,City/Town,Open area,Human Error,Not Applicable,Grievous Injury,Hit parked vehicle,No signal lights,Not Applicable,Expressway,Bitumen(Tar),Dry,Not Applicable,Fine,Nice road,Near Begur lake,4,12.86703,77.63389,0,0,0.0,0.0
Bengaluru City,Electronic City Traffic PS,1.04432e+16,2018,1,1,Road Accidents,Cross roads,City/Town,Open area,Human Error,Yes,Grievous Injury,Hit pedestrian,Controlled,Others,Others,Bitumen(Tar),Dry,Not Applicable,Clear,Bettadasanapura Road,Near St Xavier School,2kms,12.84369,77.63652,0,0,0.0,0.0
Bengaluru City,Electronic City Traffic PS,1.04432e+16,2018,1,2,Road Accidents,Narrow road,City/Town,Open area,Human Error,Yes,Grievous Injury,Others,Controlled,Others,Others,Bitumen(Tar),Dry,Not Applicable,Clear,Beguru Koppa Road,6kms,5kms,12.84224,77.6187,0,0,0.0,0.0
Bengaluru City,Electronic City Traffic PS,1.04432e+16,2018,1,2,Road Accidents,Narrow road,City/Town,Open area,Human Error,No,Damage Only,Rear end,Controlled,Others,Others,Bitumen(Tar),Dry,Not Applicable,Clear,Velankani road,Near Talasary Hotel,2kms,12.85114,77.65764,0,0,0.0,0.0
Bengaluru City,Electronic City Traffic PS,1.04432e+16,2018,1,2,Road Accidents,Narrow road,City/Town,Open area,Human Error,Yes,Fatal,Others,Controlled,Others,Expressway,Bitumen(Tar),Dry,Not Applicable,Clear,Nice Road,Near Begur Koppa road Fly over,3kms,12.86568,77.62888,0,0,0.0,0.0
Bengaluru City,Electronic City Traffic PS,1.04432e+16,2018,1,2,Road Accidents,Narrow road,City/Town,Open area,Human Error,Yes,Grievous Injury,Overturning,Controlled,Others,Others,Bitumen(Tar),Dry,Not Applicable,Clear,Begur Koppa Road,Near Mylasandra Gate Petrol Bunk,5kms,12.84234,77.61857,0,0,0.0,0.0
Bengaluru City,Electronic City Traffic PS,1.04432e+16,2018,1,2,Road Accidents,Other,City/Town,Open area,Human Error,Yes,Grievous Injury,Others,Controlled,Others,Others,Bitumen(Tar),Dry,Not Applicable,Clear,Singasandra Lake Road,Naer Dakshin Honda showroom,5kms,12.88252,77.64493,0,0,0.0,0.0
Bengaluru City,Electronic City Traffic PS,1.04432e+16,2018,1,2,Road Accidents,Narrow road,City/Town,Open area,Vehicle Defect,No,Damage Only,Others,Controlled,Others,Others,Bitumen(Tar),Dry,Not Applicable,Clear,Infosys company road,Near Siemens,1kms,12.84553,77.66193,0,0,0.0,0.0
Bengaluru City,Electronic City Traffic PS,1.04432e+16,2018,1,2,Road Accidents,Narrow road,City/Town,Open area,Vehicle Defect,Yes,Damage Only,Rear end,Not Applicable,Others,Others,Bitumen(Tar),Dry,Not Applicable,Clear,Kudlu Main Road,Near BBMP Office,7km,12.8894,77.64967,0,0,0.0,0.0
Bengaluru City,Electronic City Traffic PS,1.04432e+16,2018,1,2,Road Accidents,Narrow road,City/Town,Open area,Human Error,Yes,Grievous Injury,Rear end,Controlled,Others,NH,Bitumen(Tar),Dry,Not Applicable,Clear,Near Infosys Company,Hosuru Main Road,2kms,12.84049,77.6603,0,0,0.0,0.0
Bengaluru City,Electronic City Traffic PS,1.04432e+16,2018,1,1,Road Accidents,Narrow road,City/Town,Open area,Human Error,No,Grievous Injury,Hit pedestrian,Not Applicable,Others,Others,Bitumen(Tar),Dry,Not Applicable,Clear,Hosuru Service Road,Near Govindhashetty Palya Service Road,3kms,12.85583,77.66471,0,0,0.0,0.0
Bengaluru City,Electronic City Traffic PS,1.04432e+16,2018,1,2,Road Accidents,Narrow road,City/Town,Open area,Human Error,No,Damage Only,Rear end,Signal lights Automatic,Curve,NH,Bitumen(Tar),Dry,Not Applicable,Clear,Hosa Road,Hosa Road Signal,4kms,12.86975,77.6534,0,0,0.0,0.0
Bengaluru City,Electronic City Traffic PS,1.04432e+16,2018,1,2,Road Accidents,Narrow road,City/Town,Open area,Human Error,Yes,Grievous Injury,Others,Not Applicable,Others,Others,Bitumen(Tar),Dry,Not Applicable,Clear,Shantipura road,near Sri Doddamma Temple,1kms,12.84404,77.68785,0,0,0.0,0.0
Bengaluru City,Electronic City Traffic PS,1.04432e+16,2018,1,2,Road Accidents,Narrow road,City/Town,Open area,Human Error,Yes,Grievous Injury,Others,Not Applicable,Others,Others,Bitumen(Tar),Dry,Not Applicable,Clear,Near Nandini Milk Booth,Birla Junction Kudlu Road,9kms,12.89402,77.65697,0,0,0.0,0.0
Bengaluru City,Electronic City Traffic PS,1.04432e+16,2018,1,2,Road Accidents,Narrow road,City/Town,Open area,Human Error,Yes,Grievous Injury,Others,Controlled,Others,Expressway,Bitumen(Tar),Dry,Not Applicable,Clear,Nice Road,Near White Feather,4kms,12.85843,77.65902,0,0,0.0,0.0
Bengaluru City,Electronic City Traffic PS,1.04432e+16,2018,1,2,Road Accidents,Narrow road,City/Town,Open area,Human Error,No,Damage Only,Rear end,Controlled,Others,Expressway,Bitumen(Tar),Dry,Not Applicable,Clear,Hosur Main Road Near,Konappana Agrahara Signal,4kms,12.8549,77.66793,0,0,0.0,0.0
Bengaluru City,Electronic City Traffic PS,1.04432e+16,2018,1,2,Road Accidents,Other,City/Town,Open area,Human Error,Yes,Fatal,Rear end,Controlled,Others,NH,Bitumen(Tar),Dry,Not Applicable,Clear,Electronic City Phase 1 to Phase 2 connecting road,Phase 01 To Phase 02,2kms,12.84571,77.67302,0,0,0.0,0.0
Bengaluru City,Electronic City Traffic PS,1.04432e+16,2018,1,1,Road Accidents,Narrow road,City/Town,Open area,Human Error,Yes,Grievous Injury,Hit pedestrian,Controlled,Others,Others,Bitumen(Tar),Dry,Not Applicable,Clear,Mangammanapalya Main Road,Mangammanapalya,9kms,12.89451,77.63761,0,0,0.0,0.0
Bengaluru City,Electronic City Traffic PS,1.04432e+16,2018,1,2,Road Accidents,Narrow road,City/Town,Open area,Human Error,No,Damage Only,Head on,Controlled,Curve,NH,Bitumen(Tar),Dry,Not Applicable,Clear,Veerasandra Signal,Hosur Main road,2kms,12.83987,77.67689,0,0,0.0,0.0
Bengaluru City,Electronic City Traffic PS,1.04432e+16,2018,1,1,Road Accidents,Narrow road,City/Town,Open area,Human Error,No,Grievous Injury,Others,Controlled,Others,Others,Bitumen(Tar),Dry,Not Applicable,Clear,Parappana Agrahara road,Near G K Golden city Apts,4kms,12.8868,77.6561,0,0,0.0,0.0
Bengaluru City,Electronic City Traffic PS,1.04432e+16,2018,1,1,Road Accidents,Narrow road,City/Town,Open area,Human Error,No,Grievous Injury,Others,Controlled,Others,Others,Bitumen(Tar),Others,Not Applicable,Clear,Velankani  Road  Near Velankani Gate 06,Teachpark,1kms,12.84969,77.65773,0,1,0.0,1.0
Bengaluru City,Electronic City Traffic PS,1.04432e+16,2018,1,2,Road Accidents,Narrow road,City/Town,Open area,Human Error,No,Grievous Injury,Others,Not Applicable,Others,Others,Bitumen(Tar),Dry,Not Applicable,Clear,Mangammanapalya Road,Near Ujala factory,5kms,12.9013,77.64564,0,0,0.0,0.0
Bengaluru City,Electronic City Traffic PS,1.04432e+16,2018,1,2,Road Accidents,Narrow road,City/Town,Open area,Human Error,Yes,Grievous Injury,Rear end,Controlled,Others,NH,Bitumen(Tar),Dry,Not Applicable,Clear,Hosuru Road,Konappana Agrahara Junction,2kms,12.856,77.66444,0,0,0.0,0.0
Bengaluru City,Electronic City Traffic PS,1.04432e+16,2018,1,2,Road Accidents,Narrow road,City/Town,Open area,Human Error,Yes,Fatal,Head on,Uncontrolled,Others,Expressway,Bitumen(Tar),Dry,Not Applicable,Clear,Nice Road,Beguru Koppa Bridge,5kms,12.85501,77.61004,0,0,0.0,0.0
Bengaluru City,Electronic City Traffic PS,1.04432e+16,2018,1,3,Road Accidents,Other,City/Town,Open area,Human Error,No,Fatal,Head on,Not Applicable,Others,NH,Bitumen(Tar),Dry,Not Applicable,Clear,Hosuru Road,Near White Feather,3kms,12.86003,77.66104,0,0,0.0,0.0
Bengaluru City,Electronic City Traffic PS,1.04432e+16,2018,1,2,Road Accidents,Narrow road,City/Town,Open area,Human Error,Yes,Grievous Injury,Others,Controlled,Others,NH,Bitumen(Tar),Dry,Not Applicable,Clear,Hosur road Service road,Near Nexa Show room,3kms,12.86686,77.65598,0,0,0.0,0.0
Bengaluru City,Electronic City Traffic PS,1.04432e+16,2018,1,2,Road Accidents,Narrow road,City/Town,Open area,Human Error,Yes,Grievous Injury,Others,Controlled,Others,Others,Bitumen(Tar),Dry,Not Applicable,Clear,Rayasandra road,Near Bamboo Forest  Rayasandra,5kms,12.87588,77.67193,0,0,0.0,0.0
Bengaluru City,Electronic City Traffic PS,1.04432e+16,2018,1,2,Road Accidents,Not Applicable,City/Town,Near Bus stop,Human Error,No,Damage Only,Rear end,No signal lights,Not Applicable,NH,Bitumen(Tar),Not Applicable,Not Applicable,Clear,Hosur Main road,Near Biratena Agrahara,3 KMS,12.86182,77.6597,0,0,0.0,0.0
Bengaluru City,Electronic City Traffic PS,1.04432e+16,2018,1,1,Road Accidents,Junction,City/Town,Near Bus stop,Not Applicable,No,Fatal,Hit pedestrian,Controlled,Others,NH,Bitumen(Tar),Dry,Not Applicable,Clear,HHOSURU MAIN ROAD,NH 7,1 KM,12.84756,77.67109,0,0,0.0,0.0
Bengaluru City,Electronic City Traffic PS,1.04432e+16,2018,1,1,Road Accidents,Not Applicable,City/Town,Near a religious place,Human Error,Yes,Simple Injury,Not Applicable,Not at  Junction,Not Applicable,City or Town Road,Bitumen(Tar),Dry,Not Applicable,Clear,Naganathapura road,Near Sri Ganesha Temple,5 KMS,12.87405,77.66733,0,0,0.0,0.0
Bengaluru City,Electronic City Traffic PS,1.04432e+16,2018,1,2,Road Accidents,Cross roads,City/Town,Near Hospital,Human Error,No,Grievous Injury,Others,Not Applicable,Straight and flat,City or Town Road,Bitumen(Tar),Dry,Not Applicable,Clear,AECS Layout road,Near Hospitec Hospital,5 KMS,12.88506,77.64545,0,0,0.0,0.0