DISTRICTNAME,UNITNAME,Crime_No,Year,RI,Noofvehicle_involved,Accident_Classification,Accident_Spot,Accident_Location,Accident_SubLocation,Main_Cause,Hit_Run,Severity,Collision_Type,Junction_Control,Road_Character,Road_Type,Surface_Type,Surface_Condition,Road_Condition,Weather,Accident_Road,Landmark_first,Distance_LandMark_First,Latitude,Longitude,Road_Condition_Score,Surface_Condition_Score,Surface_Type_Score,Road_Risk_Index
Bengaluru City,Electronic City Traffic PS,1.04432e+16,2019,1,2,Road Accidents,Cross roads,City/Town,Open area,Human Error,Yes,Grievous Injury,Vehicle to Vehicle,Controlled,Others,Others,Bitumen(Tar),Dry,Not Applicable,Clear,Begur Vittasanda Road,Vittasandra,5kms,12.85743,77.6357,0,0,0.0,0.0
Bengaluru City,Electronic City Traffic PS,1.04432e+16,2019,1,2,Road Accidents,Narrow road,City/Town,Near Bus stop,Human Error,Yes,Damage Only,Vehicle to Vehicle,Not at  Junction,Straight and flat,Expressway,Bitumen(Tar),Dry,Not Applicable,Clear,Electronic City Phase 1 Main Road,SBI Bank,02km,12.84542,77.66523,0,0,0.0,0.0
Bengaluru City,Electronic City Traffic PS,1.04432e+16,2019,1,2,Road Accidents,Narrow road,City/Town,Open area,Vehicle Defect,No,Damage Only,Rear end,Not Applicable,Others,NH,Bitumen(Tar),Dry,Not Applicable,Clear,Hosuru Main Road,Near Seasons Hotel,2kms,12.84765,77.67117,0,0,0.0,0.0
Bengaluru City,Electronic City Traffic PS,1.04432e+16,2019,1,1,Road Accidents,Narrow road,City/Town,At pedestrian Crossing,Human Error,No,Grievous Injury,Hit pedestrian,Uncontrolled,Others,Others,Bitumen(Tar),Dry,Not Applicable,Clear,Hosuru  Main Road,Veerasandra Signal,2kms,12.83998,77.67702,0,0,0.0,0.0
Bengaluru City,Electronic City Traffic PS,1.04432e+16,2019,1,2,Road Accidents,Other,City/Town,Open area,Human Error,Yes,Grievous Injury,Rear end,Controlled,Others,NH,Bitumen(Tar),Dry,Not Applicable,Clear,Hosuru  MAin Road,Infrount Of  Bosch car Service center,2kms,12.84355,77.67445,0,0,0.0,0.0
Bengaluru City,Electronic City Traffic PS,1.04432e+16,2019,1,2,Road Accidents,Narrow road,City/Town,Open area,Human Error,Yes,Grievous Injury,Others,Controlled,Others,NH,Bitumen(Tar),Dry,Not Applicable,Clear,Hosur road Service road,Near Nexa Car Service,3kms,12.86249,77.65943,0,0,0.0,0.0
Bengaluru City,Electronic City Traffic PS,1.04432e+16,2019,1,2,Road Accidents,Narrow road,City/Town,Open area,Human Error,No,Grievous Injury,Vehicle to Vehicle,Controlled,Others,Others,Bitumen(Tar),Dry,Not Applicable,Clear,Doddanagamangala road,Near Auto Stand,3kms,12.87031,77.65859,0,0,0.0,0.0
Bengaluru City,Electronic City Traffic PS,1.04432e+16,2019,1,2,Road Accidents,Narrow road,City/Town,Open area,Human Error,Yes,Grievous Injury,Vehicle to Vehicle,Controlled,Curve,Others,Bitumen(Tar),Dry,Not Applicable,Clear,Velankani  Road,Near SJR Apartment,1kms,12.84972,77.65777,0,0,0.0,0.0
Bengaluru City,Electronic City Traffic PS,1.04432e+16,2019,1,1,Road Accidents,Narrow road,City/Town,Open area,Human Error,Yes,Grievous Injury,Hit pedestrian,Controlled,Not Applicable,Others,Bitumen(Tar),Dry,Not Applicable,Clear,Near HDFC Bank,Hosur Road,5kms,12.8743,77.65003,0,0,0.0,0.0
Bengaluru City,Electronic City Traffic PS,1.04432e+16,2019,1,2,Road Accidents,Narrow road,City/Town,Open area,Human Error,No,Damage Only,Vehicle to Vehicle,Controlled,Others,NH,Bitumen(Tar),Dry,Not Applicable,Clear,Near Veerasandra Junction,Main Road Hosur Road,2km,12.8399,77.67691,0,0,0.0,0.0
Bengaluru City,Electronic City Traffic PS,1.04432e+16,2019,1,2,Road Accidents,Junction,City/Town,Near a factory industrial area,Not Applicable,No,Simple Injury,Vehicle to Vehicle,Signal lights Automatic,Others,Two way,Bitumen(Tar),Dry,Not Applicable,Clear,Infosys company road,SBI Junction,1KM,12.84541,77.66556,0,0,0.0,0.0
Bengaluru City,Electronic City Traffic PS,1.04432e+16,2019,1,1,Road Accidents,Narrow road,City/Town,Open area,Human Error,Yes,Grievous Injury,Vehicle to Vehicle,Controlled,Others,Expressway,Bitumen(Tar),Dry,Not Applicable,Clear,Chikkatoguru road,Nice Road,2 kms,12.85947,77.65405,0,0,0.0,0.0
Bengaluru City,Electronic City Traffic PS,1.04432e+16,2019,1,2,Road Accidents,Junction,City/Town,In bazaar,Not Applicable,Yes,Simple Injury,Vehicle to Vehicle,No signal lights,Others,Expressway,Bitumen(Tar),Dry,Not Applicable,Clear,Channakeshavanagar Road,Near Tempo Standa,5KM,12.87071,77.65441,0,0,0.0,0.0
Bengaluru City,Electronic City Traffic PS,1.04432e+16,2019,1,1,Road Accidents,Narrow road,City/Town,Near Hospital,Not Applicable,No,Simple Injury,Hit pedestrian,Not at  Junction,Not Applicable,Arterial,Bitumen(Tar),Dry,Not Applicable,Clear,Hosur  Main Road,HdFC Bank,5 KM,12.86992,77.65342,0,0,0.0,0.0
Bengaluru City,Electronic City Traffic PS,1.04432e+16,2019,1,3,Road Accidents,Narrow road,City/Town,Near office complex,Not Applicable,No,Grievous Injury,Vehicle to Vehicle,Not at  Junction,Others,Two way,Bitumen(Tar),Dry,Not Applicable,Clear,Doddanagamangala road,Manjunatha Kalyanamantapa,6KM,12.86433,77.66914,0,0,0.0,0.0
Bengaluru City,Electronic City Traffic PS,1.04432e+16,2019,1,2,Road Accidents,Narrow road,City/Town,Near Hospital,Human Error,No,Grievous Injury,Vehicle to Vehicle,Not at  Junction,Others,Arterial,Bitumen(Tar),Dry,Not Applicable,Clear,Hosur Road,Hospital,5KM,12.87116,77.65254,0,0,0.0,0.0
Bengaluru City,Electronic City Traffic PS,1.04432e+16,2019,1,1,Road Accidents,Narrow road,City/Town,Near Bus stop,Human Error,No,Simple Injury,Hit pedestrian,Not at  Junction,Straight and flat,Others,Bitumen(Tar),Dry,Not Applicable,Clear,Wipro Road,Lemon Tree,1km,12.84021,77.65981,0,0,0.0,0.0
Bengaluru City,Electronic City Traffic PS,1.04432e+16,2019,1,3,Road Accidents,Narrow road,City/Town,Open area,Human Error,Yes,Damage Only,Rear end,Not Applicable,Others,NH,Bitumen(Tar),Dry,Not Applicable,Clear,Hosuru Main Road,2kms,2kms,12.85601,77.66442,0,0,0.0,0.0
Bengaluru City,Electronic City Traffic PS,1.04432e+16,2019,1,2,Road Accidents,Narrow road,City/Town,Open area,Human Error,No,Grievous Injury,Rear end,Controlled,Not Applicable,NH,Bitumen(Tar),Dry,Not Applicable,Clear,AECS Layout  Road,Near Popular  Car  Garage,6kms,12.88382,77.64431,0,0,0.0,0.0
Bengaluru City,Electronic City Traffic PS,1.04432e+16,2019,1,1,Road Accidents,Narrow road,City/Town,Open area,Human Error,Yes,Grievous Injury,Others,Controlled,Others,Others,Bitumen(Tar),Dry,Not Applicable,Clear,Choodasandra road,Near Shobha Apartmen,7kms,12.89433,77.65833,0,0,0.0,0.0
Bengaluru City,Electronic City Traffic PS,1.04432e+16,2019,1,1,Road Accidents,Narrow road,City/Town,Open area,Human Error,No,Grievous Injury,Hit pedestrian,Not Applicable,Not Applicable,Others,Bitumen(Tar),Dry,Not Applicable,Clear,Velankani Tech park road,Near Velankani Tech park,2,12.85107,77.65771,0,0,0.0,0.0
Bengaluru City,Electronic City Traffic PS,1.04432e+16,2019,1,2,Road Accidents,Narrow road,City/Town,Open area,Human Error,Yes,Grievous Injury,Vehicle to Vehicle,Controlled,Others,NH,Bitumen(Tar),Dry,Not Applicable,Clear,Hosur Main road,Infront off D Mart,2kms,12.84312,77.67438,0,0,0.0,0.0
Bengaluru City,Electronic City Traffic PS,1.04432e+16,2019,1,2,Road Accidents,Narrow road,City/Town,Open area,Human Error,No,Grievous Injury,Vehicle to Vehicle,Controlled,Curve,Expressway,Bitumen(Tar),Dry,Not Applicable,Clear,Hosur Main road,Infront off D Mart  Electronic city,2kms,12.84326,77.67428,0,0,0.0,0.0
Bengaluru City,Electronic City Traffic PS,1.04432e+16,2019,1,1,Road Accidents,Narrow road,City/Town,Near Bus stop,Human Error,No,Damage Only,Not Applicable,Not at  Junction,Straight and flat,Arterial,Bitumen(Tar),Dry,Not Applicable,Clear,Hosur Main road,Near Infosys Company,3KM,12.84811,77.67042,0,0,0.0,0.0
Bengaluru City,Electronic City Traffic PS,1.04432e+16,2019,1,2,Road Accidents,Circle,City/Town,Near Bus stop,Human Error,No,Damage Only,Vehicle to Vehicle,Not at  Junction,Straight and flat,Arterial,Bitumen(Tar),Dry,Not Applicable,Clear,Hosur Service Road,Venkateshwara Chitramandiar,3KM,12.8565,77.66418,0,0,0.0,0.0
Bengaluru City,Electronic City Traffic PS,1.04432e+16,2019,1,1,Road Accidents,Narrow road,City/Town,Open area,Human Error,Yes,Grievous Injury,Hit pedestrian,Controlled,Others,NH,Bitumen(Tar),Dry,Not Applicable,Clear,Hosuru Main  Road,Poonam Furniture,4kms,12.83799,77.66154,0,0,0.0,0.0
Bengaluru City,Electronic City Traffic PS,1.04432e+16,2019,1,2,Road Accidents,Other,City/Town,Open area,Human Error,Yes,Grievous Injury,Others,Controlled,Others,City or Town Road,Bitumen(Tar),Dry,Not Applicable,Clear,Hosa road,Near Ganesha Temple,3kms,12.87008,77.65364,0,0,0.0,0.0
Bengaluru City,Electronic City Traffic PS,1.04432e+16,2019,1,2,Road Accidents,Narrow road,City/Town,Open area,Human Error,No,Damage Only,Others,Controlled,Others,NH,Bitumen(Tar),Dry,Not Applicable,Clear,Hosuru Main Road,Hosa Road Junction,4kms,12.86908,77.65386,0,0,0.0,0.0
Bengaluru City,Electronic City Traffic PS,1.04432e+16,2019,1,2,Road Accidents,Narrow road,City/Town,Open area,Human Error,Yes,Fatal,Vehicle to Vehicle,Controlled,Others,NH,Bitumen(Tar),Dry,Not Applicable,Clear,Hosuru  Main Road,Konappana Agrahara,2kms,12.85612,77.6644,0,0,0.0,0.0
Bengaluru City,Electronic City Traffic PS,1.04432e+16,2019,1,2,Road Accidents,Junction,City/Town,Near Bus stop,Not Applicable,Yes,Damage Only,Vehicle to Vehicle,Controlled,Not Applicable,Arterial,Bitumen(Tar),Dry,Not Applicable,Clear,Hosur  Main Road,Hosa Road Junction,5KM,12.86845,77.65436,0,0,0.0,0.0
Bengaluru City,Electronic City Traffic PS,1.04432e+16,2019,1,1,Road Accidents,Narrow road,City/Town,Near Bus stop,Not Applicable,No,Simple Injury,Vehicle to Vehicle,Not at  Junction,Straight and flat,Arterial,Bitumen(Tar),Dry,Not Applicable,Clear,Hosur  Main Road,Sisenos Hotel,2KM,12.84707,77.67161,0,0,0.0,0.0
Bengaluru City,Electronic City Traffic PS,1.04432e+16,2020,1,1,Road Accidents,Narrow road,City/Town,Near office complex,Human Error,No,Fatal,Not Applicable,Uncontrolled,Straight and flat,NH,Bitumen(Tar),Dry,Not Applicable,Clear,Hosur  Main Road,Suraksha Car Showroom,3km,12.85106,77.6681,0,0,0.0,0.0
Bengaluru City,Electronic City Traffic PS,1.04432e+16,2020,1,2,Road Accidents,Junction,City/Town,Near Bus stop,Human Error,No,Simple Injury,Vehicle to Vehicle,Signal lights Automatic,Straight and flat,NH,Bitumen(Tar),Dry,Not Applicable,Clear,Hosur  Main Road,Veerasandra Junction,2KM,12.8403,77.67678,0,0,0.0,0.0
Bengaluru City,Electronic City Traffic PS,1.04432e+16,2020,1,2,Road Accidents,Junction,City/Town,Near Bus stop,Human Error,Yes,Grievous Injury,Vehicle to Vehicle,Signal lights Automatic,Straight and flat,NH,Bitumen(Tar),Dry,Not Applicable,Clear,Hosur  Main Road,EC 2,3KM,12.85633,77.66423,0,0,0.0,0.0
Bengaluru City,Electronic City Traffic PS,1.04432e+16,2020,1,1,Road Accidents,Narrow road,City/Town,Near Bus stop,Human Error,No,Grievous Injury,Hit pedestrian,Not at  Junction,Straight and flat,NH,Bitumen(Tar),Dry,Not Applicable,Clear,BETL Flyover Road,Near D Mart,2KMS,12.84209,77.67538,0,0,0.0,0.0
Bengaluru City,Electronic City Traffic PS,1.04432e+16,2020,1,1,Road Accidents,Narrow road,City/Town,Near Bus stop,Human Error,No,Simple Injury,Hit pedestrian,Not at  Junction,Straight and flat,NH,Bitumen(Tar),Dry,Not Applicable,Clear,Hosur Service Road,Venkateshwara Chitramandiar,5KM,12.85611,77.66457,0,0,0.0,0.0
Bengaluru City,Electronic City Traffic PS,1.04432e+16,2020,1,1,Road Accidents,Narrow road,City/Town,Near Bus stop,Human Error,No,Damage Only,Not Applicable,Not at  Junction,Straight and flat,NH,Bitumen(Tar),Dry,Not Applicable,Clear,Hosru Main Road,EC 2,3 KM,12.85578,77.66435,0,0,0.0,0.0
Bengaluru City,Electronic City Traffic PS,1.04432e+16,2020,1,2,Road Accidents,Not Applicable,City/Town,Near a religious place,Human Error,No,Simple Injury,Vehicle to Vehicle,Not at  Junction,Straight and flat,Expressway,Bitumen(Tar),Dry,Not Applicable,Clear,Nice Road,begur lake,6KM,12.86651,77.63105,0,0,0.0,0.0
Bengaluru City,Electronic City Traffic PS,1.04432e+16,2020,1,2,Road Accidents,Curves,City/Town,Open area,Human Error,No,Fatal,Vehicle to Vehicle,Controlled,Others,Expressway,Bitumen(Tar),Dry,Not Applicable,Clear,Nice Road,Near SNN  Raj Apartment,6km,12.85617,77.61352,0,0,0.0,0.0
Bengaluru City,Electronic City Traffic PS,1.04432e+16,2020,1,2,Road Accidents,Narrow road,City/Town,Near Bus stop,Human Error,No,Simple Injury,Vehicle to Vehicle,Not at  Junction,Straight and flat,NH,Bitumen(Tar),Dry,Not Applicable,Clear,Hosru Main Road,Singasandra Bus Stand,7KM,12.8780273,77.6470178,0,0,0.0,0.0
Bengaluru City,Electronic City Traffic PS,1.04432e+16,2020,1,2,Road Accidents,Narrow road,City/Town,Near Bus stop,Human Error,Yes,Simple Injury,Vehicle to Vehicle,Not at  Junction,Straight and flat,NH,Bitumen(Tar),Dry,Not Applicable,Clear,Hosur road Service road,Shell Petrol Bunk,7KM,12.90044,77.63319,0,0,0.0,0.0
Bengaluru City,Electronic City Traffic PS,1.04432e+16,2020,1,1,Road Accidents,Narrow road,City/Town,Near Hospital,Human Error,No,Simple Injury,Hit pedestrian,Not at  Junction,Straight and flat,NH,Bitumen(Tar),Dry,Not Applicable,Clear,Hosru Main Road,Piller 133,5KM,12.87447,77.64963,0,0,0.0,0.0
Bengaluru City,Electronic City Traffic PS,1.04432e+16,2020,1,1,Road Accidents,Narrow road,City/Town,Near Bus stop,Human Error,No,Simple Injury,Hit pedestrian,Not at  Junction,Straight and flat,Others,Bitumen(Tar),Dry,Not Applicable,Clear,5th Cross,Naganathapura,3km,12.87163,77.6553,0,0,0.0,0.0
Bengaluru City,Electronic City Traffic PS,1.04432e+16,2020,1,1,Road Accidents,Narrow road,City/Town,Near Hospital,Human Error,Yes,Simple Injury,Hit pedestrian,Not at  Junction,Straight and flat,Others,Bitumen(Tar),Dry,Not Applicable,Clear,Rayasandra Road,Matha Sagar Hotel,5 KM,12.87023,77.65913,0,0,0.0,0.0
Bengaluru City,Electronic City Traffic PS,1.04432e+16,2020,1,2,Road Accidents,Junction,City/Town,Near Bus stop,Human Error,No,Grievous Injury,Vehicle to Vehicle,No signal lights,Straight and flat,Others,Bitumen(Tar),Dry,Not Applicable,Clear,Doddathogur Road,pcr,3KM,12.84362,77.64423,0,0,0.0,0.0
Bengaluru City,Electronic City Traffic PS,1.04432e+16,2020,1,2,Road Accidents,Narrow road,City/Town,Near office complex,Human Error,No,Simple Injury,Vehicle to Vehicle,Not at  Junction,Straight and flat,Others,Bitumen(Tar),Dry,Not Applicable,Clear,Shanthipura Road,Xime College,3KM,12.84776,77.67548,0,0,0.0,0.0
Bengaluru City,Electronic City Traffic PS,1.04432e+16,2020,1,1,Road Accidents,Narrow road,City/Town,Near Bus stop,Human Error,No,Damage Only,Not Applicable,Not at  Junction,Straight and flat,NH,Bitumen(Tar),Dry,Not Applicable,Clear,Hosru Main Road,junction,3KM,12.84864,77.67002,0,0,0.0,0.0
Bengaluru City,Electronic City Traffic PS,1.04432e+16,2020,1,2,Road Accidents,Narrow road,City/Town,Near Bus stop,Human Error,Yes,Simple Injury,Vehicle to Vehicle,Not at  Junction,Straight and flat,Others,Bitumen(Tar),Dry,Not Applicable,Clear,Begur koppa Main road,musthafa Hotel,6KM,12.84152,77.61938,0,0,0.0,0.0
Bengaluru City,Electronic City Traffic PS,1.04432e+16,2020,1,2,Road Accidents,Cross roads,City/Town,Residential area,Human Error,No,Simple Injury,Vehicle to Vehicle,No signal lights,Curve,Residential Street,Bitumen(Tar),Dry,Not Applicable,Clear,AECS Layout  Road,Aecs Layout 5 Th  Crass,7,12.88199,77.65231,0,0,0.0,0.0
Bengaluru City,Electronic City Traffic PS,1.04432e+16,2020,1,1,Road Accidents,Narrow road,City/Town,Near Bus stop,Human Error,No,Simple Injury,Hit pedestrian,Not at  Junction,Straight and flat,NH,Bitumen(Tar),Dry,Not Applicable,Clear,Hosur Serivce Road,Damro,4 Km,12.86508,77.65745,0,0,0.0,0.0
Bengaluru City,Electronic City Traffic PS,1.04432e+16,2020,1,2,Road Accidents,Curves,City/Town,Near School or College,Human Error,No,Damage Only,Vehicle to Vehicle,Controlled,Curve,NH,Bitumen(Tar),Dry,Not Applicable,Clear,ear Konappana Agrahara,hosur Service Road,3kms,12.85638,77.66426,0,0,0.0,0.0
Bengaluru City,Electronic City Traffic PS,1.04432e+16,2020,1,2,Road Accidents,Narrow road,City/Town,Near Hospital,Human Error,Yes,Grievous Injury,Vehicle to Vehicle,Not at  Junction,Straight and flat,Others,Bitumen(Tar),Dry,Not Applicable,Clear,Doddathogur Road,Narashim temple,3KM,12.84496,77.64747,0,0,0.0,0.0
Bengaluru City,Electronic City Traffic PS,1.04432e+16,2020,1,2,Road Accidents,Narrow road,City/Town,Near Hospital,Human Error,No,Grievous Injury,Vehicle to Vehicle,Not at  Junction,Straight and flat,Others,Bitumen(Tar),Dry,Not Applicable,Clear,Managmanapalya Road,Royal Bakery,5KM,12.90539,77.6416,0,0,0.0,0.0
Bengaluru City,Electronic City Traffic PS,1.04432e+16,2020,1,2,Road Accidents,Junction,City/Town,Near Bus stop,Human Error,Yes,Grievous Injury,Vehicle to Vehicle,Signal lights Automatic,Straight and flat,NH,Bitumen(Tar),Dry,Not Applicable,Clear,Hosur Main Road,HosaRoad Junction,5KM,12.86992,77.65329,0,0,0.0,0.0
Bengaluru City,Electronic City Traffic PS,1.04432e+16,2020,1,2,Road Accidents,Narrow road,City/Town,Near School or College,Human Error,No,Damage Only,Vehicle to Vehicle,Uncontrolled,Straight and flat,NH,Bitumen(Tar),Dry,Not Applicable,Clear,Hosur Main Road,PES College U Turn,3KM,12.85859,77.66232,0,0,0.0,0.0
Bengaluru City,Electronic City Traffic PS,1.04432e+16,2020,1,1,Road Accidents,Junction,City/Town,Near Bus stop,Human Error,No,Simple Injury,Vehicle to Vehicle,Controlled,Straight and flat,NH,Bitumen(Tar),Dry,Not Applicable,Clear,Hosru Main Road,GB Pallya,7KM,12.89431,77.63697,0,0,0.0,0.0
Bengaluru City,Electronic City Traffic PS,1.04432e+16,2020,1,2,Road Accidents,Narrow road,City/Town,Near Bus stop,Human Error,No,Damage Only,Vehicle to Vehicle,Not at  Junction,Straight and flat,Others,Bitumen(Tar),Dry,Not Applicable,Clear,Kudlu Main Road,Baghya Sagar,5KM,12.89042,77.64543,0,0,0.0,0.0
Bengaluru City,Electronic City Traffic PS,1.04432e+16,2020,1,1,Road Accidents,Junction,City/Town,Near Bus stop,Human Error,No,Damage Only,Not Applicable,Not at  Junction,Straight and flat,NH,Bitumen(Tar),Dry,Not Applicable,Clear,Hosur  Main Road,Veerasandra Junction,2KM,12.83992,77.67707,0,0,0.0,0.0
Bengaluru City,Electronic City Traffic PS,1.04432e+16,2020,1,1,Road Accidents,Narrow road,City/Town,Near Bus stop,Human Error,No,Simple Injury,Hit pedestrian,Signal lights Automatic,Straight and flat,NH,Bitumen(Tar),Dry,Not Applicable,Clear,Hosur  Main Road,Kudlu Gate Junction,6KM,12.88919,77.63993,0,0,0.0,0.0
Bengaluru City,Electronic City Traffic PS,1.04432e+16,2020,1,1,Road Accidents,Curves,City/Town,Open area,Human Error,No,Fatal,Vehicle to Vehicle,Controlled,Others,NH,Bitumen(Tar),Dry,Not Applicable,Clear,Elevated Fly over road,Near PES college,2kms,12.85849,77.66241,0,0,0.0,0.0
Bengaluru City,Electronic City Traffic PS,1.04432e+16,2020,1,2,Road Accidents,Narrow road,City/Town,Near School or College,Human Error,Yes,Fatal,Vehicle to Vehicle,Not at  Junction,Others,NH,Bitumen(Tar),Dry,Not Applicable,Clear,Bangalore Main Road,Near NTTF college,1KM,12.84806,77.67055,0,0,0.0,0.0
Bengaluru City,Electronic City Traffic PS,1.04432e+16,2020,1,1,Road Accidents,Narrow road,City/Town,Near Bus stop,Human Error,No,Grievous Injury,Vehicle to Vehicle,Not at  Junction,Straight and flat,Others,Bitumen(Tar),Dry,Not Applicable,Clear,EC Phase 2,BMTC Depo,2KM,12.83946,77.66135,0,0,0.0,0.0
Bengaluru City,Electronic City Traffic PS,1.04432e+16,2020,1,2,Road Accidents,Narrow road,City/Town,Near Bus stop,Not Applicable,No,Fatal,Vehicle to Vehicle,Signal lights Automatic,Straight and flat,NH,Bitumen(Tar),Dry,Not Applicable,Clear,Hosur  Main Road,Hosur Road,5KM,12.86988,77.65321,0,0,0.0,0.0
Bengaluru City,Electronic City Traffic PS,1.04432e+16,2020,1,2,Road Accidents,Junction,City/Town,Near Bus stop,Human Error,No,Simple Injury,Vehicle to Vehicle,Signal lights Automatic,Straight and flat,NH,Bitumen(Tar),Dry,Not Applicable,Clear,Hosur  Main Road,Veerasandra Junction,3KM,12.83995,77.67683,0,0,0.0,0.0
Bengaluru City,Electronic City Traffic PS,1.04432e+16,2020,1,1,Road Accidents,Narrow road,City/Town,Near office complex,Human Error,No,Damage Only,Not Applicable,Not at  Junction,Others,NH,Bitumen(Tar),Dry,Not Applicable,Clear,Hosur  Main Road,Dayananda college,5KM,12.88709,77.64138,0,0,0.0,0.0
Bengaluru City,Electronic City Traffic PS,1.04432e+16,2020,1,2,Road Accidents,Narrow road,City/Town,Open area,Human Error,No,Fatal,Vehicle to Vehicle,Not Applicable,Straight and flat,Expressway,Bitumen(Tar),Dry,Not Applicable,Clear,Nice road,Nice road konappan agrahar,3kms,12.86623,77.63991,0,0,0.0,0.0
Bengaluru City,Electronic City Traffic PS,1.04432e+16,2020,1,2,Road Accidents,Junction,City/Town,In bazaar,Human Error,No,Simple Injury,Vehicle to Vehicle,Signal lights Automatic,Straight and flat,NH,Bitumen(Tar),Dry,Not Applicable,Clear,Hosur  Main Road,EC 2,3KM,12.85598,77.66426,0,0,0.0,0.0
Bengaluru City,Electronic City Traffic PS,1.04432e+16,2020,1,2,Road Accidents,Narrow road,City/Town,Open area,Human Error,No,Fatal,Vehicle to Vehicle,Controlled,Others,Others,Bitumen(Tar),Dry,Not Applicable,Clear,Bettadasanapura Road,Near Life Care Medical Store,2kms,12.84288,77.64224,0,0,0.0,0.0
Bengaluru City,Electronic City Traffic PS,1.04432e+16,2020,1,2,Road Accidents,Narrow road,City/Town,Near Hospital,Human Error,No,Simple Injury,Vehicle to Vehicle,Signal lights Automatic,Straight and flat,NH,Bitumen(Tar),Dry,Not Applicable,Clear,Hosru Main Road,Basapura,5KM,12.86807,77.65272,0,0,0.0,0.0
Bengaluru City,Electronic City Traffic PS,1.04432e+16,2020,1,2,Road Accidents,Narrow road,City/Town,Near Bus stop,Human Error,No,Damage Only,Vehicle to Vehicle,Signal lights Automatic,Straight and flat,NH,Bitumen(Tar),Dry,Not Applicable,Clear,Hosur Main Road Veersandra,Veerasandra Junction,2 KM,12.83999,77.677,0,0,0.0,0.0
Bengaluru City,Electronic City Traffic PS,1.04432e+16,2020,1,2,Road Accidents,Narrow road,City/Town,Near Bus stop,Human Error,Yes,Damage Only,Vehicle to Vehicle,Signal lights Automatic,Straight and flat,NH,Bitumen(Tar),Dry,Not Applicable,Clear,Hosru Main Road,Veerasandra Junction,2 KM,12.8396,77.67715,0,0,0.0,0.0
Bengaluru City,Electronic City Traffic PS,1.04432e+16,2020,1,2,Road Accidents,Narrow road,City/Town,Near Bus stop,Human Error,Yes,Grievous Injury,Vehicle to Vehicle,Not at  Junction,Straight and flat,NH,Bitumen(Tar),Dry,Not Applicable,Clear,Hosur Service Road,Udupi Uphar,4KM,12.85399,77.66625,0,0,0.0,0.0
Bengaluru City,Electronic City Traffic PS,1.04432e+16,2020,1,2,Road Accidents,Narrow road,City/Town,Near Bus stop,Human Error,No,Simple Injury,Vehicle to Vehicle,Not at  Junction,Straight and flat,NH,Bitumen(Tar),Dry,Not Applicable,Clear,Hosur Road,Govindashettypallya,2km,12.8546,77.66563,0,0,0.0,0.0
Bengaluru City,Electronic City Traffic PS,1.04432e+16,2020,1,2,Road Accidents,Narrow road,City/Town,Near Hospital,Human Error,No,Grievous Injury,Vehicle to Vehicle,Not at  Junction,Straight and flat,NH,Bitumen(Tar),Dry,Not Applicable,Clear,Hosur  Main Road,Honda Show Room,2KM,12.85211,77.66759,0,0,0.0,0.0
Bengaluru City,Electronic City Traffic PS,1.04432e+16,2020,1,2,Road Accidents,Narrow road,City/Town,Near Bus stop,Human Error,Yes,Grievous Injury,Vehicle to Vehicle,Signal lights Automatic,Straight and flat,NH,Bitumen(Tar),Dry,Not Applicable,Clear,Hosru Main Road,Konappana Agrahara Junction,2KM,12.85597,77.66424,0,0,0.0,0.0
Bengaluru City,Electronic City Traffic PS,1.04432e+16,2020,1,2,Road Accidents,Narrow road,City/Town,Near Bus stop,Not Applicable,Yes,Simple Injury,Vehicle to Vehicle,Not at  Junction,Straight and flat,NH,Bitumen(Tar),Dry,Not Applicable,Clear,Hosur  Main Road,Near Veerasandra Toll,2KM,12.84095,77.67633,0,0,0.0,0.0
Bengaluru City,Electronic City Traffic PS,1.04432e+16,2020,1,2,Road Accidents,Junction,City/Town,Near office complex,Human Error,No,Simple Injury,Vehicle to Vehicle,Controlled,Straight and flat,Others,Bitumen(Tar),Dry,Not Applicable,Clear,HCL company road,RS Electronics,0.5KM,12.84183,77.66484,0,0,0.0,0.0
Bengaluru City,Electronic City Traffic PS,1.04432e+16,2020,1,2,Road Accidents,Curves,City/Town,Open area,Human Error,Yes,Fatal,Vehicle to Vehicle,Controlled,Curve,NH,Bitumen(Tar),Dry,Not Applicable,Clear,Hosuru Main Road,Electronic City NTTF College,1.5,12.84802,77.6705,0,0,0.0,0.0
Bengaluru City,Electronic City Traffic PS,1.04432e+16,2020,1,1,Road Accidents,Narrow road,City/Town,Near office complex,Human Error,Yes,Simple Injury,Hit pedestrian,Not at  Junction,Others,Others,Bitumen(Tar),Dry,Not Applicable,Clear,Kudlu Main Road,Bhagya Hotel,6KM,12.89023,77.64569,0,0,0.0,0.0