DISTRICTNAME,UNITNAME,Crime_No,Year,RI,Noofvehicle_involved,Accident_Classification,Accident_Spot,Accident_Location,Accident_SubLocation,Main_Cause,Hit_Run,Severity,Collision_Type,Junction_Control,Road_Character,Road_Type,Surface_Type,Surface_Condition,Road_Condition,Weather,Accident_Road,Landmark_first,Distance_LandMark_First,Latitude,Longitude,Road_Condition_Score,Surface_Condition_Score,Surface_Type_Score,Road_Risk_Index
Bengaluru City,Electronic City Traffic PS,1.04432e+16,2020,1,2,Road Accidents,Not Applicable,City/Town,Near Bus stop,Human Error,Not Applicable,Fatal,Vehicle to Vehicle,Give way sign,Straight and flat,NH,Bitumen(Tar),Dry,Not Applicable,Clear,Hosuru Main Road,Near bus stop,3kms,12.85417,77.6659,0,0,0.0,0.0
Bengaluru City,Electronic City Traffic PS,1.04432e+16,2020,1,2,Road Accidents,Narrow road,City/Town,Near office complex,Human Error,No,Simple Injury,Vehicle to Vehicle,Not at  Junction,Straight and flat,Others,Bitumen(Tar),Dry,Not Applicable,Clear,Kudlu Road,Burrial Ground,5KM,12.88364,77.65575,0,0,0.0,0.0
Bengaluru City,Electronic City Traffic PS,1.04432e+16,2020,1,2,Road Accidents,Narrow road,City/Town,Near Bus stop,Human Error,No,Simple Injury,Vehicle to Vehicle,Signal lights Automatic,Straight and flat,NH,Bitumen(Tar),Dry,Not Applicable,Clear,Hosur  Main Road,Veerasandra Junction,2KM,12.84003,77.67694,0,0,0.0,0.0
Bengaluru City,Electronic City Traffic PS,1.04432e+16,2020,1,1,Road Accidents,Narrow road,City/Town,Near Hospital,Human Error,No,Simple Injury,Hit pedestrian,Signal lights Automatic,Straight and flat,NH,Bitumen(Tar),Dry,Not Applicable,Clear,kudlu Gate,Near Masq,6KM,12.88898,77.64024,0,0,0.0,0.0
Bengaluru City,Electronic City Traffic PS,1.04432e+16,2020,1,2,Road Accidents,Narrow road,City/Town,Near Hospital,Human Error,No,Simple Injury,Vehicle to Vehicle,Not at  Junction,Straight and flat,Others,Bitumen(Tar),Dry,Not Applicable,Clear,Nice Road,Naidu Propertis,6 KM,12.86361,77.64616,0,0,0.0,0.0
Bengaluru City,Electronic City Traffic PS,1.04432e+16,2020,1,1,Road Accidents,Narrow road,City/Town,Near Bus stop,Human Error,No,Damage Only,Not Applicable,Not at  Junction,Straight and flat,NH,Bitumen(Tar),Dry,Not Applicable,Clear,Hosru Main Road,pILLER 34,8KM,12.89911,77.63388,0,0,0.0,0.0
Bengaluru City,Electronic City Traffic PS,1.04432e+16,2020,1,1,Road Accidents,Curves,City/Town,Open area,Human Error,Yes,Fatal,Hit pedestrian,Controlled,Others,NH,Bitumen(Tar),Dry,Not Applicable,Clear,Hosur road Service road,Near Konappana Agrahara,2kms,12.8533,77.66674,0,0,0.0,0.0
Bengaluru City,Electronic City Traffic PS,1.04432e+16,2020,1,2,Road Accidents,Narrow road,City/Town,Near Bus stop,Not Applicable,No,Fatal,Vehicle to Vehicle,Not at  Junction,Straight and flat,Others,Bitumen(Tar),Dry,Not Applicable,Clear,Silver county road,snn raj,6KM,12.89271,77.66429,0,0,0.0,0.0
Bengaluru City,Electronic City Traffic PS,1.04432e+16,2020,1,1,Road Accidents,Cross roads,City/Town,Open area,Human Error,No,Fatal,Vehicle to Vehicle,Controlled,Curve,Others,Bitumen(Tar),Dry,Not Applicable,Clear,Neeladri   Road,Wipro Gate 14,2kms,12.83954,77.65402,0,0,0.0,0.0
Bengaluru City,Electronic City Traffic PS,1.04432e+16,2020,1,2,Road Accidents,Narrow road,City/Town,Open area,Human Error,No,Fatal,Vehicle to Vehicle,Controlled,Curve,NH,Bitumen(Tar),Dry,Not Applicable,Clear,Hosuru  Road,Near Sri Timmareddy  Govt School,3kms,12.86537,77.65703,0,0,0.0,0.0
Bengaluru City,Electronic City Traffic PS,1.04432e+16,2020,1,1,Road Accidents,Narrow road,City/Town,Near Hospital,Not Applicable,Yes,Grievous Injury,Hit bicyclist,Not at  Junction,Not Applicable,NH,Bitumen(Tar),Dry,Not Applicable,Clear,Hosur Serivce Road,Bullet Show Room,6,12.88433,77.64311,0,0,0.0,0.0
Bengaluru City,Electronic City Traffic PS,1.04432e+16,2020,1,2,Road Accidents,Junction,City/Town,Near Bus stop,Human Error,No,Simple Injury,Vehicle to Vehicle,Controlled,Straight and flat,NH,Bitumen(Tar),Dry,Not Applicable,Clear,Hosur Main Road,EC 2,3KM,12.85597,77.66452,0,0,0.0,0.0
Bengaluru City,Electronic City Traffic PS,1.04432e+16,2020,1,2,Road Accidents,Narrow road,City/Town,Near Bus stop,Human Error,No,Simple Injury,Vehicle to Vehicle,Not at  Junction,Straight and flat,NH,Bitumen(Tar),Dry,Not Applicable,Clear,Hosur  Main Road,Meenakshi Iron steel,5KM,12.8698,77.6535,0,0,0.0,0.0
Bengaluru City,Electronic City Traffic PS,1.04432e+16,2020,1,1,Road Accidents,Narrow road,City/Town,Near office complex,Human Error,No,Simple Injury,Hit pedestrian,Not at  Junction,Straight and flat,NH,Bitumen(Tar),Dry,Not Applicable,Clear,Hosur Serivce Road,nexa car Showroom,5KM,12.86183,77.44151,0,0,0.0,0.0
Bengaluru City,Electronic City Traffic PS,1.04432e+16,2020,1,2,Road Accidents,Narrow road,City/Town,Residential area,Human Error,No,Simple Injury,Vehicle to Vehicle,Not at  Junction,Straight and flat,Others,Bitumen(Tar),Dry,Not Applicable,Clear,AECS Layout  Road,baroda Bank,6KM,12.88544,77.65097,0,0,0.0,0.0
Bengaluru City,Electronic City Traffic PS,1.04432e+16,2020,1,2,Road Accidents,Narrow road,City/Town,Residential area,Human Error,No,Simple Injury,Vehicle to Vehicle,Not at  Junction,Straight and flat,Others,Bitumen(Tar),Dry,Not Applicable,Clear,Kudlu Main Road,Baghya Sagar,6KM,12.89043,77.64538,0,0,0.0,0.0
Bengaluru City,Electronic City Traffic PS,1.04432e+16,2020,1,2,Road Accidents,Narrow road,City/Town,Near office complex,Human Error,No,Simple Injury,Vehicle to Vehicle,Not at  Junction,Straight and flat,Expressway,Bitumen(Tar),Dry,Not Applicable,Clear,BETL Flyover Road,Dakshin Honda,6KM,12.88623,77.64182,0,0,0.0,0.0
Bengaluru City,Electronic City Traffic PS,1.04432e+16,2020,1,2,Road Accidents,Cross roads,City/Town,Near Hospital,Human Error,Yes,Simple Injury,Vehicle to Vehicle,No signal lights,Others,Others,Bitumen(Tar),Dry,Not Applicable,Clear,Channakeshavanagar Road,Near 4th Cross CK Nagar,6,12.87068,77.65503,0,0,0.0,0.0
Bengaluru City,Electronic City Traffic PS,1.04432e+16,2020,1,1,Road Accidents,Narrow road,City/Town,Open area,Human Error,No,Fatal,Hit pedestrian,Controlled,Others,NH,Bitumen(Tar),Dry,Not Applicable,Clear,Hosuru Main Road,Near Piller No 135,4kms,12.87407,77.65008,0,0,0.0,0.0
Bengaluru City,Electronic City Traffic PS,1.04432e+16,2020,1,2,Road Accidents,Narrow road,City/Town,Open area,Human Error,No,Damage Only,Vehicle to Vehicle,Not at  Junction,Straight and flat,Expressway,Bitumen(Tar),Dry,Not Applicable,Clear,Nice Road,Naidu,3 KM,12.86645,77.63906,0,0,0.0,0.0
Bengaluru City,Electronic City Traffic PS,1.04432e+16,2020,1,1,Road Accidents,Narrow road,City/Town,Near office complex,Human Error,No,Fatal,Hit pedestrian,Not at  Junction,Straight and flat,NH,Bitumen(Tar),Dry,Not Applicable,Clear,Bangalore service Road,Income Tax Office,4KM,12.86328,77.65843,0,0,0.0,0.0
Bengaluru City,Electronic City Traffic PS,1.04432e+16,2020,1,2,Road Accidents,Narrow road,City/Town,Near Bus stop,Human Error,Yes,Simple Injury,Vehicle to Vehicle,Not at  Junction,Straight and flat,NH,Bitumen(Tar),Dry,Not Applicable,Clear,Bettadasanapura Road,Lakshman Reddy Junction,2KM,12.84362,77.64424,0,0,0.0,0.0
Bengaluru City,Electronic City Traffic PS,1.04432e+16,2020,1,2,Road Accidents,Narrow road,City/Town,Open area,Human Error,Yes,Fatal,Vehicle to Vehicle,Controlled,Others,NH,Bitumen(Tar),Dry,Construction Work / Material,Clear,Vittsandra,Nixi  R O Plant,3kms,12.85023,77.63584,2,0,0.0,2.0
Bengaluru City,Electronic City Traffic PS,1.04432e+16,2020,1,2,Road Accidents,Curves,City/Town,Near School or College,Human Error,Yes,Damage Only,Vehicle to Vehicle,Not at  Junction,Sharp Curve,NH,Bitumen(Tar),Dry,Not Applicable,Clear,Hosur Serivce Road,PES College U Turn,2KM,12.85871,77.6624,0,0,0.0,0.0
Bengaluru City,Electronic City Traffic PS,1.04432e+16,2020,1,2,Road Accidents,Narrow road,City/Town,Near or inside a village,Human Error,No,Simple Injury,Vehicle to Vehicle,Not at  Junction,Others,Others,Bitumen(Tar),Dry,Not Applicable,Clear,Doddathogur Road,ridam Apartment,3KM,12.85331,77.65071,0,0,0.0,0.0
Bengaluru City,Electronic City Traffic PS,1.04432e+16,2020,1,2,Road Accidents,Narrow road,City/Town,Residential area,Human Error,No,Simple Injury,Vehicle to Vehicle,Not at  Junction,Straight and flat,NH,Bitumen(Tar),Dry,Not Applicable,Clear,Vittasandra Main Road,Sardar Building,5KM,12.84445,77.63503,0,0,0.0,0.0
Bengaluru City,Electronic City Traffic PS,1.04432e+16,2020,1,2,Road Accidents,Narrow road,City/Town,Near Bus stop,Human Error,No,Simple Injury,Vehicle to Vehicle,Not at  Junction,Straight and flat,NH,Bitumen(Tar),Dry,Not Applicable,Clear,Hosur Serivce Road,chikkathogur Gate,4KM,12.86446,77.65742,0,0,0.0,0.0
Bengaluru City,Electronic City Traffic PS,1.04432e+16,2020,1,1,Road Accidents,Junction,City/Town,Near Bus stop,Human Error,No,Simple Injury,Vehicle to Vehicle,Signal lights Automatic,Straight and flat,NH,Bitumen(Tar),Dry,Not Applicable,Clear,Hosur  Main Road,G B Pallya Signal,6 KM,12.89431,77.63673,0,0,0.0,0.0
Bengaluru City,Electronic City Traffic PS,1.04432e+16,2020,1,1,Road Accidents,Narrow road,City/Town,Near office complex,Human Error,No,Simple Injury,Not Applicable,Not at  Junction,Straight and flat,NH,Bitumen(Tar),Dry,Not Applicable,Clear,Hosur Main Road,Near NTTF college,1KM,12.84787,77.67066,0,0,0.0,0.0
Bengaluru City,Electronic City Traffic PS,1.04432e+16,2020,1,2,Road Accidents,Not Applicable,City/Town,Open area,Human Error,No,Simple Injury,Vehicle to Vehicle,Not Applicable,Straight and flat,Expressway,Bitumen(Tar),Dry,Not Applicable,Clear,Nice Road,Basapura Bridge,4KM,12.86264,77.64796,0,0,0.0,0.0
Bengaluru City,Electronic City Traffic PS,1.04432e+16,2020,1,2,Road Accidents,Narrow road,City/Town,Near Hospital,Human Error,No,Simple Injury,Vehicle to Vehicle,Not at  Junction,Others,Others,Bitumen(Tar),Dry,Not Applicable,Clear,Begur koppa Main road,Near Sardar Building,4KM,12.84312,77.63339,0,0,0.0,0.0
Bengaluru City,Electronic City Traffic PS,1.04432e+16,2020,1,2,Road Accidents,Narrow road,City/Town,Near Bus stop,Human Error,Yes,Simple Injury,Vehicle to Vehicle,Not at  Junction,Straight and flat,NH,Bitumen(Tar),Dry,Not Applicable,Clear,Hosru Service Road,PES College,4KM,12.85921,77.66195,0,0,0.0,0.0
Bengaluru City,Electronic City Traffic PS,1.04432e+16,2020,1,1,Road Accidents,Narrow road,City/Town,Near Bus stop,Human Error,No,Simple Injury,Not Applicable,Not at  Junction,Straight and flat,NH,Bitumen(Tar),Dry,Not Applicable,Clear,Hosur Service Road,Veerasandra Junction,2 KM,12.52961,77.21398,0,0,0.0,0.0
Bengaluru City,Electronic City Traffic PS,1.04432e+16,2020,1,1,Road Accidents,Narrow road,City/Town,Near Hospital,Human Error,No,Damage Only,Vehicle to Vehicle,Not Applicable,Straight and flat,NH,Bitumen(Tar),Dry,Not Applicable,Clear,BETL Flyover Road,Toll,2KM,12.84197,77.67547,0,0,0.0,0.0
Bengaluru City,Electronic City Traffic PS,1.04432e+16,2020,1,2,Road Accidents,Narrow road,City/Town,Near Bus stop,Human Error,No,Simple Injury,Vehicle to Vehicle,Not at  Junction,Straight and flat,Others,Bitumen(Tar),Dry,Not Applicable,Clear,Begur koppa Main road,mylasandra,5KM,12.84223,77.6187,0,0,0.0,0.0
Bengaluru City,Electronic City Traffic PS,1.04432e+16,2020,1,1,Road Accidents,Narrow road,City/Town,Open area,Human Error,Yes,Fatal,Hit pedestrian,Controlled,Others,Others,Bitumen(Tar),Dry,Not Applicable,Clear,Rayasandra Road,Rayasandra Circle,5kms,12.874,77.66725,0,0,0.0,0.0
Bengaluru City,Electronic City Traffic PS,1.04432e+16,2020,1,2,Road Accidents,Narrow road,City/Town,Near Bus stop,Human Error,No,Simple Injury,Vehicle to Vehicle,Not at  Junction,Straight and flat,Expressway,Bitumen(Tar),Dry,Not Applicable,Clear,Nice Road,Near EC Toll,3KM,12.85825,77.65792,0,0,0.0,0.0
Bengaluru City,Electronic City Traffic PS,1.04432e+16,2020,1,2,Road Accidents,Narrow road,City/Town,Near Hospital,Human Error,Yes,Damage Only,Vehicle to Vehicle,Not at  Junction,Straight and flat,NH,Bitumen(Tar),Dry,Not Applicable,Clear,Hosru Main Road,oxford,7KM,12.90232,77.63196,0,0,0.0,0.0
Bengaluru City,Electronic City Traffic PS,1.04432e+16,2020,1,2,Road Accidents,Narrow road,City/Town,Near office complex,Human Error,No,Simple Injury,Vehicle to Vehicle,Not at  Junction,Straight and flat,Others,Bitumen(Tar),Dry,Not Applicable,Clear,BSNL Road,BSNL Office,0.5KM,12.84307,77.66229,0,0,0.0,0.0
Bengaluru City,Electronic City Traffic PS,1.04432e+16,2020,1,1,Road Accidents,Narrow road,City/Town,Near Bus stop,Human Error,No,Simple Injury,Not Applicable,Not at  Junction,Straight and flat,NH,Bitumen(Tar),Dry,Not Applicable,Clear,Hosur Main Road,nexa car Showroom,5 KM,12.86229,77.65917,0,0,0.0,0.0
Bengaluru City,Electronic City Traffic PS,1.04432e+16,2020,1,2,Road Accidents,Narrow road,City/Town,Near Bus stop,Human Error,No,Simple Injury,Vehicle to Vehicle,Not at  Junction,Straight and flat,NH,Bitumen(Tar),Dry,Not Applicable,Clear,Hosru Main Road,IOC Petrol Bunk,2 KM,12.83964,77.67745,0,0,0.0,0.0
Bengaluru City,Electronic City Traffic PS,1.04432e+16,2020,1,2,Road Accidents,Narrow road,City/Town,Open area,Human Error,No,Simple Injury,Vehicle to Vehicle,Not at  Junction,Straight and flat,Expressway,Bitumen(Tar),Dry,Not Applicable,Clear,Nice Road,Elenahalli Bridge,6KM,12.86396,77.62534,0,0,0.0,0.0
Bengaluru City,Electronic City Traffic PS,1.04432e+16,2020,1,1,Road Accidents,Narrow road,City/Town,Open area,Human Error,No,Simple Injury,Hit pedestrian,Not at  Junction,Curve,Others,Bitumen(Tar),Dry,Not Applicable,Clear,Bettadasanapura Road,Thimmaraswamy temple,5KM,12.83852,77.6277,0,0,0.0,0.0
Bengaluru City,Electronic City Traffic PS,1.04432e+16,2020,1,1,Road Accidents,Narrow road,City/Town,Near Bus stop,Human Error,Yes,Simple Injury,Hit pedestrian,Not at  Junction,Straight and flat,NH,Bitumen(Tar),Dry,Not Applicable,Clear,Hosru Main Road,bus stop,7km,12.89712,77.63514,0,0,0.0,0.0
Bengaluru City,Electronic City Traffic PS,1.04432e+16,2020,1,1,Road Accidents,Curves,City/Town,Open area,Human Error,Yes,Fatal,Hit pedestrian,Controlled,Others,NH,Bitumen(Tar),Dry,Not Applicable,Clear,Hosuru Main Road,Near Singasandra Bus Staop,4kms,12.87868,77.64647,0,0,0.0,0.0
Bengaluru City,Electronic City Traffic PS,1.04432e+16,2020,1,2,Road Accidents,Narrow road,City/Town,Near Bus stop,Human Error,No,Grievous Injury,Vehicle to Vehicle,Not at  Junction,Straight and flat,NH,Bitumen(Tar),Dry,Not Applicable,Clear,Hosur  Main Road,G B Pallya Signal,6KM,12.89439,77.63688,0,0,0.0,0.0
Bengaluru City,Electronic City Traffic PS,1.04432e+16,2020,1,2,Road Accidents,Junction,City/Town,Near Bus stop,Human Error,No,Simple Injury,Vehicle to Vehicle,Not at  Junction,Straight and flat,NH,Bitumen(Tar),Dry,Not Applicable,Clear,Hosur Main Road,E C 2 Junction,5KM,12.82602,77.66437,0,0,0.0,0.0
Bengaluru City,Electronic City Traffic PS,1.04432e+16,2020,1,2,Road Accidents,Junction,City/Town,Near Bus stop,Human Error,Yes,Fatal,Vehicle to Vehicle,Signal lights Automatic,Straight and flat,NH,Bitumen(Tar),Dry,Not Applicable,Clear,Bangalore Main road,Veerasandra Lake,2kms,12.83998,77.67686,0,0,0.0,0.0
Bengaluru City,Electronic City Traffic PS,1.04432e+16,2020,1,2,Road Accidents,Narrow road,City/Town,Near Bus stop,Human Error,No,Simple Injury,Vehicle to Vehicle,Not Applicable,Straight and flat,NH,Bitumen(Tar),Dry,Not Applicable,Clear,Hosur Serivce Road,Ganesha Temple,5KM,12.86717,77.65527,0,0,0.0,0.0
Bengaluru City,Electronic City Traffic PS,1.04432e+16,2020,1,4,Road Accidents,Junction,City/Town,Near Bus stop,Human Error,No,Damage Only,Vehicle to Vehicle,Signal lights Automatic,Straight and flat,NH,Bitumen(Tar),Dry,Not Applicable,Clear,Hosur  Main Road,Veerasandra Junction,2Km,12.83991,77.67689,0,0,0.0,0.0
Bengaluru City,Electronic City Traffic PS,1.04432e+16,2020,1,1,Road Accidents,Narrow road,City/Town,Near Bus stop,Human Error,No,Simple Injury,Not Applicable,Not at  Junction,Straight and flat,NH,Bitumen(Tar),Dry,Not Applicable,Clear,Hosur  Main Road,EC 2,3km,12.85568,77.6645,0,0,0.0,0.0
Bengaluru City,Electronic City Traffic PS,1.04432e+16,2020,1,1,Road Accidents,Narrow road,City/Town,Near Bus stop,Human Error,No,Damage Only,Vehicle to Vehicle,Not at  Junction,Straight and flat,NH,Bitumen(Tar),Dry,Not Applicable,Clear,Hosuru Main Road,Venkateshwara Chitramandiar,3KM,12.85603,77.66447,0,0,0.0,0.0
Bengaluru City,Electronic City Traffic PS,1.04432e+16,2020,1,1,Road Accidents,Narrow road,City/Town,Near or inside a village,Human Error,Yes,Simple Injury,Hit pedestrian,Not at  Junction,Straight and flat,Others,Bitumen(Tar),Dry,Not Applicable,Clear,Haralur Road,Near Burrial Ground,6KM,12.88152,77.65523,0,0,0.0,0.0
Bengaluru City,Electronic City Traffic PS,1.04432e+16,2020,1,1,Road Accidents,Narrow road,City/Town,Near Bus stop,Human Error,No,Damage Only,Vehicle to Vehicle,Not at  Junction,Straight and flat,NH,Bitumen(Tar),Dry,Not Applicable,Clear,Hosur  Main Road,Nice Enterence,3KM,12.85677,77.66366,0,0,0.0,0.0
Bengaluru City,Electronic City Traffic PS,1.04432e+16,2020,1,2,Road Accidents,Narrow road,City/Town,Near Bus stop,Human Error,No,Simple Injury,Vehicle to Vehicle,Not at  Junction,Straight and flat,NH,Bitumen(Tar),Dry,Not Applicable,Clear,GBpallya,Pai Showroom,7KM,12.90054,77.63303,0,0,0.0,0.0
Bengaluru City,Electronic City Traffic PS,1.04432e+16,2020,1,2,Road Accidents,Narrow road,City/Town,Near Bus stop,Human Error,Yes,Grievous Injury,Vehicle to Vehicle,Not at  Junction,Straight and flat,NH,Bitumen(Tar),Dry,Not Applicable,Clear,Hosur  Main Road,Nandi Toyoto,6KM,12.89102,77.63895,0,0,0.0,0.0
Bengaluru City,Electronic City Traffic PS,1.04432e+16,2020,1,2,Road Accidents,Narrow road,City/Town,Near Bus stop,Human Error,Yes,Grievous Injury,Vehicle to Vehicle,Not at  Junction,Straight and flat,NH,Bitumen(Tar),Dry,Not Applicable,Clear,Hosur  Main Road,G S Pallya Gate,2KM,12.85569,77.66474,0,0,0.0,0.0
Bengaluru City,Electronic City Traffic PS,1.04432e+16,2020,1,3,Road Accidents,Narrow road,City/Town,Near Bus stop,Human Error,No,Damage Only,Vehicle to Vehicle,Not at  Junction,Straight and flat,NH,Bitumen(Tar),Dry,Not Applicable,Clear,Nh-07 Hosuru Main Road,D Mart,2KM,12.8435,77.6744,0,0,0.0,0.0
Bengaluru City,Electronic City Traffic PS,1.04432e+16,2020,1,2,Road Accidents,Narrow road,City/Town,Residential area,Human Error,No,Simple Injury,Vehicle to Vehicle,Not at  Junction,Curve,Others,Bitumen(Tar),Dry,Not Applicable,Clear,AECS Layout  Road,Amma Home,6KM,12.88142,77.65357,0,0,0.0,0.0
Bengaluru City,Electronic City Traffic PS,1.04432e+16,2020,1,1,Road Accidents,Narrow road,City/Town,Near Bus stop,Human Error,No,Simple Injury,Hit pedestrian,Not at  Junction,Straight and flat,NH,Bitumen(Tar),Dry,Not Applicable,Clear,Hosur road Service road,SisonsHotel,2KM,12.84759,77.67129,0,0,0.0,0.0
Bengaluru City,Electronic City Traffic PS,1.04432e+16,2020,1,1,Road Accidents,Junction,City/Town,Near Bus stop,Not Applicable,Yes,Fatal,Hit pedestrian,Controlled,Others,NH,Bitumen(Tar),Dry,Not Applicable,Others,Hosuru main road,Hosa road Bus stop,50 mtr,12.86918,77.65379,0,0,0.0,0.0
Bengaluru City,Electronic City Traffic PS,1.04432e+16,2020,1,2,Road Accidents,Narrow road,City/Town,Near Hospital,Human Error,No,Simple Injury,Vehicle to Vehicle,Not at  Junction,Straight and flat,Expressway,Bitumen(Tar),Dry,Not Applicable,Clear,Hosur Road,EC 2,04KM,12.85619,77.66425,0,0,0.0,0.0
Bengaluru City,Electronic City Traffic PS,1.04432e+16,2020,1,2,Road Accidents,Narrow road,City/Town,Open area,Human Error,Yes,Fatal,Vehicle to Vehicle,Controlled,Others,NH,Bitumen(Tar),Dry,Not Applicable,Clear,Hosuru Main Road,Veerasandra,2kms,12.84,77.677,0,0,0.0,0.0
Bengaluru City,Electronic City Traffic PS,1.04432e+16,2020,1,1,Road Accidents,Narrow road,City/Town,Near Hospital,Human Error,No,Simple Injury,Not Applicable,Not at  Junction,Straight and flat,NH,Bitumen(Tar),Dry,Not Applicable,Clear,Hosur  Main Road,Konappana Agrahara,4KM,12.85676,77.66395,0,0,0.0,0.0
Bengaluru City,Electronic City Traffic PS,1.04432e+16,2020,1,2,Road Accidents,Junction,City/Town,Near Bus stop,Human Error,No,Simple Injury,Vehicle to Vehicle,Signal lights Automatic,Straight and flat,NH,Bitumen(Tar),Dry,Not Applicable,Clear,Hosur  Main Road,Hosa Road Junction,5 KM,12.86996,77.65335,0,0,0.0,0.0
Bengaluru City,Electronic City Traffic PS,1.04432e+16,2020,1,2,Road Accidents,Junction,City/Town,Open area,Human Error,Yes,Fatal,Vehicle to Vehicle,Controlled,Others,NH,Bitumen(Tar),Dry,Not Applicable,Clear,Hosuru Main Road,D Mart,1kms,12.84335,77.6742,0,0,0.0,0.0
Bengaluru City,Electronic City Traffic PS,1.04432e+16,2020,1,2,Road Accidents,Narrow road,City/Town,Near School or College,Human Error,No,Damage Only,Vehicle to Vehicle,Not at  Junction,Straight and flat,NH,Bitumen(Tar),Dry,Not Applicable,Clear,Bangalore Main Road,Nice Bridge,3KM,12.85808,77.66257,0,0,0.0,0.0
Bengaluru City,Electronic City Traffic PS,1.04432e+16,2020,1,1,Road Accidents,Narrow road,City/Town,Near Bus stop,Human Error,Yes,Grievous Injury,Hit pedestrian,Not at  Junction,Straight and flat,NH,Bitumen(Tar),Dry,Not Applicable,Clear,Hosur  Main Road,Singasandra Bus Stand,6KM,12.87895,77.646444,0,0,0.0,0.0
Bengaluru City,Electronic City Traffic PS,1.04432e+16,2020,1,1,Road Accidents,Narrow road,City/Town,Open area,Human Error,No,Fatal,Vehicle to Vehicle,Controlled,Others,NH,Bitumen(Tar),Dry,Not Applicable,Clear,Elevated Flyover Road,Near Metro mall,2,0.0,0.0,0,0,0.0,0.0
Bengaluru City,Electronic City Traffic PS,1.04432e+16,2020,1,2,Road Accidents,Narrow road,City/Town,Open area,Human Error,No,Fatal,Vehicle to Vehicle,Controlled,Others,NH,Bitumen(Tar),Dry,Not Applicable,Fine,Choodasandra  Circle,Choodasandra,7kms,12.88851,77.67293,0,0,0.0,0.0
Bengaluru City,Electronic City Traffic PS,1.04432e+16,2020,1,1,Road Accidents,Narrow road,City/Town,Near Bus stop,Human Error,No,Damage Only,Not Applicable,Not at  Junction,Straight and flat,NH,Bitumen(Tar),Dry,Not Applicable,Clear,Hosru Main Road,piller 35,6km,12.89924,77.6339,0,0,0.0,0.0
Bengaluru City,Electronic City Traffic PS,1.04432e+16,2020,1,2,Road Accidents,Narrow road,City/Town,Near Bus stop,Human Error,No,Simple Injury,Vehicle to Vehicle,Not at  Junction,Straight and flat,NH,Bitumen(Tar),Dry,Not Applicable,Clear,Hosru Main Road,BMTC DEPO,2KM,0.0,0.0,0,0,0.0,0.0
Bengaluru City,Electronic City Traffic PS,1.04432e+16,2020,1,1,Road Accidents,Narrow road,City/Town,Open area,Human Error,Yes,Fatal,Hit pedestrian,Controlled,Others,NH,Bitumen(Tar),Dry,Not Applicable,Clear,Hosuru Road,Audi Car Service Center,2,12.84167,77.67598,0,0,0.0,0.0
Bengaluru City,Electronic City Traffic PS,1.04432e+16,2020,1,1,Road Accidents,Narrow road,City/Town,Near Bus stop,Human Error,Yes,Simple Injury,Hit pedestrian,Not at  Junction,Straight and flat,NH,Bitumen(Tar),Dry,Not Applicable,Clear,Hosru Main Road,SBI Bank,6KM,12.88014,77.64566,0,0,0.0,0.0
Bengaluru City,Electronic City Traffic PS,1.04432e+16,2020,1,1,Road Accidents,Narrow road,City/Town,Near Bus stop,Human Error,No,Simple Injury,Not Applicable,Not at  Junction,Straight and flat,Others,Bitumen(Tar),Dry,Not Applicable,Clear,Bettadasanapura Road,Near Jelly mechine,6KM,12.83627,77.62506,0,0,0.0,0.0
Bengaluru City,Electronic City Traffic PS,1.04432e+16,2020,1,2,Road Accidents,Junction,City/Town,Near Bus stop,Human Error,Yes,Fatal,Vehicle to Vehicle,Signal lights Automatic,Straight and flat,NH,Bitumen(Tar),Dry,Not Applicable,Clear,Hosur  Main Road,Veerasandra Junction,3km,12.83997,77.67682,0,0,0.0,0.0
Bengaluru City,Electronic City Traffic PS,1.04432e+16,2020,1,2,Road Accidents,Not Applicable,City/Town,Near Petrol Pump,Human Error,No,Damage Only,Vehicle to Vehicle,Not at  Junction,Straight and flat,NH,Bitumen(Tar),Dry,Not Applicable,Clear,Hosur Serivce Road,Veerasandra Petrol Pump,2KM,12.83874,77.6781,0,0,0.0,0.0
Bengaluru City,Electronic City Traffic PS,1.04432e+16,2020,1,2,Road Accidents,Narrow road,City/Town,Near Bus stop,Human Error,Yes,Simple Injury,Vehicle to Vehicle,Not at  Junction,Straight and flat,NH,Bitumen(Tar),Dry,Not Applicable,Clear,Hosur  Main Road,Electronic city Toll,1KM,12.84672,77.67137,0,0,0.0,0.0
Bengaluru City,Electronic City Traffic PS,1.04432e+16,2020,1,2,Road Accidents,Narrow road,City/Town,Near Bus stop,Human Error,No,Simple Injury,Vehicle to Vehicle,Not at  Junction,Straight and flat,NH,Bitumen(Tar),Dry,Not Applicable,Clear,Hosur Service Road,yashas,6KM,12.875405,77.649031,0,0,0.0,0.0