DISTRICTNAME,UNITNAME,Crime_No,Year,RI,Noofvehicle_involved,Accident_Classification,Accident_Spot,Accident_Location,Accident_SubLocation,Main_Cause,Hit_Run,Severity,Collision_Type,Junction_Control,Road_Character,Road_Type,Surface_Type,Surface_Condition,Road_Condition,Weather,Accident_Road,Landmark_first,Distance_LandMark_First,Latitude,Longitude,Road_Condition_Score,Surface_Condition_Score,Surface_Type_Score,Road_Risk_Index
Bengaluru City,Electronic City Traffic PS,1.04432e+16,2020,1,2,Road Accidents,Junction,City/Town,Near Bus stop,Human Error,No,Simple Injury,Vehicle to Vehicle,Police / Manual,Straight and flat,Others,Bitumen(Tar),Dry,Not Applicable,Clear,Doddathogur Road,PCR Garden,2KM,12.84358,77.64426,0,0,0.0,0.0
Bengaluru City,Electronic City Traffic PS,1.04432e+16,2020,1,2,Road Accidents,Narrow road,City/Town,Near Bus stop,Human Error,No,Simple Injury,Vehicle to Vehicle,Not at  Junction,Straight and flat,NH,Bitumen(Tar),Dry,Not Applicable,Clear,Hosru Main Road,EC 2,3KM,12.85701,77.663369,0,0,0.0,0.0
Bengaluru City,Electronic City Traffic PS,1.04432e+16,2020,1,2,Road Accidents,Narrow road,City/Town,Near Bus stop,Human Error,Yes,Simple Injury,Vehicle to Vehicle,Not at  Junction,Straight and flat,Others,Bitumen(Tar),Dry,Not Applicable,Clear,Hosuru Main Road,Hosa Road Junction,5KM,12.87085,77.65269,0,0,0.0,0.0
Bengaluru City,Electronic City Traffic PS,1.04432e+16,2020,1,1,Road Accidents,Narrow road,City/Town,Near Bus stop,Human Error,No,Simple Injury,Hit pedestrian,Not at  Junction,Straight and flat,NH,Bitumen(Tar),Dry,Not Applicable,Clear,Hosru Main Road,Piller 33,7KM,12.89944,77.63369,0,0,0.0,0.0
Bengaluru City,Electronic City Traffic PS,1.04432e+16,2020,1,1,Road Accidents,Cross roads,City/Town,Open area,Human Error,No,Fatal,Vehicle to Vehicle,Controlled,Others,NH,Bitumen(Tar),Dry,Not Applicable,Clear,Near Royal Enfield Show Room,Singasandra,5kms,12.88588,77.64201,0,0,0.0,0.0
Bengaluru City,Electronic City Traffic PS,1.04432e+16,2020,1,2,Road Accidents,Narrow road,City/Town,Near Bus stop,Human Error,No,Simple Injury,Vehicle to Vehicle,Not at  Junction,Straight and flat,NH,Bitumen(Tar),Dry,Not Applicable,Clear,Husuru Main Road,Stanly Building,2KM,12.84031,77.67699,0,0,0.0,0.0
Bengaluru City,Electronic City Traffic PS,1.04432e+16,2020,1,2,Road Accidents,Narrow road,City/Town,Near Bus stop,Human Error,No,Simple Injury,Vehicle to Vehicle,Not at  Junction,Straight and flat,NH,Bitumen(Tar),Dry,Not Applicable,Clear,Hosru Main Road,nexa car Showroom,5KM,12.86682,77.65593,0,0,0.0,0.0
Bengaluru City,Electronic City Traffic PS,1.04432e+16,2020,1,1,Road Accidents,Not Applicable,City/Town,Near office complex,Human Error,No,Simple Injury,Hit pedestrian,Not at  Junction,Straight and flat,NH,Bitumen(Tar),Dry,Not Applicable,Cloudy,Hosur road Service road,Near Lake GB Pallya,8KM,12.89593,77.6359,0,0,0.0,0.0
Bengaluru City,Electronic City Traffic PS,1.04432e+16,2020,1,1,Road Accidents,Narrow road,City/Town,Near Bus stop,Human Error,Yes,Simple Injury,Vehicle to Vehicle,Not at  Junction,Straight and flat,NH,Bitumen(Tar),Dry,Not Applicable,Clear,Hosuru Main  Road,Near NTTF College,2KM,12.8479,77.67074,0,0,0.0,0.0
Bengaluru City,Electronic City Traffic PS,1.04432e+16,2020,1,2,Road Accidents,Narrow road,City/Town,Open area,Human Error,No,Damage Only,Vehicle to Vehicle,Not at  Junction,Straight and flat,Others,Bitumen(Tar),Dry,Not Applicable,Clear,ITI Layout Road,ITI Layout,6KM,12.8985,77.64249,0,0,0.0,0.0
Bengaluru City,Electronic City Traffic PS,1.04432e+16,2020,1,2,Road Accidents,Narrow road,City/Town,Near Bus stop,Human Error,No,Damage Only,Vehicle to Vehicle,Not at  Junction,Straight and flat,NH,Bitumen(Tar),Dry,Not Applicable,Clear,Hosur  Main Road,betpl,2 KM,12.84651,77.67179,0,0,0.0,0.0
Bengaluru City,Electronic City Traffic PS,1.04432e+16,2020,1,2,Road Accidents,Narrow road,City/Town,Near Bus stop,Human Error,No,Grievous Injury,Vehicle to Vehicle,Signal lights Automatic,Straight and flat,NH,Bitumen(Tar),Dry,Not Applicable,Clear,Hosur Main Road,Konappana Agrahara Junction,3KM,12.85613,77.66439,0,0,0.0,0.0
Bengaluru City,Electronic City Traffic PS,1.04432e+16,2020,1,2,Road Accidents,Narrow road,City/Town,Near Bus stop,Human Error,No,Damage Only,Vehicle to Vehicle,Not at  Junction,Straight and flat,NH,Bitumen(Tar),Dry,Not Applicable,Clear,Hosur  Main Road,Veerasandra Junction,2KM,12.83997,77.67698,0,0,0.0,0.0
Bengaluru City,Electronic City Traffic PS,1.04432e+16,2020,1,2,Road Accidents,Narrow road,City/Town,Near Bus stop,Human Error,Yes,Simple Injury,Vehicle to Vehicle,Not at  Junction,Straight and flat,NH,Bitumen(Tar),Dry,Not Applicable,Clear,BETL Flyover Road,Hosaroad,4KM,12.8657,77.6534,0,0,0.0,0.0
Bengaluru City,Electronic City Traffic PS,1.04432e+16,2020,1,1,Road Accidents,Narrow road,City/Town,Near office complex,Human Error,Yes,Simple Injury,Hit pedestrian,Not at  Junction,Straight and flat,NH,Bitumen(Tar),Dry,Not Applicable,Clear,Hosur  Main Road,chikkathogur Gate,4 Kms,12.86692,77.65549,0,0,0.0,0.0
Bengaluru City,Electronic City Traffic PS,1.04432e+16,2020,1,1,Road Accidents,Narrow road,City/Town,Near Petrol Pump,Human Error,No,Simple Injury,Not Applicable,Not at  Junction,Straight and flat,Others,Bitumen(Tar),Dry,Not Applicable,Clear,HCL company road,Mesurmeent,2KM,12.84278,77.66978,0,0,0.0,0.0
Bengaluru City,Electronic City Traffic PS,1.04432e+16,2020,1,1,Road Accidents,Narrow road,City/Town,Near Bus stop,Human Error,No,Damage Only,Not Applicable,Not at  Junction,Straight and flat,NH,Bitumen(Tar),Dry,Not Applicable,Clear,NTTF Road,Hosur Serivice Road,2KM,12.84753,77.67071,0,0,0.0,0.0
Bengaluru City,Electronic City Traffic PS,1.04432e+16,2020,1,2,Road Accidents,Narrow road,City/Town,Near Petrol Pump,Human Error,Yes,Simple Injury,Vehicle to Vehicle,Not at  Junction,Straight and flat,Others,Bitumen(Tar),Dry,Not Applicable,Clear,Mailasandra Road,Petrol Pump,7KM,12.84341,77.61348,0,0,0.0,0.0
Bengaluru City,Electronic City Traffic PS,1.04432e+16,2020,1,1,Road Accidents,Not Applicable,City/Town,Near Bus stop,Human Error,No,Simple Injury,Not Applicable,Not Applicable,Curve,Others,Bitumen(Tar),Dry,Not Applicable,Clear,Begur koppa Main road,Vaddrapallya,7KM,12.8439,77.61181,0,0,0.0,0.0
Bengaluru City,Electronic City Traffic PS,1.04432e+16,2020,1,2,Not Applicable,Narrow road,City/Town,Residential area,Human Error,Yes,Simple Injury,Vehicle to Vehicle,Not at  Junction,Straight and flat,Others,Bitumen(Tar),Dry,Not Applicable,Clear,Venugopalaswamy Temple Road,Venugopalaswamy Temple Road,3KM,12.85388,77.67202,0,0,0.0,0.0
Bengaluru City,Electronic City Traffic PS,1.04432e+16,2020,1,2,Road Accidents,Cross roads,City/Town,Near Petrol Pump,Human Error,Yes,Fatal,Vehicle to Vehicle,Uncontrolled,Straight and flat,Others,Bitumen(Tar),Dry,Not Applicable,Clear,Begur koppa road,Near Indian oil,5kms,12.84236,77.61858,0,0,0.0,0.0
Bengaluru City,Electronic City Traffic PS,1.04432e+16,2020,1,3,Road Accidents,Narrow road,City/Town,Near office complex,Human Error,No,Simple Injury,Vehicle to Vehicle,Not at  Junction,Straight and flat,Others,Bitumen(Tar),Dry,Not Applicable,Clear,HCL company road,Near Titan Company,1KM,12.84211,77.6682,0,0,0.0,0.0
Bengaluru City,Electronic City Traffic PS,1.04432e+16,2020,1,2,Road Accidents,Narrow road,City/Town,Near office complex,Human Error,No,Simple Injury,Vehicle to Vehicle,Not at  Junction,Straight and flat,Others,Bitumen(Tar),Dry,Not Applicable,Clear,Kudlu Road,Kwary,6KM,12.88401,77.65576,0,0,0.0,0.0
Bengaluru City,Electronic City Traffic PS,1.04432e+16,2020,1,1,Road Accidents,Narrow road,City/Town,Near Bus stop,Human Error,No,Simple Injury,Not Applicable,Not at  Junction,Straight and flat,Others,Bitumen(Tar),Dry,Not Applicable,Clear,Electronic City Phase 1 Main Road,Toll EC,1,12.84559,77.6679,0,0,0.0,0.0
Bengaluru City,Electronic City Traffic PS,1.04432e+16,2020,1,2,Road Accidents,Narrow road,City/Town,Open area,Human Error,Yes,Fatal,Vehicle to Vehicle,Uncontrolled,Others,Others,Bitumen(Tar),Dry,Not Applicable,Clear,Hosuru Main Road,Near Tata Motors Service Center,4kms,12.871,77.65232,0,0,0.0,0.0
Bengaluru City,Electronic City Traffic PS,1.04432e+16,2020,1,1,Road Accidents,Narrow road,City/Town,Near Bus stop,Human Error,No,Simple Injury,Hit pedestrian,Not at  Junction,Straight and flat,NH,Bitumen(Tar),Dry,Not Applicable,Clear,Hosuru  Main Road,Near PES colleg,4KM,12.85812,77.66284,0,0,0.0,0.0
Bengaluru City,Electronic City Traffic PS,1.04432e+16,2020,1,1,Road Accidents,Narrow road,City/Town,Near Bus stop,Human Error,No,Damage Only,Hit animal,Not at  Junction,Straight and flat,NH,Bitumen(Tar),Dry,Not Applicable,Clear,Hosru Main Road,sahara pevilian,6 KM,12.88535,77.64224,0,0,0.0,0.0
Bengaluru City,Electronic City Traffic PS,1.04432e+16,2021,1,2,Road Accidents,Junction,City/Town,Near Bus stop,Human Error,Yes,Simple Injury,Vehicle to Vehicle,Signal lights Automatic,Straight and flat,NH,Bitumen(Tar),Dry,Not Applicable,Clear,Hosuru  Main Road,Konappana Agrahara Junction,3 KM,12.85605,77.66446,0,0,0.0,0.0
Bengaluru City,Electronic City Traffic PS,1.04432e+16,2021,1,2,Road Accidents,Not Applicable,City/Town,Near Hospital,Human Error,No,Simple Injury,Vehicle to Vehicle,Controlled,Others,Others,Bitumen(Tar),Dry,Not Applicable,Clear,Naganathapur Basch company,Near Bosch company Gate,5 KM,12.87177,77.66216,0,0,0.0,0.0
Bengaluru City,Electronic City Traffic PS,1.04432e+16,2021,1,2,Road Accidents,Narrow road,City/Town,Open area,Human Error,No,Fatal,Vehicle to Vehicle,Controlled,Others,NH,Bitumen(Tar),Dry,Not Applicable,Clear,Hosuru Main Road,Konappana Agrahara,2kms,12.85616,77.66422,0,0,0.0,0.0
Bengaluru City,Electronic City Traffic PS,1.04432e+16,2021,1,2,Road Accidents,Junction,City/Town,Near Bus stop,Human Error,No,Simple Injury,Vehicle to Vehicle,Signal lights Automatic,Straight and flat,NH,Bitumen(Tar),Dry,Not Applicable,Clear,Hosru Main Road,Venkateshwara Chitramandiar,3 KM,12.85616,77.66439,0,0,0.0,0.0
Bengaluru City,Electronic City Traffic PS,1.04432e+16,2021,1,3,Road Accidents,Narrow road,City/Town,Near Petrol Pump,Human Error,No,Simple Injury,Vehicle to Vehicle,Not at  Junction,Not Applicable,Others,Bitumen(Tar),Dry,Not Applicable,Clear,Begur koppa Main road,TVS Showroom,6km,12.83978,77.6212,0,0,0.0,0.0
Bengaluru City,Electronic City Traffic PS,1.04432e+16,2021,1,2,Road Accidents,Narrow road,City/Town,Near Bus stop,Human Error,No,Simple Injury,Vehicle to Vehicle,Not at  Junction,Straight and flat,NH,Bitumen(Tar),Dry,Not Applicable,Clear,Hosur Main Road,Hosur main road,3 km,12.87062,77.65273,0,0,0.0,0.0
Bengaluru City,Electronic City Traffic PS,1.04432e+16,2021,1,1,Road Accidents,Not Applicable,City/Town,Near Petrol Pump,Human Error,No,Simple Injury,Hit pedestrian,Controlled,Straight and flat,Others,Bitumen(Tar),Dry,Not Applicable,Clear,Managmanapalya Road,Near Tota Gas,10,12.90666,77.6322,0,0,0.0,0.0
Bengaluru City,Electronic City Traffic PS,1.04432e+16,2021,1,2,Road Accidents,Narrow road,City/Town,Near Bus stop,Human Error,No,Simple Injury,Vehicle to Vehicle,Controlled,Straight and flat,NH,Bitumen(Tar),Dry,Not Applicable,Clear,Hosur Service Road,Near IOC Petrol Pump,6km,12.88115,77.64505,0,0,0.0,0.0
Bengaluru City,Electronic City Traffic PS,1.04432e+16,2021,1,1,Road Accidents,Not Applicable,City/Town,Near Bus stop,Human Error,No,Simple Injury,Hit pedestrian,Controlled,Straight and flat,NH,Bitumen(Tar),Dry,Not Applicable,Clear,HosaRoad Service Road,Near BMTC Depo,2,12.8467,77.67207,0,0,0.0,0.0
Bengaluru City,Electronic City Traffic PS,1.04432e+16,2021,1,1,Road Accidents,Narrow road,City/Town,Near Petrol Pump,Human Error,Yes,Simple Injury,Hit pedestrian,Not Applicable,Straight and flat,NH,Bitumen(Tar),Dry,Not Applicable,Clear,Hosur Serivce Road,Shell Petrol Bunk,9km,12.90079,77.63297,0,0,0.0,0.0
Bengaluru City,Electronic City Traffic PS,1.04432e+16,2021,1,2,Road Accidents,Cross roads,Rural Areas,Near School or College,Human Error,No,Simple Injury,Vehicle to Vehicle,Controlled,Curve,Others,Bitumen(Tar),Dry,Not Applicable,Clear,Bettadasanapura Road,Near Timmarayaswamy Temple,4,12.83879,77.6286,0,0,0.0,0.0
Bengaluru City,Electronic City Traffic PS,1.04432e+16,2021,1,1,Road Accidents,Narrow road,City/Town,Near Bus stop,Human Error,No,Simple Injury,Not Applicable,Not at  Junction,Straight and flat,NH,Bitumen(Tar),Dry,Not Applicable,Clear,Hosur Main Road,Near Pai Showroom,8KM,12.89696,77.63521,0,0,0.0,0.0
Bengaluru City,Electronic City Traffic PS,1.04432e+16,2021,1,1,Road Accidents,Narrow road,City/Town,Residential area,Human Error,Not Applicable,Simple Injury,Hit pedestrian,Not at  Junction,Others,Others,Bitumen(Tar),Dry,Not Applicable,Clear,Hosur Main Road,Hosur Main Road,2 km,12.86286,77.65903,0,0,0.0,0.0
Bengaluru City,Electronic City Traffic PS,1.04432e+16,2021,1,2,Road Accidents,Junction,City/Town,Near Bus stop,Human Error,No,Simple Injury,Vehicle to Vehicle,Signal lights Automatic,Straight and flat,NH,Bitumen(Tar),Dry,Not Applicable,Clear,Bangalore Main Road,Konappana Agrahara Junction,3 KM,12.85623,77.66407,0,0,0.0,0.0
Bengaluru City,Electronic City Traffic PS,1.04432e+16,2021,1,2,Road Accidents,Narrow road,City/Town,Near Hospital,Human Error,No,Simple Injury,Vehicle to Vehicle,Signal lights Manual,Straight and flat,NH,Bitumen(Tar),Dry,Not Applicable,Clear,Hosur  Main Road,Konappana Agrahara,3km,12.85615,77.66413,0,0,0.0,0.0
Bengaluru City,Electronic City Traffic PS,1.04432e+16,2021,1,1,Road Accidents,Narrow road,City/Town,Open area,Human Error,Yes,Fatal,Hit pedestrian,Controlled,Others,NH,Bitumen(Tar),Dry,Not Applicable,Clear,Hosuru Main Road,Opp SBI Bank,2kms,12.8681,77.65485,0,0,0.0,0.0
Bengaluru City,Electronic City Traffic PS,1.04432e+16,2021,1,1,Road Accidents,Narrow road,City/Town,Near Petrol Pump,Human Error,No,Simple Injury,Not Applicable,Not at  Junction,Straight and flat,Others,Bitumen(Tar),Dry,Not Applicable,Clear,R S Junction Road,R S Junction,1KM,12.84188,77.66649,0,0,0.0,0.0
Bengaluru City,Electronic City Traffic PS,1.04432e+16,2021,1,1,Road Accidents,Narrow road,City/Town,Open area,Human Error,No,Simple Injury,Not Applicable,Not at  Junction,Straight and flat,Expressway,Bitumen(Tar),Dry,Not Applicable,Clear,Nice Road,Begur koppa bridge,5 kms,12.85501,77.61014,0,0,0.0,0.0
Bengaluru City,Electronic City Traffic PS,1.04432e+16,2021,1,1,Road Accidents,Narrow road,City/Town,Open area,Human Error,No,Damage Only,Vehicle to Vehicle,Not at  Junction,Straight and flat,Expressway,Bitumen(Tar),Dry,Not Applicable,Clear,Nice Road,Nice Road E C Toll,3 KM,12.85912,77.65595,0,0,0.0,0.0
Bengaluru City,Electronic City Traffic PS,1.04432e+16,2021,1,1,Road Accidents,Narrow road,City/Town,Near Bus stop,Human Error,No,Simple Injury,Hit pedestrian,Not Applicable,Others,NH,Bitumen(Tar),Dry,Not Applicable,Clear,"Electronic City,",Electronic city Near bsu stop,2 km,12.84636,77.67188,0,0,0.0,0.0
Bengaluru City,Electronic City Traffic PS,1.04432e+16,2021,1,1,Road Accidents,Narrow road,City/Town,Open area,Human Error,No,Grievous Injury,Not Applicable,Not Applicable,Others,Expressway,Bitumen(Tar),Dry,Not Applicable,Clear,Nice Road,Nice Road Near Toll plaza,2 KMS,12.85959,77.65459,0,0,0.0,0.0
Bengaluru City,Electronic City Traffic PS,1.04432e+16,2021,1,2,Road Accidents,Not Applicable,City/Town,Near Petrol Pump,Human Error,No,Simple Injury,Vehicle to Vehicle,Controlled,Straight and flat,NH,Bitumen(Tar),Dry,Not Applicable,Clear,HosaRoad Service Road,Near IOC Petrol Pump,6 KM,12.88117,77.64503,0,0,0.0,0.0
Bengaluru City,Electronic City Traffic PS,1.04432e+16,2021,1,2,Road Accidents,Narrow road,City/Town,Open area,Human Error,No,Simple Injury,Vehicle to Vehicle,Not Applicable,Others,NH,Bitumen(Tar),Dry,Not Applicable,Clear,Hosru Main Road,Hosru Main Road Konappana Agrahar,2 km,12.85613,77.66438,0,0,0.0,0.0
Bengaluru City,Electronic City Traffic PS,1.04432e+16,2021,1,1,Road Accidents,Not Applicable,City/Town,Open area,Human Error,No,Simple Injury,Not Applicable,Not at  Junction,Straight and flat,Expressway,Bitumen(Tar),Dry,Not Applicable,Clear,Nice Road,Near Basapur Bridge,4,12.86244,77.6485,0,0,0.0,0.0
Bengaluru City,Electronic City Traffic PS,1.04432e+16,2021,1,3,Road Accidents,Not Applicable,City/Town,Near Bus stop,Human Error,No,Simple Injury,Vehicle to Vehicle,Controlled,Straight and flat,NH,Bitumen(Tar),Dry,Not Applicable,Clear,Hosur  Main Road,Shell Petrol Bunk,7 kms,12.89946,77.63368,0,0,0.0,0.0
Bengaluru City,Electronic City Traffic PS,1.04432e+16,2021,1,2,Road Accidents,Narrow road,City/Town,Near Bus stop,Human Error,No,Simple Injury,Vehicle to Vehicle,Not at  Junction,Straight and flat,One way,Bitumen(Tar),Dry,Not Applicable,Clear,Yallamma temple road,Yallamma temple,2KM,12.85364,77.66465,0,0,0.0,0.0
Bengaluru City,Electronic City Traffic PS,1.04432e+16,2021,1,2,Road Accidents,Cross roads,Rural Areas,Near Petrol Pump,Human Error,No,Simple Injury,Vehicle to Vehicle,Controlled,Curve,Major District Road,Bitumen(Tar),Dry,Not Applicable,Clear,Begur koppa Main road,mylasandra,5 KM,12.83692,77.62452,0,0,0.0,0.0
Bengaluru City,Electronic City Traffic PS,1.04432e+16,2021,1,2,Road Accidents,Narrow road,City/Town,Near Bus stop,Human Error,No,Simple Injury,Vehicle to Vehicle,No signal lights,Straight and flat,Others,Bitumen(Tar),Dry,Not Applicable,Clear,Begur koppa Main road,Atithi Grand Hotel,6KM,0.0,0.0,0,0,0.0,0.0
Bengaluru City,Electronic City Traffic PS,1.04432e+16,2021,1,2,Road Accidents,Narrow road,City/Town,Open area,Human Error,No,Simple Injury,Vehicle to Vehicle,Not at  Junction,Straight and flat,NH,Bitumen(Tar),Dry,Not Applicable,Clear,Elevated Fly over Road,Hosaroad Junction,3 KM,12.87576,77.67261,0,0,0.0,0.0
Bengaluru City,Electronic City Traffic PS,1.04432e+16,2021,1,2,Road Accidents,Narrow road,City/Town,Near office complex,Human Error,No,Simple Injury,Vehicle to Vehicle,Not at  Junction,Straight and flat,NH,Bitumen(Tar),Dry,Not Applicable,Clear,Hosur Serivce Road,Bosch Company Bommmanahalli,6 KM,12.90173,77.63105,0,0,0.0,0.0
Bengaluru City,Electronic City Traffic PS,1.04432e+16,2021,1,1,Road Accidents,Narrow road,City/Town,Residential area,Human Error,Not Applicable,Simple Injury,Not Applicable,Not Applicable,Others,Residential Street,Bitumen(Tar),Dry,Not Applicable,Clear,Managmanapalya Road,Managmanapalya Road,7KM,12.90157,77.63884,0,0,0.0,0.0
Bengaluru City,Electronic City Traffic PS,1.04432e+16,2021,1,1,Road Accidents,Narrow road,City/Town,Open area,Not Applicable,No,Simple Injury,Hit pedestrian,Not Applicable,Others,Two way,Bitumen(Tar),Dry,Not Applicable,Clear,AECS Layout  Road,AECS Layout road,4 Km,12.87668,77.65434,0,0,0.0,0.0
Bengaluru City,Electronic City Traffic PS,1.04432e+16,2021,1,2,Road Accidents,Junction,City/Town,Near a factory industrial area,Human Error,No,Grievous Injury,Vehicle to Vehicle,Controlled,Straight and flat,NH,Bitumen(Tar),Dry,Not Applicable,Clear,Hosru Main Road,Veerasandra Junction,02km,12.83998,77.67686,0,0,0.0,0.0
Bengaluru City,Electronic City Traffic PS,1.04432e+16,2021,1,2,Road Accidents,Not Applicable,City/Town,Open area,Human Error,No,Fatal,Vehicle to Vehicle,Give way sign,Others,NH,Bitumen(Tar),Dry,Not Applicable,Clear,Hosur Main Road,Near Electronic City Toll Plaza,30 fee,12.84019,77.67689,0,0,0.0,0.0
Bengaluru City,Electronic City Traffic PS,1.04432e+16,2021,1,2,Road Accidents,Junction,City/Town,Near Bus stop,Human Error,No,Damage Only,Vehicle to Vehicle,Signal lights Automatic,Straight and flat,NH,Bitumen(Tar),Dry,Not Applicable,Clear,Hosur  Main Road,Konappana Agrahara Junction,3 KM,12.856,77.66426,0,0,0.0,0.0
Bengaluru City,Electronic City Traffic PS,1.04432e+16,2021,1,1,Road Accidents,Junction,City/Town,Near a factory industrial area,Human Error,Yes,Grievous Injury,Hit bicyclist,Controlled,Straight and flat,NH,Bitumen(Tar),Dry,Not Applicable,Clear,Nh-44Hosuru Main Road,Veerasandra Junction,2 KM,12.84005,77.67697,0,0,0.0,0.0
Bengaluru City,Electronic City Traffic PS,1.04432e+16,2021,1,2,Road Accidents,Narrow road,City/Town,Near office complex,Human Error,No,Simple Injury,Vehicle to Vehicle,Not at  Junction,Straight and flat,NH,Bitumen(Tar),Dry,Not Applicable,Clear,Hosru Service Road,Bosch service center,2 KM,12.84359,77.67444,0,0,0.0,0.0
Bengaluru City,Electronic City Traffic PS,1.04432e+16,2021,1,1,Road Accidents,Curves,City/Town,Near School or College,Human Error,Yes,Simple Injury,Hit pedestrian,Controlled,Curve,Others,Bitumen(Tar),Dry,Not Applicable,Clear,Pes College Road,Near Pes college Ground,3 KM,12.8599,77.66372,0,0,0.0,0.0
Bengaluru City,Electronic City Traffic PS,1.04432e+16,2021,1,2,Road Accidents,Narrow road,City/Town,Near office complex,Human Error,Yes,Simple Injury,Vehicle to Vehicle,Not at  Junction,Straight and flat,Others,Bitumen(Tar),Dry,Not Applicable,Clear,vinayaka layout road,vinayaka layout,3 KM,12.84762,77.68238,0,0,0.0,0.0
Bengaluru City,Electronic City Traffic PS,1.04432e+16,2021,1,2,Road Accidents,Narrow road,City/Town,Residential area,Not Applicable,Not Applicable,Fatal,Vehicle to Vehicle,Not Applicable,Not Applicable,Residential Street,Bitumen(Tar),Dry,Not Applicable,Clear,Doddatoguru Cross Road Near Cocanut Grove Apartament Electronic city,Doddatoguru Cross Road Near Cocanut Grove Apartament Electronic city,3 km,12.85816,77.64609,0,0,0.0,0.0
Bengaluru City,Electronic City Traffic PS,1.04432e+16,2021,1,2,Road Accidents,Not Applicable,City/Town,In bazaar,Human Error,No,Simple Injury,Vehicle to Vehicle,Controlled,Straight and flat,NH,Bitumen(Tar),Dry,Not Applicable,Clear,Hosur Main Road,D Mart,2 km,12.84342,77.67419,0,0,0.0,0.0
Bengaluru City,Electronic City Traffic PS,1.04432e+16,2021,1,2,Road Accidents,Narrow road,City/Town,Near Bus stop,Human Error,No,Simple Injury,Vehicle to Vehicle,Not at  Junction,Straight and flat,NH,Bitumen(Tar),Dry,Not Applicable,Clear,Hosur Service Road,Near BMTC Depo,2KM,12.84957,77.66967,0,0,0.0,0.0
Bengaluru City,Electronic City Traffic PS,1.04432e+16,2021,1,2,Road Accidents,Narrow road,City/Town,Near Bus stop,Human Error,No,Simple Injury,Vehicle to Vehicle,Not at  Junction,Straight and flat,NH,Bitumen(Tar),Dry,Not Applicable,Clear,Kudlu Road,Kudlu Lake,6KM,12.89299,77.65599,0,0,0.0,0.0
Bengaluru City,Electronic City Traffic PS,1.04432e+16,2021,1,2,Road Accidents,Junction,City/Town,Near a factory industrial area,Human Error,No,Simple Injury,Vehicle to Vehicle,Controlled,Straight and flat,NH,Bitumen(Tar),Others,Not Applicable,Clear,Hosur Main Road,veerasandra junction,1.5 km,12.83988,77.67696,0,1,0.0,1.0
Bengaluru City,Electronic City Traffic PS,1.04432e+16,2021,1,2,Road Accidents,Road hump or Rumble strips,City/Town,Open area,Human Error,No,Fatal,Vehicle to Vehicle,No signal lights,Others,Service Road,Bitumen(Tar),Dry,Not Applicable,Clear,Singasandra service road,Singasandra bus stop,T.,12.879012,77.646384,0,0,0.0,0.0
Bengaluru City,Electronic City Traffic PS,1.04432e+16,2021,1,4,Road Accidents,Narrow road,City/Town,Near a factory industrial area,Human Error,No,Simple Injury,Vehicle to Vehicle,Not at  Junction,Straight and flat,NH,Bitumen(Tar),Dry,Not Applicable,Clear,Elevated Fly over road,Near D Mart,2KM,12.84339,77.67427,0,0,0.0,0.0
Bengaluru City,Electronic City Traffic PS,1.04432e+16,2021,1,1,Road Accidents,Narrow road,City/Town,Near Bus stop,Human Error,Yes,Simple Injury,Hit pedestrian,Not at  Junction,Straight and flat,NH,Bitumen(Tar),Dry,Not Applicable,Clear,Hosur Service Road,Near Veerasandra Junction,2 KM,12.84064,77.67668,0,0,0.0,0.0
Bengaluru City,Electronic City Traffic PS,1.04432e+16,2021,1,1,Road Accidents,Narrow road,City/Town,Near Bus stop,Human Error,Not Applicable,Simple Injury,Not Applicable,Not at  Junction,Straight and flat,NH,Bitumen(Tar),Dry,Not Applicable,Clear,Hosru Service Road,Electronic city Toll,2 KM,12.84669,77.67267,0,0,0.0,0.0
Bengaluru City,Electronic City Traffic PS,1.04432e+16,2021,1,1,Road Accidents,Narrow road,City/Town,Near Bus stop,Human Error,No,Fatal,Hit pedestrian,Not at  Junction,Straight and flat,NH,Bitumen(Tar),Dry,Not Applicable,Clear,Hosur Main Road,bus stand,7 km,12.89626,77.63564,0,0,0.0,0.0