DISTRICTNAME,UNITNAME,Crime_No,Year,RI,Noofvehicle_involved,Accident_Classification,Accident_Spot,Accident_Location,Accident_SubLocation,Main_Cause,Hit_Run,Severity,Collision_Type,Junction_Control,Road_Character,Road_Type,Surface_Type,Surface_Condition,Road_Condition,Weather,Accident_Road,Landmark_first,Distance_LandMark_First,Latitude,Longitude,Road_Condition_Score,Surface_Condition_Score,Surface_Type_Score,Road_Risk_Index
Bengaluru City,Electronic City Traffic PS,1.04432e+16,2021,1,1,Road Accidents,Narrow road,City/Town,Near School or College,Human Error,No,Simple Injury,Hit pedestrian,Controlled,Straight and flat,NH,Bitumen(Tar),Dry,Not Applicable,Clear,Hosur Serivce Road,Canply,2 km,12.85907,77.66217,0,0,0.0,0.0
Bengaluru City,Electronic City Traffic PS,1.04432e+16,2021,1,1,Road Accidents,Bottleneck,City/Town,Open area,Human Error,No,Fatal,Hit pedestrian,Not Applicable,Others,NH,Bitumen(Tar),Dry,Not Applicable,Clear,Hosru Main Road Flyover,Hosru Main Road Flyover,4KM,12.88444,77.64294,0,0,0.0,0.0
Bengaluru City,Electronic City Traffic PS,1.04432e+16,2021,1,1,Road Accidents,Narrow road,City/Town,Near a factory industrial area,Human Error,Yes,Fatal,Hit pedestrian,Not Applicable,Others,NH,Bitumen(Tar),Dry,Not Applicable,Clear,Hosur Main Road Veersandra,Hosur Main Road,2 km,12.84046,77.67666,0,0,0.0,0.0
Bengaluru City,Electronic City Traffic PS,1.04432e+16,2021,1,1,Road Accidents,Narrow road,City/Town,Open area,Human Error,No,Simple Injury,Hit pedestrian,Not at  Junction,Straight and flat,NH,Bitumen(Tar),Dry,Not Applicable,Clear,Hosru Main Road,G B Pallya Signal,6KM,12.89438,77.63668,0,0,0.0,0.0
Bengaluru City,Electronic City Traffic PS,1.04432e+16,2021,1,1,Road Accidents,Narrow road,City/Town,Near Hospital,Human Error,Yes,Simple Injury,Hit pedestrian,Not at  Junction,Not Applicable,NH,Bitumen(Tar),Dry,Not Applicable,Clear,Bangalore Main Road,Whitefeatcher,4 Km,12.85993,77.66114,0,0,0.0,0.0
Bengaluru City,Electronic City Traffic PS,1.04432e+16,2021,1,2,Rail Road Accidents,Narrow road,Rural Areas,Open area,Human Error,Yes,Fatal,Vehicle to Vehicle,Not Applicable,Curve and Incline,Two way,Bitumen(Tar),Dry,Not Applicable,Clear,Rayasandra Road,Rayasandra Road,7 kms,12.86912,77.68304,0,0,0.0,0.0
Bengaluru City,Electronic City Traffic PS,1.04432e+16,2021,1,1,Road Accidents,Narrow road,City/Town,At pedestrian Crossing,Not Applicable,No,Simple Injury,Hit pedestrian,Not Applicable,Others,NH,Bitumen(Tar),Dry,Not Applicable,Clear,Hosur Main road,Hosur main road,2 km,12.84502,77.67319,0,0,0.0,0.0
Bengaluru City,Electronic City Traffic PS,1.04432e+16,2021,1,1,Road Accidents,Narrow road,City/Town,Near a factory industrial area,Human Error,No,Simple Injury,Hit pedestrian,Controlled,Straight and flat,NH,Bitumen(Tar),Dry,Not Applicable,Clear,Hosur Main Road,Near JSP Ford Showroom,6KM,12.8828,77.64395,0,0,0.0,0.0
Bengaluru City,Electronic City Traffic PS,1.04432e+16,2021,1,1,Road Accidents,Narrow road,City/Town,Open area,Human Error,No,Simple Injury,Hit bicyclist,Not Applicable,Others,NH,Bitumen(Tar),Dry,Not Applicable,Clear,Hosru Main Road,Hosru Main Road,5 KM,12.8822,77.64979,0,0,0.0,0.0
Bengaluru City,Electronic City Traffic PS,1.04432e+16,2021,1,2,Road Accidents,Narrow road,City/Town,Open area,Human Error,Yes,Simple Injury,Vehicle to Vehicle,Not at  Junction,Others,Others,Bitumen(Tar),Dry,Not Applicable,Clear,Silver county road Near Jai Bhimanagar,Silver county road Choodasandra,7 KM,12.88864,77.67259,0,0,0.0,0.0
Bengaluru City,Electronic City Traffic PS,1.04432e+16,2021,1,1,Road Accidents,Curves,City/Town,Open area,Human Error,No,Simple Injury,Not Applicable,Controlled,Curve,NH,Bitumen(Tar),Dry,Not Applicable,Clear,EC Phase 2,Electronic city,2 km,12.84481,77.67401,0,0,0.0,0.0
Bengaluru City,Electronic City Traffic PS,1.04432e+16,2021,1,2,Road Accidents,Narrow road,City/Town,Near a factory industrial area,Not Applicable,Not Applicable,Simple Injury,Vehicle to Vehicle,Not Applicable,Others,Service Road,Bitumen(Tar),Dry,Not Applicable,Clear,Hosur road Service road,Hosur service Road,2 km,12.84339,77.67404,0,0,0.0,0.0
Bengaluru City,Electronic City Traffic PS,1.04432e+16,2021,1,1,Road Accidents,Circle,City/Town,Near a factory industrial area,Human Error,No,Simple Injury,Hit bicyclist,Controlled,Curve,Others,Bitumen(Tar),Dry,Not Applicable,Clear,Electronic City Phase 1 Main Road,Near BHEl Jun,1km,12.84513,77.66007,0,0,0.0,0.0
Bengaluru City,Electronic City Traffic PS,1.04432e+16,2021,1,2,Road Accidents,Junction,City/Town,Near Bus stop,Human Error,Yes,Fatal,Vehicle to Vehicle,Signal lights Automatic,Straight and flat,NH,Bitumen(Tar),Dry,Not Applicable,Clear,Hosuru Main Road,Hosa road Bus stop,5kms,12.869081,77.654129,0,0,0.0,0.0
Bengaluru City,Electronic City Traffic PS,1.04432e+16,2021,1,2,Road Accidents,Narrow road,City/Town,Near a factory industrial area,Human Error,No,Fatal,Vehicle to Vehicle,Not Applicable,Not Applicable,NH,Bitumen(Tar),Dry,Not Applicable,Clear,Konappana Agrahara Signal,Konappana Agrahara,2 km,12.855,77.66512,0,0,0.0,0.0
Bengaluru City,Electronic City Traffic PS,1.04432e+16,2021,1,3,Road Accidents,Not Applicable,City/Town,Open area,Human Error,Yes,Fatal,Vehicle to Vehicle,Not at  Junction,Straight and flat,Expressway,Bitumen(Tar),Dry,Not Applicable,Clear,Eleveted Flyover Road,Near PES colleg,3 Km,12.8559,77.66447,0,0,0.0,0.0
Bengaluru City,Electronic City Traffic PS,1.04432e+16,2021,1,2,Road Accidents,Not Applicable,City/Town,Near School or College,Human Error,No,Simple Injury,Vehicle to Vehicle,Controlled,Straight and flat,Expressway,Bitumen(Tar),Dry,Not Applicable,Clear,Elevated Fly over road,Electronic City BETL Flyover Singasandra Bus Depo,6 KM,12.88221,77.64427,0,0,0.0,0.0
Bengaluru City,Electronic City Traffic PS,1.04432e+16,2021,1,2,Road Accidents,Circle,City/Town,Near Bus stop,Human Error,No,Simple Injury,Vehicle to Vehicle,Controlled,Others,Others,Bitumen(Tar),Dry,Not Applicable,Clear,EC Phase 2,Near xema College,3,12.84753,77.67473,0,0,0.0,0.0
Bengaluru City,Electronic City Traffic PS,1.04432e+16,2021,1,2,Road Accidents,Narrow road,City/Town,Near Hospital,Human Error,No,Simple Injury,Vehicle to Vehicle,Not at  Junction,Straight and flat,Expressway,Bitumen(Tar),Dry,Not Applicable,Clear,Nice Road,Near Venkateswara Theatre,3KM,12.8568,77.66413,0,0,0.0,0.0
Bengaluru City,Electronic City Traffic PS,1.04432e+16,2021,1,2,Road Accidents,Narrow road,City/Town,Near Bus stop,Human Error,No,Fatal,Vehicle to Vehicle,Not at  Junction,Straight and flat,Others,Bitumen(Tar),Dry,Not Applicable,Clear,Begur koppa Main road,Basaweshwara Circle,4 Km,12.84398,77.61168,0,0,0.0,0.0
Bengaluru City,Electronic City Traffic PS,1.04432e+16,2021,1,1,Road Accidents,Narrow road,City/Town,Near Bus stop,Human Error,Yes,Simple Injury,Hit pedestrian,Not at  Junction,Straight and flat,NH,Bitumen(Tar),Dry,Not Applicable,Clear,Hosur  Main Road,Veerasandra metro,2 KM,0.0,0.0,0,0,0.0,0.0
Bengaluru City,Electronic City Traffic PS,1.04432e+16,2021,1,2,Road Accidents,Narrow road,City/Town,Near office complex,Human Error,No,Simple Injury,Vehicle to Vehicle,Not at  Junction,Straight and flat,Others,Bitumen(Tar),Dry,Not Applicable,Clear,Parappana Agrahara road,Karnataka Bekary,6KM,12.87202,77.66263,0,0,0.0,0.0
Bengaluru City,Electronic City Traffic PS,1.04432e+16,2021,1,2,Road Accidents,Junction,City/Town,Near a factory industrial area,Not Applicable,No,Fatal,Vehicle to Vehicle,Not Applicable,Not Applicable,NH,Bitumen(Tar),Dry,Not Applicable,Clear,Hosru Main Road,Hosur main road,2 km,12.84029,77.67679,0,0,0.0,0.0
Bengaluru City,Electronic City Traffic PS,1.04432e+16,2021,1,2,Road Accidents,Junction,City/Town,Near a factory industrial area,Human Error,No,Simple Injury,Vehicle to Vehicle,Controlled,Straight and flat,NH,Bitumen(Tar),Dry,Not Applicable,Clear,Hosur Main road,Near Veerasandra Junction,2,12.83991,77.67693,0,0,0.0,0.0
Bengaluru City,Electronic City Traffic PS,1.04432e+16,2021,1,2,Road Accidents,Not Applicable,City/Town,Near School or College,Human Error,No,Simple Injury,Vehicle to Vehicle,Controlled,Straight and flat,NH,Bitumen(Tar),Dry,Not Applicable,Clear,Hosur Main Road,Near Hemadri Building,7 km,12.90418,77.63078,0,0,0.0,0.0
Bengaluru City,Electronic City Traffic PS,1.04432e+16,2021,1,2,Road Accidents,Narrow road,City/Town,Near School or College,Human Error,No,Simple Injury,Vehicle to Vehicle,Not at  Junction,Others,NH,Bitumen(Tar),Dry,Not Applicable,Clear,Bangalore service Road,NttF College,2 KM,12.84796,77.67049,0,0,0.0,0.0
Bengaluru City,Electronic City Traffic PS,1.04432e+16,2021,1,2,Road Accidents,Junction,City/Town,Near Bus stop,Human Error,No,Damage Only,Vehicle to Vehicle,Signal lights Automatic,Straight and flat,NH,Bitumen(Tar),Dry,Not Applicable,Clear,Hosur Main Road,Hosa Road Junction,5KM,12.86988,77.65341,0,0,0.0,0.0
Bengaluru City,Electronic City Traffic PS,1.04432e+16,2021,1,2,Road Accidents,Junction,City/Town,Near Bus stop,Human Error,No,Damage Only,Vehicle to Vehicle,Controlled,Straight and flat,Others,Bitumen(Tar),Dry,Not Applicable,Clear,Nice Road,Electronic city Nice Toll,3,12.85886,77.65588,0,0,0.0,0.0
Bengaluru City,Electronic City Traffic PS,1.04432e+16,2021,1,1,Road Accidents,Not Applicable,City/Town,Near Bus stop,Human Error,Yes,Simple Injury,Hit pedestrian,Controlled,Others,Others,Bitumen(Tar),Dry,Not Applicable,Clear,Bettadasanapura Road,Bettadasanpur Road Near Max Showroom,1.5 Km,12.84238,77.64419,0,0,0.0,0.0
Bengaluru City,Electronic City Traffic PS,1.04432e+16,2021,1,2,Road Accidents,Junction,City/Town,Near a factory industrial area,Human Error,No,Damage Only,Vehicle to Vehicle,Controlled,Straight and flat,NH,Bitumen(Tar),Dry,Not Applicable,Clear,Hosur Main Road,Near Veerasandra Signa,2 KM,12.83995,77.67687,0,0,0.0,0.0
Bengaluru City,Electronic City Traffic PS,1.04432e+16,2021,1,2,Road Accidents,Narrow road,City/Town,Near Hospital,Human Error,No,Simple Injury,Vehicle to Vehicle,Not at  Junction,Straight and flat,NH,Bitumen(Tar),Dry,Not Applicable,Clear,BETL Flyover Road,HosaRoad Junction,5 KM,12.86985,77.65342,0,0,0.0,0.0
Bengaluru City,Electronic City Traffic PS,1.04432e+16,2021,1,2,Road Accidents,Not Applicable,City/Town,Near Bus stop,Human Error,No,Simple Injury,Vehicle to Vehicle,Uncontrolled,Straight and flat,One way,Bitumen(Tar),Dry,Not Applicable,Clear,BMTC Depo,BMTC DEPO,3km,12.84669,77.67269,0,0,0.0,0.0
Bengaluru City,Electronic City Traffic PS,1.04432e+16,2021,1,1,Road Accidents,Narrow road,City/Town,At pedestrian Crossing,Human Error,Yes,Fatal,Hit pedestrian,Uncontrolled,Others,Major District Road,Bitumen(Tar),Dry,Not Applicable,Clear,Infront Of  Muktamba Hotel,Beguru Koppa Road,5kms,12.83919,77.62167,0,0,0.0,0.0
Bengaluru City,Electronic City Traffic PS,1.04432e+16,2021,1,2,Road Accidents,Narrow road,City/Town,Open area,Not Applicable,No,Simple Injury,Vehicle to Vehicle,Not Applicable,Not Applicable,NH,Bitumen(Tar),Dry,Not Applicable,Clear,Near Electronic city toll,Hosur main road,2 km,12.84502,77.6728,0,0,0.0,0.0
Bengaluru City,Electronic City Traffic PS,1.04432e+16,2021,1,2,Road Accidents,Narrow road,City/Town,Open area,Human Error,No,Simple Injury,Vehicle to Vehicle,Not Applicable,Others,Others,Bitumen(Tar),Dry,Not Applicable,Clear,Rayasandra Road,Rayasandra Road,5 KM,12.88423,77.67227,0,0,0.0,0.0
Bengaluru City,Electronic City Traffic PS,1.04432e+16,2021,1,2,Road Accidents,Not Applicable,City/Town,Near Hospital,Human Error,Yes,Simple Injury,Vehicle to Vehicle,Controlled,Straight and flat,NH,Bitumen(Tar),Dry,Not Applicable,Clear,Hosur Serivce Road,Near Govt Hospital Singasandra,6,12.87288,77.65122,0,0,0.0,0.0
Bengaluru City,Electronic City Traffic PS,1.04432e+16,2021,1,2,Road Accidents,Narrow road,City/Town,Near Bus stop,Human Error,Yes,Simple Injury,Vehicle to Vehicle,Not at  Junction,Straight and flat,NH,Bitumen(Tar),Dry,Not Applicable,Clear,ITI Layout Road,Ground,5KM,12.90072,77.64095,0,0,0.0,0.0
Bengaluru City,Electronic City Traffic PS,1.04432e+16,2021,1,2,Road Accidents,Junction,City/Town,Near Bus stop,Human Error,No,Simple Injury,Vehicle to Vehicle,Signal lights Automatic,Straight and flat,NH,Bitumen(Tar),Dry,Not Applicable,Clear,Hosur  Main Road,Hosa Road Junction,5KM,12.86993,77.65326,0,0,0.0,0.0
Bengaluru City,Electronic City Traffic PS,1.04432e+16,2021,1,1,Road Accidents,Junction,City/Town,Near office complex,Human Error,No,Damage Only,Not Applicable,Controlled,Straight and flat,NH,Bitumen(Tar),Dry,Not Applicable,Clear,Nice Road,Nice Road E C Toll,2,12.85845,77.65793,0,0,0.0,0.0
Bengaluru City,Electronic City Traffic PS,1.04432e+16,2021,1,2,Road Accidents,Junction,City/Town,Near Bus stop,Human Error,No,Simple Injury,Vehicle to Vehicle,Signal lights Automatic,Straight and flat,NH,Bitumen(Tar),Dry,Not Applicable,Clear,Service road,E C 2 Junction,2 KM,12.85609,77.66409,0,0,0.0,0.0
Bengaluru City,Electronic City Traffic PS,1.04432e+16,2021,1,1,Road Accidents,Narrow road,City/Town,Near Petrol Pump,Human Error,No,Damage Only,Not Applicable,Not at  Junction,Straight and flat,NH,Bitumen(Tar),Dry,Not Applicable,Clear,Hosur  Main Road,Kudlu gate,4km,12.88902,77.64016,0,0,0.0,0.0
Bengaluru City,Electronic City Traffic PS,1.04432e+16,2021,1,2,Road Accidents,Narrow road,City/Town,Open area,Human Error,Yes,Fatal,Vehicle to Vehicle,Controlled,Others,Expressway,Bitumen(Tar),Dry,Not Applicable,Clear,Nice Road,S N N Raj Apartment,7kms,12.85493,77.61043,0,0,0.0,0.0
Bengaluru City,Electronic City Traffic PS,1.04432e+16,2021,1,2,Road Accidents,Narrow road,City/Town,Near Bus stop,Human Error,No,Simple Injury,Vehicle to Vehicle,Not at  Junction,Straight and flat,NH,Bitumen(Tar),Dry,Not Applicable,Clear,Hosur  Main Road,Veerasandra Junction,2 KM,12.83997,77.67703,0,0,0.0,0.0
Bengaluru City,Electronic City Traffic PS,1.04432e+16,2021,1,4,Road Accidents,Narrow road,City/Town,Near office complex,Human Error,No,Simple Injury,Vehicle to Vehicle,Not at  Junction,Straight and flat,NH,Bitumen(Tar),Wet,Not Applicable,Light Rain,BETPL Flyover,Near D Mart,2KM,12.84391,77.6739,0,3,0.0,3.0
Bengaluru City,Electronic City Traffic PS,1.04432e+16,2021,1,2,Road Accidents,Narrow road,City/Town,Near Hospital,Human Error,No,Simple Injury,Vehicle to Vehicle,Not Applicable,Others,NH,Bitumen(Tar),Dry,Not Applicable,Clear,Hosru Main Road,Hosru Main Road,3 km,12.87228,77.6516,0,0,0.0,0.0
Bengaluru City,Electronic City Traffic PS,1.04432e+16,2021,1,1,Road Accidents,Narrow road,City/Town,Near Bus stop,Human Error,No,Simple Injury,Hit pedestrian,Not Applicable,Straight and flat,NH,Bitumen(Tar),Dry,Not Applicable,Clear,Hosru Main Road,Hosru Main Road,3 km,12.86803,77.65469,0,0,0.0,0.0
Bengaluru City,Electronic City Traffic PS,1.04432e+16,2021,1,1,Road Accidents,Not Applicable,City/Town,Residential area,Human Error,No,Simple Injury,Hit pedestrian,Not Applicable,Straight and flat,Others,Bitumen(Tar),Dry,Not Applicable,Clear,Doddanagamangala road,Near Topamman Temple,34,12.8623,77.6723,0,0,0.0,0.0
Bengaluru City,Electronic City Traffic PS,1.04432e+16,2021,1,2,Road Accidents,Not Applicable,City/Town,Near office complex,Human Error,No,Simple Injury,Vehicle to Vehicle,Not at  Junction,Straight and flat,Others,Bitumen(Tar),Dry,Not Applicable,Clear,Neeladri Road,Concord Apts,2,12.84004,77.65324,0,0,0.0,0.0
Bengaluru City,Electronic City Traffic PS,1.04432e+16,2021,1,2,Road Accidents,Narrow road,City/Town,Open area,Human Error,No,Fatal,Vehicle to Vehicle,Controlled,Not Applicable,NH,Bitumen(Tar),Dry,Not Applicable,Clear,"Electronic City,",Near Audi Car Service,2 Km,12.8412,77.6763,0,0,0.0,0.0
Bengaluru City,Electronic City Traffic PS,1.04432e+16,2021,1,1,Road Accidents,Narrow road,City/Town,Near Bus stop,Human Error,Yes,Simple Injury,Not Applicable,Not at  Junction,Straight and flat,NH,Bitumen(Tar),Dry,Not Applicable,Clear,Hosru Main Road,HosaRoad Junction,4KM,12.87109,77.65226,0,0,0.0,0.0
Bengaluru City,Electronic City Traffic PS,1.04432e+16,2021,1,2,Road Accidents,Narrow road,City/Town,Open area,Human Error,Yes,Simple Injury,Vehicle to Vehicle,Not at  Junction,Straight and flat,Others,Bitumen(Tar),Dry,Not Applicable,Clear,Vittasandra Main Road,Water Tank,3 KM,12.84942,77.63561,0,0,0.0,0.0
Bengaluru City,Electronic City Traffic PS,1.04432e+16,2021,1,2,Road Accidents,Narrow road,City/Town,Near Bus stop,Human Error,Yes,Simple Injury,Vehicle to Vehicle,Not at  Junction,Straight and flat,NH,Bitumen(Tar),Dry,Not Applicable,Clear,Hosur Service Road,NttF College,2km,12.8472,77.67084,0,0,0.0,0.0
Bengaluru City,Electronic City Traffic PS,1.04432e+16,2021,1,3,Road Accidents,Narrow road,City/Town,Near office complex,Human Error,No,Simple Injury,Vehicle to Vehicle,Not at  Junction,Straight and flat,NH,Bitumen(Tar),Dry,Not Applicable,Clear,Hosuru Main Road,GB Pallya,6KM,12.8941,77.63707,0,0,0.0,0.0
Bengaluru City,Electronic City Traffic PS,1.04432e+16,2021,1,2,Road Accidents,Narrow road,City/Town,Near Bus stop,Not Applicable,Yes,Fatal,Vehicle to Vehicle,Not Applicable,Not Applicable,NH,Bitumen(Tar),Dry,Not Applicable,Clear,kudlu Gate main road,Kudlu gate,7 km,12.88994,77.63954,0,0,0.0,0.0
Bengaluru City,Electronic City Traffic PS,1.04432e+16,2021,1,2,Road Accidents,Curves,City/Town,Open area,Not Applicable,No,Fatal,Vehicle to Vehicle,Not Applicable,Curve and Incline,Others,Bitumen(Tar),Dry,Not Applicable,Clear,On Connecting flyover,Conneting flyover Electronic City,2 km,12.84482,77.67407,0,0,0.0,0.0
Bengaluru City,Electronic City Traffic PS,1.04432e+16,2021,1,1,Road Accidents,Narrow road,City/Town,Residential area,Human Error,Yes,Fatal,Hit pedestrian,Not Applicable,Others,Residential Street,Bitumen(Tar),Dry,Not Applicable,Clear,somasundrapaly road,Manar Apartment,7KM,12.8913,77.64919,0,0,0.0,0.0
Bengaluru City,Electronic City Traffic PS,1.04432e+16,2021,1,2,Road Accidents,Narrow road,City/Town,Near office complex,Human Error,No,Simple Injury,Vehicle to Vehicle,Not at  Junction,Straight and flat,Expressway,Bitumen(Tar),Dry,Not Applicable,Clear,Nice Road,Naidu Propertis,5KM,12.86155,77.6491,0,0,0.0,0.0
Bengaluru City,Electronic City Traffic PS,1.04432e+16,2021,1,2,Road Accidents,Not Applicable,City/Town,Near Petrol Pump,Human Error,Yes,Simple Injury,Vehicle to Vehicle,Controlled,Straight and flat,NH,Bitumen(Tar),Dry,Not Applicable,Clear,Hosru Main Road,Near Nexa Car Service,3,12.86548,77.65695,0,0,0.0,0.0
Bengaluru City,Electronic City Traffic PS,1.04432e+16,2021,1,2,Road Accidents,Curves,City/Town,Open area,Human Error,Yes,Fatal,Vehicle to Vehicle,Uncontrolled,Curve,Expressway,Bitumen(Tar),Dry,Not Applicable,Clear,Nice Road,Naidhu Proprties,4 Kms,12.86701,77.63485,0,0,0.0,0.0
Bengaluru City,Electronic City Traffic PS,1.04432e+16,2021,1,2,Road Accidents,Curves,City/Town,Open area,Not Applicable,Not Applicable,Simple Injury,Vehicle to Vehicle,Not at  Junction,Others,NH,Bitumen(Tar),Dry,Not Applicable,Clear,Hosur Road,Hosur main road,2 km,12.86988,77.65322,0,0,0.0,0.0
Bengaluru City,Electronic City Traffic PS,1.04432e+16,2021,1,1,Road Accidents,Narrow road,City/Town,Open area,Not Applicable,No,Fatal,Hit bicyclist,Not Applicable,Others,Service Road,Bitumen(Tar),Dry,Not Applicable,Clear,Singasandra Service Road,Hosur service Road,4 Km,12.88061,77.64538,0,0,0.0,0.0
Bengaluru City,Electronic City Traffic PS,1.04432e+16,2021,1,2,Road Accidents,Narrow road,City/Town,Open area,Not Applicable,No,Simple Injury,Vehicle to Vehicle,Not Applicable,Straight and flat,NH,Bitumen(Tar),Dry,Not Applicable,Clear,Hosru Main Road,Hosur main road Near Near Singasandara JSP Ford Show Room,6 KM,12.88422,77.64308,0,0,0.0,0.0
Bengaluru City,Electronic City Traffic PS,1.04432e+16,2021,1,2,Road Accidents,Curves,City/Town,Open area,Human Error,Yes,Fatal,Vehicle to Vehicle,Controlled,Not Applicable,NH,Bitumen(Tar),Dry,Not Applicable,Clear,Hosuru Main Road,Near Electronic City Toll Plaza,2kms,12.84097,77.67633,0,0,0.0,0.0
Bengaluru City,Electronic City Traffic PS,1.04432e+16,2021,1,2,Road Accidents,Not Applicable,City/Town,Near Bus stop,Human Error,No,Simple Injury,Vehicle to Vehicle,Controlled,Straight and flat,NH,Bitumen(Tar),Dry,Not Applicable,Clear,Hosa Road Service Road,Hosur Service Road Near Toyooto Car Service Center,7,12.90105,77.63281,0,0,0.0,0.0
Bengaluru City,Electronic City Traffic PS,1.04432e+16,2021,1,2,Road Accidents,Narrow road,City/Town,Near Hospital,Human Error,No,Simple Injury,Vehicle to Vehicle,Not at  Junction,Straight and flat,NH,Bitumen(Tar),Dry,Not Applicable,Clear,Elevated Fly over road,Hosaroad Junction,4KM,12.86985,77.65345,0,0,0.0,0.0
Bengaluru City,Electronic City Traffic PS,1.04432e+16,2021,1,1,Road Accidents,Narrow road,City/Town,Open area,Human Error,No,Simple Injury,Not Applicable,Controlled,Hump,Residential Street,Bitumen(Tar),Dry,Not Applicable,Clear,Celebrity layout Doddathogur,Doddathogur,2 km,12.84892,77.6454,0,0,0.0,0.0
Bengaluru City,Electronic City Traffic PS,1.04432e+16,2021,1,2,Road Accidents,Junction,City/Town,Near Bus stop,Human Error,No,Simple Injury,Vehicle to Vehicle,Controlled,Straight and flat,NH,Bitumen(Tar),Dry,Not Applicable,Clear,Hosur Main Road,EC 2,2 km,12.85604,77.66427,0,0,0.0,0.0
Bengaluru City,Electronic City Traffic PS,1.04432e+16,2021,1,1,Road Accidents,Junction,City/Town,Near Bus stop,Human Error,Yes,Simple Injury,Hit pedestrian,Controlled,Curve,Others,Bitumen(Tar),Dry,Not Applicable,Clear,somasundrapaly road,Somasunadarpalya Curcle,10,12.89889,77.65118,0,0,0.0,0.0
Bengaluru City,Electronic City Traffic PS,1.04432e+16,2021,1,1,Road Accidents,Not Applicable,City/Town,Near Bus stop,Human Error,No,Simple Injury,Hit pedestrian,Controlled,Straight and flat,NH,Bitumen(Tar),Dry,Not Applicable,Clear,"Electronic City,",Near BMTC Dipo,2,12.84661,77.672,0,0,0.0,0.0
Bengaluru City,Electronic City Traffic PS,1.04432e+16,2021,1,1,Road Accidents,Not Applicable,City/Town,Near Bus stop,Human Error,No,Simple Injury,Not Applicable,Controlled,Straight and flat,NH,Bitumen(Tar),Dry,Not Applicable,Clear,Hosa Road,Near White Fether,3 KM,12.85993,77.66114,0,0,0.0,0.0
Bengaluru City,Electronic City Traffic PS,1.04432e+16,2021,1,1,Road Accidents,Junction,City/Town,Near Bus stop,Human Error,No,Simple Injury,Hit bicyclist,Signal lights Automatic,Straight and flat,NH,Bitumen(Tar),Dry,Not Applicable,Clear,Konappana Agrahara Signal,Konappana Agrahara Bus Stop,4 Km,12.85604,77.66437,0,0,0.0,0.0
Bengaluru City,Electronic City Traffic PS,1.04432e+16,2021,1,2,Road Accidents,Narrow road,City/Town,Near School or College,Human Error,No,Simple Injury,Vehicle to Vehicle,Not Applicable,Straight and flat,NH,Bitumen(Tar),Dry,Not Applicable,Clear,Hosur Road,NttF College,2 KM,12.84808,77.67043,0,0,0.0,0.0
Bengaluru City,Electronic City Traffic PS,1.04432e+16,2021,1,1,Road Accidents,Narrow road,City/Town,Near Bus stop,Human Error,No,Simple Injury,Hit pedestrian,Not at  Junction,Straight and flat,NH,Bitumen(Tar),Dry,Not Applicable,Clear,Hosur  Main Road,G B Pallya Signal,6 KM,12.89582,77.63587,0,0,0.0,0.0
Bengaluru City,Electronic City Traffic PS,1.04432e+16,2021,1,2,Road Accidents,Narrow road,City/Town,Near Bus stop,Human Error,No,Simple Injury,Vehicle to Vehicle,Not at  Junction,Straight and flat,Others,Bitumen(Tar),Dry,Not Applicable,Clear,Neeladri road,Ittina Mahaveer Apartment,2KM,12.84135,77.64855,0,0,0.0,0.0
Bengaluru City,Electronic City Traffic PS,1.04432e+16,2021,1,1,Road Accidents,Narrow road,City/Town,Near Bus stop,Human Error,Not Applicable,Simple Injury,Not Applicable,Not Applicable,Not Applicable,NH,Bitumen(Tar),Dry,Not Applicable,Clear,Hosru Main Road,Hosur main road,6 KM,12.89539,77.63626,0,0,0.0,0.0
Bengaluru City,Electronic City Traffic PS,1.04432e+16,2021,1,3,Road Accidents,Narrow road,City/Town,Open area,Human Error,Not Applicable,Not Applicable,Vehicle to Vehicle,Not Applicable,Others,NH,Bitumen(Tar),Dry,Not Applicable,Clear,Hosru Main Road,Hosur main road,2 Km,12.83993,77.67692,0,0,0.0,0.0
Bengaluru City,Electronic City Traffic PS,1.04432e+16,2021,1,2,Road Accidents,Narrow road,City/Town,Near office complex,Not Applicable,No,Simple Injury,Vehicle to Vehicle,Not Applicable,Others,NH,Bitumen(Tar),Dry,Not Applicable,Clear,Near Bosch Building Bommanahalli Road,Near Bosch Building Bommanahalli Road,7 KM,12.90158,77.63234,0,0,0.0,0.0