DISTRICTNAME,UNITNAME,Crime_No,Year,RI,Noofvehicle_involved,Accident_Classification,Accident_Spot,Accident_Location,Accident_SubLocation,Main_Cause,Hit_Run,Severity,Collision_Type,Junction_Control,Road_Character,Road_Type,Surface_Type,Surface_Condition,Road_Condition,Weather,Accident_Road,Landmark_first,Distance_LandMark_First,Latitude,Longitude,Road_Condition_Score,Surface_Condition_Score,Surface_Type_Score,Road_Risk_Index
Bengaluru City,Electronic City Traffic PS,1.04432e+16,2022,1,2,Road Accidents,Cross roads,City/Town,Near School or College,Human Error,No,Simple Injury,Vehicle to Vehicle,Not at  Junction,Others,NH,Bitumen(Tar),Dry,Not Applicable,Clear,Hosru Main Road,Near Oxford Collage,7KM,12.90272,77.63169,0,0,0.0,0.0
Bengaluru City,Electronic City Traffic PS,1.04432e+16,2022,1,1,Road Accidents,Narrow road,City/Town,Open area,Human Error,No,Simple Injury,Hit pedestrian,Controlled,Not Applicable,NH,Bitumen(Tar),Dry,Not Applicable,Clear,Konappana Agrahara,Hosur Main road Below Nice road Flyover,2 km,12.85807,77.66287,0,0,0.0,0.0
Bengaluru City,Electronic City Traffic PS,1.04432e+16,2022,1,1,Road Accidents,Narrow road,City/Town,Open area,Human Error,No,Fatal,Not Applicable,Controlled,Others,NH,Bitumen(Tar),Dry,Not Applicable,Clear,"Hosur Main Road Veersandra junction,",Veerasandra Junction,2 km,12.83999,77.67685,0,0,0.0,0.0
Bengaluru City,Electronic City Traffic PS,1.04432e+16,2022,1,2,Road Accidents,Narrow road,City/Town,Open area,Human Error,No,Grievous Injury,Vehicle to Vehicle,Controlled,Others,Expressway,Bitumen(Tar),Dry,Not Applicable,Clear,Nice road Electronic City toll Plaza,Toll Plaza,3 KM,12.86142,77.65067,0,0,0.0,0.0
Bengaluru City,Electronic City Traffic PS,1.04432e+16,2022,1,2,Road Accidents,Narrow road,City/Town,Open area,Human Error,No,Grievous Injury,Vehicle to Vehicle,Controlled,Others,Others,Bitumen(Tar),Dry,Not Applicable,Clear,Bettadasanapura,Near St Xavier School,2 KM,12.84344,77.63781,0,0,0.0,0.0
Bengaluru City,Electronic City Traffic PS,1.04432e+16,2022,1,2,Road Accidents,Narrow road,City/Town,Open area,Human Error,Yes,Simple Injury,Vehicle to Vehicle,Controlled,Others,Others,Bitumen(Tar),Dry,Not Applicable,Clear,Begur Koppa Road Bettadasanapura,Near Jelly Machine Gage Junction,3 Km,12.83625,77.62504,0,0,0.0,0.0
Bengaluru City,Electronic City Traffic PS,1.04432e+16,2022,1,2,Road Accidents,Junction,City/Town,Near Bus stop,Human Error,Yes,Grievous Injury,Vehicle to Vehicle,Not Applicable,Straight and flat,NH,Bitumen(Tar),Not Applicable,Not Applicable,Clear,HOSUR MAIN ROAD garebhavipallya JN,HOSUR MAIN ROAD garebhavipallya JN,10 KM,12.8945,77.63659,0,0,0.0,0.0
Bengaluru City,Electronic City Traffic PS,1.04432e+16,2022,1,2,Road Accidents,Narrow road,City/Town,Open area,Human Error,Yes,Grievous Injury,Vehicle to Vehicle,Controlled,Others,NH,Bitumen(Tar),Dry,Not Applicable,Clear,Nice Road,Near Konappana Agrahara,3,0.0,0.0,0,0,0.0,0.0
Bengaluru City,Electronic City Traffic PS,1.04432e+16,2022,1,1,Road Accidents,Narrow road,City/Town,Near office complex,Human Error,No,Simple Injury,Hit pedestrian,Not Applicable,Not Applicable,Others,Bitumen(Tar),Dry,Not Applicable,Clear,Doddanagamangala road,Near Bosch company Gate,2 km,12.86821,77.66175,0,0,0.0,0.0
Bengaluru City,Electronic City Traffic PS,1.04432e+16,2022,1,1,Road Accidents,Narrow road,City/Town,Open area,Human Error,No,Simple Injury,Hit pedestrian,Controlled,Others,Others,Bitumen(Tar),Dry,Not Applicable,Clear,"2nd Cross road, Rayasandra",Huskur Post,4Km,12.87612,77.6749,0,0,0.0,0.0
Bengaluru City,Electronic City Traffic PS,1.04432e+16,2022,1,1,Road Accidents,Not Applicable,City/Town,Near Bus stop,Human Error,No,Simple Injury,Hit pedestrian,Controlled,Straight and flat,NH,Bitumen(Tar),Dry,Not Applicable,Clear,Hosru Main Road,Near GB Paly Bus Stop,7km,12.8965,77.63551,0,0,0.0,0.0
Bengaluru City,Electronic City Traffic PS,1.04432e+16,2022,1,2,Road Accidents,Narrow road,City/Town,Open area,Human Error,No,Grievous Injury,Vehicle to Vehicle,Not Applicable,Not Applicable,Others,Not Applicable,Others,Not Applicable,Clear,elevented Fly Over,Eleveted Fly Over Near Konappan agrahar,2,12.86975,12.86124,0,1,0.0,1.0
Bengaluru City,Electronic City Traffic PS,1.04432e+16,2022,1,1,Road Accidents,Narrow road,City/Town,Near office complex,Human Error,Yes,Grievous Injury,Hit pedestrian,Controlled,Others,Others,Bitumen(Tar),Dry,Not Applicable,Clear,Shanthipura Road,Near Simance Company,3 KM,0.0,0.0,0,0,0.0,0.0
Bengaluru City,Electronic City Traffic PS,1.04432e+16,2022,1,2,Road Accidents,Narrow road,City/Town,Open area,Human Error,No,Grievous Injury,Vehicle to Vehicle,Not Applicable,Not Applicable,Others,Bitumen(Tar),Dry,Not Applicable,Fine,Near Nice Road Priza,3 Km North,3,0.0,0.0,0,0,0.0,0.0
Bengaluru City,Electronic City Traffic PS,1.04432e+16,2022,1,1,Road Accidents,Narrow road,City/Town,Open area,Human Error,No,Simple Injury,Hit pedestrian,Controlled,Others,Service Road,Bitumen(Tar),Dry,Not Applicable,Clear,Hosur main road Near Volkswagen Car Service Cen Naganathapura,Naer Volkswagen Car Service,4 KM,12.87209,77.65132,0,0,0.0,0.0
Bengaluru City,Electronic City Traffic PS,1.04432e+16,2022,1,2,Road Accidents,Not Applicable,City/Town,Near a factory industrial area,Human Error,No,Simple Injury,Vehicle to Vehicle,Controlled,Straight and flat,Others,Bitumen(Tar),Dry,Not Applicable,Clear,Naganathapur road,Near Bosch Company,5KM,0.0,0.0,0,0,0.0,0.0
Bengaluru City,Electronic City Traffic PS,1.04432e+16,2022,1,2,Road Accidents,Narrow road,City/Town,Open area,Human Error,No,Simple Injury,Vehicle to Vehicle,Controlled,Others,One way,Bitumen(Tar),Dry,Not Applicable,Clear,Naganathapur Electronic City,Opp Bosch Company,5KM,12.8718,77.66226,0,0,0.0,0.0
Bengaluru City,Electronic City Traffic PS,1.04432e+16,2022,1,2,Road Accidents,Narrow road,City/Town,Near office complex,Human Error,No,Simple Injury,Vehicle to Vehicle,Controlled,Others,NH,Bitumen(Tar),Dry,Not Applicable,Clear,Kudlu,Near Kudlu Gate Jun,5 KM,12.89237,77.63805,0,0,0.0,0.0
Bengaluru City,Electronic City Traffic PS,1.04432e+16,2022,1,1,Road Accidents,Junction,City/Town,Near a factory industrial area,Human Error,No,Grievous Injury,Not Applicable,Controlled,Others,Others,Bitumen(Tar),Dry,Not Applicable,Clear,Electronic City Phase   1,Ottera Hotel,1 km,0.0,0.0,0,0,0.0,0.0
Bengaluru City,Electronic City Traffic PS,1.04432e+16,2022,1,2,Road Accidents,Narrow road,City/Town,Open area,Human Error,No,Simple Injury,Hit pedestrian,Controlled,Others,NH,Bitumen(Tar),Dry,Not Applicable,Clear,Singasandr,Hosur Main Road,5 KM,0.0,0.0,0,0,0.0,0.0
Bengaluru City,Electronic City Traffic PS,1.04432e+16,2022,1,2,Road Accidents,Junction,City/Town,Residential area,Human Error,No,Grievous Injury,Vehicle to Vehicle,Stop Sign,Others,Others,Not Applicable,Dry,Not Applicable,Not Applicable,Central  Jail Road Doddanagamangal Jn,Central Jail Road,5 KM,0.0,0.0,0,0,0.0,0.0
Bengaluru City,Electronic City Traffic PS,1.04432e+16,2022,1,1,Road Accidents,Narrow road,City/Town,Open area,Human Error,No,Grievous Injury,Hit pedestrian,Controlled,Others,Others,Bitumen(Tar),Dry,Not Applicable,Clear,Hosuru Main Road singasandra,Near SBI Bank Service Road,6 KM,0.0,0.0,0,0,0.0,0.0
Bengaluru City,Electronic City Traffic PS,1.04432e+16,2022,1,2,Road Accidents,Not Applicable,City/Town,Open area,Human Error,Yes,Grievous Injury,Vehicle to Vehicle,Controlled,Others,Others,Bitumen(Tar),Dry,Not Applicable,Clear,Kudlu Village,Near Halli Mani Hotel,5 KM,0.0,0.0,0,0,0.0,0.0
Bengaluru City,Electronic City Traffic PS,1.04432e+16,2022,1,1,Road Accidents,Narrow road,City/Town,Residential area,Human Error,Not Applicable,Not Applicable,Hit animal,Controlled,Others,Others,Bitumen(Tar),Dry,Not Applicable,Clear,Hosaroad Naganathapur,Near Old RTO Building,5 KM,12.87078,77.6595,0,0,0.0,0.0
Bengaluru City,Electronic City Traffic PS,1.04432e+16,2022,1,2,Road Accidents,Narrow road,City/Town,Open area,Human Error,No,Simple Injury,Vehicle to Vehicle,Controlled,Not Applicable,Service Road,Bitumen(Tar),Dry,Not Applicable,Clear,Bommanahall,Hosur road Service road Near Hemadri Ceramics,7 KM,12.90943,77.63041,0,0,0.0,0.0
Bengaluru City,Electronic City Traffic PS,1.04432e+16,2022,1,2,Road Accidents,Curves,City/Town,Open area,Human Error,No,Fatal,Vehicle to Vehicle,Controlled,Others,NH,Bitumen(Tar),Dry,Not Applicable,Clear,G B Palya Service Road,Hosur road Service road,6 KM,12.89439,77.63689,0,0,0.0,0.0
Bengaluru City,Electronic City Traffic PS,1.04432e+16,2022,1,2,Road Accidents,Not Applicable,City/Town,Near Petrol Pump,Human Error,Yes,Simple Injury,Vehicle to Vehicle,Not at  Junction,Straight and flat,NH,Bitumen(Tar),Dry,Not Applicable,Clear,Hosru Main Road,Near Oxford Collage,8km,12.9022,77.63201,0,0,0.0,0.0
Bengaluru City,Electronic City Traffic PS,1.04432e+16,2022,1,2,Road Accidents,Junction,City/Town,Near a factory industrial area,Human Error,No,Damage Only,Vehicle to Vehicle,Controlled,Straight and flat,NH,Bitumen(Tar),Dry,Not Applicable,Clear,"Hosur Main Road Veersandra junction,",Near Veeasandra jun,2 km,12.84004,77.67702,0,0,0.0,0.0
Bengaluru City,Electronic City Traffic PS,1.04432e+16,2022,1,2,Road Accidents,Junction,City/Town,Open area,Human Error,Yes,Fatal,Vehicle to Vehicle,Controlled,Others,NH,Bitumen(Tar),Dry,Not Applicable,Clear,Hosur Main Road Veerasandra,Near Electronic City Toll,3 KM,12.84188,77.67618,0,0,0.0,0.0
Bengaluru City,Electronic City Traffic PS,1.04432e+16,2022,1,1,Road Accidents,Junction,City/Town,Open area,Human Error,No,Simple Injury,Hit pedestrian,Controlled,Others,NH,Bitumen(Tar),Dry,Not Applicable,Clear,Electronic City Phase   1,Hosru Main Road,2 km,0.0,0.0,0,0,0.0,0.0
Bengaluru City,Electronic City Traffic PS,1.04432e+16,2022,1,2,Road Accidents,Not Applicable,City/Town,Narrow bridge or culverts,Human Error,Yes,Fatal,Vehicle to Vehicle,Not at  Junction,Not Applicable,Others,Bitumen(Tar),Not Applicable,Not Applicable,Clear,Nice road Electronic City,Nice Road Near Toll plaza,02km,12.864974,77.627258,0,0,0.0,0.0
Bengaluru City,Electronic City Traffic PS,1.04432e+16,2022,1,2,Road Accidents,Narrow road,City/Town,Open area,Human Error,No,Grievous Injury,Vehicle to Vehicle,Controlled,Others,Expressway,Bitumen(Tar),Dry,Not Applicable,Clear,Nice road Electronic City toll Plaza,Electronic city Nice Toll,2 Km,12.85827,77.65794,0,0,0.0,0.0
Bengaluru City,Electronic City Traffic PS,1.04432e+16,2022,1,1,Road Accidents,Not Applicable,Rural Areas,Near Bus stop,Human Error,No,Simple Injury,Hit pedestrian,Controlled,Straight and flat,Minor District Road,Bitumen(Tar),Dry,Not Applicable,Clear,Begur koppa Main road,Near Vaddapalya Bus Stop,4 KM,12.84315,77.61453,0,0,0.0,0.0
Bengaluru City,Electronic City Traffic PS,1.04432e+16,2022,1,1,Road Accidents,Cross roads,City/Town,Near or inside a village,Human Error,No,Simple Injury,Hit pedestrian,Not Applicable,Straight and flat,Others,Bitumen(Tar),Dry,Not Applicable,Clear,Parappana Agrahara road,Near Manjunath Bar 1st Cross,5km,0.0,0.0,0,0,0.0,0.0
Bengaluru City,Electronic City Traffic PS,1.04432e+16,2022,1,2,Not Applicable,Junction,City/Town,Near office complex,Human Error,No,Grievous Injury,Vehicle to Vehicle,Signal lights Automatic,Straight and flat,NH,Bitumen(Tar),Dry,Not Applicable,Clear,Hosru Main Road,veerasandra junction,2 Km,0.0,0.0,0,0,0.0,0.0
Bengaluru City,Electronic City Traffic PS,1.04432e+16,2022,1,1,Road Accidents,Narrow road,City/Town,Open area,Human Error,Yes,Fatal,Hit pedestrian,Not Applicable,Others,NH,Bitumen(Tar),Dry,Not Applicable,Clear,BETPL Elevetad Fly Over Electronic City,Near Navaneet Motors Car Showroom,3 Km,0.0,0.0,0,0,0.0,0.0
Bengaluru City,Electronic City Traffic PS,1.04432e+16,2022,1,2,Road Accidents,Narrow road,City/Town,Open area,Human Error,No,Simple Injury,Vehicle to Vehicle,Controlled,Others,Sub Arterial,Bitumen(Tar),Dry,No influence on accident,Clear,"Kasavanahalli, Rayasandra cross",Rayasandra Cross,6 KM,0.0,0.0,0,0,0.0,0.0
Bengaluru City,Electronic City Traffic PS,1.04432e+16,2022,1,2,Not Applicable,Junction,City/Town,Near Bus stop,Not Applicable,No,Grievous Injury,Vehicle to Vehicle,Police / Manual,Not Applicable,NH,Bitumen(Tar),Dry,Not Applicable,Others,Hosru Main Road,Hosur main road Konappan agrahara,2 kM,0.0,0.0,0,0,0.0,0.0
Bengaluru City,Electronic City Traffic PS,1.04432e+16,2022,1,2,Road Accidents,Not Applicable,City/Town,Open area,Human Error,No,Simple Injury,Vehicle to Vehicle,Controlled,Straight and flat,Others,Bitumen(Tar),Dry,Not Applicable,Clear,Slivar County Road,Near Milk Parlar,6KM,12.88875,77.67231,0,0,0.0,0.0
Bengaluru City,Electronic City Traffic PS,1.04432e+16,2022,1,2,Road Accidents,Narrow road,City/Town,Near office complex,Human Error,No,Not Applicable,Vehicle to Vehicle,Controlled,Others,Not Applicable,Bitumen(Tar),Dry,Not Applicable,Clear,Mangammanapalya Main road,Muniyappa Complex,7 KM,12.90643,77.63005,0,0,0.0,0.0
Bengaluru City,Electronic City Traffic PS,1.04432e+16,2022,1,2,Road Accidents,Not Applicable,City/Town,Near office complex,Human Error,No,Grievous Injury,Vehicle to Vehicle,Not at  Junction,Straight and flat,Others,Bitumen(Tar),Dry,Not Applicable,Clear,Neeladri road Electronic City,Near Wipro Gate No 14,1 KM,12.83954,77.65411,0,0,0.0,0.0
Bengaluru City,Electronic City Traffic PS,1.04432e+16,2022,1,1,Road Accidents,Narrow road,City/Town,Residential area,Not Applicable,Yes,Grievous Injury,Hit pedestrian,Not at  Junction,Others,Sub Arterial,Bitumen(Tar),Others,Not Applicable,Clear,HOSUR MAIN ROAD  NEAR D MART,D MART,62KM,0.0,0.0,0,1,0.0,1.0
Bengaluru City,Electronic City Traffic PS,1.04432e+16,2022,1,2,Road Accidents,Junction,City/Town,Open area,Human Error,Not Applicable,Not Applicable,Vehicle to Vehicle,Controlled,Others,Others,Bitumen(Tar),Dry,Not Applicable,Clear,Doddathogur Road,Doddathogur,1Km,0.0,0.0,0,0,0.0,0.0
Bengaluru City,Electronic City Traffic PS,1.04432e+16,2022,1,1,Road Accidents,Narrow road,City/Town,Open area,Human Error,No,Grievous Injury,Hit pedestrian,No signal lights,Others,One way,Bitumen(Tar),Others,Not Applicable,Clear,Electrono City Phase 1,Neeladri Road,1.5 km,12.83935,77.65615,0,1,0.0,1.0
Bengaluru City,Electronic City Traffic PS,1.04432e+16,2022,1,1,Road Accidents,Narrow road,City/Town,Residential area,Human Error,Yes,Grievous Injury,Hit pedestrian,Not Applicable,Others,Residential Street,Bitumen(Tar),Dry,Not Applicable,Clear,Tunga layout Bettadasanapura,Near No 845 3rd Cross Tunga layout,4 KM,12.84432,77.63274,0,0,0.0,0.0
Bengaluru City,Electronic City Traffic PS,1.04432e+16,2022,1,2,Road Accidents,Narrow road,City/Town,Open area,Human Error,No,Grievous Injury,Vehicle to Vehicle,Controlled,Others,Others,Concrete,Dry,Not Applicable,Clear,G S Palya,Near Aroya Mata Church,3 KM,0.0,0.0,0,0,0.0,0.0
Bengaluru City,Electronic City Traffic PS,1.04432e+16,2022,1,2,Road Accidents,Narrow road,City/Town,Open area,Human Error,No,Simple Injury,Vehicle to Vehicle,Controlled,Others,NH,Bitumen(Tar),Dry,Not Applicable,Clear,Hosru Main Road Flyover,Hosru Main Road,3 K M,0.0,0.0,0,0,0.0,0.0
Bengaluru City,Electronic City Traffic PS,1.04432e+16,2022,1,2,Road Accidents,Narrow road,City/Town,Residential area,Human Error,No,Simple Injury,Vehicle to Vehicle,Controlled,Others,Others,Bitumen(Tar),Dry,Not Applicable,Clear,Rayasandra Road,Near Sri Angala Parameswari Temple,5 KM,12.87548,77.67783,0,0,0.0,0.0
Bengaluru City,Electronic City Traffic PS,1.04432e+16,2022,1,2,Road Accidents,Junction,City/Town,Open area,Human Error,No,Grievous Injury,Vehicle to Vehicle,Controlled,Others,Others,Bitumen(Tar),Dry,Not Applicable,Clear,"Choodasandra Road, Birla Junction",Birla Junction,5KM,12.89387,77.65678,0,0,0.0,0.0
Bengaluru City,Electronic City Traffic PS,1.04432e+16,2022,1,2,Road Accidents,Narrow road,City/Town,Open area,Human Error,No,Fatal,Vehicle to Vehicle,Not Applicable,Others,NH,Bitumen(Tar),Dry,Not Applicable,Clear,Elevated Flyover  Garvebavipalya,Near Pai Show Room,6 KM,12.897,77.63511,0,0,0.0,0.0
Bengaluru City,Electronic City Traffic PS,1.04432e+16,2022,1,2,Road Accidents,Narrow road,City/Town,Near office complex,Human Error,Yes,Simple Injury,Vehicle to Vehicle,Controlled,Others,NH,Bitumen(Tar),Dry,Not Applicable,Clear,Konappana Agrahara,Near Metro Whole sale,2 KM,12.86199,77.65972,0,0,0.0,0.0
Bengaluru City,Electronic City Traffic PS,1.04432e+16,2022,1,1,Road Accidents,Not Applicable,City/Town,Near School or College,Human Error,No,Simple Injury,Not Applicable,Not Applicable,Others,Others,Bitumen(Tar),Dry,Not Applicable,Clear,Kudlu Parappana Agrahar,Near Stone Quarry,4KM,12.88421,77.65584,0,0,0.0,0.0
Bengaluru City,Electronic City Traffic PS,1.04432e+16,2022,1,2,Road Accidents,Narrow road,City/Town,Near office complex,Human Error,No,Grievous Injury,Vehicle to Vehicle,Controlled,Others,NH,Bitumen(Tar),Dry,Not Applicable,Clear,Hosur Main road,Near Infosys Company,2 Km,12.85278,77.66673,0,0,0.0,0.0
Bengaluru City,Electronic City Traffic PS,1.04432e+16,2022,1,2,Road Accidents,Narrow road,City/Town,Near office complex,Human Error,No,Simple Injury,Vehicle to Vehicle,Controlled,Others,NH,Bitumen(Tar),Dry,Not Applicable,Clear,Konappana Agrahara,Near Konappana Agrahar jun,2 km,12.85614,77.66426,0,0,0.0,0.0
Bengaluru City,Electronic City Traffic PS,1.04432e+16,2022,1,2,Road Accidents,Junction,City/Town,Open area,Human Error,Yes,Simple Injury,Vehicle to Vehicle,Controlled,Others,NH,Bitumen(Tar),Dry,Not Applicable,Clear,Electronic City Phase   1,Near Toll Plaza,2KM,0.0,0.0,0,0,0.0,0.0
Bengaluru City,Electronic City Traffic PS,1.04432e+16,2022,1,1,Road Accidents,Not Applicable,City/Town,Near office complex,Not Applicable,No,Fatal,Not Applicable,Not at  Junction,Not Applicable,NH,Bitumen(Tar),Not Applicable,Not Applicable,Not Applicable,HOSUR MAIN ROAD NAGANATAPURA JN TO KONAPANAAGRHARA JN,Hosru Main Road,3 Km,0.0,0.0,0,0,0.0,0.0
Bengaluru City,Electronic City Traffic PS,1.04432e+16,2022,1,2,Road Accidents,Not Applicable,City/Town,Narrow bridge or culverts,Human Error,No,Fatal,Vehicle to Vehicle,Not Applicable,Others,NH,Bitumen(Tar),Others,Not Applicable,Clear,emplty  place guruswami hosapalya,NICE ROAD NEAR BASAPURA BRIZE,10 KM,0.0,0.0,0,1,0.0,1.0
Bengaluru City,Electronic City Traffic PS,1.04432e+16,2022,1,1,Road Accidents,Cross roads,City/Town,Narrow bridge or culverts,Human Error,Not Applicable,Fatal,Not Applicable,Not Applicable,Others,Others,Bitumen(Tar),Others,Not Applicable,Clear,BETPL Elevetad Fly Over Electronic City,BETPL Elevetad Fly Over Electronic City,3 Km,0.0,0.0,0,1,0.0,1.0
Bengaluru City,Electronic City Traffic PS,1.04432e+16,2022,1,1,Road Accidents,Narrow road,City/Town,Open area,Human Error,No,Grievous Injury,Hit pedestrian,Controlled,Others,NH,Bitumen(Tar),Dry,Not Applicable,Clear,Singasandra,Hosru Main Road,5 KM,0.0,0.0,0,0,0.0,0.0
Bengaluru City,Electronic City Traffic PS,1.04432e+16,2022,1,1,Not Applicable,Narrow road,City/Town,Open area,Human Error,Not Applicable,Grievous Injury,Not Applicable,Controlled,Others,Others,Bitumen(Tar),Dry,Not Applicable,Clear,Electrono City Phase 1,Near RS Jn,1.5 km,0.0,0.0,0,0,0.0,0.0
Bengaluru City,Electronic City Traffic PS,1.04432e+16,2022,1,2,Road Accidents,Narrow road,City/Town,Near Bus stop,Human Error,No,Simple Injury,Vehicle to Vehicle,Controlled,Others,Others,Bitumen(Tar),Dry,Not Applicable,Clear,Kudlu Village,Near Srinidhi Bekary Kudlu,6 KM,0.0,0.0,0,0,0.0,0.0
Bengaluru City,Electronic City Traffic PS,1.04432e+16,2022,1,2,Road Accidents,Cross roads,City/Town,Near a factory industrial area,Human Error,Yes,Fatal,Vehicle to Vehicle,Not at  Junction,Straight and flat,NH,Not Applicable,Not Applicable,Not Applicable,Cloudy,BETPL Elevetad Fly Over Electronic City,BETPL Elevetad Fly Over Electronic City,3 Km,0.0,0.0,0,0,0.0,0.0
Bengaluru City,Electronic City Traffic PS,1.04432e+16,2022,1,1,Road Accidents,Not Applicable,City/Town,Near Bus stop,Human Error,Yes,Simple Injury,Hit pedestrian,Controlled,Straight and flat,NH,Bitumen(Tar),Dry,Not Applicable,Clear,Hosru Main Road,Near Suraksha Car Show Room,2 km,12.85038,77.66895,0,0,0.0,0.0
Bengaluru City,Electronic City Traffic PS,1.04432e+16,2022,1,2,Road Accidents,Narrow road,City/Town,Residential area,Human Error,No,Simple Injury,Vehicle to Vehicle,Not Applicable,Not Applicable,Expressway,Bitumen(Tar),Dry,Not Applicable,Clear,Nice road Electronic City,Near SNN raj Apartments,6KM,12.85579,77.61284,0,0,0.0,0.0
Bengaluru City,Electronic City Traffic PS,1.04432e+16,2022,1,1,Road Accidents,Narrow road,City/Town,Near Hospital,Human Error,No,Fatal,Not Applicable,Not at  Junction,Not Applicable,Service Road,Bitumen(Tar),Others,Not Applicable,Clear,blosom hospital road,blosom hospital,10 KM,0.0,0.0,0,1,0.0,1.0
Bengaluru City,Electronic City Traffic PS,1.04432e+16,2022,1,2,Road Accidents,Narrow road,City/Town,Open area,Human Error,No,Grievous Injury,Vehicle to Vehicle,Controlled,Others,Others,Bitumen(Tar),Dry,Not Applicable,Clear,Singasandr,Near 60 Feet road,5 KM,0.0,0.0,0,0,0.0,0.0
Bengaluru City,Electronic City Traffic PS,1.04432e+16,2022,1,2,Road Accidents,Junction,City/Town,Near Bus stop,Human Error,No,Grievous Injury,Vehicle to Vehicle,Controlled,Straight and flat,NH,Bitumen(Tar),Dry,Not Applicable,Clear,Hosur Service Road,Near Kudlu Gate Jun,6 KM,12.88916,77.64013,0,0,0.0,0.0
Bengaluru City,Electronic City Traffic PS,1.04432e+16,2022,1,1,Road Accidents,Narrow road,City/Town,Near office complex,Human Error,No,Fatal,Not Applicable,Not at  Junction,Not Applicable,Others,Bitumen(Tar),Dry,No influence on accident,Clear,"R.S Junction to D-Mart, Electronic City Phase-1 Road",Yaskawa India Company,2 km,12.84126,77.66531,0,0,0.0,0.0
Bengaluru City,Electronic City Traffic PS,1.04432e+16,2022,1,2,Road Accidents,Narrow road,City/Town,Open area,Human Error,No,Grievous Injury,Vehicle to Vehicle,Controlled,Others,Others,Bitumen(Tar),Dry,Not Applicable,Clear,Electronic City Phase 1 Main Road,Near Paradise Biriyani Hotel,1 KM,12.84838,77.65791,0,0,0.0,0.0
Bengaluru City,Electronic City Traffic PS,1.04432e+16,2022,1,2,Road Accidents,Narrow road,City/Town,Open area,Human Error,No,Simple Injury,Vehicle to Vehicle,Controlled,Others,Others,Bitumen(Tar),Dry,Not Applicable,Clear,Mylasandra Road,infront of Sri Sebhastin,5 KM,0.0,0.0,0,0,0.0,0.0
Bengaluru City,Electronic City Traffic PS,1.04432e+16,2022,1,1,Road Accidents,Narrow road,City/Town,Open area,Human Error,No,Grievous Injury,Hit pedestrian,Not Applicable,Others,NH,Bitumen(Tar),Dry,Not Applicable,Clear,Hosru Main Road,D mart,2 kM,0.0,0.0,0,0,0.0,0.0
Bengaluru City,Electronic City Traffic PS,1.04432e+16,2022,1,1,Road Accidents,Narrow road,City/Town,Near Hospital,Human Error,Not Applicable,Grievous Injury,Not Applicable,Controlled,Others,Others,Bitumen(Tar),Dry,Not Applicable,Clear,elevented Fly Over,Eleveted Fly Over Near  Hosuru Junction,5 KM,0.0,0.0,0,0,0.0,0.0
Bengaluru City,Electronic City Traffic PS,1.04432e+16,2022,1,1,Road Accidents,Narrow road,City/Town,Open area,Human Error,No,Grievous Injury,Hit pedestrian,Controlled,Others,NH,Bitumen(Tar),Dry,Not Applicable,Clear,Electronic City Phase   1,Hosru Main Road,1 KM,0.0,0.0,0,0,0.0,0.0
Bengaluru City,Electronic City Traffic PS,1.04432e+16,2022,1,2,Road Accidents,Narrow road,City/Town,Open area,Human Error,No,Grievous Injury,Vehicle to Vehicle,Controlled,Others,Others,Bitumen(Tar),Dry,Not Applicable,Clear,Electrono City Phase 1,Electronice City Phase1,0.5,0.0,0.0,0,0,0.0,0.0
Bengaluru City,Electronic City Traffic PS,1.04432e+16,2022,1,2,Road Accidents,Narrow road,City/Town,Open area,Human Error,Yes,Grievous Injury,Vehicle to Vehicle,Controlled,Others,NH,Bitumen(Tar),Dry,Not Applicable,Clear,Naganathapur Electronic City,Near Hosroad Junction,3 Km,12.86974,77.65332,0,0,0.0,0.0
Bengaluru City,Electronic City Traffic PS,1.04432e+16,2022,1,1,Road Accidents,Narrow road,City/Town,Near Hospital,Human Error,No,Simple Injury,Not Applicable,Controlled,Others,NH,Bitumen(Tar),Dry,Not Applicable,Clear,Singasandr,Near Govt Hospital Singasandra,3 KM,12.87278,77.65127,0,0,0.0,0.0
Bengaluru City,Electronic City Traffic PS,1.04432e+16,2022,1,2,Road Accidents,Narrow road,City/Town,Near Bus stop,Human Error,Yes,Fatal,Vehicle to Vehicle,Not at  Junction,Straight and flat,NH,Bitumen(Tar),Dry,Not Applicable,Clear,Hosuru Main Road,Near Electronic City Bus Stop,3kms,12.84247,77.6749,0,0,0.0,0.0