DISTRICTNAME,UNITNAME,Crime_No,Year,RI,Noofvehicle_involved,Accident_Classification,Accident_Spot,Accident_Location,Accident_SubLocation,Main_Cause,Hit_Run,Severity,Collision_Type,Junction_Control,Road_Character,Road_Type,Surface_Type,Surface_Condition,Road_Condition,Weather,Accident_Road,Landmark_first,Distance_LandMark_First,Latitude,Longitude,Road_Condition_Score,Surface_Condition_Score,Surface_Type_Score,Road_Risk_Index
Bengaluru City,Electronic City Traffic PS,1.04432e+16,2022,1,1,Road Accidents,Narrow road,City/Town,Open area,Human Error,No,Fatal,Hit pedestrian,Controlled,Others,Others,Bitumen(Tar),Dry,Not Applicable,Clear,Somasundarapalya,Near Gurumurty Bhavan,7 KM,12.898316,77.655149,0,0,0.0,0.0
Bengaluru City,Electronic City Traffic PS,1.04432e+16,2022,1,1,Road Accidents,Narrow road,City/Town,Open area,Human Error,Yes,Fatal,Hit pedestrian,Controlled,Others,NH,Bitumen(Tar),Dry,Not Applicable,Clear,Hosru Main Road,Near Eleveted Flyover,3 K M,0.0,0.0,0,0,0.0,0.0
Bengaluru City,Electronic City Traffic PS,1.04432e+16,2022,1,2,Road Accidents,Narrow road,City/Town,Open area,Human Error,Yes,Simple Injury,Vehicle to Vehicle,Controlled,Others,NH,Bitumen(Tar),Dry,Not Applicable,Clear,Konappana Agrahara,Near Metro Whole sale,2 KM,12.86209,77.65959,0,0,0.0,0.0
Bengaluru City,Electronic City Traffic PS,1.04432e+16,2022,1,1,Road Accidents,Narrow road,City/Town,Near School or College,Human Error,Yes,Simple Injury,Hit pedestrian,Controlled,Others,Others,Bitumen(Tar),Dry,Not Applicable,Clear,C K Nagar Hosaroad,Near Sujana Convent School,4 KM,12.87327,77.65814,0,0,0.0,0.0
Bengaluru City,Electronic City Traffic PS,1.04432e+16,2022,1,2,Road Accidents,Not Applicable,City/Town,Near Hospital,Human Error,No,Simple Injury,Vehicle to Vehicle,Not at  Junction,Straight and flat,NH,Bitumen(Tar),Dry,Not Applicable,Clear,Hosru Main Road,Near anti Sweets,2,12.85201,77.66764,0,0,0.0,0.0
Bengaluru City,Electronic City Traffic PS,1.04432e+16,2022,1,2,Road Accidents,Narrow road,City/Town,Near office complex,Human Error,No,Simple Injury,Vehicle to Vehicle,Controlled,Straight and flat,NH,Bitumen(Tar),Dry,Not Applicable,Clear,Electronic City,Near Infosys Company,2 Km,12.85256,77.66716,0,0,0.0,0.0
Bengaluru City,Electronic City Traffic PS,1.04432e+16,2022,1,2,Road Accidents,Narrow road,City/Town,Near School or College,Human Error,No,Simple Injury,Vehicle to Vehicle,Controlled,Others,NH,Bitumen(Tar),Dry,Not Applicable,Clear,Konappana Agrahara,Hosur Main Road,2 Km,12.84309,77.66202,0,0,0.0,0.0
Bengaluru City,Electronic City Traffic PS,1.04432e+16,2022,1,1,Not Applicable,Not Applicable,City/Town,Open area,Not Applicable,Not Applicable,Grievous Injury,Hit bicyclist,Controlled,Not Applicable,Others,Bitumen(Tar),Dry,Not Applicable,Fine,elevented Fly Over,Eleveted Fly Over Near Beratten Agrahara,4 Km,12.86713,77.65796,0,0,0.0,0.0
Bengaluru City,Electronic City Traffic PS,1.04432e+16,2022,1,1,Road Accidents,Narrow road,City/Town,Open area,Human Error,No,Grievous Injury,Hit pedestrian,Controlled,Others,Others,Bitumen(Tar),Dry,Not Applicable,Clear,Neeladri road Electronic City,Near Viji Liji Bekary,3 K M,0.0,0.0,0,0,0.0,0.0
Bengaluru City,Electronic City Traffic PS,1.04432e+16,2022,1,2,Road Accidents,Narrow road,City/Town,Open area,Human Error,Not Applicable,Fatal,Not Applicable,Controlled,Others,NH,Bitumen(Tar),Dry,Not Applicable,Clear,Hosur Main Road Konappan agrahar Bus Stop,Konappana Agrahara Junction,2 Km,12.85614,77.66439,0,0,0.0,0.0
Bengaluru City,Electronic City Traffic PS,1.04432e+16,2022,1,1,Road Accidents,Narrow road,City/Town,Open area,Human Error,No,Simple Injury,Not Applicable,Controlled,Others,Expressway,Bitumen(Tar),Dry,Not Applicable,Clear,Nice road Electronic City,Near SNN raj Apartments,5km,12.85786,77.61649,0,0,0.0,0.0
Bengaluru City,Electronic City Traffic PS,1.04432e+16,2022,1,1,Road Accidents,Narrow road,City/Town,Near or inside a village,Human Error,Yes,Grievous Injury,Hit pedestrian,Controlled,Others,Others,Bitumen(Tar),Dry,Not Applicable,Clear,Bettadasanapura,Near TVS Show room,2KM,12.84306,77.64279,0,0,0.0,0.0
Bengaluru City,Electronic City Traffic PS,1.04432e+16,2022,1,2,Road Accidents,Narrow road,City/Town,Near office complex,Human Error,No,Not Applicable,Vehicle to Vehicle,Controlled,Others,NH,Bitumen(Tar),Dry,Not Applicable,Clear,Veerasandra Junction,Hosur main road,2 Km,0.0,0.0,0,0,0.0,0.0
Bengaluru City,Electronic City Traffic PS,1.04432e+16,2022,1,2,Road Accidents,Junction,City/Town,Open area,Human Error,Yes,Fatal,Vehicle to Vehicle,Controlled,Others,NH,Bitumen(Tar),Dry,Not Applicable,Clear,Near Piller No 75 76 Hosur Main road,Hosru Main Road,5 KM,12.88891,77.64031,0,0,0.0,0.0
Bengaluru City,Electronic City Traffic PS,1.04432e+16,2022,1,2,Road Accidents,Narrow road,City/Town,Open area,Human Error,No,Fatal,Vehicle to Vehicle,Controlled,Others,NH,Bitumen(Tar),Dry,Not Applicable,Clear,Garvebhavipalya,Hosur Main Road,6 KM,0.0,0.0,0,0,0.0,0.0
Bengaluru City,Electronic City Traffic PS,1.04432e+16,2022,1,2,Road Accidents,Narrow road,City/Town,Near School or College,Human Error,Yes,Grievous Injury,Vehicle to Vehicle,Controlled,Straight and flat,Sub Arterial,Bitumen(Tar),Others,No influence on accident,Clear,Infront Of MNR World School,Near MNR World School,6 KM,12.8703,77.62402,0,1,0.0,1.0
Bengaluru City,Electronic City Traffic PS,1.04432e+16,2022,1,2,Road Accidents,Narrow road,City/Town,Open area,Human Error,No,Simple Injury,Vehicle to Vehicle,Controlled,Others,Others,Bitumen(Tar),Dry,Not Applicable,Clear,Maylasandra Village,Near Government School,6 KM,0.0,0.0,0,0,0.0,0.0
Bengaluru City,Electronic City Traffic PS,1.04432e+16,2022,1,3,Road Accidents,Narrow road,City/Town,Open area,Human Error,No,Grievous Injury,Vehicle to Vehicle,Controlled,Others,NH,Bitumen(Tar),Dry,Not Applicable,Clear,Konappana Agrahara Signal,Elevated Flyover Road,4 KM,0.0,0.0,0,0,0.0,0.0
Bengaluru City,Electronic City Traffic PS,1.04432e+16,2022,1,2,Road Accidents,Narrow road,City/Town,Open area,Human Error,Yes,Grievous Injury,Vehicle to Vehicle,Controlled,Others,Others,Bitumen(Tar),Dry,Not Applicable,Fine,Hosuru Service Road Near H P Pertol Bunk,Hosuru Service Road Near H P Pertol Bunk,3 KM,0.0,0.0,0,0,0.0,0.0
Bengaluru City,Electronic City Traffic PS,1.04432e+16,2022,1,2,Road Accidents,Narrow road,City/Town,Near Hospital,Not Applicable,Yes,Grievous Injury,Vehicle to Vehicle,Not Applicable,Others,Others,Bitumen(Tar),Others,Not Applicable,Clear,Hosur Main Road,Near Hosuru Road JN,4,0.0,0.0,0,1,0.0,1.0
Bengaluru City,Electronic City Traffic PS,1.04432e+16,2022,1,1,Road Accidents,Narrow road,City/Town,Open area,Human Error,No,Grievous Injury,Hit pedestrian,Controlled,Others,NH,Bitumen(Tar),Dry,Not Applicable,Clear,Hosur Main Road,Conected Fily Over,2 kM,0.0,0.0,0,0,0.0,0.0
Bengaluru City,Electronic City Traffic PS,1.04432e+16,2022,1,1,Road Accidents,Not Applicable,City/Town,Near Bus stop,Human Error,No,Grievous Injury,Hit pedestrian,Controlled,Straight and flat,NH,Bitumen(Tar),Dry,Not Applicable,Clear,Hosur Main Road Konappan agrahar Bus Stop,Konappan agrahar Bus Stop,2 km,12.85572,77.66472,0,0,0.0,0.0
Bengaluru City,Electronic City Traffic PS,1.04432e+16,2022,1,2,Road Accidents,Not Applicable,City/Town,Near or inside a village,Human Error,Yes,Simple Injury,Vehicle to Vehicle,Controlled,Straight and flat,Others,Bitumen(Tar),Dry,Not Applicable,Clear,Doddanagamangala road,Near Doddanagamangal Arch,4Km,12.86414,77.6705,0,0,0.0,0.0
Bengaluru City,Electronic City Traffic PS,1.04432e+16,2022,1,1,Road Accidents,Narrow road,City/Town,Near School or College,Human Error,Not Applicable,Simple Injury,Not Applicable,Controlled,Hump,NH,Bitumen(Tar),Dry,Not Applicable,Clear,Hosru Main Road,Near PES colleg,2 Km,12.85883,77.66225,0,0,0.0,0.0
Bengaluru City,Electronic City Traffic PS,1.04432e+16,2022,1,1,Road Accidents,Narrow road,City/Town,Open area,Human Error,Yes,Fatal,Hit pedestrian,Controlled,Others,Service Road,Bitumen(Tar),Dry,Not Applicable,Clear,Singasandr,Near Karnataka Bekary,5 KM,12.885158,77.642563,0,0,0.0,0.0
Bengaluru City,Electronic City Traffic PS,1.04432e+16,2022,1,3,Road Accidents,Junction,City/Town,Near Bus stop,Human Error,Yes,Fatal,Vehicle to Vehicle,Controlled,Straight and flat,NH,Bitumen(Tar),Dry,No influence on accident,Clear,Hosur Main Road,Hosru Main Road Near Eleveted Flyover Piller No160,4 Kms,0.0,0.0,0,0,0.0,0.0
Bengaluru City,Electronic City Traffic PS,1.04432e+16,2022,1,1,Road Accidents,Narrow road,City/Town,Open area,Human Error,No,Damage Only,Not Applicable,Controlled,Others,Others,Bitumen(Tar),Dry,Not Applicable,Clear,Bandepalya,Near Bandepalya,5 KM,0.0,0.0,0,0,0.0,0.0
Bengaluru City,Electronic City Traffic PS,1.04432e+16,2022,1,2,Road Accidents,Narrow road,City/Town,Open area,Human Error,Yes,Grievous Injury,Vehicle to Vehicle,Controlled,Others,Others,Bitumen(Tar),Dry,Not Applicable,Clear,Neeladri road Electronic City,Near HDFC Bank,1 KM,0.0,0.0,0,0,0.0,0.0
Bengaluru City,Electronic City Traffic PS,1.04432e+16,2022,1,2,Road Accidents,Narrow road,City/Town,Near office complex,Human Error,No,Grievous Injury,Vehicle to Vehicle,Not Applicable,Others,Others,Bitumen(Tar),Dry,Not Applicable,Clear,Electronic City,Naer Symboisis Collage,1Km,0.0,0.0,0,0,0.0,0.0
Bengaluru City,Electronic City Traffic PS,1.04432e+16,2022,1,1,Road Accidents,Not Applicable,City/Town,Near Bus stop,Human Error,No,Simple Injury,Hit pedestrian,Controlled,Straight and flat,NH,Bitumen(Tar),Dry,Not Applicable,Clear,Hosur Main Road,Near Kudlu Gate Jun,6KM,12.88997,77.63958,0,0,0.0,0.0
Bengaluru City,Electronic City Traffic PS,1.04432e+16,2022,1,1,Road Accidents,Not Applicable,City/Town,Near office complex,Human Error,No,Simple Injury,Hit pedestrian,Not at  Junction,Straight and flat,NH,Bitumen(Tar),Dry,Not Applicable,Clear,Hosur Service Road,Near Simponi Apts,4KM,12.86342,77.6582,0,0,0.0,0.0
Bengaluru City,Electronic City Traffic PS,1.04432e+16,2022,1,2,Road Accidents,Narrow road,City/Town,Open area,Human Error,No,Fatal,Not Applicable,Controlled,Not Applicable,Expressway,Bitumen(Tar),Dry,Not Applicable,Clear,Nice Road Mylasandra Begaru,Near Mysandra pillekamma Temple,5 KM,12.86228,77.62274,0,0,0.0,0.0
Bengaluru City,Electronic City Traffic PS,1.04432e+16,2022,1,2,Road Accidents,Junction,City/Town,Open area,Human Error,No,Simple Injury,Vehicle to Vehicle,Controlled,Others,NH,Bitumen(Tar),Dry,No influence on accident,Clear,Konappana Agrahara,Near Chandana Spirit Bar & Restaurants,3 Km,12.852059,77.667612,0,0,0.0,0.0
Bengaluru City,Electronic City Traffic PS,1.04432e+16,2022,1,1,Road Accidents,Not Applicable,City/Town,Narrow bridge or culverts,Human Error,Not Applicable,Fatal,Vehicle to Vehicle,Not Applicable,Not Applicable,Others,Bitumen(Tar),Not Applicable,Not Applicable,Clear,Nice road Electronic City,near pragatinagara bridge,1.5 Km,0.0,0.0,0,0,0.0,0.0
Bengaluru City,Electronic City Traffic PS,1.04432e+16,2022,1,1,Road Accidents,Narrow road,City/Town,Open area,Human Error,No,Simple Injury,Hit pedestrian,Controlled,Others,NH,Bitumen(Tar),Dry,Not Applicable,Clear,Konappana Agrahara,Near White Fether,3km,12.86008,77.66119,0,0,0.0,0.0
Bengaluru City,Electronic City Traffic PS,1.04432e+16,2022,1,2,Road Accidents,Narrow road,City/Town,Open area,Human Error,No,Simple Injury,Vehicle to Vehicle,Controlled,Others,Others,Bitumen(Tar),Dry,Not Applicable,Clear,Rayasandra Road,Near Doddamara,6 KM,12.8794,77.67208,0,0,0.0,0.0
Bengaluru City,Electronic City Traffic PS,1.04432e+16,2022,1,1,Road Accidents,Narrow road,City/Town,Open area,Human Error,No,Fatal,Not Applicable,Controlled,Others,NH,Bitumen(Tar),Dry,Not Applicable,Clear,Electronic City,Near BMTC Depo,2KM,0.0,0.0,0,0,0.0,0.0
Bengaluru City,Electronic City Traffic PS,1.04432e+16,2022,1,2,Road Accidents,Narrow road,City/Town,Open area,Human Error,No,Fatal,Vehicle to Vehicle,Controlled,Others,Others,Bitumen(Tar),Dry,Not Applicable,Clear,Naganathapur Electronic City,Near SEG Auotomotive Company,5 KM,0.0,0.0,0,0,0.0,0.0
Bengaluru City,Electronic City Traffic PS,1.04432e+16,2022,1,1,Road Accidents,Narrow road,City/Town,Open area,Human Error,No,Simple Injury,Hit pedestrian,Controlled,Others,Others,Bitumen(Tar),Dry,Not Applicable,Clear,Doddanagamangala Village,Lakshmi Narasimha Swamy Road,2 Km,12.85004,77.64567,0,0,0.0,0.0
Bengaluru City,Electronic City Traffic PS,1.04432e+16,2022,1,1,Road Accidents,Narrow road,City/Town,Open area,Human Error,No,Grievous Injury,Hit pedestrian,Controlled,Others,Others,Bitumen(Tar),Dry,Not Applicable,Clear,Electrono City Phase 2,Opp SBI Bank,4 Km,0.0,0.0,0,0,0.0,0.0
Bengaluru City,Electronic City Traffic PS,1.04432e+16,2022,1,2,Road Accidents,Narrow road,City/Town,Open area,Human Error,No,Grievous Injury,Vehicle to Vehicle,Controlled,Others,Expressway,Bitumen(Tar),Dry,Not Applicable,Clear,Myalasandara Begur Post,Nice Road Near Pilekamma Temple,6 KM,0.0,0.0,0,0,0.0,0.0
Bengaluru City,Electronic City Traffic PS,1.04432e+16,2022,1,2,Road Accidents,Narrow road,City/Town,Open area,Human Error,No,Grievous Injury,Vehicle to Vehicle,Controlled,Others,Others,Bitumen(Tar),Dry,Not Applicable,Clear,Haraluru Road Parappana Agrahara,Near Dialy Happ Arun ice Cream,5 KM,0.0,0.0,0,0,0.0,0.0
Bengaluru City,Electronic City Traffic PS,1.04432e+16,2022,1,2,Road Accidents,Narrow road,City/Town,Near office complex,Human Error,No,Simple Injury,Vehicle to Vehicle,Controlled,Not Applicable,Others,Bitumen(Tar),Dry,Not Applicable,Clear,Doddnagamangala Road Near Bosch Company Gate,Bosch Company Gate,3 km,12.868,77.66216,0,0,0.0,0.0
Bengaluru City,Electronic City Traffic PS,1.04432e+16,2022,1,2,Road Accidents,Junction,City/Town,Near School or College,Human Error,No,Grievous Injury,Vehicle to Vehicle,Not Applicable,Others,NH,Bitumen(Tar),Dry,Not Applicable,Clear,Phase-2 road Electronic city,Xime College,2KM,12.84773,77.67553,0,0,0.0,0.0
Bengaluru City,Electronic City Traffic PS,1.04432e+16,2022,1,2,Road Accidents,Not Applicable,City/Town,Open area,Human Error,No,Simple Injury,Vehicle to Vehicle,Controlled,Straight and flat,Expressway,Bitumen(Tar),Dry,Not Applicable,Clear,Nice Road,Blue joy Villa,5km,12.86651,77.63868,0,0,0.0,0.0
Bengaluru City,Electronic City Traffic PS,1.04432e+16,2022,1,1,Road Accidents,Narrow road,City/Town,Open area,Human Error,No,Grievous Injury,Hit pedestrian,Controlled,Others,Others,Bitumen(Tar),Dry,Not Applicable,Clear,Neeladri road Electronic City,Near Wipro Gate No 14,1 KM,12.83911,77.65579,0,0,0.0,0.0
Bengaluru City,Electronic City Traffic PS,1.04432e+16,2022,1,2,Road Accidents,Narrow road,City/Town,Near School or College,Human Error,No,Simple Injury,Vehicle to Vehicle,Controlled,Others,NH,Bitumen(Tar),Ditch or Potholed,Not Applicable,Clear,Konappana Agrahara,Elevated Flyover Road,2 KM,12.84795,77.67064,0,5,0.0,5.0
Bengaluru City,Electronic City Traffic PS,1.04432e+16,2022,1,3,Road Accidents,Narrow road,City/Town,Open area,Human Error,No,Grievous Injury,Vehicle to Vehicle,Controlled,Others,NH,Bitumen(Tar),Dry,Not Applicable,Clear,"Elevated Flyover road, Electronic City",Near Infosys Company,2 Km,12.84811,77.67043,0,0,0.0,0.0
Bengaluru City,Electronic City Traffic PS,1.04432e+16,2022,1,2,Road Accidents,Junction,City/Town,Near Petrol Pump,Human Error,No,Simple Injury,Vehicle to Vehicle,Controlled,Straight and flat,NH,Bitumen(Tar),Dry,Not Applicable,Clear,Hosru Main Road,Konappana Agrahara Junction,2 Km,12.85611,77.66436,0,0,0.0,0.0
Bengaluru City,Electronic City Traffic PS,1.04432e+16,2022,1,1,Road Accidents,Narrow road,City/Town,Open area,Human Error,No,Simple Injury,Hit pedestrian,Not Applicable,Others,NH,Bitumen(Tar),Dry,Not Applicable,Clear,Electronic City Phase   2,Near BMTC Bus Depo,3KM,12.84692,77.67338,0,0,0.0,0.0
Bengaluru City,Electronic City Traffic PS,1.04432e+16,2022,1,2,Road Accidents,Not Applicable,City/Town,Open area,Human Error,Yes,Simple Injury,Vehicle to Vehicle,Controlled,Straight and flat,NH,Bitumen(Tar),Dry,Not Applicable,Clear,Eleveted Flyover Road,Hosru Main Road Flyover,4 Km,12.86987,77.65341,0,0,0.0,0.0
Bengaluru City,Electronic City Traffic PS,1.04432e+16,2022,1,1,Road Accidents,Narrow road,City/Town,Open area,Human Error,No,Fatal,Hit pedestrian,Controlled,Others,NH,Bitumen(Tar),Dry,Not Applicable,Clear,"Hosur Main road, Singasndra",Inbitween Pillar No 86&87,4 KM,12.88594,77.64198,0,0,0.0,0.0
Bengaluru City,Electronic City Traffic PS,1.04432e+16,2022,1,1,Road Accidents,Narrow road,City/Town,Near office complex,Human Error,No,Fatal,Not Applicable,Controlled,Others,NH,Bitumen(Tar),Dry,Not Applicable,Clear,"Biratena Agrahara,Electronic City",Near Nexa Car Service,2 KM,12.86558,77.65687,0,0,0.0,0.0
Bengaluru City,Electronic City Traffic PS,1.04432e+16,2022,1,2,Road Accidents,Narrow road,City/Town,Open area,Human Error,No,Simple Injury,Vehicle to Vehicle,Controlled,Others,Sub Arterial,Bitumen(Tar),Dry,No influence on accident,Clear,Electronic City phace 1,Near Petrol Bunk,5 km,0.0,0.0,0,0,0.0,0.0
Bengaluru City,Electronic City Traffic PS,1.04432e+16,2022,1,1,Road Accidents,Narrow road,City/Town,Open area,Human Error,Yes,Grievous Injury,Hit pedestrian,Controlled,Others,NH,Bitumen(Tar),Dry,Not Applicable,Clear,Kudlu Gate,Hosru Main Road,6 KM,0.0,0.0,0,0,0.0,0.0
Bengaluru City,Electronic City Traffic PS,1.04432e+16,2022,1,1,Road Accidents,Not Applicable,City/Town,Near or inside a village,Not Applicable,No,Fatal,Hit pedestrian,Not Applicable,Others,Others,Kutcha,Muddy,No influence on accident,Clear,emplty  place guruswami hosapalya,nera hosapalya main road kudlu,5 KM,0.0,0.0,0,4,4.0,8.0
Bengaluru City,Electronic City Traffic PS,1.04432e+16,2022,1,1,Road Accidents,Narrow road,City/Town,Open area,Human Error,Yes,Grievous Injury,Hit pedestrian,Controlled,Others,NH,Bitumen(Tar),Dry,Not Applicable,Clear,Singasandra,Singasandra,8km,0.0,0.0,0,0,0.0,0.0
Bengaluru City,Electronic City Traffic PS,1.04432e+16,2023,1,2,Not Applicable,Narrow road,City/Town,Open area,Human Error,No,Grievous Injury,Vehicle to Vehicle,Controlled,Not Applicable,Others,Bitumen(Tar),Dry,Not Applicable,Clear,Electrono City Phase 1,Electronice City Phase1,2 km,0.0,0.0,0,0,0.0,0.0
Bengaluru City,Electronic City Traffic PS,1.04432e+16,2023,1,1,Road Accidents,Narrow road,City/Town,Near Bus stop,Human Error,No,Grievous Injury,Hit pedestrian,Not Applicable,Others,Service Road,Bitumen(Tar),Others,Not Applicable,Clear,Konappa Agrahara,venkateshwar thetara,3,0.0,0.0,0,1,0.0,1.0
Bengaluru City,Electronic City Traffic PS,1.04432e+16,2023,1,2,Road Accidents,Not Applicable,City/Town,Residential area,Human Error,Yes,Grievous Injury,Vehicle to Vehicle,Not at  Junction,Straight and flat,Others,Bitumen(Tar),Others,Not Applicable,Others,Conected Fily Over,Conected Fily Over,3 km,12.839288,77.62274,0,1,0.0,1.0
Bengaluru City,Electronic City Traffic PS,1.04432e+16,2023,1,2,Road Accidents,Narrow road,City/Town,Open area,Human Error,No,Not Applicable,Vehicle to Vehicle,Controlled,Others,NH,Bitumen(Tar),Dry,Not Applicable,Clear,Hosur  Main Road,G B Pallya Signal,7 KM,12.68552,77.088342,0,0,0.0,0.0
Bengaluru City,Electronic City Traffic PS,1.04432e+16,2023,1,1,Road Accidents,Circle,City/Town,Open area,Human Error,No,Fatal,Hit pedestrian,Controlled,Others,Others,Bitumen(Tar),Dry,Not Applicable,Clear,Electr,Near Otera hotel,hotel,12.58508,77.660241,0,0,0.0,0.0
Bengaluru City,Electronic City Traffic PS,1.04432e+16,2023,1,2,Road Accidents,Junction,City/Town,Open area,Human Error,No,Grievous Injury,Vehicle to Vehicle,Not Applicable,Others,Others,Bitumen(Tar),Dry,Not Applicable,Clear,Near Basaveshwar Cricle,Near Basaveshwar Cricle,4 Km,0.0,0.0,0,0,0.0,0.0
Bengaluru City,Electronic City Traffic PS,1.04432e+16,2023,1,2,Road Accidents,Not Applicable,City/Town,Near a factory industrial area,Human Error,Not Applicable,Fatal,Vehicle to Vehicle,Not Applicable,Not Applicable,Expressway,Bitumen(Tar),Others,Not Applicable,Not Applicable,BETPL Elevetad Fly Over Electronic City,NEAR PAI FURNITURE GARAVEBHAVIPALLYA,5 KM,0.0,0.0,0,1,0.0,1.0
Bengaluru City,Electronic City Traffic PS,1.04432e+16,2023,1,1,Road Accidents,Road hump or Rumble strips,City/Town,Near a recreation place/cinema,Human Error,Not Applicable,Fatal,Not Applicable,Not at  Junction,Hump,NH,Bitumen(Tar),Others,Not Applicable,Clear,HOSUR MAIN ROAD,NEAR WHITE FEATHER,5 KM,0.0,0.0,0,1,0.0,1.0
Bengaluru City,Electronic City Traffic PS,1.04432e+16,2023,1,1,Not Applicable,Narrow road,City/Town,Open area,Not Applicable,No,Damage Only,Not Applicable,Controlled,Others,NH,Bitumen(Tar),Dry,Not Applicable,Clear,Hosru Main Road,Hosur main road Konappan agrahara,2 kM,0.0,0.0,0,0,0.0,0.0
Bengaluru City,Electronic City Traffic PS,1.04432e+16,2023,1,2,Not Applicable,Narrow road,City/Town,Open area,Human Error,No,Damage Only,Vehicle to Vehicle,Controlled,Others,Others,Bitumen(Tar),Others,Not Applicable,Clear,elevented Fly Over,Eleveted Fly Over Near  Kudlu Junction,6KM,0.0,0.0,0,1,0.0,1.0
Bengaluru City,Electronic City Traffic PS,1.04432e+16,2023,1,1,Not Applicable,Circle,City/Town,At pedestrian Crossing,Not Applicable,No,Fatal,Hit pedestrian,Not Applicable,Not Applicable,Others,Bitumen(Tar),Not Applicable,Not Applicable,Clear,NAGANATHPURA JN,NEAR PRALAKSHA HOSPITAL,5 KM,0.0,0.0,0,0,0.0,0.0
Bengaluru City,Electronic City Traffic PS,1.04432e+16,2023,1,1,Road Accidents,Narrow road,City/Town,Open area,Human Error,No,Fatal,Not Applicable,Controlled,Others,NH,Bitumen(Tar),Dry,Not Applicable,Clear,Hosru Main Road,Konappana Agrahara,4 KM,0.0,0.0,0,0,0.0,0.0
Bengaluru City,Electronic City Traffic PS,1.04432e+16,2023,1,2,Road Accidents,Narrow road,City/Town,Open area,Human Error,No,Grievous Injury,Vehicle to Vehicle,Controlled,Others,Expressway,Bitumen(Tar),Dry,Not Applicable,Clear,Elevated Fly over road,Opp Belaku Comlex,5KM,0.0,0.0,0,0,0.0,0.0
Bengaluru City,Electronic City Traffic PS,1.04432e+16,2023,1,2,Road Accidents,Narrow road,City/Town,Open area,Human Error,No,Not Applicable,Vehicle to Vehicle,Controlled,Others,Others,Bitumen(Tar),Dry,Not Applicable,Clear,Central Jail Road,Near parappana Agrahara,6Km,0.0,0.0,0,0,0.0,0.0
Bengaluru City,Electronic City Traffic PS,1.04432e+16,2023,1,1,Road Accidents,Road hump or Rumble strips,City/Town,Near Hospital,Human Error,No,Grievous Injury,Not Applicable,Not at  Junction,Straight and flat,NH,Bitumen(Tar),Others,Not Applicable,Cloudy,Hosur Main Road,Hosur main road Konappan agrahara,3,12.83625,77.61043,0,1,0.0,1.0
Bengaluru City,Electronic City Traffic PS,1.04432e+16,2023,1,2,Road Accidents,Narrow road,City/Town,Near office complex,Human Error,Yes,Grievous Injury,Vehicle to Vehicle,Not Applicable,Straight and flat,NH,Bitumen(Tar),Others,Not Applicable,Clear,Hosur Main Road,Electronice City Phase1,1.5 km,12.83625,77.088342,0,1,0.0,1.0
Bengaluru City,Electronic City Traffic PS,1.04432e+16,2023,1,1,Road Accidents,Narrow road,City/Town,Open area,Human Error,No,Fatal,Not Applicable,Controlled,Others,Others,Bitumen(Tar),Dry,Not Applicable,Clear,Electronic City Phase   2,Electronic City Phase 2,3 KM,12.752783,77.088342,0,0,0.0,0.0
Bengaluru City,Electronic City Traffic PS,1.04432e+16,2023,1,2,Road Accidents,Narrow road,City/Town,Open area,Human Error,No,Simple Injury,Vehicle to Vehicle,Not at  Junction,Not Applicable,Others,Bitumen(Tar),Others,Not Applicable,Clear,Hosur Main Road,Hosur main road Konappan agrahara,8,12.83876,77.62504,0,1,0.0,1.0
Bengaluru City,Electronic City Traffic PS,1.04432e+16,2023,1,1,Road Accidents,Not Applicable,City/Town,Near Hospital,Human Error,Not Applicable,Grievous Injury,Not Applicable,Uncontrolled,Straight and flat,Not Applicable,Bitumen(Tar),Dry,Not Applicable,Clear,Hosa Road,Central Jail Road,7 KM,12.83625,77.62504,0,0,0.0,0.0
Bengaluru City,Electronic City Traffic PS,1.04432e+16,2023,1,1,Road Accidents,Narrow road,City/Town,Open area,Human Error,No,Grievous Injury,Hit pedestrian,Controlled,Others,Others,Bitumen(Tar),Dry,Not Applicable,Clear,Haraluru Village,Near 7th Cross Haraluru,4 KM,0.0,0.0,0,0,0.0,0.0
Bengaluru City,Electronic City Traffic PS,1.04432e+16,2023,1,2,Road Accidents,Offset,City/Town,Open area,Human Error,No,Grievous Injury,Vehicle to Vehicle,Controlled,Others,Others,Bitumen(Tar),Dry,Not Applicable,Clear,Begur koppa Main road,Near Nice road Jigani Brisge,6 KM,0.0,0.0,0,0,0.0,0.0