DISTRICTNAME,UNITNAME,Crime_No,Year,RI,Noofvehicle_involved,Accident_Classification,Accident_Spot,Accident_Location,Accident_SubLocation,Main_Cause,Hit_Run,Severity,Collision_Type,Junction_Control,Road_Character,Road_Type,Surface_Type,Surface_Condition,Road_Condition,Weather,Accident_Road,Landmark_first,Distance_LandMark_First,Latitude,Longitude,Road_Condition_Score,Surface_Condition_Score,Surface_Type_Score,Road_Risk_Index
Bengaluru City,Electronic City Traffic PS,1.04432e+16,2023,1,2,Not Applicable,Narrow road,City/Town,Near Bus stop,Human Error,Yes,Grievous Injury,Hit pedestrian,Controlled,Others,Not Applicable,Bitumen(Tar),Dry,Not Applicable,Clear,Hosuru Service Road Near Kudlu JN,Kudlu Bus Stop,4 Km,0.0,0.0,0,0,0.0,0.0
Bengaluru City,Electronic City Traffic PS,1.04432e+16,2023,1,1,Road Accidents,Narrow road,City/Town,Open area,Human Error,No,Grievous Injury,Not Applicable,Controlled,Others,NH,Bitumen(Tar),Dry,Not Applicable,Clear,Konappana Agrahara,Near Metro Whole sale,2 km,0.0,0.0,0,0,0.0,0.0
Bengaluru City,Electronic City Traffic PS,1.04432e+16,2023,1,2,Road Accidents,Narrow road,City/Town,Open area,Human Error,No,Not Applicable,Vehicle to Vehicle,Controlled,Others,Expressway,Bitumen(Tar),Dry,Not Applicable,Clear,Eleveted Flyover Road,Elevated Flyover,8KM,0.0,0.0,0,0,0.0,0.0
Bengaluru City,Electronic City Traffic PS,1.04432e+16,2023,1,1,Road Accidents,Narrow road,City/Town,Open area,Human Error,Yes,Grievous Injury,Hit pedestrian,Not Applicable,Others,Others,Bitumen(Tar),Dry,Not Applicable,Clear,Doddanaganmangala,Rayasandra Road,5 KM,12.68552,77.088342,0,0,0.0,0.0
Bengaluru City,Electronic City Traffic PS,1.04432e+16,2023,1,2,Road Accidents,Cross roads,City/Town,Open area,Human Error,Yes,Simple Injury,Vehicle to Vehicle,Not Applicable,Curve,Service Road,Bitumen(Tar),Dry,Not Applicable,Clear,Hosa road,Hosru Main Road,8 KM,12.83625,77.47144,0,0,0.0,0.0
Bengaluru City,Electronic City Traffic PS,1.04432e+16,2023,1,2,Road Accidents,Not Applicable,City/Town,Open area,Human Error,Yes,Simple Injury,Vehicle to Vehicle,Not Applicable,Straight and flat,NH,Bitumen(Tar),Dry,Not Applicable,Clear,Singasandra,Sinasandra,8,12.83978,77.61453,0,0,0.0,0.0
Bengaluru City,Electronic City Traffic PS,1.04432e+16,2023,1,1,Road Accidents,Narrow road,City/Town,Open area,Human Error,No,Grievous Injury,Hit pedestrian,Controlled,Others,NH,Bitumen(Tar),Dry,Not Applicable,Clear,Hosru Main Road,In front of Bus Stop,5 KM,0.0,0.0,0,0,0.0,0.0
Bengaluru City,Electronic City Traffic PS,1.04432e+16,2023,1,1,Road Accidents,Narrow road,City/Town,Open area,Human Error,No,Grievous Injury,Hit pedestrian,Controlled,Others,NH,Bitumen(Tar),Dry,Not Applicable,Clear,Hosa Road Junction,Hosru Main Road,3 K M,0.0,0.0,0,0,0.0,0.0
Bengaluru City,Electronic City Traffic PS,1.04432e+16,2023,1,1,Road Accidents,Narrow road,City/Town,Open area,Human Error,No,Grievous Injury,Hit pedestrian,Not Applicable,Others,Others,Not Applicable,Others,Not Applicable,Clear,Neeladri Road,Neeladri Road,2 km,0.0,0.0,0,1,0.0,1.0
Bengaluru City,Electronic City Traffic PS,1.04432e+16,2023,1,1,Road Accidents,Narrow road,City/Town,Near Bus stop,Human Error,No,Grievous Injury,Not Applicable,Not Applicable,Straight and flat,NH,Bitumen(Tar),Others,Not Applicable,Clear,Hosru Main Road,Hosur main road Near Singasandara,1.5 km,12.83852,77.61014,0,1,0.0,1.0
Bengaluru City,Electronic City Traffic PS,1.04432e+16,2023,1,2,Road Accidents,Circle,Rural Areas,Residential area,Human Error,Yes,Fatal,Vehicle to Vehicle,Not at  Junction,Others,Others,Bitumen(Tar),Others,Not Applicable,Clear,Rayasandra Road,Rayasandra Road,2 Km,0.0,0.0,0,1,0.0,1.0
Bengaluru City,Electronic City Traffic PS,1.04432e+16,2023,1,1,Not Applicable,Narrow road,City/Town,At pedestrian Crossing,Human Error,Not Applicable,Grievous Injury,Hit pedestrian,Not Applicable,Not Applicable,Others,Bitumen(Tar),Not Applicable,Not Applicable,Clear,In front of Pralaksha hospital,hospital,5 KM,0.0,0.0,0,0,0.0,0.0
Bengaluru City,Electronic City Traffic PS,1.04432e+16,2023,1,1,Road Accidents,Narrow road,City/Town,Open area,Human Error,No,Grievous Injury,Hit pedestrian,Controlled,Others,NH,Bitumen(Tar),Dry,Not Applicable,Clear,Bommanahall,Hosur service Road,6 KM,12.83876,77.62504,0,0,0.0,0.0
Bengaluru City,Electronic City Traffic PS,1.04432e+16,2023,1,2,Road Accidents,Narrow road,City/Town,Open area,Human Error,Yes,Not Applicable,Vehicle to Vehicle,Controlled,Others,NH,Bitumen(Tar),Dry,Not Applicable,Clear,Naganathapur JN,Nagathapura Jn,6 KM,0.0,0.0,0,0,0.0,0.0
Bengaluru City,Electronic City Traffic PS,1.04432e+16,2023,1,2,Road Accidents,Narrow road,City/Town,Open area,Human Error,No,Fatal,Vehicle to Vehicle,Controlled,Others,NH,Bitumen(Tar),Dry,Not Applicable,Clear,Electronic City,Hosru Main Road,2 Km,12.752783,77.088342,0,0,0.0,0.0
Bengaluru City,Electronic City Traffic PS,1.04432e+16,2023,1,2,Road Accidents,Narrow road,City/Town,Open area,Human Error,No,Grievous Injury,Vehicle to Vehicle,Uncontrolled,Curve,Expressway,Bitumen(Tar),Dry,Not Applicable,Clear,NICE ROAD,NEAR SNN RAJ APARTMENT,5 KM,12.856194,77.613826,0,0,0.0,0.0
Bengaluru City,Electronic City Traffic PS,1.04432e+16,2023,1,2,Road Accidents,Junction,City/Town,Open area,Human Error,No,Grievous Injury,Vehicle to Vehicle,Police / Manual,Not Applicable,Two way,Surfaced,Not Applicable,Not Applicable,Clear,Chodasandra jn,chodasandra,8 KM,12.83625,77.088342,0,0,,
Bengaluru City,Electronic City Traffic PS,1.04432e+16,2023,1,1,Road Accidents,Not Applicable,City/Town,Open area,Human Error,Yes,Grievous Injury,Not Applicable,Controlled,Not Applicable,NH,Not Applicable,Dry,Not Applicable,Clear,Hosru Main Road,PES COLLEGE,3 KMS,12.68552,77.62402,0,0,0.0,0.0
Bengaluru City,Electronic City Traffic PS,1.04432e+16,2023,1,2,Road Accidents,Not Applicable,City/Town,Open area,Human Error,No,Fatal,Vehicle to Vehicle,Not Applicable,Not Applicable,Others,Bitumen(Tar),Not Applicable,Not Applicable,Clear,NICE ROAD,BEGURU KOPPA ROAD BRIDZE,5 KM,0.0,0.0,0,0,0.0,0.0
Bengaluru City,Electronic City Traffic PS,1.04432e+16,2023,1,1,Road Accidents,Narrow road,City/Town,Open area,Human Error,Yes,Grievous Injury,Hit pedestrian,Controlled,Others,Others,Bitumen(Tar),Dry,Not Applicable,Clear,Electronic City Phase   1,Electronic city,1 KM,0.0,0.0,0,0,0.0,0.0
Bengaluru City,Electronic City Traffic PS,1.04432e+16,2023,1,1,Road Accidents,Not Applicable,City/Town,Open area,Human Error,Not Applicable,Fatal,Not Applicable,Not Applicable,Straight and flat,Others,Bitumen(Tar),Not Applicable,Not Applicable,Clear,NICE ROAD,NEAR NAIDU PRAPARTY,10 KM,0.0,0.0,0,0,0.0,0.0
Bengaluru City,Electronic City Traffic PS,1.04432e+16,2023,1,2,Road Accidents,Not Applicable,City/Town,Near Bus stop,Human Error,Yes,Fatal,Vehicle to Vehicle,Not Applicable,Not Applicable,Others,Bitumen(Tar),Others,Not Applicable,Clear,BETPL Flyover,Kudlu Gate Junction,6,0.0,0.0,0,1,0.0,1.0
Bengaluru City,Electronic City Traffic PS,1.04432e+16,2023,1,2,Road Accidents,Narrow road,City/Town,Open area,Human Error,No,Simple Injury,Vehicle to Vehicle,Controlled,Others,NH,Bitumen(Tar),Dry,Not Applicable,Clear,Garvebhavipalya,Near Pai Fueniture Showroom,6 KM,0.0,0.0,0,0,0.0,0.0
Bengaluru City,Electronic City Traffic PS,1.04432e+16,2023,1,1,Road Accidents,Narrow road,City/Town,Near or inside a village,Human Error,Not Applicable,Not Applicable,Not Applicable,Controlled,Others,NH,Bitumen(Tar),Dry,Not Applicable,Clear,Veerasandra Junction,Hosru Main Road,2 Km,0.0,0.0,0,0,0.0,0.0
Bengaluru City,Electronic City Traffic PS,1.04432e+16,2023,1,2,Road Accidents,Not Applicable,City/Town,Near office complex,Human Error,No,Damage Only,Vehicle to Vehicle,Not Applicable,Others,Others,Bitumen(Tar),Others,Not Applicable,Clear,Electrono City Phase 1,Electronice City Phase1,2 kM,0.0,0.0,0,1,0.0,1.0
Bengaluru City,Electronic City Traffic PS,1.04432e+16,2023,1,2,Not Applicable,Narrow road,City/Town,Near Bus stop,Human Error,No,Grievous Injury,Vehicle to Vehicle,Not at  Junction,Straight and flat,Service Road,Bitumen(Tar),Others,Not Applicable,Not Applicable,Bandepalya,bus stand,2 km,12.890032,77.639741,0,1,0.0,1.0
Bengaluru City,Electronic City Traffic PS,1.04432e+16,2023,1,2,Road Accidents,Narrow road,City/Town,Open area,Human Error,Yes,Not Applicable,Vehicle to Vehicle,Controlled,Others,NH,Bitumen(Tar),Dry,Not Applicable,Clear,Hosru Main Road,veerasandra junction,2 Km,0.0,0.0,0,0,0.0,0.0
Bengaluru City,Electronic City Traffic PS,1.04432e+16,2023,1,2,Road Accidents,Narrow road,City/Town,Open area,Human Error,Yes,Grievous Injury,Vehicle to Vehicle,Not at  Junction,Not Applicable,Expressway,Bitumen(Tar),Ditch or Potholed,Not Applicable,Clear,Nice Road,Nice Road,6KM,12.752783,77.088342,0,5,0.0,5.0
Bengaluru City,Electronic City Traffic PS,1.04432e+16,2023,1,1,Not Applicable,Narrow road,City/Town,Open area,Human Error,Yes,Grievous Injury,Hit pedestrian,Controlled,Others,Others,Bitumen(Tar),Others,Not Applicable,Cloudy,Singasandra,Sinasandra,5 KM,0.0,0.0,0,1,0.0,1.0
Bengaluru City,Electronic City Traffic PS,1.04432e+16,2023,1,2,Not Applicable,Not Applicable,City/Town,Open area,Human Error,Yes,Damage Only,Vehicle to Vehicle,Controlled,Others,Others,Bitumen(Tar),Dry,Not Applicable,Clear,Rayasandra Road,Rayasandra Road,4 Km,0.0,0.0,0,0,0.0,0.0
Bengaluru City,Electronic City Traffic PS,1.04432e+16,2023,1,2,Not Applicable,Junction,City/Town,Near office complex,Human Error,No,Grievous Injury,Vehicle to Vehicle,Not Applicable,Others,NH,Bitumen(Tar),Not Applicable,Not Applicable,Clear,Naganathapur JN,Nagathapura Jn,5 KM,0.0,0.0,0,0,0.0,0.0
Bengaluru City,Electronic City Traffic PS,1.04432e+16,2023,1,1,Road Accidents,Curves,City/Town,Open area,Human Error,Yes,Fatal,Hit pedestrian,Uncontrolled,Incline,Others,Kutcha,Dry,Not Applicable,Dust Storn,AECS LAYOUT,AECS LAYOUT C BLOCK NEAR 308 SITE NUMBER,4KM,0.0,0.0,0,0,4.0,4.0
Bengaluru City,Electronic City Traffic PS,1.04432e+16,2023,1,2,Road Accidents,Narrow road,City/Town,Near office complex,Human Error,Not Applicable,Not Applicable,Vehicle to Vehicle,Controlled,Others,NH,Bitumen(Tar),Dry,Not Applicable,Clear,"Hosuru Main road,",veerasandra junction,1 KM,0.0,0.0,0,0,0.0,0.0
Bengaluru City,Electronic City Traffic PS,1.04432e+16,2023,1,1,Road Accidents,Not Applicable,City/Town,Open area,Human Error,No,Grievous Injury,Hit pedestrian,Not at  Junction,Straight and flat,Expressway,Bitumen(Tar),Others,Not Applicable,Clear,Nice Road,Nice Road,5 km,0.0,0.0,0,1,0.0,1.0
Bengaluru City,Electronic City Traffic PS,1.04432e+16,2023,1,3,Road Accidents,Junction,City/Town,Open area,Human Error,No,Fatal,Vehicle to Vehicle,Controlled,Others,NH,Bitumen(Tar),Dry,Not Applicable,Clear,Hosru Main Road,veerasandra junction,2 Km,12.752783,77.088342,0,0,0.0,0.0
Bengaluru City,Electronic City Traffic PS,1.04432e+16,2023,1,2,Not Applicable,Curves,City/Town,Near Hospital,Human Error,Yes,Grievous Injury,Vehicle to Vehicle,Not at  Junction,Others,Not Applicable,Bitumen(Tar),Not Applicable,Engineering Defect of Road,Others,doddatoguru,Cauvery Hospital,2 km,12.854329,77.662932,4,0,0.0,4.0
Bengaluru City,Electronic City Traffic PS,1.04432e+16,2023,1,2,Road Accidents,Narrow road,City/Town,Open area,Human Error,Yes,Grievous Injury,Vehicle to Vehicle,Controlled,Others,Others,Bitumen(Tar),Dry,Not Applicable,Clear,Slver County Road,Haraluru,8 KM,12.83876,77.61453,0,0,0.0,0.0
Bengaluru City,Electronic City Traffic PS,1.04432e+16,2023,1,1,Road Accidents,Narrow road,City/Town,Open area,Human Error,Yes,Fatal,Hit pedestrian,Controlled,Others,NH,Bitumen(Tar),Dry,Not Applicable,Clear,G S Palya,Near Whee Sut Bar & Restaurant,3KM,12.752783,77.088342,0,0,0.0,0.0
Bengaluru City,Electronic City Traffic PS,1.04432e+16,2023,1,2,Road Accidents,Junction,City/Town,Open area,Human Error,No,Not Applicable,Vehicle to Vehicle,Controlled,Others,NH,Bitumen(Tar),Dry,Not Applicable,Clear,Veerasandra Junction,Hosru Main Road,5 KM,12.68552,77.088342,0,0,0.0,0.0
Bengaluru City,Electronic City Traffic PS,1.04432e+16,2023,1,2,Road Accidents,Not Applicable,City/Town,Open area,Human Error,Yes,Fatal,Vehicle to Vehicle,Not Applicable,Others,NH,Bitumen(Tar),Not Applicable,Not Applicable,Clear,HOSUR MAIN ROAD NAGANATAPURA JN TO KONAPANAAGRHARA JN,Hosru Main Road,5 KM,0.0,0.0,0,0,0.0,0.0
Bengaluru City,Electronic City Traffic PS,1.04432e+16,2023,1,2,Road Accidents,Narrow road,City/Town,Open area,Human Error,No,Grievous Injury,Vehicle to Vehicle,Controlled,Others,NH,Bitumen(Tar),Dry,Not Applicable,Clear,Veerasandra Junction,Hosru Main Road,2 km,0.0,0.0,0,0,0.0,0.0
Bengaluru City,Electronic City Traffic PS,1.04432e+16,2023,1,2,Road Accidents,Narrow road,City/Town,Open area,Human Error,Yes,Damage Only,Vehicle to Vehicle,Controlled,Others,Others,Bitumen(Tar),Dry,Not Applicable,Clear,Nice Road,Nice Road,2 kM,0.0,0.0,0,0,0.0,0.0
Bengaluru City,Electronic City Traffic PS,1.04432e+16,2023,1,2,Road Accidents,Narrow road,City/Town,Open area,Human Error,No,Simple Injury,Vehicle to Vehicle,Not Applicable,Others,NH,Bitumen(Tar),Dry,Not Applicable,Clear,Hosur Main Road,Hosur main road Konappan agrahara,2 kM,0.0,0.0,0,0,0.0,0.0
Bengaluru City,Electronic City Traffic PS,1.04432e+16,2023,1,1,Road Accidents,Narrow road,City/Town,Near School or College,Human Error,Yes,Grievous Injury,Hit pedestrian,Controlled,Others,Others,Bitumen(Tar),Dry,Not Applicable,Clear,Doddanagamanagala,Doddanamanagala,5 KM,0.0,0.0,0,0,0.0,0.0
Bengaluru City,Electronic City Traffic PS,1.04432e+16,2023,1,2,Not Applicable,Narrow road,City/Town,Open area,Human Error,No,Grievous Injury,Vehicle to Vehicle,Not at  Junction,Not Applicable,Others,Bitumen(Tar),Dry,Not Applicable,Clear,Kudlu Road,Kudlu Bus Stop,5KM,0.0,0.0,0,0,0.0,0.0
Bengaluru City,Electronic City Traffic PS,1.04432e+16,2023,1,1,Road Accidents,Narrow road,City/Town,Open area,Human Error,No,Grievous Injury,Vehicle to Vehicle,Controlled,Others,Others,Bitumen(Tar),Flooded,Not Applicable,Clear,Konappa Agrahara,Electronice City Phase1,2 km,0.0,0.0,0,5,0.0,5.0
Bengaluru City,Electronic City Traffic PS,1.04432e+16,2023,1,1,Not Applicable,Curves,City/Town,Near office complex,Human Error,Not Applicable,Simple Injury,Hit pedestrian,Not Applicable,Others,Not Applicable,Bitumen(Tar),Others,Not Applicable,Clear,Hosa Road,shop,1.5 km,0.0,0.0,0,1,0.0,1.0
Bengaluru City,Electronic City Traffic PS,1.04432e+16,2023,1,2,Road Accidents,Narrow road,City/Town,Open area,Human Error,No,Fatal,Vehicle to Vehicle,Controlled,Others,NH,Bitumen(Tar),Dry,Not Applicable,Clear,Singasandra,Hosur service Road,6 KM,12.752783,77.088342,0,0,0.0,0.0
Bengaluru City,Electronic City Traffic PS,1.04432e+16,2023,1,1,Road Accidents,Narrow road,City/Town,Residential area,Human Error,No,Grievous Injury,Not Applicable,Not at  Junction,Straight and flat,NH,Bitumen(Tar),Others,Engineering Defect of Road,Clear,Hosur Main Road,whitfether,5KM,12.752783,77.61453,4,1,0.0,5.0
Bengaluru City,Electronic City Traffic PS,1.04432e+16,2023,1,1,Road Accidents,Narrow road,Rural Areas,Open area,Human Error,No,Grievous Injury,Hit pedestrian,Controlled,Others,NH,Bitumen(Tar),Dry,Not Applicable,Clear,Hosur Main Road,SHRINIDHI BAR,2 km,12.68552,77.61043,0,0,0.0,0.0
Bengaluru City,Electronic City Traffic PS,1.04432e+16,2023,1,2,Road Accidents,Narrow road,City/Town,Open area,Human Error,Yes,Simple Injury,Vehicle to Vehicle,Not Applicable,Others,Expressway,Bitumen(Tar),Dry,Not Applicable,Clear,Hosru Main Road,Elevated Flyover,5 KM,12.752783,77.088342,0,0,0.0,0.0
Bengaluru City,Electronic City Traffic PS,1.04432e+16,2023,1,1,Road Accidents,Not Applicable,City/Town,Near School or College,Not Applicable,Yes,Grievous Injury,Hit pedestrian,Controlled,Others,Others,Bitumen(Tar),Dry,Not Applicable,Clear,"Nagathapura , 1st Cross Road",Nagathapura1st Cross Road,4 Km,0.0,0.0,0,0,0.0,0.0
Bengaluru City,Electronic City Traffic PS,1.04432e+16,2023,1,1,Not Applicable,Narrow road,City/Town,Near Hospital,Human Error,No,Grievous Injury,Hit pedestrian,Controlled,Others,Others,Bitumen(Tar),Dry,Not Applicable,Clear,Near Baba Medicle Hospital,Subhashanagara,6 KM,0.0,0.0,0,0,0.0,0.0
Bengaluru City,Electronic City Traffic PS,1.04432e+16,2023,1,2,Not Applicable,Narrow road,City/Town,Open area,Human Error,No,Grievous Injury,Vehicle to Vehicle,Controlled,Not Applicable,NH,Bitumen(Tar),Dry,Not Applicable,Clear,Singasandra,Sinasandra,4 Km,0.0,0.0,0,0,0.0,0.0
Bengaluru City,Electronic City Traffic PS,1.04432e+16,2023,1,2,Road Accidents,Narrow road,City/Town,Open area,Human Error,Yes,Grievous Injury,Vehicle to Vehicle,Controlled,Others,NH,Bitumen(Tar),Dry,Not Applicable,Clear,Garvebhavi Palya,Hosru Main Road,7 Km,0.0,0.0,0,0,0.0,0.0
Bengaluru City,Electronic City Traffic PS,1.04432e+16,2023,1,3,Road Accidents,Narrow road,City/Town,Near or inside a village,Human Error,No,Fatal,Vehicle to Vehicle,Not at  Junction,Not Applicable,Others,Bitumen(Tar),Others,Construction Work / Material,Clear,NICE ROAD,NICE ROAD NEAR BASAPURA BRIZE,6 KM,0.0,0.0,2,1,0.0,3.0
Bengaluru City,Electronic City Traffic PS,1.04432e+16,2023,1,2,Road Accidents,Narrow road,City/Town,Open area,Human Error,No,Grievous Injury,Vehicle to Vehicle,Controlled,Others,Expressway,Bitumen(Tar),Dry,Not Applicable,Clear,Singasandra,Elevated Flyover,5KM,0.0,0.0,0,0,0.0,0.0
Bengaluru City,Electronic City Traffic PS,1.04432e+16,2023,1,1,Not Applicable,Narrow road,City/Town,Residential area,Human Error,Yes,Grievous Injury,Hit pedestrian,Not at  Junction,Others,One way,Bitumen(Tar),Others,Not Applicable,Clear,Road,bus stand,1.5 km,12.83876,77.61043,0,1,0.0,1.0
Bengaluru City,Electronic City Traffic PS,1.04432e+16,2023,1,2,Road Accidents,Narrow road,City/Town,Open area,Human Error,No,Fatal,Vehicle to Vehicle,Controlled,Others,NH,Bitumen(Tar),Dry,Not Applicable,Clear,Berattena agrahara,Hosru Main Road,5 KM,12.867301,77.655454,0,0,0.0,0.0
Bengaluru City,Electronic City Traffic PS,1.04432e+16,2023,1,2,Road Accidents,Narrow road,City/Town,Residential area,Human Error,No,Simple Injury,Vehicle to Vehicle,Not at  Junction,Straight and flat,NH,Bitumen(Tar),Others,Not Applicable,Others,Electrono City Phase 2,TECH MAHINDAR OPP,2 km,12.83993,77.61014,0,1,0.0,1.0
Bengaluru City,Electronic City Traffic PS,1.04432e+16,2023,1,2,Road Accidents,Narrow road,City/Town,Open area,Human Error,No,Grievous Injury,Vehicle to Vehicle,Controlled,Others,Others,Bitumen(Tar),Dry,Not Applicable,Clear,Shanthipura Road,Near Tech Mahindra,4KM,12.752783,77.088342,0,0,0.0,0.0
Bengaluru City,Electronic City Traffic PS,1.04432e+16,2023,1,4,Not Applicable,Curves,City/Town,Open area,Human Error,Yes,Fatal,Vehicle to Vehicle,Uncontrolled,Incline,Expressway,Concrete,Dry,Not Applicable,Fine,NICE ROAD,near begur koppa bridge,Nice,12.855045,77.610035,0,0,0.0,0.0
Bengaluru City,Electronic City Traffic PS,1.04432e+16,2023,1,2,Road Accidents,Narrow road,City/Town,Open area,Human Error,No,Not Applicable,Vehicle to Vehicle,Controlled,Others,NH,Bitumen(Tar),Dry,Not Applicable,Clear,Hosru Main Road,Hosru Main Road,3KM,12.68552,77.088342,0,0,0.0,0.0
Bengaluru City,Electronic City Traffic PS,1.04432e+16,2023,1,2,Road Accidents,Junction,City/Town,Open area,Human Error,No,Not Applicable,Vehicle to Vehicle,Controlled,Others,NH,Bitumen(Tar),Dry,Not Applicable,Clear,Hosru Main Road,Hosru Main Road,3 K M,12.68552,77.088342,0,0,0.0,0.0
Bengaluru City,Electronic City Traffic PS,1.04432e+16,2023,1,1,Not Applicable,Not Applicable,City/Town,Open area,Human Error,No,Simple Injury,Hit bicyclist,Not Applicable,Others,Others,Bitumen(Tar),Dry,Not Applicable,Clear,Electrono City Phase 2,EC 2,3,0.0,0.0,0,0,0.0,0.0
Bengaluru City,Electronic City Traffic PS,1.04432e+16,2023,1,2,Road Accidents,Narrow road,City/Town,Open area,Human Error,Yes,Grievous Injury,Vehicle to Vehicle,Controlled,Curve,NH,Bitumen(Tar),Dry,Not Applicable,Clear,Veerasandra Jn,veerasandra junction,2 kM,0.0,0.0,0,0,0.0,0.0
Bengaluru City,Electronic City Traffic PS,1.04432e+16,2023,1,2,Road Accidents,Not Applicable,City/Town,Residential area,Human Error,Not Applicable,Fatal,Vehicle to Vehicle,Not Applicable,Straight and flat,Not Applicable,Bitumen(Tar),Others,Not Applicable,Clear,Hosru Main Road Flyover,PILLER NO 173,5 KM,0.0,0.0,0,1,0.0,1.0
Bengaluru City,Electronic City Traffic PS,1.04432e+16,2023,1,2,Road Accidents,Narrow road,City/Town,Open area,Human Error,Yes,Grievous Injury,Vehicle to Vehicle,Controlled,Others,Service Road,Bitumen(Tar),Dry,Not Applicable,Clear,singasandra servise road,opp  megana food,5 km,12.83852,77.61453,0,0,0.0,0.0
Bengaluru City,Electronic City Traffic PS,1.04432e+16,2023,1,2,Road Accidents,Narrow road,City/Town,Open area,Human Error,No,Simple Injury,Vehicle to Vehicle,Controlled,Others,Others,Bitumen(Tar),Dry,Not Applicable,Clear,Beguru Koppa,Near Jalli Machine,6 KM,0.0,0.0,0,0,0.0,0.0
Bengaluru City,Electronic City Traffic PS,1.04432e+16,2023,1,2,Road Accidents,Narrow road,City/Town,Near Petrol Pump,Human Error,No,Grievous Injury,Vehicle to Vehicle,Controlled,Others,NH,Bitumen(Tar),Dry,Not Applicable,Clear,Rayasandra Road,Ghattali Road,5 KM,0.0,0.0,0,0,0.0,0.0
Bengaluru City,Electronic City Traffic PS,1.04432e+16,2023,1,2,Road Accidents,Narrow road,City/Town,Open area,Human Error,No,Grievous Injury,Vehicle to Vehicle,Controlled,Others,Others,Bitumen(Tar),Dry,Not Applicable,Clear,Electronic City phase 2,InFront Of TCS Company,2 KM,0.0,0.0,0,0,0.0,0.0
Bengaluru City,Electronic City Traffic PS,1.04432e+16,2023,1,1,Rail Road Accidents,Curves,City/Town,Near office complex,Human Error,No,Grievous Injury,Vehicle to Vehicle,Not at  Junction,Curve,NH,Bitumen(Tar),Others,Not Applicable,Cloudy,Hosuru Service Road Near Kudlu JN,Hosur main road Near Singasandara,04KM,12.872028,77.651309,0,1,0.0,1.0
Bengaluru City,Electronic City Traffic PS,1.04432e+16,2023,1,2,Road Accidents,Narrow road,City/Town,Near office complex,Human Error,No,Grievous Injury,Vehicle to Vehicle,Not Applicable,Straight and flat,NH,Bitumen(Tar),Others,Not Applicable,Clear,Hosru Main Road,Hosru Main Road,2 Km,12.68988,77.088342,0,1,0.0,1.0
Bengaluru City,Electronic City Traffic PS,1.04432e+16,2023,1,1,Road Accidents,Narrow road,City/Town,Open area,Human Error,Yes,Grievous Injury,Hit pedestrian,Controlled,Not Applicable,NH,Bitumen(Tar),Dry,Not Applicable,Clear,Veerasandra Junction,near kaverimma temple,2 Km,12.83852,77.61043,0,0,0.0,0.0
Bengaluru City,Electronic City Traffic PS,1.04432e+16,2023,1,1,Road Accidents,Road hump or Rumble strips,City/Town,Near School or College,Human Error,Not Applicable,Fatal,Not Applicable,Controlled,Others,NH,Bitumen(Tar),Dry,Not Applicable,Clear,Bommanahall,Hosru Main Road,7 KM,12.90289,77.631733,0,0,0.0,0.0
Bengaluru City,Electronic City Traffic PS,1.04432e+16,2023,1,1,Road Accidents,Not Applicable,City/Town,Near office complex,Human Error,Not Applicable,Fatal,Not Applicable,Uncontrolled,Curve and Incline,NH,Bitumen(Tar),Dry,Not Applicable,Fine,Hosur main road,Naer eliveted playover piller no 230,2km,12.123456,77.125463,0,0,0.0,0.0
Bengaluru City,Electronic City Traffic PS,1.04432e+16,2023,1,2,Road Accidents,Narrow road,City/Town,Open area,Not Applicable,No,Grievous Injury,Vehicle to Vehicle,Not Applicable,Others,Others,Bitumen(Tar),Others,Not Applicable,Clear,Chodasandra,Near chodasandra,6 KM,0.0,0.0,0,1,0.0,1.0
Bengaluru City,Electronic City Traffic PS,1.04432e+16,2023,1,2,Not Applicable,Not Applicable,City/Town,Residential area,Human Error,No,Fatal,Vehicle to Vehicle,Not Applicable,Not Applicable,Not Applicable,Bitumen(Tar),Not Applicable,Not Applicable,Clear,SOMASUNDARA PALYYA,KUDLU VILLAGE,5 KM,12.89859,77.65146,0,0,0.0,0.0
Bengaluru City,Electronic City Traffic PS,1.04432e+16,2023,1,1,Road Accidents,Not Applicable,Rural Areas,Near office complex,Human Error,Not Applicable,Fatal,Hit pedestrian,Not Applicable,Not Applicable,Others,Bitumen(Tar),Others,Not Applicable,Clear,BEGUEU KOPPA AKSHAY STEEL AND CEMENT SHOP MYLSANDARA VILLAGE,BEGUEU KOPPA AKSHAY STEEL AND CEMENT SHOP MYLSANDARA VILLAGE,5 KM,0.0,0.0,0,1,0.0,1.0
Bengaluru City,Electronic City Traffic PS,1.04432e+16,2023,1,1,Road Accidents,Narrow road,City/Town,Open area,Human Error,No,Grievous Injury,Hit pedestrian,Not Applicable,Others,Others,Bitumen(Tar),Dry,Not Applicable,Clear,Basapura Bridze,Near Nice Road,3KM,0.0,0.0,0,0,0.0,0.0