DISTRICTNAME,UNITNAME,Crime_No,Year,RI,Noofvehicle_involved,Accident_Classification,Accident_Spot,Accident_Location,Accident_SubLocation,Main_Cause,Hit_Run,Severity,Collision_Type,Junction_Control,Road_Character,Road_Type,Surface_Type,Surface_Condition,Road_Condition,Weather,Accident_Road,Landmark_first,Distance_LandMark_First,Latitude,Longitude,Road_Condition_Score,Surface_Condition_Score,Surface_Type_Score,Road_Risk_Index
Bengaluru City,Electronic City Traffic PS,1.04432e+16,2023,1,2,Road Accidents,Narrow road,City/Town,Open area,Human Error,No,Grievous Injury,Vehicle to Vehicle,Controlled,Others,Expressway,Bitumen(Tar),Dry,Not Applicable,Clear,Elevated Flyover road,Elevated Flyover,2 Km,0.0,0.0,0,0,0.0,0.0
Bengaluru City,Electronic City Traffic PS,1.04432e+16,2023,1,1,Road Accidents,Narrow road,City/Town,Near Bus stop,Human Error,No,Grievous Injury,Hit pedestrian,Controlled,Others,NH,Bitumen(Tar),Dry,Not Applicable,Clear,Hosa Road Bus Spto,Hosru Main Road,6 KM,0.0,0.0,0,0,0.0,0.0
Bengaluru City,Electronic City Traffic PS,1.04432e+16,2023,1,1,Road Accidents,Narrow road,City/Town,Open area,Human Error,Not Applicable,Grievous Injury,Not Applicable,Not at  Junction,Others,Expressway,Bitumen(Tar),Dry,Not Applicable,Clear,Nice Road,Nice Road Near Naidu Praparty,5KM,0.0,0.0,0,0,0.0,0.0
Bengaluru City,Electronic City Traffic PS,1.04432e+16,2023,1,2,Road Accidents,Narrow road,City/Town,Open area,Human Error,Yes,Simple Injury,Vehicle to Vehicle,Controlled,Others,NH,Bitumen(Tar),Dry,Not Applicable,Clear,Hosur Main Road,Hosru Main Road,5KM,0.0,0.0,0,0,0.0,0.0
Bengaluru City,Electronic City Traffic PS,1.04432e+16,2023,1,2,Road Accidents,Narrow road,City/Town,Open area,Human Error,No,Grievous Injury,Vehicle to Vehicle,Controlled,Others,NH,Bitumen(Tar),Dry,Not Applicable,Clear,Hosuru  MAin Road,Hosuru Service Road,5 KM,0.0,0.0,0,0,0.0,0.0
Bengaluru City,Electronic City Traffic PS,1.04432e+16,2023,1,2,Road Accidents,Narrow road,City/Town,Open area,Human Error,No,Not Applicable,Vehicle to Vehicle,Controlled,Others,Others,Bitumen(Tar),Dry,Not Applicable,Clear,Shanthipura Road,Electronic City Phase 2,5 KM,0.0,0.0,0,0,0.0,0.0
Bengaluru City,Electronic City Traffic PS,1.04432e+16,2023,1,3,Not Applicable,Circle,City/Town,In bazaar,Human Error,Yes,Grievous Injury,Vehicle to Vehicle,Uncontrolled,Curve,NH,Bitumen(Tar),Dry,Not Applicable,Clear,HOSUR MAIN ROAD,D MART,1KM,12.68552,77.47144,0,0,0.0,0.0
Bengaluru City,Electronic City Traffic PS,1.04432e+16,2023,1,2,Road Accidents,Not Applicable,City/Town,Near Bus stop,Human Error,No,Damage Only,Vehicle to Vehicle,Not Applicable,Others,NH,Bitumen(Tar),Dry,Not Applicable,Clear,Hosur Road,Hosur main road Veerasandra Jn,2 kM,0.0,0.0,0,0,0.0,0.0
Bengaluru City,Electronic City Traffic PS,1.04432e+16,2023,1,2,Road Accidents,Narrow road,City/Town,Open area,Human Error,Yes,Grievous Injury,Vehicle to Vehicle,Not Applicable,Not Applicable,Others,Bitumen(Tar),Others,Not Applicable,Clear,Nice Road,Nice Road,5 KM,0.0,0.0,0,1,0.0,1.0
Bengaluru City,Electronic City Traffic PS,1.04432e+16,2023,1,1,Road Accidents,Narrow road,City/Town,Open area,Human Error,No,Grievous Injury,Hit pedestrian,Controlled,Others,NH,Bitumen(Tar),Dry,Not Applicable,Clear,Hosuru  MAin Road,Near Foonam Furniture,3KM,0.0,0.0,0,0,0.0,0.0
Bengaluru City,Electronic City Traffic PS,1.04432e+16,2023,1,2,Road Accidents,Narrow road,City/Town,Open area,Human Error,No,Grievous Injury,Vehicle to Vehicle,Not at  Junction,Others,NH,Bitumen(Tar),Dry,Not Applicable,Clear,Hosru Main Road,Elevated Flyover Road,4 KM,12.83876,77.62402,0,0,0.0,0.0
Bengaluru City,Electronic City Traffic PS,1.04432e+16,2023,1,1,Rail Road Accidents,Narrow road,City/Town,Near Hospital,Human Error,No,Grievous Injury,Not Applicable,Not at  Junction,Straight and flat,NH,Bitumen(Tar),Others,Not Applicable,Cloudy,Hosur Main Road,Electronice City Phase1,2 km,12.752783,77.61014,0,1,0.0,1.0
Bengaluru City,Electronic City Traffic PS,1.04432e+16,2023,1,2,Road Accidents,Not Applicable,City/Town,Residential area,Human Error,No,Damage Only,Vehicle to Vehicle,Not Applicable,Not Applicable,Others,Bitumen(Tar),Others,Not Applicable,Clear,Electrono City Phase 1,Electronice City Phase1,2 kM,0.0,0.0,0,1,0.0,1.0
Bengaluru City,Electronic City Traffic PS,1.04432e+16,2023,1,2,Not Applicable,Narrow road,City/Town,Open area,Human Error,No,Damage Only,Vehicle to Vehicle,Not Applicable,Others,Others,Not Applicable,Others,Not Applicable,Clear,Nice Road,Nice Road,1.5 km,0.0,0.0,0,1,0.0,1.0
Bengaluru City,Electronic City Traffic PS,1.04432e+16,2023,1,1,Not Applicable,Narrow road,City/Town,Near Hospital,Human Error,Yes,Grievous Injury,Hit pedestrian,Not at  Junction,Others,Others,Bitumen(Tar),Not Applicable,Not Applicable,Clear,Konappa Agrahara,near Cauvery Hospital,04KM,0.0,0.0,0,0,0.0,0.0
Bengaluru City,Electronic City Traffic PS,1.04432e+16,2023,1,1,Road Accidents,Narrow road,City/Town,Open area,Human Error,Yes,Fatal,Not Applicable,Controlled,Others,Others,Bitumen(Tar),Dry,Not Applicable,Clear,Electronic City,Near Chainege No 2100,4KM,12.752783,77.088342,0,0,0.0,0.0
Bengaluru City,Electronic City Traffic PS,1.04432e+16,2023,1,1,Road Accidents,Narrow road,City/Town,Near office complex,Human Error,Not Applicable,Grievous Injury,Not Applicable,Not at  Junction,Others,One way,Bitumen(Tar),Others,Not Applicable,Clear,Electrono City Phase 1,Electronice City Phase1,3,12.68552,77.56653,0,1,0.0,1.0
Bengaluru City,Electronic City Traffic PS,1.04432e+16,2023,1,2,Road Accidents,Narrow road,City/Town,Open area,Human Error,Yes,Grievous Injury,Vehicle to Vehicle,Controlled,Others,NH,Bitumen(Tar),Dry,Not Applicable,Clear,Hosru Main Road,Nice road Upramp,2 Km,0.0,0.0,0,0,0.0,0.0
Bengaluru City,Electronic City Traffic PS,1.04432e+16,2023,1,1,Road Accidents,Narrow road,City/Town,Residential area,Human Error,No,Grievous Injury,Hit pedestrian,Controlled,Others,NH,Bitumen(Tar),Dry,Not Applicable,Clear,Konappana Agrahara,Hosru Main Road,4 KM,0.0,0.0,0,0,0.0,0.0
Bengaluru City,Electronic City Traffic PS,1.04432e+16,2023,1,1,Road Accidents,Narrow road,City/Town,Open area,Human Error,No,Grievous Injury,Hit pedestrian,Controlled,Others,NH,Bitumen(Tar),Dry,Not Applicable,Clear,Naganathapur Electronic City,Hosru Main Road,4 KM,0.0,0.0,0,0,0.0,0.0
Bengaluru City,Electronic City Traffic PS,1.04432e+16,2023,1,3,Not Applicable,Narrow road,City/Town,Open area,Human Error,No,Grievous Injury,Vehicle to Vehicle,Controlled,Others,NH,Bitumen(Tar),Dry,Not Applicable,Clear,Konappa Agrahara,Near Konappana Agrahara,2 km,0.0,0.0,0,0,0.0,0.0
Bengaluru City,Electronic City Traffic PS,1.04432e+16,2023,1,1,Road Accidents,Not Applicable,City/Town,Near Hospital,Human Error,No,Fatal,Hit pedestrian,Uncontrolled,Incline,Two way,Bitumen(Tar),Wet,Not Applicable,Mist or Fog,CENTRAL JAIL,NEAR SLV SPIRIT,4KM,0.0,0.0,0,3,0.0,3.0
Bengaluru City,Electronic City Traffic PS,1.04432e+16,2023,1,2,Road Accidents,Narrow road,City/Town,Near Bus stop,Human Error,No,Simple Injury,Vehicle to Vehicle,Controlled,Others,NH,Bitumen(Tar),Dry,Not Applicable,Clear,Bommanahall,Near Bus Stop,6 KM,0.0,0.0,0,0,0.0,0.0
Bengaluru City,Electronic City Traffic PS,1.04432e+16,2023,1,2,Road Accidents,Narrow road,City/Town,Open area,Human Error,No,Simple Injury,Vehicle to Vehicle,Controlled,Others,NH,Bitumen(Tar),Dry,Not Applicable,Clear,Hosur  Main Road,Konappana Agrahara,4 KM,0.0,0.0,0,0,0.0,0.0
Bengaluru City,Electronic City Traffic PS,1.04432e+16,2023,1,1,Road Accidents,Narrow road,City/Town,Open area,Human Error,Not Applicable,Grievous Injury,Not Applicable,Controlled,Others,NH,Bitumen(Tar),Dry,Not Applicable,Clear,Konappana Agrahara,Opp PES College,3KM,0.0,0.0,0,0,0.0,0.0
Bengaluru City,Electronic City Traffic PS,1.04432e+16,2023,1,2,Road Accidents,Narrow road,City/Town,Residential area,Human Error,No,Grievous Injury,Vehicle to Vehicle,Controlled,Others,Residential Street,Bitumen(Tar),Dry,Not Applicable,Clear,Doddanagamanagala,Near Piyesta Apartment,8KM,12.83625,77.61043,0,0,0.0,0.0
Bengaluru City,Electronic City Traffic PS,1.04432e+16,2023,1,2,Road Accidents,Narrow road,City/Town,Open area,Human Error,Yes,Grievous Injury,Vehicle to Vehicle,Not Applicable,Others,Others,Bitumen(Tar),Dry,Not Applicable,Clear,Vittasandra Main Road,Near Lawyer Ashwata Narayana  Tota,3 KM,12.752783,77.088342,0,0,0.0,0.0
Bengaluru City,Electronic City Traffic PS,1.04432e+16,2023,1,1,Not Applicable,Narrow road,City/Town,Near Hospital,Human Error,No,Grievous Injury,Hit pedestrian,Not at  Junction,Not Applicable,Others,Bitumen(Tar),Others,Not Applicable,Clear,Central  Jail Road,hospital,1.5 km,12.83947,77.62402,0,1,0.0,1.0
Bengaluru City,Electronic City Traffic PS,1.04432e+16,2023,1,2,Road Accidents,Curves,Rural Areas,Near office complex,Human Error,Yes,Simple Injury,Vehicle to Vehicle,Not Applicable,Curve,Others,Bitumen(Tar),Dry,Not Applicable,Clear,Neeladri Road,Electronice City Phase1,2 km,12.68552,77.47144,0,0,0.0,0.0
Bengaluru City,Electronic City Traffic PS,1.04432e+16,2023,1,2,Road Accidents,Narrow road,City/Town,Open area,Human Error,No,Grievous Injury,Vehicle to Vehicle,Controlled,Others,Others,Bitumen(Tar),Dry,Not Applicable,Clear,Nice road Electronic City,Near Chainege No 3 750,5KM,12.752783,77.61014,0,0,0.0,0.0
Bengaluru City,Electronic City Traffic PS,1.04432e+16,2023,1,2,Road Accidents,Narrow road,City/Town,Open area,Human Error,No,Grievous Injury,Vehicle to Vehicle,Controlled,Others,NH,Bitumen(Tar),Dry,Not Applicable,Clear,Konappana Agrahara,Hosur service Road,3 K M,0.0,0.0,0,0,0.0,0.0
Bengaluru City,Electronic City Traffic PS,1.04432e+16,2023,1,2,Not Applicable,Junction,City/Town,Open area,Human Error,Yes,Grievous Injury,Vehicle to Vehicle,Not Applicable,Others,Others,Bitumen(Tar),Dry,Not Applicable,Clear,SV Nest Apartament,SV Nest Apartament,5 KM,0.0,0.0,0,0,0.0,0.0
Bengaluru City,Electronic City Traffic PS,1.04432e+16,2023,1,2,Road Accidents,Junction,City/Town,Residential area,Human Error,Yes,Fatal,Vehicle to Vehicle,Controlled,Not Applicable,Service Road,Bitumen(Tar),Ditch or Potholed,Not Applicable,Clear,HOSUR SERVICE ROAD SINGSANDRA BENGALURU CITY,HOSUR SERVICE ROAD SINGSANDRA BENGALURU CITY,6 KM,0.0,0.0,0,5,0.0,5.0
Bengaluru City,Electronic City Traffic PS,1.04432e+16,2023,1,1,Road Accidents,Narrow road,City/Town,Near Bus stop,Human Error,No,Grievous Injury,Hit bicyclist,Controlled,Others,NH,Bitumen(Tar),Dry,Not Applicable,Clear,Hosa road,Hosru Main Road,5 Km,0.0,0.0,0,0,0.0,0.0
Bengaluru City,Electronic City Traffic PS,1.04432e+16,2023,1,2,Road Accidents,Narrow road,City/Town,Open area,Human Error,No,Simple Injury,Vehicle to Vehicle,Controlled,Others,Others,Bitumen(Tar),Dry,Not Applicable,Clear,Bettadasanapura,Bettadasanpur Road Near Ground,4 KM,0.0,0.0,0,0,0.0,0.0
Bengaluru City,Electronic City Traffic PS,1.04432e+16,2023,1,4,Road Accidents,Narrow road,City/Town,Open area,Human Error,No,Not Applicable,Vehicle to Vehicle,Controlled,Others,NH,Bitumen(Tar),Dry,Not Applicable,Clear,Veerasandra Toll,Elevated Flyover Road,2 Km,0.0,0.0,0,0,0.0,0.0
Bengaluru City,Electronic City Traffic PS,1.04432e+16,2023,1,2,Road Accidents,Narrow road,City/Town,Near Hospital,Human Error,No,Grievous Injury,Vehicle to Vehicle,Not at  Junction,Straight and flat,Service Road,Bitumen(Tar),Not Applicable,Not Applicable,Clear,Hosuru Main Road singasandra,bus stand,0.5,0.0,0.0,0,0,0.0,0.0
Bengaluru City,Electronic City Traffic PS,1.04432e+16,2023,1,2,Road Accidents,Narrow road,City/Town,Open area,Human Error,No,Fatal,Vehicle to Vehicle,Controlled,Others,Others,Bitumen(Tar),Dry,Not Applicable,Clear,Shanthipura Road,Huskur Fruit Market,4 KM,0.0,0.0,0,0,0.0,0.0
Bengaluru City,Electronic City Traffic PS,1.04432e+16,2023,1,3,Road Accidents,Narrow road,City/Town,Open area,Vehicle Defect,No,Fatal,Vehicle to Vehicle,Controlled,Not Applicable,Expressway,Bitumen(Tar),Dry,Not Applicable,Clear,Elevated Fly over road,Elevated Flyover Konappana Agrahara,3KM,12.8452,77.088342,0,0,0.0,0.0
Bengaluru City,Electronic City Traffic PS,1.04432e+16,2023,1,1,Not Applicable,Narrow road,City/Town,Near Bus stop,Not Applicable,Yes,Grievous Injury,Vehicle to Vehicle,Controlled,Others,Others,Bitumen(Tar),Dry,Not Applicable,Clear,opp siezen hotel,opp siezen hotel,3 km,12.842939,77.61284,0,0,0.0,0.0
Bengaluru City,Electronic City Traffic PS,1.04432e+16,2023,1,2,Road Accidents,Narrow road,City/Town,Near a religious place,Human Error,Yes,Grievous Injury,Vehicle to Vehicle,Not Applicable,Straight and flat,Others,Bitumen(Tar),Others,Not Applicable,Clear,siver county Road,Near vishnulila hotel,5 KM,12.856194,77.61284,0,1,0.0,1.0
Bengaluru City,Electronic City Traffic PS,1.04432e+16,2023,1,1,Road Accidents,Narrow road,City/Town,Open area,Human Error,No,Grievous Injury,Vehicle to Vehicle,Not Applicable,Not Applicable,Service Road,Bitumen(Tar),Not Applicable,Not Applicable,Clear,Doddanagamanagala,CHIKKANAGAMANFAL,2.5,12.83852,77.61014,0,0,0.0,0.0
Bengaluru City,Electronic City Traffic PS,1.04432e+16,2023,1,1,Not Applicable,Narrow road,City/Town,Residential area,Human Error,Yes,Grievous Injury,Hit pedestrian,Not at  Junction,Not Applicable,Others,Bitumen(Tar),Others,Not Applicable,Clear,Kudlu Road,Kudlu Bus Stop,6KM,12.68552,77.088342,0,1,0.0,1.0
Bengaluru City,Electronic City Traffic PS,1.04432e+16,2023,1,2,Road Accidents,Narrow road,City/Town,Open area,Human Error,Yes,Simple Injury,Vehicle to Vehicle,Not Applicable,Others,Others,Bitumen(Tar),Dry,Not Applicable,Clear,ITI Layout Road,Near Ayyappa Temple,7 KM,12.68552,77.56653,0,0,0.0,0.0
Bengaluru City,Electronic City Traffic PS,1.04432e+16,2023,1,1,Road Accidents,Not Applicable,City/Town,Near Bus stop,Human Error,No,Fatal,Hit pedestrian,Not at  Junction,Not Applicable,Service Road,Bitumen(Tar),Others,Not Applicable,Clear,HOSUR service ROAD,Hosru Main Road,5 KM,0.0,0.0,0,1,0.0,1.0
Bengaluru City,Electronic City Traffic PS,1.04432e+16,2023,1,1,Road Accidents,Road hump or Rumble strips,City/Town,Open area,Human Error,Not Applicable,Grievous Injury,Not Applicable,Controlled,Others,Service Road,Bitumen(Tar),Dry,Not Applicable,Clear,Hosuru Road Service Road,Opp White Feather,2km,0.0,0.0,0,0,0.0,0.0
Bengaluru City,Electronic City Traffic PS,1.04432e+16,2023,1,2,Road Accidents,Narrow road,City/Town,Open area,Human Error,No,Simple Injury,Vehicle to Vehicle,Controlled,Others,Others,Bitumen(Tar),Others,Not Applicable,Clear,Hosru Main Road,Hosur main road Near Near Singasandara Pai Show Room,4 Km,0.0,0.0,0,1,0.0,1.0
Bengaluru City,Electronic City Traffic PS,1.04432e+16,2023,1,1,Road Accidents,Narrow road,City/Town,Near office complex,Human Error,No,Grievous Injury,Hit pedestrian,Not at  Junction,Straight and flat,NH,Bitumen(Tar),Others,Not Applicable,Clear,Hosru Main Road,D mart,2 km,0.0,0.0,0,1,0.0,1.0
Bengaluru City,Electronic City Traffic PS,1.04432e+16,2023,1,2,Not Applicable,Narrow road,City/Town,Near School or College,Human Error,Yes,Grievous Injury,Vehicle to Vehicle,Not at  Junction,Others,Not Applicable,Bitumen(Tar),Not Applicable,Not Applicable,Clear,Chodasandra,School,5KM,0.0,0.0,0,0,0.0,0.0
Bengaluru City,Electronic City Traffic PS,1.04432e+16,2023,1,2,Not Applicable,Narrow road,City/Town,Near office complex,Human Error,Yes,Grievous Injury,Vehicle to Vehicle,Not at  Junction,Not Applicable,NH,Bitumen(Tar),Others,Not Applicable,Clear,elevented Fly Over,Eleveted Fly Over Near  Hosuru Junction,5KM,12.83904,77.61453,0,1,0.0,1.0
Bengaluru City,Electronic City Traffic PS,1.04432e+16,2023,1,2,Road Accidents,Narrow road,City/Town,Near School or College,Human Error,No,Grievous Injury,Vehicle to Vehicle,Controlled,Others,NH,Bitumen(Tar),Dry,Not Applicable,Clear,Hosur Main Road Konappan agrahar Bus Stop,Near PES college,3 K M,0.0,0.0,0,0,0.0,0.0
Bengaluru City,Electronic City Traffic PS,1.04432e+16,2023,1,2,Road Accidents,Junction,City/Town,Open area,Human Error,No,Grievous Injury,Vehicle to Vehicle,Signal lights Automatic,Curve and Incline,NH,Bitumen(Tar),Not Applicable,Not Applicable,Clear,Hosur Main Road,Hosur main road Near Singasandara,1.5 km,12.83625,77.61043,0,0,0.0,0.0
Bengaluru City,Electronic City Traffic PS,1.04432e+16,2023,1,2,Road Accidents,Narrow road,City/Town,Near office complex,Human Error,No,Grievous Injury,Vehicle to Vehicle,Not at  Junction,Others,NH,Bitumen(Tar),Others,Not Applicable,Clear,Hosru Main Road,veerasandra junction,6 KM,12.83625,97.088342,0,1,0.0,1.0
Bengaluru City,Electronic City Traffic PS,1.04432e+16,2023,1,1,Road Accidents,Junction,City/Town,Near School or College,Human Error,No,Grievous Injury,Hit pedestrian,Not at  Junction,Others,NH,Bitumen(Tar),Others,Not Applicable,Clear,Hosur Main Road,School,5 KM,12.68552,77.61284,0,1,0.0,1.0
Bengaluru City,Electronic City Traffic PS,1.04432e+16,2023,1,2,Road Accidents,Narrow road,City/Town,Open area,Human Error,No,Not Applicable,Vehicle to Vehicle,Controlled,Others,Expressway,Bitumen(Tar),Dry,Not Applicable,Clear,Elevated Fly over road,Elevated Flyover,5KM,12.68552,77.088342,0,0,0.0,0.0
Bengaluru City,Electronic City Traffic PS,1.04432e+16,2023,1,3,Road Accidents,Narrow road,City/Town,Open area,Human Error,No,Simple Injury,Vehicle to Vehicle,Controlled,Others,NH,Bitumen(Tar),Dry,Not Applicable,Clear,Veerasandra Junction,Hosru Main Road,2KM,0.0,0.0,0,0,0.0,0.0
Bengaluru City,Electronic City Traffic PS,1.04432e+16,2023,1,1,Road Accidents,Narrow road,City/Town,Open area,Human Error,Yes,Grievous Injury,Hit pedestrian,Controlled,Others,Others,Bitumen(Tar),Dry,Not Applicable,Clear,Hoskuru Near Sallapuriyamma Temple,Shanthipur Village,5 KM,0.0,0.0,0,0,0.0,0.0
Bengaluru City,Electronic City Traffic PS,1.04432e+16,2023,1,1,Road Accidents,Narrow road,City/Town,Near office complex,Human Error,No,Grievous Injury,Not Applicable,Not Applicable,Straight and flat,One way,Bitumen(Tar),Others,Not Applicable,Others,Electrono City Phase 1,bus stand,2 km,12.83876,77.63041,0,1,0.0,1.0
Bengaluru City,Electronic City Traffic PS,1.04432e+16,2023,1,1,Road Accidents,Junction,City/Town,Open area,Human Error,No,Grievous Injury,Hit pedestrian,Controlled,Not Applicable,NH,Bitumen(Tar),Dry,Not Applicable,Clear,Hosuru Service Road Near Konapana Agrahraa Jn,Near Konappana Agrahara,2 km,0.0,0.0,0,0,0.0,0.0
Bengaluru City,Electronic City Traffic PS,1.04432e+16,2023,1,2,Road Accidents,Narrow road,City/Town,Open area,Human Error,No,Simple Injury,Vehicle to Vehicle,Not at  Junction,Others,Others,Bitumen(Tar),Dry,Not Applicable,Clear,Choodasandra Main road,Near KSRP Exit Gate,6KM,0.0,0.0,0,0,0.0,0.0
Bengaluru City,Electronic City Traffic PS,1.04432e+16,2023,1,2,Not Applicable,Circle,City/Town,Residential area,Human Error,No,Fatal,Vehicle to Vehicle,Not at  Junction,Not Applicable,Others,Bitumen(Tar),Not Applicable,Not Applicable,Clear,Kudlu Road,bus stand,8,0.0,0.0,0,0,0.0,0.0
Bengaluru City,Electronic City Traffic PS,1.04432e+16,2023,1,2,Not Applicable,Narrow road,City/Town,Near Bus stop,Human Error,Yes,Grievous Injury,Vehicle to Vehicle,Controlled,Others,NH,Bitumen(Tar),Not Applicable,Not Applicable,Clear,Hosru Main Road,Bommanahali,5KM,0.0,0.0,0,0,0.0,0.0
Bengaluru City,Electronic City Traffic PS,1.04432e+16,2023,1,1,Road Accidents,Narrow road,City/Town,Open area,Human Error,No,Grievous Injury,Hit pedestrian,Controlled,Others,Others,Bitumen(Tar),Dry,Not Applicable,Clear,Channakeshavanagar,Near 10th Cross,4 KM,0.0,0.0,0,0,0.0,0.0
Bengaluru City,Electronic City Traffic PS,1.04432e+16,2023,1,2,Road Accidents,Junction,City/Town,Near Bus stop,Human Error,No,Simple Injury,Vehicle to Vehicle,Controlled,Others,NH,Bitumen(Tar),Dry,Not Applicable,Clear,Hosru Main Road,Naganathapura,5 KM,12.83935,77.61014,0,0,0.0,0.0
Bengaluru City,Electronic City Traffic PS,1.04432e+16,2023,1,1,Road Accidents,Narrow road,City/Town,Near Hospital,Human Error,No,Grievous Injury,Hit pedestrian,Not Applicable,Curve,Others,Bitumen(Tar),Ditch or Potholed,Not Applicable,Others,Hosru Main Road,Near Hosuru Road JN,2,12.83625,77.61014,0,5,0.0,5.0
Bengaluru City,Electronic City Traffic PS,1.04432e+16,2023,1,1,Road Accidents,Narrow road,City/Town,Open area,Human Error,Not Applicable,Fatal,Not Applicable,Controlled,Others,Others,Bitumen(Tar),Dry,Not Applicable,Clear,Chikkanagamanagala,Near Muneshwara Temple,3KM,12.752783,77.088342,0,0,0.0,0.0
Bengaluru City,Electronic City Traffic PS,1.04432e+16,2023,1,2,Road Accidents,Circle,City/Town,Open area,Human Error,Yes,Grievous Injury,Vehicle to Vehicle,Controlled,Incline,NH,Bitumen(Tar),Dry,Not Applicable,Clear,HOSUR MAIN ROAD,Hosru Main Road,5 KM,12.83625,77.088342,0,0,0.0,0.0
Bengaluru City,Electronic City Traffic PS,1.04432e+16,2023,1,2,Road Accidents,Narrow road,City/Town,Open area,Human Error,Yes,Fatal,Vehicle to Vehicle,Controlled,Others,NH,Bitumen(Tar),Dry,Not Applicable,Clear,Singasandra Service Road,Infront Of Cool Links Spare Parts Shop,5 KM,12.752783,77.088342,0,0,0.0,0.0
Bengaluru City,Electronic City Traffic PS,1.04432e+16,2023,1,2,Road Accidents,Narrow road,City/Town,Open area,Human Error,No,Simple Injury,Vehicle to Vehicle,Controlled,Others,Others,Bitumen(Tar),Dry,Not Applicable,Clear,Doddathogur Road,Basapura Road,7 KM,12.68552,77.47144,0,0,0.0,0.0
Bengaluru City,Electronic City Traffic PS,1.04432e+16,2023,1,2,Road Accidents,Narrow road,City/Town,Near Bus stop,Human Error,Yes,Grievous Injury,Vehicle to Vehicle,Controlled,Others,NH,Bitumen(Tar),Others,Not Applicable,Clear,Hosuru Service Road Near Garvebhavi Jn,Hosuru Service Road Near Garvebhavi Jn,5 KM,0.0,0.0,0,1,0.0,1.0
Bengaluru City,Electronic City Traffic PS,1.04432e+16,2023,1,1,Road Accidents,Narrow road,City/Town,Open area,Human Error,Yes,Fatal,Hit pedestrian,Not Applicable,Not Applicable,Others,Bitumen(Tar),Not Applicable,Not Applicable,Clear,NICE ROAD,NICE ROAD NEAR DODDATOGURU LAKE,5 KM,0.0,0.0,0,0,0.0,0.0
Bengaluru City,Electronic City Traffic PS,1.04432e+16,2023,1,2,Road Accidents,Junction,City/Town,Near a recreation place/cinema,Human Error,No,Grievous Injury,Vehicle to Vehicle,Not at  Junction,Others,Others,Bitumen(Tar),Others,Not Applicable,Clear,Haraluru Road,nivvy Resto Cafe,5 km,0.0,0.0,0,1,0.0,1.0
Bengaluru City,Electronic City Traffic PS,1.04432e+16,2023,1,1,Road Accidents,Cross roads,City/Town,Open area,Human Error,No,Grievous Injury,Hit pedestrian,Controlled,Others,Service Road,Bitumen(Tar),Dry,Not Applicable,Clear,Garvebhavipalya,Hosru Main Road,6 KM,0.0,0.0,0,0,0.0,0.0
Bengaluru City,Electronic City Traffic PS,1.04432e+16,2023,1,2,Road Accidents,Narrow road,City/Town,Open area,Human Error,No,Simple Injury,Vehicle to Vehicle,Controlled,Others,Others,Bitumen(Tar),Dry,Not Applicable,Clear,Naganathapur Electronic City,Naganathapura,4 Kms,12.752783,77.088342,0,0,0.0,0.0
Bengaluru City,Electronic City Traffic PS,1.04432e+16,2023,1,1,Road Accidents,Narrow road,City/Town,Open area,Human Error,Yes,Fatal,Hit bicyclist,Controlled,Others,Others,Bitumen(Tar),Dry,Not Applicable,Clear,Central Jail Road,Naganathapura,5 KM,12.752783,77.088342,0,0,0.0,0.0
Bengaluru City,Electronic City Traffic PS,1.04432e+16,2023,1,2,Road Accidents,Narrow road,City/Town,Open area,Human Error,No,Simple Injury,Vehicle to Vehicle,Not Applicable,Straight and flat,Others,Bitumen(Tar),Muddy,Not Applicable,Clear,Nice Road,Nice Road,5 KM,12.83852,77.61043,0,4,0.0,4.0
Bengaluru City,Electronic City Traffic PS,1.04432e+16,2023,1,2,Road Accidents,Narrow road,City/Town,Open area,Human Error,Yes,Fatal,Vehicle to Vehicle,Controlled,Others,Others,Bitumen(Tar),Dry,Not Applicable,Clear,Kudlu Village,Near Spandana Apt,5 KM,12.8452,77.088342,0,0,0.0,0.0
Bengaluru City,Electronic City Traffic PS,1.04432e+16,2023,1,1,Road Accidents,Narrow road,City/Town,Open area,Human Error,Not Applicable,Fatal,Not Applicable,Controlled,Others,Others,Bitumen(Tar),Dry,Not Applicable,Clear,Kudlu,Near Angala Parameshwari Temple,5 KM,12.958962,77.651014,0,0,0.0,0.0
Bengaluru City,Electronic City Traffic PS,1.04432e+16,2023,1,2,Road Accidents,Not Applicable,City/Town,Residential area,Human Error,Yes,Grievous Injury,Not Applicable,Not at  Junction,Straight and flat,Others,Bitumen(Tar),Others,Not Applicable,Others,Nice Road,Nice Road E C Toll,10 km,12.854976,77.659488,0,1,0.0,1.0