DISTRICTNAME,UNITNAME,Crime_No,Year,RI,Noofvehicle_involved,Accident_Classification,Accident_Spot,Accident_Location,Accident_SubLocation,Main_Cause,Hit_Run,Severity,Collision_Type,Junction_Control,Road_Character,Road_Type,Surface_Type,Surface_Condition,Road_Condition,Weather,Accident_Road,Landmark_first,Distance_LandMark_First,Latitude,Longitude,Road_Condition_Score,Surface_Condition_Score,Surface_Type_Score,Road_Risk_Index
Bengaluru City,Halasur Gate Traffic PS,1.04432e+16,2016,1,2,Road Accidents,Junction,City/Town,Near a religious place,Human Error,No,Grievous Injury,Side impact or Right angle,Signal lights Automatic,Curve,City or Town Road,Bitumen(Tar),Dry,No influence on accident,Fine,NR  road,ptreol bunk,25,0.0,0.0,0,0,0.0,0.0
Bengaluru City,Halasur Gate Traffic PS,1.04432e+16,2016,1,2,Road Accidents,Curves,City/Town,Near Bus stop,Human Error,No,Grievous Injury,Rear end,Uncontrolled,Curve,City or Town Road,Concrete,Dry,No influence on accident,Fine,NR ROAD,bannappa park,300,0.0,0.0,0,0,0.0,0.0
Bengaluru City,Halasur Gate Traffic PS,1.04432e+16,2016,1,1,Road Accidents,T Junction,City/Town,Near office complex,Human Error,No,Grievous Injury,Hit pedestrian,Signal lights Automatic,Curve,City or Town Road,Bitumen(Tar),Dry,No influence on accident,Fine,NR road,police ambrala,100,0.0,0.0,0,0,0.0,0.0
Bengaluru City,Halasur Gate Traffic PS,1.04432e+16,2016,1,2,Road Accidents,Narrow road,City/Town,Near office complex,Human Error,No,Grievous Injury,Others,Uncontrolled,Straight and flat,City or Town Road,Bitumen(Tar),Dry,No influence on accident,Fine,kumbaragundi road,tractor office,200,0.0,0.0,0,0,0.0,0.0
Bengaluru City,Halasur Gate Traffic PS,1.04432e+16,2016,1,2,Road Accidents,Circle,City/Town,Near Hospital,Human Error,Yes,Damage Only,Rear end,Signal lights Automatic,Curve,City or Town Road,Bitumen(Tar),Dry,No influence on accident,Fine,devaga circle,hcg hospital,300,0.0,0.0,0,0,0.0,0.0
Bengaluru City,Halasur Gate Traffic PS,1.04432e+16,2016,1,1,Road Accidents,Curves,City/Town,Near office complex,Human Error,No,Fatal,Hit pedestrian,Signal lights Automatic,Curve,City or Town Road,Bitumen(Tar),Dry,No influence on accident,Fine,RRMR,Tree,2,12.964917,77.596,0,0,0.0,0.0
Bengaluru City,Halasur Gate Traffic PS,1.04432e+16,2016,1,2,Road Accidents,Circle,City/Town,Near office complex,Human Error,No,Grievous Injury,Side swipe,Signal lights Automatic,Curve,City or Town Road,Bitumen(Tar),Dry,No influence on accident,Fine,NR  road,1,1,0.0,0.0,0,0,0.0,0.0
Bengaluru City,Halasur Gate Traffic PS,1.04432e+16,2016,1,2,Road Accidents,Junction,City/Town,Near office complex,Human Error,No,Grievous Injury,Hit pedal cyclist,Signal lights Automatic,Curve,City or Town Road,Bitumen(Tar),Dry,No influence on accident,Fine,Lalbhag road,centar  meedain,10,0.0,0.0,0,0,0.0,0.0
Bengaluru City,Halasur Gate Traffic PS,1.04432e+16,2016,1,2,Road Accidents,Junction,City/Town,Near Hospital,Human Error,No,Grievous Injury,Overturning,Police / Manual,Curve,City or Town Road,Bitumen(Tar),Dry,No influence on accident,Fine,NR  road,1,1,0.0,0.0,0,0,0.0,0.0
Bengaluru City,Halasur Gate Traffic PS,1.04432e+16,2016,1,1,Road Accidents,Narrow road,City/Town,Near office complex,Human Error,No,Grievous Injury,Hit pedestrian,Not at  Junction,Not Applicable,City or Town Road,Bitumen(Tar),Dry,No influence on accident,Fine,new  mission road,EC pool,14,0.0,0.0,0,0,0.0,0.0
Bengaluru City,Halasur Gate Traffic PS,1.04432e+16,2016,1,1,Road Accidents,Narrow road,City/Town,Near Bus stop,Human Error,No,Grievous Injury,Hit pedestrian,No signal lights,Straight and flat,City or Town Road,Bitumen(Tar),Dry,No influence on accident,Fine,sheshadhri road,centra meedian,25,0.0,0.0,0,0,0.0,0.0
Bengaluru City,Halasur Gate Traffic PS,1.04432e+16,2016,1,1,Road Accidents,Narrow road,City/Town,Residential area,Human Error,No,Grievous Injury,Hit pedestrian,Uncontrolled,Straight and flat,City or Town Road,Bitumen(Tar),Dry,No influence on accident,Fine,CKC GARDEN 2MAIN ROAD,SHRINIVASA HOUSE,100,0.0,0.0,0,0,0.0,0.0
Bengaluru City,Halasur Gate Traffic PS,1.04432e+16,2016,1,2,Road Accidents,Circle,City/Town,Near office complex,Human Error,No,Grievous Injury,Right Turn Collision,Signal lights Automatic,Others,City or Town Road,Bitumen(Tar),Dry,No influence on accident,Fine,SHIVAJI CIRCLE,CHERCH,300,0.0,0.0,0,0,0.0,0.0
Bengaluru City,Halasur Gate Traffic PS,1.04432e+16,2016,1,1,Road Accidents,Narrow road,City/Town,Near Hospital,Human Error,No,Grievous Injury,Hit pedestrian,No signal lights,Straight and flat,City or Town Road,Bitumen(Tar),Dry,No influence on accident,Fine,Nrupathunga road,Tree,70,0.0,0.0,0,0,0.0,0.0
Bengaluru City,Halasur Gate Traffic PS,1.04432e+16,2016,1,1,Road Accidents,Narrow road,City/Town,Near Bus stop,Human Error,No,Grievous Injury,Skidding or Self accident,Not Applicable,Others,City or Town Road,Bitumen(Tar),Dry,No influence on accident,Fine,Kg road,bus seltar,50,0.0,0.0,0,0,0.0,0.0
Bengaluru City,Halasur Gate Traffic PS,1.04432e+16,2016,1,1,Road Accidents,Cross roads,City/Town,Near office complex,Human Error,No,Grievous Injury,Hit pedestrian,Not at  Junction,Straight and flat,City or Town Road,Bitumen(Tar),Dry,No influence on accident,Fine,KG road,EC Pool,18,0.0,0.0,0,0,0.0,0.0
Bengaluru City,Halasur Gate Traffic PS,1.04432e+16,2016,1,1,Road Accidents,Curves,City/Town,Near Hospital,Human Error,No,Fatal,Hit pedestrian,Police / Manual,Curve,City or Town Road,Bitumen(Tar),Dry,No influence on accident,Fine,pk lain,FOOTBOTH,5,0.0,0.0,0,0,0.0,0.0
Bengaluru City,Halasur Gate Traffic PS,1.04432e+16,2016,1,1,Road Accidents,Narrow road,City/Town,Near office complex,Human Error,No,Grievous Injury,Hit pedestrian,No signal lights,Straight and flat,City or Town Road,Bitumen(Tar),Dry,No influence on accident,Fine,KG road,tree,45,0.0,0.0,0,0,0.0,0.0
Bengaluru City,Halasur Gate Traffic PS,1.04432e+16,2016,1,1,Road Accidents,Y Junction,City/Town,At pedestrian Crossing,Human Error,No,Grievous Injury,Hit pedestrian,Signal lights Automatic,Curve,City or Town Road,Bitumen(Tar),Dry,No influence on accident,Fine,NR road,centr median,13,0.0,0.0,0,0,0.0,0.0
Bengaluru City,Halasur Gate Traffic PS,1.04432e+16,2016,1,1,Road Accidents,Narrow road,City/Town,Near Bus stop,Human Error,No,Grievous Injury,Others,Stop sign,Straight and flat,City or Town Road,Bitumen(Tar),Dry,No influence on accident,Fine,KG road,1,1,0.0,0.0,0,0,0.0,0.0
Bengaluru City,Halasur Gate Traffic PS,1.04432e+16,2016,1,2,Road Accidents,Narrow road,City/Town,Near office complex,Human Error,No,Simple Injury,Rear end,Not at  Junction,Straight and flat,City or Town Road,Bitumen(Tar),Dry,No influence on accident,Fine,Mission road,1,1,0.0,0.0,0,0,0.0,0.0
Bengaluru City,Halasur Gate Traffic PS,1.04432e+16,2016,1,2,Road Accidents,Narrow road,City/Town,Near office complex,Human Error,Yes,Grievous Injury,Hit and Run,Uncontrolled,Straight and flat,City or Town Road,Bitumen(Tar),Dry,No influence on accident,Fine,NR RD,N R RD,100,0.0,0.0,0,0,0.0,0.0
Bengaluru City,Halasur Gate Traffic PS,1.04432e+16,2016,1,2,Road Accidents,Narrow road,City/Town,Near Hospital,Human Error,No,Grievous Injury,Others,Give way sign,Straight and flat,City or Town Road,Bitumen(Tar),Dry,No influence on accident,Fine,Nrupathunga  road,Tree,25,0.0,0.0,0,0,0.0,0.0
Bengaluru City,Halasur Gate Traffic PS,1.04432e+16,2016,1,1,Road Accidents,Narrow road,City/Town,Near Bus stop,Human Error,Yes,Grievous Injury,Hit and Run,Uncontrolled,Straight and flat,City or Town Road,Bitumen(Tar),Dry,No influence on accident,Fine,K B RD,KB ROAD,250,0.0,0.0,0,0,0.0,0.0
Bengaluru City,Halasur Gate Traffic PS,1.04432e+16,2016,1,1,Road Accidents,Narrow road,City/Town,Residential area,Human Error,Yes,Grievous Injury,Side swipe,Uncontrolled,Straight and flat,City or Town Road,Bitumen(Tar),Dry,No influence on accident,Fine,SR NAGARA 5 TH MAIN ROAD,HOUSE NO 43,50,0.0,0.0,0,0,0.0,0.0
Bengaluru City,Halasur Gate Traffic PS,1.04432e+16,2016,1,1,Road Accidents,Other,City/Town,Near School or College,Human Error,Yes,Grievous Injury,Hit and Run,Uncontrolled,Straight and flat,City or Town Road,Bitumen(Tar),Dry,No influence on accident,Fine,N R ROAD,SCINCE COLLAGE,50F,0.0,0.0,0,0,0.0,0.0
Bengaluru City,Halasur Gate Traffic PS,1.04432e+16,2016,1,2,Road Accidents,Narrow road,City/Town,Near School or College,Human Error,Yes,Grievous Injury,Hit and Run,Signal lights Blinking,Straight and flat,City or Town Road,Bitumen(Tar),Dry,No influence on accident,Fine,mission road,centra meedian,20,0.0,0.0,0,0,0.0,0.0
Bengaluru City,Halasur Gate Traffic PS,1.04432e+16,2016,1,1,Road Accidents,Narrow road,City/Town,Near Bus stop,Human Error,No,Grievous Injury,Hit pedestrian,Uncontrolled,Straight and flat,City or Town Road,Bitumen(Tar),Dry,No influence on accident,Fine,KG ROAD,bannappa park,200,12.968348,77.58677,0,0,0.0,0.0
Bengaluru City,Halasur Gate Traffic PS,1.04432e+16,2016,1,2,Road Accidents,Bridge,City/Town,Near School or College,Human Error,Yes,Grievous Injury,Hit and Run,Uncontrolled,Others,City or Town Road,Bitumen(Tar),Dry,No influence on accident,Fine,K H RD,CEMBRIDGE SCHOOL,50F,0.0,0.0,0,0,0.0,0.0
Bengaluru City,Halasur Gate Traffic PS,1.04432e+16,2016,1,1,Road Accidents,Narrow road,City/Town,Near Hospital,Human Error,No,Fatal,Skidding or Self accident,Not Applicable,Straight and flat,City or Town Road,Bitumen(Tar),Dry,No influence on accident,Fine,Kg road,tree,56,0.0,0.0,0,0,0.0,0.0
Bengaluru City,Halasur Gate Traffic PS,1.04432e+16,2016,1,2,Road Accidents,Narrow road,City/Town,Near Bus stop,Human Error,Yes,Grievous Injury,Side swipe,Uncontrolled,Straight and flat,City or Town Road,Bitumen(Tar),Dry,No influence on accident,Fine,SHESHADRI ROAD,SJP COLLEGE,300,0.0,0.0,0,0,0.0,0.0
Bengaluru City,Halasur Gate Traffic PS,1.04432e+16,2016,1,2,Road Accidents,Narrow road,City/Town,Near Bus stop,Human Error,No,Damage Only,Rear end,Uncontrolled,Straight and flat,City or Town Road,Bitumen(Tar),Dry,No influence on accident,Fine,NR ROAD,PARK,300,0.0,0.0,0,0,0.0,0.0
Bengaluru City,Halasur Gate Traffic PS,1.04432e+16,2016,1,2,Road Accidents,Junction,City/Town,Near Bus stop,Human Error,No,Grievous Injury,Hit pedal cyclist,Signal lights Automatic,Curve,City or Town Road,Bitumen(Tar),Dry,No influence on accident,Fine,MIssion road,1,1,0.0,0.0,0,0,0.0,0.0
Bengaluru City,Halasur Gate Traffic PS,1.04432e+16,2016,1,1,Road Accidents,Cross roads,City/Town,Near office complex,Human Error,No,Grievous Injury,Hit pedestrian,Not at  Junction,Others,City or Town Road,Bitumen(Tar),Dry,No influence on accident,Fine,otc road,pool,60,0.0,0.0,0,0,0.0,0.0
Bengaluru City,Halasur Gate Traffic PS,1.04432e+16,2016,1,2,Road Accidents,Circle,City/Town,Near Petrol Pump,Human Error,No,Grievous Injury,Rear end,Signal lights Automatic,Straight and flat,City or Town Road,Bitumen(Tar),Dry,No influence on accident,Fine,SHANTHI NAGAR CIRCLE,PETROL PUMP,200,0.0,0.0,0,0,0.0,0.0
Bengaluru City,Halasur Gate Traffic PS,1.04432e+16,2016,1,2,Road Accidents,Narrow road,City/Town,Near office complex,Human Error,No,Grievous Injury,Others,Signal lights Automatic,Straight and flat,City or Town Road,Bitumen(Tar),Dry,No influence on accident,Fine,SHIVAJI CIRCLE,CHERCH,300,0.0,0.0,0,0,0.0,0.0
Bengaluru City,Halasur Gate Traffic PS,1.04432e+16,2016,1,2,Road Accidents,Narrow road,City/Town,Near office complex,Human Error,Yes,Simple Injury,Rear end,Uncontrolled,Straight and flat,City or Town Road,Bitumen(Tar),Dry,No influence on accident,Fine,RRMR,PETROL PUMP,250,0.0,0.0,0,0,0.0,0.0
Bengaluru City,Halasur Gate Traffic PS,1.04432e+16,2016,1,2,Road Accidents,Junction,City/Town,Near Bus stop,Human Error,No,Grievous Injury,Overturning,Signal lights Automatic,Straight and flat,City or Town Road,Bitumen(Tar),Dry,No influence on accident,Fine,NR  road,police ambrala,5,0.0,0.0,0,0,0.0,0.0
Bengaluru City,Halasur Gate Traffic PS,1.04432e+16,2016,1,2,Road Accidents,Narrow road,City/Town,Near Bus stop,Human Error,No,Fatal,Rear end,Not at  Junction,Straight and flat,City or Town Road,Bitumen(Tar),Dry,No influence on accident,Fine,kg road,0,0,0.0,0.0,0,0,0.0,0.0
Bengaluru City,Halasur Gate Traffic PS,1.04432e+16,2016,1,2,Road Accidents,Junction,City/Town,Near office complex,Human Error,No,Grievous Injury,Others,Signal lights Automatic,Curve,City or Town Road,Bitumen(Tar),Dry,No influence on accident,Fine,NR  road,centra median,10,0.0,0.0,0,0,0.0,0.0
Bengaluru City,Halasur Gate Traffic PS,1.04432e+16,2016,1,2,Road Accidents,Narrow road,City/Town,Near Hospital,Human Error,Yes,Grievous Injury,Overturning,No signal lights,Straight and flat,City or Town Road,Bitumen(Tar),Dry,No influence on accident,Fine,Nruoathunga road,0,0,0.0,0.0,0,0,0.0,0.0
Bengaluru City,Halasur Gate Traffic PS,1.04432e+16,2016,1,2,Road Accidents,Narrow road,City/Town,Near Bus stop,Human Error,No,Grievous Injury,Rear end,Not at  Junction,Straight and flat,City or Town Road,Bitumen(Tar),Dry,No influence on accident,Fine,Mallya  road,foot path,5,0.0,0.0,0,0,0.0,0.0
Bengaluru City,Halasur Gate Traffic PS,1.04432e+16,2016,1,2,Road Accidents,Junction,City/Town,Near office complex,Human Error,No,Grievous Injury,Overturning,Signal lights Automatic,Curve,City or Town Road,Bitumen(Tar),Dry,No influence on accident,Fine,KH road,EC pool,18,0.0,0.0,0,0,0.0,0.0
Bengaluru City,Halasur Gate Traffic PS,1.04432e+16,2016,1,2,Road Accidents,Narrow road,City/Town,Near office complex,Human Error,No,Damage Only,Hit parked vehicle,Uncontrolled,Straight and flat,City or Town Road,Bitumen(Tar),Dry,No influence on accident,Fine,JCROAD,RAVINDRA KALAKETRA,400F,0.0,0.0,0,0,0.0,0.0
Bengaluru City,Halasur Gate Traffic PS,1.04432e+16,2016,1,1,Road Accidents,Narrow road,City/Town,Residential area,Human Error,No,Grievous Injury,Hit pedestrian,No signal lights,Straight and flat,City or Town Road,Bitumen(Tar),Dry,Engineering Defect of Road,Fine,Lalbagha road,tree,10,0.0,0.0,4,0,0.0,4.0
Bengaluru City,Halasur Gate Traffic PS,1.04432e+16,2016,1,2,Road Accidents,Junction,City/Town,Near Bus stop,Human Error,No,Simple Injury,Rear end,Signal lights Automatic,Straight and flat,City or Town Road,Bitumen(Tar),Dry,No influence on accident,Fine,KG road,pool,20,0.0,0.0,0,0,0.0,0.0
Bengaluru City,Halasur Gate Traffic PS,1.04432e+16,2016,1,2,Road Accidents,Junction,City/Town,Near Petrol Pump,Human Error,No,Grievous Injury,Rear end,Signal lights Automatic,Curve,City or Town Road,Bitumen(Tar),Dry,No influence on accident,Fine,KH road,Tree,18,0.0,0.0,0,0,0.0,0.0
Bengaluru City,Halasur Gate Traffic PS,1.04432e+16,2016,1,1,Road Accidents,Narrow road,City/Town,Near Hospital,Human Error,No,Fatal,Hit pedestrian,Not at  Junction,Straight and flat,City or Town Road,Bitumen(Tar),Dry,No influence on accident,Fine,Nrupathunga  road,1,1,12.9665496,77.5868565,0,0,0.0,0.0
Bengaluru City,Halasur Gate Traffic PS,1.04432e+16,2016,1,1,Road Accidents,Junction,City/Town,Near a religious place,Human Error,No,Grievous Injury,Hit pedestrian,Signal lights Automatic,Straight and flat,City or Town Road,Bitumen(Tar),Dry,No influence on accident,Fine,JC  road,singal lihgt pool,10,0.0,0.0,0,0,0.0,0.0
Bengaluru City,Halasur Gate Traffic PS,1.04432e+16,2016,1,2,Road Accidents,Circle,City/Town,Near office complex,Human Error,No,Grievous Injury,Head on,Signal lights Automatic,Curve,City or Town Road,Bitumen(Tar),Dry,No influence on accident,Fine,TOWN HALL CIRCLE,TOWN HALL,400F,0.0,0.0,0,0,0.0,0.0
Bengaluru City,Halasur Gate Traffic PS,1.04432e+16,2016,1,1,Road Accidents,Narrow road,City/Town,Near office complex,Human Error,No,Simple Injury,Hit pedestrian,Not at  Junction,Straight and flat,City or Town Road,Bitumen(Tar),Dry,No influence on accident,Fine,KG road,0,0,0.0,0.0,0,0,0.0,0.0
Bengaluru City,Halasur Gate Traffic PS,1.04432e+16,2016,1,1,Road Accidents,Narrow road,City/Town,Near Hospital,Human Error,No,Fatal,Hit pedestrian,Not at  Junction,Straight and flat,City or Town Road,Bitumen(Tar),Dry,No influence on accident,Fine,KG  road,0,1,0.0,0.0,0,0,0.0,0.0
Bengaluru City,Halasur Gate Traffic PS,1.04432e+16,2016,1,1,Road Accidents,Narrow road,City/Town,Near Bus stop,Human Error,Yes,Grievous Injury,Others,Not at  Junction,Straight and flat,City or Town Road,Bitumen(Tar),Dry,Pot holed,Fine,RRMR ROAD,North Kantiveer Stadium,100ft,0.0,0.0,5,0,0.0,5.0
Bengaluru City,Halasur Gate Traffic PS,1.04432e+16,2016,1,1,Road Accidents,Junction,City/Town,Near Bus stop,Human Error,No,Grievous Injury,Others,Signal lights Automatic,Straight and flat,City or Town Road,Bitumen(Tar),Dry,No influence on accident,Fine,NR  road,Tree,25,0.0,0.0,0,0,0.0,0.0
Bengaluru City,Halasur Gate Traffic PS,1.04432e+16,2016,1,2,Road Accidents,Junction,City/Town,Near a religious place,Human Error,No,Grievous Injury,Overturning,Signal lights Automatic,Curve,City or Town Road,Bitumen(Tar),Dry,No influence on accident,Fine,NR   ROAD,TREE,23,0.0,0.0,0,0,0.0,0.0
Bengaluru City,Halasur Gate Traffic PS,1.04432e+16,2016,1,2,Road Accidents,T Junction,City/Town,Near Hospital,Human Error,No,Grievous Injury,Rear end,No signal lights,Slight Curve,City or Town Road,Bitumen(Tar),Dry,No influence on accident,Fine,DEVANGA ROAD,hcg hospital,300,0.0,0.0,0,0,0.0,0.0
Bengaluru City,Halasur Gate Traffic PS,1.04432e+16,2016,1,2,Road Accidents,Narrow road,City/Town,Near School or College,Human Error,No,Grievous Injury,Rear end,Uncontrolled,Straight and flat,City or Town Road,Bitumen(Tar),Dry,No influence on accident,Fine,NEW MISSION ROAD,CHERCH,200,0.0,0.0,0,0,0.0,0.0
Bengaluru City,Halasur Gate Traffic PS,1.04432e+16,2017,1,2,Road Accidents,Curves,City/Town,Near a religious place,Human Error,No,Damage Only,Rear end,No signal lights,Curve,City or Town Road,Bitumen(Tar),Dry,No influence on accident,Fine,NR ROAD,HUDSON CHURCH,500 F,0.0,0.0,0,0,0.0,0.0
Bengaluru City,Halasur Gate Traffic PS,1.04432e+16,2017,1,1,Road Accidents,Narrow road,City/Town,Near office complex,Human Error,No,Simple Injury,Skidding or Self accident,Uncontrolled,Straight and flat,City or Town Road,Bitumen(Tar),Dry,No influence on accident,Fine,NR ROAD,HOTEL KAMAT,300,0.0,0.0,0,0,0.0,0.0
Bengaluru City,Halasur Gate Traffic PS,1.04432e+16,2017,1,1,Road Accidents,Narrow road,City/Town,Near office complex,Human Error,No,Grievous Injury,Hit bicyclist,Uncontrolled,Straight and flat,City or Town Road,Bitumen(Tar),Dry,No influence on accident,Fine,KHROAD,PARIJATH HOTEL,100FFT,0.0,0.0,0,0,0.0,0.0
Bengaluru City,Halasur Gate Traffic PS,1.04432e+16,2017,1,2,Road Accidents,Narrow road,City/Town,Near Hospital,Human Error,No,Grievous Injury,Rear end,Uncontrolled,Straight and flat,City or Town Road,Bitumen(Tar),Dry,No influence on accident,Fine,KG ROAD,MATHAS HOSPITAL,300,0.0,0.0,0,0,0.0,0.0
Bengaluru City,Halasur Gate Traffic PS,1.04432e+16,2017,1,1,Road Accidents,Curves,City/Town,Near office complex,Human Error,No,Fatal,Hit pedestrian,Uncontrolled,Curve,Others,Bitumen(Tar),Dry,No influence on accident,Fine,OTC ROAD,TEMPLE,500,0.0,0.0,0,0,0.0,0.0
Bengaluru City,Halasur Gate Traffic PS,1.04432e+16,2017,1,1,Road Accidents,Narrow road,City/Town,Near Bus stop,Human Error,Yes,Grievous Injury,Hit pedestrian,Not Applicable,Straight and flat,City or Town Road,Bitumen(Tar),Dry,No influence on accident,Fine,N.R.ROAD,500 F,500F,0.0,0.0,0,0,0.0,0.0
Bengaluru City,Halasur Gate Traffic PS,1.04432e+16,2017,1,1,Road Accidents,Narrow road,City/Town,Near Bus stop,Human Error,Yes,Grievous Injury,Hit and Run,Uncontrolled,Straight and flat,City or Town Road,Bitumen(Tar),Dry,No influence on accident,Fine,NR ROAD CORPORETION BUS STOP,CORPORETION BUS STOP,100 F,0.0,0.0,0,0,0.0,0.0
Bengaluru City,Halasur Gate Traffic PS,1.04432e+16,2017,1,1,Road Accidents,Narrow road,City/Town,Near Bus stop,Human Error,Yes,Simple Injury,Others,Uncontrolled,Straight and flat,City or Town Road,Bitumen(Tar),Dry,No influence on accident,Fine,NR ROAD CORPORETION BUS STOP,CORPORETION BUS STOP,600 FT,0.0,0.0,0,0,0.0,0.0
Bengaluru City,Halasur Gate Traffic PS,1.04432e+16,2017,1,2,Road Accidents,Narrow road,City/Town,Near office complex,Human Error,Yes,Grievous Injury,Rear end,Not Applicable,Straight and flat,City or Town Road,Bitumen(Tar),Dry,No influence on accident,Fine,N.R.ROAD,LIC BUILDING,400 F,0.0,0.0,0,0,0.0,0.0
Bengaluru City,Halasur Gate Traffic PS,1.04432e+16,2017,1,2,Road Accidents,Circle,City/Town,Near Bus stop,Human Error,No,Grievous Injury,Rear end,Signal lights Automatic,Straight and flat,City or Town Road,Bitumen(Tar),Dry,No influence on accident,Fine,HUDSON CIRCLE,BBMP OFFICE,200,0.0,0.0,0,0,0.0,0.0
Bengaluru City,Halasur Gate Traffic PS,1.04432e+16,2017,1,2,Road Accidents,Curves,City/Town,Near office complex,Human Error,No,Simple Injury,Rear end,Signal lights Automatic,Straight and flat,City or Town Road,Bitumen(Tar),Dry,No influence on accident,Fine,NR CIRCLE,LIC BUILDING,500 F,0.0,0.0,0,0,0.0,0.0
Bengaluru City,Halasur Gate Traffic PS,1.04432e+16,2017,1,1,Road Accidents,Narrow road,City/Town,Near Bus stop,Human Error,Yes,Grievous Injury,Others,Not Applicable,Straight and flat,City or Town Road,Bitumen(Tar),Dry,No influence on accident,Fine,N.R.ROAD,CORPORATION  BUS STOP,20F,0.0,0.0,0,0,0.0,0.0
Bengaluru City,Halasur Gate Traffic PS,1.04432e+16,2017,1,1,Road Accidents,Narrow road,City/Town,At pedestrian Crossing,Human Error,Yes,Grievous Injury,Hit pedestrian,Not Applicable,Straight and flat,City or Town Road,Bitumen(Tar),Dry,No influence on accident,Fine,RRMR ROAD,NEAR PALAVI TEATER,400F,0.0,0.0,0,0,0.0,0.0
Bengaluru City,Halasur Gate Traffic PS,1.04432e+16,2017,1,2,Road Accidents,Narrow road,City/Town,Near Hospital,Human Error,Yes,Grievous Injury,Head on,Not at  Junction,Straight and flat,City or Town Road,Bitumen(Tar),Dry,No influence on accident,Fine,SPROAD,TEMPLE,400F,0.0,0.0,0,0,0.0,0.0
Bengaluru City,Halasur Gate Traffic PS,1.04432e+16,2017,1,2,Road Accidents,Narrow road,City/Town,Near Bus stop,Human Error,No,Grievous Injury,Rear end,Uncontrolled,Straight and flat,City or Town Road,Bitumen(Tar),Dry,No influence on accident,Fine,SHESHADRI ROAD,SJP COLLEGE,100FFT,0.0,0.0,0,0,0.0,0.0
Bengaluru City,Halasur Gate Traffic PS,1.04432e+16,2017,1,2,Road Accidents,Narrow road,City/Town,Near office complex,Human Error,No,Grievous Injury,Rear end,Signal lights Automatic,Straight and flat,City or Town Road,Bitumen(Tar),Dry,No influence on accident,Fine,OTC ROAD,LIC BUILDING,500 F,0.0,0.0,0,0,0.0,0.0
Bengaluru City,Halasur Gate Traffic PS,1.04432e+16,2017,1,2,Road Accidents,Cross roads,City/Town,Near office complex,Human Error,No,Grievous Injury,Head on,Not Applicable,Curve,City or Town Road,Bitumen(Tar),Dry,No influence on accident,Fine,CSI COMPOUND ROAD,400 F,400F,0.0,0.0,0,0,0.0,0.0
Bengaluru City,Halasur Gate Traffic PS,1.04432e+16,2017,1,2,Road Accidents,Junction,City/Town,Near School or College,Human Error,No,Grievous Injury,Right Turn Collision,Signal lights Automatic,Curve,City or Town Road,Bitumen(Tar),Dry,No influence on accident,Fine,KR CIRCLE,NEAR COLLEGE,500F,0.0,0.0,0,0,0.0,0.0
Bengaluru City,Halasur Gate Traffic PS,1.04432e+16,2017,1,1,Road Accidents,Narrow road,City/Town,Near School or College,Human Error,Yes,Grievous Injury,Others,Uncontrolled,Straight and flat,City or Town Road,Bitumen(Tar),Dry,No influence on accident,Fine,SHESHADRI ROAD,SJP COLLEGE,300F,0.0,0.0,0,0,0.0,0.0
Bengaluru City,Halasur Gate Traffic PS,1.04432e+16,2017,1,2,Road Accidents,Narrow road,City/Town,Near Bus stop,Human Error,No,Grievous Injury,Head on,Uncontrolled,Straight and flat,City or Town Road,Bitumen(Tar),Dry,No influence on accident,Fine,KBROAD,CUBBON PARK,100,0.0,0.0,0,0,0.0,0.0
Bengaluru City,Halasur Gate Traffic PS,1.04432e+16,2017,1,1,Road Accidents,Narrow road,City/Town,Near Bus stop,Human Error,No,Simple Injury,Hit pedestrian,Not Applicable,Straight and flat,City or Town Road,Bitumen(Tar),Dry,No influence on accident,Fine,NRUPATHUNGHA ROAD,COURT,500 F,0.0,0.0,0,0,0.0,0.0
Bengaluru City,Halasur Gate Traffic PS,1.04432e+16,2017,1,2,Road Accidents,Narrow road,City/Town,Near office complex,Human Error,Yes,Grievous Injury,Hit and Run,Not Applicable,Straight and flat,City or Town Road,Bitumen(Tar),Dry,No influence on accident,Fine,JC ROAD,JC ROAD  RAVINDRA KALASETHRA,500 F,0.0,0.0,0,0,0.0,0.0
Bengaluru City,Halasur Gate Traffic PS,1.04432e+16,2017,1,2,Road Accidents,Junction,City/Town,Near office complex,Human Error,No,Grievous Injury,Right Turn Collision,Signal lights Automatic,Curve,City or Town Road,Bitumen(Tar),Dry,No influence on accident,Fine,KR CIRCLE,NEAR COLFAGE,500F,0.0,0.0,0,0,0.0,0.0