DISTRICTNAME,UNITNAME,Crime_No,Year,RI,Noofvehicle_involved,Accident_Classification,Accident_Spot,Accident_Location,Accident_SubLocation,Main_Cause,Hit_Run,Severity,Collision_Type,Junction_Control,Road_Character,Road_Type,Surface_Type,Surface_Condition,Road_Condition,Weather,Accident_Road,Landmark_first,Distance_LandMark_First,Latitude,Longitude,Road_Condition_Score,Surface_Condition_Score,Surface_Type_Score,Road_Risk_Index
Bengaluru City,Halasur Gate Traffic PS,1.04432e+16,2020,1,1,Road Accidents,Narrow road,City/Town,Near Bus stop,Human Error,No,Simple Injury,Hit pedestrian,Not at  Junction,Straight and flat,Others,Bitumen(Tar),Dry,No influence on accident,Fine,K.G.ROAD,TOWARDS SOUTH,0.5KMS,12.970843,77.583891,0,0,0.0,0.0
Bengaluru City,Halasur Gate Traffic PS,1.04432e+16,2020,1,1,Road Accidents,Narrow road,City/Town,Near office complex,Human Error,No,Simple Injury,Not Applicable,Not Applicable,Straight and flat,Others,Bitumen(Tar),Dry,No influence on accident,Fine,J.C.ROAD,TOWARDS SOUTH,1KMS,0.0,0.0,0,0,0.0,0.0
Bengaluru City,Halasur Gate Traffic PS,1.04432e+16,2020,1,3,Road Accidents,Narrow road,City/Town,Near office complex,Human Error,No,Grievous Injury,Vehicle to Vehicle,Stop sign,Straight and flat,Others,Bitumen(Tar),Dry,No influence on accident,Fine,NARASIMHA RAJA ROAD,TOWARDS NORTH,0.5KMS,12.966935,77.587486,0,0,0.0,0.0
Bengaluru City,Halasur Gate Traffic PS,1.04432e+16,2020,1,2,Road Accidents,Narrow road,City/Town,Near office complex,Human Error,No,Grievous Injury,Vehicle to Vehicle,Not Applicable,Straight and flat,Others,Bitumen(Tar),Dry,No influence on accident,Fine,JAYA CHAMRAJENDRA ROAD,TOWARDS SOUTH,05KMS,0.0,0.0,0,0,0.0,0.0
Bengaluru City,Halasur Gate Traffic PS,1.04432e+16,2020,1,2,Road Accidents,Narrow road,City/Town,Near Bus stop,Human Error,Yes,Damage Only,Vehicle to Vehicle,Not at  Junction,Straight and flat,Others,Bitumen(Tar),Dry,No influence on accident,Fine,N.R.ROAD,TOWARDS SOUTH,0.5KMS,12.964155,77.58548,0,0,0.0,0.0
Bengaluru City,Halasur Gate Traffic PS,1.04432e+16,2020,1,1,Road Accidents,Narrow road,City/Town,Near office complex,Human Error,No,Grievous Injury,Hit pedestrian,Not at  Junction,Straight and flat,Others,Bitumen(Tar),Dry,No influence on accident,Fine,KEMPE GOWDA ROAD,TOWARDS WEST,0.5KM,12.96899,77.586034,0,0,0.0,0.0
Bengaluru City,Halasur Gate Traffic PS,1.04432e+16,2020,1,2,Road Accidents,Narrow road,City/Town,Near office complex,Human Error,Yes,Grievous Injury,Vehicle to Vehicle,Not at  Junction,Straight and flat,Others,Bitumen(Tar),Dry,No influence on accident,Fine,POLICE CORNER,TOWARDS NORTH,0.25KM,12.967805,77.587478,0,0,0.0,0.0
Bengaluru City,Halasur Gate Traffic PS,1.04432e+16,2020,1,2,Road Accidents,Narrow road,City/Town,Near office complex,Human Error,No,Grievous Injury,Vehicle to Vehicle,Not Applicable,Straight and flat,Others,Bitumen(Tar),Dry,No influence on accident,Fine,NEW MISSION ROAD,TOWARDS SOUTH,1 KMS,12.961134,77.587575,0,0,0.0,0.0
Bengaluru City,Halasur Gate Traffic PS,1.04432e+16,2020,1,2,Road Accidents,Narrow road,City/Town,Near office complex,Human Error,No,Grievous Injury,Vehicle to Vehicle,Not at  Junction,Straight and flat,Others,Bitumen(Tar),Dry,No influence on accident,Fine,POLICE CORNER,TOWARDS NORTH,0.5KMS,12.967498,77.587405,0,0,0.0,0.0
Bengaluru City,Halasur Gate Traffic PS,1.04432e+16,2020,1,1,Road Accidents,Narrow road,City/Town,Near office complex,Human Error,No,Grievous Injury,Hit pedestrian,Not at  Junction,Straight and flat,Others,Bitumen(Tar),Dry,No influence on accident,Fine,K.G.ROAD,TOWARDS WEST,0.5KMS,12.971672,77.584233,0,0,0.0,0.0
Bengaluru City,Halasur Gate Traffic PS,1.04432e+16,2020,1,2,Road Accidents,Narrow road,City/Town,Near office complex,Human Error,Yes,Grievous Injury,Vehicle to Vehicle,Not at  Junction,Straight and flat,Others,Bitumen(Tar),Dry,No influence on accident,Fine,KEMPE GOWDA ROAD,TOWARDS NORTH,01KMS,12.971136,77.583562,0,0,0.0,0.0
Bengaluru City,Halasur Gate Traffic PS,1.04432e+16,2020,1,2,Road Accidents,Narrow road,City/Town,Near office complex,Human Error,No,Damage Only,Vehicle to Vehicle,Not at  Junction,Straight and flat,Others,Bitumen(Tar),Dry,No influence on accident,Fine,KEMPE GOWDA ROAD,TOWARDS WEST 01 KMS,01KMS,12.971084,77.5836,0,0,0.0,0.0
Bengaluru City,Halasur Gate Traffic PS,1.04432e+16,2021,1,1,Road Accidents,Curves,City/Town,Near office complex,Human Error,Yes,Simple Injury,Hit pedestrian,Not at  Junction,Straight and flat,Others,Bitumen(Tar),Dry,No influence on accident,Fine,P.K.LINE SUNKALLU PET JUNCTION,TOWARDS WEST,0.5KMS,12.965264,77.584185,0,0,0.0,0.0
Bengaluru City,Halasur Gate Traffic PS,1.04432e+16,2021,1,1,Road Accidents,Narrow road,City/Town,Near office complex,Human Error,Yes,Simple Injury,Not Applicable,Not at  Junction,Straight and flat,Others,Bitumen(Tar),Dry,No influence on accident,Fine,NRUPATUNGA ROAD,TOWARDS NORTH,0.5KMS,12.968954,77.58721,0,0,0.0,0.0
Bengaluru City,Halasur Gate Traffic PS,1.04432e+16,2021,1,1,Road Accidents,Narrow road,City/Town,Near Bus stop,Human Error,Yes,Fatal,Hit pedestrian,Not at  Junction,Straight and flat,Others,Bitumen(Tar),Dry,No influence on accident,Fine,SHESHADRI ROAD,TOWARDS NORTH,1.5KMS,12.976833,77.585972,0,0,0.0,0.0
Bengaluru City,Halasur Gate Traffic PS,1.04432e+16,2021,1,1,Road Accidents,Narrow road,City/Town,Near office complex,Human Error,Yes,Grievous Injury,Hit pedestrian,Not at  Junction,Straight and flat,Others,Bitumen(Tar),Dry,No influence on accident,Fine,KEMPE GOWDA ROAD,TOWARDS EAST,1KMS,12.97245,77.58206,0,0,0.0,0.0
Bengaluru City,Halasur Gate Traffic PS,1.04432e+16,2021,1,1,Road Accidents,Narrow road,City/Town,Near office complex,Human Error,No,Grievous Injury,Not Applicable,Not Applicable,Straight and flat,Others,Bitumen(Tar),Dry,No influence on accident,Fine,NRUPATUNGA ROAD,TOWARDS NORTH,05KMS,12.968985,77.587189,0,0,0.0,0.0
Bengaluru City,Halasur Gate Traffic PS,1.04432e+16,2021,1,1,Road Accidents,Narrow road,City/Town,Near office complex,Human Error,No,Grievous Injury,Not Applicable,Not Applicable,Straight and flat,Others,Bitumen(Tar),Dry,No influence on accident,Fine,NRUPATUNGA ROAD,TOWARDS NORTH,0.5KMS,12.971409,77.586913,0,0,0.0,0.0
Bengaluru City,Halasur Gate Traffic PS,1.04432e+16,2021,1,3,Road Accidents,Narrow road,City/Town,Near office complex,Human Error,No,Grievous Injury,Vehicle to Vehicle,Not at  Junction,Straight and flat,Others,Bitumen(Tar),Dry,No influence on accident,Fine,N.R.ROAD NEAR L.I.C BUILDING,TOWARDS NORTH,0.5 KM,12.965472,77.586685,0,0,0.0,0.0
Bengaluru City,Halasur Gate Traffic PS,1.04432e+16,2021,1,1,Road Accidents,Narrow road,City/Town,Near office complex,Human Error,No,Damage Only,Not Applicable,Not at  Junction,Straight and flat,Others,Bitumen(Tar),Dry,No influence on accident,Fine,NRUPATUNGA ROAD,TOWARDS NORTH,0.5KMS,12.969052,77.587176,0,0,0.0,0.0
Bengaluru City,Halasur Gate Traffic PS,1.04432e+16,2021,1,2,Road Accidents,Narrow road,City/Town,Near office complex,Human Error,No,Damage Only,Vehicle to Vehicle,Not at  Junction,Straight and flat,Others,Bitumen(Tar),Dry,No influence on accident,Fine,N.R.ROAD,TOWARDS SOUTH,0.5KMS,12.965555,77.5867,0,0,0.0,0.0
Bengaluru City,Halasur Gate Traffic PS,1.04432e+16,2021,1,2,Road Accidents,Narrow road,City/Town,Near School or College,Human Error,No,Simple Injury,Vehicle to Vehicle,Not at  Junction,Straight and flat,Others,Bitumen(Tar),Dry,No influence on accident,Fine,SHESHADRI ROAD NEAR S.J.P COLLEGE,TOWARDS NORTH,1 KMS,12.977305,77.585358,0,0,0.0,0.0
Bengaluru City,Halasur Gate Traffic PS,1.04432e+16,2021,1,2,Road Accidents,Narrow road,City/Town,Near office complex,Human Error,No,Grievous Injury,Vehicle to Vehicle,Not Applicable,Straight and flat,Others,Bitumen(Tar),Dry,No influence on accident,Fine,OLD POST OFFICE ROAD,TOWARDS EAST,1KMS,12.973953,77.583384,0,0,0.0,0.0
Bengaluru City,Halasur Gate Traffic PS,1.04432e+16,2021,1,2,Not Applicable,Narrow road,City/Town,Near office complex,Human Error,No,Fatal,Vehicle to Vehicle,Not at  Junction,Straight and flat,Others,Bitumen(Tar),Dry,No influence on accident,Fine,S.J.P ROAD,TOWARDS SOUTH,1KMS,12.964004,77.582265,0,0,0.0,0.0
Bengaluru City,Halasur Gate Traffic PS,1.04432e+16,2021,1,1,Road Accidents,Narrow road,City/Town,Near Bus stop,Human Error,No,Fatal,Hit pedestrian,Not at  Junction,Straight and flat,Others,Bitumen(Tar),Dry,No influence on accident,Fine,N.R.ROAD,TOWRADS EAST,250 FT,12.966715,77.587862,0,0,0.0,0.0
Bengaluru City,Halasur Gate Traffic PS,1.04432e+16,2021,1,2,Road Accidents,Narrow road,City/Town,Near office complex,Human Error,Yes,Simple Injury,Vehicle to Vehicle,Not at  Junction,Straight and flat,Others,Bitumen(Tar),Dry,No influence on accident,Fine,CORPORATION ROAD,TOWARDS EAST,0.5KM,12.967731,77.588174,0,0,0.0,0.0
Bengaluru City,Halasur Gate Traffic PS,1.04432e+16,2021,1,1,Road Accidents,Narrow road,City/Town,Near Bus stop,Human Error,Yes,Grievous Injury,Hit pedestrian,Not at  Junction,Straight and flat,Others,Bitumen(Tar),Dry,No influence on accident,Fine,PWD GATE NRUPATUNGA ROAD,TOWARDS NORTH,1 KM,12.974388,77.586698,0,0,0.0,0.0
Bengaluru City,Halasur Gate Traffic PS,1.04432e+16,2021,1,1,Road Accidents,Narrow road,City/Town,Near office complex,Human Error,Yes,Grievous Injury,Hit pedestrian,Not at  Junction,Straight and flat,Not Applicable,Bitumen(Tar),Dry,No influence on accident,Fine,KEMPE GOWDA ROAD,TOWARDS NORTH,05KMS,12.967762,77.588029,0,0,0.0,0.0
Bengaluru City,Halasur Gate Traffic PS,1.04432e+16,2021,1,2,Road Accidents,Narrow road,City/Town,Near office complex,Human Error,No,Grievous Injury,Vehicle to Vehicle,Signal lights Automatic,Straight and flat,Others,Bitumen(Tar),Dry,No influence on accident,Fine,NARASIMHA RAJA ROAD,TOWARDS SOUTH,1KMS,12.963905,77.585379,0,0,0.0,0.0
Bengaluru City,Halasur Gate Traffic PS,1.04432e+16,2021,1,2,Road Accidents,Narrow road,City/Town,Near office complex,Human Error,No,Damage Only,Vehicle to Vehicle,Signals (Working),Straight and flat,Others,Bitumen(Tar),Dry,No influence on accident,Fine,NRASIMHA RAJA ROAD,TOWARDS SOUTH,0.2KM,12.965526,77.586737,0,0,0.0,0.0
Bengaluru City,Halasur Gate Traffic PS,1.04432e+16,2021,1,2,Road Accidents,Narrow road,City/Town,Near Bus stop,Human Error,No,Grievous Injury,Vehicle to Vehicle,Not at  Junction,Straight and flat,Others,Bitumen(Tar),Dry,No influence on accident,Fine,"B.B.M.P BUS STOP, N.R.ROAD",TOWARDS NORTH,0.3KM,12.966789,77.587911,0,0,0.0,0.0
Bengaluru City,Halasur Gate Traffic PS,1.04432e+16,2021,1,2,Road Accidents,Narrow road,City/Town,Near Hospital,Human Error,Yes,Grievous Injury,Vehicle to Vehicle,Not at  Junction,Straight and flat,Others,Bitumen(Tar),Dry,No influence on accident,Fine,J.C.ROAD,TOWARDS SOUTH,1KMS,12.963366,77.584978,0,0,0.0,0.0
Bengaluru City,Halasur Gate Traffic PS,1.04432e+16,2021,1,2,Road Accidents,Narrow road,City/Town,Near office complex,Human Error,No,Grievous Injury,Vehicle to Vehicle,Not at  Junction,Straight and flat,Others,Bitumen(Tar),Dry,No influence on accident,Fine,N.R.ROAD,TOWARDS SOUTH,05KMS,12.96525,77.586631,0,0,0.0,0.0
Bengaluru City,Halasur Gate Traffic PS,1.04432e+16,2021,1,2,Road Accidents,Narrow road,City/Town,Near office complex,Human Error,No,Simple Injury,Vehicle to Vehicle,Not Applicable,Straight and flat,Others,Bitumen(Tar),Dry,No influence on accident,Fine,J.C.ROAD NEAR RAVINDRA KALAKSHETRA,TOWARDS SOUTH,1KMS,12.96317,77.584955,0,0,0.0,0.0
Bengaluru City,Halasur Gate Traffic PS,1.04432e+16,2021,1,2,Road Accidents,Junction,City/Town,Near office complex,Human Error,No,Grievous Injury,Vehicle to Vehicle,Stop sign,Straight and flat,Others,Bitumen(Tar),Dry,No influence on accident,Fine,CORPORATION CIRCLE ROAD,TOWARDS NORTH,0.2KMS,12.966938,77.587482,0,0,0.0,0.0
Bengaluru City,Halasur Gate Traffic PS,1.04432e+16,2021,1,2,Road Accidents,Narrow road,City/Town,Near office complex,Human Error,Yes,Damage Only,Vehicle to Vehicle,Not at  Junction,Straight and flat,Others,Bitumen(Tar),Dry,No influence on accident,Fine,C.S.I.COMPOUND ROAD,TOWARDS SOUTH,1KMS,12.961217,77.587564,0,0,0.0,0.0
Bengaluru City,Halasur Gate Traffic PS,1.04432e+16,2021,1,1,Road Accidents,Narrow road,City/Town,Near office complex,Human Error,No,Grievous Injury,Hit pedestrian,Not at  Junction,Straight and flat,Others,Bitumen(Tar),Dry,No influence on accident,Fine,J.C.ROAD,TOWARDS SOUTH,1KM,12.961385,77.584083,0,0,0.0,0.0
Bengaluru City,Halasur Gate Traffic PS,1.04432e+16,2022,1,1,Road Accidents,Narrow road,City/Town,Near office complex,Human Error,Yes,Grievous Injury,Not Applicable,Not at  Junction,Straight and flat,Others,Bitumen(Tar),Dry,No influence on accident,Fine,S.J.P.ROAD MASIDHI ROAD NEAR,TOWARDS SOUTH,0.8KMS,12.9643,77.579161,0,0,0.0,0.0
Bengaluru City,Halasur Gate Traffic PS,1.04432e+16,2022,1,2,Road Accidents,Narrow road,City/Town,Near office complex,Human Error,Yes,Damage Only,Vehicle to Vehicle,Not Applicable,Straight and flat,Others,Bitumen(Tar),Dry,No influence on accident,Fine,NEAR MAHARANI COLLAGE SHESHDRI ROAD,TOWADS NORTH,2KM,0.0,0.0,0,0,0.0,0.0
Bengaluru City,Halasur Gate Traffic PS,1.04432e+16,2022,1,1,Road Accidents,Narrow road,City/Town,Near Bus stop,Human Error,No,Grievous Injury,Hit pedestrian,Signal lights Manual,Straight and flat,Not Applicable,Bitumen(Tar),Dry,No influence on accident,Fine,N.R.JUNCTION P.KALINGHRAO ROAD,TOWRDS SOUTH EAST,0.3KMS,12.96546,77.586838,0,0,0.0,0.0
Bengaluru City,Halasur Gate Traffic PS,1.04432e+16,2022,1,2,Road Accidents,Narrow road,City/Town,Near Bus stop,Human Error,No,Damage Only,Vehicle to Vehicle,Signal lights Automatic,Straight and flat,Others,Bitumen(Tar),Dry,No influence on accident,Fine,HUDSON JUNCTION,TOWARDS EAST,0.3KM,12.967709,77.588241,0,0,0.0,0.0
Bengaluru City,Halasur Gate Traffic PS,1.04432e+16,2022,1,2,Road Accidents,Narrow road,City/Town,Near Bus stop,Human Error,Yes,Grievous Injury,Vehicle to Vehicle,Not at  Junction,Straight and flat,Others,Bitumen(Tar),Dry,No influence on accident,Fine,CITY CIVIL COURT NEAR METRO STATION,TOWARDS NORTH,1 KM,0.0,0.0,0,0,0.0,0.0
Bengaluru City,Halasur Gate Traffic PS,1.04432e+16,2022,1,2,Road Accidents,Narrow road,Rural Areas,Near office complex,Human Error,No,Grievous Injury,Vehicle to Vehicle,Not at  Junction,Straight and flat,Others,Bitumen(Tar),Dry,No influence on accident,Fine,N.R.ROAD INFRONT OF UNION BANK,TOWARDS WEST,0.7KMS,12.963572,77.58396,0,0,0.0,0.0
Bengaluru City,Halasur Gate Traffic PS,1.04432e+16,2022,1,2,Road Accidents,Narrow road,City/Town,Near office complex,Human Error,No,Grievous Injury,Vehicle to Vehicle,Not at  Junction,Straight and flat,Others,Bitumen(Tar),Dry,No influence on accident,Fine,K.G.ROAD KAVERI BHAVANA,TOWARDS WEST,0.5 KM,12.971811,77.582829,0,0,0.0,0.0
Bengaluru City,Halasur Gate Traffic PS,1.04432e+16,2022,1,2,Road Accidents,Narrow road,City/Town,Near office complex,Human Error,Yes,Grievous Injury,Vehicle to Vehicle,Signal lights Automatic,Straight and flat,Others,Bitumen(Tar),Dry,No influence on accident,Fine,N.R.JUNCTION,TOWARDS SOUTH,0.3KMS,12.965265,77.586761,0,0,0.0,0.0
Bengaluru City,Halasur Gate Traffic PS,1.04432e+16,2022,1,2,Road Accidents,Narrow road,City/Town,Near office complex,Human Error,No,Damage Only,Vehicle to Vehicle,Signal lights Automatic,Straight and flat,Others,Bitumen(Tar),Dry,No influence on accident,Fine,TOWNHALL JUNCTION,TOWARDS SOUTH,0.5KMS,12.963869,77.585155,0,0,0.0,0.0
Bengaluru City,Halasur Gate Traffic PS,1.04432e+16,2022,1,1,Road Accidents,Curves,City/Town,Near Bus stop,Human Error,No,Fatal,Hit pedestrian,Signal lights Automatic,Straight and flat,Others,Bitumen(Tar),Dry,No influence on accident,Fine,K.R.CIRCLE,TOWARDS NORTH,1.0KMS,12.975875,77.5872,0,0,0.0,0.0
Bengaluru City,Halasur Gate Traffic PS,1.04432e+16,2022,1,2,Road Accidents,Narrow road,City/Town,Near office complex,Human Error,No,Grievous Injury,Vehicle to Vehicle,Not at  Junction,Straight and flat,Others,Bitumen(Tar),Dry,No influence on accident,Fine,N.R.ROAD UNITY BUILIDING OPPOSITE,TOWARDS SOUTH,0.3KMS,12.964572,77.586017,0,0,0.0,0.0
Bengaluru City,Halasur Gate Traffic PS,1.04432e+16,2022,1,2,Road Accidents,Narrow road,City/Town,Near Bus stop,Human Error,Yes,Grievous Injury,Vehicle to Vehicle,Signal lights Automatic,Straight and flat,Others,Bitumen(Tar),Dry,No influence on accident,Others,N.R.JUNCTION,TOWRDS SOUTH,200MTR,12.965486,77.586826,0,0,0.0,0.0
Bengaluru City,Halasur Gate Traffic PS,1.04432e+16,2022,1,2,Road Accidents,Junction,City/Town,Near Bus stop,Human Error,No,Grievous Injury,Vehicle to Vehicle,Signal lights Automatic,Straight and flat,Others,Bitumen(Tar),Dry,No influence on accident,Fine,HALASURU GATE TRPS JUNCTION,TOWARDS NORTH EAST,0.2KMS,12.966915,77.587474,0,0,0.0,0.0
Bengaluru City,Halasur Gate Traffic PS,1.04432e+16,2022,1,2,Road Accidents,Narrow road,City/Town,Near Bus stop,Human Error,No,Grievous Injury,Vehicle to Vehicle,Signal lights Automatic,Straight and flat,Others,Bitumen(Tar),Dry,No influence on accident,Fine,HUDSON JUNCTION,TOWARDS NORTH,0.2KMS,12.967354,77.588396,0,0,0.0,0.0
Bengaluru City,Halasur Gate Traffic PS,1.04432e+16,2022,1,2,Road Accidents,Narrow road,City/Town,Near Bus stop,Human Error,No,Grievous Injury,Vehicle to Vehicle,Not at  Junction,Straight and flat,Others,Bitumen(Tar),Dry,No influence on accident,Fine,HLD JUNCTION CORPORATION CIRCLE,TOWARDS NORTH,0.5KM,12.967758,77.588155,0,0,0.0,0.0
Bengaluru City,Halasur Gate Traffic PS,1.04432e+16,2022,1,2,Road Accidents,Narrow road,City/Town,Near Bus stop,Human Error,No,Grievous Injury,Vehicle to Vehicle,Stop sign,Straight and flat,Others,Bitumen(Tar),Dry,No influence on accident,Fine,"N.R.JUNCTION, N.R.ROAD",TOWARDS SOUTH,0.2KMS,12.965487,77.586812,0,0,0.0,0.0
Bengaluru City,Halasur Gate Traffic PS,1.04432e+16,2022,1,2,Road Accidents,Narrow road,City/Town,Near office complex,Human Error,No,Fatal,Vehicle to Vehicle,Not at  Junction,Straight and flat,Others,Concrete,Dry,No influence on accident,Fine,NEAR SHIKSHAR SADANA,TOWARDS WEST,0.8 KM,12.972248,77.582305,0,0,0.0,0.0
Bengaluru City,Halasur Gate Traffic PS,1.04432e+16,2022,1,2,Road Accidents,Narrow road,City/Town,Near office complex,Human Error,No,Simple Injury,Vehicle to Vehicle,Stop sign,Straight and flat,Others,Bitumen(Tar),Dry,No influence on accident,Fine,POLICE STATION JUNCTION,TOWARDS NORTH EAST,0.2 KM,12.966872,77.587497,0,0,0.0,0.0
Bengaluru City,Halasur Gate Traffic PS,1.04432e+16,2022,1,1,Road Accidents,Narrow road,City/Town,Near office complex,Human Error,No,Grievous Injury,Hit pedestrian,Not at  Junction,Straight and flat,Others,Concrete,Others,No influence on accident,Fine,K.G.ROAD KANDAYA BHAVANA OPPOSITE,TOWARDS WEST,0.6KMS,12.9712,77.583568,0,1,0.0,1.0
Bengaluru City,Halasur Gate Traffic PS,1.04432e+16,2022,1,1,Road Accidents,Narrow road,City/Town,Near office complex,Human Error,No,Fatal,Hit pedestrian,No signal lights,Straight and flat,Others,Bitumen(Tar),Dry,No influence on accident,Fine,S.P.ROAD HARIHANTH ELECTRONICS SHOP,TOWARDS SOUTH,0.8KMS,12.575293,77.345922,0,0,0.0,0.0
Bengaluru City,Halasur Gate Traffic PS,1.04432e+16,2022,1,1,Road Accidents,Narrow road,City/Town,Near office complex,Human Error,No,Grievous Injury,Hit pedestrian,Not at  Junction,Straight and flat,Others,Bitumen(Tar),Dry,No influence on accident,Fine,N.R.ROAD INFRONT OF LUSIYA LODGE,TOWARDS SOUTH,0.7KMS,12.963366,77.582254,0,0,0.0,0.0
Bengaluru City,Halasur Gate Traffic PS,1.04432e+16,2022,1,1,Road Accidents,Narrow road,City/Town,Near office complex,Human Error,No,Grievous Injury,Hit pedestrian,No signal lights,Straight and flat,Others,Bitumen(Tar),Dry,No influence on accident,Fine,INSIDE CITY CIVIL COURT,TOWRADS WEST,1 KMS,12.972369,77.58351,0,0,0.0,0.0
Bengaluru City,Halasur Gate Traffic PS,1.04432e+16,2022,1,1,Road Accidents,Narrow road,City/Town,Near School or College,Human Error,No,Grievous Injury,Hit pedestrian,Not at  Junction,Straight and flat,Arterial,Concrete,Dry,No influence on accident,Fine,NRUPATHUNGA ROAD,TOWARDS NORTH,0.5,12.973346,77.586645,0,0,0.0,0.0
Bengaluru City,Halasur Gate Traffic PS,1.04432e+16,2022,1,2,Road Accidents,Narrow road,City/Town,Near office complex,Human Error,No,Grievous Injury,Vehicle to Vehicle,Not at  Junction,Straight and flat,Others,Concrete,Dry,No influence on accident,Fine,S.J.P.JUNCTION,TOWARDS SOUTH,0.7KMS,12.963865,77.584025,0,0,0.0,0.0
Bengaluru City,Halasur Gate Traffic PS,1.04432e+16,2022,1,2,Road Accidents,Narrow road,City/Town,Near office complex,Human Error,No,Damage Only,Vehicle to Vehicle,Not at  Junction,Straight and flat,Not Applicable,Bitumen(Tar),Dry,No influence on accident,Fine,NRUPATUNGA ROAD,TOWARDS NORTH,0.4KMS,12.970752,77.586967,0,0,0.0,0.0
Bengaluru City,Halasur Gate Traffic PS,1.04432e+16,2022,1,1,Road Accidents,Narrow road,City/Town,Near Bus stop,Human Error,Yes,Fatal,Hit pedestrian,Not at  Junction,Straight and flat,Others,Concrete,Dry,No influence on accident,Fine,ALFA ENTERPRICES N.R.ROAD,TOWARDS SOUTH,0.5 KM,12.963391,77.582114,0,0,0.0,0.0
Bengaluru City,Halasur Gate Traffic PS,1.04432e+16,2022,1,2,Road Accidents,Narrow road,City/Town,Near office complex,Human Error,No,Grievous Injury,Vehicle to Vehicle,Not at  Junction,Straight and flat,Others,Bitumen(Tar),Dry,No influence on accident,Fine,NARASIMHA RAJA ROAD,TOWARDS SOUTH,0.5KMS,12.963704,77.584719,0,0,0.0,0.0
Bengaluru City,Halasur Gate Traffic PS,1.04432e+16,2022,1,2,Road Accidents,Circle,City/Town,Near School or College,Human Error,No,Grievous Injury,Vehicle to Vehicle,Signal lights Automatic,Straight and flat,Others,Bitumen(Tar),Dry,No influence on accident,Fine,SHESHADRI ROAD,TOWARDS NORTH,1.5KM,0.0,0.0,0,0,0.0,0.0
Bengaluru City,Halasur Gate Traffic PS,1.04432e+16,2022,1,1,Road Accidents,Narrow road,City/Town,Near office complex,Human Error,No,Grievous Injury,Hit pedestrian,Signal lights Automatic,Straight and flat,Others,Bitumen(Tar),Dry,No influence on accident,Fine,K.G.ROAD MYSORE BANK CIRCLE,TOWARDS WEST,0.8 KM,12.972807,77.581597,0,0,0.0,0.0
Bengaluru City,Halasur Gate Traffic PS,1.04432e+16,2022,1,2,Road Accidents,Narrow road,City/Town,Near office complex,Human Error,No,Grievous Injury,Vehicle to Vehicle,Signal lights Manual,Straight and flat,Others,Bitumen(Tar),Dry,No influence on accident,Fine,N.R.ROAD NEAR TOWNHALL,TOWARDS SOUTH,0.5KMS,12.9653,77.586667,0,0,0.0,0.0
Bengaluru City,Halasur Gate Traffic PS,1.04432e+16,2022,1,2,Road Accidents,Narrow road,City/Town,Near office complex,Human Error,No,Grievous Injury,Vehicle to Vehicle,Signal lights Manual,Straight and flat,Others,Bitumen(Tar),Dry,No influence on accident,Fine,HUDSON CIRCLE JUNCTION RRMR ROAD,TOWARDS EAST,400MTR,12.967516,77.5887564,0,0,0.0,0.0
Bengaluru City,Halasur Gate Traffic PS,1.04432e+16,2022,1,2,Road Accidents,Circle,City/Town,Near Bus stop,Human Error,Yes,Fatal,Vehicle to Vehicle,Signal lights Automatic,Straight and flat,Others,Bitumen(Tar),Dry,No influence on accident,Fine,TOWNHALL JUNCTION. N.R.ROAD,TOWARDS SOUTH,0.7KM,0.0,0.0,0,0,0.0,0.0
Bengaluru City,Halasur Gate Traffic PS,1.04432e+16,2022,1,2,Road Accidents,Narrow road,City/Town,Near Bus stop,Human Error,No,Grievous Injury,Vehicle to Vehicle,Signal lights Automatic,Straight and flat,Others,Bitumen(Tar),Dry,No influence on accident,Fine,SHIVAJI JUNCTION,TOWARDS SOUTH,1.5 KM,12.961492,77.584251,0,0,0.0,0.0
Bengaluru City,Halasur Gate Traffic PS,1.04432e+16,2022,1,2,Road Accidents,Narrow road,City/Town,Near Bus stop,Human Error,No,Grievous Injury,Vehicle to Vehicle,Not at  Junction,Straight and flat,Others,Bitumen(Tar),Dry,No influence on accident,Fine,OLD OFFICE ROAD,TOWARDS NORTH,2 KM,12.975862,77.587075,0,0,0.0,0.0
Bengaluru City,Halasur Gate Traffic PS,1.04432e+16,2023,1,2,Road Accidents,Circle,City/Town,Open area,Human Error,No,Grievous Injury,Vehicle to Vehicle,Signal lights Automatic,Curve,Sub Arterial,Bitumen(Tar),Dry,No influence on accident,Fine,K R CIRCLE,K R CIRCLE,0.1 KM,12.975753,77.587219,0,0,0.0,0.0
Bengaluru City,Halasur Gate Traffic PS,1.04432e+16,2023,1,2,Road Accidents,Narrow road,City/Town,Near office complex,Human Error,Yes,Grievous Injury,Vehicle to Vehicle,Stop sign,Straight and flat,Others,Bitumen(Tar),Dry,No influence on accident,Fine,MYSORE BANK CIRCLE,TOWARDS WEST,0.5 KM,12.972718,77.58169,0,0,0.0,0.0