DISTRICTNAME,UNITNAME,Crime_No,Year,RI,Noofvehicle_involved,Accident_Classification,Accident_Spot,Accident_Location,Accident_SubLocation,Main_Cause,Hit_Run,Severity,Collision_Type,Junction_Control,Road_Character,Road_Type,Surface_Type,Surface_Condition,Road_Condition,Weather,Accident_Road,Landmark_first,Distance_LandMark_First,Latitude,Longitude,Road_Condition_Score,Surface_Condition_Score,Surface_Type_Score,Road_Risk_Index
Bengaluru City,Halasur Traffic PS,1.04432e+16,2016,1,2,Road Accidents,Narrow road,City/Town,Near office complex,Human Error,Not Applicable,Grievous Injury,Head on,Uncontrolled,Curve,City or Town Road,Bitumen(Tar),Dry,Not Applicable,Fine,OLDAIRPORT ROAD  NEAR ASC COLLEGE GATE HALASOORU BENGALORE,KEB POLE,10,12.96297001,77.62899233,0,0,0.0,0.0
Bengaluru City,Halasur Traffic PS,1.04432e+16,2016,1,2,Road Accidents,Junction,City/Town,Near office complex,Human Error,No,Grievous Injury,Head on,Controlled,Straight and flat,City or Town Road,Bitumen(Tar),Dry,Not Applicable,Fine,BEGAM MAHAL JUNCTION HALASOORU  BENGALORE 560008,KEB POLE,5,12.97596834,77.62016579,0,0,0.0,0.0
Bengaluru City,Halasur Traffic PS,1.04432e+16,2016,1,2,Road Accidents,Narrow road,City/Town,Open area,Human Error,Yes,Grievous Injury,Rear end,Uncontrolled,Straight and flat,City or Town Road,Bitumen(Tar),Dry,Not Applicable,Fine,DOMALURU FLY OVER BENGALORE 560008,POLE1,1,12.96079975,77.64177687,0,0,0.0,0.0
Bengaluru City,Halasur Traffic PS,1.04432e+16,2016,1,2,Road Accidents,Narrow road,City/Town,Near a religious place,Human Error,Yes,Damage Only,Hit and Run,Uncontrolled,Straight and flat,City or Town Road,Bitumen(Tar),Dry,Not Applicable,Fine,GANGADHARA CHETTY ROAD HALASOORU BENGALORE 560008,1,1,12.98064889,77.61683292,0,0,0.0,0.0
Bengaluru City,Halasur Traffic PS,1.04432e+16,2016,1,1,Road Accidents,Circle,City/Town,Near office complex,Human Error,No,Grievous Injury,Hit pedestrian,Stop sign,Straight and flat,City or Town Road,Bitumen(Tar),Dry,Not Applicable,Fine,C.B.ROAD INFRONT OF CANARABANK HALASOOR BENGALORE,KEB POLE,25,12.97253821,77.62621545,0,0,0.0,0.0
Bengaluru City,Halasur Traffic PS,1.04432e+16,2016,1,2,Road Accidents,Curves,City/Town,Residential area,Human Error,No,Damage Only,Head on,Uncontrolled,Straight and flat,Residential Street,Bitumen(Tar),Not Applicable,Not Applicable,Fine,"2ND CROSS, C.B.LAY OUT, HALASOORU BENGALORE560008",POLE,1,12.96616341,77.62540821,0,0,0.0,0.0
Bengaluru City,Halasur Traffic PS,1.04432e+16,2016,1,2,Road Accidents,Narrow road,City/Town,Near or inside a village,Human Error,Yes,Fatal,Hit and Run,Not at  Junction,Straight and flat,City or Town Road,Bitumen(Tar),Dry,Not Applicable,Fine,1ST MAIN ROAD CB LAY OUT HALASOOR BANGALORE 560008,TREE,10,12.96841058,77.63004301,0,0,0.0,0.0
Bengaluru City,Halasur Traffic PS,1.04432e+16,2016,1,2,Road Accidents,Curves,City/Town,Narrow bridge or culverts,Human Error,Yes,Fatal,Hit and Run,Uncontrolled,Curve,Others,Bitumen(Tar),Dry,Not Applicable,Fine,DOMALURU FLY OVER DOMALUR BENGALORE560071,POLE,1,12.96079975,77.64177687,0,0,0.0,0.0
Bengaluru City,Halasur Traffic PS,1.04432e+16,2016,1,1,Road Accidents,Narrow road,City/Town,Near Hospital,Human Error,Not Applicable,Grievous Injury,Others,Uncontrolled,Slight Curve,City or Town Road,Bitumen(Tar),Dry,Not Applicable,Fine,OLD AIRPORT ROAD NEAR COMMAND HOSPITAL BUS STOP HALASOORU BENGALORE 560008,BUS STOP,3,12.96482283,77.62594064,0,0,0.0,0.0
Bengaluru City,Halasur Traffic PS,1.04432e+16,2016,1,2,Road Accidents,Narrow road,City/Town,Near office complex,Human Error,Yes,Grievous Injury,Hit and Run,Uncontrolled,Straight and flat,City or Town Road,Bitumen(Tar),Dry,Not Applicable,Fine,SWAMY VIVEKANANDA ROAD NEAR ANGALAPARAMESHWARI TEMPLE HALASOSORU BENGALORE 560008,TEMPLE,5,12.97348697,77.62274767,0,0,0.0,0.0
Bengaluru City,Halasur Traffic PS,1.04432e+16,2016,1,1,Road Accidents,Narrow road,City/Town,Near or inside a village,Human Error,No,Grievous Injury,Hit pedestrian,Uncontrolled,Slight Curve,Others,Bitumen(Tar),Dry,Not Applicable,Fine,CEBRIDGE LAY OUT 1ST MAIN ROAD NEAR POLO BAR HALASOORU BENGALORE,POLE,5,12.96841058,77.63004301,0,0,0.0,0.0
Bengaluru City,Halasur Traffic PS,1.04432e+16,2016,1,2,Road Accidents,Road hump or Rumble strips,City/Town,Near office complex,Human Error,No,Fatal,Rear end,Uncontrolled,Straight and flat,City or Town Road,Bitumen(Tar),Dry,Not Applicable,Fine,KORAMANGALA INNER RING ROAD NEAR DELL DOMALURU LAY OUT BENGALORE 560071,KEB POLE,6,12.9548847,77.6413354,0,0,0.0,0.0
Bengaluru City,Halasur Traffic PS,1.04432e+16,2016,1,2,Road Accidents,Narrow road,City/Town,Narrow bridge or culverts,Human Error,Yes,Grievous Injury,Hit bicyclist,Uncontrolled,Not Applicable,City or Town Road,Bitumen(Tar),Dry,Not Applicable,Clear,"Koramangala inner ring road,Dommalauru fly over Service roadnear isro Qtrs  Dommaluru   Blore-560071",ISRO QTRS,5 MTS,12.96079975,77.64177687,0,0,0.0,0.0
Bengaluru City,Halasur Traffic PS,1.04432e+16,2016,1,1,Road Accidents,Narrow road,City/Town,At pedestrian Crossing,Human Error,Yes,Grievous Injury,Hit and Run,Uncontrolled,Straight and flat,City or Town Road,Bitumen(Tar),Dry,Not Applicable,Fine,KORAMANGALA INNER RING ROAD DOMMALURU BENGALORE560071,KEB POLE,10,12.95821554,77.64141357,0,0,0.0,0.0
Bengaluru City,Halasur Traffic PS,1.04432e+16,2016,1,2,Road Accidents,Narrow road,City/Town,Open area,Human Error,Yes,Grievous Injury,Hit and Run,Uncontrolled,Straight and flat,City or Town Road,Bitumen(Tar),Dry,Not Applicable,Fine,KORAMANGALA INNER RING ROAD NEAR AIRVIEW POINT JUNCTION DOMMALURU LY OUT BENGALORTE 560071,TREEE01,5 MTS,12.9548847,77.64133545,0,0,0.0,0.0
Bengaluru City,Halasur Traffic PS,1.04432e+16,2016,1,2,Road Accidents,Junction,City/Town,Near Bus stop,Human Error,No,Grievous Injury,Overturning,Controlled,Straight and flat,City or Town Road,Bitumen(Tar),Dry,Not Applicable,Fine,OLD AIRPORT ROAD DOMALURU SIGNAL JUNCTION BENGALORE 560008,POLE,1,12.96113393,77.63875615,0,0,0.0,0.0
Bengaluru City,Halasur Traffic PS,1.04432e+16,2016,1,2,Road Accidents,Narrow road,City/Town,Open area,Human Error,No,Fatal,Rear end,Uncontrolled,Straight and flat,City or Town Road,Bitumen(Tar),Dry,Not Applicable,Fine,KORAMANGALA INNER RING ROAD NEAR AIRVIEW JUNCTION DOMALURU LAY OUT BENGALORE 560071,1,1,12.94610797,77.64133545,0,0,0.0,0.0
Bengaluru City,Halasur Traffic PS,1.04432e+16,2016,1,2,Not Applicable,Narrow road,City/Town,Near office complex,Human Error,No,Damage Only,Not Applicable,Uncontrolled,Straight and flat,City or Town Road,Bitumen(Tar),Dry,Not Applicable,Fine,OLD AIRPORT ROAD NEAR OFFICE ACCOUNTS DOMMALURU BENGALORE 56007,KEB POLE,10,12.96540824,77.61800686,0,0,0.0,0.0
Bengaluru City,Halasur Traffic PS,1.04432e+16,2016,1,1,Not Applicable,Other,City/Town,Open area,Human Error,No,Grievous Injury,Others,Uncontrolled,Straight and flat,City or Town Road,Bitumen(Tar),Dry,Not Applicable,Fine,OLD AIRPORT ROAD AND C.B.ROAD JUNCTION HALASOORU BENGALORE 560008,POLEE,6,12.96710356,77.62257602,0,0,0.0,0.0
Bengaluru City,Halasur Traffic PS,1.04432e+16,2016,1,2,Road Accidents,Narrow road,City/Town,Near office complex,Human Error,No,Damage Only,Rear end,Uncontrolled,Straight and flat,City or Town Road,Bitumen(Tar),Dry,Not Applicable,Fine,DICKONSON ROAD NEAR WEBS JUNCTION HALASOORU BENGALORE 560008,POLE,5,12.97385485,77.61374308,0,0,0.0,0.0
Bengaluru City,Halasur Traffic PS,1.04432e+16,2016,1,2,Road Accidents,Narrow road,City/Town,Open area,Human Error,Yes,Grievous Injury,Hit and Run,Uncontrolled,Straight and flat,City or Town Road,Bitumen(Tar),Dry,Not Applicable,Fine,OLD AIR PORT ROAD NEAR COMMAND HOSPITAL HALASOSORU BENGALORE 560008.,POLE,12,12.96297001,77.62899233,0,0,0.0,0.0
Bengaluru City,Halasur Traffic PS,1.04432e+16,2016,1,1,Road Accidents,Curves,City/Town,Near Hospital,Human Error,No,Fatal,Others,Uncontrolled,Slight Curve,City or Town Road,Bitumen(Tar),Dry,Not Applicable,Fine,OLD AIRPORT ROAD NEAR ASC MAIN GATE JUNCTION HALASOORU BENGALORE 560008,EME GATE,15,12.96297001,77.62899233,0,0,0.0,0.0
Bengaluru City,Halasur Traffic PS,1.04432e+16,2016,1,2,Road Accidents,Curves,City/Town,Open area,Human Error,Yes,Damage Only,Hit and Run,Uncontrolled,Straight and flat,Two way,Bitumen(Tar),Dry,Not Applicable,Fine,OLD MADRAS ROAD NEAR MEG SAIL CLUB HALASOORU BENGALORE 560008,POLE,1,12.97904225,77.62106986,0,0,0.0,0.0
Bengaluru City,Halasur Traffic PS,1.04432e+16,2016,1,2,Road Accidents,Circle,City/Town,In bazaar,Human Error,Yes,Grievous Injury,Hit and Run,Controlled,Straight and flat,City or Town Road,Bitumen(Tar),Dry,Not Applicable,Fine,M.G.ROAD TRINITY CIRCLE INFRONT OF VIJAYA BANK ATM HALASOORU BEGALORE 08,1,1,12.97228871,77.61975869,0,0,0.0,0.0
Bengaluru City,Halasur Traffic PS,1.04432e+16,2016,1,2,Road Accidents,Narrow road,City/Town,Open area,Human Error,Yes,Simple Injury,Hit bicyclist,Uncontrolled,Straight and flat,Two way,Bitumen(Tar),Dry,Not Applicable,Fine,KENSINGTON ROAD HALASOOR NEAR GURUDWAR BENGALORE560008,KEB POLE,21,77.62281778,12.98387594,0,0,0.0,0.0
Bengaluru City,Halasur Traffic PS,1.04432e+16,2016,1,2,Road Accidents,Narrow road,City/Town,Near office complex,Human Error,No,Damage Only,Hit parked vehicle,Uncontrolled,Straight and flat,City or Town Road,Bitumen(Tar),Dry,Not Applicable,Fine,Kensingtan ovel road Halasoor,POLLEKEB,5,12.97517046,77.62016579,0,0,0.0,0.0
Bengaluru City,Halasur Traffic PS,1.04432e+16,2016,1,1,Road Accidents,Narrow road,City/Town,Near Hospital,Human Error,No,Grievous Injury,Others,Uncontrolled,Straight and flat,City or Town Road,Bitumen(Tar),Dry,Not Applicable,Fine,old airport road  near command hospital  halasooru bengalore 560008,1,1,12.96321387,77.62759394,0,0,0.0,0.0
Bengaluru City,Halasur Traffic PS,1.04432e+16,2016,1,2,Road Accidents,T Junction,City/Town,Near Bus stop,Human Error,No,Grievous Injury,Right Turn Collision,Controlled,Straight and flat,Two way,Bitumen(Tar),Dry,Not Applicable,Fine,OLD AIRPORT ROAD & R.M.ROAD JUNCTION HALASOORU BENGALORE 560008,SIGNAL POLE,1,12.97184923,77.61954797,0,0,0.0,0.0
Bengaluru City,Halasur Traffic PS,1.04432e+16,2016,1,1,Road Accidents,T Junction,City/Town,Near or inside a village,Human Error,Yes,Grievous Injury,Hit and Run,Uncontrolled,Straight and flat,City or Town Road,Bitumen(Tar),Dry,Not Applicable,Fine,NO5 NANDANAVANAM JOGUPALYA G STREET HALASOOR BENGALORE560008,HOUSE NO 5,6,12.97286215,77.62895058,0,0,0.0,0.0
Bengaluru City,Halasur Traffic PS,1.04432e+16,2016,1,2,Road Accidents,Narrow road,City/Town,Near office complex,Human Error,Yes,Grievous Injury,Hit and Run,Uncontrolled,Straight and flat,City or Town Road,Bitumen(Tar),Dry,Not Applicable,Fine,KORAMANGALA INNER RING ROAD DOMMALURU BENGALORE 560071,DELL MAIN GETE,18,12.9548847,77.64133545,0,0,0.0,0.0
Bengaluru City,Halasur Traffic PS,1.04432e+16,2016,1,2,Road Accidents,Narrow road,City/Town,Near Hospital,Human Error,No,Damage Only,Rear end,Uncontrolled,Curve,City or Town Road,Bitumen(Tar),Dry,Not Applicable,Fine,OLD AIRPORT ROAD INFRONT OF COMMAND HOSPITAL MAIN GATE HALASOORU BENGALORE 560008,COMMAND HOSPITAL,25,12.96482283,77.62594064,0,0,0.0,0.0
Bengaluru City,Halasur Traffic PS,1.04432e+16,2016,1,2,Road Accidents,Curves,City/Town,Near Hospital,Human Error,No,Fatal,Hit pedestrian,Uncontrolled,Straight and flat,City or Town Road,Bitumen(Tar),Dry,Not Applicable,Fine,OLD AIRPORT ROAD INFRONT OF ASC CENTER MAIN GATE BENGALORE560071,POLE,15,12.96321387,77.62759394,0,0,0.0,0.0
Bengaluru City,Halasur Traffic PS,1.04432e+16,2016,1,2,Rail Road Accidents,Narrow road,City/Town,Near Hospital,Human Error,No,Grievous Injury,Hit pedestrian,Uncontrolled,Straight and flat,City or Town Road,Bitumen(Tar),Dry,Not Applicable,Fine,R.M.ROAD INFRONT OF KSRP POLICE MAIN GATE AND BUNRON ROAD JUNCTION BENGALORE 560025,TREE,15,12.969107,77.61539489,0,0,0.0,0.0
Bengaluru City,Halasur Traffic PS,1.04432e+16,2016,1,2,Road Accidents,Narrow road,City/Town,Near office complex,Human Error,No,Grievous Injury,Rear end,Uncontrolled,Straight and flat,City or Town Road,Bitumen(Tar),Dry,Not Applicable,Fine,M.G.ROAD  NEAR WEBS JUNCTION  OPPOSIT INDUSLAND BANK HALASOORU BENGALORE 560008.,POLE,5,12.97385485,77.61374308,0,0,0.0,0.0
Bengaluru City,Halasur Traffic PS,1.04432e+16,2016,1,1,Road Accidents,Cross roads,City/Town,Near or inside a village,Human Error,Yes,Simple Injury,Hit bicyclist,Uncontrolled,Sharp Curve,Village Road,Concrete,Dry,Not Applicable,Fine,BOWI STREET NEXT TO YELLAMMAKOILSTREET HALASOORU BENGALORE,HOUSE NO 5,13,12.97523333,77.62315666,0,0,0.0,0.0
Bengaluru City,Halasur Traffic PS,1.04432e+16,2016,1,1,Road Accidents,Narrow road,City/Town,Open area,Human Error,No,Grievous Injury,Hit pedestrian,Uncontrolled,Straight and flat,City or Town Road,Bitumen(Tar),Dry,Not Applicable,Fine,OLD AIRPORT ROAD NEAR TRINITY CIRCLE BUS STOP HALASOORU BENGALORE560008,bus stop,1,12.96575046,77.61997922,0,0,0.0,0.0
Bengaluru City,Halasur Traffic PS,1.04432e+16,2016,1,2,Road Accidents,Narrow road,City/Town,Near Petrol Pump,Human Error,No,Simple Injury,Hit parked vehicle,Uncontrolled,Straight and flat,City or Town Road,Bitumen(Tar),Dry,Not Applicable,Fine,OLD AIRPORT ROAD NEAR DOMMALURU SIGNAL DOMMALURU BENGALORE 560071,POLE,10,12.96113393,77.63600234,0,0,0.0,0.0
Bengaluru City,Halasur Traffic PS,1.04432e+16,2016,1,2,Road Accidents,Narrow road,City/Town,Near Petrol Pump,Human Error,No,Fatal,Side swipe,Not at  Junction,Straight and flat,City or Town Road,Bitumen(Tar),Dry,Not Applicable,Fine,OLD MADRAS ROAD I/F RAJESH GAREGE HALASOOR BENGALORE 560008,KEB POLE,12,12.98183717,77.63147257,0,0,0.0,0.0
Bengaluru City,Halasur Traffic PS,1.04432e+16,2016,1,2,Road Accidents,T Junction,City/Town,Open area,Human Error,No,Grievous Injury,Rear end,Controlled,Straight and flat,Two way,Bitumen(Tar),Dry,Not Applicable,Fine,OLD AIRPORT ROAD ASC JUNCTION HALASOORU BENGALORE 560008,POLE1,0.2,12.96687139,77.62069321,0,0,0.0,0.0
Bengaluru City,Halasur Traffic PS,1.04432e+16,2017,1,2,Road Accidents,Curves,City/Town,Open area,Human Error,Yes,Simple Injury,Hit and Run,Uncontrolled,Curve,Arterial,Bitumen(Tar),Dry,Not Applicable,Fine,OLD AIRPORT ROAD NEAR COMMANDO HOSPITAL DOMALURU BENGALORE 560071,MILTRY COMPOUND,15,12.96297001,77.62899233,0,0,0.0,0.0
Bengaluru City,Halasur Traffic PS,1.04432e+16,2017,1,2,Road Accidents,Junction,City/Town,Near Bus stop,Human Error,No,Grievous Injury,Overturning,Controlled,Curve,City or Town Road,Bitumen(Tar),Dry,Not Applicable,Fine,BEGMA HALL JUNCTION HALASOOR BENGALORE 560008,ACCIDENT SPOT,4,12.97517046,77.62016579,0,0,0.0,0.0
Bengaluru City,Halasur Traffic PS,1.04432e+16,2017,1,2,Road Accidents,Cross roads,City/Town,Residential area,Human Error,Yes,Simple Injury,Head on,Not at  Junction,Curve,City or Town Road,Bitumen(Tar),Dry,Not Applicable,Fine,DOMLUR MAIN ROAD,KEB POLE,15,12.962359,77.637651,0,0,0.0,0.0
Bengaluru City,Halasur Traffic PS,1.04432e+16,2017,1,2,Road Accidents,Bridge,City/Town,Narrow bridge or culverts,Human Error,Yes,Grievous Injury,Hit and Run,Uncontrolled,Straight and flat,City or Town Road,Bitumen(Tar),Dry,Not Applicable,Fine,domaluru bridge fly over,light pole,5,12.961115,77.641783,0,0,0.0,0.0
Bengaluru City,Halasur Traffic PS,1.04432e+16,2017,1,2,Road Accidents,Circle,City/Town,Near office complex,Human Error,No,Simple Injury,Side impact or Right angle,Controlled,Not Applicable,City or Town Road,Bitumen(Tar),Dry,Not Applicable,Fine,Kamadhenu junctio,METRO PILLER,16,12.972707,77.620095,0,0,0.0,0.0
Bengaluru City,Halasur Traffic PS,1.04432e+16,2017,1,1,Road Accidents,Cross roads,City/Town,Open area,Human Error,No,Grievous Injury,Hit pedestrian,Not at  Junction,Others,City or Town Road,Bitumen(Tar),Dry,Not Applicable,Fine,"near Park,Double road,Indiranagara",house3166,19,12.968968,77.636052,0,0,0.0,0.0
Bengaluru City,Halasur Traffic PS,1.04432e+16,2017,1,1,Road Accidents,Cross roads,City/Town,Residential area,Human Error,Yes,Grievous Injury,Hit pedestrian,Not at  Junction,Others,Service Road,Bitumen(Tar),Others,Not Applicable,Fine,Halasuru Main channel road,TREE,13ft,0.0,0.0,0,1,0.0,1.0
Bengaluru City,Halasur Traffic PS,1.04432e+16,2017,1,2,Road Accidents,Junction,City/Town,Near office complex,Human Error,No,Simple Injury,Side swipe,Uncontrolled,Straight and flat,City or Town Road,Bitumen(Tar),Dry,Not Applicable,Fine,16TH CROSS AND C.M.H. ROAD JUNCTION INDIARANAGARA BENGALORE 560038,HOUSENO 47,10,12.971265,77.631409,0,0,0.0,0.0
Bengaluru City,Halasur Traffic PS,1.04432e+16,2017,1,2,Road Accidents,Junction,City/Town,Open area,Human Error,Yes,Grievous Injury,Hit and Run,Controlled,Curve,City or Town Road,Bitumen(Tar),Dry,Not Applicable,Fine,C B ROAD,TRAFFIC UMBRELLA,7FEET,12.965856,77.625369,0,0,0.0,0.0
Bengaluru City,Halasur Traffic PS,1.04432e+16,2017,1,1,Road Accidents,Narrow road,City/Town,Near office complex,Human Error,No,Fatal,Skidding or Self accident,Uncontrolled,Straight and flat,City or Town Road,Bitumen(Tar),Wet,Not Applicable,Fine,INDIRANAGARA 80 FEET ROAD INFRONT OF JARZ THANGAIAH COMPLEX BANGALORE 560038,POLE,18,12.980887,77.646181,0,3,0.0,3.0
Bengaluru City,Halasur Traffic PS,1.04432e+16,2017,1,2,Road Accidents,Junction,City/Town,Near office complex,Human Error,No,Grievous Injury,Others,Uncontrolled,Others,City or Town Road,Bitumen(Tar),Dry,Not Applicable,Fine,DOUBBLE ROAD AND 2ND MAIN ROAD JUNCTION,TREE,15,12.98116,77.637467,0,0,0.0,0.0
Bengaluru City,Halasur Traffic PS,1.04432e+16,2017,1,1,Road Accidents,Rail Crossing Unmanned,City/Town,At pedestrian Crossing,Human Error,No,Fatal,Hit pedestrian,Not at  Junction,Straight and flat,City or Town Road,Bitumen(Tar),Dry,Not Applicable,Not Applicable,SWAMY VIVEKAANAANDA ROAD HALASOOR METRO STATION BENGALORE 560008,KEB POLE,25ft,12.973278,77.622461,0,0,0.0,0.0
Bengaluru City,Halasur Traffic PS,1.04432e+16,2017,1,2,Road Accidents,Narrow road,City/Town,Near or inside a village,Human Error,Yes,Grievous Injury,Head on,Uncontrolled,Straight and flat,City or Town Road,Bitumen(Tar),Dry,Not Applicable,Fine,"KADRAYYANA PALYA MAIN ROAD NEAR GANESH TEMPLE ARALIKATTE INDIRANAGARA POST, BENGALORE 560038",TREE,12,12.987595,77.63554,0,0,0.0,0.0
Bengaluru City,Halasur Traffic PS,1.04432e+16,2017,1,2,Road Accidents,Narrow road,City/Town,Near office complex,Not Applicable,No,Damage Only,Rear end,Uncontrolled,Straight and flat,City or Town Road,Bitumen(Tar),Dry,Not Applicable,Fine,M.G.ROAD NEAR METRO STATION HALASOORU BENGALORE 560008,KEB POLE,1,12.97339311,77.61650664,0,0,0.0,0.0
Bengaluru City,Halasur Traffic PS,1.04432e+16,2017,1,2,Road Accidents,Narrow road,City/Town,Near office complex,Human Error,No,Grievous Injury,Rear end,Uncontrolled,Straight and flat,City or Town Road,Bitumen(Tar),Dry,Not Applicable,Fine,SERVICE ROAD INDIRANAGARA NEAR BDA COMPLEX BENGALORE 560038,DEPO BMTC BUS,5,12.5858,77.3809,0,0,0.0,0.0
Bengaluru City,Halasur Traffic PS,1.04432e+16,2017,1,3,Road Accidents,Narrow road,City/Town,Near office complex,Human Error,No,Damage Only,Rear end,Uncontrolled,Straight and flat,City or Town Road,Bitumen(Tar),Dry,Not Applicable,Fine,M.G.ROAD NEAR AXIES BANK HALASOOR BENGALORE 560008,METRO FILLER,10,12.5823,77.3559,0,0,0.0,0.0
Bengaluru City,Halasur Traffic PS,1.04432e+16,2017,1,1,Rail Road Accidents,Junction,City/Town,Near office complex,Human Error,No,Simple Injury,Hit pedestrian,Controlled,Straight and flat,Two way,Bitumen(Tar),Dry,Not Applicable,Fine,100 feet road and 12th main junction indiranagara bengalore 560038,ubrela,5,12.970223,77.641232,0,0,0.0,0.0
Bengaluru City,Halasur Traffic PS,1.04432e+16,2017,1,1,Road Accidents,Other,City/Town,Near office complex,Human Error,No,Damage Only,Hit fixed object,Not at  Junction,Others,City or Town Road,Bitumen(Tar),Dry,Not Applicable,Clear,CMH ROAD,ROAD SIDE SHOP,1,12.9780763,77.638077,0,0,0.0,0.0
Bengaluru City,Halasur Traffic PS,1.04432e+16,2017,1,2,Road Accidents,Narrow road,City/Town,Near office complex,Human Error,No,Damage Only,Rear end,Uncontrolled,Straight and flat,City or Town Road,Bitumen(Tar),Dry,Not Applicable,Fine,INDIRANAGARA 100 FEET ROAD BANGALORE 560038,ACCIDENT SPOT,39,0.0,0.0,0,0,0.0,0.0
Bengaluru City,Halasur Traffic PS,1.04432e+16,2017,1,2,Road Accidents,Cross roads,City/Town,Near office complex,Human Error,Yes,Damage Only,Hit and Run,Uncontrolled,Curve,City or Town Road,Bitumen(Tar),Dry,Not Applicable,Fine,GANGADHARA CHETTY ROAD NEAR GURUDWARA JUNCTION HALASOORU BENGALORE 560008,CIRCLE,1,12.97596834,77.62016544,0,0,0.0,0.0
Bengaluru City,Halasur Traffic PS,1.04432e+16,2017,1,2,Road Accidents,Junction,City/Town,Near office complex,Human Error,No,Fatal,Right Turn Collision,Uncontrolled,Straight and flat,City or Town Road,Bitumen(Tar),Dry,Not Applicable,Fine,13th main road and 100 feet road junction Indiranagara Bangalore 560038,BLCK BURRY CLOTH SHOP,5,12.96113393,77.63875615,0,0,0.0,0.0
Bengaluru City,Halasur Traffic PS,1.04432e+16,2017,1,1,Road Accidents,Narrow road,City/Town,Open area,Human Error,No,Grievous Injury,Others,Uncontrolled,Straight and flat,City or Town Road,Bitumen(Tar),Dry,Not Applicable,Fine,KORAMANGALA INNER RING ROAD NEAR EGL AND AIRVIEW POINT DOMALURU BENGALORE 560071,PLACE OF ACCIDENTS,1,12.951658,77.640065,0,0,0.0,0.0
Bengaluru City,Halasur Traffic PS,1.04432e+16,2017,1,2,Road Accidents,Cross roads,City/Town,Near office complex,Human Error,Yes,Grievous Injury,Hit and Run,Not at  Junction,Others,City or Town Road,Bitumen(Tar),Dry,No influence on accident,Fine,HALASURU MAIN ROAD,LIGHT POLE,12,12.975705,77.616402,0,0,0.0,0.0
Bengaluru City,Halasur Traffic PS,1.04432e+16,2017,1,2,Road Accidents,Other,City/Town,Open area,Human Error,Yes,Simple Injury,Hit and Run,Not at  Junction,Not Applicable,City or Town Road,Bitumen(Tar),Dry,Not Applicable,Fine,S.V.ROAD,LIGHT POLE,10ft,12.973931,77.623566,0,0,0.0,0.0
Bengaluru City,Halasur Traffic PS,1.04432e+16,2017,1,1,Road Accidents,T Junction,City/Town,Near office complex,Human Error,No,Grievous Injury,Hit pedestrian,Controlled,Straight and flat,City or Town Road,Bitumen(Tar),Dry,Not Applicable,Fine,OLD MADRAS ROAD AND 80 MFEET ROAD JUNCTION INDIRANAGARA BENGALORE 560038,KEB POLE,KEB PO,12.985598,77.645147,0,0,0.0,0.0
Bengaluru City,Halasur Traffic PS,1.04432e+16,2017,1,2,Road Accidents,Other,City/Town,Near Bus stop,Human Error,Yes,Grievous Injury,Rear end,Not at  Junction,Others,City or Town Road,Bitumen(Tar),Dry,Not Applicable,Fine,"Infront of IDBI BAnk,80 feet road",KEB POLE,28,12.97362,77.646874,0,0,0.0,0.0
Bengaluru City,Halasur Traffic PS,1.04432e+16,2017,1,2,Road Accidents,Narrow road,City/Town,Near office complex,Human Error,Yes,Damage Only,Hit and Run,Uncontrolled,Straight and flat,City or Town Road,Bitumen(Tar),Dry,Not Applicable,Fine,HALASOORU MAINR OAD BENHALORE 560008,POLE,1,12.97641391,77.61465932,0,0,0.0,0.0
Bengaluru City,Halasur Traffic PS,1.04432e+16,2017,1,2,Road Accidents,Narrow road,City/Town,Near office complex,Human Error,Yes,Grievous Injury,Hit and Run,Uncontrolled,Straight and flat,City or Town Road,Bitumen(Tar),Dry,Not Applicable,Fine,OLD AIRPORT ROAD NEAR TRINITY CHURCH CIRCLE HALASOORU BENGALORE560008,MAIN GATE MES,16,12.97228871,77.61975869,0,0,0.0,0.0
Bengaluru City,Halasur Traffic PS,1.04432e+16,2017,1,2,Road Accidents,Narrow road,City/Town,Near office complex,Human Error,Yes,Simple Injury,Hit and Run,Uncontrolled,Straight and flat,City or Town Road,Concrete,Dry,Not Applicable,Fine,CMH ROAD AND 100 FEET ROAD JUNCTION INDIRANAGARA BENGALORE 560038,THE MOBILE SHOP,50,12.976575,77.640418,0,0,0.0,0.0
Bengaluru City,Halasur Traffic PS,1.04432e+16,2017,1,1,Road Accidents,Rail Crossing manned,City/Town,At pedestrian Crossing,Not Applicable,No,Grievous Injury,Others,Controlled,Not Applicable,City or Town Road,Bitumen(Tar),Dry,Not Applicable,Fine,"KADRAYYANA PALYA MAIN ROAD NEAR GANESH TEMPLE ARALIKATTE INDIRANAGARA POST, BENGALORE 560038",0,1,12.986373,77.63585,0,0,0.0,0.0
Bengaluru City,Halasur Traffic PS,1.04432e+16,2017,1,1,Road Accidents,Junction,City/Town,Near Hospital,Human Error,No,Grievous Injury,Others,Controlled,Others,Others,Bitumen(Tar),Dry,Not Applicable,Clear,80 feet road,X,3.5 KM,12.976633,77.646681,0,0,0.0,0.0