DISTRICTNAME,UNITNAME,Crime_No,Year,RI,Noofvehicle_involved,Accident_Classification,Accident_Spot,Accident_Location,Accident_SubLocation,Main_Cause,Hit_Run,Severity,Collision_Type,Junction_Control,Road_Character,Road_Type,Surface_Type,Surface_Condition,Road_Condition,Weather,Accident_Road,Landmark_first,Distance_LandMark_First,Latitude,Longitude,Road_Condition_Score,Surface_Condition_Score,Surface_Type_Score,Road_Risk_Index
Bengaluru City,Halasur Traffic PS,1.04432e+16,2017,1,2,Road Accidents,Cross roads,City/Town,Near office complex,Human Error,No,Simple Injury,Side swipe,Not at  Junction,Not Applicable,City or Town Road,Bitumen(Tar),Dry,Not Applicable,Fine,"DOUBLE ROAD,INDIRANAGARA",TREEE01,7FEET,12.98116,77.637467,0,0,0.0,0.0
Bengaluru City,Halasur Traffic PS,1.04432e+16,2017,1,2,Road Accidents,Circle,City/Town,Open area,Human Error,No,Grievous Injury,Side impact or Right angle,Controlled,Curve,City or Town Road,Bitumen(Tar),Not Applicable,Not Applicable,Fine,"Trinity junction,M G Road",TRAFFIC UMBRELLA,55ft,12.972806,77.620058,0,0,0.0,0.0
Bengaluru City,Halasur Traffic PS,1.04432e+16,2017,1,1,Road Accidents,Narrow road,City/Town,Residential area,Human Error,No,Fatal,Hit pedestrian,Uncontrolled,Straight and flat,City or Town Road,Bitumen(Tar),Dry,Not Applicable,Fine,"19TH CROSS,CMH ROAD LAKSHMIPURA HALASOOR BANGALORE 560008",METRO POLE,12,12.978392,77.6303,0,0,0.0,0.0
Bengaluru City,Halasur Traffic PS,1.04432e+16,2017,1,2,Road Accidents,Narrow road,City/Town,Near or inside a village,Human Error,Yes,Damage Only,Hit and Run,Uncontrolled,Straight and flat,City or Town Road,Bitumen(Tar),Dry,Not Applicable,Fine,6TH MAIN AMARJYOTHI LAY OUT DOMALURU BENGALORE 560071,NO441,20,12.953765,77.639737,0,0,0.0,0.0
Bengaluru City,Halasur Traffic PS,1.04432e+16,2017,1,2,Road Accidents,T Junction,City/Town,Near office complex,Human Error,Yes,Grievous Injury,Head on,Uncontrolled,Straight and flat,City or Town Road,Bitumen(Tar),Dry,Not Applicable,Fine,100 FEET AND 6TH MAIN JUNCTION INDIRANAGARA BENGALORE,TREE,10,12.973532,77.641388,0,0,0.0,0.0
Bengaluru City,Halasur Traffic PS,1.04432e+16,2017,1,2,Road Accidents,Cross roads,City/Town,Near office complex,Human Error,No,Grievous Injury,Side swipe,Uncontrolled,Curve,City or Town Road,Bitumen(Tar),Others,Not Applicable,Others,100 FEET ROAD INDIRANAGARA,TREE,23F,12.968348,77.640371,0,1,0.0,1.0
Bengaluru City,Halasur Traffic PS,1.04432e+16,2017,1,3,Road Accidents,Other,City/Town,Open area,Human Error,No,Damage Only,Hit parked vehicle,Not at  Junction,Others,City or Town Road,Bitumen(Tar),Dry,Not Applicable,Fine,"OLD AIRPORT ROAD,NEAR C B ROAD JUNCTION",LIGHT POLE,32,0.0,0.0,0,0,0.0,0.0
Bengaluru City,Halasur Traffic PS,1.04432e+16,2017,1,2,Road Accidents,Cross roads,City/Town,Open area,Human Error,Yes,Damage Only,Hit and Run,Not at  Junction,Not Applicable,City or Town Road,Bitumen(Tar),Dry,Not Applicable,Fine,"DOUBLE ROAD,INDIRANAGARA",KEB POLE,9FT,12.97336,77.635936,0,0,0.0,0.0
Bengaluru City,Halasur Traffic PS,1.04432e+16,2017,1,2,Road Accidents,Cross roads,City/Town,Residential area,Human Error,No,Simple Injury,Side swipe,Not at  Junction,Others,City or Town Road,Bitumen(Tar),Dry,Not Applicable,Fine,AMMABAHAGAVAN SEWA MANDIR,KEB POLE,35FT,12.963617,77.638403,0,0,0.0,0.0
Bengaluru City,Halasur Traffic PS,1.04432e+16,2017,1,2,Road Accidents,T Junction,City/Town,Residential area,Human Error,Yes,Simple Injury,Head on,Uncontrolled,Straight and flat,City or Town Road,Bitumen(Tar),Dry,Not Applicable,Fine,12TH MAIN ROAD AND YOGANANDA PARAMHAMSA MAIN ROAD JUNCTION INDIRANAGARA BENGALORE 560038,ILAND,18,12.969535,77.636302,0,0,0.0,0.0
Bengaluru City,Halasur Traffic PS,1.04432e+16,2017,1,2,Road Accidents,Junction,City/Town,Open area,Human Error,Yes,Grievous Injury,Hit and Run,Controlled,Sharp Curve,City or Town Road,Bitumen(Tar),Dry,Not Applicable,Others,80FEET ROAD & C M H JUN,HIGH MASS LIGHT,23F,12.978538,77.646609,0,0,0.0,0.0
Bengaluru City,Halasur Traffic PS,1.04432e+16,2017,1,1,Road Accidents,Round about or Circle,City/Town,Open area,Human Error,Yes,Simple Injury,Hit pedestrian,Controlled,Others,City or Town Road,Bitumen(Tar),Dry,Not Applicable,Fine,"K F C Junction,Indiranagara",TREEE01,22ft,12.978309,77.640653,0,0,0.0,0.0
Bengaluru City,Halasur Traffic PS,1.04432e+16,2017,1,1,Road Accidents,Cross roads,City/Town,Near Bus stop,Human Error,Yes,Grievous Injury,Hit and Run,Uncontrolled,Straight and flat,City or Town Road,Bitumen(Tar),Dry,Not Applicable,Fine,OLD AIRPORT ROAD NEAR ARALIKATTE JUNCTION DOMALURU BENGALORE 560071,TREE,1,12.96113393,77.63600234,0,0,0.0,0.0
Bengaluru City,Halasur Traffic PS,1.04432e+16,2017,1,2,Road Accidents,Narrow road,City/Town,Near office complex,Human Error,No,Simple Injury,Right Turn Collision,Uncontrolled,Straight and flat,City or Town Road,Bitumen(Tar),Dry,Not Applicable,Fine,S.V.ROAD NEAR 1 MG MALL HALASOORU BENGALORE 560008,POLE,1,12.96827652,77.62667938,0,0,0.0,0.0
Bengaluru City,Halasur Traffic PS,1.04432e+16,2017,1,2,Road Accidents,Y Junction,City/Town,Near or inside a village,Human Error,No,Simple Injury,Head on,Uncontrolled,Straight and flat,City or Town Road,Bitumen(Tar),Dry,Not Applicable,Fine,DOMALURU LAY OUT 2ND MAIN AND 7TH CROSS JUNCTION,TRAFFIC BLIMKER POLE,12,12.95959388,77.64147833,0,0,0.0,0.0
Bengaluru City,Halasur Traffic PS,1.04432e+16,2017,1,2,Road Accidents,Junction,City/Town,Near Hospital,Human Error,No,Grievous Injury,Head on,Signals (Working),Straight and flat,City or Town Road,Bitumen(Tar),Dry,Not Applicable,Fine,HOSMATH HOSPITAL & R.M.ROAD JUNCTION HALASOOR BENGALORE 560008,TREE,10,12.968405,776.14339,0,0,0.0,0.0
Bengaluru City,Halasur Traffic PS,1.04432e+16,2017,1,1,Road Accidents,Curves,City/Town,Near Bus stop,Human Error,Yes,Simple Injury,Hit pedestrian,Controlled,Curve,City or Town Road,Bitumen(Tar),Dry,Not Applicable,Fine,100 FEET ROAD BINNAMANGALA  INDIRANAGARA BENGALORE 560038,METRO PILLER,3F,12.983846,77.640797,0,0,0.0,0.0
Bengaluru City,Halasur Traffic PS,1.04432e+16,2017,1,1,Road Accidents,Curves,City/Town,Near office complex,Human Error,No,Damage Only,Skidding or Self accident,Controlled,Curve,City or Town Road,Bitumen(Tar),Dry,Not Applicable,Fine,MG ROAD TRINITY CIRCLE,GATE,5,12.97228871,77.61975869,0,0,0.0,0.0
Bengaluru City,Halasur Traffic PS,1.04432e+16,2017,1,1,Road Accidents,Cross roads,City/Town,Residential area,Not Applicable,Yes,Damage Only,Others,No signal lights,Others,City or Town Road,Bitumen(Tar),Dry,Not Applicable,Clear,80 feet road,0,1,12.975956,77.646751,0,0,0.0,0.0
Bengaluru City,Halasur Traffic PS,1.04432e+16,2017,1,2,Road Accidents,Other,City/Town,Open area,Human Error,No,Simple Injury,Side impact or Right angle,Not at  Junction,Others,City or Town Road,Bitumen(Tar),Dry,Not Applicable,Fine,Inner ring Road,LIGHT POLE,25,12.959115,77.64173,0,0,0.0,0.0
Bengaluru City,Halasur Traffic PS,1.04432e+16,2017,1,2,Road Accidents,Narrow road,City/Town,Near office complex,Human Error,Yes,Grievous Injury,Hit and Run,Uncontrolled,Straight and flat,City or Town Road,Bitumen(Tar),Dry,Not Applicable,Fine,OLD MADRAS ROAD INFRONT OF BDA COMPLEX INDIRANAGARA BENGALORE 560038,KEB POLE,58,12.982592,77.636531,0,0,0.0,0.0
Bengaluru City,Halasur Traffic PS,1.04432e+16,2017,1,2,Road Accidents,Junction,City/Town,Near Hospital,Human Error,Yes,Simple Injury,Hit and Run,Controlled,Straight and flat,City or Town Road,Bitumen(Tar),Dry,Not Applicable,Fine,OLD MADARAS ROAD AND 80 FEET ROAD JUNCTION INDIRANAGARA BANGALORE 560038,UBMREL,15,12.985612,77.645033,0,0,0.0,0.0
Bengaluru City,Halasur Traffic PS,1.04432e+16,2017,1,3,Road Accidents,Junction,City/Town,Near Bus stop,Human Error,No,Damage Only,Hit parked vehicle,No signal lights,Sharp Curve,City or Town Road,Bitumen(Tar),Dry,Not Applicable,Fine,OLD AIR PORT ROAD  NEAR COMMAND HOSPITAL,TREEE01,20,12.961373,77.635902,0,0,0.0,0.0
Bengaluru City,Halasur Traffic PS,1.04432e+16,2017,1,1,Road Accidents,Narrow road,City/Town,Open area,Human Error,No,Fatal,Hit pedestrian,Uncontrolled,Straight and flat,City or Town Road,Bitumen(Tar),Not Applicable,Not Applicable,Fine,OLD AIRPORT ROAD HALASOOR BENGALORE 560008,NOPARKIN BOARD,41,12.966024,77.62512,0,0,0.0,0.0
Bengaluru City,Halasur Traffic PS,1.04432e+16,2017,1,1,Road Accidents,Narrow road,City/Town,Near office complex,Human Error,Yes,Simple Injury,Hit pedestrian,Uncontrolled,Straight and flat,City or Town Road,Bitumen(Tar),Dry,Not Applicable,Fine,OLD MADRAS ROAD OPPSIT PHILIPS BULDING HALASOOR BENGALORE 560008,KEB POLE,10,12.98287026,77.62524913,0,0,0.0,0.0
Bengaluru City,Halasur Traffic PS,1.04432e+16,2017,1,1,Road Accidents,Narrow road,City/Town,Near Bus stop,Human Error,No,Fatal,Hit pedestrian,Uncontrolled,Straight and flat,City or Town Road,Bitumen(Tar),Dry,Not Applicable,Others,Old air port road near domaluru water tank junction opposite vinayaka yamahashowroom Bangalore 71,tree,18,12.96113393,77.63875615,0,0,0.0,0.0
Bengaluru City,Halasur Traffic PS,1.04432e+16,2017,1,1,Road Accidents,Junction,City/Town,Near office complex,Human Error,No,Fatal,Hit fixed object,Uncontrolled,Straight and flat,City or Town Road,Bitumen(Tar),Dry,Not Applicable,Fine,100 FEET & 13TH MAIN ROAD JUNCTION INDIRANAGARA BANGALORE 560038,TREE,1,12.968197,77.968197,0,0,0.0,0.0
Bengaluru City,Halasur Traffic PS,1.04432e+16,2017,1,1,Road Accidents,Narrow road,City/Town,Near Petrol Pump,Human Error,No,Grievous Injury,Hit pedestrian,Uncontrolled,Straight and flat,City or Town Road,Bitumen(Tar),Dry,Not Applicable,Fine,100 FEET ROAD BINNAMANGALA  INDIRANAGARA BENGALORE 560038,METRO PILLER,29,12.982669,77.642082,0,0,0.0,0.0
Bengaluru City,Halasur Traffic PS,1.04432e+16,2017,1,1,Road Accidents,Other,City/Town,Open area,Human Error,Yes,Simple Injury,Hit pedestrian,Not at  Junction,Others,City or Town Road,Bitumen(Tar),Dry,Not Applicable,Fine,NEAR BHAGINI HOTEL DOMLURU,HOUSE NO173,45 FEE,12.965157,77.638407,0,0,0.0,0.0
Bengaluru City,Halasur Traffic PS,1.04432e+16,2017,1,2,Road Accidents,Narrow road,City/Town,Near office complex,Human Error,Yes,Simple Injury,Rear end,Not at  Junction,Others,City or Town Road,Bitumen(Tar),Dry,Not Applicable,Fine,"C M H Road,Indiranagara",Hospiatl,30ft,12.978171,77.637089,0,0,0.0,0.0
Bengaluru City,Halasur Traffic PS,1.04432e+16,2017,1,2,Road Accidents,Junction,City/Town,Open area,Human Error,Yes,Grievous Injury,Hit and Run,Uncontrolled,Straight and flat,City or Town Road,Bitumen(Tar),Dry,Not Applicable,Others,OLD MADRAS ROAD ANF KALPALLI JUNCTION INDIRANAGARA BENGALORE 560038,KEB POLE,25,12.984709,77.642802,0,0,0.0,0.0
Bengaluru City,Halasur Traffic PS,1.04432e+16,2017,1,2,Road Accidents,Junction,City/Town,Near or inside a village,Human Error,Yes,Damage Only,Hit and Run,Uncontrolled,Straight and flat,City or Town Road,Bitumen(Tar),Dry,Not Applicable,Fine,C.B.ROAD. INFRONT OF ST.MEERA SCHOOOL HALASOOR BENGALORE,KEB POLE,9,12.968412,77.628987,0,0,0.0,0.0
Bengaluru City,Halasur Traffic PS,1.04432e+16,2017,1,2,Road Accidents,Narrow road,City/Town,Open area,Human Error,No,Simple Injury,Rear end,Uncontrolled,Straight and flat,City or Town Road,Bitumen(Tar),Dry,Not Applicable,Fine,OLD AIRPORT ROAD NEAR DOMALUR BRIDGE BENGALORE 560071,ACCIDENT SPOT,15,12.96079975,77.64177687,0,0,0.0,0.0
Bengaluru City,Halasur Traffic PS,1.04432e+16,2017,1,2,Road Accidents,Junction,City/Town,Near Hospital,Human Error,No,Simple Injury,Rear end,Controlled,Straight and flat,City or Town Road,Bitumen(Tar),Dry,Not Applicable,Fine,HOSMATH HOSPITAL JUNCTION RM ROAD BENGALORE 560025,TREE,10,12.968291,77.614943,0,0,0.0,0.0
Bengaluru City,Halasur Traffic PS,1.04432e+16,2017,1,1,Road Accidents,Narrow road,City/Town,Near School or College,Human Error,No,Fatal,Others,Uncontrolled,Straight and flat,City or Town Road,Bitumen(Tar),Not Applicable,Not Applicable,Fine,C.B.ROAD NEAR ST MEERA SCHOOL. HALASOOR BENGALORE 560008,ACCIDENT SPOT,5,12.96861379,77.62894235,0,0,0.0,0.0
Bengaluru City,Halasur Traffic PS,1.04432e+16,2017,1,1,Road Accidents,Other,Not Applicable,Open area,Human Error,No,Simple Injury,Hit pedestrian,Controlled,Straight and flat,City or Town Road,Bitumen(Tar),Dry,Not Applicable,Fine,OLD MADRAS ROAD,KEB POLE,44FEET,12.981988,77.625941,0,0,0.0,0.0
Bengaluru City,Halasur Traffic PS,1.04432e+16,2017,1,2,Road Accidents,Other,City/Town,Near office complex,Human Error,No,Fatal,Rear end,Controlled,Others,City or Town Road,Bitumen(Tar),Dry,Not Applicable,Fine,SWAMY VIVEKANANDA ROAD OLD MADRAS ROAD,LIGHT POLE,9FT,12.982727,77.637059,0,0,0.0,0.0
Bengaluru City,Halasur Traffic PS,1.04432e+16,2017,1,2,Road Accidents,Junction,City/Town,Near office complex,Human Error,Yes,Simple Injury,Hit and Run,Uncontrolled,Straight and flat,City or Town Road,Bitumen(Tar),Dry,Not Applicable,Fine,11TH MAIN AND DOUBBLE ROAD JUNCTION INDIRANAGARA BENGALORE 560038,KEB POLE,20,12.970384,77.635998,0,0,0.0,0.0
Bengaluru City,Halasur Traffic PS,1.04432e+16,2017,1,2,Road Accidents,Curves,City/Town,Open area,Human Error,Yes,Damage Only,Hit and Run,Not at  Junction,Curve,City or Town Road,Bitumen(Tar),Dry,Not Applicable,Fine,OLD AIRPORT ROAD,TREE,20FT,12.965679,77.619829,0,0,0.0,0.0
Bengaluru City,Halasur Traffic PS,1.04432e+16,2018,1,2,Road Accidents,Narrow road,City/Town,Near or inside a village,Human Error,Yes,Grievous Injury,Hit and Run,No signal lights,Straight and flat,City or Town Road,Bitumen(Tar),Dry,Not Applicable,Fine,DOMALURU SHANKARNAG ROAD OPP LOUTS ANAGA APPARTMENT BANGALORE 560071,KEB POLE,14,12.96183,77.63733,0,0,0.0,0.0
Bengaluru City,Halasur Traffic PS,1.04432e+16,2018,1,3,Road Accidents,T Junction,City/Town,Near office complex,Human Error,No,Damage Only,Head on,Uncontrolled,Straight and flat,City or Town Road,Bitumen(Tar),Dry,Not Applicable,Fine,GANGHADARA CHETTY ROAD  HALASOOR BANGALORE 560008,TREE,12,12.979076,77.618334,0,0,0.0,0.0
Bengaluru City,Halasur Traffic PS,1.04432e+16,2018,1,1,Road Accidents,Narrow road,City/Town,Near Bus stop,Human Error,Yes,Fatal,Hit and Run,Uncontrolled,Straight and flat,City or Town Road,Bitumen(Tar),Dry,Not Applicable,Fine,OLD MADRAS ROAD  OPPSIT 6TH BMTC DEPO INDIRANAGARA BANGALORE 560038,KEB POLE,35,12.982549,77.634792,0,0,0.0,0.0
Bengaluru City,Halasur Traffic PS,1.04432e+16,2018,1,3,Road Accidents,Junction,City/Town,Near office complex,Human Error,No,Fatal,Rear end,Controlled,Straight and flat,City or Town Road,Bitumen(Tar),Dry,Not Applicable,Fine,BEGAM MALL JUNCTION HALASOOR BANGALORE 560008,ACCIDENT SPOT,5,12.974688,77.620047,0,0,0.0,0.0
Bengaluru City,Halasur Traffic PS,1.04432e+16,2018,1,1,Road Accidents,Cross roads,City/Town,Near a religious place,Human Error,No,Simple Injury,Hit pedestrian,Not at  Junction,Others,City or Town Road,Bitumen(Tar),Dry,Not Applicable,Fine,domluru layout,keb,20,12.959739,77.63616,0,0,0.0,0.0
Bengaluru City,Halasur Traffic PS,1.04432e+16,2018,1,2,Road Accidents,Narrow road,City/Town,Near office complex,Human Error,Yes,Simple Injury,Hit and Run,Uncontrolled,Straight and flat,City or Town Road,Bitumen(Tar),Dry,Not Applicable,Fine,CMH ROAD INDIRANAGARA,KEB POLE,15,12.978444,77.644851,0,0,0.0,0.0
Bengaluru City,Halasur Traffic PS,1.04432e+16,2018,1,2,Road Accidents,Junction,City/Town,Near Petrol Pump,Human Error,Yes,Grievous Injury,Hit and Run,Controlled,Straight and flat,City or Town Road,Bitumen(Tar),Dry,Not Applicable,Fine,OM ROAD AND DOUBBLE ROAD JUNCTION INDIRANAGARA BANGALORE 560038,ACCIDENT SPOT,19,12.982596,77.637502,0,0,0.0,0.0
Bengaluru City,Halasur Traffic PS,1.04432e+16,2018,1,2,Road Accidents,Junction,City/Town,Near office complex,Human Error,No,Damage Only,Rear end,Controlled,Straight and flat,City or Town Road,Bitumen(Tar),Dry,Not Applicable,Fine,"S.V.ROAD, NEAR RAMAIH CIRCLE HALASOOR BANGALORE 560008",METRO FILLER,25,12.974987,77.625447,0,0,0.0,0.0
Bengaluru City,Halasur Traffic PS,1.04432e+16,2018,1,2,Road Accidents,Other,City/Town,Near office complex,Human Error,Yes,Simple Injury,Hit and Run,Not at  Junction,Others,City or Town Road,Bitumen(Tar),Dry,Not Applicable,Fine,100 FEET ROAD INDIRANAGARA,BOARD,18FT,12.961694,77.641659,0,0,0.0,0.0
Bengaluru City,Halasur Traffic PS,1.04432e+16,2018,1,1,Road Accidents,Narrow road,City/Town,Residential area,Human Error,No,Grievous Injury,Hit pedestrian,Uncontrolled,Straight and flat,City or Town Road,Bitumen(Tar),Dry,Not Applicable,Fine,HAUDIN ROAD INFRONT OF LIC QTRS HALASOOR BANGALORE 560008,keb transformer pole,26,12.975396,77.618549,0,0,0.0,0.0
Bengaluru City,Halasur Traffic PS,1.04432e+16,2018,1,1,Road Accidents,Junction,City/Town,Open area,Human Error,Yes,Fatal,Hit pedestrian,Signal lights Not working,Others,City or Town Road,Bitumen(Tar),Others,Not Applicable,Fine,"S V Road,Adarsha Junction",SIGNAL POLE,25ft,12.978496,77.628872,0,1,0.0,1.0
Bengaluru City,Halasur Traffic PS,1.04432e+16,2018,1,2,Road Accidents,Junction,City/Town,Open area,Human Error,No,Simple Injury,Side impact or Right angle,Signal lights Automatic,Others,City or Town Road,Bitumen(Tar),Dry,Not Applicable,Fine,"O M Road and 8o feet raod junctin,Indiranagara",SIGNAL POLE,38,12.985778,77.645034,0,0,0.0,0.0
Bengaluru City,Halasur Traffic PS,1.04432e+16,2018,1,2,Road Accidents,Narrow road,City/Town,Near office complex,Human Error,No,Grievous Injury,Rear end,Uncontrolled,Straight and flat,City or Town Road,Bitumen(Tar),Others,Not Applicable,Fine,koramangala inner ring road domaluru lay out Bangalore 560071,keb pole,13,12.954551,77.641271,0,1,0.0,1.0
Bengaluru City,Halasur Traffic PS,1.04432e+16,2018,1,2,Road Accidents,Junction,City/Town,Open area,Human Error,No,Simple Injury,Hit pedestrian,No signal lights,Others,City or Town Road,Bitumen(Tar),Dry,Not Applicable,Fine,4th main & 10th Main junction,KEB POLE,8ft,12.977274,77.639036,0,0,0.0,0.0
Bengaluru City,Halasur Traffic PS,1.04432e+16,2018,1,1,Road Accidents,Narrow road,City/Town,Near office complex,Human Error,Yes,Simple Injury,Hit and Run,Uncontrolled,Straight and flat,City or Town Road,Bitumen(Tar),Dry,Not Applicable,Fine,OM ROAD INDIRANAGARA BANGALORE 560038,POLE,15,12.982549,77.634792,0,0,0.0,0.0
Bengaluru City,Halasur Traffic PS,1.04432e+16,2018,1,2,Road Accidents,Other,City/Town,Open area,Human Error,Yes,Damage Only,Hit and Run,Not at  Junction,Others,City or Town Road,Bitumen(Tar),Dry,Not Applicable,Fine,Old Airport Road,TREEE01,8ft,12.961576,77.634579,0,0,0.0,0.0
Bengaluru City,Halasur Traffic PS,1.04432e+16,2018,1,1,Road Accidents,Narrow road,City/Town,Near office complex,Human Error,No,Simple Injury,Hit pedestrian,Uncontrolled,Not Applicable,City or Town Road,Bitumen(Tar),Dry,Not Applicable,Fine,S.V.ROAD.HALASOOR METRO STATION BANGALORE,POLE,15,12.976468,77.626825,0,0,0.0,0.0
Bengaluru City,Halasur Traffic PS,1.04432e+16,2018,1,1,Road Accidents,Narrow road,City/Town,Near Petrol Pump,Human Error,No,Fatal,Hit pedestrian,Uncontrolled,Straight and flat,City or Town Road,Bitumen(Tar),Dry,Not Applicable,Fine,100 feet road indiranagara Bangalore 560038,PILLER NO 50,10,12.979928,77.640738,0,0,0.0,0.0
Bengaluru City,Halasur Traffic PS,1.04432e+16,2018,1,2,Road Accidents,Junction,City/Town,Near office complex,Human Error,No,Grievous Injury,Others,Uncontrolled,Straight and flat,City or Town Road,Bitumen(Tar),Dry,Not Applicable,Fine,CMH ROAD 11TH CROSS JUNCTION HALASOOR BANGALORE 560038,POLE,10,12.978314,77.62979,0,0,0.0,0.0
Bengaluru City,Halasur Traffic PS,1.04432e+16,2018,1,1,Road Accidents,Junction,City/Town,Open area,Human Error,No,Grievous Injury,Hit pedestrian,No signal lights,Others,City or Town Road,Bitumen(Tar),Dry,Not Applicable,Fine,Old airport road,KEB POLE,35,12.961554,77.635786,0,0,0.0,0.0
Bengaluru City,Halasur Traffic PS,1.04432e+16,2018,1,2,Road Accidents,Narrow road,City/Town,Near office complex,Human Error,Yes,Damage Only,Hit and Run,Uncontrolled,Straight and flat,City or Town Road,Bitumen(Tar),Dry,Not Applicable,Fine,100 FEET ROAD INDIRANAGARA,KEB POLE,5,12.960647,77.641562,0,0,0.0,0.0
Bengaluru City,Halasur Traffic PS,1.04432e+16,2018,1,2,Road Accidents,Narrow road,City/Town,Near office complex,Human Error,Yes,Grievous Injury,Hit and Run,Uncontrolled,Straight and flat,City or Town Road,Bitumen(Tar),Dry,Not Applicable,Fine,100 FEET ROAD  INFRONT OF GIRIYAS E LECTONIC SHOP INDIRANAGARA BANGALORE 560038,KEB POLE,12,12.974095,77.641075,0,0,0.0,0.0
Bengaluru City,Halasur Traffic PS,1.04432e+16,2018,1,1,Not Applicable,Not Applicable,City/Town,Open area,Human Error,No,Grievous Injury,Hit pedestrian,Not at  Junction,Not Applicable,City or Town Road,Bitumen(Tar),Dry,Not Applicable,Fine,M G ROAD,Citi Bank,28,12.973369,77.615687,0,0,0.0,0.0
Bengaluru City,Halasur Traffic PS,1.04432e+16,2018,1,1,Road Accidents,Other,City/Town,Open area,Human Error,No,Grievous Injury,Hit pedestrian,Not at  Junction,Curve,City or Town Road,Bitumen(Tar),Dry,Not Applicable,Fine,OLD AIR PORT ROAD  NEAR COMMAND HOSPITAL,tree,15ft,2.962743,77.627162,0,0,0.0,0.0
Bengaluru City,Halasur Traffic PS,1.04432e+16,2018,1,2,Road Accidents,Narrow road,City/Town,Near a recreation place/cinema,Human Error,Yes,Grievous Injury,Hit and Run,Uncontrolled,Straight and flat,City or Town Road,Bitumen(Tar),Dry,Not Applicable,Fine,KENSINGTON MAIN ROAD I/F OF SWIMMINGFOOL,KEB POLE,30,12.984692,77.62253,0,0,0.0,0.0
Bengaluru City,Halasur Traffic PS,1.04432e+16,2018,1,3,Road Accidents,Narrow road,City/Town,Near office complex,Human Error,No,Damage Only,Rear end,Uncontrolled,Straight and flat,City or Town Road,Bitumen(Tar),Dry,Not Applicable,Fine,KORAMANGALA INNER RING ROAD DOMALURU BANGALORE 560071,KEB POLE,10,12.952428,77.639977,0,0,0.0,0.0
Bengaluru City,Halasur Traffic PS,1.04432e+16,2018,1,2,Road Accidents,Junction,City/Town,Open area,Human Error,No,Damage Only,Side impact or Right angle,Signal lights Automatic,Incline,City or Town Road,Bitumen(Tar),Dry,Not Applicable,Fine,Gurudvara Junction,SIGNAL POLE,25,12.975977,77.62023,0,0,0.0,0.0
Bengaluru City,Halasur Traffic PS,1.04432e+16,2018,1,2,Road Accidents,Junction,City/Town,Near office complex,Human Error,Yes,Damage Only,Hit and Run,Controlled,Straight and flat,City or Town Road,Bitumen(Tar),Dry,Not Applicable,Fine,RAMAIAH CICRCLE HALASOOR BENGALORE 560008,SIGNAL POLE,14,12.975066,77.625292,0,0,0.0,0.0
Bengaluru City,Halasur Traffic PS,1.04432e+16,2018,1,2,Road Accidents,Circle,City/Town,Open area,Human Error,No,Simple Injury,Side swipe,Not at  Junction,Curve,City or Town Road,Bitumen(Tar),Dry,Not Applicable,Fine,"Gangadhar  hetty road,near tiruvalluvar statue",KEB POLE,30feet,12.981313,77.615713,0,0,0.0,0.0
Bengaluru City,Halasur Traffic PS,1.04432e+16,2018,1,1,Road Accidents,Cross roads,City/Town,Near Hospital,Human Error,No,Fatal,Skidding or Self accident,Uncontrolled,Slight Curve,City or Town Road,Bitumen(Tar),Dry,Not Applicable,Fine,CB ROAD NEAR COMMOND HOSPITAL HALASOOR BANGALORE 05,LEGTH POLE,15,12.965492,77.626281,0,0,0.0,0.0
Bengaluru City,Halasur Traffic PS,1.04432e+16,2018,1,2,Road Accidents,Junction,City/Town,Open area,Human Error,Yes,Grievous Injury,Rear end,Controlled,Others,City or Town Road,Bitumen(Tar),Dry,Not Applicable,Fine,"K F C Junction ,Indiranagara",tree,11ft,12.978344,77.640903,0,0,0.0,0.0
Bengaluru City,Halasur Traffic PS,1.04432e+16,2018,1,1,Road Accidents,Narrow road,City/Town,Near office complex,Human Error,Yes,Fatal,Hit and Run,Uncontrolled,Straight and flat,City or Town Road,Bitumen(Tar),Dry,Not Applicable,Fine,"100 FEET ROAD INDIRANAGARA DOPANAHALLI,",KEB POLE,15,12.966103,77.641536,0,0,0.0,0.0
Bengaluru City,Halasur Traffic PS,1.04432e+16,2018,1,1,Road Accidents,T Junction,City/Town,Near office complex,Human Error,No,Fatal,Hit pedestrian,Uncontrolled,Straight and flat,City or Town Road,Bitumen(Tar),Dry,Not Applicable,Fine,GANGHADARA CHETTY ROAD  HALASOOR BANGALORE,ROAD SRCAHED MARK,10,12.977291,77.619376,0,0,0.0,0.0
Bengaluru City,Halasur Traffic PS,1.04432e+16,2018,1,1,Road Accidents,Other,City/Town,Near Bus stop,Human Error,No,Simple Injury,Hit pedestrian,Not at  Junction,Others,City or Town Road,Bitumen(Tar),Dry,Not Applicable,Fine,O M ROAD,TREEE01,15,12.984899,77.643042,0,0,0.0,0.0
Bengaluru City,Halasur Traffic PS,1.04432e+16,2018,1,2,Road Accidents,Junction,City/Town,Near office complex,Human Error,No,Simple Injury,Side impact or Right angle,Signal lights Automatic,Not Applicable,City or Town Road,Bitumen(Tar),Dry,Not Applicable,Fine,OLD AIRPORT ROAD NEAR DOMALUR BRIDGE BENGALORE 560071,SIGNAL POLE,12ft,12.961474,77.635914,0,0,0.0,0.0