DISTRICTNAME,UNITNAME,Crime_No,Year,RI,Noofvehicle_involved,Accident_Classification,Accident_Spot,Accident_Location,Accident_SubLocation,Main_Cause,Hit_Run,Severity,Collision_Type,Junction_Control,Road_Character,Road_Type,Surface_Type,Surface_Condition,Road_Condition,Weather,Accident_Road,Landmark_first,Distance_LandMark_First,Latitude,Longitude,Road_Condition_Score,Surface_Condition_Score,Surface_Type_Score,Road_Risk_Index
Bengaluru City,Halasur Traffic PS,1.04432e+16,2020,1,2,Road Accidents,Junction,City/Town,Residential area,Human Error,No,Grievous Injury,Vehicle to Vehicle,Uncontrolled,Straight and flat,Others,Bitumen(Tar),Dry,Not Applicable,Fine,12th main & 4th cross jn,tree,35,12.970319,77.643557,0,0,0.0,0.0
Bengaluru City,Halasur Traffic PS,1.04432e+16,2020,1,2,Road Accidents,Junction,City/Town,Near office complex,Human Error,No,Grievous Injury,Vehicle to Vehicle,Controlled,Straight and flat,Two way,Bitumen(Tar),Dry,Not Applicable,Fine,"RAMAIAH JUNCTION,SWAMY VIVEKANANDA ROAD HALASOOR",METRO PILLER,20FT,12.974982,77.6254,0,0,0.0,0.0
Bengaluru City,Halasur Traffic PS,1.04432e+16,2020,1,2,Road Accidents,Junction,City/Town,Near office complex,Human Error,Yes,Grievous Injury,Vehicle to Vehicle,Uncontrolled,Straight and flat,Two way,Bitumen(Tar),Dry,Not Applicable,Fine,"100 FEET ROAD BMSHREE JUNCTION,INDIRANAGAR",KEB POL,25 FT,12.978399,77.640908,0,0,0.0,0.0
Bengaluru City,Halasur Traffic PS,1.04432e+16,2020,1,2,Road Accidents,Narrow road,City/Town,Near Petrol Pump,Human Error,Yes,Grievous Injury,Vehicle to Vehicle,Uncontrolled,Straight and flat,Sub Arterial,Bitumen(Tar),Dry,Not Applicable,Fine,OM RAOD INDIRANAGARA,KEB POLE,18,12.983194,77.638353,0,0,0.0,0.0
Bengaluru City,Halasur Traffic PS,1.04432e+16,2020,1,2,Road Accidents,Junction,City/Town,Near office complex,Human Error,Yes,Simple Injury,Vehicle to Vehicle,Uncontrolled,Straight and flat,Two way,Bitumen(Tar),Dry,Not Applicable,Fine,"MURPHY ROAD PHILIPS JUNCTION,HALASOOR BANGOLRE-560008",SIGNAL LIGHT POL,37 FT,12.981623,77.623031,0,0,0.0,0.0
Bengaluru City,Halasur Traffic PS,1.04432e+16,2020,1,1,Road Accidents,Narrow road,City/Town,Near or inside a village,Human Error,No,Grievous Injury,Hit pedestrian,Uncontrolled,Straight and flat,Service Road,Bitumen(Tar),Dry,Not Applicable,Fine,D.BHASKARAN ROAD NEAR  C COLONY MURPYTOWN HALASOOR,HEB POLE,43,12.981768,77.628562,0,0,0.0,0.0
Bengaluru City,Halasur Traffic PS,1.04432e+16,2020,1,1,Road Accidents,Junction,City/Town,Residential area,Human Error,No,Fatal,Not Applicable,No signal lights,Straight and flat,Service Road,Bitumen(Tar),Dry,Not Applicable,Clear,DOMMALURU SERVICE ROAD,KEB POLL,20,0.0,0.0,0,0,0.0,0.0
Bengaluru City,Halasur Traffic PS,1.04432e+16,2020,1,1,Road Accidents,Narrow road,City/Town,Near office complex,Human Error,No,Fatal,Not Applicable,Uncontrolled,Not Applicable,Others,Bitumen(Tar),Wet,Not Applicable,Clear,OM ROAD INDIRANAGAR,METRO PILLER NO 41,35,12.984265,77.641088,0,3,0.0,3.0
Bengaluru City,Halasur Traffic PS,1.04432e+16,2020,1,1,Road Accidents,Not Applicable,City/Town,Residential area,Human Error,Not Applicable,Fatal,Hit pedestrian,Uncontrolled,Straight and flat,Two way,Bitumen(Tar),Dry,Not Applicable,Fine,"CMH ROAD INFRONT OF BP BEKARY INDIRANAGAR ,BANGALORE-560038",PILLER 99,25 FT,12.978341,77.63088,0,0,0.0,0.0
Bengaluru City,Halasur Traffic PS,1.04432e+16,2020,1,2,Road Accidents,Junction,City/Town,Near Bus stop,Human Error,Not Applicable,Grievous Injury,Vehicle to Vehicle,Uncontrolled,Straight and flat,Two way,Bitumen(Tar),Dry,Not Applicable,Fine,OLD MADRAS ROAD & 80 FEET ROAD JUNCTION NEAR SWAMY VIVEKANANDA METRO STATION INDIRANAGAR,KEB POL,25 FT,12.985713,77.645078,0,0,0.0,0.0
Bengaluru City,Halasur Traffic PS,1.04432e+16,2020,1,4,Road Accidents,Junction,City/Town,Near office complex,Human Error,Yes,Fatal,Vehicle to Vehicle,Controlled,Straight and flat,Sub Arterial,Bitumen(Tar),Dry,Not Applicable,Fine,OM ROAD AND INDIRANAGARA 100 FEET ROAD  JUNCTION BANGALORE 560038,METRO PILLER,44,12.984076,77.640728,0,0,0.0,0.0
Bengaluru City,Halasur Traffic PS,1.04432e+16,2020,1,2,Road Accidents,Junction,City/Town,Residential area,Human Error,Yes,Grievous Injury,Vehicle to Vehicle,Controlled,Others,Two way,Bitumen(Tar),Dry,Not Applicable,Fine,"OLD AIRPORT ROAD DOMMALURU WATER TANK JUNVTION,DOMMALURU",TRAFFIC SIGNAL POL,31 FT,12.960901,77.63869,0,0,0.0,0.0
Bengaluru City,Halasur Traffic PS,1.04432e+16,2020,1,1,Road Accidents,Not Applicable,City/Town,Near office complex,Human Error,No,Grievous Injury,Hit pedestrian,Uncontrolled,Straight and flat,One way,Bitumen(Tar),Dry,Not Applicable,Fine,NEAR NATASHA APARTMENTS KORAMANGALA INNERING ROAD DOMMALURU,FLAG POL,28,12.958951,77.641507,0,0,0.0,0.0
Bengaluru City,Halasur Traffic PS,1.04432e+16,2020,1,2,Road Accidents,Not Applicable,City/Town,Near Hospital,Human Error,Yes,Grievous Injury,Vehicle to Vehicle,Uncontrolled,Straight and flat,Two way,Bitumen(Tar),Dry,Not Applicable,Fine,80 FEET ROAD NEAR CV RAMAN HOSPITAL INDIRANAGAR,KEB POL,20FEET,12.98363,77.645539,0,0,0.0,0.0
Bengaluru City,Halasur Traffic PS,1.04432e+16,2020,1,1,Road Accidents,Junction,City/Town,Near office complex,Human Error,Not Applicable,Grievous Injury,Hit pedestrian,Controlled,Straight and flat,Two way,Bitumen(Tar),Dry,Not Applicable,Fine,100 FEET ROAD NEAR UDUPI PARK HOTEL INDIRANAGAR,GREEN TREE,9 FT,12.97362,77.641051,0,0,0.0,0.0
Bengaluru City,Halasur Traffic PS,1.04432e+16,2020,1,2,Road Accidents,Junction,City/Town,Near Hospital,Human Error,Yes,Simple Injury,Vehicle to Vehicle,Controlled,Straight and flat,Two way,Bitumen(Tar),Dry,Not Applicable,Fine,"HOSMAT HOSPITAL JUNCTION,HALASOOR",KEB POL,27 FT,0.0,0.0,0,0,0.0,0.0
Bengaluru City,Halasur Traffic PS,1.04432e+16,2020,1,2,Road Accidents,Junction,City/Town,Near a religious place,Human Error,No,Grievous Injury,Vehicle to Vehicle,Stop Sign,Straight and flat,Sub Arterial,Bitumen(Tar),Dry,Not Applicable,Fine,OLD AIRPORT ROAD DOMMALURU WATER JUNCTION DOMALURU BANGALORE 560071,KEB POLE,8,12.960901,77.63869,0,0,0.0,0.0
Bengaluru City,Halasur Traffic PS,1.04432e+16,2020,1,1,Road Accidents,Not Applicable,City/Town,Near Petrol Pump,Human Error,Not Applicable,Grievous Injury,Hit pedestrian,Uncontrolled,Straight and flat,One way,Bitumen(Tar),Dry,Not Applicable,Fine,100 FEET ROAD NEAR UDUPI PARK HOTEL INDIRANAGAR BANGALORE-560038,KEB POL,6FT,12.973469,77.620043,0,0,0.0,0.0
Bengaluru City,Halasur Traffic PS,1.04432e+16,2020,1,1,Road Accidents,Not Applicable,City/Town,Near office complex,Human Error,Not Applicable,Fatal,Not Applicable,Controlled,Straight and flat,Others,Bitumen(Tar),Dry,Not Applicable,Fine,DOMMALURU FLY OVER ADARSHA RIGENT APARTMENT OPPOSITEDOMMALURU,KEB POL,40 FT,12.959256,77.641236,0,0,0.0,0.0
Bengaluru City,Halasur Traffic PS,1.04432e+16,2020,1,2,Road Accidents,Narrow road,City/Town,Near Bus stop,Human Error,No,Fatal,Vehicle to Vehicle,Uncontrolled,Straight and flat,One way,Bitumen(Tar),Dry,Not Applicable,Wind,OLD MADRAS ROAD NEAR MARAMMA TEMPLE INDIRANAGARA BANGALORE 560038,TREE,25,12.971855,77.647121,0,0,0.0,0.0
Bengaluru City,Halasur Traffic PS,1.04432e+16,2020,1,2,Road Accidents,Not Applicable,City/Town,Near office complex,Human Error,Not Applicable,Grievous Injury,Vehicle to Vehicle,Uncontrolled,Straight and flat,Others,Bitumen(Tar),Dry,Not Applicable,Fine,KENSINGTOWN ROAD NEAR BBMP SWIMMING POOL HALASOOR,KEB POL,20 FT,12.98412,77.622473,0,0,0.0,0.0
Bengaluru City,Halasur Traffic PS,1.04432e+16,2020,1,2,Road Accidents,Junction,City/Town,Near office complex,Human Error,No,Fatal,Vehicle to Vehicle,Controlled,Others,Two way,Bitumen(Tar),Dry,Not Applicable,Fine,"80 FEET ROAD NEAR 6TH MAIN JUNCTION,INDIRANAGAR",KEB POL,25 FT,12.974047,77.646859,0,0,0.0,0.0
Bengaluru City,Halasur Traffic PS,1.04432e+16,2020,1,2,Road Accidents,Not Applicable,City/Town,Residential area,Human Error,Yes,Grievous Injury,Vehicle to Vehicle,Uncontrolled,Straight and flat,Two way,Bitumen(Tar),Dry,Not Applicable,Fine,"SWAMY VIVEKANANDA ROAD NEAR ANGAL PARAMESHWARY  TEMPLE ,HALASOOR",KEB POL,22FT,12.97423,77.623871,0,0,0.0,0.0
Bengaluru City,Halasur Traffic PS,1.04432e+16,2020,1,1,Road Accidents,Junction,City/Town,Near Hospital,Human Error,Not Applicable,Damage Only,Not Applicable,Uncontrolled,Straight and flat,Two way,Bitumen(Tar),Dry,Not Applicable,Fine,OLD AIRPORT ROAD CB ROAD JUNCTION HALASOOR,KEB POL,30FT,12.959548,77.649122,0,0,0.0,0.0
Bengaluru City,Halasur Traffic PS,1.04432e+16,2020,1,1,Road Accidents,Junction,City/Town,Near School or College,Human Error,Not Applicable,Grievous Injury,Hit pedestrian,Controlled,Straight and flat,Two way,Bitumen(Tar),Dry,Not Applicable,Fine,"KENSINGTOWN ROAD GURUDWARA JUNCTION,HALASOOR",KEB POL,20FEET,12.976214,77.620389,0,0,0.0,0.0
Bengaluru City,Halasur Traffic PS,1.04432e+16,2020,1,2,Road Accidents,Junction,City/Town,Near School or College,Human Error,Not Applicable,Grievous Injury,Vehicle to Vehicle,Uncontrolled,Straight and flat,Two way,Bitumen(Tar),Dry,Not Applicable,Fine,"RAMAIAH JUNCTION,HALASOOR",METRO PILLAR POL,25 FT,12.974968,77.625434,0,0,0.0,0.0
Bengaluru City,Halasur Traffic PS,1.04432e+16,2020,1,2,Road Accidents,Junction,City/Town,Near office complex,Human Error,Not Applicable,Grievous Injury,Vehicle to Vehicle,Controlled,Straight and flat,Two way,Bitumen(Tar),Dry,Not Applicable,Fine,"OLD AIRPORT ROAD & DOMMALURU WATER TANK JUNCTION,DOMMALURU",KEB POL,25 FT,12.960901,77.63869,0,0,0.0,0.0
Bengaluru City,Halasur Traffic PS,1.04432e+16,2020,1,2,Road Accidents,Not Applicable,City/Town,Near office complex,Human Error,Yes,Simple Injury,Vehicle to Vehicle,Uncontrolled,Straight and flat,Two way,Bitumen(Tar),Dry,Not Applicable,Fine,KORAMANGALA INNERRING ROAD NEAR DELL COMPANY,KEB POL,25,12.952942,77.64064,0,0,0.0,0.0
Bengaluru City,Halasur Traffic PS,1.04432e+16,2020,1,1,Road Accidents,Not Applicable,City/Town,Near Hospital,Human Error,Not Applicable,Fatal,Not Applicable,Uncontrolled,Straight and flat,Two way,Bitumen(Tar),Dry,Not Applicable,Fine,OLD AIRPORT ROAD OPPOSITE COMANDO HOSPITAL HALASOOR,KEB POL,20FT,12.964061,77.626103,0,0,0.0,0.0
Bengaluru City,Halasur Traffic PS,1.04432e+16,2020,1,2,Road Accidents,Junction,City/Town,Near Bus stop,Human Error,Not Applicable,Grievous Injury,Vehicle to Vehicle,Controlled,Straight and flat,Two way,Bitumen(Tar),Dry,Not Applicable,Fine,"OLD AIRPORT ROAD DOMMALURU WATER TANK JUNCTION,DOMMALURU",KEB POL,25 FT,0.0,0.0,0,0,0.0,0.0
Bengaluru City,Halasur Traffic PS,1.04432e+16,2020,1,3,Road Accidents,Junction,City/Town,Near office complex,Human Error,Not Applicable,Simple Injury,Vehicle to Vehicle,Uncontrolled,Straight and flat,Two way,Bitumen(Tar),Dry,Not Applicable,Others,"12TH MAIN ROAD NEAR CHAI RESTORANT ,INDIRANAGAR",KEB POL,25FT,12.930609,77.632945,0,0,0.0,0.0
Bengaluru City,Halasur Traffic PS,1.04432e+16,2020,1,2,Road Accidents,Narrow road,City/Town,Open area,Human Error,No,Damage Only,Vehicle to Vehicle,Uncontrolled,Straight and flat,Service Road,Bitumen(Tar),Dry,Not Applicable,Fine,TRINITY CHURCH ROAD HALASOOR BANGALORE 560008,KEB POLE,15,12.970719,77.619638,0,0,0.0,0.0
Bengaluru City,Halasur Traffic PS,1.04432e+16,2020,1,1,Road Accidents,Junction,City/Town,Near office complex,Human Error,Not Applicable,Grievous Injury,Hit pedestrian,Uncontrolled,Straight and flat,Two way,Bitumen(Tar),Dry,Not Applicable,Fine,100 FEET ROAD 2ND MAIN ROAD INDIRANAGAR,KEB POL,35 FT,12.977642,77.640927,0,0,0.0,0.0
Bengaluru City,Halasur Traffic PS,1.04432e+16,2020,1,1,Road Accidents,Narrow road,City/Town,Near Bus stop,Human Error,No,Grievous Injury,Hit pedestrian,Uncontrolled,Not Applicable,Residential Street,Bitumen(Tar),Dry,Not Applicable,Fine,LOWER AGRAM ROAD HOSPITAL JUNCTION BANGALORE 560007,KEB POLE,23,12.968275,77.614475,0,0,0.0,0.0
Bengaluru City,Halasur Traffic PS,1.04432e+16,2020,1,2,Road Accidents,Not Applicable,City/Town,Near office complex,Human Error,Not Applicable,Damage Only,Vehicle to Vehicle,Not Applicable,Straight and flat,Two way,Bitumen(Tar),Dry,Not Applicable,Fine,"CMH ROAD BELOW METRO STATION,INDIRANAGAR",KEB POL,20FT,12.978134,77.637862,0,0,0.0,0.0
Bengaluru City,Halasur Traffic PS,1.04432e+16,2020,1,2,Road Accidents,Junction,City/Town,Near office complex,Human Error,Yes,Fatal,Vehicle to Vehicle,Uncontrolled,Straight and flat,Two way,Bitumen(Tar),Dry,Not Applicable,Fine,"OLD MADRAS ROAD NEAR INDIRANAGAR BDA COMPLEX,INDIRANAGAR ,BANGALORE",GREEN TREE,25 FT,12.982697,77.636873,0,0,0.0,0.0
Bengaluru City,Halasur Traffic PS,1.04432e+16,2020,1,1,Road Accidents,Junction,City/Town,Near office complex,Not Applicable,Not Applicable,Simple Injury,Not Applicable,Uncontrolled,Straight and flat,Two way,Bitumen(Tar),Dry,Not Applicable,Fine,"DECANSION ROAD MANIPAL CENTER JUNCTION,HALASOOR",KEB POL,20FT,12.975065,77.614404,0,0,0.0,0.0
Bengaluru City,Halasur Traffic PS,1.04432e+16,2021,1,1,Road Accidents,Not Applicable,City/Town,Residential area,Human Error,Not Applicable,Fatal,Hit pedestrian,Uncontrolled,Straight and flat,Two way,Bitumen(Tar),Dry,Not Applicable,Fine,H COLONY MAIN ROAD NEAR AMBHEDAKAR STATUE NEW BINNAMANGALA INDIRANAGAR,KEB POL,21FT,12.982493,77.640737,0,0,0.0,0.0
Bengaluru City,Halasur Traffic PS,1.04432e+16,2021,1,2,Road Accidents,Junction,City/Town,Near Hospital,Human Error,Yes,Simple Injury,Vehicle to Vehicle,Controlled,Straight and flat,Two way,Bitumen(Tar),Dry,Not Applicable,Fine,"SAI BABA TEMPLE ROAD & INDIRANAGAR DOUBLE ROAD NEAR ESI HOSPITAL JUNCTION,INDIRANAGAR",KEB POL,25 FT,12.971839,77.635977,0,0,0.0,0.0
Bengaluru City,Halasur Traffic PS,1.04432e+16,2021,1,3,Road Accidents,Not Applicable,City/Town,Near Petrol Pump,Human Error,Not Applicable,Grievous Injury,Vehicle to Vehicle,Controlled,Others,Two way,Bitumen(Tar),Dry,Not Applicable,Fine,"MG ROAD AND DICKANSON ROAD JUNCTION,HALASOOR",METRO PILLER,6FT,12.973803,77.613844,0,0,0.0,0.0
Bengaluru City,Halasur Traffic PS,1.04432e+16,2021,1,2,Road Accidents,Junction,City/Town,Near office complex,Human Error,No,Fatal,Vehicle to Vehicle,Controlled,Straight and flat,Arterial,Bitumen(Tar),Dry,Not Applicable,Fine,OM ROAD AND 100 FEET ROAD JUNCTION INDIRANAGARA BANGALORE 560038,SIGNLA POLE,50,12.979949,77.64071,0,0,0.0,0.0
Bengaluru City,Halasur Traffic PS,1.04432e+16,2021,1,1,Road Accidents,Narrow road,City/Town,Affected by encroachments,Human Error,No,Fatal,Hit pedestrian,Not at  Junction,Not Applicable,Two way,Not Applicable,Dry,Not Applicable,Others,NORMAL ROAD,a,1,12.975746,77.626172,0,0,0.0,0.0
Bengaluru City,Halasur Traffic PS,1.04432e+16,2021,1,1,Road Accidents,Narrow road,City/Town,Near Bus stop,Human Error,Not Applicable,Fatal,Not Applicable,Uncontrolled,Slight Curve,Two way,Bitumen(Tar),Dry,Not Applicable,Fine,KORAMANGALA INNER RING ROAD NEAR MADHURAI IDLI SHOP DOMMALURU,KEB POL,20FT,12.961462,77.635528,0,0,0.0,0.0
Bengaluru City,Halasur Traffic PS,1.04432e+16,2021,1,1,Road Accidents,Not Applicable,City/Town,At pedestrian Crossing,Human Error,Not Applicable,Fatal,Not Applicable,Not Applicable,Not Applicable,Others,Not Applicable,Others,Not Applicable,Others,C.M.H Road,Opp Ankith jewllers Shop,1km,12.97854,77.629865,0,1,0.0,1.0
Bengaluru City,Halasur Traffic PS,1.04432e+16,2021,1,1,Road Accidents,Narrow road,City/Town,Near office complex,Human Error,No,Grievous Injury,Hit bicyclist,Not at  Junction,Straight and flat,Arterial,Bitumen(Tar),Dry,Not Applicable,Fine,M.G.ROAD INFRONT EAST PAREDE CHURCH HALASOOR BANGALORE 560008,KEB POLE,18,12.973697,77.614419,0,0,0.0,0.0
Bengaluru City,Halasur Traffic PS,1.04432e+16,2021,1,4,Road Accidents,Junction,City/Town,Near office complex,Not Applicable,Not Applicable,Simple Injury,Vehicle to Vehicle,Controlled,Not Applicable,Two way,Bitumen(Tar),Dry,Not Applicable,Fine,100 Ft Road,100 Ft Road,2 Km,0.0,0.0,0,0,0.0,0.0
Bengaluru City,Halasur Traffic PS,1.04432e+16,2021,1,4,Not Applicable,Not Applicable,City/Town,Open area,Not Applicable,Not Applicable,Simple Injury,Not Applicable,Not Applicable,Not Applicable,Not Applicable,Not Applicable,Dry,Not Applicable,Fine,Old Airport,Dommaluru,1km,12.952991,77.640764,0,0,0.0,0.0
Bengaluru City,Halasur Traffic PS,1.04432e+16,2021,1,1,Road Accidents,Not Applicable,City/Town,Open area,Not Applicable,No,Simple Injury,Vehicle to Vehicle,Signal lights Automatic,Not Applicable,Others,Not Applicable,Others,Not Applicable,Fine,1,1,1,0.0,0.0,0,1,0.0,1.0
Bengaluru City,Halasur Traffic PS,1.04432e+16,2021,1,2,Road Accidents,Junction,City/Town,Near office complex,Human Error,No,Grievous Injury,Vehicle to Vehicle,Controlled,Straight and flat,Arterial,Bitumen(Tar),Dry,Not Applicable,Fine,s.v. road. and ramaih junction Halasoor bangalore 560008,metro piller 108,29,12.975013,77.625255,0,0,0.0,0.0
Bengaluru City,Halasur Traffic PS,1.04432e+16,2021,1,2,Road Accidents,Narrow road,City/Town,Near office complex,Vehicle Defect,No,Grievous Injury,Vehicle to Vehicle,Uncontrolled,Straight and flat,Two way,Surfaced,Dry,Not Applicable,Cloudy,HALASOOR SWIMMING POOL ROAD,GREEN TREE,4,0.0,0.0,0,0,,
Bengaluru City,Halasur Traffic PS,1.04432e+16,2021,1,1,Road Accidents,Narrow road,City/Town,At pedestrian Crossing,Human Error,No,Fatal,Not Applicable,Not Applicable,Hump,Others,Not Applicable,Dry,Not Applicable,Clear,Road,One,1KM,12.976492,77.62669,0,0,0.0,0.0
Bengaluru City,Halasur Traffic PS,1.04432e+16,2021,1,1,Road Accidents,Narrow road,City/Town,Open area,Human Error,Not Applicable,Grievous Injury,Not Applicable,No signal lights,Not Applicable,Mixed,Not Applicable,Dry,Not Applicable,Others,KORAMANGALA INNER ROAD,1,1,12.947724,77.640842,0,0,0.0,0.0
Bengaluru City,Halasur Traffic PS,1.04432e+16,2021,1,1,Road Accidents,Not Applicable,City/Town,Near Hospital,Human Error,Not Applicable,Fatal,Not Applicable,Not Applicable,Not Applicable,Not Applicable,Not Applicable,Not Applicable,Not Applicable,Clear,NEAR COMMAND HOSPITAL,1,1KM,12.961327,77.631682,0,0,0.0,0.0
Bengaluru City,Halasur Traffic PS,1.04432e+16,2021,1,2,Road Accidents,Junction,City/Town,Near Bus stop,Human Error,Not Applicable,Grievous Injury,Vehicle to Vehicle,Controlled,Straight and flat,Two way,Bitumen(Tar),Dry,Not Applicable,Fine,"OM ROAD & DOUBLE ROAD JUCTION,INDIRANAGAR",KEB POL,41 FT,12.982906,77.63743,0,0,0.0,0.0
Bengaluru City,Halasur Traffic PS,1.04432e+16,2021,1,1,Not Applicable,Narrow road,City/Town,Open area,Not Applicable,Not Applicable,Fatal,Hit pedestrian,Not Applicable,Others,Others,Not Applicable,Dry,Not Applicable,Clear,A,A,1,0.0,0.0,0,0,0.0,0.0
Bengaluru City,Halasur Traffic PS,1.04432e+16,2021,1,1,Road Accidents,Cross roads,City/Town,Open area,Human Error,Yes,Fatal,Hit pedestrian,Not Applicable,Straight and flat,Others,Not Applicable,Dry,Not Applicable,Fine,KALPALLI JUNCTION,1,1,0.0,0.0,0,0,0.0,0.0
Bengaluru City,Halasur Traffic PS,1.04432e+16,2021,1,2,Road Accidents,Not Applicable,City/Town,Near office complex,Human Error,Not Applicable,Simple Injury,Vehicle to Vehicle,Uncontrolled,Straight and flat,One way,Bitumen(Tar),Dry,Not Applicable,Fine,KORAMANGALA INNER RING ROAD FLY OVER NEAR ADARSHA REGENT MOBIVIEL COMPANY DOMMALURU,KEB POL,6FT,12.959221,77.641436,0,0,0.0,0.0
Bengaluru City,Halasur Traffic PS,1.04432e+16,2021,1,2,Not Applicable,Not Applicable,City/Town,Open area,Not Applicable,No,Damage Only,Not Applicable,Not Applicable,Not Applicable,Two way,Not Applicable,Others,Not Applicable,Clear,Road,Road,100,0.0,0.0,0,1,0.0,1.0
Bengaluru City,Halasur Traffic PS,1.04432e+16,2021,1,2,Road Accidents,Junction,City/Town,Near Petrol Pump,Not Applicable,No,Grievous Injury,Vehicle to Vehicle,Not Applicable,Not Applicable,Two way,Not Applicable,Flooded,Not Applicable,Fine,M G ROAD,Near Petrol Pump,50mtrs,12.973818,77.613955,0,5,0.0,5.0
Bengaluru City,Halasur Traffic PS,1.04432e+16,2021,1,1,Road Accidents,Junction,City/Town,Open area,Human Error,Yes,Fatal,Vehicle to Vehicle,Controlled,Others,One way,Concrete,Dry,Not Applicable,Clear,1,1,2,12.975095,77.646849,0,0,0.0,0.0
Bengaluru City,Halasur Traffic PS,1.04432e+16,2021,1,2,Road Accidents,Narrow road,City/Town,Near or inside a village,Human Error,No,Grievous Injury,Vehicle to Vehicle,Uncontrolled,Straight and flat,Others,Bitumen(Tar),Dry,Not Applicable,Fine,SARASWATHIPURAM 25 FEET ROAD HALASOOR,KEB POLE,25,12.972153,77.631721,0,0,0.0,0.0
Bengaluru City,Halasur Traffic PS,1.04432e+16,2021,1,2,Road Accidents,Junction,City/Town,Near Hospital,Human Error,Yes,Simple Injury,Vehicle to Vehicle,Uncontrolled,Straight and flat,Two way,Bitumen(Tar),Dry,Not Applicable,Fine,"SAI MANDIR ROAD ESI HOSPITAL JUNCTION,HALASOOR",HIGH MASK LIGHT,25FT,12.97164,77.635883,0,0,0.0,0.0
Bengaluru City,Halasur Traffic PS,1.04432e+16,2021,1,1,Road Accidents,Narrow road,City/Town,Open area,Human Error,No,Fatal,Not Applicable,Uncontrolled,Curve,Others,Bitumen(Tar),Dry,Not Applicable,Fine,OLD AIR PORT ROAD DOMALURU BANGALORE 560071,KEB POLE,35,12.961685,77.634646,0,0,0.0,0.0
Bengaluru City,Halasur Traffic PS,1.04432e+16,2021,1,1,Road Accidents,Narrow road,City/Town,Near Hospital,Not Applicable,No,Damage Only,Vehicle to Vehicle,Not Applicable,Not Applicable,Others,Not Applicable,Others,Not Applicable,Clear,NEAR SIR CV RAMAN HOSPITAL,NEAR POLE,1,12.982991,77.64564,0,1,0.0,1.0
Bengaluru City,Halasur Traffic PS,1.04432e+16,2021,1,2,Road Accidents,Junction,City/Town,Near office complex,Human Error,Not Applicable,Grievous Injury,Vehicle to Vehicle,Controlled,Straight and flat,Two way,Bitumen(Tar),Dry,Not Applicable,Fine,"OLD AIRPORT ROAD DOMMALURU ARALIKATTE JUNCTION,DOMMALURU",GREEN TREE,30FT,0.0,0.0,0,0,0.0,0.0
Bengaluru City,Halasur Traffic PS,1.04432e+16,2021,1,1,Road Accidents,Narrow road,City/Town,Open area,Not Applicable,No,Simple Injury,Hit pedestrian,Give way sign,Others,One way,Not Applicable,Others,Not Applicable,Fine,KENSINGTON ROAD,NEAR MG1,1KM,0.0,0.0,0,1,0.0,1.0
Bengaluru City,Halasur Traffic PS,1.04432e+16,2021,1,1,Road Accidents,Circle,City/Town,Open area,Human Error,No,Grievous Injury,Hit pedestrian,Not Applicable,Not Applicable,Others,Not Applicable,Dry,Not Applicable,Fine,DOMMALURU ROAD,1,1,12.978635,77.640676,0,0,0.0,0.0
Bengaluru City,Halasur Traffic PS,1.04432e+16,2021,1,1,Road Accidents,Narrow road,City/Town,Open area,Human Error,Not Applicable,Fatal,Not Applicable,Not Applicable,Not Applicable,One way,Concrete,Dry,Not Applicable,Clear,1,1,1,0.0,0.0,0,0,0.0,0.0
Bengaluru City,Halasur Traffic PS,1.04432e+16,2021,1,7,Road Accidents,Junction,City/Town,Near office complex,Not Applicable,Not Applicable,Grievous Injury,Vehicle to Vehicle,Signal lights Automatic,Not Applicable,Others,Not Applicable,Dry,Not Applicable,Clear,17TH MAIN JANCTION,LIGHT POL,5,0.0,0.0,0,0,0.0,0.0
Bengaluru City,Halasur Traffic PS,1.04432e+16,2021,1,2,Road Accidents,Junction,City/Town,Near Bus stop,Human Error,No,Grievous Injury,Vehicle to Vehicle,Not Applicable,Others,Not Applicable,Not Applicable,Not Applicable,Not Applicable,Others,3KM,1,2 KM,0.0,0.0,0,0,0.0,0.0
Bengaluru City,Halasur Traffic PS,1.04432e+16,2021,1,1,Road Accidents,Not Applicable,City/Town,Residential area,Human Error,Not Applicable,Grievous Injury,Hit pedestrian,Uncontrolled,Straight and flat,Two way,Bitumen(Tar),Dry,Not Applicable,Fine,DOMMALURU LAYOUT 2ND MAIN ROAD NEAR RAKSHITA MEDICAL SHOP DOMMALURU LAYOUT,KEB POL,25 FT,12.958277,77.640064,0,0,0.0,0.0
Bengaluru City,Halasur Traffic PS,1.04432e+16,2021,1,1,Road Accidents,Cross roads,City/Town,Near Bus stop,Human Error,Not Applicable,Grievous Injury,Hit pedestrian,Uncontrolled,Straight and flat,Two way,Bitumen(Tar),Dry,Not Applicable,Fine,"SWAMY VIVEKANANDA ROAD NEAR HALASOOR METRO STATION,HALASOOR",METRO PILLER,47,12.977303,77.627282,0,0,0.0,0.0
Bengaluru City,Halasur Traffic PS,1.04432e+16,2021,1,1,Road Accidents,Curves,City/Town,Residential area,Human Error,No,Fatal,Not Applicable,No signal lights,Curve,Two way,Bitumen(Tar),Dry,Not Applicable,Clear,NEAR ASC QUATRESS,NEAR ASC CENTER,100MTR,12.961355,77.632808,0,0,0.0,0.0
Bengaluru City,Halasur Traffic PS,1.04432e+16,2021,1,1,Road Accidents,Not Applicable,City/Town,Near Petrol Pump,Not Applicable,Not Applicable,Fatal,Hit bicyclist,Signal lights Automatic,Straight and flat,One way,Bitumen(Tar),Dry,Not Applicable,Fine,Mg road,mutural fund building,1,12.973729,77.613882,0,0,0.0,0.0