DISTRICTNAME,UNITNAME,Crime_No,Year,RI,Noofvehicle_involved,Accident_Classification,Accident_Spot,Accident_Location,Accident_SubLocation,Main_Cause,Hit_Run,Severity,Collision_Type,Junction_Control,Road_Character,Road_Type,Surface_Type,Surface_Condition,Road_Condition,Weather,Accident_Road,Landmark_first,Distance_LandMark_First,Latitude,Longitude,Road_Condition_Score,Surface_Condition_Score,Surface_Type_Score,Road_Risk_Index
Bengaluru City,Halasur Traffic PS,1.04432e+16,2021,1,1,Not Applicable,Junction,City/Town,Open area,Human Error,Not Applicable,Fatal,Not Applicable,Uncontrolled,Not Applicable,Others,Bitumen(Tar),Dry,Not Applicable,Clear,"100 FEET ROAD, 6TH MAIN, 1ST CROSS JUNCTION",1,1,0.0,0.0,0,0,0.0,0.0
Bengaluru City,Halasur Traffic PS,1.04432e+16,2021,1,1,Road Accidents,Curves,City/Town,Open area,Not Applicable,Not Applicable,Grievous Injury,Hit pedestrian,Uncontrolled,Not Applicable,One way,Not Applicable,Others,Not Applicable,Others,Old Air Port,Near Military Area,10 Mtr,0.0,0.0,0,1,0.0,1.0
Bengaluru City,Halasur Traffic PS,1.04432e+16,2021,1,1,Road Accidents,Narrow road,City/Town,Open area,Not Applicable,Not Applicable,Fatal,Not Applicable,Not at  Junction,Not Applicable,Not Applicable,Bitumen(Tar),Dry,Not Applicable,Fine,INDIRA NAGARA 100 FEET ROAD NEAR GIRIYAS SHOWROOM,1,1,0.0,0.0,0,0,0.0,0.0
Bengaluru City,Halasur Traffic PS,1.04432e+16,2021,1,1,Road Accidents,Not Applicable,City/Town,Near office complex,Human Error,Not Applicable,Fatal,Not Applicable,Uncontrolled,Straight and flat,Two way,Bitumen(Tar),Dry,Not Applicable,Fine,KORAMANGALA INNER RING ROAD DOMMALURU BANGALORE-560071,KEB POL,26FT,12.944088,77.640276,0,0,0.0,0.0
Bengaluru City,Halasur Traffic PS,1.04432e+16,2021,1,2,Road Accidents,Junction,City/Town,Near office complex,Human Error,No,Grievous Injury,Vehicle to Vehicle,Controlled,Straight and flat,Arterial,Bitumen(Tar),Dry,Not Applicable,Fine,CB ROAD AND OLD AIR PORT ROAD JUNCTION HALASOOR BANGALORE 560008,KEB POLE,30,12.965964,77.625109,0,0,0.0,0.0
Bengaluru City,Halasur Traffic PS,1.04432e+16,2021,1,1,Not Applicable,Not Applicable,City/Town,Open area,Vehicle Defect,Not Applicable,Simple Injury,Not Applicable,Not Applicable,Not Applicable,Others,Not Applicable,Others,Not Applicable,Clear,Road,IN FRONT OF MOON HOTEL,500mts,12.968828,77.641629,0,1,0.0,1.0
Bengaluru City,Halasur Traffic PS,1.04432e+16,2022,1,1,Road Accidents,Narrow road,City/Town,Open area,Human Error,Yes,Fatal,Hit pedestrian,No signal lights,Not Applicable,Others,Not Applicable,Dry,Not Applicable,Clear,1,1,1,12.954474,77.641324,0,0,0.0,0.0
Bengaluru City,Halasur Traffic PS,1.04432e+16,2022,1,2,Road Accidents,Not Applicable,City/Town,Near office complex,Human Error,Not Applicable,Grievous Injury,Vehicle to Vehicle,Uncontrolled,Straight and flat,Two way,Bitumen(Tar),Dry,Not Applicable,Fine,80FEET ROAD BEHIND CMH HOSPITAL GATE NEAR,keb pol,30ft,0.0,0.0,0,0,0.0,0.0
Bengaluru City,Halasur Traffic PS,1.04432e+16,2022,1,2,Not Applicable,Not Applicable,City/Town,Open area,Not Applicable,No,Simple Injury,Vehicle to Vehicle,Not Applicable,Others,Two way,Not Applicable,Dry,Not Applicable,Clear,Near 16th Cross,16th Cross,10 mtr,0.0,0.0,0,0,0.0,0.0
Bengaluru City,Halasur Traffic PS,1.04432e+16,2022,1,1,Road Accidents,Narrow road,City/Town,Open area,Human Error,Yes,Grievous Injury,Hit pedestrian,Not at  Junction,Straight and flat,Others,Bitumen(Tar),Dry,Not Applicable,Clear,NEAR GURUDWAR JN OPP MILITARY COMPOUND M V GARDEN,1,0,0.0,0.0,0,0,0.0,0.0
Bengaluru City,Halasur Traffic PS,1.04432e+16,2022,1,1,Not Applicable,Not Applicable,City/Town,Open area,Not Applicable,No,Grievous Injury,Hit pedestrian,Not at  Junction,Not Applicable,Others,Not Applicable,Dry,Not Applicable,Fine,Ring Road,Near Dommaluru,500 mt,0.0,0.0,0,0,0.0,0.0
Bengaluru City,Halasur Traffic PS,1.04432e+16,2022,1,2,Road Accidents,Narrow road,City/Town,Near Hospital,Human Error,Yes,Grievous Injury,Vehicle to Vehicle,Not at  Junction,Slight Curve,Others,Bitumen(Tar),Dry,Not Applicable,Clear,OLD AIRPORT ROAD,1,1,0.0,0.0,0,0,0.0,0.0
Bengaluru City,Halasur Traffic PS,1.04432e+16,2022,1,1,Road Accidents,Narrow road,City/Town,Open area,Human Error,No,Fatal,Not Applicable,Uncontrolled,Curve,Others,Concrete,Dry,Not Applicable,Clear,1,1,1,0.0,0.0,0,0,0.0,0.0
Bengaluru City,Halasur Traffic PS,1.04432e+16,2022,1,1,Road Accidents,Narrow road,City/Town,Open area,Human Error,Yes,Damage Only,Vehicle to Vehicle,No signal lights,Others,Others,Concrete,Dry,Not Applicable,Clear,1,1,1,12.970151,77.631724,0,0,0.0,0.0
Bengaluru City,Halasur Traffic PS,1.04432e+16,2022,1,1,Road Accidents,Not Applicable,City/Town,Near office complex,Human Error,Not Applicable,Simple Injury,Hit pedestrian,Uncontrolled,Straight and flat,Two way,Bitumen(Tar),Dry,Not Applicable,Fine,OLD AIRPORT ROAD NEAR DOMMALURU FLY OVER,KEB POL,25 FT,0.0,0.0,0,0,0.0,0.0
Bengaluru City,Halasur Traffic PS,1.04432e+16,2022,1,1,Road Accidents,Circle,City/Town,Open area,Not Applicable,No,Grievous Injury,Hit pedestrian,Uncontrolled,Not Applicable,Two way,Not Applicable,Dry,Not Applicable,Clear,Main Road,Near 4th Cross,10mtrs,0.0,0.0,0,0,0.0,0.0
Bengaluru City,Halasur Traffic PS,1.04432e+16,2022,1,2,Road Accidents,Not Applicable,City/Town,Near Petrol Pump,Human Error,Not Applicable,Grievous Injury,Vehicle to Vehicle,Controlled,Straight and flat,Two way,Bitumen(Tar),Dry,Not Applicable,Fine,"NEAR DOMMALURU ARALIKATTE CIRCLE OPP INDIAN PETROL BUNK,OLD AIRPORT ROAD ,BANGALORE CUTY",KEB POL,25 FT,0.0,0.0,0,0,0.0,0.0
Bengaluru City,Halasur Traffic PS,1.04432e+16,2022,1,2,Road Accidents,Junction,City/Town,Near Petrol Pump,Human Error,Not Applicable,Grievous Injury,Vehicle to Vehicle,Controlled,Straight and flat,Two way,Bitumen(Tar),Dry,Not Applicable,Fine,"NEAR WEBS JUNCTION,HALASOOR",KEB POL,20FT,0.0,0.0,0,0,0.0,0.0
Bengaluru City,Halasur Traffic PS,1.04432e+16,2022,1,1,Road Accidents,Not Applicable,City/Town,Open area,Not Applicable,Not Applicable,Grievous Injury,Hit pedestrian,Not Applicable,Not Applicable,Not Applicable,Gravel,Not Applicable,Not Applicable,Others,Main Road,Near Junction,100mtr,12.974924,77.625492,0,0,3.0,3.0
Bengaluru City,Halasur Traffic PS,1.04432e+16,2022,1,2,Road Accidents,Curves,City/Town,Near Hospital,Human Error,Yes,Grievous Injury,Vehicle to Vehicle,Controlled,Slight Curve,Others,Bitumen(Tar),Dry,Not Applicable,Clear,C B ROAD JUNCATION,1,1,0.0,0.0,0,0,0.0,0.0
Bengaluru City,Halasur Traffic PS,1.04432e+16,2022,1,1,Not Applicable,Junction,City/Town,In bazaar,Not Applicable,No,Grievous Injury,Not Applicable,Not Applicable,Others,One way,Not Applicable,Others,Not Applicable,Fine,CMH Road,Near Sagar Junction,50 Mts,0.0,0.0,0,1,0.0,1.0
Bengaluru City,Halasur Traffic PS,1.04432e+16,2022,1,1,Road Accidents,Not Applicable,City/Town,Near office complex,Human Error,Not Applicable,Grievous Injury,Hit pedestrian,Uncontrolled,Straight and flat,Two way,Bitumen(Tar),Dry,Not Applicable,Fine,"INFRONT OF CHAITRA BAKERY ,80 FEET ROAD,MICHAEL PALYA ,INDIRANAGAR",KEB POL,25 FT,0.0,0.0,0,0,0.0,0.0
Bengaluru City,Halasur Traffic PS,1.04432e+16,2022,1,2,Road Accidents,Junction,City/Town,Near Petrol Pump,Human Error,No,Fatal,Vehicle to Vehicle,Controlled,Straight and flat,Others,Bitumen(Tar),Dry,Not Applicable,Fine,OM ROAD NEAR ANJANEYA JUNCTION,KEB,25,0.0,0.0,0,0,0.0,0.0
Bengaluru City,Halasur Traffic PS,1.04432e+16,2022,1,1,Road Accidents,Narrow road,City/Town,Narrow bridge or culverts,Human Error,No,Grievous Injury,Hit pedestrian,Not at  Junction,Straight and flat,Others,Bitumen(Tar),Dry,Not Applicable,Clear,KORAMANGALA INNER RING ROAD,ELECTIRC POLE,29,0.0,0.0,0,0,0.0,0.0
Bengaluru City,Halasur Traffic PS,1.04432e+16,2022,1,1,Road Accidents,Narrow road,City/Town,Open area,Human Error,No,Fatal,Not Applicable,Not Applicable,Not Applicable,Others,Not Applicable,Dry,Not Applicable,Clear,1,1,1,0.0,0.0,0,0,0.0,0.0
Bengaluru City,Halasur Traffic PS,1.04432e+16,2022,1,2,Road Accidents,Not Applicable,City/Town,Near Hospital,Human Error,Not Applicable,Grievous Injury,Vehicle to Vehicle,Uncontrolled,Straight and flat,Two way,Bitumen(Tar),Dry,Not Applicable,Fine,2ND A CROSS DUBBLE ROAD NEAR ESI HOSPITAL INDIRANAGAR,KEB POL,22 FT,0.0,0.0,0,0,0.0,0.0
Bengaluru City,Halasur Traffic PS,1.04432e+16,2022,1,2,Road Accidents,Not Applicable,City/Town,Open area,Human Error,No,Grievous Injury,Vehicle to Vehicle,Uncontrolled,Straight and flat,Two way,Bitumen(Tar),Dry,Not Applicable,Fine,LOYAR AGARAM ROAD NEAR MILITARY COMPOUND HALASOOR,KEB POL,15 FT,0.0,0.0,0,0,0.0,0.0
Bengaluru City,Halasur Traffic PS,1.04432e+16,2022,1,1,Road Accidents,Narrow road,City/Town,At pedestrian Crossing,Not Applicable,No,Grievous Injury,Hit pedestrian,Not Applicable,Not Applicable,One way,Concrete,Dry,Not Applicable,Cloudy,INNER RING ROAD,GREEN TREE,3.5 KM,0.0,0.0,0,0,0.0,0.0
Bengaluru City,Halasur Traffic PS,1.04432e+16,2022,1,1,Road Accidents,Junction,City/Town,In bazaar,Not Applicable,No,Grievous Injury,Hit pedestrian,Give way sign,Others,One way,Not Applicable,Dry,Not Applicable,Cloudy,OLD AIRPORT ROAD,GREEN TREE,28 FT,0.0,0.0,0,0,0.0,0.0
Bengaluru City,Halasur Traffic PS,1.04432e+16,2022,1,2,Road Accidents,Junction,City/Town,Open area,Not Applicable,No,Grievous Injury,Vehicle to Vehicle,Controlled,Straight and flat,Others,Not Applicable,Dry,Not Applicable,Cloudy,OLD AIR PORT ROAD,GREEN TREE,2,0.0,0.0,0,0,0.0,0.0
Bengaluru City,Halasur Traffic PS,1.04432e+16,2022,1,1,Not Applicable,Narrow road,City/Town,Open area,Human Error,No,Fatal,Not Applicable,Not at  Junction,Curve,Not Applicable,Not Applicable,Dry,Not Applicable,Clear,1,1,1,0.0,0.0,0,0,0.0,0.0
Bengaluru City,Halasur Traffic PS,1.04432e+16,2022,1,5,Road Accidents,Junction,City/Town,Near office complex,Human Error,Not Applicable,Grievous Injury,Vehicle to Vehicle,Uncontrolled,Straight and flat,Two way,Bitumen(Tar),Dry,Not Applicable,Fine,"17TH MAIN  ROAD JUNCTION,100 FEET ROAD INDIRANAGAR",KEB POL,36FT,0.0,0.0,0,0,0.0,0.0
Bengaluru City,Halasur Traffic PS,1.04432e+16,2022,1,2,Road Accidents,Junction,City/Town,Near office complex,Human Error,Not Applicable,Grievous Injury,Vehicle to Vehicle,Uncontrolled,Straight and flat,Two way,Bitumen(Tar),Dry,Not Applicable,Fine,"NEAR NEW SHANTI SAGAR HOTEL,CMH ROAD INDIRANAGAR BANGALORE CITY",KEB POL,22 FT,0.0,0.0,0,0,0.0,0.0
Bengaluru City,Halasur Traffic PS,1.04432e+16,2022,1,2,Road Accidents,Junction,City/Town,Near Hospital,Human Error,Yes,Fatal,Vehicle to Vehicle,Stop sign,Straight and flat,Others,Not Applicable,Dry,Not Applicable,Clear,1,1,1,0.0,0.0,0,0,0.0,0.0
Bengaluru City,Halasur Traffic PS,1.04432e+16,2022,1,2,Road Accidents,Junction,City/Town,Open area,Not Applicable,No,Grievous Injury,Not Applicable,Stop sign,Not Applicable,Others,Not Applicable,Dry,Not Applicable,Fine,CM ROAD,Metro Station,500 mt,0.0,0.0,0,0,0.0,0.0
Bengaluru City,Halasur Traffic PS,1.04432e+16,2022,1,1,Not Applicable,Circle,City/Town,Open area,Human Error,No,Grievous Injury,Hit pedestrian,Give way sign,Others,Others,Not Applicable,Dry,Not Applicable,Clear,1,A,1,12.979144,77.642181,0,0,0.0,0.0
Bengaluru City,Halasur Traffic PS,1.04432e+16,2022,1,2,Road Accidents,Not Applicable,City/Town,Near office complex,Human Error,Yes,Simple Injury,Vehicle to Vehicle,Controlled,Straight and flat,Two way,Bitumen(Tar),Dry,Not Applicable,Fine,TVS SHOWROOM DOMMALURU,KEB PLO,20FT,0.0,0.0,0,0,0.0,0.0
Bengaluru City,Halasur Traffic PS,1.04432e+16,2022,1,2,Road Accidents,Not Applicable,City/Town,Near office complex,Human Error,Not Applicable,Grievous Injury,Vehicle to Vehicle,Uncontrolled,Straight and flat,Two way,Bitumen(Tar),Dry,Not Applicable,Fine,NEAR METRO PILLER NO.59 100 FEET ROAD INDIRANAGAR,KEB POL,20FT,0.0,0.0,0,0,0.0,0.0
Bengaluru City,Halasur Traffic PS,1.04432e+16,2022,1,2,Not Applicable,Junction,City/Town,Open area,Not Applicable,No,Fatal,Vehicle to Vehicle,Not Applicable,Not Applicable,Two way,Not Applicable,Dry,Not Applicable,Fine,80 Feat Junction,Near Mentro Station,50 mtr,0.0,0.0,0,0,0.0,0.0
Bengaluru City,Halasur Traffic PS,1.04432e+16,2022,1,2,Not Applicable,Junction,City/Town,Near School or College,Human Error,No,Damage Only,Vehicle to Vehicle,Signal lights Blinking,Others,Others,Bitumen(Tar),Dry,Not Applicable,Clear,CAMBRIDGE ROAD,1,2,0.0,0.0,0,0,0.0,0.0
Bengaluru City,Halasur Traffic PS,1.04432e+16,2022,1,2,Not Applicable,Not Applicable,City/Town,Open area,Not Applicable,Yes,Simple Injury,Vehicle to Vehicle,Uncontrolled,Others,One way,Not Applicable,Dry,Not Applicable,Fine,Old Madras Road,Light Pole,28,0.0,0.0,0,0,0.0,0.0
Bengaluru City,Halasur Traffic PS,1.04432e+16,2022,1,2,Road Accidents,Curves,City/Town,Near office complex,Not Applicable,Not Applicable,Grievous Injury,Vehicle to Vehicle,Not Applicable,Curve,Others,Surfaced,Dry,Not Applicable,Cloudy,OLD AIRPORT ROAD,ELECTRIC POLE,1.5,0.0,0.0,0,0,,
Bengaluru City,Halasur Traffic PS,1.04432e+16,2022,1,2,Road Accidents,Junction,City/Town,Near office complex,Human Error,Not Applicable,Grievous Injury,Vehicle to Vehicle,Controlled,Straight and flat,Two way,Bitumen(Tar),Dry,Not Applicable,Fine,"MG ROAD WEBS JUNCTION,HALASOOR",KEB POL,25,0.0,0.0,0,0,0.0,0.0
Bengaluru City,Halasur Traffic PS,1.04432e+16,2022,1,2,Not Applicable,Not Applicable,City/Town,Open area,Not Applicable,Not Applicable,Grievous Injury,Not Applicable,Not Applicable,Not Applicable,One way,Not Applicable,Dry,Not Applicable,Fine,Domlur Flyovar,Domlur Flyovar,1 km,0.0,0.0,0,0,0.0,0.0
Bengaluru City,Halasur Traffic PS,1.04432e+16,2022,1,1,Road Accidents,Not Applicable,City/Town,Residential area,Human Error,No,Grievous Injury,Hit pedestrian,Not at  Junction,Straight and flat,Others,Bitumen(Tar),Dry,Not Applicable,Clear,"IN FRONT OF KALIYAMMAL BUILDING, 1ST MAIN , LAKSHMIPURAM HALASURU",1,5,0.0,0.0,0,0,0.0,0.0
Bengaluru City,Halasur Traffic PS,1.04432e+16,2022,1,2,Road Accidents,Junction,City/Town,Residential area,Human Error,No,Grievous Injury,Vehicle to Vehicle,Controlled,Straight and flat,Two way,Bitumen(Tar),Dry,Not Applicable,Clear,S V ROAD NEAR HALASURU METRO PILLER NO 114,1,26,12.977455,77.627407,0,0,0.0,0.0
Bengaluru City,Halasur Traffic PS,1.04432e+16,2022,1,2,Road Accidents,Junction,City/Town,Near Petrol Pump,Human Error,No,Damage Only,Vehicle to Vehicle,Controlled,Straight and flat,Others,Bitumen(Tar),Dry,Not Applicable,Clear,S V ROAD ANJENEYA JUNCATION,1,1,12.981577,77.63136,0,0,0.0,0.0
Bengaluru City,Halasur Traffic PS,1.04432e+16,2022,1,1,Road Accidents,Not Applicable,City/Town,Open area,Not Applicable,Yes,Fatal,Hit pedestrian,Not Applicable,Not Applicable,Not Applicable,Not Applicable,Dry,Not Applicable,Clear,Sub Road,Near Halasuru Metro Station,100mtr,12.978138,77.626431,0,0,0.0,0.0
Bengaluru City,Halasur Traffic PS,1.04432e+16,2022,1,2,Road Accidents,Not Applicable,City/Town,In bazaar,Not Applicable,Not Applicable,Fatal,Hit pedestrian,Not at  Junction,Not Applicable,One way,Not Applicable,Dry,Not Applicable,Clear,Bajaj Street Road,Near Perumal Temple,10 mtr,12.975296,77.622164,0,0,0.0,0.0
Bengaluru City,Halasur Traffic PS,1.04432e+16,2022,1,2,Road Accidents,Junction,City/Town,Residential area,Not Applicable,No,Grievous Injury,Not Applicable,No signal lights,Others,Mixed,Not Applicable,Dry,Not Applicable,Not Applicable,Dommaluru Layout,Naer Sgar Hotel,200,0.0,0.0,0,0,0.0,0.0
Bengaluru City,Halasur Traffic PS,1.04432e+16,2022,1,1,Not Applicable,Not Applicable,City/Town,Open area,Not Applicable,No,Simple Injury,Hit pedestrian,Not at  Junction,Not Applicable,Two way,Not Applicable,Dry,Not Applicable,Fine,Old Airport Road,Near Dommalur Bridag,50mtrs,0.0,0.0,0,0,0.0,0.0
Bengaluru City,Halasur Traffic PS,1.04432e+16,2022,1,1,Road Accidents,Not Applicable,City/Town,Near office complex,Not Applicable,No,Grievous Injury,Hit pedestrian,Not Applicable,Not Applicable,Two way,Not Applicable,Dry,Not Applicable,Cloudy,100 ft road,electricle pool,2.5,0.0,0.0,0,0,0.0,0.0
Bengaluru City,Halasur Traffic PS,1.04432e+16,2022,1,2,Road Accidents,Narrow road,City/Town,Residential area,Human Error,No,Grievous Injury,Vehicle to Vehicle,Not at  Junction,Straight and flat,Others,Concrete,Dry,Not Applicable,Clear,INDIRANAGAR 100 ROAD IN FRONT OF MTR HOTEL,1,1,0.0,0.0,0,0,0.0,0.0
Bengaluru City,Halasur Traffic PS,1.04432e+16,2022,1,1,Not Applicable,Not Applicable,City/Town,Open area,Not Applicable,Not Applicable,Grievous Injury,Hit pedestrian,Not Applicable,Others,Others,Not Applicable,Not Applicable,Not Applicable,Clear,Main Road,Near Nagarjun Hotel,100 mt,0.0,0.0,0,0,0.0,0.0
Bengaluru City,Halasur Traffic PS,1.04432e+16,2022,1,1,Road Accidents,Curves,City/Town,Near or inside a village,Not Applicable,Not Applicable,Grievous Injury,Not Applicable,Not at  Junction,Curve,Others,Surfaced,Dry,Not Applicable,Cloudy,INNER RING ROAD,ELECTRIC POLE,45FEET,0.0,0.0,0,0,,
Bengaluru City,Halasur Traffic PS,1.04432e+16,2022,1,3,Road Accidents,Junction,City/Town,Near Hospital,Human Error,Not Applicable,Grievous Injury,Vehicle to Vehicle,Uncontrolled,Straight and flat,Others,Bitumen(Tar),Dry,Not Applicable,Fine,INFRONT OF C V RAMAN NAGAR GENERAL HOSPITAL 80 FEET ROAD,KEB POL,25 FT,0.0,0.0,0,0,0.0,0.0
Bengaluru City,Halasur Traffic PS,1.04432e+16,2022,1,2,Road Accidents,Not Applicable,City/Town,Open area,Human Error,Not Applicable,Simple Injury,Vehicle to Vehicle,Uncontrolled,Straight and flat,Two way,Surfaced,Dry,Not Applicable,Others,kormangala inner ring road,KEB POOL,28,0.0,0.0,0,0,,
Bengaluru City,Halasur Traffic PS,1.04432e+16,2022,1,2,Road Accidents,Junction,City/Town,At pedestrian Crossing,Human Error,No,Grievous Injury,Vehicle to Vehicle,Signals (Working),Straight and flat,Others,Concrete,Dry,Not Applicable,Not Applicable,80 FEET ROAD NEAR TIPPASANDRA INDRANAGAR,BLOOD DROP,46,0.0,0.0,0,0,0.0,0.0
Bengaluru City,Halasur Traffic PS,1.04432e+16,2022,1,1,Road Accidents,Not Applicable,City/Town,Near office complex,Human Error,Yes,Grievous Injury,Hit bicyclist,Controlled,Straight and flat,Two way,Bitumen(Tar),Dry,Not Applicable,Fine,"NEAR TRINITY METRO STATION,MG ROAD BANGALORE CITY",KEB POL,16FT,0.0,0.0,0,0,0.0,0.0
Bengaluru City,Halasur Traffic PS,1.04432e+16,2022,1,2,Road Accidents,Junction,City/Town,Near office complex,Human Error,Not Applicable,Simple Injury,Vehicle to Vehicle,Uncontrolled,Straight and flat,Two way,Bitumen(Tar),Dry,Not Applicable,Fine,OM ROAD NEAR NGF SIGNAL INDIRANAGAR BANGALORE CITY,KEB POL,25 FT,0.0,0.0,0,0,0.0,0.0
Bengaluru City,Halasur Traffic PS,1.04432e+16,2022,1,2,Road Accidents,Junction,City/Town,Open area,Human Error,No,Simple Injury,Vehicle to Vehicle,Signals (Working),Straight and flat,One way,Surfaced,Dry,Not Applicable,Clear,LOWER AGRAM ROAD,KEB POOL,16,12.965374,77.617533,0,0,,
Bengaluru City,Halasur Traffic PS,1.04432e+16,2022,1,2,Road Accidents,Not Applicable,City/Town,Residential area,Human Error,Not Applicable,Fatal,Vehicle to Vehicle,Uncontrolled,Straight and flat,Two way,Bitumen(Tar),Dry,Not Applicable,Fine,"NO.575,7TH MAIN,7TH CROSS,HAL 2ND STAGE,INDIRANAGAR,BANGALORE",KEB POL,20 FT,12.97286,77.644919,0,0,0.0,0.0
Bengaluru City,Halasur Traffic PS,1.04432e+16,2022,1,1,Road Accidents,Not Applicable,City/Town,In bazaar,Not Applicable,Not Applicable,Grievous Injury,Hit pedestrian,Not Applicable,Not Applicable,One way,Not Applicable,Not Applicable,Not Applicable,Fine,C.M.H Road,Near,1KM,0.0,0.0,0,0,0.0,0.0
Bengaluru City,Halasur Traffic PS,1.04432e+16,2022,1,2,Road Accidents,Not Applicable,City/Town,Residential area,Human Error,No,Grievous Injury,Vehicle to Vehicle,Not at  Junction,Straight and flat,Others,Concrete,Dry,Not Applicable,Clear,CMH ROAD,1,1,0.0,0.0,0,0,0.0,0.0
Bengaluru City,Halasur Traffic PS,1.04432e+16,2022,1,1,Road Accidents,Not Applicable,City/Town,Residential area,Human Error,Yes,Grievous Injury,Hit pedestrian,Not at  Junction,Straight and flat,Others,Bitumen(Tar),Dry,Not Applicable,Clear,KENSIGTON OVEL JUNCTION,1,36,0.0,0.0,0,0,0.0,0.0
Bengaluru City,Halasur Traffic PS,1.04432e+16,2022,1,2,Road Accidents,Junction,City/Town,Near office complex,Human Error,Not Applicable,Grievous Injury,Vehicle to Vehicle,Uncontrolled,Straight and flat,Two way,Bitumen(Tar),Dry,Not Applicable,Fine,80 FEET ROAD NEAR 4TH B CROSS IDIRANAGAR,KEB POL,21 FEE,0.0,0.0,0,0,0.0,0.0
Bengaluru City,Halasur Traffic PS,1.04432e+16,2022,1,2,Not Applicable,Not Applicable,City/Town,Open area,Not Applicable,Not Applicable,Simple Injury,Vehicle to Vehicle,Controlled,Others,One way,Not Applicable,Dry,Not Applicable,Fine,Swamivevaknagar,Near Menrto Station,10mtrs,0.0,0.0,0,0,0.0,0.0
Bengaluru City,Halasur Traffic PS,1.04432e+16,2022,1,49,Road Accidents,Junction,City/Town,Open area,Human Error,Not Applicable,Grievous Injury,Vehicle to Vehicle,Stop sign,Not Applicable,Not Applicable,Not Applicable,Dry,Not Applicable,Clear,1,1,1,12.978928,77.629169,0,0,0.0,0.0
Bengaluru City,Halasur Traffic PS,1.04432e+16,2022,1,1,Road Accidents,Junction,City/Town,Near Bus stop,Human Error,Not Applicable,Grievous Injury,Hit pedestrian,Uncontrolled,Straight and flat,Two way,Bitumen(Tar),Dry,Not Applicable,Fine,4TH MAIN ROAD & 2ND CROSS JUNCTION DOMMALURU,KEB POL,20 FT,12.9636911,77.6383276,0,0,0.0,0.0
Bengaluru City,Halasur Traffic PS,1.04432e+16,2022,1,2,Road Accidents,Narrow road,City/Town,Open area,Not Applicable,Not Applicable,Grievous Injury,Vehicle to Vehicle,Not at  Junction,Curve,One way,Surfaced,Dry,Not Applicable,Cloudy,OLD MADRAS ROAD,GREEN TREE,38 FT,0.0,0.0,0,0,,
Bengaluru City,Halasur Traffic PS,1.04432e+16,2023,1,2,Road Accidents,Narrow road,City/Town,Near Petrol Pump,Human Error,No,Damage Only,Vehicle to Vehicle,Signal lights Automatic,Others,Not Applicable,Concrete,Dry,Not Applicable,Clear,1,1,1,12.982898,77.637532,0,0,0.0,0.0
Bengaluru City,Halasur Traffic PS,1.04432e+16,2023,1,1,Road Accidents,Junction,City/Town,Open area,Human Error,Yes,Grievous Injury,Hit pedestrian,Signal lights Manual,Others,Others,Not Applicable,Dry,Not Applicable,Fine,M.G.Road,Trinity Junction,10mtrs,0.0,0.0,0,0,0.0,0.0
Bengaluru City,Halasur Traffic PS,1.04432e+16,2023,1,1,Road Accidents,Narrow road,City/Town,Residential area,Human Error,No,Grievous Injury,Not Applicable,Not at  Junction,Straight and flat,Others,Concrete,Dry,Not Applicable,Clear,KORAMANGALA INNER RING ROAD DOMMALURU,1,10,0.0,0.0,0,0,0.0,0.0
Bengaluru City,Halasur Traffic PS,1.04432e+16,2023,1,1,Road Accidents,Narrow road,City/Town,Residential area,Human Error,No,Grievous Injury,Hit pedestrian,Not Applicable,Straight and flat,Others,Bitumen(Tar),Dry,Not Applicable,Clear,OLD AIR PORT ROAD NEAR DOMMALURU FLYOVER,1,64,0.0,0.0,0,0,0.0,0.0
Bengaluru City,Halasur Traffic PS,1.04432e+16,2023,1,2,Not Applicable,Junction,City/Town,Residential area,Not Applicable,Yes,Damage Only,Vehicle to Vehicle,Not Applicable,Straight and flat,Others,Surfaced,Dry,Not Applicable,Clear,NALAROAD & MARAPPA ROAD JUNCTION,18,18,0.0,0.0,0,0,,
Bengaluru City,Halasur Traffic PS,1.04432e+16,2023,1,2,Not Applicable,Junction,City/Town,Near Petrol Pump,Human Error,No,Not Applicable,Not Applicable,Signals (Working),Curve,Two way,Surfaced,Dry,Not Applicable,Cloudy,O M ROAD NEAR ANJANAIAH JUNCTION,ELECTRICAL POLL,24,0.0,0.0,0,0,,
Bengaluru City,Halasur Traffic PS,1.04432e+16,2023,1,2,Road Accidents,Not Applicable,City/Town,Open area,Not Applicable,No,Grievous Injury,Vehicle to Vehicle,Not Applicable,Not Applicable,Others,Not Applicable,Dry,Not Applicable,Fine,Swamivivekananda Road,Near Bus Stop,20 mtr,12.96099,77.638689,0,0,0.0,0.0
Bengaluru City,Halasur Traffic PS,1.04432e+16,2023,1,1,Road Accidents,Not Applicable,City/Town,Open area,Not Applicable,Not Applicable,Grievous Injury,Not Applicable,Not Applicable,Not Applicable,One way,Not Applicable,Dry,Not Applicable,Fine,Trinity Road,Near ASC Junction,30mtrs,12.967373,77.620197,0,0,0.0,0.0
Bengaluru City,Halasur Traffic PS,1.04432e+16,2023,1,1,Road Accidents,Narrow road,City/Town,Residential area,Human Error,No,Fatal,Hit pedestrian,Not at  Junction,Straight and flat,Others,Concrete,Not Applicable,Not Applicable,Clear,KORAMANAGALA INNER RING ROAD NEAR DOMMALURU FLYOVER,1,22,12.9582401,77.6413434,0,0,0.0,0.0