DISTRICTNAME,UNITNAME,Crime_No,Year,RI,Noofvehicle_involved,Accident_Classification,Accident_Spot,Accident_Location,Accident_SubLocation,Main_Cause,Hit_Run,Severity,Collision_Type,Junction_Control,Road_Character,Road_Type,Surface_Type,Surface_Condition,Road_Condition,Weather,Accident_Road,Landmark_first,Distance_LandMark_First,Latitude,Longitude,Road_Condition_Score,Surface_Condition_Score,Surface_Type_Score,Road_Risk_Index
Bengaluru City,Halasur Traffic PS,1.04432e+16,2023,1,2,Road Accidents,Junction,City/Town,Open area,Human Error,Yes,Simple Injury,Vehicle to Vehicle,Signals (Working),Straight and flat,Two way,Surfaced,Dry,Not Applicable,Clear,O M Road,elecrtical poll,25,12.981663,77.631297,0,0,,
Bengaluru City,Halasur Traffic PS,1.04432e+16,2023,1,1,Road Accidents,Not Applicable,City/Town,Open area,Human Error,No,Grievous Injury,Not Applicable,Not at  Junction,Straight and flat,Two way,Surfaced,Dry,Not Applicable,Cloudy,Kormangala Inner Ring Road,Sign Board,9,12.956875,77.641292,0,0,,
Bengaluru City,Halasur Traffic PS,1.04432e+16,2023,1,1,Not Applicable,Not Applicable,City/Town,Open area,Not Applicable,Not Applicable,Grievous Injury,Not Applicable,Not Applicable,Not Applicable,One way,Not Applicable,Dry,Not Applicable,Fine,Koramangal Innar Ring Road,Near Airvivo Junction,100mtr,12.947634,77.640835,0,0,0.0,0.0
Bengaluru City,Halasur Traffic PS,1.04432e+16,2023,1,1,Road Accidents,Curves,City/Town,Open area,Human Error,No,Fatal,Not Applicable,Uncontrolled,Curve,Two way,Surfaced,Dry,Not Applicable,Fog / Mist,Old Airport Road,Electrical Poll,31,12.963547,77.626316,0,0,,
Bengaluru City,Halasur Traffic PS,1.04432e+16,2023,1,1,Road Accidents,Not Applicable,City/Town,Open area,Human Error,No,Fatal,Not Applicable,Not at  Junction,Straight and flat,Two way,Surfaced,Dry,Not Applicable,Cloudy,old Airport Road,Electrical Poll,29,0.0,0.0,0,0,,
Bengaluru City,Halasur Traffic PS,1.04432e+16,2023,1,2,Road Accidents,Junction,City/Town,Residential area,Human Error,Yes,Simple Injury,Vehicle to Vehicle,Signal lights Manual,Straight and flat,Two way,Surfaced,Dry,Not Applicable,Clear,Old Airport Road Domlur,CCTV POll,26,0.0,0.0,0,0,,
Bengaluru City,Halasur Traffic PS,1.04432e+16,2023,1,2,Road Accidents,Not Applicable,City/Town,Open area,Not Applicable,No,Grievous Injury,Vehicle to Vehicle,Not Applicable,Others,One way,Not Applicable,Dry,Not Applicable,Fine,Halasuru Road,Near Agga Abbasali Road,10 mtr,12.975423,77.61744,0,0,0.0,0.0
Bengaluru City,Halasur Traffic PS,1.04432e+16,2023,1,1,Road Accidents,Curves,City/Town,Near Hospital,Human Error,No,Fatal,Not Applicable,Not at  Junction,Slight Curve,Two way,Surfaced,Dry,Not Applicable,Clear,Old Airport Road,Green Tree,24,12.963547,77.626316,0,0,,
Bengaluru City,Halasur Traffic PS,1.04432e+16,2023,1,1,Not Applicable,Not Applicable,City/Town,Open area,Not Applicable,Not Applicable,Fatal,Not Applicable,Not at  Junction,Straight and flat,One way,Not Applicable,Dry,Not Applicable,Fine,100 Feet Road,Near Old Madaras Road,500mtr,0.0,0.0,0,0,0.0,0.0
Bengaluru City,Halasur Traffic PS,1.04432e+16,2023,1,2,Road Accidents,Not Applicable,City/Town,Near School or College,Human Error,Yes,Grievous Injury,Vehicle to Vehicle,Not Applicable,Not Applicable,Two way,Surfaced,Dry,Not Applicable,Clear,Old Airport Road oppsite ASC Collage gate,Ajard Bord,30,0.0,0.0,0,0,,
Bengaluru City,Halasur Traffic PS,1.04432e+16,2023,1,2,Road Accidents,Not Applicable,City/Town,Residential area,Human Error,Yes,Simple Injury,Vehicle to Vehicle,Not at  Junction,Straight and flat,Two way,Surfaced,Dry,Not Applicable,Cloudy,Swamy vivakananda Road,Metro Pillar,17.5,0.0,0.0,0,0,,
Bengaluru City,Halasur Traffic PS,1.04432e+16,2023,1,2,Road Accidents,Junction,City/Town,Open area,Human Error,Yes,Damage Only,Vehicle to Vehicle,Signal lights Manual,Straight and flat,One way,Surfaced,Dry,Not Applicable,Clear,Bhaskaran Road,Elecrical Poll,19,0.0,0.0,0,0,,
Bengaluru City,Halasur Traffic PS,1.04432e+16,2023,1,2,Road Accidents,Junction,City/Town,Near School or College,Not Applicable,No,Grievous Injury,Not Applicable,Stop sign,Not Applicable,Two way,Not Applicable,Not Applicable,Not Applicable,Clear,ASC CENTRE JUCTION,ROAD,0.5KM,12.967093,77.621518,0,0,0.0,0.0
Bengaluru City,Halasur Traffic PS,1.04432e+16,2023,1,1,Road Accidents,Not Applicable,City/Town,Open area,Not Applicable,Not Applicable,Grievous Injury,Hit pedestrian,Not Applicable,Not Applicable,One way,Not Applicable,Dry,Not Applicable,Fine,Trinity Road,Near R M Road Junction,100 mt,12.970819,77.619539,0,0,0.0,0.0
Bengaluru City,Halasur Traffic PS,1.04432e+16,2023,1,1,Road Accidents,Not Applicable,City/Town,Open area,Not Applicable,Not Applicable,Fatal,Not Applicable,Not Applicable,Curve,One way,Not Applicable,Dry,Not Applicable,Fine,Old Air Port Road,Near Command Hospital,50mtrs,12.963633,77.926371,0,0,0.0,0.0
Bengaluru City,Halasur Traffic PS,1.04432e+16,2023,1,2,Road Accidents,Narrow road,City/Town,Residential area,Human Error,No,Damage Only,Vehicle to Vehicle,Controlled,Straight and flat,Others,Bitumen(Tar),Dry,Not Applicable,Clear,OLD AIRPORT ROAD NEAR WATER TANK JUNCATION,1,39,0.0,0.0,0,0,0.0,0.0
Bengaluru City,Halasur Traffic PS,1.04432e+16,2023,1,2,Road Accidents,Narrow road,City/Town,Residential area,Human Error,No,Damage Only,Vehicle to Vehicle,Not Applicable,Straight and flat,Two way,Surfaced,Dry,Not Applicable,Cloudy,Kormangal Inner Ring Road,electrical pole,35,0.0,0.0,0,0,,
Bengaluru City,Halasur Traffic PS,1.04432e+16,2023,1,1,Road Accidents,Junction,City/Town,Near Petrol Pump,Human Error,No,Simple Injury,Hit pedestrian,Signal lights Automatic,Straight and flat,Two way,Surfaced,Dry,Not Applicable,Clear,WEB JUNCTION,METRO PILLAR,11,0.0,0.0,0,0,,
Bengaluru City,Halasur Traffic PS,1.04432e+16,2023,1,1,Not Applicable,Not Applicable,City/Town,Open area,Not Applicable,Yes,Simple Injury,Not Applicable,Not Applicable,Not Applicable,One way,Not Applicable,Others,Not Applicable,Fine,Gangadhar Road,Near Thiruvallavar Statue,10 mtr,12.981365,77.615782,0,1,0.0,1.0
Bengaluru City,Halasur Traffic PS,1.04432e+16,2023,1,1,Not Applicable,Not Applicable,City/Town,Open area,Not Applicable,Yes,Grievous Injury,Not Applicable,Not at  Junction,Not Applicable,One way,Not Applicable,Dry,Not Applicable,Fine,Old Air Port Road,Near Commando Hospital,50 mtr,12.946036,77.64001,0,0,0.0,0.0
Bengaluru City,Halasur Traffic PS,1.04432e+16,2023,1,2,Road Accidents,Not Applicable,City/Town,Open area,Not Applicable,No,Grievous Injury,Vehicle to Vehicle,Not Applicable,Not Applicable,One way,Not Applicable,Dry,Not Applicable,Fine,R M ROAD,NEAR CENTURIAN APARTMENT,50 M,12.969882,77.616547,0,0,0.0,0.0
Bengaluru City,Halasur Traffic PS,1.04432e+16,2023,1,1,Not Applicable,Curves,City/Town,Open area,Not Applicable,No,Grievous Injury,Not Applicable,Not Applicable,Others,Not Applicable,Not Applicable,Dry,Not Applicable,Fine,Innar Ring Road,Near Junction,500mtr,0.0,0.0,0,0,0.0,0.0
Bengaluru City,Halasur Traffic PS,1.04432e+16,2023,1,2,Road Accidents,Narrow road,City/Town,Near Bus stop,Human Error,No,Simple Injury,Vehicle to Vehicle,Controlled,Straight and flat,Others,Bitumen(Tar),Dry,Not Applicable,Clear,PROFESSOR UR RAO ROAD NEAR DPMMALURU WATER TANK,1,40.5,0.0,0.0,0,0,0.0,0.0
Bengaluru City,Halasur Traffic PS,1.04432e+16,2023,1,2,Road Accidents,Junction,City/Town,Near Bus stop,Not Applicable,No,Grievous Injury,Vehicle to Vehicle,Controlled,Curve,Others,Not Applicable,Dry,Not Applicable,Fine,R.M.Road Junction,Near Trinity Junction,50mtrs,0.0,0.0,0,0,0.0,0.0
Bengaluru City,Halasur Traffic PS,1.04432e+16,2023,1,2,Road Accidents,Narrow road,City/Town,Residential area,Not Applicable,No,Damage Only,Vehicle to Vehicle,Not at  Junction,Others,Two way,Surfaced,Dry,Not Applicable,Clear,M G ROAD,25,25,0.0,0.0,0,0,,
Bengaluru City,Halasur Traffic PS,1.04432e+16,2023,1,2,Road Accidents,Junction,City/Town,Near a religious place,Not Applicable,No,Grievous Injury,Vehicle to Vehicle,Controlled,Not Applicable,Two way,Surfaced,Dry,Not Applicable,Clear,BHASAKARAN ROAD,24,24,0.0,0.0,0,0,,
Bengaluru City,Halasur Traffic PS,1.04432e+16,2023,1,2,Road Accidents,Not Applicable,City/Town,Open area,Human Error,No,Grievous Injury,Vehicle to Vehicle,Not at  Junction,Straight and flat,Two way,Surfaced,Dry,Not Applicable,Clear,NEAR ASC COLLAGE GATE  OLD AIRPORT ROAD,ELECTRICAL POLL,20,0.0,0.0,0,0,,
Bengaluru City,Halasur Traffic PS,1.04432e+16,2023,1,1,Road Accidents,Not Applicable,City/Town,Residential area,Human Error,No,Grievous Injury,Hit pedestrian,Not at  Junction,Straight and flat,Two way,Surfaced,Dry,Not Applicable,Clear,Kormangala inner Ring Road,Electrical poll,30,12.976261,77.627507,0,0,,
Bengaluru City,Halasur Traffic PS,1.04432e+16,2023,1,1,Road Accidents,Not Applicable,City/Town,Open area,Human Error,No,Grievous Injury,Hit pedestrian,Not at  Junction,Straight and flat,Two way,Surfaced,Dry,Not Applicable,Clear,O M ROAD,ELECTRICAL POLL,23,0.0,0.0,0,0,,
Bengaluru City,Halasur Traffic PS,1.04432e+16,2023,1,1,Road Accidents,Curves,City/Town,Open area,Not Applicable,Not Applicable,Fatal,Not Applicable,Not Applicable,Curve,One way,Not Applicable,Dry,Not Applicable,Fine,Innar Ring Road,Near Air Junction,50mtr,12.974126,77.682612,0,0,0.0,0.0
Bengaluru City,Halasur Traffic PS,1.04432e+16,2023,1,1,Road Accidents,Not Applicable,City/Town,Open area,Not Applicable,Not Applicable,Simple Injury,Not Applicable,Not at  Junction,Others,One way,Not Applicable,Dry,Not Applicable,Fine,Innar Ring Road,Near Madhurai Idli Hotel,20 mtr,12.936408,77.61491,0,0,0.0,0.0
Bengaluru City,Halasur Traffic PS,1.04432e+16,2023,1,1,Road Accidents,Curves,City/Town,Residential area,Human Error,No,Grievous Injury,Not Applicable,Not at  Junction,Curve,Two way,Surfaced,Dry,Not Applicable,Cloudy,OLD AIRPORT ROAD,Green Tree,25,12.963027,77.627223,0,0,,
Bengaluru City,Halasur Traffic PS,1.04432e+16,2023,1,2,Road Accidents,Junction,City/Town,Residential area,Human Error,No,Grievous Injury,Vehicle to Vehicle,No signal lights,Straight and flat,Residential Street,Surfaced,Others,Not Applicable,Cloudy,Nala Road Sarswathipuram,Electrical poll,16,0.0,0.0,0,1,,
Bengaluru City,Halasur Traffic PS,1.04432e+16,2023,1,1,Road Accidents,Not Applicable,City/Town,Open area,Not Applicable,Not Applicable,Fatal,Not Applicable,Not at  Junction,Not Applicable,Others,Not Applicable,Not Applicable,Not Applicable,Fine,Old Air Port,Near Aralikatte,500 mt,0.0,0.0,0,0,0.0,0.0
Bengaluru City,Halasur Traffic PS,1.04432e+16,2023,1,2,Road Accidents,Circle,City/Town,Open area,Human Error,No,Grievous Injury,Vehicle to Vehicle,Signal lights Automatic,Straight and flat,Two way,Surfaced,Dry,Not Applicable,Clear,M G Road,Signal Poll,22,12.972537,77.619526,0,0,,
Bengaluru City,Halasur Traffic PS,1.04432e+16,2023,1,1,Not Applicable,Not Applicable,City/Town,Open area,Not Applicable,Not Applicable,Grievous Injury,Hit pedestrian,Not Applicable,Others,Two way,Not Applicable,Dry,Not Applicable,Fine,Cambridje Road,Pole,29,0.0,0.0,0,0,0.0,0.0
Bengaluru City,Halasur Traffic PS,1.04432e+16,2023,1,2,Road Accidents,Narrow road,City/Town,Residential area,Human Error,No,Grievous Injury,Vehicle to Vehicle,Not at  Junction,Straight and flat,Others,Bitumen(Tar),Dry,Not Applicable,Clear,R M ROAD NEAR TRINITY JUNCATION,1,22,0.0,0.0,0,0,0.0,0.0
Bengaluru City,Halasur Traffic PS,1.04432e+16,2023,1,1,Not Applicable,Not Applicable,City/Town,Open area,Not Applicable,Not Applicable,Grievous Injury,Not Applicable,Not Applicable,Others,One way,Not Applicable,Dry,Not Applicable,Fine,Swami Vivekanda Road,Near 515 Road,20 Mtr,12.972715,77.621194,0,0,0.0,0.0
Bengaluru City,Halasur Traffic PS,1.04432e+16,2023,1,1,Road Accidents,Curves,City/Town,Open area,Not Applicable,Not Applicable,Fatal,Not Applicable,Not Applicable,Curve,One way,Not Applicable,Dry,Not Applicable,Fine,Innar Ring Road,Madhrai Idli Hotel,30,12.954524,77.641296,0,0,0.0,0.0
Bengaluru City,Halasur Traffic PS,1.04432e+16,2023,1,2,Road Accidents,Cross roads,City/Town,In bazaar,Not Applicable,No,Damage Only,Vehicle to Vehicle,Police / Manual,Others,Others,Not Applicable,Dry,Not Applicable,Fine,C.M.HRoad,Shanthi Sagar Junction,10mtrs,0.0,0.0,0,0,0.0,0.0
Bengaluru City,Halasur Traffic PS,1.04432e+16,2023,1,2,Road Accidents,Junction,City/Town,Near office complex,Human Error,Yes,Grievous Injury,Vehicle to Vehicle,Controlled,Straight and flat,Others,Bitumen(Tar),Dry,Not Applicable,Clear,OLD AIRPORT ROAD ASC JUNCATION,1,30,0.0,0.0,0,0,0.0,0.0
Bengaluru City,Halasur Traffic PS,1.04432e+16,2023,1,1,Road Accidents,Not Applicable,City/Town,Near Petrol Pump,Human Error,No,Simple Injury,Hit bicyclist,Not Applicable,Straight and flat,Two way,Surfaced,Dry,Not Applicable,Cloudy,Kormangala Inner Ring Road,electrical poll,36,0.0,0.0,0,0,,
Bengaluru City,Halasur Traffic PS,1.04432e+16,2023,1,1,Road Accidents,Narrow road,City/Town,Near Bus stop,Human Error,No,Fatal,Not Applicable,Not at  Junction,Straight and flat,Two way,Surfaced,Dry,Not Applicable,Clear,O M Rad,Electrical Poll,59,12.982031,77.624856,0,0,,
Bengaluru City,Halasur Traffic PS,1.04432e+16,2023,1,3,Road Accidents,Not Applicable,City/Town,Open area,Not Applicable,Yes,Fatal,Vehicle to Vehicle,Not Applicable,Not Applicable,Others,Not Applicable,Dry,Not Applicable,Fine,Koramangal Innar Ring Road,Near Petrol Bunk,50mtrs,0.0,0.0,0,0,0.0,0.0
Bengaluru City,Halasur Traffic PS,1.04432e+16,2023,1,1,Road Accidents,Junction,City/Town,In bazaar,Human Error,Yes,Grievous Injury,Hit pedestrian,Controlled,Straight and flat,Others,Bitumen(Tar),Dry,Not Applicable,Clear,1ST MAIN ROAD BAZAR STREET ROAD,KEB POLL,12,0.0,0.0,0,0,0.0,0.0
Bengaluru City,Halasur Traffic PS,1.04432e+16,2023,1,2,Road Accidents,Narrow road,City/Town,Open area,Human Error,Yes,Grievous Injury,Vehicle to Vehicle,Not at  Junction,Straight and flat,Two way,Surfaced,Dry,Not Applicable,Clear,Inner Ring Road Domlur Flyover,electrical poll,41,12.960974,77.641761,0,0,,
Bengaluru City,Halasur Traffic PS,1.04432e+16,2023,1,2,Road Accidents,Narrow road,City/Town,Near a religious place,Not Applicable,No,Damage Only,Vehicle to Vehicle,No signal lights,Not Applicable,Others,Surfaced,Dry,Not Applicable,Clear,om road,1,17,0.0,0.0,0,0,,
Bengaluru City,Halasur Traffic PS,1.04432e+16,2023,1,1,Road Accidents,Cross roads,City/Town,Open area,Not Applicable,No,Grievous Injury,Hit pedestrian,Not Applicable,Others,One way,Not Applicable,Dry,Not Applicable,Clear,Old Airport Road,Near Water Tank Junction,50mtrs,0.0,0.0,0,0,0.0,0.0
Bengaluru City,Halasur Traffic PS,1.04432e+16,2023,1,1,Road Accidents,Not Applicable,City/Town,At pedestrian Crossing,Not Applicable,Yes,Grievous Injury,Hit pedestrian,Not at  Junction,Others,Two way,Not Applicable,Dry,Not Applicable,Not Applicable,INNER RING ROAD,INNER RING ROAD,2,12.952336,77.640287,0,0,0.0,0.0
Bengaluru City,Halasur Traffic PS,1.04432e+16,2023,1,1,Road Accidents,Not Applicable,City/Town,Open area,Not Applicable,No,Grievous Injury,Not Applicable,Not Applicable,Not Applicable,One way,Not Applicable,Dry,Not Applicable,Fine,Old Air Port Road,Near ASC Junction,50 Mtr,12.96723,77.621719,0,0,0.0,0.0
Bengaluru City,Halasur Traffic PS,1.04432e+16,2023,1,1,Road Accidents,Narrow road,City/Town,Residential area,Human Error,No,Grievous Injury,Hit bicyclist,Not at  Junction,Straight and flat,Others,Bitumen(Tar),Dry,Not Applicable,Clear,M G ROAD,B,17,0.0,0.0,0,0,0.0,0.0
Bengaluru City,Halasur Traffic PS,1.04432e+16,2023,1,2,Road Accidents,Junction,City/Town,Near Bus stop,Human Error,No,Simple Injury,Vehicle to Vehicle,Controlled,Straight and flat,Others,Bitumen(Tar),Dry,Not Applicable,Clear,OLD AIRPORT ROAD NEAR DOMMALURU WATER TANK JN,B,46,0.0,0.0,0,0,0.0,0.0
Bengaluru City,Halasur Traffic PS,1.04432e+16,2023,1,3,Road Accidents,Not Applicable,City/Town,Near Bus stop,Human Error,No,Damage Only,Vehicle to Vehicle,Not Applicable,Straight and flat,Two way,Surfaced,Dry,Not Applicable,Clear,old Airport Road Near Domlur Bus Stop,electrical poll,32,0.0,0.0,0,0,,
Bengaluru City,Halasur Traffic PS,1.04432e+16,2023,1,1,Road Accidents,Narrow road,City/Town,Residential area,Human Error,Yes,Grievous Injury,Hit pedestrian,Not at  Junction,Straight and flat,Two way,Surfaced,Dry,Not Applicable,Cloudy,Gangadhar Cheety Road,Green Tree,14,12.978599,77.618666,0,0,,
Bengaluru City,Hebbal Traffic PS,1.04432e+16,2016,1,1,Road Accidents,Other,City/Town,At pedestrian Crossing,Human Error,No,Grievous Injury,Hit pedestrian,Not at  Junction,Straight and flat,City or Town Road,Bitumen(Tar),Dry,No influence on accident,Fine,Manyatha Tech Park Ring Road,Electrical Pole,10Ft,0.0,0.0,0,0,0.0,0.0
Bengaluru City,Hebbal Traffic PS,1.04432e+16,2016,1,1,Road Accidents,Not Applicable,City/Town,Open area,Human Error,Yes,Fatal,Hit pedestrian,Uncontrolled,Straight and flat,Two way,Bitumen(Tar),Dry,No influence on accident,Fine,Near C R Weigh Bridge Lumbini Garden,Electric Poul,20ft,0.0,0.0,0,0,0.0,0.0
Bengaluru City,Hebbal Traffic PS,1.04432e+16,2016,1,3,Road Accidents,Other,City/Town,Open area,Human Error,No,Damage Only,Others,Uncontrolled,Straight and flat,City or Town Road,Bitumen(Tar),Dry,Not Applicable,Fine,"OPPOSIT ESTEM MALL, BB ROAD",Electric POLE,30 FT,0.0,0.0,0,0,0.0,0.0
Bengaluru City,Hebbal Traffic PS,1.04432e+16,2016,1,1,Road Accidents,Other,City/Town,Near Bus stop,Human Error,No,Grievous Injury,Rear end,Uncontrolled,Straight and flat,City or Town Road,Bitumen(Tar),Dry,No influence on accident,Fine,Near chamundeshwarai Bus Stop,electric Pol,25ft,0.0,0.0,0,0,0.0,0.0
Bengaluru City,Hebbal Traffic PS,1.04432e+16,2016,1,2,Road Accidents,Other,City/Town,Open area,Human Error,No,Fatal,Side swipe,Not at  Junction,Straight and flat,Two way,Bitumen(Tar),Dry,No influence on accident,Fine,"16th Cross, Bhuvaneshwari Nagara",Electric Poul,8ft,0.0,0.0,0,0,0.0,0.0
Bengaluru City,Hebbal Traffic PS,1.04432e+16,2016,1,2,Road Accidents,Other,City/Town,Open area,Human Error,No,Grievous Injury,Rear end,Uncontrolled,Not Applicable,City or Town Road,Bitumen(Tar),Dry,Not Applicable,Very Cold,"ring road, near railway station",Electric pol,25 ft,0.0,0.0,0,0,0.0,0.0
Bengaluru City,Hebbal Traffic PS,1.04432e+16,2016,1,4,Road Accidents,Junction,City/Town,Near Bus stop,Human Error,No,Damage Only,Overturning,Signal lights Automatic,Straight and flat,NH,Bitumen(Tar),Dry,No influence on accident,Others,Near Kempapura Cross Bellary Road,Pol,20ft,0.0,0.0,0,0,0.0,0.0
Bengaluru City,Hebbal Traffic PS,1.04432e+16,2016,1,1,Road Accidents,Narrow road,City/Town,Open area,Human Error,No,Grievous Injury,Skidding or Self accident,No signal lights,Curve,Two way,Bitumen(Tar),Dry,Not Applicable,Others,Ring Road Hebbala,pol,10ft,0.0,0.0,0,0,0.0,0.0
Bengaluru City,Hebbal Traffic PS,1.04432e+16,2016,1,1,Road Accidents,Junction,City/Town,Near Bus stop,Human Error,Yes,Simple Injury,Hit pedestrian,No signal lights,Straight and flat,Two way,Bitumen(Tar),Dry,No influence on accident,Fine,Ring Road Hebbla,Electri Pol,30ft,0.0,0.0,0,0,0.0,0.0
Bengaluru City,Hebbal Traffic PS,1.04432e+16,2016,1,2,Road Accidents,Other,City/Town,Open area,Human Error,Not Applicable,Simple Injury,Hit bicyclist,Not at  Junction,Straight and flat,Two way,Bitumen(Tar),Dry,No influence on accident,Fine,Near Kabeer Ashram,Electrical Pole,10Ft,0.0,0.0,0,0,0.0,0.0
Bengaluru City,Hebbal Traffic PS,1.04432e+16,2016,1,2,Road Accidents,Bridge,City/Town,Narrow bridge or culverts,Human Error,Yes,Damage Only,Hit and Run,No signal lights,Straight and flat,Two way,Bitumen(Tar),Dry,No influence on accident,Fine,Near Nagawar Fly Over,Electric Pol,20ft,0.0,0.0,0,0,0.0,0.0
Bengaluru City,Hebbal Traffic PS,1.04432e+16,2016,1,1,Road Accidents,Other,City/Town,Residential area,Human Error,No,Fatal,Hit pedestrian,Not at  Junction,Straight and flat,Others,Bitumen(Tar),Dry,No influence on accident,Clear,CHIKKA VENKATAPPA LAYOUT 1ST CROSS D B SANDRA,Electric Poul,8ft,0.0,0.0,0,0,0.0,0.0
Bengaluru City,Hebbal Traffic PS,1.04432e+16,2016,1,2,Road Accidents,Other,City/Town,Near office complex,Human Error,No,Damage Only,Rear end,No signal lights,Straight and flat,City or Town Road,Bitumen(Tar),Dry,No influence on accident,Fine,"NEAR MANYATHA TEC PARK, RING ROAD",Electric pol,25 ft,0.0,0.0,0,0,0.0,0.0
Bengaluru City,Hebbal Traffic PS,1.04432e+16,2016,1,1,Road Accidents,Other,City/Town,Near Hospital,Human Error,No,Grievous Injury,Hit pedestrian,Uncontrolled,Straight and flat,NH,Bitumen(Tar),Dry,No influence on accident,Fine,Near Devi Nagara Cross Ring Road,pol,20ft,0.0,0.0,0,0,0.0,0.0
Bengaluru City,Hebbal Traffic PS,1.04432e+16,2016,1,2,Road Accidents,Circle,City/Town,Near Bus stop,Human Error,No,Grievous Injury,Hit bicyclist,Uncontrolled,Others,Two way,Bitumen(Tar),Dry,No influence on accident,Fine,Near Andra Bank Lakshmipura Cross  Main Road,Electric Poul,20ft,0.0,0.0,0,0,0.0,0.0
Bengaluru City,Hebbal Traffic PS,1.04432e+16,2016,1,2,Road Accidents,Cross roads,City/Town,Open area,Human Error,No,Grievous Injury,Rear end,No signal lights,Straight and flat,City or Town Road,Bitumen(Tar),Dry,No influence on accident,Fine,"OPPOSIT LUMBINI GARDAN, OUTER RING ROAD",Electric pol,16 FT,0.0,0.0,0,0,0.0,0.0
Bengaluru City,Hebbal Traffic PS,1.04432e+16,2016,1,2,Road Accidents,Other,City/Town,Residential area,Human Error,No,Damage Only,Head on,Uncontrolled,Straight and flat,Two way,Bitumen(Tar),Dry,No influence on accident,Fine,"KABIR SEVA ASHRAMA ROAD, DODDABOMMASANDRA",Electric POLE,18ft,0.0,0.0,0,0,0.0,0.0
Bengaluru City,Hebbal Traffic PS,1.04432e+16,2016,1,2,Road Accidents,Junction,City/Town,Near Bus stop,Human Error,No,Grievous Injury,Hit bicyclist,Signal lights Automatic,Straight and flat,Others,Bitumen(Tar),Dry,No influence on accident,Others,Near Hebbal Circle Ring Road Hebbala,pol,30ft,0.0,0.0,0,0,0.0,0.0
Bengaluru City,Hebbal Traffic PS,1.04432e+16,2016,1,1,Road Accidents,More than four arms,City/Town,Open area,Human Error,No,Simple Injury,Hit pedestrian,No signal lights,Straight and flat,Two way,Bitumen(Tar),Dry,No influence on accident,Others,Kodigehalli Main Road,Manapuram Gold Loan,28ft,0.0,0.0,0,0,0.0,0.0
Bengaluru City,Hebbal Traffic PS,1.04432e+16,2016,1,2,Road Accidents,Other,City/Town,Open area,Human Error,Yes,Fatal,Hit bicyclist,No signal lights,Straight and flat,Two way,Bitumen(Tar),Dry,No influence on accident,Fine,Kabeer Ashrama Road,Transpermer,05ft,0.0,0.0,0,0,0.0,0.0
Bengaluru City,Hebbal Traffic PS,1.04432e+16,2016,1,1,Road Accidents,Circle,City/Town,Residential area,Human Error,No,Grievous Injury,Hit pedestrian,Signal lights Automatic,Curve,City or Town Road,Bitumen(Tar),Dry,Not Applicable,Fine,"HEBBAL CIRCLE, RING ROAD,",TRAFFIC AMBRELA,5 FT,0.0,0.0,0,0,0.0,0.0
Bengaluru City,Hebbal Traffic PS,1.04432e+16,2016,1,2,Road Accidents,Other,City/Town,Open area,Human Error,No,Fatal,Others,Not at  Junction,Not Applicable,Two way,Bitumen(Tar),Dry,No influence on accident,Fine,Near Sambram College M S Palya,Electric Poul,10ft,0.0,0.0,0,0,0.0,0.0
Bengaluru City,Hebbal Traffic PS,1.04432e+16,2016,1,2,Road Accidents,Narrow road,City/Town,Open area,Human Error,No,Fatal,Hit bicyclist,Uncontrolled,Straight and flat,City or Town Road,Bitumen(Tar),Dry,No influence on accident,Fine,Best County Bus Stop Hesaraghatta main Road,electric Pol,20ft,0.0,0.0,0,0,0.0,0.0
Bengaluru City,Hebbal Traffic PS,1.04432e+16,2016,1,2,Road Accidents,Other,City/Town,Open area,Human Error,No,Damage Only,Rear end,No signal lights,Straight and flat,Two way,Bitumen(Tar),Dry,No influence on accident,Clear,Ring Road Hebbal,20Ft,Pole,0.0,0.0,0,0,0.0,0.0
Bengaluru City,Hebbal Traffic PS,1.04432e+16,2016,1,2,Road Accidents,Bridge,City/Town,Open area,Human Error,No,Grievous Injury,Head on,Not at  Junction,Straight and flat,NH,Bitumen(Tar),Dry,No influence on accident,Fine,"ON HEBBALA FLY OVER,",Electric pol,10 FT,0.0,0.0,0,0,0.0,0.0
Bengaluru City,Hebbal Traffic PS,1.04432e+16,2016,1,1,Road Accidents,Other,City/Town,Near a recreation place/cinema,Human Error,Yes,Fatal,Hit pedestrian,Signal lights Automatic,Straight and flat,NH,Bitumen(Tar),Dry,No influence on accident,Fine,NAGAWARA FLY OVER DOWN RAMP. RING ROAD,Signal Light,30 FT,0.0,0.0,0,0,0.0,0.0
Bengaluru City,Hebbal Traffic PS,1.04432e+16,2016,1,1,Road Accidents,Other,City/Town,Near Bus stop,Human Error,No,Grievous Injury,Hit pedestrian,Uncontrolled,Others,Two way,Bitumen(Tar),Dry,No influence on accident,Fine,Near Devi Nagara Cross Ring Road,Electric POLE,28ft,0.0,0.0,0,0,0.0,0.0