DISTRICTNAME,UNITNAME,Crime_No,Year,RI,Noofvehicle_involved,Accident_Classification,Accident_Spot,Accident_Location,Accident_SubLocation,Main_Cause,Hit_Run,Severity,Collision_Type,Junction_Control,Road_Character,Road_Type,Surface_Type,Surface_Condition,Road_Condition,Weather,Accident_Road,Landmark_first,Distance_LandMark_First,Latitude,Longitude,Road_Condition_Score,Surface_Condition_Score,Surface_Type_Score,Road_Risk_Index
Bengaluru City,Hebbal Traffic PS,1.04432e+16,2017,1,2,Road Accidents,Not Applicable,City/Town,Open area,Human Error,No,Simple Injury,Rear end,Uncontrolled,Straight and flat,City or Town Road,Bitumen(Tar),Dry,No influence on accident,Fine,Near Auto Stand Ganesha Temple,pol,25ft,0.0,0.0,0,0,0.0,0.0
Bengaluru City,Hebbal Traffic PS,1.04432e+16,2017,1,2,Road Accidents,Not Applicable,City/Town,Near Bus stop,Human Error,No,Damage Only,Rear end,No signal lights,Straight and flat,Two way,Bitumen(Tar),Dry,No influence on accident,Fine,Near' Yogeshwara Nagara Cross,Electric pol,5ft,0.0,0.0,0,0,0.0,0.0
Bengaluru City,Hebbal Traffic PS,1.04432e+16,2017,1,1,Road Accidents,Bridge,City/Town,Open area,Human Error,Yes,Simple Injury,Hit bicyclist,Uncontrolled,Straight and flat,Two way,Bitumen(Tar),Dry,No influence on accident,Fine,Near Hebbal Railway Station Ring Road,Electric Poul,30ft,0.0,0.0,0,0,0.0,0.0
Bengaluru City,Hebbal Traffic PS,1.04432e+16,2017,1,2,Road Accidents,Not Applicable,City/Town,Near office complex,Human Error,No,Damage Only,Overturning,No signal lights,Straight and flat,Two way,Bitumen(Tar),Dry,No influence on accident,Fine,Manyatha Teck Park,Electric Poul,20ft,0.0,0.0,0,0,0.0,0.0
Bengaluru City,Hebbal Traffic PS,1.04432e+16,2017,1,1,Road Accidents,Circle,City/Town,Near Bus stop,Human Error,Yes,Simple Injury,Hit pedestrian,Not at  Junction,Straight and flat,Two way,Bitumen(Tar),Dry,No influence on accident,Fine,Near Children Park Singapura Bus Stop,Electric Poul,8ft,0.0,0.0,0,0,0.0,0.0
Bengaluru City,Hebbal Traffic PS,1.04432e+16,2017,1,1,Road Accidents,Other,City/Town,Open area,Human Error,No,Fatal,Skidding or Self accident,Uncontrolled,Straight and flat,City or Town Road,Bitumen(Tar),Dry,No influence on accident,Fine,Dayananda Pai House Opp BB Road,Skide Mark,3ft,0.0,0.0,0,0,0.0,0.0
Bengaluru City,Hebbal Traffic PS,1.04432e+16,2017,1,2,Road Accidents,Circle,City/Town,Open area,Human Error,No,Fatal,Hit pedestrian,Uncontrolled,Others,City or Town Road,Bitumen(Tar),Dry,No influence on accident,Fine,Sun Digital Sudio Kodigehalli Main Road,Electric Pol,10ft,0.0,0.0,0,0,0.0,0.0
Bengaluru City,Hebbal Traffic PS,1.04432e+16,2017,1,2,Road Accidents,Circle,City/Town,Near Bus stop,Human Error,No,Damage Only,Rear end,Uncontrolled,Curve,City or Town Road,Bitumen(Tar),Dry,No influence on accident,Fine,Hebbal Circle Ring Road,Singnal Pol,35ft,0.0,0.0,0,0,0.0,0.0
Bengaluru City,Hebbal Traffic PS,1.04432e+16,2017,1,2,Road Accidents,Junction,City/Town,Open area,Human Error,No,Damage Only,Rear end,Uncontrolled,Straight and flat,City or Town Road,Bitumen(Tar),Dry,No influence on accident,Fine,Near Esteem Mall BB Road,Electric Pole,30ft,0.0,0.0,0,0,0.0,0.0
Bengaluru City,Hebbal Traffic PS,1.04432e+16,2017,1,1,Road Accidents,Other,City/Town,Near Bus stop,Human Error,No,Simple Injury,Hit pedestrian,Uncontrolled,Straight and flat,City or Town Road,Bitumen(Tar),Dry,No influence on accident,Fine,Yogesh Nagara Bus Stop Ring Raad,Electric Pol,25ft,0.0,0.0,0,0,0.0,0.0
Bengaluru City,Hebbal Traffic PS,1.04432e+16,2017,1,1,Road Accidents,Other,City/Town,Open area,Human Error,Yes,Simple Injury,Hit pedestrian,Uncontrolled,Others,City or Town Road,Bitumen(Tar),Dry,No influence on accident,Fine,Amco Layout Jakkur Layout Main Road,Electric Pol,30ft,0.0,0.0,0,0,0.0,0.0
Bengaluru City,Hebbal Traffic PS,1.04432e+16,2017,1,2,Road Accidents,Other,City/Town,Open area,Human Error,No,Simple Injury,Head on,Uncontrolled,Straight and flat,City or Town Road,Bitumen(Tar),Dry,No influence on accident,Fine,Infront Of Med Star Hospital Kodigehalli,Electric Pole,25ft,0.0,0.0,0,0,0.0,0.0
Bengaluru City,Hebbal Traffic PS,1.04432e+16,2017,1,1,Road Accidents,Other,City/Town,Open area,Human Error,No,Simple Injury,Hit pedestrian,Uncontrolled,Others,Two way,Bitumen(Tar),Dry,No influence on accident,Fine,Near Shani Mahathma Temple Jakkur,median,20ft,0.0,0.0,0,0,0.0,0.0
Bengaluru City,Hebbal Traffic PS,1.04432e+16,2017,1,1,Road Accidents,Junction,City/Town,Open area,Human Error,No,Grievous Injury,Skidding or Self accident,Signal lights Automatic,Straight and flat,City or Town Road,Bitumen(Tar),Dry,No influence on accident,Fine,Byatarayanapura Junction,eletric pol,52ft,0.0,0.0,0,0,0.0,0.0
Bengaluru City,Hebbal Traffic PS,1.04432e+16,2017,1,2,Road Accidents,Bridge,City/Town,Open area,Human Error,No,Damage Only,Rear end,Not at  Junction,Straight and flat,City or Town Road,Bitumen(Tar),Dry,No influence on accident,Fine,On Hebbal Fly Over B B Road,electric Pol,20FT,0.0,0.0,0,0,0.0,0.0
Bengaluru City,Hebbal Traffic PS,1.04432e+16,2017,1,2,Road Accidents,Bridge,City/Town,Open area,Human Error,No,Fatal,Rear end,Uncontrolled,Straight and flat,City or Town Road,Bitumen(Tar),Dry,No influence on accident,Fine,On B B Road Fly Over  Near Mother Wood Hospital,electric Pol,30ft,0.0,0.0,0,0,0.0,0.0
Bengaluru City,Hebbal Traffic PS,1.04432e+16,2017,1,2,Road Accidents,Cross roads,City/Town,Open area,Human Error,No,Grievous Injury,Rear end,Uncontrolled,Straight and flat,City or Town Road,Bitumen(Tar),Dry,No influence on accident,Fine,Narayan School Cross Amco Layout,pol,25ft,0.0,0.0,0,0,0.0,0.0
Bengaluru City,Hebbal Traffic PS,1.04432e+16,2017,1,1,Road Accidents,Bridge,City/Town,Open area,Human Error,No,Fatal,Hit pedestrian,Uncontrolled,Straight and flat,City or Town Road,Bitumen(Tar),Dry,No influence on accident,Fine,Infront of Big Bazar Ring Road Bhadrappa Layout,eletric pol,28ft,0.0,0.0,0,0,0.0,0.0
Bengaluru City,Hebbal Traffic PS,1.04432e+16,2017,1,1,Road Accidents,Cross roads,City/Town,Near office complex,Human Error,No,Grievous Injury,Others,Uncontrolled,Others,City or Town Road,Bitumen(Tar),Dry,No influence on accident,Fine,KODIGEHALLI ps neair,elctric pol,30 FT,0.0,0.0,0,0,0.0,0.0
Bengaluru City,Hebbal Traffic PS,1.04432e+16,2017,1,1,Road Accidents,Cross roads,City/Town,Open area,Human Error,No,Simple Injury,Hit pedestrian,Uncontrolled,Others,City or Town Road,Bitumen(Tar),Dry,No influence on accident,Fine,enfentre house sumngali sevasram,elctric pol,30 FT,0.0,0.0,0,0,0.0,0.0
Bengaluru City,Hebbal Traffic PS,1.04432e+16,2017,1,2,Road Accidents,Bridge,City/Town,Open area,Human Error,Yes,Damage Only,Hit and Run,Uncontrolled,Curve,City or Town Road,Bitumen(Tar),Dry,No influence on accident,Fine,HEBBALA FLEVOR,elctric pol,30,0.0,0.0,0,0,0.0,0.0
Bengaluru City,Hebbal Traffic PS,1.04432e+16,2018,1,1,Road Accidents,Cross roads,City/Town,Near a religious place,Human Error,Yes,Simple Injury,Hit and Run,Uncontrolled,Others,City or Town Road,Bitumen(Tar),Dry,Engineering Defect of Road,Fine,amma bekari ganesha tempal sahakara nagar main road,electric Pol,30fet,0.0,0.0,4,0,0.0,4.0
Bengaluru City,Hebbal Traffic PS,1.04432e+16,2018,1,2,Road Accidents,Cross roads,City/Town,Open area,Human Error,Yes,Simple Injury,Hit and Run,Uncontrolled,Others,City or Town Road,Bitumen(Tar),Dry,Engineering Defect of Road,Fine,Shobha Aprtment  Rachanahalli Main road,elictri poll,30fit,0.0,0.0,4,0,0.0,4.0
Bengaluru City,Hebbal Traffic PS,1.04432e+16,2018,1,1,Road Accidents,Cross roads,City/Town,Open area,Human Error,Yes,Simple Injury,Hit pedestrian,Uncontrolled,Others,City or Town Road,Bitumen(Tar),Dry,Engineering Defect of Road,Fine,Jelegeramm tempala road srinivas bar neiar,elictric poll,5 fit,0.0,0.0,4,0,0.0,4.0
Bengaluru City,Hebbal Traffic PS,1.04432e+16,2018,1,2,Road Accidents,Cross roads,City/Town,Open area,Human Error,No,Fatal,Others,Uncontrolled,Others,City or Town Road,Bitumen(Tar),Dry,Engineering Defect of Road,Fine,karle company geta neiar virannapalya,electric Pol,30fet,0.0,0.0,4,0,0.0,4.0
Bengaluru City,Hebbal Traffic PS,1.04432e+16,2018,1,3,Road Accidents,Bridge,City/Town,Open area,Human Error,No,Simple Injury,Others,Uncontrolled,Others,City or Town Road,Bitumen(Tar),Dry,Engineering Defect of Road,Fine,Virannapalya  flyover Neaer Ring Road,elictric poll,30fit,0.0,0.0,4,0,0.0,4.0
Bengaluru City,Hebbal Traffic PS,1.04432e+16,2018,1,2,Road Accidents,Bridge,City/Town,Open area,Human Error,No,Fatal,Rear end,Uncontrolled,Others,NH,Bitumen(Tar),Dry,Not Applicable,Fine,"On B B Road Fly Over, Near L&T Realty Apartment, Bengaluru",elictric poll,15fit,0.0,0.0,0,0,0.0,0.0
Bengaluru City,Hebbal Traffic PS,1.04432e+16,2018,1,1,Road Accidents,Other,City/Town,Open area,Human Error,Yes,Simple Injury,Hit pedestrian,Uncontrolled,Others,City or Town Road,Bitumen(Tar),Dry,No influence on accident,Fine,shaline bhar nagenahalli road,bhavutada poll,8fit,0.0,0.0,0,0,0.0,0.0
Bengaluru City,Hebbal Traffic PS,1.04432e+16,2018,1,2,Road Accidents,Junction,City/Town,Near Bus stop,Human Error,No,Grievous Injury,Others,Signal lights Automatic,Others,City or Town Road,Bitumen(Tar),Dry,No influence on accident,Fine,HEBBALA CRICAL,SIGNAL POLL,20FIT,0.0,0.0,0,0,0.0,0.0
Bengaluru City,Hebbal Traffic PS,1.04432e+16,2018,1,2,Road Accidents,Other,City/Town,Open area,Human Error,Yes,Simple Injury,Head on,Uncontrolled,Others,City or Town Road,Bitumen(Tar),Dry,No influence on accident,Fine,Lumbini Garden opp  Ring Road,electric Pol,30fet,0.0,0.0,0,0,0.0,0.0
Bengaluru City,Hebbal Traffic PS,1.04432e+16,2018,1,2,Road Accidents,Cross roads,City/Town,Open area,Human Error,Yes,Simple Injury,Hit and Run,Uncontrolled,Others,City or Town Road,Bitumen(Tar),Dry,Engineering Defect of Road,Fine,guddahalli main road,electric Pol,30fet,0.0,0.0,4,0,0.0,4.0
Bengaluru City,Hebbal Traffic PS,1.04432e+16,2018,1,3,Road Accidents,Other,City/Town,Open area,Human Error,Yes,Simple Injury,Hit and Run,Uncontrolled,Others,City or Town Road,Bitumen(Tar),Dry,Engineering Defect of Road,Fine,EXTIMALA MUNBAG  B B ROAD,ELECTRIC POLE,30fet,0.0,0.0,4,0,0.0,4.0
Bengaluru City,Hebbal Traffic PS,1.04432e+16,2018,1,2,Road Accidents,Other,City/Town,Open area,Human Error,No,Simple Injury,Rear end,Uncontrolled,Others,City or Town Road,Bitumen(Tar),Dry,Engineering Defect of Road,Fine,near vibgyor high school . jakkur,electric poll,15 fit,0.0,0.0,4,0,0.0,4.0
Bengaluru City,Hebbal Traffic PS,1.04432e+16,2018,1,2,Road Accidents,Cross roads,City/Town,In bazaar,Human Error,No,Simple Injury,Hit bicyclist,Uncontrolled,Others,City or Town Road,Bitumen(Tar),Dry,Engineering Defect of Road,Fine,Near relance fresh dasarahalli main road  benagaluru,ELECTRIC POLE,10ft,0.0,0.0,4,0,0.0,4.0
Bengaluru City,Hebbal Traffic PS,1.04432e+16,2018,1,2,Road Accidents,Cross roads,City/Town,Near Hospital,Human Error,No,Simple Injury,Others,Uncontrolled,Others,City or Town Road,Bitumen(Tar),Dry,Engineering Defect of Road,Fine,Colubia Asia Hospital BB Road,electric Pol,38fet,0.0,0.0,4,0,0.0,4.0
Bengaluru City,Hebbal Traffic PS,1.04432e+16,2018,1,2,Road Accidents,Cross roads,City/Town,Open area,Human Error,No,Simple Injury,Others,Uncontrolled,Others,City or Town Road,Bitumen(Tar),Dry,Engineering Defect of Road,Fine,Near Hebbal Railwyastioson  Ring Road,ELECTRIC POLE,20ft,0.0,0.0,4,0,0.0,4.0
Bengaluru City,Hebbal Traffic PS,1.04432e+16,2018,1,2,Road Accidents,Cross roads,City/Town,Open area,Human Error,Yes,Simple Injury,Others,Uncontrolled,Others,City or Town Road,Bitumen(Tar),Dry,Engineering Defect of Road,Fine,near 18th cross Jakkura Main Road,ELECTRIC POLE,30fet,0.0,0.0,4,0,0.0,4.0
Bengaluru City,Hebbal Traffic PS,1.04432e+16,2018,1,2,Road Accidents,Junction,City/Town,Open area,Human Error,No,Simple Injury,Rear end,Signal lights Automatic,Others,City or Town Road,Bitumen(Tar),Dry,Not Applicable,Fine,"Near Hebbal Circle, Ring Road Hebbala",Siganal Poll,30fet,0.0,0.0,0,0,0.0,0.0
Bengaluru City,Hebbal Traffic PS,1.04432e+16,2018,1,2,Road Accidents,Other,City/Town,Open area,Human Error,No,Fatal,Rear end,Uncontrolled,Others,City or Town Road,Bitumen(Tar),Dry,Not Applicable,Fine,"Near Century Apartment, B B Road, Bengaluru",electric Pol,25 fit,0.0,0.0,0,0,0.0,0.0
Bengaluru City,Hebbal Traffic PS,1.04432e+16,2018,1,1,Road Accidents,Other,City/Town,Open area,Human Error,No,Fatal,Hit pedestrian,Uncontrolled,Others,City or Town Road,Bitumen(Tar),Dry,No influence on accident,Fine,EXTIMALA MUNBAG  B B ROAD,electric Pol,38FIT,0.0,0.0,0,0,0.0,0.0
Bengaluru City,Hebbal Traffic PS,1.04432e+16,2018,1,2,Road Accidents,Other,City/Town,Near Petrol Pump,Human Error,No,Simple Injury,Others,Uncontrolled,Curve,City or Town Road,Bitumen(Tar),Dry,No influence on accident,Fine,D G Bhara and restorent,electrical poll,20 fit,0.0,0.0,0,0,0.0,0.0
Bengaluru City,Hebbal Traffic PS,1.04432e+16,2018,1,2,Road Accidents,Bridge,City/Town,Open area,Human Error,No,Damage Only,Rear end,Uncontrolled,Others,City or Town Road,Bitumen(Tar),Dry,No influence on accident,Fine,kodigehalli on flevoer,electric poll,20 fit,0.0,0.0,0,0,0.0,0.0
Bengaluru City,Hebbal Traffic PS,1.04432e+16,2018,1,1,Road Accidents,Cross roads,City/Town,Open area,Human Error,Yes,Simple Injury,Hit pedestrian,Uncontrolled,Others,City or Town Road,Bitumen(Tar),Others,No influence on accident,Light Rain,yuniyan benka bhuvaneswri nagar neiar dasarahalli mean road,electric Pol,20ft,0.0,0.0,0,1,0.0,1.0
Bengaluru City,Hebbal Traffic PS,1.04432e+16,2018,1,1,Road Accidents,Cross roads,City/Town,Open area,Not Applicable,No,Damage Only,Others,Uncontrolled,Others,City or Town Road,Bitumen(Tar),Dry,Engineering Defect of Road,Fine,neiar bhuvaneswari nagar dasarahalli main road,ELECTRIC POLE,20ft,0.0,0.0,4,0,0.0,4.0
Bengaluru City,Hebbal Traffic PS,1.04432e+16,2018,1,2,Road Accidents,Bridge,City/Town,Open area,Human Error,Yes,Simple Injury,Hit and Run,Uncontrolled,Others,City or Town Road,Bitumen(Tar),Dry,Engineering Defect of Road,Others,L&T REALITE APRTMENT NEIAR ON FLEOVER,ELCTRIC POLL,30 FIT,0.0,0.0,4,0,0.0,4.0
Bengaluru City,Hebbal Traffic PS,1.04432e+16,2018,1,2,Road Accidents,Cross roads,City/Town,Open area,Human Error,No,Simple Injury,Others,Uncontrolled,Others,City or Town Road,Bitumen(Tar),Dry,No influence on accident,Fine,Lumbhine gardan sarvis road,elictic pol,30 fit,0.0,0.0,0,0,0.0,0.0
Bengaluru City,Hebbal Traffic PS,1.04432e+16,2018,1,1,Road Accidents,Other,City/Town,Near a religious place,Human Error,No,Simple Injury,Hit pedestrian,Uncontrolled,Others,City or Town Road,Bitumen(Tar),Dry,Engineering Defect of Road,Fine,OM DEEVI NARAYANA HOME MARIYANNA PALAYA,electric Pol,30fet,0.0,0.0,4,0,0.0,4.0
Bengaluru City,Hebbal Traffic PS,1.04432e+16,2018,1,1,Road Accidents,Cross roads,City/Town,Open area,Human Error,No,Simple Injury,Others,Uncontrolled,Others,City or Town Road,Bitumen(Tar),Dry,Engineering Defect of Road,Fine,telecom leyout hmpas rachanahlli leka niar,ELECTRIC POLE,20ft,0.0,0.0,4,0,0.0,4.0
Bengaluru City,Hebbal Traffic PS,1.04432e+16,2018,1,1,Rail Road Accidents,Other,City/Town,Open area,Human Error,Yes,Simple Injury,Hit pedestrian,Uncontrolled,Others,City or Town Road,Bitumen(Tar),Dry,Engineering Defect of Road,Fine,home nier N T I leout kodigehalli,ELECTRIC POLE,30fet,0.0,0.0,4,0,0.0,4.0
Bengaluru City,Hebbal Traffic PS,1.04432e+16,2018,1,2,Road Accidents,Cross roads,City/Town,Near Hospital,Human Error,Yes,Simple Injury,Others,Uncontrolled,Others,City or Town Road,Bitumen(Tar),Dry,Engineering Defect of Road,Fine,Narayana Hosapital Kodigehalli Tindlu Main Road,electric Pol,30fet,0.0,0.0,4,0,0.0,4.0
Bengaluru City,Hebbal Traffic PS,1.04432e+16,2018,1,2,Road Accidents,Other,City/Town,Near Bus stop,Human Error,No,Simple Injury,Others,Signal lights Automatic,Others,City or Town Road,Bitumen(Tar),Dry,Engineering Defect of Road,Fine,BMTC Bus Stop Near Hebbal Circle,electric Pol,25,0.0,0.0,4,0,0.0,4.0
Bengaluru City,Hebbal Traffic PS,1.04432e+16,2018,1,2,Road Accidents,Cross roads,City/Town,Open area,Human Error,Yes,Simple Injury,Hit and Run,Uncontrolled,Others,City or Town Road,Bitumen(Tar),Dry,Not Applicable,Fine,Near Bethal Chercha  Ring Road,electric Pol,30fit,0.0,0.0,0,0,0.0,0.0
Bengaluru City,Hebbal Traffic PS,1.04432e+16,2018,1,2,Road Accidents,Cross roads,City/Town,Open area,Human Error,No,Simple Injury,Others,Uncontrolled,Others,Others,Bitumen(Tar),Dry,No influence on accident,Fine,Infront Of Trishula Compony Ring Road,electric Pol,25feet,0.0,0.0,0,0,0.0,0.0
Bengaluru City,Hebbal Traffic PS,1.04432e+16,2018,1,2,Road Accidents,Cross roads,City/Town,Near Hospital,Human Error,Yes,Simple Injury,Others,Uncontrolled,Others,City or Town Road,Bitumen(Tar),Dry,Not Applicable,Fine,"Near Columbia Asia Hospital, B B Road, Bengaluru City",electric Pol,25 fit,0.0,0.0,0,0,0.0,0.0
Bengaluru City,Hebbal Traffic PS,1.04432e+16,2018,1,1,Road Accidents,Cross roads,City/Town,Open area,Human Error,No,Simple Injury,Others,Uncontrolled,Others,City or Town Road,Bitumen(Tar),Dry,Not Applicable,Others,"Near Hebbal Fly Over Up Ramp, B B Road, Bengaluru City, Karnatak",electric Pol,30fet,0.0,0.0,0,0,0.0,0.0
Bengaluru City,Hebbal Traffic PS,1.04432e+16,2018,1,2,Road Accidents,Bridge,City/Town,Open area,Human Error,No,Simple Injury,Rear end,Uncontrolled,Others,City or Town Road,Bitumen(Tar),Dry,No influence on accident,Fine,Kpdigehalli on flevoer,elictrical pol,30fit,0.0,0.0,0,0,0.0,0.0
Bengaluru City,Hebbal Traffic PS,1.04432e+16,2018,1,3,Road Accidents,Bridge,City/Town,Open area,Human Error,No,Fatal,Hit pedestrian,Uncontrolled,Others,City or Town Road,Bitumen(Tar),Dry,No influence on accident,Fine,near citizen car show room. on flyover bb road,eilctri poll,30fit,0.0,0.0,0,0,0.0,0.0
Bengaluru City,Hebbal Traffic PS,1.04432e+16,2018,1,2,Road Accidents,Cross roads,City/Town,Open area,Human Error,No,Simple Injury,Rear end,Uncontrolled,Others,City or Town Road,Bitumen(Tar),Dry,No influence on accident,Fine,HEBBAL FLEVOER CHARCHA NEIER,ELICTRI POLL,30 FIT,0.0,0.0,0,0,0.0,0.0
Bengaluru City,Hebbal Traffic PS,1.04432e+16,2018,1,1,Road Accidents,Cross roads,City/Town,Open area,Human Error,No,Simple Injury,Hit pedestrian,Uncontrolled,Others,City or Town Road,Bitumen(Tar),Dry,Engineering Defect of Road,Fine,Yogeshnagara Cross Ring Road,electric Pol,30fet,0.0,0.0,4,0,0.0,4.0
Bengaluru City,Hebbal Traffic PS,1.04432e+16,2018,1,2,Road Accidents,Cross roads,City/Town,Open area,Human Error,Yes,Simple Injury,Hit and Run,Uncontrolled,Others,City or Town Road,Bitumen(Tar),Dry,Engineering Defect of Road,Fine,lumbhine gardan ring road,elictrc poll,20fit,0.0,0.0,4,0,0.0,4.0
Bengaluru City,Hebbal Traffic PS,1.04432e+16,2018,1,2,Road Accidents,Cross roads,City/Town,Residential area,Human Error,Yes,Simple Injury,Others,Uncontrolled,Others,City or Town Road,Bitumen(Tar),Dry,Engineering Defect of Road,Fine,Kaveri scholl main Road,electric Pol,30fet,0.0,0.0,4,0,0.0,4.0
Bengaluru City,Hebbal Traffic PS,1.04432e+16,2018,1,1,Road Accidents,Other,City/Town,Open area,Human Error,No,Simple Injury,Hit pedestrian,Uncontrolled,Others,City or Town Road,Bitumen(Tar),Dry,Engineering Defect of Road,Fine,HDFC Banka Amruthalli main Road,ELICTEC POLL,20FIT,0.0,0.0,4,0,0.0,4.0
Bengaluru City,Hebbal Traffic PS,1.04432e+16,2018,1,1,Road Accidents,Cross roads,City/Town,Open area,Human Error,Yes,Simple Injury,Hit pedestrian,Uncontrolled,Others,City or Town Road,Bitumen(Tar),Dry,Engineering Defect of Road,Fine,Near Mind and Brin Clinic  Kodigehalli  main Road,electric Pol,20ft,0.0,0.0,4,0,0.0,4.0
Bengaluru City,Hebbal Traffic PS,1.04432e+16,2018,1,2,Road Accidents,Junction,City/Town,Near Bus stop,Human Error,No,Damage Only,Others,Signal lights Automatic,Others,City or Town Road,Bitumen(Tar),Dry,No influence on accident,Fine,hebbala circale,signal pol,30 fit,0.0,0.0,0,0,0.0,0.0
Bengaluru City,Hebbal Traffic PS,1.04432e+16,2018,1,2,Road Accidents,Cross roads,City/Town,Open area,Human Error,Yes,Fatal,Hit and Run,Uncontrolled,Others,City or Town Road,Bitumen(Tar),Dry,Engineering Defect of Road,Fine,Devinagara Railway Bridge  Near  Ring Road,electric Pol,40fet,0.0,0.0,4,0,0.0,4.0
Bengaluru City,Hebbal Traffic PS,1.04432e+16,2018,1,1,Road Accidents,Other,City/Town,Open area,Human Error,No,Simple Injury,Hit pedestrian,Uncontrolled,Others,City or Town Road,Bitumen(Tar),Dry,Engineering Defect of Road,Fine,bythal chrcha  neir ring road,ELECTRIC POLE,30fet,0.0,0.0,4,0,0.0,4.0
Bengaluru City,Hebbal Traffic PS,1.04432e+16,2018,1,1,Road Accidents,Cross roads,City/Town,Open area,Human Error,No,Simple Injury,Hit pedestrian,Uncontrolled,Others,City or Town Road,Bitumen(Tar),Dry,Engineering Defect of Road,Fine,Bethal churcha near ring road,electric Pol,30fet,0.0,0.0,4,0,0.0,4.0
Bengaluru City,Hebbal Traffic PS,1.04432e+16,2018,1,2,Road Accidents,Cross roads,City/Town,Open area,Human Error,No,Damage Only,Others,Uncontrolled,Others,City or Town Road,Bitumen(Tar),Dry,Engineering Defect of Road,Fine,Kasa Dree Aprtment  Devinagar,electric Pol,20ft,0.0,0.0,4,0,0.0,4.0
Bengaluru City,Hebbal Traffic PS,1.04432e+16,2018,1,1,Road Accidents,Other,City/Town,Near a religious place,Human Error,Yes,Simple Injury,Hit pedestrian,Uncontrolled,Others,City or Town Road,Bitumen(Tar),Dry,No influence on accident,Fine,Shaline Bhar Road Gayathri Tempal Near  Shitappa Layout,electric Pol,10ft,0.0,0.0,0,0,0.0,0.0
Bengaluru City,Hebbal Traffic PS,1.04432e+16,2018,1,2,Road Accidents,Junction,City/Town,Near Bus stop,Human Error,No,Simple Injury,Rear end,Signal lights Automatic,Others,City or Town Road,Bitumen(Tar),Dry,Not Applicable,Fine,"Kodigehalli Junction, B B Road Kodigehalli",Siganal Poll,25 fit,0.0,0.0,0,0,0.0,0.0
Bengaluru City,Hebbal Traffic PS,1.04432e+16,2018,1,2,Road Accidents,Junction,City/Town,Near Bus stop,Human Error,Yes,Simple Injury,Others,Signal lights Automatic,Others,City or Town Road,Bitumen(Tar),Dry,Not Applicable,Fine,"Near Byatarayanapura Signal, B B Road",Siganal Poll,20fet,0.0,0.0,0,0,0.0,0.0
Bengaluru City,Hebbal Traffic PS,1.04432e+16,2018,1,2,Road Accidents,Junction,City/Town,Open area,Human Error,No,Grievous Injury,Others,Uncontrolled,Others,City or Town Road,Bitumen(Tar),Dry,No influence on accident,Fine,SAYI SAGAR DRSHINE  HOTELA JAKKURU ROAD,Elctric poll,24 fit,0.0,0.0,0,0,0.0,0.0
Bengaluru City,Hebbal Traffic PS,1.04432e+16,2018,1,2,Road Accidents,Cross roads,City/Town,Open area,Human Error,No,Damage Only,Rear end,Uncontrolled,Others,City or Town Road,Bitumen(Tar),Dry,Engineering Defect of Road,Fine,sarvis road hebbal,ELECTRIC POLE,30fet,0.0,0.0,4,0,0.0,4.0
Bengaluru City,Hebbal Traffic PS,1.04432e+16,2018,1,2,Road Accidents,Other,City/Town,Near Hospital,Human Error,Yes,Simple Injury,Hit and Run,Uncontrolled,Others,City or Town Road,Bitumen(Tar),Dry,Engineering Defect of Road,Fine,"Near Lakshmi Hundai Showroom, Kodigehalli,",electric poll,30 fet,0.0,0.0,4,0,0.0,4.0
Bengaluru City,Hebbal Traffic PS,1.04432e+16,2018,1,1,Road Accidents,Other,City/Town,Open area,Human Error,No,Simple Injury,Hit pedestrian,Uncontrolled,Others,City or Town Road,Bitumen(Tar),Dry,Engineering Defect of Road,Fine,no110 9th cross maruthi leout bhuvaneswari nagar,electric Pol,30fet,0.0,0.0,4,0,0.0,4.0
Bengaluru City,Hebbal Traffic PS,1.04432e+16,2018,1,2,Road Accidents,Cross roads,City/Town,Open area,Human Error,No,Simple Injury,Others,Uncontrolled,Others,City or Town Road,Bitumen(Tar),Dry,Engineering Defect of Road,Fine,Near Jakkuru main road,electric Pol,25 fit,0.0,0.0,4,0,0.0,4.0
Bengaluru City,Hebbal Traffic PS,1.04432e+16,2018,1,2,Road Accidents,Other,City/Town,Open area,Human Error,Yes,Simple Injury,Rear end,Uncontrolled,Others,City or Town Road,Bitumen(Tar),Dry,Not Applicable,Fine,"Near Trishula Compani, Rimg Road, Bengaluru City",electric Pol,20ft,0.0,0.0,0,0,0.0,0.0
Bengaluru City,Hebbal Traffic PS,1.04432e+16,2018,1,2,Road Accidents,Cross roads,City/Town,Open area,Human Error,Yes,Simple Injury,Rear end,Uncontrolled,Others,City or Town Road,Bitumen(Tar),Dry,No influence on accident,Fine,LUMBHINE GRADAN OPP,ELCTRIC POLL,30FIT,0.0,0.0,0,0,0.0,0.0
Bengaluru City,Hebbal Traffic PS,1.04432e+16,2018,1,2,Road Accidents,Other,City/Town,Open area,Human Error,No,Simple Injury,Rear end,Uncontrolled,Others,City or Town Road,Bitumen(Tar),Dry,No influence on accident,Fine,near sheshadre sampada buildinga ring road,elictrical poll,18fit,0.0,0.0,0,0,0.0,0.0