DISTRICTNAME,UNITNAME,Crime_No,Year,RI,Noofvehicle_involved,Accident_Classification,Accident_Spot,Accident_Location,Accident_SubLocation,Main_Cause,Hit_Run,Severity,Collision_Type,Junction_Control,Road_Character,Road_Type,Surface_Type,Surface_Condition,Road_Condition,Weather,Accident_Road,Landmark_first,Distance_LandMark_First,Latitude,Longitude,Road_Condition_Score,Surface_Condition_Score,Surface_Type_Score,Road_Risk_Index
Bengaluru City,Hebbal Traffic PS,1.04432e+16,2020,1,1,Road Accidents,Not Applicable,City/Town,Open area,Human Error,Yes,Simple Injury,Hit pedestrian,Uncontrolled,Others,NH,Bitumen(Tar),Dry,Not Applicable,Fine,"On Kodigehalli Fly Over, B B Road,Bengaluru City",Elictric Poll,25ft,0.0,0.0,0,0,0.0,0.0
Bengaluru City,Hebbal Traffic PS,1.04432e+16,2020,1,2,Road Accidents,Curves,City/Town,Open area,Human Error,Yes,Fatal,Vehicle to Vehicle,Uncontrolled,Others,NH,Bitumen(Tar),Dry,Not Applicable,Fine,On Kodigehalli flyover Near Salarpuria Satwa  B B Road,Elictric Poll,30Fet,0.0,0.0,0,0,0.0,0.0
Bengaluru City,Hebbal Traffic PS,1.04432e+16,2020,1,2,Not Applicable,Cross roads,City/Town,Near Bus stop,Human Error,No,Damage Only,Vehicle to Vehicle,Not Applicable,Others,State Highway,Concrete,Dry,Not Applicable,Fine,Yogeawar Nagar Cross  Ring Road,electric pol,25ft,0.0,0.0,0,0,0.0,0.0
Bengaluru City,Hebbal Traffic PS,1.04432e+16,2020,1,2,Not Applicable,Cross roads,City/Town,Near Bus stop,Human Error,No,Damage Only,Vehicle to Vehicle,Uncontrolled,Others,State Highway,Concrete,Dry,Not Applicable,Fine,Ring Road Badrappa Layout Flyover,electric pol,10Fit,0.0,0.0,0,0,0.0,0.0
Bengaluru City,Hebbal Traffic PS,1.04432e+16,2020,1,2,Not Applicable,Cross roads,City/Town,Near Bus stop,Human Error,Not Applicable,Damage Only,Vehicle to Vehicle,Uncontrolled,Others,Others,Bitumen(Tar),Dry,Not Applicable,Fine,Hebbal Cricle,Ceter Median,20fet,0.0,0.0,0,0,0.0,0.0
Bengaluru City,Hebbal Traffic PS,1.04432e+16,2020,1,1,Not Applicable,Curves,City/Town,Near Bus stop,Human Error,No,Fatal,Not Applicable,Uncontrolled,Others,NH,Bitumen(Tar),Dry,Not Applicable,Fine,B B Road Hebbal On flyour,elictric poll,40fet,0.0,0.0,0,0,0.0,0.0
Bengaluru City,Hebbal Traffic PS,1.04432e+16,2020,1,1,Not Applicable,Not Applicable,City/Town,Near School or College,Human Error,Yes,Simple Injury,Hit pedestrian,Uncontrolled,Others,Others,Bitumen(Tar),Dry,Not Applicable,Fine,Bhadrappa layout Near Shantiniketan School,tree,15Fet,0.0,0.0,0,0,0.0,0.0
Bengaluru City,Hebbal Traffic PS,1.04432e+16,2020,1,2,Not Applicable,Not Applicable,City/Town,Near Petrol Pump,Human Error,No,Simple Injury,Vehicle to Vehicle,Uncontrolled,Others,Others,Bitumen(Tar),Dry,Not Applicable,Fine,Bharath Petrol Bank Dasarahalli Main Road,electric Pol,22Fit,0.0,0.0,0,0,0.0,0.0
Bengaluru City,Hebbal Traffic PS,1.04432e+16,2020,1,1,Road Accidents,Cross roads,City/Town,Near office complex,Human Error,No,Simple Injury,Hit pedestrian,Uncontrolled,Others,Others,Bitumen(Tar),Dry,Not Applicable,Fine,"NEAR SKY LAND APTS, SBI BANK, AMRUTHALLI MAIN ROAD",elictric poll,25 fit,0.0,0.0,0,0,0.0,0.0
Bengaluru City,Hebbal Traffic PS,1.04432e+16,2020,1,1,Not Applicable,Cross roads,City/Town,Near Bus stop,Human Error,Not Applicable,Grievous Injury,Hit pedestrian,Uncontrolled,Others,Others,Bitumen(Tar),Dry,Not Applicable,Fine,Hebbal Ring Road Middle Of  Bethal Church And  BMTC Dipo,tree,30fet,0.0,0.0,0,0,0.0,0.0
Bengaluru City,Hebbal Traffic PS,1.04432e+16,2020,1,2,Not Applicable,Cross roads,City/Town,Near office complex,Human Error,Not Applicable,Simple Injury,Vehicle to Vehicle,Uncontrolled,Others,Others,Bitumen(Tar),Dry,Not Applicable,Fine,"Sonnegowda Complex Opp, Kodigehalli Main road",electric pol,15Fet,0.0,0.0,0,0,0.0,0.0
Bengaluru City,Hebbal Traffic PS,1.04432e+16,2020,1,1,Not Applicable,Cross roads,City/Town,Near office complex,Human Error,Yes,Simple Injury,Not Applicable,Uncontrolled,Others,Others,Bitumen(Tar),Dry,Not Applicable,Fine,Near Bata Showroom Hebbal Flyover,electric pol,12 ff,0.0,0.0,0,0,0.0,0.0
Bengaluru City,Hebbal Traffic PS,1.04432e+16,2020,1,2,Not Applicable,Cross roads,City/Town,Near Hospital,Human Error,No,Simple Injury,Vehicle to Vehicle,Not Applicable,Others,Others,Bitumen(Tar),Dry,Not Applicable,Fine,Kodigehalli Main Road Opp Srinidhi Hotel,electric pol,35Fet,0.0,0.0,0,0,0.0,0.0
Bengaluru City,Hebbal Traffic PS,1.04432e+16,2020,1,1,Road Accidents,Cross roads,City/Town,Open area,Human Error,Yes,Grievous Injury,Hit pedestrian,Uncontrolled,Others,Others,Concrete,Dry,Not Applicable,Fine,Opp Lumbinigaradan Hebbal Ring Road,Elictric Poll,22Fit,0.0,0.0,0,0,0.0,0.0
Bengaluru City,Hebbal Traffic PS,1.04432e+16,2021,1,1,Road Accidents,Not Applicable,Rural Areas,Near Bus stop,Human Error,No,Simple Injury,Hit pedestrian,Uncontrolled,Others,Others,Concrete,Dry,Not Applicable,Fine,Hebbal Ring Road Near Railway Station,electric Pole,33Fit,0.0,0.0,0,0,0.0,0.0
Bengaluru City,Hebbal Traffic PS,1.04432e+16,2021,1,5,Not Applicable,Not Applicable,City/Town,Near Hospital,Human Error,No,Damage Only,Vehicle to Vehicle,Uncontrolled,Others,NH,Bitumen(Tar),Dry,Not Applicable,Fine,Kirloskar Business Park Kempapur,electric Pol,40fet,0.0,0.0,0,0,0.0,0.0
Bengaluru City,Hebbal Traffic PS,1.04432e+16,2021,1,1,Not Applicable,Not Applicable,City/Town,Near Bus stop,Human Error,Not Applicable,Simple Injury,Not Applicable,Uncontrolled,Others,Others,Bitumen(Tar),Dry,Not Applicable,Fine,LKR Nagar LNR School Near Devinagar,electric Pol,18Fet,0.0,0.0,0,0,0.0,0.0
Bengaluru City,Hebbal Traffic PS,1.04432e+16,2021,1,2,Road Accidents,Not Applicable,City/Town,Near Hospital,Not Applicable,Yes,Grievous Injury,Vehicle to Vehicle,Not Applicable,Straight and flat,NH,Bitumen(Tar),Dry,Not Applicable,Clear,B B ROAD NEAR COLUMBIA ASHIA HOSPITAL,Elictric Poll,18Fit,0.0,0.0,0,0,0.0,0.0
Bengaluru City,Hebbal Traffic PS,1.04432e+16,2021,1,1,Road Accidents,Not Applicable,City/Town,In bazaar,Human Error,Not Applicable,Simple Injury,Hit pedestrian,Uncontrolled,Others,Others,Bitumen(Tar),Dry,Not Applicable,Fine,Near Temple Road 3rd Cross Hoodi Layout Amruthalli,electric Pol,18Fet,0.0,0.0,0,0,0.0,0.0
Bengaluru City,Hebbal Traffic PS,1.04432e+16,2021,1,2,Road Accidents,Cross roads,City/Town,Open area,Human Error,No,Grievous Injury,Vehicle to Vehicle,Uncontrolled,Others,Others,Bitumen(Tar),Dry,Not Applicable,Fine,6th Cross Bhuvaneswari Nagar  Dasarahalli Main Road Kemapur,electric Pol,16fit,0.0,0.0,0,0,0.0,0.0
Bengaluru City,Hebbal Traffic PS,1.04432e+16,2021,1,2,Road Accidents,Not Applicable,City/Town,Near Bus stop,Human Error,No,Simple Injury,Vehicle to Vehicle,Uncontrolled,Others,NH,Bitumen(Tar),Dry,Not Applicable,Fine,B B Road Kodigehalli Gate Infront Aster CMI Hospital,electric Pol,20FEET,0.0,0.0,0,0,0.0,0.0
Bengaluru City,Hebbal Traffic PS,1.04432e+16,2021,1,2,Not Applicable,Not Applicable,City/Town,Near Hospital,Human Error,No,Simple Injury,Vehicle to Vehicle,Uncontrolled,Others,NH,Bitumen(Tar),Dry,Not Applicable,Fine,Kodigehalli On Flyover B B Road,electric Pol,28fit,0.0,0.0,0,0,0.0,0.0
Bengaluru City,Hebbal Traffic PS,1.04432e+16,2021,1,2,Road Accidents,Offset,City/Town,Near Bus stop,Human Error,No,Simple Injury,Vehicle to Vehicle,Uncontrolled,Others,NH,Bitumen(Tar),Dry,Not Applicable,Fog / Mist,Near Sell Petrol Bank Byatarayanapur B B Road,Ceter Median,35Fit,0.0,0.0,0,0,0.0,0.0
Bengaluru City,Hebbal Traffic PS,1.04432e+16,2021,1,2,Not Applicable,Offset,City/Town,Near Hospital,Human Error,No,Damage Only,Vehicle to Vehicle,Uncontrolled,Others,NH,Bitumen(Tar),Dry,Not Applicable,Fine,B B Road Near Columbai Hospiltal,electric pol,20fit,0.0,0.0,0,0,0.0,0.0
Bengaluru City,Hebbal Traffic PS,1.04432e+16,2021,1,1,Road Accidents,Not Applicable,City/Town,In bazaar,Human Error,Not Applicable,Simple Injury,Vehicle to Vehicle,Uncontrolled,Others,Others,Bitumen(Tar),Dry,Not Applicable,Fine,Hebbal Ring Road Near Devinagar Cross .,tree,10fet,0.0,0.0,0,0,0.0,0.0
Bengaluru City,Hebbal Traffic PS,1.04432e+16,2021,1,1,Road Accidents,Not Applicable,City/Town,Near Bus stop,Human Error,Yes,Fatal,Hit pedestrian,Uncontrolled,Others,Others,Bitumen(Tar),Dry,Not Applicable,Others,Opp I Mart Suppar Mart Railway Papallel Road Rajeevghandhi Nagar main Road,electric Pol,40fet,0.0,0.0,0,0,0.0,0.0
Bengaluru City,Hebbal Traffic PS,1.04432e+16,2021,1,2,Road Accidents,Not Applicable,City/Town,Near Bus stop,Human Error,Not Applicable,Simple Injury,Vehicle to Vehicle,Uncontrolled,Others,NH,Bitumen(Tar),Dry,Not Applicable,Fine,B B Road Near Esteem Mall Kempapur Cross,Ceter Median,28fit,0.0,0.0,0,0,0.0,0.0
Bengaluru City,Hebbal Traffic PS,1.04432e+16,2021,1,2,Not Applicable,Not Applicable,City/Town,Near Bus stop,Human Error,Not Applicable,Damage Only,Vehicle to Vehicle,Uncontrolled,Others,Others,Bitumen(Tar),Dry,Not Applicable,Fine,Opp Kiran Ayyangar Bakari Hoisala layout Amrithahalli,electric Pol,35Fit,0.0,0.0,0,0,0.0,0.0
Bengaluru City,Hebbal Traffic PS,1.04432e+16,2021,1,1,Road Accidents,Narrow road,City/Town,Near Bus stop,Human Error,Yes,Fatal,Hit pedestrian,Uncontrolled,Others,Others,Concrete,Dry,Not Applicable,Fog / Mist,Hebbal Ring Near Bethel Church Maruti Courier,electric Pol,25 fit,0.0,0.0,0,0,0.0,0.0
Bengaluru City,Hebbal Traffic PS,1.04432e+16,2021,1,1,Road Accidents,Not Applicable,City/Town,Near Bus stop,Human Error,Not Applicable,Fatal,Hit bicyclist,Uncontrolled,Others,NH,Bitumen(Tar),Dry,Not Applicable,Fine,B B Road Byatarayanapur Junction,Ceter Median,32Feet,0.0,0.0,0,0,0.0,0.0
Bengaluru City,Hebbal Traffic PS,1.04432e+16,2021,1,2,Road Accidents,Not Applicable,City/Town,Near Bus stop,Human Error,No,Damage Only,Vehicle to Vehicle,Uncontrolled,Others,NH,Bitumen(Tar),Dry,Not Applicable,Others,B B road Near Esteem Mal,electric Pol,34Fet,0.0,0.0,0,0,0.0,0.0
Bengaluru City,Hebbal Traffic PS,1.04432e+16,2021,1,2,Road Accidents,Not Applicable,City/Town,Near Bus stop,Human Error,Yes,Simple Injury,Vehicle to Vehicle,Uncontrolled,Others,Others,Bitumen(Tar),Dry,Not Applicable,Fog / Mist,TaTa Nagara Bhadrappa Layout Petrol Bank,electric pol,40Fet,0.0,0.0,0,0,0.0,0.0
Bengaluru City,Hebbal Traffic PS,1.04432e+16,2021,1,2,Road Accidents,Not Applicable,City/Town,Near Bus stop,Human Error,Not Applicable,Simple Injury,Vehicle to Vehicle,Uncontrolled,Others,NH,Bitumen(Tar),Dry,Not Applicable,Fine,B B Road Byatarayanapur Juncation,Center Mediyan,40Fet,0.0,0.0,0,0,0.0,0.0
Bengaluru City,Hebbal Traffic PS,1.04432e+16,2021,1,2,Road Accidents,Not Applicable,City/Town,Near Hospital,Human Error,Not Applicable,Grievous Injury,Vehicle to Vehicle,Uncontrolled,Others,NH,Bitumen(Tar),Dry,Not Applicable,Fine,B B Road near Columia asia Hospital,electric pol,10Fit,0.0,0.0,0,0,0.0,0.0
Bengaluru City,Hebbal Traffic PS,1.04432e+16,2021,1,2,Road Accidents,Not Applicable,City/Town,Near Bus stop,Not Applicable,Yes,Fatal,Vehicle to Vehicle,Uncontrolled,Straight and flat,NH,Bitumen(Tar),Dry,Not Applicable,Clear,B B ROAD NEAR SWATHI HOTEL KODIGEHALLI JUNCTION,PILLER,30,13.058988,77.593304,0,0,0.0,0.0
Bengaluru City,Hebbal Traffic PS,1.04432e+16,2021,1,1,Road Accidents,Not Applicable,City/Town,Near Bus stop,Human Error,Yes,Fatal,Hit pedestrian,Uncontrolled,Others,NH,Bitumen(Tar),Dry,Not Applicable,Fine,BB Road Opp Citrus Ventures,Ceter Median,38fet,0.0,0.0,0,0,0.0,0.0
Bengaluru City,Hebbal Traffic PS,1.04432e+16,2021,1,2,Not Applicable,Not Applicable,City/Town,Near Bus stop,Human Error,Yes,Damage Only,Vehicle to Vehicle,Uncontrolled,Others,Others,Concrete,Dry,Not Applicable,Fine,No1400/07A block 24 Cross 19th Main Road Railway Pyaralal road,electric Pol,58Fet,0.0,0.0,0,0,0.0,0.0
Bengaluru City,Hebbal Traffic PS,1.04432e+16,2021,1,2,Road Accidents,Not Applicable,City/Town,Near Hospital,Human Error,No,Grievous Injury,Vehicle to Vehicle,Uncontrolled,Others,NH,Bitumen(Tar),Dry,Not Applicable,Fine,B B Road Kodigehalli on Flyover,electric Pol,12feet,0.0,0.0,0,0,0.0,0.0
Bengaluru City,Hebbal Traffic PS,1.04432e+16,2021,1,1,Road Accidents,Not Applicable,City/Town,Near Bus stop,Human Error,Not Applicable,Grievous Injury,Vehicle to Vehicle,Uncontrolled,Others,NH,Not Applicable,Dry,Not Applicable,Others,B B  Road Esteem mal Towards Yalahank,electric Pol,34Fet,0.0,0.0,0,0,0.0,0.0
Bengaluru City,Hebbal Traffic PS,1.04432e+16,2021,1,2,Road Accidents,Cross roads,City/Town,Open area,Human Error,Yes,Grievous Injury,Vehicle to Vehicle,Uncontrolled,Others,NH,Bitumen(Tar),Dry,Not Applicable,Fine,NEAR HEBBAL FLYOVER DOWN REMP B B ROAD,Elictric Poll,35Fit,0.0,0.0,0,0,0.0,0.0
Bengaluru City,Hebbal Traffic PS,1.04432e+16,2021,1,2,Road Accidents,Not Applicable,City/Town,Near Bus stop,Human Error,Not Applicable,Simple Injury,Vehicle to Vehicle,Uncontrolled,Others,Others,Bitumen(Tar),Dry,Not Applicable,Fine,Devinagara Cross Near Railway Under pass Ring Road,electric Pol,32Feet,0.0,0.0,0,0,0.0,0.0
Bengaluru City,Hebbal Traffic PS,1.04432e+16,2021,1,2,Road Accidents,Not Applicable,City/Town,In bazaar,Human Error,Yes,Damage Only,Vehicle to Vehicle,Uncontrolled,Others,NH,Bitumen(Tar),Dry,Not Applicable,Fine,B B Road Esteem Mail Kempapur Cross,electric Pol,08fet,0.0,0.0,0,0,0.0,0.0
Bengaluru City,Hebbal Traffic PS,1.04432e+16,2021,1,1,Not Applicable,Not Applicable,City/Town,Near Bus stop,Human Error,Not Applicable,Simple Injury,Vehicle to Vehicle,Uncontrolled,Others,Others,Bitumen(Tar),Dry,Not Applicable,Fine,B B Road  Near Sell Petrol Bank,Ceter Median,04feet,0.0,0.0,0,0,0.0,0.0
Bengaluru City,Hebbal Traffic PS,1.04432e+16,2021,1,2,Road Accidents,Not Applicable,City/Town,Near Bus stop,Human Error,Not Applicable,Simple Injury,Vehicle to Vehicle,Uncontrolled,Others,NH,Bitumen(Tar),Dry,Not Applicable,Fine,B B Road  Near Kodigehalli Junction,Ceter Median,20FEET,0.0,0.0,0,0,0.0,0.0
Bengaluru City,Hebbal Traffic PS,1.04432e+16,2021,1,1,Road Accidents,Cross roads,City/Town,Open area,Not Applicable,No,Grievous Injury,Not Applicable,Uncontrolled,Others,Two way,Surfaced,Wet,Not Applicable,Clear,gkvk duable road,0,3km,0.0,0.0,0,3,,
Bengaluru City,Hebbal Traffic PS,1.04432e+16,2021,1,2,Road Accidents,Not Applicable,City/Town,In bazaar,Human Error,No,Simple Injury,Vehicle to Vehicle,Uncontrolled,Others,NH,Bitumen(Tar),Dry,Not Applicable,Others,Near Esteem Mall B B Road,Ceter Median,38fet,0.0,0.0,0,0,0.0,0.0
Bengaluru City,Hebbal Traffic PS,1.04432e+16,2021,1,2,Not Applicable,Not Applicable,City/Town,Near Hospital,Human Error,Not Applicable,Simple Injury,Vehicle to Vehicle,Uncontrolled,Others,NH,Bitumen(Tar),Dry,Not Applicable,Fine,B B Road  Near Mother Wood hospital,Grills,5,0.0,0.0,0,0,0.0,0.0
Bengaluru City,Hebbal Traffic PS,1.04432e+16,2021,1,2,Not Applicable,Not Applicable,City/Town,Near Bus stop,Human Error,Not Applicable,Damage Only,Vehicle to Vehicle,Uncontrolled,Others,Others,Bitumen(Tar),Dry,Not Applicable,Fine,Hebbal Ring Road Virannapalya Up Ramp,electric Pol,05feet,0.0,0.0,0,0,0.0,0.0
Bengaluru City,Hebbal Traffic PS,1.04432e+16,2021,1,1,Not Applicable,Not Applicable,City/Town,Near Bus stop,Human Error,Not Applicable,Grievous Injury,Hit pedestrian,Uncontrolled,Others,Others,Bitumen(Tar),Dry,Not Applicable,Fine,Ring Road  Hebbal Circle,Ceter Median,38fet,0.0,0.0,0,0,0.0,0.0
Bengaluru City,Hebbal Traffic PS,1.04432e+16,2021,1,2,Road Accidents,Not Applicable,City/Town,Near Hospital,Human Error,Not Applicable,Grievous Injury,Vehicle to Vehicle,Uncontrolled,Others,NH,Bitumen(Tar),Dry,Not Applicable,Fine,B B Road On Kodigehalli Flyover,electric Pol,35Fit,0.0,0.0,0,0,0.0,0.0
Bengaluru City,Hebbal Traffic PS,1.04432e+16,2021,1,1,Road Accidents,Not Applicable,City/Town,Near Bus stop,Human Error,Not Applicable,Simple Injury,Vehicle to Vehicle,Uncontrolled,Others,Others,Bitumen(Tar),Dry,Not Applicable,Fine,dasarahalli Main Road Near Shobha Apartment,electric Pol,34Fet,0.0,0.0,0,0,0.0,0.0
Bengaluru City,Hebbal Traffic PS,1.04432e+16,2021,1,2,Road Accidents,Not Applicable,City/Town,Near Bus stop,Human Error,Yes,Simple Injury,Vehicle to Vehicle,Uncontrolled,Others,Others,Bitumen(Tar),Dry,Not Applicable,Fine,Near Bramhin Hotel railway Road Sahakar Nagar,electric Pol,13Feet,0.0,0.0,0,0,0.0,0.0
Bengaluru City,Hebbal Traffic PS,1.04432e+16,2021,1,1,Not Applicable,Not Applicable,City/Town,Near Bus stop,Human Error,Not Applicable,Grievous Injury,Hit pedestrian,Uncontrolled,Others,Others,Bitumen(Tar),Dry,Not Applicable,Fine,Ring Road Hebbal Circle,electric Pol,26Feet,0.0,0.0,0,0,0.0,0.0
Bengaluru City,Hebbal Traffic PS,1.04432e+16,2021,1,1,Road Accidents,Not Applicable,City/Town,Near Hospital,Human Error,Not Applicable,Grievous Injury,Not Applicable,Uncontrolled,Others,NH,Not Applicable,Dry,Not Applicable,Fine,B B Road  Near Kirloskar Business Park,electric pol,10Fit,0.0,0.0,0,0,0.0,0.0
Bengaluru City,Hebbal Traffic PS,1.04432e+16,2021,1,1,Road Accidents,Not Applicable,City/Town,Near Hospital,Human Error,Not Applicable,Simple Injury,Not Applicable,Uncontrolled,Others,NH,Bitumen(Tar),Dry,Not Applicable,Fine,"On Kodigehalli Plyover Profile Hospital, Koligehalli Bengaluru",electric pol,30fet,0.0,0.0,0,0,0.0,0.0
Bengaluru City,Hebbal Traffic PS,1.04432e+16,2021,1,2,Road Accidents,Not Applicable,City/Town,Near Bus stop,Human Error,Yes,Fatal,Vehicle to Vehicle,Uncontrolled,Others,Others,Bitumen(Tar),Dry,Not Applicable,Fine,Ring Road Hebbal Circle,tree,20FEET,0.0,0.0,0,0,0.0,0.0
Bengaluru City,Hebbal Traffic PS,1.04432e+16,2021,1,3,Road Accidents,Not Applicable,City/Town,Near Bus stop,Human Error,Not Applicable,Damage Only,Vehicle to Vehicle,Uncontrolled,Others,Others,Bitumen(Tar),Dry,Not Applicable,Others,Hebbal Ring Near Devinagar cross,electric pol,43Fet,0.0,0.0,0,0,0.0,0.0
Bengaluru City,Hebbal Traffic PS,1.04432e+16,2021,1,2,Not Applicable,Not Applicable,City/Town,In bazaar,Human Error,Yes,Simple Injury,Vehicle to Vehicle,Uncontrolled,Others,Others,Bitumen(Tar),Dry,Not Applicable,Fine,5th Cross Road Bhoovneshwari Nagar Main Road amruthahalli,electric Pol,23Fet,0.0,0.0,0,0,0.0,0.0
Bengaluru City,Hebbal Traffic PS,1.04432e+16,2021,1,2,Road Accidents,Cross roads,City/Town,Open area,Human Error,No,Simple Injury,Vehicle to Vehicle,Uncontrolled,Others,NH,Bitumen(Tar),Dry,Not Applicable,Fine,Infront ot Prolife hospital Byatarayanapur On Flyover B B Road,Elictric Poll,10Fit,0.0,0.0,0,0,0.0,0.0
Bengaluru City,Hebbal Traffic PS,1.04432e+16,2021,1,2,Not Applicable,Not Applicable,City/Town,Near Bus stop,Human Error,No,Simple Injury,Vehicle to Vehicle,Uncontrolled,Others,NH,Bitumen(Tar),Dry,Not Applicable,Fine,B B Road Byatarayanapur On Flyour Opp Frolife Hospitel,Center Mediyan,30fet,0.0,0.0,0,0,0.0,0.0
Bengaluru City,Hebbal Traffic PS,1.04432e+16,2021,1,2,Road Accidents,Not Applicable,City/Town,Near Bus stop,Human Error,No,Simple Injury,Vehicle to Vehicle,Uncontrolled,Others,Others,Bitumen(Tar),Dry,Not Applicable,Fine,Hebbal Ring Road Lumbini Gardern  Virannapalya,electric pol,40Fet,0.0,0.0,0,0,0.0,0.0
Bengaluru City,Hebbal Traffic PS,1.04432e+16,2021,1,2,Road Accidents,Cross roads,City/Town,Near office complex,Human Error,Not Applicable,Simple Injury,Vehicle to Vehicle,Not Applicable,Others,Others,Bitumen(Tar),Dry,Not Applicable,Fog / Mist,"Near Shobha Apparment , Dasarahalli Hebbal Bengaluru",Electric Pol,50 ft,0.0,0.0,0,0,0.0,0.0
Bengaluru City,Hebbal Traffic PS,1.04432e+16,2021,1,2,Road Accidents,Cross roads,City/Town,Near Hospital,Human Error,Not Applicable,Simple Injury,Vehicle to Vehicle,Uncontrolled,Others,Others,Bitumen(Tar),Dry,Not Applicable,Fine,"Near Gundanjaneya Temple Infrent Of Ekadanta Dental Clinik, Kodigehalli Main Road",Footpath Median,40Fet,0.0,0.0,0,0,0.0,0.0
Bengaluru City,Hebbal Traffic PS,1.04432e+16,2021,1,1,Road Accidents,Not Applicable,City/Town,In bazaar,Human Error,Not Applicable,Simple Injury,Not Applicable,Uncontrolled,Others,Others,Bitumen(Tar),Dry,Not Applicable,Fine,Hebbal Ring Road Near Devinagar Cross,electric Pol,14Fit,0.0,0.0,0,0,0.0,0.0
Bengaluru City,Hebbal Traffic PS,1.04432e+16,2021,1,3,Road Accidents,Not Applicable,City/Town,Near Bus stop,Human Error,No,Damage Only,Vehicle to Vehicle,Uncontrolled,Others,Others,Concrete,Dry,Not Applicable,Fine,Ring Road  Near Hebbal Railway Station,electric pol,05Fita,0.0,0.0,0,0,0.0,0.0
Bengaluru City,Hebbal Traffic PS,1.04432e+16,2021,1,2,Road Accidents,Junction,City/Town,Near Bus stop,Human Error,No,Grievous Injury,Vehicle to Vehicle,Signals (Working),Others,NH,Bitumen(Tar),Dry,Not Applicable,Fine,Kodigehalli Junction B B Road,Median,20fit,0.0,0.0,0,0,0.0,0.0
Bengaluru City,Hebbal Traffic PS,1.04432e+16,2021,1,1,Road Accidents,Not Applicable,City/Town,Near Bus stop,Human Error,Not Applicable,Grievous Injury,Hit pedestrian,Uncontrolled,Others,Others,Bitumen(Tar),Dry,Not Applicable,Fine,Opp Amruthahalli Lake Amrithahalli,electric Pol,25 fit,0.0,0.0,0,0,0.0,0.0
Bengaluru City,Hebbal Traffic PS,1.04432e+16,2021,1,2,Road Accidents,Not Applicable,City/Town,Near Hospital,Human Error,No,Simple Injury,Vehicle to Vehicle,Uncontrolled,Others,NH,Bitumen(Tar),Dry,Not Applicable,Fine,B B Kodigehalli on Flyover,electric Pol,35Fit,0.0,0.0,0,0,0.0,0.0
Bengaluru City,Hebbal Traffic PS,1.04432e+16,2021,1,2,Road Accidents,Not Applicable,City/Town,Near Hospital,Human Error,No,Damage Only,Vehicle to Vehicle,Uncontrolled,Others,NH,Bitumen(Tar),Dry,Not Applicable,Fine,BB Road Aster CMI Hospital,electric Pol,10fet,0.0,0.0,0,0,0.0,0.0
Bengaluru City,Hebbal Traffic PS,1.04432e+16,2021,1,1,Road Accidents,Not Applicable,City/Town,Near Bus stop,Human Error,Not Applicable,Damage Only,Not Applicable,Uncontrolled,Others,Others,Bitumen(Tar),Dry,Not Applicable,Fine,Hebbal Ring Road Bhadrapp Layout Opp A2B Hotel,electric pol,44Fet,0.0,0.0,0,0,0.0,0.0
Bengaluru City,Hebbal Traffic PS,1.04432e+16,2021,1,3,Road Accidents,Not Applicable,City/Town,Near Bus stop,Human Error,Not Applicable,Simple Injury,Vehicle to Vehicle,Uncontrolled,Others,NH,Bitumen(Tar),Dry,Not Applicable,Fine,B B Road Easteem Mall Kempapura Cross,electric Pol,30FEET,0.0,0.0,0,0,0.0,0.0
Bengaluru City,Hebbal Traffic PS,1.04432e+16,2021,1,1,Road Accidents,Not Applicable,City/Town,Near Bus stop,Human Error,No,Simple Injury,Not Applicable,Uncontrolled,Others,NH,Bitumen(Tar),Dry,Not Applicable,Fine,B B Road Byatarayanapur Service Road,electric Pol,15fet,0.0,0.0,0,0,0.0,0.0
Bengaluru City,Hebbal Traffic PS,1.04432e+16,2021,1,2,Road Accidents,Not Applicable,City/Town,Near Bus stop,Human Error,Not Applicable,Simple Injury,Vehicle to Vehicle,Uncontrolled,Not Applicable,Others,Bitumen(Tar),Dry,Not Applicable,Fine,Near Doddaganesh Temple Sahakar Nagar,electric pol,10Fit,0.0,0.0,0,0,0.0,0.0
Bengaluru City,Hebbal Traffic PS,1.04432e+16,2021,1,2,Road Accidents,Not Applicable,City/Town,Near Bus stop,Human Error,No,Simple Injury,Vehicle to Vehicle,Uncontrolled,Others,NH,Bitumen(Tar),Dry,Not Applicable,Fine,B B Road  Near Esteem Mal,electric Pol,20FEET,0.0,0.0,0,0,0.0,0.0
Bengaluru City,Hebbal Traffic PS,1.04432e+16,2021,1,2,Road Accidents,Circle,City/Town,Near Bus stop,Human Error,Not Applicable,Damage Only,Vehicle to Vehicle,Signal lights Automatic,Others,NH,Bitumen(Tar),Dry,Not Applicable,Fine,Doddanagar Mangala,Ceter Median,04feet,0.0,0.0,0,0,0.0,0.0
Bengaluru City,Hebbal Traffic PS,1.04432e+16,2021,1,2,Road Accidents,Junction,City/Town,Near Bus stop,Human Error,Yes,Damage Only,Vehicle to Vehicle,Signal lights Automatic,Others,Others,Bitumen(Tar),Dry,Not Applicable,Fine,Ring Road  Near Hebbal Circle,Pillar,10Fit,0.0,0.0,0,0,0.0,0.0
Bengaluru City,Hebbal Traffic PS,1.04432e+16,2021,1,2,Not Applicable,Not Applicable,City/Town,Near Bus stop,Human Error,Not Applicable,Damage Only,Vehicle to Vehicle,Uncontrolled,Others,Others,Bitumen(Tar),Dry,Not Applicable,Fine,Devasandra Main Road,Ceter Median,10fet,0.0,0.0,0,0,0.0,0.0
Bengaluru City,Hebbal Traffic PS,1.04432e+16,2021,1,1,Not Applicable,Not Applicable,City/Town,Near Bus stop,Human Error,No,Simple Injury,Hit pedestrian,Controlled,Others,Others,Bitumen(Tar),Dry,Not Applicable,Fine,Ring Road Near Hebbal Circle,Ceter Median,36Fet,0.0,0.0,0,0,0.0,0.0
Bengaluru City,Hebbal Traffic PS,1.04432e+16,2021,1,1,Road Accidents,Not Applicable,City/Town,Near Bus stop,Human Error,No,Simple Injury,Hit pedestrian,Uncontrolled,Others,Others,Concrete,Dry,Not Applicable,Fine,Hebbal Ring Road Bhethal AG Church,electric Pol,44 Fet,0.0,0.0,0,0,0.0,0.0