DISTRICTNAME,UNITNAME,Crime_No,Year,RI,Noofvehicle_involved,Accident_Classification,Accident_Spot,Accident_Location,Accident_SubLocation,Main_Cause,Hit_Run,Severity,Collision_Type,Junction_Control,Road_Character,Road_Type,Surface_Type,Surface_Condition,Road_Condition,Weather,Accident_Road,Landmark_first,Distance_LandMark_First,Latitude,Longitude,Road_Condition_Score,Surface_Condition_Score,Surface_Type_Score,Road_Risk_Index
Bengaluru City,Hebbal Traffic PS,1.04432e+16,2023,1,2,Road Accidents,Not Applicable,City/Town,Open area,Human Error,No,Grievous Injury,Vehicle to Vehicle,Uncontrolled,Others,NH,Bitumen(Tar),Dry,Not Applicable,Fine,ON KODIGEHALLI FLY OVER OPP SIMPLY NAMDHARIS & CENTURY ETHEOS,ELECTRAC POLL,15FT,13.06304,77.593406,0,0,0.0,0.0
Bengaluru City,Hebbal Traffic PS,1.04432e+16,2023,1,1,Road Accidents,Not Applicable,City/Town,In bazaar,Human Error,Not Applicable,Grievous Injury,Not Applicable,Uncontrolled,Others,Others,Bitumen(Tar),Dry,Not Applicable,Fine,Sahakar Nagar A Black Near Shiva Travels,ELECTRIC POLL,35FT,0.0,0.0,0,0,0.0,0.0
Bengaluru City,Hebbal Traffic PS,1.04432e+16,2023,1,1,Road Accidents,Not Applicable,City/Town,Near Hospital,Human Error,Not Applicable,Simple Injury,Hit pedestrian,Uncontrolled,Others,Others,Bitumen(Tar),Dry,Not Applicable,Fine,Tindlu Main Road Opp True Medical Helth Care,Eletral pol,25ft,0.0,0.0,0,0,0.0,0.0
Bengaluru City,Hebbal Traffic PS,1.04432e+16,2023,1,1,Road Accidents,Not Applicable,City/Town,Open area,Human Error,Not Applicable,Damage Only,Not Applicable,Uncontrolled,Others,NH,Bitumen(Tar),Dry,Not Applicable,Others,B B ROAD BYATARAYANAPURA Juncation,Center Mdiyan,42Ft,13.066704,77.593281,0,0,0.0,0.0
Bengaluru City,Hebbal Traffic PS,1.04432e+16,2023,1,1,Road Accidents,Not Applicable,City/Town,Near Bus stop,Human Error,Not Applicable,Grievous Injury,Hit pedestrian,Uncontrolled,Others,Others,Concrete,Dry,Not Applicable,Fine,HEBBAL RING ROADYOGESHWAR NAGAR CROSS,ELECTRIC POLL,20 FT,0.0,0.0,0,0,0.0,0.0
Bengaluru City,Hebbal Traffic PS,1.04432e+16,2023,1,2,Road Accidents,Not Applicable,City/Town,In bazaar,Human Error,Yes,Grievous Injury,Vehicle to Vehicle,Uncontrolled,Others,Others,Bitumen(Tar),Dry,Not Applicable,Fine,"NEAR RAILWAY UNDERPASS, KODIGEHALLI, BENGALURU CITY",ELECTRIC POLL,26 FT,0.0,0.0,0,0,0.0,0.0
Bengaluru City,Hebbal Traffic PS,1.04432e+16,2023,1,1,Road Accidents,Not Applicable,City/Town,Open area,Human Error,Yes,Grievous Injury,Hit pedestrian,Uncontrolled,Others,Others,Bitumen(Tar),Dry,Not Applicable,Fine,NEAR VIRANNAPALYA DASARAHALLI MAIN ROAD,E,28FT,0.0,0.0,0,0,0.0,0.0
Bengaluru City,Hebbal Traffic PS,1.04432e+16,2023,1,2,Road Accidents,Not Applicable,City/Town,Open area,Human Error,No,Grievous Injury,Vehicle to Vehicle,Uncontrolled,Others,Others,Bitumen(Tar),Dry,Not Applicable,Fine,RING ROAD VIRANNAFLY OVER,ELECTRAL PL,26FT,13.042536,77.612573,0,0,0.0,0.0
Bengaluru City,Hebbal Traffic PS,1.04432e+16,2023,1,1,Road Accidents,Not Applicable,City/Town,Open area,Human Error,No,Simple Injury,Hit pedestrian,Uncontrolled,Others,NH,Bitumen(Tar),Dry,Not Applicable,Fine,B B ROAD NEAR DAIRY FORM KEMPAPUR CROSS HEBBAL,ELECTRAL POLL,25FT,13.052123,77.593193,0,0,0.0,0.0
Bengaluru City,Hebbal Traffic PS,1.04432e+16,2023,1,2,Road Accidents,Not Applicable,City/Town,Open area,Human Error,No,Damage Only,Vehicle to Vehicle,Uncontrolled,Others,Others,Bitumen(Tar),Dry,Not Applicable,Fine,HEBBAL CIRCLE NEAR HEBBAL LAKE,ELECTRIC POLL,25FT,0.0,0.0,0,0,0.0,0.0
Bengaluru City,Hebbal Traffic PS,1.04432e+16,2023,1,1,Road Accidents,Not Applicable,City/Town,Open area,Human Error,No,Grievous Injury,Vehicle to Vehicle,Uncontrolled,Others,NH,Bitumen(Tar),Dry,Not Applicable,Fog / Mist,HEBBAL ON FLY OVER K R PURAM TRACK,ELECRITAL POLL,38FT,0.0,0.0,0,0,0.0,0.0
Bengaluru City,Hebbal Traffic PS,1.04432e+16,2023,1,2,Road Accidents,Not Applicable,City/Town,Open area,Human Error,No,Grievous Injury,Vehicle to Vehicle,Uncontrolled,Others,Others,Bitumen(Tar),Dry,Not Applicable,Fine,NEAR K R PURAM UP RAMP HEBBAL OUT RING ROAD HEBBAL,MIDIYAN,08FT,0.0,0.0,0,0,0.0,0.0
Bengaluru City,Hebbal Traffic PS,1.04432e+16,2023,1,1,Road Accidents,Not Applicable,City/Town,In bazaar,Human Error,Not Applicable,Grievous Injury,Hit pedestrian,Uncontrolled,Others,Others,Bitumen(Tar),Dry,Not Applicable,Fine,SUMANGALI SEVASHAMA ROAD NEAR SUPPAR MARKET,ELECTRIC POLL,15FT,13.036532,77.593897,0,0,0.0,0.0
Bengaluru City,Hebbal Traffic PS,1.04432e+16,2023,1,2,Road Accidents,Not Applicable,City/Town,Open area,Human Error,No,Grievous Injury,Vehicle to Vehicle,Uncontrolled,Others,Others,Bitumen(Tar),Dry,Not Applicable,Fine,RING ROAD NEARDEVINAGAR CEOSS,MIDIYAN,08 FT,13.047161,77.570022,0,0,0.0,0.0
Bengaluru City,Hebbal Traffic PS,1.04432e+16,2023,1,2,Road Accidents,Not Applicable,City/Town,In bazaar,Human Error,Not Applicable,Grievous Injury,Vehicle to Vehicle,Uncontrolled,Others,Others,Bitumen(Tar),Dry,Not Applicable,Others,GUDDADAHALLI MAIN ROAD OPP FIVE STAR CHIKAN SHOP,ELECTRIC POLL,10 ft,13.039094,77.598391,0,0,0.0,0.0
Bengaluru City,Hebbal Traffic PS,1.04432e+16,2023,1,1,Road Accidents,Not Applicable,City/Town,Near Bus stop,Human Error,Yes,Grievous Injury,Hit pedestrian,Uncontrolled,Others,Others,Bitumen(Tar),Dry,Not Applicable,Fine,RING ROAD DEVINAGARA BUS STOP,ELECTRIC POLL,30 FT,13.046924,77.569125,0,0,0.0,0.0
Bengaluru City,Hebbal Traffic PS,1.04432e+16,2023,1,1,Road Accidents,Not Applicable,City/Town,Near Hospital,Human Error,Not Applicable,Grievous Injury,Hit pedestrian,Uncontrolled,Others,NH,Bitumen(Tar),Dry,Not Applicable,Fine,Kodigehalli On Fly Over Don Ramp,ELECTRIC POLL,10ft,0.0,0.0,0,0,0.0,0.0
Bengaluru City,Hebbal Traffic PS,1.04432e+16,2023,1,1,Road Accidents,Not Applicable,City/Town,Near Bus stop,Human Error,No,Grievous Injury,Hit pedestrian,Uncontrolled,Others,Others,Concrete,Dry,Not Applicable,Fine,NEAR KUMAR AMBULANCE HEBBAL RING ROAD YOGESHWAR NAGAR CROSS,ELECRATAL POL,25ft,0.0,0.0,0,0,0.0,0.0
Bengaluru City,Hebbal Traffic PS,1.04432e+16,2023,1,1,Road Accidents,Not Applicable,City/Town,In bazaar,Human Error,Not Applicable,Grievous Injury,Hit pedestrian,Uncontrolled,Others,Others,Bitumen(Tar),Dry,Not Applicable,Fine,OPP SHANTHINIKHETHANA ENGLISH SCHOOL BHADRAPPA LAYOUT,ELECTRIC POLL,10ft,0.0,0.0,0,0,0.0,0.0
Bengaluru City,Hebbal Traffic PS,1.04432e+16,2023,1,2,Road Accidents,Not Applicable,City/Town,Open area,Human Error,Yes,Fatal,Vehicle to Vehicle,Uncontrolled,Others,Others,Bitumen(Tar),Dry,Not Applicable,Fine,"NEAR BHADRAPPA LAYOUT FLYOVER DOWN RAMP TOWARDS BEL,BENGALURU CITY",ELECTRIC POLL,30 FT,0.0,0.0,0,0,0.0,0.0
Bengaluru City,Hebbal Traffic PS,1.04432e+16,2023,1,2,Road Accidents,Not Applicable,City/Town,Open area,Human Error,Not Applicable,Grievous Injury,Vehicle to Vehicle,Uncontrolled,Others,Others,Bitumen(Tar),Dry,Not Applicable,Fine,5TH CROSS 8TH MAIN COFFEE BOARD LAYOUT KEMPAPURA HEBBAL,ELECTRIC POLL,15FT,0.0,0.0,0,0,0.0,0.0
Bengaluru City,Hebbal Traffic PS,1.04432e+16,2023,1,2,Road Accidents,Not Applicable,City/Town,Open area,Human Error,Yes,Fatal,Vehicle to Vehicle,Uncontrolled,Others,NH,Bitumen(Tar),Dry,Not Applicable,Fine,AIRPORT ROAD BYATARAYANAPUR ON FLY OVER SAHAKARA NAGAR,ELECTRAC POL,15FT,0.0,0.0,0,0,0.0,0.0
Bengaluru City,Hebbal Traffic PS,1.04432e+16,2023,1,3,Road Accidents,Not Applicable,City/Town,Open area,Human Error,No,Grievous Injury,Vehicle to Vehicle,Uncontrolled,Others,NH,Bitumen(Tar),Dry,Not Applicable,Fine,KODIGEHALLI ON FLYOVER TOWARDS HEBBAL,ELECTRIC POLL,25FT,13.057445,77.775935,0,0,0.0,0.0
Bengaluru City,Hebbal Traffic PS,1.04432e+16,2023,1,2,Not Applicable,Junction,City/Town,Open area,Human Error,No,Damage Only,Vehicle to Vehicle,Uncontrolled,Others,NH,Bitumen(Tar),Dry,Not Applicable,Fine,B B ROAD NEAR KODIGEHALLI JUNCATION,PILLER,20FT,13.057333,77.593603,0,0,0.0,0.0
Bengaluru City,Hebbal Traffic PS,1.04432e+16,2023,1,2,Road Accidents,Not Applicable,City/Town,Near Bus stop,Human Error,Yes,Grievous Injury,Vehicle to Vehicle,Uncontrolled,Others,NH,Bitumen(Tar),Dry,Not Applicable,Others,B B ROAD KEMPAPUR CREOSS TOWARDS AIRPORT,ELECTRIC POLL,30 FT,13.05084,77.593016,0,0,0.0,0.0
Bengaluru City,Hebbal Traffic PS,1.04432e+16,2023,1,2,Road Accidents,Offset,City/Town,Near Bus stop,Human Error,Yes,Simple Injury,Vehicle to Vehicle,Uncontrolled,Others,Others,Concrete,Dry,Not Applicable,Fine,Hebbal Ring Road Yogeshwar nagar Cross,Electrial Pol,35,0.0,0.0,0,0,0.0,0.0
Bengaluru City,Hebbal Traffic PS,1.04432e+16,2023,1,2,Road Accidents,Not Applicable,City/Town,Open area,Human Error,No,Damage Only,Vehicle to Vehicle,Uncontrolled,Others,Others,Concrete,Dry,Not Applicable,Fine,HEBBAL CIRCLE SERVICE ROAD RING ROAD,MIDIYAN,20FT,0.0,0.0,0,0,0.0,0.0
Bengaluru City,Hebbal Traffic PS,1.04432e+16,2023,1,2,Road Accidents,Not Applicable,City/Town,In bazaar,Human Error,Yes,Simple Injury,Vehicle to Vehicle,Uncontrolled,Others,Others,Bitumen(Tar),Dry,Not Applicable,Fine,03RD CROSS MUKRAM MASJID BHUVANESWAR NAGAR,ELECTRIC POLL,10 ft,13.034925,77.603242,0,0,0.0,0.0
Bengaluru City,Hebbal Traffic PS,1.04432e+16,2023,1,2,Road Accidents,Not Applicable,City/Town,Open area,Human Error,Yes,Grievous Injury,Vehicle to Vehicle,Uncontrolled,Others,NH,Bitumen(Tar),Dry,Not Applicable,Fine,B B Road LNT Gate Near Byatarayanapur Juncation,ELECTOAL POL,10FT,0.0,0.0,0,0,0.0,0.0
Bengaluru City,Hebbal Traffic PS,1.04432e+16,2023,1,2,Road Accidents,Not Applicable,City/Town,Open area,Human Error,Not Applicable,Grievous Injury,Vehicle to Vehicle,Uncontrolled,Others,Others,Concrete,Dry,Not Applicable,Fine,RING ROAD NEAR BMTC BUST DEPO,MIDIYAN,26 FT,0.0,0.0,0,0,0.0,0.0
Bengaluru City,Hebbal Traffic PS,1.04432e+16,2023,1,2,Road Accidents,Not Applicable,City/Town,Open area,Human Error,No,Grievous Injury,Vehicle to Vehicle,Uncontrolled,Others,Others,Bitumen(Tar),Dry,Not Applicable,Fine,B B AMRUTHAHALLI MAIN ROAD NEAR GRAVEYARD,ELECTRAL POLL,10FT,13.067009,77.593978,0,0,0.0,0.0
Bengaluru City,Hebbal Traffic PS,1.04432e+16,2023,1,1,Road Accidents,Not Applicable,City/Town,In bazaar,Human Error,No,Grievous Injury,Hit pedestrian,Uncontrolled,Others,Others,Bitumen(Tar),Dry,Not Applicable,Fine,DASARAHALLI MUTTON STALL BBMP OFFICE HEBBAL DASARAHALLI KEMPAPUR,ELECTORL POLL,05FT,13.055031,77.611769,0,0,0.0,0.0
Bengaluru City,Hebbal Traffic PS,1.04432e+16,2023,1,1,Road Accidents,Not Applicable,City/Town,Near Bus stop,Human Error,Not Applicable,Grievous Injury,Not Applicable,Uncontrolled,Others,NH,Bitumen(Tar),Dry,Not Applicable,Fine,B B Road Hebbal Fly Over  Up Ramp,ELECTRIC POLL,15FT,0.0,0.0,0,0,0.0,0.0
Bengaluru City,Hebbal Traffic PS,1.04432e+16,2023,1,2,Road Accidents,Not Applicable,City/Town,Near Bus stop,Human Error,No,Fatal,Vehicle to Vehicle,Uncontrolled,Others,Others,Bitumen(Tar),Dry,Not Applicable,Fine,Tindu Main Road 02nd Cross True Helth Care Patnar Kodigehalli,ELECTRIC POLL,35FT,0.0,0.0,0,0,0.0,0.0
Bengaluru City,Hebbal Traffic PS,1.04432e+16,2023,1,3,Road Accidents,Not Applicable,City/Town,Open area,Human Error,Not Applicable,Damage Only,Vehicle to Vehicle,Uncontrolled,Others,Others,Bitumen(Tar),Dry,Not Applicable,Fine,Hebbal Ring Road Yogeshwar Nagar Cross,Electral Poll,40Ft,0.0,0.0,0,0,0.0,0.0
Bengaluru City,Hebbal Traffic PS,1.04432e+16,2023,1,1,Road Accidents,Not Applicable,City/Town,Open area,Human Error,Yes,Grievous Injury,Hit pedestrian,Uncontrolled,Others,Others,Bitumen(Tar),Dry,Not Applicable,Fine,NEAR ALPHA GARMENTS JAKKUR DOUBLE ROAD,ELECTRIC POLL,10ft,0.0,0.0,0,0,0.0,0.0
Bengaluru City,Hebbal Traffic PS,1.04432e+16,2023,1,2,Road Accidents,Not Applicable,City/Town,Open area,Human Error,Yes,Grievous Injury,Vehicle to Vehicle,Uncontrolled,Others,Others,Bitumen(Tar),Dry,Not Applicable,Fine,"KODIGEHALLI MAIN ROAD, NEAR KODIGEHALLI POLICE STATION, BENGALURU",ELECTRIC POLL,15FT,13.058602,77.583373,0,0,0.0,0.0
Bengaluru City,Hebbal Traffic PS,1.04432e+16,2023,1,2,Road Accidents,Not Applicable,City/Town,Open area,Human Error,Yes,Grievous Injury,Vehicle to Vehicle,Uncontrolled,Others,NH,Bitumen(Tar),Dry,Not Applicable,Fine,"NEAR ESTEEM MALL, KEMPAPURA CROSS BB ROAD, BENGALURU CITY",ELECTRIC POLL,25FT,13.049987,77.592909,0,0,0.0,0.0
Bengaluru City,Hebbal Traffic PS,1.04432e+16,2023,1,2,Road Accidents,Not Applicable,City/Town,In bazaar,Human Error,No,Grievous Injury,Vehicle to Vehicle,Uncontrolled,Others,Others,Bitumen(Tar),Dry,Not Applicable,Others,Tata Nagar Opp Udapi Hotel,ELECTRIC POLL,12ft,0.0,0.0,0,0,0.0,0.0
Bengaluru City,Hebbal Traffic PS,1.04432e+16,2023,1,1,Road Accidents,Not Applicable,City/Town,Open area,Human Error,Not Applicable,Fatal,Not Applicable,Uncontrolled,Others,NH,Bitumen(Tar),Dry,Not Applicable,Others,B B road byatarayanapur On Fly Over,ELECTRIC POLL,10 ft,13.061666,77.593548,0,0,0.0,0.0
Bengaluru City,Hebbal Traffic PS,1.04432e+16,2023,1,2,Road Accidents,Not Applicable,City/Town,Open area,Human Error,Yes,Grievous Injury,Vehicle to Vehicle,Uncontrolled,Others,NH,Bitumen(Tar),Dry,Not Applicable,Fine,B B ROAD DASARAHALLI CROSS NERA KODIGEHALLI JUNCATION,ELECTRIL POLL,06FT,13.055314,77.593653,0,0,0.0,0.0
Bengaluru City,Hebbal Traffic PS,1.04432e+16,2023,1,1,Road Accidents,Not Applicable,City/Town,Near Bus stop,Human Error,Yes,Grievous Injury,Not Applicable,Signals (Working),Others,Others,Bitumen(Tar),Dry,Not Applicable,Fine,OUTER RING ROAD HEBBAL CIRCLE HEBBAL,ELECTROL POL,25FT,0.0,0.0,0,0,0.0,0.0
Bengaluru City,Hebbal Traffic PS,1.04432e+16,2023,1,1,Road Accidents,Not Applicable,City/Town,Residential area,Human Error,No,Fatal,Not Applicable,Uncontrolled,Others,Others,Bitumen(Tar),Dry,Not Applicable,Fine,PRUTHVI NAIK A S/O ADINARAYANA NAIK 22YRS VENAGOPAL RENT HOUSE 04TH CROSS A SECTOR ARMUTH NAGAR BANG,ELECTRAL POLL,10FT,13.058699,77.596232,0,0,0.0,0.0
Bengaluru City,Hebbal Traffic PS,1.04432e+16,2023,1,2,Road Accidents,Not Applicable,City/Town,Near Hospital,Human Error,Yes,Grievous Injury,Hit pedestrian,Uncontrolled,Not Applicable,Others,Bitumen(Tar),Dry,Not Applicable,Fine,KODIGEHALI MAIN ROAD NEAR MUTTURAYA TEMPLE,ELECTRIC POLL,10 ft,13.057489,77.576889,0,0,0.0,0.0
Bengaluru City,Hebbal Traffic PS,1.04432e+16,2023,1,1,Road Accidents,Not Applicable,City/Town,Open area,Human Error,Not Applicable,Grievous Injury,Not Applicable,Uncontrolled,Others,Others,Bitumen(Tar),Dry,Not Applicable,Others,Hebbal Ring Road Virannapaly Down Ramp Marriot Contry yard hotel,Electarl Poll,45Ft,0.0,0.0,0,0,0.0,0.0
Bengaluru City,Hebbal Traffic PS,1.04432e+16,2023,1,2,Road Accidents,Not Applicable,City/Town,Near Bus stop,Human Error,No,Grievous Injury,Vehicle to Vehicle,Uncontrolled,Others,NH,Bitumen(Tar),Dry,Not Applicable,Fine,B B ROAD NARROW BRIDGE TOWARDS AIRPOT ROAD,MIDIYAN,35FT,0.0,0.0,0,0,0.0,0.0
Bengaluru City,Hebbal Traffic PS,1.04432e+16,2023,1,2,Road Accidents,Not Applicable,City/Town,Open area,Human Error,Not Applicable,Grievous Injury,Vehicle to Vehicle,Uncontrolled,Others,Others,Bitumen(Tar),Dry,Not Applicable,Fine,K V JAYARAMAN ROAD NEAR NEW KRISHNA SAGAR HOTEL JAKKURU DOUBLE ROAD  BENGALURU CITY,ELECTRIC POLL,20 FT,0.0,0.0,0,0,0.0,0.0
Bengaluru City,Hebbal Traffic PS,1.04432e+16,2023,1,2,Road Accidents,Not Applicable,City/Town,Open area,Human Error,Not Applicable,Fatal,Vehicle to Vehicle,Uncontrolled,Others,NH,Bitumen(Tar),Dry,Not Applicable,Others,KEMPAPUR CROSS NEAR ESTEEM MAL,ELECTRIC POLL,35FT,13.049198,77.592776,0,0,0.0,0.0
Bengaluru City,Hebbal Traffic PS,1.04432e+16,2023,1,2,Road Accidents,Not Applicable,City/Town,Open area,Human Error,Yes,Grievous Injury,Vehicle to Vehicle,Uncontrolled,Others,Others,Bitumen(Tar),Dry,Not Applicable,Fine,GKVK DOUBLE RAOD NCBS BACK GATE THINDU VIDYANYAPURA,ELECTRIC POLL,10 ft,0.0,0.0,0,0,0.0,0.0
Bengaluru City,Hebbal Traffic PS,1.04432e+16,2023,1,1,Road Accidents,Not Applicable,City/Town,Open area,Human Error,No,Grievous Injury,Hit pedestrian,Uncontrolled,Others,Others,Bitumen(Tar),Dry,Not Applicable,Fine,DEVINAGAR BMTC BUS STOP HEBBAL  OUT RING ROAD,ELECTRIC POLL,10 ft,0.0,0.0,0,0,0.0,0.0
Bengaluru City,Hebbal Traffic PS,1.04432e+16,2023,1,1,Road Accidents,Not Applicable,City/Town,In bazaar,Human Error,Yes,Fatal,Hit pedestrian,Uncontrolled,Others,Others,Bitumen(Tar),Dry,Not Applicable,Fog / Mist,NEAR BRAMHIN THATTE IDLI HOTEL PARK ROAD SAHAKAR NAGAR,ELECTRIC POLL,35FT,0.0,0.0,0,0,0.0,0.0
Bengaluru City,Hebbal Traffic PS,1.04432e+16,2023,1,2,Road Accidents,Not Applicable,City/Town,Open area,Human Error,Yes,Grievous Injury,Vehicle to Vehicle,Uncontrolled,Others,Others,Bitumen(Tar),Dry,Not Applicable,Fine,NEAR JAWAHARLAL NEHARU CENTRE FOR ADVANCE SCIENTIFIC RESEARCH JAKKURU,ELECTRIC POLL,10 ft,13.067041,77.609998,0,0,0.0,0.0
Bengaluru City,Hebbal Traffic PS,1.04432e+16,2023,1,2,Road Accidents,Not Applicable,City/Town,In bazaar,Human Error,Not Applicable,Grievous Injury,Vehicle to Vehicle,Uncontrolled,Others,Others,Concrete,Dry,Not Applicable,Fine,Hebbal Ring Road Bhadrappa Layout Fly Over,ELECTRIC POLL,30FEET,0.0,0.0,0,0,0.0,0.0
Bengaluru City,Hebbal Traffic PS,1.04432e+16,2023,1,2,Road Accidents,Not Applicable,City/Town,Open area,Human Error,Not Applicable,Fatal,Vehicle to Vehicle,Uncontrolled,Others,NH,Bitumen(Tar),Dry,Not Applicable,Fine,B B Road hebbal Fly Over,ELECTRIC POLL,20 FT,0.0,0.0,0,0,0.0,0.0
Bengaluru City,Hebbal Traffic PS,1.04432e+16,2023,1,2,Road Accidents,Not Applicable,City/Town,Open area,Human Error,No,Fatal,Vehicle to Vehicle,Uncontrolled,Others,Others,Bitumen(Tar),Dry,Not Applicable,Fine,HEBBAL OUTER RING ROAD BWSSWB COMPOUND,ELECTRAL POL,17FT,0.0,0.0,0,0,0.0,0.0
Bengaluru City,Hebbal Traffic PS,1.04432e+16,2023,1,2,Road Accidents,Not Applicable,City/Town,Open area,Human Error,No,Grievous Injury,Vehicle to Vehicle,Uncontrolled,Others,NH,Bitumen(Tar),Dry,Not Applicable,Fine,B B ROAD KODIGEHALLI ON FLY OVER TOWARDS AIRPORT,ELECTRAL POLL,10FT,13.059117,77.593363,0,0,0.0,0.0
Bengaluru City,Hebbal Traffic PS,1.04432e+16,2023,1,2,Road Accidents,Not Applicable,City/Town,Open area,Human Error,No,Grievous Injury,Vehicle to Vehicle,Uncontrolled,Not Applicable,Others,Bitumen(Tar),Dry,Not Applicable,Others,B B ROAD BYATARAYANAPUR JUNCATION,PILLER 81,23FT,13.667173,77.592981,0,0,0.0,0.0
Bengaluru City,Hebbal Traffic PS,1.04432e+16,2023,1,1,Road Accidents,Not Applicable,City/Town,Near Bus stop,Human Error,No,Grievous Injury,Not Applicable,Uncontrolled,Others,Others,Bitumen(Tar),Dry,Not Applicable,Others,RING ROAD BHADRAPPA LAYOUT ON FLY OVER,ELECTRIC POLL,10ft,13.047241,77.574067,0,0,0.0,0.0
Bengaluru City,Hebbal Traffic PS,1.04432e+16,2023,1,2,Road Accidents,Not Applicable,City/Town,Open area,Human Error,No,Grievous Injury,Vehicle to Vehicle,Uncontrolled,Others,Others,Bitumen(Tar),Dry,Not Applicable,Fine,INFORNT OF NARAYANA HOSPITAL THINDLU MAIN ROAD,ELECTRIC POLL,20FT,13.069273,77.569083,0,0,0.0,0.0
Bengaluru City,Hebbal Traffic PS,1.04432e+16,2023,1,2,Road Accidents,Not Applicable,City/Town,Near Hospital,Human Error,No,Grievous Injury,Vehicle to Vehicle,Uncontrolled,Others,Others,Bitumen(Tar),Dry,Not Applicable,Others,TINDLU MAIN ROAD 01ST CROSS ROAD NEAR 05 STAR CIKAN CENTER,ELECTRIC POLL,20FT,13.066539,77.570199,0,0,0.0,0.0
Bengaluru City,Hebbal Traffic PS,1.04432e+16,2023,1,2,Road Accidents,Not Applicable,City/Town,Open area,Human Error,Not Applicable,Grievous Injury,Vehicle to Vehicle,Uncontrolled,Not Applicable,Others,Bitumen(Tar),Dry,Not Applicable,Fine,Hebbal Ring Road Hebbal Cricle,Piller,10ft,0.0,0.0,0,0,0.0,0.0
Bengaluru City,Hebbal Traffic PS,1.04432e+16,2023,1,1,Road Accidents,Not Applicable,City/Town,Near Bus stop,Human Error,Not Applicable,Grievous Injury,Hit pedestrian,Uncontrolled,Others,Others,Concrete,Dry,Not Applicable,Fine,NEAR BUS STOP MARUTI NAGAR KODIGEHALLI MAIN ROAD,ELECTRIC POLL,08 FT,0.0,0.0,0,0,0.0,0.0
Bengaluru City,Hebbal Traffic PS,1.04432e+16,2023,1,2,Road Accidents,Not Applicable,City/Town,Open area,Human Error,Yes,Simple Injury,Vehicle to Vehicle,Uncontrolled,Others,Others,Bitumen(Tar),Dry,Not Applicable,Fine,B B ROAD NEAR HEBBAL FLY OVER UPRAMP,MIDIYAN,15FT,0.0,0.0,0,0,0.0,0.0
Bengaluru City,Hebbal Traffic PS,1.04432e+16,2023,1,2,Road Accidents,Not Applicable,City/Town,Open area,Human Error,No,Grievous Injury,Vehicle to Vehicle,Uncontrolled,Others,NH,Bitumen(Tar),Dry,Not Applicable,Fine,B B ROAD KODIGEHALLI ON FLY OVER TOWARDS YALAHANKA,ELECTRAL POLL,30FT,13.057345,77.593341,0,0,0.0,0.0
Bengaluru City,Hebbal Traffic PS,1.04432e+16,2023,1,2,Road Accidents,Not Applicable,City/Town,In bazaar,Human Error,No,Fatal,Vehicle to Vehicle,Uncontrolled,Others,Others,Bitumen(Tar),Dry,Not Applicable,Fine,OPP CENTURY APP 18TH CROSS ANMRUTHAHALLI SAHAKARANAGAR,ELECTRIC POLL,20 FT,13.070831,77.603706,0,0,0.0,0.0
Bengaluru City,Hebbal Traffic PS,1.04432e+16,2023,1,1,Road Accidents,Not Applicable,City/Town,Open area,Human Error,Not Applicable,Grievous Injury,Not Applicable,Uncontrolled,Others,Others,Bitumen(Tar),Dry,Not Applicable,Fine,OPP TO VARUN MOTARS TOWARDS NAGAVARA HEBBAL,ELECTARIC POLL,15FT,13.043606,77.599007,0,0,0.0,0.0
Bengaluru City,Hebbal Traffic PS,1.04432e+16,2023,1,2,Road Accidents,Not Applicable,City/Town,Open area,Human Error,No,Grievous Injury,Vehicle to Vehicle,Uncontrolled,Others,NH,Bitumen(Tar),Dry,Not Applicable,Fine,ON BYATARAYANAPUR ON FLY OVER TOWARDS CITY,ELECTRAL POLL,15FT,13.064732,77.593343,0,0,0.0,0.0
Bengaluru City,Hebbal Traffic PS,1.04432e+16,2023,1,1,Road Accidents,Not Applicable,City/Town,In bazaar,Human Error,No,Simple Injury,Not Applicable,Uncontrolled,Others,Others,Bitumen(Tar),Dry,Not Applicable,Fine,HIRANANDANI APPTS BHADRAPPA LAYOUT,ELECTRIC POLL,15FT,13.053747,77.574216,0,0,0.0,0.0
Bengaluru City,Hebbal Traffic PS,1.04432e+16,2023,1,2,Road Accidents,Not Applicable,City/Town,Near Bus stop,Human Error,Not Applicable,Grievous Injury,Not Applicable,Uncontrolled,Others,Others,Bitumen(Tar),Dry,Not Applicable,Fine,Hebbal Ring Road Service Road Opp Angali Stone Shop,Elector Pol,25Ffee,0.0,0.0,0,0,0.0,0.0
Bengaluru City,Hebbal Traffic PS,1.04432e+16,2023,1,1,Road Accidents,Not Applicable,City/Town,Open area,Human Error,No,Fatal,Hit pedestrian,Uncontrolled,Others,NH,Bitumen(Tar),Dry,Not Applicable,Fine,NEAR SANJEEVINI NAGARA CROSS ON KODIGEHALLI FLYOVER B B ROAD,MIDIYAN,28FEET,0.0,0.0,0,0,0.0,0.0
Bengaluru City,Hebbal Traffic PS,1.04432e+16,2023,1,2,Road Accidents,Not Applicable,City/Town,In bazaar,Human Error,Yes,Fatal,Vehicle to Vehicle,Uncontrolled,Others,Others,Bitumen(Tar),Dry,Not Applicable,Fine,VIDYA MANDIRA SAMSTHE AMRUTHAHALLI BYATARAYANAPURT SAHAKARA NAGAR,ELECTRIC POLL,20 FT,13.066893,77.601043,0,0,0.0,0.0
Bengaluru City,Hebbal Traffic PS,1.04432e+16,2023,1,1,Road Accidents,Cross roads,City/Town,Open area,Human Error,Not Applicable,Fatal,Not Applicable,Uncontrolled,Curve,Others,Surfaced,Dry,Not Applicable,Clear,JAKKUR,SELF,JAKKUR,13.071313,77.606674,0,0,,
Bengaluru City,Hebbal Traffic PS,1.04432e+16,2023,1,2,Road Accidents,Not Applicable,City/Town,Open area,Human Error,No,Grievous Injury,Vehicle to Vehicle,Uncontrolled,Others,NH,Bitumen(Tar),Dry,Not Applicable,Fine,NEAR KEMPAPUR CROSS B B  ROAD  TOWARDS AIRPORT,ELECTRIC POLL,15FT,13.04988,77.59275,0,0,0.0,0.0
Bengaluru City,Hebbal Traffic PS,1.04432e+16,2023,1,2,Road Accidents,Not Applicable,City/Town,Open area,Human Error,Not Applicable,Grievous Injury,Vehicle to Vehicle,Uncontrolled,Others,Others,Concrete,Dry,Not Applicable,Fine,GET SET BAKE SHOP OPPSITE SAHAKARA NAGAR RAILWAY PARALLEL ROAD,ELECTRIC POLL,40FT,13.066749,77.581776,0,0,0.0,0.0
Bengaluru City,Hebbal Traffic PS,1.04432e+16,2023,1,2,Road Accidents,Not Applicable,City/Town,Open area,Human Error,No,Grievous Injury,Vehicle to Vehicle,Uncontrolled,Others,NH,Bitumen(Tar),Dry,Not Applicable,Fine,NEAR SWATGI HOTEL B B ROAD TOWARDS AIRPORT KODIGEHALI,PILLAR,10 ft,13.058895,77.593423,0,0,0.0,0.0
Bengaluru City,Hebbal Traffic PS,1.04432e+16,2023,1,2,Road Accidents,Not Applicable,City/Town,Open area,Human Error,Yes,Grievous Injury,Vehicle to Vehicle,Uncontrolled,Others,Others,Bitumen(Tar),Dry,Not Applicable,Fine,HEBBAL CIRCLE RING ROAD,ELECTRIC POLL,20 FT,13.042713,77.590297,0,0,0.0,0.0