DISTRICTNAME,UNITNAME,Crime_No,Year,RI,Noofvehicle_involved,Accident_Classification,Accident_Spot,Accident_Location,Accident_SubLocation,Main_Cause,Hit_Run,Severity,Collision_Type,Junction_Control,Road_Character,Road_Type,Surface_Type,Surface_Condition,Road_Condition,Weather,Accident_Road,Landmark_first,Distance_LandMark_First,Latitude,Longitude,Road_Condition_Score,Surface_Condition_Score,Surface_Type_Score,Road_Risk_Index
Bengaluru City,Hebbal Traffic PS,1.04432e+16,2023,1,1,Road Accidents,Not Applicable,City/Town,Near Bus stop,Human Error,Not Applicable,Grievous Injury,Hit pedestrian,Uncontrolled,Others,Others,Bitumen(Tar),Dry,Not Applicable,Fine,Brigade Opus Near kodigehelli Main Road,elector poll,8,0.0,0.0,0,0,0.0,0.0
Bengaluru City,Hebbal Traffic PS,1.04432e+16,2023,1,2,Road Accidents,Not Applicable,City/Town,Open area,Human Error,Not Applicable,Grievous Injury,Vehicle to Vehicle,Uncontrolled,Others,NH,Bitumen(Tar),Dry,Not Applicable,Fine,B B Road Byatarayanapur Juncation,Electral Poll,20Pt,0.0,0.0,0,0,0.0,0.0
Bengaluru City,Hebbal Traffic PS,1.04432e+16,2023,1,1,Road Accidents,Not Applicable,City/Town,In bazaar,Human Error,Not Applicable,Grievous Injury,Hit pedestrian,Uncontrolled,Others,Others,Bitumen(Tar),Dry,Not Applicable,Fine,INFRONT OF NO 25 3RD A CROSS BHUVANESHVARI NAGAR RT NAGAR,ELECTRIC POLL,5 FT,0.0,0.0,0,0,0.0,0.0
Bengaluru City,Hebbal Traffic PS,1.04432e+16,2023,1,2,Road Accidents,Not Applicable,City/Town,Open area,Human Error,Yes,Grievous Injury,Vehicle to Vehicle,Uncontrolled,Others,Others,Bitumen(Tar),Dry,Not Applicable,Fine,"KODIGEHALLI MAIN ROAD NEAR ROYAL MART , KODIGEHALLI,BENGALURU",ELECTRIC POLL,15FT,13.059066,77.580368,0,0,0.0,0.0
Bengaluru City,Hebbal Traffic PS,1.04432e+16,2023,1,1,Road Accidents,Not Applicable,City/Town,In bazaar,Human Error,Not Applicable,Fatal,Not Applicable,Uncontrolled,Others,Others,Concrete,Wet,Not Applicable,Fine,KODIGEHALLI MAIN ROAD NEAR GANESHA TEMPLE,ELECTRIC POLL,20 FT,0.0,0.0,0,3,0.0,3.0
Bengaluru City,Hebbal Traffic PS,1.04432e+16,2023,1,2,Road Accidents,Not Applicable,City/Town,Open area,Human Error,No,Grievous Injury,Vehicle to Vehicle,Uncontrolled,Others,NH,Bitumen(Tar),Dry,Not Applicable,Fine,B B ROAD  NEAR ESTEEM MAIL,ELECTRAL POLL,20FT,13.048776,77.592607,0,0,0.0,0.0
Bengaluru City,Hebbal Traffic PS,1.04432e+16,2023,1,2,Road Accidents,Not Applicable,City/Town,Near Hospital,Human Error,Yes,Grievous Injury,Vehicle to Vehicle,Signal lights Automatic,Others,NH,Bitumen(Tar),Dry,Not Applicable,Fine,B B ROAD BYATARAYANAPUR JUNCATION TOWARRDS AIRPORT,pillar 81,25 ft,13.06714,77.593267,0,0,0.0,0.0
Bengaluru City,Hebbal Traffic PS,1.04432e+16,2023,1,2,Road Accidents,Not Applicable,City/Town,Open area,Human Error,No,Grievous Injury,Hit bicyclist,Uncontrolled,Others,Others,Concrete,Dry,Not Applicable,Fine,RING ROAD NEAR HEBBAL TRAFFIC POLICE STATION,ELECTRIC POLL,30 FT,13.043011,77.586652,0,0,0.0,0.0
Bengaluru City,Hebbal Traffic PS,1.04432e+16,2023,1,2,Road Accidents,Not Applicable,City/Town,Near Bus stop,Human Error,Not Applicable,Simple Injury,Vehicle to Vehicle,Uncontrolled,Others,Others,Concrete,Dry,Not Applicable,Fine,OPPOSITE MARRIOT COURTYARD HETEL VEERANNAPAYA,ELECTROL POLL,05 FEE,0.0,0.0,0,0,0.0,0.0
Bengaluru City,Hebbal Traffic PS,1.04432e+16,2023,1,2,Road Accidents,Not Applicable,City/Town,Near Hospital,Human Error,Not Applicable,Fatal,Hit bicyclist,Uncontrolled,Others,NH,Bitumen(Tar),Dry,Not Applicable,Fine,B B ROAD KODIGEHALLI ON FLY OVER SANJEEVI NAGAR HEBBAL,MIDIYAN,25FEET,13.055698,77.593332,0,0,0.0,0.0
Bengaluru City,Hebbal Traffic PS,1.04432e+16,2023,1,2,Road Accidents,Not Applicable,City/Town,Open area,Human Error,Not Applicable,Grievous Injury,Vehicle to Vehicle,Uncontrolled,Others,NH,Bitumen(Tar),Dry,Not Applicable,Fine,"BB ROAD HEBBALA FLY OVER UP RAMP,HEBBAL,BENGALURU",ELECTRIC POLL,20 FT,0.0,0.0,0,0,0.0,0.0
Bengaluru City,Hebbal Traffic PS,1.04432e+16,2023,1,1,Road Accidents,Not Applicable,City/Town,Open area,Human Error,No,Grievous Injury,Not Applicable,Uncontrolled,Others,NH,Bitumen(Tar),Dry,Not Applicable,Fine,B B Road LNT Gate Near Byatarayanapur Juncation,FLY OVER PILLAR,05TF,13.070693,77.59271,0,0,0.0,0.0
Bengaluru City,Hebbal Traffic PS,1.04432e+16,2023,1,2,Road Accidents,Not Applicable,City/Town,In bazaar,Human Error,No,Grievous Injury,Vehicle to Vehicle,Uncontrolled,Others,Others,Bitumen(Tar),Dry,Not Applicable,Fine,HEBBAL POLICE QRRS ROAD HEBBAL,ELECTRAL POLL,05FT,13.03866,77.590382,0,0,0.0,0.0
Bengaluru City,Hebbal Traffic PS,1.04432e+16,2023,1,1,Road Accidents,Cross roads,City/Town,Near Hospital,Human Error,No,Grievous Injury,Vehicle to Vehicle,Uncontrolled,Others,Others,Bitumen(Tar),Dry,Not Applicable,Fine,RAIBOW HOSPITAL ROAD NEAR B B ROAD SIRVICE ROAD BYATARAYANAPUR,ELECTRIC POLL,30FEET,13.065439,77.594135,0,0,0.0,0.0
Bengaluru City,Hebbal Traffic PS,1.04432e+16,2023,1,1,Road Accidents,Not Applicable,City/Town,Open area,Human Error,Not Applicable,Fatal,Hit pedestrian,Uncontrolled,Others,NH,Bitumen(Tar),Dry,Not Applicable,Fine,B B Road sanjeevini Nagar Fly Over Done Ramp,ELECTRIC POLL,25FEET,0.0,0.0,0,0,0.0,0.0
Bengaluru City,Hebbal Traffic PS,1.04432e+16,2023,1,2,Road Accidents,Not Applicable,City/Town,In bazaar,Human Error,No,Grievous Injury,Vehicle to Vehicle,Uncontrolled,Others,Others,Bitumen(Tar),Dry,Not Applicable,Fine,SUMANGALI SHEVASHRAMA ROAD CNK PUBLIC SCHOOL CHOLANAYAKANAHALLI,ELECTRIC POLL,20 FT,13.035547,77.598042,0,0,0.0,0.0
Bengaluru City,Hebbal Traffic PS,1.04432e+16,2023,1,2,Road Accidents,Not Applicable,City/Town,Open area,Human Error,Yes,Damage Only,Vehicle to Vehicle,Uncontrolled,Others,NH,Bitumen(Tar),Dry,Not Applicable,Fine,B B ROAD HEBBAL ON FLY OVER,ELECTRIC POL,10FT,0.0,0.0,0,0,0.0,0.0
Bengaluru City,Hebbal Traffic PS,1.04432e+16,2023,1,2,Road Accidents,Not Applicable,City/Town,Open area,Human Error,Not Applicable,Simple Injury,Vehicle to Vehicle,Uncontrolled,Others,Others,Bitumen(Tar),Dry,Not Applicable,Fine,"JAKKUR DOUBLE ROAD NEAR JUNCTION, JAKKUR, BENGALURU",ELECTRIC POLL,5 FT,0.0,0.0,0,0,0.0,0.0
Bengaluru City,Hebbal Traffic PS,1.04432e+16,2023,1,3,Road Accidents,Not Applicable,City/Town,Open area,Human Error,Not Applicable,Damage Only,Vehicle to Vehicle,Uncontrolled,Others,NH,Bitumen(Tar),Dry,Not Applicable,Fine,"HEBBAL FLY OVER DOWN RAMP, HEBBAL, BENGALURU",ELECTRIC POLL,24 FT,0.0,0.0,0,0,0.0,0.0
Bengaluru City,Hebbal Traffic PS,1.04432e+16,2023,1,1,Road Accidents,Not Applicable,City/Town,Open area,Human Error,Not Applicable,Grievous Injury,Not Applicable,Uncontrolled,Not Applicable,Others,Bitumen(Tar),Dry,Not Applicable,Fine,"NEAR HEBBALA PARK,HEBBALA RING ROAD",ELECTRIC POLE,10 FT,0.0,0.0,0,0,0.0,0.0
Bengaluru City,Hebbal Traffic PS,1.04432e+16,2023,1,2,Road Accidents,Not Applicable,City/Town,Open area,Human Error,Yes,Damage Only,Vehicle to Vehicle,Uncontrolled,Others,Others,Concrete,Dry,Not Applicable,Fine,NEAR BETHAL CHERCH HEBBAL OUTER RING ROAD,ELECTRIC POLL,20 FT,13.043218,77.598296,0,0,0.0,0.0
Bengaluru City,Hebbal Traffic PS,1.04432e+16,2023,1,2,Road Accidents,Not Applicable,City/Town,Open area,Human Error,Not Applicable,Grievous Injury,Vehicle to Vehicle,Uncontrolled,Others,NH,Bitumen(Tar),Dry,Not Applicable,Fine,B B ROAD BYATARAYANAPUR  ON FLY OVER,ELECTRIC POLL,15FT,13.06684,77.593221,0,0,0.0,0.0
Bengaluru City,Hebbal Traffic PS,1.04432e+16,2023,1,1,Road Accidents,Not Applicable,City/Town,Open area,Human Error,No,Grievous Injury,Vehicle to Vehicle,Uncontrolled,Others,NH,Bitumen(Tar),Dry,Not Applicable,Fine,B B ROAD KODIGEHALLI ON FLYOUR TOWARDS AIRPORT KODIGEHELLI,ELECTRIC POLL,20 FT,13.056936,77.593343,0,0,0.0,0.0
Bengaluru City,Hebbal Traffic PS,1.04432e+16,2023,1,1,Road Accidents,Not Applicable,City/Town,In bazaar,Human Error,No,Grievous Injury,Not Applicable,Uncontrolled,Others,Others,Bitumen(Tar),Dry,Not Applicable,Fine,INFORNT OF HOUSE NO 109 JAKKURU GOVT SCHOOL ROAD JAKKURU,ELECTRAL POLL,10FT,13.075942,77.606762,0,0,0.0,0.0
Bengaluru City,Hebbal Traffic PS,1.04432e+16,2023,1,1,Road Accidents,Not Applicable,City/Town,Open area,Human Error,Not Applicable,Grievous Injury,Hit pedestrian,Uncontrolled,Others,NH,Bitumen(Tar),Dry,Not Applicable,Fine,B B ROAD PROLIFE HOSPITAL BYATARAYANAPUR,ELECTRIC POLL,10FT,13.064453,77.593359,0,0,0.0,0.0
Bengaluru City,Hebbal Traffic PS,1.04432e+16,2023,1,2,Road Accidents,Not Applicable,City/Town,Near Hospital,Human Error,Not Applicable,Grievous Injury,Vehicle to Vehicle,Uncontrolled,Others,NH,Bitumen(Tar),Dry,Not Applicable,Fine,B B Road Manipal Hospital Near Kempapur,Manipa Hospital,10,0.0,0.0,0,0,0.0,0.0
Bengaluru City,Hebbal Traffic PS,1.04432e+16,2023,1,1,Road Accidents,Not Applicable,City/Town,Open area,Human Error,Not Applicable,Grievous Injury,Hit pedestrian,Uncontrolled,Others,Others,Bitumen(Tar),Dry,Not Applicable,Fine,"NEAR SANJEEVINI NAGARA CROSS ON KODOGEHALLI, TOWARDS AIRPORT , BENGALURU",ELECTRIC POLL,25FT,0.0,0.0,0,0,0.0,0.0
Bengaluru City,Hebbal Traffic PS,1.04432e+16,2023,1,1,Road Accidents,Not Applicable,City/Town,Near Bus stop,Human Error,Not Applicable,Grievous Injury,Hit pedestrian,Controlled,Others,Others,Bitumen(Tar),Dry,Not Applicable,Fine,"HEBBALA CIRCLE,HEBBALA,BENGALURU CITY",ELECTRICAL POLE,15 FT,0.0,0.0,0,0,0.0,0.0
Bengaluru City,Hebbal Traffic PS,1.04432e+16,2023,1,1,Road Accidents,Not Applicable,City/Town,Open area,Human Error,Not Applicable,Fatal,Not Applicable,Uncontrolled,Others,Others,Bitumen(Tar),Dry,Not Applicable,Fine,NTI LAYOUT RAILWAY PARALLEA ROAD KODIGEHALLI,ELECTRIC POLL,08 FT,0.0,0.0,0,0,0.0,0.0
Bengaluru City,Hebbal Traffic PS,1.04432e+16,2023,1,1,Road Accidents,Not Applicable,City/Town,In bazaar,Human Error,Not Applicable,Grievous Injury,Not Applicable,Uncontrolled,Others,Others,Bitumen(Tar),Dry,Not Applicable,Fine,INFORNT OF ADITYA BIRLA FASHION AND RETAL LIMITED JAKKURU,ELECTRIC POLL,10FT,13.073267,77.594319,0,0,0.0,0.0
Bengaluru City,Hebbal Traffic PS,1.04432e+16,2023,1,2,Road Accidents,Not Applicable,City/Town,Near Bus stop,Human Error,Yes,Grievous Injury,Vehicle to Vehicle,Uncontrolled,Others,Others,Bitumen(Tar),Dry,Not Applicable,Fine,RING ROAD DEVINAGAR CROSS BUS STOP BHADRAPPA LAYOUT,ELECTRIC POLL,15FT,13.046974,77.568471,0,0,0.0,0.0
Bengaluru City,Hebbal Traffic PS,1.04432e+16,2023,1,2,Road Accidents,Not Applicable,City/Town,In bazaar,Human Error,Not Applicable,Grievous Injury,Vehicle to Vehicle,Uncontrolled,Others,Others,Bitumen(Tar),Dry,Not Applicable,Fine,AMRUTHAHALLI LAKE HEBBAL,ELECTRIC POLL,10 ft,13.061667,77.599656,0,0,0.0,0.0
Bengaluru City,Hebbal Traffic PS,1.04432e+16,2023,1,2,Road Accidents,Not Applicable,City/Town,Near Hospital,Human Error,Not Applicable,Grievous Injury,Vehicle to Vehicle,Uncontrolled,Not Applicable,NH,Bitumen(Tar),Dry,Not Applicable,Fine,B B Road Byatarayanapur Fly Over,Electral Pol,36feet,0.0,0.0,0,0,0.0,0.0
Bengaluru City,Hebbal Traffic PS,1.04432e+16,2023,1,1,Not Applicable,Not Applicable,City/Town,Near Bus stop,Human Error,Yes,Fatal,Hit pedestrian,Uncontrolled,Others,Others,Bitumen(Tar),Dry,Not Applicable,Fine,Hebbal Ring Road Devinagar Cross Bus Stop,ELECTRIC POLL,32feet,0.0,0.0,0,0,0.0,0.0
Bengaluru City,Hebbal Traffic PS,1.04432e+16,2023,1,2,Road Accidents,Not Applicable,City/Town,Open area,Human Error,Not Applicable,Grievous Injury,Vehicle to Vehicle,Controlled,Others,Others,Bitumen(Tar),Dry,Not Applicable,Fine,"BELOW THE FLYOVER OF HEBBAL,JUNCTION,BENGALURU CITY",ELECTRIC POLL,20 FT,0.0,0.0,0,0,0.0,0.0
Bengaluru City,Hebbal Traffic PS,1.04432e+16,2023,1,2,Road Accidents,Not Applicable,City/Town,Residential area,Human Error,Yes,Grievous Injury,Vehicle to Vehicle,Uncontrolled,Others,Others,Bitumen(Tar),Dry,Not Applicable,Fine,KODIGEHALLI TINDLU MAIN ROAD NEAR PETROL BUNK,ELECTRIC POLL,04FT,13.062902,77.572833,0,0,0.0,0.0
Bengaluru City,Hebbal Traffic PS,1.04432e+16,2023,1,2,Road Accidents,Not Applicable,City/Town,Open area,Human Error,Not Applicable,Grievous Injury,Vehicle to Vehicle,Uncontrolled,Not Applicable,Others,Bitumen(Tar),Dry,Not Applicable,Fine,HEBBAL CIRCLE RING ROAD,Piller,6FT,13.046168,77.591613,0,0,0.0,0.0
Bengaluru City,Hebbal Traffic PS,1.04432e+16,2023,1,1,Road Accidents,Not Applicable,City/Town,Open area,Human Error,Yes,Simple Injury,Vehicle to Vehicle,Uncontrolled,Others,Others,Bitumen(Tar),Dry,Not Applicable,Fine,HEBBAL CIRCLE RING ROAD HEBBAL,ELECTRIC POLL,18FT,13.043047,77.590263,0,0,0.0,0.0
Bengaluru City,Hebbal Traffic PS,1.04432e+16,2023,1,2,Road Accidents,Not Applicable,City/Town,Open area,Human Error,No,Simple Injury,Vehicle to Vehicle,Uncontrolled,Others,Others,Bitumen(Tar),Dry,Not Applicable,Fine,NEAR VEERANNAPALYA UPRAMP OUTER RNG ROAD,Elecrtal  poll,22ft,13.042829,77.611169,0,0,0.0,0.0
Bengaluru City,Hebbal Traffic PS,1.04432e+16,2023,1,1,Road Accidents,Not Applicable,City/Town,Near School or College,Human Error,No,Grievous Injury,Vehicle to Vehicle,Uncontrolled,Others,Others,Bitumen(Tar),Dry,Not Applicable,Fine,NEAR DEV IN INTER NATIONAL SCHOOOL KODIGEHALLI MAIN ROAD,ELECTRAL POLL,06FT,13.060071,77.581451,0,0,0.0,0.0
Bengaluru City,Hebbal Traffic PS,1.04432e+16,2023,1,2,Road Accidents,Not Applicable,City/Town,Open area,Human Error,Not Applicable,Grievous Injury,Vehicle to Vehicle,Uncontrolled,Others,Others,Bitumen(Tar),Dry,Not Applicable,Fine,Rachenahalli Lake Bhuvaneshwari Nagar Dasarahalli,Electral Pol,10Ft,0.0,0.0,0,0,0.0,0.0
Bengaluru City,Hebbal Traffic PS,1.04432e+16,2023,1,2,Road Accidents,Not Applicable,City/Town,In bazaar,Human Error,Not Applicable,Grievous Injury,Vehicle to Vehicle,Uncontrolled,Not Applicable,Others,Bitumen(Tar),Dry,Not Applicable,Fine,Near Pampa Extension presidency  college kempapur,Electral Pol,15,0.0,0.0,0,0,0.0,0.0
Bengaluru City,Hebbal Traffic PS,1.04432e+16,2023,1,2,Road Accidents,Not Applicable,City/Town,Open area,Human Error,Not Applicable,Damage Only,Vehicle to Vehicle,Uncontrolled,Others,Others,Bitumen(Tar),Dry,Pot holed,Fine,RING ROAD HEBBAL CRICLE,MIDIYAN,09FT,0.0,0.0,5,0,0.0,5.0
Bengaluru City,Hebbal Traffic PS,1.04432e+16,2023,1,2,Road Accidents,Not Applicable,City/Town,Open area,Human Error,Not Applicable,Damage Only,Vehicle to Vehicle,Uncontrolled,Others,Others,Concrete,Dry,Not Applicable,Fine,RING ROAD HEBBAL CIRCLE,ELECTRIC POLL,35FT,0.0,0.0,0,0,0.0,0.0
Bengaluru City,Hebbal Traffic PS,1.04432e+16,2023,1,2,Road Accidents,Not Applicable,City/Town,Open area,Human Error,Yes,Grievous Injury,Vehicle to Vehicle,Uncontrolled,Others,Others,Bitumen(Tar),Dry,Not Applicable,Fine,HEBBALRING ROAD HEBBAL FLYOUR HEBBAL,MIDIYAN,31FT,0.0,0.0,0,0,0.0,0.0
Bengaluru City,Hebbal Traffic PS,1.04432e+16,2023,1,1,Road Accidents,Not Applicable,City/Town,In bazaar,Human Error,No,Grievous Injury,Hit pedestrian,Uncontrolled,Others,Others,Bitumen(Tar),Dry,Not Applicable,Fine,NEAR BAR BI Q RESTUARENT HEBBAL KEMPAPUR,ELECTRAL POLL,10FT,13.051739,77.597672,0,0,0.0,0.0
Bengaluru City,Hebbal Traffic PS,1.04432e+16,2023,1,1,Road Accidents,Not Applicable,City/Town,Open area,Human Error,No,Grievous Injury,Hit pedestrian,Uncontrolled,Others,NH,Bitumen(Tar),Dry,Not Applicable,Fine,B B ROAD NEAR WEST SIDE SHOW ROOM KEMPAPUR HEBBAL,ELECTRIC POLL,16FT,13.051771,77.593432,0,0,0.0,0.0
Bengaluru City,Hebbal Traffic PS,1.04432e+16,2023,1,1,Road Accidents,Not Applicable,City/Town,Near Bus stop,Human Error,No,Grievous Injury,Hit pedestrian,Uncontrolled,Others,NH,Bitumen(Tar),Dry,Not Applicable,Fine,B B ROAD BYATARAYANAPUR JUNCATION,Piller,35FT,13.067128,77.592982,0,0,0.0,0.0
Bengaluru City,Hennur Traffic PS,1.04432e+16,2023,1,2,Not Applicable,Not Applicable,City/Town,Open area,Not Applicable,No,Grievous Injury,Vehicle to Vehicle,Not Applicable,Straight and flat,Not Applicable,Bitumen(Tar),Dry,Not Applicable,Clear,SAMPIGEHALLI MAIN ROAD NEAR SAMPIGEHALLI CROSS,LIGHT POL,30FIT,0.0,0.0,0,0,0.0,0.0
Bengaluru City,Hennur Traffic PS,1.04432e+16,2023,1,2,Not Applicable,Not Applicable,City/Town,Open area,Not Applicable,Yes,Grievous Injury,Vehicle to Vehicle,Not Applicable,Not Applicable,Two way,Bitumen(Tar),Dry,Not Applicable,Cloudy,HENNURU BAGALURU MAIN ROAD INFRONT KUMAR PROPERTYS,LIGHT POL,30FIT,0.0,0.0,0,0,0.0,0.0
Bengaluru City,Hennur Traffic PS,1.04432e+16,2023,1,2,Road Accidents,Not Applicable,City/Town,Open area,Not Applicable,Yes,Grievous Injury,Vehicle to Vehicle,Not Applicable,Not Applicable,Not Applicable,Bitumen(Tar),Dry,Not Applicable,Clear,VEERANNAPALYA FLY OVER,LIGHT POL,20FIT,0.0,0.0,0,0,0.0,0.0
Bengaluru City,Hennur Traffic PS,1.04432e+16,2023,1,2,Road Accidents,Not Applicable,City/Town,Near office complex,Human Error,No,Simple Injury,Vehicle to Vehicle,Uncontrolled,Straight and flat,Two way,Bitumen(Tar),Dry,Not Applicable,Clear,NAGAWARA RING ROAD,manyatha gate no 01,3 km,13.041189,77.621005,0,0,0.0,0.0
Bengaluru City,Hennur Traffic PS,1.04432e+16,2023,1,1,Road Accidents,Junction,City/Town,Near or inside a village,Human Error,Yes,Simple Injury,Hit pedestrian,Uncontrolled,Straight and flat,Residential Street,Bitumen(Tar),Dry,Not Applicable,Fine,HORAMAVU AGAR ROAD,BANJARA LAYOUT,5km,13.040637,77.661939,0,0,0.0,0.0
Bengaluru City,Hennur Traffic PS,1.04432e+16,2023,1,2,Road Accidents,Not Applicable,City/Town,Open area,Human Error,No,Grievous Injury,Vehicle to Vehicle,Uncontrolled,Straight and flat,Two way,Bitumen(Tar),Dry,Not Applicable,Fine,SAMPIGEHALLI MN RD,NILAGIRI TOPU,2,13.077841,77.631271,0,0,0.0,0.0
Bengaluru City,Hennur Traffic PS,1.04432e+16,2023,1,1,Road Accidents,Not Applicable,City/Town,Open area,Not Applicable,No,Grievous Injury,Not Applicable,Not at  Junction,Straight and flat,Two way,Bitumen(Tar),Dry,Not Applicable,Cloudy,HEGADE NAGAR MAIN ROAD NEAR CMA CONVETION CENTER,CENTER MIDIAN,25FIT,0.0,0.0,0,0,0.0,0.0
Bengaluru City,Hennur Traffic PS,1.04432e+16,2023,1,2,Road Accidents,Circle,Rural Areas,Open area,Human Error,Yes,Fatal,Vehicle to Vehicle,Uncontrolled,Others,Two way,Not Applicable,Others,Not Applicable,Clear,DODDAGUBBI MAIN ROAD,PURVANKAR CROSS,1,0.0,0.0,0,1,0.0,1.0
Bengaluru City,Hennur Traffic PS,1.04432e+16,2023,1,2,Not Applicable,Not Applicable,City/Town,Residential area,Not Applicable,No,Grievous Injury,Vehicle to Vehicle,Not Applicable,Straight and flat,Not Applicable,Bitumen(Tar),Dry,Not Applicable,Clear,HENNURU BAGALURU MAIN ROAD,CENTER MIDIAN,20FIT,0.0,0.0,0,0,0.0,0.0
Bengaluru City,Hennur Traffic PS,1.04432e+16,2023,1,2,Road Accidents,Not Applicable,City/Town,Open area,Not Applicable,No,Simple Injury,Vehicle to Vehicle,Not at  Junction,Not Applicable,Service Road,Bitumen(Tar),Dry,Not Applicable,Clear,THANISANDRA MAIN ROAD NEAR K NARAYANAPURA FLY OVER SERVICE ROAD,LIGHT POL,20FIT,13.067596,77.633729,0,0,0.0,0.0
Bengaluru City,Hennur Traffic PS,1.04432e+16,2023,1,1,Road Accidents,Not Applicable,City/Town,Near or inside a village,Human Error,No,Fatal,Hit pedestrian,Uncontrolled,Straight and flat,Two way,Bitumen(Tar),Dry,Not Applicable,Fine,HENNUR BAGALURU ROAD,VEG HOTEL,3 KM,13.038064,77.641464,0,0,0.0,0.0
Bengaluru City,Hennur Traffic PS,1.04432e+16,2023,1,2,Not Applicable,Curves,City/Town,Near Bus stop,Not Applicable,Yes,Grievous Injury,Vehicle to Vehicle,Uncontrolled,Curve,Two way,Concrete,Dry,Not Applicable,Not Applicable,THANISANDRA MIAN ROAD NEAR ASHWATHAKATTE JN,LIGHT POL,20 FIT,0.0,0.0,0,0,0.0,0.0
Bengaluru City,Hennur Traffic PS,1.04432e+16,2023,1,1,Road Accidents,Not Applicable,City/Town,Residential area,Not Applicable,No,Grievous Injury,Hit pedestrian,Not Applicable,Straight and flat,Two way,Bitumen(Tar),Dry,Not Applicable,Clear,NEAR AXIS BANK ATM AGARA MAIN ROAD,LIGHT POL,15FEET,0.0,0.0,0,0,0.0,0.0
Bengaluru City,Hennur Traffic PS,1.04432e+16,2023,1,1,Road Accidents,Not Applicable,City/Town,Near a religious place,Human Error,No,Grievous Injury,Hit pedestrian,Uncontrolled,Straight and flat,Two way,Bitumen(Tar),Dry,No influence on accident,Fine,SARAYIPALYA ROAD,QUBA MASJID,02 KM,13.051473,77.655574,0,0,0.0,0.0
Bengaluru City,Hennur Traffic PS,1.04432e+16,2023,1,3,Road Accidents,Not Applicable,City/Town,Open area,Not Applicable,No,Grievous Injury,Vehicle to Vehicle,Not at  Junction,Others,Two way,Concrete,Dry,Not Applicable,Others,THANISANDRA MAIN ROAD NEAR RAILWAY BRIDGE,LIGHT POL,20FIT,0.0,0.0,0,0,0.0,0.0
Bengaluru City,Hennur Traffic PS,1.04432e+16,2023,1,2,Road Accidents,Not Applicable,City/Town,Open area,Not Applicable,No,Simple Injury,Vehicle to Vehicle,Not Applicable,Others,Others,Bitumen(Tar),Not Applicable,Not Applicable,Clear,HORAMAVU AGARA MAIN ROAD,LIGHT POL,15FEET,13.037962,77.649071,0,0,0.0,0.0
Bengaluru City,Hennur Traffic PS,1.04432e+16,2023,1,2,Not Applicable,Not Applicable,City/Town,Residential area,Not Applicable,No,Grievous Injury,Vehicle to Vehicle,Not Applicable,Not Applicable,Others,Bitumen(Tar),Dry,Not Applicable,Clear,HEGADE NAGAR 80 FEET ROAD,LIGHT POL,30FIT,0.0,0.0,0,0,0.0,0.0
Bengaluru City,Hennur Traffic PS,1.04432e+16,2023,1,2,Road Accidents,Not Applicable,City/Town,Open area,Not Applicable,Yes,Fatal,Vehicle to Vehicle,Not Applicable,Straight and flat,Two way,Concrete,Dry,Not Applicable,Clear,HEGADE NAGAR MAIN ROAD NEAR SAMPIGEHALLI POLICE STATION,LIGHT POL,20 FIT,0.0,0.0,0,0,0.0,0.0
Bengaluru City,Hennur Traffic PS,1.04432e+16,2023,1,1,Road Accidents,Not Applicable,City/Town,Near School or College,Human Error,No,Grievous Injury,Hit pedestrian,Uncontrolled,Straight and flat,Two way,Bitumen(Tar),Dry,No influence on accident,Fine,geddalahalli mn rd,ST MARY S SCHOOL,3 km,13.050208,77.648413,0,0,0.0,0.0
Bengaluru City,Hennur Traffic PS,1.04432e+16,2023,1,1,Road Accidents,Not Applicable,City/Town,Open area,Not Applicable,No,Grievous Injury,Hit pedestrian,Not Applicable,Others,Two way,Bitumen(Tar),Dry,Not Applicable,Not Applicable,CHIKKAGUBBI MAIN ROAD NEAR WATER TANK,LIGHT POL,25FIT,13.080857,77.661558,0,0,0.0,0.0
Bengaluru City,Hennur Traffic PS,1.04432e+16,2023,1,1,Road Accidents,Not Applicable,City/Town,Open area,Not Applicable,Yes,Grievous Injury,Hit pedestrian,Not Applicable,Not Applicable,Two way,Concrete,Dry,Not Applicable,Clear,THNISANDRA MAIN ROAD INFRONT OF VOLKS WAGAN SHOWROOM,LIGHT POL,25FIT,0.0,0.0,0,0,0.0,0.0
Bengaluru City,Hennur Traffic PS,1.04432e+16,2023,1,1,Road Accidents,Not Applicable,City/Town,Residential area,Not Applicable,No,Grievous Injury,Hit pedestrian,Not Applicable,Straight and flat,Others,Bitumen(Tar),Dry,Not Applicable,Clear,E BLOCK NO 04 C A R NORTH POLICE QUARTERS HEGADE NAGAR,LIGHT POL,7 FIT,0.0,0.0,0,0,0.0,0.0
Bengaluru City,Hennur Traffic PS,1.04432e+16,2023,1,1,Not Applicable,Not Applicable,City/Town,Residential area,Not Applicable,No,Grievous Injury,Vehicle to Vehicle,Not Applicable,Not Applicable,Two way,Bitumen(Tar),Dry,Not Applicable,Cloudy,02ND CROSS TELECOM LEYOUT,LIGHT POL,21FIT,0.0,0.0,0,0,0.0,0.0
Bengaluru City,Hennur Traffic PS,1.04432e+16,2023,1,2,Rail Road Accidents,Narrow road,City/Town,Open area,Not Applicable,No,Damage Only,Not Applicable,Not Applicable,Straight and flat,Two way,Concrete,Dry,Not Applicable,Fine,THANISANDRA MAIN ROAD NEAR RAILWAY BRIDGE,LIGHT POL,20 FIT,0.0,0.0,0,0,0.0,0.0
Bengaluru City,Hennur Traffic PS,1.04432e+16,2023,1,2,Not Applicable,Not Applicable,City/Town,Open area,Not Applicable,No,Grievous Injury,Vehicle to Vehicle,Not Applicable,Straight and flat,Not Applicable,Bitumen(Tar),Dry,Not Applicable,Clear,NEAR BHARAT MEDICAL HORAMAVU MAIN ROAD,CENTER MIDIAN,2FIT,0.0,0.0,0,0,0.0,0.0
Bengaluru City,Hennur Traffic PS,1.04432e+16,2023,1,1,Road Accidents,Not Applicable,City/Town,Residential area,Human Error,No,Simple Injury,Hit pedestrian,Uncontrolled,Straight and flat,Two way,Bitumen(Tar),Dry,No influence on accident,Fine,HEGADENAGAR MN RD,RMC PLANT,3 KM,13.094423,77.636011,0,0,0.0,0.0
Bengaluru City,Hennur Traffic PS,1.04432e+16,2023,1,1,Road Accidents,Not Applicable,City/Town,Residential area,Not Applicable,Yes,Grievous Injury,Hit pedestrian,Not at  Junction,Straight and flat,Others,Bitumen(Tar),Dry,Not Applicable,Cloudy,HORAMAVU MAIN ROAD INFRONT OF POOJA FASHION,LIGHT POL,70FIT,0.0,0.0,0,0,0.0,0.0
Bengaluru City,Hennur Traffic PS,1.04432e+16,2023,1,1,Not Applicable,Not Applicable,City/Town,Open area,Not Applicable,No,Grievous Injury,Not Applicable,Not Applicable,Not Applicable,Two way,Bitumen(Tar),Dry,Not Applicable,Clear,K V JAIRAM ROAD,LIGHT POL,55FIT,0.0,0.0,0,0,0.0,0.0