DISTRICTNAME,UNITNAME,Crime_No,Year,RI,Noofvehicle_involved,Accident_Classification,Accident_Spot,Accident_Location,Accident_SubLocation,Main_Cause,Hit_Run,Severity,Collision_Type,Junction_Control,Road_Character,Road_Type,Surface_Type,Surface_Condition,Road_Condition,Weather,Accident_Road,Landmark_first,Distance_LandMark_First,Latitude,Longitude,Road_Condition_Score,Surface_Condition_Score,Surface_Type_Score,Road_Risk_Index
Bengaluru City,Hennur Traffic PS,1.04432e+16,2023,1,2,Road Accidents,Not Applicable,City/Town,Near Petrol Pump,Human Error,No,Grievous Injury,Vehicle to Vehicle,Uncontrolled,Straight and flat,Two way,Bitumen(Tar),Dry,Not Applicable,Fine,NEAR SHELL PETROL BUNK THANISANDRA MN RD,SHELL PETROL BUNK,02 KM,13.051473,77.630896,0,0,0.0,0.0
Bengaluru City,Hennur Traffic PS,1.04432e+16,2023,1,2,Road Accidents,Not Applicable,City/Town,Open area,Not Applicable,No,Grievous Injury,Vehicle to Vehicle,Not Applicable,Not Applicable,Others,Bitumen(Tar),Dry,Not Applicable,Cloudy,RING ROAD NEAR MANYATA TECK PARK,CENTER MIDIAN,20 FIT,0.0,0.0,0,0,0.0,0.0
Bengaluru City,Hennur Traffic PS,1.04432e+16,2023,1,1,Not Applicable,Not Applicable,City/Town,Open area,Not Applicable,No,Grievous Injury,Hit pedestrian,Not Applicable,Straight and flat,Two way,Concrete,Dry,Not Applicable,Clear,NAGAWARA RING ROAD,LIGHT POL,55FIT,0.0,0.0,0,0,0.0,0.0
Bengaluru City,Hennur Traffic PS,1.04432e+16,2023,1,2,Road Accidents,Not Applicable,City/Town,Open area,Human Error,No,Grievous Injury,Vehicle to Vehicle,Not Applicable,Straight and flat,Two way,Bitumen(Tar),Dry,Not Applicable,Clear,BAGALURU HENNURU MAIN ROAD,LIGHT POL,20FIT,0.0,0.0,0,0,0.0,0.0
Bengaluru City,Hennur Traffic PS,1.04432e+16,2023,1,2,Road Accidents,Not Applicable,City/Town,Open area,Not Applicable,No,Grievous Injury,Vehicle to Vehicle,Not Applicable,Straight and flat,Two way,Bitumen(Tar),Dry,Not Applicable,Clear,K V JAIRAM ROAD NEAR SHUBH SAGAR HOTEL,CENTER MIDIAN,20FIT,0.0,0.0,0,0,0.0,0.0
Bengaluru City,Hennur Traffic PS,1.04432e+16,2023,1,1,Not Applicable,Not Applicable,City/Town,Near Petrol Pump,Not Applicable,No,Grievous Injury,Not Applicable,Not Applicable,Not Applicable,Not Applicable,Concrete,Dry,Not Applicable,Clear,THANISANDRA MAIN ROAD NEAR RAILWAY BRIDGE,LIGHT POL,20 FIT,0.0,0.0,0,0,0.0,0.0
Bengaluru City,Hennur Traffic PS,1.04432e+16,2023,1,1,Road Accidents,Not Applicable,City/Town,Near office complex,Human Error,No,Simple Injury,Not Applicable,Uncontrolled,Straight and flat,Two way,Bitumen(Tar),Dry,Not Applicable,Fine,"KV JAIRAM ROAD,NEAR SBI ATM",SBI ATM,3 KM,13.068134,77.629272,0,0,0.0,0.0
Bengaluru City,Hennur Traffic PS,1.04432e+16,2023,1,1,Road Accidents,Not Applicable,City/Town,Open area,Not Applicable,No,Grievous Injury,Not Applicable,Not at  Junction,Straight and flat,Two way,Bitumen(Tar),Dry,Not Applicable,Cloudy,HENNURU BAGALURU MAIN ROAD,LIGHT POL,30FIT,0.0,0.0,0,0,0.0,0.0
Bengaluru City,Hennur Traffic PS,1.04432e+16,2023,1,1,Not Applicable,Cross roads,City/Town,Residential area,Not Applicable,No,Grievous Injury,Hit bicyclist,Not Applicable,Others,Two way,Concrete,Not Applicable,Not Applicable,Not Applicable,HEGSDE NAGAR MAIN ROAD NEAR CHOWDHARI CONFERTS,LIGHT POL,20FIT,0.0,0.0,0,0,0.0,0.0
Bengaluru City,Hennur Traffic PS,1.04432e+16,2023,1,2,Not Applicable,Not Applicable,City/Town,Open area,Not Applicable,No,Simple Injury,Vehicle to Vehicle,Not Applicable,Straight and flat,Others,Bitumen(Tar),Dry,Not Applicable,Clear,HEGADE NAGAR 80 FEET ROAD,LIGHT POL,35FIT,0.0,0.0,0,0,0.0,0.0
Bengaluru City,Hennur Traffic PS,1.04432e+16,2023,1,2,Not Applicable,Not Applicable,City/Town,Open area,Not Applicable,No,Grievous Injury,Vehicle to Vehicle,Not Applicable,Not Applicable,Not Applicable,Bitumen(Tar),Dry,Not Applicable,Clear,NEAR VADDARAPALYA SIGNAL,LIGHT POL,20 FIT,0.0,0.0,0,0,0.0,0.0
Bengaluru City,Hennur Traffic PS,1.04432e+16,2023,1,1,Not Applicable,Not Applicable,City/Town,Open area,Not Applicable,No,Grievous Injury,Hit pedestrian,Not at  Junction,Straight and flat,Two way,Bitumen(Tar),Dry,Not Applicable,Clear,KOGILU MAIN ROAD NEAR FAST LAIN INTIRIOR WORK SHOP,LIGHT POL,20 FIT,0.0,0.0,0,0,0.0,0.0
Bengaluru City,Hennur Traffic PS,1.04432e+16,2023,1,1,Road Accidents,Cross roads,City/Town,Residential area,Not Applicable,No,Grievous Injury,Hit pedestrian,Uncontrolled,Straight and flat,Others,Bitumen(Tar),Dry,Not Applicable,Clear,HBR LAYOUT INFRONT OF MEDICURE HOSPITAL,LIGHT POL,60 FIT,0.0,0.0,0,0,0.0,0.0
Bengaluru City,Hennur Traffic PS,1.04432e+16,2023,1,1,Not Applicable,Not Applicable,City/Town,Residential area,Not Applicable,No,Grievous Injury,Not Applicable,Not Applicable,Not Applicable,Two way,Concrete,Dry,Not Applicable,Cloudy,THANISANDRA MAIN ROAD NEAR ASHWATHAKATTE BUS STOP,LIGHT POL,25FIT,0.0,0.0,0,0,0.0,0.0
Bengaluru City,Hennur Traffic PS,1.04432e+16,2023,1,2,Road Accidents,Not Applicable,City/Town,Near Petrol Pump,Not Applicable,No,Grievous Injury,Vehicle to Vehicle,Uncontrolled,Others,Others,Bitumen(Tar),Dry,Not Applicable,Clear,NEAR ELIMENTS MALL THANISANDRA MAIN ROAD,SIGNAL POLL,15FEET,13.045387,77.627305,0,0,0.0,0.0
Bengaluru City,Hennur Traffic PS,1.04432e+16,2023,1,2,Road Accidents,Not Applicable,City/Town,Open area,Not Applicable,No,Grievous Injury,Vehicle to Vehicle,Not Applicable,Not Applicable,Not Applicable,Bitumen(Tar),Dry,Not Applicable,Clear,HEGADE NAGAR 80 FEET ROAD,LIGHT POL,20FIT,0.0,0.0,0,0,0.0,0.0
Bengaluru City,Hennur Traffic PS,1.04432e+16,2023,1,2,Road Accidents,Not Applicable,City/Town,Near or inside a village,Human Error,No,Grievous Injury,Hit pedestrian,Uncontrolled,Straight and flat,Sub Arterial,Bitumen(Tar),Dry,Not Applicable,Fine,kalkere road,ANDRA MUNIYAPPA LAYOUT,6 km,13.029985,77.643324,0,0,0.0,0.0
Bengaluru City,Hennur Traffic PS,1.04432e+16,2023,1,1,Road Accidents,Not Applicable,City/Town,Near School or College,Not Applicable,No,Damage Only,Not Applicable,Not Applicable,Not Applicable,Two way,Bitumen(Tar),Dry,Not Applicable,Clear,SAMPIGEHALLI MAIN ROAD NEAR GOVY SCHOOL,LIGHT POL,50FIT,13.083139,77.618159,0,0,0.0,0.0
Bengaluru City,Hennur Traffic PS,1.04432e+16,2023,1,2,Road Accidents,Not Applicable,City/Town,Near Hospital,Human Error,No,Simple Injury,Vehicle to Vehicle,Uncontrolled,Straight and flat,Two way,Bitumen(Tar),Dry,Not Applicable,Fine,HENNUR BAGALURU ROAD,south asia bible college,2,13.071742,77.651471,0,0,0.0,0.0
Bengaluru City,Hennur Traffic PS,1.04432e+16,2023,1,2,Road Accidents,Junction,City/Town,Near Bus stop,Not Applicable,Yes,Damage Only,Vehicle to Vehicle,Uncontrolled,Straight and flat,Others,Bitumen(Tar),Dry,Not Applicable,Cloudy,HENNURU BAGALURU MAIN ROAD NEAR K NARAYANAPURA JN,LIGHT POL,20,0.0,0.0,0,0,0.0,0.0
Bengaluru City,Hennur Traffic PS,1.04432e+16,2023,1,2,Road Accidents,Not Applicable,City/Town,Open area,Not Applicable,Yes,Fatal,Vehicle to Vehicle,Not at  Junction,Straight and flat,Two way,Concrete,Dry,Not Applicable,Cloudy,THANISANDRA MAIN ROAD NEAR NARAYANAPURA FLY OVER DOWN RAMP,LIGHT POL,30FIT,0.0,0.0,0,0,0.0,0.0
Bengaluru City,Hennur Traffic PS,1.04432e+16,2023,1,1,Road Accidents,Curves,City/Town,Narrow bridge or culverts,Human Error,No,Fatal,Not Applicable,Not Applicable,Curve,Others,Bitumen(Tar),Dry,Not Applicable,Cloudy,NAGAWAR SOUTH SERVICE ROAD,SHANKAR BAR,0.1,0.0,0.0,0,0,0.0,0.0
Bengaluru City,Hennur Traffic PS,1.04432e+16,2023,1,2,Road Accidents,Not Applicable,City/Town,Residential area,Not Applicable,No,Grievous Injury,Vehicle to Vehicle,Not Applicable,Not Applicable,Two way,Bitumen(Tar),Dry,Not Applicable,Clear,HORAMAVU AGARA MAIN ROAD,LIGHT POL,15FEET,0.0,0.0,0,0,0.0,0.0
Bengaluru City,Hennur Traffic PS,1.04432e+16,2023,1,2,Road Accidents,Not Applicable,City/Town,Residential area,Not Applicable,No,Grievous Injury,Vehicle to Vehicle,Not Applicable,Straight and flat,Two way,Bitumen(Tar),Others,Not Applicable,Light Rain,DODDAGUBBI MAIN ROAD NEAR GAVI TEMPLE,LIGHT POL,21FIT,13.064704,77.65611,0,1,0.0,1.0
Bengaluru City,Hennur Traffic PS,1.04432e+16,2023,1,1,Road Accidents,Not Applicable,City/Town,Near office complex,Human Error,Yes,Fatal,Hit pedestrian,Uncontrolled,Straight and flat,Two way,Bitumen(Tar),Dry,Not Applicable,Fine,nagawara ring road,esten hotel,3,13.041016,77.621303,0,0,0.0,0.0
Bengaluru City,Hennur Traffic PS,1.04432e+16,2023,1,2,Road Accidents,Junction,City/Town,Near a religious place,Human Error,No,Fatal,Vehicle to Vehicle,Uncontrolled,Straight and flat,Two way,Bitumen(Tar),Not Applicable,Not Applicable,Fine,HEGADENAGARA MN RD,PURE ONE SHOP,3 KM,13.097176,77.635883,0,0,0.0,0.0
Bengaluru City,Hennur Traffic PS,1.04432e+16,2023,1,2,Road Accidents,Not Applicable,City/Town,Near or inside a village,Human Error,No,Simple Injury,Vehicle to Vehicle,Uncontrolled,Straight and flat,Two way,Bitumen(Tar),Dry,Not Applicable,Fine,HENNUR BAGALURU ROAD,DECATHLON,2 KM,13.065861,77.651809,0,0,0.0,0.0
Bengaluru City,Hennur Traffic PS,1.04432e+16,2023,1,2,Road Accidents,Not Applicable,City/Town,Open area,Human Error,Yes,Grievous Injury,Vehicle to Vehicle,Uncontrolled,Straight and flat,Two way,Bitumen(Tar),Dry,Not Applicable,Fine,HORAMAVU AGARA ROAD,LAKE,06 KM,13.035698,77.657321,0,0,0.0,0.0
Bengaluru City,Hennur Traffic PS,1.04432e+16,2023,1,2,Road Accidents,Cross roads,City/Town,Open area,Not Applicable,Yes,Fatal,Vehicle to Vehicle,Not Applicable,Not Applicable,Not Applicable,Concrete,Dry,Not Applicable,Cloudy,HEGADE NAGAR MAIN ROAD SAMPIGEHALLI CROSS,LIGHT POL,25FIT,0.0,0.0,0,0,0.0,0.0
Bengaluru City,Hennur Traffic PS,1.04432e+16,2023,1,2,Not Applicable,Not Applicable,City/Town,Open area,Not Applicable,Yes,Fatal,Vehicle to Vehicle,Not Applicable,Not Applicable,Not Applicable,Bitumen(Tar),Others,Not Applicable,Clear,THANISANDRA MAIN ROAD NEAR VOLKS WAGAN SHOW ROOM,LIGHT POL,20 FIT,0.0,0.0,0,1,0.0,1.0
Bengaluru City,Hennur Traffic PS,1.04432e+16,2023,1,1,Road Accidents,Not Applicable,City/Town,Near Hospital,Human Error,No,Grievous Injury,Hit pedestrian,Uncontrolled,Straight and flat,Two way,Bitumen(Tar),Dry,Not Applicable,Fine,HENNUR BAGALURU ROAD,CRITIS HOSPETAL,2.5,13.048471,77.645391,0,0,0.0,0.0
Bengaluru City,Hennur Traffic PS,1.04432e+16,2023,1,3,Road Accidents,Not Applicable,City/Town,Near Petrol Pump,Human Error,No,Simple Injury,Vehicle to Vehicle,Uncontrolled,Straight and flat,Two way,Bitumen(Tar),Dry,Not Applicable,Fine,BIDARAHALLI MN RD,INDIAN OIL PETROL BUNK,05 KM,13.052692,77.675533,0,0,0.0,0.0
Bengaluru City,Hennur Traffic PS,1.04432e+16,2023,1,1,Road Accidents,Not Applicable,City/Town,Near Hospital,Human Error,No,Fatal,Hit pedestrian,Uncontrolled,Straight and flat,Two way,Bitumen(Tar),Dry,Not Applicable,Fine,HEGADE NAGAR MAIN ROAD,NEAR SAI HOSPETAL,1 KM,13.070152,77.633685,0,0,0.0,0.0
Bengaluru City,Hennur Traffic PS,1.04432e+16,2023,1,2,Road Accidents,Not Applicable,City/Town,Residential area,Human Error,No,Simple Injury,Vehicle to Vehicle,Uncontrolled,Straight and flat,Two way,Bitumen(Tar),Dry,Not Applicable,Fine,BILISHIVALE BIDARAHALLI MN RD,INDIAN OIL PETROL BUNK,4 KM,13.052744,77.675476,0,0,0.0,0.0
Bengaluru City,Hennur Traffic PS,1.04432e+16,2023,1,2,Road Accidents,Not Applicable,City/Town,Near a religious place,Human Error,No,Simple Injury,Vehicle to Vehicle,Uncontrolled,Straight and flat,Two way,Bitumen(Tar),Dry,Not Applicable,Fine,HEGADENAGARA MN RD,HAJ BHAVANA,4 KM,13.089985,77.635637,0,0,0.0,0.0
Bengaluru City,Hennur Traffic PS,1.04432e+16,2023,1,2,Road Accidents,Not Applicable,City/Town,Open area,Not Applicable,No,Grievous Injury,Vehicle to Vehicle,Not at  Junction,Straight and flat,Two way,Concrete,Dry,Not Applicable,Not Applicable,NEAR SREERAMPURA RAILWAY UNDER PASS,CENTER MIDIAN,15FEET,13.070062,77.620499,0,0,0.0,0.0
Bengaluru City,Hennur Traffic PS,1.04432e+16,2023,1,2,Road Accidents,Not Applicable,City/Town,Open area,Not Applicable,No,Grievous Injury,Vehicle to Vehicle,Not at  Junction,Straight and flat,Others,Bitumen(Tar),Dry,Not Applicable,Clear,NEAR HORAMAVU AGAR LAKE,LIGHT POL,21FIT,0.0,0.0,0,0,0.0,0.0
Bengaluru City,Hennur Traffic PS,1.04432e+16,2023,1,2,Road Accidents,Not Applicable,City/Town,Open area,Not Applicable,No,Grievous Injury,Vehicle to Vehicle,Not Applicable,Not Applicable,Others,Bitumen(Tar),Dry,Not Applicable,Clear,HORAMAVU AGARA MAIN ROAD,LIGHT POL,50FIT,0.0,0.0,0,0,0.0,0.0
Bengaluru City,Hennur Traffic PS,1.04432e+16,2023,1,1,Not Applicable,Not Applicable,City/Town,Residential area,Not Applicable,Yes,Simple Injury,Hit pedestrian,Not Applicable,Straight and flat,Two way,Bitumen(Tar),Dry,Not Applicable,Not Applicable,AGARA MAIN ROAD NEAR V V COVENTION CENTRE,LIGHT POL,20FIT,0.0,0.0,0,0,0.0,0.0
Bengaluru City,Hennur Traffic PS,1.04432e+16,2023,1,2,Road Accidents,Not Applicable,City/Town,Open area,Not Applicable,Yes,Not Applicable,Vehicle to Vehicle,Not Applicable,Others,Two way,Bitumen(Tar),Dry,Not Applicable,Clear,HENNURU BAGALURU MAIN RAOD HENNURU FLY OVER DOWN RAMP,SIGNAL POLL,20 FIT,13.028236,77.633047,0,0,0.0,0.0
Bengaluru City,Hennur Traffic PS,1.04432e+16,2023,1,1,Road Accidents,Not Applicable,City/Town,Residential area,Human Error,No,Grievous Injury,Hit pedestrian,Uncontrolled,Straight and flat,Two way,Concrete,Dry,Not Applicable,Fine,NAGAWARA RING ROAD,MANYATHA TECH PARK,3 KM,13.041237,77.618945,0,0,0.0,0.0
Bengaluru City,Hennur Traffic PS,1.04432e+16,2023,1,2,Road Accidents,Not Applicable,City/Town,Near Hospital,Not Applicable,No,Grievous Injury,Vehicle to Vehicle,Not Applicable,Straight and flat,Two way,Bitumen(Tar),Dry,Pot holed,Clear,K NARAYANAPURA MAIN ROAD NEAR GOOD HEALTH HOSPITAL,SIGNAL POLL,20 FIT,13.066774,77.638678,5,0,0.0,5.0
Bengaluru City,Hennur Traffic PS,1.04432e+16,2023,1,1,Road Accidents,Not Applicable,City/Town,Residential area,Not Applicable,Yes,Grievous Injury,Hit pedestrian,Not Applicable,Not Applicable,Not Applicable,Bitumen(Tar),Dry,Not Applicable,Cloudy,HORAMAVU AGARA MAIN ROAD,LIGHT POL,20 FIT,0.0,0.0,0,0,0.0,0.0
Bengaluru City,Hennur Traffic PS,1.04432e+16,2023,1,2,Road Accidents,Cross roads,City/Town,Residential area,Not Applicable,Yes,Grievous Injury,Vehicle to Vehicle,Uncontrolled,Others,Residential Street,Bitumen(Tar),Dry,Not Applicable,Clear,MCECHS LAYOUT 03RD MAIN 04 TH CROSS,LIGHT POL,15FEET,0.0,0.0,0,0,0.0,0.0
Bengaluru City,Hennur Traffic PS,1.04432e+16,2023,1,1,Road Accidents,Not Applicable,City/Town,Open area,Not Applicable,No,Fatal,Not Applicable,Not Applicable,Others,Others,Bitumen(Tar),Dry,Not Applicable,Clear,MANYATA TECH PARK CAMPUS NEAR NOKIA BUS STOP,LIGHT POL,20 FIT,0.0,0.0,0,0,0.0,0.0
Bengaluru City,Hennur Traffic PS,1.04432e+16,2023,1,2,Road Accidents,Curves,City/Town,Open area,Not Applicable,No,Grievous Injury,Vehicle to Vehicle,Not Applicable,Straight and flat,Two way,Bitumen(Tar),Dry,Not Applicable,Clear,HENNURU BAGALURU MAIN ROAD NEAR SUN SHINE HOSPITAL,CENTER MIDIAN,3FIT,0.0,0.0,0,0,0.0,0.0
Bengaluru City,Hennur Traffic PS,1.04432e+16,2023,1,1,Not Applicable,Not Applicable,City/Town,Residential area,Not Applicable,No,Grievous Injury,Hit bicyclist,Not Applicable,Not Applicable,Not Applicable,Bitumen(Tar),Dry,Not Applicable,Clear,GYM GYM HYPER MART AGARA MAIN ROAD,LIGHT POL,15FEET,13.04078,77.621292,0,0,0.0,0.0
Bengaluru City,Hennur Traffic PS,1.04432e+16,2023,1,2,Not Applicable,Not Applicable,City/Town,Open area,Not Applicable,No,Fatal,Vehicle to Vehicle,No signal lights,Curve,Two way,Bitumen(Tar),Dry,Not Applicable,Clear,BHARATIYA CITY CAMPUS,LIGHT POL,20 FIT,0.0,0.0,0,0,0.0,0.0
Bengaluru City,Hennur Traffic PS,1.04432e+16,2023,1,2,Road Accidents,Not Applicable,City/Town,Near or inside a village,Human Error,No,Grievous Injury,Vehicle to Vehicle,Uncontrolled,Straight and flat,Sub Arterial,Bitumen(Tar),Dry,Not Applicable,Fine,RACHENAHALLI MN RD,MANYATHA BACK GATE,15,13.057533,77.6262,0,0,0.0,0.0
Bengaluru City,Hennur Traffic PS,1.04432e+16,2023,1,2,Road Accidents,Not Applicable,City/Town,Near or inside a village,Human Error,No,Simple Injury,Vehicle to Vehicle,Uncontrolled,Straight and flat,Two way,Bitumen(Tar),Dry,No influence on accident,Clear,HORAMAVU AGARA ROAD,HENNUR GARDEN,4 KM,13.036829,77.640318,0,0,0.0,0.0
Bengaluru City,Hennur Traffic PS,1.04432e+16,2023,1,1,Road Accidents,Not Applicable,City/Town,Near office complex,Human Error,Yes,Fatal,Hit pedestrian,Uncontrolled,Straight and flat,Two way,Bitumen(Tar),Dry,Not Applicable,Fine,"NAGAWARA,THANISANDRA MN RD",VOLKSWAGEN SHOWROOM,5KM,13.043695,77.625839,0,0,0.0,0.0
Bengaluru City,Hennur Traffic PS,1.04432e+16,2023,1,1,Road Accidents,Cross roads,City/Town,Near or inside a village,Human Error,No,Grievous Injury,Hit pedestrian,Uncontrolled,Others,Sub Arterial,Bitumen(Tar),Dry,No influence on accident,Fine,VADDARAPALYA,KAVERINAGARA,5 KM,13.035916,77.646417,0,0,0.0,0.0
Bengaluru City,Hennur Traffic PS,1.04432e+16,2023,1,2,Road Accidents,Not Applicable,City/Town,Open area,Not Applicable,No,Grievous Injury,Vehicle to Vehicle,Uncontrolled,Straight and flat,Others,Bitumen(Tar),Dry,Not Applicable,Clear,HEGADE NAGAR MAIN ROAD NEAR RASHTROTHHAN SCHOOL,LIGHT POL,20 FIT,0.0,0.0,0,0,0.0,0.0
Bengaluru City,Hennur Traffic PS,1.04432e+16,2023,1,2,Road Accidents,Not Applicable,City/Town,Open area,Not Applicable,No,Grievous Injury,Vehicle to Vehicle,Not Applicable,Straight and flat,Others,Bitumen(Tar),Dry,Not Applicable,Clear,HENNURU BAGALURU MAIN ROAD,LIGHT POL,60FIT,0.0,0.0,0,0,0.0,0.0
Bengaluru City,Hennur Traffic PS,1.04432e+16,2023,1,2,Road Accidents,Cross roads,City/Town,Residential area,Not Applicable,No,Damage Only,Vehicle to Vehicle,Not Applicable,Straight and flat,Residential Street,Bitumen(Tar),Dry,Not Applicable,Clear,K NARAYANAPURA,LIGHT POL,21FIT,0.0,0.0,0,0,0.0,0.0
Bengaluru City,Hennur Traffic PS,1.04432e+16,2023,1,2,Road Accidents,Not Applicable,City/Town,Residential area,Not Applicable,No,Grievous Injury,Vehicle to Vehicle,Not Applicable,Not Applicable,Not Applicable,Bitumen(Tar),Dry,Not Applicable,Clear,HENNURU BAGALURU MAIN ROAD NEAR ALLIGENT APTS,LIGHT POL,25FIT,0.0,0.0,0,0,0.0,0.0
Bengaluru City,Hennur Traffic PS,1.04432e+16,2023,1,2,Road Accidents,Not Applicable,City/Town,Residential area,Not Applicable,Yes,Grievous Injury,Vehicle to Vehicle,Not Applicable,Others,Not Applicable,Bitumen(Tar),Dry,Not Applicable,Cloudy,INFRONT OF CAR PLUS CAR GARAGE 01ST STAGE 04TH BLOCK H B R LAYOUT,LIGHT POL,15FEET,0.0,0.0,0,0,0.0,0.0
Bengaluru City,Hennur Traffic PS,1.04432e+16,2023,1,1,Not Applicable,Narrow road,City/Town,Open area,Not Applicable,No,Fatal,Not Applicable,Uncontrolled,Not Applicable,Not Applicable,Bitumen(Tar),Dry,Not Applicable,Others,NAGAWARA RING ROAD,LIGHT POL,20 FIT,13.041026,77.615983,0,0,0.0,0.0
Bengaluru City,Hennur Traffic PS,1.04432e+16,2023,1,2,Road Accidents,Not Applicable,City/Town,Open area,Not Applicable,No,Grievous Injury,Vehicle to Vehicle,Not at  Junction,Straight and flat,Two way,Bitumen(Tar),Dry,Not Applicable,Clear,NEAR THIRUMENAHALLI LAKE AGRAHAR LAYOUT,LIGHT POL,20 FIT,13.09053,77.624904,0,0,0.0,0.0
Bengaluru City,Hennur Traffic PS,1.04432e+16,2023,1,2,Road Accidents,Not Applicable,City/Town,Near Hospital,Human Error,No,Fatal,Vehicle to Vehicle,Uncontrolled,Straight and flat,Two way,Bitumen(Tar),Dry,No influence on accident,Fine,KOGILU MAIN ROAD,amrutha hospetal,6,13.102642,77.628164,0,0,0.0,0.0
Bengaluru City,Hennur Traffic PS,1.04432e+16,2023,1,1,Road Accidents,Not Applicable,City/Town,Near or inside a village,Human Error,Yes,Fatal,Hit pedestrian,Uncontrolled,Straight and flat,Two way,Bitumen(Tar),Dry,Not Applicable,Fine,HEGADE NAGAR MAIN ROAD,indira canteed,3 km,13.073654,77.633711,0,0,0.0,0.0
Bengaluru City,Hennur Traffic PS,1.04432e+16,2023,1,2,Not Applicable,Not Applicable,City/Town,Near office complex,Not Applicable,No,Grievous Injury,Vehicle to Vehicle,Not Applicable,Straight and flat,Two way,Bitumen(Tar),Dry,Not Applicable,Not Applicable,MANYATA TECH PARK CAMPUS NEAR NOKIA BUS STOP,LIGHT POL,25FIT,0.0,0.0,0,0,0.0,0.0
Bengaluru City,Hennur Traffic PS,1.04432e+16,2023,1,1,Road Accidents,Narrow road,City/Town,Narrow bridge or culverts,Human Error,Not Applicable,Fatal,Not Applicable,Not Applicable,Others,Major District Road,Bitumen(Tar),Dry,Not Applicable,Cloudy,NAGAWAR DOWNRAMP,DRY,0.1,0.0,0.0,0,0,0.0,0.0
Bengaluru City,Hennur Traffic PS,1.04432e+16,2023,1,2,Not Applicable,Not Applicable,City/Town,In bazaar,Not Applicable,No,Grievous Injury,Vehicle to Vehicle,Not Applicable,Straight and flat,Not Applicable,Bitumen(Tar),Not Applicable,Not Applicable,Clear,HENNURU BAGALURU MAIN ROAD NEAR LULLU MART,LIGHT POL,25FIT,0.0,0.0,0,0,0.0,0.0
Bengaluru City,Hennur Traffic PS,1.04432e+16,2023,1,1,Road Accidents,Narrow road,City/Town,Near Bus stop,Human Error,No,Fatal,Not Applicable,Uncontrolled,Straight and flat,Two way,Bitumen(Tar),Dry,Pot holed,Fine,HENNUR BAGALURU MN RD,KOTHANUR POLICE STATION,3,13.054539,77.646758,5,0,0.0,5.0
Bengaluru City,Hennur Traffic PS,1.04432e+16,2023,1,2,Road Accidents,Junction,City/Town,Residential area,Human Error,No,Simple Injury,Vehicle to Vehicle,Uncontrolled,Straight and flat,Two way,Bitumen(Tar),Dry,No influence on accident,Fine,HEGADENAGARA MN RD,SHOBHA CITY,3,13.077602,77.633777,0,0,0.0,0.0
Bengaluru City,Hennur Traffic PS,1.04432e+16,2023,1,2,Road Accidents,Not Applicable,City/Town,Near or inside a village,Human Error,No,Grievous Injury,Vehicle to Vehicle,Uncontrolled,Straight and flat,Two way,Bitumen(Tar),Dry,Not Applicable,Fine,byrathi road,malnad kabab corner,2km,13.05722,77.649231,0,0,0.0,0.0
Bengaluru City,Hennur Traffic PS,1.04432e+16,2023,1,1,Road Accidents,Not Applicable,City/Town,Open area,Human Error,No,Fatal,Not Applicable,Uncontrolled,Straight and flat,Two way,Bitumen(Tar),Dry,Not Applicable,Fine,PURVANKARA APARTMENT,PURVANKARA  APARTMENT,3KM,13.0633,77.663039,0,0,0.0,0.0
Bengaluru City,High Grounds Traffic PS,1.04432e+16,2016,1,2,Road Accidents,Narrow road,City/Town,Near office complex,Human Error,Yes,Grievous Injury,Hit and Run,Not at  Junction,Others,City or Town Road,Bitumen(Tar),Not Applicable,Not Applicable,Clear,CRESENT ROAD,FROUNT BTV,0.3,0.0,0.0,0,0,0.0,0.0
Bengaluru City,High Grounds Traffic PS,1.04432e+16,2016,1,2,Road Accidents,Other,City/Town,Near School or College,Human Error,No,Grievous Injury,Others,Signal lights Automatic,Straight and flat,One way,Bitumen(Tar),Dry,No influence on accident,Clear,NAGAPPA STREET,ELECTRIC POLE,5,0.0,0.0,0,0,0.0,0.0
Bengaluru City,High Grounds Traffic PS,1.04432e+16,2016,1,2,Road Accidents,Circle,City/Town,Near Hospital,Human Error,No,Damage Only,Rear end,Police / Manual,Straight and flat,Two way,Bitumen(Tar),Dry,No influence on accident,Fine,"Opp. Richi Rich Ice Cream Parlor, KK Road,",ELECTRIC POLE,20,0.0,0.0,0,0,0.0,0.0
Bengaluru City,High Grounds Traffic PS,1.04432e+16,2016,1,1,Road Accidents,Bridge,City/Town,Near Bus stop,Human Error,No,Grievous Injury,Hit fixed object,Not at  Junction,Straight and flat,City or Town Road,Bitumen(Tar),Dry,No influence on accident,Fine,"NEAR RAILWAY BRIDGE, BTS BUS STAND ROAD,",ELECTRIC POLE,10,0.0,0.0,0,0,0.0,0.0
Bengaluru City,High Grounds Traffic PS,1.04432e+16,2016,1,2,Road Accidents,Narrow road,City/Town,Near School or College,Human Error,No,Simple Injury,Head on,Not at  Junction,Straight and flat,Two way,Bitumen(Tar),Dry,No influence on accident,Clear,AYYANGAR STREET.SHESHADRIPURAM,ELECTRIC POLE,32,0.0,0.0,0,0,0.0,0.0
Bengaluru City,High Grounds Traffic PS,1.04432e+16,2016,1,2,Road Accidents,Junction,City/Town,Near a recreation place/cinema,Human Error,No,Damage Only,Rear end,Police / Manual,Straight and flat,City or Town Road,Bitumen(Tar),Dry,No influence on accident,Fine,"RACE COURSE ROAD, JDS JUNCTION,",ELECTRIC POLE,15,0.0,0.0,0,0,0.0,0.0
Bengaluru City,High Grounds Traffic PS,1.04432e+16,2016,1,2,Road Accidents,Other,City/Town,Near a recreation place/cinema,Human Error,No,Grievous Injury,Side swipe,Police / Manual,Straight and flat,Two way,Bitumen(Tar),Dry,No influence on accident,Clear,NEAR RACE VIEW HOTELRACE COURSE ROAD,Island,35,0.0,0.0,0,0,0.0,0.0
Bengaluru City,High Grounds Traffic PS,1.04432e+16,2016,1,2,Road Accidents,Bridge,City/Town,Narrow bridge or culverts,Human Error,No,Fatal,Rear end,Police / Manual,Straight and flat,City or Town Road,Bitumen(Tar),Dry,No influence on accident,Clear,WINSOR MANNER JUNCTION,ELECTRIC POLE,15,0.0,0.0,0,0,0.0,0.0
Bengaluru City,High Grounds Traffic PS,1.04432e+16,2016,1,2,Road Accidents,Circle,City/Town,Near office complex,Human Error,No,Damage Only,Side swipe,Controlled,Curve and Incline,City or Town Road,Bitumen(Tar),Dry,No influence on accident,Clear,BASAVESHWAR CIRCLE,POLICE PILAND,30,0.0,0.0,0,0,0.0,0.0