DISTRICTNAME,UNITNAME,Crime_No,Year,RI,Noofvehicle_involved,Accident_Classification,Accident_Spot,Accident_Location,Accident_SubLocation,Main_Cause,Hit_Run,Severity,Collision_Type,Junction_Control,Road_Character,Road_Type,Surface_Type,Surface_Condition,Road_Condition,Weather,Accident_Road,Landmark_first,Distance_LandMark_First,Latitude,Longitude,Road_Condition_Score,Surface_Condition_Score,Surface_Type_Score,Road_Risk_Index
Bengaluru City,High Grounds Traffic PS,1.04432e+16,2016,1,2,Rail Road Accidents,Junction,City/Town,Near office complex,Human Error,No,Damage Only,Side swipe,No signal lights,Curve,City or Town Road,Bitumen(Tar),Others,Not Applicable,Clear,WINSOR MANNER JUNCTION,POLICE PILAND,10,0.0,0.0,0,1,0.0,1.0
Bengaluru City,High Grounds Traffic PS,1.04432e+16,2016,1,2,Road Accidents,Bridge,City/Town,Narrow bridge or culverts,Human Error,Yes,Damage Only,Hit and Run,Police / Manual,Straight and flat,City or Town Road,Bitumen(Tar),Dry,No influence on accident,Clear,"WINDSORMANNAOR BRIDGE, SANKYROAD,",ELECTRIC POLE,20,0.0,0.0,0,0,0.0,0.0
Bengaluru City,High Grounds Traffic PS,1.04432e+16,2016,1,2,Road Accidents,Narrow road,City/Town,Near a recreation place/cinema,Not Applicable,Yes,Simple Injury,Hit and Run,Not Applicable,Not Applicable,City or Town Road,Bitumen(Tar),Dry,Not Applicable,Clear,SUBEDAR CHATRAM ROAD,GANESH BHAVAN HOTEL,2.5KM,0.0,0.0,0,0,0.0,0.0
Bengaluru City,High Grounds Traffic PS,1.04432e+16,2016,1,2,Road Accidents,Narrow road,City/Town,Near Bus stop,Human Error,Yes,Damage Only,Hit and Run,No signal lights,Straight and flat,One way,Concrete,Dry,No influence on accident,Fine,"NEAR CONTONEMENT RAILWAY STATION, VASANTH NAGARA",ELECTRIC POLE,25FT,0.0,0.0,0,0,0.0,0.0
Bengaluru City,High Grounds Traffic PS,1.04432e+16,2016,1,2,Road Accidents,Narrow road,City/Town,Residential area,Human Error,No,Simple Injury,Side impact or Right angle,Not at  Junction,Straight and flat,City or Town Road,Bitumen(Tar),Dry,No influence on accident,Fine,NEAR NATARAJA THEATRE.SIRUR PARK ROAD,ELECTRIC POLE,38,0.0,0.0,0,0,0.0,0.0
Bengaluru City,High Grounds Traffic PS,1.04432e+16,2016,1,2,Road Accidents,Circle,City/Town,Near office complex,Human Error,Yes,Grievous Injury,Hit and Run,Signal lights Automatic,Curve,City or Town Road,Bitumen(Tar),Others,Not Applicable,Clear,CHALUKYA CIRCLE,NEAR HOTEL,0.2,0.0,0.0,0,1,0.0,1.0
Bengaluru City,High Grounds Traffic PS,1.04432e+16,2016,1,2,Road Accidents,Circle,City/Town,Near a religious place,Human Error,No,Grievous Injury,Hit and Run,Controlled,Curve,City or Town Road,Bitumen(Tar),Others,Not Applicable,Others,KK ROAD,NEAR GEUST HOUSE,0.2,0.0,0.0,0,1,0.0,1.0
Bengaluru City,High Grounds Traffic PS,1.04432e+16,2016,1,2,Road Accidents,Curves,City/Town,Narrow bridge or culverts,Human Error,Yes,Grievous Injury,Side swipe,Signal lights Automatic,Curve,City or Town Road,Bitumen(Tar),Dry,No influence on accident,Clear,NEAR CONTONMENT RAILWAT STATION,ELECTRIC POLE,20,0.0,0.0,0,0,0.0,0.0
Bengaluru City,High Grounds Traffic PS,1.04432e+16,2016,1,2,Road Accidents,Junction,City/Town,Residential area,Human Error,No,Fatal,Rear end,Police / Manual,Straight and flat,Two way,Bitumen(Tar),Dry,No influence on accident,Clear,NEAR SHIRUR PARK,HOUES COMPOUND,30,12.997481,77.572009,0,0,0.0,0.0
Bengaluru City,High Grounds Traffic PS,1.04432e+16,2016,1,2,Road Accidents,Other,City/Town,Near or inside a village,Human Error,No,Damage Only,Head on,Police / Manual,Straight and flat,Two way,Bitumen(Tar),Dry,No influence on accident,Clear,1ST MAIN VASANTHAKUMAR,ELECTRIC POLE,15,0.0,0.0,0,0,0.0,0.0
Bengaluru City,High Grounds Traffic PS,1.04432e+16,2016,1,1,Road Accidents,Junction,City/Town,Near a recreation place/cinema,Human Error,No,Fatal,Hit pedestrian,Signal lights Automatic,Straight and flat,One way,Bitumen(Tar),Dry,No influence on accident,Fine,NEAR LEE MERIDIAN HOTEL.  T. CHOWDAIH ROAD,TREE,20,0.0,0.0,0,0,0.0,0.0
Bengaluru City,High Grounds Traffic PS,1.04432e+16,2016,1,2,Road Accidents,Junction,City/Town,Near office complex,Human Error,No,Damage Only,Rear end,Police / Manual,Straight and flat,Two way,Bitumen(Tar),Dry,No influence on accident,Fine,WINDSOR MANNER JUNCTION,STREET LIGHT,30,0.0,0.0,0,0,0.0,0.0
Bengaluru City,High Grounds Traffic PS,1.04432e+16,2016,1,2,Road Accidents,Other,City/Town,Near office complex,Human Error,Yes,Simple Injury,Side swipe,Police / Manual,Straight and flat,One way,Bitumen(Tar),Dry,No influence on accident,Clear,OLD UDAYA TV JUNCTION.VASANTHNAGAR,STREET LIGHT,45,0.0,0.0,0,0,0.0,0.0
Bengaluru City,High Grounds Traffic PS,1.04432e+16,2016,1,2,Road Accidents,Other,City/Town,Near office complex,Human Error,No,Damage Only,Rear end,Police / Manual,Straight and flat,Two way,Bitumen(Tar),Dry,No influence on accident,Fine,SHANGRILA HOTEL. PALACE ROAD,ELECTRIC POLE,30,0.0,0.0,0,0,0.0,0.0
Bengaluru City,High Grounds Traffic PS,1.04432e+16,2016,1,2,Road Accidents,Junction,City/Town,Near office complex,Human Error,Yes,Grievous Injury,Hit and Run,Controlled,Incline,City or Town Road,Bitumen(Tar),Others,Not Applicable,Clear,Threelight Jnunction,NEAR RACE COURSE,0.1,0.0,0.0,0,1,0.0,1.0
Bengaluru City,High Grounds Traffic PS,1.04432e+16,2016,1,2,Road Accidents,Circle,City/Town,Open area,Human Error,No,Grievous Injury,Hit and Run,Controlled,Incline,City or Town Road,Bitumen(Tar),Others,Not Applicable,Clear,OPP MAHARANI COLLEGE,NEAR COLLEGE,0.2,0.0,0.0,0,1,0.0,1.0
Bengaluru City,High Grounds Traffic PS,1.04432e+16,2016,1,1,Road Accidents,Circle,City/Town,Near a factory industrial area,Human Error,No,Damage Only,Hit and Run,Controlled,Curve,City or Town Road,Bitumen(Tar),Others,Not Applicable,Clear,JASMABAVAN ROAD,NEAR KBA OFFICE,0.3,0.0,0.0,0,1,0.0,1.0
Bengaluru City,High Grounds Traffic PS,1.04432e+16,2016,1,2,Road Accidents,Circle,City/Town,Near a recreation place/cinema,Human Error,No,Simple Injury,Side swipe,Police / Manual,Straight and flat,City or Town Road,Bitumen(Tar),Dry,No influence on accident,Fine,"BASAVESHWRA JUNCTION, HIGHGROUND,",Island,41,0.0,0.0,0,0,0.0,0.0
Bengaluru City,High Grounds Traffic PS,1.04432e+16,2016,1,2,Road Accidents,Other,City/Town,Near a recreation place/cinema,Human Error,No,Damage Only,Rear end,Not at  Junction,Straight and flat,Two way,Bitumen(Tar),Dry,No influence on accident,Fine,NEAR TAJ WESTEND HOTEL.RACE COURSE ROAD,ELECTRIC POLE,18,0.0,0.0,0,0,0.0,0.0
Bengaluru City,High Grounds Traffic PS,1.04432e+16,2016,1,3,Road Accidents,Other,City/Town,Near a recreation place/cinema,Human Error,Yes,Damage Only,Rear end,Police / Manual,Straight and flat,City or Town Road,Bitumen(Tar),Dry,No influence on accident,Clear,"In Between Neharu Circle and, Kino Theater Under Bridg, Sheshadripuram",ELECTRIC POLE,20,0.0,0.0,0,0,0.0,0.0
Bengaluru City,High Grounds Traffic PS,1.04432e+16,2016,1,2,Road Accidents,Junction,City/Town,Near office complex,Human Error,No,Grievous Injury,Hit and Run,Signals (Working),Curve,City or Town Road,Bitumen(Tar),Others,Not Applicable,Clear,LRDE JUNCTION,NEAR RAJBAVA,0.3,0.0,0.0,0,1,0.0,1.0
Bengaluru City,High Grounds Traffic PS,1.04432e+16,2016,1,2,Road Accidents,Junction,City/Town,Near Hospital,Human Error,No,Grievous Injury,Hit and Run,Not Applicable,Others,City or Town Road,Bitumen(Tar),Others,Not Applicable,Clear,GURURAJA JUNCTION,NEAR HOSPITAL,0.2,0.0,0.0,0,1,0.0,1.0
Bengaluru City,High Grounds Traffic PS,1.04432e+16,2016,1,2,Road Accidents,Junction,City/Town,Near a recreation place/cinema,Human Error,No,Fatal,Rear end,Police / Manual,Curve,Two way,Bitumen(Tar),Dry,No influence on accident,Clear,RACECOURSE ROAD,POLICE PILAND,50,0.0,0.0,0,0,0.0,0.0
Bengaluru City,High Grounds Traffic PS,1.04432e+16,2016,1,2,Road Accidents,Other,City/Town,Near Bus stop,Human Error,Yes,Damage Only,Rear end,Not at  Junction,Straight and flat,Two way,Bitumen(Tar),Dry,No influence on accident,Clear,OPPOSITE OF KHANIJA BHAVAN .RACE COURSE ROAD,ELECTRIC POLE,36,0.0,0.0,0,0,0.0,0.0
Bengaluru City,High Grounds Traffic PS,1.04432e+16,2016,1,1,Road Accidents,Junction,City/Town,Open area,Human Error,No,Grievous Injury,Hit pedestrian,Police / Manual,Straight and flat,City or Town Road,Bitumen(Tar),Dry,Not Applicable,Fine,T CHOWDAIAH ROAD,NEAR WINDSOR MANNER HOTEL,2 KM,0.0,0.0,0,0,0.0,0.0
Bengaluru City,High Grounds Traffic PS,1.04432e+16,2016,1,2,Road Accidents,Junction,City/Town,Near office complex,Human Error,No,Damage Only,Side impact or Right angle,Signal lights Automatic,Straight and flat,One way,Bitumen(Tar),Dry,No influence on accident,Clear,NEAR LRDE JUNCTION,POLICE PILAND,42,0.0,0.0,0,0,0.0,0.0
Bengaluru City,High Grounds Traffic PS,1.04432e+16,2016,1,2,Road Accidents,Other,City/Town,Residential area,Human Error,No,Damage Only,Rear end,Not Applicable,Straight and flat,Two way,Concrete,Dry,No influence on accident,Fine,T CHOWDAIAH ROAD,ELECTRIC POLE,30FT,0.0,0.0,0,0,0.0,0.0
Bengaluru City,High Grounds Traffic PS,1.04432e+16,2016,1,4,Road Accidents,Bridge,City/Town,Narrow bridge or culverts,Human Error,No,Damage Only,Rear end,Not at  Junction,Straight and flat,City or Town Road,Bitumen(Tar),Dry,No influence on accident,Fine,"Near BDA Bridg,, T.Chowdaiah Road,",ELECTRIC POLE,20,0.0,0.0,0,0,0.0,0.0
Bengaluru City,High Grounds Traffic PS,1.04432e+16,2016,1,2,Road Accidents,Circle,City/Town,Residential area,Human Error,No,Simple Injury,Hit and Run,No signal lights,Curve,City or Town Road,Bitumen(Tar),Dry,Not Applicable,Clear,SHIVANANDA CICRCLE,NEAR SCHOLL,0.5,0.0,0.0,0,0,0.0,0.0
Bengaluru City,High Grounds Traffic PS,1.04432e+16,2016,1,1,Road Accidents,Narrow road,City/Town,Near Hospital,Human Error,Yes,Fatal,Hit pedestrian,Police / Manual,Straight and flat,One way,Bitumen(Tar),Dry,No influence on accident,Clear,NEAR MARUTHI NURSING HOME.LINK ROAD,ELECTRIC POLE,19,0.0,0.0,0,0,0.0,0.0
Bengaluru City,High Grounds Traffic PS,1.04432e+16,2016,1,2,Road Accidents,Junction,City/Town,Near School or College,Human Error,No,Damage Only,Rear end,Signal lights Automatic,Straight and flat,One way,Bitumen(Tar),Dry,No influence on accident,Clear,PALACE GROUND.COD JUNCTION,ELECTRIC POLE,35,0.0,0.0,0,0,0.0,0.0
Bengaluru City,High Grounds Traffic PS,1.04432e+16,2016,1,2,Road Accidents,Other,City/Town,Near a religious place,Human Error,No,Simple Injury,Side swipe,Police / Manual,Straight and flat,Two way,Bitumen(Tar),Dry,No influence on accident,Clear,S C ROAD. SHESHADRIPURAM,SIGNAL POLE,25,0.0,0.0,0,0,0.0,0.0
Bengaluru City,High Grounds Traffic PS,1.04432e+16,2016,1,2,Road Accidents,Junction,City/Town,Near office complex,Human Error,No,Damage Only,Head on,Police / Manual,Straight and flat,One way,Bitumen(Tar),Dry,No influence on accident,Clear,L R D E JUNCTION,TREE,20,0.0,0.0,0,0,0.0,0.0
Bengaluru City,High Grounds Traffic PS,1.04432e+16,2016,1,2,Road Accidents,Curves,City/Town,Near office complex,Human Error,No,Damage Only,Side impact or Right angle,Signal lights Automatic,Straight and flat,One way,Bitumen(Tar),Dry,No influence on accident,Clear,J D S JUNCTION,Island,25,0.0,0.0,0,0,0.0,0.0
Bengaluru City,High Grounds Traffic PS,1.04432e+16,2016,1,2,Road Accidents,Circle,City/Town,Near Hospital,Human Error,No,Damage Only,Head on,Police / Manual,Straight and flat,City or Town Road,Bitumen(Tar),Dry,No influence on accident,Fine,"At Shivananda Circle Jn, KK Road,",ELECTRIC POLE,10,0.0,0.0,0,0,0.0,0.0
Bengaluru City,High Grounds Traffic PS,1.04432e+16,2016,1,1,Road Accidents,Other,City/Town,Near a recreation place/cinema,Human Error,Yes,Grievous Injury,Hit pedestrian,Police / Manual,Straight and flat,One way,Bitumen(Tar),Dry,No influence on accident,Fine,UDAYA TV JUNCTION,TREE,81,0.0,0.0,0,0,0.0,0.0
Bengaluru City,High Grounds Traffic PS,1.04432e+16,2016,1,1,Road Accidents,Circle,City/Town,Near a religious place,Human Error,No,Grievous Injury,Hit and Run,Controlled,Not Applicable,City or Town Road,Bitumen(Tar),Others,Not Applicable,Clear,NATARAJ THIEATER,NEAR  TEATER,1,0.0,0.0,0,1,0.0,1.0
Bengaluru City,High Grounds Traffic PS,1.04432e+16,2016,1,2,Road Accidents,Circle,City/Town,Near Hospital,Human Error,Yes,Grievous Injury,Side swipe,Signal lights Automatic,Straight and flat,Two way,Bitumen(Tar),Dry,No influence on accident,Clear,SHIVANANDA JUNCTION.HAREKRISHNA ROAD,POLICE PILAND,46,0.0,0.0,0,0,0.0,0.0
Bengaluru City,High Grounds Traffic PS,1.04432e+16,2016,1,2,Road Accidents,Other,City/Town,Residential area,Human Error,No,Grievous Injury,Side swipe,Not at  Junction,Straight and flat,One way,Bitumen(Tar),Dry,No influence on accident,Fine,SOUTH END CIRCLE,ELECTRIC POLE,45,0.0,0.0,0,0,0.0,0.0
Bengaluru City,High Grounds Traffic PS,1.04432e+16,2016,1,1,Road Accidents,Road hump or Rumble strips,City/Town,Near office complex,Human Error,No,Fatal,Others,Not Applicable,Straight and flat,Two way,Concrete,Dry,No influence on accident,Fine,SC ROAD NEAR ANANDARAO POLICE QUATRESS,ELECTRIC POLE,39FT,0.0,0.0,0,0,0.0,0.0
Bengaluru City,High Grounds Traffic PS,1.04432e+16,2016,1,2,Road Accidents,Cross roads,City/Town,Near a religious place,Human Error,Yes,Grievous Injury,Hit and Run,Uncontrolled,Curve,City or Town Road,Bitumen(Tar),Others,Not Applicable,Clear,KUMARA KRUPA WEST,NEAR SCHOLL,0.3,0.0,0.0,0,1,0.0,1.0
Bengaluru City,High Grounds Traffic PS,1.04432e+16,2016,1,2,Road Accidents,Junction,City/Town,Near a recreation place/cinema,Human Error,Yes,Grievous Injury,Head on,Signal lights Automatic,Straight and flat,City or Town Road,Bitumen(Tar),Dry,No influence on accident,Clear,"MOVRYA HOTEL JUNCTION, RACE COURSE ROAD,",ELECTRIC POLE,10,0.0,0.0,0,0,0.0,0.0
Bengaluru City,High Grounds Traffic PS,1.04432e+16,2016,1,2,Road Accidents,Junction,City/Town,Residential area,Human Error,No,Grievous Injury,Hit and Run,Controlled,Others,City or Town Road,Bitumen(Tar),Not Applicable,Not Applicable,Others,WINSOR MANNER JUNCTION,NEAR BRIDGE,0.2,0.0,0.0,0,0,0.0,0.0
Bengaluru City,High Grounds Traffic PS,1.04432e+16,2016,1,2,Road Accidents,Narrow road,City/Town,Near Hospital,Human Error,No,Damage Only,Rear end,Uncontrolled,Straight and flat,City or Town Road,Bitumen(Tar),Dry,Not Applicable,Clear,CRASENT HOTEL,TREE,30,0.0,0.0,0,0,0.0,0.0
Bengaluru City,High Grounds Traffic PS,1.04432e+16,2016,1,2,Not Applicable,Cross roads,City/Town,Near a religious place,Human Error,No,Damage Only,Rear end,No signal lights,Curve,City or Town Road,Bitumen(Tar),Not Applicable,Not Applicable,Clear,SAPAINTENROAD,NEAR BANK,0.1,0.0,0.0,0,0,0.0,0.0
Bengaluru City,High Grounds Traffic PS,1.04432e+16,2016,1,1,Road Accidents,Junction,City/Town,Near Hospital,Human Error,No,Grievous Injury,Overturning,Police / Manual,Straight and flat,One way,Bitumen(Tar),Dry,No influence on accident,Clear,R M S JUNCTION,ELECTRIC POLE,26,0.0,0.0,0,0,0.0,0.0
Bengaluru City,High Grounds Traffic PS,1.04432e+16,2016,1,2,Road Accidents,Other,City/Town,Near Hospital,Human Error,No,Simple Injury,Rear end,Police / Manual,Straight and flat,Two way,Bitumen(Tar),Dry,No influence on accident,Clear,NEAR APPOLO HOSPITAL.K F M JUNCTION,ELECTRIC POLE,45,0.0,0.0,0,0,0.0,0.0
Bengaluru City,High Grounds Traffic PS,1.04432e+16,2016,1,2,Road Accidents,Junction,City/Town,Near a recreation place/cinema,Human Error,No,Grievous Injury,Side swipe,Police / Manual,Straight and flat,Two way,Bitumen(Tar),Dry,No influence on accident,Clear,RAJEEV GANDHI CIRCLE. P F ROAD,ELECTRIC POLE,70,12.98988,77.571858,0,0,0.0,0.0
Bengaluru City,High Grounds Traffic PS,1.04432e+16,2016,1,2,Road Accidents,Junction,City/Town,Near a recreation place/cinema,Human Error,No,Simple Injury,Rear end,Police / Manual,Straight and flat,One way,Bitumen(Tar),Dry,No influence on accident,Clear,NEAR WINDSOR MANNER JUNCTION. T.CHOWDAIAH,ELECTRIC POLE,45,0.0,0.0,0,0,0.0,0.0
Bengaluru City,High Grounds Traffic PS,1.04432e+16,2016,1,2,Road Accidents,Other,City/Town,Near a recreation place/cinema,Human Error,Yes,Simple Injury,Side swipe,Signal lights Automatic,Straight and flat,Two way,Bitumen(Tar),Dry,No influence on accident,Fine,RACE COURSE ROAD,ELECTRIC POLE,27,0.0,0.0,0,0,0.0,0.0
Bengaluru City,High Grounds Traffic PS,1.04432e+16,2016,1,2,Other Railway Accidents,Culvert,City/Town,Near a factory industrial area,Human Error,Yes,Grievous Injury,Hit and Run,Controlled,Incline,City or Town Road,Bitumen(Tar),Others,Not Applicable,Clear,PARALAL ROAD,NEAR COLLEGE,0.2,0.0,0.0,0,1,0.0,1.0
Bengaluru City,High Grounds Traffic PS,1.04432e+16,2016,1,2,Road Accidents,Cross roads,City/Town,Near a religious place,Human Error,No,Grievous Injury,Hit and Run,Controlled,Curve,City or Town Road,Bitumen(Tar),Others,Not Applicable,Clear,RP ROAD,NEAR HOSPITAL,0.2,0.0,0.0,0,1,0.0,1.0
Bengaluru City,High Grounds Traffic PS,1.04432e+16,2016,1,2,Road Accidents,Junction,City/Town,Narrow bridge or culverts,Human Error,Yes,Grievous Injury,Others,Police / Manual,Straight and flat,Two way,Bitumen(Tar),Dry,No influence on accident,Clear,WINDSOR MANNER JUNCTION,ELECTRIC POLE,90,0.0,0.0,0,0,0.0,0.0
Bengaluru City,High Grounds Traffic PS,1.04432e+16,2016,1,2,Road Accidents,Y Junction,City/Town,Near a recreation place/cinema,Human Error,No,Damage Only,Head on,Police / Manual,Straight and flat,Two way,Bitumen(Tar),Dry,No influence on accident,Clear,"HIGHGROUND TRAffic police station,",ELECTRIC POLE,20,0.0,0.0,0,0,0.0,0.0
Bengaluru City,High Grounds Traffic PS,1.04432e+16,2016,1,2,Road Accidents,Junction,City/Town,Near School or College,Human Error,No,Damage Only,Side swipe,Police / Manual,Straight and flat,One way,Bitumen(Tar),Dry,No influence on accident,Fine,T.CHOWDAIAH ROAD,SIGNAL POLE,30,0.0,0.0,0,0,0.0,0.0
Bengaluru City,High Grounds Traffic PS,1.04432e+16,2016,1,2,Road Accidents,Junction,City/Town,Near a recreation place/cinema,Human Error,No,Grievous Injury,Right Turn Collision,Signal lights Automatic,Straight and flat,Two way,Bitumen(Tar),Dry,No influence on accident,Fine,NEAR TRILIGHT JUNCTION.RACE COURSE ROAD,ELECTRIC POLE,35,0.0,0.0,0,0,0.0,0.0
Bengaluru City,High Grounds Traffic PS,1.04432e+16,2016,1,1,Road Accidents,Other,City/Town,Near office complex,Human Error,No,Fatal,Hit pedestrian,Signal lights Automatic,Straight and flat,Two way,Bitumen(Tar),Dry,No influence on accident,Fine,NEAR KFM JUNCTION.P F ROAD,ELECTRIC POLE,63,0.0,0.0,0,0,0.0,0.0
Bengaluru City,High Grounds Traffic PS,1.04432e+16,2016,1,1,Road Accidents,Bridge,City/Town,Near a religious place,Human Error,No,Grievous Injury,Hit and Run,Controlled,Curve and Incline,City or Town Road,Bitumen(Tar),Others,Not Applicable,Clear,BDA BRIDGE,NEAR BRIDGE,0.5,0.0,0.0,0,1,0.0,1.0
Bengaluru City,High Grounds Traffic PS,1.04432e+16,2016,1,2,Road Accidents,Junction,City/Town,Near office complex,Human Error,Yes,Grievous Injury,Hit and Run,Signal lights Automatic,Sharp Curve,City or Town Road,Bitumen(Tar),Dry,No influence on accident,Fine,KFM JUNCTION,Island,35,0.0,0.0,0,0,0.0,0.0
Bengaluru City,High Grounds Traffic PS,1.04432e+16,2016,1,2,Road Accidents,Other,City/Town,Residential area,Human Error,No,Fatal,Head on,Uncontrolled,Straight and flat,Two way,Bitumen(Tar),Dry,No influence on accident,Clear,SIRUR PARK.SHESHADRIPURAM,ELECTRIC POLE,9,0.0,0.0,0,0,0.0,0.0
Bengaluru City,High Grounds Traffic PS,1.04432e+16,2016,1,2,Road Accidents,Other,City/Town,Near a recreation place/cinema,Human Error,No,Damage Only,Rear end,Police / Manual,Straight and flat,One way,Bitumen(Tar),Dry,No influence on accident,Clear,NEAR 7 MINISTER QUATRAS.T.CHOWDAIAH ROAD,ELECTRIC POLE,21,0.0,0.0,0,0,0.0,0.0
Bengaluru City,High Grounds Traffic PS,1.04432e+16,2016,1,1,Road Accidents,Cross roads,City/Town,Near office complex,Human Error,No,Grievous Injury,Hit and Run,No signal lights,Curve,City or Town Road,Bitumen(Tar),Others,Not Applicable,Fine,NEAR LIMERIDIAN HOTEL,NEAR HOTEL,0.2,0.0,0.0,0,1,0.0,1.0
Bengaluru City,High Grounds Traffic PS,1.04432e+16,2016,1,2,Road Accidents,Junction,City/Town,Near School or College,Human Error,Not Applicable,Grievous Injury,Hit and Run,Controlled,Curve,City or Town Road,Bitumen(Tar),Others,Not Applicable,Cloudy,BASAVESHWAR CIRCLE,NEAR SCHOLL,0.2,0.0,0.0,0,1,0.0,1.0
Bengaluru City,High Grounds Traffic PS,1.04432e+16,2016,1,2,Road Accidents,Culvert,City/Town,Narrow bridge or culverts,Human Error,Yes,Grievous Injury,Hit and Run,Police / Manual,Straight and flat,Others,Bitumen(Tar),Dry,No influence on accident,Fine,CONTONMENT RAILWAY STATION.UDAYA TV,ELECTRIC POLE,26,0.0,0.0,0,0,0.0,0.0
Bengaluru City,High Grounds Traffic PS,1.04432e+16,2016,1,1,Road Accidents,Other,City/Town,Near a recreation place/cinema,Human Error,No,Grievous Injury,Hit fixed object,Not at  Junction,Straight and flat,Two way,Bitumen(Tar),Dry,No influence on accident,Clear,LEE MERIDIAN HOTEL.SANKEY ROAD,ELECTRIC POLE,20,0.0,0.0,0,0,0.0,0.0
Bengaluru City,High Grounds Traffic PS,1.04432e+16,2016,1,1,Road Accidents,Curves,City/Town,Near a religious place,Human Error,Yes,Damage Only,Hit pedestrian,Police / Manual,Straight and flat,City or Town Road,Bitumen(Tar),Dry,No influence on accident,Clear,"NEAR SHESHADRIPURAM POLICE STATION, S C ROAD,",ELECTRIC POLE,10,0.0,0.0,0,0,0.0,0.0
Bengaluru City,High Grounds Traffic PS,1.04432e+16,2016,1,2,Road Accidents,Junction,City/Town,Near a recreation place/cinema,Human Error,No,Grievous Injury,Rear end,Police / Manual,Straight and flat,Two way,Bitumen(Tar),Dry,No influence on accident,Clear,RACE COURSE ROAD.TRILIGHT JUNCTION,Island,30,0.0,0.0,0,0,0.0,0.0
Bengaluru City,High Grounds Traffic PS,1.04432e+16,2016,1,2,Road Accidents,Junction,City/Town,Near a recreation place/cinema,Human Error,No,Grievous Injury,Side swipe,Police / Manual,Straight and flat,Two way,Bitumen(Tar),Dry,No influence on accident,Fine,NEAR UDAYA TV JUNCTION,ELECTRIC POLE,40,0.0,0.0,0,0,0.0,0.0
Bengaluru City,High Grounds Traffic PS,1.04432e+16,2016,1,4,Road Accidents,Bridge,City/Town,Narrow bridge or culverts,Human Error,No,Damage Only,Rear end,Not at  Junction,Straight and flat,City or Town Road,Bitumen(Tar),Dry,No influence on accident,Fine,"ABOVE BDA BRIDGE T COWDAIAH ROAD,",ELECTRIC POLE,15,0.0,0.0,0,0,0.0,0.0
Bengaluru City,High Grounds Traffic PS,1.04432e+16,2016,1,1,Road Accidents,Other,City/Town,Residential area,Human Error,No,Grievous Injury,Hit pedestrian,Not at  Junction,Straight and flat,One way,Bitumen(Tar),Dry,No influence on accident,Fine,COCONET AVENUE ROAD.MALLESHWARAM,ELECTRIC POLE,25,0.0,0.0,0,0,0.0,0.0
Bengaluru City,High Grounds Traffic PS,1.04432e+16,2016,1,2,Not Applicable,Junction,City/Town,Near office complex,Human Error,No,Damage Only,Hit and Run,Controlled,Curve,City or Town Road,Bitumen(Tar),Others,Not Applicable,Clear,OLD HIGHGRRUND JUNCTION,NEAR SCHOLL,0.3,0.0,0.0,0,1,0.0,1.0
Bengaluru City,High Grounds Traffic PS,1.04432e+16,2016,1,2,Road Accidents,Junction,City/Town,Near office complex,Human Error,Yes,Damage Only,Others,Police / Manual,Straight and flat,City or Town Road,Bitumen(Tar),Dry,No influence on accident,Clear,JASMA BHAVAN ROAD.HIGHGROUND,TREE,20,0.0,0.0,0,0,0.0,0.0
Bengaluru City,High Grounds Traffic PS,1.04432e+16,2016,1,2,Road Accidents,Junction,City/Town,Near office complex,Human Error,No,Damage Only,Hit and Run,No signal lights,Others,City or Town Road,Bitumen(Tar),Others,Not Applicable,Clear,BDA JUNCTION,NEAR BDA,0.2,0.0,0.0,0,1,0.0,1.0
Bengaluru City,High Grounds Traffic PS,1.04432e+16,2016,1,2,Road Accidents,Junction,City/Town,Near a recreation place/cinema,Human Error,Yes,Simple Injury,Hit and Run,Signal lights Automatic,Straight and flat,Two way,Bitumen(Tar),Dry,No influence on accident,Clear,SANKEY ROAD .WINDSOR MANNER JUNCTION,ELECTRIC POLE,41,0.0,0.0,0,0,0.0,0.0
Bengaluru City,High Grounds Traffic PS,1.04432e+16,2016,1,2,Road Accidents,Other,City/Town,Near office complex,Human Error,Yes,Grievous Injury,Side swipe,Uncontrolled,Straight and flat,City or Town Road,Bitumen(Tar),Dry,No influence on accident,Fine,"KHADIBHAVAN, JASMA BHAVANA ROAD VASANTHANAGAR,",ELECTRIC POLE,10,0.0,0.0,0,0,0.0,0.0
Bengaluru City,High Grounds Traffic PS,1.04432e+16,2016,1,1,Road Accidents,Other,City/Town,Near School or College,Human Error,No,Fatal,Hit pedestrian,Signal lights Automatic,Straight and flat,One way,Bitumen(Tar),Dry,No influence on accident,Clear,KINO THEATRE BRIDGE.  SC ROAD,ELECTRIC POLE,10,0.0,0.0,0,0,0.0,0.0