DISTRICTNAME,UNITNAME,Crime_No,Year,RI,Noofvehicle_involved,Accident_Classification,Accident_Spot,Accident_Location,Accident_SubLocation,Main_Cause,Hit_Run,Severity,Collision_Type,Junction_Control,Road_Character,Road_Type,Surface_Type,Surface_Condition,Road_Condition,Weather,Accident_Road,Landmark_first,Distance_LandMark_First,Latitude,Longitude,Road_Condition_Score,Surface_Condition_Score,Surface_Type_Score,Road_Risk_Index
Bengaluru City,High Grounds Traffic PS,1.04432e+16,2016,1,2,Road Accidents,T Junction,City/Town,Near a religious place,Human Error,No,Grievous Injury,Side swipe,Signal lights Automatic,Straight and flat,Two way,Bitumen(Tar),Dry,No influence on accident,Fine,S C ROAD,SIGNAL POLE,13,0.0,0.0,0,0,0.0,0.0
Bengaluru City,High Grounds Traffic PS,1.04432e+16,2016,1,2,Road Accidents,Other,City/Town,Near a recreation place/cinema,Human Error,No,Damage Only,Rear end,Not at  Junction,Straight and flat,City or Town Road,Bitumen(Tar),Dry,No influence on accident,Fine,"Near Windsor Manner, T.Chowdaiah Road,",ELECTRIC POLE,25,0.0,0.0,0,0,0.0,0.0
Bengaluru City,High Grounds Traffic PS,1.04432e+16,2016,1,2,Road Accidents,Other,City/Town,Near office complex,Human Error,No,Damage Only,Rear end,Signal lights Automatic,Straight and flat,Two way,Bitumen(Tar),Dry,No influence on accident,Clear,NEAR JASMA BHAVAN,ELECTRIC POLE,28,0.0,0.0,0,0,0.0,0.0
Bengaluru City,High Grounds Traffic PS,1.04432e+16,2016,1,2,Road Accidents,Junction,City/Town,Near a recreation place/cinema,Human Error,No,Damage Only,Rear end,Police / Manual,Straight and flat,Two way,Bitumen(Tar),Dry,No influence on accident,Clear,WINDSOR MANNER JUNCTION,IRON POLE,35,0.0,0.0,0,0,0.0,0.0
Bengaluru City,High Grounds Traffic PS,1.04432e+16,2016,1,1,Road Accidents,Other,City/Town,Near School or College,Human Error,No,Grievous Injury,Hit pedestrian,Signal lights Automatic,Straight and flat,Two way,Bitumen(Tar),Dry,No influence on accident,Clear,NEAR POST OFFICE BUS STOP.PALACE ROAD,STREET LIGHT,45,0.0,0.0,0,0,0.0,0.0
Bengaluru City,High Grounds Traffic PS,1.04432e+16,2016,1,2,Road Accidents,Junction,City/Town,Near a recreation place/cinema,Human Error,No,Grievous Injury,Side swipe,Police / Manual,Straight and flat,Two way,Bitumen(Tar),Dry,No influence on accident,Fine,T.CHOWDAIAH ROAD.  WINDSOR MANNER JUNCTION,Island,20,0.0,0.0,0,0,0.0,0.0
Bengaluru City,High Grounds Traffic PS,1.04432e+16,2016,1,1,Road Accidents,Cross roads,City/Town,Near office complex,Human Error,Yes,Grievous Injury,Hit and Run,Not at  Junction,Curve,City or Town Road,Bitumen(Tar),Dry,Not Applicable,Clear,KP WEST,NEAR BWSSB,0.3,0.0,0.0,0,0,0.0,0.0
Bengaluru City,High Grounds Traffic PS,1.04432e+16,2016,1,2,Road Accidents,Cross roads,City/Town,Residential area,Human Error,No,Grievous Injury,Hit and Run,Controlled,Curve,City or Town Road,Bitumen(Tar),Others,Not Applicable,Clear,PALACE ROAD,NEAR HOTEL,0.3,0.0,0.0,0,1,0.0,1.0
Bengaluru City,High Grounds Traffic PS,1.04432e+16,2016,1,2,Road Accidents,Junction,City/Town,Open area,Human Error,No,Damage Only,Rear end,Signal lights Automatic,Straight and flat,City or Town Road,Bitumen(Tar),Dry,No influence on accident,Clear,SANKEY ROAD,ELECTRIC POLE,23,0.0,0.0,0,0,0.0,0.0
Bengaluru City,High Grounds Traffic PS,1.04432e+16,2016,1,2,Road Accidents,Circle,City/Town,Residential area,Human Error,Yes,Simple Injury,Hit and Run,Signal lights Automatic,Straight and flat,Two way,Bitumen(Tar),Dry,No influence on accident,Clear,NEAR ANANDA RAO CIRCLE,ELECTRIC POLE,37,0.0,0.0,0,0,0.0,0.0
Bengaluru City,High Grounds Traffic PS,1.04432e+16,2016,1,2,Road Accidents,Junction,City/Town,Near office complex,Human Error,No,Damage Only,Rear end,Police / Manual,Straight and flat,One way,Bitumen(Tar),Dry,No influence on accident,Fine,NEAR LRDE JUNCTION. T CHOWDAIH,TREE,20,12.99478,77.588241,0,0,0.0,0.0
Bengaluru City,High Grounds Traffic PS,1.04432e+16,2016,1,2,Road Accidents,Junction,City/Town,Near office complex,Human Error,Yes,Grievous Injury,Hit and Run,Police / Manual,Straight and flat,Two way,Bitumen(Tar),Dry,No influence on accident,Clear,R M S JUNCTION. SHESHADRIPURAM,ELECTRIC POLE,18,0.0,0.0,0,0,0.0,0.0
Bengaluru City,High Grounds Traffic PS,1.04432e+16,2016,1,1,Road Accidents,Other,City/Town,Near office complex,Human Error,Yes,Fatal,Hit pedestrian,Police / Manual,Straight and flat,City or Town Road,Bitumen(Tar),Dry,No influence on accident,Clear,"Near Nithes Estate Under Constraction Building, T.Chowdaiah Road,",ELECTRIC POLE,10,0.0,0.0,0,0,0.0,0.0
Bengaluru City,High Grounds Traffic PS,1.04432e+16,2016,1,1,Road Accidents,Narrow road,City/Town,Near School or College,Human Error,Yes,Grievous Injury,Hit pedestrian,Not at  Junction,Straight and flat,One way,Bitumen(Tar),Dry,No influence on accident,Fine,NEAR SHESHADRIPURAM COLLEGE,ELECTRIC POLE,27,0.0,0.0,0,0,0.0,0.0
Bengaluru City,High Grounds Traffic PS,1.04432e+16,2016,1,2,Road Accidents,Junction,City/Town,Near a religious place,Human Error,Yes,Grievous Injury,Hit and Run,Police / Manual,Straight and flat,Two way,Bitumen(Tar),Dry,No influence on accident,Clear,COD SIGNAL.PALACE ROAD,IRON  POLE,40,0.0,0.0,0,0,0.0,0.0
Bengaluru City,High Grounds Traffic PS,1.04432e+16,2016,1,1,Road Accidents,Circle,City/Town,Near a religious place,Human Error,No,Grievous Injury,Skidding or Self accident,Signals (Working),Straight and flat,Two way,Bitumen(Tar),Dry,No influence on accident,Fine,ANAND RAO  CIRCLE,ELECTRIC POLE,20,0.0,0.0,0,0,0.0,0.0
Bengaluru City,High Grounds Traffic PS,1.04432e+16,2016,1,2,Road Accidents,Junction,City/Town,Near office complex,Human Error,No,Simple Injury,Side swipe,Controlled,Curve,City or Town Road,Bitumen(Tar),Dry,No influence on accident,Clear,WINSOR MANNER JUNCTION,ELECTRIC POLE,35,0.0,0.0,0,0,0.0,0.0
Bengaluru City,High Grounds Traffic PS,1.04432e+16,2016,1,2,Road Accidents,Other,City/Town,Near a religious place,Human Error,No,Grievous Injury,Side swipe,Police / Manual,Straight and flat,One way,Bitumen(Tar),Dry,No influence on accident,Clear,NEAR SHIVA TEMPLE.S C ROAD,ELECTRIC POLE,45,0.0,0.0,0,0,0.0,0.0
Bengaluru City,High Grounds Traffic PS,1.04432e+16,2016,1,2,Road Accidents,Junction,City/Town,Near office complex,Human Error,No,Damage Only,Head on,Police / Manual,Sharp Curve,One way,Bitumen(Tar),Dry,No influence on accident,Fine,NEAR RMS JUNCTION,ELECTRIC POLE,20,0.0,0.0,0,0,0.0,0.0
Bengaluru City,High Grounds Traffic PS,1.04432e+16,2016,1,1,Road Accidents,Junction,City/Town,Near a recreation place/cinema,Human Error,No,Grievous Injury,Skidding or Self accident,Police / Manual,Straight and flat,One way,Bitumen(Tar),Dry,No influence on accident,Clear,OPPOSITE OF LEE MERIDIAN HOTEL.SANKEY ROAD,ELECTRIC POLE,10,0.0,0.0,0,0,0.0,0.0
Bengaluru City,High Grounds Traffic PS,1.04432e+16,2017,1,2,Road Accidents,Junction,City/Town,Near a recreation place/cinema,Human Error,No,Simple Injury,Rear end,Signal lights Automatic,Incline,Two way,Bitumen(Tar),Dry,No influence on accident,Clear,WINDSOR MANNER JUNCTION,Electric Pole,45,0.0,0.0,0,0,0.0,0.0
Bengaluru City,High Grounds Traffic PS,1.04432e+16,2017,1,2,Road Accidents,Narrow road,City/Town,Near Hospital,Human Error,Yes,Grievous Injury,Hit and Run,Police / Manual,Straight and flat,Two way,Bitumen(Tar),Dry,No influence on accident,Clear,OPPOSITE APPOLO HOSPITAL.P.F ROAD,ELECTRIC POLE,25FT,0.0,0.0,0,0,0.0,0.0
Bengaluru City,High Grounds Traffic PS,1.04432e+16,2017,1,1,Road Accidents,Bridge,City/Town,Narrow bridge or culverts,Human Error,No,Fatal,Skidding or Self accident,Not at  Junction,Straight and flat,Two way,Bitumen(Tar),Dry,No influence on accident,Fine,UNDER RAILWAY BRIDGE. HARE KRISHNA ROAD. NEAR NEHRU CIRCLE,ELECTRIC POLE,10,0.0,0.0,0,0,0.0,0.0
Bengaluru City,High Grounds Traffic PS,1.04432e+16,2017,1,1,Road Accidents,Bridge,City/Town,Narrow bridge or culverts,Human Error,Yes,Simple Injury,Hit pedestrian,Signal lights Automatic,Straight and flat,City or Town Road,Bitumen(Tar),Dry,No influence on accident,Fine,WINDSOR MANNER BRIDGE,STREET LIGHT,20,0.0,0.0,0,0,0.0,0.0
Bengaluru City,High Grounds Traffic PS,1.04432e+16,2017,1,2,Road Accidents,Narrow road,City/Town,Near Bus stop,Human Error,No,Damage Only,Rear end,Not at  Junction,Straight and flat,Two way,Bitumen(Tar),Dry,No influence on accident,Clear,YAMUNA BAI ROAD,ELECTRIC POLE,10,12.987243,77.548484,0,0,0.0,0.0
Bengaluru City,High Grounds Traffic PS,1.04432e+16,2017,1,2,Road Accidents,Junction,City/Town,Near a recreation place/cinema,Human Error,No,Damage Only,Rear end,Signal lights Automatic,Straight and flat,Two way,Bitumen(Tar),Dry,No influence on accident,Clear,WINDSOR MANNER JUNCTION,ELECTRIC POLE,25FT,0.0,0.0,0,0,0.0,0.0
Bengaluru City,High Grounds Traffic PS,1.04432e+16,2017,1,2,Road Accidents,Other,City/Town,Near a religious place,Human Error,No,Grievous Injury,Side swipe,No signal lights,Straight and flat,City or Town Road,Bitumen(Tar),Dry,No influence on accident,Clear,KUMARA PARK WEST,ELECTRIC POLE,35,0.0,0.0,0,0,0.0,0.0
Bengaluru City,High Grounds Traffic PS,1.04432e+16,2017,1,2,Road Accidents,Junction,City/Town,Near Hospital,Human Error,No,Simple Injury,Rear end,Police / Manual,Straight and flat,City or Town Road,Bitumen(Tar),Dry,No influence on accident,Clear,SHESHADRIPURAM 1ST MAIN,STREET LIGHT,25,0.0,0.0,0,0,0.0,0.0
Bengaluru City,High Grounds Traffic PS,1.04432e+16,2017,1,1,Road Accidents,Circle,City/Town,Near Hospital,Human Error,No,Grievous Injury,Hit pedestrian,Not at  Junction,Straight and flat,Two way,Bitumen(Tar),Dry,No influence on accident,Fine,NEAR NISHA PALACE BAR SHIVANANDA,ELECTRIC POLE,20,0.0,0.0,0,0,0.0,0.0
Bengaluru City,High Grounds Traffic PS,1.04432e+16,2017,1,2,Road Accidents,Not Applicable,City/Town,Near Hospital,Human Error,No,Grievous Injury,Head on,Police / Manual,Steep Incline or Climb,Arterial,Bitumen(Tar),Dry,No influence on accident,Fine,HAREKRISHNA ROAD,Gururaja Kalyana Mantapa,25,0.0,0.0,0,0,0.0,0.0
Bengaluru City,High Grounds Traffic PS,1.04432e+16,2017,1,1,Road Accidents,Other,City/Town,Residential area,Human Error,No,Grievous Injury,Hit pedestrian,Not at  Junction,Straight and flat,Two way,Bitumen(Tar),Dry,No influence on accident,Clear,KUMARA PARK WEST,ELECTRIC POLE,8,0.0,0.0,0,0,0.0,0.0
Bengaluru City,High Grounds Traffic PS,1.04432e+16,2017,1,2,Road Accidents,Circle,City/Town,Near School or College,Human Error,Yes,Grievous Injury,Side swipe,Signal lights Automatic,Straight and flat,City or Town Road,Bitumen(Tar),Dry,No influence on accident,Clear,BASAVESHWARA JUNCTION,ELECTRIC POLE,20 FT,0.0,0.0,0,0,0.0,0.0
Bengaluru City,High Grounds Traffic PS,1.04432e+16,2017,1,2,Road Accidents,Circle,City/Town,Near School or College,Human Error,No,Grievous Injury,Head on,Signal lights Automatic,Straight and flat,One way,Bitumen(Tar),Dry,No influence on accident,Fine,SWASTHIK JUNCTION,ELECTRIC POLE,12,0.0,0.0,0,0,0.0,0.0
Bengaluru City,High Grounds Traffic PS,1.04432e+16,2017,1,2,Road Accidents,Junction,City/Town,Near a recreation place/cinema,Human Error,No,Damage Only,Right Turn Collision,Police / Manual,Straight and flat,Two way,Bitumen(Tar),Dry,No influence on accident,Clear,KUMARAKRUPA ROAD.WINDSOR MANNER JUNCTION,POLICE PILAND,40,0.0,0.0,0,0,0.0,0.0
Bengaluru City,High Grounds Traffic PS,1.04432e+16,2017,1,2,Road Accidents,Other,City/Town,Near Hospital,Human Error,No,Simple Injury,Rear end,Not at  Junction,Straight and flat,Two way,Bitumen(Tar),Dry,No influence on accident,Clear,JANARDHAN HOTEL OPPOSITE.KUMARAPARK ROAD,ELECTRIC POLE,40,0.0,0.0,0,0,0.0,0.0
Bengaluru City,High Grounds Traffic PS,1.04432e+16,2017,1,2,Road Accidents,Other,City/Town,Near Bus stop,Human Error,No,Grievous Injury,Rear end,Signal lights Automatic,Straight and flat,One way,Bitumen(Tar),Dry,No influence on accident,Fine,NEAR MANTHRIMAL. SAMPIGE ROAD,Electric Pole,20,0.0,0.0,0,0,0.0,0.0
Bengaluru City,High Grounds Traffic PS,1.04432e+16,2017,1,2,Road Accidents,Narrow road,City/Town,Near office complex,Human Error,Yes,Grievous Injury,Hit and Run,Not at  Junction,Straight and flat,Two way,Bitumen(Tar),Dry,No influence on accident,Clear,NEAR SLUM BOARD.TRAFFIC SIGNAL,ELECTRIC POLE,20,0.0,0.0,0,0,0.0,0.0
Bengaluru City,High Grounds Traffic PS,1.04432e+16,2017,1,2,Road Accidents,Other,City/Town,Near Hospital,Human Error,No,Damage Only,Side impact or Right angle,Police / Manual,Straight and flat,One way,Bitumen(Tar),Dry,No influence on accident,Clear,NEAR SHIVANANDA CIRCLE,STREET LIGHT,28FT,0.0,0.0,0,0,0.0,0.0
Bengaluru City,High Grounds Traffic PS,1.04432e+16,2017,1,1,Road Accidents,Junction,City/Town,Near School or College,Human Error,Yes,Simple Injury,Hit and Run,Signal lights Automatic,Straight and flat,Two way,Bitumen(Tar),Dry,No influence on accident,Clear,NEAR EMBASSY HABITAT PALACE ROAD,SIGNAL POLE,25,0.0,0.0,0,0,0.0,0.0
Bengaluru City,High Grounds Traffic PS,1.04432e+16,2017,1,2,Road Accidents,Cross roads,City/Town,Near School or College,Human Error,No,Damage Only,Rear end,No signal lights,Others,Two way,Bitumen(Tar),Dry,Not Applicable,Clear,K K ROAD,Electric Pole,36,0.0,0.0,0,0,0.0,0.0
Bengaluru City,High Grounds Traffic PS,1.04432e+16,2017,1,1,Road Accidents,Junction,City/Town,Near a recreation place/cinema,Human Error,No,Grievous Injury,Hit pedestrian,Police / Manual,Straight and flat,City or Town Road,Bitumen(Tar),Dry,No influence on accident,Fine,NEAR RACE COURSE PEDESTRAIAN SUB WAY.RACE COURSE ROAD,STREET LIGHT,35,0.0,0.0,0,0,0.0,0.0
Bengaluru City,High Grounds Traffic PS,1.04432e+16,2017,1,2,Road Accidents,Curves,City/Town,Near office complex,Human Error,Yes,Simple Injury,Hit and Run,Controlled,Straight and flat,City or Town Road,Bitumen(Tar),Dry,No influence on accident,Clear,JASMABHAVAN ROAD,KSBA,150FT,0.0,0.0,0,0,0.0,0.0
Bengaluru City,High Grounds Traffic PS,1.04432e+16,2017,1,2,Road Accidents,Junction,City/Town,Near Bus stop,Human Error,No,Grievous Injury,Side impact or Right angle,Signal lights Automatic,Not Applicable,Arterial,Bitumen(Tar),Not Applicable,Not Applicable,Clear,Millers Road,Island,20fet,0.0,0.0,0,0,0.0,0.0
Bengaluru City,High Grounds Traffic PS,1.04432e+16,2017,1,2,Road Accidents,Junction,City/Town,Open area,Human Error,Yes,Fatal,Hit and Run,Police / Manual,Straight and flat,Two way,Bitumen(Tar),Dry,No influence on accident,Clear,NEAR WINDSOR MANNER BRIDGE,ADVERTAISMENT BOARD POLE,3 FT,0.0,0.0,0,0,0.0,0.0
Bengaluru City,High Grounds Traffic PS,1.04432e+16,2017,1,1,Road Accidents,More than four arms,City/Town,Near School or College,Human Error,No,Simple Injury,Others,Signal lights Automatic,Straight and flat,City or Town Road,Bitumen(Tar),Dry,No influence on accident,Clear,BASAWESHWARA JUNCTION,Island,45,0.0,0.0,0,0,0.0,0.0
Bengaluru City,High Grounds Traffic PS,1.04432e+16,2017,1,3,Road Accidents,Other,City/Town,Near a recreation place/cinema,Human Error,Yes,Damage Only,Hit and Run,Signal lights Automatic,Incline,Two way,Bitumen(Tar),Dry,No influence on accident,Fine,NEAR LEE MERIDIAN HOTEL.,Electric Pole,30,0.0,0.0,0,0,0.0,0.0
Bengaluru City,High Grounds Traffic PS,1.04432e+16,2017,1,2,Road Accidents,Circle,City/Town,Near School or College,Human Error,Yes,Damage Only,Hit and Run,Signal lights Automatic,Straight and flat,Two way,Bitumen(Tar),Dry,No influence on accident,Clear,NEAR ATRIYA HOTEL.C O D JUNCTION,ELECTRIC POLE,67,0.0,0.0,0,0,0.0,0.0
Bengaluru City,High Grounds Traffic PS,1.04432e+16,2017,1,2,Road Accidents,Junction,City/Town,Open area,Human Error,Yes,Grievous Injury,Hit and Run,Police / Manual,Straight and flat,Two way,Bitumen(Tar),Dry,No influence on accident,Fine,B T S SERVIEC ROAD,ELECTRIC POLE,35,0.0,0.0,0,0,0.0,0.0
Bengaluru City,High Grounds Traffic PS,1.04432e+16,2017,1,2,Road Accidents,Other,City/Town,Near office complex,Human Error,No,Simple Injury,Side swipe,Not Applicable,Straight and flat,Others,Bitumen(Tar),Dry,Not Applicable,Clear,T.CHOWDAIAH ROAD,ELECTRIC POLE,20,0.0,0.0,0,0,0.0,0.0
Bengaluru City,High Grounds Traffic PS,1.04432e+16,2017,1,2,Road Accidents,Other,City/Town,Near a religious place,Human Error,No,Grievous Injury,Head on,Police / Manual,Straight and flat,One way,Bitumen(Tar),Dry,Not Applicable,Clear,PALACE ROAD.AVINASH PETROL BUNK,ELECTRIC POLE,20,0.0,0.0,0,0,0.0,0.0
Bengaluru City,High Grounds Traffic PS,1.04432e+16,2017,1,2,Road Accidents,Y Junction,City/Town,Near a recreation place/cinema,Human Error,Yes,Simple Injury,Side swipe,Police / Manual,Straight and flat,Two way,Bitumen(Tar),Dry,No influence on accident,Clear,NEAR RACE COURSE ROAD,SIGNAL POLE,50FT,0.0,0.0,0,0,0.0,0.0
Bengaluru City,High Grounds Traffic PS,1.04432e+16,2017,1,2,Road Accidents,Bridge,City/Town,Narrow bridge or culverts,Human Error,Yes,Damage Only,Hit and Run,Police / Manual,Straight and flat,City or Town Road,Bitumen(Tar),Dry,No influence on accident,Fine,VASANTHNAGAR,ELECTRIC POLE,1,0.0,0.0,0,0,0.0,0.0
Bengaluru City,High Grounds Traffic PS,1.04432e+16,2017,1,2,Road Accidents,Other,City/Town,Near office complex,Human Error,No,Simple Injury,Rear end,Signal lights Automatic,Straight and flat,City or Town Road,Bitumen(Tar),Dry,No influence on accident,Clear,OPPOSITE MASZIDH.NEAR POLICE QUATRUS.SHESHADRIPURAM,STREET LIGHT,15FT,0.0,0.0,0,0,0.0,0.0
Bengaluru City,High Grounds Traffic PS,1.04432e+16,2017,1,2,Road Accidents,Other,City/Town,Near a recreation place/cinema,Human Error,No,Grievous Injury,Side swipe,Police / Manual,Straight and flat,City or Town Road,Bitumen(Tar),Dry,No influence on accident,Fine,NEAR LEE MERIDIAN HOTEL,STREET LIGHT,15FT,0.0,0.0,0,0,0.0,0.0
Bengaluru City,High Grounds Traffic PS,1.04432e+16,2017,1,3,Road Accidents,Other,City/Town,Near a recreation place/cinema,Human Error,No,Damage Only,Rear end,Signal lights Automatic,Incline,Two way,Bitumen(Tar),Dry,No influence on accident,Clear,NEAR ASHOKA HOTEL   K K ROAD,Electric Pole,10,0.0,0.0,0,0,0.0,0.0
Bengaluru City,High Grounds Traffic PS,1.04432e+16,2017,1,2,Road Accidents,Junction,City/Town,Residential area,Human Error,No,Simple Injury,Side swipe,Signal lights Automatic,Incline,City or Town Road,Bitumen(Tar),Dry,No influence on accident,Clear,RACE COURSE ROAD.HIGHGROUND,Electric Pole,25,0.0,0.0,0,0,0.0,0.0
Bengaluru City,High Grounds Traffic PS,1.04432e+16,2017,1,2,Road Accidents,Junction,City/Town,Near office complex,Human Error,No,Grievous Injury,Others,Signal lights Automatic,Curve,City or Town Road,Bitumen(Tar),Dry,Not Applicable,Fine,palace road,palace course rd,2km,0.0,0.0,0,0,0.0,0.0
Bengaluru City,High Grounds Traffic PS,1.04432e+16,2017,1,2,Road Accidents,Other,City/Town,Open area,Human Error,Yes,Grievous Injury,Hit and Run,Police / Manual,Straight and flat,City or Town Road,Bitumen(Tar),Dry,No influence on accident,Clear,PALACE ROAD,STREET LIGHT,35,0.0,0.0,0,0,0.0,0.0
Bengaluru City,High Grounds Traffic PS,1.04432e+16,2017,1,2,Road Accidents,Other,City/Town,Near Bus stop,Human Error,Yes,Grievous Injury,Hit and Run,Not Applicable,Straight and flat,Two way,Concrete,Dry,No influence on accident,Fine,NEAR RATHNA INTERNATIONAL HOTEL,ELECTRIC POLE,47FT,0.0,0.0,0,0,0.0,0.0
Bengaluru City,High Grounds Traffic PS,1.04432e+16,2017,1,1,Road Accidents,Circle,City/Town,Near Bus stop,Human Error,Yes,Grievous Injury,Hit pedestrian,No signal lights,Straight and flat,Two way,Bitumen(Tar),Dry,No influence on accident,Clear,"Near Swathi hotel, PF Road",ELECTRIC POLE,20,12.989224,77.571996,0,0,0.0,0.0
Bengaluru City,High Grounds Traffic PS,1.04432e+16,2017,1,1,Road Accidents,Y Junction,City/Town,Near a recreation place/cinema,Human Error,No,Grievous Injury,Hit pedestrian,Police / Manual,Straight and flat,One way,Bitumen(Tar),Dry,No influence on accident,Clear,NEAR BANGALORE TURF CLUB,ELECTRIC POLE,1,0.0,0.0,0,0,0.0,0.0
Bengaluru City,High Grounds Traffic PS,1.04432e+16,2017,1,1,Road Accidents,Circle,City/Town,In bazaar,Human Error,No,Grievous Injury,Hit pedestrian,Police / Manual,Straight and flat,One way,Bitumen(Tar),Dry,No influence on accident,Clear,NEAR MANTRIMALL,STREET LIGHT,27ft,0.0,0.0,0,0,0.0,0.0
Bengaluru City,High Grounds Traffic PS,1.04432e+16,2017,1,2,Road Accidents,Junction,City/Town,Narrow bridge or culverts,Human Error,Yes,Simple Injury,Side swipe,Signal lights Automatic,Straight and flat,One way,Bitumen(Tar),Dry,No influence on accident,Fine,BDA JUNCTION,IRON RAILWAY LEVEL CROSSING,52,0.0,0.0,0,0,0.0,0.0
Bengaluru City,High Grounds Traffic PS,1.04432e+16,2017,1,1,Road Accidents,Circle,City/Town,Near Bus stop,Human Error,No,Grievous Injury,Hit pedestrian,Police / Manual,Curve,City or Town Road,Bitumen(Tar),Dry,No influence on accident,Clear,"RAJEEVGHANDHI CIRCLE, SHESHADRIPURAM,",ELECTRIC POLE,20,0.0,0.0,0,0,0.0,0.0
Bengaluru City,High Grounds Traffic PS,1.04432e+16,2017,1,1,Road Accidents,Junction,City/Town,Near a recreation place/cinema,Human Error,Yes,Simple Injury,Hit pedestrian,Signal lights Automatic,Straight and flat,Two way,Bitumen(Tar),Dry,No influence on accident,Clear,NEAR CHALUKYA CIRCLE,TREE,25FT,0.0,0.0,0,0,0.0,0.0
Bengaluru City,High Grounds Traffic PS,1.04432e+16,2017,1,2,Road Accidents,Other,City/Town,Near office complex,Human Error,Yes,Grievous Injury,Side swipe,Not at  Junction,Straight and flat,One way,Bitumen(Tar),Dry,No influence on accident,Clear,JCW NAGAR.SHESHADRIPURAM,ELECTRIC POLE,30 FT,0.0,0.0,0,0,0.0,0.0
Bengaluru City,High Grounds Traffic PS,1.04432e+16,2017,1,2,Road Accidents,Junction,City/Town,Near a recreation place/cinema,Human Error,No,Grievous Injury,Rear end,Police / Manual,Straight and flat,City or Town Road,Bitumen(Tar),Dry,No influence on accident,Clear,NEAR CHALUKYA HOTEL.CHALUKYA JUNCTION,ELECTRIC POLE,20,0.0,0.0,0,0,0.0,0.0
Bengaluru City,High Grounds Traffic PS,1.04432e+16,2017,1,3,Road Accidents,Bridge,City/Town,Narrow bridge or culverts,Human Error,No,Damage Only,Head on,Police / Manual,Straight and flat,City or Town Road,Bitumen(Tar),Dry,No influence on accident,Clear,WINDSOR MANNER JUNCTION,GALF CLUB,25,0.0,0.0,0,0,0.0,0.0
Bengaluru City,High Grounds Traffic PS,1.04432e+16,2017,1,2,Road Accidents,Bridge,City/Town,Narrow bridge or culverts,Human Error,No,Simple Injury,Drowned,Not at  Junction,Straight and flat,City or Town Road,Bitumen(Tar),Dry,No influence on accident,Fine,"Near 1st Main and Ralway Parapal Road Corss Jn, Neharunagar,",STREET LIGHT,5FT,0.0,0.0,0,0,0.0,0.0
Bengaluru City,High Grounds Traffic PS,1.04432e+16,2017,1,2,Road Accidents,Cross roads,City/Town,Near a recreation place/cinema,Human Error,No,Grievous Injury,Side swipe,Not Applicable,Curve,Two way,Bitumen(Tar),Dry,No influence on accident,Fine,RACE COURSE,TREE,10,0.0,0.0,0,0,0.0,0.0
Bengaluru City,High Grounds Traffic PS,1.04432e+16,2017,1,1,Road Accidents,Other,City/Town,Residential area,Human Error,No,Simple Injury,Skidding or Self accident,Not at  Junction,Straight and flat,City or Town Road,Bitumen(Tar),Dry,No influence on accident,Clear,NEAR SEENU PRINTERS. PIPELINE ROAD,ELECTRIC POLE,15,0.0,0.0,0,0,0.0,0.0
Bengaluru City,High Grounds Traffic PS,1.04432e+16,2017,1,3,Road Accidents,Curves,City/Town,Near office complex,Human Error,Yes,Fatal,Hit and Run,Police / Manual,Curve,Two way,Bitumen(Tar),Dry,No influence on accident,Fine,NEAR RACE VIEW HOTEL.RACE COURSE ROAD,STREET LIGHT,63FT,0.0,0.0,0,0,0.0,0.0
Bengaluru City,High Grounds Traffic PS,1.04432e+16,2017,1,2,Road Accidents,Narrow road,City/Town,Near School or College,Human Error,No,Fatal,Skidding or Self accident,Signal lights Automatic,Others,One way,Bitumen(Tar),Dry,No influence on accident,Fine,SHESHADRIPURAM COLLEGE NAGAPPA STREET,Electric Pole,30,0.0,0.0,0,0,0.0,0.0
Bengaluru City,High Grounds Traffic PS,1.04432e+16,2017,1,2,Road Accidents,Circle,City/Town,Narrow bridge or culverts,Human Error,No,Grievous Injury,Rear end,Police / Manual,Straight and flat,Two way,Bitumen(Tar),Dry,No influence on accident,Clear,T.CHOWDAIAH ROAD,ELECTRIC POLE,40,0.0,0.0,0,0,0.0,0.0
Bengaluru City,High Grounds Traffic PS,1.04432e+16,2017,1,2,Road Accidents,Circle,City/Town,Near a recreation place/cinema,Human Error,No,Simple Injury,Rear end,Signals (Working),Straight and flat,City or Town Road,Bitumen(Tar),Dry,No influence on accident,Fine,CHALUKYA JUNCTION,ELECTRIC POLE,45,0.0,0.0,0,0,0.0,0.0