DISTRICTNAME,UNITNAME,Crime_No,Year,RI,Noofvehicle_involved,Accident_Classification,Accident_Spot,Accident_Location,Accident_SubLocation,Main_Cause,Hit_Run,Severity,Collision_Type,Junction_Control,Road_Character,Road_Type,Surface_Type,Surface_Condition,Road_Condition,Weather,Accident_Road,Landmark_first,Distance_LandMark_First,Latitude,Longitude,Road_Condition_Score,Surface_Condition_Score,Surface_Type_Score,Road_Risk_Index
Bengaluru City,High Grounds Traffic PS,1.04432e+16,2017,1,2,Road Accidents,Other,City/Town,Near a recreation place/cinema,Human Error,Yes,Simple Injury,Hit and Run,Uncontrolled,Straight and flat,One way,Bitumen(Tar),Dry,No influence on accident,Fine,NEAR TAJ WESTEND GATE.RACE COURSE ROAD,ELECTRIC POLE,500,0.0,0.0,0,0,0.0,0.0
Bengaluru City,High Grounds Traffic PS,1.04432e+16,2017,1,2,Road Accidents,Curves,City/Town,Near office complex,Human Error,Yes,Damage Only,Rear end,Not at  Junction,Straight and flat,City or Town Road,Bitumen(Tar),Dry,No influence on accident,Clear,NEAR SOUTH RUCHIES HOTEL.,STREET LIGHT,25,0.0,0.0,0,0,0.0,0.0
Bengaluru City,High Grounds Traffic PS,1.04432e+16,2017,1,2,Road Accidents,Junction,City/Town,Open area,Human Error,No,Damage Only,Side swipe,Police / Manual,Curve,Two way,Bitumen(Tar),Dry,No influence on accident,Fine,WINDSOR MANNER JUNCTION,POLICE PILAND,25FT,0.0,0.0,0,0,0.0,0.0
Bengaluru City,High Grounds Traffic PS,1.04432e+16,2017,1,2,Road Accidents,Junction,City/Town,Narrow bridge or culverts,Human Error,Yes,Damage Only,Side swipe,Police / Manual,Straight and flat,Two way,Bitumen(Tar),Dry,No influence on accident,Fine,WINDSOR MANNER JUNCTION,Island,35 ft,0.0,0.0,0,0,0.0,0.0
Bengaluru City,High Grounds Traffic PS,1.04432e+16,2017,1,2,Road Accidents,Junction,City/Town,Near a recreation place/cinema,Human Error,Yes,Damage Only,Rear end,Police / Manual,Curve,City or Town Road,Bitumen(Tar),Dry,No influence on accident,Clear,WINDSOR MANNER JUNCTION,Island,35,0.0,0.0,0,0,0.0,0.0
Bengaluru City,High Grounds Traffic PS,1.04432e+16,2017,1,2,Road Accidents,Cross roads,City/Town,Near a religious place,Human Error,Yes,Grievous Injury,Hit and Run,Uncontrolled,Straight and flat,City or Town Road,Bitumen(Tar),Dry,No influence on accident,Fine,"KUMAR PARK WEST, 2N CROSS,",STREET LIGHT,25,0.0,0.0,0,0,0.0,0.0
Bengaluru City,High Grounds Traffic PS,1.04432e+16,2017,1,2,Road Accidents,Cross roads,City/Town,Residential area,Human Error,No,Grievous Injury,Side swipe,Not Applicable,Not Applicable,Residential Street,Bitumen(Tar),Dry,Not Applicable,Clear,15TH Cross Vasanthngar,Electric Pole,4,0.0,0.0,0,0,0.0,0.0
Bengaluru City,High Grounds Traffic PS,1.04432e+16,2017,1,2,Road Accidents,Other,City/Town,Narrow bridge or culverts,Human Error,No,Damage Only,Head on,Signals (Working),Straight and flat,City or Town Road,Bitumen(Tar),Dry,No influence on accident,Fine,"Near Contaonment Rylway station,",ELECTRIC POLE,25,0.0,0.0,0,0,0.0,0.0
Bengaluru City,High Grounds Traffic PS,1.04432e+16,2017,1,1,Road Accidents,Junction,City/Town,Open area,Human Error,Yes,Fatal,Hit pedestrian,Police / Manual,Straight and flat,Two way,Bitumen(Tar),Dry,No influence on accident,Clear,NEAR K F M JUNCTION,ELECTRIC POLE,34,0.0,0.0,0,0,0.0,0.0
Bengaluru City,High Grounds Traffic PS,1.04432e+16,2017,1,2,Road Accidents,Other,City/Town,Near office complex,Human Error,No,Damage Only,Rear end,Not at  Junction,Straight and flat,One way,Bitumen(Tar),Dry,Not Applicable,Fine,NEAR SIGMA MALL.CUNNINGHAM ROAD,ELECTRIC POLE,10,0.0,0.0,0,0,0.0,0.0
Bengaluru City,High Grounds Traffic PS,1.04432e+16,2017,1,1,Road Accidents,Other,City/Town,Residential area,Human Error,No,Grievous Injury,Hit pedestrian,Not Applicable,Straight and flat,Residential Street,Bitumen(Tar),Dry,No influence on accident,Fine,PALACE ROAD,ELECTRIC POLE,31FT,0.0,0.0,0,0,0.0,0.0
Bengaluru City,High Grounds Traffic PS,1.04432e+16,2017,1,2,Road Accidents,Junction,City/Town,Near a recreation place/cinema,Human Error,Yes,Simple Injury,Hit and Run,Signal lights Automatic,Others,Two way,Bitumen(Tar),Dry,No influence on accident,Clear,NEAR KARNATAKA CO-OPERATIVE LTD. RACE COURSE ROAD,Electric Pole,35,0.0,0.0,0,0,0.0,0.0
Bengaluru City,High Grounds Traffic PS,1.04432e+16,2017,1,2,Road Accidents,Other,City/Town,Near office complex,Human Error,Yes,Simple Injury,Side swipe,Not at  Junction,Straight and flat,One way,Bitumen(Tar),Dry,No influence on accident,Clear,NEAR MILLERS ROAD.VASANTHNAGAR,TREE,30FT,0.0,0.0,0,0,0.0,0.0
Bengaluru City,High Grounds Traffic PS,1.04432e+16,2017,1,1,Road Accidents,Junction,City/Town,Near office complex,Human Error,No,Fatal,Hit pedestrian,Signal lights Blinking,Straight and flat,Two way,Bitumen(Tar),Dry,No influence on accident,Clear,K F M JUNCTION .P F ROAD,STREET LIGHT,40,0.0,0.0,0,0,0.0,0.0
Bengaluru City,High Grounds Traffic PS,1.04432e+16,2017,1,2,Road Accidents,Circle,City/Town,Near Bus stop,Human Error,No,Damage Only,Hit bicyclist,Signals (Working),Curve,Two way,Bitumen(Tar),Dry,Not Applicable,Clear,JANARDHAN HOTEL.K K ROAD,Electric Pole,20 FT,0.0,0.0,0,0,0.0,0.0
Bengaluru City,High Grounds Traffic PS,1.04432e+16,2017,1,1,Road Accidents,Other,City/Town,Near Hospital,Human Error,No,Fatal,Skidding or Self accident,Signal lights Automatic,Straight and flat,Two way,Bitumen(Tar),Dry,No influence on accident,Clear,NEAR MUTHOOT PINCORP,Electric Pole,70,0.0,0.0,0,0,0.0,0.0
Bengaluru City,High Grounds Traffic PS,1.04432e+16,2017,1,2,Road Accidents,Other,City/Town,Near office complex,Human Error,No,Grievous Injury,Side swipe,Police / Manual,Straight and flat,One way,Bitumen(Tar),Dry,No influence on accident,Fine,K K ROAD GANDHIBHAVAN JUNCTION,ELECTRIC POLE,15,0.0,0.0,0,0,0.0,0.0
Bengaluru City,High Grounds Traffic PS,1.04432e+16,2017,1,2,Road Accidents,Junction,City/Town,Near a recreation place/cinema,Human Error,No,Damage Only,Rear end,Police / Manual,Straight and flat,Two way,Bitumen(Tar),Dry,No influence on accident,Clear,KUMARA KRUPA GUEST HOUSE,POLICE PILAND,20 FT,0.0,0.0,0,0,0.0,0.0
Bengaluru City,High Grounds Traffic PS,1.04432e+16,2017,1,2,Road Accidents,Narrow road,City/Town,Near office complex,Human Error,Yes,Simple Injury,Hit and Run,Signals (Working),Straight and flat,One way,Bitumen(Tar),Dry,No influence on accident,Fine,NEAR SHAGRILA HOTEL.PALACE ROAD,ELECTRIC POLE,35,0.0,0.0,0,0,0.0,0.0
Bengaluru City,High Grounds Traffic PS,1.04432e+16,2017,1,2,Road Accidents,Bridge,City/Town,Near office complex,Human Error,No,Grievous Injury,Side swipe,Police / Manual,Straight and flat,One way,Bitumen(Tar),Dry,No influence on accident,Fine,NEAR B D A FLY OVER.,STREET LIGHT,30,0.0,0.0,0,0,0.0,0.0
Bengaluru City,High Grounds Traffic PS,1.04432e+16,2018,1,2,Road Accidents,Circle,City/Town,Near School or College,Human Error,No,Grievous Injury,Side swipe,Signal lights Automatic,Straight and flat,City or Town Road,Bitumen(Tar),Dry,No influence on accident,Clear,"NEAR HIGHRGOUND JUNCTION, PALACE ROAD",ELECTRIC POLE,1,0.0,0.0,0,0,0.0,0.0
Bengaluru City,High Grounds Traffic PS,1.04432e+16,2018,1,2,Road Accidents,Circle,City/Town,Near office complex,Human Error,Yes,Grievous Injury,Hit and Run,Signal lights Automatic,Straight and flat,City or Town Road,Bitumen(Tar),Dry,No influence on accident,Fine,"PALACE ROAD, BASAVESHWARA CIRCLE",STREET LIGHT,20FT,0.0,0.0,0,0,0.0,0.0
Bengaluru City,High Grounds Traffic PS,1.04432e+16,2018,1,2,Road Accidents,Y Junction,City/Town,Near office complex,Human Error,No,Damage Only,Rear end,Signal lights Automatic,Straight and flat,City or Town Road,Bitumen(Tar),Dry,No influence on accident,Fine,NEAR WINDSOR MANNER JUNCTION,SIGNAL LIGHT,500MTR,0.0,0.0,0,0,0.0,0.0
Bengaluru City,High Grounds Traffic PS,1.04432e+16,2018,1,2,Road Accidents,Junction,City/Town,Near Bus stop,Human Error,No,Grievous Injury,Others,Signal lights Automatic,Straight and flat,City or Town Road,Bitumen(Tar),Dry,No influence on accident,Fine,"PALACE ROAD, BASAVESHWAR CIRCLE,",STREET LIGHT,45,0.0,0.0,0,0,0.0,0.0
Bengaluru City,High Grounds Traffic PS,1.04432e+16,2018,1,3,Road Accidents,Junction,City/Town,Near Bus stop,Human Error,Yes,Damage Only,Hit and Run,Signal lights Automatic,Straight and flat,Two way,Bitumen(Tar),Dry,No influence on accident,Fine,T.CHOWDAIAH ROAD.HIGHGROUND JUNCTION,STREET LIGHT,40FT,0.0,0.0,0,0,0.0,0.0
Bengaluru City,High Grounds Traffic PS,1.04432e+16,2018,1,2,Road Accidents,Junction,City/Town,Narrow bridge or culverts,Human Error,No,Grievous Injury,Rear end,Signal lights Automatic,Straight and flat,Two way,Bitumen(Tar),Dry,No influence on accident,Fine,"DANVANTARI ROAD, KFM Junction",STREET LIGHT,25FT,0.0,0.0,0,0,0.0,0.0
Bengaluru City,High Grounds Traffic PS,1.04432e+16,2018,1,1,Road Accidents,Junction,City/Town,Near office complex,Human Error,No,Grievous Injury,Hit pedestrian,Signal lights Automatic,Straight and flat,City or Town Road,Bitumen(Tar),Dry,No influence on accident,Fine,"VASANTANAGARA 1st MAIN ROAD, NEAR KODAVA SAMAJA",STREET LIGHT,20FT,0.0,0.0,0,0,0.0,0.0
Bengaluru City,High Grounds Traffic PS,1.04432e+16,2018,1,2,Road Accidents,Junction,City/Town,Near Hospital,Human Error,No,Simple Injury,Side swipe,Signal lights Automatic,Straight and flat,City or Town Road,Bitumen(Tar),Dry,No influence on accident,Fine,"Shivananda Circle, KK Road,",STREET LIGHT,50FT,0.0,0.0,0,0,0.0,0.0
Bengaluru City,High Grounds Traffic PS,1.04432e+16,2018,1,1,Road Accidents,Bridge,City/Town,Narrow bridge or culverts,Human Error,Yes,Simple Injury,Hit pedestrian,Not at  Junction,Straight and flat,City or Town Road,Bitumen(Tar),Dry,No influence on accident,Fine,NEAR VASANTHNAGAR UNDER BRIDGE.PALACE ROAD,STREET LIGHT,35,0.0,0.0,0,0,0.0,0.0
Bengaluru City,High Grounds Traffic PS,1.04432e+16,2018,1,2,Road Accidents,T Junction,City/Town,Near Hospital,Human Error,No,Simple Injury,Others,Signal lights Automatic,Straight and flat,City or Town Road,Bitumen(Tar),Dry,No influence on accident,Fine,"IN FRONT OF ALL AMEEN HOSPITAL TANK BUND ROAD,",SIGNAL LIGHT,45ft,0.0,0.0,0,0,0.0,0.0
Bengaluru City,High Grounds Traffic PS,1.04432e+16,2018,1,2,Road Accidents,Cross roads,City/Town,Open area,Human Error,No,Simple Injury,Rear end,Uncontrolled,Straight and flat,One way,Bitumen(Tar),Dry,No influence on accident,Fine,NEAR CONTONMENT RAILWAY STATION,STREET LIGHT,20ft,0.0,0.0,0,0,0.0,0.0
Bengaluru City,High Grounds Traffic PS,1.04432e+16,2018,1,2,Road Accidents,Junction,City/Town,Near a recreation place/cinema,Human Error,No,Grievous Injury,Side swipe,Signal lights Automatic,Straight and flat,Two way,Bitumen(Tar),Dry,No influence on accident,Fine,NEAR TRILIGHT JUNCTION.HAREKISHNA ROAD,STREET LIGHT,15,0.0,0.0,0,0,0.0,0.0
Bengaluru City,High Grounds Traffic PS,1.04432e+16,2018,1,2,Road Accidents,Junction,City/Town,Open area,Human Error,No,Grievous Injury,Rear end,Police / Manual,Straight and flat,One way,Bitumen(Tar),Dry,No influence on accident,Fine,"HIGHGROUNDS JUNCTION, T CHOWDAIAH ROAD",STREET LIGHT,45,0.0,0.0,0,0,0.0,0.0
Bengaluru City,High Grounds Traffic PS,1.04432e+16,2018,1,2,Road Accidents,Y Junction,City/Town,Open area,Human Error,No,Damage Only,Rear end,Signal lights Automatic,Straight and flat,Two way,Bitumen(Tar),Dry,No influence on accident,Fine,"T CHOUDAIAH ROAD, HIGHGROUND JUNCTION,",STREET LIGHT,17FT,0.0,0.0,0,0,0.0,0.0
Bengaluru City,High Grounds Traffic PS,1.04432e+16,2018,1,2,Road Accidents,T Junction,City/Town,Near office complex,Human Error,No,Simple Injury,Rear end,Signal lights Automatic,Straight and flat,One way,Bitumen(Tar),Dry,No influence on accident,Fine,"NEAR GOVINDA RAJ STREET CROSS,",ELECTRIC POLE,1,0.0,0.0,0,0,0.0,0.0
Bengaluru City,High Grounds Traffic PS,1.04432e+16,2018,1,2,Road Accidents,Junction,City/Town,Open area,Human Error,No,Grievous Injury,Side impact or Right angle,Signal lights Automatic,Straight and flat,Two way,Bitumen(Tar),Dry,No influence on accident,Fine,"T CHOUDAIAH ROAD, HIGHGROUND",STREET LIGHT,25FT,0.0,0.0,0,0,0.0,0.0
Bengaluru City,High Grounds Traffic PS,1.04432e+16,2018,1,1,Road Accidents,Narrow road,City/Town,Near Hospital,Human Error,Yes,Grievous Injury,Hit pedestrian,Not at  Junction,Straight and flat,City or Town Road,Bitumen(Tar),Dry,No influence on accident,Fine,NEAR JANARDHAN HOSPITAL,STREET LIGHT,15FT,0.0,0.0,0,0,0.0,0.0
Bengaluru City,High Grounds Traffic PS,1.04432e+16,2018,1,1,Road Accidents,Junction,City/Town,Narrow bridge or culverts,Human Error,No,Damage Only,Hit fixed object,Police / Manual,Straight and flat,City or Town Road,Bitumen(Tar),Dry,No influence on accident,Fine,"Near windsormanner Junction, T.Chowdaiah Road",STREET LIGHT,25,0.0,0.0,0,0,0.0,0.0
Bengaluru City,High Grounds Traffic PS,1.04432e+16,2018,1,2,Road Accidents,Other,City/Town,Near Hospital,Human Error,No,Damage Only,Rear end,Signal lights Automatic,Straight and flat,One way,Bitumen(Tar),Dry,No influence on accident,Fine,"Opp.Sigma Mall, Cunnigham Road",STREET LIGHT,23,0.0,0.0,0,0,0.0,0.0
Bengaluru City,High Grounds Traffic PS,1.04432e+16,2018,1,2,Road Accidents,Cross roads,City/Town,Near a recreation place/cinema,Human Error,No,Simple Injury,Rear end,Police / Manual,Straight and flat,City or Town Road,Bitumen(Tar),Dry,No influence on accident,Fine,"Near Kino Theater Junction, SC Road",ELECTRIC POLE,1,0.0,0.0,0,0,0.0,0.0
Bengaluru City,High Grounds Traffic PS,1.04432e+16,2018,1,2,Road Accidents,Cross roads,City/Town,Near a recreation place/cinema,Human Error,Yes,Damage Only,Hit and Run,Police / Manual,Straight and flat,One way,Bitumen(Tar),Dry,No influence on accident,Fine,NEAR MANTRIMALL.SAMPIGE ROAD,TREE,20ft,0.0,0.0,0,0,0.0,0.0
Bengaluru City,High Grounds Traffic PS,1.04432e+16,2018,1,2,Road Accidents,Cross roads,City/Town,Near School or College,Human Error,No,Damage Only,Side swipe,Police / Manual,Straight and flat,Two way,Bitumen(Tar),Dry,No influence on accident,Clear,OPPOSITE MOUNT CARMEL COLLEGE .PALACE ROAD,STREET LIGHT,45,0.0,0.0,0,0,0.0,0.0
Bengaluru City,High Grounds Traffic PS,1.04432e+16,2018,1,2,Road Accidents,T Junction,City/Town,Near a recreation place/cinema,Human Error,No,Simple Injury,Rear end,Signal lights Automatic,Straight and flat,Two way,Bitumen(Tar),Dry,No influence on accident,Fine,"TRILIGHT JUNCTION, RACE COURCE ROAD,",DEVIDER,9,0.0,0.0,0,0,0.0,0.0
Bengaluru City,High Grounds Traffic PS,1.04432e+16,2018,1,2,Road Accidents,Other,City/Town,Near office complex,Human Error,Yes,Simple Injury,Hit and Run,Not at  Junction,Straight and flat,City or Town Road,Bitumen(Tar),Dry,No influence on accident,Fine,"Near Kumar Park, Sheshadripuram",ELECTRIC POLE,1,0.0,0.0,0,0,0.0,0.0
Bengaluru City,High Grounds Traffic PS,1.04432e+16,2018,1,2,Road Accidents,Junction,City/Town,Near office complex,Human Error,No,Simple Injury,Side swipe,Signal lights Automatic,Straight and flat,City or Town Road,Bitumen(Tar),Dry,No influence on accident,Fine,"Windsor Jn, T CHOWDAIAH ROAD,",SIGNAL LIGHT,15FT,0.0,0.0,0,0,0.0,0.0
Bengaluru City,High Grounds Traffic PS,1.04432e+16,2018,1,2,Road Accidents,Narrow road,City/Town,Near Hospital,Human Error,No,Simple Injury,Others,Signal lights Automatic,Straight and flat,City or Town Road,Bitumen(Tar),Dry,No influence on accident,Fine,"Near Sheshadripuram Police Station, Sheshadripuram",SIGNAL LIGHT,5FT,0.0,0.0,0,0,0.0,0.0
Bengaluru City,High Grounds Traffic PS,1.04432e+16,2018,1,2,Road Accidents,Culvert,City/Town,Narrow bridge or culverts,Human Error,No,Simple Injury,Rear end,Not at  Junction,Straight and flat,Two way,Bitumen(Tar),Dry,No influence on accident,Fine,"NEAR RAILWAY UNDER PASS, CHAVUNDARAYA CIRCLE",ROAD DIVIDER,40,0.0,0.0,0,0,0.0,0.0
Bengaluru City,High Grounds Traffic PS,1.04432e+16,2018,1,2,Road Accidents,Junction,City/Town,Near office complex,Human Error,No,Grievous Injury,Rear end,Signal lights Automatic,Straight and flat,City or Town Road,Bitumen(Tar),Dry,No influence on accident,Fine,PALACE ROAD,STREET LIGHT,25,0.0,0.0,0,0,0.0,0.0
Bengaluru City,High Grounds Traffic PS,1.04432e+16,2018,1,2,Road Accidents,Other,City/Town,Narrow bridge or culverts,Human Error,Yes,Grievous Injury,Hit and Run,No signal lights,Straight and flat,City or Town Road,Bitumen(Tar),Dry,No influence on accident,Fine,CONTONMENT RAILWAY STATION,ELECTRIC POLE,6,12.992162,77.60003,0,0,0.0,0.0
Bengaluru City,High Grounds Traffic PS,1.04432e+16,2018,1,2,Road Accidents,Junction,City/Town,Near office complex,Human Error,No,Damage Only,Side impact or Right angle,Signal lights Automatic,Straight and flat,City or Town Road,Bitumen(Tar),Dry,No influence on accident,Fine,WINDSOR MANNER JUNCTION,ELECTRIC POLE,50,0.0,0.0,0,0,0.0,0.0
Bengaluru City,High Grounds Traffic PS,1.04432e+16,2018,1,1,Road Accidents,T Junction,City/Town,Near office complex,Human Error,No,Simple Injury,Hit bicyclist,Signal lights Blinking,Straight and flat,City or Town Road,Bitumen(Tar),Dry,No influence on accident,Clear,NEAR LEE MERIDIAN HOTEL,ELECTRIC POLE,5FT,0.0,0.0,0,0,0.0,0.0
Bengaluru City,High Grounds Traffic PS,1.04432e+16,2018,1,2,Road Accidents,Narrow road,City/Town,Open area,Human Error,Yes,Simple Injury,Head on,Not at  Junction,Straight and flat,City or Town Road,Bitumen(Tar),Dry,No influence on accident,Fine,"Near Contonment Railway station, Vasanthnagar,",ELECTRIC POLE,15,0.0,0.0,0,0,0.0,0.0
Bengaluru City,High Grounds Traffic PS,1.04432e+16,2018,1,1,Road Accidents,T Junction,City/Town,Near office complex,Human Error,No,Grievous Injury,Others,Signal lights Automatic,Straight and flat,City or Town Road,Bitumen(Tar),Dry,No influence on accident,Clear,"BTS Service Road, KFM Junction",STREET LIGHT,20ft,0.0,0.0,0,0,0.0,0.0
Bengaluru City,High Grounds Traffic PS,1.04432e+16,2018,1,2,Road Accidents,Cross roads,City/Town,Narrow bridge or culverts,Human Error,No,Grievous Injury,Rear end,Signal lights Automatic,Others,City or Town Road,Bitumen(Tar),Dry,No influence on accident,Fine,DHANVANTARI ROAD,STREET LIGHT,15FT,0.0,0.0,0,0,0.0,0.0
Bengaluru City,High Grounds Traffic PS,1.04432e+16,2018,1,1,Road Accidents,Circle,City/Town,Near Bus stop,Human Error,No,Grievous Injury,Hit pedestrian,Signal lights Blinking,Straight and flat,One way,Bitumen(Tar),Dry,No influence on accident,Fine,"NEAR RAJEEVGHANDHI CIRCLE, PLATFORM ROAD",ELECTRIC POLE,15,12.989745,77.571933,0,0,0.0,0.0
Bengaluru City,High Grounds Traffic PS,1.04432e+16,2018,1,2,Road Accidents,More than four arms,City/Town,Near School or College,Human Error,No,Damage Only,Rear end,Signal lights Automatic,Straight and flat,City or Town Road,Bitumen(Tar),Dry,No influence on accident,Clear,"Near Sophia Junction, PALACE ROAD",STREET LIGHT,5FT,0.0,0.0,0,0,0.0,0.0
Bengaluru City,High Grounds Traffic PS,1.04432e+16,2018,1,2,Road Accidents,Junction,City/Town,Near Bus stop,Human Error,No,Damage Only,Rear end,Signal lights Automatic,Straight and flat,City or Town Road,Bitumen(Tar),Dry,No influence on accident,Fine,"NEAR HIGHRGOUND JUNCTION, T.CHOWDAIAH ROAD,",STREET LIGHT,30,0.0,0.0,0,0,0.0,0.0
Bengaluru City,High Grounds Traffic PS,1.04432e+16,2018,1,1,Road Accidents,Curves,City/Town,Near a recreation place/cinema,Human Error,Yes,Simple Injury,Hit bicyclist,Signal lights Automatic,Straight and flat,Arterial,Bitumen(Tar),Dry,No influence on accident,Clear,"Trilight Junction, Harekrishna Road,",SIGNAL LIGHT,500MTR,0.0,0.0,0,0,0.0,0.0
Bengaluru City,High Grounds Traffic PS,1.04432e+16,2018,1,3,Road Accidents,Other,City/Town,Near Hospital,Human Error,No,Grievous Injury,Side impact or Right angle,Signal lights Automatic,Straight and flat,City or Town Road,Bitumen(Tar),Dry,No influence on accident,Fine,NEAR VETENARY HOSPITAL,STREET LIGHT,15FT,0.0,0.0,0,0,0.0,0.0
Bengaluru City,High Grounds Traffic PS,1.04432e+16,2018,1,2,Road Accidents,Circle,City/Town,Near School or College,Human Error,No,Grievous Injury,Rear end,Police / Manual,Straight and flat,Two way,Bitumen(Tar),Dry,No influence on accident,Fine,NEAR NEHRU CIRCLE,STREET LIGHT,25FT,0.0,0.0,0,0,0.0,0.0
Bengaluru City,High Grounds Traffic PS,1.04432e+16,2018,1,2,Road Accidents,Cross roads,City/Town,Near office complex,Human Error,No,Grievous Injury,Head on,Police / Manual,Straight and flat,City or Town Road,Bitumen(Tar),Dry,No influence on accident,Fine,"NEAR RACE VIEW HOTEL JUNCTION, RACE COURCE RAOD",IRON POLE,50,0.0,0.0,0,0,0.0,0.0
Bengaluru City,High Grounds Traffic PS,1.04432e+16,2018,1,2,Road Accidents,Other,City/Town,Near Hospital,Human Error,No,Simple Injury,Head on,Not at  Junction,Straight and flat,City or Town Road,Bitumen(Tar),Dry,No influence on accident,Fine,INFRONT OF  AL-AMEEN HOSPITAL .TANK BUND ROAD.VASANATHANAGAR,STREET LIGHT,1KM,0.0,0.0,0,0,0.0,0.0
Bengaluru City,High Grounds Traffic PS,1.04432e+16,2018,1,2,Road Accidents,Bridge,City/Town,Near School or College,Human Error,No,Simple Injury,Head on,No signal lights,Straight and flat,One way,Bitumen(Tar),Dry,No influence on accident,Clear,"Sheshardipuram Ralway Under Bridge, Sheshadripuram",RAILWAY UNDER BRIDGE,15FT,0.0,0.0,0,0,0.0,0.0
Bengaluru City,High Grounds Traffic PS,1.04432e+16,2018,1,2,Road Accidents,Junction,City/Town,Near office complex,Human Error,No,Damage Only,Rear end,Police / Manual,Straight and flat,City or Town Road,Bitumen(Tar),Dry,No influence on accident,Fine,"T CHOUDAIAH ROAD, HIGHGROUND JUNCTION",STREET LIGHT,45ft,0.0,0.0,0,0,0.0,0.0
Bengaluru City,High Grounds Traffic PS,1.04432e+16,2018,1,1,Road Accidents,T Junction,City/Town,Open area,Human Error,No,Simple Injury,Hit fixed object,Signal lights Automatic,Straight and flat,City or Town Road,Bitumen(Tar),Dry,No influence on accident,Fine,"WINDSOR MANNER JUNCTION, T CHOUDAIAH ROAD HIGHGROUND",SIGNAL LIGHT,30,0.0,0.0,0,0,0.0,0.0
Bengaluru City,High Grounds Traffic PS,1.04432e+16,2018,1,2,Road Accidents,Other,City/Town,Near a religious place,Human Error,No,Damage Only,Rear end,Police / Manual,Straight and flat,City or Town Road,Bitumen(Tar),Dry,No influence on accident,Clear,"Lakshmi Temple Road, Sheshadripuram",STREET LIGHT,30,0.0,0.0,0,0,0.0,0.0
Bengaluru City,High Grounds Traffic PS,1.04432e+16,2018,1,1,Road Accidents,T Junction,City/Town,Near a religious place,Human Error,No,Simple Injury,Hit pedestrian,Signal lights Automatic,Straight and flat,City or Town Road,Bitumen(Tar),Dry,No influence on accident,Clear,SUBEDAR CHATRAM ROAD,STREET LIGHT,25FT,0.0,0.0,0,0,0.0,0.0
Bengaluru City,High Grounds Traffic PS,1.04432e+16,2018,1,2,Road Accidents,Junction,City/Town,Near office complex,Human Error,No,Simple Injury,Rear end,Signal lights Automatic,Straight and flat,City or Town Road,Bitumen(Tar),Dry,No influence on accident,Fine,LRDE JUNCTION.T.CHOWDAIAH ROAD,STREET LIGHT,17FT,0.0,0.0,0,0,0.0,0.0
Bengaluru City,High Grounds Traffic PS,1.04432e+16,2018,1,2,Road Accidents,Narrow road,City/Town,Near Bus stop,Human Error,No,Simple Injury,Side swipe,No signal lights,Straight and flat,City or Town Road,Bitumen(Tar),Dry,No influence on accident,Fine,"LINK ROAD, SHESHADRIPURAM",ELECTRIC POLE,1,0.0,0.0,0,0,0.0,0.0
Bengaluru City,High Grounds Traffic PS,1.04432e+16,2018,1,2,Road Accidents,Junction,City/Town,Near Bus stop,Human Error,No,Simple Injury,Side swipe,Signal lights Automatic,Straight and flat,City or Town Road,Bitumen(Tar),Dry,No influence on accident,Clear,BASAVESHWARA JUNCTION,SIGNAL LIGHT,15,0.0,0.0,0,0,0.0,0.0
Bengaluru City,High Grounds Traffic PS,1.04432e+16,2018,1,2,Road Accidents,Junction,City/Town,Near Hospital,Human Error,No,Simple Injury,Side swipe,Signal lights Automatic,Straight and flat,Two way,Bitumen(Tar),Dry,No influence on accident,Fine,"HARE KRISHNA ROAD, HIGHGROUND,",STREET LIGHT,256FT,0.0,0.0,0,0,0.0,0.0
Bengaluru City,High Grounds Traffic PS,1.04432e+16,2018,1,2,Road Accidents,Other,City/Town,Near Bus stop,Human Error,No,Simple Injury,Hit fixed object,Police / Manual,Straight and flat,One way,Bitumen(Tar),Dry,No influence on accident,Fine,"Shirooru park Road, Sampige Road,",ELECTRIC POLE,20ft,0.0,0.0,0,0,0.0,0.0
Bengaluru City,High Grounds Traffic PS,1.04432e+16,2018,1,1,Road Accidents,Other,City/Town,Near office complex,Human Error,Yes,Simple Injury,Hit pedestrian,Police / Manual,Straight and flat,City or Town Road,Bitumen(Tar),Dry,No influence on accident,Fine,NEAR B.D.A OFFICE,STREET LIGHT,45ft,0.0,0.0,0,0,0.0,0.0
Bengaluru City,High Grounds Traffic PS,1.04432e+16,2018,1,2,Road Accidents,Junction,City/Town,Near office complex,Human Error,Yes,Damage Only,Hit and Run,Signal lights Automatic,Straight and flat,City or Town Road,Bitumen(Tar),Dry,No influence on accident,Fine,NEAR HIGHGROUND JUNCTION.T.CHOWDAIAH ROAD,STREET LIGHT,30FT,0.0,0.0,0,0,0.0,0.0