DISTRICTNAME,UNITNAME,Crime_No,Year,RI,Noofvehicle_involved,Accident_Classification,Accident_Spot,Accident_Location,Accident_SubLocation,Main_Cause,Hit_Run,Severity,Collision_Type,Junction_Control,Road_Character,Road_Type,Surface_Type,Surface_Condition,Road_Condition,Weather,Accident_Road,Landmark_first,Distance_LandMark_First,Latitude,Longitude,Road_Condition_Score,Surface_Condition_Score,Surface_Type_Score,Road_Risk_Index
Bengaluru City,High Grounds Traffic PS,1.04432e+16,2020,1,1,Road Accidents,Not Applicable,City/Town,Near office complex,Human Error,No,Simple Injury,Hit pedestrian,Not Applicable,Not Applicable,Two way,Bitumen(Tar),Dry,Not Applicable,Clear,S C ROAD,BESCOM GATE OPP,1.5 KM,0.0,0.0,0,0,0.0,0.0
Bengaluru City,High Grounds Traffic PS,1.04432e+16,2020,1,2,Road Accidents,Narrow road,City/Town,Near office complex,Human Error,No,Grievous Injury,Vehicle to Vehicle,Not at  Junction,Straight and flat,Two way,Bitumen(Tar),Dry,Not Applicable,Light Rain,CUNNINGHAM ROAD,NEAT MINUGU TARE KAPLANA JUNCTION,2 KM,0.0,0.0,0,0,0.0,0.0
Bengaluru City,High Grounds Traffic PS,1.04432e+16,2020,1,2,Rail Road Accidents,Narrow road,City/Town,Near office complex,Human Error,Yes,Simple Injury,Vehicle to Vehicle,Not at  Junction,Straight and flat,One way,Bitumen(Tar),Dry,Not Applicable,Fine,CUNNINGHAM ROAD,NEAT BALEKUMDRI JUNCTION,2.5 KM,0.0,0.0,0,0,0.0,0.0
Bengaluru City,High Grounds Traffic PS,1.04432e+16,2020,1,1,Road Accidents,Narrow road,City/Town,Near office complex,Human Error,No,Simple Injury,Hit pedestrian,Not Applicable,Not Applicable,Two way,Bitumen(Tar),Dry,Not Applicable,Clear,RACE COURSE ROAD,NEAR BASVESHWA JUNCTION,500 MT,0.0,0.0,0,0,0.0,0.0
Bengaluru City,High Grounds Traffic PS,1.04432e+16,2020,1,1,Road Accidents,Junction,City/Town,Near office complex,Human Error,No,Damage Only,Not Applicable,Signals (Working),Not Applicable,NH,Bitumen(Tar),Dry,Not Applicable,Clear,"T CHOUDAIAH ROAD, LRDE JUNCTION",NEAR NEHARU PLANITORIAM,1.5 KM,0.0,0.0,0,0,0.0,0.0
Bengaluru City,High Grounds Traffic PS,1.04432e+16,2020,1,2,Road Accidents,Junction,City/Town,Near office complex,Human Error,No,Grievous Injury,Vehicle to Vehicle,Not Applicable,Others,Two way,Bitumen(Tar),Dry,Not Applicable,Fine,PALACE ROAD,opp SANGRILA HOTEL,1.5 KM,0.0,0.0,0,0,0.0,0.0
Bengaluru City,High Grounds Traffic PS,1.04432e+16,2020,1,2,Road Accidents,Junction,City/Town,Near office complex,Human Error,No,Damage Only,Vehicle to Vehicle,Signal lights Automatic,Straight and flat,Others,Bitumen(Tar),Dry,Not Applicable,Fine,CUNNINGHAM ROAD,NEAR CHANDRIKA JUNCTION,2 KM,0.0,0.0,0,0,0.0,0.0
Bengaluru City,High Grounds Traffic PS,1.04432e+16,2020,1,2,Road Accidents,Narrow road,Rural Areas,Narrow bridge or culverts,Human Error,Yes,Grievous Injury,Vehicle to Vehicle,Not at  Junction,Curve,Two way,Concrete,Dry,Not Applicable,Fine,PF ROAD,NEAR OKALIPURAM BRIDGE,2.5 KM,0.0,0.0,0,0,0.0,0.0
Bengaluru City,High Grounds Traffic PS,1.04432e+16,2020,1,2,Road Accidents,Junction,City/Town,Residential area,Human Error,No,Grievous Injury,Vehicle to Vehicle,Uncontrolled,Not Applicable,Residential Street,Bitumen(Tar),Dry,Not Applicable,Fine,SUBRAMANYA TEMPLE,NEAR SUBRMANYA SWAMY TEMPLE,2 KM,0.0,0.0,0,0,0.0,0.0
Bengaluru City,High Grounds Traffic PS,1.04432e+16,2020,1,1,Road Accidents,Narrow road,City/Town,Open area,Human Error,Not Applicable,Grievous Injury,Hit bicyclist,Not at  Junction,Not Applicable,Residential Street,Concrete,Dry,Not Applicable,Fine,BTS SERVICE RAOD,NEAT KFM JUNCTION,2.5KM,0.0,0.0,0,0,0.0,0.0
Bengaluru City,High Grounds Traffic PS,1.04432e+16,2020,1,1,Not Applicable,Curves,City/Town,Near office complex,Human Error,No,Grievous Injury,Vehicle to Vehicle,Not Applicable,Curve,One way,Bitumen(Tar),Dry,Not Applicable,Fine,BASAVESHWARA ROAD,NEAR BASAVESHWAR CIRCLE,1.5 KM,0.0,0.0,0,0,0.0,0.0
Bengaluru City,High Grounds Traffic PS,1.04432e+16,2020,1,2,Road Accidents,Not Applicable,City/Town,Near office complex,Human Error,No,Grievous Injury,Vehicle to Vehicle,Not Applicable,Others,Two way,Concrete,Flooded,Not Applicable,Cloudy,SHESHADRIPURAM 1 ST MAIN ROAD,NEAR PALACE GUTTAHALLI JUNCTION,2.5 KM,0.0,0.0,0,5,0.0,5.0
Bengaluru City,High Grounds Traffic PS,1.04432e+16,2020,1,1,Road Accidents,Junction,City/Town,Near office complex,Human Error,Yes,Damage Only,Not Applicable,Controlled,Slight Curve,Two way,Bitumen(Tar),Dry,Not Applicable,Clear,"T CHOUDAIAH ROAD, HIGHGROUND",near golf,1.5 KM,0.0,0.0,0,0,0.0,0.0
Bengaluru City,High Grounds Traffic PS,1.04432e+16,2020,1,2,Road Accidents,Not Applicable,City/Town,Residential area,Human Error,No,Simple Injury,Vehicle to Vehicle,Not Applicable,Not Applicable,Two way,Bitumen(Tar),Dry,Not Applicable,Fine,SHESHADRIPURAM 1 ST MAIN ROAD,NEAR CHAITANYA SCHOOL,3KM,0.0,0.0,0,0,0.0,0.0
Bengaluru City,High Grounds Traffic PS,1.04432e+16,2020,1,2,Road Accidents,Not Applicable,City/Town,Near office complex,Human Error,Yes,Fatal,Vehicle to Vehicle,Not at  Junction,Not Applicable,Two way,Bitumen(Tar),Dry,Not Applicable,Clear,RACE COURSE ROAD,NEAR HIGHGROUND TRAFFIC POLICE STATION,0.5 KM,0.0,0.0,0,0,0.0,0.0
Bengaluru City,High Grounds Traffic PS,1.04432e+16,2020,1,2,Road Accidents,Junction,City/Town,Open area,Human Error,No,Fatal,Vehicle to Vehicle,Signal lights Automatic,Others,One way,Bitumen(Tar),Dry,Not Applicable,Fine,MILLERS ROAD,CHAVUNDARAY JUNCTION,3 KM,0.0,0.0,0,0,0.0,0.0
Bengaluru City,High Grounds Traffic PS,1.04432e+16,2020,1,1,Road Accidents,Not Applicable,City/Town,Near office complex,Human Error,No,Grievous Injury,Not Applicable,Not at  Junction,Others,Two way,Bitumen(Tar),Dry,Not Applicable,Fine,MILLAR ROAD,NEAR AYYAPPA TEMPLE,2KM,0.0,0.0,0,0,0.0,0.0
Bengaluru City,High Grounds Traffic PS,1.04432e+16,2020,1,2,Road Accidents,Narrow road,City/Town,Open area,Human Error,Yes,Grievous Injury,Vehicle to Vehicle,Not at  Junction,Straight and flat,Two way,Bitumen(Tar),Dry,Not Applicable,Fine,PLAT FORM ROAD,NEAR KFM JUNCTION,3 KM,0.0,0.0,0,0,0.0,0.0
Bengaluru City,High Grounds Traffic PS,1.04432e+16,2020,1,1,Road Accidents,Junction,City/Town,Residential area,Human Error,No,Grievous Injury,Not Applicable,Signal lights Automatic,Slight Curve,Two way,Bitumen(Tar),Dry,Not Applicable,Cloudy,PALACE RAOD,NEAR BANGALORE PALACE,2.5,0.0,0.0,0,0,0.0,0.0
Bengaluru City,High Grounds Traffic PS,1.04432e+16,2020,1,2,Road Accidents,Cross roads,City/Town,Residential area,Human Error,No,Grievous Injury,Vehicle to Vehicle,Uncontrolled,Straight and flat,Residential Street,Bitumen(Tar),Dry,Not Applicable,Fine,SERPENTAIN ROAD,NEAR CHANDRU TAILOR,2 KM,0.0,0.0,0,0,0.0,0.0
Bengaluru City,High Grounds Traffic PS,1.04432e+16,2020,1,1,Road Accidents,Narrow road,City/Town,Near a factory industrial area,Human Error,Yes,Fatal,Hit pedestrian,Not at  Junction,Slight Curve,Two way,Bitumen(Tar),Dry,Not Applicable,Fog / Mist,T CHOWDAIAH RAOD,NEAT LEE MERIDIAN HOTEL,2.5 KM,0.0,0.0,0,0,0.0,0.0
Bengaluru City,High Grounds Traffic PS,1.04432e+16,2020,1,1,Road Accidents,Junction,City/Town,Narrow bridge or culverts,Human Error,Not Applicable,Damage Only,Not Applicable,No signal lights,Curve,Others,Bitumen(Tar),Dry,Not Applicable,Clear,T CHOUDAIAH ROAD WINDSAR MANOR,NEAR WINDSAR MAONOR JUNCTION,2KM,0.0,0.0,0,0,0.0,0.0
Bengaluru City,High Grounds Traffic PS,1.04432e+16,2020,1,1,Road Accidents,Not Applicable,City/Town,Open area,Human Error,No,Fatal,Not Applicable,Not at  Junction,Curve,Two way,Bitumen(Tar),Dry,Not Applicable,Fine,PALACE RAOD,NEAR BANGALORE PALACE,2.5,0.0,0.0,0,0,0.0,0.0
Bengaluru City,High Grounds Traffic PS,1.04432e+16,2020,1,2,Road Accidents,Junction,City/Town,Near office complex,Human Error,Not Applicable,Damage Only,Vehicle to Vehicle,Controlled,Others,Two way,Bitumen(Tar),Dry,Not Applicable,Clear,"T CHOUDAIAH ROAD, HIGHGROUND.",BENGALORE TURF CLUB,1.5 KM,0.0,0.0,0,0,0.0,0.0
Bengaluru City,High Grounds Traffic PS,1.04432e+16,2020,1,2,Road Accidents,Narrow road,City/Town,Near office complex,Human Error,No,Damage Only,Vehicle to Vehicle,Not Applicable,Straight and flat,One way,Bitumen(Tar),Dry,Not Applicable,Fine,PALACE RAOD,NEAR BASAVESHWARA JUNCTION,0.5 KM,0.0,0.0,0,0,0.0,0.0
Bengaluru City,High Grounds Traffic PS,1.04432e+16,2021,1,2,Road Accidents,Junction,City/Town,Near office complex,Human Error,Yes,Grievous Injury,Vehicle to Vehicle,Controlled,Not Applicable,Others,Bitumen(Tar),Dry,Not Applicable,Fine,PALACE ROAD,NEAR BASAVESHWAR CIRCLE,1 K M,12.984968,77.588448,0,0,0.0,0.0
Bengaluru City,High Grounds Traffic PS,1.04432e+16,2021,1,2,Road Accidents,Narrow road,City/Town,Residential area,Not Applicable,Not Applicable,Grievous Injury,Vehicle to Vehicle,Signal lights Automatic,Not Applicable,Two way,Bitumen(Tar),Dry,Not Applicable,Clear,K K ROAD,NEAR CHITRAKALA PARISHATTU,1 K M,0.0,0.0,0,0,0.0,0.0
Bengaluru City,High Grounds Traffic PS,1.04432e+16,2021,1,3,Road Accidents,Narrow road,City/Town,Near office complex,Human Error,No,Simple Injury,Vehicle to Vehicle,Not at  Junction,Straight and flat,Two way,Bitumen(Tar),Dry,Not Applicable,Fine,KUMARA KRUPA,NEAR KRSIHNA OFFICE,1 KM,0.0,0.0,0,0,0.0,0.0
Bengaluru City,High Grounds Traffic PS,1.04432e+16,2021,1,2,Road Accidents,Not Applicable,City/Town,Near office complex,Human Error,Yes,Grievous Injury,Vehicle to Vehicle,Not Applicable,Not Applicable,One way,Bitumen(Tar),Dry,Construction Work / Material,Clear,BANBOO BAJAR ROAD,NEAR CONTONMENT RAILWAY STATION,2.5 KM,0.0,0.0,2,0,0.0,2.0
Bengaluru City,High Grounds Traffic PS,1.04432e+16,2021,1,1,Road Accidents,Cross roads,City/Town,Near office complex,Human Error,Yes,Fatal,Hit pedestrian,Not at  Junction,Straight and flat,Service Road,Bitumen(Tar),Dry,Not Applicable,Others,Windsar manor Hotel Service Road,NEAR WINDSAR MAONOR JUNCTION,1.5 KM,12.9942126,77.5849936,0,0,0.0,0.0
Bengaluru City,High Grounds Traffic PS,1.04432e+16,2021,1,2,Road Accidents,Circle,City/Town,Near office complex,Human Error,Yes,Damage Only,Vehicle to Vehicle,Police / Manual,Curve,Two way,Bitumen(Tar),Dry,Not Applicable,Clear,KUMAR KRUPA ROAD,NEAR GANDHI BHAVAN JUNCTION,0.5 KM,12.9874043,77.5802501,0,0,0.0,0.0
Bengaluru City,High Grounds Traffic PS,1.04432e+16,2021,1,2,Road Accidents,Junction,City/Town,Residential area,Human Error,No,Grievous Injury,Vehicle to Vehicle,Signal lights Automatic,Straight and flat,Two way,Bitumen(Tar),Dry,Not Applicable,Fine,T CHOUDAIAH ROAD,NEAR WINDSAR MAONOR JUNCTION,3KM,0.0,0.0,0,0,0.0,0.0
Bengaluru City,High Grounds Traffic PS,1.04432e+16,2021,1,2,Road Accidents,Junction,City/Town,Open area,Human Error,No,Fatal,Vehicle to Vehicle,Uncontrolled,Straight and flat,Two way,Bitumen(Tar),Dry,Not Applicable,Clear,PALACE ROAD,NEAR BDA BRIDGE,2KM,0.0,0.0,0,0,0.0,0.0
Bengaluru City,High Grounds Traffic PS,1.04432e+16,2021,1,1,Road Accidents,Not Applicable,City/Town,Near Hospital,Human Error,No,Simple Injury,Not Applicable,Not Applicable,Not Applicable,One way,Bitumen(Tar),Dry,Not Applicable,Fine,CUNNINGHAM ROAD,NEAR FORTIS HOSPITAL,1.5 KM,0.0,0.0,0,0,0.0,0.0
Bengaluru City,High Grounds Traffic PS,1.04432e+16,2021,1,2,Road Accidents,Junction,City/Town,Residential area,Human Error,Yes,Simple Injury,Vehicle to Vehicle,Uncontrolled,Straight and flat,Residential Street,Concrete,Dry,Not Applicable,Fine,MV JAYARAM ROAD,NEAR UDAYA TV JUNCTION,3KM,0.0,0.0,0,0,0.0,0.0
Bengaluru City,High Grounds Traffic PS,1.04432e+16,2021,1,1,Road Accidents,Narrow road,City/Town,Narrow bridge or culverts,Not Applicable,Not Applicable,Grievous Injury,Vehicle to Vehicle,Not Applicable,Not Applicable,Two way,Bitumen(Tar),Dry,Not Applicable,Fine,T CHOWDAIAH RAOD,NEAR B D A BRIDGE T CHOWIDAIAH ROAD,2.5 KM,0.0,0.0,0,0,0.0,0.0
Bengaluru City,High Grounds Traffic PS,1.04432e+16,2021,1,2,Road Accidents,Junction,City/Town,Near office complex,Human Error,No,Grievous Injury,Vehicle to Vehicle,No signal lights,Not Applicable,Two way,Bitumen(Tar),Dry,Not Applicable,Fine,NAGAPPA STREET ROAD,NEAR NEHARU GYM,1.5 KM,12.9884295,77.5765299,0,0,0.0,0.0
Bengaluru City,High Grounds Traffic PS,1.04432e+16,2021,1,1,Road Accidents,Curves,City/Town,Near office complex,Human Error,No,Damage Only,Not Applicable,Not Applicable,Curve,Two way,Bitumen(Tar),Dry,Not Applicable,Clear,T CHOUDAIAH ROAD,NEAR 7 MINISTER QUARTERS,1 K M,12.9884828,77.5866294,0,0,0.0,0.0
Bengaluru City,High Grounds Traffic PS,1.04432e+16,2021,1,2,Road Accidents,Junction,City/Town,Residential area,Human Error,Not Applicable,Simple Injury,Vehicle to Vehicle,No signal lights,Not Applicable,Two way,Bitumen(Tar),Dry,Not Applicable,Fine,K K ROAD,NEAR GANDHI BHAVAN JUNCTION,1 KM,12.98737,77.580274,0,0,0.0,0.0
Bengaluru City,High Grounds Traffic PS,1.04432e+16,2021,1,2,Road Accidents,Narrow road,City/Town,Open area,Human Error,No,Damage Only,Vehicle to Vehicle,Not at  Junction,Straight and flat,Two way,Bitumen(Tar),Dry,Not Applicable,Fine,T CHOUDAIAH ROAD,NEAR BDA BRIDGE,2.5 KM,0.0,0.0,0,0,0.0,0.0
Bengaluru City,High Grounds Traffic PS,1.04432e+16,2021,1,2,Road Accidents,Junction,City/Town,Near office complex,Not Applicable,No,Grievous Injury,Vehicle to Vehicle,No signal lights,Curve,Two way,Bitumen(Tar),Dry,Not Applicable,Fine,PALACE ROAD NEAR B D A BDRIDGE,PALACE ROAD NEAR B D A BRIDGE,2.5 KM,0.0,0.0,0,0,0.0,0.0
Bengaluru City,High Grounds Traffic PS,1.04432e+16,2021,1,2,Road Accidents,Narrow road,City/Town,Open area,Not Applicable,No,Simple Injury,Vehicle to Vehicle,Not Applicable,Not Applicable,One way,Bitumen(Tar),Dry,Not Applicable,Clear,RAJABHAN ROAD NEAR BHASAVESHWAR JUNTION,NEAR BASAVESHWAR CIRCLE,1 KM,0.0,0.0,0,0,0.0,0.0
Bengaluru City,High Grounds Traffic PS,1.04432e+16,2021,1,2,Road Accidents,Junction,City/Town,Near a religious place,Human Error,No,Grievous Injury,Vehicle to Vehicle,No signal lights,Hump,Two way,Bitumen(Tar),Dry,Not Applicable,Clear,sarpentain road,NEAR BADAGANADU SANGH BULDING,1 K M,0.0,0.0,0,0,0.0,0.0
Bengaluru City,High Grounds Traffic PS,1.04432e+16,2021,1,2,Road Accidents,Not Applicable,City/Town,Near office complex,Human Error,No,Grievous Injury,Vehicle to Vehicle,Not Applicable,Not Applicable,Two way,Bitumen(Tar),Dry,Not Applicable,Fine,S C ROAD,NEAR SAI SHIVA TEMPLE,1.5KM,12.9815403,77.5745702,0,0,0.0,0.0
Bengaluru City,High Grounds Traffic PS,1.04432e+16,2021,1,2,Road Accidents,Not Applicable,City/Town,Near office complex,Human Error,No,Simple Injury,Vehicle to Vehicle,Not Applicable,Not Applicable,Two way,Bitumen(Tar),Dry,Not Applicable,Fine,T CHOUDAIAH ROAD,NEAR 7 MINISTER QUARTERS,1.5 KM,12.9883736,77.5865791,0,0,0.0,0.0
Bengaluru City,High Grounds Traffic PS,1.04432e+16,2021,1,2,Road Accidents,Narrow road,City/Town,Near office complex,Human Error,No,Simple Injury,Vehicle to Vehicle,Not Applicable,Not Applicable,One way,Not Applicable,Dry,Not Applicable,Fine,CUNNINGHAM ROAD,NEAR MSIL CHITE FUND BUILDING,1 KM,0.0,0.0,0,0,0.0,0.0
Bengaluru City,High Grounds Traffic PS,1.04432e+16,2021,1,2,Road Accidents,Narrow road,City/Town,Open area,Human Error,No,Grievous Injury,Vehicle to Vehicle,Not at  Junction,Straight and flat,Two way,Bitumen(Tar),Dry,Not Applicable,Clear,T CHOWDAIAH RAOD,NEAR SAMIT APRATMENT,1.5,0.0,0.0,0,0,0.0,0.0
Bengaluru City,High Grounds Traffic PS,1.04432e+16,2021,1,1,Road Accidents,Junction,City/Town,Near Hospital,Human Error,Yes,Damage Only,Not Applicable,Controlled,Others,Two way,Bitumen(Tar),Dry,Not Applicable,Fine,K K ROAD,NEAR DESAI NURSING HOME,1.5 KM,0.0,0.0,0,0,0.0,0.0
Bengaluru City,High Grounds Traffic PS,1.04432e+16,2021,1,2,Not Applicable,Not Applicable,City/Town,Near Hospital,Human Error,Yes,Grievous Injury,Vehicle to Vehicle,Not Applicable,Not Applicable,One way,Bitumen(Tar),Dry,Not Applicable,Clear,CUNNINGHAM ROAD,NEAR KANTI SWEET,2KM,12.9857551,77.5959467,0,0,0.0,0.0
Bengaluru City,High Grounds Traffic PS,1.04432e+16,2021,1,2,Road Accidents,Junction,City/Town,Open area,Human Error,No,Simple Injury,Vehicle to Vehicle,Signal lights Blinking,Straight and flat,Two way,Bitumen(Tar),Dry,Not Applicable,Cloudy,PLATFORM ROAD,NEAR KFM JUCTION,4 KM,12.985051,77.572103,0,0,0.0,0.0
Bengaluru City,High Grounds Traffic PS,1.04432e+16,2021,1,2,Road Accidents,Junction,City/Town,Residential area,Human Error,Yes,Simple Injury,Vehicle to Vehicle,Uncontrolled,Gentle Incline or Climb,Two way,Concrete,Dry,Construction Work / Material,Fine,SHESHADRIPURAM 1 ST MAIN ROAD,NEAR VARUN INNOVATION,3KM,0.0,0.0,2,0,0.0,2.0
Bengaluru City,High Grounds Traffic PS,1.04432e+16,2021,1,3,Road Accidents,Narrow road,City/Town,Open area,Human Error,No,Grievous Injury,Vehicle to Vehicle,Not at  Junction,Straight and flat,Two way,Bitumen(Tar),Dry,Not Applicable,Fine,T CHOUDAIAH ROAD,NEAR WINDSAR MAONOR JUNCTION,3KM,0.0,0.0,0,0,0.0,0.0
Bengaluru City,High Grounds Traffic PS,1.04432e+16,2021,1,2,Road Accidents,Junction,City/Town,Open area,Not Applicable,No,Damage Only,Vehicle to Vehicle,Signal lights Automatic,Straight and flat,Two way,Bitumen(Tar),Dry,Not Applicable,Fine,T CHOUDAIAH ROAD,T CHOWDAIAH ROAD AT VINDSORE MANNER JUNTION,2 KM,0.0,0.0,0,0,0.0,0.0
Bengaluru City,High Grounds Traffic PS,1.04432e+16,2021,1,2,Road Accidents,Narrow road,City/Town,Near office complex,Human Error,No,Grievous Injury,Vehicle to Vehicle,Not at  Junction,Straight and flat,One way,Bitumen(Tar),Dry,Not Applicable,Fine,CUNNINGHAM ROAD,NEAR CHANDRIKA JUNCTION,1.5 KM,0.0,0.0,0,0,0.0,0.0
Bengaluru City,High Grounds Traffic PS,1.04432e+16,2021,1,2,Road Accidents,Junction,City/Town,Near office complex,Human Error,No,Grievous Injury,Vehicle to Vehicle,Signal lights Automatic,Not Applicable,Two way,Bitumen(Tar),Dry,Not Applicable,Clear,PALACE ROAD,NEAR CHALUKYA HOTEL,1.5 KM,12.984447,77.588296,0,0,0.0,0.0
Bengaluru City,High Grounds Traffic PS,1.04432e+16,2021,1,2,Road Accidents,Junction,City/Town,Near office complex,Human Error,No,Damage Only,Vehicle to Vehicle,Controlled,Not Applicable,One way,Bitumen(Tar),Dry,Not Applicable,Fine,BASAVESHWARA ROAD,NEAR BASAVA BHAVAN,1 K M,12.984883,77.587568,0,0,0.0,0.0
Bengaluru City,High Grounds Traffic PS,1.04432e+16,2021,1,1,Rail Road Accidents,Narrow road,City/Town,Open area,Human Error,No,Simple Injury,Hit pedestrian,Not at  Junction,Straight and flat,Two way,Bitumen(Tar),Dry,Not Applicable,Fine,T CHOUDAIAH ROAD,NEAR LEE MERIDIAN HOTEL,2KM,0.0,0.0,0,0,0.0,0.0
Bengaluru City,High Grounds Traffic PS,1.04432e+16,2021,1,2,Road Accidents,Junction,City/Town,Near Petrol Pump,Not Applicable,Not Applicable,Grievous Injury,Vehicle to Vehicle,Not Applicable,Straight and flat,One way,Bitumen(Tar),Muddy,Not Applicable,Light Rain,RAJEEV GHANDI CIRCLE,NEAR MANTRI MAL,100 M,0.0,0.0,0,4,0.0,4.0
Bengaluru City,High Grounds Traffic PS,1.04432e+16,2021,1,1,Road Accidents,Narrow road,City/Town,Open area,Human Error,No,Simple Injury,Not Applicable,Not at  Junction,Straight and flat,Two way,Bitumen(Tar),Dry,Construction Work / Material,Cloudy,PLAT FORM ROAD,NEAR KFM JUNCTION,2.5,0.0,0.0,2,0,0.0,2.0
Bengaluru City,High Grounds Traffic PS,1.04432e+16,2021,1,2,Road Accidents,Junction,City/Town,Near School or College,Human Error,No,Simple Injury,Vehicle to Vehicle,Controlled,Slight Curve,One way,Bitumen(Tar),Dry,Not Applicable,Clear,PALACE ROAD,NEAR SOPIA SCHOOL,2KM,0.0,0.0,0,0,0.0,0.0
Bengaluru City,High Grounds Traffic PS,1.04432e+16,2021,1,1,Not Applicable,Not Applicable,City/Town,Residential area,Human Error,No,Grievous Injury,Hit pedestrian,Not Applicable,Not Applicable,Not Applicable,Concrete,Dry,Not Applicable,Fine,PAL,PALACE ROAD SAMPURNA APRTAMENT,1.5 KM,0.0,0.0,0,0,0.0,0.0
Bengaluru City,High Grounds Traffic PS,1.04432e+16,2021,1,2,Road Accidents,Not Applicable,City/Town,Open area,Human Error,No,Grievous Injury,Vehicle to Vehicle,Not Applicable,Not Applicable,Two way,Bitumen(Tar),Dry,Not Applicable,Clear,T CHOUDAIAH ROAD,NEAR WINDSAR MAONOR JUNCTION,1.5 KM,0.0,0.0,0,0,0.0,0.0
Bengaluru City,High Grounds Traffic PS,1.04432e+16,2021,1,2,Road Accidents,Not Applicable,City/Town,Near Petrol Pump,Human Error,No,Grievous Injury,Vehicle to Vehicle,Not at  Junction,Not Applicable,One way,Bitumen(Tar),Dry,Not Applicable,Clear,MILLAR ROAD,NEAR SWATI HOTEL,1 K M,0.0,0.0,0,0,0.0,0.0
Bengaluru City,High Grounds Traffic PS,1.04432e+16,2022,1,1,Road Accidents,Curves,City/Town,Near Bus stop,Not Applicable,Yes,Damage Only,Not Applicable,Not Applicable,Curve,Others,Bitumen(Tar),Dry,Not Applicable,Clear,PF RAOD,NEAR RAJEEV GANDHI CIRCLE,2 KM,0.0,0.0,0,0,0.0,0.0
Bengaluru City,High Grounds Traffic PS,1.04432e+16,2022,1,1,Road Accidents,Narrow road,City/Town,Near office complex,Not Applicable,Not Applicable,Grievous Injury,Not Applicable,Not at  Junction,Straight and flat,Two way,Concrete,Dry,Not Applicable,Clear,M V JAYARAM RAOD,NEAR KODACA SAMAJ VASANTH NAGAR,2,0.0,0.0,0,0,0.0,0.0
Bengaluru City,High Grounds Traffic PS,1.04432e+16,2022,1,2,Road Accidents,Junction,City/Town,Near School or College,Human Error,No,Damage Only,Vehicle to Vehicle,Controlled,Straight and flat,Others,Bitumen(Tar),Dry,Not Applicable,Clear,BASAVESHWARA JUNCTION,BASAVESHWAR JINTION,1 K M,0.0,0.0,0,0,0.0,0.0
Bengaluru City,High Grounds Traffic PS,1.04432e+16,2022,1,2,Road Accidents,Junction,City/Town,Near Hospital,Human Error,No,Simple Injury,Vehicle to Vehicle,Controlled,Straight and flat,Others,Bitumen(Tar),Dry,Not Applicable,Clear,S C ROAD,Naer S C Road Junction,1.5 KM,0.0,0.0,0,0,0.0,0.0
Bengaluru City,High Grounds Traffic PS,1.04432e+16,2022,1,2,Road Accidents,Not Applicable,City/Town,In bazaar,Not Applicable,No,Damage Only,Not Applicable,Not Applicable,Others,Others,Concrete,Others,Not Applicable,Clear,NEAR BIG BAZAR,GEETABJALI JUNTION,2.0 KM,0.0,0.0,0,1,0.0,1.0
Bengaluru City,High Grounds Traffic PS,1.04432e+16,2022,1,4,Road Accidents,Junction,City/Town,Near School or College,Human Error,No,Simple Injury,Vehicle to Vehicle,Controlled,Straight and flat,Others,Bitumen(Tar),Dry,Not Applicable,Clear,shivanand curcle,Near Shivanand Curcle,1 K M,0.0,0.0,0,0,0.0,0.0
Bengaluru City,High Grounds Traffic PS,1.04432e+16,2022,1,1,Road Accidents,Cross roads,City/Town,Near or inside a village,Human Error,No,Damage Only,Not Applicable,Controlled,Curve,Others,Bitumen(Tar),Dry,Not Applicable,Clear,K K ROAD,Near Serpentine Road 8th Cross,1.5 KM,0.0,0.0,0,0,0.0,0.0
Bengaluru City,High Grounds Traffic PS,1.04432e+16,2022,1,3,Road Accidents,Narrow road,City/Town,Near office complex,Not Applicable,Yes,Damage Only,Vehicle to Vehicle,Not Applicable,Not Applicable,Two way,Concrete,Dry,Not Applicable,Clear,M V JAYARAM RAOD,M V JAYARAM ROAD,2.0 km,0.0,0.0,0,0,0.0,0.0
Bengaluru City,High Grounds Traffic PS,1.04432e+16,2022,1,2,Road Accidents,Circle,City/Town,Near Hospital,Not Applicable,Yes,Grievous Injury,Vehicle to Vehicle,Not Applicable,Curve,One way,Concrete,Dry,Not Applicable,Light Rain,SHESHADRIPURAM 1ST MAIN,SWASTIK CIRCLE,1.5 KM,0.0,0.0,0,0,0.0,0.0
Bengaluru City,High Grounds Traffic PS,1.04432e+16,2022,1,2,Road Accidents,Not Applicable,City/Town,Near Bus stop,Human Error,No,Damage Only,Vehicle to Vehicle,Controlled,Straight and flat,Others,Bitumen(Tar),Dry,Not Applicable,Clear,AIRPORT ROAD,NEAR WINSONMANOR HOTEL,1 K M,12.99563,77.5849,0,0,0.0,0.0
Bengaluru City,High Grounds Traffic PS,1.04432e+16,2022,1,1,Road Accidents,Not Applicable,City/Town,Near School or College,Human Error,Yes,Simple Injury,Hit pedestrian,Controlled,Straight and flat,Others,Bitumen(Tar),Dry,Not Applicable,Clear,PALACE ROAD,Near Shangrila Hotel,2 K M,0.0,0.0,0,0,0.0,0.0
Bengaluru City,High Grounds Traffic PS,1.04432e+16,2022,1,2,Road Accidents,Not Applicable,City/Town,Near or inside a village,Human Error,No,Simple Injury,Vehicle to Vehicle,Controlled,Straight and flat,Others,Bitumen(Tar),Dry,Not Applicable,Clear,SHESHADRIPURAM 1 ST MAIN ROAD,Near Ganesh Pava Bhajji Hotel,1.5,12.99022,77.57446,0,0,0.0,0.0
Bengaluru City,High Grounds Traffic PS,1.04432e+16,2022,1,3,Road Accidents,Circle,City/Town,Near Bus stop,Not Applicable,Not Applicable,Damage Only,Vehicle to Vehicle,Signal lights Automatic,Curve,Others,Bitumen(Tar),Dry,Not Applicable,Clear,L R D E JUNCTION,T CHOUDAIAH ROAD,105 KM,0.0,0.0,0,0,0.0,0.0
Bengaluru City,High Grounds Traffic PS,1.04432e+16,2022,1,1,Road Accidents,Cross roads,City/Town,Near Bus stop,Human Error,No,Fatal,Hit pedestrian,Controlled,Straight and flat,Others,Bitumen(Tar),Dry,Not Applicable,Clear,KUMAR KRUPA ROAD,Near Gandhibhavan Jun,1 K M,12.98733,77.58021,0,0,0.0,0.0