DISTRICTNAME,UNITNAME,Crime_No,Year,RI,Noofvehicle_involved,Accident_Classification,Accident_Spot,Accident_Location,Accident_SubLocation,Main_Cause,Hit_Run,Severity,Collision_Type,Junction_Control,Road_Character,Road_Type,Surface_Type,Surface_Condition,Road_Condition,Weather,Accident_Road,Landmark_first,Distance_LandMark_First,Latitude,Longitude,Road_Condition_Score,Surface_Condition_Score,Surface_Type_Score,Road_Risk_Index
Bengaluru City,High Grounds Traffic PS,1.04432e+16,2022,1,1,Road Accidents,Narrow road,City/Town,Near Bus stop,Not Applicable,Yes,Simple Injury,Hit pedestrian,Not at  Junction,Others,One way,Bitumen(Tar),Ditch or Potholed,Not Applicable,Clear,LOOP RAOD,NEAR OLD JDS OFFICE,1 KM,0.0,0.0,0,5,0.0,5.0
Bengaluru City,High Grounds Traffic PS,1.04432e+16,2022,1,2,Road Accidents,Not Applicable,City/Town,Near office complex,Human Error,No,Simple Injury,Vehicle to Vehicle,Controlled,Straight and flat,Others,Bitumen(Tar),Dry,Not Applicable,Clear,S C ROAD,Near Bescom Office,1.5 KM,0.0,0.0,0,0,0.0,0.0
Bengaluru City,High Grounds Traffic PS,1.04432e+16,2022,1,2,Road Accidents,Narrow road,City/Town,Open area,Not Applicable,No,Grievous Injury,Vehicle to Vehicle,Not at  Junction,Straight and flat,Two way,Bitumen(Tar),Dry,Not Applicable,Clear,PALACE RAOD,PALCE ROAD NEAR KIA CAR SHOW ROOM,2.0 KM,0.0,0.0,0,0,0.0,0.0
Bengaluru City,High Grounds Traffic PS,1.04432e+16,2022,1,2,Road Accidents,Not Applicable,City/Town,Near Hospital,Human Error,No,Simple Injury,Vehicle to Vehicle,Controlled,Straight and flat,Others,Bitumen(Tar),Dry,Not Applicable,Clear,SHESHADRIPURAM 1 ST MAIN ROAD,Near North Wind Bar,2.5 KM,0.0,0.0,0,0,0.0,0.0
Bengaluru City,High Grounds Traffic PS,1.04432e+16,2022,1,2,Road Accidents,Not Applicable,City/Town,Near office complex,Human Error,No,Grievous Injury,Vehicle to Vehicle,Controlled,Straight and flat,Others,Bitumen(Tar),Dry,Not Applicable,Clear,S C Road,Near Bescom Office,2KM,0.0,0.0,0,0,0.0,0.0
Bengaluru City,High Grounds Traffic PS,1.04432e+16,2022,1,2,Road Accidents,Narrow road,City/Town,Residential area,Human Error,No,Damage Only,Vehicle to Vehicle,Not at  Junction,Straight and flat,Two way,Bitumen(Tar),Dry,Not Applicable,Fine,CUNNINGHAM ROAD,NEAR LEE MERIDIAN HOTEL,2 KM,0.0,0.0,0,0,0.0,0.0
Bengaluru City,High Grounds Traffic PS,1.04432e+16,2022,1,2,Road Accidents,Junction,City/Town,Near Bus stop,Human Error,No,Damage Only,Vehicle to Vehicle,Controlled,Straight and flat,Others,Bitumen(Tar),Dry,Not Applicable,Clear,MILLAR ROAD,NEAR UDAYA TV JUNCTION,2 K M,0.0,0.0,0,0,0.0,0.0
Bengaluru City,High Grounds Traffic PS,1.04432e+16,2022,1,2,Road Accidents,Junction,City/Town,Near office complex,Human Error,No,Simple Injury,Vehicle to Vehicle,Controlled,Straight and flat,Others,Bitumen(Tar),Dry,Not Applicable,Clear,BASAVESHWARA JUNCTION,BASAVESHWAR JUNTION,1 KM,0.0,0.0,0,0,0.0,0.0
Bengaluru City,High Grounds Traffic PS,1.04432e+16,2022,1,2,Road Accidents,Junction,City/Town,Near office complex,Human Error,No,Simple Injury,Vehicle to Vehicle,Controlled,Curve,Others,Bitumen(Tar),Dry,Not Applicable,Clear,BASAVESHWARA JUNCTION,BASAVESHWAR JINTION,1 K M,0.0,0.0,0,0,0.0,0.0
Bengaluru City,High Grounds Traffic PS,1.04432e+16,2022,1,2,Road Accidents,Not Applicable,City/Town,Near office complex,Human Error,No,Simple Injury,Vehicle to Vehicle,Controlled,Straight and flat,Others,Bitumen(Tar),Dry,Not Applicable,Clear,LRDE JUNCTION.T.CHOWDAIAH ROAD,NEAR LRDE JUNCTION,1.5 KM,0.0,0.0,0,0,0.0,0.0
Bengaluru City,High Grounds Traffic PS,1.04432e+16,2022,1,2,Road Accidents,Junction,City/Town,Near office complex,Human Error,No,Damage Only,Vehicle to Vehicle,Controlled,Straight and flat,Others,Bitumen(Tar),Dry,Not Applicable,Clear,AIRPORT ROAD,NEAR WINDSAR MAONOR JUNCTION,1.5 KM,12.99379,77.58499,0,0,0.0,0.0
Bengaluru City,High Grounds Traffic PS,1.04432e+16,2022,1,2,Road Accidents,Cross roads,City/Town,Near Hospital,Not Applicable,No,Simple Injury,Vehicle to Vehicle,Not Applicable,Curve,Two way,Bitumen(Tar),Dry,Not Applicable,Clear,P F ROAD,NEAR APOLO HOAPITAL,2 KM,0.0,0.0,0,0,0.0,0.0
Bengaluru City,High Grounds Traffic PS,1.04432e+16,2022,1,2,Road Accidents,Junction,City/Town,Open area,Not Applicable,Yes,Damage Only,Vehicle to Vehicle,Signal lights Automatic,Straight and flat,Others,Bitumen(Tar),Dry,Not Applicable,Clear,MILLERS ROAD BASAVESHWAR JUNTION,BASVESHWAR JUNTION,800 M,0.0,0.0,0,0,0.0,0.0
Bengaluru City,High Grounds Traffic PS,1.04432e+16,2022,1,2,Road Accidents,Not Applicable,City/Town,Near School or College,Human Error,No,Simple Injury,Vehicle to Vehicle,Controlled,Straight and flat,Others,Bitumen(Tar),Dry,Not Applicable,Clear,PALACE ROAD,NEAR BASAVESHWAR CIRCLE,1.5 KM,12.98535,77.58843,0,0,0.0,0.0
Bengaluru City,High Grounds Traffic PS,1.04432e+16,2022,1,2,Road Accidents,Narrow road,City/Town,Open area,Not Applicable,No,Fatal,Vehicle to Vehicle,No signal lights,Not Applicable,Others,Bitumen(Tar),Dry,Not Applicable,Clear,T CHOWDAIAH RAOD,NEAR WINDSOR MANNER HOTEL,2 KM,12.99543,77.584966,0,0,0.0,0.0
Bengaluru City,High Grounds Traffic PS,1.04432e+16,2022,1,2,Road Accidents,Road hump or Rumble strips,City/Town,Near School or College,Human Error,No,Simple Injury,Vehicle to Vehicle,Controlled,Straight and flat,Others,Bitumen(Tar),Dry,Not Applicable,Clear,Palace Guttahalli Road,Near  Main Gate Palace,2.5 KM,0.0,0.0,0,0,0.0,0.0
Bengaluru City,High Grounds Traffic PS,1.04432e+16,2022,1,1,Road Accidents,Not Applicable,City/Town,Near office complex,Human Error,No,Damage Only,Not Applicable,Not Applicable,Straight and flat,Others,Bitumen(Tar),Dry,Not Applicable,Clear,PALACE ROAD,NEAR BDA BRIDGE,2 K M,0.0,0.0,0,0,0.0,0.0
Bengaluru City,High Grounds Traffic PS,1.04432e+16,2022,1,2,Road Accidents,Junction,City/Town,Open area,Not Applicable,No,Simple Injury,Vehicle to Vehicle,Signal lights Automatic,Straight and flat,One way,Bitumen(Tar),Dry,Not Applicable,Clear,MILLERS ROAD,NEAR BHASAVESHAR JUNCTION,1KM,0.0,0.0,0,0,0.0,0.0
Bengaluru City,High Grounds Traffic PS,1.04432e+16,2022,1,2,Road Accidents,Not Applicable,City/Town,Residential area,Not Applicable,Yes,Damage Only,Vehicle to Vehicle,Not at  Junction,Others,Not Applicable,Bitumen(Tar),Dry,No influence on accident,Clear,THE LALITH ASHOK HOTEL,THE LALITH ASOK HOTEL,1 KM,0.0,0.0,0,0,0.0,0.0
Bengaluru City,High Grounds Traffic PS,1.04432e+16,2022,1,2,Road Accidents,Narrow road,City/Town,Near Bus stop,Not Applicable,Yes,Fatal,Vehicle to Vehicle,Not Applicable,Not Applicable,Two way,Bitumen(Tar),Dry,Not Applicable,Clear,M V JAYARAM RAOD,M V JAYARAM ROAD,1.5 KM,0.0,0.0,0,0,0.0,0.0
Bengaluru City,High Grounds Traffic PS,1.04432e+16,2022,1,1,Road Accidents,Narrow road,City/Town,Residential area,Human Error,No,Damage Only,Not Applicable,Controlled,Straight and flat,Residential Street,Bitumen(Tar),Dry,Not Applicable,Clear,R P Road,Near Canar Bank,2KM,0.0,0.0,0,0,0.0,0.0
Bengaluru City,High Grounds Traffic PS,1.04432e+16,2022,1,2,Road Accidents,Junction,City/Town,Near Bus stop,Human Error,No,Simple Injury,Vehicle to Vehicle,Controlled,Curve,Others,Bitumen(Tar),Dry,Not Applicable,Clear,Flatfrom Road,NEAR KFM JUCTION,2 KM,0.0,0.0,0,0,0.0,0.0
Bengaluru City,High Grounds Traffic PS,1.04432e+16,2022,1,1,Road Accidents,Curves,City/Town,Near office complex,Not Applicable,Not Applicable,Damage Only,Not Applicable,Not Applicable,Curve,Two way,Bitumen(Tar),Dry,Not Applicable,Clear,K K RAOD,K K ROAD,0.5 KM,0.0,0.0,0,0,0.0,0.0
Bengaluru City,High Grounds Traffic PS,1.04432e+16,2022,1,2,Road Accidents,Narrow road,City/Town,Open area,Not Applicable,Yes,Simple Injury,Vehicle to Vehicle,Not Applicable,Straight and flat,Two way,Bitumen(Tar),Dry,Not Applicable,Clear,T CHOWDAIAH RAOD,NEAR LEE MERIDIAN HOTEL,1.5,0.0,0.0,0,0,0.0,0.0
Bengaluru City,High Grounds Traffic PS,1.04432e+16,2022,1,2,Not Applicable,Not Applicable,City/Town,Near office complex,Not Applicable,No,Damage Only,Vehicle to Vehicle,Not at  Junction,Not Applicable,Two way,Concrete,Dry,Not Applicable,Clear,SHANGRILA HOTEL BASEMENT PORKING,SHANGRILA HOTEL BASEMENT PORKING,2.0 KM,0.0,0.0,0,0,0.0,0.0
Bengaluru City,High Grounds Traffic PS,1.04432e+16,2022,1,2,Road Accidents,Junction,City/Town,Residential area,Human Error,No,Damage Only,Vehicle to Vehicle,Controlled,Straight and flat,Others,Bitumen(Tar),Dry,Not Applicable,Clear,SHESHADRIPURAM CROSS ROAD,NEAR SHESHADRIPURAM POLICE STATION,1 K M,0.0,0.0,0,0,0.0,0.0
Bengaluru City,High Grounds Traffic PS,1.04432e+16,2022,1,2,Road Accidents,Narrow road,City/Town,Residential area,Not Applicable,No,Not Applicable,Vehicle to Vehicle,Not Applicable,Not Applicable,Others,Bitumen(Tar),Dry,Not Applicable,Clear,R P ROAD,R P ROAD,1 KM,0.0,0.0,0,0,0.0,0.0
Bengaluru City,High Grounds Traffic PS,1.04432e+16,2022,1,2,Road Accidents,Circle,City/Town,Open area,Not Applicable,Not Applicable,Grievous Injury,Vehicle to Vehicle,Signal lights Automatic,Others,Others,Bitumen(Tar),Dry,Not Applicable,Clear,PALACE ROAD AT BASVESHWAR JUNTION,BASAVESHWAR JINTION,500 M,0.0,0.0,0,0,0.0,0.0
Bengaluru City,High Grounds Traffic PS,1.04432e+16,2022,1,2,Road Accidents,Narrow road,City/Town,Open area,Not Applicable,No,Not Applicable,Vehicle to Vehicle,Not at  Junction,Straight and flat,Two way,Bitumen(Tar),Dry,Not Applicable,Clear,PALACR ROAD,CHAKRAVRTI LYT OUT,2 K M,0.0,0.0,0,0,0.0,0.0
Bengaluru City,High Grounds Traffic PS,1.04432e+16,2022,1,1,Road Accidents,Not Applicable,City/Town,Residential area,Human Error,No,Fatal,Hit pedestrian,Controlled,Straight and flat,Others,Bitumen(Tar),Dry,Not Applicable,Clear,SHESHADRIPURAM 1 ST MAIN ROAD,Near Gopalaiah Janaral Store,2 K M,0.0,0.0,0,0,0.0,0.0
Bengaluru City,High Grounds Traffic PS,1.04432e+16,2022,1,2,Road Accidents,Junction,City/Town,Near School or College,Human Error,No,Simple Injury,Vehicle to Vehicle,Controlled,Straight and flat,Others,Bitumen(Tar),Dry,Not Applicable,Clear,BASAVESHWARA JUNCTION,NEAR BASAVESHWAR CIRCLE,1 K M,0.0,0.0,0,0,0.0,0.0
Bengaluru City,High Grounds Traffic PS,1.04432e+16,2022,1,2,Road Accidents,Narrow road,City/Town,Near office complex,Not Applicable,Yes,Damage Only,Vehicle to Vehicle,Not Applicable,Not Applicable,Two way,Bitumen(Tar),Dry,Not Applicable,Clear,RAILWAY PARALLEL RAOD,NEAR UMESH REFRESHMENT HOTEL,1.0 KM,0.0,0.0,0,0,0.0,0.0
Bengaluru City,High Grounds Traffic PS,1.04432e+16,2022,1,2,Road Accidents,Junction,City/Town,Open area,Not Applicable,Yes,Damage Only,Vehicle to Vehicle,Signal lights Automatic,Straight and flat,Two way,Bitumen(Tar),Dry,Not Applicable,Clear,"T CHOUDAIAH ROAD,",NEAR WINDSOR MANNER HOTEL,1.5 KM,0.0,0.0,0,0,0.0,0.0
Bengaluru City,High Grounds Traffic PS,1.04432e+16,2023,1,2,Road Accidents,Curves,City/Town,Near office complex,Human Error,No,Simple Injury,Vehicle to Vehicle,Controlled,Curve,Others,Bitumen(Tar),Dry,Not Applicable,Clear,HARE KRISHNA ROAD,Near Trilite Jun,2 Mi,12.9845,77.6578,0,0,0.0,0.0
Bengaluru City,High Grounds Traffic PS,1.04432e+16,2023,1,2,Road Accidents,Not Applicable,City/Town,Near office complex,Human Error,No,Simple Injury,Vehicle to Vehicle,Controlled,Straight and flat,Others,Bitumen(Tar),Dry,Not Applicable,Clear,Queens Road,Near Bescom Office,3 KM,0.0,0.0,0,0,0.0,0.0
Bengaluru City,High Grounds Traffic PS,1.04432e+16,2023,1,2,Road Accidents,Cross roads,City/Town,Residential area,Human Error,No,Simple Injury,Vehicle to Vehicle,Controlled,Straight and flat,Others,Bitumen(Tar),Dry,Not Applicable,Clear,N S Anyangar Road,Near Sheshadripuram School,1.5km,0.0,0.0,0,0,0.0,0.0
Bengaluru City,High Grounds Traffic PS,1.04432e+16,2023,1,1,Road Accidents,Not Applicable,City/Town,Near office complex,Human Error,No,Simple Injury,Hit pedestrian,Not at  Junction,Straight and flat,Others,Bitumen(Tar),Dry,Not Applicable,Clear,SHESHADRIPURAM 1 ST MAIN ROAD,Near Tempo Stand,2.5 KM,0.0,0.0,0,0,0.0,0.0
Bengaluru City,High Grounds Traffic PS,1.04432e+16,2023,1,2,Road Accidents,Cross roads,City/Town,Residential area,Human Error,No,Simple Injury,Vehicle to Vehicle,Controlled,Straight and flat,Others,Bitumen(Tar),Dry,Not Applicable,Clear,Sheshadripuram Link Road,Near Bus Stop,2KM,0.0,0.0,0,0,0.0,0.0
Bengaluru City,High Grounds Traffic PS,1.04432e+16,2023,1,2,Road Accidents,Junction,City/Town,Open area,Human Error,No,Simple Injury,Vehicle to Vehicle,Controlled,Curve,Others,Bitumen(Tar),Dry,Not Applicable,Clear,Flatfrom Road,NEAR KFM JUCTION,2 K M,0.0,0.0,0,0,0.0,0.0
Bengaluru City,High Grounds Traffic PS,1.04432e+16,2023,1,2,Road Accidents,Not Applicable,City/Town,Near office complex,Human Error,No,Simple Injury,Vehicle to Vehicle,Controlled,Straight and flat,Others,Bitumen(Tar),Dry,Not Applicable,Clear,CUNNINGHAM ROAD,Near Just Dial Office,2.5 KM,0.0,0.0,0,0,0.0,0.0
Bengaluru City,High Grounds Traffic PS,1.04432e+16,2023,1,2,Road Accidents,Not Applicable,City/Town,Near Bus stop,Human Error,No,Damage Only,Vehicle to Vehicle,Not at  Junction,Straight and flat,Others,Bitumen(Tar),Dry,Not Applicable,Clear,KUMAR KRUPA ROAD,Near Richie Rich,1,0.0,0.0,0,0,0.0,0.0
Bengaluru City,High Grounds Traffic PS,1.04432e+16,2023,1,1,Road Accidents,Curves,City/Town,Open area,Human Error,No,Simple Injury,Not Applicable,Controlled,Others,Others,Bitumen(Tar),Dry,Not Applicable,Clear,P F ROAD,Near Lakshanpuri Bridge,2.5 KM,0.0,0.0,0,0,0.0,0.0
Bengaluru City,High Grounds Traffic PS,1.04432e+16,2023,1,2,Road Accidents,Cross roads,City/Town,Near office complex,Human Error,No,Damage Only,Vehicle to Vehicle,Controlled,Straight and flat,Others,Bitumen(Tar),Dry,Not Applicable,Clear,HARE KRISHNA ROAD,Near Gururaj Kalyan Mantappa,1km,0.0,0.0,0,0,0.0,0.0
Bengaluru City,High Grounds Traffic PS,1.04432e+16,2023,1,1,Road Accidents,Junction,City/Town,Near office complex,Human Error,Yes,Grievous Injury,Hit pedestrian,Controlled,Straight and flat,Others,Bitumen(Tar),Dry,Not Applicable,Clear,RACE COURSE ROAD,Near Trilight Jun,2 mts,0.0,0.0,0,0,0.0,0.0
Bengaluru City,High Grounds Traffic PS,1.04432e+16,2023,1,3,Road Accidents,Not Applicable,City/Town,Near Hospital,Human Error,No,Simple Injury,Hit pedestrian,Controlled,Straight and flat,Others,Bitumen(Tar),Dry,Not Applicable,Clear,MILLAR ROAD,Near Indira Canteen,3KM,0.0,0.0,0,0,0.0,0.0
Bengaluru City,High Grounds Traffic PS,1.04432e+16,2023,1,1,Road Accidents,Junction,City/Town,At pedestrian Crossing,Human Error,No,Fatal,Hit pedestrian,Controlled,Straight and flat,Others,Bitumen(Tar),Dry,Not Applicable,Clear,Flatfrom Road,NEAR KFM JUCTION,2.5 KM,12.985068,77.572399,0,0,0.0,0.0
Bengaluru City,High Grounds Traffic PS,1.04432e+16,2023,1,2,Road Accidents,Junction,City/Town,In bazaar,Human Error,No,Damage Only,Vehicle to Vehicle,Controlled,Straight and flat,Others,Bitumen(Tar),Dry,Not Applicable,Clear,SAMPIGE ROAD,Near Sampige Theatre,2.5 KM,0.0,0.0,0,0,0.0,0.0
Bengaluru City,High Grounds Traffic PS,1.04432e+16,2023,1,1,Road Accidents,Circle,City/Town,Near Hospital,Human Error,No,Simple Injury,Hit pedestrian,Controlled,Straight and flat,Others,Bitumen(Tar),Dry,Not Applicable,Clear,Near Swastik Jun,Swastik Jun,1.5 KM,0.0,0.0,0,0,0.0,0.0
Bengaluru City,High Grounds Traffic PS,1.04432e+16,2023,1,2,Road Accidents,Not Applicable,City/Town,Open area,Human Error,No,Simple Injury,Vehicle to Vehicle,Controlled,Straight and flat,Others,Bitumen(Tar),Dry,Not Applicable,Clear,Flatfrom Road,Near Shanimahathma Temple,2KM,12.984658,77.571836,0,0,0.0,0.0
Bengaluru City,High Grounds Traffic PS,1.04432e+16,2023,1,2,Road Accidents,Junction,City/Town,Near office complex,Human Error,No,Simple Injury,Vehicle to Vehicle,Controlled,Straight and flat,Others,Bitumen(Tar),Dry,Not Applicable,Clear,S C ROAD,NEAR SHESHADRIPURAM POLICE STATION,1.5,0.0,0.0,0,0,0.0,0.0
Bengaluru City,High Grounds Traffic PS,1.04432e+16,2023,1,2,Road Accidents,Not Applicable,City/Town,Near office complex,Human Error,Yes,Simple Injury,Vehicle to Vehicle,Controlled,Straight and flat,Others,Bitumen(Tar),Dry,Not Applicable,Clear,S C ROAD,Near Railway Under Bridge,2 K M,0.0,0.0,0,0,0.0,0.0
Bengaluru City,High Grounds Traffic PS,1.04432e+16,2023,1,2,Road Accidents,Not Applicable,City/Town,Residential area,Human Error,No,Simple Injury,Vehicle to Vehicle,Controlled,Straight and flat,Others,Bitumen(Tar),Dry,Not Applicable,Clear,RAILWAY PARALAL ROAD,Near TV 5 Office,2 K M,0.0,0.0,0,0,0.0,0.0
Bengaluru City,High Grounds Traffic PS,1.04432e+16,2023,1,2,Road Accidents,Not Applicable,City/Town,Near or inside a village,Human Error,No,Damage Only,Vehicle to Vehicle,Controlled,Straight and flat,Others,Bitumen(Tar),Dry,Not Applicable,Clear,RAILWAY PARALAL ROAD,Near Kumar Park East,1 K M,0.0,0.0,0,0,0.0,0.0
Bengaluru City,High Grounds Traffic PS,1.04432e+16,2023,1,1,Road Accidents,Not Applicable,City/Town,Near School or College,Human Error,No,Simple Injury,Not Applicable,Controlled,Straight and flat,Others,Concrete,Dry,Not Applicable,Clear,SHESHADRIPURAM 1 ST MAIN ROAD,Near Venkateswar Arch,3KM,12.984718,77.582814,0,0,0.0,0.0
Bengaluru City,High Grounds Traffic PS,1.04432e+16,2023,1,2,Road Accidents,Junction,City/Town,Near office complex,Human Error,Yes,Simple Injury,Vehicle to Vehicle,Controlled,Straight and flat,Others,Bitumen(Tar),Dry,Not Applicable,Clear,PLATFORM ROAD,NEAR KFM JUCTION,2KM,12.985073,77.57212,0,0,0.0,0.0
Bengaluru City,High Grounds Traffic PS,1.04432e+16,2023,1,2,Road Accidents,Cross roads,City/Town,Near Bus stop,Human Error,Yes,Simple Injury,Vehicle to Vehicle,Controlled,Straight and flat,Others,Bitumen(Tar),Dry,Not Applicable,Clear,K K ROAD,NEAR GANDHI BHAVAN JUNCTION,1 K M,0.0,0.0,0,0,0.0,0.0
Bengaluru City,High Grounds Traffic PS,1.04432e+16,2023,1,2,Road Accidents,Not Applicable,City/Town,Near a religious place,Human Error,No,Simple Injury,Vehicle to Vehicle,Controlled,Straight and flat,Others,Bitumen(Tar),Dry,Not Applicable,Clear,SHESHADRIPURAM 1 ST MAIN ROAD,Old Venteshwara Temple,2KM,0.0,0.0,0,0,0.0,0.0
Bengaluru City,High Grounds Traffic PS,1.04432e+16,2023,1,1,Road Accidents,Cross roads,City/Town,Near School or College,Human Error,No,Damage Only,Not Applicable,Controlled,Curve,Others,Bitumen(Tar),Dry,Not Applicable,Clear,PALACE ROAD,Near Main palace Gate,3km,12.995534,77.589568,0,0,0.0,0.0
Bengaluru City,High Grounds Traffic PS,1.04432e+16,2023,1,2,Road Accidents,Junction,City/Town,Near Bus stop,Human Error,No,Simple Injury,Vehicle to Vehicle,Controlled,Straight and flat,Others,Bitumen(Tar),Dry,Not Applicable,Clear,Timmaiah Road,Near  Uday TV Jun,3KM,0.0,0.0,0,0,0.0,0.0
Bengaluru City,High Grounds Traffic PS,1.04432e+16,2023,1,2,Road Accidents,Not Applicable,City/Town,Near Hospital,Human Error,Yes,Simple Injury,Vehicle to Vehicle,Controlled,Straight and flat,Others,Bitumen(Tar),Dry,Not Applicable,Clear,Link Road,Near Maruti Narsing Home,2KM,12.992683,77.57431,0,0,0.0,0.0
Bengaluru City,High Grounds Traffic PS,1.04432e+16,2023,1,1,Road Accidents,Curves,City/Town,Open area,Human Error,No,Fatal,Not Applicable,Controlled,Curve,Others,Bitumen(Tar),Dry,Not Applicable,Clear,Sanky Road,NEAR 7 MINISTER QUARTERS,1.5,12.9889,77.58607,0,0,0.0,0.0
Bengaluru City,High Grounds Traffic PS,1.04432e+16,2023,1,1,Road Accidents,Cross roads,City/Town,Near office complex,Human Error,Yes,Grievous Injury,Hit pedestrian,Controlled,Curve,Others,Bitumen(Tar),Dry,Not Applicable,Clear,SHESHADRIPURAM 1 ST MAIN ROAD,Near SBI Bank,2KM,0.0,0.0,0,0,0.0,0.0
Bengaluru City,High Grounds Traffic PS,1.04432e+16,2023,1,1,Road Accidents,Cross roads,City/Town,Near office complex,Human Error,No,Simple Injury,Hit pedestrian,Controlled,Curve,Others,Bitumen(Tar),Dry,Not Applicable,Clear,SHESHADRIPURAM 1 ST MAIN ROAD,Near RMS Jun,2 K M,0.0,0.0,0,0,0.0,0.0
Bengaluru City,High Grounds Traffic PS,1.04432e+16,2023,1,2,Road Accidents,Junction,City/Town,Near office complex,Human Error,No,Damage Only,Vehicle to Vehicle,Controlled,Curve,Others,Bitumen(Tar),Dry,Not Applicable,Clear,PALACE ROAD,NEAR WINDSAR MAONOR JUNCTION,1.5 KM,0.0,0.0,0,0,0.0,0.0
Bengaluru City,High Grounds Traffic PS,1.04432e+16,2023,1,1,Road Accidents,Curves,City/Town,Near Bus stop,Human Error,Yes,Fatal,Hit pedestrian,Controlled,Slight Curve,Others,Bitumen(Tar),Dry,Not Applicable,Clear,Cantonment Road,Near Railway Qutrs,4KM,0.0,0.0,0,0,0.0,0.0
Bengaluru City,High Grounds Traffic PS,1.04432e+16,2023,1,1,Road Accidents,Cross roads,City/Town,Near Petrol Pump,Human Error,Yes,Simple Injury,Hit pedestrian,Controlled,Curve,Others,Concrete,Dry,Not Applicable,Clear,S C Road,Near Sangeeth Bar and Restorent,1.5,0.0,0.0,0,0,0.0,0.0
Bengaluru City,High Grounds Traffic PS,1.04432e+16,2023,1,2,Road Accidents,Not Applicable,City/Town,Near School or College,Human Error,No,Damage Only,Vehicle to Vehicle,Controlled,Straight and flat,Others,Bitumen(Tar),Dry,Not Applicable,Clear,PALACE ROAD,Near Mount Carmel College,2.5 KM,0.0,0.0,0,0,0.0,0.0
Bengaluru City,High Grounds Traffic PS,1.04432e+16,2023,1,2,Road Accidents,Cross roads,City/Town,Near School or College,Human Error,No,Damage Only,Vehicle to Vehicle,Controlled,Curve,Others,Bitumen(Tar),Dry,Not Applicable,Clear,Sheshadripuram Link Road,2KM,2KM,0.0,0.0,0,0,0.0,0.0
Bengaluru City,High Grounds Traffic PS,1.04432e+16,2023,1,2,Road Accidents,Not Applicable,City/Town,Near School or College,Human Error,No,Damage Only,Vehicle to Vehicle,Give way sign,Straight and flat,Others,Bitumen(Tar),Dry,Not Applicable,Clear,KUMAR KRUPA ROAD,NEAR CHITRAKALA PARISHATTU,1KM,12.988749,77.581129,0,0,0.0,0.0
Bengaluru City,High Grounds Traffic PS,1.04432e+16,2023,1,2,Road Accidents,Not Applicable,City/Town,Near Bus stop,Human Error,No,Simple Injury,Vehicle to Vehicle,Controlled,Straight and flat,Others,Bitumen(Tar),Dry,Not Applicable,Clear,Laxmanpuri Bridge,NEAR KFM JUCTION,2 K M,0.0,0.0,0,0,0.0,0.0
Bengaluru City,High Grounds Traffic PS,1.04432e+16,2023,1,1,Road Accidents,Junction,City/Town,Near office complex,Human Error,No,Simple Injury,Vehicle to Vehicle,Controlled,Straight and flat,Others,Bitumen(Tar),Dry,Not Applicable,Clear,S C ROAD,NEAR SHESHADRIPURAM POLICE STATION,1KM,0.0,0.0,0,0,0.0,0.0
Bengaluru City,High Grounds Traffic PS,1.04432e+16,2023,1,1,Road Accidents,Junction,City/Town,Near office complex,Human Error,Yes,Fatal,Hit pedestrian,Controlled,Curve,Others,Bitumen(Tar),Dry,Not Applicable,Clear,PALACE ROAD,NEAR BASAVESHWAR CIRCLE,1.5 KM,12.985023,77.58825,0,0,0.0,0.0
Bengaluru City,High Grounds Traffic PS,1.04432e+16,2023,1,1,Road Accidents,Not Applicable,City/Town,Near Hospital,Human Error,No,Damage Only,Not Applicable,Controlled,Straight and flat,Others,Bitumen(Tar),Dry,Not Applicable,Clear,R P Road,Near Samprati Hospital,2 K M,0.0,0.0,0,0,0.0,0.0
Bengaluru City,High Grounds Traffic PS,1.04432e+16,2023,1,3,Road Accidents,Not Applicable,City/Town,Near School or College,Human Error,No,Simple Injury,Vehicle to Vehicle,Controlled,Straight and flat,Others,Bitumen(Tar),Dry,Not Applicable,Clear,Maharani Cluster College,Near Head Office,1.5 KM,12.978918,77.583324,0,0,0.0,0.0
Bengaluru City,High Grounds Traffic PS,1.04432e+16,2023,1,2,Road Accidents,Junction,City/Town,Residential area,Human Error,No,Simple Injury,Vehicle to Vehicle,Controlled,Straight and flat,Others,Bitumen(Tar),Dry,Not Applicable,Clear,Flatfrom Road,NEAR KFM JUCTION,2.5,12.0,77.0,0,0,0.0,0.0
Bengaluru City,High Grounds Traffic PS,1.04432e+16,2023,1,2,Road Accidents,Junction,City/Town,Near office complex,Human Error,No,Simple Injury,Vehicle to Vehicle,Controlled,Straight and flat,Others,Bitumen(Tar),Dry,Not Applicable,Clear,S C ROAD,NEAR SHESHADRIPURAM POLICE STATION,1KM,0.0,0.0,0,0,0.0,0.0
Bengaluru City,High Grounds Traffic PS,1.04432e+16,2023,1,2,Road Accidents,Junction,City/Town,Near office complex,Human Error,Yes,Simple Injury,Vehicle to Vehicle,Controlled,Straight and flat,Others,Bitumen(Tar),Dry,Not Applicable,Clear,PALACE ROAD AT BASVESHWAR JUNTION,BASAVESHWAR JINTION,1 K M,12.984583,77.588156,0,0,0.0,0.0
Bengaluru City,High Grounds Traffic PS,1.04432e+16,2023,1,2,Road Accidents,Junction,City/Town,Residential area,Human Error,No,Simple Injury,Vehicle to Vehicle,Controlled,Straight and flat,Others,Bitumen(Tar),Dry,Not Applicable,Clear,Link Road,Near Pranava Apts,2KM,12.996683,77.574586,0,0,0.0,0.0
Bengaluru City,High Grounds Traffic PS,1.04432e+16,2023,1,3,Road Accidents,Not Applicable,City/Town,Near office complex,Human Error,Yes,Simple Injury,Vehicle to Vehicle,Controlled,Straight and flat,Others,Bitumen(Tar),Dry,Not Applicable,Clear,K K ROAD,Near Kumar Krupa Ghest House,1km,12.992108,77.58318,0,0,0.0,0.0