DISTRICTNAME,UNITNAME,Crime_No,Year,RI,Noofvehicle_involved,Accident_Classification,Accident_Spot,Accident_Location,Accident_SubLocation,Main_Cause,Hit_Run,Severity,Collision_Type,Junction_Control,Road_Character,Road_Type,Surface_Type,Surface_Condition,Road_Condition,Weather,Accident_Road,Landmark_first,Distance_LandMark_First,Latitude,Longitude,Road_Condition_Score,Surface_Condition_Score,Surface_Type_Score,Road_Risk_Index
Bengaluru City,High Grounds Traffic PS,1.04432e+16,2023,1,1,Road Accidents,Offset,City/Town,At pedestrian Crossing,Human Error,No,Simple Injury,Hit pedestrian,Controlled,Straight and flat,Residential Street,Bitumen(Tar),Dry,Not Applicable,Clear,KUMAR KRUPA ROAD,Near Subramanyaswamy Temple,2KM,0.0,0.0,0,0,0.0,0.0
Bengaluru City,High Grounds Traffic PS,1.04432e+16,2023,1,2,Road Accidents,Not Applicable,City/Town,Near School or College,Human Error,No,Grievous Injury,Vehicle to Vehicle,Controlled,Straight and flat,Others,Bitumen(Tar),Dry,Not Applicable,Clear,PALACE ROAD,Near Highground Jun,1.5,0.0,0.0,0,0,0.0,0.0
Bengaluru City,High Grounds Traffic PS,1.04432e+16,2023,1,1,Road Accidents,Not Applicable,City/Town,Near office complex,Human Error,No,Simple Injury,Not Applicable,Controlled,Straight and flat,Others,Bitumen(Tar),Dry,Construction Work / Material,Clear,RACE COURSE ROAD,Near Bharhiya vidya Bhavan,500 M,0.0,0.0,2,0,0.0,2.0
Bengaluru City,High Grounds Traffic PS,1.04432e+16,2023,1,2,Road Accidents,Not Applicable,City/Town,Near or inside a village,Human Error,No,Damage Only,Vehicle to Vehicle,Controlled,Straight and flat,Others,Bitumen(Tar),Dry,Not Applicable,Clear,Anand Rao Police Quters,Near Black No 13,2km,0.0,0.0,0,0,0.0,0.0
Bengaluru City,High Grounds Traffic PS,1.04432e+16,2023,1,2,Road Accidents,Not Applicable,City/Town,Near Hospital,Human Error,No,Simple Injury,Vehicle to Vehicle,Controlled,Straight and flat,Others,Bitumen(Tar),Dry,Not Applicable,Clear,MILLAR ROAD,NEAR AYYAPPA TEMPLE,3KM,0.0,0.0,0,0,0.0,0.0
Bengaluru City,High Grounds Traffic PS,1.04432e+16,2023,1,2,Road Accidents,Junction,City/Town,Near office complex,Human Error,No,Grievous Injury,Vehicle to Vehicle,Controlled,Straight and flat,Others,Bitumen(Tar),Dry,Not Applicable,Clear,PALACE ROAD,NEAR WINDSAR MAONOR JUNCTION,2 Km,12.99383,77.585,0,0,0.0,0.0
Bengaluru City,High Grounds Traffic PS,1.04432e+16,2023,1,2,Road Accidents,Junction,City/Town,Near office complex,Human Error,No,Simple Injury,Vehicle to Vehicle,Controlled,Straight and flat,Others,Bitumen(Tar),Dry,Not Applicable,Clear,Chowdayya Road,NEAR LRDE JUNCTION,1.5,12.9815403,77.3522,0,0,0.0,0.0
Bengaluru City,High Grounds Traffic PS,1.04432e+16,2023,1,2,Road Accidents,Cross roads,City/Town,Near office complex,Human Error,No,Damage Only,Vehicle to Vehicle,Controlled,Straight and flat,Others,Bitumen(Tar),Dry,Not Applicable,Clear,Yadava College Road,Near KPTCL Building,1.5,0.0,0.0,0,0,0.0,0.0
Bengaluru City,High Grounds Traffic PS,1.04432e+16,2023,1,2,Road Accidents,Cross roads,City/Town,Near or inside a village,Human Error,No,Fatal,Vehicle to Vehicle,Controlled,Not Applicable,Others,Bitumen(Tar),Dry,Not Applicable,Clear,Sirur Park Road,Near Sagar Hotel,2KM,0.0,0.0,0,0,0.0,0.0
Bengaluru City,HSR Lay Out Traffic PS,1.04432e+16,2016,1,2,Road Accidents,Other,City/Town,Residential area,Vehicle Defect,Yes,Grievous Injury,Others,Not at  Junction,Straight and flat,City or Town Road,Bitumen(Tar),Dry,Not Applicable,Fine,VARTHUR ROAD,VIJAYA BANK,25F,0.0,0.0,0,0,0.0,0.0
Bengaluru City,HSR Lay Out Traffic PS,1.04432e+16,2016,1,2,Road Accidents,Other,City/Town,Residential area,Vehicle Defect,No,Damage Only,Not Applicable,Not at  Junction,Not Applicable,City or Town Road,Bitumen(Tar),Dry,Not Applicable,Others,MARATHALLI ROAD,IBLUR SIGNAL,10FT,0.0,0.0,0,0,0.0,0.0
Bengaluru City,HSR Lay Out Traffic PS,1.04432e+16,2016,1,2,Road Accidents,Culvert,City/Town,Residential area,Vehicle Defect,Yes,Damage Only,Hit and Run,No signal lights,Curve,City or Town Road,Bitumen(Tar),Dry,Not Applicable,Fine,VIBGYA TEMPLE,NEAR SAMITA APTS,9KM,0.0,0.0,0,0,0.0,0.0
Bengaluru City,HSR Lay Out Traffic PS,1.04432e+16,2016,1,1,Road Accidents,Narrow road,City/Town,Residential area,Vehicle Defect,No,Simple Injury,Others,Not at  Junction,Others,City or Town Road,Bitumen(Tar),Dry,Not Applicable,Fine,BELANDUR SERVICE ROAD,PETROL BUNK,25F,0.0,0.0,0,0,0.0,0.0
Bengaluru City,HSR Lay Out Traffic PS,1.04432e+16,2016,1,2,Road Accidents,Other,City/Town,Residential area,Vehicle Defect,No,Grievous Injury,Others,Not at  Junction,Straight and flat,City or Town Road,Bitumen(Tar),Dry,Not Applicable,Fine,AGARA ROAD,FURNITURE SHOW ROOM,50F,0.0,0.0,0,0,0.0,0.0
Bengaluru City,HSR Lay Out Traffic PS,1.04432e+16,2016,1,2,Road Accidents,Other,City/Town,Residential area,Human Error,Yes,Fatal,Hit and Run,No signal lights,Others,City or Town Road,Bitumen(Tar),Dry,Not Applicable,Fine,19TH MAIN NANDINI COOL JACTION,NANDINI COOL JOINT,2KM,0.0,0.0,0,0,0.0,0.0
Bengaluru City,HSR Lay Out Traffic PS,1.04432e+16,2016,1,2,Road Accidents,Narrow road,City/Town,Residential area,Human Error,Yes,Fatal,Hit and Run,No signal lights,Not Applicable,City or Town Road,Bitumen(Tar),Dry,Not Applicable,Fine,DOMMASANDRA GUNJUR MAIN ROAD,NEAR MADIN NARSARI,10 KM,0.0,0.0,0,0,0.0,0.0
Bengaluru City,HSR Lay Out Traffic PS,1.04432e+16,2016,1,2,Not Applicable,Narrow road,City/Town,Residential area,Vehicle Defect,Yes,Grievous Injury,Others,Not at  Junction,Straight and flat,City or Town Road,Bitumen(Tar),Dry,Not Applicable,Fine,DOMMASANDRA GUNJUR MAIN ROAD,BLANK PLACE,25F,0.0,0.0,0,0,0.0,0.0
Bengaluru City,HSR Lay Out Traffic PS,1.04432e+16,2016,1,2,Road Accidents,Other,City/Town,Near a recreation place/cinema,Human Error,Yes,Damage Only,Others,Police / Manual,Others,Others,Bitumen(Tar),Dry,Not Applicable,Fine,VINAYAKA CHITRA MANDIRA GUNJURU ROAD,VINAYAKA TALKIES,14,0.0,0.0,0,0,0.0,0.0
Bengaluru City,HSR Lay Out Traffic PS,1.04432e+16,2016,1,2,Road Accidents,Other,City/Town,Residential area,Vehicle Defect,No,Grievous Injury,Others,Controlled,Others,City or Town Road,Bitumen(Tar),Dry,Not Applicable,Fine,TOTAL MAL,POORVANKURA APARTMENT,50 F,0.0,0.0,0,0,0.0,0.0
Bengaluru City,HSR Lay Out Traffic PS,1.04432e+16,2016,1,2,Road Accidents,Narrow road,City/Town,Residential area,Human Error,Yes,Fatal,Hit and Run,Not at  Junction,Others,City or Town Road,Bitumen(Tar),Dry,Not Applicable,Fine,HARALURU ROAD,HARALURU ROAD BASKET BALL GROUND OPP,2 K M,0.0,0.0,0,0,0.0,0.0
Bengaluru City,HSR Lay Out Traffic PS,1.04432e+16,2016,1,2,Road Accidents,Other,City/Town,Near School or College,Not Applicable,Yes,Fatal,Hit and Run,No signal lights,Straight and flat,State Highway,Not Applicable,Dry,Not Applicable,Fine,VARTHURU MAIN ROAD,VARTURU COLLAGE,16,0.0,0.0,0,0,0.0,0.0
Bengaluru City,HSR Lay Out Traffic PS,1.04432e+16,2016,1,2,Road Accidents,Other,City/Town,Residential area,Vehicle Defect,No,Damage Only,Others,Not at  Junction,Straight and flat,City or Town Road,Bitumen(Tar),Dry,Not Applicable,Fine,AGARA ROAD,PRATHAM MOTARS,20F,0.0,0.0,0,0,0.0,0.0
Bengaluru City,HSR Lay Out Traffic PS,1.04432e+16,2016,1,1,Road Accidents,Narrow road,City/Town,Near office complex,Human Error,No,Grievous Injury,Hit animal,No signal lights,Not Applicable,City or Town Road,Bitumen(Tar),Dry,Not Applicable,Fine,MARATHALLI TO SILK BOAR,ECOSPEACE,2KM,0.0,0.0,0,0,0.0,0.0
Bengaluru City,HSR Lay Out Traffic PS,1.04432e+16,2016,1,2,Road Accidents,Other,City/Town,Residential area,Vehicle Defect,Yes,Damage Only,Hit fixed object,No signal lights,Others,Expressway,Bitumen(Tar),Dry,Not Applicable,Fine,AGARA ROAD,UBAR OFFICE,2KM,0.0,0.0,0,0,0.0,0.0
Bengaluru City,HSR Lay Out Traffic PS,1.04432e+16,2016,1,1,Road Accidents,Narrow road,City/Town,Residential area,Human Error,Not Applicable,Damage Only,Others,Not at  Junction,Straight and flat,City or Town Road,Bitumen(Tar),Others,Not Applicable,Fine,IBLURU,OPP HSR TRPS,35F,0.0,0.0,0,1,0.0,1.0
Bengaluru City,HSR Lay Out Traffic PS,1.04432e+16,2016,1,1,Not Applicable,Circle,City/Town,Residential area,Vehicle Defect,Yes,Simple Injury,Others,Not at  Junction,Others,City or Town Road,Bitumen(Tar),Dry,Not Applicable,Fine,BEETWIN 27TH AND 19TH MAIN,OBOST KIDS CLOTH SHOP,25F,0.0,0.0,0,0,0.0,0.0
Bengaluru City,HSR Lay Out Traffic PS,1.04432e+16,2016,1,2,Road Accidents,Other,City/Town,Residential area,Not Applicable,No,Grievous Injury,Others,Not at  Junction,Straight and flat,City or Town Road,Bitumen(Tar),Dry,Not Applicable,Fine,11TH MAIN ROAD HSR LAYOUT,NANDINI COOL JAYINT,60F,0.0,0.0,0,0,0.0,0.0
Bengaluru City,HSR Lay Out Traffic PS,1.04432e+16,2016,1,2,Road Accidents,Cross roads,City/Town,Residential area,Human Error,No,Grievous Injury,Not Applicable,No signal lights,Curve,City or Town Road,Bitumen(Tar),Dry,Not Applicable,Fine,24TH MAIN ROAD,OPP TO APPOIPARMASY,2KM,0.0,0.0,0,0,0.0,0.0
Bengaluru City,HSR Lay Out Traffic PS,1.04432e+16,2016,1,2,Road Accidents,Other,City/Town,Residential area,Vehicle Defect,No,Simple Injury,Others,Not at  Junction,Others,City or Town Road,Bitumen(Tar),Dry,Not Applicable,Fine,BELANDUR FLYOVER,FLYOVER,60F,0.0,0.0,0,0,0.0,0.0
Bengaluru City,HSR Lay Out Traffic PS,1.04432e+16,2016,1,1,Road Accidents,Narrow road,City/Town,Residential area,Human Error,Yes,Fatal,Hit and Run,No signal lights,Not Applicable,City or Town Road,Bitumen(Tar),Dry,Not Applicable,Fine,SARJAPUR MAIN ROAD,INFORNT OF DIVYAELLAN APPRTMENT,02KM,0.0,0.0,0,0,0.0,0.0
Bengaluru City,HSR Lay Out Traffic PS,1.04432e+16,2016,1,2,Road Accidents,Other,City/Town,Residential area,Vehicle Defect,Yes,Grievous Injury,Hit and Run,Not at  Junction,Others,City or Town Road,Bitumen(Tar),Dry,Not Applicable,Fine,HARALURU TO CHOODASANDRAROAD,UFL FOOD FACTORY,35F,0.0,0.0,0,0,0.0,0.0
Bengaluru City,HSR Lay Out Traffic PS,1.04432e+16,2016,1,2,Road Accidents,Other,City/Town,Residential area,Vehicle Defect,No,Grievous Injury,Others,Controlled,Straight and flat,Others,Bitumen(Tar),Dry,Not Applicable,Fine,27 MAIN ROAD. SOMASUNDARAPALYA,HSR L O POLICE STATION,15F,0.0,0.0,0,0,0.0,0.0
Bengaluru City,HSR Lay Out Traffic PS,1.04432e+16,2016,1,1,Road Accidents,Narrow road,City/Town,Near School or College,Human Error,Yes,Grievous Injury,Hit pedestrian,No signal lights,Curve,City or Town Road,Bitumen(Tar),Dry,Not Applicable,Fine,BOGANAHALLI ROAD,NEWHARIJN SCHOOL,6KM,0.0,0.0,0,0,0.0,0.0
Bengaluru City,HSR Lay Out Traffic PS,1.04432e+16,2016,1,2,Rail Road Accidents,Other,City/Town,Residential area,Human Error,No,Fatal,Others,Police / Manual,Others,City or Town Road,Bitumen(Tar),Dry,Not Applicable,Fine,VARTHURU MAIN ROAD,MUNESWARA TEMPEL,16,0.0,0.0,0,0,0.0,0.0
Bengaluru City,HSR Lay Out Traffic PS,1.04432e+16,2016,1,2,Road Accidents,Narrow road,City/Town,Residential area,Human Error,Not Applicable,Grievous Injury,Others,Not Applicable,Others,City or Town Road,Bitumen(Tar),Dry,Not Applicable,Fine,AGARA TO SILK BOARD,MANTHRI SAROVAR APARTMENT,50 F,0.0,0.0,0,0,0.0,0.0
Bengaluru City,HSR Lay Out Traffic PS,1.04432e+16,2016,1,1,Road Accidents,Narrow road,City/Town,Residential area,Human Error,No,Grievous Injury,Hit pedestrian,No signal lights,Others,City or Town Road,Bitumen(Tar),Dry,Not Applicable,Fine,IBLUR ROAD,IBLUR BUS STOP,01 KM,0.0,0.0,0,0,0.0,0.0
Bengaluru City,HSR Lay Out Traffic PS,1.04432e+16,2016,1,2,Road Accidents,Narrow road,City/Town,Open area,Human Error,No,Damage Only,Others,No signal lights,Others,One way,Concrete,Dry,Not Applicable,Fine,OUTER RING ROAD,OUTER RING ROAD AGARA,18F,0.0,0.0,0,0,0.0,0.0
Bengaluru City,HSR Lay Out Traffic PS,1.04432e+16,2016,1,2,Road Accidents,Other,City/Town,Residential area,Vehicle Defect,No,Grievous Injury,Others,Controlled,Straight and flat,City or Town Road,Bitumen(Tar),Dry,Not Applicable,Fine,25F,LIVING HOUSES,10F,0.0,0.0,0,0,0.0,0.0
Bengaluru City,HSR Lay Out Traffic PS,1.04432e+16,2016,1,2,Road Accidents,Narrow road,City/Town,Near School or College,Human Error,No,Grievous Injury,Others,No signal lights,Others,City or Town Road,Bitumen(Tar),Dry,Not Applicable,Fine,OPP MM AGRO PRODUCT,VARTUR ROAD,8 KM,0.0,0.0,0,0,0.0,0.0
Bengaluru City,HSR Lay Out Traffic PS,1.04432e+16,2016,1,2,Road Accidents,Junction,City/Town,Residential area,Vehicle Defect,No,Grievous Injury,Head on,Controlled,Straight and flat,City or Town Road,Bitumen(Tar),Dry,Not Applicable,Fine,SARJAPUR ROAD,AGARA LAKE,10FT,0.0,0.0,0,0,0.0,0.0
Bengaluru City,HSR Lay Out Traffic PS,1.04432e+16,2016,1,2,Road Accidents,Other,City/Town,Residential area,Vehicle Defect,Yes,Simple Injury,Others,Not Applicable,Others,City or Town Road,Bitumen(Tar),Dry,Not Applicable,Fine,VARTHUR ROAD,VINAYAKA TAKIES,20F,0.0,0.0,0,0,0.0,0.0
Bengaluru City,HSR Lay Out Traffic PS,1.04432e+16,2016,1,2,Road Accidents,Other,City/Town,Near or inside a village,Human Error,Yes,Grievous Injury,Others,Not at  Junction,Others,Others,Bitumen(Tar),Dry,Not Applicable,Fine,GUNJURU MAIN ROAD NEAR GUNJURU CLUB,GUNJURU CLUB,12,0.0,0.0,0,0,0.0,0.0
Bengaluru City,HSR Lay Out Traffic PS,1.04432e+16,2016,1,2,Road Accidents,Other,City/Town,Residential area,Vehicle Defect,No,Grievous Injury,Others,Not at  Junction,Straight and flat,City or Town Road,Bitumen(Tar),Dry,Not Applicable,Fine,HARALURU TO CHOODASANDRAROAD,APARTMENT,25F,0.0,0.0,0,0,0.0,0.0
Bengaluru City,HSR Lay Out Traffic PS,1.04432e+16,2016,1,1,Road Accidents,Narrow road,City/Town,Residential area,Vehicle Defect,Yes,Simple Injury,Others,Not at  Junction,Others,City or Town Road,Bitumen(Tar),Dry,Not Applicable,Fine,SARJAPUR MAIN ROAD,LIBRARY,50F,0.0,0.0,0,0,0.0,0.0
Bengaluru City,HSR Lay Out Traffic PS,1.04432e+16,2016,1,1,Road Accidents,Narrow road,City/Town,Open area,Human Error,No,Grievous Injury,Hit pedestrian,No signal lights,Curve,City or Town Road,Bitumen(Tar),Dry,Not Applicable,Fine,SILKBOARD MAIN ROAD,ORR ROAD HSRPLAYOUR,2,0.0,0.0,0,0,0.0,0.0
Bengaluru City,HSR Lay Out Traffic PS,1.04432e+16,2016,1,1,Road Accidents,Other,City/Town,At pedestrian Crossing,Human Error,No,Grievous Injury,Others,Not at  Junction,Others,City or Town Road,Bitumen(Tar),Dry,Not Applicable,Fine,PRATAMA MOTARS BELANDURU JUNCTION,PRATAMA MOTARS,2 K M,0.0,0.0,0,0,0.0,0.0
Bengaluru City,HSR Lay Out Traffic PS,1.04432e+16,2016,1,2,Road Accidents,Narrow road,City/Town,Residential area,Vehicle Defect,Not Applicable,Grievous Injury,Others,Not at  Junction,Straight and flat,Others,Bitumen(Tar),Dry,Not Applicable,Fine,VARTHUR ROAD,SAIAPARTMENT,18F,0.0,0.0,0,0,0.0,0.0
Bengaluru City,HSR Lay Out Traffic PS,1.04432e+16,2016,1,1,Road Accidents,Narrow road,City/Town,Residential area,Human Error,Yes,Grievous Injury,Hit pedestrian,No signal lights,Others,City or Town Road,Bitumen(Tar),Dry,Not Applicable,Fine,SILK BORD ROAD,OPP MANTRI SAROVAR APPARTMENT,2,0.0,0.0,0,0,0.0,0.0
Bengaluru City,HSR Lay Out Traffic PS,1.04432e+16,2016,1,2,Road Accidents,Cross roads,City/Town,Residential area,Vehicle Defect,Not Applicable,Grievous Injury,Others,Not at  Junction,Straight and flat,City or Town Road,Bitumen(Tar),Dry,Not Applicable,Fine,KODATHI GATE,JHONSON TILES HOUSE,30F,0.0,0.0,0,0,0.0,0.0
Bengaluru City,HSR Lay Out Traffic PS,1.04432e+16,2016,1,1,Road Accidents,Other,City/Town,Residential area,Vehicle Defect,No,Fatal,Others,Not at  Junction,Others,City or Town Road,Bitumen(Tar),Dry,Not Applicable,Fine,GUNJUR TO VARTHUR ROAD,VINAYAKA CHITHRA MANDIRA,55F,0.0,0.0,0,0,0.0,0.0
Bengaluru City,HSR Lay Out Traffic PS,1.04432e+16,2016,1,2,Road Accidents,Curves,City/Town,Residential area,Human Error,Yes,Grievous Injury,Hit and Run,Not at  Junction,Curve,City or Town Road,Bitumen(Tar),Dry,Not Applicable,Fine,SARJAPURA ROAD,OZONE APARTMENT,40F,0.0,0.0,0,0,0.0,0.0
Bengaluru City,HSR Lay Out Traffic PS,1.04432e+16,2016,1,2,Road Accidents,Narrow road,City/Town,Residential area,Human Error,Not Applicable,Damage Only,Others,Not Applicable,Others,City or Town Road,Bitumen(Tar),Dry,Not Applicable,Fine,AGARA ROAD,GREENS DABA,30F,0.0,0.0,0,0,0.0,0.0
Bengaluru City,HSR Lay Out Traffic PS,1.04432e+16,2016,1,2,Road Accidents,Other,City/Town,Open area,Human Error,Yes,Grievous Injury,Hit and Run,Not at  Junction,Others,City or Town Road,Bitumen(Tar),Dry,Not Applicable,Fine,GUNJURU ROAD TO VARTOR,BLANK PLACE,30F,0.0,0.0,0,0,0.0,0.0
Bengaluru City,HSR Lay Out Traffic PS,1.04432e+16,2016,1,2,Road Accidents,Other,City/Town,Residential area,Vehicle Defect,No,Grievous Injury,Others,Not at  Junction,Not Applicable,City or Town Road,Bitumen(Tar),Dry,Not Applicable,Fine,AGARATO MARATAHALLI ROAD,AGARA ANJENEYA TEMPLE,40F,0.0,0.0,0,0,0.0,0.0
Bengaluru City,HSR Lay Out Traffic PS,1.04432e+16,2016,1,1,Road Accidents,Narrow road,City/Town,Residential area,Human Error,No,Fatal,Hit pedestrian,No signal lights,Others,City or Town Road,Bitumen(Tar),Dry,Not Applicable,Fine,27TH MAIN ROAD,OPP MENAKSHI APPORTMENT,2 KM,0.0,0.0,0,0,0.0,0.0
Bengaluru City,HSR Lay Out Traffic PS,1.04432e+16,2016,1,2,Road Accidents,Other,City/Town,Residential area,Human Error,Not Applicable,Grievous Injury,Others,Not at  Junction,Others,City or Town Road,Bitumen(Tar),Dry,Not Applicable,Fine,AGARA ROAD,PRATHAM MOTARS,50F,0.0,0.0,0,0,0.0,0.0
Bengaluru City,HSR Lay Out Traffic PS,1.04432e+16,2016,1,2,Road Accidents,Other,City/Town,Residential area,Human Error,Yes,Grievous Injury,Others,No signal lights,Others,City or Town Road,Bitumen(Tar),Dry,Not Applicable,Fine,DODDAKANNAHALI MAIN ROAD SARJAPURA MAIN ROAD,DODDAKANNAHALI,6 K M,0.0,0.0,0,0,0.0,0.0
Bengaluru City,HSR Lay Out Traffic PS,1.04432e+16,2016,1,2,Road Accidents,Circle,City/Town,Open area,Human Error,Yes,Grievous Injury,Hit and Run,No signal lights,Not Applicable,Mixed,Bitumen(Tar),Dry,Not Applicable,Fine,VARTUR MAIN ROAD,GOKULSTREET LAIBRARI,20F,0.0,0.0,0,0,0.0,0.0
Bengaluru City,HSR Lay Out Traffic PS,1.04432e+16,2016,1,2,Road Accidents,Round about or Circle,City/Town,Near School or College,Human Error,Yes,Grievous Injury,Hit and Run,No signal lights,Others,City or Town Road,Bitumen(Tar),Dry,Not Applicable,Fine,CHIKKANAYAKANAHALLI MAIN ROAD,NEAR PRIMES SCHOOL,40F,0.0,0.0,0,0,0.0,0.0
Bengaluru City,HSR Lay Out Traffic PS,1.04432e+16,2016,1,1,Road Accidents,Other,City/Town,Residential area,Vehicle Defect,No,Simple Injury,Others,Not at  Junction,Straight and flat,Others,Bitumen(Tar),Dry,Not Applicable,Fine,SARJAPUR MAIN ROAD,SOLLAPURIYA APARTMENT,25F,0.0,0.0,0,0,0.0,0.0
Bengaluru City,HSR Lay Out Traffic PS,1.04432e+16,2016,1,2,Road Accidents,Other,City/Town,Residential area,Vehicle Defect,No,Simple Injury,Others,Not at  Junction,Straight and flat,City or Town Road,Bitumen(Tar),Dry,Not Applicable,Fine,GUNKURU ROAD,KRUPANIDI COLLEGE,45F,0.0,0.0,0,0,0.0,0.0
Bengaluru City,HSR Lay Out Traffic PS,1.04432e+16,2016,1,2,Road Accidents,Narrow road,City/Town,Open area,Human Error,Yes,Grievous Injury,Hit and Run,No signal lights,Not Applicable,Two way,Bitumen(Tar),Dry,Not Applicable,Fine,SARJAPUR MAIN ROAD,NEAR JGNANABHIKA SCHOOL,20FT,0.0,0.0,0,0,0.0,0.0
Bengaluru City,HSR Lay Out Traffic PS,1.04432e+16,2016,1,1,Road Accidents,Other,City/Town,Residential area,Vehicle Defect,No,Simple Injury,Others,Not at  Junction,Straight and flat,Others,Bitumen(Tar),Dry,Not Applicable,Fine,VARTHUR ROAD,MOOTHUT FINANCE,30F,0.0,0.0,0,0,0.0,0.0
Bengaluru City,HSR Lay Out Traffic PS,1.04432e+16,2016,1,2,Road Accidents,Other,City/Town,Residential area,Vehicle Defect,No,Grievous Injury,Others,Not at  Junction,Straight and flat,City or Town Road,Bitumen(Tar),Dry,Not Applicable,Fine,HARALURU CROSS CIRCLE,SHOBHA APARTMENT,35F,0.0,0.0,0,0,0.0,0.0
Bengaluru City,HSR Lay Out Traffic PS,1.04432e+16,2016,1,2,Road Accidents,Narrow road,City/Town,Residential area,Human Error,Yes,Fatal,Hit and Run,No signal lights,Others,City or Town Road,Bitumen(Tar),Dry,Not Applicable,Fine,SARJAPUR MAIN ROAD,NEAR IDEA SHOWROOM IBBLUR,1KM,0.0,0.0,0,0,0.0,0.0
Bengaluru City,HSR Lay Out Traffic PS,1.04432e+16,2016,1,1,Road Accidents,Other,City/Town,Near office complex,Human Error,Yes,Grievous Injury,Others,No signal lights,Others,City or Town Road,Bitumen(Tar),Dry,Not Applicable,Fine,VARTHURU MAINROAD NEAR VIJAYA BANK,VIJAYA BANK,14,0.0,0.0,0,0,0.0,0.0
Bengaluru City,HSR Lay Out Traffic PS,1.04432e+16,2016,1,1,Road Accidents,Other,City/Town,Open area,Not Applicable,No,Not Applicable,Others,Not at  Junction,Straight and flat,City or Town Road,Bitumen(Tar),Dry,Not Applicable,Fine,AGARATO MARATAHALLI ROAD,EKOSPES,20F,0.0,0.0,0,0,0.0,0.0
Bengaluru City,HSR Lay Out Traffic PS,1.04432e+16,2016,1,1,Road Accidents,Other,City/Town,Residential area,Vehicle Defect,Not Applicable,Grievous Injury,Others,Not at  Junction,Not Applicable,City or Town Road,Bitumen(Tar),Dry,Not Applicable,Fine,27TH MAIN ROAD,ICICI BANK,15F,0.0,0.0,0,0,0.0,0.0
Bengaluru City,HSR Lay Out Traffic PS,1.04432e+16,2016,1,2,Road Accidents,Cross roads,City/Town,Residential area,Human Error,Yes,Grievous Injury,Hit and Run,No signal lights,Curve,City or Town Road,Bitumen(Tar),Dry,Not Applicable,Fine,SARJAPUR MAIN ROAD WIPRO,WIPRO COPORATE OFFICE,3KM,0.0,0.0,0,0,0.0,0.0
Bengaluru City,HSR Lay Out Traffic PS,1.04432e+16,2016,1,1,Road Accidents,Other,City/Town,Near or inside a village,Human Error,Yes,Grievous Injury,Hit and Run,No signal lights,Others,City or Town Road,Bitumen(Tar),Dry,Not Applicable,Fine,GUNJURU VRTHURU MAIN ROAD NEAR VIJAYA BANK,VIJAYA BANK,14 KM,0.0,0.0,0,0,0.0,0.0
Bengaluru City,HSR Lay Out Traffic PS,1.04432e+16,2016,1,2,Road Accidents,Other,City/Town,Open area,Vehicle Defect,No,Grievous Injury,Others,Not at  Junction,Straight and flat,City or Town Road,Bitumen(Tar),Dry,Not Applicable,Fine,GUNJURU ROAD,BLANK PLACE,20F,0.0,0.0,0,0,0.0,0.0
Bengaluru City,HSR Lay Out Traffic PS,1.04432e+16,2016,1,2,Road Accidents,Narrow road,City/Town,Open area,Human Error,Yes,Fatal,Hit and Run,No signal lights,Others,City or Town Road,Bitumen(Tar),Dry,Not Applicable,Fine,SOMASUDARAPALYA ROAD,IN FRONT STAR MOTTON STAR NEAR UJAIA FACTORY,3 KM,0.0,0.0,0,0,0.0,0.0
Bengaluru City,HSR Lay Out Traffic PS,1.04432e+16,2016,1,1,Road Accidents,Narrow road,City/Town,Residential area,Vehicle Defect,Yes,Grievous Injury,Hit and Run,Not at  Junction,Straight and flat,City or Town Road,Bitumen(Tar),Dry,Not Applicable,Fine,VARTHURU ROAD,SBI BANK,15F,0.0,0.0,0,0,0.0,0.0
Bengaluru City,HSR Lay Out Traffic PS,1.04432e+16,2016,1,2,Road Accidents,Other,City/Town,Residential area,Human Error,Yes,Grievous Injury,Others,Not at  Junction,Others,City or Town Road,Bitumen(Tar),Others,Not Applicable,Fine,PANATHUR TO VARTHURB ROAD,ASB ITTIGE FACTORY,30F,0.0,0.0,0,1,0.0,1.0
Bengaluru City,HSR Lay Out Traffic PS,1.04432e+16,2016,1,2,Road Accidents,Narrow road,City/Town,Near office complex,Human Error,Yes,Damage Only,Hit and Run,No signal lights,Not Applicable,City or Town Road,Bitumen(Tar),Dry,Not Applicable,Fine,VARTUR MAIN ROAD,NEAR MANDHARA BEKARI,8 KM,0.0,0.0,0,0,0.0,0.0
Bengaluru City,HSR Lay Out Traffic PS,1.04432e+16,2016,1,2,Road Accidents,Narrow road,City/Town,Near Hospital,Human Error,Yes,Grievous Injury,Hit and Run,No signal lights,Not Applicable,City or Town Road,Bitumen(Tar),Dry,Not Applicable,Fine,HARALURU MAIN ROAD,IN FRONT BANGALURU DENTAL HOSPITAL,3KM,0.0,0.0,0,0,0.0,0.0
Bengaluru City,HSR Lay Out Traffic PS,1.04432e+16,2016,1,2,Road Accidents,Other,City/Town,Near Petrol Pump,Human Error,Yes,Simple Injury,Others,Not at  Junction,Others,Two way,Bitumen(Tar),Dry,Not Applicable,Fine,INDAIN OIL PETROL BANK SARJAPURA MAIN DOIDDAKANNAHALI,INDAIN IOL PETROLBANK,6,0.0,0.0,0,0,0.0,0.0
Bengaluru City,HSR Lay Out Traffic PS,1.04432e+16,2016,1,2,Road Accidents,Narrow road,City/Town,Residential area,Human Error,No,Grievous Injury,Others,Not Applicable,Others,City or Town Road,Bitumen(Tar),Dry,Not Applicable,Fine,SORUHUNUSE VILLAGE ROAD,NEAR KAHNE PATEL HOUSE,9KM,0.0,0.0,0,0,0.0,0.0
Bengaluru City,HSR Lay Out Traffic PS,1.04432e+16,2016,1,1,Road Accidents,Other,City/Town,Open area,Vehicle Defect,No,Grievous Injury,Others,Not at  Junction,Others,City or Town Road,Bitumen(Tar),Dry,Not Applicable,Fine,AGARA ROAD,MILTORY LAND,20F,0.0,0.0,0,0,0.0,0.0
Bengaluru City,HSR Lay Out Traffic PS,1.04432e+16,2016,1,2,Road Accidents,Curves,City/Town,Residential area,Human Error,No,Grievous Injury,Overturning,No signal lights,Sharp Curve,City or Town Road,Bitumen(Tar),Dry,Not Applicable,Fine,SARJAPUR MAIN ROAD,VENKATSREDDY LAYOUT,5KM,0.0,0.0,0,0,0.0,0.0