DISTRICTNAME,UNITNAME,Crime_No,Year,RI,Noofvehicle_involved,Accident_Classification,Accident_Spot,Accident_Location,Accident_SubLocation,Main_Cause,Hit_Run,Severity,Collision_Type,Junction_Control,Road_Character,Road_Type,Surface_Type,Surface_Condition,Road_Condition,Weather,Accident_Road,Landmark_first,Distance_LandMark_First,Latitude,Longitude,Road_Condition_Score,Surface_Condition_Score,Surface_Type_Score,Road_Risk_Index
Bengaluru City,HSR Lay Out Traffic PS,1.04432e+16,2016,1,1,Road Accidents,Other,City/Town,Residential area,Human Error,No,Grievous Injury,Others,No signal lights,Others,Others,Bitumen(Tar),Dry,Not Applicable,Fine,VARTHURU TO GUNJURU MAIN ROAD,VIJAYA BANK,14,0.0,0.0,0,0,0.0,0.0
Bengaluru City,HSR Lay Out Traffic PS,1.04432e+16,2016,1,2,Road Accidents,Other,City/Town,Narrow bridge or culverts,Human Error,Yes,Grievous Injury,Others,Not at  Junction,Others,City or Town Road,Bitumen(Tar),Dry,Not Applicable,Fine,AGARA FLYR DOWN RAMP,AGARA JUNCTION,1 KM,0.0,0.0,0,0,0.0,0.0
Bengaluru City,HSR Lay Out Traffic PS,1.04432e+16,2016,1,2,Road Accidents,Narrow road,City/Town,At pedestrian Crossing,Vehicle Defect,Yes,Damage Only,Hit and Run,No signal lights,Others,Two way,Bitumen(Tar),Dry,Not Applicable,Fine,SARJAPUR MAIN ROAD,HDFC BANK,1KM,0.0,0.0,0,0,0.0,0.0
Bengaluru City,HSR Lay Out Traffic PS,1.04432e+16,2016,1,2,Road Accidents,Curves,City/Town,Residential area,Human Error,No,Grievous Injury,Overturning,No signal lights,Curve,City or Town Road,Bitumen(Tar),Dry,Not Applicable,Very Hot,CHOODASANDRA ROAD,SKYWOOD APARYMENT,4KM,0.0,0.0,0,0,0.0,0.0
Bengaluru City,HSR Lay Out Traffic PS,1.04432e+16,2016,1,1,Road Accidents,Not Applicable,City/Town,Open area,Vehicle Defect,No,Grievous Injury,Others,Not at  Junction,Others,City or Town Road,Bitumen(Tar),Dry,Not Applicable,Fine,VARTHUR ROAD,APARTMENT,25F,0.0,0.0,0,0,0.0,0.0
Bengaluru City,HSR Lay Out Traffic PS,1.04432e+16,2016,1,1,Road Accidents,Other,City/Town,Residential area,Vehicle Defect,Yes,Grievous Injury,Others,Not at  Junction,Straight and flat,City or Town Road,Bitumen(Tar),Dry,Not Applicable,Fine,VARTHURU ROAD,SBI CUSTOMER SERVICE POINT,25F,0.0,0.0,0,0,0.0,0.0
Bengaluru City,HSR Lay Out Traffic PS,1.04432e+16,2016,1,2,Road Accidents,Junction,City/Town,Near a factory industrial area,Human Error,Yes,Fatal,Hit and Run,Signal lights Automatic,Others,City or Town Road,Bitumen(Tar),Dry,Not Applicable,Fine,IBBLURU JUNCTION NEAR,IBBLURU JUNCTION,1/2K M,0.0,0.0,0,0,0.0,0.0
Bengaluru City,HSR Lay Out Traffic PS,1.04432e+16,2016,1,2,Road Accidents,Cross roads,City/Town,Narrow bridge or culverts,Vehicle Defect,Yes,Damage Only,Hit and Run,No signal lights,Curve,City or Town Road,Bitumen(Tar),Dry,Not Applicable,Fine,IBLUR TO AGARA ( ORR),IN FRONT OF HONDA SHOWROOM,1KM,0.0,0.0,0,0,0.0,0.0
Bengaluru City,HSR Lay Out Traffic PS,1.04432e+16,2016,1,2,Road Accidents,Other,City/Town,Open area,Vehicle Defect,No,Grievous Injury,Others,Not at  Junction,Not Applicable,City or Town Road,Bitumen(Tar),Dry,Not Applicable,Fine,VARTHURU ROAD,NEW BUILDING,30F,0.0,0.0,0,0,0.0,0.0
Bengaluru City,HSR Lay Out Traffic PS,1.04432e+16,2016,1,1,Road Accidents,Other,City/Town,Near office complex,Human Error,No,Grievous Injury,Others,No signal lights,Others,One way,Bitumen(Tar),Dry,Not Applicable,Fine,HARALURU ROAD SHUBHAM KLIVE OPP,SHUBHAM KLIVE,2 K M,0.0,0.0,0,0,0.0,0.0
Bengaluru City,HSR Lay Out Traffic PS,1.04432e+16,2016,1,1,Road Accidents,Not Applicable,City/Town,Residential area,Vehicle Defect,No,Fatal,Others,Not at  Junction,Straight and flat,City or Town Road,Bitumen(Tar),Dry,Not Applicable,Fine,AGAR ROAD,SBT BANK,25F,0.0,0.0,0,0,0.0,0.0
Bengaluru City,HSR Lay Out Traffic PS,1.04432e+16,2016,1,1,Road Accidents,Other,City/Town,Residential area,Human Error,No,Grievous Injury,Others,Police / Manual,Others,City or Town Road,Bitumen(Tar),Dry,Not Applicable,Fine,BELANDURU SERVICE ROAD,1,2 K M,0.0,0.0,0,0,0.0,0.0
Bengaluru City,HSR Lay Out Traffic PS,1.04432e+16,2016,1,2,Road Accidents,Cross roads,City/Town,Near School or College,Human Error,Yes,Grievous Injury,Hit and Run,No signal lights,Curve,City or Town Road,Bitumen(Tar),Dry,Not Applicable,Fine,KUDLU ROAD,OPP JEE SCHOOL,4KM,0.0,0.0,0,0,0.0,0.0
Bengaluru City,HSR Lay Out Traffic PS,1.04432e+16,2016,1,1,Road Accidents,Other,City/Town,Near a factory industrial area,Human Error,Yes,Grievous Injury,Others,No signal lights,Others,City or Town Road,Bitumen(Tar),Dry,Not Applicable,Fine,BELANDURU NEAT KRANTHI SWEETS,KANTHI SWEETS,2 K M,0.0,0.0,0,0,0.0,0.0
Bengaluru City,HSR Lay Out Traffic PS,1.04432e+16,2016,1,2,Road Accidents,Narrow road,City/Town,Residential area,Vehicle Defect,No,Simple Injury,Others,Not at  Junction,Others,City or Town Road,Bitumen(Tar),Dry,Not Applicable,Fine,GUNJURU ROAD,DRUVA APARTMENT,20F,0.0,0.0,0,0,0.0,0.0
Bengaluru City,HSR Lay Out Traffic PS,1.04432e+16,2016,1,2,Road Accidents,Culvert,City/Town,Near office complex,Vehicle Defect,No,Damage Only,Overturning,No signal lights,Others,City or Town Road,Bitumen(Tar),Dry,Not Applicable,Fine,ECO WORLR ORR ROAD.,EKOSPES,2KM,0.0,0.0,0,0,0.0,0.0
Bengaluru City,HSR Lay Out Traffic PS,1.04432e+16,2016,1,1,Road Accidents,Narrow road,City/Town,Near a factory industrial area,Human Error,Yes,Fatal,Hit and Run,Not at  Junction,Others,Others,Bitumen(Tar),Dry,Not Applicable,Fine,sarjapura main road,VOOD FORNITURE,2 K M,0.0,0.0,0,0,0.0,0.0
Bengaluru City,HSR Lay Out Traffic PS,1.04432e+16,2016,1,2,Road Accidents,Narrow road,City/Town,Open area,Human Error,No,Grievous Injury,Others,No signal lights,Others,City or Town Road,Bitumen(Tar),Dry,Not Applicable,Fine,BELANDUR ROAD,INFRONT OF IBBLUR MILITARY GATE,1KM,0.0,0.0,0,0,0.0,0.0
Bengaluru City,HSR Lay Out Traffic PS,1.04432e+16,2016,1,1,Road Accidents,Other,City/Town,Residential area,Vehicle Defect,Yes,Grievous Injury,Hit and Run,Not at  Junction,Straight and flat,City or Town Road,Bitumen(Tar),Dry,Not Applicable,Hail or Sleet,CHIKKAKANNALI ROAD,SAINIDHIAPARTMENT,25F,0.0,0.0,0,0,0.0,0.0
Bengaluru City,HSR Lay Out Traffic PS,1.04432e+16,2016,1,1,Road Accidents,Other,City/Town,Residential area,Vehicle Defect,No,Grievous Injury,Others,Not at  Junction,Others,City or Town Road,Bitumen(Tar),Dry,Not Applicable,Fine,19TH MAIN ROAD,AUTOMOBILE,15F,0.0,0.0,0,0,0.0,0.0
Bengaluru City,HSR Lay Out Traffic PS,1.04432e+16,2016,1,1,Road Accidents,Other,City/Town,Residential area,Human Error,No,Fatal,Others,No signal lights,Slight Curve,City or Town Road,Bitumen(Tar),Dry,Not Applicable,Fine,VINAYAKA GOVT SCHOOL GUNJURU DOMMASANDRA ROAD,VINAYAKA GOVT SCHOOL,14,0.0,0.0,0,0,0.0,0.0
Bengaluru City,HSR Lay Out Traffic PS,1.04432e+16,2016,1,1,Road Accidents,Narrow road,City/Town,Open area,Human Error,Not Applicable,Simple Injury,Others,No signal lights,Others,City or Town Road,Bitumen(Tar),Dry,Not Applicable,Fine,IBLUR ROAD,IBLUR MILITRY  CAMP,10M,0.0,0.0,0,0,0.0,0.0
Bengaluru City,HSR Lay Out Traffic PS,1.04432e+16,2016,1,2,Road Accidents,Other,City/Town,Near office complex,Human Error,No,Simple Injury,Others,No signal lights,Others,City or Town Road,Bitumen(Tar),Dry,Not Applicable,Fine,27TH MAIN,1 KM,6KM,0.0,0.0,0,0,0.0,0.0
Bengaluru City,HSR Lay Out Traffic PS,1.04432e+16,2016,1,2,Road Accidents,Narrow road,City/Town,Residential area,Human Error,Yes,Grievous Injury,Right Turn Collision,No signal lights,Curve,City or Town Road,Bitumen(Tar),Dry,Not Applicable,Fine,BELANDUR FLYOVER,UMACHANDRASHAKER HOUS,2 KM,0.0,0.0,0,0,0.0,0.0
Bengaluru City,HSR Lay Out Traffic PS,1.04432e+16,2016,1,2,Road Accidents,Narrow road,City/Town,Open area,Human Error,No,Grievous Injury,Others,Not at  Junction,Not Applicable,Others,Bitumen(Tar),Dry,Not Applicable,Fine,GUNJURU ROAD,BLANK PLACE,50F,0.0,0.0,0,0,0.0,0.0
Bengaluru City,HSR Lay Out Traffic PS,1.04432e+16,2016,1,2,Not Applicable,Other,City/Town,Residential area,Vehicle Defect,No,Not Applicable,Others,Not at  Junction,Straight and flat,City or Town Road,Bitumen(Tar),Dry,Not Applicable,Fine,SILK BOARD ROAD,COFFE DAY,15F,0.0,0.0,0,0,0.0,0.0
Bengaluru City,HSR Lay Out Traffic PS,1.04432e+16,2016,1,2,Road Accidents,Other,City/Town,Near School or College,Not Applicable,Yes,Fatal,Hit and Run,No signal lights,Others,City or Town Road,Bitumen(Tar),Dry,Not Applicable,Very Hot,KARLAMLAM RAILWAY GATE  TO KRUPA NEDHI COLLAGE,6 KM,6KM,0.0,0.0,0,0,0.0,0.0
Bengaluru City,HSR Lay Out Traffic PS,1.04432e+16,2016,1,2,Road Accidents,Narrow road,City/Town,Residential area,Human Error,No,Grievous Injury,Others,Not at  Junction,Straight and flat,City or Town Road,Bitumen(Tar),Dry,Not Applicable,Fine,19TH MAIN ROAD,BMTC VOLVA BUS DEPO,30FT,0.0,0.0,0,0,0.0,0.0
Bengaluru City,HSR Lay Out Traffic PS,1.04432e+16,2016,1,1,Road Accidents,Other,City/Town,Open area,Vehicle Defect,Yes,Grievous Injury,Others,Not at  Junction,Others,City or Town Road,Bitumen(Tar),Dry,Not Applicable,Others,SARJAPUR ROAD,BLANK PLACE,20F,0.0,0.0,0,0,0.0,0.0
Bengaluru City,HSR Lay Out Traffic PS,1.04432e+16,2016,1,2,Road Accidents,Other,City/Town,Residential area,Vehicle Defect,Not Applicable,Fatal,Others,Not at  Junction,Straight and flat,City or Town Road,Bitumen(Tar),Dry,Not Applicable,Fine,19TH MAIN ROAD,NANDINI COOL JOINT,10F,0.0,0.0,0,0,0.0,0.0
Bengaluru City,HSR Lay Out Traffic PS,1.04432e+16,2016,1,1,Road Accidents,Other,City/Town,At pedestrian Crossing,Human Error,No,Grievous Injury,Others,No signal lights,Others,City or Town Road,Bitumen(Tar),Dry,Not Applicable,Fine,PUJA NAVRTNA OPRTMENT SARJAPURA MAIN ROAD,PUJA OPERTMENT,4 K M,0.0,0.0,0,0,0.0,0.0
Bengaluru City,HSR Lay Out Traffic PS,1.04432e+16,2016,1,2,Road Accidents,Other,City/Town,Residential area,Human Error,Not Applicable,Grievous Injury,Others,Not at  Junction,Straight and flat,City or Town Road,Bitumen(Tar),Dry,Not Applicable,Fine,SARJAPUARA ROAD,BUS STOP,55F,0.0,0.0,0,0,0.0,0.0
Bengaluru City,HSR Lay Out Traffic PS,1.04432e+16,2016,1,2,Road Accidents,Other,City/Town,Open area,Vehicle Defect,Yes,Grievous Injury,Others,Not at  Junction,Straight and flat,City or Town Road,Bitumen(Tar),Dry,Not Applicable,Fine,14TH MAIN ROAD HSRLAYOUT,BLANK PLACE,25F,0.0,0.0,0,0,0.0,0.0
Bengaluru City,HSR Lay Out Traffic PS,1.04432e+16,2016,1,1,Road Accidents,Narrow road,City/Town,Open area,Human Error,Yes,Grievous Injury,Hit and Run,No signal lights,Not Applicable,City or Town Road,Bitumen(Tar),Dry,Not Applicable,Fine,17THCROSS 19THMAIN ROAD JUNCTION HSRLAYOUT,NANDINI COOL JAYINT,3KM,0.0,0.0,0,0,0.0,0.0
Bengaluru City,HSR Lay Out Traffic PS,1.04432e+16,2016,1,1,Road Accidents,Other,City/Town,Residential area,Vehicle Defect,Yes,Grievous Injury,Hit and Run,Not at  Junction,Others,City or Town Road,Bitumen(Tar),Dry,Not Applicable,Fine,DODDAKANNALI MAINRD,THE BERIES HOTEL,30FT,0.0,0.0,0,0,0.0,0.0
Bengaluru City,HSR Lay Out Traffic PS,1.04432e+16,2016,1,1,Road Accidents,Other,City/Town,Residential area,Human Error,No,Damage Only,Others,No signal lights,Others,City or Town Road,Bitumen(Tar),Dry,Not Applicable,Fine,HARALURU ROAD NEAR ORAN OPERTMENT,ORAN OPERTMENT,2 K M,0.0,0.0,0,0,0.0,0.0
Bengaluru City,HSR Lay Out Traffic PS,1.04432e+16,2016,1,2,Road Accidents,Junction,City/Town,Residential area,Vehicle Defect,Not Applicable,Simple Injury,Others,Controlled,Others,City or Town Road,Bitumen(Tar),Dry,Not Applicable,Fine,SARJAPUR ROAD,AGARA JUNVTION,15FT,0.0,0.0,0,0,0.0,0.0
Bengaluru City,HSR Lay Out Traffic PS,1.04432e+16,2016,1,1,Road Accidents,Other,City/Town,Near Bus stop,Not Applicable,Yes,Grievous Injury,Hit and Run,Not at  Junction,Not Applicable,City or Town Road,Bitumen(Tar),Dry,Not Applicable,Fine,AGARA ROAD,AGARA DIPO BUSTOP,20F,0.0,0.0,0,0,0.0,0.0
Bengaluru City,HSR Lay Out Traffic PS,1.04432e+16,2016,1,2,Road Accidents,Narrow road,City/Town,Near office complex,Human Error,No,Fatal,Run Off Road,No signal lights,Others,City or Town Road,Bitumen(Tar),Dry,Not Applicable,Fine,SARJAPUR MAIN ROAD,IN FRONT OF TOTALMAL,2KM,0.0,0.0,0,0,0.0,0.0
Bengaluru City,HSR Lay Out Traffic PS,1.04432e+16,2016,1,2,Road Accidents,Other,City/Town,Near a factory industrial area,Human Error,No,Grievous Injury,Others,Signal lights Automatic,Others,City or Town Road,Bitumen(Tar),Dry,Not Applicable,Fine,IBBLURU SIGNAL OUTAR RING ROAD,IBBLURU JUNCTION,1/2 KM,0.0,0.0,0,0,0.0,0.0
Bengaluru City,HSR Lay Out Traffic PS,1.04432e+16,2016,1,2,Road Accidents,Narrow road,City/Town,Open area,Human Error,Yes,Grievous Injury,Hit and Run,No signal lights,Others,City or Town Road,Bitumen(Tar),Dry,Not Applicable,Others,KASAVANHALLI ROAD,NEAR BALAJI HARDWARE,25F,0.0,0.0,0,0,0.0,0.0
Bengaluru City,HSR Lay Out Traffic PS,1.04432e+16,2016,1,1,Road Accidents,Junction,City/Town,Residential area,Vehicle Defect,Yes,Grievous Injury,Hit and Run,Controlled,Straight and flat,City or Town Road,Bitumen(Tar),Dry,Not Applicable,Fine,MARATHAHA;;I ROAD,NEAR KANRHI SWEET,20F,0.0,0.0,0,0,0.0,0.0
Bengaluru City,HSR Lay Out Traffic PS,1.04432e+16,2016,1,2,Road Accidents,Other,City/Town,Residential area,Vehicle Defect,Yes,Fatal,Hit and Run,Not at  Junction,Straight and flat,City or Town Road,Bitumen(Tar),Dry,Not Applicable,Fine,DODDAKANNALI MAINRD,SLV MOTAR RIVAINDING SHOP,25,0.0,0.0,0,0,0.0,0.0
Bengaluru City,HSR Lay Out Traffic PS,1.04432e+16,2016,1,4,Road Accidents,Narrow road,City/Town,Residential area,Human Error,Yes,Damage Only,Hit and Run,Not at  Junction,Others,City or Town Road,Bitumen(Tar),Dry,Not Applicable,Fine,MARATHALLI ROAD,PRATHAM MOTARS,50F,0.0,0.0,0,0,0.0,0.0
Bengaluru City,HSR Lay Out Traffic PS,1.04432e+16,2016,1,2,Road Accidents,Narrow road,City/Town,Open area,Vehicle Defect,No,Damage Only,Others,No signal lights,Not Applicable,City or Town Road,Bitumen(Tar),Dry,Not Applicable,Fine,AGARA TO SILK BOARD,IN FORNT OF MANTHRI SAROVAR APPT,1 KM,0.0,0.0,0,0,0.0,0.0
Bengaluru City,HSR Lay Out Traffic PS,1.04432e+16,2016,1,2,Road Accidents,Narrow road,City/Town,Residential area,Human Error,Yes,Grievous Injury,Hit and Run,Controlled,Others,City or Town Road,Bitumen(Tar),Dry,Not Applicable,Fine,agara towards silkboard,car garrage,50 ft,0.0,0.0,0,0,0.0,0.0
Bengaluru City,HSR Lay Out Traffic PS,1.04432e+16,2016,1,2,Road Accidents,Narrow road,City/Town,Open area,Human Error,Yes,Damage Only,Hit and Run,No signal lights,Others,City or Town Road,Bitumen(Tar),Dry,Not Applicable,Fine,SARJAPUR MAIN ROAD,ANJANEYA TEMPLE,8 KM,0.0,0.0,0,0,0.0,0.0
Bengaluru City,HSR Lay Out Traffic PS,1.04432e+16,2016,1,2,Road Accidents,Other,City/Town,Residential area,Vehicle Defect,No,Grievous Injury,Others,Controlled,Curve,One way,Bitumen(Tar),Dry,Not Applicable,Fine,19TH MAIN NANDINI COOL JACTION,PARK,25F,0.0,0.0,0,0,0.0,0.0
Bengaluru City,HSR Lay Out Traffic PS,1.04432e+16,2016,1,2,Road Accidents,Other,City/Town,Near office complex,Human Error,Yes,Grievous Injury,Others,Not at  Junction,Straight and flat,Service Road,Bitumen(Tar),Dry,Not Applicable,Fine,SOFT ZONE NEAR OUTER RING ROAD,SOFT ZONE,2 K M,0.0,0.0,0,0,0.0,0.0
Bengaluru City,HSR Lay Out Traffic PS,1.04432e+16,2016,1,1,Road Accidents,Bridge,City/Town,Narrow bridge or culverts,Vehicle Defect,Not Applicable,Damage Only,Others,Controlled,Others,City or Town Road,Bitumen(Tar),Dry,Not Applicable,Fine,NEAR SILKBOARD FLYOVER,MILTORY LAND,50F,0.0,0.0,0,0,0.0,0.0
Bengaluru City,HSR Lay Out Traffic PS,1.04432e+16,2016,1,2,Road Accidents,Narrow road,City/Town,Open area,Human Error,Yes,Damage Only,Others,Not at  Junction,Straight and flat,City or Town Road,Bitumen(Tar),Dry,Not Applicable,Fine,SILK BOARD TO BALANDUR ROAD,IBLUR LAKE PARK,50F,0.0,0.0,0,0,0.0,0.0
Bengaluru City,HSR Lay Out Traffic PS,1.04432e+16,2016,1,1,Road Accidents,Other,City/Town,Narrow bridge or culverts,Human Error,No,Grievous Injury,Hit pedestrian,No signal lights,Others,City or Town Road,Bitumen(Tar),Dry,Not Applicable,Fine,AGARA TO SILK BOARD,AGARAPLYOVER UPPER RAMP,1KM,0.0,0.0,0,0,0.0,0.0
Bengaluru City,HSR Lay Out Traffic PS,1.04432e+16,2016,1,2,Road Accidents,Narrow road,City/Town,Open area,Human Error,No,Grievous Injury,Others,Not at  Junction,Straight and flat,City or Town Road,Bitumen(Tar),Dry,Not Applicable,Fine,VARTHUR ROAD,BLANK PLACE,100F,0.0,0.0,0,0,0.0,0.0
Bengaluru City,HSR Lay Out Traffic PS,1.04432e+16,2016,1,2,Road Accidents,Other,City/Town,Residential area,Vehicle Defect,Yes,Grievous Injury,Others,Not at  Junction,Straight and flat,City or Town Road,Bitumen(Tar),Dry,Not Applicable,Fine,AGARA ROAD,GANESH HOTEL,40F,0.0,0.0,0,0,0.0,0.0
Bengaluru City,HSR Lay Out Traffic PS,1.04432e+16,2016,1,3,Road Accidents,Other,City/Town,Residential area,Human Error,No,Grievous Injury,Others,Not at  Junction,Straight and flat,City or Town Road,Bitumen(Tar),Dry,Not Applicable,Fine,SARJAPURA ROAD,MANTHRI APARTMENT,50F,0.0,0.0,0,0,0.0,0.0
Bengaluru City,HSR Lay Out Traffic PS,1.04432e+16,2016,1,1,Road Accidents,Cross roads,City/Town,Open area,Human Error,Yes,Fatal,Hit and Run,No signal lights,Others,City or Town Road,Bitumen(Tar),Dry,Engineering Defect of Road,Fine,KASAVANAHALLI,OPP NAMA OWNERS COURT APPARTMENT,4,0.0,0.0,4,0,0.0,4.0
Bengaluru City,HSR Lay Out Traffic PS,1.04432e+16,2017,1,2,Road Accidents,Narrow road,City/Town,Residential area,Human Error,No,Grievous Injury,Right Turn Collision,No signal lights,Not Applicable,Two way,Bitumen(Tar),Dry,Not Applicable,Fine,AGARA ROAD,AGARA LAKE,40F,0.0,0.0,0,0,0.0,0.0
Bengaluru City,HSR Lay Out Traffic PS,1.04432e+16,2017,1,2,Road Accidents,Narrow road,City/Town,Residential area,Human Error,Yes,Damage Only,Hit and Run,No signal lights,Others,City or Town Road,Bitumen(Tar),Dry,Not Applicable,Fine,27 MAIN ROAD.HSR LAYOUT,ICIC BANK,3 KM,0.0,0.0,0,0,0.0,0.0
Bengaluru City,HSR Lay Out Traffic PS,1.04432e+16,2017,1,2,Rail Road Accidents,Narrow road,City/Town,Residential area,Human Error,No,Grievous Injury,Others,Not at  Junction,Straight and flat,City or Town Road,Bitumen(Tar),Dry,Not Applicable,Fine,AGARA RING ROAD,IDBI BANK,35F,0.0,0.0,0,0,0.0,0.0
Bengaluru City,HSR Lay Out Traffic PS,1.04432e+16,2017,1,2,Road Accidents,Narrow road,City/Town,Residential area,Human Error,Yes,Grievous Injury,Hit and Run,Not at  Junction,Straight and flat,City or Town Road,Bitumen(Tar),Dry,Not Applicable,Fine,HARALURU TOSARJAPURA ROAD,INDIAN OIL PETROLE BUNK,50F,0.0,0.0,0,0,0.0,0.0
Bengaluru City,HSR Lay Out Traffic PS,1.04432e+16,2017,1,1,Road Accidents,Other,City/Town,Open area,Human Error,No,Damage Only,Others,Not at  Junction,Not Applicable,City or Town Road,Bitumen(Tar),Dry,Not Applicable,Fine,19TH MAIN HSR LAYOUT,BLANK PLACE,8FEET,0.0,0.0,0,0,0.0,0.0
Bengaluru City,HSR Lay Out Traffic PS,1.04432e+16,2017,1,1,Road Accidents,Narrow road,City/Town,Open area,Human Error,Not Applicable,Simple Injury,Others,Not at  Junction,Straight and flat,City or Town Road,Bitumen(Tar),Dry,Not Applicable,Fine,BLANK ROAD,FLY OVER WALL,6F,0.0,0.0,0,0,0.0,0.0
Bengaluru City,HSR Lay Out Traffic PS,1.04432e+16,2017,1,2,Road Accidents,Narrow road,City/Town,Open area,Human Error,Not Applicable,Damage Only,Not Applicable,Not at  Junction,Not Applicable,City or Town Road,Bitumen(Tar),Dry,Not Applicable,Fine,BLANK ROAD,LIGHT POLE,35F,0.0,0.0,0,0,0.0,0.0
Bengaluru City,HSR Lay Out Traffic PS,1.04432e+16,2017,1,1,Road Accidents,Other,City/Town,Open area,Vehicle Defect,No,Damage Only,Others,Not at  Junction,Others,City or Town Road,Bitumen(Tar),Dry,Not Applicable,Fine,BELANDUR ROAD,INDIAN OIL PETROL BUNK,100F,0.0,0.0,0,0,0.0,0.0
Bengaluru City,HSR Lay Out Traffic PS,1.04432e+16,2017,1,2,Road Accidents,Other,City/Town,Residential area,Vehicle Defect,Not Applicable,Grievous Injury,Others,Not at  Junction,Others,City or Town Road,Bitumen(Tar),Dry,Not Applicable,Fine,VARTHUR ROAD,GOLDENNEST APARTMENT,15FT,0.0,0.0,0,0,0.0,0.0
Bengaluru City,HSR Lay Out Traffic PS,1.04432e+16,2017,1,2,Not Applicable,Other,City/Town,Residential area,Not Applicable,Not Applicable,Grievous Injury,Others,Not at  Junction,Curve and Incline,City or Town Road,Bitumen(Tar),Dry,Not Applicable,Clear,DOMMASANDRA,JHONSON HOUSE,35F,0.0,0.0,0,0,0.0,0.0
Bengaluru City,HSR Lay Out Traffic PS,1.04432e+16,2017,1,2,Road Accidents,Narrow road,City/Town,Residential area,Human Error,No,Damage Only,Others,Not at  Junction,Not Applicable,City or Town Road,Bitumen(Tar),Dry,Not Applicable,Fine,AGARA TO SILK BOARD,BMTC BUS STOP,20F,0.0,0.0,0,0,0.0,0.0
Bengaluru City,HSR Lay Out Traffic PS,1.04432e+16,2017,1,2,Road Accidents,Narrow road,City/Town,Open area,Human Error,Yes,Grievous Injury,Hit and Run,Not at  Junction,Straight and flat,City or Town Road,Bitumen(Tar),Dry,Not Applicable,Fine,BLANCK ROAD,NEAR AANJNEYA VIGRAHA,18F,0.0,0.0,0,0,0.0,0.0
Bengaluru City,HSR Lay Out Traffic PS,1.04432e+16,2017,1,3,Road Accidents,Curves,Rural Areas,Residential area,Not Applicable,Yes,Grievous Injury,Hit and Run,No signal lights,Curve,Village Road,Bitumen(Tar),Dry,Not Applicable,Fine,HARALURU ROAD,APPARTMENT,2 KM,0.0,0.0,0,0,0.0,0.0
Bengaluru City,HSR Lay Out Traffic PS,1.04432e+16,2017,1,2,Road Accidents,Narrow road,City/Town,Open area,Human Error,Yes,Grievous Injury,Hit and Run,Not at  Junction,Straight and flat,City or Town Road,Bitumen(Tar),Dry,Not Applicable,Fine,BLANK ROAD,LIGHT LAMP,20F,0.0,0.0,0,0,0.0,0.0
Bengaluru City,HSR Lay Out Traffic PS,1.04432e+16,2017,1,3,Road Accidents,Narrow road,City/Town,Open area,Human Error,No,Simple Injury,Others,Not Applicable,Straight and flat,City or Town Road,Bitumen(Tar),Dry,Not Applicable,Fine,BLANCK ROAD,LIGHT POLE,58F,0.0,0.0,0,0,0.0,0.0
Bengaluru City,HSR Lay Out Traffic PS,1.04432e+16,2017,1,2,Road Accidents,Narrow road,City/Town,Open area,Human Error,Not Applicable,Simple Injury,Others,Not at  Junction,Straight and flat,City or Town Road,Bitumen(Tar),Dry,Not Applicable,Fine,orr road,green tree,48f,0.0,0.0,0,0,0.0,0.0
Bengaluru City,HSR Lay Out Traffic PS,1.04432e+16,2017,1,2,Road Accidents,Other,City/Town,Near office complex,Vehicle Defect,Yes,Damage Only,Hit and Run,No signal lights,Others,City or Town Road,Bitumen(Tar),Dry,Not Applicable,Not Applicable,ORR ROAD BELUNDNDUR,IN FRONT OF CENTAI MAL,1,0.0,0.0,0,0,0.0,0.0
Bengaluru City,HSR Lay Out Traffic PS,1.04432e+16,2017,1,2,Road Accidents,Narrow road,City/Town,Residential area,Vehicle Defect,No,Grievous Injury,Others,Not at  Junction,Not Applicable,City or Town Road,Bitumen(Tar),Dry,Not Applicable,Fine,BELANDUR ROAD,bakasura hotel,15f,0.0,0.0,0,0,0.0,0.0
Bengaluru City,HSR Lay Out Traffic PS,1.04432e+16,2017,1,1,Road Accidents,Other,City/Town,Residential area,Human Error,Not Applicable,Grievous Injury,Others,Not at  Junction,Not Applicable,City or Town Road,Bitumen(Tar),Dry,Not Applicable,Fine,IBLUR ROAD,ACTIVA HOTEL,50,0.0,0.0,0,0,0.0,0.0
Bengaluru City,HSR Lay Out Traffic PS,1.04432e+16,2017,1,2,Road Accidents,Narrow road,City/Town,Open area,Human Error,Not Applicable,Grievous Injury,Others,Not at  Junction,Others,City or Town Road,Bitumen(Tar),Dry,Not Applicable,Fine,blanck place,janardhan temple,42,0.0,0.0,0,0,0.0,0.0
Bengaluru City,HSR Lay Out Traffic PS,1.04432e+16,2017,1,2,Road Accidents,Narrow road,City/Town,Open area,Human Error,No,Grievous Injury,Others,Not at  Junction,Straight and flat,City or Town Road,Bitumen(Tar),Dry,Not Applicable,Fine,BLANK ROAD,ANANDA SHO ROOM,30,0.0,0.0,0,0,0.0,0.0
Bengaluru City,HSR Lay Out Traffic PS,1.04432e+16,2017,1,1,Road Accidents,Other,City/Town,Near office complex,Human Error,No,Grievous Injury,Hit pedestrian,Not at  Junction,Straight and flat,City or Town Road,Bitumen(Tar),Dry,Not Applicable,Fine,MARATH HALLI ROAD,NEAR MARUTHI SUZUKI PRATHAM MOTARS,30F,0.0,0.0,0,0,0.0,0.0
Bengaluru City,HSR Lay Out Traffic PS,1.04432e+16,2017,1,1,Road Accidents,Other,City/Town,Open area,Human Error,Yes,Fatal,Hit and Run,Not Applicable,Others,City or Town Road,Bitumen(Tar),Dry,Not Applicable,Fine,AGARA ROAD,AGARA LAKE,18F,0.0,0.0,0,0,0.0,0.0
Bengaluru City,HSR Lay Out Traffic PS,1.04432e+16,2017,1,2,Road Accidents,Other,City/Town,Near Bus stop,Not Applicable,No,Not Applicable,Others,Not Applicable,Others,Two way,Bitumen(Tar),Dry,Not Applicable,Fine,BELANDUR ROAD,IBLUR BUS STOP,20F,0.0,0.0,0,0,0.0,0.0
Bengaluru City,HSR Lay Out Traffic PS,1.04432e+16,2017,1,2,Not Applicable,Narrow road,City/Town,Residential area,Vehicle Defect,No,Grievous Injury,Others,Controlled,Straight and flat,City or Town Road,Bitumen(Tar),Dry,Not Applicable,Fine,RASTRKUTA HOTEL,OXFERD COLLEGE,20F,0.0,0.0,0,0,0.0,0.0