DISTRICTNAME,UNITNAME,Crime_No,Year,RI,Noofvehicle_involved,Accident_Classification,Accident_Spot,Accident_Location,Accident_SubLocation,Main_Cause,Hit_Run,Severity,Collision_Type,Junction_Control,Road_Character,Road_Type,Surface_Type,Surface_Condition,Road_Condition,Weather,Accident_Road,Landmark_first,Distance_LandMark_First,Latitude,Longitude,Road_Condition_Score,Surface_Condition_Score,Surface_Type_Score,Road_Risk_Index
Bengaluru City,HSR Lay Out Traffic PS,1.04432e+16,2018,1,2,Road Accidents,Narrow road,City/Town,Open area,Human Error,No,Simple Injury,Others,Not at  Junction,Straight and flat,City or Town Road,Bitumen(Tar),Dry,Not Applicable,Fine,5TH MAIN ROAD,LIGHT POLE,28F,0.0,0.0,0,0,0.0,0.0
Bengaluru City,HSR Lay Out Traffic PS,1.04432e+16,2018,1,1,Road Accidents,Narrow road,City/Town,Open area,Human Error,No,Grievous Injury,Others,Not at  Junction,Straight and flat,City or Town Road,Bitumen(Tar),Dry,Not Applicable,Fine,KAIKONDRAHALLI  ROAD,LIGHT POLE,20,0.0,0.0,0,0,0.0,0.0
Bengaluru City,HSR Lay Out Traffic PS,1.04432e+16,2018,1,2,Road Accidents,Cross roads,City/Town,Open area,Not Applicable,Not Applicable,Damage Only,Drowned,Not Applicable,Others,City or Town Road,Bitumen(Tar),Dry,Not Applicable,Others,AGRA ROAD,AGAR LECK ROAD,55M,0.0,0.0,0,0,0.0,0.0
Bengaluru City,HSR Lay Out Traffic PS,1.04432e+16,2018,1,1,Road Accidents,Narrow road,City/Town,Open area,Human Error,No,Grievous Injury,Others,Not at  Junction,Straight and flat,City or Town Road,Bitumen(Tar),Dry,Not Applicable,Fine,SARJAPUR MAIN ROAD,LIGHT POLE,36F,0.0,0.0,0,0,0.0,0.0
Bengaluru City,HSR Lay Out Traffic PS,1.04432e+16,2018,1,2,Road Accidents,Narrow road,City/Town,Open area,Human Error,No,Grievous Injury,Others,Not at  Junction,Straight and flat,City or Town Road,Bitumen(Tar),Dry,Not Applicable,Fine,14TH MAIN HSR LAYOUT,LIGHT POLE,38F,0.0,0.0,0,0,0.0,0.0
Bengaluru City,HSR Lay Out Traffic PS,1.04432e+16,2018,1,2,Road Accidents,Narrow road,City/Town,Open area,Human Error,No,Fatal,Others,Not at  Junction,Straight and flat,City or Town Road,Bitumen(Tar),Dry,Not Applicable,Fine,HARALURU MAIN ROAD,LIGHT POLE,9F,0.0,0.0,0,0,0.0,0.0
Bengaluru City,HSR Lay Out Traffic PS,1.04432e+16,2018,1,1,Road Accidents,Narrow road,City/Town,Open area,Human Error,Yes,Fatal,Hit and Run,Not at  Junction,Straight and flat,City or Town Road,Bitumen(Tar),Dry,Not Applicable,Fine,DODDAKANNALLI ROAD,GREEN TREE,25F,0.0,0.0,0,0,0.0,0.0
Bengaluru City,HSR Lay Out Traffic PS,1.04432e+16,2018,1,2,Road Accidents,Narrow road,City/Town,Open area,Human Error,No,Grievous Injury,Others,Not at  Junction,Straight and flat,City or Town Road,Bitumen(Tar),Dry,Not Applicable,Fine,BANDEPALYA POLICE STATION ROAD,LIGHT POLE,15F,0.0,0.0,0,0,0.0,0.0
Bengaluru City,HSR Lay Out Traffic PS,1.04432e+16,2018,1,2,Road Accidents,Not Applicable,City/Town,Open area,Not Applicable,No,Fatal,Not Applicable,Not Applicable,Not Applicable,City or Town Road,Bitumen(Tar),Dry,Not Applicable,Clear,OUTER RING ROAD,NEAR GFREENS DHABA,100 F,0.0,0.0,0,0,0.0,0.0
Bengaluru City,HSR Lay Out Traffic PS,1.04432e+16,2018,1,2,Road Accidents,Narrow road,City/Town,Open area,Human Error,Yes,Simple Injury,Hit and Run,Not at  Junction,Straight and flat,City or Town Road,Bitumen(Tar),Dry,Not Applicable,Fine,"22ND MAIN ROAD, HSR LAYOUT",GREEN TREE,40F,0.0,0.0,0,0,0.0,0.0
Bengaluru City,HSR Lay Out Traffic PS,1.04432e+16,2018,1,1,Road Accidents,Narrow road,City/Town,Open area,Human Error,No,Grievous Injury,Hit pedestrian,Not at  Junction,Straight and flat,City or Town Road,Bitumen(Tar),Dry,Not Applicable,Fine,HSR 27TH MAIN ROAD,LIGHT POLE,30F,12.921765,77.651597,0,0,0.0,0.0
Bengaluru City,HSR Lay Out Traffic PS,1.04432e+16,2019,1,1,Road Accidents,Narrow road,City/Town,Open area,Human Error,Yes,Grievous Injury,Hit and Run,Not at  Junction,Straight and flat,City or Town Road,Bitumen(Tar),Dry,Not Applicable,Fine,"NEAR AGARA DOWN RAMP, OUTER RING ROAD",GREEN BAR,30F,12.92378,77.654394,0,0,0.0,0.0
Bengaluru City,HSR Lay Out Traffic PS,1.04432e+16,2019,1,3,Road Accidents,Narrow road,City/Town,Open area,Human Error,No,Grievous Injury,Others,Not at  Junction,Straight and flat,City or Town Road,Bitumen(Tar),Dry,Not Applicable,Fine,INFORT OF SHANMUGAM HOTEL,LIGHT POLE,25F,12.911421,77.632442,0,0,0.0,0.0
Bengaluru City,HSR Lay Out Traffic PS,1.04432e+16,2019,1,1,Road Accidents,Narrow road,City/Town,Open area,Human Error,No,Fatal,Skidding or Self accident,Not at  Junction,Straight and flat,City or Town Road,Bitumen(Tar),Dry,Not Applicable,Fine,GREEN GLAN LAYOUT BELLANDUR,LIGHT POLE,10F,12.925191,77.669672,0,0,0.0,0.0
Bengaluru City,HSR Lay Out Traffic PS,1.04432e+16,2019,1,2,Road Accidents,Narrow road,City/Town,Open area,Human Error,Yes,Grievous Injury,Hit and Run,Not at  Junction,Straight and flat,City or Town Road,Bitumen(Tar),Dry,Not Applicable,Fine,"NEAR ELITE APTS,  BELLANDUR",LIGHT POLE,15F,12.918654,77.67378,0,0,0.0,0.0
Bengaluru City,HSR Lay Out Traffic PS,1.04432e+16,2019,1,1,Road Accidents,Not Applicable,City/Town,Narrow bridge or culverts,Human Error,No,Simple Injury,Vehicle to Vehicle,Not at  Junction,Not Applicable,One way,Bitumen(Tar),Dry,Not Applicable,Clear,outer ring road,near Enzo inter nation hotel,50 f,12.921075,77.663566,0,0,0.0,0.0
Bengaluru City,HSR Lay Out Traffic PS,1.04432e+16,2019,1,2,Road Accidents,Junction,City/Town,Near Bus stop,Human Error,Yes,Fatal,Vehicle to Vehicle,Police / Manual,Straight and flat,One way,Bitumen(Tar),Dry,Not Applicable,Fine,BMTC BUS,BMTC BUS DEPO,100 F,12.919862,77.643061,0,0,0.0,0.0
Bengaluru City,HSR Lay Out Traffic PS,1.04432e+16,2019,1,1,Road Accidents,Narrow road,Rural Areas,Open area,Human Error,No,Fatal,Not Applicable,Not Applicable,Straight and flat,Others,Bitumen(Tar),Dry,Not Applicable,Fine,NEAR BELLANDUR  FLYOVER UPPER RAMP,LIGHT POLE,35F,12.927368,77.679645,0,0,0.0,0.0
Bengaluru City,HSR Lay Out Traffic PS,1.04432e+16,2019,1,2,Road Accidents,Narrow road,City/Town,Open area,Human Error,Yes,Grievous Injury,Hit and Run,Not at  Junction,Straight and flat,City or Town Road,Bitumen(Tar),Dry,Not Applicable,Fine,"IBBALUR TO AGARA, ORR ROAD",INFORMATION BOARD,5F,12.921927,77.659935,0,0,0.0,0.0
Bengaluru City,HSR Lay Out Traffic PS,1.04432e+16,2019,1,2,Road Accidents,Junction,City/Town,Near Bus stop,Human Error,Yes,Grievous Injury,Vehicle to Vehicle,Police / Manual,Curve,Others,Bitumen(Tar),Dry,Not Applicable,Fine,19 TH MAIN BUS DEPO,BUS DEPO,100M,0.0,0.0,0,0,0.0,0.0
Bengaluru City,HSR Lay Out Traffic PS,1.04432e+16,2019,1,1,Road Accidents,Narrow road,City/Town,Open area,Human Error,No,Fatal,Not Applicable,Not at  Junction,Straight and flat,Others,Bitumen(Tar),Dry,Not Applicable,Fine,NEAR MANTHRI SAROVARA APTS,GREEN TREE,5F,0.0,0.0,0,0,0.0,0.0
Bengaluru City,HSR Lay Out Traffic PS,1.04432e+16,2019,1,2,Road Accidents,Other,City/Town,Open area,Human Error,No,Simple Injury,Others,Not at  Junction,Not Applicable,City or Town Road,Bitumen(Tar),Not Applicable,Not Applicable,Clear,OUTER RING ROAD,INFRONT OF MICROSOFT COM BELLENDURU,100 F,12.92199,77.668227,0,0,0.0,0.0
Bengaluru City,HSR Lay Out Traffic PS,1.04432e+16,2019,1,2,Road Accidents,Narrow road,City/Town,Open area,Human Error,Yes,Grievous Injury,Hit and Run,Not at  Junction,Straight and flat,City or Town Road,Bitumen(Tar),Dry,Not Applicable,Fine,"OPP STAR BAJAR GATE ,DODDAKANNALLI",LIGHT POLE,25F,12.910199,77.68582,0,0,0.0,0.0
Bengaluru City,HSR Lay Out Traffic PS,1.04432e+16,2019,1,1,Road Accidents,Narrow road,City/Town,Open area,Human Error,Yes,Grievous Injury,Skidding or Self accident,Not at  Junction,Straight and flat,City or Town Road,Bitumen(Tar),Dry,Not Applicable,Fine,"OPP ANAND  HONDA SHOW ROOM, BELLANDUR",LIGHT POLE,25F,12.921839,77.6679509,0,0,0.0,0.0
Bengaluru City,HSR Lay Out Traffic PS,1.04432e+16,2019,1,1,Road Accidents,Cross roads,City/Town,Near School or College,Human Error,Yes,Grievous Injury,Hit and Run,Not Applicable,Others,City or Town Road,Bitumen(Tar),Dry,Not Applicable,Clear,"Hsr layout 14th main road, 15th cross road Junction",Near Jss college,100f,12.914445,77.638199,0,0,0.0,0.0
Bengaluru City,HSR Lay Out Traffic PS,1.04432e+16,2019,1,1,Road Accidents,Not Applicable,City/Town,Near Bus stop,Human Error,No,Grievous Injury,Hit pedestrian,Not at  Junction,Not Applicable,Others,Bitumen(Tar),Dry,Not Applicable,Clear,OUTER RING ROAD,NEAR HSR LAYOUT 9TH MAIN BUS STOP,50 F,12.916218,77.634798,0,0,0.0,0.0
Bengaluru City,HSR Lay Out Traffic PS,1.04432e+16,2019,1,1,Road Accidents,Junction,City/Town,Near Bus stop,Human Error,No,Grievous Injury,Hit pedestrian,Police / Manual,Others,Others,Bitumen(Tar),Dry,Not Applicable,Fine,ECOSPACE JUNCTION,SKY WALK OF ECOSPACE,10F,12.927805,77.67991,0,0,0.0,0.0
Bengaluru City,HSR Lay Out Traffic PS,1.04432e+16,2019,1,1,Road Accidents,Circle,City/Town,Residential area,Human Error,No,Grievous Injury,Vehicle to Vehicle,No signal lights,Straight and flat,Others,Bitumen(Tar),Dry,Not Applicable,Clear,SARJAPURA MAIN ROAD,NEAR SHANIMAHATHMA TEMPLE DODDAKANNAHALLI JUNCTION,50 F,12.908361,77.41437,0,0,0.0,0.0
Bengaluru City,HSR Lay Out Traffic PS,1.04432e+16,2019,1,1,Road Accidents,Not Applicable,City/Town,Residential area,Human Error,No,Grievous Injury,Hit pedestrian,Not at  Junction,Not Applicable,Others,Bitumen(Tar),Dry,Not Applicable,Clear,"HSR LAYOUT 29TH MAIN, 18TH CROSS",NEAR NIFT COLLEGE HOSTEL,100,12.911379,77.652599,0,0,0.0,0.0
Bengaluru City,HSR Lay Out Traffic PS,1.04432e+16,2019,1,2,Road Accidents,Junction,City/Town,Near Bus stop,Human Error,No,Grievous Injury,Vehicle to Vehicle,Police / Manual,Straight and flat,One way,Bitumen(Tar),Dry,Not Applicable,Fine,"INFRONT OF ECOSPACE, OUTER RING ROAD",500 M,500 M,0.0,0.0,0,0,0.0,0.0
Bengaluru City,HSR Lay Out Traffic PS,1.04432e+16,2019,1,3,Road Accidents,Not Applicable,City/Town,Open area,Human Error,Not Applicable,Grievous Injury,Vehicle to Vehicle,Not at  Junction,Straight and flat,Others,Bitumen(Tar),Dry,Not Applicable,Fine,"NEAR HDFC BANK 4TH SECTOR,17TH CROSS, HSR LAYOUT",GREEN TREE,10F,12.912208,77.642508,0,0,0.0,0.0
Bengaluru City,HSR Lay Out Traffic PS,1.04432e+16,2019,1,2,Road Accidents,Circle,City/Town,Open area,Human Error,Yes,Grievous Injury,Hit and Run,Police / Manual,Others,City or Town Road,Bitumen(Tar),Dry,Not Applicable,Clear,SARJAPURA MAIN ROAD,INFRONT OF WIPRO JUNCTION,10 F,12.911065,77.683738,0,0,0.0,0.0
Bengaluru City,HSR Lay Out Traffic PS,1.04432e+16,2019,1,2,Road Accidents,Not Applicable,City/Town,Narrow bridge or culverts,Human Error,No,Fatal,Vehicle to Vehicle,Not at  Junction,Not Applicable,Others,Bitumen(Tar),Dry,Not Applicable,Clear,OUTER RING ROAD HSR 14TH MAIN FLAYOVER,OPP KICHEN BUILDING,50 M,12.916005,77.637866,0,0,0.0,0.0
Bengaluru City,HSR Lay Out Traffic PS,1.04432e+16,2019,1,1,Road Accidents,Not Applicable,City/Town,Narrow bridge or culverts,Human Error,Not Applicable,Grievous Injury,Hit pedestrian,Not at  Junction,Not Applicable,One way,Bitumen(Tar),Dry,Not Applicable,Clear,ORR ROAD BELLANDUR,NEAR CENTRAL MALL,200 MT,12.924638,77.673718,0,0,0.0,0.0
Bengaluru City,HSR Lay Out Traffic PS,1.04432e+16,2019,1,1,Road Accidents,Narrow road,City/Town,Open area,Human Error,Yes,Grievous Injury,Hit pedestrian,Not at  Junction,Straight and flat,Others,Bitumen(Tar),Dry,Not Applicable,Fine,"NEAR MORE MALL, BELLANDUR",GREEN TREE,45F,0.0,0.0,0,0,0.0,0.0
Bengaluru City,HSR Lay Out Traffic PS,1.04432e+16,2019,1,2,Road Accidents,Narrow road,City/Town,Near office complex,Human Error,No,Grievous Injury,Not Applicable,Police / Manual,Straight and flat,One way,Bitumen(Tar),Dry,Not Applicable,Fine,NEAR SHANIMAHATHMA TEMPLE  DODDAKANNALLI,SHANIMAHATHMA TEMPLE,100 F,0.0,0.0,0,0,0.0,0.0
Bengaluru City,HSR Lay Out Traffic PS,1.04432e+16,2019,1,1,Road Accidents,Narrow road,City/Town,Open area,Human Error,No,Grievous Injury,Hit pedestrian,Not Applicable,Straight and flat,Others,Bitumen(Tar),Dry,Not Applicable,Fine,NEAR CENTRAL MALL,LIGHT POLE,25F,0.0,0.0,0,0,0.0,0.0
Bengaluru City,HSR Lay Out Traffic PS,1.04432e+16,2019,1,2,Road Accidents,Narrow road,City/Town,Open area,Human Error,Yes,Simple Injury,Hit and Run,Not at  Junction,Straight and flat,City or Town Road,Bitumen(Tar),Dry,Not Applicable,Fine,"OPP OF WIPRO GATE,  DODDAKANNALI",LIGHT POLE,25F,12.911043,77.683603,0,0,0.0,0.0
Bengaluru City,HSR Lay Out Traffic PS,1.04432e+16,2019,1,2,Road Accidents,Junction,City/Town,Open area,Human Error,Yes,Fatal,Hit and Run,Signal lights Automatic,Straight and flat,City or Town Road,Bitumen(Tar),Dry,Not Applicable,Fine,IBBALUR JUNCTION,GREEN TREE,45F,12.920601,77.665346,0,0,0.0,0.0
Bengaluru City,HSR Lay Out Traffic PS,1.04432e+16,2019,1,2,Road Accidents,Narrow road,City/Town,Open area,Human Error,No,Grievous Injury,Others,Not at  Junction,Straight and flat,City or Town Road,Bitumen(Tar),Dry,Not Applicable,Fine,"NEAR AGARA FLY OVER, ORR ROAD",ROAD DIVIDER,18F,12.923959,77.6471989,0,0,0.0,0.0
Bengaluru City,HSR Lay Out Traffic PS,1.04432e+16,2019,1,1,Road Accidents,Narrow road,City/Town,Open area,Human Error,Yes,Grievous Injury,Hit and Run,Not at  Junction,Straight and flat,City or Town Road,Bitumen(Tar),Dry,Not Applicable,Fine,"NEAR CARMELARAM BUS STOP, SARJAPURA MAIN ROAD",LIGHT POLE,15F,12.90314,77.704526,0,0,0.0,0.0
Bengaluru City,HSR Lay Out Traffic PS,1.04432e+16,2019,1,1,Road Accidents,Not Applicable,City/Town,Near School or College,Human Error,No,Grievous Injury,Hit pedestrian,Not at  Junction,Others,Two way,Bitumen(Tar),Dry,Not Applicable,Fine,AET JUNCTION ROAD,NEAR GEAR SCHOOL,100F,12.916365,77.699021,0,0,0.0,0.0
Bengaluru City,HSR Lay Out Traffic PS,1.04432e+16,2019,1,2,Road Accidents,Not Applicable,City/Town,Open area,Human Error,Yes,Grievous Injury,Vehicle to Vehicle,Not at  Junction,Straight and flat,One way,Bitumen(Tar),Dry,No influence on accident,Fine,"ORR ROAD,HSR LAYOUT",GREENS BAR,100F,12.923681,77.654235,0,0,0.0,0.0
Bengaluru City,HSR Lay Out Traffic PS,1.04432e+16,2019,1,1,Road Accidents,Narrow road,City/Town,Near office complex,Human Error,Not Applicable,Grievous Injury,Not Applicable,Police / Manual,Straight and flat,One way,Bitumen(Tar),Dry,Not Applicable,Fine,"INFRONT OF RICH HOME APPARTMENT,27 TH CROSS,3RD SECTOR",INFRONT OF RICH HOME APPARTMENT,100F,12.904766,77.64432,0,0,0.0,0.0
Bengaluru City,HSR Lay Out Traffic PS,1.04432e+16,2019,1,2,Road Accidents,Narrow road,City/Town,Open area,Human Error,Yes,Grievous Injury,Hit and Run,Not at  Junction,Straight and flat,City or Town Road,Bitumen(Tar),Dry,Not Applicable,Fine,"NEAR AMRUTHA BEKARI, KAIKONDRAHALLI",LIGHT POLE,15F,12.913479,77.678712,0,0,0.0,0.0
Bengaluru City,HSR Lay Out Traffic PS,1.04432e+16,2019,1,2,Road Accidents,Narrow road,City/Town,Open area,Human Error,No,Simple Injury,Others,Not at  Junction,Straight and flat,City or Town Road,Bitumen(Tar),Dry,Not Applicable,Fine,"OPP CHAI POINT, DODDAKANNALLI",LIGHT POLE,25F,0.0,0.0,0,0,0.0,0.0
Bengaluru City,HSR Lay Out Traffic PS,1.04432e+16,2019,1,1,Road Accidents,Cross roads,City/Town,Near Bus stop,Human Error,No,Grievous Injury,Hit pedestrian,Police / Manual,Straight and flat,One way,Bitumen(Tar),Dry,Not Applicable,Fine,IN FRONT OF KANTI SWEETS,BELLANDURU CENTRAL MALL,100 F,0.0,0.0,0,0,0.0,0.0
Bengaluru City,HSR Lay Out Traffic PS,1.04432e+16,2019,1,1,Road Accidents,Narrow road,City/Town,Open area,Human Error,Yes,Fatal,Hit pedestrian,Not at  Junction,Straight and flat,Others,Bitumen(Tar),Dry,Not Applicable,Fine,SARJAPUR ROAD,DIVIDER,15F,0.0,0.0,0,0,0.0,0.0
Bengaluru City,HSR Lay Out Traffic PS,1.04432e+16,2019,1,1,Road Accidents,Narrow road,City/Town,Open area,Human Error,Yes,Grievous Injury,Hit and Run,Not at  Junction,Straight and flat,City or Town Road,Bitumen(Tar),Dry,Not Applicable,Fine,"NEAR 5TH MAIN JUNCTION, HSR LAYOUT",GREEN TREE,15F,12.916548,77.632352,0,0,0.0,0.0
Bengaluru City,HSR Lay Out Traffic PS,1.04432e+16,2019,1,2,Road Accidents,Offset,City/Town,Open area,Human Error,Yes,Grievous Injury,Vehicle to Vehicle,Not at  Junction,Not Applicable,One way,Bitumen(Tar),Not Applicable,Not Applicable,Clear,outer ring road,near mantri sarovara appartment,100 f,12.919301,77.642567,0,0,0.0,0.0
Bengaluru City,HSR Lay Out Traffic PS,1.04432e+16,2019,1,2,Road Accidents,Not Applicable,City/Town,Near Bus stop,Human Error,Yes,Grievous Injury,Vehicle to Vehicle,Not Applicable,Straight and flat,Others,Bitumen(Tar),Dry,Not Applicable,Clear,SARJAPURA MAIN ROAD,NEAR KAIKONDRAHALLI BUS STOP,20 M,12.914071,77.677006,0,0,0.0,0.0
Bengaluru City,HSR Lay Out Traffic PS,1.04432e+16,2019,1,2,Road Accidents,Not Applicable,City/Town,Open area,Human Error,No,Simple Injury,Vehicle to Vehicle,Not at  Junction,Not Applicable,Others,Bitumen(Tar),Dry,Not Applicable,Clear,sarjapura main road,near agara lake park,50f,12.924533,77.647413,0,0,0.0,0.0
Bengaluru City,HSR Lay Out Traffic PS,1.04432e+16,2019,1,2,Road Accidents,Cross roads,City/Town,Near office complex,Human Error,Yes,Grievous Injury,Vehicle to Vehicle,Police / Manual,Straight and flat,Others,Surfaced,Dry,Not Applicable,Fine,on limited fastion mall,mac donald signal,100F,12.911649,77.638298,0,0,,
Bengaluru City,HSR Lay Out Traffic PS,1.04432e+16,2019,1,2,Road Accidents,Narrow road,City/Town,Near School or College,Human Error,No,Grievous Injury,Not Applicable,Police / Manual,Straight and flat,One way,Bitumen(Tar),Dry,Not Applicable,Fine,NEAR B DA COMPLEX O R R ROAD H S R LAYOUT,HS R B D A COMPLEX,100 F,0.0,0.0,0,0,0.0,0.0
Bengaluru City,HSR Lay Out Traffic PS,1.04432e+16,2019,1,1,Road Accidents,Narrow road,City/Town,Open area,Human Error,Yes,Grievous Injury,Hit pedestrian,Not at  Junction,Straight and flat,Others,Bitumen(Tar),Dry,Not Applicable,Fine,"NEAR AJMEERA MOTORS, 5TH MAIN",LIGHT POLE,28F,0.0,0.0,0,0,0.0,0.0
Bengaluru City,HSR Lay Out Traffic PS,1.04432e+16,2019,1,1,Road Accidents,Narrow road,City/Town,Open area,Human Error,Not Applicable,Fatal,Not Applicable,Not at  Junction,Straight and flat,Others,Bitumen(Tar),Dry,Not Applicable,Fine,NEAR GOLDEN ARKED APRTMENT,GREEN TREE,10F,0.0,0.0,0,0,0.0,0.0
Bengaluru City,HSR Lay Out Traffic PS,1.04432e+16,2019,1,2,Road Accidents,Narrow road,City/Town,Open area,Human Error,Yes,Grievous Injury,Others,Not at  Junction,Straight and flat,City or Town Road,Bitumen(Tar),Dry,Not Applicable,Fine,5TH MAIN ROAD,LIGHT POLE,25F,12.916481,77.632254,0,0,0.0,0.0
Bengaluru City,HSR Lay Out Traffic PS,1.04432e+16,2019,1,2,Road Accidents,Narrow road,City/Town,Open area,Human Error,Yes,Fatal,Hit and Run,Not at  Junction,Straight and flat,City or Town Road,Bitumen(Tar),Dry,Not Applicable,Fine,6TH SECTOR  HSR LAYOUT,LIGHT POLE,25F,12.914449,77.639541,0,0,0.0,0.0
Bengaluru City,HSR Lay Out Traffic PS,1.04432e+16,2019,1,2,Road Accidents,Narrow road,City/Town,Open area,Human Error,Yes,Grievous Injury,Hit and Run,Not at  Junction,Straight and flat,City or Town Road,Bitumen(Tar),Dry,Not Applicable,Fine,"NEAR MATRI SAROVAR APTS, ORR ROAD",LIGHT POLE,30F,12.919242,77.642654,0,0,0.0,0.0
Bengaluru City,HSR Lay Out Traffic PS,1.04432e+16,2019,1,2,Road Accidents,Narrow road,City/Town,Open area,Human Error,No,Grievous Injury,Others,Not at  Junction,Straight and flat,City or Town Road,Bitumen(Tar),Dry,Not Applicable,Fine,IBBALUR PARK OUTER RING ROAD,LIGHT POLE,35F,12.921083,77.665917,0,0,0.0,0.0
Bengaluru City,HSR Lay Out Traffic PS,1.04432e+16,2019,1,2,Road Accidents,Narrow road,City/Town,Open area,Human Error,Yes,Simple Injury,Hit and Run,Not at  Junction,Straight and flat,City or Town Road,Bitumen(Tar),Dry,Not Applicable,Fine,"INFRONT OF OZONE APTS, HARALUR ROAD",GREEN TREE,5F,12.909453,77.663828,0,0,0.0,0.0
Bengaluru City,HSR Lay Out Traffic PS,1.04432e+16,2019,1,2,Road Accidents,Not Applicable,City/Town,Open area,Human Error,Yes,Grievous Injury,Vehicle to Vehicle,Not at  Junction,Not Applicable,Expressway,Bitumen(Tar),Dry,Not Applicable,Fine,BELLANDUR GATE,ELLIGHT APPARTMENT,100F,12.918769,77.673392,0,0,0.0,0.0
Bengaluru City,HSR Lay Out Traffic PS,1.04432e+16,2019,1,2,Road Accidents,Circle,City/Town,Open area,Human Error,Yes,Grievous Injury,Vehicle to Vehicle,Not Applicable,Curve,Service Road,Bitumen(Tar),Dry,No influence on accident,Fine,5TH MAIN ROAD,FOODIESSTHAN HOTAL,10F,12.915403,77.632335,0,0,0.0,0.0
Bengaluru City,HSR Lay Out Traffic PS,1.04432e+16,2019,1,1,Road Accidents,Circle,City/Town,Near Bus stop,Human Error,Not Applicable,Grievous Injury,Hit pedestrian,Police / Manual,Straight and flat,One way,Surfaced,Dry,Not Applicable,Fine,bellanduru bus stop flyover down ramp,bellanduru bus stop,100 F,0.0,0.0,0,0,,
Bengaluru City,HSR Lay Out Traffic PS,1.04432e+16,2019,1,2,Road Accidents,Bridge,City/Town,In bazaar,Not Applicable,No,Damage Only,Others,Not Applicable,Not Applicable,City or Town Road,Bitumen(Tar),Not Applicable,Not Applicable,Clear,"On Bellenduru flayover, Outer ring road, Bellenduru",Central mall,100 m,12.92542,77.6752129,0,0,0.0,0.0
Bengaluru City,HSR Lay Out Traffic PS,1.04432e+16,2019,1,1,Road Accidents,Not Applicable,City/Town,Open area,Human Error,No,Fatal,Not Applicable,Not at  Junction,Slight Curve,Others,Bitumen(Tar),Dry,Not Applicable,Clear,"KAIKODRAHALLI , SARJAPURA ROAD",SARJAPU ROAD KAIKODRAHALLI,200F,12.915669,77.674153,0,0,0.0,0.0
Bengaluru City,HSR Lay Out Traffic PS,1.04432e+16,2019,1,2,Road Accidents,Junction,City/Town,Open area,Human Error,Yes,Grievous Injury,Vehicle to Vehicle,Police / Manual,Not Applicable,Two way,Bitumen(Tar),Dry,Not Applicable,Clear,SARJAPURA MAIN ROAD,NEAR SLV SERAMIX JUNCTION,10F,12.908694,77.689805,0,0,0.0,0.0
Bengaluru City,HSR Lay Out Traffic PS,1.04432e+16,2019,1,1,Road Accidents,Narrow road,City/Town,Open area,Human Error,Yes,Grievous Injury,Hit pedestrian,Not at  Junction,Straight and flat,Others,Bitumen(Tar),Dry,Not Applicable,Fine,OUTER RING ROAD HSR LAYOUT,GREEN TREE,10F,0.0,0.0,0,0,0.0,0.0
Bengaluru City,HSR Lay Out Traffic PS,1.04432e+16,2019,1,1,Road Accidents,Not Applicable,City/Town,Near School or College,Human Error,Yes,Grievous Injury,Not Applicable,Not at  Junction,Not Applicable,Others,Bitumen(Tar),Dry,Not Applicable,Clear,Outer ring road,Near 14th Hsr,100 m,12.916358,77.635057,0,0,0.0,0.0
Bengaluru City,HSR Lay Out Traffic PS,1.04432e+16,2019,1,1,Road Accidents,Cross roads,City/Town,Near office complex,Human Error,Yes,Grievous Injury,Hit pedestrian,Not at  Junction,Curve,Residential Street,Bitumen(Tar),Dry,Not Applicable,Fine,"17 TH CROSS,HSR LAYOUT",RELIANCE TRENDS,50F,12.912397,77.63423,0,0,0.0,0.0
Bengaluru City,HSR Lay Out Traffic PS,1.04432e+16,2019,1,1,Road Accidents,Not Applicable,City/Town,Residential area,Human Error,Yes,Fatal,Hit pedestrian,Not at  Junction,Not Applicable,Others,Bitumen(Tar),Dry,Not Applicable,Clear,OUTER RING ROAD,INFRONT OF HDFC BANK ATM NEAR MANTRI SAROVARA APPARTMENT,100 F,12.919081,77.642375,0,0,0.0,0.0
Bengaluru City,HSR Lay Out Traffic PS,1.04432e+16,2019,1,2,Road Accidents,Narrow road,City/Town,Near Bus stop,Human Error,Yes,Grievous Injury,Hit pedestrian,No signal lights,Not Applicable,Others,Bitumen(Tar),Dry,Not Applicable,Fine,IN FORNT OF MUNESHWARA TEMPLE,MUNESHVARA TEMPAL DODDAKANNALLI,5 KM,12.907194,77.695445,0,0,0.0,0.0
Bengaluru City,HSR Lay Out Traffic PS,1.04432e+16,2019,1,1,Road Accidents,Cross roads,City/Town,Open area,Human Error,Yes,Grievous Injury,Hit pedestrian,Not at  Junction,Not Applicable,Others,Bitumen(Tar),Dry,Not Applicable,Fine,"NANDINI COOL JOINT  ROAD, HSR LAYOUT",NANDINI COOL JOINT,500M,12.912053,77.639289,0,0,0.0,0.0
Bengaluru City,HSR Lay Out Traffic PS,1.04432e+16,2019,1,2,Road Accidents,Cross roads,City/Town,Near Bus stop,Human Error,Yes,Grievous Injury,Not Applicable,Police / Manual,Others,Others,Bitumen(Tar),Dry,Not Applicable,Fine,AGARA SERVICE ROAD,AGARA BUS STOP,100F,0.0,0.0,0,0,0.0,0.0
Bengaluru City,HSR Lay Out Traffic PS,1.04432e+16,2019,1,2,Road Accidents,Not Applicable,City/Town,Open area,Human Error,No,Grievous Injury,Vehicle to Vehicle,Not at  Junction,Straight and flat,Others,Bitumen(Tar),Dry,Not Applicable,Clear,Outer ring road,Opp Greence Bar & Resturent,100F,0.0,0.0,0,0,0.0,0.0
Bengaluru City,HSR Lay Out Traffic PS,1.04432e+16,2019,1,1,Road Accidents,Narrow road,City/Town,Near or inside a village,Human Error,Yes,Fatal,Hit and Run,Not at  Junction,Straight and flat,City or Town Road,Bitumen(Tar),Dry,Not Applicable,Fine,IBBALUR  BUS STAND,LIGHT POLE,10F,12.921261,77.662659,0,0,0.0,0.0