DISTRICTNAME,UNITNAME,Crime_No,Year,RI,Noofvehicle_involved,Accident_Classification,Accident_Spot,Accident_Location,Accident_SubLocation,Main_Cause,Hit_Run,Severity,Collision_Type,Junction_Control,Road_Character,Road_Type,Surface_Type,Surface_Condition,Road_Condition,Weather,Accident_Road,Landmark_first,Distance_LandMark_First,Latitude,Longitude,Road_Condition_Score,Surface_Condition_Score,Surface_Type_Score,Road_Risk_Index
Bengaluru City,HSR Lay Out Traffic PS,1.04432e+16,2021,1,2,Road Accidents,Not Applicable,City/Town,Residential area,Human Error,No,Grievous Injury,Vehicle to Vehicle,Not at  Junction,Straight and flat,Others,Bitumen(Tar),Dry,No influence on accident,Clear,19th main road hsr layout,Near Sai baba temple,50,12.911683,77.644628,0,0,0.0,0.0
Bengaluru City,HSR Lay Out Traffic PS,1.04432e+16,2021,1,2,Road Accidents,Not Applicable,City/Town,Residential area,Human Error,No,Fatal,Vehicle to Vehicle,Not at  Junction,Straight and flat,Others,Bitumen(Tar),Dry,No influence on accident,Clear,Sarjapura Main road,Infront of Southin Hotel,30,12.912442,77.680954,0,0,0.0,0.0
Bengaluru City,HSR Lay Out Traffic PS,1.04432e+16,2021,1,2,Road Accidents,Narrow road,City/Town,Open area,Human Error,No,Fatal,Vehicle to Vehicle,Not at  Junction,Straight and flat,Others,Bitumen(Tar),Dry,Not Applicable,Fine,AGARA DOWN RAMP  ORR ROAD,GREEN TREE,5F,12.92384,77.647046,0,0,0.0,0.0
Bengaluru City,HSR Lay Out Traffic PS,1.04432e+16,2021,1,2,Road Accidents,Narrow road,City/Town,Open area,Human Error,Yes,Fatal,Vehicle to Vehicle,Not at  Junction,Straight and flat,Service Road,Bitumen(Tar),Dry,Not Applicable,Fine,OPP OMAN TOPAZ APTS SERIVCE ROAD ORR ROAD,FLY OVER PILAR,20F,12.924816,77.651916,0,0,0.0,0.0
Bengaluru City,HSR Lay Out Traffic PS,1.04432e+16,2021,1,2,Road Accidents,Not Applicable,City/Town,Residential area,Human Error,No,Fatal,Vehicle to Vehicle,Not at  Junction,Straight and flat,Others,Bitumen(Tar),Dry,No influence on accident,Clear,Hsr layout 27th main road,Infron of Pruthvi towers,50,12.904123,77.650703,0,0,0.0,0.0
Bengaluru City,HSR Lay Out Traffic PS,1.04432e+16,2021,1,1,Road Accidents,Narrow road,City/Town,Open area,Human Error,No,Grievous Injury,Not Applicable,Not at  Junction,Straight and flat,Others,Bitumen(Tar),Dry,Not Applicable,Fine,"NEAR HAPPYALAND MARKET, HARALUR ROAD",GREEN TREE,35F,12.903831,77.662073,0,0,0.0,0.0
Bengaluru City,HSR Lay Out Traffic PS,1.04432e+16,2021,1,2,Road Accidents,Not Applicable,City/Town,Residential area,Human Error,Yes,Fatal,Vehicle to Vehicle,Not at  Junction,Straight and flat,Residential Street,Bitumen(Tar),Dry,No influence on accident,Clear,Sarjapura main road,Infront Divvya sri apartment,50,12.917221,77.672792,0,0,0.0,0.0
Bengaluru City,HSR Lay Out Traffic PS,1.04432e+16,2021,1,2,Road Accidents,Junction,City/Town,Residential area,Human Error,No,Grievous Injury,Vehicle to Vehicle,Police / Manual,Not Applicable,Others,Bitumen(Tar),Dry,No influence on accident,Clear,Sarjapura road Kaikondrahalli,Near Amritha Bekary,30 F,12.913548,77.678758,0,0,0.0,0.0
Bengaluru City,HSR Lay Out Traffic PS,1.04432e+16,2021,1,2,Road Accidents,Narrow road,City/Town,Open area,Human Error,Not Applicable,Fatal,Vehicle to Vehicle,Not at  Junction,Straight and flat,Two way,Bitumen(Tar),Dry,Not Applicable,Fine,near ibbaluru junction orr ibbluru,ibbaluru fly over,15F,12.92099,77.665623,0,0,0.0,0.0
Bengaluru City,HSR Lay Out Traffic PS,1.04432e+16,2021,1,1,Road Accidents,Narrow road,City/Town,Open area,Human Error,No,Fatal,Not Applicable,Not at  Junction,Straight and flat,Others,Bitumen(Tar),Dry,Not Applicable,Fine,OPP GREEN BAR ND RESTURENT AGARA,ROAD DIVIDER,50F,12.923664,77.65422,0,0,0.0,0.0
Bengaluru City,HSR Lay Out Traffic PS,1.04432e+16,2021,1,2,Road Accidents,Narrow road,City/Town,Open area,Human Error,No,Grievous Injury,Vehicle to Vehicle,Not at  Junction,Straight and flat,Others,Bitumen(Tar),Dry,Not Applicable,Fine,OPPOSITE MILITARY CAMP IBBALURU,LIGHT POLE,20F,12.92208,77.659379,0,0,0.0,0.0
Bengaluru City,HSR Lay Out Traffic PS,1.04432e+16,2021,1,2,Road Accidents,Not Applicable,City/Town,Residential area,Human Error,Yes,Grievous Injury,Vehicle to Vehicle,Not at  Junction,Straight and flat,Others,Bitumen(Tar),Dry,No influence on accident,Clear,14th main road Hsr layout,Near Indira canteen,50,12.920871,77.638432,0,0,0.0,0.0
Bengaluru City,HSR Lay Out Traffic PS,1.04432e+16,2021,1,1,Road Accidents,Not Applicable,City/Town,Near Petrol Pump,Human Error,No,Fatal,Hit pedestrian,Not at  Junction,Straight and flat,NH,Bitumen(Tar),Dry,No influence on accident,Clear,Bommanahalli service road Hosuru road,Near vasundhara petrol pump,50 F,12.909006,77.627888,0,0,0.0,0.0
Bengaluru City,HSR Lay Out Traffic PS,1.04432e+16,2021,1,2,Road Accidents,Not Applicable,City/Town,Open area,Human Error,No,Grievous Injury,Vehicle to Vehicle,Police / Manual,Others,One way,Bitumen(Tar),Dry,Not Applicable,Fine,"INFRONT OF APOLO PHARMECY,KAIKONDRA HALLI",APOLO PHARMECY,10 M,12.91299,77.679783,0,0,0.0,0.0
Bengaluru City,HSR Lay Out Traffic PS,1.04432e+16,2021,1,2,Road Accidents,Junction,City/Town,Open area,Human Error,No,Grievous Injury,Vehicle to Vehicle,Signal lights Manual,Straight and flat,Others,Bitumen(Tar),Not Applicable,Not Applicable,Fine,"MAC DONALD, HSR LAYOUT",LIGHT POLE,35F,12.912301,77.638034,0,0,0.0,0.0
Bengaluru City,HSR Lay Out Traffic PS,1.04432e+16,2021,1,2,Road Accidents,Not Applicable,City/Town,Open area,Human Error,No,Grievous Injury,Vehicle to Vehicle,Not at  Junction,Straight and flat,Others,Bitumen(Tar),Dry,No influence on accident,Clear,Outer ring road,Near 5th main junction,50,12.916457,77.632532,0,0,0.0,0.0
Bengaluru City,HSR Lay Out Traffic PS,1.04432e+16,2021,1,2,Road Accidents,Not Applicable,City/Town,Residential area,Human Error,Yes,Grievous Injury,Vehicle to Vehicle,Not at  Junction,Straight and flat,Others,Bitumen(Tar),Dry,No influence on accident,Clear,Outer ring road,Near Central Mal,100 M,12.925274,77.644925,0,0,0.0,0.0
Bengaluru City,HSR Lay Out Traffic PS,1.04432e+16,2021,1,2,Road Accidents,Narrow road,City/Town,Open area,Human Error,No,Grievous Injury,Vehicle to Vehicle,Signal lights Blinking,Straight and flat,Others,Bitumen(Tar),Dry,Not Applicable,Fine,14TH MAIN JUNCTION HSR LAYOUT,PILLARS,40F,12.915926,77.638229,0,0,0.0,0.0
Bengaluru City,HSR Lay Out Traffic PS,1.04432e+16,2021,1,2,Road Accidents,Not Applicable,City/Town,Open area,Human Error,No,Grievous Injury,Vehicle to Vehicle,Not at  Junction,Others,Others,Bitumen(Tar),Dry,Not Applicable,Clear,Outer ring road Agara flay over,Near Greens bar and resturent,50 M,12.923859,77.65328,0,0,0.0,0.0
Bengaluru City,HSR Lay Out Traffic PS,1.04432e+16,2021,1,1,Road Accidents,Narrow road,City/Town,Open area,Human Error,No,Grievous Injury,Not Applicable,No signal lights,Not Applicable,Two way,Bitumen(Tar),Not Applicable,Not Applicable,Wind,INFRONT OF BWSSW PLANT ORR HSRLAYOUT BANGALORE-560102,BWSSW PLANT ORR,2KM,12.917498,77.641163,0,0,0.0,0.0
Bengaluru City,HSR Lay Out Traffic PS,1.04432e+16,2021,1,2,Road Accidents,Narrow road,City/Town,Near office complex,Human Error,Yes,Grievous Injury,Vehicle to Vehicle,Police / Manual,Straight and flat,Two way,Bitumen(Tar),Dry,Not Applicable,Fine,SARJAPUR MAIN ROAD,infront of nallagangamma steel shop,5F,0.0,0.0,0,0,0.0,0.0
Bengaluru City,HSR Lay Out Traffic PS,1.04432e+16,2022,1,1,Road Accidents,Narrow road,City/Town,Open area,Human Error,No,Grievous Injury,Hit pedestrian,No signal lights,Others,Two way,Bitumen(Tar),Dry,Not Applicable,Fine,IN FRONT OF WHATFIX 17 TH CROSS HSR LAYOUT BENGALORE,IN FRONT OF WHATFIX,2KM,12.912271,77.641764,0,0,0.0,0.0
Bengaluru City,HSR Lay Out Traffic PS,1.04432e+16,2022,1,2,Rail Road Accidents,Narrow road,City/Town,Near Petrol Pump,Human Error,Not Applicable,Simple Injury,Vehicle to Vehicle,Police / Manual,Straight and flat,One way,Bitumen(Tar),Dry,Not Applicable,Fine,NEAR SAI DOCUMENTS & DEVALOPER BULDING 19 TH MAIN ROAD,19 TH MAIN ROAD,50 F,12.90705,77.64423,0,0,0.0,0.0
Bengaluru City,HSR Lay Out Traffic PS,1.04432e+16,2022,1,2,Road Accidents,Junction,City/Town,Open area,Not Applicable,No,Grievous Injury,Vehicle to Vehicle,Not at  Junction,Others,Others,Bitumen(Tar),Dry,Not Applicable,Clear,Infront of Chayyos Hotel 27th main Road,infront of chayyos hotel 27th main road hsr layout,2km,12.912484,77.651823,0,0,0.0,0.0
Bengaluru City,HSR Lay Out Traffic PS,1.04432e+16,2022,1,2,Road Accidents,Junction,City/Town,Open area,Not Applicable,No,Grievous Injury,Vehicle to Vehicle,No signal lights,Curve,Others,Bitumen(Tar),Dry,Not Applicable,Clear,in Front Of Presitige Apartment Doddakannahalli,Doddakannahalli Road,5 Km,12.9243838,77.6949457,0,0,0.0,0.0
Bengaluru City,HSR Lay Out Traffic PS,1.04432e+16,2022,1,2,Road Accidents,Junction,City/Town,Open area,Human Error,No,Grievous Injury,Vehicle to Vehicle,Signal lights Automatic,Straight and flat,Others,Bitumen(Tar),Dry,No influence on accident,Clear,Outer ring road,Near 27th main road Junction,50 F,12.924176,77.651895,0,0,0.0,0.0
Bengaluru City,HSR Lay Out Traffic PS,1.04432e+16,2022,1,2,Road Accidents,Junction,City/Town,Open area,Not Applicable,No,Fatal,Vehicle to Vehicle,Controlled,Others,Others,Bitumen(Tar),Dry,Not Applicable,Clear,IBBALURU JUNCTION,Near ibblur janction,0.5 Km,12.920621,77.665094,0,0,0.0,0.0
Bengaluru City,HSR Lay Out Traffic PS,1.04432e+16,2022,1,2,Road Accidents,Curves,City/Town,Residential area,Not Applicable,No,Fatal,Vehicle to Vehicle,Not at  Junction,Curve,Others,Bitumen(Tar),Dry,Not Applicable,Clear,In Front of SJR Verity aprt Kasavanahalli Main Raod,kasavanahalli main Raod,4 km,12.9028927,77.6757602,0,0,0.0,0.0
Bengaluru City,HSR Lay Out Traffic PS,1.04432e+16,2022,1,2,Not Applicable,Narrow road,City/Town,Open area,Not Applicable,No,Damage Only,Vehicle to Vehicle,Uncontrolled,Others,Others,Bitumen(Tar),Dry,Not Applicable,Clear,27Th Mian Road Outer Ring Road,27TH Main Road,1 Km,12.924171,77.65197,0,0,0.0,0.0
Bengaluru City,HSR Lay Out Traffic PS,1.04432e+16,2022,1,6,Road Accidents,Junction,City/Town,Residential area,Human Error,No,Grievous Injury,Vehicle to Vehicle,Controlled,Straight and flat,Others,Bitumen(Tar),Dry,Not Applicable,Clear,in front of Wifro office Sarjapur Main Road,Sarjapur Main Road,4 km,12.911043,77.683852,0,0,0.0,0.0
Bengaluru City,HSR Lay Out Traffic PS,1.04432e+16,2022,1,1,Road Accidents,Narrow road,City/Town,Open area,Not Applicable,No,Grievous Injury,Hit pedestrian,Not at  Junction,Not Applicable,Service Road,Bitumen(Tar),Dry,Not Applicable,Clear,"OPP Kundanahalli Electric Shop, Bommanahalli Service Road",hsr,05 KM,12.907449,77.628881,0,0,0.0,0.0
Bengaluru City,HSR Lay Out Traffic PS,1.04432e+16,2022,1,1,Road Accidents,Narrow road,City/Town,Open area,Not Applicable,Yes,Grievous Injury,Hit pedestrian,Uncontrolled,Others,Others,Bitumen(Tar),Dry,Not Applicable,Clear,Near Salarpuriya Apartment Sarjapur Main Raod,Sarjapur Main Road,4,12.911703,77.682021,0,0,0.0,0.0
Bengaluru City,HSR Lay Out Traffic PS,1.04432e+16,2022,1,1,Road Accidents,Junction,City/Town,Open area,Human Error,No,Grievous Injury,Hit pedestrian,Controlled,Others,Others,Bitumen(Tar),Dry,Not Applicable,Clear,Bellandur junction Outer Ring Road Bellandur,Bellandur Junction,02 Km,12.925869,77.676244,0,0,0.0,0.0
Bengaluru City,HSR Lay Out Traffic PS,1.04432e+16,2022,1,2,Road Accidents,Narrow road,City/Town,In bazaar,Human Error,Not Applicable,Grievous Injury,Vehicle to Vehicle,Police / Manual,Straight and flat,Two way,Bitumen(Tar),Dry,Engineering Defect of Road,Fine,HARALURU ROAD,LAKEDEW RESIDENCY LAYOUT,3.5 KM,12.89985,77.667813,4,0,0.0,4.0
Bengaluru City,HSR Lay Out Traffic PS,1.04432e+16,2022,1,1,Road Accidents,Narrow road,City/Town,Open area,Human Error,Yes,Grievous Injury,Hit pedestrian,Not at  Junction,Straight and flat,Others,Bitumen(Tar),Dry,Not Applicable,Fine,"SARJAPUR ROAD, CARMELARAM",GREEN TREE,20F,12.906416,77.69832,0,0,0.0,0.0
Bengaluru City,HSR Lay Out Traffic PS,1.04432e+16,2022,1,1,Road Accidents,Not Applicable,City/Town,Residential area,Human Error,No,Fatal,Not Applicable,Not Applicable,Others,Others,Concrete,Dry,Not Applicable,Others,"2nd Cross, Kodandarama nagara",1,4 Km,0.0,0.0,0,0,0.0,0.0
Bengaluru City,HSR Lay Out Traffic PS,1.04432e+16,2022,1,2,Road Accidents,Narrow road,City/Town,Open area,Human Error,No,Grievous Injury,Vehicle to Vehicle,Not at  Junction,Curve,Others,Bitumen(Tar),Dry,Not Applicable,Clear,"Infront of Pavitra Juvellars, Kasavanahalli Main Road",kasavanahalli main Raod,5 Km,12.909088,77.676388,0,0,0.0,0.0
Bengaluru City,HSR Lay Out Traffic PS,1.04432e+16,2022,1,2,Road Accidents,Narrow road,City/Town,Residential area,Human Error,Not Applicable,Simple Injury,Vehicle to Vehicle,Not at  Junction,Straight and flat,Two way,Bitumen(Tar),Dry,Not Applicable,Fine,INFRONT OF CONFIDENT PHOENIX APARTMENT KASAVANAHALLI ROAD,PHOENIX APARMENT KASAVANAHALLI,50 F,12.901176,77.675588,0,0,0.0,0.0
Bengaluru City,HSR Lay Out Traffic PS,1.04432e+16,2022,1,2,Road Accidents,Narrow road,City/Town,Open area,Not Applicable,No,Grievous Injury,Vehicle to Vehicle,Uncontrolled,Straight and flat,Others,Not Applicable,Dry,Not Applicable,Clear,NEAR AGARA UPPER RAMP ORR HSR LAYOUT,Agara upper ramp,1,12.9236871,77.6544205,0,0,0.0,0.0
Bengaluru City,HSR Lay Out Traffic PS,1.04432e+16,2022,1,1,Road Accidents,Narrow road,City/Town,Open area,Not Applicable,No,Grievous Injury,Not Applicable,Not at  Junction,Straight and flat,Others,Bitumen(Tar),Dry,Not Applicable,Clear,14Th Main Fly Ower Outer Ring Road HSR Layout,Outer Ring Road,2,12.9160684,77.6384312,0,0,0.0,0.0
Bengaluru City,HSR Lay Out Traffic PS,1.04432e+16,2022,1,3,Road Accidents,Narrow road,City/Town,Near office complex,Vehicle Defect,Not Applicable,Grievous Injury,Vehicle to Vehicle,Police / Manual,Straight and flat,Two way,Bitumen(Tar),Dry,Construction Work / Material,Fine,INFRONT OF ZOLO COMPANY 22ND CROSS ROAD,ZOLO COMPANY,500 M,12.90925,77.640959,2,0,0.0,2.0
Bengaluru City,HSR Lay Out Traffic PS,1.04432e+16,2022,1,2,Road Accidents,Narrow road,City/Town,Open area,Not Applicable,No,Damage Only,Vehicle to Vehicle,Controlled,Others,Others,Bitumen(Tar),Dry,Not Applicable,Clear,OUTER RING ROAD BELLANDUR,Infornt of bellandur bus stop,1km,12.9249567,77.6742904,0,0,0.0,0.0
Bengaluru City,HSR Lay Out Traffic PS,1.04432e+16,2022,1,1,Road Accidents,Narrow road,City/Town,Near office complex,Human Error,No,Fatal,Not Applicable,Not Applicable,Others,Others,Bitumen(Tar),Dry,No influence on accident,Others,Outer ring road HSR layouy,Opp Kiran Tower,2.5 KM,12.9167354,77.6289191,0,0,0.0,0.0
Bengaluru City,HSR Lay Out Traffic PS,1.04432e+16,2022,1,2,Road Accidents,Junction,City/Town,Open area,Not Applicable,No,Grievous Injury,Vehicle to Vehicle,Stop sign,Others,Others,Bitumen(Tar),Dry,Not Applicable,Clear,In Front Of SLV Bekery Ibbalur Jn,Ibbalur Junction,0.5,12.92086,77.665206,0,0,0.0,0.0
Bengaluru City,HSR Lay Out Traffic PS,1.04432e+16,2022,1,1,Road Accidents,Narrow road,City/Town,Open area,Not Applicable,No,Simple Injury,Hit pedestrian,Not at  Junction,Straight and flat,Service Road,Bitumen(Tar),Ditch or Potholed,Not Applicable,Clear,In Front Of Essar Petrol Bunk Bommanahalli Service Road,Bommanahalli Serivice Road,4,12.9079742,77.6286113,0,5,0.0,5.0
Bengaluru City,HSR Lay Out Traffic PS,1.04432e+16,2022,1,2,Road Accidents,Narrow road,City/Town,Near Bus stop,Human Error,Not Applicable,Grievous Injury,Vehicle to Vehicle,Police / Manual,Straight and flat,Two way,Bitumen(Tar),Dry,Not Applicable,Fine,BELLANDURU BUS STOP,BELLANDURU BUS STOP,50 F,12.922874,77.670046,0,0,0.0,0.0
Bengaluru City,HSR Lay Out Traffic PS,1.04432e+16,2022,1,1,Road Accidents,Narrow road,City/Town,At pedestrian Crossing,Human Error,No,Grievous Injury,Hit pedestrian,Police / Manual,Straight and flat,Two way,Bitumen(Tar),Dry,Not Applicable,Fine,SARJAPURA  SERVICE ROAD,NEAR STAR BAZAR SARJAPURA ROAD,10 F,12.91122,77.683042,0,0,0.0,0.0
Bengaluru City,HSR Lay Out Traffic PS,1.04432e+16,2022,1,2,Road Accidents,Road hump or Rumble strips,City/Town,Residential area,Human Error,No,Simple Injury,Vehicle to Vehicle,Not at  Junction,Hump,Others,Bitumen(Tar),Dry,No influence on accident,Others,Sarjapura Main Road,Near Royal Marbals & Granaits,20,12.906447,77.698039,0,0,0.0,0.0
Bengaluru City,HSR Lay Out Traffic PS,1.04432e+16,2022,1,2,Road Accidents,Narrow road,City/Town,Open area,Not Applicable,Yes,Fatal,Vehicle to Vehicle,Uncontrolled,Hump,Others,Bitumen(Tar),Dry,Not Applicable,Clear,Outer Ring Road Infront of MAH Bike Point 7th Cross Road,Outer Ring Road Infront of MAH Bike Point 7th Cross Road,2 KM,12.91962,77.643335,0,0,0.0,0.0
Bengaluru City,HSR Lay Out Traffic PS,1.04432e+16,2022,1,2,Road Accidents,Narrow road,City/Town,Near Bus stop,Not Applicable,No,Grievous Injury,Vehicle to Vehicle,Not Applicable,Others,Others,Bitumen(Tar),Dry,Not Applicable,Clear,Sarjapur Road,Kerthi krishna Apartment,4 KM,12.910763,77.684388,0,0,0.0,0.0
Bengaluru City,HSR Lay Out Traffic PS,1.04432e+16,2022,1,1,Road Accidents,Narrow road,City/Town,Residential area,Not Applicable,No,Grievous Injury,Hit pedestrian,Not at  Junction,Others,Service Road,Bitumen(Tar),Dry,Not Applicable,Clear,In Fornt Of HSBC Gate Ecospace Service Road Bellandur,In Fornt Of HSBC Gate Ecospace Service Road,2km,12.92743,77.679964,0,0,0.0,0.0
Bengaluru City,HSR Lay Out Traffic PS,1.04432e+16,2022,1,2,Road Accidents,Cross roads,City/Town,Near School or College,Human Error,No,Grievous Injury,Vehicle to Vehicle,Not at  Junction,Straight and flat,Others,Bitumen(Tar),Dry,Not Applicable,Clear,Infront of gnanasrusti Exlence School  17th Cross Road HSR,1,4 km,12.54436,77.38446,0,0,0.0,0.0
Bengaluru City,HSR Lay Out Traffic PS,1.04432e+16,2022,1,1,Road Accidents,Bottleneck,City/Town,Residential area,Human Error,No,Fatal,Not Applicable,Uncontrolled,Straight and flat,Others,Bitumen(Tar),Dry,Not Applicable,Clear,HSR 5th main Road,hsr 5th main Road,5 Km,12.9108311,77.6324579,0,0,0.0,0.0
Bengaluru City,HSR Lay Out Traffic PS,1.04432e+16,2022,1,1,Road Accidents,Narrow road,City/Town,Near Bus stop,Human Error,No,Fatal,Vehicle to Vehicle,Uncontrolled,Straight and flat,Others,Bitumen(Tar),Dry,Not Applicable,Clear,IBBALUR BRIDGE OUTER RING ROAD IBBALUR,Outer Ring Road,0.5,12.921014,77.663262,0,0,0.0,0.0
Bengaluru City,HSR Lay Out Traffic PS,1.04432e+16,2022,1,2,Road Accidents,Narrow road,City/Town,Open area,Human Error,No,Grievous Injury,Vehicle to Vehicle,Signal lights Automatic,Others,One way,Bitumen(Tar),Dry,Not Applicable,Fine,"near bhive workspace, outer ring road,hsr layout bangalore city karnataka",NEAR 14 MAIN JUNTION,3 km,12.917585,77.62501,0,0,0.0,0.0
Bengaluru City,HSR Lay Out Traffic PS,1.04432e+16,2022,1,2,Road Accidents,Narrow road,City/Town,Near office complex,Human Error,No,Grievous Injury,Vehicle to Vehicle,No signal lights,Straight and flat,Others,Bitumen(Tar),Dry,Not Applicable,Clear,Outer ring road,Opp HDFC Bank ORR,1.5,12.923515,77.646747,0,0,0.0,0.0
Bengaluru City,HSR Lay Out Traffic PS,1.04432e+16,2022,1,1,Road Accidents,Narrow road,City/Town,Open area,Not Applicable,No,Grievous Injury,Hit pedestrian,Uncontrolled,Others,Others,Bitumen(Tar),Dry,Not Applicable,Clear,Infront of Bihaive Work Space Outer ring road hsr lyt,Infront of Bihaive Work Space Outer ring road hsr lyt,3km,12.9175566,77.6249732,0,0,0.0,0.0
Bengaluru City,HSR Lay Out Traffic PS,1.04432e+16,2022,1,1,Other Railway Accidents,Junction,City/Town,Residential area,Human Error,No,Fatal,Hit pedestrian,Not Applicable,Curve,Others,Bitumen(Tar),Dry,No influence on accident,Fine,Sarjapur Road,Fornt of Andnd Sweets,2km,12.916718,77.673429,0,0,0.0,0.0
Bengaluru City,HSR Lay Out Traffic PS,1.04432e+16,2022,1,1,Road Accidents,Narrow road,City/Town,Open area,Not Applicable,No,Grievous Injury,Hit pedestrian,Uncontrolled,Straight and flat,Others,Bitumen(Tar),Dry,Not Applicable,Clear,Near Veman Circle 27th main Road HSR Layout,27TH Main Road,5,12.904479,77.650861,0,0,0.0,0.0
Bengaluru City,HSR Lay Out Traffic PS,1.04432e+16,2022,1,2,Road Accidents,Cross roads,City/Town,Open area,Not Applicable,No,Grievous Injury,Vehicle to Vehicle,Uncontrolled,Others,Others,Bitumen(Tar),Dry,Not Applicable,Clear,"Near HP Pentrol Pump, Harluru Main Road",Harluru Mian,2km,12.916464,77.669819,0,0,0.0,0.0
Bengaluru City,HSR Lay Out Traffic PS,1.04432e+16,2022,1,1,Road Accidents,Narrow road,City/Town,Near School or College,Human Error,No,Grievous Injury,Not Applicable,Uncontrolled,Straight and flat,Others,Bitumen(Tar),Dry,No influence on accident,Clear,Infront Of Ibbalur Bus Stop O RR,Ibbalur village,0.5Km,12.921137,77.663441,0,0,0.0,0.0
Bengaluru City,HSR Lay Out Traffic PS,1.04432e+16,2022,1,2,Road Accidents,Narrow road,City/Town,Residential area,Human Error,Yes,Fatal,Vehicle to Vehicle,Police / Manual,Straight and flat,One way,Bitumen(Tar),Dry,Not Applicable,Fine,outer ring road 14 th main,near bwssb water flant,1.5 k,12.916481,77.639885,0,0,0.0,0.0
Bengaluru City,HSR Lay Out Traffic PS,1.04432e+16,2022,1,2,Road Accidents,Narrow road,City/Town,Near office complex,Human Error,Not Applicable,Grievous Injury,Vehicle to Vehicle,Police / Manual,Straight and flat,Two way,Bitumen(Tar),Dry,Construction Work / Material,Fine,24TH MAIN  HSR LAYOUT,OPP THIRUMALA THETAR HSR LAYOUT,100 M,12.919926,77.649249,2,0,0.0,2.0
Bengaluru City,HSR Lay Out Traffic PS,1.04432e+16,2022,1,2,Road Accidents,Narrow road,City/Town,Open area,Not Applicable,No,Grievous Injury,Vehicle to Vehicle,No signal lights,Hump,Others,Not Applicable,Dry,Not Applicable,Clear,Outer ring road HSR layouy,Agara upper ramp,1,12.924044,77.653846,0,0,0.0,0.0
Bengaluru City,HSR Lay Out Traffic PS,1.04432e+16,2022,1,2,Road Accidents,Narrow road,City/Town,Open area,Not Applicable,No,Fatal,Vehicle to Vehicle,Not at  Junction,Curve,Others,Bitumen(Tar),Dry,Not Applicable,Clear,"In Front of Prkariya School Gate, Halanayakanahall main Raod",Halanayakanahalli Main Road,5Km,12.885931,77.696631,0,0,0.0,0.0
Bengaluru City,HSR Lay Out Traffic PS,1.04432e+16,2022,1,2,Road Accidents,Narrow road,City/Town,Open area,Not Applicable,No,Grievous Injury,Vehicle to Vehicle,Not at  Junction,Hump,Others,Bitumen(Tar),Dry,Not Applicable,Clear,Near VV R School Sarjapur Main Raod,Near VV R School Sarjapur Main Raod,4,12.5428,77.41326,0,0,0.0,0.0
Bengaluru City,HSR Lay Out Traffic PS,1.04432e+16,2022,1,3,Road Accidents,Narrow road,City/Town,Open area,Not Applicable,Yes,Grievous Injury,Vehicle to Vehicle,No signal lights,Others,Others,Bitumen(Tar),Dry,Not Applicable,Clear,Nea Shanimahatma Temple Sarjapur Maim Road,Sarjapur Main Road,5 Km,12.906467,77.697786,0,0,0.0,0.0
Bengaluru City,HSR Lay Out Traffic PS,1.04432e+16,2022,1,1,Road Accidents,Narrow road,City/Town,Residential area,Human Error,Yes,Grievous Injury,Hit pedestrian,Not at  Junction,Straight and flat,Service Road,Bitumen(Tar),Ditch or Potholed,Not Applicable,Clear,"infront of kundan electric shop, bommanahalli service road",Bommanahalli Serivice Road,5 Km,12.907442,77.628887,0,5,0.0,5.0
Bengaluru City,HSR Lay Out Traffic PS,1.04432e+16,2022,1,1,Road Accidents,Curves,City/Town,Open area,Not Applicable,Yes,Fatal,Hit pedestrian,Uncontrolled,Curve,Others,Surfaced,Dry,Not Applicable,Clear,SIn front of No 81  sweth recidendcy Sernity Layout Kaikondrahalli sarjapur Main Road,Seranity Layout Kaikondra halli,1.5 k,12.916388,77.674534,0,0,,
Bengaluru City,HSR Lay Out Traffic PS,1.04432e+16,2022,1,2,Road Accidents,Road hump or Rumble strips,City/Town,Open area,Not Applicable,No,Grievous Injury,Vehicle to Vehicle,Not Applicable,Hump,Others,Surfaced,Dry,Not Applicable,Clear,"17 TH CROSS,HSR LAYOUT",infront of house number 1816,2km,12.9159,77.647599,0,0,,
Bengaluru City,HSR Lay Out Traffic PS,1.04432e+16,2022,1,2,Not Applicable,Narrow road,City/Town,Near office complex,Human Error,No,Damage Only,Vehicle to Vehicle,Not Applicable,Others,Others,Concrete,Dry,No influence on accident,Clear,Straigth road,off Food Court,5,12.920432,77.685602,0,0,0.0,0.0
Bengaluru City,HSR Lay Out Traffic PS,1.04432e+16,2022,1,1,Road Accidents,Narrow road,City/Town,Near School or College,Human Error,No,Grievous Injury,Not Applicable,Not Applicable,Others,Two way,Bitumen(Tar),Dry,Not Applicable,Fine,"INFRONT OF ADARSHA MEDICAL,ANJANADRI SCHOOL ROAD DODDAKANAHALLI",DODDAKANNALLI SARJAPURA MAIN ROAD,5 KM,12.91029,77.700155,0,0,0.0,0.0