DISTRICTNAME,UNITNAME,Crime_No,Year,RI,Noofvehicle_involved,Accident_Classification,Accident_Spot,Accident_Location,Accident_SubLocation,Main_Cause,Hit_Run,Severity,Collision_Type,Junction_Control,Road_Character,Road_Type,Surface_Type,Surface_Condition,Road_Condition,Weather,Accident_Road,Landmark_first,Distance_LandMark_First,Latitude,Longitude,Road_Condition_Score,Surface_Condition_Score,Surface_Type_Score,Road_Risk_Index
Bengaluru City,HSR Lay Out Traffic PS,1.04432e+16,2022,1,1,Road Accidents,Narrow road,City/Town,Residential area,Human Error,No,Grievous Injury,Hit pedestrian,No signal lights,Others,Two way,Bitumen(Tar),Dry,Not Applicable,Fine,"INFORNT OF RAMARED BULDING,2 ND B CROSS DODDAKANNAHALLI",RAMAREDDY,5 KM,12.914103,77.700299,0,0,0.0,0.0
Bengaluru City,HSR Lay Out Traffic PS,1.04432e+16,2022,1,1,Road Accidents,Not Applicable,City/Town,Residential area,Human Error,No,Grievous Injury,Hit pedestrian,Not at  Junction,Straight and flat,Others,Bitumen(Tar),Dry,No influence on accident,Clear,Haraluru Road,Near Sairam Condiments,50 F,12.903085,77.66142,0,0,0.0,0.0
Bengaluru City,HSR Lay Out Traffic PS,1.04432e+16,2022,1,1,Road Accidents,Bottleneck,City/Town,Open area,Not Applicable,No,Grievous Injury,Hit pedestrian,Not at  Junction,Others,Others,Surfaced,Dry,Not Applicable,Clear,Outer ring road HSR layouy,in front of barlin Ohk shop,1,12.923929,77.647517,0,0,,
Bengaluru City,HSR Lay Out Traffic PS,1.04432e+16,2022,1,2,Road Accidents,Junction,City/Town,Near Petrol Pump,Not Applicable,No,Grievous Injury,Vehicle to Vehicle,Give way sign,Curve,Others,Surfaced,Dry,Not Applicable,Clear,agara junction,1,1,12.924568,77.649797,0,0,,
Bengaluru City,HSR Lay Out Traffic PS,1.04432e+16,2022,1,1,Road Accidents,Narrow road,City/Town,Residential area,Human Error,No,Fatal,Vehicle to Vehicle,Police / Manual,Straight and flat,Two way,Bitumen(Tar),Dry,Construction Work / Material,Fine,13 TH MAIN ROAD 7TH SECTOR HSR LAYOUT,13 TH MAIN ROAD HSR LAYOUT,100 M,12.908876,77.637513,2,0,0.0,2.0
Bengaluru City,HSR Lay Out Traffic PS,1.04432e+16,2022,1,1,Road Accidents,Narrow road,City/Town,Open area,Not Applicable,No,Fatal,Not Applicable,Not at  Junction,Others,Not Applicable,Bitumen(Tar),Dry,Not Applicable,Clear,"17 TH CROSS,HSR LAYOUT",17th cross road hsr layout,2km,12.912028,77.645571,0,0,0.0,0.0
Bengaluru City,HSR Lay Out Traffic PS,1.04432e+16,2022,1,1,Road Accidents,Narrow road,City/Town,Open area,Not Applicable,No,Grievous Injury,Not Applicable,Stop Sign,Others,Others,Bitumen(Tar),Dry,Not Applicable,Clear,Nea Shanimahatma Temple Sarjapur Maim Road,Sarjapur Main Road,6 Km,12.906496,77.697943,0,0,0.0,0.0
Bengaluru City,HSR Lay Out Traffic PS,1.04432e+16,2022,1,2,Road Accidents,Narrow road,City/Town,Near office complex,Human Error,No,Grievous Injury,Vehicle to Vehicle,Police / Manual,Straight and flat,One way,Bitumen(Tar),Dry,Not Applicable,Fine,INFRONT OF CHAI POINT BELLANDURU,ORR ROAD BELLANDURU,50 m,12.922291,77.668499,0,0,0.0,0.0
Bengaluru City,HSR Lay Out Traffic PS,1.04432e+16,2022,1,2,Road Accidents,Narrow road,City/Town,Near Bus stop,Human Error,Yes,Grievous Injury,Vehicle to Vehicle,Police / Manual,Straight and flat,Two way,Bitumen(Tar),Dry,Engineering Defect of Road,Fine,OPP WIPRO COMPENY KAIKONDRAHALLI SARJAPURA ROAD,OPP WIPRO OFFICE,10 F,12.911049,77.683617,4,0,0.0,4.0
Bengaluru City,HSR Lay Out Traffic PS,1.04432e+16,2022,1,3,Road Accidents,Narrow road,City/Town,Open area,Human Error,No,Simple Injury,Vehicle to Vehicle,Not at  Junction,Straight and flat,Others,Bitumen(Tar),Dry,Not Applicable,Fine,"AGARA FLY OVER,NEAR KIDZ PLAY ZONE SCHOOL",GREEN TREE,35,12.924401,77.648874,0,0,0.0,0.0
Bengaluru City,HSR Lay Out Traffic PS,1.04432e+16,2022,1,2,Road Accidents,Narrow road,City/Town,Open area,Human Error,No,Grievous Injury,Vehicle to Vehicle,Controlled,Others,Others,Bitumen(Tar),Dry,Not Applicable,Clear,Cormelaram Circle Sarjapura Main Road,Infront Of Cormelarom Circle Sarjapur Main Road,5km,12.903481,77.703955,0,0,0.0,0.0
Bengaluru City,HSR Lay Out Traffic PS,1.04432e+16,2022,1,1,Road Accidents,Narrow road,City/Town,Open area,Not Applicable,No,Grievous Injury,Hit pedestrian,No signal lights,Incline,One way,Bitumen(Tar),Dry,Not Applicable,Clear,sjr plaza Apartment Sarjapur Main Road,sarjapur Main Road,5,12.906194,77.699047,0,0,0.0,0.0
Bengaluru City,HSR Lay Out Traffic PS,1.04432e+16,2022,1,1,Road Accidents,Narrow road,City/Town,Residential area,Human Error,No,Fatal,Vehicle to Vehicle,Uncontrolled,Straight and flat,Others,Bitumen(Tar),Dry,Not Applicable,Clear,INFRONT OF ALAKRUTH PLAZZA 24TH MAIN ROAD,24TH MAIN ROAD HSR,6,12.9051114,77.6489569,0,0,0.0,0.0
Bengaluru City,HSR Lay Out Traffic PS,1.04432e+16,2023,1,1,Road Accidents,Narrow road,City/Town,Residential area,Human Error,No,Fatal,Hit pedestrian,Uncontrolled,Straight and flat,Others,Bitumen(Tar),Dry,Not Applicable,Clear,24th Main Road HSR Layout,24th Main,5 Km,12.909302,77.649284,0,0,0.0,0.0
Bengaluru City,HSR Lay Out Traffic PS,1.04432e+16,2023,1,2,Road Accidents,Narrow road,City/Town,Residential area,Human Error,No,Grievous Injury,Vehicle to Vehicle,Uncontrolled,Straight and flat,Two way,Bitumen(Tar),Dry,Not Applicable,Clear,24th Mian Road HSR Layout,24th Main,02 km,12.914263,77.648994,0,0,0.0,0.0
Bengaluru City,HSR Lay Out Traffic PS,1.04432e+16,2023,1,2,Road Accidents,Cross roads,City/Town,Residential area,Human Error,Yes,Grievous Injury,Vehicle to Vehicle,Uncontrolled,Straight and flat,Two way,Bitumen(Tar),Dry,Not Applicable,Clear,27th MainRoad HSR Layout,hsr layout,3km,12.907644,77.651637,0,0,0.0,0.0
Bengaluru City,HSR Lay Out Traffic PS,1.04432e+16,2023,1,2,Road Accidents,Narrow road,City/Town,Open area,Human Error,No,Damage Only,Vehicle to Vehicle,Controlled,Straight and flat,Others,Bitumen(Tar),Dry,Not Applicable,Clear,SARJAPU MAIN ROAD,DODDAKANNAHALLI,6,12.906905,77.696118,0,0,0.0,0.0
Bengaluru City,HSR Lay Out Traffic PS,1.04432e+16,2023,1,2,Road Accidents,Narrow road,City/Town,Residential area,Human Error,Yes,Fatal,Vehicle to Vehicle,Uncontrolled,Straight and flat,Two way,Bitumen(Tar),Dry,Not Applicable,Clear,"19th main Road, hsr laylut",19th main in front of karnatak mobile servise,3 km,12.906545,77.644443,0,0,0.0,0.0
Bengaluru City,HSR Lay Out Traffic PS,1.04432e+16,2023,1,1,Road Accidents,Narrow road,City/Town,Open area,Human Error,Yes,Grievous Injury,Hit pedestrian,Uncontrolled,Straight and flat,Others,Bitumen(Tar),Dry,Not Applicable,Clear,"SARJAPUR MAIN ROAD, HSR LAYOUT",NURSERY,3KM,12.924493,77.645687,0,0,0.0,0.0
Bengaluru City,HSR Lay Out Traffic PS,1.04432e+16,2023,1,1,Road Accidents,Road hump or Rumble strips,City/Town,Near Hospital,Human Error,No,Fatal,Not Applicable,Not at  Junction,Straight and flat,Others,Bitumen(Tar),Dry,Not Applicable,Clear,14th Main Road HSR Layout,Street Light,1 km,12.918924,77.638452,0,0,0.0,0.0
Bengaluru City,HSR Lay Out Traffic PS,1.04432e+16,2023,1,2,Road Accidents,Narrow road,City/Town,Open area,Human Error,No,Grievous Injury,Vehicle to Vehicle,Not at  Junction,Straight and flat,State Highway,Bitumen(Tar),Dry,Not Applicable,Clear,14th Main Road Brige Outer Ring Ring,Outer Ring Road,1,12.916204,77.63673,0,0,0.0,0.0
Bengaluru City,HSR Lay Out Traffic PS,1.04432e+16,2023,1,1,Road Accidents,Narrow road,City/Town,Open area,Not Applicable,Not Applicable,Grievous Injury,Not Applicable,Uncontrolled,Straight and flat,Others,Bitumen(Tar),Dry,Not Applicable,Clear,BWSSB 14TH MAIN FLYOVER DIVIDER HSRLAYOUT,BWSSM WANTER TANK,40,12.917618,77.640883,0,0,0.0,0.0
Bengaluru City,HSR Lay Out Traffic PS,1.04432e+16,2023,1,1,Road Accidents,Cross roads,City/Town,Open area,Human Error,No,Grievous Injury,Hit pedestrian,Not at  Junction,Curve,Others,Bitumen(Tar),Dry,Not Applicable,Clear,Infront of panjab National Bank Green Glen layout,Green Glen Layout,3,12.9255,77.669899,0,0,0.0,0.0
Bengaluru City,HSR Lay Out Traffic PS,1.04432e+16,2023,1,1,Road Accidents,Curves,City/Town,Residential area,Human Error,No,Grievous Injury,Hit pedestrian,Uncontrolled,Curve,Others,Bitumen(Tar),Dry,Not Applicable,Clear,In Front of Rockview Bar Hsr Lyt 27th Main Road,1,6 km,12.901798,77.650613,0,0,0.0,0.0
Bengaluru City,HSR Lay Out Traffic PS,1.04432e+16,2023,1,2,Road Accidents,Narrow road,City/Town,Open area,Human Error,No,Grievous Injury,Vehicle to Vehicle,Uncontrolled,Straight and flat,One way,Bitumen(Tar),Dry,Not Applicable,Clear,Sarjapur Main Road Near Agar Lake,Agar lake Rod,1.5 Km,12.924431,77.645395,0,0,0.0,0.0
Bengaluru City,HSR Lay Out Traffic PS,1.04432e+16,2023,1,1,Road Accidents,Narrow road,City/Town,Open area,Human Error,Yes,Grievous Injury,Not Applicable,Uncontrolled,Straight and flat,Service Road,Bitumen(Tar),Dry,Not Applicable,Clear,"Bommanahalli Service Road, HSR Layout",bommanhalli Service Road,2 km,12.915412,77.624037,0,0,0.0,0.0
Bengaluru City,HSR Lay Out Traffic PS,1.04432e+16,2023,1,2,Road Accidents,Narrow road,City/Town,Open area,Human Error,No,Fatal,Vehicle to Vehicle,Uncontrolled,Others,Service Road,Bitumen(Tar),Dry,Not Applicable,Clear,outer ring road serives road,service road,2 km,12.920355,77.643655,0,0,0.0,0.0
Bengaluru City,HSR Lay Out Traffic PS,1.04432e+16,2023,1,2,Road Accidents,Narrow road,City/Town,Open area,Human Error,No,Fatal,Vehicle to Vehicle,Not at  Junction,Straight and flat,Service Road,Bitumen(Tar),Dry,Not Applicable,Clear,Outer Ring Road Service Road,Service Road,0.5km,12.917634,77.641401,0,0,0.0,0.0
Bengaluru City,HSR Lay Out Traffic PS,1.04432e+16,2023,1,1,Road Accidents,Narrow road,City/Town,Residential area,Human Error,No,Fatal,Hit pedestrian,Uncontrolled,Straight and flat,Others,Bitumen(Tar),Dry,Not Applicable,Clear,OUTER RITG ROAD,1,2 KM,12.923139,77.64621,0,0,0.0,0.0
Bengaluru City,HSR Lay Out Traffic PS,1.04432e+16,2023,1,2,Road Accidents,Cross roads,City/Town,Residential area,Human Error,No,Grievous Injury,Vehicle to Vehicle,Not Applicable,Straight and flat,Sub Arterial,Bitumen(Tar),Dry,Not Applicable,Clear,IN FRONT OF RASTRACKUR HOTEL 19TH MAIN ROAD,19TH MAIN ROAD,1 kM,12.913664,77.644677,0,0,0.0,0.0
Bengaluru City,HSR Lay Out Traffic PS,1.04432e+16,2023,1,2,Road Accidents,Narrow road,City/Town,Residential area,Human Error,No,Grievous Injury,Vehicle to Vehicle,Uncontrolled,Straight and flat,Others,Bitumen(Tar),Dry,Not Applicable,Clear,18th main road hsr layut,18th main,3 km,12.910768,77.644357,0,0,0.0,0.0
Bengaluru City,HSR Lay Out Traffic PS,1.04432e+16,2023,1,2,Road Accidents,Narrow road,City/Town,Residential area,Human Error,No,Grievous Injury,Vehicle to Vehicle,Uncontrolled,Others,Others,Bitumen(Tar),Dry,Not Applicable,Clear,In Front of Mango Hayipar Market Ger School Road Doddakannahalli,Gear School Doddakannahalli,8 KM,12.920072,77.696462,0,0,0.0,0.0
Bengaluru City,HSR Lay Out Traffic PS,1.04432e+16,2023,1,2,Not Applicable,Narrow road,City/Town,Residential area,Not Applicable,No,Damage Only,Vehicle to Vehicle,Uncontrolled,Straight and flat,Others,Bitumen(Tar),Dry,Not Applicable,Clear,"Beside of West side shop, sarjapur main",Sarjapur Main Road,6 km,12.909319,77.688266,0,0,0.0,0.0
Bengaluru City,HSR Lay Out Traffic PS,1.04432e+16,2023,1,2,Road Accidents,Narrow road,City/Town,Residential area,Human Error,No,Grievous Injury,Vehicle to Vehicle,Uncontrolled,Straight and flat,Others,Bitumen(Tar),Dry,Not Applicable,Clear,17th Cross Road HSR Layout,17th Cross,0.5 Km,12.912277,77.639931,0,0,0.0,0.0
Bengaluru City,HSR Lay Out Traffic PS,1.04432e+16,2023,1,2,Road Accidents,Narrow road,City/Town,Residential area,Human Error,No,Grievous Injury,Vehicle to Vehicle,Uncontrolled,Straight and flat,Others,Bitumen(Tar),Ditch or Potholed,Not Applicable,Clear,30,Junnasadra Main Road,5 Km,12.909833,77.64072,0,5,0.0,5.0
Bengaluru City,HSR Lay Out Traffic PS,1.04432e+16,2023,1,1,Road Accidents,Narrow road,City/Town,Open area,Human Error,No,Fatal,Not Applicable,Not at  Junction,Straight and flat,Others,Bitumen(Tar),Dry,Not Applicable,Cloudy,Outer Ring Road HSR Layout Near 5th Main Juction,Outer Ring road,1 km,12.916316,77.63397,0,0,0.0,0.0
Bengaluru City,HSR Lay Out Traffic PS,1.04432e+16,2023,1,1,Road Accidents,Narrow road,City/Town,Open area,Vehicle Defect,No,Grievous Injury,Not Applicable,Uncontrolled,Not Applicable,Service Road,Bitumen(Tar),Dry,Not Applicable,Clear,BOMMANAHALLI SERVICE ROAD,BOMMANAHALLI SERVICE ROAD,3KM,12.914012,77.624839,0,0,0.0,0.0
Bengaluru City,HSR Lay Out Traffic PS,1.04432e+16,2023,1,2,Road Accidents,Cross roads,City/Town,Residential area,Human Error,No,Simple Injury,Vehicle to Vehicle,Not at  Junction,Curve,Others,Bitumen(Tar),Dry,Not Applicable,Clear,19th Main Service Road hsr layout,19TH MAIN ROAD,2km,12.907765,77.644265,0,0,0.0,0.0
Bengaluru City,HSR Lay Out Traffic PS,1.04432e+16,2023,1,2,Not Applicable,Circle,City/Town,Near Petrol Pump,Not Applicable,No,Damage Only,Not Applicable,Not Applicable,Others,Service Road,Bitumen(Tar),Dry,Not Applicable,Clear,BELLANDURU SERVICE ROAD,SHELL PETROL BUNK,1 KMS,12.903284,77.648674,0,0,0.0,0.0
Bengaluru City,HSR Lay Out Traffic PS,1.04432e+16,2023,1,1,Road Accidents,Narrow road,City/Town,Open area,Not Applicable,No,Grievous Injury,Hit pedestrian,Uncontrolled,Curve,Residential Street,Bitumen(Tar),Dry,Not Applicable,Clear,IN FRONT OF KLASSIC MOTORS 27TH CROSS HSR,1,4 KM,12.905048,77.643248,0,0,0.0,0.0
Bengaluru City,HSR Lay Out Traffic PS,1.04432e+16,2023,1,2,Road Accidents,Narrow road,City/Town,Residential area,Human Error,No,Grievous Injury,Vehicle to Vehicle,Not at  Junction,Straight and flat,Minor District Road,Bitumen(Tar),Dry,Not Applicable,Clear,NEAR IMPORIYA HOTEL 17TH CROSS HSRLAYOUT,KEB JUNCTION,1,12.911902,77.649464,0,0,0.0,0.0
Bengaluru City,HSR Lay Out Traffic PS,1.04432e+16,2023,1,2,Road Accidents,Junction,City/Town,Open area,Human Error,Yes,Grievous Injury,Vehicle to Vehicle,Controlled,Curve,Others,Bitumen(Tar),Dry,Not Applicable,Clear,Near Ibbalur Junction OUter Ring Road,Outer Ring Road,0.5,12.921072,77.665231,0,0,0.0,0.0
Bengaluru City,HSR Lay Out Traffic PS,1.04432e+16,2023,1,2,Road Accidents,Cross roads,City/Town,Residential area,Human Error,No,Fatal,Vehicle to Vehicle,Uncontrolled,Straight and flat,Others,Bitumen(Tar),Dry,Not Applicable,Clear,"In Front of Niva Medicle, 15th Cross, 26th main Road",1,3km,12.914055,77.651263,0,0,0.0,0.0
Bengaluru City,HSR Lay Out Traffic PS,1.04432e+16,2023,1,1,Road Accidents,Junction,City/Town,Open area,Human Error,No,Grievous Injury,Not Applicable,Controlled,Straight and flat,Others,Not Applicable,Dry,Not Applicable,Clear,Outer RingRoad,1 Km,1km,12.919656,77.643028,0,0,0.0,0.0
Bengaluru City,HSR Lay Out Traffic PS,1.04432e+16,2023,1,2,Road Accidents,Cross roads,City/Town,Residential area,Human Error,No,Grievous Injury,Vehicle to Vehicle,Uncontrolled,Curve,Residential Street,Bitumen(Tar),Dry,Not Applicable,Clear,17th Cross Road HSR Layout,light fole,1,12.912253,77.639946,0,0,0.0,0.0
Bengaluru City,HSR Lay Out Traffic PS,1.04432e+16,2023,1,2,Road Accidents,Narrow road,City/Town,Open area,Human Error,No,Damage Only,Vehicle to Vehicle,Uncontrolled,Straight and flat,Not Applicable,Bitumen(Tar),Others,Not Applicable,Clear,Outer Ring Road HSR Layout,1,2 KM,0.0,0.0,0,1,0.0,1.0
Bengaluru City,HSR Lay Out Traffic PS,1.04432e+16,2023,1,1,Road Accidents,Narrow road,City/Town,Open area,Human Error,No,Grievous Injury,Not Applicable,Uncontrolled,Straight and flat,Minor District Road,Bitumen(Tar),Dry,Not Applicable,Clear,NEAR BDA BUS STAND OUTER RING ROAD HSRLAYOUT,14TH MAIN JUNCTION,1 Km,12.91624,77.635299,0,0,0.0,0.0
Bengaluru City,HSR Lay Out Traffic PS,1.04432e+16,2023,1,2,Road Accidents,Not Applicable,City/Town,Open area,Human Error,No,Grievous Injury,Vehicle to Vehicle,Uncontrolled,Others,Others,Bitumen(Tar),Dry,Not Applicable,Clear,"7th Cross Junction, 30th MainRoad",7th Cross,5Km,12.919801,77.654117,0,0,0.0,0.0
Bengaluru City,HSR Lay Out Traffic PS,1.04432e+16,2023,1,2,Road Accidents,Narrow road,City/Town,Residential area,Human Error,No,Damage Only,Vehicle to Vehicle,Not at  Junction,Straight and flat,Two way,Bitumen(Tar),Dry,Not Applicable,Clear,Infront of Mahalkshmi Seramic Shop Kasavanahlli Main Road,kasavanahalli main Raod,5 Km,12.891449,77.673498,0,0,0.0,0.0
Bengaluru City,HSR Lay Out Traffic PS,1.04432e+16,2023,1,2,Road Accidents,Narrow road,City/Town,Open area,Human Error,No,Grievous Injury,Vehicle to Vehicle,Uncontrolled,Curve,Service Road,Bitumen(Tar),Dry,Not Applicable,Clear,Outer Ring Road Service Road,Outer ring Road,0.5 km,12.91752,77.640907,0,0,0.0,0.0
Bengaluru City,HSR Lay Out Traffic PS,1.04432e+16,2023,1,1,Road Accidents,Cross roads,City/Town,Open area,Human Error,No,Grievous Injury,Hit pedestrian,Controlled,Straight and flat,State Highway,Bitumen(Tar),Dry,Not Applicable,Clear,"DEPO CROSS JUNTION, OUTER RING ROAD",RING ROAD,2 KM,12.919847,77.642982,0,0,0.0,0.0
Bengaluru City,HSR Lay Out Traffic PS,1.04432e+16,2023,1,2,Road Accidents,Narrow road,City/Town,Open area,Human Error,No,Simple Injury,Vehicle to Vehicle,Uncontrolled,Straight and flat,Two way,Bitumen(Tar),Others,Not Applicable,Clear,bommanahalli service road,Honda Show Room,3 km,12.910056,77.627876,0,1,0.0,1.0
Bengaluru City,HSR Lay Out Traffic PS,1.04432e+16,2023,1,1,Road Accidents,Not Applicable,City/Town,Open area,Human Error,No,Fatal,Not Applicable,Uncontrolled,Straight and flat,Others,Bitumen(Tar),Dry,Not Applicable,Clear,"14th main fly over, ring road hsr layout",ring road,1 km,12.916199,77.637202,0,0,0.0,0.0
Bengaluru City,HSR Lay Out Traffic PS,1.04432e+16,2023,1,1,Road Accidents,Narrow road,City/Town,Residential area,Human Error,No,Fatal,Hit pedestrian,Not at  Junction,Straight and flat,Others,Bitumen(Tar),Dry,Not Applicable,Clear,Doddakannahalli Gear School Road,Gear School road,6 Km,12.913238,77.69849,0,0,0.0,0.0
Bengaluru City,HSR Lay Out Traffic PS,1.04432e+16,2023,1,1,Road Accidents,Narrow road,City/Town,Open area,Human Error,No,Fatal,Not Applicable,Uncontrolled,Straight and flat,Others,Bitumen(Tar),Dry,Not Applicable,Clear,Outer Ring Road Agar HSR Layout,Outer Ring road,1,12.92348,77.646612,0,0,0.0,0.0
Bengaluru City,HSR Lay Out Traffic PS,1.04432e+16,2023,1,2,Road Accidents,Narrow road,City/Town,Residential area,Human Error,Yes,Fatal,Vehicle to Vehicle,Uncontrolled,Straight and flat,Two way,Bitumen(Tar),Dry,Not Applicable,Clear,"24th Main Road, HSR Layout",24th main HSR,5 km,12.910441,77.649166,0,0,0.0,0.0
Bengaluru City,HSR Lay Out Traffic PS,1.04432e+16,2023,1,1,Road Accidents,Narrow road,City/Town,Residential area,Human Error,Not Applicable,Grievous Injury,Vehicle to Vehicle,Uncontrolled,Straight and flat,Two way,Bitumen(Tar),Dry,Not Applicable,Clear,HSR Layout 5th Main Road,5th Main VIP Building,1 Km,12.912101,77.632436,0,0,0.0,0.0
Bengaluru City,HSR Lay Out Traffic PS,1.04432e+16,2023,1,2,Road Accidents,Narrow road,City/Town,Residential area,Human Error,No,Grievous Injury,Vehicle to Vehicle,Not at  Junction,Straight and flat,Others,Bitumen(Tar),Dry,Not Applicable,Clear,Salitar Apartment 5th mainRoad,5th main Road,1 kM,12.90843,77.632606,0,0,0.0,0.0
Bengaluru City,HSR Lay Out Traffic PS,1.04432e+16,2023,1,2,Road Accidents,Narrow road,City/Town,Residential area,Human Error,Yes,Damage Only,Vehicle to Vehicle,Not at  Junction,Straight and flat,Two way,Bitumen(Tar),Others,Not Applicable,Clear,7th Cross Road HSR Layout,Nouse Building,3 Km,12.919485,77.649965,0,1,0.0,1.0
Bengaluru City,HSR Lay Out Traffic PS,1.04432e+16,2023,1,5,Not Applicable,Narrow road,City/Town,Open area,Human Error,Yes,Grievous Injury,Vehicle to Vehicle,Uncontrolled,Others,Others,Bitumen(Tar),Dry,Not Applicable,Clear,HSR layout Outter Ring Road,Opp Sai thunga Hospital,2 Mk,12.924146,77.648101,0,0,0.0,0.0
Bengaluru City,HSR Lay Out Traffic PS,1.04432e+16,2023,1,2,Road Accidents,Narrow road,City/Town,Open area,Human Error,No,Grievous Injury,Hit bicyclist,Uncontrolled,Others,Others,Bitumen(Tar),Others,Not Applicable,Clear,"Agar Lake Road , Sarjapur Main Road",Nursery,2,12.92455,77.645399,0,1,0.0,1.0
Bengaluru City,HSR Lay Out Traffic PS,1.04432e+16,2023,1,2,Road Accidents,Narrow road,City/Town,Near Hospital,Human Error,No,Fatal,Vehicle to Vehicle,Controlled,Not Applicable,Others,Bitumen(Tar),Dry,Not Applicable,Others,24th Main Road HSR Layout,Hospital,3 KM,12.91501,77.649102,0,0,0.0,0.0
Bengaluru City,HSR Lay Out Traffic PS,1.04432e+16,2023,1,2,Road Accidents,Narrow road,City/Town,Open area,Human Error,No,Grievous Injury,Vehicle to Vehicle,Not Applicable,Straight and flat,Others,Bitumen(Tar),Dry,Not Applicable,Clear,BMTC DEPO JUNCTION,NEAR 25TH DEPO,1,12.919748,77.643174,0,0,0.0,0.0
Bengaluru City,HSR Lay Out Traffic PS,1.04432e+16,2023,1,2,Road Accidents,Narrow road,City/Town,Residential area,Human Error,No,Grievous Injury,Vehicle to Vehicle,Not Applicable,Straight and flat,Residential Street,Bitumen(Tar),Dry,Not Applicable,Clear,FRONT OF NALAPAKA HOTEL 24TH MAIN  HSRLAYTOUT,LOTOUS HOSPITAL,1,12.914829,77.648943,0,0,0.0,0.0
Bengaluru City,HSR Lay Out Traffic PS,1.04432e+16,2023,1,2,Road Accidents,Not Applicable,City/Town,Residential area,Human Error,No,Grievous Injury,Vehicle to Vehicle,Not Applicable,Curve,Others,Concrete,Dry,Not Applicable,Clear,sjr plaza apartment,sjr plaza apartment,6 km,12.905805,77.69897,0,0,0.0,0.0
Bengaluru City,HSR Lay Out Traffic PS,1.04432e+16,2023,1,1,Road Accidents,Narrow road,City/Town,Residential area,Human Error,No,Fatal,Not Applicable,Not Applicable,Others,Others,Bitumen(Tar),Dry,Not Applicable,Clear,1,1,4 KM,12.913377,77.651819,0,0,0.0,0.0
Bengaluru City,Hulimavu Traffic PS,1.04432e+16,2016,1,2,Road Accidents,Narrow road,City/Town,Residential area,Human Error,No,Simple Injury,Others,Not Applicable,Not Applicable,Residential Street,Bitumen(Tar),Dry,Not Applicable,Clear,BRIGEAD MILLENIUM ROAD,MLR CONVENTION HALL,10MTR,0.0,0.0,0,0,0.0,0.0
Bengaluru City,Hulimavu Traffic PS,1.04432e+16,2016,1,1,Road Accidents,Narrow road,City/Town,Residential area,Human Error,Yes,Grievous Injury,Hit pedestrian,Not Applicable,Straight and flat,Residential Street,Bitumen(Tar),Dry,No influence on accident,Fine,"Vinayak Nagar, 7th Main Road,",Karnataka Gas,19feet,0.0,0.0,0,0,0.0,0.0
Bengaluru City,Hulimavu Traffic PS,1.04432e+16,2016,1,2,Road Accidents,Junction,City/Town,Open area,Human Error,No,Damage Only,Side impact or Right angle,Not Applicable,Straight and flat,City or Town Road,Bitumen(Tar),Dry,No influence on accident,Fine,BDA ROAD,KEB Compound,42feet,0.0,0.0,0,0,0.0,0.0
Bengaluru City,Hulimavu Traffic PS,1.04432e+16,2016,1,3,Road Accidents,Other,City/Town,Open area,Human Error,Yes,Fatal,Hit and Run,No signal lights,Straight and flat,City or Town Road,Bitumen(Tar),Dry,No influence on accident,Fine,Veaver colony main road,Electrical pole no 1000148268,5mtrs,0.0,0.0,0,0,0.0,0.0
Bengaluru City,Hulimavu Traffic PS,1.04432e+16,2016,1,2,Road Accidents,Junction,City/Town,Near a religious place,Human Error,No,Damage Only,Right Turn Collision,Uncontrolled,Others,Residential Street,Bitumen(Tar),Dry,Not Applicable,Clear,8th cross,Ayyappa Swamy Tempale,50mtr,0.0,0.0,0,0,0.0,0.0
Bengaluru City,Hulimavu Traffic PS,1.04432e+16,2016,1,1,Road Accidents,Other,City/Town,Residential area,Human Error,Yes,Grievous Injury,Hit pedestrian,Not Applicable,Not Applicable,Residential Street,Bitumen(Tar),Dry,Not Applicable,Clear,L&T South City Apartment Road,L&T South City,10mtrs,0.0,0.0,0,0,0.0,0.0
Bengaluru City,Hulimavu Traffic PS,1.04432e+16,2016,1,2,Road Accidents,Narrow road,City/Town,Near office complex,Human Error,No,Grievous Injury,Rear end,Not at  Junction,Not Applicable,City or Town Road,Bitumen(Tar),Dry,Not Applicable,Clear,D C Halli Main Road Near BBMP Office Bilekahalli,BBMP Office,14ft,0.0,0.0,0,0,0.0,0.0
Bengaluru City,Hulimavu Traffic PS,1.04432e+16,2016,1,1,Road Accidents,Narrow road,City/Town,Near office complex,Human Error,Yes,Simple Injury,Hit pedestrian,Not at  Junction,Not Applicable,City or Town Road,Bitumen(Tar),Not Applicable,Not Applicable,Fog / Mist,"Bannerughatta Main Road, Bilekahalli",Swadishta Upahara,100mtr,0.0,0.0,0,0,0.0,0.0