DISTRICTNAME,UNITNAME,Crime_No,Year,RI,Noofvehicle_involved,Accident_Classification,Accident_Spot,Accident_Location,Accident_SubLocation,Main_Cause,Hit_Run,Severity,Collision_Type,Junction_Control,Road_Character,Road_Type,Surface_Type,Surface_Condition,Road_Condition,Weather,Accident_Road,Landmark_first,Distance_LandMark_First,Latitude,Longitude,Road_Condition_Score,Surface_Condition_Score,Surface_Type_Score,Road_Risk_Index
Bengaluru City,Hulimavu Traffic PS,1.04432e+16,2016,1,1,Road Accidents,T Junction,City/Town,Near Bus stop,Human Error,Yes,Simple Injury,Hit pedestrian,Uncontrolled,Others,City or Town Road,Bitumen(Tar),Dry,Not Applicable,Clear,"B G Main Road, Near Himagiri Bus stop",Himagiri Bus Stop,25mtr,0.0,0.0,0,0,0.0,0.0
Bengaluru City,Hulimavu Traffic PS,1.04432e+16,2016,1,2,Road Accidents,T Junction,City/Town,Near office complex,Human Error,No,Damage Only,Side swipe,Uncontrolled,Incline,Others,Bitumen(Tar),Dry,Not Applicable,Fog / Mist,Nice Road,Nice Road Tool Booth,500mtr,0.0,0.0,0,0,0.0,0.0
Bengaluru City,Hulimavu Traffic PS,1.04432e+16,2016,1,1,Road Accidents,Narrow road,City/Town,Near office complex,Human Error,Yes,Simple Injury,Hit and Run,Not at  Junction,Straight and flat,City or Town Road,Bitumen(Tar),Dry,No influence on accident,Fine,Brigade millenium road,House No 440,25feet,0.0,0.0,0,0,0.0,0.0
Bengaluru City,Hulimavu Traffic PS,1.04432e+16,2016,1,1,Road Accidents,Narrow road,City/Town,Residential area,Human Error,Yes,Simple Injury,Hit and Run,Not at  Junction,Straight and flat,City or Town Road,Bitumen(Tar),Dry,No influence on accident,Fine,c k PALYA ROAD,ANJANEYA TEMPLE,25FEET,0.0,0.0,0,0,0.0,0.0
Bengaluru City,Hulimavu Traffic PS,1.04432e+16,2016,1,2,Road Accidents,Narrow road,City/Town,Near Bus stop,Human Error,No,Damage Only,Others,Not at  Junction,Straight and flat,City or Town Road,Bitumen(Tar),Dry,No influence on accident,Fine,24th main road,Dr agastya building,25feet,12.900772,77.5858,0,0,0.0,0.0
Bengaluru City,Hulimavu Traffic PS,1.04432e+16,2016,1,2,Road Accidents,Junction,City/Town,Near Petrol Pump,Human Error,No,Grievous Injury,Side impact or Right angle,Signal lights Blinking,Not Applicable,City or Town Road,Bitumen(Tar),Dry,Not Applicable,Fog / Mist,Bannerughatta Main Road Sai junction,Bata Show room,10mtrs,0.0,0.0,0,0,0.0,0.0
Bengaluru City,Hulimavu Traffic PS,1.04432e+16,2016,1,2,Road Accidents,Road hump or Rumble strips,City/Town,Near a recreation place/cinema,Human Error,No,Fatal,Head on,Not Applicable,Curve,City or Town Road,Bitumen(Tar),Dry,No influence on accident,Fine,Puttenahalli Lake Road,Sarakki Lake,18feet,0.0,0.0,0,0,0.0,0.0
Bengaluru City,Hulimavu Traffic PS,1.04432e+16,2016,1,2,Road Accidents,Narrow road,City/Town,Near Hospital,Human Error,No,Simple Injury,Right Turn Collision,Not at  Junction,Not Applicable,City or Town Road,Bitumen(Tar),Dry,Not Applicable,Fine,B G ROAD NEAR APOLO HOSPITAL,APOLO HOSPITAL,20MTR,0.0,0.0,0,0,0.0,0.0
Bengaluru City,Hulimavu Traffic PS,1.04432e+16,2016,1,2,Road Accidents,Narrow road,City/Town,Near office complex,Human Error,No,Simple Injury,Rear end,Not at  Junction,Not Applicable,City or Town Road,Bitumen(Tar),Dry,Not Applicable,Fog / Mist,Kammanahalli Main Road,Canra Bank ATM,10mtr,0.0,0.0,0,0,0.0,0.0
Bengaluru City,Hulimavu Traffic PS,1.04432e+16,2016,1,2,Road Accidents,Narrow road,City/Town,Near a religious place,Human Error,No,Damage Only,Side impact or Right angle,Not at  Junction,Not Applicable,City or Town Road,Bitumen(Tar),Dry,Not Applicable,Clear,Hommadevnahli Main Road,Bayalubasavanna Tempale,500mtr,0.0,0.0,0,0,0.0,0.0
Bengaluru City,Hulimavu Traffic PS,1.04432e+16,2016,1,4,Road Accidents,Narrow road,City/Town,Near Petrol Pump,Human Error,No,Damage Only,Rear end,Not at  Junction,Not Applicable,City or Town Road,Bitumen(Tar),Dry,Not Applicable,Clear,B G Main Road Near Kolifaram Gate,Petrol Pump,15mtrs,0.0,0.0,0,0,0.0,0.0
Bengaluru City,Hulimavu Traffic PS,1.04432e+16,2016,1,2,Road Accidents,Narrow road,City/Town,Near office complex,Human Error,Not Applicable,Grievous Injury,Head on,Not Applicable,Not Applicable,City or Town Road,Bitumen(Tar),Dry,Not Applicable,Fog / Mist,BG ROAD NEAR KALENEAGRAHARA,DECATHLAN SPORTS,50MTR,0.0,0.0,0,0,0.0,0.0
Bengaluru City,Hulimavu Traffic PS,1.04432e+16,2016,1,2,Road Accidents,Narrow road,City/Town,Near Bus stop,Human Error,No,Damage Only,Rear end,Not Applicable,Straight and flat,City or Town Road,Bitumen(Tar),Dry,No influence on accident,Fine,Bannerghatta Main Road,Anugraha Bar & Restorent,26Feet,0.0,0.0,0,0,0.0,0.0
Bengaluru City,Hulimavu Traffic PS,1.04432e+16,2016,1,1,Road Accidents,Narrow road,City/Town,Open area,Human Error,No,Grievous Injury,Hit pedestrian,Not Applicable,Straight and flat,City or Town Road,Bitumen(Tar),Dry,No influence on accident,Fine,Bannerghatta Main Road,Vrunda Bakery,3feet,0.0,0.0,0,0,0.0,0.0
Bengaluru City,Hulimavu Traffic PS,1.04432e+16,2016,1,2,Road Accidents,Narrow road,City/Town,Near Hospital,Human Error,Yes,Fatal,Rear end,Not Applicable,Straight and flat,City or Town Road,Bitumen(Tar),Dry,No influence on accident,Fine,Bannerghatta Main Road,Fortis Hospital,5meter,0.0,0.0,0,0,0.0,0.0
Bengaluru City,Hulimavu Traffic PS,1.04432e+16,2016,1,1,Road Accidents,Other,City/Town,Open area,Human Error,Yes,Grievous Injury,Hit pedestrian,Not at  Junction,Straight and flat,City or Town Road,Bitumen(Tar),Dry,No influence on accident,Fine,B G Road,Transfarm,12fts,0.0,0.0,0,0,0.0,0.0
Bengaluru City,Hulimavu Traffic PS,1.04432e+16,2016,1,2,Road Accidents,Narrow road,City/Town,Near office complex,Human Error,No,Damage Only,Hit and Run,No signal lights,Straight and flat,City or Town Road,Bitumen(Tar),Dry,No influence on accident,Fine,J P Nagar,Nandini milk diry,30feet,0.0,0.0,0,0,0.0,0.0
Bengaluru City,Hulimavu Traffic PS,1.04432e+16,2016,1,2,Road Accidents,Narrow road,City/Town,Near Hospital,Human Error,No,Grievous Injury,Head on,Give way sign,Straight and flat,City or Town Road,Bitumen(Tar),Dry,No influence on accident,Fine,B G Road,Old paper mart,25ft,0.0,0.0,0,0,0.0,0.0
Bengaluru City,Hulimavu Traffic PS,1.04432e+16,2016,1,1,Road Accidents,Narrow road,City/Town,Residential area,Human Error,No,Grievous Injury,Hit pedestrian,Not Applicable,Not Applicable,Residential Street,Bitumen(Tar),Dry,Not Applicable,Clear,VINAYAKANAGARA 3RD CROSS,DELHI PASSION AND TAILORS,6MTR,0.0,0.0,0,0,0.0,0.0
Bengaluru City,Hulimavu Traffic PS,1.04432e+16,2016,1,2,Road Accidents,Narrow road,City/Town,Near Bus stop,Human Error,Yes,Simple Injury,Head on,Not at  Junction,Not Applicable,City or Town Road,Bitumen(Tar),Dry,Pot holed,Clear,B G ROAD NEAR HIMAGIRI BUS STOP GOTTIGERE,CARMEL SCHOOL,200MTR,0.0,0.0,5,0,0.0,5.0
Bengaluru City,Hulimavu Traffic PS,1.04432e+16,2016,1,1,Road Accidents,Narrow road,City/Town,Near office complex,Human Error,No,Grievous Injury,Others,Not at  Junction,Not Applicable,Others,Bitumen(Tar),Dry,Not Applicable,Clear,Nice Road Near Beguru Bridge,Tool booth,1km,0.0,0.0,0,0,0.0,0.0
Bengaluru City,Hulimavu Traffic PS,1.04432e+16,2016,1,2,Road Accidents,Junction,City/Town,Near a recreation place/cinema,Human Error,Yes,Damage Only,Head on,Uncontrolled,Not Applicable,Residential Street,Bitumen(Tar),Dry,Not Applicable,Clear,Devarachikkanahalli Main Road,Namana Hotel,100mtr,0.0,0.0,0,0,0.0,0.0
Bengaluru City,Hulimavu Traffic PS,1.04432e+16,2016,1,2,Road Accidents,T Junction,City/Town,Near a religious place,Human Error,No,Grievous Injury,Others,Uncontrolled,Others,City or Town Road,Bitumen(Tar),Dry,Not Applicable,Fog / Mist,B G Road Near Meenakshi Kalyanamantapa,Meenakshi Kalayanamantapa,10mtr,0.0,0.0,0,0,0.0,0.0
Bengaluru City,Hulimavu Traffic PS,1.04432e+16,2016,1,1,Road Accidents,Narrow road,City/Town,Near office complex,Human Error,Yes,Fatal,Hit pedestrian,Not Applicable,Straight and flat,City or Town Road,Bitumen(Tar),Dry,No influence on accident,Fine,Krishna Layout 17th Main Road,Bavani Nilaya House No 870 D,2mete,0.0,0.0,0,0,0.0,0.0
Bengaluru City,Hulimavu Traffic PS,1.04432e+16,2016,1,2,Road Accidents,Narrow road,City/Town,Near School or College,Human Error,No,Damage Only,Side swipe,Not at  Junction,Not Applicable,Residential Street,Bitumen(Tar),Dry,Not Applicable,Mist or Fog,D C HALLI MAIN ROAD BILEKAHALLI,DILIP SCHOOL,10MTRS,0.0,0.0,0,0,0.0,0.0
Bengaluru City,Hulimavu Traffic PS,1.04432e+16,2016,1,2,Road Accidents,Junction,City/Town,Near a recreation place/cinema,Human Error,No,Grievous Injury,Others,Signal lights Automatic,Straight and flat,City or Town Road,Bitumen(Tar),Dry,No influence on accident,Clear,Bannerghatta Main Road,Meenakshi Mall,100mtr,0.0,0.0,0,0,0.0,0.0
Bengaluru City,Hulimavu Traffic PS,1.04432e+16,2016,1,2,Road Accidents,Narrow road,City/Town,Near a recreation place/cinema,Human Error,No,Damage Only,Rear end,Not at  Junction,Not Applicable,City or Town Road,Bitumen(Tar),Dry,Not Applicable,Clear,"Banneruhatta  Main Road,Near Christ University",Meenakshi Mall,100mtr,0.0,0.0,0,0,0.0,0.0
Bengaluru City,Hulimavu Traffic PS,1.04432e+16,2016,1,1,Road Accidents,Narrow road,City/Town,Residential area,Human Error,No,Grievous Injury,Hit pedestrian,Not at  Junction,Not Applicable,City or Town Road,Bitumen(Tar),Dry,Not Applicable,Cloudy,Arakere Villege Road,Balaji Telicom,10mtrs,0.0,0.0,0,0,0.0,0.0
Bengaluru City,Hulimavu Traffic PS,1.04432e+16,2016,1,2,Road Accidents,T Junction,City/Town,Near office complex,Not Applicable,Not Applicable,Grievous Injury,Others,No signal lights,Not Applicable,City or Town Road,Bitumen(Tar),Dry,Not Applicable,Fine,BDA ROAD NEAR SAIBABA TEMPAL,RTO OFFICE,1KM,0.0,0.0,0,0,0.0,0.0
Bengaluru City,Hulimavu Traffic PS,1.04432e+16,2016,1,3,Road Accidents,Narrow road,City/Town,Near office complex,Human Error,No,Grievous Injury,Rear end,Not at  Junction,Not Applicable,City or Town Road,Bitumen(Tar),Dry,Not Applicable,Fog / Mist,B G ROAD NEAR BPL COMPANY,BPL COMPANY,25MTR,0.0,0.0,0,0,0.0,0.0
Bengaluru City,Hulimavu Traffic PS,1.04432e+16,2016,1,1,Road Accidents,Narrow road,City/Town,Near Bus stop,Human Error,No,Grievous Injury,Hit pedestrian,Not at  Junction,Not Applicable,City or Town Road,Bitumen(Tar),Dry,Pot holed,Clear,B G ROAD GOTTIGERE,BMTC BUS STOP,20MTRS,0.0,0.0,5,0,0.0,5.0
Bengaluru City,Hulimavu Traffic PS,1.04432e+16,2016,1,2,Road Accidents,Junction,City/Town,Near office complex,Human Error,Yes,Damage Only,Right Turn Collision,Uncontrolled,Not Applicable,Residential Street,Bitumen(Tar),Dry,Not Applicable,Mist or Fog,D C Halli Main Road,E K Retais,10mtr,0.0,0.0,0,0,0.0,0.0
Bengaluru City,Hulimavu Traffic PS,1.04432e+16,2016,1,1,Road Accidents,Narrow road,City/Town,Near office complex,Human Error,No,Fatal,Hit pedestrian,Not at  Junction,Not Applicable,Expressway,Bitumen(Tar),Dry,Not Applicable,Clear,Nice Road,Tool Booth,1kmtrs,0.0,0.0,0,0,0.0,0.0
Bengaluru City,Hulimavu Traffic PS,1.04432e+16,2016,1,1,Road Accidents,Narrow road,City/Town,Near a recreation place/cinema,Human Error,Yes,Simple Injury,Hit pedestrian,Not at  Junction,Not Applicable,City or Town Road,Bitumen(Tar),Dry,Not Applicable,Fog / Mist,J P Nagar 24th Main,SLV Hotel,10mtrs,0.0,0.0,0,0,0.0,0.0
Bengaluru City,Hulimavu Traffic PS,1.04432e+16,2016,1,2,Road Accidents,Narrow road,City/Town,Residential area,Human Error,No,Damage Only,Rear end,Not at  Junction,Not Applicable,Residential Street,Bitumen(Tar),Dry,Not Applicable,Clear,Vijaya Bank Layout Main Road,Vijay Encleve,10mtr,0.0,0.0,0,0,0.0,0.0
Bengaluru City,Hulimavu Traffic PS,1.04432e+16,2016,1,2,Road Accidents,Narrow road,City/Town,Open area,Human Error,No,Simple Injury,Rear end,Not Applicable,Straight and flat,City or Town Road,Bitumen(Tar),Dry,No influence on accident,Fine,"Nayanappanhalli Main Road,",Uphara Sagar Hotel,5meter,0.0,0.0,0,0,0.0,0.0
Bengaluru City,Hulimavu Traffic PS,1.04432e+16,2016,1,2,Road Accidents,Narrow road,City/Town,Near School or College,Human Error,No,Damage Only,Head on,Not Applicable,Not Applicable,Others,Bitumen(Tar),Dry,Not Applicable,Clear,LAYOLA COLLEGE ROAD,LAOLA COLLEGE,100MTR,0.0,0.0,0,0,0.0,0.0
Bengaluru City,Hulimavu Traffic PS,1.04432e+16,2016,1,2,Road Accidents,T Junction,City/Town,Near School or College,Human Error,Yes,Grievous Injury,Rear end,Not Applicable,Straight and flat,City or Town Road,Bitumen(Tar),Dry,No influence on accident,Fine,Loyola Road,Holi Spirit PU College,26feet,0.0,0.0,0,0,0.0,0.0
Bengaluru City,Hulimavu Traffic PS,1.04432e+16,2016,1,1,Road Accidents,Narrow road,City/Town,Near School or College,Human Error,No,Grievous Injury,Hit pedestrian,Not at  Junction,Not Applicable,City or Town Road,Bitumen(Tar),Dry,Not Applicable,Fog / Mist,B G Main Road Near Sai Garments,Sai Garments,10mtrs,0.0,0.0,0,0,0.0,0.0
Bengaluru City,Hulimavu Traffic PS,1.04432e+16,2016,1,1,Road Accidents,Narrow road,City/Town,Near office complex,Human Error,No,Grievous Injury,Hit pedestrian,Not at  Junction,Not Applicable,Others,Bitumen(Tar),Dry,Not Applicable,Clear,"Nice Main Road, Near Pillaganahalli Bridge",Tool Booth,1km,0.0,0.0,0,0,0.0,0.0
Bengaluru City,Hulimavu Traffic PS,1.04432e+16,2016,1,3,Road Accidents,Narrow road,City/Town,Near School or College,Human Error,No,Grievous Injury,Head on,Not at  Junction,Not Applicable,City or Town Road,Bitumen(Tar),Dry,Not Applicable,Fog / Mist,B G Road Gottigere,Wigh Bridge,25mtrs,0.0,0.0,0,0,0.0,0.0
Bengaluru City,Hulimavu Traffic PS,1.04432e+16,2016,1,2,Road Accidents,Other,City/Town,Near office complex,Human Error,Yes,Fatal,Hit and Run,Not at  Junction,Straight and flat,City or Town Road,Bitumen(Tar),Dry,No influence on accident,Fine,24th main road,Electrical tranfarms,20fts,0.0,0.0,0,0,0.0,0.0
Bengaluru City,Hulimavu Traffic PS,1.04432e+16,2016,1,2,Road Accidents,Junction,City/Town,Near School or College,Human Error,No,Simple Injury,Rear end,Controlled,Not Applicable,City or Town Road,Bitumen(Tar),Dry,Pot holed,Clear,B G ROAD NEAR SAI GARMENT,MARUTHI MAGNOLIA SCHOOL,20MTR,0.0,0.0,5,0,0.0,5.0
Bengaluru City,Hulimavu Traffic PS,1.04432e+16,2016,1,1,Road Accidents,Narrow road,City/Town,Residential area,Human Error,Yes,Grievous Injury,Hit pedestrian,Not at  Junction,Not Applicable,Residential Street,Bitumen(Tar),Dry,Not Applicable,Clear,"D.C.Halli Main road, Bilekahalli",Lakshmivenkateshwara woods craft,10mtr,0.0,0.0,0,0,0.0,0.0
Bengaluru City,Hulimavu Traffic PS,1.04432e+16,2016,1,1,Road Accidents,Narrow road,City/Town,Near office complex,Human Error,No,Grievous Injury,Hit pedestrian,Not at  Junction,Not Applicable,Expressway,Bitumen(Tar),Dry,Not Applicable,Fog / Mist,Nice Main Road Near Pillaganahalli Bridge,Tool Booth,1km,0.0,0.0,0,0,0.0,0.0
Bengaluru City,Hulimavu Traffic PS,1.04432e+16,2016,1,2,Road Accidents,Junction,City/Town,Residential area,Human Error,No,Grievous Injury,Head on,Controlled,Not Applicable,City or Town Road,Bitumen(Tar),Dry,Not Applicable,Fog / Mist,DEVARACHIKKANAHALLI MAIN ROAD,NAMANA HOTEL,500 MT,0.0,0.0,0,0,0.0,0.0
Bengaluru City,Hulimavu Traffic PS,1.04432e+16,2016,1,1,Road Accidents,Junction,City/Town,Residential area,Human Error,No,Grievous Injury,Hit pedestrian,Uncontrolled,Not Applicable,Residential Street,Bitumen(Tar),Dry,Not Applicable,Others,19th Cross Bhagavthi Layout,IDBI atn,10mtr,0.0,0.0,0,0,0.0,0.0
Bengaluru City,Hulimavu Traffic PS,1.04432e+16,2016,1,2,Road Accidents,Junction,City/Town,Near a recreation place/cinema,Human Error,Yes,Grievous Injury,Hit and Run,Controlled,Not Applicable,City or Town Road,Bitumen(Tar),Dry,Not Applicable,Fine,Bannerughatta Main Road Arakere Junction,Releanc Mart,25mtr,0.0,0.0,0,0,0.0,0.0
Bengaluru City,Hulimavu Traffic PS,1.04432e+16,2016,1,2,Road Accidents,Junction,City/Town,Near Bus stop,Human Error,No,Simple Injury,Head on,Signal lights Automatic,Not Applicable,City or Town Road,Bitumen(Tar),Dry,Not Applicable,Fog / Mist,Bannerughatta Road Hulimavu Gate,Hulimavu Bus Stop,100mtr,0.0,0.0,0,0,0.0,0.0
Bengaluru City,Hulimavu Traffic PS,1.04432e+16,2016,1,1,Road Accidents,Other,City/Town,Near office complex,Human Error,No,Grievous Injury,Hit pedestrian,Not Applicable,Not Applicable,Others,Bitumen(Tar),Dry,Not Applicable,Fog / Mist,Nice Main Road,Tool Booth,100mtr,0.0,0.0,0,0,0.0,0.0
Bengaluru City,Hulimavu Traffic PS,1.04432e+16,2016,1,2,Road Accidents,Narrow road,City/Town,Near office complex,Human Error,No,Damage Only,Rear end,Not at  Junction,Not Applicable,Expressway,Bitumen(Tar),Dry,Not Applicable,Clear,Nice Road,Tool booth,1km,0.0,0.0,0,0,0.0,0.0
Bengaluru City,Hulimavu Traffic PS,1.04432e+16,2016,1,2,Road Accidents,Narrow road,Not Applicable,Near office complex,Human Error,No,Damage Only,Others,Not Applicable,Not Applicable,Others,Bitumen(Tar),Dry,Not Applicable,Fog / Mist,begur koppa road,bg road toll plaza,2 km,0.0,0.0,0,0,0.0,0.0
Bengaluru City,Hulimavu Traffic PS,1.04432e+16,2016,1,2,Road Accidents,T Junction,City/Town,Near a recreation place/cinema,Human Error,No,Damage Only,Head on,Uncontrolled,Straight and flat,City or Town Road,Bitumen(Tar),Wet,No influence on accident,Light Rain,C.K.Palya Main Road,Park In Restorent,50mtry,0.0,0.0,0,3,0.0,3.0
Bengaluru City,Hulimavu Traffic PS,1.04432e+16,2016,1,3,Road Accidents,Narrow road,City/Town,Near office complex,Human Error,No,Grievous Injury,Head on,Not at  Junction,Not Applicable,City or Town Road,Bitumen(Tar),Dry,Not Applicable,Clear,Bannerughatta Main road Near Decathlon,Decathlon,20mtrs,0.0,0.0,0,0,0.0,0.0
Bengaluru City,Hulimavu Traffic PS,1.04432e+16,2016,1,2,Road Accidents,Narrow road,City/Town,Near Petrol Pump,Human Error,No,Damage Only,Rear end,Not at  Junction,Not Applicable,City or Town Road,Bitumen(Tar),Dry,Not Applicable,Clear,B G Main Road Gootigere Shell Petrol Pump,Petrol Pump,20mtr,0.0,0.0,0,0,0.0,0.0
Bengaluru City,Hulimavu Traffic PS,1.04432e+16,2016,1,2,Road Accidents,Narrow road,City/Town,Residential area,Human Error,Yes,Grievous Injury,Side swipe,Not at  Junction,Not Applicable,City or Town Road,Bitumen(Tar),Dry,Pot holed,Clear,DLF Main Road,R R Condiments,10mtr,0.0,0.0,5,0,0.0,5.0
Bengaluru City,Hulimavu Traffic PS,1.04432e+16,2016,1,2,Road Accidents,Narrow road,City/Town,Open area,Human Error,No,Fatal,Rear end,Not Applicable,Straight and flat,City or Town Road,Bitumen(Tar),Muddy,No influence on accident,Mist or Fog,Nice Main Road,T Johan College,7met,0.0,0.0,0,4,0.0,4.0
Bengaluru City,Hulimavu Traffic PS,1.04432e+16,2016,1,2,Road Accidents,Curves,City/Town,Open area,Human Error,Yes,Grievous Injury,Rear end,Not Applicable,Slight Curve,City or Town Road,Bitumen(Tar),Dry,No influence on accident,Fine,"Brigade Mileniam Road,",Kantri Pragathi Samrth Apartment,10mete,0.0,0.0,0,0,0.0,0.0
Bengaluru City,Hulimavu Traffic PS,1.04432e+16,2016,1,1,Road Accidents,Narrow road,City/Town,Residential area,Human Error,Yes,Grievous Injury,Hit pedestrian,Not at  Junction,Not Applicable,Residential Street,Bitumen(Tar),Dry,Not Applicable,Fog / Mist,3RD MAIN SANTRUPTI NAGAR,BRILEANT ACCADEMY,50MTR,0.0,0.0,0,0,0.0,0.0
Bengaluru City,Hulimavu Traffic PS,1.04432e+16,2016,1,1,Road Accidents,Narrow road,City/Town,Near School or College,Human Error,Yes,Grievous Injury,Hit pedestrian,Not at  Junction,Not Applicable,Residential Street,Bitumen(Tar),Dry,Not Applicable,Clear,Puttenahalli Main Road,Near Govt School,50mtrs,0.0,0.0,0,0,0.0,0.0
Bengaluru City,Hulimavu Traffic PS,1.04432e+16,2016,1,2,Road Accidents,Narrow road,City/Town,Near Hospital,Human Error,No,Damage Only,Side swipe,Not at  Junction,Not Applicable,City or Town Road,Bitumen(Tar),Dry,Not Applicable,Clear,B G Main Road Nera Govt Hopital,Govt Hospital,10mtr,0.0,0.0,0,0,0.0,0.0
Bengaluru City,Hulimavu Traffic PS,1.04432e+16,2016,1,2,Road Accidents,Junction,City/Town,Near office complex,Human Error,Yes,Simple Injury,Side impact or Right angle,Not Applicable,Straight and flat,City or Town Road,Bitumen(Tar),Dry,No influence on accident,Fine,Dollers Colony Main Road,Kalyani Myagnum,25feet,0.0,0.0,0,0,0.0,0.0
Bengaluru City,Hulimavu Traffic PS,1.04432e+16,2016,1,1,Road Accidents,Junction,City/Town,Open area,Human Error,Yes,Fatal,Hit and Run,No signal lights,Straight and flat,Others,Bitumen(Tar),Ditch or Potholed,No influence on accident,Fine,Nice road,Sri Renuka yellamma temple,5fts,0.0,0.0,0,5,0.0,5.0
Bengaluru City,Hulimavu Traffic PS,1.04432e+16,2016,1,1,Road Accidents,Narrow road,City/Town,Near office complex,Human Error,No,Grievous Injury,Hit pedestrian,Not at  Junction,Not Applicable,Expressway,Bitumen(Tar),Dry,Not Applicable,Clear,Nice road near Bannerughatta road tool,Tool booth,50mtrs,0.0,0.0,0,0,0.0,0.0
Bengaluru City,Hulimavu Traffic PS,1.04432e+16,2016,1,2,Road Accidents,Narrow road,City/Town,Near office complex,Human Error,No,Damage Only,Side swipe,Not at  Junction,Not Applicable,Expressway,Bitumen(Tar),Dry,Not Applicable,Clear,Nice Main Road,Tool Bhoot,1km,0.0,0.0,0,0,0.0,0.0
Bengaluru City,Hulimavu Traffic PS,1.04432e+16,2016,1,1,Road Accidents,Not Applicable,City/Town,Residential area,Human Error,No,Simple Injury,Hit pedestrian,Not Applicable,Not Applicable,Others,Bitumen(Tar),Dry,Not Applicable,Others,NYANAPPANA HALLI MAIN ROAD,DLF BUILDING,1KM,0.0,0.0,0,0,0.0,0.0
Bengaluru City,Hulimavu Traffic PS,1.04432e+16,2016,1,1,Road Accidents,Narrow road,City/Town,Near a religious place,Human Error,Yes,Grievous Injury,Hit pedestrian,Not Applicable,Straight and flat,City or Town Road,Bitumen(Tar),Dry,No influence on accident,Mist or Fog,Brigade Milenium Road,The Wood Rose Club,3meter,0.0,0.0,0,0,0.0,0.0
Bengaluru City,Hulimavu Traffic PS,1.04432e+16,2016,1,2,Road Accidents,Narrow road,City/Town,Open area,Human Error,No,Simple Injury,Side impact or Right angle,Not Applicable,Straight and flat,City or Town Road,Bitumen(Tar),Dry,No influence on accident,Fine,BDA Main Road,Electric Poll,15mtr,0.0,0.0,0,0,0.0,0.0
Bengaluru City,Hulimavu Traffic PS,1.04432e+16,2016,1,2,Road Accidents,Narrow road,City/Town,Near office complex,Human Error,Yes,Simple Injury,Hit and Run,Give way sign,Straight and flat,City or Town Road,Bitumen(Tar),Dry,No influence on accident,Fine,24th main road,James bond dry clinic,25feet,12.901685,77.586,0,0,0.0,0.0
Bengaluru City,Hulimavu Traffic PS,1.04432e+16,2016,1,2,Road Accidents,Narrow road,City/Town,Near School or College,Human Error,Yes,Simple Injury,Hit and Run,Not at  Junction,Straight and flat,City or Town Road,Bitumen(Tar),Dry,No influence on accident,Fine,puttenahalli main road,Nandini milk point,25feet,0.0,0.0,0,0,0.0,0.0
Bengaluru City,Hulimavu Traffic PS,1.04432e+16,2016,1,2,Road Accidents,Narrow road,City/Town,Residential area,Human Error,Yes,Simple Injury,Head on,Not at  Junction,Not Applicable,Residential Street,Bitumen(Tar),Dry,Not Applicable,Clear,ARAKERE MAIN ROAD,MED PLUS MEDICELS,24MTR,0.0,0.0,0,0,0.0,0.0
Bengaluru City,Hulimavu Traffic PS,1.04432e+16,2016,1,1,Road Accidents,Narrow road,City/Town,Near a religious place,Human Error,Yes,Simple Injury,Hit pedestrian,Not at  Junction,Not Applicable,City or Town Road,Bitumen(Tar),Dry,Not Applicable,Clear,B G ROAD NEAR MEENAKSHI TEMPAL,MEENAKSHI TEMPAL,10MTRS,0.0,0.0,0,0,0.0,0.0
Bengaluru City,Hulimavu Traffic PS,1.04432e+16,2016,1,2,Road Accidents,Narrow road,City/Town,Near office complex,Human Error,No,Damage Only,Right Turn Collision,Not at  Junction,Not Applicable,City or Town Road,Bitumen(Tar),Dry,Pot holed,Clear,ARAKERE MICOLAYOUT MAIN ROAD,APOLO PHARMACY,10MTRS,0.0,0.0,5,0,0.0,5.0
Bengaluru City,Hulimavu Traffic PS,1.04432e+16,2016,1,1,Not Applicable,Other,City/Town,Open area,Human Error,No,Fatal,Others,Not at  Junction,Straight and flat,Others,Bitumen(Tar),Dry,No influence on accident,Fine,B G road,Electriacal pole,5mts,0.0,0.0,0,0,0.0,0.0
Bengaluru City,Hulimavu Traffic PS,1.04432e+16,2016,1,2,Road Accidents,Narrow road,City/Town,Near office complex,Human Error,Yes,Simple Injury,Hit and Run,Not at  Junction,Straight and flat,City or Town Road,Bitumen(Tar),Dry,No influence on accident,Fine,Devarachikkanahalli,Yashaswini Rice traders,25feet,0.0,0.0,0,0,0.0,0.0
Bengaluru City,Hulimavu Traffic PS,1.04432e+16,2016,1,2,Road Accidents,Junction,City/Town,Near office complex,Human Error,Not Applicable,Grievous Injury,Right Turn Collision,Uncontrolled,Not Applicable,City or Town Road,Bitumen(Tar),Dry,Not Applicable,Clear,BDA ROAD,RTO OFFICE,100MTR,0.0,0.0,0,0,0.0,0.0
Bengaluru City,Hulimavu Traffic PS,1.04432e+16,2016,1,1,Road Accidents,Other,City/Town,Near Hospital,Human Error,Yes,Simple Injury,Hit pedestrian,Not Applicable,Straight and flat,City or Town Road,Bitumen(Tar),Dry,No influence on accident,Fine,Begur Main Road,Sai Clinic,60mtr,0.0,0.0,0,0,0.0,0.0