DISTRICTNAME,UNITNAME,Crime_No,Year,RI,Noofvehicle_involved,Accident_Classification,Accident_Spot,Accident_Location,Accident_SubLocation,Main_Cause,Hit_Run,Severity,Collision_Type,Junction_Control,Road_Character,Road_Type,Surface_Type,Surface_Condition,Road_Condition,Weather,Accident_Road,Landmark_first,Distance_LandMark_First,Latitude,Longitude,Road_Condition_Score,Surface_Condition_Score,Surface_Type_Score,Road_Risk_Index
Bengaluru City,Hulimavu Traffic PS,1.04432e+16,2018,1,2,Road Accidents,Curves,City/Town,Near a religious place,Human Error,No,Simple Injury,Head on,Not at  Junction,Sharp Curve,City or Town Road,Bitumen(Tar),Dry,No influence on accident,Fine,Begur lake road,Sri ganesha temple,27fts,12.8778,77.627516,0,0,0.0,0.0
Bengaluru City,Hulimavu Traffic PS,1.04432e+16,2018,1,2,Road Accidents,Other,City/Town,Open area,Human Error,No,Fatal,Others,Not at  Junction,Curve,City or Town Road,Bitumen(Tar),Dry,No influence on accident,Fine,Nice road,Cautionary board,40fts,0.0,0.0,0,0,0.0,0.0
Bengaluru City,Hulimavu Traffic PS,1.04432e+16,2018,1,2,Road Accidents,Cross roads,City/Town,Near office complex,Human Error,No,Fatal,Head on,Not at  Junction,Straight and flat,Residential Street,Bitumen(Tar),Dry,No influence on accident,Fine,Nyanappanahalli main road,Sairam ladies tailor,15fts,0.0,0.0,0,0,0.0,0.0
Bengaluru City,Hulimavu Traffic PS,1.04432e+16,2018,1,2,Road Accidents,T Junction,City/Town,Near office complex,Human Error,Yes,Simple Injury,Hit and Run,No signal lights,Straight and flat,NH,Bitumen(Tar),Dry,No influence on accident,Fine,Hosur main road,Pillar no 67,38fts,0.0,0.0,0,0,0.0,0.0
Bengaluru City,Hulimavu Traffic PS,1.04432e+16,2018,1,1,Road Accidents,Other,City/Town,Near Petrol Pump,Human Error,Yes,Simple Injury,Hit and Run,No signal lights,Straight and flat,City or Town Road,Bitumen(Tar),Dry,No influence on accident,Fine,B G road,Electrical pole,19fts,0.0,0.0,0,0,0.0,0.0
Bengaluru City,Hulimavu Traffic PS,1.04432e+16,2018,1,1,Road Accidents,Other,City/Town,Near office complex,Human Error,Yes,Simple Injury,Hit pedestrian,Not at  Junction,Straight and flat,Others,Bitumen(Tar),Dry,No influence on accident,Fine,Begur road,Coconut tree,16fts,0.0,0.0,0,0,0.0,0.0
Bengaluru City,Hulimavu Traffic PS,1.04432e+16,2018,1,2,Road Accidents,Other,City/Town,Open area,Human Error,Yes,Damage Only,Rear end,Not at  Junction,Straight and flat,City or Town Road,Bitumen(Tar),Dry,No influence on accident,Fine,RTO Junction,Electrical pole,12fts,0.0,0.0,0,0,0.0,0.0
Bengaluru City,Hulimavu Traffic PS,1.04432e+16,2018,1,2,Road Accidents,Other,City/Town,Open area,Human Error,No,Simple Injury,Others,No signal lights,Straight and flat,Service Road,Bitumen(Tar),Dry,No influence on accident,Fine,Hosur road service road,Toyota show room,15fts,0.0,0.0,0,0,0.0,0.0
Bengaluru City,Hulimavu Traffic PS,1.04432e+16,2018,1,1,Road Accidents,Other,City/Town,Open area,Human Error,No,Simple Injury,Rear end,Not at  Junction,Straight and flat,City or Town Road,Bitumen(Tar),Dry,No influence on accident,Fine,NICE ROAD,T JOHN COLLEGE,40FTS,0.0,0.0,0,0,0.0,0.0
Bengaluru City,Hulimavu Traffic PS,1.04432e+16,2018,1,1,Road Accidents,Other,City/Town,Open area,Human Error,Yes,Fatal,Hit pedestrian,Not at  Junction,Straight and flat,NH,Bitumen(Tar),Dry,No influence on accident,Fine,HOSUR MAIN ROAD,Pillar no 119,25fts,0.0,0.0,0,0,0.0,0.0
Bengaluru City,Hulimavu Traffic PS,1.04432e+16,2018,1,2,Road Accidents,Other,City/Town,Near Petrol Pump,Human Error,No,Fatal,Others,Not at  Junction,Straight and flat,NH,Bitumen(Tar),Dry,No influence on accident,Fine,HOSUR MAIN ROAD,Indian oil petrol bunk,55fts,0.0,0.0,0,0,0.0,0.0
Bengaluru City,Hulimavu Traffic PS,1.04432e+16,2018,1,2,Road Accidents,Other,City/Town,Open area,Human Error,Yes,Grievous Injury,Hit and Run,Not at  Junction,Straight and flat,City or Town Road,Bitumen(Tar),Dry,No influence on accident,Fine,B G Road,Electrical pole,27fts,12.867023,77.592328,0,0,0.0,0.0
Bengaluru City,Hulimavu Traffic PS,1.04432e+16,2018,1,2,Road Accidents,T Junction,City/Town,Near office complex,Human Error,No,Simple Injury,Side swipe,Police / Manual,Straight and flat,City or Town Road,Bitumen(Tar),Dry,No influence on accident,Fine,Begur main road,Manjushree condiments,25fts,0.0,0.0,0,0,0.0,0.0
Bengaluru City,Hulimavu Traffic PS,1.04432e+16,2018,1,3,Road Accidents,Other,City/Town,Open area,Human Error,No,Fatal,Rear end,Not at  Junction,Straight and flat,NH,Bitumen(Tar),Dry,No influence on accident,Fine,Hosur road,Pillar no 82,25fts,0.0,0.0,0,0,0.0,0.0
Bengaluru City,Hulimavu Traffic PS,1.04432e+16,2018,1,2,Road Accidents,Other,City/Town,Near office complex,Human Error,No,Grievous Injury,Rear end,Not at  Junction,Straight and flat,City or Town Road,Bitumen(Tar),Dry,No influence on accident,Fine,Begur koppa Main road,SNN apartment,29fts,0.0,0.0,0,0,0.0,0.0
Bengaluru City,Hulimavu Traffic PS,1.04432e+16,2018,1,1,Road Accidents,Other,City/Town,Open area,Human Error,Yes,Simple Injury,Hit and Run,Not Applicable,Curve,City or Town Road,Bitumen(Tar),Dry,No influence on accident,Fine,Hulimavu road,White pencil college,2.5kms,0.0,0.0,0,0,0.0,0.0
Bengaluru City,Hulimavu Traffic PS,1.04432e+16,2018,1,1,Road Accidents,Not Applicable,City/Town,Open area,Human Error,No,Simple Injury,Not Applicable,Controlled,Straight and flat,City or Town Road,Bitumen(Tar),Dry,No influence on accident,Fine,BDA road,Toys & baby shops,3kms,0.0,0.0,0,0,0.0,0.0
Bengaluru City,Hulimavu Traffic PS,1.04432e+16,2018,1,3,Road Accidents,Other,City/Town,Near office complex,Human Error,No,Damage Only,Rear end,Not at  Junction,Hump,City or Town Road,Bitumen(Tar),Dry,No influence on accident,Fine,BG Road,Electrical pole,18fts,0.0,0.0,0,0,0.0,0.0
Bengaluru City,Hulimavu Traffic PS,1.04432e+16,2018,1,2,Road Accidents,Other,City/Town,Near office complex,Human Error,Yes,Simple Injury,Hit and Run,Not at  Junction,Straight and flat,City or Town Road,Bitumen(Tar),Dry,No influence on accident,Fine,Doddakammanahalli road,Electrical pole,10fts,0.0,0.0,0,0,0.0,0.0
Bengaluru City,Hulimavu Traffic PS,1.04432e+16,2018,1,1,Road Accidents,Cross roads,City/Town,Near office complex,Human Error,No,Simple Injury,Hit pedestrian,Not at  Junction,Straight and flat,Others,Bitumen(Tar),Dry,No influence on accident,Fine,Sa baba Temple road,Near mahindra showroom,30fts,12.883206,77.608383,0,0,0.0,0.0
Bengaluru City,Hulimavu Traffic PS,1.04432e+16,2018,1,2,Road Accidents,Junction,City/Town,Near School or College,Human Error,Yes,Simple Injury,Side swipe,No signal lights,Curve,City or Town Road,Bitumen(Tar),Dry,No influence on accident,Fine,B G Road,Holy spirit school,10fts,0.0,77.59249,0,0,0.0,0.0
Bengaluru City,Hulimavu Traffic PS,1.04432e+16,2018,1,2,Road Accidents,Other,City/Town,Open area,Human Error,No,Grievous Injury,Rear end,Not at  Junction,Curve,City or Town Road,Bitumen(Tar),Dry,No influence on accident,Fine,BEGUR LAKE ROAD,ELECTRICAL POLE,22FTS,0.0,0.0,0,0,0.0,0.0
Bengaluru City,Hulimavu Traffic PS,1.04432e+16,2019,1,2,Road Accidents,Narrow road,City/Town,Open area,Human Error,Yes,Grievous Injury,Vehicle to Vehicle,Controlled,Straight and flat,NH,Bitumen(Tar),Dry,No influence on accident,Clear,HOSUR ROAD,INDIAN OIL PETROL BUNK,8 KMS,0.0,0.0,0,0,0.0,0.0
Bengaluru City,Hulimavu Traffic PS,1.04432e+16,2019,1,2,Road Accidents,Narrow road,City/Town,Near Bus stop,Human Error,No,Damage Only,Vehicle to Vehicle,Not at  Junction,Others,NH,Bitumen(Tar),Dry,No influence on accident,Fine,HOSUR MAIN ROAD,PILLAR NO 114,52 FT,0.0,0.0,0,0,0.0,0.0
Bengaluru City,Hulimavu Traffic PS,1.04432e+16,2019,1,1,Road Accidents,Not Applicable,Rural Areas,Near School or College,Human Error,Yes,Grievous Injury,Hit pedestrian,Not Applicable,Straight and flat,Others,Bitumen(Tar),Dry,No influence on accident,Fine,HULIMAVU ROAD,ELECTRICAL POLL,12 FT,0.0,0.0,0,0,0.0,0.0
Bengaluru City,Hulimavu Traffic PS,1.04432e+16,2019,1,1,Road Accidents,Other,City/Town,Open area,Human Error,No,Simple Injury,Hit pedestrian,Not at  Junction,Straight and flat,NH,Bitumen(Tar),Dry,No influence on accident,Fine,HOSUR MAIN ROAD,PILLAR NO 100,29FTS,0.0,0.0,0,0,0.0,0.0
Bengaluru City,Hulimavu Traffic PS,1.04432e+16,2019,1,2,Road Accidents,Other,City/Town,Open area,Human Error,No,Grievous Injury,Head on,Not at  Junction,Straight and flat,City or Town Road,Bitumen(Tar),Dry,No influence on accident,Fine,BEGUR LAKE ROAD,ELECTRICAL POLE RE192BLRTC39918,23FTS,12.87812,77.6298,0,0,0.0,0.0
Bengaluru City,Hulimavu Traffic PS,1.04432e+16,2019,1,1,Road Accidents,Other,City/Town,Open area,Human Error,No,Fatal,Hit pedestrian,Not at  Junction,Straight and flat,NH,Bitumen(Tar),Dry,No influence on accident,Fine,HOSU MAIN ROAD,PILLAR NO 101,25FTS,0.0,0.0,0,0,0.0,0.0
Bengaluru City,Hulimavu Traffic PS,1.04432e+16,2019,1,1,Road Accidents,Not Applicable,City/Town,Open area,Human Error,Yes,Fatal,Vehicle to Vehicle,Not at  Junction,Straight and flat,NH,Bitumen(Tar),Dry,No influence on accident,Fine,HOSUR MAIN ROAD,ELECTRICAL POLE,20FTS,0.0,0.0,0,0,0.0,0.0
Bengaluru City,Hulimavu Traffic PS,1.04432e+16,2019,1,2,Road Accidents,Junction,City/Town,Near School or College,Human Error,No,Simple Injury,Rear end,No signal lights,Curve,City or Town Road,Bitumen(Tar),Dry,No influence on accident,Fine,BHANNERGHATTA MAIN ROAD,TRANSFARM POLE,21FTS,0.0,0.0,0,0,0.0,0.0
Bengaluru City,Hulimavu Traffic PS,1.04432e+16,2019,1,1,Road Accidents,Other,City/Town,Open area,Human Error,Yes,Simple Injury,Hit pedestrian,Not at  Junction,Straight and flat,NH,Bitumen(Tar),Dry,No influence on accident,Fine,HOSUR MAIN ROAD,PILLAR NO 90,8FTS,0.0,0.0,0,0,0.0,0.0
Bengaluru City,Hulimavu Traffic PS,1.04432e+16,2019,1,1,Road Accidents,Not Applicable,City/Town,Open area,Human Error,No,Grievous Injury,Hit pedestrian,Not at  Junction,Straight and flat,NH,Bitumen(Tar),Dry,No influence on accident,Fine,HOSUR MAIN ROAD,PILLAR NO 61,32FTS,0.0,0.0,0,0,0.0,0.0
Bengaluru City,Hulimavu Traffic PS,1.04432e+16,2019,1,1,Road Accidents,Curves,City/Town,Residential area,Human Error,No,Grievous Injury,Hit pedestrian,Not at  Junction,Sharp Curve,Others,Bitumen(Tar),Dry,No influence on accident,Fine,CHIKKA BEGUR MAIN ROAD,ELECTRICAL POLE RE191TC68CMR0009S,5FTS,0.0,0.0,0,0,0.0,0.0
Bengaluru City,Hulimavu Traffic PS,1.04432e+16,2019,1,2,Road Accidents,Curves,City/Town,Near School or College,Human Error,No,Simple Injury,Vehicle to Vehicle,Not at  Junction,Curve and Incline,Others,Bitumen(Tar),Dry,No influence on accident,Others,B G ROAD,ASHOKA INDUSTRIES,30FTS,0.0,0.0,0,0,0.0,0.0
Bengaluru City,Hulimavu Traffic PS,1.04432e+16,2019,1,1,Road Accidents,Not Applicable,City/Town,Open area,Human Error,Yes,Grievous Injury,Hit pedestrian,Not at  Junction,Straight and flat,Service Road,Bitumen(Tar),Dry,No influence on accident,Fine,HOSUR ROAD SERVICE ROAD,TREE,20FTS,0.0,0.0,0,0,0.0,0.0
Bengaluru City,Hulimavu Traffic PS,1.04432e+16,2019,1,2,Road Accidents,Junction,City/Town,Near School or College,Human Error,No,Simple Injury,Vehicle to Vehicle,No signal lights,Straight and flat,Others,Bitumen(Tar),Dry,No influence on accident,Fine,B G ROAD,LOYOLA SCHOOL,40FTS,0.0,0.0,0,0,0.0,0.0
Bengaluru City,Hulimavu Traffic PS,1.04432e+16,2019,1,2,Road Accidents,Cross roads,City/Town,Near Petrol Pump,Human Error,Yes,Simple Injury,Vehicle to Vehicle,Not at  Junction,Straight and flat,Others,Bitumen(Tar),Dry,No influence on accident,Fine,B G ROAD,TREE,28FTS,0.0,0.0,0,0,0.0,0.0
Bengaluru City,Hulimavu Traffic PS,1.04432e+16,2019,1,2,Road Accidents,Not Applicable,City/Town,Open area,Human Error,Yes,Grievous Injury,Vehicle to Vehicle,Not at  Junction,Straight and flat,NH,Bitumen(Tar),Dry,No influence on accident,Fine,hosur main road,pillar no 78,42fts,0.0,0.0,0,0,0.0,0.0
Bengaluru City,Hulimavu Traffic PS,1.04432e+16,2019,1,1,Road Accidents,Not Applicable,Rural Areas,Residential area,Human Error,No,Damage Only,Not Applicable,Not at  Junction,Straight and flat,Others,Bitumen(Tar),Dry,Not Applicable,Fine,AKSHAYA NAGAR,TREE,8FEET,12.87082,77.61627,0,0,0.0,0.0
Bengaluru City,Hulimavu Traffic PS,1.04432e+16,2019,1,1,Road Accidents,Junction,Rural Areas,Residential area,Human Error,No,Grievous Injury,Hit bicyclist,Police / Manual,Straight and flat,Not Applicable,Bitumen(Tar),Dry,No influence on accident,Fine,BEGURU MAIN ROAD,ELECTRICAL POLL,31 FT,12.87560845,77.62610245,0,0,0.0,0.0
Bengaluru City,Hulimavu Traffic PS,1.04432e+16,2019,1,1,Road Accidents,Other,City/Town,Open area,Human Error,No,Damage Only,Hit fixed object,Not at  Junction,Straight and flat,NH,Bitumen(Tar),Dry,No influence on accident,Fine,HOSUR ROAD ELIVATED FLYOVER,lay bye,10fts,0.0,0.0,0,0,0.0,0.0
Bengaluru City,Hulimavu Traffic PS,1.04432e+16,2019,1,2,Road Accidents,Other,City/Town,Near Bus stop,Human Error,Yes,Simple Injury,Hit and Run,Not at  Junction,Straight and flat,City or Town Road,Bitumen(Tar),Dry,No influence on accident,Fine,B G ROAD,TREE,18FTS,0.0,0.0,0,0,0.0,0.0
Bengaluru City,Hulimavu Traffic PS,1.04432e+16,2019,1,1,Road Accidents,Not Applicable,City/Town,Open area,Human Error,No,Simple Injury,Not Applicable,Not at  Junction,Straight and flat,NH,Bitumen(Tar),Dry,No influence on accident,Fine,HOSUR MAIN ROAD,PILLAR NO 90,16FTS,0.0,0.0,0,0,0.0,0.0
Bengaluru City,Hulimavu Traffic PS,1.04432e+16,2019,1,2,Road Accidents,Not Applicable,City/Town,Open area,Human Error,No,Simple Injury,Vehicle to Vehicle,Not at  Junction,Straight and flat,Others,Bitumen(Tar),Dry,No influence on accident,Fine,RTO ROAD,ELECTRICAL POLE,32FTS,0.0,0.0,0,0,0.0,0.0
Bengaluru City,Hulimavu Traffic PS,1.04432e+16,2019,1,3,Road Accidents,Other,City/Town,Near or inside a village,Human Error,Yes,Fatal,Rear end,Not at  Junction,Straight and flat,City or Town Road,Bitumen(Tar),Dry,No influence on accident,Fine,DEVARACHIKKANAHALLI MAIN ROAD,ELECTRICAL POLE,40FTS,0.0,0.0,0,0,0.0,0.0
Bengaluru City,Hulimavu Traffic PS,1.04432e+16,2019,1,1,Road Accidents,Other,City/Town,Near Bus stop,Human Error,Yes,Fatal,Hit pedestrian,Not at  Junction,Straight and flat,NH,Bitumen(Tar),Dry,No influence on accident,Fine,HOSUR  MAIN ROAD,PILLAR NO 119,10FTS,0.0,0.0,0,0,0.0,0.0
Bengaluru City,Hulimavu Traffic PS,1.04432e+16,2019,1,1,Road Accidents,Junction,City/Town,Open area,Human Error,Yes,Simple Injury,Hit and Run,No signal lights,Straight and flat,City or Town Road,Bitumen(Tar),Dry,No influence on accident,Fine,BEGUR MAIN ROAD,ELECTRICAL POLE,10FTS,0.0,0.0,0,0,0.0,0.0
Bengaluru City,Hulimavu Traffic PS,1.04432e+16,2019,1,2,Rail Road Accidents,Other,City/Town,Near School or College,Human Error,No,Damage Only,Hit parked vehicle,Not at  Junction,Straight and flat,City or Town Road,Bitumen(Tar),Dry,No influence on accident,Fine,BHANNEGHATTA MAIN ROAD,TRANFARM POLE,8 FTS,0.0,0.0,0,0,0.0,0.0
Bengaluru City,Hulimavu Traffic PS,1.04432e+16,2019,1,2,Road Accidents,Junction,City/Town,Open area,Human Error,No,Damage Only,Vehicle to Vehicle,Signal lights Blinking,Straight and flat,Others,Bitumen(Tar),Dry,No influence on accident,Fine,BDA 80FT ROAD,ELECTRICAL POLE,20FTS,0.0,0.0,0,0,0.0,0.0
Bengaluru City,Hulimavu Traffic PS,1.04432e+16,2019,1,2,Road Accidents,Bottleneck,City/Town,Open area,Human Error,No,Simple Injury,Vehicle to Vehicle,Not at  Junction,Straight and flat,Others,Bitumen(Tar),Dry,No influence on accident,Fine,B G ROAD,METRO PILLAR,26FTS,0.0,0.0,0,0,0.0,0.0
Bengaluru City,Hulimavu Traffic PS,1.04432e+16,2019,1,2,Road Accidents,Not Applicable,Rural Areas,Near or inside a village,Human Error,Yes,Grievous Injury,Vehicle to Vehicle,Not at  Junction,Others,Others,Bitumen(Tar),Dry,No influence on accident,Fine,NYANAPPANAHALLI MAIN ROAD,ELECTRIC POLL 1,17 FT,0.0,0.0,0,0,0.0,0.0
Bengaluru City,Hulimavu Traffic PS,1.04432e+16,2019,1,2,Road Accidents,Not Applicable,Rural Areas,Near Bus stop,Human Error,Yes,Simple Injury,Vehicle to Vehicle,Not at  Junction,Straight and flat,NH,Bitumen(Tar),Dry,No influence on accident,Fine,HOSUR MAIN ROAD,PILLAR NO 72,20FTS,0.0,0.0,0,0,0.0,0.0
Bengaluru City,Hulimavu Traffic PS,1.04432e+16,2019,1,2,Road Accidents,Not Applicable,City/Town,Open area,Human Error,No,Damage Only,Vehicle to Vehicle,Not at  Junction,Straight and flat,Others,Bitumen(Tar),Wet,No influence on accident,Heavy Rain,NICE MAIN ROAD,IRON GRILL,32FTS,0.0,0.0,0,3,0.0,3.0
Bengaluru City,Hulimavu Traffic PS,1.04432e+16,2019,1,2,Road Accidents,Not Applicable,Rural Areas,Near School or College,Human Error,Yes,Damage Only,Vehicle to Vehicle,Not Applicable,Straight and flat,Others,Bitumen(Tar),Dry,No influence on accident,Fine,BANNERURGHATTA MAIN ROAD,ELECTRICAL POLL,28 FT,12.8623,77.5905,0,0,0.0,0.0
Bengaluru City,Hulimavu Traffic PS,1.04432e+16,2019,1,2,Road Accidents,Cross roads,City/Town,Open area,Human Error,No,Simple Injury,Right Turn Collision,Not at  Junction,Straight and flat,City or Town Road,Bitumen(Tar),Dry,No influence on accident,Fine,HULIMAVU LAKE ROAD,TREE,22FTS,0.0,0.0,0,0,0.0,0.0
Bengaluru City,Hulimavu Traffic PS,1.04432e+16,2019,1,2,Road Accidents,Other,City/Town,Open area,Human Error,Yes,Simple Injury,Hit and Run,Not at  Junction,Straight and flat,City or Town Road,Bitumen(Tar),Dry,No influence on accident,Fine,HULIMAVU ROAD,ELECTRICAL POLE,17FTS,0.0,0.0,0,0,0.0,0.0
Bengaluru City,Hulimavu Traffic PS,1.04432e+16,2019,1,2,Road Accidents,Junction,City/Town,Open area,Human Error,Yes,Simple Injury,Others,No signal lights,Straight and flat,NH,Bitumen(Tar),Dry,No influence on accident,Fine,HOSUR MAIN ROAD,PILLAR NO 91,35FTS,0.0,0.0,0,0,0.0,0.0
Bengaluru City,Hulimavu Traffic PS,1.04432e+16,2019,1,2,Road Accidents,Not Applicable,City/Town,Open area,Human Error,Yes,Simple Injury,Vehicle to Vehicle,Not at  Junction,Straight and flat,Others,Bitumen(Tar),Dry,No influence on accident,Fine,NICE ROAD,REFLECTOR POLE,10FTS,0.0,0.0,0,0,0.0,0.0
Bengaluru City,Hulimavu Traffic PS,1.04432e+16,2019,1,1,Road Accidents,Junction,City/Town,Residential area,Human Error,No,Grievous Injury,Hit pedestrian,No signal lights,Straight and flat,Others,Bitumen(Tar),Dry,No influence on accident,Fine,BDA ROAD,ELECTRICAL POLE,8FTS,0.0,0.0,0,0,0.0,0.0
Bengaluru City,Hulimavu Traffic PS,1.04432e+16,2019,1,3,Road Accidents,Offset,City/Town,Near Petrol Pump,Human Error,No,Simple Injury,Vehicle to Vehicle,Not at  Junction,Straight and flat,Others,Bitumen(Tar),Dry,No influence on accident,Fine,B G ROAD,TRAFFIC SIGNALPOLE,28FTS,0.0,0.0,0,0,0.0,0.0
Bengaluru City,Hulimavu Traffic PS,1.04432e+16,2019,1,1,Road Accidents,Not Applicable,Rural Areas,Open area,Human Error,Yes,Grievous Injury,Hit pedestrian,Not at  Junction,Straight and flat,Others,Bitumen(Tar),Dry,No influence on accident,Fine,HOSUR MAIN ROAD,PILLAR NO 76,8 FT,0.0,0.0,0,0,0.0,0.0
Bengaluru City,Hulimavu Traffic PS,1.04432e+16,2019,1,2,Road Accidents,Narrow road,Rural Areas,Near School or College,Human Error,No,Grievous Injury,Vehicle to Vehicle,Not at  Junction,Straight and flat,Others,Bitumen(Tar),Dry,No influence on accident,Fine,KAMMANAHALLI MAIN ROAD,ELECTRIC POLL,10 FT,0.0,0.0,0,0,0.0,0.0
Bengaluru City,Hulimavu Traffic PS,1.04432e+16,2019,1,1,Road Accidents,Not Applicable,Rural Areas,Near Bus stop,Human Error,Yes,Grievous Injury,Hit bicyclist,Not at  Junction,Straight and flat,Others,Bitumen(Tar),Dry,No influence on accident,Fine,HULIMAVU,TREE,36 FT,0.0,0.0,0,0,0.0,0.0
Bengaluru City,Hulimavu Traffic PS,1.04432e+16,2019,1,1,Rail Road Accidents,Other,City/Town,Near office complex,Human Error,Yes,Simple Injury,Hit and Run,Not at  Junction,Straight and flat,NH,Bitumen(Tar),Dry,No influence on accident,Fine,HOSUR MAIN ROAD,PILLAR NO 64,45FTS,0.0,0.0,0,0,0.0,0.0
Bengaluru City,Hulimavu Traffic PS,1.04432e+16,2019,1,2,Road Accidents,Other,City/Town,Open area,Human Error,No,Simple Injury,Head on,Not at  Junction,Straight and flat,Village Road,Bitumen(Tar),Dry,No influence on accident,Fine,C K PALYA MAIN ROAD,UNIQUE FASHION LADIES TAILOR,15FTS,0.0,0.0,0,0,0.0,0.0
Bengaluru City,Hulimavu Traffic PS,1.04432e+16,2019,1,2,Road Accidents,Bridge,City/Town,Narrow bridge or culverts,Human Error,No,Damage Only,Others,Not at  Junction,Straight and flat,City or Town Road,Bitumen(Tar),Dry,No influence on accident,Fine,BASAVAPURA ROAD,TREE,8FTS,0.0,0.0,0,0,0.0,0.0
Bengaluru City,Hulimavu Traffic PS,1.04432e+16,2019,1,1,Road Accidents,Other,City/Town,Near Bus stop,Human Error,No,Simple Injury,Hit pedestrian,Not at  Junction,Straight and flat,Service Road,Bitumen(Tar),Dry,No influence on accident,Fine,HOSUR ROAD,TREE,20FTS,0.0,0.0,0,0,0.0,0.0
Bengaluru City,Hulimavu Traffic PS,1.04432e+16,2019,1,2,Road Accidents,Curves,City/Town,Open area,Human Error,Yes,Simple Injury,Head on,Not at  Junction,Curve,City or Town Road,Bitumen(Tar),Dry,No influence on accident,Fine,DODDAKAMMANAHALLI MAIN ROAD,TRANSFARM POLE,13FTS,0.0,0.0,0,0,0.0,0.0
Bengaluru City,Hulimavu Traffic PS,1.04432e+16,2019,1,2,Road Accidents,Curves,City/Town,Residential area,Human Error,No,Simple Injury,Hit parked vehicle,Not at  Junction,Curve and Incline,City or Town Road,Bitumen(Tar),Dry,No influence on accident,Fine,AKSHAYA NAGAR ROAD,TREE,8FTS,12.86737,77.61921,0,0,0.0,0.0
Bengaluru City,Hulimavu Traffic PS,1.04432e+16,2019,1,1,Road Accidents,Not Applicable,City/Town,Open area,Human Error,No,Grievous Injury,Hit pedestrian,Not at  Junction,Straight and flat,NH,Bitumen(Tar),Dry,No influence on accident,Fine,HOSUR MAIN ROAD,PILLAR NO 64,30FTS,0.0,0.0,0,0,0.0,0.0
Bengaluru City,Hulimavu Traffic PS,1.04432e+16,2019,1,2,Road Accidents,Curves,City/Town,Open area,Human Error,No,Damage Only,Vehicle to Vehicle,Controlled,Straight and flat,Others,Bitumen(Tar),Dry,No influence on accident,Clear,HULIMAVU PS,NEW BARODA BANK,4KMS,0.0,0.0,0,0,0.0,0.0
Bengaluru City,Hulimavu Traffic PS,1.04432e+16,2019,1,2,Road Accidents,Not Applicable,City/Town,Open area,Human Error,No,Damage Only,Vehicle to Vehicle,Not at  Junction,Straight and flat,Others,Bitumen(Tar),Dry,No influence on accident,Fine,BANNERGHATTA MAIN ROAD,ELECTRICAL POLE,25FTS,0.0,0.0,0,0,0.0,0.0
Bengaluru City,Hulimavu Traffic PS,1.04432e+16,2019,1,2,Road Accidents,Junction,City/Town,Open area,Human Error,Yes,Grievous Injury,Vehicle to Vehicle,No signal lights,Straight and flat,Others,Bitumen(Tar),Dry,No influence on accident,Fine,SAI BABA TEMPLE ROAD,ELECTRICAL POLE TEE193AKTCSTR23S,32FTS,0.0,0.0,0,0,0.0,0.0
Bengaluru City,Hulimavu Traffic PS,1.04432e+16,2019,1,1,Road Accidents,Not Applicable,City/Town,Open area,Human Error,No,Simple Injury,Hit pedestrian,Not at  Junction,Straight and flat,NH,Bitumen(Tar),Dry,No influence on accident,Fine,HOSUR MAIN ROAD,PILLAR NO 90,35FTS,0.0,0.0,0,0,0.0,0.0
Bengaluru City,Hulimavu Traffic PS,1.04432e+16,2019,1,2,Road Accidents,Not Applicable,City/Town,Near School or College,Human Error,No,Grievous Injury,Vehicle to Vehicle,Not at  Junction,Straight and flat,Others,Bitumen(Tar),Dry,No influence on accident,Fine,HOSUR MAIN ROAD,ELECTRICAL POLL,22 FT,0.0,0.0,0,0,0.0,0.0
Bengaluru City,Hulimavu Traffic PS,1.04432e+16,2019,1,2,Road Accidents,Junction,City/Town,Near Bus stop,Human Error,No,Damage Only,Head on,No signal lights,Straight and flat,City or Town Road,Bitumen(Tar),Dry,No influence on accident,Fine,DEVARACHIKKANAHALLI MAIN ROAD,ROSHINI PRIDE APARTMENT,10FTS,0.0,0.0,0,0,0.0,0.0
Bengaluru City,Hulimavu Traffic PS,1.04432e+16,2019,1,1,Road Accidents,Junction,City/Town,Open area,Human Error,No,Grievous Injury,Hit pedestrian,Signal lights Blinking,Straight and flat,NH,Bitumen(Tar),Dry,No influence on accident,Fine,HOSUR MAIN ROAD,PILLER NO 74,31 FT,0.0,0.0,0,0,0.0,0.0
Bengaluru City,Hulimavu Traffic PS,1.04432e+16,2019,1,2,Road Accidents,Not Applicable,City/Town,Open area,Human Error,No,Damage Only,Vehicle to Vehicle,No signal lights,Straight and flat,Others,Bitumen(Tar),Dry,No influence on accident,Fine,HOMMADEVANAHALLI MAIN ROAD,ELECTRICAL POLE,10FT,0.0,0.0,0,0,0.0,0.0
Bengaluru City,Hulimavu Traffic PS,1.04432e+16,2019,1,2,Road Accidents,Not Applicable,City/Town,Residential area,Human Error,Not Applicable,Damage Only,Vehicle to Vehicle,Police / Manual,Others,Two way,Bitumen(Tar),Others,Not Applicable,Clear,BANNERUGATTA ROAD BENGALORE,ELECTRIC POLL EAST SIDE,30,12.8489,77.5882,0,1,0.0,1.0
Bengaluru City,Hulimavu Traffic PS,1.04432e+16,2019,1,1,Road Accidents,Other,City/Town,Open area,Human Error,Yes,Grievous Injury,Hit pedestrian,Not at  Junction,Straight and flat,City or Town Road,Bitumen(Tar),Dry,No influence on accident,Fine,B G ROAD,ELECTRICAL POLE,38FTS,0.0,0.0,0,0,0.0,0.0