DISTRICTNAME,UNITNAME,Crime_No,Year,RI,Noofvehicle_involved,Accident_Classification,Accident_Spot,Accident_Location,Accident_SubLocation,Main_Cause,Hit_Run,Severity,Collision_Type,Junction_Control,Road_Character,Road_Type,Surface_Type,Surface_Condition,Road_Condition,Weather,Accident_Road,Landmark_first,Distance_LandMark_First,Latitude,Longitude,Road_Condition_Score,Surface_Condition_Score,Surface_Type_Score,Road_Risk_Index
Bengaluru City,Hulimavu Traffic PS,1.04432e+16,2019,1,1,Road Accidents,Other,City/Town,Near a recreation place/cinema,Human Error,No,Simple Injury,Hit pedestrian,Not at  Junction,Straight and flat,NH,Bitumen(Tar),Dry,No influence on accident,Fine,HOSUR MAIN ROAD,PILLAR NO 69,35FTS,0.0,0.0,0,0,0.0,0.0
Bengaluru City,Hulimavu Traffic PS,1.04432e+16,2019,1,1,Road Accidents,Other,City/Town,Open area,Human Error,No,Simple Injury,Hit pedestrian,Not at  Junction,Straight and flat,Service Road,Bitumen(Tar),Dry,No influence on accident,Fine,"HOSUR MAIN ROAD, SERVICE ROAD",INDURA LIFE STYLE PVT LTD,20FTS,12.88506,77.64263,0,0,0.0,0.0
Bengaluru City,Hulimavu Traffic PS,1.04432e+16,2019,1,2,Road Accidents,Other,City/Town,Residential area,Human Error,Yes,Simple Injury,Rear end,Not at  Junction,Gentle Incline or Climb,City or Town Road,Bitumen(Tar),Dry,No influence on accident,Fine,NYANAPPANAHALLI ROAD,IMAGE MAN SALOON,20,0.0,0.0,0,0,0.0,0.0
Bengaluru City,Hulimavu Traffic PS,1.04432e+16,2019,1,2,Road Accidents,Other,City/Town,Open area,Human Error,Yes,Grievous Injury,Hit pedestrian,Not at  Junction,Straight and flat,Service Road,Bitumen(Tar),Dry,No influence on accident,Fine,"Hosur road, Service road",PILLAR NO 60,35FTS,0.0,0.0,0,0,0.0,0.0
Bengaluru City,Hulimavu Traffic PS,1.04432e+16,2019,1,2,Road Accidents,T Junction,City/Town,Near School or College,Human Error,No,Simple Injury,Side impact or Right angle,Signal lights Automatic,Straight and flat,NH,Bitumen(Tar),Dry,No influence on accident,Fine,HOSUR MAIN RAOD,PILLAR NO 74,33FTS,0.0,0.0,0,0,0.0,0.0
Bengaluru City,Hulimavu Traffic PS,1.04432e+16,2019,1,2,Road Accidents,Offset,City/Town,Open area,Human Error,No,Damage Only,Rear end,Not at  Junction,Straight and flat,Expressway,Bitumen(Tar),Dry,No influence on accident,Fine,NICE ROAD,CAUTIONARY BOARD,20FTS,0.0,0.0,0,0,0.0,0.0
Bengaluru City,Hulimavu Traffic PS,1.04432e+16,2019,1,2,Road Accidents,Junction,City/Town,Open area,Human Error,No,Simple Injury,Vehicle to Vehicle,No signal lights,Straight and flat,Others,Bitumen(Tar),Dry,No influence on accident,Fine,B G ROAD,TELEPHONE POLE,18FTS,0.0,0.0,0,0,0.0,0.0
Bengaluru City,Hulimavu Traffic PS,1.04432e+16,2019,1,2,Road Accidents,Junction,City/Town,Near office complex,Human Error,No,Grievous Injury,Vehicle to Vehicle,No signal lights,Straight and flat,Others,Bitumen(Tar),Dry,No influence on accident,Fine,MANIPAL COUNTY MAIN ROAD,ELECTRICAL POLE,25FTS,0.0,0.0,0,0,0.0,0.0
Bengaluru City,Hulimavu Traffic PS,1.04432e+16,2019,1,2,Road Accidents,Junction,City/Town,Near or inside a village,Human Error,Yes,Simple Injury,Vehicle to Vehicle,No signal lights,Straight and flat,Others,Bitumen(Tar),Dry,No influence on accident,Fine,VISHWESHWARAIAH ROAD,ELECTRICAL POLE,38FTS,0.0,0.0,0,0,0.0,0.0
Bengaluru City,Hulimavu Traffic PS,1.04432e+16,2019,1,1,Road Accidents,Not Applicable,City/Town,Near Petrol Pump,Human Error,No,Grievous Injury,Vehicle to Vehicle,Not Applicable,Straight and flat,NH,Bitumen(Tar),Dry,No influence on accident,Fine,HOSUR MAIN ROAD,PILLAR NO 130,32 FT,0.0,0.0,0,0,0.0,0.0
Bengaluru City,Hulimavu Traffic PS,1.04432e+16,2019,1,1,Road Accidents,Cross roads,Rural Areas,Near a religious place,Human Error,Yes,Grievous Injury,Hit bicyclist,Not Applicable,Straight and flat,Others,Bitumen(Tar),Dry,No influence on accident,Fine,GAREPALYA,ELECTRICAL POLL,6 FT,0.0,0.0,0,0,0.0,0.0
Bengaluru City,Hulimavu Traffic PS,1.04432e+16,2019,1,2,Road Accidents,Other,City/Town,Open area,Human Error,No,Grievous Injury,Rear end,Not at  Junction,Straight and flat,NH,Bitumen(Tar),Dry,No influence on accident,Fine,HOSUR  MAIN ROAD,PILLAR NO 91,40FTS,0.0,0.0,0,0,0.0,0.0
Bengaluru City,Hulimavu Traffic PS,1.04432e+16,2019,1,2,Road Accidents,Other,City/Town,Open area,Human Error,No,Simple Injury,Rear end,No signal lights,Straight and flat,NH,Bitumen(Tar),Dry,No influence on accident,Fine,HOSUR MAIN ROAD,PILLAR NO 91,8FTS,0.0,0.0,0,0,0.0,0.0
Bengaluru City,Hulimavu Traffic PS,1.04432e+16,2019,1,1,Road Accidents,Cross roads,City/Town,Near Hospital,Human Error,No,Simple Injury,Hit pedestrian,Not at  Junction,Straight and flat,Others,Bitumen(Tar),Dry,No influence on accident,Fine,B G ROAD,ELECTRICAL POLE,28,0.0,0.0,0,0,0.0,0.0
Bengaluru City,Hulimavu Traffic PS,1.04432e+16,2019,1,2,Road Accidents,Not Applicable,City/Town,Open area,Human Error,No,Grievous Injury,Vehicle to Vehicle,Not at  Junction,Straight and flat,NH,Bitumen(Tar),Dry,No influence on accident,Fine,HOSUR MAIN ROAD,PILLAR NO 86,10 FT,0.0,0.0,0,0,0.0,0.0
Bengaluru City,Hulimavu Traffic PS,1.04432e+16,2019,1,2,Road Accidents,Cross roads,Rural Areas,Near office complex,Human Error,Yes,Damage Only,Vehicle to Vehicle,Not at  Junction,Straight and flat,Others,Bitumen(Tar),Dry,No influence on accident,Fine,DLF MAIN ROAD,APPOLLE PARMACHY,35 FT,0.0,0.0,0,0,0.0,0.0
Bengaluru City,Hulimavu Traffic PS,1.04432e+16,2019,1,1,Road Accidents,Junction,City/Town,Near Bus stop,Human Error,Yes,Grievous Injury,Vehicle to Vehicle,Not Applicable,Straight and flat,NH,Bitumen(Tar),Dry,No influence on accident,Fine,HOSUR MAIN ROAD,PILLAR NO 119,30 FT,0.0,0.0,0,0,0.0,0.0
Bengaluru City,Hulimavu Traffic PS,1.04432e+16,2019,1,1,Road Accidents,Not Applicable,Rural Areas,Open area,Human Error,Yes,Grievous Injury,Not Applicable,Not Applicable,Curve,Others,Bitumen(Tar),Dry,No influence on accident,Fine,B G ROAD,BANNERUGATTA BRIDZE,1 KM,12.850724,77.591194,0,0,0.0,0.0
Bengaluru City,Hulimavu Traffic PS,1.04432e+16,2019,1,2,Road Accidents,Not Applicable,City/Town,Open area,Human Error,No,Grievous Injury,Vehicle to Vehicle,Uncontrolled,Not Applicable,Expressway,Bitumen(Tar),Dry,Not Applicable,Clear,Nice Road,Drainage,8 feet,0.0,0.0,0,0,0.0,0.0
Bengaluru City,Hulimavu Traffic PS,1.04432e+16,2019,1,2,Road Accidents,Other,City/Town,Open area,Human Error,No,Fatal,Rear end,Not at  Junction,Straight and flat,Service Road,Bitumen(Tar),Dry,No influence on accident,Fine,"HOSUR MAIN ROAD, SERVICE ROAD",ELECTRICAL POLE,30FTS,0.0,0.0,0,0,0.0,0.0
Bengaluru City,Hulimavu Traffic PS,1.04432e+16,2019,1,2,Road Accidents,Other,City/Town,Open area,Human Error,No,Damage Only,Side swipe,Not at  Junction,Curve and Incline,City or Town Road,Bitumen(Tar),Dry,No influence on accident,Fine,AKSHAYA NAGAR ROAD,TREE,8FTS,0.0,0.0,0,0,0.0,0.0
Bengaluru City,Hulimavu Traffic PS,1.04432e+16,2019,1,2,Road Accidents,Cross roads,City/Town,Near Hospital,Human Error,No,Grievous Injury,Vehicle to Vehicle,Not at  Junction,Straight and flat,Others,Bitumen(Tar),Dry,No influence on accident,Fine,BANNERGHATTA MAIN ROAD,ELECTRICAL POLE,18FTS,0.0,0.0,0,0,0.0,0.0
Bengaluru City,Hulimavu Traffic PS,1.04432e+16,2019,1,2,Road Accidents,Not Applicable,Rural Areas,Near a religious place,Human Error,Yes,Grievous Injury,Vehicle to Vehicle,Not Applicable,Others,Others,Bitumen(Tar),Dry,No influence on accident,Fine,BEGURU LAKE ROAD,ELECTRIC POLL,17 FT,0.0,0.0,0,0,0.0,0.0
Bengaluru City,Hulimavu Traffic PS,1.04432e+16,2019,1,1,Road Accidents,Junction,City/Town,Open area,Human Error,Yes,Grievous Injury,Hit pedestrian,Controlled,Straight and flat,Others,Bitumen(Tar),Dry,No influence on accident,Clear,B G ROAD,KOLIFORM GATE BUS STAND,2.5KMS,0.0,0.0,0,0,0.0,0.0
Bengaluru City,Hulimavu Traffic PS,1.04432e+16,2019,1,1,Road Accidents,Not Applicable,Rural Areas,Residential area,Human Error,No,Simple Injury,Vehicle to Vehicle,Not at  Junction,Others,Others,Bitumen(Tar),Dry,No influence on accident,Fine,AREKERE MAIN ROAD,ELECTRICAL POLL,22 FT,0.0,0.0,0,0,0.0,0.0
Bengaluru City,Hulimavu Traffic PS,1.04432e+16,2019,1,2,Road Accidents,Narrow road,Rural Areas,Near School or College,Human Error,No,Grievous Injury,Vehicle to Vehicle,No signal lights,Others,Others,Bitumen(Tar),Dry,No influence on accident,Fine,B G MAIN ROAD,TRANSFORMER POLL,35 FT,0.0,0.0,0,0,0.0,0.0
Bengaluru City,Hulimavu Traffic PS,1.04432e+16,2019,1,2,Road Accidents,Not Applicable,Rural Areas,Residential area,Human Error,Yes,Grievous Injury,Vehicle to Vehicle,Not Applicable,Straight and flat,Others,Bitumen(Tar),Dry,No influence on accident,Fine,HOMMADEVANAHALLI MAIN ROAD,ELECTRICAL POLL,16 FT,0.0,0.0,0,0,0.0,0.0
Bengaluru City,Hulimavu Traffic PS,1.04432e+16,2019,1,2,Road Accidents,Junction,City/Town,Residential area,Human Error,Yes,Simple Injury,Vehicle to Vehicle,Police / Manual,Curve,Others,Bitumen(Tar),Not Applicable,Not Applicable,Fine,BEGUR BOMMANAHALLI ROAD,SARAVANA  FISH CENTER,20,12.8833,77.6248,0,0,0.0,0.0
Bengaluru City,Hulimavu Traffic PS,1.04432e+16,2019,1,1,Road Accidents,Cross roads,City/Town,Near office complex,Human Error,Yes,Fatal,Hit pedestrian,Not at  Junction,Curve and Incline,City or Town Road,Bitumen(Tar),Dry,No influence on accident,Fine,B G ROAD,ELECTRICAL POLE,55FTS,0.0,0.0,0,0,0.0,0.0
Bengaluru City,Hulimavu Traffic PS,1.04432e+16,2019,1,1,Road Accidents,Other,City/Town,Open area,Human Error,Yes,Simple Injury,Others,Not at  Junction,Hump,NH,Bitumen(Tar),Dry,No influence on accident,Fine,HOSUR MAIN ROAD,PILLAR NO 114,15FTS,0.0,0.0,0,0,0.0,0.0
Bengaluru City,Hulimavu Traffic PS,1.04432e+16,2019,1,1,Road Accidents,Other,City/Town,Residential area,Human Error,No,Grievous Injury,Hit pedestrian,Not at  Junction,Others,City or Town Road,Bitumen(Tar),Dry,No influence on accident,Fine,HULIMAVU MAIN ROAD,KALEEL PRINTS,10FTS,0.0,0.0,0,0,0.0,0.0
Bengaluru City,Hulimavu Traffic PS,1.04432e+16,2019,1,2,Road Accidents,Junction,City/Town,Open area,Human Error,Yes,Simple Injury,Vehicle to Vehicle,Police / Manual,Straight and flat,Others,Bitumen(Tar),Dry,No influence on accident,Fine,BEGUR MAIN ROAD,ELECTRICAL POLE,15,0.0,0.0,0,0,0.0,0.0
Bengaluru City,Hulimavu Traffic PS,1.04432e+16,2019,1,2,Rail Road Accidents,Not Applicable,City/Town,Open area,Human Error,No,Fatal,Vehicle to Vehicle,Not at  Junction,Straight and flat,Others,Bitumen(Tar),Dry,No influence on accident,Fine,NICE ROAD,B G ROAD BRIDGE,20FTS,0.0,0.0,0,0,0.0,0.0
Bengaluru City,Hulimavu Traffic PS,1.04432e+16,2019,1,2,Road Accidents,Junction,City/Town,Open area,Human Error,Yes,Simple Injury,Hit and Run,Not Applicable,Straight and flat,City or Town Road,Bitumen(Tar),Dry,No influence on accident,Fine,SAI BABA TEMPLE ROAD,TRANSFARM POLE,14FTS,0.0,0.0,0,0,0.0,0.0
Bengaluru City,Hulimavu Traffic PS,1.04432e+16,2019,1,1,Road Accidents,Not Applicable,City/Town,Open area,Human Error,No,Grievous Injury,Hit pedestrian,Not at  Junction,Straight and flat,NH,Bitumen(Tar),Dry,No influence on accident,Fine,HOSUR MAIN ROAD,PILLAR NO 131,20FTS,0.0,0.0,0,0,0.0,0.0
Bengaluru City,Hulimavu Traffic PS,1.04432e+16,2019,1,2,Road Accidents,Junction,Rural Areas,Near School or College,Human Error,Yes,Fatal,Vehicle to Vehicle,Not Applicable,Others,Others,Bitumen(Tar),Dry,No influence on accident,Fine,NICE ROAD,ELECTRICAL POLL,35 FT,0.0,0.0,0,0,0.0,0.0
Bengaluru City,Hulimavu Traffic PS,1.04432e+16,2019,1,1,Road Accidents,Not Applicable,Rural Areas,Residential area,Human Error,No,Grievous Injury,Hit pedestrian,Not at  Junction,Straight and flat,Others,Bitumen(Tar),Dry,No influence on accident,Fine,CHIKKAKAMMANAHALLI,ELECTRICAL POLL,5 FT,0.0,0.0,0,0,0.0,0.0
Bengaluru City,Hulimavu Traffic PS,1.04432e+16,2019,1,2,Road Accidents,Junction,City/Town,Open area,Human Error,Yes,Damage Only,Hit and Run,Not at  Junction,Straight and flat,NH,Bitumen(Tar),Dry,No influence on accident,Fine,HOSUR MAIN ROAD,PILLAR NO 74,6FTS,0.0,0.0,0,0,0.0,0.0
Bengaluru City,Hulimavu Traffic PS,1.04432e+16,2019,1,2,Road Accidents,Other,City/Town,Open area,Human Error,Yes,Simple Injury,Head on,Not at  Junction,Straight and flat,City or Town Road,Bitumen(Tar),Dry,No influence on accident,Fine,B G ROAD,ELECTRICAL POLE,22FTS,0.0,0.0,0,0,0.0,0.0
Bengaluru City,Hulimavu Traffic PS,1.04432e+16,2019,1,1,Road Accidents,Not Applicable,City/Town,Open area,Human Error,No,Grievous Injury,Hit pedestrian,Not at  Junction,Straight and flat,NH,Bitumen(Tar),Dry,No influence on accident,Fine,HOSUR MAIN ROAD,PILLAR NO 77,25FTS,0.0,0.0,0,0,0.0,0.0
Bengaluru City,Hulimavu Traffic PS,1.04432e+16,2019,1,1,Road Accidents,Not Applicable,City/Town,Open area,Human Error,Yes,Simple Injury,Hit pedestrian,Not at  Junction,Straight and flat,Others,Bitumen(Tar),Dry,No influence on accident,Fine,SAI BABA TEMPLE ROAD,ELECTRICAL POLE,51FTS,0.0,0.0,0,0,0.0,0.0
Bengaluru City,Hulimavu Traffic PS,1.04432e+16,2019,1,2,Road Accidents,Not Applicable,Rural Areas,Near School or College,Human Error,No,Simple Injury,Vehicle to Vehicle,Not Applicable,Straight and flat,Others,Bitumen(Tar),Dry,No influence on accident,Fine,NICE ROAD,NOTICE BOARD,25 FT,12.8533,77.5969,0,0,0.0,0.0
Bengaluru City,Hulimavu Traffic PS,1.04432e+16,2019,1,2,Road Accidents,Other,City/Town,Near a religious place,Human Error,No,Grievous Injury,Hit pedestrian,Not at  Junction,Straight and flat,City or Town Road,Bitumen(Tar),Dry,No influence on accident,Fine,DEVARACHIKKANAHALLI MAIN ROAD,ELECTRICAL POLE,21FTS,0.0,0.0,0,0,0.0,0.0
Bengaluru City,Hulimavu Traffic PS,1.04432e+16,2019,1,2,Road Accidents,Junction,City/Town,Open area,Human Error,Yes,Simple Injury,Hit and Run,Signal lights Blinking,Straight and flat,City or Town Road,Bitumen(Tar),Dry,No influence on accident,Fine,AKSHAYANAGAR ROAD,POLICE CHOWKI,21FTS,0.0,0.0,0,0,0.0,0.0
Bengaluru City,Hulimavu Traffic PS,1.04432e+16,2019,1,1,Road Accidents,Not Applicable,Rural Areas,Near a religious place,Human Error,Yes,Fatal,Hit pedestrian,Not Applicable,Straight and flat,Others,Bitumen(Tar),Dry,No influence on accident,Fine,HULIMAVU,RAJASHEKAR REDDY BUILDING GATE,5 FT,0.0,0.0,0,0,0.0,0.0
Bengaluru City,Hulimavu Traffic PS,1.04432e+16,2019,1,1,Road Accidents,Not Applicable,City/Town,Open area,Human Error,Yes,Grievous Injury,Hit pedestrian,Not at  Junction,Straight and flat,NH,Bitumen(Tar),Dry,No influence on accident,Fine,HOSUR MAIN ROAD,PILLAR NO 92,28FTS,0.0,0.0,0,0,0.0,0.0
Bengaluru City,Hulimavu Traffic PS,1.04432e+16,2019,1,2,Rail Road Accidents,Other,City/Town,Residential area,Human Error,Yes,Damage Only,Hit and Run,Not at  Junction,Straight and flat,City or Town Road,Bitumen(Tar),Dry,No influence on accident,Fine,DEO HEIGHTS LAYOUT ROAD,SUNRISE ORGANIC BEAUTY PARLOUR,15FTS,0.0,0.0,0,0,0.0,0.0
Bengaluru City,Hulimavu Traffic PS,1.04432e+16,2019,1,1,Road Accidents,Other,City/Town,Open area,Human Error,Yes,Simple Injury,Hit pedestrian,Not at  Junction,Straight and flat,City or Town Road,Bitumen(Tar),Dry,No influence on accident,Fine,LAKSHMI LAYOUT MAIN ROAD,IYENGAR CAKE PALACE,6FTS,0.0,0.0,0,0,0.0,0.0
Bengaluru City,Hulimavu Traffic PS,1.04432e+16,2019,1,1,Road Accidents,Other,City/Town,Open area,Human Error,No,Fatal,Hit pedestrian,Not at  Junction,Straight and flat,NH,Bitumen(Tar),Dry,No influence on accident,Fine,HOSUR MAIN ROAD,PILLAR NO 79,25FTS,0.0,0.0,0,0,0.0,0.0
Bengaluru City,Hulimavu Traffic PS,1.04432e+16,2019,1,2,Road Accidents,Other,City/Town,Open area,Human Error,Yes,Grievous Injury,Rear end,Not at  Junction,Straight and flat,Expressway,Bitumen(Tar),Dry,No influence on accident,Fine,HOSUR ROAD ELIVATED FLYOVER,ELECTRICAL POLE,17FTS,0.0,0.0,0,0,0.0,0.0
Bengaluru City,Hulimavu Traffic PS,1.04432e+16,2019,1,2,Road Accidents,Other,City/Town,Open area,Human Error,No,Fatal,Rear end,Not at  Junction,Straight and flat,Service Road,Bitumen(Tar),Dry,No influence on accident,Fine,"HOSUR MAIN ROAD, SERVICE ROAD",METRO PILLAR,25FTS,0.0,0.0,0,0,0.0,0.0
Bengaluru City,Hulimavu Traffic PS,1.04432e+16,2019,1,2,Road Accidents,Not Applicable,City/Town,Open area,Human Error,Yes,Grievous Injury,Vehicle to Vehicle,Not at  Junction,Straight and flat,Others,Bitumen(Tar),Dry,No influence on accident,Fine,BEGUR MAIN ROAD,TREE,15FTS,0.0,0.0,0,0,0.0,0.0
Bengaluru City,Hulimavu Traffic PS,1.04432e+16,2019,1,3,Road Accidents,Not Applicable,City/Town,Near Bus stop,Human Error,Yes,Damage Only,Vehicle to Vehicle,Not at  Junction,Straight and flat,NH,Bitumen(Tar),Dry,No influence on accident,Fine,HOSUR MAIN ROAD,PILLAR NO 115,45 FT,0.0,0.0,0,0,0.0,0.0
Bengaluru City,Hulimavu Traffic PS,1.04432e+16,2019,1,2,Road Accidents,Junction,Rural Areas,Near School or College,Human Error,No,Damage Only,Vehicle to Vehicle,No signal lights,Straight and flat,Others,Bitumen(Tar),Dry,No influence on accident,Fine,DODDAKAMMANAHALLI ROAD,ELECTRICAL POLL,35 FT,0.0,0.0,0,0,0.0,0.0
Bengaluru City,Hulimavu Traffic PS,1.04432e+16,2019,1,2,Road Accidents,Other,City/Town,Open area,Human Error,No,Simple Injury,Right Turn Collision,Not at  Junction,Straight and flat,City or Town Road,Bitumen(Tar),Dry,No influence on accident,Fine,B G ROAD,COCONUT TREE,22FTS,0.0,0.0,0,0,0.0,0.0
Bengaluru City,Hulimavu Traffic PS,1.04432e+16,2019,1,2,Road Accidents,Not Applicable,City/Town,Open area,Human Error,No,Grievous Injury,Vehicle to Vehicle,Not at  Junction,Straight and flat,Others,Bitumen(Tar),Dry,No influence on accident,Fine,BEGUR KOPPA ROAD,ELECTRICAL POLE,46FTS,0.0,0.0,0,0,0.0,0.0
Bengaluru City,Hulimavu Traffic PS,1.04432e+16,2019,1,2,Road Accidents,Junction,City/Town,Open area,Human Error,No,Grievous Injury,Vehicle to Vehicle,Signal lights Blinking,Straight and flat,Others,Bitumen(Tar),Dry,No influence on accident,Fine,BDA 80FT ROAD,ELECTRICAL POLE,20FTS,0.0,0.0,0,0,0.0,0.0
Bengaluru City,Hulimavu Traffic PS,1.04432e+16,2019,1,2,Road Accidents,Cross roads,City/Town,Open area,Human Error,No,Grievous Injury,Vehicle to Vehicle,Not at  Junction,Straight and flat,Others,Bitumen(Tar),Dry,No influence on accident,Fine,B G ROAD,ELECTRICAL POLE,9FTS,0.0,0.0,0,0,0.0,0.0
Bengaluru City,Hulimavu Traffic PS,1.04432e+16,2019,1,2,Road Accidents,Not Applicable,Rural Areas,Near a religious place,Human Error,No,Grievous Injury,Vehicle to Vehicle,Not at  Junction,Straight and flat,Others,Bitumen(Tar),Dry,No influence on accident,Fine,SAI BABA TEMPLE ROAD,ELECTRICAL POLL,26 FT,0.0,0.0,0,0,0.0,0.0
Bengaluru City,Hulimavu Traffic PS,1.04432e+16,2019,1,2,Road Accidents,Narrow road,City/Town,Open area,Human Error,No,Grievous Injury,Vehicle to Vehicle,Not at  Junction,Straight and flat,NH,Bitumen(Tar),Dry,No influence on accident,Fine,HOSUR MAIN ROAD,PILLAR NO 78,20 FT,0.0,0.0,0,0,0.0,0.0
Bengaluru City,Hulimavu Traffic PS,1.04432e+16,2019,1,2,Road Accidents,Junction,City/Town,Near office complex,Human Error,No,Grievous Injury,Vehicle to Vehicle,No signal lights,Straight and flat,Others,Bitumen(Tar),Dry,No influence on accident,Fine,BEGUR MAIN ROAD,LIFECARE DIAGNOSTIC CENTRE,6FTS,12.88326,77.6247,0,0,0.0,0.0
Bengaluru City,Hulimavu Traffic PS,1.04432e+16,2020,1,2,Road Accidents,Not Applicable,City/Town,Near School or College,Human Error,No,Grievous Injury,Hit bicyclist,Not Applicable,Straight and flat,Others,Bitumen(Tar),Dry,Not Applicable,Others,B.G ROAD,RAYAL HERMITAGE,45 MTR,0.0,0.0,0,0,0.0,0.0
Bengaluru City,Hulimavu Traffic PS,1.04432e+16,2020,1,5,Road Accidents,Not Applicable,City/Town,Near Petrol Pump,Human Error,Yes,Grievous Injury,Vehicle to Vehicle,Not at  Junction,Straight and flat,NH,Bitumen(Tar),Dry,No influence on accident,Light Rain,"NEAR INDIAN OIL PETROL PUMP CHIKKA BEGURU GATE METRO PILLAR NO 328,329 HOSUR MAIN ROAD",PILLAR NO 329,5FT,0.0,0.0,0,0,0.0,0.0
Bengaluru City,Hulimavu Traffic PS,1.04432e+16,2020,1,1,Road Accidents,Not Applicable,City/Town,Near School or College,Human Error,No,Fatal,Not Applicable,Not Applicable,Curve,Others,Bitumen(Tar),Wet,No influence on accident,Light Rain,NEAR SHAHI GARMENTS SIGNAL 80 FT ROAD AREKERE LAKE ROAD,TREE,10 FT,0.0,0.0,0,3,0.0,3.0
Bengaluru City,Hulimavu Traffic PS,1.04432e+16,2020,1,1,Road Accidents,Junction,City/Town,Open area,Human Error,No,Grievous Injury,Hit bicyclist,No signal lights,Not Applicable,Residential Street,Bitumen(Tar),Dry,No influence on accident,Fine,"BDA 80FT ROAD,SAIBABA TEMPLE ROAD,NEAR SURAKSHA APPTS,AREKERE.",SING BOARD,20FT,0.0,0.0,0,0,0.0,0.0
Bengaluru City,Hulimavu Traffic PS,1.04432e+16,2020,1,2,Road Accidents,Not Applicable,Rural Areas,Open area,Human Error,No,Fatal,Vehicle to Vehicle,No signal lights,Others,Others,Bitumen(Tar),Dry,No influence on accident,Fine,AREKERE 80FT MIAN ROAD NEAR RTO JUNCTION,TREE,12 FT,12.88653,77.61044,0,0,0.0,0.0
Bengaluru City,Hulimavu Traffic PS,1.04432e+16,2020,1,1,Road Accidents,Not Applicable,City/Town,Open area,Human Error,Yes,Grievous Injury,Hit pedestrian,Not at  Junction,Steep Incline or Climb,NH,Bitumen(Tar),Dry,No influence on accident,Fine,HOSUR MAIN ROAD,PILLAR NO 119,31FTS,0.0,0.0,0,0,0.0,0.0
Bengaluru City,Hulimavu Traffic PS,1.04432e+16,2020,1,2,Road Accidents,Not Applicable,City/Town,Near office complex,Human Error,No,Fatal,Vehicle to Vehicle,Not Applicable,Straight and flat,Residential Street,Bitumen(Tar),Dry,No influence on accident,Fine,OPP LAKSHMI SUPER MARKET LAKENA AGRAHARA B G ROAD,KARNATAKA TYRE SHOP,15 FT,0.0,0.0,0,0,0.0,0.0
Bengaluru City,Hulimavu Traffic PS,1.04432e+16,2020,1,1,Road Accidents,Not Applicable,City/Town,Residential area,Human Error,No,Grievous Injury,Hit pedestrian,Not Applicable,Straight and flat,Others,Bitumen(Tar),Dry,No influence on accident,Fine,OPP D K SURESH WATER PLANT KALENA AGRAHARA B G ROAD,ELCTRICAL POLL,32 FT,0.0,0.0,0,0,0.0,0.0
Bengaluru City,Hulimavu Traffic PS,1.04432e+16,2020,1,2,Road Accidents,Not Applicable,City/Town,Residential area,Human Error,Yes,Damage Only,Vehicle to Vehicle,Not at  Junction,Straight and flat,Others,Bitumen(Tar),Dry,No influence on accident,Fine,"NEAR HULIMAVU GATE, OPP ICICI BANK, B G ROAD",METRO BARICADS,3 FT,0.0,0.0,0,0,0.0,0.0
Bengaluru City,Hulimavu Traffic PS,1.04432e+16,2020,1,1,Road Accidents,Not Applicable,City/Town,Near a religious place,Human Error,No,Grievous Injury,Hit pedestrian,Not Applicable,Straight and flat,NH,Bitumen(Tar),Dry,Not Applicable,Others,HOSUR MAIN ROAD,SAI BABA TEMPLE,20,0.0,0.0,0,0,0.0,0.0
Bengaluru City,Hulimavu Traffic PS,1.04432e+16,2020,1,1,Road Accidents,Not Applicable,City/Town,Residential area,Human Error,No,Damage Only,Not Applicable,Not Applicable,Straight and flat,NH,Bitumen(Tar),Dry,Pot holed,Others,ELEVATED FLYOVER,NOTICE BORD,3 MT,0.0,0.0,5,0,0.0,5.0
Bengaluru City,Hulimavu Traffic PS,1.04432e+16,2020,1,2,Road Accidents,Not Applicable,City/Town,Near Petrol Pump,Human Error,No,Grievous Injury,Vehicle to Vehicle,Not Applicable,Straight and flat,Others,Bitumen(Tar),Dry,No influence on accident,Fine,BTM 4TH STAGE NEAR PETROL PUMP,ELECTRICLA POLE,36 FT,0.0,0.0,0,0,0.0,0.0
Bengaluru City,Hulimavu Traffic PS,1.04432e+16,2020,1,1,Road Accidents,Not Applicable,City/Town,Residential area,Human Error,No,Fatal,Not Applicable,Not at  Junction,Straight and flat,Others,Bitumen(Tar),Dry,No influence on accident,Fine,BEGUR MAIN ROAD INFRONT SUMADHURAM APPTS,ELECTRICAL POLL,30 FT,12.87394,77.64178,0,0,0.0,0.0
Bengaluru City,Hulimavu Traffic PS,1.04432e+16,2020,1,2,Road Accidents,Not Applicable,Rural Areas,Near School or College,Human Error,No,Fatal,Vehicle to Vehicle,Not Applicable,Straight and flat,Others,Bitumen(Tar),Dry,No influence on accident,Fine,CK PALYA MAIN ROAD OPP ARCHID SCHOOL,ELECTRICAL POLL,19 FT,0.0,0.0,0,0,0.0,0.0
Bengaluru City,Hulimavu Traffic PS,1.04432e+16,2020,1,1,Road Accidents,Junction,Rural Areas,Near a religious place,Human Error,No,Grievous Injury,Hit pedestrian,No signal lights,Straight and flat,Others,Bitumen(Tar),Dry,No influence on accident,Fine,B G ROAD,ELCTRICAL POLES,18 FT,0.0,0.0,0,0,0.0,0.0
Bengaluru City,Hulimavu Traffic PS,1.04432e+16,2020,1,2,Road Accidents,Not Applicable,City/Town,Open area,Human Error,No,Grievous Injury,Vehicle to Vehicle,Not Applicable,Straight and flat,Others,Bitumen(Tar),Dry,No influence on accident,Fine,MARALU JELLI LORRY STAND B G MAIN ROAD,TREE,37 FT,0.0,0.0,0,0,0.0,0.0
Bengaluru City,Hulimavu Traffic PS,1.04432e+16,2020,1,2,Road Accidents,Narrow road,City/Town,Open area,Human Error,No,Grievous Injury,Vehicle to Vehicle,Not at  Junction,Straight and flat,Others,Bitumen(Tar),Dry,No influence on accident,Fine,Nyanappanahalli main road,Transformer,22fts,0.0,0.0,0,0,0.0,0.0