DISTRICTNAME,UNITNAME,Crime_No,Year,RI,Noofvehicle_involved,Accident_Classification,Accident_Spot,Accident_Location,Accident_SubLocation,Main_Cause,Hit_Run,Severity,Collision_Type,Junction_Control,Road_Character,Road_Type,Surface_Type,Surface_Condition,Road_Condition,Weather,Accident_Road,Landmark_first,Distance_LandMark_First,Latitude,Longitude,Road_Condition_Score,Surface_Condition_Score,Surface_Type_Score,Road_Risk_Index
Bengaluru City,Hulimavu Traffic PS,1.04432e+16,2020,1,2,Road Accidents,Junction,City/Town,Open area,Human Error,No,Simple Injury,Vehicle to Vehicle,Police / Manual,Straight and flat,Others,Bitumen(Tar),Dry,No influence on accident,Fine,SIR M VISHWESHWARAIAH ROAD,ELECTRICAL POLE,33FTS,0.0,0.0,0,0,0.0,0.0
Bengaluru City,Hulimavu Traffic PS,1.04432e+16,2020,1,2,Not Applicable,Narrow road,City/Town,Open area,Human Error,Yes,Damage Only,Vehicle to Vehicle,Not at  Junction,Straight and flat,Two way,Bitumen(Tar),Dry,Not Applicable,Clear,HULIMAVU LAKE ROAD,EAST HULIMAVU LAKE,5 KM,0.0,0.0,0,0,0.0,0.0
Bengaluru City,Hulimavu Traffic PS,1.04432e+16,2020,1,2,Road Accidents,Not Applicable,Rural Areas,Near office complex,Human Error,No,Simple Injury,Vehicle to Vehicle,Not at  Junction,Straight and flat,Others,Bitumen(Tar),Dry,No influence on accident,Fine,OPP VINAYAKA JEWLLERY DEVRCHIKKANAHALLI MAIN ROAD BEGUR,TREE,12FT,0.0,0.0,0,0,0.0,0.0
Bengaluru City,Hulimavu Traffic PS,1.04432e+16,2020,1,1,Road Accidents,Not Applicable,City/Town,Open area,Human Error,No,Grievous Injury,Not Applicable,Not Applicable,Straight and flat,NH,Bitumen(Tar),Dry,No influence on accident,Fine,HOSUR MAIN ROAD NEAR SINGSANDRA METRO STATION,PILLAR NO 105,32 FT,0.0,0.0,0,0,0.0,0.0
Bengaluru City,Hulimavu Traffic PS,1.04432e+16,2020,1,2,Rail Road Accidents,Bottleneck,City/Town,Near Bus stop,Human Error,Yes,Grievous Injury,Vehicle to Vehicle,Not Applicable,Straight and flat,NH,Bitumen(Tar),Dry,No influence on accident,Clear,ELEVIDET FLYOVER,ELECTRIC POLE,12 FT,0.0,0.0,0,0,0.0,0.0
Bengaluru City,Hulimavu Traffic PS,1.04432e+16,2020,1,1,Road Accidents,Not Applicable,Rural Areas,Near a religious place,Human Error,No,Fatal,Not Applicable,Not at  Junction,Straight and flat,Others,Bitumen(Tar),Dry,No influence on accident,Fine,BEGURU KOPPA ROAD,ELECTRICAL POLL,35 FT,0.0,0.0,0,0,0.0,0.0
Bengaluru City,Hulimavu Traffic PS,1.04432e+16,2020,1,1,Road Accidents,Curves,City/Town,Near a religious place,Human Error,Yes,Grievous Injury,Hit pedestrian,Not Applicable,Curve,Service Road,Bitumen(Tar),Dry,Not Applicable,Clear,GAWRAMMA LAYOUT,ELETRIC POLE,8 FT,0.0,0.0,0,0,0.0,0.0
Bengaluru City,Hulimavu Traffic PS,1.04432e+16,2020,1,2,Road Accidents,Not Applicable,City/Town,Open area,Human Error,No,Grievous Injury,Vehicle to Vehicle,Not Applicable,Straight and flat,Others,Bitumen(Tar),Dry,No influence on accident,Fine,NICE ROAD NEAR CHIKKAKAMANAHALLI BRIDGE,ACCIDENT PLACE,12,0.0,0.0,0,0,0.0,0.0
Bengaluru City,Hulimavu Traffic PS,1.04432e+16,2020,1,1,Road Accidents,Curves,City/Town,Near School or College,Human Error,No,Fatal,Not Applicable,Not at  Junction,Straight and flat,Others,Bitumen(Tar),Dry,No influence on accident,Fine,NEAR HULIMAVU GATE OPP CHAITANYA TECHNO SCHOOL B G ROAD,ELECTRICAL POLL,45 FT,0.0,0.0,0,0,0.0,0.0
Bengaluru City,Hulimavu Traffic PS,1.04432e+16,2020,1,2,Road Accidents,Junction,City/Town,Near School or College,Human Error,Yes,Fatal,Vehicle to Vehicle,No signal lights,Straight and flat,Others,Bitumen(Tar),Dry,No influence on accident,Fine,NEAR LAYOLA JUNCTION BANNERUGHATTA MAIN ROAD,METRO BARICADS,15FT,0.0,0.0,0,0,0.0,0.0
Bengaluru City,Hulimavu Traffic PS,1.04432e+16,2020,1,2,Road Accidents,Not Applicable,Rural Areas,Residential area,Human Error,No,Damage Only,Vehicle to Vehicle,Not Applicable,Straight and flat,Others,Bitumen(Tar),Dry,No influence on accident,Fine,MANIPAL COUNTY ROAD NEAR NANDANA HOTEL,ELECTRICAL POLL,11 FT,0.0,0.0,0,0,0.0,0.0
Bengaluru City,Hulimavu Traffic PS,1.04432e+16,2020,1,2,Road Accidents,Not Applicable,City/Town,Residential area,Human Error,No,Damage Only,Vehicle to Vehicle,Not Applicable,Straight and flat,Others,Bitumen(Tar),Dry,No influence on accident,Fine,CLASSIC LAYOUT 12TH A MAIN ROAD DLF ROAD,TREE,16 FT,12.879446,77.619629,0,0,0.0,0.0
Bengaluru City,Hulimavu Traffic PS,1.04432e+16,2020,1,2,Road Accidents,Curves,Rural Areas,Residential area,Human Error,No,Grievous Injury,Vehicle to Vehicle,Not Applicable,Curve,Others,Bitumen(Tar),Dry,No influence on accident,Fine,"HOMMADEVAHALLI, NEAR SMRUTHI LAYOUT, E CITY ROAD",SIGN BOARD,15FT,0.0,0.0,0,0,0.0,0.0
Bengaluru City,Hulimavu Traffic PS,1.04432e+16,2020,1,2,Road Accidents,Cross roads,City/Town,Residential area,Human Error,Yes,Damage Only,Vehicle to Vehicle,Not at  Junction,Straight and flat,Residential Street,Bitumen(Tar),Dry,No influence on accident,Fine,MLA Layout,C S R Marvel apartment,20,0.0,0.0,0,0,0.0,0.0
Bengaluru City,Hulimavu Traffic PS,1.04432e+16,2020,1,2,Road Accidents,Not Applicable,City/Town,Open area,Human Error,Yes,Grievous Injury,Vehicle to Vehicle,Not at  Junction,Straight and flat,Others,Bitumen(Tar),Dry,No influence on accident,Fine,NYANAPPANAHALLI,SAPTHAGIRI SPLENDOR,45FTS,0.0,0.0,0,0,0.0,0.0
Bengaluru City,Hulimavu Traffic PS,1.04432e+16,2020,1,1,Road Accidents,Not Applicable,Rural Areas,Narrow bridge or culverts,Human Error,No,Not Applicable,Vehicle to Vehicle,Not at  Junction,Straight and flat,Others,Bitumen(Tar),Dry,No influence on accident,Fine,NEAR GOTTIGERE LAKE ROAD,CENTER MEDIUM,25 FT,0.0,0.0,0,0,0.0,0.0
Bengaluru City,Hulimavu Traffic PS,1.04432e+16,2020,1,2,Road Accidents,Junction,City/Town,Residential area,Human Error,Yes,Damage Only,Vehicle to Vehicle,Signal lights Automatic,Straight and flat,Others,Bitumen(Tar),Dry,No influence on accident,Fine,NEAR SHAHI GARMENTS SINGNAL,TRAFFIC SIGNAL POLL,3FT,0.0,0.0,0,0,0.0,0.0
Bengaluru City,Hulimavu Traffic PS,1.04432e+16,2020,1,2,Road Accidents,Not Applicable,Rural Areas,Near Hospital,Human Error,No,Simple Injury,Vehicle to Vehicle,Not at  Junction,Straight and flat,Others,Bitumen(Tar),Dry,No influence on accident,Fine,VIHSWAPRIYA LAYOUT BEGRUR NEAR JAYSHREE HOSPITAL,ELECTRICAL POLL,15FT,0.0,0.0,0,0,0.0,0.0
Bengaluru City,Hulimavu Traffic PS,1.04432e+16,2020,1,2,Road Accidents,Narrow road,Rural Areas,In bazaar,Human Error,No,Grievous Injury,Vehicle to Vehicle,Not at  Junction,Straight and flat,Others,Bitumen(Tar),Dry,No influence on accident,Fine,MANIPAL COUNTY ROAD,PEDASTRAIN CROSS ROAD,25 FT,0.0,0.0,0,0,0.0,0.0
Bengaluru City,Hulimavu Traffic PS,1.04432e+16,2020,1,1,Road Accidents,Not Applicable,City/Town,Near Petrol Pump,Human Error,No,Fatal,Hit pedestrian,Not Applicable,Straight and flat,Others,Bitumen(Tar),Dry,No influence on accident,Fine,B G MAIN ROAD NEAR KOLIFORM GATE BHARTH PETROL BANK,ELECTRICAL POLL,15 FT,0.0,0.0,0,0,0.0,0.0
Bengaluru City,Hulimavu Traffic PS,1.04432e+16,2020,1,1,Road Accidents,Not Applicable,City/Town,Near Bus stop,Human Error,No,Fatal,Hit pedestrian,Not at  Junction,Straight and flat,NH,Bitumen(Tar),Dry,No influence on accident,Fine,HOSUR MAIN ROAD,PILLAR NO 119,10 FT,0.0,0.0,0,0,0.0,0.0
Bengaluru City,Hulimavu Traffic PS,1.04432e+16,2020,1,2,Road Accidents,Junction,Rural Areas,Residential area,Human Error,No,Simple Injury,Vehicle to Vehicle,Not Applicable,Others,Others,Bitumen(Tar),Dry,No influence on accident,Fine,DODDAKAMMANAHALLI,TREE,12 FT,0.0,0.0,0,0,0.0,0.0
Bengaluru City,Hulimavu Traffic PS,1.04432e+16,2020,1,1,Road Accidents,Not Applicable,Rural Areas,Near a religious place,Human Error,No,Grievous Injury,Not Applicable,Not Applicable,Straight and flat,Others,Bitumen(Tar),Dry,No influence on accident,Fine,HULIMAVU LAKE ROAD NEAR SRI SHIRADI BABA TEMPLE,ELECTRICAL POLL,25 FT,0.0,0.0,0,0,0.0,0.0
Bengaluru City,Hulimavu Traffic PS,1.04432e+16,2020,1,3,Road Accidents,Not Applicable,City/Town,Open area,Human Error,No,Grievous Injury,Vehicle to Vehicle,Signals (Working),Straight and flat,NH,Bitumen(Tar),Dry,No influence on accident,Fine,HOSUR MAIN ROAD NEAR KUDLUGATE SIGNAL,PILLAR NO 72,30 FT,0.0,0.0,0,0,0.0,0.0
Bengaluru City,Hulimavu Traffic PS,1.04432e+16,2020,1,1,Road Accidents,Not Applicable,Rural Areas,Near a religious place,Human Error,No,Fatal,Not Applicable,Not Applicable,Straight and flat,Others,Bitumen(Tar),Dry,No influence on accident,Fine,BEGURU MAIN ROAD,ELECTRICAL POLL,30 FT,12.877756,77.627039,0,0,0.0,0.0
Bengaluru City,Hulimavu Traffic PS,1.04432e+16,2020,1,2,Road Accidents,Not Applicable,Rural Areas,Open area,Human Error,No,Grievous Injury,Vehicle to Vehicle,Not at  Junction,Straight and flat,Others,Bitumen(Tar),Dry,No influence on accident,Fine,HULIMAVU LAKE ROAD,ELECTRICAL POLL,35 FT,0.0,0.0,0,0,0.0,0.0
Bengaluru City,Hulimavu Traffic PS,1.04432e+16,2020,1,1,Road Accidents,Not Applicable,City/Town,Near School or College,Human Error,No,Grievous Injury,Not Applicable,Not at  Junction,Straight and flat,Others,Bitumen(Tar),Dry,No influence on accident,Fine,B G ROAD INFRONT GOTTIGERE GOVT  PRIMARY SCHOOL,ELECTRICAL POLL,20 FT,0.0,0.0,0,0,0.0,0.0
Bengaluru City,Hulimavu Traffic PS,1.04432e+16,2020,1,2,Road Accidents,Junction,City/Town,Near School or College,Human Error,No,Fatal,Vehicle to Vehicle,No signal lights,Not Applicable,Others,Bitumen(Tar),Dry,No influence on accident,Fine,NEAR GOVT SCHOOL B G ROAD,ELECTRICAL POLL,10 FT,0.0,0.0,0,0,0.0,0.0
Bengaluru City,Hulimavu Traffic PS,1.04432e+16,2020,1,2,Road Accidents,Not Applicable,Rural Areas,Residential area,Human Error,No,Fatal,Vehicle to Vehicle,Not Applicable,Straight and flat,Residential Street,Bitumen(Tar),Dry,No influence on accident,Fine,HOMMADEVAHALLI MAIN ROAD NEAR MUNISWAMI LAYOUT,SING BOARD,35FT,0.0,0.0,0,0,0.0,0.0
Bengaluru City,Hulimavu Traffic PS,1.04432e+16,2020,1,3,Road Accidents,Not Applicable,City/Town,Near office complex,Human Error,Yes,Fatal,Vehicle to Vehicle,Not Applicable,Straight and flat,Others,Bitumen(Tar),Dry,No influence on accident,Fine,BEHIND TRUE FISH HULIMAVU LAKE RAOD HULIMAVU,ELECTRICAL POLL,50 FT,0.0,0.0,0,0,0.0,0.0
Bengaluru City,Hulimavu Traffic PS,1.04432e+16,2020,1,2,Road Accidents,Cross roads,Rural Areas,Residential area,Human Error,No,Grievous Injury,Vehicle to Vehicle,Not Applicable,Straight and flat,Residential Street,Bitumen(Tar),Dry,No influence on accident,Fine,"INFRONT MALLESHWAR BEKERY BAGHAVATHI LAYOUT, 12TH CROSS, HULIMAVU.",ELECTRICAL POLL,5 FT,0.0,0.0,0,0,0.0,0.0
Bengaluru City,Hulimavu Traffic PS,1.04432e+16,2020,1,3,Road Accidents,Not Applicable,City/Town,Near Bus stop,Human Error,Yes,Grievous Injury,Hit pedestrian,Not at  Junction,Straight and flat,NH,Bitumen(Tar),Dry,No influence on accident,Fine,NEAR SINSANDRA BUS STAND HOSUR MAIN ROAD,PILLER NO 120,12FT,0.0,0.0,0,0,0.0,0.0
Bengaluru City,Hulimavu Traffic PS,1.04432e+16,2020,1,2,Road Accidents,Not Applicable,City/Town,Open area,Human Error,Yes,Simple Injury,Hit bicyclist,Not at  Junction,Straight and flat,Others,Bitumen(Tar),Dry,No influence on accident,Fine,B G ROAD,COCONUT TREE,48FTS,12.885,77.5964,0,0,0.0,0.0
Bengaluru City,Hulimavu Traffic PS,1.04432e+16,2020,1,4,Road Accidents,Not Applicable,Rural Areas,Residential area,Human Error,No,Grievous Injury,Vehicle to Vehicle,Not at  Junction,Straight and flat,NH,Bitumen(Tar),Dry,No influence on accident,Fine,HOSUR MAIN RAOD,PILLAR NO 58,32 FT,0.0,0.0,0,0,0.0,0.0
Bengaluru City,Hulimavu Traffic PS,1.04432e+16,2020,1,2,Road Accidents,Not Applicable,City/Town,Near a religious place,Human Error,No,Grievous Injury,Vehicle to Vehicle,Not Applicable,Straight and flat,Others,Bitumen(Tar),Dry,No influence on accident,Fine,NEAR MEENAKSHI MALL TEMPLE B G ROAD,METRO BARICADE,15 ft,0.0,0.0,0,0,0.0,0.0
Bengaluru City,Hulimavu Traffic PS,1.04432e+16,2020,1,1,Road Accidents,Curves,City/Town,Open area,Human Error,No,Simple Injury,Hit pedestrian,Not at  Junction,Curve,Others,Bitumen(Tar),Dry,No influence on accident,Fine,Homadevanahalli main road,RMS Auoo parts,7fts,0.0,0.0,0,0,0.0,0.0
Bengaluru City,Hulimavu Traffic PS,1.04432e+16,2020,1,1,Road Accidents,Not Applicable,City/Town,Residential area,Human Error,No,Simple Injury,Hit pedestrian,Not Applicable,Straight and flat,Others,Bitumen(Tar),Dry,No influence on accident,Fine,BEGUR MAIN ROAD,ELECTRICAL POL,15 FT,0.0,0.0,0,0,0.0,0.0
Bengaluru City,Hulimavu Traffic PS,1.04432e+16,2020,1,1,Road Accidents,Not Applicable,City/Town,Near a religious place,Human Error,No,Grievous Injury,Hit pedestrian,Not Applicable,Straight and flat,NH,Bitumen(Tar),Dry,No influence on accident,Fine,OPP SRI PATALAMMA TEMPLE NEAR SINGSANDRA BUS STAND SERVICE ROAD HOSUR ROAD,PILLER NO 365,35 FT,0.0,0.0,0,0,0.0,0.0
Bengaluru City,Hulimavu Traffic PS,1.04432e+16,2020,1,1,Road Accidents,Not Applicable,City/Town,Open area,Human Error,No,Grievous Injury,Not Applicable,Not Applicable,Straight and flat,NH,Bitumen(Tar),Dry,No influence on accident,Fine,HOSUR MAIN ROAD,PILLER NO 109,50 FT,0.0,0.0,0,0,0.0,0.0
Bengaluru City,Hulimavu Traffic PS,1.04432e+16,2020,1,1,Road Accidents,Narrow road,Rural Areas,Near Bus stop,Human Error,No,Grievous Injury,Hit pedestrian,Not Applicable,Others,Others,Bitumen(Tar),Dry,No influence on accident,Fine,B G MAIN ROAD,ELECRICAL POLL,20 FT,0.0,0.0,0,0,0.0,0.0
Bengaluru City,Hulimavu Traffic PS,1.04432e+16,2020,1,2,Road Accidents,Not Applicable,City/Town,Near School or College,Human Error,No,Damage Only,Vehicle to Vehicle,Not Applicable,Straight and flat,Others,Bitumen(Tar),Dry,No influence on accident,Fine,NICE TOLL NEAR T JHON COLLAGE,TREE,30 FT,0.0,0.0,0,0,0.0,0.0
Bengaluru City,Hulimavu Traffic PS,1.04432e+16,2020,1,2,Road Accidents,Not Applicable,City/Town,Narrow bridge or culverts,Human Error,No,Grievous Injury,Vehicle to Vehicle,Not at  Junction,Straight and flat,Others,Bitumen(Tar),Dry,No influence on accident,Fine,Begur koppa Nice road Bridge,Nice road Bridge,20fts,0.0,0.0,0,0,0.0,0.0
Bengaluru City,Hulimavu Traffic PS,1.04432e+16,2020,1,1,Road Accidents,Not Applicable,City/Town,Open area,Human Error,Yes,Simple Injury,Hit pedestrian,Not at  Junction,Straight and flat,NH,Bitumen(Tar),Dry,No influence on accident,Fine,HOSU MAIN ROAD,PILLAR NO 70,43FTS,0.0,0.0,0,0,0.0,0.0
Bengaluru City,Hulimavu Traffic PS,1.04432e+16,2020,1,2,Road Accidents,Not Applicable,Rural Areas,Near School or College,Human Error,No,Grievous Injury,Vehicle to Vehicle,Not at  Junction,Straight and flat,Others,Bitumen(Tar),Dry,No influence on accident,Fine,BANNERUGHATTA MAIN ROAD,ELECTRICAL POLL,20 FT,0.0,0.0,0,0,0.0,0.0
Bengaluru City,Hulimavu Traffic PS,1.04432e+16,2020,1,1,Road Accidents,Not Applicable,City/Town,Near Bus stop,Human Error,No,Simple Injury,Hit pedestrian,Not Applicable,Straight and flat,NH,Bitumen(Tar),Dry,No influence on accident,Fine,SINGSANDRA BUS STOP,PILLAR NO 118,13 FT,0.0,0.0,0,0,0.0,0.0
Bengaluru City,Hulimavu Traffic PS,1.04432e+16,2020,1,2,Road Accidents,Not Applicable,Rural Areas,Residential area,Human Error,No,Grievous Injury,Vehicle to Vehicle,Not at  Junction,Straight and flat,Others,Bitumen(Tar),Dry,No influence on accident,Fine,BEGUR MAIN ROAD,TREE,15 FT,0.0,0.0,0,0,0.0,0.0
Bengaluru City,Hulimavu Traffic PS,1.04432e+16,2020,1,1,Road Accidents,Not Applicable,City/Town,Near Bus stop,Human Error,No,Fatal,Hit pedestrian,Not Applicable,Straight and flat,NH,Bitumen(Tar),Dry,No influence on accident,Fine,HOSUR MAIN ROAD PILLER NO 115 NEAR SINGSANDRA BUS STAND,PILLAR NO 115,40 FT,0.0,0.0,0,0,0.0,0.0
Bengaluru City,Hulimavu Traffic PS,1.04432e+16,2020,1,1,Road Accidents,Curves,City/Town,Near School or College,Human Error,No,Fatal,Not Applicable,Not Applicable,Curve,Others,Bitumen(Tar),Dry,No influence on accident,Fine,NEAR T JHON COLLAGE NICE ROAD,HIGH MAS LIGHT,100 FT,0.0,0.0,0,0,0.0,0.0
Bengaluru City,Hulimavu Traffic PS,1.04432e+16,2020,1,2,Road Accidents,Narrow road,City/Town,Open area,Human Error,Yes,Fatal,Vehicle to Vehicle,Not Applicable,Straight and flat,Others,Bitumen(Tar),Dry,Not Applicable,Clear,Banneughatta Main Road,drainge,7,0.0,0.0,0,0,0.0,0.0
Bengaluru City,Hulimavu Traffic PS,1.04432e+16,2020,1,2,Road Accidents,Curves,City/Town,Open area,Human Error,No,Grievous Injury,Vehicle to Vehicle,Not at  Junction,Curve,Others,Bitumen(Tar),Dry,No influence on accident,Fine,NICE Road,Tree,12ft,0.0,0.0,0,0,0.0,0.0
Bengaluru City,Hulimavu Traffic PS,1.04432e+16,2020,1,1,Road Accidents,Junction,City/Town,Near Bus stop,Human Error,No,Grievous Injury,Hit pedestrian,Police / Manual,Straight and flat,NH,Bitumen(Tar),Dry,No influence on accident,Fine,HOSUR MAIN ROAD,PILLAR NO120,39 FTR,0.0,0.0,0,0,0.0,0.0
Bengaluru City,Hulimavu Traffic PS,1.04432e+16,2020,1,1,Road Accidents,Junction,City/Town,Residential area,Human Error,Not Applicable,Grievous Injury,Hit pedestrian,Not Applicable,Curve,Residential Street,Bitumen(Tar),Dry,Not Applicable,Not Applicable,BDA,BASAVESHVARA WEGHBRIDGE,10 MTR,0.0,0.0,0,0,0.0,0.0
Bengaluru City,Hulimavu Traffic PS,1.04432e+16,2020,1,2,Road Accidents,Not Applicable,Rural Areas,Narrow bridge or culverts,Human Error,No,Grievous Injury,Vehicle to Vehicle,Not at  Junction,Straight and flat,Others,Bitumen(Tar),Dry,No influence on accident,Fine,BEGURU KOPPA ROAD,ELECTRICAL POLL,50 FT,0.0,0.0,0,0,0.0,0.0
Bengaluru City,Hulimavu Traffic PS,1.04432e+16,2020,1,2,Road Accidents,Not Applicable,Rural Areas,Open area,Human Error,No,Grievous Injury,Vehicle to Vehicle,Not Applicable,Straight and flat,Others,Bitumen(Tar),Dry,No influence on accident,Fine,NICE MAIN ROAD NEAR CHIKKAKAMANAHALLLI  LAKE,SIGN BOARD,53 FT,0.0,0.0,0,0,0.0,0.0
Bengaluru City,Hulimavu Traffic PS,1.04432e+16,2020,1,2,Road Accidents,Junction,City/Town,In bazaar,Human Error,No,Simple Injury,Vehicle to Vehicle,Signals (Working),Straight and flat,Others,Bitumen(Tar),Dry,No influence on accident,Fine,AREKERE B G ROAD,ELECTRICL POLL,42 FT,0.0,0.0,0,0,0.0,0.0
Bengaluru City,Hulimavu Traffic PS,1.04432e+16,2020,1,2,Road Accidents,Not Applicable,Rural Areas,In bazaar,Human Error,No,Grievous Injury,Vehicle to Vehicle,Not at  Junction,Straight and flat,Others,Bitumen(Tar),Dry,No influence on accident,Fine,B G MAIN ROAD,ELECRICAL POLL,20 FT,0.0,0.0,0,0,0.0,0.0
Bengaluru City,Hulimavu Traffic PS,1.04432e+16,2020,1,2,Road Accidents,Not Applicable,City/Town,Residential area,Human Error,No,Grievous Injury,Vehicle to Vehicle,Not at  Junction,Straight and flat,Residential Street,Bitumen(Tar),Dry,No influence on accident,Fine,NEAR KALENA AGRAHARA B G ROAD,GOVT SCHOOL,40FT,0.0,0.0,0,0,0.0,0.0
Bengaluru City,Hulimavu Traffic PS,1.04432e+16,2020,1,2,Road Accidents,Junction,Rural Areas,Residential area,Human Error,Yes,Grievous Injury,Vehicle to Vehicle,No signal lights,Others,Others,Bitumen(Tar),Dry,No influence on accident,Fine,NEAR BANDEPARK CROSS ROAD KRISHNA LAYOUT,ELECTRICAL POLL,18 FT,0.0,0.0,0,0,0.0,0.0
Bengaluru City,Hulimavu Traffic PS,1.04432e+16,2020,1,2,Road Accidents,Junction,City/Town,Near Bus stop,Human Error,No,Grievous Injury,Vehicle to Vehicle,Uncontrolled,Straight and flat,NH,Bitumen(Tar),Dry,Not Applicable,Others,SINGASANDRA BUS STOP,CENTER MEDIAN,8 MT,0.0,0.0,0,0,0.0,0.0
Bengaluru City,Hulimavu Traffic PS,1.04432e+16,2020,1,1,Road Accidents,Not Applicable,City/Town,Near Bus stop,Human Error,No,Grievous Injury,Hit pedestrian,Not Applicable,Straight and flat,NH,Bitumen(Tar),Dry,No influence on accident,Fine,HOSUR MAIN ROAD NEAR SINGSANDRA BUS STAND,PILLER NO 119,28 FT,0.0,0.0,0,0,0.0,0.0
Bengaluru City,Hulimavu Traffic PS,1.04432e+16,2020,1,2,Road Accidents,Junction,City/Town,Near a factory industrial area,Human Error,Yes,Simple Injury,Vehicle to Vehicle,Signals (Working),Straight and flat,NH,Bitumen(Tar),Dry,No influence on accident,Fine,HOSUR MAIN ROAD,PILLAR 75,42 FT,0.0,0.0,0,0,0.0,0.0
Bengaluru City,Hulimavu Traffic PS,1.04432e+16,2020,1,2,Road Accidents,Junction,Rural Areas,Near Hospital,Human Error,Yes,Damage Only,Vehicle to Vehicle,No signal lights,Straight and flat,Others,Bitumen(Tar),Dry,No influence on accident,Fine,BDA ROAD NEAR NANO HOSPITAL AREKERE BANGALORE.,ELECTRICAL POLL,9 FT,0.0,0.0,0,0,0.0,0.0
Bengaluru City,Hulimavu Traffic PS,1.04432e+16,2020,1,1,Road Accidents,Not Applicable,City/Town,Near or inside a village,Human Error,No,Simple Injury,Hit pedestrian,Not at  Junction,Straight and flat,Others,Bitumen(Tar),Dry,No influence on accident,Fine,HUlimavu Main road,Tree,14,0.0,0.0,0,0,0.0,0.0
Bengaluru City,Hulimavu Traffic PS,1.04432e+16,2021,1,1,Road Accidents,Not Applicable,City/Town,Open area,Human Error,No,Simple Injury,Hit pedestrian,Not at  Junction,Straight and flat,Others,Bitumen(Tar),Dry,No influence on accident,Fine,B G Road,Basavanapura bustop,20fts,0.0,0.0,0,0,0.0,0.0
Bengaluru City,Hulimavu Traffic PS,1.04432e+16,2021,1,1,Road Accidents,Not Applicable,City/Town,Near Bus stop,Human Error,No,Grievous Injury,Hit pedestrian,Not at  Junction,Straight and flat,Others,Bitumen(Tar),Dry,No influence on accident,Fine,"BDA 80FT ROAD,SAIBABA TEMPLE ROAD,NEAR SURAKSHA APPTS,AREKERE.",shahi garments Back gate,50fts,0.0,0.0,0,0,0.0,0.0
Bengaluru City,Hulimavu Traffic PS,1.04432e+16,2021,1,2,Road Accidents,Narrow road,City/Town,Residential area,Human Error,Yes,Simple Injury,Vehicle to Vehicle,Not at  Junction,Straight and flat,Others,Bitumen(Tar),Dry,No influence on accident,Clear,Mylasandra Main Road,Near Nagarajappas House,5kms,0.0,0.0,0,0,0.0,0.0
Bengaluru City,Hulimavu Traffic PS,1.04432e+16,2021,1,1,Road Accidents,Narrow road,City/Town,Near Hospital,Human Error,No,Simple Injury,Hit pedestrian,Not at  Junction,Straight and flat,Others,Bitumen(Tar),Dry,No influence on accident,Cloudy,B G Road,Near Medax Hospital,1 kms,0.0,0.0,0,0,0.0,0.0
Bengaluru City,Hulimavu Traffic PS,1.04432e+16,2021,1,1,Road Accidents,Narrow road,City/Town,Residential area,Human Error,No,Simple Injury,Hit pedestrian,Not at  Junction,Straight and flat,Others,Bitumen(Tar),Dry,No influence on accident,Clear,Begur Koppa Main Road,Near SNN Raj Seranity,3.5kms,0.0,0.0,0,0,0.0,0.0
Bengaluru City,Hulimavu Traffic PS,1.04432e+16,2021,1,2,Road Accidents,Not Applicable,City/Town,Open area,Human Error,No,Grievous Injury,Vehicle to Vehicle,Not at  Junction,Straight and flat,Others,Bitumen(Tar),Dry,No influence on accident,Fine,NICE Road,Cautionary board,30fts,0.0,0.0,0,0,0.0,0.0
Bengaluru City,Hulimavu Traffic PS,1.04432e+16,2021,1,2,Road Accidents,Not Applicable,City/Town,Near or inside a village,Human Error,No,Grievous Injury,Vehicle to Vehicle,Not Applicable,Straight and flat,Others,Bitumen(Tar),Dry,No influence on accident,Fine,New Mico layout main road,Electrical pole,15fts,0.0,0.0,0,0,0.0,0.0
Bengaluru City,Hulimavu Traffic PS,1.04432e+16,2021,1,1,Road Accidents,Narrow road,City/Town,Near office complex,Human Error,No,Simple Injury,Not Applicable,Not at  Junction,Straight and flat,Arterial,Bitumen(Tar),Dry,No influence on accident,Clear,Hosur main road,Near Singasandra Metro Station,8 KM,0.0,0.0,0,0,0.0,0.0
Bengaluru City,Hulimavu Traffic PS,1.04432e+16,2021,1,1,Road Accidents,Narrow road,City/Town,Open area,Human Error,No,Simple Injury,Hit pedestrian,Not at  Junction,Straight and flat,Others,Bitumen(Tar),Dry,Not Applicable,Mist or Fog,Nice  Main Road,Infront Of T John College,2.5,0.0,0.0,0,0,0.0,0.0
Bengaluru City,Hulimavu Traffic PS,1.04432e+16,2021,1,1,Road Accidents,Narrow road,City/Town,Near Bus stop,Human Error,No,Grievous Injury,Hit pedestrian,Uncontrolled,Straight and flat,Arterial,Bitumen(Tar),Dry,No influence on accident,Clear,B G Road,Near Upahara Bavan Hotel,1kms,0.0,0.0,0,0,0.0,0.0
Bengaluru City,Hulimavu Traffic PS,1.04432e+16,2021,1,1,Road Accidents,Not Applicable,City/Town,Near or inside a village,Human Error,No,Grievous Injury,Not Applicable,Not at  Junction,Straight and flat,Others,Bitumen(Tar),Dry,No influence on accident,Fine,Devarachikkanahalli main  road,Electrical pole,35fts,0.0,0.0,0,0,0.0,0.0
Bengaluru City,Hulimavu Traffic PS,1.04432e+16,2021,1,2,Road Accidents,Not Applicable,City/Town,Near Bus stop,Human Error,No,Damage Only,Vehicle to Vehicle,Not at  Junction,Straight and flat,Others,Bitumen(Tar),Dry,No influence on accident,Fine,Bhannerghatta main road,Hulimavu bustop,17fts,0.0,0.0,0,0,0.0,0.0