DISTRICTNAME,UNITNAME,Crime_No,Year,RI,Noofvehicle_involved,Accident_Classification,Accident_Spot,Accident_Location,Accident_SubLocation,Main_Cause,Hit_Run,Severity,Collision_Type,Junction_Control,Road_Character,Road_Type,Surface_Type,Surface_Condition,Road_Condition,Weather,Accident_Road,Landmark_first,Distance_LandMark_First,Latitude,Longitude,Road_Condition_Score,Surface_Condition_Score,Surface_Type_Score,Road_Risk_Index
Bengaluru City,Jalahalli Traffic PS,1.04432e+16,2017,1,2,Road Accidents,T Junction,City/Town,Near Bus stop,Human Error,No,Simple Injury,Right Turn Collision,Uncontrolled,Others,Arterial,Bitumen(Tar),Dry,No influence on accident,Fine,HMT main road,Kamath Upahar,50 ft,13.0519,77.551963,0,0,0.0,0.0
Bengaluru City,Jalahalli Traffic PS,1.04432e+16,2017,1,1,Road Accidents,Other,City/Town,Residential area,Human Error,No,Simple Injury,Hit pedestrian,Not at  Junction,Straight and flat,Residential Street,Bitumen(Tar),Dry,No influence on accident,Fine,Chikkasandra 5th cross,Complainant house,3 ft,13.064412,77.508734,0,0,0.0,0.0
Bengaluru City,Jalahalli Traffic PS,1.04432e+16,2017,1,1,Road Accidents,Narrow road,City/Town,Near a religious place,Human Error,No,Fatal,Hit pedestrian,Uncontrolled,Straight and flat,Arterial,Bitumen(Tar),Dry,No influence on accident,Fine,Kammagondanahalli main road,Kodanda Rama Swamy temple,10 ft,0.0,0.0,0,0,0.0,0.0
Bengaluru City,Jalahalli Traffic PS,1.04432e+16,2017,1,1,Road Accidents,Narrow road,City/Town,Residential area,Human Error,No,Fatal,Hit pedestrian,Not at  Junction,Straight and flat,Residential Street,Kutcha,Muddy,Construction Work / Material,Fine,Vanithashrama Road,New Constructing house,20 ft,0.0,0.0,2,4,4.0,10.0
Bengaluru City,Jalahalli Traffic PS,1.04432e+16,2017,1,2,Road Accidents,Junction,City/Town,Near Hospital,Human Error,Yes,Simple Injury,Rear end,Uncontrolled,Straight and flat,Arterial,Bitumen(Tar),Dry,No influence on accident,Fine,Hesaragatta mainroad,Sapthagiri Hospita main gate,15ft,13.0414,77.3014,0,0,0.0,0.0
Bengaluru City,Jalahalli Traffic PS,1.04432e+16,2017,1,2,Road Accidents,Curves,City/Town,Open area,Human Error,No,Fatal,Head on,Not at  Junction,Curve,Arterial,Bitumen(Tar),Dry,No influence on accident,Fine,S M ROAD,TREE,24FT,13.0307,77.3144,0,0,0.0,0.0
Bengaluru City,Jalahalli Traffic PS,1.04432e+16,2017,1,2,Road Accidents,Curves,City/Town,Open area,Human Error,No,Simple Injury,Head on,Not at  Junction,Curve,Sub Arterial,Bitumen(Tar),Dry,No influence on accident,Fine,Acharya college road,Tree,18 ft,13.083511,77.492446,0,0,0.0,0.0
Bengaluru City,Jalahalli Traffic PS,1.04432e+16,2017,1,3,Road Accidents,Other,City/Town,Near School or College,Human Error,No,Damage Only,Rear end,Not at  Junction,Straight and flat,Arterial,Bitumen(Tar),Dry,No influence on accident,Fine,SM Road,AFTC Gate,100 mt,13.049196,77.523952,0,0,0.0,0.0
Bengaluru City,Jalahalli Traffic PS,1.04432e+16,2017,1,3,Road Accidents,Bridge,City/Town,Open area,Human Error,No,Simple Injury,Right Turn Collision,Signal lights Automatic,Straight and flat,Arterial,Bitumen(Tar),Dry,No influence on accident,Fine,MES Ring road,Police Umbrela,60 ft,13.043212,77.561224,0,0,0.0,0.0
Bengaluru City,Jalahalli Traffic PS,1.04432e+16,2017,1,1,Road Accidents,Other,City/Town,Open area,Human Error,Yes,Simple Injury,Hit pedestrian,Not at  Junction,Straight and flat,Arterial,Bitumen(Tar),Dry,No influence on accident,Fine,MES RING ROAD,RAJA STORE,10 FT,13.042609,77.550084,0,0,0.0,0.0
Bengaluru City,Jalahalli Traffic PS,1.04432e+16,2017,1,1,Road Accidents,T Junction,City/Town,Near School or College,Human Error,No,Damage Only,Hit fixed object,No signal lights,Straight and flat,Arterial,Bitumen(Tar),Dry,No influence on accident,Fine,MES RING ROAD,ELECTRIC POLE,62 FT,13.0222,77.3235,0,0,0.0,0.0
Bengaluru City,Jalahalli Traffic PS,1.04432e+16,2017,1,3,Road Accidents,T Junction,City/Town,Open area,Human Error,No,Damage Only,Rear end,Not at  Junction,Straight and flat,Arterial,Bitumen(Tar),Dry,No influence on accident,Fine,PIPELINE ROAD,POLO,15FT,13.044273,77.553395,0,0,0.0,0.0
Bengaluru City,Jalahalli Traffic PS,1.04432e+16,2017,1,2,Road Accidents,Curves,City/Town,Open area,Human Error,No,Fatal,Head on,Not at  Junction,Slight Curve,Sub Arterial,Bitumen(Tar),Dry,No influence on accident,Fine,Kereguddadahalli road,Balaji Packaging Industries,32 ft,0.0,0.0,0,0,0.0,0.0
Bengaluru City,Jalahalli Traffic PS,1.04432e+16,2017,1,1,Road Accidents,Other,City/Town,Near School or College,Human Error,No,Simple Injury,Skidding or Self accident,Not at  Junction,Straight and flat,Arterial,Bitumen(Tar),Dry,No influence on accident,Fine,Hesaragatta main road,sapthagiri college gate,3 ft,0.0,0.0,0,0,0.0,0.0
Bengaluru City,Jalahalli Traffic PS,1.04432e+16,2017,1,2,Road Accidents,Round about or Circle,City/Town,Near Bus stop,Human Error,No,Damage Only,Right Turn Collision,Police / Manual,Curve,Arterial,Bitumen(Tar),Dry,No influence on accident,Fine,HMT Main road,BUS Stop,6 ft,0.0,0.0,0,0,0.0,0.0
Bengaluru City,Jalahalli Traffic PS,1.04432e+16,2017,1,1,Road Accidents,Other,City/Town,Near School or College,Human Error,Yes,Simple Injury,Hit pedestrian,Not at  Junction,Straight and flat,Arterial,Bitumen(Tar),Dry,No influence on accident,Fine,S.M.Road,Cluni Convent,55 ft,0.0,0.0,0,0,0.0,0.0
Bengaluru City,Jalahalli Traffic PS,1.04432e+16,2017,1,1,Road Accidents,Road hump or Rumble strips,City/Town,Open area,Human Error,No,Simple Injury,Hit parked vehicle,Uncontrolled,Hump,Arterial,Bitumen(Tar),Dry,No influence on accident,Fine,MES Ring road,Electric pole,23 ft,0.0,0.0,0,0,0.0,0.0
Bengaluru City,Jalahalli Traffic PS,1.04432e+16,2017,1,2,Road Accidents,T Junction,City/Town,Near Bus stop,Human Error,No,Simple Injury,Rear end,Uncontrolled,Straight and flat,Arterial,Bitumen(Tar),Dry,No influence on accident,Fine,Khathanagar road,Bus stop,25ft,13.0316,77.3157,0,0,0.0,0.0
Bengaluru City,Jalahalli Traffic PS,1.04432e+16,2017,1,1,Road Accidents,Curves,City/Town,Near School or College,Human Error,No,Simple Injury,Hit pedestrian,Not at  Junction,Curve,Arterial,Bitumen(Tar),Dry,No influence on accident,Fine,Hesaragatta main road,Sri Sai Ram Institute,15 ft,13.0816,77.2845,0,0,0.0,0.0
Bengaluru City,Jalahalli Traffic PS,1.04432e+16,2017,1,1,Road Accidents,Curves,City/Town,Open area,Human Error,No,Simple Injury,Hit fixed object,Not at  Junction,Curve,Arterial,Bitumen(Tar),Dry,No influence on accident,Fine,SILVEPURA ROAD,ELECTRIC POLE,85FT,13.0502,77.2957,0,0,0.0,0.0
Bengaluru City,Jalahalli Traffic PS,1.04432e+16,2017,1,2,Road Accidents,Other,City/Town,Open area,Human Error,No,Grievous Injury,Head on,Uncontrolled,Straight and flat,Arterial,Bitumen(Tar),Dry,No influence on accident,Fine,ABBIGERE NEELAGIRI THOTA,NEELAGIRI THOPU,42FT,13.043,77.306,0,0,0.0,0.0
Bengaluru City,Jalahalli Traffic PS,1.04432e+16,2017,1,2,Road Accidents,T Junction,City/Town,Near Bus stop,Human Error,No,Damage Only,Head on,Not at  Junction,Straight and flat,Arterial,Bitumen(Tar),Dry,No influence on accident,Fine,HMT ROAD,SBI ATM,28FT,13.051558,77.552058,0,0,0.0,0.0
Bengaluru City,Jalahalli Traffic PS,1.04432e+16,2017,1,2,Road Accidents,T Junction,City/Town,Open area,Human Error,No,Simple Injury,Head on,Not at  Junction,Straight and flat,Arterial,Bitumen(Tar),Dry,No influence on accident,Fine,HESARAGHATTA MAIN ROAD,POLO,14FT,0.0,0.0,0,0,0.0,0.0
Bengaluru City,Jalahalli Traffic PS,1.04432e+16,2017,1,2,Road Accidents,T Junction,City/Town,Open area,Human Error,No,Damage Only,Rear end,Uncontrolled,Straight and flat,Arterial,Bitumen(Tar),Dry,No influence on accident,Fine,MES RING ROAD,BALAJI NURSING ROAD,10 FT,13.04273,77.550598,0,0,0.0,0.0
Bengaluru City,Jalahalli Traffic PS,1.04432e+16,2017,1,2,Road Accidents,T Junction,City/Town,Near a religious place,Human Error,No,Simple Injury,Hit pedestrian,Uncontrolled,Straight and flat,Arterial,Bitumen(Tar),Dry,No influence on accident,Fine,Kempapura road,Electric pole,15 ft,0.0,0.0,0,0,0.0,0.0
Bengaluru City,Jalahalli Traffic PS,1.04432e+16,2017,1,1,Road Accidents,Bridge,City/Town,Open area,Human Error,No,Simple Injury,Hit fixed object,Not at  Junction,Slight Curve,City or Town Road,Bitumen(Tar),Dry,No influence on accident,Fine,MES Ring road,Light pole,33 ft,0.0,0.0,0,0,0.0,0.0
Bengaluru City,Jalahalli Traffic PS,1.04432e+16,2017,1,3,Road Accidents,Other,City/Town,Near School or College,Human Error,No,Simple Injury,Right Turn Collision,Not at  Junction,Straight and flat,Arterial,Bitumen(Tar),Dry,No influence on accident,Fine,Airforce East road,K V School Gate,60 ft,13.0349,77.3238,0,0,0.0,0.0
Bengaluru City,Jalahalli Traffic PS,1.04432e+16,2017,1,1,Road Accidents,Junction,City/Town,Near Hospital,Human Error,No,Simple Injury,Right Turn Collision,Uncontrolled,Straight and flat,Arterial,Bitumen(Tar),Dry,No influence on accident,Fine,HMT FACTORY ROAD,POLO,39FT,13.048843,77.550047,0,0,0.0,0.0
Bengaluru City,Jalahalli Traffic PS,1.04432e+16,2017,1,2,Road Accidents,Other,City/Town,Open area,Human Error,No,Simple Injury,Rear end,Not at  Junction,Straight and flat,Sub Arterial,Bitumen(Tar),Dry,No influence on accident,Fine,Forest road,Renaisance Apartment gate,15 ft,13.063238,77.535252,0,0,0.0,0.0
Bengaluru City,Jalahalli Traffic PS,1.04432e+16,2017,1,1,Road Accidents,Other,City/Town,Open area,Human Error,Yes,Simple Injury,Hit pedestrian,Not at  Junction,Straight and flat,Sub Arterial,Bitumen(Tar),Dry,No influence on accident,Fine,Kuvempunagar road,tree,9 ft,13.060609,77.54413,0,0,0.0,0.0
Bengaluru City,Jalahalli Traffic PS,1.04432e+16,2017,1,2,Road Accidents,Bridge,City/Town,Narrow bridge or culverts,Human Error,Yes,Simple Injury,Rear end,Signal lights Automatic,Straight and flat,Arterial,Bitumen(Tar),Dry,No influence on accident,Fine,MES Ring road,light pole,20 ft,13.043387,77.557287,0,0,0.0,0.0
Bengaluru City,Jalahalli Traffic PS,1.04432e+16,2017,1,1,Road Accidents,Curves,City/Town,Open area,Human Error,No,Simple Injury,Skidding or Self accident,Not at  Junction,Curve,Arterial,Bitumen(Tar),Dry,No influence on accident,Fine,Siluvepura road,tree,60 ft,13.112915,77.502556,0,0,0.0,0.0
Bengaluru City,Jalahalli Traffic PS,1.04432e+16,2017,1,1,Road Accidents,Curves,City/Town,Near a religious place,Human Error,No,Simple Injury,Hit pedestrian,Not at  Junction,Curve,Arterial,Bitumen(Tar),Dry,No influence on accident,Fine,Hesaragatta road,Arkeshvara temple,5 ft,0.0,0.0,0,0,0.0,0.0
Bengaluru City,Jalahalli Traffic PS,1.04432e+16,2017,1,2,Road Accidents,Curves,City/Town,Open area,Human Error,No,Simple Injury,Head on,Not at  Junction,Curve,Arterial,Bitumen(Tar),Dry,No influence on accident,Fine,Hesaragatta main road,Giriyappa Convention hall,40 mtr,13.0656,77.2858,0,0,0.0,0.0
Bengaluru City,Jalahalli Traffic PS,1.04432e+16,2017,1,3,Road Accidents,T Junction,City/Town,Open area,Human Error,No,Damage Only,Head on,Not at  Junction,Straight and flat,Arterial,Bitumen(Tar),Dry,No influence on accident,Fine,HESARGHATTA RD,POLO,18FT,13.0604,77.285,0,0,0.0,0.0
Bengaluru City,Jalahalli Traffic PS,1.04432e+16,2017,1,2,Road Accidents,Curves,City/Town,Open area,Human Error,No,Fatal,Rear end,Not at  Junction,Curve,Arterial,Bitumen(Tar),Dry,No influence on accident,Fine,HESARAGHATTA MAIN ROAD,POLO,40FT,13.0656,77.2858,0,0,0.0,0.0
Bengaluru City,Jalahalli Traffic PS,1.04432e+16,2017,1,2,Road Accidents,T Junction,City/Town,Open area,Human Error,No,Simple Injury,Head on,Signal lights Automatic,Straight and flat,Arterial,Bitumen(Tar),Dry,No influence on accident,Fine,HMT MAIN ROAD,POLO,16FT,13.0323,77.3249,0,0,0.0,0.0
Bengaluru City,Jalahalli Traffic PS,1.04432e+16,2017,1,1,Road Accidents,T Junction,City/Town,Open area,Human Error,No,Simple Injury,Head on,Not at  Junction,Straight and flat,Arterial,Bitumen(Tar),Dry,No influence on accident,Fine,HEASARAGHATTA VILLEGE ROAD,POLO,16FT,13.045468,77.300079,0,0,0.0,0.0
Bengaluru City,Jalahalli Traffic PS,1.04432e+16,2017,1,2,Road Accidents,Other,City/Town,Open area,Human Error,No,Simple Injury,Head on,Not at  Junction,Straight and flat,Sub Arterial,Bitumen(Tar),Dry,No influence on accident,Fine,BFW Road,Jalasoudha office compound,38 ft,13.036972,77.5363,0,0,0.0,0.0
Bengaluru City,Jalahalli Traffic PS,1.04432e+16,2017,1,1,Road Accidents,Other,City/Town,Near a recreation place/cinema,Human Error,No,Simple Injury,Skidding or Self accident,Not at  Junction,Straight and flat,Arterial,Bitumen(Tar),Dry,No influence on accident,Fine,HMT road,HMT Theatre,38 ft,13.049233,77.543221,0,0,0.0,0.0
Bengaluru City,Jalahalli Traffic PS,1.04432e+16,2017,1,2,Road Accidents,Other,City/Town,Open area,Human Error,No,Simple Injury,Rear end,Not at  Junction,Curve,Arterial,Bitumen(Tar),Dry,No influence on accident,Fine,BFW Road,Jalasoudha Apartment,50 mts,13.038161,77.537675,0,0,0.0,0.0
Bengaluru City,Jalahalli Traffic PS,1.04432e+16,2017,1,1,Road Accidents,Other,City/Town,Open area,Human Error,No,Simple Injury,Hit pedestrian,Not at  Junction,Straight and flat,Sub Arterial,Bitumen(Tar),Dry,No influence on accident,Clear,BFW ROAD,CENTRAL WATER COMISION ORIGINAL OFFICE,10 FT,13.041237,77.539009,0,0,0.0,0.0
Bengaluru City,Jalahalli Traffic PS,1.04432e+16,2017,1,2,Road Accidents,Curves,City/Town,Open area,Human Error,Yes,Simple Injury,Rear end,Not at  Junction,Curve,Sub Arterial,Bitumen(Tar),Dry,No influence on accident,Fine,S M Road,Cluny compound,80 ft,13.054312,77.541161,0,0,0.0,0.0
Bengaluru City,Jalahalli Traffic PS,1.04432e+16,2017,1,1,Road Accidents,Bottleneck,City/Town,Open area,Human Error,No,Simple Injury,Head on,Not at  Junction,Straight and flat,Arterial,Bitumen(Tar),Dry,No influence on accident,Fine,MES RING ROAD,TREE,36FT,0.0,0.0,0,0,0.0,0.0
Bengaluru City,Jalahalli Traffic PS,1.04432e+16,2017,1,2,Road Accidents,Staggered junction,City/Town,Open area,Human Error,No,Simple Injury,Right Turn Collision,No signal lights,Straight and flat,Sub Arterial,Bitumen(Tar),Dry,No influence on accident,Fine,8th cross Ragavendra layout,Lakshminarasimha swami nilaya,10 ft,13.0356,77.3168,0,0,0.0,0.0
Bengaluru City,Jalahalli Traffic PS,1.04432e+16,2017,1,2,Road Accidents,Other,City/Town,Open area,Human Error,No,Simple Injury,Head on,Not at  Junction,Straight and flat,Arterial,Bitumen(Tar),Dry,No influence on accident,Fine,Kereguddadahalli road,Power cross bike point,30 ft,13.080728,77.502725,0,0,0.0,0.0
Bengaluru City,Jalahalli Traffic PS,1.04432e+16,2017,1,2,Road Accidents,T Junction,City/Town,Open area,Human Error,No,Simple Injury,Head on,No signal lights,Straight and flat,Arterial,Bitumen(Tar),Dry,No influence on accident,Fine,Hesaragatta road,M M Hardware and paints,13 ft,0.0,0.0,0,0,0.0,0.0
Bengaluru City,Jalahalli Traffic PS,1.04432e+16,2017,1,2,Road Accidents,Curves,City/Town,Open area,Human Error,No,Simple Injury,Head on,Not at  Junction,Curve,Arterial,Bitumen(Tar),Dry,No influence on accident,Fine,Hesaragatta main road,Telephone Pone,13 ft,0.0,0.0,0,0,0.0,0.0
Bengaluru City,Jalahalli Traffic PS,1.04432e+16,2017,1,1,Road Accidents,T Junction,City/Town,Near a religious place,Human Error,No,Simple Injury,Hit pedestrian,Uncontrolled,Curve,Arterial,Bitumen(Tar),Dry,No influence on accident,Fine,Chikkabanavara main road,Gangamma Temple,60 ft,13.0449,77.3008,0,0,0.0,0.0
Bengaluru City,Jalahalli Traffic PS,1.04432e+16,2017,1,2,Road Accidents,T Junction,City/Town,Open area,Human Error,No,Simple Injury,Others,Not at  Junction,Curve,Arterial,Bitumen(Tar),Dry,No influence on accident,Fine,BEL COLONY ROAD,TREE,38FT,13.04951,77.554942,0,0,0.0,0.0
Bengaluru City,Jalahalli Traffic PS,1.04432e+16,2017,1,2,Road Accidents,Junction,City/Town,Open area,Human Error,Yes,Simple Injury,Hit parked vehicle,No signal lights,Straight and flat,Sub Arterial,Bitumen(Tar),Dry,No influence on accident,Fine,VIDYARANYA PURA ROAD,POLO,8FT,13.0462,77.5559,0,0,0.0,0.0
Bengaluru City,Jalahalli Traffic PS,1.04432e+16,2017,1,2,Road Accidents,T Junction,City/Town,Open area,Human Error,No,Simple Injury,Head on,No signal lights,Straight and flat,Arterial,Bitumen(Tar),Dry,No influence on accident,Fine,Abbigeremain road,Brahma lingeshwara condiments,14 ft,13.076724,77.517257,0,0,0.0,0.0
Bengaluru City,Jalahalli Traffic PS,1.04432e+16,2017,1,2,Road Accidents,Staggered junction,City/Town,Open area,Human Error,No,Damage Only,Hit and Run,No signal lights,Straight and flat,Arterial,Bitumen(Tar),Dry,No influence on accident,Fine,Pipeline road,No 34 Veerabadreshwara nilaya,21 ft,13.068625,77.52746,0,0,0.0,0.0
Bengaluru City,Jalahalli Traffic PS,1.04432e+16,2017,1,1,Road Accidents,T Junction,City/Town,Open area,Human Error,Yes,Simple Injury,Hit pedestrian,Not at  Junction,Curve,Arterial,Bitumen(Tar),Dry,No influence on accident,Fine,K.G.HALLI MAIN ROAD,POLO,12FT,13.060637,77.533892,0,0,0.0,0.0
Bengaluru City,Jalahalli Traffic PS,1.04432e+16,2017,1,2,Road Accidents,Other,City/Town,Open area,Human Error,No,Simple Injury,Head on,Not at  Junction,Straight and flat,Arterial,Bitumen(Tar),Dry,No influence on accident,Fine,HMT Main road,HMT Officers club gate,10 ft,13.054589,77.548993,0,0,0.0,0.0
Bengaluru City,Jalahalli Traffic PS,1.04432e+16,2017,1,1,Road Accidents,Road hump or Rumble strips,City/Town,Open area,Human Error,No,Simple Injury,Others,Not at  Junction,Straight and flat,Arterial,Bitumen(Tar),Dry,No influence on accident,Fine,MES Ring road,Mother theresa School,40 ft,13.042895,77.55074,0,0,0.0,0.0
Bengaluru City,Jalahalli Traffic PS,1.04432e+16,2017,1,2,Road Accidents,Y Junction,City/Town,Open area,Human Error,Yes,Simple Injury,Hit and Run,No signal lights,Hump,City or Town Road,Bitumen(Tar),Dry,No influence on accident,Fine,S.M.Road,Airforce property,20 ft,0.0,0.0,0,0,0.0,0.0
Bengaluru City,Jalahalli Traffic PS,1.04432e+16,2017,1,1,Road Accidents,Other,City/Town,Open area,Human Error,Yes,Simple Injury,Hit pedestrian,Not at  Junction,Straight and flat,City or Town Road,Bitumen(Tar),Dry,No influence on accident,Fine,MES RING ROAD,Dhanalakshmi Book Centre,8 ft,0.0,0.0,0,0,0.0,0.0
Bengaluru City,Jalahalli Traffic PS,1.04432e+16,2017,1,2,Road Accidents,Narrow road,City/Town,Open area,Human Error,No,Simple Injury,Head on,Not at  Junction,Straight and flat,Arterial,Bitumen(Tar),Dry,No influence on accident,Fine,Shettihalli road,Airforce Quatress Gate,10 ft,0.0,0.0,0,0,0.0,0.0
Bengaluru City,Jalahalli Traffic PS,1.04432e+16,2017,1,1,Road Accidents,Curves,City/Town,Near a factory industrial area,Human Error,Yes,Simple Injury,Others,Not at  Junction,Curve,Arterial,Bitumen(Tar),Dry,No influence on accident,Fine,HMT Road,HMT Quatress,20 ft,0.0,0.0,0,0,0.0,0.0
Bengaluru City,Jalahalli Traffic PS,1.04432e+16,2017,1,2,Road Accidents,Other,City/Town,Open area,Human Error,No,Simple Injury,Head on,Not at  Junction,Straight and flat,Arterial,Bitumen(Tar),Dry,No influence on accident,Fine,Hesaragatta road,Chikkabanavara circle,10 mtr,13.0449,77.3008,0,0,0.0,0.0
Bengaluru City,Jalahalli Traffic PS,1.04432e+16,2017,1,2,Road Accidents,Other,City/Town,Open area,Human Error,No,Simple Injury,Rear end,Not at  Junction,Straight and flat,Arterial,Bitumen(Tar),Dry,No influence on accident,Fine,MES RING ROAD,POLO,39,13.0237,77.334,0,0,0.0,0.0
Bengaluru City,Jalahalli Traffic PS,1.04432e+16,2017,1,1,Road Accidents,Other,City/Town,Open area,Human Error,No,Simple Injury,Hit pedestrian,Not at  Junction,Straight and flat,Arterial,Bitumen(Tar),Dry,No influence on accident,Fine,HESARAGHATTA MAIN ROAD,POLO,5FT,0.0,0.0,0,0,0.0,0.0
Bengaluru City,Jalahalli Traffic PS,1.04432e+16,2017,1,1,Road Accidents,T Junction,City/Town,Near Bus stop,Human Error,Yes,Simple Injury,Hit pedestrian,Uncontrolled,Straight and flat,Arterial,Bitumen(Tar),Dry,No influence on accident,Fine,Abbigere main road,State bank of India,64 ft,13.072489,77.523488,0,0,0.0,0.0
Bengaluru City,Jalahalli Traffic PS,1.04432e+16,2017,1,1,Road Accidents,Other,City/Town,Near Hospital,Human Error,Yes,Simple Injury,Hit pedestrian,Not at  Junction,Straight and flat,Arterial,Bitumen(Tar),Dry,No influence on accident,Fine,MES Ring road,Near Balaji nursing home,2 ft,13.042903,77.550918,0,0,0.0,0.0
Bengaluru City,Jalahalli Traffic PS,1.04432e+16,2017,1,2,Road Accidents,Bridge,City/Town,Open area,Human Error,No,Damage Only,Rear end,Not at  Junction,Straight and flat,Arterial,Bitumen(Tar),Dry,No influence on accident,Fine,MES Ring road,Bridge,60 ft,13.043659,77.556718,0,0,0.0,0.0
Bengaluru City,Jalahalli Traffic PS,1.04432e+16,2017,1,2,Road Accidents,Other,City/Town,Open area,Human Error,No,Damage Only,Head on,Not at  Junction,Straight and flat,Arterial,Bitumen(Tar),Dry,No influence on accident,Fine,Vidyaranyapura road,BEL Park,25 ft,13.053424,77.556814,0,0,0.0,0.0
Bengaluru City,Jalahalli Traffic PS,1.04432e+16,2017,1,2,Road Accidents,Round about or Circle,City/Town,Near Bus stop,Human Error,No,Simple Injury,Right Turn Collision,Police / Manual,Slight Curve,Arterial,Bitumen(Tar),Dry,No influence on accident,Fine,HMT road,Rajarathnam Circle,80 ft,0.0,0.0,0,0,0.0,0.0
Bengaluru City,Jalahalli Traffic PS,1.04432e+16,2017,1,2,Road Accidents,Bridge,City/Town,Open area,Human Error,Yes,Simple Injury,Rear end,Not at  Junction,Straight and flat,Arterial,Bitumen(Tar),Dry,No influence on accident,Fine,HMT ROAD,M S RAMAIAHS HOUSE,38 FT,13.0229,77.3325,0,0,0.0,0.0
Bengaluru City,Jalahalli Traffic PS,1.04432e+16,2017,1,2,Road Accidents,T Junction,City/Town,Open area,Human Error,No,Damage Only,Rear end,Not at  Junction,Straight and flat,Arterial,Bitumen(Tar),Dry,No influence on accident,Fine,S  M ROAD,POLO,14FT,13.0317,77.3207,0,0,0.0,0.0
Bengaluru City,Jalahalli Traffic PS,1.04432e+16,2017,1,2,Road Accidents,Junction,City/Town,Open area,Human Error,No,Simple Injury,Head on,Uncontrolled,Slight Curve,Arterial,Bitumen(Tar),Dry,Not Applicable,Fine,abbigere main road,shankar bild frai,5,13.06844,77.530236,0,0,0.0,0.0
Bengaluru City,Jalahalli Traffic PS,1.04432e+16,2017,1,4,Road Accidents,T Junction,City/Town,Open area,Human Error,No,Simple Injury,Rear end,No signal lights,Straight and flat,Arterial,Bitumen(Tar),Dry,No influence on accident,Fine,Abbigere main road,Govt School,30ft,13.070675,77.529752,0,0,0.0,0.0
Bengaluru City,Jalahalli Traffic PS,1.04432e+16,2017,1,2,Road Accidents,Other,City/Town,Open area,Human Error,No,Simple Injury,Head on,Not at  Junction,Straight and flat,Sub Arterial,Bitumen(Tar),Dry,No influence on accident,Fine,Byaladakere road,Purnima Building,20 ft,13.110382,77.527896,0,0,0.0,0.0
Bengaluru City,Jalahalli Traffic PS,1.04432e+16,2017,1,2,Road Accidents,Other,City/Town,Open area,Human Error,No,Simple Injury,Head on,Not at  Junction,Straight and flat,Arterial,Bitumen(Tar),Dry,No influence on accident,Fine,Hesaragatta main road,Max Enterprices,28 ft,13.076317,77.503803,0,0,0.0,0.0
Bengaluru City,Jalahalli Traffic PS,1.04432e+16,2017,1,2,Road Accidents,Junction,City/Town,Open area,Human Error,No,Simple Injury,Side impact or Right angle,Signal lights Automatic,Straight and flat,Arterial,Bitumen(Tar),Dry,No influence on accident,Clear,MES RING ROAD,BEL FACTORY BACK GATE,40 FT,13.043816,77.561221,0,0,0.0,0.0
Bengaluru City,Jalahalli Traffic PS,1.04432e+16,2017,1,2,Road Accidents,Junction,City/Town,Near Hospital,Human Error,No,Simple Injury,Rear end,Uncontrolled,Straight and flat,Arterial,Bitumen(Tar),Dry,No influence on accident,Fine,Hesaragatta main road,Sapthagiri Hospital gate,50 ft,13.070915,77.503905,0,0,0.0,0.0
Bengaluru City,Jalahalli Traffic PS,1.04432e+16,2017,1,2,Road Accidents,T Junction,City/Town,Open area,Human Error,No,Simple Injury,Rear end,Uncontrolled,Straight and flat,Sub Arterial,Bitumen(Tar),Dry,No influence on accident,Clear,BFW ROAD,JALASOUDHA,40 FT,13.037737,77.536941,0,0,0.0,0.0
Bengaluru City,Jalahalli Traffic PS,1.04432e+16,2017,1,3,Road Accidents,Other,City/Town,Open area,Human Error,No,Simple Injury,Rear end,Not at  Junction,Straight and flat,Arterial,Bitumen(Tar),Dry,No influence on accident,Fine,MES Ring road,light pole,9 ft,13.043975,77.555591,0,0,0.0,0.0
Bengaluru City,Jalahalli Traffic PS,1.04432e+16,2017,1,2,Road Accidents,Y Junction,City/Town,Open area,Human Error,Yes,Simple Injury,Head on,Uncontrolled,Straight and flat,Arterial,Bitumen(Tar),Dry,No influence on accident,Fine,HMT Road,Kamath Hotel,35 ft,0.0,0.0,0,0,0.0,0.0