DISTRICTNAME,UNITNAME,Crime_No,Year,RI,Noofvehicle_involved,Accident_Classification,Accident_Spot,Accident_Location,Accident_SubLocation,Main_Cause,Hit_Run,Severity,Collision_Type,Junction_Control,Road_Character,Road_Type,Surface_Type,Surface_Condition,Road_Condition,Weather,Accident_Road,Landmark_first,Distance_LandMark_First,Latitude,Longitude,Road_Condition_Score,Surface_Condition_Score,Surface_Type_Score,Road_Risk_Index
Bengaluru City,Jalahalli Traffic PS,1.04432e+16,2017,1,1,Road Accidents,Other,City/Town,Open area,Human Error,No,Simple Injury,Hit pedestrian,Not at  Junction,Straight and flat,Arterial,Bitumen(Tar),Dry,No influence on accident,Fine,Abbigere main road,Bhavani motors,40 ft,13.055822,77.532989,0,0,0.0,0.0
Bengaluru City,Jalahalli Traffic PS,1.04432e+16,2017,1,2,Road Accidents,T Junction,City/Town,Open area,Human Error,No,Simple Injury,Head on,Not at  Junction,Straight and flat,Arterial,Bitumen(Tar),Dry,No influence on accident,Fine,HESARAGHATTA MAIN ROAD,TREE,16FT,0.0,0.0,0,0,0.0,0.0
Bengaluru City,Jalahalli Traffic PS,1.04432e+16,2017,1,2,Road Accidents,Curves,City/Town,Narrow bridge or culverts,Human Error,No,Damage Only,Rear end,Not at  Junction,Curve,Arterial,Bitumen(Tar),Dry,No influence on accident,Fine,MES ROAD,POLO,13FT,13.044259,77.554947,0,0,0.0,0.0
Bengaluru City,Jalahalli Traffic PS,1.04432e+16,2017,1,2,Road Accidents,Curves,City/Town,Near School or College,Human Error,Yes,Fatal,Hit and Run,Not at  Junction,Curve,Arterial,Bitumen(Tar),Dry,No influence on accident,Fine,S M Road,Asha Kiran School,35 ft,13.05436,77.53118,0,0,0.0,0.0
Bengaluru City,Jalahalli Traffic PS,1.04432e+16,2017,1,2,Road Accidents,Curves,City/Town,Open area,Human Error,No,Simple Injury,Head on,Not at  Junction,Straight and flat,Arterial,Bitumen(Tar),Dry,No influence on accident,Fine,Hesaragatta main road,Kusum Farm gate,8 ft,13.139274,77.456309,0,0,0.0,0.0
Bengaluru City,Jalahalli Traffic PS,1.04432e+16,2017,1,1,Road Accidents,Other,City/Town,Near a religious place,Human Error,No,Simple Injury,Others,Not at  Junction,Straight and flat,Sub Arterial,Bitumen(Tar),Dry,No influence on accident,Clear,SM Road,Ayyappa temple,20 ft,13.0463,77.522498,0,0,0.0,0.0
Bengaluru City,Jalahalli Traffic PS,1.04432e+16,2017,1,1,Road Accidents,Other,City/Town,Open area,Human Error,Yes,Damage Only,Hit fixed object,Not at  Junction,Straight and flat,Arterial,Bitumen(Tar),Dry,No influence on accident,Fine,MES Ring road,Mathaji Hardware,10 ft,13.042259,77.548688,0,0,0.0,0.0
Bengaluru City,Jalahalli Traffic PS,1.04432e+16,2017,1,2,Road Accidents,Other,City/Town,Open area,Human Error,Yes,Simple Injury,Head on,Not at  Junction,Straight and flat,Sub Arterial,Bitumen(Tar),Dry,No influence on accident,Fine,SM Road,Abhinav Enterprices,30 ft,13.054841,77.533481,0,0,0.0,0.0
Bengaluru City,Jalahalli Traffic PS,1.04432e+16,2017,1,1,Road Accidents,Narrow road,City/Town,Near Bus stop,Human Error,No,Simple Injury,Hit pedestrian,Not at  Junction,Straight and flat,Arterial,Bitumen(Tar),Dry,No influence on accident,Fine,HMT Road,Bus Stop,2 ft,0.0,0.0,0,0,0.0,0.0
Bengaluru City,Jalahalli Traffic PS,1.04432e+16,2017,1,2,Road Accidents,Y Junction,City/Town,Narrow bridge or culverts,Human Error,No,Simple Injury,Head on,Uncontrolled,Curve,Arterial,Bitumen(Tar),Dry,No influence on accident,Fine,BFW Road,HMT School,100 mt,0.0,0.0,0,0,0.0,0.0
Bengaluru City,Jalahalli Traffic PS,1.04432e+16,2017,1,2,Road Accidents,Culvert,City/Town,Open area,Human Error,No,Damage Only,Side swipe,Not at  Junction,Straight and flat,Arterial,Bitumen(Tar),Dry,No influence on accident,Fine,MES ring road,Electric pole,30 ft,0.0,0.0,0,0,0.0,0.0
Bengaluru City,Jalahalli Traffic PS,1.04432e+16,2017,1,2,Road Accidents,T Junction,City/Town,Open area,Human Error,No,Simple Injury,Rear end,Signal lights Automatic,Straight and flat,Arterial,Bitumen(Tar),Dry,No influence on accident,Fine,HMT Road,Hotel,45 ft,13.0324,77.3248,0,0,0.0,0.0
Bengaluru City,Jalahalli Traffic PS,1.04432e+16,2017,1,2,Road Accidents,Other,City/Town,Open area,Human Error,Yes,Simple Injury,Hit and Run,Not at  Junction,Straight and flat,Arterial,Bitumen(Tar),Dry,No influence on accident,Fine,HMT Road,Fruit stall,24 ft,13.0311,77.3303,0,0,0.0,0.0
Bengaluru City,Jalahalli Traffic PS,1.04432e+16,2017,1,1,Road Accidents,Staggered junction,City/Town,Open area,Human Error,Yes,Damage Only,Hit fixed object,Uncontrolled,Straight and flat,Sub Arterial,Bitumen(Tar),Dry,No influence on accident,Fine,Abbigere main road,Chaithra Beauty parlour,10 ft,13.063136,77.530679,0,0,0.0,0.0
Bengaluru City,Jalahalli Traffic PS,1.04432e+16,2017,1,1,Road Accidents,Other,City/Town,Open area,Human Error,Yes,Simple Injury,Hit pedestrian,Not at  Junction,Straight and flat,Sub Arterial,Bitumen(Tar),Dry,No influence on accident,Fine,Abbigere main road,Asha chicken centre,5 ft,13.07131,77.526594,0,0,0.0,0.0
Bengaluru City,Jalahalli Traffic PS,1.04432e+16,2017,1,1,Road Accidents,T Junction,City/Town,Open area,Human Error,No,Fatal,Hit pedestrian,Uncontrolled,Straight and flat,Sub Arterial,Bitumen(Tar),Dry,No influence on accident,Fine,Kammagondanahalli main road,Johnson traders,20 ft,13.0588798,77.531888,0,0,0.0,0.0
Bengaluru City,Jalahalli Traffic PS,1.04432e+16,2017,1,2,Road Accidents,Narrow road,City/Town,Open area,Human Error,No,Fatal,Head on,Not at  Junction,Straight and flat,Sub Arterial,Bitumen(Tar),Dry,No influence on accident,Fine,Abbigere Pipeline road,Sri Sai Enterprises,30 ft,13.0356,77.3168,0,0,0.0,0.0
Bengaluru City,Jalahalli Traffic PS,1.04432e+16,2017,1,2,Road Accidents,Other,City/Town,Open area,Human Error,Yes,Fatal,Hit and Run,Not at  Junction,Straight and flat,Arterial,Bitumen(Tar),Dry,No influence on accident,Fine,Hesaragatta main road,Bharath timbers,80 ft,13.0514,77.2943,0,0,0.0,0.0
Bengaluru City,Jalahalli Traffic PS,1.04432e+16,2017,1,2,Road Accidents,Other,City/Town,Open area,Human Error,No,Simple Injury,Rear end,Not at  Junction,Straight and flat,Arterial,Bitumen(Tar),Dry,No influence on accident,Fine,HESARAGHATTA MAIN ROAD,TREE,16FT,0.0,0.0,0,0,0.0,0.0
Bengaluru City,Jalahalli Traffic PS,1.04432e+16,2017,1,2,Road Accidents,T Junction,City/Town,Open area,Human Error,No,Damage Only,Rear end,Police / Manual,Straight and flat,Arterial,Bitumen(Tar),Dry,No influence on accident,Fine,MES RING ROAD,LIGHT POLO,35FT,13.0222,77.3235,0,0,0.0,0.0
Bengaluru City,Jalahalli Traffic PS,1.04432e+16,2017,1,2,Road Accidents,T Junction,City/Town,Open area,Human Error,No,Damage Only,Rear end,Not at  Junction,Straight and flat,Arterial,Bitumen(Tar),Dry,No influence on accident,Fine,MES RING ROAD,POLO,22FT,13.023,77.3279,0,0,0.0,0.0
Bengaluru City,Jalahalli Traffic PS,1.04432e+16,2017,1,2,Road Accidents,Y Junction,City/Town,Open area,Human Error,No,Simple Injury,Head on,Not at  Junction,Curve,Arterial,Bitumen(Tar),Dry,No influence on accident,Fine,ABBIGERE MN RD,POLO,15FT,13.0414,77.3146,0,0,0.0,0.0
Bengaluru City,Jalahalli Traffic PS,1.04432e+16,2017,1,4,Road Accidents,Curves,City/Town,Near School or College,Human Error,No,Damage Only,Rear end,Not at  Junction,Curve,Arterial,Bitumen(Tar),Dry,No influence on accident,Fine,B.F.W ROAD,POLO,16FT,13.0258,77.3313,0,0,0.0,0.0
Bengaluru City,Jalahalli Traffic PS,1.04432e+16,2017,1,1,Road Accidents,Junction,City/Town,Open area,Human Error,No,Simple Injury,Hit pedestrian,No signal lights,Straight and flat,Arterial,Bitumen(Tar),Dry,No influence on accident,Fine,Chikkabanavara,Puncture Shop,60 ft,13.0509,77.2949,0,0,0.0,0.0
Bengaluru City,Jalahalli Traffic PS,1.04432e+16,2017,1,2,Road Accidents,Y Junction,City/Town,Open area,Human Error,No,Simple Injury,Head on,Not at  Junction,Straight and flat,Arterial,Bitumen(Tar),Dry,No influence on accident,Fine,ABBIGERE CHIKKABANAVAR MAIN ROAD,POLO,10FT,13.0356,77.3168,0,0,0.0,0.0
Bengaluru City,Jalahalli Traffic PS,1.04432e+16,2017,1,1,Road Accidents,T Junction,City/Town,Open area,Human Error,Yes,Simple Injury,Hit pedestrian,Not at  Junction,Straight and flat,Village Road,Bitumen(Tar),Dry,No influence on accident,Fine,1ST MAIN ROAD KALA NAGAR,POLO,14FT,13.061217,77.532602,0,0,0.0,0.0
Bengaluru City,Jalahalli Traffic PS,1.04432e+16,2017,1,2,Road Accidents,Round about or Circle,City/Town,In bazaar,Human Error,No,Simple Injury,Rear end,No signal lights,Others,Arterial,Bitumen(Tar),Dry,No influence on accident,Fine,Hesaragatta main road,Santhe circle,10 ft,13.080853,77.501893,0,0,0.0,0.0
Bengaluru City,Jalahalli Traffic PS,1.04432e+16,2017,1,2,Road Accidents,T Junction,City/Town,Open area,Human Error,No,Simple Injury,Rear end,Police / Manual,Straight and flat,Arterial,Bitumen(Tar),Dry,No influence on accident,Clear,MES RING ROAD,CHAITHANYA BAKERY,15 FT,13.041739,77.54719,0,0,0.0,0.0
Bengaluru City,Jalahalli Traffic PS,1.04432e+16,2017,1,1,Road Accidents,Other,City/Town,Open area,Human Error,No,Simple Injury,Hit pedestrian,Not at  Junction,Straight and flat,Sub Arterial,Bitumen(Tar),Dry,No influence on accident,Fine,Kuvempu road,light pole,30 ft,13.06046,77.544161,0,0,0.0,0.0
Bengaluru City,Jalahalli Traffic PS,1.04432e+16,2017,1,1,Road Accidents,T Junction,City/Town,Open area,Human Error,No,Simple Injury,Hit pedestrian,Uncontrolled,Straight and flat,Arterial,Bitumen(Tar),Dry,No influence on accident,Fine,ACHARYA COLLEGE ROAD,TREE,15FT,13.084175,77.486444,0,0,0.0,0.0
Bengaluru City,Jalahalli Traffic PS,1.04432e+16,2017,1,1,Road Accidents,T Junction,City/Town,Open area,Human Error,Yes,Simple Injury,Head on,Not at  Junction,Straight and flat,Arterial,Bitumen(Tar),Dry,No influence on accident,Fine,MES RING ROAD,POLO,12FT,13.04149,77.54685,0,0,0.0,0.0
Bengaluru City,Jalahalli Traffic PS,1.04432e+16,2017,1,2,Road Accidents,T Junction,City/Town,Open area,Human Error,No,Damage Only,Rear end,Not at  Junction,Straight and flat,Arterial,Bitumen(Tar),Dry,No influence on accident,Fine,MES RING ROAD,POLO,9FT,13.041763,77.547241,0,0,0.0,0.0
Bengaluru City,Jalahalli Traffic PS,1.04432e+16,2017,1,2,Road Accidents,T Junction,City/Town,Open area,Human Error,Yes,Simple Injury,Right Turn Collision,Uncontrolled,Straight and flat,Sub Arterial,Bitumen(Tar),Dry,No influence on accident,Fine,HMt Road,Tree,37 ft,0.0,0.0,0,0,0.0,0.0
Bengaluru City,Jalahalli Traffic PS,1.04432e+16,2017,1,2,Road Accidents,Curves,City/Town,Open area,Human Error,No,Fatal,Head on,Not at  Junction,Curve,Arterial,Bitumen(Tar),Dry,No influence on accident,Fine,IIHR Road,Garden,16 ft,0.0,0.0,0,0,0.0,0.0
Bengaluru City,Jalahalli Traffic PS,1.04432e+16,2017,1,2,Road Accidents,T Junction,City/Town,Open area,Human Error,No,Simple Injury,Rear end,Not at  Junction,Straight and flat,Arterial,Bitumen(Tar),Dry,No influence on accident,Fine,HMT MN RD,TREE,36FT,13.0222,77.3235,0,0,0.0,0.0
Bengaluru City,Jalahalli Traffic PS,1.04432e+16,2017,1,2,Road Accidents,T Junction,City/Town,Open area,Human Error,No,Simple Injury,Head on,Not at  Junction,Straight and flat,Arterial,Bitumen(Tar),Dry,No influence on accident,Fine,ABBIGERE MN RD,POLO,36FT,13.0414,77.3146,0,0,0.0,0.0
Bengaluru City,Jalahalli Traffic PS,1.04432e+16,2017,1,2,Road Accidents,Other,City/Town,Open area,Human Error,No,Fatal,Side impact or Right angle,Not at  Junction,Straight and flat,Arterial,Bitumen(Tar),Dry,No influence on accident,Fine,MES ring road,HDFC Bank ATM,8 ft,13.043662,77.553484,0,0,0.0,0.0
Bengaluru City,Jalahalli Traffic PS,1.04432e+16,2017,1,2,Road Accidents,Junction,City/Town,Near Hospital,Human Error,No,Simple Injury,Head on,No signal lights,Straight and flat,Arterial,Bitumen(Tar),Dry,No influence on accident,Fine,HMT ROAD,POLO,28FT,13.030689,77.33063,0,0,0.0,0.0
Bengaluru City,Jalahalli Traffic PS,1.04432e+16,2017,1,2,Road Accidents,T Junction,City/Town,Open area,Human Error,No,Simple Injury,Head on,Uncontrolled,Straight and flat,Arterial,Bitumen(Tar),Dry,No influence on accident,Fine,B F W ROAD,POLO,58FT,13.04017,77.53856,0,0,0.0,0.0
Bengaluru City,Jalahalli Traffic PS,1.04432e+16,2017,1,2,Road Accidents,Round about or Circle,City/Town,Open area,Human Error,No,Damage Only,Side impact or Right angle,No signal lights,Straight and flat,Arterial,Bitumen(Tar),Dry,No influence on accident,Fine,Jalahalli village,Ragavendra condiments,8 ft,13.045206,77.547941,0,0,0.0,0.0
Bengaluru City,Jalahalli Traffic PS,1.04432e+16,2017,1,2,Road Accidents,Narrow road,City/Town,Open area,Human Error,No,Simple Injury,Rear end,Not at  Junction,Straight and flat,Sub Arterial,Bitumen(Tar),Dry,No influence on accident,Fine,Forest road,Tree,15 ft,13.061356,77.537034,0,0,0.0,0.0
Bengaluru City,Jalahalli Traffic PS,1.04432e+16,2018,1,2,Road Accidents,Other,City/Town,Open area,Human Error,No,Simple Injury,Rear end,Not at  Junction,Straight and flat,Arterial,Bitumen(Tar),Dry,No influence on accident,Fine,S.M.Road,Airforce quatress gate,30 ft,13.050862,77.526423,0,0,0.0,0.0
Bengaluru City,Jalahalli Traffic PS,1.04432e+16,2018,1,2,Road Accidents,Other,City/Town,Open area,Human Error,Yes,Simple Injury,Head on,Not at  Junction,Straight and flat,Sub Arterial,Bitumen(Tar),Dry,No influence on accident,Fine,Pipelane road,Transformer,29 ft,13.045627,77.552028,0,0,0.0,0.0
Bengaluru City,Jalahalli Traffic PS,1.04432e+16,2018,1,2,Road Accidents,T Junction,City/Town,Open area,Human Error,No,Simple Injury,Head on,Uncontrolled,Straight and flat,Arterial,Bitumen(Tar),Dry,No influence on accident,Fine,S M Road,Signal board,19 ft,13.050203,77.525573,0,0,0.0,0.0
Bengaluru City,Jalahalli Traffic PS,1.04432e+16,2018,1,2,Road Accidents,Other,City/Town,Open area,Human Error,Yes,Simple Injury,Head on,Not at  Junction,Straight and flat,Sub Arterial,Bitumen(Tar),Dry,No influence on accident,Fine,Vidyaranyapura road,BMTC Bus stop,82,13.058407,77.55913,0,0,0.0,0.0
Bengaluru City,Jalahalli Traffic PS,1.04432e+16,2018,1,1,Road Accidents,T Junction,City/Town,Open area,Human Error,No,Simple Injury,Hit pedestrian,Uncontrolled,Straight and flat,Sub Arterial,Bitumen(Tar),Dry,No influence on accident,Fine,Hesaragatta  village,Balaji chicken,5 ft,13.1332308,77.4844976,0,0,0.0,0.0
Bengaluru City,Jalahalli Traffic PS,1.04432e+16,2018,1,2,Road Accidents,Curves,City/Town,Open area,Human Error,No,Simple Injury,Head on,Uncontrolled,Curve,Sub Arterial,Bitumen(Tar),Dry,No influence on accident,Fine,Hesaragatta main road,Electrc transformer,23 ft,13.138232,77.453532,0,0,0.0,0.0
Bengaluru City,Jalahalli Traffic PS,1.04432e+16,2018,1,2,Road Accidents,Staggered junction,City/Town,Open area,Human Error,Yes,Simple Injury,Right Turn Collision,Police / Manual,Straight and flat,Arterial,Bitumen(Tar),Dry,No influence on accident,Fine,HMT Road,Traffic police umbrella,19 ft,13.053295,77.550909,0,0,0.0,0.0
Bengaluru City,Jalahalli Traffic PS,1.04432e+16,2018,1,2,Road Accidents,Other,City/Town,Open area,Human Error,No,Simple Injury,Head on,Not at  Junction,Straight and flat,Sub Arterial,Bitumen(Tar),Dry,No influence on accident,Fine,Forest road,Electric pole,32 ft,13.061273,77.5371,0,0,0.0,0.0
Bengaluru City,Jalahalli Traffic PS,1.04432e+16,2018,1,2,Road Accidents,T Junction,City/Town,Open area,Human Error,No,Damage Only,Rear end,Uncontrolled,Straight and flat,Sub Arterial,Bitumen(Tar),Dry,No influence on accident,Fine,HMT Main road,Light pole,35 ft,13.046289,77.555881,0,0,0.0,0.0
Bengaluru City,Jalahalli Traffic PS,1.04432e+16,2018,1,2,Road Accidents,Bridge,City/Town,Open area,Human Error,Yes,Damage Only,Rear end,Not at  Junction,Steep Incline or Climb,Arterial,Bitumen(Tar),Dry,No influence on accident,Fine,Gokula HMT road,Divya Gate way,10 ft,13.040704,77.557237,0,0,0.0,0.0
Bengaluru City,Jalahalli Traffic PS,1.04432e+16,2018,1,2,Road Accidents,T Junction,City/Town,Open area,Human Error,Yes,Simple Injury,Head on,Uncontrolled,Straight and flat,Sub Arterial,Bitumen(Tar),Dry,No influence on accident,Fine,Kammagondanahalli Abbigere main road,Light pole,40 ft,0.0,0.0,0,0,0.0,0.0
Bengaluru City,Jalahalli Traffic PS,1.04432e+16,2018,1,2,Road Accidents,Junction,City/Town,Open area,Human Error,No,Simple Injury,Side impact or Right angle,Uncontrolled,Straight and flat,Arterial,Bitumen(Tar),Dry,No influence on accident,Fine,Hesaragatta road,Danush flower stall,20 ft,13.081171,77.50118,0,0,0.0,0.0
Bengaluru City,Jalahalli Traffic PS,1.04432e+16,2018,1,2,Road Accidents,Other,City/Town,Near Bus stop,Human Error,No,Simple Injury,Head on,Not at  Junction,Straight and flat,Arterial,Bitumen(Tar),Dry,No influence on accident,Fine,HMT Road,HMT House,35 ft,13.054662,77.549084,0,0,0.0,0.0
Bengaluru City,Jalahalli Traffic PS,1.04432e+16,2018,1,1,Road Accidents,Curves,City/Town,Open area,Human Error,No,Simple Injury,Skidding or Self accident,Not at  Junction,Curve,Arterial,Bitumen(Tar),Dry,No influence on accident,Fine,Hesaragatta road,Arkeshwara chowtry compound,2 ft,13.105018,77.474768,0,0,0.0,0.0
Bengaluru City,Jalahalli Traffic PS,1.04432e+16,2018,1,2,Road Accidents,T Junction,City/Town,Open area,Human Error,No,Simple Injury,Head on,No signal lights,Straight and flat,Arterial,Bitumen(Tar),Dry,No influence on accident,Fine,MES Ring road,Nandini Milk parlour,10 ft,13.041711,77.547049,0,0,0.0,0.0
Bengaluru City,Jalahalli Traffic PS,1.04432e+16,2018,1,2,Road Accidents,T Junction,City/Town,Open area,Human Error,No,Fatal,Head on,No signal lights,Curve,Sub Arterial,Bitumen(Tar),Dry,No influence on accident,Fine,Mathkuru cross,IIHR Board,40 ft,13.142915,77.501956,0,0,0.0,0.0
Bengaluru City,Jalahalli Traffic PS,1.04432e+16,2018,1,2,Road Accidents,Y Junction,City/Town,Open area,Human Error,No,Damage Only,Rear end,Uncontrolled,Straight and flat,Arterial,Bitumen(Tar),Dry,No influence on accident,Fine,HMT road,SBI ATM,40 MTR,13.051927,77.552099,0,0,0.0,0.0
Bengaluru City,Jalahalli Traffic PS,1.04432e+16,2018,1,1,Road Accidents,Narrow road,City/Town,Open area,Human Error,No,Simple Injury,Hit fixed object,Not at  Junction,Straight and flat,Arterial,Bitumen(Tar),Dry,No influence on accident,Fine,New BEL Road,Bus stand,39 ft,13.042915,77.561533,0,0,0.0,0.0
Bengaluru City,Jalahalli Traffic PS,1.04432e+16,2018,1,2,Road Accidents,Junction,City/Town,Residential area,Human Error,Yes,Damage Only,Hit parked vehicle,Uncontrolled,Straight and flat,Residential Street,Bitumen(Tar),Dry,No influence on accident,Fine,BEL Qurtress,No NA 209,20 ft,0.0,0.0,0,0,0.0,0.0
Bengaluru City,Jalahalli Traffic PS,1.04432e+16,2018,1,1,Road Accidents,Other,City/Town,Open area,Human Error,No,Fatal,Others,Not at  Junction,Straight and flat,Sub Arterial,Bitumen(Tar),Dry,No influence on accident,Fine,kammagondanahalli abbigere main road,Electric pole,20 ft,0.0,0.0,0,0,0.0,0.0
Bengaluru City,Jalahalli Traffic PS,1.04432e+16,2018,1,1,Road Accidents,Other,City/Town,Open area,Human Error,No,Simple Injury,Hit fixed object,Not at  Junction,Straight and flat,Sub Arterial,Bitumen(Tar),Dry,No influence on accident,Fine,Acharya college road,Electric pole,9 ft,13.08859,77.487876,0,0,0.0,0.0
Bengaluru City,Jalahalli Traffic PS,1.04432e+16,2018,1,1,Road Accidents,Other,City/Town,Near Bus stop,Human Error,Yes,Simple Injury,Hit pedestrian,Not at  Junction,Straight and flat,Sub Arterial,Bitumen(Tar),Dry,No influence on accident,Fine,Vidyaranyapura,Light pole,120 ft,13.045583,77.556569,0,0,0.0,0.0
Bengaluru City,Jalahalli Traffic PS,1.04432e+16,2018,1,1,Road Accidents,Curves,City/Town,Open area,Human Error,No,Simple Injury,Skidding or Self accident,Not at  Junction,Curve,Arterial,Bitumen(Tar),Dry,No influence on accident,Fine,Hesaragatta road,Neelagiri garden,20 ft,13.131788,77.477269,0,0,0.0,0.0
Bengaluru City,Jalahalli Traffic PS,1.04432e+16,2018,1,2,Road Accidents,Narrow road,City/Town,Open area,Human Error,Yes,Damage Only,Head on,Not at  Junction,Straight and flat,Arterial,Bitumen(Tar),Dry,No influence on accident,Fine,MES Ring road Service road,Bus stop,60 ft,13.044066,77.561611,0,0,0.0,0.0
Bengaluru City,Jalahalli Traffic PS,1.04432e+16,2018,1,2,Road Accidents,Other,City/Town,Open area,Human Error,Yes,Simple Injury,Rear end,Not at  Junction,Straight and flat,Arterial,Bitumen(Tar),Dry,No influence on accident,Fine,MES Ring road,tree,80ft,13.043986,77.554139,0,0,0.0,0.0
Bengaluru City,Jalahalli Traffic PS,1.04432e+16,2018,1,2,Road Accidents,Curves,City/Town,Open area,Human Error,No,Simple Injury,Head on,Not at  Junction,Curve,Arterial,Bitumen(Tar),Dry,No influence on accident,Fine,Hesaragatta main road,Tree,20 ft,13.10845,77.483566,0,0,0.0,0.0
Bengaluru City,Jalahalli Traffic PS,1.04432e+16,2018,1,2,Rail Road Accidents,Road hump or Rumble strips,City/Town,Open area,Human Error,Yes,Damage Only,Rear end,Not at  Junction,Straight and flat,Sub Arterial,Bitumen(Tar),Dry,No influence on accident,Fine,BFW road,Brigade gate way apartment,30 ft,13.045577,77.54109,0,0,0.0,0.0
Bengaluru City,Jalahalli Traffic PS,1.04432e+16,2018,1,1,Road Accidents,Curves,City/Town,Open area,Human Error,No,Fatal,Skidding or Self accident,Uncontrolled,Curve,Sub Arterial,Concrete,Dry,Drainage Ditch,Fine,Medarahalli road,BBMP Drinking water unit,5 ft,13.101425,77.530458,4,0,0.0,4.0
Bengaluru City,Jalahalli Traffic PS,1.04432e+16,2018,1,3,Road Accidents,Other,City/Town,Open area,Human Error,No,Simple Injury,Hit bicyclist,Not at  Junction,Straight and flat,Sub Arterial,Bitumen(Tar),Dry,No influence on accident,Fine,Pipeline road,Electric pole,19 ft,0.0,0.0,0,0,0.0,0.0
Bengaluru City,Jalahalli Traffic PS,1.04432e+16,2018,1,2,Road Accidents,Curves,City/Town,Open area,Human Error,No,Fatal,Head on,Not at  Junction,Curve,Arterial,Bitumen(Tar),Dry,No influence on accident,Fine,Hesaragatta main road,Tree,12 ft,13.118569,77.48386,0,0,0.0,0.0
Bengaluru City,Jalahalli Traffic PS,1.04432e+16,2018,1,2,Road Accidents,T Junction,City/Town,Open area,Human Error,Yes,Simple Injury,Rear end,Signal lights Automatic,Straight and flat,Arterial,Bitumen(Tar),Dry,No influence on accident,Fine,S M road,Electric pole,13 ft,13.05673,77.54672,0,0,0.0,0.0
Bengaluru City,Jalahalli Traffic PS,1.04432e+16,2018,1,2,Road Accidents,Bridge,City/Town,Narrow bridge or culverts,Human Error,Yes,Simple Injury,Rear end,Not at  Junction,Others,Arterial,Bitumen(Tar),Dry,No influence on accident,Fine,HMT Road,Light pole,16 ft,13.040632,77.557258,0,0,0.0,0.0
Bengaluru City,Jalahalli Traffic PS,1.04432e+16,2018,1,1,Road Accidents,Road hump or Rumble strips,City/Town,Open area,Human Error,No,Simple Injury,Others,Not at  Junction,Slight Curve,Arterial,Bitumen(Tar),Dry,No influence on accident,Fine,Hesaragatta main road,Chamundeshwari nilaya,20,13.119106,77.484148,0,0,0.0,0.0
Bengaluru City,Jalahalli Traffic PS,1.04432e+16,2018,1,1,Road Accidents,Other,City/Town,Open area,Human Error,No,Simple Injury,Hit pedestrian,Not at  Junction,Straight and flat,Sub Arterial,Bitumen(Tar),Dry,No influence on accident,Fine,HMT Quartress service road,Electric pole,30 ft,13.051453,77.537246,0,0,0.0,0.0
Bengaluru City,Jalahalli Traffic PS,1.04432e+16,2018,1,1,Road Accidents,Junction,City/Town,Open area,Human Error,Yes,Simple Injury,Hit pedestrian,Uncontrolled,Straight and flat,Sub Arterial,Bitumen(Tar),Dry,No influence on accident,Fine,"HMT road, Jalahalli",Light pole,16 ft,13.050117,77.539571,0,0,0.0,0.0
Bengaluru City,Jalahalli Traffic PS,1.04432e+16,2018,1,1,Road Accidents,Narrow road,City/Town,Near Bus stop,Human Error,No,Simple Injury,Hit pedestrian,Not at  Junction,Straight and flat,Sub Arterial,Bitumen(Tar),Dry,No influence on accident,Fine,Kammagondanahalli,Rama Temple,10 ft,13.3063656,77.530602,0,0,0.0,0.0
Bengaluru City,Jalahalli Traffic PS,1.04432e+16,2018,1,1,Road Accidents,Y Junction,City/Town,Near a religious place,Human Error,Yes,Simple Injury,Hit pedestrian,Uncontrolled,Straight and flat,Sub Arterial,Bitumen(Tar),Dry,No influence on accident,Fine,Acharya college road,Sai Baba temple,60 ft,13.077804,77.497457,0,0,0.0,0.0
Bengaluru City,Jalahalli Traffic PS,1.04432e+16,2018,1,2,Road Accidents,Narrow road,City/Town,Open area,Human Error,Yes,Simple Injury,Rear end,Not at  Junction,Straight and flat,Sub Arterial,Bitumen(Tar),Dry,No influence on accident,Fine,Jalahalli village road,water tank,12 ft,13.045905,77.549358,0,0,0.0,0.0
Bengaluru City,Jalahalli Traffic PS,1.04432e+16,2018,1,2,Road Accidents,Staggered junction,City/Town,Open area,Human Error,No,Simple Injury,Head on,Uncontrolled,Straight and flat,Arterial,Bitumen(Tar),Dry,No influence on accident,Fine,HMT main road,SBI Atm,40 ft,13.05142,77.552225,0,0,0.0,0.0