DISTRICTNAME,UNITNAME,Crime_No,Year,RI,Noofvehicle_involved,Accident_Classification,Accident_Spot,Accident_Location,Accident_SubLocation,Main_Cause,Hit_Run,Severity,Collision_Type,Junction_Control,Road_Character,Road_Type,Surface_Type,Surface_Condition,Road_Condition,Weather,Accident_Road,Landmark_first,Distance_LandMark_First,Latitude,Longitude,Road_Condition_Score,Surface_Condition_Score,Surface_Type_Score,Road_Risk_Index
Bengaluru City,Jalahalli Traffic PS,1.04432e+16,2018,1,1,Road Accidents,Bottleneck,City/Town,Open area,Human Error,No,Simple Injury,Skidding or Self accident,Not at  Junction,Straight and flat,Sub Arterial,Bitumen(Tar),Dry,No influence on accident,Fine,New BEL Road,BMTC Bus stop,40 ft,13.043267,77.561306,0,0,0.0,0.0
Bengaluru City,Jalahalli Traffic PS,1.04432e+16,2018,1,2,Road Accidents,Junction,City/Town,Open area,Human Error,No,Damage Only,Rear end,Uncontrolled,Straight and flat,Arterial,Bitumen(Tar),Dry,No influence on accident,Fine,HMT Main road,Nandini Parlour,40 ft,13.0517574,77.551996,0,0,0.0,0.0
Bengaluru City,Jalahalli Traffic PS,1.04432e+16,2018,1,2,Road Accidents,Y Junction,City/Town,Open area,Human Error,No,Simple Injury,Rear end,No signal lights,Straight and flat,Arterial,Bitumen(Tar),Dry,No influence on accident,Fine,HMT Road,Electric pole,22 ft,13.055674,77.547904,0,0,0.0,0.0
Bengaluru City,Jalahalli Traffic PS,1.04432e+16,2018,1,2,Rail Road Accidents,T Junction,City/Town,Open area,Human Error,No,Damage Only,Side impact or Right angle,Uncontrolled,Straight and flat,Sub Arterial,Bitumen(Tar),Dry,No influence on accident,Fine,Sharadamba temple road,Electric pole,5 ft,13.045869,77.546994,0,0,0.0,0.0
Bengaluru City,Jalahalli Traffic PS,1.04432e+16,2018,1,1,Road Accidents,Other,City/Town,Open area,Human Error,Yes,Simple Injury,Hit pedestrian,Not at  Junction,Straight and flat,Sub Arterial,Bitumen(Tar),Dry,No influence on accident,Fine,abbigere chikkabanavara road,Electric pole,6 ft,13.0792,77.506538,0,0,0.0,0.0
Bengaluru City,Jalahalli Traffic PS,1.04432e+16,2018,1,2,Road Accidents,Other,City/Town,Open area,Human Error,No,Simple Injury,Rear end,Not at  Junction,Straight and flat,Arterial,Concrete,Dry,No influence on accident,Fine,MES Ring road,Electric pole,60,13.043542,77.559165,0,0,0.0,0.0
Bengaluru City,Jalahalli Traffic PS,1.04432e+16,2018,1,1,Road Accidents,T Junction,City/Town,Near Hospital,Human Error,No,Simple Injury,Hit pedestrian,Uncontrolled,Straight and flat,Others,Bitumen(Tar),Dry,No influence on accident,Fine,Sapthagiri Hospital Entrence road,Electric pole,10 ft,13.070825,77.53922,0,0,0.0,0.0
Bengaluru City,Jalahalli Traffic PS,1.04432e+16,2018,1,2,Road Accidents,Junction,City/Town,Open area,Human Error,Yes,Simple Injury,Hit and Run,Uncontrolled,Straight and flat,Sub Arterial,Bitumen(Tar),Dry,No influence on accident,Fine,KG Halli,House no 101,40 ft,13.065135,77.53056,0,0,0.0,0.0
Bengaluru City,Jalahalli Traffic PS,1.04432e+16,2018,1,2,Road Accidents,T Junction,City/Town,Open area,Human Error,Yes,Simple Injury,Rear end,Uncontrolled,Straight and flat,Arterial,Bitumen(Tar),Dry,No influence on accident,Fine,MES Ring road,Appolo Pharmacy,30 ft,13.042118,77.548486,0,0,0.0,0.0
Bengaluru City,Jalahalli Traffic PS,1.04432e+16,2018,1,2,Road Accidents,Other,City/Town,Open area,Human Error,No,Simple Injury,Skidding or Self accident,Not at  Junction,Straight and flat,Arterial,Bitumen(Tar),Dry,No influence on accident,Fine,HMT road,electric pole,64 ft,13.046247,77.555955,0,0,0.0,0.0
Bengaluru City,Jalahalli Traffic PS,1.04432e+16,2018,1,2,Road Accidents,Curves,City/Town,Open area,Human Error,No,Damage Only,Rear end,Not at  Junction,Slight Curve,Service Road,Bitumen(Tar),Dry,No influence on accident,Fine,BEL circle to Kuvempu circle service road,Electric light pole,14 ft,13.043772,77.558731,0,0,0.0,0.0
Bengaluru City,Jalahalli Traffic PS,1.04432e+16,2018,1,1,Road Accidents,Curves,City/Town,Open area,Human Error,No,Simple Injury,Skidding or Self accident,Not at  Junction,Curve,Sub Arterial,Bitumen(Tar),Dry,No influence on accident,Fine,Byatha road,Electric Pole,15 ft,13.144459,77.480284,0,0,0.0,0.0
Bengaluru City,Jalahalli Traffic PS,1.04432e+16,2018,1,2,Road Accidents,Other,City/Town,Open area,Human Error,Yes,Damage Only,Hit parked vehicle,Not at  Junction,Straight and flat,Sub Arterial,Bitumen(Tar),Dry,No influence on accident,Fine,Kammagondanahalli road,Arka Gas,20 ft,13.06031,77.531387,0,0,0.0,0.0
Bengaluru City,Jalahalli Traffic PS,1.04432e+16,2018,1,2,Road Accidents,Other,City/Town,Open area,Human Error,Yes,Simple Injury,Rear end,Not at  Junction,Straight and flat,Sub Arterial,Bitumen(Tar),Dry,No influence on accident,Fine,Byaladakere road,Electric Pole,48 ft,13.105524,77.528625,0,0,0.0,0.0
Bengaluru City,Jalahalli Traffic PS,1.04432e+16,2018,1,2,Road Accidents,Curves,City/Town,Open area,Human Error,No,Grievous Injury,Head on,Not at  Junction,Sharp Curve,Sub Arterial,Bitumen(Tar),Dry,No influence on accident,Fine,HMT Factory road,BMTC Bus stop,40 ft,13.049088,77.53582,0,0,0.0,0.0
Bengaluru City,Jalahalli Traffic PS,1.04432e+16,2018,1,1,Road Accidents,Other,City/Town,Open area,Human Error,No,Damage Only,Hit fixed object,Not at  Junction,Straight and flat,Arterial,Bitumen(Tar),Dry,No influence on accident,Fine,Hesaragatta main road,O K Mens Parlour,15 ft,13.114718,77.4825,0,0,0.0,0.0
Bengaluru City,Jalahalli Traffic PS,1.04432e+16,2018,1,2,Road Accidents,T Junction,City/Town,Open area,Human Error,No,Simple Injury,Right Turn Collision,Uncontrolled,Straight and flat,Sub Arterial,Bitumen(Tar),Dry,No influence on accident,Fine,HMT road,Tree,25 ft,13.049585,77.553782,0,0,0.0,0.0
Bengaluru City,Jalahalli Traffic PS,1.04432e+16,2018,1,2,Road Accidents,Other,City/Town,Open area,Human Error,Yes,Simple Injury,Head on,Not at  Junction,Straight and flat,Arterial,Bitumen(Tar),Dry,Engineering Defect of Road,Fine,MES Ring road,Light pole,32 ft,13.043548,77.560711,4,0,0.0,4.0
Bengaluru City,Jalahalli Traffic PS,1.04432e+16,2018,1,2,Road Accidents,Junction,City/Town,Open area,Human Error,No,Simple Injury,Side impact or Right angle,Police / Manual,Straight and flat,Arterial,Bitumen(Tar),Dry,No influence on accident,Fine,HMT Road,KEB Office,30 ft,13.048603,77.55016,0,0,0.0,0.0
Bengaluru City,Jalahalli Traffic PS,1.04432e+16,2018,1,1,Road Accidents,Other,City/Town,Open area,Human Error,Yes,Simple Injury,Hit pedestrian,Not at  Junction,Straight and flat,Sub Arterial,Bitumen(Tar),Dry,No influence on accident,Fine,Forest road,Tree,17 ft,13.058263,77.539969,0,0,0.0,0.0
Bengaluru City,Jalahalli Traffic PS,1.04432e+16,2018,1,2,Road Accidents,Other,City/Town,Open area,Human Error,No,Simple Injury,Rear end,Not at  Junction,Straight and flat,Sub Arterial,Bitumen(Tar),Dry,No influence on accident,Fine,Forest road,Pole,14 ft,13.060394,77.537957,0,0,0.0,0.0
Bengaluru City,Jalahalli Traffic PS,1.04432e+16,2018,1,2,Road Accidents,Other,City/Town,Open area,Human Error,Yes,Simple Injury,Rear end,Not at  Junction,Straight and flat,Arterial,Bitumen(Tar),Dry,No influence on accident,Fine,Hesaragatta main road,pole,16 ft,13.067244,77.503485,0,0,0.0,0.0
Bengaluru City,Jalahalli Traffic PS,1.04432e+16,2018,1,2,Road Accidents,Other,City/Town,Open area,Human Error,No,Fatal,Rear end,Not at  Junction,Straight and flat,Arterial,Bitumen(Tar),Dry,No influence on accident,Fine,MES Ring road,Light pole,35 ft,13.044179,77.562354,0,0,0.0,0.0
Bengaluru City,Jalahalli Traffic PS,1.04432e+16,2018,1,2,Road Accidents,Narrow road,City/Town,Near Bus stop,Human Error,No,Simple Injury,Rear end,Not at  Junction,Straight and flat,Arterial,Bitumen(Tar),Dry,No influence on accident,Fine,HMT ROAD,BUS STAND,120 FT,13.046014,77.556123,0,0,0.0,0.0
Bengaluru City,Jalahalli Traffic PS,1.04432e+16,2018,1,1,Road Accidents,Other,City/Town,Open area,Human Error,No,Simple Injury,Skidding or Self accident,Not at  Junction,Straight and flat,Sub Arterial,Bitumen(Tar),Dry,No influence on accident,Fine,Shettihalli railway parallel road,Tree,15 ft,13.066255,77.519873,0,0,0.0,0.0
Bengaluru City,Jalahalli Traffic PS,1.04432e+16,2018,1,1,Road Accidents,Y Junction,City/Town,Open area,Human Error,No,Simple Injury,Skidding or Self accident,Uncontrolled,Hump,Sub Arterial,Bitumen(Tar),Dry,No influence on accident,Fine,Abbigere Pipe line road,Kodandarama temple,10 ft,13.071179,77.527637,0,0,0.0,0.0
Bengaluru City,Jalahalli Traffic PS,1.04432e+16,2018,1,1,Road Accidents,Other,City/Town,Open area,Human Error,No,Simple Injury,Hit pedestrian,Not at  Junction,Straight and flat,Sub Arterial,Bitumen(Tar),Dry,No influence on accident,Fine,Airforce east road,HDFC Bank,57 ft,13.057159,77.546523,0,0,0.0,0.0
Bengaluru City,Jalahalli Traffic PS,1.04432e+16,2018,1,2,Road Accidents,Junction,City/Town,Open area,Human Error,No,Simple Injury,Rear end,Signal lights Automatic,Straight and flat,Arterial,Bitumen(Tar),Dry,No influence on accident,Fine,HMT road,ELECTRIC POLE,40 FT,13.043941,77.557037,0,0,0.0,0.0
Bengaluru City,Jalahalli Traffic PS,1.04432e+16,2018,1,2,Road Accidents,Other,City/Town,Open area,Human Error,No,Simple Injury,Head on,Not at  Junction,Straight and flat,Sub Arterial,Bitumen(Tar),Dry,No influence on accident,Fine,Jalahalli to Ramachandrapura road,Ruby Apartment,15 ft,13.051162,77.550692,0,0,0.0,0.0
Bengaluru City,Jalahalli Traffic PS,1.04432e+16,2018,1,2,Road Accidents,Junction,City/Town,Open area,Human Error,No,Simple Injury,Side impact or Right angle,Uncontrolled,Straight and flat,Arterial,Bitumen(Tar),Dry,No influence on accident,Fine,HMT road,Tree,20 ft,13.049565,77.55381,0,0,0.0,0.0
Bengaluru City,Jalahalli Traffic PS,1.04432e+16,2018,1,2,Road Accidents,T Junction,City/Town,Open area,Human Error,Yes,Simple Injury,Side impact or Right angle,Uncontrolled,Straight and flat,Arterial,Bitumen(Tar),Dry,No influence on accident,Fine,S M Road,Electric pole,40 ft,13.055057,77.54303,0,0,0.0,0.0
Bengaluru City,Jalahalli Traffic PS,1.04432e+16,2018,1,2,Road Accidents,Staggered junction,City/Town,Open area,Human Error,Yes,Damage Only,Rear end,Uncontrolled,Straight and flat,Sub Arterial,Bitumen(Tar),Dry,No influence on accident,Fine,Abbigere main road,Light pole,35 ft,13.070291,77.528761,0,0,0.0,0.0
Bengaluru City,Jalahalli Traffic PS,1.04432e+16,2018,1,1,Road Accidents,T Junction,City/Town,Open area,Human Error,No,Simple Injury,Hit pedestrian,Police / Manual,Straight and flat,Arterial,Bitumen(Tar),Dry,No influence on accident,Fine,HMT road,Sahithya kuta gate,30 ft,13.050373,77.553203,0,0,0.0,0.0
Bengaluru City,Jalahalli Traffic PS,1.04432e+16,2018,1,1,Road Accidents,Other,City/Town,Open area,Human Error,No,Simple Injury,Hit pedestrian,Not at  Junction,Straight and flat,Sub Arterial,Bitumen(Tar),Dry,No influence on accident,Fine,Acharya college road,Padmavathi Kalyanamantapa,22 ft,0.0,0.0,0,0,0.0,0.0
Bengaluru City,Jalahalli Traffic PS,1.04432e+16,2018,1,2,Road Accidents,Curves,City/Town,Open area,Human Error,No,Simple Injury,Head on,Not at  Junction,Curve,Arterial,Bitumen(Tar),Dry,No influence on accident,Fine,Hesaraghatta road,polo,45ft,13.118961,77.484316,0,0,0.0,0.0
Bengaluru City,Jalahalli Traffic PS,1.04432e+16,2018,1,1,Road Accidents,Other,City/Town,Near a religious place,Human Error,No,Simple Injury,Hit pedestrian,Not at  Junction,Straight and flat,Arterial,Bitumen(Tar),Dry,No influence on accident,Fine,S M Road,ayyappa temple,10 ft,0.0,0.0,0,0,0.0,0.0
Bengaluru City,Jalahalli Traffic PS,1.04432e+16,2018,1,2,Road Accidents,Junction,City/Town,Open area,Human Error,No,Damage Only,Rear end,Uncontrolled,Straight and flat,Arterial,Bitumen(Tar),Dry,No influence on accident,Fine,Hesaragatta main road,Sapthagiri Eng college gate,28 ft,13.070191,77.503845,0,0,0.0,0.0
Bengaluru City,Jalahalli Traffic PS,1.04432e+16,2018,1,2,Road Accidents,Other,City/Town,Open area,Human Error,No,Simple Injury,Rear end,Not at  Junction,Straight and flat,Arterial,Bitumen(Tar),Dry,No influence on accident,Fine,Hesaragatta road,Tree,14 ft,13.071204,77.503766,0,0,0.0,0.0
Bengaluru City,Jalahalli Traffic PS,1.04432e+16,2018,1,1,Road Accidents,Narrow road,City/Town,Open area,Human Error,No,Grievous Injury,Hit pedestrian,Not at  Junction,Straight and flat,Sub Arterial,Bitumen(Tar),Dry,No influence on accident,Fine,Guni agrahara,Krishnappa house,10 ft,0.0,0.0,0,0,0.0,0.0
Bengaluru City,Jalahalli Traffic PS,1.04432e+16,2018,1,1,Road Accidents,Junction,City/Town,Open area,Human Error,No,Simple Injury,Hit pedestrian,Uncontrolled,Straight and flat,Sub Arterial,Bitumen(Tar),Dry,No influence on accident,Fine,AGB Layout,Electric pole,45 ft,13.071338,77.506155,0,0,0.0,0.0
Bengaluru City,Jalahalli Traffic PS,1.04432e+16,2018,1,2,Road Accidents,Curves,City/Town,Open area,Human Error,No,Simple Injury,Head on,Not at  Junction,Curve,Sub Arterial,Bitumen(Tar),Dry,No influence on accident,Fine,Hesaragatta byatha road,Electric pole,16 ft,0.0,0.0,0,0,0.0,0.0
Bengaluru City,Jalahalli Traffic PS,1.04432e+16,2018,1,1,Road Accidents,T Junction,City/Town,Open area,Human Error,No,Simple Injury,Hit pedestrian,Uncontrolled,Straight and flat,Sub Arterial,Bitumen(Tar),Dry,No influence on accident,Fine,Acharya college road,Electric pole,35 ft,0.0,0.0,0,0,0.0,0.0
Bengaluru City,Jalahalli Traffic PS,1.04432e+16,2018,1,2,Road Accidents,Junction,City/Town,Open area,Human Error,Yes,Damage Only,Rear end,Signal lights Automatic,Straight and flat,Arterial,Bitumen(Tar),Dry,No influence on accident,Fine,HMT Road,SBI ATM,80 fee,13.056679,77.546792,0,0,0.0,0.0
Bengaluru City,Jalahalli Traffic PS,1.04432e+16,2018,1,2,Road Accidents,Other,City/Town,Open area,Human Error,Yes,Simple Injury,Rear end,Not at  Junction,Straight and flat,Sub Arterial,Bitumen(Tar),Dry,No influence on accident,Fine,Cikkabanavara lake road,pole,12 ft,13.079786,77.510165,0,0,0.0,0.0
Bengaluru City,Jalahalli Traffic PS,1.04432e+16,2018,1,2,Road Accidents,Junction,City/Town,Residential area,Human Error,Yes,Simple Injury,Side impact or Right angle,Uncontrolled,Straight and flat,Residential Street,Bitumen(Tar),Dry,No influence on accident,Fine,BEL colony,light pole,30 ft,13.045641,77.554011,0,0,0.0,0.0
Bengaluru City,Jalahalli Traffic PS,1.04432e+16,2018,1,2,Other Railway Accidents,Other,City/Town,Open area,Human Error,No,Damage Only,Rear end,Not at  Junction,Straight and flat,Arterial,Bitumen(Tar),Dry,No influence on accident,Fine,MES Ring road,Tree,80 ft,13.043984,77.554142,0,0,0.0,0.0
Bengaluru City,Jalahalli Traffic PS,1.04432e+16,2018,1,2,Road Accidents,Other,City/Town,Near Bus stop,Human Error,Yes,Damage Only,Rear end,Not at  Junction,Straight and flat,Sub Arterial,Bitumen(Tar),Dry,No influence on accident,Fine,HMT Road,Bus stop,35 ft,13.056737,77.546751,0,0,0.0,0.0
Bengaluru City,Jalahalli Traffic PS,1.04432e+16,2018,1,2,Road Accidents,Junction,City/Town,Open area,Human Error,No,Damage Only,Side swipe,Signal lights Automatic,Straight and flat,Arterial,Concrete,Dry,No influence on accident,Fine,MES Ring road,Signal light pole,36 ft,13.043626,77.561201,0,0,0.0,0.0
Bengaluru City,Jalahalli Traffic PS,1.04432e+16,2018,1,2,Road Accidents,Curves,City/Town,Open area,Human Error,Yes,Simple Injury,Rear end,Not at  Junction,Curve,Arterial,Bitumen(Tar),Dry,No influence on accident,Fine,Hesaragatta main road,Suggi Daba,30 ft,13.108036,77.482099,0,0,0.0,0.0
Bengaluru City,Jalahalli Traffic PS,1.04432e+16,2018,1,1,Road Accidents,Curves,City/Town,Open area,Human Error,No,Simple Injury,Hit fixed object,Not at  Junction,Curve,Sub Arterial,Bitumen(Tar),Dry,No influence on accident,Fine,Hesaragatta TB Road,Tree,18 ft,13.129234,77.488078,0,0,0.0,0.0
Bengaluru City,Jalahalli Traffic PS,1.04432e+16,2018,1,2,Road Accidents,Junction,City/Town,Open area,Human Error,No,Simple Injury,Side impact or Right angle,Uncontrolled,Straight and flat,Sub Arterial,Bitumen(Tar),Dry,No influence on accident,Fine,Muthyalamma nagar,Electric pole,35,13.041908,77.548882,0,0,0.0,0.0
Bengaluru City,Jalahalli Traffic PS,1.04432e+16,2018,1,2,Road Accidents,Other,City/Town,Open area,Human Error,No,Simple Injury,Rear end,Not at  Junction,Straight and flat,Arterial,Concrete,Dry,No influence on accident,Fine,MES Ring road,Electric Pole,36 ft,13.043557,77.560807,0,0,0.0,0.0
Bengaluru City,Jalahalli Traffic PS,1.04432e+16,2018,1,1,Road Accidents,Other,City/Town,Near Bus stop,Human Error,No,Simple Injury,Hit pedestrian,Uncontrolled,Straight and flat,Arterial,Bitumen(Tar),Dry,No influence on accident,Fine,Hesaragatta road,Bus stop,5 ft,13.101277,77.480832,0,0,0.0,0.0
Bengaluru City,Jalahalli Traffic PS,1.04432e+16,2018,1,2,Road Accidents,Bridge,City/Town,Narrow bridge or culverts,Human Error,Yes,Simple Injury,Rear end,Not at  Junction,Straight and flat,Sub Arterial,Gravel,Dry,Construction Work / Material,Fine,Byatha road,Tree,18 ft,13.15295,77.473263,2,0,3.0,5.0
Bengaluru City,Jalahalli Traffic PS,1.04432e+16,2018,1,1,Road Accidents,Other,City/Town,Open area,Human Error,No,Simple Injury,Hit pedestrian,Not at  Junction,Straight and flat,Sub Arterial,Bitumen(Tar),Dry,No influence on accident,Fine,Kuvempu nagar road,Behind KV School,200 mt,13.065796,77.542204,0,0,0.0,0.0
Bengaluru City,Jalahalli Traffic PS,1.04432e+16,2018,1,2,Road Accidents,Curves,City/Town,Open area,Human Error,No,Simple Injury,Head on,Not at  Junction,Crest of hill,Arterial,Bitumen(Tar),Ditch or Potholed,No influence on accident,Fine,Hesaraghatta main road,turning board,45,13.09772,77.484188,0,5,0.0,5.0
Bengaluru City,Jalahalli Traffic PS,1.04432e+16,2018,1,1,Road Accidents,T Junction,City/Town,Near Petrol Pump,Human Error,No,Simple Injury,Hit pedestrian,No signal lights,Straight and flat,Arterial,Bitumen(Tar),Dry,No influence on accident,Fine,Abbigere road,polo,60ft,13.072053,77.524595,0,0,0.0,0.0
Bengaluru City,Jalahalli Traffic PS,1.04432e+16,2018,1,1,Road Accidents,Other,City/Town,Open area,Human Error,No,Simple Injury,Hit pedestrian,Not at  Junction,Straight and flat,Arterial,Bitumen(Tar),Dry,No influence on accident,Fine,MES Ring road,Bus stop,45 ft,13.044656,77.562498,0,0,0.0,0.0
Bengaluru City,Jalahalli Traffic PS,1.04432e+16,2018,1,2,Road Accidents,Other,City/Town,Open area,Human Error,Yes,Simple Injury,Head on,Not at  Junction,Straight and flat,Arterial,Bitumen(Tar),Dry,No influence on accident,Fine,Vidyaranyapura main road,Tree,31 ft,13.04792,77.557272,0,0,0.0,0.0
Bengaluru City,Jalahalli Traffic PS,1.04432e+16,2018,1,2,Road Accidents,Other,City/Town,Open area,Human Error,No,Simple Injury,Rear end,Not at  Junction,Straight and flat,Arterial,Bitumen(Tar),Dry,No influence on accident,Fine,Hesaragatta main road,tree,19 ft,13.070169,77.503855,0,0,0.0,0.0
Bengaluru City,Jalahalli Traffic PS,1.04432e+16,2018,1,2,Road Accidents,T Junction,City/Town,Open area,Human Error,No,Damage Only,Rear end,Police / Manual,Straight and flat,Arterial,Bitumen(Tar),Dry,No influence on accident,Fine,MES ring road,Nandini milk corner,14 ft,13.041716,77.547324,0,0,0.0,0.0
Bengaluru City,Jalahalli Traffic PS,1.04432e+16,2018,1,2,Road Accidents,T Junction,City/Town,Open area,Human Error,No,Simple Injury,Rear end,Police / Manual,Straight and flat,Arterial,Bitumen(Tar),Dry,No influence on accident,Fine,HMT road,kannadasahithy kuta gate,70 ft,13.050356,77.553176,0,0,0.0,0.0
Bengaluru City,Jalahalli Traffic PS,1.04432e+16,2018,1,2,Road Accidents,T Junction,City/Town,Open area,Human Error,No,Simple Injury,Rear end,Police / Manual,Straight and flat,Arterial,Bitumen(Tar),Dry,No influence on accident,Fine,MES Ring road,Electric pole,45 ft,13.042208,77.548884,0,0,0.0,0.0
Bengaluru City,Jalahalli Traffic PS,1.04432e+16,2018,1,2,Road Accidents,Other,City/Town,Open area,Human Error,Yes,Simple Injury,Rear end,Not at  Junction,Straight and flat,Arterial,Bitumen(Tar),Dry,No influence on accident,Fine,MES Ring road,Electric pole,9 ft,13.043007,77.551346,0,0,0.0,0.0
Bengaluru City,Jalahalli Traffic PS,1.04432e+16,2018,1,1,Road Accidents,Other,City/Town,Open area,Human Error,Yes,Simple Injury,Hit pedestrian,Not at  Junction,Straight and flat,Arterial,Bitumen(Tar),Dry,No influence on accident,Fine,Hesaragatta main road,Electric pole,5 ft,13.077745,77.50268,0,0,0.0,0.0
Bengaluru City,Jalahalli Traffic PS,1.04432e+16,2018,1,2,Road Accidents,Other,City/Town,Open area,Human Error,Yes,Simple Injury,Head on,Not at  Junction,Straight and flat,Sub Arterial,Bitumen(Tar),Dry,No influence on accident,Fine,Abbigere lakshmipura road,Electric pole,12 ft,13.073623,77.529923,0,0,0.0,0.0
Bengaluru City,Jalahalli Traffic PS,1.04432e+16,2018,1,1,Road Accidents,Other,City/Town,Open area,Human Error,No,Simple Injury,Hit pedestrian,Not at  Junction,Straight and flat,Sub Arterial,Bitumen(Tar),Dry,No influence on accident,Fine,chikkasandra road,Electric pole,35 ft,13.064844,77.508216,0,0,0.0,0.0
Bengaluru City,Jalahalli Traffic PS,1.04432e+16,2018,1,2,Road Accidents,Junction,City/Town,Near a factory industrial area,Human Error,Yes,Damage Only,Rear end,Signal lights Automatic,Straight and flat,Service Road,Bitumen(Tar),Dry,No influence on accident,Fine,MES Ring road service road,BEL Factory Gate,50 ft,0.0,0.0,0,0,0.0,0.0
Bengaluru City,Jalahalli Traffic PS,1.04432e+16,2018,1,2,Road Accidents,Y Junction,City/Town,Open area,Human Error,No,Damage Only,Rear end,Uncontrolled,Straight and flat,Arterial,Bitumen(Tar),Dry,No influence on accident,Fine,MES ring road,Electric pole,20 ft,0.0,0.0,0,0,0.0,0.0
Bengaluru City,Jalahalli Traffic PS,1.04432e+16,2018,1,2,Road Accidents,Junction,City/Town,Open area,Human Error,No,Grievous Injury,Head on,Signal lights Blinking,Straight and flat,Arterial,Bitumen(Tar),Dry,No influence on accident,Fine,HMT ROAD,flyover wall,60 ft,13.043641,77.55697,0,0,0.0,0.0
Bengaluru City,Jalahalli Traffic PS,1.04432e+16,2018,1,2,Road Accidents,Curves,City/Town,Open area,Human Error,Yes,Simple Injury,Head on,Not at  Junction,Curve,Arterial,Bitumen(Tar),Dry,No influence on accident,Fine,Abbigere road,polo,40ft,13.080225,77.509081,0,0,0.0,0.0
Bengaluru City,Jalahalli Traffic PS,1.04432e+16,2018,1,2,Road Accidents,Other,City/Town,Open area,Human Error,Yes,Damage Only,Head on,Not at  Junction,Straight and flat,Arterial,Bitumen(Tar),Dry,No influence on accident,Fine,Hesragatta main road,pole,85 ft,13.077971,77.502446,0,0,0.0,0.0
Bengaluru City,Jalahalli Traffic PS,1.04432e+16,2018,1,2,Road Accidents,Other,City/Town,Open area,Human Error,No,Simple Injury,Head on,Not at  Junction,Straight and flat,Sub Arterial,Bitumen(Tar),Dry,No influence on accident,Fine,Shettihalli road,water tank,30 ft,13.058206,77.521829,0,0,0.0,0.0
Bengaluru City,Jalahalli Traffic PS,1.04432e+16,2018,1,2,Road Accidents,Staggered junction,City/Town,Open area,Human Error,No,Simple Injury,Right Turn Collision,Uncontrolled,Straight and flat,Sub Arterial,Bitumen(Tar),Dry,No influence on accident,Fine,Abbigere road,Tree,62 ft,13.066854,77.531806,0,0,0.0,0.0
Bengaluru City,Jalahalli Traffic PS,1.04432e+16,2018,1,1,Road Accidents,T Junction,City/Town,Open area,Human Error,Yes,Simple Injury,Hit pedestrian,Uncontrolled,Straight and flat,Sub Arterial,Bitumen(Tar),Dry,No influence on accident,Fine,Vidyaranyapura road,Bus stop,30 ft,13.049938,77.557509,0,0,0.0,0.0
Bengaluru City,Jalahalli Traffic PS,1.04432e+16,2018,1,2,Road Accidents,Staggered junction,City/Town,Open area,Human Error,Yes,Damage Only,Rear end,Police / Manual,Hump,Arterial,Bitumen(Tar),Dry,No influence on accident,Fine,HMT Road,Tree,61,13.043599,77.557089,0,0,0.0,0.0
Bengaluru City,Jalahalli Traffic PS,1.04432e+16,2018,1,1,Road Accidents,Road hump or Rumble strips,City/Town,Open area,Human Error,No,Simple Injury,Hit bicyclist,Not at  Junction,Sharp Curve,City or Town Road,Bitumen(Tar),Dry,No influence on accident,Fine,Hesaragatta main road,Tree,42 ft,13.0781102,77.5022977,0,0,0.0,0.0
Bengaluru City,Jalahalli Traffic PS,1.04432e+16,2018,1,2,Road Accidents,Staggered junction,City/Town,Open area,Human Error,No,Grievous Injury,Side swipe,Uncontrolled,Straight and flat,Arterial,Bitumen(Tar),Dry,No influence on accident,Fine,Hesaragatta main road,Balamuri Ganapathi,48 ft,13.084078,77.499352,0,0,0.0,0.0
Bengaluru City,Jalahalli Traffic PS,1.04432e+16,2018,1,2,Road Accidents,Round about or Circle,City/Town,Open area,Human Error,No,Simple Injury,Head on,Uncontrolled,Straight and flat,Sub Arterial,Bitumen(Tar),Dry,No influence on accident,Fine,HMT Road,Electric pole,45 ft,13.04926,77.543477,0,0,0.0,0.0