DISTRICTNAME,UNITNAME,Crime_No,Year,RI,Noofvehicle_involved,Accident_Classification,Accident_Spot,Accident_Location,Accident_SubLocation,Main_Cause,Hit_Run,Severity,Collision_Type,Junction_Control,Road_Character,Road_Type,Surface_Type,Surface_Condition,Road_Condition,Weather,Accident_Road,Landmark_first,Distance_LandMark_First,Latitude,Longitude,Road_Condition_Score,Surface_Condition_Score,Surface_Type_Score,Road_Risk_Index
Bengaluru City,Jalahalli Traffic PS,1.04432e+16,2018,1,2,Road Accidents,Junction,City/Town,Open area,Human Error,No,Simple Injury,Right Turn Collision,Uncontrolled,Straight and flat,Sub Arterial,Bitumen(Tar),Dry,No influence on accident,Fine,HMT Quatress road,Bore well,46 ft,13.048627,77.546474,0,0,0.0,0.0
Bengaluru City,Jalahalli Traffic PS,1.04432e+16,2018,1,2,Road Accidents,T Junction,City/Town,Open area,Human Error,No,Simple Injury,Rear end,Uncontrolled,Straight and flat,Sub Arterial,Bitumen(Tar),Dry,No influence on accident,Fine,S M Road,Tree,30 ft,13.054541,77.53174,0,0,0.0,0.0
Bengaluru City,Jalahalli Traffic PS,1.04432e+16,2018,1,2,Road Accidents,Other,City/Town,Near Bus stop,Human Error,No,Simple Injury,Head on,Not at  Junction,Straight and flat,Arterial,Bitumen(Tar),Dry,No influence on accident,Fine,MES Ring road,Bus stop,13 ft,13.044681,77.562594,0,0,0.0,0.0
Bengaluru City,Jalahalli Traffic PS,1.04432e+16,2018,1,1,Road Accidents,T Junction,City/Town,Open area,Human Error,Yes,Simple Injury,Hit pedestrian,Police / Manual,Straight and flat,Arterial,Bitumen(Tar),Dry,No influence on accident,Fine,SM Road,light pole,55 ft,13.054874,77.53471,0,0,0.0,0.0
Bengaluru City,Jalahalli Traffic PS,1.04432e+16,2018,1,1,Road Accidents,Curves,City/Town,Open area,Human Error,No,Damage Only,Hit fixed object,Not at  Junction,Curve,Arterial,Bitumen(Tar),Dry,No influence on accident,Fine,hesaragatta road,52 ft,mashru,13.10455,77.478109,0,0,0.0,0.0
Bengaluru City,Jalahalli Traffic PS,1.04432e+16,2018,1,2,Road Accidents,Other,City/Town,Near Bus stop,Human Error,No,Simple Injury,Head on,Not at  Junction,Straight and flat,Arterial,Bitumen(Tar),Dry,No influence on accident,Fine,HMT ROAD,BMTC Bus stop,25,13.054755,77.549021,0,0,0.0,0.0
Bengaluru City,Jalahalli Traffic PS,1.04432e+16,2018,1,2,Road Accidents,T Junction,City/Town,Open area,Human Error,No,Simple Injury,Head on,Uncontrolled,Straight and flat,Sub Arterial,Concrete,Dry,No influence on accident,Fine,HMT Road,Electric Pole,44 ft,13.047464,77.542343,0,0,0.0,0.0
Bengaluru City,Jalahalli Traffic PS,1.04432e+16,2018,1,2,Road Accidents,Other,City/Town,Near School or College,Human Error,No,Simple Injury,Hit parked vehicle,Not at  Junction,Straight and flat,Sub Arterial,Bitumen(Tar),Dry,No influence on accident,Fine,Forest road,Ashok Politechnic college,9 ft,13.065509,77.533076,0,0,0.0,0.0
Bengaluru City,Jalahalli Traffic PS,1.04432e+16,2018,1,2,Road Accidents,Other,City/Town,Open area,Human Error,No,Simple Injury,Rear end,Not Applicable,Straight and flat,Arterial,Bitumen(Tar),Dry,No influence on accident,Fine,HMT road,Tree,40 ft,13.044942,77.556736,0,0,0.0,0.0
Bengaluru City,Jalahalli Traffic PS,1.04432e+16,2018,1,2,Road Accidents,Curves,City/Town,Open area,Human Error,No,Simple Injury,Head on,Not at  Junction,Curve,Sub Arterial,Bitumen(Tar),Dry,No influence on accident,Fine,S M Road,Light pole,45 ft,13.054553,77.531833,0,0,0.0,0.0
Bengaluru City,Jalahalli Traffic PS,1.04432e+16,2018,1,2,Road Accidents,Curves,City/Town,Open area,Human Error,No,Simple Injury,Head on,Not at  Junction,Curve,Arterial,Bitumen(Tar),Dry,No influence on accident,Fine,Hesaragatta main road,Tree,36 ft,13.130295,77.484393,0,0,0.0,0.0
Bengaluru City,Jalahalli Traffic PS,1.04432e+16,2018,1,1,Road Accidents,T Junction,City/Town,Near Petrol Pump,Human Error,Yes,Fatal,Hit fixed object,Uncontrolled,Straight and flat,Arterial,Bitumen(Tar),Dry,No influence on accident,Fine,HMT ROAD,BHARATH PETROL PUMP,32 ft,13.042493,77.557098,0,0,0.0,0.0
Bengaluru City,Jalahalli Traffic PS,1.04432e+16,2018,1,2,Road Accidents,T Junction,City/Town,Near School or College,Human Error,No,Simple Injury,Right Turn Collision,Uncontrolled,Straight and flat,Sub Arterial,Bitumen(Tar),Dry,No influence on accident,Fine,S M Road,Light pole,32 ft,13.054811,77.541599,0,0,0.0,0.0
Bengaluru City,Jalahalli Traffic PS,1.04432e+16,2018,1,1,Road Accidents,Other,City/Town,Open area,Human Error,No,Damage Only,Hit fixed object,Not at  Junction,Straight and flat,Arterial,Bitumen(Tar),Dry,No influence on accident,Fine,MES Ring road,Mother Theresa School,60 ft,13.043075,77.551231,0,0,0.0,0.0
Bengaluru City,Jalahalli Traffic PS,1.04432e+16,2018,1,2,Road Accidents,Other,City/Town,Open area,Human Error,No,Fatal,Head on,Not at  Junction,Straight and flat,Sub Arterial,Bitumen(Tar),Dry,No influence on accident,Fine,Pipeline road,Electric pole,20 ft,13.09062,77.50339,0,0,0.0,0.0
Bengaluru City,Jalahalli Traffic PS,1.04432e+16,2018,1,1,Road Accidents,Staggered junction,City/Town,Open area,Human Error,No,Simple Injury,Hit pedestrian,Uncontrolled,Straight and flat,Sub Arterial,Bitumen(Tar),Dry,No influence on accident,Fine,Hesaragatta main road,Govt School,10 ft,13.084069,77.499334,0,0,0.0,0.0
Bengaluru City,Jalahalli Traffic PS,1.04432e+16,2018,1,2,Road Accidents,Bridge,City/Town,Open area,Human Error,No,Damage Only,Rear end,Not at  Junction,Straight and flat,Arterial,Bitumen(Tar),Dry,No influence on accident,Fine,MES Ring road,Electric pole,24 ft,13.044504,77.562666,0,0,0.0,0.0
Bengaluru City,Jalahalli Traffic PS,1.04432e+16,2018,1,2,Road Accidents,T Junction,City/Town,Near a recreation place/cinema,Human Error,No,Damage Only,Rear end,Uncontrolled,Straight and flat,Sub Arterial,Bitumen(Tar),Dry,No influence on accident,Fine,HMT road,Light pole,60 ft,13.049133,77.545082,0,0,0.0,0.0
Bengaluru City,Jalahalli Traffic PS,1.04432e+16,2018,1,2,Road Accidents,Other,City/Town,Open area,Human Error,No,Fatal,Side swipe,Not at  Junction,Straight and flat,Arterial,Bitumen(Tar),Dry,No influence on accident,Fine,Hesaragatta main road,Manjushri condiments,30 ft,13.087662,77.495256,0,0,0.0,0.0
Bengaluru City,Jalahalli Traffic PS,1.04432e+16,2018,1,2,Road Accidents,Other,City/Town,Open area,Human Error,No,Simple Injury,Rear end,Not at  Junction,Straight and flat,Sub Arterial,Bitumen(Tar),Dry,No influence on accident,Fine,Shettihalli road,electric pole,30 ft,13.053215,77.523858,0,0,0.0,0.0
Bengaluru City,Jalahalli Traffic PS,1.04432e+16,2018,1,2,Road Accidents,Junction,City/Town,Open area,Human Error,No,Damage Only,Rear end,Signal lights Automatic,Straight and flat,Arterial,Bitumen(Tar),Dry,No influence on accident,Fine,Gangamma circle airforce east road,Hotel new sophia,40 ft,13.055368,77.548342,0,0,0.0,0.0
Bengaluru City,Jalahalli Traffic PS,1.04432e+16,2018,1,3,Road Accidents,Curves,City/Town,Open area,Human Error,No,Simple Injury,Head on,Not at  Junction,Slight Curve,Arterial,Bitumen(Tar),Dry,No influence on accident,Fine,S.M.Road,light pole,11 ft,13.053053,77.530259,0,0,0.0,0.0
Bengaluru City,Jalahalli Traffic PS,1.04432e+16,2018,1,1,Road Accidents,Junction,City/Town,Open area,Human Error,No,Simple Injury,Hit pedestrian,Uncontrolled,Straight and flat,Sub Arterial,Bitumen(Tar),Dry,No influence on accident,Fine,Byaladakere road,post office,36 ft,13.114259,77.502121,0,0,0.0,0.0
Bengaluru City,Jalahalli Traffic PS,1.04432e+16,2018,1,2,Road Accidents,Curves,City/Town,Near Bus stop,Human Error,No,Damage Only,Side swipe,Not at  Junction,Curve,Arterial,Bitumen(Tar),Dry,No influence on accident,Fine,M.S.Palya road,Bus stop,15 ft,13.064983,77.544198,0,0,0.0,0.0
Bengaluru City,Jalahalli Traffic PS,1.04432e+16,2018,1,2,Road Accidents,Staggered junction,City/Town,Open area,Human Error,No,Damage Only,Rear end,Police / Manual,Straight and flat,Arterial,Bitumen(Tar),Dry,No influence on accident,Fine,HMT Road,Tree,60 ft,13.053118,77.550966,0,0,0.0,0.0
Bengaluru City,Jalahalli Traffic PS,1.04432e+16,2018,1,1,Road Accidents,Other,City/Town,Open area,Human Error,No,Simple Injury,Hit pedestrian,Uncontrolled,Straight and flat,Sub Arterial,Bitumen(Tar),Dry,No influence on accident,Fine,Gangamma temple road,Nanjundeshwara Krupe,14 ft,13.056922,77.548294,0,0,0.0,0.0
Bengaluru City,Jalahalli Traffic PS,1.04432e+16,2018,1,1,Road Accidents,Staggered junction,City/Town,Open area,Human Error,No,Fatal,Hit pedestrian,No signal lights,Straight and flat,Arterial,Bitumen(Tar),Dry,No influence on accident,Fine,MES Ring road,Light pole,8 ft,0.0,0.0,0,0,0.0,0.0
Bengaluru City,Jalahalli Traffic PS,1.04432e+16,2018,1,1,Road Accidents,Other,City/Town,Open area,Human Error,No,Simple Injury,Skidding or Self accident,Not at  Junction,Straight and flat,Sub Arterial,Bitumen(Tar),Dry,No influence on accident,Fine,Thirumalapura road,Basavaraju House,20 ft,13.121386,77.498181,0,0,0.0,0.0
Bengaluru City,Jalahalli Traffic PS,1.04432e+16,2018,1,1,Road Accidents,Narrow road,City/Town,Near a religious place,Human Error,No,Simple Injury,Hit pedestrian,Not at  Junction,Straight and flat,Sub Arterial,Bitumen(Tar),Dry,No influence on accident,Fine,S M Road,Ayyappa temple,20 ft,0.0,0.0,0,0,0.0,0.0
Bengaluru City,Jalahalli Traffic PS,1.04432e+16,2018,1,2,Road Accidents,T Junction,City/Town,Open area,Human Error,No,Simple Injury,Side swipe,No signal lights,Straight and flat,City or Town Road,Bitumen(Tar),Dry,No influence on accident,Fine,HESARAGHATTA KERE ROAD,TREE,19,13.13863,77.481095,0,0,0.0,0.0
Bengaluru City,Jalahalli Traffic PS,1.04432e+16,2018,1,2,Road Accidents,Other,City/Town,Near Petrol Pump,Human Error,No,Simple Injury,Head on,Not at  Junction,Straight and flat,Arterial,Bitumen(Tar),Dry,No influence on accident,Fine,Hesaragatta main road,Srinidhi petrol pump,25 ft,13.136458,77.481378,0,0,0.0,0.0
Bengaluru City,Jalahalli Traffic PS,1.04432e+16,2018,1,1,Road Accidents,T Junction,City/Town,Open area,Human Error,No,Simple Injury,Rear end,Uncontrolled,Straight and flat,Sub Arterial,Bitumen(Tar),Dry,No influence on accident,Fine,Acharya college road,pole,33 ft,13.081038,77.496242,0,0,0.0,0.0
Bengaluru City,Jalahalli Traffic PS,1.04432e+16,2018,1,2,Road Accidents,T Junction,City/Town,Open area,Human Error,No,Simple Injury,Side swipe,Uncontrolled,Straight and flat,Sub Arterial,Bitumen(Tar),Dry,No influence on accident,Fine,Jalahalli village road,Ganesh Upahar,4 ft,13.047357,77.549682,0,0,0.0,0.0
Bengaluru City,Jalahalli Traffic PS,1.04432e+16,2018,1,2,Road Accidents,Curves,City/Town,Near Bus stop,Human Error,No,Simple Injury,Head on,Not at  Junction,Curve and Incline,Arterial,Bitumen(Tar),Dry,No influence on accident,Fine,Hesaragatta main road,Bus stop,10 ft,13.139128,77.47032,0,0,0.0,0.0
Bengaluru City,Jalahalli Traffic PS,1.04432e+16,2018,1,2,Road Accidents,Y Junction,City/Town,Open area,Human Error,No,Simple Injury,Head on,Signal lights Automatic,Straight and flat,Arterial,Bitumen(Tar),Dry,No influence on accident,Fine,Hesaragatta main road,tree,52 ft,13.073306,77.50307,0,0,0.0,0.0
Bengaluru City,Jalahalli Traffic PS,1.04432e+16,2018,1,1,Road Accidents,Other,City/Town,Open area,Human Error,No,Simple Injury,Skidding or Self accident,Not at  Junction,Straight and flat,Sub Arterial,Bitumen(Tar),Dry,No influence on accident,Fine,Kereguddadahalli chikkabanavara road,Mahalakshmi drinking water,25 ft,13.079729,77.505462,0,0,0.0,0.0
Bengaluru City,Jalahalli Traffic PS,1.04432e+16,2018,1,1,Road Accidents,Other,City/Town,Open area,Human Error,No,Damage Only,Hit fixed object,Not at  Junction,Straight and flat,Sub Arterial,Bitumen(Tar),Dry,No influence on accident,Fine,Ramachandrapura road,KKR Apartment,68 ft,13.051041,77.550656,0,0,0.0,0.0
Bengaluru City,Jalahalli Traffic PS,1.04432e+16,2018,1,2,Road Accidents,Staggered junction,City/Town,Open area,Human Error,No,Simple Injury,Head on,Police / Manual,Straight and flat,Sub Arterial,Bitumen(Tar),Dry,No influence on accident,Fine,BFW Road,Tree,68 ft,13.037187,77.535923,0,0,0.0,0.0
Bengaluru City,Jalahalli Traffic PS,1.04432e+16,2018,1,2,Road Accidents,Other,City/Town,Open area,Human Error,No,Damage Only,Head on,Not at  Junction,Straight and flat,Sub Arterial,Bitumen(Tar),Dry,No influence on accident,Fine,IIHR road,Tree,62 ft,13.132967,77.48972,0,0,0.0,0.0
Bengaluru City,Jalahalli Traffic PS,1.04432e+16,2018,1,2,Road Accidents,Junction,City/Town,Open area,Human Error,Yes,Simple Injury,Right Turn Collision,Uncontrolled,Straight and flat,Sub Arterial,Bitumen(Tar),Dry,No influence on accident,Fine,B V Gurunath layout road,Electric pole,8 ft,13.065335,77.530597,0,0,0.0,0.0
Bengaluru City,Jalahalli Traffic PS,1.04432e+16,2018,1,1,Road Accidents,Junction,City/Town,Open area,Human Error,No,Simple Injury,Hit pedestrian,Uncontrolled,Straight and flat,Sub Arterial,Bitumen(Tar),Dry,No influence on accident,Fine,HMT Road,Tree,15 ft,13.051512,77.552184,0,0,0.0,0.0
Bengaluru City,Jalahalli Traffic PS,1.04432e+16,2018,1,1,Road Accidents,T Junction,City/Town,Near Bus stop,Human Error,No,Simple Injury,Others,Uncontrolled,Straight and flat,Arterial,Bitumen(Tar),Dry,No influence on accident,Fine,Vidyaranyapura road,Bus stop,20 ft,13.049661,77.557561,0,0,0.0,0.0
Bengaluru City,Jalahalli Traffic PS,1.04432e+16,2018,1,2,Road Accidents,Curves,City/Town,Open area,Human Error,No,Simple Injury,Head on,Not at  Junction,Curve,Arterial,Bitumen(Tar),Dry,No influence on accident,Fine,Hesaragatta road,Suggi Daba,25 ft,13.11256,77.468139,0,0,0.0,0.0
Bengaluru City,Jalahalli Traffic PS,1.04432e+16,2018,1,2,Road Accidents,Road hump or Rumble strips,City/Town,Open area,Human Error,No,Simple Injury,Rear end,Uncontrolled,Straight and flat,Arterial,Bitumen(Tar),Dry,No influence on accident,Fine,Hesaragatta main road,Tree,18 ft,13.09331,77.489026,0,0,0.0,0.0
Bengaluru City,Jalahalli Traffic PS,1.04432e+16,2018,1,3,Road Accidents,T Junction,City/Town,Open area,Human Error,No,Fatal,Rear end,Uncontrolled,Straight and flat,Arterial,Bitumen(Tar),Dry,No influence on accident,Fine,Hesaragatta road,Balaji chicken centre,20 ft,13.125426,77.483631,0,0,0.0,0.0
Bengaluru City,Jalahalli Traffic PS,1.04432e+16,2018,1,2,Road Accidents,Curves,City/Town,Open area,Human Error,No,Simple Injury,Head on,Not at  Junction,Curve,Sub Arterial,Bitumen(Tar),Dry,No influence on accident,Fine,IIHR Road,Tree,2 ft,13.133354,77.489887,0,0,0.0,0.0
Bengaluru City,Jalahalli Traffic PS,1.04432e+16,2018,1,1,Road Accidents,Curves,City/Town,Open area,Human Error,No,Simple Injury,Skidding or Self accident,Not at  Junction,Curve,Sub Arterial,Bitumen(Tar),Dry,No influence on accident,Fine,Hesaragatta byatha road,Tree,30,13.153294,77.473056,0,0,0.0,0.0
Bengaluru City,Jalahalli Traffic PS,1.04432e+16,2018,1,2,Road Accidents,Junction,City/Town,Open area,Human Error,No,Simple Injury,Head on,Uncontrolled,Straight and flat,City or Town Road,Bitumen(Tar),Dry,No influence on accident,Fine,Hesaragatta road,Tree,30 ft,13.101285,77.480808,0,0,0.0,0.0
Bengaluru City,Jalahalli Traffic PS,1.04432e+16,2018,1,1,Road Accidents,Y Junction,City/Town,Open area,Human Error,No,Simple Injury,Hit fixed object,Uncontrolled,Straight and flat,Arterial,Bitumen(Tar),Dry,No influence on accident,Fine,Hesaragatta main road,Light pole,56 ft,13.131143,77.484345,0,0,0.0,0.0
Bengaluru City,Jalahalli Traffic PS,1.04432e+16,2018,1,2,Road Accidents,T Junction,City/Town,Open area,Human Error,No,Simple Injury,Head on,Uncontrolled,Straight and flat,Sub Arterial,Bitumen(Tar),Dry,No influence on accident,Fine,BFW Road,Light pole,52 ft,13.036913,77.535197,0,0,0.0,0.0
Bengaluru City,Jalahalli Traffic PS,1.04432e+16,2018,1,2,Road Accidents,Other,City/Town,Near School or College,Human Error,Yes,Fatal,Rear end,Not at  Junction,Straight and flat,Arterial,Bitumen(Tar),Dry,No influence on accident,Fine,Hesaragatta road,Little millanium School,80ft,13.068856,77.503582,0,0,0.0,0.0
Bengaluru City,Jalahalli Traffic PS,1.04432e+16,2018,1,2,Road Accidents,Junction,City/Town,Near a religious place,Human Error,No,Damage Only,Rear end,Uncontrolled,Straight and flat,Sub Arterial,Concrete,Dry,No influence on accident,Fine,Airfocrce East road,Sarveshvara temple,39 ft,13.060682,77.544957,0,0,0.0,0.0
Bengaluru City,Jalahalli Traffic PS,1.04432e+16,2018,1,3,Road Accidents,Curves,City/Town,Open area,Human Error,Yes,Damage Only,Hit and Run,Not at  Junction,Slight Curve,Sub Arterial,Bitumen(Tar),Dry,No influence on accident,Fine,Kalingarao road,AquilaApartment gate,40 ft,13.04469,77.537894,0,0,0.0,0.0
Bengaluru City,Jalahalli Traffic PS,1.04432e+16,2018,1,1,Road Accidents,Other,City/Town,Open area,Human Error,No,Simple Injury,Hit pedestrian,Not at  Junction,Straight and flat,Sub Arterial,Bitumen(Tar),Dry,No influence on accident,Fine,Kuvempu nagar road,Electric Light pole,46 ft,13.064608,77.542656,0,0,0.0,0.0
Bengaluru City,Jalahalli Traffic PS,1.04432e+16,2018,1,3,Road Accidents,Bridge,City/Town,Open area,Human Error,No,Fatal,Others,Not at  Junction,Straight and flat,Arterial,Bitumen(Tar),Dry,No influence on accident,Fine,New BEL Road,BEL Corporate Office,85 ft,13.042011,77.562124,0,0,0.0,0.0
Bengaluru City,Jalahalli Traffic PS,1.04432e+16,2018,1,1,Road Accidents,Other,City/Town,Open area,Human Error,No,Simple Injury,Hit pedestrian,Not at  Junction,Straight and flat,Arterial,Bitumen(Tar),Dry,No influence on accident,Fine,Hesaragatta main road,electric pole,32 ft,13.093266,77.489083,0,0,0.0,0.0
Bengaluru City,Jalahalli Traffic PS,1.04432e+16,2019,1,1,Road Accidents,Other,City/Town,Near Bus stop,Human Error,No,Simple Injury,Rear end,Uncontrolled,Straight and flat,Arterial,Bitumen(Tar),Dry,No influence on accident,Fine,H M T Roand,Electrical Polo,5ft,13.051336,77.552296,0,0,0.0,0.0
Bengaluru City,Jalahalli Traffic PS,1.04432e+16,2019,1,1,Road Accidents,Bottleneck,City/Town,Open area,Human Error,No,Simple Injury,Not Applicable,Not at  Junction,Straight and flat,Sub Arterial,Bitumen(Tar),Dry,No influence on accident,Fine,BFW ROAD,ELETRIC POLE,20 FT,13.041865,77.539267,0,0,0.0,0.0
Bengaluru City,Jalahalli Traffic PS,1.04432e+16,2019,1,2,Road Accidents,Bottleneck,City/Town,Near Bus stop,Human Error,No,Fatal,Vehicle to Vehicle,Not at  Junction,Straight and flat,Arterial,Bitumen(Tar),Dry,No influence on accident,Fine,Hesaraghatta Main road Subhash nagara bus stop,Tree,18ft,13.105672,77.475154,0,0,0.0,0.0
Bengaluru City,Jalahalli Traffic PS,1.04432e+16,2019,1,2,Road Accidents,Bottleneck,City/Town,Open area,Human Error,No,Simple Injury,Vehicle to Vehicle,Not at  Junction,Straight and flat,Arterial,Bitumen(Tar),Dry,No influence on accident,Fine,"Hesaraghatta main road, near Tirumalapura",New litel inter national School,20ft,0.0,0.0,0,0,0.0,0.0
Bengaluru City,Jalahalli Traffic PS,1.04432e+16,2019,1,1,Road Accidents,Bottleneck,City/Town,Open area,Human Error,Yes,Fatal,Hit pedestrian,Not at  Junction,Straight and flat,Sub Arterial,Bitumen(Tar),Dry,No influence on accident,Fine,Lakshmipura maruthinagara,Electric Pole,18ft,0.0,0.0,0,0,0.0,0.0
Bengaluru City,Jalahalli Traffic PS,1.04432e+16,2019,1,2,Road Accidents,Bottleneck,City/Town,Open area,Human Error,No,Damage Only,Vehicle to Vehicle,Signal lights Automatic,Straight and flat,Sub Arterial,Bitumen(Tar),Dry,No influence on accident,Fine,M E S ring road,signal Light pole,50ft,0.0,0.0,0,0,0.0,0.0
Bengaluru City,Jalahalli Traffic PS,1.04432e+16,2019,1,1,Road Accidents,Y Junction,City/Town,Open area,Human Error,No,Simple Injury,Hit pedestrian,Uncontrolled,Straight and flat,State Highway,Bitumen(Tar),Dry,No influence on accident,Fine,Hesaragatta main road,Sri Lalithambike text tiles,8 ft,13.130668,77.484412,0,0,0.0,0.0
Bengaluru City,Jalahalli Traffic PS,1.04432e+16,2019,1,1,Road Accidents,Curves,City/Town,Residential area,Human Error,No,Simple Injury,Hit pedestrian,Not at  Junction,Straight and flat,Sub Arterial,Bitumen(Tar),Dry,No influence on accident,Fine,Shilubepura Main Road,Electric polo,17ft,13.105004,77.483917,0,0,0.0,0.0
Bengaluru City,Jalahalli Traffic PS,1.04432e+16,2019,1,2,Road Accidents,Bottleneck,City/Town,Open area,Human Error,No,Simple Injury,Vehicle to Vehicle,Not at  Junction,Straight and flat,Arterial,Bitumen(Tar),Dry,No influence on accident,Fine,MES Ring Road,Electrical pole,45ft,13.044643,77.563009,0,0,0.0,0.0
Bengaluru City,Jalahalli Traffic PS,1.04432e+16,2019,1,1,Road Accidents,Bottleneck,City/Town,Open area,Human Error,Yes,Fatal,Hit pedestrian,Not at  Junction,Straight and flat,Arterial,Bitumen(Tar),Dry,No influence on accident,Fine,"Hesaraghatta, near udupi gurden",Electical pole,50ft,13.136621,77.48099,0,0,0.0,0.0
Bengaluru City,Jalahalli Traffic PS,1.04432e+16,2019,1,2,Road Accidents,Bottleneck,City/Town,Open area,Human Error,No,Simple Injury,Vehicle to Vehicle,Not at  Junction,Straight and flat,Arterial,Bitumen(Tar),Dry,No influence on accident,Fine,Near Chikkabanavara Railway Station,Camera pole,20,13.076772,77.50346,0,0,0.0,0.0
Bengaluru City,Jalahalli Traffic PS,1.04432e+16,2019,1,2,Road Accidents,Circle,City/Town,Open area,Human Error,No,Simple Injury,Vehicle to Vehicle,Signal lights Automatic,Straight and flat,Sub Arterial,Bitumen(Tar),Dry,No influence on accident,Fine,"HMT Main road, BEL Cicle",Eye mass light pole,20ft,0.0,0.0,0,0,0.0,0.0
Bengaluru City,Jalahalli Traffic PS,1.04432e+16,2019,1,2,Road Accidents,Bottleneck,City/Town,Open area,Human Error,Yes,Simple Injury,Vehicle to Vehicle,Not at  Junction,Straight and flat,Sub Arterial,Bitumen(Tar),Dry,No influence on accident,Fine,MES ring road,Elctric camera,20ft,0.0,0.0,0,0,0.0,0.0
Bengaluru City,Jalahalli Traffic PS,1.04432e+16,2019,1,2,Road Accidents,Bottleneck,City/Town,Near a religious place,Human Error,No,Grievous Injury,Vehicle to Vehicle,No signal lights,Curve,Two way,Surfaced,Dry,No influence on accident,Fine,"Hesaraghatta road, TB Cross",masidi,12 KM,0.0,0.0,0,0,,
Bengaluru City,Jalahalli Traffic PS,1.04432e+16,2019,1,2,Road Accidents,Bottleneck,City/Town,Near a factory industrial area,Human Error,No,Simple Injury,Vehicle to Vehicle,Not at  Junction,Straight and flat,Two way,Bitumen(Tar),Dry,No influence on accident,Fine,HMT main road,Electrical polo,20 ft,0.0,0.0,0,0,0.0,0.0
Bengaluru City,Jalahalli Traffic PS,1.04432e+16,2019,1,2,Road Accidents,Junction,City/Town,Open area,Human Error,Yes,Simple Injury,Vehicle to Vehicle,Signal lights Blinking,Straight and flat,Arterial,Bitumen(Tar),Dry,No influence on accident,Fine,Hesaraghatta main road,Electrical polo,37ft,13.092145,77.49128,0,0,0.0,0.0
Bengaluru City,Jalahalli Traffic PS,1.04432e+16,2019,1,2,Road Accidents,T Junction,City/Town,Open area,Human Error,No,Damage Only,Hit fixed object,Uncontrolled,Straight and flat,Sub Arterial,Bitumen(Tar),Dry,No influence on accident,Fine,Abbigere main road,Tree,80 ft,13.071733,77.525509,0,0,0.0,0.0
Bengaluru City,Jalahalli Traffic PS,1.04432e+16,2019,1,1,Road Accidents,Curves,City/Town,Open area,Human Error,No,Damage Only,Side swipe,Not at  Junction,Curve,City or Town Road,Bitumen(Tar),Dry,No influence on accident,Fine,HESARAGHATTA MAIN ROAD,ELECTRICAL POLO,40 FT,13.141774,77.459007,0,0,0.0,0.0
Bengaluru City,Jalahalli Traffic PS,1.04432e+16,2019,1,1,Road Accidents,Other,City/Town,Near Petrol Pump,Human Error,No,Fatal,Hit pedestrian,Not at  Junction,Straight and flat,Others,Bitumen(Tar),Dry,No influence on accident,Fine,Hesaragatta main road,Tree,80 ft,0.0,0.0,0,0,0.0,0.0
Bengaluru City,Jalahalli Traffic PS,1.04432e+16,2019,1,2,Road Accidents,T Junction,City/Town,Open area,Human Error,No,Simple Injury,Side swipe,Uncontrolled,Slight Curve,State Highway,Bitumen(Tar),Dry,No influence on accident,Fine,Hesaragatta main road,tree,48,13.140872,77.46218,0,0,0.0,0.0
Bengaluru City,Jalahalli Traffic PS,1.04432e+16,2019,1,3,Road Accidents,Bottleneck,City/Town,Open area,Human Error,No,Simple Injury,Vehicle to Vehicle,Not at  Junction,Straight and flat,Sub Arterial,Bitumen(Tar),Dry,No influence on accident,Fine,Lakshmipura road,Electric pole,15ft,0.0,0.0,0,0,0.0,0.0
Bengaluru City,Jalahalli Traffic PS,1.04432e+16,2019,1,1,Rail Road Accidents,Other,City/Town,Near School or College,Human Error,No,Fatal,Others,Uncontrolled,Straight and flat,City or Town Road,Bitumen(Tar),Dry,No influence on accident,Fine,Hesaraghatta main road,Electrical polo,58 ft,13.107971,77.481373,0,0,0.0,0.0