DISTRICTNAME,UNITNAME,Crime_No,Year,RI,Noofvehicle_involved,Accident_Classification,Accident_Spot,Accident_Location,Accident_SubLocation,Main_Cause,Hit_Run,Severity,Collision_Type,Junction_Control,Road_Character,Road_Type,Surface_Type,Surface_Condition,Road_Condition,Weather,Accident_Road,Landmark_first,Distance_LandMark_First,Latitude,Longitude,Road_Condition_Score,Surface_Condition_Score,Surface_Type_Score,Road_Risk_Index
Bengaluru City,Jalahalli Traffic PS,1.04432e+16,2019,1,2,Road Accidents,Curves,City/Town,Open area,Human Error,No,Simple Injury,Head on,Not at  Junction,Curve,State Highway,Bitumen(Tar),Dry,No influence on accident,Fine,Hesaragatta main road,Electric pole,50 ft,13.097703,77.484176,0,0,0.0,0.0
Bengaluru City,Jalahalli Traffic PS,1.04432e+16,2019,1,2,Road Accidents,T Junction,City/Town,Open area,Human Error,No,Simple Injury,Head on,Uncontrolled,Curve,City or Town Road,Bitumen(Tar),Dry,No influence on accident,Fine,HESARAGHATTA MAIN ROAD,Electrical  polo,14 ft,13.143049,77.483587,0,0,0.0,0.0
Bengaluru City,Jalahalli Traffic PS,1.04432e+16,2019,1,2,Road Accidents,Other,City/Town,Open area,Human Error,No,Simple Injury,Side swipe,Not at  Junction,Straight and flat,Sub Arterial,Bitumen(Tar),Dry,No influence on accident,Fine,Singapura road,MBK Enterprises,65,13.071974,77.530241,0,0,0.0,0.0
Bengaluru City,Jalahalli Traffic PS,1.04432e+16,2019,1,2,Road Accidents,Y Junction,City/Town,Open area,Human Error,No,Simple Injury,Rear end,Uncontrolled,Slight Curve,State Highway,Bitumen(Tar),Dry,No influence on accident,Fine,Hesaragatta main road,Nursery Farm,25 ft,13.141438,77.463008,0,0,0.0,0.0
Bengaluru City,Jalahalli Traffic PS,1.04432e+16,2019,1,2,Road Accidents,Other,City/Town,Open area,Human Error,Yes,Damage Only,Rear end,Not at  Junction,Straight and flat,Arterial,Bitumen(Tar),Dry,No influence on accident,Fine,S M ROAD,ELECTRICAL POLO,8FT,13.049693,77.524896,0,0,0.0,0.0
Bengaluru City,Jalahalli Traffic PS,1.04432e+16,2019,1,2,Road Accidents,Bottleneck,City/Town,Near Hospital,Human Error,No,Simple Injury,Vehicle to Vehicle,Uncontrolled,Straight and flat,Sub Arterial,Bitumen(Tar),Dry,No influence on accident,Fine,"BEL Road, opposite BEL HOspital",Tree,35ft,13.05108,77.557429,0,0,0.0,0.0
Bengaluru City,Jalahalli Traffic PS,1.04432e+16,2019,1,1,Road Accidents,Bottleneck,City/Town,Open area,Human Error,No,Simple Injury,Hit pedestrian,Not at  Junction,Straight and flat,Sub Arterial,Bitumen(Tar),Dry,No influence on accident,Fine,Dasappana Palya Near BMTC Bus stop,Electric pole,12ft,13.079361,77.505948,0,0,0.0,0.0
Bengaluru City,Jalahalli Traffic PS,1.04432e+16,2019,1,2,Road Accidents,Bottleneck,City/Town,Near office complex,Human Error,No,Simple Injury,Vehicle to Vehicle,No signal lights,Others,Two way,Surfaced,Dry,No influence on accident,Clear,Hesaraghatta Main road,Opposite Spark line water service,12,0.0,0.0,0,0,,
Bengaluru City,Jalahalli Traffic PS,1.04432e+16,2019,1,2,Road Accidents,Circle,City/Town,Open area,Human Error,No,Simple Injury,Side swipe,Uncontrolled,Straight and flat,City or Town Road,Bitumen(Tar),Dry,No influence on accident,Fine,Maruthi Nagar road,Electrical  polo,5 ft,13.088298,77.495316,0,0,0.0,0.0
Bengaluru City,Jalahalli Traffic PS,1.04432e+16,2019,1,2,Road Accidents,Junction,City/Town,Open area,Human Error,No,Simple Injury,Head on,Uncontrolled,Straight and flat,Sub Arterial,Bitumen(Tar),Dry,No influence on accident,Fine,Acharya college road,Annapurna Sweets,38 ft,13.076624,77.497882,0,0,0.0,0.0
Bengaluru City,Jalahalli Traffic PS,1.04432e+16,2019,1,2,Road Accidents,T Junction,City/Town,Open area,Human Error,No,Simple Injury,Side swipe,Uncontrolled,Straight and flat,Sub Arterial,Bitumen(Tar),Dry,No influence on accident,Fine,S M Road,Tree,30 ft,13.054637,77.532719,0,0,0.0,0.0
Bengaluru City,Jalahalli Traffic PS,1.04432e+16,2019,1,1,Road Accidents,Other,City/Town,Open area,Human Error,No,Fatal,Hit bicyclist,Not at  Junction,Straight and flat,State Highway,Bitumen(Tar),Dry,No influence on accident,Fine,Hesaragatta road,Jnanabharathi Vidyalaya,44 ft,13.140529,77.467504,0,0,0.0,0.0
Bengaluru City,Jalahalli Traffic PS,1.04432e+16,2019,1,2,Road Accidents,Curves,City/Town,Near School or College,Human Error,No,Simple Injury,Head on,Not at  Junction,Curve,Sub Arterial,Bitumen(Tar),Dry,No influence on accident,Fine,Abbigere main road,Ayyappa school,30 ft,13.074263,77.517541,0,0,0.0,0.0
Bengaluru City,Jalahalli Traffic PS,1.04432e+16,2019,1,1,Road Accidents,Bottleneck,City/Town,Open area,Not Applicable,Not Applicable,Fatal,Not Applicable,Not at  Junction,Straight and flat,Sub Arterial,Bitumen(Tar),Dry,No influence on accident,Fine,"BFW road, Brigred apartment, Jalahalli",Electric pole,50ft,0.0,0.0,0,0,0.0,0.0
Bengaluru City,Jalahalli Traffic PS,1.04432e+16,2019,1,2,Road Accidents,Bottleneck,City/Town,Open area,Human Error,No,Simple Injury,Vehicle to Vehicle,Not at  Junction,Straight and flat,Sub Arterial,Bitumen(Tar),Dry,No influence on accident,Fine,Vijayalakshmi Convention Hall,Electric pole,30ft,0.0,0.0,0,0,0.0,0.0
Bengaluru City,Jalahalli Traffic PS,1.04432e+16,2019,1,2,Road Accidents,Bottleneck,City/Town,Open area,Human Error,No,Simple Injury,Vehicle to Vehicle,Not at  Junction,Straight and flat,Sub Arterial,Bitumen(Tar),Dry,No influence on accident,Fine,Hesaraghatta Byata road,Electric Pole,35ft,0.0,0.0,0,0,0.0,0.0
Bengaluru City,Jalahalli Traffic PS,1.04432e+16,2019,1,2,Road Accidents,Other,City/Town,Near Bus stop,Human Error,No,Simple Injury,Side swipe,Not at  Junction,Straight and flat,City or Town Road,Bitumen(Tar),Dry,No influence on accident,Fine,Abbigere main road,BSNL JUNCTION BOX,24 FT,13.060781,77.531261,0,0,0.0,0.0
Bengaluru City,Jalahalli Traffic PS,1.04432e+16,2019,1,2,Road Accidents,Other,City/Town,Near School or College,Human Error,No,Simple Injury,Head on,Not at  Junction,Straight and flat,Sub Arterial,Bitumen(Tar),Dry,No influence on accident,Fine,Abbigere main road,Govt School,35 ft,13.06977,77.529763,0,0,0.0,0.0
Bengaluru City,Jalahalli Traffic PS,1.04432e+16,2019,1,1,Road Accidents,Curves,City/Town,Open area,Human Error,Not Applicable,Fatal,Hit animal,Not at  Junction,Curve,Arterial,Bitumen(Tar),Dry,No influence on accident,Fine,Chikkabyalad kere main road,Tree,5,0.0,0.0,0,0,0.0,0.0
Bengaluru City,Jalahalli Traffic PS,1.04432e+16,2019,1,2,Road Accidents,Bridge,City/Town,Near Petrol Pump,Human Error,No,Simple Injury,Side swipe,Signals (Working),Straight and flat,City or Town Road,Bitumen(Tar),Dry,No influence on accident,Fine,HMT road,Signal light,10,13.043599,77.556969,0,0,0.0,0.0
Bengaluru City,Jalahalli Traffic PS,1.04432e+16,2019,1,1,Road Accidents,Bottleneck,City/Town,Open area,Human Error,No,Simple Injury,Hit bicyclist,Signal lights Automatic,Straight and flat,Arterial,Bitumen(Tar),Dry,No influence on accident,Fine,Gangamma circle,Signal light pole,15ft,13.056756,77.546171,0,0,0.0,0.0
Bengaluru City,Jalahalli Traffic PS,1.04432e+16,2019,1,2,Rail Road Accidents,Junction,City/Town,Open area,Human Error,No,Simple Injury,Head on,Signal lights Blinking,Straight and flat,Arterial,Bitumen(Tar),Dry,No influence on accident,Fine,Hesaraghatta main road,Electrical pole,35,13.092033,77.491162,0,0,0.0,0.0
Bengaluru City,Jalahalli Traffic PS,1.04432e+16,2019,1,2,Road Accidents,T Junction,City/Town,Open area,Human Error,No,Simple Injury,Side swipe,Signal lights Blinking,Straight and flat,City or Town Road,Bitumen(Tar),Dry,No influence on accident,Fine,Hesaraghatta main road,polo,20ft,13.0919968,77.49141,0,0,0.0,0.0
Bengaluru City,Jalahalli Traffic PS,1.04432e+16,2019,1,1,Road Accidents,Cross roads,City/Town,Residential area,Human Error,No,Simple Injury,Hit pedestrian,Not Applicable,Straight and flat,Residential Street,Bitumen(Tar),Dry,No influence on accident,Fine,Muthyalanagara road,Laundry,20 ft,0.0,0.0,0,0,0.0,0.0
Bengaluru City,Jalahalli Traffic PS,1.04432e+16,2019,1,2,Road Accidents,Junction,City/Town,At pedestrian Crossing,Human Error,No,Simple Injury,Side impact or Right angle,Police / Manual,Straight and flat,Arterial,Bitumen(Tar),Dry,No influence on accident,Fine,HMT main road Jalahalli,Kanthi sweets,65 ft,13.048877,77.55011,0,0,0.0,0.0
Bengaluru City,Jalahalli Traffic PS,1.04432e+16,2019,1,1,Road Accidents,Other,City/Town,Open area,Human Error,No,Fatal,Skidding or Self accident,Not at  Junction,Straight and flat,City or Town Road,Bitumen(Tar),Dry,No influence on accident,Fine,Hesaraghatta main road,bridge,15,13.155617,77.473137,0,0,0.0,0.0
Bengaluru City,Jalahalli Traffic PS,1.04432e+16,2019,1,2,Road Accidents,Bottleneck,City/Town,Open area,Human Error,Yes,Simple Injury,Vehicle to Vehicle,Not at  Junction,Straight and flat,Sub Arterial,Bitumen(Tar),Dry,No influence on accident,Fine,Abbigere main road,Electric pole,15ft,13.077353,77.517256,0,0,0.0,0.0
Bengaluru City,Jalahalli Traffic PS,1.04432e+16,2019,1,2,Road Accidents,Bottleneck,City/Town,Near a recreation place/cinema,Human Error,No,Simple Injury,Vehicle to Vehicle,Not at  Junction,Straight and flat,Sub Arterial,Bitumen(Tar),Dry,No influence on accident,Fine,HMT Main road,electric pole,12,0.0,0.0,0,0,0.0,0.0
Bengaluru City,Jalahalli Traffic PS,1.04432e+16,2019,1,2,Road Accidents,Staggered junction,City/Town,Open area,Human Error,No,Simple Injury,Side impact or Right angle,Signal lights Automatic,Straight and flat,Sub Arterial,Bitumen(Tar),Dry,No influence on accident,Fine,HMT Road,SBI ATM,50 ft,13.056783,77.546789,0,0,0.0,0.0
Bengaluru City,Jalahalli Traffic PS,1.04432e+16,2019,1,1,Road Accidents,Bottleneck,City/Town,Open area,Human Error,No,Grievous Injury,Hit pedestrian,Not at  Junction,Straight and flat,Sub Arterial,Bitumen(Tar),Dry,No influence on accident,Fine,Guniagrahar road,electrical  pole,36 ft,13.0929,77.526505,0,0,0.0,0.0
Bengaluru City,Jalahalli Traffic PS,1.04432e+16,2019,1,2,Road Accidents,Other,City/Town,Open area,Human Error,No,Damage Only,Head on,Not at  Junction,Straight and flat,Sub Arterial,Bitumen(Tar),Dry,No influence on accident,Fine,S M road,Electrical polo,22,13.049829,77.525108,0,0,0.0,0.0
Bengaluru City,Jalahalli Traffic PS,1.04432e+16,2019,1,1,Road Accidents,Junction,City/Town,Near School or College,Human Error,No,Simple Injury,Head on,Signals (Working),Straight and flat,Others,Bitumen(Tar),Dry,No influence on accident,Fine,Chikkasandra road,Signal light,45,13.066638,77.504581,0,0,0.0,0.0
Bengaluru City,Jalahalli Traffic PS,1.04432e+16,2019,1,1,Road Accidents,Bottleneck,City/Town,Residential area,Human Error,No,Simple Injury,Hit pedestrian,Not at  Junction,Straight and flat,Arterial,Bitumen(Tar),Dry,No influence on accident,Fine,Kammagondanahalli road,Electrical polo,18ft,13.065556,77.527689,0,0,0.0,0.0
Bengaluru City,Jalahalli Traffic PS,1.04432e+16,2019,1,2,Road Accidents,Bottleneck,City/Town,Open area,Human Error,No,Fatal,Vehicle to Vehicle,Not at  Junction,Straight and flat,Arterial,Bitumen(Tar),Dry,No influence on accident,Fine,Hesaraghatta main road Near lital school,Electric pole,15ft,13.07028,77.503864,0,0,0.0,0.0
Bengaluru City,Jalahalli Traffic PS,1.04432e+16,2019,1,2,Road Accidents,Bottleneck,City/Town,Near a factory industrial area,Human Error,No,Simple Injury,Vehicle to Vehicle,Not at  Junction,Straight and flat,Sub Arterial,Bitumen(Tar),Dry,No influence on accident,Fine,"Near B Natural factory, Singapura road, Abbigere",Electric pole,15ft,13.078277,77.530673,0,0,0.0,0.0
Bengaluru City,Jalahalli Traffic PS,1.04432e+16,2019,1,2,Road Accidents,Bottleneck,City/Town,Open area,Human Error,No,Simple Injury,Vehicle to Vehicle,Not at  Junction,Straight and flat,Sub Arterial,Bitumen(Tar),Dry,No influence on accident,Fine,Kereguddadahalli Road,electric pole,15ft,0.0,0.0,0,0,0.0,0.0
Bengaluru City,Jalahalli Traffic PS,1.04432e+16,2019,1,2,Road Accidents,Bottleneck,City/Town,Near office complex,Human Error,No,Grievous Injury,Vehicle to Vehicle,Not at  Junction,Curve,Two way,Surfaced,Dry,Not Applicable,Fine,Hesaraghatta main road,ICICI ATM,8,0.0,0.0,0,0,,
Bengaluru City,Jalahalli Traffic PS,1.04432e+16,2019,1,2,Road Accidents,Circle,City/Town,Open area,Human Error,Yes,Simple Injury,Side swipe,Signal lights Blinking,Straight and flat,City or Town Road,Bitumen(Tar),Dry,No influence on accident,Fine,Hesaraghatta main road,Police Chouk,25ft,13.08061,77.502519,0,0,0.0,0.0
Bengaluru City,Jalahalli Traffic PS,1.04432e+16,2019,1,1,Road Accidents,Bottleneck,City/Town,Near Bus stop,Human Error,No,Simple Injury,Not Applicable,Not at  Junction,Straight and flat,Sub Arterial,Bitumen(Tar),Dry,No influence on accident,Fine,Kuvempunagar main road,Electric pole,40 ft,13.073118,77.07318,0,0,0.0,0.0
Bengaluru City,Jalahalli Traffic PS,1.04432e+16,2019,1,2,Road Accidents,Bottleneck,City/Town,Open area,Human Error,No,Simple Injury,Vehicle to Vehicle,Not at  Junction,Straight and flat,Arterial,Bitumen(Tar),Dry,No influence on accident,Fine,MES Ring road,Electrical polo,50ft,13.042119,77.562219,0,0,0.0,0.0
Bengaluru City,Jalahalli Traffic PS,1.04432e+16,2019,1,1,Road Accidents,T Junction,City/Town,Open area,Human Error,No,Simple Injury,Hit pedal cyclist,Uncontrolled,Straight and flat,Sub Arterial,Bitumen(Tar),Dry,No influence on accident,Fine,HMT school road,tree,65,13.04782,77.542501,0,0,0.0,0.0
Bengaluru City,Jalahalli Traffic PS,1.04432e+16,2019,1,2,Road Accidents,Other,City/Town,Open area,Human Error,No,Simple Injury,Head on,Not at  Junction,Slight Curve,Sub Arterial,Bitumen(Tar),Dry,No influence on accident,Fine,Lakshmipura main road,Shanimahathma temple,55 ft,13.091433,77.532012,0,0,0.0,0.0
Bengaluru City,Jalahalli Traffic PS,1.04432e+16,2019,1,2,Road Accidents,Narrow road,City/Town,Open area,Human Error,No,Simple Injury,Vehicle to Vehicle,Not Applicable,Straight and flat,Others,Bitumen(Tar),Dry,No influence on accident,Fine,Hesaraghatta main road,Tree,19 ft,13.088166,77.49486,0,0,0.0,0.0
Bengaluru City,Jalahalli Traffic PS,1.04432e+16,2019,1,2,Road Accidents,Circle,City/Town,Near Bus stop,Human Error,No,Simple Injury,Vehicle to Vehicle,Signal lights Automatic,Straight and flat,Arterial,Bitumen(Tar),Dry,No influence on accident,Fine,HMT Main road,signal light,65ft,13.045592,77.755456,0,0,0.0,0.0
Bengaluru City,Jalahalli Traffic PS,1.04432e+16,2019,1,1,Road Accidents,Bottleneck,City/Town,Open area,Human Error,Yes,Simple Injury,Hit pedestrian,Not at  Junction,Straight and flat,Sub Arterial,Bitumen(Tar),Dry,No influence on accident,Fine,Gowndiya Mata Soladevanahalli,Neelagiri Tree,30ft,13.16053,77.46116,0,0,0.0,0.0
Bengaluru City,Jalahalli Traffic PS,1.04432e+16,2019,1,2,Road Accidents,Bottleneck,City/Town,Open area,Human Error,No,Simple Injury,Vehicle to Vehicle,Not at  Junction,Straight and flat,Others,Bitumen(Tar),Dry,Not Applicable,Fine,Abbigere main road Near Rama temple,electric pole,10ft,0.0,0.0,0,0,0.0,0.0
Bengaluru City,Jalahalli Traffic PS,1.04432e+16,2019,1,2,Road Accidents,T Junction,City/Town,Open area,Human Error,No,Simple Injury,Head on,Uncontrolled,Straight and flat,City or Town Road,Bitumen(Tar),Dry,No influence on accident,Fine,HESARAGHATTA MAIN ROAD,ELECTRICAL POLO,24 FT,13.082012,77.500272,0,0,0.0,0.0
Bengaluru City,Jalahalli Traffic PS,1.04432e+16,2019,1,2,Road Accidents,Other,City/Town,Near Petrol Pump,Human Error,No,Fatal,Rear end,Not at  Junction,Straight and flat,Sub Arterial,Bitumen(Tar),Dry,No influence on accident,Fine,Abbigere main road,Quality Dhum Biriyani store,45 ft,13.066621,77.53053,0,0,0.0,0.0
Bengaluru City,Jalahalli Traffic PS,1.04432e+16,2019,1,2,Road Accidents,T Junction,City/Town,Open area,Human Error,No,Simple Injury,Side swipe,No signal lights,Slight Curve,State Highway,Bitumen(Tar),Dry,No influence on accident,Fine,Hesaragatta main road,Tree,35 ft,13.107856,77.481568,0,0,0.0,0.0
Bengaluru City,Jalahalli Traffic PS,1.04432e+16,2019,1,1,Road Accidents,Other,City/Town,Open area,Human Error,No,Simple Injury,Others,Not at  Junction,Straight and flat,Sub Arterial,Bitumen(Tar),Dry,No influence on accident,Fine,Jalahalli hmt road,Light pole,38 ft,13.051173,77.550723,0,0,0.0,0.0
Bengaluru City,Jalahalli Traffic PS,1.04432e+16,2019,1,2,Road Accidents,Other,City/Town,Open area,Human Error,No,Simple Injury,Side swipe,Not at  Junction,Straight and flat,Sub Arterial,Bitumen(Tar),Dry,No influence on accident,Fine,HMT Road,Water Tank,50 mtr,13.051458,77.538893,0,0,0.0,0.0
Bengaluru City,Jalahalli Traffic PS,1.04432e+16,2019,1,2,Road Accidents,Bottleneck,City/Town,Open area,Human Error,No,Simple Injury,Vehicle to Vehicle,Not at  Junction,Straight and flat,Sub Arterial,Bitumen(Tar),Dry,No influence on accident,Fine,Near New  U Turn Daba Byaladakere,electric pole,35ft,13.111968,77.525488,0,0,0.0,0.0
Bengaluru City,Jalahalli Traffic PS,1.04432e+16,2019,1,2,Road Accidents,Curves,City/Town,Open area,Human Error,No,Simple Injury,Head on,Not at  Junction,Curve,Arterial,Bitumen(Tar),Dry,No influence on accident,Fine,Hesaragatta main road,Tree,24 ft,13.15419,77.472907,0,0,0.0,0.0
Bengaluru City,Jalahalli Traffic PS,1.04432e+16,2019,1,1,Road Accidents,Staggered junction,City/Town,Open area,Human Error,No,Simple Injury,Head on,Uncontrolled,Straight and flat,Sub Arterial,Bitumen(Tar),Dry,No influence on accident,Fine,Jalahalli village road,Maruhti Enterprises,35 ft,13.045766,77.549148,0,0,0.0,0.0
Bengaluru City,Jalahalli Traffic PS,1.04432e+16,2019,1,1,Road Accidents,Bottleneck,City/Town,Open area,Human Error,No,Simple Injury,Not Applicable,Not at  Junction,Straight and flat,Arterial,Bitumen(Tar),Dry,No influence on accident,Fine,"Hesaraghatta Main road, Near soladevanahalli",Tree,25ft,13.092638,77.490504,0,0,0.0,0.0
Bengaluru City,Jalahalli Traffic PS,1.04432e+16,2019,1,2,Road Accidents,Bottleneck,City/Town,Near School or College,Human Error,No,Simple Injury,Vehicle to Vehicle,Not at  Junction,Straight and flat,Sub Arterial,Bitumen(Tar),Dry,No influence on accident,Fine,SM Road Cluny Convent opposit,Electric pole,15ft,13.054671,77.540891,0,0,0.0,0.0
Bengaluru City,Jalahalli Traffic PS,1.04432e+16,2019,1,2,Road Accidents,Bottleneck,City/Town,Open area,Human Error,No,Simple Injury,Vehicle to Vehicle,Not at  Junction,Straight and flat,Sub Arterial,Bitumen(Tar),Dry,No influence on accident,Fine,Kuvempu Under Pass MES ring road,Electric Pole,10ft,0.0,0.0,0,0,0.0,0.0
Bengaluru City,Jalahalli Traffic PS,1.04432e+16,2019,1,2,Road Accidents,Bottleneck,City/Town,Open area,Human Error,No,Fatal,Not Applicable,Not at  Junction,Straight and flat,Sub Arterial,Bitumen(Tar),Dry,No influence on accident,Fine,Ganapathinagara Near Sadik masidi,Electrical pole,50ft,0.0,0.0,0,0,0.0,0.0
Bengaluru City,Jalahalli Traffic PS,1.04432e+16,2019,1,2,Road Accidents,Bottleneck,City/Town,Open area,Human Error,Yes,Fatal,Vehicle to Vehicle,Not at  Junction,Straight and flat,Sub Arterial,Bitumen(Tar),Dry,No influence on accident,Fine,Near nursari Faram Hesaraghatta main road,Electric pole,15ft,13.140481,77.467774,0,0,0.0,0.0
Bengaluru City,Jalahalli Traffic PS,1.04432e+16,2019,1,1,Road Accidents,Bottleneck,City/Town,Open area,Human Error,Yes,Simple Injury,Hit pedestrian,Not at  Junction,Straight and flat,Sub Arterial,Bitumen(Tar),Dry,No influence on accident,Fine,Acharya college road chikkabanavara,Electric pole,55ft,13.081304,77.496215,0,0,0.0,0.0
Bengaluru City,Jalahalli Traffic PS,1.04432e+16,2019,1,2,Road Accidents,Bottleneck,City/Town,Open area,Human Error,No,Simple Injury,Vehicle to Vehicle,Not at  Junction,Straight and flat,Sub Arterial,Bitumen(Tar),Dry,No influence on accident,Fine,"Hesaraghatta road, near Guddadahalli",Tree,20ft,13.13977,77.457067,0,0,0.0,0.0
Bengaluru City,Jalahalli Traffic PS,1.04432e+16,2019,1,2,Road Accidents,Bottleneck,City/Town,Open area,Human Error,Yes,Simple Injury,Vehicle to Vehicle,Not at  Junction,Straight and flat,Sub Arterial,Bitumen(Tar),Dry,No influence on accident,Fine,Near Tirumalapura Bus Stand Hesaraghatta road,Electric pole,12ft,13.128203,77.484167,0,0,0.0,0.0
Bengaluru City,Jalahalli Traffic PS,1.04432e+16,2019,1,2,Road Accidents,Bottleneck,City/Town,Open area,Human Error,No,Simple Injury,Vehicle to Vehicle,Not at  Junction,Straight and flat,Sub Arterial,Bitumen(Tar),Dry,No influence on accident,Fine,"Near BEL Club, BEL road",Electrical pole,8ft,0.0,0.0,0,0,0.0,0.0
Bengaluru City,Jalahalli Traffic PS,1.04432e+16,2019,1,2,Road Accidents,T Junction,City/Town,Open area,Human Error,No,Simple Injury,Rear end,Uncontrolled,Straight and flat,Arterial,Bitumen(Tar),Dry,No influence on accident,Fine,HMT Main road,Car Service centre,35 ft,13.043025,77.557087,0,0,0.0,0.0
Bengaluru City,Jalahalli Traffic PS,1.04432e+16,2019,1,2,Road Accidents,Bottleneck,City/Town,Open area,Human Error,Yes,Fatal,Vehicle to Vehicle,Not at  Junction,Straight and flat,Arterial,Bitumen(Tar),Dry,No influence on accident,Fine,Hesaraghatta main road,Electrical polo,30,13.090211,77.492667,0,0,0.0,0.0
Bengaluru City,Jalahalli Traffic PS,1.04432e+16,2019,1,2,Road Accidents,Bottleneck,City/Town,Open area,Human Error,No,Simple Injury,Vehicle to Vehicle,Not at  Junction,Straight and flat,Sub Arterial,Bitumen(Tar),Dry,No influence on accident,Fine,HMT Main Road Kadamba hotel,No parking Bord pole,15ft,13.04903,77.547536,0,0,0.0,0.0
Bengaluru City,Jalahalli Traffic PS,1.04432e+16,2019,1,2,Road Accidents,Bottleneck,City/Town,Residential area,Human Error,No,Simple Injury,Vehicle to Vehicle,Not at  Junction,Straight and flat,Sub Arterial,Bitumen(Tar),Dry,No influence on accident,Fine,"Hesaraghatta main road, Near janapriya Apartment",Electric pole,45,0.0,0.0,0,0,0.0,0.0
Bengaluru City,Jalahalli Traffic PS,1.04432e+16,2019,1,2,Road Accidents,Bottleneck,City/Town,Open area,Human Error,Yes,Fatal,Vehicle to Vehicle,Not at  Junction,Straight and flat,Sub Arterial,Bitumen(Tar),Dry,No influence on accident,Fine,"Kadamba Hotel opposit, HMT Main road",Electric pole,12,0.0,0.0,0,0,0.0,0.0
Bengaluru City,Jalahalli Traffic PS,1.04432e+16,2019,1,1,Road Accidents,Bottleneck,City/Town,Near a religious place,Human Error,No,Simple Injury,Hit pedestrian,Not at  Junction,Straight and flat,Sub Arterial,Bitumen(Tar),Dry,No influence on accident,Fine,Sundara nagara HMT Road,electric pole,18ft,0.0,0.0,0,0,0.0,0.0
Bengaluru City,Jalahalli Traffic PS,1.04432e+16,2019,1,2,Road Accidents,Bottleneck,City/Town,Open area,Human Error,No,Grievous Injury,Vehicle to Vehicle,No signal lights,Curve,Two way,Surfaced,Dry,Not Applicable,Fine,"Hesaraghatta road,",near Udupi garden hotel,15,0.0,0.0,0,0,,
Bengaluru City,Jalahalli Traffic PS,1.04432e+16,2019,1,2,Road Accidents,Other,City/Town,Open area,Human Error,No,Simple Injury,Head on,Not at  Junction,Straight and flat,Sub Arterial,Bitumen(Tar),Dry,No influence on accident,Fine,SM road,Electric pole,30 ft,13.054674,77.536465,0,0,0.0,0.0
Bengaluru City,Jalahalli Traffic PS,1.04432e+16,2019,1,1,Road Accidents,Other,City/Town,Open area,Human Error,No,Simple Injury,Skidding or Self accident,Not at  Junction,Straight and flat,Sub Arterial,Bitumen(Tar),Dry,No influence on accident,Fine,Kuvenmpunagar main road,Light pole,25 ft,13.060964,77.544064,0,0,0.0,0.0
Bengaluru City,Jalahalli Traffic PS,1.04432e+16,2019,1,1,Road Accidents,Bottleneck,City/Town,Open area,Human Error,Yes,Fatal,Hit pedestrian,Not at  Junction,Straight and flat,State Highway,Bitumen(Tar),Dry,No influence on accident,Fine,Hesaragatta main road,Govt First grade college,40,13.138891,77.470835,0,0,0.0,0.0
Bengaluru City,Jalahalli Traffic PS,1.04432e+16,2019,1,1,Road Accidents,Bottleneck,City/Town,Near Bus stop,Human Error,No,Simple Injury,Hit pedestrian,Not at  Junction,Straight and flat,Arterial,Bitumen(Tar),Dry,No influence on accident,Fine,HMT Main Road,Tree,45ft,13.048905,77.550702,0,0,0.0,0.0
Bengaluru City,Jalahalli Traffic PS,1.04432e+16,2019,1,2,Road Accidents,Bottleneck,City/Town,Residential area,Human Error,No,Simple Injury,Vehicle to Vehicle,Not at  Junction,Straight and flat,Sub Arterial,Bitumen(Tar),Dry,No influence on accident,Fine,"HMT Road, KKR ruby Aportment opposit",Electric pole,10ft,13.051173,77.550723,0,0,0.0,0.0
Bengaluru City,Jalahalli Traffic PS,1.04432e+16,2019,1,1,Road Accidents,Bottleneck,City/Town,Near a recreation place/cinema,Human Error,No,Simple Injury,Hit pedestrian,Not at  Junction,Straight and flat,Arterial,Bitumen(Tar),Dry,No influence on accident,Fine,"M E S ring road, opposit Shashtriya Shastri cataring",Shastri catarin,30,13.042056,77.547989,0,0,0.0,0.0