DISTRICTNAME,UNITNAME,Crime_No,Year,RI,Noofvehicle_involved,Accident_Classification,Accident_Spot,Accident_Location,Accident_SubLocation,Main_Cause,Hit_Run,Severity,Collision_Type,Junction_Control,Road_Character,Road_Type,Surface_Type,Surface_Condition,Road_Condition,Weather,Accident_Road,Landmark_first,Distance_LandMark_First,Latitude,Longitude,Road_Condition_Score,Surface_Condition_Score,Surface_Type_Score,Road_Risk_Index
Bengaluru City,Jalahalli Traffic PS,1.04432e+16,2020,1,1,Road Accidents,Bottleneck,City/Town,Open area,Human Error,No,Simple Injury,Hit pedestrian,Not at  Junction,Straight and flat,Sub Arterial,Bitumen(Tar),Dry,No influence on accident,Fine,"Opp Gokul bus stop, HMT Main road",Electric pole,15ft,0.0,0.0,0,0,0.0,0.0
Bengaluru City,Jalahalli Traffic PS,1.04432e+16,2020,1,2,Road Accidents,Bottleneck,City/Town,Open area,Human Error,No,Simple Injury,Vehicle to Vehicle,Not at  Junction,Straight and flat,Sub Arterial,Bitumen(Tar),Dry,No influence on accident,Fine,"opp hit con factory, Near raghavendra dhama, Silvepura main road",Electric pole,15ft,13.114322,77.516452,0,0,0.0,0.0
Bengaluru City,Jalahalli Traffic PS,1.04432e+16,2020,1,2,Road Accidents,Bottleneck,City/Town,Near a religious place,Human Error,No,Simple Injury,Vehicle to Vehicle,Not at  Junction,Straight and flat,Sub Arterial,Bitumen(Tar),Dry,No influence on accident,Fine,HMT Main road,Electric pole,12ft,0.0,0.0,0,0,0.0,0.0
Bengaluru City,Jalahalli Traffic PS,1.04432e+16,2020,1,1,Road Accidents,Bottleneck,City/Town,Open area,Human Error,No,Fatal,Not Applicable,Not at  Junction,Straight and flat,Sub Arterial,Bitumen(Tar),Dry,No influence on accident,Fine,Near Jalahalli Airforce Station S M road,AFTC Bord,30ft,0.0,0.0,0,0,0.0,0.0
Bengaluru City,Jalahalli Traffic PS,1.04432e+16,2020,1,2,Road Accidents,Bottleneck,City/Town,Open area,Human Error,No,Simple Injury,Vehicle to Vehicle,Not at  Junction,Straight and flat,Sub Arterial,Bitumen(Tar),Dry,No influence on accident,Fine,opp  k m f kakola road hesaraghatta,Electric pole,75ft,0.0,0.0,0,0,0.0,0.0
Bengaluru City,Jalahalli Traffic PS,1.04432e+16,2020,1,2,Road Accidents,Bottleneck,City/Town,Open area,Human Error,No,Simple Injury,Vehicle to Vehicle,Not at  Junction,Straight and flat,Sub Arterial,Bitumen(Tar),Dry,No influence on accident,Fine,TB cross mori bridge hesaraghatta main road,electric pole,11ft,0.0,0.0,0,0,0.0,0.0
Bengaluru City,Jalahalli Traffic PS,1.04432e+16,2020,1,1,Road Accidents,Curves,City/Town,Open area,Human Error,No,Fatal,Not Applicable,Not at  Junction,Straight and flat,Sub Arterial,Bitumen(Tar),Dry,No influence on accident,Fine,Near Ivarakandapura KMF Road,Chicken Trining Center Bord,100ft,0.0,0.0,0,0,0.0,0.0
Bengaluru City,Jalahalli Traffic PS,1.04432e+16,2021,1,3,Road Accidents,Bottleneck,City/Town,Open area,Human Error,Yes,Grievous Injury,Vehicle to Vehicle,Not at  Junction,Straight and flat,Sub Arterial,Bitumen(Tar),Dry,No influence on accident,Fine,Abbigere  Near Aditya Medical Shop,Electric pole,30ft,0.0,0.0,0,0,0.0,0.0
Bengaluru City,Jalahalli Traffic PS,1.04432e+16,2021,1,2,Road Accidents,Bottleneck,City/Town,Residential area,Human Error,Yes,Grievous Injury,Vehicle to Vehicle,Not at  Junction,Straight and flat,Sub Arterial,Bitumen(Tar),Dry,No influence on accident,Fine,"Maruthi medicle Shope 11th main road, Sri rama layout, K G Halli",Electric pole,20ft,13.06431,77.53029167,0,0,0.0,0.0
Bengaluru City,Jalahalli Traffic PS,1.04432e+16,2021,1,2,Road Accidents,Bottleneck,City/Town,Open area,Human Error,No,Simple Injury,Vehicle to Vehicle,Not at  Junction,Straight and flat,Sub Arterial,Bitumen(Tar),Dry,No influence on accident,Fine,"Opposite KEB Office, Soladevanahalli Hesaraghatta main road",Electric pole,25ft,0.0,0.0,0,0,0.0,0.0
Bengaluru City,Jalahalli Traffic PS,1.04432e+16,2021,1,2,Road Accidents,Bottleneck,City/Town,Open area,Human Error,No,Damage Only,Vehicle to Vehicle,Not at  Junction,Straight and flat,Sub Arterial,Bitumen(Tar),Dry,No influence on accident,Fine,"Near tammenahalli Cross, Sasveghatta Road, Soladevanahalli bengaluru",Electric pole,25ft,13.07837,77.48923,0,0,0.0,0.0
Bengaluru City,Jalahalli Traffic PS,1.04432e+16,2021,1,1,Road Accidents,Bottleneck,City/Town,Open area,Human Error,No,Grievous Injury,Vehicle to Vehicle,Not at  Junction,Straight and flat,Sub Arterial,Bitumen(Tar),Dry,No influence on accident,Fine,"Near Rajalakshmi Hospital, lakshmipura main Road",Electric pole,8ft,0.0,0.0,0,0,0.0,0.0
Bengaluru City,Jalahalli Traffic PS,1.04432e+16,2021,1,1,Road Accidents,Bottleneck,City/Town,Open area,Human Error,No,Grievous Injury,Not Applicable,Not at  Junction,Straight and flat,Sub Arterial,Bitumen(Tar),Dry,No influence on accident,Fine,"Near Govth School, K G Halli Bengaluru-560015",Electric pole,35ft,13.0609434,77.531295,0,0,0.0,0.0
Bengaluru City,Jalahalli Traffic PS,1.04432e+16,2021,1,1,Road Accidents,Bottleneck,City/Town,Open area,Human Error,No,Grievous Injury,Hit pedestrian,Not at  Junction,Straight and flat,Sub Arterial,Bitumen(Tar),Dry,No influence on accident,Fine,"Near Kuvempu Under Pass, MES Ring Road",Electric pole,30ft,0.0,0.0,0,0,0.0,0.0
Bengaluru City,Jalahalli Traffic PS,1.04432e+16,2021,1,2,Road Accidents,Bottleneck,City/Town,Open area,Human Error,No,Grievous Injury,Vehicle to Vehicle,Not at  Junction,Straight and flat,Sub Arterial,Bitumen(Tar),Dry,No influence on accident,Fine,MES Ring road Mutyalanagara junction,Electric pole,10ft,0.0,0.0,0,0,0.0,0.0
Bengaluru City,Jalahalli Traffic PS,1.04432e+16,2021,1,3,Road Accidents,Bottleneck,City/Town,Open area,Human Error,Yes,Damage Only,Vehicle to Vehicle,Not at  Junction,Straight and flat,Sub Arterial,Bitumen(Tar),Dry,Not Applicable,Fine,"Near Gangamma Circle, Air force road",Electric pole,25ft,0.0,0.0,0,0,0.0,0.0
Bengaluru City,Jalahalli Traffic PS,1.04432e+16,2021,1,1,Road Accidents,Bottleneck,City/Town,Open area,Human Error,No,Grievous Injury,Hit pedestrian,Not at  Junction,Straight and flat,State Highway,Bitumen(Tar),Dry,No influence on accident,Fine,"Near SBI Bank, HMT Watch Factory Road",Electric pole 1,45ft,13.0463692,77.5417256,0,0,0.0,0.0
Bengaluru City,Jalahalli Traffic PS,1.04432e+16,2021,1,2,Road Accidents,Bottleneck,City/Town,Open area,Human Error,No,Fatal,Vehicle to Vehicle,Not at  Junction,Straight and flat,Sub Arterial,Bitumen(Tar),Dry,No influence on accident,Fine,"Near Gokul Railway Bridge, HMT Main road Gokula",Electric pole,12ft,13.038698,77.557366,0,0,0.0,0.0
Bengaluru City,Jalahalli Traffic PS,1.04432e+16,2021,1,3,Road Accidents,Bottleneck,City/Town,Open area,Human Error,Yes,Simple Injury,Vehicle to Vehicle,Not at  Junction,Straight and flat,Sub Arterial,Bitumen(Tar),Dry,No influence on accident,Fine,"Near Kallu guddadahalli cross, Hesaraghatta main road",Electric pole,13,13.06093,77.50756,0,0,0.0,0.0
Bengaluru City,Jalahalli Traffic PS,1.04432e+16,2021,1,2,Road Accidents,Junction,City/Town,Open area,Human Error,No,Simple Injury,Vehicle to Vehicle,Signal lights Blinking,Straight and flat,Sub Arterial,Bitumen(Tar),Dry,No influence on accident,Fine,Nagalyand Circle,High Mas Light,6ft,13.05603018,77.55737591,0,0,0.0,0.0
Bengaluru City,Jalahalli Traffic PS,1.04432e+16,2021,1,2,Road Accidents,Bottleneck,City/Town,Open area,Human Error,No,Simple Injury,Vehicle to Vehicle,Not at  Junction,Straight and flat,Sub Arterial,Bitumen(Tar),Dry,No influence on accident,Fine,"Near Chikkabanavara Railway Station, Hesaraghatta Road",Electric pole,15ft,13.0780433,77.5023966,0,0,0.0,0.0
Bengaluru City,Jalahalli Traffic PS,1.04432e+16,2021,1,2,Road Accidents,Bottleneck,City/Town,Open area,Human Error,Yes,Fatal,Vehicle to Vehicle,Not at  Junction,Straight and flat,Sub Arterial,Bitumen(Tar),Dry,No influence on accident,Fine,"oppo Abhi Medical And general Stores, Acharya College Road ganapathi Nagara",Electric pole,28ft,0.0,0.0,0,0,0.0,0.0
Bengaluru City,Jalahalli Traffic PS,1.04432e+16,2021,1,2,Road Accidents,Bottleneck,City/Town,Open area,Human Error,No,Grievous Injury,Vehicle to Vehicle,Not at  Junction,Straight and flat,Sub Arterial,Bitumen(Tar),Dry,No influence on accident,Fine,"Near Nagaland Circle, Vidyaranyapura Main road",Electric pole,20FT,0.0,0.0,0,0,0.0,0.0
Bengaluru City,Jalahalli Traffic PS,1.04432e+16,2021,1,1,Road Accidents,Bottleneck,City/Town,Open area,Human Error,No,Grievous Injury,Hit pedestrian,Not at  Junction,Straight and flat,Sub Arterial,Bitumen(Tar),Dry,No influence on accident,Fine,"oppo Bairaveshwara condiments, Acharya college road, Ganapathinagara chikkabanavara",Electric pole,25ft,0.0,0.0,0,0,0.0,0.0
Bengaluru City,Jalahalli Traffic PS,1.04432e+16,2021,1,2,Road Accidents,Bottleneck,City/Town,Open area,Human Error,Yes,Grievous Injury,Vehicle to Vehicle,Not at  Junction,Straight and flat,Sub Arterial,Bitumen(Tar),Dry,No influence on accident,Fine,"near ayyappa temple,  SM Road jalahalli",e,1,0.0,0.0,0,0,0.0,0.0
Bengaluru City,Jalahalli Traffic PS,1.04432e+16,2021,1,2,Road Accidents,Bottleneck,City/Town,Near office complex,Human Error,No,Fatal,Vehicle to Vehicle,Not at  Junction,Straight and flat,Sub Arterial,Bitumen(Tar),Dry,No influence on accident,Fine,"Near Nagamariyamma Temple, Kammagondanahalli Main road",Electric pole,30ft,13.06163215,77.53117047,0,0,0.0,0.0
Bengaluru City,Jalahalli Traffic PS,1.04432e+16,2021,1,1,Road Accidents,Bottleneck,City/Town,Open area,Human Error,No,Fatal,Not Applicable,Not at  Junction,Straight and flat,Sub Arterial,Bitumen(Tar),Dry,No influence on accident,Fine,"Near Water Tank Road, Forest Road Abbigere",Footpath,3ft,0.0,0.0,0,0,0.0,0.0
Bengaluru City,Jalahalli Traffic PS,1.04432e+16,2021,1,4,Road Accidents,Bottleneck,City/Town,Near a factory industrial area,Human Error,Yes,Simple Injury,Vehicle to Vehicle,Not at  Junction,Straight and flat,Sub Arterial,Bitumen(Tar),Dry,No influence on accident,Fine,"BEL Factory Road, Near BEL Marcket Jalahalli",Electric Pole,30ft,13.052332,77.552175,0,0,0.0,0.0
Bengaluru City,Jalahalli Traffic PS,1.04432e+16,2021,1,2,Road Accidents,Bottleneck,City/Town,Open area,Human Error,No,Grievous Injury,Vehicle to Vehicle,Not at  Junction,Straight and flat,Sub Arterial,Concrete,Dry,No influence on accident,Fine,Madhigiri Villege Road,Electrical Pole,10 ft,13.1278454,77.50280719,0,0,0.0,0.0
Bengaluru City,Jalahalli Traffic PS,1.04432e+16,2021,1,1,Road Accidents,Bottleneck,City/Town,Open area,Human Error,No,Grievous Injury,Hit pedestrian,Not at  Junction,Straight and flat,Sub Arterial,Bitumen(Tar),Dry,No influence on accident,Fine,MES Ring road Mutyalanagara junction,Electric pole,15ft,0.0,0.0,0,0,0.0,0.0
Bengaluru City,Jalahalli Traffic PS,1.04432e+16,2021,1,3,Road Accidents,Bottleneck,City/Town,Open area,Human Error,No,Fatal,Vehicle to Vehicle,Not at  Junction,Straight and flat,Sub Arterial,Bitumen(Tar),Dry,No influence on accident,Fine,NEAR IIHR ROAD IVARAKNDAPURA,Electrical Pole,23ft,0.0,0.0,0,0,0.0,0.0
Bengaluru City,Jalahalli Traffic PS,1.04432e+16,2021,1,1,Road Accidents,Bottleneck,City/Town,Open area,Human Error,No,Grievous Injury,Not Applicable,Not at  Junction,Straight and flat,Sub Arterial,Bitumen(Tar),Dry,No influence on accident,Fine,"Gokul Flyover , Mattikere Railway bridge  jalahalli",Electric pole,10 ft,13.039838,77.557255,0,0,0.0,0.0
Bengaluru City,Jalahalli Traffic PS,1.04432e+16,2021,1,1,Road Accidents,Bottleneck,City/Town,Open area,Human Error,No,Fatal,Vehicle to Vehicle,Not at  Junction,Straight and flat,Sub Arterial,Bitumen(Tar),Dry,No influence on accident,Fine,"Hesaraghatta Main road, hurulichikkanahalli Cross, Near Vinayaka Kandiments",Tree,20ft,13.110275,77.4829075,0,0,0.0,0.0
Bengaluru City,Jalahalli Traffic PS,1.04432e+16,2021,1,1,Road Accidents,Bottleneck,City/Town,Open area,Human Error,No,Simple Injury,Hit pedestrian,Not at  Junction,Straight and flat,Sub Arterial,Bitumen(Tar),Dry,No influence on accident,Fine,"Near Air force Quatrus, Shetty halli Main road",Electric pole,10ft,13.0543594,77.5234252,0,0,0.0,0.0
Bengaluru City,Jalahalli Traffic PS,1.04432e+16,2021,1,1,Road Accidents,Bottleneck,City/Town,Open area,Human Error,No,Simple Injury,Not Applicable,Not at  Junction,Straight and flat,Sub Arterial,Bitumen(Tar),Dry,No influence on accident,Fine,"HMT Main road, HMT Club",Electric pole,10ft,13.05476,77.5489549,0,0,0.0,0.0
Bengaluru City,Jalahalli Traffic PS,1.04432e+16,2021,1,2,Road Accidents,Bottleneck,City/Town,Open area,Human Error,No,Grievous Injury,Vehicle to Vehicle,Not at  Junction,Straight and flat,Sub Arterial,Bitumen(Tar),Dry,No influence on accident,Fine,Chikkabanavara Curevs,tree,5ft,0.0,0.0,0,0,0.0,0.0
Bengaluru City,Jalahalli Traffic PS,1.04432e+16,2021,1,3,Road Accidents,Bottleneck,City/Town,Open area,Human Error,No,Grievous Injury,Vehicle to Vehicle,Not at  Junction,Straight and flat,Sub Arterial,Bitumen(Tar),Dry,No influence on accident,Fine,K Mart Super marcket oppo Acharya College road,Electric pole,17ft,13.082303,77.495869,0,0,0.0,0.0
Bengaluru City,Jalahalli Traffic PS,1.04432e+16,2021,1,1,Road Accidents,Bottleneck,City/Town,Open area,Human Error,Yes,Simple Injury,Hit pedestrian,Not at  Junction,Straight and flat,Sub Arterial,Bitumen(Tar),Dry,No influence on accident,Fine,"Near HMT Quatrus, HMT Main road Jalahalli",Electric pole,20ft,13.0506543,77.5404429,0,0,0.0,0.0
Bengaluru City,Jalahalli Traffic PS,1.04432e+16,2021,1,1,Road Accidents,Bottleneck,City/Town,Near a factory industrial area,Human Error,No,Simple Injury,Not Applicable,Not at  Junction,Straight and flat,Sub Arterial,Bitumen(Tar),Dry,No influence on accident,Fine,"Near Brics Factory, Kalatammanahalli main road Byalakere",Electric pole,15ft,13.11334,77.514965,0,0,0.0,0.0
Bengaluru City,Jalahalli Traffic PS,1.04432e+16,2021,1,1,Road Accidents,Bottleneck,City/Town,Open area,Human Error,No,Grievous Injury,Not Applicable,Not at  Junction,Straight and flat,Sub Arterial,Bitumen(Tar),Dry,No influence on accident,Fine,Opposite MSEP quartres SoladevenahalliChikkabanavara,Electric pole,15ft,13.087946,77.487716,0,0,0.0,0.0
Bengaluru City,Jalahalli Traffic PS,1.04432e+16,2021,1,1,Road Accidents,Bottleneck,City/Town,Open area,Human Error,No,Grievous Injury,Not Applicable,Not at  Junction,Straight and flat,Sub Arterial,Bitumen(Tar),Dry,No influence on accident,Fine,"KKR AMR Ruby Appartment, Ramachandrapura main road",Electric pole,1ft,0.0,0.0,0,0,0.0,0.0
Bengaluru City,Jalahalli Traffic PS,1.04432e+16,2021,1,2,Road Accidents,Bottleneck,City/Town,Open area,Human Error,No,Grievous Injury,Vehicle to Vehicle,Not at  Junction,Straight and flat,Sub Arterial,Bitumen(Tar),Dry,No influence on accident,Fine,"Nagaland Circle, Vidyaranyapura Main Road",Electric pole,8ft,13.055989,77.557197,0,0,0.0,0.0
Bengaluru City,Jalahalli Traffic PS,1.04432e+16,2021,1,2,Road Accidents,Bottleneck,City/Town,Open area,Human Error,No,Grievous Injury,Vehicle to Vehicle,Not at  Junction,Straight and flat,Sub Arterial,Bitumen(Tar),Dry,No influence on accident,Fine,"Shetty halli main road, Near Air force Quatruas",Electric Pole,15ft,13.0526187,77.5242017,0,0,0.0,0.0
Bengaluru City,Jalahalli Traffic PS,1.04432e+16,2021,1,2,Road Accidents,Bottleneck,City/Town,Open area,Human Error,No,Fatal,Vehicle to Vehicle,Not at  Junction,Straight and flat,Sub Arterial,Bitumen(Tar),Dry,No influence on accident,Fine,"Near T B Cross, Opp Swarnagiri samavesha bhavana, Hesaraghatta main road",Electric pole,25ft,13.1323275,77.4843579,0,0,0.0,0.0
Bengaluru City,Jalahalli Traffic PS,1.04432e+16,2021,1,1,Road Accidents,Bottleneck,City/Town,Open area,Human Error,No,Grievous Injury,Not Applicable,Not at  Junction,Straight and flat,Sub Arterial,Bitumen(Tar),Dry,No influence on accident,Fine,"Near Ganga Poultry farm, Somashettihalli",Electric pole,12ft,0.0,0.0,0,0,0.0,0.0
Bengaluru City,Jalahalli Traffic PS,1.04432e+16,2021,1,2,Road Accidents,Bottleneck,City/Town,Open area,Human Error,No,Simple Injury,Vehicle to Vehicle,Not at  Junction,Straight and flat,Sub Arterial,Bitumen(Tar),Dry,No influence on accident,Fine,Shettihalli Cross,Electric Pole,25ft,13.0500956,77.52535076,0,0,0.0,0.0
Bengaluru City,Jalahalli Traffic PS,1.04432e+16,2021,1,1,Road Accidents,Bottleneck,City/Town,Open area,Human Error,No,Simple Injury,Hit pedestrian,Not at  Junction,Straight and flat,Sub Arterial,Bitumen(Tar),Dry,No influence on accident,Fine,Near Kannada Laibrery,Electirc pole,18ft,13.047041,77.547801,0,0,0.0,0.0
Bengaluru City,Jalahalli Traffic PS,1.04432e+16,2021,1,1,Road Accidents,Bottleneck,City/Town,Open area,Human Error,No,Simple Injury,Hit pedestrian,Not at  Junction,Straight and flat,Sub Arterial,Bitumen(Tar),Dry,No influence on accident,Fine,Kahta nagara Kammagondanahalli,Electric trnsformor,8,13.054141,77.5334587,0,0,0.0,0.0
Bengaluru City,Jalahalli Traffic PS,1.04432e+16,2021,1,3,Road Accidents,Bottleneck,City/Town,Open area,Human Error,No,Grievous Injury,Vehicle to Vehicle,Not at  Junction,Straight and flat,Sub Arterial,Bitumen(Tar),Dry,No influence on accident,Fine,Kammagondanahalli railway Bridge dowen ramp Kammagonadanahalli Arch,Electric pole,48ft,13.054905,77.534332,0,0,0.0,0.0
Bengaluru City,Jalahalli Traffic PS,1.04432e+16,2021,1,2,Road Accidents,Bottleneck,City/Town,Open area,Human Error,No,Fatal,Vehicle to Vehicle,Not at  Junction,Straight and flat,Sub Arterial,Bitumen(Tar),Dry,No influence on accident,Fine,Near Mohith Jewellary Shop MES RING Road Jalahalli,Electric pole,25ft,0.0,0.0,0,0,0.0,0.0
Bengaluru City,Jalahalli Traffic PS,1.04432e+16,2021,1,1,Road Accidents,Bottleneck,City/Town,Open area,Human Error,No,Grievous Injury,Not Applicable,Not at  Junction,Straight and flat,Sub Arterial,Bitumen(Tar),Dry,No influence on accident,Fine,Paipelaine road Kempapura Chikkabanvara,Electric pole,20ft,0.0,0.0,0,0,0.0,0.0
Bengaluru City,Jalahalli Traffic PS,1.04432e+16,2021,1,2,Road Accidents,Bottleneck,City/Town,Open area,Human Error,No,Simple Injury,Vehicle to Vehicle,Not at  Junction,Straight and flat,Sub Arterial,Bitumen(Tar),Dry,No influence on accident,Fine,"Near HMT Railway Bridg, HMT Watch Factory Road, Jalahalli Villege",Electric pole,40ft,13.0449974,77.5380359,0,0,0.0,0.0
Bengaluru City,Jalahalli Traffic PS,1.04432e+16,2021,1,2,Road Accidents,Bottleneck,City/Town,Open area,Human Error,No,Grievous Injury,Vehicle to Vehicle,Not at  Junction,Curve,Sub Arterial,Bitumen(Tar),Dry,No influence on accident,Fine,"Ganigarahalli main road, Near Kerekodi Cruve",Electric pole,20ft,0.0,0.0,0,0,0.0,0.0
Bengaluru City,Jalahalli Traffic PS,1.04432e+16,2021,1,2,Road Accidents,Bottleneck,City/Town,Open area,Human Error,No,Simple Injury,Vehicle to Vehicle,Not at  Junction,Others,Sub Arterial,Bitumen(Tar),Dry,No influence on accident,Fine,"Near Jalavayu Hights, HMT Watch factory Road",Electric pole,30ft,13.040085,77.538499,0,0,0.0,0.0
Bengaluru City,Jalahalli Traffic PS,1.04432e+16,2021,1,2,Road Accidents,Bottleneck,City/Town,Open area,Human Error,No,Grievous Injury,Vehicle to Vehicle,Not at  Junction,Straight and flat,Sub Arterial,Bitumen(Tar),Dry,No influence on accident,Fine,"Near East Airforce Station, Jalahalli East",Electric pole,40ft,13.0637993,77.544163,0,0,0.0,0.0
Bengaluru City,Jalahalli Traffic PS,1.04432e+16,2021,1,2,Road Accidents,Bottleneck,City/Town,Open area,Human Error,No,Grievous Injury,Vehicle to Vehicle,Not at  Junction,Straight and flat,Sub Arterial,Bitumen(Tar),Dry,No influence on accident,Fine,Near M S Ramaiah Kalyana Mantapa HMT Main road Jalahalli,Electric pole,22ft,13.0424088,77.557138,0,0,0.0,0.0
Bengaluru City,Jalahalli Traffic PS,1.04432e+16,2021,1,3,Road Accidents,Bottleneck,City/Town,Open area,Human Error,No,Grievous Injury,Vehicle to Vehicle,Not at  Junction,Straight and flat,Sub Arterial,Bitumen(Tar),Dry,No influence on accident,Fine,Near Indian Oil Petrol Bank Hesaraghatta Main road,Electric pole,15ft,13.137854,77.479089,0,0,0.0,0.0
Bengaluru City,Jalahalli Traffic PS,1.04432e+16,2021,1,2,Road Accidents,Bottleneck,City/Town,Open area,Human Error,Yes,Damage Only,Vehicle to Vehicle,Police / Manual,Straight and flat,Sub Arterial,Bitumen(Tar),Dry,No influence on accident,Fine,Mutyalanagara Junction jalahalli Vullege,Electric pole,28ft,13.041266,77.545817,0,0,0.0,0.0
Bengaluru City,Jalahalli Traffic PS,1.04432e+16,2021,1,1,Road Accidents,Bottleneck,City/Town,Open area,Human Error,No,Simple Injury,Hit pedestrian,Not at  Junction,Straight and flat,Sub Arterial,Bitumen(Tar),Dry,No influence on accident,Fine,"Near HP Petrol bank, MES Ring road",Electric pole,8ft,13.04385956,77.55383863,0,0,0.0,0.0
Bengaluru City,Jalahalli Traffic PS,1.04432e+16,2021,1,1,Road Accidents,Bottleneck,City/Town,Open area,Human Error,No,Fatal,Not Applicable,Not at  Junction,Curve,Sub Arterial,Bitumen(Tar),Dry,No influence on accident,Fine,"Giriyappa Hanumakka kalyana mantapa, tarabanhalli",electric Pole,0ft,13.10455062,77.47816798,0,0,0.0,0.0
Bengaluru City,Jalahalli Traffic PS,1.04432e+16,2021,1,2,Road Accidents,Bottleneck,City/Town,Open area,Human Error,Yes,Fatal,Vehicle to Vehicle,Not at  Junction,Straight and flat,Sub Arterial,Bitumen(Tar),Dry,No influence on accident,Fine,Near Baskara Whine Shop MES Ring Road Jalahalli,Electric pole,20ft,0.0,0.0,0,0,0.0,0.0
Bengaluru City,Jalahalli Traffic PS,1.04432e+16,2021,1,2,Road Accidents,Bottleneck,City/Town,Open area,Human Error,No,Damage Only,Vehicle to Vehicle,Not at  Junction,Straight and flat,Sub Arterial,Bitumen(Tar),Dry,No influence on accident,Fine,Nagaland Circle,Electric pole,15ft,13.05594,77.55719,0,0,0.0,0.0
Bengaluru City,Jalahalli Traffic PS,1.04432e+16,2021,1,2,Road Accidents,Bottleneck,City/Town,Open area,Human Error,No,Fatal,Vehicle to Vehicle,Not at  Junction,Straight and flat,Sub Arterial,Bitumen(Tar),Dry,No influence on accident,Fine,"BEL Under Pass, MES Ring Road",Electric pole,15ft,13.0444226,77.5588968,0,0,0.0,0.0
Bengaluru City,Jalahalli Traffic PS,1.04432e+16,2021,1,2,Road Accidents,Bottleneck,City/Town,Open area,Human Error,Yes,Grievous Injury,Vehicle to Vehicle,Not at  Junction,Straight and flat,Sub Arterial,Bitumen(Tar),Dry,No influence on accident,Fine,"near Varasiddivinayaka Temple, Somashettihalli",Electric Transformar,8ft,13.0710771,77.5182152,0,0,0.0,0.0
Bengaluru City,Jalahalli Traffic PS,1.04432e+16,2021,1,2,Road Accidents,Bottleneck,City/Town,Open area,Human Error,No,Grievous Injury,Vehicle to Vehicle,Not at  Junction,Straight and flat,Sub Arterial,Bitumen(Tar),Dry,No influence on accident,Fine,"BEL U Trun, MES Ring road Jalahalli",Electric pole,50ft,0.0,0.0,0,0,0.0,0.0
Bengaluru City,Jalahalli Traffic PS,1.04432e+16,2021,1,1,Road Accidents,Bottleneck,City/Town,Open area,Human Error,No,Fatal,Hit bicyclist,Not at  Junction,Straight and flat,Sub Arterial,Bitumen(Tar),Dry,No influence on accident,Fine,"Near Royal Foodes daba,Soladevenahalli, Hesaraghatta main road",Electric Pole,10ft,0.0,0.0,0,0,0.0,0.0
Bengaluru City,Jalahalli Traffic PS,1.04432e+16,2021,1,1,Road Accidents,Bottleneck,City/Town,Open area,Human Error,Yes,Simple Injury,Hit bicyclist,Not at  Junction,Straight and flat,Sub Arterial,Bitumen(Tar),Dry,No influence on accident,Fine,"Near Kuvempu circle, MES Ring Road",Electric pole,24ft,13.04379,77.55994,0,0,0.0,0.0
Bengaluru City,Jalahalli Traffic PS,1.04432e+16,2021,1,1,Road Accidents,Bottleneck,City/Town,Open area,Human Error,No,Fatal,Not Applicable,Not at  Junction,Straight and flat,State Highway,Bitumen(Tar),Dry,No influence on accident,Fine,"Near Benaka Chotri, Hesaraghatta main road",Electric pole,12ft,13.1381266,77.4765683,0,0,0.0,0.0
Bengaluru City,Jalahalli Traffic PS,1.04432e+16,2021,1,1,Road Accidents,Bottleneck,City/Town,Near Petrol Pump,Human Error,No,Fatal,Not Applicable,Not at  Junction,Straight and flat,State Highway,Bitumen(Tar),Dry,No influence on accident,Fine,"Opposite Indian Oil Petrol Bunk, Hesaraghatta Road, Hesaraghatta villege Bengaluru",Electric pole,10ft,0.0,0.0,0,0,0.0,0.0
Bengaluru City,Jalahalli Traffic PS,1.04432e+16,2021,1,1,Road Accidents,Bottleneck,City/Town,Open area,Human Error,No,Fatal,Not Applicable,Not at  Junction,Straight and flat,Sub Arterial,Bitumen(Tar),Dry,No influence on accident,Fine,"opposite water Purifire Center, Kemapura Papipe Line Road Kumbarahalli Bengaluru",Electric pole,6ft,13.09519,77.451256,0,0,0.0,0.0