DISTRICTNAME,UNITNAME,Crime_No,Year,RI,Noofvehicle_involved,Accident_Classification,Accident_Spot,Accident_Location,Accident_SubLocation,Main_Cause,Hit_Run,Severity,Collision_Type,Junction_Control,Road_Character,Road_Type,Surface_Type,Surface_Condition,Road_Condition,Weather,Accident_Road,Landmark_first,Distance_LandMark_First,Latitude,Longitude,Road_Condition_Score,Surface_Condition_Score,Surface_Type_Score,Road_Risk_Index
Bengaluru City,Jalahalli Traffic PS,1.04432e+16,2023,1,1,Road Accidents,Bottleneck,City/Town,Near or inside a village,Human Error,No,Simple Injury,Hit pedestrian,Not at  Junction,Straight and flat,Two way,Bitumen(Tar),Dry,Not Applicable,Fine,MES RNG ROAD NEAR UDUPI HOTEL,ELECTRIC POLE,8ft,0.0,0.0,0,0,0.0,0.0
Bengaluru City,Jalahalli Traffic PS,1.04432e+16,2023,1,1,Road Accidents,Circle,City/Town,Near Bus stop,Human Error,Yes,Fatal,Hit pedestrian,Signals (Working),Straight and flat,Others,Bitumen(Tar),Dry,Not Applicable,Fine,"NEAR BEL CIRCLE, KUVEMPU, MES SERVICE ROAD JALAHALLI BANGALORE",ELECTRIC POLE,16FT,13.043711,77.558342,0,0,0.0,0.0
Bengaluru City,Jalahalli Traffic PS,1.04432e+16,2023,1,2,Road Accidents,Circle,City/Town,Near office complex,Human Error,Yes,Fatal,Vehicle to Vehicle,Not at  Junction,Curve,Others,Bitumen(Tar),Dry,Not Applicable,Fine,"NEAR NACIN CIRCLE, HMT MAI ROAD JALAHALLI BANGALORE",ELECTRIC POLE,30FT,13.042518,77.539459,0,0,0.0,0.0
Bengaluru City,Jalahalli Traffic PS,1.04432e+16,2023,1,2,Road Accidents,Bottleneck,City/Town,Near or inside a village,Human Error,No,Simple Injury,Vehicle to Vehicle,Not at  Junction,Straight and flat,Others,Bitumen(Tar),Dry,Not Applicable,Fine,"NEAR MUNESWARA TEMPLE, LAKSHMIPURA ABBIGERE MAIN ROAD BANGALORE",ELECTRIC POLE,23FT,13.088185,77.531222,0,0,0.0,0.0
Bengaluru City,Jalahalli Traffic PS,1.04432e+16,2023,1,1,Road Accidents,Narrow road,Rural Areas,Residential area,Not Applicable,No,Fatal,Not Applicable,Controlled,Straight and flat,Sub Arterial,Bitumen(Tar),Dry,Not Applicable,Clear,"NEAR OLD ANANYA PUBLIC SCHOOL, DODDABYALDAKERE",LIGHT POLE,15,13.118097,77.525338,0,0,0.0,0.0
Bengaluru City,Jalahalli Traffic PS,1.04432e+16,2023,1,1,Road Accidents,Bottleneck,City/Town,Open area,Human Error,No,Fatal,Hit pedestrian,Uncontrolled,Straight and flat,Sub Arterial,Bitumen(Tar),Dry,Not Applicable,Fine,near smil easy dental clinic  guni agrahara,Electric pole,22ft,0.0,0.0,0,0,0.0,0.0
Bengaluru City,Jalahalli Traffic PS,1.04432e+16,2023,1,2,Road Accidents,Bottleneck,City/Town,Open area,Human Error,Yes,Simple Injury,Vehicle to Vehicle,Not at  Junction,Straight and flat,Sub Arterial,Bitumen(Tar),Dry,Not Applicable,Fine,NEAR BFW COMPANY BACK GATE PIPE LINE ROAD JALAHALLI,ELECTRIC POLE,22FT,13.21474,77.315272,0,0,0.0,0.0
Bengaluru City,Jalahalli Traffic PS,1.04432e+16,2023,1,1,Road Accidents,Bottleneck,Rural Areas,Near School or College,Human Error,Not Applicable,Simple Injury,Not Applicable,Uncontrolled,Others,Two way,Bitumen(Tar),Dry,Not Applicable,Fine,"NEAR LITTLE MILENIAM SCHIIL, SAPTHAGIRI COLLAGE MAIN ROAD",ELECTRIC POLE,23FT,13.107,77.59948,0,0,0.0,0.0
Bengaluru City,Jalahalli Traffic PS,1.04432e+16,2023,1,2,Road Accidents,Bottleneck,City/Town,Open area,Human Error,No,Simple Injury,Vehicle to Vehicle,Uncontrolled,Straight and flat,Sub Arterial,Bitumen(Tar),Dry,Not Applicable,Fine,NEAR SHABARI NAGAR BUS STOP TARABANAHALLI MAIN ROAD,ELECTRIC POLE,12FT,13.1091,77.49161,0,0,0.0,0.0
Bengaluru City,Jalahalli Traffic PS,1.04432e+16,2023,1,2,Road Accidents,Junction,City/Town,Open area,Human Error,No,Damage Only,Vehicle to Vehicle,Uncontrolled,Straight and flat,Two way,Bitumen(Tar),Dry,Not Applicable,Fine,HMT MAIN ROAD NEAR ARALIMARA ASHWATH KATTE JALAHALLI,ELECTRIC POLE,10FT,13.04748,77.542414,0,0,0.0,0.0
Bengaluru City,Jalahalli Traffic PS,1.04432e+16,2023,1,1,Road Accidents,Bottleneck,City/Town,Near Bus stop,Human Error,No,Simple Injury,Hit pedestrian,Not at  Junction,Straight and flat,Others,Bitumen(Tar),Dry,Not Applicable,Fine,"SRI RAMA PROVISION STORE LURDUNAGARA BUS STOP, DODDABYALADAKERE MN RD BANGALORE",ELECTRIC POLE,26FT,13.114296,77.510567,0,0,0.0,0.0
Bengaluru City,Jalahalli Traffic PS,1.04432e+16,2023,1,2,Road Accidents,Bottleneck,City/Town,Open area,Human Error,No,Simple Injury,Vehicle to Vehicle,Uncontrolled,Straight and flat,Sub Arterial,Bitumen(Tar),Dry,Not Applicable,Fine,Near kaveri jewellers chikkabanavar hesaraghatta main road,ELECTRIC POLE,22ft,13.0809,77.5016,0,0,0.0,0.0
Bengaluru City,Jalahalli Traffic PS,1.04432e+16,2023,1,1,Road Accidents,Bottleneck,City/Town,Open area,Human Error,No,Fatal,Not Applicable,Not at  Junction,Straight and flat,Sub Arterial,Bitumen(Tar),Dry,Not Applicable,Fine,MES RING ROAD NEAR KUVENPU CIRCLE,ELECTRIC POLE,12FT,13.04513,77.5634,0,0,0.0,0.0
Bengaluru City,Jalahalli Traffic PS,1.04432e+16,2023,1,1,Road Accidents,Bottleneck,City/Town,Residential area,Human Error,No,Simple Injury,Not Applicable,Uncontrolled,Straight and flat,Sub Arterial,Bitumen(Tar),Dry,Not Applicable,Fine,NEAR SURAKSHA STORE KARNATAKA SANGHA ROAD JALAHALLI VILLAGE,TREE,14FT,13.047034,77.547685,0,0,0.0,0.0
Bengaluru City,Jalahalli Traffic PS,1.04432e+16,2023,1,2,Rail Road Accidents,Junction,City/Town,Near office complex,Human Error,Not Applicable,Simple Injury,Vehicle to Vehicle,Controlled,Straight and flat,Two way,Bitumen(Tar),Dry,Not Applicable,Fine,MES RNG ROAD NEAR  KUVEMPU SIGNAL JUNCTION JALAHALLI,ELECTRIC POLE,6FT,13.44706,77.557464,0,0,0.0,0.0
Bengaluru City,Jalahalli Traffic PS,1.04432e+16,2023,1,2,Road Accidents,Cross roads,City/Town,Near office complex,Human Error,Not Applicable,Simple Injury,Vehicle to Vehicle,Not at  Junction,Curve,Others,Bitumen(Tar),Dry,Not Applicable,Fine,HESARAGHATTA MAIN ROA NEAR SOLADEVANAHALLI KEB OFFICE,ELECTRIC POLE,28FT,0.0,0.0,0,0,0.0,0.0
Bengaluru City,Jalahalli Traffic PS,1.04432e+16,2023,1,1,Road Accidents,Curves,City/Town,Near Bus stop,Human Error,No,Fatal,Hit pedestrian,Controlled,Sharp Curve,One way,Bitumen(Tar),Dry,Not Applicable,Clear,ON BEL SINGNAL JALAHALLI,SIGNAL POLE,1,13.043551,77.557067,0,0,0.0,0.0
Bengaluru City,Jalahalli Traffic PS,1.04432e+16,2023,1,3,Road Accidents,Bottleneck,City/Town,Open area,Human Error,No,Grievous Injury,Vehicle to Vehicle,Uncontrolled,Straight and flat,Sub Arterial,Bitumen(Tar),Dry,Not Applicable,Fine,near forest road s m road,ELECTRIC POLE,32ft,0.0,0.0,0,0,0.0,0.0
Bengaluru City,Jalahalli Traffic PS,1.04432e+16,2023,1,1,Road Accidents,Junction,City/Town,Open area,Human Error,No,Simple Injury,Hit pedestrian,Uncontrolled,Curve,Sub Arterial,Bitumen(Tar),Dry,Not Applicable,Clear,ANJANEYA SWAMY TEMPLE GANAPATHI NAGAR,TREE,20FT,0.0,0.0,0,0,0.0,0.0
Bengaluru City,Jalahalli Traffic PS,1.04432e+16,2023,1,1,Road Accidents,Bottleneck,City/Town,Residential area,Human Error,No,Simple Injury,Not Applicable,Uncontrolled,Straight and flat,Residential Street,Bitumen(Tar),Dry,Not Applicable,Fine,NEAR GOKUL GRAND HOTEL MATHIKERE,ELECTRIC POLE,17FT,13.0425,77.55512,0,0,0.0,0.0
Bengaluru City,Jalahalli Traffic PS,1.04432e+16,2023,1,1,Road Accidents,Bottleneck,City/Town,Near Bus stop,Human Error,Not Applicable,Simple Injury,Hit pedestrian,Uncontrolled,Others,Two way,Bitumen(Tar),Dry,Not Applicable,Fine,NEAR BEKARY BUSTOP APOLO PHARMACY MES RING ROAD MUTHYALANAGARA,ELECTRIC POLE,12FT,13.04258361,77.54940359,0,0,0.0,0.0
Bengaluru City,Jalahalli Traffic PS,1.04432e+16,2023,1,1,Road Accidents,Bottleneck,City/Town,Near School or College,Human Error,No,Simple Injury,Hit pedestrian,Uncontrolled,Straight and flat,Others,Bitumen(Tar),Dry,Not Applicable,Fine,"NEAR GNANABHARATHI SCHOOL, DASENAHALLI MADHURE MAIN ROAD",ELECTRIC POLE,18FT,0.0,0.0,0,0,0.0,0.0
Bengaluru City,Jalahalli Traffic PS,1.04432e+16,2023,1,2,Road Accidents,Bottleneck,City/Town,Open area,Human Error,Yes,Fatal,Vehicle to Vehicle,Uncontrolled,Straight and flat,Sub Arterial,Bitumen(Tar),Dry,Not Applicable,Fine,NEAR HMT RAILWAY BRIDGE HMT MAIN RAOD,ELECTRIC POLE,18FT,0.0,0.0,0,0,0.0,0.0
Bengaluru City,Jalahalli Traffic PS,1.04432e+16,2023,1,1,Road Accidents,Narrow road,City/Town,Open area,Not Applicable,No,Grievous Injury,Hit pedestrian,Not at  Junction,Straight and flat,Major District Road,Bitumen(Tar),Dry,Not Applicable,Clear,"near nir hostel, mediagrahara,",light pole,38,0.0,0.0,0,0,0.0,0.0
Bengaluru City,Jalahalli Traffic PS,1.04432e+16,2023,1,2,Road Accidents,Junction,City/Town,Narrow bridge or culverts,Human Error,No,Simple Injury,Not Applicable,Controlled,Curve,Sub Arterial,Bitumen(Tar),Not Applicable,No influence on accident,Cloudy,ON BEL FLYOVER RING RD JALAHLLI,SINGNALIGHT POLE,68FT,13.042929,77.556781,0,0,0.0,0.0
Bengaluru City,Jalahalli Traffic PS,1.04432e+16,2023,1,2,Road Accidents,Narrow road,City/Town,Near office complex,Not Applicable,No,Grievous Injury,Vehicle to Vehicle,Not at  Junction,Straight and flat,Arterial,Bitumen(Tar),Dry,Not Applicable,Clear,"near my fresh hub chicken centre, shettihalli railway track",medium tree,12,0.0,0.0,0,0,0.0,0.0
Bengaluru City,Jalahalli Traffic PS,1.04432e+16,2023,1,1,Road Accidents,Bottleneck,City/Town,Open area,Human Error,No,Damage Only,Not Applicable,Uncontrolled,Straight and flat,Sub Arterial,Bitumen(Tar),Dry,Not Applicable,Fine,ALISDA DGAQA COMPOUND MES RING ROAD BENGALORE,ELECTRIC POLE,21FT,13.0365,77.5415,0,0,0.0,0.0
Bengaluru City,Jalahalli Traffic PS,1.04432e+16,2023,1,3,Road Accidents,Bottleneck,Rural Areas,Open area,Human Error,No,Simple Injury,Vehicle to Vehicle,Uncontrolled,Others,Others,Bitumen(Tar),Dry,Not Applicable,Fine,INFRONT OF UDUPI HOTEL HESARAGHATTA MAIN ROAD,ELECTRICLE POLE,24FT,13.1357,77.4831,0,0,0.0,0.0
Bengaluru City,Jalahalli Traffic PS,1.04432e+16,2023,1,1,Road Accidents,Circle,City/Town,Near office complex,Human Error,Not Applicable,Simple Injury,Not Applicable,Controlled,Straight and flat,Two way,Bitumen(Tar),Dry,Not Applicable,Fine,NEAR BEL CIRCLE MES RING ROAD JALAHALLI,ELECTRIC POLE,29FT,13.044132,77.556824,0,0,0.0,0.0
Bengaluru City,Jalahalli Traffic PS,1.04432e+16,2023,1,1,Road Accidents,Cross roads,Rural Areas,In bazaar,Human Error,No,Simple Injury,Hit pedestrian,Uncontrolled,Curve,Others,Bitumen(Tar),Dry,Not Applicable,Fine,"NEAR KKB CAR GARAGE, CHIKKABANAVARA HESARAGHATTA MAIN ROAD",ELECTRIC POLE,34FT,0.0,0.0,0,0,0.0,0.0
Bengaluru City,Jalahalli Traffic PS,1.04432e+16,2023,1,2,Road Accidents,Cross roads,Rural Areas,Near or inside a village,Human Error,Yes,Fatal,Vehicle to Vehicle,Not at  Junction,Curve,Others,Bitumen(Tar),Dry,Not Applicable,Fine,"3RD CROSS, MARUTHI LAYOUT, IIHR MAIN ROAD T.B CROSS,",ELECTRIC POLE,34FT,13.129611,77.487863,0,0,0.0,0.0
Bengaluru City,Jalahalli Traffic PS,1.04432e+16,2023,1,1,Road Accidents,Bottleneck,Rural Areas,Near or inside a village,Human Error,Not Applicable,Fatal,Not Applicable,Not at  Junction,Straight and flat,Two way,Bitumen(Tar),Dry,Not Applicable,Fine,J S TIBER SOLADEVANAHALLI POLICE STATON HESARAGHATTA MAIN ROAD BANGALORE,ELECTIC POLE,42FT,13.096236,77.485979,0,0,0.0,0.0
Bengaluru City,Jalahalli Traffic PS,1.04432e+16,2023,1,1,Road Accidents,Junction,City/Town,Near office complex,Human Error,Not Applicable,Simple Injury,Not Applicable,Police / Manual,Others,Others,Bitumen(Tar),Dry,Not Applicable,Fine,"NEAR MUTHYALANAGAR JUNCTION, MES RING ROAD, JALAHALLI BANGALORE",ELECTRIC POLE,25FT,13.041694,77.547294,0,0,0.0,0.0
Bengaluru City,Jalahalli Traffic PS,1.04432e+16,2023,1,1,Road Accidents,Bottleneck,City/Town,Near or inside a village,Human Error,Not Applicable,Simple Injury,Hit pedestrian,Not at  Junction,Others,Others,Bitumen(Tar),Dry,Not Applicable,Fine,OPP KESHARIYA PRIVISION STORE GUNI HAGRAHARA MAIN ROAD,ELECTRIC POLE,32FT,13.92829,77.529627,0,0,0.0,0.0
Bengaluru City,Jalahalli Traffic PS,1.04432e+16,2023,1,2,Road Accidents,Bottleneck,City/Town,Near office complex,Human Error,No,Simple Injury,Vehicle to Vehicle,Uncontrolled,Curve,Two way,Bitumen(Tar),Dry,Not Applicable,Fine,NEAR JALAVAYU APPARTMENT HMT MAIN ROAD JALAHALLI,ELECTRIC POLE,46FT,0.0,0.0,0,0,0.0,0.0
Bengaluru City,Jalahalli Traffic PS,1.04432e+16,2023,1,2,Road Accidents,Bottleneck,City/Town,Near or inside a village,Human Error,Not Applicable,Simple Injury,Vehicle to Vehicle,Not at  Junction,Straight and flat,Others,Bitumen(Tar),Dry,Not Applicable,Fine,"NEAR ARALIMARA, HMT MAIN ROAD JALHALLI BANGALORE",ELECTRIC POLE,16FT,0.0,0.0,0,0,0.0,0.0
Bengaluru City,Jalahalli Traffic PS,1.04432e+16,2023,1,2,Road Accidents,Bottleneck,City/Town,Near Petrol Pump,Human Error,Not Applicable,Damage Only,Vehicle to Vehicle,Police / Manual,Straight and flat,Others,Bitumen(Tar),Dry,Not Applicable,Fine,"NEAR PETROL BUNK MES RING ROAD, JALAHALLI, BANGALORE",MEDIEM SIZE TREE,56FT,13.043846,77.553817,0,0,0.0,0.0
Bengaluru City,Jalahalli Traffic PS,1.04432e+16,2023,1,2,Rail Road Accidents,Bottleneck,City/Town,Near Bus stop,Human Error,Not Applicable,Simple Injury,Vehicle to Vehicle,Uncontrolled,Straight and flat,Others,Bitumen(Tar),Dry,Not Applicable,Fine,"NEAR AYYAPPA GATE,SANDEEP UNNIKRISHNAN MAIN ROAD BEL QWATERS",ELECTRIC POLE,18FT,13.053829,77.550211,0,0,0.0,0.0
Bengaluru City,Jalahalli Traffic PS,1.04432e+16,2023,1,2,Road Accidents,Circle,City/Town,Near office complex,Human Error,Yes,Fatal,Vehicle to Vehicle,Not at  Junction,Straight and flat,Others,Bitumen(Tar),Dry,Not Applicable,Fine,"NEAR NAGALAND CIRCLE, VIDYARANYAPURA MAI ROAD, BEL COMPLECR",HIGH MASK LIGHT POLE,8FT,13.059177,77.562004,0,0,0.0,0.0
Bengaluru City,Jalahalli Traffic PS,1.04432e+16,2023,1,2,Road Accidents,Junction,Rural Areas,Near Hospital,Human Error,Not Applicable,Simple Injury,Vehicle to Vehicle,Police / Manual,Straight and flat,Others,Bitumen(Tar),Dry,Not Applicable,Fine,JANAPRIYA JUNCTION NEAR MAGIC TEA AND JUICE CENTER CHIKKABANAVARA BANGALORE,NO PARKING BOARD,12FT,13.072934,77.503147,0,0,0.0,0.0
Bengaluru City,Jalahalli Traffic PS,1.04432e+16,2023,1,1,Road Accidents,Bottleneck,City/Town,Near or inside a village,Human Error,Not Applicable,Simple Injury,Hit pedestrian,Not at  Junction,Straight and flat,Others,Bitumen(Tar),Dry,Not Applicable,Fine,"OPPOSITE TO SLV BEKERY, HESARAGHATTA VILLAGE MADURE MAIN ROAD",ELECTRIC POLE,16FT,13.13735,77.478088,0,0,0.0,0.0
Bengaluru City,Jalahalli Traffic PS,1.04432e+16,2023,1,1,Road Accidents,Bottleneck,City/Town,Near or inside a village,Human Error,Not Applicable,Fatal,Not Applicable,Uncontrolled,Straight and flat,Others,Bitumen(Tar),Dry,Not Applicable,Fine,"INFRONT OF NEW SARAVANA RAICE TRADERS, VEERASHETTIHALLI JUNCTION, ACHARYA COLLAGE MAIN ROAD, B'LORE",ELECTRIC POLE,23FT,13.082585,77.495661,0,0,0.0,0.0
Bengaluru City,Jalahalli Traffic PS,1.04432e+16,2023,1,2,Road Accidents,Bottleneck,City/Town,Near a factory industrial area,Not Applicable,No,Grievous Injury,Vehicle to Vehicle,Not at  Junction,Straight and flat,Major District Road,Bitumen(Tar),Dry,Not Applicable,Clear,"near gardner aero space, bfw junction near, pipe line road",light pole,28ft,0.0,0.0,0,0,0.0,0.0
Bengaluru City,Jalahalli Traffic PS,1.04432e+16,2023,1,1,Road Accidents,Narrow road,City/Town,Near Bus stop,Not Applicable,No,Fatal,Hit pedestrian,Not at  Junction,Straight and flat,Major District Road,Bitumen(Tar),Dry,Not Applicable,Clear,"OPPOSITE POLAR BEER ICE CREAM SHOP, NEAR GANGAMMA CIRCLE",LIGHT,34,13.058674,77.545859,0,0,0.0,0.0
Bengaluru City,Jalahalli Traffic PS,1.04432e+16,2023,1,1,Road Accidents,Narrow road,City/Town,Near a factory industrial area,Not Applicable,No,Fatal,Not Applicable,Not at  Junction,Straight and flat,Others,Bitumen(Tar),Others,Not Applicable,Clear,"NEAR PRESTIGE APPARTMENT, KAMMAGONDANAHALLI",LIGHT POLE,19,0.0,0.0,0,1,0.0,1.0
Bengaluru City,Jalahalli Traffic PS,1.04432e+16,2023,1,2,Road Accidents,Narrow road,City/Town,Near Bus stop,Not Applicable,No,Damage Only,Vehicle to Vehicle,Not at  Junction,Straight and flat,Two way,Bitumen(Tar),Dry,Not Applicable,Clear,mutyalanagar railway bridge jalahalli,LIGHT POLE,28,13.041397,77.54712,0,0,0.0,0.0
Bengaluru City,Jalahalli Traffic PS,1.04432e+16,2023,1,2,Road Accidents,Bottleneck,City/Town,Open area,Human Error,No,Simple Injury,Vehicle to Vehicle,Uncontrolled,Curve,Sub Arterial,Bitumen(Tar),Dry,Not Applicable,Fine,DODDABYLADAKERE MAIN ROAD,ELECTRIC POLE,18FT,13.114613,77.508794,0,0,0.0,0.0
Bengaluru City,Jalahalli Traffic PS,1.04432e+16,2023,1,2,Road Accidents,Bottleneck,City/Town,Open area,Human Error,No,Simple Injury,Vehicle to Vehicle,Uncontrolled,Straight and flat,Sub Arterial,Bitumen(Tar),Dry,Not Applicable,Fine,opp Gangamma gudi police station,ELECTRIC POLE,8FT,0.0,0.0,0,0,0.0,0.0
Bengaluru City,Jalahalli Traffic PS,1.04432e+16,2023,1,2,Road Accidents,Bottleneck,City/Town,Open area,Human Error,No,Grievous Injury,Vehicle to Vehicle,Not at  Junction,Straight and flat,Sub Arterial,Bitumen(Tar),Dry,Not Applicable,Fine,Airforce station old post office sm road,ELECTRIC POLE,35ft,0.0,0.0,0,0,0.0,0.0
Bengaluru City,Jalahalli Traffic PS,1.04432e+16,2023,1,2,Road Accidents,Circle,Rural Areas,In bazaar,Human Error,Not Applicable,Grievous Injury,Vehicle to Vehicle,Not at  Junction,Straight and flat,Two way,Bitumen(Tar),Dry,Not Applicable,Fine,NEAR THAMMAIAHNAVARA ITTIGE GUDU CHIKKABANAVARA SANTE CIRCLE ABBIGERE MAIN ROAD,ELECTRIC POLE,20FT,13.07989,77.503925,0,0,0.0,0.0
Bengaluru City,Jalahalli Traffic PS,1.04432e+16,2023,1,1,Road Accidents,Bottleneck,Rural Areas,Near or inside a village,Human Error,Yes,Fatal,Hit pedestrian,Not at  Junction,Straight and flat,Others,Bitumen(Tar),Dry,Not Applicable,Fine,"INFRONT OF NITHIN THOTA, TARABANAHALLI VILLAGE",ELECTRIC POLE,15FT,13.10533,77.48568,0,0,0.0,0.0
Bengaluru City,Jalahalli Traffic PS,1.04432e+16,2023,1,2,Road Accidents,Bottleneck,Rural Areas,Near or inside a village,Human Error,Not Applicable,Simple Injury,Vehicle to Vehicle,Not at  Junction,Straight and flat,Two way,Bitumen(Tar),Dry,Not Applicable,Fine,"OPP TO CATEL BRIDING FORM , BYATA MAIN ROAD HESARAGHATTA BANGALORE",CENTRAL CATAL BRIDING FORM HOUSE,4FT,13.159491,77.479227,0,0,0.0,0.0
Bengaluru City,Jalahalli Traffic PS,1.04432e+16,2023,1,2,Road Accidents,Bottleneck,Rural Areas,Open area,Human Error,No,Grievous Injury,Vehicle to Vehicle,Uncontrolled,Others,Others,Bitumen(Tar),Dry,Not Applicable,Fine,H CROSS JUNCTION SOMASHETTIHALLI MAIN ROAD B'LORE,ELECTRIC POLE,12FT,0.0,0.0,0,0,0.0,0.0
Bengaluru City,Jalahalli Traffic PS,1.04432e+16,2023,1,2,Road Accidents,Junction,City/Town,Residential area,Human Error,No,Simple Injury,Vehicle to Vehicle,Police / Manual,Straight and flat,Sub Arterial,Bitumen(Tar),Dry,Not Applicable,Fine,HMT MAINROAD JALAHALLI POLICE STATION JUNCTION,ELECTRIC POLE,8FT,13.044898,77.55015,0,0,0.0,0.0
Bengaluru City,Jalahalli Traffic PS,1.04432e+16,2023,1,2,Road Accidents,Bottleneck,City/Town,Near Hospital,Human Error,No,Simple Injury,Vehicle to Vehicle,Not at  Junction,Straight and flat,Others,Bitumen(Tar),Dry,Not Applicable,Fine,BEL HOSPITAL GATE NEAR AMBEDKAR SPORTS GROUND VIDYARANYAPURA MN RD,ELECTRIC POLE,25FT,0.0,0.0,0,0,0.0,0.0
Bengaluru City,Jalahalli Traffic PS,1.04432e+16,2023,1,2,Road Accidents,Bottleneck,City/Town,Open area,Human Error,Not Applicable,Simple Injury,Vehicle to Vehicle,Not at  Junction,Straight and flat,Others,Bitumen(Tar),Dry,Not Applicable,Fine,"NEAR LAKSHMI HARDWARE, KEMPAPURA MAIN ROAD CHIKKABANAVARA BANGALORE",ELECTRIC POLE,8FT,13.08699,77.500228,0,0,0.0,0.0
Bengaluru City,Jalahalli Traffic PS,1.04432e+16,2023,1,1,Rail Road Accidents,Curves,City/Town,Near or inside a village,Human Error,No,Grievous Injury,Hit pedestrian,Uncontrolled,Curve,Others,Bitumen(Tar),Dry,Not Applicable,Fine,"NEAR GUNI AGRAHARA LAKE TURNING, GUNI AGRAHARA MEDI AGRAHRA MAIN ROAD, BANGALORE",ELECTRIC POLE,29FT,13.100585,77.52748,0,0,0.0,0.0
Bengaluru City,Jalahalli Traffic PS,1.04432e+16,2023,1,1,Road Accidents,Narrow road,City/Town,In bazaar,Not Applicable,No,Simple Injury,Hit pedestrian,Not at  Junction,Straight and flat,Others,Bitumen(Tar),Dry,Not Applicable,Clear,"near jai hanuman building , construction & wood works & realestate, mes ring road, mutyalanagara",light pole,18ft,13.042614,77.550093,0,0,0.0,0.0
Bengaluru City,Jalahalli Traffic PS,1.04432e+16,2023,1,2,Road Accidents,Bottleneck,City/Town,Residential area,Human Error,Yes,Grievous Injury,Vehicle to Vehicle,Uncontrolled,Straight and flat,Sub Arterial,Bitumen(Tar),Dry,Not Applicable,Fine,NEAR F BUS STOP ABBIGERE MAIN ROAD,ELECTRICLE POLE,28FT,13.072742,77.524025,0,0,0.0,0.0
Bengaluru City,Jalahalli Traffic PS,1.04432e+16,2023,1,1,Road Accidents,Rail Crossing Unmanned,City/Town,Open area,Human Error,No,Grievous Injury,Hit pedestrian,Uncontrolled,Others,Sub Arterial,Bitumen(Tar),Dry,Not Applicable,Fine,NEAR NEELAGIRI THOPU PIPE LINE RD ABBGERE SOMASHETTAHALLI RD BANGALORE,TREE,45 FT,13.07856,77.52022,0,0,0.0,0.0
Bengaluru City,Jalahalli Traffic PS,1.04432e+16,2023,1,1,Road Accidents,Bottleneck,City/Town,Open area,Human Error,No,Damage Only,Not Applicable,Uncontrolled,Straight and flat,Sub Arterial,Bitumen(Tar),Dry,Not Applicable,Fine,RAGHAVENDRA DHAMA GOVT SCHOOL KALATHAMMANAHALLI,GOVT SCHOOL,150FT,13.1065,77.518,0,0,0.0,0.0
Bengaluru City,Jalahalli Traffic PS,1.04432e+16,2023,1,2,Road Accidents,Junction,City/Town,Near School or College,Human Error,Not Applicable,Simple Injury,Vehicle to Vehicle,Police / Manual,Straight and flat,Two way,Bitumen(Tar),Dry,Not Applicable,Fine,KAMMAGONDANAHALLI NEAR K V SCHOOL S M ROAD JALAHALLI,ELECTRIC POLE,8FT,0.0,0.0,0,0,0.0,0.0
Bengaluru City,Jalahalli Traffic PS,1.04432e+16,2023,1,1,Road Accidents,Junction,City/Town,Near School or College,Human Error,Not Applicable,Fatal,Hit pedestrian,No signal lights,Straight and flat,Others,Bitumen(Tar),Dry,Not Applicable,Fine,"NEAR AES HIGH SCHOOL, KALANAGARA, KAMMAGONDANAHALLI, BANGALORE",WATER TANK,25FT,13.058621,77.533525,0,0,0.0,0.0
Bengaluru City,Jalahalli Traffic PS,1.04432e+16,2023,1,2,Road Accidents,Narrow road,City/Town,Residential area,Not Applicable,No,Fatal,Vehicle to Vehicle,Not at  Junction,Straight and flat,Minor District Road,Bitumen(Tar),Dry,Not Applicable,Clear,"INFRONT OF ANJANEYA TEMPLE, KANSHIRAM NAGARA",LIGHT POLE,22,13.08688,77.536994,0,0,0.0,0.0
Bengaluru City,Jalahalli Traffic PS,1.04432e+16,2023,1,1,Road Accidents,Bottleneck,City/Town,Near Bus stop,Human Error,No,Grievous Injury,Hit pedestrian,Uncontrolled,Straight and flat,Sub Arterial,Bitumen(Tar),Dry,Not Applicable,Fine,OPPOSITE BEL BUS STOP NEAR RAJARATNAM,ELECTRIC POLE,19FT,13.045551,77.55636,0,0,0.0,0.0
Bengaluru City,Jalahalli Traffic PS,1.04432e+16,2023,1,2,Road Accidents,Bottleneck,City/Town,Open area,Human Error,No,Damage Only,Vehicle to Vehicle,Uncontrolled,Curve,Sub Arterial,Bitumen(Tar),Dry,Not Applicable,Fine,near kv school sm road kammagodanahalli,ELECTRIC POLE,10FT,0.0,0.0,0,0,0.0,0.0
Bengaluru City,Jalahalli Traffic PS,1.04432e+16,2023,1,1,Road Accidents,Bottleneck,City/Town,Near office complex,Human Error,Not Applicable,Fatal,Not Applicable,Not at  Junction,Curve,Residential Street,Bitumen(Tar),Dry,Not Applicable,Fine,NEAR JALASOWDHA OFFICE HMT MAIN ROAD JALAHALLI BANGALORE,MIDIUMSIZE TREE,43FT,13.039349,77.538623,0,0,0.0,0.0
Bengaluru City,Jalahalli Traffic PS,1.04432e+16,2023,1,2,Road Accidents,Bottleneck,City/Town,Near office complex,Human Error,Not Applicable,Simple Injury,Vehicle to Vehicle,Not at  Junction,Straight and flat,Two way,Bitumen(Tar),Dry,Not Applicable,Fine,HMT WATCH FACTORY MAIN ROAD NEAR PRESTIGE APPARTMENT,ELECTIR POLE,14FT,0.0,0.0,0,0,0.0,0.0
Bengaluru City,Jayanagar Traffic PS,1.04432e+16,2016,1,2,Road Accidents,Not Applicable,City/Town,Near Hospital,Human Error,No,Damage Only,Others,Controlled,Others,City or Town Road,Bitumen(Tar),Dry,Not Applicable,Clear,"Raghavendra Matta, Jayanagara 5th Blcok",Raghavendra Matta,2.5 km,0.0,0.0,0,0,0.0,0.0
Bengaluru City,Jayanagar Traffic PS,1.04432e+16,2016,1,1,Road Accidents,Cross roads,City/Town,Near Bus stop,Human Error,Yes,Grievous Injury,Others,Controlled,Others,City or Town Road,Bitumen(Tar),Dry,Not Applicable,Clear,46th Cross,2nd Phase,2Km,0.0,0.0,0,0,0.0,0.0