DISTRICTNAME,UNITNAME,Crime_No,Year,RI,Noofvehicle_involved,Accident_Classification,Accident_Spot,Accident_Location,Accident_SubLocation,Main_Cause,Hit_Run,Severity,Collision_Type,Junction_Control,Road_Character,Road_Type,Surface_Type,Surface_Condition,Road_Condition,Weather,Accident_Road,Landmark_first,Distance_LandMark_First,Latitude,Longitude,Road_Condition_Score,Surface_Condition_Score,Surface_Type_Score,Road_Risk_Index
Bengaluru City,Jayanagar Traffic PS,1.04432e+16,2016,1,2,Road Accidents,Junction,City/Town,Near Hospital,Human Error,Yes,Fatal,Hit and Run,Controlled,Curve,City or Town Road,Bitumen(Tar),Dry,Not Applicable,Clear,46th Cross,Aravinda Junction,1.5Km,0.0,0.0,0,0,0.0,0.0
Bengaluru City,Jayanagar Traffic PS,1.04432e+16,2016,1,2,Road Accidents,Other,City/Town,Near Bus stop,Human Error,Yes,Simple Injury,Others,Controlled,Others,City or Town Road,Bitumen(Tar),Dry,Not Applicable,Clear,Bairasandra Main Road,3rd block,1.5Km,0.0,0.0,0,0,0.0,0.0
Bengaluru City,Jayanagar Traffic PS,1.04432e+16,2016,1,2,Road Accidents,Other,City/Town,Near Bus stop,Human Error,Yes,Grievous Injury,Hit and Run,Controlled,Others,City or Town Road,Bitumen(Tar),Dry,Not Applicable,Clear,36th Cross,28th Main,2Km,0.0,0.0,0,0,0.0,0.0
Bengaluru City,Jayanagar Traffic PS,1.04432e+16,2016,1,2,Road Accidents,T Junction,City/Town,Near office complex,Human Error,No,Damage Only,Right Turn Collision,Controlled,Not Applicable,City or Town Road,Bitumen(Tar),Dry,Not Applicable,Clear,17th Main Road 9th Cross Road 2nd Phase J P nagara,17th Main Road 9th Cross Road,2.7km,12.9080588,77.5905559,0,0,0.0,0.0
Bengaluru City,Jayanagar Traffic PS,1.04432e+16,2016,1,2,Road Accidents,Junction,City/Town,Near Petrol Pump,Human Error,No,Damage Only,Others,Signals (Working),Others,City or Town Road,Bitumen(Tar),Dry,Not Applicable,Clear,24th main,15th Cross,3 Km,0.0,0.0,0,0,0.0,0.0
Bengaluru City,Jayanagar Traffic PS,1.04432e+16,2016,1,1,Road Accidents,T Junction,City/Town,Open area,Human Error,No,Grievous Injury,Hit pedestrian,Controlled,Others,City or Town Road,Bitumen(Tar),Dry,Not Applicable,Clear,9trh Main Road Jayanagara 4th Block,9trh Main Road,300mtr,0.0,0.0,0,0,0.0,0.0
Bengaluru City,Jayanagar Traffic PS,1.04432e+16,2016,1,2,Road Accidents,Cross roads,City/Town,Near office complex,Human Error,Yes,Grievous Injury,Hit and Run,Controlled,Others,City or Town Road,Bitumen(Tar),Dry,Not Applicable,Clear,9TH MAIN 33RD CROSS NEAR COFFE DAY,4TH BLOCK JAYANAGARA,500MTR,0.0,0.0,0,0,0.0,0.0
Bengaluru City,Jayanagar Traffic PS,1.04432e+16,2016,1,1,Road Accidents,Other,City/Town,Near Bus stop,Human Error,Yes,Grievous Injury,Hit and Run,Controlled,Others,City or Town Road,Bitumen(Tar),Dry,Not Applicable,Clear,BHAIRASANDRA MAIN ROAD BASKET BALL GROUND NEAR,JAYANAGARA,2KM,0.0,0.0,0,0,0.0,0.0
Bengaluru City,Jayanagar Traffic PS,1.04432e+16,2016,1,2,Road Accidents,Other,City/Town,Near office complex,Human Error,No,Grievous Injury,Side impact or Right angle,No signal lights,Straight and flat,City or Town Road,Bitumen(Tar),Dry,Not Applicable,Clear,"Jayanagara 3rd Block, 9th Main  Road,Cloud Nine Hospital",Jayanagara 3rd Block 9th Main  Road,1/2klm,12.9363964,77.5843922,0,0,0.0,0.0
Bengaluru City,Jayanagar Traffic PS,1.04432e+16,2016,1,1,Road Accidents,Cross roads,City/Town,Near Bus stop,Human Error,No,Grievous Injury,Others,Controlled,Others,City or Town Road,Bitumen(Tar),Dry,Not Applicable,Clear,40th A Cross,26 B Main,2Km,0.0,0.0,0,0,0.0,0.0
Bengaluru City,Jayanagar Traffic PS,1.04432e+16,2016,1,2,Road Accidents,Circle,City/Town,Near Petrol Pump,Human Error,Yes,Grievous Injury,Hit and Run,Controlled,Others,City or Town Road,Bitumen(Tar),Dry,Not Applicable,Clear,"15th Cross, Delmia Circel",J P Nagara,2.5km,0.0,0.0,0,0,0.0,0.0
Bengaluru City,Jayanagar Traffic PS,1.04432e+16,2016,1,2,Road Accidents,Other,City/Town,Near School or College,Human Error,No,Grievous Injury,Others,Controlled,Others,City or Town Road,Bitumen(Tar),Dry,Not Applicable,Clear,25th Main,14th Cross,2.5km,0.0,0.0,0,0,0.0,0.0
Bengaluru City,Jayanagar Traffic PS,1.04432e+16,2016,1,2,Road Accidents,Junction,City/Town,Residential area,Human Error,No,Grievous Injury,Others,No signal lights,Others,City or Town Road,Bitumen(Tar),Dry,Not Applicable,Clear,14th Cross 35th Main J P N Nagar 1st Phase,14th Cross 35th Main,2.5 km,0.0,0.0,0,0,0.0,0.0
Bengaluru City,Jayanagar Traffic PS,1.04432e+16,2016,1,1,Road Accidents,Other,City/Town,Near office complex,Human Error,Yes,Grievous Injury,Hit and Run,Not at  Junction,Others,City or Town Road,Bitumen(Tar),Dry,Not Applicable,Clear,3th block 32 th cross jayanagara,3th block 32 th cross jayanagara,1km,0.0,0.0,0,0,0.0,0.0
Bengaluru City,Jayanagar Traffic PS,1.04432e+16,2016,1,1,Road Accidents,T Junction,City/Town,Near Hospital,Human Error,Yes,Fatal,Hit and Run,Controlled,Others,City or Town Road,Bitumen(Tar),Dry,Not Applicable,Clear,"32nd Cross, Near Brhmma Lingeshwara Condimends",32nd Cross Near Brhmma Lingeshwara Condimends,1.5Km,0.0,0.0,0,0,0.0,0.0
Bengaluru City,Jayanagar Traffic PS,1.04432e+16,2016,1,1,Road Accidents,T Junction,City/Town,Near Bus stop,Human Error,Yes,Fatal,Hit and Run,Controlled,Others,City or Town Road,Bitumen(Tar),Dry,Not Applicable,Clear,46th Cross,Near East End Bus Stop,2Km,0.0,0.0,0,0,0.0,0.0
Bengaluru City,Jayanagar Traffic PS,1.04432e+16,2016,1,2,Road Accidents,T Junction,City/Town,Near office complex,Human Error,Yes,Grievous Injury,Right Turn Collision,Controlled,Others,City or Town Road,Bitumen(Tar),Dry,Not Applicable,Clear,17th A Cross Road 37th Main Road J P Nagara 6th Phase,17th A Cross Road 37th Main Road,3Km,0.0,0.0,0,0,0.0,0.0
Bengaluru City,Jayanagar Traffic PS,1.04432e+16,2016,1,2,Road Accidents,Other,City/Town,Residential area,Human Error,No,Grievous Injury,Head on,Not at  Junction,Curve,City or Town Road,Bitumen(Tar),Dry,Not Applicable,Clear,Near Adithya Hoteal 7th Cross J P Nagara,Near Adithya Hoteal,3km,0.0,0.0,0,0,0.0,0.0
Bengaluru City,Jayanagar Traffic PS,1.04432e+16,2016,1,1,Road Accidents,Junction,City/Town,Near office complex,Human Error,Yes,Fatal,Hit and Run,Controlled,Curve,City or Town Road,Bitumen(Tar),Dry,Not Applicable,Clear,10th Main 33rd Cross 4th Balock Jayanagara,10th Main 33rd Cross,1klm,0.0,0.0,0,0,0.0,0.0
Bengaluru City,Jayanagar Traffic PS,1.04432e+16,2016,1,1,Road Accidents,Junction,City/Town,Near office complex,Human Error,Yes,Grievous Injury,Hit pedestrian,Controlled,Curve,City or Town Road,Bitumen(Tar),Dry,Not Applicable,Clear,"R,V Dentel Collage Junction, 9th Cross, 24Th Main J P Nagar",R V Dentel Collage Junction 9th Cross,3 km,0.0,0.0,0,0,0.0,0.0
Bengaluru City,Jayanagar Traffic PS,1.04432e+16,2016,1,2,Road Accidents,Junction,City/Town,Near Bus stop,Human Error,Yes,Simple Injury,Hit and Run,Controlled,Others,City or Town Road,Bitumen(Tar),Dry,Not Applicable,Clear,R V Dentel College Junction,J P Nagara 2nd Stage,2 Km,0.0,0.0,0,0,0.0,0.0
Bengaluru City,Jayanagar Traffic PS,1.04432e+16,2016,1,1,Road Accidents,T Junction,City/Town,Near Bus stop,Human Error,No,Grievous Injury,Others,Signals (Not working),Others,City or Town Road,Bitumen(Tar),Dry,Not Applicable,Clear,15th Cross,Near SindhuraConvention Hall,3Km,0.0,0.0,0,0,0.0,0.0
Bengaluru City,Jayanagar Traffic PS,1.04432e+16,2016,1,1,Road Accidents,T Junction,City/Town,Residential area,Human Error,Yes,Grievous Injury,Hit pedestrian,Controlled,Others,City or Town Road,Bitumen(Tar),Dry,Not Applicable,Clear,Masjid Road 31st Cross Road Tilk Nagara,Masjid Road 31st Cross Road,1.5Km,0.0,0.0,0,0,0.0,0.0
Bengaluru City,Jayanagar Traffic PS,1.04432e+16,2016,1,2,Road Accidents,Other,City/Town,Near Hospital,Human Error,No,Grievous Injury,Others,Controlled,Not Applicable,City or Town Road,Bitumen(Tar),Dry,Not Applicable,Clear,32ND CROSS 3RD MAIN 4TH BLOCK,JAYAANGARA,200MTR,12.9255064,77.5989082,0,0,0.0,0.0
Bengaluru City,Jayanagar Traffic PS,1.04432e+16,2016,1,2,Road Accidents,Other,City/Town,Near Bus stop,Human Error,Not Applicable,Damage Only,Others,Controlled,Others,City or Town Road,Bitumen(Tar),Dry,Not Applicable,Clear,9th Cross,Bhannerughatta Road,3km,0.0,0.0,0,0,0.0,0.0
Bengaluru City,Jayanagar Traffic PS,1.04432e+16,2016,1,1,Road Accidents,Other,City/Town,Near Bus stop,Human Error,Yes,Grievous Injury,Others,Controlled,Others,City or Town Road,Bitumen(Tar),Dry,Not Applicable,Clear,9th Main Road,Bata show Room  3rd Block,0.5Km,0.0,0.0,0,0,0.0,0.0
Bengaluru City,Jayanagar Traffic PS,1.04432e+16,2016,1,1,Road Accidents,Other,City/Town,Open area,Human Error,Yes,Fatal,Hit and Run,Controlled,Others,City or Town Road,Bitumen(Tar),Dry,Not Applicable,Clear,39th Cross,26th Main,2Km,0.0,0.0,0,0,0.0,0.0
Bengaluru City,Jayanagar Traffic PS,1.04432e+16,2016,1,2,Road Accidents,Other,City/Town,Near Petrol Pump,Human Error,No,Grievous Injury,Others,Controlled,Others,City or Town Road,Bitumen(Tar),Dry,Not Applicable,Clear,33rd Main,15th Cross,2.5Km,0.0,0.0,0,0,0.0,0.0
Bengaluru City,Jayanagar Traffic PS,1.04432e+16,2016,1,3,Road Accidents,Other,City/Town,Near Petrol Pump,Human Error,No,Damage Only,Others,Controlled,Others,City or Town Road,Bitumen(Tar),Dry,Not Applicable,Clear,14th Main,15th Cross,2.5 km,0.0,0.0,0,0,0.0,0.0
Bengaluru City,Jayanagar Traffic PS,1.04432e+16,2016,1,1,Road Accidents,Other,City/Town,Near office complex,Human Error,No,Grievous Injury,Others,Controlled,Others,City or Town Road,Bitumen(Tar),Dry,Not Applicable,Clear,11th A Main Road,4th T Block Jayanagara,1Km,0.0,0.0,0,0,0.0,0.0
Bengaluru City,Jayanagar Traffic PS,1.04432e+16,2016,1,2,Road Accidents,T Junction,City/Town,Residential area,Human Error,No,Grievous Injury,Others,Signal lights Not working,Others,City or Town Road,Bitumen(Tar),Dry,Not Applicable,Clear,24TH MAIN ROAD,BATA SHOW ROOM,2.5 KM,0.0,0.0,0,0,0.0,0.0
Bengaluru City,Jayanagar Traffic PS,1.04432e+16,2016,1,1,Road Accidents,Junction,City/Town,Near Hospital,Human Error,No,Grievous Injury,Hit animal,Controlled,Others,City or Town Road,Bitumen(Tar),Dry,Not Applicable,Not Applicable,15TH CROSS,RING ROAD,3KM,0.0,0.0,0,0,0.0,0.0
Bengaluru City,Jayanagar Traffic PS,1.04432e+16,2016,1,2,Road Accidents,Junction,City/Town,Residential area,Human Error,No,Grievous Injury,Others,Controlled,Others,City or Town Road,Bitumen(Tar),Dry,Not Applicable,Clear,10th Main 36th Cross Jayanagar 4th Block,10th Main 36th Cross,1KM,0.0,0.0,0,0,0.0,0.0
Bengaluru City,Jayanagar Traffic PS,1.04432e+16,2016,1,2,Road Accidents,Junction,City/Town,Near Hospital,Human Error,Yes,Grievous Injury,Hit and Run,Signal lights Automatic,Others,City or Town Road,Bitumen(Tar),Dry,Not Applicable,Clear,11th MAIN near raghavendra temple,JAYANAGARA 5TH BLOCK,2 Km,0.0,0.0,0,0,0.0,0.0
Bengaluru City,Jayanagar Traffic PS,1.04432e+16,2016,1,2,Road Accidents,Cross roads,City/Town,Near School or College,Human Error,No,Grievous Injury,Others,Controlled,Others,City or Town Road,Bitumen(Tar),Dry,Not Applicable,Clear,22nd Cross,3rd Block Jayanagara,0.5Km,12.9322959,77.5901765,0,0,0.0,0.0
Bengaluru City,Jayanagar Traffic PS,1.04432e+16,2016,1,2,Road Accidents,Other,City/Town,Near office complex,Human Error,No,Simple Injury,Others,Controlled,Others,City or Town Road,Bitumen(Tar),Dry,Not Applicable,Clear,3rd Block Junction,Near Parimala Sweets,500Mtr,0.0,0.0,0,0,0.0,0.0
Bengaluru City,Jayanagar Traffic PS,1.04432e+16,2016,1,2,Road Accidents,Other,City/Town,Near Hospital,Human Error,Yes,Grievous Injury,Hit and Run,Controlled,Others,City or Town Road,Bitumen(Tar),Dry,Not Applicable,Clear,9th Main,Near Biba Shoroom,600 M,0.0,0.0,0,0,0.0,0.0
Bengaluru City,Jayanagar Traffic PS,1.04432e+16,2016,1,2,Road Accidents,Other,City/Town,Residential area,Human Error,No,Damage Only,Hit parked vehicle,Controlled,Others,City or Town Road,Bitumen(Tar),Dry,Not Applicable,Clear,2nd Main In Front Of Elegant Grandeur Apartment 7th Block Jaayanagara,2nd Main In Front Of Elegant Grandeur Apartment,1KM,0.0,0.0,0,0,0.0,0.0
Bengaluru City,Jayanagar Traffic PS,1.04432e+16,2016,1,2,Road Accidents,Junction,City/Town,Residential area,Human Error,No,Damage Only,Others,Police / Manual,Others,City or Town Road,Bitumen(Tar),Dry,Not Applicable,Clear,4th Main Road,32nd Cross Road,600Mtr,0.0,0.0,0,0,0.0,0.0
Bengaluru City,Jayanagar Traffic PS,1.04432e+16,2016,1,2,Road Accidents,Junction,City/Town,Open area,Human Error,Not Applicable,Grievous Injury,Others,Signal lights Not working,Not Applicable,City or Town Road,Bitumen(Tar),Dry,Not Applicable,Clear,7TH MAIN,35THCROSS JUNCTION,500MTR,0.0,0.0,0,0,0.0,0.0
Bengaluru City,Jayanagar Traffic PS,1.04432e+16,2016,1,2,Road Accidents,T Junction,City/Town,Near office complex,Human Error,Yes,Grievous Injury,Head on,Controlled,Curve,City or Town Road,Bitumen(Tar),Dry,Not Applicable,Clear,9th Main 4th Block Jayanagara,9th Main,1km,12.9254672,77.5848671,0,0,0.0,0.0
Bengaluru City,Jayanagar Traffic PS,1.04432e+16,2016,1,1,Road Accidents,T Junction,City/Town,In bazaar,Human Error,Yes,Grievous Injury,Hit pedestrian,Controlled,Others,City or Town Road,Bitumen(Tar),Dry,Not Applicable,Clear,46th Cross In Frount Of Centeral Mhall 9th Block Jaayanagara,46th Cross In Frount Of Centeral Mhall,2.5km,0.0,0.0,0,0,0.0,0.0
Bengaluru City,Jayanagar Traffic PS,1.04432e+16,2016,1,1,Road Accidents,Junction,Not Applicable,Near a religious place,Human Error,No,Simple Injury,Hit pedestrian,Controlled,Others,City or Town Road,Bitumen(Tar),Dry,Not Applicable,Clear,11th main road 46th cross 5th block jayanagara,11th main 46th cross,1.5km,12.9161789,77.5849652,0,0,0.0,0.0
Bengaluru City,Jayanagar Traffic PS,1.04432e+16,2016,1,2,Road Accidents,Junction,City/Town,Near a religious place,Human Error,No,Grievous Injury,Right Turn Collision,Signal lights Blinking,Others,City or Town Road,Bitumen(Tar),Dry,Not Applicable,Clear,"Raghavendra Matta, Jayanagara 5th Blcok",Raghavendra Matta,2Km,0.0,0.0,0,0,0.0,0.0
Bengaluru City,Jayanagar Traffic PS,1.04432e+16,2016,1,1,Road Accidents,Other,City/Town,Residential area,Human Error,Not Applicable,Grievous Injury,Others,Controlled,Others,City or Town Road,Bitumen(Tar),Dry,Not Applicable,Clear,"9th Cross, 39th Main",Near Sarakki Market,2Km,0.0,0.0,0,0,0.0,0.0
Bengaluru City,Jayanagar Traffic PS,1.04432e+16,2016,1,2,Road Accidents,Other,City/Town,Near School or College,Human Error,Yes,Grievous Injury,Hit and Run,Not at  Junction,Others,City or Town Road,Bitumen(Tar),Dry,Not Applicable,Clear,14th Cross,1st Phase,3Km,0.0,0.0,0,0,0.0,0.0
Bengaluru City,Jayanagar Traffic PS,1.04432e+16,2016,1,2,Road Accidents,Other,City/Town,Open area,Human Error,Yes,Damage Only,Hit puchcart,Controlled,Curve,City or Town Road,Bitumen(Tar),Dry,Not Applicable,Clear,15th Cross,Near Bruvery Hotel,2.5Km,0.0,0.0,0,0,0.0,0.0
Bengaluru City,Jayanagar Traffic PS,1.04432e+16,2016,1,1,Road Accidents,Junction,City/Town,Open area,Human Error,Not Applicable,Grievous Injury,Hit pedestrian,Controlled,Curve,City or Town Road,Bitumen(Tar),Dry,Not Applicable,Clear,2nd Main & 37th A Cross Junction Jayanagara 7th Blaok,2nd Main & 37th A Cross Junction,2.5km,0.0,0.0,0,0,0.0,0.0
Bengaluru City,Jayanagar Traffic PS,1.04432e+16,2016,1,1,Road Accidents,Other,City/Town,Open area,Human Error,No,Grievous Injury,Others,Not at  Junction,Others,City or Town Road,Bitumen(Tar),Dry,Not Applicable,Clear,9th Main 5th Block,Jayanagara,1km,0.0,0.0,0,0,0.0,0.0
Bengaluru City,Jayanagar Traffic PS,1.04432e+16,2016,1,1,Road Accidents,Cross roads,City/Town,Near School or College,Human Error,Yes,Grievous Injury,Others,Controlled,Others,City or Town Road,Bitumen(Tar),Dry,Not Applicable,Clear,9th Cross,21st Main,2.5 km,0.0,0.0,0,0,0.0,0.0
Bengaluru City,Jayanagar Traffic PS,1.04432e+16,2016,1,2,Road Accidents,Other,City/Town,Near School or College,Human Error,Not Applicable,Grievous Injury,Others,Controlled,Others,City or Town Road,Bitumen(Tar),Dry,Not Applicable,Clear,3rd Main Road,32nd Cross,0.5km,0.0,0.0,0,0,0.0,0.0
Bengaluru City,Jayanagar Traffic PS,1.04432e+16,2016,1,2,Road Accidents,Circle,City/Town,Near Hospital,Human Error,Yes,Grievous Injury,Hit and Run,No signal lights,Straight and flat,City or Town Road,Bitumen(Tar),Dry,Not Applicable,Clear,9th Cross IG circel,9th Cross,2Km,0.0,0.0,0,0,0.0,0.0
Bengaluru City,Jayanagar Traffic PS,1.04432e+16,2016,1,1,Road Accidents,Other,City/Town,Open area,Human Error,Yes,Fatal,Hit and Run,Controlled,Not Applicable,City or Town Road,Bitumen(Tar),Dry,Not Applicable,Clear,26th Main Road Near  Raghvendra Uphara Hotel Jayanaghara 9th Block,26th Main Road Near  Raghvendra Uphara Hotel,1.5Km,0.0,0.0,0,0,0.0,0.0
Bengaluru City,Jayanagar Traffic PS,1.04432e+16,2016,1,2,Road Accidents,Junction,City/Town,Near Hospital,Human Error,No,Fatal,Others,Controlled,Others,City or Town Road,Bitumen(Tar),Dry,Not Applicable,Clear,28th And 8th Main Road,46th 15th Cross Road,3Km,12.916831,77.5955119,0,0,0.0,0.0
Bengaluru City,Jayanagar Traffic PS,1.04432e+16,2016,1,2,Road Accidents,Other,City/Town,Near office complex,Human Error,Yes,Grievous Injury,Hit and Run,Not at  Junction,Others,City or Town Road,Bitumen(Tar),Dry,Not Applicable,Clear,24th Main 12th cross 2nd phase,24th Main 12th,2.5 km,0.0,0.0,0,0,0.0,0.0
Bengaluru City,Jayanagar Traffic PS,1.04432e+16,2016,1,3,Road Accidents,Not Applicable,City/Town,Residential area,Human Error,No,Damage Only,Hit parked vehicle,Controlled,Others,City or Town Road,Bitumen(Tar),Dry,Pot holed,Clear,Dioganl Road Near Post Office Jayanagara 3rd Block,Dioganl Road Near Post Office,200MTR,0.0,0.0,5,0,0.0,5.0
Bengaluru City,Jayanagar Traffic PS,1.04432e+16,2016,1,2,Road Accidents,Junction,City/Town,Residential area,Human Error,Yes,Simple Injury,Hit and Run,No signal lights,Others,City or Town Road,Bitumen(Tar),Dry,Not Applicable,Clear,16th Main And 36th Cross Junction 5th Block Jayanagar,16th Main And 36th Cross Junction,2 KM,0.0,0.0,0,0,0.0,0.0
Bengaluru City,Jayanagar Traffic PS,1.04432e+16,2016,1,2,Road Accidents,Bridge,City/Town,Near office complex,Human Error,Yes,Fatal,Hit and Run,Not at  Junction,Straight and flat,City or Town Road,Bitumen(Tar),Dry,Not Applicable,Clear,15th Cross Ring Road Under Passs J P Nagara 6th Phass,15th Cross Ring Road Under Passs,3Km,0.0,0.0,0,0,0.0,0.0
Bengaluru City,Jayanagar Traffic PS,1.04432e+16,2016,1,1,Road Accidents,Curves,City/Town,Residential area,Human Error,Yes,Grievous Injury,Hit and Run,Controlled,Others,City or Town Road,Bitumen(Tar),Dry,Not Applicable,Clear,46th cross,Sangam circle,1.05km,0.0,0.0,0,0,0.0,0.0
Bengaluru City,Jayanagar Traffic PS,1.04432e+16,2016,1,2,Road Accidents,Other,City/Town,Residential area,Human Error,Yes,Simple Injury,Others,Controlled,Others,City or Town Road,Bitumen(Tar),Others,Not Applicable,Clear,28th Cross,13th Main,1km,12.9280339,77.5650369,0,1,0.0,1.0
Bengaluru City,Jayanagar Traffic PS,1.04432e+16,2016,1,1,Road Accidents,Junction,City/Town,Near School or College,Human Error,No,Grievous Injury,Hit pedestrian,Signal lights Automatic,Curve,City or Town Road,Bitumen(Tar),Dry,Not Applicable,Clear,8th Main Road JP Nagara,Mahathma Children School,2.5 km,0.0,0.0,0,0,0.0,0.0
Bengaluru City,Jayanagar Traffic PS,1.04432e+16,2016,1,3,Road Accidents,Cross roads,City/Town,Near School or College,Human Error,Not Applicable,Fatal,Others,Controlled,Others,City or Town Road,Bitumen(Tar),Dry,Not Applicable,Clear,17th Main,9th Cross,2 Km,0.0,0.0,0,0,0.0,0.0
Bengaluru City,Jayanagar Traffic PS,1.04432e+16,2016,1,2,Road Accidents,Junction,City/Town,Near Hospital,Human Error,Yes,Grievous Injury,Hit and Run,Controlled,Others,City or Town Road,Bitumen(Tar),Dry,Not Applicable,Clear,24th Main Road,R V Dentel College,2.5Km,0.0,0.0,0,0,0.0,0.0
Bengaluru City,Jayanagar Traffic PS,1.04432e+16,2016,1,2,Road Accidents,Other,City/Town,Near School or College,Human Error,Yes,Simple Injury,Hit and Run,Controlled,Others,City or Town Road,Bitumen(Tar),Dry,Not Applicable,Clear,9th Cross Road,17th main Road,2.5Km,0.0,0.0,0,0,0.0,0.0
Bengaluru City,Jayanagar Traffic PS,1.04432e+16,2016,1,1,Not Applicable,T Junction,City/Town,Near Bus stop,Human Error,No,Grievous Injury,Hit pedestrian,Controlled,Curve,City or Town Road,Bitumen(Tar),Dry,Not Applicable,Clear,24rd Main 9th Cross J P Nagara 2nd Phase,24rd Main 9th Cross,2.5 km,0.0,0.0,0,0,0.0,0.0
Bengaluru City,Jayanagar Traffic PS,1.04432e+16,2016,1,1,Road Accidents,Other,City/Town,Open area,Human Error,No,Grievous Injury,Others,Controlled,Others,City or Town Road,Bitumen(Tar),Dry,Not Applicable,Clear,Jaraganhalli,BBMP Office,3Km,0.0,0.0,0,0,0.0,0.0
Bengaluru City,Jayanagar Traffic PS,1.04432e+16,2016,1,1,Road Accidents,Other,City/Town,Near Bus stop,Human Error,No,Damage Only,Others,Controlled,Others,City or Town Road,Bitumen(Tar),Dry,Not Applicable,Clear,33rd Cross,R V Road,0.5Km,0.0,0.0,0,0,0.0,0.0
Bengaluru City,Jayanagar Traffic PS,1.04432e+16,2016,1,1,Road Accidents,Other,City/Town,Near Petrol Pump,Human Error,No,Simple Injury,Others,Controlled,Others,City or Town Road,Bitumen(Tar),Dry,Not Applicable,Clear,15th Cross,Near Petrol Pump,3km,0.0,0.0,0,0,0.0,0.0
Bengaluru City,Jayanagar Traffic PS,1.04432e+16,2016,1,2,Road Accidents,Cross roads,City/Town,Near School or College,Human Error,Yes,Simple Injury,Hit and Run,Controlled,Others,City or Town Road,Bitumen(Tar),Dry,Not Applicable,Clear,9th Cross,Near R V Dentel College,2 KM,0.0,0.0,0,0,0.0,0.0
Bengaluru City,Jayanagar Traffic PS,1.04432e+16,2016,1,2,Road Accidents,Circle,City/Town,Near School or College,Human Error,Yes,Damage Only,Hit and Run,No signal lights,Others,City or Town Road,Bitumen(Tar),Dry,Not Applicable,Clear,9th Cross,21st Main,2.5Km,0.0,0.0,0,0,0.0,0.0
Bengaluru City,Jayanagar Traffic PS,1.04432e+16,2016,1,1,Road Accidents,Junction,City/Town,Near Hospital,Human Error,No,Grievous Injury,Others,Controlled,Others,City or Town Road,Bitumen(Tar),Dry,Not Applicable,Clear,46th Cross,Aravinda Junction,1Km,0.0,0.0,0,0,0.0,0.0
Bengaluru City,Jayanagar Traffic PS,1.04432e+16,2016,1,1,Road Accidents,Circle,City/Town,Near Hospital,Human Error,Not Applicable,Grievous Injury,Others,Controlled,Others,City or Town Road,Bitumen(Tar),Dry,Not Applicable,Clear,South End Circal,4th Block,1Km,0.0,0.0,0,0,0.0,0.0
Bengaluru City,Jayanagar Traffic PS,1.04432e+16,2016,1,2,Road Accidents,Not Applicable,City/Town,Near office complex,Human Error,No,Grievous Injury,Others,Not at  Junction,Not Applicable,City or Town Road,Bitumen(Tar),Dry,Not Applicable,Clear,6th Main Road J P Nagara 3rd Phase,6th Main Road,2.5 km,0.0,0.0,0,0,0.0,0.0
Bengaluru City,Jayanagar Traffic PS,1.04432e+16,2016,1,2,Road Accidents,Junction,City/Town,Residential area,Human Error,Yes,Fatal,Hit and Run,No signal lights,Others,City or Town Road,Bitumen(Tar),Others,Not Applicable,Clear,15th Cross 35th Main Road Junction J P Nagara 6th Phase,15th Cross 35th Main Road Junction,3Km,0.0,0.0,0,1,0.0,1.0
Bengaluru City,Jayanagar Traffic PS,1.04432e+16,2016,1,2,Road Accidents,Not Applicable,City/Town,Near office complex,Human Error,Not Applicable,Damage Only,Right Turn Collision,No signal lights,Not Applicable,City or Town Road,Bitumen(Tar),Dry,Not Applicable,Clear,"15th Cross, 14th Main Near J P Nagara 2 Phase",15th Cross 14th Main Near,2.5,0.0,0.0,0,0,0.0,0.0
Bengaluru City,Jayanagar Traffic PS,1.04432e+16,2016,1,1,Road Accidents,Other,City/Town,Near School or College,Human Error,No,Grievous Injury,Others,Not at  Junction,Others,City or Town Road,Bitumen(Tar),Dry,Not Applicable,Clear,Byrasandra,Thilaka Nagara,2Km,0.0,0.0,0,0,0.0,0.0
Bengaluru City,Jayanagar Traffic PS,1.04432e+16,2016,1,2,Road Accidents,Junction,City/Town,Near School or College,Human Error,Yes,Grievous Injury,Overturning,Controlled,Curve,City or Town Road,Bitumen(Tar),Dry,Not Applicable,Clear,8th Main 9th Cross J P Nagara 2nd Phase,8th Main 9th Cross,3km,0.0,0.0,0,0,0.0,0.0
Bengaluru City,Jayanagar Traffic PS,1.04432e+16,2016,1,1,Road Accidents,Cross roads,City/Town,Near office complex,Human Error,Yes,Grievous Injury,Hit and Run,Controlled,Others,City or Town Road,Bitumen(Tar),Dry,Not Applicable,Clear,27th Cross,9th A Main Road,500mtr,0.0,0.0,0,0,0.0,0.0
Bengaluru City,Jayanagar Traffic PS,1.04432e+16,2016,1,1,Road Accidents,Other,City/Town,Near Petrol Pump,Human Error,Yes,Fatal,Hit and Run,Controlled,Others,City or Town Road,Bitumen(Tar),Dry,Not Applicable,Clear,"15th Cross, ICICI Bank Opp",Ring Road,3Km,0.0,0.0,0,0,0.0,0.0