DISTRICTNAME,UNITNAME,Crime_No,Year,RI,Noofvehicle_involved,Accident_Classification,Accident_Spot,Accident_Location,Accident_SubLocation,Main_Cause,Hit_Run,Severity,Collision_Type,Junction_Control,Road_Character,Road_Type,Surface_Type,Surface_Condition,Road_Condition,Weather,Accident_Road,Landmark_first,Distance_LandMark_First,Latitude,Longitude,Road_Condition_Score,Surface_Condition_Score,Surface_Type_Score,Road_Risk_Index
Bengaluru City,Jayanagar Traffic PS,1.04432e+16,2016,1,2,Road Accidents,Cross roads,City/Town,Residential area,Human Error,Not Applicable,Grievous Injury,Others,Controlled,Others,City or Town Road,Bitumen(Tar),Dry,Not Applicable,Clear,33rd Cross,5th Main,1km,12.9263141,77.5796463,0,0,0.0,0.0
Bengaluru City,Jayanagar Traffic PS,1.04432e+16,2016,1,4,Road Accidents,Other,City/Town,Near School or College,Human Error,Not Applicable,Simple Injury,Others,Controlled,Others,City or Town Road,Bitumen(Tar),Dry,Not Applicable,Clear,8th Main,S L V Hotel Opp,3Km,0.0,0.0,0,0,0.0,0.0
Bengaluru City,Jayanagar Traffic PS,1.04432e+16,2016,1,2,Road Accidents,Junction,City/Town,Residential area,Human Error,Not Applicable,Fatal,Head on,No signal lights,Others,City or Town Road,Bitumen(Tar),Dry,Not Applicable,Clear,2nd Main,4th Cross,3Km,0.0,0.0,0,0,0.0,0.0
Bengaluru City,Jayanagar Traffic PS,1.04432e+16,2016,1,2,Road Accidents,Other,City/Town,Near Bus stop,Human Error,Yes,Grievous Injury,Hit and Run,Controlled,Others,City or Town Road,Bitumen(Tar),Dry,Not Applicable,Clear,46th Cross,9th Main,1.5Km,0.0,0.0,0,0,0.0,0.0
Bengaluru City,Jayanagar Traffic PS,1.04432e+16,2016,1,1,Road Accidents,Junction,City/Town,Near office complex,Human Error,Yes,Fatal,Hit and Run,Signals (Working),Others,City or Town Road,Bitumen(Tar),Dry,Not Applicable,Clear,8th Main 9th Cross Junction J P Nagara 2nd Phase,8th Main 9th Cross Junction,2.5 km,0.0,0.0,0,0,0.0,0.0
Bengaluru City,Jayanagar Traffic PS,1.04432e+16,2016,1,1,Road Accidents,T Junction,City/Town,Residential area,Human Error,Yes,Grievous Injury,Hit and Run,Controlled,Others,City or Town Road,Bitumen(Tar),Dry,Not Applicable,Clear,18th MAin Road 32nd E Cross Jayanagara 4th T Block Jayanagara,18th MAin Road 32nd E Cross,2 KM,0.0,0.0,0,0,0.0,0.0
Bengaluru City,Jayanagar Traffic PS,1.04432e+16,2016,1,1,Road Accidents,Junction,City/Town,Open area,Human Error,No,Grievous Injury,Others,Controlled,Curve,City or Town Road,Bitumen(Tar),Dry,Not Applicable,Clear,4th MAin 36th Cross Junction Jayanagara,4th MAin 36th Cross Junction,300mtr,0.0,0.0,0,0,0.0,0.0
Bengaluru City,Jayanagar Traffic PS,1.04432e+16,2017,1,2,Road Accidents,T Junction,City/Town,Near School or College,Human Error,Not Applicable,Damage Only,Others,No signal lights,Others,City or Town Road,Bitumen(Tar),Dry,Not Applicable,Clear,3rd Main Road,31st Cross,1Km,0.0,0.0,0,0,0.0,0.0
Bengaluru City,Jayanagar Traffic PS,1.04432e+16,2017,1,2,Road Accidents,Other,City/Town,Near Bus stop,Human Error,No,Fatal,Others,Controlled,Others,City or Town Road,Bitumen(Tar),Dry,Not Applicable,Clear,46th Cross Road,Near Banashankari Bus Stop,2Km,12.917014,77.578754,0,0,0.0,0.0
Bengaluru City,Jayanagar Traffic PS,1.04432e+16,2017,1,2,Road Accidents,Other,City/Town,Residential area,Human Error,Yes,Grievous Injury,Others,Controlled,Others,Two way,Bitumen(Tar),Dry,Not Applicable,Clear,7th Main Road,33rd A Cross,500Mtr,0.0,0.0,0,0,0.0,0.0
Bengaluru City,Jayanagar Traffic PS,1.04432e+16,2017,1,2,Road Accidents,Junction,City/Town,Near Bus stop,Human Error,No,Grievous Injury,Others,Controlled,Others,City or Town Road,Bitumen(Tar),Dry,Not Applicable,Clear,15th Cross,35th Main,3Km,0.0,0.0,0,0,0.0,0.0
Bengaluru City,Jayanagar Traffic PS,1.04432e+16,2017,1,2,Road Accidents,Junction,City/Town,Near Petrol Pump,Human Error,Yes,Damage Only,Hit and Run,Signal lights Blinking,Others,City or Town Road,Bitumen(Tar),Dry,Not Applicable,Clear,33rd Main Road 15th Cross,Petrol Bunk,500mtr,0.0,0.0,0,0,0.0,0.0
Bengaluru City,Jayanagar Traffic PS,1.04432e+16,2017,1,1,Road Accidents,Cross roads,City/Town,Residential area,Human Error,No,Grievous Injury,Hit pedestrian,Controlled,Others,City or Town Road,Bitumen(Tar),Dry,Not Applicable,Clear,Southend D Cross Road,Near Ragigudda Temple,3Km,0.0,0.0,0,0,0.0,0.0
Bengaluru City,Jayanagar Traffic PS,1.04432e+16,2017,1,1,Road Accidents,T Junction,City/Town,Near School or College,Human Error,Yes,Fatal,Hit and Run,Controlled,Others,City or Town Road,Bitumen(Tar),Dry,Not Applicable,Clear,7th Main South End F Cross Road JunCVtion J P Nagara 3rd Phase,7th Main South End F Cross Road JunCVtion,4klm,0.0,0.0,0,0,0.0,0.0
Bengaluru City,Jayanagar Traffic PS,1.04432e+16,2017,1,2,Road Accidents,Junction,City/Town,Near Petrol Pump,Human Error,No,Simple Injury,Others,Controlled,Others,City or Town Road,Bitumen(Tar),Dry,Not Applicable,Clear,Byrasandra Main Road,Near Kittururani Channamma Ground,1.5Km,0.0,0.0,0,0,0.0,0.0
Bengaluru City,Jayanagar Traffic PS,1.04432e+16,2017,1,2,Road Accidents,Junction,City/Town,Near School or College,Human Error,Yes,Grievous Injury,Hit and Run,Controlled,Others,City or Town Road,Bitumen(Tar),Dry,Not Applicable,Clear,8th Main Road,9th Cross J P nagara,3Km,12.9391834,77.5826056,0,0,0.0,0.0
Bengaluru City,Jayanagar Traffic PS,1.04432e+16,2017,1,1,Road Accidents,Other,City/Town,At pedestrian Crossing,Human Error,Yes,Fatal,Hit and Run,Controlled,Curve,City or Town Road,Bitumen(Tar),Dry,Not Applicable,Clear,8TH MAIN 2ND CROSS 2ND BLK,JAYANAGAR,1.5 KM,12.942588,77.582847,0,0,0.0,0.0
Bengaluru City,Jayanagar Traffic PS,1.04432e+16,2017,1,1,Road Accidents,Other,City/Town,Near office complex,Human Error,No,Grievous Injury,Hit pedestrian,Controlled,Not Applicable,City or Town Road,Bitumen(Tar),Dry,Not Applicable,Clear,9th Cros  Nera Sarakki Market,9th Cross J P nagara,2klm,0.0,0.0,0,0,0.0,0.0
Bengaluru City,Jayanagar Traffic PS,1.04432e+16,2017,1,2,Road Accidents,Cross roads,City/Town,Near office complex,Human Error,No,Damage Only,Rear end,Not Applicable,Not Applicable,City or Town Road,Bitumen(Tar),Dry,Not Applicable,Clear,"15th Cross, 33rd Main Junction J P NGara 6th Pahse",15th Cross 33rd Main Junction,3klm,0.0,0.0,0,0,0.0,0.0
Bengaluru City,Jayanagar Traffic PS,1.04432e+16,2017,1,1,Road Accidents,Other,City/Town,Near School or College,Human Error,Yes,Fatal,Others,Controlled,Others,City or Town Road,Bitumen(Tar),Dry,Not Applicable,Clear,9th Cross Road,J P Nagara 3rd Phase,2.5Km,0.0,0.0,0,0,0.0,0.0
Bengaluru City,Jayanagar Traffic PS,1.04432e+16,2017,1,2,Road Accidents,Junction,City/Town,Near Bus stop,Human Error,No,Simple Injury,Drowned,Signals (Working),Others,Others,Bitumen(Tar),Dry,Not Applicable,Clear,BBMP OFFICE,BBMP OFFICE,30MTR,0.0,0.0,0,0,0.0,0.0
Bengaluru City,Jayanagar Traffic PS,1.04432e+16,2017,1,4,Road Accidents,Other,City/Town,Near Bus stop,Human Error,No,Simple Injury,Others,Not at  Junction,Others,City or Town Road,Bitumen(Tar),Dry,Not Applicable,Clear,9th Main Road Jayanagara 3rd Block,Shalini Ground,2km,0.0,0.0,0,0,0.0,0.0
Bengaluru City,Jayanagar Traffic PS,1.04432e+16,2017,1,1,Road Accidents,Circle,City/Town,Near Hospital,Human Error,No,Grievous Injury,Others,Signal lights Blinking,Others,City or Town Road,Bitumen(Tar),Dry,Not Applicable,Clear,Byrasandra Main Road,Someshwara Nagara,1.5Km,0.0,0.0,0,0,0.0,0.0
Bengaluru City,Jayanagar Traffic PS,1.04432e+16,2017,1,2,Road Accidents,Other,City/Town,Near a factory industrial area,Human Error,No,Grievous Injury,Rear end,Not at  Junction,Not Applicable,City or Town Road,Bitumen(Tar),Dry,Not Applicable,Cloudy,Kalyani Magnum Opp J P Nagara 4th Phase,Kalyani Magnum Opp,3.5klm,0.0,0.0,0,0,0.0,0.0
Bengaluru City,Jayanagar Traffic PS,1.04432e+16,2017,1,1,Road Accidents,Cross roads,City/Town,Near Bus stop,Human Error,No,Grievous Injury,Hit pedestrian,Not at  Junction,Others,City or Town Road,Bitumen(Tar),Dry,Not Applicable,Clear,22nd Cross Road,Cosmo Club,1Km,0.0,0.0,0,0,0.0,0.0
Bengaluru City,Jayanagar Traffic PS,1.04432e+16,2017,1,4,Road Accidents,Junction,City/Town,Open area,Human Error,No,Damage Only,Rear end,Controlled,Curve,City or Town Road,Bitumen(Tar),Dry,Not Applicable,Clear,15th Cross & 33rd Main Junction J P Nagara 6th Pahse,15th Cross & 33rd Main Junction,3klm,0.0,0.0,0,0,0.0,0.0
Bengaluru City,Jayanagar Traffic PS,1.04432e+16,2017,1,1,Road Accidents,Circle,City/Town,Near Bus stop,Human Error,No,Grievous Injury,Hit pedestrian,Controlled,Curve,City or Town Road,Bitumen(Tar),Dry,Not Applicable,Clear,46th Cross Near BSK Bus Stop,46th Cross,1.5 KM,0.0,0.0,0,0,0.0,0.0
Bengaluru City,Jayanagar Traffic PS,1.04432e+16,2017,1,2,Road Accidents,Junction,City/Town,Near office complex,Human Error,No,Grievous Injury,Head on,Controlled,Others,City or Town Road,Bitumen(Tar),Dry,Not Applicable,Clear,C B Junction Jayanagara 3rd Block,C B Junction,200mtr,0.0,0.0,0,0,0.0,0.0
Bengaluru City,Jayanagar Traffic PS,1.04432e+16,2017,1,2,Road Accidents,Junction,City/Town,Near a religious place,Human Error,No,Damage Only,Others,Controlled,Not Applicable,City or Town Road,Bitumen(Tar),Dry,Not Applicable,Clear,27th Cross Junction Jayanagara 3rd Block,27th Cross Junction,500Mtr,0.0,0.0,0,0,0.0,0.0
Bengaluru City,Jayanagar Traffic PS,1.04432e+16,2017,1,1,Road Accidents,Other,City/Town,Residential area,Human Error,Not Applicable,Grievous Injury,Others,Not at  Junction,Others,City or Town Road,Bitumen(Tar),Dry,Not Applicable,Clear,16th Main Road,Near Charch,1Km,0.0,0.0,0,0,0.0,0.0
Bengaluru City,Jayanagar Traffic PS,1.04432e+16,2017,1,2,Road Accidents,Other,City/Town,Residential area,Human Error,No,Grievous Injury,Head on,Not at  Junction,Others,City or Town Road,Bitumen(Tar),Dry,Not Applicable,Clear,Brigada Mileniom Main Roa Comps Road,Brigada Mileniom Main Roa Comps Road,3.5Km,0.0,0.0,0,0,0.0,0.0
Bengaluru City,Jayanagar Traffic PS,1.04432e+16,2017,1,1,Road Accidents,Other,City/Town,Narrow bridge or culverts,Human Error,No,Grievous Injury,Others,Controlled,Curve,City or Town Road,Bitumen(Tar),Dry,Not Applicable,Clear,15th Cross Ring Road,J P Nagara,3km,0.0,0.0,0,0,0.0,0.0
Bengaluru City,Jayanagar Traffic PS,1.04432e+16,2017,1,2,Road Accidents,T Junction,City/Town,Residential area,Human Error,No,Grievous Injury,Side impact or Right angle,Uncontrolled,Others,City or Town Road,Bitumen(Tar),Dry,Not Applicable,Clear,8TH A MAIN ROAD,POLICE QUATERS,800MTR,0.0,0.0,0,0,0.0,0.0
Bengaluru City,Jayanagar Traffic PS,1.04432e+16,2017,1,1,Road Accidents,Cross roads,City/Town,Near office complex,Human Error,Yes,Grievous Injury,Hit and Run,Not Applicable,Others,City or Town Road,Bitumen(Tar),Dry,Not Applicable,Clear,40th cross 7th main,5th block jayanagara,800mtr,0.0,0.0,0,0,0.0,0.0
Bengaluru City,Jayanagar Traffic PS,1.04432e+16,2017,1,2,Road Accidents,Other,City/Town,Near School or College,Human Error,No,Grievous Injury,Head on,Signals (Working),Others,City or Town Road,Bitumen(Tar),Dry,Not Applicable,Clear,7th main road,jp nagara,3KM,12.91269,77.59557,0,0,0.0,0.0
Bengaluru City,Jayanagar Traffic PS,1.04432e+16,2017,1,2,Road Accidents,Other,City/Town,Near office complex,Human Error,Yes,Grievous Injury,Hit and Run,Controlled,Curve,City or Town Road,Bitumen(Tar),Dry,Not Applicable,Clear,T M Mariyapp Road Jayanagara 1st Block,T M Mariyapp Road,2.5klm,0.0,0.0,0,0,0.0,0.0
Bengaluru City,Jayanagar Traffic PS,1.04432e+16,2017,1,3,Road Accidents,Other,City/Town,Near Bus stop,Human Error,Yes,Damage Only,Hit and Run,Not at  Junction,Others,City or Town Road,Bitumen(Tar),Dry,Not Applicable,Clear,32nd Cross 3rd Main Road,Near Park,20mtr,0.0,0.0,0,0,0.0,0.0
Bengaluru City,Jayanagar Traffic PS,1.04432e+16,2017,1,2,Road Accidents,Cross roads,City/Town,Residential area,Human Error,No,Simple Injury,Head on,Not at  Junction,Others,City or Town Road,Bitumen(Tar),Dry,Not Applicable,Clear,21st Main Road,14th Cross,3KM,0.0,0.0,0,0,0.0,0.0
Bengaluru City,Jayanagar Traffic PS,1.04432e+16,2017,1,1,Road Accidents,Other,City/Town,Near office complex,Human Error,No,Grievous Injury,Others,Controlled,Others,City or Town Road,Bitumen(Tar),Dry,Not Applicable,Clear,MLR Convection Hall Opp Brigeda Meleniyam,MLR Convection Hall Opp Brigeda Meleniyam,3.5Km,0.0,0.0,0,0,0.0,0.0
Bengaluru City,Jayanagar Traffic PS,1.04432e+16,2017,1,2,Road Accidents,Other,City/Town,Near School or College,Human Error,No,Grievous Injury,Others,Not at  Junction,Others,City or Town Road,Bitumen(Tar),Dry,Not Applicable,Clear,"East end Main Road, OPP pump house",9th Block,1.5 Km,12.9168375,77.5968628,0,0,0.0,0.0
Bengaluru City,Jayanagar Traffic PS,1.04432e+16,2017,1,2,Road Accidents,Other,City/Town,Near Hospital,Human Error,No,Grievous Injury,Others,Controlled,Others,City or Town Road,Bitumen(Tar),Dry,Not Applicable,Clear,East End Main Road,9TH BLOCK,3Km,0.0,0.0,0,0,0.0,0.0
Bengaluru City,Jayanagar Traffic PS,1.04432e+16,2017,1,2,Road Accidents,Junction,City/Town,Open area,Human Error,No,Damage Only,Side swipe,No signal lights,Others,City or Town Road,Bitumen(Tar),Dry,Not Applicable,Clear,9th Main 15th Cross Junction,9th Main 15th Cross Junctio,1.5klm,0.0,0.0,0,0,0.0,0.0
Bengaluru City,Jayanagar Traffic PS,1.04432e+16,2017,1,2,Road Accidents,Other,City/Town,Residential area,Human Error,No,Grievous Injury,Others,Controlled,Others,City or Town Road,Bitumen(Tar),Dry,Not Applicable,Clear,33rd Cross Road,7th Main Road,1Km,0.0,0.0,0,0,0.0,0.0
Bengaluru City,Jayanagar Traffic PS,1.04432e+16,2017,1,2,Road Accidents,Other,City/Town,Near Bus stop,Human Error,No,Fatal,Others,Controlled,Others,City or Town Road,Bitumen(Tar),Dry,Not Applicable,Clear,9th Main Road,Near BMTC Bus Stop,600Mtr,0.0,0.0,0,0,0.0,0.0
Bengaluru City,Jayanagar Traffic PS,1.04432e+16,2017,1,2,Road Accidents,Other,City/Town,Near Hospital,Human Error,No,Damage Only,Others,Controlled,Others,Others,Bitumen(Tar),Dry,Not Applicable,Clear,Near Sanjay Gandhi Hospital,4th T Block Jayanagara,1.5Km,0.0,0.0,0,0,0.0,0.0
Bengaluru City,Jayanagar Traffic PS,1.04432e+16,2017,1,2,Road Accidents,Junction,City/Town,Near Hospital,Human Error,No,Simple Injury,Others,Controlled,Others,City or Town Road,Bitumen(Tar),Dry,Not Applicable,Clear,2nd Main Road,36th cross,1Km,0.0,0.0,0,0,0.0,0.0
Bengaluru City,Jayanagar Traffic PS,1.04432e+16,2017,1,1,Road Accidents,Other,City/Town,Near Bus stop,Human Error,Not Applicable,Grievous Injury,Others,Controlled,Others,City or Town Road,Bitumen(Tar),Dry,Not Applicable,Clear,Near BMTC Bus Stop,4th T Block Jayanagara,600Mtr,0.0,0.0,0,0,0.0,0.0
Bengaluru City,Jayanagar Traffic PS,1.04432e+16,2017,1,2,Road Accidents,Junction,City/Town,Residential area,Human Error,No,Grievous Injury,Others,Controlled,Others,City or Town Road,Bitumen(Tar),Dry,Not Applicable,Clear,9th Cross,Near Thirumalagiri Tempel,2Km,0.0,0.0,0,0,0.0,0.0
Bengaluru City,Jayanagar Traffic PS,1.04432e+16,2017,1,1,Road Accidents,Cross roads,City/Town,Near Petrol Pump,Human Error,Yes,Grievous Injury,Hit and Run,Not at  Junction,Others,Service Road,Bitumen(Tar),Dry,Not Applicable,Clear,15th Cross Ring Road,Vild Croft Shoroom,3Km,0.0,0.0,0,0,0.0,0.0
Bengaluru City,Jayanagar Traffic PS,1.04432e+16,2017,1,2,Road Accidents,Other,City/Town,Near Hospital,Human Error,Yes,Grievous Injury,Hit and Run,Not Applicable,Others,City or Town Road,Bitumen(Tar),Dry,Not Applicable,Clear,arekere 1st main reliance mart near,banneraghatta road,4km,0.0,0.0,0,0,0.0,0.0
Bengaluru City,Jayanagar Traffic PS,1.04432e+16,2017,1,1,Road Accidents,Other,City/Town,Near office complex,Human Error,Yes,Grievous Injury,Hit pedestrian,Controlled,Curve,City or Town Road,Bitumen(Tar),Dry,Not Applicable,Clear,"14th Main, 20th Cross In Frount Od Swming Pool",14th Main 20th Cross In Frount Od Swming Pool,800Mtr,0.0,0.0,0,0,0.0,0.0
Bengaluru City,Jayanagar Traffic PS,1.04432e+16,2017,1,1,Road Accidents,Other,City/Town,Near Bus stop,Human Error,Yes,Grievous Injury,Hit and Run,No signal lights,Others,City or Town Road,Bitumen(Tar),Dry,Not Applicable,Clear,46th Cross,Sangam circal,1.5 Km,0.0,0.0,0,0,0.0,0.0
Bengaluru City,Jayanagar Traffic PS,1.04432e+16,2017,1,2,Road Accidents,Junction,City/Town,Residential area,Human Error,No,Damage Only,Others,No signal lights,Hump,City or Town Road,Bitumen(Tar),Dry,Not Applicable,Clear,10th Main Near Shalini Ground,Hopcoms,1km,0.0,0.0,0,0,0.0,0.0
Bengaluru City,Jayanagar Traffic PS,1.04432e+16,2017,1,2,Road Accidents,Cross roads,City/Town,Residential area,Human Error,No,Grievous Injury,Others,No signal lights,Curve,City or Town Road,Bitumen(Tar),Dry,Not Applicable,Clear,30th Cross Road jayanagara 4th Blcok,30th Cross Road,1km,0.0,0.0,0,0,0.0,0.0
Bengaluru City,Jayanagar Traffic PS,1.04432e+16,2017,1,2,Road Accidents,Other,City/Town,Residential area,Human Error,No,Grievous Injury,Others,Controlled,Others,City or Town Road,Bitumen(Tar),Dry,Not Applicable,Clear,15TH CRS RING ROAD,JP NAGARA,1.5 KM,0.0,0.0,0,0,0.0,0.0
Bengaluru City,Jayanagar Traffic PS,1.04432e+16,2017,1,2,Road Accidents,Junction,City/Town,Near Petrol Pump,Human Error,No,Simple Injury,Others,Controlled,Others,City or Town Road,Bitumen(Tar),Dry,Not Applicable,Clear,15TH CROSS RING ROAD,JP NAGARA,1.5 KM,0.0,0.0,0,0,0.0,0.0
Bengaluru City,Jayanagar Traffic PS,1.04432e+16,2017,1,1,Road Accidents,Junction,City/Town,Residential area,Human Error,No,Grievous Injury,Hit pedestrian,Controlled,Others,City or Town Road,Bitumen(Tar),Dry,Not Applicable,Clear,10 C Main Road,3rd Cross Road,1.5Km,0.0,0.0,0,0,0.0,0.0
Bengaluru City,Jayanagar Traffic PS,1.04432e+16,2017,1,2,Road Accidents,Junction,City/Town,Near Hospital,Human Error,Yes,Grievous Injury,Hit and Run,Signal lights Blinking,Others,City or Town Road,Bitumen(Tar),Dry,Not Applicable,Clear,Southend Circle,3rd Block Jayanagara,2Km,0.0,0.0,0,0,0.0,0.0
Bengaluru City,Jayanagar Traffic PS,1.04432e+16,2017,1,2,Road Accidents,Cross roads,City/Town,Residential area,Human Error,No,Grievous Injury,Others,Controlled,Others,Others,Bitumen(Tar),Dry,Not Applicable,Clear,39th E Cross,4th T Block Jayanagara,1.5Km,0.0,0.0,0,0,0.0,0.0
Bengaluru City,Jayanagar Traffic PS,1.04432e+16,2017,1,2,Road Accidents,Other,City/Town,Near office complex,Human Error,No,Simple Injury,Others,Controlled,Others,Others,Bitumen(Tar),Dry,Not Applicable,Clear,46th Cross Road,Near Centrel Mall,3Km,0.0,0.0,0,0,0.0,0.0
Bengaluru City,Jayanagar Traffic PS,1.04432e+16,2017,1,2,Road Accidents,Other,City/Town,Near School or College,Human Error,No,Simple Injury,Others,No signal lights,Others,City or Town Road,Bitumen(Tar),Dry,Not Applicable,Clear,16th Main Road,BES College,1Km,0.0,0.0,0,0,0.0,0.0
Bengaluru City,Jayanagar Traffic PS,1.04432e+16,2017,1,1,Road Accidents,Junction,City/Town,Near Bus stop,Human Error,No,Grievous Injury,Hit animal,Controlled,Others,City or Town Road,Bitumen(Tar),Dry,Not Applicable,Clear,15 th cross idea showroom,jp nagara,3km,0.0,0.0,0,0,0.0,0.0
Bengaluru City,Jayanagar Traffic PS,1.04432e+16,2017,1,2,Road Accidents,Junction,City/Town,Residential area,Human Error,No,Grievous Injury,Head on,Controlled,Others,City or Town Road,Bitumen(Tar),Dry,Not Applicable,Clear,16th Main Road,34th Cross Road,800Mtr,0.0,0.0,0,0,0.0,0.0
Bengaluru City,Jayanagar Traffic PS,1.04432e+16,2017,1,2,Road Accidents,Junction,City/Town,Near Bus stop,Human Error,Yes,Damage Only,Hit and Run,Controlled,Others,City or Town Road,Bitumen(Tar),Dry,Not Applicable,Clear,Arekere Gate,Rilance Mart,4KM,0.0,0.0,0,0,0.0,0.0
Bengaluru City,Jayanagar Traffic PS,1.04432e+16,2017,1,1,Road Accidents,Cross roads,City/Town,In bazaar,Human Error,Not Applicable,Simple Injury,Skidding or Self accident,Not at  Junction,Others,City or Town Road,Bitumen(Tar),Dry,Not Applicable,Clear,9th Main Road,Near Kuchalamba Junction,1Km,0.0,0.0,0,0,0.0,0.0
Bengaluru City,Jayanagar Traffic PS,1.04432e+16,2017,1,2,Road Accidents,Cross roads,City/Town,Near School or College,Human Error,No,Grievous Injury,Side swipe,Not at  Junction,Others,City or Town Road,Bitumen(Tar),Dry,Not Applicable,Clear,Near National College,8th Blcok Jayanagara,800Mtr,0.0,0.0,0,0,0.0,0.0
Bengaluru City,Jayanagar Traffic PS,1.04432e+16,2017,1,1,Road Accidents,Other,City/Town,Near Hospital,Human Error,Not Applicable,Grievous Injury,Others,Controlled,Others,Others,Bitumen(Tar),Dry,Not Applicable,Clear,Akkamahadevi Park,Near Aravinada Junction,1.5Km,0.0,0.0,0,0,0.0,0.0
Bengaluru City,Jayanagar Traffic PS,1.04432e+16,2017,1,2,Road Accidents,Cross roads,City/Town,Near School or College,Human Error,No,Grievous Injury,Others,Controlled,Others,City or Town Road,Bitumen(Tar),Dry,Not Applicable,Clear,14th Cross,35th Main,3km,0.0,0.0,0,0,0.0,0.0
Bengaluru City,Jayanagar Traffic PS,1.04432e+16,2017,1,2,Road Accidents,Other,City/Town,Near School or College,Human Error,No,Grievous Injury,Others,Controlled,Others,City or Town Road,Bitumen(Tar),Dry,Not Applicable,Clear,"29th Main Road, 10 B Main road",J P nagara 1st Phase,2.5Km,0.0,0.0,0,0,0.0,0.0
Bengaluru City,Jayanagar Traffic PS,1.04432e+16,2017,1,2,Road Accidents,Circle,City/Town,Near a religious place,Human Error,No,Damage Only,Rear end,Controlled,Not Applicable,City or Town Road,Bitumen(Tar),Dry,Not Applicable,Clear,27th Cross Jayanagara 3rd Block,27th Cross,500Mtr,0.0,0.0,0,0,0.0,0.0
Bengaluru City,Jayanagar Traffic PS,1.04432e+16,2017,1,2,Road Accidents,T Junction,City/Town,Near School or College,Human Error,No,Grievous Injury,Right Turn Collision,Not at  Junction,Others,City or Town Road,Bitumen(Tar),Dry,Not Applicable,Clear,16thMain,32nd Cross,1.5Km,0.0,0.0,0,0,0.0,0.0
Bengaluru City,Jayanagar Traffic PS,1.04432e+16,2017,1,2,Road Accidents,Other,City/Town,Near Bus stop,Human Error,No,Damage Only,Others,Controlled,Others,City or Town Road,Bitumen(Tar),Dry,Not Applicable,Clear,5th Main Road,4th Block Jayanagara,600Mtr,0.0,0.0,0,0,0.0,0.0
Bengaluru City,Jayanagar Traffic PS,1.04432e+16,2017,1,2,Road Accidents,Other,City/Town,Residential area,Human Error,No,Grievous Injury,Others,Controlled,Others,City or Town Road,Bitumen(Tar),Dry,Not Applicable,Clear,9th Main Road,46th Cross Road,1.5Km,0.0,0.0,0,0,0.0,0.0
Bengaluru City,Jayanagar Traffic PS,1.04432e+16,2017,1,2,Road Accidents,Cross roads,City/Town,Near Bus stop,Human Error,No,Grievous Injury,Others,No signal lights,Others,City or Town Road,Bitumen(Tar),Dry,Not Applicable,Clear,40th Cross jayanagara 5th Block,bus stop,2km,0.0,0.0,0,0,0.0,0.0
Bengaluru City,Jayanagar Traffic PS,1.04432e+16,2017,1,2,Road Accidents,T Junction,City/Town,Residential area,Human Error,Yes,Grievous Injury,Hit and Run,Controlled,Others,City or Town Road,Bitumen(Tar),Dry,Not Applicable,Clear,31st Main Road,Near Oxford College,2.5Km,0.0,0.0,0,0,0.0,0.0
Bengaluru City,Jayanagar Traffic PS,1.04432e+16,2017,1,2,Road Accidents,Junction,City/Town,Near office complex,Human Error,No,Simple Injury,Head on,Controlled,Others,City or Town Road,Bitumen(Tar),Dry,Not Applicable,Clear,33rd cross 4th block,jayanagara,200mtr,0.0,0.0,0,0,0.0,0.0
Bengaluru City,Jayanagar Traffic PS,1.04432e+16,2017,1,2,Road Accidents,Junction,City/Town,Near office complex,Human Error,Yes,Simple Injury,Hit and Run,Controlled,Not Applicable,City or Town Road,Bitumen(Tar),Others,Not Applicable,Clear,24th Mian Nadini Hptel Nera,24th Mian Nadini Hptel Nera,2.5klm,0.0,0.0,0,1,0.0,1.0
Bengaluru City,Jayanagar Traffic PS,1.04432e+16,2017,1,2,Road Accidents,T Junction,City/Town,Residential area,Human Error,Yes,Grievous Injury,Hit and Run,Controlled,Curve,City or Town Road,Bitumen(Tar),Dry,Not Applicable,Clear,39th Main & 7th Cross junction J P Nagara 1st Phase,39th Main & 7th Cross junction,2klm,0.0,0.0,0,0,0.0,0.0
Bengaluru City,Jayanagar Traffic PS,1.04432e+16,2017,1,1,Road Accidents,Other,City/Town,Open area,Human Error,Yes,Grievous Injury,Hit and Run,Controlled,Others,City or Town Road,Bitumen(Tar),Dry,Not Applicable,Clear,"9th A Main Road, 2nd Block Jayanagara",9th A Main Road,2klm,0.0,0.0,0,0,0.0,0.0
Bengaluru City,Jayanagar Traffic PS,1.04432e+16,2017,1,1,Road Accidents,Not Applicable,City/Town,Near office complex,Human Error,No,Grievous Injury,Hit pedestrian,Controlled,Not Applicable,City or Town Road,Bitumen(Tar),Dry,Not Applicable,Clear,Brigada Mileniom Main Roa Near Gneasha Temple J P Nagara,Brigada Mileniom Main Roa Near,3.5Km,12.891163,77.594358,0,0,0.0,0.0
Bengaluru City,Jayanagar Traffic PS,1.04432e+16,2017,1,1,Road Accidents,Other,City/Town,Open area,Human Error,No,Fatal,Hit pedestrian,Controlled,Others,City or Town Road,Bitumen(Tar),Dry,Not Applicable,Clear,"9th Cross, 4th Main Road",9th Cross 4th Main Road,3klm,12.9102093,77.5935776,0,0,0.0,0.0