DISTRICTNAME,UNITNAME,Crime_No,Year,RI,Noofvehicle_involved,Accident_Classification,Accident_Spot,Accident_Location,Accident_SubLocation,Main_Cause,Hit_Run,Severity,Collision_Type,Junction_Control,Road_Character,Road_Type,Surface_Type,Surface_Condition,Road_Condition,Weather,Accident_Road,Landmark_first,Distance_LandMark_First,Latitude,Longitude,Road_Condition_Score,Surface_Condition_Score,Surface_Type_Score,Road_Risk_Index
Bengaluru City,Jayanagar Traffic PS,1.04432e+16,2019,1,2,Road Accidents,Junction,City/Town,Residential area,Human Error,No,Grievous Injury,Vehicle to Vehicle,No signal lights,Others,Others,Bitumen(Tar),Dry,Not Applicable,Clear,8th Main Road 16th cross Road Junction Jayanagar 3rd Block,16th cross Road Junction,500 Mt,12.935852,77.582735,0,0,0.0,0.0
Bengaluru City,Jayanagar Traffic PS,1.04432e+16,2019,1,2,Road Accidents,Junction,City/Town,Near office complex,Human Error,Yes,Grievous Injury,Vehicle to Vehicle,No signal lights,Others,Two way,Bitumen(Tar),Dry,Not Applicable,Clear,Near Sangam Circle 2nd Main 8th Block  Jayanagar,Near Sangam Circle 2nd Main,1klm,0.0,0.0,0,0,0.0,0.0
Bengaluru City,Jayanagar Traffic PS,1.04432e+16,2019,1,1,Road Accidents,Not Applicable,City/Town,Near office complex,Human Error,Yes,Grievous Injury,Hit pedestrian,Not at  Junction,Straight and flat,Two way,Bitumen(Tar),Dry,Not Applicable,Clear,15th Cross Road Ring Road Sindura Kalyanamantap,15th Cross Road Ring Road,2klm,0.0,0.0,0,0,0.0,0.0
Bengaluru City,Jayanagar Traffic PS,1.04432e+16,2019,1,2,Road Accidents,Not Applicable,City/Town,Open area,Human Error,Yes,Fatal,Vehicle to Vehicle,No signal lights,Straight and flat,Two way,Bitumen(Tar),Dry,Not Applicable,Others,4th Main Road Near Metro Pillar No P-4 4th Cross jayanagara 4th Block,4th Main Road Near Metro,0.5klm,0.0,0.0,0,0,0.0,0.0
Bengaluru City,Jayanagar Traffic PS,1.04432e+16,2019,1,1,Road Accidents,Cross roads,City/Town,Narrow bridge or culverts,Human Error,No,Fatal,Hit pedestrian,Not at  Junction,Others,Two way,Bitumen(Tar),Dry,Not Applicable,Clear,Near Dalmiya Junction 15th Cross Ring Road 14th Main Road J P Nagara 2nd Phase,Near Dalmiya Junction 15th Cross Ring Road 14th Main Road,3Km,0.0,0.0,0,0,0.0,0.0
Bengaluru City,Jayanagar Traffic PS,1.04432e+16,2019,1,1,Road Accidents,Cross roads,City/Town,Open area,Human Error,Yes,Grievous Injury,Hit pedestrian,Signal lights Not working,Curve,Two way,Bitumen(Tar),Dry,Not Applicable,Clear,Siddapura Main Road Opp Lal Bagh South Gate Jayanagara 1st Block,Siddapura Main Road Opp Lal Bagh South Gate,2klm,0.0,0.0,0,0,0.0,0.0
Bengaluru City,Jayanagar Traffic PS,1.04432e+16,2019,1,1,Road Accidents,Not Applicable,City/Town,Near office complex,Human Error,Yes,Grievous Injury,Hit pedestrian,No signal lights,Straight and flat,Two way,Bitumen(Tar),Dry,Not Applicable,Clear,In Frount Of Vijaya Bank Near Ganesha Templae Arekere Mico layout Main Road,In Frount Of Vijaya Bank Near Ganesha,3.5klm,12.891083,77.595161,0,0,0.0,0.0
Bengaluru City,Jayanagar Traffic PS,1.04432e+16,2019,1,1,Road Accidents,Junction,City/Town,Near office complex,Human Error,Yes,Grievous Injury,Hit pedestrian,No signal lights,Not Applicable,Two way,Bitumen(Tar),Dry,Not Applicable,Clear,16th  Cross Road & 18th Main Road Junction J P Nagara 5th Phase,16th  Cross Road & 18th Main Road Junction,2klm,0.0,0.0,0,0,0.0,0.0
Bengaluru City,Jayanagar Traffic PS,1.04432e+16,2019,1,1,Road Accidents,Junction,City/Town,Near Bus stop,Human Error,No,Grievous Injury,Hit pedestrian,Signal lights Automatic,Straight and flat,Two way,Bitumen(Tar),Dry,Not Applicable,Clear,Bansahankari Circle Near BSK Bus Stop Kanakapur Main Road Jayanagara 8th Block,Bansahankari Circle Near BSK Bus Stop Kanakapur Main Road,1.5klm,0.0,0.0,0,0,0.0,0.0
Bengaluru City,Jayanagar Traffic PS,1.04432e+16,2019,1,1,Road Accidents,Not Applicable,City/Town,Near office complex,Human Error,No,Fatal,Hit pedestrian,Not at  Junction,Straight and flat,Two way,Bitumen(Tar),Dry,Not Applicable,Clear,"15th Cross 14th Main Road, J P nagara 2nd Phase Bengalore",15th Cross 14th Main Road,2.5klm,0.0,0.0,0,0,0.0,0.0
Bengaluru City,Jayanagar Traffic PS,1.04432e+16,2019,1,1,Road Accidents,Not Applicable,City/Town,Open area,Human Error,No,Fatal,Not Applicable,Not at  Junction,Straight and flat,Not Applicable,Bitumen(Tar),Dry,Not Applicable,Clear,Near House No 185 Kothanuru Dinne Main J R Lavender Apartment Road J P Nagar 8th Phase,Near House No 185 Kothanuru Dinne Main J R Lavender Apartment Road,4klm,0.0,0.0,0,0,0.0,0.0
Bengaluru City,Jayanagar Traffic PS,1.04432e+16,2019,1,2,Road Accidents,Not Applicable,City/Town,Near office complex,Human Error,Yes,Fatal,Vehicle to Vehicle,Not at  Junction,Straight and flat,Two way,Bitumen(Tar),Dry,Not Applicable,Clear,"IDBI Bank Opp, 24th Road J P Nagara 5th Phase",IDBI Bank Opp 24th Road,3kkm,12.904009,77.585755,0,0,0.0,0.0
Bengaluru City,Jayanagar Traffic PS,1.04432e+16,2019,1,1,Road Accidents,Narrow road,City/Town,Residential area,Human Error,No,Grievous Injury,Hit pedestrian,No signal lights,Not Applicable,Two way,Bitumen(Tar),Dry,Not Applicable,Clear,7th Cross Near 2nd Main Road Siddapura 1st Block Jayanagar,7th Cross Near 2nd Main Road,2klm,12.942811,77.592916,0,0,0.0,0.0
Bengaluru City,Jayanagar Traffic PS,1.04432e+16,2019,1,2,Road Accidents,Junction,City/Town,Near office complex,Human Error,Yes,Grievous Injury,Vehicle to Vehicle,No signal lights,Straight and flat,Two way,Bitumen(Tar),Dry,Not Applicable,Clear,"Near Pue Coffee Shop 36th Cross, 6th Main jayanagara 5th Block Bengalaore",Near Pue Coffee Shop 36th Cross 6th Main,4klm,0.0,0.0,0,0,0.0,0.0
Bengaluru City,Jayanagar Traffic PS,1.04432e+16,2019,1,2,Road Accidents,Junction,City/Town,Near office complex,Human Error,Yes,Grievous Injury,Vehicle to Vehicle,Signal lights Automatic,Others,Two way,Bitumen(Tar),Dry,Not Applicable,Clear,Near J S S Junction Jayanagara 8th Block,Near J S S Junction,1.5klm,0.0,0.0,0,0,0.0,0.0
Bengaluru City,Jayanagar Traffic PS,1.04432e+16,2019,1,1,Road Accidents,Not Applicable,City/Town,Near Hospital,Human Error,No,Fatal,Not Applicable,Not at  Junction,Curve,Two way,Bitumen(Tar),Dry,Not Applicable,Clear,Under Bridge Of Nimhans Hospital Campus Siddapura,Under Bridge Of Nimhans,2km,12.941151,77.597499,0,0,0.0,0.0
Bengaluru City,Jayanagar Traffic PS,1.04432e+16,2019,1,1,Road Accidents,Narrow road,City/Town,Residential area,Human Error,No,Fatal,Not Applicable,Not at  Junction,Straight and flat,Two way,Bitumen(Tar),Dry,Not Applicable,Clear,"14th Cross, 33rd main Road",J P nagara 1st Phase,2.5 KM,12.907088,77.580293,0,0,0.0,0.0
Bengaluru City,Jayanagar Traffic PS,1.04432e+16,2019,1,1,Road Accidents,Junction,City/Town,Near office complex,Human Error,No,Grievous Injury,Hit pedestrian,Signal lights Automatic,Others,One way,Bitumen(Tar),Dry,Not Applicable,Clear,Canara Bank Junction 27th Cross Road Jayanagara 3rd Block,Canara Bank Junction 27th Cross Road,200mtr,0.0,0.0,0,0,0.0,0.0
Bengaluru City,Jayanagar Traffic PS,1.04432e+16,2019,1,2,Rail Road Accidents,Junction,City/Town,Near office complex,Human Error,Yes,Grievous Injury,Vehicle to Vehicle,No signal lights,Others,Two way,Bitumen(Tar),Dry,Not Applicable,Others,16th Main Road BES Collage Near 4th T Block Jayanagar,16th Main Road BES Collage Near,1km,0.0,0.0,0,0,0.0,0.0
Bengaluru City,Jayanagar Traffic PS,1.04432e+16,2019,1,1,Road Accidents,Not Applicable,City/Town,Near Hospital,Human Error,Yes,Simple Injury,Hit pedestrian,Not at  Junction,Others,One way,Bitumen(Tar),Dry,Not Applicable,Clear,Opp Mallige Hospital Siddapura main Road,Opp Mallige Hospital Siddapura main Road,2.5klm,0.0,0.0,0,0,0.0,0.0
Bengaluru City,Jayanagar Traffic PS,1.04432e+16,2019,1,2,Road Accidents,Circle,City/Town,Open area,Human Error,Yes,Fatal,Vehicle to Vehicle,Signals (Not working),Others,Others,Bitumen(Tar),Dry,Not Applicable,Clear,Lal Baga South Geat Near Siddapura Main Road Jayanagara 1st Block,Lal Baga South Geat Near Siddapura Main Road,2klm,0.0,0.0,0,0,0.0,0.0
Bengaluru City,Jayanagar Traffic PS,1.04432e+16,2019,1,2,Road Accidents,Cross roads,City/Town,Open area,Human Error,No,Grievous Injury,Vehicle to Vehicle,No signal lights,Not Applicable,Others,Bitumen(Tar),Dry,Not Applicable,Clear,11th B Cross Near K E B power House J P Nagara 1st Phase,11th B Cross Near K E B power House,2klm,12.908134,77.580748,0,0,0.0,0.0
Bengaluru City,Jayanagar Traffic PS,1.04432e+16,2019,1,1,Road Accidents,Not Applicable,City/Town,Near office complex,Human Error,No,Grievous Injury,Hit pedestrian,No signal lights,Straight and flat,Two way,Bitumen(Tar),Not Applicable,Not Applicable,Clear,15th Cross Ring Road Max Showroom J P Nagar 4th Phase,15th Cross Ring Road Max Showroom,3klm,0.0,0.0,0,0,0.0,0.0
Bengaluru City,Jayanagar Traffic PS,1.04432e+16,2019,1,2,Road Accidents,Junction,City/Town,Near office complex,Human Error,Yes,Grievous Injury,Vehicle to Vehicle,Signal lights Automatic,Others,Two way,Bitumen(Tar),Dry,Not Applicable,Clear,3rd Main Road Near Dalmia Junction J P Nagara 3rd Phase Bengalore,3rd Main Road Near Dalmia Junction,3km,0.0,0.0,0,0,0.0,0.0
Bengaluru City,Jayanagar Traffic PS,1.04432e+16,2019,1,1,Road Accidents,Curves,City/Town,Near office complex,Human Error,No,Grievous Injury,Hit pedestrian,Controlled,Others,Two way,Bitumen(Tar),Dry,Not Applicable,Clear,24th Main Road,17th Cross Road,3Km,0.0,0.0,0,0,0.0,0.0
Bengaluru City,Jayanagar Traffic PS,1.04432e+16,2019,1,1,Road Accidents,Cross roads,City/Town,Near Hospital,Human Error,No,Grievous Injury,Hit pedestrian,No signal lights,Straight and flat,Two way,Bitumen(Tar),Dry,Not Applicable,Clear,9th Cross J P Nagara 1st Phase,9th Cross,1.5klm,0.0,0.0,0,0,0.0,0.0
Bengaluru City,Jayanagar Traffic PS,1.04432e+16,2019,1,2,Road Accidents,Junction,City/Town,Near Petrol Pump,Human Error,No,Grievous Injury,Vehicle to Vehicle,Signals (Working),Curve,Two way,Bitumen(Tar),Dry,Not Applicable,Clear,Soth End Circal,Jayanagara 2nd Block,1Km,0.0,0.0,0,0,0.0,0.0
Bengaluru City,Jayanagar Traffic PS,1.04432e+16,2019,1,1,Road Accidents,Junction,City/Town,Near School or College,Human Error,No,Grievous Injury,Hit pedestrian,No signal lights,Others,Two way,Bitumen(Tar),Dry,Not Applicable,Clear,Oxford English School J P Nagara 1st Phase,Oxford English School,2klm,0.0,0.0,0,0,0.0,0.0
Bengaluru City,Jayanagar Traffic PS,1.04432e+16,2019,1,1,Road Accidents,Junction,City/Town,Near office complex,Human Error,Yes,Grievous Injury,Hit pedestrian,Signal lights Automatic,Others,Not Applicable,Bitumen(Tar),Dry,Not Applicable,Clear,35th Main Road 15th Cross Road Junction J P Nagara 6th Phase,35th Main Road 15th Cross Road Junction,2klm,12.906462,77.578239,0,0,0.0,0.0
Bengaluru City,Jayanagar Traffic PS,1.04432e+16,2019,1,1,Road Accidents,Not Applicable,City/Town,Residential area,Human Error,Yes,Fatal,Hit pedestrian,Not at  Junction,Others,Others,Concrete,Dry,Not Applicable,Clear,Thaeamandala Layout Pipe Line Road 4th Cross,Thaeamandala Layout Pipe Line Road,2km,12.914441,77.575799,0,0,0.0,0.0
Bengaluru City,Jayanagar Traffic PS,1.04432e+16,2019,1,1,Road Accidents,Junction,City/Town,Near office complex,Human Error,No,Grievous Injury,Hit pedestrian,No signal lights,Curve,Two way,Bitumen(Tar),Dry,Not Applicable,Clear,30th Cross Opp Maiyas Hotel Jayanagara 4th Block,30th Cross Opp Maiyas Hotel,100mtr,0.0,0.0,0,0,0.0,0.0
Bengaluru City,Jayanagar Traffic PS,1.04432e+16,2019,1,2,Road Accidents,Cross roads,City/Town,Open area,Human Error,No,Grievous Injury,Vehicle to Vehicle,No signal lights,Others,Two way,Bitumen(Tar),Dry,Not Applicable,Clear,15th Cross Road,J P Nagara 2rd Phase,3km,0.0,0.0,0,0,0.0,0.0
Bengaluru City,Jayanagar Traffic PS,1.04432e+16,2019,1,1,Road Accidents,Junction,City/Town,Residential area,Human Error,Yes,Fatal,Hit bicyclist,No signal lights,Others,One way,Bitumen(Tar),Dry,Not Applicable,Clear,8th Main Road Kanakna Pally Near Indira Canteen Hutta Circle,8th Main Road Kanakna Pally Near Indira Canteen Hutta Circle,1.5klm,0.0,0.0,0,0,0.0,0.0
Bengaluru City,Jayanagar Traffic PS,1.04432e+16,2019,1,2,Road Accidents,Junction,City/Town,Residential area,Human Error,Yes,Grievous Injury,Vehicle to Vehicle,Controlled,Others,Two way,Bitumen(Tar),Dry,Not Applicable,Clear,10th C Main 3rd Cross Jayanagara 1st Block,10th C Main 3rd,2klm,0.0,0.0,0,0,0.0,0.0
Bengaluru City,Jayanagar Traffic PS,1.04432e+16,2019,1,1,Road Accidents,Not Applicable,City/Town,Open area,Human Error,No,Fatal,Hit pedestrian,Not at  Junction,Others,Others,Bitumen(Tar),Dry,Not Applicable,Clear,Ragigudda Anjanaiah Temple Opp J P Nagara 2nd Phase,Ragigudda Anjanaiah Temple Opp,2.5klm,0.0,0.0,0,0,0.0,0.0
Bengaluru City,Jayanagar Traffic PS,1.04432e+16,2019,1,1,Road Accidents,Junction,City/Town,Near office complex,Human Error,Yes,Grievous Injury,Hit pedestrian,Signal lights Automatic,Others,Not Applicable,Bitumen(Tar),Dry,Not Applicable,Clear,"Neer Sarajkkr Junction, 15th Cross Outer Ringa Road J P Nagar 6th Phase",Neer Sarajkkr Junction 15th Cross Outer Ringa Road,2klm,12.906518,77.573376,0,0,0.0,0.0
Bengaluru City,Jayanagar Traffic PS,1.04432e+16,2019,1,1,Road Accidents,Not Applicable,City/Town,Near Hospital,Human Error,Yes,Grievous Injury,Not Applicable,No signal lights,Others,Two way,Bitumen(Tar),Dry,Not Applicable,Clear,17th Main Road 2nd A Cross J P Nagara 2nd Phase,17th Mian Road 17th Main Road 2nd A Cross,2klm,0.0,0.0,0,0,0.0,0.0
Bengaluru City,Jayanagar Traffic PS,1.04432e+16,2019,1,2,Road Accidents,Junction,City/Town,Near office complex,Human Error,No,Damage Only,Vehicle to Vehicle,No signal lights,Others,Two way,Bitumen(Tar),Dry,Not Applicable,Clear,5th cross 26th Main Inchara Hotel J P Nagara 6th Phase,5th cross 26th Main Inchara Hotel,3klm,0.0,0.0,0,0,0.0,0.0
Bengaluru City,Jayanagar Traffic PS,1.04432e+16,2019,1,1,Road Accidents,Narrow road,City/Town,Near a religious place,Human Error,No,Grievous Injury,Hit pedestrian,Not at  Junction,Others,One way,Bitumen(Tar),Dry,Not Applicable,Clear,South End Circle Near Bigg Bell Bengalore,South End Circle,1km,0.0,0.0,0,0,0.0,0.0
Bengaluru City,Jayanagar Traffic PS,1.04432e+16,2019,1,2,Road Accidents,Junction,City/Town,In bazaar,Human Error,No,Grievous Injury,Vehicle to Vehicle,Controlled,Others,Two way,Bitumen(Tar),Dry,Not Applicable,Clear,"25th Main Road, Southend B Cross Road",Near Bangalore Central Mall,2.5Km,0.0,0.0,0,0,0.0,0.0
Bengaluru City,Jayanagar Traffic PS,1.04432e+16,2019,1,2,Road Accidents,Junction,City/Town,Residential area,Human Error,No,Grievous Injury,Vehicle to Vehicle,No signal lights,Others,Two way,Bitumen(Tar),Dry,Not Applicable,Clear,14th main Road 34th Cross Junction Jayanagara 4th T Block,14th Main Riad,1km,0.0,0.0,0,0,0.0,0.0
Bengaluru City,Jayanagar Traffic PS,1.04432e+16,2019,1,2,Road Accidents,Not Applicable,City/Town,Near office complex,Human Error,Yes,Grievous Injury,Vehicle to Vehicle,No signal lights,Straight and flat,Two way,Bitumen(Tar),Dry,Not Applicable,Clear,24th Main Road J P nagara 2nd Phase Opp LIC Office Bengalore,24th Main Road J P nagara 2nd Phase Opp,2klm,12.913967,77.585756,0,0,0.0,0.0
Bengaluru City,Jayanagar Traffic PS,1.04432e+16,2019,1,1,Road Accidents,Junction,City/Town,Near office complex,Human Error,Yes,Grievous Injury,Hit pedestrian,No signal lights,Others,Others,Bitumen(Tar),Dry,Not Applicable,Clear,35th Main Road 10th Cross Junction J P Nagar,35th Main Road 10th Cross Road Junction,2klm,12.908977,77.57782,0,0,0.0,0.0
Bengaluru City,Jayanagar Traffic PS,1.04432e+16,2019,1,2,Road Accidents,Junction,City/Town,Near Hospital,Human Error,No,Grievous Injury,Vehicle to Vehicle,Signal lights Automatic,Others,Two way,Bitumen(Tar),Dry,Not Applicable,Clear,24th Main Road 9th Cross Road R V Dentel Junction J P Nagara 1st Phase,24th Main Road 9th Cross Road R V Dentel Junction,2klm,0.0,0.0,0,0,0.0,0.0
Bengaluru City,Jayanagar Traffic PS,1.04432e+16,2020,1,1,Road Accidents,Not Applicable,City/Town,Near School or College,Human Error,No,Grievous Injury,Hit bicyclist,Not at  Junction,Straight and flat,Two way,Bitumen(Tar),Dry,Not Applicable,Clear,Brigade Millenium Road Near M L R Kalyana Mantapa J P Nagar 7th Phase,Brigade Millenium Road,3klm,0.0,0.0,0,0,0.0,0.0
Bengaluru City,Jayanagar Traffic PS,1.04432e+16,2020,1,2,Road Accidents,Not Applicable,City/Town,Near School or College,Human Error,No,Fatal,Not Applicable,Not at  Junction,Not Applicable,Two way,Bitumen(Tar),Dry,Not Applicable,Clear,"Acchappa Layout Road, Near Narayana School, BOB Colony, J P Nagar 7th Phase Bengalore",School BOB Colony,4klm,0.0,0.0,0,0,0.0,0.0
Bengaluru City,Jayanagar Traffic PS,1.04432e+16,2020,1,2,Road Accidents,Not Applicable,City/Town,Near office complex,Human Error,Yes,Grievous Injury,Vehicle to Vehicle,Not at  Junction,Others,Two way,Bitumen(Tar),Dry,Not Applicable,Clear,15th Cross Outer Ring Road Near More Shopping Mall J P Nagara 3rd Phase Bengalore,15th Cross Outer Ring Road Near More Shopping Mall,3klm,0.0,0.0,0,0,0.0,0.0
Bengaluru City,Jayanagar Traffic PS,1.04432e+16,2020,1,2,Road Accidents,Not Applicable,City/Town,Near office complex,Human Error,Yes,Fatal,Vehicle to Vehicle,Not at  Junction,Straight and flat,One way,Bitumen(Tar),Dry,Not Applicable,Clear,"Elephant Rock Road, Opp Kalyan Jewellers jayanagara 3rd Block",Elephant Rock Road Opp Kalyan Jewellers,800Mtr,0.0,0.0,0,0,0.0,0.0
Bengaluru City,Jayanagar Traffic PS,1.04432e+16,2020,1,2,Road Accidents,Not Applicable,City/Town,Near office complex,Human Error,No,Grievous Injury,Vehicle to Vehicle,No signal lights,Straight and flat,One way,Bitumen(Tar),Dry,Not Applicable,Clear,"Marigowda Road, Opp Girias Show Room, jayanagara 2nd Block",Marigowda Road Opp Girias Show Room,1.5klm,0.0,0.0,0,0,0.0,0.0
Bengaluru City,Jayanagar Traffic PS,1.04432e+16,2020,1,1,Road Accidents,Junction,City/Town,Near office complex,Human Error,Yes,Grievous Injury,Hit pedestrian,No signal lights,Others,Two way,Bitumen(Tar),Dry,Not Applicable,Clear,15th Ring Road Near 6th B Main Road J P Nagar 3rd Phase,15th Ring Road Near 6th B Main Road,4klm,0.0,0.0,0,0,0.0,0.0
Bengaluru City,Jayanagar Traffic PS,1.04432e+16,2020,1,1,Road Accidents,Not Applicable,City/Town,Near office complex,Human Error,No,Grievous Injury,Hit pedestrian,No signal lights,Others,Two way,Bitumen(Tar),Dry,Not Applicable,Clear,Siddapura Main Road Maati Story Opp Jayanagara 1st Block,Siddapura Main Road Maati Story Opp,1.5klm,0.0,0.0,0,0,0.0,0.0
Bengaluru City,Jayanagar Traffic PS,1.04432e+16,2020,1,1,Road Accidents,Not Applicable,City/Town,Near office complex,Human Error,Yes,Fatal,Hit pedestrian,No signal lights,Others,Two way,Bitumen(Tar),Dry,Not Applicable,Clear,"15th Cross Ring Road, Dolimiya Fly Over 4th Phase J P Nagara",15th Cross Ring Road Dolimiya Fly Over,3klm,0.0,0.0,0,0,0.0,0.0
Bengaluru City,Jayanagar Traffic PS,1.04432e+16,2020,1,2,Road Accidents,Junction,City/Town,Residential area,Human Error,Yes,Fatal,Vehicle to Vehicle,No signal lights,Others,Two way,Bitumen(Tar),Dry,Not Applicable,Clear,"15th Main, 38th Cross Road Junction Jayanagara 4th T Block Bengalore",15th Main 38th Cross Road Junction,1.5klm,0.0,0.0,0,0,0.0,0.0
Bengaluru City,Jayanagar Traffic PS,1.04432e+16,2020,1,2,Road Accidents,Junction,City/Town,Open area,Human Error,Yes,Grievous Injury,Vehicle to Vehicle,No signal lights,Others,Two way,Bitumen(Tar),Dry,Not Applicable,Clear,9th Main 46th Cross Junction 5th Block Jayanagara,9th Main 46th Cross Junction,1klm,0.0,0.0,0,0,0.0,0.0
Bengaluru City,Jayanagar Traffic PS,1.04432e+16,2020,1,2,Road Accidents,Not Applicable,City/Town,Open area,Human Error,Yes,Grievous Injury,Vehicle to Vehicle,Not at  Junction,Curve,Two way,Bitumen(Tar),Dry,Not Applicable,Clear,Near Lalbag South Geat Siddapur Main Road,Near Lalbag South Geat,2klm,0.0,0.0,0,0,0.0,0.0
Bengaluru City,Jayanagar Traffic PS,1.04432e+16,2020,1,2,Road Accidents,Not Applicable,City/Town,Near office complex,Human Error,Yes,Grievous Injury,Vehicle to Vehicle,Signal lights Not working,Curve,Two way,Concrete,Dry,Not Applicable,Clear,"Kanakapura Main Road, 1st B Main Road Junction, Jayanagara 8th Block",Kanakapura Main Road 1st B Main Road Junction,1klm,0.0,0.0,0,0,0.0,0.0
Bengaluru City,Jayanagar Traffic PS,1.04432e+16,2020,1,1,Road Accidents,Junction,City/Town,Near office complex,Human Error,No,Grievous Injury,Hit pedestrian,Not at  Junction,Others,Two way,Bitumen(Tar),Dry,Not Applicable,Clear,Naer Kalyani Magnum J P Nagar  4th Phase Bengalore,Naer Kalyani Magnum,3klm,0.0,0.0,0,0,0.0,0.0
Bengaluru City,Jayanagar Traffic PS,1.04432e+16,2020,1,1,Road Accidents,Junction,City/Town,Residential area,Human Error,Yes,Grievous Injury,Hit pedestrian,No signal lights,Others,Two way,Bitumen(Tar),Dry,Not Applicable,Clear,"9th Cross Road, And  29th Main Road Junction, J P Nagar 1st Phase",9th Cross Road And  29th Main Road Junction,2klm,0.0,0.0,0,0,0.0,0.0
Bengaluru City,Jayanagar Traffic PS,1.04432e+16,2020,1,1,Road Accidents,Narrow road,City/Town,Near office complex,Human Error,No,Fatal,Not Applicable,No signal lights,Others,Two way,Bitumen(Tar),Dry,Not Applicable,Clear,Rajiva Gandhi Road Near Udupi Grand Hotel Jaraganahalli J P Nagara 6th Phase,Rajiva Gandhi Road Near Udupi Grand Hotel,2klm,0.0,0.0,0,0,0.0,0.0
Bengaluru City,Jayanagar Traffic PS,1.04432e+16,2020,1,1,Road Accidents,Junction,City/Town,Near Hospital,Human Error,Yes,Grievous Injury,Hit pedestrian,No signal lights,Others,Two way,Bitumen(Tar),Dry,Not Applicable,Clear,Byrasandra Main Road Opp Siddapura Police Station Bengalore,Byrasandra Main Road Opp,1 1/2,0.0,0.0,0,0,0.0,0.0
Bengaluru City,Jayanagar Traffic PS,1.04432e+16,2020,1,2,Road Accidents,Not Applicable,City/Town,Near office complex,Human Error,Yes,Simple Injury,Vehicle to Vehicle,Not at  Junction,Others,Two way,Bitumen(Tar),Dry,Not Applicable,Clear,Ring Road 15th Cross Opp Damro Furniture Shop J P Nagara 5th Phase,Ring Road 15th Cross Opp Damro Furniture Shop,2km,0.0,0.0,0,0,0.0,0.0
Bengaluru City,Jayanagar Traffic PS,1.04432e+16,2020,1,2,Road Accidents,Not Applicable,City/Town,Near office complex,Human Error,Yes,Grievous Injury,Vehicle to Vehicle,Not at  Junction,Others,Two way,Bitumen(Tar),Dry,Not Applicable,Clear,8th Main Road SLV hotel Opp J P Nagara 3rd Pahse,8th Main Road SLV hotel Opp,3klm,12.915072,77.59502,0,0,0.0,0.0
Bengaluru City,Jayanagar Traffic PS,1.04432e+16,2020,1,2,Road Accidents,Junction,City/Town,Residential area,Human Error,No,Grievous Injury,Vehicle to Vehicle,No signal lights,Others,Two way,Bitumen(Tar),Dry,Not Applicable,Clear,33rd Cross Road And 7th Mian Road Junction Jayanagara 4th Block,33rd Cross Road And 7th Mian Road Junction,02.klm,0.0,0.0,0,0,0.0,0.0
Bengaluru City,Jayanagar Traffic PS,1.04432e+16,2020,1,2,Road Accidents,Junction,City/Town,Residential area,Human Error,Yes,Damage Only,Vehicle to Vehicle,No signal lights,Others,Two way,Bitumen(Tar),Dry,Not Applicable,Clear,"46th Cross Road, Sangam Circle, Jayanagar 8th Block",46th Cross Road Sangam Circle,1klm,0.0,0.0,0,0,0.0,0.0
Bengaluru City,Jayanagar Traffic PS,1.04432e+16,2020,1,2,Road Accidents,Not Applicable,City/Town,Near Bus stop,Human Error,No,Grievous Injury,Vehicle to Vehicle,Not at  Junction,Straight and flat,One way,Concrete,Dry,Not Applicable,Clear,"30th Cross Road, Nera B M T C Bus Stop Jayanagara 4th Block",30th Cross Road Nera B M T C Bus Stop,500mt,0.0,0.0,0,0,0.0,0.0
Bengaluru City,Jayanagar Traffic PS,1.04432e+16,2020,1,1,Road Accidents,Narrow road,City/Town,Residential area,Human Error,No,Fatal,Not Applicable,Not at  Junction,Curve,Two way,Bitumen(Tar),Dry,Not Applicable,Clear,"1st Main Road, Near Open Site Ashtalakashmi Layout J P Nagara 6th Phase Bengalore",1st Main Road Near Open Site Ashtalakashmi Layout,3klm,0.0,0.0,0,0,0.0,0.0
Bengaluru City,Jayanagar Traffic PS,1.04432e+16,2020,1,2,Road Accidents,Junction,City/Town,Open area,Human Error,No,Grievous Injury,Vehicle to Vehicle,No signal lights,Others,Two way,Bitumen(Tar),Dry,Not Applicable,Clear,"33rd Cross, 4th Main  Road Junction, jayangara 4th Block",33rd Cross 4th Main  Road Junction,500mtr,0.0,0.0,0,0,0.0,0.0
Bengaluru City,Jayanagar Traffic PS,1.04432e+16,2020,1,1,Road Accidents,Junction,City/Town,Near office complex,Human Error,Yes,Grievous Injury,Hit pedestrian,No signal lights,Others,Two way,Bitumen(Tar),Dry,Not Applicable,Clear,"8th Mian Road, 22nd Cross Road, Jayangara 3rd Block",8th Mian Road 22nd Cross Road,600mtr,0.0,0.0,0,0,0.0,0.0