DISTRICTNAME,UNITNAME,Crime_No,Year,RI,Noofvehicle_involved,Accident_Classification,Accident_Spot,Accident_Location,Accident_SubLocation,Main_Cause,Hit_Run,Severity,Collision_Type,Junction_Control,Road_Character,Road_Type,Surface_Type,Surface_Condition,Road_Condition,Weather,Accident_Road,Landmark_first,Distance_LandMark_First,Latitude,Longitude,Road_Condition_Score,Surface_Condition_Score,Surface_Type_Score,Road_Risk_Index
Bengaluru City,Jayanagar Traffic PS,1.04432e+16,2020,1,1,Road Accidents,Not Applicable,City/Town,Near office complex,Human Error,No,Fatal,Not Applicable,No signal lights,Straight and flat,One way,Bitumen(Tar),Dry,Not Applicable,Clear,Ring Road 15th Cross Near More Shopping  Mall J P Nagar 3rd Phase,Ring Road 15th Cross Near More Shopping  Mall,3km,0.0,0.0,0,0,0.0,0.0
Bengaluru City,Jayanagar Traffic PS,1.04432e+16,2020,1,2,Road Accidents,Not Applicable,City/Town,Open area,Human Error,Yes,Grievous Injury,Vehicle to Vehicle,No signal lights,Others,One way,Bitumen(Tar),Dry,Not Applicable,Clear,"4th Main Road, Near 40th Cross Road 5th block Jayanagara",4th Main Road Near 40th Cross Road,1klm,0.0,0.0,0,0,0.0,0.0
Bengaluru City,Jayanagar Traffic PS,1.04432e+16,2020,1,2,Road Accidents,Junction,City/Town,Open area,Human Error,No,Grievous Injury,Vehicle to Vehicle,No signal lights,Others,Two way,Bitumen(Tar),Dry,Not Applicable,Clear,"5th Main Road, 33rd cross Junction Jayanagara 4th Block",5th Main Road 33rd cross Junction,500mtr,0.0,0.0,0,0,0.0,0.0
Bengaluru City,Jayanagar Traffic PS,1.04432e+16,2020,1,2,Road Accidents,Junction,City/Town,Near office complex,Human Error,Yes,Fatal,Vehicle to Vehicle,No signal lights,Others,One way,Bitumen(Tar),Wet,Not Applicable,Light Rain,15th Cross Ring Road & 14th Main Road Junction J P Nagara 5th Phase,15th Cross Ring Road & 14th Main Road Junction,3klm,0.0,0.0,0,3,0.0,3.0
Bengaluru City,Jayanagar Traffic PS,1.04432e+16,2020,1,1,Road Accidents,Not Applicable,City/Town,Near Hospital,Human Error,Yes,Grievous Injury,Not Applicable,Not at  Junction,Others,Not Applicable,Not Applicable,Dry,Not Applicable,Clear,Infront Of Nmihans Hospital Emergency Siddapur Jayanagara 1st Block,Infront Of Nmihans Hospital Emergency Siddapur,2klm,0.0,0.0,0,0,0.0,0.0
Bengaluru City,Jayanagar Traffic PS,1.04432e+16,2020,1,1,Road Accidents,Not Applicable,City/Town,At pedestrian Crossing,Human Error,Yes,Fatal,Hit pedestrian,Not Applicable,Others,One way,Bitumen(Tar),Dry,Not Applicable,Clear,Kanakapura Main Road Near BSK Metro Station jayanagara 8th Block,Kanakapura Main Road Near BSK Metro Station,1.5klm,0.0,0.0,0,0,0.0,0.0
Bengaluru City,Jayanagar Traffic PS,1.04432e+16,2020,1,2,Road Accidents,Not Applicable,City/Town,Near Petrol Pump,Not Applicable,Yes,Grievous Injury,Vehicle to Vehicle,No signal lights,Straight and flat,Two way,Bitumen(Tar),Dry,Not Applicable,Clear,"Opp Essar Petrol Bunk, 24th Main Road, J P Nagar 2nd Phase Bengalore",Opp Essar Petrol Bunk 24th Main Road,2.5klm,0.0,0.0,0,0,0.0,0.0
Bengaluru City,Jayanagar Traffic PS,1.04432e+16,2020,1,1,Road Accidents,Not Applicable,City/Town,Residential area,Human Error,Yes,Grievous Injury,Hit pedestrian,No signal lights,Not Applicable,Two way,Bitumen(Tar),Dry,Not Applicable,Clear,"House No 23 Near, 11th Main Road, Nataraj Layout, J P Nagara 7th Phase",House No 23 Near 11th Main Road Nataraj Layout,3klm,0.0,0.0,0,0,0.0,0.0
Bengaluru City,Jayanagar Traffic PS,1.04432e+16,2020,1,1,Road Accidents,Not Applicable,City/Town,Near Hospital,Human Error,Yes,Grievous Injury,Hit pedestrian,No signal lights,Others,Two way,Bitumen(Tar),Dry,Not Applicable,Clear,"Near Hitech kidney Hospitel, 32nd Cross Road, 7th block Jayanagara",Near Hitech kidney Hospitel 32nd Cross Road,300mtr,0.0,0.0,0,0,0.0,0.0
Bengaluru City,Jayanagar Traffic PS,1.04432e+16,2020,1,1,Road Accidents,Not Applicable,City/Town,Near Hospital,Human Error,No,Fatal,Not Applicable,No signal lights,Others,Two way,Concrete,Dry,Not Applicable,Clear,Kanakapura Main Road Near NetraDhama Hospital,Kanakapura Main Road,1klm,0.0,0.0,0,0,0.0,0.0
Bengaluru City,Jayanagar Traffic PS,1.04432e+16,2020,1,1,Road Accidents,Junction,City/Town,Near office complex,Human Error,Yes,Fatal,Hit pedestrian,No signal lights,Others,Two way,Bitumen(Tar),Dry,Construction Work / Material,Clear,"46th Cross Road, Marenhalli Metro Construction, Jayanagara 5th Block",46th Cross Road Marenhalli Metro Construction,1.5klm,0.0,0.0,2,0,0.0,2.0
Bengaluru City,Jayanagar Traffic PS,1.04432e+16,2020,1,2,Road Accidents,Cross roads,City/Town,Near Petrol Pump,Human Error,No,Grievous Injury,Vehicle to Vehicle,No signal lights,Others,Two way,Bitumen(Tar),Dry,Not Applicable,Clear,"Near Nayara Petrol Bunk, Brigade Millenium Road, Nataraj Layout J P Nagara 7th Phase",Near Nayara Petrol Bunk Brigade Millenium Road Nataraj Layout,5klm,0.0,0.0,0,0,0.0,0.0
Bengaluru City,Jayanagar Traffic PS,1.04432e+16,2020,1,1,Road Accidents,Not Applicable,City/Town,Residential area,Human Error,No,Fatal,Not Applicable,Not at  Junction,Others,Two way,Bitumen(Tar),Dry,Not Applicable,Clear,"1st Cros Road, Sun City Layout, J P Nagar 7th Phase",1st Cros Road Sun City Layout,6.5klm,0.0,0.0,0,0,0.0,0.0
Bengaluru City,Jayanagar Traffic PS,1.04432e+16,2020,1,2,Road Accidents,Junction,City/Town,Near office complex,Human Error,No,Grievous Injury,Vehicle to Vehicle,No signal lights,Not Applicable,One way,Bitumen(Tar),Dry,Not Applicable,Clear,Near Nexa Show Room 20th Main 15th Cross Ring Road Junction J P Nagar 2nd Phase,Near Nexa Show Room 20th Main 15th Cross Ring Road Junction,3klm,0.0,0.0,0,0,0.0,0.0
Bengaluru City,Jayanagar Traffic PS,1.04432e+16,2020,1,2,Road Accidents,Junction,City/Town,Residential area,Human Error,No,Grievous Injury,Vehicle to Vehicle,No signal lights,Others,Two way,Bitumen(Tar),Dry,Not Applicable,Clear,J P Nagara 2nd Phase 14th Cross Road,14th Cross Road,3Km,0.0,0.0,0,0,0.0,0.0
Bengaluru City,Jayanagar Traffic PS,1.04432e+16,2020,1,1,Road Accidents,Curves,City/Town,Residential area,Human Error,No,Fatal,Not Applicable,No signal lights,Curve,Two way,Bitumen(Tar),Dry,Not Applicable,Clear,Wood Rose Club Back Gate Road. J P Nagar 7th Phase Bengalore,Wood Rose Club Back Gate Road J P Nagar,2klm,0.0,0.0,0,0,0.0,0.0
Bengaluru City,Jayanagar Traffic PS,1.04432e+16,2020,1,2,Road Accidents,Not Applicable,City/Town,Residential area,Human Error,No,Grievous Injury,Vehicle to Vehicle,No signal lights,Straight and flat,Two way,Bitumen(Tar),Dry,Not Applicable,Clear,"Kanakanapalya Main Road, jayanagara 2nd Block Bengalore",Kanakanapalya Main Road,2klm,0.0,0.0,0,0,0.0,0.0
Bengaluru City,Jayanagar Traffic PS,1.04432e+16,2020,1,2,Road Accidents,Junction,City/Town,Near a religious place,Human Error,No,Grievous Injury,Vehicle to Vehicle,No signal lights,Others,Two way,Bitumen(Tar),Dry,Not Applicable,Clear,"Ganesh Temple Junction Arekere Micolayout Main Road, Main J P Nagara",Ganesh Temple Junction,3klm,0.0,0.0,0,0,0.0,0.0
Bengaluru City,Jayanagar Traffic PS,1.04432e+16,2020,1,2,Road Accidents,Circle,City/Town,Near office complex,Human Error,No,Grievous Injury,Vehicle to Vehicle,No signal lights,Others,Two way,Bitumen(Tar),Dry,Not Applicable,Clear,46th Cross And 9th Main Road Junction Jayanagara 5th Block,46th Cross And 9th Main Road Junction,1.5KLM,0.0,0.0,0,0,0.0,0.0
Bengaluru City,Jayanagar Traffic PS,1.04432e+16,2020,1,1,Road Accidents,Junction,City/Town,Near office complex,Human Error,No,Fatal,Not Applicable,No signal lights,Others,Two way,Bitumen(Tar),Dry,Not Applicable,Clear,"7th Main Road, 36th Cross Junction, Jayanagara 4th Block",7th Main Road 36th Cross,500mt,0.0,0.0,0,0,0.0,0.0
Bengaluru City,Jayanagar Traffic PS,1.04432e+16,2020,1,2,Road Accidents,Junction,City/Town,Near office complex,Human Error,Yes,Grievous Injury,Vehicle to Vehicle,No signal lights,Others,One way,Bitumen(Tar),Dry,Not Applicable,Clear,"46th Cross Road, And 9th Main Road, Junction Jayanagara 5th Block",46th Cross Road And 9th Main Road Junction,1km,0.0,0.0,0,0,0.0,0.0
Bengaluru City,Jayanagar Traffic PS,1.04432e+16,2020,1,2,Road Accidents,Not Applicable,City/Town,Near office complex,Human Error,No,Grievous Injury,Vehicle to Vehicle,No signal lights,Others,Two way,Bitumen(Tar),Dry,Not Applicable,Clear,7th Main Road Infront Of Travel Visa Xperts jayanagara 4th Block,7th Main Road Infront Of Travel Visa Xperts,100mtr,0.0,0.0,0,0,0.0,0.0
Bengaluru City,Jayanagar Traffic PS,1.04432e+16,2020,1,2,Road Accidents,Not Applicable,City/Town,Near office complex,Human Error,Yes,Grievous Injury,Vehicle to Vehicle,Not at  Junction,Others,Two way,Bitumen(Tar),Dry,Not Applicable,Clear,"J P Nagara 2nd Pahse 15th Cross Road, Ring Road Near Pump House",Ring Road 15th Cross Near Pump House,3klm,0.0,0.0,0,0,0.0,0.0
Bengaluru City,Jayanagar Traffic PS,1.04432e+16,2020,1,2,Road Accidents,Junction,City/Town,Open area,Human Error,No,Grievous Injury,Vehicle to Vehicle,Police / Manual,Others,Two way,Bitumen(Tar),Dry,Not Applicable,Clear,Ring Road 15th Cross Near Vijay Wheel Alinement 15th Phase J P Nagara,Ring Road 15th Cross Near Vijay Wheel Alinement,2.5klm,0.0,0.0,0,0,0.0,0.0
Bengaluru City,Jayanagar Traffic PS,1.04432e+16,2020,1,2,Road Accidents,Not Applicable,City/Town,Near School or College,Human Error,Yes,Grievous Injury,Vehicle to Vehicle,Not at  Junction,Not Applicable,Others,Bitumen(Tar),Dry,Not Applicable,Clear,"32nd Cross, 2nd Main Near, Bengalore Internationl School jayanagara 7th Block",32nd Cross 2nd Main Near Bengalore Internationl School,500mtr,0.0,0.0,0,0,0.0,0.0
Bengaluru City,Jayanagar Traffic PS,1.04432e+16,2020,1,2,Road Accidents,Junction,City/Town,Near office complex,Human Error,Yes,Grievous Injury,Vehicle to Vehicle,No signal lights,Others,Two way,Bitumen(Tar),Wet,Not Applicable,Cloudy,"10th Cross Road, Sarakki Main Road, J P Nagara 1st Phase",10th Cross Road Sarakki Main Road,2klm,0.0,0.0,0,3,0.0,3.0
Bengaluru City,Jayanagar Traffic PS,1.04432e+16,2020,1,2,Road Accidents,Junction,City/Town,Near office complex,Human Error,No,Grievous Injury,Vehicle to Vehicle,No signal lights,Others,Two way,Bitumen(Tar),Dry,Not Applicable,Clear,"12th Cross Road, 21st Main Road Junction J P Nagara 2nd Phase",12th Cross Road 21st Main Road Junction,2klm,0.0,0.0,0,0,0.0,0.0
Bengaluru City,Jayanagar Traffic PS,1.04432e+16,2020,1,1,Road Accidents,Not Applicable,City/Town,Near office complex,Human Error,Yes,Grievous Injury,Hit pedestrian,Not at  Junction,Others,Two way,Bitumen(Tar),Dry,Not Applicable,Clear,"Kankapura Main Road Metro Piller No EP 38, Opp Prestige Blu Park Office Shakamabri Nagara BSK",Kanakapura Main Road Metro Piller No EP 38 Opp Prestige Blu Park Office,1klm,0.0,0.0,0,0,0.0,0.0
Bengaluru City,Jayanagar Traffic PS,1.04432e+16,2020,1,1,Road Accidents,Not Applicable,City/Town,Residential area,Human Error,Yes,Grievous Injury,Hit pedestrian,No signal lights,Others,Two way,Bitumen(Tar),Dry,Not Applicable,Clear,"No:09, 3rd Cross, Vianayakangara J P Nagara 5th Phase",No 09 3rd Cross Vianayakangara,3klm,0.0,0.0,0,0,0.0,0.0
Bengaluru City,Jayanagar Traffic PS,1.04432e+16,2020,1,1,Road Accidents,Curves,City/Town,Near office complex,Human Error,Yes,Fatal,Hit pedestrian,No signal lights,Others,Two way,Bitumen(Tar),Dry,Not Applicable,Clear,"46th Cross Road, Snagam Circle Jayanagara 8th Block Bengalore",46th Cross Road Snagam Circle,1klm,0.0,0.0,0,0,0.0,0.0
Bengaluru City,Jayanagar Traffic PS,1.04432e+16,2021,1,2,Road Accidents,Junction,City/Town,Near office complex,Human Error,Yes,Simple Injury,Vehicle to Vehicle,No signal lights,Others,Two way,Bitumen(Tar),Dry,Not Applicable,Clear,"7th Cross, Vinayaka Nagara, 5th Phase J P Nagar",7th Cross Vinayaka Nagara,3.5Km,0.0,0.0,0,0,0.0,0.0
Bengaluru City,Jayanagar Traffic PS,1.04432e+16,2021,1,1,Road Accidents,Not Applicable,City/Town,In bazaar,Human Error,No,Simple Injury,Hit pedestrian,Uncontrolled,Straight and flat,Two way,Bitumen(Tar),Dry,Not Applicable,Clear,11th Main Road,Near Swarna Abharana,1 km,0.0,0.0,0,0,0.0,0.0
Bengaluru City,Jayanagar Traffic PS,1.04432e+16,2021,1,2,Road Accidents,Cross roads,City/Town,Residential area,Human Error,No,Grievous Injury,Vehicle to Vehicle,Uncontrolled,Straight and flat,Two way,Bitumen(Tar),Dry,Not Applicable,Clear,3rd Cross And 18th A Main Road,Near B B M P Ground,3 K M,0.0,0.0,0,0,0.0,0.0
Bengaluru City,Jayanagar Traffic PS,1.04432e+16,2021,1,2,Road Accidents,Narrow road,City/Town,Residential area,Human Error,Yes,Grievous Injury,Vehicle to Vehicle,Uncontrolled,Straight and flat,Two way,Bitumen(Tar),Dry,Not Applicable,Clear,Panduranga Nagar Main Road,Near Adhrash Ridham Aparts,5 K M,0.0,0.0,0,0,0.0,0.0
Bengaluru City,Jayanagar Traffic PS,1.04432e+16,2021,1,1,Road Accidents,Cross roads,City/Town,Residential area,Human Error,Yes,Grievous Injury,Hit pedestrian,Uncontrolled,Straight and flat,Residential Street,Bitumen(Tar),Dry,Not Applicable,Clear,"7th Cross, Shakambarinagara J P nagara 1st Phase",Near Siddivinayaka General Store,2 K M,0.0,0.0,0,0,0.0,0.0
Bengaluru City,Jayanagar Traffic PS,1.04432e+16,2021,1,2,Road Accidents,Junction,City/Town,Near office complex,Human Error,No,Grievous Injury,Vehicle to Vehicle,No signal lights,Curve,Two way,Bitumen(Tar),Dry,Not Applicable,Clear,"21st Main Road, 9th Cross Road J P Nagar Bengalore",21st Main Road 9th Cross Road,3klm,0.0,0.0,0,0,0.0,0.0
Bengaluru City,Jayanagar Traffic PS,1.04432e+16,2021,1,2,Road Accidents,Not Applicable,City/Town,Residential area,Human Error,No,Damage Only,Vehicle to Vehicle,Not at  Junction,Others,Two way,Bitumen(Tar),Dry,Not Applicable,Clear,"17th Main Road, J P Nagara 2nd Phase",17th Main Road,2km,0.0,0.0,0,0,0.0,0.0
Bengaluru City,Jayanagar Traffic PS,1.04432e+16,2021,1,2,Road Accidents,Curves,City/Town,Near Bus stop,Human Error,No,Grievous Injury,Vehicle to Vehicle,No signal lights,Curve,Service Road,Bitumen(Tar),Dry,Construction Work / Material,Clear,Near Marenahalli Metro Station 46th Cross J P Nagara 5th Phase,Near Marenahalli Metro Station 46th Cross,2km,0.0,0.0,2,0,0.0,2.0
Bengaluru City,Jayanagar Traffic PS,1.04432e+16,2021,1,1,Road Accidents,Not Applicable,City/Town,Near office complex,Human Error,Yes,Simple Injury,Hit pedestrian,Not at  Junction,Others,Two way,Bitumen(Tar),Dry,Not Applicable,Clear,"15th Cross Ring Road, Near Delmiya Flyover J P Nagar 3rd Phase",15th Cross Ring Road Near Delmiya Flyover,4km,0.0,0.0,0,0,0.0,0.0
Bengaluru City,Jayanagar Traffic PS,1.04432e+16,2021,1,2,Road Accidents,Junction,City/Town,In bazaar,Human Error,Yes,Grievous Injury,Vehicle to Vehicle,Uncontrolled,Straight and flat,Two way,Bitumen(Tar),Dry,Not Applicable,Clear,1st Main Road And 4th Cross Junction,Near Bannegugatta Road,5 K M,0.0,0.0,0,0,0.0,0.0
Bengaluru City,Jayanagar Traffic PS,1.04432e+16,2021,1,1,Road Accidents,Narrow road,City/Town,Near Hospital,Human Error,Yes,Grievous Injury,Hit pedestrian,Uncontrolled,Straight and flat,Two way,Bitumen(Tar),Dry,Not Applicable,Clear,9th Cross J P Nagara 1st Phase,Near Aster R V Hospital,2 km,0.0,0.0,0,0,0.0,0.0
Bengaluru City,Jayanagar Traffic PS,1.04432e+16,2021,1,1,Road Accidents,Narrow road,City/Town,Near School or College,Human Error,Not Applicable,Grievous Injury,Hit pedestrian,Uncontrolled,Straight and flat,Others,Bitumen(Tar),Dry,Not Applicable,Clear,14th Main Road J P Nagara 2nd Phase,Near VET College,3 K M,0.0,0.0,0,0,0.0,0.0
Bengaluru City,Jayanagar Traffic PS,1.04432e+16,2021,1,2,Road Accidents,Junction,City/Town,Near Hospital,Human Error,No,Grievous Injury,Vehicle to Vehicle,Uncontrolled,Straight and flat,Two way,Bitumen(Tar),Dry,Not Applicable,Clear,40th Cross Road,Near Prabha Eye Hospital,1.5,0.0,0.0,0,0,0.0,0.0
Bengaluru City,Jayanagar Traffic PS,1.04432e+16,2021,1,2,Road Accidents,Junction,City/Town,Near Petrol Pump,Human Error,No,Grievous Injury,Vehicle to Vehicle,Signal lights Automatic,Straight and flat,Two way,Bitumen(Tar),Dry,Not Applicable,Clear,South End Circle,Near Lakshman Rao Park,1 K M,0.0,0.0,0,0,0.0,0.0
Bengaluru City,Jayanagar Traffic PS,1.04432e+16,2021,1,1,Road Accidents,Not Applicable,City/Town,Residential area,Human Error,No,Fatal,Not Applicable,Not at  Junction,Straight and flat,Two way,Bitumen(Tar),Dry,Not Applicable,Clear,"6th Cross Road, 4th Main Road, J P Nagara 3rd Phase",6th Cross Road 4th Main Road,4klm,0.0,0.0,0,0,0.0,0.0
Bengaluru City,Jayanagar Traffic PS,1.04432e+16,2021,1,2,Road Accidents,Cross roads,City/Town,Near Bus stop,Human Error,Yes,Grievous Injury,Vehicle to Vehicle,Not at  Junction,Others,Two way,Bitumen(Tar),Dry,Not Applicable,Clear,"30th Cross, Naerc Church Bus Stop, 4th T Block Jayanagara",30th Cross Naerc Church Bus Stop,0.5km,0.0,0.0,0,0,0.0,0.0
Bengaluru City,Jayanagar Traffic PS,1.04432e+16,2021,1,2,Road Accidents,Junction,City/Town,Near office complex,Human Error,No,Grievous Injury,Vehicle to Vehicle,No signal lights,Others,Two way,Bitumen(Tar),Dry,Not Applicable,Clear,"9th Main Road, 40th Cross Junction Jayanagara 5th Block",9th Main Road 40th Cross Junction,0.8klm,0.0,0.0,0,0,0.0,0.0
Bengaluru City,Jayanagar Traffic PS,1.04432e+16,2021,1,1,Road Accidents,Junction,City/Town,Near Bus stop,Human Error,No,Simple Injury,Hit pedestrian,Signal lights Automatic,Others,Two way,Bitumen(Tar),Dry,Not Applicable,Clear,Bansahankari Circle Kabakapura Main Road Jayanagar 8th Phase,Bansahankari Circle Kabakapura Main Road,2km,0.0,0.0,0,0,0.0,0.0
Bengaluru City,Jayanagar Traffic PS,1.04432e+16,2021,1,2,Road Accidents,Junction,City/Town,Residential area,Human Error,Yes,Grievous Injury,Vehicle to Vehicle,No signal lights,Others,Two way,Bitumen(Tar),Dry,Not Applicable,Clear,"7th Main Road, 2nd Cross Junction, Ramaiah City J P Nagara 7th Phase",7th Main Road 2nd Cross Junction Ramaiah City,6KM,0.0,0.0,0,0,0.0,0.0
Bengaluru City,Jayanagar Traffic PS,1.04432e+16,2021,1,1,Road Accidents,Not Applicable,City/Town,Residential area,Human Error,No,Fatal,Not Applicable,No signal lights,Others,Two way,Bitumen(Tar),Dry,Not Applicable,Others,"Near Vaibhav Tranquil Apertment Kottanur Cross Road, L And T South City Arakere J P Nagara",Opp Sri Sayi Paradice Apertment Kottanur Cross Road,6.5KM,0.0,0.0,0,0,0.0,0.0
Bengaluru City,Jayanagar Traffic PS,1.04432e+16,2021,1,1,Road Accidents,Junction,City/Town,Near office complex,Human Error,No,Grievous Injury,Hit pedestrian,Signal lights Manual,Others,Two way,Bitumen(Tar),Dry,Not Applicable,Clear,Opp Siddapura Junction Siddapra Main Road,Opp Siddapura Junction,3Km,0.0,0.0,0,0,0.0,0.0
Bengaluru City,Jayanagar Traffic PS,1.04432e+16,2021,1,1,Road Accidents,Not Applicable,City/Town,Residential area,Human Error,No,Fatal,Not Applicable,No signal lights,Others,Two way,Bitumen(Tar),Wet,Not Applicable,Clear,"In Frount Of No185, Muniswamyraju Estate Kottanur Dinne Road, Nera G R Lavender Apartment J P Nagara",In Frount Of No185 Muniswamyraju Estate Kottanur Dinne Road,7km,0.0,0.0,0,3,0.0,3.0
Bengaluru City,Jayanagar Traffic PS,1.04432e+16,2021,1,2,Road Accidents,Junction,City/Town,Near office complex,Human Error,No,Grievous Injury,Vehicle to Vehicle,No signal lights,Others,Two way,Bitumen(Tar),Dry,Not Applicable,Clear,"17th Main, 2nd Cross, J P Nagar 2nd Phase Bengalore",17th Main 2nd Cross,2km,0.0,0.0,0,0,0.0,0.0
Bengaluru City,Jayanagar Traffic PS,1.04432e+16,2021,1,2,Road Accidents,Not Applicable,City/Town,Residential area,Human Error,No,Simple Injury,Vehicle to Vehicle,Not at  Junction,Straight and flat,Two way,Bitumen(Tar),Dry,Not Applicable,Clear,"Royal Store Opp, 1st Main Road, Byrasandra Jayanagara 1st Block East",Royal Store Opp 1st Main Road Byrasandra,1.5Km,0.0,0.0,0,0,0.0,0.0
Bengaluru City,Jayanagar Traffic PS,1.04432e+16,2021,1,1,Road Accidents,Junction,City/Town,Near office complex,Human Error,Yes,Damage Only,Not Applicable,Signal lights Automatic,Hump,Two way,Bitumen(Tar),Dry,Not Applicable,Clear,"Pedistrian Cross, Sarakki Signal, 15th Cross Ring Road, J P Nagara 6th Phase",Pedistrian Cross Sarakki Signal 15th Cross Ring Road,3km,0.0,0.0,0,0,0.0,0.0
Bengaluru City,Jayanagar Traffic PS,1.04432e+16,2021,1,2,Road Accidents,Not Applicable,City/Town,Open area,Human Error,No,Damage Only,Vehicle to Vehicle,No signal lights,Straight and flat,Two way,Bitumen(Tar),Dry,Not Applicable,Clear,"Nera Nanda Theatre, 4th Main Road, Jayanagar 3rd Block",Nera Nanda Theatre,700Met,0.0,0.0,0,0,0.0,0.0
Bengaluru City,Jayanagar Traffic PS,1.04432e+16,2021,1,2,Road Accidents,Narrow road,City/Town,Near Petrol Pump,Human Error,Yes,Grievous Injury,Vehicle to Vehicle,Uncontrolled,Straight and flat,Two way,Bitumen(Tar),Dry,Not Applicable,Clear,Ring Road 15th Cross J P Nagar 2nd Phase,Near Sampige tree Junction,2.5KM,0.0,0.0,0,0,0.0,0.0
Bengaluru City,Jayanagar Traffic PS,1.04432e+16,2021,1,1,Road Accidents,Not Applicable,City/Town,In bazaar,Not Applicable,Yes,Fatal,Hit pedestrian,Not Applicable,Not Applicable,Two way,Bitumen(Tar),Not Applicable,Not Applicable,Clear,2nd Main Road,Opp New Galaxy mart 2nd Main Road 8th Block Jayanagara Bangalore,2KM,0.0,0.0,0,0,0.0,0.0
Bengaluru City,Jayanagar Traffic PS,1.04432e+16,2021,1,2,Road Accidents,Junction,City/Town,Near School or College,Human Error,No,Grievous Injury,Vehicle to Vehicle,Uncontrolled,Straight and flat,Two way,Bitumen(Tar),Dry,No influence on accident,Clear,16th Mian road and 33rd Cross Junction,Near Bharath Schools,1 K M,0.0,0.0,0,0,0.0,0.0
Bengaluru City,Jayanagar Traffic PS,1.04432e+16,2021,1,2,Road Accidents,Curves,City/Town,Residential area,Human Error,No,Grievous Injury,Vehicle to Vehicle,Not at  Junction,Straight and flat,Two way,Bitumen(Tar),Dry,Not Applicable,Clear,Kanakapura Main Road Opp Krishna Lake View Apartment jayanagara 6th Block,Kanakapura Main Road Opp Krishna Lake View Apartment,1klm,0.0,0.0,0,0,0.0,0.0
Bengaluru City,Jayanagar Traffic PS,1.04432e+16,2021,1,2,Road Accidents,Curves,City/Town,Near School or College,Human Error,No,Grievous Injury,Vehicle to Vehicle,Not at  Junction,Curve,Two way,Bitumen(Tar),Dry,Not Applicable,Clear,"9th Main Road, Tata Cafe Jayanagara 4th T Block Bengalore",9th Main Road Tata Cafe,500mtr,0.0,0.0,0,0,0.0,0.0
Bengaluru City,Jayanagar Traffic PS,1.04432e+16,2021,1,2,Road Accidents,Not Applicable,City/Town,Residential area,Human Error,Yes,Grievous Injury,Vehicle to Vehicle,No signal lights,Others,Two way,Bitumen(Tar),Dry,Not Applicable,Clear,"Opp Nandini Lakview Apt, Sarakki Lake Road, Puttenahalli, J P Nagar 7th Phase",Opp Nandini Lakview Apt Sarakki Lake Road Puttenahalli,4km,0.0,0.0,0,0,0.0,0.0
Bengaluru City,Jayanagar Traffic PS,1.04432e+16,2021,1,2,Road Accidents,Junction,City/Town,Near office complex,Human Error,Yes,Simple Injury,Vehicle to Vehicle,Signal lights Automatic,Others,Two way,Bitumen(Tar),Dry,Not Applicable,Clear,"46th Cross Road, Rajalaxmi junction, 5th Block Jayanagar",46th Cross Road Rajalaxmi junction,1km,0.0,0.0,0,0,0.0,0.0
Bengaluru City,Jayanagar Traffic PS,1.04432e+16,2021,1,2,Road Accidents,Junction,City/Town,Residential area,Human Error,Yes,Simple Injury,Vehicle to Vehicle,No signal lights,Others,Two way,Bitumen(Tar),Wet,Not Applicable,Clear,"38th Cross 2nd Main Junction, Jayanagara 8th Block",38th Cross 2nd Main,1klm,0.0,0.0,0,3,0.0,3.0
Bengaluru City,Jayanagar Traffic PS,1.04432e+16,2021,1,2,Road Accidents,Not Applicable,City/Town,Near Hospital,Not Applicable,Yes,Fatal,Vehicle to Vehicle,Not Applicable,Not Applicable,Others,Not Applicable,Not Applicable,Not Applicable,Not Applicable,"Opp Clumax Daignostic, 9th Main, 3rd Block Jayanagara",Opp clumax,0.5 KM,0.0,0.0,0,0,0.0,0.0
Bengaluru City,Jayanagar Traffic PS,1.04432e+16,2021,1,1,Road Accidents,Junction,City/Town,Open area,Human Error,No,Simple Injury,Hit pedestrian,No signal lights,Others,Two way,Bitumen(Tar),Dry,Not Applicable,Clear,"10th Main Road, And 40th cross Junction 5th Block Jayanagara",10th Main Road And 40th cross Junction,1km,0.0,0.0,0,0,0.0,0.0
Bengaluru City,Jayanagar Traffic PS,1.04432e+16,2021,1,1,Road Accidents,Not Applicable,City/Town,Residential area,Human Error,No,Simple Injury,Not Applicable,Not Applicable,Others,Two way,Bitumen(Tar),Dry,Not Applicable,Clear,"Ring Road 15th Cross Road, J P Nagara 2nd Phase",Ring Road 15th Cross Road,3km,0.0,0.0,0,0,0.0,0.0