DISTRICTNAME,UNITNAME,Crime_No,Year,RI,Noofvehicle_involved,Accident_Classification,Accident_Spot,Accident_Location,Accident_SubLocation,Main_Cause,Hit_Run,Severity,Collision_Type,Junction_Control,Road_Character,Road_Type,Surface_Type,Surface_Condition,Road_Condition,Weather,Accident_Road,Landmark_first,Distance_LandMark_First,Latitude,Longitude,Road_Condition_Score,Surface_Condition_Score,Surface_Type_Score,Road_Risk_Index
Bengaluru City,Jayanagar Traffic PS,1.04432e+16,2021,1,2,Road Accidents,Junction,City/Town,In bazaar,Human Error,Yes,Grievous Injury,Vehicle to Vehicle,Uncontrolled,Straight and flat,Two way,Bitumen(Tar),Dry,Not Applicable,Clear,22nd cross,Near Cosmopaliton Club,1 KM,0.0,0.0,0,0,0.0,0.0
Bengaluru City,Jayanagar Traffic PS,1.04432e+16,2021,1,1,Road Accidents,Not Applicable,City/Town,Residential area,Human Error,No,Grievous Injury,Hit pedestrian,Uncontrolled,Straight and flat,Two way,Bitumen(Tar),Dry,No influence on accident,Clear,46th Cross Road,Near Rajashekar Junction,1,0.0,0.0,0,0,0.0,0.0
Bengaluru City,Jayanagar Traffic PS,1.04432e+16,2021,1,1,Road Accidents,Cross roads,City/Town,In bazaar,Human Error,No,Simple Injury,Hit pedestrian,Uncontrolled,Straight and flat,Two way,Bitumen(Tar),Dry,Not Applicable,Fine,"9th Cross, J P Nagara 1st phase",Near Indiragandhi Circle,2 Km,0.0,0.0,0,0,0.0,0.0
Bengaluru City,Jayanagar Traffic PS,1.04432e+16,2021,1,2,Road Accidents,Junction,City/Town,Near office complex,Human Error,Yes,Simple Injury,Vehicle to Vehicle,Uncontrolled,Straight and flat,Others,Bitumen(Tar),Dry,Not Applicable,Fine,9th Cross and 3rd D Main Road Junction,Near med plus Medicals,2 K M,0.0,0.0,0,0,0.0,0.0
Bengaluru City,Jayanagar Traffic PS,1.04432e+16,2021,1,2,Road Accidents,Junction,City/Town,Residential area,Human Error,No,Grievous Injury,Vehicle to Vehicle,Uncontrolled,Straight and flat,Two way,Bitumen(Tar),Dry,Not Applicable,Clear,4th Cross and 4th Main Road Junction,Near Mini Forest J P Nagara 3rd Phase,3 K M,0.0,0.0,0,0,0.0,0.0
Bengaluru City,Jayanagar Traffic PS,1.04432e+16,2021,1,1,Road Accidents,Not Applicable,City/Town,Narrow bridge or culverts,Not Applicable,No,Fatal,Not Applicable,Not Applicable,Not Applicable,Not Applicable,Not Applicable,Others,Not Applicable,Clear,15th Cross Ring Road,Dalmia Fly over Upper Ramp,5,0.0,0.0,0,1,0.0,1.0
Bengaluru City,Jayanagar Traffic PS,1.04432e+16,2021,1,2,Road Accidents,Not Applicable,City/Town,Open area,Human Error,No,Fatal,Vehicle to Vehicle,No signal lights,Straight and flat,Two way,Bitumen(Tar),Dry,Not Applicable,Others,Kanakapura Main Road Infrount Of Yediyur Lake Jayanaagara 6th Block,Kanakapura Main Road Infrount Of Yediyur Lake,1km,0.0,0.0,0,0,0.0,0.0
Bengaluru City,Jayanagar Traffic PS,1.04432e+16,2021,1,1,Road Accidents,Not Applicable,City/Town,Residential area,Human Error,No,Simple Injury,Not Applicable,Not at  Junction,Straight and flat,Two way,Bitumen(Tar),Dry,Not Applicable,Clear,21st Main Road In Frount Of Ambarish House J P Nagara 2nd Phase,21st Main Road In Frount Of Ambarish House,2km,0.0,0.0,0,0,0.0,0.0
Bengaluru City,Jayanagar Traffic PS,1.04432e+16,2021,1,1,Road Accidents,Junction,City/Town,Near office complex,Human Error,No,Grievous Injury,Hit pedestrian,Uncontrolled,Straight and flat,Two way,Bitumen(Tar),Dry,Not Applicable,Clear,2nd Main road 27th Cross Junction,Near Popular Bajaj Showroom,1 K M,0.0,0.0,0,0,0.0,0.0
Bengaluru City,Jayanagar Traffic PS,1.04432e+16,2021,1,1,Road Accidents,Not Applicable,City/Town,Residential area,Human Error,Yes,Simple Injury,Hit bicyclist,No signal lights,Others,Two way,Bitumen(Tar),Dry,Not Applicable,Clear,"34th Mian Road, And 5th A Cross Road Jumction, J P Nagar 1st Phase",34th Mian Road And 5th A Cross Road Jumction,2km,0.0,0.0,0,0,0.0,0.0
Bengaluru City,Jayanagar Traffic PS,1.04432e+16,2021,1,2,Road Accidents,Junction,City/Town,In bazaar,Human Error,Yes,Grievous Injury,Vehicle to Vehicle,Uncontrolled,Straight and flat,Two way,Bitumen(Tar),Others,Not Applicable,Clear,22nd Cross,Near Cosmopaliton Club,1 K M,0.0,0.0,0,1,0.0,1.0
Bengaluru City,Jayanagar Traffic PS,1.04432e+16,2021,1,2,Road Accidents,Junction,City/Town,Residential area,Human Error,Yes,Grievous Injury,Vehicle to Vehicle,Uncontrolled,Straight and flat,Others,Bitumen(Tar),Others,Not Applicable,Fine,1st Main Road At Mini Forest Park,Near casa ansal Apartment,4 K M,0.0,0.0,0,1,0.0,1.0
Bengaluru City,Jayanagar Traffic PS,1.04432e+16,2021,1,1,Road Accidents,Junction,City/Town,Near office complex,Human Error,No,Grievous Injury,Hit pedestrian,No signal lights,Not Applicable,Two way,Bitumen(Tar),Dry,Not Applicable,Clear,"33rd Cross Road, Raj Dimonds  4th Block Jayanagara",33rd Cross Road Raj Dimonds,1klm,0.0,0.0,0,0,0.0,0.0
Bengaluru City,Jayanagar Traffic PS,1.04432e+16,2021,1,1,Road Accidents,Not Applicable,City/Town,Residential area,Human Error,No,Fatal,Not Applicable,No signal lights,Curve,Two way,Bitumen(Tar),Dry,Not Applicable,Clear,"L & T South City Main Road, J P Nagara 7th Phase",L & T South City Main Road,6km,0.0,0.0,0,0,0.0,0.0
Bengaluru City,Jayanagar Traffic PS,1.04432e+16,2021,1,1,Road Accidents,Not Applicable,City/Town,Near office complex,Human Error,Yes,Simple Injury,Hit pedestrian,No signal lights,Straight and flat,Two way,Bitumen(Tar),Dry,Not Applicable,Clear,"5th Main Nera L&t South City Gate No:01, Arakere Mico Layout 2nd Phase",5th Main Nera L&t South City Gate,6km,0.0,0.0,0,0,0.0,0.0
Bengaluru City,Jayanagar Traffic PS,1.04432e+16,2021,1,2,Road Accidents,Junction,City/Town,Near Hospital,Human Error,No,Grievous Injury,Vehicle to Vehicle,Uncontrolled,Straight and flat,Two way,Bitumen(Tar),Dry,Not Applicable,Clear,7th Main Road and 36th Cross Junction,Near Cardea Clinic,500 MT,0.0,0.0,0,0,0.0,0.0
Bengaluru City,Jayanagar Traffic PS,1.04432e+16,2021,1,2,Not Applicable,Junction,City/Town,Near office complex,Human Error,No,Grievous Injury,Vehicle to Vehicle,No signal lights,Others,Two way,Bitumen(Tar),Dry,Not Applicable,Clear,"38th Cross Road, And 9th Main Road Junction Jayanagar 4th T Block",38th Cross Road And 9th Main Road Junction,1km,0.0,0.0,0,0,0.0,0.0
Bengaluru City,Jayanagar Traffic PS,1.04432e+16,2021,1,2,Road Accidents,Junction,City/Town,Near office complex,Human Error,No,Grievous Injury,Vehicle to Vehicle,No signal lights,Others,Two way,Bitumen(Tar),Dry,Not Applicable,Clear,9th Main 40th Cross Road Junction 5th Block Jayanagar,9th Main 40th Cross Road Junction,1km,0.0,0.0,0,0,0.0,0.0
Bengaluru City,Jayanagar Traffic PS,1.04432e+16,2021,1,2,Road Accidents,Junction,City/Town,Near office complex,Human Error,Yes,Grievous Injury,Vehicle to Vehicle,No signal lights,Hump,Two way,Bitumen(Tar),Dry,Not Applicable,Clear,"T Mariyappa Road Near, Girias Showroom, Jayanagara 2nd Block Bengalore",T Mariyappa Road Near,1km,0.0,0.0,0,0,0.0,0.0
Bengaluru City,Jayanagar Traffic PS,1.04432e+16,2021,1,2,Road Accidents,Junction,City/Town,Residential area,Human Error,Yes,Simple Injury,Vehicle to Vehicle,No signal lights,Others,Two way,Bitumen(Tar),Dry,Not Applicable,Clear,"33rd Cross Road, And 7th Main Road Junction 4th Block jayanagar",33rd Cross Road And 7th Main Road Junction,0.2klm,0.0,0.0,0,0,0.0,0.0
Bengaluru City,Jayanagar Traffic PS,1.04432e+16,2021,1,2,Road Accidents,Junction,City/Town,Near office complex,Human Error,No,Fatal,Vehicle to Vehicle,No signal lights,Others,Two way,Bitumen(Tar),Dry,Not Applicable,Clear,"7th Main Road, Kanakapally Hutta Circle Jayanagara 2nd Block",7th Main Road Kanakapally Hutta Circle,2klm,0.0,0.0,0,0,0.0,0.0
Bengaluru City,Jayanagar Traffic PS,1.04432e+16,2021,1,2,Road Accidents,Junction,City/Town,Residential area,Human Error,Yes,Grievous Injury,Vehicle to Vehicle,No signal lights,Others,Two way,Bitumen(Tar),Dry,Not Applicable,Clear,"36th Cross, 7th Main Road Junction, Jayanagara 5th Block",36th Cross 7th Main Road Junction,0.5,0.0,0.0,0,0,0.0,0.0
Bengaluru City,Jayanagar Traffic PS,1.04432e+16,2021,1,2,Road Accidents,Junction,City/Town,Near Hospital,Human Error,No,Simple Injury,Vehicle to Vehicle,Signal lights Blinking,Straight and flat,Two way,Bitumen(Tar),Dry,Not Applicable,Fine,9th Cross J P Nagara 1st Phase,Near Rajashekar hospital,2 K M,0.0,0.0,0,0,0.0,0.0
Bengaluru City,Jayanagar Traffic PS,1.04432e+16,2022,1,2,Road Accidents,Junction,City/Town,Near office complex,Human Error,No,Grievous Injury,Vehicle to Vehicle,Uncontrolled,Straight and flat,Two way,Bitumen(Tar),Dry,Not Applicable,Clear,32nd Cross and 5th Main Road Junction,Near Tea Villa Cafe,200mtr,0.0,0.0,0,0,0.0,0.0
Bengaluru City,Jayanagar Traffic PS,1.04432e+16,2022,1,2,Road Accidents,Junction,City/Town,Near Hospital,Human Error,No,Grievous Injury,Vehicle to Vehicle,Signal lights Automatic,Straight and flat,Two way,Bitumen(Tar),Dry,Not Applicable,Fine,24th Main Road,Near Aster R V Hospital,2 K M,0.0,0.0,0,0,0.0,0.0
Bengaluru City,Jayanagar Traffic PS,1.04432e+16,2022,1,1,Road Accidents,Not Applicable,City/Town,Near School or College,Human Error,Yes,Grievous Injury,Hit pedestrian,Uncontrolled,Straight and flat,Two way,Bitumen(Tar),Dry,Not Applicable,Clear,"Kanakanapalya Main Road, jayanagara 2nd Block Bengalore",Near R V Teacher School,2 K M,0.0,0.0,0,0,0.0,0.0
Bengaluru City,Jayanagar Traffic PS,1.04432e+16,2022,1,1,Road Accidents,Not Applicable,City/Town,Near Hospital,Human Error,No,Grievous Injury,Hit pedestrian,Uncontrolled,Straight and flat,Others,Concrete,Dry,Not Applicable,Fine,Aster R V Hospital Compound,Near R V Dental Signal,2 K M,0.0,0.0,0,0,0.0,0.0
Bengaluru City,Jayanagar Traffic PS,1.04432e+16,2022,1,2,Road Accidents,Not Applicable,City/Town,Near School or College,Human Error,No,Damage Only,Vehicle to Vehicle,Uncontrolled,Straight and flat,Two way,Bitumen(Tar),Dry,No influence on accident,Fine,32ndCross,Near Bengalore Internataion School,1 K M,0.0,0.0,0,0,0.0,0.0
Bengaluru City,Jayanagar Traffic PS,1.04432e+16,2022,1,2,Road Accidents,Junction,City/Town,Residential area,Human Error,Yes,Grievous Injury,Vehicle to Vehicle,Uncontrolled,Straight and flat,Two way,Bitumen(Tar),Dry,No influence on accident,Clear,8th Main Road and 7th Cross Junction,Near Vasavi Sharadha Hostel,1 K M,0.0,0.0,0,0,0.0,0.0
Bengaluru City,Jayanagar Traffic PS,1.04432e+16,2022,1,2,Road Accidents,Not Applicable,City/Town,In bazaar,Human Error,No,Grievous Injury,Vehicle to Vehicle,Uncontrolled,Straight and flat,Two way,Bitumen(Tar),Dry,Not Applicable,Clear,Puttenhalli Main Road 6th Phase Near J P nagara 7th Phase,Opp IDFC Bank,3 K M,0.0,0.0,0,0,0.0,0.0
Bengaluru City,Jayanagar Traffic PS,1.04432e+16,2022,1,1,Road Accidents,Not Applicable,City/Town,Near Petrol Pump,Human Error,No,Simple Injury,Not Applicable,Uncontrolled,Straight and flat,Two way,Bitumen(Tar),Dry,Not Applicable,Clear,24th Main Road,Opp Kia Showroom,2 K M,0.0,0.0,0,0,0.0,0.0
Bengaluru City,Jayanagar Traffic PS,1.04432e+16,2022,1,2,Road Accidents,Junction,City/Town,Near School or College,Human Error,Yes,Grievous Injury,Vehicle to Vehicle,Uncontrolled,Straight and flat,Two way,Bitumen(Tar),Dry,Not Applicable,Clear,7th Main Road and 4th Cross Junction,Near Bescom Office,4 K M,0.0,0.0,0,0,0.0,0.0
Bengaluru City,Jayanagar Traffic PS,1.04432e+16,2022,1,2,Road Accidents,Not Applicable,City/Town,In bazaar,Human Error,No,Grievous Injury,Vehicle to Vehicle,Uncontrolled,Straight and flat,Two way,Bitumen(Tar),Dry,Not Applicable,Fine,Arakere Main Road,Near Bank of Baroda,6 K M,0.0,0.0,0,0,0.0,0.0
Bengaluru City,Jayanagar Traffic PS,1.04432e+16,2022,1,2,Road Accidents,Junction,City/Town,Residential area,Human Error,Yes,Grievous Injury,Vehicle to Vehicle,Uncontrolled,Straight and flat,Two way,Bitumen(Tar),Dry,No influence on accident,Clear,3rd Main Road Near Dalmia Junction J P Nagara 3rd Phase Bengalore,Near Dolmiya Fly Over,4 K M,0.0,0.0,0,0,0.0,0.0
Bengaluru City,Jayanagar Traffic PS,1.04432e+16,2022,1,2,Road Accidents,Not Applicable,City/Town,In bazaar,Human Error,No,Damage Only,Vehicle to Vehicle,Uncontrolled,Straight and flat,Two way,Bitumen(Tar),Dry,Not Applicable,Clear,15th Cross,Near Jayanagara Co Operative Society ltd,1 K M,0.0,0.0,0,0,0.0,0.0
Bengaluru City,Jayanagar Traffic PS,1.04432e+16,2022,1,2,Road Accidents,Junction,City/Town,In bazaar,Human Error,Yes,Grievous Injury,Vehicle to Vehicle,Uncontrolled,Straight and flat,Two way,Bitumen(Tar),Dry,Not Applicable,Clear,Ring Road 15th Corss,Opp Sindura Convention Centre,3 k M,0.0,0.0,0,0,0.0,0.0
Bengaluru City,Jayanagar Traffic PS,1.04432e+16,2022,1,1,Road Accidents,Not Applicable,City/Town,In bazaar,Human Error,Yes,Simple Injury,Hit pedestrian,Uncontrolled,Straight and flat,Two way,Bitumen(Tar),Dry,No influence on accident,Clear,"kanakapura Main Road, Service Road",Near Bata Showroom,10 M,0.0,0.0,0,0,0.0,0.0
Bengaluru City,Jayanagar Traffic PS,1.04432e+16,2022,1,2,Road Accidents,Not Applicable,City/Town,Near Petrol Pump,Human Error,No,Simple Injury,Hit pedestrian,Not Applicable,Others,Others,Concrete,Others,Not Applicable,Clear,City Service station H P petrol Bunk,Near Sampige tree Junction,3 K M,0.0,0.0,0,1,0.0,1.0
Bengaluru City,Jayanagar Traffic PS,1.04432e+16,2022,1,2,Road Accidents,Junction,City/Town,Near Hospital,Human Error,No,Grievous Injury,Vehicle to Vehicle,Uncontrolled,Straight and flat,Two way,Bitumen(Tar),Dry,Not Applicable,Clear,15th Cross and 8th Main Road Junction,Near Ramakrishan Nursing Home,1 K M,0.0,0.0,0,0,0.0,0.0
Bengaluru City,Jayanagar Traffic PS,1.04432e+16,2022,1,2,Road Accidents,Not Applicable,City/Town,In bazaar,Human Error,Yes,Grievous Injury,Vehicle to Vehicle,Uncontrolled,Straight and flat,Two way,Bitumen(Tar),Dry,Not Applicable,Clear,24th Main road,Near Jaitoon Hotel,2 K M,0.0,0.0,0,0,0.0,0.0
Bengaluru City,Jayanagar Traffic PS,1.04432e+16,2022,1,1,Road Accidents,Junction,City/Town,In bazaar,Not Applicable,No,Fatal,Hit pedestrian,No signal lights,Not Applicable,Others,Not Applicable,Not Applicable,Not Applicable,Not Applicable,"46th Cross, 18th Main",46th Cross,2 KM,0.0,0.0,0,0,0.0,0.0
Bengaluru City,Jayanagar Traffic PS,1.04432e+16,2022,1,1,Road Accidents,Not Applicable,City/Town,Residential area,Human Error,No,Grievous Injury,Not Applicable,Uncontrolled,Straight and flat,Two way,Bitumen(Tar),Dry,No influence on accident,Clear,5th Main Road,Near L & T South City,6 K M,0.0,0.0,0,0,0.0,0.0
Bengaluru City,Jayanagar Traffic PS,1.04432e+16,2022,1,2,Road Accidents,Junction,City/Town,Near School or College,Human Error,No,Grievous Injury,Vehicle to Vehicle,Uncontrolled,Straight and flat,Two way,Bitumen(Tar),Dry,Not Applicable,Clear,30th Main Road,Near Oxford School,2 K M,0.0,0.0,0,0,0.0,0.0
Bengaluru City,Jayanagar Traffic PS,1.04432e+16,2022,1,2,Road Accidents,Junction,City/Town,In bazaar,Human Error,No,Grievous Injury,Vehicle to Vehicle,Uncontrolled,Straight and flat,Two way,Bitumen(Tar),Dry,Not Applicable,Clear,4th Main Road,Near Tea Willa Hotel,60 M,0.0,0.0,0,0,0.0,0.0
Bengaluru City,Jayanagar Traffic PS,1.04432e+16,2022,1,2,Road Accidents,Junction,City/Town,Near Hospital,Human Error,No,Grievous Injury,Vehicle to Vehicle,Uncontrolled,Straight and flat,Two way,Bitumen(Tar),Dry,Not Applicable,Clear,9th Cross,Near Aster  R V Hospital,50 M,0.0,0.0,0,0,0.0,0.0
Bengaluru City,Jayanagar Traffic PS,1.04432e+16,2022,1,2,Road Accidents,Not Applicable,City/Town,Narrow bridge or culverts,Human Error,Yes,Grievous Injury,Vehicle to Vehicle,Uncontrolled,Straight and flat,Two way,Bitumen(Tar),Dry,Not Applicable,Fine,Ring Road 15th Corss,Near M G Show Room,50 M,0.0,0.0,0,0,0.0,0.0
Bengaluru City,Jayanagar Traffic PS,1.04432e+16,2022,1,2,Road Accidents,Cross roads,City/Town,Near office complex,Human Error,Yes,Damage Only,Vehicle to Vehicle,No signal lights,Others,Two way,Bitumen(Tar),Dry,Not Applicable,Fine,"Infront of barbeque nation, 15th cross-Ring road",Near KEB Poll,24Feet,0.0,0.0,0,0,0.0,0.0
Bengaluru City,Jayanagar Traffic PS,1.04432e+16,2022,1,2,Road Accidents,Junction,City/Town,Near office complex,Human Error,No,Grievous Injury,Vehicle to Vehicle,Uncontrolled,Straight and flat,Two way,Bitumen(Tar),Dry,Not Applicable,Fine,5th Main road and 32nd Cross Road Junction,Near Tea Villa Cafe,200mtr,0.0,0.0,0,0,0.0,0.0
Bengaluru City,Jayanagar Traffic PS,1.04432e+16,2022,1,1,Road Accidents,Cross roads,City/Town,Residential area,Human Error,Yes,Grievous Injury,Hit pedestrian,Uncontrolled,Straight and flat,Residential Street,Bitumen(Tar),Dry,Not Applicable,Fine,1st A Cross,Near Chand Mansion,2 K M,0.0,0.0,0,0,0.0,0.0
Bengaluru City,Jayanagar Traffic PS,1.04432e+16,2022,1,2,Road Accidents,Junction,City/Town,Residential area,Human Error,Yes,Grievous Injury,Vehicle to Vehicle,Uncontrolled,Straight and flat,Two way,Bitumen(Tar),Dry,Not Applicable,Fine,5th Main Road and 33rd Cross Junction,Near Jain Bhava,300mtr,0.0,0.0,0,0,0.0,0.0
Bengaluru City,Jayanagar Traffic PS,1.04432e+16,2022,1,2,Road Accidents,Not Applicable,City/Town,Residential area,Human Error,No,Grievous Injury,Not Applicable,Uncontrolled,Straight and flat,Two way,Bitumen(Tar),Dry,Not Applicable,Clear,24th Main Road Near Naar Kia Show Room,Near Kia Show Room,2 Km,0.0,0.0,0,0,0.0,0.0
Bengaluru City,Jayanagar Traffic PS,1.04432e+16,2022,1,1,Road Accidents,Not Applicable,City/Town,Near Bus stop,Human Error,No,Simple Injury,Hit pedestrian,Uncontrolled,Straight and flat,Two way,Bitumen(Tar),Dry,No influence on accident,Clear,Puttenhalli Main Road 6th Phase Near J P nagara 7th Phase,Near Puttenahalli Circle,3 K M,0.0,0.0,0,0,0.0,0.0
Bengaluru City,Jayanagar Traffic PS,1.04432e+16,2022,1,3,Road Accidents,Not Applicable,City/Town,Near Petrol Pump,Human Error,No,Grievous Injury,Vehicle to Vehicle,Uncontrolled,Straight and flat,Two way,Bitumen(Tar),Dry,No influence on accident,Clear,Ring Road 15th Corss,Near Shell Petro Bunk,2 K M,0.0,0.0,0,0,0.0,0.0
Bengaluru City,Jayanagar Traffic PS,1.04432e+16,2022,1,2,Road Accidents,Junction,City/Town,In bazaar,Human Error,No,Grievous Injury,Vehicle to Vehicle,Uncontrolled,Straight and flat,Two way,Concrete,Dry,Not Applicable,Fine,T Mariyappa Road,Near Giriyas Show Room,1 K M,0.0,0.0,0,0,0.0,0.0
Bengaluru City,Jayanagar Traffic PS,1.04432e+16,2022,1,1,Not Applicable,Not Applicable,City/Town,In bazaar,Not Applicable,Yes,Fatal,Not Applicable,Not Applicable,Not Applicable,Not Applicable,Not Applicable,Not Applicable,Not Applicable,Not Applicable,Dr Marigowda,Near Kidwai Hospital,300,0.0,0.0,0,0,0.0,0.0
Bengaluru City,Jayanagar Traffic PS,1.04432e+16,2022,1,1,Road Accidents,Not Applicable,City/Town,In bazaar,Human Error,Yes,Grievous Injury,Hit pedestrian,Uncontrolled,Straight and flat,Not Applicable,Bitumen(Tar),Dry,Not Applicable,Clear,11th Main Road,Opp K C C Building,1 K M,0.0,0.0,0,0,0.0,0.0
Bengaluru City,Jayanagar Traffic PS,1.04432e+16,2022,1,2,Road Accidents,Circle,City/Town,Near Petrol Pump,Not Applicable,Yes,Fatal,Vehicle to Vehicle,Signals (Working),Others,Others,Not Applicable,Not Applicable,Not Applicable,Fine,"4th Main, South End Circle Junction",South End Cirlce,2 KM,0.0,0.0,0,0,0.0,0.0
Bengaluru City,Jayanagar Traffic PS,1.04432e+16,2022,1,1,Road Accidents,Not Applicable,City/Town,In bazaar,Human Error,No,Grievous Injury,Hit pedestrian,Uncontrolled,Straight and flat,Two way,Bitumen(Tar),Dry,Not Applicable,Clear,27th Cross,Near Swapna Books stall,500mtr,0.0,0.0,0,0,0.0,0.0
Bengaluru City,Jayanagar Traffic PS,1.04432e+16,2022,1,1,Not Applicable,Not Applicable,City/Town,Residential area,Not Applicable,No,Fatal,Hit pedestrian,Not Applicable,Not Applicable,Not Applicable,Not Applicable,Not Applicable,Not Applicable,Not Applicable,13th Cross,Near indiraghndhi,3 km,0.0,0.0,0,0,0.0,0.0
Bengaluru City,Jayanagar Traffic PS,1.04432e+16,2022,1,1,Road Accidents,Junction,City/Town,Near Bus stop,Human Error,Yes,Grievous Injury,Hit pedestrian,Signal lights Automatic,Straight and flat,Two way,Bitumen(Tar),Dry,No influence on accident,Clear,Kanakapura Main Road,Near B S K Stop,1.5 KM,0.0,0.0,0,0,0.0,0.0
Bengaluru City,Jayanagar Traffic PS,1.04432e+16,2022,1,1,Road Accidents,Not Applicable,City/Town,Near Hospital,Human Error,Yes,Grievous Injury,Hit pedestrian,Uncontrolled,Straight and flat,Two way,Bitumen(Tar),Dry,Not Applicable,Clear,Hosur Main Road,Near Nimhans Hospital Admin Office,60 M,0.0,0.0,0,0,0.0,0.0
Bengaluru City,Jayanagar Traffic PS,1.04432e+16,2022,1,2,Road Accidents,Junction,City/Town,Near Bus stop,Human Error,No,Grievous Injury,Vehicle to Vehicle,Signal lights Automatic,Straight and flat,One way,Bitumen(Tar),Dry,No influence on accident,Clear,9th Main Road,Near Sindicate Bank,1 K M,0.0,0.0,0,0,0.0,0.0
Bengaluru City,Jayanagar Traffic PS,1.04432e+16,2022,1,1,Road Accidents,Not Applicable,City/Town,Residential area,Human Error,Yes,Grievous Injury,Hit pedestrian,Uncontrolled,Slight Curve,Others,Concrete,Dry,No influence on accident,Clear,Elate Exit Road,Near A10 Building,10 M,0.0,0.0,0,0,0.0,0.0
Bengaluru City,Jayanagar Traffic PS,1.04432e+16,2022,1,1,Road Accidents,Junction,City/Town,Near School or College,Human Error,Yes,Fatal,Hit pedestrian,Uncontrolled,Straight and flat,Two way,Bitumen(Tar),Dry,Not Applicable,Fine,25th Crosss Road,Near R V Pu College,10 M,0.0,0.0,0,0,0.0,0.0
Bengaluru City,Jayanagar Traffic PS,1.04432e+16,2022,1,2,Road Accidents,Junction,City/Town,Near a religious place,Human Error,Yes,Grievous Injury,Vehicle to Vehicle,Signal lights Automatic,Straight and flat,Two way,Bitumen(Tar),Dry,No influence on accident,Clear,4th Main Road,Near Abhaya Ganapathi Temple,20 M,0.0,0.0,0,0,0.0,0.0
Bengaluru City,Jayanagar Traffic PS,1.04432e+16,2022,1,2,Road Accidents,Junction,City/Town,In bazaar,Not Applicable,No,Fatal,Vehicle to Vehicle,No signal lights,Curve,Others,Not Applicable,Not Applicable,Not Applicable,Not Applicable,8th Main Road,NEar SLV Hotel,3.5 KM,0.0,0.0,0,0,0.0,0.0
Bengaluru City,Jayanagar Traffic PS,1.04432e+16,2022,1,2,Road Accidents,Junction,City/Town,Near School or College,Human Error,No,Grievous Injury,Vehicle to Vehicle,Uncontrolled,Straight and flat,Two way,Bitumen(Tar),Dry,No influence on accident,Fine,14th Main Road,Near VET College,20 M,0.0,0.0,0,0,0.0,0.0
Bengaluru City,Jayanagar Traffic PS,1.04432e+16,2022,1,1,Road Accidents,Not Applicable,City/Town,In bazaar,Human Error,Yes,Grievous Injury,Hit pedestrian,Uncontrolled,Straight and flat,Two way,Bitumen(Tar),Dry,Not Applicable,Fine,Puttenhalli Main Road 6th Phase Near J P nagara 7th Phase,Near Inchara Hotel,3 K M,0.0,0.0,0,0,0.0,0.0
Bengaluru City,Jayanagar Traffic PS,1.04432e+16,2022,1,1,Road Accidents,Not Applicable,City/Town,In bazaar,Human Error,Yes,Grievous Injury,Hit pedestrian,Uncontrolled,Straight and flat,Two way,Bitumen(Tar),Dry,No influence on accident,Clear,Ring Road 15th Cross J P Nagar 3rd Phase,Near Max Showroom,3 K M,0.0,0.0,0,0,0.0,0.0
Bengaluru City,Jayanagar Traffic PS,1.04432e+16,2022,1,1,Not Applicable,Not Applicable,City/Town,Residential area,Not Applicable,No,Fatal,Not Applicable,Not Applicable,Not Applicable,Two way,Not Applicable,Muddy,Not Applicable,Not Applicable,"27th Cross, 6th Block Jayanagara",Opp JAB Building,0.3,12.930923,77.578591,0,4,0.0,4.0
Bengaluru City,Jayanagar Traffic PS,1.04432e+16,2022,1,2,Road Accidents,Junction,City/Town,Near School or College,Human Error,Yes,Grievous Injury,Vehicle to Vehicle,Uncontrolled,Straight and flat,Two way,Bitumen(Tar),Dry,Not Applicable,Clear,32nd Cross and 5th Main Road Junction,Near Tea Villa Cafe,200mtr,12.92764,77.58084,0,0,0.0,0.0
Bengaluru City,Jayanagar Traffic PS,1.04432e+16,2022,1,2,Road Accidents,Not Applicable,City/Town,In bazaar,Not Applicable,Yes,Fatal,Vehicle to Vehicle,Not Applicable,Not Applicable,Others,Not Applicable,Not Applicable,Not Applicable,Others,15th Cross RIng Road,Near Sampigemar Junction,5,0.0,0.0,0,0,0.0,0.0
Bengaluru City,Jayanagar Traffic PS,1.04432e+16,2022,1,1,Road Accidents,Road hump or Rumble strips,City/Town,Near Bus stop,Human Error,Yes,Grievous Injury,Not Applicable,Uncontrolled,Hump,Two way,Bitumen(Tar),Dry,Not Applicable,Clear,4th Main Road Near Nanda Theatre,Near Nanda Theatre,1 K M,0.0,0.0,0,0,0.0,0.0
Bengaluru City,Jayanagar Traffic PS,1.04432e+16,2022,1,1,Road Accidents,Not Applicable,City/Town,Residential area,Human Error,Yes,Damage Only,Not Applicable,Uncontrolled,Straight and flat,Two way,Bitumen(Tar),Dry,Not Applicable,Fine,Nimhans Qarters,Near Nimhans Hospital Quaters,100 M,0.0,0.0,0,0,0.0,0.0