DISTRICTNAME,UNITNAME,Crime_No,Year,RI,Noofvehicle_involved,Accident_Classification,Accident_Spot,Accident_Location,Accident_SubLocation,Main_Cause,Hit_Run,Severity,Collision_Type,Junction_Control,Road_Character,Road_Type,Surface_Type,Surface_Condition,Road_Condition,Weather,Accident_Road,Landmark_first,Distance_LandMark_First,Latitude,Longitude,Road_Condition_Score,Surface_Condition_Score,Surface_Type_Score,Road_Risk_Index
Bengaluru City,Jayanagar Traffic PS,1.04432e+16,2023,1,2,Road Accidents,Junction,City/Town,Residential area,Human Error,Yes,Damage Only,Vehicle to Vehicle,Uncontrolled,Straight and flat,Two way,Bitumen(Tar),Dry,Not Applicable,Clear,9th Main Road,Near Vyshnavi Terresus,100 M,12.9037879,77.5988841,0,0,0.0,0.0
Bengaluru City,Jayanagar Traffic PS,1.04432e+16,2023,1,2,Road Accidents,Junction,City/Town,In bazaar,Human Error,Yes,Grievous Injury,Vehicle to Vehicle,Uncontrolled,Straight and flat,Two way,Bitumen(Tar),Dry,Not Applicable,Clear,"24th Main Road, Near Zudio Show room",Near Zudio Show Room,50 M,0.0,0.0,0,0,0.0,0.0
Bengaluru City,Jayanagar Traffic PS,1.04432e+16,2023,1,2,Road Accidents,Not Applicable,City/Town,Near a religious place,Human Error,Yes,Grievous Injury,Vehicle to Vehicle,Uncontrolled,Straight and flat,Two way,Bitumen(Tar),Dry,Not Applicable,Clear,11th Main Road,Near Aravinda Junction,20 M,0.0,0.0,0,0,0.0,0.0
Bengaluru City,Jayanagar Traffic PS,1.04432e+16,2023,1,1,Road Accidents,Not Applicable,City/Town,Residential area,Human Error,No,Grievous Injury,Hit pedestrian,Uncontrolled,Straight and flat,Two way,Bitumen(Tar),Dry,Not Applicable,Clear,40th Cross Road,Near SBI bank,20 M,12.919953,77.576972,0,0,0.0,0.0
Bengaluru City,Jayanagar Traffic PS,1.04432e+16,2023,1,2,Road Accidents,Junction,City/Town,Residential area,Human Error,No,Simple Injury,Vehicle to Vehicle,Uncontrolled,Straight and flat,Two way,Bitumen(Tar),Dry,Not Applicable,Fine,11th A Main Road and 1st Cross Junction,Near Sai Dhama nilaya,10 M,12.916123,77.586296,0,0,0.0,0.0
Bengaluru City,Jayanagar Traffic PS,1.04432e+16,2023,1,1,Road Accidents,Not Applicable,City/Town,Residential area,Human Error,Yes,Grievous Injury,Hit pedestrian,Uncontrolled,Straight and flat,Two way,Bitumen(Tar),Dry,Not Applicable,Clear,16th Cross Road,Near Janani Clinic,20 M,0.0,0.0,0,0,0.0,0.0
Bengaluru City,Jayanagar Traffic PS,1.04432e+16,2023,1,2,Road Accidents,Junction,City/Town,Near Bus stop,Human Error,Yes,Grievous Injury,Vehicle to Vehicle,Uncontrolled,Straight and flat,Two way,Bitumen(Tar),Dry,Not Applicable,Clear,9th Main Road,Near Diamond Place Shop,20 M,0.0,0.0,0,0,0.0,0.0
Bengaluru City,Jayanagar Traffic PS,1.04432e+16,2023,1,2,Road Accidents,Junction,City/Town,Near Hospital,Human Error,Yes,Grievous Injury,Vehicle to Vehicle,Signal lights Automatic,Straight and flat,Two way,Bitumen(Tar),Dry,Not Applicable,Fine,9th Main Road,Near Sindicate Bank,30 M,0.0,0.0,0,0,0.0,0.0
Bengaluru City,Jayanagar Traffic PS,1.04432e+16,2023,1,1,Road Accidents,Cross roads,City/Town,Near Hospital,Human Error,Yes,Grievous Injury,Hit pedestrian,Uncontrolled,Straight and flat,Two way,Bitumen(Tar),Dry,No influence on accident,Clear,Ring Road 15th Corss,Near Sai Auto World Show room,30 M,12.906431,77.581156,0,0,0.0,0.0
Bengaluru City,Jayanagar Traffic PS,1.04432e+16,2023,1,1,Road Accidents,Junction,City/Town,Residential area,Human Error,Yes,Grievous Injury,Hit pedestrian,Uncontrolled,Straight and flat,Two way,Bitumen(Tar),Dry,Not Applicable,Fine,21st Main Road,Opp Surabhi apartement,10 M,12.913618,77.587864,0,0,0.0,0.0
Bengaluru City,Jayanagar Traffic PS,1.04432e+16,2023,1,1,Road Accidents,Cross roads,City/Town,Residential area,Human Error,No,Grievous Injury,Hit pedestrian,Uncontrolled,Straight and flat,Two way,Bitumen(Tar),Dry,No influence on accident,Fine,13th Cross,Near 32 Main Road Road,20 M,12.90407,77.58056,0,0,0.0,0.0
Bengaluru City,Jayanagar Traffic PS,1.04432e+16,2023,1,2,Road Accidents,Junction,City/Town,Near Hospital,Human Error,No,Grievous Injury,Vehicle to Vehicle,Signal lights Manual,Straight and flat,Two way,Bitumen(Tar),Dry,Not Applicable,Clear,9th Corss,Near Rajshekhar Hospital,30 M,12.91097,77.578401,0,0,0.0,0.0
Bengaluru City,Jayanagar Traffic PS,1.04432e+16,2023,1,1,Road Accidents,Not Applicable,City/Town,Near or inside a village,Human Error,Yes,Grievous Injury,Hit pedestrian,Uncontrolled,Straight and flat,Two way,Bitumen(Tar),Dry,Not Applicable,Fine,Jaraganahalli Main Road,Near Jaraganahalli Park,10 M,0.0,0.0,0,0,0.0,0.0
Bengaluru City,Jayanagar Traffic PS,1.04432e+16,2023,1,1,Road Accidents,Cross roads,City/Town,Residential area,Human Error,No,Grievous Injury,Hit pedestrian,Uncontrolled,Straight and flat,Two way,Bitumen(Tar),Dry,No influence on accident,Clear,7th Cross Road,Abhista Nilaya,10 M,0.0,0.0,0,0,0.0,0.0
Bengaluru City,Jayanagar Traffic PS,1.04432e+16,2023,1,1,Road Accidents,Junction,City/Town,In bazaar,Not Applicable,Yes,Fatal,Hit pedestrian,Not Applicable,Straight and flat,Others,Bitumen(Tar),Dry,Not Applicable,Clear,40th Cross 2nd main junction,SBI Bank,50 M,0.0,0.0,0,0,0.0,0.0
Bengaluru City,Jayanagar Traffic PS,1.04432e+16,2023,1,2,Road Accidents,Cross roads,City/Town,Near Petrol Pump,Human Error,No,Grievous Injury,Vehicle to Vehicle,Uncontrolled,Straight and flat,Two way,Bitumen(Tar),Dry,Not Applicable,Fine,9th Corss Road,Near Indian Oil Petro Bunk,100,12.910224,77.594093,0,0,0.0,0.0
Bengaluru City,Jayanagar Traffic PS,1.04432e+16,2023,1,2,Road Accidents,Junction,City/Town,In bazaar,Not Applicable,No,Damage Only,Vehicle to Vehicle,Controlled,Straight and flat,Sub Arterial,Bitumen(Tar),Dry,Not Applicable,Clear,"33rd Cross, 7Th Main Road, Jayanagar 4th block",Panchkesari Shop,Ajafan,12.926382,77.581826,0,0,0.0,0.0
Bengaluru City,Jayanagar Traffic PS,1.04432e+16,2023,1,2,Road Accidents,Junction,City/Town,In bazaar,Human Error,Yes,Grievous Injury,Vehicle to Vehicle,Uncontrolled,Straight and flat,Two way,Bitumen(Tar),Dry,No influence on accident,Fine,9th Cross,Near Hanumantha Nagara Co oparetive Bank,10 M,0.0,0.0,0,0,0.0,0.0
Bengaluru City,Jayanagar Traffic PS,1.04432e+16,2023,1,2,Road Accidents,Not Applicable,City/Town,Near a religious place,Human Error,Yes,Grievous Injury,Vehicle to Vehicle,Uncontrolled,Straight and flat,Two way,Bitumen(Tar),Dry,Not Applicable,Clear,Behind Meenkshi temple,Near Meenkshi Temple,100 M,0.0,0.0,0,0,0.0,0.0
Bengaluru City,Jayanagar Traffic PS,1.04432e+16,2023,1,2,Road Accidents,Junction,City/Town,Near Bus stop,Human Error,No,Grievous Injury,Vehicle to Vehicle,Signal lights Automatic,Straight and flat,Two way,Bitumen(Tar),Dry,Not Applicable,Clear,kanakapura Main Road,Near BSK Busstop,200 M,0.0,0.0,0,0,0.0,0.0
Bengaluru City,Jayanagar Traffic PS,1.04432e+16,2023,1,2,Road Accidents,Junction,City/Town,Residential area,Human Error,Yes,Grievous Injury,Vehicle to Vehicle,Uncontrolled,Straight and flat,Two way,Bitumen(Tar),Dry,No influence on accident,Fine,2nd Main Road 39th Cross Junction,Near Adhishwar Market,30 M,0.0,0.0,0,0,0.0,0.0
Bengaluru City,Jayanagar Traffic PS,1.04432e+16,2023,1,1,Road Accidents,Cross roads,City/Town,Near Hospital,Human Error,Yes,Grievous Injury,Hit pedestrian,Uncontrolled,Straight and flat,Two way,Bitumen(Tar),Dry,Not Applicable,Fine,40th Cross Road,Near Prabha Eye Hospital,30 M,12.919995,77.575192,0,0,0.0,0.0
Bengaluru City,Jayanagar Traffic PS,1.04432e+16,2023,1,1,Road Accidents,Not Applicable,City/Town,In bazaar,Not Applicable,No,Fatal,Hit pedestrian,Stop Sign,Straight and flat,Sub Arterial,Bitumen(Tar),Dry,Not Applicable,Clear,J P Nagar 5th Phase,Yallamma temple,50 mts,12.911054,77.577314,0,0,0.0,0.0
Bengaluru City,Jayanagar Traffic PS,1.04432e+16,2023,1,2,Road Accidents,Junction,City/Town,Near Petrol Pump,Human Error,No,Grievous Injury,Vehicle to Vehicle,Signal lights Automatic,Straight and flat,Two way,Bitumen(Tar),Dry,Not Applicable,Fine,Ring Road 15th Corss,Near Vodafone Sowroom,10 M,12.906409,77.573349,0,0,0.0,0.0
Bengaluru City,Jayanagar Traffic PS,1.04432e+16,2023,1,1,Road Accidents,Not Applicable,City/Town,Residential area,Not Applicable,Yes,Fatal,Hit pedestrian,Not Applicable,Not Applicable,Residential Street,Bitumen(Tar),Others,Not Applicable,Others,Trunk Road,Near Meenakshi Temple,9,0.0,0.0,0,1,0.0,1.0
Bengaluru City,Jayanagar Traffic PS,1.04432e+16,2023,1,1,Not Applicable,Junction,City/Town,Near Hospital,Human Error,Yes,Grievous Injury,Vehicle to Vehicle,Signal lights Automatic,Straight and flat,Two way,Concrete,Dry,Not Applicable,Clear,kanakapura Main Road,Near Herige hospital,50 M,0.0,0.0,0,0,0.0,0.0
Bengaluru City,Jayanagar Traffic PS,1.04432e+16,2023,1,1,Road Accidents,Not Applicable,City/Town,Residential area,Human Error,Yes,Grievous Injury,Hit pedestrian,Uncontrolled,Straight and flat,Two way,Concrete,Dry,Not Applicable,Clear,17th F Cross,Near Madhura Surksha Apartment,10 M,0.0,0.0,0,0,0.0,0.0
Bengaluru City,Jayanagar Traffic PS,1.04432e+16,2023,1,2,Road Accidents,Junction,City/Town,Near Petrol Pump,Human Error,No,Simple Injury,Vehicle to Vehicle,Uncontrolled,Straight and flat,Two way,Bitumen(Tar),Dry,Not Applicable,Fine,9th Main Road,Near Shell Petro Bunk,20 M,0.0,0.0,0,0,0.0,0.0
Bengaluru City,Jayanagar Traffic PS,1.04432e+16,2023,1,2,Road Accidents,Junction,City/Town,Near a religious place,Human Error,No,Grievous Injury,Vehicle to Vehicle,Uncontrolled,Straight and flat,Two way,Bitumen(Tar),Dry,No influence on accident,Fine,4th Main Road,Near Metro Station,20 M,12.928676,77.580246,0,0,0.0,0.0
Bengaluru City,Jayanagar Traffic PS,1.04432e+16,2023,1,1,Road Accidents,Cross roads,City/Town,Near office complex,Human Error,No,Grievous Injury,Hit pedestrian,Uncontrolled,Straight and flat,Two way,Bitumen(Tar),Dry,Not Applicable,Clear,Ring Road 15th Corss,Near Chiguru Thara Hosue,20 M,12.906202,77.586831,0,0,0.0,0.0
Bengaluru City,Jayanagar Traffic PS,1.04432e+16,2023,1,2,Road Accidents,Not Applicable,City/Town,In bazaar,Human Error,No,Simple Injury,Vehicle to Vehicle,Uncontrolled,Straight and flat,Two way,Bitumen(Tar),Dry,Not Applicable,Clear,Ring Road 15th Corss,Near Shell Petro Bunk,30 M,12.906507,77.578874,0,0,0.0,0.0
Bengaluru City,Jayanagar Traffic PS,1.04432e+16,2023,1,3,Road Accidents,Not Applicable,City/Town,Near Hospital,Human Error,No,Simple Injury,Vehicle to Vehicle,Uncontrolled,Straight and flat,Two way,Bitumen(Tar),Dry,Not Applicable,Clear,24th Main Road,Near Aster  R V Hospital,30 M,12.911335,77.585646,0,0,0.0,0.0
Bengaluru City,Jayanagar Traffic PS,1.04432e+16,2023,1,2,Road Accidents,Junction,City/Town,Near Petrol Pump,Human Error,No,Grievous Injury,Vehicle to Vehicle,Uncontrolled,Straight and flat,Two way,Bitumen(Tar),Dry,Not Applicable,Clear,46th Cross and 9th Main Road,Near Cell Petrol Bunk,60 M,0.0,0.0,0,0,0.0,0.0
Bengaluru City,Jayanagar Traffic PS,1.04432e+16,2023,1,2,Road Accidents,Junction,City/Town,Near Bus stop,Human Error,Yes,Grievous Injury,Vehicle to Vehicle,Signal lights Automatic,Straight and flat,Two way,Bitumen(Tar),Dry,Not Applicable,Fine,Ring Road 15th Corss,Near Rajkumar Bus stop,10 M,0.0,0.0,0,0,0.0,0.0
Bengaluru City,Jayanagar Traffic PS,1.04432e+16,2023,1,1,Road Accidents,Not Applicable,City/Town,Residential area,Human Error,Yes,Simple Injury,Hit pedestrian,Uncontrolled,Straight and flat,Two way,Bitumen(Tar),Dry,No influence on accident,Fine,36th Main Road,Near Shivabayogiraj Nilaya,20,12.90552,77.577219,0,0,0.0,0.0
Bengaluru City,Jayanagar Traffic PS,1.04432e+16,2023,1,2,Road Accidents,Junction,City/Town,Near a religious place,Human Error,No,Grievous Injury,Vehicle to Vehicle,Signal lights Automatic,Straight and flat,Two way,Bitumen(Tar),Dry,Not Applicable,Clear,Kanakapura Main Road,Near B S K Bus stop,30 M,0.0,0.0,0,0,0.0,0.0
Bengaluru City,Jayanagar Traffic PS,1.04432e+16,2023,1,2,Road Accidents,Not Applicable,City/Town,Near School or College,Human Error,Yes,Grievous Injury,Vehicle to Vehicle,Uncontrolled,Straight and flat,Two way,Bitumen(Tar),Dry,No influence on accident,Clear,7th B Main Road,Near NMKRV College,20 M,12.932639,77.582275,0,0,0.0,0.0
Bengaluru City,Jayanagar Traffic PS,1.04432e+16,2023,1,2,Not Applicable,Junction,City/Town,In bazaar,Not Applicable,Not Applicable,Grievous Injury,Vehicle to Vehicle,Not Applicable,Straight and flat,Arterial,Bitumen(Tar),Dry,Not Applicable,Clear,J P Nagar 3rd stage 2nd main raod 4th cross junction,Garden,20 F,0.0,0.0,0,0,0.0,0.0
Bengaluru City,Jayanagar Traffic PS,1.04432e+16,2023,1,2,Road Accidents,Not Applicable,City/Town,Near Bus stop,Human Error,No,Damage Only,Vehicle to Vehicle,Uncontrolled,Straight and flat,Two way,Bitumen(Tar),Dry,No influence on accident,Clear,46th Cross,Near Sangam circle Busstop,20,0.0,0.0,0,0,0.0,0.0
Bengaluru City,Jayanagar Traffic PS,1.04432e+16,2023,1,2,Road Accidents,Junction,City/Town,Near School or College,Human Error,Yes,Damage Only,Vehicle to Vehicle,Uncontrolled,Straight and flat,Two way,Bitumen(Tar),Dry,Not Applicable,Clear,32nd E Cross,Near NPS School,50 M,0.0,0.0,0,0,0.0,0.0
Bengaluru City,Jayanagar Traffic PS,1.04432e+16,2023,1,1,Road Accidents,Cross roads,City/Town,In bazaar,Human Error,No,Grievous Injury,Hit pedestrian,Uncontrolled,Straight and flat,Two way,Bitumen(Tar),Dry,Not Applicable,Clear,9th Cross,Near Navodaya Bekari,10 M,0.0,0.0,0,0,0.0,0.0
Bengaluru City,Jayanagar Traffic PS,1.04432e+16,2023,1,1,Road Accidents,Cross roads,City/Town,In bazaar,Human Error,Yes,Grievous Injury,Hit pedestrian,Uncontrolled,Straight and flat,Two way,Bitumen(Tar),Dry,Not Applicable,Clear,Ring Road 15th Corss,Near Rameshwaram Cafe,10 M,12.906399,77.590279,0,0,0.0,0.0
Bengaluru City,Jayanagar Traffic PS,1.04432e+16,2023,1,2,Road Accidents,Cross roads,City/Town,Open area,Human Error,Yes,Damage Only,Vehicle to Vehicle,Uncontrolled,Straight and flat,Two way,Bitumen(Tar),Dry,Not Applicable,Clear,38th Cross Road,Near Coffee Day Shop,20 M,0.0,0.0,0,0,0.0,0.0
Bengaluru City,Jayanagar Traffic PS,1.04432e+16,2023,1,2,Road Accidents,Junction,City/Town,Near Petrol Pump,Human Error,Yes,Simple Injury,Vehicle to Vehicle,Signal lights Automatic,Straight and flat,Two way,Bitumen(Tar),Dry,Not Applicable,Clear,South End Circle Junction,Near H P Petrol Bunk,20 M,0.0,0.0,0,0,0.0,0.0
Bengaluru City,Jayanagar Traffic PS,1.04432e+16,2023,1,2,Road Accidents,Junction,City/Town,In bazaar,Human Error,No,Grievous Injury,Vehicle to Vehicle,Uncontrolled,Straight and flat,Two way,Bitumen(Tar),Dry,Not Applicable,Clear,10th Main Road,Near Shalini Ground,50 M,12.921729,77.584798,0,0,0.0,0.0
Bengaluru City,Jayanagar Traffic PS,1.04432e+16,2023,1,2,Road Accidents,Junction,City/Town,In bazaar,Human Error,Yes,Damage Only,Vehicle to Vehicle,Uncontrolled,Straight and flat,Two way,Bitumen(Tar),Dry,Not Applicable,Clear,9th Main Road,Near Adhishwar Showroom,30 M,12.919842,77.583658,0,0,0.0,0.0
Bengaluru City,Jayanagar Traffic PS,1.04432e+16,2023,1,1,Road Accidents,Junction,City/Town,Residential area,Human Error,Yes,Grievous Injury,Hit pedestrian,Uncontrolled,Straight and flat,Two way,Bitumen(Tar),Dry,Not Applicable,Fine,MS Ramaih Main Road,Near Halli Thota Vegitabla Shop,20 M,12.883334,77.589143,0,0,0.0,0.0
Bengaluru City,Jayanagar Traffic PS,1.04432e+16,2023,1,2,Road Accidents,Junction,City/Town,Residential area,Human Error,Yes,Grievous Injury,Vehicle to Vehicle,Uncontrolled,Straight and flat,Two way,Bitumen(Tar),Dry,Not Applicable,Clear,2nd Main Road 39th Cross Junction,Near Adhishwar Market,50 M,0.0,0.0,0,0,0.0,0.0
Bengaluru City,Jayanagar Traffic PS,1.04432e+16,2023,1,2,Road Accidents,Not Applicable,City/Town,In bazaar,Human Error,No,Grievous Injury,Vehicle to Vehicle,Uncontrolled,Straight and flat,Two way,Bitumen(Tar),Dry,No influence on accident,Clear,9th Cross,Near Annapuran Veg,20 M,0.0,0.0,0,0,0.0,0.0
Bengaluru City,Jayanagar Traffic PS,1.04432e+16,2023,1,2,Road Accidents,Junction,City/Town,Near School or College,Human Error,No,Simple Injury,Vehicle to Vehicle,Uncontrolled,Straight and flat,Two way,Bitumen(Tar),Dry,No influence on accident,Clear,4th Main Road,Near Tea Willa Hotel,30 M,0.0,0.0,0,0,0.0,0.0
Bengaluru City,Jayanagar Traffic PS,1.04432e+16,2023,1,2,Road Accidents,Junction,City/Town,In bazaar,Human Error,Yes,Grievous Injury,Vehicle to Vehicle,Uncontrolled,Straight and flat,Two way,Bitumen(Tar),Dry,Not Applicable,Clear,Ring Road 15th Corss,Near Cafe Coffee day,20 M,12.906384,77.591931,0,0,0.0,0.0
Bengaluru City,Jayanagar Traffic PS,1.04432e+16,2023,1,1,Road Accidents,Curves,City/Town,Near Hospital,Road Environment Defect,No,Fatal,Hit pedestrian,Not Applicable,Sharp Curve,Sub Arterial,Bitumen(Tar),Others,Not Applicable,Light Rain,24th main road,Nandini hotel,30 mtr,12.905583,77.585692,0,1,0.0,1.0
Bengaluru City,Jeevan Bhima Nagar (Indiranagar) Traffic  PS,1.04432e+16,2016,1,1,Road Accidents,Narrow road,City/Town,Near Bus stop,Human Error,No,Fatal,Others,Not at  Junction,Others,City or Town Road,Bitumen(Tar),Dry,No influence on accident,Clear,SADHANANDHA NAGAR,100,300,0.0,0.0,0,0,0.0,0.0
Bengaluru City,Jeevan Bhima Nagar (Indiranagar) Traffic  PS,1.04432e+16,2016,1,2,Road Accidents,Circle,City/Town,Near office complex,Human Error,No,Grievous Injury,Others,No signal lights,Not Applicable,City or Town Road,Bitumen(Tar),Dry,Not Applicable,Fine,S G PALYA BAGMANE TECK PARK CIRCLE,S G PALYA BAGMANE TECK PARK CIRCLE,2KM,0.0,0.0,0,0,0.0,0.0
Bengaluru City,Jeevan Bhima Nagar (Indiranagar) Traffic  PS,1.04432e+16,2016,1,3,Road Accidents,Cross roads,City/Town,In bazaar,Human Error,No,Grievous Injury,Not Applicable,No signal lights,Curve,City or Town Road,Bitumen(Tar),Dry,Not Applicable,Clear,8TH MAIN LIC CALONY,8TH MAIN LIC CALONY,100,0.0,0.0,0,0,0.0,0.0
Bengaluru City,Jeevan Bhima Nagar (Indiranagar) Traffic  PS,1.04432e+16,2016,1,2,Road Accidents,T Junction,City/Town,Near office complex,Human Error,No,Grievous Injury,Head on,No signal lights,Others,City or Town Road,Bitumen(Tar),Dry,Not Applicable,Fine,12 TH MAIN ROAD NEAR SBI BANK,12 TH MAIN ROAD NEAR SBI BANK,1KM,0.0,0.0,0,0,0.0,0.0
Bengaluru City,Jeevan Bhima Nagar (Indiranagar) Traffic  PS,1.04432e+16,2016,1,2,Road Accidents,Junction,City/Town,Near Bus stop,Human Error,No,Simple Injury,Rear end,Signal lights Automatic,Not Applicable,City or Town Road,Bitumen(Tar),Dry,Not Applicable,Clear,O M ROAD & 100 FEET ROAD JUNCTION,O M ROAD & 100 FEET ROAD JUNCTION,300,0.0,0.0,0,0,0.0,0.0
Bengaluru City,Jeevan Bhima Nagar (Indiranagar) Traffic  PS,1.04432e+16,2016,1,1,Road Accidents,Junction,City/Town,Near Bus stop,Human Error,No,Damage Only,Others,Police / Manual,Not Applicable,NH,Bitumen(Tar),Dry,Not Applicable,Clear,O M ROAD NEAR KALPALLI CROSS ROAD JUNCTION,O M ROAD NEAR KALPALLI CROSS ROAD JUNCTION,100,0.0,0.0,0,0,0.0,0.0
Bengaluru City,Jeevan Bhima Nagar (Indiranagar) Traffic  PS,1.04432e+16,2016,1,2,Road Accidents,Junction,City/Town,Near Bus stop,Vehicle Defect,No,Damage Only,Side impact or Right angle,Signal lights Automatic,Curve,City or Town Road,Concrete,Dry,Not Applicable,Fine,100 FEET ROAD,BUSSTOP,200MTR,0.0,0.0,0,0,0.0,0.0
Bengaluru City,Jeevan Bhima Nagar (Indiranagar) Traffic  PS,1.04432e+16,2016,1,2,Road Accidents,Narrow road,City/Town,Near Hospital,Human Error,No,Simple Injury,Hit bicyclist,Not at  Junction,Curve,City or Town Road,Bitumen(Tar),Dry,Not Applicable,Clear,S D ROAD NEAR HAL HOSPITAL,S D ROAD NEAR HAL HOSPITAL,1KM,0.0,0.0,0,0,0.0,0.0
Bengaluru City,Jeevan Bhima Nagar (Indiranagar) Traffic  PS,1.04432e+16,2016,1,2,Road Accidents,Not Applicable,City/Town,Open area,Human Error,No,Damage Only,Not Applicable,Not Applicable,Others,City or Town Road,Bitumen(Tar),Dry,No influence on accident,Clear,100 FEET ROAD 10TH MAIN,100,300,0.0,0.0,0,0,0.0,0.0
Bengaluru City,Jeevan Bhima Nagar (Indiranagar) Traffic  PS,1.04432e+16,2016,1,1,Road Accidents,Circle,City/Town,Open area,Human Error,No,Grievous Injury,Hit pedestrian,Police / Manual,Not Applicable,City or Town Road,Bitumen(Tar),Dry,Not Applicable,Clear,O M ROAD,O M ROAD,100,0.0,0.0,0,0,0.0,0.0
Bengaluru City,Jeevan Bhima Nagar (Indiranagar) Traffic  PS,1.04432e+16,2016,1,2,Road Accidents,Narrow road,City/Town,Near Bus stop,Human Error,No,Grievous Injury,Right Turn Collision,No signal lights,Curve,City or Town Road,Concrete,Dry,Not Applicable,Fine,OM ROAD,BUSSTOP,500MTR,0.0,0.0,0,0,0.0,0.0
Bengaluru City,Jeevan Bhima Nagar (Indiranagar) Traffic  PS,1.04432e+16,2016,1,1,Road Accidents,Narrow road,City/Town,At pedestrian Crossing,Human Error,No,Grievous Injury,Hit pedestrian,Not Applicable,Not Applicable,City or Town Road,Bitumen(Tar),Dry,No influence on accident,Clear,OLD MADRAS ROAD,OLD MADRAS ROAD,2.5,0.0,0.0,0,0,0.0,0.0
Bengaluru City,Jeevan Bhima Nagar (Indiranagar) Traffic  PS,1.04432e+16,2016,1,2,Not Applicable,Not Applicable,City/Town,Open area,Human Error,Not Applicable,Grievous Injury,Others,Not at  Junction,Not Applicable,City or Town Road,Bitumen(Tar),Dry,No influence on accident,Clear,12TH MAIN ROAD,100,300,0.0,0.0,0,0,0.0,0.0
Bengaluru City,Jeevan Bhima Nagar (Indiranagar) Traffic  PS,1.04432e+16,2016,1,2,Road Accidents,Other,City/Town,Near Bus stop,Human Error,No,Damage Only,Not Applicable,Not at  Junction,Not Applicable,City or Town Road,Bitumen(Tar),Dry,No influence on accident,Fine,LIC CROSS BDA COMPLEX INDIARA NAGAER,100 FT ROAD,300,0.0,0.0,0,0,0.0,0.0
Bengaluru City,Jeevan Bhima Nagar (Indiranagar) Traffic  PS,1.04432e+16,2016,1,1,Road Accidents,Cross roads,City/Town,Open area,Human Error,Yes,Grievous Injury,Others,Not at  Junction,Not Applicable,City or Town Road,Bitumen(Tar),Dry,No influence on accident,Clear,CMH ROAD LAXMIPURA,100,300,0.0,0.0,0,0,0.0,0.0
Bengaluru City,Jeevan Bhima Nagar (Indiranagar) Traffic  PS,1.04432e+16,2016,1,2,Road Accidents,Narrow road,City/Town,In bazaar,Human Error,Yes,Grievous Injury,Hit and Run,Not Applicable,Not Applicable,City or Town Road,Bitumen(Tar),Dry,Not Applicable,Fine,100 FEET ROAD INDIRANAGARA,100 FEET ROAD INDIRANAGARA,200,0.0,0.0,0,0,0.0,0.0
Bengaluru City,Jeevan Bhima Nagar (Indiranagar) Traffic  PS,1.04432e+16,2016,1,1,Road Accidents,Junction,City/Town,Near Hospital,Human Error,No,Damage Only,Others,Signal lights Automatic,Not Applicable,NH,Bitumen(Tar),Dry,Not Applicable,Clear,O M ROAD INDIRANAGARA,O M ROAD INDIRANAGARA,500,0.0,0.0,0,0,0.0,0.0
Bengaluru City,Jeevan Bhima Nagar (Indiranagar) Traffic  PS,1.04432e+16,2016,1,1,Road Accidents,Junction,City/Town,Open area,Human Error,No,Simple Injury,Skidding or Self accident,Signal lights Automatic,Curve,City or Town Road,Bitumen(Tar),Dry,Not Applicable,Clear,O M ROAD 100FEET ROAD JUNCTION,O M ROAD 100FEET ROAD JUNCTION,100,0.0,0.0,0,0,0.0,0.0
Bengaluru City,Jeevan Bhima Nagar (Indiranagar) Traffic  PS,1.04432e+16,2016,1,2,Road Accidents,Junction,City/Town,Open area,Human Error,Yes,Grievous Injury,Hit and Run,Signal lights Automatic,Curve and Incline,City or Town Road,Bitumen(Tar),Dry,Not Applicable,Fine,O M ROAD NEAR 100 FEET ROAD JUNCTION,O M ROAD NEAR 100 FEET ROAD JUNCTION,2KM,0.0,0.0,0,0,0.0,0.0
Bengaluru City,Jeevan Bhima Nagar (Indiranagar) Traffic  PS,1.04432e+16,2016,1,2,Road Accidents,Junction,City/Town,Residential area,Human Error,No,Grievous Injury,Run Off Road,Signal lights Automatic,Straight and flat,City or Town Road,Bitumen(Tar),Dry,Not Applicable,Fine,100 FEETV ROAD,SBI BANK,200MTR,0.0,0.0,0,0,0.0,0.0
Bengaluru City,Jeevan Bhima Nagar (Indiranagar) Traffic  PS,1.04432e+16,2016,1,2,Road Accidents,Narrow road,City/Town,Open area,Human Error,No,Simple Injury,Not Applicable,Not Applicable,Not Applicable,City or Town Road,Bitumen(Tar),Dry,Not Applicable,Clear,C M H ROAD METRO STATION,C M H ROAD METRO STATION,100,0.0,0.0,0,0,0.0,0.0
Bengaluru City,Jeevan Bhima Nagar (Indiranagar) Traffic  PS,1.04432e+16,2016,1,1,Road Accidents,Narrow road,City/Town,Open area,Human Error,No,Fatal,Skidding or Self accident,Not Applicable,Not Applicable,City or Town Road,Bitumen(Tar),Dry,Not Applicable,Clear,OLD BYYAPANAHALLI MAIN ROAD,OLD BYYAPANAHALLI MAIN ROAD,500,0.0,0.0,0,0,0.0,0.0
Bengaluru City,Jeevan Bhima Nagar (Indiranagar) Traffic  PS,1.04432e+16,2016,1,1,Road Accidents,Narrow road,City/Town,Near Bus stop,Human Error,Yes,Simple Injury,Hit and Run,Controlled,Not Applicable,City or Town Road,Bitumen(Tar),Dry,No influence on accident,Clear,J B NAGAR,JB NAGAR MAIN ROAD,1,0.0,0.0,0,0,0.0,0.0