DISTRICTNAME,UNITNAME,Crime_No,Year,RI,Noofvehicle_involved,Accident_Classification,Accident_Spot,Accident_Location,Accident_SubLocation,Main_Cause,Hit_Run,Severity,Collision_Type,Junction_Control,Road_Character,Road_Type,Surface_Type,Surface_Condition,Road_Condition,Weather,Accident_Road,Landmark_first,Distance_LandMark_First,Latitude,Longitude,Road_Condition_Score,Surface_Condition_Score,Surface_Type_Score,Road_Risk_Index
Bengaluru City,Jeevan Bhima Nagar (Indiranagar) Traffic  PS,1.04432e+16,2016,1,2,Road Accidents,Narrow road,City/Town,Open area,Human Error,Yes,Damage Only,Hit and Run,No signal lights,Not Applicable,Residential Street,Bitumen(Tar),Dry,Not Applicable,Clear,#A8/01 KPWD QUTERS J B NAGARA MAIN ROAD,KPWD QUTERS J B NAGARA MAIN ROAD,100,0.0,0.0,0,0,0.0,0.0
Bengaluru City,Jeevan Bhima Nagar (Indiranagar) Traffic  PS,1.04432e+16,2016,1,2,Not Applicable,Narrow road,City/Town,Open area,Human Error,No,Simple Injury,Others,Not Applicable,Not Applicable,City or Town Road,Bitumen(Tar),Dry,Not Applicable,Fine,12 TH B MAIN ROAD INDIRANAGARA,12 TH B MAIN ROAD INDIRANAGARA,2KM,0.0,0.0,0,0,0.0,0.0
Bengaluru City,Jeevan Bhima Nagar (Indiranagar) Traffic  PS,1.04432e+16,2016,1,2,Road Accidents,T Junction,City/Town,Open area,Human Error,No,Grievous Injury,Rear end,No signal lights,Curve,City or Town Road,Bitumen(Tar),Dry,Not Applicable,Fine,S D ROAD NEAR S B I BANK,S D ROAD NEAR S B I BANK,500 ME,0.0,0.0,0,0,0.0,0.0
Bengaluru City,Jeevan Bhima Nagar (Indiranagar) Traffic  PS,1.04432e+16,2016,1,2,Road Accidents,Narrow road,City/Town,Residential area,Human Error,No,Simple Injury,Head on,No signal lights,Not Applicable,Service Road,Bitumen(Tar),Dry,Not Applicable,Fine,MICHAL PALYA ROAD,MICHAL PALYA ROAD,2KM,0.0,0.0,0,0,0.0,0.0
Bengaluru City,Jeevan Bhima Nagar (Indiranagar) Traffic  PS,1.04432e+16,2016,1,1,Road Accidents,Narrow road,City/Town,Open area,Human Error,No,Grievous Injury,Hit pedestrian,Not at  Junction,Not Applicable,City or Town Road,Bitumen(Tar),Dry,Not Applicable,Clear,O M ROAD OPP TO BAYAPANAHALLI METRO STATION,O M ROAD OPP TO BAYAPANAHALLI METRO STATION,300,0.0,0.0,0,0,0.0,0.0
Bengaluru City,Jeevan Bhima Nagar (Indiranagar) Traffic  PS,1.04432e+16,2016,1,2,Road Accidents,Cross roads,City/Town,Residential area,Human Error,Yes,Simple Injury,Hit and Run,Not Applicable,Curve,City or Town Road,Bitumen(Tar),Dry,Not Applicable,Fine,8TH MAIN MALESH PALYA,8TH MAIN MALESH PALYA,2KM,0.0,0.0,0,0,0.0,0.0
Bengaluru City,Jeevan Bhima Nagar (Indiranagar) Traffic  PS,1.04432e+16,2016,1,2,Road Accidents,Other,City/Town,Near Hospital,Human Error,Yes,Damage Only,Hit and Run,No signal lights,Not Applicable,City or Town Road,Bitumen(Tar),Dry,Not Applicable,Fine,80 FEET ROAD INDIRANAGARA NEAR C V RAMAN HOSPITAL,80 FEET ROAD INDIRANAGARA NEAR C V RAMAN HOSPITAL,2KM,0.0,0.0,0,0,0.0,0.0
Bengaluru City,Jeevan Bhima Nagar (Indiranagar) Traffic  PS,1.04432e+16,2016,1,2,Road Accidents,Not Applicable,City/Town,Open area,Human Error,No,Grievous Injury,Not Applicable,Not at  Junction,Not Applicable,City or Town Road,Bitumen(Tar),Dry,No influence on accident,Fine,J B NAGAR M N ROAD,100,300,0.0,0.0,0,0,0.0,0.0
Bengaluru City,Jeevan Bhima Nagar (Indiranagar) Traffic  PS,1.04432e+16,2016,1,1,Not Applicable,Narrow road,City/Town,Open area,Human Error,Yes,Grievous Injury,Hit pedestrian,Not Applicable,Not Applicable,Not Applicable,Bitumen(Tar),Dry,Not Applicable,Others,SADANANDA NAGARA MAIN ROAD NEAR 8 TH MAIN BBMP OFFICE,SADANANDA NAGARA MAIN ROAD NEAR 8 TH MAIN BBMP OFFICE,100,0.0,0.0,0,0,0.0,0.0
Bengaluru City,Jeevan Bhima Nagar (Indiranagar) Traffic  PS,1.04432e+16,2016,1,1,Road Accidents,Narrow road,City/Town,Open area,Human Error,Yes,Grievous Injury,Hit pedestrian,Not Applicable,Not Applicable,City or Town Road,Bitumen(Tar),Dry,Not Applicable,Fine,12TH MAIN ROAD NEAR SPENCERS SHOP,12TH MAIN ROAD NEAR SPENCERS SHOP,2 K M,0.0,0.0,0,0,0.0,0.0
Bengaluru City,Jeevan Bhima Nagar (Indiranagar) Traffic  PS,1.04432e+16,2016,1,1,Road Accidents,Junction,City/Town,Open area,Human Error,Yes,Grievous Injury,Hit and Run,Signal lights Automatic,Not Applicable,City or Town Road,Bitumen(Tar),Dry,No influence on accident,Fine,S D ROAD BEML JUNCTION,100,300,0.0,0.0,0,0,0.0,0.0
Bengaluru City,Jeevan Bhima Nagar (Indiranagar) Traffic  PS,1.04432e+16,2016,1,2,Road Accidents,Not Applicable,City/Town,Open area,Human Error,No,Grievous Injury,Others,Not at  Junction,Not Applicable,City or Town Road,Bitumen(Tar),Dry,No influence on accident,Clear,G M PALYA,100,300,0.0,0.0,0,0,0.0,0.0
Bengaluru City,Jeevan Bhima Nagar (Indiranagar) Traffic  PS,1.04432e+16,2016,1,2,Road Accidents,Cross roads,City/Town,Open area,Human Error,Yes,Fatal,Hit and Run,Not at  Junction,Hump,City or Town Road,Bitumen(Tar),Dry,Not Applicable,Clear,KAGGGADS PURAMAIN ROAD NEAR V K SPORTS,KAGGGADS PURAMAIN ROAD NEAR V K SPORTS,100,0.0,0.0,0,0,0.0,0.0
Bengaluru City,Jeevan Bhima Nagar (Indiranagar) Traffic  PS,1.04432e+16,2016,1,3,Not Applicable,Cross roads,City/Town,Open area,Human Error,Yes,Grievous Injury,Hit and Run,No signal lights,Not Applicable,City or Town Road,Bitumen(Tar),Dry,Not Applicable,Clear,C M H PARALAL ROAD,C M H PARALAL ROAD,500,0.0,0.0,0,0,0.0,0.0
Bengaluru City,Jeevan Bhima Nagar (Indiranagar) Traffic  PS,1.04432e+16,2016,1,2,Road Accidents,Railway crossing,City/Town,Open area,Human Error,Yes,Damage Only,Others,Not Applicable,Not Applicable,City or Town Road,Bitumen(Tar),Dry,Not Applicable,Fine,BYYAPANAHALI RAILWAY TRACK JUNCTION,BYYAPANAHALI RAILWAY TRACK JUNCTION,100,0.0,0.0,0,0,0.0,0.0
Bengaluru City,Jeevan Bhima Nagar (Indiranagar) Traffic  PS,1.04432e+16,2016,1,2,Road Accidents,Cross roads,City/Town,Near Bus stop,Human Error,Yes,Grievous Injury,Hit bicyclist,Not Applicable,Not Applicable,City or Town Road,Bitumen(Tar),Dry,Not Applicable,Fine,100 FEET ROAD NEAR NANDANA HOTEL,100 FEET ROAD NEAR NANDANA HOTEL,200,0.0,0.0,0,0,0.0,0.0
Bengaluru City,Jeevan Bhima Nagar (Indiranagar) Traffic  PS,1.04432e+16,2016,1,2,Road Accidents,Cross roads,City/Town,Open area,Human Error,Yes,Grievous Injury,Hit and Run,Not Applicable,Not Applicable,Residential Street,Bitumen(Tar),Dry,Not Applicable,Clear,10TH MAIN NEAR MILK DARY,10TH MAIN NEAR MILK DARY,300,0.0,0.0,0,0,0.0,0.0
Bengaluru City,Jeevan Bhima Nagar (Indiranagar) Traffic  PS,1.04432e+16,2016,1,2,Road Accidents,Junction,City/Town,Near Petrol Pump,Human Error,No,Fatal,Hit bicyclist,Signal lights Automatic,Not Applicable,City or Town Road,Bitumen(Tar),Dry,Not Applicable,Clear,O M ROAD 100 FEET ROAD JUNCTION,O M ROAD 100 FEET ROAD JUNCTION,300,0.0,0.0,0,0,0.0,0.0
Bengaluru City,Jeevan Bhima Nagar (Indiranagar) Traffic  PS,1.04432e+16,2016,1,2,Road Accidents,Junction,City/Town,Near a religious place,Human Error,Yes,Grievous Injury,Hit and Run,Signal lights Automatic,Not Applicable,City or Town Road,Bitumen(Tar),Dry,Not Applicable,Fine,O M ROAD NEAR SWAMY VIVEKANADA METRO STATION,O M ROAD NEAR SWAMY VIVEKANADA METRO STATION,2KM,0.0,0.0,0,0,0.0,0.0
Bengaluru City,Jeevan Bhima Nagar (Indiranagar) Traffic  PS,1.04432e+16,2016,1,2,Road Accidents,Curves,City/Town,Near School or College,Human Error,No,Grievous Injury,Overturning,No signal lights,Curve,City or Town Road,Concrete,Dry,Not Applicable,Fine,O M ROAD,FUSCOS SCHOOL,200MTR,0.0,0.0,0,0,0.0,0.0
Bengaluru City,Jeevan Bhima Nagar (Indiranagar) Traffic  PS,1.04432e+16,2016,1,2,Road Accidents,Junction,City/Town,Near Bus stop,Human Error,Yes,Grievous Injury,Hit bicyclist,Not Applicable,Not Applicable,City or Town Road,Bitumen(Tar),Dry,Not Applicable,Fine,BEML JUNCTION,BEML JUNCTION,200,0.0,0.0,0,0,0.0,0.0
Bengaluru City,Jeevan Bhima Nagar (Indiranagar) Traffic  PS,1.04432e+16,2016,1,1,Road Accidents,Narrow road,City/Town,Near Bus stop,Human Error,Yes,Simple Injury,Not Applicable,Controlled,Not Applicable,City or Town Road,Bitumen(Tar),Dry,No influence on accident,Clear,APSRTC BUS STAND,APSRTC BUS STAND,1,0.0,0.0,0,0,0.0,0.0
Bengaluru City,Jeevan Bhima Nagar (Indiranagar) Traffic  PS,1.04432e+16,2016,1,1,Road Accidents,Narrow road,City/Town,Open area,Human Error,Yes,Grievous Injury,Hit pedestrian,Not Applicable,Not Applicable,Residential Street,Bitumen(Tar),Dry,Not Applicable,Clear,1 ST MAIN CAVARY LAY OUT G M PALYA,1 ST MAIN CAVARY LAY OUT G M PALYA,1 KM,0.0,0.0,0,0,0.0,0.0
Bengaluru City,Jeevan Bhima Nagar (Indiranagar) Traffic  PS,1.04432e+16,2016,1,2,Road Accidents,Other,City/Town,Near Bus stop,Human Error,No,Grievous Injury,Run Off Road,No signal lights,Straight and flat,City or Town Road,Concrete,Dry,Not Applicable,Fine,K T ROAD,BUSSTOP,200MTR,0.0,0.0,0,0,0.0,0.0
Bengaluru City,Jeevan Bhima Nagar (Indiranagar) Traffic  PS,1.04432e+16,2016,1,2,Road Accidents,Cross roads,City/Town,In bazaar,Human Error,Yes,Grievous Injury,Hit bicyclist,Not Applicable,Not Applicable,City or Town Road,Bitumen(Tar),Dry,Not Applicable,Fine,12TH MAIN ROAD NEAR SPENCERS SHOP,12TH MAIN ROAD NEAR SPENCERS SHOP,300,0.0,0.0,0,0,0.0,0.0
Bengaluru City,Jeevan Bhima Nagar (Indiranagar) Traffic  PS,1.04432e+16,2016,1,2,Road Accidents,Junction,City/Town,Open area,Human Error,No,Simple Injury,Head on,Police / Manual,Not Applicable,City or Town Road,Bitumen(Tar),Dry,Not Applicable,Fine,S D ROAD & J B NAGARA JUNCTION,S D ROAD & J B NAGARA JUNCTION,500 ME,0.0,0.0,0,0,0.0,0.0
Bengaluru City,Jeevan Bhima Nagar (Indiranagar) Traffic  PS,1.04432e+16,2016,1,2,Road Accidents,Narrow road,City/Town,Open area,Human Error,Not Applicable,Fatal,Others,Not Applicable,Not Applicable,City or Town Road,Bitumen(Tar),Dry,No influence on accident,Clear,"NEAR GOPALAN MALL, OM ROAD",NEAR GOPALAN MALL,2.0 KM,0.0,0.0,0,0,0.0,0.0
Bengaluru City,Jeevan Bhima Nagar (Indiranagar) Traffic  PS,1.04432e+16,2016,1,2,Road Accidents,Junction,City/Town,Near a factory industrial area,Human Error,No,Simple Injury,Hit bicyclist,Signal lights Automatic,Not Applicable,City or Town Road,Concrete,Dry,Not Applicable,Fine,BEML JUNCTION,BEML JUNCTION,1 KM,0.0,0.0,0,0,0.0,0.0
Bengaluru City,Jeevan Bhima Nagar (Indiranagar) Traffic  PS,1.04432e+16,2017,1,2,Road Accidents,Narrow road,City/Town,Near a factory industrial area,Human Error,Yes,Grievous Injury,Hit and Run,Not Applicable,Not Applicable,City or Town Road,Concrete,Dry,Not Applicable,Fine,SURANJANDAS ROAD,S D ROAD,1KM,0.0,0.0,0,0,0.0,0.0
Bengaluru City,Jeevan Bhima Nagar (Indiranagar) Traffic  PS,1.04432e+16,2017,1,1,Road Accidents,Narrow road,City/Town,Near Bus stop,Human Error,No,Grievous Injury,Hit pedestrian,Not Applicable,Not Applicable,City or Town Road,Bitumen(Tar),Dry,Not Applicable,Fine,OLD AIR PORT ROAD NEAR INSTITUTE OF AEROSPACE MEDICINE,OLD AIR PORT ROAD NEAR INSTITUTE OF AEROSPACE MEDICINE,200,0.0,0.0,0,0,0.0,0.0
Bengaluru City,Jeevan Bhima Nagar (Indiranagar) Traffic  PS,1.04432e+16,2017,1,2,Road Accidents,Cross roads,City/Town,Residential area,Human Error,No,Damage Only,Others,Not Applicable,Not Applicable,Residential Street,Bitumen(Tar),Dry,Not Applicable,Clear,2 ND CROSS 1 ST MAIN J B NAGARA,2 ND CROSS 1 ST MAIN J B NAGARA,200,0.0,0.0,0,0,0.0,0.0
Bengaluru City,Jeevan Bhima Nagar (Indiranagar) Traffic  PS,1.04432e+16,2017,1,2,Road Accidents,Narrow road,City/Town,Near or inside a village,Human Error,No,Simple Injury,Not Applicable,Not Applicable,Not Applicable,City or Town Road,Bitumen(Tar),Dry,No influence on accident,Clear,SD ROAD GTRE GATE,SD ROAD GTRE GATE,1.5,0.0,0.0,0,0,0.0,0.0
Bengaluru City,Jeevan Bhima Nagar (Indiranagar) Traffic  PS,1.04432e+16,2017,1,1,Road Accidents,More than four arms,City/Town,Near office complex,Human Error,No,Grievous Injury,Rear end,No signal lights,Not Applicable,One way,Bitumen(Tar),Dry,Not Applicable,Fine,500,200,200,0.0,0.0,0,0,0.0,0.0
Bengaluru City,Jeevan Bhima Nagar (Indiranagar) Traffic  PS,1.04432e+16,2017,1,3,Road Accidents,Narrow road,City/Town,Near Petrol Pump,Human Error,No,Grievous Injury,Rear end,Not Applicable,Not Applicable,City or Town Road,Bitumen(Tar),Dry,Not Applicable,Fine,TIPPASANDARA MAIN ROAD,TIPASANDARA MAIN,1,0.0,0.0,0,0,0.0,0.0
Bengaluru City,Jeevan Bhima Nagar (Indiranagar) Traffic  PS,1.04432e+16,2017,1,1,Road Accidents,Narrow road,City/Town,Near Bus stop,Human Error,No,Simple Injury,Hit pedestrian,Signal lights Automatic,Not Applicable,One way,Concrete,Dry,Not Applicable,Clear,O M ROAD BYYAPANAHALLI METRO STATION,BYYAPANAHALLI METRO STATION,3 KM,0.0,0.0,0,0,0.0,0.0
Bengaluru City,Jeevan Bhima Nagar (Indiranagar) Traffic  PS,1.04432e+16,2017,1,1,Road Accidents,Narrow road,City/Town,At pedestrian Crossing,Human Error,No,Simple Injury,Not Applicable,Not Applicable,Not Applicable,City or Town Road,Bitumen(Tar),Dry,No influence on accident,Clear,chalagatta main road,chalagatta main road,1.5,0.0,0.0,0,0,0.0,0.0
Bengaluru City,Jeevan Bhima Nagar (Indiranagar) Traffic  PS,1.04432e+16,2017,1,2,Road Accidents,Junction,City/Town,Residential area,Human Error,No,Damage Only,Hit parked vehicle,Controlled,Slight Curve,City or Town Road,Bitumen(Tar),Dry,Not Applicable,Clear,SURANJANDAS ROAD,NEAR SERVICE ROAD,0.5 KM,0.0,0.0,0,0,0.0,0.0
Bengaluru City,Jeevan Bhima Nagar (Indiranagar) Traffic  PS,1.04432e+16,2017,1,2,Not Applicable,Junction,City/Town,Near Bus stop,Human Error,Yes,Grievous Injury,Hit bicyclist,Signal lights Automatic,Not Applicable,NH,Bitumen(Tar),Dry,Not Applicable,Fine,OLD MADRAS ROAD NEAER BIG BAZAR JUNCTION,OLD MADRAS ROAD NEAER BIG BAZAR JUNCTION,200,0.0,0.0,0,0,0.0,0.0
Bengaluru City,Jeevan Bhima Nagar (Indiranagar) Traffic  PS,1.04432e+16,2017,1,2,Road Accidents,Narrow road,City/Town,Near School or College,Human Error,Yes,Fatal,Head on,Not at  Junction,Not Applicable,City or Town Road,Bitumen(Tar),Dry,Not Applicable,Fine,KAGADASAPURA MAIN RAOD NEAR SCT COLLEGE OPP SUN SHINE,KAGADASAPURA MAIN RAOD NEAR SCT COLLEGE OPP SUN SHINE,500,0.0,0.0,0,0,0.0,0.0
Bengaluru City,Jeevan Bhima Nagar (Indiranagar) Traffic  PS,1.04432e+16,2017,1,2,Not Applicable,Narrow road,City/Town,In bazaar,Human Error,No,Simple Injury,Not Applicable,Not Applicable,Not Applicable,City or Town Road,Bitumen(Tar),Dry,Not Applicable,Fine,OLD AIR PORT ROAD NEAR SATHKAR HOTEL,OLD AIR PORT ROAD NEAR SATHKAR HOTEL,200,0.0,0.0,0,0,0.0,0.0
Bengaluru City,Jeevan Bhima Nagar (Indiranagar) Traffic  PS,1.04432e+16,2017,1,1,Road Accidents,Other,City/Town,In bazaar,Human Error,No,Damage Only,Others,Uncontrolled,Curve,City or Town Road,Bitumen(Tar),Dry,Not Applicable,Fine,500,300,200,0.0,0.0,0,0,0.0,0.0
Bengaluru City,Jeevan Bhima Nagar (Indiranagar) Traffic  PS,1.04432e+16,2017,1,2,Road Accidents,Narrow road,City/Town,Near Hospital,Human Error,No,Simple Injury,Rear end,Give way sign,Not Applicable,Not Applicable,Concrete,Dry,Not Applicable,Fine,S D ROAD NEAR HAL HOSPITAL,S D ROAD NEAR HAL HOSPITAL,1,0.0,0.0,0,0,0.0,0.0
Bengaluru City,Jeevan Bhima Nagar (Indiranagar) Traffic  PS,1.04432e+16,2017,1,2,Road Accidents,Narrow road,City/Town,Near Bus stop,Human Error,No,Grievous Injury,Hit bicyclist,Not Applicable,Not Applicable,NH,Bitumen(Tar),Dry,Not Applicable,Fine,O M ROAD NEAR BYYAPANAHALLI METRO STATION,O M ROAD NEAR BYYAPANAHALLI METRO STATION,200,0.0,0.0,0,0,0.0,0.0
Bengaluru City,Jeevan Bhima Nagar (Indiranagar) Traffic  PS,1.04432e+16,2017,1,1,Road Accidents,Narrow road,City/Town,Near School or College,Human Error,No,Simple Injury,Not Applicable,Controlled,Not Applicable,City or Town Road,Bitumen(Tar),Dry,No influence on accident,Fine,SD ROAD,HAL MARKET,1.5,0.0,0.0,0,0,0.0,0.0
Bengaluru City,Jeevan Bhima Nagar (Indiranagar) Traffic  PS,1.04432e+16,2017,1,2,Not Applicable,Junction,City/Town,Near office complex,Human Error,No,Damage Only,Rear end,Uncontrolled,Curve,City or Town Road,Bitumen(Tar),Dry,Not Applicable,Fine,500,300,200,0.0,0.0,0,0,0.0,0.0
Bengaluru City,Jeevan Bhima Nagar (Indiranagar) Traffic  PS,1.04432e+16,2017,1,2,Road Accidents,Narrow road,City/Town,Near Bus stop,Human Error,Yes,Grievous Injury,Hit and Run,Controlled,Others,City or Town Road,Bitumen(Tar),Dry,Not Applicable,Clear,4th main,NEAR KR GARDEN,1 KM,0.0,0.0,0,0,0.0,0.0
Bengaluru City,Jeevan Bhima Nagar (Indiranagar) Traffic  PS,1.04432e+16,2017,1,1,Not Applicable,Other,City/Town,Residential area,Human Error,Not Applicable,Grievous Injury,Hit and Run,Police / Manual,Others,City or Town Road,Bitumen(Tar),Dry,Not Applicable,Clear,AIRPORT ROAD,NEAR INSTITUTE OF AEROSPACE MEDICINE,1 KM,0.0,0.0,0,0,0.0,0.0
Bengaluru City,Jeevan Bhima Nagar (Indiranagar) Traffic  PS,1.04432e+16,2017,1,2,Road Accidents,Round about or Circle,City/Town,Residential area,Human Error,Not Applicable,Grievous Injury,Drowned,Controlled,Others,City or Town Road,Bitumen(Tar),Dry,Not Applicable,Clear,80 FT ROAD,NEAR 4TH MAIN,0.5,0.0,0.0,0,0,0.0,0.0
Bengaluru City,Jeevan Bhima Nagar (Indiranagar) Traffic  PS,1.04432e+16,2017,1,2,Road Accidents,Other,City/Town,Narrow bridge or culverts,Human Error,Yes,Simple Injury,Hit and Run,Not at  Junction,Others,City or Town Road,Not Applicable,Others,Not Applicable,Clear,BYYAPPANAHALLI RAILWAY GATE,NEAR RAILWAY GATE,0.5,0.0,0.0,0,1,0.0,1.0
Bengaluru City,Jeevan Bhima Nagar (Indiranagar) Traffic  PS,1.04432e+16,2017,1,1,Road Accidents,Cross roads,City/Town,Near a religious place,Human Error,Not Applicable,Damage Only,Hit pedestrian,Controlled,Others,City or Town Road,Concrete,Dry,Not Applicable,Clear,CHALAGATTA MAIN ROAD,NEAR MUNESHWARA TEMPLE,1.5 KM,0.0,0.0,0,0,0.0,0.0
Bengaluru City,Jeevan Bhima Nagar (Indiranagar) Traffic  PS,1.04432e+16,2017,1,2,Road Accidents,Narrow road,City/Town,Near office complex,Human Error,Yes,Simple Injury,Hit and Run,Controlled,Not Applicable,City or Town Road,Bitumen(Tar),Dry,No influence on accident,Clear,RMZ OM ROAD,RMZ,2.5,0.0,0.0,0,0,0.0,0.0
Bengaluru City,Jeevan Bhima Nagar (Indiranagar) Traffic  PS,1.04432e+16,2017,1,1,Road Accidents,Cross roads,City/Town,Near Bus stop,Human Error,Yes,Grievous Injury,Hit animal,Police / Manual,Not Applicable,Major District Road,Bitumen(Tar),Dry,Not Applicable,Clear,AIRPORT ROAD,NEAR HAL BUS STOP,0.5,0.0,0.0,0,0,0.0,0.0
Bengaluru City,Jeevan Bhima Nagar (Indiranagar) Traffic  PS,1.04432e+16,2017,1,2,Not Applicable,T Junction,City/Town,At pedestrian Crossing,Human Error,No,Grievous Injury,Head on,Signal lights Automatic,Not Applicable,City or Town Road,Not Applicable,Dry,Not Applicable,Fine,O M ROAD,O M ROAD,2,0.0,0.0,0,0,0.0,0.0
Bengaluru City,Jeevan Bhima Nagar (Indiranagar) Traffic  PS,1.04432e+16,2017,1,2,Road Accidents,Not Applicable,City/Town,Residential area,Human Error,No,Damage Only,Rear end,Not Applicable,Not Applicable,City or Town Road,Bitumen(Tar),Dry,Not Applicable,Clear,80 FEET ROAD NEAR 4 TH MAIN BANGALURU,80 FEET ROAD NEAR 4 TH MAIN BANGALURU,500,0.0,0.0,0,0,0.0,0.0
Bengaluru City,Jeevan Bhima Nagar (Indiranagar) Traffic  PS,1.04432e+16,2017,1,2,Road Accidents,Not Applicable,City/Town,In bazaar,Human Error,No,Damage Only,Rear end,Not Applicable,Not Applicable,NH,Bitumen(Tar),Dry,Not Applicable,Fine,O M ROAD NEAR GOPALN MALL,O M ROAD NEAR GOPALN MALL,500,0.0,0.0,0,0,0.0,0.0
Bengaluru City,Jeevan Bhima Nagar (Indiranagar) Traffic  PS,1.04432e+16,2017,1,2,Road Accidents,Narrow road,City/Town,Near a factory industrial area,Human Error,Yes,Simple Injury,Hit and Run,Not at  Junction,Not Applicable,City or Town Road,Concrete,Dry,Not Applicable,Fine,S D ROAD,S D ROAD,2,0.0,0.0,0,0,0.0,0.0
Bengaluru City,Jeevan Bhima Nagar (Indiranagar) Traffic  PS,1.04432e+16,2017,1,1,Road Accidents,Circle,City/Town,Near Hospital,Human Error,Yes,Grievous Injury,Hit pedestrian,No signal lights,Straight and flat,City or Town Road,Concrete,Dry,Not Applicable,Fine,AIRPORT ROAD,MANIPAL HOSPITAL,500MTR,0.0,0.0,0,0,0.0,0.0
Bengaluru City,Jeevan Bhima Nagar (Indiranagar) Traffic  PS,1.04432e+16,2017,1,1,Road Accidents,Narrow road,City/Town,Near Hospital,Human Error,No,Fatal,Hit pedestrian,Not Applicable,Not Applicable,City or Town Road,Bitumen(Tar),Dry,Not Applicable,Clear,OLD AIR PORT ROAD NEAR MANIPAL HOSPITAL,OLD AIR PORT ROAD NEAR MANIPAL HOSPITAL,300,0.0,0.0,0,0,0.0,0.0
Bengaluru City,Jeevan Bhima Nagar (Indiranagar) Traffic  PS,1.04432e+16,2017,1,1,Road Accidents,Narrow road,City/Town,Near a religious place,Human Error,Yes,Fatal,Hit and Run,Not Applicable,Not Applicable,City or Town Road,Bitumen(Tar),Dry,Not Applicable,Fine,SURANJAN DAS ROAD NEAR SECREED HEART CHURCH,SURANJAN DAS ROAD NEAR SECREED HEART CHURCH,500,0.0,0.0,0,0,0.0,0.0
Bengaluru City,Jeevan Bhima Nagar (Indiranagar) Traffic  PS,1.04432e+16,2017,1,2,Not Applicable,More than four arms,City/Town,Near office complex,Human Error,No,Damage Only,Head on,Uncontrolled,Curve,City or Town Road,Bitumen(Tar),Dry,Not Applicable,Fine,500,300,200,0.0,0.0,0,0,0.0,0.0
Bengaluru City,Jeevan Bhima Nagar (Indiranagar) Traffic  PS,1.04432e+16,2017,1,1,Road Accidents,Narrow road,City/Town,Near Hospital,Human Error,No,Fatal,Hit pedestrian,Not Applicable,Not Applicable,City or Town Road,Concrete,Dry,Not Applicable,Fine,C M H ROAD NEAR MOTHWER HOOD HOSPITAL,C M H ROAD NEAR MOTHWER HOOD HOSPITAL,2 KM,0.0,0.0,0,0,0.0,0.0
Bengaluru City,Jeevan Bhima Nagar (Indiranagar) Traffic  PS,1.04432e+16,2017,1,2,Not Applicable,Narrow road,City/Town,Near a factory industrial area,Human Error,No,Grievous Injury,Head on,Not at  Junction,Not Applicable,City or Town Road,Concrete,Dry,Not Applicable,Fine,S D ROAD MICAL PALYA,S D ROAD,1.5 KM,0.0,0.0,0,0,0.0,0.0
Bengaluru City,Jeevan Bhima Nagar (Indiranagar) Traffic  PS,1.04432e+16,2017,1,1,Road Accidents,Junction,City/Town,Open area,Human Error,Not Applicable,Grievous Injury,Not Applicable,Police / Manual,Not Applicable,One way,Concrete,Dry,Not Applicable,Fine,O M ROAD KALPALLI CROSS,O M ROAD KALPALLI CROSS,2 KM,0.0,0.0,0,0,0.0,0.0
Bengaluru City,Jeevan Bhima Nagar (Indiranagar) Traffic  PS,1.04432e+16,2017,1,2,Road Accidents,T Junction,City/Town,Residential area,Human Error,No,Simple Injury,Head on,Not at  Junction,Not Applicable,City or Town Road,Concrete,Dry,Not Applicable,Fine,13 F MAIN 8 CROSS INDIRANAGARA,13 F MAIN 8 CROSS INDIRANAGARA,2,0.0,0.0,0,0,0.0,0.0
Bengaluru City,Jeevan Bhima Nagar (Indiranagar) Traffic  PS,1.04432e+16,2017,1,1,Road Accidents,T Junction,City/Town,Open area,Human Error,Yes,Grievous Injury,Hit and Run,Not Applicable,Curve,City or Town Road,Concrete,Dry,Not Applicable,Fine,TIPPASANDARA MAIN ROAD,TIPASANDARA MAIN,1,0.0,0.0,0,0,0.0,0.0
Bengaluru City,Jeevan Bhima Nagar (Indiranagar) Traffic  PS,1.04432e+16,2017,1,1,Road Accidents,Other,City/Town,Near School or College,Human Error,No,Grievous Injury,Hit pedestrian,Not Applicable,Not Applicable,City or Town Road,Bitumen(Tar),Dry,Not Applicable,Clear,80 FEET ROAD NEAR EMPAIR HOTEL,80 FEET ROAD NEAR EMPAIR HOTEL,500,0.0,0.0,0,0,0.0,0.0
Bengaluru City,Jeevan Bhima Nagar (Indiranagar) Traffic  PS,1.04432e+16,2017,1,1,Road Accidents,Cross roads,City/Town,Residential area,Human Error,Yes,Grievous Injury,Hit pedestrian,Not Applicable,Curve,Residential Street,Bitumen(Tar),Dry,Not Applicable,Fine,HMS CYCLE MART RAMAIH LANE 1 ST CROSS NAL,HMS CYCLE MART RAMAIH LANE 1 ST CROSS NAL,200,0.0,0.0,0,0,0.0,0.0
Bengaluru City,Jeevan Bhima Nagar (Indiranagar) Traffic  PS,1.04432e+16,2017,1,2,Road Accidents,Narrow road,City/Town,Near office complex,Human Error,No,Grievous Injury,Hit bicyclist,Not Applicable,Not Applicable,City or Town Road,Concrete,Dry,Not Applicable,Fine,S D ROAD ADA GATE,S D ROAD ADA GATE,300,0.0,0.0,0,0,0.0,0.0
Bengaluru City,Jeevan Bhima Nagar (Indiranagar) Traffic  PS,1.04432e+16,2017,1,1,Road Accidents,Cross roads,City/Town,Near office complex,Human Error,No,Fatal,Others,Not Applicable,Not Applicable,City or Town Road,Bitumen(Tar),Dry,Not Applicable,Fine,A P J ABDUL KALAM ROAD NEAR LRDE GATE,A P J ABDUL KALAM ROAD NEAR LRDE GATE,300,0.0,0.0,0,0,0.0,0.0
Bengaluru City,Jeevan Bhima Nagar (Indiranagar) Traffic  PS,1.04432e+16,2017,1,2,Road Accidents,Cross roads,City/Town,Open area,Human Error,Yes,Grievous Injury,Hit and Run,Not Applicable,Curve,City or Town Road,Bitumen(Tar),Dry,Not Applicable,Fine,SADANANDA NAGARA MAIN ROAD NEAR BYYPANAHALLI METRO STATION,SADANANDA NAGARA MAIN ROAD NEAR BYYPANAHALLI METRO STATION,300,0.0,0.0,0,0,0.0,0.0