DISTRICTNAME,UNITNAME,Crime_No,Year,RI,Noofvehicle_involved,Accident_Classification,Accident_Spot,Accident_Location,Accident_SubLocation,Main_Cause,Hit_Run,Severity,Collision_Type,Junction_Control,Road_Character,Road_Type,Surface_Type,Surface_Condition,Road_Condition,Weather,Accident_Road,Landmark_first,Distance_LandMark_First,Latitude,Longitude,Road_Condition_Score,Surface_Condition_Score,Surface_Type_Score,Road_Risk_Index
Bengaluru City,Jeevan Bhima Nagar (Indiranagar) Traffic  PS,1.04432e+16,2023,1,2,Road Accidents,Narrow road,City/Town,Near Bus stop,Human Error,No,Grievous Injury,Vehicle to Vehicle,Not at  Junction,Others,Others,Bitumen(Tar),Dry,Not Applicable,Fine,OM ROAD,NEAR SHELL PETROL BUNK,2.5KM,0.0,0.0,0,0,0.0,0.0
Bengaluru City,Jeevan Bhima Nagar (Indiranagar) Traffic  PS,1.04432e+16,2023,1,1,Road Accidents,Narrow road,City/Town,Near office complex,Human Error,No,Fatal,Not Applicable,Not at  Junction,Others,Others,Bitumen(Tar),Dry,Not Applicable,Fine,CV RAMAN RD,NEAR BAHGAMANE TECPARK,1.5KM,12.978395,77.65675,0,0,0.0,0.0
Bengaluru City,Jeevan Bhima Nagar (Indiranagar) Traffic  PS,1.04432e+16,2023,1,1,Road Accidents,Junction,City/Town,Near School or College,Human Error,No,Grievous Injury,Not Applicable,Signal lights Automatic,Others,Others,Bitumen(Tar),Dry,Not Applicable,Fine,100 FIT RD,NEAR 12TH MAIN JUNCTION,1.5KM,12.65,77.65,0,0,0.0,0.0
Bengaluru City,Jeevan Bhima Nagar (Indiranagar) Traffic  PS,1.04432e+16,2023,1,2,Road Accidents,Narrow road,City/Town,Near office complex,Human Error,No,Grievous Injury,Vehicle to Vehicle,Not at  Junction,Others,Others,Bitumen(Tar),Dry,Not Applicable,Fine,DRDO,NEAR DRDO,3.5KM,0.0,0.0,0,0,0.0,0.0
Bengaluru City,Jeevan Bhima Nagar (Indiranagar) Traffic  PS,1.04432e+16,2023,1,1,Road Accidents,Narrow road,City/Town,Residential area,Human Error,No,Grievous Injury,Not Applicable,Not Applicable,Others,Not Applicable,Gravel,Not Applicable,Not Applicable,Fine,OLD AIR PORT ROAD,SNS Arched,2 KM,0.0,0.0,0,0,3.0,3.0
Bengaluru City,Jeevan Bhima Nagar (Indiranagar) Traffic  PS,1.04432e+16,2023,1,1,Road Accidents,Junction,City/Town,Near office complex,Human Error,Yes,Damage Only,Not Applicable,No signal lights,Others,Others,Concrete,Dry,Not Applicable,Fine,SD ROAD,NEAR GEETAJAHALLI,1.5KM,0.0,0.0,0,0,0.0,0.0
Bengaluru City,Jeevan Bhima Nagar (Indiranagar) Traffic  PS,1.04432e+16,2023,1,1,Road Accidents,Narrow road,City/Town,Near Bus stop,Human Error,No,Grievous Injury,Hit pedestrian,Not Applicable,Not Applicable,Others,Bitumen(Tar),Dry,Not Applicable,Fine,OLD AIRPORT ROAD,OPP TO SBI BANK,1.5KM,0.0,0.0,0,0,0.0,0.0
Bengaluru City,Jeevan Bhima Nagar (Indiranagar) Traffic  PS,1.04432e+16,2023,1,2,Road Accidents,Not Applicable,City/Town,Near office complex,Human Error,No,Grievous Injury,Vehicle to Vehicle,Not at  Junction,Others,Others,Bitumen(Tar),Dry,Not Applicable,Fine,12TH MAIN,NEAR RAMESHAWARA HOTAL,1.5M,0.0,0.0,0,0,0.0,0.0
Bengaluru City,Jeevan Bhima Nagar (Indiranagar) Traffic  PS,1.04432e+16,2023,1,2,Road Accidents,Narrow road,City/Town,Near office complex,Human Error,Yes,Grievous Injury,Vehicle to Vehicle,Police / Manual,Others,Others,Bitumen(Tar),Dry,Not Applicable,Fine,CV RAMAN RD,NEAR GTRE,2.O KM,12.980575,77.656234,0,0,0.0,0.0
Bengaluru City,Jeevan Bhima Nagar (Indiranagar) Traffic  PS,1.04432e+16,2023,1,1,Road Accidents,Narrow road,City/Town,Near Bus stop,Human Error,No,Grievous Injury,Not Applicable,Not at  Junction,Others,Others,Bitumen(Tar),Dry,Not Applicable,Fine,OLD AIRPORT ROAD,RAJESHWARI TAKIS,1.5KM,12.959131,77.659912,0,0,0.0,0.0
Bengaluru City,Jeevan Bhima Nagar (Indiranagar) Traffic  PS,1.04432e+16,2023,1,2,Road Accidents,Junction,City/Town,Near Bus stop,Human Error,No,Grievous Injury,Vehicle to Vehicle,No signal lights,Others,Others,Bitumen(Tar),Dry,Not Applicable,Fine,80 FEET RD,NEAR 6TH MAIN,2.0KM,12.974076,77.646865,0,0,0.0,0.0
Bengaluru City,Jeevan Bhima Nagar (Indiranagar) Traffic  PS,1.04432e+16,2023,1,1,Road Accidents,Junction,City/Town,In bazaar,Human Error,No,Grievous Injury,Hit pedestrian,Signal lights Automatic,Straight and flat,Arterial,Bitumen(Tar),Dry,Not Applicable,Clear,OLD MADAR ROAD,Near Big BAzar,3KM,0.0,0.0,0,0,0.0,0.0
Bengaluru City,Jeevan Bhima Nagar (Indiranagar) Traffic  PS,1.04432e+16,2023,1,1,Road Accidents,Narrow road,City/Town,Near Bus stop,Human Error,Yes,Grievous Injury,Hit pedestrian,Not at  Junction,Curve,Others,Bitumen(Tar),Dry,Not Applicable,Fine,OLD AIRPORT ROAD,NEAR NAL BUS STOP,1.5 KM,0.0,0.0,0,0,0.0,0.0
Bengaluru City,Jeevan Bhima Nagar (Indiranagar) Traffic  PS,1.04432e+16,2023,1,1,Road Accidents,Curves,City/Town,Near office complex,Human Error,No,Grievous Injury,Not Applicable,Not at  Junction,Curve,Others,Bitumen(Tar),Dry,Not Applicable,Fine,CHALGATTA MAIN RD,NEAR AIRPORT GET,2.5KM,12.956065,77.653385,0,0,0.0,0.0
Bengaluru City,Jeevan Bhima Nagar (Indiranagar) Traffic  PS,1.04432e+16,2023,1,1,Road Accidents,Junction,City/Town,Near office complex,Human Error,Yes,Grievous Injury,Hit pedestrian,No signal lights,Others,Others,Bitumen(Tar),Dry,Not Applicable,Fine,12TH MAIN INDRANAGARA,NEAR LUCKY CHAN PUB,2.0KM,12.970244,77.642779,0,0,0.0,0.0
Bengaluru City,Jeevan Bhima Nagar (Indiranagar) Traffic  PS,1.04432e+16,2023,1,2,Road Accidents,Not Applicable,City/Town,Near Bus stop,Human Error,Yes,Grievous Injury,Vehicle to Vehicle,Not at  Junction,Others,Others,Bitumen(Tar),Dry,Not Applicable,Fine,NEW  BYAPPANAHALLI,NEAR METRO STOP,2.5KM,0.0,0.0,0,0,0.0,0.0
Bengaluru City,Jeevan Bhima Nagar (Indiranagar) Traffic  PS,1.04432e+16,2023,1,2,Road Accidents,Narrow road,City/Town,Near office complex,Human Error,Yes,Fatal,Vehicle to Vehicle,Not Applicable,Others,Others,Bitumen(Tar),Dry,Not Applicable,Fine,CHALGATTA MAIN RD,NEAR UDUPI HOTAL,2.5KM,0.0,0.0,0,0,0.0,0.0
Bengaluru City,Jeevan Bhima Nagar (Indiranagar) Traffic  PS,1.04432e+16,2023,1,1,Road Accidents,Junction,City/Town,Near Bus stop,Human Error,Yes,Grievous Injury,Hit bicyclist,Police / Manual,Others,Others,Bitumen(Tar),Dry,Not Applicable,Fine,100 FIT RD,12TH MAIN JUNCTION,1.5KM,12.970316,77.64133,0,0,0.0,0.0
Bengaluru City,Jeevan Bhima Nagar (Indiranagar) Traffic  PS,1.04432e+16,2023,1,2,Road Accidents,Junction,City/Town,Near Bus stop,Human Error,Yes,Grievous Injury,Vehicle to Vehicle,Signal lights Automatic,Others,Others,Bitumen(Tar),Dry,Not Applicable,Fine,OLD MADRAS RD,NEAR BIG BAZAR JUNCTION,2.5KM,12.991212,77.657016,0,0,0.0,0.0
Bengaluru City,Jeevan Bhima Nagar (Indiranagar) Traffic  PS,1.04432e+16,2023,1,2,Road Accidents,Curves,City/Town,Near office complex,Human Error,Yes,Fatal,Vehicle to Vehicle,Not at  Junction,Others,Others,Bitumen(Tar),Dry,Not Applicable,Fine,OLD MADRAS RD,NEAR NAGARABIRUDI BHAVAN,2.5KM,12.982312,77.633433,0,0,0.0,0.0
Bengaluru City,Jeevan Bhima Nagar (Indiranagar) Traffic  PS,1.04432e+16,2023,1,1,Road Accidents,Narrow road,City/Town,Near Bus stop,Human Error,No,Grievous Injury,Not Applicable,Stop sign,Others,Others,Bitumen(Tar),Dry,Not Applicable,Fine,CV RAMAN NAGARA,BHUVANESWARI NAGAR,2.5KM,12.98508,77.665638,0,0,0.0,0.0
Bengaluru City,Jeevan Bhima Nagar (Indiranagar) Traffic  PS,1.04432e+16,2023,1,2,Road Accidents,Not Applicable,City/Town,Near a factory industrial area,Human Error,No,Grievous Injury,Not Applicable,Not Applicable,Not Applicable,One way,Bitumen(Tar),Dry,Not Applicable,Fine,SD RD,NEAR ENGINE GATE,2.5KM,0.0,0.0,0,0,0.0,0.0
Bengaluru City,Jeevan Bhima Nagar (Indiranagar) Traffic  PS,1.04432e+16,2023,1,3,Road Accidents,Narrow road,City/Town,Near Bus stop,Human Error,No,Grievous Injury,Vehicle to Vehicle,Not Applicable,Others,Others,Bitumen(Tar),Dry,Not Applicable,Fine,OLD MADRAS RD,NEAR BINNAMANGALA,2.5KM,0.0,0.0,0,0,0.0,0.0
Bengaluru City,Jeevan Bhima Nagar (Indiranagar) Traffic  PS,1.04432e+16,2023,1,1,Road Accidents,Not Applicable,City/Town,Near or inside a village,Human Error,Yes,Grievous Injury,Hit pedestrian,Not at  Junction,Curve,Others,Bitumen(Tar),Dry,No influence on accident,Fine,JB NAGAR,LIC COLONY,1.5KM,0.0,0.0,0,0,0.0,0.0
Bengaluru City,Jeevan Bhima Nagar (Indiranagar) Traffic  PS,1.04432e+16,2023,1,2,Road Accidents,Not Applicable,City/Town,Near office complex,Human Error,No,Grievous Injury,Vehicle to Vehicle,Not Applicable,Others,Others,Bitumen(Tar),Dry,Not Applicable,Fine,12TH MAIN INDRANAGARA,NEAR RAMESHAWARA HOTAL,2.5KM,12.970346,77.644333,0,0,0.0,0.0
Bengaluru City,Jeevan Bhima Nagar (Indiranagar) Traffic  PS,1.04432e+16,2023,1,2,Road Accidents,Curves,City/Town,Near Bus stop,Human Error,No,Simple Injury,Vehicle to Vehicle,Not Applicable,Others,Others,Bitumen(Tar),Dry,Not Applicable,Fine,MALLESHAPALYA MAIN RD,NEAR MALLESHPALY BUS STOP,2.5KM,12.975111,77.669695,0,0,0.0,0.0
Bengaluru City,Jeevan Bhima Nagar (Indiranagar) Traffic  PS,1.04432e+16,2023,1,2,Road Accidents,Junction,City/Town,Near office complex,Human Error,Yes,Grievous Injury,Vehicle to Vehicle,Not at  Junction,Others,Others,Bitumen(Tar),Dry,Not Applicable,Fine,CMH RD,NEAR HDFC BANK,2.5KM,12.978249,77.636693,0,0,0.0,0.0
Bengaluru City,Jeevan Bhima Nagar (Indiranagar) Traffic  PS,1.04432e+16,2023,1,2,Road Accidents,Curves,City/Town,Near Bus stop,Human Error,No,Simple Injury,Vehicle to Vehicle,Police / Manual,Others,Others,Bitumen(Tar),Dry,Not Applicable,Fine,OLD MADRAS RD,SWAMI VIVEKANDA METRO STOP,2.5KM,0.0,0.0,0,0,0.0,0.0
Bengaluru City,Jeevan Bhima Nagar (Indiranagar) Traffic  PS,1.04432e+16,2023,1,1,Road Accidents,Junction,City/Town,Near office complex,Human Error,No,Fatal,Hit pedestrian,Signal lights Automatic,Others,Others,Concrete,Dry,Not Applicable,Fine,SD RD,BEML JUNCTION,1.5KM,0.0,0.0,0,0,0.0,0.0
Bengaluru City,Jeevan Bhima Nagar (Indiranagar) Traffic  PS,1.04432e+16,2023,1,2,Road Accidents,Narrow road,City/Town,Near School or College,Human Error,No,Grievous Injury,Vehicle to Vehicle,Police / Manual,Others,Others,Bitumen(Tar),Dry,Not Applicable,Fine,JB NAGARA MAIN RD,6TH CROSS,1.5KM,12.968402,77.650595,0,0,0.0,0.0
Bengaluru City,Jeevan Bhima Nagar (Indiranagar) Traffic  PS,1.04432e+16,2023,1,2,Road Accidents,Junction,City/Town,Near Bus stop,Human Error,No,Grievous Injury,Vehicle to Vehicle,Police / Manual,Others,Others,Bitumen(Tar),Dry,Not Applicable,Fine,OM RD,METRO,2.5KM,12.986213,77.64597,0,0,0.0,0.0
Bengaluru City,Jeevan Bhima Nagar (Indiranagar) Traffic  PS,1.04432e+16,2023,1,2,Road Accidents,Narrow road,City/Town,In bazaar,Human Error,Yes,Fatal,Vehicle to Vehicle,Not at  Junction,Others,Others,Bitumen(Tar),Dry,Not Applicable,Fine,KAGGDASAPURA,NEAR DURALAXMI APRT,2.5KM,12.975397,77.678936,0,0,0.0,0.0
Bengaluru City,Jeevan Bhima Nagar (Indiranagar) Traffic  PS,1.04432e+16,2023,1,2,Road Accidents,Junction,City/Town,Near Bus stop,Human Error,No,Grievous Injury,Vehicle to Vehicle,Not at  Junction,Hump,Others,Bitumen(Tar),Dry,Not Applicable,Fine,SD RD,BEML JUNCTION,1.5KM,12.971866,77.658397,0,0,0.0,0.0
Bengaluru City,Jeevan Bhima Nagar (Indiranagar) Traffic  PS,1.04432e+16,2023,1,4,Road Accidents,Narrow road,City/Town,In bazaar,Human Error,No,Grievous Injury,Vehicle to Vehicle,Not Applicable,Others,One way,Bitumen(Tar),Dry,Not Applicable,Fine,THIPPASANDRAMAIN RD,NEAR IYENGAR BAKERY,2.5KM,0.0,0.0,0,0,0.0,0.0
Bengaluru City,Jeevan Bhima Nagar (Indiranagar) Traffic  PS,1.04432e+16,2023,1,1,Road Accidents,Narrow road,City/Town,Residential area,Human Error,No,Fatal,Not Applicable,Not Applicable,Others,Others,Bitumen(Tar),Dry,Not Applicable,Fine,KALPALLI MAIN RD,KALPALLI MAIN  RD,3.0KM,0.0,0.0,0,0,0.0,0.0
Bengaluru City,Jeevan Bhima Nagar (Indiranagar) Traffic  PS,1.04432e+16,2023,1,1,Road Accidents,Not Applicable,City/Town,Near School or College,Human Error,No,Grievous Injury,Not Applicable,No signal lights,Others,Others,Bitumen(Tar),Dry,Not Applicable,Fine,11TH MAIN,JAIN COLLEGE,2.5KM,0.0,0.0,0,0,0.0,0.0
Bengaluru City,Jeevan Bhima Nagar (Indiranagar) Traffic  PS,1.04432e+16,2023,1,1,Road Accidents,Curves,City/Town,Residential area,Human Error,Yes,Grievous Injury,Hit pedestrian,Not Applicable,Others,Others,Bitumen(Tar),Dry,Not Applicable,Fine,SG PALAYA,NEAR ASIAN APT,2.5KM,0.0,0.0,0,0,0.0,0.0
Bengaluru City,Jeevan Bhima Nagar (Indiranagar) Traffic  PS,1.04432e+16,2023,1,3,Road Accidents,Narrow road,City/Town,Near Hospital,Human Error,No,Grievous Injury,Vehicle to Vehicle,Not Applicable,Others,Others,Bitumen(Tar),Dry,Not Applicable,Fine,KALPALLI MAIN RD,NEAR ISOLATION HOSPITAL,2.5KM,12.98514,77.64247,0,0,0.0,0.0
Bengaluru City,Jeevan Bhima Nagar (Indiranagar) Traffic  PS,1.04432e+16,2023,1,2,Road Accidents,Curves,City/Town,Near Hospital,Human Error,No,Grievous Injury,Vehicle to Vehicle,Not at  Junction,Others,Others,Bitumen(Tar),Dry,Not Applicable,Fine,CMH RD,CMH HOSPITAL,1.5KM,0.0,0.0,0,0,0.0,0.0
Bengaluru City,K G Halli Traffic PS,1.04432e+16,2017,1,1,Not Applicable,Other,City/Town,In bazaar,Not Applicable,Yes,Simple Injury,Others,Signals (Working),Curve,Expressway,Bitumen(Tar),Dry,Not Applicable,Dust Storn,HENNUR MAIN ROAD,OPEN AREA,20,0.0,0.0,0,0,0.0,0.0
Bengaluru City,K G Halli Traffic PS,1.04432e+16,2017,1,1,Road Accidents,Railway crossing,City/Town,Residential area,Not Applicable,No,Grievous Injury,Hit pedestrian,Not Applicable,Not Applicable,Two way,Kutcha,Dry,Construction Work / Material,Clear,Veerannapalya Main road,Near Veerannapalya Railway Gate,200 Ft,0.0,0.0,2,0,4.0,6.0
Bengaluru City,K G Halli Traffic PS,1.04432e+16,2017,1,1,Road Accidents,Other,City/Town,Open area,Human Error,Yes,Simple Injury,Others,Controlled,Others,City or Town Road,Not Applicable,Dry,Not Applicable,Clear,Open area,Opp Dr B R Ambedkar Hospital,3m,0.0,0.0,0,0,0.0,0.0
Bengaluru City,K G Halli Traffic PS,1.04432e+16,2017,1,1,Road Accidents,Other,City/Town,Open area,Vehicle Defect,No,Simple Injury,Others,Controlled,Others,City or Town Road,Bitumen(Tar),Dry,Not Applicable,Clear,GANESHA TEMPLE ROAD NEAR BDA PARK BANAGLURU,HBR LAY OUT,2 KM E,13.028373,77.628311,0,0,0.0,0.0
Bengaluru City,K G Halli Traffic PS,1.04432e+16,2017,1,2,Road Accidents,Narrow road,City/Town,Open area,Not Applicable,No,Simple Injury,Others,Controlled,Others,City or Town Road,Bitumen(Tar),Dry,Not Applicable,Clear,40 FT ROAD,K G HALLI CIRCLE,0.3 KM,13.021255,77.618711,0,0,0.0,0.0
Bengaluru City,K G Halli Traffic PS,1.04432e+16,2017,1,1,Road Accidents,Narrow road,City/Town,Near a religious place,Human Error,No,Simple Injury,Hit fixed object,Not at  Junction,Not Applicable,City or Town Road,Concrete,Dry,Not Applicable,Clear,Nagavara Main Road,Shivalinga Temple,50 Ft,0.0,0.0,0,0,0.0,0.0
Bengaluru City,K G Halli Traffic PS,1.04432e+16,2017,1,1,Road Accidents,Other,City/Town,Open area,Human Error,Not Applicable,Simple Injury,Others,Controlled,Others,City or Town Road,Not Applicable,Dry,Not Applicable,Clear,NAGAWARA MAIN ROAD,R SRINIVAS HAIR STAYLE SHOP,30FT,0.0,0.0,0,0,0.0,0.0
Bengaluru City,K G Halli Traffic PS,1.04432e+16,2017,1,2,Road Accidents,Narrow road,City/Town,Near a religious place,Human Error,No,Simple Injury,Hit parked vehicle,No signal lights,Not Applicable,City or Town Road,Concrete,Dry,Not Applicable,Clear,Ramadev Garden 80 Feet Road,Ammas Bakery,90 Ft,0.0,0.0,0,0,0.0,0.0
Bengaluru City,K G Halli Traffic PS,1.04432e+16,2017,1,1,Road Accidents,Other,City/Town,Near Bus stop,Human Error,Not Applicable,Fatal,Others,Not Applicable,Others,Two way,Bitumen(Tar),Others,Not Applicable,Snow,80 Feet Road,Tar Road,1,0.0,0.0,0,1,0.0,1.0
Bengaluru City,K G Halli Traffic PS,1.04432e+16,2017,1,1,Road Accidents,Other,City/Town,Open area,Human Error,No,Simple Injury,Others,Uncontrolled,Others,City or Town Road,Bitumen(Tar),Dry,Not Applicable,Clear,Hennur Cross,Amezan Office,30 m,0.0,0.0,0,0,0.0,0.0
Bengaluru City,K G Halli Traffic PS,1.04432e+16,2017,1,2,Road Accidents,Narrow road,City/Town,Near Bus stop,Human Error,No,Grievous Injury,Head on,Not at  Junction,Straight and flat,City or Town Road,Bitumen(Tar),Dry,Not Applicable,Clear,Kavalbairasandra Main Road,Shiva Electricals,100 Ft,0.0,0.0,0,0,0.0,0.0
Bengaluru City,K G Halli Traffic PS,1.04432e+16,2017,1,2,Road Accidents,Other,City/Town,Near Hospital,Not Applicable,Not Applicable,Grievous Injury,Others,Not Applicable,Others,Others,Bitumen(Tar),Others,Not Applicable,Not Applicable,Not Applicale,Not Applicale,1 KM,0.0,0.0,0,1,0.0,1.0
Bengaluru City,K G Halli Traffic PS,1.04432e+16,2017,1,2,Road Accidents,Circle,City/Town,Open area,Not Applicable,No,Simple Injury,Others,Controlled,Others,City or Town Road,Bitumen(Tar),Dry,Not Applicable,Clear,hennur road,iscon temple,0.5 km,0.0,0.0,0,0,0.0,0.0
Bengaluru City,K G Halli Traffic PS,1.04432e+16,2017,1,2,Road Accidents,Other,City/Town,Near Bus stop,Vehicle Defect,Yes,Simple Injury,Others,Police / Manual,Others,City or Town Road,Bitumen(Tar),Dry,Not Applicable,Clear,k g halli rail way Gate Road,Near Railway gate,1km N,13.026524,77.620142,0,0,0.0,0.0
Bengaluru City,K G Halli Traffic PS,1.04432e+16,2017,1,1,Road Accidents,Other,City/Town,Open area,Not Applicable,No,Simple Injury,Others,Controlled,Others,City or Town Road,Bitumen(Tar),Dry,Not Applicable,Clear,NEAR BDA COMPLEX HBR LAY OUT,BDA COMPLEX,1 KM,13.025092,77.62771,0,0,0.0,0.0
Bengaluru City,K G Halli Traffic PS,1.04432e+16,2017,1,2,Road Accidents,T Junction,City/Town,In bazaar,Not Applicable,Not Applicable,Simple Injury,Others,No signal lights,Not Applicable,City or Town Road,Bitumen(Tar),Others,Not Applicable,Not Applicable,Not Applicale,Not Applicale,50 mit,0.0,0.0,0,1,0.0,1.0
Bengaluru City,K G Halli Traffic PS,1.04432e+16,2017,1,1,Road Accidents,Other,City/Town,Open area,Human Error,Not Applicable,Simple Injury,Others,Controlled,Others,City or Town Road,Bitumen(Tar),Dry,Not Applicable,Clear,NAGAWARA MAIN ROAD,RAJATHA APARTMENT,30FT,0.0,0.0,0,0,0.0,0.0
Bengaluru City,K G Halli Traffic PS,1.04432e+16,2017,1,2,Road Accidents,Other,City/Town,Open area,Human Error,Yes,Simple Injury,Others,Controlled,Others,City or Town Road,Bitumen(Tar),Dry,Not Applicable,Clear,NAGAWARA MAIN ROAD,BANGALORE NURSING HOME,30FT,0.0,0.0,0,0,0.0,0.0
Bengaluru City,K G Halli Traffic PS,1.04432e+16,2018,1,2,Road Accidents,Narrow road,City/Town,Near Hospital,Human Error,No,Grievous Injury,Not Applicable,Not at  Junction,Not Applicable,City or Town Road,Bitumen(Tar),Dry,Not Applicable,Clear,80 Feet Road HBR Layout,Andra Bank,50 Ft,0.0,0.0,0,0,0.0,0.0
Bengaluru City,K G Halli Traffic PS,1.04432e+16,2018,1,1,Road Accidents,Cross roads,City/Town,Near Hospital,Human Error,No,Simple Injury,Hit pedestrian,No signal lights,Others,City or Town Road,Bitumen(Tar),Dry,Not Applicable,Clear,Nagawara main road Near sai hospital,Near Nagalinga temple,0.5 km,0.0,0.0,0,0,0.0,0.0
Bengaluru City,K G Halli Traffic PS,1.04432e+16,2018,1,2,Road Accidents,Narrow road,City/Town,Near Hospital,Human Error,Not Applicable,Grievous Injury,Others,Not Applicable,Others,Others,Gravel,Dry,Not Applicable,Clear,Samadan Nagar,Dr Amc road,0.5 km,0.0,0.0,0,0,3.0,3.0
Bengaluru City,K G Halli Traffic PS,1.04432e+16,2018,1,1,Road Accidents,Cross roads,City/Town,Residential area,Human Error,Not Applicable,Damage Only,Hit fixed object,Controlled,Others,City or Town Road,Bitumen(Tar),Dry,Not Applicable,Others,BM Layout venkateshpura,House No 655 to South,10 ft,0.0,0.0,0,0,0.0,0.0
Bengaluru City,K G Halli Traffic PS,1.04432e+16,2018,1,1,Road Accidents,Cross roads,City/Town,Near Bus stop,Vehicle Defect,No,Simple Injury,Hit pedestrian,No signal lights,Straight and flat,City or Town Road,Bitumen(Tar),Dry,Not Applicable,Snow,"Forest Area, Near Ring road, HBR layout, Kalyan nagar",HBR layout,2 km E,0.0,0.0,0,0,0.0,0.0
Bengaluru City,K G Halli Traffic PS,1.04432e+16,2018,1,1,Road Accidents,Narrow road,City/Town,Residential area,Human Error,No,Grievous Injury,Not Applicable,Not at  Junction,Not Applicable,Two way,Bitumen(Tar),Dry,Not Applicable,Clear,9th Main road,House,15 Ft,0.0,0.0,0,0,0.0,0.0
Bengaluru City,K G Halli Traffic PS,1.04432e+16,2018,1,2,Road Accidents,Cross roads,City/Town,Residential area,Human Error,No,Grievous Injury,Others,Not at  Junction,Curve,City or Town Road,Bitumen(Tar),Dry,Not Applicable,Clear,Near forest office road ganesha temple road HBR Layout nagavara service road,Tender cocount shop to east,15ft,0.0,0.0,0,0,0.0,0.0
Bengaluru City,K G Halli Traffic PS,1.04432e+16,2018,1,1,Road Accidents,Narrow road,City/Town,Near office complex,Human Error,No,Simple Injury,Others,Controlled,Others,City or Town Road,Bitumen(Tar),Dry,Not Applicable,Heavy Rain,"Near BDA Complex, Near Narendra Tent Road",HBR layout,2 km E,0.0,0.0,0,0,0.0,0.0
Bengaluru City,K G Halli Traffic PS,1.04432e+16,2018,1,2,Road Accidents,Other,City/Town,Open area,Vehicle Defect,Yes,Fatal,Others,Not Applicable,Others,City or Town Road,Bitumen(Tar),Dry,Not Applicable,Clear,"Nagavara Main Road, Near A.S Bismilla store",k g halli Railway Gate,1km N,0.0,0.0,0,0,0.0,0.0
Bengaluru City,K G Halli Traffic PS,1.04432e+16,2018,1,2,Road Accidents,Narrow road,City/Town,Near Bus stop,Human Error,No,Simple Injury,Hit bicyclist,Signal lights Automatic,Straight and flat,City or Town Road,Bitumen(Tar),Dry,Not Applicable,Fine,Near Govindapura signal govindapur K G Halli Bengalur,towards north Ammas Bakery,15ft,0.0,0.0,0,0,0.0,0.0
Bengaluru City,K G Halli Traffic PS,1.04432e+16,2018,1,1,Road Accidents,Cross roads,City/Town,Residential area,Human Error,Yes,Fatal,Hit pedestrian,Not Applicable,Sharp Curve,Two way,Bitumen(Tar),Dry,Not Applicable,Clear,Near R K Choutry 4th cross KHB main road R T Nagar post bengalore,accident place towards to west Wood shop,15ft,0.0,0.0,0,0,0.0,0.0
Bengaluru City,K G Halli Traffic PS,1.04432e+16,2018,1,1,Road Accidents,Other,City/Town,At pedestrian Crossing,Vehicle Defect,Yes,Simple Injury,Others,Give way sign,Others,City or Town Road,Bitumen(Tar),Dry,Not Applicable,Clear,D J halli Sakkare Mandi,Modi road,4 km,0.0,0.0,0,0,0.0,0.0
Bengaluru City,K G Halli Traffic PS,1.04432e+16,2018,1,2,Road Accidents,Narrow road,City/Town,Open area,Human Error,No,Simple Injury,Others,Controlled,Others,City or Town Road,Bitumen(Tar),Dry,Not Applicable,Clear,"Infront of Eidga Complex ,Periar circle",Periar Circle,2Km S,0.0,0.0,0,0,0.0,0.0
Bengaluru City,K G Halli Traffic PS,1.04432e+16,2018,1,1,Road Accidents,Other,City/Town,Near Bus stop,Vehicle Defect,No,Simple Injury,Others,No signal lights,Others,City or Town Road,Kutcha,Dry,Not Applicable,Clear,"MANYATHA TEK PARK NEAR SKYWALK SERVICE ROAD, NAGAWARA",NAGAWARA RING ROAD SERVICE,3 KM N,0.0,0.0,0,0,4.0,4.0
Bengaluru City,K G Halli Traffic PS,1.04432e+16,2018,1,2,Road Accidents,Narrow road,City/Town,Near Petrol Pump,Human Error,No,Grievous Injury,Others,Give way sign,Not Applicable,City or Town Road,Bitumen(Tar),Dry,No influence on accident,Clear,"Nagawara main road, near gas petrol pump Bangalore",HBR Layout 5th block,2 km N,0.0,0.0,0,0,0.0,0.0
Bengaluru City,K G Halli Traffic PS,1.04432e+16,2018,1,1,Road Accidents,T Junction,City/Town,Residential area,Vehicle Defect,Yes,Simple Injury,Others,No signal lights,Others,City or Town Road,Bitumen(Tar),Dry,Not Applicable,Clear,jam jam shadi mahal road,Govindapura,2k m N,0.0,0.0,0,0,0.0,0.0
Bengaluru City,K G Halli Traffic PS,1.04432e+16,2018,1,2,Road Accidents,Narrow road,City/Town,Near a recreation place/cinema,Human Error,Yes,Fatal,Hit and Run,Controlled,Others,City or Town Road,Bitumen(Tar),Dry,Not Applicable,Others,"Near Narendra tent road, k g halli",Near nagendra tent,1.5 km,0.0,0.0,0,0,0.0,0.0
Bengaluru City,K G Halli Traffic PS,1.04432e+16,2018,1,1,Road Accidents,Other,City/Town,Near Bus stop,Not Applicable,Yes,Simple Injury,Hit and Run,Uncontrolled,Straight and flat,City or Town Road,Bitumen(Tar),Dry,Not Applicable,Very Cold,HBR petrol bank 80feet road,HBR layout Near petrol bank,1.5 km,0.0,0.0,0,0,0.0,0.0
Bengaluru City,K G Halli Traffic PS,1.04432e+16,2018,1,1,Road Accidents,Narrow road,City/Town,At pedestrian Crossing,Human Error,Yes,Simple Injury,Hit and Run,Controlled,Others,City or Town Road,Bitumen(Tar),Dry,Not Applicable,Clear,"Near Splash Innovative Painting for Shop No. 159/1, 80 feet road, HBR layout, 2nd block, Bangaluru",Splash Innovative paintung for cars to North,5ft,0.0,0.0,0,0,0.0,0.0