DISTRICTNAME,UNITNAME,Crime_No,Year,RI,Noofvehicle_involved,Accident_Classification,Accident_Spot,Accident_Location,Accident_SubLocation,Main_Cause,Hit_Run,Severity,Collision_Type,Junction_Control,Road_Character,Road_Type,Surface_Type,Surface_Condition,Road_Condition,Weather,Accident_Road,Landmark_first,Distance_LandMark_First,Latitude,Longitude,Road_Condition_Score,Surface_Condition_Score,Surface_Type_Score,Road_Risk_Index
Bengaluru City,K G Halli Traffic PS,1.04432e+16,2018,1,1,Road Accidents,Narrow road,City/Town,Near Bus stop,Human Error,Yes,Grievous Injury,Hit and Run,Police / Manual,Others,City or Town Road,Bitumen(Tar),Dry,Not Applicable,Others,80 Feet Road HBR Layout,om shakthi  Electricals,15 ft,0.0,0.0,0,0,0.0,0.0
Bengaluru City,K G Halli Traffic PS,1.04432e+16,2018,1,1,Road Accidents,Narrow road,City/Town,Near Petrol Pump,Human Error,No,Grievous Injury,Hit pedestrian,Not at  Junction,Not Applicable,City or Town Road,Bitumen(Tar),Dry,No influence on accident,Clear,Kavalbairasandra Main Road,Indian oil Petrol pump,1.5 KM,0.0,0.0,0,0,0.0,0.0
Bengaluru City,K G Halli Traffic PS,1.04432e+16,2018,1,2,Road Accidents,Cross roads,City/Town,Near Petrol Pump,Human Error,No,Damage Only,Others,Not Applicable,Others,City or Town Road,Bitumen(Tar),Dry,Not Applicable,Clear,HBR petrol bank 80feet road,Near Krishna sagar hotel,2.5 km,0.0,0.0,0,0,0.0,0.0
Bengaluru City,K G Halli Traffic PS,1.04432e+16,2018,1,1,Road Accidents,Cross roads,City/Town,Near School or College,Human Error,No,Fatal,Hit pedestrian,No signal lights,Others,City or Town Road,Bitumen(Tar),Dry,Not Applicable,Clear,Near Govt school Nagawara,Nagawara main road,0.5,0.0,0.0,0,0,0.0,0.0
Bengaluru City,K G Halli Traffic PS,1.04432e+16,2019,1,2,Road Accidents,Curves,City/Town,Near office complex,Human Error,No,Simple Injury,Vehicle to Vehicle,Police / Manual,Curve,Others,Bitumen(Tar),Dry,Not Applicable,Fine,Near Lakshmi vilas Bank HBR Layot Bengalore,Towards to East DTDC Express courier Shop,89feet,0.0,0.0,0,0,0.0,0.0
Bengaluru City,K G Halli Traffic PS,1.04432e+16,2019,1,1,Road Accidents,Junction,City/Town,Near Hospital,Human Error,No,Grievous Injury,Hit fixed object,Signal lights Automatic,Others,Service Road,Bitumen(Tar),Dry,Not Applicable,Clear,opp chris hospital hennuru juncrion,BDA PARK,20 ft,13.029161,77.631267,0,0,0.0,0.0
Bengaluru City,K G Halli Traffic PS,1.04432e+16,2019,1,1,Road Accidents,Curves,City/Town,Residential area,Human Error,No,Fatal,Not Applicable,Controlled,Curve,Two way,Bitumen(Tar),Dry,Not Applicable,Clear,14th cross road 13th main Fathima layout Govindapura bengaluru,Towards to south Rajesh House,5ft,13.030604,77.614972,0,0,0.0,0.0
Bengaluru City,K G Halli Traffic PS,1.04432e+16,2019,1,2,Road Accidents,Narrow road,City/Town,Open area,Vehicle Defect,No,Damage Only,Vehicle to Vehicle,Uncontrolled,Straight and flat,Service Road,Bitumen(Tar),Dry,Not Applicable,Clear,1st stage 4th block HBR Layout,1 tree,10 ft,13.031403,77.630209,0,0,0.0,0.0
Bengaluru City,K G Halli Traffic PS,1.04432e+16,2019,1,1,Road Accidents,Narrow road,City/Town,Near a recreation place/cinema,Human Error,Yes,Fatal,Hit pedestrian,Not Applicable,Not Applicable,Others,Bitumen(Tar),Dry,Not Applicable,Clear,"Infron of Devi bar, V Nagenahalli Main road, Kanakanagara",Devi bar,4 ft,13.033343,77.605364,0,0,0.0,0.0
Bengaluru City,K G Halli Traffic PS,1.04432e+16,2019,1,2,Road Accidents,Cross roads,City/Town,In bazaar,Human Error,Yes,Simple Injury,Others,Controlled,Straight and flat,City or Town Road,Bitumen(Tar),Dry,Not Applicable,Clear,infront of kanaka Nagar main road,Near Veeranna palya Railway gate,100 ft,13.039147,77.610707,0,0,0.0,0.0
Bengaluru City,K G Halli Traffic PS,1.04432e+16,2019,1,1,Road Accidents,Circle,City/Town,Near Bus stop,Human Error,Yes,Simple Injury,Hit pedestrian,Controlled,Straight and flat,Two way,Bitumen(Tar),Dry,Not Applicable,Others,"Periyar Circle, Modi Road, D J Halli",A R Store,45 ft,13.008568,77.6132749,0,0,0.0,0.0
Bengaluru City,K G Halli Traffic PS,1.04432e+16,2019,1,2,Road Accidents,Narrow road,City/Town,Near Bus stop,Human Error,No,Simple Injury,Vehicle to Vehicle,Not Applicable,Straight and flat,Others,Bitumen(Tar),Dry,Not Applicable,Clear,Infront of Fathima Davakhana near Govindapura Junction Nagawara main road bengalore,Towards to west Fathima Davakhana,10ft,13.03152,77.621508,0,0,0.0,0.0
Bengaluru City,K G Halli Traffic PS,1.04432e+16,2019,1,2,Road Accidents,Narrow road,City/Town,Residential area,Human Error,Yes,Simple Injury,Vehicle to Vehicle,Controlled,Straight and flat,Two way,Bitumen(Tar),Dry,Not Applicable,Others,"Nisarga bar road, L.R Bande, K g halli",Shoyab bulet garrage,10ft,13.029566,77.610937,0,0,0.0,0.0
Bengaluru City,K G Halli Traffic PS,1.04432e+16,2019,1,2,Road Accidents,Cross roads,City/Town,Residential area,Human Error,No,Grievous Injury,Hit bicyclist,Controlled,Curve,City or Town Road,Bitumen(Tar),Dry,Not Applicable,Others,Near Shampura railway gate,Deepa Marbal and stones shop,10 ft,13.028691,77.615682,0,0,0.0,0.0
Bengaluru City,K G Halli Traffic PS,1.04432e+16,2019,1,2,Road Accidents,Narrow road,City/Town,Near School or College,Human Error,No,Simple Injury,Others,Police / Manual,Straight and flat,City or Town Road,Bitumen(Tar),Dry,Not Applicable,Very Hot,near sriram temple HBR layout,near sriram temple HBR layout,20 ft,13.018247,77.628285,0,0,0.0,0.0
Bengaluru City,K G Halli Traffic PS,1.04432e+16,2019,1,1,Road Accidents,Cross roads,City/Town,Near a religious place,Vehicle Defect,No,Fatal,Not Applicable,Controlled,Curve,Two way,Bitumen(Tar),Dry,Not Applicable,Clear,"Opp road of P and T Gate Road, Kaval Byrasandra",Pyra Rajimente training Certer,50 ft,13.020121,77.604083,0,0,0.0,0.0
Bengaluru City,K G Halli Traffic PS,1.04432e+16,2019,1,1,Road Accidents,Curves,City/Town,Near office complex,Human Error,Yes,Simple Injury,Hit pedestrian,No signal lights,Curve,Two way,Bitumen(Tar),Dry,Not Applicable,Others,"Near Govindapura railway gate ,Govindapura",Mercury Management and technical,10 ft,13.033454,77.612148,0,0,0.0,0.0
Bengaluru City,K G Halli Traffic PS,1.04432e+16,2019,1,2,Road Accidents,Narrow road,City/Town,Residential area,Human Error,No,Simple Injury,Vehicle to Vehicle,Not Applicable,Others,Others,Bitumen(Tar),Dry,Not Applicable,Others,"2nd cross,Ramadev Garden,Near Ayodya Juncation,HBR Layout",Electric Pool,8ft,0.0,0.0,0,0,0.0,0.0
Bengaluru City,K G Halli Traffic PS,1.04432e+16,2019,1,2,Road Accidents,Narrow road,City/Town,Near office complex,Human Error,Yes,Simple Injury,Vehicle to Vehicle,Police / Manual,Straight and flat,Two way,Bitumen(Tar),Dry,Not Applicable,Clear,Telephone exchange opp HBR layout 3rd block near hilal masjid,towards to west one tree,15ft,13.027387,77.626121,0,0,0.0,0.0
Bengaluru City,K G Halli Traffic PS,1.04432e+16,2019,1,1,Road Accidents,Narrow road,City/Town,Residential area,Human Error,Yes,Simple Injury,Hit pedestrian,Not at  Junction,Others,Others,Bitumen(Tar),Dry,Not Applicable,Clear,"KHB Road,Bhiend  P &T Qtrs ,Kavalabyrasandra ,Bengaluru",1,5,13.024657,77.6052569,0,0,0.0,0.0
Bengaluru City,K G Halli Traffic PS,1.04432e+16,2019,1,2,Road Accidents,Narrow road,City/Town,Residential area,Human Error,Yes,Grievous Injury,Vehicle to Vehicle,Police / Manual,Straight and flat,Two way,Bitumen(Tar),Dry,Not Applicable,Fine,Near Sana Masjid 5th cross Dubai Layout k g halli,Towards to East Electrical Poll,12feet,0.0,0.0,0,0,0.0,0.0
Bengaluru City,K G Halli Traffic PS,1.04432e+16,2019,1,1,Road Accidents,Cross roads,City/Town,Near Bus stop,Human Error,No,Fatal,Hit pedestrian,Police / Manual,Straight and flat,City or Town Road,Bitumen(Tar),Dry,Not Applicable,Clear,A K COLONY NEAR PERIYAR CIRCLE TANNERY ROAD K G HALLI BENGALURU,Towards east Laxmi Venkateswar Store,15 ft,13.007863,77.612899,0,0,0.0,0.0
Bengaluru City,K G Halli Traffic PS,1.04432e+16,2019,1,2,Road Accidents,Curves,City/Town,Near office complex,Human Error,Yes,Simple Injury,Vehicle to Vehicle,Police / Manual,Curve,Two way,Bitumen(Tar),Dry,Not Applicable,Fine,k g halli Sarvodaya nagar church cross road 1st cross infront of  HKGN wood works,Towards to north HKGN wood shop,15ft,13.028162,77.619326,0,0,0.0,0.0
Bengaluru City,K G Halli Traffic PS,1.04432e+16,2019,1,2,Road Accidents,Narrow road,City/Town,Near Hospital,Human Error,Yes,Simple Injury,Vehicle to Vehicle,Controlled,Straight and flat,Two way,Bitumen(Tar),Dry,Not Applicable,Others,"Gadhi Nagar Road Cross, K G Halli",Lababin Masid,10ft,13.023562,77.619464,0,0,0.0,0.0
Bengaluru City,K G Halli Traffic PS,1.04432e+16,2019,1,2,Road Accidents,Narrow road,City/Town,Residential area,Human Error,No,Damage Only,Others,No signal lights,Straight and flat,Residential Street,Bitumen(Tar),Dry,Not Applicable,Others,Yasheen nagar 1th main road,towards east and west KEB Transform,60 FT,13.023284,77.6244159,0,0,0.0,0.0
Bengaluru City,K G Halli Traffic PS,1.04432e+16,2019,1,1,Road Accidents,Narrow road,City/Town,Residential area,Human Error,No,Simple Injury,Hit pedestrian,Controlled,Straight and flat,Two way,Bitumen(Tar),Dry,Not Applicable,Others,HBR Layout Bangaluru,Forest Area,40feet,0.0,0.0,0,0,0.0,0.0
Bengaluru City,K G Halli Traffic PS,1.04432e+16,2019,1,2,Road Accidents,Narrow road,City/Town,Residential area,Human Error,No,Simple Injury,Others,No signal lights,Straight and flat,City or Town Road,Bitumen(Tar),Dry,Not Applicable,Clear,"Opposie of Raghavendra temple , L R Bande shampura",Shri Guru Raghavendra Seva trust,10 ft,13.027579,77.609388,0,0,0.0,0.0
Bengaluru City,K G Halli Traffic PS,1.04432e+16,2019,1,2,Road Accidents,Narrow road,City/Town,Near office complex,Human Error,Yes,Grievous Injury,Vehicle to Vehicle,Controlled,Hump,One way,Bitumen(Tar),Dry,Not Applicable,Others,"In front of iskan Goshala Temple ,Kacharakanahalli",Iskhan view Aprotment,55FT,13.018764,77.6281379,0,0,0.0,0.0
Bengaluru City,K G Halli Traffic PS,1.04432e+16,2019,1,1,Road Accidents,Narrow road,City/Town,In bazaar,Human Error,Yes,Simple Injury,Hit pedestrian,Not at  Junction,Straight and flat,Residential Street,Bitumen(Tar),Dry,No influence on accident,Not Applicable,"Infornt of house of fashion cloth shop ,1st cross,chanakya layout Nagavara",Hajir enclave,20 ft,13.039801,77.620206,0,0,0.0,0.0
Bengaluru City,K G Halli Traffic PS,1.04432e+16,2019,1,2,Road Accidents,Narrow road,City/Town,Near office complex,Human Error,No,Simple Injury,Others,Controlled,Others,City or Town Road,Bitumen(Tar),Dry,Not Applicable,Others,Near periyar circle,Near BBMP Office,20 ft,13.008507,77.613214,0,0,0.0,0.0
Bengaluru City,K G Halli Traffic PS,1.04432e+16,2019,1,1,Road Accidents,Narrow road,City/Town,Near a religious place,Human Error,Yes,Grievous Injury,Hit pedestrian,Not at  Junction,Others,Two way,Bitumen(Tar),Dry,Not Applicable,Clear,HBR Layout 1st stage 2nd black 80th main road,accident place towards to north power pole,5ft,13.021218,77.625026,0,0,0.0,0.0
Bengaluru City,K G Halli Traffic PS,1.04432e+16,2019,1,1,Road Accidents,Narrow road,City/Town,Near a religious place,Human Error,Yes,Simple Injury,Hit pedestrian,Not at  Junction,Straight and flat,Two way,Bitumen(Tar),Dry,Not Applicable,Clear,"opp road iscan temple road, HBR Layout  80 ft road bengaluru city",towards to east no 123 residential house,60ft,13.018942,77.628175,0,0,0.0,0.0
Bengaluru City,K G Halli Traffic PS,1.04432e+16,2020,1,1,Road Accidents,Not Applicable,City/Town,Open area,Human Error,Yes,Grievous Injury,Hit pedestrian,Not Applicable,Others,Others,Kutcha,Dry,Not Applicable,Clear,"SB colum shop premises, 80 feet road, Kacharakanahalli, HBR Layout",Electric Pole,15 ft,0.0,0.0,0,0,4.0,4.0
Bengaluru City,K G Halli Traffic PS,1.04432e+16,2020,1,2,Road Accidents,Cross roads,City/Town,Near School or College,Human Error,Yes,Grievous Injury,Vehicle to Vehicle,Not Applicable,Straight and flat,Two way,Bitumen(Tar),Dry,Not Applicable,Clear,"Near JSS School, Jss Public School Cross, HBR Layout, Bangalore-560043",JSS Public School,20Ft,0.0,0.0,0,0,0.0,0.0
Bengaluru City,K G Halli Traffic PS,1.04432e+16,2020,1,1,Road Accidents,Narrow road,City/Town,Near a religious place,Human Error,Yes,Grievous Injury,Hit pedestrian,Not at  Junction,Straight and flat,Residential Street,Bitumen(Tar),Dry,Not Applicable,Clear,"Infront of LJ Iyyangar cake house bakery, Shahadab nagar main road, shahadab nagar, D.J. Halli",Electric Pole,5 Ft,0.0,0.0,0,0,0.0,0.0
Bengaluru City,K G Halli Traffic PS,1.04432e+16,2020,1,2,Road Accidents,Narrow road,City/Town,Residential area,Human Error,Yes,Simple Injury,Vehicle to Vehicle,Not at  Junction,Straight and flat,Residential Street,Bitumen(Tar),Dry,Not Applicable,Clear,"In front of Saiful Chicken centre, L R Bande main road,Kavalbaira sandra, Bangalore-32",Saiful Chicken Shop,25 ft,0.0,0.0,0,0,0.0,0.0
Bengaluru City,K G Halli Traffic PS,1.04432e+16,2020,1,2,Road Accidents,Cross roads,City/Town,Near a religious place,Human Error,Yes,Grievous Injury,Vehicle to Vehicle,Not at  Junction,Straight and flat,Sub Arterial,Bitumen(Tar),Dry,Not Applicable,Clear,"Near Santhe Market, 80 Feet Road HBR Layout",Electric Pole,50,0.0,0.0,0,0,0.0,0.0
Bengaluru City,K G Halli Traffic PS,1.04432e+16,2020,1,2,Road Accidents,Cross roads,City/Town,Residential area,Human Error,No,Grievous Injury,Vehicle to Vehicle,Not Applicable,Straight and flat,Two way,Bitumen(Tar),Dry,Not Applicable,Clear,"Infront of SVL Trading corporation, 5th Block, 1st cross, 1st main, HBR Layout",Electric Pole,15 ft,0.0,0.0,0,0,0.0,0.0
Bengaluru City,K G Halli Traffic PS,1.04432e+16,2020,1,2,Road Accidents,Narrow road,City/Town,Near Hospital,Human Error,No,Grievous Injury,Vehicle to Vehicle,Not at  Junction,Straight and flat,Two way,Bitumen(Tar),Dry,Not Applicable,Clear,"Near Adarsh medicals, Nagawara Main road, Nagawara",Hai Mathaji Electricals and Hardware,20 Ft,0.0,0.0,0,0,0.0,0.0
Bengaluru City,K G Halli Traffic PS,1.04432e+16,2020,1,1,Road Accidents,Cross roads,City/Town,Near a factory industrial area,Human Error,No,Grievous Injury,Hit pedestrian,Not Applicable,Straight and flat,Two way,Bitumen(Tar),Dry,Not Applicable,Clear,"In front Nanjundeshwara bar, Kanaka nagar road",No 41 Khaleem building,7 Ft,0.0,0.0,0,0,0.0,0.0
Bengaluru City,K G Halli Traffic PS,1.04432e+16,2020,1,2,Road Accidents,Narrow road,City/Town,Near Bus stop,Human Error,Yes,Simple Injury,Vehicle to Vehicle,Uncontrolled,Straight and flat,Two way,Bitumen(Tar),Dry,Not Applicable,Clear,"in front of KHB gate,",Mangaluru kepe,20 ft,0.0,0.0,0,0,0.0,0.0
Bengaluru City,K G Halli Traffic PS,1.04432e+16,2020,1,1,Road Accidents,Cross roads,City/Town,Near a factory industrial area,Human Error,Yes,Grievous Injury,Not Applicable,Not at  Junction,Curve,Others,Kutcha,Dry,Not Applicable,Clear,"Infront of mohammadia masjid, Nala road, HBR Layout",Mohammadia Masjid,20 Ft,0.0,0.0,0,0,4.0,4.0
Bengaluru City,K G Halli Traffic PS,1.04432e+16,2020,1,3,Road Accidents,Narrow road,City/Town,Near Petrol Pump,Human Error,Yes,Simple Injury,Vehicle to Vehicle,Controlled,Straight and flat,Two way,Bitumen(Tar),Others,Not Applicable,Others,Between HP petrol Bunk to Hennur main roa,Towards North Capital Aluminum Shop,6 Feet,0.0,0.0,0,1,0.0,1.0
Bengaluru City,K G Halli Traffic PS,1.04432e+16,2020,1,2,Road Accidents,Narrow road,City/Town,Near a religious place,Human Error,Yes,Simple Injury,Vehicle to Vehicle,Not Applicable,Not Applicable,Two way,Bitumen(Tar),Dry,Not Applicable,Clear,"RO Water purifier plant, Near Yaseen Nagar railway gate, 80th Main road, HBR Layout, Bangalore-43",Under construction Building,62 Ft,0.0,0.0,0,0,0.0,0.0
Bengaluru City,K G Halli Traffic PS,1.04432e+16,2020,1,2,Road Accidents,Cross roads,City/Town,Near School or College,Human Error,Yes,Grievous Injury,Vehicle to Vehicle,Not Applicable,Straight and flat,Two way,Bitumen(Tar),Dry,Not Applicable,Clear,"Near Santhe Market, 80 Feet Road HBR Layout",Electric Pole,55 Ft,0.0,0.0,0,0,0.0,0.0
Bengaluru City,K G Halli Traffic PS,1.04432e+16,2020,1,2,Road Accidents,Narrow road,City/Town,Near Bus stop,Vehicle Defect,No,Simple Injury,Vehicle to Vehicle,Controlled,Straight and flat,Two way,Bitumen(Tar),Others,Not Applicable,Clear,"Infront of Ration Depo and Lassi shop, venkateshpura",Lassi shop,10,0.0,0.0,0,1,0.0,1.0
Bengaluru City,K G Halli Traffic PS,1.04432e+16,2020,1,1,Road Accidents,Junction,City/Town,Near a factory industrial area,Human Error,No,Grievous Injury,Hit pedestrian,Signal lights Automatic,Not Applicable,Two way,Bitumen(Tar),Dry,No influence on accident,Clear,Govindpura Signal,Electric Pole,15 ft,0.0,0.0,0,0,0.0,0.0
Bengaluru City,K G Halli Traffic PS,1.04432e+16,2020,1,1,Road Accidents,Narrow road,City/Town,Near a religious place,Human Error,No,Fatal,Not Applicable,Not Applicable,Not Applicable,Residential Street,Bitumen(Tar),Dry,No influence on accident,Clear,"In front of Sri Narasimhaswamy and Venugopalaswamy Temple, Vinayaka temple street, mukthi nagar,B-45",In front of Sri Narasimhaswamy and Venugopalaswamy Temple,35 Ft,0.0,0.0,0,0,0.0,0.0
Bengaluru City,K G Halli Traffic PS,1.04432e+16,2020,1,1,Road Accidents,Narrow road,City/Town,Near Hospital,Human Error,Yes,Grievous Injury,Not Applicable,Police / Manual,Not Applicable,Two way,Bitumen(Tar),Dry,Not Applicable,Clear,"JMJ Hospital Cross road, Nagawara main road, Nagawara",Electric Pole,20 Ft,0.0,0.0,0,0,0.0,0.0
Bengaluru City,K G Halli Traffic PS,1.04432e+16,2021,1,1,Road Accidents,Cross roads,City/Town,Residential area,Human Error,No,Grievous Injury,Not Applicable,Not Applicable,Not Applicable,Residential Street,Bitumen(Tar),Not Applicable,Not Applicable,Not Applicable,pillanna gardan 3rd stage 2nd main 2nd cross infront of umar man saloon,telephone pole,2ft,0.0,0.0,0,0,0.0,0.0
Bengaluru City,K G Halli Traffic PS,1.04432e+16,2021,1,1,Road Accidents,Not Applicable,City/Town,Near office complex,Human Error,No,Grievous Injury,Hit bicyclist,Not at  Junction,Straight and flat,Two way,Bitumen(Tar),Not Applicable,Not Applicable,Clear,"80 Feet Road HBR Layout, Near Karnatak store",Electricity Pole No 10000545019,3 Ft,0.0,0.0,0,0,0.0,0.0
Bengaluru City,K G Halli Traffic PS,1.04432e+16,2021,1,3,Road Accidents,Narrow road,City/Town,Near Bus stop,Human Error,No,Grievous Injury,Vehicle to Vehicle,Not at  Junction,Straight and flat,Not Applicable,Bitumen(Tar),Dry,Not Applicable,Not Applicable,"Near Venkateshpura bus stop, Nagawara main road, KG Halli, Bengaluru City-560045",Electricity Pole,5 Ft,0.0,0.0,0,0,0.0,0.0
Bengaluru City,K G Halli Traffic PS,1.04432e+16,2021,1,1,Road Accidents,Narrow road,City/Town,Near a factory industrial area,Human Error,No,Fatal,Hit bicyclist,Not Applicable,Straight and flat,Major District Road,Bitumen(Tar),Dry,Not Applicable,Clear,"Infront of J K Steel traders godown, KHB colony main road, R T Nagar post",J K Steel traders godown,16 Ft,0.0,0.0,0,0,0.0,0.0
Bengaluru City,K G Halli Traffic PS,1.04432e+16,2021,1,2,Road Accidents,Narrow road,City/Town,Near a recreation place/cinema,Human Error,No,Grievous Injury,Vehicle to Vehicle,Not at  Junction,Straight and flat,Two way,Bitumen(Tar),Dry,Not Applicable,Clear,"Infront of Priya Bar, Near Bilal water Tank, AC main road, Pillanna Garden 2nd stage, Bengaluru city",Priya Bar and restaurant,27 Ft,0.0,0.0,0,0,0.0,0.0
Bengaluru City,K G Halli Traffic PS,1.04432e+16,2021,1,2,Road Accidents,Junction,City/Town,Near Petrol Pump,Human Error,No,Fatal,Vehicle to Vehicle,Uncontrolled,Straight and flat,Major District Road,Bitumen(Tar),Dry,Not Applicable,Clear,"Infront of Gajanana wines, 80 Ft road, HBR Layout 3rd block Bengaluru city",Electric Pole,5 Ft,0.0,0.0,0,0,0.0,0.0
Bengaluru City,K G Halli Traffic PS,1.04432e+16,2021,1,2,Road Accidents,Curves,City/Town,Near a religious place,Human Error,Yes,Grievous Injury,Vehicle to Vehicle,Not at  Junction,Curve,Service Road,Bitumen(Tar),Dry,Not Applicable,Clear,"Infront of HN Timbers, Hennur Jn towards Nagawara Jn Service road, 3rd block HBR Layout",Electric Pole,14 Ft,0.0,0.0,0,0,0.0,0.0
Bengaluru City,K G Halli Traffic PS,1.04432e+16,2021,1,2,Road Accidents,Narrow road,City/Town,Near Bus stop,Human Error,No,Damage Only,Vehicle to Vehicle,Not at  Junction,Straight and flat,Service Road,Bitumen(Tar),Dry,Not Applicable,Clear,"Infront of busstop, Service road, HBCS Layoit, Vayyalikaval, Nagawara",Electric pol,10 Ft,0.0,0.0,0,0,0.0,0.0
Bengaluru City,K G Halli Traffic PS,1.04432e+16,2021,1,1,Road Accidents,Not Applicable,City/Town,Open area,Human Error,Yes,Grievous Injury,Hit pedestrian,Not Applicable,Not Applicable,Others,Kutcha,Dry,Not Applicable,Clear,"Infront of Haseena Mahal, KB Sandra, Bangalore-560032",Haseena Shadi Mahal,02 Ft,0.0,0.0,0,0,4.0,4.0
Bengaluru City,K G Halli Traffic PS,1.04432e+16,2021,1,1,Road Accidents,Narrow road,City/Town,Near office complex,Human Error,No,Grievous Injury,Hit pedestrian,Not at  Junction,Straight and flat,Two way,Bitumen(Tar),Dry,Not Applicable,Clear,80 Feet Road HBR Layout,Tree,14 Ft,0.0,0.0,0,0,0.0,0.0
Bengaluru City,K G Halli Traffic PS,1.04432e+16,2021,1,1,Road Accidents,Narrow road,City/Town,Near Petrol Pump,Human Error,Yes,Grievous Injury,Hit pedestrian,Not at  Junction,Straight and flat,Not Applicable,Bitumen(Tar),Dry,Not Applicable,Clear,"Infront of Reliance fresh mart, KHB Main road, Kanakanagar, R.T. Nagar post",Electric Pole,8 Ft,13.030504,77.6081481,0,0,0.0,0.0
Bengaluru City,K G Halli Traffic PS,1.04432e+16,2021,1,1,Road Accidents,Narrow road,City/Town,Near office complex,Human Error,No,Simple Injury,Hit pedestrian,Not at  Junction,Straight and flat,Two way,Bitumen(Tar),Dry,Not Applicable,Clear,"7th main, Near Udupi Restaurant, LR Bande",1 Tree,02 Ft,0.0,0.0,0,0,0.0,0.0
Bengaluru City,K G Halli Traffic PS,1.04432e+16,2021,1,1,Road Accidents,Narrow road,City/Town,Near a religious place,Human Error,Yes,Grievous Injury,Hit pedestrian,Not at  Junction,Straight and flat,Others,Bitumen(Tar),Dry,Not Applicable,Clear,"Near Church Cross, Nagawara main road, KG halli, Bengaluru City-560045.",One Tree,5 Ft,0.0,0.0,0,0,0.0,0.0
Bengaluru City,K G Halli Traffic PS,1.04432e+16,2021,1,3,Road Accidents,Narrow road,City/Town,Residential area,Human Error,No,Damage Only,Vehicle to Vehicle,Not Applicable,Straight and flat,Residential Street,Bitumen(Tar),Dry,Not Applicable,Clear,"Beside Vijay trading company, 1st cross, ramadev garden, K K Halli, HBR Layout",Chamundi work shop compound,03 Ft,0.0,0.0,0,0,0.0,0.0
Bengaluru City,K G Halli Traffic PS,1.04432e+16,2021,1,1,Road Accidents,Narrow road,City/Town,Near Hospital,Human Error,Yes,Grievous Injury,Hit pedestrian,Not at  Junction,Straight and flat,Others,Bitumen(Tar),Dry,Not Applicable,Clear,"Infront of Swarna plywood and glasses, AMC main road, KB Sandra, Bengaluru City-560032",Tree,12 Ft,0.0,0.0,0,0,0.0,0.0
Bengaluru City,K G Halli Traffic PS,1.04432e+16,2021,1,1,Road Accidents,Cross roads,City/Town,Residential area,Human Error,Yes,Fatal,Hit pedestrian,Not Applicable,Straight and flat,Minor District Road,Bitumen(Tar),Dry,Not Applicable,Clear,"Opp. to fresh mart general store, near 5th cross, Old bagalur layout main road, Sagaypuram",Borewell pipe,10 Ft,0.0,0.0,0,0,0.0,0.0
Bengaluru City,K G Halli Traffic PS,1.04432e+16,2021,1,1,Road Accidents,Narrow road,City/Town,Near a religious place,Human Error,No,Fatal,Not Applicable,Not Applicable,Straight and flat,Major District Road,Bitumen(Tar),Dry,Not Applicable,Clear,"Infront of karnataka floor mill, Near Arabic college, Nagawara main road",Tree,17 Ft,0.0,0.0,0,0,0.0,0.0
Bengaluru City,K G Halli Traffic PS,1.04432e+16,2021,1,1,Road Accidents,Cross roads,City/Town,Near School or College,Human Error,Yes,Grievous Injury,Hit bicyclist,Not at  Junction,Curve,Sub Arterial,Bitumen(Tar),Dry,Not Applicable,Clear,"Near TTG Two wheeler service station, Old NP Factory road, Doddanna nagar, K B Sandra B-45",Electric Pole,6 Ft,0.0,0.0,0,0,0.0,0.0
Bengaluru City,K G Halli Traffic PS,1.04432e+16,2021,1,1,Road Accidents,Narrow road,City/Town,Near Bus stop,Human Error,Yes,Grievous Injury,Not Applicable,Police / Manual,Straight and flat,Two way,Bitumen(Tar),Dry,Not Applicable,Clear,near davis  road bus stop,davis road bus stop,0.2 km,0.0,0.0,0,0,0.0,0.0