DISTRICTNAME,UNITNAME,Crime_No,Year,RI,Noofvehicle_involved,Accident_Classification,Accident_Spot,Accident_Location,Accident_SubLocation,Main_Cause,Hit_Run,Severity,Collision_Type,Junction_Control,Road_Character,Road_Type,Surface_Type,Surface_Condition,Road_Condition,Weather,Accident_Road,Landmark_first,Distance_LandMark_First,Latitude,Longitude,Road_Condition_Score,Surface_Condition_Score,Surface_Type_Score,Road_Risk_Index
Bengaluru City,K G Halli Traffic PS,1.04432e+16,2022,1,1,Road Accidents,Curves,City/Town,Near office complex,Human Error,No,Fatal,Not Applicable,Not Applicable,Slight Curve,Service Road,Bitumen(Tar),Dry,Not Applicable,Clear,"Opp. to Skyline Infotech solution, right side service road, Manyatha Skywalk towards Nagawara Jn",Nagawara Flyover,1 Ft,13.040404,77.62193,0,0,0.0,0.0
Bengaluru City,K G Halli Traffic PS,1.04432e+16,2022,1,2,Not Applicable,Not Applicable,City/Town,Near Bus stop,Not Applicable,No,Damage Only,Vehicle to Vehicle,Not Applicable,Not Applicable,Others,Bitumen(Tar),Dry,Not Applicable,Clear,BMTC BUS STOP,KB SANDRA BUS STOP,0.1 KM,13.026499,77.615005,0,0,0.0,0.0
Bengaluru City,K G Halli Traffic PS,1.04432e+16,2022,1,1,Road Accidents,Narrow road,City/Town,Residential area,Human Error,No,Grievous Injury,Hit pedestrian,Not Applicable,Not Applicable,Residential Street,Bitumen(Tar),Dry,Not Applicable,Clear,"Opp to bruz al baraka apts, 4th Cross, Kaveri nagar, R.t. Nagar Post, Bangalore-560032",Electric Pole,8 Ft,0.0,0.0,0,0,0.0,0.0
Bengaluru City,K G Halli Traffic PS,1.04432e+16,2022,1,2,Road Accidents,Narrow road,City/Town,Residential area,Not Applicable,Yes,Grievous Injury,Vehicle to Vehicle,Not at  Junction,Others,Two way,Bitumen(Tar),Dry,Not Applicable,Clear,Veerannapalya Main Road,Near Indira Centeen,100 mt,13.038613,77.614266,0,0,0.0,0.0
Bengaluru City,K G Halli Traffic PS,1.04432e+16,2022,1,1,Road Accidents,Narrow road,City/Town,In bazaar,Not Applicable,No,Simple Injury,Hit pedestrian,Controlled,Others,Others,Bitumen(Tar),Dry,Not Applicable,Clear,Hennur Main Road,Near Shobha Hyper Market,100 Ft,13.029988,77.613093,0,0,0.0,0.0
Bengaluru City,K G Halli Traffic PS,1.04432e+16,2022,1,2,Road Accidents,Narrow road,City/Town,Residential area,Not Applicable,No,Grievous Injury,Vehicle to Vehicle,Uncontrolled,Curve,Sub Arterial,Bitumen(Tar),Dry,Not Applicable,Clear,HBR 10TH CROSS,HBR 10TH CROSS,0.2,13.026363,77.624952,0,0,0.0,0.0
Bengaluru City,K G Halli Traffic PS,1.04432e+16,2022,1,1,Road Accidents,Narrow road,City/Town,Residential area,Not Applicable,Yes,Grievous Injury,Hit pedestrian,Police / Manual,Not Applicable,Others,Bitumen(Tar),Dry,Not Applicable,Clear,L R Bande & Ragavendra Temple Road Junction,Ragavendra Temple,1km,13.029586,77.60937,0,0,0.0,0.0
Bengaluru City,K G Halli Traffic PS,1.04432e+16,2022,1,3,Road Accidents,Narrow road,City/Town,Residential area,Not Applicable,No,Grievous Injury,Vehicle to Vehicle,Not Applicable,Others,One way,Bitumen(Tar),Dry,Not Applicable,Clear,"2nd Block, HBR Layout",Near Savera Hotel,100 Ft,13.005871,77.611828,0,0,0.0,0.0
Bengaluru City,K G Halli Traffic PS,1.04432e+16,2022,1,2,Road Accidents,Narrow road,City/Town,Near Petrol Pump,Human Error,No,Grievous Injury,Vehicle to Vehicle,Uncontrolled,Straight and flat,Major District Road,Bitumen(Tar),Dry,Not Applicable,Clear,"Near Uni Gas bunk, Near Glass Factory, Nagawara main road, KG halli, Bengaluru city",Electric pole 10014417770,13 Ft,13.034714,77.622826,0,0,0.0,0.0
Bengaluru City,K G Halli Traffic PS,1.04432e+16,2022,1,1,Not Applicable,Narrow road,City/Town,Open area,Not Applicable,No,Damage Only,Not Applicable,Police / Manual,Others,Others,Bitumen(Tar),Dry,Not Applicable,Clear,Nagavara Main Road,Near Govindapura Signal,100 mt,13.032009,77.621865,0,0,0.0,0.0
Bengaluru City,K G Halli Traffic PS,1.04432e+16,2022,1,2,Road Accidents,Junction,City/Town,Residential area,Not Applicable,No,Simple Injury,Vehicle to Vehicle,Controlled,Not Applicable,Sub Arterial,Bitumen(Tar),Dry,Not Applicable,Clear,80 Feet Road HBR Layout,AYODHYA JUNCTION HBR,0.2,13.039346,77.619346,0,0,0.0,0.0
Bengaluru City,K G Halli Traffic PS,1.04432e+16,2022,1,1,Road Accidents,Narrow road,City/Town,Residential area,Not Applicable,Yes,Grievous Injury,Hit pedestrian,Uncontrolled,Not Applicable,Sub Arterial,Bitumen(Tar),Dry,No influence on accident,Clear,RAGHAVENDRA TEMPLE ROAD,RAGHAVENDRA TEMPLE ROAD,0.2,13.020643,77.613093,0,0,0.0,0.0
Bengaluru City,K G Halli Traffic PS,1.04432e+16,2022,1,1,Road Accidents,Rail Crossing manned,City/Town,Residential area,Not Applicable,Yes,Grievous Injury,Hit pedestrian,Not Applicable,Not Applicable,Residential Street,Bitumen(Tar),Dry,Not Applicable,Clear,"HBR 2nd Block, 1st Main Road",Near Water tank,100 mt,13.020643,77.613951,0,0,0.0,0.0
Bengaluru City,K G Halli Traffic PS,1.04432e+16,2022,1,2,Road Accidents,Narrow road,City/Town,Residential area,Not Applicable,Yes,Grievous Injury,Vehicle to Vehicle,Not Applicable,Not Applicable,Arterial,Bitumen(Tar),Dry,Not Applicable,Clear,Nagavara Main Road,opp new constructing railway station,0.5km,13.041461,77.630991,0,0,0.0,0.0
Bengaluru City,K G Halli Traffic PS,1.04432e+16,2022,1,1,Road Accidents,Narrow road,City/Town,Open area,Not Applicable,No,Grievous Injury,Not Applicable,Police / Manual,Others,Two way,Bitumen(Tar),Dry,Not Applicable,Clear,Plyground,Fathima Store,100 mt,13.036013,77.613934,0,0,0.0,0.0
Bengaluru City,K G Halli Traffic PS,1.04432e+16,2022,1,1,Road Accidents,Narrow road,City/Town,Near Hospital,Not Applicable,Yes,Fatal,Hit pedestrian,Police / Manual,Straight and flat,Two way,Bitumen(Tar),Dry,Not Applicable,Clear,JMJ Hospital Road,JMJ Hospital,0.5 km,13.040616,77.619393,0,0,0.0,0.0
Bengaluru City,K G Halli Traffic PS,1.04432e+16,2022,1,2,Road Accidents,Narrow road,City/Town,Open area,Not Applicable,Yes,Grievous Injury,Vehicle to Vehicle,Signal lights Automatic,Others,Service Road,Bitumen(Tar),Dry,Not Applicable,Clear,Hennur Junction towaeds Nagawara Service Road,H N Timber,100 mt,13.027938,77.63196,0,0,0.0,0.0
Bengaluru City,K G Halli Traffic PS,1.04432e+16,2022,1,2,Road Accidents,Not Applicable,City/Town,Near Hospital,Human Error,No,Grievous Injury,Vehicle to Vehicle,Not at  Junction,Straight and flat,Two way,Bitumen(Tar),Dry,Not Applicable,Clear,"Opp. to Dakshina ayodya keshtra srirama temple, 80 feet road, HBR layout, Bengaluru city-560043",Electrical pole,16 Ft,13.018785,77.628227,0,0,0.0,0.0
Bengaluru City,K G Halli Traffic PS,1.04432e+16,2022,1,1,Road Accidents,Cross roads,City/Town,Residential area,Not Applicable,No,Fatal,Hit pedestrian,Police / Manual,Not Applicable,Two way,Bitumen(Tar),Dry,Not Applicable,Clear,DAVIS ROAD,INFRONT OF MENS FASHION HUB CLOTH SHOP,1.5 KM,13.005871,77.615005,0,0,0.0,0.0
Bengaluru City,K G Halli Traffic PS,1.04432e+16,2022,1,2,Road Accidents,Narrow road,City/Town,Residential area,Not Applicable,No,Fatal,Vehicle to Vehicle,Not Applicable,Not Applicable,Two way,Bitumen(Tar),Dry,Not Applicable,Clear,KHB Main Road,Food Hub,50 met,13.040929,77.61604,0,0,0.0,0.0
Bengaluru City,K G Halli Traffic PS,1.04432e+16,2022,1,2,Road Accidents,Narrow road,City/Town,Near School or College,Not Applicable,No,Grievous Injury,Vehicle to Vehicle,Police / Manual,Not Applicable,Two way,Bitumen(Tar),Dry,Not Applicable,Clear,HBR Layout 1st stage,Arebic College,100 Ft,13.031561,77.62301,0,0,0.0,0.0
Bengaluru City,K G Halli Traffic PS,1.04432e+16,2022,1,1,Road Accidents,Not Applicable,City/Town,Near office complex,Human Error,Yes,Fatal,Hit pedestrian,Not at  Junction,Straight and flat,Two way,Bitumen(Tar),Dry,Not Applicable,Clear,"In front of Narendra Tent, Opp. to Popular radiator work, 80 Feet road, HBR layout",Narendra Tent,39 Ft,0.0,0.0,0,0,0.0,0.0
Bengaluru City,K G Halli Traffic PS,1.04432e+16,2022,1,1,Road Accidents,Narrow road,City/Town,Near Bus stop,Human Error,Yes,Grievous Injury,Hit pedestrian,Not at  Junction,Straight and flat,Major District Road,Bitumen(Tar),Dry,Not Applicable,Clear,"Infront of Sapthagiri Telecom Shop, Near Nagawara Bus stop, Nagawara main road, Bengaluru city560045",One Tree,10 Ft,13.038118,77.623538,0,0,0.0,0.0
Bengaluru City,K G Halli Traffic PS,1.04432e+16,2022,1,1,Road Accidents,Narrow road,City/Town,Near Bus stop,Not Applicable,No,Fatal,Hit pedestrian,Uncontrolled,Curve,Arterial,Bitumen(Tar),Dry,Not Applicable,Clear,DINNUR MAIN ROAD,NEAR BMTC BUS STOP DINNUR MAIN ROAD,0.2,13.040566,77.622562,0,0,0.0,0.0
Bengaluru City,K G Halli Traffic PS,1.04432e+16,2022,1,2,Road Accidents,Narrow road,City/Town,Narrow bridge or culverts,Not Applicable,No,Damage Only,Vehicle to Vehicle,Not at  Junction,Not Applicable,Arterial,Bitumen(Tar),Dry,Not Applicable,Clear,RING ROAD,UPPER RAMP NAGAWARA,0.2,13.037912,77.625867,0,0,0.0,0.0
Bengaluru City,K G Halli Traffic PS,1.04432e+16,2022,1,1,Road Accidents,Not Applicable,City/Town,Near office complex,Human Error,Yes,Grievous Injury,Hit pedestrian,Not at  Junction,Straight and flat,Not Applicable,Bitumen(Tar),Dry,Not Applicable,Clear,"Opp. to Mahalakshmi motors, Near Kaveri Jewellers, KHB colony main road, Manorayanaplaya, RT Nagar",Mahalakshmi motors,13 Ft,13.030602,77.608065,0,0,0.0,0.0
Bengaluru City,K G Halli Traffic PS,1.04432e+16,2023,1,1,Road Accidents,Narrow road,City/Town,Near School or College,Not Applicable,No,Simple Injury,Not Applicable,Not at  Junction,Not Applicable,Residential Street,Bitumen(Tar),Dry,Not Applicable,Clear,Nagavara Main Road,Near Arebic Collage,100mt,13.039346,77.619346,0,0,0.0,0.0
Bengaluru City,K G Halli Traffic PS,1.04432e+16,2023,1,2,Road Accidents,Circle,City/Town,Residential area,Human Error,No,Grievous Injury,Vehicle to Vehicle,Controlled,Others,Residential Street,Bitumen(Tar),Dry,Not Applicable,Clear,Lingarajapuram Road,In fornt of lifestyle larret apartment,1,0.0,0.0,0,0,0.0,0.0
Bengaluru City,K G Halli Traffic PS,1.04432e+16,2023,1,2,Road Accidents,Narrow road,City/Town,Open area,Not Applicable,No,Grievous Injury,Vehicle to Vehicle,Not Applicable,Not Applicable,Arterial,Bitumen(Tar),Dry,Not Applicable,Clear,Outer Ring Road,Near Hosmat Hospital,100 ft,13.028133,77.632454,0,0,0.0,0.0
Bengaluru City,K G Halli Traffic PS,1.04432e+16,2023,1,2,Road Accidents,Narrow road,City/Town,Open area,Not Applicable,Yes,Simple Injury,Vehicle to Vehicle,Not Applicable,Not Applicable,Not Applicable,Bitumen(Tar),Dry,Not Applicable,Clear,Veerannapalya Main Road,Near Shop well Mart,50 mtr,13.039002,77.613269,0,0,0.0,0.0
Bengaluru City,K G Halli Traffic PS,1.04432e+16,2023,1,1,Road Accidents,Narrow road,City/Town,Residential area,Not Applicable,No,Grievous Injury,Not Applicable,Uncontrolled,Not Applicable,Arterial,Bitumen(Tar),Not Applicable,Not Applicable,Clear,10TH MAIN HBR,HBR 10TH MAIN,0.2 km,0.0,0.0,0,0,0.0,0.0
Bengaluru City,K G Halli Traffic PS,1.04432e+16,2023,1,1,Road Accidents,Narrow road,City/Town,Near Bus stop,Human Error,No,Grievous Injury,Hit pedestrian,Not Applicable,Not Applicable,Minor District Road,Bitumen(Tar),Dry,Not Applicable,Clear,Shampur main road,High mask light,22,13.008429,77.589577,0,0,0.0,0.0
Bengaluru City,K G Halli Traffic PS,1.04432e+16,2023,1,2,Road Accidents,Narrow road,City/Town,Open area,Not Applicable,Yes,Simple Injury,Vehicle to Vehicle,Not Applicable,Not Applicable,Residential Street,Bitumen(Tar),Dry,Not Applicable,Clear,KHB Main Road,K C Comfort Shop,50 ft,13.03251,77.60866,0,0,0.0,0.0
Bengaluru City,K G Halli Traffic PS,1.04432e+16,2023,1,2,Road Accidents,Narrow road,City/Town,Open area,Not Applicable,Yes,Grievous Injury,Vehicle to Vehicle,Not Applicable,Not Applicable,Others,Bitumen(Tar),Dry,Not Applicable,Clear,Outer Ring Road,Near Bhima Juwellers,50 ft,0.0,0.0,0,0,0.0,0.0
Bengaluru City,K G Halli Traffic PS,1.04432e+16,2023,1,1,Road Accidents,Narrow road,City/Town,Residential area,Not Applicable,Yes,Fatal,Hit pedestrian,Not Applicable,Not Applicable,Two way,Bitumen(Tar),Ditch or Potholed,No influence on accident,Clear,Nagawara Main Road,Veera Hanuman Store,50 ft,13.014627,77.617177,0,5,0.0,5.0
Bengaluru City,K G Halli Traffic PS,1.04432e+16,2023,1,2,Road Accidents,Cross roads,City/Town,Residential area,Not Applicable,No,Grievous Injury,Vehicle to Vehicle,Not Applicable,Not Applicable,Residential Street,Bitumen(Tar),Dry,Not Applicable,Clear,L R Bande Main Road,Nisarga Bar,50 met,0.0,0.0,0,0,0.0,0.0
Bengaluru City,K G Halli Traffic PS,1.04432e+16,2023,1,1,Road Accidents,Narrow road,City/Town,Residential area,Not Applicable,Yes,Grievous Injury,Hit pedestrian,Not Applicable,Not Applicable,Sub Arterial,Bitumen(Tar),Dry,Not Applicable,Clear,L R Bande Main Road,Near BBMP Park,50 mtr,13.020584,77.611828,0,0,0.0,0.0
Bengaluru City,K G Halli Traffic PS,1.04432e+16,2023,1,1,Road Accidents,Narrow road,City/Town,Near office complex,Not Applicable,No,Fatal,Hit pedestrian,Not Applicable,Not Applicable,Arterial,Bitumen(Tar),Dry,Not Applicable,Clear,Veerannapalya Main Road,Near Sri Bhairava Condiments Shop,50 mtr,13.026499,77.613951,0,0,0.0,0.0
Bengaluru City,K G Halli Traffic PS,1.04432e+16,2023,1,1,Road Accidents,Narrow road,City/Town,Residential area,Not Applicable,Yes,Grievous Injury,Hit pedestrian,Uncontrolled,Others,Arterial,Bitumen(Tar),Dry,Not Applicable,Clear,1ST MAIN,NEAR BBMP OFFICE SHAMPURA,0.2,0.0,0.0,0,0,0.0,0.0
Bengaluru City,K G Halli Traffic PS,1.04432e+16,2023,1,1,Road Accidents,Narrow road,City/Town,Residential area,Not Applicable,No,Grievous Injury,Not Applicable,Not at  Junction,Not Applicable,Residential Street,Bitumen(Tar),Dry,Not Applicable,Clear,KHB Main Road,Near Manohar Hospital,50 ft,13.024755,77.605317,0,0,0.0,0.0
Bengaluru City,K G Halli Traffic PS,1.04432e+16,2023,1,1,Road Accidents,Narrow road,City/Town,Near Bus stop,Not Applicable,No,Grievous Injury,Hit pedestrian,Not Applicable,Not Applicable,Not Applicable,Bitumen(Tar),Dry,Not Applicable,Clear,Outer Ring Road,Near Hennur Cross Bus Stop,50 ft,0.0,0.0,0,0,0.0,0.0
Bengaluru City,K G Halli Traffic PS,1.04432e+16,2023,1,1,Road Accidents,Narrow road,City/Town,Near a religious place,Human Error,No,Grievous Injury,Hit bicyclist,Not Applicable,Not Applicable,Major District Road,Bitumen(Tar),Dry,Not Applicable,Clear,"80 Ft road, HBR Layout",Electric pole,54 ft,13.019318,77.602535,0,0,0.0,0.0
Bengaluru City,K G Halli Traffic PS,1.04432e+16,2023,1,2,Road Accidents,Narrow road,City/Town,In bazaar,Not Applicable,No,Grievous Injury,Vehicle to Vehicle,Not Applicable,Not Applicable,Residential Street,Bitumen(Tar),Dry,Not Applicable,Clear,80 Feet Road HBR Layout,Near Market,100 ft,0.0,0.0,0,0,0.0,0.0
Bengaluru City,K G Halli Traffic PS,1.04432e+16,2023,1,1,Road Accidents,Narrow road,City/Town,Near School or College,Not Applicable,No,Grievous Injury,Not Applicable,Controlled,Not Applicable,Others,Bitumen(Tar),Dry,Not Applicable,Clear,Vyalikaval Layout,Near Indian Public School,200 mr,0.0,0.0,0,0,0.0,0.0
Bengaluru City,K G Halli Traffic PS,1.04432e+16,2023,1,2,Road Accidents,Narrow road,City/Town,Open area,Not Applicable,No,Grievous Injury,Vehicle to Vehicle,Not at  Junction,Not Applicable,Not Applicable,Bitumen(Tar),Dry,Not Applicable,Clear,Outer Ring Road,Near Malabar Hotel,100 ft,0.0,0.0,0,0,0.0,0.0
Bengaluru City,K G Halli Traffic PS,1.04432e+16,2023,1,2,Road Accidents,Narrow road,City/Town,Open area,Not Applicable,No,Grievous Injury,Vehicle to Vehicle,Not Applicable,Not Applicable,Arterial,Bitumen(Tar),Dry,Not Applicable,Clear,"Outer Ring Road, Service Road",Near Vintegra Office,200 mr,13.034569,77.62871,0,0,0.0,0.0
Bengaluru City,K G Halli Traffic PS,1.04432e+16,2023,1,1,Road Accidents,Narrow road,City/Town,Near a factory industrial area,Human Error,Yes,Grievous Injury,Hit pedestrian,Not Applicable,Not Applicable,Arterial,Bitumen(Tar),Dry,Not Applicable,Clear,Govindapura Main Road,Chappal Shop,4 Ft,13.020586,77.611843,0,0,0.0,0.0
Bengaluru City,K G Halli Traffic PS,1.04432e+16,2023,1,1,Road Accidents,Narrow road,City/Town,Open area,Not Applicable,No,Simple Injury,Not Applicable,Not at  Junction,Not Applicable,Service Road,Bitumen(Tar),Dry,Not Applicable,Clear,Nagavara Service Road,Near Forest Office,50 Ft,0.0,0.0,0,0,0.0,0.0
Bengaluru City,K G Halli Traffic PS,1.04432e+16,2023,1,2,Road Accidents,Not Applicable,City/Town,Open area,Not Applicable,Yes,Grievous Injury,Hit pedestrian,Not Applicable,Not Applicable,Arterial,Bitumen(Tar),Dry,Not Applicable,Clear,Govindapura Main Road,Near 13th Cross,50 mtr,0.0,0.0,0,0,0.0,0.0
Bengaluru City,K G Halli Traffic PS,1.04432e+16,2023,1,1,Road Accidents,Narrow road,City/Town,Near Petrol Pump,Human Error,No,Fatal,Hit pedestrian,Not Applicable,Straight and flat,Major District Road,Bitumen(Tar),Dry,Not Applicable,Clear,Tannery road,LRS suiwing machine shop,22 ft,13.008382,77.589577,0,0,0.0,0.0
Bengaluru City,K G Halli Traffic PS,1.04432e+16,2023,1,2,Road Accidents,Narrow road,City/Town,Residential area,Not Applicable,Yes,Grievous Injury,Vehicle to Vehicle,Not Applicable,Not Applicable,Arterial,Bitumen(Tar),Dry,Not Applicable,Clear,KHB Main Road,Near R K palce,100 mt,0.0,0.0,0,0,0.0,0.0
Bengaluru City,K G Halli Traffic PS,1.04432e+16,2023,1,1,Road Accidents,Narrow road,City/Town,Near Bus stop,Not Applicable,Yes,Grievous Injury,Hit pedestrian,Controlled,Others,Residential Street,Bitumen(Tar),Dry,Not Applicable,Clear,Nagavara Main Road,Near Venkateshpura Bus Stop,100 ft,13.020643,77.613951,0,0,0.0,0.0
Bengaluru City,K G Halli Traffic PS,1.04432e+16,2023,1,2,Road Accidents,Junction,City/Town,Narrow bridge or culverts,Not Applicable,Yes,Grievous Injury,Vehicle to Vehicle,Controlled,Not Applicable,Not Applicable,Bitumen(Tar),Dry,Not Applicable,Clear,Nagavara Main Road,Nagawara Flyover,50 ft,0.0,0.0,0,0,0.0,0.0
Bengaluru City,K G Halli Traffic PS,1.04432e+16,2023,1,2,Road Accidents,Narrow road,City/Town,Open area,Not Applicable,No,Damage Only,Vehicle to Vehicle,Uncontrolled,Straight and flat,Arterial,Bitumen(Tar),Dry,Not Applicable,Clear,RING ROAD,RING ROAD,0.2 KM,0.0,0.0,0,0,0.0,0.0
Bengaluru City,K G Halli Traffic PS,1.04432e+16,2023,1,1,Road Accidents,Narrow road,City/Town,Residential area,Not Applicable,No,Grievous Injury,Hit pedestrian,Not at  Junction,Not Applicable,Arterial,Bitumen(Tar),Dry,Not Applicable,Clear,Veerannapalya Main Road,Near Chaithany Schoool,100 mt,0.0,0.0,0,0,0.0,0.0
Bengaluru City,K G Halli Traffic PS,1.04432e+16,2023,1,1,Road Accidents,Narrow road,City/Town,Residential area,Not Applicable,Yes,Simple Injury,Hit pedestrian,Not Applicable,Not Applicable,Residential Street,Bitumen(Tar),Dry,Not Applicable,Clear,KHB Main Road,Family Super Market,50ft,0.0,0.0,0,0,0.0,0.0
Bengaluru City,K G Halli Traffic PS,1.04432e+16,2023,1,1,Road Accidents,Narrow road,City/Town,Open area,Human Error,No,Fatal,Hit bicyclist,Not Applicable,Straight and flat,Major District Road,Concrete,Dry,Not Applicable,Clear,ORR Hennur Jn Towards Nagavara Jn,Smart Point,38 Ft,13.033769,77.628965,0,0,0.0,0.0
Bengaluru City,K G Halli Traffic PS,1.04432e+16,2023,1,1,Road Accidents,Narrow road,City/Town,Residential area,Not Applicable,No,Grievous Injury,Hit pedestrian,Not Applicable,Not Applicable,Residential Street,Bitumen(Tar),Dry,Not Applicable,Clear,L R Bhande Main Road,Near Moto Junction Shop,100 ft,13.029837,77.60842,0,0,0.0,0.0
Bengaluru City,K G Halli Traffic PS,1.04432e+16,2023,1,2,Road Accidents,Narrow road,City/Town,Near Petrol Pump,Human Error,No,Fatal,Vehicle to Vehicle,Not at  Junction,Straight and flat,Major District Road,Bitumen(Tar),Dry,Not Applicable,Clear,"80 Feet road, HBR Layout",Electric pole,39 Fee,13.026474,77.63102,0,0,0.0,0.0
Bengaluru City,K G Halli Traffic PS,1.04432e+16,2023,1,1,Road Accidents,Narrow road,City/Town,Near Hospital,Not Applicable,Yes,Grievous Injury,Hit pedestrian,Not Applicable,Others,Others,Bitumen(Tar),Dry,Not Applicable,Clear,HBR Layout Road,Near Precious Hospital,50 mtr,13.021172,77.628291,0,0,0.0,0.0
Bengaluru City,K G Halli Traffic PS,1.04432e+16,2023,1,2,Road Accidents,Narrow road,City/Town,Near a religious place,Not Applicable,Yes,Fatal,Vehicle to Vehicle,Controlled,Not Applicable,Arterial,Bitumen(Tar),Dry,No influence on accident,Clear,80 Feet Road HBR Layout,opp ammas Bakery,100ft,0.0,0.0,0,0,0.0,0.0
Bengaluru City,K G Halli Traffic PS,1.04432e+16,2023,1,2,Road Accidents,Curves,City/Town,Near Bus stop,Human Error,No,Damage Only,Vehicle to Vehicle,Controlled,Others,Arterial,Bitumen(Tar),Dry,Not Applicable,Clear,Nagavara seavice road,Nagawara Flyover,20 Ft,0.0,0.0,0,0,0.0,0.0
Bengaluru City,K G Halli Traffic PS,1.04432e+16,2023,1,1,Road Accidents,Curves,City/Town,Near a religious place,Not Applicable,Yes,Grievous Injury,Hit pedestrian,Not Applicable,Curve,Arterial,Bitumen(Tar),Dry,Not Applicable,Clear,6th Cross Modi Road,Near Provision Shop,50 mtr,13.028722,77.621158,0,0,0.0,0.0
Bengaluru City,K.R.Puram Traffic PS,1.04432e+16,2016,1,1,Road Accidents,Other,City/Town,Near Hospital,Human Error,No,Fatal,Hit pedestrian,No signal lights,Others,NH,Bitumen(Tar),Dry,No influence on accident,Clear,OLD MADRAS ROAD,1,1,0.0,0.0,0,0,0.0,0.0
Bengaluru City,K.R.Puram Traffic PS,1.04432e+16,2016,1,2,Road Accidents,Cross roads,City/Town,Near office complex,Human Error,Yes,Damage Only,Head on,No signal lights,Others,Others,Bitumen(Tar),Dry,No influence on accident,Fine,MDP,1,5,0.0,0.0,0,0,0.0,0.0
Bengaluru City,K.R.Puram Traffic PS,1.04432e+16,2016,1,1,Road Accidents,Other,City/Town,Narrow bridge or culverts,Human Error,No,Fatal,Hit pedestrian,No signal lights,Others,NH,Bitumen(Tar),Dry,No influence on accident,Clear,OMR,1,2,0.0,0.0,0,0,0.0,0.0
Bengaluru City,K.R.Puram Traffic PS,1.04432e+16,2016,1,2,Road Accidents,Other,City/Town,Near Hospital,Human Error,No,Simple Injury,Others,No signal lights,Others,Others,Bitumen(Tar),Dry,No influence on accident,Clear,OM ROAD,1,5,0.0,0.0,0,0,0.0,0.0
Bengaluru City,K.R.Puram Traffic PS,1.04432e+16,2016,1,1,Road Accidents,Other,City/Town,Near School or College,Human Error,Yes,Grievous Injury,Hit pedestrian,No signal lights,Others,Others,Bitumen(Tar),Dry,No influence on accident,Clear,M.D.PURA RING ROAD,1,4,0.0,0.0,0,0,0.0,0.0
Bengaluru City,K.R.Puram Traffic PS,1.04432e+16,2016,1,2,Road Accidents,Other,City/Town,In bazaar,Human Error,No,Fatal,Others,No signal lights,Others,Two way,Bitumen(Tar),Dry,No influence on accident,Clear,OLD MADRAS ROAD,1,4,0.0,0.0,0,0,0.0,0.0
Bengaluru City,K.R.Puram Traffic PS,1.04432e+16,2016,1,2,Road Accidents,Bridge,City/Town,Near a factory industrial area,Human Error,Not Applicable,Grievous Injury,Hit and Run,Controlled,Not Applicable,City or Town Road,Bitumen(Tar),Dry,Not Applicable,Fine,ITI COLONY MAIN ROAD,A,3KM,0.0,0.0,0,0,0.0,0.0
Bengaluru City,K.R.Puram Traffic PS,1.04432e+16,2016,1,2,Road Accidents,Narrow road,City/Town,Open area,Human Error,Not Applicable,Grievous Injury,Hit and Run,Controlled,Not Applicable,City or Town Road,Bitumen(Tar),Dry,Not Applicable,Clear,M D PURA RING ROAD,A,27,0.0,0.0,0,0,0.0,0.0
Bengaluru City,K.R.Puram Traffic PS,1.04432e+16,2016,1,2,Road Accidents,Narrow road,City/Town,Open area,Human Error,Not Applicable,Grievous Injury,Hit and Run,Controlled,Not Applicable,Two way,Bitumen(Tar),Dry,Not Applicable,Clear,KASTHURINAGARA,A,4KM,0.0,0.0,0,0,0.0,0.0
Bengaluru City,K.R.Puram Traffic PS,1.04432e+16,2016,1,2,Rail Road Accidents,Narrow road,City/Town,Open area,Human Error,Not Applicable,Damage Only,Hit and Run,Controlled,Not Applicable,Two way,Bitumen(Tar),Dry,Not Applicable,Clear,M.D PURAM RING ROAD,A,5KM,0.0,0.0,0,0,0.0,0.0
Bengaluru City,K.R.Puram Traffic PS,1.04432e+16,2016,1,2,Road Accidents,Cross roads,City/Town,Near Bus stop,Human Error,No,Damage Only,Rear end,Signal lights Automatic,Others,Two way,Not Applicable,Dry,Not Applicable,Clear,O M ROAD NEAR T C PALYA JUNCTION,A,24FEET,0.0,0.0,0,0,0.0,0.0
Bengaluru City,K.R.Puram Traffic PS,1.04432e+16,2016,1,2,Road Accidents,Narrow road,City/Town,Open area,Human Error,Not Applicable,Damage Only,Hit and Run,Controlled,Incline,City or Town Road,Bitumen(Tar),Dry,Not Applicable,Fine,DODDANAKUNDI,A,5KM,0.0,0.0,0,0,0.0,0.0
Bengaluru City,K.R.Puram Traffic PS,1.04432e+16,2016,1,1,Road Accidents,Other,City/Town,Near office complex,Human Error,Yes,Grievous Injury,Hit and Run,No signal lights,Others,Others,Bitumen(Tar),Dry,No influence on accident,Clear,OMR,1,3,0.0,0.0,0,0,0.0,0.0
Bengaluru City,K.R.Puram Traffic PS,1.04432e+16,2016,1,1,Road Accidents,Other,City/Town,Near Bus stop,Human Error,No,Grievous Injury,Hit pedestrian,No signal lights,Others,Others,Bitumen(Tar),Dry,No influence on accident,Others,RMN,1,5,0.0,0.0,0,0,0.0,0.0