DISTRICTNAME,UNITNAME,Crime_No,Year,RI,Noofvehicle_involved,Accident_Classification,Accident_Spot,Accident_Location,Accident_SubLocation,Main_Cause,Hit_Run,Severity,Collision_Type,Junction_Control,Road_Character,Road_Type,Surface_Type,Surface_Condition,Road_Condition,Weather,Accident_Road,Landmark_first,Distance_LandMark_First,Latitude,Longitude,Road_Condition_Score,Surface_Condition_Score,Surface_Type_Score,Road_Risk_Index
Bengaluru City,K.R.Puram Traffic PS,1.04432e+16,2016,1,1,Road Accidents,Other,City/Town,Near Bus stop,Human Error,No,Grievous Injury,Hit pedestrian,No signal lights,Others,Others,Bitumen(Tar),Dry,No influence on accident,Clear,J,1,2,0.0,0.0,0,0,0.0,0.0
Bengaluru City,K.R.Puram Traffic PS,1.04432e+16,2016,1,2,Road Accidents,Other,City/Town,Near Hospital,Human Error,Yes,Simple Injury,Others,No signal lights,Others,Others,Bitumen(Tar),Dry,No influence on accident,Clear,"R,M,NAGAR",2,2,0.0,0.0,0,0,0.0,0.0
Bengaluru City,K.R.Puram Traffic PS,1.04432e+16,2016,1,1,Road Accidents,Other,City/Town,Near Bus stop,Human Error,No,Simple Injury,Hit pedestrian,No signal lights,Others,Others,Bitumen(Tar),Dry,No influence on accident,Clear,white field road,1,5,0.0,0.0,0,0,0.0,0.0
Bengaluru City,K.R.Puram Traffic PS,1.04432e+16,2016,1,2,Road Accidents,Other,City/Town,Near Hospital,Human Error,Yes,Grievous Injury,Others,No signal lights,Others,Two way,Bitumen(Tar),Dry,No influence on accident,Clear,r.m.nagar ring road,1,5,0.0,0.0,0,0,0.0,0.0
Bengaluru City,K.R.Puram Traffic PS,1.04432e+16,2016,1,2,Road Accidents,Other,City/Town,Near Bus stop,Human Error,No,Grievous Injury,Others,No signal lights,Others,Others,Bitumen(Tar),Dry,No influence on accident,Others,WF ROAD,1,4,0.0,0.0,0,0,0.0,0.0
Bengaluru City,K.R.Puram Traffic PS,1.04432e+16,2016,1,2,Road Accidents,Other,City/Town,Narrow bridge or culverts,Human Error,Yes,Simple Injury,Others,No signal lights,Others,Others,Bitumen(Tar),Dry,No influence on accident,Others,1,1,3,0.0,0.0,0,0,0.0,0.0
Bengaluru City,K.R.Puram Traffic PS,1.04432e+16,2016,1,1,Road Accidents,Narrow road,City/Town,Near Bus stop,Not Applicable,No,Simple Injury,Hit pedestrian,No signal lights,Others,NH,Bitumen(Tar),Dry,Not Applicable,Fine,Old Madras road,1,4,0.0,0.0,0,0,0.0,0.0
Bengaluru City,K.R.Puram Traffic PS,1.04432e+16,2016,1,1,Road Accidents,Narrow road,City/Town,Open area,Human Error,Not Applicable,Simple Injury,Hit and Run,Controlled,Not Applicable,Two way,Bitumen(Tar),Dry,Not Applicable,Clear,WHITE FEILD ROAD,A,5KM,0.0,0.0,0,0,0.0,0.0
Bengaluru City,K.R.Puram Traffic PS,1.04432e+16,2016,1,2,Road Accidents,Narrow road,City/Town,Near a factory industrial area,Human Error,Not Applicable,Simple Injury,Hit and Run,Controlled,Not Applicable,Two way,Bitumen(Tar),Dry,Not Applicable,Fine,WHITE FILED MAIN ROAD,A,5KM,0.0,0.0,0,0,0.0,0.0
Bengaluru City,K.R.Puram Traffic PS,1.04432e+16,2016,1,1,Road Accidents,Narrow road,City/Town,Open area,Human Error,Not Applicable,Damage Only,Hit and Run,Controlled,Hump,Two way,Bitumen(Tar),Dry,Not Applicable,Fine,WHITE FILED MAIN ROAD,A,5KM,0.0,0.0,0,0,0.0,0.0
Bengaluru City,K.R.Puram Traffic PS,1.04432e+16,2016,1,2,Road Accidents,Narrow road,City/Town,Narrow bridge or culverts,Human Error,Not Applicable,Grievous Injury,Hit and Run,Controlled,Not Applicable,City or Town Road,Bitumen(Tar),Dry,Not Applicable,Clear,R M NAGAR,A,4KM,0.0,0.0,0,0,0.0,0.0
Bengaluru City,K.R.Puram Traffic PS,1.04432e+16,2016,1,2,Road Accidents,Narrow road,City/Town,Open area,Human Error,Not Applicable,Simple Injury,Hit and Run,Controlled,Not Applicable,City or Town Road,Bitumen(Tar),Dry,Not Applicable,Fine,WHITE FEILD ROAD,A,5KM,0.0,0.0,0,0,0.0,0.0
Bengaluru City,K.R.Puram Traffic PS,1.04432e+16,2016,1,2,Road Accidents,Narrow road,City/Town,Open area,Human Error,Not Applicable,Grievous Injury,Hit and Run,Give way sign,Not Applicable,City or Town Road,Bitumen(Tar),Dry,Not Applicable,Clear,KALKERE ROAD,A,4KM,0.0,0.0,0,0,0.0,0.0
Bengaluru City,K.R.Puram Traffic PS,1.04432e+16,2016,1,2,Road Accidents,Cross roads,City/Town,Near Bus stop,Human Error,Yes,Damage Only,Hit and Run,No signal lights,Others,City or Town Road,Not Applicable,Dry,Not Applicable,Clear,O M ROAD NEAR M M TEMPLE,A,65FEET,0.0,0.0,0,0,0.0,0.0
Bengaluru City,K.R.Puram Traffic PS,1.04432e+16,2016,1,2,Road Accidents,Bridge,City/Town,Near office complex,Human Error,Yes,Damage Only,Rear end,No signal lights,Others,State Highway,Bitumen(Tar),Dry,No influence on accident,Clear,rmn,1,5,77.66328322,13.00242924,0,0,0.0,0.0
Bengaluru City,K.R.Puram Traffic PS,1.04432e+16,2016,1,1,Road Accidents,Other,City/Town,Narrow bridge or culverts,Human Error,No,Fatal,Hit pedestrian,No signal lights,Others,NH,Bitumen(Tar),Dry,No influence on accident,Others,OMR,1,2,77.67122646,12.99761587,0,0,0.0,0.0
Bengaluru City,K.R.Puram Traffic PS,1.04432e+16,2016,1,1,Road Accidents,Other,City/Town,Near Bus stop,Human Error,No,Grievous Injury,Hit pedestrian,No signal lights,Others,Others,Bitumen(Tar),Dry,No influence on accident,Clear,1,1,5,0.0,0.0,0,0,0.0,0.0
Bengaluru City,K.R.Puram Traffic PS,1.04432e+16,2016,1,2,Road Accidents,Other,City/Town,Near a religious place,Human Error,Yes,Grievous Injury,Others,No signal lights,Others,Others,Bitumen(Tar),Dry,No influence on accident,Others,RMN,1,1,0.0,0.0,0,0,0.0,0.0
Bengaluru City,K.R.Puram Traffic PS,1.04432e+16,2016,1,2,Road Accidents,Other,City/Town,In bazaar,Human Error,No,Grievous Injury,Head on,No signal lights,Others,Two way,Bitumen(Tar),Dry,No influence on accident,Clear,OLD MADRAS ROAD,1,4,0.0,0.0,0,0,0.0,0.0
Bengaluru City,K.R.Puram Traffic PS,1.04432e+16,2016,1,2,Road Accidents,Cross roads,City/Town,Near Bus stop,Human Error,Yes,Damage Only,Hit and Run,No signal lights,Not Applicable,City or Town Road,Not Applicable,Dry,Not Applicable,Clear,R M NAGARA RING ROAD KASTHURI NAGARA,A,26FEET,0.0,0.0,0,0,0.0,0.0
Bengaluru City,K.R.Puram Traffic PS,1.04432e+16,2016,1,2,Road Accidents,Narrow road,City/Town,Open area,Human Error,Not Applicable,Damage Only,Hit and Run,Controlled,Not Applicable,City or Town Road,Bitumen(Tar),Dry,Not Applicable,Clear,WHITE FEILD ROAD,A,5KM,0.0,0.0,0,0,0.0,0.0
Bengaluru City,K.R.Puram Traffic PS,1.04432e+16,2016,1,2,Road Accidents,Circle,City/Town,Near office complex,Human Error,No,Grievous Injury,Rear end,No signal lights,Curve,City or Town Road,Not Applicable,Dry,Not Applicable,Clear,ALPINE ECO APTS DODDANEKUNDI,A,55FEET,0.0,0.0,0,0,0.0,0.0
Bengaluru City,K.R.Puram Traffic PS,1.04432e+16,2016,1,1,Road Accidents,Narrow road,City/Town,Open area,Human Error,Yes,Grievous Injury,Hit and Run,Controlled,Incline,City or Town Road,Bitumen(Tar),Dry,Not Applicable,Clear,O M ROAD NEAR TIN FACTORY,A,5KM,0.0,0.0,0,0,0.0,0.0
Bengaluru City,K.R.Puram Traffic PS,1.04432e+16,2016,1,1,Road Accidents,Narrow road,City/Town,Near office complex,Human Error,Not Applicable,Grievous Injury,Hit and Run,Controlled,Not Applicable,City or Town Road,Bitumen(Tar),Dry,Not Applicable,Clear,KALKERE ROAD,A,5KM,0.0,0.0,0,0,0.0,0.0
Bengaluru City,K.R.Puram Traffic PS,1.04432e+16,2016,1,2,Rail Road Accidents,Narrow road,City/Town,Open area,Human Error,Not Applicable,Damage Only,Hit and Run,Controlled,Incline,Not Applicable,Bitumen(Tar),Dry,Not Applicable,Fine,WHITE FEILD ROAD,A,5KM,0.0,0.0,0,0,0.0,0.0
Bengaluru City,K.R.Puram Traffic PS,1.04432e+16,2016,1,2,Road Accidents,Narrow road,City/Town,Near office complex,Human Error,Not Applicable,Simple Injury,Hit and Run,Controlled,Not Applicable,City or Town Road,Bitumen(Tar),Dry,Not Applicable,Clear,"T C Palya main road, Near SBI Bank",A,3KM,0.0,0.0,0,0,0.0,0.0
Bengaluru City,K.R.Puram Traffic PS,1.04432e+16,2016,1,2,Road Accidents,Narrow road,City/Town,Open area,Human Error,Not Applicable,Simple Injury,Hit and Run,Controlled,Not Applicable,City or Town Road,Bitumen(Tar),Dry,Not Applicable,Clear,T C PALAY,A,4KM,0.0,0.0,0,0,0.0,0.0
Bengaluru City,K.R.Puram Traffic PS,1.04432e+16,2016,1,1,Not Applicable,Other,City/Town,Open area,Human Error,No,Grievous Injury,Side swipe,Controlled,Others,Two way,Bitumen(Tar),Others,No influence on accident,Wind,RING ROAD,RING ROAD,3 KM,0.0,0.0,0,1,0.0,1.0
Bengaluru City,K.R.Puram Traffic PS,1.04432e+16,2016,1,2,Road Accidents,Narrow road,City/Town,Open area,Human Error,Not Applicable,Damage Only,Hit and Run,Controlled,Incline,City or Town Road,Bitumen(Tar),Dry,Not Applicable,Fine,WHITE FEILD ROAD,A,5KM,0.0,0.0,0,0,0.0,0.0
Bengaluru City,K.R.Puram Traffic PS,1.04432e+16,2016,1,1,Road Accidents,Cross roads,Not Applicable,Open area,Human Error,Yes,Fatal,Hit and Run,Controlled,Not Applicable,City or Town Road,Bitumen(Tar),Dry,Not Applicable,Clear,KASTHURINAGARA,A,5km,0.0,0.0,0,0,0.0,0.0
Bengaluru City,K.R.Puram Traffic PS,1.04432e+16,2016,1,1,Road Accidents,Narrow road,City/Town,Near School or College,Human Error,Not Applicable,Grievous Injury,Hit and Run,Controlled,Not Applicable,Two way,Bitumen(Tar),Dry,Not Applicable,Clear,BASAVANPURA MAIN ROAD,A,2KM,0.0,0.0,0,0,0.0,0.0
Bengaluru City,K.R.Puram Traffic PS,1.04432e+16,2016,1,3,Road Accidents,Culvert,City/Town,Narrow bridge or culverts,Human Error,No,Damage Only,Head on,No signal lights,Others,NH,Bitumen(Tar),Dry,No influence on accident,Clear,rmn,1,5,0.0,0.0,0,0,0.0,0.0
Bengaluru City,K.R.Puram Traffic PS,1.04432e+16,2016,1,2,Rail Road Accidents,Other,City/Town,Near Bus stop,Human Error,No,Damage Only,Others,No signal lights,Others,NH,Bitumen(Tar),Dry,No influence on accident,Clear,s,1,100mtr,0.0,0.0,0,0,0.0,0.0
Bengaluru City,K.R.Puram Traffic PS,1.04432e+16,2016,1,1,Rail Road Accidents,Other,City/Town,Near Bus stop,Human Error,No,Damage Only,Others,No signal lights,Others,NH,Bitumen(Tar),Dry,No influence on accident,Clear,s,1,3,0.0,0.0,0,0,0.0,0.0
Bengaluru City,K.R.Puram Traffic PS,1.04432e+16,2016,1,1,Road Accidents,Other,City/Town,Near Bus stop,Human Error,No,Simple Injury,Hit pedestrian,No signal lights,Others,Two way,Bitumen(Tar),Dry,No influence on accident,Clear,s,1,3,0.0,0.0,0,0,0.0,0.0
Bengaluru City,K.R.Puram Traffic PS,1.04432e+16,2016,1,1,Road Accidents,Other,City/Town,Near Hospital,Human Error,No,Grievous Injury,Hit pedestrian,No signal lights,Others,Others,Bitumen(Tar),Dry,No influence on accident,Clear,TCP MAIN ROAD,1,4,0.0,0.0,0,0,0.0,0.0
Bengaluru City,K.R.Puram Traffic PS,1.04432e+16,2016,1,1,Road Accidents,Other,City/Town,Near office complex,Human Error,No,Simple Injury,Hit pedestrian,No signal lights,Others,Others,Bitumen(Tar),Dry,No influence on accident,Others,HOODI,1,4,0.0,0.0,0,0,0.0,0.0
Bengaluru City,K.R.Puram Traffic PS,1.04432e+16,2016,1,1,Road Accidents,Other,City/Town,Near a religious place,Human Error,No,Simple Injury,Others,No signal lights,Others,Others,Bitumen(Tar),Dry,No influence on accident,Others,KALKERE MAIN ROAD,1,6,0.0,0.0,0,0,0.0,0.0
Bengaluru City,K.R.Puram Traffic PS,1.04432e+16,2016,1,1,Road Accidents,Other,City/Town,Narrow bridge or culverts,Human Error,No,Simple Injury,Hit bicyclist,No signal lights,Others,Others,Bitumen(Tar),Dry,No influence on accident,Clear,KASTURI NAGAR,1,5,0.0,0.0,0,0,0.0,0.0
Bengaluru City,K.R.Puram Traffic PS,1.04432e+16,2016,1,2,Road Accidents,Other,City/Town,Near Bus stop,Human Error,No,Damage Only,Others,No signal lights,Others,Others,Bitumen(Tar),Dry,No influence on accident,Clear,EMC2,1,4,0.0,0.0,0,0,0.0,0.0
Bengaluru City,K.R.Puram Traffic PS,1.04432e+16,2016,1,1,Road Accidents,Narrow road,City/Town,Open area,Human Error,No,Grievous Injury,Others,No signal lights,Straight and flat,City or Town Road,Bitumen(Tar),Dry,Not Applicable,Fine,"T C PALAY MAIN ROAD, INFORNT OF YSHWARYA KALYAN MANTAP",SHOP,9FEET,0.0,0.0,0,0,0.0,0.0
Bengaluru City,K.R.Puram Traffic PS,1.04432e+16,2016,1,1,Road Accidents,Narrow road,City/Town,Narrow bridge or culverts,Human Error,Not Applicable,Simple Injury,Hit and Run,Controlled,Not Applicable,NH,Bitumen(Tar),Dry,Not Applicable,Clear,O M ROAD,A,1KM,0.0,0.0,0,0,0.0,0.0
Bengaluru City,K.R.Puram Traffic PS,1.04432e+16,2016,1,1,Rail Road Accidents,Narrow road,City/Town,Open area,Human Error,Not Applicable,Simple Injury,Hit and Run,Controlled,Not Applicable,City or Town Road,Bitumen(Tar),Dry,Not Applicable,Clear,A,A,4KM,0.0,0.0,0,0,0.0,0.0
Bengaluru City,K.R.Puram Traffic PS,1.04432e+16,2016,1,1,Road Accidents,Cross roads,City/Town,At pedestrian Crossing,Human Error,Yes,Grievous Injury,Hit and Run,No signal lights,Others,City or Town Road,Not Applicable,Dry,Not Applicable,Clear,IN FRONT OF STALIN GIM UDAYANAGARA MAIN ROAD,A,19FEET,0.0,0.0,0,0,0.0,0.0
Bengaluru City,K.R.Puram Traffic PS,1.04432e+16,2016,1,1,Road Accidents,Bridge,City/Town,Near a factory industrial area,Human Error,Yes,Fatal,Hit and Run,Controlled,Not Applicable,NH,Bitumen(Tar),Dry,Not Applicable,Clear,OM ROAD MUTHU MARIYAMMA TEMPLE,A,75FEET,0.0,0.0,0,0,0.0,0.0
Bengaluru City,K.R.Puram Traffic PS,1.04432e+16,2016,1,1,Road Accidents,Narrow road,City/Town,Open area,Human Error,Yes,Fatal,Rear end,Controlled,Not Applicable,City or Town Road,Bitumen(Tar),Dry,Not Applicable,Clear,O M ROAD,A,3KM,13.19,77.432083,0,0,0.0,0.0
Bengaluru City,K.R.Puram Traffic PS,1.04432e+16,2016,1,2,Road Accidents,Cross roads,City/Town,Near Bus stop,Human Error,No,Simple Injury,Rear end,Signal lights Automatic,Others,Two way,Not Applicable,Dry,Not Applicable,Clear,O M ROAD BATTRAHLLI JUNCTION,A,20FEET,0.0,0.0,0,0,0.0,0.0
Bengaluru City,K.R.Puram Traffic PS,1.04432e+16,2016,1,1,Road Accidents,Narrow road,City/Town,Open area,Human Error,Not Applicable,Grievous Injury,Hit and Run,Controlled,Not Applicable,City or Town Road,Bitumen(Tar),Dry,Not Applicable,Clear,A NARAYANAPURA,A,3KM,0.0,0.0,0,0,0.0,0.0
Bengaluru City,K.R.Puram Traffic PS,1.04432e+16,2016,1,1,Road Accidents,Cross roads,City/Town,Residential area,Human Error,Yes,Fatal,Hit pedestrian,No signal lights,Others,Residential Street,Bitumen(Tar),Dry,No influence on accident,Clear,A.NARAYANAPURA,1,4,0.0,0.0,0,0,0.0,0.0
Bengaluru City,K.R.Puram Traffic PS,1.04432e+16,2016,1,1,Road Accidents,Culvert,City/Town,Near Bus stop,Human Error,No,Grievous Injury,Hit pedestrian,No signal lights,Others,NH,Bitumen(Tar),Dry,No influence on accident,Clear,omr,1,3,0.0,0.0,0,0,0.0,0.0
Bengaluru City,K.R.Puram Traffic PS,1.04432e+16,2016,1,2,Road Accidents,Bridge,City/Town,Near Bus stop,Human Error,Yes,Fatal,Head on,No signal lights,Others,NH,Bitumen(Tar),Dry,No influence on accident,Clear,OMR,1,2,0.0,0.0,0,0,0.0,0.0
Bengaluru City,K.R.Puram Traffic PS,1.04432e+16,2016,1,2,Road Accidents,Other,City/Town,Near Bus stop,Human Error,No,Grievous Injury,Head on,No signal lights,Others,Others,Bitumen(Tar),Dry,No influence on accident,Others,WHITE FIELD ROAD,1,5,0.0,0.0,0,0,0.0,0.0
Bengaluru City,K.R.Puram Traffic PS,1.04432e+16,2016,1,1,Road Accidents,Other,City/Town,Near Hospital,Human Error,Yes,Grievous Injury,Others,No signal lights,Others,Others,Bitumen(Tar),Dry,No influence on accident,Clear,0,1,3,0.0,0.0,0,0,0.0,0.0
Bengaluru City,K.R.Puram Traffic PS,1.04432e+16,2016,1,1,Road Accidents,Other,City/Town,Near Bus stop,Human Error,No,Damage Only,Others,No signal lights,Others,Others,Bitumen(Tar),Dry,No influence on accident,Clear,WHITE FIELD ROAD,1,4,0.0,0.0,0,0,0.0,0.0
Bengaluru City,K.R.Puram Traffic PS,1.04432e+16,2016,1,2,Road Accidents,Other,City/Town,At pedestrian Crossing,Human Error,No,Grievous Injury,Head on,No signal lights,Others,Two way,Bitumen(Tar),Dry,No influence on accident,Clear,ITI GATE SERVICE ROAD,1,2,0.0,0.0,0,0,0.0,0.0
Bengaluru City,K.R.Puram Traffic PS,1.04432e+16,2016,1,2,Road Accidents,Other,City/Town,In bazaar,Human Error,Yes,Grievous Injury,Head on,No signal lights,Others,Others,Bitumen(Tar),Dry,No influence on accident,Clear,WHITE FIELD ROAD,1,6,0.0,0.0,0,0,0.0,0.0
Bengaluru City,K.R.Puram Traffic PS,1.04432e+16,2016,1,1,Road Accidents,Other,City/Town,In bazaar,Human Error,Yes,Simple Injury,Others,No signal lights,Others,Others,Bitumen(Tar),Dry,No influence on accident,Clear,M.D.PURA RING ROAD,1,4,0.0,0.0,0,0,0.0,0.0
Bengaluru City,K.R.Puram Traffic PS,1.04432e+16,2016,1,1,Road Accidents,Other,City/Town,Near Hospital,Human Error,Yes,Fatal,Hit pedestrian,No signal lights,Others,Others,Bitumen(Tar),Dry,No influence on accident,Fine,OLD MADRAS ROAD,1,4,0.0,0.0,0,0,0.0,0.0
Bengaluru City,K.R.Puram Traffic PS,1.04432e+16,2016,1,1,Road Accidents,Other,City/Town,Near Hospital,Human Error,No,Grievous Injury,Others,No signal lights,Others,Others,Bitumen(Tar),Dry,No influence on accident,Fine,M.D.PURA RING ROAD,1,5,0.0,0.0,0,0,0.0,0.0
Bengaluru City,K.R.Puram Traffic PS,1.04432e+16,2016,1,2,Road Accidents,Other,City/Town,Near Bus stop,Human Error,No,Damage Only,Others,No signal lights,Others,Others,Bitumen(Tar),Dry,No influence on accident,Fine,1,1,4,0.0,0.0,0,0,0.0,0.0
Bengaluru City,K.R.Puram Traffic PS,1.04432e+16,2016,1,2,Road Accidents,Other,City/Town,In bazaar,Human Error,Yes,Grievous Injury,Not Applicable,No signal lights,Others,Others,Bitumen(Tar),Dry,No influence on accident,Clear,HOODI BRIDGE,1,4,0.0,0.0,0,0,0.0,0.0
Bengaluru City,K.R.Puram Traffic PS,1.04432e+16,2016,1,1,Road Accidents,Cross roads,Not Applicable,Near office complex,Human Error,Yes,Grievous Injury,Hit and Run,No signal lights,Curve,City or Town Road,Not Applicable,Dry,Not Applicable,Clear,WHITE FEILD ROAD,A,18FEET,0.0,0.0,0,0,0.0,0.0
Bengaluru City,K.R.Puram Traffic PS,1.04432e+16,2016,1,2,Road Accidents,Narrow road,City/Town,Open area,Human Error,Not Applicable,Simple Injury,Hit and Run,Controlled,Not Applicable,Village Road,Bitumen(Tar),Dry,Not Applicable,Fine,O M ROAD NEAR T C PALAY JUCTION,A,1KM,0.0,0.0,0,0,0.0,0.0
Bengaluru City,K.R.Puram Traffic PS,1.04432e+16,2016,1,2,Road Accidents,Narrow road,City/Town,Open area,Human Error,Not Applicable,Damage Only,Hit and Run,Controlled,Not Applicable,City or Town Road,Bitumen(Tar),Dry,Not Applicable,Clear,WHITE FEILD ROAD,A,3KM,0.0,0.0,0,0,0.0,0.0
Bengaluru City,K.R.Puram Traffic PS,1.04432e+16,2016,1,2,Road Accidents,Narrow road,City/Town,Near a factory industrial area,Human Error,Not Applicable,Damage Only,Hit and Run,Controlled,Not Applicable,City or Town Road,Bitumen(Tar),Dry,Not Applicable,Fine,WHITE FILED MAIN ROAD,A,4KM,0.0,0.0,0,0,0.0,0.0
Bengaluru City,K.R.Puram Traffic PS,1.04432e+16,2016,1,1,Road Accidents,Narrow road,City/Town,Open area,Human Error,Not Applicable,Simple Injury,Hit and Run,Controlled,Not Applicable,Two way,Bitumen(Tar),Dry,Not Applicable,Fine,WHITE FIELD MAIN ROAD,A,4KM,0.0,0.0,0,0,0.0,0.0
Bengaluru City,K.R.Puram Traffic PS,1.04432e+16,2016,1,2,Road Accidents,Cross roads,City/Town,Near office complex,Human Error,No,Damage Only,Rear end,No signal lights,Others,City or Town Road,Bitumen(Tar),Dry,Not Applicable,Clear,M D PURA PURA RINGE ROAD NEAR E M C Sqqare,A,22FEET,0.0,0.0,0,0,0.0,0.0
Bengaluru City,K.R.Puram Traffic PS,1.04432e+16,2016,1,2,Road Accidents,Narrow road,Not Applicable,Residential area,Human Error,Not Applicable,Damage Only,Hit and Run,Controlled,Not Applicable,City or Town Road,Bitumen(Tar),Dry,Not Applicable,Clear,O.M ROAD,A,2KM,0.0,0.0,0,0,0.0,0.0
Bengaluru City,K.R.Puram Traffic PS,1.04432e+16,2016,1,1,Road Accidents,Narrow road,City/Town,Open area,Human Error,Not Applicable,Grievous Injury,Hit and Run,Controlled,Not Applicable,City or Town Road,Bitumen(Tar),Dry,Not Applicable,Clear,SHYGENAHALLI,A,4KM,0.0,0.0,0,0,0.0,0.0
Bengaluru City,K.R.Puram Traffic PS,1.04432e+16,2016,1,1,Road Accidents,Narrow road,City/Town,Narrow bridge or culverts,Human Error,Not Applicable,Damage Only,Hit and Run,Controlled,Not Applicable,City or Town Road,Bitumen(Tar),Dry,Not Applicable,Clear,M D PURA RING ROAD,A,4KM,0.0,0.0,0,0,0.0,0.0
Bengaluru City,K.R.Puram Traffic PS,1.04432e+16,2016,1,1,Road Accidents,Narrow road,City/Town,Open area,Human Error,Not Applicable,Grievous Injury,Hit and Run,Controlled,Not Applicable,City or Town Road,Bitumen(Tar),Dry,Not Applicable,Clear,WHITE FEILD ROAD,A,5KM,0.0,0.0,0,0,0.0,0.0
Bengaluru City,K.R.Puram Traffic PS,1.04432e+16,2016,1,1,Road Accidents,Cross roads,City/Town,Narrow bridge or culverts,Human Error,No,Grievous Injury,Hit pedestrian,No signal lights,Others,City or Town Road,Not Applicable,Dry,Not Applicable,Clear,R M NAGARA RING ROAD KASTHURI NAGARA BRIDGE,A,42FEET,0.0,0.0,0,0,0.0,0.0
Bengaluru City,K.R.Puram Traffic PS,1.04432e+16,2016,1,1,Road Accidents,Other,City/Town,Near office complex,Human Error,No,Fatal,Others,No signal lights,Others,NH,Bitumen(Tar),Dry,No influence on accident,Fine,RMN,1,6,77.66189751,13.01620483,0,0,0.0,0.0
Bengaluru City,K.R.Puram Traffic PS,1.04432e+16,2016,1,2,Road Accidents,Other,City/Town,Near office complex,Human Error,No,Simple Injury,Others,No signal lights,Others,One way,Bitumen(Tar),Dry,No influence on accident,Clear,RMN,1,1,0.0,0.0,0,0,0.0,0.0
Bengaluru City,K.R.Puram Traffic PS,1.04432e+16,2016,1,1,Road Accidents,Other,City/Town,Near a religious place,Human Error,No,Grievous Injury,Others,No signal lights,Others,Others,Bitumen(Tar),Dry,No influence on accident,Clear,1,1,1,0.0,0.0,0,0,0.0,0.0
Bengaluru City,K.R.Puram Traffic PS,1.04432e+16,2016,1,1,Road Accidents,Other,City/Town,Open area,Human Error,Yes,Damage Only,Hit and Run,No signal lights,Straight and flat,City or Town Road,Bitumen(Tar),Dry,Not Applicable,Fine,"WHITE FIELD ROAD, INFORNT OF PHONIX MALL",MALL,15FEET,0.0,0.0,0,0,0.0,0.0
Bengaluru City,K.R.Puram Traffic PS,1.04432e+16,2016,1,1,Road Accidents,Cross roads,City/Town,Near Bus stop,Human Error,Not Applicable,Simple Injury,Hit and Run,Controlled,Not Applicable,City or Town Road,Bitumen(Tar),Dry,Not Applicable,Clear,R M NAGAR RING ROAD,A,5KM,0.0,0.0,0,0,0.0,0.0
Bengaluru City,K.R.Puram Traffic PS,1.04432e+16,2016,1,3,Road Accidents,Narrow road,City/Town,Narrow bridge or culverts,Human Error,Not Applicable,Simple Injury,Hit and Run,Controlled,Hump,City or Town Road,Bitumen(Tar),Dry,Not Applicable,Fine,R M NAGAR MAIN ROAD,A,5KM,0.0,0.0,0,0,0.0,0.0
Bengaluru City,K.R.Puram Traffic PS,1.04432e+16,2016,1,1,Road Accidents,Narrow road,City/Town,Open area,Human Error,Not Applicable,Simple Injury,Hit and Run,Controlled,Incline,City or Town Road,Bitumen(Tar),Dry,Not Applicable,Fine,O MROAD,A,3KM,0.0,0.0,0,0,0.0,0.0
Bengaluru City,K.R.Puram Traffic PS,1.04432e+16,2016,1,1,Road Accidents,Cross roads,City/Town,Open area,Human Error,Yes,Simple Injury,Hit pedestrian,No signal lights,Others,NH,Bitumen(Tar),Dry,No influence on accident,Others,OLD MADRAS ROAD,1,3,0.0,0.0,0,0,0.0,0.0
Bengaluru City,K.R.Puram Traffic PS,1.04432e+16,2016,1,1,Road Accidents,Other,City/Town,Near Bus stop,Human Error,Yes,Simple Injury,Hit pedestrian,No signal lights,Others,Others,Bitumen(Tar),Dry,No influence on accident,Snow,B.CHANNASANDRA BUS STOP,1,5,0.0,0.0,0,0,0.0,0.0
Bengaluru City,K.R.Puram Traffic PS,1.04432e+16,2016,1,1,Road Accidents,Other,City/Town,Near Petrol Pump,Human Error,No,Grievous Injury,Head on,No signal lights,Others,Others,Bitumen(Tar),Dry,No influence on accident,Clear,WFR,1,5,77.71312018,12.9897435,0,0,0.0,0.0
Bengaluru City,K.R.Puram Traffic PS,1.04432e+16,2016,1,1,Road Accidents,Other,City/Town,Near Petrol Pump,Human Error,Yes,Damage Only,Others,No signal lights,Others,Others,Bitumen(Tar),Dry,No influence on accident,Others,1,1,3,0.0,0.0,0,0,0.0,0.0
Bengaluru City,K.R.Puram Traffic PS,1.04432e+16,2016,1,2,Road Accidents,Other,City/Town,Near School or College,Human Error,Yes,Fatal,Others,No signal lights,Others,Others,Bitumen(Tar),Dry,No influence on accident,Clear,T.C.PALYA MAIN ROAD,1,4,0.0,0.0,0,0,0.0,0.0
Bengaluru City,K.R.Puram Traffic PS,1.04432e+16,2016,1,2,Road Accidents,Other,City/Town,Near Hospital,Human Error,Yes,Simple Injury,Others,No signal lights,Others,Others,Bitumen(Tar),Dry,No influence on accident,Clear,OMR,1,1,0.0,0.0,0,0,0.0,0.0
Bengaluru City,K.R.Puram Traffic PS,1.04432e+16,2016,1,1,Road Accidents,Other,City/Town,Near Hospital,Human Error,Yes,Grievous Injury,Hit pedestrian,No signal lights,Others,NH,Bitumen(Tar),Dry,No influence on accident,Clear,1,1,0,0.0,0.0,0,0,0.0,0.0
Bengaluru City,K.R.Puram Traffic PS,1.04432e+16,2016,1,2,Road Accidents,Other,City/Town,In bazaar,Human Error,No,Simple Injury,Hit pedestrian,No signal lights,Others,Others,Bitumen(Tar),Dry,No influence on accident,Clear,R.M.NAGAR RING ROAD,1,5,0.0,0.0,0,0,0.0,0.0