DISTRICTNAME,UNITNAME,Crime_No,Year,RI,Noofvehicle_involved,Accident_Classification,Accident_Spot,Accident_Location,Accident_SubLocation,Main_Cause,Hit_Run,Severity,Collision_Type,Junction_Control,Road_Character,Road_Type,Surface_Type,Surface_Condition,Road_Condition,Weather,Accident_Road,Landmark_first,Distance_LandMark_First,Latitude,Longitude,Road_Condition_Score,Surface_Condition_Score,Surface_Type_Score,Road_Risk_Index
Bengaluru City,K.R.Puram Traffic PS,1.04432e+16,2017,1,2,Road Accidents,Narrow road,City/Town,Near or inside a village,Human Error,Yes,Fatal,Hit and Run,No signal lights,Not Applicable,Residential Street,Surfaced,Dry,Not Applicable,Clear,kalkeri road near a k ply wood,A,16,0.0,0.0,0,0,,
Bengaluru City,K.R.Puram Traffic PS,1.04432e+16,2017,1,1,Road Accidents,Cross roads,City/Town,Near Bus stop,Vehicle Defect,Yes,Grievous Injury,Others,No signal lights,Others,City or Town Road,Not Applicable,Dry,Not Applicable,Clear,R M NAGARA MAIN ROAD HOLY FAMILY CHRUCH,A,5 FEET,0.0,0.0,0,0,0.0,0.0
Bengaluru City,K.R.Puram Traffic PS,1.04432e+16,2017,1,2,Road Accidents,Cross roads,City/Town,Near Bus stop,Human Error,Yes,Grievous Injury,Rear end,No signal lights,Curve,City or Town Road,Gravel,Dry,Not Applicable,Clear,MISSION ROAD STREET  NEAR KALAKERE BUS STOP,A,18FEET,0.0,0.0,0,0,3.0,3.0
Bengaluru City,K.R.Puram Traffic PS,1.04432e+16,2017,1,1,Road Accidents,Narrow road,City/Town,Open area,Human Error,Not Applicable,Simple Injury,Rear end,Controlled,Not Applicable,City or Town Road,Bitumen(Tar),Dry,Not Applicable,Clear,RAILWAY STATION,A,3KM,0.0,0.0,0,0,0.0,0.0
Bengaluru City,K.R.Puram Traffic PS,1.04432e+16,2017,1,2,Road Accidents,T Junction,City/Town,Open area,Human Error,No,Damage Only,Rear end,Uncontrolled,Others,Two way,Bitumen(Tar),Others,No influence on accident,Others,RING ROAD,RING ROAD,2,0.0,0.0,0,1,0.0,1.0
Bengaluru City,K.R.Puram Traffic PS,1.04432e+16,2017,1,1,Road Accidents,Junction,City/Town,At pedestrian Crossing,Human Error,Yes,Fatal,Hit and Run,Controlled,Not Applicable,NH,Surfaced,Dry,Not Applicable,Clear,"OLd Madras road, T C Palya Junction",a,33,0.0,0.0,0,0,,
Bengaluru City,K.R.Puram Traffic PS,1.04432e+16,2017,1,1,Rail Road Accidents,Narrow road,City/Town,Open area,Human Error,Not Applicable,Simple Injury,Rear end,Controlled,Not Applicable,City or Town Road,Bitumen(Tar),Dry,Not Applicable,Clear,"B CHANNASANDRA MAIN ROAD, NEAR CHOWDESHWARI TEMPLE",A1,3KM,0.0,0.0,0,0,0.0,0.0
Bengaluru City,K.R.Puram Traffic PS,1.04432e+16,2017,1,2,Rail Road Accidents,Narrow road,Not Applicable,Open area,Human Error,Not Applicable,Damage Only,Rear end,Controlled,Not Applicable,City or Town Road,Bitumen(Tar),Dry,Not Applicable,Clear,M D PURAM,A,5KM,0.0,0.0,0,0,0.0,0.0
Bengaluru City,K.R.Puram Traffic PS,1.04432e+16,2017,1,2,Rail Road Accidents,Narrow road,Not Applicable,Open area,Human Error,Not Applicable,Simple Injury,Rear end,Controlled,Not Applicable,City or Town Road,Bitumen(Tar),Dry,Not Applicable,Clear,TEN FACTORY,A,2KM,0.0,0.0,0,0,0.0,0.0
Bengaluru City,K.R.Puram Traffic PS,1.04432e+16,2017,1,1,Road Accidents,Cross roads,Not Applicable,At pedestrian Crossing,Human Error,Yes,Grievous Injury,Hit and Run,Uncontrolled,Straight and flat,NH,Surfaced,Dry,Not Applicable,Clear,"O M ROAD, BHATTARAHALLI SERVICE ROAD",BHATTARAHALLI,3 Km,0.0,0.0,0,0,,
Bengaluru City,K.R.Puram Traffic PS,1.04432e+16,2017,1,1,Road Accidents,Cross roads,City/Town,Open area,Human Error,Yes,Fatal,Rear end,No signal lights,Not Applicable,City or Town Road,Bitumen(Tar),Dry,Not Applicable,Clear,3RD CROSS OPP R A ENGINEERING WORKS BEHIND V R MALL SINGAIAHANAPLYA,A,33FEET,0.0,0.0,0,0,0.0,0.0
Bengaluru City,K.R.Puram Traffic PS,1.04432e+16,2017,1,2,Road Accidents,Other,City/Town,Open area,Human Error,No,Grievous Injury,Head on,Uncontrolled,Incline,Two way,Bitumen(Tar),Others,No influence on accident,Others,RING ROAD,RING ROAD,2 KM,0.0,0.0,0,1,0.0,1.0
Bengaluru City,K.R.Puram Traffic PS,1.04432e+16,2017,1,2,Road Accidents,Railway crossing,City/Town,Open area,Not Applicable,Not Applicable,Simple Injury,Hit and Run,No signal lights,Others,City or Town Road,Bitumen(Tar),Dry,Not Applicable,Clear,"vijinapura,Raliway Underpass",A,4KM,0.0,0.0,0,0,0.0,0.0
Bengaluru City,K.R.Puram Traffic PS,1.04432e+16,2017,1,2,Road Accidents,Junction,City/Town,Near office complex,Human Error,Yes,Grievous Injury,Hit and Run,Uncontrolled,Not Applicable,NH,Surfaced,Dry,Not Applicable,Clear,"Old Madras road, Near Pai Layout",A,33,0.0,0.0,0,0,,
Bengaluru City,K.R.Puram Traffic PS,1.04432e+16,2017,1,2,Road Accidents,Other,City/Town,Residential area,Human Error,Not Applicable,Damage Only,Hit and Run,Controlled,Others,City or Town Road,Bitumen(Tar),Dry,Not Applicable,Fine,ALPHINE APLS ROAD,A,25FEET,0.0,0.0,0,0,0.0,0.0
Bengaluru City,K.R.Puram Traffic PS,1.04432e+16,2017,1,2,Road Accidents,T Junction,City/Town,Open area,Human Error,No,Grievous Injury,Others,Not at  Junction,Straight and flat,City or Town Road,Bitumen(Tar),Dry,Not Applicable,Clear,"Channasandra road, Infornt of Chaya Hospital",chaya Hospital,32feet,0.0,0.0,0,0,0.0,0.0
Bengaluru City,K.R.Puram Traffic PS,1.04432e+16,2017,1,2,Road Accidents,Bridge,City/Town,Near School or College,Human Error,Yes,Fatal,Hit and Run,Not at  Junction,Others,NH,Surfaced,Dry,Not Applicable,Fine,"Old Madras road, Medahalli bridge",a,33,13.024301,77.716825,0,0,,
Bengaluru City,K.R.Puram Traffic PS,1.04432e+16,2017,1,1,Rail Road Accidents,Narrow road,City/Town,Open area,Human Error,Not Applicable,Damage Only,Rear end,Controlled,Not Applicable,City or Town Road,Bitumen(Tar),Dry,Not Applicable,Clear,R M NAGAR,A,3KM,0.0,0.0,0,0,0.0,0.0
Bengaluru City,K.R.Puram Traffic PS,1.04432e+16,2017,1,1,Road Accidents,Narrow road,Not Applicable,Open area,Human Error,No,Simple Injury,Rear end,Controlled,Not Applicable,City or Town Road,Bitumen(Tar),Dry,Not Applicable,Clear,K R PURAM,A,2KM,0.0,0.0,0,0,0.0,0.0
Bengaluru City,K.R.Puram Traffic PS,1.04432e+16,2017,1,1,Road Accidents,Narrow road,Not Applicable,Open area,Human Error,Not Applicable,Simple Injury,Rear end,Controlled,Not Applicable,City or Town Road,Bitumen(Tar),Dry,Not Applicable,Clear,KASTHURINAGAR,A,3KM,0.0,0.0,0,0,0.0,0.0
Bengaluru City,K.R.Puram Traffic PS,1.04432e+16,2017,1,1,Road Accidents,Cross roads,City/Town,Residential area,Human Error,Not Applicable,Simple Injury,Hit and Run,Controlled,Not Applicable,City or Town Road,Bitumen(Tar),Dry,Not Applicable,Clear,R M NAGAR RING ROAD,A,4km,0.0,0.0,0,0,0.0,0.0
Bengaluru City,K.R.Puram Traffic PS,1.04432e+16,2017,1,1,Road Accidents,Narrow road,City/Town,In bazaar,Human Error,Yes,Fatal,Hit and Run,Controlled,Not Applicable,City or Town Road,Bitumen(Tar),Dry,Not Applicable,Clear,OM ROAD MUTHU MARIYAMMA TEMPLE,A,17,0.0,0.0,0,0,0.0,0.0
Bengaluru City,K.R.Puram Traffic PS,1.04432e+16,2017,1,2,Road Accidents,Narrow road,City/Town,Near office complex,Human Error,Not Applicable,Simple Injury,Hit and Run,Controlled,Not Applicable,City or Town Road,Bitumen(Tar),Dry,Not Applicable,Clear,ITI COLONY MAIN ROAD,A,3KM,0.0,0.0,0,0,0.0,0.0
Bengaluru City,K.R.Puram Traffic PS,1.04432e+16,2017,1,1,Road Accidents,Junction,City/Town,Near Bus stop,Not Applicable,Yes,Fatal,Others,No signal lights,Others,Two way,Not Applicable,Dry,No influence on accident,Clear,M D PURA RING ROAD B NARAYANAPURA BUS STOP,A,18 FET,0.0,0.0,0,0,0.0,0.0
Bengaluru City,K.R.Puram Traffic PS,1.04432e+16,2017,1,1,Road Accidents,Narrow road,City/Town,Near office complex,Human Error,Yes,Grievous Injury,Hit and Run,Not at  Junction,Not Applicable,NH,Surfaced,Others,Not Applicable,Clear,"O M Road, Near ITI Bhavan",a,17,0.0,0.0,0,1,,
Bengaluru City,K.R.Puram Traffic PS,1.04432e+16,2017,1,2,Road Accidents,Narrow road,City/Town,Near Petrol Pump,Human Error,No,Damage Only,Head on,Controlled,Others,Two way,Bitumen(Tar),Others,No influence on accident,Clear,RING ROAD,RING ROAD,3,0.0,0.0,0,1,0.0,1.0
Bengaluru City,K.R.Puram Traffic PS,1.04432e+16,2017,1,1,Road Accidents,Cross roads,City/Town,Narrow bridge or culverts,Human Error,No,Fatal,Rear end,No signal lights,Others,City or Town Road,Bitumen(Tar),Dry,Not Applicable,Clear,O M ROAD K R PURA PLY OVER,A,43FEET,0.0,0.0,0,0,0.0,0.0
Bengaluru City,K.R.Puram Traffic PS,1.04432e+16,2017,1,1,Road Accidents,Cross roads,City/Town,Residential area,Human Error,No,Grievous Injury,Rear end,No signal lights,Others,City or Town Road,Bitumen(Tar),Dry,Not Applicable,Clear,O M ROAD M M TEPALE,A,12FEET,0.0,0.0,0,0,0.0,0.0
Bengaluru City,K.R.Puram Traffic PS,1.04432e+16,2017,1,2,Road Accidents,Cross roads,City/Town,Near Hospital,Human Error,Yes,Grievous Injury,Hit and Run,No signal lights,Others,City or Town Road,Bitumen(Tar),Dry,Not Applicable,Clear,M D PURA RING ROAD NEAR RINBO HOSPITAL,A,15FEET,0.0,0.0,0,0,0.0,0.0
Bengaluru City,K.R.Puram Traffic PS,1.04432e+16,2017,1,1,Road Accidents,Narrow road,City/Town,Open area,Human Error,No,Simple Injury,Rear end,Controlled,Not Applicable,City or Town Road,Bitumen(Tar),Dry,Not Applicable,Clear,M D PURA RING ROAD,A,5KM,0.0,0.0,0,0,0.0,0.0
Bengaluru City,K.R.Puram Traffic PS,1.04432e+16,2017,1,1,Road Accidents,Cross roads,City/Town,Residential area,Human Error,Yes,Grievous Injury,Hit and Run,No signal lights,Others,City or Town Road,Bitumen(Tar),Dry,Not Applicable,Clear,JAYATHI NAGAR  GURUN UPAHARA HOTEL,A,2FEET,0.0,0.0,0,0,0.0,0.0
Bengaluru City,K.R.Puram Traffic PS,1.04432e+16,2017,1,2,Rail Road Accidents,Narrow road,City/Town,Open area,Human Error,Not Applicable,Damage Only,Rear end,Controlled,Not Applicable,City or Town Road,Bitumen(Tar),Dry,Not Applicable,Clear,O M ROAD,A,3KM,0.0,0.0,0,0,0.0,0.0
Bengaluru City,K.R.Puram Traffic PS,1.04432e+16,2017,1,1,Road Accidents,Narrow road,Not Applicable,Open area,Human Error,Not Applicable,Fatal,Hit and Run,Controlled,Not Applicable,City or Town Road,Bitumen(Tar),Dry,Not Applicable,Clear,JAYATHINAGAR,A,3KM,0.0,0.0,0,0,0.0,0.0
Bengaluru City,K.R.Puram Traffic PS,1.04432e+16,2017,1,2,Rail Road Accidents,Narrow road,City/Town,Open area,Human Error,Not Applicable,Simple Injury,Rear end,Controlled,Not Applicable,City or Town Road,Bitumen(Tar),Dry,Not Applicable,Clear,R M NAGAR,A,3KM,0.0,0.0,0,0,0.0,0.0
Bengaluru City,K.R.Puram Traffic PS,1.04432e+16,2017,1,2,Road Accidents,Narrow road,Not Applicable,Open area,Human Error,Yes,Simple Injury,Hit and Run,Controlled,Not Applicable,City or Town Road,Bitumen(Tar),Dry,Not Applicable,Clear,M D PURA,A,5KM,0.0,0.0,0,0,0.0,0.0
Bengaluru City,K.R.Puram Traffic PS,1.04432e+16,2017,1,1,Road Accidents,Cross roads,Not Applicable,Near Bus stop,Vehicle Defect,Yes,Damage Only,Hit and Run,Uncontrolled,Straight and flat,One way,Surfaced,Dry,Not Applicable,Clear,BBMP OFFICE,K R PURA,0.5 KM,0.0,0.0,0,0,,
Bengaluru City,K.R.Puram Traffic PS,1.04432e+16,2017,1,2,Road Accidents,Other,City/Town,In bazaar,Human Error,Yes,Damage Only,Hit and Run,Uncontrolled,Others,Residential Street,Surfaced,Dry,Not Applicable,Clear,OM RAOD TO AYYAPPA NAGAR ROAD,BASAVANAPURA,5 KM,0.0,0.0,0,0,,
Bengaluru City,K.R.Puram Traffic PS,1.04432e+16,2017,1,2,Road Accidents,Other,City/Town,Residential area,Human Error,Not Applicable,Simple Injury,Hit and Run,Controlled,Not Applicable,City or Town Road,Bitumen(Tar),Dry,Not Applicable,Fine,KASTHURINAGARA,A,4KM,0.0,0.0,0,0,0.0,0.0
Bengaluru City,K.R.Puram Traffic PS,1.04432e+16,2017,1,2,Road Accidents,Junction,Not Applicable,Near Hospital,Vehicle Defect,Yes,Damage Only,Hit and Run,Uncontrolled,Others,Others,Surfaced,Dry,Not Applicable,Clear,MAHADEVPURA RING ROAD,MAHADEVPURA RING ROAD,5 KM,0.0,0.0,0,0,,
Bengaluru City,K.R.Puram Traffic PS,1.04432e+16,2017,1,2,Road Accidents,Cross roads,City/Town,Near Petrol Pump,Human Error,Yes,Damage Only,Hit and Run,No signal lights,Curve,City or Town Road,Not Applicable,Dry,Not Applicable,Clear,KALAKERE ROAD JUNJAPPA PETROL BUNK,A,19FEET,0.0,0.0,0,0,0.0,0.0
Bengaluru City,K.R.Puram Traffic PS,1.04432e+16,2017,1,2,Road Accidents,Cross roads,City/Town,Open area,Human Error,Yes,Damage Only,Rear end,No signal lights,Straight and flat,City or Town Road,Bitumen(Tar),Dry,Not Applicable,Clear,"Devasandra main road, infornt of ayyppa nagar petrol bank",Bharth petorl bank,10feet,0.0,0.0,0,0,0.0,0.0
Bengaluru City,K.R.Puram Traffic PS,1.04432e+16,2017,1,1,Rail Road Accidents,Narrow road,City/Town,Open area,Human Error,Not Applicable,Simple Injury,Head on,Controlled,Not Applicable,City or Town Road,Bitumen(Tar),Dry,Not Applicable,Clear,ITI COLONY MAIN ROAD,A,1KM,0.0,0.0,0,0,0.0,0.0
Bengaluru City,K.R.Puram Traffic PS,1.04432e+16,2017,1,2,Road Accidents,Narrow road,City/Town,Residential area,Human Error,Not Applicable,Simple Injury,Hit and Run,Controlled,Not Applicable,City or Town Road,Bitumen(Tar),Dry,Not Applicable,Clear,OMBR LAYOUT,A,5KM,0.0,0.0,0,0,0.0,0.0
Bengaluru City,K.R.Puram Traffic PS,1.04432e+16,2017,1,1,Road Accidents,Cross roads,City/Town,Near or inside a village,Human Error,Yes,Grievous Injury,Rear end,No signal lights,Curve,City or Town Road,Gravel,Dry,Not Applicable,Clear,CHINNAPPANAHALLI MAIN ELUGRAMMA TEMPLE,A,25FEET,0.0,0.0,0,0,3.0,3.0
Bengaluru City,K.R.Puram Traffic PS,1.04432e+16,2017,1,1,Road Accidents,Cross roads,City/Town,In bazaar,Human Error,No,Simple Injury,Rear end,No signal lights,Not Applicable,City or Town Road,Bitumen(Tar),Dry,Not Applicable,Clear,WHITE FILED ROAD NEAR BHORUKA STEEL SERVICE,A,23FEET,0.0,0.0,0,0,0.0,0.0
Bengaluru City,K.R.Puram Traffic PS,1.04432e+16,2017,1,1,Road Accidents,Narrow road,City/Town,Open area,Human Error,Not Applicable,Fatal,Rear end,Controlled,Not Applicable,NH,Bitumen(Tar),Dry,Not Applicable,Clear,O M ROAD,A,3KM,0.0,0.0,0,0,0.0,0.0
Bengaluru City,K.R.Puram Traffic PS,1.04432e+16,2017,1,2,Road Accidents,Cross roads,City/Town,Narrow bridge or culverts,Human Error,Yes,Damage Only,Hit and Run,No signal lights,Others,City or Town Road,Bitumen(Tar),Dry,Not Applicable,Clear,O M ROAD K R PURA FLY OVER,A,36FEET,0.0,0.0,0,0,0.0,0.0
Bengaluru City,K.R.Puram Traffic PS,1.04432e+16,2017,1,1,Road Accidents,Narrow road,City/Town,Open area,Human Error,Not Applicable,Damage Only,Rear end,Controlled,Not Applicable,City or Town Road,Bitumen(Tar),Dry,Not Applicable,Clear,O M ROAD,A,3KM,0.0,0.0,0,0,0.0,0.0
Bengaluru City,K.R.Puram Traffic PS,1.04432e+16,2017,1,4,Road Accidents,Narrow road,Not Applicable,Open area,Human Error,No,Damage Only,Rear end,Controlled,Not Applicable,City or Town Road,Bitumen(Tar),Dry,Not Applicable,Clear,O M ROAD,A,3KM,0.0,0.0,0,0,0.0,0.0
Bengaluru City,K.R.Puram Traffic PS,1.04432e+16,2017,1,3,Road Accidents,Cross roads,City/Town,Near School or College,Human Error,Yes,Damage Only,Hit and Run,No signal lights,Others,City or Town Road,Bitumen(Tar),Dry,Not Applicable,Clear,BASAVANNA NAGAR NEAR  GOPALAN SCHOOL,A,6FEET,0.0,0.0,0,0,0.0,0.0
Bengaluru City,K.R.Puram Traffic PS,1.04432e+16,2017,1,2,Road Accidents,Narrow road,City/Town,Open area,Human Error,Not Applicable,Damage Only,Rear end,Controlled,Not Applicable,City or Town Road,Bitumen(Tar),Dry,Not Applicable,Clear,O M ROAD,A,3KM,0.0,0.0,0,0,0.0,0.0
Bengaluru City,K.R.Puram Traffic PS,1.04432e+16,2017,1,3,Road Accidents,Cross roads,City/Town,Narrow bridge or culverts,Human Error,Yes,Simple Injury,Hit and Run,No signal lights,Others,City or Town Road,Bitumen(Tar),Dry,Not Applicable,Clear,R M NAGAR  RINGE ROAD HURAMAVU BRIDGE WALL,A,15FEET,0.0,0.0,0,0,0.0,0.0
Bengaluru City,K.R.Puram Traffic PS,1.04432e+16,2017,1,2,Road Accidents,Narrow road,Not Applicable,Open area,Human Error,Not Applicable,Simple Injury,Rear end,Controlled,Not Applicable,City or Town Road,Bitumen(Tar),Dry,Not Applicable,Clear,M D PURA,A,2KM,0.0,0.0,0,0,0.0,0.0
Bengaluru City,K.R.Puram Traffic PS,1.04432e+16,2017,1,2,Road Accidents,Narrow road,Not Applicable,Open area,Human Error,Not Applicable,Simple Injury,Rear end,Controlled,Not Applicable,City or Town Road,Bitumen(Tar),Dry,Not Applicable,Clear,T C PALYA,A,2KM,0.0,0.0,0,0,0.0,0.0
Bengaluru City,K.R.Puram Traffic PS,1.04432e+16,2017,1,1,Rail Road Accidents,Narrow road,Not Applicable,Open area,Human Error,Not Applicable,Simple Injury,Rear end,Controlled,Not Applicable,City or Town Road,Bitumen(Tar),Dry,Not Applicable,Clear,M D PURA,A,5KM,0.0,0.0,0,0,0.0,0.0
Bengaluru City,K.R.Puram Traffic PS,1.04432e+16,2017,1,1,Road Accidents,Other,Not Applicable,Affected by encroachments,Human Error,Yes,Grievous Injury,Hit and Run,Signal lights Automatic,Straight and flat,Two way,Surfaced,Dry,Not Applicable,Clear,MAHADEVPURA,MAHADEVPURA,5 KM,0.0,0.0,0,0,,
Bengaluru City,K.R.Puram Traffic PS,1.04432e+16,2017,1,1,Road Accidents,Cross roads,City/Town,Near a factory industrial area,Human Error,Not Applicable,Simple Injury,Hit and Run,Controlled,Not Applicable,Two way,Bitumen(Tar),Dry,Not Applicable,Clear,GRAPHIITE INDIA SINGAL,A,4KM,0.0,0.0,0,0,0.0,0.0
Bengaluru City,K.R.Puram Traffic PS,1.04432e+16,2017,1,1,Road Accidents,Cross roads,City/Town,Near Bus stop,Human Error,No,Fatal,Rear end,Signal lights Automatic,Others,City or Town Road,Bitumen(Tar),Dry,Not Applicable,Clear,T C PAIYA MAIN ROAD NEAR CHURCH,A,28FEET,0.0,0.0,0,0,0.0,0.0
Bengaluru City,K.R.Puram Traffic PS,1.04432e+16,2017,1,1,Road Accidents,Narrow road,City/Town,Near office complex,Human Error,No,Grievous Injury,Others,No signal lights,Straight and flat,City or Town Road,Surfaced,Dry,Not Applicable,Clear,Mahadevapura ring road,A,36 fee,0.0,0.0,0,0,,
Bengaluru City,K.R.Puram Traffic PS,1.04432e+16,2017,1,1,Road Accidents,Narrow road,City/Town,Near Bus stop,Human Error,Yes,Fatal,Hit and Run,Not at  Junction,Not Applicable,City or Town Road,Surfaced,Dry,Not Applicable,Fine,"M D Pura Ring road, Near Royal enfield show room",a,22,0.0,0.0,0,0,,
Bengaluru City,K.R.Puram Traffic PS,1.04432e+16,2017,1,2,Road Accidents,Narrow road,City/Town,Open area,Human Error,Not Applicable,Damage Only,Hit and Run,Controlled,Not Applicable,City or Town Road,Bitumen(Tar),Dry,Not Applicable,Fine,O.M ROAD,A,3KM,0.0,0.0,0,0,0.0,0.0
Bengaluru City,K.R.Puram Traffic PS,1.04432e+16,2017,1,2,Road Accidents,Cross roads,City/Town,Near Bus stop,Human Error,Yes,Grievous Injury,Rear end,No signal lights,Others,City or Town Road,Gravel,Dry,Not Applicable,Clear,O M ROAD BEHAND GANAPATHI TEMPLE,A,50FEET,0.0,0.0,0,0,3.0,3.0
Bengaluru City,K.R.Puram Traffic PS,1.04432e+16,2017,1,2,Road Accidents,Y Junction,City/Town,Open area,Human Error,Yes,Damage Only,Hit and Run,Controlled,Straight and flat,City or Town Road,Bitumen(Tar),Dry,Not Applicable,Clear,WHITE FIELD ROAD,BBMP PLAY GORUND,24FEET,0.0,0.0,0,0,0.0,0.0
Bengaluru City,K.R.Puram Traffic PS,1.04432e+16,2017,1,2,Road Accidents,Narrow road,City/Town,Near office complex,Human Error,Not Applicable,Fatal,Hit and Run,Controlled,Not Applicable,Two way,Bitumen(Tar),Dry,Not Applicable,Clear,T V PALYA MAIN ROAD,A,58FEET,0.0,0.0,0,0,0.0,0.0
Bengaluru City,K.R.Puram Traffic PS,1.04432e+16,2017,1,1,Road Accidents,Narrow road,City/Town,Open area,Not Applicable,Not Applicable,Fatal,Rear end,Controlled,Not Applicable,City or Town Road,Bitumen(Tar),Dry,Not Applicable,Clear,MALLAPPA LAYOUT,A,3KM,13.016063,77.720339,0,0,0.0,0.0
Bengaluru City,K.R.Puram Traffic PS,1.04432e+16,2017,1,2,Road Accidents,Cross roads,City/Town,Near or inside a village,Human Error,No,Grievous Injury,Rear end,No signal lights,Others,City or Town Road,Bitumen(Tar),Dry,Not Applicable,Clear,KRISHNA TEMPLE ROAD IN FRONT OF HOUSE A12 GARUDACHAR PALYA,A,7FEET,0.0,0.0,0,0,0.0,0.0
Bengaluru City,K.R.Puram Traffic PS,1.04432e+16,2017,1,2,Road Accidents,Other,City/Town,Open area,Human Error,Yes,Grievous Injury,Head on,Uncontrolled,Others,Two way,Bitumen(Tar),Others,No influence on accident,Others,SERVICE ROAD,SERVICE ROAD,4 KM,0.0,0.0,0,1,0.0,1.0
Bengaluru City,K.R.Puram Traffic PS,1.04432e+16,2017,1,2,Road Accidents,Cross roads,City/Town,Residential area,Human Error,No,Fatal,Rear end,No signal lights,Others,City or Town Road,Bitumen(Tar),Dry,Not Applicable,Clear,R M NAGAR RING ROAD  A S R KALYANA MANTAPA,A,15FEET,0.0,0.0,0,0,0.0,0.0
Bengaluru City,K.R.Puram Traffic PS,1.04432e+16,2017,1,1,Road Accidents,Narrow road,City/Town,Open area,Human Error,Not Applicable,Simple Injury,Rear end,Controlled,Not Applicable,City or Town Road,Bitumen(Tar),Dry,Not Applicable,Clear,KALKERE ROAD,A,3KM,0.0,0.0,0,0,0.0,0.0
Bengaluru City,K.R.Puram Traffic PS,1.04432e+16,2017,1,1,Rail Road Accidents,Narrow road,Not Applicable,Open area,Human Error,Not Applicable,Fatal,Rear end,Controlled,Not Applicable,City or Town Road,Bitumen(Tar),Dry,Not Applicable,Clear,T C PALAY MAIN ROAD,A,3KM,13.015884,77.667947,0,0,0.0,0.0
Bengaluru City,K.R.Puram Traffic PS,1.04432e+16,2017,1,2,Road Accidents,Narrow road,City/Town,Open area,Human Error,Not Applicable,Simple Injury,Rear end,Controlled,Not Applicable,City or Town Road,Bitumen(Tar),Dry,Not Applicable,Clear,K R PURAM DEPO,A,3KM,0.0,0.0,0,0,0.0,0.0
Bengaluru City,K.R.Puram Traffic PS,1.04432e+16,2017,1,2,Rail Road Accidents,Narrow road,Not Applicable,Open area,Human Error,Not Applicable,Damage Only,Rear end,Controlled,Not Applicable,City or Town Road,Bitumen(Tar),Dry,Not Applicable,Clear,DODDANAKUDI,A,5KM,0.0,0.0,0,0,0.0,0.0
Bengaluru City,K.R.Puram Traffic PS,1.04432e+16,2017,1,2,Road Accidents,Junction,City/Town,Near Bus stop,Human Error,Yes,Damage Only,Hit and Run,Signal lights Automatic,Others,City or Town Road,Not Applicable,Dry,Not Applicable,Clear,o m road T C palya signal,A,15FEET,0.0,0.0,0,0,0.0,0.0
Bengaluru City,K.R.Puram Traffic PS,1.04432e+16,2017,1,2,Road Accidents,Narrow road,City/Town,Open area,Human Error,No,Simple Injury,Hit and Run,Controlled,Not Applicable,Two way,Bitumen(Tar),Dry,Not Applicable,Clear,O M ROAD,A,2KM,0.0,0.0,0,0,0.0,0.0
Bengaluru City,K.R.Puram Traffic PS,1.04432e+16,2017,1,1,Road Accidents,Narrow road,City/Town,In bazaar,Vehicle Defect,Yes,Grievous Injury,Hit and Run,Uncontrolled,Hump,City or Town Road,Surfaced,Dry,Not Applicable,Clear,WHITE FIELD ROAD,NEAR FINICS MALL,4 KM,0.0,0.0,0,0,,
Bengaluru City,K.R.Puram Traffic PS,1.04432e+16,2017,1,1,Road Accidents,Bridge,City/Town,Near Bus stop,Human Error,Not Applicable,Grievous Injury,Hit and Run,Give way sign,Not Applicable,City or Town Road,Bitumen(Tar),Dry,Not Applicable,Clear,MAHADEVPURA RING ROAD,A,6KM,0.0,0.0,0,0,0.0,0.0
Bengaluru City,K.R.Puram Traffic PS,1.04432e+16,2017,1,1,Road Accidents,Cross roads,City/Town,Near Bus stop,Human Error,Yes,Grievous Injury,Hit and Run,No signal lights,Curve,City or Town Road,Not Applicable,Dry,Not Applicable,Clear,DEVASANDRA 6TN CROSS K R PURA,A,16FEET,0.0,0.0,0,0,0.0,0.0
Bengaluru City,K.R.Puram Traffic PS,1.04432e+16,2017,1,1,Road Accidents,Not Applicable,City/Town,Residential area,Human Error,Yes,Grievous Injury,Hit and Run,Controlled,Not Applicable,Two way,Bitumen(Tar),Dry,Not Applicable,Clear,M.D PURAM RING ROAD,A,10FEET,0.0,0.0,0,0,0.0,0.0
Bengaluru City,K.R.Puram Traffic PS,1.04432e+16,2017,1,4,Road Accidents,Cross roads,City/Town,In bazaar,Human Error,Not Applicable,Damage Only,Rear end,No signal lights,Curve,City or Town Road,Not Applicable,Dry,Not Applicable,Clear,R M NAGARA ROYAL OAK SHOE ROOM,A,20FEET,0.0,0.0,0,0,0.0,0.0
Bengaluru City,K.R.Puram Traffic PS,1.04432e+16,2017,1,2,Road Accidents,Narrow road,City/Town,Open area,Human Error,Yes,Damage Only,Others,No signal lights,Straight and flat,City or Town Road,Bitumen(Tar),Dry,Not Applicable,Clear,M.D Pura ring road infornt of EMC Square,EMC Sqaure,57feet,0.0,0.0,0,0,0.0,0.0
Bengaluru City,K.R.Puram Traffic PS,1.04432e+16,2017,1,2,Road Accidents,Culvert,Not Applicable,Open area,Human Error,Yes,Damage Only,Hit and Run,Controlled,Not Applicable,City or Town Road,Bitumen(Tar),Dry,Not Applicable,Fine,MAHADEVAPURA  RING ROAD,A,16FEET,0.0,0.0,0,0,0.0,0.0
Bengaluru City,K.R.Puram Traffic PS,1.04432e+16,2017,1,2,Road Accidents,Bridge,City/Town,Open area,Human Error,No,Damage Only,Rear end,No signal lights,Others,City or Town Road,Bitumen(Tar),Dry,Not Applicable,Clear,MAHADEVPURA RING ROAD NEAR DODDANEKUNDI FLAY OVER,DURGA APTS,45FEET,0.0,0.0,0,0,0.0,0.0
Bengaluru City,K.R.Puram Traffic PS,1.04432e+16,2017,1,2,Road Accidents,Other,City/Town,Open area,Human Error,No,Damage Only,Others,Not at  Junction,Others,Others,Concrete,Dry,Not Applicable,Clear,Mahadevapur lowry Under pas,Bridge Wall,6feet,0.0,0.0,0,0,0.0,0.0