DISTRICTNAME,UNITNAME,Crime_No,Year,RI,Noofvehicle_involved,Accident_Classification,Accident_Spot,Accident_Location,Accident_SubLocation,Main_Cause,Hit_Run,Severity,Collision_Type,Junction_Control,Road_Character,Road_Type,Surface_Type,Surface_Condition,Road_Condition,Weather,Accident_Road,Landmark_first,Distance_LandMark_First,Latitude,Longitude,Road_Condition_Score,Surface_Condition_Score,Surface_Type_Score,Road_Risk_Index
Bengaluru City,K.R.Puram Traffic PS,1.04432e+16,2017,1,1,Road Accidents,Narrow road,Rural Areas,Open area,Human Error,Not Applicable,Fatal,Hit and Run,Controlled,Not Applicable,NH,Bitumen(Tar),Dry,Not Applicable,Clear,OM ROAD,A,30FEET,0.0,0.0,0,0,0.0,0.0
Bengaluru City,K.R.Puram Traffic PS,1.04432e+16,2017,1,2,Road Accidents,Other,City/Town,Residential area,Human Error,Yes,Grievous Injury,Head on,Uncontrolled,Others,Two way,Bitumen(Tar),Others,No influence on accident,Wind,BASAVANAPURA MAIN ROAD,BASAVANAPURA MAIN ROAD,5,0.0,0.0,0,1,0.0,1.0
Bengaluru City,K.R.Puram Traffic PS,1.04432e+16,2017,1,1,Road Accidents,Narrow road,Not Applicable,Open area,Human Error,No,Fatal,Rear end,Controlled,Not Applicable,NH,Bitumen(Tar),Dry,No influence on accident,Clear,WHITE FIELD ROAD,A,5KM,0.0,0.0,0,0,0.0,0.0
Bengaluru City,K.R.Puram Traffic PS,1.04432e+16,2017,1,2,Road Accidents,Other,City/Town,Residential area,Human Error,No,Grievous Injury,Head on,Uncontrolled,Others,Two way,Bitumen(Tar),Others,No influence on accident,Clear,DEEPA HOSPITAL ROAD,DEEPA HOSPITAL ROAD,2,0.0,0.0,0,1,0.0,1.0
Bengaluru City,K.R.Puram Traffic PS,1.04432e+16,2017,1,2,Road Accidents,Cross roads,City/Town,Near or inside a village,Human Error,Yes,Simple Injury,Hit and Run,No signal lights,Others,City or Town Road,Bitumen(Tar),Dry,Not Applicable,Clear,OPP MARUTHI TURE VALUE SHOW ROOM M D PURA RINGE ROAD SERVICE ROAD,A,24FEET,12.988784,77.688834,0,0,0.0,0.0
Bengaluru City,K.R.Puram Traffic PS,1.04432e+16,2017,1,1,Road Accidents,Cross roads,City/Town,Residential area,Human Error,Yes,Simple Injury,Hit and Run,No signal lights,Others,City or Town Road,Bitumen(Tar),Dry,Not Applicable,Clear,JAYANTHINAGAR NEAR SHRUNGERI WATER SUPPIY,A,29FEET,0.0,0.0,0,0,0.0,0.0
Bengaluru City,K.R.Puram Traffic PS,1.04432e+16,2017,1,2,Road Accidents,Narrow road,City/Town,Open area,Human Error,Not Applicable,Fatal,Rear end,Controlled,Not Applicable,City or Town Road,Bitumen(Tar),Dry,Not Applicable,Clear,WHITE FIELD ROAD,A,5KM,12.998969,77.673217,0,0,0.0,0.0
Bengaluru City,K.R.Puram Traffic PS,1.04432e+16,2017,1,2,Road Accidents,Narrow road,City/Town,Open area,Human Error,Not Applicable,Damage Only,Rear end,Controlled,Not Applicable,City or Town Road,Bitumen(Tar),Dry,Not Applicable,Clear,CHIKKARAMAIAH,A,3KM,0.0,0.0,0,0,0.0,0.0
Bengaluru City,K.R.Puram Traffic PS,1.04432e+16,2017,1,2,Road Accidents,Narrow road,Not Applicable,Open area,Human Error,Not Applicable,Damage Only,Rear end,Controlled,Not Applicable,City or Town Road,Bitumen(Tar),Dry,Not Applicable,Clear,O M ROAD,A,1KM,0.0,0.0,0,0,0.0,0.0
Bengaluru City,K.R.Puram Traffic PS,1.04432e+16,2017,1,1,Road Accidents,Narrow road,Not Applicable,Open area,Human Error,Not Applicable,Simple Injury,Rear end,Controlled,Not Applicable,City or Town Road,Bitumen(Tar),Dry,Not Applicable,Clear,M D PURA,a,5km,0.0,0.0,0,0,0.0,0.0
Bengaluru City,K.R.Puram Traffic PS,1.04432e+16,2017,1,2,Rail Road Accidents,Narrow road,Not Applicable,Open area,Human Error,Not Applicable,Simple Injury,Hit and Run,Controlled,Not Applicable,City or Town Road,Bitumen(Tar),Dry,Pot holed,Clear,A,A,3KM,0.0,0.0,5,0,0.0,5.0
Bengaluru City,K.R.Puram Traffic PS,1.04432e+16,2017,1,2,Road Accidents,Narrow road,Not Applicable,Open area,Human Error,Not Applicable,Damage Only,Rear end,Controlled,Not Applicable,City or Town Road,Bitumen(Tar),Dry,Not Applicable,Clear,KASTHURINAGAR,a,3km,0.0,0.0,0,0,0.0,0.0
Bengaluru City,K.R.Puram Traffic PS,1.04432e+16,2017,1,2,Road Accidents,Narrow road,Not Applicable,Open area,Human Error,Not Applicable,Simple Injury,Rear end,Controlled,Not Applicable,City or Town Road,Bitumen(Tar),Dry,Not Applicable,Clear,Devasandra,A,2,0.0,0.0,0,0,0.0,0.0
Bengaluru City,K.R.Puram Traffic PS,1.04432e+16,2017,1,2,Road Accidents,Cross roads,City/Town,Near or inside a village,Human Error,No,Grievous Injury,Rear end,No signal lights,Curve,City or Town Road,Gravel,Dry,Not Applicable,Clear,CHINNAPPANHLLI MAIN ROAD ELUGRAMMA TEMPLE,A,25FEET,0.0,0.0,0,0,3.0,3.0
Bengaluru City,K.R.Puram Traffic PS,1.04432e+16,2017,1,1,Road Accidents,Narrow road,City/Town,Open area,Human Error,Not Applicable,Grievous Injury,Hit and Run,Controlled,Not Applicable,City or Town Road,Bitumen(Tar),Dry,Not Applicable,Clear,PARVATHI NAGAR MAIN ROAD,A,3KM,0.0,0.0,0,0,0.0,0.0
Bengaluru City,K.R.Puram Traffic PS,1.04432e+16,2017,1,2,Road Accidents,Junction,City/Town,Near Bus stop,Vehicle Defect,Yes,Damage Only,Hit and Run,Uncontrolled,Others,Service Road,Surfaced,Dry,Not Applicable,Clear,"O M ROAD, BHATTARAHALLI SERVICE ROAD",BHATTARAHALLI SIGNAL SERVICE ROAD,2 KM,0.0,0.0,0,0,,
Bengaluru City,K.R.Puram Traffic PS,1.04432e+16,2017,1,1,Road Accidents,Other,City/Town,Residential area,Human Error,No,Grievous Injury,Head on,Uncontrolled,Straight and flat,Arterial,Bitumen(Tar),Others,No influence on accident,Clear,RM NAGAR,RM NAGAR MAIN ROAD,5,0.0,0.0,0,1,0.0,1.0
Bengaluru City,K.R.Puram Traffic PS,1.04432e+16,2017,1,2,Road Accidents,Cross roads,City/Town,Residential area,Human Error,Yes,Damage Only,Hit and Run,No signal lights,Others,City or Town Road,Bitumen(Tar),Dry,Not Applicable,Clear,M D PUR RINGE ROAD NEAR TOTAL MALL,A,18FEET,0.0,0.0,0,0,0.0,0.0
Bengaluru City,K.R.Puram Traffic PS,1.04432e+16,2017,1,2,Road Accidents,Cross roads,City/Town,Near Bus stop,Human Error,No,Damage Only,Rear end,No signal lights,Not Applicable,City or Town Road,Bitumen(Tar),Dry,Not Applicable,Clear,WHITE FILED ROAD  NEAR I T P L ROAD,A,24FEET,0.0,0.0,0,0,0.0,0.0
Bengaluru City,K.R.Puram Traffic PS,1.04432e+16,2017,1,1,Road Accidents,Curves,City/Town,In bazaar,Human Error,Yes,Fatal,Hit and Run,Not at  Junction,Curve,City or Town Road,Surfaced,Dry,Not Applicable,Clear,"T C Palya main road, Opp More Mall",a,24,0.0,0.0,0,0,,
Bengaluru City,K.R.Puram Traffic PS,1.04432e+16,2017,1,2,Road Accidents,Narrow road,Not Applicable,Open area,Human Error,Not Applicable,Simple Injury,Rear end,Controlled,Not Applicable,City or Town Road,Bitumen(Tar),Dry,Not Applicable,Clear,O M ROAD,A,2KM,0.0,0.0,0,0,0.0,0.0
Bengaluru City,K.R.Puram Traffic PS,1.04432e+16,2017,1,2,Road Accidents,Cross roads,City/Town,Residential area,Human Error,No,Simple Injury,Rear end,No signal lights,Others,City or Town Road,Bitumen(Tar),Dry,Not Applicable,Clear,O M ROAD NEAR  EVOMA HOTEL,A,20FEET,0.0,0.0,0,0,0.0,0.0
Bengaluru City,K.R.Puram Traffic PS,1.04432e+16,2017,1,2,Road Accidents,Narrow road,City/Town,Residential area,Human Error,Not Applicable,Fatal,Rear end,Controlled,Not Applicable,City or Town Road,Bitumen(Tar),Dry,Not Applicable,Clear,R M NAGAR,A,A,0.0,0.0,0,0,0.0,0.0
Bengaluru City,K.R.Puram Traffic PS,1.04432e+16,2017,1,2,Rail Road Accidents,Narrow road,Not Applicable,Open area,Human Error,Not Applicable,Simple Injury,Rear end,Controlled,Not Applicable,City or Town Road,Bitumen(Tar),Dry,Pot holed,Clear,Devasandra,A,2KM,0.0,0.0,5,0,0.0,5.0
Bengaluru City,K.R.Puram Traffic PS,1.04432e+16,2017,1,2,Road Accidents,Cross roads,City/Town,Near office complex,Human Error,No,Grievous Injury,Rear end,No signal lights,Curve,City or Town Road,Gravel,Dry,Not Applicable,Clear,M D PURA RING ROAD OPP BIMAL SHOW ROOM,A,22FEET,0.0,0.0,0,0,3.0,3.0
Bengaluru City,K.R.Puram Traffic PS,1.04432e+16,2017,1,1,Road Accidents,Narrow road,City/Town,Open area,Human Error,Yes,Grievous Injury,Hit and Run,Not at  Junction,Straight and flat,City or Town Road,Bitumen(Tar),Dry,Not Applicable,Clear,Devasandra main road,Geeth clinc,10,0.0,0.0,0,0,0.0,0.0
Bengaluru City,K.R.Puram Traffic PS,1.04432e+16,2017,1,1,Road Accidents,Not Applicable,City/Town,Near School or College,Human Error,Not Applicable,Grievous Injury,Hit and Run,No signal lights,Others,City or Town Road,Bitumen(Tar),Dry,Not Applicable,Clear,O.M.B.R Layout,A,4kM,0.0,0.0,0,0,0.0,0.0
Bengaluru City,K.R.Puram Traffic PS,1.04432e+16,2017,1,1,Road Accidents,Narrow road,City/Town,Open area,Human Error,Not Applicable,Simple Injury,Rear end,Controlled,Not Applicable,City or Town Road,Bitumen(Tar),Dry,Not Applicable,Clear,WHITE FEILD ROAD,A,5KM,0.0,0.0,0,0,0.0,0.0
Bengaluru City,K.R.Puram Traffic PS,1.04432e+16,2017,1,1,Road Accidents,Narrow road,City/Town,Near Bus stop,Human Error,No,Grievous Injury,Rear end,No signal lights,Not Applicable,NH,Surfaced,Not Applicable,Not Applicable,Clear,"Old Madras road, Near ITI KEB Office",a,38,0.0,0.0,0,0,,
Bengaluru City,K.R.Puram Traffic PS,1.04432e+16,2017,1,1,Rail Road Accidents,Narrow road,City/Town,Open area,Human Error,Not Applicable,Simple Injury,Rear end,Controlled,Not Applicable,City or Town Road,Bitumen(Tar),Dry,Not Applicable,Clear,O M ROAD,A,3KM,0.0,0.0,0,0,0.0,0.0
Bengaluru City,K.R.Puram Traffic PS,1.04432e+16,2017,1,2,Road Accidents,Narrow road,City/Town,Open area,Human Error,Not Applicable,Simple Injury,Rear end,Controlled,Not Applicable,City or Town Road,Bitumen(Tar),Dry,Not Applicable,Clear,WHITE FIELD MAIN ROAD,A,5KM,0.0,0.0,0,0,0.0,0.0
Bengaluru City,K.R.Puram Traffic PS,1.04432e+16,2017,1,1,Road Accidents,Narrow road,City/Town,Open area,Human Error,Not Applicable,Simple Injury,Rear end,Controlled,Not Applicable,City or Town Road,Bitumen(Tar),Dry,Not Applicable,Clear,WHITE FIELD ROAD,A,5KM,0.0,0.0,0,0,0.0,0.0
Bengaluru City,K.R.Puram Traffic PS,1.04432e+16,2017,1,2,Road Accidents,Narrow road,Not Applicable,Open area,Human Error,Not Applicable,Simple Injury,Rear end,Controlled,Not Applicable,City or Town Road,Bitumen(Tar),Dry,Not Applicable,Clear,M D PURA,A,5KM,0.0,0.0,0,0,0.0,0.0
Bengaluru City,K.R.Puram Traffic PS,1.04432e+16,2017,1,3,Road Accidents,Narrow road,City/Town,Open area,Human Error,Not Applicable,Damage Only,Rear end,Not at  Junction,Straight and flat,Arterial,Bitumen(Tar),Dry,Not Applicable,Clear,MAHADEVPURA RING ROAD NEAR BIG BASKET,M D PURA,30,0.0,0.0,0,0,0.0,0.0
Bengaluru City,K.R.Puram Traffic PS,1.04432e+16,2017,1,2,Road Accidents,Cross roads,City/Town,In bazaar,Human Error,No,Grievous Injury,Rear end,No signal lights,Curve,City or Town Road,Not Applicable,Dry,Not Applicable,Clear,white field road rajpalyain front of 5star chiken stall,A,24FEET,0.0,0.0,0,0,0.0,0.0
Bengaluru City,K.R.Puram Traffic PS,1.04432e+16,2017,1,1,Road Accidents,Cross roads,City/Town,Near or inside a village,Human Error,Yes,Grievous Injury,Rear end,No signal lights,Not Applicable,Two way,Gravel,Dry,Not Applicable,Clear,887 jayalakshmi nilaya 6th A MAIN 8TH  croosOMBR LAYOUT  banaswade,A,13FEET,0.0,0.0,0,0,3.0,3.0
Bengaluru City,K.R.Puram Traffic PS,1.04432e+16,2017,1,1,Not Applicable,Other,City/Town,Near Bus stop,Human Error,Not Applicable,Grievous Injury,Hit and Run,Controlled,Others,City or Town Road,Bitumen(Tar),Dry,Not Applicable,Clear,KR PURAM RALIWAY STATION,A,4KM,0.0,0.0,0,0,0.0,0.0
Bengaluru City,K.R.Puram Traffic PS,1.04432e+16,2017,1,2,Road Accidents,Cross roads,City/Town,Near Bus stop,Human Error,Yes,Damage Only,Hit and Run,No signal lights,Not Applicable,City or Town Road,Not Applicable,Dry,Not Applicable,Clear,O M ROAD NEAR M M TEMPLE,A,20FEET,0.0,0.0,0,0,0.0,0.0
Bengaluru City,K.R.Puram Traffic PS,1.04432e+16,2017,1,1,Road Accidents,Other,City/Town,Residential area,Human Error,No,Grievous Injury,Head on,Uncontrolled,Others,City or Town Road,Surfaced,Dry,Not Applicable,Fine,Goshala Road,1,16,0.0,0.0,0,0,,
Bengaluru City,K.R.Puram Traffic PS,1.04432e+16,2017,1,1,Road Accidents,Other,City/Town,Residential area,Vehicle Defect,Yes,Simple Injury,Hit pedestrian,Not Applicable,Others,City or Town Road,Surfaced,Dry,Not Applicable,Fine,Vijaya Bank Colony road,a,18,0.0,0.0,0,0,,
Bengaluru City,K.R.Puram Traffic PS,1.04432e+16,2017,1,2,Road Accidents,Narrow road,City/Town,Near Bus stop,Human Error,No,Damage Only,Rear end,Uncontrolled,Others,Two way,Bitumen(Tar),Others,No influence on accident,Others,RING ROAD,RING ROAD,1 KM,0.0,0.0,0,1,0.0,1.0
Bengaluru City,K.R.Puram Traffic PS,1.04432e+16,2017,1,2,Not Applicable,Other,City/Town,Residential area,Human Error,Not Applicable,Grievous Injury,Hit and Run,No signal lights,Others,City or Town Road,Bitumen(Tar),Dry,Not Applicable,Clear,Hoodi Road Ayyappanagara,A,5KM,0.0,0.0,0,0,0.0,0.0
Bengaluru City,K.R.Puram Traffic PS,1.04432e+16,2017,1,1,Rail Road Accidents,Narrow road,Not Applicable,Open area,Human Error,Not Applicable,Simple Injury,Hit and Run,Controlled,Not Applicable,City or Town Road,Bitumen(Tar),Dry,Not Applicable,Clear,R M NAGAR,A,3KM,0.0,0.0,0,0,0.0,0.0
Bengaluru City,K.R.Puram Traffic PS,1.04432e+16,2017,1,2,Road Accidents,Narrow road,Not Applicable,Open area,Human Error,No,Simple Injury,Rear end,Controlled,Not Applicable,City or Town Road,Bitumen(Tar),Dry,No influence on accident,Clear,O M ROAD,A,2KM,0.0,0.0,0,0,0.0,0.0
Bengaluru City,K.R.Puram Traffic PS,1.04432e+16,2017,1,2,Road Accidents,Narrow road,City/Town,Residential area,Human Error,Not Applicable,Simple Injury,Rear end,Controlled,Not Applicable,City or Town Road,Bitumen(Tar),Dry,Not Applicable,Clear,KALALERA,A,4KM,0.0,0.0,0,0,0.0,0.0
Bengaluru City,K.R.Puram Traffic PS,1.04432e+16,2017,1,2,Road Accidents,Junction,City/Town,Residential area,Human Error,No,Damage Only,Rear end,Controlled,Others,Others,Bitumen(Tar),Others,No influence on accident,Clear,R M NAGAR JUNCTION,RM NAGAR JUNCTION,3,0.0,0.0,0,1,0.0,1.0
Bengaluru City,K.R.Puram Traffic PS,1.04432e+16,2017,1,2,Road Accidents,Narrow road,City/Town,Open area,Human Error,Not Applicable,Simple Injury,Rear end,Controlled,Not Applicable,City or Town Road,Bitumen(Tar),Dry,Not Applicable,Clear,M D PURA RING ROAD,A,3KM,0.0,0.0,0,0,0.0,0.0
Bengaluru City,K.R.Puram Traffic PS,1.04432e+16,2017,1,2,Road Accidents,Narrow road,City/Town,Open area,Human Error,Not Applicable,Simple Injury,Rear end,Controlled,Crest of hill,City or Town Road,Bitumen(Tar),Dry,Construction Work / Material,Clear,O M  ROAD,A,3KM,0.0,0.0,2,0,0.0,2.0
Bengaluru City,K.R.Puram Traffic PS,1.04432e+16,2017,1,2,Road Accidents,Cross roads,City/Town,Near School or College,Human Error,No,Simple Injury,Rear end,No signal lights,Others,City or Town Road,Bitumen(Tar),Dry,Not Applicable,Clear,O M ROAD CAMBRIDGE COLLEGE,A,34FEET,0.0,0.0,0,0,0.0,0.0
Bengaluru City,K.R.Puram Traffic PS,1.04432e+16,2017,1,2,Road Accidents,Narrow road,City/Town,Near Bus stop,Human Error,Yes,Fatal,Hit and Run,Not at  Junction,Straight and flat,One way,Surfaced,Dry,Not Applicable,Fine,"OLD MADRAS ROAD, ITI SERVICE ROAD",1,30,13.006327,77.686948,0,0,,
Bengaluru City,K.R.Puram Traffic PS,1.04432e+16,2017,1,2,Rail Road Accidents,Narrow road,Not Applicable,Open area,Human Error,Not Applicable,Fatal,Rear end,Controlled,Not Applicable,City or Town Road,Bitumen(Tar),Dry,Not Applicable,Clear,O M ROAD,A,2KM,13.005895,77.686142,0,0,0.0,0.0
Bengaluru City,K.R.Puram Traffic PS,1.04432e+16,2017,1,2,Road Accidents,Cross roads,City/Town,Residential area,Human Error,No,Damage Only,Rear end,No signal lights,Others,City or Town Road,Bitumen(Tar),Dry,Not Applicable,Clear,O M ROAD NEAR SYNDICATE BANK,A,12FEET,0.0,0.0,0,0,0.0,0.0
Bengaluru City,K.R.Puram Traffic PS,1.04432e+16,2017,1,2,Road Accidents,Narrow road,City/Town,Open area,Human Error,No,Fatal,Hit and Run,Controlled,Not Applicable,City or Town Road,Bitumen(Tar),Dry,Not Applicable,Clear,R M NAGAR,A,3KM,13.00342,77.663182,0,0,0.0,0.0
Bengaluru City,K.R.Puram Traffic PS,1.04432e+16,2017,1,1,Road Accidents,Narrow road,City/Town,Open area,Human Error,Not Applicable,Damage Only,Rear end,Controlled,Not Applicable,City or Town Road,Bitumen(Tar),Dry,Not Applicable,Clear,VIJANAPUR,A,4KM,0.0,0.0,0,0,0.0,0.0
Bengaluru City,K.R.Puram Traffic PS,1.04432e+16,2017,1,1,Rail Road Accidents,Narrow road,Not Applicable,Open area,Human Error,Not Applicable,Simple Injury,Rear end,Controlled,Not Applicable,City or Town Road,Bitumen(Tar),Dry,Not Applicable,Clear,KASTHURINAGAR,A,3KM,0.0,0.0,0,0,0.0,0.0
Bengaluru City,K.R.Puram Traffic PS,1.04432e+16,2017,1,1,Rail Road Accidents,Narrow road,Not Applicable,Open area,Human Error,Not Applicable,Simple Injury,Rear end,Controlled,Not Applicable,City or Town Road,Bitumen(Tar),Dry,Pot holed,Clear,O M ROAD,A,2KM,0.0,0.0,5,0,0.0,5.0
Bengaluru City,K.R.Puram Traffic PS,1.04432e+16,2017,1,2,Rail Road Accidents,Narrow road,City/Town,Open area,Human Error,Not Applicable,Simple Injury,Rear end,Controlled,Not Applicable,City or Town Road,Bitumen(Tar),Dry,Not Applicable,Clear,ITI COLONY MAIN ROAD,A,2KM,0.0,0.0,0,0,0.0,0.0
Bengaluru City,K.R.Puram Traffic PS,1.04432e+16,2017,1,3,Road Accidents,Narrow road,Not Applicable,Open area,Human Error,Not Applicable,Damage Only,Rear end,Controlled,Not Applicable,City or Town Road,Bitumen(Tar),Dry,Not Applicable,Clear,WHIT FILD ROAD,A,5KM,0.0,0.0,0,0,0.0,0.0
Bengaluru City,K.R.Puram Traffic PS,1.04432e+16,2017,1,2,Road Accidents,Narrow road,Not Applicable,Open area,Human Error,Not Applicable,Simple Injury,Hit and Run,Controlled,Not Applicable,City or Town Road,Bitumen(Tar),Dry,Not Applicable,Clear,M D PURA RING ROAD,a,3km,0.0,0.0,0,0,0.0,0.0
Bengaluru City,K.R.Puram Traffic PS,1.04432e+16,2017,1,2,Road Accidents,Not Applicable,City/Town,Near School or College,Human Error,Not Applicable,Damage Only,Hit and Run,Controlled,Others,City or Town Road,Bitumen(Tar),Dry,Not Applicable,Clear,OLD MADRAS ROAD,A,4KM,0.0,0.0,0,0,0.0,0.0
Bengaluru City,K.R.Puram Traffic PS,1.04432e+16,2017,1,2,Road Accidents,Narrow road,City/Town,Near School or College,Human Error,Not Applicable,Simple Injury,Hit and Run,Controlled,Not Applicable,NH,Bitumen(Tar),Dry,Not Applicable,Fine,OLD MADRAS ROAD,A,5KM,0.0,0.0,0,0,0.0,0.0
Bengaluru City,K.R.Puram Traffic PS,1.04432e+16,2017,1,1,Road Accidents,Cross roads,City/Town,Near Bus stop,Human Error,No,Grievous Injury,Rear end,No signal lights,Curve,City or Town Road,Not Applicable,Dry,Not Applicable,Clear,O MROAD INFORNT OF RAVANI TIMBARS,A,14FEET,0.0,0.0,0,0,0.0,0.0
Bengaluru City,K.R.Puram Traffic PS,1.04432e+16,2017,1,1,Road Accidents,Not Applicable,City/Town,Open area,Vehicle Defect,Yes,Fatal,Others,No signal lights,Not Applicable,Two way,Surfaced,Dry,Not Applicable,Others,RAJPALYA WHITE FIELD MAIN ROAD,A,30FEET,0.0,0.0,0,0,,
Bengaluru City,K.R.Puram Traffic PS,1.04432e+16,2017,1,1,Road Accidents,Cross roads,City/Town,Near a factory industrial area,Human Error,Not Applicable,Damage Only,Hit and Run,Controlled,Not Applicable,Two way,Bitumen(Tar),Dry,Not Applicable,Fine,GRAPHITE INDIA ROAD,A,4KM,0.0,0.0,0,0,0.0,0.0
Bengaluru City,K.R.Puram Traffic PS,1.04432e+16,2017,1,1,Road Accidents,Narrow road,City/Town,Near a religious place,Human Error,Yes,Simple Injury,Hit and Run,Not at  Junction,Not Applicable,City or Town Road,Surfaced,Dry,Not Applicable,Clear,"R M Nagara main road, Near Church",A,8,0.0,0.0,0,0,,
Bengaluru City,K.R.Puram Traffic PS,1.04432e+16,2017,1,2,Road Accidents,Cross roads,City/Town,Near Hospital,Human Error,No,Grievous Injury,Rear end,No signal lights,Curve,City or Town Road,Gravel,Dry,Not Applicable,Clear,M D PURA RING ROAD NEAR RAINBOW HOSPITAL,A,B,0.0,0.0,0,0,3.0,3.0
Bengaluru City,K.R.Puram Traffic PS,1.04432e+16,2017,1,2,Road Accidents,Cross roads,City/Town,Near Hospital,Vehicle Defect,Yes,Grievous Injury,Rear end,No signal lights,Others,City or Town Road,Gravel,Dry,Not Applicable,Others,R M NAGARA MIAN ROAD MANIPALHOSPITAL,A,28FEET,0.0,0.0,0,0,3.0,3.0
Bengaluru City,K.R.Puram Traffic PS,1.04432e+16,2017,1,1,Road Accidents,Cross roads,City/Town,At pedestrian Crossing,Human Error,Yes,Grievous Injury,Rear end,No signal lights,Others,City or Town Road,Gravel,Dry,Not Applicable,Clear,R M NAGARA 6TH CROSS SONNAPPA LAYOUT PROVISION STORE,A,16FEET,0.0,0.0,0,0,3.0,3.0
Bengaluru City,K.R.Puram Traffic PS,1.04432e+16,2017,1,1,Road Accidents,Cross roads,City/Town,Near office complex,Human Error,No,Grievous Injury,Rear end,No signal lights,Others,City or Town Road,Gravel,Dry,Not Applicable,Clear,WHITE FIELD ROAD NEAR KEB OFFICE,A,18FEET,0.0,0.0,0,0,3.0,3.0
Bengaluru City,K.R.Puram Traffic PS,1.04432e+16,2017,1,1,Road Accidents,Cross roads,City/Town,Near Bus stop,Human Error,Yes,Grievous Injury,Rear end,No signal lights,Others,City or Town Road,Gravel,Dry,Not Applicable,Clear,O M ROAD NEAR HOSAKOTE BUS STOP,A,26FEET,0.0,0.0,0,0,3.0,3.0
Bengaluru City,K.R.Puram Traffic PS,1.04432e+16,2017,1,2,Road Accidents,Narrow road,City/Town,Open area,Human Error,No,Grievous Injury,Head on,Uncontrolled,Others,Two way,Bitumen(Tar),Others,No influence on accident,Clear,RING ROAD,RING ROAD,1,0.0,0.0,0,1,0.0,1.0
Bengaluru City,K.R.Puram Traffic PS,1.04432e+16,2017,1,2,Road Accidents,Narrow road,Not Applicable,Near a factory industrial area,Human Error,Not Applicable,Simple Injury,Rear end,Controlled,Not Applicable,City or Town Road,Bitumen(Tar),Dry,Not Applicable,Clear,WHITE FIELD MAIN ROAD,A,5KM,0.0,0.0,0,0,0.0,0.0
Bengaluru City,K.R.Puram Traffic PS,1.04432e+16,2017,1,2,Road Accidents,T Junction,City/Town,In bazaar,Human Error,No,Damage Only,Head on,Uncontrolled,Straight and flat,Two way,Bitumen(Tar),Others,No influence on accident,Others,RING ROAD,RING ROAD,3,0.0,0.0,0,1,0.0,1.0
Bengaluru City,K.R.Puram Traffic PS,1.04432e+16,2017,1,1,Road Accidents,Cross roads,City/Town,Residential area,Human Error,No,Simple Injury,Rear end,No signal lights,Others,City or Town Road,Bitumen(Tar),Dry,Not Applicable,Clear,O M ROAD NEAR EVOMA HOTEL,A,20FEET,0.0,0.0,0,0,0.0,0.0
Bengaluru City,K.R.Puram Traffic PS,1.04432e+16,2017,1,2,Road Accidents,Narrow road,City/Town,Open area,Human Error,Not Applicable,Damage Only,Rear end,Controlled,Not Applicable,City or Town Road,Bitumen(Tar),Dry,Construction Work / Material,Clear,O M ROAD,A,2KM,0.0,0.0,2,0,0.0,2.0
Bengaluru City,K.R.Puram Traffic PS,1.04432e+16,2017,1,2,Road Accidents,Cross roads,City/Town,Residential area,Human Error,No,Damage Only,Rear end,No signal lights,Others,City or Town Road,Bitumen(Tar),Dry,Not Applicable,Clear,M D PURA RING ROAD NEAR RENULT SHOW ROOM,A,12FEET,0.0,0.0,0,0,0.0,0.0
Bengaluru City,K.R.Puram Traffic PS,1.04432e+16,2017,1,2,Rail Road Accidents,Narrow road,Not Applicable,Open area,Human Error,Not Applicable,Fatal,Rear end,Controlled,Not Applicable,City or Town Road,Bitumen(Tar),Dry,Not Applicable,Clear,O M ROAD,A,2KM,13.004565,77.684053,0,0,0.0,0.0
Bengaluru City,K.R.Puram Traffic PS,1.04432e+16,2017,1,1,Road Accidents,Narrow road,Not Applicable,Open area,Human Error,Not Applicable,Simple Injury,Others,Controlled,Not Applicable,City or Town Road,Bitumen(Tar),Dry,Not Applicable,Clear,"Rajrshawri road no147, j c layout",A,3KM,0.0,0.0,0,0,0.0,0.0
Bengaluru City,K.R.Puram Traffic PS,1.04432e+16,2017,1,2,Road Accidents,Narrow road,Not Applicable,Open area,Human Error,Not Applicable,Simple Injury,Rear end,Controlled,Not Applicable,City or Town Road,Bitumen(Tar),Dry,Not Applicable,Clear,BASAVANAPUR,A,3KM,0.0,0.0,0,0,0.0,0.0
Bengaluru City,K.R.Puram Traffic PS,1.04432e+16,2017,1,1,Road Accidents,Cross roads,City/Town,Near office complex,Human Error,No,Grievous Injury,Rear end,No signal lights,Curve,City or Town Road,Not Applicable,Dry,Not Applicable,Clear,WHITE FIELD ROAD OPP TO APP BUILDING,A,25FEET,0.0,0.0,0,0,0.0,0.0
Bengaluru City,K.R.Puram Traffic PS,1.04432e+16,2017,1,1,Road Accidents,Narrow road,City/Town,In bazaar,Human Error,No,Fatal,Hit pedestrian,Uncontrolled,Not Applicable,NH,Surfaced,Dry,Not Applicable,Clear,"O M road, Syndicate bank",a,29,13.009011,77.696625,0,0,,
Bengaluru City,K.R.Puram Traffic PS,1.04432e+16,2017,1,1,Road Accidents,Narrow road,City/Town,Open area,Human Error,Not Applicable,Simple Injury,Hit and Run,Controlled,Not Applicable,City or Town Road,Bitumen(Tar),Dry,Not Applicable,Clear,O M ROAD,A,2KM,0.0,0.0,0,0,0.0,0.0
Bengaluru City,K.R.Puram Traffic PS,1.04432e+16,2017,1,2,Road Accidents,Culvert,City/Town,Narrow bridge or culverts,Vehicle Defect,Not Applicable,Damage Only,Hit and Run,Controlled,Not Applicable,City or Town Road,Bitumen(Tar),Dry,Not Applicable,Clear,"PAI LAYOUT ROAD, TIN FACTORY UDAY NAGAR",A,4KM,0.0,0.0,0,0,0.0,0.0