DISTRICTNAME,UNITNAME,Crime_No,Year,RI,Noofvehicle_involved,Accident_Classification,Accident_Spot,Accident_Location,Accident_SubLocation,Main_Cause,Hit_Run,Severity,Collision_Type,Junction_Control,Road_Character,Road_Type,Surface_Type,Surface_Condition,Road_Condition,Weather,Accident_Road,Landmark_first,Distance_LandMark_First,Latitude,Longitude,Road_Condition_Score,Surface_Condition_Score,Surface_Type_Score,Road_Risk_Index
Bengaluru City,K.R.Puram Traffic PS,1.04432e+16,2018,1,2,Road Accidents,Narrow road,Not Applicable,Open area,Human Error,Not Applicable,Damage Only,Rear end,Controlled,Not Applicable,City or Town Road,Bitumen(Tar),Dry,Not Applicable,Clear,O M  ROAD,A,4KM,0.0,0.0,0,0,0.0,0.0
Bengaluru City,K.R.Puram Traffic PS,1.04432e+16,2018,1,1,Road Accidents,Narrow road,Not Applicable,Open area,Human Error,Not Applicable,Simple Injury,Hit and Run,Controlled,Not Applicable,City or Town Road,Bitumen(Tar),Dry,Not Applicable,Clear,r m nagar,a,2km,0.0,0.0,0,0,0.0,0.0
Bengaluru City,K.R.Puram Traffic PS,1.04432e+16,2018,1,2,Road Accidents,Other,City/Town,Residential area,Human Error,Yes,Grievous Injury,Hit and Run,No signal lights,Curve,Others,Not Applicable,Dry,Not Applicable,Clear,O M ROAD I YAMHA SHO ROOM,A,3 FEET,0.0,0.0,0,0,0.0,0.0
Bengaluru City,K.R.Puram Traffic PS,1.04432e+16,2018,1,2,Road Accidents,Narrow road,Not Applicable,Open area,Human Error,Not Applicable,Grievous Injury,Rear end,Controlled,Not Applicable,City or Town Road,Bitumen(Tar),Dry,Not Applicable,Clear,R M NAGAR,A,2KM,0.0,0.0,0,0,0.0,0.0
Bengaluru City,K.R.Puram Traffic PS,1.04432e+16,2018,1,2,Road Accidents,Narrow road,Not Applicable,Open area,Human Error,Not Applicable,Fatal,Hit and Run,Controlled,Not Applicable,City or Town Road,Bitumen(Tar),Dry,Not Applicable,Clear,Chanisandra Main Road,a,4km,13.040245,77.677643,0,0,0.0,0.0
Bengaluru City,K.R.Puram Traffic PS,1.04432e+16,2018,1,2,Road Accidents,Narrow road,Not Applicable,Open area,Human Error,Not Applicable,Damage Only,Rear end,Controlled,Not Applicable,City or Town Road,Bitumen(Tar),Dry,Not Applicable,Clear,O M ROAD,A,3KM,0.0,0.0,0,0,0.0,0.0
Bengaluru City,K.R.Puram Traffic PS,1.04432e+16,2018,1,2,Road Accidents,Narrow road,Not Applicable,Open area,Human Error,Not Applicable,Grievous Injury,Rear end,Controlled,Not Applicable,City or Town Road,Bitumen(Tar),Dry,Not Applicable,Clear,AYYAPPANAGAR,A,3KM,0.0,0.0,0,0,0.0,0.0
Bengaluru City,K.R.Puram Traffic PS,1.04432e+16,2018,1,2,Road Accidents,Narrow road,Not Applicable,Open area,Human Error,No,Simple Injury,Hit and Run,Controlled,Not Applicable,City or Town Road,Bitumen(Tar),Dry,Not Applicable,Clear,KASTHURINAGAR,A,3KM,0.0,0.0,0,0,0.0,0.0
Bengaluru City,K.R.Puram Traffic PS,1.04432e+16,2018,1,2,Road Accidents,Narrow road,Not Applicable,Open area,Human Error,Not Applicable,Simple Injury,Rear end,Controlled,Not Applicable,City or Town Road,Bitumen(Tar),Dry,Not Applicable,Clear,o m road,a,3km,0.0,0.0,0,0,0.0,0.0
Bengaluru City,K.R.Puram Traffic PS,1.04432e+16,2018,1,2,Road Accidents,Narrow road,Not Applicable,Open area,Human Error,Not Applicable,Damage Only,Rear end,Controlled,Not Applicable,City or Town Road,Bitumen(Tar),Dry,Not Applicable,Clear,O M ROAD,A,2KM,0.0,0.0,0,0,0.0,0.0
Bengaluru City,K.R.Puram Traffic PS,1.04432e+16,2018,1,2,Road Accidents,Narrow road,Not Applicable,Open area,Human Error,Not Applicable,Simple Injury,Rear end,Controlled,Not Applicable,City or Town Road,Bitumen(Tar),Dry,Not Applicable,Clear,DOddanakundi,a,3km,0.0,0.0,0,0,0.0,0.0
Bengaluru City,K.R.Puram Traffic PS,1.04432e+16,2018,1,2,Road Accidents,Narrow road,Not Applicable,Open area,Human Error,Not Applicable,Damage Only,Rear end,Controlled,Not Applicable,City or Town Road,Bitumen(Tar),Dry,Not Applicable,Clear,ITI COLONY,A,2KM,0.0,0.0,0,0,0.0,0.0
Bengaluru City,K.R.Puram Traffic PS,1.04432e+16,2018,1,2,Road Accidents,Narrow road,Not Applicable,Open area,Human Error,Not Applicable,Fatal,Rear end,Controlled,Not Applicable,City or Town Road,Bitumen(Tar),Dry,Not Applicable,Clear,WHITE FIELD ROAD,A,5KM,13.000356,77.683344,0,0,0.0,0.0
Bengaluru City,K.R.Puram Traffic PS,1.04432e+16,2018,1,2,Road Accidents,Narrow road,City/Town,Open area,Human Error,Not Applicable,Simple Injury,Rear end,Controlled,Not Applicable,City or Town Road,Bitumen(Tar),Dry,Not Applicable,Clear,R M NAGAR,A,4KM,0.0,0.0,0,0,0.0,0.0
Bengaluru City,K.R.Puram Traffic PS,1.04432e+16,2018,1,1,Road Accidents,Narrow road,Not Applicable,Open area,Human Error,Not Applicable,Simple Injury,Hit and Run,Controlled,Not Applicable,City or Town Road,Bitumen(Tar),Dry,Not Applicable,Clear,M D PURA,A,5KM,0.0,0.0,0,0,0.0,0.0
Bengaluru City,K.R.Puram Traffic PS,1.04432e+16,2018,1,2,Road Accidents,Narrow road,Not Applicable,Open area,Human Error,No,Simple Injury,Rear end,Controlled,Not Applicable,City or Town Road,Bitumen(Tar),Dry,Not Applicable,Clear,Channasandra road,a,4km,0.0,0.0,0,0,0.0,0.0
Bengaluru City,K.R.Puram Traffic PS,1.04432e+16,2018,1,2,Road Accidents,Other,City/Town,Residential area,Human Error,Yes,Damage Only,Hit and Run,No signal lights,Others,City or Town Road,Not Applicable,Dry,Not Applicable,Clear,W F ROAD NEAR HONDIE SARVES SENTAR,A,6 FEET,0.0,0.0,0,0,0.0,0.0
Bengaluru City,K.R.Puram Traffic PS,1.04432e+16,2018,1,2,Road Accidents,Narrow road,Not Applicable,Open area,Human Error,Not Applicable,Grievous Injury,Hit and Run,Controlled,Not Applicable,City or Town Road,Bitumen(Tar),Dry,Not Applicable,Clear,O M ROAD,A,3KM,0.0,0.0,0,0,0.0,0.0
Bengaluru City,K.R.Puram Traffic PS,1.04432e+16,2018,1,2,Road Accidents,Narrow road,Not Applicable,Open area,Human Error,Not Applicable,Simple Injury,Hit and Run,Controlled,Not Applicable,City or Town Road,Bitumen(Tar),Dry,Not Applicable,Clear,O M ROAD,A,3KM,0.0,0.0,0,0,0.0,0.0
Bengaluru City,K.R.Puram Traffic PS,1.04432e+16,2018,1,2,Road Accidents,Narrow road,City/Town,Open area,Human Error,Not Applicable,Simple Injury,Hit and Run,Controlled,Not Applicable,City or Town Road,Bitumen(Tar),Dry,Not Applicable,Not Applicable,O M RING ROAD,a,2km,0.0,0.0,0,0,0.0,0.0
Bengaluru City,K.R.Puram Traffic PS,1.04432e+16,2018,1,2,Road Accidents,Narrow road,Not Applicable,Open area,Human Error,Not Applicable,Simple Injury,Hit and Run,Controlled,Not Applicable,City or Town Road,Bitumen(Tar),Dry,Not Applicable,Clear,T C PALAYA,A,3KM,0.0,0.0,0,0,0.0,0.0
Bengaluru City,K.R.Puram Traffic PS,1.04432e+16,2018,1,1,Road Accidents,Narrow road,Not Applicable,Open area,Human Error,Not Applicable,Grievous Injury,Hit and Run,Controlled,Not Applicable,City or Town Road,Bitumen(Tar),Dry,Not Applicable,Clear,o m road,a,5km,0.0,0.0,0,0,0.0,0.0
Bengaluru City,K.R.Puram Traffic PS,1.04432e+16,2018,1,2,Road Accidents,Narrow road,City/Town,Open area,Human Error,Not Applicable,Simple Injury,Rear end,Controlled,Not Applicable,City or Town Road,Bitumen(Tar),Dry,Not Applicable,Clear,O M ROAD,A,B,0.0,0.0,0,0,0.0,0.0
Bengaluru City,K.R.Puram Traffic PS,1.04432e+16,2018,1,1,Road Accidents,Narrow road,Not Applicable,Open area,Human Error,No,Grievous Injury,Rear end,Controlled,Not Applicable,City or Town Road,Bitumen(Tar),Dry,Not Applicable,Clear,O M ROAD,A,3KM,0.0,0.0,0,0,0.0,0.0
Bengaluru City,K.R.Puram Traffic PS,1.04432e+16,2018,1,2,Road Accidents,Narrow road,Not Applicable,Open area,Human Error,Not Applicable,Damage Only,Rear end,Controlled,Not Applicable,City or Town Road,Bitumen(Tar),Dry,Not Applicable,Clear,O M ROAD,A,3KM,0.0,0.0,0,0,0.0,0.0
Bengaluru City,K.R.Puram Traffic PS,1.04432e+16,2018,1,1,Road Accidents,Narrow road,Not Applicable,Open area,Human Error,Not Applicable,Grievous Injury,Hit and Run,Controlled,Not Applicable,City or Town Road,Bitumen(Tar),Dry,Not Applicable,Clear,"3ND CROSS, HOYSALNAGAR",A,3KM,0.0,0.0,0,0,0.0,0.0
Bengaluru City,K.R.Puram Traffic PS,1.04432e+16,2018,1,2,Road Accidents,Narrow road,Not Applicable,Open area,Human Error,Not Applicable,Simple Injury,Rear end,Controlled,Not Applicable,City or Town Road,Bitumen(Tar),Dry,Not Applicable,Clear,O M ROAD T C PALYA MAIN ROAD,A,2KM,0.0,0.0,0,0,0.0,0.0
Bengaluru City,K.R.Puram Traffic PS,1.04432e+16,2018,1,2,Road Accidents,Narrow road,Not Applicable,Open area,Human Error,Not Applicable,Simple Injury,Hit and Run,Controlled,Not Applicable,City or Town Road,Bitumen(Tar),Dry,Not Applicable,Clear,O M,A,3KM,0.0,0.0,0,0,0.0,0.0
Bengaluru City,K.R.Puram Traffic PS,1.04432e+16,2018,1,2,Road Accidents,Narrow road,Not Applicable,Open area,Human Error,Not Applicable,Fatal,Rear end,Controlled,Not Applicable,City or Town Road,Bitumen(Tar),Dry,Not Applicable,Clear,WHITE FEILD ROAD,a,5km,12.993047,77.706194,0,0,0.0,0.0
Bengaluru City,K.R.Puram Traffic PS,1.04432e+16,2018,1,2,Road Accidents,Narrow road,Not Applicable,Open area,Human Error,Not Applicable,Simple Injury,Hit and Run,Controlled,Not Applicable,City or Town Road,Bitumen(Tar),Dry,Not Applicable,Clear,HOODI,A,5KM,0.0,0.0,0,0,0.0,0.0
Bengaluru City,K.R.Puram Traffic PS,1.04432e+16,2018,1,1,Road Accidents,Narrow road,Not Applicable,Open area,Human Error,Not Applicable,Grievous Injury,Rear end,Controlled,Not Applicable,City or Town Road,Bitumen(Tar),Dry,Not Applicable,Clear,M D PUARAM,A,4KM,0.0,0.0,0,0,0.0,0.0
Bengaluru City,K.R.Puram Traffic PS,1.04432e+16,2018,1,2,Road Accidents,Narrow road,Not Applicable,Open area,Human Error,Not Applicable,Grievous Injury,Rear end,Controlled,Not Applicable,City or Town Road,Bitumen(Tar),Dry,Not Applicable,Clear,G C C ROAD,A,2KM,0.0,0.0,0,0,0.0,0.0
Bengaluru City,K.R.Puram Traffic PS,1.04432e+16,2018,1,2,Road Accidents,Narrow road,Not Applicable,Open area,Human Error,Not Applicable,Damage Only,Hit and Run,Controlled,Not Applicable,City or Town Road,Bitumen(Tar),Dry,Not Applicable,Clear,o m road,A,2KM,0.0,0.0,0,0,0.0,0.0
Bengaluru City,K.R.Puram Traffic PS,1.04432e+16,2018,1,1,Road Accidents,Narrow road,Not Applicable,Open area,Human Error,Not Applicable,Fatal,Hit and Run,Controlled,Not Applicable,City or Town Road,Bitumen(Tar),Dry,Not Applicable,Clear,GARUDACHARPALYA,A,4KM,0.0,0.0,0,0,0.0,0.0
Bengaluru City,K.R.Puram Traffic PS,1.04432e+16,2018,1,1,Road Accidents,Narrow road,Not Applicable,Open area,Human Error,Not Applicable,Grievous Injury,Rear end,Controlled,Not Applicable,City or Town Road,Bitumen(Tar),Dry,Not Applicable,Clear,O M ROAD DEEP Haspital,a,3km,0.0,0.0,0,0,0.0,0.0
Bengaluru City,K.R.Puram Traffic PS,1.04432e+16,2018,1,2,Road Accidents,Narrow road,Not Applicable,Open area,Human Error,Not Applicable,Damage Only,Hit and Run,Controlled,Not Applicable,City or Town Road,Bitumen(Tar),Dry,Not Applicable,Clear,M D PURAM TING ROAD,A,4KM,0.0,0.0,0,0,0.0,0.0
Bengaluru City,K.R.Puram Traffic PS,1.04432e+16,2018,1,1,Rail Road Accidents,Narrow road,Not Applicable,Open area,Human Error,Not Applicable,Grievous Injury,Rear end,Controlled,Not Applicable,City or Town Road,Bitumen(Tar),Dry,Not Applicable,Clear,O M ROAD,A,3KM,0.0,0.0,0,0,0.0,0.0
Bengaluru City,K.R.Puram Traffic PS,1.04432e+16,2018,1,1,Road Accidents,Narrow road,Not Applicable,Open area,Human Error,Not Applicable,Simple Injury,Rear end,Controlled,Not Applicable,City or Town Road,Bitumen(Tar),Dry,Not Applicable,Clear,M D PURAM RING ROAD,A,4KM,0.0,0.0,0,0,0.0,0.0
Bengaluru City,K.R.Puram Traffic PS,1.04432e+16,2018,1,1,Road Accidents,Narrow road,City/Town,Open area,Not Applicable,Not Applicable,Fatal,Rear end,Controlled,Not Applicable,City or Town Road,Bitumen(Tar),Dry,Not Applicable,Clear,TEN FACTORY,A,4KM,12.996737,77.669161,0,0,0.0,0.0
Bengaluru City,K.R.Puram Traffic PS,1.04432e+16,2018,1,2,Road Accidents,Narrow road,Not Applicable,Open area,Human Error,Not Applicable,Damage Only,Rear end,Controlled,Not Applicable,City or Town Road,Bitumen(Tar),Dry,Not Applicable,Clear,S B ROAD,A,5KM,0.0,0.0,0,0,0.0,0.0
Bengaluru City,K.R.Puram Traffic PS,1.04432e+16,2018,1,2,Road Accidents,Narrow road,Not Applicable,Open area,Human Error,Not Applicable,Simple Injury,Rear end,Controlled,Not Applicable,City or Town Road,Bitumen(Tar),Dry,Not Applicable,Clear,KASTHURINAGAR,A,3KM,0.0,0.0,0,0,0.0,0.0
Bengaluru City,K.R.Puram Traffic PS,1.04432e+16,2018,1,1,Road Accidents,Narrow road,Not Applicable,Open area,Human Error,Not Applicable,Simple Injury,Hit and Run,Controlled,Not Applicable,City or Town Road,Bitumen(Tar),Dry,Not Applicable,Clear,DODDAMMA DAVI TEMPLE,A,3KM,0.0,0.0,0,0,0.0,0.0
Bengaluru City,K.R.Puram Traffic PS,1.04432e+16,2018,1,1,Road Accidents,Narrow road,Not Applicable,Open area,Human Error,Not Applicable,Simple Injury,Rear end,Controlled,Not Applicable,City or Town Road,Bitumen(Tar),Dry,Not Applicable,Clear,O M ROAD,A,3KM,0.0,0.0,0,0,0.0,0.0
Bengaluru City,K.R.Puram Traffic PS,1.04432e+16,2018,1,1,Road Accidents,Narrow road,Not Applicable,Open area,Human Error,Not Applicable,Simple Injury,Rear end,Controlled,Not Applicable,City or Town Road,Bitumen(Tar),Dry,Not Applicable,Clear,R M NAGAR,A,3KM,0.0,0.0,0,0,0.0,0.0
Bengaluru City,K.R.Puram Traffic PS,1.04432e+16,2018,1,1,Road Accidents,Narrow road,Not Applicable,Open area,Human Error,Not Applicable,Grievous Injury,Rear end,Controlled,Not Applicable,City or Town Road,Bitumen(Tar),Dry,Not Applicable,Clear,R M NAGAR MAIN ROAD,A,4KM,0.0,0.0,0,0,0.0,0.0
Bengaluru City,K.R.Puram Traffic PS,1.04432e+16,2018,1,1,Road Accidents,Narrow road,City/Town,Open area,Human Error,Not Applicable,Fatal,Hit and Run,Controlled,Not Applicable,City or Town Road,Bitumen(Tar),Dry,Not Applicable,Clear,Kaverinagar Main Road,a,4km,12.994621,77.703648,0,0,0.0,0.0
Bengaluru City,K.R.Puram Traffic PS,1.04432e+16,2018,1,3,Road Accidents,Staggered junction,City/Town,Open area,Human Error,No,Damage Only,Others,No signal lights,Straight and flat,Two way,Surfaced,Not Applicable,Not Applicable,Fine,"R.M.NAGAR RING ROAD, INFRONT OF  HDFC BANK",INFRONT OF HDFC BANK,4KM,0.0,0.0,0,0,,
Bengaluru City,K.R.Puram Traffic PS,1.04432e+16,2018,1,2,Road Accidents,Bridge,City/Town,Open area,Not Applicable,Yes,Grievous Injury,Rear end,No signal lights,Hump,NH,Bitumen(Tar),Dry,Not Applicable,Fine,O.M.ROAD,FLY OVER,2KM,13.001035,77.678075,0,0,0.0,0.0
Bengaluru City,K.R.Puram Traffic PS,1.04432e+16,2018,1,2,Road Accidents,Narrow road,Not Applicable,Open area,Human Error,Not Applicable,Fatal,Rear end,Controlled,Not Applicable,City or Town Road,Bitumen(Tar),Dry,Not Applicable,Clear,HOODI ROAD,A,5KM,12.990569,77.714119,0,0,0.0,0.0
Bengaluru City,K.R.Puram Traffic PS,1.04432e+16,2018,1,2,Road Accidents,Other,City/Town,Residential area,Human Error,Yes,Fatal,Hit and Run,No signal lights,Not Applicable,City or Town Road,Bitumen(Tar),Dry,Not Applicable,Clear,"IN FRONT OF HOUSE NO.290, ANNAPPA REDDY LAYOUT, R M NAGARA",A,20,13.013327,77.679643,0,0,0.0,0.0
Bengaluru City,K.R.Puram Traffic PS,1.04432e+16,2018,1,2,Road Accidents,Narrow road,Not Applicable,Open area,Human Error,Not Applicable,Grievous Injury,Rear end,Controlled,Not Applicable,City or Town Road,Bitumen(Tar),Dry,Not Applicable,Clear,R M NAGAR MAIN ROAD,A,4KM,0.0,0.0,0,0,0.0,0.0
Bengaluru City,K.R.Puram Traffic PS,1.04432e+16,2018,1,2,Road Accidents,Narrow road,City/Town,Open area,Human Error,Not Applicable,Simple Injury,Rear end,Controlled,Not Applicable,City or Town Road,Bitumen(Tar),Dry,Not Applicable,Not Applicable,gaphit Indian Road,a,4km,0.0,0.0,0,0,0.0,0.0
Bengaluru City,K.R.Puram Traffic PS,1.04432e+16,2018,1,1,Road Accidents,Narrow road,City/Town,Open area,Human Error,Not Applicable,Simple Injury,Hit and Run,Controlled,Not Applicable,City or Town Road,Bitumen(Tar),Dry,Not Applicable,Clear,WHITE FEILD ROAD,A,4KM,0.0,0.0,0,0,0.0,0.0
Bengaluru City,K.R.Puram Traffic PS,1.04432e+16,2018,1,2,Road Accidents,Narrow road,Not Applicable,Open area,Human Error,Not Applicable,Damage Only,Head on,Controlled,Not Applicable,City or Town Road,Bitumen(Tar),Dry,Not Applicable,Clear,WHITE FIELD ROAD,A,5KM,0.0,0.0,0,0,0.0,0.0
Bengaluru City,K.R.Puram Traffic PS,1.04432e+16,2018,1,2,Road Accidents,Narrow road,Not Applicable,Open area,Human Error,Not Applicable,Simple Injury,Hit and Run,Controlled,Not Applicable,City or Town Road,Bitumen(Tar),Dry,Not Applicable,Clear,O M ROAD BATTARAHALLI,A,3KM,0.0,0.0,0,0,0.0,0.0
Bengaluru City,K.R.Puram Traffic PS,1.04432e+16,2019,1,2,Road Accidents,Narrow road,Not Applicable,Open area,Human Error,No,Grievous Injury,Rear end,Controlled,Not Applicable,City or Town Road,Bitumen(Tar),Dry,Not Applicable,Clear,R N NAGAR RING ROAD,A,4KM,13.016407,77.661689,0,0,0.0,0.0
Bengaluru City,K.R.Puram Traffic PS,1.04432e+16,2019,1,1,Road Accidents,Narrow road,Not Applicable,Open area,Human Error,Not Applicable,Grievous Injury,Rear end,Controlled,Not Applicable,City or Town Road,Bitumen(Tar),Dry,Not Applicable,Clear,M D PURAM,A,2KM,12.990664,77.687715,0,0,0.0,0.0
Bengaluru City,K.R.Puram Traffic PS,1.04432e+16,2019,1,2,Road Accidents,Narrow road,Not Applicable,Open area,Human Error,Not Applicable,Grievous Injury,Rear end,Controlled,Not Applicable,City or Town Road,Bitumen(Tar),Dry,Not Applicable,Clear,R M NAGAR RING ROAD,A,5KM,13.002767,77.663241,0,0,0.0,0.0
Bengaluru City,K.R.Puram Traffic PS,1.04432e+16,2019,1,1,Rail Road Accidents,Narrow road,Not Applicable,Open area,Human Error,Not Applicable,Simple Injury,Rear end,Controlled,Not Applicable,City or Town Road,Bitumen(Tar),Dry,Not Applicable,Clear,KALKERE,A,2KM,0.0,0.0,0,0,0.0,0.0
Bengaluru City,K.R.Puram Traffic PS,1.04432e+16,2019,1,1,Road Accidents,Narrow road,City/Town,Near Bus stop,Human Error,Not Applicable,Fatal,Not Applicable,Not at  Junction,Straight and flat,One way,Bitumen(Tar),Dry,Not Applicable,Fine,WHITE FIELD ROAD,A,5KM,12.999731,77.675856,0,0,0.0,0.0
Bengaluru City,K.R.Puram Traffic PS,1.04432e+16,2019,1,2,Road Accidents,Junction,City/Town,Near Bus stop,Human Error,No,Grievous Injury,Vehicle to Vehicle,Not Applicable,Others,Others,Not Applicable,Dry,Not Applicable,Clear,O M ROAD NEAR K R PURA RAIL WAY STATION,A,14FEET,12.999931,77.675403,0,0,0.0,0.0
Bengaluru City,K.R.Puram Traffic PS,1.04432e+16,2019,1,2,Not Applicable,Narrow road,City/Town,Open area,Not Applicable,Not Applicable,Damage Only,Vehicle to Vehicle,Controlled,Not Applicable,NH,Bitumen(Tar),Dry,Not Applicable,Clear,O M ROAD,A,2KM,12.996782,77.669497,0,0,0.0,0.0
Bengaluru City,K.R.Puram Traffic PS,1.04432e+16,2019,1,1,Road Accidents,Not Applicable,City/Town,Residential area,Human Error,Yes,Grievous Injury,Not Applicable,No signal lights,Hump,Two way,Not Applicable,Dry,Not Applicable,Clear,R M NAGAR RINGE ROAD KASTHURI NAGAR H D F C BANK,A,22FEET,13.007974,77.662542,0,0,0.0,0.0
Bengaluru City,K.R.Puram Traffic PS,1.04432e+16,2019,1,1,Road Accidents,Cross roads,City/Town,Near Petrol Pump,Human Error,Yes,Grievous Injury,Not Applicable,No signal lights,Hump,Others,Not Applicable,Dry,Not Applicable,Clear,WHITE FILED ROAD BHARATHA PETROL BUNK,A,19FEET,12.990461,77.721649,0,0,0.0,0.0
Bengaluru City,K.R.Puram Traffic PS,1.04432e+16,2019,1,3,Road Accidents,Not Applicable,City/Town,Residential area,Human Error,No,Grievous Injury,Vehicle to Vehicle,No signal lights,Not Applicable,One way,Not Applicable,Dry,Not Applicable,Clear,OM ROAD CHWDESHWRI TEMPLE ROAD,A,5FEET,12.995083,77.665025,0,0,0.0,0.0
Bengaluru City,K.R.Puram Traffic PS,1.04432e+16,2019,1,3,Road Accidents,Cross roads,City/Town,Residential area,Human Error,No,Grievous Injury,Not Applicable,No signal lights,Hump,One way,Not Applicable,Dry,Not Applicable,Clear,BASAVANAPURA MAIN ROAD INFRONT OF OME SHKTHI TEMPLE,A,5FEET,12.996404,77.716583,0,0,0.0,0.0
Bengaluru City,K.R.Puram Traffic PS,1.04432e+16,2019,1,2,Road Accidents,Cross roads,City/Town,Near School or College,Human Error,No,Grievous Injury,Vehicle to Vehicle,Not at  Junction,Others,Others,Not Applicable,Dry,Not Applicable,Clear,"T.C PALYA MAIN ROAD, INFRONT OF RAMANA VIDYANIKETHAN SCHOOL",A,23 FEE,0.0,0.0,0,0,0.0,0.0
Bengaluru City,K.R.Puram Traffic PS,1.04432e+16,2019,1,2,Road Accidents,Not Applicable,City/Town,Near Bus stop,Human Error,Yes,Grievous Injury,Vehicle to Vehicle,No signal lights,Not Applicable,Service Road,Not Applicable,Dry,Not Applicable,Clear,"HOODI GRAPHITE INDIA ROAD ,NEAR SKYLARK APTS",A,3 FEET,12.989527,77.712834,0,0,0.0,0.0
Bengaluru City,K.R.Puram Traffic PS,1.04432e+16,2019,1,1,Road Accidents,Not Applicable,City/Town,Near office complex,Human Error,No,Grievous Injury,Hit pedestrian,No signal lights,Others,Others,Bitumen(Tar),Dry,Not Applicable,Clear,BASAVANAPURA MAIN ROAD INFRONT OFF FAMITY MART,STREET LIGHT,21FEET,13.014337,77.709545,0,0,0.0,0.0
Bengaluru City,K.R.Puram Traffic PS,1.04432e+16,2019,1,2,Road Accidents,Narrow road,City/Town,Open area,Not Applicable,Yes,Grievous Injury,Vehicle to Vehicle,Not at  Junction,Others,Others,Bitumen(Tar),Dry,Not Applicable,Clear,WHITEFIELD ROAD NEAR T V S SHOROOM,A1,20FT,12.99241,77.712515,0,0,0.0,0.0
Bengaluru City,K.R.Puram Traffic PS,1.04432e+16,2019,1,1,Road Accidents,Narrow road,Not Applicable,Open area,Human Error,Not Applicable,Grievous Injury,Hit and Run,Controlled,Not Applicable,City or Town Road,Bitumen(Tar),Dry,Not Applicable,Clear,M D PURAM RING ROAD,A,4KM,0.0,0.0,0,0,0.0,0.0
Bengaluru City,K.R.Puram Traffic PS,1.04432e+16,2019,1,1,Road Accidents,Cross roads,City/Town,Near Bus stop,Human Error,Yes,Fatal,Hit and Run,No signal lights,Straight and flat,City or Town Road,Bitumen(Tar),Others,Not Applicable,Fine,"R M NAGARA RING ROAD, NEAR KASTHURINAGARA",A,33,13.003736,77.663248,0,1,0.0,1.0
Bengaluru City,K.R.Puram Traffic PS,1.04432e+16,2019,1,1,Road Accidents,Cross roads,City/Town,Residential area,Human Error,No,Grievous Injury,Not Applicable,No signal lights,Others,Others,Not Applicable,Dry,Not Applicable,Clear,M D PURA RINGE ROAD  SRVES ROAD  IN FRONT OF UDAPI SANNIDI HOTEL,A,28FEET,12.994653,77.685086,0,0,0.0,0.0
Bengaluru City,K.R.Puram Traffic PS,1.04432e+16,2019,1,2,Road Accidents,Road hump or Rumble strips,City/Town,Narrow bridge or culverts,Human Error,Yes,Fatal,Vehicle to Vehicle,Controlled,Straight and flat,Sub Arterial,Bitumen(Tar),Dry,Engineering Defect of Road,Clear,R M  NAGAR RING ROAD  T C PALYA JUCTION,B,4KM,13.012977,77.663498,4,0,0.0,4.0
Bengaluru City,K.R.Puram Traffic PS,1.04432e+16,2019,1,2,Road Accidents,Narrow road,City/Town,Open area,Human Error,No,Simple Injury,Vehicle to Vehicle,Controlled,Not Applicable,Others,Bitumen(Tar),Dry,Not Applicable,Clear,M D PURAM RINGH ROAD,A,4KM,12.978523,77.695424,0,0,0.0,0.0
Bengaluru City,K.R.Puram Traffic PS,1.04432e+16,2019,1,2,Not Applicable,Cross roads,City/Town,Near Hospital,Human Error,No,Grievous Injury,Vehicle to Vehicle,No signal lights,Others,Residential Street,Not Applicable,Dry,Not Applicable,Clear,OM ROAD INFRONT OF K R PURA BBMP OFFICE,A,12FEET,13.008166,77.692804,0,0,0.0,0.0
Bengaluru City,K.R.Puram Traffic PS,1.04432e+16,2019,1,2,Road Accidents,Cross roads,City/Town,Narrow bridge or culverts,Human Error,No,Grievous Injury,Vehicle to Vehicle,No signal lights,Others,Others,Not Applicable,Dry,Not Applicable,Clear,M D PURA RINGE ROAD DODDANAKUNDI BRIDGE,A,6FEET,12.980985,77.693906,0,0,0.0,0.0
Bengaluru City,K.R.Puram Traffic PS,1.04432e+16,2019,1,1,Road Accidents,Cross roads,City/Town,Residential area,Human Error,Yes,Grievous Injury,Not Applicable,No signal lights,Others,One way,Not Applicable,Dry,Not Applicable,Clear,APPAREDDI BADAVANE,A,5FEET,13.011777,77.65083,0,0,0.0,0.0
Bengaluru City,K.R.Puram Traffic PS,1.04432e+16,2019,1,1,Road Accidents,Not Applicable,City/Town,In bazaar,Human Error,Yes,Grievous Injury,Not Applicable,No signal lights,Others,Others,Not Applicable,Dry,Not Applicable,Clear,HOODI BRIDGEE ANKUR DABA,A,10FEET,12.998853,77.71631,0,0,0.0,0.0
Bengaluru City,K.R.Puram Traffic PS,1.04432e+16,2019,1,1,Road Accidents,Cross roads,City/Town,Residential area,Human Error,No,Damage Only,Not Applicable,No signal lights,Hump,One way,Not Applicable,Dry,Not Applicable,Clear,O M ROAD SERVES ROAD NEAR I T I POST OFFICE,A,10FEET,13.005173,77.684891,0,0,0.0,0.0
Bengaluru City,K.R.Puram Traffic PS,1.04432e+16,2019,1,2,Road Accidents,Cross roads,City/Town,Residential area,Human Error,Yes,Grievous Injury,Vehicle to Vehicle,No signal lights,Others,One way,Not Applicable,Dry,Not Applicable,Clear,DEVASANDRA MAIN ROAD INFRONT OF NALAPAKA HOTEL,A,3FEET,0.0,0.0,0,0,0.0,0.0