DISTRICTNAME,UNITNAME,Crime_No,Year,RI,Noofvehicle_involved,Accident_Classification,Accident_Spot,Accident_Location,Accident_SubLocation,Main_Cause,Hit_Run,Severity,Collision_Type,Junction_Control,Road_Character,Road_Type,Surface_Type,Surface_Condition,Road_Condition,Weather,Accident_Road,Landmark_first,Distance_LandMark_First,Latitude,Longitude,Road_Condition_Score,Surface_Condition_Score,Surface_Type_Score,Road_Risk_Index
Bengaluru City,K.R.Puram Traffic PS,1.04432e+16,2019,1,2,Road Accidents,Not Applicable,City/Town,Residential area,Human Error,Yes,Damage Only,Vehicle to Vehicle,No signal lights,Others,Service Road,Not Applicable,Dry,Not Applicable,Clear,R M NAGAR RINGE ROAD SERVICE ROAD,A,32FEET,13.01774,77.659132,0,0,0.0,0.0
Bengaluru City,K.R.Puram Traffic PS,1.04432e+16,2019,1,2,Road Accidents,Not Applicable,City/Town,Near Bus stop,Human Error,Yes,Damage Only,Vehicle to Vehicle,No signal lights,Others,Others,Concrete,Others,Not Applicable,Clear,R M NAGAR RING ROAD RAMAMURTHY NAGAR ANDER PASS,NEAR STREET LIGHT,35FEET,13.013431,77.662261,0,1,0.0,1.0
Bengaluru City,K.R.Puram Traffic PS,1.04432e+16,2019,1,3,Road Accidents,Cross roads,City/Town,Near Bus stop,Human Error,No,Simple Injury,Vehicle to Vehicle,No signal lights,Others,Others,Not Applicable,Dry,Not Applicable,Clear,O M ROAD K R PURA FLYOVER,A1,23FEET,12.999753,77.675367,0,0,0.0,0.0
Bengaluru City,K.R.Puram Traffic PS,1.04432e+16,2019,1,2,Road Accidents,Not Applicable,City/Town,Residential area,Human Error,Yes,Grievous Injury,Vehicle to Vehicle,No signal lights,Not Applicable,Service Road,Not Applicable,Dry,Not Applicable,Clear,R M NAGAR RINGE ROAD SERVICE ROAD KSTUTRI NAGAR,A,12FEET,12.999436,77.663541,0,0,0.0,0.0
Bengaluru City,K.R.Puram Traffic PS,1.04432e+16,2019,1,2,Road Accidents,Narrow road,Not Applicable,Open area,Human Error,Not Applicable,Grievous Injury,Hit and Run,Controlled,Not Applicable,City or Town Road,Bitumen(Tar),Dry,Not Applicable,Clear,white field road,A,5KM,12.995655,77.695096,0,0,0.0,0.0
Bengaluru City,K.R.Puram Traffic PS,1.04432e+16,2019,1,2,Road Accidents,Narrow road,Not Applicable,Open area,Human Error,Not Applicable,Damage Only,Hit and Run,Controlled,Not Applicable,City or Town Road,Bitumen(Tar),Dry,Not Applicable,Clear,graphit india Road,a,4km,0.0,0.0,0,0,0.0,0.0
Bengaluru City,K.R.Puram Traffic PS,1.04432e+16,2019,1,2,Road Accidents,Narrow road,Not Applicable,Open area,Human Error,Not Applicable,Grievous Injury,Hit and Run,Controlled,Not Applicable,City or Town Road,Bitumen(Tar),Dry,Not Applicable,Clear,T C PALYA,A,3KM,0.0,0.0,0,0,0.0,0.0
Bengaluru City,K.R.Puram Traffic PS,1.04432e+16,2019,1,2,Road Accidents,Narrow road,City/Town,Open area,Human Error,Yes,Damage Only,Vehicle to Vehicle,No signal lights,Not Applicable,Not Applicable,Bitumen(Tar),Dry,Not Applicable,Not Applicable,O M ROAD K R PURAM,A,3M,12.999395,77.674844,0,0,0.0,0.0
Bengaluru City,K.R.Puram Traffic PS,1.04432e+16,2019,1,1,Road Accidents,Narrow road,City/Town,Narrow bridge or culverts,Human Error,No,Fatal,Not Applicable,Uncontrolled,Straight and flat,NH,Bitumen(Tar),Dry,Not Applicable,Fine,"OLD MADRAS ROAD, K R PURA BRIDGE ROAD",A,C,12.998164,77.672445,0,0,0.0,0.0
Bengaluru City,K.R.Puram Traffic PS,1.04432e+16,2019,1,2,Road Accidents,Cross roads,City/Town,Residential area,Human Error,No,Grievous Injury,Not Applicable,No signal lights,Hump,Others,Not Applicable,Dry,Not Applicable,Clear,M D PURA RINGE ROAD N CC APTS,A,8FEET,12.994476,77.684957,0,0,0.0,0.0
Bengaluru City,K.R.Puram Traffic PS,1.04432e+16,2019,1,2,Road Accidents,Cross roads,City/Town,Residential area,Human Error,Yes,Grievous Injury,Vehicle to Vehicle,No signal lights,Hump,Others,Not Applicable,Dry,Not Applicable,Clear,M D PURA RINGE ROAD SARVICE ROAD HUNDAY SHOW ROOM,A,5FEET,13.000027,77.681635,0,0,0.0,0.0
Bengaluru City,K.R.Puram Traffic PS,1.04432e+16,2019,1,1,Road Accidents,Junction,City/Town,Near Bus stop,Human Error,No,Grievous Injury,Not Applicable,No signal lights,Others,Others,Not Applicable,Dry,Not Applicable,Clear,WHITE FIELD ROAD PHINEX MALL,A,12FEET,0.0,0.0,0,0,0.0,0.0
Bengaluru City,K.R.Puram Traffic PS,1.04432e+16,2019,1,1,Not Applicable,Narrow road,City/Town,In bazaar,Not Applicable,Yes,Simple Injury,Hit pedestrian,Give way sign,Straight and flat,Others,Bitumen(Tar),Dry,Not Applicable,Clear,M D PURA RING ROAD SUPER MARKET,K E B POLL,8FT,12.98942,77.688494,0,0,0.0,0.0
Bengaluru City,K.R.Puram Traffic PS,1.04432e+16,2019,1,2,Road Accidents,Junction,City/Town,Near School or College,Human Error,Yes,Simple Injury,Vehicle to Vehicle,Signal lights Automatic,Not Applicable,NH,Bitumen(Tar),Not Applicable,Not Applicable,Clear,O M ROAD K R PURA EXTENTION,ELECTRIC FOOL,18FEET,13.01316,77.699681,0,0,0.0,0.0
Bengaluru City,K.R.Puram Traffic PS,1.04432e+16,2019,1,1,Road Accidents,Not Applicable,City/Town,Near office complex,Human Error,No,Not Applicable,Not Applicable,No signal lights,Others,Others,Bitumen(Tar),Dry,Not Applicable,Clear,OM ROAD ITI SERVICE ROADNEAR POST OFFICE GEAT,STREET LIGHT,9FEET,13.004154,77.683088,0,0,0.0,0.0
Bengaluru City,K.R.Puram Traffic PS,1.04432e+16,2019,1,2,Road Accidents,Junction,City/Town,Near Bus stop,Human Error,Yes,Fatal,Vehicle to Vehicle,Signal lights Automatic,Not Applicable,NH,Not Applicable,Dry,Not Applicable,Clear,"R,M NAGAR RING ROAD SIGNAL",A,15FEET,13.013193,77.662452,0,0,0.0,0.0
Bengaluru City,K.R.Puram Traffic PS,1.04432e+16,2019,1,3,Road Accidents,Not Applicable,City/Town,Near a religious place,Human Error,Yes,Damage Only,Vehicle to Vehicle,No signal lights,Others,Others,Bitumen(Tar),Dry,Not Applicable,Clear,MAHADEVA PURA RING ROAD ANJANEYA TEMPLE NEAR B NARAYANA PURA,STREET LIGHT,25FEET,12.996227,77.68376,0,0,0.0,0.0
Bengaluru City,K.R.Puram Traffic PS,1.04432e+16,2019,1,2,Road Accidents,Narrow road,Not Applicable,Open area,Human Error,Not Applicable,Damage Only,Hit and Run,Controlled,Not Applicable,City or Town Road,Bitumen(Tar),Dry,Not Applicable,Clear,M D PURAM TR PS,A,2KM,0.0,0.0,0,0,0.0,0.0
Bengaluru City,K.R.Puram Traffic PS,1.04432e+16,2019,1,1,Road Accidents,More than four arms,City/Town,Near Bus stop,Human Error,No,Grievous Injury,Others,Not Applicable,Others,City or Town Road,Not Applicable,Dry,Not Applicable,Clear,O M ROAD NEAR I T I GATE,A,7 FEET,13.004913,77.684777,0,0,0.0,0.0
Bengaluru City,K.R.Puram Traffic PS,1.04432e+16,2019,1,2,Road Accidents,Narrow road,Not Applicable,Open area,Human Error,Not Applicable,Grievous Injury,Rear end,Controlled,Not Applicable,City or Town Road,Bitumen(Tar),Dry,Not Applicable,Clear,om road udayanagar,A,3KM,12.997271,77.670553,0,0,0.0,0.0
Bengaluru City,K.R.Puram Traffic PS,1.04432e+16,2019,1,1,Road Accidents,Narrow road,Not Applicable,Open area,Human Error,Not Applicable,Grievous Injury,Hit and Run,Controlled,Not Applicable,City or Town Road,Bitumen(Tar),Dry,Not Applicable,Clear,hoysalanagar,A,4km,0.0,0.0,0,0,0.0,0.0
Bengaluru City,K.R.Puram Traffic PS,1.04432e+16,2019,1,1,Road Accidents,Narrow road,City/Town,Near office complex,Human Error,Yes,Fatal,Hit bicyclist,Not at  Junction,Straight and flat,Mixed,Bitumen(Tar),Dry,Not Applicable,Clear,"MAHADEVAPURA RING ROAD SERVICE ROAD, NEAR MTB KALYANA MANTAPA",A,27,0.0,0.0,0,0,0.0,0.0
Bengaluru City,K.R.Puram Traffic PS,1.04432e+16,2019,1,1,Road Accidents,Narrow road,City/Town,Near or inside a village,Human Error,No,Fatal,Skidding or Self accident,Not at  Junction,Not Applicable,City or Town Road,Bitumen(Tar),Dry,Not Applicable,Others,"WHITE FIELD ROAD, NEAR ZURI HOTEL",A,28,0.0,0.0,0,0,0.0,0.0
Bengaluru City,K.R.Puram Traffic PS,1.04432e+16,2019,1,2,Road Accidents,Narrow road,Not Applicable,Open area,Human Error,Not Applicable,Grievous Injury,Hit and Run,Controlled,Not Applicable,City or Town Road,Bitumen(Tar),Dry,Not Applicable,Clear,r m nagar ring road,a,3km,13.017699,77.659146,0,0,0.0,0.0
Bengaluru City,K.R.Puram Traffic PS,1.04432e+16,2019,1,1,Road Accidents,Narrow road,Not Applicable,Open area,Human Error,Not Applicable,Grievous Injury,Rear end,Controlled,Not Applicable,City or Town Road,Bitumen(Tar),Dry,Not Applicable,Clear,M D PURAM,A,3KM,0.0,0.0,0,0,0.0,0.0
Bengaluru City,K.R.Puram Traffic PS,1.04432e+16,2019,1,1,Road Accidents,Narrow road,Not Applicable,Open area,Human Error,Not Applicable,Grievous Injury,Rear end,Not Applicable,Crest of hill,City or Town Road,Bitumen(Tar),Dry,Not Applicable,Clear,M D PURAM RING ROAD,A,4KM,0.0,0.0,0,0,0.0,0.0
Bengaluru City,K.R.Puram Traffic PS,1.04432e+16,2019,1,1,Road Accidents,Narrow road,City/Town,Narrow bridge or culverts,Human Error,Yes,Fatal,Hit pedestrian,Not at  Junction,Straight and flat,NH,Surfaced,Dry,Not Applicable,Clear,"O M ROAD, NEAR MEDHALLI BRIDGE, NEAR INDIRA CANTEEN",A,33,13.024217,77.716695,0,0,,
Bengaluru City,K.R.Puram Traffic PS,1.04432e+16,2019,1,1,Rail Road Accidents,Narrow road,City/Town,Open area,Human Error,No,Simple Injury,Not Applicable,Controlled,Not Applicable,Others,Bitumen(Tar),Dry,Not Applicable,Clear,O M ROAD BATTARAHALLI JUCTION,A,3KM,13.019612,77.708895,0,0,0.0,0.0
Bengaluru City,K.R.Puram Traffic PS,1.04432e+16,2019,1,2,Road Accidents,Cross roads,City/Town,Residential area,Human Error,Yes,Fatal,Vehicle to Vehicle,No signal lights,Curve,One way,Not Applicable,Dry,Not Applicable,Clear,HOODI ROAD SRINIVASAREDDY PG BULDINGE,A,13FEET,12.994341,77.717815,0,0,0.0,0.0
Bengaluru City,K.R.Puram Traffic PS,1.04432e+16,2019,1,1,Road Accidents,Junction,City/Town,Residential area,Human Error,No,Fatal,Hit pedestrian,No signal lights,Hump,Residential Street,Not Applicable,Dry,Not Applicable,Clear,M D PURA RINGE ROAD  IN FRONT OF NCC APTS,A,8FEET,12.993803,77.686615,0,0,0.0,0.0
Bengaluru City,K.R.Puram Traffic PS,1.04432e+16,2019,1,1,Road Accidents,Cross roads,City/Town,Near or inside a village,Human Error,No,Grievous Injury,Hit pedestrian,No signal lights,Not Applicable,Not Applicable,Bitumen(Tar),Dry,Not Applicable,Clear,NEAR CHENAMMA TEMPLE VIJINAPURA,INFRONT OF GANGAMMA HOUS,12FEET,0.0,0.0,0,0,0.0,0.0
Bengaluru City,K.R.Puram Traffic PS,1.04432e+16,2019,1,2,Road Accidents,Narrow road,City/Town,Open area,Human Error,Not Applicable,Damage Only,Vehicle to Vehicle,Controlled,Not Applicable,Others,Bitumen(Tar),Dry,Not Applicable,Clear,M D PURAM RING ROAD,A,5KM,0.0,0.0,0,0,0.0,0.0
Bengaluru City,K.R.Puram Traffic PS,1.04432e+16,2019,1,2,Road Accidents,Bridge,City/Town,Near School or College,Not Applicable,No,Damage Only,Rear end,No signal lights,Others,City or Town Road,Not Applicable,Dry,Not Applicable,Clear,WHITE FIELD ROAD NEAR LOWRY BRIDGE,A,5 FEET,13.000227,77.681253,0,0,0.0,0.0
Bengaluru City,K.R.Puram Traffic PS,1.04432e+16,2019,1,1,Road Accidents,Narrow road,Not Applicable,Open area,Human Error,Not Applicable,Grievous Injury,Rear end,Controlled,Not Applicable,City or Town Road,Bitumen(Tar),Dry,Not Applicable,Clear,NEW PLAWAVRS,A,3KM,12.993911,77.666365,0,0,0.0,0.0
Bengaluru City,K.R.Puram Traffic PS,1.04432e+16,2019,1,2,Road Accidents,Junction,City/Town,Open area,Human Error,Yes,Grievous Injury,Side impact or Right angle,Uncontrolled,Not Applicable,City or Town Road,Bitumen(Tar),Dry,Not Applicable,Fine,4th Cross infront of medi plus medical shop,med plus,4km to,0.0,0.0,0,0,0.0,0.0
Bengaluru City,K.R.Puram Traffic PS,1.04432e+16,2019,1,2,Road Accidents,Narrow road,Not Applicable,Open area,Human Error,Not Applicable,Damage Only,Rear end,Controlled,Not Applicable,City or Town Road,Bitumen(Tar),Dry,Not Applicable,Clear,ALPHINE APTS,A,3KM,12.973452,77.703003,0,0,0.0,0.0
Bengaluru City,K.R.Puram Traffic PS,1.04432e+16,2019,1,2,Road Accidents,Other,City/Town,Near Hospital,Not Applicable,No,Damage Only,Others,No signal lights,Others,City or Town Road,Bitumen(Tar),Others,Not Applicable,Fine,WHITE FIELD ROAD NEAR ZZURI HOTEL,MAYURA BEKARY,4KM,0.0,0.0,0,1,0.0,1.0
Bengaluru City,K.R.Puram Traffic PS,1.04432e+16,2019,1,2,Road Accidents,Narrow road,Not Applicable,Open area,Human Error,Not Applicable,Fatal,Hit and Run,Controlled,Not Applicable,City or Town Road,Bitumen(Tar),Dry,Not Applicable,Clear,R M NAGAR MAIN ROAD HONDA CITY SERVICE CENTER,A,B,13.012709,77.664426,0,0,0.0,0.0
Bengaluru City,K.R.Puram Traffic PS,1.04432e+16,2019,1,1,Road Accidents,Narrow road,Not Applicable,Open area,Human Error,Not Applicable,Simple Injury,Rear end,Controlled,Not Applicable,City or Town Road,Bitumen(Tar),Dry,Not Applicable,Clear,doddanakundi,a,5km,12.979758,77.6948,0,0,0.0,0.0
Bengaluru City,K.R.Puram Traffic PS,1.04432e+16,2019,1,2,Road Accidents,Not Applicable,City/Town,Near Bus stop,Human Error,Yes,Grievous Injury,Not Applicable,No signal lights,Others,Others,Not Applicable,Dry,Not Applicable,Others,R M  NGAR RING ROAD Kasthuri nagar bridge,a,14feet,12.997717,77.663944,0,0,0.0,0.0
Bengaluru City,K.R.Puram Traffic PS,1.04432e+16,2019,1,1,Road Accidents,Cross roads,City/Town,Residential area,Human Error,Yes,Grievous Injury,Not Applicable,No signal lights,Curve,Others,Not Applicable,Dry,Not Applicable,Clear,O M ROAD ROYAL RESIDENCE HOTEL,A,5FEET,13.024491,77.716951,0,0,0.0,0.0
Bengaluru City,K.R.Puram Traffic PS,1.04432e+16,2019,1,1,Road Accidents,Cross roads,City/Town,Near Bus stop,Human Error,No,Grievous Injury,Not Applicable,No signal lights,Curve,One way,Not Applicable,Dry,Not Applicable,Clear,I T I DEPO ROAD,A,5FEET,13.003383,77.682352,0,0,0.0,0.0
Bengaluru City,K.R.Puram Traffic PS,1.04432e+16,2019,1,2,Road Accidents,Narrow road,City/Town,Near Bus stop,Not Applicable,No,Fatal,Vehicle to Vehicle,Not Applicable,Others,Others,Bitumen(Tar),Dry,Not Applicable,Clear,R.M.NAGAR.INFRONT OF UNILET.BENGALURU CITY,A,28,13.012621,77.664602,0,0,0.0,0.0
Bengaluru City,K.R.Puram Traffic PS,1.04432e+16,2019,1,2,Road Accidents,Not Applicable,City/Town,Near Bus stop,Human Error,Yes,Grievous Injury,Vehicle to Vehicle,Not Applicable,Hump,Others,Not Applicable,Dry,Not Applicable,Clear,M D PURA RINGE ROAD NEAR B NARAYANAPURA BUS STOP,A,32FEET,0.0,0.0,0,0,0.0,0.0
Bengaluru City,K.R.Puram Traffic PS,1.04432e+16,2019,1,2,Road Accidents,Cross roads,City/Town,Residential area,Human Error,No,Simple Injury,Vehicle to Vehicle,No signal lights,Others,Not Applicable,Not Applicable,Dry,Not Applicable,Clear,R M NAGAR RINGE ROAD BIG BAZAR,A,9FEET,13.017555,77.659534,0,0,0.0,0.0
Bengaluru City,K.R.Puram Traffic PS,1.04432e+16,2019,1,2,Road Accidents,Narrow road,City/Town,Narrow bridge or culverts,Not Applicable,No,Grievous Injury,Vehicle to Vehicle,Give way sign,Others,NH,Bitumen(Tar),Dry,Not Applicable,Clear,O M ROAD NEAR I T I GATE,A1,32FT,13.0078,77.689454,0,0,0.0,0.0
Bengaluru City,K.R.Puram Traffic PS,1.04432e+16,2019,1,2,Road Accidents,Not Applicable,City/Town,Near Bus stop,Human Error,Yes,Damage Only,Vehicle to Vehicle,Not Applicable,Others,One way,Not Applicable,Dry,Not Applicable,Clear,RM NAGAR MAIN ROAD INFRONT OF BATA SHOROOM,A,25FEET,13.011441,77.674916,0,0,0.0,0.0
Bengaluru City,K.R.Puram Traffic PS,1.04432e+16,2019,1,1,Road Accidents,Not Applicable,City/Town,Near Bus stop,Human Error,No,Grievous Injury,Hit pedestrian,No signal lights,Others,Others,Bitumen(Tar),Dry,Not Applicable,Clear,MAHADEVAPURA RING ROAD INFRONT OF  INDIAN OIL PETROL BUNK,STREET LIGHT,23FEET,12.987067,77.690161,0,0,0.0,0.0
Bengaluru City,K.R.Puram Traffic PS,1.04432e+16,2019,1,2,Road Accidents,Junction,City/Town,Near Bus stop,Not Applicable,No,Grievous Injury,Vehicle to Vehicle,Controlled,Others,NH,Bitumen(Tar),Dry,Not Applicable,Clear,O M ROAD NEAR I T I GATE,A1,20FT,13.005188,77.684933,0,0,0.0,0.0
Bengaluru City,K.R.Puram Traffic PS,1.04432e+16,2019,1,2,Road Accidents,Narrow road,Not Applicable,Open area,Human Error,Not Applicable,Damage Only,Rear end,Controlled,Not Applicable,City or Town Road,Bitumen(Tar),Dry,Not Applicable,Clear,O M ROAD SATHYA SAI HOSPITAL,A,4KM,13.021928,77.712843,0,0,0.0,0.0
Bengaluru City,K.R.Puram Traffic PS,1.04432e+16,2019,1,1,Road Accidents,Narrow road,Not Applicable,Open area,Human Error,Not Applicable,Simple Injury,Rear end,Controlled,Not Applicable,City or Town Road,Bitumen(Tar),Dry,Not Applicable,Clear,M D PURAM,A,4KM,0.0,0.0,0,0,0.0,0.0
Bengaluru City,K.R.Puram Traffic PS,1.04432e+16,2019,1,2,Road Accidents,Narrow road,City/Town,Near Bus stop,Not Applicable,Yes,Damage Only,Vehicle to Vehicle,Controlled,Not Applicable,State Highway,Bitumen(Tar),Dry,Not Applicable,Clear,O M ROAD,A,3KM,12.997967,77.671208,0,0,0.0,0.0
Bengaluru City,K.R.Puram Traffic PS,1.04432e+16,2019,1,1,Road Accidents,Narrow road,Not Applicable,Open area,Human Error,Not Applicable,Simple Injury,Rear end,Controlled,Not Applicable,City or Town Road,Concrete,Dry,Not Applicable,Clear,"NO 84,R M S COLONY",A,4KM,13.019499,77.710089,0,0,0.0,0.0
Bengaluru City,K.R.Puram Traffic PS,1.04432e+16,2019,1,2,Road Accidents,Cross roads,City/Town,Near School or College,Human Error,Yes,Grievous Injury,Vehicle to Vehicle,No signal lights,Others,One way,Not Applicable,Dry,Not Applicable,Clear,B M A COLLEGE ROAD IN FORNT OF VIBGAYOR SCHOOL,A,8FEET,12.977654,77.692175,0,0,0.0,0.0
Bengaluru City,K.R.Puram Traffic PS,1.04432e+16,2019,1,2,Road Accidents,Cross roads,City/Town,Residential area,Human Error,No,Grievous Injury,Not Applicable,No signal lights,Others,One way,Not Applicable,Dry,Not Applicable,Clear,O M ROAD I T I B AREA QTRS,A,34FEET,13.007262,77.41233,0,0,0.0,0.0
Bengaluru City,K.R.Puram Traffic PS,1.04432e+16,2019,1,2,Road Accidents,Cross roads,City/Town,Near Petrol Pump,Human Error,Yes,Grievous Injury,Not Applicable,No signal lights,Not Applicable,One way,Not Applicable,Dry,Not Applicable,Clear,BASAVANPURA MAIN ROAD ESSAR PETROL NEAR,A,5FEET,13.014163,77.709542,0,0,0.0,0.0
Bengaluru City,K.R.Puram Traffic PS,1.04432e+16,2019,1,1,Road Accidents,Not Applicable,City/Town,Narrow bridge or culverts,Human Error,Yes,Grievous Injury,Not Applicable,No signal lights,Not Applicable,Others,Not Applicable,Dry,Not Applicable,Clear,R M NAGAR BRIDGE ROAD,A,43FEET,13.013185,77.862055,0,0,0.0,0.0
Bengaluru City,K.R.Puram Traffic PS,1.04432e+16,2019,1,2,Road Accidents,Curves,City/Town,Near Bus stop,Human Error,Yes,Simple Injury,Vehicle to Vehicle,No signal lights,Others,NH,Bitumen(Tar),Dry,Not Applicable,Clear,OM ROAD PAI LAYOUT  NEAR DOMINOS  PIZZA,STREET LIGHT,32FEET,0.0,0.0,0,0,0.0,0.0
Bengaluru City,K.R.Puram Traffic PS,1.04432e+16,2019,1,2,Road Accidents,Circle,City/Town,Near Bus stop,Human Error,Yes,Damage Only,Vehicle to Vehicle,No signal lights,Curve,Others,Not Applicable,Dry,Not Applicable,Clear,R M NAGAR RINGE ROAD  NEAR BIGE BAZAR,A,16FEET,0.0,0.0,0,0,0.0,0.0
Bengaluru City,K.R.Puram Traffic PS,1.04432e+16,2019,1,2,Road Accidents,Narrow road,City/Town,Near Bus stop,Human Error,Yes,Damage Only,Vehicle to Vehicle,Give way sign,Others,NH,Not Applicable,Dry,Not Applicable,Clear,O M ROAD INFRONT OF M MTEMPLE,A1,5FEET,12.996868,77.669018,0,0,0.0,0.0
Bengaluru City,K.R.Puram Traffic PS,1.04432e+16,2019,1,1,Road Accidents,Narrow road,City/Town,Near Bus stop,Human Error,No,Fatal,Not Applicable,Not Applicable,Curve,Service Road,Not Applicable,Dry,Not Applicable,Clear,"M.D PURA RING ROAD,NEAR BAGMANE TRCH PARK",A1,20FEET,12.982291,77.693277,0,0,0.0,0.0
Bengaluru City,K.R.Puram Traffic PS,1.04432e+16,2019,1,4,Road Accidents,Cross roads,City/Town,In bazaar,Human Error,No,Grievous Injury,Rear end,No signal lights,Others,City or Town Road,Not Applicable,Dry,Not Applicable,Clear,SARASWATHI NAGR 2ND CROSS NEAR MANJUNATHA MEDICALES,A,2 FEET,0.0,0.0,0,0,0.0,0.0
Bengaluru City,K.R.Puram Traffic PS,1.04432e+16,2019,1,1,Not Applicable,Not Applicable,City/Town,Residential area,Human Error,Yes,Grievous Injury,Hit pedestrian,No signal lights,Not Applicable,Residential Street,Bitumen(Tar),Dry,Not Applicable,Clear,"BASAVANAGARA, NEAR BASAWESWARA TEMPLE",A,15,0.0,0.0,0,0,0.0,0.0
Bengaluru City,K.R.Puram Traffic PS,1.04432e+16,2019,1,1,Road Accidents,Narrow road,Not Applicable,Open area,Human Error,Not Applicable,Grievous Injury,Hit and Run,Controlled,Not Applicable,City or Town Road,Bitumen(Tar),Ditch or Potholed,Not Applicable,Clear,m d pura,a,5km,12.994119,77.685379,0,5,0.0,5.0
Bengaluru City,K.R.Puram Traffic PS,1.04432e+16,2019,1,1,Road Accidents,Narrow road,Not Applicable,Open area,Human Error,Not Applicable,Simple Injury,Rear end,Controlled,Not Applicable,City or Town Road,Bitumen(Tar),Dry,Not Applicable,Clear,R M NAGAR,A,3KM,0.0,0.0,0,0,0.0,0.0
Bengaluru City,K.R.Puram Traffic PS,1.04432e+16,2019,1,1,Road Accidents,Narrow road,Not Applicable,Open area,Human Error,Not Applicable,Grievous Injury,Rear end,Controlled,Not Applicable,City or Town Road,Bitumen(Tar),Dry,Not Applicable,Clear,M D PURAM,A,2KM,12.994306,77.684935,0,0,0.0,0.0
Bengaluru City,K.R.Puram Traffic PS,1.04432e+16,2019,1,1,Road Accidents,Narrow road,Not Applicable,Open area,Human Error,Not Applicable,Grievous Injury,Right Turn Collision,Controlled,Not Applicable,City or Town Road,Bitumen(Tar),Dry,Not Applicable,Clear,O M ROAD,A,2KM,0.0,0.0,0,0,0.0,0.0
Bengaluru City,K.R.Puram Traffic PS,1.04432e+16,2019,1,2,Road Accidents,Narrow road,Not Applicable,Open area,Human Error,Not Applicable,Grievous Injury,Rear end,Controlled,Not Applicable,City or Town Road,Bitumen(Tar),Dry,Not Applicable,Clear,m d puram ring road,a,4km,0.0,0.0,0,0,0.0,0.0
Bengaluru City,K.R.Puram Traffic PS,1.04432e+16,2019,1,2,Road Accidents,Narrow road,Not Applicable,Open area,Human Error,Not Applicable,Damage Only,Rear end,Controlled,Not Applicable,City or Town Road,Bitumen(Tar),Dry,Not Applicable,Clear,R M NAGAR,A,4KM,0.0,0.0,0,0,0.0,0.0
Bengaluru City,K.R.Puram Traffic PS,1.04432e+16,2019,1,1,Road Accidents,Narrow road,Not Applicable,Open area,Human Error,Not Applicable,Grievous Injury,Rear end,Controlled,Not Applicable,City or Town Road,Bitumen(Tar),Dry,Not Applicable,Clear,M D PURAM RING ROAD,A,5KM,12.982879,77.692553,0,0,0.0,0.0
Bengaluru City,K.R.Puram Traffic PS,1.04432e+16,2019,1,1,Road Accidents,Cross roads,City/Town,In bazaar,Vehicle Defect,Yes,Grievous Injury,Hit pedestrian,No signal lights,Others,Others,Bitumen(Tar),Dry,Not Applicable,Fine,6th cross vijinapura,srinivasa milk paurler,3km,0.0,0.0,0,0,0.0,0.0
Bengaluru City,K.R.Puram Traffic PS,1.04432e+16,2019,1,2,Road Accidents,Narrow road,Not Applicable,Open area,Human Error,Not Applicable,Simple Injury,Rear end,Controlled,Not Applicable,City or Town Road,Bitumen(Tar),Dry,Not Applicable,Clear,M D PURAM,A,4KM,0.0,0.0,0,0,0.0,0.0
Bengaluru City,K.R.Puram Traffic PS,1.04432e+16,2019,1,1,Road Accidents,Narrow road,Not Applicable,Open area,Human Error,Not Applicable,Grievous Injury,Rear end,Controlled,Not Applicable,City or Town Road,Bitumen(Tar),Dry,Not Applicable,Clear,M D PURAM  EMC 2,A,4KM,12.982958,77.692697,0,0,0.0,0.0
Bengaluru City,K.R.Puram Traffic PS,1.04432e+16,2019,1,1,Road Accidents,Junction,City/Town,Residential area,Human Error,No,Grievous Injury,Not Applicable,No signal lights,Others,Residential Street,Not Applicable,Dry,Not Applicable,Clear,M D PURA RING ROAD,A1,12FEET,12.989305,77.688875,0,0,0.0,0.0
Bengaluru City,K.R.Puram Traffic PS,1.04432e+16,2019,1,2,Road Accidents,Narrow road,City/Town,Open area,Human Error,No,Simple Injury,Vehicle to Vehicle,Controlled,Not Applicable,NH,Bitumen(Tar),Dry,Not Applicable,Clear,T C Palya Main Road,A,3KM,13.020726,77.686199,0,0,0.0,0.0
Bengaluru City,K.R.Puram Traffic PS,1.04432e+16,2019,1,2,Road Accidents,Not Applicable,City/Town,Open area,Human Error,No,Simple Injury,Vehicle to Vehicle,Controlled,Not Applicable,Others,Bitumen(Tar),Dry,Not Applicable,Clear,O M ROAD K R IN HOTEL,A,2KM,13.014401,77.700495,0,0,0.0,0.0
Bengaluru City,K.R.Puram Traffic PS,1.04432e+16,2019,1,1,Road Accidents,Narrow road,City/Town,Open area,Human Error,Yes,Fatal,Hit pedestrian,Not at  Junction,Straight and flat,Two way,Concrete,Dry,Not Applicable,Fine,"R M NAGARA RING ROAD, NEAR AMBIKA TIMBER, KASTHURINAGARA",A,16,13.008287,77.662507,0,0,0.0,0.0
Bengaluru City,K.R.Puram Traffic PS,1.04432e+16,2019,1,1,Road Accidents,Cross roads,City/Town,Residential area,Human Error,No,Grievous Injury,Not Applicable,Not Applicable,Curve,One way,Not Applicable,Dry,No influence on accident,Clear,M D PURA RINGE ROAD IN FRNOT OF NAGARJUNA APARMENTS,A,18FEET,12.994001,77.685435,0,0,0.0,0.0
Bengaluru City,K.R.Puram Traffic PS,1.04432e+16,2019,1,1,Road Accidents,Narrow road,City/Town,Near Hospital,Human Error,No,Fatal,Not Applicable,Not at  Junction,Straight and flat,One way,Bitumen(Tar),Dry,Not Applicable,Fine,"M D PURA RING ROAD, NEAR SELAM BRIDGE",A,39,12.971765,77.699337,0,0,0.0,0.0