DISTRICTNAME,UNITNAME,Crime_No,Year,RI,Noofvehicle_involved,Accident_Classification,Accident_Spot,Accident_Location,Accident_SubLocation,Main_Cause,Hit_Run,Severity,Collision_Type,Junction_Control,Road_Character,Road_Type,Surface_Type,Surface_Condition,Road_Condition,Weather,Accident_Road,Landmark_first,Distance_LandMark_First,Latitude,Longitude,Road_Condition_Score,Surface_Condition_Score,Surface_Type_Score,Road_Risk_Index
Bengaluru City,K.R.Puram Traffic PS,1.04432e+16,2019,1,2,Road Accidents,Cross roads,City/Town,Near a religious place,Human Error,Yes,Simple Injury,Vehicle to Vehicle,No signal lights,Others,Service Road,Bitumen(Tar),Others,Not Applicable,Clear,M D PURA NEAR MAHESWARI TEMPLE,STREET LIGHT,18FEET,12.989845,77.672333,0,1,0.0,1.0
Bengaluru City,K.R.Puram Traffic PS,1.04432e+16,2019,1,1,Road Accidents,Narrow road,City/Town,Near School or College,Not Applicable,Yes,Grievous Injury,Hit pedestrian,No signal lights,Not Applicable,Others,Not Applicable,Dry,Not Applicable,Clear,OMBR LAYOUT CMR COLLAGE ROAD NEAR UDIPI  HOTEL BENGALURU,A,26FEET,0.0,0.0,0,0,0.0,0.0
Bengaluru City,K.R.Puram Traffic PS,1.04432e+16,2019,1,2,Road Accidents,Cross roads,City/Town,Residential area,Not Applicable,Yes,Damage Only,Vehicle to Vehicle,No signal lights,Not Applicable,Not Applicable,Not Applicable,Dry,Not Applicable,Clear,M D PURA RINGE ROAD IN FRONT OF BAGAMANE TECH PARCK,A,22FEET,12.982527,77.692987,0,0,0.0,0.0
Bengaluru City,K.R.Puram Traffic PS,1.04432e+16,2019,1,1,Road Accidents,Narrow road,City/Town,Near Petrol Pump,Human Error,No,Fatal,Not Applicable,Not at  Junction,Curve,Others,Not Applicable,Dry,Not Applicable,Clear,KALKERE MAIN ROAD .NEAR BHARATH PETROL BUNK OLD SANTHE ROAD,A,24FEET,13.01854,77.677859,0,0,0.0,0.0
Bengaluru City,K.R.Puram Traffic PS,1.04432e+16,2019,1,1,Road Accidents,Narrow road,City/Town,Near Bus stop,Human Error,No,Fatal,Hit pedestrian,No signal lights,Others,Service Road,Not Applicable,Dry,Not Applicable,Clear,NEAR NCC APARTMENT.B NARAYANPURA,A,15FEET,12.994306,77.684949,0,0,0.0,0.0
Bengaluru City,K.R.Puram Traffic PS,1.04432e+16,2019,1,1,Road Accidents,Junction,City/Town,Near Hospital,Human Error,No,Simple Injury,Not Applicable,Not Applicable,Others,NH,Not Applicable,Dry,Not Applicable,Clear,O M ROAD K R PURA GOVT HOSPITAL,A,12FEET,13.008263,77.692422,0,0,0.0,0.0
Bengaluru City,K.R.Puram Traffic PS,1.04432e+16,2019,1,2,Road Accidents,Curves,City/Town,Near Petrol Pump,Human Error,No,Grievous Injury,Vehicle to Vehicle,Not Applicable,Others,NH,Not Applicable,Dry,Not Applicable,Clear,"OM ROAD ,KR PURA PETROL BUNK",A,5 FEET,13.007927,77.691432,0,0,0.0,0.0
Bengaluru City,K.R.Puram Traffic PS,1.04432e+16,2019,1,2,Road Accidents,Narrow road,Not Applicable,Open area,Human Error,Not Applicable,Damage Only,Rear end,Controlled,Not Applicable,City or Town Road,Bitumen(Tar),Dry,Not Applicable,Clear,O M ROAD I T I GATE,A,3KM,13.005281,77.685237,0,0,0.0,0.0
Bengaluru City,K.R.Puram Traffic PS,1.04432e+16,2019,1,2,Road Accidents,Curves,City/Town,Near Bus stop,Human Error,Yes,Grievous Injury,Vehicle to Vehicle,Not at  Junction,Curve,Others,Bitumen(Tar),Dry,Not Applicable,Clear,K CHANNASANDRA ROAD OPP TYLES STORE BENGALUR,A1,20FEET,13.041746,77.679702,0,0,0.0,0.0
Bengaluru City,K.R.Puram Traffic PS,1.04432e+16,2019,1,1,Road Accidents,Narrow road,Not Applicable,Open area,Human Error,Not Applicable,Simple Injury,Rear end,Controlled,Not Applicable,Not Applicable,Bitumen(Tar),Dry,Not Applicable,Clear,DEVASANDRA,A,2KM,0.0,0.0,0,0,0.0,0.0
Bengaluru City,K.R.Puram Traffic PS,1.04432e+16,2019,1,1,Rail Road Accidents,Narrow road,Not Applicable,Open area,Human Error,Not Applicable,Simple Injury,Rear end,Controlled,Not Applicable,City or Town Road,Not Applicable,Dry,Not Applicable,Clear,o m road,a,3km,13.021968,77.712877,0,0,0.0,0.0
Bengaluru City,K.R.Puram Traffic PS,1.04432e+16,2019,1,2,Road Accidents,Narrow road,City/Town,Open area,Human Error,No,Damage Only,Vehicle to Vehicle,Controlled,Not Applicable,Not Applicable,Concrete,Dry,Not Applicable,Not Applicable,T C PALYA MAIN ROAD NEAR DEVASANDRA,A,2KM,13.020664,77.684224,0,0,0.0,0.0
Bengaluru City,K.R.Puram Traffic PS,1.04432e+16,2019,1,2,Road Accidents,Cross roads,City/Town,Residential area,Human Error,Yes,Grievous Injury,Not Applicable,No signal lights,Curve,Others,Not Applicable,Dry,Not Applicable,Clear,GRAPHITE INDIA FACTORY BEHAND ROAD INFRONT OF  GM APARTMENT,A,5FEET,12.978177,77.708397,0,0,0.0,0.0
Bengaluru City,K.R.Puram Traffic PS,1.04432e+16,2019,1,2,Road Accidents,Not Applicable,City/Town,Residential area,Human Error,Yes,Grievous Injury,Vehicle to Vehicle,No signal lights,Others,NH,Not Applicable,Dry,Not Applicable,Clear,O M ROAD  K R PURA TRAFFICE STATION,A,10FEET,13.008199,77.694012,0,0,0.0,0.0
Bengaluru City,K.R.Puram Traffic PS,1.04432e+16,2019,1,2,Road Accidents,Not Applicable,City/Town,Near Hospital,Not Applicable,No,Grievous Injury,Vehicle to Vehicle,No signal lights,Not Applicable,One way,Not Applicable,Dry,Not Applicable,Clear,O M ROAD NEAR SATHAYA SAI HOSPITAL,A,12FEET,13.021402,77.713165,0,0,0.0,0.0
Bengaluru City,K.R.Puram Traffic PS,1.04432e+16,2019,1,2,Road Accidents,Narrow road,City/Town,Near Bus stop,Human Error,No,Grievous Injury,Vehicle to Vehicle,Not Applicable,Others,NH,Not Applicable,Dry,Not Applicable,Clear,"O M ROAD INFRONT OF SHREE RAM HOSPITAL ,K R PURA",A1,18FEET,13.008468,77.693825,0,0,0.0,0.0
Bengaluru City,K.R.Puram Traffic PS,1.04432e+16,2019,1,1,Road Accidents,Not Applicable,City/Town,Near Bus stop,Human Error,No,Simple Injury,Not Applicable,No signal lights,Not Applicable,NH,Bitumen(Tar),Not Applicable,Not Applicable,Clear,O M ROAD NEAR GANEESH TEMPLE,KEMPEGWODA STATUE,27FEET,13.008196,77.694919,0,0,0.0,0.0
Bengaluru City,K.R.Puram Traffic PS,1.04432e+16,2019,1,2,Road Accidents,Not Applicable,City/Town,Near Bus stop,Human Error,No,Simple Injury,Vehicle to Vehicle,No signal lights,Others,Others,Bitumen(Tar),Not Applicable,Not Applicable,Clear,MAHADEVAPURA RING ROAD NEAR MAHADEVAPURA BRIDGE,STREET LIGHT,25FEET,12.992697,77.686359,0,0,0.0,0.0
Bengaluru City,K.R.Puram Traffic PS,1.04432e+16,2019,1,1,Road Accidents,Other,City/Town,At pedestrian Crossing,Human Error,No,Grievous Injury,Hit pedestrian,Not at  Junction,Not Applicable,City or Town Road,Bitumen(Tar),Dry,Not Applicable,Clear,"WHITE CITY LAYOUT, 5 TH MAIN ROAD",A,25,0.0,0.0,0,0,0.0,0.0
Bengaluru City,K.R.Puram Traffic PS,1.04432e+16,2019,1,1,Road Accidents,Other,City/Town,Residential area,Not Applicable,No,Grievous Injury,Rear end,Not Applicable,Hump,City or Town Road,Not Applicable,Dry,Not Applicable,Clear,M D PURA RING ROAD,A,10 FEE,0.0,0.0,0,0,0.0,0.0
Bengaluru City,K.R.Puram Traffic PS,1.04432e+16,2019,1,1,Road Accidents,Other,City/Town,Near Bus stop,Human Error,Yes,Fatal,Hit and Run,No signal lights,Others,City or Town Road,Not Applicable,Dry,Not Applicable,Clear,R M NAGAR NEAR KASTHURI NAGAR,A,5 FEET,13.003743,77.663245,0,0,0.0,0.0
Bengaluru City,K.R.Puram Traffic PS,1.04432e+16,2019,1,1,Road Accidents,Narrow road,Not Applicable,Open area,Human Error,Not Applicable,Grievous Injury,Hit and Run,Controlled,Not Applicable,City or Town Road,Bitumen(Tar),Dry,Not Applicable,Clear,M D PURAM RING ROAD,A,4KM,12.994532,77.684883,0,0,0.0,0.0
Bengaluru City,K.R.Puram Traffic PS,1.04432e+16,2019,1,2,Road Accidents,Narrow road,Not Applicable,Open area,Human Error,Not Applicable,Damage Only,Rear end,Controlled,Not Applicable,City or Town Road,Not Applicable,Dry,Not Applicable,Clear,O M ROAD,A,2KM,0.0,0.0,0,0,0.0,0.0
Bengaluru City,K.R.Puram Traffic PS,1.04432e+16,2019,1,1,Road Accidents,Narrow road,Not Applicable,Open area,Human Error,Not Applicable,Grievous Injury,Hit and Run,Controlled,Not Applicable,City or Town Road,Bitumen(Tar),Dry,Not Applicable,Clear,S E A COLLEGE,A,3KM,0.0,0.0,0,0,0.0,0.0
Bengaluru City,K.R.Puram Traffic PS,1.04432e+16,2019,1,2,Road Accidents,Narrow road,City/Town,Near Petrol Pump,Human Error,Yes,Fatal,Vehicle to Vehicle,Not at  Junction,Straight and flat,Service Road,Bitumen(Tar),Dry,Not Applicable,Cloudy,"MAHADEVAPUR RING ROAD, NEAR KABAB MAGIC HOTEL",C,30,12.978699,77.695381,0,0,0.0,0.0
Bengaluru City,K.R.Puram Traffic PS,1.04432e+16,2019,1,2,Road Accidents,Junction,City/Town,Near Hospital,Human Error,No,Damage Only,Not Applicable,No signal lights,Hump,Service Road,Gravel,Dry,Not Applicable,Clear,M D PURA RING ROAD NEAR BAINBOW HOSPITAL,A,39FEET,12.975318,77.697462,0,0,3.0,3.0
Bengaluru City,K.R.Puram Traffic PS,1.04432e+16,2019,1,2,Road Accidents,Cross roads,City/Town,Open area,Human Error,Yes,Grievous Injury,Vehicle to Vehicle,No signal lights,Others,One way,Not Applicable,Dry,Not Applicable,Clear,SIGEHALLI MAIN ROAD NEAR PALY GORUND,A,6FEET,13.012325,77.76498,0,0,0.0,0.0
Bengaluru City,K.R.Puram Traffic PS,1.04432e+16,2019,1,1,Road Accidents,Cross roads,City/Town,Residential area,Human Error,Yes,Grievous Injury,Not Applicable,No signal lights,Not Applicable,Not Applicable,Not Applicable,Dry,Not Applicable,Others,B NARAYANAPURA 1ST CROSS H P  SOFT WARE,A,2FEET,12.993918,77.678607,0,0,0.0,0.0
Bengaluru City,K.R.Puram Traffic PS,1.04432e+16,2019,1,2,Road Accidents,Cross roads,City/Town,Residential area,Human Error,No,Simple Injury,Vehicle to Vehicle,No signal lights,Others,One way,Not Applicable,Dry,Not Applicable,Clear,DODDABANASAWADI MAIN ROAD AQENA SPORTS ARENA,A,5FEET,0.0,0.0,0,0,0.0,0.0
Bengaluru City,K.R.Puram Traffic PS,1.04432e+16,2019,1,2,Road Accidents,Cross roads,City/Town,Residential area,Not Applicable,No,Grievous Injury,Vehicle to Vehicle,No signal lights,Straight and flat,Service Road,Bitumen(Tar),Dry,Not Applicable,Clear,BRIGDEGE BACK GATE INFRONT OF KAVYA BAR GARUDCHAR PALYA,A,3 FEET,0.0,0.0,0,0,0.0,0.0
Bengaluru City,K.R.Puram Traffic PS,1.04432e+16,2019,1,1,Road Accidents,Cross roads,City/Town,Residential area,Human Error,Yes,Simple Injury,Not Applicable,No signal lights,Hump,One way,Not Applicable,Dry,Not Applicable,Clear,AYYAPPA NAGAR MAIN ROAD IN FRONT OG BCAMBRIDGE GARDEN,A,18FEET,0.0,0.0,0,0,0.0,0.0
Bengaluru City,K.R.Puram Traffic PS,1.04432e+16,2019,1,1,Road Accidents,Junction,City/Town,Near School or College,Human Error,Yes,Grievous Injury,Hit pedestrian,No signal lights,Others,Others,Not Applicable,Dry,Not Applicable,Clear,OM ROAD K.R PURA GOVT COLLEGE JUNCATION K.R.PURA,A,32FEET,13.013198,77.699736,0,0,0.0,0.0
Bengaluru City,K.R.Puram Traffic PS,1.04432e+16,2019,1,1,Road Accidents,Cross roads,City/Town,Near Bus stop,Human Error,No,Grievous Injury,Hit pedestrian,Not Applicable,Curve,Others,Not Applicable,Dry,Not Applicable,Clear,WEITE FIELD.L&T CIRCLE IN FRONT OF KPTO,A1,10FEET,12.0977174,77.719534,0,0,0.0,0.0
Bengaluru City,K.R.Puram Traffic PS,1.04432e+16,2019,1,2,Road Accidents,Culvert,City/Town,Residential area,Human Error,Yes,Grievous Injury,Hit and Run,No signal lights,Not Applicable,City or Town Road,Bitumen(Tar),Dry,Not Applicable,Clear,"VIJANAPURA BRIDGE, NEAR R M NAGARA RING ROAD",A,24,0.0,0.0,0,0,0.0,0.0
Bengaluru City,K.R.Puram Traffic PS,1.04432e+16,2019,1,2,Road Accidents,Narrow road,Not Applicable,Open area,Human Error,Not Applicable,Grievous Injury,Rear end,Controlled,Not Applicable,City or Town Road,Bitumen(Tar),Dry,Not Applicable,Clear,M D PURAM RING ROAD,A,4KM,12.994455,77.684843,0,0,0.0,0.0
Bengaluru City,K.R.Puram Traffic PS,1.04432e+16,2019,1,2,Road Accidents,Narrow road,City/Town,Open area,Human Error,Not Applicable,Damage Only,Rear end,Controlled,Not Applicable,City or Town Road,Bitumen(Tar),Dry,Not Applicable,Clear,O M ROAD,A,2KM,12.997012,77.669692,0,0,0.0,0.0
Bengaluru City,K.R.Puram Traffic PS,1.04432e+16,2019,1,2,Road Accidents,Narrow road,Not Applicable,Open area,Human Error,Not Applicable,Damage Only,Rear end,Controlled,Not Applicable,City or Town Road,Bitumen(Tar),Dry,Not Applicable,Clear,WHITE FIELD ROAD,A,5KM,0.0,0.0,0,0,0.0,0.0
Bengaluru City,K.R.Puram Traffic PS,1.04432e+16,2019,1,1,Road Accidents,Narrow road,Not Applicable,Open area,Human Error,No,Grievous Injury,Rear end,Controlled,Not Applicable,City or Town Road,Bitumen(Tar),Dry,Not Applicable,Clear,M D PURAM RING ROAD,A,4KM,0.0,0.0,0,0,0.0,0.0
Bengaluru City,K.R.Puram Traffic PS,1.04432e+16,2019,1,2,Road Accidents,Narrow road,Not Applicable,Open area,Human Error,Not Applicable,Fatal,Rear end,Controlled,Not Applicable,City or Town Road,Bitumen(Tar),Dry,Not Applicable,Clear,O M ROAD MEDAHALLI,A,2KM,0.0,0.0,0,0,0.0,0.0
Bengaluru City,K.R.Puram Traffic PS,1.04432e+16,2019,1,2,Road Accidents,Narrow road,Not Applicable,Open area,Human Error,Not Applicable,Grievous Injury,Hit and Run,Controlled,Not Applicable,City or Town Road,Bitumen(Tar),Dry,Not Applicable,Clear,R M NAGAR RING ROAD,A,5KM,0.0,0.0,0,0,0.0,0.0
Bengaluru City,K.R.Puram Traffic PS,1.04432e+16,2019,1,2,Road Accidents,Curves,City/Town,Near a factory industrial area,Not Applicable,No,Grievous Injury,Vehicle to Vehicle,No signal lights,Slight Curve,Sub Arterial,Bitumen(Tar),Dry,Not Applicable,Clear,"R.M.Nagar Ring Road, Unser Pass",Near ASR Convention Hall,4km,0.0,0.0,0,0,0.0,0.0
Bengaluru City,K.R.Puram Traffic PS,1.04432e+16,2019,1,2,Road Accidents,Not Applicable,City/Town,Open area,Not Applicable,No,Damage Only,Vehicle to Vehicle,No signal lights,Others,Arterial,Bitumen(Tar),Dry,Not Applicable,Clear,"white filed  road, infront of udyanagar cross",bridge wall,3km,12.997648,77.671229,0,0,0.0,0.0
Bengaluru City,K.R.Puram Traffic PS,1.04432e+16,2019,1,2,Road Accidents,Cross roads,City/Town,Residential area,Human Error,No,Grievous Injury,Vehicle to Vehicle,No signal lights,Hump,Service Road,Not Applicable,Dry,Not Applicable,Clear,O M ROAD NEAR K E B OFFICE,A,9FEET,0.0,0.0,0,0,0.0,0.0
Bengaluru City,K.R.Puram Traffic PS,1.04432e+16,2019,1,1,Road Accidents,Cross roads,City/Town,Residential area,Human Error,No,Fatal,Not Applicable,No signal lights,Others,One way,Not Applicable,Dry,Not Applicable,Clear,MAHADEVAPURA RINGE ROAD B NARAYANAPURA HDFC BANK,A,8FEET,0.0,0.0,0,0,0.0,0.0
Bengaluru City,K.R.Puram Traffic PS,1.04432e+16,2019,1,2,Road Accidents,Junction,City/Town,Near Petrol Pump,Not Applicable,Yes,Grievous Injury,Vehicle to Vehicle,Controlled,Straight and flat,State Highway,Bitumen(Tar),Dry,Not Applicable,Clear,O M ROAD NEAR TIN FACTORY,CORRENT FILLER,26FT,0.0,0.0,0,0,0.0,0.0
Bengaluru City,K.R.Puram Traffic PS,1.04432e+16,2019,1,1,Road Accidents,Narrow road,City/Town,Narrow bridge or culverts,Human Error,No,Fatal,Not Applicable,Not Applicable,Straight and flat,NH,Bitumen(Tar),Dry,Not Applicable,Fine,"OLD MADRAS ROAD, K R PURA BRIDGE ROAD.",A,33,13.000987,77.678056,0,0,0.0,0.0
Bengaluru City,K.R.Puram Traffic PS,1.04432e+16,2019,1,2,Road Accidents,Narrow road,City/Town,Open area,Not Applicable,Yes,Fatal,Vehicle to Vehicle,Signal lights Manual,Not Applicable,NH,Bitumen(Tar),Dry,Not Applicable,Clear,O M ROAD BHATARAHALLI SIGNAL,A1,12FT,13.019623,77.7086832,0,0,0.0,0.0
Bengaluru City,K.R.Puram Traffic PS,1.04432e+16,2019,1,2,Road Accidents,Narrow road,Not Applicable,Open area,Human Error,Not Applicable,Damage Only,Rear end,Controlled,Not Applicable,City or Town Road,Bitumen(Tar),Dry,Not Applicable,Clear,M D PURAM RING RODA,A,5KM,0.0,0.0,0,0,0.0,0.0
Bengaluru City,K.R.Puram Traffic PS,1.04432e+16,2019,1,2,Road Accidents,Narrow road,Not Applicable,Open area,Human Error,No,Damage Only,Hit and Run,Controlled,Not Applicable,City or Town Road,Bitumen(Tar),Dry,Not Applicable,Clear,R M NAGAR RING ROAD,A,4KM,13.002698,77.663351,0,0,0.0,0.0
Bengaluru City,K.R.Puram Traffic PS,1.04432e+16,2019,1,2,Road Accidents,Narrow road,Not Applicable,Open area,Human Error,Not Applicable,Grievous Injury,Hit and Run,Controlled,Not Applicable,City or Town Road,Bitumen(Tar),Dry,Not Applicable,Clear,WHITE FIELD ROAD,A,3KM,0.0,0.0,0,0,0.0,0.0
Bengaluru City,K.R.Puram Traffic PS,1.04432e+16,2019,1,2,Road Accidents,Narrow road,Not Applicable,Open area,Human Error,Not Applicable,Grievous Injury,Hit and Run,Controlled,Not Applicable,City or Town Road,Bitumen(Tar),Dry,Not Applicable,Clear,M D PURAM RING ROAD,A,5KM,12.989258,77.688695,0,0,0.0,0.0
Bengaluru City,K.R.Puram Traffic PS,1.04432e+16,2019,1,1,Rail Road Accidents,Narrow road,Not Applicable,Open area,Human Error,Not Applicable,Simple Injury,Rear end,Controlled,Not Applicable,City or Town Road,Bitumen(Tar),Dry,Not Applicable,Clear,M D PURAM,A,4KM,13.0052722,77.685249,0,0,0.0,0.0
Bengaluru City,K.R.Puram Traffic PS,1.04432e+16,2019,1,1,Road Accidents,Junction,City/Town,Narrow bridge or culverts,Human Error,No,Grievous Injury,Not Applicable,No signal lights,Others,Others,Not Applicable,Dry,Not Applicable,Clear,R M NAGAR RINGE ROAD HORAMAVU BRIDGE,A,27FEET,13.0190092,77.655955,0,0,0.0,0.0
Bengaluru City,K.R.Puram Traffic PS,1.04432e+16,2019,1,1,Road Accidents,Not Applicable,City/Town,Residential area,Human Error,No,Grievous Injury,Not Applicable,No signal lights,Others,One way,Not Applicable,Dry,Not Applicable,Clear,KALKERE MAIN ROAD NEAR  ANJINEYA TEMPALE,A,10FEET,0.0,0.0,0,0,0.0,0.0
Bengaluru City,K.R.Puram Traffic PS,1.04432e+16,2019,1,2,Road Accidents,Cross roads,City/Town,Residential area,Human Error,No,Fatal,Vehicle to Vehicle,No signal lights,Others,Service Road,Not Applicable,Dry,Not Applicable,Clear,O M ROAD K R PURA BRIDGE MASHIDI ROAD,A,35FEET,0.0,0.0,0,0,0.0,0.0
Bengaluru City,K.R.Puram Traffic PS,1.04432e+16,2019,1,2,Road Accidents,Cross roads,City/Town,Near Bus stop,Human Error,Yes,Grievous Injury,Vehicle to Vehicle,No signal lights,Curve,Service Road,Not Applicable,Dry,Not Applicable,Clear,I T I DIPO ROAD I T I BUS STOP,A,20FEET,13.002185,77.683233,0,0,0.0,0.0
Bengaluru City,K.R.Puram Traffic PS,1.04432e+16,2019,1,1,Road Accidents,Narrow road,City/Town,Near Bus stop,Human Error,No,Fatal,Not Applicable,Not Applicable,Others,Service Road,Not Applicable,Dry,Not Applicable,Clear,O.M ROAD .ITI SERVIUCE ROAD NEARSPEED BREKAER,A,50FEET,13.004111,77.683052,0,0,0.0,0.0
Bengaluru City,K.R.Puram Traffic PS,1.04432e+16,2019,1,2,Road Accidents,Cross roads,City/Town,Near Bus stop,Human Error,No,Grievous Injury,Vehicle to Vehicle,Not at  Junction,Others,Service Road,Not Applicable,Dry,Not Applicable,Clear,"nandhanam coloy 10TH MAIN ,INFRONT OF SANJU SUPER MERKET",A,8FEET,13.022044,77.659486,0,0,0.0,0.0
Bengaluru City,K.R.Puram Traffic PS,1.04432e+16,2019,1,1,Road Accidents,Narrow road,Not Applicable,Open area,Human Error,Not Applicable,Grievous Injury,Hit and Run,Controlled,Not Applicable,City or Town Road,Bitumen(Tar),Dry,Not Applicable,Clear,M D PURAM RING ROAD,A,5KM,0.0,0.0,0,0,0.0,0.0
Bengaluru City,K.R.Puram Traffic PS,1.04432e+16,2019,1,2,Not Applicable,Other,City/Town,Near a factory industrial area,Human Error,Yes,Not Applicable,Hit and Run,Uncontrolled,Not Applicable,Others,Bitumen(Tar),Dry,Not Applicable,Others,"HOODI ROAD, NEAR GOLDEN STAR APARTMENTS.",A,30,0.0,0.0,0,0,0.0,0.0
Bengaluru City,K.R.Puram Traffic PS,1.04432e+16,2019,1,1,Road Accidents,Narrow road,City/Town,Near Bus stop,Human Error,Yes,Fatal,Hit pedestrian,Not at  Junction,Straight and flat,Others,Bitumen(Tar),Dry,Not Applicable,Clear,"R M NAGARA RING ROAD, NEAR VIJAYA BANK COLONY BUS STOP.",A,12,13.017055,77.660307,0,0,0.0,0.0
Bengaluru City,K.R.Puram Traffic PS,1.04432e+16,2019,1,2,Road Accidents,Narrow road,Not Applicable,Open area,Human Error,Not Applicable,Simple Injury,Hit and Run,Controlled,Not Applicable,City or Town Road,Bitumen(Tar),Dry,Not Applicable,Clear,M D PURAM RING ROAD,A,4KM,0.0,0.0,0,0,0.0,0.0
Bengaluru City,K.R.Puram Traffic PS,1.04432e+16,2019,1,2,Road Accidents,Narrow road,Not Applicable,Open area,Human Error,Not Applicable,Simple Injury,Rear end,Controlled,Not Applicable,City or Town Road,Bitumen(Tar),Dry,Not Applicable,Clear,O M ROAD,A,2KM,13.019478,77.708434,0,0,0.0,0.0
Bengaluru City,K.R.Puram Traffic PS,1.04432e+16,2019,1,2,Road Accidents,Narrow road,Not Applicable,Open area,Human Error,Not Applicable,Damage Only,Rear end,Controlled,Not Applicable,City or Town Road,Bitumen(Tar),Dry,Not Applicable,Clear,T C PALYA MAIN RAOD,A,3KM,13.020511,77.675795,0,0,0.0,0.0
Bengaluru City,K.R.Puram Traffic PS,1.04432e+16,2019,1,2,Road Accidents,Narrow road,City/Town,Near Hospital,Human Error,No,Fatal,Vehicle to Vehicle,Not at  Junction,Straight and flat,NH,Bitumen(Tar),Dry,Not Applicable,Fine,"OLD MADRAS ROAD, OPP. L G BAR, BHATTARAHALLI",A,30,13.023139,77.714663,0,0,0.0,0.0
Bengaluru City,K.R.Puram Traffic PS,1.04432e+16,2019,1,1,Road Accidents,Narrow road,City/Town,Near Bus stop,Human Error,Yes,Fatal,Hit pedestrian,Not Applicable,Not Applicable,NH,Not Applicable,Dry,Not Applicable,Clear,"R M NAGAR RING ROAD, KASTHURINAGAR BRIDGE ROAD",A,25FEET,12.997291,77.664085,0,0,0.0,0.0
Bengaluru City,K.R.Puram Traffic PS,1.04432e+16,2019,1,2,Road Accidents,Not Applicable,City/Town,Near Bus stop,Human Error,Yes,Damage Only,Vehicle to Vehicle,No signal lights,Curve,NH,Not Applicable,Dry,Not Applicable,Clear,"O.M.ROAD .KR,PURAM .FLY OVER ,BENGALURU CITY ,KARANATAKA.560036",A,15 FET,12.997074,77.669769,0,0,0.0,0.0
Bengaluru City,K.R.Puram Traffic PS,1.04432e+16,2019,1,2,Road Accidents,Cross roads,City/Town,Near Hospital,Human Error,No,Grievous Injury,Not Applicable,No signal lights,Hump,Others,Not Applicable,Dry,Not Applicable,Clear,O M ROAD BATTARAHALLI NEAR SATHYA SAI HOSPITAL,A,14FEET,13.021805,77.712801,0,0,0.0,0.0
Bengaluru City,K.R.Puram Traffic PS,1.04432e+16,2019,1,1,Road Accidents,Cross roads,City/Town,Residential area,Human Error,Yes,Grievous Injury,Not Applicable,No signal lights,Others,Not Applicable,Not Applicable,Dry,Not Applicable,Clear,WHITENFHILAD ROAD BEML SHO ROME,A,24FEET,12.996044,77.693752,0,0,0.0,0.0
Bengaluru City,K.R.Puram Traffic PS,1.04432e+16,2019,1,1,Road Accidents,Junction,City/Town,In bazaar,Human Error,No,Fatal,Hit pedestrian,Not Applicable,Others,Others,Not Applicable,Dry,Not Applicable,Clear,M D PURA RINGE ROAD INFRONT OF MORE MARKET,A,12FEET,12.988772,77.689195,0,0,0.0,0.0
Bengaluru City,K.R.Puram Traffic PS,1.04432e+16,2019,1,2,Road Accidents,Cross roads,City/Town,Residential area,Human Error,Yes,Damage Only,Vehicle to Vehicle,No signal lights,Not Applicable,Others,Not Applicable,Dry,Not Applicable,Clear,R M NAGAR MAIN ROAD IN FRONT OF BATASHOW ROOM,A,8FEET,13.011305,77.674968,0,0,0.0,0.0
Bengaluru City,K.R.Puram Traffic PS,1.04432e+16,2019,1,2,Road Accidents,Cross roads,City/Town,Near Petrol Pump,Human Error,Yes,Damage Only,Vehicle to Vehicle,No signal lights,Hump,Service Road,Not Applicable,Dry,Not Applicable,Clear,WHITE FIELD ROAD NEAR HP PETROL BUNK,A,12FEET,0.0,0.0,0,0,0.0,0.0
Bengaluru City,K.R.Puram Traffic PS,1.04432e+16,2019,1,3,Road Accidents,Junction,City/Town,Near Bus stop,Human Error,No,Grievous Injury,Vehicle to Vehicle,Signal lights Automatic,Others,Not Applicable,Not Applicable,Dry,Not Applicable,Clear,O.M ROAD TIN FACTORY BENGALURU,A,5FEET,12.996953,77.669548,0,0,0.0,0.0
Bengaluru City,K.R.Puram Traffic PS,1.04432e+16,2019,1,2,Road Accidents,Not Applicable,City/Town,In bazaar,Human Error,Yes,Damage Only,Vehicle to Vehicle,No signal lights,Others,Others,Bitumen(Tar),Dry,Not Applicable,Clear,M D PURA RING ROAD INFRONT OFF TATAL MAAL,STREET LIGHT,22FEET,12.97963,77.694744,0,0,0.0,0.0
Bengaluru City,K.R.Puram Traffic PS,1.04432e+16,2019,1,2,Road Accidents,Narrow road,Not Applicable,Open area,Human Error,Not Applicable,Grievous Injury,Hit and Run,Controlled,Not Applicable,City or Town Road,Bitumen(Tar),Dry,Not Applicable,Clear,O M ROAD,A,3KM,0.0,0.0,0,0,0.0,0.0
Bengaluru City,K.R.Puram Traffic PS,1.04432e+16,2019,1,2,Road Accidents,Narrow road,Not Applicable,Open area,Human Error,Not Applicable,Grievous Injury,Hit and Run,Controlled,Not Applicable,City or Town Road,Not Applicable,Dry,Not Applicable,Clear,R M NAGAR RING ROAD,A,4KM,13.012733,77.664493,0,0,0.0,0.0
Bengaluru City,K.R.Puram Traffic PS,1.04432e+16,2019,1,2,Road Accidents,Narrow road,Not Applicable,Open area,Human Error,Not Applicable,Grievous Injury,Hit and Run,Controlled,Not Applicable,City or Town Road,Bitumen(Tar),Dry,Not Applicable,Clear,O M ROAD BATTARAHALLI,A,2KM,13.019431,77.708574,0,0,0.0,0.0
Bengaluru City,K.R.Puram Traffic PS,1.04432e+16,2019,1,2,Road Accidents,Narrow road,City/Town,Open area,Human Error,Not Applicable,Grievous Injury,Rear end,Controlled,Not Applicable,City or Town Road,Bitumen(Tar),Dry,Not Applicable,Clear,BATTARAHALLI,A,3KM,13.019942,77.714683,0,0,0.0,0.0