DISTRICTNAME,UNITNAME,Crime_No,Year,RI,Noofvehicle_involved,Accident_Classification,Accident_Spot,Accident_Location,Accident_SubLocation,Main_Cause,Hit_Run,Severity,Collision_Type,Junction_Control,Road_Character,Road_Type,Surface_Type,Surface_Condition,Road_Condition,Weather,Accident_Road,Landmark_first,Distance_LandMark_First,Latitude,Longitude,Road_Condition_Score,Surface_Condition_Score,Surface_Type_Score,Road_Risk_Index
Bengaluru City,K.R.Puram Traffic PS,1.04432e+16,2020,1,2,Road Accidents,Junction,City/Town,Residential area,Human Error,No,Grievous Injury,Vehicle to Vehicle,No signal lights,Others,NH,Not Applicable,Dry,Not Applicable,Clear,O M ROAD  IN FRONT OF NANDAN HOTEL,A,32FEET,13.008482,77.69597,0,0,0.0,0.0
Bengaluru City,K.R.Puram Traffic PS,1.04432e+16,2020,1,1,Road Accidents,Not Applicable,City/Town,Near Bus stop,Human Error,Yes,Grievous Injury,Hit pedestrian,No signal lights,Others,Others,Bitumen(Tar),Not Applicable,Not Applicable,Clear,R M NAGAR RING ROAD INFRONT OFF BIG BAZZAR,STREET LIGHT,23FEET,13.017454,77.659163,0,0,0.0,0.0
Bengaluru City,K.R.Puram Traffic PS,1.04432e+16,2020,1,2,Road Accidents,Not Applicable,City/Town,Near Hospital,Human Error,Yes,Damage Only,Vehicle to Vehicle,No signal lights,Not Applicable,NH,Bitumen(Tar),Dry,Not Applicable,Clear,O M ROAD  NEAR SATYA SAI HOPITAL,STREET LIGHT,28FEET,0.0,0.0,0,0,0.0,0.0
Bengaluru City,K.R.Puram Traffic PS,1.04432e+16,2020,1,2,Road Accidents,Not Applicable,City/Town,Near Bus stop,Human Error,No,Simple Injury,Vehicle to Vehicle,No signal lights,Others,Others,Bitumen(Tar),Dry,Not Applicable,Clear,HOODI GRAFAITE ROAD NEAR LORY STAND,STREET LIGHT,15FEET,12.991221,77.714853,0,0,0.0,0.0
Bengaluru City,K.R.Puram Traffic PS,1.04432e+16,2020,1,2,Road Accidents,Not Applicable,City/Town,Near Bus stop,Human Error,No,Grievous Injury,Vehicle to Vehicle,No signal lights,Others,Others,Bitumen(Tar),Dry,Not Applicable,Clear,R M NAGAR RING ROAD  NEAR KASTURINAGAR BUS STOP,STREET LIGHT,39FEET,13.004193,77.663264,0,0,0.0,0.0
Bengaluru City,K.R.Puram Traffic PS,1.04432e+16,2020,1,1,Road Accidents,Not Applicable,City/Town,Near Bus stop,Human Error,No,Grievous Injury,Hit pedestrian,No signal lights,Not Applicable,Others,Bitumen(Tar),Dry,Not Applicable,Clear,M D PURA RING ROAD INFRONT OFF TRUE VALLY,STREET LIGHT,26FEET,12.989289,77.688644,0,0,0.0,0.0
Bengaluru City,K.R.Puram Traffic PS,1.04432e+16,2020,1,1,Road Accidents,Narrow road,City/Town,Narrow bridge or culverts,Not Applicable,Yes,Fatal,Hit pedestrian,Not at  Junction,Others,Others,Bitumen(Tar),Dry,Not Applicable,Clear,M D PURA,A1,32FT,12.994874,77.684814,0,0,0.0,0.0
Bengaluru City,K.R.Puram Traffic PS,1.04432e+16,2020,1,1,Road Accidents,Narrow road,City/Town,Narrow bridge or culverts,Not Applicable,Yes,Damage Only,Not Applicable,Controlled,Others,Others,Bitumen(Tar),Dry,Not Applicable,Clear,R M NAGARA RING ROAD NEAR KASTURI NAGARA,A1,15,13.003694,77.663274,0,0,0.0,0.0
Bengaluru City,K.R.Puram Traffic PS,1.04432e+16,2020,1,2,Road Accidents,Circle,City/Town,Near School or College,Human Error,No,Damage Only,Vehicle to Vehicle,Not Applicable,Curve,Others,Bitumen(Tar),Dry,Not Applicable,Clear,O M B R LEY-OUT NEAR CMR LAW COLLEGE,A1,28FEET,13.006076,77.648542,0,0,0.0,0.0
Bengaluru City,K.R.Puram Traffic PS,1.04432e+16,2020,1,1,Road Accidents,Junction,City/Town,Near Bus stop,Human Error,No,Grievous Injury,Not Applicable,No signal lights,Others,One way,Not Applicable,Dry,Not Applicable,Clear,R M NAGAR MAIN ROAD ALADAMARA BUS STOP,A,8FEET,13.011452,77.676775,0,0,0.0,0.0
Bengaluru City,K.R.Puram Traffic PS,1.04432e+16,2020,1,1,Road Accidents,Junction,City/Town,Residential area,Human Error,No,Fatal,Not Applicable,No signal lights,Others,Others,Not Applicable,Dry,Not Applicable,Clear,M D PURA RINGE ROAD IN FRONT OFB EMC 2,A,32FEET,12.984258,77.69199,0,0,0.0,0.0
Bengaluru City,K.R.Puram Traffic PS,1.04432e+16,2020,1,1,Road Accidents,Cross roads,City/Town,Near Bus stop,Human Error,No,Grievous Injury,Hit pedestrian,Not Applicable,Curve,Not Applicable,Not Applicable,Dry,Not Applicable,Clear,R MNAGAR RING ROAD NEAR KASTHURINAGAR SERIVCE ROAD,A1,21FEET,13.003654,77.6634456,0,0,0.0,0.0
Bengaluru City,K.R.Puram Traffic PS,1.04432e+16,2020,1,2,Road Accidents,Not Applicable,City/Town,Near Bus stop,Human Error,Yes,Grievous Injury,Vehicle to Vehicle,No signal lights,Not Applicable,Others,Bitumen(Tar),Dry,Not Applicable,Clear,O M ROAD  SERVICE ROAD NEAR INDIAN PETROL BUNK,STREET LIGHT,22FEET,13.00319,77.682009,0,0,0.0,0.0
Bengaluru City,K.R.Puram Traffic PS,1.04432e+16,2020,1,2,Road Accidents,Not Applicable,City/Town,Near a factory industrial area,Human Error,Yes,Simple Injury,Vehicle to Vehicle,No signal lights,Others,Others,Bitumen(Tar),Dry,Not Applicable,Clear,ALFAIN RAOD  NEAR ALFANICA APPARTMENT,STREET LIGHT,25 FEE,12.972679,77.700803,0,0,0.0,0.0
Bengaluru City,K.R.Puram Traffic PS,1.04432e+16,2020,1,2,Road Accidents,Curves,City/Town,Near Petrol Pump,Human Error,No,Grievous Injury,Vehicle to Vehicle,No signal lights,Curve,Others,Concrete,Dry,Not Applicable,Clear,R M NAGAR MAIN ROAD  NFAR ASR KALYANA MANTAP,STREET LIGHT,21FEET,13.016426,77.661758,0,0,0.0,0.0
Bengaluru City,K.R.Puram Traffic PS,1.04432e+16,2020,1,2,Road Accidents,Cross roads,City/Town,Near Bus stop,Human Error,No,Damage Only,Vehicle to Vehicle,Not Applicable,Not Applicable,Not Applicable,Bitumen(Tar),Dry,Not Applicable,Clear,O M ROADNEAR KR OPUR BRIDGE,A1,9FEET,12.998743,77.673099,0,0,0.0,0.0
Bengaluru City,K.R.Puram Traffic PS,1.04432e+16,2020,1,1,Road Accidents,Junction,City/Town,Near Bus stop,Human Error,No,Fatal,Hit pedestrian,Signal lights Automatic,Others,Others,Bitumen(Tar),Not Applicable,Not Applicable,Clear,O M ROAD NEAR TIN FACTORY,STREET LIGHT,30FEET,12.996934,77.669319,0,0,0.0,0.0
Bengaluru City,K.R.Puram Traffic PS,1.04432e+16,2020,1,2,Road Accidents,Not Applicable,City/Town,Residential area,Human Error,Yes,Grievous Injury,Vehicle to Vehicle,No signal lights,Others,Others,Not Applicable,Dry,Not Applicable,Clear,O M ROAD IN FRONT OF RAVANI TIMBERS,A,33FEET,13.020658,77.710493,0,0,0.0,0.0
Bengaluru City,K.R.Puram Traffic PS,1.04432e+16,2020,1,2,Road Accidents,Not Applicable,City/Town,Near a religious place,Human Error,Yes,Grievous Injury,Vehicle to Vehicle,No signal lights,Others,Others,Bitumen(Tar),Dry,Not Applicable,Clear,WHITE FEELDROAD NEAR DARGA MOHALLA,STEET LIGHT,23FEET,12.998137,77.671641,0,0,0.0,0.0
Bengaluru City,K.R.Puram Traffic PS,1.04432e+16,2020,1,2,Road Accidents,Narrow road,City/Town,Near Hospital,Not Applicable,No,Simple Injury,Vehicle to Vehicle,Controlled,Not Applicable,NH,Bitumen(Tar),Dry,Not Applicable,Clear,O M ROAD K R PURA GOVT HOSPITAL,A1,14,13.008237,77.692541,0,0,0.0,0.0
Bengaluru City,K.R.Puram Traffic PS,1.04432e+16,2020,1,2,Road Accidents,Not Applicable,City/Town,Near Bus stop,Human Error,Yes,Fatal,Vehicle to Vehicle,No signal lights,Not Applicable,Others,Bitumen(Tar),Dry,Not Applicable,Clear,R M NAGAR  RING ROAD SERVICE ROAD,STREET LIGHT,36FEET,13.008678,77.662681,0,0,0.0,0.0
Bengaluru City,K.R.Puram Traffic PS,1.04432e+16,2020,1,2,Road Accidents,Not Applicable,City/Town,Near Bus stop,Human Error,No,Grievous Injury,Vehicle to Vehicle,No signal lights,Others,Others,Bitumen(Tar),Dry,Not Applicable,Clear,M D PURA RING ROAD NEAR DODDANEKKUNDI BRIDGE,STREET LIGHT,42FEET,12.982288,77.693119,0,0,0.0,0.0
Bengaluru City,K.R.Puram Traffic PS,1.04432e+16,2020,1,2,Road Accidents,Narrow road,City/Town,Near Bus stop,Not Applicable,Yes,Grievous Injury,Vehicle to Vehicle,Not at  Junction,Others,NH,Bitumen(Tar),Dry,Not Applicable,Clear,O M ROAD SERVICE ROAD A2B HOTEL,A1,56FT,13.019991,77.709719,0,0,0.0,0.0
Bengaluru City,K.R.Puram Traffic PS,1.04432e+16,2020,1,2,Road Accidents,Narrow road,City/Town,Narrow bridge or culverts,Human Error,Yes,Fatal,Vehicle to Vehicle,Not at  Junction,Straight and flat,NH,Bitumen(Tar),Dry,Not Applicable,Fine,"OLD MADRAS ROAD, MEDHALLI BRIDGE ROAD,",A,32,13.025804,77.719782,0,0,0.0,0.0
Bengaluru City,K.R.Puram Traffic PS,1.04432e+16,2020,1,3,Road Accidents,Junction,City/Town,Near Bus stop,Human Error,No,Grievous Injury,Vehicle to Vehicle,Signal lights Automatic,Others,NH,Bitumen(Tar),Dry,Not Applicable,Clear,O M ROAD TC PAYA SIGNAL,SIGNAL LIGHT FOAL,52FEET,13.017065,77.704572,0,0,0.0,0.0
Bengaluru City,K.R.Puram Traffic PS,1.04432e+16,2020,1,2,Road Accidents,Not Applicable,City/Town,Near Bus stop,Human Error,No,Simple Injury,Vehicle to Vehicle,Not at  Junction,Curve,One way,Bitumen(Tar),Dry,Not Applicable,Clear,DISEL SHED ROAD KR PURA,A1,4FEET,13.007128,77.692566,0,0,0.0,0.0
Bengaluru City,K.R.Puram Traffic PS,1.04432e+16,2020,1,2,Road Accidents,Narrow road,City/Town,Open area,Not Applicable,No,Simple Injury,Vehicle to Vehicle,Not at  Junction,Others,Others,Bitumen(Tar),Dry,Not Applicable,Clear,DEVASANDRA MAIN ROAD NEAR KAVERI APTICLES,A1,25,13.005207,77.702505,0,0,0.0,0.0
Bengaluru City,K.R.Puram Traffic PS,1.04432e+16,2020,1,1,Road Accidents,Junction,City/Town,Near Bus stop,Human Error,No,Damage Only,Not Applicable,Signal lights Automatic,Not Applicable,NH,Bitumen(Tar),Dry,Not Applicable,Clear,"O M ROAD K R PURA GOVT, COLLEGE SIGNAL INFRONT OF ADISWARA SHO ROOM",STREET LIGHT,20FEET,13.01298,77.699611,0,0,0.0,0.0
Bengaluru City,K.R.Puram Traffic PS,1.04432e+16,2020,1,1,Road Accidents,Narrow road,City/Town,Near office complex,Human Error,Yes,Fatal,Hit pedestrian,Not at  Junction,Not Applicable,Others,Bitumen(Tar),Dry,Not Applicable,Fine,"M D PURA RING ROAD, OPP. EMC SQUARE.",A,32,12.986044,77.690788,0,0,0.0,0.0
Bengaluru City,K.R.Puram Traffic PS,1.04432e+16,2020,1,2,Road Accidents,Road hump or Rumble strips,City/Town,Near Bus stop,Human Error,Yes,Damage Only,Vehicle to Vehicle,Signal lights Automatic,Others,NH,Bitumen(Tar),Dry,Not Applicable,Clear,O M ROAD NEAR  NEW K R PURA TRAFFIC POLICE STATION,STREET LIGHT,28FEET,13.011756,77.698885,0,0,0.0,0.0
Bengaluru City,K.R.Puram Traffic PS,1.04432e+16,2020,1,1,Road Accidents,Junction,City/Town,Near Hospital,Human Error,Yes,Simple Injury,Not Applicable,No signal lights,Others,Two way,Not Applicable,Dry,Not Applicable,Clear,M D PURA RINGE ROAD IN FRONT OF RAINBOW HOSPITAL,A,31FEET,12.975053,77.697529,0,0,0.0,0.0
Bengaluru City,K.R.Puram Traffic PS,1.04432e+16,2020,1,1,Road Accidents,Junction,City/Town,Residential area,Human Error,No,Grievous Injury,Not Applicable,No signal lights,Others,Residential Street,Not Applicable,Dry,Not Applicable,Clear,WHITE FILED ROAD NEAR DECATHLON,A,18FEET,12.994369,77.700725,0,0,0.0,0.0
Bengaluru City,K.R.Puram Traffic PS,1.04432e+16,2020,1,1,Road Accidents,Curves,City/Town,Near Bus stop,Human Error,Yes,Simple Injury,Hit pedestrian,Not at  Junction,Others,NH,Bitumen(Tar),Dry,Not Applicable,Clear,O MROAD NEAR ITI GATE,A1,20FEET,13.005017,77.68503,0,0,0.0,0.0
Bengaluru City,K.R.Puram Traffic PS,1.04432e+16,2020,1,1,Road Accidents,Not Applicable,City/Town,Near Bus stop,Human Error,No,Grievous Injury,Hit pedestrian,Not at  Junction,Curve,Others,Not Applicable,Dry,Not Applicable,Clear,"M D PURA  RING ROAD ,INFRONT OF TOTAN MALL",A1,14FEET,12.979687,77.694764,0,0,0.0,0.0
Bengaluru City,K.R.Puram Traffic PS,1.04432e+16,2020,1,2,Road Accidents,Cross roads,City/Town,Near Bus stop,Human Error,Yes,Grievous Injury,Vehicle to Vehicle,Not Applicable,Curve,Others,Bitumen(Tar),Dry,Not Applicable,Clear,R M NAGAR MAIN ROAD NEAR MANIPAL CLINIK,A1,20FEET,13.011672,77.670076,0,0,0.0,0.0
Bengaluru City,K.R.Puram Traffic PS,1.04432e+16,2020,1,1,Road Accidents,Not Applicable,City/Town,Near a religious place,Human Error,No,Grievous Injury,Not Applicable,No signal lights,Others,Others,Bitumen(Tar),Dry,Not Applicable,Clear,GARUDACHAL PALYA NEAR ANJANEYA TEMPLE,STREET LIGHT,0,12.990722,77.70028,0,0,0.0,0.0
Bengaluru City,K.R.Puram Traffic PS,1.04432e+16,2020,1,1,Road Accidents,Curves,City/Town,Near office complex,Human Error,No,Fatal,Not Applicable,No signal lights,Curve,NH,Bitumen(Tar),Dry,Not Applicable,Fine,"OLD MADRAS ROAD, OPP. APOLO PHARMACY, K R PURA",A,32,0.0,0.0,0,0,0.0,0.0
Bengaluru City,K.R.Puram Traffic PS,1.04432e+16,2020,1,2,Road Accidents,Not Applicable,City/Town,Near Bus stop,Human Error,No,Grievous Injury,Vehicle to Vehicle,Signal lights Automatic,Others,NH,Bitumen(Tar),Dry,Not Applicable,Clear,O M ROAD BATTARAHALLI SERVICE ROAD INFRONT OF A2B HOTEL,STREET LIGHT,20FEET,13.019957,77.70967,0,0,0.0,0.0
Bengaluru City,K.R.Puram Traffic PS,1.04432e+16,2020,1,1,Road Accidents,Cross roads,City/Town,Residential area,Human Error,Yes,Grievous Injury,Vehicle to Vehicle,No signal lights,Others,Others,Not Applicable,Dry,Not Applicable,Clear,KLKERE MAIN ROAD MORE SUPER MARKET,A,29FEET,13.019425,77.678175,0,0,0.0,0.0
Bengaluru City,K.R.Puram Traffic PS,1.04432e+16,2020,1,2,Road Accidents,Not Applicable,City/Town,Near Bus stop,Human Error,No,Grievous Injury,Vehicle to Vehicle,Not at  Junction,Not Applicable,Others,Bitumen(Tar),Dry,Not Applicable,Clear,SEEGEHALLI MAIN ROAD NEAR KARAVALI HOTEL,A1,24FEET,13.006214,77.716984,0,0,0.0,0.0
Bengaluru City,K.R.Puram Traffic PS,1.04432e+16,2020,1,2,Road Accidents,Narrow road,City/Town,Residential area,Not Applicable,Yes,Grievous Injury,Vehicle to Vehicle,Not Applicable,Others,Others,Bitumen(Tar),Dry,Not Applicable,Clear,M D PURA RING ROAD NEAR  N C C APTS,A1,7FT,12.993966,77.685169,0,0,0.0,0.0
Bengaluru City,K.R.Puram Traffic PS,1.04432e+16,2020,1,1,Road Accidents,Cross roads,City/Town,Near Bus stop,Human Error,No,Grievous Injury,Hit pedestrian,Not Applicable,Curve,Not Applicable,Bitumen(Tar),Dry,Not Applicable,Clear,M D PURA RING ROAD NEAR GOLD STONE BILIDING,A1,20FEET,12.983798,77.692126,0,0,0.0,0.0
Bengaluru City,K.R.Puram Traffic PS,1.04432e+16,2020,1,1,Road Accidents,Narrow road,City/Town,Open area,Not Applicable,Yes,Grievous Injury,Hit pedestrian,No signal lights,Straight and flat,Others,Bitumen(Tar),Dry,Not Applicable,Clear,T C PALYA MAIN ROAD INFRONT OF URBEN TREDRS,A1,43FT,13.021192,77.679328,0,0,0.0,0.0
Bengaluru City,K.R.Puram Traffic PS,1.04432e+16,2020,1,1,Road Accidents,Not Applicable,City/Town,Near Petrol Pump,Human Error,No,Fatal,Not Applicable,No signal lights,Others,Others,Bitumen(Tar),Dry,Not Applicable,Clear,R M NAGAR MAIN ROAD INFRONT OFF SELL PETROL PUMP,STREET LIGHT,28FEET,13.011561,77.672678,0,0,0.0,0.0
Bengaluru City,K.R.Puram Traffic PS,1.04432e+16,2020,1,1,Road Accidents,Circle,City/Town,Near Bus stop,Human Error,No,Fatal,Not Applicable,Not at  Junction,Curve,Others,Bitumen(Tar),Dry,Not Applicable,Clear,RM NAGAR RING ROAD KASTURU NAGAR BRIDGE M M TEMPLE DOWN RAMP,A1,20FEET,12.995624,77.665676,0,0,0.0,0.0
Bengaluru City,K.R.Puram Traffic PS,1.04432e+16,2020,1,1,Road Accidents,Not Applicable,City/Town,Near Petrol Pump,Not Applicable,No,Grievous Injury,Hit pedestrian,Controlled,Straight and flat,NH,Bitumen(Tar),Dry,Not Applicable,Clear,O M ROAD HOSAKOTE BUS STAND,A1,40FT,12.997142,77.669511,0,0,0.0,0.0
Bengaluru City,K.R.Puram Traffic PS,1.04432e+16,2020,1,2,Road Accidents,Offset,City/Town,Near office complex,Human Error,Yes,Grievous Injury,Vehicle to Vehicle,No signal lights,Others,Others,Bitumen(Tar),Dry,Not Applicable,Clear,O M ROAD NEAR BAJAJ SHOROOM T C PALYA,STREET LIGHT,9FEET,13.017324,77.704653,0,0,0.0,0.0
Bengaluru City,K.R.Puram Traffic PS,1.04432e+16,2020,1,2,Road Accidents,Not Applicable,City/Town,Open area,Not Applicable,Yes,Simple Injury,Vehicle to Vehicle,Signal lights Manual,Others,Others,Bitumen(Tar),Dry,Not Applicable,Clear,BASAVANAPURA MAIN ROAD,A1,5FT,13.010344,77.703487,0,0,0.0,0.0
Bengaluru City,K.R.Puram Traffic PS,1.04432e+16,2020,1,1,Road Accidents,Narrow road,City/Town,Narrow bridge or culverts,Not Applicable,No,Grievous Injury,Hit pedestrian,Not at  Junction,Curve and Incline,Others,Bitumen(Tar),Dry,Construction Work / Material,Clear,R M NAGARA BRIDGE UNDERPASS,A1,30FT,13.013708,77.662329,2,0,0.0,2.0
Bengaluru City,K.R.Puram Traffic PS,1.04432e+16,2020,1,2,Road Accidents,Narrow road,City/Town,Open area,Not Applicable,Yes,Grievous Injury,Vehicle to Vehicle,No signal lights,Others,Others,Bitumen(Tar),Dry,Not Applicable,Clear,MEDAHALLI SERVICE ROAD ALL MADDEN HOTEL,A1,5FT,13.022694,77.714344,0,0,0.0,0.0
Bengaluru City,K.R.Puram Traffic PS,1.04432e+16,2020,1,2,Road Accidents,Not Applicable,City/Town,Near Bus stop,Human Error,No,Fatal,Vehicle to Vehicle,No signal lights,Hump,Others,Bitumen(Tar),Dry,Not Applicable,Clear,M D PURA RING ROAD NEAR MORE MARKET,STREET LIGHT,28FEET,12.989427,77.688856,0,0,0.0,0.0
Bengaluru City,K.R.Puram Traffic PS,1.04432e+16,2020,1,2,Road Accidents,Not Applicable,City/Town,Residential area,Human Error,No,Grievous Injury,Vehicle to Vehicle,No signal lights,Not Applicable,Others,Not Applicable,Dry,Not Applicable,Clear,WHITE FIELID ROAD IN FRONT OF METRO MARKET,A,26FEET,12.994128,77.700776,0,0,0.0,0.0
Bengaluru City,K.R.Puram Traffic PS,1.04432e+16,2020,1,2,Road Accidents,Cross roads,City/Town,Near School or College,Human Error,Yes,Grievous Injury,Vehicle to Vehicle,No signal lights,Others,Residential Street,Not Applicable,Dry,Not Applicable,Clear,HORAMAVU MAIN ROAD IN FRONT OF VIBGYOR SCHOOL,A,5FEET,13.024059,77.669177,0,0,0.0,0.0
Bengaluru City,K.R.Puram Traffic PS,1.04432e+16,2020,1,2,Road Accidents,Not Applicable,City/Town,Residential area,Human Error,No,Grievous Injury,Vehicle to Vehicle,No signal lights,Others,Others,Bitumen(Tar),Dry,Not Applicable,Clear,WHITE FEELD ROAD HOODI K E B FLOT,STREET LIGHT,18FEET,12.992619,77.711729,0,0,0.0,0.0
Bengaluru City,K.R.Puram Traffic PS,1.04432e+16,2020,1,3,Road Accidents,Cross roads,City/Town,In bazaar,Human Error,No,Fatal,Vehicle to Vehicle,Not Applicable,Curve,Others,Not Applicable,Dry,Not Applicable,Clear,DEVASANDRA MAIN ROAD  NEAR KAVERI BAKERY,A1,5FEET,13.004837,77.704157,0,0,0.0,0.0
Bengaluru City,K.R.Puram Traffic PS,1.04432e+16,2020,1,2,Road Accidents,Not Applicable,City/Town,Near Bus stop,Human Error,Yes,Simple Injury,Vehicle to Vehicle,No signal lights,Others,Others,Bitumen(Tar),Dry,Not Applicable,Clear,M D PURA RING ROAD NEAR MAHADEVAPRA RING ROAD,STREET LIGHT,32FEET,12.990837,77.687604,0,0,0.0,0.0
Bengaluru City,K.R.Puram Traffic PS,1.04432e+16,2020,1,1,Road Accidents,Narrow road,City/Town,Near Bus stop,Human Error,No,Fatal,Not Applicable,Not at  Junction,Straight and flat,NH,Surfaced,Dry,Not Applicable,Fine,"OLD MADRAS ROAD, K R PURA, KEB OFFICE",A,32,13.005534,77.685954,0,0,,
Bengaluru City,K.R.Puram Traffic PS,1.04432e+16,2020,1,2,Road Accidents,Narrow road,City/Town,Open area,Human Error,Yes,Fatal,Vehicle to Vehicle,Uncontrolled,Straight and flat,Mixed,Bitumen(Tar),Dry,Not Applicable,Fine,"HOODI GRAPHITE INDIA ROAD, OPP. GODREZ APARTMENT",A,12,12.986863,77.708973,0,0,0.0,0.0
Bengaluru City,K.R.Puram Traffic PS,1.04432e+16,2020,1,1,Road Accidents,Junction,City/Town,Near Bus stop,Human Error,No,Grievous Injury,Not Applicable,Signal lights Automatic,Others,Others,Not Applicable,Dry,Not Applicable,Clear,WHITE FILIED ROAD NEAR GARUDACHAR PALYA BUS STOP,A,28FEET,12.994205,77.700824,0,0,0.0,0.0
Bengaluru City,K.R.Puram Traffic PS,1.04432e+16,2020,1,1,Road Accidents,Not Applicable,City/Town,Near Bus stop,Human Error,No,Grievous Injury,Hit pedestrian,No signal lights,Others,Others,Bitumen(Tar),Dry,Not Applicable,Clear,R M NAGAR RING ROAD NEAR ROTI LAND HOTEL,ELECTRIC LIGHT POLE,42FEET,13.009932,77.662458,0,0,0.0,0.0
Bengaluru City,K.R.Puram Traffic PS,1.04432e+16,2020,1,1,Road Accidents,Narrow road,City/Town,Near Bus stop,Human Error,No,Fatal,Not Applicable,Not at  Junction,Straight and flat,NH,Bitumen(Tar),Not Applicable,Not Applicable,Fine,"OLD MADRAS ROAD, NEAR ITI GATE",A,28,13.005406,77.685514,0,0,0.0,0.0
Bengaluru City,K.R.Puram Traffic PS,1.04432e+16,2020,1,2,Road Accidents,Circle,City/Town,Near Bus stop,Human Error,No,Grievous Injury,Vehicle to Vehicle,Signal lights Automatic,Others,Others,Bitumen(Tar),Dry,Not Applicable,Clear,WHITE FILIED MAIN ROAD HOOD SIGNAL,A1,20FEET,12.991912,77.714732,0,0,0.0,0.0
Bengaluru City,K.R.Puram Traffic PS,1.04432e+16,2020,1,2,Road Accidents,Cross roads,City/Town,Narrow bridge or culverts,Human Error,No,Damage Only,Vehicle to Vehicle,No signal lights,Others,Others,Not Applicable,Dry,Not Applicable,Clear,R M NAGAR RINGE ROAD KASTHUNAGAR BRIDGE ROAD,A,36FEET,12.996386,77.664565,0,0,0.0,0.0
Bengaluru City,K.R.Puram Traffic PS,1.04432e+16,2020,1,2,Road Accidents,Not Applicable,City/Town,Near Bus stop,Human Error,Yes,Fatal,Vehicle to Vehicle,No signal lights,Others,Others,Bitumen(Tar),Others,Not Applicable,Clear,R M NAGAR RING ROAD INFRONT OF RAYOL CHEMBARS FURNITURE,STEET LIGHT,36 FEE,13.017949,77.658037,0,1,0.0,1.0
Bengaluru City,K.R.Puram Traffic PS,1.04432e+16,2020,1,1,Road Accidents,Cross roads,City/Town,Near office complex,Not Applicable,Yes,Grievous Injury,Hit pedestrian,Not Applicable,Not Applicable,NH,Bitumen(Tar),Dry,Not Applicable,Clear,O MROAD SARVICE ROAD BHATRAHALLI R T O SRI SATSNGA ASHRMA,A1,28FT,13.023895,77.716632,0,0,0.0,0.0
Bengaluru City,K.R.Puram Traffic PS,1.04432e+16,2020,1,3,Road Accidents,Not Applicable,City/Town,Near Bus stop,Human Error,No,Grievous Injury,Vehicle to Vehicle,No signal lights,Others,Others,Bitumen(Tar),Dry,Not Applicable,Clear,PWD ROAD  A NARAYAN PURA,STREET LIGHT,26FEET,12.989997,77.679764,0,0,0.0,0.0
Bengaluru City,K.R.Puram Traffic PS,1.04432e+16,2020,1,2,Road Accidents,Not Applicable,City/Town,Near a religious place,Human Error,Not Applicable,Grievous Injury,Vehicle to Vehicle,No signal lights,Others,One way,Bitumen(Tar),Dry,Not Applicable,Clear,O M ROAD INFRONT OF SRS TRAVELS K R PURA,STREET LIGHT,58FEET,13.009383,77.696732,0,0,0.0,0.0
Bengaluru City,K.R.Puram Traffic PS,1.04432e+16,2020,1,1,Road Accidents,Not Applicable,City/Town,Near Bus stop,Human Error,No,Damage Only,Not Applicable,Signal lights Automatic,Not Applicable,Others,Bitumen(Tar),Dry,Not Applicable,Clear,MAHADEVAPURA RING ROAD NEAR EMC2,TREE,0,12.982982,77.692475,0,0,0.0,0.0
Bengaluru City,K.R.Puram Traffic PS,1.04432e+16,2020,1,2,Road Accidents,Not Applicable,City/Town,Near Bus stop,Human Error,Yes,Damage Only,Vehicle to Vehicle,No signal lights,Others,Others,Bitumen(Tar),Dry,Not Applicable,Clear,DEVASANDRA MAIN ROAD NEAR BVNHS SCHOOL,STREET LIGHT,18FEET,13.006257,77.699908,0,0,0.0,0.0
Bengaluru City,K.R.Puram Traffic PS,1.04432e+16,2020,1,2,Road Accidents,Junction,City/Town,Near Petrol Pump,Not Applicable,No,Damage Only,Vehicle to Vehicle,Controlled,Straight and flat,NH,Bitumen(Tar),Dry,Not Applicable,Clear,O M ROAD BHATTARAHALLI SIGNAL,A1,21,13.019484,77.708458,0,0,0.0,0.0
Bengaluru City,K.R.Puram Traffic PS,1.04432e+16,2020,1,2,Road Accidents,Not Applicable,City/Town,Near or inside a village,Human Error,Yes,Grievous Injury,Vehicle to Vehicle,No signal lights,Others,Others,Bitumen(Tar),Dry,Not Applicable,Clear,RAILWAY PYARLAL ROAD 1 ST MAIN ROAD INFRONT OFF HOUS NUMBER 217,STREET LIGHT,42FEET,13.001266,77.660392,0,0,0.0,0.0
Bengaluru City,K.R.Puram Traffic PS,1.04432e+16,2020,1,2,Road Accidents,Narrow road,City/Town,Near Bus stop,Human Error,Yes,Grievous Injury,Vehicle to Vehicle,Not Applicable,Not Applicable,Service Road,Not Applicable,Dry,Not Applicable,Clear,WHITE FIELD ROAD K R PURA RAILWAY STATION,A1,10FEET,13.00031,77.676211,0,0,0.0,0.0
Bengaluru City,K.R.Puram Traffic PS,1.04432e+16,2020,1,2,Rail Road Accidents,Not Applicable,City/Town,Near Bus stop,Human Error,No,Damage Only,Vehicle to Vehicle,No signal lights,Not Applicable,Others,Bitumen(Tar),Dry,Not Applicable,Clear,M D PURA  RING ROAD MAHADEVAPURA BRIDGE UNDER PASS,STREET LIGHT,32FEET,12.9912,77.687498,0,0,0.0,0.0
Bengaluru City,K.R.Puram Traffic PS,1.04432e+16,2020,1,2,Road Accidents,Junction,City/Town,Near Bus stop,Human Error,No,Grievous Injury,Vehicle to Vehicle,Signal lights Automatic,Others,NH,Bitumen(Tar),Dry,Not Applicable,Clear,O M ROAD NEAR T C PALYA SIGNAL,SIGNAL LIGHT FOOL,32FEET,13.017142,77.704446,0,0,0.0,0.0
Bengaluru City,K.R.Puram Traffic PS,1.04432e+16,2020,1,2,Road Accidents,Not Applicable,City/Town,Near a religious place,Human Error,No,Grievous Injury,Vehicle to Vehicle,No signal lights,Others,Others,Bitumen(Tar),Dry,Not Applicable,Clear,O M ROAD UPPER THAN K R PURA  BRIDGE NEAR HOSAKOTE BUS STOP,SENTER MEDION GREEL,20FEET,12.997519,77.670328,0,0,0.0,0.0