DISTRICTNAME,UNITNAME,Crime_No,Year,RI,Noofvehicle_involved,Accident_Classification,Accident_Spot,Accident_Location,Accident_SubLocation,Main_Cause,Hit_Run,Severity,Collision_Type,Junction_Control,Road_Character,Road_Type,Surface_Type,Surface_Condition,Road_Condition,Weather,Accident_Road,Landmark_first,Distance_LandMark_First,Latitude,Longitude,Road_Condition_Score,Surface_Condition_Score,Surface_Type_Score,Road_Risk_Index
Bengaluru City,K.R.Puram Traffic PS,1.04432e+16,2020,1,2,Road Accidents,Cross roads,City/Town,Near Bus stop,Human Error,No,Simple Injury,Vehicle to Vehicle,Not at  Junction,Curve,Others,Bitumen(Tar),Dry,Not Applicable,Clear,OM ROAD NEAR BENIGNAHLLI,A1,14FEET,12.994552,77.664517,0,0,0.0,0.0
Bengaluru City,K.R.Puram Traffic PS,1.04432e+16,2020,1,2,Road Accidents,Junction,City/Town,Near Bus stop,Human Error,Yes,Fatal,Vehicle to Vehicle,Signal lights Automatic,Not Applicable,NH,Bitumen(Tar),Dry,Not Applicable,Clear,OLD MADRAS ROAD BHATTARAHALLI JUNCTION,A1,20FEET,13.019441,77.708533,0,0,0.0,0.0
Bengaluru City,K.R.Puram Traffic PS,1.04432e+16,2020,1,2,Road Accidents,Curves,City/Town,Residential area,Human Error,Yes,Fatal,Vehicle to Vehicle,Not Applicable,Curve,Mixed,Bitumen(Tar),Dry,Not Applicable,Fine,"KODIGEHALLI MAIN ROAD, OPP. ALFA GARDEN APTS.",A,25,13.004611,77.719195,0,0,0.0,0.0
Bengaluru City,K.R.Puram Traffic PS,1.04432e+16,2020,1,2,Road Accidents,Circle,City/Town,Near Bus stop,Human Error,No,Grievous Injury,Vehicle to Vehicle,Not at  Junction,Curve,NH,Bitumen(Tar),Dry,Not Applicable,Clear,RM NAGAR RING ROAD NEAR KASTURI NAGARA BRIDGE BENGALUR,A1,28FEET,12.9995,77.663382,0,0,0.0,0.0
Bengaluru City,K.R.Puram Traffic PS,1.04432e+16,2020,1,2,Road Accidents,Junction,City/Town,Near Hospital,Human Error,No,Grievous Injury,Vehicle to Vehicle,Signal lights Automatic,Others,NH,Bitumen(Tar),Dry,Not Applicable,Clear,O M ROAD T C PALYA SIGNAL  JUNCTION,A1,20FEET,13.017564,77.705293,0,0,0.0,0.0
Bengaluru City,K.R.Puram Traffic PS,1.04432e+16,2020,1,2,Road Accidents,Narrow road,City/Town,Open area,Not Applicable,Yes,Simple Injury,Vehicle to Vehicle,Not Applicable,Others,Others,Bitumen(Tar),Dry,Not Applicable,Clear,BANJARA LAY OUT ROAD,A1,56 FIT,13.036498,77.665196,0,0,0.0,0.0
Bengaluru City,K.R.Puram Traffic PS,1.04432e+16,2020,1,3,Road Accidents,Not Applicable,City/Town,Near Bus stop,Human Error,Yes,Simple Injury,Vehicle to Vehicle,Signal lights Automatic,Not Applicable,Others,Bitumen(Tar),Dry,Not Applicable,Clear,O M ROAD K  R PURA HANGING BRIDGE ROAD NEAR HOSAKOTE BUS STOP,STREET LIGHT,25FEET,13.000333,77.676571,0,0,0.0,0.0
Bengaluru City,K.R.Puram Traffic PS,1.04432e+16,2020,1,2,Road Accidents,Circle,City/Town,Near School or College,Human Error,No,Grievous Injury,Vehicle to Vehicle,Not Applicable,Curve,Others,Bitumen(Tar),Dry,Not Applicable,Clear,WHITE FIELD ROAD LOWRI SCHOOL DOWN SIGNAL,A1,20FEET,13.000272,77.680513,0,0,0.0,0.0
Bengaluru City,K.R.Puram Traffic PS,1.04432e+16,2020,1,2,Road Accidents,Cross roads,City/Town,Residential area,Human Error,Yes,Grievous Injury,Vehicle to Vehicle,No signal lights,Others,Others,Not Applicable,Dry,Not Applicable,Clear,R M NAGAR RINGE ROAD NEAR KASTHURI NAGR SARVES ROAD,A,18FEET,12.99907,77.663586,0,0,0.0,0.0
Bengaluru City,K.R.Puram Traffic PS,1.04432e+16,2020,1,1,Road Accidents,Cross roads,City/Town,In bazaar,Human Error,Yes,Grievous Injury,Hit pedestrian,Not Applicable,Others,Others,Bitumen(Tar),Dry,Not Applicable,Clear,R M NAGAR MAIN ROAD INFRONT BIG BAZAR,A1,20FEET,13.017537,77.659373,0,0,0.0,0.0
Bengaluru City,K.R.Puram Traffic PS,1.04432e+16,2020,1,2,Road Accidents,Cross roads,City/Town,Residential area,Human Error,Yes,Grievous Injury,Vehicle to Vehicle,No signal lights,Others,Not Applicable,Not Applicable,Dry,Not Applicable,Clear,O M B R LAYOUT,A,30FEET,13.005782,77.65046,0,0,0.0,0.0
Bengaluru City,K.R.Puram Traffic PS,1.04432e+16,2020,1,2,Road Accidents,Not Applicable,City/Town,Near Bus stop,Human Error,No,Simple Injury,Not Applicable,No signal lights,Others,Others,Concrete,Dry,Not Applicable,Clear,R M NAGAR RING ROAD NEAR KASTURINAGAR  FLEY OVER,STREET LIGHT,28FEET,12.99598,77.665023,0,0,0.0,0.0
Bengaluru City,K.R.Puram Traffic PS,1.04432e+16,2020,1,1,Road Accidents,Narrow road,City/Town,Near Bus stop,Human Error,Yes,Fatal,Hit pedestrian,Not at  Junction,Straight and flat,Others,Bitumen(Tar),Dry,Not Applicable,Fine,"M D PURA RING ROAD, B NARAYANAPURA, NEAR NCC BUS STOP",A,32,12.994257,77.685119,0,0,0.0,0.0
Bengaluru City,K.R.Puram Traffic PS,1.04432e+16,2020,1,2,Road Accidents,Not Applicable,City/Town,Near Hospital,Human Error,Yes,Grievous Injury,Vehicle to Vehicle,No signal lights,Not Applicable,Others,Bitumen(Tar),Not Applicable,Not Applicable,Clear,M D PURA RING ROAD NEAR BAGAMANI TECK PARK,STREET LIGHT,25FEET,12.983068,77.693703,0,0,0.0,0.0
Bengaluru City,K.R.Puram Traffic PS,1.04432e+16,2020,1,3,Road Accidents,Not Applicable,City/Town,Near Bus stop,Human Error,No,Grievous Injury,Vehicle to Vehicle,No signal lights,Not Applicable,Others,Bitumen(Tar),Dry,Not Applicable,Clear,O M ROAD K R PURA BRIDGE FLYOVER ROAD,STREET LIGHT,28FEET,13.00155,77.676562,0,0,0.0,0.0
Bengaluru City,K.R.Puram Traffic PS,1.04432e+16,2020,1,1,Road Accidents,Not Applicable,City/Town,Near Petrol Pump,Not Applicable,Yes,Damage Only,Not Applicable,Not Applicable,Others,Others,Concrete,Dry,Not Applicable,Clear,WHITE FIELD ROAD NEAR PETROL PUMP,A1,0,12.991083,77.721707,0,0,0.0,0.0
Bengaluru City,K.R.Puram Traffic PS,1.04432e+16,2020,1,1,Road Accidents,Not Applicable,City/Town,Near Petrol Pump,Human Error,No,Simple Injury,Hit animal,No signal lights,Others,Others,Bitumen(Tar),Dry,Not Applicable,Clear,AYYAPPA NAGAR MAIN ROAD NEAR PETROL PUMP,ELECTRIC LIGHT POLE,29FEET,13.003581,77.723455,0,0,0.0,0.0
Bengaluru City,K.R.Puram Traffic PS,1.04432e+16,2020,1,2,Road Accidents,Not Applicable,City/Town,In bazaar,Human Error,No,Grievous Injury,Vehicle to Vehicle,No signal lights,Others,Others,Bitumen(Tar),Dry,Not Applicable,Clear,T C PALYA MAIN ROAD NEAR RELIANCE FREESH,STREET LIGHT,32FEET,13.022629,77.696431,0,0,0.0,0.0
Bengaluru City,K.R.Puram Traffic PS,1.04432e+16,2020,1,1,Road Accidents,Not Applicable,City/Town,Near Bus stop,Human Error,No,Grievous Injury,Not Applicable,No signal lights,Others,Others,Bitumen(Tar),Dry,Not Applicable,Clear,M D PURA RING ROAD NEAR DODDANEKKUNDI BRIDGE,STREET LIGHT,15FEET,12.975624,77.697003,0,0,0.0,0.0
Bengaluru City,K.R.Puram Traffic PS,1.04432e+16,2020,1,2,Road Accidents,Narrow road,City/Town,Narrow bridge or culverts,Human Error,No,Fatal,Vehicle to Vehicle,Not Applicable,Not Applicable,NH,Bitumen(Tar),Dry,Not Applicable,Fine,"OLD MADRAS ROAD, NEAR MEDHALLI BRIDGE, OPP. RTO OFFICE",A,32,0.0,0.0,0,0,0.0,0.0
Bengaluru City,K.R.Puram Traffic PS,1.04432e+16,2020,1,1,Road Accidents,Not Applicable,City/Town,Near or inside a village,Human Error,Yes,Grievous Injury,Hit pedestrian,No signal lights,Others,Others,Bitumen(Tar),Others,Not Applicable,Clear,KUMBAR STREET INFRONT OF HOUS NO-484,STREET LIGHT,26FEET,13.009525,77.696615,0,1,0.0,1.0
Bengaluru City,K.R.Puram Traffic PS,1.04432e+16,2020,1,2,Road Accidents,Not Applicable,City/Town,Near Bus stop,Human Error,No,Grievous Injury,Vehicle to Vehicle,No signal lights,Not Applicable,Others,Bitumen(Tar),Dry,Not Applicable,Clear,M D PURA RING ROAD  NEAR SELAM BRIDGE,STREET LIGHT,27FEET,0.0,0.0,0,0,0.0,0.0
Bengaluru City,K.R.Puram Traffic PS,1.04432e+16,2020,1,2,Road Accidents,Cross roads,City/Town,Near Bus stop,Human Error,Yes,Grievous Injury,Vehicle to Vehicle,Not at  Junction,Others,Others,Bitumen(Tar),Dry,Not Applicable,Clear,M D PURA RING ROAD NEAR M D PURA BRIDGE,A1,26FEET,12.992931,77.686202,0,0,0.0,0.0
Bengaluru City,K.R.Puram Traffic PS,1.04432e+16,2020,1,2,Road Accidents,Narrow road,City/Town,Near Bus stop,Human Error,No,Fatal,Vehicle to Vehicle,Not Applicable,Straight and flat,Others,Bitumen(Tar),Dry,Not Applicable,Fine,"R M NAGARA RING ROAD, OPP. BIG BAZAR",A,32,13.01755,77.659067,0,0,0.0,0.0
Bengaluru City,K.R.Puram Traffic PS,1.04432e+16,2020,1,2,Road Accidents,Not Applicable,City/Town,Near Hospital,Human Error,No,Damage Only,Vehicle to Vehicle,No signal lights,Not Applicable,Others,Bitumen(Tar),Dry,Not Applicable,Clear,O M ROAD NEAR BATTARAHALLI RTO,STREET LIGHT,21FEET,13.023844,77.716008,0,0,0.0,0.0
Bengaluru City,K.R.Puram Traffic PS,1.04432e+16,2020,1,2,Road Accidents,Not Applicable,City/Town,Near Bus stop,Human Error,No,Grievous Injury,Vehicle to Vehicle,No signal lights,Others,Others,Bitumen(Tar),Dry,Not Applicable,Clear,L & T ROAD NEAR KTPO,STREET LIGHT,25FEET,12.980385,77.723743,0,0,0.0,0.0
Bengaluru City,K.R.Puram Traffic PS,1.04432e+16,2020,1,2,Road Accidents,Not Applicable,City/Town,Near Hospital,Human Error,Yes,Grievous Injury,Vehicle to Vehicle,No signal lights,Others,NH,Bitumen(Tar),Dry,Not Applicable,Clear,O M ROAD MEDALLI FLOYOVER,STREET LIGHT,28FEET,13.025138,77.718629,0,0,0.0,0.0
Bengaluru City,K.R.Puram Traffic PS,1.04432e+16,2020,1,1,Road Accidents,Narrow road,City/Town,Near a factory industrial area,Human Error,No,Fatal,Not Applicable,Not at  Junction,Straight and flat,Two way,Bitumen(Tar),Dry,Not Applicable,Fine,"WHITE FIELD MAIN ROAD, NEAR NET APP COMPANY",A,32,12.992913,77.708299,0,0,0.0,0.0
Bengaluru City,K.R.Puram Traffic PS,1.04432e+16,2020,1,2,Road Accidents,Curves,City/Town,Near Bus stop,Human Error,Yes,Fatal,Vehicle to Vehicle,Not at  Junction,Curve,Others,Bitumen(Tar),Dry,Not Applicable,Clear,MAHADEVAPURA RING ROAD SERVICE ROAD IN FRONT,A1,8 FEET,12.982541,77.692614,0,0,0.0,0.0
Bengaluru City,K.R.Puram Traffic PS,1.04432e+16,2020,1,2,Road Accidents,Not Applicable,City/Town,Near Petrol Pump,Human Error,No,Grievous Injury,Vehicle to Vehicle,No signal lights,Others,NH,Bitumen(Tar),Dry,Not Applicable,Clear,O M ROAD NEAR K R PURA BRIDGE,STREET LIGHT,28FEET,12.999387,77.674778,0,0,0.0,0.0
Bengaluru City,K.R.Puram Traffic PS,1.04432e+16,2020,1,3,Road Accidents,Narrow road,City/Town,Near Hospital,Not Applicable,No,Damage Only,Vehicle to Vehicle,Controlled,Straight and flat,NH,Bitumen(Tar),Dry,Not Applicable,Clear,OM ROAD K R PURA GOVT HOSPITAL,A1,32,13.008088,77.692531,0,0,0.0,0.0
Bengaluru City,K.R.Puram Traffic PS,1.04432e+16,2020,1,2,Road Accidents,Junction,City/Town,Near Bus stop,Not Applicable,Yes,Grievous Injury,Vehicle to Vehicle,Controlled,Others,Others,Bitumen(Tar),Dry,Not Applicable,Clear,R M NAGARA SIGNAL,A1,7FEET,13.003383,77.663677,0,0,0.0,0.0
Bengaluru City,K.R.Puram Traffic PS,1.04432e+16,2020,1,4,Road Accidents,Not Applicable,City/Town,Near Bus stop,Human Error,No,Simple Injury,Vehicle to Vehicle,Not Applicable,Curve,NH,Bitumen(Tar),Dry,Not Applicable,Clear,R M NAGARA RING ROAD MORE MARKET BENGALUR,A1,20FEET,13.017964,77.657785,0,0,0.0,0.0
Bengaluru City,K.R.Puram Traffic PS,1.04432e+16,2020,1,2,Road Accidents,Junction,City/Town,Residential area,Human Error,Yes,Grievous Injury,Vehicle to Vehicle,No signal lights,Others,Others,Not Applicable,Dry,Not Applicable,Clear,WHITE FILIED ROAD HODDI JUNCTION,A,28FEET,12.992019,77.715131,0,0,0.0,0.0
Bengaluru City,K.R.Puram Traffic PS,1.04432e+16,2020,1,2,Road Accidents,Junction,City/Town,Open area,Not Applicable,No,Grievous Injury,Vehicle to Vehicle,Controlled,Others,NH,Bitumen(Tar),Dry,Not Applicable,Clear,O M ROAD BHTARAHALLI SIGNAL,A1,22,13.019385,77.708616,0,0,0.0,0.0
Bengaluru City,K.R.Puram Traffic PS,1.04432e+16,2020,1,2,Road Accidents,Narrow road,City/Town,Open area,Not Applicable,No,Grievous Injury,Vehicle to Vehicle,No signal lights,Others,Others,Bitumen(Tar),Dry,Not Applicable,Clear,KAURUDUSONEHALLI ROAD INFRONT BWSSB,A1,15FT,13.021805,77.720618,0,0,0.0,0.0
Bengaluru City,K.R.Puram Traffic PS,1.04432e+16,2020,1,2,Road Accidents,Circle,City/Town,Near Bus stop,Human Error,Yes,Grievous Injury,Vehicle to Vehicle,Not Applicable,Curve,Others,Bitumen(Tar),Dry,Not Applicable,Clear,RM NAGAR MAIN ROAD INFRONT OF NATIONAL,A1,20FEET,13.011595,77.671523,0,0,0.0,0.0
Bengaluru City,K.R.Puram Traffic PS,1.04432e+16,2020,1,2,Road Accidents,Cross roads,City/Town,Near Hospital,Human Error,Yes,Grievous Injury,Vehicle to Vehicle,Not Applicable,Not Applicable,Service Road,Bitumen(Tar),Dry,Not Applicable,Clear,OMBR LAY OUT C M R I T LAW COLLEGE ROAD BENGALUR,A1,20FEET,13.005752,77.650684,0,0,0.0,0.0
Bengaluru City,K.R.Puram Traffic PS,1.04432e+16,2020,1,2,Road Accidents,Not Applicable,City/Town,Near Hospital,Human Error,No,Simple Injury,Not Applicable,Not at  Junction,Not Applicable,One way,Bitumen(Tar),Dry,Not Applicable,Clear,MD PURA RING ROAD SERVICE ROAD EMC2,A1,20FEET,12.983162,77.692672,0,0,0.0,0.0
Bengaluru City,K.R.Puram Traffic PS,1.04432e+16,2020,1,2,Road Accidents,Circle,City/Town,Near Petrol Pump,Human Error,No,Grievous Injury,Vehicle to Vehicle,Not Applicable,Others,Service Road,Bitumen(Tar),Dry,Not Applicable,Clear,OM ROAD SERVICE ROAD NEAR,A1,15FEET,13.004695,77.684619,0,0,0.0,0.0
Bengaluru City,K.R.Puram Traffic PS,1.04432e+16,2020,1,2,Road Accidents,Narrow road,City/Town,Open area,Not Applicable,Yes,Grievous Injury,Vehicle to Vehicle,Not at  Junction,Others,Service Road,Bitumen(Tar),Dry,Not Applicable,Clear,OIL MILL ROAD K R PURA,A1,8FEET,13.010503,77.697079,0,0,0.0,0.0
Bengaluru City,K.R.Puram Traffic PS,1.04432e+16,2020,1,1,Road Accidents,Narrow road,City/Town,Open area,Vehicle Defect,No,Damage Only,Not Applicable,No signal lights,Others,NH,Bitumen(Tar),Dry,Not Applicable,Clear,K R PURA BRIDGE,A1,32FET,12.999114,77.674013,0,0,0.0,0.0
Bengaluru City,K.R.Puram Traffic PS,1.04432e+16,2020,1,2,Road Accidents,Not Applicable,City/Town,Near Bus stop,Human Error,No,Grievous Injury,Vehicle to Vehicle,No signal lights,Not Applicable,Others,Bitumen(Tar),Dry,Not Applicable,Clear,M D PURA RING ROAD DODDANEKKUNDI SERVICE ROAD NEAR KABAB MYAJIK,STREET LIGHT,38FEET,12.978687,77.695402,0,0,0.0,0.0
Bengaluru City,K.R.Puram Traffic PS,1.04432e+16,2020,1,2,Road Accidents,Not Applicable,City/Town,Near Bus stop,Human Error,No,Grievous Injury,Vehicle to Vehicle,No signal lights,Not Applicable,Others,Bitumen(Tar),Dry,Not Applicable,Clear,I T I SERVICE ROAD NEAR I T I RISEPTION,ELECTRIC LIGHTS POLE,43FEET,13.003523,77.682099,0,0,0.0,0.0
Bengaluru City,K.R.Puram Traffic PS,1.04432e+16,2020,1,2,Road Accidents,Junction,City/Town,Near Bus stop,Human Error,Yes,Grievous Injury,Vehicle to Vehicle,Signal lights Automatic,Not Applicable,NH,Bitumen(Tar),Dry,Not Applicable,Clear,O M ROAD NEAR T C PALY JUNCATION,STREET LIGHT,31FEET,13.01721,77.704555,0,0,0.0,0.0
Bengaluru City,K.R.Puram Traffic PS,1.04432e+16,2020,1,1,Road Accidents,Not Applicable,City/Town,Near Bus stop,Not Applicable,No,Fatal,Not Applicable,Uncontrolled,Straight and flat,Others,Bitumen(Tar),Dry,Not Applicable,Clear,WHITE FILIED ROAD NEAR HONDA SHOW ROOM,A1,33,13.00042,77.681535,0,0,0.0,0.0
Bengaluru City,K.R.Puram Traffic PS,1.04432e+16,2020,1,1,Road Accidents,Cross roads,City/Town,At pedestrian Crossing,Not Applicable,Yes,Grievous Injury,Hit pedestrian,No signal lights,Others,Others,Bitumen(Tar),Dry,Not Applicable,Clear,DEVASANDRA MAIN ROAD INFRONT OF KAVERI BEKARI,A1,12FT,13.004857,77.704164,0,0,0.0,0.0
Bengaluru City,K.R.Puram Traffic PS,1.04432e+16,2020,1,1,Road Accidents,Not Applicable,City/Town,Near Hospital,Human Error,Yes,Grievous Injury,Hit pedestrian,No signal lights,Others,NH,Bitumen(Tar),Dry,Not Applicable,Clear,O M ROAD NEAR K R IN HOTLE,STREET LIGHT,28FEET,13.014459,77.700526,0,0,0.0,0.0
Bengaluru City,K.R.Puram Traffic PS,1.04432e+16,2020,1,1,Road Accidents,Narrow road,City/Town,Narrow bridge or culverts,Not Applicable,No,Fatal,Not Applicable,Not at  Junction,Straight and flat,Others,Bitumen(Tar),Others,Not Applicable,Clear,M D PURA RING ROAD MAHADEVAPURA,A1,10FT,12.983007,77.692223,0,1,0.0,1.0
Bengaluru City,K.R.Puram Traffic PS,1.04432e+16,2020,1,1,Rail Road Accidents,Road hump or Rumble strips,City/Town,Near Bus stop,Human Error,No,Fatal,Not Applicable,Not at  Junction,Straight and flat,NH,Bitumen(Tar),Dry,Not Applicable,Fine,"O M ROAD, NEAR ITI BUS STOPO",A,26,13.005799,77.685533,0,0,0.0,0.0
Bengaluru City,K.R.Puram Traffic PS,1.04432e+16,2020,1,1,Road Accidents,Narrow road,City/Town,Near a factory industrial area,Human Error,No,Fatal,Not Applicable,Not at  Junction,Not Applicable,Mixed,Bitumen(Tar),Dry,Not Applicable,Fine,"M D PURA RING ROAD, NEAR MTB KALYANA MANTAPA",A,32,12.982697,77.692702,0,0,0.0,0.0
Bengaluru City,K.R.Puram Traffic PS,1.04432e+16,2020,1,1,Road Accidents,Narrow road,City/Town,Near Bus stop,Not Applicable,No,Grievous Injury,Not Applicable,No signal lights,Others,Others,Bitumen(Tar),Dry,Not Applicable,Clear,R M NAGARA RING ROAD SERVICE ROAD KASTURI NAGARA,A1,36,13.003056,77.663117,0,0,0.0,0.0
Bengaluru City,K.R.Puram Traffic PS,1.04432e+16,2020,1,1,Road Accidents,Narrow road,City/Town,Near Bus stop,Not Applicable,No,Grievous Injury,Hit pedestrian,No signal lights,Others,Others,Bitumen(Tar),Dry,Not Applicable,Clear,M D PURA RING ROAD B NARAYANAPURA BUS STOP,A1,26,12.995926,77.684064,0,0,0.0,0.0
Bengaluru City,K.R.Puram Traffic PS,1.04432e+16,2020,1,2,Road Accidents,Junction,City/Town,Near Bus stop,Human Error,No,Damage Only,Vehicle to Vehicle,Signal lights Automatic,Others,Others,Bitumen(Tar),Dry,Not Applicable,Clear,white feeld road near lorry school,STRRT LIGHT,23FEET,13.000398,77.679309,0,0,0.0,0.0
Bengaluru City,K.R.Puram Traffic PS,1.04432e+16,2020,1,2,Road Accidents,Not Applicable,City/Town,Near Bus stop,Human Error,No,Damage Only,Vehicle to Vehicle,No signal lights,Others,Others,Bitumen(Tar),Dry,Not Applicable,Clear,O M ROAD INFRONT ITI B AREA QVATERS,STREET LIGHT,35FEET,13.00793,77.68941,0,0,0.0,0.0
Bengaluru City,K.R.Puram Traffic PS,1.04432e+16,2020,1,2,Road Accidents,Cross roads,City/Town,Near Bus stop,Human Error,No,Grievous Injury,Vehicle to Vehicle,Not at  Junction,Curve,Others,Not Applicable,Dry,Not Applicable,Clear,WHITEFIELD ROAD K R PURA RAWLY SAION  INFOMT OF DARAGH MOHSLLA,A,26FEET,12.99973,77.67579,0,0,0.0,0.0
Bengaluru City,K.R.Puram Traffic PS,1.04432e+16,2020,1,1,Road Accidents,Narrow road,City/Town,Narrow bridge or culverts,Not Applicable,No,Fatal,Hit bicyclist,No signal lights,Others,NH,Bitumen(Tar),Dry,Not Applicable,Clear,O M ROAD K R PURA BRIDGE,A1,9FT,13.003785,77.6822944,0,0,0.0,0.0
Bengaluru City,K.R.Puram Traffic PS,1.04432e+16,2020,1,2,Road Accidents,Curves,City/Town,Near Bus stop,Human Error,No,Fatal,Not Applicable,Not at  Junction,Curve,Others,Bitumen(Tar),Dry,Not Applicable,Clear,MAHADEVAPURA RING ROAD EMC SQUARE,A1,17 FEE,12.982691,77.692849,0,0,0.0,0.0
Bengaluru City,K.R.Puram Traffic PS,1.04432e+16,2020,1,1,Road Accidents,Circle,City/Town,Near Bus stop,Human Error,No,Grievous Injury,Hit pedestrian,Signal lights Automatic,Not Applicable,Others,Bitumen(Tar),Dry,Not Applicable,Clear,WHITE FOLED ROAD NEAR HOODI CERCLE,STREET LIGHT,6FEET,12.992212,77.716233,0,0,0.0,0.0
Bengaluru City,K.R.Puram Traffic PS,1.04432e+16,2020,1,1,Road Accidents,Junction,City/Town,Near Hospital,Human Error,No,Fatal,Hit pedestrian,Signal lights Automatic,Others,NH,Bitumen(Tar),Dry,Not Applicable,Clear,O M ROAD NEAR BRUS BAR BENGALUR,A1,20FEET,13.022738,77.714034,0,0,0.0,0.0
Bengaluru City,K.R.Puram Traffic PS,1.04432e+16,2020,1,3,Road Accidents,Narrow road,City/Town,Open area,Not Applicable,No,Grievous Injury,Vehicle to Vehicle,Not at  Junction,Others,NH,Bitumen(Tar),Dry,Not Applicable,Clear,O M ROAD M M TEMPLE,A1,7FEET,12.996902,77.669205,0,0,0.0,0.0
Bengaluru City,K.R.Puram Traffic PS,1.04432e+16,2020,1,1,Road Accidents,Narrow road,City/Town,Open area,Not Applicable,No,Fatal,Not Applicable,Not at  Junction,Others,Others,Bitumen(Tar),Dry,Not Applicable,Clear,R M NAGARA RING ROAD INFRONT OF  A S R CHOURTY,A1,32FEET,13.016431,77.661586,0,0,0.0,0.0
Bengaluru City,K.R.Puram Traffic PS,1.04432e+16,2020,1,2,Road Accidents,Cross roads,City/Town,Residential area,Human Error,No,Grievous Injury,Vehicle to Vehicle,No signal lights,Others,Others,Not Applicable,Dry,Not Applicable,Clear,WHITE FILED ROAD IN FRONT OF K E B,A,18FEET,12.992531,77.711458,0,0,0.0,0.0
Bengaluru City,K.R.Puram Traffic PS,1.04432e+16,2020,1,1,Road Accidents,Not Applicable,City/Town,Near Bus stop,Human Error,No,Fatal,Not Applicable,Not at  Junction,Others,Service Road,Bitumen(Tar),Dry,Not Applicable,Clear,M D PURA RING SARVICE ROAD IN FRONT OF BAGaMANE teach park,A1,28FEET,12.982658,77.693033,0,0,0.0,0.0
Bengaluru City,K.R.Puram Traffic PS,1.04432e+16,2020,1,1,Road Accidents,Cross roads,City/Town,Near Bus stop,Human Error,No,Fatal,Vehicle to Vehicle,Not Applicable,Curve,NH,Not Applicable,Dry,Not Applicable,Clear,"RAMAMURTHY NAGARA RING ROAD , NEAR UNDER PASS",A1,14FEET,13.013361,77.662202,0,0,0.0,0.0
Bengaluru City,K.R.Puram Traffic PS,1.04432e+16,2020,1,1,Road Accidents,Cross roads,City/Town,Near Bus stop,Human Error,No,Grievous Injury,Not Applicable,Not Applicable,Curve,Others,Not Applicable,Dry,Not Applicable,Clear,R M NAGAR RING ROAD NEAR HORAMAVU BRIDGE,A1,15FEET,13.018453,77.65709,0,0,0.0,0.0
Bengaluru City,K.R.Puram Traffic PS,1.04432e+16,2020,1,1,Road Accidents,Narrow road,City/Town,Near Bus stop,Human Error,No,Fatal,Not Applicable,Not at  Junction,Slight Curve,NH,Surfaced,Dry,Not Applicable,Clear,"O M ROAD, OPP. NANDANA HOTEL",A,32,13.008404,77.695825,0,0,,
Bengaluru City,K.R.Puram Traffic PS,1.04432e+16,2020,1,2,Road Accidents,Not Applicable,City/Town,Near Bus stop,Human Error,No,Damage Only,Vehicle to Vehicle,No signal lights,Not Applicable,Others,Bitumen(Tar),Dry,Not Applicable,Clear,R M NAGAR RING ROAD NEAR CHINNASANDRA BUS STOP,STREET LIGHT,32FEET,13.010965,77.662503,0,0,0.0,0.0
Bengaluru City,K.R.Puram Traffic PS,1.04432e+16,2020,1,1,Road Accidents,Cross roads,City/Town,Near Bus stop,Human Error,No,Fatal,Not Applicable,Not at  Junction,Curve,Service Road,Bitumen(Tar),Dry,Not Applicable,Clear,R M NAGARA RING SERVICE ROAD NEAR ASR KALYANA MANTAPA,A1,20FEET,13.016463,77.661359,0,0,0.0,0.0
Bengaluru City,K.R.Puram Traffic PS,1.04432e+16,2020,1,2,Road Accidents,Not Applicable,City/Town,Near Bus stop,Human Error,No,Damage Only,Vehicle to Vehicle,No signal lights,Others,Others,Bitumen(Tar),Not Applicable,Not Applicable,Clear,TC PALLYA MAIN ROAD INFRONT OF FMUNESWARA NAGARA MEDICAL SHOP,STREET LIGHT,25FEET,13.018373,77.672151,0,0,0.0,0.0
Bengaluru City,K.R.Puram Traffic PS,1.04432e+16,2020,1,1,Road Accidents,Curves,City/Town,Near office complex,Human Error,No,Fatal,Not Applicable,Not at  Junction,Curve,NH,Bitumen(Tar),Dry,Not Applicable,Fine,"OLD MADRAS ROAD, K R PURA, OPP. RAMDEV SAGAR HOTEL",A,32,0.0,0.0,0,0,0.0,0.0
Bengaluru City,K.R.Puram Traffic PS,1.04432e+16,2020,1,2,Road Accidents,Junction,City/Town,Near Hospital,Human Error,No,Grievous Injury,Vehicle to Vehicle,Signals (Working),Not Applicable,NH,Bitumen(Tar),Dry,Not Applicable,Clear,"O M ROAD, BHATTARAHALLI SIGNAL, BENGALURU CITY",A1,20FEET,13.01962,77.708663,0,0,0.0,0.0
Bengaluru City,K.R.Puram Traffic PS,1.04432e+16,2020,1,2,Road Accidents,Cross roads,City/Town,Near Bus stop,Human Error,No,Grievous Injury,Vehicle to Vehicle,Not at  Junction,Curve,Others,Bitumen(Tar),Dry,Not Applicable,Clear,R M NAGAR  RING ROAD SERVICE ROAD,A1,20FEET,13.00176,77.66192,0,0,0.0,0.0
Bengaluru City,K.R.Puram Traffic PS,1.04432e+16,2020,1,2,Road Accidents,Cross roads,City/Town,Residential area,Human Error,Yes,Grievous Injury,Vehicle to Vehicle,No signal lights,Others,Others,Not Applicable,Dry,Not Applicable,Clear,WHITE FILIDE ROADINDRISTRIAIL ARIA,A,18FEET,12.991075,77.707127,0,0,0.0,0.0
Bengaluru City,K.R.Puram Traffic PS,1.04432e+16,2020,1,2,Road Accidents,Not Applicable,City/Town,Near Bus stop,Human Error,Yes,Fatal,Vehicle to Vehicle,Not Applicable,Others,Service Road,Bitumen(Tar),Dry,Not Applicable,Clear,MD PURA RING SERVICE ROAD INFRONT OF TRUE VALUE CAR SHOW ROOM,A1,4FEET,12.988802,77.68881,0,0,0.0,0.0
Bengaluru City,K.R.Puram Traffic PS,1.04432e+16,2021,1,2,Road Accidents,Cross roads,City/Town,Residential area,Human Error,Yes,Damage Only,Vehicle to Vehicle,No signal lights,Others,Others,Not Applicable,Dry,Not Applicable,Clear,M D PURA RINGE ROAD  AQVA WATER PLANT,A,5FEET,12.99644,77.690409,0,0,0.0,0.0