DISTRICTNAME,UNITNAME,Crime_No,Year,RI,Noofvehicle_involved,Accident_Classification,Accident_Spot,Accident_Location,Accident_SubLocation,Main_Cause,Hit_Run,Severity,Collision_Type,Junction_Control,Road_Character,Road_Type,Surface_Type,Surface_Condition,Road_Condition,Weather,Accident_Road,Landmark_first,Distance_LandMark_First,Latitude,Longitude,Road_Condition_Score,Surface_Condition_Score,Surface_Type_Score,Road_Risk_Index
Bengaluru City,K.R.Puram Traffic PS,1.04432e+16,2021,1,2,Road Accidents,Not Applicable,City/Town,Residential area,Human Error,Yes,Damage Only,Vehicle to Vehicle,Not at  Junction,Straight and flat,Others,Bitumen(Tar),Dry,Not Applicable,Clear,DIESEL SHED ROAD INFRONT OF TALUK OFFICE,A,26FEET,13.004962,77.692684,0,0,0.0,0.0
Bengaluru City,K.R.Puram Traffic PS,1.04432e+16,2021,1,2,Road Accidents,Junction,City/Town,Open area,Human Error,No,Grievous Injury,Vehicle to Vehicle,Signal lights Automatic,Straight and flat,Others,Bitumen(Tar),Dry,Not Applicable,Clear,WHITE FIELD ROAD NEAR NEW LIGHT JUNCTION,A,38FEET,13.000187,77.676624,0,0,0.0,0.0
Bengaluru City,K.R.Puram Traffic PS,1.04432e+16,2021,1,1,Road Accidents,Not Applicable,City/Town,Near School or College,Human Error,No,Grievous Injury,Hit pedestrian,Not at  Junction,Straight and flat,Not Applicable,Bitumen(Tar),Dry,Not Applicable,Clear,INFRONT OF I T I CENTROL SCHOOL,A,26FEET,13.007214,77.683764,0,0,0.0,0.0
Bengaluru City,K.R.Puram Traffic PS,1.04432e+16,2021,1,2,Road Accidents,Cross roads,City/Town,Residential area,Human Error,No,Fatal,Vehicle to Vehicle,No signal lights,Not Applicable,Others,Not Applicable,Dry,Not Applicable,Clear,GRAPHITE INDIA ROAD BRIGADE SIUTH FELELD BULDING,A1,48FEET,0.0,0.0,0,0,0.0,0.0
Bengaluru City,K.R.Puram Traffic PS,1.04432e+16,2021,1,1,Road Accidents,Narrow road,City/Town,Open area,Human Error,No,Fatal,Hit pedestrian,Not Applicable,Straight and flat,Others,Bitumen(Tar),Dry,Not Applicable,Fine,RAMAMURTHY NAGAR RING ROAD,GILMA SHOW ROOM,4 K  M,0.0,0.0,0,0,0.0,0.0
Bengaluru City,K.R.Puram Traffic PS,1.04432e+16,2021,1,1,Road Accidents,Cross roads,City/Town,Near Hospital,Human Error,Yes,Fatal,Hit pedestrian,Not Applicable,Not Applicable,Others,Bitumen(Tar),Wet,Pot holed,Light Rain,"2nd main road, Kasthuri Nagar, Bangalore city",infront of ICICI Bank ATM,3.5 km,0.0,0.0,5,3,0.0,8.0
Bengaluru City,K.R.Puram Traffic PS,1.04432e+16,2021,1,1,Road Accidents,Not Applicable,City/Town,Near Petrol Pump,Human Error,No,Grievous Injury,Not Applicable,Not Applicable,Not Applicable,Not Applicable,Not Applicable,Dry,Not Applicable,Clear,TIN FACTROY NEAR HP PETROL BUNK,A1,12FEET,0.0,0.0,0,0,0.0,0.0
Bengaluru City,K.R.Puram Traffic PS,1.04432e+16,2021,1,1,Road Accidents,Cross roads,City/Town,Residential area,Human Error,Yes,Grievous Injury,Vehicle to Vehicle,No signal lights,Hump,Others,Not Applicable,Dry,Not Applicable,Clear,IN FRONT OF SATAFI PACKERS AND MOVERS BHATTARAHALLI,A1,5FEET,0.0,0.0,0,0,0.0,0.0
Bengaluru City,K.R.Puram Traffic PS,1.04432e+16,2021,1,2,Road Accidents,Circle,City/Town,Near Bus stop,Human Error,Yes,Fatal,Vehicle to Vehicle,No signal lights,Others,Residential Street,Bitumen(Tar),Not Applicable,No influence on accident,Fine,"TC Palya Main road, Kalkere cross",Near Shel petrol pump,4.5,0.0,0.0,0,0,0.0,0.0
Bengaluru City,K.R.Puram Traffic PS,1.04432e+16,2021,1,2,Road Accidents,Cross roads,City/Town,Near Bus stop,Human Error,No,Simple Injury,Vehicle to Vehicle,Not at  Junction,Not Applicable,Not Applicable,Bitumen(Tar),Dry,Not Applicable,Clear,KODIGEHALLI MAIN ROAD INFRONT OF ALPA GARDEN,A1,12FEET,13.003926,77.721638,0,0,0.0,0.0
Bengaluru City,K.R.Puram Traffic PS,1.04432e+16,2021,1,1,Road Accidents,Narrow road,City/Town,Open area,Not Applicable,No,Fatal,Not Applicable,Not at  Junction,Others,Others,Bitumen(Tar),Dry,Not Applicable,Clear,WHITE FIELD ROAD INFRONT OF LOWRI SCHOOL,A1,43,13.000336,77.679176,0,0,0.0,0.0
Bengaluru City,K.R.Puram Traffic PS,1.04432e+16,2021,1,2,Road Accidents,Cross roads,City/Town,Residential area,Human Error,Yes,Grievous Injury,Vehicle to Vehicle,No signal lights,Others,Others,Not Applicable,Dry,Not Applicable,Clear,FIRE STATION ROAD IN FRONT OF MAHENDRA ELECTRICAL COMPNY,A,10FEET,0.0,0.0,0,0,0.0,0.0
Bengaluru City,K.R.Puram Traffic PS,1.04432e+16,2021,1,2,Road Accidents,Not Applicable,City/Town,Residential area,Human Error,No,Grievous Injury,Vehicle to Vehicle,Not Applicable,Others,NH,Not Applicable,Dry,Not Applicable,Clear,O M ROAD BATTARAHALLI JUNCTION,A,15FEET,0.0,0.0,0,0,0.0,0.0
Bengaluru City,K.R.Puram Traffic PS,1.04432e+16,2021,1,1,Road Accidents,Cross roads,City/Town,Residential area,Human Error,No,Grievous Injury,Not Applicable,No signal lights,Others,Not Applicable,Not Applicable,Dry,Not Applicable,Clear,T C PALYA MAIN ROAD RAGAVENDRA CIRCLE,A1,15FEET,0.0,0.0,0,0,0.0,0.0
Bengaluru City,K.R.Puram Traffic PS,1.04432e+16,2021,1,1,Road Accidents,Cross roads,City/Town,Near a factory industrial area,Human Error,Yes,Fatal,Hit pedestrian,Not at  Junction,Straight and flat,Others,Bitumen(Tar),Others,Not Applicable,Fine,other road,Near Udupi hotel,3.5 km,0.0,0.0,0,1,0.0,1.0
Bengaluru City,K.R.Puram Traffic PS,1.04432e+16,2021,1,1,Road Accidents,Not Applicable,City/Town,Open area,Human Error,No,Fatal,Hit pedestrian,Not Applicable,Others,NH,Bitumen(Tar),Others,Not Applicable,Snow,Old Madras road,Cambridge college,1 km,0.0,0.0,0,1,0.0,1.0
Bengaluru City,K.R.Puram Traffic PS,1.04432e+16,2021,1,1,Road Accidents,Cross roads,City/Town,Residential area,Human Error,Yes,Grievous Injury,Vehicle to Vehicle,No signal lights,Not Applicable,Not Applicable,Not Applicable,Dry,Not Applicable,Clear,SHIGEHALLI MAIN ROAD NEAR INDIAN GAS GODAN,A,5FEET,13.014251,77.717002,0,0,0.0,0.0
Bengaluru City,K.R.Puram Traffic PS,1.04432e+16,2021,1,1,Road Accidents,Narrow road,City/Town,Narrow bridge or culverts,Not Applicable,No,Fatal,Not Applicable,Not Applicable,Others,Others,Bitumen(Tar),Dry,Not Applicable,Clear,"M,D PURA RING ROAD SARVICE ROAD CHINNAPPA LAYOUT CROSS ROAD",A1,28,12.985748,77.691176,0,0,0.0,0.0
Bengaluru City,K.R.Puram Traffic PS,1.04432e+16,2021,1,1,Road Accidents,Cross roads,City/Town,Residential area,Human Error,No,Simple Injury,Not Applicable,No signal lights,Hump,Others,Not Applicable,Dry,Not Applicable,Clear,O M ROAD SERVICE ROAD NEAR WHITE CITY LAY OUT,A,14FEET,13.022,77.713162,0,0,0.0,0.0
Bengaluru City,K.R.Puram Traffic PS,1.04432e+16,2021,1,1,Road Accidents,Not Applicable,City/Town,Residential area,Human Error,Yes,Simple Injury,Not Applicable,No signal lights,Hump,Others,Not Applicable,Dry,Not Applicable,Clear,YARAYYANAPLAYA ROAD IN FRONT OF SVS APTS,A,5FEET,13.012828,77.673107,0,0,0.0,0.0
Bengaluru City,K.R.Puram Traffic PS,1.04432e+16,2021,1,2,Road Accidents,Narrow road,City/Town,Near Bus stop,Human Error,No,Simple Injury,Vehicle to Vehicle,Not at  Junction,Curve,Others,Bitumen(Tar),Dry,Not Applicable,Clear,WHITE FIELD MAIN ROAD NEAR K R PURA RAILWAY STATION,A1,28FEET,13.000088,77.676603,0,0,0.0,0.0
Bengaluru City,K.R.Puram Traffic PS,1.04432e+16,2021,1,1,Road Accidents,Not Applicable,City/Town,Near Petrol Pump,Human Error,Yes,Grievous Injury,Hit pedestrian,Not at  Junction,Straight and flat,Others,Bitumen(Tar),Dry,Not Applicable,Clear,WHITE FIELD ROAD NEAR SHELL PETROL BUNK,A,28FEET,0.0,0.0,0,0,0.0,0.0
Bengaluru City,K.R.Puram Traffic PS,1.04432e+16,2021,1,1,Road Accidents,Cross roads,City/Town,Residential area,Human Error,Yes,Grievous Injury,Hit pedestrian,No signal lights,Others,Others,Bitumen(Tar),Dry,Not Applicable,Clear,UDAYA NAGAR MAIN ROAD NEAR ANJANEYA TEMPALE,A,1 FEET,0.0,0.0,0,0,0.0,0.0
Bengaluru City,K.R.Puram Traffic PS,1.04432e+16,2021,1,2,Road Accidents,Narrow road,City/Town,Residential area,Human Error,Yes,Fatal,Vehicle to Vehicle,Not Applicable,Straight and flat,Residential Street,Bitumen(Tar),Dry,Not Applicable,Clear,BANASAWADI MAIN ROAD,NAYAKS MAHALSA,07 K M,0.0,0.0,0,0,0.0,0.0
Bengaluru City,K.R.Puram Traffic PS,1.04432e+16,2021,1,2,Road Accidents,Not Applicable,City/Town,Residential area,Human Error,No,Grievous Injury,Vehicle to Vehicle,Not Applicable,Others,Others,Not Applicable,Dry,Not Applicable,Clear,mahadevapura ringe road in front of lowry school,a1,2feet,0.0,0.0,0,0,0.0,0.0
Bengaluru City,K.R.Puram Traffic PS,1.04432e+16,2021,1,2,Road Accidents,Cross roads,City/Town,Residential area,Human Error,No,Grievous Injury,Vehicle to Vehicle,No signal lights,Others,Not Applicable,Not Applicable,Dry,Not Applicable,Clear,T CPALYA MAIN ROAD NITHIN BANKARS SHOP,A,15FEET,0.0,0.0,0,0,0.0,0.0
Bengaluru City,K.R.Puram Traffic PS,1.04432e+16,2021,1,2,Road Accidents,Cross roads,City/Town,Residential area,Human Error,Yes,Grievous Injury,Vehicle to Vehicle,No signal lights,Others,Not Applicable,Not Applicable,Dry,Not Applicable,Clear,MAHADEVAPURA RINGE ROAD DODDANAKUNDI FLYOVER,A,40FEET,0.0,0.0,0,0,0.0,0.0
Bengaluru City,K.R.Puram Traffic PS,1.04432e+16,2021,1,2,Road Accidents,Junction,City/Town,Near Bus stop,Human Error,Yes,Grievous Injury,Vehicle to Vehicle,No signal lights,Others,Others,Not Applicable,Dry,Not Applicable,Clear,O M ROAD IN FRONT OF ITI DEPO,A,6FEET,13.002037,77.683226,0,0,0.0,0.0
Bengaluru City,K.R.Puram Traffic PS,1.04432e+16,2021,1,2,Road Accidents,Cross roads,City/Town,Residential area,Human Error,No,Fatal,Vehicle to Vehicle,No signal lights,Others,Not Applicable,Not Applicable,Dry,Not Applicable,Clear,HOODI ROAD HANKUR DABA NEAR H K G N ELECTRICALS,A1,8FEET,0.0,0.0,0,0,0.0,0.0
Bengaluru City,K.R.Puram Traffic PS,1.04432e+16,2021,1,2,Road Accidents,Not Applicable,City/Town,Residential area,Human Error,Yes,Grievous Injury,Vehicle to Vehicle,No signal lights,Others,Others,Not Applicable,Dry,Not Applicable,Clear,MAHADEVAPURA BRIDGE ROAD MARUTHI CLINIC,A,10FEET,0.0,0.0,0,0,0.0,0.0
Bengaluru City,K.R.Puram Traffic PS,1.04432e+16,2021,1,2,Rail Road Accidents,Not Applicable,City/Town,Residential area,Human Error,No,Damage Only,Vehicle to Vehicle,No signal lights,Others,Others,Not Applicable,Dry,Not Applicable,Clear,R M NAGAR RINGE ROAD KASTHURI NAGAR FLY OVER,A,20FEET,0.0,0.0,0,0,0.0,0.0
Bengaluru City,K.R.Puram Traffic PS,1.04432e+16,2021,1,1,Road Accidents,Narrow road,Rural Areas,Residential area,Human Error,No,Grievous Injury,Hit pedestrian,Uncontrolled,Straight and flat,Expressway,Bitumen(Tar),Dry,Not Applicable,Clear,MAHADEVAPURA  MAIN ROAD,CELEBRITY MANSION,04 K M,0.0,0.0,0,0,0.0,0.0
Bengaluru City,K.R.Puram Traffic PS,1.04432e+16,2021,1,2,Road Accidents,Cross roads,City/Town,Near Petrol Pump,Human Error,Yes,Damage Only,Vehicle to Vehicle,No signal lights,Not Applicable,Not Applicable,Not Applicable,Dry,Not Applicable,Clear,KALKERE MAIN ROAD BHARTH PETROL BUNK,A1,15FEET,0.0,0.0,0,0,0.0,0.0
Bengaluru City,K.R.Puram Traffic PS,1.04432e+16,2021,1,1,Road Accidents,Narrow road,City/Town,Residential area,Human Error,No,Fatal,Not Applicable,Not at  Junction,Others,Service Road,Bitumen(Tar),Dry,Not Applicable,Clear,R M NAGARA RING ROAD SERVICE ROAD INFRONT OF MATAJI FURNICTUR,A1,28FEET,13.018056,77.657557,0,0,0.0,0.0
Bengaluru City,K.R.Puram Traffic PS,1.04432e+16,2021,1,2,Rail Road Accidents,Junction,City/Town,Residential area,Human Error,No,Damage Only,Vehicle to Vehicle,Not Applicable,Not Applicable,Others,Not Applicable,Dry,Not Applicable,Clear,O M ROAD IN FRONT OF M M TEMPLE,A,35FEET,12.996498,77.668225,0,0,0.0,0.0
Bengaluru City,K.R.Puram Traffic PS,1.04432e+16,2021,1,2,Road Accidents,Not Applicable,City/Town,Narrow bridge or culverts,Human Error,Yes,Damage Only,Vehicle to Vehicle,No signal lights,Others,Others,Not Applicable,Dry,Not Applicable,Clear,M D PURA RINGE ROAD NEAR SELAM RAILWAY BRIDGE,A,6FEET,12.974702,77.697715,0,0,0.0,0.0
Bengaluru City,K.R.Puram Traffic PS,1.04432e+16,2021,1,2,Road Accidents,Not Applicable,City/Town,Near Petrol Pump,Human Error,Yes,Grievous Injury,Vehicle to Vehicle,No signal lights,Others,Service Road,Not Applicable,Dry,Not Applicable,Clear,O M ROAD SERVICE ROAD NEAR INDIAN OILL PETROL BUNK,A,14FEET,13.003339,77.682275,0,0,0.0,0.0
Bengaluru City,K.R.Puram Traffic PS,1.04432e+16,2021,1,2,Road Accidents,Not Applicable,City/Town,Open area,Human Error,No,Simple Injury,Vehicle to Vehicle,Not at  Junction,Straight and flat,One way,Bitumen(Tar),Dry,Not Applicable,Clear,WHITE FIELD ROAD ROAD IN FRONT OF K E B IN HOODI,A,5 FEET,12.992546,77.711581,0,0,0.0,0.0
Bengaluru City,K.R.Puram Traffic PS,1.04432e+16,2021,1,2,Road Accidents,Narrow road,City/Town,Narrow bridge or culverts,Human Error,Yes,Fatal,Vehicle to Vehicle,Uncontrolled,Straight and flat,NH,Bitumen(Tar),Dry,Not Applicable,Others,OM ROAD,ITI OFFICE,1 KMS,0.0,0.0,0,0,0.0,0.0
Bengaluru City,K.R.Puram Traffic PS,1.04432e+16,2021,1,1,Road Accidents,Narrow road,City/Town,Open area,Human Error,No,Fatal,Not Applicable,Uncontrolled,Straight and flat,Service Road,Bitumen(Tar),Dry,Not Applicable,Fog / Mist,R M NAGAR  RING ROAD SERVICE ROAD,LAKKI FURNITURE SHOW ROOM,3.5 KM,0.0,0.0,0,0,0.0,0.0
Bengaluru City,K.R.Puram Traffic PS,1.04432e+16,2021,1,1,Road Accidents,Cross roads,City/Town,Residential area,Human Error,No,Grievous Injury,Not Applicable,No signal lights,Others,Not Applicable,Not Applicable,Dry,Not Applicable,Clear,I T P L MAIN ROAD NEAR KTPO COMPUND,A,15FEET,0.0,0.0,0,0,0.0,0.0
Bengaluru City,K.R.Puram Traffic PS,1.04432e+16,2021,1,2,Road Accidents,Not Applicable,City/Town,Near Bus stop,Human Error,Yes,Grievous Injury,Vehicle to Vehicle,Not at  Junction,Others,Mixed,Bitumen(Tar),Dry,Not Applicable,Clear,RM NAGAR RING ROAD RM NAGAR BRIDGE UNDER PASS,A1,42FEET,13.013269,77.662212,0,0,0.0,0.0
Bengaluru City,K.R.Puram Traffic PS,1.04432e+16,2021,1,2,Road Accidents,Not Applicable,City/Town,Near Hospital,Human Error,No,Grievous Injury,Vehicle to Vehicle,Not at  Junction,Others,Service Road,Bitumen(Tar),Dry,Not Applicable,Clear,O M ROAD K R PURA RTO OFFICE,A1,50FEET,13.023866,77.71629,0,0,0.0,0.0
Bengaluru City,K.R.Puram Traffic PS,1.04432e+16,2021,1,2,Road Accidents,Cross roads,City/Town,Near Bus stop,Human Error,No,Simple Injury,Vehicle to Vehicle,Not Applicable,Others,Service Road,Bitumen(Tar),Dry,Not Applicable,Clear,O M ROAD SEVIRCE ROAD DOMINOS PIZZA NEAR,A,22FEET,13.017644,77.70571,0,0,0.0,0.0
Bengaluru City,K.R.Puram Traffic PS,1.04432e+16,2021,1,2,Road Accidents,Junction,City/Town,Near Bus stop,Human Error,No,Damage Only,Vehicle to Vehicle,Not Applicable,Not Applicable,Others,Not Applicable,Dry,Not Applicable,Clear,RAMAMURTY NAGAR SINGANAL,A,18FEET,13.01322,77.662318,0,0,0.0,0.0
Bengaluru City,K.R.Puram Traffic PS,1.04432e+16,2021,1,2,Road Accidents,Cross roads,City/Town,Residential area,Human Error,No,Simple Injury,Vehicle to Vehicle,No signal lights,Not Applicable,Not Applicable,Not Applicable,Dry,Not Applicable,Clear,KITHAGANURU MAIN ROAD IN FRONT OF NEW MALABAR RESTORENT,A,2FEET,13.024275,77.706943,0,0,0.0,0.0
Bengaluru City,K.R.Puram Traffic PS,1.04432e+16,2021,1,2,Road Accidents,Narrow road,City/Town,Near office complex,Human Error,No,Simple Injury,Vehicle to Vehicle,Not at  Junction,Others,NH,Bitumen(Tar),Dry,Not Applicable,Clear,M D PURA RING ROAD NEAR MORE MARKET BRIDGE,A1,28FEET,12.989975,77.68844,0,0,0.0,0.0
Bengaluru City,K.R.Puram Traffic PS,1.04432e+16,2021,1,2,Road Accidents,Not Applicable,City/Town,Narrow bridge or culverts,Human Error,No,Grievous Injury,Vehicle to Vehicle,No signal lights,Others,Others,Not Applicable,Dry,Not Applicable,Clear,M D PURA RIBGE ROAD NEAR M D PURA BRIDGE,A1,28FEET,12.991141,77.687466,0,0,0.0,0.0
Bengaluru City,K.R.Puram Traffic PS,1.04432e+16,2021,1,2,Road Accidents,Not Applicable,City/Town,Residential area,Human Error,Yes,Simple Injury,Vehicle to Vehicle,No signal lights,Others,Others,Not Applicable,Dry,Not Applicable,Clear,HORAMAVU MAIN ROAD NEAR PRSTIGE GRUP APRTMENT,A1,5FEET,0.0,0.0,0,0,0.0,0.0
Bengaluru City,K.R.Puram Traffic PS,1.04432e+16,2021,1,2,Road Accidents,Not Applicable,City/Town,Residential area,Human Error,No,Damage Only,Vehicle to Vehicle,Not Applicable,Not Applicable,Others,Not Applicable,Dry,Not Applicable,Clear,white fhield main road M R F TYER SHOW ROOM,A1,A1,0.0,0.0,0,0,0.0,0.0
Bengaluru City,K.R.Puram Traffic PS,1.04432e+16,2021,1,2,Road Accidents,Cross roads,City/Town,Residential area,Human Error,No,Damage Only,Vehicle to Vehicle,No signal lights,Others,Not Applicable,Not Applicable,Dry,Not Applicable,Clear,KASTHURI NAGAR MAIN ROAD 2 ND MAIN 1ST AA CROSS,A,2FEET,0.0,0.0,0,0,0.0,0.0
Bengaluru City,K.R.Puram Traffic PS,1.04432e+16,2021,1,2,Road Accidents,Cross roads,City/Town,Near School or College,Human Error,No,Grievous Injury,Vehicle to Vehicle,Uncontrolled,Straight and flat,Others,Bitumen(Tar),Dry,Not Applicable,Clear,KITHAGANURU MAIN ROAD,GARDEN CITY COLLEGE,2.5,0.0,0.0,0,0,0.0,0.0
Bengaluru City,K.R.Puram Traffic PS,1.04432e+16,2021,1,2,Road Accidents,Circle,City/Town,Near Hospital,Human Error,No,Simple Injury,Vehicle to Vehicle,Not Applicable,Curve,NH,Bitumen(Tar),Dry,Not Applicable,Clear,OM ROAD K R PURA GOVT HOSPITAL SIGNAL,A,30FEET,13.008217,77.692421,0,0,0.0,0.0
Bengaluru City,K.R.Puram Traffic PS,1.04432e+16,2021,1,2,Road Accidents,Narrow road,City/Town,Open area,Human Error,No,Fatal,Vehicle to Vehicle,Uncontrolled,Straight and flat,Expressway,Bitumen(Tar),Dry,Not Applicable,Fog / Mist,O M ROAD,STEEL  FACTORY,02 K M,0.0,0.0,0,0,0.0,0.0
Bengaluru City,K.R.Puram Traffic PS,1.04432e+16,2021,1,2,Road Accidents,Not Applicable,City/Town,Near Petrol Pump,Human Error,No,Grievous Injury,Not Applicable,Not Applicable,Others,Not Applicable,Not Applicable,Dry,Not Applicable,Clear,TINFACTORY BRIDGE DOWN RAMP IN FRONT OF H P PETROL BUNK,A,40 FEE,0.0,0.0,0,0,0.0,0.0
Bengaluru City,K.R.Puram Traffic PS,1.04432e+16,2021,1,1,Rail Road Accidents,Not Applicable,City/Town,Residential area,Human Error,Yes,Grievous Injury,Not Applicable,No signal lights,Not Applicable,Others,Not Applicable,Dry,Not Applicable,Clear,M D PURA RINGE ROAD IN FRONT OF MORE MARKET,A,5FEET,0.0,0.0,0,0,0.0,0.0
Bengaluru City,K.R.Puram Traffic PS,1.04432e+16,2021,1,1,Not Applicable,Cross roads,City/Town,Near School or College,Human Error,Yes,Fatal,Hit pedestrian,Not at  Junction,Straight and flat,Others,Bitumen(Tar),Dry,Not Applicable,Clear,Jayanthi Grama main road,Near Malnad Hotel,3.5 km,0.0,0.0,0,0,0.0,0.0
Bengaluru City,K.R.Puram Traffic PS,1.04432e+16,2021,1,1,Road Accidents,Not Applicable,City/Town,Near Hospital,Human Error,Yes,Fatal,Hit pedestrian,Not Applicable,Straight and flat,NH,Bitumen(Tar),Others,Not Applicable,Clear,"OLD MADRAS ROAD, K R PURA, OPP. RAMDEV SAGAR HOTEL",Near Sathya Sai Hospital,1.5 KM,0.0,0.0,0,1,0.0,1.0
Bengaluru City,K.R.Puram Traffic PS,1.04432e+16,2021,1,2,Road Accidents,Cross roads,City/Town,Residential area,Human Error,Yes,Grievous Injury,Vehicle to Vehicle,Not Applicable,Others,Not Applicable,Not Applicable,Dry,Not Applicable,Clear,BENIGANAHALLI V F M HONDA SHO ROOM,A1,5feet,0.0,0.0,0,0,0.0,0.0
Bengaluru City,K.R.Puram Traffic PS,1.04432e+16,2021,1,2,Road Accidents,Junction,City/Town,Residential area,Human Error,No,Grievous Injury,Vehicle to Vehicle,Signal lights Automatic,Straight and flat,NH,Bitumen(Tar),Dry,Not Applicable,Clear,O M ROAD NEAR GOVT COLLEGE SIGNAL JUNCTION,A,39,13.013266,77.699645,0,0,0.0,0.0
Bengaluru City,K.R.Puram Traffic PS,1.04432e+16,2021,1,2,Road Accidents,Cross roads,City/Town,Residential area,Human Error,No,Grievous Injury,Vehicle to Vehicle,Not Applicable,Others,NH,Not Applicable,Dry,Not Applicable,Clear,O M ROAD T C PALYA SIGANAL,A,2FEET,0.0,0.0,0,0,0.0,0.0
Bengaluru City,K.R.Puram Traffic PS,1.04432e+16,2021,1,2,Road Accidents,Junction,City/Town,Residential area,Human Error,No,Simple Injury,Vehicle to Vehicle,No signal lights,Others,Not Applicable,Not Applicable,Dry,Not Applicable,Clear,WHITE FIELD ROAD B NARAYANAPURA HONDA CAR SHO ROME,A,5FEET,0.0,0.0,0,0,0.0,0.0
Bengaluru City,K.R.Puram Traffic PS,1.04432e+16,2021,1,2,Road Accidents,Narrow road,City/Town,Open area,Human Error,No,Grievous Injury,Vehicle to Vehicle,Uncontrolled,Straight and flat,Others,Bitumen(Tar),Dry,Not Applicable,Clear,KITTAGANUR MAIN ROAD,SHISHUMANDIR,2.5,0.0,0.0,0,0,0.0,0.0
Bengaluru City,K.R.Puram Traffic PS,1.04432e+16,2021,1,2,Road Accidents,Junction,City/Town,Near Hospital,Human Error,No,Grievous Injury,Vehicle to Vehicle,Controlled,Straight and flat,Expressway,Bitumen(Tar),Dry,Not Applicable,Clear,O M ROAD,GOVT HOSPITAL,01 K M,0.0,0.0,0,0,0.0,0.0
Bengaluru City,K.R.Puram Traffic PS,1.04432e+16,2021,1,2,Road Accidents,Cross roads,City/Town,Residential area,Human Error,No,Simple Injury,Vehicle to Vehicle,No signal lights,Others,Others,Not Applicable,Dry,Not Applicable,Clear,VIJINAPURA ROAD IN FRONT OF MED PLUS MEDICLE STORE,A,3FEET,13.009665,77.667482,0,0,0.0,0.0
Bengaluru City,K.R.Puram Traffic PS,1.04432e+16,2021,1,2,Road Accidents,Narrow road,City/Town,Open area,Human Error,Yes,Grievous Injury,Vehicle to Vehicle,Not at  Junction,Not Applicable,Others,Bitumen(Tar),Dry,Not Applicable,Clear,MD PURA RING ROAD SERVICE INFRONT OF MOREMARKET,A,20FEET,12.989348,77.688606,0,0,0.0,0.0
Bengaluru City,K.R.Puram Traffic PS,1.04432e+16,2021,1,2,Road Accidents,Not Applicable,City/Town,Residential area,Human Error,Not Applicable,Fatal,Vehicle to Vehicle,Not at  Junction,Straight and flat,Others,Bitumen(Tar),Dry,Not Applicable,Clear,M D PURA RING ROAD INFRONT OF GOLD STONE BUILDING,A,16FEET,0.0,0.0,0,0,0.0,0.0
Bengaluru City,K.R.Puram Traffic PS,1.04432e+16,2021,1,1,Road Accidents,Cross roads,City/Town,Residential area,Human Error,No,Grievous Injury,Not Applicable,No signal lights,Others,Others,Not Applicable,Dry,Not Applicable,Clear,IN FRONT OF F T H DAILY  COMPANY F T H ROAD,A1,40FEET,0.0,0.0,0,0,0.0,0.0
Bengaluru City,K.R.Puram Traffic PS,1.04432e+16,2021,1,1,Road Accidents,Narrow road,City/Town,Near Hospital,Not Applicable,No,Fatal,Not Applicable,Not at  Junction,Straight and flat,Residential Street,Bitumen(Tar),Dry,Not Applicable,Clear,P W D ROAD NEAR MED PLUS STORE,A1,1FT,0.0,0.0,0,0,0.0,0.0
Bengaluru City,K.R.Puram Traffic PS,1.04432e+16,2021,1,1,Road Accidents,Cross roads,City/Town,Near Bus stop,Human Error,Yes,Grievous Injury,Not Applicable,Not Applicable,Others,NH,Not Applicable,Dry,Not Applicable,Clear,O M ROAD NEAR I T I BUS STOP,A,50FEET,0.0,0.0,0,0,0.0,0.0
Bengaluru City,K.R.Puram Traffic PS,1.04432e+16,2021,1,1,Road Accidents,Not Applicable,City/Town,Open area,Human Error,No,Fatal,Not Applicable,Not at  Junction,Not Applicable,NH,Bitumen(Tar),Not Applicable,Not Applicable,Others,"OLD MADRAS ROAD, K R PURA, OPP. RAMDEV SAGAR HOTEL",Near LG Bar,1.5 KM,0.0,0.0,0,0,0.0,0.0
Bengaluru City,K.R.Puram Traffic PS,1.04432e+16,2021,1,1,Road Accidents,Circle,City/Town,Near Bus stop,Human Error,Not Applicable,Fatal,Not Applicable,No signal lights,Hump,Two way,Bitumen(Tar),Dry,Not Applicable,Fine,WHITE FIELD,Infront of Decathlon,4 KM,0.0,0.0,0,0,0.0,0.0
Bengaluru City,K.R.Puram Traffic PS,1.04432e+16,2021,1,2,Road Accidents,Cross roads,City/Town,Residential area,Human Error,No,Grievous Injury,Vehicle to Vehicle,No signal lights,Others,Others,Not Applicable,Dry,Not Applicable,Clear,O M ROAD K R PURA GOVT COLLEGE JUNCTION,A,40FEET,0.0,0.0,0,0,0.0,0.0
Bengaluru City,K.R.Puram Traffic PS,1.04432e+16,2021,1,2,Road Accidents,Not Applicable,City/Town,Near Bus stop,Human Error,Yes,Damage Only,Vehicle to Vehicle,Not at  Junction,Others,Others,Bitumen(Tar),Dry,Not Applicable,Clear,O M ROAD CABLE BRIDGE NEAR HOSAKOTE BUS STOP,A1,20FEET,12.997587,77.670574,0,0,0.0,0.0
Bengaluru City,K.R.Puram Traffic PS,1.04432e+16,2021,1,1,Road Accidents,Junction,City/Town,Near Hospital,Human Error,Yes,Grievous Injury,Not Applicable,Not Applicable,Others,NH,Not Applicable,Dry,Not Applicable,Clear,O M ROAD K R PURA GOVT HOSPITAL SINGANAL,A,15FEET,0.0,0.0,0,0,0.0,0.0
Bengaluru City,K.R.Puram Traffic PS,1.04432e+16,2021,1,1,Road Accidents,Cross roads,City/Town,Open area,Human Error,Yes,Grievous Injury,Not Applicable,No signal lights,Others,Others,Not Applicable,Dry,Not Applicable,Clear,DEVASANDRA MAIN ROAD 3RD CROSS SANJANA APTS,A,20FEET,0.0,0.0,0,0,0.0,0.0
Bengaluru City,K.R.Puram Traffic PS,1.04432e+16,2021,1,2,Road Accidents,Not Applicable,City/Town,Residential area,Human Error,No,Grievous Injury,Vehicle to Vehicle,No signal lights,Others,Not Applicable,Not Applicable,Dry,Not Applicable,Clear,WHITE FIELD ROAD IN FRONT OF ABB COMPNY,A,18FEET,0.0,0.0,0,0,0.0,0.0