DISTRICTNAME,UNITNAME,Crime_No,Year,RI,Noofvehicle_involved,Accident_Classification,Accident_Spot,Accident_Location,Accident_SubLocation,Main_Cause,Hit_Run,Severity,Collision_Type,Junction_Control,Road_Character,Road_Type,Surface_Type,Surface_Condition,Road_Condition,Weather,Accident_Road,Landmark_first,Distance_LandMark_First,Latitude,Longitude,Road_Condition_Score,Surface_Condition_Score,Surface_Type_Score,Road_Risk_Index
Bengaluru City,K.R.Puram Traffic PS,1.04432e+16,2023,1,2,Road Accidents,Narrow road,City/Town,Near Bus stop,Vehicle Defect,No,Damage Only,Vehicle to Vehicle,Uncontrolled,Straight and flat,Expressway,Bitumen(Tar),Dry,Not Applicable,Fine,O M ROAD,DURGAPARAMESHWARI TEMPLE,01 K M,0.0,0.0,0,0,0.0,0.0
Bengaluru City,K.R.Puram Traffic PS,1.04432e+16,2023,1,1,Road Accidents,Cross roads,City/Town,Residential area,Human Error,No,Grievous Injury,Hit pedestrian,Uncontrolled,Straight and flat,Residential Street,Bitumen(Tar),Dry,Not Applicable,Fine,HOYSALA NAGAR 8TH MAIN ROAD,R L CHICKEN SHOP,05 K M,0.0,0.0,0,0,0.0,0.0
Bengaluru City,K.R.Puram Traffic PS,1.04432e+16,2023,1,1,Rail Road Accidents,Circle,City/Town,In bazaar,Human Error,No,Grievous Injury,Hit pedestrian,Controlled,Others,Major District Road,Bitumen(Tar),Dry,No influence on accident,Clear,NEAR BBMP OFFICE OM ROAD K R PURA,NEAR BBMP OFFICE OM ROAD K R PURA,1 KM P,0.0,0.0,0,0,0.0,0.0
Bengaluru City,K.R.Puram Traffic PS,1.04432e+16,2023,1,1,Road Accidents,Not Applicable,City/Town,Open area,Human Error,Not Applicable,Simple Injury,Vehicle to Vehicle,Not at  Junction,Not Applicable,Not Applicable,Bitumen(Tar),Dry,Not Applicable,Others,NEAR BATTARAHALLI,NEAR BATTARAHALLI,1 KM,13.019966,77.708938,0,0,0.0,0.0
Bengaluru City,K.R.Puram Traffic PS,1.04432e+16,2023,1,2,Road Accidents,Narrow road,City/Town,Near Petrol Pump,Vehicle Defect,No,Damage Only,Vehicle to Vehicle,Uncontrolled,Straight and flat,Feeder Road,Bitumen(Tar),Dry,Not Applicable,Fine,RAMAMURHY NAGAR RING ROAD,H P PETROL BUNK,05 K M,0.0,0.0,0,0,0.0,0.0
Bengaluru City,K.R.Puram Traffic PS,1.04432e+16,2023,1,1,Road Accidents,Road hump or Rumble strips,City/Town,Near a religious place,Human Error,Not Applicable,Fatal,Not Applicable,Uncontrolled,Others,Expressway,Surfaced,Wet,Pot holed,Fine,ROAD,0,0,0.0,0.0,5,3,,
Bengaluru City,K.R.Puram Traffic PS,1.04432e+16,2023,1,1,Road Accidents,Not Applicable,City/Town,Residential area,Not Applicable,No,Fatal,Hit pedestrian,Uncontrolled,Others,Residential Street,Surfaced,Others,Not Applicable,Fine,ROAD,0,1,0.0,0.0,0,1,,
Bengaluru City,K.R.Puram Traffic PS,1.04432e+16,2023,1,2,Road Accidents,Narrow road,City/Town,Near Bus stop,Human Error,Yes,Grievous Injury,Vehicle to Vehicle,Uncontrolled,Straight and flat,Expressway,Bitumen(Tar),Dry,Not Applicable,Clear,RAMAMURTHY NAGAR MAINROAD,JESWIKA NILAYA,06 K M,13.011958,77.674192,0,0,0.0,0.0
Bengaluru City,K.R.Puram Traffic PS,1.04432e+16,2023,1,2,Road Accidents,Narrow road,City/Town,Residential area,Human Error,Yes,Grievous Injury,Vehicle to Vehicle,Controlled,Straight and flat,Arterial,Bitumen(Tar),Not Applicable,Not Applicable,Clear,KURUDUSONNENAHALLI,KURUDUSONNENAHALLI,5K,12.993243,77.706434,0,0,0.0,0.0
Bengaluru City,K.R.Puram Traffic PS,1.04432e+16,2023,1,2,Road Accidents,Not Applicable,City/Town,Open area,Human Error,Yes,Fatal,Vehicle to Vehicle,Not Applicable,Straight and flat,NH,Bitumen(Tar),Dry,Not Applicable,Fog / Mist,NEAR MEDAHALLI SKY WALK OPPOSITE RTO OFFICE BHATTARAHALLI OM ROAD,A1,03 K M,0.0,0.0,0,0,0.0,0.0
Bengaluru City,K.R.Puram Traffic PS,1.04432e+16,2023,1,2,Road Accidents,Curves,City/Town,Near Hospital,Human Error,Not Applicable,Damage Only,Vehicle to Vehicle,Not at  Junction,Curve,Mixed,Bitumen(Tar),Not Applicable,Not Applicable,Clear,GOVT HOSPITAL K R PURA,GOVT HOSPITAL K R PURA,1 KM,0.0,0.0,0,0,0.0,0.0
Bengaluru City,K.R.Puram Traffic PS,1.04432e+16,2023,1,4,Road Accidents,Narrow road,City/Town,Near office complex,Human Error,Yes,Grievous Injury,Vehicle to Vehicle,Uncontrolled,Straight and flat,Expressway,Bitumen(Tar),Dry,Not Applicable,Fog / Mist,T C PALYA MAIN ROAD,PUNJAB NATIONAL BANK,04 K M,0.0,0.0,0,0,0.0,0.0
Bengaluru City,K.R.Puram Traffic PS,1.04432e+16,2023,1,3,Road Accidents,Not Applicable,City/Town,Near Petrol Pump,Human Error,No,Grievous Injury,Vehicle to Vehicle,Uncontrolled,Others,Arterial,Bitumen(Tar),Dry,No influence on accident,Clear,NEAR PRESTUGE TECHNOSTAR GRAPHITE INDIA SIGNAL HOODI,NEAR PRESTUGE TECHNOSTAR GRAPHITE INDIA SIGNAL HOODI,05 KM,12.99218,77.713493,0,0,0.0,0.0
Bengaluru City,K.R.Puram Traffic PS,1.04432e+16,2023,1,1,Road Accidents,Not Applicable,City/Town,Open area,Human Error,Yes,Grievous Injury,Hit pedestrian,Not Applicable,Others,Arterial,Bitumen(Tar),Dry,Not Applicable,Others,in front of pavan medicals  store 10th ROAD NANDANM COLONY HORAMAVU,in front of pavan medicals  store 10th ROAD NANDANM COLONY HORAMAVU,5 KM,0.0,0.0,0,0,0.0,0.0
Bengaluru City,K.R.Puram Traffic PS,1.04432e+16,2023,1,2,Road Accidents,Narrow road,City/Town,Open area,Vehicle Defect,No,Damage Only,Vehicle to Vehicle,Uncontrolled,Straight and flat,Others,Bitumen(Tar),Dry,Not Applicable,Fine,R M NAGAR RING ROAD,KASHTURI NAGAR BRIDGE,04 K M,0.0,0.0,0,0,0.0,0.0
Bengaluru City,K.R.Puram Traffic PS,1.04432e+16,2023,1,2,Not Applicable,Not Applicable,City/Town,Open area,Human Error,No,Grievous Injury,Vehicle to Vehicle,Not Applicable,Straight and flat,Minor District Road,Bitumen(Tar),Dry,No influence on accident,Clear,SHREE VINAYAKA LAYOUT K R  PURAM,SHREE VINAYAKA LAYOUT K R  PURAM,2 KM,13.011091,77.698842,0,0,0.0,0.0
Bengaluru City,K.R.Puram Traffic PS,1.04432e+16,2023,1,2,Road Accidents,Junction,City/Town,Near Hospital,Human Error,Yes,Grievous Injury,Vehicle to Vehicle,Controlled,Not Applicable,NH,Bitumen(Tar),Dry,Not Applicable,Clear,T C PALYA MAIN ROAD ALTOR HOSPITAL K  R PURA,T C PALYA MAIN ROAD ALTOR HOSPITAL K  R PURA,1 KM,0.0,0.0,0,0,0.0,0.0
Bengaluru City,K.R.Puram Traffic PS,1.04432e+16,2023,1,2,Road Accidents,Not Applicable,City/Town,In bazaar,Human Error,No,Grievous Injury,Vehicle to Vehicle,Not at  Junction,Others,Others,Bitumen(Tar),Dry,No influence on accident,Clear,Mamath parama Horamavu main road,Mamath parama Horamavu main road,5 km,13.027873,77.662344,0,0,0.0,0.0
Bengaluru City,K.R.Puram Traffic PS,1.04432e+16,2023,1,1,Road Accidents,Not Applicable,City/Town,In bazaar,Human Error,Yes,Grievous Injury,Hit pedestrian,Not at  Junction,Others,Others,Bitumen(Tar),Dry,No influence on accident,Clear,"Old Santhe Road, Kowdenahalli, Ramamurthy Nagar,",Old Santhe Road,2 km,13.019563,77.67553,0,0,0.0,0.0
Bengaluru City,K.R.Puram Traffic PS,1.04432e+16,2023,1,2,Road Accidents,Narrow road,City/Town,Residential area,Human Error,No,Grievous Injury,Vehicle to Vehicle,Controlled,Straight and flat,NH,Bitumen(Tar),Not Applicable,Not Applicable,Clear,OM ROAD NEAR BHATTARAHALLI SIGNAL,OLD MADRA ROAD,3KM,13.019804,77.709021,0,0,0.0,0.0
Bengaluru City,K.R.Puram Traffic PS,1.04432e+16,2023,1,2,Road Accidents,Narrow road,City/Town,Near Bus stop,Human Error,Yes,Grievous Injury,Vehicle to Vehicle,Uncontrolled,Straight and flat,Expressway,Bitumen(Tar),Dry,Not Applicable,Clear,RAMAMURTHY NAGAR MAIN ROAD,AIRTEL OFFICE,02 K M,13.012105,77.66636,0,0,0.0,0.0
Bengaluru City,K.R.Puram Traffic PS,1.04432e+16,2023,1,2,Road Accidents,Junction,City/Town,Open area,Human Error,No,Damage Only,Vehicle to Vehicle,Controlled,Straight and flat,Expressway,Bitumen(Tar),Dry,No influence on accident,Clear,NEAR TIN FACTORY METRO STATION R M NAGAR DOORAVANI NAGAR,NEAR TIN FACTORY METRO STATION R M NAGAR DOORAVANI NAGAR,3 KM,0.0,0.0,0,0,0.0,0.0
Bengaluru City,K.R.Puram Traffic PS,1.04432e+16,2023,1,2,Road Accidents,Narrow road,City/Town,Narrow bridge or culverts,Vehicle Defect,No,Damage Only,Vehicle to Vehicle,Uncontrolled,Straight and flat,Expressway,Bitumen(Tar),Dry,Not Applicable,Dust Storn,O M ROAD,K R PURA HANGING BRIDGE,02 K M,0.0,0.0,0,0,0.0,0.0
Bengaluru City,K.R.Puram Traffic PS,1.04432e+16,2023,1,2,Not Applicable,Narrow road,City/Town,Near Bus stop,Human Error,Yes,Damage Only,Vehicle to Vehicle,Not Applicable,Others,Service Road,Bitumen(Tar),Dry,No influence on accident,Clear,RAMAMURTHY NAGAR RING ROAD NEAR HDC BANK,RAMAMURTHY NAGAR RING ROAD NEAR HDC BANK,5 KM,0.0,0.0,0,0,0.0,0.0
Bengaluru City,K.R.Puram Traffic PS,1.04432e+16,2023,1,1,Road Accidents,Not Applicable,City/Town,Open area,Human Error,Yes,Grievous Injury,Hit pedestrian,Not at  Junction,Others,Arterial,Bitumen(Tar),Dry,No influence on accident,Clear,NEAR PATIL HOSPITAL  OM ROAD K R PURA,NEAR PATIL HOSPITAL  OM ROAD K R PURA,1 KM,13.00921,77.696793,0,0,0.0,0.0
Bengaluru City,K.R.Puram Traffic PS,1.04432e+16,2023,1,2,Road Accidents,Narrow road,City/Town,Near Bus stop,Human Error,Yes,Grievous Injury,Vehicle to Vehicle,Uncontrolled,Straight and flat,Expressway,Bitumen(Tar),Dry,Not Applicable,Fine,O M ROAD,A2B HOTEL,02 K M,0.0,0.0,0,0,0.0,0.0
Bengaluru City,K.R.Puram Traffic PS,1.04432e+16,2023,1,2,Road Accidents,Not Applicable,City/Town,Residential area,Human Error,Not Applicable,Grievous Injury,Vehicle to Vehicle,Not Applicable,Curve,Arterial,Bitumen(Tar),Dry,Not Applicable,Clear,NEAR CMR COLLEGE KASTURI NAGAR PARALAL ROAD,NEAR CMR COLLEGE KASTURI NAGAR PARALAL ROAD,2 KM,13.005791,77.651075,0,0,0.0,0.0
Bengaluru City,K.R.Puram Traffic PS,1.04432e+16,2023,1,2,Rail Road Accidents,Junction,City/Town,Near Bus stop,Human Error,No,Damage Only,Not Applicable,Controlled,Curve,Arterial,Bitumen(Tar),Dry,Not Applicable,Clear,NEAR ITI GATE OM ROAD,NEAR ITI GATE OM ROAD,2 KM P,13.003763,77.683135,0,0,0.0,0.0
Bengaluru City,K.R.Puram Traffic PS,1.04432e+16,2023,1,2,Road Accidents,Not Applicable,City/Town,Near Bus stop,Not Applicable,No,Fatal,Vehicle to Vehicle,Uncontrolled,Not Applicable,Expressway,Surfaced,Others,Not Applicable,Fine,O M ROAD,0,1,0.0,0.0,0,1,,
Bengaluru City,K.R.Puram Traffic PS,1.04432e+16,2023,1,2,Road Accidents,Narrow road,City/Town,Narrow bridge or culverts,Human Error,No,Damage Only,Vehicle to Vehicle,Uncontrolled,Straight and flat,Others,Bitumen(Tar),Dry,Not Applicable,Fine,RAMAMURTHY NAGAR RING ROAD,GRAND SEASONS HOTEL,05 K M,13.002415,77.664049,0,0,0.0,0.0
Bengaluru City,K.R.Puram Traffic PS,1.04432e+16,2023,1,2,Road Accidents,Offset,City/Town,Open area,Human Error,Yes,Damage Only,Vehicle to Vehicle,Not Applicable,Not Applicable,Others,Bitumen(Tar),Others,Not Applicable,Fine,near mams kicten shop 2nd cross venkateshwar tent road k r pura,near mams kicten shop 2nd cross venkateshwar tent road k r pura,2 km,13.007348,77.697662,0,1,0.0,1.0
Bengaluru City,K.R.Puram Traffic PS,1.04432e+16,2023,1,1,Road Accidents,Narrow road,City/Town,Residential area,Human Error,No,Grievous Injury,Hit pedestrian,Uncontrolled,Straight and flat,Expressway,Bitumen(Tar),Dry,Not Applicable,Fine,T C PALYA MAIN ROAD,SLV STORE,05 K M,0.0,0.0,0,0,0.0,0.0
Bengaluru City,K.R.Puram Traffic PS,1.04432e+16,2023,1,2,Road Accidents,Narrow road,City/Town,Open area,Human Error,No,Grievous Injury,Vehicle to Vehicle,Uncontrolled,Straight and flat,Major District Road,Bitumen(Tar),Dry,No influence on accident,Clear,NEAR NETT APPS COMPANY WHITEFIELD MAIN ROAD WHITEFIELD,NEAR NETT APPS COMPANY WHITEFIELD MAIN ROAD WHITEFIELD,2 KM,0.0,0.0,0,0,0.0,0.0
Bengaluru City,K.R.Puram Traffic PS,1.04432e+16,2023,1,1,Road Accidents,Narrow road,City/Town,Near Hospital,Human Error,No,Simple Injury,Not Applicable,Uncontrolled,Straight and flat,Others,Bitumen(Tar),Dry,Not Applicable,Fog / Mist,SEEGEHALLI MAIN ROAD,GOVT HOSPITAL,05 K M,0.0,0.0,0,0,0.0,0.0
Bengaluru City,K.R.Puram Traffic PS,1.04432e+16,2023,1,2,Road Accidents,Not Applicable,City/Town,Open area,Human Error,Yes,Fatal,Vehicle to Vehicle,Not Applicable,Straight and flat,Others,Bitumen(Tar),Dry,Not Applicable,Clear,IN FRONT OF GAIL GAS STATION ITI,A1,03 KM,0.0,0.0,0,0,0.0,0.0
Bengaluru City,K.R.Puram Traffic PS,1.04432e+16,2023,1,2,Road Accidents,Narrow road,City/Town,Near Hospital,Human Error,No,Grievous Injury,Vehicle to Vehicle,Uncontrolled,Straight and flat,Expressway,Bitumen(Tar),Dry,Not Applicable,Clear,RAMAMURTHY NAGAR MAIN ROAD,SURGICARE HOSPITAL,04 K M,0.0,0.0,0,0,0.0,0.0
Bengaluru City,K.R.Puram Traffic PS,1.04432e+16,2023,1,2,Road Accidents,Junction,City/Town,Near School or College,Vehicle Defect,Yes,Damage Only,Vehicle to Vehicle,Controlled,Straight and flat,Expressway,Bitumen(Tar),Dry,Not Applicable,Clear,OM ROAD,GOVT COLLEGE,0.5,0.0,0.0,0,0,0.0,0.0
Bengaluru City,K.R.Puram Traffic PS,1.04432e+16,2023,1,2,Road Accidents,Not Applicable,City/Town,Open area,Human Error,Yes,Fatal,Vehicle to Vehicle,Not Applicable,Straight and flat,Others,Bitumen(Tar),Dry,Not Applicable,Clear,"KASTURI NAGARA FLYOVER, TOWARDS KASTHURI NAGAR, BENGALURE CITY",A1,03 KM,0.0,0.0,0,0,0.0,0.0
Bengaluru City,K.R.Puram Traffic PS,1.04432e+16,2023,1,2,Road Accidents,Junction,City/Town,Open area,Human Error,No,Grievous Injury,Vehicle to Vehicle,Not Applicable,Not Applicable,Others,Bitumen(Tar),Dry,Not Applicable,Clear,KASTURI NAGAR,ICICI BANK KASTURI NAGAR,2KM,0.0,0.0,0,0,0.0,0.0
Bengaluru City,K.R.Puram Traffic PS,1.04432e+16,2023,1,2,Road Accidents,Narrow road,City/Town,Open area,Human Error,Yes,Damage Only,Vehicle to Vehicle,Not Applicable,Straight and flat,Two way,Bitumen(Tar),Dry,Not Applicable,Clear,NEAR K R PURA HANGING BRIDGE,NEAR K R PURA HANGING BRIDGE,2 KM,0.0,0.0,0,0,0.0,0.0
Bengaluru City,K.R.Puram Traffic PS,1.04432e+16,2023,1,2,Road Accidents,Narrow road,City/Town,Near office complex,Human Error,Yes,Damage Only,Vehicle to Vehicle,Controlled,Others,NH,Bitumen(Tar),Dry,Not Applicable,Clear,NATIONAL HIGH WAY,OPP GRT JEWLS,0.5,0.0,0.0,0,0,0.0,0.0
Bengaluru City,K.R.Puram Traffic PS,1.04432e+16,2023,1,1,Rail Road Accidents,Junction,City/Town,Open area,Human Error,Not Applicable,Grievous Injury,Hit pedestrian,Not Applicable,Curve,Arterial,Bitumen(Tar),Dry,No influence on accident,Clear,NEAR D MART NRI LAYOUT,NEAR D MART NRI LAYOUT,1KM,0.0,0.0,0,0,0.0,0.0
Bengaluru City,K.R.Puram Traffic PS,1.04432e+16,2023,1,1,Not Applicable,Not Applicable,City/Town,Near Hospital,Human Error,No,Simple Injury,Hit pedestrian,Not at  Junction,Straight and flat,Not Applicable,Bitumen(Tar),Dry,Not Applicable,Clear,T C PALYA JUCTION SERVICE ROAD,T C PALYA JUCTION SERVICE ROAD,2 KM,13.016746,77.704507,0,0,0.0,0.0
Bengaluru City,K.R.Puram Traffic PS,1.04432e+16,2023,1,1,Not Applicable,Offset,City/Town,Open area,Human Error,Yes,Grievous Injury,Not Applicable,Uncontrolled,Straight and flat,Arterial,Bitumen(Tar),Dry,Not Applicable,Clear,NEAR UDUPI GARDEN HOTEL BASAVANPURA MAIN ROAD,AJITH LAYOUT,3 KM,13.014374,77.70904,0,0,0.0,0.0
Bengaluru City,K.R.Puram Traffic PS,1.04432e+16,2023,1,2,Road Accidents,Cross roads,City/Town,Residential area,Not Applicable,No,Fatal,Vehicle to Vehicle,Not at  Junction,Straight and flat,Residential Street,Surfaced,Dry,Not Applicable,Fine,ROAD,0,0,0.0,0.0,0,0,,
Bengaluru City,K.R.Puram Traffic PS,1.04432e+16,2023,1,2,Road Accidents,Not Applicable,City/Town,Near Hospital,Human Error,Yes,Grievous Injury,Vehicle to Vehicle,Not at  Junction,Incline,Major District Road,Bitumen(Tar),Dry,No influence on accident,Clear,K R PURA HOSPITAL JUCTION,K R PURA HOSPITAL JUCTION,1 KM,13.008223,77.693028,0,0,0.0,0.0
Bengaluru City,K.R.Puram Traffic PS,1.04432e+16,2023,1,2,Road Accidents,Not Applicable,City/Town,Near School or College,Human Error,Not Applicable,Fatal,Vehicle to Vehicle,Not Applicable,Straight and flat,Others,Bitumen(Tar),Dry,Not Applicable,Clear,"IN FRONT OF CHIKKA DEVASANDRA GOVT  SCHOOL, AYYAPANAGAR MAIN ROAD BANGALORE",A1,1.5 KM,0.0,0.0,0,0,0.0,0.0
Bengaluru City,K.R.Puram Traffic PS,1.04432e+16,2023,1,1,Road Accidents,Not Applicable,City/Town,Near Hospital,Human Error,No,Fatal,Not Applicable,Not Applicable,Straight and flat,Others,Bitumen(Tar),Dry,Not Applicable,Fog / Mist,"IN FRONT OF RAINBO HOSPITAL (UDUPI PARK HOTEL), RING ROAD, MAHADEVAPURA  BENGALORE",A1,3,0.0,0.0,0,0,0.0,0.0
Bengaluru City,K.R.Puram Traffic PS,1.04432e+16,2023,1,2,Road Accidents,Not Applicable,City/Town,Open area,Human Error,Yes,Fatal,Vehicle to Vehicle,Not Applicable,Straight and flat,Others,Bitumen(Tar),Dry,Not Applicable,Clear,OLD MADRAS ROAD OPPOSITE K R PURAM GOVERNMENT HOSPITAL INFORNT OF H P PETROL BUNK,HP PETROL BUNK,0.5,0.0,0.0,0,0,0.0,0.0
Bengaluru City,K.R.Puram Traffic PS,1.04432e+16,2023,1,1,Road Accidents,Not Applicable,City/Town,Open area,Human Error,No,Simple Injury,Hit bicyclist,Not Applicable,Others,Others,Bitumen(Tar),Dry,Not Applicable,Clear,OM ROAD NEAR K R PURAM HANGING BRIDGE,A1,2 KM,0.0,0.0,0,0,0.0,0.0
Bengaluru City,K.R.Puram Traffic PS,1.04432e+16,2023,1,1,Road Accidents,Offset,City/Town,Near a factory industrial area,Human Error,Yes,Grievous Injury,Not Applicable,Not Applicable,Incline,State Highway,Bitumen(Tar),Dry,No influence on accident,Clear,NEAR KASTURI NAGAR BRIDGE DOWN RAMP KASTURI NAGAR RING ROAD,NEAR KASTURI NAGAR BRIDGE DOWN RAMP KASTURI NAGAR RING ROAD,1 km,0.0,0.0,0,0,0.0,0.0
Bengaluru City,K.R.Puram Traffic PS,1.04432e+16,2023,1,2,Road Accidents,Curves,City/Town,Near Bus stop,Human Error,No,Grievous Injury,Vehicle to Vehicle,Controlled,Curve,Minor District Road,Bitumen(Tar),Dry,No influence on accident,Clear,DEVASANDRA CROSS NEAR K R PURA MARKET OM ROAD,DEVASANDRA CROSS NEAR K R PURA MARKET OM ROAD,2 KM,0.0,0.0,0,0,0.0,0.0
Bengaluru City,K.R.Puram Traffic PS,1.04432e+16,2023,1,1,Road Accidents,Not Applicable,City/Town,Open area,Human Error,No,Fatal,Not Applicable,Not Applicable,Straight and flat,Others,Bitumen(Tar),Dry,Not Applicable,Clear,"Opposite Karthikeya Nivas, HVR Layout, 5th cross, Basavanapura main road, bengalore city",A1,2.5 KM,0.0,0.0,0,0,0.0,0.0
Bengaluru City,K.R.Puram Traffic PS,1.04432e+16,2023,1,1,Not Applicable,Circle,City/Town,Open area,Human Error,No,Grievous Injury,Hit pedestrian,Stop sign,Straight and flat,Arterial,Bitumen(Tar),Dry,No influence on accident,Clear,NEAR RENUKA KALYAN MANTAPPA R M NAGAR MAIN ROAD BANSAWADI,NEAR RENUKA KALYAN MANTAPPA R M NAGAR MAIN ROAD BANSAWADI,2 KM,0.0,0.0,0,0,0.0,0.0
Bengaluru City,K.R.Puram Traffic PS,1.04432e+16,2023,1,2,Road Accidents,Narrow road,City/Town,Near Bus stop,Human Error,Yes,Grievous Injury,Vehicle to Vehicle,Uncontrolled,Straight and flat,Others,Bitumen(Tar),Dry,Not Applicable,Clear,SEEGEHALLI MAIN ROAD,KRR LAYOUT ARCH,04 K M,0.0,0.0,0,0,0.0,0.0
Bengaluru City,K.R.Puram Traffic PS,1.04432e+16,2023,1,2,Road Accidents,Junction,City/Town,Near School or College,Vehicle Defect,No,Damage Only,Vehicle to Vehicle,Controlled,Straight and flat,Expressway,Bitumen(Tar),Dry,Not Applicable,Fine,OM ROAD,GOVT COLLEGE,01 K M,0.0,0.0,0,0,0.0,0.0
Bengaluru City,K.R.Puram Traffic PS,1.04432e+16,2023,1,2,Road Accidents,Not Applicable,City/Town,Open area,Human Error,Yes,Simple Injury,Vehicle to Vehicle,Not Applicable,Straight and flat,Others,Bitumen(Tar),Dry,Not Applicable,Fog / Mist,SRIKRISHNA AUTO EGINEERING AYYAPPA NAGAR MAIN ROAD K R PURA,A1,02 K M,0.0,0.0,0,0,0.0,0.0
Bengaluru City,K.R.Puram Traffic PS,1.04432e+16,2023,1,2,Rail Road Accidents,Not Applicable,City/Town,In bazaar,Human Error,Yes,Grievous Injury,Vehicle to Vehicle,Controlled,Straight and flat,Arterial,Bitumen(Tar),Dry,Not Applicable,Clear,NEAR RELIANCE SMART POINT NRI LAYOUT RAMAMURTHY NAGAR,NEAR RELIANCE SMART POINT NRI LAYOUT RAMAMURTHY NAGAR,1 KM,0.0,0.0,0,0,0.0,0.0
Bengaluru City,K.R.Puram Traffic PS,1.04432e+16,2023,1,1,Not Applicable,Circle,City/Town,Open area,Human Error,No,Grievous Injury,Hit pedestrian,Not at  Junction,Not Applicable,NH,Bitumen(Tar),Dry,Not Applicable,Clear,in front of hdfc ATM ROAD TIRUMALA MEDICAL STORE T C PALYA MAIN ROAD,in front of hdfc ATM ROAD TIRUMALA MEDICAL STORE T C PALYA MAIN ROAD,3 KM,0.0,0.0,0,0,0.0,0.0
Bengaluru City,K.R.Puram Traffic PS,1.04432e+16,2023,1,2,Road Accidents,Junction,City/Town,Near Bus stop,Vehicle Defect,No,Damage Only,Vehicle to Vehicle,Controlled,Straight and flat,Expressway,Bitumen(Tar),Dry,Not Applicable,Clear,OM ROAD,HOOP HOSPITAL,02 KM,0.0,0.0,0,0,0.0,0.0
Bengaluru City,K.R.Puram Traffic PS,1.04432e+16,2023,1,1,Not Applicable,Not Applicable,City/Town,Near Bus stop,Human Error,Not Applicable,Grievous Injury,Hit pedestrian,Not Applicable,Others,NH,Bitumen(Tar),Dry,Not Applicable,Clear,NEAR  APOLO PHARAMACY 13TH CROSS BASAVANPURA MAIN ROAD,NEAR  APOLO PHARAMACY 13TH CROSS BASAVANPURA MAIN ROAD,02 K M,0.0,0.0,0,0,0.0,0.0
Bengaluru City,K.R.Puram Traffic PS,1.04432e+16,2023,1,2,Rail Road Accidents,Junction,City/Town,Near Hospital,Human Error,Yes,Damage Only,Vehicle to Vehicle,Controlled,Others,Arterial,Bitumen(Tar),Dry,No influence on accident,Clear,NEAR K R PURA GOVT HOSPITAL OM ROAD K R PURA,NEAR K R PURA GOVT HOSPITAL OM ROAD K R PURA,1 KM,0.0,0.0,0,0,0.0,0.0
Bengaluru City,K.R.Puram Traffic PS,1.04432e+16,2023,1,1,Road Accidents,Junction,City/Town,Open area,Human Error,No,Fatal,Hit pedestrian,Controlled,Not Applicable,NH,Surfaced,Others,Not Applicable,Fine,OLD MADRASS ROAD,0,0.5,0.0,0.0,0,1,,
Bengaluru City,K.R.Puram Traffic PS,1.04432e+16,2023,1,2,Not Applicable,Narrow road,City/Town,Open area,Human Error,No,Grievous Injury,Vehicle to Vehicle,Uncontrolled,Straight and flat,Arterial,Bitumen(Tar),Dry,Not Applicable,Clear,NEAR 7TH CROSS DASAPPA LAYOUT R M NAGAR,NEAR 7TH CROSS DASAPPA LAYOUT R M NAGAR,4 KM P,13.013767,77.670355,0,0,0.0,0.0
Bengaluru City,K.R.Puram Traffic PS,1.04432e+16,2023,1,1,Road Accidents,Junction,City/Town,Open area,Human Error,No,Grievous Injury,Hit pedestrian,Controlled,Incline,Expressway,Bitumen(Tar),Dry,Not Applicable,Clear,T C PALYA BUS STOP,T C PALYA BUS STOP,1 KM,13.017342,77.704877,0,0,0.0,0.0
Bengaluru City,K.R.Puram Traffic PS,1.04432e+16,2023,1,1,Road Accidents,Narrow road,City/Town,Residential area,Human Error,No,Simple Injury,Hit bicyclist,Uncontrolled,Others,Two way,Bitumen(Tar),Dry,Not Applicable,Clear,BASAVANAPURA ROAD,NEAR OM SHAKTHI TEMPLE,3 KM,13.00737,77.709357,0,0,0.0,0.0
Bengaluru City,K.R.Puram Traffic PS,1.04432e+16,2023,1,2,Road Accidents,Narrow road,City/Town,Near Bus stop,Human Error,Yes,Grievous Injury,Vehicle to Vehicle,Uncontrolled,Straight and flat,Expressway,Bitumen(Tar),Dry,Not Applicable,Fine,RAMAMURTHY NAGAR RING ROAD,SWAMY VIVEKANANDA PARK,05 K M,12.996811,77.663455,0,0,0.0,0.0
Bengaluru City,K.R.Puram Traffic PS,1.04432e+16,2023,1,1,Road Accidents,Cross roads,City/Town,Residential area,Human Error,Yes,Grievous Injury,Hit pedestrian,Uncontrolled,Straight and flat,One way,Bitumen(Tar),Dry,Not Applicable,Clear,BASAVANAPURA MAIN  ROAD,MAHAVEER GENERAL  STORE,02 K M,13.010537,77.70515,0,0,0.0,0.0
Bengaluru City,K.R.Puram Traffic PS,1.04432e+16,2023,1,1,Road Accidents,Junction,City/Town,Open area,Human Error,Not Applicable,Grievous Injury,Not Applicable,Controlled,Incline,Others,Bitumen(Tar),Dry,No influence on accident,Clear,NEAR NALAPAK HOTEL DEVASANDRA MAIN ROAD K R PURA,NEAR NALAPAK HOTEL DEVASANDRA MAIN ROAD K R PURA,1 KM,13.006912,77.700797,0,0,0.0,0.0
Bengaluru City,K.R.Puram Traffic PS,1.04432e+16,2023,1,2,Road Accidents,Junction,City/Town,Open area,Human Error,No,Grievous Injury,Vehicle to Vehicle,Not at  Junction,Curve,Arterial,Bitumen(Tar),Dry,Not Applicable,Clear,5TH MAIN ROAD NEAR MEDPULS SHOP OMBR LAYOUT,5TH MAIN ROAD NEAR MEDPULS SHOP OMBR LAYOUT,2 KM,0.0,0.0,0,0,0.0,0.0
Bengaluru City,K.R.Puram Traffic PS,1.04432e+16,2023,1,2,Road Accidents,Circle,City/Town,Near Bus stop,Human Error,No,Grievous Injury,Not Applicable,Controlled,Curve,Arterial,Bitumen(Tar),Dry,No influence on accident,Clear,NEAR ITI GATE OLD MADRAS ROAD K R PURA,NEAR ITI GATE OLD MADRAS ROAD K R PURA,2KM,0.0,0.0,0,0,0.0,0.0
Bengaluru City,K.R.Puram Traffic PS,1.04432e+16,2023,1,2,Road Accidents,Circle,City/Town,Residential area,Human Error,Yes,Grievous Injury,Vehicle to Vehicle,Stop Sign,Straight and flat,Arterial,Bitumen(Tar),Dry,Not Applicable,Clear,NEAR ITI COLONY 1ST LANE ROAD DOORAVANI NAGAR,NEAR ITI COLONY 1ST LANE ROAD DOORAVANI NAGAR,2 KM,0.0,0.0,0,0,0.0,0.0
Bengaluru City,K.R.Puram Traffic PS,1.04432e+16,2023,1,1,Road Accidents,Narrow road,City/Town,Near Bus stop,Vehicle Defect,No,Damage Only,Not Applicable,Uncontrolled,Straight and flat,Residential Street,Bitumen(Tar),Dry,Not Applicable,Fog / Mist,RAMAMURTHY NAGAR MAIN ROAD,UTTAM SAGAR,03 K M,0.0,0.0,0,0,0.0,0.0