DISTRICTNAME,UNITNAME,Crime_No,Year,RI,Noofvehicle_involved,Accident_Classification,Accident_Spot,Accident_Location,Accident_SubLocation,Main_Cause,Hit_Run,Severity,Collision_Type,Junction_Control,Road_Character,Road_Type,Surface_Type,Surface_Condition,Road_Condition,Weather,Accident_Road,Landmark_first,Distance_LandMark_First,Latitude,Longitude,Road_Condition_Score,Surface_Condition_Score,Surface_Type_Score,Road_Risk_Index
Bengaluru City,Kamakshipalya Traffic PS,1.04432e+16,2018,1,2,Road Accidents,More than four arms,City/Town,Near Hospital,Human Error,No,Fatal,Hit bicyclist,Not at  Junction,Dip or trough,State Highway,Bitumen(Tar),Dry,No influence on accident,Fine,Magadi Main Road,Near Hospital,3 Km,0.0,0.0,0,0,0.0,0.0
Bengaluru City,Kamakshipalya Traffic PS,1.04432e+16,2018,1,2,Road Accidents,Narrow road,City/Town,Residential area,Human Error,No,Simple Injury,Right Turn Collision,No signal lights,Straight and flat,City or Town Road,Bitumen(Tar),Dry,No influence on accident,Clear,Nagarabhavi Vijayanetralaya road,Near Dhanya Rice Traders,3km,0.0,0.0,0,0,0.0,0.0
Bengaluru City,Kamakshipalya Traffic PS,1.04432e+16,2018,1,4,Road Accidents,Narrow road,City/Town,Near Hospital,Human Error,No,Fatal,Hit bicyclist,Not at  Junction,Straight and flat,Two way,Bitumen(Tar),Dry,No influence on accident,Fine,Hegganahlli Main Road,Near Mallige Hospital,3 Km,0.0,0.0,0,0,0.0,0.0
Bengaluru City,Kamakshipalya Traffic PS,1.04432e+16,2018,1,2,Road Accidents,Other,City/Town,Open area,Human Error,No,Grievous Injury,Hit bicyclist,Not at  Junction,Straight and flat,Two way,Bitumen(Tar),Dry,No influence on accident,Fine,Nice Road,Near ramasandra Under Pass,6 Km,0.0,0.0,0,0,0.0,0.0
Bengaluru City,Kamakshipalya Traffic PS,1.04432e+16,2018,1,1,Road Accidents,Other,City/Town,Open area,Human Error,No,Fatal,Hit pedestrian,Not at  Junction,Straight and flat,City or Town Road,Bitumen(Tar),Dry,No influence on accident,Fine,Old Ring Road,Near Dhanalakshmi Steel Shop,5 Km,0.0,0.0,0,0,0.0,0.0
Bengaluru City,Kamakshipalya Traffic PS,1.04432e+16,2018,1,1,Road Accidents,Narrow road,City/Town,Near office complex,Human Error,No,Grievous Injury,Head on,No signal lights,Straight and flat,City or Town Road,Bitumen(Tar),Dry,No influence on accident,Clear,Dr.Siddaiah Puranika Road,Near Gundappa Bakery,1km,0.0,0.0,0,0,0.0,0.0
Bengaluru City,Kamakshipalya Traffic PS,1.04432e+16,2018,1,2,Road Accidents,Narrow road,City/Town,Residential area,Human Error,Yes,Damage Only,Rear end,Not at  Junction,Straight and flat,City or Town Road,Bitumen(Tar),Dry,No influence on accident,Clear,6th Main,Nagadevanahalli,6km,0.0,0.0,0,0,0.0,0.0
Bengaluru City,Kamakshipalya Traffic PS,1.04432e+16,2018,1,2,Road Accidents,Junction,City/Town,Near Bus stop,Human Error,No,Simple Injury,Side impact or Right angle,Signal lights Automatic,Straight and flat,City or Town Road,Bitumen(Tar),Dry,No influence on accident,Fine,Magadi Main Road,Sumanahalli Junction,1.5 Km,0.0,0.0,0,0,0.0,0.0
Bengaluru City,Kamakshipalya Traffic PS,1.04432e+16,2018,1,1,Road Accidents,Cross roads,City/Town,Residential area,Human Error,No,Simple Injury,Hit pedestrian,Not at  Junction,Straight and flat,City or Town Road,Bitumen(Tar),Dry,No influence on accident,Fine,3rd Main Road,ITI Layout,4 Km,0.0,0.0,0,0,0.0,0.0
Bengaluru City,Kamakshipalya Traffic PS,1.04432e+16,2018,1,1,Road Accidents,Narrow road,City/Town,Open area,Human Error,No,Grievous Injury,Skidding or Self accident,No signal lights,Straight and flat,City or Town Road,Bitumen(Tar),Dry,No influence on accident,Clear,5th main road,Pipelane road,4km,0.0,0.0,0,0,0.0,0.0
Bengaluru City,Kamakshipalya Traffic PS,1.04432e+16,2018,1,1,Road Accidents,Other,City/Town,Near Bus stop,Human Error,No,Damage Only,Skidding or Self accident,Not at  Junction,Straight and flat,City or Town Road,Bitumen(Tar),Dry,No influence on accident,Fine,Nagarabhavi Ring Road,Club,3 Km,0.0,0.0,0,0,0.0,0.0
Bengaluru City,Kamakshipalya Traffic PS,1.04432e+16,2018,1,1,Road Accidents,Other,City/Town,Near a religious place,Human Error,No,Grievous Injury,Hit pedestrian,Not at  Junction,Straight and flat,Service Road,Bitumen(Tar),Dry,No influence on accident,Fine,Service Road,Near durgashri Grand Hotel,3 Km,0.0,0.0,0,0,0.0,0.0
Bengaluru City,Kamakshipalya Traffic PS,1.04432e+16,2018,1,5,Road Accidents,Junction,City/Town,Open area,Human Error,No,Damage Only,Rear end,Signal lights Automatic,Straight and flat,City or Town Road,Bitumen(Tar),Dry,No influence on accident,Clear,s g junction,sg junction,2km,0.0,0.0,0,0,0.0,0.0
Bengaluru City,Kamakshipalya Traffic PS,1.04432e+16,2018,1,2,Road Accidents,Other,City/Town,Open area,Human Error,No,Grievous Injury,Hit bicyclist,Not at  Junction,Straight and flat,City or Town Road,Bitumen(Tar),Dry,No influence on accident,Fine,Magadi Main Road,Lakshmi Hospital,3 Km,0.0,0.0,0,0,0.0,0.0
Bengaluru City,Kamakshipalya Traffic PS,1.04432e+16,2018,1,3,Road Accidents,Narrow road,City/Town,Residential area,Human Error,No,Damage Only,Head on,Not Applicable,Straight and flat,City or Town Road,Bitumen(Tar),Dry,No influence on accident,Clear,4th main,astagrama layout,400 mt,0.0,0.0,0,0,0.0,0.0
Bengaluru City,Kamakshipalya Traffic PS,1.04432e+16,2018,1,2,Road Accidents,Narrow road,City/Town,Near Hospital,Human Error,No,Fatal,Rear end,Not at  Junction,Straight and flat,City or Town Road,Bitumen(Tar),Dry,No influence on accident,Clear,Nagarbhavi outer ring road service road,Ravi gym,3km,0.0,0.0,0,0,0.0,0.0
Bengaluru City,Kamakshipalya Traffic PS,1.04432e+16,2018,1,1,Not Applicable,Narrow road,City/Town,Near Bus stop,Human Error,No,Simple Injury,Head on,No signal lights,Straight and flat,City or Town Road,Bitumen(Tar),Dry,No influence on accident,Clear,Siddaiah Puranika,Opp Balaji Law College,1 Km,0.0,0.0,0,0,0.0,0.0
Bengaluru City,Kamakshipalya Traffic PS,1.04432e+16,2018,1,1,Road Accidents,Other,City/Town,Open area,Human Error,No,Grievous Injury,Hit pedestrian,Not at  Junction,Straight and flat,Two way,Bitumen(Tar),Dry,No influence on accident,Fine,Outer Ring Road,Near Durgashree Grand Hotel,2 Km,12.978051,77.514735,0,0,0.0,0.0
Bengaluru City,Kamakshipalya Traffic PS,1.04432e+16,2018,1,1,Road Accidents,Other,City/Town,Narrow bridge or culverts,Human Error,No,Grievous Injury,Others,No signal lights,Straight and flat,City or Town Road,Bitumen(Tar),Dry,No influence on accident,Clear,Sumanahlli Ring Road Flyover,Sumanahalli,1Km,0.0,0.0,0,0,0.0,0.0
Bengaluru City,Kamakshipalya Traffic PS,1.04432e+16,2018,1,1,Road Accidents,Other,City/Town,Residential area,Human Error,No,Grievous Injury,Hit pedestrian,Not at  Junction,Straight and flat,City or Town Road,Bitumen(Tar),Dry,No influence on accident,Fine,Muddinpalay Main Road,Main Road,5 Km,0.0,0.0,0,0,0.0,0.0
Bengaluru City,Kamakshipalya Traffic PS,1.04432e+16,2018,1,1,Road Accidents,Narrow road,City/Town,Near Bus stop,Human Error,No,Grievous Injury,Not Applicable,Not Applicable,Straight and flat,City or Town Road,Bitumen(Tar),Dry,No influence on accident,Clear,Magadi main road,kottigepalya bus stop,2km,0.0,0.0,0,0,0.0,0.0
Bengaluru City,Kamakshipalya Traffic PS,1.04432e+16,2018,1,2,Road Accidents,Cross roads,City/Town,Residential area,Human Error,Yes,Grievous Injury,Hit bicyclist,Not at  Junction,Straight and flat,City or Town Road,Bitumen(Tar),Dry,No influence on accident,Fine,Chandana Badavane,Badavane,3 Km,0.0,0.0,0,0,0.0,0.0
Bengaluru City,Kamakshipalya Traffic PS,1.04432e+16,2018,1,2,Road Accidents,Narrow road,City/Town,Near School or College,Human Error,No,Grievous Injury,Rear end,Not at  Junction,Straight and flat,City or Town Road,Bitumen(Tar),Dry,No influence on accident,Clear,Terige Bhavana Road,4km,4km,0.0,0.0,0,0,0.0,0.0
Bengaluru City,Kamakshipalya Traffic PS,1.04432e+16,2018,1,1,Road Accidents,Narrow road,City/Town,Near Bus stop,Human Error,No,Grievous Injury,Others,Not Applicable,Straight and flat,City or Town Road,Bitumen(Tar),Dry,No influence on accident,Clear,Magadi main road,1km,1km,0.0,0.0,0,0,0.0,0.0
Bengaluru City,Kamakshipalya Traffic PS,1.04432e+16,2018,1,2,Road Accidents,Other,City/Town,Residential area,Human Error,No,Grievous Injury,Hit bicyclist,Not at  Junction,Straight and flat,City or Town Road,Bitumen(Tar),Dry,No influence on accident,Fine,Ring Road,Electrical Shop,6 Km,0.0,0.0,0,0,0.0,0.0
Bengaluru City,Kamakshipalya Traffic PS,1.04432e+16,2018,1,1,Road Accidents,Narrow road,City/Town,Near a religious place,Human Error,No,Grievous Injury,Head on,No signal lights,Straight and flat,City or Town Road,Bitumen(Tar),Dry,No influence on accident,Clear,Muneshwaranagar 1st main,muneshwara temple,2km,0.0,0.0,0,0,0.0,0.0
Bengaluru City,Kamakshipalya Traffic PS,1.04432e+16,2018,1,2,Road Accidents,Narrow road,City/Town,Residential area,Human Error,No,Grievous Injury,Head on,Not at  Junction,Straight and flat,City or Town Road,Bitumen(Tar),Dry,No influence on accident,Clear,Gadi muddanna road,magadi raod,1km,0.0,0.0,0,0,0.0,0.0
Bengaluru City,Kamakshipalya Traffic PS,1.04432e+16,2018,1,2,Road Accidents,Narrow road,City/Town,Near office complex,Human Error,Yes,Grievous Injury,Hit and Run,No signal lights,Straight and flat,City or Town Road,Bitumen(Tar),Dry,No influence on accident,Clear,magadi main road,near navaratna Bar,2km,0.0,0.0,0,0,0.0,0.0
Bengaluru City,Kamakshipalya Traffic PS,1.04432e+16,2018,1,3,Road Accidents,Narrow road,City/Town,Near School or College,Human Error,No,Grievous Injury,Head on,Uncontrolled,Straight and flat,City or Town Road,Bitumen(Tar),Dry,No influence on accident,Clear,Bengaluru V V Road,jnanabharathi P S,6km,0.0,0.0,0,0,0.0,0.0
Bengaluru City,Kamakshipalya Traffic PS,1.04432e+16,2018,1,1,Road Accidents,Narrow road,City/Town,Near Bus stop,Human Error,No,Grievous Injury,Head on,No signal lights,Straight and flat,City or Town Road,Bitumen(Tar),Dry,No influence on accident,Clear,Old Ring Road,Near Ullala Signal,4km,0.0,0.0,0,0,0.0,0.0
Bengaluru City,Kamakshipalya Traffic PS,1.04432e+16,2018,1,2,Road Accidents,Narrow road,City/Town,Open area,Human Error,Yes,Fatal,Hit and Run,Not at  Junction,Straight and flat,City or Town Road,Bitumen(Tar),Dry,No influence on accident,Fine,Nagarabhavi Outer Ring Road,Near Terege Bhava Under Pass,4 Km,0.0,0.0,0,0,0.0,0.0
Bengaluru City,Kamakshipalya Traffic PS,1.04432e+16,2018,1,1,Road Accidents,Narrow road,City/Town,Near office complex,Human Error,No,Grievous Injury,Others,Uncontrolled,Straight and flat,City or Town Road,Bitumen(Tar),Dry,No influence on accident,Clear,Tent road,tent road,3km,0.0,0.0,0,0,0.0,0.0
Bengaluru City,Kamakshipalya Traffic PS,1.04432e+16,2018,1,2,Road Accidents,Narrow road,City/Town,Near Petrol Pump,Human Error,No,Grievous Injury,Head on,No signal lights,Straight and flat,City or Town Road,Bitumen(Tar),Dry,No influence on accident,Clear,Nagadevanahalli Old Ring Road,Near Nisarga Garden Restorent,7 Km,0.0,0.0,0,0,0.0,0.0
Bengaluru City,Kamakshipalya Traffic PS,1.04432e+16,2018,1,2,Road Accidents,Narrow road,City/Town,Open area,Human Error,No,Simple Injury,Head on,No signal lights,Straight and flat,City or Town Road,Bitumen(Tar),Dry,No influence on accident,Clear,Vishveshwaraiah Layout 8th Block Main Road,Near Police Chouki,4Km,0.0,0.0,0,0,0.0,0.0
Bengaluru City,Kamakshipalya Traffic PS,1.04432e+16,2018,1,1,Road Accidents,Narrow road,City/Town,Near School or College,Human Error,No,Grievous Injury,Head on,No signal lights,Straight and flat,City or Town Road,Bitumen(Tar),Dry,No influence on accident,Clear,Sumanahalli Ring Road Service Road,Near Bharathiya Vidya peeta Samskruti,3 Km,0.0,0.0,0,0,0.0,0.0
Bengaluru City,Kamakshipalya Traffic PS,1.04432e+16,2018,1,2,Road Accidents,Narrow road,City/Town,Near School or College,Human Error,Yes,Grievous Injury,Head on,Not at  Junction,Curve,City or Town Road,Bitumen(Tar),Dry,No influence on accident,Fine,Univercity Road,Univercity,5 Km,0.0,0.0,0,0,0.0,0.0
Bengaluru City,Kamakshipalya Traffic PS,1.04432e+16,2018,1,2,Road Accidents,Narrow road,City/Town,Near Bus stop,Human Error,No,Damage Only,Rear end,No signal lights,Straight and flat,City or Town Road,Bitumen(Tar),Dry,No influence on accident,Clear,Sumanahallli Bus stop,Sumanahalli Junction,1.5km,0.0,0.0,0,0,0.0,0.0
Bengaluru City,Kamakshipalya Traffic PS,1.04432e+16,2018,1,2,Road Accidents,Narrow road,City/Town,Near Hospital,Human Error,No,Grievous Injury,Head on,Uncontrolled,Straight and flat,City or Town Road,Bitumen(Tar),Dry,No influence on accident,Clear,service road,vijaya Nethralaya,3km,0.0,0.0,0,0,0.0,0.0
Bengaluru City,Kamakshipalya Traffic PS,1.04432e+16,2018,1,1,Road Accidents,Narrow road,City/Town,Near Bus stop,Human Error,No,Grievous Injury,Head on,No signal lights,Straight and flat,City or Town Road,Bitumen(Tar),Dry,No influence on accident,Clear,kottigepalya,kottigepalya bus stop,2km,0.0,0.0,0,0,0.0,0.0
Bengaluru City,Kamakshipalya Traffic PS,1.04432e+16,2018,1,1,Road Accidents,More than four arms,City/Town,Near Bus stop,Human Error,Yes,Grievous Injury,Others,Not at  Junction,Straight and flat,State Highway,Bitumen(Tar),Dry,No influence on accident,Fine,Magadi Main Road,Bus Stop,4 Km,0.0,0.0,0,0,0.0,0.0
Bengaluru City,Kamakshipalya Traffic PS,1.04432e+16,2018,1,1,Road Accidents,Narrow road,City/Town,Near office complex,Human Error,No,Simple Injury,Head on,No signal lights,Straight and flat,City or Town Road,Bitumen(Tar),Dry,No influence on accident,Clear,Magadi Main Road,Near Sageetha Mobile,1km,0.0,0.0,0,0,0.0,0.0
Bengaluru City,Kamakshipalya Traffic PS,1.04432e+16,2018,1,2,Road Accidents,Narrow road,City/Town,Near School or College,Human Error,Yes,Grievous Injury,Head on,Not at  Junction,Straight and flat,City or Town Road,Bitumen(Tar),Dry,No influence on accident,Clear,Bengaluru V V Road,5km south,5km,0.0,0.0,0,0,0.0,0.0
Bengaluru City,Kamakshipalya Traffic PS,1.04432e+16,2018,1,1,Road Accidents,Narrow road,City/Town,Open area,Human Error,No,Fatal,Head on,No signal lights,Straight and flat,City or Town Road,Bitumen(Tar),Dry,No influence on accident,Clear,Nagarabhavi Ring Road,Near Attika Biriyani Shop,3.5 km,0.0,0.0,0,0,0.0,0.0
Bengaluru City,Kamakshipalya Traffic PS,1.04432e+16,2018,1,2,Road Accidents,Narrow road,City/Town,Open area,Human Error,No,Simple Injury,Head on,No signal lights,Straight and flat,City or Town Road,Bitumen(Tar),Dry,No influence on accident,Clear,Sumanahlli Ring Road Flyover Service Road,Near Malagala Underpass,2.5km,0.0,0.0,0,0,0.0,0.0
Bengaluru City,Kamakshipalya Traffic PS,1.04432e+16,2018,1,1,Road Accidents,Narrow road,City/Town,Near School or College,Human Error,No,Grievous Injury,Head on,Signal lights Automatic,Straight and flat,State Highway,Bitumen(Tar),Dry,No influence on accident,Clear,Mysore Road,Near Bengaluru University Main Gate,7Km,0.0,0.0,0,0,0.0,0.0
Bengaluru City,Kamakshipalya Traffic PS,1.04432e+16,2018,1,1,Road Accidents,Narrow road,City/Town,Near Bus stop,Human Error,No,Grievous Injury,Head on,No signal lights,Straight and flat,City or Town Road,Bitumen(Tar),Dry,No influence on accident,Clear,Magadi road,Near Sumanahalli Junction,2km,0.0,0.0,0,0,0.0,0.0
Bengaluru City,Kamakshipalya Traffic PS,1.04432e+16,2018,1,1,Road Accidents,Narrow road,City/Town,Near Bus stop,Human Error,No,Simple Injury,Head on,No signal lights,Straight and flat,City or Town Road,Bitumen(Tar),Dry,No influence on accident,Clear,Magadi main road,Sunkadakatte,3k,0.0,0.0,0,0,0.0,0.0
Bengaluru City,Kamakshipalya Traffic PS,1.04432e+16,2018,1,2,Road Accidents,Other,City/Town,Residential area,Human Error,Yes,Grievous Injury,Hit bicyclist,Not at  Junction,Straight and flat,City or Town Road,Bitumen(Tar),Dry,No influence on accident,Fine,Sannakki Bayalu Road,1st Cross,4 Km,0.0,0.0,0,0,0.0,0.0
Bengaluru City,Kamakshipalya Traffic PS,1.04432e+16,2018,1,2,Road Accidents,Cross roads,City/Town,Residential area,Human Error,No,Damage Only,Side impact or Right angle,Not at  Junction,Straight and flat,City or Town Road,Bitumen(Tar),Dry,No influence on accident,Fine,Astagram Layout,Layout,1 Km,0.0,0.0,0,0,0.0,0.0
Bengaluru City,Kamakshipalya Traffic PS,1.04432e+16,2018,1,2,Road Accidents,More than four arms,City/Town,Near Bus stop,Human Error,Yes,Grievous Injury,Hit bicyclist,Not at  Junction,Straight and flat,State Highway,Bitumen(Tar),Dry,No influence on accident,Fine,Magadi Main Road,State High Way,0.5 Km,0.0,0.0,0,0,0.0,0.0
Bengaluru City,Kamakshipalya Traffic PS,1.04432e+16,2018,1,2,Road Accidents,Cross roads,City/Town,Residential area,Human Error,No,Grievous Injury,Hit bicyclist,Not at  Junction,Straight and flat,City or Town Road,Bitumen(Tar),Dry,No influence on accident,Fine,Hegganahlli Main Road,Main Road,5 Km,0.0,0.0,0,0,0.0,0.0
Bengaluru City,Kamakshipalya Traffic PS,1.04432e+16,2018,1,2,Road Accidents,Junction,City/Town,Near Bus stop,Human Error,Yes,Grievous Injury,Rear end,No signal lights,Straight and flat,City or Town Road,Bitumen(Tar),Dry,No influence on accident,Clear,Mariyappanapalya main road,mariyappanapalya,6km,0.0,0.0,0,0,0.0,0.0
Bengaluru City,Kamakshipalya Traffic PS,1.04432e+16,2018,1,1,Road Accidents,Other,City/Town,Near School or College,Human Error,Yes,Grievous Injury,Hit pedestrian,Not at  Junction,Straight and flat,City or Town Road,Bitumen(Tar),Dry,No influence on accident,Fine,Aaladamara Road,Aaladamara Road,4 Km,0.0,0.0,0,0,0.0,0.0
Bengaluru City,Kamakshipalya Traffic PS,1.04432e+16,2018,1,1,Road Accidents,Other,City/Town,Near Petrol Pump,Human Error,No,Grievous Injury,Hit pedestrian,Not at  Junction,Straight and flat,Service Road,Bitumen(Tar),Dry,No influence on accident,Fine,Service Road,Thirumala Palace,2 km,0.0,0.0,0,0,0.0,0.0
Bengaluru City,Kamakshipalya Traffic PS,1.04432e+16,2018,1,1,Road Accidents,Bridge,City/Town,Open area,Human Error,No,Grievous Injury,Skidding or Self accident,Not at  Junction,Straight and flat,Two way,Bitumen(Tar),Dry,No influence on accident,Fine,Sumanahalli Road,Bridge,2 Km,0.0,0.0,0,0,0.0,0.0
Bengaluru City,Kamakshipalya Traffic PS,1.04432e+16,2018,1,2,Road Accidents,Other,City/Town,Residential area,Human Error,No,Fatal,Hit bicyclist,Not at  Junction,Straight and flat,Two way,Bitumen(Tar),Dry,No influence on accident,Fine,Old Ring Road,Near Nanjundeshwar Traders,7 Km,0.0,0.0,0,0,0.0,0.0
Bengaluru City,Kamakshipalya Traffic PS,1.04432e+16,2018,1,2,Road Accidents,Other,City/Town,Residential area,Human Error,No,Grievous Injury,Hit bicyclist,Not at  Junction,Straight and flat,City or Town Road,Bitumen(Tar),Dry,No influence on accident,Fine,Hegganahalli Main Road,Near Nilagiri Thopu Bus Stop,3 Km,0.0,0.0,0,0,0.0,0.0
Bengaluru City,Kamakshipalya Traffic PS,1.04432e+16,2018,1,2,Road Accidents,Other,City/Town,Residential area,Human Error,No,Grievous Injury,Hit bicyclist,Not at  Junction,Straight and flat,City or Town Road,Bitumen(Tar),Dry,No influence on accident,Fine,Ullal Main Road,Mian Road,5 Km,0.0,0.0,0,0,0.0,0.0
Bengaluru City,Kamakshipalya Traffic PS,1.04432e+16,2018,1,4,Road Accidents,Junction,City/Town,Near Bus stop,Human Error,No,Damage Only,Rear end,Signal lights Automatic,Straight and flat,City or Town Road,Bitumen(Tar),Dry,No influence on accident,Clear,Magadi main road,susmanahalli,2km,0.0,0.0,0,0,0.0,0.0
Bengaluru City,Kamakshipalya Traffic PS,1.04432e+16,2018,1,2,Road Accidents,Other,City/Town,Open area,Human Error,Yes,Grievous Injury,Hit bicyclist,Not at  Junction,Straight and flat,City or Town Road,Bitumen(Tar),Dry,No influence on accident,Fine,Ring Road,Ring road,3 Km,0.0,0.0,0,0,0.0,0.0
Bengaluru City,Kamakshipalya Traffic PS,1.04432e+16,2018,1,2,Road Accidents,Other,City/Town,Open area,Human Error,No,Grievous Injury,Hit bicyclist,Not at  Junction,Straight and flat,City or Town Road,Bitumen(Tar),Dry,No influence on accident,Fine,Magadi Main Road,Main Road,3 Km,0.0,0.0,0,0,0.0,0.0
Bengaluru City,Kamakshipalya Traffic PS,1.04432e+16,2018,1,2,Road Accidents,Cross roads,City/Town,Near Hospital,Human Error,No,Grievous Injury,Head on,No signal lights,Straight and flat,City or Town Road,Bitumen(Tar),Dry,No influence on accident,Clear,service road,nagarbhavi underpass,4km,0.0,0.0,0,0,0.0,0.0
Bengaluru City,Kamakshipalya Traffic PS,1.04432e+16,2018,1,1,Road Accidents,Narrow road,City/Town,Residential area,Human Error,No,Grievous Injury,Head on,No signal lights,Straight and flat,City or Town Road,Bitumen(Tar),Dry,No influence on accident,Clear,SONNENAHALLI ROAD,MARUTHINAGAR,7KM,0.0,0.0,0,0,0.0,0.0
Bengaluru City,Kamakshipalya Traffic PS,1.04432e+16,2018,1,2,Road Accidents,Narrow road,City/Town,Residential area,Human Error,No,Grievous Injury,Head on,No signal lights,Straight and flat,Residential Street,Bitumen(Tar),Dry,No influence on accident,Clear,10th Main Road,Near Sri Anjaneyaswamy wood works,4Km,0.0,0.0,0,0,0.0,0.0
Bengaluru City,Kamakshipalya Traffic PS,1.04432e+16,2018,1,2,Road Accidents,Narrow road,City/Town,Open area,Human Error,No,Grievous Injury,Rear end,No signal lights,Straight and flat,City or Town Road,Bitumen(Tar),Dry,No influence on accident,Clear,Nagarbhavi ring road,Near Deepashree Hospital,2km,0.0,0.0,0,0,0.0,0.0
Bengaluru City,Kamakshipalya Traffic PS,1.04432e+16,2018,1,2,Road Accidents,Other,City/Town,Residential area,Human Error,No,Grievous Injury,Hit bicyclist,Not at  Junction,Straight and flat,State Highway,Bitumen(Tar),Dry,No influence on accident,Fine,Magadi Main Road,Near Durgashri Grand Hotel,3 km,0.0,0.0,0,0,0.0,0.0
Bengaluru City,Kamakshipalya Traffic PS,1.04432e+16,2018,1,2,Road Accidents,T Junction,City/Town,Near office complex,Human Error,No,Grievous Injury,Head on,No signal lights,Straight and flat,City or Town Road,Bitumen(Tar),Dry,No influence on accident,Clear,nagarbhavi ;main road,cool junction,4km,0.0,0.0,0,0,0.0,0.0
Bengaluru City,Kamakshipalya Traffic PS,1.04432e+16,2018,1,1,Road Accidents,Narrow road,City/Town,Residential area,Human Error,No,Fatal,Head on,No signal lights,Straight and flat,City or Town Road,Bitumen(Tar),Dry,No influence on accident,Clear,Nagarbhavi 11th block main road,4km,4km,0.0,0.0,0,0,0.0,0.0
Bengaluru City,Kamakshipalya Traffic PS,1.04432e+16,2018,1,2,Road Accidents,More than four arms,City/Town,Open area,Human Error,No,Damage Only,Head on,No signal lights,Straight and flat,City or Town Road,Bitumen(Tar),Dry,No influence on accident,Clear,Nice Road,Near Ramasandra Bridge,7Km,0.0,0.0,0,0,0.0,0.0
Bengaluru City,Kamakshipalya Traffic PS,1.04432e+16,2018,1,2,Road Accidents,More than four arms,City/Town,Open area,Human Error,Yes,Simple Injury,Hit and Run,Not at  Junction,Straight and flat,City or Town Road,Bitumen(Tar),Dry,No influence on accident,Fine,Nagarabhavi Ring Road,Near Annapurneshwari Police Station,3.5 km,0.0,0.0,0,0,0.0,0.0
Bengaluru City,Kamakshipalya Traffic PS,1.04432e+16,2018,1,1,Road Accidents,Narrow road,City/Town,Residential area,Human Error,No,Damage Only,Head on,No signal lights,Straight and flat,City or Town Road,Bitumen(Tar),Dry,No influence on accident,Clear,Kottige palya 1st main road,Near Arpitha exports,3km,0.0,0.0,0,0,0.0,0.0
Bengaluru City,Kamakshipalya Traffic PS,1.04432e+16,2018,1,1,Road Accidents,Other,City/Town,Near Bus stop,Human Error,No,Grievous Injury,Hit pedestrian,Police / Manual,Straight and flat,City or Town Road,Bitumen(Tar),Dry,No influence on accident,Fine,Magadi Main Road,Near Bus Stop,0.5 Km,0.0,0.0,0,0,0.0,0.0
Bengaluru City,Kamakshipalya Traffic PS,1.04432e+16,2018,1,2,Road Accidents,Other,City/Town,Residential area,Human Error,Yes,Grievous Injury,Hit bicyclist,Not at  Junction,Straight and flat,City or Town Road,Bitumen(Tar),Dry,No influence on accident,Fine,Ullal Main Road,Main Road,5 Km,0.0,0.0,0,0,0.0,0.0
Bengaluru City,Kamakshipalya Traffic PS,1.04432e+16,2018,1,2,Road Accidents,Other,City/Town,Open area,Human Error,No,Grievous Injury,Hit bicyclist,Not at  Junction,Straight and flat,City or Town Road,Bitumen(Tar),Dry,No influence on accident,Fine,Telicom Layout,Near Sitar Hotel,4 Km,0.0,0.0,0,0,0.0,0.0
Bengaluru City,Kamakshipalya Traffic PS,1.04432e+16,2018,1,2,Road Accidents,More than four arms,City/Town,Near Petrol Pump,Human Error,Yes,Grievous Injury,Hit bicyclist,Not at  Junction,Curve,City or Town Road,Bitumen(Tar),Dry,No influence on accident,Fine,Old Ring road,Nera Petrol Bunk,5 Km,0.0,0.0,0,0,0.0,0.0