DISTRICTNAME,UNITNAME,Crime_No,Year,RI,Noofvehicle_involved,Accident_Classification,Accident_Spot,Accident_Location,Accident_SubLocation,Main_Cause,Hit_Run,Severity,Collision_Type,Junction_Control,Road_Character,Road_Type,Surface_Type,Surface_Condition,Road_Condition,Weather,Accident_Road,Landmark_first,Distance_LandMark_First,Latitude,Longitude,Road_Condition_Score,Surface_Condition_Score,Surface_Type_Score,Road_Risk_Index
Bengaluru City,Kamakshipalya Traffic PS,1.04432e+16,2023,1,3,Road Accidents,Junction,City/Town,Near office complex,Human Error,No,Grievous Injury,Vehicle to Vehicle,No signal lights,Others,Arterial,Bitumen(Tar),Dry,Not Applicable,Clear,BBMP Office Oppt,BBMP Office,52,0.0,0.0,0,0,0.0,0.0
Bengaluru City,Kamakshipalya Traffic PS,1.04432e+16,2023,1,2,Road Accidents,Circle,City/Town,Near office complex,Human Error,Yes,Fatal,Vehicle to Vehicle,Uncontrolled,Straight and flat,Arterial,Concrete,Dry,No influence on accident,Clear,Old Ring Road,At Papareddypalya Cercle,4 Km,12.971834,77.507723,0,0,0.0,0.0
Bengaluru City,Kamakshipalya Traffic PS,1.04432e+16,2023,1,2,Road Accidents,Not Applicable,City/Town,Residential area,Human Error,No,Grievous Injury,Vehicle to Vehicle,Uncontrolled,Others,State Highway,Bitumen(Tar),Dry,Not Applicable,Fine,Magadi Main Road Near Pooja Choutri,Electrical Pole,30feet,0.0,0.0,0,0,0.0,0.0
Bengaluru City,Kamakshipalya Traffic PS,1.04432e+16,2023,1,1,Road Accidents,Not Applicable,Rural Areas,Open area,Human Error,No,Grievous Injury,Hit pedestrian,Uncontrolled,Others,Residential Street,Bitumen(Tar),Dry,Not Applicable,Fine,Outer ring road Near Malagal s m Electronics,Elecctrical Pole,40feet,0.0,0.0,0,0,0.0,0.0
Bengaluru City,Kamakshipalya Traffic PS,1.04432e+16,2023,1,2,Road Accidents,Narrow road,City/Town,Open area,Human Error,No,Grievous Injury,Vehicle to Vehicle,Not at  Junction,Not Applicable,Arterial,Bitumen(Tar),Dry,Not Applicable,Clear,Dum Beriyani Hotel,Hotel Adithya,45,0.0,0.0,0,0,0.0,0.0
Bengaluru City,Kamakshipalya Traffic PS,1.04432e+16,2023,1,1,Road Accidents,Narrow road,City/Town,Near Bus stop,Human Error,No,Grievous Injury,Not Applicable,Not at  Junction,Others,Arterial,Concrete,Dry,Not Applicable,Clear,Papareddy Palya SK Inspire,SK Inspire,33Ft,12.972274,77.508051,0,0,0.0,0.0
Bengaluru City,Kamakshipalya Traffic PS,1.04432e+16,2023,1,2,Road Accidents,Junction,City/Town,Near office complex,Human Error,No,Fatal,Vehicle to Vehicle,Give way sign,Straight and flat,State Highway,Bitumen(Tar),Dry,Not Applicable,Clear,Magadi main road,East west Collge juncion,8  K M,12.985651,77.484244,0,0,0.0,0.0
Bengaluru City,Kamakshipalya Traffic PS,1.04432e+16,2023,1,1,Road Accidents,Not Applicable,Rural Areas,Open area,Human Error,No,Grievous Injury,Not Applicable,Uncontrolled,Others,Residential Street,Bitumen(Tar),Dry,Not Applicable,Fine,"old ring road, Near Raghavendra Mata",Electrical Pole,30feet,12.548979,77.524879,0,0,0.0,0.0
Bengaluru City,Kamakshipalya Traffic PS,1.04432e+16,2023,1,2,Road Accidents,Junction,City/Town,Open area,Human Error,No,Damage Only,Vehicle to Vehicle,Not at  Junction,Others,Sub Arterial,Bitumen(Tar),Dry,Not Applicable,Clear,Sridhar Ceramies,Sridhar Ceramies,25Mtr,12.594366,77.665521,0,0,0.0,0.0
Bengaluru City,Kamakshipalya Traffic PS,1.04432e+16,2023,1,2,Not Applicable,Narrow road,City/Town,Narrow bridge or culverts,Human Error,No,Grievous Injury,Vehicle to Vehicle,Not at  Junction,Hump,Arterial,Concrete,Dry,No influence on accident,Clear,Nagarabhavi outer ring road,near thushar arcade,3 km,12.962146,77.512264,0,0,0.0,0.0
Bengaluru City,Kamakshipalya Traffic PS,1.04432e+16,2023,1,2,Road Accidents,Not Applicable,City/Town,Residential area,Human Error,No,Grievous Injury,Vehicle to Vehicle,Controlled,Others,Residential Street,Bitumen(Tar),Dry,Not Applicable,Fine,"Opp Sri ranga zone, Muddinapalya main road",Electrical Pole,15feet,12.548795,77.254879,0,0,0.0,0.0
Bengaluru City,Kamakshipalya Traffic PS,1.04432e+16,2023,1,2,Road Accidents,Narrow road,City/Town,Open area,Human Error,No,Damage Only,Vehicle to Vehicle,Not at  Junction,Others,State Highway,Bitumen(Tar),Dry,Not Applicable,Clear,Nice Road Juncation,Nice Road Juncation,25 Ft,12.96988,77.55731,0,0,0.0,0.0
Bengaluru City,Kamakshipalya Traffic PS,1.04432e+16,2023,1,2,Road Accidents,Junction,City/Town,Residential area,Human Error,No,Grievous Injury,Vehicle to Vehicle,Uncontrolled,Straight and flat,Sub Arterial,Bitumen(Tar),Dry,Not Applicable,Clear,Priyadarshini layout,Electrical pole,15ft,0.0,0.0,0,0,0.0,0.0
Bengaluru City,Kamakshipalya Traffic PS,1.04432e+16,2023,1,2,Road Accidents,Not Applicable,City/Town,Open area,Human Error,No,Grievous Injury,Vehicle to Vehicle,Uncontrolled,Others,Residential Street,Bitumen(Tar),Dry,Not Applicable,Fine,"Vishwasvaraiah 5th Block, KLE Law College road",Electrical Pole,50feet,0.0,0.0,0,0,0.0,0.0
Bengaluru City,Kamakshipalya Traffic PS,1.04432e+16,2023,1,2,Road Accidents,Not Applicable,City/Town,Open area,Human Error,Not Applicable,Fatal,Vehicle to Vehicle,Uncontrolled,Straight and flat,NH,Concrete,Dry,No influence on accident,Clear,Nice Road National Highway,Kodigehalli Brigde,10 Km,0.0,0.0,0,0,0.0,0.0
Bengaluru City,Kamakshipalya Traffic PS,1.04432e+16,2023,1,2,Road Accidents,Not Applicable,City/Town,Open area,Human Error,Yes,Damage Only,Vehicle to Vehicle,Uncontrolled,Others,Residential Street,Bitumen(Tar),Dry,Not Applicable,Flooding of Slipways/Rivulets,"magadi main road, Herohalli Cross junction",Electrical pole,20feet,0.0,0.0,0,0,0.0,0.0
Bengaluru City,Kamakshipalya Traffic PS,1.04432e+16,2023,1,2,Road Accidents,Not Applicable,City/Town,Open area,Human Error,No,Grievous Injury,Vehicle to Vehicle,Uncontrolled,Others,Residential Street,Bitumen(Tar),Dry,Not Applicable,Others,"Near Darshan Bakery, Andrahalli main road",Electrical Pole,45feet,0.0,0.0,0,0,0.0,0.0
Bengaluru City,Kamakshipalya Traffic PS,1.04432e+16,2023,1,1,Road Accidents,Not Applicable,City/Town,Residential area,Human Error,Not Applicable,Grievous Injury,Not Applicable,Controlled,Hump,Residential Street,Bitumen(Tar),Dry,Not Applicable,Fine,Andrahalli kain road near anupama School,Electrical pole,15feet,12.548795,77.215487,0,0,0.0,0.0
Bengaluru City,Kamakshipalya Traffic PS,1.04432e+16,2023,1,2,Road Accidents,Junction,City/Town,Open area,Human Error,Yes,Grievous Injury,Vehicle to Vehicle,Uncontrolled,Others,State Highway,Bitumen(Tar),Dry,Not Applicable,Clear,"Magadi MainRoad, Anjanahgara",Anajananagara,20mtr,12.897676,77.03653,0,0,0.0,0.0
Bengaluru City,Kamakshipalya Traffic PS,1.04432e+16,2023,1,2,Rail Road Accidents,Narrow road,City/Town,Open area,Human Error,No,Simple Injury,Vehicle to Vehicle,Not at  Junction,Others,Arterial,Bitumen(Tar),Dry,Not Applicable,Clear,Oppt Thushar Arcade,Oppt Thushar Arcade,65 Ft,12.961025,77.512688,0,0,0.0,0.0
Bengaluru City,Kamakshipalya Traffic PS,1.04432e+16,2023,1,2,Road Accidents,Narrow road,City/Town,Residential area,Human Error,Yes,Grievous Injury,Vehicle to Vehicle,Not at  Junction,Straight and flat,Sub Arterial,Bitumen(Tar),Dry,Not Applicable,Clear,Hegganahalli Main Road,Nanjudeshwara Waybridge,20,12.998401,77.50324,0,0,0.0,0.0
Bengaluru City,Kamakshipalya Traffic PS,1.04432e+16,2023,1,2,Road Accidents,Narrow road,City/Town,Near Bus stop,Human Error,Yes,Grievous Injury,Vehicle to Vehicle,No signal lights,Straight and flat,Arterial,Bitumen(Tar),Dry,Not Applicable,Clear,Kamakshipalya,Srinivas bar,20,12.984371,77.528034,0,0,0.0,0.0
Bengaluru City,Kamakshipalya Traffic PS,1.04432e+16,2023,1,1,Road Accidents,Junction,City/Town,Open area,Human Error,No,Grievous Injury,Hit pedestrian,No signal lights,Others,Sub Arterial,Bitumen(Tar),Dry,Not Applicable,Clear,Oppt Srini Fashion,Oppt Srini Fashion,20,13.031359,77.570244,0,0,0.0,0.0
Bengaluru City,Kamakshipalya Traffic PS,1.04432e+16,2023,1,1,Road Accidents,Circle,City/Town,At pedestrian Crossing,Human Error,No,Fatal,Hit pedestrian,Police / Manual,Others,Sub Arterial,Bitumen(Tar),Dry,No influence on accident,Clear,1st main road kamashipalya,near Muttot Finance,1 km,12.935681,77.512866,0,0,0.0,0.0
Bengaluru City,Kamakshipalya Traffic PS,1.04432e+16,2023,1,1,Road Accidents,Narrow road,City/Town,Residential area,Human Error,Yes,Grievous Injury,Hit pedestrian,Not Applicable,Straight and flat,Two way,Bitumen(Tar),Dry,No influence on accident,Clear,2 MAIN MALLATHAHALLI,NEAR PATALAMMA TEMPLE,5 KM,12.96187,77.503371,0,0,0.0,0.0
Bengaluru City,Kamakshipalya Traffic PS,1.04432e+16,2023,1,2,Road Accidents,Narrow road,City/Town,Open area,Human Error,No,Grievous Injury,Vehicle to Vehicle,Not at  Junction,Others,Arterial,Bitumen(Tar),Dry,Not Applicable,Others,Karnataka Car Garag,Karnataka Car Garag,8 Ft,0.0,0.0,0,0,0.0,0.0
Bengaluru City,Kamakshipalya Traffic PS,1.04432e+16,2023,1,4,Road Accidents,Junction,City/Town,Open area,Human Error,Yes,Simple Injury,Vehicle to Vehicle,Signal lights Automatic,Straight and flat,State Highway,Bitumen(Tar),Dry,Not Applicable,Clear,Srigandada Kaval,Eletrical,10ft,0.0,0.0,0,0,0.0,0.0
Bengaluru City,Kamakshipalya Traffic PS,1.04432e+16,2023,1,2,Road Accidents,Not Applicable,City/Town,Open area,Human Error,Yes,Grievous Injury,Vehicle to Vehicle,Uncontrolled,Others,Residential Street,Bitumen(Tar),Dry,Not Applicable,Fine,"Outer ring road Sumanahalli Fly over, Near Leprosy Rehabitation Center",Electrical Pole,30feet,0.0,0.0,0,0,0.0,0.0
Bengaluru City,Kamakshipalya Traffic PS,1.04432e+16,2023,1,1,Road Accidents,Not Applicable,City/Town,Open area,Human Error,No,Grievous Injury,Hit pedestrian,Uncontrolled,Others,Residential Street,Concrete,Dry,Not Applicable,Fine,"Old OUter ring road, Sapthagiri bar sand lorry sand",Electrical pole,15feet,0.0,0.0,0,0,0.0,0.0
Bengaluru City,Kamakshipalya Traffic PS,1.04432e+16,2023,1,1,Road Accidents,Not Applicable,City/Town,Open area,Human Error,No,Grievous Injury,Hit pedestrian,Uncontrolled,Others,Residential Street,Bitumen(Tar),Dry,Not Applicable,Fine,NAGARABHAVI RING ROAD,65FEET,15FEET,0.0,0.0,0,0,0.0,0.0
Bengaluru City,Kamakshipalya Traffic PS,1.04432e+16,2023,1,2,Road Accidents,Curves,City/Town,Open area,Human Error,Not Applicable,Damage Only,Vehicle to Vehicle,Give way sign,Curve,Sub Arterial,Concrete,Dry,Not Applicable,Not Applicable,"Nagarabhavi Outer ring road,",Near electrical pole,55 cm,0.0,0.0,0,0,0.0,0.0
Bengaluru City,Kamakshipalya Traffic PS,1.04432e+16,2023,1,2,Road Accidents,Narrow road,City/Town,Open area,Human Error,No,Fatal,Vehicle to Vehicle,Give way sign,Straight and flat,Sub Arterial,Concrete,Dry,Not Applicable,Cloudy,"Nagarabhavi Outer ring road,",electircal pole,35ft,0.0,0.0,0,0,0.0,0.0
Bengaluru City,Kamakshipalya Traffic PS,1.04432e+16,2023,1,1,Road Accidents,Not Applicable,City/Town,Residential area,Human Error,Yes,Grievous Injury,Hit pedestrian,Uncontrolled,Others,Residential Street,Bitumen(Tar),Dry,Not Applicable,Fine,"Lingadeeranahalli main road, Near Bangar pet Chats",Electrical Pole,7feet,0.0,0.0,0,0,0.0,0.0
Bengaluru City,Kamakshipalya Traffic PS,1.04432e+16,2023,1,2,Road Accidents,Not Applicable,City/Town,Open area,Human Error,No,Grievous Injury,Vehicle to Vehicle,Uncontrolled,Others,Residential Street,Bitumen(Tar),Dry,Not Applicable,Fine,"magadi main road, Tunganagar",Electrical pole,45feet,0.0,0.0,0,0,0.0,0.0
Bengaluru City,Kamakshipalya Traffic PS,1.04432e+16,2023,1,2,Road Accidents,Not Applicable,City/Town,Residential area,Human Error,No,Grievous Injury,Vehicle to Vehicle,Uncontrolled,Others,Residential Street,Bitumen(Tar),Dry,Not Applicable,Fine,"Near Doddamma Temple Junction, Vishveshwaraiah 5th block, md",Electrical Pole,35feet,0.0,0.0,0,0,0.0,0.0
Bengaluru City,Kamakshipalya Traffic PS,1.04432e+16,2023,1,1,Road Accidents,Junction,City/Town,Open area,Human Error,Yes,Grievous Injury,Hit pedestrian,No signal lights,Others,State Highway,Bitumen(Tar),Others,Not Applicable,Clear,Asraya Hospital juncation,Bank Of Baroda,25 Ft,0.0,0.0,0,1,0.0,1.0
Bengaluru City,Kamakshipalya Traffic PS,1.04432e+16,2023,1,1,Road Accidents,Not Applicable,City/Town,Open area,Human Error,No,Grievous Injury,Not Applicable,Uncontrolled,Others,Residential Street,Bitumen(Tar),Dry,Not Applicable,Fine,"Outer Ring Road Serive road, Sumanahalli BMTC Bus Stop",Tree,20feet,0.0,0.0,0,0,0.0,0.0
Bengaluru City,Kamakshipalya Traffic PS,1.04432e+16,2023,1,2,Road Accidents,Junction,City/Town,Near office complex,Human Error,No,Grievous Injury,Vehicle to Vehicle,Signal lights Automatic,Dip or trough,Sub Arterial,Concrete,Dry,No influence on accident,Clear,Old Ring Road Kengunte,At Kengunte Junction,4.5 km,12.985626,77.568524,0,0,0.0,0.0
Bengaluru City,Kamakshipalya Traffic PS,1.04432e+16,2023,1,1,Road Accidents,Junction,Rural Areas,Residential area,Human Error,No,Grievous Injury,Hit pedestrian,Uncontrolled,Others,Residential Street,Bitumen(Tar),Dry,Not Applicable,Fine,Nagarabhavi Outer Ring Road,electrical Pole,25feet,12.548795,77.524875,0,0,0.0,0.0
Bengaluru City,Kamakshipalya Traffic PS,1.04432e+16,2023,1,2,Road Accidents,Narrow road,City/Town,Residential area,Human Error,Yes,Fatal,Vehicle to Vehicle,Uncontrolled,Straight and flat,Sub Arterial,Bitumen(Tar),Dry,Not Applicable,Clear,Andrahalli main road,Srirama Sweets,28ft,12.994343,77.488927,0,0,0.0,0.0
Bengaluru City,Kamakshipalya Traffic PS,1.04432e+16,2023,1,2,Road Accidents,Narrow road,City/Town,Open area,Human Error,No,Grievous Injury,Vehicle to Vehicle,Not Applicable,Not Applicable,Sub Arterial,Concrete,Dry,Not Applicable,Clear,SUMANAHALLI FLYOVER,SUMANAHALLI FLYOVER,80,12.98678,77.52072,0,0,0.0,0.0
Bengaluru City,Kamakshipalya Traffic PS,1.04432e+16,2023,1,1,Road Accidents,Circle,City/Town,At pedestrian Crossing,Human Error,No,Grievous Injury,Hit pedestrian,Uncontrolled,Straight and flat,State Highway,Bitumen(Tar),Dry,Not Applicable,Clear,Eastwest College Road,Eastwest College,60,12.96988,77.55731,0,0,0.0,0.0
Bengaluru City,Kamakshipalya Traffic PS,1.04432e+16,2023,1,2,Road Accidents,Junction,City/Town,Open area,Human Error,No,Grievous Injury,Vehicle to Vehicle,Police / Manual,Others,Arterial,Bitumen(Tar),Dry,Not Applicable,Clear,Namurathindi Under Pass,Namurathindi Hotel,80Ft,12.961025,77.512688,0,0,0.0,0.0
Bengaluru City,Kamakshipalya Traffic PS,1.04432e+16,2023,1,1,Road Accidents,Narrow road,City/Town,Near Bus stop,Human Error,No,Grievous Injury,Hit pedestrian,Not at  Junction,Others,State Highway,Bitumen(Tar),Dry,Not Applicable,Clear,"Magadi Main Road, Kottigepalya Bus Stop",Kottigepalya Bus Stop,20 Ft,12.988376,77.51625,0,0,0.0,0.0
Bengaluru City,Kamakshipalya Traffic PS,1.04432e+16,2023,1,1,Road Accidents,Offset,City/Town,Open area,Human Error,No,Grievous Injury,Hit pedestrian,Not Applicable,Curve,Residential Street,Bitumen(Tar),Dry,Not Applicable,Fine,Andrahalli Thopalamma Main Road,Electrical Pole,30feet,13.0092783,77.482545,0,0,0.0,0.0
Bengaluru City,Kamakshipalya Traffic PS,1.04432e+16,2023,1,2,Road Accidents,Narrow road,City/Town,Open area,Human Error,No,Grievous Injury,Vehicle to Vehicle,Uncontrolled,Others,Residential Street,Bitumen(Tar),Dry,Not Applicable,Fine,"Vidyamanya nagar, Shiva Temple, Andrahalli main road",10feet,25feet,0.0,0.0,0,0,0.0,0.0
Bengaluru City,Kamakshipalya Traffic PS,1.04432e+16,2023,1,2,Road Accidents,Junction,City/Town,Open area,Human Error,No,Grievous Injury,Vehicle to Vehicle,No signal lights,Others,Arterial,Bitumen(Tar),Dry,Not Applicable,Clear,Mudinapalya crical,BMTC Bus Stop,40Ft,12.972442,77.580643,0,0,0.0,0.0
Bengaluru City,Kamakshipalya Traffic PS,1.04432e+16,2023,1,1,Road Accidents,Narrow road,City/Town,Open area,Human Error,No,Grievous Injury,Not Applicable,Controlled,Others,Arterial,Bitumen(Tar),Dry,Not Applicable,Clear,C K Tiles,C K Tiles,45Ft,12.96844,77.48199,0,0,0.0,0.0
Bengaluru City,Kamakshipalya Traffic PS,1.04432e+16,2023,1,2,Road Accidents,Cross roads,City/Town,Residential area,Not Applicable,No,Grievous Injury,Vehicle to Vehicle,Not Applicable,Curve,Service Road,Bitumen(Tar),Dry,Not Applicable,Clear,NAGARABHAVI OUTER RING ROAD SERVICE ROAD,POLICE STATION,2,12.970136,77.512522,0,0,0.0,0.0
Bengaluru City,Kamakshipalya Traffic PS,1.04432e+16,2023,1,1,Road Accidents,Cross roads,City/Town,Residential area,Human Error,No,Grievous Injury,Hit pedestrian,Not Applicable,Straight and flat,Sub Arterial,Bitumen(Tar),Dry,Not Applicable,Clear,Nagarabhavi,Opp HSR Liquor Shop,60,12.973078,77.513129,0,0,0.0,0.0
Bengaluru City,Kamakshipalya Traffic PS,1.04432e+16,2023,1,1,Road Accidents,Narrow road,City/Town,Near Bus stop,Human Error,Not Applicable,Grievous Injury,Not Applicable,Not Applicable,Not Applicable,Sub Arterial,Concrete,Dry,Not Applicable,Clear,Ring road,Sumanahalli,80 fee,12.993067,77.521617,0,0,0.0,0.0
Bengaluru City,Kamakshipalya Traffic PS,1.04432e+16,2023,1,1,Road Accidents,Junction,City/Town,Near a recreation place/cinema,Human Error,No,Fatal,Hit pedestrian,Uncontrolled,Straight and flat,State Highway,Bitumen(Tar),Dry,No influence on accident,Clear,Magadi Main Road,Pet Bazar Anjanaya,7,12.965415,77.565152,0,0,0.0,0.0
Bengaluru City,Kamakshipalya Traffic PS,1.04432e+16,2023,1,1,Road Accidents,Narrow road,City/Town,Near Petrol Pump,Human Error,Yes,Simple Injury,Hit pedestrian,Not Applicable,Straight and flat,Sub Arterial,Bitumen(Tar),Dry,Not Applicable,Clear,Nelagirithopu Bus stop,Nilagiri thopu bus stop,10,12.995739,77.502409,0,0,0.0,0.0
Bengaluru City,Kamakshipalya Traffic PS,1.04432e+16,2023,1,2,Road Accidents,Not Applicable,City/Town,Open area,Human Error,No,Grievous Injury,Vehicle to Vehicle,Uncontrolled,Others,Arterial,Concrete,Dry,Not Applicable,Fine,Nice road Near Kodigehalli Bridge,Tree,36,12.548795,77.524874,0,0,0.0,0.0
Bengaluru City,Kamakshipalya Traffic PS,1.04432e+16,2023,1,2,Road Accidents,Cross roads,Rural Areas,Open area,Human Error,No,Grievous Injury,Vehicle to Vehicle,Not Applicable,Others,Sub Arterial,Concrete,Dry,Not Applicable,Clear,"Service Road, Nagarabhavi",Nagarabhavi,80,12.963093,77.512637,0,0,0.0,0.0
Bengaluru City,Kamakshipalya Traffic PS,1.04432e+16,2023,1,1,Road Accidents,Narrow road,City/Town,Open area,Human Error,No,Grievous Injury,Not Applicable,Not at  Junction,Straight and flat,Arterial,Concrete,Dry,Not Applicable,Clear,Nice Road,Near KOdigehalli Bridge,100,13.069521,77.582284,0,0,0.0,0.0
Bengaluru City,Kamakshipalya Traffic PS,1.04432e+16,2023,1,2,Road Accidents,Not Applicable,City/Town,Residential area,Human Error,No,Grievous Injury,Vehicle to Vehicle,Uncontrolled,Others,Residential Street,Bitumen(Tar),Others,Not Applicable,Others,Kottigepalya 3rd Cross Road,tree,20feet,0.0,0.0,0,1,0.0,1.0
Bengaluru City,Kamakshipalya Traffic PS,1.04432e+16,2023,1,1,Road Accidents,Not Applicable,City/Town,Near Hospital,Human Error,Yes,Fatal,Hit pedestrian,Not Applicable,Straight and flat,State Highway,Bitumen(Tar),Dry,No influence on accident,Clear,Magadi Main Road,Health care medicals,4 km,0.0,0.0,0,0,0.0,0.0
Bengaluru City,Kamakshipalya Traffic PS,1.04432e+16,2023,1,1,Road Accidents,Narrow road,City/Town,Residential area,Human Error,No,Grievous Injury,Hit pedestrian,Uncontrolled,Others,State Highway,Bitumen(Tar),Dry,Not Applicable,Fine,Kottigepalya Bramhalingeswar Condiments,Electrical Pole,28feet,0.0,0.0,0,0,0.0,0.0
Bengaluru City,Kamakshipalya Traffic PS,1.04432e+16,2023,1,2,Road Accidents,Narrow road,City/Town,Open area,Human Error,No,Grievous Injury,Vehicle to Vehicle,Not at  Junction,Others,Arterial,Bitumen(Tar),Dry,Not Applicable,Clear,"Outer Ring Road, near Sumanahalli",Near BMTC Bus Stop,86 Ft,0.0,0.0,0,0,0.0,0.0
Bengaluru City,Kamakshipalya Traffic PS,1.04432e+16,2023,1,1,Road Accidents,Not Applicable,City/Town,Open area,Human Error,No,Grievous Injury,Hit pedestrian,Uncontrolled,Not Applicable,Residential Street,Bitumen(Tar),Dry,Not Applicable,Fine,"Near Sunkadakatte Bus Stop, Magadi main road",Electrical pole,30feet,0.0,0.0,0,0,0.0,0.0
Bengaluru City,Kamakshipalya Traffic PS,1.04432e+16,2023,1,2,Road Accidents,Not Applicable,City/Town,Open area,Human Error,No,Grievous Injury,Vehicle to Vehicle,Uncontrolled,Others,Residential Street,Bitumen(Tar),Dry,Not Applicable,Fine,"Andrahalli main road, opp Fitness gym",Electrical POle,30feet,12.548795,77.254879,0,0,0.0,0.0
Bengaluru City,Kamakshipalya Traffic PS,1.04432e+16,2023,1,1,Road Accidents,Narrow road,City/Town,Open area,Human Error,Not Applicable,Fatal,Not Applicable,Uncontrolled,Straight and flat,Sub Arterial,Bitumen(Tar),Dry,No influence on accident,Clear,Sir M V layout Double Road,At Janani Nilaya House No 219,8,12.986541,77.564562,0,0,0.0,0.0
Bengaluru City,Kamakshipalya Traffic PS,1.04432e+16,2023,1,1,Road Accidents,Narrow road,City/Town,Open area,Human Error,Yes,Grievous Injury,Hit pedestrian,Not at  Junction,Others,Arterial,Bitumen(Tar),Dry,Not Applicable,Clear,Vaishnavi Milk Point,Vaishnavi Milk Point,5,12.548795,77.254875,0,0,0.0,0.0
Bengaluru City,Kamakshipalya Traffic PS,1.04432e+16,2023,1,1,Road Accidents,Not Applicable,City/Town,Residential area,Human Error,No,Grievous Injury,Hit pedestrian,Uncontrolled,Others,Residential Street,Bitumen(Tar),Dry,Not Applicable,Fine,"Andrahalli main road, Opp Andra Bank BMTC Bus Dipo",Electrical Pole,25feet,12.548798,77.258794,0,0,0.0,0.0
Bengaluru City,Kamakshipalya Traffic PS,1.04432e+16,2023,1,1,Road Accidents,Junction,City/Town,Open area,Human Error,No,Damage Only,Vehicle to Vehicle,Police / Manual,Others,State Highway,Bitumen(Tar),Dry,Not Applicable,Clear,Navarathna Bar,Navarathna Bar,20,13.030032,77.604721,0,0,0.0,0.0
Bengaluru City,Kamakshipalya Traffic PS,1.04432e+16,2023,1,1,Road Accidents,Junction,City/Town,Open area,Human Error,No,Grievous Injury,Hit pedestrian,Police / Manual,Others,State Highway,Bitumen(Tar),Dry,Not Applicable,Clear,Herohalli Juncation,Herohalli Bus Stop,65Mtrs,12.98677,77.49125,0,0,0.0,0.0
Bengaluru City,Kamakshipalya Traffic PS,1.04432e+16,2023,1,1,Road Accidents,Cross roads,City/Town,Residential area,Human Error,No,Grievous Injury,Not Applicable,Not Applicable,Straight and flat,Sub Arterial,Bitumen(Tar),Dry,Not Applicable,Clear,Veera Balaji Street shop,Veera balaji Shop,20,12.84479,77.36961,0,0,0.0,0.0
Bengaluru City,Kamakshipalya Traffic PS,1.04432e+16,2023,1,2,Road Accidents,Not Applicable,City/Town,Open area,Human Error,No,Damage Only,Vehicle to Vehicle,Uncontrolled,Others,Residential Street,Bitumen(Tar),Dry,Not Applicable,Fine,"Near Deepa Complex, Magadi main road",electrical pole,30feet,0.0,0.0,0,0,0.0,0.0
Bengaluru City,Kamakshipalya Traffic PS,1.04432e+16,2023,1,2,Road Accidents,Not Applicable,City/Town,Open area,Human Error,No,Grievous Injury,Vehicle to Vehicle,Uncontrolled,Others,Residential Street,Bitumen(Tar),Dry,Not Applicable,Fine,"Muddinapalya main road, Near ITI Layout Junction",Electrical Pole,25feet,0.0,0.0,0,0,0.0,0.0
Bengaluru City,Kamakshipalya Traffic PS,1.04432e+16,2023,1,2,Road Accidents,Junction,City/Town,Open area,Human Error,No,Grievous Injury,Vehicle to Vehicle,Uncontrolled,Others,Residential Street,Bitumen(Tar),Dry,Not Applicable,Fine,Papareddy Palya 11th Main Road Near Cross Road,Electrical Pole,35feet,0.0,0.0,0,0,0.0,0.0
Bengaluru City,Kamakshipalya Traffic PS,1.04432e+16,2023,1,2,Road Accidents,Junction,City/Town,Open area,Human Error,No,Grievous Injury,Vehicle to Vehicle,Police / Manual,Others,State Highway,Bitumen(Tar),Dry,Not Applicable,Clear,"Magadi Main Road, Nice Road Juncation",Srinidhi Bar,80Ft,0.0,0.0,0,0,0.0,0.0
Bengaluru City,Kamakshipalya Traffic PS,1.04432e+16,2023,1,2,Road Accidents,Junction,City/Town,Near Hospital,Human Error,Not Applicable,Fatal,Vehicle to Vehicle,Signal lights Automatic,Steep Incline or Climb,State Highway,Bitumen(Tar),Dry,No influence on accident,Clear,Magadi Main Road,At Srigandada kavalu Junction,3 KM,0.0,0.0,0,0,0.0,0.0
Bengaluru City,Kamakshipalya Traffic PS,1.04432e+16,2023,1,1,Road Accidents,Junction,City/Town,Near a religious place,Human Error,No,Fatal,Not Applicable,No signal lights,Straight and flat,State Highway,Bitumen(Tar),Dry,No influence on accident,Clear,MAGADI MAIN ROAD,AT HEROHALI CROSS JUNCTION,7 KM,0.0,0.0,0,0,0.0,0.0
Bengaluru City,Kamakshipalya Traffic PS,1.04432e+16,2023,1,1,Road Accidents,Narrow road,City/Town,Open area,Human Error,No,Grievous Injury,Not Applicable,Not at  Junction,Others,Arterial,Bitumen(Tar),Dry,Not Applicable,Clear,Outer Ring Roas,Thusar Arcade,25  ft,12.961025,77.522688,0,0,0.0,0.0