DISTRICTNAME,UNITNAME,Crime_No,Year,RI,Noofvehicle_involved,Accident_Classification,Accident_Spot,Accident_Location,Accident_SubLocation,Main_Cause,Hit_Run,Severity,Collision_Type,Junction_Control,Road_Character,Road_Type,Surface_Type,Surface_Condition,Road_Condition,Weather,Accident_Road,Landmark_first,Distance_LandMark_First,Latitude,Longitude,Road_Condition_Score,Surface_Condition_Score,Surface_Type_Score,Road_Risk_Index
Bengaluru City,Kengeri Traffic PS,1.04432e+16,2016,1,3,Road Accidents,Junction,City/Town,Near office complex,Human Error,Yes,Simple Injury,Hit parked vehicle,Uncontrolled,Straight and flat,Others,Bitumen(Tar),Dry,No influence on accident,Fine,HALAGEVADERAHALLI MAIN ROAD R R NAGARA,R R NAGARA,4K.M,0.0,0.0,0,0,0.0,0.0
Bengaluru City,Kengeri Traffic PS,1.04432e+16,2016,1,3,Road Accidents,Junction,City/Town,Open area,Human Error,Yes,Grievous Injury,Side impact or Right angle,Controlled,Straight and flat,NH,Bitumen(Tar),Dry,Not Applicable,Clear,Mysore Main road AND DUBHASIPALYA JUNCTION,CHETHAN DABA,50ME,0.0,0.0,0,0,0.0,0.0
Bengaluru City,Kengeri Traffic PS,1.04432e+16,2016,1,2,Road Accidents,Junction,City/Town,Open area,Human Error,No,Simple Injury,Side impact or Right angle,Controlled,Others,NH,Bitumen(Tar),Dry,Not Applicable,Fine,Mysore Main road and mailasandra junction,keb pole,1km,0.0,0.0,0,0,0.0,0.0
Bengaluru City,Kengeri Traffic PS,1.04432e+16,2016,1,2,Road Accidents,Narrow road,City/Town,Open area,Human Error,No,Simple Injury,Rear end,Controlled,Straight and flat,Others,Bitumen(Tar),Dry,No influence on accident,Fine,UTTARAHALLI MAIN ROAD,A,4 KM,0.0,0.0,0,0,0.0,0.0
Bengaluru City,Kengeri Traffic PS,1.04432e+16,2016,1,1,Road Accidents,Junction,City/Town,Residential area,Human Error,No,Grievous Injury,Hit pedestrian,Uncontrolled,Straight and flat,Others,Bitumen(Tar),Dry,No influence on accident,Fine,RAILWAY PARALLAL ROAD OPP RAVI PROVISION STORE KENGERI UPANGARA,RAVI PROVISION STORE,10,0.0,0.0,0,0,0.0,0.0
Bengaluru City,Kengeri Traffic PS,1.04432e+16,2016,1,2,Road Accidents,Bridge,City/Town,Narrow bridge or culverts,Human Error,No,Simple Injury,Rear end,Uncontrolled,Straight and flat,Expressway,Concrete,Dry,No influence on accident,Fine,NICE ROAD NEAR RAILWAY BRIDGE,KENGERI,2K.M,0.0,0.0,0,0,0.0,0.0
Bengaluru City,Kengeri Traffic PS,1.04432e+16,2016,1,1,Road Accidents,Narrow road,City/Town,Near Hospital,Human Error,No,Fatal,Skidding or Self accident,Uncontrolled,Straight and flat,Others,Bitumen(Tar),Dry,No influence on accident,Fine,BGS HOSPITAL ROAD OPP MUNESWARA TEMPLE,KENGERI,2K.M,0.0,0.0,0,0,0.0,0.0
Bengaluru City,Kengeri Traffic PS,1.04432e+16,2016,1,1,Road Accidents,Bridge,City/Town,Narrow bridge or culverts,Human Error,No,Fatal,Hit fixed object,Controlled,Not Applicable,Others,Bitumen(Tar),Dry,Not Applicable,Clear,NICE ROAD VRUSABAVATHI BRIDGE,BRIDGE,15,0.0,0.0,0,0,0.0,0.0
Bengaluru City,Kengeri Traffic PS,1.04432e+16,2016,1,2,Road Accidents,Junction,City/Town,Open area,Human Error,No,Grievous Injury,Side impact or Right angle,No signal lights,Straight and flat,NH,Bitumen(Tar),Dry,No influence on accident,Fine,MYSORE ROAD AND DODDABELE CROSS,KEB POLE,13 FEE,0.0,0.0,0,0,0.0,0.0
Bengaluru City,Kengeri Traffic PS,1.04432e+16,2016,1,1,Road Accidents,Curves,City/Town,Near a factory industrial area,Human Error,No,Fatal,Skidding or Self accident,Uncontrolled,Sharp Curve,NH,Bitumen(Tar),Dry,No influence on accident,Fine,MYSORE ROAD OPP.TATA MOTOR,KENGERI,3K.M,0.0,0.0,0,0,0.0,0.0
Bengaluru City,Kengeri Traffic PS,1.04432e+16,2016,1,2,Road Accidents,Narrow road,City/Town,Near School or College,Human Error,No,Damage Only,Rear end,Uncontrolled,Straight and flat,NH,Bitumen(Tar),Dry,No influence on accident,Fine,MYSORE ROAD OPP. R.V COLLAGE,KENGERI,2K.M,0.0,0.0,0,0,0.0,0.0
Bengaluru City,Kengeri Traffic PS,1.04432e+16,2016,1,1,Road Accidents,Narrow road,City/Town,Open area,Human Error,Yes,Grievous Injury,Hit pedestrian,Uncontrolled,Straight and flat,Others,Bitumen(Tar),Dry,No influence on accident,Fine,UTTARAHALLI MAIN ROAD NEAR SRINIVASAPURA CROSS,KENGERI,3K.M,0.0,0.0,0,0,0.0,0.0
Bengaluru City,Kengeri Traffic PS,1.04432e+16,2016,1,1,Road Accidents,Narrow road,City/Town,Near Bus stop,Human Error,Yes,Fatal,Hit pedestrian,Uncontrolled,Straight and flat,Others,Bitumen(Tar),Dry,No influence on accident,Fine,UTTARAHLLI MAIN ROAD NEAR SRINIVASA PURA CROSS,KENGERI,3K.M,0.0,0.0,0,0,0.0,0.0
Bengaluru City,Kengeri Traffic PS,1.04432e+16,2016,1,1,Road Accidents,Narrow road,City/Town,Near office complex,Human Error,No,Grievous Injury,Hit pedestrian,Uncontrolled,Straight and flat,NH,Bitumen(Tar),Dry,No influence on accident,Fine,MYSORE ROAD OPP MRR BUILDERS,KENGERI,1K.M,0.0,0.0,0,0,0.0,0.0
Bengaluru City,Kengeri Traffic PS,1.04432e+16,2016,1,2,Road Accidents,Junction,City/Town,Open area,Human Error,Yes,Grievous Injury,Side impact or Right angle,Uncontrolled,Straight and flat,Others,Bitumen(Tar),Dry,No influence on accident,Fine,KEMPEGOWDA DOUBALE ROAD AND 5TH CROSS JUNCTION,KENGERI,3K.M,0.0,0.0,0,0,0.0,0.0
Bengaluru City,Kengeri Traffic PS,1.04432e+16,2016,1,2,Road Accidents,Junction,City/Town,Near Bus stop,Human Error,No,Grievous Injury,Side impact or Right angle,No signal lights,Straight and flat,NH,Bitumen(Tar),Dry,No influence on accident,Fine,MYSORE ROAD AND SHUKKURU JUCTION,KENGERI,500 ME,0.0,0.0,0,0,0.0,0.0
Bengaluru City,Kengeri Traffic PS,1.04432e+16,2016,1,1,Road Accidents,Narrow road,City/Town,Near School or College,Human Error,No,Fatal,Skidding or Self accident,Uncontrolled,Straight and flat,Others,Bitumen(Tar),Dry,No influence on accident,Fine,GANAKAL MAIN ROAD NEAR J SS SCHOOL,J S S SCHOOL,40 ME,0.0,0.0,0,0,0.0,0.0
Bengaluru City,Kengeri Traffic PS,1.04432e+16,2016,1,1,Road Accidents,Other,City/Town,Open area,Human Error,Yes,Simple Injury,Hit pedestrian,Uncontrolled,Others,Others,Kutcha,Dry,No influence on accident,Fine,MYSORE ROAD NEAR SRS PARKING PLACE,KENGERI,2K.M,0.0,0.0,0,0,4.0,4.0
Bengaluru City,Kengeri Traffic PS,1.04432e+16,2016,1,1,Road Accidents,Curves,City/Town,Near School or College,Human Error,No,Damage Only,Hit fixed object,Uncontrolled,Curve,NH,Bitumen(Tar),Dry,No influence on accident,Fine,MYSORE ROAD NEAR R V COLLAGE,KENGERI,2K.M,0.0,0.0,0,0,0.0,0.0
Bengaluru City,Kengeri Traffic PS,1.04432e+16,2016,1,1,Road Accidents,Narrow road,City/Town,Near Bus stop,Human Error,No,Grievous Injury,Drowned,Controlled,Not Applicable,City or Town Road,Bitumen(Tar),Dry,Not Applicable,Fine,Uttarahalli main road,kengeri,03km,0.0,0.0,0,0,0.0,0.0
Bengaluru City,Kengeri Traffic PS,1.04432e+16,2016,1,2,Road Accidents,Narrow road,City/Town,Near or inside a village,Human Error,Yes,Grievous Injury,Rear end,Uncontrolled,Straight and flat,Others,Bitumen(Tar),Dry,Not Applicable,Clear,GANAKAL MAIN ROAD,ADITYA BEKARY,4KM,0.0,0.0,0,0,0.0,0.0
Bengaluru City,Kengeri Traffic PS,1.04432e+16,2016,1,2,Road Accidents,Junction,City/Town,Near Petrol Pump,Human Error,No,Fatal,Side impact or Right angle,Uncontrolled,Straight and flat,NH,Bitumen(Tar),Dry,No influence on accident,Fine,MYSORE ROAD AND PATTANA GERE ROAD JUNCTION,KENGERI,2K.M,12.5535,77.30248,0,0,0.0,0.0
Bengaluru City,Kengeri Traffic PS,1.04432e+16,2016,1,2,Road Accidents,Junction,City/Town,Near office complex,Human Error,No,Damage Only,Rear end,Uncontrolled,Straight and flat,Others,Bitumen(Tar),Dry,No influence on accident,Fine,NIMISHAMBA TEMPLE OPP. RR NAGARA,RR NAGARA,3K.M,0.0,0.0,0,0,0.0,0.0
Bengaluru City,Kengeri Traffic PS,1.04432e+16,2016,1,1,Road Accidents,Narrow road,City/Town,Near Petrol Pump,Human Error,No,Simple Injury,Hit pedestrian,Uncontrolled,Straight and flat,NH,Bitumen(Tar),Dry,No influence on accident,Fine,MYSORE ROAD NEAR MADHU PETROL BUNK,KENGERI,1 K.M,0.0,0.0,0,0,0.0,0.0
Bengaluru City,Kengeri Traffic PS,1.04432e+16,2016,1,2,Road Accidents,Narrow road,City/Town,Near office complex,Human Error,No,Grievous Injury,Rear end,Uncontrolled,Straight and flat,Others,Bitumen(Tar),Dry,No influence on accident,Fine,KENGERI UPANGARA MAIN ROAD NEAR LIC OFFICE,KENGERI,1K.M,0.0,0.0,0,0,0.0,0.0
Bengaluru City,Kengeri Traffic PS,1.04432e+16,2016,1,2,Road Accidents,Narrow road,City/Town,Open area,Human Error,No,Grievous Injury,Head on,Uncontrolled,Straight and flat,Others,Bitumen(Tar),Dry,No influence on accident,Fine,GANAKAL MAIN ROAD,KENGERI,3K.M,0.0,0.0,0,0,0.0,0.0
Bengaluru City,Kengeri Traffic PS,1.04432e+16,2016,1,2,Road Accidents,Junction,City/Town,Open area,Human Error,No,Simple Injury,Side impact or Right angle,Uncontrolled,Straight and flat,NH,Bitumen(Tar),Dry,No influence on accident,Fine,MYSORE ROAD AND NICE ROAD JUNCTION,KENGERI,2K.M,0.0,0.0,0,0,0.0,0.0
Bengaluru City,Kengeri Traffic PS,1.04432e+16,2016,1,2,Road Accidents,Curves,City/Town,Near a factory industrial area,Human Error,No,Damage Only,Rear end,Uncontrolled,Curve,NH,Bitumen(Tar),Dry,No influence on accident,Fine,MYSORE ROAD NEAR JAYARAMDAS GARMENSTS,KENGERI,3K.M,0.0,0.0,0,0,0.0,0.0
Bengaluru City,Kengeri Traffic PS,1.04432e+16,2016,1,2,Road Accidents,Junction,City/Town,Near a recreation place/cinema,Human Error,No,Fatal,Side impact or Right angle,Uncontrolled,Straight and flat,NH,Bitumen(Tar),Dry,No influence on accident,Fine,MYSORE ROAD AND CHECK POST JUNCTION,KENGERI,2K.M,0.0,0.0,0,0,0.0,0.0
Bengaluru City,Kengeri Traffic PS,1.04432e+16,2016,1,2,Road Accidents,Curves,City/Town,Near School or College,Human Error,No,Damage Only,Side impact or Right angle,Uncontrolled,Curve,Others,Bitumen(Tar),Dry,No influence on accident,Fine,NATIONAL PUBLIC SCHOOL IDEAL HOME R R NAGARA,R R NAGARA,4K.M,0.0,0.0,0,0,0.0,0.0
Bengaluru City,Kengeri Traffic PS,1.04432e+16,2016,1,2,Road Accidents,Narrow road,City/Town,Open area,Human Error,No,Damage Only,Rear end,Uncontrolled,Straight and flat,NH,Bitumen(Tar),Dry,No influence on accident,Fine,MYSORE ROAD NEAR NICE ROAD,KENGERI,2K.M,0.0,0.0,0,0,0.0,0.0
Bengaluru City,Kengeri Traffic PS,1.04432e+16,2016,1,2,Road Accidents,Narrow road,City/Town,Open area,Human Error,No,Damage Only,Rear end,Uncontrolled,Straight and flat,NH,Bitumen(Tar),Dry,No influence on accident,Fine,MYSORE ROAD OPP KMS BODY BUILDER,KENGERI,1K.M,0.0,0.0,0,0,0.0,0.0
Bengaluru City,Kengeri Traffic PS,1.04432e+16,2016,1,2,Road Accidents,Junction,City/Town,Open area,Human Error,No,Damage Only,Rear end,Uncontrolled,Straight and flat,NH,Bitumen(Tar),Dry,No influence on accident,Fine,MYSORE ROAD AND DUBHASIPALYA JUCTION,KENGERI,2K.M,0.0,0.0,0,0,0.0,0.0
Bengaluru City,Kengeri Traffic PS,1.04432e+16,2016,1,1,Road Accidents,Narrow road,City/Town,Near a religious place,Human Error,No,Grievous Injury,Hit fixed object,Uncontrolled,Straight and flat,Others,Bitumen(Tar),Dry,No influence on accident,Fine,MAILSANDRA MAIN ROAD NEAR SRIRAMA TEMPLE,SRIRAMA TEMPLE,50 ME,0.0,0.0,0,0,0.0,0.0
Bengaluru City,Kengeri Traffic PS,1.04432e+16,2016,1,2,Road Accidents,Curves,City/Town,Open area,Human Error,Yes,Simple Injury,Hit and Run,Uncontrolled,Slight Curve,Others,Bitumen(Tar),Dry,No influence on accident,Fine,SRINIVASAPURA CROSS R R NAGARA,KEB POLE,10,0.0,0.0,0,0,0.0,0.0
Bengaluru City,Kengeri Traffic PS,1.04432e+16,2016,1,2,Road Accidents,Junction,City/Town,Near office complex,Human Error,No,Damage Only,Rear end,No signal lights,Straight and flat,Others,Bitumen(Tar),Dry,No influence on accident,Fine,NIMISHAMBA TEMPLE OPP. RR NAGARA,RR NAGARA,3K.M,0.0,0.0,0,0,0.0,0.0
Bengaluru City,Kengeri Traffic PS,1.04432e+16,2016,1,2,Road Accidents,Junction,City/Town,Open area,Human Error,No,Grievous Injury,Rear end,Uncontrolled,Straight and flat,NH,Bitumen(Tar),Dry,No influence on accident,Fine,MYSORE ROAD AND NICE ROAD JUNCTION,KENGERI,2K.M,0.0,0.0,0,0,0.0,0.0
Bengaluru City,Kengeri Traffic PS,1.04432e+16,2016,1,1,Road Accidents,Narrow road,City/Town,Open area,Human Error,Yes,Fatal,Hit pedestrian,Uncontrolled,Straight and flat,NH,Bitumen(Tar),Dry,No influence on accident,Fine,MYSORE ROAD OPP.MBR APPATEMENT,KENGERI,2K.M,0.0,0.0,0,0,0.0,0.0
Bengaluru City,Kengeri Traffic PS,1.04432e+16,2016,1,1,Road Accidents,Narrow road,City/Town,Near a religious place,Human Error,Yes,Grievous Injury,Hit pedestrian,Uncontrolled,Straight and flat,NH,Bitumen(Tar),Dry,No influence on accident,Fine,MYSORE ROAS OPP KEMPPAMMA TEMPLE,KENGERI,1K.M,0.0,0.0,0,0,0.0,0.0
Bengaluru City,Kengeri Traffic PS,1.04432e+16,2016,1,1,Road Accidents,Curves,City/Town,Near office complex,Human Error,Yes,Simple Injury,Skidding or Self accident,Uncontrolled,Curve,Others,Bitumen(Tar),Dry,No influence on accident,Fine,KOMMAGATTA MAIN ROAD OPP LAKE VIEW APPATMENT,KENGERI,2K.M,0.0,0.0,0,0,0.0,0.0
Bengaluru City,Kengeri Traffic PS,1.04432e+16,2016,1,2,Road Accidents,Junction,City/Town,Near a recreation place/cinema,Human Error,No,Simple Injury,Rear end,No signal lights,Hump,NH,Bitumen(Tar),Dry,No influence on accident,Fine,MYSORE ROAD CHEKPOST JUNCTION,KENGERI,2K.M,0.0,0.0,0,0,0.0,0.0
Bengaluru City,Kengeri Traffic PS,1.04432e+16,2016,1,2,Road Accidents,Narrow road,City/Town,Open area,Human Error,No,Grievous Injury,Head on,Uncontrolled,Straight and flat,Others,Bitumen(Tar),Dry,No influence on accident,Fine,HALEGEVADERAHALLI MAIN ROAD  R R NAGARA,PRERANA ENTAIRPRISES,20 ME,0.0,0.0,0,0,0.0,0.0
Bengaluru City,Kengeri Traffic PS,1.04432e+16,2016,1,2,Road Accidents,Narrow road,City/Town,Near Hospital,Human Error,No,Simple Injury,Rear end,Controlled,Others,City or Town Road,Bitumen(Tar),Dry,Not Applicable,Clear,MYSORE ROAD,A,500 M,0.0,0.0,0,0,0.0,0.0
Bengaluru City,Kengeri Traffic PS,1.04432e+16,2016,1,2,Road Accidents,Narrow road,City/Town,Near office complex,Human Error,No,Damage Only,Rear end,Uncontrolled,Straight and flat,Others,Bitumen(Tar),Dry,No influence on accident,Fine,R R NAGARA MAIN ROAD OPP HDFC BANK,HDFC BANK,50ME,0.0,0.0,0,0,0.0,0.0
Bengaluru City,Kengeri Traffic PS,1.04432e+16,2016,1,2,Road Accidents,Narrow road,City/Town,Near School or College,Human Error,No,Grievous Injury,Others,Uncontrolled,Straight and flat,Others,Bitumen(Tar),Dry,No influence on accident,Fine,R R NAGARA MAIN ROAD OPP JAIN COLLAGE,POLE,17,0.0,0.0,0,0,0.0,0.0
Bengaluru City,Kengeri Traffic PS,1.04432e+16,2016,1,2,Road Accidents,Narrow road,City/Town,Open area,Human Error,Yes,Grievous Injury,Rear end,Uncontrolled,Straight and flat,Others,Bitumen(Tar),Dry,No influence on accident,Fine,NICE ROAD NEAR KENGERI TOLL,KENGERI,10 ME,0.0,0.0,0,0,0.0,0.0
Bengaluru City,Kengeri Traffic PS,1.04432e+16,2016,1,2,Road Accidents,Junction,City/Town,Open area,Human Error,Yes,Simple Injury,Side impact or Right angle,No signal lights,Straight and flat,NH,Bitumen(Tar),Dry,No influence on accident,Fine,MYSORE ROAD AND DUBASHI PALYA,KENGERI,2K.M,0.0,0.0,0,0,0.0,0.0
Bengaluru City,Kengeri Traffic PS,1.04432e+16,2016,1,1,Road Accidents,Narrow road,City/Town,Near School or College,Human Error,No,Grievous Injury,Hit pedestrian,Uncontrolled,Straight and flat,NH,Bitumen(Tar),Dry,No influence on accident,Fine,MYSORE ROAD NEAR RV COLLAGE,KENGERI,2KM,0.0,0.0,0,0,0.0,0.0
Bengaluru City,Kengeri Traffic PS,1.04432e+16,2016,1,1,Road Accidents,Curves,City/Town,Near a religious place,Human Error,Yes,Grievous Injury,Hit pedestrian,Uncontrolled,Curve,NH,Bitumen(Tar),Dry,No influence on accident,Fine,MYSORE ROAD OPP MASADI,KENGERI,1K.M,0.0,0.0,0,0,0.0,0.0
Bengaluru City,Kengeri Traffic PS,1.04432e+16,2016,1,2,Road Accidents,Curves,City/Town,Open area,Human Error,Yes,Grievous Injury,Hit and Run,Uncontrolled,Curve,Others,Bitumen(Tar),Dry,No influence on accident,Fine,CLASSIC COUNTER GATE KOMMAGATTA MAIN ROAD,KENGERI,2K.M,0.0,0.0,0,0,0.0,0.0
Bengaluru City,Kengeri Traffic PS,1.04432e+16,2016,1,2,Road Accidents,Cross roads,City/Town,Near or inside a village,Human Error,Yes,Simple Injury,Hit and Run,Controlled,Others,City or Town Road,Bitumen(Tar),Dry,Not Applicable,Clear,BGS ROAD MYLASANDRA,A,3KM,0.0,0.0,0,0,0.0,0.0
Bengaluru City,Kengeri Traffic PS,1.04432e+16,2016,1,2,Road Accidents,Narrow road,City/Town,Residential area,Human Error,No,Simple Injury,Hit bicyclist,Controlled,Others,City or Town Road,Bitumen(Tar),Dry,Not Applicable,Clear,RR NAGARA,A,5KM,0.0,0.0,0,0,0.0,0.0
Bengaluru City,Kengeri Traffic PS,1.04432e+16,2016,1,1,Road Accidents,Narrow road,City/Town,Residential area,Human Error,Yes,Grievous Injury,Hit pedestrian,Uncontrolled,Straight and flat,Others,Bitumen(Tar),Dry,No influence on accident,Fine,KRISHNA GARDEN AIN ROAD R R NAGARA,R R NAGARA,3K.M,0.0,0.0,0,0,0.0,0.0
Bengaluru City,Kengeri Traffic PS,1.04432e+16,2016,1,2,Road Accidents,Narrow road,City/Town,Near School or College,Human Error,Yes,Fatal,Rear end,Uncontrolled,Straight and flat,NH,Bitumen(Tar),Dry,No influence on accident,Clear,OPP RV COLLEGE BM MAIN ROAD,A,2km,0.0,0.0,0,0,0.0,0.0
Bengaluru City,Kengeri Traffic PS,1.04432e+16,2016,1,1,Road Accidents,Narrow road,City/Town,Near School or College,Human Error,No,Grievous Injury,Hit pedestrian,Uncontrolled,Straight and flat,NH,Bitumen(Tar),Dry,No influence on accident,Fine,MYSORE ROAD OPP KENGERI POLICE STATION,KENGERI POLICE STARTION,50ME,0.0,0.0,0,0,0.0,0.0
Bengaluru City,Kengeri Traffic PS,1.04432e+16,2016,1,2,Road Accidents,Narrow road,City/Town,Near Bus stop,Human Error,No,Damage Only,Side impact or Right angle,Uncontrolled,Straight and flat,NH,Bitumen(Tar),Dry,No influence on accident,Fine,MYSORE ROAD OPP SATALITE BUS STOP,KENGERI,1K.M,0.0,0.0,0,0,0.0,0.0
Bengaluru City,Kengeri Traffic PS,1.04432e+16,2016,1,2,Road Accidents,Narrow road,City/Town,Near School or College,Human Error,No,Damage Only,Rear end,Uncontrolled,Straight and flat,Others,Bitumen(Tar),Dry,No influence on accident,Fine,BALDWIN SCHOOL ROAD R R NAGARA,KENGERI,"3K,M",0.0,0.0,0,0,0.0,0.0
Bengaluru City,Kengeri Traffic PS,1.04432e+16,2016,1,2,Road Accidents,Junction,City/Town,Open area,Human Error,Yes,Grievous Injury,Right Turn Collision,No signal lights,Straight and flat,NH,Bitumen(Tar),Dry,No influence on accident,Fine,MYSORE ROAD AND DODDABELE JUNCTION,KENGERI,1K.M,0.0,0.0,0,0,0.0,0.0
Bengaluru City,Kengeri Traffic PS,1.04432e+16,2016,1,2,Road Accidents,Narrow road,City/Town,Near Petrol Pump,Human Error,No,Fatal,Rear end,Uncontrolled,Straight and flat,NH,Bitumen(Tar),Dry,No influence on accident,Fine,MYSORE ROAD NEAR BLUE HYUNDAI SHOW ROOM,KENGERI,3K.M,0.0,0.0,0,0,0.0,0.0
Bengaluru City,Kengeri Traffic PS,1.04432e+16,2016,1,1,Road Accidents,Junction,City/Town,Open area,Human Error,No,Grievous Injury,Skidding or Self accident,Uncontrolled,Straight and flat,NH,Bitumen(Tar),Dry,No influence on accident,Fine,DODDABELE CROSS MYSORE ROAD,KENGERI,1K.M,0.0,0.0,0,0,0.0,0.0
Bengaluru City,Kengeri Traffic PS,1.04432e+16,2016,1,2,Road Accidents,Narrow road,City/Town,Narrow bridge or culverts,Human Error,No,Grievous Injury,Rear end,Uncontrolled,Straight and flat,Others,Bitumen(Tar),Dry,No influence on accident,Fine,KENGERI UPANAGARA BRIDGE ROAD,SJR SCHOOL,50 ME,0.0,0.0,0,0,0.0,0.0
Bengaluru City,Kengeri Traffic PS,1.04432e+16,2016,1,2,Road Accidents,Narrow road,City/Town,Residential area,Human Error,No,Grievous Injury,Rear end,Controlled,Others,City or Town Road,Bitumen(Tar),Dry,Not Applicable,Fine,UTTARAHALLI MAIN ROAD,A,3KM,0.0,0.0,0,0,0.0,0.0
Bengaluru City,Kengeri Traffic PS,1.04432e+16,2016,1,1,Road Accidents,Narrow road,City/Town,Affected by encroachments,Human Error,No,Grievous Injury,Drowned,Controlled,Incline,One way,Bitumen(Tar),Dry,Not Applicable,Fine,Dubasipalya Main Road,Near Railway Gate,500mtr,0.0,0.0,0,0,0.0,0.0
Bengaluru City,Kengeri Traffic PS,1.04432e+16,2016,1,1,Road Accidents,Narrow road,City/Town,Near Petrol Pump,Human Error,No,Grievous Injury,Hit pedestrian,Uncontrolled,Straight and flat,NH,Bitumen(Tar),Dry,No influence on accident,Fine,MYSORE ROAD OPP H P PETROL BUNK,KENGERI,1K.M,0.0,0.0,0,0,0.0,0.0
Bengaluru City,Kengeri Traffic PS,1.04432e+16,2016,1,1,Road Accidents,Junction,City/Town,Near Petrol Pump,Human Error,No,Grievous Injury,Hit pedestrian,Signal lights Automatic,Straight and flat,NH,Bitumen(Tar),Dry,No influence on accident,Fine,MYSORE ROAD AND UTTARAHALLI JUCTION,KENGERI,1K.M,0.0,0.0,0,0,0.0,0.0
Bengaluru City,Kengeri Traffic PS,1.04432e+16,2016,1,2,Road Accidents,Junction,City/Town,Residential area,Human Error,Yes,Grievous Injury,Side impact or Right angle,Uncontrolled,Straight and flat,Others,Bitumen(Tar),Dry,No influence on accident,Fine,PATTANA GERE CIRCLE  R R NAGAR,KENGERI,3K.M,0.0,0.0,0,0,0.0,0.0
Bengaluru City,Kengeri Traffic PS,1.04432e+16,2016,1,2,Road Accidents,Narrow road,City/Town,Near a religious place,Human Error,Yes,Grievous Injury,Side impact or Right angle,Uncontrolled,Straight and flat,Others,Bitumen(Tar),Dry,No influence on accident,Fine,BGS HOSPITAL MAIN ROAD OPP MUNESWARA TEMPLE,KENGERI,2K.M,0.0,0.0,0,0,0.0,0.0
Bengaluru City,Kengeri Traffic PS,1.04432e+16,2016,1,4,Road Accidents,Junction,City/Town,Near a religious place,Human Error,Yes,Damage Only,Rear end,Uncontrolled,Straight and flat,NH,Bitumen(Tar),Dry,No influence on accident,Fine,CHECK POST AND R V COLLAGE MYSORE,KENGERI,2K.M,0.0,0.0,0,0,0.0,0.0
Bengaluru City,Kengeri Traffic PS,1.04432e+16,2016,1,2,Road Accidents,Junction,City/Town,Open area,Human Error,No,Simple Injury,Right Turn Collision,Controlled,Curve and Incline,City or Town Road,Bitumen(Tar),Dry,Not Applicable,Clear,Mysore Main road,a,02km,0.0,0.0,0,0,0.0,0.0
Bengaluru City,Kengeri Traffic PS,1.04432e+16,2016,1,1,Road Accidents,Narrow road,City/Town,Narrow bridge or culverts,Human Error,No,Fatal,Skidding or Self accident,Controlled,Incline,State Highway,Concrete,Dry,Not Applicable,Clear,NICE ROAD NEAR MYSORE ROAD,A,1.5km,0.0,0.0,0,0,0.0,0.0
Bengaluru City,Kengeri Traffic PS,1.04432e+16,2016,1,2,Road Accidents,Junction,City/Town,Near School or College,Human Error,No,Grievous Injury,Side impact or Right angle,Uncontrolled,Straight and flat,Others,Bitumen(Tar),Dry,Not Applicable,Clear,KENGERI UPANAGARA MAIN ROAD,A,1KM,0.0,0.0,0,0,0.0,0.0
Bengaluru City,Kengeri Traffic PS,1.04432e+16,2016,1,2,Road Accidents,Curves,City/Town,Near office complex,Human Error,Yes,Grievous Injury,Rear end,Uncontrolled,Straight and flat,NH,Bitumen(Tar),Dry,No influence on accident,Fine,MYSORE ROAD OPP BDA APPATEMENT,KENGERI,1 KM,0.0,0.0,0,0,0.0,0.0
Bengaluru City,Kengeri Traffic PS,1.04432e+16,2016,1,2,Road Accidents,Junction,City/Town,Near a religious place,Human Error,Yes,Damage Only,Side impact or Right angle,No signal lights,Straight and flat,NH,Bitumen(Tar),Dry,No influence on accident,Fine,MYSORE ROAD AND CHECK POST JUNCTION,KENGERI,2K.M,0.0,0.0,0,0,0.0,0.0
Bengaluru City,Kengeri Traffic PS,1.04432e+16,2016,1,1,Road Accidents,Narrow road,City/Town,Near a recreation place/cinema,Human Error,No,Grievous Injury,Hit pedestrian,Uncontrolled,Straight and flat,NH,Bitumen(Tar),Dry,No influence on accident,Fine,MYSORE ROAD OPP KEMPAMMA TEMPLE,KENGERI,2K.M,0.0,0.0,0,0,0.0,0.0
Bengaluru City,Kengeri Traffic PS,1.04432e+16,2016,1,1,Road Accidents,Narrow road,City/Town,Open area,Human Error,No,Grievous Injury,Hit pedestrian,Uncontrolled,Straight and flat,NH,Bitumen(Tar),Dry,No influence on accident,Fine,MYSORE ROAD OPP A M TYRE SHOP,KENGERI,2K.M,0.0,0.0,0,0,0.0,0.0
Bengaluru City,Kengeri Traffic PS,1.04432e+16,2016,1,2,Road Accidents,Narrow road,City/Town,Open area,Human Error,No,Simple Injury,Right Turn Collision,Uncontrolled,Straight and flat,NH,Bitumen(Tar),Dry,No influence on accident,Clear,Mysore Main road imac company,i mac company,50 me,0.0,0.0,0,0,0.0,0.0
Bengaluru City,Kengeri Traffic PS,1.04432e+16,2016,1,2,Road Accidents,Cross roads,City/Town,Open area,Human Error,Yes,Simple Injury,Hit and Run,Controlled,Straight and flat,City or Town Road,Bitumen(Tar),Dry,Not Applicable,Clear,Mysore Main road,A,0.5KM,0.0,0.0,0,0,0.0,0.0
Bengaluru City,Kengeri Traffic PS,1.04432e+16,2016,1,1,Road Accidents,Narrow road,City/Town,Near Bus stop,Human Error,Yes,Simple Injury,Hit pedestrian,Controlled,Not Applicable,City or Town Road,Bitumen(Tar),Dry,Not Applicable,Clear,Mysore Main road NEAR KADAMBA  HOTEL,KADAMBA HOTEL,50 ME,0.0,0.0,0,0,0.0,0.0
Bengaluru City,Kengeri Traffic PS,1.04432e+16,2016,1,2,Road Accidents,Narrow road,City/Town,Open area,Human Error,No,Grievous Injury,Right Turn Collision,Uncontrolled,Straight and flat,Others,Bitumen(Tar),Dry,No influence on accident,Fine,GANAKAL MAIN ROAD,J K ENGINEER OFFICE,10 ME,0.0,0.0,0,0,0.0,0.0
Bengaluru City,Kengeri Traffic PS,1.04432e+16,2016,1,1,Road Accidents,Road hump or Rumble strips,City/Town,Near Hospital,Human Error,No,Grievous Injury,Others,Uncontrolled,Straight and flat,NH,Bitumen(Tar),Dry,No influence on accident,Fine,MYSORE ROAD NEAR H K HOSPITAL ROAD HUMP,H K HOSPITAL,50 ME,0.0,0.0,0,0,0.0,0.0