DISTRICTNAME,UNITNAME,Crime_No,Year,RI,Noofvehicle_involved,Accident_Classification,Accident_Spot,Accident_Location,Accident_SubLocation,Main_Cause,Hit_Run,Severity,Collision_Type,Junction_Control,Road_Character,Road_Type,Surface_Type,Surface_Condition,Road_Condition,Weather,Accident_Road,Landmark_first,Distance_LandMark_First,Latitude,Longitude,Road_Condition_Score,Surface_Condition_Score,Surface_Type_Score,Road_Risk_Index
Bengaluru City,Kengeri Traffic PS,1.04432e+16,2016,1,2,Road Accidents,Curves,City/Town,Near office complex,Human Error,No,Damage Only,Side impact or Right angle,Uncontrolled,Slight Curve,Others,Bitumen(Tar),Dry,No influence on accident,Fine,R R NAGARA LG GOWDAN MAIN ROAD,KENGERI,4KM,0.0,0.0,0,0,0.0,0.0
Bengaluru City,Kengeri Traffic PS,1.04432e+16,2016,1,1,Road Accidents,Narrow road,City/Town,Near School or College,Human Error,Yes,Grievous Injury,Hit pedestrian,Uncontrolled,Straight and flat,NH,Bitumen(Tar),Dry,No influence on accident,Fine,MYSORE ROAD OPP. FOSATER BAR,KENGERI,2K.M,0.0,0.0,0,0,0.0,0.0
Bengaluru City,Kengeri Traffic PS,1.04432e+16,2016,1,2,Road Accidents,Junction,City/Town,Open area,Human Error,No,Grievous Injury,Side impact or Right angle,No signal lights,Straight and flat,Others,Bitumen(Tar),Dry,No influence on accident,Fine,KEMPEGOWDA ROAD AND 5TH CROSS JUNCTION,KENGERI,3K.M,0.0,0.0,0,0,0.0,0.0
Bengaluru City,Kengeri Traffic PS,1.04432e+16,2016,1,2,Road Accidents,Junction,City/Town,Residential area,Human Error,No,Simple Injury,Side impact or Right angle,Uncontrolled,Straight and flat,Others,Bitumen(Tar),Dry,No influence on accident,Fine,KENGERI UPNAGARA SRYERYA HOPITAL JUNCTION,KENGERI,3K.M,0.0,0.0,0,0,0.0,0.0
Bengaluru City,Kengeri Traffic PS,1.04432e+16,2016,1,2,Road Accidents,Narrow road,City/Town,Near School or College,Human Error,No,Damage Only,Rear end,Uncontrolled,Straight and flat,Others,Bitumen(Tar),Dry,No influence on accident,Fine,UTTARAHALLI MAIN ROAD OPP CARMEL SCHOOL,KENGERI,1K.M,0.0,0.0,0,0,0.0,0.0
Bengaluru City,Kengeri Traffic PS,1.04432e+16,2016,1,2,Road Accidents,Narrow road,City/Town,Open area,Human Error,No,Simple Injury,Rear end,Controlled,Others,NH,Bitumen(Tar),Dry,Not Applicable,Fine,RAINBOW BRIDGE DOWN RAMP,A,05KM,0.0,0.0,0,0,0.0,0.0
Bengaluru City,Kengeri Traffic PS,1.04432e+16,2016,1,2,Road Accidents,Narrow road,City/Town,Near office complex,Human Error,No,Damage Only,Rear end,Uncontrolled,Straight and flat,Others,Bitumen(Tar),Dry,No influence on accident,Fine,HALAGEVADERAHALLI MAIN ROAD NEAR NAVYA BAR,R R NAGARA,50 ME,0.0,0.0,0,0,0.0,0.0
Bengaluru City,Kengeri Traffic PS,1.04432e+16,2017,1,2,Road Accidents,Curves,City/Town,Near Bus stop,Human Error,No,Damage Only,Rear end,Uncontrolled,Straight and flat,Others,Bitumen(Tar),Dry,No influence on accident,Fine,KENGERI UPANAGARA SHIRKE BUS STOP,KENGERI,3K.M,0.0,0.0,0,0,0.0,0.0
Bengaluru City,Kengeri Traffic PS,1.04432e+16,2017,1,1,Road Accidents,Narrow road,City/Town,Near a factory industrial area,Human Error,Yes,Grievous Injury,Hit pedestrian,Uncontrolled,Straight and flat,Others,Bitumen(Tar),Dry,No influence on accident,Fine,MAILASANDRA MAIN ROAD OPP WANDER GARMENTS,KENGERI,2K.M,0.0,0.0,0,0,0.0,0.0
Bengaluru City,Kengeri Traffic PS,1.04432e+16,2017,1,2,Road Accidents,Narrow road,City/Town,Near Petrol Pump,Human Error,No,Grievous Injury,Head on,Uncontrolled,Straight and flat,Others,Bitumen(Tar),Dry,No influence on accident,Fine,R R NAGARA NEAR  MAIN ROAD OPP TOTAL PETROL BUNK,R R NAGARA,3K.M,0.0,0.0,0,0,0.0,0.0
Bengaluru City,Kengeri Traffic PS,1.04432e+16,2017,1,1,Road Accidents,Narrow road,City/Town,Near School or College,Human Error,Yes,Grievous Injury,Hit pedestrian,Uncontrolled,Straight and flat,Others,Bitumen(Tar),Dry,No influence on accident,Fine,KENGERI UPANAGARA MAIN ROAD NEAR BETHASTA CHURCH,BETHASTHA CHURCH,50 ME,0.0,0.0,0,0,0.0,0.0
Bengaluru City,Kengeri Traffic PS,1.04432e+16,2017,1,3,Road Accidents,Junction,City/Town,Open area,Human Error,No,Damage Only,Rear end,No signal lights,Straight and flat,Others,Bitumen(Tar),Dry,No influence on accident,Fine,UTTARAHALLI MAIN ROAD NEAR  ADITHYA BEKARY,ADITHYA BEKARY,60 ME,0.0,0.0,0,0,0.0,0.0
Bengaluru City,Kengeri Traffic PS,1.04432e+16,2017,1,2,Road Accidents,Curves,City/Town,Near Hospital,Human Error,No,Damage Only,Drowned,Controlled,Curve,NH,Bitumen(Tar),Dry,Construction Work / Material,Clear,Near Kengeri Government Hospital Mysore Road,Kengeri Jamia Masjid,800 mt,0.0,0.0,2,0,0.0,2.0
Bengaluru City,Kengeri Traffic PS,1.04432e+16,2017,1,2,Road Accidents,Narrow road,City/Town,Residential area,Human Error,Yes,Damage Only,Rear end,Uncontrolled,Straight and flat,Others,Bitumen(Tar),Dry,No influence on accident,Fine,HOUSE NO 535 5TH B CROSS  R R NAGARA,HOUSE NO 535,10ME,0.0,0.0,0,0,0.0,0.0
Bengaluru City,Kengeri Traffic PS,1.04432e+16,2017,1,1,Road Accidents,Curves,City/Town,Near Hospital,Human Error,No,Grievous Injury,Hit pedestrian,Uncontrolled,Curve,Others,Bitumen(Tar),Dry,No influence on accident,Fine,SRINIVASAPURA CROSS NEAR MANIPAL HOSPITAL R R NAGARA,PANCHAMUKI APP,50ME,0.0,0.0,0,0,0.0,0.0
Bengaluru City,Kengeri Traffic PS,1.04432e+16,2017,1,2,Road Accidents,Narrow road,City/Town,Residential area,Human Error,No,Damage Only,Side impact or Right angle,Uncontrolled,Straight and flat,Others,Bitumen(Tar),Dry,No influence on accident,Fine,R R NAGARA BANGARAPPA NAGARA GATE GLOBLE COLLAGE,KENGERI,5K.M,0.0,0.0,0,0,0.0,0.0
Bengaluru City,Kengeri Traffic PS,1.04432e+16,2017,1,2,Road Accidents,Junction,City/Town,Near School or College,Human Error,Yes,Grievous Injury,Side impact or Right angle,Uncontrolled,Straight and flat,Others,Bitumen(Tar),Dry,No influence on accident,Fine,80 FEET ROAD NEAR POLICE QUATRACE KENGERI UPANAGARA,POLICE QUATRACE,10 ME,0.0,0.0,0,0,0.0,0.0
Bengaluru City,Kengeri Traffic PS,1.04432e+16,2017,1,1,Road Accidents,Junction,City/Town,Near Petrol Pump,Human Error,Yes,Simple Injury,Hit pedestrian,Signal lights Automatic,Straight and flat,NH,Bitumen(Tar),Dry,No influence on accident,Fine,MYSORE ROAD AND MADHU PETROL BUNK JUNCTION,MADHU PETROL BUNK,50ME,0.0,0.0,0,0,0.0,0.0
Bengaluru City,Kengeri Traffic PS,1.04432e+16,2017,1,1,Road Accidents,Narrow road,City/Town,Near a factory industrial area,Human Error,No,Grievous Injury,Hit fixed object,Controlled,Incline,NH,Bitumen(Tar),Dry,Construction Work / Material,Fine,Mysore road,Near Nice Road Mysore Road Briedge,1 KM,0.0,0.0,2,0,0.0,2.0
Bengaluru City,Kengeri Traffic PS,1.04432e+16,2017,1,2,Road Accidents,Narrow road,City/Town,Near Bus stop,Human Error,No,Damage Only,Head on,Controlled,Straight and flat,City or Town Road,Bitumen(Tar),Dry,No influence on accident,Clear,KENGERI UPANAGAR,Opp Dominose Pizza,1 Km,0.0,0.0,0,0,0.0,0.0
Bengaluru City,Kengeri Traffic PS,1.04432e+16,2017,1,3,Road Accidents,Circle,City/Town,Open area,Human Error,Yes,Grievous Injury,Head on,Police / Manual,Curve,City or Town Road,Bitumen(Tar),Dry,Not Applicable,Fine,KONASANDRA LAKE,TOWARDS NORTH FROM PS,2KM,0.0,0.0,0,0,0.0,0.0
Bengaluru City,Kengeri Traffic PS,1.04432e+16,2017,1,2,Road Accidents,Circle,City/Town,Open area,Human Error,No,Grievous Injury,Overturning,Controlled,Curve,City or Town Road,Bitumen(Tar),Dry,Not Applicable,Fine,UTTARAHALLI MAIN ROAD,TOWARDS NORTH FROM PS,2 KM,0.0,0.0,0,0,0.0,0.0
Bengaluru City,Kengeri Traffic PS,1.04432e+16,2017,1,1,Road Accidents,Narrow road,City/Town,Near Bus stop,Human Error,No,Grievous Injury,Hit pedestrian,Uncontrolled,Straight and flat,Others,Bitumen(Tar),Dry,No influence on accident,Fine,KENGERI UPANAGARA MAIN ROAD NEAR POST OFFICE BUS STOP,KENGERI,2K.M,0.0,0.0,0,0,0.0,0.0
Bengaluru City,Kengeri Traffic PS,1.04432e+16,2017,1,2,Road Accidents,Curves,City/Town,Open area,Human Error,Yes,Simple Injury,Rear end,Uncontrolled,Curve and Incline,Others,Bitumen(Tar),Dry,No influence on accident,Fine,NICE ROAD NEAR KENGERI TOLL,KENGERI TOLL,50 MET,0.0,0.0,0,0,0.0,0.0
Bengaluru City,Kengeri Traffic PS,1.04432e+16,2017,1,1,Road Accidents,Bottleneck,City/Town,Open area,Human Error,No,Fatal,Skidding or Self accident,Uncontrolled,Straight and flat,Others,Bitumen(Tar),Dry,No influence on accident,Fine,NICE ROAD RAILWAY BRIDGE,RAILWAY BRIDGE,10ME,0.0,0.0,0,0,0.0,0.0
Bengaluru City,Kengeri Traffic PS,1.04432e+16,2017,1,1,Road Accidents,Narrow road,City/Town,Open area,Human Error,No,Damage Only,Skidding or Self accident,Uncontrolled,Straight and flat,Others,Concrete,Dry,No influence on accident,Fine,NICE ROAD NEA SOMAPURA OFFICE,NICE ROAD,1K.M,0.0,0.0,0,0,0.0,0.0
Bengaluru City,Kengeri Traffic PS,1.04432e+16,2017,1,1,Road Accidents,Staggered junction,City/Town,At pedestrian Crossing,Human Error,Yes,Fatal,Hit pedestrian,Controlled,Straight and flat,NH,Bitumen(Tar),Dry,Construction Work / Material,Clear,Near Mylasandra Junction,Mylasandra Junction,2KM,12.9195572,77.4921234,2,0,0.0,2.0
Bengaluru City,Kengeri Traffic PS,1.04432e+16,2017,1,2,Road Accidents,Narrow road,City/Town,Residential area,Human Error,Yes,Grievous Injury,Side impact or Right angle,Uncontrolled,Straight and flat,Others,Bitumen(Tar),Dry,No influence on accident,Fine,SRINIVASAPURA COLONY 10TH CROSS OPP CHAMANA SHOP,CHAMANA SHOP,10ME,0.0,0.0,0,0,0.0,0.0
Bengaluru City,Kengeri Traffic PS,1.04432e+16,2017,1,2,Road Accidents,Narrow road,City/Town,Open area,Human Error,No,Damage Only,Side impact or Right angle,Uncontrolled,Straight and flat,Others,Bitumen(Tar),Dry,No influence on accident,Fine,NICE ROAD NEAR RAMASANDRA BRIDGE,RAMASANDRA BRIDGE,50ME,0.0,0.0,0,0,0.0,0.0
Bengaluru City,Kengeri Traffic PS,1.04432e+16,2017,1,2,Road Accidents,Narrow road,City/Town,Open area,Human Error,Yes,Grievous Injury,Rear end,Uncontrolled,Straight and flat,Others,Bitumen(Tar),Dry,No influence on accident,Fine,NICE ROAD NEAR BAIROHALLI,BAIROHALLI UNDER PASS,40ME,0.0,0.0,0,0,0.0,0.0
Bengaluru City,Kengeri Traffic PS,1.04432e+16,2017,1,2,Road Accidents,Circle,City/Town,Open area,Human Error,Yes,Damage Only,Hit and Run,Controlled,Curve,City or Town Road,Bitumen(Tar),Dry,Not Applicable,Fine,KENGERI UPANAGARA,TOWARDS NORTH FROMPS,1 KM,0.0,0.0,0,0,0.0,0.0
Bengaluru City,Kengeri Traffic PS,1.04432e+16,2017,1,2,Road Accidents,Narrow road,City/Town,Open area,Human Error,Yes,Grievous Injury,Rear end,Uncontrolled,Straight and flat,Others,Bitumen(Tar),Dry,No influence on accident,Fine,NICE ROAD KEREKODI BRIDGE,KEREKODI BRIDGE,4K.M,0.0,0.0,0,0,0.0,0.0
Bengaluru City,Kengeri Traffic PS,1.04432e+16,2017,1,1,Road Accidents,Narrow road,City/Town,Near Bus stop,Human Error,Yes,Simple Injury,Hit pedestrian,Uncontrolled,Straight and flat,NH,Bitumen(Tar),Dry,No influence on accident,Fine,MYSORE ROAD OPP SATTALITE BUS STOP,SATTALITE BUS STOP,50 ME,0.0,0.0,0,0,0.0,0.0
Bengaluru City,Kengeri Traffic PS,1.04432e+16,2017,1,2,Road Accidents,Narrow road,City/Town,Narrow bridge or culverts,Human Error,No,Grievous Injury,Rear end,Uncontrolled,Straight and flat,Others,Concrete,Dry,No influence on accident,Fine,NICE ROAD NEAR KOMMAGATTA BRIDGE,KOMMAGATTA BRIDGE,15 ME,0.0,0.0,0,0,0.0,0.0
Bengaluru City,Kengeri Traffic PS,1.04432e+16,2017,1,2,Road Accidents,Narrow road,City/Town,Open area,Human Error,No,Damage Only,Rear end,Uncontrolled,Straight and flat,Others,Bitumen(Tar),Dry,No influence on accident,Fine,NICE ROAD NEAR KOMMAGATTA BRIDGE,KENGERI,3K.M,0.0,0.0,0,0,0.0,0.0
Bengaluru City,Kengeri Traffic PS,1.04432e+16,2017,1,2,Road Accidents,Junction,City/Town,Open area,Human Error,No,Simple Injury,Side impact or Right angle,No signal lights,Straight and flat,NH,Bitumen(Tar),Dry,No influence on accident,Fine,MYSORE ROAD AND MAILASANDRA JUNCTION,KEB POLE,50 ME,0.0,0.0,0,0,0.0,0.0
Bengaluru City,Kengeri Traffic PS,1.04432e+16,2017,1,2,Road Accidents,Bottleneck,City/Town,Affected by encroachments,Human Error,No,Damage Only,Hit parked vehicle,Uncontrolled,Straight and flat,City or Town Road,Bitumen(Tar),Dry,No influence on accident,Clear,"Nice road, near Doddabele Briedge",Near Doddabele Bridge,2 KM,0.0,0.0,0,0,0.0,0.0
Bengaluru City,Kengeri Traffic PS,1.04432e+16,2017,1,2,Road Accidents,Junction,City/Town,Open area,Human Error,Yes,Grievous Injury,Side impact or Right angle,No signal lights,Straight and flat,Others,Bitumen(Tar),Dry,No influence on accident,Fine,R R NAGARA VIVENKANDA PARK,VIVEKANDA PARK,25ME,0.0,0.0,0,0,0.0,0.0
Bengaluru City,Kengeri Traffic PS,1.04432e+16,2017,1,2,Road Accidents,Road hump or Rumble strips,City/Town,Open area,Human Error,No,Fatal,Drowned,Controlled,Hump,NH,Bitumen(Tar),Dry,No influence on accident,Fine,Mysore Road,Mysore Road,2 KM,0.0,0.0,0,0,0.0,0.0
Bengaluru City,Kengeri Traffic PS,1.04432e+16,2017,1,2,Road Accidents,Cross roads,City/Town,Near office complex,Human Error,No,Damage Only,Drowned,No signal lights,Incline,City or Town Road,Bitumen(Tar),Dry,Construction Work / Material,Clear,Srinivasapura Road,Sri Sainandan appartment,5 KM,0.0,0.0,2,0,0.0,2.0
Bengaluru City,Kengeri Traffic PS,1.04432e+16,2017,1,1,Road Accidents,Junction,City/Town,Near Petrol Pump,Human Error,No,Simple Injury,Hit bicyclist,Controlled,Straight and flat,NH,Bitumen(Tar),Dry,Construction Work / Material,Clear,Mysore road,oPP Madhu Petrol Bunk,1 KM,0.0,0.0,2,0,0.0,2.0
Bengaluru City,Kengeri Traffic PS,1.04432e+16,2017,1,2,Road Accidents,Round about or Circle,City/Town,Narrow bridge or culverts,Human Error,No,Fatal,Side swipe,Not at  Junction,Straight and flat,NH,Bitumen(Tar),Dry,Construction Work / Material,Clear,Mysore road,Near Kengeri Toll,1 KM,12.9035241,77.4700867,2,0,0.0,2.0
Bengaluru City,Kengeri Traffic PS,1.04432e+16,2017,1,2,Road Accidents,Narrow road,City/Town,Near office complex,Human Error,No,Grievous Injury,Others,Controlled,Straight and flat,City or Town Road,Bitumen(Tar),Dry,No influence on accident,Mist or Fog,Kengeri Uttarahalli Main road,Opp Maruti suzuki Car Service center,5 KM,12.9039457,77.5092279,0,0,0.0,0.0
Bengaluru City,Kengeri Traffic PS,1.04432e+16,2017,1,2,Road Accidents,Narrow road,City/Town,Near a recreation place/cinema,Human Error,Yes,Damage Only,Right Turn Collision,Uncontrolled,Straight and flat,Others,Bitumen(Tar),Dry,No influence on accident,Fine,KOMMAGATTA MAIN ROAD NEAT RABIN THEATER NEAR,RABIN THEATER,50ME,0.0,0.0,0,0,0.0,0.0
Bengaluru City,Kengeri Traffic PS,1.04432e+16,2017,1,2,Road Accidents,Narrow road,City/Town,Near Bus stop,Human Error,No,Grievous Injury,Right Turn Collision,Controlled,Straight and flat,NH,Bitumen(Tar),Dry,No influence on accident,Clear,Near Dubasipalya Junction,Near Dubasipalya,2 KM,0.0,0.0,0,0,0.0,0.0
Bengaluru City,Kengeri Traffic PS,1.04432e+16,2017,1,2,Road Accidents,Narrow road,City/Town,Near Hospital,Human Error,No,Grievous Injury,Rear end,Uncontrolled,Straight and flat,Others,Bitumen(Tar),Dry,No influence on accident,Fine,BGS HOSPITAL ROAD OPP BGS HOSTEL,BGS HOSTEL,40ME,0.0,0.0,0,0,0.0,0.0
Bengaluru City,Kengeri Traffic PS,1.04432e+16,2017,1,2,Road Accidents,Narrow road,City/Town,Open area,Human Error,Yes,Damage Only,Rear end,Controlled,Straight and flat,NH,Bitumen(Tar),Dry,Not Applicable,Clear,Mysore road,Near Nice Road Mysore Road Briedge,2 KM,0.0,0.0,0,0,0.0,0.0
Bengaluru City,Kengeri Traffic PS,1.04432e+16,2017,1,2,Road Accidents,Narrow road,City/Town,Near or inside a village,Human Error,No,Grievous Injury,Drowned,Controlled,Incline,City or Town Road,Bitumen(Tar),Dry,Not Applicable,Fine,Halagevaderahalli Main Road,Near Halagevaderahalli Circle,5 KM,0.0,0.0,0,0,0.0,0.0
Bengaluru City,Kengeri Traffic PS,1.04432e+16,2017,1,1,Road Accidents,Narrow road,City/Town,Open area,Human Error,No,Fatal,Skidding or Self accident,Uncontrolled,Straight and flat,Others,Bitumen(Tar),Dry,No influence on accident,Others,NICE ROAD NEAR GANAKAL BRIDGE,GANAKAL BRIDGE,100ME,12.8945076,77.5147398,0,0,0.0,0.0
Bengaluru City,Kengeri Traffic PS,1.04432e+16,2017,1,1,Road Accidents,Narrow road,City/Town,Residential area,Human Error,Yes,Grievous Injury,Hit pedestrian,Uncontrolled,Straight and flat,Others,Bitumen(Tar),Dry,No influence on accident,Fine,KECHENAHALLI MAIN ROAD OPP SRIKANTESWARA DINASI SHOP,R R NAGARA,4K./M,0.0,0.0,0,0,0.0,0.0
Bengaluru City,Kengeri Traffic PS,1.04432e+16,2017,1,2,Road Accidents,Junction,City/Town,Near Hospital,Human Error,No,Simple Injury,Rear end,Signal lights Blinking,Straight and flat,Others,Bitumen(Tar),Dry,No influence on accident,Fine,UTTARAHALLI MAIN ROAD NEAR BGS ARCH,BGS HOSPITAL ARCH,2K.M,0.0,0.0,0,0,0.0,0.0
Bengaluru City,Kengeri Traffic PS,1.04432e+16,2017,1,2,Road Accidents,Junction,City/Town,Near office complex,Human Error,No,Grievous Injury,Side impact or Right angle,Uncontrolled,Straight and flat,Others,Bitumen(Tar),Dry,No influence on accident,Fine,R R NAGARA MAIN ROAD NEAR RAGHAVENDRA GRANETS,RAGHAVENDRA GARNETS,25 ME,0.0,0.0,0,0,0.0,0.0
Bengaluru City,Kengeri Traffic PS,1.04432e+16,2017,1,2,Road Accidents,Other,City/Town,Open area,Human Error,No,Fatal,Hit pedestrian,Controlled,Crest of hill,City or Town Road,Concrete,Dry,No influence on accident,Clear,"Nice road, near Doddabele Briedge",Near Doddabele Bridge,2 KM,0.0,0.0,0,0,0.0,0.0
Bengaluru City,Kengeri Traffic PS,1.04432e+16,2017,1,2,Road Accidents,Junction,City/Town,Open area,Human Error,No,Grievous Injury,Side impact or Right angle,Uncontrolled,Straight and flat,Others,Bitumen(Tar),Dry,No influence on accident,Fine,R R NAGARA MAIN ROAD AND DAVANAGERE BENNE DOSA JUNCTION,DAVANAGERE BENNE DOSA,15ME,0.0,0.0,0,0,0.0,0.0
Bengaluru City,Kengeri Traffic PS,1.04432e+16,2017,1,1,Road Accidents,Junction,City/Town,Near Petrol Pump,Human Error,No,Grievous Injury,Hit pedestrian,Uncontrolled,Straight and flat,Others,Bitumen(Tar),Dry,No influence on accident,Fine,KENGERI UPANAGARA MAIN ROAD OPP POST OFFICE,POST OFFICE,14ME,0.0,0.0,0,0,0.0,0.0
Bengaluru City,Kengeri Traffic PS,1.04432e+16,2017,1,1,Road Accidents,Narrow road,City/Town,Near Hospital,Human Error,No,Grievous Injury,Hit pedestrian,Uncontrolled,Straight and flat,Others,Bitumen(Tar),Dry,No influence on accident,Fine,R R NAGARA MAIN ROAD OPP ICICI BANK,ICICI BANK,23ME,0.0,0.0,0,0,0.0,0.0
Bengaluru City,Kengeri Traffic PS,1.04432e+16,2017,1,2,Road Accidents,Narrow road,City/Town,Open area,Human Error,No,Simple Injury,Rear end,Uncontrolled,Straight and flat,Others,Bitumen(Tar),Dry,No influence on accident,Fine,DOUBLE ROAD OPP TRUPTHI HOTEL R R NAGARA,TRUPTHI HOTEL,50ME,0.0,0.0,0,0,0.0,0.0
Bengaluru City,Kengeri Traffic PS,1.04432e+16,2017,1,2,Road Accidents,Junction,City/Town,Residential area,Human Error,No,Damage Only,Side impact or Right angle,No signal lights,Straight and flat,Others,Bitumen(Tar),Dry,No influence on accident,Fine,SWAMY VIVEKANANDA ROAD AND IDEAL HOME JUNCTION,MARUTHI ENTERPRISES,10ME,0.0,0.0,0,0,0.0,0.0
Bengaluru City,Kengeri Traffic PS,1.04432e+16,2017,1,2,Road Accidents,Junction,City/Town,Open area,Human Error,No,Damage Only,Side impact or Right angle,Uncontrolled,Straight and flat,Others,Bitumen(Tar),Dry,No influence on accident,Fine,Nice Road BDA Toll Junction,BDA Toll Junction,15ME,0.0,0.0,0,0,0.0,0.0
Bengaluru City,Kengeri Traffic PS,1.04432e+16,2017,1,2,Road Accidents,Narrow road,City/Town,Near Bus stop,Human Error,No,Damage Only,Rear end,Uncontrolled,Straight and flat,NH,Bitumen(Tar),Dry,No influence on accident,Fine,MYSORE ROAD OPP SATTALITE BUS STOP,KENGERI BUS STOP,50ME,0.0,0.0,0,0,0.0,0.0
Bengaluru City,Kengeri Traffic PS,1.04432e+16,2017,1,2,Road Accidents,Other,City/Town,Residential area,Human Error,Yes,Grievous Injury,Hit and Run,Controlled,Sharp Curve,Residential Street,Bitumen(Tar),Dry,No influence on accident,Clear,R R Nagar Main Road,near R R Nagar P S,6 KM,0.0,0.0,0,0,0.0,0.0
Bengaluru City,Kengeri Traffic PS,1.04432e+16,2017,1,1,Road Accidents,Narrow road,City/Town,Near School or College,Human Error,Yes,Grievous Injury,Hit pedestrian,Uncontrolled,Straight and flat,NH,Bitumen(Tar),Dry,No influence on accident,Fine,MYSORE ROAD OPP KENGERI POLICE STATION,KENGERI POLICE STATION,50ME,0.0,0.0,0,0,0.0,0.0
Bengaluru City,Kengeri Traffic PS,1.04432e+16,2017,1,2,Road Accidents,Narrow road,City/Town,Near School or College,Human Error,No,Fatal,Head on,Uncontrolled,Straight and flat,Others,Bitumen(Tar),Dry,No influence on accident,Fine,UTTARAHALLI MAIN ROAD OPP INDIAN INSTITUTE OF NURSING COLLAGE,IIN COLLAGE,100ME,0.0,0.0,0,0,0.0,0.0
Bengaluru City,Kengeri Traffic PS,1.04432e+16,2017,1,2,Road Accidents,Curves,City/Town,Near School or College,Human Error,Yes,Grievous Injury,Head on,Controlled,Curve,City or Town Road,Bitumen(Tar),Dry,No influence on accident,Clear,Pattannagere Main Road,Opp Government School,5 KM,0.0,0.0,0,0,0.0,0.0
Bengaluru City,Kengeri Traffic PS,1.04432e+16,2017,1,2,Road Accidents,Junction,City/Town,Open area,Human Error,Yes,Grievous Injury,Side impact or Right angle,Uncontrolled,Straight and flat,Others,Bitumen(Tar),Dry,No influence on accident,Fine,UTTARAHALLI MAIN ROAD OPP HONDA SHOW ROOM,HONDA SHOW ROOM,100ME,0.0,0.0,0,0,0.0,0.0
Bengaluru City,Kengeri Traffic PS,1.04432e+16,2017,1,2,Road Accidents,Junction,City/Town,Open area,Human Error,No,Damage Only,Rear end,Uncontrolled,Straight and flat,NH,Bitumen(Tar),Dry,No influence on accident,Fine,mysore road and doddabele juction,sagar wine,50me,0.0,0.0,0,0,0.0,0.0
Bengaluru City,Kengeri Traffic PS,1.04432e+16,2017,1,2,Road Accidents,Narrow road,City/Town,Near Bus stop,Human Error,No,Simple Injury,Side impact or Right angle,Controlled,Straight and flat,City or Town Road,Bitumen(Tar),Dry,No influence on accident,Clear,Opp Unilet Showroom K S town,Opp Unilet Showroom K S town,2 KM,0.0,0.0,0,0,0.0,0.0
Bengaluru City,Kengeri Traffic PS,1.04432e+16,2017,1,2,Road Accidents,Narrow road,City/Town,Near School or College,Human Error,No,Grievous Injury,Head on,Controlled,Not Applicable,City or Town Road,Bitumen(Tar),Dry,Not Applicable,Fine,Uttarahalli Main Road,Near Channasandra Bus Stop,500mtr,0.0,0.0,0,0,0.0,0.0
Bengaluru City,Kengeri Traffic PS,1.04432e+16,2017,1,2,Road Accidents,Narrow road,City/Town,Open area,Human Error,Yes,Grievous Injury,Rear end,Uncontrolled,Straight and flat,Others,Bitumen(Tar),Dry,No influence on accident,Fine,NIMISHAMBA TEMPLE ROAD OPP AIRTEL OFFICE R R NAGARA,R R NAGARA,4K.M,0.0,0.0,0,0,0.0,0.0
Bengaluru City,Kengeri Traffic PS,1.04432e+16,2017,1,2,Road Accidents,Narrow road,City/Town,Open area,Human Error,Yes,Grievous Injury,Right Turn Collision,Uncontrolled,Straight and flat,Others,Bitumen(Tar),Dry,No influence on accident,Fine,GLOBALE COLLAGE ROAD BANGARAPPA NAGARA R R NAGARA,KEB POLE,20 ME,0.0,0.0,0,0,0.0,0.0
Bengaluru City,Kengeri Traffic PS,1.04432e+16,2017,1,2,Road Accidents,Narrow road,City/Town,Near a religious place,Human Error,Yes,Grievous Injury,Head on,Uncontrolled,Straight and flat,Others,Bitumen(Tar),Dry,No influence on accident,Fine,KENGERI UPANAGARA MAIN ROAD OPP KABIR MUTT,KABIR MUTT,18ME,0.0,0.0,0,0,0.0,0.0
Bengaluru City,Kengeri Traffic PS,1.04432e+16,2017,1,2,Road Accidents,Bridge,City/Town,Narrow bridge or culverts,Human Error,Yes,Fatal,Side impact or Right angle,Not at  Junction,Straight and flat,Expressway,Bitumen(Tar),Dry,Not Applicable,Clear,Nice Road,On Vrushabhavathi River Nice Road,3 KM,12.8957423,77.4763041,0,0,0.0,0.0
Bengaluru City,Kengeri Traffic PS,1.04432e+16,2017,1,2,Road Accidents,Narrow road,City/Town,Near School or College,Human Error,No,Simple Injury,Side impact or Right angle,Uncontrolled,Straight and flat,Others,Bitumen(Tar),Dry,No influence on accident,Fine,UTTARAHALLI MAIN ROAD NEAR CARMEL SCHOOL KENGERI,CARMEL SCHOOL,50ME,0.0,0.0,0,0,0.0,0.0
Bengaluru City,Kengeri Traffic PS,1.04432e+16,2017,1,1,Road Accidents,More than four arms,City/Town,Near Bus stop,Human Error,No,Fatal,Right Turn Collision,Controlled,Hump,NH,Bitumen(Tar),Dry,Construction Work / Material,Clear,Mysore road,Near Mylasandra Junction,1.5KM,0.0,0.0,2,0,0.0,2.0
Bengaluru City,Kengeri Traffic PS,1.04432e+16,2017,1,2,Road Accidents,T Junction,City/Town,Near Bus stop,Human Error,No,Grievous Injury,Head on,Controlled,Straight and flat,Two way,Bitumen(Tar),Dry,No influence on accident,Clear,KENGERI UPANAGAR,Opp Post Offiice,1 KM,0.0,0.0,0,0,0.0,0.0