DISTRICTNAME,UNITNAME,Crime_No,Year,RI,Noofvehicle_involved,Accident_Classification,Accident_Spot,Accident_Location,Accident_SubLocation,Main_Cause,Hit_Run,Severity,Collision_Type,Junction_Control,Road_Character,Road_Type,Surface_Type,Surface_Condition,Road_Condition,Weather,Accident_Road,Landmark_first,Distance_LandMark_First,Latitude,Longitude,Road_Condition_Score,Surface_Condition_Score,Surface_Type_Score,Road_Risk_Index
Bengaluru City,Kengeri Traffic PS,1.04432e+16,2021,1,3,Road Accidents,Not Applicable,City/Town,Open area,Human Error,No,Damage Only,Vehicle to Vehicle,Not at  Junction,Others,NH,Bitumen(Tar),Dry,Not Applicable,Fine,Mysore Road,Sattalite Bus Stop,1 km,0.0,0.0,0,0,0.0,0.0
Bengaluru City,Kengeri Traffic PS,1.04432e+16,2021,1,2,Road Accidents,Not Applicable,City/Town,Open area,Human Error,No,Grievous Injury,Vehicle to Vehicle,No signal lights,Not Applicable,NH,Bitumen(Tar),Dry,Not Applicable,Fine,mysore road,Iravata Hotal,2 km,0.0,0.0,0,0,0.0,0.0
Bengaluru City,Kengeri Traffic PS,1.04432e+16,2021,1,1,Road Accidents,Offset,City/Town,Open area,Human Error,No,Grievous Injury,Not Applicable,Not Applicable,Others,Others,Concrete,Dry,Not Applicable,Fine,Nice Road,Railwy Bridge,4km,0.0,0.0,0,0,0.0,0.0
Bengaluru City,Kengeri Traffic PS,1.04432e+16,2021,1,1,Road Accidents,Offset,City/Town,Residential area,Human Error,No,Fatal,Not Applicable,Not at  Junction,Incline,Others,Bitumen(Tar),Dry,Not Applicable,Fine,80Feet Road,Prabha Beurt Parlour,2KM,0.0,0.0,0,0,0.0,0.0
Bengaluru City,Kengeri Traffic PS,1.04432e+16,2021,1,1,Road Accidents,Not Applicable,Rural Areas,Residential area,Human Error,No,Grievous Injury,Hit pedestrian,Not at  Junction,Others,Others,Bitumen(Tar),Dry,Not Applicable,Fine,University Lay Out,2nd Cross Road,6.5Km,0.0,0.0,0,0,0.0,0.0
Bengaluru City,Kengeri Traffic PS,1.04432e+16,2021,1,3,Road Accidents,Not Applicable,City/Town,Narrow bridge or culverts,Human Error,No,Grievous Injury,Vehicle to Vehicle,Not Applicable,Not Applicable,Others,Bitumen(Tar),Dry,Not Applicable,Fine,UIttharahalli Road,Uttarahalli Nice Road Bridge,5 KM,0.0,0.0,0,0,0.0,0.0
Bengaluru City,Kengeri Traffic PS,1.04432e+16,2021,1,2,Road Accidents,Not Applicable,City/Town,Open area,Human Error,No,Grievous Injury,Vehicle to Vehicle,Not at  Junction,Others,NH,Bitumen(Tar),Dry,Not Applicable,Fine,Mysore Main Road,Renukla Bar,300,0.0,0.0,0,0,0.0,0.0
Bengaluru City,Kengeri Traffic PS,1.04432e+16,2021,1,2,Road Accidents,Not Applicable,City/Town,Near School or College,Not Applicable,No,Grievous Injury,Not Applicable,Not Applicable,Others,NH,Bitumen(Tar),Dry,Not Applicable,Others,Mysore Road,HP Petrol Bunk,3Km,0.0,0.0,0,0,0.0,0.0
Bengaluru City,Kengeri Traffic PS,1.04432e+16,2021,1,2,Not Applicable,Not Applicable,City/Town,Near Petrol Pump,Human Error,Not Applicable,Simple Injury,Vehicle to Vehicle,Not Applicable,Not Applicable,Not Applicable,Not Applicable,Not Applicable,Not Applicable,Not Applicable,Near Shell Petrol Bunk,Near Shell Petrol Bunk,3km,0.0,0.0,0,0,0.0,0.0
Bengaluru City,Kengeri Traffic PS,1.04432e+16,2021,1,2,Road Accidents,Junction,City/Town,Near Bus stop,Human Error,No,Damage Only,Vehicle to Vehicle,Uncontrolled,Others,Others,Bitumen(Tar),Others,Not Applicable,Others,Kengeri Upangara Main Road,Near Hoysala Circle,2 km,0.0,0.0,0,1,0.0,1.0
Bengaluru City,Kengeri Traffic PS,1.04432e+16,2021,1,2,Road Accidents,Not Applicable,City/Town,Open area,Human Error,No,Grievous Injury,Vehicle to Vehicle,Not at  Junction,Not Applicable,Others,Bitumen(Tar),Dry,Not Applicable,Fine,Doddabasti Main Road,Sattalite Club,2.5KM,0.0,0.0,0,0,0.0,0.0
Bengaluru City,Kengeri Traffic PS,1.04432e+16,2021,1,2,Road Accidents,Not Applicable,Rural Areas,Residential area,Human Error,No,Grievous Injury,Vehicle to Vehicle,Not Applicable,Not Applicable,Others,Bitumen(Tar),Dry,Not Applicable,Fine,Kengeri Upangara Main Road,Krisna Grand Hotel,2 km,0.0,0.0,0,0,0.0,0.0
Bengaluru City,Kengeri Traffic PS,1.04432e+16,2021,1,2,Road Accidents,Not Applicable,City/Town,Open area,Human Error,No,Fatal,Vehicle to Vehicle,Not Applicable,Others,Others,Bitumen(Tar),Dry,Not Applicable,Fine,Byrohalli Road,Club,3Km,0.0,0.0,0,0,0.0,0.0
Bengaluru City,Kengeri Traffic PS,1.04432e+16,2021,1,2,Road Accidents,Not Applicable,City/Town,Residential area,Human Error,No,Damage Only,Vehicle to Vehicle,Not Applicable,Not Applicable,NH,Concrete,Dry,Pot holed,Fine,Mylasandra Main Road,Shukkuru Juntion,500mtr,0.0,0.0,5,0,0.0,5.0
Bengaluru City,Kengeri Traffic PS,1.04432e+16,2021,1,2,Road Accidents,Not Applicable,City/Town,Open area,Human Error,Yes,Fatal,Vehicle to Vehicle,Not Applicable,Not Applicable,Others,Concrete,Dry,Not Applicable,Fine,Nice Road,Gayatri Bridge,3 km,0.0,0.0,0,0,0.0,0.0
Bengaluru City,Kengeri Traffic PS,1.04432e+16,2021,1,1,Road Accidents,Curves,City/Town,Near Bus stop,Human Error,No,Simple Injury,Hit pedestrian,Not at  Junction,Sharp Curve,NH,Bitumen(Tar),Dry,Pot holed,Fine,Mysore Road,Sattalite Bus Stop,1 km,0.0,0.0,5,0,0.0,5.0
Bengaluru City,Kengeri Traffic PS,1.04432e+16,2022,1,1,Road Accidents,Not Applicable,City/Town,Residential area,Human Error,Yes,Grievous Injury,Hit pedestrian,Not at  Junction,Not Applicable,Others,Bitumen(Tar),Dry,Not Applicable,Fine,BHEL Layout Road,Annapurneswari Appartment,5KM,12.916121,77.509067,0,0,0.0,0.0
Bengaluru City,Kengeri Traffic PS,1.04432e+16,2022,1,2,Road Accidents,Not Applicable,City/Town,Open area,Human Error,No,Grievous Injury,Vehicle to Vehicle,Not at  Junction,Others,Others,Concrete,Dry,Not Applicable,Fine,R R Nagara Main Road,Full Cercle Restorent,5km,12.934235,77.531424,0,0,0.0,0.0
Bengaluru City,Kengeri Traffic PS,1.04432e+16,2022,1,1,Road Accidents,Offset,City/Town,Open area,Human Error,No,Damage Only,Not Applicable,Not at  Junction,Others,Others,Bitumen(Tar),Dry,Not Applicable,Others,R R Nagar Main Road,Top In Town,4km,12.555485,77.468863,0,0,0.0,0.0
Bengaluru City,Kengeri Traffic PS,1.04432e+16,2022,1,4,Road Accidents,Not Applicable,City/Town,Open area,Human Error,No,Fatal,Vehicle to Vehicle,Police / Manual,Incline,NH,Bitumen(Tar),Dry,Not Applicable,Fine,Mysore Main Road,Dubaspaply Junction,2Km,12.922905,77.495975,0,0,0.0,0.0
Bengaluru City,Kengeri Traffic PS,1.04432e+16,2022,1,1,Road Accidents,Offset,City/Town,Open area,Human Error,No,Grievous Injury,Not Applicable,Not at  Junction,Others,Others,Concrete,Dry,Not Applicable,Fine,Nice Road,Dsoza Bridge,6km,12.55548,77.525357,0,0,0.0,0.0
Bengaluru City,Kengeri Traffic PS,1.04432e+16,2022,1,2,Road Accidents,Narrow road,City/Town,Open area,Human Error,No,Damage Only,Vehicle to Vehicle,Not at  Junction,Hump,NH,Bitumen(Tar),Dry,Not Applicable,Fine,Mysore Main Road,H K Hospital,500mtr,12.555485,77.525357,0,0,0.0,0.0
Bengaluru City,Kengeri Traffic PS,1.04432e+16,2022,1,2,Road Accidents,Junction,City/Town,Near Bus stop,Human Error,No,Grievous Injury,Vehicle to Vehicle,Not at  Junction,Others,NH,Bitumen(Tar),Dry,Not Applicable,Fine,Mysore Main Road,Jairamdas Raily Junction,2.5KM,12.931277,77.506449,0,0,0.0,0.0
Bengaluru City,Kengeri Traffic PS,1.04432e+16,2022,1,2,Road Accidents,Not Applicable,City/Town,Open area,Human Error,Not Applicable,Grievous Injury,Vehicle to Vehicle,Not at  Junction,Others,Others,Bitumen(Tar),Dry,Not Applicable,Not Applicable,Railwy Paralol road,Apple Hair Cutting,1.5 KM,12.555488,77.525929,0,0,0.0,0.0
Bengaluru City,Kengeri Traffic PS,1.04432e+16,2022,1,2,Not Applicable,Junction,City/Town,Near Petrol Pump,Human Error,No,Simple Injury,Vehicle to Vehicle,Uncontrolled,Others,Residential Street,Surfaced,Not Applicable,Not Applicable,Clear,Kengeri Upangara Main Road,Post office,1km,12.555485,17.482567,0,0,,
Bengaluru City,Kengeri Traffic PS,1.04432e+16,2022,1,2,Road Accidents,Not Applicable,City/Town,Open area,Human Error,No,Grievous Injury,Vehicle to Vehicle,Not at  Junction,Others,NH,Bitumen(Tar),Dry,Pot holed,Fine,Mysore Main Road,Shell Petrol Bunk,0.5Km,12.906666,77.473155,5,0,0.0,5.0
Bengaluru City,Kengeri Traffic PS,1.04432e+16,2022,1,3,Road Accidents,Not Applicable,City/Town,Near School or College,Human Error,No,Fatal,Vehicle to Vehicle,Not Applicable,Others,Others,Concrete,Dry,Pot holed,Fine,Nice Road,BDA Toll,4km,12.883628,77.500799,5,0,0.0,5.0
Bengaluru City,Kengeri Traffic PS,1.04432e+16,2022,1,1,Road Accidents,Not Applicable,City/Town,Near Bus stop,Human Error,Not Applicable,Grievous Injury,Vehicle to Vehicle,Not at  Junction,Others,NH,Bitumen(Tar),Dry,Not Applicable,Fine,Mysore Main Road,Kengeri Bus Stop,1km,12.897301,77.531732,0,0,0.0,0.0
Bengaluru City,Kengeri Traffic PS,1.04432e+16,2022,1,1,Road Accidents,Not Applicable,City/Town,Open area,Human Error,Not Applicable,Grievous Injury,Hit pedestrian,Not at  Junction,Not Applicable,NH,Bitumen(Tar),Dry,Not Applicable,Fine,Mysore Main Road,Kengeri Bus Stop,0.5Km,12.913949,77.486228,0,0,0.0,0.0
Bengaluru City,Kengeri Traffic PS,1.04432e+16,2022,1,1,Road Accidents,Not Applicable,City/Town,Open area,Human Error,No,Grievous Injury,Hit bicyclist,Signals (Not working),Others,Others,Bitumen(Tar),Dry,Not Applicable,Snow,R R Bagar Main Road,TAX Office,3.5 KM,12.888366,77.525357,0,0,0.0,0.0
Bengaluru City,Kengeri Traffic PS,1.04432e+16,2022,1,1,Not Applicable,Cross roads,City/Town,Near Bus stop,Not Applicable,No,Simple Injury,Not Applicable,Not Applicable,Others,Two way,Not Applicable,Not Applicable,Not Applicable,Not Applicable,1,uttarahalli,2 KM,0.0,0.0,0,0,0.0,0.0
Bengaluru City,Kengeri Traffic PS,1.04432e+16,2022,1,2,Road Accidents,Not Applicable,City/Town,Open area,Human Error,No,Fatal,Vehicle to Vehicle,Not Applicable,Not Applicable,NH,Bitumen(Tar),Dry,Not Applicable,Fine,Mysore Road,Under Rainbow Bridge,200 mt,12.909849,77.480361,0,0,0.0,0.0
Bengaluru City,Kengeri Traffic PS,1.04432e+16,2022,1,2,Road Accidents,Not Applicable,City/Town,Near Hospital,Human Error,Not Applicable,Grievous Injury,Vehicle to Vehicle,Not at  Junction,Others,Others,Concrete,Dry,Not Applicable,Fine,R R Nagar Main Road,OLD MANIPAL HOSPITAL,5km,12.909142,77.513162,0,0,0.0,0.0
Bengaluru City,Kengeri Traffic PS,1.04432e+16,2022,1,1,Road Accidents,Not Applicable,City/Town,Near a factory industrial area,Human Error,No,Grievous Injury,Hit pedestrian,Not at  Junction,Not Applicable,Others,Surfaced,Dry,Not Applicable,Fine,Global teck Park,Coffe Day,2Km,12.555485,77.525357,0,0,,
Bengaluru City,Kengeri Traffic PS,1.04432e+16,2022,1,2,Road Accidents,Cross roads,City/Town,Near School or College,Not Applicable,Not Applicable,Simple Injury,Not Applicable,Not Applicable,Not Applicable,Not Applicable,Not Applicable,Not Applicable,Not Applicable,Others,Near Global Boys Hostial,Kerekodi,5 KM,0.0,0.0,0,0,0.0,0.0
Bengaluru City,Kengeri Traffic PS,1.04432e+16,2022,1,2,Road Accidents,Not Applicable,City/Town,Open area,Human Error,No,Fatal,Vehicle to Vehicle,Not at  Junction,Not Applicable,NH,Bitumen(Tar),Dry,Pot holed,Fine,Mysore Main Road,Infrant Decotlan,1km,0.0,0.0,5,0,0.0,5.0
Bengaluru City,Kengeri Traffic PS,1.04432e+16,2022,1,1,Road Accidents,Offset,City/Town,Open area,Human Error,No,Not Applicable,Not Applicable,Police / Manual,Others,NH,Bitumen(Tar),Dry,Not Applicable,Fine,Mysore Main Road,Mylasandra Junction,1.5,0.0,0.0,0,0,0.0,0.0
Bengaluru City,Kengeri Traffic PS,1.04432e+16,2022,1,1,Road Accidents,Narrow road,City/Town,Open area,Human Error,No,Fatal,Not Applicable,Not Applicable,Others,Expressway,Concrete,Dry,Not Applicable,Clear,Nice Road,Near Dhanayakanahalli Bridge,5km,12.937459,77.469325,0,0,0.0,0.0
Bengaluru City,Kengeri Traffic PS,1.04432e+16,2022,1,1,Road Accidents,Not Applicable,City/Town,Open area,Human Error,No,Fatal,Not Applicable,Not at  Junction,Others,Others,Concrete,Dry,Not Applicable,Fine,Nice Road,Channasandra Bridge,4km,12.903872,77.525357,0,0,0.0,0.0
Bengaluru City,Kengeri Traffic PS,1.04432e+16,2022,1,2,Road Accidents,Not Applicable,City/Town,Open area,Human Error,No,Fatal,Vehicle to Vehicle,Not Applicable,Others,Mixed,Bitumen(Tar),Dry,Not Applicable,Fine,Uttarahalli Main Road,Indraprasta Hotel,4km,12.904023,77.511723,0,0,0.0,0.0
Bengaluru City,Kengeri Traffic PS,1.04432e+16,2022,1,2,Road Accidents,Not Applicable,City/Town,Open area,Human Error,No,Grievous Injury,Vehicle to Vehicle,Not Applicable,Not Applicable,Others,Concrete,Dry,Not Applicable,Fine,Nice Road,Vrushbhavti Bridge,4km,0.0,0.0,0,0,0.0,0.0
Bengaluru City,Kengeri Traffic PS,1.04432e+16,2022,1,1,Road Accidents,Narrow road,City/Town,Open area,Human Error,Yes,Fatal,Hit pedestrian,Not Applicable,Others,Expressway,Kutcha,Others,Not Applicable,Others,Nice Road towards tumkur  Road,Near Dhanayakanahalli Bridge,3km,12.921408,77.469146,0,1,4.0,5.0
Bengaluru City,Kengeri Traffic PS,1.04432e+16,2022,1,1,Road Accidents,Not Applicable,City/Town,Open area,Human Error,No,Fatal,Hit pedestrian,Not Applicable,Others,Others,Bitumen(Tar),Dry,Not Applicable,Fine,Uttarahalli Road,Beereswara Candiments,1km,12.91063,77.486607,0,0,0.0,0.0
Bengaluru City,Kengeri Traffic PS,1.04432e+16,2022,1,2,Road Accidents,Not Applicable,Rural Areas,Open area,Human Error,Not Applicable,Simple Injury,Vehicle to Vehicle,Not Applicable,Not Applicable,Others,Concrete,Others,Not Applicable,Fine,Nice Road,Konasandr Darga,3km,12.555484,77.525511,0,1,0.0,1.0
Bengaluru City,Kengeri Traffic PS,1.04432e+16,2022,1,2,Road Accidents,Not Applicable,City/Town,Open area,Human Error,No,Fatal,Vehicle to Vehicle,Not Applicable,Others,Others,Concrete,Dry,Not Applicable,Fine,Nice Road,Kerekodi,7km,12.928142,77.531732,0,0,0.0,0.0
Bengaluru City,Kengeri Traffic PS,1.04432e+16,2022,1,1,Road Accidents,Not Applicable,City/Town,Open area,Human Error,No,Grievous Injury,Hit pedestrian,Not at  Junction,Others,Others,Bitumen(Tar),Dry,Not Applicable,Others,Kengeri Upanagar,Bethesda Church,2Km,12.92906,77.486756,0,0,0.0,0.0
Bengaluru City,Kengeri Traffic PS,1.04432e+16,2022,1,1,Road Accidents,Not Applicable,City/Town,Open area,Human Error,No,Grievous Injury,Hit pedestrian,Police / Manual,Incline,Others,Concrete,Dry,Pot holed,Others,Uttarahalli Main Road,Ambrosia Hotal,2Km,12.555485,77.468863,5,0,0.0,5.0
Bengaluru City,Kengeri Traffic PS,1.04432e+16,2022,1,3,Road Accidents,Narrow road,City/Town,Open area,Human Error,No,Fatal,Hit pedestrian,Not Applicable,Others,Others,Surfaced,Not Applicable,Not Applicable,Not Applicable,Nice Road towards Hosur Road,Near Konsandra under pass,3km,12.887039,77.485939,0,0,,
Bengaluru City,Kengeri Traffic PS,1.04432e+16,2022,1,2,Road Accidents,Not Applicable,City/Town,Near Hospital,Human Error,Yes,Fatal,Vehicle to Vehicle,Not at  Junction,Curve,NH,Bitumen(Tar),Dry,Not Applicable,Others,Mysore Main Road,Life Care Medical,500mtr,12.910465,77.484077,0,0,0.0,0.0
Bengaluru City,Kengeri Traffic PS,1.04432e+16,2022,1,2,Road Accidents,Not Applicable,City/Town,Near Hospital,Human Error,No,Grievous Injury,Vehicle to Vehicle,Uncontrolled,Others,Mixed,Bitumen(Tar),Dry,Not Applicable,Fine,Kempegouda Double Road,Olampas Artyem Hospital,4km,12.555472,77.525929,0,0,0.0,0.0
Bengaluru City,Kengeri Traffic PS,1.04432e+16,2022,1,2,Road Accidents,Junction,City/Town,Near Petrol Pump,Human Error,No,Damage Only,Vehicle to Vehicle,Police / Manual,Others,NH,Bitumen(Tar),Dry,Not Applicable,Fine,Mysore Main Road,Madhu Junction,500mtr,12.555484,77.525929,0,0,0.0,0.0
Bengaluru City,Kengeri Traffic PS,1.04432e+16,2022,1,4,Road Accidents,Not Applicable,City/Town,Open area,Human Error,No,Simple Injury,Vehicle to Vehicle,Not Applicable,Others,Others,Bitumen(Tar),Others,Not Applicable,Others,Nice Road,Near vrushabhavathi Bridge,2km,12.895767,77.47628,0,1,0.0,1.0
Bengaluru City,Kengeri Traffic PS,1.04432e+16,2022,1,2,Road Accidents,Not Applicable,City/Town,Residential area,Human Error,Not Applicable,Grievous Injury,Vehicle to Vehicle,Not at  Junction,Curve,Others,Bitumen(Tar),Not Applicable,Pot holed,Fine,Jawaregowdana Doddi Main Road,Pari Shudd Jala,6km,12.90839,77.512302,5,0,0.0,5.0
Bengaluru City,Kengeri Traffic PS,1.04432e+16,2022,1,2,Road Accidents,Not Applicable,City/Town,Near Bus stop,Human Error,Not Applicable,Grievous Injury,Vehicle to Vehicle,Police / Manual,Others,NH,Bitumen(Tar),Dry,Not Applicable,Fine,Mysore Main Road,Dubasipaly Junction,2km,12.922759,77.496062,0,0,0.0,0.0
Bengaluru City,Kengeri Traffic PS,1.04432e+16,2022,1,1,Road Accidents,Not Applicable,City/Town,Open area,Human Error,No,Grievous Injury,Hit pedestrian,Not Applicable,Others,Others,Bitumen(Tar),Dry,Not Applicable,Fine,Poonam Mall Road,PA Super Market,1.5Km,12.555485,77.525511,0,0,0.0,0.0
Bengaluru City,Kengeri Traffic PS,1.04432e+16,2022,1,2,Road Accidents,Junction,City/Town,Near office complex,Human Error,No,Grievous Injury,Vehicle to Vehicle,Not Applicable,Others,Others,Concrete,Dry,Not Applicable,Fine,Kengeri Upanagara Main Road,4th Cross Ayur Central,1km,12.887399,77.525929,0,0,0.0,0.0
Bengaluru City,Kengeri Traffic PS,1.04432e+16,2022,1,2,Road Accidents,Junction,City/Town,Open area,Human Error,Yes,Fatal,Vehicle to Vehicle,Not Applicable,Others,Others,Bitumen(Tar),Others,Not Applicable,Fine,Vrushabhavathi Bridge Nice Road,Near Vrushabhavathi Bridge,4km,12.895687,77.476268,0,1,0.0,1.0
Bengaluru City,Kengeri Traffic PS,1.04432e+16,2022,1,2,Road Accidents,Not Applicable,City/Town,Open area,Human Error,No,Grievous Injury,Vehicle to Vehicle,Not at  Junction,Others,Others,Bitumen(Tar),Dry,Drainage Ditch,Fine,Marutinagar Main Road,SLV Granite,2km,12.928357,77.474157,4,0,0.0,4.0
Bengaluru City,Kengeri Traffic PS,1.04432e+16,2022,1,2,Road Accidents,Not Applicable,City/Town,Open area,Human Error,No,Damage Only,Vehicle to Vehicle,Not at  Junction,Others,NH,Bitumen(Tar),Dry,Not Applicable,Fine,Mysore Main Road,Mylasandra Junction,2km,12.55548,77.468863,0,0,0.0,0.0
Bengaluru City,Kengeri Traffic PS,1.04432e+16,2022,1,2,Road Accidents,Not Applicable,City/Town,Open area,Human Error,No,Fatal,Vehicle to Vehicle,Not Applicable,Others,Others,Surfaced,Not Applicable,Not Applicable,Clear,Nice Road towards tumkur  Road,Near Gayathri Crusher,5km,12.915387,77.46765,0,0,,
Bengaluru City,Kengeri Traffic PS,1.04432e+16,2022,1,2,Road Accidents,Junction,City/Town,Residential area,Human Error,No,Fatal,Vehicle to Vehicle,Not Applicable,Others,Residential Street,Not Applicable,Not Applicable,Not Applicable,Clear,BHEL MAIN ROAD 1ST MAIN ROAD,Neenada samskrutha Layout,5 km,12.91715979,77.50996989,0,0,0.0,0.0
Bengaluru City,Kengeri Traffic PS,1.04432e+16,2022,1,2,Road Accidents,Not Applicable,City/Town,Open area,Human Error,No,Grievous Injury,Vehicle to Vehicle,Not Applicable,Others,Others,Concrete,Dry,Not Applicable,Fine,Nice Road,Chikkanahalli,3km,12.555485,77.525929,0,0,0.0,0.0
Bengaluru City,Kengeri Traffic PS,1.04432e+16,2022,1,2,Road Accidents,Not Applicable,Rural Areas,Open area,Not Applicable,No,Grievous Injury,Vehicle to Vehicle,Not at  Junction,Others,Others,Concrete,Others,Not Applicable,Fine,Kengeri Upanagar,Post Office,1km,0.0,0.0,0,1,0.0,1.0
Bengaluru City,Kengeri Traffic PS,1.04432e+16,2022,1,2,Road Accidents,Not Applicable,City/Town,Open area,Human Error,No,Simple Injury,Vehicle to Vehicle,Not at  Junction,Others,Others,Concrete,Dry,Drainage Ditch,Fine,Laksmi Temple Road,Near BDA Toll Nice Road,5KM,12.850214,77.589437,4,0,0.0,4.0
Bengaluru City,Kengeri Traffic PS,1.04432e+16,2022,1,2,Road Accidents,Not Applicable,City/Town,Open area,Human Error,No,Grievous Injury,Vehicle to Vehicle,Stop sign,Others,Others,Concrete,Dry,Not Applicable,Fine,Railway Parallal Road,BSNL Junction,500mtr,12.911833,77.48513,0,0,0.0,0.0
Bengaluru City,Kengeri Traffic PS,1.04432e+16,2022,1,1,Road Accidents,Not Applicable,City/Town,Open area,Human Error,No,Fatal,Hit pedestrian,Not Applicable,Others,Others,Bitumen(Tar),Dry,Not Applicable,Fine,Gankal Main Road,Samkramti Daba,3.5km,12.897301,77.512424,0,0,0.0,0.0
Bengaluru City,Kengeri Traffic PS,1.04432e+16,2022,1,1,Road Accidents,Offset,City/Town,Open area,Human Error,No,Fatal,Not Applicable,Not at  Junction,Curve,Residential Street,Concrete,Dry,Not Applicable,Fine,BDA Layout,Nice Office Back Gate,2km,12.882088,77.497582,0,0,0.0,0.0
Bengaluru City,Kengeri Traffic PS,1.04432e+16,2022,1,1,Road Accidents,Not Applicable,City/Town,Open area,Human Error,No,Grievous Injury,Not Applicable,Not Applicable,Others,NH,Concrete,Dry,Not Applicable,Fine,Mysore Main Road,Tru Walue,2km,12.927895,77.502428,0,0,0.0,0.0
Bengaluru City,Kengeri Traffic PS,1.04432e+16,2022,1,2,Rail Road Accidents,Not Applicable,City/Town,Open area,Human Error,Not Applicable,Grievous Injury,Vehicle to Vehicle,Not at  Junction,Others,Others,Concrete,Dry,Not Applicable,Fine,Nice Road,Mysore Road Exit,2Km,12.555484,77.525929,0,0,0.0,0.0
Bengaluru City,Kengeri Traffic PS,1.04432e+16,2022,1,2,Road Accidents,Not Applicable,City/Town,Open area,Human Error,No,Damage Only,Vehicle to Vehicle,Stop sign,Others,NH,Concrete,Dry,Not Applicable,Fine,Nice Road,Nice Office,3km,12.555484,77.525929,0,0,0.0,0.0
Bengaluru City,Kengeri Traffic PS,1.04432e+16,2022,1,2,Road Accidents,Not Applicable,City/Town,Open area,Not Applicable,No,Grievous Injury,Vehicle to Vehicle,Police / Manual,Others,NH,Bitumen(Tar),Dry,Not Applicable,Fine,Mysore Main Road,Puma Showroom,3km,12.930563,77.506123,0,0,0.0,0.0
Bengaluru City,Kengeri Traffic PS,1.04432e+16,2022,1,3,Road Accidents,Not Applicable,City/Town,Open area,Human Error,No,Damage Only,Vehicle to Vehicle,Not Applicable,Others,NH,Bitumen(Tar),Dry,Pot holed,Fine,Mysore Road,BMTC Dipo Gate,1.5KM,12.895687,77.469313,5,0,0.0,5.0
Bengaluru City,Kengeri Traffic PS,1.04432e+16,2022,1,2,Road Accidents,Narrow road,City/Town,Open area,Human Error,No,Fatal,Vehicle to Vehicle,Not at  Junction,Curve,Others,Bitumen(Tar),Dry,Not Applicable,Fine,Nice Road,Komaghatta Bridge,3.6KM,12.913948,77.467469,0,0,0.0,0.0
Bengaluru City,Kengeri Traffic PS,1.04432e+16,2022,1,2,Road Accidents,Not Applicable,City/Town,Open area,Human Error,Not Applicable,Simple Injury,Vehicle to Vehicle,Police / Manual,Others,Others,Concrete,Dry,Not Applicable,Fine,Uttarahalli Main Road,Indraprasta,3km,12.904046,77.511839,0,0,0.0,0.0
Bengaluru City,Kengeri Traffic PS,1.04432e+16,2022,1,1,Road Accidents,Not Applicable,City/Town,Open area,Human Error,No,Fatal,Hit pedestrian,Not at  Junction,Others,Others,Bitumen(Tar),Dry,Not Applicable,Fine,Uttarahalli Main Road,Sri Ram temple,4.5km,12.903238,77.51659,0,0,0.0,0.0
Bengaluru City,Kengeri Traffic PS,1.04432e+16,2022,1,1,Road Accidents,Not Applicable,City/Town,Open area,Not Applicable,Yes,Damage Only,Not Applicable,Police / Manual,Others,NH,Bitumen(Tar),Dry,Not Applicable,Others,Mysore Main Road,Mylasandra Junction,1.5 KM,12.888366,77.525357,0,0,0.0,0.0
Bengaluru City,Kengeri Traffic PS,1.04432e+16,2022,1,2,Road Accidents,Not Applicable,City/Town,Residential area,Human Error,No,Grievous Injury,Vehicle to Vehicle,Not at  Junction,Incline,Others,Bitumen(Tar),Dry,Not Applicable,Fine,R R Nagar BEML 6th Cross,House No 956,4.5km,12.555488,77.525929,0,0,0.0,0.0
Bengaluru City,Kengeri Traffic PS,1.04432e+16,2022,1,2,Road Accidents,Not Applicable,City/Town,Open area,Human Error,Not Applicable,Grievous Injury,Vehicle to Vehicle,Police / Manual,Not Applicable,Mixed,Bitumen(Tar),Dry,Pot holed,Fine,Sridhar Gudda Main Road,Vanya SG Appartment,2Km,12.555488,77.525929,5,0,0.0,5.0
Bengaluru City,Kengeri Traffic PS,1.04432e+16,2022,1,2,Road Accidents,Not Applicable,City/Town,Open area,Human Error,No,Grievous Injury,Vehicle to Vehicle,Not at  Junction,Others,Others,Concrete,Dry,Not Applicable,Fine,R R Nagara Main Road,Lakshmi Clinic,6km,12.912136,77.513619,0,0,0.0,0.0
Bengaluru City,Kengeri Traffic PS,1.04432e+16,2022,1,1,Road Accidents,Not Applicable,City/Town,Residential area,Human Error,No,Simple Injury,Not Applicable,Not Applicable,Not Applicable,Residential Street,Bitumen(Tar),Dry,Not Applicable,Fine,Doddabasti Main Road,Etto Basavanna Cercle Club,4km,0.0,0.0,0,0,0.0,0.0
Bengaluru City,Kengeri Traffic PS,1.04432e+16,2022,1,1,Road Accidents,Offset,City/Town,Near Bus stop,Human Error,No,Fatal,Not Applicable,Stop sign,Others,NH,Bitumen(Tar),Dry,Not Applicable,Fine,Mylasandra Main Road,Kengeri Bus Stop,0.5km,12.914324,77.486904,0,0,0.0,0.0