DISTRICTNAME,UNITNAME,Crime_No,Year,RI,Noofvehicle_involved,Accident_Classification,Accident_Spot,Accident_Location,Accident_SubLocation,Main_Cause,Hit_Run,Severity,Collision_Type,Junction_Control,Road_Character,Road_Type,Surface_Type,Surface_Condition,Road_Condition,Weather,Accident_Road,Landmark_first,Distance_LandMark_First,Latitude,Longitude,Road_Condition_Score,Surface_Condition_Score,Surface_Type_Score,Road_Risk_Index
Bengaluru City,Kengeri Traffic PS,1.04432e+16,2022,1,2,Road Accidents,Not Applicable,City/Town,Residential area,Human Error,No,Fatal,Vehicle to Vehicle,Not Applicable,Hump,NH,Bitumen(Tar),Dry,Not Applicable,Fine,Mysore Main Road,BDA Appartment,1 Km,12.921789,77.493914,0,0,0.0,0.0
Bengaluru City,Kengeri Traffic PS,1.04432e+16,2022,1,1,Road Accidents,Offset,City/Town,Open area,Human Error,No,Damage Only,Not Applicable,Not at  Junction,Others,Others,Bitumen(Tar),Dry,Not Applicable,Fine,Nice Road,Gayatri Bridge,2km,12.919398,77.468863,0,0,0.0,0.0
Bengaluru City,Kengeri Traffic PS,1.04432e+16,2022,1,1,Road Accidents,Offset,City/Town,Open area,Human Error,No,Damage Only,Vehicle to Vehicle,Not Applicable,Others,Others,Bitumen(Tar),Dry,Pot holed,Fine,Uttarahalli Road,Muniraju Home,3km,12.926249,77.488192,5,0,0.0,5.0
Bengaluru City,Kengeri Traffic PS,1.04432e+16,2022,1,2,Road Accidents,Not Applicable,City/Town,Open area,Not Applicable,No,Simple Injury,Vehicle to Vehicle,Police / Manual,Others,Others,Bitumen(Tar),Dry,Not Applicable,Fine,80Feet Road,NPS School,2km,0.0,0.0,0,0,0.0,0.0
Bengaluru City,Kengeri Traffic PS,1.04432e+16,2022,1,1,Road Accidents,Offset,City/Town,Open area,Human Error,No,Grievous Injury,Not Applicable,Police / Manual,Incline,Others,Concrete,Dry,Not Applicable,Fine,Nice Road,Gaytri Crusher,2km,0.0,0.0,0,0,0.0,0.0
Bengaluru City,Kengeri Traffic PS,1.04432e+16,2022,1,1,Road Accidents,Junction,City/Town,Near Bus stop,Human Error,No,Grievous Injury,Not Applicable,Police / Manual,Others,Others,Concrete,Dry,No influence on accident,Fine,Kengeri Upanagara Main Road,Shankarnag Cercle,2Km,12.883628,77.531732,0,0,0.0,0.0
Bengaluru City,Kengeri Traffic PS,1.04432e+16,2022,1,2,Rail Road Accidents,Junction,City/Town,Near Bus stop,Human Error,No,Damage Only,Vehicle to Vehicle,Police / Manual,Curve,NH,Bitumen(Tar),Dry,Not Applicable,Fine,Mysore Main Road,MBR Appartment,1.5 KM,12.555488,77.525929,0,0,0.0,0.0
Bengaluru City,Kengeri Traffic PS,1.04432e+16,2022,1,2,Road Accidents,Not Applicable,City/Town,Open area,Human Error,Yes,Grievous Injury,Vehicle to Vehicle,Not at  Junction,Others,Others,Concrete,Dry,Not Applicable,Fine,Kengeri Upanagara Main Road,Shirke Arch,3km,0.0,0.0,0,0,0.0,0.0
Bengaluru City,Kengeri Traffic PS,1.04432e+16,2022,1,1,Road Accidents,Not Applicable,City/Town,Residential area,Human Error,No,Fatal,Hit pedestrian,Not at  Junction,Others,Residential Street,Kutcha,Muddy,Pot holed,Fine,Sabhavana Church Road,House No 65,2.5KM,12.910268,77.490226,5,4,4.0,13.0
Bengaluru City,Kengeri Traffic PS,1.04432e+16,2022,1,2,Road Accidents,Not Applicable,City/Town,Open area,Human Error,No,Grievous Injury,Vehicle to Vehicle,Not at  Junction,Not Applicable,Others,Bitumen(Tar),Dry,Pot holed,Fine,Lakshmi Temple road,Rashtrothan School Road,2Km,12.555485,77.525929,5,0,0.0,5.0
Bengaluru City,Kengeri Traffic PS,1.04432e+16,2022,1,1,Road Accidents,Not Applicable,City/Town,Open area,Not Applicable,Not Applicable,Grievous Injury,Hit pedestrian,Not at  Junction,Others,Others,Bitumen(Tar),Dry,Not Applicable,Others,Kodipalay Main Road,Balakrishna Cercle,1.5Km,12.555488,17.486317,0,0,0.0,0.0
Bengaluru City,Kengeri Traffic PS,1.04432e+16,2022,1,2,Road Accidents,Not Applicable,City/Town,Open area,Human Error,Not Applicable,Simple Injury,Vehicle to Vehicle,Police / Manual,Others,Others,Concrete,Dry,Not Applicable,Snow,Nice Road,Byrohalli Under Pass,2.5KM,12.555485,77.525511,0,0,0.0,0.0
Bengaluru City,Kengeri Traffic PS,1.04432e+16,2022,1,2,Road Accidents,Junction,City/Town,Residential area,Human Error,No,Simple Injury,Vehicle to Vehicle,Not Applicable,Incline,Others,Bitumen(Tar),Dry,Not Applicable,Fine,Kempegouda Double Road,Pannaga Arcade,6km,0.0,0.0,0,0,0.0,0.0
Bengaluru City,Kengeri Traffic PS,1.04432e+16,2022,1,2,Road Accidents,Not Applicable,City/Town,Open area,Human Error,No,Simple Injury,Vehicle to Vehicle,Not at  Junction,Others,One way,Concrete,Dry,Pot holed,Fine,Nice Road,Rudresh Home,4 KM,0.0,0.0,5,0,0.0,5.0
Bengaluru City,Kengeri Traffic PS,1.04432e+16,2022,1,2,Road Accidents,Not Applicable,City/Town,Open area,Human Error,Yes,Fatal,Vehicle to Vehicle,Not at  Junction,Others,Expressway,Bitumen(Tar),Dry,Not Applicable,Fine,Nice Road,Railway Bridge,2km,12.907015,77.468912,0,0,0.0,0.0
Bengaluru City,Kengeri Traffic PS,1.04432e+16,2022,1,1,Road Accidents,Offset,City/Town,Near Bus stop,Human Error,No,Damage Only,Not Applicable,Not at  Junction,Incline,Others,Bitumen(Tar),Dry,Not Applicable,Fine,RR Nagara Main Road,BMTC JUNCTIOn,6km,12.892488,77.469312,0,0,0.0,0.0
Bengaluru City,Kengeri Traffic PS,1.04432e+16,2022,1,2,Road Accidents,Not Applicable,City/Town,Open area,Human Error,No,Fatal,Vehicle to Vehicle,Not Applicable,Others,Others,Concrete,Dry,Pot holed,Fine,Nice Road,Vrushbhavti bridge,3 km,12.89535,77.476742,5,0,0.0,5.0
Bengaluru City,Kengeri Traffic PS,1.04432e+16,2022,1,1,Road Accidents,Not Applicable,City/Town,Open area,Human Error,Not Applicable,Fatal,Not Applicable,Signals (Not working),Not Applicable,Others,Concrete,Dry,Pot holed,Fine,Nice Road,Kempamma Temple Tolla,2km,12.901781,77.470602,5,0,0.0,5.0
Bengaluru City,Kengeri Traffic PS,1.04432e+16,2022,1,1,Road Accidents,Not Applicable,City/Town,Near School or College,Human Error,No,Grievous Injury,Hit pedestrian,Not at  Junction,Others,Others,Concrete,Dry,Not Applicable,Fine,Jnanakhsi School Road,Medplus,5km,12.897301,77.512424,0,0,0.0,0.0
Bengaluru City,Kengeri Traffic PS,1.04432e+16,2022,1,2,Road Accidents,Not Applicable,City/Town,Open area,Human Error,No,Grievous Injury,Vehicle to Vehicle,No signal lights,Others,Others,Bitumen(Tar),Dry,Not Applicable,Fine,Kommaghatta Main Road,Bande Matha Arch,1.5 KM,12.919029,77.477441,0,0,0.0,0.0
Bengaluru City,Kengeri Traffic PS,1.04432e+16,2022,1,2,Road Accidents,Not Applicable,City/Town,Open area,Human Error,Not Applicable,Damage Only,Vehicle to Vehicle,Not at  Junction,Not Applicable,Others,Concrete,Dry,Not Applicable,Flooding of Slipways/Rivulets,Nice Road,Mysore Road Exit Toll,2Km,12.897301,77.525357,0,0,0.0,0.0
Bengaluru City,Kengeri Traffic PS,1.04432e+16,2022,1,2,Road Accidents,Not Applicable,City/Town,Near Hospital,Human Error,No,Grievous Injury,Vehicle to Vehicle,Not at  Junction,Others,NH,Bitumen(Tar),Dry,Drainage Ditch,Others,Mysore Main Road,H K Hospital,500mtr,12.887399,77.525357,4,0,0.0,4.0
Bengaluru City,Kengeri Traffic PS,1.04432e+16,2022,1,2,Road Accidents,Junction,City/Town,Residential area,Human Error,No,Grievous Injury,Vehicle to Vehicle,Police / Manual,Others,Others,Bitumen(Tar),Dry,Not Applicable,Fine,Kempegowda Double Road,SLV Engniears Work,4.5 KM,12.555485,77.469359,0,0,0.0,0.0
Bengaluru City,Kengeri Traffic PS,1.04432e+16,2022,1,2,Road Accidents,Not Applicable,City/Town,Near School or College,Human Error,Not Applicable,Grievous Injury,Vehicle to Vehicle,Not Applicable,Others,Others,Bitumen(Tar),Dry,Not Applicable,Fine,Bharavanagara Road,Jnanabhodini School,2Km,12.927895,77.525511,0,0,0.0,0.0
Bengaluru City,Kengeri Traffic PS,1.04432e+16,2022,1,2,Not Applicable,Not Applicable,City/Town,Open area,Human Error,No,Damage Only,Vehicle to Vehicle,Not at  Junction,Dip or trough,Others,Bitumen(Tar),Dry,Pot holed,Fine,Uttarahalli Main Road,Shrinidhi Part Hall,2.5KM,12.928142,77.525929,5,0,0.0,5.0
Bengaluru City,Kengeri Traffic PS,1.04432e+16,2022,1,1,Road Accidents,Not Applicable,City/Town,Near Bus stop,Human Error,Not Applicable,Grievous Injury,Hit pedestrian,Not at  Junction,Others,NH,Bitumen(Tar),Dry,Not Applicable,Others,Mysure Main Road,White Palace,1.5Km,12.926457,77.500487,0,0,0.0,0.0
Bengaluru City,Kengeri Traffic PS,1.04432e+16,2022,1,1,Road Accidents,Cross roads,City/Town,Near School or College,Human Error,No,Fatal,Not Applicable,Not Applicable,Curve,Not Applicable,Not Applicable,Others,Not Applicable,Not Applicable,Railway Paralor Road,NPS School,1km,0.0,0.0,0,1,0.0,1.0
Bengaluru City,Kengeri Traffic PS,1.04432e+16,2022,1,1,Road Accidents,Not Applicable,City/Town,Open area,Human Error,No,Damage Only,Not Applicable,Police / Manual,Not Applicable,NH,Bitumen(Tar),Dry,Pot holed,Fine,Mysore Main Road,Near VRL Gate,2.5KM,12.924213,77.498295,5,0,0.0,5.0
Bengaluru City,Kengeri Traffic PS,1.04432e+16,2022,1,2,Road Accidents,Offset,City/Town,Near Hospital,Human Error,No,Grievous Injury,Vehicle to Vehicle,Not at  Junction,Others,Others,Bitumen(Tar),Dry,Not Applicable,Fine,Railwy Paralol road,Dr Suhasini Hospital,1.5Km,12.883628,77.512302,0,0,0.0,0.0
Bengaluru City,Kengeri Traffic PS,1.04432e+16,2022,1,2,Rail Road Accidents,Not Applicable,Rural Areas,Open area,Human Error,No,Fatal,Vehicle to Vehicle,Not at  Junction,Others,Others,Concrete,Dry,Not Applicable,Fine,Nice Road,Chikkanahalli,6km,12.933572,77.469359,0,0,0.0,0.0
Bengaluru City,Kengeri Traffic PS,1.04432e+16,2022,1,1,Road Accidents,Not Applicable,City/Town,Near Bus stop,Human Error,No,Simple Injury,Hit pedestrian,Not at  Junction,Others,NH,Bitumen(Tar),Dry,Not Applicable,Fine,Mysore Main Road,Dubasipaly Junction,2km,0.0,0.0,0,0,0.0,0.0
Bengaluru City,Kengeri Traffic PS,1.04432e+16,2022,1,3,Road Accidents,Not Applicable,City/Town,Open area,Human Error,Not Applicable,Damage Only,Vehicle to Vehicle,Stop sign,Others,Others,Concrete,Dry,Not Applicable,Fine,Nice Road,Infrant Nice Office,2.5KM,12.555488,77.525929,0,0,0.0,0.0
Bengaluru City,Kengeri Traffic PS,1.04432e+16,2022,1,2,Road Accidents,Not Applicable,City/Town,Near Bus stop,Not Applicable,No,Fatal,Not Applicable,Not Applicable,Others,NH,Not Applicable,Dry,No influence on accident,Others,Bengalore Mysore Road,in frent of Kenegri PS,1,12.91026,77.481538,0,0,0.0,0.0
Bengaluru City,Kengeri Traffic PS,1.04432e+16,2022,1,1,Road Accidents,Offset,City/Town,Open area,Human Error,No,Fatal,Not Applicable,Not at  Junction,Others,Others,Bitumen(Tar),Dry,Not Applicable,Fine,Maruti Nagara Main Road,SLV Water Service Office,2km,12.929884,77.474738,0,0,0.0,0.0
Bengaluru City,Kengeri Traffic PS,1.04432e+16,2022,1,1,Road Accidents,Offset,Rural Areas,Open area,Human Error,Not Applicable,Fatal,Not Applicable,Not at  Junction,Incline,NH,Bitumen(Tar),Dry,No influence on accident,Fine,Mysore Road,Near Metro Piller No 711,2 km,12.905236,77.471556,0,0,0.0,0.0
Bengaluru City,Kengeri Traffic PS,1.04432e+16,2022,1,2,Road Accidents,Not Applicable,City/Town,Open area,Human Error,No,Grievous Injury,Vehicle to Vehicle,Not at  Junction,Others,Others,Concrete,Dry,Not Applicable,Others,Nice Road,Komaghatta Bridge,6km,12.919288,77.468773,0,0,0.0,0.0
Bengaluru City,Kengeri Traffic PS,1.04432e+16,2022,1,1,Road Accidents,Not Applicable,City/Town,Open area,Human Error,No,Grievous Injury,Not Applicable,Not at  Junction,Others,Others,Concrete,Dry,Not Applicable,Fine,Nice Road,Konasandr Darga,3.5 KM,12.882088,77.531732,0,0,0.0,0.0
Bengaluru City,Kengeri Traffic PS,1.04432e+16,2022,1,1,Road Accidents,Not Applicable,City/Town,Residential area,Human Error,No,Grievous Injury,Hit bicyclist,Police / Manual,Not Applicable,Others,Bitumen(Tar),Dry,Not Applicable,Fine,Crazy Park,Creazy park,4km,12.933572,77.525929,0,0,0.0,0.0
Bengaluru City,Kengeri Traffic PS,1.04432e+16,2022,1,2,Road Accidents,Narrow road,City/Town,Open area,Not Applicable,No,Simple Injury,Vehicle to Vehicle,Not Applicable,Not Applicable,Expressway,Concrete,Dry,Not Applicable,Fine,Nice Road,Rushabhavathi Bridge,3km,12.555484,77.525929,0,0,0.0,0.0
Bengaluru City,Kengeri Traffic PS,1.04432e+16,2022,1,2,Road Accidents,Not Applicable,City/Town,Open area,Human Error,No,Damage Only,Vehicle to Vehicle,Not at  Junction,Curve,Others,Bitumen(Tar),Dry,Not Applicable,Fine,SSNMC Hospital Road,R R Vatika Hotel,6 KM,12.926064,77.517882,0,0,0.0,0.0
Bengaluru City,Kengeri Traffic PS,1.04432e+16,2022,1,2,Road Accidents,Not Applicable,City/Town,Open area,Human Error,Not Applicable,Grievous Injury,Vehicle to Vehicle,Police / Manual,Incline,Others,Concrete,Dry,Not Applicable,Fine,Nice Road,Hemmigepura Bridge,5km,12.880704,77.496959,0,0,0.0,0.0
Bengaluru City,Kengeri Traffic PS,1.04432e+16,2022,1,2,Road Accidents,Not Applicable,Rural Areas,Open area,Human Error,No,Damage Only,Vehicle to Vehicle,Not at  Junction,Not Applicable,Others,Bitumen(Tar),Dry,Not Applicable,Fine,Uttarahalli Road,Srinivas Pura Cross,4km,12.850219,77.468863,0,0,0.0,0.0
Bengaluru City,Kengeri Traffic PS,1.04432e+16,2022,1,2,Road Accidents,Not Applicable,City/Town,Open area,Human Error,No,Simple Injury,Vehicle to Vehicle,Police / Manual,Others,Others,Concrete,Dry,Pot holed,Fine,Nice Road,Nice Office,4km,0.0,0.0,5,0,0.0,5.0
Bengaluru City,Kengeri Traffic PS,1.04432e+16,2022,1,3,Road Accidents,Not Applicable,City/Town,Near Bus stop,Human Error,No,Fatal,Vehicle to Vehicle,Not at  Junction,Others,NH,Bitumen(Tar),Dry,Drainage Ditch,Fine,Mysore Main Road,Kia Showroom,2km,12.922719,77.495941,4,0,0.0,4.0
Bengaluru City,Kengeri Traffic PS,1.04432e+16,2022,1,2,Road Accidents,Not Applicable,City/Town,Open area,Human Error,Yes,Simple Injury,Vehicle to Vehicle,Not at  Junction,Others,Others,Concrete,Dry,Not Applicable,Fine,Nice Road,Komaghatta lake,3km,12.914818,77.467469,0,0,0.0,0.0
Bengaluru City,Kengeri Traffic PS,1.04432e+16,2022,1,1,Road Accidents,Offset,Rural Areas,Open area,Human Error,No,Simple Injury,Not Applicable,Police / Manual,Others,Others,Bitumen(Tar),Dry,Pot holed,Fine,Gandhinagar,Near Muneswara Temple,2Km,12.555488,77.525929,5,0,0.0,5.0
Bengaluru City,Kengeri Traffic PS,1.04432e+16,2022,1,2,Road Accidents,Junction,City/Town,Near office complex,Human Error,No,Grievous Injury,Vehicle to Vehicle,No signal lights,Others,Others,Bitumen(Tar),Dry,Not Applicable,Fine,R R Nagar Main Road,3rd Cross,4km,12.928142,77.525511,0,0,0.0,0.0
Bengaluru City,Kengeri Traffic PS,1.04432e+16,2022,1,3,Road Accidents,Junction,City/Town,Narrow bridge or culverts,Human Error,No,Fatal,Vehicle to Vehicle,Not Applicable,Others,Others,Concrete,Not Applicable,Not Applicable,Clear,Nice Road,NEAR RAILVE BRIDGE,2km,12.907247,77.468778,0,0,0.0,0.0
Bengaluru City,Kengeri Traffic PS,1.04432e+16,2022,1,1,Road Accidents,Not Applicable,City/Town,Residential area,Human Error,No,Grievous Injury,Hit pedestrian,Not Applicable,Others,Others,Concrete,Dry,Not Applicable,Fine,R R Nagar 12th Cross Road,Hosue No99,5km,12.92344,77.52218,0,0,0.0,0.0
Bengaluru City,Kengeri Traffic PS,1.04432e+16,2022,1,1,Road Accidents,Not Applicable,City/Town,Near Bus stop,Not Applicable,No,Grievous Injury,Vehicle to Vehicle,Controlled,Not Applicable,Not Applicable,Not Applicable,Not Applicable,Not Applicable,Clear,Mysore Main Road,1,0.5KM,12.927895,77.525511,0,0,0.0,0.0
Bengaluru City,Kengeri Traffic PS,1.04432e+16,2022,1,1,Road Accidents,Junction,City/Town,Near Bus stop,Human Error,No,Simple Injury,Hit pedestrian,Uncontrolled,Not Applicable,NH,Not Applicable,Not Applicable,Not Applicable,Clear,Mysore Road,Police Station,0.1km,0.0,0.0,0,0,0.0,0.0
Bengaluru City,Kengeri Traffic PS,1.04432e+16,2023,1,1,Road Accidents,Not Applicable,City/Town,Open area,Human Error,No,Grievous Injury,Hit pedestrian,Not at  Junction,Others,Others,Bitumen(Tar),Dry,Not Applicable,Snow,R R Nagar Main Road,Davanagere Benne Dose,4km,12.934235,77.525929,0,0,0.0,0.0
Bengaluru City,Kengeri Traffic PS,1.04432e+16,2023,1,2,Road Accidents,Not Applicable,City/Town,Open area,Human Error,No,Grievous Injury,Vehicle to Vehicle,Not Applicable,Not Applicable,Others,Bitumen(Tar),Dry,Not Applicable,Others,Ganakal Road,Ganakal Road Nice road Bridge,5 km,0.0,0.0,0,0,0.0,0.0
Bengaluru City,Kengeri Traffic PS,1.04432e+16,2023,1,2,Road Accidents,Not Applicable,City/Town,Open area,Not Applicable,No,Simple Injury,Vehicle to Vehicle,Not at  Junction,Others,Others,Bitumen(Tar),Dry,Not Applicable,Fine,Marutinagar Main Road,MRP Bar,4km,0.0,0.0,0,0,0.0,0.0
Bengaluru City,Kengeri Traffic PS,1.04432e+16,2023,1,1,Road Accidents,Not Applicable,City/Town,Open area,Human Error,Not Applicable,Grievous Injury,Hit pedestrian,Not at  Junction,Others,Others,Bitumen(Tar),Dry,Not Applicable,Fine,Prakruthi Park,Prakurthi Park,6km,0.0,0.0,0,0,0.0,0.0
Bengaluru City,Kengeri Traffic PS,1.04432e+16,2023,1,1,Road Accidents,Junction,City/Town,Near Bus stop,Human Error,Yes,Fatal,Hit pedestrian,Police / Manual,Others,Not Applicable,Concrete,Others,Not Applicable,Clear,80 ft RING ROAD,KENCHANAPURA CROSS,3KM,12.941547,77.49355,0,1,0.0,1.0
Bengaluru City,Kengeri Traffic PS,1.04432e+16,2023,1,2,Road Accidents,Not Applicable,City/Town,Open area,Human Error,No,Grievous Injury,Vehicle to Vehicle,Not at  Junction,Others,Others,Bitumen(Tar),Dry,Not Applicable,Others,Manganahalli Mauin Road,SIR M V Cercle,4km,12.883628,77.46886,0,0,0.0,0.0
Bengaluru City,Kengeri Traffic PS,1.04432e+16,2023,1,2,Road Accidents,Not Applicable,City/Town,Open area,Not Applicable,No,Not Applicable,Vehicle to Vehicle,Not at  Junction,Others,Others,Bitumen(Tar),Dry,Drainage Ditch,Others,Global Village Back Gate,Reliance Store,2Km,12.904013,77.474355,4,0,0.0,4.0
Bengaluru City,Kengeri Traffic PS,1.04432e+16,2023,1,2,Road Accidents,Junction,City/Town,Open area,Human Error,Not Applicable,Grievous Injury,Vehicle to Vehicle,Police / Manual,Not Applicable,Others,Bitumen(Tar),Dry,Not Applicable,Others,Kengeri Upanagara,Belaku Kannina Hospital,500mtr,12.30038,77.514937,0,0,0.0,0.0
Bengaluru City,Kengeri Traffic PS,1.04432e+16,2023,1,1,Road Accidents,Narrow road,City/Town,Open area,Human Error,No,Fatal,Not Applicable,Uncontrolled,Not Applicable,Others,Bitumen(Tar),Others,Not Applicable,Others,GLOBAL VILLAGE BACK GATE ROAD,TURAHALLI FOREST,2KM,12.909049,77.499644,0,1,0.0,1.0
Bengaluru City,Kengeri Traffic PS,1.04432e+16,2023,1,1,Road Accidents,Road hump or Rumble strips,City/Town,Near office complex,Human Error,No,Fatal,Not Applicable,Controlled,Not Applicable,Others,Bitumen(Tar),Dry,No influence on accident,Clear,KLE COLLEGE MAIN ROAD,Jai Bharath Iron and Steel Company,6 KM,12.951824,77.477423,0,0,0.0,0.0
Bengaluru City,Kengeri Traffic PS,1.04432e+16,2023,1,1,Road Accidents,Not Applicable,City/Town,Open area,Not Applicable,No,Grievous Injury,Hit pedestrian,Not Applicable,Others,NH,Bitumen(Tar),Dry,Not Applicable,Fine,Mysure Main Road,White Palace,2.5KM,12.926272,77.500248,0,0,0.0,0.0
Bengaluru City,Kengeri Traffic PS,1.04432e+16,2023,1,2,Road Accidents,Junction,City/Town,Open area,Human Error,No,Grievous Injury,Vehicle to Vehicle,Signals (Not working),Others,Others,Concrete,Dry,Not Applicable,Fine,R R Nagar Main Road,BDA Double Road,5km,12.904701,77.470602,0,0,0.0,0.0
Bengaluru City,Kengeri Traffic PS,1.04432e+16,2023,1,2,Road Accidents,Not Applicable,City/Town,Open area,Human Error,Not Applicable,Not Applicable,Vehicle to Vehicle,Not at  Junction,Others,Others,Bitumen(Tar),Dry,Not Applicable,Fine,Manganahalli Main Road,House No 229,2Km,12.970967,77.673108,0,0,0.0,0.0
Bengaluru City,Kengeri Traffic PS,1.04432e+16,2023,1,21,Not Applicable,Not Applicable,City/Town,Near Hospital,Not Applicable,Not Applicable,Grievous Injury,Not Applicable,Not Applicable,Not Applicable,Two way,Gravel,Dry,Not Applicable,Clear,RR Nagara Main Road,Near Sparsha Hospita,5km,12.555484,77.469359,0,0,3.0,3.0
Bengaluru City,Kengeri Traffic PS,1.04432e+16,2023,1,1,Road Accidents,Not Applicable,City/Town,Open area,Not Applicable,No,Simple Injury,Hit pedestrian,Not at  Junction,Not Applicable,State Highway,Not Applicable,Not Applicable,Not Applicable,Fine,Nice Road,Nice Office,5 KM,12.555485,77.525511,0,0,0.0,0.0
Bengaluru City,Kengeri Traffic PS,1.04432e+16,2023,1,2,Road Accidents,Not Applicable,City/Town,Near School or College,Not Applicable,No,Simple Injury,Vehicle to Vehicle,Controlled,Not Applicable,Two way,Not Applicable,Others,Not Applicable,Fine,Mysore Main Road,Jnanabbharathi Campus,3 KM,0.0,0.0,0,1,0.0,1.0
Bengaluru City,Kengeri Traffic PS,1.04432e+16,2023,1,1,Road Accidents,Junction,City/Town,Open area,Not Applicable,No,Fatal,Hit pedestrian,Controlled,Not Applicable,Two way,Not Applicable,Not Applicable,Not Applicable,Clear,RR Nagara Main Road,1,5 km,0.0,0.0,0,0,0.0,0.0
Bengaluru City,Kengeri Traffic PS,1.04432e+16,2023,1,2,Road Accidents,Cross roads,City/Town,Open area,Not Applicable,No,Simple Injury,Vehicle to Vehicle,Controlled,Curve,State Highway,Not Applicable,Not Applicable,Not Applicable,Clear,Near Jnanabharathi Juction,1,3 Km,12.934231,77.525929,0,0,0.0,0.0
Bengaluru City,Kengeri Traffic PS,1.04432e+16,2023,1,2,Road Accidents,Cross roads,City/Town,Open area,Not Applicable,No,Fatal,Vehicle to Vehicle,Controlled,Not Applicable,Two way,Not Applicable,Not Applicable,Not Applicable,Clear,RR Nagara,1,5 Km,0.0,0.0,0,0,0.0,0.0
Bengaluru City,Kengeri Traffic PS,1.04432e+16,2023,1,2,Not Applicable,Not Applicable,City/Town,Open area,Not Applicable,No,Damage Only,Not Applicable,Not Applicable,Not Applicable,Not Applicable,Not Applicable,Not Applicable,Not Applicable,Not Applicable,Mariyappanalya,Near tempal,5 Km,0.0,0.0,0,0,0.0,0.0
Bengaluru City,Kengeri Traffic PS,1.04432e+16,2023,1,2,Road Accidents,Narrow road,City/Town,Open area,Human Error,No,Fatal,Vehicle to Vehicle,Uncontrolled,Not Applicable,Two way,Bitumen(Tar),Not Applicable,Construction Work / Material,Others,Uttarhalli Main Road,VV CONVENTION HALL,4 KM,12.903757,77.514118,2,0,0.0,2.0
Bengaluru City,Kengeri Traffic PS,1.04432e+16,2023,1,1,Road Accidents,Not Applicable,City/Town,Open area,Human Error,Not Applicable,Grievous Injury,Hit pedestrian,Not Applicable,Not Applicable,Others,Bitumen(Tar),Dry,Not Applicable,Fine,MV Layout 60ft Road,Durga Treders,5 km,0.0,0.0,0,0,0.0,0.0
Bengaluru City,Kengeri Traffic PS,1.04432e+16,2023,1,2,Road Accidents,Curves,City/Town,Open area,Human Error,No,Grievous Injury,Vehicle to Vehicle,Not at  Junction,Others,Others,Bitumen(Tar),Dry,Not Applicable,Fine,Jawaregowdana Doddi Main Road,Shudda Kudiyuva jala,5km,12.555472,77.46886,0,0,0.0,0.0
Bengaluru City,Kengeri Traffic PS,1.04432e+16,2023,1,2,Road Accidents,Not Applicable,City/Town,Open area,Human Error,Not Applicable,Damage Only,Vehicle to Vehicle,Not Applicable,Others,Others,Concrete,Dry,Not Applicable,Fine,R R Nagar Main Road,H V Halli,4km,12.887399,77.467549,0,0,0.0,0.0
Bengaluru City,Kengeri Traffic PS,1.04432e+16,2023,1,1,Road Accidents,Junction,City/Town,Near School or College,Human Error,No,Damage Only,Not Applicable,Not at  Junction,Others,Others,Bitumen(Tar),Dry,Not Applicable,Fine,Univercity Campus,Near NSS Bhavan,4km,12.898915,77.473152,0,0,0.0,0.0
Bengaluru City,Kengeri Traffic PS,1.04432e+16,2023,1,1,Road Accidents,Not Applicable,City/Town,Open area,Human Error,Not Applicable,Simple Injury,Hit pedestrian,Not at  Junction,Others,NH,Bitumen(Tar),Dry,Not Applicable,Fine,Mysore Main Road,Imperial Hotal,2Km,12.555488,77.468861,0,0,0.0,0.0
Bengaluru City,Kengeri Traffic PS,1.04432e+16,2023,1,2,Road Accidents,Junction,City/Town,Open area,Not Applicable,Not Applicable,Grievous Injury,Vehicle to Vehicle,Not at  Junction,Others,Others,Bitumen(Tar),Dry,Not Applicable,Fine,Ullal Main Road,Near Nandini Milk Parlor,4km,12.966359,77.52083,0,0,0.0,0.0
Bengaluru City,Kengeri Traffic PS,1.04432e+16,2023,1,1,Road Accidents,Junction,City/Town,Near School or College,Not Applicable,No,Simple Injury,Hit pedestrian,Controlled,Not Applicable,Two way,Not Applicable,Not Applicable,Not Applicable,Not Applicable,Sukkuru Junction,Mysore Main road,0.5 KM,0.0,0.0,0,0,0.0,0.0
Bengaluru City,Kengeri Traffic PS,1.04432e+16,2023,1,2,Road Accidents,Not Applicable,City/Town,Open area,Not Applicable,Not Applicable,Simple Injury,Vehicle to Vehicle,Controlled,Not Applicable,Two way,Not Applicable,Not Applicable,Not Applicable,Clear,RR Nagara Main Road,1,6 km,12.555485,77.525929,0,0,0.0,0.0
Bengaluru City,Kengeri Traffic PS,1.04432e+16,2023,1,2,Road Accidents,Cross roads,City/Town,Residential area,Not Applicable,Not Applicable,Grievous Injury,Vehicle to Vehicle,Controlled,Curve,Two way,Not Applicable,Others,Not Applicable,Fine,Kengeri Upanagara Main Road,RR nagara,5 KM,0.0,0.0,0,1,0.0,1.0