DISTRICTNAME,UNITNAME,Crime_No,Year,RI,Noofvehicle_involved,Accident_Classification,Accident_Spot,Accident_Location,Accident_SubLocation,Main_Cause,Hit_Run,Severity,Collision_Type,Junction_Control,Road_Character,Road_Type,Surface_Type,Surface_Condition,Road_Condition,Weather,Accident_Road,Landmark_first,Distance_LandMark_First,Latitude,Longitude,Road_Condition_Score,Surface_Condition_Score,Surface_Type_Score,Road_Risk_Index
Bengaluru City,Kengeri Traffic PS,1.04432e+16,2023,1,3,Road Accidents,Not Applicable,City/Town,Open area,Human Error,Not Applicable,Simple Injury,Vehicle to Vehicle,Not at  Junction,Others,Others,Concrete,Dry,Not Applicable,Fine,Kempegouda Double Road,Mangalore See Food,5 KM,0.0,0.0,0,0,0.0,0.0
Bengaluru City,Kengeri Traffic PS,1.04432e+16,2023,1,2,Road Accidents,Narrow road,City/Town,Residential area,Human Error,Yes,Fatal,Vehicle to Vehicle,Uncontrolled,Others,Expressway,Concrete,Others,Not Applicable,Cloudy,NICE ROAD,NEAR HILL ROCK,5KM,12.968192,77.471169,0,1,0.0,1.0
Bengaluru City,Kengeri Traffic PS,1.04432e+16,2023,1,3,Road Accidents,Junction,City/Town,Open area,Human Error,No,Damage Only,Vehicle to Vehicle,Not at  Junction,Others,Others,Concrete,Dry,Not Applicable,Fine,R R Nagara Main Road,Indian Oil Petrol Bunk,5km,0.0,0.0,0,0,0.0,0.0
Bengaluru City,Kengeri Traffic PS,1.04432e+16,2023,1,2,Road Accidents,Not Applicable,City/Town,Open area,Human Error,Not Applicable,Grievous Injury,Vehicle to Vehicle,Not at  Junction,Others,Others,Bitumen(Tar),Dry,Not Applicable,Fine,MARUTHINAGARA MAIN ROAD,Near Swraga Daba,3km,12.888366,77.467569,0,0,0.0,0.0
Bengaluru City,Kengeri Traffic PS,1.04432e+16,2023,1,2,Road Accidents,Not Applicable,City/Town,Open area,Human Error,Not Applicable,Grievous Injury,Vehicle to Vehicle,Not at  Junction,Others,NH,Bitumen(Tar),Dry,Not Applicable,Fine,Mysore Main Road,Dechtlon,1.5Km,12.887039,77.525511,0,0,0.0,0.0
Bengaluru City,Kengeri Traffic PS,1.04432e+16,2023,1,2,Road Accidents,Not Applicable,City/Town,Residential area,Human Error,No,Fatal,Vehicle to Vehicle,Uncontrolled,Others,Residential Street,Not Applicable,Others,Construction Work / Material,Others,RR Nagara Police Station Road,Indraprasta Hotel,5km,12.912185,77.520887,2,1,0.0,3.0
Bengaluru City,Kengeri Traffic PS,1.04432e+16,2023,1,2,Road Accidents,Not Applicable,City/Town,Residential area,Human Error,No,Damage Only,Vehicle to Vehicle,Not at  Junction,Others,Others,Concrete,Dry,Not Applicable,Fine,5th Main Road,Holy Child School,500mtr,12.883628,77.469359,0,0,0.0,0.0
Bengaluru City,Kengeri Traffic PS,1.04432e+16,2023,1,1,Road Accidents,Offset,City/Town,Open area,Not Applicable,Not Applicable,Not Applicable,Not Applicable,Not at  Junction,Others,Others,Bitumen(Tar),Dry,Not Applicable,Fine,Manganahalli Main Road,Ramasandra Lake,5km,12.897301,77.468992,0,0,0.0,0.0
Bengaluru City,Kengeri Traffic PS,1.04432e+16,2023,1,2,Road Accidents,Not Applicable,City/Town,Residential area,Not Applicable,Not Applicable,Grievous Injury,Vehicle to Vehicle,Not at  Junction,Others,Others,Bitumen(Tar),Others,Not Applicable,Others,Ganakal Road,Kanaka Bhavana,5km,12.932511,77.516402,0,1,0.0,1.0
Bengaluru City,Kengeri Traffic PS,1.04432e+16,2023,1,2,Road Accidents,Junction,City/Town,Open area,Human Error,No,Grievous Injury,Vehicle to Vehicle,Not Applicable,Others,Expressway,Concrete,Dry,Not Applicable,Fine,Nice Road,Mysore Road Exit Junction,2.5KM,0.0,0.0,0,0,0.0,0.0
Bengaluru City,Kengeri Traffic PS,1.04432e+16,2023,1,1,Road Accidents,Cross roads,City/Town,Residential area,Human Error,No,Fatal,Hit pedestrian,Uncontrolled,Not Applicable,Residential Street,Bitumen(Tar),Dry,Not Applicable,Clear,Nagadevanahalli Main Road,5th Cross JB Layout,4km,12.937761,77.489282,0,0,0.0,0.0
Bengaluru City,Kengeri Traffic PS,1.04432e+16,2023,1,2,Road Accidents,Junction,City/Town,Open area,Not Applicable,No,Damage Only,Vehicle to Vehicle,Stop sign,Others,Expressway,Concrete,Dry,Drainage Ditch,Fine,Nice Road,Nice Office,3km,0.0,0.0,4,0,0.0,4.0
Bengaluru City,Kengeri Traffic PS,1.04432e+16,2023,1,2,Rail Road Accidents,Junction,City/Town,Residential area,Human Error,No,Grievous Injury,Vehicle to Vehicle,Uncontrolled,Others,Others,Bitumen(Tar),Dry,Not Applicable,Fine,VV Layout,Durga Treders,4km,0.0,0.0,0,0,0.0,0.0
Bengaluru City,Kengeri Traffic PS,1.04432e+16,2023,1,2,Road Accidents,Not Applicable,City/Town,Open area,Human Error,No,Grievous Injury,Vehicle to Vehicle,Not Applicable,Others,Expressway,Concrete,Dry,Not Applicable,Fine,Nice Road,Railway Bridge,2 km,0.0,0.0,0,0,0.0,0.0
Bengaluru City,Kengeri Traffic PS,1.04432e+16,2023,1,2,Road Accidents,Not Applicable,City/Town,Open area,Not Applicable,Not Applicable,Grievous Injury,Vehicle to Vehicle,Not at  Junction,Others,Others,Bitumen(Tar),Dry,Not Applicable,Fine,Pattanagere Main Road,Med Plus,3km,0.0,0.0,0,0,0.0,0.0
Bengaluru City,Kengeri Traffic PS,1.04432e+16,2023,1,1,Road Accidents,Bottleneck,City/Town,Narrow bridge or culverts,Human Error,No,Damage Only,Not Applicable,Not at  Junction,Hump,Expressway,Concrete,Dry,Not Applicable,Fine,Nice Road,Vrushbhavti Bridge,3 Km,0.0,0.0,0,0,0.0,0.0
Bengaluru City,Kengeri Traffic PS,1.04432e+16,2023,1,2,Road Accidents,Not Applicable,Rural Areas,Open area,Not Applicable,No,Grievous Injury,Vehicle to Vehicle,Not at  Junction,Others,Others,Bitumen(Tar),Dry,Not Applicable,Fine,BBMP Office Road,Prakurthi Park,5km,0.0,0.0,0,0,0.0,0.0
Bengaluru City,Kengeri Traffic PS,1.04432e+16,2023,1,1,Road Accidents,Offset,City/Town,Near Hospital,Human Error,Not Applicable,Grievous Injury,Not Applicable,Not at  Junction,Not Applicable,Others,Concrete,Dry,Not Applicable,Fine,80Feet Road,Shivashakti Hospital,3km,12.555484,77.468803,0,0,0.0,0.0
Bengaluru City,Kengeri Traffic PS,1.04432e+16,2023,1,2,Road Accidents,Not Applicable,City/Town,Open area,Human Error,No,Grievous Injury,Vehicle to Vehicle,Not at  Junction,Incline,NH,Bitumen(Tar),Dry,Not Applicable,Fine,Mysure Main Road,Kengeri Masidi,500mtr,12.910448,77.483881,0,0,0.0,0.0
Bengaluru City,Kengeri Traffic PS,1.04432e+16,2023,1,1,Road Accidents,Not Applicable,City/Town,Open area,Human Error,Not Applicable,Simple Injury,Not Applicable,Not at  Junction,Others,Others,Bitumen(Tar),Dry,Not Applicable,Fine,Mallatahalli Main Road,Near Kalagrama,5km,12.555485,77.471186,0,0,0.0,0.0
Bengaluru City,Kengeri Traffic PS,1.04432e+16,2023,1,2,Road Accidents,Junction,City/Town,Open area,Human Error,Not Applicable,Grievous Injury,Vehicle to Vehicle,Not Applicable,Others,Others,Bitumen(Tar),Dry,Not Applicable,Fine,Kodigehalli Main Road,V V Layout 6 Stage,5 KM,12.555472,77.469359,0,0,0.0,0.0
Bengaluru City,Kengeri Traffic PS,1.04432e+16,2023,1,2,Road Accidents,Not Applicable,City/Town,Narrow bridge or culverts,Human Error,Yes,Fatal,Vehicle to Vehicle,Not Applicable,Others,Others,Not Applicable,Dry,Construction Work / Material,Others,NICE ROAD,BRIDGE,2KM,12.913159,77.467235,2,0,0.0,2.0
Bengaluru City,Kengeri Traffic PS,1.04432e+16,2023,1,2,Road Accidents,Narrow road,City/Town,Open area,Human Error,No,Fatal,Vehicle to Vehicle,Uncontrolled,Straight and flat,Expressway,Concrete,Others,Not Applicable,Others,Nice Road towards tumkur  Road,ullalu bridge,8km,12.962608,77.471322,0,1,0.0,1.0
Bengaluru City,Kengeri Traffic PS,1.04432e+16,2023,1,1,Road Accidents,Not Applicable,City/Town,Open area,Not Applicable,Not Applicable,Not Applicable,Not Applicable,Signals (Not working),Others,Others,Concrete,Dry,Not Applicable,Fine,Ramadas Layout,House 119,5km,12.887039,77.469536,0,0,0.0,0.0
Bengaluru City,Kengeri Traffic PS,1.04432e+16,2023,1,2,Road Accidents,Not Applicable,City/Town,Open area,Human Error,Not Applicable,Grievous Injury,Vehicle to Vehicle,Not Applicable,Others,Others,Concrete,Dry,Not Applicable,Fine,Nice Road,Mysore Road Exit,2Km,12.555485,77.525929,0,0,0.0,0.0
Bengaluru City,Kengeri Traffic PS,1.04432e+16,2023,1,1,Road Accidents,Cross roads,City/Town,Residential area,Human Error,Yes,Fatal,Hit pedestrian,Controlled,Straight and flat,Two way,Bitumen(Tar),Dry,Not Applicable,Clear,OPP VAIBHAV HOTEL  MUDDINAPALAYA MAIN ROAD,NEAR PRAVATHAMA RAMAIAH CHOWTERY MUDDINAPALYA,3 K.M,12.963383,77.48874,0,0,0.0,0.0
Bengaluru City,Kengeri Traffic PS,1.04432e+16,2023,1,1,Road Accidents,Not Applicable,City/Town,Open area,Human Error,No,Grievous Injury,Hit pedestrian,Not Applicable,Others,Others,Bitumen(Tar),Dry,Not Applicable,Fine,Doddabasti Main Road,Srinivas Bar,4km,0.0,0.0,0,0,0.0,0.0
Bengaluru City,Kengeri Traffic PS,1.04432e+16,2023,1,2,Road Accidents,Not Applicable,City/Town,Open area,Human Error,Not Applicable,Not Applicable,Not Applicable,Not at  Junction,Others,Others,Bitumen(Tar),Dry,Pot holed,Fine,27th Cross Road,House No 330,1 km,0.0,0.0,5,0,0.0,5.0
Bengaluru City,Kengeri Traffic PS,1.04432e+16,2023,1,1,Road Accidents,Cross roads,City/Town,Near Bus stop,Not Applicable,No,Fatal,Hit pedestrian,Controlled,Curve,Not Applicable,Kutcha,Not Applicable,Not Applicable,Clear,Kengeri Upanagara,1,4 KM,0.0,0.0,0,0,4.0,4.0
Bengaluru City,Kengeri Traffic PS,1.04432e+16,2023,1,2,Road Accidents,Not Applicable,City/Town,Open area,Human Error,No,Grievous Injury,Vehicle to Vehicle,Not at  Junction,Others,Expressway,Concrete,Dry,Not Applicable,Fine,Nice Road,Channasandra Bridge,6km,0.0,0.0,0,0,0.0,0.0
Bengaluru City,Kengeri Traffic PS,1.04432e+16,2023,1,2,Road Accidents,Not Applicable,City/Town,Open area,Human Error,Not Applicable,Damage Only,Vehicle to Vehicle,Not Applicable,Not Applicable,Others,Concrete,Dry,Not Applicable,Fine,R R Nagar Main Road,Kenchanahalli Main Road,7km,12.555488,77.470837,0,0,0.0,0.0
Bengaluru City,Kengeri Traffic PS,1.04432e+16,2023,1,1,Road Accidents,Curves,City/Town,Open area,Human Error,No,Fatal,Not Applicable,Uncontrolled,Curve,Others,Concrete,Dry,Not Applicable,Clear,RR Nagara Main Road,LAKE,5KM,12.926014,77.514658,0,0,0.0,0.0
Bengaluru City,Kengeri Traffic PS,1.04432e+16,2023,1,3,Road Accidents,Junction,City/Town,Open area,Human Error,Not Applicable,Grievous Injury,Vehicle to Vehicle,Police / Manual,Others,Others,Concrete,Dry,Not Applicable,Fine,R R Nagar Main Road,BJP Office,5KM,12.887746,77.467739,0,0,0.0,0.0
Bengaluru City,Kengeri Traffic PS,1.04432e+16,2023,1,1,Road Accidents,Not Applicable,City/Town,Open area,Human Error,No,Grievous Injury,Hit pedestrian,Not Applicable,Others,Others,Bitumen(Tar),Dry,Not Applicable,Others,Mariyappana Palya Main Road,Hi Foi Unisex Saloon,4km,12.887399,77.469395,0,0,0.0,0.0
Bengaluru City,Kengeri Traffic PS,1.04432e+16,2023,1,2,Not Applicable,Not Applicable,City/Town,Open area,Not Applicable,Not Applicable,Grievous Injury,Vehicle to Vehicle,Not at  Junction,Others,Others,Bitumen(Tar),Dry,Not Applicable,Fine,Railwy Paralol road,Near NPS School,1KM,12.555488,77.468863,0,0,0.0,0.0
Bengaluru City,Kengeri Traffic PS,1.04432e+16,2023,1,2,Road Accidents,Junction,City/Town,Open area,Human Error,No,Grievous Injury,Vehicle to Vehicle,Not Applicable,Others,Residential Street,Bitumen(Tar),Dry,Not Applicable,Fine,Mangalore PU Collage Road,House No 76,5km,12.904023,77.471035,0,0,0.0,0.0
Bengaluru City,Kengeri Traffic PS,1.04432e+16,2023,1,2,Road Accidents,Not Applicable,City/Town,Open area,Human Error,Not Applicable,Grievous Injury,Vehicle to Vehicle,Not at  Junction,Others,Others,Concrete,Dry,Not Applicable,Fine,R R Nagar Nice Road Under Pass,R R Nagar Nice Road Under Pass,4km,12.883628,77.468995,0,0,0.0,0.0
Bengaluru City,Kengeri Traffic PS,1.04432e+16,2023,1,2,Road Accidents,Narrow road,City/Town,Residential area,Human Error,Not Applicable,Grievous Injury,Vehicle to Vehicle,Not at  Junction,Others,Others,Bitumen(Tar),Dry,Not Applicable,Fine,R R Nagar 1st main Road,Basaveswara Cercle,4km,12.555488,77.468863,0,0,0.0,0.0
Bengaluru City,Kengeri Traffic PS,1.04432e+16,2023,1,2,Road Accidents,Junction,City/Town,Near School or College,Not Applicable,No,Simple Injury,Vehicle to Vehicle,Controlled,Not Applicable,Not Applicable,Not Applicable,Not Applicable,Not Applicable,Clear,Uttarahalli Main Road,1,3 Km,12.964461,77.525929,0,0,0.0,0.0
Bengaluru City,Kengeri Traffic PS,1.04432e+16,2023,1,1,Road Accidents,Not Applicable,City/Town,Open area,Human Error,No,Grievous Injury,Not Applicable,Not Applicable,Others,Others,Bitumen(Tar),Dry,Drainage Ditch,Fine,Nice Road Beside Service Roiad,House No 3715,4km,12.936474,77.52083,4,0,0.0,4.0
Bengaluru City,Kengeri Traffic PS,1.04432e+16,2023,1,1,Road Accidents,Curves,City/Town,Near Hospital,Not Applicable,No,Fatal,Not Applicable,Controlled,Not Applicable,Not Applicable,Not Applicable,Not Applicable,Not Applicable,Clear,Mysore Road,1,500 mt,0.0,0.0,0,0,0.0,0.0
Bengaluru City,Kengeri Traffic PS,1.04432e+16,2023,1,1,Not Applicable,Not Applicable,City/Town,Open area,Not Applicable,No,Not Applicable,Not Applicable,Not Applicable,Not Applicable,Not Applicable,Not Applicable,Not Applicable,Not Applicable,Not Applicable,Mysuru Road,Near RV Collez,2km,12.926377,77.500504,0,0,0.0,0.0
Bengaluru City,Kengeri Traffic PS,1.04432e+16,2023,1,2,Road Accidents,Junction,City/Town,Near School or College,Human Error,Not Applicable,Grievous Injury,Vehicle to Vehicle,Police / Manual,Others,NH,Bitumen(Tar),Dry,Not Applicable,Fine,Mysore Main Road,Myslasandra Jucntion,1 km,0.0,0.0,0,0,0.0,0.0
Bengaluru City,Kengeri Traffic PS,1.04432e+16,2023,1,2,Road Accidents,Curves,City/Town,Open area,Human Error,No,Grievous Injury,Vehicle to Vehicle,Not Applicable,Curve,Others,Bitumen(Tar),Dry,Not Applicable,Fine,Kommaghatta Main Road,Adishakti Temple,1.5Km,0.0,0.0,0,0,0.0,0.0
Bengaluru City,Kengeri Traffic PS,1.04432e+16,2023,1,1,Road Accidents,Junction,City/Town,Near Petrol Pump,Human Error,No,Fatal,Hit pedestrian,Police / Manual,Others,NH,Bitumen(Tar),Dry,Not Applicable,Others,Mysore Main Road,Near Madhu Petrol Bunk,0.5km,12.912641,77.485288,0,0,0.0,0.0
Bengaluru City,Kengeri Traffic PS,1.04432e+16,2023,1,2,Road Accidents,Not Applicable,City/Town,Open area,Human Error,No,Grievous Injury,Vehicle to Vehicle,Not at  Junction,Others,Others,Concrete,Dry,Not Applicable,Fine,Nice Road,Gaytri Crusher,4km,12.898915,77.473152,0,0,0.0,0.0
Bengaluru City,Kengeri Traffic PS,1.04432e+16,2023,1,2,Road Accidents,Not Applicable,City/Town,Residential area,Not Applicable,No,Grievous Injury,Vehicle to Vehicle,Police / Manual,Others,Others,Bitumen(Tar),Dry,Not Applicable,Fine,R R Nagar Ideal Hom,Near Aditya Layout Cross,8 KM,12.968255,77.531732,0,0,0.0,0.0
Bengaluru City,Kengeri Traffic PS,1.04432e+16,2023,1,1,Road Accidents,Not Applicable,City/Town,Residential area,Human Error,No,Grievous Injury,Hit pedestrian,Not at  Junction,Others,Others,Bitumen(Tar),Dry,Not Applicable,Fine,Guru Mantaralaya Juvellers,Nandi Departmental Store,4km,12.555485,77.468863,0,0,0.0,0.0
Bengaluru City,Kengeri Traffic PS,1.04432e+16,2023,1,1,Road Accidents,Not Applicable,City/Town,Near School or College,Human Error,No,Grievous Injury,Hit pedestrian,Not at  Junction,Others,NH,Bitumen(Tar),Dry,Not Applicable,Fine,Mysore Main Road,R v College,2Km,12.924805,77.498793,0,0,0.0,0.0
Bengaluru City,Kengeri Traffic PS,1.04432e+16,2023,1,1,Road Accidents,Not Applicable,City/Town,Open area,Not Applicable,Not Applicable,Not Applicable,Not Applicable,Not Applicable,Not Applicable,State Highway,Not Applicable,Not Applicable,Not Applicable,Clear,1,1,1.5Km,12.555485,77.516693,0,0,0.0,0.0
Bengaluru City,Kengeri Traffic PS,1.04432e+16,2023,1,1,Road Accidents,Not Applicable,City/Town,Open area,Human Error,Not Applicable,Not Applicable,Not Applicable,Not at  Junction,Others,Others,Bitumen(Tar),Dry,Not Applicable,Fine,Nice Road,Ullal Bridge,5km,0.0,0.0,0,0,0.0,0.0
Bengaluru City,Kengeri Traffic PS,1.04432e+16,2023,1,3,Road Accidents,Junction,City/Town,Open area,Not Applicable,Not Applicable,Simple Injury,Vehicle to Vehicle,Controlled,Others,Not Applicable,Not Applicable,Not Applicable,Not Applicable,Clear,80 Ft Road,1,2 km,0.0,0.0,0,0,0.0,0.0
Bengaluru City,Kengeri Traffic PS,1.04432e+16,2023,1,2,Not Applicable,Junction,City/Town,Open area,Not Applicable,No,Simple Injury,Vehicle to Vehicle,Controlled,Not Applicable,Not Applicable,Not Applicable,Not Applicable,Not Applicable,Clear,"New Harijan School Road, RR nagara",1,5 KM,0.0,0.0,0,0,0.0,0.0
Bengaluru City,Kengeri Traffic PS,1.04432e+16,2023,1,2,Road Accidents,Junction,City/Town,Open area,Not Applicable,Not Applicable,Simple Injury,Vehicle to Vehicle,Give way sign,Not Applicable,Not Applicable,Not Applicable,Not Applicable,Not Applicable,Clear,Nice Road,1,5 KM,0.0,0.0,0,0,0.0,0.0
Bengaluru City,Kengeri Traffic PS,1.04432e+16,2023,1,1,Road Accidents,Circle,City/Town,Near office complex,Not Applicable,Yes,Fatal,Hit pedestrian,Controlled,Curve,Two way,Gravel,Dry,Not Applicable,Clear,Kengeri Upanagara,1,3 KM,0.0,0.0,0,0,3.0,3.0
Bengaluru City,Kengeri Traffic PS,1.04432e+16,2023,1,1,Road Accidents,Not Applicable,City/Town,Near Bus stop,Human Error,No,Fatal,Hit pedestrian,Not Applicable,Others,One way,Kutcha,Dry,Not Applicable,Others,Flat Farm No 02,ATM,1,0.0,0.0,0,0,4.0,4.0
Bengaluru City,Kengeri Traffic PS,1.04432e+16,2023,1,1,Road Accidents,Circle,City/Town,Near office complex,Human Error,Not Applicable,Grievous Injury,Hit pedestrian,Not Applicable,Others,Others,Not Applicable,Dry,Not Applicable,Others,RTO Office,RTO Office,5km,0.0,0.0,0,0,0.0,0.0
Bengaluru City,Kengeri Traffic PS,1.04432e+16,2023,1,2,Road Accidents,Not Applicable,City/Town,Open area,Human Error,No,Grievous Injury,Vehicle to Vehicle,Not Applicable,Sharp Curve,Others,Concrete,Dry,Not Applicable,Fine,Nice Road,Mysore Road Exit,2Km,0.0,0.0,0,0,0.0,0.0
Bengaluru City,Kengeri Traffic PS,1.04432e+16,2023,1,1,Not Applicable,Curves,City/Town,Residential area,Human Error,No,Fatal,Not Applicable,Uncontrolled,Curve,Others,Not Applicable,Others,Not Applicable,Others,RR Nagara Main Road,Near HDFC Bank,5 km,0.0,0.0,0,1,0.0,1.0
Bengaluru City,Kengeri Traffic PS,1.04432e+16,2023,1,1,Road Accidents,Not Applicable,City/Town,Open area,Human Error,Not Applicable,Grievous Injury,Not Applicable,Police / Manual,Others,Others,Bitumen(Tar),Dry,Not Applicable,Fine,Maruti Nagar Main Road,Etto Basavanna Cercle,2Km,12.92901,77.474355,0,0,0.0,0.0
Bengaluru City,Kengeri Traffic PS,1.04432e+16,2023,1,1,Road Accidents,Junction,City/Town,Near office complex,Human Error,Not Applicable,Grievous Injury,Hit pedestrian,Not Applicable,Others,Others,Bitumen(Tar),Dry,Not Applicable,Fine,Kempegouda Double Road,Diya Infotec,4km,0.0,0.0,0,0,0.0,0.0
Bengaluru City,Kengeri Traffic PS,1.04432e+16,2023,1,1,Road Accidents,Junction,City/Town,Open area,Human Error,Yes,Simple Injury,Hit pedestrian,Police / Manual,Others,Others,Concrete,Dry,Not Applicable,Fine,R R Bagar Main Road,Jayanna Cercle,5km,0.0,0.0,0,0,0.0,0.0
Bengaluru City,Kengeri Traffic PS,1.04432e+16,2023,1,1,Not Applicable,Not Applicable,City/Town,Near office complex,Human Error,Not Applicable,Grievous Injury,Not Applicable,Not at  Junction,Others,Others,Concrete,Dry,Not Applicable,Others,Inside MG Shoroom,MG Shorrom,2.5KM,12.898915,77.469359,0,0,0.0,0.0
Bengaluru City,Kengeri Traffic PS,1.04432e+16,2023,1,2,Road Accidents,Narrow road,City/Town,Open area,Human Error,Not Applicable,Fatal,Vehicle to Vehicle,Uncontrolled,Curve,Others,Concrete,Others,Not Applicable,Others,Nice Road towards tumkur  Road,Near Chikkanahalli,03 km,12.935958,77.469422,0,1,0.0,1.0
Bengaluru City,Kengeri Traffic PS,1.04432e+16,2023,1,2,Road Accidents,Not Applicable,City/Town,Open area,Not Applicable,Not Applicable,Grievous Injury,Vehicle to Vehicle,Not at  Junction,Others,Others,Bitumen(Tar),Dry,Not Applicable,Fine,Maruti Nagar Main Road,SLN Bike Point,5km,12.904023,77.469536,0,0,0.0,0.0
Bengaluru City,Kengeri Traffic PS,1.04432e+16,2023,1,2,Road Accidents,Junction,City/Town,Open area,Human Error,No,Grievous Injury,Vehicle to Vehicle,Not at  Junction,Others,Others,Bitumen(Tar),Dry,Not Applicable,Fine,Maruti Nagar Main Road,Ullal Lake,5km,12.555488,77.470837,0,0,0.0,0.0
Bengaluru City,Kengeri Traffic PS,1.04432e+16,2023,1,1,Road Accidents,Curves,City/Town,Near School or College,Not Applicable,Not Applicable,Damage Only,Hit pedestrian,Not Applicable,Others,Others,Bitumen(Tar),Dry,Not Applicable,Fine,Pattanagere Main Road,L G Godan,4km,12.887039,77.469359,0,0,0.0,0.0
Bengaluru City,Kengeri Traffic PS,1.04432e+16,2023,1,2,Road Accidents,Junction,City/Town,Open area,Not Applicable,No,Simple Injury,Vehicle to Vehicle,Controlled,Not Applicable,Two way,Not Applicable,Not Applicable,Not Applicable,Others,Near Kapikatte,1,5 KM,12.883628,77.516693,0,0,0.0,0.0
Bengaluru City,Kengeri Traffic PS,1.04432e+16,2023,1,1,Not Applicable,Not Applicable,City/Town,Open area,Not Applicable,Not Applicable,Grievous Injury,Not Applicable,Not Applicable,Not Applicable,Not Applicable,Not Applicable,Not Applicable,Not Applicable,Fine,R R Nagar Main Road,near Mahadheswara tempal,3KM,12.883628,77.525511,0,0,0.0,0.0
Bengaluru City,Kengeri Traffic PS,1.04432e+16,2023,1,1,Road Accidents,Circle,City/Town,Near Bus stop,Not Applicable,No,Fatal,Not Applicable,Controlled,Not Applicable,Two way,Not Applicable,Not Applicable,Not Applicable,Clear,Mysore Road,1,100 Mt,0.0,0.0,0,0,0.0,0.0
Bengaluru City,Kengeri Traffic PS,1.04432e+16,2023,1,2,Road Accidents,Junction,City/Town,Open area,Human Error,No,Grievous Injury,Vehicle to Vehicle,Not at  Junction,Others,Others,Bitumen(Tar),Dry,Not Applicable,Fine,Marutinagar Main Road,KEB Junction,5 km,0.0,0.0,0,0,0.0,0.0
Bengaluru City,Kengeri Traffic PS,1.04432e+16,2023,1,2,Road Accidents,Junction,Rural Areas,Open area,Human Error,No,Grievous Injury,Vehicle to Vehicle,Police / Manual,Incline,NH,Bitumen(Tar),Dry,Not Applicable,Fine,Mysore Main Road,Jnanabhararati Junction,2.5KM,12.933572,77.513619,0,0,0.0,0.0
Bengaluru City,Kengeri Traffic PS,1.04432e+16,2023,1,1,Road Accidents,Not Applicable,City/Town,Open area,Not Applicable,Not Applicable,Grievous Injury,Hit pedestrian,Not Applicable,Not Applicable,Not Applicable,Not Applicable,Not Applicable,Not Applicable,Clear,Jnanajothi Nagara,1,3 km,0.0,0.0,0,0,0.0,0.0
Bengaluru City,Kengeri Traffic PS,1.04432e+16,2023,1,2,Road Accidents,Narrow road,City/Town,Open area,Human Error,Not Applicable,Grievous Injury,Vehicle to Vehicle,Not at  Junction,Straight and flat,NH,Bitumen(Tar),Dry,Not Applicable,Fine,Mysure Main Road,Rainbow Bridge,200MTR,0.0,0.0,0,0,0.0,0.0
Bengaluru City,Kengeri Traffic PS,1.04432e+16,2023,1,1,Road Accidents,Not Applicable,City/Town,Open area,Human Error,Not Applicable,Simple Injury,Hit pedestrian,Police / Manual,Others,Others,Bitumen(Tar),Dry,Not Applicable,Fine,Mysure Main Road,Nexa Sgowroom,2Km,12.555485,77.468863,0,0,0.0,0.0
Bengaluru City,Kengeri Traffic PS,1.04432e+16,2023,1,1,Road Accidents,Offset,City/Town,Open area,Human Error,No,Simple Injury,Not Applicable,Not at  Junction,Others,Others,Bitumen(Tar),Dry,Not Applicable,Fine,80Feet Road,Univercity Cross,5km,12.555456,77.531732,0,0,0.0,0.0
Bengaluru City,Kengeri Traffic PS,1.04432e+16,2023,1,1,Road Accidents,Not Applicable,City/Town,Open area,Human Error,No,Grievous Injury,Hit pedestrian,Stop sign,Others,NH,Bitumen(Tar),Dry,Not Applicable,Others,Mysure Main Road,TTMC BUS STOP,1KM,12.904029,77.470837,0,0,0.0,0.0
Bengaluru City,Kengeri Traffic PS,1.04432e+16,2023,1,1,Road Accidents,Not Applicable,City/Town,Open area,Human Error,Not Applicable,Grievous Injury,Not Applicable,Not Applicable,Others,NH,Bitumen(Tar),Dry,Not Applicable,Fine,Mysore Main Road,Megha Plan,2.5KM,12.897301,77.470446,0,0,0.0,0.0
Bengaluru City,Kengeri Traffic PS,1.04432e+16,2023,1,2,Road Accidents,Curves,City/Town,Narrow bridge or culverts,Human Error,Yes,Fatal,Vehicle to Vehicle,Uncontrolled,Curve,NH,Bitumen(Tar),Not Applicable,Not Applicable,Others,Mysore Main Road,HOTEL,1.5km,12.904144,77.470546,0,0,0.0,0.0
Bengaluru City,Kengeri Traffic PS,1.04432e+16,2023,1,1,Road Accidents,Junction,City/Town,Residential area,Human Error,Not Applicable,Grievous Injury,Vehicle to Vehicle,Not at  Junction,Others,Others,Concrete,Dry,Not Applicable,Fine,RR Nagara Main Road,R R Pet Shop,5km,12.900403,77.477431,0,0,0.0,0.0
Bengaluru City,Kengeri Traffic PS,1.04432e+16,2023,1,2,Road Accidents,Not Applicable,City/Town,Near School or College,Not Applicable,Not Applicable,Grievous Injury,Vehicle to Vehicle,Not at  Junction,Others,Others,Concrete,Dry,Not Applicable,Fine,R R Main Road,Near Prstige Beakery,3 Km,12.897301,77.471651,0,0,0.0,0.0