DISTRICTNAME,UNITNAME,Crime_No,Year,RI,Noofvehicle_involved,Accident_Classification,Accident_Spot,Accident_Location,Accident_SubLocation,Main_Cause,Hit_Run,Severity,Collision_Type,Junction_Control,Road_Character,Road_Type,Surface_Type,Surface_Condition,Road_Condition,Weather,Accident_Road,Landmark_first,Distance_LandMark_First,Latitude,Longitude,Road_Condition_Score,Surface_Condition_Score,Surface_Type_Score,Road_Risk_Index
Bengaluru City,Kengeri Traffic PS,1.04432e+16,2023,1,2,Road Accidents,Not Applicable,City/Town,Open area,Human Error,No,Grievous Injury,Vehicle to Vehicle,Not at  Junction,Others,Others,Bitumen(Tar),Dry,Not Applicable,Fine,Byrohalli Main Road,Nice Road Bridge,5km,12.900403,77.469395,0,0,0.0,0.0
Bengaluru City,Kengeri Traffic PS,1.04432e+16,2023,1,2,Road Accidents,Not Applicable,City/Town,Open area,Human Error,Not Applicable,Grievous Injury,Vehicle to Vehicle,Not at  Junction,Others,Others,Concrete,Dry,Not Applicable,Fine,Nice Road,Vrushbhavati Bridge,2Km,0.0,0.0,0,0,0.0,0.0
Bengaluru City,Kengeri Traffic PS,1.04432e+16,2023,1,2,Road Accidents,Not Applicable,City/Town,Open area,Not Applicable,No,Simple Injury,Vehicle to Vehicle,Controlled,Not Applicable,Not Applicable,Not Applicable,Not Applicable,Not Applicable,Clear,1,Railway Paralal Road,0.1km,0.0,0.0,0,0,0.0,0.0
Bengaluru City,Kengeri Traffic PS,1.04432e+16,2023,1,2,Road Accidents,Junction,City/Town,Near office complex,Not Applicable,No,Simple Injury,Vehicle to Vehicle,Controlled,Not Applicable,Not Applicable,Not Applicable,Others,Not Applicable,Fine,Kengeri Upangara Main Road,Near Hanumanthanagara Bank,2 KM,12.933572,77.525511,0,1,0.0,1.0
Bengaluru City,Kengeri Traffic PS,1.04432e+16,2023,1,2,Not Applicable,Cross roads,City/Town,Near Hospital,Not Applicable,Not Applicable,Simple Injury,Vehicle to Vehicle,Controlled,Not Applicable,Two way,Not Applicable,Not Applicable,Not Applicable,Clear,Kodipalay Main Road,1,4km,0.0,0.0,0,0,0.0,0.0
Bengaluru City,Kengeri Traffic PS,1.04432e+16,2023,1,2,Road Accidents,Junction,City/Town,Residential area,Human Error,No,Fatal,Vehicle to Vehicle,Uncontrolled,Straight and flat,Residential Street,Surfaced,Others,Not Applicable,Others,4th Main Road Valagerehalli,Near House No 196,3km,0.0,0.0,0,1,,
Bengaluru City,Kengeri Traffic PS,1.04432e+16,2023,1,2,Road Accidents,Circle,City/Town,Open area,Not Applicable,Yes,Simple Injury,Vehicle to Vehicle,Controlled,Curve,Not Applicable,Not Applicable,Not Applicable,Not Applicable,Clear,Doddabele,1,3 KM,0.0,0.0,0,0,0.0,0.0
Bengaluru City,Kengeri Traffic PS,1.04432e+16,2023,1,1,Road Accidents,Not Applicable,City/Town,Open area,Not Applicable,Not Applicable,Grievous Injury,Hit pedestrian,Not at  Junction,Incline,Others,Bitumen(Tar),Dry,Not Applicable,Fine,R R Bagar Main Road,Vasavi Condiments,4km,0.0,0.0,0,0,0.0,0.0
Bengaluru City,Kengeri Traffic PS,1.04432e+16,2023,1,2,Road Accidents,Not Applicable,City/Town,Open area,Human Error,No,Grievous Injury,Not Applicable,Not at  Junction,Others,Others,Concrete,Dry,Not Applicable,Fine,80Feet Road,Kempamma Temple,5 KM,0.0,0.0,0,0,0.0,0.0
Bengaluru City,Kengeri Traffic PS,1.04432e+16,2023,1,2,Road Accidents,Not Applicable,City/Town,Open area,Human Error,Not Applicable,Simple Injury,Not Applicable,Not Applicable,Others,Others,Bitumen(Tar),Dry,Not Applicable,Fine,Uttarahalli Main Road,Nayara Petrol Bunk,2Km,12.883628,77.468778,0,0,0.0,0.0
Bengaluru City,Kengeri Traffic PS,1.04432e+16,2023,1,2,Road Accidents,Not Applicable,City/Town,Open area,Human Error,Not Applicable,Grievous Injury,Vehicle to Vehicle,Not at  Junction,Others,Others,Concrete,Dry,Not Applicable,Fine,Nice Road,Near Rudresh Home,5km,0.0,0.0,0,0,0.0,0.0
Bengaluru City,Kengeri Traffic PS,1.04432e+16,2023,1,2,Road Accidents,Junction,City/Town,Open area,Human Error,Not Applicable,Grievous Injury,Vehicle to Vehicle,Not at  Junction,Others,Others,Bitumen(Tar),Dry,Not Applicable,Fine,Marutinagar Main Road,Devine Zym,2Km,12.893591,77.473152,0,0,0.0,0.0
Bengaluru City,Kengeri Traffic PS,1.04432e+16,2023,1,1,Road Accidents,Not Applicable,City/Town,Open area,Human Error,No,Damage Only,Hit pedestrian,Not Applicable,Others,Others,Concrete,Dry,Not Applicable,Others,Rajkumar Cercle Road,Rajkumar Cercle,500mtr,12.963383,77.691403,0,0,0.0,0.0
Bengaluru City,Kengeri Traffic PS,1.04432e+16,2023,1,2,Road Accidents,Not Applicable,City/Town,Open area,Human Error,Not Applicable,Grievous Injury,Vehicle to Vehicle,Not at  Junction,Others,NH,Bitumen(Tar),Dry,Not Applicable,Fine,Mysore Main Road,Dubasipaly Junction,1KM,12.887746,77.467563,0,0,0.0,0.0
Bengaluru City,Kengeri Traffic PS,1.04432e+16,2023,1,2,Road Accidents,Cross roads,Rural Areas,Near School or College,Human Error,No,Fatal,Vehicle to Vehicle,Uncontrolled,Curve,Others,Bitumen(Tar),Others,Not Applicable,Clear,JNANABHARATHI CAMPUS ROAD,RAILWAY BRIDGE,4KM,12.936777,77.512155,0,1,0.0,1.0
Bengaluru City,Kengeri Traffic PS,1.04432e+16,2023,1,2,Road Accidents,Not Applicable,City/Town,Open area,Not Applicable,No,Grievous Injury,Vehicle to Vehicle,Police / Manual,Others,Expressway,Concrete,Dry,Not Applicable,Others,Nice Road,BDA  Sompura Toll,4km,12.555488,77.468803,0,0,0.0,0.0
Bengaluru City,Kengeri Traffic PS,1.04432e+16,2023,1,2,Road Accidents,Not Applicable,City/Town,Near School or College,Human Error,No,Damage Only,Vehicle to Vehicle,Not Applicable,Others,Others,Bitumen(Tar),Dry,Not Applicable,Others,Univercity Campus,Univercity Head Office,5km,12.948849,77.501379,0,0,0.0,0.0
Bengaluru City,Kengeri Traffic PS,1.04432e+16,2023,1,2,Road Accidents,Not Applicable,City/Town,Open area,Not Applicable,Yes,Grievous Injury,Vehicle to Vehicle,Not at  Junction,Not Applicable,Others,Concrete,Dry,Not Applicable,Fine,Univercity Campus,Ambekdar Bhavn,4km,12.555488,77.468773,0,0,0.0,0.0
Bengaluru City,Kengeri Traffic PS,1.04432e+16,2023,1,2,Road Accidents,Not Applicable,City/Town,Open area,Not Applicable,No,Grievous Injury,Vehicle to Vehicle,Not at  Junction,Others,Others,Bitumen(Tar),Dry,Not Applicable,Others,Uttarahalli Main Road,Madhu Petrol Junction,500mtr,12.933572,77.531732,0,0,0.0,0.0
Bengaluru City,Kengeri Traffic PS,1.04432e+16,2023,1,1,Road Accidents,Not Applicable,City/Town,Near Hospital,Human Error,Not Applicable,Not Applicable,Not Applicable,Police / Manual,Others,Others,Bitumen(Tar),Dry,Not Applicable,Fine,Hemmigepura Main Road,Shudda Kudiyuva jala,4km,0.0,0.0,0,0,0.0,0.0
Bengaluru City,Kengeri Traffic PS,1.04432e+16,2023,1,2,Road Accidents,Circle,City/Town,Near office complex,Not Applicable,Not Applicable,Simple Injury,Vehicle to Vehicle,Not at  Junction,Not Applicable,Two way,Not Applicable,Not Applicable,Not Applicable,Others,Myore Main Road,Near SRS Parking,1km,12.555484,77.525929,0,0,0.0,0.0
Bengaluru City,Kengeri Traffic PS,1.04432e+16,2023,1,2,Road Accidents,Cross roads,City/Town,Open area,Not Applicable,No,Simple Injury,Vehicle to Vehicle,Controlled,Not Applicable,Not Applicable,Not Applicable,Not Applicable,Not Applicable,Clear,Mysore Main Road,1,0.5,0.0,0.0,0,0,0.0,0.0
Bengaluru City,Kengeri Traffic PS,1.04432e+16,2023,1,1,Road Accidents,Cross roads,City/Town,Near Hospital,Not Applicable,No,Grievous Injury,Not Applicable,Controlled,Not Applicable,Not Applicable,Not Applicable,Not Applicable,Not Applicable,Clear,Kengeri Upanagara Main Road,1,1 km,12.933572,77.525929,0,0,0.0,0.0
Bengaluru City,Kengeri Traffic PS,1.04432e+16,2023,1,2,Road Accidents,Offset,City/Town,Open area,Not Applicable,No,Grievous Injury,Vehicle to Vehicle,Not at  Junction,Others,Others,Bitumen(Tar),Dry,Not Applicable,Fine,Kommaghatta Main Road,Sambav Build Pro,3km,0.0,0.0,0,0,0.0,0.0
Bengaluru City,Kengeri Traffic PS,1.04432e+16,2023,1,2,Road Accidents,Not Applicable,City/Town,Open area,Human Error,Not Applicable,Grievous Injury,Vehicle to Vehicle,Not Applicable,Others,Others,Bitumen(Tar),Dry,Not Applicable,Fine,Maruti Nagar Main Road,Bharat Petrol Bunk,4km,0.0,0.0,0,0,0.0,0.0
Bengaluru City,Kengeri Traffic PS,1.04432e+16,2023,1,2,Road Accidents,Not Applicable,City/Town,Open area,Human Error,Not Applicable,Grievous Injury,Vehicle to Vehicle,Not Applicable,Others,Others,Bitumen(Tar),Dry,Not Applicable,Fine,Ullal Main Road,Kodagu Samudaya Bhavan,5 KM,0.0,0.0,0,0,0.0,0.0
Bengaluru City,Kengeri Traffic PS,1.04432e+16,2023,1,2,Road Accidents,Not Applicable,City/Town,Near Bus stop,Human Error,Not Applicable,Damage Only,Vehicle to Vehicle,Police / Manual,Others,NH,Bitumen(Tar),Dry,Not Applicable,Fine,M,Madhu Junction,1km,0.0,0.0,0,0,0.0,0.0
Bengaluru City,Kengeri Traffic PS,1.04432e+16,2023,1,1,Road Accidents,Not Applicable,City/Town,Open area,Not Applicable,Not Applicable,Grievous Injury,Hit pedestrian,Not at  Junction,Others,Others,Bitumen(Tar),Dry,Not Applicable,Fine,Marutinagar Main Road,Indian Oil Petrol Bunk,3km,12.956787,77.478839,0,0,0.0,0.0
Bengaluru City,Kengeri Traffic PS,1.04432e+16,2023,1,2,Road Accidents,Not Applicable,City/Town,Residential area,Human Error,Not Applicable,Grievous Injury,Vehicle to Vehicle,Not at  Junction,Others,One way,Bitumen(Tar),Dry,Not Applicable,Others,R R nagar Main Road,Appu Biriyani,4km,0.0,0.0,0,0,0.0,0.0
Bengaluru City,Kengeri Traffic PS,1.04432e+16,2023,1,1,Road Accidents,Not Applicable,City/Town,Open area,Not Applicable,No,Grievous Injury,Hit pedestrian,Police / Manual,Others,Others,Bitumen(Tar),Dry,Not Applicable,Fine,Kommaghatta Main Road,BD Colony Cross,2Km,12.555488,77.468863,0,0,0.0,0.0
Bengaluru City,Kengeri Traffic PS,1.04432e+16,2023,1,2,Road Accidents,Not Applicable,City/Town,Open area,Human Error,Not Applicable,Grievous Injury,Vehicle to Vehicle,Signal lights Automatic,Others,NH,Bitumen(Tar),Dry,Not Applicable,Fine,Mysore Main Road,Madhu Petrol Junction,1KM,12.555488,77.469536,0,0,0.0,0.0
Bengaluru City,Kengeri Traffic PS,1.04432e+16,2023,1,1,Not Applicable,Not Applicable,City/Town,Near Bus stop,Human Error,Not Applicable,Grievous Injury,Hit pedestrian,Not Applicable,Curve,Mixed,Bitumen(Tar),Dry,Not Applicable,Fine,Mysure Main Road,Kengeri Bus Stop,1km,12.555472,77.468863,0,0,0.0,0.0
Bengaluru City,Kengeri Traffic PS,1.04432e+16,2023,1,1,Road Accidents,Junction,City/Town,Residential area,Human Error,Yes,Fatal,Hit pedestrian,Controlled,Not Applicable,NH,Bitumen(Tar),Dry,Not Applicable,Clear,MYSORE MAIN ROAD,Madhu Junction,1km,12.9129,77.485314,0,0,0.0,0.0
Bengaluru City,Kengeri Traffic PS,1.04432e+16,2023,1,2,Road Accidents,Not Applicable,City/Town,Residential area,Not Applicable,No,Grievous Injury,Vehicle to Vehicle,Not at  Junction,Others,Others,Bitumen(Tar),Dry,Not Applicable,Fine,Ideal Home 2nd Cross,Ideal Home Town Ship,4km,12.893591,77.470446,0,0,0.0,0.0
Bengaluru City,Kengeri Traffic PS,1.04432e+16,2023,1,2,Road Accidents,Not Applicable,City/Town,Open area,Human Error,No,Grievous Injury,Vehicle to Vehicle,Not at  Junction,Others,Others,Concrete,Dry,Not Applicable,Fine,Maruti Nagar Main Road,Kabir Matha,2km,12.963383,77.467469,0,0,0.0,0.0
Bengaluru City,Kengeri Traffic PS,1.04432e+16,2023,1,1,Road Accidents,Not Applicable,City/Town,Open area,Not Applicable,Not Applicable,Grievous Injury,Hit bicyclist,Not at  Junction,Others,Others,Bitumen(Tar),Not Applicable,Not Applicable,Fine,KLE College Road,Ashraya Badavane,5km,12.555485,77.0,0,0,0.0,0.0
Bengaluru City,Kengeri Traffic PS,1.04432e+16,2023,1,1,Road Accidents,Not Applicable,City/Town,Near office complex,Vehicle Defect,No,Simple Injury,Hit pedestrian,Not Applicable,Not Applicable,Others,Concrete,Dry,Construction Work / Material,Not Applicable,RR Nagara Police Station Road,COFFIE KATTE,5 KM,12.555488,77.46886,2,0,0.0,2.0
Bengaluru City,Kengeri Traffic PS,1.04432e+16,2023,1,1,Road Accidents,Offset,City/Town,Open area,Human Error,Not Applicable,Grievous Injury,Not Applicable,Not at  Junction,Others,Others,Concrete,Dry,Not Applicable,Others,Nice Road,Channasandra Bridge,7km,12.893591,77.468992,0,0,0.0,0.0
Bengaluru City,Kengeri Traffic PS,1.04432e+16,2023,1,1,Road Accidents,Not Applicable,City/Town,Open area,Human Error,Not Applicable,Not Applicable,Not Applicable,Not at  Junction,Others,Others,Bitumen(Tar),Dry,Not Applicable,Others,Univercity Campus,Ambekdar Study Center,4km,12.888366,77.467739,0,0,0.0,0.0
Bengaluru City,Kengeri Traffic PS,1.04432e+16,2023,1,2,Road Accidents,Not Applicable,City/Town,Open area,Not Applicable,No,Simple Injury,Not Applicable,Controlled,Not Applicable,Not Applicable,Not Applicable,Not Applicable,Not Applicable,Others,1,uttarahalli,1 km,12.905818,77.501722,0,0,0.0,0.0
Bengaluru City,Kengeri Traffic PS,1.04432e+16,2023,1,1,Road Accidents,Not Applicable,City/Town,Open area,Not Applicable,Not Applicable,Grievous Injury,Not Applicable,Not Applicable,Not Applicable,Two way,Not Applicable,Not Applicable,Not Applicable,Clear,RR Nagara Main Road,RR nagara,5km,0.0,0.0,0,0,0.0,0.0
Bengaluru City,Kengeri Traffic PS,1.04432e+16,2023,1,1,Not Applicable,Not Applicable,City/Town,Open area,Not Applicable,Not Applicable,Fatal,Not Applicable,Not Applicable,Not Applicable,Not Applicable,Not Applicable,Not Applicable,Not Applicable,Not Applicable,Myore Main Road,Near Bus stand,5km,0.0,0.0,0,0,0.0,0.0
Bengaluru City,Kengeri Traffic PS,1.04432e+16,2023,1,1,Not Applicable,Not Applicable,City/Town,Residential area,Not Applicable,Not Applicable,Fatal,Not Applicable,Not Applicable,Not Applicable,Not Applicable,Not Applicable,Not Applicable,Not Applicable,Not Applicable,KomMaghatta Main Road,Near Bandemata Arch,3.5km,0.0,0.0,0,0,0.0,0.0
Bengaluru City,Kengeri Traffic PS,1.04432e+16,2023,1,2,Road Accidents,Not Applicable,City/Town,Open area,Human Error,Not Applicable,Damage Only,Vehicle to Vehicle,Police / Manual,Not Applicable,NH,Bitumen(Tar),Dry,Not Applicable,Fine,Mysure Main Road,Madhu Junction,500mtr,0.0,0.0,0,0,0.0,0.0
Bengaluru City,Kengeri Traffic PS,1.04432e+16,2023,1,2,Road Accidents,Not Applicable,City/Town,Open area,Human Error,No,Not Applicable,Not Applicable,Not Applicable,Others,Others,Concrete,Dry,Not Applicable,Fine,Nice Road,Nice Office,2Km,12.555472,77.525929,0,0,0.0,0.0
Bengaluru City,Kengeri Traffic PS,1.04432e+16,2023,1,1,Road Accidents,Not Applicable,City/Town,Open area,Not Applicable,No,Fatal,Not Applicable,Not at  Junction,Not Applicable,Two way,Not Applicable,Not Applicable,Not Applicable,Clear,Marutinagar Main Road,1,3 km,12.966359,77.480763,0,0,0.0,0.0
Bengaluru City,Kengeri Traffic PS,1.04432e+16,2023,1,2,Road Accidents,Not Applicable,Rural Areas,Open area,Human Error,Not Applicable,Grievous Injury,Vehicle to Vehicle,Not Applicable,Others,Others,Concrete,Dry,Not Applicable,Fine,R R Nagar Main Road,43 Cross Ideal Home,5km,0.0,0.0,0,0,0.0,0.0
Bengaluru City,Kengeri Traffic PS,1.04432e+16,2023,1,1,Road Accidents,Offset,City/Town,Residential area,Human Error,No,Simple Injury,Not Applicable,Not at  Junction,Others,Others,Bitumen(Tar),Dry,Not Applicable,Fine,Water Tank Road,Water Tank,3km,0.0,0.0,0,0,0.0,0.0
Bengaluru City,Kengeri Traffic PS,1.04432e+16,2023,1,1,Road Accidents,Narrow road,Rural Areas,Residential area,Human Error,Yes,Fatal,Hit pedestrian,Uncontrolled,Not Applicable,NH,Bitumen(Tar),Others,Not Applicable,Clear,Mysore Main Road,NEAR GURU RENUKA BAR,0.5KM,0.0,0.0,0,1,0.0,1.0
Bengaluru City,Kengeri Traffic PS,1.04432e+16,2023,1,2,Road Accidents,Junction,City/Town,Open area,Not Applicable,No,Grievous Injury,Vehicle to Vehicle,Police / Manual,Others,Others,Bitumen(Tar),Dry,Not Applicable,Fine,Kommaghatta Main Road,Komaghatta cercle,2Km,0.0,0.0,0,0,0.0,0.0
Bengaluru City,Kengeri Traffic PS,1.04432e+16,2023,1,2,Road Accidents,Not Applicable,City/Town,Residential area,Human Error,Yes,Grievous Injury,Vehicle to Vehicle,Not at  Junction,Others,Others,Bitumen(Tar),Dry,Not Applicable,Cloudy,Jawaregowdana Doddi Main Road,Viagenta Appartment,4km,12.555485,77.475176,0,0,0.0,0.0
Bengaluru City,Kengeri Traffic PS,1.04432e+16,2023,1,1,Road Accidents,Not Applicable,City/Town,Residential area,Human Error,No,Grievous Injury,Hit pedestrian,Not at  Junction,Others,Residential Street,Bitumen(Tar),Dry,Not Applicable,Fine,Maramma Temple Street Road,Police Ramesh House,2 km,12.898915,77.470602,0,0,0.0,0.0
Bengaluru City,Kengeri Traffic PS,1.04432e+16,2023,1,2,Road Accidents,Not Applicable,City/Town,Open area,Human Error,No,Grievous Injury,Vehicle to Vehicle,Not at  Junction,Others,Others,Concrete,Dry,Not Applicable,Fine,Krishna Gardan Main Road,Srusti Vana Appartment,3km,12.896299,77.469536,0,0,0.0,0.0
Bengaluru City,Kengeri Traffic PS,1.04432e+16,2023,1,2,Road Accidents,Not Applicable,City/Town,Open area,Human Error,Not Applicable,Grievous Injury,Vehicle to Vehicle,Not at  Junction,Others,Others,Bitumen(Tar),Dry,Not Applicable,Fine,Nanjappa Layout,Stay Grand PG,2.5KM,12.883628,77.470446,0,0,0.0,0.0
Bengaluru City,Kengeri Traffic PS,1.04432e+16,2023,1,2,Road Accidents,Not Applicable,City/Town,Open area,Human Error,No,Not Applicable,Vehicle to Vehicle,Police / Manual,Others,NH,Bitumen(Tar),Dry,Not Applicable,Fine,Mysure Main Road,Janbhararti Signal,4km,12.897301,77.470446,0,0,0.0,0.0
Bengaluru City,Kengeri Traffic PS,1.04432e+16,2023,1,2,Road Accidents,Not Applicable,City/Town,Open area,Human Error,Not Applicable,Grievous Injury,Vehicle to Vehicle,Not at  Junction,Others,Others,Bitumen(Tar),Dry,Not Applicable,Fine,Amma Ashrama Road,Near Amma ashrama,4km,12.902752,77.471556,0,0,0.0,0.0
Bengaluru City,Kengeri Traffic PS,1.04432e+16,2023,1,2,Road Accidents,Not Applicable,City/Town,Open area,Not Applicable,No,Damage Only,Vehicle to Vehicle,Not at  Junction,Others,Others,Bitumen(Tar),Dry,Not Applicable,Fine,Kodipalay Main Road,Vinayak Layout Cross,2.5KM,12.897301,77.473152,0,0,0.0,0.0
Bengaluru City,Kumaraswamy Layout Traffic PS,1.04432e+16,2016,1,1,Road Accidents,Junction,City/Town,Near office complex,Not Applicable,No,Fatal,Hit pedestrian,Not at  Junction,Straight and flat,Others,Surfaced,Dry,No influence on accident,Fine,K.L Layout Main Road,1,3.km,77.56749,12.91099,0,0,,
Bengaluru City,Kumaraswamy Layout Traffic PS,1.04432e+16,2016,1,2,Road Accidents,Circle,City/Town,Near Bus stop,Not Applicable,Yes,Grievous Injury,Others,No signal lights,Others,NH,Surfaced,Dry,Not Applicable,Fine,National,A1,3.5 km,77.57399005,12.91140757,0,0,,
Bengaluru City,Kumaraswamy Layout Traffic PS,1.04432e+16,2016,1,1,Road Accidents,Other,City/Town,At pedestrian Crossing,Not Applicable,No,Grievous Injury,Hit pedestrian,Not at  Junction,Others,Two way,Bitumen(Tar),Dry,Not Applicable,Fine,dambar Road,Near Lake,0.5,77.4186464,12.1129459,0,0,0.0,0.0
Bengaluru City,Kumaraswamy Layout Traffic PS,1.04432e+16,2016,1,1,Road Accidents,Not Applicable,City/Town,Open area,Not Applicable,Not Applicable,Simple Injury,Others,Not at  Junction,Straight and flat,Mixed,Bitumen(Tar),Dry,Not Applicable,Fine,50 Feet road,Susheela glass & Plywoods,2 KM,77.5446514,12.1129463,0,0,0.0,0.0
Bengaluru City,Kumaraswamy Layout Traffic PS,1.04432e+16,2016,1,2,Road Accidents,Not Applicable,City/Town,Open area,Not Applicable,Not Applicable,Simple Injury,Others,Not at  Junction,Straight and flat,City or Town Road,Bitumen(Tar),Dry,Not Applicable,Fine,13th Main road,Near Bank of Baroda,1.5 KM,77.57327434,12.90154455,0,0,0.0,0.0
Bengaluru City,Kumaraswamy Layout Traffic PS,1.04432e+16,2016,1,2,Road Accidents,Narrow road,City/Town,Open area,Not Applicable,No,Damage Only,Rear end,Not at  Junction,Others,Two way,Bitumen(Tar),Dry,Not Applicable,Fine,dambar Road,NEAR HM WORLD CITY,6,77.5563957,12.8858225,0,0,0.0,0.0
Bengaluru City,Kumaraswamy Layout Traffic PS,1.04432e+16,2016,1,2,Road Accidents,Cross roads,City/Town,Near office complex,Not Applicable,Yes,Grievous Injury,Rear end,Police / Manual,Others,City or Town Road,Bitumen(Tar),Dry,Not Applicable,Fine,Damber Road,1,3km,77.553864,12.4089459,0,0,0.0,0.0
Bengaluru City,Kumaraswamy Layout Traffic PS,1.04432e+16,2016,1,1,Road Accidents,Cross roads,City/Town,Near Bus stop,Not Applicable,No,Grievous Injury,Hit pedestrian,Police / Manual,Others,City or Town Road,Bitumen(Tar),Dry,Not Applicable,Fine,Damber Road,Near Bus Stop,4KM,77.553864,12.4089459,0,0,0.0,0.0
Bengaluru City,Kumaraswamy Layout Traffic PS,1.04432e+16,2016,1,2,Road Accidents,Narrow road,City/Town,Near Hospital,Not Applicable,Yes,Damage Only,Others,Police / Manual,Others,City or Town Road,Bitumen(Tar),Dry,Not Applicable,Fine,Damber Road,Near Bus Stop,3,77.553864,12.4089459,0,0,0.0,0.0
Bengaluru City,Kumaraswamy Layout Traffic PS,1.04432e+16,2016,1,1,Road Accidents,Other,City/Town,Residential area,Human Error,Yes,Damage Only,Hit and Run,Not at  Junction,Others,City or Town Road,Bitumen(Tar),Dry,Not Applicable,Fine,Cement Road,Near Bus Stop,2,77.553864,12.4089459,0,0,0.0,0.0
Bengaluru City,Kumaraswamy Layout Traffic PS,1.04432e+16,2016,1,2,Road Accidents,Other,City/Town,Residential area,Not Applicable,Yes,Damage Only,Others,Not at  Junction,Others,City or Town Road,Bitumen(Tar),Dry,Not Applicable,Fine,dambar Road,Double Road,5,0.0,0.0,0,0,0.0,0.0
Bengaluru City,Kumaraswamy Layout Traffic PS,1.04432e+16,2016,1,1,Not Applicable,Other,City/Town,Near office complex,Human Error,Not Applicable,Not Applicable,Others,Not at  Junction,Others,Others,Bitumen(Tar),Dry,Not Applicable,Fine,Dambar Road,Near K S layout,4,77.553864,12.4089459,0,0,0.0,0.0
Bengaluru City,Kumaraswamy Layout Traffic PS,1.04432e+16,2016,1,2,Not Applicable,Other,City/Town,Near Bus stop,Human Error,Yes,Grievous Injury,Others,Not Applicable,Not Applicable,City or Town Road,Bitumen(Tar),Dry,Not Applicable,Fine,Damber road,Kumarswami layout,3 KM,77.553864,12.4089459,0,0,0.0,0.0
Bengaluru City,Kumaraswamy Layout Traffic PS,1.04432e+16,2016,1,1,Road Accidents,Junction,City/Town,Near Bus stop,Not Applicable,No,Simple Injury,Hit pedestrian,Not at  Junction,Straight and flat,NH,Surfaced,Wet,No influence on accident,Fine,Kanakapura Main Road,1,3 Km,77.5561895,12.8856943,0,3,,
Bengaluru City,Kumaraswamy Layout Traffic PS,1.04432e+16,2016,1,1,Road Accidents,Cross roads,City/Town,Near Hospital,Not Applicable,No,Grievous Injury,Others,No signal lights,Straight and flat,City or Town Road,Surfaced,Wet,Not Applicable,Fine,Kanakapura Mian Road,a,2 Km,77.5659,12.8928,0,3,,
Bengaluru City,Kumaraswamy Layout Traffic PS,1.04432e+16,2016,1,2,Road Accidents,Other,City/Town,Open area,Not Applicable,No,Grievous Injury,Others,Not Applicable,Others,Others,Surfaced,Dry,Not Applicable,Fine,nice Road,A2,5 km,77.66829989,12.8743176,0,0,,
Bengaluru City,Kumaraswamy Layout Traffic PS,1.04432e+16,2016,1,1,Road Accidents,Cross roads,City/Town,Near office complex,Not Applicable,No,Fatal,Hit pedestrian,Police / Manual,Others,NH,Bitumen(Tar),Dry,Not Applicable,Fine,Damber Road,Near Vasanthpura Cross,3km,77.6714521,12.219459,0,0,0.0,0.0
Bengaluru City,Kumaraswamy Layout Traffic PS,1.04432e+16,2016,1,2,Road Accidents,Not Applicable,City/Town,Near Bus stop,Not Applicable,Not Applicable,Grievous Injury,Others,Not at  Junction,Straight and flat,Mixed,Bitumen(Tar),Dry,Not Applicable,Fine,Kanakapura main road,Near metro,1.5 KM,77.55386414,12.4089459,0,0,0.0,0.0
Bengaluru City,Kumaraswamy Layout Traffic PS,1.04432e+16,2016,1,2,Road Accidents,Narrow road,City/Town,Near Bus stop,Not Applicable,No,Damage Only,Others,Not at  Junction,Others,NH,Bitumen(Tar),Dry,Not Applicable,Fine,dambar Road,NEAR JARAGANAHALLI BUS STOP,5,77.57327434,12.90154455,0,0,0.0,0.0
Bengaluru City,Kumaraswamy Layout Traffic PS,1.04432e+16,2016,1,2,Road Accidents,Junction,Not Applicable,Near Bus stop,Human Error,Not Applicable,Fatal,Others,Uncontrolled,Curve,Others,Bitumen(Tar),Dry,Not Applicable,Fine,chikkallasandra,chikkallasandra junction,02km,77.5446514,12.1129463,0,0,0.0,0.0
Bengaluru City,Kumaraswamy Layout Traffic PS,1.04432e+16,2016,1,1,Road Accidents,Not Applicable,City/Town,Near Bus stop,Not Applicable,Not Applicable,Grievous Injury,Others,Not at  Junction,Straight and flat,Mixed,Bitumen(Tar),Dry,Not Applicable,Fine,15 F Bus stop road,Near BWSSB water tank,2 KM,77.57327434,12.90154455,0,0,0.0,0.0
Bengaluru City,Kumaraswamy Layout Traffic PS,1.04432e+16,2016,1,1,Road Accidents,Not Applicable,City/Town,Open area,Not Applicable,Not Applicable,Grievous Injury,Others,Not at  Junction,Straight and flat,Two way,Bitumen(Tar),Dry,Not Applicable,Fine,Anjanapura main road,Near Ananda Bhavan Hotel,1 KM,77.573864,12.4289459,0,0,0.0,0.0