DISTRICTNAME,UNITNAME,Crime_No,Year,RI,Noofvehicle_involved,Accident_Classification,Accident_Spot,Accident_Location,Accident_SubLocation,Main_Cause,Hit_Run,Severity,Collision_Type,Junction_Control,Road_Character,Road_Type,Surface_Type,Surface_Condition,Road_Condition,Weather,Accident_Road,Landmark_first,Distance_LandMark_First,Latitude,Longitude,Road_Condition_Score,Surface_Condition_Score,Surface_Type_Score,Road_Risk_Index
Bengaluru City,Kumaraswamy Layout Traffic PS,1.04432e+16,2016,1,1,Road Accidents,Junction,City/Town,Near Hospital,Not Applicable,Yes,Grievous Injury,Hit and Run,Uncontrolled,Straight and flat,NH,Surfaced,Dry,Not Applicable,Clear,National Highway,A2,3 Km,77.5682559,12.8943576,0,0,,
Bengaluru City,Kumaraswamy Layout Traffic PS,1.04432e+16,2016,1,2,Road Accidents,Narrow road,City/Town,Open area,Not Applicable,No,Grievous Injury,Others,Not at  Junction,Others,NH,Bitumen(Tar),Dry,Not Applicable,Fine,Damber Road,Near mandharthi Hotel,3,77.5614521,12.959459,0,0,0.0,0.0
Bengaluru City,Kumaraswamy Layout Traffic PS,1.04432e+16,2016,1,2,Road Accidents,Not Applicable,City/Town,In bazaar,Not Applicable,Not Applicable,Grievous Injury,Others,Not at  Junction,Others,One way,Bitumen(Tar),Dry,Not Applicable,Fine,kanakapura main road,Near Metro Bazar,1 KM,77.5562342,12.8727499,0,0,0.0,0.0
Bengaluru City,Kumaraswamy Layout Traffic PS,1.04432e+16,2016,1,1,Not Applicable,Other,City/Town,Residential area,Human Error,No,Grievous Injury,Hit pedestrian,Not at  Junction,Others,Residential Street,Bitumen(Tar),Dry,Not Applicable,Fine,Dambar Road,Kanakanagara,4,77.553864,12.4089459,0,0,0.0,0.0
Bengaluru City,Kumaraswamy Layout Traffic PS,1.04432e+16,2016,1,2,Road Accidents,Other,City/Town,Near office complex,Human Error,No,Fatal,Others,Not at  Junction,Others,City or Town Road,Bitumen(Tar),Dry,Not Applicable,Fine,Dambar Road,Near Best Club,4,77.553864,12.4089459,0,0,0.0,0.0
Bengaluru City,Kumaraswamy Layout Traffic PS,1.04432e+16,2016,1,2,Road Accidents,Other,City/Town,Near Hospital,Not Applicable,No,Grievous Injury,Rear end,Police / Manual,Others,City or Town Road,Bitumen(Tar),Dry,Not Applicable,Fine,Damber Road,Near Hospital,6KM,77.553864,12.4089459,0,0,0.0,0.0
Bengaluru City,Kumaraswamy Layout Traffic PS,1.04432e+16,2016,1,1,Road Accidents,Narrow road,City/Town,At pedestrian Crossing,Not Applicable,No,Grievous Injury,Hit pedestrian,Not at  Junction,Others,Two way,Bitumen(Tar),Dry,Not Applicable,Fine,dambar Road,near Vasantha Vallabha Temple,02 KM,77.553864,12.4089459,0,0,0.0,0.0
Bengaluru City,Kumaraswamy Layout Traffic PS,1.04432e+16,2016,1,2,Road Accidents,Not Applicable,City/Town,Open area,Not Applicable,Not Applicable,Damage Only,Others,Not at  Junction,Straight and flat,City or Town Road,Bitumen(Tar),Dry,Not Applicable,Fine,Avalahalli Anjanapura main road,Near Anjanapura Road,4,77.553864,12.4089459,0,0,0.0,0.0
Bengaluru City,Kumaraswamy Layout Traffic PS,1.04432e+16,2016,1,2,Road Accidents,Other,City/Town,Near Bus stop,Not Applicable,No,Damage Only,Rear end,Not at  Junction,Others,NH,Bitumen(Tar),Dry,Not Applicable,Fine,dambar Road,Near Khodes Factory Compound,3,0.0,0.0,0,0,0.0,0.0
Bengaluru City,Kumaraswamy Layout Traffic PS,1.04432e+16,2016,1,1,Road Accidents,Other,City/Town,Near School or College,Not Applicable,Not Applicable,Grievous Injury,Hit pedestrian,Police / Manual,Not Applicable,City or Town Road,Bitumen(Tar),Dry,Not Applicable,Fine,dambar road,ks layout 50 feet road,3,77.553864,12.4089459,0,0,0.0,0.0
Bengaluru City,Kumaraswamy Layout Traffic PS,1.04432e+16,2016,1,3,Not Applicable,Narrow road,City/Town,Near office complex,Not Applicable,No,Grievous Injury,Others,Police / Manual,Not Applicable,Two way,Bitumen(Tar),Dry,Not Applicable,Fine,Damber Road,Near Relience Fress,02km,0.0,0.0,0,0,0.0,0.0
Bengaluru City,Kumaraswamy Layout Traffic PS,1.04432e+16,2016,1,2,Road Accidents,Round about or Circle,City/Town,Near Petrol Pump,Not Applicable,Yes,Grievous Injury,Head on,No signal lights,Straight and flat,NH,Surfaced,Wet,Not Applicable,Others,Kanakapura Main Road,a,2 km,0.0,0.0,0,3,,
Bengaluru City,Kumaraswamy Layout Traffic PS,1.04432e+16,2016,1,2,Road Accidents,Not Applicable,City/Town,Near Bus stop,Not Applicable,No,Simple Injury,Not Applicable,Not at  Junction,Others,Others,Kutcha,Others,Not Applicable,Fine,Dr Visnuvardhan Main Road,A2,3.5 km,77.3614521,12.259459,0,1,4.0,5.0
Bengaluru City,Kumaraswamy Layout Traffic PS,1.04432e+16,2016,1,2,Road Accidents,Not Applicable,City/Town,Near Bus stop,Not Applicable,Not Applicable,Damage Only,Hit and Run,Not at  Junction,Not Applicable,City or Town Road,Bitumen(Tar),Dry,Not Applicable,Fine,15 F bus stop road,15 F Bus stop,1.5 KM,77.4286464,12.1129459,0,0,0.0,0.0
Bengaluru City,Kumaraswamy Layout Traffic PS,1.04432e+16,2016,1,1,Road Accidents,Curves,City/Town,Near School or College,Not Applicable,Yes,Grievous Injury,Hit pedestrian,Police / Manual,Others,Others,Bitumen(Tar),Dry,Not Applicable,Fine,dambar Road,D S COLLAGE,3,77.56386414,12.4189459,0,0,0.0,0.0
Bengaluru City,Kumaraswamy Layout Traffic PS,1.04432e+16,2016,1,1,Road Accidents,Other,City/Town,Narrow bridge or culverts,Not Applicable,No,Grievous Injury,Others,Not at  Junction,Others,Others,Bitumen(Tar),Dry,Not Applicable,Fine,Damber Road,1,3,77.553864,12.4089459,0,0,0.0,0.0
Bengaluru City,Kumaraswamy Layout Traffic PS,1.04432e+16,2016,1,2,Road Accidents,Cross roads,City/Town,Near Bus stop,Human Error,Yes,Grievous Injury,Hit and Run,Not at  Junction,Others,City or Town Road,Bitumen(Tar),Dry,Not Applicable,Fine,damber road,VISHNUVARDHANA MAIN ROAD,1 KM,77.553864,12.4089459,0,0,0.0,0.0
Bengaluru City,Kumaraswamy Layout Traffic PS,1.04432e+16,2016,1,1,Road Accidents,Other,City/Town,Near Bus stop,Not Applicable,Yes,Fatal,Hit and Run,Uncontrolled,Not Applicable,NH,Surfaced,Not Applicable,Not Applicable,Clear,KANAKAPURA MAIN ROAD,UMAMAHESHWARI TEMPLE,4KM,12.9136599,12.1129459,0,0,,
Bengaluru City,Kumaraswamy Layout Traffic PS,1.04432e+16,2016,1,3,Road Accidents,Cross roads,City/Town,Open area,Not Applicable,Not Applicable,Simple Injury,Rear end,Not at  Junction,Others,City or Town Road,Bitumen(Tar),Dry,Not Applicable,Fine,Damber Road,Gareage,5,77.553864,12.4089459,0,0,0.0,0.0
Bengaluru City,Kumaraswamy Layout Traffic PS,1.04432e+16,2016,1,2,Road Accidents,Narrow road,City/Town,Near Bus stop,Human Error,Yes,Damage Only,Hit and Run,Not at  Junction,Others,City or Town Road,Bitumen(Tar),Dry,Not Applicable,Fine,Dambar Road,Shani Mahatma Temple,3,77.553864,12.4089459,0,0,0.0,0.0
Bengaluru City,Kumaraswamy Layout Traffic PS,1.04432e+16,2016,1,1,Road Accidents,Round about or Circle,City/Town,Near office complex,Not Applicable,Yes,Grievous Injury,Run Off Road,Not at  Junction,Straight and flat,NH,Surfaced,Dry,No influence on accident,Fine,Kanakapura Main Road,1,4 Km,0.0,0.0,0,0,,
Bengaluru City,Kumaraswamy Layout Traffic PS,1.04432e+16,2016,1,2,Road Accidents,Junction,City/Town,In bazaar,Not Applicable,Yes,Grievous Injury,Others,No signal lights,Not Applicable,Others,Surfaced,Dry,Not Applicable,Fine,Ring Road,A2,3 km,77.65386414,12.8089459,0,0,,
Bengaluru City,Kumaraswamy Layout Traffic PS,1.04432e+16,2016,1,1,Road Accidents,Cross roads,City/Town,In bazaar,Not Applicable,Yes,Grievous Injury,Not Applicable,Not at  Junction,Curve,Others,Surfaced,Dry,Not Applicable,Fine,Kashinagara Main road,A2,3 km,77.9686414,12.1689459,0,0,,
Bengaluru City,Kumaraswamy Layout Traffic PS,1.04432e+16,2016,1,1,Road Accidents,Junction,City/Town,In bazaar,Not Applicable,No,Grievous Injury,Hit pedestrian,Police / Manual,Others,City or Town Road,Bitumen(Tar),Dry,Not Applicable,Fine,Damber Road,NEAR MARKET,4KM,77.5262342,12.8727499,0,0,0.0,0.0
Bengaluru City,Kumaraswamy Layout Traffic PS,1.04432e+16,2016,1,1,Road Accidents,Junction,City/Town,At pedestrian Crossing,Not Applicable,No,Fatal,Hit pedestrian,Police / Manual,Others,NH,Bitumen(Tar),Dry,Not Applicable,Fine,Damber Road,Konnankunte Cross Signal,03KM,77.5886414,12.1889459,0,0,0.0,0.0
Bengaluru City,Kumaraswamy Layout Traffic PS,1.04432e+16,2016,1,2,Road Accidents,Offset,City/Town,In bazaar,Not Applicable,Not Applicable,Damage Only,Others,Not at  Junction,Straight and flat,One way,Bitumen(Tar),Dry,Not Applicable,Fine,Kanakapura Main road,Near Metro,2 KM,77.57327434,12.90154455,0,0,0.0,0.0
Bengaluru City,Kumaraswamy Layout Traffic PS,1.04432e+16,2016,1,2,Road Accidents,Junction,City/Town,Near Bus stop,Not Applicable,Not Applicable,Damage Only,Others,Police / Manual,Straight and flat,One way,Bitumen(Tar),Dry,Not Applicable,Fine,Kanakapura Main road,Near Konanakunte signal,2 KM,77.57327434,12.90154455,0,0,0.0,0.0
Bengaluru City,Kumaraswamy Layout Traffic PS,1.04432e+16,2016,1,2,Road Accidents,Curves,City/Town,Near Bus stop,Not Applicable,Not Applicable,Grievous Injury,Overturning,Signal lights Manual,Curve,City or Town Road,Bitumen(Tar),Dry,Not Applicable,Fine,dambar road,mobile store,4,77.3614521,12.259459,0,0,0.0,0.0
Bengaluru City,Kumaraswamy Layout Traffic PS,1.04432e+16,2016,1,1,Road Accidents,Other,City/Town,Residential area,Not Applicable,No,Grievous Injury,Others,Not at  Junction,Others,Residential Street,Bitumen(Tar),Dry,Not Applicable,Fine,dambar Road,Near Lakshimi venkateswara Temple,4,0.0,0.0,0,0,0.0,0.0
Bengaluru City,Kumaraswamy Layout Traffic PS,1.04432e+16,2016,1,2,Road Accidents,Narrow road,City/Town,Near School or College,Not Applicable,No,Simple Injury,Head on,Not at  Junction,Others,City or Town Road,Bitumen(Tar),Dry,Not Applicable,Fine,dambar Road,cement store,0.5,77.553864,12.4089459,0,0,0.0,0.0
Bengaluru City,Kumaraswamy Layout Traffic PS,1.04432e+16,2016,1,2,Not Applicable,Narrow road,City/Town,Near or inside a village,Not Applicable,No,Damage Only,Rear end,Police / Manual,Others,City or Town Road,Bitumen(Tar),Dry,Not Applicable,Fine,Damber Road,Near shanimahathma Temple,5,77.553864,12.4089459,0,0,0.0,0.0
Bengaluru City,Kumaraswamy Layout Traffic PS,1.04432e+16,2016,1,1,Road Accidents,Cross roads,City/Town,At pedestrian Crossing,Not Applicable,Yes,Fatal,Rear end,Not at  Junction,Others,City or Town Road,Bitumen(Tar),Dry,Not Applicable,Fine,Damber Road,2,6KM,77.553864,12.4089459,0,0,0.0,0.0
Bengaluru City,Kumaraswamy Layout Traffic PS,1.04432e+16,2016,1,1,Road Accidents,Other,City/Town,Near Bus stop,Not Applicable,Not Applicable,Not Applicable,Others,Uncontrolled,Others,Others,Bitumen(Tar),Dry,Not Applicable,Fine,dambar Road,Near Anjeya Temple,0.5,77.553864,12.4089459,0,0,0.0,0.0
Bengaluru City,Kumaraswamy Layout Traffic PS,1.04432e+16,2016,1,1,Road Accidents,Other,City/Town,Near office complex,Human Error,No,Grievous Injury,Others,Not at  Junction,Others,Others,Bitumen(Tar),Dry,Not Applicable,Fine,Dambar Road,Near Bus Stop,5,77.553864,12.4089459,0,0,0.0,0.0
Bengaluru City,Kumaraswamy Layout Traffic PS,1.04432e+16,2016,1,2,Road Accidents,Junction,City/Town,Near Bus stop,Not Applicable,Not Applicable,Damage Only,Right Turn Collision,No signal lights,Others,City or Town Road,Bitumen(Tar),Dry,Not Applicable,Fine,Damber Road,Sarakki Signal,5,77.553864,12.4089459,0,0,0.0,0.0
Bengaluru City,Kumaraswamy Layout Traffic PS,1.04432e+16,2016,1,1,Road Accidents,Cross roads,City/Town,Near office complex,Not Applicable,Yes,Grievous Injury,Hit pedestrian,Police / Manual,Others,City or Town Road,Bitumen(Tar),Dry,Not Applicable,Fine,Damber Road,1,4KM,77.553864,12.4089459,0,0,0.0,0.0
Bengaluru City,Kumaraswamy Layout Traffic PS,1.04432e+16,2016,1,2,Road Accidents,Junction,City/Town,Near Bus stop,Not Applicable,No,Damage Only,Others,Police / Manual,Others,City or Town Road,Bitumen(Tar),Dry,Not Applicable,Fine,Damber Road,Near Kodes Factory,03KM,77.5562342,12.8727499,0,0,0.0,0.0
Bengaluru City,Kumaraswamy Layout Traffic PS,1.04432e+16,2016,1,2,Not Applicable,Cross roads,City/Town,Near a factory industrial area,Not Applicable,No,Grievous Injury,Overturning,Police / Manual,Others,City or Town Road,Bitumen(Tar),Dry,Not Applicable,Fine,Damber Road,Near Bus Stop,4,77.6662342,12.7827499,0,0,0.0,0.0
Bengaluru City,Kumaraswamy Layout Traffic PS,1.04432e+16,2016,1,1,Road Accidents,Narrow road,City/Town,Near office complex,Not Applicable,Not Applicable,Grievous Injury,Rear end,Not at  Junction,Others,City or Town Road,Bitumen(Tar),Dry,Not Applicable,Fine,dambar Road,NEAR CHIKAN CENTER,4,77.553864,12.4089459,0,0,0.0,0.0
Bengaluru City,Kumaraswamy Layout Traffic PS,1.04432e+16,2016,1,2,Road Accidents,Not Applicable,City/Town,Near a religious place,Not Applicable,Not Applicable,Not Applicable,Others,Not at  Junction,Straight and flat,City or Town Road,Bitumen(Tar),Dry,Not Applicable,Fine,Kanakapura Main road,Near Ganesha Tempele,1.5 KM,77.553864,12.4089459,0,0,0.0,0.0
Bengaluru City,Kumaraswamy Layout Traffic PS,1.04432e+16,2016,1,1,Road Accidents,Not Applicable,City/Town,Open area,Not Applicable,Not Applicable,Simple Injury,Not Applicable,Not at  Junction,Straight and flat,City or Town Road,Bitumen(Tar),Dry,Not Applicable,Fine,4th Main road,Near Padmanabhanagara,2 KM,77.553864,12.4089459,0,0,0.0,0.0
Bengaluru City,Kumaraswamy Layout Traffic PS,1.04432e+16,2016,1,1,Road Accidents,Narrow road,City/Town,At pedestrian Crossing,Not Applicable,Yes,Grievous Injury,Hit pedestrian,Not at  Junction,Others,Two way,Bitumen(Tar),Dry,Not Applicable,Fine,dambar Road,NEAR DWARAKA HOTEL,5,0.0,0.0,0,0,0.0,0.0
Bengaluru City,Kumaraswamy Layout Traffic PS,1.04432e+16,2016,1,2,Road Accidents,Narrow road,City/Town,Near office complex,Not Applicable,Yes,Grievous Injury,Rear end,Police / Manual,Others,City or Town Road,Bitumen(Tar),Dry,Not Applicable,Fine,Damber Road,NEAR MEDPULS MADICAL,03KM,77.553864,12.4089459,0,0,0.0,0.0
Bengaluru City,Kumaraswamy Layout Traffic PS,1.04432e+16,2016,1,2,Road Accidents,Junction,City/Town,In bazaar,Not Applicable,No,Grievous Injury,Others,No signal lights,Not Applicable,Others,Surfaced,Dry,Not Applicable,Fine,"Dr, Vishnuvardhan Road",1,1 Km,77.56749,12.91099,0,0,,
Bengaluru City,Kumaraswamy Layout Traffic PS,1.04432e+16,2016,1,1,Road Accidents,Junction,City/Town,Near School or College,Not Applicable,Yes,Damage Only,Others,Not Applicable,Straight and flat,City or Town Road,Surfaced,Dry,Not Applicable,Fine,National Highway,A2,3 Km,77.5527215,12.8875208,0,0,,
Bengaluru City,Kumaraswamy Layout Traffic PS,1.04432e+16,2016,1,2,Road Accidents,Curves,City/Town,Near office complex,Not Applicable,Yes,Damage Only,Others,Not at  Junction,Curve,Others,Kutcha,Dry,Not Applicable,Fine,Dr Vishnuvardhan Main Road,B1,0.5 km,77.54258509,12.90581073,0,0,4.0,4.0
Bengaluru City,Kumaraswamy Layout Traffic PS,1.04432e+16,2016,1,2,Road Accidents,Other,City/Town,Residential area,Not Applicable,Yes,Grievous Injury,Others,Not at  Junction,Others,Residential Street,Bitumen(Tar),Dry,Not Applicable,Fine,dambar Road,Near dore kere lake,4,77.4286464,12.90154455,0,0,0.0,0.0
Bengaluru City,Kumaraswamy Layout Traffic PS,1.04432e+16,2016,1,2,Road Accidents,Junction,City/Town,Near Petrol Pump,Not Applicable,No,Damage Only,Rear end,Signal lights Manual,Curve,City or Town Road,Bitumen(Tar),Dry,Not Applicable,Fine,dambar road,rimg road,4 km,77.4486464,12.1229459,0,0,0.0,0.0
Bengaluru City,Kumaraswamy Layout Traffic PS,1.04432e+16,2016,1,2,Road Accidents,Other,City/Town,Near Bus stop,Human Error,No,Grievous Injury,Others,Not at  Junction,Not Applicable,City or Town Road,Bitumen(Tar),Dry,Not Applicable,Fine,damrer road,Anjanapura main road,6 km,77.553864,12.4089459,0,0,0.0,0.0
Bengaluru City,Kumaraswamy Layout Traffic PS,1.04432e+16,2016,1,1,Road Accidents,Other,City/Town,Residential area,Human Error,Not Applicable,Fatal,Hit pedestrian,Not at  Junction,Others,Others,Bitumen(Tar),Dry,Not Applicable,Fine,Dambar Road,Near Subhash Chandra Bosh Road,5,77.553864,12.4089459,0,0,0.0,0.0
Bengaluru City,Kumaraswamy Layout Traffic PS,1.04432e+16,2016,1,2,Road Accidents,Narrow road,City/Town,Near office complex,Not Applicable,No,Grievous Injury,Rear end,Not at  Junction,Others,City or Town Road,Bitumen(Tar),Dry,Not Applicable,Fine,Damber Road,Near Hotel,4,77.553864,12.4089459,0,0,0.0,0.0
Bengaluru City,Kumaraswamy Layout Traffic PS,1.04432e+16,2016,1,2,Road Accidents,Other,City/Town,Near Bus stop,Not Applicable,No,Grievous Injury,Others,Not at  Junction,Others,City or Town Road,Bitumen(Tar),Dry,Not Applicable,Fine,dambar Road,Ittamadu Road,02 KM,77.553864,12.4089459,0,0,0.0,0.0
Bengaluru City,Kumaraswamy Layout Traffic PS,1.04432e+16,2016,1,2,Road Accidents,Narrow road,City/Town,Residential area,Human Error,No,Grievous Injury,Others,Not at  Junction,Others,City or Town Road,Bitumen(Tar),Dry,Not Applicable,Fine,Dambar Road,Near Manjunatha Studio,5,77.553864,12.4089459,0,0,0.0,0.0
Bengaluru City,Kumaraswamy Layout Traffic PS,1.04432e+16,2016,1,1,Road Accidents,Cross roads,City/Town,Near Hospital,Not Applicable,No,Simple Injury,Hit pedestrian,No signal lights,Curve and Incline,Others,Surfaced,Dry,Not Applicable,Fine,K.S Layout Main Road,a2,3 Km,77.56749,12.91099,0,0,,
Bengaluru City,Kumaraswamy Layout Traffic PS,1.04432e+16,2016,1,2,Road Accidents,Circle,City/Town,Open area,Not Applicable,Not Applicable,Damage Only,Others,Not at  Junction,Others,Two way,Bitumen(Tar),Dry,Not Applicable,Fine,Kanakapura Main road,Sarakki signal,2.5 KM,77.57554697,12.87149652,0,0,0.0,0.0
Bengaluru City,Kumaraswamy Layout Traffic PS,1.04432e+16,2016,1,1,Road Accidents,Other,City/Town,At pedestrian Crossing,Not Applicable,No,Fatal,Hit pedestrian,Police / Manual,Others,Residential Street,Kutcha,Dry,Not Applicable,Fine,Conceret,Near 12 Cross,02km,77.5809605,12.8657763,0,0,4.0,4.0
Bengaluru City,Kumaraswamy Layout Traffic PS,1.04432e+16,2016,1,1,Road Accidents,Cross roads,City/Town,Residential area,Human Error,No,Fatal,Others,Not Applicable,Curve,Two way,Bitumen(Tar),Dry,Not Applicable,Clear,ANJANAPURA ROAD,1,1,77.56386414,12.4089459,0,0,0.0,0.0
Bengaluru City,Kumaraswamy Layout Traffic PS,1.04432e+16,2016,1,1,Road Accidents,Narrow road,City/Town,Near office complex,Not Applicable,Yes,Grievous Injury,Hit pedestrian,Not at  Junction,Others,City or Town Road,Bitumen(Tar),Dry,Not Applicable,Fine,dambar Road,Near Ganesh Condiments,6,77.6814521,12.229459,0,0,0.0,0.0
Bengaluru City,Kumaraswamy Layout Traffic PS,1.04432e+16,2016,1,2,Road Accidents,Junction,City/Town,Near Bus stop,Not Applicable,Yes,Grievous Injury,Others,Police / Manual,Others,City or Town Road,Bitumen(Tar),Dry,Not Applicable,Fine,Damber Road,Near Bus Stop,03KM,77.57327434,12.90154455,0,0,0.0,0.0
Bengaluru City,Kumaraswamy Layout Traffic PS,1.04432e+16,2016,1,1,Road Accidents,Other,City/Town,At pedestrian Crossing,Not Applicable,No,Fatal,Hit pedestrian,Police / Manual,Others,NH,Bitumen(Tar),Dry,Not Applicable,Fine,Damber Road,Near Metro,05 km,77.57327434,12.90154455,0,0,0.0,0.0
Bengaluru City,Kumaraswamy Layout Traffic PS,1.04432e+16,2016,1,2,Not Applicable,Cross roads,City/Town,Residential area,Not Applicable,No,Grievous Injury,Rear end,Police / Manual,Others,Others,Bitumen(Tar),Dry,Not Applicable,Fine,Damber Road,Near Best Club,5,77.553864,12.4089459,0,0,0.0,0.0
Bengaluru City,Kumaraswamy Layout Traffic PS,1.04432e+16,2016,1,2,Road Accidents,Junction,City/Town,In bazaar,Not Applicable,No,Damage Only,Rear end,Signal lights Automatic,Not Applicable,City or Town Road,Bitumen(Tar),Dry,Not Applicable,Fine,Damber Road,Near Sarakki Gate,05 km,77.4286464,12.1129459,0,0,0.0,0.0
Bengaluru City,Kumaraswamy Layout Traffic PS,1.04432e+16,2016,1,2,Road Accidents,Not Applicable,City/Town,Near a religious place,Not Applicable,Not Applicable,Grievous Injury,Others,Not at  Junction,Straight and flat,City or Town Road,Bitumen(Tar),Dry,Not Applicable,Fine,Bannerughatta main road,Near Vinayaka Tempele,3 KM,77.553864,12.4089459,0,0,0.0,0.0
Bengaluru City,Kumaraswamy Layout Traffic PS,1.04432e+16,2016,1,2,Road Accidents,Narrow road,City/Town,Near office complex,Not Applicable,Yes,Damage Only,Others,Police / Manual,Others,NH,Bitumen(Tar),Dry,Not Applicable,Fine,Damber Road,Merto,5,77.553864,12.4089459,0,0,0.0,0.0
Bengaluru City,Kumaraswamy Layout Traffic PS,1.04432e+16,2016,1,2,Road Accidents,Other,City/Town,Near a religious place,Not Applicable,Not Applicable,Grievous Injury,Others,Not at  Junction,Straight and flat,City or Town Road,Bitumen(Tar),Dry,Not Applicable,Fine,Uttharahalli Main road,Near Saibaaba tempele,0.5 KM,77.553864,12.4089459,0,0,0.0,0.0
Bengaluru City,Kumaraswamy Layout Traffic PS,1.04432e+16,2017,1,2,Road Accidents,Junction,City/Town,Near a factory industrial area,Not Applicable,Not Applicable,Grievous Injury,Head on,Police / Manual,Not Applicable,City or Town Road,Kutcha,Dry,Not Applicable,Fine,Damber Road,Near shanimahathma Temple,02km,77.553864,12.4089459,0,0,4.0,4.0
Bengaluru City,Kumaraswamy Layout Traffic PS,1.04432e+16,2017,1,2,Road Accidents,Junction,City/Town,Residential area,Not Applicable,Not Applicable,Grievous Injury,Head on,Police / Manual,Not Applicable,Residential Street,Kutcha,Dry,Not Applicable,Fine,Damber Road,RBI LAYOUT,05 km,12.89047086,77.57081006,0,0,4.0,4.0
Bengaluru City,Kumaraswamy Layout Traffic PS,1.04432e+16,2017,1,1,Road Accidents,Junction,City/Town,At pedestrian Crossing,Not Applicable,Yes,Grievous Injury,Hit pedestrian,Police / Manual,Not Applicable,State Highway,Bitumen(Tar),Dry,Not Applicable,Fine,Damber Road,Sai Ram Hostipl,04 km,12.89344428,77.56993532,0,0,0.0,0.0
Bengaluru City,Kumaraswamy Layout Traffic PS,1.04432e+16,2017,1,2,Road Accidents,Cross roads,City/Town,Near Bus stop,Not Applicable,Yes,Simple Injury,Hit and Run,Police / Manual,Sharp Curve,City or Town Road,Bitumen(Tar),Dry,Not Applicable,Fine,Damber Road,near temple,3,12.88050587,77.57503794,0,0,0.0,0.0
Bengaluru City,Kumaraswamy Layout Traffic PS,1.04432e+16,2017,1,2,Road Accidents,Narrow road,Rural Areas,Near office complex,Not Applicable,No,Grievous Injury,Others,Not at  Junction,Others,NH,Bitumen(Tar),Dry,Not Applicable,Fine,Dambar Road,Near BWSS Office,7,12.8841203,77.5510012,0,0,0.0,0.0
Bengaluru City,Kumaraswamy Layout Traffic PS,1.04432e+16,2017,1,1,Road Accidents,Narrow road,City/Town,Open area,Not Applicable,No,Grievous Injury,Rear end,Not at  Junction,Others,Two way,Bitumen(Tar),Dry,Not Applicable,Fine,dambar Road,Nice Road,8,0.0,0.0,0,0,0.0,0.0
Bengaluru City,Kumaraswamy Layout Traffic PS,1.04432e+16,2017,1,1,Road Accidents,Cross roads,City/Town,Near Bus stop,Not Applicable,Yes,Simple Injury,Hit pedestrian,Not at  Junction,Others,Two way,Bitumen(Tar),Dry,Not Applicable,Fine,Dambar Road,Near Police Station,5,0.0,0.0,0,0,0.0,0.0
Bengaluru City,Kumaraswamy Layout Traffic PS,1.04432e+16,2017,1,2,Road Accidents,Other,City/Town,Near School or College,Not Applicable,Yes,Grievous Injury,Others,Not at  Junction,Others,City or Town Road,Bitumen(Tar),Dry,Not Applicable,Fine,Dambar Road,Near Dayananda College,4,0.0,0.0,0,0,0.0,0.0
Bengaluru City,Kumaraswamy Layout Traffic PS,1.04432e+16,2017,1,1,Road Accidents,Narrow road,City/Town,Near office complex,Human Error,No,Grievous Injury,Hit pedestrian,Not at  Junction,Others,City or Town Road,Bitumen(Tar),Dry,Not Applicable,Fine,Dambar Road,Near Surabhi Hotel,03 KM,12.88289563,77.56647782,0,0,0.0,0.0
Bengaluru City,Kumaraswamy Layout Traffic PS,1.04432e+16,2017,1,1,Road Accidents,Circle,City/Town,At pedestrian Crossing,Human Error,No,Grievous Injury,Hit pedestrian,Not at  Junction,Others,City or Town Road,Bitumen(Tar),Dry,Not Applicable,Fine,Dambar Road,Near Kadirenahalli Circel,2,0.0,0.0,0,0,0.0,0.0
Bengaluru City,Kumaraswamy Layout Traffic PS,1.04432e+16,2017,1,2,Road Accidents,Narrow road,City/Town,Near office complex,Human Error,No,Damage Only,Others,Not at  Junction,Others,NH,Bitumen(Tar),Dry,Not Applicable,Fine,Dambar Road,Near A2B Hotel,3,0.0,0.0,0,0,0.0,0.0
Bengaluru City,Kumaraswamy Layout Traffic PS,1.04432e+16,2017,1,2,Road Accidents,Other,City/Town,Near office complex,Human Error,No,Simple Injury,Head on,Not at  Junction,Others,City or Town Road,Bitumen(Tar),Dry,Not Applicable,Fine,Damber road,Near ICICI Bank,1 KM,0.0,0.0,0,0,0.0,0.0
Bengaluru City,Kumaraswamy Layout Traffic PS,1.04432e+16,2017,1,1,Road Accidents,Narrow road,City/Town,Near office complex,Human Error,No,Not Applicable,Hit animal,Not at  Junction,Others,NH,Bitumen(Tar),Dry,Not Applicable,Fine,Dambar Road,Near Temple,06 KM,0.0,0.0,0,0,0.0,0.0