DISTRICTNAME,UNITNAME,Crime_No,Year,RI,Noofvehicle_involved,Accident_Classification,Accident_Spot,Accident_Location,Accident_SubLocation,Main_Cause,Hit_Run,Severity,Collision_Type,Junction_Control,Road_Character,Road_Type,Surface_Type,Surface_Condition,Road_Condition,Weather,Accident_Road,Landmark_first,Distance_LandMark_First,Latitude,Longitude,Road_Condition_Score,Surface_Condition_Score,Surface_Type_Score,Road_Risk_Index
Bengaluru City,Kumaraswamy Layout Traffic PS,1.04432e+16,2017,1,1,Road Accidents,Curves,City/Town,Near a factory industrial area,Human Error,No,Simple Injury,Others,Not at  Junction,Others,City or Town Road,Bitumen(Tar),Dry,Not Applicable,Fine,Damber road,Hrinagara Cross,03 KM,0.0,0.0,0,0,0.0,0.0
Bengaluru City,Kumaraswamy Layout Traffic PS,1.04432e+16,2017,1,2,Road Accidents,Other,City/Town,Near office complex,Human Error,No,Grievous Injury,Head on,Not Applicable,Others,City or Town Road,Bitumen(Tar),Dry,Not Applicable,Fine,Dambar Road,Near B K Circel,8,0.0,0.0,0,0,0.0,0.0
Bengaluru City,Kumaraswamy Layout Traffic PS,1.04432e+16,2017,1,1,Road Accidents,Cross roads,City/Town,At pedestrian Crossing,Not Applicable,Yes,Grievous Injury,Hit pedestrian,Police / Manual,Curve,Two way,Bitumen(Tar),Dry,Not Applicable,Fine,Damber Road,Vallabha Temple,1 KM,77.553864,12.4089459,0,0,0.0,0.0
Bengaluru City,Kumaraswamy Layout Traffic PS,1.04432e+16,2017,1,1,Road Accidents,Cross roads,City/Town,Near School or College,Not Applicable,Yes,Grievous Injury,Hit pedestrian,Police / Manual,Not Applicable,Residential Street,Bitumen(Tar),Dry,Not Applicable,Fine,Damber,Near Plora School,04 km,0.0,0.0,0,0,0.0,0.0
Bengaluru City,Kumaraswamy Layout Traffic PS,1.04432e+16,2017,1,2,Road Accidents,Not Applicable,City/Town,Open area,Not Applicable,Not Applicable,Not Applicable,Others,Not at  Junction,Straight and flat,City or Town Road,Bitumen(Tar),Dry,Not Applicable,Fine,Kumaraswamy layout main road,Near Amba Bhavani templele,2 KM,0.0,0.0,0,0,0.0,0.0
Bengaluru City,Kumaraswamy Layout Traffic PS,1.04432e+16,2017,1,1,Road Accidents,Other,Rural Areas,Residential area,Not Applicable,Not Applicable,Grievous Injury,Others,Not at  Junction,Others,Others,Bitumen(Tar),Dry,Not Applicable,Fine,Dambar Road,Near Purvankura Apprartment,06 KM,0.0,0.0,0,0,0.0,0.0
Bengaluru City,Kumaraswamy Layout Traffic PS,1.04432e+16,2017,1,1,Road Accidents,Narrow road,City/Town,At pedestrian Crossing,Human Error,Yes,Grievous Injury,Hit pedestrian,Not at  Junction,Others,Others,Bitumen(Tar),Dry,Not Applicable,Fine,Dambar Road,kottanuru Main Road,5,0.0,0.0,0,0,0.0,0.0
Bengaluru City,Kumaraswamy Layout Traffic PS,1.04432e+16,2017,1,2,Road Accidents,Narrow road,City/Town,In bazaar,Not Applicable,Not Applicable,Damage Only,Rear end,Not at  Junction,Others,NH,Bitumen(Tar),Dry,Not Applicable,Fine,dambar road,Sarkki market,5 km,12.8831411,77.56498259,0,0,0.0,0.0
Bengaluru City,Kumaraswamy Layout Traffic PS,1.04432e+16,2017,1,2,Road Accidents,Other,Rural Areas,Open area,Human Error,Not Applicable,Simple Injury,Others,Not at  Junction,Others,Residential Street,Bitumen(Tar),Dry,Not Applicable,Fine,Dambar Road,Near Shobha Appart Ment,6,12.83962,77.571729,0,0,0.0,0.0
Bengaluru City,Kumaraswamy Layout Traffic PS,1.04432e+16,2017,1,1,Road Accidents,Other,Rural Areas,Narrow bridge or culverts,Human Error,Not Applicable,Grievous Injury,Others,Not at  Junction,Others,Others,Bitumen(Tar),Dry,Not Applicable,Fine,Dambar Road,Near Bridge,6,12.936197,77.555886,0,0,0.0,0.0
Bengaluru City,Kumaraswamy Layout Traffic PS,1.04432e+16,2017,1,2,Road Accidents,Narrow road,City/Town,Near office complex,Human Error,No,Grievous Injury,Others,Not at  Junction,Others,Others,Bitumen(Tar),Dry,Not Applicable,Fine,Dambar Road,kottanuru Main Road,8,0.0,0.0,0,0,0.0,0.0
Bengaluru City,Kumaraswamy Layout Traffic PS,1.04432e+16,2017,1,2,Road Accidents,Narrow road,City/Town,Near office complex,Human Error,No,Damage Only,Hit and Run,Not at  Junction,Others,City or Town Road,Bitumen(Tar),Dry,Not Applicable,Fine,Dambar Road,Near Prathan School,3,0.0,0.0,0,0,0.0,0.0
Bengaluru City,Kumaraswamy Layout Traffic PS,1.04432e+16,2017,1,2,Road Accidents,Other,City/Town,Narrow bridge or culverts,Vehicle Defect,No,Damage Only,Others,Not at  Junction,Others,City or Town Road,Bitumen(Tar),Dry,Not Applicable,Fine,Nice road,Kanakapura main road,5km,0.0,0.0,0,0,0.0,0.0
Bengaluru City,Kumaraswamy Layout Traffic PS,1.04432e+16,2017,1,2,Road Accidents,Other,City/Town,Open area,Human Error,No,Fatal,Rear end,Not at  Junction,Others,City or Town Road,Bitumen(Tar),Dry,Not Applicable,Fine,Nice road,Near Nagegowdanapalya Bridge,4 KM,12.861265,77.518625,0,0,0.0,0.0
Bengaluru City,Kumaraswamy Layout Traffic PS,1.04432e+16,2017,1,2,Road Accidents,Circle,City/Town,Near office complex,Not Applicable,Not Applicable,Grievous Injury,Others,Police / Manual,Others,City or Town Road,Bitumen(Tar),Dry,Not Applicable,Fine,Damber Road,Near Channamma Circel,4KM,77.553864,12.4089459,0,0,0.0,0.0
Bengaluru City,Kumaraswamy Layout Traffic PS,1.04432e+16,2017,1,2,Road Accidents,Narrow road,City/Town,Near Bus stop,Not Applicable,No,Fatal,Side swipe,Uncontrolled,Not Applicable,NH,Bitumen(Tar),Dry,Not Applicable,Fine,Damber Road,Near Bus Stop,3km,12.89344428,77.56993532,0,0,0.0,0.0
Bengaluru City,Kumaraswamy Layout Traffic PS,1.04432e+16,2017,1,2,Road Accidents,Narrow road,City/Town,Near Bus stop,Not Applicable,Yes,Grievous Injury,Hit and Run,Uncontrolled,Others,City or Town Road,Bitumen(Tar),Dry,Not Applicable,Fine,Damber Road,Near Patalamma Temple,2 KM,12.9054085,77.54224539,0,0,0.0,0.0
Bengaluru City,Kumaraswamy Layout Traffic PS,1.04432e+16,2017,1,2,Road Accidents,Narrow road,City/Town,Near or inside a village,Not Applicable,No,Grievous Injury,Others,Not at  Junction,Others,NH,Bitumen(Tar),Dry,Not Applicable,Fine,Dambar Road,Near Ganesha Bankers,02 KM,0.0,0.0,0,0,0.0,0.0
Bengaluru City,Kumaraswamy Layout Traffic PS,1.04432e+16,2017,1,1,Road Accidents,Other,City/Town,Open area,Not Applicable,Not Applicable,Grievous Injury,Others,Not at  Junction,Straight and flat,City or Town Road,Bitumen(Tar),Dry,Not Applicable,Fine,Kanakapura Main road,Near Hasamane hall,3 KM,0.0,0.0,0,0,0.0,0.0
Bengaluru City,Kumaraswamy Layout Traffic PS,1.04432e+16,2017,1,2,Road Accidents,Other,City/Town,Open area,Not Applicable,Not Applicable,Grievous Injury,Not Applicable,Not Applicable,Straight and flat,City or Town Road,Bitumen(Tar),Dry,Not Applicable,Fine,Jambusavaridinne road,Infront of Lahola school,4 KM,0.0,0.0,0,0,0.0,0.0
Bengaluru City,Kumaraswamy Layout Traffic PS,1.04432e+16,2017,1,2,Road Accidents,Narrow road,Rural Areas,Open area,Not Applicable,Not Applicable,Grievous Injury,Head on,Not at  Junction,Others,Others,Bitumen(Tar),Dry,Not Applicable,Fine,Dambar Road,Turahalli Forest,9,12.88273327,77.55665531,0,0,0.0,0.0
Bengaluru City,Kumaraswamy Layout Traffic PS,1.04432e+16,2017,1,2,Road Accidents,Narrow road,City/Town,Residential area,Not Applicable,Not Applicable,Simple Injury,Head on,Not at  Junction,Others,City or Town Road,Bitumen(Tar),Dry,Not Applicable,Fine,Dambar Road,Near Green veg Hotel,7,0.0,0.0,0,0,0.0,0.0
Bengaluru City,Kumaraswamy Layout Traffic PS,1.04432e+16,2017,1,2,Road Accidents,Narrow road,City/Town,Near Hospital,Not Applicable,No,Simple Injury,Others,Not at  Junction,Curve,City or Town Road,Bitumen(Tar),Dry,Not Applicable,Fine,Dambar Road,Near Chikkagowdanapalya,3,12.90711393,77.5439924,0,0,0.0,0.0
Bengaluru City,Kumaraswamy Layout Traffic PS,1.04432e+16,2017,1,2,Road Accidents,Other,City/Town,Near office complex,Human Error,No,Grievous Injury,Others,Not at  Junction,Others,NH,Bitumen(Tar),Dry,Not Applicable,Fine,Dambar Road,Near Metro,5,0.0,0.0,0,0,0.0,0.0
Bengaluru City,Kumaraswamy Layout Traffic PS,1.04432e+16,2017,1,2,Road Accidents,Not Applicable,City/Town,Open area,Not Applicable,No,Grievous Injury,Others,Signal lights Manual,Straight and flat,City or Town Road,Bitumen(Tar),Dry,Not Applicable,Fine,Konanakunte signle,Konanakunte signle,5 km,0.0,0.0,0,0,0.0,0.0
Bengaluru City,Kumaraswamy Layout Traffic PS,1.04432e+16,2017,1,2,Road Accidents,Other,City/Town,Near office complex,Human Error,No,Grievous Injury,Rear end,Not at  Junction,Others,Two way,Bitumen(Tar),Dry,Not Applicable,Fine,Dambar Road,Kempegowda Circle,8,0.0,0.0,0,0,0.0,0.0
Bengaluru City,Kumaraswamy Layout Traffic PS,1.04432e+16,2017,1,2,Road Accidents,Other,City/Town,Near office complex,Human Error,Yes,Damage Only,Others,Not at  Junction,Others,City or Town Road,Bitumen(Tar),Dry,Not Applicable,Fine,Dambar Road,Near Lakkanna Main Road,3,0.0,0.0,0,0,0.0,0.0
Bengaluru City,Kumaraswamy Layout Traffic PS,1.04432e+16,2017,1,1,Road Accidents,Narrow road,City/Town,Near Bus stop,Human Error,Not Applicable,Grievous Injury,Hit pedestrian,Not Applicable,Others,NH,Bitumen(Tar),Dry,Not Applicable,Fine,Dambar Road,Near Chunchaghatta Cross,4,0.0,0.0,0,0,0.0,0.0
Bengaluru City,Kumaraswamy Layout Traffic PS,1.04432e+16,2017,1,1,Road Accidents,Narrow road,City/Town,Near School or College,Human Error,Yes,Grievous Injury,Hit pedestrian,Not Applicable,Others,City or Town Road,Bitumen(Tar),Dry,Not Applicable,Others,Dambar Road,Near Murali School,2,0.0,0.0,0,0,0.0,0.0
Bengaluru City,Kumaraswamy Layout Traffic PS,1.04432e+16,2017,1,2,Road Accidents,Circle,City/Town,Near Bus stop,Human Error,Yes,Damage Only,Hit and Run,Not at  Junction,Others,City or Town Road,Bitumen(Tar),Dry,Not Applicable,Fine,Dambar Road,Near Bus Stop,02 KM,0.0,0.0,0,0,0.0,0.0
Bengaluru City,Kumaraswamy Layout Traffic PS,1.04432e+16,2017,1,2,Road Accidents,Other,City/Town,Near Bus stop,Human Error,Not Applicable,Simple Injury,Others,Not at  Junction,Not Applicable,City or Town Road,Bitumen(Tar),Dry,Not Applicable,Fine,Damber road,Near Mahendra ATM,5 km,0.0,0.0,0,0,0.0,0.0
Bengaluru City,Kumaraswamy Layout Traffic PS,1.04432e+16,2017,1,1,Road Accidents,Not Applicable,City/Town,Open area,Human Error,Not Applicable,Grievous Injury,Hit pedestrian,Not Applicable,Not Applicable,City or Town Road,Bitumen(Tar),Dry,Drainage Ditch,Fine,Damber Road,Masala Hotel,2 KM,77.553864,12.4089459,4,0,0.0,4.0
Bengaluru City,Kumaraswamy Layout Traffic PS,1.04432e+16,2017,1,2,Road Accidents,Cross roads,City/Town,Near School or College,Not Applicable,Yes,Simple Injury,Hit and Run,No signal lights,Curve,City or Town Road,Bitumen(Tar),Dry,Not Applicable,Fine,Damber Road,Dayananda collage,04 km,77.553864,12.4089459,0,0,0.0,0.0
Bengaluru City,Kumaraswamy Layout Traffic PS,1.04432e+16,2017,1,2,Road Accidents,Bridge,City/Town,Narrow bridge or culverts,Not Applicable,Yes,Damage Only,Others,Police / Manual,Not Applicable,Two way,Bitumen(Tar),Dry,Not Applicable,Fine,Damber Road,K S Layout Jenction,03km,12.90752818,77.55291611,0,0,0.0,0.0
Bengaluru City,Kumaraswamy Layout Traffic PS,1.04432e+16,2017,1,2,Road Accidents,Junction,City/Town,Near School or College,Not Applicable,No,Damage Only,Head on,Police / Manual,Others,Two way,Bitumen(Tar),Dry,Not Applicable,Fine,dambar Road,Near Dayananda College,3,0.0,0.0,0,0,0.0,0.0
Bengaluru City,Kumaraswamy Layout Traffic PS,1.04432e+16,2017,1,2,Road Accidents,Junction,City/Town,Open area,Not Applicable,No,Damage Only,Rear end,Police / Manual,Others,NH,Bitumen(Tar),Dry,Not Applicable,Fine,Dambar Road,Kanakapura Main Road Janction,5,12.88273327,77.55665531,0,0,0.0,0.0
Bengaluru City,Kumaraswamy Layout Traffic PS,1.04432e+16,2017,1,1,Road Accidents,Other,Rural Areas,Open area,Not Applicable,Not Applicable,Simple Injury,Others,Not at  Junction,Others,Others,Bitumen(Tar),Dry,Not Applicable,Fine,Dambar Road,Nice Road,7,12.88253699,77.55773814,0,0,0.0,0.0
Bengaluru City,Kumaraswamy Layout Traffic PS,1.04432e+16,2017,1,1,Road Accidents,Other,City/Town,Residential area,Not Applicable,Not Applicable,Damage Only,Others,Not at  Junction,Others,Others,Bitumen(Tar),Dry,Not Applicable,Fine,Dambar Road,Near Gubbalala Gate,8,12.88273327,77.55665531,0,0,0.0,0.0
Bengaluru City,Kumaraswamy Layout Traffic PS,1.04432e+16,2017,1,2,Road Accidents,Other,City/Town,Near Bus stop,Not Applicable,No,Damage Only,Others,Not at  Junction,Others,NH,Bitumen(Tar),Dry,Not Applicable,Fine,damber road,Kanakapura main road,3 KM,0.0,0.0,0,0,0.0,0.0
Bengaluru City,Kumaraswamy Layout Traffic PS,1.04432e+16,2017,1,1,Road Accidents,Narrow road,City/Town,At pedestrian Crossing,Human Error,No,Grievous Injury,Hit pedestrian,Not at  Junction,Others,NH,Bitumen(Tar),Dry,Not Applicable,Fine,Dambar Road,Near K S I T College,05 KM,0.0,0.0,0,0,0.0,0.0
Bengaluru City,Kumaraswamy Layout Traffic PS,1.04432e+16,2017,1,2,Road Accidents,Other,Rural Areas,Open area,Human Error,Not Applicable,Fatal,Rear end,Not at  Junction,Others,Others,Bitumen(Tar),Dry,Not Applicable,Fine,Dambar Road,Nice Road,8,0.0,0.0,0,0,0.0,0.0
Bengaluru City,Kumaraswamy Layout Traffic PS,1.04432e+16,2017,1,2,Road Accidents,Narrow road,City/Town,Near Bus stop,Human Error,Yes,Grievous Injury,Hit and Run,Not at  Junction,Others,City or Town Road,Bitumen(Tar),Dry,Not Applicable,Fine,Dambar Road,Near Sarakki Bus Stop,5,0.0,0.0,0,0,0.0,0.0
Bengaluru City,Kumaraswamy Layout Traffic PS,1.04432e+16,2017,1,2,Road Accidents,Not Applicable,City/Town,Near a religious place,Human Error,No,Simple Injury,Not Applicable,Not at  Junction,Others,City or Town Road,Bitumen(Tar),Dry,Not Applicable,Fine,Damber road,Banashankari temple,4,0.0,0.0,0,0,0.0,0.0
Bengaluru City,Kumaraswamy Layout Traffic PS,1.04432e+16,2017,1,1,Road Accidents,Other,City/Town,Near School or College,Human Error,Yes,Grievous Injury,Hit pedestrian,Not at  Junction,Others,City or Town Road,Bitumen(Tar),Dry,Not Applicable,Fine,Dambar Road,Near Prathan School,02 KM,0.0,0.0,0,0,0.0,0.0
Bengaluru City,Kumaraswamy Layout Traffic PS,1.04432e+16,2017,1,2,Road Accidents,Other,City/Town,Near Bus stop,Vehicle Defect,Not Applicable,Damage Only,Others,Not at  Junction,Others,City or Town Road,Bitumen(Tar),Dry,Not Applicable,Fine,Damber road,Near Thurahalli Forest,5KM,0.0,0.0,0,0,0.0,0.0
Bengaluru City,Kumaraswamy Layout Traffic PS,1.04432e+16,2017,1,1,Road Accidents,Other,City/Town,Residential area,Human Error,Yes,Fatal,Rear end,Not at  Junction,Others,Others,Bitumen(Tar),Dry,Not Applicable,Fine,Damber road,Neal Patalamma Temple,2,77.52898,12.904521,0,0,0.0,0.0
Bengaluru City,Kumaraswamy Layout Traffic PS,1.04432e+16,2017,1,2,Road Accidents,Other,City/Town,Open area,Human Error,No,Fatal,Others,Not at  Junction,Not Applicable,City or Town Road,Bitumen(Tar),Dry,Not Applicable,Fine,Damber road,Nice Road,8KM,0.0,0.0,0,0,0.0,0.0
Bengaluru City,Kumaraswamy Layout Traffic PS,1.04432e+16,2017,1,2,Road Accidents,Other,City/Town,Open area,Not Applicable,Yes,Grievous Injury,Not Applicable,Not Applicable,Not Applicable,Two way,Bitumen(Tar),Not Applicable,Not Applicable,Not Applicable,Tar,Near SBI Bank,6,0.0,0.0,0,0,0.0,0.0
Bengaluru City,Kumaraswamy Layout Traffic PS,1.04432e+16,2017,1,1,Not Applicable,Other,City/Town,Residential area,Not Applicable,Not Applicable,Not Applicable,Others,Not at  Junction,Others,Others,Bitumen(Tar),Dry,Not Applicable,Fine,Dambar Road,Near Ring Road,6,12.91424733,77.54961937,0,0,0.0,0.0
Bengaluru City,Kumaraswamy Layout Traffic PS,1.04432e+16,2017,1,2,Road Accidents,Cross roads,City/Town,Residential area,Not Applicable,No,Grievous Injury,Others,Not at  Junction,Others,City or Town Road,Bitumen(Tar),Dry,Not Applicable,Fine,Damber Road,ABBAIAH NAIDU ROAD,03KM,12.91568054,77.55016337,0,0,0.0,0.0
Bengaluru City,Kumaraswamy Layout Traffic PS,1.04432e+16,2017,1,2,Road Accidents,Cross roads,City/Town,Near School or College,Not Applicable,No,Grievous Injury,Head on,Police / Manual,Others,City or Town Road,Bitumen(Tar),Dry,Not Applicable,Fine,Damber Road,Near DS Collage,5KM,0.0,0.0,0,0,0.0,0.0
Bengaluru City,Kumaraswamy Layout Traffic PS,1.04432e+16,2017,1,2,Road Accidents,Narrow road,City/Town,Open area,Not Applicable,No,Fatal,Head on,Not at  Junction,Others,Two way,Bitumen(Tar),Dry,Not Applicable,Fine,Dambar Road,Gangara Palya Main Road,6,12.88253699,77.55773814,0,0,0.0,0.0
Bengaluru City,Kumaraswamy Layout Traffic PS,1.04432e+16,2017,1,2,Road Accidents,Narrow road,City/Town,Near Petrol Pump,Not Applicable,Not Applicable,Damage Only,Rear end,Not at  Junction,Others,NH,Bitumen(Tar),Dry,Not Applicable,Fine,Dambar Road,Near Bharath Petrol Bunk,5,0.0,0.0,0,0,0.0,0.0
Bengaluru City,Kumaraswamy Layout Traffic PS,1.04432e+16,2017,1,1,Road Accidents,Narrow road,City/Town,At pedestrian Crossing,Not Applicable,Not Applicable,Fatal,Hit pedestrian,Not at  Junction,Others,NH,Bitumen(Tar),Dry,Not Applicable,Fine,Dambar Road,NEAR JARAGANAHALLI BUS STOP,7,0.0,0.0,0,0,0.0,0.0
Bengaluru City,Kumaraswamy Layout Traffic PS,1.04432e+16,2017,1,2,Road Accidents,Narrow road,City/Town,Near office complex,Human Error,No,Grievous Injury,Others,Not at  Junction,Others,City or Town Road,Bitumen(Tar),Dry,Not Applicable,Fine,Dambar Road,Near Bus Stop,1,0.0,0.0,0,0,0.0,0.0
Bengaluru City,Kumaraswamy Layout Traffic PS,1.04432e+16,2017,1,2,Road Accidents,Other,City/Town,Near School or College,Human Error,Yes,Fatal,Hit and Run,Not at  Junction,Others,City or Town Road,Bitumen(Tar),Dry,Not Applicable,Fine,Dambar Road,Near Layola School,08 KM,12.870075,77.586013,0,0,0.0,0.0
Bengaluru City,Kumaraswamy Layout Traffic PS,1.04432e+16,2017,1,1,Road Accidents,Other,City/Town,At pedestrian Crossing,Human Error,Yes,Simple Injury,Hit pedestrian,Not at  Junction,Others,City or Town Road,Bitumen(Tar),Dry,Not Applicable,Fine,Dambar Road,Near Bus Stop,2,0.0,0.0,0,0,0.0,0.0
Bengaluru City,Kumaraswamy Layout Traffic PS,1.04432e+16,2017,1,2,Road Accidents,Other,City/Town,Near office complex,Human Error,Not Applicable,Grievous Injury,Others,Not at  Junction,Others,City or Town Road,Bitumen(Tar),Dry,Not Applicable,Fine,Damber road,Near HDFC Bank,3,0.0,0.0,0,0,0.0,0.0
Bengaluru City,Kumaraswamy Layout Traffic PS,1.04432e+16,2017,1,1,Not Applicable,Circle,City/Town,Near Bus stop,Not Applicable,Yes,Grievous Injury,Hit pedestrian,Police / Manual,Not Applicable,City or Town Road,Bitumen(Tar),Dry,Not Applicable,Fine,Damber Road,Bus Stop,6KM,77.553864,12.4089459,0,0,0.0,0.0
Bengaluru City,Kumaraswamy Layout Traffic PS,1.04432e+16,2017,1,2,Road Accidents,Other,City/Town,Open area,Not Applicable,No,Grievous Injury,Others,Not at  Junction,Not Applicable,Others,Bitumen(Tar),Dry,Not Applicable,Fine,dambar road,connvenction hall,5,12.88563257,77.5482591,0,0,0.0,0.0
Bengaluru City,Kumaraswamy Layout Traffic PS,1.04432e+16,2017,1,1,Road Accidents,Other,Rural Areas,Open area,Human Error,Not Applicable,Fatal,Others,Not at  Junction,Others,Others,Bitumen(Tar),Dry,Not Applicable,Fine,Dambar Road,Near Purvankura Apprartment,06KM,12.88253699,77.55773814,0,0,0.0,0.0
Bengaluru City,Kumaraswamy Layout Traffic PS,1.04432e+16,2017,1,2,Road Accidents,Narrow road,City/Town,Open area,Not Applicable,Not Applicable,Damage Only,Others,Not at  Junction,Others,NH,Bitumen(Tar),Dry,Not Applicable,Fine,Dambar Road,Near Metro Station,5,12.906527,77.572182,0,0,0.0,0.0
Bengaluru City,Kumaraswamy Layout Traffic PS,1.04432e+16,2017,1,1,Road Accidents,Other,City/Town,Residential area,Not Applicable,No,Grievous Injury,Others,Not at  Junction,Others,Others,Bitumen(Tar),Dry,Not Applicable,Fine,damber road,Near poorvankara apartment,6 km,12.85389,77.54081,0,0,0.0,0.0
Bengaluru City,Kumaraswamy Layout Traffic PS,1.04432e+16,2017,1,2,Road Accidents,Narrow road,City/Town,Near Bus stop,Human Error,No,Damage Only,Others,Not at  Junction,Others,City or Town Road,Bitumen(Tar),Dry,Not Applicable,Fine,Dambar Road,Near Masala Hotel,01 km,0.0,0.0,0,0,0.0,0.0
Bengaluru City,Kumaraswamy Layout Traffic PS,1.04432e+16,2017,1,2,Road Accidents,Other,City/Town,Near office complex,Vehicle Defect,No,Damage Only,Others,Not at  Junction,Not Applicable,City or Town Road,Bitumen(Tar),Dry,Not Applicable,Fine,damber road,KARNATAKA BANK,1 KM,0.0,0.0,0,0,0.0,0.0
Bengaluru City,Kumaraswamy Layout Traffic PS,1.04432e+16,2017,1,1,Road Accidents,Narrow road,City/Town,Near School or College,Human Error,Yes,Damage Only,Hit and Run,Not at  Junction,Others,City or Town Road,Bitumen(Tar),Wet,Not Applicable,Others,Dambar Road,Near RMS School,3,0.0,0.0,0,3,0.0,3.0
Bengaluru City,Kumaraswamy Layout Traffic PS,1.04432e+16,2017,1,1,Road Accidents,Narrow road,City/Town,Near Bus stop,Human Error,Yes,Simple Injury,Hit and Run,Not at  Junction,Others,City or Town Road,Bitumen(Tar),Dry,Not Applicable,Fine,Dambar Road,Sarakki,5,0.0,0.0,0,0,0.0,0.0
Bengaluru City,Kumaraswamy Layout Traffic PS,1.04432e+16,2017,1,1,Road Accidents,Other,City/Town,Near office complex,Human Error,No,Fatal,Hit bicyclist,Not at  Junction,Others,City or Town Road,Bitumen(Tar),Dry,Not Applicable,Fine,Dambar Road,Near Layola School,8,12.856254,77.58003,0,0,0.0,0.0
Bengaluru City,Kumaraswamy Layout Traffic PS,1.04432e+16,2017,1,2,Road Accidents,Other,City/Town,Near office complex,Human Error,No,Damage Only,Others,Not at  Junction,Others,City or Town Road,Bitumen(Tar),Flooded,Not Applicable,Fine,Dambar Road,Near Post Office,0.5 KM,0.0,0.0,0,5,0.0,5.0
Bengaluru City,Kumaraswamy Layout Traffic PS,1.04432e+16,2017,1,2,Road Accidents,Cross roads,City/Town,In bazaar,Not Applicable,Not Applicable,Damage Only,Head on,Police / Manual,Not Applicable,City or Town Road,Bitumen(Tar),Dry,Not Applicable,Fine,Damber Road,PANCHAVATI HOTEL,2 KM,77.553864,12.4089459,0,0,0.0,0.0
Bengaluru City,Kumaraswamy Layout Traffic PS,1.04432e+16,2017,1,2,Road Accidents,Circle,City/Town,Near office complex,Not Applicable,Not Applicable,Grievous Injury,Head on,Police / Manual,Not Applicable,Others,Bitumen(Tar),Dry,Not Applicable,Fine,Damber Road,Near Hotel,2km,0.0,0.0,0,0,0.0,0.0
Bengaluru City,Kumaraswamy Layout Traffic PS,1.04432e+16,2017,1,1,Not Applicable,Narrow road,City/Town,In bazaar,Not Applicable,No,Fatal,Drowned,Not at  Junction,Others,NH,Bitumen(Tar),Dry,Not Applicable,Fine,Damber Road,Near Sarakki Market,05 km,12.91381524,77.54861884,0,0,0.0,0.0
Bengaluru City,Kumaraswamy Layout Traffic PS,1.04432e+16,2017,1,1,Road Accidents,Narrow road,City/Town,At pedestrian Crossing,Not Applicable,Yes,Fatal,Hit pedestrian,Not at  Junction,Others,Others,Bitumen(Tar),Dry,Not Applicable,Fine,Damber Road,Near Nice Road,8,12.90616017,77.52982708,0,0,0.0,0.0
Bengaluru City,Kumaraswamy Layout Traffic PS,1.04432e+16,2017,1,1,Road Accidents,Narrow road,City/Town,At pedestrian Crossing,Not Applicable,No,Grievous Injury,Hit pedestrian,Not at  Junction,Others,City or Town Road,Bitumen(Tar),Dry,Not Applicable,Fine,Dambar Road,Near Milk Dairy,5,12.90534901,77.54242972,0,0,0.0,0.0
Bengaluru City,Kumaraswamy Layout Traffic PS,1.04432e+16,2017,1,2,Road Accidents,Other,City/Town,Residential area,Not Applicable,No,Damage Only,Others,Not at  Junction,Others,City or Town Road,Bitumen(Tar),Dry,Not Applicable,Fine,Dambar Road,Near Lake,01 KM,12.91555492,77.55578319,0,0,0.0,0.0
Bengaluru City,Kumaraswamy Layout Traffic PS,1.04432e+16,2017,1,1,Road Accidents,Narrow road,City/Town,At pedestrian Crossing,Not Applicable,Not Applicable,Simple Injury,Hit pedestrian,Not at  Junction,Others,NH,Bitumen(Tar),Dry,Not Applicable,Fine,Dambar Road,Near Bus Stop,09 KM,0.0,0.0,0,0,0.0,0.0
Bengaluru City,Kumaraswamy Layout Traffic PS,1.04432e+16,2017,1,2,Road Accidents,Narrow road,Rural Areas,Open area,Human Error,No,Grievous Injury,Head on,Police / Manual,Others,Others,Bitumen(Tar),Dry,Not Applicable,Fine,Dambar Road,Near Judishial Layout,08 KM,0.0,0.0,0,0,0.0,0.0
Bengaluru City,Kumaraswamy Layout Traffic PS,1.04432e+16,2017,1,2,Road Accidents,Other,City/Town,Near office complex,Human Error,No,Grievous Injury,Others,Not at  Junction,Others,City or Town Road,Bitumen(Tar),Dry,Not Applicable,Fine,Dambar Road,Near ICIC Bank,6,0.0,0.0,0,0,0.0,0.0
Bengaluru City,Kumaraswamy Layout Traffic PS,1.04432e+16,2017,1,2,Road Accidents,Other,City/Town,Residential area,Human Error,No,Grievous Injury,Others,Not at  Junction,Others,City or Town Road,Bitumen(Tar),Dry,Not Applicable,Fine,Dambar Road,Near Bus Stop,03 KM,0.0,0.0,0,0,0.0,0.0