DISTRICTNAME,UNITNAME,Crime_No,Year,RI,Noofvehicle_involved,Accident_Classification,Accident_Spot,Accident_Location,Accident_SubLocation,Main_Cause,Hit_Run,Severity,Collision_Type,Junction_Control,Road_Character,Road_Type,Surface_Type,Surface_Condition,Road_Condition,Weather,Accident_Road,Landmark_first,Distance_LandMark_First,Latitude,Longitude,Road_Condition_Score,Surface_Condition_Score,Surface_Type_Score,Road_Risk_Index
Bengaluru City,Kumaraswamy Layout Traffic PS,1.04432e+16,2017,1,1,Not Applicable,Other,Not Applicable,Residential area,Not Applicable,No,Fatal,Rear end,Not Applicable,Not Applicable,Others,Not Applicable,Muddy,Not Applicable,Fine,Cement Road,Near Engineear Work Factory,7,12.873596,77.561178,0,4,0.0,4.0
Bengaluru City,Kumaraswamy Layout Traffic PS,1.04432e+16,2017,1,2,Road Accidents,Narrow road,City/Town,Near office complex,Not Applicable,Yes,Damage Only,Head on,Not at  Junction,Others,NH,Bitumen(Tar),Dry,Not Applicable,Fine,Dambar Road,Near Talaghatta Pura Main Road,6,0.0,0.0,0,0,0.0,0.0
Bengaluru City,Kumaraswamy Layout Traffic PS,1.04432e+16,2017,1,2,Road Accidents,Other,Rural Areas,Near or inside a village,Human Error,Not Applicable,Fatal,Rear end,Not at  Junction,Others,Others,Bitumen(Tar),Dry,Not Applicable,Fine,Dambar Road,Near Uniteck,5,12.956482,77.471613,0,0,0.0,0.0
Bengaluru City,Kumaraswamy Layout Traffic PS,1.04432e+16,2017,1,2,Road Accidents,Other,City/Town,Near School or College,Human Error,No,Damage Only,Head on,Not at  Junction,Others,City or Town Road,Bitumen(Tar),Dry,Not Applicable,Fine,Dambar Road,Near Dayananda College,3,0.0,0.0,0,0,0.0,0.0
Bengaluru City,Kumaraswamy Layout Traffic PS,1.04432e+16,2017,1,2,Road Accidents,Other,City/Town,Near office complex,Human Error,Yes,Grievous Injury,Hit and Run,Not at  Junction,Others,City or Town Road,Bitumen(Tar),Dry,Not Applicable,Fine,Dambar Road,Avalahalli Circel,6,0.0,0.0,0,0,0.0,0.0
Bengaluru City,Kumaraswamy Layout Traffic PS,1.04432e+16,2017,1,2,Road Accidents,Other,City/Town,Near Bus stop,Vehicle Defect,Yes,Damage Only,Others,Not at  Junction,Not Applicable,City or Town Road,Bitumen(Tar),Dry,Not Applicable,Fine,Damber road,Near Nandi Toyota   Showroom,5 KM,0.0,0.0,0,0,0.0,0.0
Bengaluru City,Kumaraswamy Layout Traffic PS,1.04432e+16,2017,1,2,Road Accidents,Other,City/Town,Residential area,Human Error,No,Simple Injury,Right Turn Collision,Not at  Junction,Others,City or Town Road,Bitumen(Tar),Dry,Not Applicable,Fine,Dambar Road,Near Pipe Line,03 KM,0.0,0.0,0,0,0.0,0.0
Bengaluru City,Kumaraswamy Layout Traffic PS,1.04432e+16,2017,1,2,Road Accidents,Curves,City/Town,Near office complex,Human Error,No,Simple Injury,Others,Not at  Junction,Curve,City or Town Road,Bitumen(Tar),Dry,Not Applicable,Fine,Damber road,NEar Harinagara Cross,03 KM,0.0,0.0,0,0,0.0,0.0
Bengaluru City,Kumaraswamy Layout Traffic PS,1.04432e+16,2017,1,2,Road Accidents,Narrow road,City/Town,Near Petrol Pump,Not Applicable,Not Applicable,Grievous Injury,Not Applicable,Police / Manual,Others,Two way,Bitumen(Tar),Dry,Not Applicable,Fine,Damber Road,Cricel,0.5km,12.90471042,77.54488816,0,0,0.0,0.0
Bengaluru City,Kumaraswamy Layout Traffic PS,1.04432e+16,2017,1,2,Road Accidents,Other,City/Town,Near Bus stop,Not Applicable,No,Damage Only,Head on,Not at  Junction,Others,City or Town Road,Bitumen(Tar),Dry,Not Applicable,Fine,dambar Road,Near bus Stop,0.5,12.90958449,77.55159728,0,0,0.0,0.0
Bengaluru City,Kumaraswamy Layout Traffic PS,1.04432e+16,2017,1,2,Road Accidents,Narrow road,City/Town,Near office complex,Human Error,Not Applicable,Grievous Injury,Rear end,Not at  Junction,Others,City or Town Road,Bitumen(Tar),Dry,Not Applicable,Fine,Dambar Road,Near Lakshimi Bar,5,0.0,0.0,0,0,0.0,0.0
Bengaluru City,Kumaraswamy Layout Traffic PS,1.04432e+16,2017,1,1,Road Accidents,Not Applicable,City/Town,Near a religious place,Human Error,No,Simple Injury,Others,Not at  Junction,Not Applicable,City or Town Road,Bitumen(Tar),Dry,Not Applicable,Fine,Damber road,Near  Maseedi Road,3 KM,0.0,0.0,0,0,0.0,0.0
Bengaluru City,Kumaraswamy Layout Traffic PS,1.04432e+16,2017,1,2,Road Accidents,Other,City/Town,Near Bus stop,Human Error,Yes,Damage Only,Hit and Run,Not at  Junction,Others,City or Town Road,Bitumen(Tar),Dry,Not Applicable,Fine,Dambar Road,J P Nagara Near Bus Stop,06 KM,0.0,0.0,0,0,0.0,0.0
Bengaluru City,Kumaraswamy Layout Traffic PS,1.04432e+16,2017,1,2,Road Accidents,Other,City/Town,Near a religious place,Human Error,No,Simple Injury,Others,Not at  Junction,Others,City or Town Road,Bitumen(Tar),Dry,Not Applicable,Fine,Damber road,Saibaba Temple,02 KM,0.0,0.0,0,0,0.0,0.0
Bengaluru City,Kumaraswamy Layout Traffic PS,1.04432e+16,2017,1,2,Road Accidents,Other,City/Town,Near office complex,Human Error,Yes,Grievous Injury,Hit pedestrian,Not at  Junction,Others,City or Town Road,Bitumen(Tar),Dry,Not Applicable,Fine,Dambar Road,RBI Layout Main Road,08 KM,0.0,0.0,0,0,0.0,0.0
Bengaluru City,Kumaraswamy Layout Traffic PS,1.04432e+16,2017,1,1,Road Accidents,Other,City/Town,At pedestrian Crossing,Human Error,No,Simple Injury,Others,Not at  Junction,Others,City or Town Road,Bitumen(Tar),Dry,Not Applicable,Fine,Damber road,Masala Hotel,02 KM,0.0,0.0,0,0,0.0,0.0
Bengaluru City,Kumaraswamy Layout Traffic PS,1.04432e+16,2017,1,2,Road Accidents,Cross roads,City/Town,Open area,Not Applicable,No,Simple Injury,Not Applicable,Not at  Junction,Others,City or Town Road,Bitumen(Tar),Dry,Not Applicable,Clear,UTTARAHALLI ROAD,UTTARAHALLI LAKE,1,0.0,0.0,0,0,0.0,0.0
Bengaluru City,Kumaraswamy Layout Traffic PS,1.04432e+16,2017,1,2,Road Accidents,Circle,City/Town,Near Bus stop,Not Applicable,Yes,Grievous Injury,Hit and Run,Police / Manual,Not Applicable,City or Town Road,Bitumen(Tar),Dry,Not Applicable,Fine,Damber Road,Ring Road,03km,77.553864,12.4089459,0,0,0.0,0.0
Bengaluru City,Kumaraswamy Layout Traffic PS,1.04432e+16,2017,1,2,Road Accidents,Junction,City/Town,Near Hospital,Not Applicable,Yes,Simple Injury,Hit and Run,Signal lights Automatic,Not Applicable,State Highway,Bitumen(Tar),Dry,Not Applicable,Fine,Damber Road,Konnankunte Cross Signal,3km,0.0,0.0,0,0,0.0,0.0
Bengaluru City,Kumaraswamy Layout Traffic PS,1.04432e+16,2017,1,2,Road Accidents,Junction,City/Town,Near Hospital,Not Applicable,Yes,Damage Only,Hit and Run,Signal lights Automatic,Others,City or Town Road,Bitumen(Tar),Dry,Not Applicable,Fine,Dambar Road,Near Hospital,3,77.553864,12.4089459,0,0,0.0,0.0
Bengaluru City,Kumaraswamy Layout Traffic PS,1.04432e+16,2017,1,1,Not Applicable,Not Applicable,Not Applicable,Residential area,Not Applicable,Not Applicable,Grievous Injury,Hit pedestrian,Not Applicable,Not Applicable,Residential Street,Kutcha,Dry,Not Applicable,Fine,Damber Road,PST QUATRAS,3km,0.0,0.0,0,0,4.0,4.0
Bengaluru City,Kumaraswamy Layout Traffic PS,1.04432e+16,2017,1,1,Not Applicable,Other,City/Town,Residential area,Not Applicable,Not Applicable,Not Applicable,Not Applicable,Not at  Junction,Not Applicable,City or Town Road,Bitumen(Tar),Dry,Not Applicable,Fine,Dambar Road,Near Temple,03 KM,12.91033123,77.55156956,0,0,0.0,0.0
Bengaluru City,Kumaraswamy Layout Traffic PS,1.04432e+16,2017,1,2,Road Accidents,Narrow road,City/Town,Near office complex,Not Applicable,Not Applicable,Grievous Injury,Others,Police / Manual,Others,City or Town Road,Bitumen(Tar),Dry,Not Applicable,Fine,Damber Road,Near Sky Bar,02 KM,12.91718048,77.55090694,0,0,0.0,0.0
Bengaluru City,Kumaraswamy Layout Traffic PS,1.04432e+16,2017,1,2,Road Accidents,Narrow road,City/Town,Near Bus stop,Not Applicable,Yes,Damage Only,Hit and Run,Police / Manual,Not Applicable,City or Town Road,Bitumen(Tar),Dry,Not Applicable,Fine,Damber,Near Bus Stop,03 KM,12.90942992,77.55478262,0,0,0.0,0.0
Bengaluru City,Kumaraswamy Layout Traffic PS,1.04432e+16,2017,1,2,Road Accidents,Other,Not Applicable,Open area,Not Applicable,No,Fatal,Rear end,Not at  Junction,Others,Others,Bitumen(Tar),Dry,Not Applicable,Fine,Dambar Road,Nice Road,10,12.90616017,77.52982708,0,0,0.0,0.0
Bengaluru City,Kumaraswamy Layout Traffic PS,1.04432e+16,2017,1,1,Road Accidents,Narrow road,City/Town,Near Bus stop,Not Applicable,No,Simple Injury,Others,Not at  Junction,Others,City or Town Road,Bitumen(Tar),Dry,Not Applicable,Fine,Dambar Road,Near Banashankari Temple,5,12.9142454,77.54672348,0,0,0.0,0.0
Bengaluru City,Kumaraswamy Layout Traffic PS,1.04432e+16,2017,1,2,Road Accidents,Other,Rural Areas,Open area,Not Applicable,Not Applicable,Damage Only,Others,Not at  Junction,Others,Others,Bitumen(Tar),Dry,Not Applicable,Fine,Dambar Road,Near Nice Road,9,0.0,0.0,0,0,0.0,0.0
Bengaluru City,Kumaraswamy Layout Traffic PS,1.04432e+16,2017,1,2,Not Applicable,Other,Rural Areas,Open area,Not Applicable,Yes,Damage Only,Rear end,Not at  Junction,Others,Others,Bitumen(Tar),Dry,Not Applicable,Fine,Dambar Road,Nice Road,8,12.88253699,77.55773814,0,0,0.0,0.0
Bengaluru City,Kumaraswamy Layout Traffic PS,1.04432e+16,2017,1,1,Road Accidents,Other,City/Town,At pedestrian Crossing,Not Applicable,Yes,Simple Injury,Hit pedestrian,Not at  Junction,Others,City or Town Road,Bitumen(Tar),Dry,Not Applicable,Fine,Dambar Road,Near Rain Boo Apparet Ment,05 KM,12.88289439,77.55752851,0,0,0.0,0.0
Bengaluru City,Kumaraswamy Layout Traffic PS,1.04432e+16,2017,1,1,Road Accidents,Other,City/Town,Near School or College,Human Error,No,Grievous Injury,Hit pedestrian,Police / Manual,Others,NH,Bitumen(Tar),Dry,Not Applicable,Fine,Dambar Road,Near K S I T College,06 KM,0.0,0.0,0,0,0.0,0.0
Bengaluru City,Kumaraswamy Layout Traffic PS,1.04432e+16,2017,1,1,Not Applicable,Other,City/Town,Near Petrol Pump,Human Error,Not Applicable,Grievous Injury,Others,Not at  Junction,Others,Others,Bitumen(Tar),Dry,Not Applicable,Fine,Cement Road,Near petrol bunk,0.5,12.90676644,77.541682,0,0,0.0,0.0
Bengaluru City,Kumaraswamy Layout Traffic PS,1.04432e+16,2017,1,2,Road Accidents,Other,Not Applicable,Open area,Human Error,No,Fatal,Others,Police / Manual,Others,Others,Bitumen(Tar),Dry,Not Applicable,Fine,Dambar Road,Nice Road,7,12.856542,77.529974,0,0,0.0,0.0
Bengaluru City,Kumaraswamy Layout Traffic PS,1.04432e+16,2017,1,2,Road Accidents,Other,City/Town,Near Bus stop,Human Error,Yes,Simple Injury,Hit and Run,Not at  Junction,Others,City or Town Road,Bitumen(Tar),Dry,Not Applicable,Fine,Dambar Road,Near Driving School,3,0.0,0.0,0,0,0.0,0.0
Bengaluru City,Kumaraswamy Layout Traffic PS,1.04432e+16,2017,1,2,Road Accidents,Narrow road,City/Town,Near School or College,Human Error,Yes,Damage Only,Hit and Run,Not at  Junction,Others,NH,Bitumen(Tar),Dry,Not Applicable,Fine,Dambar Road,Near K S I T College,5,0.0,0.0,0,0,0.0,0.0
Bengaluru City,Kumaraswamy Layout Traffic PS,1.04432e+16,2017,1,2,Road Accidents,Narrow road,City/Town,Near office complex,Human Error,No,Grievous Injury,Others,Not at  Junction,Others,City or Town Road,Bitumen(Tar),Dry,Not Applicable,Fine,Dambar Road,Near Delli Public School,5,0.0,0.0,0,0,0.0,0.0
Bengaluru City,Kumaraswamy Layout Traffic PS,1.04432e+16,2017,1,1,Road Accidents,Other,City/Town,Open area,Human Error,Not Applicable,Grievous Injury,Skidding or Self accident,Not at  Junction,Not Applicable,City or Town Road,Bitumen(Tar),Dry,Not Applicable,Fine,Dambar Road,Near Unittect,5,0.0,0.0,0,0,0.0,0.0
Bengaluru City,Kumaraswamy Layout Traffic PS,1.04432e+16,2017,1,2,Road Accidents,Other,City/Town,Open area,Human Error,No,Damage Only,Others,Not at  Junction,Others,City or Town Road,Bitumen(Tar),Dry,Not Applicable,Fine,Dambar Road,Near Gottigere Main Road,5,0.0,0.0,0,0,0.0,0.0
Bengaluru City,Kumaraswamy Layout Traffic PS,1.04432e+16,2017,1,1,Road Accidents,Other,City/Town,Near School or College,Human Error,No,Simple Injury,Others,Not at  Junction,Others,City or Town Road,Bitumen(Tar),Dry,Not Applicable,Fine,Damber road,Near School,4,0.0,0.0,0,0,0.0,0.0
Bengaluru City,Kumaraswamy Layout Traffic PS,1.04432e+16,2017,1,1,Road Accidents,Other,City/Town,Residential area,Human Error,No,Simple Injury,Others,Not at  Junction,Others,City or Town Road,Bitumen(Tar),Dry,Not Applicable,Fine,Damber road,Near AGS Park,2 KM,0.0,0.0,0,0,0.0,0.0
Bengaluru City,Kumaraswamy Layout Traffic PS,1.04432e+16,2017,1,2,Not Applicable,Not Applicable,City/Town,Near Hospital,Not Applicable,Not Applicable,Damage Only,Hit parked vehicle,Police / Manual,Not Applicable,City or Town Road,Bitumen(Tar),Dry,Not Applicable,Fine,Damber Road,Rajanandini Hospitle,4KM,77.553864,12.4089459,0,0,0.0,0.0
Bengaluru City,Kumaraswamy Layout Traffic PS,1.04432e+16,2017,1,2,Road Accidents,Cross roads,City/Town,Near Bus stop,Not Applicable,Not Applicable,Grievous Injury,Others,Police / Manual,Curve,Two way,Bitumen(Tar),Dry,Not Applicable,Fine,Damber Road,Isro layout,5KM,77.553864,12.4089459,0,0,0.0,0.0
Bengaluru City,Kumaraswamy Layout Traffic PS,1.04432e+16,2017,1,1,Road Accidents,Curves,City/Town,Near School or College,Not Applicable,No,Damage Only,Others,Police / Manual,Curve,City or Town Road,Not Applicable,Dry,Not Applicable,Fine,Damber Road,NEAR SCHOOL,1.5 KM,77.553864,12.4089459,0,0,0.0,0.0
Bengaluru City,Kumaraswamy Layout Traffic PS,1.04432e+16,2017,1,2,Road Accidents,Cross roads,City/Town,Residential area,Not Applicable,Yes,Grievous Injury,Hit and Run,Police / Manual,Curve,Residential Street,Bitumen(Tar),Dry,Not Applicable,Fine,Damber Road,At,05km,0.0,0.0,0,0,0.0,0.0
Bengaluru City,Kumaraswamy Layout Traffic PS,1.04432e+16,2017,1,2,Road Accidents,Other,City/Town,Open area,Not Applicable,No,Grievous Injury,Others,Not at  Junction,Others,City or Town Road,Bitumen(Tar),Dry,Not Applicable,Fine,dambar Road,Not Known,8,0.0,0.0,0,0,0.0,0.0
Bengaluru City,Kumaraswamy Layout Traffic PS,1.04432e+16,2017,1,2,Road Accidents,Narrow road,City/Town,Near office complex,Not Applicable,No,Fatal,Rear end,Not at  Junction,Others,City or Town Road,Bitumen(Tar),Dry,Not Applicable,Fine,Dambar Road,Near Lakshimi Medical Store,02 KM,0.0,0.0,0,0,0.0,0.0
Bengaluru City,Kumaraswamy Layout Traffic PS,1.04432e+16,2017,1,1,Road Accidents,Narrow road,City/Town,Near School or College,Not Applicable,No,Simple Injury,Hit pedestrian,Not at  Junction,Others,City or Town Road,Bitumen(Tar),Dry,Not Applicable,Fine,Dambar Road,Near Govt School,0.5 KM,12.90862774,77.55451594,0,0,0.0,0.0
Bengaluru City,Kumaraswamy Layout Traffic PS,1.04432e+16,2017,1,2,Road Accidents,Other,City/Town,Open area,Human Error,No,Grievous Injury,Head on,Not at  Junction,Others,City or Town Road,Bitumen(Tar),Dry,Not Applicable,Fine,Dambar Road,Near KSIT Collage,4,0.0,0.0,0,0,0.0,0.0
Bengaluru City,Kumaraswamy Layout Traffic PS,1.04432e+16,2017,1,2,Road Accidents,Other,Rural Areas,Open area,Human Error,Not Applicable,Damage Only,Rear end,Not at  Junction,Others,Village Road,Bitumen(Tar),Dry,Not Applicable,Fine,Dambar Road,Near Nagegowdanapalya,6,0.0,0.0,0,0,0.0,0.0
Bengaluru City,Kumaraswamy Layout Traffic PS,1.04432e+16,2017,1,1,Road Accidents,Narrow road,City/Town,Near Bus stop,Human Error,Yes,Simple Injury,Hit and Run,Signal lights Automatic,Others,City or Town Road,Bitumen(Tar),Dry,Not Applicable,Fine,Dambar Road,near kodes factory,03 KM,0.0,0.0,0,0,0.0,0.0
Bengaluru City,Kumaraswamy Layout Traffic PS,1.04432e+16,2017,1,2,Road Accidents,Narrow road,City/Town,Near office complex,Human Error,No,Simple Injury,Head on,Not at  Junction,Others,City or Town Road,Bitumen(Tar),Dry,Not Applicable,Fine,Dambar Road,Surabhi Nagara,08 KM,0.0,0.0,0,0,0.0,0.0
Bengaluru City,Kumaraswamy Layout Traffic PS,1.04432e+16,2017,1,2,Road Accidents,Narrow road,City/Town,Near office complex,Human Error,Yes,Simple Injury,Head on,Not at  Junction,Others,Others,Bitumen(Tar),Dry,Not Applicable,Fine,Dambar Road,Near Ricap Hospital,6,0.0,0.0,0,0,0.0,0.0
Bengaluru City,Kumaraswamy Layout Traffic PS,1.04432e+16,2017,1,2,Road Accidents,Narrow road,City/Town,Near Bus stop,Not Applicable,Not Applicable,Grievous Injury,Head on,Police / Manual,Others,Residential Street,Bitumen(Tar),Dry,Not Applicable,Fine,Damber Road,Near Bus Stop,4KM,12.88812763,77.58114661,0,0,0.0,0.0
Bengaluru City,Kumaraswamy Layout Traffic PS,1.04432e+16,2017,1,2,Road Accidents,Narrow road,City/Town,Residential area,Not Applicable,No,Grievous Injury,Head on,Police / Manual,Others,City or Town Road,Bitumen(Tar),Dry,Not Applicable,Fine,Damber Road,Near Sarakki Singnal,05 km,12.89619414,77.57095214,0,0,0.0,0.0
Bengaluru City,Kumaraswamy Layout Traffic PS,1.04432e+16,2017,1,1,Road Accidents,Other,Rural Areas,Open area,Not Applicable,No,Fatal,Others,Not at  Junction,Others,Others,Bitumen(Tar),Dry,Not Applicable,Fine,Damber Road,Nice Road,12km,12.90796006,77.53209199,0,0,0.0,0.0
Bengaluru City,Kumaraswamy Layout Traffic PS,1.04432e+16,2017,1,2,Road Accidents,Junction,City/Town,Near a religious place,Not Applicable,No,Grievous Injury,Others,Police / Manual,Others,City or Town Road,Bitumen(Tar),Dry,Not Applicable,Fine,dambar Road,60ft road,9,12.88215423,77.56834477,0,0,0.0,0.0
Bengaluru City,Kumaraswamy Layout Traffic PS,1.04432e+16,2017,1,2,Road Accidents,Other,City/Town,Near office complex,Not Applicable,No,Grievous Injury,Rear end,Not at  Junction,Others,Others,Bitumen(Tar),Dry,Not Applicable,Fine,dambar Road,Scanda Enter Priess,6,0.0,0.0,0,0,0.0,0.0
Bengaluru City,Kumaraswamy Layout Traffic PS,1.04432e+16,2017,1,2,Road Accidents,Narrow road,City/Town,Near office complex,Not Applicable,No,Grievous Injury,Head on,Not at  Junction,Others,Two way,Bitumen(Tar),Dry,Not Applicable,Fine,dambar Road,Near Banashankari works,3,12.90958449,77.55159728,0,0,0.0,0.0
Bengaluru City,Kumaraswamy Layout Traffic PS,1.04432e+16,2017,1,2,Road Accidents,Other,City/Town,Residential area,Not Applicable,Not Applicable,Damage Only,Others,Not at  Junction,Others,Others,Bitumen(Tar),Dry,Not Applicable,Fine,Dambar Road,Near Milk Dairy,8,0.0,0.0,0,0,0.0,0.0
Bengaluru City,Kumaraswamy Layout Traffic PS,1.04432e+16,2017,1,1,Road Accidents,Other,Rural Areas,Open area,Not Applicable,Not Applicable,Damage Only,Others,Not at  Junction,Others,Others,Bitumen(Tar),Dry,Not Applicable,Fine,Dambar Road,80ft Road,10,0.0,0.0,0,0,0.0,0.0
Bengaluru City,Kumaraswamy Layout Traffic PS,1.04432e+16,2017,1,1,Road Accidents,Other,City/Town,At pedestrian Crossing,Not Applicable,Yes,Simple Injury,Hit pedestrian,Not at  Junction,Others,City or Town Road,Bitumen(Tar),Dry,Not Applicable,Fine,Dambar Road,Near Maheswaramma Temple,6,0.0,0.0,0,0,0.0,0.0
Bengaluru City,Kumaraswamy Layout Traffic PS,1.04432e+16,2017,1,1,Road Accidents,Other,Rural Areas,Open area,Human Error,No,Grievous Injury,Others,Not at  Junction,Others,Others,Bitumen(Tar),Dry,Not Applicable,Fine,Dambar Road,Near Nice Office,6,0.0,0.0,0,0,0.0,0.0
Bengaluru City,Kumaraswamy Layout Traffic PS,1.04432e+16,2017,1,2,Road Accidents,Narrow road,City/Town,Near Bus stop,Human Error,Yes,Simple Injury,Others,Police / Manual,Others,NH,Bitumen(Tar),Dry,Not Applicable,Fine,Dambar Road,Near Vajarahalli,5,0.0,0.0,0,0,0.0,0.0
Bengaluru City,Kumaraswamy Layout Traffic PS,1.04432e+16,2017,1,1,Road Accidents,Other,Rural Areas,Narrow bridge or culverts,Human Error,Not Applicable,Grievous Injury,Others,Not at  Junction,Others,Others,Bitumen(Tar),Dry,Not Applicable,Fine,Dambar Road,Near Bridge,6,0.0,0.0,0,0,0.0,0.0
Bengaluru City,Kumaraswamy Layout Traffic PS,1.04432e+16,2017,1,1,Road Accidents,Other,City/Town,Near a religious place,Human Error,Not Applicable,Simple Injury,Others,Not Applicable,Not Applicable,City or Town Road,Bitumen(Tar),Dry,Not Applicable,Fine,Damber road,Near Maseedi,4,0.0,0.0,0,0,0.0,0.0
Bengaluru City,Kumaraswamy Layout Traffic PS,1.04432e+16,2017,1,2,Not Applicable,Narrow road,City/Town,Residential area,Not Applicable,No,Grievous Injury,Rear end,Police / Manual,Others,City or Town Road,Bitumen(Tar),Dry,Not Applicable,Fine,Damber Road,Near Park,02km,12.91718048,77.55090694,0,0,0.0,0.0
Bengaluru City,Kumaraswamy Layout Traffic PS,1.04432e+16,2017,1,2,Road Accidents,Narrow road,City/Town,Near office complex,Not Applicable,Not Applicable,Damage Only,Head on,Police / Manual,Others,City or Town Road,Bitumen(Tar),Dry,Not Applicable,Fine,Dambar Road,Near Canara Bank,3,12.9072655,77.53613997,0,0,0.0,0.0
Bengaluru City,Kumaraswamy Layout Traffic PS,1.04432e+16,2017,1,1,Road Accidents,Not Applicable,City/Town,Open area,Not Applicable,Not Applicable,Grievous Injury,Others,Not Applicable,Straight and flat,City or Town Road,Bitumen(Tar),Dry,Not Applicable,Fine,Gubbalala gate,Kanakapura main road,1 KM,12.88563257,77.5482591,0,0,0.0,0.0
Bengaluru City,Kumaraswamy Layout Traffic PS,1.04432e+16,2017,1,2,Road Accidents,Narrow road,City/Town,Residential area,Not Applicable,No,Damage Only,Others,Not at  Junction,Others,Others,Bitumen(Tar),Dry,Not Applicable,Fine,Dambar Road,near Vasantha Vallabha Temple,2,12.89528068,77.55067452,0,0,0.0,0.0
Bengaluru City,Kumaraswamy Layout Traffic PS,1.04432e+16,2017,1,2,Road Accidents,Curves,City/Town,Near Bus stop,Not Applicable,Not Applicable,Grievous Injury,Head on,Not at  Junction,Curve,City or Town Road,Bitumen(Tar),Dry,Not Applicable,Fine,Dambar Road,Near bus Stop,4,12.88994985,77.57472108,0,0,0.0,0.0
Bengaluru City,Kumaraswamy Layout Traffic PS,1.04432e+16,2017,1,1,Road Accidents,Other,City/Town,At pedestrian Crossing,Not Applicable,No,Fatal,Hit pedestrian,Not at  Junction,Others,Others,Bitumen(Tar),Dry,Not Applicable,Fine,Dambar Road,Nice Road,6,12.860597,77.521024,0,0,0.0,0.0
Bengaluru City,Kumaraswamy Layout Traffic PS,1.04432e+16,2017,1,2,Road Accidents,Junction,City/Town,Near School or College,Human Error,Not Applicable,Grievous Injury,Rear end,Police / Manual,Others,City or Town Road,Bitumen(Tar),Dry,Not Applicable,Fine,Dambar Road,Near Collage,3,0.0,0.0,0,0,0.0,0.0
Bengaluru City,Kumaraswamy Layout Traffic PS,1.04432e+16,2017,1,1,Road Accidents,Narrow road,City/Town,At pedestrian Crossing,Human Error,No,Grievous Injury,Hit pedestrian,Not at  Junction,Others,Two way,Bitumen(Tar),Dry,Not Applicable,Fine,Dambar Road,Near Lakshimi Bar,2,0.0,0.0,0,0,0.0,0.0
Bengaluru City,Kumaraswamy Layout Traffic PS,1.04432e+16,2017,1,2,Road Accidents,Narrow road,City/Town,Residential area,Human Error,No,Damage Only,Head on,Not at  Junction,Others,City or Town Road,Bitumen(Tar),Dry,Not Applicable,Fine,Dambar Road,Near Briged Appartment,02KM,0.0,0.0,0,0,0.0,0.0
Bengaluru City,Kumaraswamy Layout Traffic PS,1.04432e+16,2017,1,2,Road Accidents,Not Applicable,City/Town,Near Bus stop,Vehicle Defect,Yes,Damage Only,Hit and Run,Not at  Junction,Not Applicable,City or Town Road,Bitumen(Tar),Dry,Not Applicable,Fine,Damber road,Near bustop,3,0.0,0.0,0,0,0.0,0.0
Bengaluru City,Kumaraswamy Layout Traffic PS,1.04432e+16,2017,1,1,Road Accidents,Narrow road,City/Town,Near office complex,Human Error,No,Grievous Injury,Hit pedestrian,Not at  Junction,Others,Others,Bitumen(Tar),Dry,Not Applicable,Fine,Dambar Road,Near Shivashakthi Temple,06 KM,0.0,0.0,0,0,0.0,0.0
Bengaluru City,Kumaraswamy Layout Traffic PS,1.04432e+16,2017,1,1,Road Accidents,Curves,City/Town,Near Bus stop,Human Error,Not Applicable,Simple Injury,Hit pedestrian,Not at  Junction,Others,City or Town Road,Bitumen(Tar),Dry,Not Applicable,Fine,Damber road,Avalahalli Main Road,02 KM,0.0,0.0,0,0,0.0,0.0
Bengaluru City,Kumaraswamy Layout Traffic PS,1.04432e+16,2017,1,1,Road Accidents,Other,City/Town,Near Bus stop,Human Error,Yes,Simple Injury,Hit pedestrian,Not at  Junction,Others,City or Town Road,Bitumen(Tar),Dry,Not Applicable,Fine,Damber road,Chikkagowdana Palya,3 KM,0.0,0.0,0,0,0.0,0.0
Bengaluru City,Kumaraswamy Layout Traffic PS,1.04432e+16,2017,1,2,Road Accidents,Curves,City/Town,Residential area,Not Applicable,Yes,Simple Injury,Overturning,Police / Manual,Curve,Residential Street,Bitumen(Tar),Dry,Not Applicable,Fine,Damber Road,Near Bus Stop,03km,12.90471042,77.54488816,0,0,0.0,0.0
Bengaluru City,Kumaraswamy Layout Traffic PS,1.04432e+16,2017,1,2,Road Accidents,Other,City/Town,Residential area,Not Applicable,No,Fatal,Rear end,Not at  Junction,Others,Residential Street,Bitumen(Tar),Dry,Not Applicable,Fine,Dambar Road,Near Isro Layout Bus Stop,3,12.89189796,77.55236918,0,0,0.0,0.0
Bengaluru City,Kumaraswamy Layout Traffic PS,1.04432e+16,2017,1,2,Road Accidents,Other,City/Town,Residential area,Human Error,No,Grievous Injury,Others,Not at  Junction,Others,Two way,Bitumen(Tar),Dry,Not Applicable,Fine,Dambar Road,Near Swadesi Appartment,01 km,12.886335,77.541633,0,0,0.0,0.0