DISTRICTNAME,UNITNAME,Crime_No,Year,RI,Noofvehicle_involved,Accident_Classification,Accident_Spot,Accident_Location,Accident_SubLocation,Main_Cause,Hit_Run,Severity,Collision_Type,Junction_Control,Road_Character,Road_Type,Surface_Type,Surface_Condition,Road_Condition,Weather,Accident_Road,Landmark_first,Distance_LandMark_First,Latitude,Longitude,Road_Condition_Score,Surface_Condition_Score,Surface_Type_Score,Road_Risk_Index
Bengaluru City,Kumaraswamy Layout Traffic PS,1.04432e+16,2019,1,2,Road Accidents,Narrow road,City/Town,In bazaar,Human Error,Not Applicable,Fatal,Vehicle to Vehicle,Not at  Junction,Others,NH,Bitumen(Tar),Dry,Not Applicable,Others,Kanakapura main road,46 Pillor,5,0.0,0.0,0,0,0.0,0.0
Bengaluru City,Kumaraswamy Layout Traffic PS,1.04432e+16,2019,1,2,Road Accidents,Other,City/Town,Near School or College,Human Error,No,Grievous Injury,Head on,Not at  Junction,Others,City or Town Road,Bitumen(Tar),Dry,Not Applicable,Fine,Dambar Road,Dayananda College,5,0.0,0.0,0,0,0.0,0.0
Bengaluru City,Kumaraswamy Layout Traffic PS,1.04432e+16,2019,1,2,Road Accidents,Junction,City/Town,Near office complex,Human Error,Yes,Grievous Injury,Hit and Run,Not Applicable,Others,City or Town Road,Bitumen(Tar),Dry,Not Applicable,Fine,Dambar Road,vaddapalya main road,8,0.0,0.0,0,0,0.0,0.0
Bengaluru City,Kumaraswamy Layout Traffic PS,1.04432e+16,2019,1,2,Road Accidents,Narrow road,City/Town,Near Hospital,Human Error,Not Applicable,Grievous Injury,Head on,Not at  Junction,Others,City or Town Road,Bitumen(Tar),Dry,Not Applicable,Fine,Dambar Road,Chunchaghatta Main Road,6,0.0,0.0,0,0,0.0,0.0
Bengaluru City,Kumaraswamy Layout Traffic PS,1.04432e+16,2019,1,2,Road Accidents,Narrow road,City/Town,Near office complex,Human Error,No,Fatal,Vehicle to Vehicle,Not at  Junction,Straight and flat,Others,Bitumen(Tar),Dry,Not Applicable,Fine,Dambar Road,Harinagara Cross Road,8,12.87564,77.566829,0,0,0.0,0.0
Bengaluru City,Kumaraswamy Layout Traffic PS,1.04432e+16,2019,1,1,Road Accidents,Other,City/Town,Open area,Human Error,Not Applicable,Grievous Injury,Skidding or Self accident,Not at  Junction,Others,City or Town Road,Bitumen(Tar),Dry,Not Applicable,Fine,Dambar Road,H M World City,6,0.0,0.0,0,0,0.0,0.0
Bengaluru City,Kumaraswamy Layout Traffic PS,1.04432e+16,2019,1,2,Road Accidents,Other,City/Town,Near office complex,Human Error,Yes,Grievous Injury,Right Turn Collision,Not at  Junction,Curve,City or Town Road,Bitumen(Tar),Dry,Not Applicable,Fine,Dambar Road,Near Bus Stop,8,0.0,0.0,0,0,0.0,0.0
Bengaluru City,Kumaraswamy Layout Traffic PS,1.04432e+16,2019,1,2,Road Accidents,Cross roads,City/Town,Near School or College,Human Error,Not Applicable,Grievous Injury,Vehicle to Vehicle,Not at  Junction,Others,Others,Bitumen(Tar),Dry,Not Applicable,Fine,Dambar Road,Niveditha School,4,0.0,0.0,0,0,0.0,0.0
Bengaluru City,Kumaraswamy Layout Traffic PS,1.04432e+16,2019,1,1,Road Accidents,Narrow road,Rural Areas,Open area,Human Error,Not Applicable,Grievous Injury,Not Applicable,Not at  Junction,Others,Others,Bitumen(Tar),Dry,Not Applicable,Fine,Nice Road,Purvankura Appartment,8,0.0,0.0,0,0,0.0,0.0
Bengaluru City,Kumaraswamy Layout Traffic PS,1.04432e+16,2019,1,2,Road Accidents,Narrow road,City/Town,Near office complex,Human Error,Not Applicable,Fatal,Vehicle to Vehicle,Police / Manual,Others,NH,Bitumen(Tar),Dry,Not Applicable,Fine,Kanakapura main road,Near HDFC Bank,5,0.0,0.0,0,0,0.0,0.0
Bengaluru City,Kumaraswamy Layout Traffic PS,1.04432e+16,2019,1,1,Road Accidents,Narrow road,City/Town,Near office complex,Human Error,Yes,Simple Injury,Hit pedestrian,Not at  Junction,Others,Others,Bitumen(Tar),Dry,Not Applicable,Fine,Kashinagara,HDFC Bank Kashinagara,5,0.0,0.0,0,0,0.0,0.0
Bengaluru City,Kumaraswamy Layout Traffic PS,1.04432e+16,2019,1,1,Not Applicable,Narrow road,Rural Areas,Near Petrol Pump,Human Error,Yes,Grievous Injury,Hit pedestrian,Not at  Junction,Others,NH,Bitumen(Tar),Dry,Not Applicable,Fine,Kanakapura main road,Total Gas Bunk,5,0.0,0.0,0,0,0.0,0.0
Bengaluru City,Kumaraswamy Layout Traffic PS,1.04432e+16,2019,1,1,Road Accidents,Other,City/Town,Near Bus stop,Human Error,Yes,Grievous Injury,Hit and Run,Not at  Junction,Others,City or Town Road,Bitumen(Tar),Dry,Not Applicable,Fine,Damber Road,Near Bus Stop,3,0.0,0.0,0,0,0.0,0.0
Bengaluru City,Kumaraswamy Layout Traffic PS,1.04432e+16,2019,1,2,Road Accidents,Other,Rural Areas,Open area,Human Error,No,Grievous Injury,Others,Not at  Junction,Others,Village Road,Bitumen(Tar),Dry,Not Applicable,Fine,Dambar Road,Near Nice Road,8,0.0,0.0,0,0,0.0,0.0
Bengaluru City,Kumaraswamy Layout Traffic PS,1.04432e+16,2019,1,1,Road Accidents,Narrow road,City/Town,Near Bus stop,Human Error,Yes,Grievous Injury,Hit pedestrian,Not at  Junction,Others,NH,Bitumen(Tar),Dry,Not Applicable,Fine,Dambar Road,Near Bus Stop,8,0.0,0.0,0,0,0.0,0.0
Bengaluru City,Kumaraswamy Layout Traffic PS,1.04432e+16,2019,1,2,Road Accidents,Narrow road,Rural Areas,Open area,Human Error,Not Applicable,Grievous Injury,Rear end,Not at  Junction,Others,Village Road,Bitumen(Tar),Dry,Not Applicable,Fine,Dambar Road,Anjanapura Lake,9,0.0,0.0,0,0,0.0,0.0
Bengaluru City,Kumaraswamy Layout Traffic PS,1.04432e+16,2019,1,2,Road Accidents,Other,City/Town,Residential area,Human Error,Not Applicable,Simple Injury,Others,Not at  Junction,Others,City or Town Road,Bitumen(Tar),Dry,Not Applicable,Fine,Damber Road,Vivers Main Road,12 KM,0.0,0.0,0,0,0.0,0.0
Bengaluru City,Kumaraswamy Layout Traffic PS,1.04432e+16,2019,1,2,Road Accidents,Narrow road,City/Town,Near Bus stop,Human Error,Yes,Grievous Injury,Vehicle to Vehicle,Not at  Junction,Others,Others,Bitumen(Tar),Dry,Not Applicable,Fine,Dambar Road,Near Rajathadri Hotel,1 KM,0.0,0.0,0,0,0.0,0.0
Bengaluru City,Kumaraswamy Layout Traffic PS,1.04432e+16,2019,1,3,Road Accidents,Narrow road,City/Town,Near Bus stop,Human Error,No,Grievous Injury,Vehicle to Vehicle,Not at  Junction,Others,Others,Bitumen(Tar),Dry,Not Applicable,Fine,City Engeeniar College,Anjanapura Main Road,8,0.0,0.0,0,0,0.0,0.0
Bengaluru City,Kumaraswamy Layout Traffic PS,1.04432e+16,2019,1,2,Not Applicable,Junction,City/Town,Near Bus stop,Human Error,Not Applicable,Grievous Injury,Vehicle to Vehicle,Not Applicable,Others,Others,Bitumen(Tar),Dry,Not Applicable,Others,K S Layout Road,Pipe Line Road,4,0.0,0.0,0,0,0.0,0.0
Bengaluru City,Kumaraswamy Layout Traffic PS,1.04432e+16,2019,1,2,Road Accidents,Narrow road,Rural Areas,Open area,Human Error,Not Applicable,Fatal,Vehicle to Vehicle,Not at  Junction,Others,Others,Bitumen(Tar),Dry,Not Applicable,Fine,Nice Road,Nice Road,08 KM,0.0,0.0,0,0,0.0,0.0
Bengaluru City,Kumaraswamy Layout Traffic PS,1.04432e+16,2019,1,2,Road Accidents,Curves,City/Town,Near a recreation place/cinema,Human Error,Not Applicable,Grievous Injury,Vehicle to Vehicle,Not at  Junction,Others,Others,Bitumen(Tar),Dry,Not Applicable,Fine,Bannerughattq Main Road,Near Vinayaka Teater,6,0.0,0.0,0,0,0.0,0.0
Bengaluru City,Kumaraswamy Layout Traffic PS,1.04432e+16,2019,1,2,Road Accidents,Other,City/Town,Near office complex,Human Error,No,Grievous Injury,Head on,Not at  Junction,Others,City or Town Road,Bitumen(Tar),Dry,Not Applicable,Fine,Dambar Road,Bendre Nagara,3,0.0,0.0,0,0,0.0,0.0
Bengaluru City,Kumaraswamy Layout Traffic PS,1.04432e+16,2019,1,2,Road Accidents,Narrow road,City/Town,Near office complex,Human Error,No,Grievous Injury,Vehicle to Vehicle,Not at  Junction,Others,Others,Bitumen(Tar),Dry,Not Applicable,Fine,Dambar Road,Avalahalli Main Road,8,0.0,0.0,0,0,0.0,0.0
Bengaluru City,Kumaraswamy Layout Traffic PS,1.04432e+16,2019,1,2,Road Accidents,Junction,City/Town,Near Bus stop,Human Error,Not Applicable,Damage Only,Rear end,Police / Manual,Others,City or Town Road,Bitumen(Tar),Dry,Not Applicable,Fine,Dambar Road,Arehalli Arch,0.5 KM,0.0,0.0,0,0,0.0,0.0
Bengaluru City,Kumaraswamy Layout Traffic PS,1.04432e+16,2019,1,3,Road Accidents,Other,Rural Areas,Open area,Human Error,No,Grievous Injury,Head on,Not at  Junction,Others,Others,Bitumen(Tar),Dry,Not Applicable,Fine,Dambar Road,Nice Road,08 KM,0.0,0.0,0,0,0.0,0.0
Bengaluru City,Kumaraswamy Layout Traffic PS,1.04432e+16,2019,1,2,Road Accidents,Other,City/Town,Near Bus stop,Human Error,Not Applicable,Simple Injury,Others,Not Applicable,Others,City or Town Road,Bitumen(Tar),Dry,Not Applicable,Fine,Damber Road,Near Sarkki Signal,3 KM,0.0,0.0,0,0,0.0,0.0
Bengaluru City,Kumaraswamy Layout Traffic PS,1.04432e+16,2019,1,2,Road Accidents,Narrow road,City/Town,Near Hospital,Human Error,Not Applicable,Fatal,Rear end,Not at  Junction,Others,City or Town Road,Bitumen(Tar),Dry,Not Applicable,Fine,Damber Road,VAsanthapura,3,12.8900371,77.564365,0,0,0.0,0.0
Bengaluru City,Kumaraswamy Layout Traffic PS,1.04432e+16,2019,1,2,Road Accidents,Narrow road,City/Town,Near office complex,Human Error,No,Grievous Injury,Others,Not at  Junction,Others,Others,Bitumen(Tar),Dry,Not Applicable,Fine,Dambar Road,Avalahalli Main Road,8,0.0,0.0,0,0,0.0,0.0
Bengaluru City,Kumaraswamy Layout Traffic PS,1.04432e+16,2019,1,2,Road Accidents,Other,Rural Areas,Open area,Human Error,No,Grievous Injury,Rear end,Not at  Junction,Others,Village Road,Bitumen(Tar),Dry,Not Applicable,Fine,Dambar Road,Nice Road,8,0.0,0.0,0,0,0.0,0.0
Bengaluru City,Kumaraswamy Layout Traffic PS,1.04432e+16,2019,1,2,Road Accidents,Junction,City/Town,Near office complex,Human Error,Not Applicable,Damage Only,Vehicle to Vehicle,Signal lights Automatic,Others,NH,Bitumen(Tar),Dry,Not Applicable,Fine,Dambar Road,Sarakki Signals,5,0.0,0.0,0,0,0.0,0.0
Bengaluru City,Kumaraswamy Layout Traffic PS,1.04432e+16,2019,1,2,Road Accidents,Narrow road,Rural Areas,Open area,Human Error,Not Applicable,Grievous Injury,Vehicle to Vehicle,Not at  Junction,Others,Others,Bitumen(Tar),Dry,Not Applicable,Fine,Dambar Road,Unitect Nice Road,8,0.0,0.0,0,0,0.0,0.0
Bengaluru City,Kumaraswamy Layout Traffic PS,1.04432e+16,2019,1,2,Road Accidents,Narrow road,City/Town,Near office complex,Human Error,Yes,Grievous Injury,Vehicle to Vehicle,Not at  Junction,Others,NH,Bitumen(Tar),Dry,Not Applicable,Fine,Dambar Road,Near Metro,5,0.0,0.0,0,0,0.0,0.0
Bengaluru City,Kumaraswamy Layout Traffic PS,1.04432e+16,2019,1,1,Road Accidents,Cross roads,City/Town,Residential area,Human Error,Yes,Fatal,Hit pedestrian,Not at  Junction,Others,Residential Street,Bitumen(Tar),Dry,Not Applicable,Fine,Maramma Temple Road,Vivars Colony,9,12.845204,77.581794,0,0,0.0,0.0
Bengaluru City,Kumaraswamy Layout Traffic PS,1.04432e+16,2019,1,2,Road Accidents,Narrow road,Rural Areas,Narrow bridge or culverts,Human Error,Not Applicable,Grievous Injury,Vehicle to Vehicle,Not at  Junction,Others,Others,Bitumen(Tar),Dry,Not Applicable,Fine,Nagegowdana palya,Nagegowdapalya Bridge,08 KM,0.0,0.0,0,0,0.0,0.0
Bengaluru City,Kumaraswamy Layout Traffic PS,1.04432e+16,2019,1,1,Road Accidents,Curves,City/Town,Open area,Human Error,Yes,Fatal,Not Applicable,Not at  Junction,Others,Forest Road,Bitumen(Tar),Dry,Not Applicable,Fine,Farest Road,Turahalli Forest,6,12.876921,77.518947,0,0,0.0,0.0
Bengaluru City,Kumaraswamy Layout Traffic PS,1.04432e+16,2019,1,1,Road Accidents,Narrow road,City/Town,At pedestrian Crossing,Human Error,Yes,Grievous Injury,Hit pedestrian,Not at  Junction,Others,Others,Bitumen(Tar),Dry,Not Applicable,Fine,Bendre Nagara,Kanaka Layout,3,0.0,0.0,0,0,0.0,0.0
Bengaluru City,Kumaraswamy Layout Traffic PS,1.04432e+16,2019,1,2,Road Accidents,Narrow road,City/Town,Near office complex,Human Error,No,Damage Only,Rear end,Not at  Junction,Others,City or Town Road,Bitumen(Tar),Dry,Not Applicable,Fine,Dambar Road,Metro Station,4,0.0,0.0,0,0,0.0,0.0
Bengaluru City,Kumaraswamy Layout Traffic PS,1.04432e+16,2019,1,2,Road Accidents,Narrow road,City/Town,Near Hospital,Human Error,Yes,Simple Injury,Hit and Run,Not at  Junction,Others,City or Town Road,Bitumen(Tar),Dry,Not Applicable,Fine,Dambar Road,T R Hospital,8,0.0,0.0,0,0,0.0,0.0
Bengaluru City,Kumaraswamy Layout Traffic PS,1.04432e+16,2019,1,2,Road Accidents,Narrow road,City/Town,Residential area,Human Error,Yes,Grievous Injury,Hit and Run,Not at  Junction,Others,Residential Street,Bitumen(Tar),Dry,Not Applicable,Fine,Dambar Road,P P Layout,1.5,0.0,0.0,0,0,0.0,0.0
Bengaluru City,Kumaraswamy Layout Traffic PS,1.04432e+16,2019,1,2,Road Accidents,Curves,City/Town,Near office complex,Human Error,No,Grievous Injury,Overturning,Not at  Junction,Others,City or Town Road,Bitumen(Tar),Dry,Not Applicable,Fine,Dambar Road,Gubbalal,4,0.0,0.0,0,0,0.0,0.0
Bengaluru City,Kumaraswamy Layout Traffic PS,1.04432e+16,2019,1,2,Road Accidents,Other,Rural Areas,Open area,Human Error,No,Grievous Injury,Head on,Not at  Junction,Others,Forest Road,Bitumen(Tar),Dry,Not Applicable,Fine,Dambar Road,Turahalli Forest,6,0.0,0.0,0,0,0.0,0.0
Bengaluru City,Kumaraswamy Layout Traffic PS,1.04432e+16,2019,1,1,Road Accidents,Narrow road,City/Town,Near office complex,Human Error,Not Applicable,Grievous Injury,Hit pedestrian,Not at  Junction,Others,Others,Bitumen(Tar),Dry,Not Applicable,Fine,Dambar Road,Near Konanakunte Police Station,5,0.0,0.0,0,0,0.0,0.0
Bengaluru City,Kumaraswamy Layout Traffic PS,1.04432e+16,2019,1,2,Road Accidents,Cross roads,City/Town,Near Bus stop,Human Error,Yes,Grievous Injury,Vehicle to Vehicle,Not at  Junction,Curve,Others,Bitumen(Tar),Dry,Not Applicable,Fine,Dambar Road,Konankunte Main Road,5,0.0,0.0,0,0,0.0,0.0
Bengaluru City,Kumaraswamy Layout Traffic PS,1.04432e+16,2019,1,2,Road Accidents,Curves,Rural Areas,Residential area,Human Error,Not Applicable,Grievous Injury,Vehicle to Vehicle,Not at  Junction,Others,Others,Bitumen(Tar),Dry,Not Applicable,Fine,Dambar Road,Gottigere Main Road,9,0.0,0.0,0,0,0.0,0.0
Bengaluru City,Kumaraswamy Layout Traffic PS,1.04432e+16,2019,1,2,Road Accidents,Narrow road,Rural Areas,Residential area,Human Error,Yes,Grievous Injury,Vehicle to Vehicle,Not at  Junction,Others,Others,Bitumen(Tar),Dry,Not Applicable,Fine,Dambar Road,Hemmigepura,8,0.0,0.0,0,0,0.0,0.0
Bengaluru City,Kumaraswamy Layout Traffic PS,1.04432e+16,2019,1,2,Road Accidents,Narrow road,Rural Areas,Open area,Human Error,Not Applicable,Simple Injury,Vehicle to Vehicle,Not at  Junction,Others,Others,Bitumen(Tar),Dry,Not Applicable,Fine,Nice Road,Kanakapura Toll,08 KM,0.0,0.0,0,0,0.0,0.0
Bengaluru City,Kumaraswamy Layout Traffic PS,1.04432e+16,2019,1,2,Not Applicable,Narrow road,Rural Areas,Open area,Human Error,Not Applicable,Fatal,Vehicle to Vehicle,Not at  Junction,Others,Others,Bitumen(Tar),Dry,Not Applicable,Others,Nice Road,Nice Road,6,0.0,0.0,0,0,0.0,0.0
Bengaluru City,Kumaraswamy Layout Traffic PS,1.04432e+16,2019,1,2,Road Accidents,Curves,City/Town,Near office complex,Human Error,Not Applicable,Grievous Injury,Vehicle to Vehicle,Not at  Junction,Curve,Others,Bitumen(Tar),Dry,Not Applicable,Fine,Kottnuru Main road,Briged Millieum Appartment,08 KM,0.0,0.0,0,0,0.0,0.0
Bengaluru City,Kumaraswamy Layout Traffic PS,1.04432e+16,2019,1,2,Road Accidents,Narrow road,City/Town,Near Bus stop,Human Error,Yes,Fatal,Vehicle to Vehicle,Police / Manual,Others,NH,Bitumen(Tar),Dry,Not Applicable,Fine,Dambar Road,Jaraganahalli,5,12.902382,77.57341,0,0,0.0,0.0
Bengaluru City,Kumaraswamy Layout Traffic PS,1.04432e+16,2019,1,2,Road Accidents,Narrow road,Rural Areas,Open area,Human Error,No,Fatal,Vehicle to Vehicle,Uncontrolled,Others,Others,Bitumen(Tar),Dry,Not Applicable,Fine,Dambar Road,Nice Road,8,0.0,0.0,0,0,0.0,0.0
Bengaluru City,Kumaraswamy Layout Traffic PS,1.04432e+16,2019,1,2,Road Accidents,Other,City/Town,Residential area,Human Error,Yes,Grievous Injury,Rear end,Not at  Junction,Others,Residential Street,Bitumen(Tar),Dry,Not Applicable,Fine,Dambar Road,Illiyaz Nagara,04 KM,0.0,0.0,0,0,0.0,0.0
Bengaluru City,Kumaraswamy Layout Traffic PS,1.04432e+16,2019,1,3,Road Accidents,Narrow road,City/Town,Near office complex,Human Error,Yes,Grievous Injury,Vehicle to Vehicle,Not at  Junction,Others,Two way,Bitumen(Tar),Dry,Not Applicable,Fine,Dambar Road,Vishal Mart,1,0.0,0.0,0,0,0.0,0.0
Bengaluru City,Kumaraswamy Layout Traffic PS,1.04432e+16,2019,1,2,Road Accidents,Narrow road,City/Town,Near Hospital,Human Error,No,Grievous Injury,Vehicle to Vehicle,Not at  Junction,Others,Others,Bitumen(Tar),Dry,Not Applicable,Fine,Kanakapura main road,Sai Ram Hospital,03 KM,0.0,0.0,0,0,0.0,0.0
Bengaluru City,Kumaraswamy Layout Traffic PS,1.04432e+16,2019,1,2,Road Accidents,Narrow road,City/Town,Residential area,Human Error,Yes,Grievous Injury,Vehicle to Vehicle,Not at  Junction,Others,Others,Bitumen(Tar),Dry,Not Applicable,Fine,Dambar Road,Pipe Line Road,3,0.0,0.0,0,0,0.0,0.0
Bengaluru City,Kumaraswamy Layout Traffic PS,1.04432e+16,2019,1,2,Road Accidents,Narrow road,City/Town,Residential area,Human Error,Yes,Damage Only,Vehicle to Vehicle,Not at  Junction,Others,Others,Bitumen(Tar),Dry,Not Applicable,Fine,Dambar Road,Isro Layout,3,0.0,0.0,0,0,0.0,0.0
Bengaluru City,Kumaraswamy Layout Traffic PS,1.04432e+16,2019,1,2,Road Accidents,Narrow road,Rural Areas,Residential area,Human Error,Not Applicable,Grievous Injury,Vehicle to Vehicle,Not at  Junction,Others,Others,Bitumen(Tar),Dry,Not Applicable,Fine,Dambar Road,Libarty Appartment,8,0.0,0.0,0,0,0.0,0.0
Bengaluru City,Kumaraswamy Layout Traffic PS,1.04432e+16,2019,1,1,Road Accidents,Narrow road,City/Town,At pedestrian Crossing,Human Error,Not Applicable,Grievous Injury,Hit pedestrian,Not at  Junction,Others,Others,Bitumen(Tar),Dry,Not Applicable,Fine,Kashinagara,SLV Enter Prises,5,0.0,0.0,0,0,0.0,0.0
Bengaluru City,Kumaraswamy Layout Traffic PS,1.04432e+16,2019,1,1,Road Accidents,Narrow road,City/Town,Near a religious place,Human Error,Not Applicable,Grievous Injury,Hit pedestrian,Not at  Junction,Others,Others,Bitumen(Tar),Dry,Not Applicable,Fine,Pipe Line Main Road,Bismilla Masidi,4,0.0,0.0,0,0,0.0,0.0
Bengaluru City,Kumaraswamy Layout Traffic PS,1.04432e+16,2019,1,2,Road Accidents,Narrow road,City/Town,Near office complex,Human Error,Not Applicable,Grievous Injury,Vehicle to Vehicle,Not at  Junction,Others,Others,Bitumen(Tar),Dry,Not Applicable,Fine,R B I Layout Main Road,5th Main,7,0.0,0.0,0,0,0.0,0.0
Bengaluru City,Kumaraswamy Layout Traffic PS,1.04432e+16,2019,1,1,Road Accidents,Narrow road,City/Town,Near office complex,Human Error,Not Applicable,Grievous Injury,Hit pedestrian,Signal lights Automatic,Others,NH,Bitumen(Tar),Dry,Not Applicable,Fine,Kanakapura main road,Sarakki Gate,4,0.0,0.0,0,0,0.0,0.0
Bengaluru City,Kumaraswamy Layout Traffic PS,1.04432e+16,2019,1,1,Road Accidents,Narrow road,City/Town,At pedestrian Crossing,Human Error,Yes,Grievous Injury,Hit pedestrian,Not at  Junction,Others,Others,Bitumen(Tar),Dry,Not Applicable,Fine,Padmanabha Nagara,Chikkallasandra Bus Stop,3,0.0,0.0,0,0,0.0,0.0
Bengaluru City,Kumaraswamy Layout Traffic PS,1.04432e+16,2019,1,2,Road Accidents,Narrow road,Rural Areas,Narrow bridge or culverts,Human Error,Not Applicable,Grievous Injury,Vehicle to Vehicle,Not at  Junction,Others,Others,Bitumen(Tar),Dry,Not Applicable,Fine,Sompura Bridge,Nice Road,08 KM,0.0,0.0,0,0,0.0,0.0
Bengaluru City,Kumaraswamy Layout Traffic PS,1.04432e+16,2019,1,2,Road Accidents,Narrow road,City/Town,Near office complex,Human Error,Yes,Grievous Injury,Vehicle to Vehicle,Not at  Junction,Others,NH,Bitumen(Tar),Dry,Not Applicable,Fine,Kanakapura main road,Kanakapura Main Road,5,0.0,0.0,0,0,0.0,0.0
Bengaluru City,Kumaraswamy Layout Traffic PS,1.04432e+16,2019,1,2,Road Accidents,Other,City/Town,Near office complex,Human Error,No,Grievous Injury,Head on,Not at  Junction,Others,NH,Bitumen(Tar),Dry,Not Applicable,Fine,Dambar Road,Adigas Hotel,5,0.0,0.0,0,0,0.0,0.0
Bengaluru City,Kumaraswamy Layout Traffic PS,1.04432e+16,2019,1,1,Road Accidents,Narrow road,City/Town,Near Bus stop,Human Error,No,Grievous Injury,Hit pedestrian,Not at  Junction,Others,City or Town Road,Bitumen(Tar),Dry,Not Applicable,Fine,Dambar Road,Raghuvanahalli Bus Stop,6,0.0,0.0,0,0,0.0,0.0
Bengaluru City,Kumaraswamy Layout Traffic PS,1.04432e+16,2019,1,2,Road Accidents,Narrow road,City/Town,Near office complex,Human Error,Yes,Fatal,Vehicle to Vehicle,Signal lights Automatic,Others,Others,Bitumen(Tar),Dry,Not Applicable,Fine,Dambar Road,Kanakapura Main Road,05 KM,0.0,0.0,0,0,0.0,0.0
Bengaluru City,Kumaraswamy Layout Traffic PS,1.04432e+16,2019,1,1,Road Accidents,Other,City/Town,Near office complex,Human Error,Yes,Grievous Injury,Others,Not at  Junction,Others,Others,Bitumen(Tar),Dry,Not Applicable,Fine,Dambar Road,J P Nagara Near Bus Stop,9,0.0,0.0,0,0,0.0,0.0
Bengaluru City,Kumaraswamy Layout Traffic PS,1.04432e+16,2019,1,2,Road Accidents,Not Applicable,Rural Areas,Open area,Human Error,Yes,Grievous Injury,Vehicle to Vehicle,Not at  Junction,Others,Forest Road,Bitumen(Tar),Dry,Not Applicable,Fine,Dambar Road,Turahalli Forest Road,7,0.0,0.0,0,0,0.0,0.0
Bengaluru City,Kumaraswamy Layout Traffic PS,1.04432e+16,2019,1,1,Road Accidents,Narrow road,City/Town,Near office complex,Human Error,Yes,Grievous Injury,Not Applicable,Not at  Junction,Others,Others,Bitumen(Tar),Dry,Not Applicable,Fine,Anjanapura,Capital Club,8,0.0,0.0,0,0,0.0,0.0
Bengaluru City,Kumaraswamy Layout Traffic PS,1.04432e+16,2019,1,1,Road Accidents,Narrow road,City/Town,At pedestrian Crossing,Human Error,No,Grievous Injury,Hit pedestrian,Not at  Junction,Others,Others,Bitumen(Tar),Dry,Not Applicable,Fine,Dambar Road,Giriyas mall Iliyaz Nagara,4,0.0,0.0,0,0,0.0,0.0
Bengaluru City,Kumaraswamy Layout Traffic PS,1.04432e+16,2019,1,2,Road Accidents,Narrow road,City/Town,Near Hospital,Human Error,Yes,Grievous Injury,Vehicle to Vehicle,Not at  Junction,Others,Others,Bitumen(Tar),Dry,Not Applicable,Fine,Kanakapura main road,Deepashree Hospital,6,0.0,0.0,0,0,0.0,0.0
Bengaluru City,Kumaraswamy Layout Traffic PS,1.04432e+16,2019,1,1,Road Accidents,Narrow road,City/Town,Near Bus stop,Human Error,No,Grievous Injury,Hit pedestrian,Not at  Junction,Others,Two way,Bitumen(Tar),Dry,Not Applicable,Fine,Uttarahalli Main Road,Uttarahalli Main Road,1,0.0,0.0,0,0,0.0,0.0
Bengaluru City,Kumaraswamy Layout Traffic PS,1.04432e+16,2019,1,1,Road Accidents,Narrow road,City/Town,At pedestrian Crossing,Human Error,Not Applicable,Grievous Injury,Hit pedestrian,Not at  Junction,Others,Others,Bitumen(Tar),Dry,Not Applicable,Fine,100 Ft Road,Byyanapalaya,08 KM,0.0,0.0,0,0,0.0,0.0
Bengaluru City,Kumaraswamy Layout Traffic PS,1.04432e+16,2019,1,2,Road Accidents,Narrow road,Rural Areas,Open area,Human Error,Yes,Grievous Injury,Vehicle to Vehicle,Not at  Junction,Others,Others,Bitumen(Tar),Dry,Not Applicable,Fine,"C S Park,",Gottigere Main Road,6,0.0,0.0,0,0,0.0,0.0
Bengaluru City,Kumaraswamy Layout Traffic PS,1.04432e+16,2019,1,2,Road Accidents,Narrow road,Rural Areas,Residential area,Human Error,Not Applicable,Grievous Injury,Vehicle to Vehicle,Not at  Junction,Others,Others,Bitumen(Tar),Dry,Not Applicable,Fine,Infront of Purvankura Appatment,Nice Road,8,0.0,0.0,0,0,0.0,0.0
Bengaluru City,Kumaraswamy Layout Traffic PS,1.04432e+16,2019,1,1,Road Accidents,Junction,City/Town,Near School or College,Human Error,Not Applicable,Grievous Injury,Hit pedestrian,Uncontrolled,Others,Others,Bitumen(Tar),Dry,Not Applicable,Fine,Post Office,Uttarahalli Main Road,0.5,0.0,0.0,0,0,0.0,0.0
Bengaluru City,Kumaraswamy Layout Traffic PS,1.04432e+16,2019,1,2,Road Accidents,Not Applicable,City/Town,Open area,Human Error,Not Applicable,Grievous Injury,Vehicle to Vehicle,Not at  Junction,Others,Others,Bitumen(Tar),Dry,Not Applicable,Fine,Talaghattapura,Pipe Line Road,6,0.0,0.0,0,0,0.0,0.0
Bengaluru City,Kumaraswamy Layout Traffic PS,1.04432e+16,2019,1,2,Road Accidents,Narrow road,City/Town,Near office complex,Human Error,Not Applicable,Grievous Injury,Hit pedestrian,Not at  Junction,Others,Others,Bitumen(Tar),Dry,Not Applicable,Fine,Judicial Layout,Talaghattapura,6,0.0,0.0,0,0,0.0,0.0
Bengaluru City,Kumaraswamy Layout Traffic PS,1.04432e+16,2019,1,1,Road Accidents,Cross roads,City/Town,Residential area,Human Error,No,Grievous Injury,Hit pedestrian,Not at  Junction,Others,Residential Street,Bitumen(Tar),Dry,Not Applicable,Fine,Damber Road,K S Layout,3,0.0,0.0,0,0,0.0,0.0
Bengaluru City,Kumaraswamy Layout Traffic PS,1.04432e+16,2019,1,1,Road Accidents,Narrow road,City/Town,Near office complex,Human Error,Yes,Fatal,Hit pedestrian,Not at  Junction,Others,Others,Bitumen(Tar),Dry,Not Applicable,Fine,Dambar Road,80ft Road Gubbalal,3,12.891679,77.531313,0,0,0.0,0.0