DISTRICTNAME,UNITNAME,Crime_No,Year,RI,Noofvehicle_involved,Accident_Classification,Accident_Spot,Accident_Location,Accident_SubLocation,Main_Cause,Hit_Run,Severity,Collision_Type,Junction_Control,Road_Character,Road_Type,Surface_Type,Surface_Condition,Road_Condition,Weather,Accident_Road,Landmark_first,Distance_LandMark_First,Latitude,Longitude,Road_Condition_Score,Surface_Condition_Score,Surface_Type_Score,Road_Risk_Index
Bengaluru City,Kumaraswamy Layout Traffic PS,1.04432e+16,2023,1,2,Road Accidents,Not Applicable,City/Town,Open area,Human Error,No,Fatal,Vehicle to Vehicle,Uncontrolled,Straight and flat,Others,Bitumen(Tar),Dry,No influence on accident,Fine,subramanayapura main road opp padmavathi silk shop,padmavathi silk shop,10me,12.903313,77.544589,0,0,0.0,0.0
Bengaluru City,Kumaraswamy Layout Traffic PS,1.04432e+16,2023,1,1,Road Accidents,Road hump or Rumble strips,City/Town,Open area,Human Error,No,Fatal,Not Applicable,Uncontrolled,Hump,Others,Bitumen(Tar),Dry,No influence on accident,Fine,KANAKAPURA MAIN ROAD NEAR METRO PILLAR NO 173,METRO PILLAR 173,10,12.885814,77.556299,0,0,0.0,0.0
Bengaluru City,Kumaraswamy Layout Traffic PS,1.04432e+16,2023,1,1,Road Accidents,Junction,City/Town,At pedestrian Crossing,Human Error,No,Grievous Injury,Hit pedestrian,Uncontrolled,Not Applicable,Two way,Bitumen(Tar),Others,No influence on accident,Clear,Kanakapura mainr near Jeep show room,Metro piller no 72,4 km,12.904713,77.573441,0,1,0.0,1.0
Bengaluru City,Kumaraswamy Layout Traffic PS,1.04432e+16,2023,1,1,Road Accidents,Not Applicable,City/Town,Open area,Human Error,Yes,Grievous Injury,Hit pedestrian,Not Applicable,Straight and flat,Two way,Bitumen(Tar),Dry,No influence on accident,Clear,Kanakapura main road near B V trailer weaigh bridge,main road,4 km,12.902798,77.573359,0,0,0.0,0.0
Bengaluru City,Kumaraswamy Layout Traffic PS,1.04432e+16,2023,1,1,Road Accidents,Not Applicable,City/Town,Near Bus stop,Human Error,No,Simple Injury,Hit pedestrian,Uncontrolled,Straight and flat,Others,Bitumen(Tar),Not Applicable,No influence on accident,Clear,Kumaraswamy layout 14 main road near 15E bus stop,bus stop,4,12.903165,77.561684,0,0,0.0,0.0
Bengaluru City,Kumaraswamy Layout Traffic PS,1.04432e+16,2023,1,2,Road Accidents,Narrow road,City/Town,Near Hospital,Human Error,No,Grievous Injury,Vehicle to Vehicle,No signal lights,Others,Major District Road,Bitumen(Tar),Dry,Not Applicable,Clear,80  feet road,0,5km,0.0,0.0,0,0,0.0,0.0
Bengaluru City,Kumaraswamy Layout Traffic PS,1.04432e+16,2023,1,2,Road Accidents,Circle,City/Town,Open area,Human Error,No,Simple Injury,Vehicle to Vehicle,Not Applicable,Others,Others,Bitumen(Tar),Dry,Not Applicable,Clear,paduka mandira road,1,05 km,0.0,0.0,0,0,0.0,0.0
Bengaluru City,Kumaraswamy Layout Traffic PS,1.04432e+16,2023,1,1,Road Accidents,Narrow road,City/Town,Near School or College,Human Error,No,Grievous Injury,Hit pedestrian,Not Applicable,Others,Others,Bitumen(Tar),Dry,Not Applicable,Clear,UTTARHALLI MAIN ROAD,NEAR KASHURI BA SCHOOL,02 KM,12.908411,77.537163,0,0,0.0,0.0
Bengaluru City,Kumaraswamy Layout Traffic PS,1.04432e+16,2023,1,3,Road Accidents,Junction,City/Town,Near Bus stop,Human Error,Yes,Damage Only,Vehicle to Vehicle,Police / Manual,Straight and flat,Others,Bitumen(Tar),Dry,Not Applicable,Clear,Ring road,Iliyaz nagara junction,4 km,12.908686,77.570866,0,0,0.0,0.0
Bengaluru City,Kumaraswamy Layout Traffic PS,1.04432e+16,2023,1,2,Road Accidents,Not Applicable,City/Town,Open area,Human Error,Yes,Grievous Injury,Vehicle to Vehicle,Uncontrolled,Straight and flat,Others,Bitumen(Tar),Dry,No influence on accident,Fine,KANAKAPURA MAIN ROAD OPP BTM CHURCH NEAR SARAKKI SIGNAL,BTM CHURCH,10ME,12.907103,77.573074,0,0,0.0,0.0
Bengaluru City,Kumaraswamy Layout Traffic PS,1.04432e+16,2023,1,2,Road Accidents,Curves,City/Town,Residential area,Human Error,No,Grievous Injury,Vehicle to Vehicle,Not at  Junction,Curve,Others,Bitumen(Tar),Dry,Not Applicable,Clear,Kothanuru main road Adithya nagara,Chamundeshwari miltry hotel,2,12.876359,77.574473,0,0,0.0,0.0
Bengaluru City,Kumaraswamy Layout Traffic PS,1.04432e+16,2023,1,3,Road Accidents,Narrow road,City/Town,Near School or College,Human Error,No,Damage Only,Vehicle to Vehicle,Not Applicable,Others,Others,Bitumen(Tar),Dry,Not Applicable,Clear,kadirenahalli main road,near speed electronics,04 KM,12.91571,77.561459,0,0,0.0,0.0
Bengaluru City,Kumaraswamy Layout Traffic PS,1.04432e+16,2023,1,1,Road Accidents,Not Applicable,City/Town,Open area,Human Error,No,Simple Injury,Not Applicable,Uncontrolled,Straight and flat,Others,Bitumen(Tar),Dry,No influence on accident,Fine,PILLAGANAHALLI MAIN ROAD NEAR WATER PLAT,WATER PLAT,10ME,12.849063,77.583289,0,0,0.0,0.0
Bengaluru City,Kumaraswamy Layout Traffic PS,1.04432e+16,2023,1,2,Road Accidents,Junction,City/Town,Near Petrol Pump,Human Error,No,Grievous Injury,Vehicle to Vehicle,Uncontrolled,Straight and flat,Others,Bitumen(Tar),Dry,No influence on accident,Fine,k s layout 14th main road ana 58th cross juction,lesn and madical juction,50me,12.904238,77.562212,0,0,0.0,0.0
Bengaluru City,Kumaraswamy Layout Traffic PS,1.04432e+16,2023,1,1,Road Accidents,Narrow road,City/Town,Near Petrol Pump,Human Error,No,Grievous Injury,Hit pedestrian,Not at  Junction,Not Applicable,Others,Bitumen(Tar),Dry,Not Applicable,Clear,Kanakapura main raod,1,4km,0.0,0.0,0,0,0.0,0.0
Bengaluru City,Kumaraswamy Layout Traffic PS,1.04432e+16,2023,1,2,Road Accidents,Cross roads,City/Town,Residential area,Human Error,No,Grievous Injury,Vehicle to Vehicle,Not Applicable,Not Applicable,Others,Bitumen(Tar),Dry,Not Applicable,Clear,ITTAMADU MAIN ROAD,1,3km,12.902928,77.563368,0,0,0.0,0.0
Bengaluru City,Kumaraswamy Layout Traffic PS,1.04432e+16,2023,1,2,Road Accidents,Not Applicable,City/Town,Open area,Human Error,Yes,Fatal,Vehicle to Vehicle,Uncontrolled,Straight and flat,Others,Bitumen(Tar),Dry,No influence on accident,Fine,KANAKAPURA MAIN ROAD NEAR HDFC BANK JUCTION PILLAR NO111,METRO PILLAR NO111,10ME,12.894849,77.569049,0,0,0.0,0.0
Bengaluru City,Kumaraswamy Layout Traffic PS,1.04432e+16,2023,1,1,Road Accidents,Narrow road,City/Town,Residential area,Human Error,Yes,Grievous Injury,Hit pedestrian,Not at  Junction,Curve,Others,Bitumen(Tar),Dry,Not Applicable,Clear,Doddakalasandra main road,19 TH CROSS JUNCTION,5 km,0.0,0.0,0,0,0.0,0.0
Bengaluru City,Kumaraswamy Layout Traffic PS,1.04432e+16,2023,1,1,Road Accidents,Narrow road,City/Town,Residential area,Human Error,No,Damage Only,Not Applicable,Not at  Junction,Straight and flat,Others,Bitumen(Tar),Dry,Not Applicable,Clear,100 FEET OUTER RING ROAD,NEAR T M TIMBER SHOP,5,0.0,0.0,0,0,0.0,0.0
Bengaluru City,Kumaraswamy Layout Traffic PS,1.04432e+16,2023,1,1,Road Accidents,Junction,City/Town,In bazaar,Human Error,Yes,Damage Only,Not Applicable,Controlled,Curve,Others,Bitumen(Tar),Dry,Not Applicable,Others,ISRO layout,ISRO layout,4kms,0.0,0.0,0,0,0.0,0.0
Bengaluru City,Kumaraswamy Layout Traffic PS,1.04432e+16,2023,1,1,Road Accidents,Junction,City/Town,Open area,Human Error,No,Grievous Injury,Hit bicyclist,Uncontrolled,Straight and flat,Others,Bitumen(Tar),Dry,No influence on accident,Fine,AREHALLI MAIN ROAD AGS LAYOUT JUNCTION,POLE,10ME,12.917708,77.541875,0,0,0.0,0.0
Bengaluru City,Kumaraswamy Layout Traffic PS,1.04432e+16,2023,1,1,Road Accidents,Not Applicable,City/Town,Near Hospital,Human Error,No,Grievous Injury,Hit pedestrian,Not at  Junction,Straight and flat,Others,Bitumen(Tar),Dry,No influence on accident,Clear,Ittamadu main road,Near Spaise bar,3,12.915953,77.541839,0,0,0.0,0.0
Bengaluru City,Kumaraswamy Layout Traffic PS,1.04432e+16,2023,1,2,Road Accidents,Junction,City/Town,Open area,Human Error,No,Grievous Injury,Vehicle to Vehicle,Controlled,Not Applicable,Two way,Bitumen(Tar),Not Applicable,No influence on accident,Clear,Ring road near k s layout junction,ring road,4 km,12.912524,77.56707,0,0,0.0,0.0
Bengaluru City,Kumaraswamy Layout Traffic PS,1.04432e+16,2023,1,2,Road Accidents,Junction,City/Town,Near a recreation place/cinema,Human Error,No,Grievous Injury,Vehicle to Vehicle,Police / Manual,Others,One way,Bitumen(Tar),Dry,Not Applicable,Clear,KANAKAPURA MAIN ROAD,KONANAKUNTE  METRO STATION,3 KM,12.889501,77.563451,0,0,0.0,0.0
Bengaluru City,Madivala Traffic PS,1.04432e+16,2016,1,2,Road Accidents,Junction,City/Town,Near Petrol Pump,Not Applicable,Yes,Grievous Injury,Hit and Run,Police / Manual,Not Applicable,City or Town Road,Bitumen(Tar),Dry,Not Applicable,Clear,HOSURU MAIN ROAD NEAR SARJAPURA SIGNAL,HOSURU MAIN ROAD NEAR SARJAPURA SIGNAL,1KM,0.0,0.0,0,0,0.0,0.0
Bengaluru City,Madivala Traffic PS,1.04432e+16,2016,1,2,Road Accidents,Other,City/Town,Near office complex,Not Applicable,Yes,Grievous Injury,Others,Not at  Junction,Straight and flat,NH,Bitumen(Tar),Others,Not Applicable,Others,"HOSUR MAIN ROAD, INFRONT OF BOSCH COMPANY",HOSUR MAIN ROAD INFRONT OF BOSCH COMPANY BANGALORE,1 KM,0.0,0.0,0,1,0.0,1.0
Bengaluru City,Madivala Traffic PS,1.04432e+16,2016,1,1,Road Accidents,Not Applicable,City/Town,Residential area,Not Applicable,No,Grievous Injury,Hit pedestrian,Not at  Junction,Curve,NH,Bitumen(Tar),Dry,Not Applicable,Clear,G B PALYA NEAR PIZZA HUT,NEAR PIZZA HUT,3KM,0.0,0.0,0,0,0.0,0.0
Bengaluru City,Madivala Traffic PS,1.04432e+16,2016,1,1,Road Accidents,Narrow road,City/Town,Near a factory industrial area,Human Error,Yes,Grievous Injury,Hit and Run,Not Applicable,Others,City or Town Road,Bitumen(Tar),Dry,Not Applicable,Fine,"KUDLU MAIN ROAD, GOKULDAS GARMENTS",GOKULDAS GARMENTS,6,0.0,0.0,0,0,0.0,0.0
Bengaluru City,Madivala Traffic PS,1.04432e+16,2016,1,2,Road Accidents,Other,City/Town,Open area,Human Error,No,Grievous Injury,Others,Not at  Junction,Others,NH,Bitumen(Tar),Others,Not Applicable,Others,"Near Honda show room,Service road,rupena agrahara",Hosur main road,2kms,0.0,0.0,0,1,0.0,1.0
Bengaluru City,Madivala Traffic PS,1.04432e+16,2016,1,2,Road Accidents,Other,City/Town,Open area,Human Error,Yes,Fatal,Hit and Run,No signal lights,Straight and flat,City or Town Road,Concrete,Wet,Not Applicable,Light Rain,Madivala Santhe Beedhi,Market road,500mts,0.0,0.0,0,3,0.0,3.0
Bengaluru City,Madivala Traffic PS,1.04432e+16,2016,1,1,Road Accidents,Cross roads,City/Town,Residential area,Human Error,No,Grievous Injury,Others,Signal lights Blinking,Slight Curve,City or Town Road,Bitumen(Tar),Dry,No influence on accident,Fine,HSR Ring road Infront of Paran hill apartment,Paran apartment,100mts,0.0,0.0,0,0,0.0,0.0
Bengaluru City,Madivala Traffic PS,1.04432e+16,2016,1,1,Road Accidents,Junction,City/Town,Near Bus stop,Human Error,Yes,Grievous Injury,Hit pedestrian,Signal lights Automatic,Others,NH,Bitumen(Tar),Muddy,No influence on accident,Clear,hosur main road,bommanahalli bus stof,300mt,0.0,0.0,0,4,0.0,4.0
Bengaluru City,Madivala Traffic PS,1.04432e+16,2016,1,2,Road Accidents,Cross roads,City/Town,Open area,Human Error,No,Grievous Injury,Hit and Run,Not at  Junction,Incline,City or Town Road,Bitumen(Tar),Dry,No influence on accident,Very Hot,HSR Ring road 5th main Infront of Swathi hotel,Swathi hotel,50MTS,0.0,0.0,0,0,0.0,0.0
Bengaluru City,Madivala Traffic PS,1.04432e+16,2016,1,1,Road Accidents,Other,City/Town,Residential area,Not Applicable,No,Damage Only,Hit fixed object,Not at  Junction,Others,City or Town Road,Bitumen(Tar),Dry,Not Applicable,Clear,BEGURU MAIN ROAD HONGASANDRA RELIANCE MART,BEGURU MAIN ROAD HONGASANDRA RELIANCE MART,4KM,0.0,0.0,0,0,0.0,0.0
Bengaluru City,Madivala Traffic PS,1.04432e+16,2016,1,2,Road Accidents,Narrow road,City/Town,Open area,Human Error,No,Grievous Injury,Others,Signals (Working),Others,City or Town Road,Bitumen(Tar),Dry,Not Applicable,Fine,SARJAPURA ROAD AUTO MART JUNCTION,SARJAPURA ROAD AUTO MART JUNCTION,3,0.0,0.0,0,0,0.0,0.0
Bengaluru City,Madivala Traffic PS,1.04432e+16,2016,1,1,Road Accidents,Narrow road,City/Town,Near Hospital,Human Error,No,Simple Injury,Others,No signal lights,Others,City or Town Road,Bitumen(Tar),Dry,Not Applicable,Fine,"INFRONT OF PREMAS HOSPITAL, HSR LAYOUT",NEAR PREMAS HOSPITAL,3,0.0,0.0,0,0,0.0,0.0
Bengaluru City,Madivala Traffic PS,1.04432e+16,2016,1,1,Road Accidents,Bridge,City/Town,Narrow bridge or culverts,Human Error,No,Grievous Injury,Hit pedestrian,Not at  Junction,Straight and flat,City or Town Road,Bitumen(Tar),Others,Not Applicable,Others,14TH MAIN FLYOVER,Outer ring road,2kms,0.0,0.0,0,1,0.0,1.0
Bengaluru City,Madivala Traffic PS,1.04432e+16,2016,1,1,Road Accidents,Culvert,City/Town,Narrow bridge or culverts,Human Error,Yes,Grievous Injury,Hit pedestrian,Not at  Junction,Straight and flat,City or Town Road,Bitumen(Tar),Others,Not Applicable,Others,Near HSR Flyover,Outer ring road,2kms,0.0,0.0,0,1,0.0,1.0
Bengaluru City,Madivala Traffic PS,1.04432e+16,2016,1,1,Road Accidents,Junction,City/Town,Near Bus stop,Human Error,No,Grievous Injury,Hit pedestrian,Signal lights Automatic,Others,City or Town Road,Bitumen(Tar),Muddy,Not Applicable,Cloudy,Hosuru main road Garebavipalya junction,Hosuru main road Garebavipalya junction,500MTS,0.0,0.0,0,4,0.0,4.0
Bengaluru City,Madivala Traffic PS,1.04432e+16,2016,1,1,Road Accidents,Cross roads,City/Town,Near a religious place,Human Error,Yes,Damage Only,Hit and Run,Police / Manual,Incline,City or Town Road,Bitumen(Tar),Dry,No influence on accident,Clear,Hongasandra  main road Narasimha temlpe,Narasimha temple,100mts,0.0,0.0,0,0,0.0,0.0
Bengaluru City,Madivala Traffic PS,1.04432e+16,2016,1,2,Road Accidents,Narrow road,City/Town,Near Bus stop,Human Error,No,Damage Only,Others,Not at  Junction,Not Applicable,City or Town Road,Bitumen(Tar),Wet,No influence on accident,Cloudy,Hosuru main road Near ayyappa under pass,Satish Hotel,200mtr,0.0,0.0,0,3,0.0,3.0
Bengaluru City,Madivala Traffic PS,1.04432e+16,2016,1,2,Road Accidents,Junction,City/Town,Near Bus stop,Human Error,Not Applicable,Grievous Injury,Others,Signal lights Automatic,Not Applicable,City or Town Road,Bitumen(Tar),Dry,Not Applicable,Clear,Hosuru main road near garebavipalya junction,HOSUR MAIN ROAD NEAR ROOPENA AGRAHARA BUS STOP,3.5kms,0.0,0.0,0,0,0.0,0.0
Bengaluru City,Madivala Traffic PS,1.04432e+16,2016,1,2,Road Accidents,Cross roads,City/Town,Near Bus stop,Human Error,Yes,Grievous Injury,Hit and Run,Not at  Junction,Curve,City or Town Road,Bitumen(Tar),Dry,No influence on accident,Fine,madivala sante beedi road near CPWD quarters gate,CPWD quarters,300mtr,0.0,0.0,0,0,0.0,0.0
Bengaluru City,Madivala Traffic PS,1.04432e+16,2016,1,1,Road Accidents,Narrow road,City/Town,Near Bus stop,Human Error,No,Grievous Injury,Hit pedestrian,Not at  Junction,Others,City or Town Road,Bitumen(Tar),Dry,Not Applicable,Fine,HOSUR MAIN ROAD NEAR ROOPENA AGRAHARA BUS STOP,HOSUR MAIN ROAD NEAR ROOPENA AGRAHARA BUS STOP,2,0.0,0.0,0,0,0.0,0.0
Bengaluru City,Madivala Traffic PS,1.04432e+16,2016,1,1,Road Accidents,Narrow road,Not Applicable,Near a religious place,Human Error,No,Grievous Injury,Head on,Not at  Junction,Others,City or Town Road,Bitumen(Tar),Dry,Pot holed,Fine,Hosuru main road Garebavipalya,Sayibaba temple,50mts,0.0,0.0,5,0,0.0,5.0
Bengaluru City,Madivala Traffic PS,1.04432e+16,2016,1,2,Road Accidents,Junction,City/Town,Near Bus stop,Human Error,No,Grievous Injury,Head on,Signal lights Automatic,Others,City or Town Road,Bitumen(Tar),Dry,No influence on accident,Clear,Hosuru main road Near Sarjapura junction,H P Petrol Bunk,100mts,0.0,0.0,0,0,0.0,0.0
Bengaluru City,Madivala Traffic PS,1.04432e+16,2016,1,2,Road Accidents,Other,City/Town,Near Hospital,Human Error,No,Damage Only,Others,Not at  Junction,Straight and flat,City or Town Road,Bitumen(Tar),Others,Not Applicable,Others,9TH MAIN hsr,hsr LAYOUT,3kms,0.0,0.0,0,1,0.0,1.0
Bengaluru City,Madivala Traffic PS,1.04432e+16,2016,1,2,Road Accidents,Other,City/Town,Open area,Human Error,No,Grievous Injury,Others,Not at  Junction,Straight and flat,City or Town Road,Bitumen(Tar),Not Applicable,Not Applicable,Others,HSR Layout,In front of Empire hotel,2kms,0.0,0.0,0,0,0.0,0.0
Bengaluru City,Madivala Traffic PS,1.04432e+16,2016,1,2,Road Accidents,Other,City/Town,Residential area,Human Error,Yes,Fatal,Others,Not at  Junction,Straight and flat,City or Town Road,Bitumen(Tar),Others,Not Applicable,Others,Papaiah Layout,Near Kumar sound system,2kms,0.0,0.0,0,1,0.0,1.0
Bengaluru City,Madivala Traffic PS,1.04432e+16,2016,1,1,Road Accidents,Other,City/Town,Open area,Human Error,Yes,Grievous Injury,Hit pedestrian,Not at  Junction,Straight and flat,City or Town Road,Bitumen(Tar),Others,Not Applicable,Others,"Viratnagar,",Near Presidency School,3kms,0.0,0.0,0,1,0.0,1.0
Bengaluru City,Madivala Traffic PS,1.04432e+16,2016,1,2,Road Accidents,Cross roads,City/Town,Open area,Human Error,Not Applicable,Grievous Injury,Head on,Not at  Junction,Others,City or Town Road,Bitumen(Tar),Dry,No influence on accident,Clear,HOSURU MAIN ROAD Near Bommanahalli KFC Godown,K F C Gowdown,10mts,0.0,0.0,0,0,0.0,0.0
Bengaluru City,Madivala Traffic PS,1.04432e+16,2016,1,2,Road Accidents,Narrow road,City/Town,Open area,Human Error,No,Grievous Injury,Hit bicyclist,Signal lights Automatic,Not Applicable,City or Town Road,Bitumen(Tar),Dry,Not Applicable,Fine,HSR LAYOU 5TH MAIN IN FRONT ADIGAS HOTEL,HSRLAYOUT,5,0.0,0.0,0,0,0.0,0.0
Bengaluru City,Madivala Traffic PS,1.04432e+16,2016,1,2,Road Accidents,Cross roads,City/Town,Open area,Human Error,No,Damage Only,Others,Signal lights Automatic,Not Applicable,City or Town Road,Bitumen(Tar),Dry,Not Applicable,Clear,Kudlu main road  Opp corporation bank,Kudlu main road  Opp corporation bank,5km,0.0,0.0,0,0,0.0,0.0
Bengaluru City,Madivala Traffic PS,1.04432e+16,2016,1,1,Road Accidents,Other,City/Town,Near Bus stop,Human Error,No,Damage Only,Others,Signal lights Automatic,Others,Others,Bitumen(Tar),Others,No influence on accident,Clear,SARJAPUR ROAD,nair bus stof,250,0.0,0.0,0,1,0.0,1.0
Bengaluru City,Madivala Traffic PS,1.04432e+16,2016,1,2,Road Accidents,Narrow road,City/Town,Near office complex,Human Error,No,Grievous Injury,Others,Signal lights Blinking,Others,City or Town Road,Bitumen(Tar),Dry,Not Applicable,Clear,HSR Layout Infront of BDA complex,HSR Layout Infront of BDA complex,5 kms,0.0,0.0,0,0,0.0,0.0
Bengaluru City,Madivala Traffic PS,1.04432e+16,2016,1,2,Road Accidents,Curves,City/Town,Near Bus stop,Human Error,No,Grievous Injury,Others,Not at  Junction,Curve,City or Town Road,Bitumen(Tar),Dry,No influence on accident,Clear,Infront of acks building BTM layout madivala,acks saftware company,50 m,0.0,0.0,0,0,0.0,0.0
Bengaluru City,Madivala Traffic PS,1.04432e+16,2016,1,1,Road Accidents,Other,City/Town,Near Bus stop,Not Applicable,No,Grievous Injury,Hit pedestrian,Not at  Junction,Curve,NH,Bitumen(Tar),Dry,Not Applicable,Clear,ROPENA AGARAHARA HOSUR MAIN ROAD,ROOPENA AGARAHARA BUS STOP,1KM,0.0,0.0,0,0,0.0,0.0
Bengaluru City,Madivala Traffic PS,1.04432e+16,2016,1,2,Road Accidents,Junction,City/Town,Open area,Not Applicable,No,Damage Only,Head on,Signal lights Manual,Others,City or Town Road,Bitumen(Tar),Dry,Not Applicable,Clear,NEAR SILK BOADRD JUNCTION,SILK BOARD JUNCTION,0.5KM,0.0,0.0,0,0,0.0,0.0
Bengaluru City,Madivala Traffic PS,1.04432e+16,2016,1,2,Road Accidents,Narrow road,City/Town,Open area,Human Error,No,Grievous Injury,Hit bicyclist,Signal lights Automatic,Others,City or Town Road,Bitumen(Tar),Dry,Not Applicable,Fine,HOSUR MAIN ROAD SILK BOARD JUNCTION,HOSUR MAIN ROAD SILK BOARD JUNCTION,1.5,0.0,0.0,0,0,0.0,0.0
Bengaluru City,Madivala Traffic PS,1.04432e+16,2016,1,1,Road Accidents,Narrow road,City/Town,Near a recreation place/cinema,Human Error,Yes,Grievous Injury,Hit and Run,Uncontrolled,Others,City or Town Road,Bitumen(Tar),Dry,Not Applicable,Fine,"MANGAMANAPALYA BUS STOP SARVICE ROAD, NEAR KRISHNA TAKIS",NEAR KRISHNA TAKIS,3,0.0,0.0,0,0,0.0,0.0
Bengaluru City,Madivala Traffic PS,1.04432e+16,2016,1,2,Road Accidents,Other,City/Town,Open area,Human Error,Yes,Grievous Injury,Others,Not at  Junction,Straight and flat,NH,Bitumen(Tar),Others,Not Applicable,Others,Dr Marigowda road,hosur main road,2kms,0.0,0.0,0,1,0.0,1.0
Bengaluru City,Madivala Traffic PS,1.04432e+16,2016,1,2,Road Accidents,Junction,City/Town,Near Bus stop,Human Error,Yes,Grievous Injury,Hit and Run,Signal lights Automatic,Slight Curve,City or Town Road,Bitumen(Tar),Wet,No influence on accident,Cloudy,Hosuru main road Check post junction,HP Petrol bunk,500MTS,0.0,0.0,0,3,0.0,3.0
Bengaluru City,Madivala Traffic PS,1.04432e+16,2016,1,1,Road Accidents,Culvert,City/Town,Near a religious place,Vehicle Defect,No,Damage Only,Hit and Run,Police / Manual,Not Applicable,City or Town Road,Bitumen(Tar),Dry,Not Applicable,Clear,"HOSUR  ROAD, NEAR AYYAPPA ANDAR PASS",HOSUR  ROAD NEAR AYYAPPA ANDAR PASS,3,0.0,0.0,0,0,0.0,0.0
Bengaluru City,Madivala Traffic PS,1.04432e+16,2016,1,1,Road Accidents,Narrow road,City/Town,Near Bus stop,Human Error,No,Grievous Injury,Hit pedestrian,Not at  Junction,Curve,City or Town Road,Bitumen(Tar),Dry,No influence on accident,Fine,Hosuru road opp Garebavipalya Unilite show room,Unilite show room,500mts,12.900629,77.633625,0,0,0.0,0.0
Bengaluru City,Madivala Traffic PS,1.04432e+16,2016,1,1,Road Accidents,Cross roads,City/Town,Near Bus stop,Human Error,No,Simple Injury,Hit pedestrian,Signal lights Automatic,Slight Curve,City or Town Road,Bitumen(Tar),Dry,No influence on accident,Fine,Bommanahalli service road Infront of ICICI Bank,Chamundi Timbers,500mts,12.90374,77.63047,0,0,0.0,0.0
Bengaluru City,Madivala Traffic PS,1.04432e+16,2016,1,1,Road Accidents,Other,City/Town,In bazaar,Human Error,No,Fatal,Hit pedestrian,Not at  Junction,Others,City or Town Road,Bitumen(Tar),Others,No influence on accident,Others,In front Of Udupi sagara hotel,Maruthi nagara main road,3 kms,0.0,0.0,0,1,0.0,1.0
Bengaluru City,Madivala Traffic PS,1.04432e+16,2016,1,1,Road Accidents,Junction,City/Town,Open area,Human Error,No,Grievous Injury,Others,Signals (Not working),Straight and flat,NH,Bitumen(Tar),Others,Not Applicable,Others,Hosur main road,checkpost junction,3kms,0.0,0.0,0,1,0.0,1.0
Bengaluru City,Madivala Traffic PS,1.04432e+16,2016,1,1,Road Accidents,Other,City/Town,Open area,Human Error,Yes,Grievous Injury,Hit pedestrian,Not at  Junction,Straight and flat,NH,Bitumen(Tar),Others,Not Applicable,Others,YES,Rupena agrahara,1km,0.0,0.0,0,1,0.0,1.0
Bengaluru City,Madivala Traffic PS,1.04432e+16,2016,1,2,Road Accidents,Narrow road,City/Town,Residential area,Human Error,Not Applicable,Grievous Injury,Hit and Run,Not at  Junction,Others,City or Town Road,Bitumen(Tar),Dry,Not Applicable,Fine,KODICHIKKANA HALLI MAIN ROAD NEAR ROYAL LIJANDA APERTMENT,KODICHIKKANA HALLI,3,0.0,0.0,0,0,0.0,0.0
Bengaluru City,Madivala Traffic PS,1.04432e+16,2016,1,2,Road Accidents,Junction,City/Town,Near Bus stop,Human Error,No,Fatal,Head on,Signal lights Automatic,Sharp Curve,City or Town Road,Bitumen(Tar),Dry,No influence on accident,Clear,Hosuru main road Near silk Board junction,Raja kaluve,100mts,0.0,0.0,0,0,0.0,0.0
Bengaluru City,Madivala Traffic PS,1.04432e+16,2016,1,2,Road Accidents,Narrow road,City/Town,Near a factory industrial area,Human Error,No,Simple Injury,Head on,Uncontrolled,Curve and Incline,Service Road,Bitumen(Tar),Dry,Not Applicable,Clear,"Begur Main road,",Near Dream Factory,3,0.0,0.0,0,0,0.0,0.0
Bengaluru City,Madivala Traffic PS,1.04432e+16,2016,1,1,Road Accidents,Cross roads,City/Town,Near School or College,Human Error,Yes,Grievous Injury,Hit and Run,Not at  Junction,Slight Curve,City or Town Road,Bitumen(Tar),Dry,No influence on accident,Fine,30th main BTM Layout 2nd stage,Vidya jyothi High school,50mts,0.0,0.0,0,0,0.0,0.0
Bengaluru City,Madivala Traffic PS,1.04432e+16,2016,1,2,Road Accidents,Junction,City/Town,Near Bus stop,Human Error,No,Grievous Injury,Others,Signal lights Automatic,Curve and Incline,City or Town Road,Bitumen(Tar),Dry,No influence on accident,Clear,Hosuru main road near mangammanapalya junction,Hosuru main road near mangammanapalya junction,5 kms,0.0,0.0,0,0,0.0,0.0
Bengaluru City,Madivala Traffic PS,1.04432e+16,2016,1,2,Road Accidents,Junction,City/Town,Open area,Human Error,Yes,Fatal,Hit and Run,Signal lights Automatic,Not Applicable,City or Town Road,Bitumen(Tar),Dry,No influence on accident,Fine,Hosuru main road Near Mangammmanpalya junction,Taravadu Family restaurant,100mts,0.0,0.0,0,0,0.0,0.0