DISTRICTNAME,UNITNAME,Crime_No,Year,RI,Noofvehicle_involved,Accident_Classification,Accident_Spot,Accident_Location,Accident_SubLocation,Main_Cause,Hit_Run,Severity,Collision_Type,Junction_Control,Road_Character,Road_Type,Surface_Type,Surface_Condition,Road_Condition,Weather,Accident_Road,Landmark_first,Distance_LandMark_First,Latitude,Longitude,Road_Condition_Score,Surface_Condition_Score,Surface_Type_Score,Road_Risk_Index
Bengaluru City,Madivala Traffic PS,1.04432e+16,2016,1,1,Road Accidents,Cross roads,City/Town,Near Bus stop,Human Error,No,Grievous Injury,Hit pedestrian,Not at  Junction,Not Applicable,City or Town Road,Bitumen(Tar),Dry,No influence on accident,Fine,Hosuru main road near Garebavipalya,R N S Motors,300mtr,0.0,0.0,0,0,0.0,0.0
Bengaluru City,Madivala Traffic PS,1.04432e+16,2016,1,2,Road Accidents,Narrow road,City/Town,Open area,Human Error,Yes,Grievous Injury,Hit and Run,Signal lights Automatic,Not Applicable,City or Town Road,Bitumen(Tar),Dry,Not Applicable,Fine,HOSUR MAIN ROAD KUDLUGET JUNCTION,HOSUR MAIN ROAD KUDLUGET JUNCTION,6,0.0,0.0,0,0,0.0,0.0
Bengaluru City,Madivala Traffic PS,1.04432e+16,2016,1,1,Road Accidents,Other,City/Town,Open area,Human Error,Yes,Grievous Injury,Hit pedestrian,Not at  Junction,Straight and flat,NH,Bitumen(Tar),Others,Not Applicable,Others,HOSUR MAIN ROAD NEAR ROOPENA AGRAHARA BUS STOP,HOS,2KMS,0.0,0.0,0,1,0.0,1.0
Bengaluru City,Madivala Traffic PS,1.04432e+16,2016,1,1,Road Accidents,Other,City/Town,Near Bus stop,Human Error,Yes,Grievous Injury,Hit pedestrian,Not at  Junction,Straight and flat,NH,Bitumen(Tar),Others,Not Applicable,Others,Hosur main road,Near  Kudlu gate Bus stop,6kms,0.0,0.0,0,1,0.0,1.0
Bengaluru City,Madivala Traffic PS,1.04432e+16,2016,1,2,Road Accidents,Narrow road,City/Town,Near or inside a village,Human Error,Not Applicable,Damage Only,Others,Not Applicable,Others,City or Town Road,Bitumen(Tar),Dry,Not Applicable,Fine,KODICHIKKANA HALLI MAIN ROAD NEAR LAKE CITY LAYOUT,KODDICHIKKANA HALII,4,0.0,0.0,0,0,0.0,0.0
Bengaluru City,Madivala Traffic PS,1.04432e+16,2016,1,1,Road Accidents,Narrow road,City/Town,Near Bus stop,Human Error,No,Fatal,Drowned,Not at  Junction,Incline,City or Town Road,Bitumen(Tar),Dry,No influence on accident,Clear,Hosuru main road Infront of ashwini bar Madivala,Ashwini Bar,100mts,0.0,0.0,0,0,0.0,0.0
Bengaluru City,Madivala Traffic PS,1.04432e+16,2016,1,1,Road Accidents,Narrow road,City/Town,Open area,Human Error,No,Fatal,Head on,Not at  Junction,Sharp Curve,City or Town Road,Bitumen(Tar),Dry,No influence on accident,Clear,Elivated flyover Infront of Garebavipalya Near oxford collage,Siddiq Hotel,100mts,0.0,0.0,0,0,0.0,0.0
Bengaluru City,Madivala Traffic PS,1.04432e+16,2016,1,2,Road Accidents,Junction,City/Town,Near Bus stop,Human Error,No,Grievous Injury,Overturning,Signal lights Automatic,Slight Curve,City or Town Road,Bitumen(Tar),Dry,No influence on accident,Cloudy,Madivala Sarjapura junction,Madivala Sarjapura junction,2kms,0.0,0.0,0,0,0.0,0.0
Bengaluru City,Madivala Traffic PS,1.04432e+16,2016,1,2,Road Accidents,Narrow road,City/Town,Near Hospital,Human Error,No,Simple Injury,Head on,Signal lights Automatic,Slight Curve,City or Town Road,Bitumen(Tar),Dry,No influence on accident,Fine,HSR Layout Near green view Hospital,Green veiw Hospital,200mtr,0.0,0.0,0,0,0.0,0.0
Bengaluru City,Madivala Traffic PS,1.04432e+16,2016,1,2,Road Accidents,Narrow road,City/Town,Near Bus stop,Human Error,Not Applicable,Grievous Injury,Hit and Run,Police / Manual,Not Applicable,City or Town Road,Bitumen(Tar),Dry,Not Applicable,Clear,hosur road near bommanahalli bus stop,hosur road near bommanahalli bus stop,3,0.0,0.0,0,0,0.0,0.0
Bengaluru City,Madivala Traffic PS,1.04432e+16,2016,1,2,Road Accidents,T Junction,City/Town,Near Hospital,Human Error,Yes,Fatal,Hit and Run,Controlled,Curve and Incline,Expressway,Bitumen(Tar),Dry,Not Applicable,Clear,Garvebavipalya Junction,Vasan Eye Care,4,0.0,0.0,0,0,0.0,0.0
Bengaluru City,Madivala Traffic PS,1.04432e+16,2016,1,1,Road Accidents,Other,City/Town,Near Bus stop,Human Error,No,Grievous Injury,Hit pedestrian,Not at  Junction,Straight and flat,NH,Bitumen(Tar),Others,Not Applicable,Others,Hosur main road,Silk Board bus stop,500MTS,0.0,0.0,0,1,0.0,1.0
Bengaluru City,Madivala Traffic PS,1.04432e+16,2016,1,2,Road Accidents,Narrow road,City/Town,Near office complex,Human Error,Yes,Simple Injury,Hit bicyclist,Not at  Junction,Others,City or Town Road,Bitumen(Tar),Dry,Not Applicable,Fine,"NEAR BOSS COMPANY, BOMMANAHALLI",NEAR BOSS COMPANY BOMMANAHALLI,3,0.0,0.0,0,0,0.0,0.0
Bengaluru City,Madivala Traffic PS,1.04432e+16,2016,1,1,Road Accidents,Junction,City/Town,Open area,Human Error,Yes,Grievous Injury,Hit pedestrian,Signals (Working),Straight and flat,NH,Bitumen(Tar),Others,Not Applicable,Others,Bommanahalli Junction,Hosur main road,3kms,0.0,0.0,0,1,0.0,1.0
Bengaluru City,Madivala Traffic PS,1.04432e+16,2016,1,1,Road Accidents,Bridge,City/Town,Open area,Human Error,Yes,Grievous Injury,Others,Not at  Junction,Straight and flat,NH,Bitumen(Tar),Others,Not Applicable,Others,Madivala fly over up ramp,hosur main road,2kms,0.0,0.0,0,1,0.0,1.0
Bengaluru City,Madivala Traffic PS,1.04432e+16,2016,1,1,Road Accidents,Narrow road,City/Town,Open area,Human Error,No,Grievous Injury,Hit pedestrian,Signal lights Automatic,Not Applicable,City or Town Road,Bitumen(Tar),Dry,No influence on accident,Clear,Hosuru main road near roopena agarahara,Hosuru main road near roopena agarahara,2KMS,0.0,0.0,0,0,0.0,0.0
Bengaluru City,Madivala Traffic PS,1.04432e+16,2016,1,2,Road Accidents,Junction,City/Town,Near Hospital,Human Error,Yes,Grievous Injury,Hit bicyclist,Signal lights Automatic,Others,NH,Bitumen(Tar),Ditch or Potholed,No influence on accident,Clear,hosur main road bommanahalli,vekateswara hospital,100mts,0.0,0.0,0,5,0.0,5.0
Bengaluru City,Madivala Traffic PS,1.04432e+16,2016,1,2,Road Accidents,Narrow road,City/Town,Near Bus stop,Human Error,No,Fatal,Head on,Not at  Junction,Slight Curve,City or Town Road,Bitumen(Tar),Dry,No influence on accident,Clear,Hosuru main road garebavipalya Infront of sai temple,H G S Company,100mts,0.0,0.0,0,0,0.0,0.0
Bengaluru City,Madivala Traffic PS,1.04432e+16,2016,1,2,Road Accidents,Narrow road,City/Town,Near Bus stop,Human Error,No,Grievous Injury,Run Off Road,Signal lights Blinking,Slight Curve,City or Town Road,Bitumen(Tar),Dry,No influence on accident,Light Rain,Hosuru main road near roopena agrahara,Giriyas show room,500MTS,0.0,0.0,0,0,0.0,0.0
Bengaluru City,Madivala Traffic PS,1.04432e+16,2016,1,1,Road Accidents,Circle,City/Town,Near office complex,Human Error,No,Grievous Injury,Hit pedestrian,Signals (Working),Others,City or Town Road,Bitumen(Tar),Dry,No influence on accident,Cloudy,HSR Layout 9th main road,HSR Layout 9th main road,4kms,0.0,0.0,0,0,0.0,0.0
Bengaluru City,Madivala Traffic PS,1.04432e+16,2016,1,2,Road Accidents,Junction,City/Town,Near Bus stop,Human Error,No,Grievous Injury,Others,Signal lights Automatic,Curve,City or Town Road,Bitumen(Tar),Dry,No influence on accident,Fine,Kudlugate junction,Axis ATM,500mts,12.889501,77.64093,0,0,0.0,0.0
Bengaluru City,Madivala Traffic PS,1.04432e+16,2016,1,1,Road Accidents,Junction,City/Town,Near Bus stop,Human Error,Yes,Grievous Injury,Hit and Run,Signal lights Automatic,Incline,City or Town Road,Bitumen(Tar),Dry,No influence on accident,Clear,Hosuru main road Near ayyappa junction,ayyappa temple,50mts,12.924493,77.618197,0,0,0.0,0.0
Bengaluru City,Madivala Traffic PS,1.04432e+16,2016,1,1,Road Accidents,Narrow road,City/Town,Near a religious place,Human Error,Yes,Grievous Injury,Hit and Run,Police / Manual,Incline,City or Town Road,Bitumen(Tar),Dry,No influence on accident,Fine,Old madivala Near Someshwara temple,Someshwara temple,100mts,12.92091,77.61822,0,0,0.0,0.0
Bengaluru City,Madivala Traffic PS,1.04432e+16,2016,1,2,Road Accidents,Junction,City/Town,Open area,Human Error,No,Grievous Injury,Others,Signals (Working),Straight and flat,NH,Bitumen(Tar),Others,Not Applicable,Others,Hosur main road,Kudlu Juncion,4kms,0.0,0.0,0,1,0.0,1.0
Bengaluru City,Madivala Traffic PS,1.04432e+16,2016,1,1,Road Accidents,Other,City/Town,Open area,Human Error,Yes,Grievous Injury,Hit pedestrian,Not at  Junction,Straight and flat,NH,Bitumen(Tar),Others,Not Applicable,Others,Hosur main road,Balaji layout,3kms,0.0,0.0,0,1,0.0,1.0
Bengaluru City,Madivala Traffic PS,1.04432e+16,2016,1,1,Road Accidents,Narrow road,City/Town,Open area,Human Error,No,Grievous Injury,Hit pedestrian,Not at  Junction,Sharp Curve,City or Town Road,Bitumen(Tar),Dry,No influence on accident,Clear,Hosuru main road Bommanahalli Near Gowthami Bar& Hotel,Gowtami bar & Hotel,100mts,0.0,0.0,0,0,0.0,0.0
Bengaluru City,Madivala Traffic PS,1.04432e+16,2016,1,2,Road Accidents,Other,City/Town,Residential area,Not Applicable,No,Grievous Injury,Head on,Not at  Junction,Not Applicable,NH,Bitumen(Tar),Others,Not Applicable,Clear,INFRONT OF SV HOSPITAL,HOSURU MAIN ROAD,1KM,0.0,0.0,0,1,0.0,1.0
Bengaluru City,Madivala Traffic PS,1.04432e+16,2016,1,2,Road Accidents,Narrow road,City/Town,Near a religious place,Human Error,Yes,Grievous Injury,Overturning,Signal lights Blinking,Others,City or Town Road,Bitumen(Tar),Dry,Not Applicable,Clear,KODICHIKKANA HALLI MAIN ROAD,KODICHIKKANA HALLI MAIN ROAD,4kms,0.0,0.0,0,0,0.0,0.0
Bengaluru City,Madivala Traffic PS,1.04432e+16,2016,1,2,Road Accidents,Junction,City/Town,Open area,Human Error,No,Simple Injury,Head on,Police / Manual,Slight Curve,City or Town Road,Bitumen(Tar),Dry,No influence on accident,Clear,Hosuru main road garebavipalya junction,Ankush studio,100mts,0.0,0.0,0,0,0.0,0.0
Bengaluru City,Madivala Traffic PS,1.04432e+16,2016,1,2,Road Accidents,Junction,City/Town,Near Bus stop,Human Error,No,Grievous Injury,Head on,Signal lights Automatic,Not Applicable,City or Town Road,Bitumen(Tar),Wet,No influence on accident,Cloudy,Hosuru main road near kudlu gate junction,Bus stop,100mts,0.0,0.0,0,3,0.0,3.0
Bengaluru City,Madivala Traffic PS,1.04432e+16,2016,1,2,Road Accidents,Narrow road,City/Town,Open area,Human Error,No,Grievous Injury,Hit pedestrian,Not at  Junction,Curve,City or Town Road,Bitumen(Tar),Wet,No influence on accident,Cloudy,Hosuru main road Garebavipalya Hongasandra cross,Hosuru main road Garebavipalya Hongasandra cross,4kms,0.0,0.0,0,3,0.0,3.0
Bengaluru City,Madivala Traffic PS,1.04432e+16,2016,1,1,Road Accidents,Cross roads,City/Town,Near Petrol Pump,Human Error,Yes,Grievous Injury,Hit and Run,Signal lights Blinking,Slight Curve,City or Town Road,Bitumen(Tar),Dry,No influence on accident,Fine,Hosuru main road infront of Bharath petrol bunk,vipro company,500MTS,0.0,0.0,0,0,0.0,0.0
Bengaluru City,Madivala Traffic PS,1.04432e+16,2016,1,1,Road Accidents,Cross roads,City/Town,Near Bus stop,Human Error,No,Grievous Injury,Hit pedestrian,Not at  Junction,Slight Curve,City or Town Road,Bitumen(Tar),Dry,No influence on accident,Fine,Hosuru main road near Venkateshwara temple,Giriyas show room,500mts,12.91193,77.62562,0,0,0.0,0.0
Bengaluru City,Madivala Traffic PS,1.04432e+16,2016,1,1,Road Accidents,Other,City/Town,Open area,Human Error,Yes,Fatal,Hit pedestrian,Not at  Junction,Straight and flat,NH,Bitumen(Tar),Others,Not Applicable,Others,Hosur main road,Rupena agrahara,1km,0.0,0.0,0,1,0.0,1.0
Bengaluru City,Madivala Traffic PS,1.04432e+16,2016,1,2,Road Accidents,Junction,City/Town,Near Petrol Pump,Not Applicable,No,Grievous Injury,Head on,Police / Manual,Not Applicable,City or Town Road,Bitumen(Tar),Dry,Not Applicable,Clear,HOSURU MAIN ROAD NEAR SARJAPURA SIGNAL,SAARJAPURA SIGNAL,1KM,0.0,0.0,0,0,0.0,0.0
Bengaluru City,Madivala Traffic PS,1.04432e+16,2016,1,2,Road Accidents,Circle,City/Town,Residential area,Not Applicable,No,Grievous Injury,Head on,Not at  Junction,Others,City or Town Road,Bitumen(Tar),Dry,Not Applicable,Clear,GANGAMMA CIRCLE BANDEPALYA,NEAR GANNGAMMA CIRCLE BANDEPALYA,2KM,0.0,0.0,0,0,0.0,0.0
Bengaluru City,Madivala Traffic PS,1.04432e+16,2016,1,2,Road Accidents,Junction,City/Town,Near Hospital,Not Applicable,Yes,Grievous Injury,Hit and Run,Signal lights Automatic,Others,NH,Bitumen(Tar),Others,Not Applicable,Clear,NEAR ST JOHN J UNCTION SARJAPUR ROAD,SARJAPUR JUNCTION,1KM,0.0,0.0,0,1,0.0,1.0
Bengaluru City,Madivala Traffic PS,1.04432e+16,2016,1,2,Road Accidents,Junction,City/Town,Near Bus stop,Human Error,Yes,Grievous Injury,Hit and Run,Signal lights Automatic,Not Applicable,City or Town Road,Bitumen(Tar),Flooded,Not Applicable,Cloudy,Hosuru main road near kudlu gate junction,Bus stop,500mts,0.0,0.0,0,5,0.0,5.0
Bengaluru City,Madivala Traffic PS,1.04432e+16,2016,1,1,Road Accidents,Other,City/Town,Open area,Human Error,No,Fatal,Head on,Not at  Junction,Slight Curve,City or Town Road,Bitumen(Tar),Dry,No influence on accident,Clear,Hosuru main road Near HGS Company,Toyota show room,100mts,0.0,0.0,0,0,0.0,0.0
Bengaluru City,Madivala Traffic PS,1.04432e+16,2016,1,2,Road Accidents,Junction,City/Town,Near a religious place,Not Applicable,No,Grievous Injury,Head on,Police / Manual,Not Applicable,NH,Bitumen(Tar),Dry,Not Applicable,Clear,GARAVEBHAVI PALYA HOSURU MAIN ROAD,HOSURU MAIN ROAD,3KM,0.0,0.0,0,0,0.0,0.0
Bengaluru City,Madivala Traffic PS,1.04432e+16,2016,1,2,Road Accidents,Narrow road,City/Town,Near Bus stop,Human Error,No,Simple Injury,Hit bicyclist,Uncontrolled,Others,City or Town Road,Bitumen(Tar),Dry,Not Applicable,Fine,HOSUR ROAD ROOPENAAGRAHAR BUS STOP,HOSUR ROAD ROOPENAAGRAHAR BUS STOP,2,0.0,0.0,0,0,0.0,0.0
Bengaluru City,Madivala Traffic PS,1.04432e+16,2016,1,1,Road Accidents,T Junction,City/Town,At pedestrian Crossing,Human Error,Yes,Grievous Injury,Hit pedestrian,Signal lights Automatic,Straight and flat,Expressway,Bitumen(Tar),Others,Not Applicable,Clear,Bommanahalli Junction,prashanth hospital,2KM,0.0,0.0,0,1,0.0,1.0
Bengaluru City,Madivala Traffic PS,1.04432e+16,2016,1,1,Road Accidents,Narrow road,City/Town,Open area,Human Error,No,Simple Injury,Others,Not Applicable,Others,City or Town Road,Bitumen(Tar),Dry,Not Applicable,Fine,HOSUR MAIN ROAD NEAR SILK BOARD JUCTION,HOSUR MAIN ROAD NEAR SILK BOARD JUCTION,1,0.0,0.0,0,0,0.0,0.0
Bengaluru City,Madivala Traffic PS,1.04432e+16,2016,1,1,Road Accidents,Narrow road,City/Town,Near a recreation place/cinema,Human Error,No,Simple Injury,Head on,Signal lights Automatic,Slight Curve,City or Town Road,Bitumen(Tar),Wet,No influence on accident,Cloudy,Hosuru main road Infront of Form mall Madivala check post,Form mall,50mts,0.0,0.0,0,3,0.0,3.0
Bengaluru City,Madivala Traffic PS,1.04432e+16,2016,1,3,Road Accidents,T Junction,City/Town,Narrow bridge or culverts,Human Error,Yes,Fatal,Hit and Run,Controlled,Curve and Incline,Expressway,Bitumen(Tar),Dry,Not Applicable,Clear,Garabavi palya  junction,Near vasan eye care,4,0.0,0.0,0,0,0.0,0.0
Bengaluru City,Madivala Traffic PS,1.04432e+16,2016,1,2,Road Accidents,Junction,City/Town,Near Bus stop,Human Error,Yes,Damage Only,Hit and Run,Signal lights Automatic,Slight Curve,City or Town Road,Bitumen(Tar),Muddy,No influence on accident,Cloudy,Hosuru main road near Hongasandra junction garebavipalya,generic shop,500mts,0.0,0.0,0,4,0.0,4.0
Bengaluru City,Madivala Traffic PS,1.04432e+16,2016,1,1,Road Accidents,Junction,City/Town,Near Bus stop,Human Error,No,Grievous Injury,Head on,Signal lights Automatic,Not Applicable,City or Town Road,Bitumen(Tar),Dry,No influence on accident,Fine,Hosuru main road Near kudlu gate juntion,Venila restuarant,100mts,0.0,0.0,0,0,0.0,0.0
Bengaluru City,Madivala Traffic PS,1.04432e+16,2016,1,1,Road Accidents,Circle,City/Town,Near Bus stop,Human Error,Yes,Grievous Injury,Hit pedestrian,Signal lights Automatic,Others,City or Town Road,Bitumen(Tar),Dry,No influence on accident,Clear,hosur main road Garebavipalya,hosur main road Garebavipalya,4KM,12.89873,77.6338,0,0,0.0,0.0
Bengaluru City,Madivala Traffic PS,1.04432e+16,2016,1,1,Road Accidents,Other,City/Town,Near Bus stop,Human Error,Yes,Grievous Injury,Hit pedestrian,Not at  Junction,Straight and flat,NH,Bitumen(Tar),Others,Not Applicable,Others,Bommanahalli Bus stop,Hosur main road,3kms,0.0,0.0,0,1,0.0,1.0
Bengaluru City,Madivala Traffic PS,1.04432e+16,2016,1,1,Road Accidents,Other,City/Town,Narrow bridge or culverts,Human Error,No,Fatal,Hit pedestrian,Not at  Junction,Straight and flat,NH,Bitumen(Tar),Others,Not Applicable,Others,YES,Hosur main road,3kms,0.0,0.0,0,1,0.0,1.0
Bengaluru City,Madivala Traffic PS,1.04432e+16,2016,1,2,Road Accidents,Bridge,City/Town,Open area,Human Error,No,Damage Only,Rear end,Not at  Junction,Straight and flat,NH,Bitumen(Tar),Others,Not Applicable,Others,Hosur road,Hosur main road,500MTS,0.0,0.0,0,1,0.0,1.0
Bengaluru City,Madivala Traffic PS,1.04432e+16,2016,1,1,Road Accidents,T Junction,City/Town,Near Bus stop,Human Error,Yes,Fatal,Hit and Run,Controlled,Curve,Expressway,Bitumen(Tar),Dry,Not Applicable,Clear,"Near Bommanahalli bus stop, service road,",Prashanth hospital,3,0.0,0.0,0,0,0.0,0.0
Bengaluru City,Madivala Traffic PS,1.04432e+16,2016,1,2,Road Accidents,Narrow road,City/Town,Open area,Human Error,No,Grievous Injury,Overturning,Not at  Junction,Incline,City or Town Road,Bitumen(Tar),Wet,No influence on accident,Light Rain,Hosuru mani road near Bommanahalli sub way,Prashanth hospital,500mts,0.0,0.0,0,3,0.0,3.0
Bengaluru City,Madivala Traffic PS,1.04432e+16,2016,1,2,Road Accidents,Circle,City/Town,Near Bus stop,Human Error,Yes,Grievous Injury,Hit pedestrian,No signal lights,Others,City or Town Road,Bitumen(Tar),Others,No influence on accident,Clear,btm road,gangothri circle,300mt,0.0,0.0,0,1,0.0,1.0
Bengaluru City,Madivala Traffic PS,1.04432e+16,2016,1,2,Road Accidents,Junction,City/Town,Near Bus stop,Not Applicable,No,Grievous Injury,Head on,Signal lights Automatic,Straight and flat,NH,Bitumen(Tar),Others,Not Applicable,Clear,Sarjapura Junction,Hosur Main Road,02km,0.0,0.0,0,1,0.0,1.0
Bengaluru City,Madivala Traffic PS,1.04432e+16,2016,1,2,Road Accidents,Cross roads,City/Town,Open area,Human Error,No,Simple Injury,Others,Signal lights Blinking,Curve,City or Town Road,Bitumen(Tar),Dry,Not Applicable,Clear,Garvebavi palya srevice road,Garvebavi palya srevice road,5km,0.0,0.0,0,0,0.0,0.0
Bengaluru City,Madivala Traffic PS,1.04432e+16,2016,1,2,Road Accidents,Narrow road,City/Town,Open area,Human Error,Yes,Fatal,Hit and Run,Signal lights Automatic,Sharp Curve,City or Town Road,Bitumen(Tar),Dry,No influence on accident,Cloudy,Hosuru main road Near silk board down ramp Roopena agrahara,SMP travels,100mts,0.0,0.0,0,0,0.0,0.0
Bengaluru City,Madivala Traffic PS,1.04432e+16,2016,1,3,Road Accidents,Cross roads,City/Town,Open area,Human Error,No,Grievous Injury,Head on,Not at  Junction,Sharp Curve,City or Town Road,Bitumen(Tar),Dry,No influence on accident,Clear,Hospalya Main road  Near Chowdeshwari rice mill,Chowdeshwari rice mill,100mts,0.0,0.0,0,0,0.0,0.0
Bengaluru City,Madivala Traffic PS,1.04432e+16,2016,1,1,Road Accidents,Junction,City/Town,Near Hospital,Human Error,Yes,Fatal,Hit and Run,Signal lights Automatic,Incline,City or Town Road,Bitumen(Tar),Dry,No influence on accident,Clear,Near water tank  junction koramangala  sadan  road,Water tank,100mts,0.0,0.0,0,0,0.0,0.0
Bengaluru City,Madivala Traffic PS,1.04432e+16,2016,1,1,Road Accidents,Narrow road,City/Town,Open area,Human Error,Yes,Fatal,Hit and Run,Police / Manual,Not Applicable,City or Town Road,Bitumen(Tar),Dry,Not Applicable,Clear,HOSUR MAIN ROAD NEAR ANJINEYA TEMPLE,HOSUR MAIN ROAD NEAR ANJINEYA TEMPLE,2,12.9223,77.61956,0,0,0.0,0.0
Bengaluru City,Madivala Traffic PS,1.04432e+16,2016,1,2,Road Accidents,Other,City/Town,Open area,Human Error,No,Damage Only,Others,Not at  Junction,Straight and flat,City or Town Road,Bitumen(Tar),Not Applicable,Not Applicable,Others,HSR 14th main,Near BDA Complex,4kms,0.0,0.0,0,0,0.0,0.0
Bengaluru City,Madivala Traffic PS,1.04432e+16,2016,1,1,Road Accidents,Other,City/Town,Near Bus stop,Human Error,Yes,Grievous Injury,Hit pedestrian,Signal lights Automatic,Others,NH,Bitumen(Tar),Ditch or Potholed,No influence on accident,Clear,hosur main road bommanahalli,vekateswara hospital,100mts,0.0,0.0,0,5,0.0,5.0
Bengaluru City,Madivala Traffic PS,1.04432e+16,2016,1,1,Road Accidents,Junction,City/Town,Near Bus stop,Human Error,No,Simple Injury,Head on,Signal lights Automatic,Incline,City or Town Road,Bitumen(Tar),Dry,No influence on accident,Clear,kudlugate junction Hosuru main road,Kudlugate Bus stop,100mts,0.0,0.0,0,0,0.0,0.0
Bengaluru City,Madivala Traffic PS,1.04432e+16,2016,1,1,Road Accidents,Junction,City/Town,Near Bus stop,Human Error,No,Grievous Injury,Hit pedestrian,Signal lights Automatic,Not Applicable,City or Town Road,Bitumen(Tar),Dry,No influence on accident,Clear,Hosuru road near Bommanahalli junction,Prashanth hospital,500mts,0.0,0.0,0,0,0.0,0.0
Bengaluru City,Madivala Traffic PS,1.04432e+16,2016,1,1,Road Accidents,Other,City/Town,Residential area,Not Applicable,No,Grievous Injury,Hit pedestrian,Not at  Junction,Straight and flat,City or Town Road,Bitumen(Tar),Others,Not Applicable,Clear,"Near Ayyappa Bakery, Kodichikkanahalli Main Road",Kodichikanahalli Main Road Infront of Ayyppa Bakery,2km,0.0,0.0,0,1,0.0,1.0
Bengaluru City,Madivala Traffic PS,1.04432e+16,2016,1,2,Road Accidents,Other,City/Town,Open area,Human Error,No,Grievous Injury,Others,Not at  Junction,Straight and flat,City or Town Road,Bitumen(Tar),Others,Pot holed,Others,"9th main,18th cross",HSR Layout,3kms,0.0,0.0,5,1,0.0,6.0
Bengaluru City,Madivala Traffic PS,1.04432e+16,2016,1,1,Road Accidents,Narrow road,City/Town,Near Bus stop,Human Error,No,Grievous Injury,Hit pedestrian,Not at  Junction,Slight Curve,City or Town Road,Bitumen(Tar),Wet,No influence on accident,Cloudy,Madivala sante Beedi,Neat more Mall,50mts,0.0,0.0,0,3,0.0,3.0
Bengaluru City,Madivala Traffic PS,1.04432e+16,2016,1,2,Road Accidents,Junction,City/Town,Near Bus stop,Human Error,Yes,Grievous Injury,Hit and Run,Signal lights Automatic,Slight Curve,City or Town Road,Bitumen(Tar),Flooded,Not Applicable,Cloudy,HSR Layout 5th main junction,Munishwara temple,300mts,0.0,0.0,0,5,0.0,5.0
Bengaluru City,Madivala Traffic PS,1.04432e+16,2016,1,2,Road Accidents,Junction,City/Town,Near Bus stop,Human Error,Yes,Simple Injury,Others,Signal lights Automatic,Incline,City or Town Road,Bitumen(Tar),Dry,No influence on accident,Clear,Hosuru main road kudlu gate junction,Hosuru main road kudlu gate junction,6kms,0.0,0.0,0,0,0.0,0.0
Bengaluru City,Madivala Traffic PS,1.04432e+16,2016,1,1,Road Accidents,Junction,City/Town,Open area,Human Error,Yes,Grievous Injury,Hit and Run,Signal lights Blinking,Incline,City or Town Road,Bitumen(Tar),Dry,No influence on accident,Clear,Mangammanapalya Infront of salarpuriya apt.,Salarpuriya apt,50mts,0.0,0.0,0,0,0.0,0.0
Bengaluru City,Madivala Traffic PS,1.04432e+16,2016,1,1,Road Accidents,Narrow road,City/Town,Narrow bridge or culverts,Human Error,No,Grievous Injury,Hit pedestrian,Signal lights Blinking,Incline,City or Town Road,Bitumen(Tar),Dry,Not Applicable,Clear,Gulbarga colony near mustafa tea stall,Gulbarga colony near mustafa tea stall,2.5 km,0.0,0.0,0,0,0.0,0.0
Bengaluru City,Madivala Traffic PS,1.04432e+16,2016,1,1,Road Accidents,Other,City/Town,Open area,Human Error,Yes,Grievous Injury,Hit pedestrian,Not at  Junction,Straight and flat,NH,Bitumen(Tar),Others,Not Applicable,Others,Garvebavi paly,Hosur main road,4kms,0.0,0.0,0,1,0.0,1.0
Bengaluru City,Madivala Traffic PS,1.04432e+16,2016,1,1,Road Accidents,Other,City/Town,Near Hospital,Human Error,No,Grievous Injury,Others,Not at  Junction,Straight and flat,City or Town Road,Bitumen(Tar),Others,Not Applicable,Others,Hongasandra,Beguru main road,5kms,0.0,0.0,0,1,0.0,1.0
Bengaluru City,Madivala Traffic PS,1.04432e+16,2016,1,1,Road Accidents,Other,City/Town,Near Bus stop,Human Error,No,Grievous Injury,Hit pedestrian,Not at  Junction,Straight and flat,NH,Bitumen(Tar),Not Applicable,Not Applicable,Others,Hosur main road,Rupena agrahara,1km,0.0,0.0,0,0,0.0,0.0
Bengaluru City,Madivala Traffic PS,1.04432e+16,2016,1,2,Road Accidents,Other,City/Town,Residential area,Human Error,Yes,Grievous Injury,Others,Not at  Junction,Straight and flat,City or Town Road,Bitumen(Tar),Others,Not Applicable,Others,5TH MAIN hsr,hsr LAYOUT,4kms,0.0,0.0,0,1,0.0,1.0