DISTRICTNAME,UNITNAME,Crime_No,Year,RI,Noofvehicle_involved,Accident_Classification,Accident_Spot,Accident_Location,Accident_SubLocation,Main_Cause,Hit_Run,Severity,Collision_Type,Junction_Control,Road_Character,Road_Type,Surface_Type,Surface_Condition,Road_Condition,Weather,Accident_Road,Landmark_first,Distance_LandMark_First,Latitude,Longitude,Road_Condition_Score,Surface_Condition_Score,Surface_Type_Score,Road_Risk_Index
Bengaluru City,Madivala Traffic PS,1.04432e+16,2017,1,2,Road Accidents,Junction,City/Town,Near Bus stop,Human Error,Yes,Grievous Injury,Hit and Run,Signal lights Automatic,Others,City or Town Road,Bitumen(Tar),Dry,No influence on accident,Clear,hosur main road garebhavi palya junction,anjanayya tempal,100mts,12.892476,77.637787,0,0,0.0,0.0
Bengaluru City,Madivala Traffic PS,1.04432e+16,2017,1,2,Road Accidents,Cross roads,City/Town,Near Hospital,Human Error,No,Grievous Injury,Side impact or Right angle,Uncontrolled,Straight and flat,Expressway,Bitumen(Tar),Dry,Not Applicable,Clear,Hosur Main Road,Vasan Eye Care,4 Km,12.89785,77.63455,0,0,0.0,0.0
Bengaluru City,Madivala Traffic PS,1.04432e+16,2017,1,1,Road Accidents,Junction,City/Town,Near Bus stop,Human Error,No,Grievous Injury,Hit bicyclist,Controlled,Straight and flat,Expressway,Bitumen(Tar),Dry,Not Applicable,Clear,Silkboard junction,prashanth hotel,1,12.91742,77.62296,0,0,0.0,0.0
Bengaluru City,Madivala Traffic PS,1.04432e+16,2017,1,3,Road Accidents,Narrow road,City/Town,Near Bus stop,Human Error,No,Fatal,Head on,Signal lights Blinking,Curve and Incline,Expressway,Bitumen(Tar),Dry,Not Applicable,Clear,Hosur Main road Bangalore,Jaguar show room,02 km,12.910732,77.626556,0,0,0.0,0.0
Bengaluru City,Madivala Traffic PS,1.04432e+16,2017,1,2,Road Accidents,Narrow road,City/Town,Near Hospital,Human Error,Yes,Grievous Injury,Hit and Run,Uncontrolled,Straight and flat,Expressway,Bitumen(Tar),Dry,Not Applicable,Clear,Hosur  main road,Aswad hospital,1,12.914322,77.624626,0,0,0.0,0.0
Bengaluru City,Madivala Traffic PS,1.04432e+16,2017,1,1,Road Accidents,T Junction,City/Town,Near office complex,Human Error,No,Grievous Injury,Hit pedestrian,Uncontrolled,Straight and flat,Expressway,Bitumen(Tar),Dry,Not Applicable,Clear,Hosur main road,Vasan Eye care,04 K M,12.897785,77.634486,0,0,0.0,0.0
Bengaluru City,Madivala Traffic PS,1.04432e+16,2017,1,1,Road Accidents,Bridge,City/Town,At pedestrian Crossing,Human Error,Yes,Fatal,Hit pedestrian,Uncontrolled,Straight and flat,Expressway,Bitumen(Tar),Dry,Not Applicable,Clear,Hosur main road,Madiwala Bridge,1,0.0,0.0,0,0,0.0,0.0
Bengaluru City,Madivala Traffic PS,1.04432e+16,2017,1,1,Not Applicable,Narrow road,City/Town,Near Bus stop,Human Error,Yes,Simple Injury,Hit and Run,Not at  Junction,Slight Curve,City or Town Road,Bitumen(Tar),Dry,Not Applicable,Clear,Hosuru main road near roopena agrahara bus stop,Bus stop,100mts,12.91378,77.62486,0,0,0.0,0.0
Bengaluru City,Madivala Traffic PS,1.04432e+16,2017,1,2,Road Accidents,T Junction,City/Town,Open area,Vehicle Defect,Yes,Grievous Injury,Hit and Run,Controlled,Straight and flat,Expressway,Bitumen(Tar),Dry,Not Applicable,Clear,Garebavipalya Signal Hosru road,Matha Hospital,4,12.89688,77.63501,0,0,0.0,0.0
Bengaluru City,Madivala Traffic PS,1.04432e+16,2017,1,1,Road Accidents,More than four arms,City/Town,Near office complex,Human Error,No,Fatal,Head on,Controlled,Curve and Incline,City or Town Road,Bitumen(Tar),Dry,Not Applicable,Fine,"Near hosur main road, silk board",Central silk board,1,12.91661,77.62294,0,0,0.0,0.0
Bengaluru City,Madivala Traffic PS,1.04432e+16,2017,1,2,Road Accidents,Narrow road,City/Town,Near Petrol Pump,Human Error,Yes,Fatal,Hit and Run,Signal lights Automatic,Straight and flat,Expressway,Bitumen(Tar),Dry,Not Applicable,Clear,Hosur main road,ST Johns  Hospital,02 km,12.929602,77.615161,0,0,0.0,0.0
Bengaluru City,Madivala Traffic PS,1.04432e+16,2017,1,1,Road Accidents,Narrow road,City/Town,Near School or College,Human Error,Yes,Grievous Injury,Hit and Run,Uncontrolled,Crest of hill,Expressway,Bitumen(Tar),Dry,Not Applicable,Clear,Hosur main road,oxford college,02 km,12.901717,77.632294,0,0,0.0,0.0
Bengaluru City,Madivala Traffic PS,1.04432e+16,2017,1,2,Road Accidents,More than four arms,Not Applicable,Near Bus stop,Human Error,No,Grievous Injury,Hit bicyclist,Uncontrolled,Straight and flat,State Highway,Bitumen(Tar),Dry,Not Applicable,Clear,H.S.R Ring road,Aranya bar and restourant,01 KM,12.917103,77.627727,0,0,0.0,0.0
Bengaluru City,Madivala Traffic PS,1.04432e+16,2017,1,2,Road Accidents,Narrow road,City/Town,Near School or College,Human Error,No,Damage Only,Head on,Not at  Junction,Slight Curve,City or Town Road,Bitumen(Tar),Dry,No influence on accident,Clear,Hosuru main road Oxford collage Bommanahalli,Chaumundeshwari timbers,500mts,12.9059,77.6296,0,0,0.0,0.0
Bengaluru City,Madivala Traffic PS,1.04432e+16,2017,1,1,Road Accidents,Other,City/Town,Near Bus stop,Human Error,Yes,Grievous Injury,Hit and Run,No signal lights,Others,City or Town Road,Bitumen(Tar),Dry,No influence on accident,Clear,HOSURU MAIN ROAD ROPENA AGRAHARA NEAR MEGAMART,BUS STOP,200 M,12.91251,77.62558,0,0,0.0,0.0
Bengaluru City,Madivala Traffic PS,1.04432e+16,2017,1,1,Road Accidents,T Junction,City/Town,Open area,Human Error,No,Fatal,Rear end,Controlled,Straight and flat,Expressway,Bitumen(Tar),Dry,Not Applicable,Clear,Garebavipalya junction,Brand Factory,4,12.89744,77.63477,0,0,0.0,0.0
Bengaluru City,Madivala Traffic PS,1.04432e+16,2017,1,1,Road Accidents,Staggered junction,City/Town,Near a religious place,Human Error,No,Grievous Injury,Hit pedestrian,Uncontrolled,Straight and flat,Service Road,Bitumen(Tar),Dry,Not Applicable,Clear,Begur Main road,Ayyappa temple,04 K M,0.0,0.0,0,0,0.0,0.0
Bengaluru City,Madivala Traffic PS,1.04432e+16,2017,1,1,Road Accidents,Culvert,City/Town,Narrow bridge or culverts,Human Error,Yes,Simple Injury,Hit and Run,Controlled,Straight and flat,Expressway,Bitumen(Tar),Dry,Not Applicable,Clear,Hosur Main road,Icher trak,02km,12.909864,77.627223,0,0,0.0,0.0
Bengaluru City,Madivala Traffic PS,1.04432e+16,2017,1,1,Road Accidents,Other,City/Town,Near Bus stop,Human Error,No,Grievous Injury,Hit pedestrian,No signal lights,Others,City or Town Road,Bitumen(Tar),Dry,No influence on accident,Others,HOSUR MAIN ROAD RUPEENA AGRAHARA,lakshmi venkateswara temple,100mts,12.91355,77.62502,0,0,0.0,0.0
Bengaluru City,Madivala Traffic PS,1.04432e+16,2017,1,1,Road Accidents,More than four arms,City/Town,Open area,Vehicle Defect,No,Grievous Injury,Rear end,Uncontrolled,Curve and Incline,Two way,Bitumen(Tar),Dry,Not Applicable,Clear,"HSR Ring road 9th Sector near bus stop,",My Baby shop,3,12.91643,77.63397,0,0,0.0,0.0
Bengaluru City,Madivala Traffic PS,1.04432e+16,2017,1,2,Road Accidents,Junction,City/Town,Near Bus stop,Human Error,No,Grievous Injury,Head on,Signal lights Automatic,Others,City or Town Road,Bitumen(Tar),Dry,No influence on accident,Very Hot,Near Madivala police station,Total mall,50mts,0.0,0.0,0,0,0.0,0.0
Bengaluru City,Madivala Traffic PS,1.04432e+16,2017,1,3,Road Accidents,T Junction,City/Town,Near School or College,Human Error,No,Fatal,Head on,Controlled,Straight and flat,Expressway,Bitumen(Tar),Dry,Not Applicable,Clear,"Garvebavipalya Junction  hosur main road,",ST Maries school,3,0.0,0.0,0,0,0.0,0.0
Bengaluru City,Madivala Traffic PS,1.04432e+16,2017,1,2,Road Accidents,Narrow road,City/Town,Near Bus stop,Human Error,Yes,Simple Injury,Hit and Run,Not at  Junction,Slight Curve,City or Town Road,Bitumen(Tar),Dry,No influence on accident,Clear,HSR Ring road 14th main flyover Down ramp,Patel timbers,100mts,12.91606,77.63645,0,0,0.0,0.0
Bengaluru City,Madivala Traffic PS,1.04432e+16,2017,1,1,Road Accidents,Narrow road,City/Town,Open area,Human Error,No,Simple Injury,Head on,Signal lights Automatic,Not Applicable,City or Town Road,Bitumen(Tar),Dry,No influence on accident,Clear,Hosuru main road roopena agrahara Bus stop,Sardar Ji daba,100mts,12.9127,77.62555,0,0,0.0,0.0
Bengaluru City,Madivala Traffic PS,1.04432e+16,2017,1,1,Road Accidents,Junction,City/Town,Near a religious place,Human Error,No,Simple Injury,Others,Signal lights Automatic,Others,City or Town Road,Bitumen(Tar),Dry,No influence on accident,Clear,ayyappa temple junction madivala,ayyappa temple,200 m,12.92362,77.61872,0,0,0.0,0.0
Bengaluru City,Madivala Traffic PS,1.04432e+16,2017,1,2,Road Accidents,More than four arms,City/Town,Open area,Vehicle Defect,No,Damage Only,Rear end,Controlled,Curve and Incline,City or Town Road,Bitumen(Tar),Dry,Not Applicable,Fine,silk board junction,H S R Appartement,1,12.91738,77.62324,0,0,0.0,0.0
Bengaluru City,Madivala Traffic PS,1.04432e+16,2017,1,1,Road Accidents,Junction,City/Town,Near Bus stop,Human Error,Yes,Simple Injury,Hit and Run,Police / Manual,Not Applicable,City or Town Road,Bitumen(Tar),Dry,Not Applicable,Clear,"HOSUR MAIN ROAD, NEAR BUS STOP, GARVEBAVIPALYA BANGALORE CITY",HOSUR MAIN ROAD NEAR BUS STOP GARVEBAVIPALYA BANGALORE CITY,3,12.89619,77.63549,0,0,0.0,0.0
Bengaluru City,Madivala Traffic PS,1.04432e+16,2017,1,2,Road Accidents,Staggered junction,City/Town,Open area,Human Error,No,Simple Injury,Rear end,No signal lights,Straight and flat,City or Town Road,Bitumen(Tar),Dry,Not Applicable,Clear,Begur Main road,OM Shakthi temple,4,0.0,0.0,0,0,0.0,0.0
Bengaluru City,Madivala Traffic PS,1.04432e+16,2017,1,2,Rail Road Accidents,T Junction,City/Town,Near Bus stop,Vehicle Defect,No,Damage Only,Rear end,Controlled,Straight and flat,Expressway,Bitumen(Tar),Dry,Not Applicable,Clear,Hosur main road,Bus stop,3,0.0,0.0,0,0,0.0,0.0
Bengaluru City,Madivala Traffic PS,1.04432e+16,2017,1,1,Road Accidents,Narrow road,City/Town,Near a factory industrial area,Human Error,Yes,Grievous Injury,Hit and Run,Uncontrolled,Straight and flat,Expressway,Bitumen(Tar),Dry,Not Applicable,Clear,Hosur main road,Near Bosch company,02 km,0.0,0.0,0,0,0.0,0.0
Bengaluru City,Madivala Traffic PS,1.04432e+16,2017,1,1,Road Accidents,Narrow road,City/Town,Near office complex,Human Error,Yes,Grievous Injury,Hit and Run,Uncontrolled,Straight and flat,City or Town Road,Bitumen(Tar),Dry,Not Applicable,Clear,Madivala market road,CPWD quarters,700met,12.923146,77.624243,0,0,0.0,0.0
Bengaluru City,Madivala Traffic PS,1.04432e+16,2017,1,1,Road Accidents,Narrow road,City/Town,Near a religious place,Human Error,No,Grievous Injury,Head on,Not at  Junction,Incline,City or Town Road,Bitumen(Tar),Dry,No influence on accident,Clear,Hosuru main  road Near  Anjeneya temple,Anjeneya temple,50mts,12.92222,77.61954,0,0,0.0,0.0
Bengaluru City,Madivala Traffic PS,1.04432e+16,2017,1,1,Road Accidents,T Junction,City/Town,Narrow bridge or culverts,Vehicle Defect,Yes,Fatal,Hit and Run,Controlled,Curve and Incline,Expressway,Bitumen(Tar),Dry,Not Applicable,Clear,Near sub way Bommanahalli,Eliveted Floor,3,12.90673,77.62904,0,0,0.0,0.0
Bengaluru City,Madivala Traffic PS,1.04432e+16,2017,1,1,Road Accidents,Narrow road,City/Town,Near Petrol Pump,Human Error,Yes,Grievous Injury,Hit and Run,Uncontrolled,Straight and flat,Expressway,Bitumen(Tar),Dry,Not Applicable,Clear,Near petrol bunk Rupena Agrahara,petrol bunk,1,12.91265,77.62544,0,0,0.0,0.0
Bengaluru City,Madivala Traffic PS,1.04432e+16,2017,1,1,Road Accidents,Narrow road,City/Town,Near Hospital,Human Error,Not Applicable,Grievous Injury,Hit and Run,Police / Manual,Not Applicable,City or Town Road,Bitumen(Tar),Dry,Not Applicable,Clear,BEGUR MAIN ROSD HONGASANDRA NEAR VINAYAKA HOSPITAL,BEGUR MAIN ROSD HONGASANDRA NEAR VINAYAKA HOSPITAL,3,12.89193,77.62592,0,0,0.0,0.0
Bengaluru City,Madivala Traffic PS,1.04432e+16,2017,1,1,Road Accidents,Staggered junction,City/Town,Near Bus stop,Human Error,Yes,Grievous Injury,Hit and Run,Signal lights Blinking,Straight and flat,Expressway,Bitumen(Tar),Dry,Not Applicable,Clear,Hosur Main road,Giriyas show room,01km,12.91183,77.62602,0,0,0.0,0.0
Bengaluru City,Madivala Traffic PS,1.04432e+16,2017,1,1,Road Accidents,T Junction,City/Town,Near Petrol Pump,Human Error,Yes,Grievous Injury,Hit and Run,Signal lights Automatic,Straight and flat,Expressway,Bitumen(Tar),Dry,Not Applicable,Clear,Hosur Main road,Near petrol pump,1,12.93128,77.613945,0,0,0.0,0.0
Bengaluru City,Madivala Traffic PS,1.04432e+16,2017,1,1,Road Accidents,T Junction,City/Town,Near Bus stop,Human Error,Yes,Simple Injury,Hit and Run,Signal lights Automatic,Straight and flat,Expressway,Bitumen(Tar),Dry,Not Applicable,Clear,Bommanahalli Junction,Zion A G Pente cost church,2KM,12.906682,77.628935,0,0,0.0,0.0
Bengaluru City,Madivala Traffic PS,1.04432e+16,2017,1,2,Road Accidents,Narrow road,City/Town,Open area,Human Error,No,Simple Injury,Drowned,Signal lights Automatic,Slight Curve,City or Town Road,Bitumen(Tar),Dry,No influence on accident,Cloudy,Hosuru main road Infront of brand factory Elyvated flyover,Brand factory,100mts,12.89307,77.63748,0,0,0.0,0.0
Bengaluru City,Madivala Traffic PS,1.04432e+16,2017,1,1,Road Accidents,Junction,City/Town,Open area,Human Error,Yes,Grievous Injury,Hit and Run,Police / Manual,Incline,City or Town Road,Bitumen(Tar),Dry,No influence on accident,Clear,silk Board junction HSR ring road,Vipro company,100mts,12.91723,77.62299,0,0,0.0,0.0
Bengaluru City,Madivala Traffic PS,1.04432e+16,2017,1,2,Road Accidents,Narrow road,City/Town,Open area,Human Error,Yes,Simple Injury,Hit and Run,Not at  Junction,Not Applicable,City or Town Road,Bitumen(Tar),Dry,No influence on accident,Clear,Venkatapura HSR 5th main near park,Vandana grand apartment,100mts,0.0,0.0,0,0,0.0,0.0
Bengaluru City,Madivala Traffic PS,1.04432e+16,2017,1,2,Road Accidents,More than four arms,City/Town,In bazaar,Human Error,No,Grievous Injury,Rear end,Uncontrolled,Straight and flat,Expressway,Bitumen(Tar),Dry,Not Applicable,Clear,hosur main road,Near giriyas show room,1,12.91292,77.62541,0,0,0.0,0.0
Bengaluru City,Madivala Traffic PS,1.04432e+16,2017,1,2,Road Accidents,More than four arms,City/Town,Near Bus stop,Human Error,Yes,Grievous Injury,Hit and Run,Signal lights Automatic,Straight and flat,Expressway,Bitumen(Tar),Dry,Not Applicable,Clear,Near sarjapura junction,H P petrol bunk,1,12.92955,77.61519,0,0,0.0,0.0
Bengaluru City,Madivala Traffic PS,1.04432e+16,2017,1,3,Road Accidents,Cross roads,City/Town,Open area,Human Error,No,Simple Injury,Head on,Not at  Junction,Incline,City or Town Road,Bitumen(Tar),Dry,No influence on accident,Clear,Hosuru main road opp. IBS Hotel,IBS Hotel,100mts,12.900973,77.632607,0,0,0.0,0.0
Bengaluru City,Madivala Traffic PS,1.04432e+16,2017,1,1,Road Accidents,Other,City/Town,Open area,Human Error,No,Grievous Injury,Hit pedestrian,Police / Manual,Sharp Curve,City or Town Road,Bitumen(Tar),Dry,No influence on accident,Clear,Garebavipalya Signal Hosuru road,Ankush studio,200mts,12.894434,77.636519,0,0,0.0,0.0
Bengaluru City,Madivala Traffic PS,1.04432e+16,2017,1,1,Road Accidents,Cross roads,City/Town,In bazaar,Human Error,Yes,Fatal,Hit and Run,Signal lights Automatic,Slight Curve,City or Town Road,Bitumen(Tar),Dry,No influence on accident,Clear,Gangothri circle BTM layout,Shriram medicles,100mts,0.0,0.0,0,0,0.0,0.0
Bengaluru City,Madivala Traffic PS,1.04432e+16,2017,1,2,Road Accidents,Cross roads,City/Town,Open area,Human Error,No,Simple Injury,Head on,Police / Manual,Sharp Curve,City or Town Road,Bitumen(Tar),Dry,No influence on accident,Clear,BTM ring road Kuvempu nagara Bus stop near,IDBI Bank,100mts,12.91683,77.62127,0,0,0.0,0.0
Bengaluru City,Madivala Traffic PS,1.04432e+16,2017,1,1,Road Accidents,T Junction,City/Town,At pedestrian Crossing,Vehicle Defect,Yes,Grievous Injury,Hit and Run,Controlled,Curve and Incline,Expressway,Bitumen(Tar),Dry,Not Applicable,Clear,Garebavipalya Signal Hosru road,hanuman temple,4,12.89287,77.63779,0,0,0.0,0.0
Bengaluru City,Madivala Traffic PS,1.04432e+16,2017,1,2,Rail Road Accidents,Narrow road,City/Town,Open area,Human Error,Not Applicable,Damage Only,Others,Controlled,Straight and flat,Expressway,Bitumen(Tar),Dry,Not Applicable,Clear,Madivala Ayyappa junction,Ayyappa temple,1,0.0,0.0,0,0,0.0,0.0
Bengaluru City,Madivala Traffic PS,1.04432e+16,2017,1,2,Road Accidents,Narrow road,City/Town,Near Bus stop,Human Error,Yes,Fatal,Hit and Run,Uncontrolled,Straight and flat,Expressway,Bitumen(Tar),Dry,Not Applicable,Clear,Hosur main road,AS Automobiles,02 km,12.909995,77.627154,0,0,0.0,0.0
Bengaluru City,Madivala Traffic PS,1.04432e+16,2017,1,1,Road Accidents,Narrow road,City/Town,Near Bus stop,Human Error,Yes,Fatal,Hit and Run,Signal lights Automatic,Straight and flat,Expressway,Bitumen(Tar),Dry,Not Applicable,Clear,Silkboard junction hosur main road,prashanth hotel,01km,12.917291,77.622885,0,0,0.0,0.0
Bengaluru City,Madivala Traffic PS,1.04432e+16,2017,1,1,Road Accidents,Narrow road,City/Town,Near a factory industrial area,Human Error,No,Simple Injury,Hit pedestrian,Uncontrolled,Straight and flat,Expressway,Bitumen(Tar),Dry,Not Applicable,Clear,Begur Main road,Shahi exports,3,0.0,0.0,0,0,0.0,0.0
Bengaluru City,Madivala Traffic PS,1.04432e+16,2017,1,1,Road Accidents,Junction,City/Town,Near Bus stop,Human Error,Yes,Grievous Injury,Hit and Run,Signal lights Automatic,Sharp Curve,City or Town Road,Bitumen(Tar),Dry,No influence on accident,Dust Storn,Hosuru main road Bommanahalli junction,cell petrol bunk,100mts,12.90693,77.62907,0,0,0.0,0.0
Bengaluru City,Madivala Traffic PS,1.04432e+16,2017,1,1,Road Accidents,Cross roads,City/Town,Near Bus stop,Human Error,No,Grievous Injury,Head on,Police / Manual,Sharp Curve,City or Town Road,Bitumen(Tar),Dry,No influence on accident,Cloudy,Hosuru main road near roopen agrahara Service road,Giriyas show room,100mts,12.91346,77.62503,0,0,0.0,0.0
Bengaluru City,Madivala Traffic PS,1.04432e+16,2017,1,2,Road Accidents,Cross roads,City/Town,Near Bus stop,Human Error,No,Grievous Injury,Head on,Not at  Junction,Steep Incline or Climb,City or Town Road,Bitumen(Tar),Dry,No influence on accident,Clear,Jai Bheem nagara 1st cross opp Brothers bekari,Brothers Bekari,50mts,12.91388,77.616547,0,0,0.0,0.0
Bengaluru City,Madivala Traffic PS,1.04432e+16,2017,1,2,Road Accidents,Other,City/Town,Near a factory industrial area,Human Error,Yes,Grievous Injury,Hit and Run,Not at  Junction,Slight Curve,City or Town Road,Bitumen(Tar),Dry,No influence on accident,Cloudy,Hosuru main road Near Garebavipalya Brand factory,Brand factory,100mts,12.8984,77.634046,0,0,0.0,0.0
Bengaluru City,Madivala Traffic PS,1.04432e+16,2017,1,2,Road Accidents,Narrow road,City/Town,Near School or College,Human Error,Yes,Damage Only,Hit and Run,Signal lights Automatic,Incline,City or Town Road,Bitumen(Tar),Dry,No influence on accident,Clear,Hosuru main road infront of sai baba temple,Matha Hospital,100mts,12.89706,77.63508,0,0,0.0,0.0
Bengaluru City,Madivala Traffic PS,1.04432e+16,2017,1,1,Road Accidents,More than four arms,City/Town,Near Bus stop,Not Applicable,Yes,Grievous Injury,Hit pedestrian,Signal lights Manual,Straight and flat,Expressway,Bitumen(Tar),Dry,Not Applicable,Clear,silk board,hsr ring road 5th main road,1,12.91742,77.62298,0,0,0.0,0.0
Bengaluru City,Madivala Traffic PS,1.04432e+16,2017,1,2,Road Accidents,More than four arms,City/Town,Open area,Vehicle Defect,Yes,Grievous Injury,Hit and Run,Uncontrolled,Straight and flat,Expressway,Bitumen(Tar),Dry,Not Applicable,Clear,Near rupena agrahara,Kotaka mahendra,1,12.91347,77.62497,0,0,0.0,0.0
Bengaluru City,Madivala Traffic PS,1.04432e+16,2017,1,1,Road Accidents,Narrow road,City/Town,Open area,Human Error,No,Simple Injury,Head on,Uncontrolled,Curve,City or Town Road,Bitumen(Tar),Dry,Not Applicable,Clear,Roopena Agarahara,Giriyas show room,1,0.0,0.0,0,0,0.0,0.0
Bengaluru City,Madivala Traffic PS,1.04432e+16,2017,1,2,Road Accidents,Narrow road,City/Town,Near Bus stop,Human Error,No,Simple Injury,Head on,Police / Manual,Slight Curve,City or Town Road,Bitumen(Tar),Dry,No influence on accident,Clear,Opp mathura garments Kodichikkanahalli road,Mathura garments,100mts,0.0,0.0,0,0,0.0,0.0
Bengaluru City,Madivala Traffic PS,1.04432e+16,2017,1,1,Road Accidents,Narrow road,City/Town,Open area,Human Error,No,Simple Injury,Head on,Not at  Junction,Slight Curve,City or Town Road,Bitumen(Tar),Dry,No influence on accident,Clear,HSR 5th main 6th sector,Balaji orked,100mts,12.91573,77.63239,0,0,0.0,0.0
Bengaluru City,Madivala Traffic PS,1.04432e+16,2017,1,2,Road Accidents,T Junction,City/Town,Near Hospital,Human Error,No,Fatal,Hit bicyclist,Controlled,Straight and flat,Expressway,Bitumen(Tar),Dry,Not Applicable,Clear,Hosur main road,Prashanth hospital,02 km,12.90661,77.62909,0,0,0.0,0.0
Bengaluru City,Madivala Traffic PS,1.04432e+16,2017,1,1,Road Accidents,Narrow road,City/Town,Near Bus stop,Human Error,Yes,Simple Injury,Hit and Run,Uncontrolled,Curve and Incline,City or Town Road,Bitumen(Tar),Dry,Not Applicable,Fine,Near Kuvempu nagar bus stop,Bus stop,1,12.91691,77.62158,0,0,0.0,0.0
Bengaluru City,Madivala Traffic PS,1.04432e+16,2017,1,1,Road Accidents,More than four arms,City/Town,Near Bus stop,Human Error,Yes,Grievous Injury,Hit and Run,Uncontrolled,Straight and flat,Expressway,Bitumen(Tar),Dry,Not Applicable,Clear,Near Rupena Agrahara,Lakshmi venkateshwara temple,1,12.91305,77.62527,0,0,0.0,0.0
Bengaluru City,Madivala Traffic PS,1.04432e+16,2017,1,2,Road Accidents,T Junction,City/Town,Near Petrol Pump,Human Error,Yes,Grievous Injury,Hit and Run,Controlled,Straight and flat,Expressway,Bitumen(Tar),Dry,Not Applicable,Clear,Garebavipalya junction,Near shell petrol bunk,4,12.89669,77.63527,0,0,0.0,0.0
Bengaluru City,Madivala Traffic PS,1.04432e+16,2017,1,1,Road Accidents,Narrow road,City/Town,Residential area,Human Error,Yes,Simple Injury,Hit and Run,Uncontrolled,Straight and flat,City or Town Road,Bitumen(Tar),Dry,Not Applicable,Clear,"Kodichokkanahalli Main road,",Page industries factory,4,0.0,0.0,0,0,0.0,0.0
Bengaluru City,Madivala Traffic PS,1.04432e+16,2017,1,1,Road Accidents,Narrow road,City/Town,Near a religious place,Human Error,Yes,Grievous Injury,Hit and Run,Uncontrolled,Straight and flat,City or Town Road,Bitumen(Tar),Dry,Not Applicable,Light Rain,"Begur Main road,",APR kalyanamantapa,4,0.0,0.0,0,0,0.0,0.0
Bengaluru City,Madivala Traffic PS,1.04432e+16,2017,1,1,Rail Road Accidents,Narrow road,City/Town,Near Bus stop,Human Error,No,Fatal,Hit pedestrian,Uncontrolled,Crest of hill,Expressway,Bitumen(Tar),Dry,Not Applicable,Clear,Hosur main road,Balaji  medicals,1,12.927806,77.616077,0,0,0.0,0.0
Bengaluru City,Madivala Traffic PS,1.04432e+16,2017,1,1,Road Accidents,T Junction,City/Town,Narrow bridge or culverts,Human Error,Yes,Grievous Injury,Hit pedestrian,Controlled,Straight and flat,Expressway,Bitumen(Tar),Dry,Not Applicable,Clear,Hosur Main road,Sub way,04 KM,0.0,0.0,0,0,0.0,0.0
Bengaluru City,Madivala Traffic PS,1.04432e+16,2017,1,2,Road Accidents,Narrow road,City/Town,Narrow bridge or culverts,Human Error,No,Grievous Injury,Hit bicyclist,Controlled,Straight and flat,Expressway,Bitumen(Tar),Dry,Not Applicable,Clear,Hosur Main road,Police umbrella,01 K M,12.917105,77.622898,0,0,0.0,0.0
Bengaluru City,Madivala Traffic PS,1.04432e+16,2017,1,2,Road Accidents,Cross roads,City/Town,Open area,Human Error,Yes,Grievous Injury,Hit and Run,Not at  Junction,Slight Curve,City or Town Road,Bitumen(Tar),Dry,No influence on accident,Clear,HSR Layout Outer ring road Infront of My Baby Shop,My Baby Shop,50mts,12.91651,77.6345,0,0,0.0,0.0
Bengaluru City,Madivala Traffic PS,1.04432e+16,2017,1,2,Road Accidents,Bridge,City/Town,Narrow bridge or culverts,Vehicle Defect,Yes,Grievous Injury,Hit and Run,Uncontrolled,Hump,Expressway,Bitumen(Tar),Dry,Not Applicable,Clear,RUPENA AGARAHARA,isar  show room,1,12.90983,77.62708,0,0,0.0,0.0
Bengaluru City,Madivala Traffic PS,1.04432e+16,2017,1,1,Road Accidents,Cross roads,City/Town,At pedestrian Crossing,Vehicle Defect,Yes,Grievous Injury,Hit and Run,Uncontrolled,Curve,Two way,Bitumen(Tar),Dry,Not Applicable,Clear,4th Cross Hongasandra Beguru road,Munireddy Nilaya,4,0.0,0.0,0,0,0.0,0.0
Bengaluru City,Madivala Traffic PS,1.04432e+16,2017,1,1,Road Accidents,Narrow road,City/Town,Near office complex,Human Error,No,Simple Injury,Hit pedestrian,Controlled,Straight and flat,Expressway,Bitumen(Tar),Dry,Not Applicable,Clear,Hosur main road,Madiwala police station,100 me,12.92119,77.620153,0,0,0.0,0.0