DISTRICTNAME,UNITNAME,Crime_No,Year,RI,Noofvehicle_involved,Accident_Classification,Accident_Spot,Accident_Location,Accident_SubLocation,Main_Cause,Hit_Run,Severity,Collision_Type,Junction_Control,Road_Character,Road_Type,Surface_Type,Surface_Condition,Road_Condition,Weather,Accident_Road,Landmark_first,Distance_LandMark_First,Latitude,Longitude,Road_Condition_Score,Surface_Condition_Score,Surface_Type_Score,Road_Risk_Index
Bengaluru City,Madivala Traffic PS,1.04432e+16,2018,1,1,Road Accidents,Narrow road,City/Town,Near School or College,Human Error,Yes,Fatal,Hit pedestrian,Uncontrolled,Straight and flat,Expressway,Bitumen(Tar),Dry,Pot holed,Clear,Hosur Main Road,Oxford College,02 K M,12.90186,77.631956,5,0,0.0,5.0
Bengaluru City,Madivala Traffic PS,1.04432e+16,2018,1,2,Road Accidents,Bridge,City/Town,Narrow bridge or culverts,Human Error,Yes,Simple Injury,Hit and Run,Uncontrolled,Straight and flat,Expressway,Bitumen(Tar),Dry,Not Applicable,Clear,Hosur main road,Brahmin store,03 k M,0.0,0.0,0,0,0.0,0.0
Bengaluru City,Madivala Traffic PS,1.04432e+16,2018,1,2,Road Accidents,Cross roads,City/Town,Open area,Human Error,No,Simple Injury,Hit bicyclist,Uncontrolled,Straight and flat,Service Road,Bitumen(Tar),Dry,Not Applicable,Clear,Hosur main road,Silk Board  Flyover,1,12.919276,77.621606,0,0,0.0,0.0
Bengaluru City,Madivala Traffic PS,1.04432e+16,2018,1,1,Road Accidents,Narrow road,City/Town,Near Bus stop,Human Error,No,Grievous Injury,Hit pedestrian,Uncontrolled,Straight and flat,Expressway,Bitumen(Tar),Dry,Not Applicable,Clear,Hosur Main road,Bosch  Building,03 K M,0.0,0.0,0,0,0.0,0.0
Bengaluru City,Madivala Traffic PS,1.04432e+16,2018,1,2,Road Accidents,Staggered junction,City/Town,Near Bus stop,Human Error,Yes,Grievous Injury,Hit and Run,Uncontrolled,Straight and flat,Expressway,Bitumen(Tar),Dry,Not Applicable,Clear,Hosur main road,HGS Glass building,2.5 km,12.902048,77.632163,0,0,0.0,0.0
Bengaluru City,Madivala Traffic PS,1.04432e+16,2018,1,2,Road Accidents,T Junction,City/Town,Near Bus stop,Human Error,Yes,Simple Injury,Hit and Run,Controlled,Straight and flat,Expressway,Bitumen(Tar),Dry,Not Applicable,Clear,Hosur main  road,Archana Hotel,02 km,12.90703,77.628819,0,0,0.0,0.0
Bengaluru City,Madivala Traffic PS,1.04432e+16,2018,1,2,Road Accidents,Other,City/Town,Near Bus stop,Human Error,Yes,Fatal,Hit and Run,Uncontrolled,Straight and flat,Expressway,Bitumen(Tar),Dry,Not Applicable,Clear,Hosur main road,Agurnagiri show room,01km,12.912489,77.625505,0,0,0.0,0.0
Bengaluru City,Madivala Traffic PS,1.04432e+16,2018,1,1,Road Accidents,Narrow road,City/Town,Near Bus stop,Human Error,Yes,Simple Injury,Hit and Run,Uncontrolled,Straight and flat,City or Town Road,Bitumen(Tar),Dry,Not Applicable,Clear,Madiwala Main road,St Johns  Hospital,500mts,12.928264,77.615776,0,0,0.0,0.0
Bengaluru City,Madivala Traffic PS,1.04432e+16,2018,1,1,Road Accidents,Staggered junction,City/Town,Near Bus stop,Human Error,No,Grievous Injury,Hit pedestrian,Controlled,Straight and flat,Others,Bitumen(Tar),Dry,Not Applicable,Clear,Madiwala Main road,ST Johns Hospital,01 k m,12.929441,77.61511,0,0,0.0,0.0
Bengaluru City,Madivala Traffic PS,1.04432e+16,2018,1,1,Road Accidents,Narrow road,City/Town,Open area,Human Error,No,Grievous Injury,Hit pedestrian,Uncontrolled,Straight and flat,City or Town Road,Bitumen(Tar),Dry,Not Applicable,Clear,Madiwala Main Road,Anjaneya Temple,600 me,12.922332,77.619476,0,0,0.0,0.0
Bengaluru City,Madivala Traffic PS,1.04432e+16,2018,1,1,Road Accidents,T Junction,City/Town,Near Bus stop,Human Error,No,Grievous Injury,Hit pedestrian,Controlled,Straight and flat,Expressway,Bitumen(Tar),Dry,Not Applicable,Clear,Hosur  main road,Vijaya lakshmi timber yard,02 km,12.903548,77.631159,0,0,0.0,0.0
Bengaluru City,Madivala Traffic PS,1.04432e+16,2018,1,2,Road Accidents,Narrow road,City/Town,Near Bus stop,Human Error,Yes,Simple Injury,Hit and Run,Uncontrolled,Straight and flat,Expressway,Bitumen(Tar),Dry,Not Applicable,Clear,Hosur main road,Sri Geetha cafe,03km,12.898348,77.634064,0,0,0.0,0.0
Bengaluru City,Madivala Traffic PS,1.04432e+16,2018,1,1,Road Accidents,T Junction,City/Town,Near Bus stop,Human Error,No,Fatal,Hit pedestrian,Controlled,Straight and flat,Expressway,Bitumen(Tar),Dry,Not Applicable,Clear,Hosur main road,Bus stop,03 km,12.896136,77.635489,0,0,0.0,0.0
Bengaluru City,Madivala Traffic PS,1.04432e+16,2018,1,1,Road Accidents,Narrow road,City/Town,Near Bus stop,Human Error,Yes,Grievous Injury,Hit and Run,Uncontrolled,Straight and flat,Service Road,Bitumen(Tar),Dry,Not Applicable,Clear,Hosur road,Sulaba  Souchalaya,900 mt,0.0,0.0,0,0,0.0,0.0
Bengaluru City,Madivala Traffic PS,1.04432e+16,2018,1,2,Road Accidents,Narrow road,City/Town,Near Bus stop,Vehicle Defect,No,Damage Only,Rear end,Controlled,Straight and flat,Expressway,Bitumen(Tar),Dry,Not Applicable,Clear,"Hosur m,ain road",St Johns  Hospital,01 km,12.92947,77.615237,0,0,0.0,0.0
Bengaluru City,Madivala Traffic PS,1.04432e+16,2018,1,2,Road Accidents,Cross roads,City/Town,Near Bus stop,Human Error,Yes,Simple Injury,Hit and Run,Controlled,Straight and flat,City or Town Road,Bitumen(Tar),Dry,Not Applicable,Clear,H S R Ring Road,Silk Board junction,04 me,12.917978,77.622113,0,0,0.0,0.0
Bengaluru City,Madivala Traffic PS,1.04432e+16,2018,1,1,Road Accidents,T Junction,City/Town,Near Bus stop,Human Error,Yes,Fatal,Hit and Run,Controlled,Straight and flat,Expressway,Bitumen(Tar),Dry,Not Applicable,Clear,Hosur main road,Near bus stop,03 km,12.896112,77.635673,0,0,0.0,0.0
Bengaluru City,Madivala Traffic PS,1.04432e+16,2018,1,2,Road Accidents,Narrow road,City/Town,Near Bus stop,Human Error,Yes,Simple Injury,Hit and Run,Uncontrolled,Straight and flat,Expressway,Bitumen(Tar),Dry,Not Applicable,Clear,Hosur main road,Forum mall,01 km,12.933879,77.610954,0,0,0.0,0.0
Bengaluru City,Madivala Traffic PS,1.04432e+16,2018,1,1,Road Accidents,Cross roads,City/Town,Near School or College,Human Error,No,Grievous Injury,Hit pedestrian,Uncontrolled,Straight and flat,Service Road,Bitumen(Tar),Dry,Not Applicable,Clear,H S R ring road,Novire technologies,02 km,12.91676,77.631934,0,0,0.0,0.0
Bengaluru City,Madivala Traffic PS,1.04432e+16,2018,1,2,Road Accidents,Cross roads,City/Town,Open area,Human Error,No,Grievous Injury,Hit bicyclist,Uncontrolled,Curve and Incline,Service Road,Bitumen(Tar),Dry,Not Applicable,Clear,Begur main road,Venu Health care,04 k m,12.891713,77.625559,0,0,0.0,0.0
Bengaluru City,Madivala Traffic PS,1.04432e+16,2018,1,1,Road Accidents,Narrow road,City/Town,At pedestrian Crossing,Human Error,No,Grievous Injury,Hit pedestrian,Uncontrolled,Straight and flat,Expressway,Bitumen(Tar),Dry,Not Applicable,Clear,Hosur main road,Rupena agrahara Bus stop,01 k m,0.0,0.0,0,0,0.0,0.0
Bengaluru City,Madivala Traffic PS,1.04432e+16,2018,1,2,Road Accidents,Narrow road,City/Town,Near office complex,Human Error,No,Fatal,Hit bicyclist,Uncontrolled,Straight and flat,Expressway,Bitumen(Tar),Dry,Not Applicable,Clear,Hosur Main road,Vishal megha mart,02 K M,12.912879,77.625391,0,0,0.0,0.0
Bengaluru City,Madivala Traffic PS,1.04432e+16,2018,1,1,Road Accidents,Cross roads,City/Town,At pedestrian Crossing,Human Error,No,Not Applicable,Hit pedestrian,Uncontrolled,Straight and flat,Service Road,Bitumen(Tar),Dry,Not Applicable,Clear,Begur main road,Infront of kabab zone,03 km,0.0,0.0,0,0,0.0,0.0
Bengaluru City,Madivala Traffic PS,1.04432e+16,2018,1,1,Road Accidents,Narrow road,City/Town,At pedestrian Crossing,Human Error,Yes,Fatal,Hit and Run,Uncontrolled,Straight and flat,Service Road,Bitumen(Tar),Dry,Not Applicable,Clear,Devarachikkanahalli Main road,CNR bar & Restourant,04 km,12.903006,77.62421,0,0,0.0,0.0
Bengaluru City,Madivala Traffic PS,1.04432e+16,2018,1,1,Road Accidents,T Junction,City/Town,Narrow bridge or culverts,Human Error,Yes,Grievous Injury,Hit and Run,Controlled,Straight and flat,Expressway,Bitumen(Tar),Dry,Not Applicable,Clear,Hosur main road,Near Bus Stop,02km,12.894854,77.636606,0,0,0.0,0.0
Bengaluru City,Madivala Traffic PS,1.04432e+16,2018,1,1,Road Accidents,Narrow road,City/Town,Near Bus stop,Human Error,Yes,Fatal,Hit and Run,Uncontrolled,Straight and flat,Expressway,Bitumen(Tar),Dry,Not Applicable,Clear,Hosur main road,Laxmi narasimha temple,01 km,12.911854,77.626032,0,0,0.0,0.0
Bengaluru City,Madivala Traffic PS,1.04432e+16,2018,1,1,Road Accidents,Narrow road,City/Town,At pedestrian Crossing,Human Error,No,Grievous Injury,Hit pedestrian,Uncontrolled,Straight and flat,City or Town Road,Bitumen(Tar),Dry,Not Applicable,Clear,Madiwala Market road,Bus Stop,01 k m,12.924027,77.628708,0,0,0.0,0.0
Bengaluru City,Madivala Traffic PS,1.04432e+16,2018,1,1,Road Accidents,Narrow road,City/Town,Near Petrol Pump,Human Error,No,Grievous Injury,Hit pedestrian,Stop sign,Straight and flat,Expressway,Bitumen(Tar),Dry,Not Applicable,Clear,Hosur main road,Vasundara petrol bunk,02 k m,12.90872,77.628123,0,0,0.0,0.0
Bengaluru City,Madivala Traffic PS,1.04432e+16,2018,1,2,Road Accidents,More than four arms,City/Town,Near Petrol Pump,Human Error,No,Grievous Injury,Hit bicyclist,Controlled,Straight and flat,Expressway,Bitumen(Tar),Dry,Not Applicable,Clear,Hosur Main road,H P petrol bunk,01 km,12.929434,77.615066,0,0,0.0,0.0
Bengaluru City,Madivala Traffic PS,1.04432e+16,2018,1,2,Road Accidents,Narrow road,City/Town,In bazaar,Human Error,Yes,Fatal,Hit and Run,Uncontrolled,Straight and flat,Expressway,Bitumen(Tar),Dry,Not Applicable,Clear,Hosur main road,IBIS Hotel,02 km,0.0,0.0,0,0,0.0,0.0
Bengaluru City,Madivala Traffic PS,1.04432e+16,2018,1,2,Road Accidents,More than four arms,City/Town,Near Hospital,Human Error,Yes,Simple Injury,Hit and Run,Uncontrolled,Straight and flat,Service Road,Bitumen(Tar),Dry,Not Applicable,Clear,Thavareke main road,Spoorthy Hospital,02km,0.0,0.0,0,0,0.0,0.0
Bengaluru City,Madivala Traffic PS,1.04432e+16,2018,1,1,Road Accidents,Narrow road,City/Town,At pedestrian Crossing,Human Error,Yes,Grievous Injury,Hit and Run,Uncontrolled,Straight and flat,Expressway,Bitumen(Tar),Dry,Not Applicable,Clear,Hosur main road,Big Bazar,01km,12.932646,77.612342,0,0,0.0,0.0
Bengaluru City,Madivala Traffic PS,1.04432e+16,2018,1,1,Road Accidents,Narrow road,City/Town,At pedestrian Crossing,Human Error,Yes,Grievous Injury,Hit and Run,Uncontrolled,Straight and flat,Others,Bitumen(Tar),Dry,Not Applicable,Clear,Madiwala Main road,S R G Travels,500 Me,12.919632,77.621226,0,0,0.0,0.0
Bengaluru City,Madivala Traffic PS,1.04432e+16,2018,1,2,Road Accidents,Bridge,City/Town,Near office complex,Human Error,No,Simple Injury,Rear end,Uncontrolled,Straight and flat,Expressway,Bitumen(Tar),Dry,Not Applicable,Clear,HosurMain road,ICICI bank,03 km,0.0,0.0,0,0,0.0,0.0
Bengaluru City,Madivala Traffic PS,1.04432e+16,2018,1,2,Road Accidents,Narrow road,City/Town,Near Bus stop,Human Error,Yes,Grievous Injury,Hit and Run,Controlled,Straight and flat,Expressway,Bitumen(Tar),Dry,Not Applicable,Clear,Hosur main road,Near Bus Stop,500mts,12.917417,77.622895,0,0,0.0,0.0
Bengaluru City,Madivala Traffic PS,1.04432e+16,2018,1,1,Road Accidents,Narrow road,City/Town,Near office complex,Human Error,No,Grievous Injury,Hit pedestrian,Uncontrolled,Straight and flat,Expressway,Bitumen(Tar),Dry,Not Applicable,Clear,Hosur main road,HDFC Bank,3,0.0,0.0,0,0,0.0,0.0
Bengaluru City,Madivala Traffic PS,1.04432e+16,2018,1,1,Road Accidents,Narrow road,City/Town,Near a religious place,Human Error,No,Fatal,Hit pedestrian,Uncontrolled,Straight and flat,City or Town Road,Bitumen(Tar),Dry,Not Applicable,Fog / Mist,Madiwala Main road,St Frayari church,1,12.929744,77.613678,0,0,0.0,0.0
Bengaluru City,Madivala Traffic PS,1.04432e+16,2018,1,2,Road Accidents,Narrow road,City/Town,Near Hospital,Human Error,No,Grievous Injury,Hit bicyclist,Uncontrolled,Straight and flat,Expressway,Bitumen(Tar),Dry,Not Applicable,Clear,Hosur main road,Balaji Medicals,01km,12.927896,77.61601,0,0,0.0,0.0
Bengaluru City,Madivala Traffic PS,1.04432e+16,2018,1,2,Road Accidents,Narrow road,City/Town,Near Bus stop,Human Error,No,Grievous Injury,Hit bicyclist,Controlled,Straight and flat,Others,Bitumen(Tar),Dry,Not Applicable,Clear,Hosur main road,Prashanth Hotel,01 km,12.917239,77.622805,0,0,0.0,0.0
Bengaluru City,Madivala Traffic PS,1.04432e+16,2018,1,2,Road Accidents,Junction,City/Town,Near Bus stop,Vehicle Defect,No,Damage Only,Others,Controlled,Straight and flat,Others,Bitumen(Tar),Dry,Not Applicable,Clear,H S R Ring road,Police Umbrella,01 k m,12.917396,77.622916,0,0,0.0,0.0
Bengaluru City,Madivala Traffic PS,1.04432e+16,2018,1,1,Road Accidents,Staggered junction,City/Town,Near Bus stop,Human Error,No,Grievous Injury,Hit pedestrian,Controlled,Straight and flat,City or Town Road,Bitumen(Tar),Dry,Not Applicable,Clear,Madiwala Main road,Balaji Medicals,01 k m,12.927817,77.616064,0,0,0.0,0.0
Bengaluru City,Madivala Traffic PS,1.04432e+16,2018,1,2,Road Accidents,Junction,City/Town,In bazaar,Human Error,No,Grievous Injury,Hit bicyclist,Controlled,Straight and flat,Others,Bitumen(Tar),Dry,Not Applicable,Fog / Mist,Madiwala main road,ST Anthony charch,01 k M,12.931607,77.613888,0,0,0.0,0.0
Bengaluru City,Madivala Traffic PS,1.04432e+16,2018,1,2,Road Accidents,T Junction,City/Town,Near Bus stop,Human Error,Yes,Grievous Injury,Hit bicyclist,Controlled,Straight and flat,Expressway,Bitumen(Tar),Dry,Not Applicable,Clear,Hosur main road,H P petrol bunk,01km,12.929567,77.615171,0,0,0.0,0.0
Bengaluru City,Madivala Traffic PS,1.04432e+16,2018,1,2,Road Accidents,More than four arms,City/Town,Near Bus stop,Human Error,Yes,Fatal,Hit and Run,Controlled,Straight and flat,Expressway,Bitumen(Tar),Dry,Not Applicable,Clear,Hosur main road,Madivala police station,100mts,12.921228,77.620266,0,0,0.0,0.0
Bengaluru City,Madivala Traffic PS,1.04432e+16,2018,1,1,Road Accidents,Junction,City/Town,At pedestrian Crossing,Human Error,Yes,Grievous Injury,Hit and Run,Controlled,Straight and flat,Expressway,Bitumen(Tar),Dry,Not Applicable,Clear,Hosur main road,ST Anthony charch,01 km,12.929461,77.615239,0,0,0.0,0.0
Bengaluru City,Madivala Traffic PS,1.04432e+16,2018,1,1,Road Accidents,Narrow road,City/Town,Near Bus stop,Human Error,Yes,Grievous Injury,Hit and Run,Uncontrolled,Straight and flat,Others,Bitumen(Tar),Dry,Not Applicable,Clear,Madiwala market road,Bus stop,01km,12.923989,77.628563,0,0,0.0,0.0
Bengaluru City,Madivala Traffic PS,1.04432e+16,2018,1,2,Road Accidents,Junction,City/Town,Near Bus stop,Human Error,No,Grievous Injury,Hit bicyclist,Controlled,Straight and flat,Expressway,Bitumen(Tar),Dry,Not Applicable,Clear,Hosur main road,Silk Board Fly over,01 k m,0.0,0.0,0,0,0.0,0.0
Bengaluru City,Madivala Traffic PS,1.04432e+16,2018,1,2,Road Accidents,Cross roads,City/Town,Near Bus stop,Human Error,Yes,Simple Injury,Hit and Run,Controlled,Straight and flat,City or Town Road,Bitumen(Tar),Dry,Not Applicable,Clear,H S R Ring Road,Prashanth Hotel,1,12.917802,77.624968,0,0,0.0,0.0
Bengaluru City,Madivala Traffic PS,1.04432e+16,2018,1,1,Road Accidents,Narrow road,City/Town,Near Petrol Pump,Human Error,No,Simple Injury,Hit pedestrian,Controlled,Straight and flat,Expressway,Bitumen(Tar),Dry,Not Applicable,Clear,Hosur main road,Petrol pump,1 km,0.0,0.0,0,0,0.0,0.0
Bengaluru City,Madivala Traffic PS,1.04432e+16,2018,1,2,Road Accidents,T Junction,City/Town,Near a factory industrial area,Human Error,No,Fatal,Hit bicyclist,Controlled,Straight and flat,Expressway,Bitumen(Tar),Dry,Not Applicable,Clear,Hosur main road,Maruthi suzuki show room,03 km,12.897018,77.635044,0,0,0.0,0.0
Bengaluru City,Madivala Traffic PS,1.04432e+16,2018,1,1,Road Accidents,T Junction,City/Town,Near Bus stop,Human Error,Yes,Simple Injury,Hit and Run,Controlled,Straight and flat,Expressway,Bitumen(Tar),Dry,Not Applicable,Clear,Hosur main road,Propel Autogas,3,12.898932,77.633687,0,0,0.0,0.0
Bengaluru City,Madivala Traffic PS,1.04432e+16,2018,1,2,Road Accidents,T Junction,City/Town,Near Bus stop,Human Error,Yes,Grievous Injury,Hit bicyclist,Controlled,Straight and flat,Expressway,Bitumen(Tar),Dry,Not Applicable,Clear,Hosur main road,Prashanth hospital,02km,12.906353,77.629465,0,0,0.0,0.0
Bengaluru City,Madivala Traffic PS,1.04432e+16,2018,1,1,Road Accidents,Narrow road,City/Town,Near Petrol Pump,Human Error,Yes,Simple Injury,Hit and Run,Not at  Junction,Straight and flat,Expressway,Bitumen(Tar),Dry,Not Applicable,Clear,Hosur main road,Jaguar  show room,01km,0.0,0.0,0,0,0.0,0.0
Bengaluru City,Madivala Traffic PS,1.04432e+16,2018,1,2,Road Accidents,T Junction,City/Town,Open area,Human Error,No,Simple Injury,Rear end,Signal lights Automatic,Straight and flat,Expressway,Bitumen(Tar),Dry,Not Applicable,Clear,Hosur main road,Kotak mahindra bank,02 km,12.900876,77.632547,0,0,0.0,0.0
Bengaluru City,Madivala Traffic PS,1.04432e+16,2018,1,2,Road Accidents,T Junction,City/Town,Near Petrol Pump,Vehicle Defect,No,Damage Only,Rear end,Controlled,Straight and flat,City or Town Road,Bitumen(Tar),Dry,Not Applicable,Clear,B.T.M Ring road,Indian  Petrol Bunk,01 k m,12.916492,77.620073,0,0,0.0,0.0
Bengaluru City,Madivala Traffic PS,1.04432e+16,2018,1,1,Road Accidents,Bridge,City/Town,Near a religious place,Human Error,No,Simple Injury,Hit pedestrian,Uncontrolled,Straight and flat,City or Town Road,Bitumen(Tar),Dry,Not Applicable,Fog / Mist,Madiwala Main road,Anjaneya temple,01 k m,12.922365,77.619472,0,0,0.0,0.0
Bengaluru City,Madivala Traffic PS,1.04432e+16,2018,1,1,Road Accidents,Narrow road,City/Town,At pedestrian Crossing,Human Error,No,Grievous Injury,Hit pedestrian,Uncontrolled,Straight and flat,Expressway,Bitumen(Tar),Dry,Not Applicable,Clear,Hosur Main road,Golden toewr Building,1,12.911747,77.626086,0,0,0.0,0.0
Bengaluru City,Madivala Traffic PS,1.04432e+16,2018,1,1,Road Accidents,Narrow road,City/Town,Near Petrol Pump,Human Error,No,Simple Injury,Head on,Controlled,Straight and flat,Forest Road,Bitumen(Tar),Dry,Not Applicable,Clear,Hosur main road,Shell Petrol Bunk,02 km,12.90028,77.633106,0,0,0.0,0.0
Bengaluru City,Madivala Traffic PS,1.04432e+16,2018,1,1,Rail Road Accidents,Narrow road,City/Town,At pedestrian Crossing,Human Error,Yes,Fatal,Hit and Run,Uncontrolled,Straight and flat,Service Road,Bitumen(Tar),Dry,Not Applicable,Clear,Kodichikkanahalli Main road,Avery  way Bridge,3km,12.903073,77.623563,0,0,0.0,0.0
Bengaluru City,Madivala Traffic PS,1.04432e+16,2018,1,1,Road Accidents,Junction,City/Town,At pedestrian Crossing,Human Error,No,Grievous Injury,Hit pedestrian,Signal lights Automatic,Straight and flat,Expressway,Bitumen(Tar),Dry,Not Applicable,Clear,Hosur main road,Near Anjaneya temple,03 km,12.896232,77.635698,0,0,0.0,0.0
Bengaluru City,Madivala Traffic PS,1.04432e+16,2018,1,1,Road Accidents,Narrow road,City/Town,At pedestrian Crossing,Human Error,No,Fatal,Hit pedestrian,Uncontrolled,Straight and flat,Others,Bitumen(Tar),Dry,Not Applicable,Clear,Madiwala Main road,Cenara Bank,500 me,0.0,0.0,0,0,0.0,0.0
Bengaluru City,Madivala Traffic PS,1.04432e+16,2018,1,2,Road Accidents,Narrow road,City/Town,Near Bus stop,Human Error,No,Grievous Injury,Hit bicyclist,Controlled,Straight and flat,City or Town Road,Bitumen(Tar),Dry,Not Applicable,Clear,B.T.M Ring road,Pallavi hotel,01 km,12.916329,77.615187,0,0,0.0,0.0
Bengaluru City,Madivala Traffic PS,1.04432e+16,2018,1,2,Road Accidents,Cross roads,City/Town,Near Bus stop,Human Error,No,Simple Injury,Hit bicyclist,Uncontrolled,Straight and flat,Service Road,Bitumen(Tar),Dry,Not Applicable,Clear,H SR Service road,Silk Board Flyover,1,0.0,0.0,0,0,0.0,0.0
Bengaluru City,Madivala Traffic PS,1.04432e+16,2018,1,1,Road Accidents,Cross roads,City/Town,Open area,Human Error,Yes,Simple Injury,Hit and Run,Uncontrolled,Straight and flat,Others,Bitumen(Tar),Dry,Not Applicable,Clear,Begur main road,Raj  Fancy Store,03 k m,0.0,0.0,0,0,0.0,0.0
Bengaluru City,Madivala Traffic PS,1.04432e+16,2018,1,2,Road Accidents,Narrow road,City/Town,Open area,Human Error,No,Grievous Injury,Rear end,Uncontrolled,Straight and flat,Expressway,Bitumen(Tar),Dry,Not Applicable,Clear,Hosur main road,Anjneya temple,600me,12.922395,77.61947,0,0,0.0,0.0
Bengaluru City,Madivala Traffic PS,1.04432e+16,2018,1,2,Road Accidents,More than four arms,City/Town,Near Bus stop,Human Error,Yes,Grievous Injury,Hit and Run,Signal lights Automatic,Straight and flat,Expressway,Bitumen(Tar),Dry,Not Applicable,Clear,B.T.M Ring road,Icici ATM,01 km,12.916398,77.615288,0,0,0.0,0.0
Bengaluru City,Madivala Traffic PS,1.04432e+16,2018,1,1,Road Accidents,Narrow road,City/Town,Near School or College,Human Error,Yes,Simple Injury,Hit and Run,Uncontrolled,Straight and flat,City or Town Road,Bitumen(Tar),Dry,Not Applicable,Clear,H.S.R Ring road,Karmal garden public school,02 km,12.916777,77.631754,0,0,0.0,0.0
Bengaluru City,Madivala Traffic PS,1.04432e+16,2018,1,2,Road Accidents,Narrow road,City/Town,Near Bus stop,Vehicle Defect,Yes,Damage Only,Hit and Run,Uncontrolled,Straight and flat,City or Town Road,Bitumen(Tar),Dry,Not Applicable,Clear,H.S.R Ring road,Prashnth hotel,01km,12.917477,77.623825,0,0,0.0,0.0
Bengaluru City,Madivala Traffic PS,1.04432e+16,2018,1,1,Road Accidents,Narrow road,City/Town,At pedestrian Crossing,Human Error,Yes,Grievous Injury,Hit and Run,Uncontrolled,Straight and flat,Expressway,Bitumen(Tar),Dry,Not Applicable,Clear,Hosur main road Service road,Sri Geetha cafe,03 km,12.89824,77.634113,0,0,0.0,0.0
Bengaluru City,Madivala Traffic PS,1.04432e+16,2018,1,1,Road Accidents,T Junction,City/Town,Near Bus stop,Human Error,Yes,Grievous Injury,Hit pedestrian,Controlled,Straight and flat,Expressway,Bitumen(Tar),Dry,Not Applicable,Clear,Hosur main road,Prashanth hospital,02 km,12.905254,77.629883,0,0,0.0,0.0
Bengaluru City,Madivala Traffic PS,1.04432e+16,2018,1,2,Road Accidents,T Junction,City/Town,Near Bus stop,Human Error,Yes,Grievous Injury,Hit bicyclist,Controlled,Straight and flat,Expressway,Bitumen(Tar),Dry,Not Applicable,Clear,Hosur main road,Bus stop,03 km,12.896088,77.635513,0,0,0.0,0.0
Bengaluru City,Madivala Traffic PS,1.04432e+16,2018,1,2,Road Accidents,Staggered junction,City/Town,Near Bus stop,Human Error,No,Grievous Injury,Hit bicyclist,Uncontrolled,Straight and flat,Expressway,Bitumen(Tar),Dry,Not Applicable,Clear,Hosur main road,lakshmi narayana temple,01km,12.91174,77.625926,0,0,0.0,0.0
Bengaluru City,Madivala Traffic PS,1.04432e+16,2018,1,2,Road Accidents,T Junction,City/Town,Near Bus stop,Human Error,Yes,Grievous Injury,Hit and Run,Controlled,Straight and flat,Expressway,Bitumen(Tar),Dry,Not Applicable,Clear,Hosur main road,Near Bu stop,02 km,12.904668,77.630491,0,0,0.0,0.0
Bengaluru City,Madivala Traffic PS,1.04432e+16,2018,1,1,Road Accidents,Junction,City/Town,Near Bus stop,Human Error,No,Grievous Injury,Rear end,Controlled,Straight and flat,Expressway,Bitumen(Tar),Dry,Not Applicable,Clear,Hosur main road,Ameea Mobels,02 K M,12.905266,77.629973,0,0,0.0,0.0
Bengaluru City,Madivala Traffic PS,1.04432e+16,2018,1,2,Road Accidents,Junction,City/Town,Near Bus stop,Human Error,No,Grievous Injury,Hit bicyclist,Controlled,Straight and flat,Expressway,Bitumen(Tar),Dry,Not Applicable,Clear,Hosur main road,Prashanth Hospital,02 k m,12.907006,77.628816,0,0,0.0,0.0
Bengaluru City,Madivala Traffic PS,1.04432e+16,2018,1,1,Road Accidents,Cross roads,City/Town,At pedestrian Crossing,Human Error,Yes,Fatal,Hit pedestrian,Uncontrolled,Straight and flat,City or Town Road,Bitumen(Tar),Dry,Not Applicable,Clear,Madiwala Main road,Ashwini Bar,500 Me,0.0,0.0,0,0,0.0,0.0
Bengaluru City,Madivala Traffic PS,1.04432e+16,2018,1,1,Road Accidents,Cross roads,City/Town,Open area,Human Error,No,Grievous Injury,Hit pedestrian,Uncontrolled,Curve and Incline,Others,Bitumen(Tar),Dry,Not Applicable,Clear,Kodichikkanahalli Main Road,ICICI Bank,03 km,0.0,0.0,0,0,0.0,0.0
Bengaluru City,Madivala Traffic PS,1.04432e+16,2018,1,2,Road Accidents,Narrow road,City/Town,Near Petrol Pump,Human Error,No,Grievous Injury,Rear end,Uncontrolled,Straight and flat,Service Road,Bitumen(Tar),Dry,Not Applicable,Clear,Devarachikkanahalli main road,Near Bharath petrol bunk,3,12.903567,77.626985,0,0,0.0,0.0