DISTRICTNAME,UNITNAME,Crime_No,Year,RI,Noofvehicle_involved,Accident_Classification,Accident_Spot,Accident_Location,Accident_SubLocation,Main_Cause,Hit_Run,Severity,Collision_Type,Junction_Control,Road_Character,Road_Type,Surface_Type,Surface_Condition,Road_Condition,Weather,Accident_Road,Landmark_first,Distance_LandMark_First,Latitude,Longitude,Road_Condition_Score,Surface_Condition_Score,Surface_Type_Score,Road_Risk_Index
Bengaluru City,Madivala Traffic PS,1.04432e+16,2019,1,2,Road Accidents,Narrow road,City/Town,Narrow bridge or culverts,Vehicle Defect,No,Damage Only,Vehicle to Vehicle,Not at  Junction,Straight and flat,Expressway,Bitumen(Tar),Dry,Not Applicable,Fine,Hosur Main Road,Vedha Hotel,01 km,0.0,0.0,0,0,0.0,0.0
Bengaluru City,Madivala Traffic PS,1.04432e+16,2019,1,2,Road Accidents,Narrow road,City/Town,Near Bus stop,Vehicle Defect,No,Damage Only,Hit fixed object,Uncontrolled,Straight and flat,Expressway,Bitumen(Tar),Dry,Not Applicable,Clear,Hosur Main Road,Nissan Surya Show Room,03 k m,0.0,0.0,0,0,0.0,0.0
Bengaluru City,Madivala Traffic PS,1.04432e+16,2019,1,2,Road Accidents,Bridge,City/Town,Near Bus stop,Vehicle Defect,No,Damage Only,Others,Signal lights Blinking,Straight and flat,Expressway,Bitumen(Tar),Dry,Not Applicable,Clear,Hosur Main Road,Bus Stop,01 km,12.909901,77.627202,0,0,0.0,0.0
Bengaluru City,Madivala Traffic PS,1.04432e+16,2019,1,2,Road Accidents,Narrow road,City/Town,Near School or College,Human Error,No,Simple Injury,Vehicle to Vehicle,Not Applicable,Straight and flat,Expressway,Bitumen(Tar),Dry,Not Applicable,Fog / Mist,Hosur Main Road,Oxford college,02 K M,0.0,0.0,0,0,0.0,0.0
Bengaluru City,Madivala Traffic PS,1.04432e+16,2019,1,2,Road Accidents,Narrow road,City/Town,Near office complex,Human Error,Yes,Grievous Injury,Vehicle to Vehicle,Not at  Junction,Straight and flat,Service Road,Bitumen(Tar),Dry,Not Applicable,Clear,HSR Layout Ring Road,Bank of India,01 K M,0.0,0.0,0,0,0.0,0.0
Bengaluru City,Madivala Traffic PS,1.04432e+16,2020,1,2,Road Accidents,Not Applicable,City/Town,Near Bus stop,Human Error,No,Grievous Injury,Vehicle to Vehicle,Not at  Junction,Straight and flat,Others,Bitumen(Tar),Dry,Not Applicable,Fine,Madiwala Main Road,KSRP 3rd Bettaliyan,01 K M,0.0,0.0,0,0,0.0,0.0
Bengaluru City,Madivala Traffic PS,1.04432e+16,2020,1,1,Road Accidents,Junction,City/Town,Near Bus stop,Human Error,Yes,Grievous Injury,Hit pedestrian,Controlled,Straight and flat,Two way,Bitumen(Tar),Dry,Not Applicable,Clear,BTM Ring Road,Anjali Hotel,01 K M,0.0,0.0,0,0,0.0,0.0
Bengaluru City,Madivala Traffic PS,1.04432e+16,2020,1,1,Road Accidents,Junction,City/Town,Near Hospital,Human Error,No,Grievous Injury,Hit pedestrian,Controlled,Straight and flat,Expressway,Bitumen(Tar),Dry,Not Applicable,Clear,Hosur Main Road,Prashanth Hospital,03 k m,0.0,0.0,0,0,0.0,0.0
Bengaluru City,Madivala Traffic PS,1.04432e+16,2020,1,2,Road Accidents,Narrow road,Rural Areas,Near Petrol Pump,Human Error,No,Grievous Injury,Vehicle to Vehicle,Uncontrolled,Straight and flat,Expressway,Bitumen(Tar),Dry,Not Applicable,Fine,Hosur Main Road,Shell petrol bunk,02 k m,0.0,0.0,0,0,0.0,0.0
Bengaluru City,Madivala Traffic PS,1.04432e+16,2020,1,1,Road Accidents,Cross roads,City/Town,Near Bus stop,Human Error,No,Grievous Injury,Hit pedestrian,Not at  Junction,Straight and flat,Service Road,Bitumen(Tar),Dry,Not Applicable,Clear,Madivala Main Road,Jai Bhima Nagar Bus stop,01 k m,0.0,0.0,0,0,0.0,0.0
Bengaluru City,Madivala Traffic PS,1.04432e+16,2020,1,2,Road Accidents,Narrow road,City/Town,Residential area,Human Error,No,Grievous Injury,Vehicle to Vehicle,Not at  Junction,Straight and flat,Expressway,Bitumen(Tar),Dry,Not Applicable,Clear,Hosur Main Road,Salarpuria Greenage Apartment,02 K M,0.0,0.0,0,0,0.0,0.0
Bengaluru City,Madivala Traffic PS,1.04432e+16,2020,1,2,Road Accidents,Narrow road,City/Town,Near Bus stop,Vehicle Defect,No,Damage Only,Vehicle to Vehicle,Uncontrolled,Straight and flat,Others,Bitumen(Tar),Dry,Not Applicable,Clear,Madiwala Market Road,KSRP 4th Batalliyan,500 me,0.0,0.0,0,0,0.0,0.0
Bengaluru City,Madivala Traffic PS,1.04432e+16,2020,1,2,Road Accidents,Junction,City/Town,Near Bus stop,Human Error,Yes,Simple Injury,Vehicle to Vehicle,Controlled,Straight and flat,Others,Bitumen(Tar),Dry,Not Applicable,Clear,B.T.M Ring Road,Time Tec park,01 K M,0.0,0.0,0,0,0.0,0.0
Bengaluru City,Madivala Traffic PS,1.04432e+16,2020,1,1,Road Accidents,Narrow road,City/Town,Near Bus stop,Human Error,No,Grievous Injury,Hit bicyclist,Uncontrolled,Straight and flat,Expressway,Bitumen(Tar),Dry,Not Applicable,Clear,Hosur Main Road,Aswad Hospital,01 K M,0.0,0.0,0,0,0.0,0.0
Bengaluru City,Madivala Traffic PS,1.04432e+16,2020,1,1,Road Accidents,Narrow road,City/Town,Near Bus stop,Human Error,Yes,Grievous Injury,Hit pedestrian,Uncontrolled,Straight and flat,Expressway,Bitumen(Tar),Dry,Not Applicable,Clear,Hosur Main Road,Anand Honda show room,1km,0.0,0.0,0,0,0.0,0.0
Bengaluru City,Madivala Traffic PS,1.04432e+16,2020,1,1,Road Accidents,Narrow road,City/Town,Residential area,Human Error,No,Grievous Injury,Hit pedestrian,Uncontrolled,Straight and flat,Expressway,Bitumen(Tar),Dry,Not Applicable,Fine,Madiwala Main Road,Indian TVS Show Room,100 me,0.0,0.0,0,0,0.0,0.0
Bengaluru City,Madivala Traffic PS,1.04432e+16,2020,1,2,Road Accidents,Narrow road,City/Town,Residential area,Vehicle Defect,No,Damage Only,Vehicle to Vehicle,Uncontrolled,Straight and flat,Residential Street,Bitumen(Tar),Dry,Not Applicable,Fine,BTM Main Road,Coutch potota Furniture  shop,01 k m,0.0,0.0,0,0,0.0,0.0
Bengaluru City,Madivala Traffic PS,1.04432e+16,2020,1,1,Road Accidents,Narrow road,City/Town,Residential area,Human Error,No,Grievous Injury,Not Applicable,Not Applicable,Straight and flat,Others,Concrete,Dry,Not Applicable,Clear,JAKKASANDRA MAIN ROAD,SHABARI CONDIMENTS,03 KM,0.0,0.0,0,0,0.0,0.0
Bengaluru City,Madivala Traffic PS,1.04432e+16,2020,1,1,Road Accidents,Narrow road,City/Town,Near Petrol Pump,Human Error,No,Grievous Injury,Hit pedestrian,Police / Manual,Straight and flat,Two way,Bitumen(Tar),Dry,Not Applicable,Fine,Begur Main Road,Bharath Pertol Bunk,03 K M,0.0,0.0,0,0,0.0,0.0
Bengaluru City,Madivala Traffic PS,1.04432e+16,2020,1,1,Road Accidents,Junction,City/Town,At pedestrian Crossing,Human Error,No,Fatal,Hit pedestrian,Controlled,Straight and flat,Others,Bitumen(Tar),Dry,Not Applicable,Fog / Mist,H.S.R Ring Road,police umbrella,01 k M,0.0,0.0,0,0,0.0,0.0
Bengaluru City,Madivala Traffic PS,1.04432e+16,2020,1,1,Road Accidents,Narrow road,City/Town,Open area,Vehicle Defect,No,Damage Only,Not Applicable,Uncontrolled,Straight and flat,Expressway,Bitumen(Tar),Dry,Not Applicable,Clear,Hosur Main Road,Yamaha Show Room,02 K M,0.0,0.0,0,0,0.0,0.0
Bengaluru City,Madivala Traffic PS,1.04432e+16,2020,1,1,Road Accidents,Narrow road,City/Town,At pedestrian Crossing,Human Error,No,Grievous Injury,Hit pedestrian,Uncontrolled,Straight and flat,Expressway,Bitumen(Tar),Dry,Not Applicable,Fog / Mist,Hosur Main Road,Lakshmi Narayana Temple,01 K M,0.0,0.0,0,0,0.0,0.0
Bengaluru City,Madivala Traffic PS,1.04432e+16,2020,1,3,Road Accidents,Junction,City/Town,In bazaar,Human Error,No,Grievous Injury,Vehicle to Vehicle,Controlled,Straight and flat,Arterial,Bitumen(Tar),Dry,Not Applicable,Fine,Madiwala Main Road,ST Johns Hospital,01  KM,0.0,0.0,0,0,0.0,0.0
Bengaluru City,Madivala Traffic PS,1.04432e+16,2020,1,2,Road Accidents,Junction,City/Town,Near Bus stop,Human Error,No,Fatal,Vehicle to Vehicle,Controlled,Straight and flat,Expressway,Bitumen(Tar),Dry,Not Applicable,Fog / Mist,Hosur Main road,Prashanth Hospital,02 k M,0.0,0.0,0,0,0.0,0.0
Bengaluru City,Madivala Traffic PS,1.04432e+16,2020,1,1,Road Accidents,Cross roads,City/Town,Residential area,Human Error,Yes,Grievous Injury,Hit pedestrian,Uncontrolled,Straight and flat,Residential Street,Bitumen(Tar),Dry,Not Applicable,Fine,Virat Nagar Main Road,Shama Medicals store,02 K M,0.0,0.0,0,0,0.0,0.0
Bengaluru City,Madivala Traffic PS,1.04432e+16,2020,1,1,Road Accidents,Narrow road,City/Town,Near Bus stop,Human Error,Yes,Fatal,Hit pedestrian,Uncontrolled,Straight and flat,Expressway,Bitumen(Tar),Dry,Not Applicable,Fine,Hosur Main Road,Aswad Hospital,01 K M,0.0,0.0,0,0,0.0,0.0
Bengaluru City,Madivala Traffic PS,1.04432e+16,2020,1,1,Road Accidents,Narrow road,City/Town,Open area,Human Error,No,Fatal,Hit pedestrian,Not at  Junction,Straight and flat,Expressway,Bitumen(Tar),Dry,Not Applicable,Fine,Madiwala Market Road,Madiwala Police station,50 met,0.0,0.0,0,0,0.0,0.0
Bengaluru City,Madivala Traffic PS,1.04432e+16,2020,1,1,Road Accidents,Narrow road,City/Town,Residential area,Human Error,No,Fatal,Hit pedestrian,Not at  Junction,Straight and flat,Residential Street,Bitumen(Tar),Dry,Not Applicable,Clear,St john wood Apartment road,St johns hospital quarters,02 k m,0.0,0.0,0,0,0.0,0.0
Bengaluru City,Madivala Traffic PS,1.04432e+16,2020,1,2,Road Accidents,Narrow road,City/Town,Near Bus stop,Human Error,Yes,Grievous Injury,Not Applicable,Uncontrolled,Straight and flat,Two way,Bitumen(Tar),Dry,Not Applicable,Clear,Madiwala Main Road,Balaji Medical Store,01 K M,0.0,0.0,0,0,0.0,0.0
Bengaluru City,Madivala Traffic PS,1.04432e+16,2020,1,1,Road Accidents,Narrow road,City/Town,Open area,Human Error,Yes,Grievous Injury,Not Applicable,Uncontrolled,Straight and flat,Expressway,Bitumen(Tar),Dry,Not Applicable,Fine,Hosur Main Road,Ram Mobiles Service Center,03 K M,0.0,0.0,0,0,0.0,0.0
Bengaluru City,Madivala Traffic PS,1.04432e+16,2020,1,2,Road Accidents,Narrow road,City/Town,Open area,Human Error,No,Grievous Injury,Vehicle to Vehicle,Uncontrolled,Straight and flat,Service Road,Bitumen(Tar),Dry,Not Applicable,Clear,HSR Ring Roaf,Rastra Kavi kuvempu park,01 k m,0.0,0.0,0,0,0.0,0.0
Bengaluru City,Madivala Traffic PS,1.04432e+16,2020,1,1,Road Accidents,Narrow road,City/Town,Residential area,Human Error,No,Fatal,Not Applicable,Not at  Junction,Straight and flat,Others,Bitumen(Tar),Dry,Not Applicable,Clear,ST JOHNS WOOD ROAD,ST JOHNS QTRS,02 KM,0.0,0.0,0,0,0.0,0.0
Bengaluru City,Madivala Traffic PS,1.04432e+16,2020,1,2,Road Accidents,Narrow road,City/Town,Residential area,Human Error,Yes,Grievous Injury,Vehicle to Vehicle,Not at  Junction,Straight and flat,Expressway,Bitumen(Tar),Dry,Not Applicable,Fog / Mist,Hosur Main Road,Maruthi suzuki show Room,02 k m,0.0,0.0,0,0,0.0,0.0
Bengaluru City,Madivala Traffic PS,1.04432e+16,2020,1,1,Road Accidents,Narrow road,City/Town,Narrow bridge or culverts,Human Error,No,Grievous Injury,Hit pedestrian,Uncontrolled,Straight and flat,Expressway,Bitumen(Tar),Dry,Pot holed,Clear,Hosur Main Road,Jaguar Show Room,01 K M,0.0,0.0,5,0,0.0,5.0
Bengaluru City,Madivala Traffic PS,1.04432e+16,2020,1,1,Road Accidents,Narrow road,City/Town,Residential area,Vehicle Defect,No,Damage Only,Vehicle to Vehicle,Uncontrolled,Straight and flat,Residential Street,Bitumen(Tar),Dry,Not Applicable,Fine,Kodichikkanahalli Main Road,Surani Sawmill,04 K M,0.0,0.0,0,0,0.0,0.0
Bengaluru City,Madivala Traffic PS,1.04432e+16,2020,1,1,Road Accidents,Narrow road,City/Town,Residential area,Human Error,No,Fatal,Not Applicable,Uncontrolled,Straight and flat,Others,Bitumen(Tar),Dry,Not Applicable,Very Hot,HSR Ring Road,Mangalore Kitchen Hotel,01 K M,0.0,0.0,0,0,0.0,0.0
Bengaluru City,Madivala Traffic PS,1.04432e+16,2020,1,1,Road Accidents,Narrow road,City/Town,Near Bus stop,Human Error,Yes,Grievous Injury,Hit bicyclist,Uncontrolled,Straight and flat,Others,Bitumen(Tar),Dry,Not Applicable,Fine,H.S.R Ring Road,Kumar Hotel,01 K M,0.0,0.0,0,0,0.0,0.0
Bengaluru City,Madivala Traffic PS,1.04432e+16,2020,1,1,Road Accidents,Road hump or Rumble strips,City/Town,Near Bus stop,Human Error,No,Fatal,Not Applicable,Uncontrolled,Straight and flat,Others,Bitumen(Tar),Dry,Not Applicable,Fog / Mist,H.S.R Ring Road,Aranya Bar and Restaurant,01 K M,0.0,0.0,0,0,0.0,0.0
Bengaluru City,Madivala Traffic PS,1.04432e+16,2020,1,1,Road Accidents,Narrow road,City/Town,Near Bus stop,Human Error,No,Fatal,Hit pedestrian,Not Applicable,Straight and flat,One way,Bitumen(Tar),Dry,Pot holed,Fine,Madiwala Market Road,Indira Canteen,500 me,0.0,0.0,5,0,0.0,5.0
Bengaluru City,Madivala Traffic PS,1.04432e+16,2020,1,2,Road Accidents,Junction,City/Town,Near Bus stop,Human Error,No,Grievous Injury,Vehicle to Vehicle,Controlled,Straight and flat,Others,Bitumen(Tar),Dry,Not Applicable,Fine,BTM Ring Road,L G Show Room,02 K M,0.0,0.0,0,0,0.0,0.0
Bengaluru City,Madivala Traffic PS,1.04432e+16,2020,1,2,Road Accidents,Junction,City/Town,Near Bus stop,Vehicle Defect,No,Damage Only,Vehicle to Vehicle,Controlled,Straight and flat,Others,Bitumen(Tar),Dry,Not Applicable,Clear,Madiwala Main Road,HP Petrol Bunk,02 K M,0.0,0.0,0,0,0.0,0.0
Bengaluru City,Madivala Traffic PS,1.04432e+16,2020,1,1,Road Accidents,Narrow road,City/Town,Near Bus stop,Human Error,No,Grievous Injury,Not Applicable,Uncontrolled,Straight and flat,Expressway,Bitumen(Tar),Dry,Not Applicable,Clear,Hosur Main Road,Ananda Honda Show Room,02 K M,0.0,0.0,0,0,0.0,0.0
Bengaluru City,Madivala Traffic PS,1.04432e+16,2020,1,2,Road Accidents,Narrow road,City/Town,Near Petrol Pump,Human Error,No,Fatal,Vehicle to Vehicle,Uncontrolled,Straight and flat,Others,Bitumen(Tar),Dry,Not Applicable,Clear,Madiwala Main Road,Opp Happiest Main Company,300 me,0.0,0.0,0,0,0.0,0.0
Bengaluru City,Madivala Traffic PS,1.04432e+16,2020,1,2,Road Accidents,Narrow road,City/Town,Near Hospital,Human Error,No,Grievous Injury,Vehicle to Vehicle,Uncontrolled,Straight and flat,Expressway,Bitumen(Tar),Dry,Not Applicable,Clear,Hosur  Main Road,Aswad Hospital,01 K M,0.0,0.0,0,0,0.0,0.0
Bengaluru City,Madivala Traffic PS,1.04432e+16,2020,1,1,Road Accidents,Cross roads,City/Town,Residential area,Human Error,Yes,Fatal,Hit pedestrian,Uncontrolled,Straight and flat,Others,Bitumen(Tar),Dry,Not Applicable,Fog / Mist,Begur Main Road,Pai Show Room,03 K M,0.0,0.0,0,0,0.0,0.0
Bengaluru City,Madivala Traffic PS,1.04432e+16,2020,1,2,Road Accidents,Narrow road,City/Town,Near Hospital,Human Error,Yes,Grievous Injury,Vehicle to Vehicle,Uncontrolled,Straight and flat,One way,Bitumen(Tar),Dry,Not Applicable,Fog / Mist,Madiwala Main Road,Venkateshwara Hospital,01 K M,0.0,0.0,0,0,0.0,0.0
Bengaluru City,Madivala Traffic PS,1.04432e+16,2021,1,1,Road Accidents,Narrow road,City/Town,Narrow bridge or culverts,Human Error,No,Grievous Injury,Hit pedestrian,Not at  Junction,Straight and flat,Expressway,Surfaced,Dry,Not Applicable,Clear,Hosuru Main Road,Silk Board Upper Ramp,500mtr,0.0,0.0,0,0,,
Bengaluru City,Madivala Traffic PS,1.04432e+16,2021,1,1,Road Accidents,Narrow road,City/Town,Near a religious place,Human Error,Yes,Grievous Injury,Hit pedestrian,Not Applicable,Straight and flat,Others,Bitumen(Tar),Dry,Not Applicable,Clear,MADIWALA MAIN ROAD,NEAR KUMAR BHAVAN HOTEL,1KM,0.0,0.0,0,0,0.0,0.0
Bengaluru City,Madivala Traffic PS,1.04432e+16,2021,1,2,Road Accidents,Not Applicable,City/Town,Near a recreation place/cinema,Human Error,No,Damage Only,Vehicle to Vehicle,Not at  Junction,Straight and flat,NH,Bitumen(Tar),Dry,Not Applicable,Clear,HOSURU MAIN ROAD,IBIS HOTEL,3KM,0.0,0.0,0,0,0.0,0.0
Bengaluru City,Madivala Traffic PS,1.04432e+16,2021,1,2,Road Accidents,Narrow road,City/Town,Near a factory industrial area,Human Error,Yes,Grievous Injury,Vehicle to Vehicle,Not at  Junction,Straight and flat,NH,Bitumen(Tar),Dry,Not Applicable,Clear,Hosur Main Road,Near Rupena Agrahara,01 KM,0.0,0.0,0,0,0.0,0.0
Bengaluru City,Madivala Traffic PS,1.04432e+16,2021,1,1,Road Accidents,Road hump or Rumble strips,City/Town,Open area,Human Error,Not Applicable,Grievous Injury,Not Applicable,Not at  Junction,Straight and flat,One way,Surfaced,Dry,Not Applicable,Clear,MADIVALA MAIN ROAD,NEAR MAYUR HOTEL,25 MTR,0.0,0.0,0,0,,
Bengaluru City,Madivala Traffic PS,1.04432e+16,2021,1,1,Road Accidents,Junction,City/Town,Near Bus stop,Human Error,No,Grievous Injury,Hit pedestrian,Controlled,Straight and flat,Expressway,Bitumen(Tar),Dry,Not Applicable,Fine,Madiwala Main Road,Traffic police Both,01 K M,0.0,0.0,0,0,0.0,0.0
Bengaluru City,Madivala Traffic PS,1.04432e+16,2021,1,1,Road Accidents,Narrow road,City/Town,Open area,Human Error,No,Grievous Injury,Hit pedestrian,Not at  Junction,Straight and flat,Others,Bitumen(Tar),Dry,Not Applicable,Clear,Madiwala Main road,Near Jeepi Travells,500 m,0.0,0.0,0,0,0.0,0.0
Bengaluru City,Madivala Traffic PS,1.04432e+16,2021,1,2,Road Accidents,Narrow road,City/Town,Near Bus stop,Human Error,Yes,Simple Injury,Vehicle to Vehicle,Not at  Junction,Straight and flat,NH,Bitumen(Tar),Dry,Not Applicable,Clear,HOSURU MAIN ROAD RUPENA AGRAHARA,NEAR RUPENA AGRAHARA BUS STOP,1KM,0.0,0.0,0,0,0.0,0.0
Bengaluru City,Madivala Traffic PS,1.04432e+16,2021,1,2,Road Accidents,Narrow road,City/Town,Near a religious place,Human Error,No,Grievous Injury,Vehicle to Vehicle,Not at  Junction,Straight and flat,Others,Bitumen(Tar),Dry,No influence on accident,Clear,Madiwala Main road,St Anthonis Church,02 km,0.0,0.0,0,0,0.0,0.0
Bengaluru City,Madivala Traffic PS,1.04432e+16,2021,1,2,Road Accidents,Narrow road,City/Town,Near a religious place,Human Error,No,Simple Injury,Vehicle to Vehicle,Not at  Junction,Straight and flat,Arterial,Bitumen(Tar),Dry,Not Applicable,Clear,MADIWALA MAIN ROAD,NEAR GANESH TEMPLE,400MTR,0.0,0.0,0,0,0.0,0.0
Bengaluru City,Madivala Traffic PS,1.04432e+16,2021,1,1,Road Accidents,Junction,City/Town,Near Bus stop,Human Error,Not Applicable,Damage Only,Not Applicable,Signal lights Automatic,Straight and flat,Arterial,Bitumen(Tar),Dry,Not Applicable,Clear,MADIWALA MAIN ROAD,NEAR HOSPITAL,2KM,0.0,0.0,0,0,0.0,0.0
Bengaluru City,Madivala Traffic PS,1.04432e+16,2021,1,1,Road Accidents,Narrow road,City/Town,Near a religious place,Human Error,No,Grievous Injury,Hit pedestrian,Not at  Junction,Straight and flat,One way,Bitumen(Tar),Dry,Not Applicable,Clear,MADIWALA MAIN ROAD,NEAR ANJNEYA TEMPLE,400MTR,0.0,0.0,0,0,0.0,0.0
Bengaluru City,Madivala Traffic PS,1.04432e+16,2021,1,2,Road Accidents,Narrow road,City/Town,Near School or College,Human Error,No,Grievous Injury,Vehicle to Vehicle,Not at  Junction,Straight and flat,Arterial,Bitumen(Tar),Dry,Not Applicable,Clear,HOSURU MAIN ROAD NEAR BOMMANAHALLI 21 PILLOR,NEAR OXFORD COLLEGE,3KM,0.0,0.0,0,0,0.0,0.0
Bengaluru City,Madivala Traffic PS,1.04432e+16,2021,1,2,Road Accidents,Junction,City/Town,Near Bus stop,Human Error,No,Grievous Injury,Vehicle to Vehicle,Signals (Working),Straight and flat,NH,Bitumen(Tar),Dry,Not Applicable,Clear,"HOSURU MAIN ROAD, SILK BOARD JUNCTION",NEAR SILK BOARD BUS STOP,1KM,0.0,0.0,0,0,0.0,0.0
Bengaluru City,Madivala Traffic PS,1.04432e+16,2021,1,1,Road Accidents,Narrow road,City/Town,Near Bus stop,Human Error,Yes,Fatal,Hit pedestrian,Not at  Junction,Straight and flat,NH,Bitumen(Tar),Dry,Not Applicable,Clear,HOSURU MAIN ROAD,NEAR RUPEN AGRHARA BUS STOP,2KM,0.0,0.0,0,0,0.0,0.0
Bengaluru City,Madivala Traffic PS,1.04432e+16,2021,1,1,Road Accidents,Narrow road,City/Town,Near Bus stop,Human Error,No,Grievous Injury,Hit pedestrian,Not at  Junction,Straight and flat,Arterial,Bitumen(Tar),Dry,Not Applicable,Clear,HOSURU MAIN ROAD NEAR BUS STOP,NEAR RUPENA AGRAHARA BUS STOP,1KM,0.0,0.0,0,0,0.0,0.0
Bengaluru City,Madivala Traffic PS,1.04432e+16,2021,1,1,Road Accidents,Narrow road,City/Town,Near Bus stop,Human Error,Yes,Grievous Injury,Hit pedestrian,Not at  Junction,Straight and flat,Others,Bitumen(Tar),Dry,Not Applicable,Clear,Virat Nagar Main Road,Vinakaya Bakery,02 K M,0.0,0.0,0,0,0.0,0.0
Bengaluru City,Madivala Traffic PS,1.04432e+16,2021,1,2,Road Accidents,Narrow road,City/Town,Residential area,Human Error,Yes,Grievous Injury,Vehicle to Vehicle,Not at  Junction,Straight and flat,Others,Bitumen(Tar),Dry,Not Applicable,Clear,Begur Main Road,Vrishabh metal Traders Godown,03 K M,0.0,0.0,0,0,0.0,0.0
Bengaluru City,Madivala Traffic PS,1.04432e+16,2021,1,2,Road Accidents,Narrow road,City/Town,Near Bus stop,Human Error,Not Applicable,Grievous Injury,Vehicle to Vehicle,Not at  Junction,Straight and flat,NH,Bitumen(Tar),Dry,Not Applicable,Clear,HOSURU MAIN ROAD,NEAR RUPEN AGRAHARA UPPER RAMP,3KM,0.0,0.0,0,0,0.0,0.0
Bengaluru City,Madivala Traffic PS,1.04432e+16,2021,1,2,Road Accidents,Narrow road,City/Town,Near Hospital,Human Error,Not Applicable,Grievous Injury,Vehicle to Vehicle,Controlled,Straight and flat,Two way,Surfaced,Dry,Not Applicable,Clear,Devarachikkanahalli Road,Medplus medical shop devarchikkanahalli road,2KM,0.0,0.0,0,0,,
Bengaluru City,Madivala Traffic PS,1.04432e+16,2021,1,2,Road Accidents,Narrow road,City/Town,Near Petrol Pump,Human Error,No,Simple Injury,Vehicle to Vehicle,Not at  Junction,Straight and flat,Not Applicable,Bitumen(Tar),Dry,Not Applicable,Clear,HOSURU MAIN ROAD,SHELL PETROL BUNK,3KM,0.0,0.0,0,0,0.0,0.0
Bengaluru City,Madivala Traffic PS,1.04432e+16,2021,1,2,Road Accidents,Narrow road,City/Town,Residential area,Human Error,No,Grievous Injury,Vehicle to Vehicle,Not at  Junction,Straight and flat,Others,Bitumen(Tar),Dry,Not Applicable,Clear,BTM MAIN ROAD,NEAR SUPER MARKET,1KM,0.0,0.0,0,0,0.0,0.0
Bengaluru City,Madivala Traffic PS,1.04432e+16,2021,1,1,Road Accidents,Narrow road,City/Town,Near Bus stop,Human Error,Not Applicable,Grievous Injury,Hit pedestrian,Not at  Junction,Straight and flat,One way,Surfaced,Dry,Not Applicable,Clear,Madiwala main road,Ashwini bar and restorent,50mtr,0.0,0.0,0,0,,
Bengaluru City,Madivala Traffic PS,1.04432e+16,2021,1,1,Road Accidents,Narrow road,City/Town,Near a religious place,Human Error,No,Grievous Injury,Hit pedestrian,Not at  Junction,Straight and flat,Others,Bitumen(Tar),Dry,Not Applicable,Clear,MADIWALA MAIN ROAD,NEAR GANESH TEMPLE,100mtr,0.0,0.0,0,0,0.0,0.0
Bengaluru City,Madivala Traffic PS,1.04432e+16,2021,1,2,Road Accidents,Narrow road,City/Town,Near Hospital,Human Error,No,Fatal,Vehicle to Vehicle,Not at  Junction,Straight and flat,NH,Bitumen(Tar),Dry,Not Applicable,Clear,"Hosuru main road, infront of ashwad hospital , silk board down ramp.",Near  Rupena Agrahara Bsu Stop,2km,0.0,0.0,0,0,0.0,0.0
Bengaluru City,Madivala Traffic PS,1.04432e+16,2021,1,2,Road Accidents,Junction,City/Town,Near Hospital,Vehicle Defect,No,Damage Only,Vehicle to Vehicle,Signals (Working),Straight and flat,NH,Bitumen(Tar),Dry,Not Applicable,Clear,"HOSURU MAIN ROAD, BOMMANAHALLI JUNCTION",NEAR PRASHANTH HOSPITAL,2KM,0.0,0.0,0,0,0.0,0.0
Bengaluru City,Madivala Traffic PS,1.04432e+16,2021,1,2,Road Accidents,Narrow road,City/Town,Residential area,Human Error,No,Grievous Injury,Vehicle to Vehicle,Not at  Junction,Straight and flat,Sub Arterial,Bitumen(Tar),Dry,Not Applicable,Clear,"BEGURU MAIN ROAD, SRI.THYGARAJ CO-OPARATIVE BANK",NEAR BANK,4KM,0.0,0.0,0,0,0.0,0.0
Bengaluru City,Madivala Traffic PS,1.04432e+16,2021,1,1,Road Accidents,Narrow road,City/Town,Near Petrol Pump,Human Error,No,Grievous Injury,Hit bicyclist,Not at  Junction,Straight and flat,Sub Arterial,Bitumen(Tar),Dry,Not Applicable,Clear,Dr. Marigowda road near forum mall,Behind in indion oil petrol bunk,2km,0.0,0.0,0,0,0.0,0.0
Bengaluru City,Madivala Traffic PS,1.04432e+16,2021,1,3,Road Accidents,Narrow road,City/Town,Near School or College,Human Error,No,Grievous Injury,Vehicle to Vehicle,Not at  Junction,Straight and flat,Residential Street,Bitumen(Tar),Dry,Not Applicable,Clear,MADIWALA MARUTI NAGAR ROAD,NEAR VENKATESHWARA COLLEGE,2KM,0.0,0.0,0,0,0.0,0.0
Bengaluru City,Madivala Traffic PS,1.04432e+16,2021,1,1,Road Accidents,Narrow road,City/Town,Near Hospital,Human Error,No,Grievous Injury,Hit pedestrian,Not at  Junction,Straight and flat,One way,Bitumen(Tar),Dry,Not Applicable,Clear,MADIWALA MAIN ROAD,NEAR GANESH TEMPLE,200mtr,0.0,0.0,0,0,0.0,0.0
Bengaluru City,Madivala Traffic PS,1.04432e+16,2021,1,2,Road Accidents,Junction,City/Town,Open area,Human Error,No,Grievous Injury,Vehicle to Vehicle,Controlled,Straight and flat,Expressway,Bitumen(Tar),Dry,Not Applicable,Fine,HSR Ring Road,Traffic police Both,500 me,0.0,0.0,0,0,0.0,0.0
Bengaluru City,Madivala Traffic PS,1.04432e+16,2021,1,2,Road Accidents,Narrow road,City/Town,Residential area,Human Error,Yes,Fatal,Vehicle to Vehicle,Not at  Junction,Straight and flat,Residential Street,Bitumen(Tar),Dry,Not Applicable,Clear,KODICHIKKANA HALLI MAIN ROAD,VENKATESHWAR PRAVISION STORE,4 KM,0.0,0.0,0,0,0.0,0.0