DISTRICTNAME,UNITNAME,Crime_No,Year,RI,Noofvehicle_involved,Accident_Classification,Accident_Spot,Accident_Location,Accident_SubLocation,Main_Cause,Hit_Run,Severity,Collision_Type,Junction_Control,Road_Character,Road_Type,Surface_Type,Surface_Condition,Road_Condition,Weather,Accident_Road,Landmark_first,Distance_LandMark_First,Latitude,Longitude,Road_Condition_Score,Surface_Condition_Score,Surface_Type_Score,Road_Risk_Index
Bengaluru City,Madivala Traffic PS,1.04432e+16,2021,1,2,Road Accidents,Junction,City/Town,Near Bus stop,Human Error,No,Fatal,Vehicle to Vehicle,Signal lights Manual,Straight and flat,NH,Bitumen(Tar),Dry,Not Applicable,Clear,HOSURUI MAIN ROAD,NEAR RUPENA AGRAHARA BUS STOP,2.KM,0.0,0.0,0,0,0.0,0.0
Bengaluru City,Madivala Traffic PS,1.04432e+16,2021,1,2,Road Accidents,Junction,City/Town,Near a religious place,Human Error,No,Grievous Injury,Vehicle to Vehicle,Signals (Working),Straight and flat,Arterial,Bitumen(Tar),Dry,Not Applicable,Clear,MADIWALA MAIN ROAD IN FRONT OF ST ANTHONI CHURCH,NEAR BUS STOP,01KM,0.0,0.0,0,0,0.0,0.0
Bengaluru City,Madivala Traffic PS,1.04432e+16,2021,1,1,Road Accidents,Junction,City/Town,At pedestrian Crossing,Human Error,Not Applicable,Fatal,Hit pedestrian,Signals (Working),Straight and flat,Expressway,Bitumen(Tar),Dry,Not Applicable,Clear,GAREBHAVIPALYA JUNCTON,GAREBHAVIPALYA JUNCTON,200,0.0,0.0,0,0,0.0,0.0
Bengaluru City,Madivala Traffic PS,1.04432e+16,2021,1,2,Road Accidents,Narrow road,City/Town,Near Bus stop,Human Error,No,Grievous Injury,Vehicle to Vehicle,Not at  Junction,Straight and flat,Arterial,Bitumen(Tar),Dry,Not Applicable,Clear,MADIWALA MAIN ROAD SILK BOARD FLY OVER UP RAMP.,NEAR MADIWALA BUS STOP,500MTR,0.0,0.0,0,0,0.0,0.0
Bengaluru City,Madivala Traffic PS,1.04432e+16,2021,1,2,Road Accidents,Narrow road,City/Town,Residential area,Human Error,Yes,Grievous Injury,Vehicle to Vehicle,Uncontrolled,Straight and flat,Expressway,Bitumen(Tar),Dry,Not Applicable,Fog / Mist,Hosur Main Road,Salarpuria Greenage Apartment,02 K M,0.0,0.0,0,0,0.0,0.0
Bengaluru City,Madivala Traffic PS,1.04432e+16,2021,1,1,Road Accidents,Narrow road,City/Town,Open area,Human Error,Not Applicable,Fatal,Not Applicable,Controlled,Curve,Others,Surfaced,Dry,Not Applicable,Fine,TAVAREKERE MAIN ROAD,NEAR MADIVALA CHEK POST,1 KM,0.0,0.0,0,0,,
Bengaluru City,Madivala Traffic PS,1.04432e+16,2021,1,2,Road Accidents,Narrow road,City/Town,Residential area,Human Error,No,Grievous Injury,Vehicle to Vehicle,Not at  Junction,Straight and flat,Sub Arterial,Bitumen(Tar),Dry,Not Applicable,Clear,THAVAREKERE MAIN ROAD,NEAR RAJESHWARI KOORG FORK HOTEL,2KM,0.0,0.0,0,0,0.0,0.0
Bengaluru City,Madivala Traffic PS,1.04432e+16,2021,1,2,Road Accidents,Junction,City/Town,In bazaar,Human Error,No,Grievous Injury,Vehicle to Vehicle,Signal lights Automatic,Straight and flat,Arterial,Concrete,Dry,Construction Work / Material,Clear,Near Thavarekere Junction,Near Thavarekere junction,03 km,0.0,0.0,2,0,0.0,2.0
Bengaluru City,Madivala Traffic PS,1.04432e+16,2021,1,3,Road Accidents,Narrow road,City/Town,Narrow bridge or culverts,Human Error,Yes,Grievous Injury,Vehicle to Vehicle,Not at  Junction,Straight and flat,NH,Bitumen(Tar),Dry,Not Applicable,Clear,HOSURU MAIN ROAD,NEAR BUS STOP,3KM,0.0,0.0,0,0,0.0,0.0
Bengaluru City,Madivala Traffic PS,1.04432e+16,2021,1,1,Road Accidents,Narrow road,City/Town,Near Petrol Pump,Vehicle Defect,Yes,Fatal,Hit pedestrian,Not at  Junction,Straight and flat,NH,Bitumen(Tar),Dry,Not Applicable,Fine,NATIONALA HIGH WAY,ELIVATED FLY OVER DOWN RAMP,2KM,0.0,0.0,0,0,0.0,0.0
Bengaluru City,Madivala Traffic PS,1.04432e+16,2021,1,2,Road Accidents,Narrow road,City/Town,Near Hospital,Human Error,No,Grievous Injury,Vehicle to Vehicle,Not at  Junction,Straight and flat,Arterial,Bitumen(Tar),Dry,Not Applicable,Clear,Mdiwala main road near balaji medicle shop.,BESIDE BALAJI MEDICAL SHOP,1KM,0.0,0.0,0,0,0.0,0.0
Bengaluru City,Madivala Traffic PS,1.04432e+16,2021,1,1,Road Accidents,Narrow road,City/Town,Near School or College,Human Error,Not Applicable,Simple Injury,Not Applicable,Not at  Junction,Straight and flat,Sub Arterial,Bitumen(Tar),Dry,Not Applicable,Clear,BEGURU MAIN ROAD,NEAR ST FR SCHOOL,4KM,0.0,0.0,0,0,0.0,0.0
Bengaluru City,Madivala Traffic PS,1.04432e+16,2021,1,1,Road Accidents,Narrow road,City/Town,Residential area,Road Environment Defect,Not Applicable,Grievous Injury,Not Applicable,Not at  Junction,Straight and flat,Arterial,Bitumen(Tar),Dry,Not Applicable,Clear,DEVARACHIKKANAHALLI MAIN ROAD,NEAR GOLDEN PARK APARTMENT,4KM,0.0,0.0,0,0,0.0,0.0
Bengaluru City,Madivala Traffic PS,1.04432e+16,2021,1,2,Road Accidents,Narrow road,City/Town,Near Petrol Pump,Human Error,No,Grievous Injury,Vehicle to Vehicle,Not at  Junction,Straight and flat,Others,Bitumen(Tar),Dry,Not Applicable,Clear,BTM OUTER RING ROAD,NEAR MEERA SCHOOL,2KM,0.0,0.0,0,0,0.0,0.0
Bengaluru City,Madivala Traffic PS,1.04432e+16,2021,1,1,Road Accidents,Narrow road,City/Town,Near Petrol Pump,Human Error,Yes,Grievous Injury,Hit pedestrian,Not at  Junction,Straight and flat,Arterial,Bitumen(Tar),Dry,Not Applicable,Clear,"Dr. Marigowda main road, Near Forum mall",Near Forum Mall,2km,0.0,0.0,0,0,0.0,0.0
Bengaluru City,Madivala Traffic PS,1.04432e+16,2021,1,1,Road Accidents,Junction,City/Town,Near Petrol Pump,Human Error,No,Grievous Injury,Hit pedestrian,Controlled,Straight and flat,One way,Bitumen(Tar),Dry,Not Applicable,Clear,Adugodi Main Road,Near Check Post Juncton,1km,0.0,0.0,0,0,0.0,0.0
Bengaluru City,Madivala Traffic PS,1.04432e+16,2021,1,1,Road Accidents,Narrow road,City/Town,Open area,Human Error,No,Grievous Injury,Hit pedestrian,Not Applicable,Straight and flat,Expressway,Bitumen(Tar),Flooded,Not Applicable,Fog / Mist,Hosur Main Road,Pai Show Room,03 K M,0.0,0.0,0,5,0.0,5.0
Bengaluru City,Madivala Traffic PS,1.04432e+16,2021,1,1,Road Accidents,Junction,City/Town,Residential area,Human Error,Yes,Grievous Injury,Hit pedestrian,Not at  Junction,Straight and flat,Sub Arterial,Bitumen(Tar),Dry,Not Applicable,Clear,"VIRAT NAGAR, 9TH CROSS, BOMMANAHALLI",VIRATA NAGAR 9TH CROSS,2KM,0.0,0.0,0,0,0.0,0.0
Bengaluru City,Madivala Traffic PS,1.04432e+16,2021,1,1,Road Accidents,Narrow road,City/Town,In bazaar,Human Error,No,Grievous Injury,Hit pedestrian,Not at  Junction,Straight and flat,Arterial,Bitumen(Tar),Dry,Not Applicable,Clear,"Dr. MARIGOWDA MAIN ROAD, IN FRONT OF KRISHNA SAGAR HOTEL BENGALURU.",NEAR FOURAM MALL,2KM,0.0,0.0,0,0,0.0,0.0
Bengaluru City,Madivala Traffic PS,1.04432e+16,2021,1,2,Road Accidents,Junction,City/Town,At pedestrian Crossing,Human Error,No,Grievous Injury,Vehicle to Vehicle,Signals (Working),Straight and flat,NH,Bitumen(Tar),Dry,Not Applicable,Clear,HOSURU MAIN ROAD BOMMANAHALLI JUNCTION,NEAR  PRASHANT HOSPITAL,2KM,0.0,0.0,0,0,0.0,0.0
Bengaluru City,Madivala Traffic PS,1.04432e+16,2021,1,1,Road Accidents,Junction,City/Town,Near or inside a village,Human Error,No,Simple Injury,Hit pedestrian,No signal lights,Curve,Two way,Bitumen(Tar),Dry,Not Applicable,Clear,DEVARACHIKKANAHALLI MAIN ROAD,NEAR CNR BAR,3KM,0.0,0.0,0,0,0.0,0.0
Bengaluru City,Madivala Traffic PS,1.04432e+16,2022,1,2,Road Accidents,Narrow road,City/Town,Near or inside a village,Human Error,No,Fatal,Vehicle to Vehicle,Not at  Junction,Straight and flat,Arterial,Bitumen(Tar),Dry,Not Applicable,Clear,MADIWALA MAIN ROAD,NEAR ST ANTHONI CHURCH,1KM,0.0,0.0,0,0,0.0,0.0
Bengaluru City,Madivala Traffic PS,1.04432e+16,2022,1,2,Road Accidents,Narrow road,City/Town,Near Bus stop,Human Error,Yes,Fatal,Vehicle to Vehicle,Not at  Junction,Straight and flat,NH,Bitumen(Tar),Dry,Not Applicable,Clear,"HOSURU MAIN ROAD, ELECTRONIC CITY FLY OVER UP RAMP BENGALURU",NEAR RUPENA AGRAHARA BUSTOP,2KM,0.0,0.0,0,0,0.0,0.0
Bengaluru City,Madivala Traffic PS,1.04432e+16,2022,1,2,Road Accidents,Narrow road,City/Town,Near Hospital,Human Error,No,Simple Injury,Vehicle to Vehicle,Not at  Junction,Straight and flat,Arterial,Bitumen(Tar),Dry,Not Applicable,Clear,SP ROAD NEAR AUGSTAIN NIVAS,NEAR ST JOHNS HOSPITAL,2.5 KM,0.0,0.0,0,0,0.0,0.0
Bengaluru City,Madivala Traffic PS,1.04432e+16,2022,1,2,Road Accidents,Junction,City/Town,Near Bus stop,Human Error,No,Grievous Injury,Vehicle to Vehicle,Signals (Working),Straight and flat,Arterial,Bitumen(Tar),Dry,Not Applicable,Clear,HOSURU MAIN ROAD GARVEBHAVIPALYA,NEAR ANJNEAY TEMPLE,3KM,0.0,0.0,0,0,0.0,0.0
Bengaluru City,Madivala Traffic PS,1.04432e+16,2022,1,2,Road Accidents,Junction,City/Town,At pedestrian Crossing,Human Error,No,Grievous Injury,Vehicle to Vehicle,Signals (Working),Straight and flat,Arterial,Bitumen(Tar),Dry,Not Applicable,Clear,MADIVALA TRAFFIC POLICE STATION JUNCTION,NEAR MADIVALA TR PS,3O MTR,0.0,0.0,0,0,0.0,0.0
Bengaluru City,Madivala Traffic PS,1.04432e+16,2022,1,1,Road Accidents,Narrow road,City/Town,Open area,Human Error,No,Grievous Injury,Hit pedestrian,Not at  Junction,Straight and flat,Arterial,Bitumen(Tar),Dry,Not Applicable,Clear,MADIVALA MAIN ROAD,NEAR ANJANEYA TEMPLE MADIVALA,100MTR,0.0,0.0,0,0,0.0,0.0
Bengaluru City,Madivala Traffic PS,1.04432e+16,2022,1,1,Road Accidents,Narrow road,City/Town,Open area,Human Error,No,Fatal,Hit pedestrian,Not Applicable,Others,Others,Bitumen(Tar),Dry,Not Applicable,Fine,BEGUR MN RD,100,100,0.0,0.0,0,0,0.0,0.0
Bengaluru City,Madivala Traffic PS,1.04432e+16,2022,1,1,Road Accidents,Narrow road,City/Town,Near Hospital,Human Error,Yes,Grievous Injury,Hit pedestrian,Not at  Junction,Straight and flat,Arterial,Bitumen(Tar),Dry,Not Applicable,Clear,HOSURU MAIN ROAD NEAR SECURE VALUE,NEAR VENKATESHWARA HOSPITAL,2KM,0.0,0.0,0,0,0.0,0.0
Bengaluru City,Madivala Traffic PS,1.04432e+16,2022,1,3,Road Accidents,Junction,City/Town,Near office complex,Human Error,No,Damage Only,Vehicle to Vehicle,Signals (Working),Straight and flat,Arterial,Bitumen(Tar),Dry,Not Applicable,Clear,MADIVALA MAIN ROAD,MADIVALA POLICE STATION JUNCTION,50 MTR,0.0,0.0,0,0,0.0,0.0
Bengaluru City,Madivala Traffic PS,1.04432e+16,2022,1,1,Road Accidents,Narrow road,City/Town,Near Bus stop,Human Error,No,Fatal,Not Applicable,Not at  Junction,Straight and flat,NH,Bitumen(Tar),Dry,Not Applicable,Clear,HOSURU MAIN ROAD NEAR SILK BOARD FLY OVER,NEAR RUPENA AGRAHARA BUS STOP,2KM,0.0,0.0,0,0,0.0,0.0
Bengaluru City,Madivala Traffic PS,1.04432e+16,2022,1,1,Road Accidents,Narrow road,City/Town,Residential area,Human Error,Yes,Simple Injury,Hit pedestrian,Not at  Junction,Straight and flat,Sub Arterial,Bitumen(Tar),Dry,Not Applicable,Clear,MARUTHINAGARA 9TH CROSS ROAD,NEAR HOUSE,1.5 KM,0.0,0.0,0,0,0.0,0.0
Bengaluru City,Madivala Traffic PS,1.04432e+16,2022,1,2,Road Accidents,Narrow road,City/Town,Near Petrol Pump,Human Error,No,Grievous Injury,Hit pedestrian,Not at  Junction,Straight and flat,Sub Arterial,Bitumen(Tar),Dry,Not Applicable,Clear,NEAR FOURAM MALL MADIWALA MAIN ROAD,NEAR FORUM MALL,2KM,0.0,0.0,0,0,0.0,0.0
Bengaluru City,Madivala Traffic PS,1.04432e+16,2022,1,2,Road Accidents,Narrow road,City/Town,Near Bus stop,Human Error,No,Grievous Injury,Vehicle to Vehicle,Not at  Junction,Straight and flat,NH,Bitumen(Tar),Dry,Not Applicable,Clear,"HOSURU  MAIN ROAD, NEAR IBS HOTEL",NEAR IBS HOTEL BOMMANHALLI,2KM,0.0,0.0,0,0,0.0,0.0
Bengaluru City,Madivala Traffic PS,1.04432e+16,2022,1,2,Road Accidents,Junction,City/Town,Near Hospital,Human Error,No,Damage Only,Vehicle to Vehicle,Signals (Working),Straight and flat,NH,Bitumen(Tar),Dry,Not Applicable,Clear,HOSURU MAIN ROAD NEAR BMMANAHALLI JUNCTION,NEAR BOMMANAHALLI JUNCTION,2KM,0.0,0.0,0,0,0.0,0.0
Bengaluru City,Madivala Traffic PS,1.04432e+16,2022,1,3,Road Accidents,Not Applicable,City/Town,Near office complex,Human Error,No,Damage Only,Vehicle to Vehicle,Not Applicable,Straight and flat,Sub Arterial,Concrete,Dry,Not Applicable,Clear,MADIVALA MARKET ROAD,NAER FSL GATE MADIVALA,50 MTR,0.0,0.0,0,0,0.0,0.0
Bengaluru City,Madivala Traffic PS,1.04432e+16,2022,1,2,Road Accidents,Narrow road,City/Town,Near a factory industrial area,Human Error,No,Grievous Injury,Vehicle to Vehicle,Not at  Junction,Straight and flat,Sub Arterial,Bitumen(Tar),Dry,Not Applicable,Clear,KODICHIKKANAHALLI MAIN ROAD,NEAR JOCKY FACTORY,3.5 KM,0.0,0.0,0,0,0.0,0.0
Bengaluru City,Madivala Traffic PS,1.04432e+16,2022,1,1,Road Accidents,Narrow road,City/Town,Residential area,Human Error,Yes,Grievous Injury,Hit pedestrian,Not at  Junction,Straight and flat,Sub Arterial,Bitumen(Tar),Dry,Not Applicable,Clear,"MARUTI NAGARA MAIN ROAD, 9TH CROSS, SURYA SWEET BEKERY",NEAR SURYA SWEET BEKARY,2KM,0.0,0.0,0,0,0.0,0.0
Bengaluru City,Madivala Traffic PS,1.04432e+16,2022,1,1,Road Accidents,Road hump or Rumble strips,City/Town,Near School or College,Human Error,Not Applicable,Fatal,Not Applicable,Not at  Junction,Straight and flat,NH,Bitumen(Tar),Dry,Not Applicable,Clear,"HOSURU MAIN ROAD, GARVEBHAVIPALYA, NEAR METRO STATION",NEAR OXFORD COLLEGE,02KM,0.0,0.0,0,0,0.0,0.0
Bengaluru City,Madivala Traffic PS,1.04432e+16,2022,1,2,Road Accidents,Narrow road,City/Town,Near Bus stop,Human Error,No,Grievous Injury,Vehicle to Vehicle,Not at  Junction,Straight and flat,Sub Arterial,Bitumen(Tar),Dry,Not Applicable,Clear,MADIWALA MARKET ROAD,NEAR KSRP 4TH  BTLN GATE,700MTR,0.0,0.0,0,0,0.0,0.0
Bengaluru City,Madivala Traffic PS,1.04432e+16,2022,1,1,Road Accidents,Narrow road,City/Town,Near School or College,Human Error,Yes,Fatal,Hit pedestrian,Not Applicable,Straight and flat,Arterial,Bitumen(Tar),Dry,Not Applicable,Clear,MADIWALA MARKET ROAD,MADIWALA MARKET ROAD NEAR GOVT SCHOOL,50MTR,0.0,0.0,0,0,0.0,0.0
Bengaluru City,Madivala Traffic PS,1.04432e+16,2022,1,2,Road Accidents,Narrow road,City/Town,Near a religious place,Human Error,No,Fatal,Vehicle to Vehicle,Not at  Junction,Straight and flat,Sub Arterial,Bitumen(Tar),Dry,Not Applicable,Clear,WATER TANK ROAD,NEAR MASZID,01 KM,0.0,0.0,0,0,0.0,0.0
Bengaluru City,Madivala Traffic PS,1.04432e+16,2022,1,3,Road Accidents,Narrow road,City/Town,Near Bus stop,Human Error,Yes,Grievous Injury,Vehicle to Vehicle,Not at  Junction,Straight and flat,Arterial,Bitumen(Tar),Dry,Not Applicable,Clear,MADIWALA MARKET ROAD,NEAR MADIWALA BUS STOP,500MTR,0.0,0.0,0,0,0.0,0.0
Bengaluru City,Madivala Traffic PS,1.04432e+16,2022,1,2,Road Accidents,Narrow road,City/Town,Near a religious place,Human Error,No,Fatal,Vehicle to Vehicle,Not at  Junction,Straight and flat,Arterial,Bitumen(Tar),Dry,Not Applicable,Clear,MADIWALA MAIN ROAD,NEAR CHECK POST JUNCTION,1.5 KM,0.0,0.0,0,0,0.0,0.0
Bengaluru City,Madivala Traffic PS,1.04432e+16,2022,1,2,Road Accidents,Circle,City/Town,Near Hospital,Human Error,No,Simple Injury,Vehicle to Vehicle,Signal lights Blinking,Straight and flat,Sub Arterial,Bitumen(Tar),Dry,Not Applicable,Clear,GANGOTHRI CIRCLE,NEAR GANGOTHRI BAR,1.5 KM,0.0,0.0,0,0,0.0,0.0
Bengaluru City,Madivala Traffic PS,1.04432e+16,2022,1,2,Road Accidents,Not Applicable,City/Town,Narrow bridge or culverts,Human Error,Yes,Simple Injury,Vehicle to Vehicle,Not Applicable,Others,NH,Bitumen(Tar),Dry,Not Applicable,Fine,HOSUR MN RD,100,200,0.0,0.0,0,0,0.0,0.0
Bengaluru City,Madivala Traffic PS,1.04432e+16,2022,1,1,Road Accidents,Narrow road,City/Town,Near School or College,Human Error,Not Applicable,Grievous Injury,Not Applicable,Not at  Junction,Straight and flat,Sub Arterial,Bitumen(Tar),Dry,Not Applicable,Clear,"CHOCOLATAE FACTORY ROAD, INFRONT OF ADARSH SCHOOL , MARUTHI NAGARA MAIN ROAD",IN FRONT OF ADARSH SCHOOL,500MTR,0.0,0.0,0,0,0.0,0.0
Bengaluru City,Madivala Traffic PS,1.04432e+16,2022,1,2,Road Accidents,Narrow road,City/Town,Open area,Human Error,Yes,Simple Injury,Vehicle to Vehicle,Not at  Junction,Straight and flat,Arterial,Bitumen(Tar),Dry,Not Applicable,Clear,MADIWALA MAIN ROAD NEAR H.P PETROL BUNK,NEAR HP PETROL BUNK,01KM,0.0,0.0,0,0,0.0,0.0
Bengaluru City,Madivala Traffic PS,1.04432e+16,2022,1,1,Road Accidents,Narrow road,City/Town,Near Bus stop,Human Error,No,Fatal,Not Applicable,Not at  Junction,Straight and flat,NH,Bitumen(Tar),Dry,Not Applicable,Clear,HOSURU MAIN ROAD IN FRONT OF VISHAL MEGHA MART,NEAR RUPENA AGRAHARA BUS STOP,1KM,0.0,0.0,0,0,0.0,0.0
Bengaluru City,Madivala Traffic PS,1.04432e+16,2022,1,1,Road Accidents,Narrow road,City/Town,Near office complex,Human Error,Not Applicable,Fatal,Not Applicable,Not at  Junction,Straight and flat,NH,Bitumen(Tar),Dry,Not Applicable,Clear,"HOSURU MAIN ROAD, NEAR BASH COMPNY",NEAR BASH COMPNY,3KM,0.0,0.0,0,0,0.0,0.0
Bengaluru City,Madivala Traffic PS,1.04432e+16,2022,1,1,Road Accidents,Narrow road,City/Town,Near Bus stop,Human Error,No,Grievous Injury,Not Applicable,Not at  Junction,Straight and flat,NH,Bitumen(Tar),Dry,Not Applicable,Clear,HOSURU MAIN ROAD NEAR RUPENA AGRHARA BUS STOP,NEAR RUPENA AGRHARA BUS STOP,2KM,0.0,0.0,0,0,0.0,0.0
Bengaluru City,Madivala Traffic PS,1.04432e+16,2022,1,2,Road Accidents,Not Applicable,City/Town,Open area,Human Error,No,Grievous Injury,Vehicle to Vehicle,Not Applicable,Straight and flat,Others,Bitumen(Tar),Dry,Not Applicable,Fine,NEAR DEEL SHOWROOM,200,200,0.0,0.0,0,0,0.0,0.0
Bengaluru City,Madivala Traffic PS,1.04432e+16,2022,1,2,Road Accidents,Junction,City/Town,Near Bus stop,Human Error,No,Damage Only,Vehicle to Vehicle,Signals (Working),Straight and flat,Arterial,Bitumen(Tar),Dry,Not Applicable,Clear,SILK BOARD JUNCTION,NEAR SILK BOARD BUS STOP,01 KM,0.0,0.0,0,0,0.0,0.0
Bengaluru City,Madivala Traffic PS,1.04432e+16,2022,1,2,Not Applicable,Narrow road,City/Town,Residential area,Human Error,No,Simple Injury,Vehicle to Vehicle,Not at  Junction,Straight and flat,Sub Arterial,Bitumen(Tar),Dry,Not Applicable,Clear,MARUTHI NAGAR MAIN ROAD,NEAR JODHPOOR SWEETS SHOP,01 KM,0.0,0.0,0,0,0.0,0.0
Bengaluru City,Madivala Traffic PS,1.04432e+16,2022,1,2,Road Accidents,Narrow road,City/Town,Near a factory industrial area,Human Error,Yes,Fatal,Vehicle to Vehicle,Not at  Junction,Straight and flat,NH,Bitumen(Tar),Dry,Not Applicable,Clear,"HOSURU MAIN ROAD, NEAR BRAND FACTORY",NEAR GARVEBHAVIPALYA,3KM,0.0,0.0,0,0,0.0,0.0
Bengaluru City,Madivala Traffic PS,1.04432e+16,2022,1,2,Road Accidents,Narrow road,City/Town,Residential area,Human Error,Yes,Fatal,Vehicle to Vehicle,Not at  Junction,Straight and flat,NH,Bitumen(Tar),Dry,Not Applicable,Clear,HOSURU MAIN ROAD NEAR GREENEZ APARTMENT,SALAR PURIYA GREENAIZ APARTMENT,2KM,0.0,0.0,0,0,0.0,0.0
Bengaluru City,Madivala Traffic PS,1.04432e+16,2022,1,1,Road Accidents,Narrow road,City/Town,Near Petrol Pump,Human Error,Not Applicable,Grievous Injury,Not Applicable,Not at  Junction,Straight and flat,NH,Bitumen(Tar),Dry,Not Applicable,Clear,"HOSURU MAIN ROAD NEAR SILK BOARD, FLYOVER, MADIWALA",NEAR PETROL BUNK,600MTR,0.0,0.0,0,0,0.0,0.0
Bengaluru City,Madivala Traffic PS,1.04432e+16,2022,1,1,Road Accidents,Narrow road,City/Town,Near a religious place,Human Error,No,Fatal,Hit pedestrian,Not at  Junction,Straight and flat,Arterial,Bitumen(Tar),Dry,Not Applicable,Clear,MADIWALA MAIN ROAD,NEAR ANJANEYA TEMPLE,700mtr,0.0,0.0,0,0,0.0,0.0
Bengaluru City,Madivala Traffic PS,1.04432e+16,2022,1,2,Road Accidents,Junction,City/Town,Near Petrol Pump,Human Error,No,Grievous Injury,Vehicle to Vehicle,No signal lights,Straight and flat,Sub Arterial,Bitumen(Tar),Dry,Not Applicable,Clear,KODICHIKKANAHALLI JUNCTION,NEAR BHARAT PETROL BUNK,3KM,0.0,0.0,0,0,0.0,0.0
Bengaluru City,Madivala Traffic PS,1.04432e+16,2022,1,1,Road Accidents,Narrow road,City/Town,Near Bus stop,Human Error,No,Grievous Injury,Hit pedestrian,Not at  Junction,Straight and flat,Arterial,Bitumen(Tar),Dry,Not Applicable,Clear,"HOSURU MAIN ROAD, RUPENA AGRAHARA",NEAR RUPENA AGRAHARA BUS STOP,2.5 KM,0.0,0.0,0,0,0.0,0.0
Bengaluru City,Madivala Traffic PS,1.04432e+16,2022,1,1,Road Accidents,Narrow road,City/Town,Near Bus stop,Human Error,Not Applicable,Fatal,Not Applicable,Not at  Junction,Straight and flat,NH,Bitumen(Tar),Dry,No influence on accident,Clear,"HOSURU MAIN ROAD, NEAR RENULT SHOW ROOM",NEAR RUPENAN AGRAHARA BUS STOP,1.5 KM,0.0,0.0,0,0,0.0,0.0
Bengaluru City,Madivala Traffic PS,1.04432e+16,2022,1,1,Road Accidents,Narrow road,City/Town,Near a religious place,Human Error,No,Grievous Injury,Hit pedestrian,Not at  Junction,Straight and flat,Arterial,Bitumen(Tar),Dry,Not Applicable,Clear,MADIWALA MAIN ROAD,NEAR ANJANEYA TEMPLE,400mtr,0.0,0.0,0,0,0.0,0.0
Bengaluru City,Madivala Traffic PS,1.04432e+16,2022,1,1,Road Accidents,Narrow road,City/Town,Near Bus stop,Human Error,No,Grievous Injury,Hit pedestrian,Not at  Junction,Straight and flat,NH,Bitumen(Tar),Dry,Not Applicable,Clear,HOSURU MAIR ROAD NEAR RUPENA AGRAHARA BUS STOP,NEAR RUPENA AGRAHARA BUS STOP,2KM,0.0,0.0,0,0,0.0,0.0
Bengaluru City,Madivala Traffic PS,1.04432e+16,2022,1,2,Road Accidents,Junction,City/Town,Near Bus stop,Human Error,Yes,Damage Only,Vehicle to Vehicle,Signal lights Manual,Straight and flat,Arterial,Bitumen(Tar),Dry,Not Applicable,Clear,MADIWALA MAIN ROAD SILK BOARD JUNCTION,NEAR SILK BOARD BUS STOP,1KM,0.0,0.0,0,0,0.0,0.0
Bengaluru City,Madivala Traffic PS,1.04432e+16,2023,1,2,Road Accidents,Narrow road,City/Town,Near Bus stop,Human Error,Yes,Fatal,Vehicle to Vehicle,Not at  Junction,Straight and flat,NH,Bitumen(Tar),Dry,Not Applicable,Clear,"HOSURU ,MAIN ROAD",NEAR ROOPENA AGRAHARA BUS STOP,1KM,0.0,0.0,0,0,0.0,0.0
Bengaluru City,Madivala Traffic PS,1.04432e+16,2023,1,2,Road Accidents,Narrow road,City/Town,Near School or College,Human Error,No,Fatal,Vehicle to Vehicle,Not at  Junction,Straight and flat,Arterial,Bitumen(Tar),Dry,Not Applicable,Clear,Dr. PUNEET RAJKUMAR ROAD,NEAR PETROL BUNK,1.5 KM,0.0,0.0,0,0,0.0,0.0
Bengaluru City,Madivala Traffic PS,1.04432e+16,2023,1,2,Road Accidents,Not Applicable,City/Town,Open area,Human Error,No,Grievous Injury,Vehicle to Vehicle,Give way sign,Straight and flat,NH,Bitumen(Tar),Dry,Not Applicable,Fine,E-CITY FLYOVER,100,100,0.0,0.0,0,0,0.0,0.0
Bengaluru City,Madivala Traffic PS,1.04432e+16,2023,1,1,Road Accidents,Narrow road,City/Town,Near a religious place,Human Error,No,Grievous Injury,Hit pedestrian,Not at  Junction,Straight and flat,Arterial,Bitumen(Tar),Dry,Not Applicable,Clear,"HOSURU MAIN ROAD, NEAR CANER BANK",NEAR GANESH TEMPLE,200MTR,0.0,0.0,0,0,0.0,0.0
Bengaluru City,Madivala Traffic PS,1.04432e+16,2023,1,2,Road Accidents,Junction,City/Town,Open area,Human Error,Yes,Grievous Injury,Vehicle to Vehicle,Controlled,Straight and flat,Not Applicable,Bitumen(Tar),Dry,Not Applicable,Fine,29TH MN RD,100,100,0.0,0.0,0,0,0.0,0.0
Bengaluru City,Madivala Traffic PS,1.04432e+16,2023,1,1,Road Accidents,Not Applicable,City/Town,Open area,Human Error,No,Grievous Injury,Vehicle to Vehicle,Not at  Junction,Others,NH,Bitumen(Tar),Others,Not Applicable,Fine,100,100,100,12.923032,77.619743,0,1,0.0,1.0
Bengaluru City,Madivala Traffic PS,1.04432e+16,2023,1,2,Road Accidents,Junction,City/Town,Open area,Human Error,Yes,Grievous Injury,Vehicle to Vehicle,Not at  Junction,Straight and flat,Others,Bitumen(Tar),Dry,Not Applicable,Fine,100,100,120,12.917879,77.622377,0,0,0.0,0.0
Bengaluru City,Madivala Traffic PS,1.04432e+16,2023,1,1,Road Accidents,Narrow road,City/Town,Residential area,Human Error,Yes,Grievous Injury,Hit bicyclist,Not at  Junction,Straight and flat,Sub Arterial,Bitumen(Tar),Dry,Not Applicable,Clear,KODICHIKKANAHALLI MAIN ROAD,NEAR ROYAL LEGEND APORTMENT,3.5 KM,12.90021,77.622231,0,0,0.0,0.0
Bengaluru City,Madivala Traffic PS,1.04432e+16,2023,1,1,Road Accidents,Curves,City/Town,Near Bus stop,Human Error,Not Applicable,Grievous Injury,Not Applicable,Controlled,Others,Arterial,Bitumen(Tar),Ditch or Potholed,Not Applicable,Clear,MADIWALA MAIN ROAD,NEAR MADIWALA PS,100MTR,0.0,0.0,0,5,0.0,5.0
Bengaluru City,Madivala Traffic PS,1.04432e+16,2023,1,1,Road Accidents,Not Applicable,City/Town,Open area,Human Error,No,Fatal,Hit pedestrian,Not Applicable,Others,Others,Bitumen(Tar),Dry,Not Applicable,Fine,100,100,100,0.0,0.0,0,0,0.0,0.0
Bengaluru City,Madivala Traffic PS,1.04432e+16,2023,1,1,Road Accidents,Narrow road,City/Town,Near a factory industrial area,Human Error,Yes,Grievous Injury,Hit pedestrian,Not at  Junction,Straight and flat,Arterial,Bitumen(Tar),Dry,Not Applicable,Clear,beguru main road hongasandra,NEAR SHASHI FACTORY,2KM,0.0,0.0,0,0,0.0,0.0
Bengaluru City,Madivala Traffic PS,1.04432e+16,2023,1,1,Road Accidents,Cross roads,City/Town,Open area,Human Error,Yes,Grievous Injury,Hit pedestrian,Not at  Junction,Incline,Others,Bitumen(Tar),Dry,Not Applicable,Fine,100,100,1,0.0,0.0,0,0,0.0,0.0