DISTRICTNAME,UNITNAME,Crime_No,Year,RI,Noofvehicle_involved,Accident_Classification,Accident_Spot,Accident_Location,Accident_SubLocation,Main_Cause,Hit_Run,Severity,Collision_Type,Junction_Control,Road_Character,Road_Type,Surface_Type,Surface_Condition,Road_Condition,Weather,Accident_Road,Landmark_first,Distance_LandMark_First,Latitude,Longitude,Road_Condition_Score,Surface_Condition_Score,Surface_Type_Score,Road_Risk_Index
Bengaluru City,Madivala Traffic PS,1.04432e+16,2023,1,1,Road Accidents,Narrow road,City/Town,Residential area,Human Error,Yes,Fatal,Hit pedestrian,Not at  Junction,Straight and flat,Sub Arterial,Bitumen(Tar),Dry,Not Applicable,Clear,BEGURU MAIN ROAD,NEAR SLV ENTERPRISES,3.5 KM,0.0,0.0,0,0,0.0,0.0
Bengaluru City,Madivala Traffic PS,1.04432e+16,2023,1,2,Road Accidents,Narrow road,City/Town,Near Hospital,Human Error,Yes,Damage Only,Vehicle to Vehicle,Not at  Junction,Straight and flat,Arterial,Bitumen(Tar),Dry,Not Applicable,Clear,HOSURU MAIN ROAD,NEAR BOMMANAHLLI JUNCTION,2KM,0.0,0.0,0,0,0.0,0.0
Bengaluru City,Madivala Traffic PS,1.04432e+16,2023,1,1,Road Accidents,Cross roads,City/Town,In bazaar,Human Error,No,Grievous Injury,Hit pedestrian,Not at  Junction,Not Applicable,Others,Bitumen(Tar),Dry,Not Applicable,Fine,HOSURU MN RD,100,100,0.0,0.0,0,0,0.0,0.0
Bengaluru City,Madivala Traffic PS,1.04432e+16,2023,1,1,Road Accidents,Narrow road,City/Town,Near or inside a village,Human Error,No,Not Applicable,Not Applicable,Not Applicable,Straight and flat,Arterial,Bitumen(Tar),Dry,Not Applicable,Clear,BTM LYT,NEAR RAJARAJESHWARI PG,1.5 KM,0.0,0.0,0,0,0.0,0.0
Bengaluru City,Madivala Traffic PS,1.04432e+16,2023,1,2,Road Accidents,Junction,City/Town,Near Bus stop,Human Error,No,Grievous Injury,Vehicle to Vehicle,Signal lights Manual,Straight and flat,Arterial,Bitumen(Tar),Dry,Not Applicable,Clear,SILK BOARD JUNCTION,NEAR CENTRLE SILK BOARD,1KM,0.0,0.0,0,0,0.0,0.0
Bengaluru City,Madivala Traffic PS,1.04432e+16,2023,1,2,Road Accidents,Narrow road,City/Town,Residential area,Human Error,No,Damage Only,Vehicle to Vehicle,Not at  Junction,Straight and flat,Arterial,Bitumen(Tar),Dry,Not Applicable,Clear,OUTER RING ROAD HSR,NEAR KRISHNA BHAVAN,1.5 KM,12.914238,77.641352,0,0,0.0,0.0
Bengaluru City,Madivala Traffic PS,1.04432e+16,2023,1,4,Road Accidents,Narrow road,City/Town,Near Bus stop,Human Error,No,Simple Injury,Vehicle to Vehicle,Signal lights Manual,Others,Arterial,Bitumen(Tar),Dry,Not Applicable,Clear,HOSURU MAIN ROAD S.P ROAD JUNCTION,NEAR ST JOHNS BUS STOP,1KM,12.929747,77.615173,0,0,0.0,0.0
Bengaluru City,Madivala Traffic PS,1.04432e+16,2023,1,1,Road Accidents,Narrow road,City/Town,Near a religious place,Human Error,Yes,Fatal,Hit pedestrian,Not at  Junction,Straight and flat,NH,Bitumen(Tar),Dry,Not Applicable,Fine,HOSURU MAIN ROAD NEAR MADIWALA CHECK POST,NEAR MADIWALA CHECK POST,2KM,0.0,0.0,0,0,0.0,0.0
Bengaluru City,Madivala Traffic PS,1.04432e+16,2023,1,2,Road Accidents,Junction,City/Town,Near Bus stop,Human Error,No,Grievous Injury,Vehicle to Vehicle,Signal lights Manual,Straight and flat,Arterial,Bitumen(Tar),Dry,Not Applicable,Clear,SILK BOARD JUNCTION,NEAR SILK BOARD JUNCTION,1KM,12.917439,77.622946,0,0,0.0,0.0
Bengaluru City,Madivala Traffic PS,1.04432e+16,2023,1,1,Road Accidents,Narrow road,City/Town,Near Bus stop,Human Error,No,Fatal,Not Applicable,Not at  Junction,Straight and flat,NH,Bitumen(Tar),Dry,Not Applicable,Clear,HOSURU MAIN ROAD,NEAR BOMMANAHALLI METRO STATION,2KM,12.910431,77.626122,0,0,0.0,0.0
Bengaluru City,Madivala Traffic PS,1.04432e+16,2023,1,2,Road Accidents,Narrow road,City/Town,Near Hospital,Human Error,No,Damage Only,Vehicle to Vehicle,Not Applicable,Straight and flat,Arterial,Bitumen(Tar),Dry,Not Applicable,Clear,"MADIWALA MAIN ROAD, ST JOHNS SIGNLE",NEAR ST JOHNS HOSPITAL,2.50KM,0.0,0.0,0,0,0.0,0.0
Bengaluru City,Madivala Traffic PS,1.04432e+16,2023,1,1,Road Accidents,Cross roads,City/Town,Near office complex,Human Error,Yes,Grievous Injury,Hit pedestrian,Not at  Junction,Straight and flat,Service Road,Bitumen(Tar),Dry,Not Applicable,Fine,100,100,100,0.0,0.0,0,0,0.0,0.0
Bengaluru City,Madivala Traffic PS,1.04432e+16,2023,1,1,Road Accidents,Narrow road,City/Town,Near a religious place,Human Error,Not Applicable,Fatal,Not Applicable,Not at  Junction,Straight and flat,Arterial,Bitumen(Tar),Dry,Not Applicable,Clear,HOSURU MAIN ROAD NEAR AYYAPPA UNDER PASS,NEAR AYYAPPA TEMPLE,1KM,12.924315,77.618087,0,0,0.0,0.0
Bengaluru City,Madivala Traffic PS,1.04432e+16,2023,1,2,Road Accidents,Narrow road,City/Town,Near Bus stop,Human Error,No,Grievous Injury,Vehicle to Vehicle,Not at  Junction,Straight and flat,Service Road,Bitumen(Tar),Dry,Not Applicable,Clear,OUTER RING ROAD SERIVICE ROAD,NEAR SILK BOARD JUNCTION,1.5 KM,12.917829,77.626906,0,0,0.0,0.0
Bengaluru City,Madivala Traffic PS,1.04432e+16,2023,1,2,Road Accidents,Junction,City/Town,Near Bus stop,Human Error,No,Simple Injury,Vehicle to Vehicle,Signal lights Automatic,Straight and flat,Arterial,Bitumen(Tar),Dry,Not Applicable,Clear,BTM LAYOUT,NEAR BTM BUS STOP,2KM,12.919744,77.613095,0,0,0.0,0.0
Bengaluru City,Madivala Traffic PS,1.04432e+16,2023,1,2,Road Accidents,Not Applicable,City/Town,Open area,Human Error,No,Grievous Injury,Hit pedestrian,Not at  Junction,Straight and flat,Others,Bitumen(Tar),Dry,Not Applicable,Fine,HOSUR MN RD,100,100,0.0,0.0,0,0,0.0,0.0
Bengaluru City,Madivala Traffic PS,1.04432e+16,2023,1,2,Road Accidents,Narrow road,City/Town,Near School or College,Human Error,Yes,Grievous Injury,Vehicle to Vehicle,Not at  Junction,Straight and flat,Arterial,Bitumen(Tar),Dry,Not Applicable,Clear,"NEAR IQRA SCHOOL, JAI JEEVAN NAGARA",NEAR IQRA SCHOOL,1KM,0.0,0.0,0,0,0.0,0.0
Bengaluru City,Madivala Traffic PS,1.04432e+16,2023,1,2,Road Accidents,Narrow road,City/Town,Near or inside a village,Human Error,No,Simple Injury,Vehicle to Vehicle,Not at  Junction,Straight and flat,Service Road,Bitumen(Tar),Dry,Not Applicable,Clear,HOSURU ROAD BOMMANAHLLI,NEAR BOMMANAHALLI BUS STOP,3KM,0.0,0.0,0,0,0.0,0.0
Bengaluru City,Madivala Traffic PS,1.04432e+16,2023,1,2,Road Accidents,Junction,City/Town,Near Bus stop,Human Error,No,Damage Only,Vehicle to Vehicle,Controlled,Curve,Others,Bitumen(Tar),Dry,Not Applicable,Fine,100,100,100,0.0,0.0,0,0,0.0,0.0
Bengaluru City,Madivala Traffic PS,1.04432e+16,2023,1,1,Rail Road Accidents,Narrow road,City/Town,Narrow bridge or culverts,Human Error,No,Simple Injury,Hit pedestrian,Not at  Junction,Straight and flat,NH,Bitumen(Tar),Dry,Not Applicable,Clear,HOSURU MAIN ROAD,NEAR SILK BOARD JUNCTION,1.5 KM,0.0,0.0,0,0,0.0,0.0
Bengaluru City,Madivala Traffic PS,1.04432e+16,2023,1,2,Road Accidents,Narrow road,City/Town,Near Bus stop,Human Error,No,Grievous Injury,Vehicle to Vehicle,Not at  Junction,Straight and flat,Arterial,Bitumen(Tar),Dry,Not Applicable,Clear,HOSURUMAIN ROAD,NEAR SILK BOARD BUS STOP,1KM,0.0,0.0,0,0,0.0,0.0
Bengaluru City,Madivala Traffic PS,1.04432e+16,2023,1,2,Road Accidents,Narrow road,City/Town,Narrow bridge or culverts,Human Error,No,Grievous Injury,Vehicle to Vehicle,Not at  Junction,Straight and flat,Arterial,Bitumen(Tar),Dry,Not Applicable,Clear,SILK BOARD FLY OVER,NEAR SILK BOARD JUNCTION,1KM,0.0,0.0,0,0,0.0,0.0
Bengaluru City,Madivala Traffic PS,1.04432e+16,2023,1,1,Road Accidents,Not Applicable,City/Town,Near Bus stop,Human Error,Yes,Grievous Injury,Not Applicable,Signal lights Blinking,Others,Others,Bitumen(Tar),Dry,Not Applicable,Fine,HOSURU MN RD,100,100,0.0,0.0,0,0,0.0,0.0
Bengaluru City,Madivala Traffic PS,1.04432e+16,2023,1,1,Road Accidents,Narrow road,City/Town,Near office complex,Human Error,No,Simple Injury,Hit bicyclist,Not at  Junction,Straight and flat,Sub Arterial,Bitumen(Tar),Dry,Not Applicable,Clear,KODICHIKKANAHALLI MAIN ROAD,NEAR BBMP OFFICE,3KM,0.0,0.0,0,0,0.0,0.0
Bengaluru City,Madivala Traffic PS,1.04432e+16,2023,1,1,Road Accidents,Cross roads,City/Town,Open area,Human Error,Yes,Grievous Injury,Hit pedestrian,Not Applicable,Straight and flat,Others,Bitumen(Tar),Dry,Not Applicable,Fine,OUTR RING RD,100,100,0.0,0.0,0,0,0.0,0.0
Bengaluru City,Madivala Traffic PS,1.04432e+16,2023,1,1,Road Accidents,Narrow road,City/Town,Near or inside a village,Human Error,No,Simple Injury,Hit pedestrian,Not at  Junction,Straight and flat,Arterial,Bitumen(Tar),Dry,Not Applicable,Clear,29TH MAIN ROAD,NEAR 29TH MANI SIGNLE,1KM,0.0,0.0,0,0,0.0,0.0
Bengaluru City,Madivala Traffic PS,1.04432e+16,2023,1,2,Rail Road Accidents,Narrow road,City/Town,Near Petrol Pump,Human Error,No,Grievous Injury,Vehicle to Vehicle,Not Applicable,Straight and flat,Arterial,Bitumen(Tar),Not Applicable,Not Applicable,Clear,29TH MAIN ROAD,NEAR BTM BUS STOP,1.5KM,0.0,0.0,0,0,0.0,0.0
Bengaluru City,Madivala Traffic PS,1.04432e+16,2023,1,1,Road Accidents,Circle,City/Town,Near Hospital,Human Error,No,Fatal,Vehicle to Vehicle,Controlled,Others,Others,Bitumen(Tar),Dry,Not Applicable,Fine,ST JOHN'S HOSPITAL,100,100,0.0,0.0,0,0,0.0,0.0
Bengaluru City,Madivala Traffic PS,1.04432e+16,2023,1,2,Rail Road Accidents,Narrow road,City/Town,Near a religious place,Human Error,No,Fatal,Hit pedestrian,Not at  Junction,Straight and flat,Arterial,Bitumen(Tar),Dry,Not Applicable,Clear,"HOSURU MAIN ROAD NEAR ANJNEYA TEMPLE, MADIWALA",NEAR HDFC BANK,500 MT,12.922571,77.619404,0,0,0.0,0.0
Bengaluru City,Madivala Traffic PS,1.04432e+16,2023,1,3,Road Accidents,Narrow road,City/Town,Narrow bridge or culverts,Human Error,No,Simple Injury,Vehicle to Vehicle,Not at  Junction,Straight and flat,NH,Bitumen(Tar),Dry,Not Applicable,Clear,HOSURU MAIN ROAD SILK BOARD FLY OVER,NEAR METRO STATION,1KM,0.0,0.0,0,0,0.0,0.0
Bengaluru City,Madivala Traffic PS,1.04432e+16,2023,1,2,Road Accidents,Road hump or Rumble strips,City/Town,Near office complex,Human Error,No,Damage Only,Vehicle to Vehicle,Signal lights Blinking,Straight and flat,Others,Bitumen(Tar),Dry,Not Applicable,Fine,100 FT RD,100,100,0.0,0.0,0,0,0.0,0.0
Bengaluru City,Madivala Traffic PS,1.04432e+16,2023,1,2,Road Accidents,Narrow road,City/Town,Near a religious place,Human Error,No,Grievous Injury,Vehicle to Vehicle,Not at  Junction,Straight and flat,Sub Arterial,Bitumen(Tar),Not Applicable,Not Applicable,Clear,BEGURU MAIN ROAD,NEAR CMC,2.5,0.0,0.0,0,0,0.0,0.0
Bengaluru City,Madivala Traffic PS,1.04432e+16,2023,1,2,Road Accidents,Narrow road,City/Town,Near or inside a village,Human Error,No,Simple Injury,Vehicle to Vehicle,Not Applicable,Straight and flat,Service Road,Bitumen(Tar),Dry,Not Applicable,Clear,BOMMANAHALLI SERVICE ROAD,NEAR RNS BUILDING,1KM,12.905313,77.627992,0,0,0.0,0.0
Bengaluru City,Madivala Traffic PS,1.04432e+16,2023,1,1,Road Accidents,Circle,Rural Areas,Near Bus stop,Human Error,No,Grievous Injury,Hit pedestrian,Controlled,Curve,Others,Bitumen(Tar),Dry,Not Applicable,Fine,10,100,200,12.931866,77.613464,0,0,0.0,0.0
Bengaluru City,Madivala Traffic PS,1.04432e+16,2023,1,1,Road Accidents,Narrow road,City/Town,Near a religious place,Human Error,No,Grievous Injury,Hit pedestrian,Not at  Junction,Straight and flat,Sub Arterial,Bitumen(Tar),Dry,Not Applicable,Clear,KODICHIKKANAHLLI MAIN ROAD,NEARC ANJNEYA TEMPLE,2.5 KM,0.0,0.0,0,0,0.0,0.0
Bengaluru City,Madivala Traffic PS,1.04432e+16,2023,1,1,Road Accidents,Circle,City/Town,Open area,Human Error,No,Grievous Injury,Hit pedestrian,Controlled,Others,Not Applicable,Bitumen(Tar),Dry,Not Applicable,Fine,BOMMANAHALLI,100,100,0.0,0.0,0,0,0.0,0.0
Bengaluru City,Madivala Traffic PS,1.04432e+16,2023,1,1,Road Accidents,Narrow road,City/Town,Open area,Human Error,Yes,Grievous Injury,Not Applicable,Not at  Junction,Straight and flat,NH,Bitumen(Tar),Dry,Not Applicable,Clear,HOSURU MAIN ROAD,NEAR G B PALYA BUS STOP,3KM,0.0,0.0,0,0,0.0,0.0
Bengaluru City,Madivala Traffic PS,1.04432e+16,2023,1,1,Road Accidents,Junction,City/Town,Near Hospital,Human Error,No,Damage Only,Vehicle to Vehicle,Controlled,Others,Others,Bitumen(Tar),Others,Not Applicable,Fine,ST JOHNS HOSPITAL,100,100,12.929542,77.615102,0,1,0.0,1.0
Bengaluru City,Madivala Traffic PS,1.04432e+16,2023,1,1,Road Accidents,Not Applicable,City/Town,Near a religious place,Human Error,No,Grievous Injury,Hit pedestrian,Not at  Junction,Others,Others,Bitumen(Tar),Dry,Not Applicable,Fine,HOSURU MNRD,100,100,0.0,0.0,0,0,0.0,0.0
Bengaluru City,Madivala Traffic PS,1.04432e+16,2023,1,2,Road Accidents,Narrow road,City/Town,Residential area,Human Error,Yes,Simple Injury,Vehicle to Vehicle,Not at  Junction,Straight and flat,Arterial,Bitumen(Tar),Dry,Not Applicable,Clear,BEGURU MAIN ROAD,NEAR SURYA BEKERY,3KM,0.0,0.0,0,0,0.0,0.0
Bengaluru City,Madivala Traffic PS,1.04432e+16,2023,1,3,Road Accidents,Narrow road,City/Town,Near Petrol Pump,Human Error,No,Simple Injury,Vehicle to Vehicle,Not at  Junction,Straight and flat,Arterial,Bitumen(Tar),Dry,Not Applicable,Clear,29TH MAIN ROAD,NEAR PETROL BUNK,1.5KM,12.917238,77.610536,0,0,0.0,0.0
Bengaluru City,Madivala Traffic PS,1.04432e+16,2023,1,2,Road Accidents,Narrow road,City/Town,Near Bus stop,Human Error,No,Simple Injury,Vehicle to Vehicle,Not at  Junction,Straight and flat,NH,Bitumen(Tar),Dry,Not Applicable,Clear,HOSURU MAIN ROAD NEAR ROOPENA AGRAHARA BUS STOP,NEAR BUS STOP,1.5 KM,12.912464,77.625397,0,0,0.0,0.0
Bengaluru City,Madivala Traffic PS,1.04432e+16,2023,1,2,Road Accidents,Cross roads,City/Town,Open area,Human Error,No,Simple Injury,Vehicle to Vehicle,Not Applicable,Others,Others,Bitumen(Tar),Dry,Not Applicable,Fine,HOSUR RD,100,100,0.0,0.0,0,0,0.0,0.0
Bengaluru City,Madivala Traffic PS,1.04432e+16,2023,1,1,Rail Road Accidents,Narrow road,City/Town,Residential area,Human Error,No,Grievous Injury,Hit pedestrian,Not at  Junction,Straight and flat,Arterial,Bitumen(Tar),Dry,Not Applicable,Clear,OUTER RING ROAD HSR,NEAR MADHULOKA BULDING,2KM,0.0,0.0,0,0,0.0,0.0
Bengaluru City,Madivala Traffic PS,1.04432e+16,2023,1,1,Road Accidents,Road hump or Rumble strips,City/Town,Near Bus stop,Human Error,Yes,Grievous Injury,Vehicle to Vehicle,Not at  Junction,Straight and flat,Expressway,Bitumen(Tar),Dry,Not Applicable,Fine,HOSURU MAIN ROAD NEAR RUPENA AGRAHARA BUS STOP,NEAR BUS STOP,2KM,12.942165,77.62599,0,0,0.0,0.0
Bengaluru City,Madivala Traffic PS,1.04432e+16,2023,1,2,Road Accidents,Narrow road,City/Town,Near Bus stop,Human Error,No,Fatal,Vehicle to Vehicle,Not at  Junction,Straight and flat,NH,Bitumen(Tar),Dry,Not Applicable,Clear,HOSURU MAIN ROAD SILK BOARD FLY OVER,NEAR SILK BOARD JUNCTION,1KM,12.917485,77.622847,0,0,0.0,0.0
Bengaluru City,Madivala Traffic PS,1.04432e+16,2023,1,3,Road Accidents,Narrow road,City/Town,Residential area,Human Error,Not Applicable,Damage Only,Vehicle to Vehicle,Not at  Junction,Straight and flat,Residential Street,Bitumen(Tar),Dry,Not Applicable,Clear,"TEACHERS COLONY ROAD, KORAMANGAL",TEACHERS COLONY,2KM,0.0,0.0,0,0,0.0,0.0
Bengaluru City,Madivala Traffic PS,1.04432e+16,2023,1,1,Road Accidents,Cross roads,City/Town,Residential area,Human Error,No,Grievous Injury,Hit bicyclist,Not Applicable,Straight and flat,Others,Bitumen(Tar),Flooded,Not Applicable,Fine,100,100,100,0.0,0.0,0,5,0.0,5.0
Bengaluru City,Madivala Traffic PS,1.04432e+16,2023,1,2,Rail Road Accidents,Narrow road,City/Town,Near School or College,Human Error,No,Damage Only,Vehicle to Vehicle,Not at  Junction,Straight and flat,NH,Bitumen(Tar),Dry,Not Applicable,Clear,"HOSURU MAIN ROAD, NEAR G B PALYA METRO STATION",NEAR OXFORD COLLEGE,2KM,0.0,0.0,0,0,0.0,0.0
Bengaluru City,Madivala Traffic PS,1.04432e+16,2023,1,1,Road Accidents,Narrow road,City/Town,Near or inside a village,Human Error,No,Grievous Injury,Hit pedestrian,Not at  Junction,Others,Sub Arterial,Bitumen(Tar),Dry,Not Applicable,Clear,"BEGURU MAIN ROAD, HONGASANDRA",NEAR SNP REDDY FLOUR MILL,3KM,0.0,0.0,0,0,0.0,0.0
Bengaluru City,Madivala Traffic PS,1.04432e+16,2023,1,2,Road Accidents,Cross roads,City/Town,Near Bus stop,Human Error,No,Fatal,Vehicle to Vehicle,Signal lights Blinking,Straight and flat,NH,Bitumen(Tar),Dry,Not Applicable,Fine,HOSUR MN RD,100,100,0.0,0.0,0,0,0.0,0.0
Bengaluru City,Madivala Traffic PS,1.04432e+16,2023,1,1,Road Accidents,Narrow road,City/Town,Near a recreation place/cinema,Human Error,No,Simple Injury,Hit pedestrian,Not at  Junction,Straight and flat,Service Road,Bitumen(Tar),Dry,Not Applicable,Clear,HOSURU MAIN ROAD,NEAR KRISHNA THETOR,2KM,0.0,0.0,0,0,0.0,0.0
Bengaluru City,Madivala Traffic PS,1.04432e+16,2023,1,2,Road Accidents,Junction,City/Town,Near Hospital,Human Error,Yes,Grievous Injury,Vehicle to Vehicle,Controlled,Others,Others,Bitumen(Tar),Dry,Not Applicable,Fine,100,100,100,0.0,0.0,0,0,0.0,0.0
Bengaluru City,Madivala Traffic PS,1.04432e+16,2023,1,1,Road Accidents,Narrow road,City/Town,Open area,Human Error,No,Fatal,Hit pedestrian,Not at  Junction,Straight and flat,Arterial,Bitumen(Tar),Dry,Not Applicable,Clear,HSR 5TH MAIN ROAD,NEAR MADHULOKA CAR GARAGE,2KM,12.918029,77.632054,0,0,0.0,0.0
Bengaluru City,Madivala Traffic PS,1.04432e+16,2023,1,1,Road Accidents,Junction,City/Town,Near Hospital,Human Error,No,Simple Injury,Hit pedestrian,Signal lights Manual,Straight and flat,NH,Bitumen(Tar),Dry,Not Applicable,Clear,"HOSURU MAIN ROAD, BOMMANAHALLI JUNCTION",NEAR PRASHANTH HOSPITAL,1.5 KM,0.0,0.0,0,0,0.0,0.0
Bengaluru City,Madivala Traffic PS,1.04432e+16,2023,1,1,Road Accidents,Narrow road,City/Town,Near a religious place,Human Error,No,Simple Injury,Hit pedestrian,Not at  Junction,Straight and flat,Arterial,Bitumen(Tar),Dry,Not Applicable,Clear,HOSURU MAIN ROAD MADIWALA,NEAR ANJANEYA TEMPLE,750MTR,0.0,0.0,0,0,0.0,0.0
Bengaluru City,Madivala Traffic PS,1.04432e+16,2023,1,2,Road Accidents,Junction,City/Town,Near Bus stop,Human Error,No,Simple Injury,Vehicle to Vehicle,Signals (Working),Straight and flat,Arterial,Bitumen(Tar),Dry,Not Applicable,Clear,"HOSURU MAIN ROAD, NEAR ST.JOHNSSIGNLE",NEAR ST JOHNS HOSPITAL BUS STOP,2.5 KM,12.929551,77.615017,0,0,0.0,0.0
Bengaluru City,Magadi Road Traffic PS,1.04432e+16,2016,1,1,Road Accidents,Cross roads,City/Town,Open area,Human Error,No,Grievous Injury,Skidding or Self accident,Uncontrolled,Others,City or Town Road,Bitumen(Tar),Dry,Not Applicable,Clear,Mysore Diviation Road Service Road,Opp Shobha Devalapers,2 K M,12.98000593,77.56430395,0,0,0.0,0.0
Bengaluru City,Magadi Road Traffic PS,1.04432e+16,2016,1,1,Road Accidents,Narrow road,City/Town,Near Bus stop,Human Error,No,Grievous Injury,Hit pedestrian,Uncontrolled,Straight and flat,City or Town Road,Bitumen(Tar),Dry,Not Applicable,Fine,Magadi Road,Near Gandhi medicals,1 KM,12.97589873,77.55263194,0,0,0.0,0.0
Bengaluru City,Magadi Road Traffic PS,1.04432e+16,2016,1,1,Road Accidents,Not Applicable,City/Town,Near Bus stop,Human Error,No,Simple Injury,Hit pedestrian,Not Applicable,Not Applicable,City or Town Road,Bitumen(Tar),Dry,No influence on accident,Fine,mysore road,Near Old Guddadahalli Busstop,3 km,12.96106514,77.55085301,0,0,0.0,0.0
Bengaluru City,Magadi Road Traffic PS,1.04432e+16,2016,1,2,Road Accidents,Other,City/Town,Near Petrol Pump,Human Error,Yes,Damage Only,Hit fixed object,Not at  Junction,Others,City or Town Road,Bitumen(Tar),Others,No influence on accident,Others,Mysour Road,Shell Petrol Bunk,0,12.96106514,77.55085301,0,1,0.0,1.0
Bengaluru City,Magadi Road Traffic PS,1.04432e+16,2016,1,1,Road Accidents,Narrow road,City/Town,Near office complex,Human Error,No,Fatal,Hit pedestrian,Signal lights Automatic,Straight and flat,City or Town Road,Bitumen(Tar),Others,No influence on accident,Others,Dr Rajkumar road,Kundan Electricals,28,77.55263194,12.97589873,0,1,0.0,1.0
Bengaluru City,Magadi Road Traffic PS,1.04432e+16,2016,1,1,Road Accidents,Other,City/Town,Near office complex,Human Error,Yes,Grievous Injury,Hit pedestrian,No signal lights,Straight and flat,City or Town Road,Bitumen(Tar),Others,No influence on accident,Others,MAGADI ROAD,MUKESH PATIONS,8,12.975888,77.55744,0,1,0.0,1.0
Bengaluru City,Magadi Road Traffic PS,1.04432e+16,2016,1,2,Road Accidents,Other,City/Town,Affected by encroachments,Human Error,No,Simple Injury,Not Applicable,Not Applicable,Not Applicable,City or Town Road,Bitumen(Tar),Dry,No influence on accident,Fine,2nd cross and 3rd main junction,industrial estate rajajinagar 6 block,800 mt,12.98100761,77.5491366,0,0,0.0,0.0
Bengaluru City,Magadi Road Traffic PS,1.04432e+16,2016,1,1,Road Accidents,Junction,City/Town,Affected by encroachments,Human Error,No,Grievous Injury,Hit pedestrian,Not Applicable,Not Applicable,City or Town Road,Bitumen(Tar),Dry,No influence on accident,Fine,12th main road and 69th cross junction,Near Sharada Book Centre,1 km,12.98148505,77.55392705,0,0,0.0,0.0
Bengaluru City,Magadi Road Traffic PS,1.04432e+16,2016,1,1,Road Accidents,Not Applicable,City/Town,Near a religious place,Human Error,No,Simple Injury,Hit pedestrian,Not Applicable,Not Applicable,City or Town Road,Bitumen(Tar),Dry,No influence on accident,Fine,J J R Nagara Main road,Opp Mariyamma Temple,3 km,12.96292125,77.55878602,0,0,0.0,0.0
Bengaluru City,Magadi Road Traffic PS,1.04432e+16,2016,1,1,Road Accidents,Cross roads,City/Town,Residential area,Human Error,Yes,Simple Injury,Hit pedestrian,Not at  Junction,Straight and flat,City or Town Road,Bitumen(Tar),Others,No influence on accident,Clear,11th Cross Road,No 16,0,0.0,0.0,0,1,0.0,1.0
Bengaluru City,Magadi Road Traffic PS,1.04432e+16,2016,1,2,Road Accidents,T Junction,City/Town,Near a religious place,Human Error,No,Damage Only,Side swipe,Uncontrolled,Others,City or Town Road,Bitumen(Tar),Dry,Not Applicable,Fine,Mysore Diviation Road,Venkateshwara Temple,2KM,12.98024715,77.56448256,0,0,0.0,0.0
Bengaluru City,Magadi Road Traffic PS,1.04432e+16,2016,1,1,Road Accidents,Not Applicable,City/Town,Affected by encroachments,Human Error,Yes,Fatal,Hit and Run,Not Applicable,Not Applicable,City or Town Road,Bitumen(Tar),Dry,No influence on accident,Fine,Mysore Deviation Road,Near Venkateshwara Temple,1.5 km,12.98024715,77.56448256,0,0,0.0,0.0
Bengaluru City,Magadi Road Traffic PS,1.04432e+16,2016,1,2,Road Accidents,Cross roads,City/Town,Residential area,Human Error,No,Damage Only,Others,Not at  Junction,Straight and flat,City or Town Road,Bitumen(Tar),Others,No influence on accident,Others,5th Cross road,house no 25,3,77.55682697,12.9810239,0,1,0.0,1.0
Bengaluru City,Magadi Road Traffic PS,1.04432e+16,2016,1,2,Road Accidents,T Junction,City/Town,Near a factory industrial area,Human Error,No,Damage Only,Hit parked vehicle,Controlled,Others,City or Town Road,Bitumen(Tar),Dry,Not Applicable,Clear,GLOBAL PRINTING RAJAJINAGARA INDUSTRIAL ESTATE,INDUSTRIAL ESTATE,1 K M,12.584714,77.330634,0,0,0.0,0.0
Bengaluru City,Magadi Road Traffic PS,1.04432e+16,2016,1,2,Road Accidents,Cross roads,City/Town,Open area,Human Error,Yes,Damage Only,Rear end,Uncontrolled,Others,City or Town Road,Bitumen(Tar),Dry,Not Applicable,Clear,Mysore Diviation Road Service Road,Opp Shobadevalopers,2.K.M,12.98117594,77.56424351,0,0,0.0,0.0
Bengaluru City,Magadi Road Traffic PS,1.04432e+16,2016,1,2,Road Accidents,Other,City/Town,Near a factory industrial area,Human Error,Yes,Grievous Injury,Overturning,Uncontrolled,Others,City or Town Road,Bitumen(Tar),Dry,Not Applicable,Fine,4th Main Road,Opp Kamadenu Arcade,600 M,12.98073938,77.54994599,0,0,0.0,0.0
Bengaluru City,Magadi Road Traffic PS,1.04432e+16,2016,1,2,Road Accidents,Junction,City/Town,In bazaar,Human Error,No,Grievous Injury,Head on,Signal lights Automatic,Others,City or Town Road,Bitumen(Tar),Dry,Not Applicable,Fine,Magadi Road,Prasanna theatre Junction,300 M,12.97589873,77.55263194,0,0,0.0,0.0
Bengaluru City,Magadi Road Traffic PS,1.04432e+16,2016,1,1,Road Accidents,Cross roads,City/Town,Residential area,Human Error,Yes,Grievous Injury,Hit pedestrian,Uncontrolled,Others,City or Town Road,Bitumen(Tar),Dry,Not Applicable,Fine,Gopal pura 2nd Cross,Opp Sha floores Products,1K M,12.9758569,77.5610411,0,0,0.0,0.0
Bengaluru City,Magadi Road Traffic PS,1.04432e+16,2016,1,2,Road Accidents,Not Applicable,City/Town,Affected by encroachments,Human Error,No,Grievous Injury,Head on,Not Applicable,Not Applicable,City or Town Road,Bitumen(Tar),Dry,No influence on accident,Fine,Magadi Road,Below Namma Metro Station,500 mt,12.97566,77.55548,0,0,0.0,0.0