DISTRICTNAME,UNITNAME,Crime_No,Year,RI,Noofvehicle_involved,Accident_Classification,Accident_Spot,Accident_Location,Accident_SubLocation,Main_Cause,Hit_Run,Severity,Collision_Type,Junction_Control,Road_Character,Road_Type,Surface_Type,Surface_Condition,Road_Condition,Weather,Accident_Road,Landmark_first,Distance_LandMark_First,Latitude,Longitude,Road_Condition_Score,Surface_Condition_Score,Surface_Type_Score,Road_Risk_Index
Bengaluru City,Magadi Road Traffic PS,1.04432e+16,2016,1,1,Road Accidents,Not Applicable,City/Town,Affected by encroachments,Human Error,Not Applicable,Fatal,Hit pedestrian,Not Applicable,Not Applicable,City or Town Road,Bitumen(Tar),Dry,No influence on accident,Fine,M G Railway Colony,Near Kendriya Vidyalaya,2 Km,0.0,0.0,0,0,0.0,0.0
Bengaluru City,Magadi Road Traffic PS,1.04432e+16,2016,1,1,Road Accidents,Not Applicable,City/Town,Affected by encroachments,Human Error,Yes,Fatal,Hit and Run,Not Applicable,Not Applicable,City or Town Road,Bitumen(Tar),Dry,No influence on accident,Fine,pipe line road,Railway Bridge Road,1 km,12.96633438,77.5445331,0,0,0.0,0.0
Bengaluru City,Magadi Road Traffic PS,1.04432e+16,2016,1,1,Road Accidents,Cross roads,City/Town,Near office complex,Human Error,Yes,Simple Injury,Hit pedestrian,Uncontrolled,Curve,City or Town Road,Bitumen(Tar),Dry,Not Applicable,Fine,Magadi Road 5th Cross,Near Post Office,1.KM,12.97570684,77.56057748,0,0,0.0,0.0
Bengaluru City,Magadi Road Traffic PS,1.04432e+16,2016,1,2,Road Accidents,T Junction,City/Town,Near office complex,Human Error,Yes,Fatal,Head on,Uncontrolled,Others,City or Town Road,Concrete,Dry,Not Applicable,Fine,Magadi Road,Near Railway Bridge,2.K.M,12.97265334,77.56623363,0,0,0.0,0.0
Bengaluru City,Magadi Road Traffic PS,1.04432e+16,2016,1,1,Road Accidents,Curves,City/Town,Residential area,Human Error,Yes,Grievous Injury,Hit pedestrian,Uncontrolled,Curve,City or Town Road,Bitumen(Tar),Dry,Not Applicable,Fine,11th Main Road K P Agrahara,Opp SBI Qtrs,3.K.M,12.97037508,77.5653444,0,0,0.0,0.0
Bengaluru City,Magadi Road Traffic PS,1.04432e+16,2016,1,2,Road Accidents,Not Applicable,City/Town,Near a recreation place/cinema,Human Error,Yes,Simple Injury,Hit and Run,Not Applicable,Not Applicable,City or Town Road,Bitumen(Tar),Dry,No influence on accident,Fine,Magadi Road,Opp Magadi Road Police Station,100 mt,0.0,0.0,0,0,0.0,0.0
Bengaluru City,Magadi Road Traffic PS,1.04432e+16,2016,1,2,Road Accidents,Bridge,City/Town,Near Hospital,Not Applicable,Yes,Simple Injury,Head on,Controlled,Others,City or Town Road,Bitumen(Tar),Dry,Not Applicable,Clear,VIJAYANAGARA PIPELANE UNDERPASS ROAD,NEAR RAILWAY BRIDGE,1.5 km,0.0,0.0,0,0,0.0,0.0
Bengaluru City,Magadi Road Traffic PS,1.04432e+16,2016,1,1,Road Accidents,Junction,City/Town,In bazaar,Human Error,No,Grievous Injury,Hit pedestrian,Signal lights Automatic,Others,City or Town Road,Bitumen(Tar),Dry,Not Applicable,Fine,Dr.Rajkumar Road At Basavamantapa Circle,Basavamantapa Circle,1.K.M,12.9799158,77.5537945,0,0,0.0,0.0
Bengaluru City,Magadi Road Traffic PS,1.04432e+16,2016,1,1,Road Accidents,Not Applicable,City/Town,Affected by encroachments,Human Error,Not Applicable,Damage Only,Hit fixed object,Not Applicable,Curve,City or Town Road,Bitumen(Tar),Dry,No influence on accident,Fine,1st B main road,new binny layout,3 km,12.580302,77.33367,0,0,0.0,0.0
Bengaluru City,Magadi Road Traffic PS,1.04432e+16,2016,1,2,Road Accidents,Circle,City/Town,Affected by encroachments,Human Error,Yes,Simple Injury,Hit and Run,Controlled,Not Applicable,City or Town Road,Bitumen(Tar),Dry,No influence on accident,Fine,Dr Rajkumar Road,Basavamantapa Cirlce,1 km,12.9799158,77.5537945,0,0,0.0,0.0
Bengaluru City,Magadi Road Traffic PS,1.04432e+16,2016,1,1,Not Applicable,Not Applicable,City/Town,Near Hospital,Human Error,Yes,Not Applicable,Not Applicable,Not at  Junction,Not Applicable,City or Town Road,Bitumen(Tar),Others,Not Applicable,Others,Magadi road,Hunasemara Juction,0,12.97567608,77.55617903,0,1,0.0,1.0
Bengaluru City,Magadi Road Traffic PS,1.04432e+16,2016,1,2,Road Accidents,Curves,City/Town,Open area,Human Error,Yes,Grievous Injury,Rear end,Uncontrolled,Curve,City or Town Road,Bitumen(Tar),Dry,Not Applicable,Clear,Mysore Diviation Road,Neat K B Junction,2.K.M.,12.98189903,77.56453176,0,0,0.0,0.0
Bengaluru City,Magadi Road Traffic PS,1.04432e+16,2016,1,1,Road Accidents,Cross roads,City/Town,Residential area,Human Error,No,Grievous Injury,Hit pedestrian,Uncontrolled,Straight and flat,City or Town Road,Bitumen(Tar),Dry,Not Applicable,Fine,73rd Cross Rajajinagara 6th Block,Near Ganesh Medicals,1.KM,12.9799158,77.5537945,0,0,0.0,0.0
Bengaluru City,Magadi Road Traffic PS,1.04432e+16,2016,1,1,Road Accidents,Narrow road,City/Town,Near Bus stop,Human Error,Yes,Grievous Injury,Hit pedestrian,No signal lights,Straight and flat,City or Town Road,Bitumen(Tar),Others,No influence on accident,Others,Magadi road,BMTC BUS STOP,0,12.97570684,77.56057748,0,1,0.0,1.0
Bengaluru City,Magadi Road Traffic PS,1.04432e+16,2016,1,1,Road Accidents,Y Junction,City/Town,Near a recreation place/cinema,Human Error,No,Grievous Injury,Hit pedestrian,Uncontrolled,Others,City or Town Road,Bitumen(Tar),Dry,Not Applicable,Clear,Magadi Road,Infront Of Prasanna Theatre,200 M,12.97427624,77.55145877,0,0,0.0,0.0
Bengaluru City,Magadi Road Traffic PS,1.04432e+16,2016,1,2,Road Accidents,T Junction,City/Town,Near a religious place,Human Error,Yes,Grievous Injury,Side swipe,Uncontrolled,Others,City or Town Road,Bitumen(Tar),Dry,Not Applicable,Fine,Magadi Road Near Sai Baba Temple,POlice Colony Junction,500 M,12.97432682,77.54924807,0,0,0.0,0.0
Bengaluru City,Magadi Road Traffic PS,1.04432e+16,2016,1,2,Road Accidents,T Junction,City/Town,Near a religious place,Human Error,No,Damage Only,Side impact or Right angle,Uncontrolled,Others,City or Town Road,Bitumen(Tar),Dry,Not Applicable,Fine,Mysore diviation Road,Near Venkateshwara temple,2.km,12.98024715,77.56448256,0,0,0.0,0.0
Bengaluru City,Magadi Road Traffic PS,1.04432e+16,2016,1,2,Road Accidents,Other,City/Town,Near a factory industrial area,Human Error,No,Damage Only,Head on,Uncontrolled,Straight and flat,City or Town Road,Bitumen(Tar),Dry,Not Applicable,Clear,72th Cross Rajajinagara 6th Block,Near Industrial Estate,1.KM,12.98073938,77.54994599,0,0,0.0,0.0
Bengaluru City,Magadi Road Traffic PS,1.04432e+16,2016,1,1,Road Accidents,Other,City/Town,Affected by encroachments,Human Error,Yes,Grievous Injury,Hit and Run,Not Applicable,Not Applicable,City or Town Road,Bitumen(Tar),Dry,No influence on accident,Fine,1st main Nagamma Nagar,Near Eshwar Temple,2 km,0.0,0.0,0,0,0.0,0.0
Bengaluru City,Magadi Road Traffic PS,1.04432e+16,2016,1,2,Road Accidents,Cross roads,City/Town,Residential area,Human Error,Yes,Grievous Injury,Side impact or Right angle,Uncontrolled,Others,City or Town Road,Bitumen(Tar),Dry,Not Applicable,Clear,65th Cross And 11th  Main Road Junction,5th Block,2.KM,12.98271993,77.55487313,0,0,0.0,0.0
Bengaluru City,Magadi Road Traffic PS,1.04432e+16,2016,1,2,Road Accidents,Curves,City/Town,Near a factory industrial area,Human Error,No,Damage Only,Rear end,Uncontrolled,Curve,City or Town Road,Bitumen(Tar),Dry,Not Applicable,Fine,Mysore Diviation Road,Opp Parijatha Roller flore Mill,2.KM,12.97836017,77.56469685,0,0,0.0,0.0
Bengaluru City,Magadi Road Traffic PS,1.04432e+16,2016,1,1,Road Accidents,Narrow road,City/Town,Near office complex,Human Error,Yes,Grievous Injury,Hit pedestrian,Not at  Junction,Straight and flat,City or Town Road,Bitumen(Tar),Others,No influence on accident,Others,Magadi Road,Mathura Mangilal bankars,45,12.9758569,77.5610411,0,1,0.0,1.0
Bengaluru City,Magadi Road Traffic PS,1.04432e+16,2016,1,1,Road Accidents,Other,City/Town,Near a religious place,Human Error,Yes,Grievous Injury,Hit bicyclist,Not at  Junction,Others,City or Town Road,Bitumen(Tar),Dry,Not Applicable,Clear,Mysore Diviation Road,Near Hunasemara Circle,1.K.M,12.98024715,77.56448256,0,0,0.0,0.0
Bengaluru City,Magadi Road Traffic PS,1.04432e+16,2016,1,1,Road Accidents,T Junction,City/Town,Residential area,Human Error,Yes,Simple Injury,Hit pedestrian,Uncontrolled,Others,City or Town Road,Bitumen(Tar),Dry,Not Applicable,Clear,2ND CROSS RAJAJINAGARA 6TH BLOCK,NEAR GOPALPURA CROSS,2.K.M,12.98062459,77.55870901,0,0,0.0,0.0
Bengaluru City,Magadi Road Traffic PS,1.04432e+16,2016,1,1,Road Accidents,Junction,City/Town,In bazaar,Human Error,No,Grievous Injury,Hit pedestrian,Signal lights Automatic,Others,City or Town Road,Bitumen(Tar),Dry,Not Applicable,Fine,Magadi Road Prasanna Theatre Junction,Opp Kundan Electronics,300 M,12.97589873,77.55263194,0,0,0.0,0.0
Bengaluru City,Magadi Road Traffic PS,1.04432e+16,2017,1,2,Road Accidents,More than four arms,City/Town,In bazaar,Human Error,Yes,Damage Only,Rear end,Uncontrolled,Straight and flat,City or Town Road,Bitumen(Tar),Dry,Not Applicable,Fine,Magadi Road,Near Post Office,1KM,0.0,0.0,0,0,0.0,0.0
Bengaluru City,Magadi Road Traffic PS,1.04432e+16,2017,1,1,Road Accidents,T Junction,City/Town,Near School or College,Human Error,No,Grievous Injury,Hit pedestrian,Uncontrolled,Straight and flat,City or Town Road,Bitumen(Tar),Dry,Not Applicable,Fine,M.G.Railway colony Main Road,Near Anugraha Community Hall,3.K.M,12.98071349,77.56712579,0,0,0.0,0.0
Bengaluru City,Magadi Road Traffic PS,1.04432e+16,2017,1,3,Road Accidents,Other,City/Town,Near a religious place,Human Error,Yes,Grievous Injury,Rear end,Uncontrolled,Straight and flat,City or Town Road,Bitumen(Tar),Dry,Not Applicable,Clear,Magadi Road,Namma metro station under,1,12.975596,77.55522,0,0,0.0,0.0
Bengaluru City,Magadi Road Traffic PS,1.04432e+16,2017,1,2,Road Accidents,Junction,City/Town,Near Petrol Pump,Human Error,No,Grievous Injury,Side impact or Right angle,Signal lights Automatic,Straight and flat,City or Town Road,Bitumen(Tar),Dry,Not Applicable,Fine,Magadi Road,Near Total Gaz Bunk,1,12.973855,77.549625,0,0,0.0,0.0
Bengaluru City,Magadi Road Traffic PS,1.04432e+16,2017,1,1,Road Accidents,Other,City/Town,Near Bus stop,Human Error,No,Fatal,Hit pedestrian,Uncontrolled,Others,City or Town Road,Bitumen(Tar),Dry,Not Applicable,Clear,J J R Nagara Main Road,Opp Nandhini Dairy,1,12.96292125,77.55878602,0,0,0.0,0.0
Bengaluru City,Magadi Road Traffic PS,1.04432e+16,2017,1,1,Road Accidents,Other,City/Town,In bazaar,Human Error,Yes,Fatal,Hit pedestrian,Uncontrolled,Straight and flat,City or Town Road,Bitumen(Tar),Dry,Not Applicable,Fine,Magadi Road,Near Corpuration Market Jataka stand,1,12.975795,77.560375,0,0,0.0,0.0
Bengaluru City,Magadi Road Traffic PS,1.04432e+16,2017,1,2,Road Accidents,T Junction,City/Town,Residential area,Human Error,Yes,Damage Only,Hit fixed object,Uncontrolled,Straight and flat,City or Town Road,Bitumen(Tar),Dry,Not Applicable,Fine,6th Cross Road And 1st A Main Road Junction,Near Banashankari Tmeple,3,12.983771,77.537868,0,0,0.0,0.0
Bengaluru City,Magadi Road Traffic PS,1.04432e+16,2017,1,2,Road Accidents,T Junction,City/Town,Near Hospital,Human Error,Yes,Grievous Injury,Overturning,Uncontrolled,Straight and flat,City or Town Road,Bitumen(Tar),Dry,Not Applicable,Clear,Kendriya Vidyalaya Stop Quarters Road,Near Railway Hospital,1,12.98071349,77.56712579,0,0,0.0,0.0
Bengaluru City,Magadi Road Traffic PS,1.04432e+16,2017,1,2,Road Accidents,Other,City/Town,Near a factory industrial area,Human Error,Yes,Simple Injury,Side impact or Right angle,Uncontrolled,Others,City or Town Road,Bitumen(Tar),Dry,Not Applicable,Clear,5th Main Road Industrial Town,Near Benaka electricals,1,12.585122,77.324119,0,0,0.0,0.0
Bengaluru City,Magadi Road Traffic PS,1.04432e+16,2017,1,1,Road Accidents,T Junction,City/Town,Near a religious place,Human Error,Yes,Simple Injury,Hit pedestrian,Uncontrolled,Straight and flat,City or Town Road,Bitumen(Tar),Dry,Not Applicable,Clear,J J R Nagara Main Road,Near Church,1,12.963964,77.557015,0,0,0.0,0.0
Bengaluru City,Magadi Road Traffic PS,1.04432e+16,2017,1,2,Road Accidents,Junction,City/Town,Near School or College,Human Error,Yes,Grievous Injury,Side swipe,Uncontrolled,Straight and flat,City or Town Road,Bitumen(Tar),Dry,Not Applicable,Clear,2nd Main Road,Near ABC Ground,1,12.97240143,77.54828978,0,0,0.0,0.0
Bengaluru City,Magadi Road Traffic PS,1.04432e+16,2017,1,2,Road Accidents,Junction,City/Town,Residential area,Human Error,No,Grievous Injury,Side impact or Right angle,Uncontrolled,Others,City or Town Road,Bitumen(Tar),Dry,Not Applicable,Fine,64th Cross and 17th E Main Road Junction,Near East West Acodemy School,2 KM,12.98073938,77.54994599,0,0,0.0,0.0
Bengaluru City,Magadi Road Traffic PS,1.04432e+16,2017,1,2,Road Accidents,Other,City/Town,In bazaar,Human Error,No,Grievous Injury,Side impact or Right angle,Uncontrolled,Straight and flat,City or Town Road,Bitumen(Tar),Dry,Not Applicable,Clear,Magadi Road,Near Namma Metro station,1,12.97550721,77.55391769,0,0,0.0,0.0
Bengaluru City,Magadi Road Traffic PS,1.04432e+16,2017,1,2,Road Accidents,Other,City/Town,In bazaar,Human Error,No,Grievous Injury,Side swipe,Uncontrolled,Straight and flat,City or Town Road,Bitumen(Tar),Dry,Not Applicable,Fine,Magadi Road,Near Anjan Theatre,1 KM,12.97547292,77.55707981,0,0,0.0,0.0
Bengaluru City,Magadi Road Traffic PS,1.04432e+16,2017,1,1,Road Accidents,Other,City/Town,Near Hospital,Human Error,Yes,Simple Injury,Hit pedestrian,Uncontrolled,Straight and flat,Two way,Bitumen(Tar),Dry,Not Applicable,Fine,Magadi Road,Near Abhinava Hospital,1,12.97550721,77.55391769,0,0,0.0,0.0
Bengaluru City,Magadi Road Traffic PS,1.04432e+16,2017,1,4,Road Accidents,Other,City/Town,In bazaar,Human Error,No,Simple Injury,Rear end,Uncontrolled,Straight and flat,City or Town Road,Bitumen(Tar),Dry,Not Applicable,Clear,Magadi Road,Opp Jataka stand,1,12.975739,77.560452,0,0,0.0,0.0
Bengaluru City,Magadi Road Traffic PS,1.04432e+16,2017,1,2,Road Accidents,Other,City/Town,Near Hospital,Human Error,No,Grievous Injury,Rear end,Uncontrolled,Straight and flat,City or Town Road,Bitumen(Tar),Dry,Not Applicable,Clear,Magadi Road,Near Cholur Palya Junction,1,12.974251,77.549167,0,0,0.0,0.0
Bengaluru City,Magadi Road Traffic PS,1.04432e+16,2017,1,2,Road Accidents,Junction,City/Town,Residential area,Human Error,No,Grievous Injury,Side impact or Right angle,Uncontrolled,Steep Incline or Climb,City or Town Road,Bitumen(Tar),Dry,Not Applicable,Fine,18th Main Road and 64th Cross Junction,Near Madhu Hotel,2,12.983297,77.550874,0,0,0.0,0.0
Bengaluru City,Magadi Road Traffic PS,1.04432e+16,2017,1,1,Road Accidents,Other,City/Town,Near Bus stop,Human Error,No,Grievous Injury,Not Applicable,Uncontrolled,Others,City or Town Road,Bitumen(Tar),Dry,Not Applicable,Fine,Magadi Road,Cholur Palya BMTC Bus Stop,500 M,12.97390339,77.54955487,0,0,0.0,0.0
Bengaluru City,Magadi Road Traffic PS,1.04432e+16,2017,1,3,Road Accidents,Cross roads,City/Town,Near office complex,Human Error,No,Simple Injury,Hit parked vehicle,Uncontrolled,Others,City or Town Road,Bitumen(Tar),Dry,Not Applicable,Clear,4th Cross Old Guddadahalli,Near H M Trade Links,1,12.96106514,77.55085301,0,0,0.0,0.0
Bengaluru City,Magadi Road Traffic PS,1.04432e+16,2017,1,1,Road Accidents,Other,City/Town,In bazaar,Human Error,Yes,Grievous Injury,Hit pedestrian,Uncontrolled,Straight and flat,City or Town Road,Bitumen(Tar),Dry,Not Applicable,Clear,Dr.Rajkumar Road,Near 75th E Cross,1,12.97589873,77.55263194,0,0,0.0,0.0
Bengaluru City,Magadi Road Traffic PS,1.04432e+16,2017,1,2,Road Accidents,T Junction,City/Town,In bazaar,Human Error,No,Grievous Injury,Rear end,Uncontrolled,Straight and flat,City or Town Road,Bitumen(Tar),Dry,Not Applicable,Fine,Magadi Road,Near Bulla Industries estate,700 M,12.97547292,77.55707981,0,0,0.0,0.0
Bengaluru City,Magadi Road Traffic PS,1.04432e+16,2017,1,1,Road Accidents,Curves,City/Town,Residential area,Human Error,No,Fatal,Skidding or Self accident,Uncontrolled,Curve,City or Town Road,Bitumen(Tar),Dry,Not Applicable,Fine,Mysore diviation,Opp Prestige Group west woods,2.KM,12.97240143,77.54828978,0,0,0.0,0.0
Bengaluru City,Magadi Road Traffic PS,1.04432e+16,2017,1,2,Road Accidents,T Junction,City/Town,Residential area,Human Error,Yes,Damage Only,Rear end,Uncontrolled,Straight and flat,City or Town Road,Bitumen(Tar),Dry,Not Applicable,Fine,10th A Main Road,61th Cross Road Junction,2.KM,12.98271993,77.55487313,0,0,0.0,0.0
Bengaluru City,Magadi Road Traffic PS,1.04432e+16,2017,1,1,Road Accidents,T Junction,City/Town,Residential area,Human Error,Yes,Grievous Injury,Hit pedestrian,Uncontrolled,Straight and flat,City or Town Road,Concrete,Dry,Not Applicable,Fine,Magadi road 1st cross K P Agrahara cross Road Keshavanagara,Infront Of Dhanalaxmi Nilaya,1,12.97037508,77.5653444,0,0,0.0,0.0
Bengaluru City,Magadi Road Traffic PS,1.04432e+16,2017,1,1,Road Accidents,Other,City/Town,Near office complex,Human Error,Yes,Grievous Injury,Hit pedestrian,Uncontrolled,Straight and flat,City or Town Road,Bitumen(Tar),Dry,Not Applicable,Clear,4th Main Road Rajajinagara Industrial Estate,4th Main Road,1,12.97769,77.551237,0,0,0.0,0.0
Bengaluru City,Magadi Road Traffic PS,1.04432e+16,2017,1,2,Road Accidents,Other,City/Town,Near a religious place,Human Error,No,Simple Injury,Head on,Uncontrolled,Straight and flat,City or Town Road,Bitumen(Tar),Dry,Not Applicable,Clear,Raypuram Main road,Near Church,1,12.964443,77.556606,0,0,0.0,0.0
Bengaluru City,Magadi Road Traffic PS,1.04432e+16,2017,1,2,Road Accidents,Junction,City/Town,Near School or College,Human Error,No,Damage Only,Side impact or Right angle,Signal lights Automatic,Others,City or Town Road,Bitumen(Tar),Dry,Not Applicable,Clear,Magadi Road,Magadi Road Hunasemara Junction,1,12.975863,77.564365,0,0,0.0,0.0
Bengaluru City,Magadi Road Traffic PS,1.04432e+16,2017,1,1,Road Accidents,Other,City/Town,Near Hospital,Human Error,No,Grievous Injury,Others,Uncontrolled,Straight and flat,City or Town Road,Bitumen(Tar),Dry,Not Applicable,Clear,Magadi Road,Near Sai Baba Temple,1,12.974749,77.548762,0,0,0.0,0.0
Bengaluru City,Magadi Road Traffic PS,1.04432e+16,2017,1,1,Road Accidents,Other,City/Town,Near Petrol Pump,Human Error,Yes,Grievous Injury,Hit pedestrian,Uncontrolled,Others,City or Town Road,Bitumen(Tar),Dry,Not Applicable,Fine,Binni Mill Road Inside Petrol Bunk,Near Jain Temple,1,12.966622,77.563019,0,0,0.0,0.0
Bengaluru City,Magadi Road Traffic PS,1.04432e+16,2017,1,2,Road Accidents,Other,City/Town,Near School or College,Human Error,Yes,Grievous Injury,Side swipe,Uncontrolled,Straight and flat,City or Town Road,Bitumen(Tar),Dry,Not Applicable,Fine,10th A Main road,Opp Rajajinagara First Grade Commerce College,2,12.984371,77.555755,0,0,0.0,0.0
Bengaluru City,Magadi Road Traffic PS,1.04432e+16,2017,1,1,Road Accidents,More than four arms,City/Town,Near a factory industrial area,Human Error,No,Grievous Injury,Hit pedestrian,Uncontrolled,Others,City or Town Road,Bitumen(Tar),Dry,Not Applicable,Fine,4th Main Road N R Garden,Near Siddi Vinayaka Temple,1K M,12.97293361,77.54782437,0,0,0.0,0.0
Bengaluru City,Magadi Road Traffic PS,1.04432e+16,2017,1,2,Road Accidents,T Junction,City/Town,In bazaar,Human Error,No,Simple Injury,Head on,Uncontrolled,Slight Curve,City or Town Road,Bitumen(Tar),Dry,Not Applicable,Others,Hosahalli Main Road,Near Kodandaramaswamy Temple,1,12.96392199,77.55123723,0,0,0.0,0.0
Bengaluru City,Magadi Road Traffic PS,1.04432e+16,2017,1,2,Road Accidents,Other,City/Town,Near School or College,Human Error,Yes,Grievous Injury,Side swipe,Uncontrolled,Straight and flat,City or Town Road,Bitumen(Tar),Dry,Not Applicable,Fine,Magadi Road,Near Bapuji School And College,1,12.975622,77.562798,0,0,0.0,0.0
Bengaluru City,Magadi Road Traffic PS,1.04432e+16,2017,1,1,Road Accidents,T Junction,City/Town,In bazaar,Human Error,Yes,Grievous Injury,Hit pedestrian,Uncontrolled,Straight and flat,City or Town Road,Bitumen(Tar),Dry,Not Applicable,Fine,Hosahalli Main Road,Neat Kuvempu Circle,1,12.96566977,77.54817682,0,0,0.0,0.0
Bengaluru City,Magadi Road Traffic PS,1.04432e+16,2017,1,2,Road Accidents,T Junction,City/Town,Near a recreation place/cinema,Human Error,No,Grievous Injury,Others,Uncontrolled,Others,City or Town Road,Bitumen(Tar),Dry,Not Applicable,Clear,Magadi road,Near Karavali Hotel,1,12.974699,77.552044,0,0,0.0,0.0
Bengaluru City,Magadi Road Traffic PS,1.04432e+16,2017,1,1,Road Accidents,Other,City/Town,Near a factory industrial area,Human Error,No,Grievous Injury,Hit pedestrian,Uncontrolled,Straight and flat,City or Town Road,Bitumen(Tar),Dry,Not Applicable,Clear,West Of Card Road,Opp Padmavathi Kalyanamantapa,1,12.979094,77.549076,0,0,0.0,0.0
Bengaluru City,Magadi Road Traffic PS,1.04432e+16,2018,1,3,Road Accidents,Cross roads,City/Town,Near a factory industrial area,Human Error,No,Damage Only,Rear end,Uncontrolled,Straight and flat,City or Town Road,Bitumen(Tar),Dry,Not Applicable,Fine,3rd Cross And 4th Cross Road,Near MRPL Office,1,12.977386,77.549612,0,0,0.0,0.0
Bengaluru City,Magadi Road Traffic PS,1.04432e+16,2018,1,2,Road Accidents,Curves,City/Town,Near a religious place,Human Error,No,Grievous Injury,Head on,Uncontrolled,Curve,City or Town Road,Bitumen(Tar),Dry,Not Applicable,Fine,Magadi Road,opp Angalaprameswari Tempel,2KM,0.0,0.0,0,0,0.0,0.0
Bengaluru City,Magadi Road Traffic PS,1.04432e+16,2018,1,2,Road Accidents,Cross roads,City/Town,Near School or College,Human Error,Yes,Grievous Injury,Hit and Run,Uncontrolled,Dip or trough,City or Town Road,Bitumen(Tar),Dry,Not Applicable,Fine,74th Cross Rajajinagar,Near Chaitanya School,1K M,12.980311,77.553057,0,0,0.0,0.0
Bengaluru City,Magadi Road Traffic PS,1.04432e+16,2018,1,2,Road Accidents,Junction,City/Town,Near School or College,Human Error,No,Damage Only,Side swipe,Signal lights Blinking,Straight and flat,City or Town Road,Bitumen(Tar),Dry,Not Applicable,Fine,12th Main And 72nd Cross Junction,Near Rajkumar Samudaya Bhavan,1,12.98061,77.55387,0,0,0.0,0.0
Bengaluru City,Magadi Road Traffic PS,1.04432e+16,2018,1,1,Road Accidents,Y Junction,City/Town,Near office complex,Human Error,Yes,Grievous Injury,Hit pedestrian,Signal lights Automatic,Others,City or Town Road,Bitumen(Tar),Dry,Not Applicable,Fine,Dr.Rajkumar Road,Near More Mega Mall,1,12.98131,77.5603,0,0,0.0,0.0
Bengaluru City,Magadi Road Traffic PS,1.04432e+16,2018,1,1,Road Accidents,Curves,City/Town,Residential area,Human Error,Yes,Grievous Injury,Hit and Run,Uncontrolled,Curve,City or Town Road,Not Applicable,Dry,Not Applicable,Fine,M.G.Railway Colony,MGRailway Colony,2 K M,12.978173,77.565978,0,0,0.0,0.0
Bengaluru City,Magadi Road Traffic PS,1.04432e+16,2018,1,1,Road Accidents,Other,City/Town,Residential area,Vehicle Defect,No,Damage Only,Head on,Uncontrolled,Others,City or Town Road,Not Applicable,Dry,Not Applicable,Fine,6th Main Road,KHB Coloyne,4 K M,12.985649,77.537721,0,0,0.0,0.0
Bengaluru City,Magadi Road Traffic PS,1.04432e+16,2018,1,1,Road Accidents,T Junction,City/Town,Near a factory industrial area,Human Error,Yes,Grievous Injury,Hit pedestrian,Uncontrolled,Straight and flat,City or Town Road,Bitumen(Tar),Dry,Not Applicable,Fine,72th Cross,Near Fire Force Junction,1,12.980788,77.549856,0,0,0.0,0.0
Bengaluru City,Magadi Road Traffic PS,1.04432e+16,2018,1,1,Road Accidents,Other,City/Town,Near School or College,Human Error,Yes,Grievous Injury,Hit pedestrian,Uncontrolled,Straight and flat,City or Town Road,Bitumen(Tar),Dry,Not Applicable,Fine,Magadi Road,Near Bapuji School,1,12.975623,77.562843,0,0,0.0,0.0
Bengaluru City,Magadi Road Traffic PS,1.04432e+16,2018,1,1,Road Accidents,Other,City/Town,Near office complex,Human Error,Yes,Grievous Injury,Hit pedestrian,Signal lights Automatic,Gentle Incline or Climb,City or Town Road,Bitumen(Tar),Dry,Not Applicable,Fine,Vatal Nagaraj Road And Dr Rajkumar Road Junction,Near Rajkumar stachu,2,12.982841,77.560297,0,0,0.0,0.0
Bengaluru City,Magadi Road Traffic PS,1.04432e+16,2018,1,2,Road Accidents,Other,City/Town,Near Petrol Pump,Human Error,Yes,Damage Only,Head on,Uncontrolled,Slight Curve,City or Town Road,Bitumen(Tar),Dry,Not Applicable,Fine,Hosahalli Main Road,Near Total Gas Bunk,2,12.966512,77.547465,0,0,0.0,0.0
Bengaluru City,Magadi Road Traffic PS,1.04432e+16,2018,1,1,Road Accidents,Other,City/Town,Near Bus stop,Human Error,Yes,Grievous Injury,Hit pedestrian,Uncontrolled,Straight and flat,City or Town Road,Bitumen(Tar),Dry,Not Applicable,Fine,Magadi Road,Opp Anekar Motors,1,12.975758,77.557037,0,0,0.0,0.0