DISTRICTNAME,UNITNAME,Crime_No,Year,RI,Noofvehicle_involved,Accident_Classification,Accident_Spot,Accident_Location,Accident_SubLocation,Main_Cause,Hit_Run,Severity,Collision_Type,Junction_Control,Road_Character,Road_Type,Surface_Type,Surface_Condition,Road_Condition,Weather,Accident_Road,Landmark_first,Distance_LandMark_First,Latitude,Longitude,Road_Condition_Score,Surface_Condition_Score,Surface_Type_Score,Road_Risk_Index
Bengaluru City,Magadi Road Traffic PS,1.04432e+16,2018,1,2,Road Accidents,Other,City/Town,Near School or College,Human Error,Yes,Grievous Injury,Side swipe,Uncontrolled,Straight and flat,City or Town Road,Bitumen(Tar),Dry,Not Applicable,Fine,Magadi Road,Near Unity Motors,1,12.975721,77.555875,0,0,0.0,0.0
Bengaluru City,Magadi Road Traffic PS,1.04432e+16,2018,1,1,Road Accidents,More than four arms,City/Town,In bazaar,Human Error,No,Grievous Injury,Hit pedestrian,Uncontrolled,Straight and flat,City or Town Road,Bitumen(Tar),Dry,Not Applicable,Fine,8th Cross and 6th Cross Junction Magadi Road,Near Goods Auto stand,1,12.975864,77.558627,0,0,0.0,0.0
Bengaluru City,Magadi Road Traffic PS,1.04432e+16,2018,1,2,Road Accidents,Other,City/Town,Residential area,Human Error,No,Grievous Injury,Head on,Uncontrolled,Straight and flat,City or Town Road,Bitumen(Tar),Dry,Not Applicable,Fine,Rajajinagar 72th Cross,Near Chaitannaiy School,2KM,12.980728,77.551475,0,0,0.0,0.0
Bengaluru City,Magadi Road Traffic PS,1.04432e+16,2018,1,2,Road Accidents,Other,City/Town,Residential area,Human Error,No,Grievous Injury,Rear end,Uncontrolled,Straight and flat,City or Town Road,Bitumen(Tar),Dry,Not Applicable,Fine,8th Main Road,Near Basaveswaranagara Police station,2,12.983816,77.542981,0,0,0.0,0.0
Bengaluru City,Magadi Road Traffic PS,1.04432e+16,2018,1,1,Road Accidents,Other,City/Town,Near a factory industrial area,Human Error,No,Simple Injury,Hit pedestrian,Uncontrolled,Straight and flat,City or Town Road,Bitumen(Tar),Dry,Not Applicable,Fine,7th A Main road,Opp Bengaluru test House,1,12.979398,77.550827,0,0,0.0,0.0
Bengaluru City,Magadi Road Traffic PS,1.04432e+16,2018,1,2,Road Accidents,Bridge,City/Town,Near a factory industrial area,Human Error,No,Damage Only,Rear end,Uncontrolled,Others,City or Town Road,Bitumen(Tar),Dry,Not Applicable,Fine,West Of Chord Road,Near Asc College,1,12.97795,77.54903,0,0,0.0,0.0
Bengaluru City,Magadi Road Traffic PS,1.04432e+16,2018,1,2,Road Accidents,Other,City/Town,Residential area,Human Error,No,Simple Injury,Head on,Uncontrolled,Straight and flat,City or Town Road,Bitumen(Tar),Dry,Not Applicable,Fine,1st Cross Gangappa Garden,Near Krishna Tipen Centre,2,12.969353,77.552984,0,0,0.0,0.0
Bengaluru City,Magadi Road Traffic PS,1.04432e+16,2018,1,2,Road Accidents,Cross roads,City/Town,Near a factory industrial area,Human Error,No,Damage Only,Rear end,Uncontrolled,Others,City or Town Road,Bitumen(Tar),Dry,Not Applicable,Fine,2nd Cross,Near K R weigh Bridge,1,12.977306,77.548066,0,0,0.0,0.0
Bengaluru City,Magadi Road Traffic PS,1.04432e+16,2018,1,1,Road Accidents,Other,City/Town,Near Petrol Pump,Human Error,No,Grievous Injury,Hit pedestrian,Uncontrolled,Straight and flat,City or Town Road,Bitumen(Tar),Dry,Not Applicable,Fine,Magadi Road,Near Metro Station,1,12.975713,77.556288,0,0,0.0,0.0
Bengaluru City,Magadi Road Traffic PS,1.04432e+16,2018,1,1,Road Accidents,More than four arms,City/Town,In bazaar,Human Error,No,Grievous Injury,Hit pedestrian,Uncontrolled,Straight and flat,City or Town Road,Bitumen(Tar),Dry,Not Applicable,Fine,Magadi Road,Near Anjan Theatre,1,12.975757,77.559712,0,0,0.0,0.0
Bengaluru City,Magadi Road Traffic PS,1.04432e+16,2018,1,1,Road Accidents,Junction,City/Town,Residential area,Human Error,No,Grievous Injury,Hit pedestrian,Uncontrolled,Straight and flat,City or Town Road,Concrete,Dry,Not Applicable,Fine,17th Cross,Near S N N Wacth Centre,2,12.970411,77.556817,0,0,0.0,0.0
Bengaluru City,Magadi Road Traffic PS,1.04432e+16,2018,1,2,Road Accidents,Other,City/Town,In bazaar,Human Error,No,Grievous Injury,Head on,Uncontrolled,Incline,City or Town Road,Bitumen(Tar),Dry,Not Applicable,Fine,Dr.Rajakumar Road,Near R K Residency,1.5 KM,12.982055,77.560188,0,0,0.0,0.0
Bengaluru City,Magadi Road Traffic PS,1.04432e+16,2018,1,2,Road Accidents,Bridge,City/Town,Near School or College,Human Error,Yes,Grievous Injury,Head on,Uncontrolled,Straight and flat,City or Town Road,Bitumen(Tar),Dry,Not Applicable,Fine,1st B Main Road,Near Ayurvedic Hospital,1,12.965088,77.543986,0,0,0.0,0.0
Bengaluru City,Magadi Road Traffic PS,1.04432e+16,2018,1,1,Road Accidents,Cross roads,City/Town,Residential area,Human Error,Yes,Fatal,Hit pedestrian,Uncontrolled,Straight and flat,City or Town Road,Bitumen(Tar),Dry,Not Applicable,Fine,8th Cross,Neat Railway Gate,2,12.969169,77.559595,0,0,0.0,0.0
Bengaluru City,Magadi Road Traffic PS,1.04432e+16,2018,1,1,Road Accidents,Curves,City/Town,Near Bus stop,Not Applicable,Yes,Grievous Injury,Hit and Run,Uncontrolled,Curve and Incline,City or Town Road,Bitumen(Tar),Dry,Not Applicable,Fine,Magdi Road,Kundan Electronies BMTC Bus stop,200Met,12.975325,77.552638,0,0,0.0,0.0
Bengaluru City,Magadi Road Traffic PS,1.04432e+16,2018,1,1,Road Accidents,Other,City/Town,Near Bus stop,Human Error,Yes,Grievous Injury,Head on,Uncontrolled,Curve,City or Town Road,Bitumen(Tar),Dry,Not Applicable,Fine,Magadi Road BMTC Stop,Magadi Road Near BMTC Bas Stop,500M,12.974623,77.548889,0,0,0.0,0.0
Bengaluru City,Magadi Road Traffic PS,1.04432e+16,2018,1,2,Road Accidents,T Junction,City/Town,Near Hospital,Human Error,No,Grievous Injury,Head on,Signal lights Automatic,Others,City or Town Road,Bitumen(Tar),Dry,Not Applicable,Fine,Magadi Road,At hunasemara Junction,1,12.975813,77.564583,0,0,0.0,0.0
Bengaluru City,Magadi Road Traffic PS,1.04432e+16,2018,1,2,Road Accidents,Curves,City/Town,In bazaar,Human Error,Yes,Grievous Injury,Head on,Uncontrolled,Curve,City or Town Road,Bitumen(Tar),Dry,Not Applicable,Fine,Hosahalli Main Road,Near Naz Gents Parler,1,12.964326,77.551439,0,0,0.0,0.0
Bengaluru City,Magadi Road Traffic PS,1.04432e+16,2018,1,1,Road Accidents,Other,City/Town,In bazaar,Not Applicable,No,Grievous Injury,Hit pedestrian,Uncontrolled,Steep Incline or Climb,City or Town Road,Bitumen(Tar),Dry,Not Applicable,Fine,1st Main road,Near Mondavi Motors,2,12.98477,77.546591,0,0,0.0,0.0
Bengaluru City,Magadi Road Traffic PS,1.04432e+16,2018,1,3,Road Accidents,T Junction,City/Town,Near a factory industrial area,Human Error,Yes,Grievous Injury,Side impact or Right angle,Uncontrolled,Straight and flat,City or Town Road,Bitumen(Tar),Dry,Not Applicable,Fine,4th Main Road,Near Mondavi Motors,1 K  M,12.981473,77.547058,0,0,0.0,0.0
Bengaluru City,Magadi Road Traffic PS,1.04432e+16,2018,1,1,Road Accidents,Other,City/Town,In bazaar,Human Error,No,Grievous Injury,Hit pedestrian,Uncontrolled,Straight and flat,City or Town Road,Bitumen(Tar),Dry,Not Applicable,Fine,Magadi Road,Near Jataka stand,1,12.97575,77.561075,0,0,0.0,0.0
Bengaluru City,Magadi Road Traffic PS,1.04432e+16,2018,1,1,Road Accidents,Other,City/Town,Near a factory industrial area,Human Error,Yes,Grievous Injury,Hit pedestrian,Uncontrolled,Straight and flat,City or Town Road,Bitumen(Tar),Dry,Not Applicable,Fine,West Of Chord Road,Near SBI Bank,1,12.978122,77.548942,0,0,0.0,0.0
Bengaluru City,Magadi Road Traffic PS,1.04432e+16,2018,1,1,Road Accidents,Other,City/Town,Near Bus stop,Human Error,No,Grievous Injury,Others,Uncontrolled,Others,City or Town Road,Bitumen(Tar),Dry,Not Applicable,Fine,Watal Nagaraj Road At B M T C Bus stop,Near Sujatha Theatre,2 K M,12.982419,77.563037,0,0,0.0,0.0
Bengaluru City,Magadi Road Traffic PS,1.04432e+16,2019,1,1,Road Accidents,Curves,City/Town,Residential area,Human Error,Yes,Fatal,Hit and Run,Uncontrolled,Sharp Curve,City or Town Road,Bitumen(Tar),Dry,Not Applicable,Fine,Hosahlli Main Road J J R Nagar,Near K R Tempel,2KM,12.964055,77.551104,0,0,0.0,0.0
Bengaluru City,Magadi Road Traffic PS,1.04432e+16,2019,1,1,Road Accidents,Cross roads,City/Town,In bazaar,Human Error,Yes,Simple Injury,Hit pedestrian,Police / Manual,Others,Others,Bitumen(Tar),Dry,Not Applicable,Fine,J J R Nagara Main Road,Near J J R Nagara Entrance,3,12.962832,77.560172,0,0,0.0,0.0
Bengaluru City,Magadi Road Traffic PS,1.04432e+16,2019,1,1,Road Accidents,Other,City/Town,Near a religious place,Human Error,Yes,Grievous Injury,Hit pedestrian,Uncontrolled,Straight and flat,City or Town Road,Bitumen(Tar),Dry,Not Applicable,Clear,10th A main road  5th block Rajajinagara,Near Ganesh temaple,1.50km,12.984478,77.555787,0,0,0.0,0.0
Bengaluru City,Magadi Road Traffic PS,1.04432e+16,2019,1,1,Road Accidents,Circle,City/Town,Residential area,Human Error,No,Grievous Injury,Hit pedestrian,Uncontrolled,Others,Two way,Bitumen(Tar),Dry,Not Applicable,Fine,11th Cross Road,Near Hosahalli Main Road,2,12.964097,77.548953,0,0,0.0,0.0
Bengaluru City,Magadi Road Traffic PS,1.04432e+16,2019,1,2,Road Accidents,Junction,City/Town,Near a factory industrial area,Human Error,No,Grievous Injury,Vehicle to Vehicle,Uncontrolled,Not Applicable,Not Applicable,Bitumen(Tar),Dry,Not Applicable,Fine,Rajajingar2nd Main Road,Fire Force Back Said,1K M,0.0,0.0,0,0,0.0,0.0
Bengaluru City,Magadi Road Traffic PS,1.04432e+16,2019,1,1,Road Accidents,Curves,City/Town,Residential area,Human Error,Yes,Grievous Injury,Hit pedestrian,Uncontrolled,Curve,Two way,Bitumen(Tar),Dry,Not Applicable,Fine,GOPALAN RESIDECY ROAD,NEAR GOPALAN RESIDENCY,2KM,12.966581,77.548848,0,0,0.0,0.0
Bengaluru City,Magadi Road Traffic PS,1.04432e+16,2019,1,1,Road Accidents,Circle,City/Town,Residential area,Human Error,Yes,Grievous Injury,Hit pedestrian,Uncontrolled,Straight and flat,Two way,Concrete,Dry,Not Applicable,Fine,1st Main Road,Near Railway  Cross Gate,2,12.968467,77.559182,0,0,0.0,0.0
Bengaluru City,Magadi Road Traffic PS,1.04432e+16,2019,1,1,Road Accidents,More than four arms,City/Town,In bazaar,Human Error,Yes,Grievous Injury,Hit pedestrian,Uncontrolled,Straight and flat,City or Town Road,Bitumen(Tar),Dry,Not Applicable,Clear,10th c main Road,Near Gubbanna Estate,1,12.978121,77.554534,0,0,0.0,0.0
Bengaluru City,Magadi Road Traffic PS,1.04432e+16,2019,1,1,Road Accidents,Cross roads,City/Town,Near a religious place,Human Error,Yes,Fatal,Hit pedestrian,Not Applicable,Curve,Residential Street,Bitumen(Tar),Dry,Not Applicable,Clear,k.p.Agraha 9th Main,Nagamma Temple,3km,12.969787,77.562335,0,0,0.0,0.0
Bengaluru City,Magadi Road Traffic PS,1.04432e+16,2019,1,1,Road Accidents,Cross roads,City/Town,Near School or College,Human Error,Yes,Grievous Injury,Hit pedestrian,Uncontrolled,Not Applicable,Two way,Bitumen(Tar),Dry,Not Applicable,Fine,5th Cross Vinayakanagar,Near Ganapathi Tempel,2km,12.961537,77.3547439,0,0,0.0,0.0
Bengaluru City,Magadi Road Traffic PS,1.04432e+16,2019,1,1,Road Accidents,T Junction,City/Town,Near Petrol Pump,Human Error,No,Grievous Injury,Hit pedestrian,Uncontrolled,Straight and flat,City or Town Road,Bitumen(Tar),Dry,Not Applicable,Fine,Magadi Road,Opp Hanuman Tent House,500,12.975713,77.556288,0,0,0.0,0.0
Bengaluru City,Magadi Road Traffic PS,1.04432e+16,2019,1,4,Road Accidents,Curves,City/Town,Residential area,Human Error,No,Grievous Injury,Hit pedestrian,Uncontrolled,Curve,Two way,Bitumen(Tar),Dry,Not Applicable,Fine,Hosalli Main Raod,Abiman Theatre,2KM,12.964364,77.555118,0,0,0.0,0.0
Bengaluru City,Magadi Road Traffic PS,1.04432e+16,2019,1,1,Road Accidents,Not Applicable,City/Town,Residential area,Human Error,No,Grievous Injury,Hit pedestrian,Uncontrolled,Not Applicable,Two way,Bitumen(Tar),Dry,Not Applicable,Fine,9th main Road JJR Nagar,Near J J R Nagar Police Station,3KM,12.966428,77.555081,0,0,0.0,0.0
Bengaluru City,Magadi Road Traffic PS,1.04432e+16,2019,1,2,Road Accidents,T Junction,City/Town,Near a factory industrial area,Human Error,No,Grievous Injury,Side swipe,Uncontrolled,Straight and flat,City or Town Road,Bitumen(Tar),Dry,Not Applicable,Fine,3rd Main Road,Near Fire Force Qtrs,1,12.980117,77.54795,0,0,0.0,0.0
Bengaluru City,Magadi Road Traffic PS,1.04432e+16,2019,1,1,Road Accidents,Curves,City/Town,Near School or College,Human Error,No,Simple Injury,Not Applicable,Uncontrolled,Curve,Two way,Bitumen(Tar),Dry,Not Applicable,Light Rain,Magadi Road,Magadi Road Hunasemara Jaction,1km,12.975712,77.56284,0,0,0.0,0.0
Bengaluru City,Magadi Road Traffic PS,1.04432e+16,2019,1,1,Road Accidents,Cross roads,City/Town,Residential area,Human Error,No,Grievous Injury,Hit pedestrian,Uncontrolled,Others,Two way,Bitumen(Tar),Dry,Not Applicable,Fine,Agraharadasarahalli 9th Cross,Agraharadasarahalli 9th Cross,2km,12.98053,77.542742,0,0,0.0,0.0
Bengaluru City,Magadi Road Traffic PS,1.04432e+16,2019,1,1,Road Accidents,Curves,City/Town,Near Hospital,Human Error,Not Applicable,Fatal,Not Applicable,Uncontrolled,Curve,Two way,Bitumen(Tar),Dry,Not Applicable,Fine,Vijanagar Pipe Line Raod,Shamanna Garden,2KM,12.9659,77.5444,0,0,0.0,0.0
Bengaluru City,Magadi Road Traffic PS,1.04432e+16,2019,1,1,Road Accidents,Junction,City/Town,Near Petrol Pump,Human Error,No,Fatal,Hit pedestrian,Uncontrolled,Straight and flat,Others,Bitumen(Tar),Dry,Not Applicable,Fine,Magadi Road,Near New Udupi Grand Hotel,500 M,12.975864,77.558633,0,0,0.0,0.0
Bengaluru City,Magadi Road Traffic PS,1.04432e+16,2019,1,1,Road Accidents,Not Applicable,City/Town,Near a factory industrial area,Human Error,Yes,Fatal,Hit pedestrian,Uncontrolled,Straight and flat,Two way,Bitumen(Tar),Dry,Not Applicable,Fine,3rd Cross Gopalpura,Infront Of J N Power Products,1,12.978993,77.559783,0,0,0.0,0.0
Bengaluru City,Magadi Road Traffic PS,1.04432e+16,2019,1,2,Road Accidents,Cross roads,City/Town,Near Bus stop,Human Error,No,Simple Injury,Vehicle to Vehicle,Not at  Junction,Curve,Others,Bitumen(Tar),Dry,Not Applicable,Fine,West Of Cord Road,West Of Cord Road,500m,12.978027,77.548885,0,0,0.0,0.0
Bengaluru City,Magadi Road Traffic PS,1.04432e+16,2019,1,2,Road Accidents,Junction,City/Town,Near Bus stop,Human Error,No,Grievous Injury,Vehicle to Vehicle,Signal lights Automatic,Curve,Two way,Bitumen(Tar),Dry,Not Applicable,Fine,Myosur Divetion Road,K B Jection Near,2km,12.981944,77.565711,0,0,0.0,0.0
Bengaluru City,Magadi Road Traffic PS,1.04432e+16,2019,1,2,Road Accidents,Curves,City/Town,Near Hospital,Human Error,Yes,Grievous Injury,Vehicle to Vehicle,Uncontrolled,Curve,Two way,Bitumen(Tar),Dry,Not Applicable,Fine,Magadi Road,Near Angala Parmeswri Tempel,2km,12.973876,77.566432,0,0,0.0,0.0
Bengaluru City,Magadi Road Traffic PS,1.04432e+16,2019,1,1,Road Accidents,Junction,City/Town,Near School or College,Human Error,No,Grievous Injury,Hit pedestrian,Uncontrolled,Straight and flat,Two way,Bitumen(Tar),Dry,Not Applicable,Fine,1st Main Road,Near Shantharama Kalyana Mantapa,800,0.0,0.0,0,0,0.0,0.0
Bengaluru City,Magadi Road Traffic PS,1.04432e+16,2019,1,3,Road Accidents,Circle,City/Town,Residential area,Human Error,Yes,Grievous Injury,Vehicle to Vehicle,Uncontrolled,Dip or trough,Two way,Bitumen(Tar),Dry,Not Applicable,Fine,Dr.Rajakumar Road Near 6th Block Rajajinagr,Near 6th Block,1Kmn N,12.980346,77.553838,0,0,0.0,0.0
Bengaluru City,Magadi Road Traffic PS,1.04432e+16,2019,1,2,Road Accidents,Junction,City/Town,Near office complex,Human Error,No,Simple Injury,Vehicle to Vehicle,Controlled,Curve,Two way,Bitumen(Tar),Dry,Not Applicable,Fine,Magadi Raod,Hunasemara Junction,2KM,12.975725,77.564634,0,0,0.0,0.0
Bengaluru City,Magadi Road Traffic PS,1.04432e+16,2019,1,1,Road Accidents,Narrow road,City/Town,Residential area,Human Error,Yes,Grievous Injury,Hit pedestrian,Uncontrolled,Hump,Two way,Concrete,Dry,Not Applicable,Fine,Padarayanapura 7th Main,Padarayanapura 7th Main,3,12.964868,77.553239,0,0,0.0,0.0
Bengaluru City,Magadi Road Traffic PS,1.04432e+16,2019,1,2,Road Accidents,Curves,City/Town,Near Bus stop,Human Error,Yes,Damage Only,Vehicle to Vehicle,Uncontrolled,Curve,Two way,Bitumen(Tar),Dry,Not Applicable,Fine,Magadi Road M C Circal,Near B M T C Stop,500M,12.974697,77.548804,0,0,0.0,0.0
Bengaluru City,Magadi Road Traffic PS,1.04432e+16,2019,1,2,Road Accidents,Curves,City/Town,Near a factory industrial area,Human Error,Yes,Simple Injury,Vehicle to Vehicle,Uncontrolled,Straight and flat,Two way,Bitumen(Tar),Dry,Not Applicable,Fine,Mysore Deviation Road,Opp SHOBHA Apartments,1,12.98082,77.564428,0,0,0.0,0.0
Bengaluru City,Magadi Road Traffic PS,1.04432e+16,2019,1,2,Road Accidents,Cross roads,City/Town,Residential area,Human Error,No,Grievous Injury,Hit pedestrian,Uncontrolled,Curve,One way,Bitumen(Tar),Dry,Not Applicable,Fine,2nd Main Road,Obalesh Colony,2Km,12.964027,77.5536662,0,0,0.0,0.0
Bengaluru City,Magadi Road Traffic PS,1.04432e+16,2019,1,1,Road Accidents,Not Applicable,City/Town,Near Hospital,Human Error,Yes,Simple Injury,Hit pedestrian,Uncontrolled,Others,Two way,Bitumen(Tar),Dry,Not Applicable,Fine,WOC ROAD,NEAR VIRANJUNEYA SWAMY TEMPAL,1KM,12.982066,77.549061,0,0,0.0,0.0
Bengaluru City,Magadi Road Traffic PS,1.04432e+16,2019,1,2,Road Accidents,Other,City/Town,In bazaar,Human Error,No,Grievous Injury,Head on,Uncontrolled,Straight and flat,City or Town Road,Bitumen(Tar),Dry,Not Applicable,Fine,new Binne Pete Main Road,Near ETA Mall,2 K M,12.966813,77.561474,0,0,0.0,0.0
Bengaluru City,Magadi Road Traffic PS,1.04432e+16,2019,1,1,Road Accidents,Junction,City/Town,Near a recreation place/cinema,Human Error,No,Simple Injury,Hit pedestrian,Uncontrolled,Straight and flat,Two way,Bitumen(Tar),Dry,Not Applicable,Fine,Magadi Road,Near Anjan Theatre,1,12.975762,77.55973,0,0,0.0,0.0
Bengaluru City,Magadi Road Traffic PS,1.04432e+16,2019,1,1,Road Accidents,Cross roads,City/Town,Residential area,Human Error,No,Grievous Injury,Hit pedestrian,Uncontrolled,Not Applicable,Two way,Bitumen(Tar),Dry,Not Applicable,Fine,11th D Cross,JJR Nagar 11th D Cross,2Km,12.963344,77.548771,0,0,0.0,0.0
Bengaluru City,Magadi Road Traffic PS,1.04432e+16,2019,1,1,Road Accidents,T Junction,City/Town,Near Hospital,Human Error,No,Fatal,Hit pedestrian,Signal lights Automatic,Straight and flat,City or Town Road,Bitumen(Tar),Dry,Not Applicable,Fine,Magadi Road,At Cholur Palya Junction,200,12.973984,77.549673,0,0,0.0,0.0
Bengaluru City,Magadi Road Traffic PS,1.04432e+16,2019,1,3,Road Accidents,Junction,City/Town,Near Petrol Pump,Human Error,No,Grievous Injury,Vehicle to Vehicle,Uncontrolled,Straight and flat,Two way,Bitumen(Tar),Dry,Not Applicable,Clear,Hosahalli Main Road,Near Total Gas Bunk,2,12.966391,77.547598,0,0,0.0,0.0
Bengaluru City,Magadi Road Traffic PS,1.04432e+16,2019,1,2,Road Accidents,T Junction,City/Town,Near a religious place,Human Error,No,Grievous Injury,Head on,Uncontrolled,Straight and flat,City or Town Road,Bitumen(Tar),Dry,Not Applicable,Fine,Old Guddadahalli Main Road,Near B B Junction,2,12.959689,77.555795,0,0,0.0,0.0
Bengaluru City,Magadi Road Traffic PS,1.04432e+16,2019,1,4,Road Accidents,Cross roads,City/Town,Residential area,Human Error,No,Damage Only,Vehicle to Vehicle,Uncontrolled,Curve,Two way,Bitumen(Tar),Dry,Not Applicable,Fine,ETA Garden Apartment Road,Near ETA Gardent,1,0.0,0.0,0,0,0.0,0.0
Bengaluru City,Magadi Road Traffic PS,1.04432e+16,2019,1,2,Road Accidents,Curves,City/Town,Near Petrol Pump,Human Error,Yes,Grievous Injury,Not Applicable,Uncontrolled,Curve,Others,Bitumen(Tar),Dry,Not Applicable,Fine,Hosahalli Main Road,Total Gas Bank,1KM,12.966441,77.547499,0,0,0.0,0.0
Bengaluru City,Magadi Road Traffic PS,1.04432e+16,2019,1,1,Road Accidents,Curves,City/Town,At pedestrian Crossing,Human Error,No,Simple Injury,Hit pedestrian,Uncontrolled,Curve,Two way,Bitumen(Tar),Dry,Not Applicable,Fine,West Of Cord Road,West Of Cord Road,500m,12.978404,77.549161,0,0,0.0,0.0
Bengaluru City,Magadi Road Traffic PS,1.04432e+16,2019,1,2,Road Accidents,Junction,City/Town,Near a factory industrial area,Human Error,Yes,Grievous Injury,Vehicle to Vehicle,Uncontrolled,Dip or trough,Others,Bitumen(Tar),Dry,Not Applicable,Fine,12th Main Road Rajajinagar,12th Main Road Rajajinagar near Rajakumar Samudaya Bhavan,1KM,12.980602,77.553873,0,0,0.0,0.0
Bengaluru City,Magadi Road Traffic PS,1.04432e+16,2019,1,1,Road Accidents,Narrow road,City/Town,Near Petrol Pump,Human Error,No,Simple Injury,Hit pedestrian,Uncontrolled,Curve,Two way,Bitumen(Tar),Dry,Not Applicable,Fine,Magadi Road,Magadi Road,500m,12.975758,77.556924,0,0,0.0,0.0
Bengaluru City,Magadi Road Traffic PS,1.04432e+16,2019,1,2,Road Accidents,Cross roads,City/Town,Near a factory industrial area,Human Error,No,Simple Injury,Vehicle to Vehicle,Uncontrolled,Curve,Others,Bitumen(Tar),Dry,Not Applicable,Fine,WOC Service Road,Maya appliances pvt limited,500Mtr,12.976954,77.548725,0,0,0.0,0.0
Bengaluru City,Magadi Road Traffic PS,1.04432e+16,2019,1,2,Road Accidents,Curves,City/Town,Residential area,Human Error,Yes,Grievous Injury,Vehicle to Vehicle,Uncontrolled,Curve,Two way,Bitumen(Tar),Dry,Not Applicable,Fine,Magadi Raod,M G Railway Qut Near RPF bark,3Km,12.980147,77.567779,0,0,0.0,0.0
Bengaluru City,Magadi Road Traffic PS,1.04432e+16,2019,1,1,Road Accidents,Cross roads,City/Town,Residential area,Human Error,No,Simple Injury,Hit pedestrian,Uncontrolled,Not Applicable,Two way,Bitumen(Tar),Dry,Not Applicable,Fine,22th Croos Bhuvaneswrinagar,Near Kadapaswmimatha,1.5KM,12.970446,77.555149,0,0,0.0,0.0
Bengaluru City,Magadi Road Traffic PS,1.04432e+16,2019,1,1,Road Accidents,Narrow road,City/Town,Near Hospital,Human Error,Yes,Simple Injury,Hit pedestrian,Uncontrolled,Straight and flat,Others,Bitumen(Tar),Dry,Not Applicable,Fine,Magadi Road,Near Metro Station Magadi Road,400,12.975478,77.554104,0,0,0.0,0.0
Bengaluru City,Magadi Road Traffic PS,1.04432e+16,2019,1,2,Road Accidents,Cross roads,City/Town,In bazaar,Human Error,No,Grievous Injury,Head on,Uncontrolled,Straight and flat,City or Town Road,Bitumen(Tar),Dry,Not Applicable,Fine,Magadi Road Service Road,Opp G T World Mall,100 M,12.973639,77.551142,0,0,0.0,0.0
Bengaluru City,Magadi Road Traffic PS,1.04432e+16,2019,1,2,Road Accidents,Narrow road,City/Town,Near Bus stop,Human Error,Yes,Grievous Injury,Vehicle to Vehicle,Uncontrolled,Others,Two way,Bitumen(Tar),Dry,Not Applicable,Fine,Magadi Road,G T World Mall,200m,12.974414,77.551743,0,0,0.0,0.0
Bengaluru City,Magadi Road Traffic PS,1.04432e+16,2020,1,1,Road Accidents,Cross roads,City/Town,Near Bus stop,Human Error,No,Grievous Injury,Hit pedestrian,Uncontrolled,Others,Two way,Bitumen(Tar),Dry,Not Applicable,Fine,WEST OF CARD ROAD SERVICE ROAD,Near Indira Canteen,1 Km,12.9758,77.5494,0,0,0.0,0.0
Bengaluru City,Magadi Road Traffic PS,1.04432e+16,2020,1,2,Road Accidents,Cross roads,City/Town,Residential area,Human Error,No,Fatal,Vehicle to Vehicle,Uncontrolled,Not Applicable,Two way,Bitumen(Tar),Dry,Not Applicable,Fine,64th Cross Rajajinagar,Near 6th Block Rajajinagr,2 km,12.9832,77.5528,0,0,0.0,0.0
Bengaluru City,Magadi Road Traffic PS,1.04432e+16,2020,1,2,Road Accidents,Cross roads,City/Town,Residential area,Human Error,No,Grievous Injury,Vehicle to Vehicle,Uncontrolled,Not Applicable,Two way,Bitumen(Tar),Dry,Not Applicable,Fine,Rajajinagar 10th c main Road,Near Devi Condiments,2KM,12.9781,77.5545,0,0,0.0,0.0
Bengaluru City,Magadi Road Traffic PS,1.04432e+16,2020,1,1,Road Accidents,Curves,City/Town,Near Bus stop,Human Error,No,Grievous Injury,Hit pedestrian,Uncontrolled,Curve,Two way,Bitumen(Tar),Dry,Not Applicable,Fine,Magadi Raod,Near Angalaparameswri Tempel,2 km,12.9741,77.5662,0,0,0.0,0.0
Bengaluru City,Magadi Road Traffic PS,1.04432e+16,2020,1,1,Road Accidents,Curves,City/Town,Near Petrol Pump,Human Error,No,Grievous Injury,Hit pedestrian,Uncontrolled,Curve,Service Road,Bitumen(Tar),Dry,Not Applicable,Fine,WOC Service Road,Near Petrol Pump,500m,12.975685,77.5486,0,0,0.0,0.0
Bengaluru City,Magadi Road Traffic PS,1.04432e+16,2020,1,1,Road Accidents,Curves,City/Town,Near Bus stop,Human Error,No,Damage Only,Not Applicable,Uncontrolled,Curve,Two way,Bitumen(Tar),Dry,Not Applicable,Fine,Mysore Division Road,Near K B junction,2KM,0.0,0.0,0,0,0.0,0.0