DISTRICTNAME,UNITNAME,Crime_No,Year,RI,Noofvehicle_involved,Accident_Classification,Accident_Spot,Accident_Location,Accident_SubLocation,Main_Cause,Hit_Run,Severity,Collision_Type,Junction_Control,Road_Character,Road_Type,Surface_Type,Surface_Condition,Road_Condition,Weather,Accident_Road,Landmark_first,Distance_LandMark_First,Latitude,Longitude,Road_Condition_Score,Surface_Condition_Score,Surface_Type_Score,Road_Risk_Index
Bengaluru City,Mahadevapura Traffic PS,1.04432e+16,2023,1,2,Not Applicable,Not Applicable,City/Town,Residential area,Human Error,No,Grievous Injury,Vehicle to Vehicle,No signal lights,Others,Others,Not Applicable,Dry,Not Applicable,Clear,Mahadevapura Ring Road More  Market,A,26FEET,0.0,0.0,0,0,0.0,0.0
Bengaluru City,Mahadevapura Traffic PS,1.04432e+16,2023,1,2,Road Accidents,Not Applicable,City/Town,Near office complex,Human Error,No,Damage Only,Vehicle to Vehicle,No signal lights,Straight and flat,Others,Bitumen(Tar),Dry,No influence on accident,Clear,Hoodi Main Road,1,3km,0.0,0.0,0,0,0.0,0.0
Bengaluru City,Mahadevapura Traffic PS,1.04432e+16,2023,1,1,Road Accidents,Not Applicable,City/Town,Residential area,Human Error,No,Grievous Injury,Hit bicyclist,No signal lights,Others,Service Road,Not Applicable,Dry,Not Applicable,Clear,M D PURA RING ROAD SERVICE ROAD NEAR BAGAMANE,A,27FEET,0.0,0.0,0,0,0.0,0.0
Bengaluru City,Mahadevapura Traffic PS,1.04432e+16,2023,1,1,Road Accidents,Not Applicable,City/Town,Residential area,Human Error,Yes,Damage Only,Not Applicable,No signal lights,Others,Residential Street,Not Applicable,Dry,Not Applicable,Clear,Devasandra Industrial Estate 8TH cROSS CNC india Road,a,16feet,12.998568,77.699304,0,0,0.0,0.0
Bengaluru City,Mahadevapura Traffic PS,1.04432e+16,2023,1,2,Road Accidents,Not Applicable,City/Town,Residential area,Human Error,No,Grievous Injury,Vehicle to Vehicle,No signal lights,Others,Others,Not Applicable,Dry,Not Applicable,Clear,Seetharamaplaya Road Sup lab,A,30FEET,12.980923,77.71416,0,0,0.0,0.0
Bengaluru City,Mahadevapura Traffic PS,1.04432e+16,2023,1,1,Road Accidents,Junction,City/Town,At pedestrian Crossing,Human Error,No,Fatal,Hit pedestrian,No signal lights,Not Applicable,Others,Bitumen(Tar),Dry,No influence on accident,Clear,Outer RIng Road,1,2KM,0.0,0.0,0,0,0.0,0.0
Bengaluru City,Mahadevapura Traffic PS,1.04432e+16,2023,1,1,Road Accidents,Not Applicable,City/Town,Near Bus stop,Human Error,Yes,Grievous Injury,Not Applicable,No signal lights,Others,Not Applicable,Not Applicable,Not Applicable,Not Applicable,Clear,Mahadevapura Ring Road B Narayanapura bus stop,A,17FEET,0.0,0.0,0,0,0.0,0.0
Bengaluru City,Mahadevapura Traffic PS,1.04432e+16,2023,1,1,Road Accidents,Not Applicable,City/Town,Residential area,Human Error,No,Fatal,Not Applicable,No signal lights,Others,Others,Not Applicable,Dry,Not Applicable,Clear,M D Pura Ring Road  Near Maaruthi saw mill,A,25FEET,0.0,0.0,0,0,0.0,0.0
Bengaluru City,Mahadevapura Traffic PS,1.04432e+16,2023,1,1,Road Accidents,Not Applicable,City/Town,Residential area,Human Error,Yes,Grievous Injury,Vehicle to Vehicle,Not Applicable,Others,Others,Not Applicable,Dry,Not Applicable,Clear,Honda city Sho room Near Sarvice B Narayanapura,A1,24FEET,0.0,0.0,0,0,0.0,0.0
Bengaluru City,Mahadevapura Traffic PS,1.04432e+16,2023,1,1,Road Accidents,Junction,City/Town,Near Bus stop,Human Error,No,Grievous Injury,Hit pedestrian,No signal lights,Others,Others,Bitumen(Tar),Dry,No influence on accident,Clear,White Field MAin Road,2,5KM,0.0,0.0,0,0,0.0,0.0
Bengaluru City,Mahadevapura Traffic PS,1.04432e+16,2023,1,2,Road Accidents,Cross roads,City/Town,Residential area,Human Error,No,Damage Only,Vehicle to Vehicle,No signal lights,Not Applicable,Others,Not Applicable,Dry,Not Applicable,Clear,Ganagamma Tempale Road Ventej rose Apartment,A,23FEET,0.0,0.0,0,0,0.0,0.0
Bengaluru City,Mahadevapura Traffic PS,1.04432e+16,2023,1,2,Road Accidents,Cross roads,City/Town,Near School or College,Human Error,No,Grievous Injury,Vehicle to Vehicle,Not Applicable,Others,Minor District Road,Bitumen(Tar),Dry,No influence on accident,Clear,Mahadevapura,2,3km,0.0,0.0,0,0,0.0,0.0
Bengaluru City,Mahadevapura Traffic PS,1.04432e+16,2023,1,1,Not Applicable,Curves,City/Town,Near Bus stop,Human Error,No,Damage Only,Not Applicable,No signal lights,Others,Others,Bitumen(Tar),Dry,No influence on accident,Clear,White Field MAin Road,1,2KM,13.000217,77.678052,0,0,0.0,0.0
Bengaluru City,Mahadevapura Traffic PS,1.04432e+16,2023,1,1,Road Accidents,Curves,City/Town,Near Bus stop,Human Error,No,Grievous Injury,Not Applicable,No signal lights,Hump,One way,Bitumen(Tar),Dry,No influence on accident,Cloudy,White Field MAin Road,1,5KM,0.0,0.0,0,0,0.0,0.0
Bengaluru City,Mahadevapura Traffic PS,1.04432e+16,2023,1,1,Road Accidents,Cross roads,City/Town,Near Bus stop,Human Error,No,Grievous Injury,Hit pedestrian,No signal lights,Hump,Major District Road,Bitumen(Tar),Dry,No influence on accident,Clear,White Field MAin Road,1,1,0.0,0.0,0,0,0.0,0.0
Bengaluru City,Mahadevapura Traffic PS,1.04432e+16,2023,1,2,Road Accidents,Cross roads,City/Town,Near Bus stop,Human Error,Yes,Grievous Injury,Vehicle to Vehicle,No signal lights,Others,Others,Not Applicable,Dry,Not Applicable,Clear,Hoodi Main Road Sundram Motors Near Hoddi Metro Station,A,8FEET,0.0,0.0,0,0,0.0,0.0
Bengaluru City,Mahadevapura Traffic PS,1.04432e+16,2023,1,1,Road Accidents,Not Applicable,City/Town,Residential area,Human Error,No,Fatal,Not Applicable,No signal lights,Others,Others,Not Applicable,Dry,Not Applicable,Clear,ITPL Main road Rajpalya Bus Stop,A,22feet,0.0,0.0,0,0,0.0,0.0
Bengaluru City,Mahadevapura Traffic PS,1.04432e+16,2023,1,2,Road Accidents,Not Applicable,City/Town,Residential area,Human Error,Yes,Damage Only,Vehicle to Vehicle,Not Applicable,Others,Others,Not Applicable,Dry,Not Applicable,Clear,White field road Rail way station,A,65FEET,0.0,0.0,0,0,0.0,0.0
Bengaluru City,Mahadevapura Traffic PS,1.04432e+16,2023,1,1,Road Accidents,Not Applicable,City/Town,Residential area,Human Error,Yes,Grievous Injury,Not Applicable,No signal lights,Others,Others,Not Applicable,Dry,Not Applicable,Clear,Whhite Field Main Road Rajpalya Near Juri Hotel Eshwari Management Compny,A,24FEET,0.0,0.0,0,0,0.0,0.0
Bengaluru City,Mahadevapura Traffic PS,1.04432e+16,2023,1,1,Road Accidents,Cross roads,City/Town,Near Bus stop,Human Error,No,Grievous Injury,Hit bicyclist,No signal lights,Others,Others,Bitumen(Tar),Dry,No influence on accident,Clear,Hoodi Main Road,1,2KM,0.0,0.0,0,0,0.0,0.0
Bengaluru City,Mahadevapura Traffic PS,1.04432e+16,2023,1,2,Road Accidents,Junction,City/Town,Narrow bridge or culverts,Human Error,Yes,Grievous Injury,Vehicle to Vehicle,No signal lights,Others,One way,Concrete,Dry,No influence on accident,Clear,Outer RIng Road,2,1,0.0,0.0,0,0,0.0,0.0
Bengaluru City,Mahadevapura Traffic PS,1.04432e+16,2023,1,1,Road Accidents,Junction,City/Town,Near Bus stop,Human Error,No,Grievous Injury,Hit pedestrian,No signal lights,Steep Incline or Climb,One way,Bitumen(Tar),Dry,No influence on accident,Cloudy,White Field MAin Road,1,2,13.000185,77.676318,0,0,0.0,0.0
Bengaluru City,Mahadevapura Traffic PS,1.04432e+16,2023,1,1,Road Accidents,Junction,City/Town,Near Hospital,Human Error,No,Grievous Injury,Not Applicable,No signal lights,Others,Others,Not Applicable,Not Applicable,Not Applicable,Clear,Graphite India Main Road Kindar Hospital,A,13feet,12.991818,77.706086,0,0,0.0,0.0
Bengaluru City,Mahadevapura Traffic PS,1.04432e+16,2023,1,1,Road Accidents,Junction,City/Town,Residential area,Human Error,No,Grievous Injury,Not Applicable,No signal lights,Not Applicable,Others,Not Applicable,Dry,Not Applicable,Clear,TINFCTORY,A,42FEET,0.0,0.0,0,0,0.0,0.0
Bengaluru City,Mahadevapura Traffic PS,1.04432e+16,2023,1,1,Road Accidents,Not Applicable,City/Town,Near Bus stop,Human Error,No,Grievous Injury,Hit pedestrian,No signal lights,Others,Others,Bitumen(Tar),Dry,No influence on accident,Clear,Outer RIng Road,2,1,0.0,0.0,0,0,0.0,0.0
Bengaluru City,Mahadevapura Traffic PS,1.04432e+16,2023,1,2,Road Accidents,Not Applicable,City/Town,Residential area,Human Error,No,Grievous Injury,Vehicle to Vehicle,No signal lights,Others,Not Applicable,Not Applicable,Dry,Not Applicable,Clear,Graphite India Road Near BMW Show Room,A,5FEET,0.0,0.0,0,0,0.0,0.0
Bengaluru City,Mahadevapura Traffic PS,1.04432e+16,2023,1,1,Road Accidents,Bottleneck,City/Town,Narrow bridge or culverts,Human Error,No,Grievous Injury,Hit pedestrian,Police / Manual,Curve,Others,Bitumen(Tar),Dry,No influence on accident,Clear,Outer RIng Road,1,2,0.0,0.0,0,0,0.0,0.0
Bengaluru City,Mahadevapura Traffic PS,1.04432e+16,2023,1,2,Road Accidents,Not Applicable,City/Town,Residential area,Human Error,No,Grievous Injury,Vehicle to Vehicle,No signal lights,Others,Others,Not Applicable,Dry,Not Applicable,Clear,Graphite India Road Seetharam Palya Metro Station,A,24feer,0.0,0.0,0,0,0.0,0.0
Bengaluru City,Mahadevapura Traffic PS,1.04432e+16,2023,1,2,Rail Road Accidents,Junction,City/Town,Near Hospital,Human Error,No,Fatal,Vehicle to Vehicle,No signal lights,Curve,Others,Bitumen(Tar),Dry,No influence on accident,Clear,Graphite India Main Road,1,2KM,12.988045,77.707253,0,0,0.0,0.0
Bengaluru City,Mahadevapura Traffic PS,1.04432e+16,2023,1,1,Road Accidents,Not Applicable,City/Town,Residential area,Human Error,No,Grievous Injury,Not Applicable,Not Applicable,Others,Not Applicable,Not Applicable,Dry,Not Applicable,Clear,GRAPHITE INDIA ROAD SEETHRAMAPALYA NEAR PETROL BUNK,A,20FEET,0.0,0.0,0,0,0.0,0.0
Bengaluru City,Mahadevapura Traffic PS,1.04432e+16,2023,1,2,Road Accidents,Junction,City/Town,Near Hospital,Human Error,No,Grievous Injury,Vehicle to Vehicle,No signal lights,Straight and flat,Major District Road,Bitumen(Tar),Dry,No influence on accident,Cloudy,Road Number 7,1,3km,0.0,0.0,0,0,0.0,0.0
Bengaluru City,Mahadevapura Traffic PS,1.04432e+16,2023,1,2,Road Accidents,Cross roads,City/Town,Near School or College,Human Error,No,Grievous Injury,Vehicle to Vehicle,No signal lights,Others,Residential Street,Not Applicable,Dry,Not Applicable,Clear,White Field Main road K R Pura railway Station Lowry SChool,A,32FEET,0.0,0.0,0,0,0.0,0.0
Bengaluru City,Mahadevapura Traffic PS,1.04432e+16,2023,1,2,Road Accidents,Not Applicable,City/Town,Residential area,Human Error,Yes,Grievous Injury,Vehicle to Vehicle,No signal lights,Others,Others,Not Applicable,Dry,Not Applicable,Clear,Whhite Field Main Road  G Palya Metro Station,A1,20feet,12.992967,77.70549,0,0,0.0,0.0
Bengaluru City,Mahadevapura Traffic PS,1.04432e+16,2023,1,1,Road Accidents,Narrow road,City/Town,Near Bus stop,Human Error,No,Fatal,Hit pedestrian,No signal lights,Not Applicable,Major District Road,Bitumen(Tar),Dry,No influence on accident,Clear,white field main road near B narayanapura,123,4 km,13.000431,77.683395,0,0,0.0,0.0
Bengaluru City,Mahadevapura Traffic PS,1.04432e+16,2023,1,2,Road Accidents,Junction,City/Town,Near Bus stop,Human Error,No,Simple Injury,Vehicle to Vehicle,No signal lights,Others,Others,Bitumen(Tar),Dry,No influence on accident,Clear,White Field MAin Road,1,2,12.992155,77.713363,0,0,0.0,0.0
Bengaluru City,Mahadevapura Traffic PS,1.04432e+16,2023,1,1,Road Accidents,Not Applicable,City/Town,Near Bus stop,Human Error,No,Grievous Injury,Not Applicable,No signal lights,Others,Others,Not Applicable,Dry,Not Applicable,Clear,MAHADEVAPURA SERVICCE ROAD NEAR BUS STOP,A,6FEET,0.0,0.0,0,0,0.0,0.0
Bengaluru City,Mahadevapura Traffic PS,1.04432e+16,2023,1,1,Road Accidents,Cross roads,City/Town,Residential area,Human Error,No,Grievous Injury,Not Applicable,No signal lights,Others,Others,Not Applicable,Dry,Not Applicable,Clear,6th Cross RHB Colony Sri Venkateswara PG,A,9FEET,0.0,0.0,0,0,0.0,0.0
Bengaluru City,Mahadevapura Traffic PS,1.04432e+16,2023,1,2,Road Accidents,Junction,City/Town,Residential area,Human Error,No,Damage Only,Vehicle to Vehicle,No signal lights,Others,Others,Bitumen(Tar),Dry,No influence on accident,Clear,A.Narayanapura,1,3km,0.0,0.0,0,0,0.0,0.0
Bengaluru City,Mahadevapura Traffic PS,1.04432e+16,2023,1,2,Road Accidents,Junction,City/Town,Residential area,Human Error,No,Grievous Injury,Vehicle to Vehicle,No signal lights,Others,Others,Not Applicable,Dry,Not Applicable,Clear,M D Pura Ring Road Service Road Cake Palace,A,25feet,12.991285,77.68752,0,0,0.0,0.0
Bengaluru City,Mahadevapura Traffic PS,1.04432e+16,2023,1,2,Road Accidents,Junction,City/Town,Residential area,Human Error,No,Damage Only,Vehicle to Vehicle,No signal lights,Others,Others,Not Applicable,Dry,Not Applicable,Clear,Mahadevapura Ring Road Doddanekundi Bridg,A,10FEET,12.974335,77.69778,0,0,0.0,0.0
Bengaluru City,Mahadevapura Traffic PS,1.04432e+16,2023,1,1,Road Accidents,Junction,City/Town,Near Hospital,Human Error,No,Grievous Injury,Hit pedestrian,No signal lights,Others,Others,Bitumen(Tar),Dry,No influence on accident,Clear,Mahadevapura,2,2KM,12.987658,77.689799,0,0,0.0,0.0
Bengaluru City,Mahadevapura Traffic PS,1.04432e+16,2023,1,1,Road Accidents,Cross roads,City/Town,Residential area,Human Error,Yes,Grievous Injury,Not Applicable,No signal lights,Others,Others,Not Applicable,Dry,Not Applicable,Clear,WHITEFEILD ROAD NEAR KAVERI NAGAR JUNCTION,A,26FEET,0.0,0.0,0,0,0.0,0.0
Bengaluru City,Mahadevapura Traffic PS,1.04432e+16,2023,1,1,Road Accidents,Cross roads,City/Town,Residential area,Human Error,No,Grievous Injury,Not Applicable,Not Applicable,Others,One way,Not Applicable,Dry,Not Applicable,Clear,Mahadevapura Main Road Anjaneya Temple,A,65FEET,12.989266,77.687077,0,0,0.0,0.0
Bengaluru City,Mahadevapura Traffic PS,1.04432e+16,2023,1,1,Road Accidents,Not Applicable,City/Town,Residential area,Human Error,No,Grievous Injury,Not Applicable,No signal lights,Others,Residential Street,Not Applicable,Dry,Not Applicable,Clear,Whitefield Main Road K r pura Railwy Station,A,25FEET,13.0004,77.679288,0,0,0.0,0.0
Bengaluru City,Malleshwaram Traffic PS,1.04432e+16,2016,1,2,Road Accidents,Narrow road,City/Town,Near Bus stop,Human Error,No,Grievous Injury,Rear end,Uncontrolled,Straight and flat,City or Town Road,Bitumen(Tar),Dry,Not Applicable,Fine,Sampige Road Malleshwarm,1,1,0.0,0.0,0,0,0.0,0.0
Bengaluru City,Malleshwaram Traffic PS,1.04432e+16,2016,1,2,Road Accidents,Junction,City/Town,In bazaar,Human Error,No,Damage Only,Rear end,Uncontrolled,Straight and flat,City or Town Road,Bitumen(Tar),Dry,Not Applicable,Fine,Rajkumar Road,1,1,0.0,0.0,0,0,0.0,0.0
Bengaluru City,Malleshwaram Traffic PS,1.04432e+16,2016,1,2,Road Accidents,Junction,City/Town,Open area,Human Error,No,Simple Injury,Side swipe,Uncontrolled,Straight and flat,City or Town Road,Bitumen(Tar),Dry,Not Applicable,Fine,Sampige Road Malleshwarm,1,1,0.0,0.0,0,0,0.0,0.0
Bengaluru City,Malleshwaram Traffic PS,1.04432e+16,2016,1,2,Road Accidents,Narrow road,City/Town,Open area,Human Error,Yes,Simple Injury,Hit pedestrian,Uncontrolled,Straight and flat,City or Town Road,Bitumen(Tar),Dry,Not Applicable,Fine,West of chord Road,1,1,0.0,0.0,0,0,0.0,0.0
Bengaluru City,Malleshwaram Traffic PS,1.04432e+16,2016,1,1,Road Accidents,Junction,City/Town,Near Bus stop,Human Error,Yes,Fatal,Hit pedestrian,Controlled,Straight and flat,City or Town Road,Bitumen(Tar),Dry,Not Applicable,Fine,M K K Road,1,1,0.0,0.0,0,0,0.0,0.0
Bengaluru City,Malleshwaram Traffic PS,1.04432e+16,2016,1,1,Road Accidents,Other,City/Town,Residential area,Human Error,Yes,Grievous Injury,Hit and Run,Uncontrolled,Others,City or Town Road,Bitumen(Tar),Dry,Not Applicable,Clear,Okalipuram,Ragavendra Tradars,17 ft,0.0,0.0,0,0,0.0,0.0
Bengaluru City,Malleshwaram Traffic PS,1.04432e+16,2016,1,1,Road Accidents,Junction,City/Town,Near Petrol Pump,Human Error,No,Grievous Injury,Hit pedestrian,Signal lights Automatic,Not Applicable,City or Town Road,Bitumen(Tar),Dry,Not Applicable,Clear,10 th cross  Raj kumar road,Near petrol bunk,0.2,0.0,0.0,0,0,0.0,0.0
Bengaluru City,Malleshwaram Traffic PS,1.04432e+16,2016,1,2,Road Accidents,Junction,City/Town,Near Petrol Pump,Human Error,Yes,Simple Injury,Side swipe,Controlled,Straight and flat,City or Town Road,Bitumen(Tar),Dry,Not Applicable,Fine,Raj Kumar Road,1,1,0.0,0.0,0,0,0.0,0.0
Bengaluru City,Malleshwaram Traffic PS,1.04432e+16,2016,1,2,Road Accidents,Junction,City/Town,In bazaar,Human Error,No,Damage Only,Hit and Run,Controlled,Straight and flat,City or Town Road,Bitumen(Tar),Dry,Not Applicable,Fine,Rajkumar Road,1,1,0.0,0.0,0,0,0.0,0.0
Bengaluru City,Malleshwaram Traffic PS,1.04432e+16,2016,1,2,Road Accidents,Narrow road,City/Town,Near Bus stop,Human Error,No,Damage Only,Rear end,Uncontrolled,Straight and flat,One way,Bitumen(Tar),Dry,Not Applicable,Fine,SAMPIGE ROAD,1,1,0.0,0.0,0,0,0.0,0.0
Bengaluru City,Malleshwaram Traffic PS,1.04432e+16,2016,1,2,Road Accidents,Narrow road,City/Town,Near Bus stop,Human Error,Yes,Simple Injury,Rear end,Uncontrolled,Straight and flat,City or Town Road,Bitumen(Tar),Dry,Not Applicable,Fine,Vatal Nagara Road,NAS,1,0.0,0.0,0,0,0.0,0.0
Bengaluru City,Malleshwaram Traffic PS,1.04432e+16,2016,1,1,Road Accidents,Other,City/Town,Residential area,Human Error,No,Simple Injury,Hit pedestrian,Uncontrolled,Straight and flat,City or Town Road,Bitumen(Tar),Others,Not Applicable,Fine,3 rd Cross Srirampura,1,1,0.0,0.0,0,1,0.0,1.0
Bengaluru City,Malleshwaram Traffic PS,1.04432e+16,2016,1,1,Road Accidents,Junction,City/Town,Open area,Human Error,No,Grievous Injury,Hit pedestrian,Signal lights Automatic,Not Applicable,City or Town Road,Bitumen(Tar),Dry,Not Applicable,Clear,Vatal Nagaraj Road,RRR Kalyana Mantapa,20 Ft,0.0,0.0,0,0,0.0,0.0
Bengaluru City,Malleshwaram Traffic PS,1.04432e+16,2016,1,2,Road Accidents,Narrow road,City/Town,Open area,Human Error,No,Damage Only,Hit parked vehicle,Not at  Junction,Not Applicable,City or Town Road,Bitumen(Tar),Dry,Not Applicable,Clear,Malleshwaram 15 Th Cross. 11 Th main,Shanthi Nilaya,25 Ft,0.0,0.0,0,0,0.0,0.0
Bengaluru City,Malleshwaram Traffic PS,1.04432e+16,2016,1,1,Road Accidents,Junction,City/Town,Residential area,Human Error,Yes,Simple Injury,Hit and Run,No signal lights,Not Applicable,City or Town Road,Bitumen(Tar),Dry,Not Applicable,Clear,SRIRAMAPURA 7TH MAIN,bekari,26,0.0,0.0,0,0,0.0,0.0
Bengaluru City,Malleshwaram Traffic PS,1.04432e+16,2016,1,2,Road Accidents,Not Applicable,City/Town,Open area,Human Error,No,Grievous Injury,Others,Not at  Junction,Not Applicable,City or Town Road,Bitumen(Tar),Dry,Not Applicable,Clear,M.K.K Road,K C G Hospital,50 mts,0.0,0.0,0,0,0.0,0.0
Bengaluru City,Malleshwaram Traffic PS,1.04432e+16,2016,1,2,Road Accidents,Narrow road,City/Town,Open area,Human Error,No,Grievous Injury,Side swipe,Uncontrolled,Straight and flat,City or Town Road,Bitumen(Tar),Dry,Not Applicable,Fine,Rajkumar Road,1,1,0.0,0.0,0,0,0.0,0.0
Bengaluru City,Malleshwaram Traffic PS,1.04432e+16,2016,1,1,Road Accidents,Narrow road,City/Town,At pedestrian Crossing,Human Error,No,Grievous Injury,Hit pedestrian,Uncontrolled,Slight Curve,City or Town Road,Bitumen(Tar),Dry,Not Applicable,Fine,MMK ROAD,1,1,0.0,0.0,0,0,0.0,0.0
Bengaluru City,Malleshwaram Traffic PS,1.04432e+16,2016,1,2,Road Accidents,Narrow road,City/Town,Residential area,Human Error,Yes,Grievous Injury,Hit and Run,Uncontrolled,Straight and flat,City or Town Road,Bitumen(Tar),Dry,Not Applicable,Fine,8th Main,1,1,0.0,0.0,0,0,0.0,0.0
Bengaluru City,Malleshwaram Traffic PS,1.04432e+16,2016,1,2,Road Accidents,Junction,City/Town,Residential area,Human Error,No,Grievous Injury,Side swipe,Uncontrolled,Straight and flat,City or Town Road,Bitumen(Tar),Dry,Not Applicable,Fine,8 th main,1,1,0.0,0.0,0,0,0.0,0.0
Bengaluru City,Malleshwaram Traffic PS,1.04432e+16,2016,1,1,Road Accidents,Junction,City/Town,Residential area,Human Error,No,Simple Injury,Hit bicyclist,Signal lights Automatic,Not Applicable,City or Town Road,Bitumen(Tar),Dry,Not Applicable,Clear,4 Th Main 15 Th Cross,R V Metro Police,20 Ft,0.0,0.0,0,0,0.0,0.0
Bengaluru City,Malleshwaram Traffic PS,1.04432e+16,2016,1,2,Road Accidents,Narrow road,City/Town,Near office complex,Human Error,Yes,Damage Only,Side swipe,Uncontrolled,Straight and flat,City or Town Road,Bitumen(Tar),Dry,Not Applicable,Fine,NH,1,1,0.0,0.0,0,0,0.0,0.0
Bengaluru City,Malleshwaram Traffic PS,1.04432e+16,2016,1,1,Road Accidents,Narrow road,City/Town,Residential area,Human Error,Yes,Simple Injury,Hit pedestrian,Uncontrolled,Straight and flat,City or Town Road,Bitumen(Tar),Dry,Not Applicable,Fine,Srirampura,na,na,0.0,0.0,0,0,0.0,0.0
Bengaluru City,Malleshwaram Traffic PS,1.04432e+16,2016,1,2,Road Accidents,Junction,City/Town,Near Hospital,Human Error,Not Applicable,Grievous Injury,Others,Controlled,Others,City or Town Road,Bitumen(Tar),Dry,Not Applicable,Others,"8 th main Road, 9th Cross Juncation",Hareista Halth Clenick,15 Ft,0.0,0.0,0,0,0.0,0.0
Bengaluru City,Malleshwaram Traffic PS,1.04432e+16,2016,1,1,Road Accidents,Not Applicable,City/Town,Near a religious place,Human Error,No,Grievous Injury,Not Applicable,Uncontrolled,Not Applicable,City or Town Road,Bitumen(Tar),Dry,Not Applicable,Others,Dr Raj Kumar Raod Sachidananda ashrama 17th cross,Sachidananda ashrama,23 Ft,0.0,0.0,0,0,0.0,0.0
Bengaluru City,Malleshwaram Traffic PS,1.04432e+16,2016,1,1,Road Accidents,Narrow road,City/Town,Open area,Human Error,No,Grievous Injury,Hit pedestrian,Not at  Junction,Not Applicable,City or Town Road,Bitumen(Tar),Dry,Not Applicable,Clear,M.K.K Road,Devaiah Park Metro Station,50 mts,0.0,0.0,0,0,0.0,0.0
Bengaluru City,Malleshwaram Traffic PS,1.04432e+16,2016,1,2,Road Accidents,Junction,City/Town,Near a recreation place/cinema,Human Error,Yes,Grievous Injury,Side swipe,Controlled,Straight and flat,City or Town Road,Bitumen(Tar),Dry,Not Applicable,Fine,Rajkumar Road,1,1,0.0,0.0,0,0,0.0,0.0
Bengaluru City,Malleshwaram Traffic PS,1.04432e+16,2016,1,1,Road Accidents,Narrow road,City/Town,Near Bus stop,Human Error,No,Grievous Injury,Skidding or Self accident,Uncontrolled,Straight and flat,City or Town Road,Bitumen(Tar),Dry,Not Applicable,Fine,MKK Road,1,1,0.0,0.0,0,0,0.0,0.0
Bengaluru City,Malleshwaram Traffic PS,1.04432e+16,2016,1,2,Road Accidents,Culvert,City/Town,Narrow bridge or culverts,Human Error,No,Damage Only,Rear end,Uncontrolled,Straight and flat,City or Town Road,Bitumen(Tar),Others,Not Applicable,Fine,Sampige Road,1,1,0.0,0.0,0,1,0.0,1.0
Bengaluru City,Malleshwaram Traffic PS,1.04432e+16,2016,1,2,Road Accidents,Narrow road,City/Town,Near a recreation place/cinema,Human Error,Not Applicable,Simple Injury,Others,Not at  Junction,Others,City or Town Road,Bitumen(Tar),Dry,Not Applicable,Clear,opp mantri Aprts Road malleshwarm,Manthri Aprts,49,0.0,0.0,0,0,0.0,0.0
Bengaluru City,Malleshwaram Traffic PS,1.04432e+16,2016,1,1,Road Accidents,Narrow road,City/Town,Residential area,Human Error,No,Grievous Injury,Hit pedestrian,Not at  Junction,Others,City or Town Road,Bitumen(Tar),Dry,Not Applicable,Clear,Subramanaya nagara,Canara Banjk,25 Ft,0.0,0.0,0,0,0.0,0.0
Bengaluru City,Malleshwaram Traffic PS,1.04432e+16,2016,1,1,Road Accidents,Circle,City/Town,Near Petrol Pump,Human Error,Yes,Simple Injury,Hit pedestrian,Not at  Junction,Curve,City or Town Road,Bitumen(Tar),Dry,Not Applicable,Clear,Dr Raj Kumar Raod,Shell Petroll Bunk,25 Ft,0.0,0.0,0,0,0.0,0.0
Bengaluru City,Malleshwaram Traffic PS,1.04432e+16,2016,1,2,Road Accidents,T Junction,City/Town,Near office complex,Human Error,Yes,Grievous Injury,Head on,Uncontrolled,Straight and flat,City or Town Road,Bitumen(Tar),Dry,Not Applicable,Fine,1 st Block 19 th Main Rajajinagar,AN,NAS,0.0,0.0,0,0,0.0,0.0
Bengaluru City,Malleshwaram Traffic PS,1.04432e+16,2016,1,2,Road Accidents,Circle,City/Town,Near Petrol Pump,Human Error,Yes,Damage Only,Hit and Run,Uncontrolled,Slight Curve,City or Town Road,Bitumen(Tar),Not Applicable,Not Applicable,Fine,Dr. Rajkumar Road,1,1,0.0,0.0,0,0,0.0,0.0
Bengaluru City,Malleshwaram Traffic PS,1.04432e+16,2016,1,2,Road Accidents,Narrow road,City/Town,Near Hospital,Human Error,No,Grievous Injury,Side impact or Right angle,Uncontrolled,Straight and flat,City or Town Road,Bitumen(Tar),Dry,Not Applicable,Fine,19 th Main,1,1,0.0,0.0,0,0,0.0,0.0
Bengaluru City,Malleshwaram Traffic PS,1.04432e+16,2016,1,2,Road Accidents,Circle,City/Town,Near Bus stop,Human Error,Yes,Damage Only,Hit and Run,Uncontrolled,Slight Curve,City or Town Road,Bitumen(Tar),Dry,Not Applicable,Fine,Rajkumar Road,1,1,0.0,0.0,0,0,0.0,0.0