DISTRICTNAME,UNITNAME,Crime_No,Year,RI,Noofvehicle_involved,Accident_Classification,Accident_Spot,Accident_Location,Accident_SubLocation,Main_Cause,Hit_Run,Severity,Collision_Type,Junction_Control,Road_Character,Road_Type,Surface_Type,Surface_Condition,Road_Condition,Weather,Accident_Road,Landmark_first,Distance_LandMark_First,Latitude,Longitude,Road_Condition_Score,Surface_Condition_Score,Surface_Type_Score,Road_Risk_Index
Bengaluru City,Malleshwaram Traffic PS,1.04432e+16,2016,1,2,Road Accidents,Narrow road,City/Town,Residential area,Human Error,Not Applicable,Simple Injury,Others,Not at  Junction,Others,City or Town Road,Bitumen(Tar),Dry,Not Applicable,Clear,Sampige Road 4th Cross,New Brundavana Hotel,35 Ft,0.0,0.0,0,0,0.0,0.0
Bengaluru City,Malleshwaram Traffic PS,1.04432e+16,2016,1,2,Road Accidents,Circle,City/Town,Residential area,Human Error,Yes,Grievous Injury,Hit pedestrian,Uncontrolled,Straight and flat,City or Town Road,Bitumen(Tar),Dry,Not Applicable,Fine,RC Puram,1,1,0.0,0.0,0,0,0.0,0.0
Bengaluru City,Malleshwaram Traffic PS,1.04432e+16,2017,1,1,Road Accidents,Narrow road,City/Town,Open area,Human Error,Yes,Simple Injury,Hit and Run,Not at  Junction,Not Applicable,City or Town Road,Bitumen(Tar),Dry,Not Applicable,Clear,Dr Raj Kumar Road,S B M Bank,20 ft,0.0,0.0,0,0,0.0,0.0
Bengaluru City,Malleshwaram Traffic PS,1.04432e+16,2017,1,2,Road Accidents,Narrow road,City/Town,Open area,Human Error,No,Damage Only,Others,Controlled,Others,City or Town Road,Bitumen(Tar),Dry,Not Applicable,Others,RAJAJINAGARA 1 st Blk,Anadha Buliding,25 Ft,0.0,0.0,0,0,0.0,0.0
Bengaluru City,Malleshwaram Traffic PS,1.04432e+16,2017,1,2,Road Accidents,Junction,City/Town,Residential area,Human Error,No,Grievous Injury,Others,Uncontrolled,Straight and flat,City or Town Road,Bitumen(Tar),Dry,Not Applicable,Others,7 th Main road,1,N A,0.0,0.0,0,0,0.0,0.0
Bengaluru City,Malleshwaram Traffic PS,1.04432e+16,2017,1,2,Road Accidents,Other,City/Town,Open area,Human Error,No,Grievous Injury,Others,Uncontrolled,Straight and flat,City or Town Road,Bitumen(Tar),Dry,Not Applicable,Clear,Vatal Nagara Road Sujatha takies,sujatha takies,42ft,0.0,0.0,0,0,0.0,0.0
Bengaluru City,Malleshwaram Traffic PS,1.04432e+16,2017,1,2,Road Accidents,Narrow road,City/Town,Open area,Human Error,Yes,Damage Only,Hit and Run,Not at  Junction,Not Applicable,City or Town Road,Bitumen(Tar),Dry,Not Applicable,Others,"15th Cross, sampige road",Home care International company,35ft,0.0,0.0,0,0,0.0,0.0
Bengaluru City,Malleshwaram Traffic PS,1.04432e+16,2017,1,1,Road Accidents,Cross roads,City/Town,Residential area,Human Error,No,Grievous Injury,Others,Uncontrolled,Others,City or Town Road,Bitumen(Tar),Dry,Not Applicable,Clear,Gayathrinagara 5th Cross,Benaka Clinik,25ft,0.0,0.0,0,0,0.0,0.0
Bengaluru City,Malleshwaram Traffic PS,1.04432e+16,2017,1,2,Road Accidents,Junction,City/Town,Open area,Human Error,Yes,Simple Injury,Hit and Run,Signal lights Automatic,Others,City or Town Road,Bitumen(Tar),Dry,Not Applicable,Others,8th Main Road 16th Cross Juncation malleshwaram,Y King Bar,30ft,0.0,0.0,0,0,0.0,0.0
Bengaluru City,Malleshwaram Traffic PS,1.04432e+16,2017,1,2,Road Accidents,T Junction,City/Town,Near a religious place,Human Error,No,Simple Injury,Rear end,No signal lights,Not Applicable,City or Town Road,Bitumen(Tar),Dry,Not Applicable,Clear,West Off Cord Road,Ganesha Temple,40 Ft,0.0,0.0,0,0,0.0,0.0
Bengaluru City,Malleshwaram Traffic PS,1.04432e+16,2017,1,2,Road Accidents,Junction,City/Town,Open area,Human Error,No,Simple Injury,Others,Signal lights Automatic,Others,City or Town Road,Bitumen(Tar),Dry,Not Applicable,Clear,Malleshwaram 18 Th Cross,PUC Board,30 FT,0.0,0.0,0,0,0.0,0.0
Bengaluru City,Malleshwaram Traffic PS,1.04432e+16,2017,1,1,Road Accidents,Circle,City/Town,Open area,Human Error,No,Simple Injury,Hit pedestrian,Signal lights Automatic,Not Applicable,City or Town Road,Bitumen(Tar),Dry,Not Applicable,Clear,Sampige Road Mill Corner,Krishna Bhavan Hotel,50 mts,0.0,0.0,0,0,0.0,0.0
Bengaluru City,Malleshwaram Traffic PS,1.04432e+16,2017,1,1,Road Accidents,Narrow road,City/Town,Open area,Human Error,No,Simple Injury,Hit pedestrian,Not at  Junction,Not Applicable,City or Town Road,Bitumen(Tar),Dry,Not Applicable,Clear,Malleshwaram 4 Th Main Road,Lakshmi Enterprices,20 Ft,0.0,0.0,0,0,0.0,0.0
Bengaluru City,Malleshwaram Traffic PS,1.04432e+16,2017,1,1,Road Accidents,Narrow road,City/Town,Residential area,Human Error,Yes,Grievous Injury,Not Applicable,Signal lights Automatic,Not Applicable,City or Town Road,Bitumen(Tar),Dry,Not Applicable,Clear,Rajajinagara 1 St Block,Nandini milk Parler,20 Ft,0.0,0.0,0,0,0.0,0.0
Bengaluru City,Malleshwaram Traffic PS,1.04432e+16,2017,1,2,Road Accidents,Junction,City/Town,Open area,Human Error,No,Simple Injury,Others,Signal lights Automatic,Not Applicable,City or Town Road,Bitumen(Tar),Dry,Not Applicable,Clear,M K K Road 19 Th Main,Eye Care Hospital,20  Ft,0.0,0.0,0,0,0.0,0.0
Bengaluru City,Malleshwaram Traffic PS,1.04432e+16,2017,1,1,Road Accidents,Not Applicable,City/Town,Near Hospital,Human Error,No,Simple Injury,Hit pedestrian,Uncontrolled,Straight and flat,City or Town Road,Bitumen(Tar),Dry,Not Applicable,Clear,19th main,Ananya hospital,30,0.0,0.0,0,0,0.0,0.0
Bengaluru City,Malleshwaram Traffic PS,1.04432e+16,2017,1,2,Road Accidents,Narrow road,City/Town,Near Hospital,Human Error,No,Simple Injury,Others,Not at  Junction,Not Applicable,City or Town Road,Bitumen(Tar),Dry,Not Applicable,Clear,West Off Cord Road,Fortis Hospital,35 Ft,0.0,0.0,0,0,0.0,0.0
Bengaluru City,Malleshwaram Traffic PS,1.04432e+16,2017,1,2,Road Accidents,Cross roads,City/Town,Residential area,Human Error,Yes,Damage Only,Hit parked vehicle,Not at  Junction,Not Applicable,City or Town Road,Bitumen(Tar),Dry,Not Applicable,Clear,"5 Th Cross, Sriramapura",House No 3285,30 FT,0.0,0.0,0,0,0.0,0.0
Bengaluru City,Malleshwaram Traffic PS,1.04432e+16,2017,1,1,Road Accidents,Narrow road,City/Town,Open area,Human Error,Yes,Simple Injury,Hit pedestrian,No signal lights,Others,City or Town Road,Bitumen(Tar),Dry,Not Applicable,Clear,M K K Road Kuvempu Metro Stn,Hatti Coffee Hotel,45 Ft,0.0,0.0,0,0,0.0,0.0
Bengaluru City,Malleshwaram Traffic PS,1.04432e+16,2017,1,2,Road Accidents,Junction,City/Town,Open area,Human Error,No,Damage Only,Others,Signal lights Automatic,Not Applicable,City or Town Road,Bitumen(Tar),Dry,Not Applicable,Clear,Dr Rajkumar Road Navarang Junction,Sangeetha Mobile Shop,25 FT,0.0,0.0,0,0,0.0,0.0
Bengaluru City,Malleshwaram Traffic PS,1.04432e+16,2017,1,2,Not Applicable,Narrow road,City/Town,Open area,Human Error,Yes,Simple Injury,Hit and Run,Not at  Junction,Others,One way,Bitumen(Tar),Dry,Not Applicable,Others,"Near Raju Medical Stores 1st main, Okalipuram",House,30 Ft,0.0,0.0,0,0,0.0,0.0
Bengaluru City,Malleshwaram Traffic PS,1.04432e+16,2017,1,2,Road Accidents,Narrow road,City/Town,Near office complex,Human Error,No,Simple Injury,Not Applicable,No signal lights,Others,City or Town Road,Bitumen(Tar),Dry,Not Applicable,Clear,RAJAJINAGARA 1 st Blk,Vidyavardaka School,20 FT,0.0,0.0,0,0,0.0,0.0
Bengaluru City,Malleshwaram Traffic PS,1.04432e+16,2017,1,1,Road Accidents,Junction,City/Town,Open area,Human Error,Yes,Simple Injury,Hit pedestrian,No signal lights,Others,City or Town Road,Bitumen(Tar),Dry,Not Applicable,Clear,RAJAJINAGARA 1 st Blk,Ganapathi Temple,35 Ft,0.0,0.0,0,0,0.0,0.0
Bengaluru City,Malleshwaram Traffic PS,1.04432e+16,2017,1,1,Road Accidents,Narrow road,City/Town,Open area,Human Error,No,Damage Only,Hit fixed object,Not at  Junction,Others,City or Town Road,Bitumen(Tar),Dry,Not Applicable,Clear,West Off Cord Road,Mahalakshmi Metro Station,20 Ft,0.0,0.0,0,0,0.0,0.0
Bengaluru City,Malleshwaram Traffic PS,1.04432e+16,2017,1,1,Road Accidents,Narrow road,City/Town,Near Hospital,Human Error,Yes,Simple Injury,Hit and Run,Not at  Junction,Others,City or Town Road,Bitumen(Tar),Dry,Not Applicable,Clear,Dr Raj Kumar Raod,St Teresa hospital,30 Ft,0.0,0.0,0,0,0.0,0.0
Bengaluru City,Malleshwaram Traffic PS,1.04432e+16,2017,1,1,Road Accidents,Narrow road,City/Town,Open area,Human Error,No,Simple Injury,Hit pedestrian,No signal lights,Others,City or Town Road,Bitumen(Tar),Dry,Not Applicable,Clear,West Of Chard Road,Iskon Temple,30 FT,0.0,0.0,0,0,0.0,0.0
Bengaluru City,Malleshwaram Traffic PS,1.04432e+16,2017,1,2,Road Accidents,Circle,City/Town,Open area,Human Error,No,Simple Injury,Others,No signal lights,Others,City or Town Road,Bitumen(Tar),Dry,Not Applicable,Clear,Dr Raj Kumar Road,Sharatan Hotel,45 FT,0.0,0.0,0,0,0.0,0.0
Bengaluru City,Malleshwaram Traffic PS,1.04432e+16,2017,1,1,Road Accidents,Narrow road,City/Town,Open area,Human Error,No,Simple Injury,Hit pedestrian,Not at  Junction,Others,City or Town Road,Bitumen(Tar),Dry,Not Applicable,Clear,Subramanya Nagara Main Road Near East West College,Venkateshwara Zerox,45 FT,0.0,0.0,0,0,0.0,0.0
Bengaluru City,Malleshwaram Traffic PS,1.04432e+16,2017,1,2,Road Accidents,Narrow road,City/Town,Open area,Human Error,Yes,Simple Injury,Hit and Run,No signal lights,Not Applicable,City or Town Road,Bitumen(Tar),Dry,Not Applicable,Clear,Sampige Road Opp MLA College,Unioun Bank ATM,50 FT,0.0,0.0,0,0,0.0,0.0
Bengaluru City,Malleshwaram Traffic PS,1.04432e+16,2017,1,1,Road Accidents,Narrow road,City/Town,Open area,Human Error,No,Simple Injury,Hit pedestrian,No signal lights,Others,City or Town Road,Bitumen(Tar),Dry,Not Applicable,Clear,Gayathrinagara Main Road,Lakshmi Sweets And Snacks,45 FT,0.0,0.0,0,0,0.0,0.0
Bengaluru City,Malleshwaram Traffic PS,1.04432e+16,2017,1,2,Road Accidents,T Junction,City/Town,Open area,Human Error,No,Simple Injury,Others,No signal lights,Others,City or Town Road,Bitumen(Tar),Dry,Not Applicable,Clear,Malleshwaram 17 Th cross 7 Th main,Ragavendra Ashrama,50 Ft,0.0,0.0,0,0,0.0,0.0
Bengaluru City,Malleshwaram Traffic PS,1.04432e+16,2017,1,2,Road Accidents,Junction,City/Town,Near Hospital,Human Error,No,Simple Injury,Others,Police / Manual,Others,City or Town Road,Bitumen(Tar),Dry,Not Applicable,Fine,In Front of Malleshwaram PS,KCG Hospital,45ft,0.0,0.0,0,0,0.0,0.0
Bengaluru City,Malleshwaram Traffic PS,1.04432e+16,2017,1,1,Road Accidents,Junction,City/Town,Open area,Human Error,Yes,Simple Injury,Hit pedestrian,Signal lights Automatic,Not Applicable,City or Town Road,Bitumen(Tar),Dry,Not Applicable,Clear,Sampige Raod,Sampige takes,20 Ft,0.0,0.0,0,0,0.0,0.0
Bengaluru City,Malleshwaram Traffic PS,1.04432e+16,2017,1,2,Road Accidents,Narrow road,City/Town,Near School or College,Human Error,Yes,Simple Injury,Hit and Run,No signal lights,Not Applicable,City or Town Road,Bitumen(Tar),Dry,Not Applicable,Clear,Dr Raj Kumar Raod,Vivekananda College,25 Ft,0.0,0.0,0,0,0.0,0.0
Bengaluru City,Malleshwaram Traffic PS,1.04432e+16,2017,1,2,Road Accidents,Junction,City/Town,Open area,Human Error,Yes,Simple Injury,Hit and Run,No signal lights,Others,City or Town Road,Bitumen(Tar),Dry,Not Applicable,Clear,10 Th main 16 Th cross Junction,Ananya D P Center,25 Ft,0.0,0.0,0,0,0.0,0.0
Bengaluru City,Malleshwaram Traffic PS,1.04432e+16,2017,1,2,Road Accidents,Narrow road,City/Town,Open area,Human Error,No,Damage Only,Others,Not Applicable,Others,City or Town Road,Bitumen(Tar),Dry,Not Applicable,Clear,Malleshwaram Under Pass,Iravatha Bar,50 Ft,0.0,0.0,0,0,0.0,0.0
Bengaluru City,Malleshwaram Traffic PS,1.04432e+16,2017,1,2,Road Accidents,Junction,City/Town,Open area,Human Error,Yes,Damage Only,Hit and Run,Controlled,Not Applicable,City or Town Road,Bitumen(Tar),Dry,Not Applicable,Clear,Vatal Nagara Road P F Junction,Church,20 ft,0.0,0.0,0,0,0.0,0.0
Bengaluru City,Malleshwaram Traffic PS,1.04432e+16,2017,1,2,Road Accidents,Narrow road,City/Town,Open area,Human Error,No,Simple Injury,Hit pedestrian,Not at  Junction,Not Applicable,City or Town Road,Bitumen(Tar),Dry,Not Applicable,Clear,Malleshwaram 8 Th Cross Road,Railway Compound,20 Ft,0.0,0.0,0,0,0.0,0.0
Bengaluru City,Malleshwaram Traffic PS,1.04432e+16,2017,1,2,Road Accidents,Narrow road,City/Town,In bazaar,Human Error,No,Damage Only,Others,Not at  Junction,Others,City or Town Road,Bitumen(Tar),Dry,Not Applicable,Clear,Malleashwaram Big Bazar Opp,vijaya Travels,20 ft,0.0,0.0,0,0,0.0,0.0
Bengaluru City,Malleshwaram Traffic PS,1.04432e+16,2017,1,2,Road Accidents,Junction,City/Town,Residential area,Human Error,Yes,Simple Injury,Hit and Run,No signal lights,Others,City or Town Road,Bitumen(Tar),Dry,Not Applicable,Clear,"Malleshwaram 9 Th Cross, 6 Th Main",Krishna Yoga And Culturel Building,45 FT,0.0,0.0,0,0,0.0,0.0
Bengaluru City,Malleshwaram Traffic PS,1.04432e+16,2017,1,2,Road Accidents,Narrow road,City/Town,Open area,Human Error,No,Fatal,Side swipe,No signal lights,Others,City or Town Road,Bitumen(Tar),Dry,Not Applicable,Clear,Vatal Nagaraj Road Near Sujatha Talkies Bus Stop,Shobha Devolopers,65 FT,0.0,0.0,0,0,0.0,0.0
Bengaluru City,Malleshwaram Traffic PS,1.04432e+16,2017,1,1,Road Accidents,Narrow road,City/Town,Open area,Human Error,No,Simple Injury,Not Applicable,Not Applicable,Not Applicable,City or Town Road,Bitumen(Tar),Dry,Not Applicable,Clear,DEVAIAH PARK,Sarvodaya School,50 mts,0.0,0.0,0,0,0.0,0.0
Bengaluru City,Malleshwaram Traffic PS,1.04432e+16,2017,1,2,Road Accidents,Circle,City/Town,Open area,Human Error,No,Simple Injury,Others,Signal lights Automatic,Not Applicable,City or Town Road,Bitumen(Tar),Dry,Not Applicable,Clear,"Dr, Raj Kumar Road Navarang Circle",Navarang Talkies,0.2 Km,0.0,0.0,0,0,0.0,0.0
Bengaluru City,Malleshwaram Traffic PS,1.04432e+16,2017,1,2,Road Accidents,Narrow road,City/Town,Open area,Human Error,No,Simple Injury,Not Applicable,Not Applicable,Not Applicable,City or Town Road,Bitumen(Tar),Dry,Not Applicable,Clear,Rajajinagara Bheema Jewelers Near Metro Station,Metro Station,20 ft,0.0,0.0,0,0,0.0,0.0
Bengaluru City,Malleshwaram Traffic PS,1.04432e+16,2017,1,2,Road Accidents,Junction,City/Town,Open area,Human Error,No,Simple Injury,Side swipe,Signal lights Automatic,Others,City or Town Road,Bitumen(Tar),Dry,Not Applicable,Clear,West Of Chard Road Rajajinagara 1St Block Junction,Ganesha Medicles,20 FT,0.0,0.0,0,0,0.0,0.0
Bengaluru City,Malleshwaram Traffic PS,1.04432e+16,2017,1,2,Road Accidents,Narrow road,City/Town,Residential area,Human Error,No,Simple Injury,Side swipe,No signal lights,Not Applicable,City or Town Road,Bitumen(Tar),Dry,Not Applicable,Clear,gayathri nagar main road,maruthi hardware,10ft,0.0,0.0,0,0,0.0,0.0
Bengaluru City,Malleshwaram Traffic PS,1.04432e+16,2017,1,2,Road Accidents,Narrow road,City/Town,Near Hospital,Human Error,No,Fatal,Others,No signal lights,Not Applicable,City or Town Road,Bitumen(Tar),Dry,Not Applicable,Clear,dr rajakumar road 10th cross,st theresa hospital,40ft,0.0,0.0,0,0,0.0,0.0
Bengaluru City,Malleshwaram Traffic PS,1.04432e+16,2017,1,1,Road Accidents,Narrow road,City/Town,Open area,Human Error,No,Simple Injury,Hit pedestrian,No signal lights,Others,City or Town Road,Bitumen(Tar),Dry,Not Applicable,Clear,Gayathrinagara 5 Th Cross,Manjunatha cycle Works,35 Ft,0.0,0.0,0,0,0.0,0.0
Bengaluru City,Malleshwaram Traffic PS,1.04432e+16,2017,1,2,Road Accidents,Junction,City/Town,Open area,Human Error,No,Simple Injury,Others,Signal lights Automatic,Others,City or Town Road,Bitumen(Tar),Dry,Not Applicable,Clear,Dr Raj Kumar Road 10 Th Cross,Ganesha Darshan Hotel,50 FT,0.0,0.0,0,0,0.0,0.0
Bengaluru City,Malleshwaram Traffic PS,1.04432e+16,2017,1,1,Road Accidents,Narrow road,City/Town,Open area,Human Error,No,Simple Injury,Hit pedestrian,No signal lights,Others,City or Town Road,Bitumen(Tar),Dry,Not Applicable,Clear,Sriramapura 5 Th Main,Mariyamma Temple,50 FT,0.0,0.0,0,0,0.0,0.0
Bengaluru City,Malleshwaram Traffic PS,1.04432e+16,2017,1,2,Road Accidents,Narrow road,City/Town,Open area,Human Error,Yes,Simple Injury,Others,No signal lights,Not Applicable,City or Town Road,Bitumen(Tar),Dry,Not Applicable,Clear,Vatal Nagaraj Road Near Sujatha Talkies Bus Stop,Maheshwari Kalyana Mantapa,35 Ft,0.0,0.0,0,0,0.0,0.0
Bengaluru City,Malleshwaram Traffic PS,1.04432e+16,2017,1,2,Road Accidents,Narrow road,City/Town,Open area,Human Error,Yes,Damage Only,Hit and Run,No signal lights,Others,City or Town Road,Bitumen(Tar),Dry,Not Applicable,Clear,Malleshwaram 15 Th Cross,M L A College,50 FT,0.0,0.0,0,0,0.0,0.0
Bengaluru City,Malleshwaram Traffic PS,1.04432e+16,2017,1,2,Road Accidents,Junction,City/Town,Open area,Human Error,No,Grievous Injury,Not Applicable,Controlled,Not Applicable,City or Town Road,Bitumen(Tar),Dry,Not Applicable,Clear,Soap Factory Junctoion,Metro Station,20 ft,0.0,0.0,0,0,0.0,0.0
Bengaluru City,Malleshwaram Traffic PS,1.04432e+16,2017,1,1,Road Accidents,Narrow road,City/Town,Near School or College,Human Error,Yes,Grievous Injury,Hit and Run,Not at  Junction,Not Applicable,City or Town Road,Bitumen(Tar),Dry,Not Applicable,Clear,Malleshwaram 15 Th Cross. Near MLA College,M L A College,20 ft,0.0,0.0,0,0,0.0,0.0
Bengaluru City,Malleshwaram Traffic PS,1.04432e+16,2017,1,2,Road Accidents,Narrow road,City/Town,Near School or College,Human Error,No,Simple Injury,Others,Not at  Junction,Others,City or Town Road,Bitumen(Tar),Dry,Not Applicable,Clear,Rajajinagara 7 Th Cross,Vidyavardaka School,50 Ft,0.0,0.0,0,0,0.0,0.0
Bengaluru City,Malleshwaram Traffic PS,1.04432e+16,2017,1,2,Road Accidents,Junction,City/Town,Open area,Human Error,No,Damage Only,Rear end,Signal lights Automatic,Not Applicable,City or Town Road,Bitumen(Tar),Dry,Not Applicable,Clear,b/w margosa and sampige road 18th cross,Towards east 18th cross signal,50,0.0,0.0,0,0,0.0,0.0
Bengaluru City,Malleshwaram Traffic PS,1.04432e+16,2017,1,1,Road Accidents,Narrow road,City/Town,Narrow bridge or culverts,Not Applicable,No,Damage Only,Others,Uncontrolled,Others,City or Town Road,Bitumen(Tar),Dry,Not Applicable,Fine,m mk road,sbi banak,80,0.0,0.0,0,0,0.0,0.0
Bengaluru City,Malleshwaram Traffic PS,1.04432e+16,2017,1,1,Road Accidents,Narrow road,City/Town,Open area,Human Error,Yes,Simple Injury,Hit pedestrian,Not at  Junction,Not Applicable,City or Town Road,Bitumen(Tar),Dry,Not Applicable,Clear,Malleshwaram Railway Station Near,Play Ground,25 FT,0.0,0.0,0,0,0.0,0.0
Bengaluru City,Malleshwaram Traffic PS,1.04432e+16,2017,1,2,Road Accidents,Junction,City/Town,Open area,Human Error,Yes,Simple Injury,Hit and Run,No signal lights,Others,City or Town Road,Bitumen(Tar),Dry,Not Applicable,Clear,Dr Rajkumar Road 17 Th Cross Junction,B B M P Ground,20 FT,0.0,0.0,0,0,0.0,0.0
Bengaluru City,Malleshwaram Traffic PS,1.04432e+16,2017,1,1,Road Accidents,Narrow road,City/Town,Near a religious place,Human Error,Yes,Simple Injury,Hit pedestrian,No signal lights,Others,City or Town Road,Bitumen(Tar),Dry,Not Applicable,Clear,Dayananda Nagara 1 St Cross,Balamuri Ganesha Temple,40 Ft,0.0,0.0,0,0,0.0,0.0
Bengaluru City,Malleshwaram Traffic PS,1.04432e+16,2017,1,2,Road Accidents,Junction,City/Town,Open area,Human Error,No,Damage Only,Others,Signal lights Automatic,Others,City or Town Road,Bitumen(Tar),Dry,Not Applicable,Clear,Plat Form Road,Church,30 FT,0.0,0.0,0,0,0.0,0.0
Bengaluru City,Malleshwaram Traffic PS,1.04432e+16,2017,1,1,Road Accidents,Narrow road,City/Town,Open area,Human Error,Yes,Fatal,Hit pedestrian,No signal lights,Others,City or Town Road,Bitumen(Tar),Dry,Not Applicable,Clear,Sriramapura 5 Th Main,Gandhi School,20 FT,0.0,0.0,0,0,0.0,0.0
Bengaluru City,Malleshwaram Traffic PS,1.04432e+16,2017,1,2,Road Accidents,Narrow road,City/Town,Open area,Human Error,Yes,Simple Injury,Hit and Run,No signal lights,Others,City or Town Road,Bitumen(Tar),Dry,Not Applicable,Clear,M K K Road,Harishchandra Ghat,35 Ft,0.0,0.0,0,0,0.0,0.0
Bengaluru City,Malleshwaram Traffic PS,1.04432e+16,2017,1,3,Road Accidents,Narrow road,City/Town,Open area,Human Error,No,Damage Only,Rear end,Signal lights Automatic,Others,City or Town Road,Bitumen(Tar),Dry,Not Applicable,Clear,Dr Raj Kumar Road 10 Th Cross,E S I Hospital,50 Ft,0.0,0.0,0,0,0.0,0.0
Bengaluru City,Malleshwaram Traffic PS,1.04432e+16,2017,1,2,Road Accidents,Junction,City/Town,Open area,Human Error,No,Simple Injury,Others,Signal lights Automatic,Others,City or Town Road,Bitumen(Tar),Dry,Not Applicable,Clear,Malleshwaram 18 Th cross Sampige Road,Davanagere Benne Dose Hotel,40 FT,0.0,0.0,0,0,0.0,0.0
Bengaluru City,Malleshwaram Traffic PS,1.04432e+16,2017,1,2,Road Accidents,Narrow road,City/Town,Open area,Human Error,No,Simple Injury,Others,No signal lights,Others,City or Town Road,Bitumen(Tar),Dry,Not Applicable,Clear,Rajajinagara 19 Th Main,Ananya Hospital,20 FT,0.0,0.0,0,0,0.0,0.0
Bengaluru City,Malleshwaram Traffic PS,1.04432e+16,2017,1,2,Road Accidents,Circle,City/Town,Open area,Human Error,Yes,Grievous Injury,Hit and Run,Uncontrolled,Others,City or Town Road,Bitumen(Tar),Dry,Not Applicable,Others,Sandal Sopa Factory Junction,Metro Station,19 ft,0.0,0.0,0,0,0.0,0.0
Bengaluru City,Malleshwaram Traffic PS,1.04432e+16,2017,1,2,Road Accidents,Junction,City/Town,Open area,Human Error,No,Damage Only,Others,No signal lights,Not Applicable,City or Town Road,Bitumen(Tar),Dry,Not Applicable,Clear,m k k road,moon iight hotel,100ft,0.0,0.0,0,0,0.0,0.0
Bengaluru City,Malleshwaram Traffic PS,1.04432e+16,2017,1,2,Road Accidents,Narrow road,City/Town,Open area,Human Error,No,Damage Only,Others,Signal lights Automatic,Others,City or Town Road,Bitumen(Tar),Dry,Not Applicable,Clear,Dr Raj Kumar Road 10 Th Cross,Kadamba Stores,50 Ft,0.0,0.0,0,0,0.0,0.0
Bengaluru City,Malleshwaram Traffic PS,1.04432e+16,2017,1,1,Road Accidents,Narrow road,City/Town,Open area,Human Error,No,Damage Only,Others,Not at  Junction,Others,City or Town Road,Bitumen(Tar),Dry,Not Applicable,Clear,Subramanya Nagara Main Rd Near Ganesha Temple,Veeranjaneya Temple,15 FT,0.0,0.0,0,0,0.0,0.0
Bengaluru City,Malleshwaram Traffic PS,1.04432e+16,2017,1,2,Road Accidents,Bridge,City/Town,Open area,Human Error,No,Damage Only,Others,No signal lights,Others,City or Town Road,Bitumen(Tar),Dry,Not Applicable,Clear,M K K Road Raiway Bridge,Railway Road,50 Ft,0.0,0.0,0,0,0.0,0.0
Bengaluru City,Malleshwaram Traffic PS,1.04432e+16,2017,1,2,Road Accidents,Junction,City/Town,Open area,Human Error,No,Damage Only,Rear end,Signal lights Automatic,Others,City or Town Road,Bitumen(Tar),Dry,Not Applicable,Clear,Malleshwaram 5 Th Cross,Vijaya Travels,35 FT,0.0,0.0,0,0,0.0,0.0
Bengaluru City,Malleshwaram Traffic PS,1.04432e+16,2017,1,2,Road Accidents,Narrow road,City/Town,Residential area,Human Error,No,Grievous Injury,Others,Not at  Junction,Not Applicable,City or Town Road,Bitumen(Tar),Dry,Not Applicable,Clear,R P Road Near Brigade Apartment,B I O Atm Center,20 Ft,0.0,0.0,0,0,0.0,0.0
Bengaluru City,Malleshwaram Traffic PS,1.04432e+16,2017,1,2,Road Accidents,Junction,City/Town,Open area,Human Error,No,Simple Injury,Rear end,Signal lights Automatic,Others,City or Town Road,Bitumen(Tar),Dry,Not Applicable,Clear,RAJAJINAGARA 1 st Blk,Mal,35 FT,0.0,0.0,0,0,0.0,0.0
Bengaluru City,Malleshwaram Traffic PS,1.04432e+16,2017,1,2,Road Accidents,Junction,City/Town,Near Hospital,Human Error,Yes,Damage Only,Hit and Run,Signal lights Automatic,Others,City or Town Road,Bitumen(Tar),Dry,Not Applicable,Clear,19 TH Main,Dayakan Hospital,15 Ft,0.0,0.0,0,0,0.0,0.0
Bengaluru City,Malleshwaram Traffic PS,1.04432e+16,2017,1,2,Road Accidents,Junction,City/Town,Open area,Human Error,No,Simple Injury,Others,No signal lights,Others,City or Town Road,Bitumen(Tar),Dry,Not Applicable,Clear,Malleshwaram 10 Th main 16 Th Cross,Sayirama Chats,25 FT,0.0,0.0,0,0,0.0,0.0
Bengaluru City,Malleshwaram Traffic PS,1.04432e+16,2017,1,2,Road Accidents,Junction,City/Town,In bazaar,Human Error,No,Simple Injury,Rear end,No signal lights,Not Applicable,City or Town Road,Bitumen(Tar),Dry,Not Applicable,Clear,10th main,house no 454,45,0.0,0.0,0,0,0.0,0.0
Bengaluru City,Malleshwaram Traffic PS,1.04432e+16,2017,1,1,Road Accidents,Junction,City/Town,Open area,Human Error,No,Simple Injury,Hit pedestrian,No signal lights,Not Applicable,City or Town Road,Bitumen(Tar),Dry,Not Applicable,Clear,Dr Raj Kumar Raod,Sugama Tours& Travels,20 FT,0.0,0.0,0,0,0.0,0.0
Bengaluru City,Malleshwaram Traffic PS,1.04432e+16,2017,1,2,Road Accidents,Narrow road,City/Town,Open area,Human Error,No,Damage Only,Others,Not at  Junction,Others,City or Town Road,Bitumen(Tar),Dry,Not Applicable,Clear,Vatala Nagaraj Road,Canara Bank Opp,20 Ft,0.0,0.0,0,0,0.0,0.0