DISTRICTNAME,UNITNAME,Crime_No,Year,RI,Noofvehicle_involved,Accident_Classification,Accident_Spot,Accident_Location,Accident_SubLocation,Main_Cause,Hit_Run,Severity,Collision_Type,Junction_Control,Road_Character,Road_Type,Surface_Type,Surface_Condition,Road_Condition,Weather,Accident_Road,Landmark_first,Distance_LandMark_First,Latitude,Longitude,Road_Condition_Score,Surface_Condition_Score,Surface_Type_Score,Road_Risk_Index
Bengaluru City,Malleshwaram Traffic PS,1.04432e+16,2017,1,1,Road Accidents,Bridge,City/Town,Narrow bridge or culverts,Human Error,No,Fatal,Skidding or Self accident,Not at  Junction,Not Applicable,City or Town Road,Bitumen(Tar),Dry,Not Applicable,Clear,M K K Road,Ajad Chandrashekar Play Ground,23 Ft,0.0,0.0,0,0,0.0,0.0
Bengaluru City,Malleshwaram Traffic PS,1.04432e+16,2017,1,2,Road Accidents,Junction,City/Town,Open area,Human Error,No,Simple Injury,Others,No signal lights,Others,City or Town Road,Bitumen(Tar),Dry,Not Applicable,Clear,Malleshwaram 6 Th Main 9 Th Cross,House No 27,50 Ft,0.0,0.0,0,0,0.0,0.0
Bengaluru City,Malleshwaram Traffic PS,1.04432e+16,2017,1,2,Road Accidents,Narrow road,City/Town,Open area,Human Error,Yes,Simple Injury,Hit and Run,No signal lights,Others,City or Town Road,Bitumen(Tar),Dry,Not Applicable,Clear,West Off Chord rd Near Big Bazar,Maruthi Suzuki Show Room,50 Ft,0.0,0.0,0,0,0.0,0.0
Bengaluru City,Malleshwaram Traffic PS,1.04432e+16,2017,1,2,Road Accidents,Narrow road,City/Town,Open area,Human Error,No,Simple Injury,Others,No signal lights,Not Applicable,City or Town Road,Bitumen(Tar),Dry,Not Applicable,Clear,Dr Rajkumar Road Near Orion Mall,Orion Mall,35 Ft,0.0,0.0,0,0,0.0,0.0
Bengaluru City,Malleshwaram Traffic PS,1.04432e+16,2017,1,2,Road Accidents,Narrow road,City/Town,Open area,Human Error,Yes,Grievous Injury,Hit and Run,Uncontrolled,Others,City or Town Road,Bitumen(Tar),Dry,Not Applicable,Others,R P Road Milk Colony,Anju Buty Parlar,33 ft,0.0,0.0,0,0,0.0,0.0
Bengaluru City,Malleshwaram Traffic PS,1.04432e+16,2017,1,1,Road Accidents,Narrow road,City/Town,Open area,Human Error,Yes,Simple Injury,Hit and Run,Uncontrolled,Not Applicable,City or Town Road,Bitumen(Tar),Dry,Not Applicable,Clear,WOC Road Vandemathram Hotel,vandematharm hotel,5ft,0.0,0.0,0,0,0.0,0.0
Bengaluru City,Malleshwaram Traffic PS,1.04432e+16,2017,1,2,Road Accidents,Cross roads,City/Town,Residential area,Human Error,No,Grievous Injury,Not Applicable,Uncontrolled,Hump,City or Town Road,Bitumen(Tar),Dry,Not Applicable,Clear,"07th cross,",Shiva Lagisitek Buliding,15 ft,0.0,0.0,0,0,0.0,0.0
Bengaluru City,Malleshwaram Traffic PS,1.04432e+16,2017,1,1,Road Accidents,Cross roads,City/Town,Open area,Human Error,No,Simple Injury,Hit pedestrian,No signal lights,Others,City or Town Road,Bitumen(Tar),Dry,Not Applicable,Clear,2 Nd Main Swathantra Palya,M S Ladies Tailors,25 Ft,0.0,0.0,0,0,0.0,0.0
Bengaluru City,Malleshwaram Traffic PS,1.04432e+16,2017,1,1,Road Accidents,Junction,City/Town,Open area,Human Error,Yes,Simple Injury,Hit pedestrian,Signal lights Automatic,Others,City or Town Road,Bitumen(Tar),Dry,Not Applicable,Clear,"1 St Block 19 Th Main ,Dayakan Junction",Panchajanya College,12 FT,0.0,0.0,0,0,0.0,0.0
Bengaluru City,Malleshwaram Traffic PS,1.04432e+16,2017,1,2,Road Accidents,Junction,City/Town,Near office complex,Human Error,No,Simple Injury,Others,No signal lights,Others,City or Town Road,Bitumen(Tar),Dry,Not Applicable,Clear,m k k road,park,15,0.0,0.0,0,0,0.0,0.0
Bengaluru City,Malleshwaram Traffic PS,1.04432e+16,2017,1,2,Road Accidents,Junction,City/Town,Open area,Human Error,No,Damage Only,Rear end,Signal lights Automatic,Others,City or Town Road,Bitumen(Tar),Dry,Not Applicable,Clear,Mahalakshmi Entrance Signal,Metro Stn,45 FT,0.0,0.0,0,0,0.0,0.0
Bengaluru City,Malleshwaram Traffic PS,1.04432e+16,2017,1,2,Road Accidents,Junction,City/Town,Open area,Human Error,No,Simple Injury,Others,Not Applicable,Others,City or Town Road,Bitumen(Tar),Dry,Not Applicable,Clear,Vattal Nagaraj Road K B Junction,Railway Quatres,35 Ft,0.0,0.0,0,0,0.0,0.0
Bengaluru City,Malleshwaram Traffic PS,1.04432e+16,2017,1,2,Road Accidents,Narrow road,City/Town,Open area,Human Error,Yes,Simple Injury,Hit and Run,Signal lights Automatic,Others,City or Town Road,Bitumen(Tar),Dry,Not Applicable,Clear,Malleshwaram Margosa Road 18 Th Cross,Amul Bakery,50 FT,0.0,0.0,0,0,0.0,0.0
Bengaluru City,Malleshwaram Traffic PS,1.04432e+16,2017,1,2,Road Accidents,Other,City/Town,Open area,Human Error,No,Damage Only,Hit parked vehicle,No signal lights,Straight and flat,City or Town Road,Bitumen(Tar),Dry,Not Applicable,Clear,6th cross,sslc board,20,0.0,0.0,0,0,0.0,0.0
Bengaluru City,Malleshwaram Traffic PS,1.04432e+16,2017,1,2,Road Accidents,Bridge,City/Town,Narrow bridge or culverts,Human Error,Yes,Damage Only,Hit and Run,No signal lights,Not Applicable,City or Town Road,Bitumen(Tar),Dry,Not Applicable,Clear,m k k road,s b i bank,100 ft,0.0,0.0,0,0,0.0,0.0
Bengaluru City,Malleshwaram Traffic PS,1.04432e+16,2017,1,2,Road Accidents,Narrow road,City/Town,Open area,Human Error,No,Damage Only,Others,Signal lights Automatic,Others,City or Town Road,Bitumen(Tar),Dry,No influence on accident,Clear,Malleshwaram 5 Th Cross,Vyeshali Hotel,40 Ft,0.0,0.0,0,0,0.0,0.0
Bengaluru City,Malleshwaram Traffic PS,1.04432e+16,2017,1,1,Road Accidents,Narrow road,City/Town,Open area,Human Error,No,Simple Injury,Hit pedestrian,No signal lights,Others,City or Town Road,Bitumen(Tar),Others,Not Applicable,Clear,5 Th Main Sriramapura,Devi Clinic,35 FT,0.0,0.0,0,1,0.0,1.0
Bengaluru City,Malleshwaram Traffic PS,1.04432e+16,2017,1,2,Road Accidents,Junction,City/Town,Open area,Human Error,Yes,Simple Injury,Hit and Run,No signal lights,Others,City or Town Road,Bitumen(Tar),Dry,Not Applicable,Clear,Vattal Nagaraj Road,Bharath Petrol Bunk,50 FT,0.0,0.0,0,0,0.0,0.0
Bengaluru City,Malleshwaram Traffic PS,1.04432e+16,2017,1,2,Road Accidents,Narrow road,City/Town,Open area,Human Error,No,Simple Injury,Others,Not at  Junction,Not Applicable,City or Town Road,Bitumen(Tar),Dry,Not Applicable,Clear,Sriramapura 5 Th Main,Jai Ganesh Clinic,45 FT,0.0,0.0,0,0,0.0,0.0
Bengaluru City,Malleshwaram Traffic PS,1.04432e+16,2017,1,1,Road Accidents,Narrow road,City/Town,Open area,Human Error,Yes,Simple Injury,Hit and Run,No signal lights,Others,City or Town Road,Bitumen(Tar),Dry,Not Applicable,Clear,Rajajinagara 1 St Block Flyover,Park,50 fT,0.0,0.0,0,0,0.0,0.0
Bengaluru City,Malleshwaram Traffic PS,1.04432e+16,2017,1,1,Road Accidents,Narrow road,City/Town,Residential area,Human Error,Not Applicable,Simple Injury,Hit pedestrian,Not at  Junction,Others,City or Town Road,Bitumen(Tar),Dry,Not Applicable,Clear,No J118 1st main road  L N pura,Mane no J 39,25ft,0.0,0.0,0,0,0.0,0.0
Bengaluru City,Malleshwaram Traffic PS,1.04432e+16,2017,1,2,Road Accidents,Junction,City/Town,Near a recreation place/cinema,Human Error,No,Damage Only,Not Applicable,Signal lights Automatic,Others,City or Town Road,Bitumen(Tar),Dry,Not Applicable,Clear,Sampige Road Near Sampige talkies,Karavali Bar,20 ft,0.0,0.0,0,0,0.0,0.0
Bengaluru City,Malleshwaram Traffic PS,1.04432e+16,2017,1,2,Road Accidents,Narrow road,City/Town,Near Hospital,Human Error,No,Damage Only,Hit parked vehicle,Not at  Junction,Not Applicable,City or Town Road,Bitumen(Tar),Dry,Not Applicable,Clear,R P Road,Vinayaka Builders,25 FT,0.0,0.0,0,0,0.0,0.0
Bengaluru City,Malleshwaram Traffic PS,1.04432e+16,2017,1,2,Road Accidents,Narrow road,City/Town,Open area,Human Error,Yes,Simple Injury,Hit and Run,No signal lights,Others,City or Town Road,Bitumen(Tar),Dry,Not Applicable,Clear,15 Th Cross Margosa Road,P N Rao Suits,40 FT,0.0,0.0,0,0,0.0,0.0
Bengaluru City,Malleshwaram Traffic PS,1.04432e+16,2017,1,3,Road Accidents,Bridge,City/Town,Open area,Human Error,No,Simple Injury,Others,No signal lights,Others,City or Town Road,Bitumen(Tar),Dry,Not Applicable,Clear,M K K Road Bridge,Railway Bridge,35 Ft,0.0,0.0,0,0,0.0,0.0
Bengaluru City,Malleshwaram Traffic PS,1.04432e+16,2017,1,2,Road Accidents,Narrow road,City/Town,Open area,Human Error,Yes,Simple Injury,Hit and Run,No signal lights,Others,City or Town Road,Bitumen(Tar),Dry,Not Applicable,Clear,East park Road14 Th Cross,M L A College,50 FT,0.0,0.0,0,0,0.0,0.0
Bengaluru City,Malleshwaram Traffic PS,1.04432e+16,2017,1,2,Road Accidents,Culvert,City/Town,Narrow bridge or culverts,Human Error,Yes,Grievous Injury,Hit and Run,Not at  Junction,Not Applicable,City or Town Road,Bitumen(Tar),Dry,Not Applicable,Clear,Near Malleshwaram Under Pass,Canara Bank,30 Ft,0.0,0.0,0,0,0.0,0.0
Bengaluru City,Malleshwaram Traffic PS,1.04432e+16,2017,1,2,Road Accidents,Bridge,City/Town,Narrow bridge or culverts,Human Error,No,Grievous Injury,Rear end,Uncontrolled,Straight and flat,City or Town Road,Bitumen(Tar),Dry,Not Applicable,Fine,MKK Road,NAq,1,0.0,0.0,0,0,0.0,0.0
Bengaluru City,Malleshwaram Traffic PS,1.04432e+16,2017,1,2,Road Accidents,Bridge,City/Town,Open area,Human Error,No,Simple Injury,Rear end,Not at  Junction,Not Applicable,City or Town Road,Bitumen(Tar),Dry,Not Applicable,Clear,M K K Road,SSLC Board,45 FT,0.0,0.0,0,0,0.0,0.0
Bengaluru City,Malleshwaram Traffic PS,1.04432e+16,2017,1,1,Road Accidents,Narrow road,City/Town,Near Bus stop,Human Error,No,Simple Injury,Hit pedestrian,No signal lights,Others,City or Town Road,Bitumen(Tar),Dry,Not Applicable,Clear,M K K Road,Shree Kanteshwara Bhavana,30 Ft,0.0,0.0,0,0,0.0,0.0
Bengaluru City,Malleshwaram Traffic PS,1.04432e+16,2017,1,2,Road Accidents,Junction,City/Town,Open area,Human Error,No,Fatal,Hit pedestrian,Signal lights Automatic,Others,City or Town Road,Bitumen(Tar),Dry,Not Applicable,Clear,Dr Raj Kumar Road,Navarang Talkies,60 FT,0.0,0.0,0,0,0.0,0.0
Bengaluru City,Malleshwaram Traffic PS,1.04432e+16,2017,1,2,Road Accidents,Narrow road,City/Town,Open area,Human Error,No,Simple Injury,Others,No signal lights,Not Applicable,City or Town Road,Bitumen(Tar),Dry,Not Applicable,Clear,West Off Chord Rd Near Kamalammana Gundi,Seva Samaja,56 Ft,0.0,0.0,0,0,0.0,0.0
Bengaluru City,Malleshwaram Traffic PS,1.04432e+16,2017,1,1,Road Accidents,Narrow road,City/Town,Open area,Human Error,No,Simple Injury,Hit pedestrian,No signal lights,Not Applicable,City or Town Road,Bitumen(Tar),Dry,Not Applicable,Clear,Malleshwaram 17 Th Cross White Horse,Milk Colony,60 Ft,0.0,0.0,0,0,0.0,0.0
Bengaluru City,Malleshwaram Traffic PS,1.04432e+16,2017,1,1,Road Accidents,Bridge,City/Town,Narrow bridge or culverts,Human Error,No,Damage Only,Others,Uncontrolled,Not Applicable,City or Town Road,Bitumen(Tar),Dry,Not Applicable,Others,M K K Road  Devaya Park,Sarvodaya Colleg,5 Ft,0.0,0.0,0,0,0.0,0.0
Bengaluru City,Malleshwaram Traffic PS,1.04432e+16,2017,1,2,Road Accidents,Narrow road,City/Town,Residential area,Human Error,Yes,Damage Only,Hit and Run,Not at  Junction,Others,City or Town Road,Bitumen(Tar),Dry,Not Applicable,Others,17th Crossnear white horse,Exside Care Battry shop,34 Ft,0.0,0.0,0,0,0.0,0.0
Bengaluru City,Malleshwaram Traffic PS,1.04432e+16,2017,1,2,Road Accidents,Narrow road,City/Town,Near office complex,Human Error,Yes,Damage Only,Hit and Run,No signal lights,Not Applicable,City or Town Road,Bitumen(Tar),Dry,Not Applicable,Clear,tumkur road soap factory,Metro Station,15 Ft,0.0,0.0,0,0,0.0,0.0
Bengaluru City,Malleshwaram Traffic PS,1.04432e+16,2017,1,2,Road Accidents,Junction,City/Town,Residential area,Human Error,No,Simple Injury,Side swipe,No signal lights,Not Applicable,City or Town Road,Bitumen(Tar),Dry,Not Applicable,Clear,2 Nd Stage E Block 6 Th Main 6 Th Cross Rajajinagara,Shivadrushti Apticles,16 Ft,0.0,0.0,0,0,0.0,0.0
Bengaluru City,Malleshwaram Traffic PS,1.04432e+16,2017,1,2,Road Accidents,Narrow road,City/Town,Open area,Human Error,Yes,Simple Injury,Hit and Run,Not at  Junction,Others,City or Town Road,Bitumen(Tar),Dry,Not Applicable,Clear,R P Road Brigade Gateway Aprtment,Brigade Gateway Apartment,20 Ft,0.0,0.0,0,0,0.0,0.0
Bengaluru City,Malleshwaram Traffic PS,1.04432e+16,2017,1,1,Road Accidents,Narrow road,City/Town,Open area,Human Error,No,Simple Injury,Hit pedestrian,No signal lights,Others,City or Town Road,Bitumen(Tar),Dry,Not Applicable,Clear,M K K Road Kuvempu Metro Stn,Hatti Coffee Hotel,50 FT,0.0,0.0,0,0,0.0,0.0
Bengaluru City,Malleshwaram Traffic PS,1.04432e+16,2017,1,3,Road Accidents,Narrow road,City/Town,Open area,Human Error,No,Damage Only,Side swipe,No signal lights,Others,City or Town Road,Bitumen(Tar),Dry,Not Applicable,Clear,Sampige Rd 10 Th Cross,Mani Tailors Shop,50 FT,0.0,0.0,0,0,0.0,0.0
Bengaluru City,Malleshwaram Traffic PS,1.04432e+16,2017,1,2,Road Accidents,Narrow road,City/Town,Open area,Human Error,No,Simple Injury,Others,Signal lights Automatic,Others,City or Town Road,Bitumen(Tar),Dry,Not Applicable,Clear,Dr Rajkumar Road Navarang Junction,Sangeetha Mobile Shop,45 Ft,0.0,0.0,0,0,0.0,0.0
Bengaluru City,Malleshwaram Traffic PS,1.04432e+16,2017,1,2,Road Accidents,Narrow road,City/Town,Open area,Human Error,No,Simple Injury,Others,Not Applicable,Others,City or Town Road,Bitumen(Tar),Dry,Not Applicable,Clear,"Malleshwaram 14 Th Cross, MLA College",MLA College,35 FT,0.0,0.0,0,0,0.0,0.0
Bengaluru City,Malleshwaram Traffic PS,1.04432e+16,2017,1,1,Road Accidents,Narrow road,City/Town,Open area,Human Error,No,Simple Injury,Hit pedestrian,No signal lights,Not Applicable,City or Town Road,Bitumen(Tar),Dry,Not Applicable,Clear,Rajajinagara 1 St Block Flyover,Park,50 Ft,0.0,0.0,0,0,0.0,0.0
Bengaluru City,Malleshwaram Traffic PS,1.04432e+16,2017,1,1,Road Accidents,Narrow road,City/Town,Open area,Human Error,Yes,Simple Injury,Hit pedestrian,No signal lights,Others,City or Town Road,Bitumen(Tar),Dry,Not Applicable,Clear,Sampige Rd 8 Th cross,Maheshwari Temple,35 Ft,0.0,0.0,0,0,0.0,0.0
Bengaluru City,Malleshwaram Traffic PS,1.04432e+16,2017,1,1,Road Accidents,Narrow road,City/Town,Open area,Human Error,Yes,Simple Injury,Hit pedestrian,No signal lights,Others,City or Town Road,Bitumen(Tar),Dry,Not Applicable,Clear,Dr Raj Kumar Road,Axis Bank,35 FT,0.0,0.0,0,0,0.0,0.0
Bengaluru City,Malleshwaram Traffic PS,1.04432e+16,2017,1,2,Road Accidents,Narrow road,City/Town,Open area,Human Error,Yes,Damage Only,Hit and Run,Not at  Junction,Not Applicable,City or Town Road,Bitumen(Tar),Dry,Not Applicable,Clear,"Sampige Road 15 TH Cross, Near Karuru Vaishya Bank",Near Karuru Vaishya Bank,20 ft,0.0,0.0,0,0,0.0,0.0
Bengaluru City,Malleshwaram Traffic PS,1.04432e+16,2017,1,3,Road Accidents,Junction,City/Town,Open area,Human Error,No,Damage Only,Not Applicable,Signal lights Automatic,Not Applicable,City or Town Road,Bitumen(Tar),Dry,Not Applicable,Clear,8 th cross sampige road,Venkateshwara Enter Prises,50 mts,0.0,0.0,0,0,0.0,0.0
Bengaluru City,Malleshwaram Traffic PS,1.04432e+16,2017,1,1,Road Accidents,Narrow road,City/Town,Residential area,Human Error,Yes,Simple Injury,Hit pedestrian,Not at  Junction,Not Applicable,City or Town Road,Bitumen(Tar),Dry,Not Applicable,Clear,Sriramapura L N Pura Near Shanthi Book Store,Mahalakshmi Jewelers,20 ft,0.0,0.0,0,0,0.0,0.0
Bengaluru City,Malleshwaram Traffic PS,1.04432e+16,2017,1,2,Road Accidents,Narrow road,City/Town,Open area,Human Error,No,Simple Injury,Others,Not at  Junction,Not Applicable,City or Town Road,Bitumen(Tar),Dry,Not Applicable,Clear,Sampige Road 13 Th Cross,Ashwini Medicles,20 ft,0.0,0.0,0,0,0.0,0.0
Bengaluru City,Malleshwaram Traffic PS,1.04432e+16,2017,1,1,Road Accidents,Junction,City/Town,Open area,Human Error,Yes,Simple Injury,Hit pedestrian,No signal lights,Not Applicable,City or Town Road,Bitumen(Tar),Dry,Not Applicable,Clear,M K K Road Near Md Block,ICICI Bank,30 FT,0.0,0.0,0,0,0.0,0.0
Bengaluru City,Malleshwaram Traffic PS,1.04432e+16,2017,1,1,Road Accidents,Narrow road,City/Town,Open area,Human Error,No,Simple Injury,Hit pedestrian,Not at  Junction,Not Applicable,City or Town Road,Bitumen(Tar),Dry,Not Applicable,Clear,Sriramapura 4 Th Main 9 Th Cross,A V M Hardware,25 Ft,0.0,0.0,0,0,0.0,0.0
Bengaluru City,Malleshwaram Traffic PS,1.04432e+16,2017,1,1,Road Accidents,Narrow road,City/Town,Near a religious place,Human Error,Yes,Simple Injury,Hit pedestrian,Not at  Junction,Not Applicable,City or Town Road,Bitumen(Tar),Dry,Not Applicable,Clear,Malleshwaram 11 Th Cross East Park Road,Venugopala swamy Temple,50 Ft,0.0,0.0,0,0,0.0,0.0
Bengaluru City,Malleshwaram Traffic PS,1.04432e+16,2017,1,2,Road Accidents,Junction,City/Town,Near a recreation place/cinema,Human Error,Yes,Damage Only,Others,Signal lights Automatic,Not Applicable,City or Town Road,Bitumen(Tar),Dry,Not Applicable,Clear,M K K Road,Navarang Talkies,35 FT,0.0,0.0,0,0,0.0,0.0
Bengaluru City,Malleshwaram Traffic PS,1.04432e+16,2017,1,3,Road Accidents,Curves,City/Town,Open area,Human Error,No,Damage Only,Others,No signal lights,Others,City or Town Road,Bitumen(Tar),Dry,Not Applicable,Clear,Vatal Nagaraj Road,RRR Kalyana Mantapa,20 Ft,0.0,0.0,0,0,0.0,0.0
Bengaluru City,Malleshwaram Traffic PS,1.04432e+16,2017,1,2,Road Accidents,Narrow road,City/Town,Near Bus stop,Human Error,Yes,Simple Injury,Hit and Run,No signal lights,Not Applicable,City or Town Road,Bitumen(Tar),Dry,Not Applicable,Clear,vatal nagaraja road,b m t c bus stop,25ft,0.0,0.0,0,0,0.0,0.0
Bengaluru City,Malleshwaram Traffic PS,1.04432e+16,2017,1,2,Road Accidents,Junction,City/Town,Open area,Human Error,No,Simple Injury,Others,No signal lights,Others,City or Town Road,Bitumen(Tar),Dry,Not Applicable,Clear,"Malleshwaram 16 Th Cross, 10 Th Main Junction",Kalyani Apartment,45 FT,0.0,0.0,0,0,0.0,0.0
Bengaluru City,Malleshwaram Traffic PS,1.04432e+16,2018,1,1,Road Accidents,Narrow road,City/Town,Open area,Human Error,No,Simple Injury,Hit and Run,No signal lights,Others,City or Town Road,Bitumen(Tar),Dry,Not Applicable,Clear,R P Road Near ATM,Renesun Pak 2 Apartment,30 Ft,0.0,0.0,0,0,0.0,0.0
Bengaluru City,Malleshwaram Traffic PS,1.04432e+16,2018,1,1,Road Accidents,Circle,City/Town,Open area,Human Error,No,Simple Injury,Hit pedestrian,No signal lights,Others,City or Town Road,Bitumen(Tar),Dry,Not Applicable,Clear,Malleshwaram 10 A Main 16 Th Cross,Cricket House,50 Ft,0.0,0.0,0,0,0.0,0.0
Bengaluru City,Malleshwaram Traffic PS,1.04432e+16,2018,1,1,Road Accidents,Narrow road,City/Town,Open area,Human Error,No,Simple Injury,Hit fixed object,No signal lights,Others,City or Town Road,Bitumen(Tar),Dry,Not Applicable,Clear,Dr raj Kumar Road Near Orion Mall,Orion Mall,30 FT,0.0,0.0,0,0,0.0,0.0
Bengaluru City,Malleshwaram Traffic PS,1.04432e+16,2018,1,2,Road Accidents,Junction,City/Town,Open area,Human Error,Yes,Simple Injury,Hit and Run,No signal lights,Not Applicable,City or Town Road,Bitumen(Tar),Dry,Not Applicable,Clear,Malleshwaram 16 Th Cross 8 Th Main,Reliance Fresh,35 FT,0.0,0.0,0,0,0.0,0.0
Bengaluru City,Malleshwaram Traffic PS,1.04432e+16,2018,1,2,Road Accidents,Junction,City/Town,Open area,Human Error,Not Applicable,Grievous Injury,Others,Signal lights Automatic,Others,City or Town Road,Bitumen(Tar),Dry,Not Applicable,Clear,Vattal Nagaraj Road K B Junction,mahaesware bhavana,38ft,0.0,0.0,0,0,0.0,0.0
Bengaluru City,Malleshwaram Traffic PS,1.04432e+16,2018,1,2,Road Accidents,Junction,City/Town,Open area,Human Error,Not Applicable,Damage Only,Others,Signal lights Automatic,Others,City or Town Road,Bitumen(Tar),Dry,Not Applicable,Clear,Dr Raj Kumar Road 10 Th Cross juncation,VRL Travels,33ft,0.0,0.0,0,0,0.0,0.0
Bengaluru City,Malleshwaram Traffic PS,1.04432e+16,2018,1,1,Road Accidents,Narrow road,City/Town,Near Bus stop,Human Error,Not Applicable,Simple Injury,Hit pedestrian,Not at  Junction,Others,City or Town Road,Bitumen(Tar),Dry,Not Applicable,Clear,MD Block,MD Block bus stop,10,0.0,0.0,0,0,0.0,0.0
Bengaluru City,Malleshwaram Traffic PS,1.04432e+16,2018,1,1,Road Accidents,Narrow road,City/Town,Open area,Human Error,Yes,Damage Only,Hit and Run,Not at  Junction,Others,City or Town Road,Bitumen(Tar),Dry,Not Applicable,Clear,14th Cross Margosa Road,House No 105,45,0.0,0.0,0,0,0.0,0.0
Bengaluru City,Malleshwaram Traffic PS,1.04432e+16,2018,1,2,Road Accidents,Junction,City/Town,Open area,Human Error,Yes,Simple Injury,Hit and Run,Signal lights Automatic,Others,City or Town Road,Bitumen(Tar),Dry,Not Applicable,Clear,Rajajinagara 1 St Block,Ganesha Medicales,50 Ft,0.0,0.0,0,0,0.0,0.0
Bengaluru City,Malleshwaram Traffic PS,1.04432e+16,2018,1,1,Road Accidents,Bridge,City/Town,Open area,Human Error,No,Simple Injury,Hit pedestrian,No signal lights,Others,City or Town Road,Bitumen(Tar),Dry,Not Applicable,Clear,Malleshwaram 17 Th Cross,Play ground,50 Ft,0.0,0.0,0,0,0.0,0.0
Bengaluru City,Malleshwaram Traffic PS,1.04432e+16,2018,1,2,Road Accidents,Junction,City/Town,Residential area,Human Error,No,Damage Only,Hit parked vehicle,No signal lights,Others,City or Town Road,Bitumen(Tar),Others,Not Applicable,Clear,Malleshwaram 3 Rd Cross,Indra Nivasa,35 Ft,0.0,0.0,0,1,0.0,1.0
Bengaluru City,Malleshwaram Traffic PS,1.04432e+16,2018,1,3,Road Accidents,Junction,City/Town,Residential area,Human Error,Not Applicable,Simple Injury,Others,No signal lights,Others,City or Town Road,Bitumen(Tar),Dry,Not Applicable,Clear,8th main 17th cross,police qtrs,33ft,0.0,0.0,0,0,0.0,0.0
Bengaluru City,Malleshwaram Traffic PS,1.04432e+16,2018,1,1,Road Accidents,Narrow road,City/Town,Near Hospital,Human Error,Not Applicable,Grievous Injury,Others,Not at  Junction,Others,City or Town Road,Bitumen(Tar),Dry,Not Applicable,Clear,West Off Chord Oppt NU Hospital,NU Hospital,38ft,0.0,0.0,0,0,0.0,0.0
Bengaluru City,Malleshwaram Traffic PS,1.04432e+16,2018,1,2,Road Accidents,Junction,City/Town,Open area,Human Error,Not Applicable,Simple Injury,Others,No signal lights,Others,City or Town Road,Bitumen(Tar),Dry,Not Applicable,Clear,Margosa Road 17th Cross juncation,ganesh Hotel,28ft,0.0,0.0,0,0,0.0,0.0
Bengaluru City,Malleshwaram Traffic PS,1.04432e+16,2018,1,2,Road Accidents,Narrow road,City/Town,Residential area,Human Error,Yes,Simple Injury,Hit and Run,Not at  Junction,Others,City or Town Road,Bitumen(Tar),Dry,Not Applicable,Clear,Malleshwaram 8th Main 13th Cross,SaiRam jusi center,8 FT,0.0,0.0,0,0,0.0,0.0
Bengaluru City,Malleshwaram Traffic PS,1.04432e+16,2018,1,2,Road Accidents,Junction,City/Town,Open area,Human Error,Yes,Fatal,Hit and Run,No signal lights,Others,City or Town Road,Bitumen(Tar),Dry,Not Applicable,Clear,WOC Road Ganapathi Tempal Juncation,ganesh tempal,33ft,0.0,0.0,0,0,0.0,0.0
Bengaluru City,Malleshwaram Traffic PS,1.04432e+16,2018,1,1,Road Accidents,Narrow road,City/Town,Open area,Human Error,Not Applicable,Grievous Injury,Hit pedestrian,Not at  Junction,Others,City or Town Road,Bitumen(Tar),Dry,Not Applicable,Clear,MKK Road Kuvempu Metro,Kuvempu Metro,28 Ft,0.0,0.0,0,0,0.0,0.0
Bengaluru City,Malleshwaram Traffic PS,1.04432e+16,2018,1,2,Road Accidents,Narrow road,City/Town,Near a religious place,Human Error,Not Applicable,Simple Injury,Others,Not at  Junction,Others,City or Town Road,Bitumen(Tar),Dry,Not Applicable,Clear,Dr raj Kumar Road Near Orion Mall,Orion Mall,50 FT,0.0,0.0,0,0,0.0,0.0
Bengaluru City,Malleshwaram Traffic PS,1.04432e+16,2018,1,1,Road Accidents,Junction,City/Town,Open area,Human Error,Not Applicable,Grievous Injury,Others,Signal lights Automatic,Others,City or Town Road,Bitumen(Tar),Dry,Not Applicable,Clear,Dr Rajkumar Road Navarang Junction,Navarang Talkies,45 FT,0.0,0.0,0,0,0.0,0.0
Bengaluru City,Malleshwaram Traffic PS,1.04432e+16,2018,1,2,Road Accidents,Junction,City/Town,Open area,Human Error,No,Simple Injury,Others,Signal lights Automatic,Others,City or Town Road,Bitumen(Tar),Dry,Not Applicable,Clear,Dr Rajkumar Road Navarang Junction,Sangeetha Mobile Shop,50 Ft,0.0,0.0,0,0,0.0,0.0
Bengaluru City,Malleshwaram Traffic PS,1.04432e+16,2018,1,1,Road Accidents,Narrow road,City/Town,Near Bus stop,Human Error,Yes,Grievous Injury,Hit and Run,Not at  Junction,Others,City or Town Road,Bitumen(Tar),Dry,Not Applicable,Clear,Mariyappa Palaya bus stop,Vijaya Bank ATM,45 FT,0.0,0.0,0,0,0.0,0.0