DISTRICTNAME,UNITNAME,Crime_No,Year,RI,Noofvehicle_involved,Accident_Classification,Accident_Spot,Accident_Location,Accident_SubLocation,Main_Cause,Hit_Run,Severity,Collision_Type,Junction_Control,Road_Character,Road_Type,Surface_Type,Surface_Condition,Road_Condition,Weather,Accident_Road,Landmark_first,Distance_LandMark_First,Latitude,Longitude,Road_Condition_Score,Surface_Condition_Score,Surface_Type_Score,Road_Risk_Index
Bengaluru City,Mico Layout Traffic PS,1.04432e+16,2018,1,2,Road Accidents,Other,City/Town,Near Hospital,Human Error,Yes,Damage Only,Hit and Run,Uncontrolled,Straight and flat,City or Town Road,Bitumen(Tar),Dry,No influence on accident,Fine,26TH MAIN ROAD,STREET LIGHT,14 F,0.0,0.0,0,0,0.0,0.0
Bengaluru City,Mico Layout Traffic PS,1.04432e+16,2018,1,2,Road Accidents,Narrow road,City/Town,Near School or College,Human Error,Yes,Simple Injury,Hit and Run,Uncontrolled,Straight and flat,City or Town Road,Bitumen(Tar),Dry,Not Applicable,Clear,"IIMB, BILEKAHALLI, B G ROAD,",TREE,52,0.0,0.0,0,0,0.0,0.0
Bengaluru City,Mico Layout Traffic PS,1.04432e+16,2018,1,2,Road Accidents,Junction,City/Town,Residential area,Human Error,No,Grievous Injury,Side impact or Right angle,Uncontrolled,Straight and flat,City or Town Road,Bitumen(Tar),Dry,Not Applicable,Clear,"32ND G CROSS, 28TH MN RD, JAYANAGAR 4TH T BLOCK, BANGALORE CITY",ELECTRIC POLE,53,0.0,0.0,0,0,0.0,0.0
Bengaluru City,Mico Layout Traffic PS,1.04432e+16,2018,1,2,Road Accidents,Not Applicable,City/Town,Near office complex,Human Error,Yes,Grievous Injury,Hit and Run,Uncontrolled,Straight and flat,City or Town Road,Bitumen(Tar),Dry,Not Applicable,Clear,"OPPOSITE TO AIRTEL OFFICE, B G ROAD,",TREE,39,0.0,0.0,0,0,0.0,0.0
Bengaluru City,Mico Layout Traffic PS,1.04432e+16,2018,1,2,Road Accidents,Other,City/Town,Near office complex,Human Error,Yes,Damage Only,Rear end,Uncontrolled,Straight and flat,City or Town Road,Bitumen(Tar),Dry,No influence on accident,Clear,"IBM, B G ROAD, BANGALORE CITY",STREET LIGHT,80,0.0,0.0,0,0,0.0,0.0
Bengaluru City,Mico Layout Traffic PS,1.04432e+16,2018,1,2,Road Accidents,Not Applicable,City/Town,Open area,Human Error,No,Fatal,Rear end,Uncontrolled,Straight and flat,City or Town Road,Bitumen(Tar),Dry,No influence on accident,Clear,"RAJ LAKE VEIW APARTMENT, RANKA COLONY, BANGALORE CITY",ELECTRIC POLE,42,0.0,0.0,0,0,0.0,0.0
Bengaluru City,Mico Layout Traffic PS,1.04432e+16,2018,1,1,Road Accidents,Junction,City/Town,In bazaar,Human Error,Yes,Grievous Injury,Hit and Run,Uncontrolled,Straight and flat,City or Town Road,Bitumen(Tar),Dry,Not Applicable,Clear,SWAGATH MAIN ROAD,TREE,20,0.0,0.0,0,0,0.0,0.0
Bengaluru City,Mico Layout Traffic PS,1.04432e+16,2018,1,1,Road Accidents,T Junction,City/Town,Residential area,Human Error,No,Grievous Injury,Hit pedestrian,Uncontrolled,Straight and flat,City or Town Road,Bitumen(Tar),Dry,No influence on accident,Clear,"OPPOSITE TO HOT CHIPS SHOP, S G PALYA, BANGALORE CITY",ELECTRIC POLE,19,0.0,0.0,0,0,0.0,0.0
Bengaluru City,Mico Layout Traffic PS,1.04432e+16,2018,1,2,Road Accidents,Narrow road,City/Town,Near office complex,Human Error,Yes,Grievous Injury,Hit and Run,Uncontrolled,Straight and flat,City or Town Road,Bitumen(Tar),Dry,No influence on accident,Clear,"OPPOSITE TO OPPO SHOWROOM, 16TH MN RD, BTM 2ND STG",ELECTRIC POLE,41,0.0,0.0,0,0,0.0,0.0
Bengaluru City,Mico Layout Traffic PS,1.04432e+16,2018,1,2,Road Accidents,Narrow road,City/Town,Near a recreation place/cinema,Human Error,Yes,Grievous Injury,Hit and Run,Uncontrolled,Straight and flat,City or Town Road,Bitumen(Tar),Dry,Not Applicable,Clear,"OPPOSITE TO KARNATAKA HARDWARE, MARENAHALLI MN RD",TREE,39,0.0,0.0,0,0,0.0,0.0
Bengaluru City,Mico Layout Traffic PS,1.04432e+16,2018,1,2,Road Accidents,T Junction,City/Town,Residential area,Human Error,Yes,Grievous Injury,Rear end,Uncontrolled,Straight and flat,City or Town Road,Bitumen(Tar),Dry,No influence on accident,Clear,"OPPOSITE TO MAHAVEER HARDWARE, 32ND E CROSS, JAYANAGAR 4TH T BLOCK, BANGALORE CITY",STREET LIGHT,40,0.0,0.0,0,0,0.0,0.0
Bengaluru City,Mico Layout Traffic PS,1.04432e+16,2018,1,1,Road Accidents,Not Applicable,City/Town,Residential area,Human Error,Yes,Grievous Injury,Hit pedestrian,Uncontrolled,Straight and flat,City or Town Road,Bitumen(Tar),Dry,Not Applicable,Clear,"3RD CROSS, 29TH MN RD, BTM 1ST STG, BANGALORE CITY",TREE,20,0.0,0.0,0,0,0.0,0.0
Bengaluru City,Mico Layout Traffic PS,1.04432e+16,2018,1,1,Road Accidents,Bridge,City/Town,Near Hospital,Human Error,No,Fatal,Hit fixed object,Uncontrolled,Straight and flat,City or Town Road,Bitumen(Tar),Dry,Not Applicable,Clear,JAYADEVA FLYOVER,ELECTRIC POLE,46,0.0,0.0,0,0,0.0,0.0
Bengaluru City,Mico Layout Traffic PS,1.04432e+16,2018,1,2,Road Accidents,Junction,City/Town,Near a recreation place/cinema,Human Error,No,Grievous Injury,Side impact or Right angle,Police / Manual,Straight and flat,City or Town Road,Bitumen(Tar),Dry,No influence on accident,Clear,"OPPOSITE TO BANGALORE CENTRAL, MARENAHALLI MN RD,",ELECTRIC POLE,44,0.0,0.0,0,0,0.0,0.0
Bengaluru City,Mico Layout Traffic PS,1.04432e+16,2018,1,2,Road Accidents,Junction,City/Town,Residential area,Human Error,Yes,Grievous Injury,Rear end,Uncontrolled,Straight and flat,City or Town Road,Bitumen(Tar),Dry,Not Applicable,Clear,"BBMP OFFICE, 4TH CR, 28TH MN JN, JYN 9TH BLOCK, BANGALORE CITY",ELECTRIC POLE,39,0.0,0.0,0,0,0.0,0.0
Bengaluru City,Mico Layout Traffic PS,1.04432e+16,2018,1,1,Road Accidents,T Junction,City/Town,Near office complex,Human Error,No,Grievous Injury,Hit pedestrian,Uncontrolled,Straight and flat,City or Town Road,Bitumen(Tar),Dry,No influence on accident,Clear,"NR BANGALORE ONE, BTM 100 FT RING RD,",STREET LIGHT,45,0.0,0.0,0,0,0.0,0.0
Bengaluru City,Mico Layout Traffic PS,1.04432e+16,2018,1,2,Road Accidents,Circle,City/Town,Near office complex,Human Error,No,Simple Injury,Side impact or Right angle,Controlled,Straight and flat,City or Town Road,Bitumen(Tar),Dry,No influence on accident,Clear,"BANGALORE DIARY CIRCLE, B G ROAD,",SIGNAL POLE,10,0.0,0.0,0,0,0.0,0.0
Bengaluru City,Mico Layout Traffic PS,1.04432e+16,2019,1,1,Road Accidents,Narrow road,City/Town,Near Bus stop,Human Error,No,Not Applicable,Others,Not Applicable,Straight and flat,City or Town Road,Bitumen(Tar),Dry,Not Applicable,Clear,"MANJUSHREE, CONDIMENTS, MUNIVEERAPPA BUILDING, DC HALLI MN RD, BILEKAHALLI B-76",TREE,10,12.897266,77.606863,0,0,0.0,0.0
Bengaluru City,Mico Layout Traffic PS,1.04432e+16,2019,1,2,Road Accidents,Junction,City/Town,Residential area,Human Error,Yes,Grievous Injury,Vehicle to Vehicle,Not at  Junction,Straight and flat,Residential Street,Bitumen(Tar),Dry,Not Applicable,Clear,"7TH CROSS, 17TH MAIN JUNCTION, BTM 2ND STAGE BENGALURU.",ELECTRIC POLE,28,12.913995,77.610548,0,0,0.0,0.0
Bengaluru City,Mico Layout Traffic PS,1.04432e+16,2019,1,2,Road Accidents,Junction,City/Town,Near Hospital,Human Error,Yes,Grievous Injury,Vehicle to Vehicle,No signal lights,Straight and flat,Two way,Bitumen(Tar),Dry,Not Applicable,Cloudy,"JAYANAGAR 9TH BLOCK, 22ND MAIN ROAD, 40TH CROSS JN BANGALURU",ELECTRIC POLE,50,12.919715,77.591482,0,0,0.0,0.0
Bengaluru City,Mico Layout Traffic PS,1.04432e+16,2019,1,2,Road Accidents,Junction,City/Town,Near Hospital,Human Error,No,Damage Only,Vehicle to Vehicle,Controlled,Straight and flat,Arterial,Bitumen(Tar),Dry,No influence on accident,Clear,"SAGAR HOSPITAL JUNCTION, B G ROAD",SIGNAL POLE,78,12.928426,77.600532,0,0,0.0,0.0
Bengaluru City,Mico Layout Traffic PS,1.04432e+16,2019,1,1,Road Accidents,Narrow road,City/Town,At pedestrian Crossing,Human Error,No,Grievous Injury,Hit pedestrian,Not at  Junction,Straight and flat,Two way,Bitumen(Tar),Dry,Not Applicable,Clear,"OPP. AMARAVATHI HOTEL, EAST END MAIN ROAD, JAYANAGAR 9TH BLOCK BENGALURU.",ELECTRIC POLE,65,12.916889,77.596935,0,0,0.0,0.0
Bengaluru City,Mico Layout Traffic PS,1.04432e+16,2019,1,2,Road Accidents,Not Applicable,City/Town,Residential area,Human Error,No,Grievous Injury,Head on,Uncontrolled,Straight and flat,City or Town Road,Bitumen(Tar),Dry,No influence on accident,Clear,"2ND CROSS, BHBCS LAYOUT, BTM 2ND STAGE, BENGALURU CITY",TREE,53,12.895851,77.599716,0,0,0.0,0.0
Bengaluru City,Mico Layout Traffic PS,1.04432e+16,2019,1,1,Road Accidents,Cross roads,City/Town,At pedestrian Crossing,Human Error,Yes,Grievous Injury,Hit pedestrian,Uncontrolled,Straight and flat,Sub Arterial,Bitumen(Tar),Dry,Not Applicable,Clear,"OPPO LASSI PARK, 16TH MAIN, BTM 2ND STAGE, BENGALURU",ELECTRIC POLE,15,12.910815,77.610005,0,0,0.0,0.0
Bengaluru City,Mico Layout Traffic PS,1.04432e+16,2019,1,2,Road Accidents,Junction,City/Town,Near a factory industrial area,Human Error,Yes,Grievous Injury,Vehicle to Vehicle,Signal lights Automatic,Slight Curve,Two way,Bitumen(Tar),Dry,Not Applicable,Clear,"BANNERUGHATTA MAIN ROAD, DAIRY CIRCLE JNCTION , BENGALURU.",STREET LIGHT,65,12.937157,77.601715,0,0,0.0,0.0
Bengaluru City,Mico Layout Traffic PS,1.04432e+16,2019,1,2,Road Accidents,Junction,City/Town,Near Hospital,Human Error,No,Grievous Injury,Vehicle to Vehicle,No signal lights,Straight and flat,Two way,Bitumen(Tar),Dry,Not Applicable,Clear,"OPPO HDFC BANK, BISMILLA NAGAR JUNCTION, BANNERUGHATTA MAIN ROAD, BANGALURU",STREET LIGHT,50,12.927837,77.600565,0,0,0.0,0.0
Bengaluru City,Mico Layout Traffic PS,1.04432e+16,2019,1,2,Road Accidents,Junction,City/Town,Near office complex,Human Error,No,Grievous Injury,Vehicle to Vehicle,Police / Manual,Straight and flat,Two way,Bitumen(Tar),Dry,Not Applicable,Clear,"E.CITY ROT JUNCTION, 100FT RING ROAD, BTM 4TH STAGE, BENGALURU",ELECTRIC POLE,79,12.886846,77.610457,0,0,0.0,0.0
Bengaluru City,Mico Layout Traffic PS,1.04432e+16,2019,1,1,Road Accidents,Junction,City/Town,Near Hospital,Human Error,No,Damage Only,Not Applicable,Uncontrolled,Straight and flat,Arterial,Bitumen(Tar),Dry,No influence on accident,Clear,JAYADEVA UNDER PASS,UNDERBRIDGE,16,12.916741,77.600023,0,0,0.0,0.0
Bengaluru City,Mico Layout Traffic PS,1.04432e+16,2019,1,4,Road Accidents,Not Applicable,City/Town,Residential area,Human Error,No,Damage Only,Vehicle to Vehicle,Uncontrolled,Straight and flat,Arterial,Bitumen(Tar),Dry,No influence on accident,Clear,"OPP TO MS BUILDING, SWAGATH MN RD, NR THILAKNAGAR PS",ELECTRIC POLE,44,12.92857,77.591011,0,0,0.0,0.0
Bengaluru City,Mico Layout Traffic PS,1.04432e+16,2019,1,1,Road Accidents,Not Applicable,City/Town,Near a factory industrial area,Human Error,No,Fatal,Not Applicable,Uncontrolled,Straight and flat,Arterial,Bitumen(Tar),Dry,Not Applicable,Clear,"OPPOSITE TO ST JOHN WOOD APARTMENT, TAVAREKERE MN RD",ELECTRIC POLE,56,0.0,0.0,0,0,0.0,0.0
Bengaluru City,Mico Layout Traffic PS,1.04432e+16,2019,1,1,Road Accidents,Not Applicable,City/Town,Near office complex,Human Error,Yes,Grievous Injury,Hit and Run,Uncontrolled,Straight and flat,City or Town Road,Bitumen(Tar),Dry,No influence on accident,Clear,"OPPOSITE TO JAL BHAVAN, B G ROAD,",TREE,26,12.924452,77.600334,0,0,0.0,0.0
Bengaluru City,Mico Layout Traffic PS,1.04432e+16,2019,1,1,Road Accidents,T Junction,City/Town,In bazaar,Human Error,Yes,Grievous Injury,Hit pedestrian,Uncontrolled,Straight and flat,City or Town Road,Bitumen(Tar),Dry,No influence on accident,Clear,"NR UCO BANK, 18TH MN RD, 8TH CR JN, GANGOTHRI CIRCLE, BTM 1ST STG, BANGALORE",ELECTRIC POLE,49,12.919675,77.61197,0,0,0.0,0.0
Bengaluru City,Mico Layout Traffic PS,1.04432e+16,2019,1,2,Road Accidents,Cross roads,City/Town,Residential area,Human Error,Not Applicable,Damage Only,Right Turn Collision,Not Applicable,Straight and flat,City or Town Road,Bitumen(Tar),Dry,Not Applicable,Clear,29TH MAIN ROAD,ELECTRIC POLE,34,12.909204,77.614068,0,0,0.0,0.0
Bengaluru City,Mico Layout Traffic PS,1.04432e+16,2019,1,2,Road Accidents,Junction,City/Town,Near Bus stop,Human Error,Yes,Grievous Injury,Hit and Run,No signal lights,Straight and flat,City or Town Road,Bitumen(Tar),Dry,Not Applicable,Clear,"100FT RING ROAD, E.CITY, RTO JUNCTION, BTM 4TH STAGE",ELECTRIC POLE,48,12.886802,77.610508,0,0,0.0,0.0
Bengaluru City,Mico Layout Traffic PS,1.04432e+16,2019,1,2,Road Accidents,Narrow road,City/Town,Near a religious place,Human Error,Yes,Simple Injury,Vehicle to Vehicle,No signal lights,Straight and flat,Others,Bitumen(Tar),Dry,Not Applicable,Clear,"NEAR MAHESHWARI THEATER, 36TH CROSS, ARASU COLNY, JAYANAGAGR 9TH BLOCK BENGALURU.",TREE,25,12.923162,77.5982949,0,0,0.0,0.0
Bengaluru City,Mico Layout Traffic PS,1.04432e+16,2019,1,1,Road Accidents,Not Applicable,City/Town,Near School or College,Human Error,Yes,Fatal,Hit pedestrian,Uncontrolled,Straight and flat,Arterial,Bitumen(Tar),Dry,No influence on accident,Clear,"OPPOSITE TO LABOUR OFFICER, NR BLORE DAIRY, B G ROAD",STREET LIGHT,63,12.935448,77.6014229,0,0,0.0,0.0
Bengaluru City,Mico Layout Traffic PS,1.04432e+16,2019,1,2,Road Accidents,T Junction,City/Town,Residential area,Human Error,No,Grievous Injury,Side impact or Right angle,Uncontrolled,Straight and flat,City or Town Road,Bitumen(Tar),Dry,No influence on accident,Clear,"10TH CR & 7TH MN, BTM 2ND STAGE",ELECTRIC POLE,88,12.912368,77.606311,0,0,0.0,0.0
Bengaluru City,Mico Layout Traffic PS,1.04432e+16,2019,1,2,Road Accidents,Narrow road,City/Town,Near office complex,Human Error,No,Grievous Injury,Vehicle to Vehicle,No signal lights,Straight and flat,Others,Bitumen(Tar),Dry,Not Applicable,Clear,"OPPO MEHATAB MEDICAL SHOP, NEAR ST.JONS APTS, TAVAREKERE MAIN ROAD, BENGALURU 560029.",ELECTRIC POLE,40,12.929231,77.609423,0,0,0.0,0.0
Bengaluru City,Mico Layout Traffic PS,1.04432e+16,2019,1,2,Road Accidents,Junction,City/Town,Residential area,Human Error,Yes,Damage Only,Vehicle to Vehicle,Uncontrolled,Straight and flat,Arterial,Bitumen(Tar),Dry,Not Applicable,Clear,"Veena Kumar N S/o Sanjay Kumar N, Skanda, No 3, 1st Main, NAL Lyt, Jayanagar 4th T Block,",ELECTRIC POLE,88,0.0,0.0,0,0,0.0,0.0
Bengaluru City,Mico Layout Traffic PS,1.04432e+16,2019,1,1,Road Accidents,Other,City/Town,Near Bus stop,Human Error,No,Grievous Injury,Hit pedestrian,Uncontrolled,Straight and flat,City or Town Road,Bitumen(Tar),Dry,No influence on accident,Clear,"OPPOSITE TO DEPO 4, SBI BANK, 26TH MN RD, JAYANAGAR 4TH T BLK, BANGALORE CITY",ELECTRIC POLE,40,12.925349,77.593517,0,0,0.0,0.0
Bengaluru City,Mico Layout Traffic PS,1.04432e+16,2019,1,1,Road Accidents,Circle,City/Town,Near Bus stop,Human Error,Yes,Simple Injury,Hit and Run,Uncontrolled,Straight and flat,City or Town Road,Bitumen(Tar),Others,No influence on accident,Fine,BANNERUGATTA MAIN ROAD,ELECTRIC POLE,65,12.935244,77.601396,0,1,0.0,1.0
Bengaluru City,Mico Layout Traffic PS,1.04432e+16,2019,1,1,Not Applicable,Not Applicable,City/Town,Near a recreation place/cinema,Human Error,Yes,Grievous Injury,Hit pedestrian,Uncontrolled,Straight and flat,City or Town Road,Bitumen(Tar),Dry,No influence on accident,Clear,"OPPOSITE TO GOPALAN MALL, B G ROAD,",STREET LIGHT,79,12.914383,77.599816,0,0,0.0,0.0
Bengaluru City,Mico Layout Traffic PS,1.04432e+16,2019,1,1,Road Accidents,Junction,City/Town,Near Petrol Pump,Human Error,Yes,Grievous Injury,Hit pedestrian,Controlled,Straight and flat,City or Town Road,Bitumen(Tar),Dry,Not Applicable,Clear,"OPPOSITE, A2B HOTEL, UDUPI GARDEN SIGNAL, BTM 1ST STG,",CENTRE MEDIAN,29,12.916597,77.609605,0,0,0.0,0.0
Bengaluru City,Mico Layout Traffic PS,1.04432e+16,2019,1,2,Road Accidents,Narrow road,City/Town,Near School or College,Human Error,No,Grievous Injury,Vehicle to Vehicle,No signal lights,Straight and flat,Two way,Bitumen(Tar),Dry,Not Applicable,Clear,"OPPO BENGALURU DAIRY GATE, DR. MARIGAWDA ROAD, BENGALURU",STREET LIGHT,45,12.937012,77.603237,0,0,0.0,0.0
Bengaluru City,Mico Layout Traffic PS,1.04432e+16,2019,1,2,Road Accidents,Narrow road,City/Town,Near office complex,Human Error,No,Damage Only,Vehicle to Vehicle,Not at  Junction,Straight and flat,Two way,Bitumen(Tar),Dry,Not Applicable,Clear,"OPP LEBOUR OFFICE, ORECAL OFFICE GATE, BANNERUGHATTA MAIN ROAD, BENGALORE",STREET LIGHT,60,12.93519,77.601408,0,0,0.0,0.0
Bengaluru City,Mico Layout Traffic PS,1.04432e+16,2019,1,1,Road Accidents,Junction,City/Town,At pedestrian Crossing,Human Error,No,Grievous Injury,Hit pedestrian,No signal lights,Straight and flat,Two way,Bitumen(Tar),Dry,Not Applicable,Clear,"OPP FURNITURE CORNER, 16TN MAIN RD AND 29TH MAIN JN, BTM 2ND STAGE, BENGALURU.",TREE,5,12.905176,77.611063,0,0,0.0,0.0
Bengaluru City,Mico Layout Traffic PS,1.04432e+16,2019,1,2,Road Accidents,Not Applicable,City/Town,Residential area,Human Error,No,Grievous Injury,Vehicle to Vehicle,Uncontrolled,Straight and flat,Arterial,Bitumen(Tar),Dry,No influence on accident,Clear,"RANKA COLONY ROAD, BILEKAHALLI,",ELECTRIC POLE,42,0.0,0.0,0,0,0.0,0.0
Bengaluru City,Mico Layout Traffic PS,1.04432e+16,2019,1,2,Road Accidents,Narrow road,City/Town,Near Hospital,Human Error,No,Grievous Injury,Vehicle to Vehicle,No signal lights,Straight and flat,Two way,Bitumen(Tar),Dry,Not Applicable,Clear,"BTM 2ND STAGE, 7TH CROOS ROAD, OPPO DISNY BEKARY, BANGALORE",TREE,36,12.913746,77.607361,0,0,0.0,0.0
Bengaluru City,Mico Layout Traffic PS,1.04432e+16,2019,1,2,Road Accidents,Junction,City/Town,Near a recreation place/cinema,Human Error,No,Simple Injury,Vehicle to Vehicle,Uncontrolled,Straight and flat,Arterial,Bitumen(Tar),Dry,Not Applicable,Clear,"CAKEWALA JN, 26TH MN 36TH CR, JAYANAGAR 4TH T BLK",STREET LIGHT,58,12.92331,77.593462,0,0,0.0,0.0
Bengaluru City,Mico Layout Traffic PS,1.04432e+16,2019,1,2,Road Accidents,Not Applicable,City/Town,Residential area,Human Error,No,Damage Only,Vehicle to Vehicle,Uncontrolled,Straight and flat,Arterial,Bitumen(Tar),Dry,Not Applicable,Clear,"36TH CR, 20TH MN, JYN 4TH T BLOCK,",TREE,30,12.923123,77.59688,0,0,0.0,0.0
Bengaluru City,Mico Layout Traffic PS,1.04432e+16,2019,1,1,Road Accidents,Narrow road,City/Town,Near office complex,Human Error,Yes,Grievous Injury,Hit pedestrian,Uncontrolled,Straight and flat,Arterial,Bitumen(Tar),Dry,No influence on accident,Clear,"EAST END MAIN ROAD , JAYANAGAR 4TH T BLK",ELECTRIC POLE,39,12.918682,77.596853,0,0,0.0,0.0
Bengaluru City,Mico Layout Traffic PS,1.04432e+16,2019,1,2,Road Accidents,Junction,City/Town,Near office complex,Human Error,Yes,Damage Only,Vehicle to Vehicle,Controlled,Straight and flat,Arterial,Bitumen(Tar),Dry,Not Applicable,Clear,"28TH MN JN, MARENAHALLI MN RD,",TREE,49,0.0,0.0,0,0,0.0,0.0
Bengaluru City,Mico Layout Traffic PS,1.04432e+16,2019,1,2,Road Accidents,T Junction,City/Town,In bazaar,Human Error,Yes,Simple Injury,Head on,Uncontrolled,Straight and flat,City or Town Road,Bitumen(Tar),Dry,No influence on accident,Clear,"OPPOSITE TO ST JOHN WOOD APARTMENT, TAVAREKERE MN RD",ELECTRIC POLE,38,12.930137,77.609646,0,0,0.0,0.0
Bengaluru City,Mico Layout Traffic PS,1.04432e+16,2019,1,1,Road Accidents,Other,City/Town,Near Bus stop,Human Error,Yes,Grievous Injury,Hit and Run,Not at  Junction,Straight and flat,City or Town Road,Bitumen(Tar),Dry,No influence on accident,Fine,26TH MAIN ROAD JAYANAGR 4TH T BLOCK,LIGHT POLE,25,12.925113,77.593509,0,0,0.0,0.0
Bengaluru City,Mico Layout Traffic PS,1.04432e+16,2019,1,2,Road Accidents,Narrow road,City/Town,In bazaar,Human Error,No,Grievous Injury,Vehicle to Vehicle,Uncontrolled,Straight and flat,Sub Arterial,Bitumen(Tar),Dry,Pot holed,Clear,"OPPO VIJAYA BANK ATM, KALPAVRUKSHA RESIDENCE, TAVAREKERE MAIN ROAD",ELECTRIC POLE,30,12.926272,77.608886,5,0,0.0,5.0
Bengaluru City,Mico Layout Traffic PS,1.04432e+16,2019,1,2,Road Accidents,Junction,City/Town,Residential area,Human Error,No,Fatal,Side impact or Right angle,Controlled,Straight and flat,City or Town Road,Bitumen(Tar),Dry,No influence on accident,Clear,"22ND MN RD, 39TH CR JN, JYN  9TH BLK, BLORE",ELECTRIC POLE,73,12.920611,77.591468,0,0,0.0,0.0
Bengaluru City,Mico Layout Traffic PS,1.04432e+16,2019,1,2,Road Accidents,Not Applicable,City/Town,Residential area,Human Error,Yes,Grievous Injury,Head on,Uncontrolled,Straight and flat,City or Town Road,Bitumen(Tar),Dry,No influence on accident,Clear,"REAL FANCY STORE, 16TH MAIN ROAD, TAVAREKERE, BANGALORE CITY",ELECTRIC POLE,32,12.921508,77.611096,0,0,0.0,0.0
Bengaluru City,Mico Layout Traffic PS,1.04432e+16,2019,1,1,Road Accidents,T Junction,City/Town,In bazaar,Human Error,Yes,Grievous Injury,Hit pedestrian,Uncontrolled,Straight and flat,City or Town Road,Bitumen(Tar),Dry,Not Applicable,Clear,"OPPOSITE PIZZA HUT, 7TH CROSS, BTM 2ND STG",ELECTRIC POLE,49,12.913908,77.609596,0,0,0.0,0.0
Bengaluru City,Mico Layout Traffic PS,1.04432e+16,2019,1,1,Road Accidents,Junction,City/Town,In bazaar,Human Error,Yes,Grievous Injury,Hit pedestrian,Uncontrolled,Straight and flat,City or Town Road,Bitumen(Tar),Dry,Not Applicable,Clear,"30TH CROSS ROAD, 28TH MN RD JUNCTION, SWAGATH MAIN ROAD, BANGALORE CITY",ELECTRIC POLE,58,12.928459,77.595433,0,0,0.0,0.0
Bengaluru City,Mico Layout Traffic PS,1.04432e+16,2019,1,2,Road Accidents,Narrow road,City/Town,Near Hospital,Human Error,Yes,Grievous Injury,Vehicle to Vehicle,Not Applicable,Straight and flat,Not Applicable,Bitumen(Tar),Dry,Not Applicable,Clear,"OPPO INDUS FAMILY RESTORENT, 20TH MAIN, BTM 1ST STAGE, BENGALURU",TREE,40,12.917688,77.612544,0,0,0.0,0.0
Bengaluru City,Mico Layout Traffic PS,1.04432e+16,2019,1,2,Road Accidents,Narrow road,City/Town,Near Bus stop,Human Error,No,Grievous Injury,Vehicle to Vehicle,Not Applicable,Straight and flat,Two way,Bitumen(Tar),Dry,Not Applicable,Clear,"OPP G.D MARA SLAM, NEAR MURALI KRISHNA HOTEL, B.G. ROAD, N S PALYA.",ELECTRIC POLE,44,12.909956,77.600202,0,0,0.0,0.0
Bengaluru City,Mico Layout Traffic PS,1.04432e+16,2019,1,1,Road Accidents,Junction,City/Town,Near Hospital,Human Error,No,Grievous Injury,Hit pedestrian,No signal lights,Straight and flat,Two way,Bitumen(Tar),Dry,Not Applicable,Clear,"18TH MAIN, 39TH CROSS JN, JAYANAGAR 9TH BLOCK, BENGALURU.",CAMERA POLE,25,0.0,0.0,0,0,0.0,0.0
Bengaluru City,Mico Layout Traffic PS,1.04432e+16,2019,1,2,Road Accidents,T Junction,City/Town,Residential area,Human Error,No,Grievous Injury,Side impact or Right angle,Uncontrolled,Straight and flat,City or Town Road,Bitumen(Tar),Dry,Not Applicable,Clear,"5TH CROSS, 8TH MAIN, VIJAYABANK LYT, BANGALORE CITY",STREET LIGHT,79,12.890982,77.608226,0,0,0.0,0.0
Bengaluru City,Mico Layout Traffic PS,1.04432e+16,2019,1,1,Road Accidents,Narrow road,City/Town,Near Bus stop,Human Error,No,Grievous Injury,Rear end,No signal lights,Straight and flat,City or Town Road,Bitumen(Tar),Not Applicable,Not Applicable,Clear,OPPOSITE APPOLLO HOSPITAL BILLEKHAHALLI B G ROAD B-560076,ELECTRIC POLE,33,0.0,0.0,0,0,0.0,0.0
Bengaluru City,Mico Layout Traffic PS,1.04432e+16,2019,1,2,Road Accidents,Narrow road,City/Town,Residential area,Human Error,Yes,Grievous Injury,Hit and Run,Not Applicable,Straight and flat,City or Town Road,Bitumen(Tar),Not Applicable,Not Applicable,Clear,"OPP AVANTHA JAYA APARTMENT, 34TH C CROSS, JAYANAGAR 4TH T BLOCK, B-560041",TREE,13,12.92538,77.5964549,0,0,0.0,0.0
Bengaluru City,Mico Layout Traffic PS,1.04432e+16,2019,1,1,Road Accidents,Narrow road,City/Town,Residential area,Human Error,Yes,Grievous Injury,Hit pedestrian,Uncontrolled,Straight and flat,Arterial,Bitumen(Tar),Dry,Not Applicable,Clear,"OPPO M K AHAMED STORE, VAISHALI CIRCLE, JAYANAGAR 9TH BLOCK, BENGALURU",STREET LIGHT,36,12.92135,77.5935009,0,0,0.0,0.0
Bengaluru City,Mico Layout Traffic PS,1.04432e+16,2019,1,2,Road Accidents,Not Applicable,City/Town,Near a factory industrial area,Human Error,No,Damage Only,Vehicle to Vehicle,Uncontrolled,Straight and flat,Arterial,Bitumen(Tar),Dry,No influence on accident,Clear,"BENGALURU DAIRY GATE, DR MARIGOWDA ROAD",ELECTRIC POLE,45,12.936772,77.603755,0,0,0.0,0.0
Bengaluru City,Mico Layout Traffic PS,1.04432e+16,2019,1,1,Road Accidents,Junction,City/Town,Near Bus stop,Human Error,Yes,Grievous Injury,Hit pedestrian,No signal lights,Straight and flat,Two way,Bitumen(Tar),Dry,Not Applicable,Clear,"CAKEWALA JUNCTION, 26TH MAIN ROAD 36TH CROSS ROAD JAYANAGRA 4TH T BLOCK BENGLURU",ELECTRIC POLE,10,12.923196,77.59357,0,0,0.0,0.0
Bengaluru City,Mico Layout Traffic PS,1.04432e+16,2019,1,1,Road Accidents,Not Applicable,City/Town,Near Hospital,Human Error,Yes,Grievous Injury,Hit and Run,Uncontrolled,Straight and flat,City or Town Road,Bitumen(Tar),Dry,Not Applicable,Fine,HEALTH INDIA HOSPITAL,ELECTRIC POLE,40,12.926263,77.60889,0,0,0.0,0.0