DISTRICTNAME,UNITNAME,Crime_No,Year,RI,Noofvehicle_involved,Accident_Classification,Accident_Spot,Accident_Location,Accident_SubLocation,Main_Cause,Hit_Run,Severity,Collision_Type,Junction_Control,Road_Character,Road_Type,Surface_Type,Surface_Condition,Road_Condition,Weather,Accident_Road,Landmark_first,Distance_LandMark_First,Latitude,Longitude,Road_Condition_Score,Surface_Condition_Score,Surface_Type_Score,Road_Risk_Index
Bengaluru City,Mico Layout Traffic PS,1.04432e+16,2019,1,2,Road Accidents,Other,City/Town,Residential area,Human Error,Yes,Grievous Injury,Head on,Uncontrolled,Straight and flat,City or Town Road,Bitumen(Tar),Dry,No influence on accident,Clear,"RANKA COLONY ROAD, BILEKAHALLI,",TREE,45,12.903358,77.60272,0,0,0.0,0.0
Bengaluru City,Mico Layout Traffic PS,1.04432e+16,2019,1,2,Road Accidents,Narrow road,City/Town,Near Hospital,Human Error,Yes,Fatal,Vehicle to Vehicle,No signal lights,Straight and flat,Two way,Bitumen(Tar),Others,Not Applicable,Light Rain,"OPPO BENGALURU CENTRAL MALL, MARENAHALLI 100FT RING ROAD, BENGALURU CITY",TREE,24,12.916801,77.592262,0,1,0.0,1.0
Bengaluru City,Mico Layout Traffic PS,1.04432e+16,2019,1,1,Road Accidents,Other,City/Town,Residential area,Human Error,No,Fatal,Hit pedestrian,Not at  Junction,Straight and flat,City or Town Road,Bitumen(Tar),Dry,Not Applicable,Clear,OPP VINAYAKA ARCADE 80FT RD BTM 4TH STAGE BANGALORE,ELECTRIC POLE,109,12.887257,77.610582,0,0,0.0,0.0
Bengaluru City,Mico Layout Traffic PS,1.04432e+16,2019,1,2,Road Accidents,T Junction,City/Town,Near School or College,Human Error,No,Grievous Injury,Rear end,Not at  Junction,Straight and flat,City or Town Road,Bitumen(Tar),Dry,No influence on accident,Fine,EAST END ROAD,TREE,29,12.927029,77.5971129,0,0,0.0,0.0
Bengaluru City,Mico Layout Traffic PS,1.04432e+16,2019,1,2,Road Accidents,Junction,City/Town,Residential area,Human Error,Yes,Grievous Injury,Hit and Run,Not Applicable,Straight and flat,City or Town Road,Bitumen(Tar),Not Applicable,Not Applicable,Clear,"OPP TURNING POINT 22ND MAIN RD, 39TH CROSS JN JAYANAGAR 4TH T BLOACK",ELECTRIC POLE,32,12.920603,77.591544,0,0,0.0,0.0
Bengaluru City,Mico Layout Traffic PS,1.04432e+16,2019,1,1,Road Accidents,Narrow road,City/Town,At pedestrian Crossing,Human Error,Yes,Fatal,Hit pedestrian,No signal lights,Straight and flat,Arterial,Bitumen(Tar),Others,Not Applicable,Clear,"OPPO AIRTEL OFFICE, BANNERUGATTA MAIN ROAD, GURAPPAN PALYA B-29",STREET LIGHT,63,12.918782,77.6000869,0,1,0.0,1.0
Bengaluru City,Mico Layout Traffic PS,1.04432e+16,2019,1,2,Road Accidents,Junction,City/Town,Near Hospital,Human Error,Yes,Grievous Injury,Vehicle to Vehicle,No signal lights,Straight and flat,Two way,Bitumen(Tar),Dry,Not Applicable,Clear,"JAYANAGAR 28TH MAIN JN, MARENHALLI 100FT RING ROAD.",ELECTRIC POLE,54,12.916819,77.595161,0,0,0.0,0.0
Bengaluru City,Mico Layout Traffic PS,1.04432e+16,2019,1,2,Road Accidents,Junction,City/Town,Residential area,Human Error,No,Grievous Injury,Vehicle to Vehicle,Uncontrolled,Straight and flat,Arterial,Bitumen(Tar),Dry,No influence on accident,Clear,"NR THIRUMALA BAR & EAST END MN RD JN, JYN 9TH BLK,",TREE,22,12.919156,77.597086,0,0,0.0,0.0
Bengaluru City,Mico Layout Traffic PS,1.04432e+16,2019,1,2,Road Accidents,Curves,City/Town,In bazaar,Human Error,Yes,Grievous Injury,Vehicle to Vehicle,Not Applicable,Curve and Incline,Two way,Bitumen(Tar),Dry,Not Applicable,Clear,"OPPO. CHICKEN COUNTY, BANNERUGHATTA MAIN ROAD AND KRISHNAPPA GARDEN ROAD JN.",TREE,66,12.930561,77.600596,0,0,0.0,0.0
Bengaluru City,Mico Layout Traffic PS,1.04432e+16,2019,1,2,Road Accidents,Junction,City/Town,Residential area,Human Error,Yes,Fatal,Hit and Run,Signal lights Blinking,Straight and flat,City or Town Road,Bitumen(Tar),Dry,Not Applicable,Clear,"HDFC BANK, NR BSNL OFFICE, SIR M VISVESWARAYA ROAD, VIJAYA BANK LAYOUT, BANGALORE CITY",ELECTRIC POLE,49,0.0,0.0,0,0,0.0,0.0
Bengaluru City,Mico Layout Traffic PS,1.04432e+16,2019,1,1,Road Accidents,Other,City/Town,Near office complex,Human Error,No,Grievous Injury,Hit pedestrian,Uncontrolled,Straight and flat,City or Town Road,Bitumen(Tar),Dry,Not Applicable,Clear,"ACCENTURE COMPANY, B G ROAD",ELECTRIC POLE,81,12.933543,77.601107,0,0,0.0,0.0
Bengaluru City,Mico Layout Traffic PS,1.04432e+16,2019,1,3,Road Accidents,Other,City/Town,In bazaar,Human Error,No,Fatal,Side impact or Right angle,Uncontrolled,Straight and flat,City or Town Road,Bitumen(Tar),Dry,Not Applicable,Clear,"OPPOSITE TO PAPPU CHAIWALA, 20TH MN RD, BTM 1ST STG",ELECTRIC POLE,29,12.916862,77.612404,0,0,0.0,0.0
Bengaluru City,Mico Layout Traffic PS,1.04432e+16,2019,1,2,Road Accidents,Junction,City/Town,Open area,Human Error,No,Grievous Injury,Side impact or Right angle,Controlled,Straight and flat,City or Town Road,Bitumen(Tar),Dry,No influence on accident,Clear,"AREKERE JUNCTION, B G ROAD, BANGALORE CITY",SIGNAL POLE,64,12.89055,77.598126,0,0,0.0,0.0
Bengaluru City,Mico Layout Traffic PS,1.04432e+16,2019,1,3,Road Accidents,Junction,City/Town,Near office complex,Human Error,No,Fatal,Side impact or Right angle,Uncontrolled,Straight and flat,City or Town Road,Bitumen(Tar),Dry,Not Applicable,Clear,"NR ELECTRONIC CITY RTO JUNCTION, BTM 100 FT RING ROAD, 4TH STAGE",ELECTRIC POLE,59,12.886792,77.610517,0,0,0.0,0.0
Bengaluru City,Mico Layout Traffic PS,1.04432e+16,2019,1,1,Road Accidents,Narrow road,City/Town,Near School or College,Human Error,No,Grievous Injury,Hit pedestrian,Not at  Junction,Straight and flat,Two way,Bitumen(Tar),Dry,Not Applicable,Clear,"OPP PARIMALA STORE, EAST END MAIN ROAD, JAYANAGAR 4TH T BLOCK, BENGALURU.",ELECTRIC POLE,50,12.92392,77.597017,0,0,0.0,0.0
Bengaluru City,Mico Layout Traffic PS,1.04432e+16,2019,1,1,Road Accidents,Junction,City/Town,At pedestrian Crossing,Human Error,No,Grievous Injury,Hit pedestrian,No signal lights,Straight and flat,Two way,Bitumen(Tar),Dry,Not Applicable,Clear,"10THCROSS, 4TH MAIN JUNCTION, BYRASANDRA, JAYNAGAR 1ST  EAST BLOCK, BENGALURU.",ELECTRIC POLE,39,0.0,0.0,0,0,0.0,0.0
Bengaluru City,Mico Layout Traffic PS,1.04432e+16,2019,1,2,Road Accidents,Narrow road,City/Town,Near or inside a village,Human Error,No,Simple Injury,Vehicle to Vehicle,Not at  Junction,Straight and flat,Two way,Bitumen(Tar),Dry,Not Applicable,Clear,"OPP APOLLO PHARMACE, 16TH MAIN, BTM 1ST STAGE, BENAGALURU-29",STREET LIGHT,29,12.920593,77.61061,0,0,0.0,0.0
Bengaluru City,Mico Layout Traffic PS,1.04432e+16,2019,1,2,Road Accidents,Not Applicable,City/Town,Near Hospital,Human Error,Yes,Grievous Injury,Rear end,Uncontrolled,Straight and flat,City or Town Road,Bitumen(Tar),Dry,No influence on accident,Clear,"OPPOSITE TO HYUNDAI SHOW ROOM, NR SAGAR HOSPITAL, B G ROAD,",TREE,25,12.9298,77.60073,0,0,0.0,0.0
Bengaluru City,Mico Layout Traffic PS,1.04432e+16,2019,1,1,Road Accidents,Not Applicable,City/Town,Residential area,Human Error,Yes,Grievous Injury,Hit pedestrian,Uncontrolled,Straight and flat,City or Town Road,Bitumen(Tar),Dry,No influence on accident,Clear,SWAGATH MAIN ROAD,TREE,30,12.928588,77.591889,0,0,0.0,0.0
Bengaluru City,Mico Layout Traffic PS,1.04432e+16,2019,1,2,Road Accidents,Other,City/Town,Near office complex,Human Error,No,Damage Only,Rear end,Uncontrolled,Straight and flat,City or Town Road,Bitumen(Tar),Dry,Not Applicable,Clear,100 FT RING ROAD OPPOSITE WATER TANK BTM 1ST STAGE BANGALURU CITY,ELECTRIC POLE,36,12.916533,77.607006,0,0,0.0,0.0
Bengaluru City,Mico Layout Traffic PS,1.04432e+16,2019,1,1,Road Accidents,Narrow road,City/Town,Near Hospital,Human Error,No,Grievous Injury,Hit pedestrian,Uncontrolled,Straight and flat,Arterial,Bitumen(Tar),Dry,Not Applicable,Clear,"OPPO JAYANAGAR GENARAL HOSPITAL, 26TH MAIN, JAYANAGAR 4TH T BLOCK, BENGALURU",STREET LIGHT,50,12.924945,77.5936899,0,0,0.0,0.0
Bengaluru City,Mico Layout Traffic PS,1.04432e+16,2019,1,2,Road Accidents,Junction,City/Town,Near a recreation place/cinema,Human Error,No,Grievous Injury,Vehicle to Vehicle,No signal lights,Straight and flat,Others,Bitumen(Tar),Dry,Not Applicable,Clear,"OPPO BANGALORE CENTRAL MALL, MARENAHALLI 100FT RING ROAD,",ELECTRIC POLE,45,12.916934,77.592704,0,0,0.0,0.0
Bengaluru City,Mico Layout Traffic PS,1.04432e+16,2019,1,2,Road Accidents,Junction,City/Town,Residential area,Human Error,Yes,Grievous Injury,Vehicle to Vehicle,No signal lights,Straight and flat,Two way,Bitumen(Tar),Dry,Not Applicable,Clear,"3RD CROSS, 29TH MAIN ROAD, BTM 2ND STAGE, BENGALURU",TREE,35,12.913927,77.614568,0,0,0.0,0.0
Bengaluru City,Mico Layout Traffic PS,1.04432e+16,2019,1,2,Road Accidents,Narrow road,City/Town,Near Hospital,Human Error,Yes,Damage Only,Vehicle to Vehicle,Not Applicable,Straight and flat,Two way,Bitumen(Tar),Dry,Not Applicable,Clear,"OPP SAGAR HOSPITAL, SWAGATH MAIN ROAD, TILAK NAGAR, BENGALURU",ELECTRIC POLE,20,0.0,0.0,0,0,0.0,0.0
Bengaluru City,Mico Layout Traffic PS,1.04432e+16,2019,1,1,Road Accidents,Junction,City/Town,In bazaar,Human Error,Yes,Grievous Injury,Hit and Run,Uncontrolled,Straight and flat,City or Town Road,Bitumen(Tar),Dry,Not Applicable,Clear,"OPPOSITE TO SHAKTHI MEDICALS, 26TH MN RD, JAYANAGAR 9TH BLK, BANGALORE CITY",ELECTRIC POLE,25,12.921554,77.593417,0,0,0.0,0.0
Bengaluru City,Mico Layout Traffic PS,1.04432e+16,2019,1,2,Road Accidents,T Junction,City/Town,Near office complex,Human Error,No,Grievous Injury,Side impact or Right angle,Controlled,Straight and flat,City or Town Road,Bitumen(Tar),Dry,Not Applicable,Fine,"HSBC JUNCTION, B G ROAD,",ELECTRIC POLE,56,12.893104,77.598997,0,0,0.0,0.0
Bengaluru City,Mico Layout Traffic PS,1.04432e+16,2019,1,2,Road Accidents,Narrow road,City/Town,Near a recreation place/cinema,Human Error,Yes,Grievous Injury,Hit and Run,Not Applicable,Straight and flat,City or Town Road,Bitumen(Tar),Dry,Not Applicable,Clear,"OPPOSITE GOPALAN MALL, B.G ROAD, BANGLORE-560076",ELECTRIC POLE,15,12.913662,77.599774,0,0,0.0,0.0
Bengaluru City,Mico Layout Traffic PS,1.04432e+16,2019,1,2,Road Accidents,Cross roads,City/Town,Near Hospital,Human Error,Yes,Grievous Injury,Hit and Run,No signal lights,Straight and flat,City or Town Road,Bitumen(Tar),Dry,Not Applicable,Clear,"JAYANAGAR 9TH BLOCK, 39TH CROSS, 19TH MAIN JUNCTION",TREE,69,12.920642,77.5900479,0,0,0.0,0.0
Bengaluru City,Mico Layout Traffic PS,1.04432e+16,2019,1,2,Road Accidents,Narrow road,City/Town,Near a recreation place/cinema,Human Error,No,Simple Injury,Vehicle to Vehicle,No signal lights,Straight and flat,Two way,Bitumen(Tar),Dry,Not Applicable,Clear,"OPP HDFC BANK ATM, TAVAREKERE MAIN ROAD, BTM 1ST STAGE, BENGALURU-560029",TREE,18,12.927189,77.609063,0,0,0.0,0.0
Bengaluru City,Mico Layout Traffic PS,1.04432e+16,2019,1,2,Road Accidents,Junction,City/Town,Near a recreation place/cinema,Human Error,No,Grievous Injury,Vehicle to Vehicle,Controlled,Straight and flat,Arterial,Bitumen(Tar),Dry,No influence on accident,Clear,"28TH MN JN, MARENAHALLI MN RD,",ELECTRIC POLE,39,0.0,0.0,0,0,0.0,0.0
Bengaluru City,Mico Layout Traffic PS,1.04432e+16,2020,1,2,Road Accidents,Junction,City/Town,Near office complex,Human Error,Yes,Grievous Injury,Vehicle to Vehicle,Controlled,Straight and flat,Arterial,Bitumen(Tar),Dry,No influence on accident,Clear,"16TH MN JN, RING ROAD, BENGALURU CITY",TREE,40,0.0,0.0,0,0,0.0,0.0
Bengaluru City,Mico Layout Traffic PS,1.04432e+16,2020,1,1,Road Accidents,Curves,City/Town,Near office complex,Human Error,No,Damage Only,Not Applicable,Not at  Junction,Curve and Incline,Two way,Bitumen(Tar),Dry,Not Applicable,Clear,"7THCRS,7TH MN,BTM 2ND STAGE",GREEN TREE,21,0.0,0.0,0,0,0.0,0.0
Bengaluru City,Mico Layout Traffic PS,1.04432e+16,2020,1,2,Road Accidents,Circle,City/Town,Near a factory industrial area,Human Error,Yes,Grievous Injury,Vehicle to Vehicle,Controlled,Straight and flat,Arterial,Bitumen(Tar),Dry,Not Applicable,Clear,"BENGALURU DAIRY GATE, DR MARIGOWDA ROAD",SIGNAL POLE,8,0.0,0.0,0,0,0.0,0.0
Bengaluru City,Mico Layout Traffic PS,1.04432e+16,2020,1,2,Road Accidents,Narrow road,City/Town,Near Bus stop,Human Error,No,Grievous Injury,Vehicle to Vehicle,No signal lights,Straight and flat,Two way,Bitumen(Tar),Dry,Not Applicable,Clear,OPP MUNESHWARA TEMPLE NEAR CHRIST UNIVERSITY DR MARIGOUDA MAIN ROAD,GREEN TREE,31,0.0,0.0,0,0,0.0,0.0
Bengaluru City,Mico Layout Traffic PS,1.04432e+16,2020,1,1,Road Accidents,Road hump or Rumble strips,City/Town,Residential area,Human Error,No,Fatal,Not Applicable,Not at  Junction,Hump,Arterial,Bitumen(Tar),Dry,No influence on accident,Clear,"OPPOSITE TO WHATSUP CAFE BEKARY, 16TH MN RD, BTM 2ND STAGE, BENGALURU CITY",ELECTRIC POLE,23,12.910827,77.610008,0,0,0.0,0.0
Bengaluru City,Mico Layout Traffic PS,1.04432e+16,2020,1,2,Road Accidents,Narrow road,City/Town,Residential area,Human Error,No,Damage Only,Vehicle to Vehicle,No signal lights,Straight and flat,Two way,Bitumen(Tar),Dry,Not Applicable,Clear,7TH CROSS BTM 2ND STAGE BENGLURU CITY,GREEN TREE,51,0.0,0.0,0,0,0.0,0.0
Bengaluru City,Mico Layout Traffic PS,1.04432e+16,2020,1,2,Road Accidents,Circle,City/Town,Near Hospital,Human Error,No,Grievous Injury,Vehicle to Vehicle,Uncontrolled,Straight and flat,Arterial,Bitumen(Tar),Dry,No influence on accident,Clear,"OPPOSITE KSRTC QTRS, 36TH CR, JYN 4TH T BLK, BENGALURU CITY",TREE,20,0.0,0.0,0,0,0.0,0.0
Bengaluru City,Mico Layout Traffic PS,1.04432e+16,2020,1,2,Road Accidents,Not Applicable,City/Town,Near a recreation place/cinema,Human Error,Yes,Grievous Injury,Vehicle to Vehicle,Uncontrolled,Straight and flat,Arterial,Bitumen(Tar),Dry,No influence on accident,Fine,"OPP TO DISNEY BEKARY, 7TH CR, BTM 2ND STAGE, BENGALURU CITY",TREE,35,0.0,0.0,0,0,0.0,0.0
Bengaluru City,Mico Layout Traffic PS,1.04432e+16,2020,1,2,Road Accidents,Narrow road,City/Town,Residential area,Human Error,No,Simple Injury,Vehicle to Vehicle,Not Applicable,Straight and flat,Two way,Bitumen(Tar),Dry,Not Applicable,Clear,"JAYANAGAR 3RD BLOCK EAST, L.I.C COLONY, 14TH MAIN, NEAR SRI VENKATARAMANA SWAMY TEMPLE.",GREEN TREE,22,0.0,0.0,0,0,0.0,0.0
Bengaluru City,Mico Layout Traffic PS,1.04432e+16,2020,1,2,Road Accidents,Junction,City/Town,Residential area,Human Error,Yes,Simple Injury,Vehicle to Vehicle,No signal lights,Others,Others,Bitumen(Tar),Dry,Not Applicable,Clear,"3rd MAIN ROAD , 5TH CROSS JUNCTION BTM 2ND STAGE BENGALURU CITY",ELECTRIC POLE,52,0.0,0.0,0,0,0.0,0.0
Bengaluru City,Mico Layout Traffic PS,1.04432e+16,2020,1,2,Road Accidents,Narrow road,City/Town,Residential area,Human Error,No,Damage Only,Vehicle to Vehicle,No signal lights,Steep Incline or Climb,Two way,Bitumen(Tar),Dry,Not Applicable,Clear,"29TH MAIN, 34 C CROSS JAYANGARA 4TH T BLOCK BENGLURU",TELEPHONE POLE,43,0.0,0.0,0,0,0.0,0.0
Bengaluru City,Mico Layout Traffic PS,1.04432e+16,2020,1,1,Road Accidents,Road hump or Rumble strips,City/Town,Near School or College,Human Error,No,Grievous Injury,Not Applicable,Signal lights Blinking,Hump,Arterial,Bitumen(Tar),Dry,Not Applicable,Fine,"OPP TO VIJAYASHREE HOTEL, NR IIMB GATE, B G ROAD, BENGALURE CITY",TREE,16,0.0,0.0,0,0,0.0,0.0
Bengaluru City,Mico Layout Traffic PS,1.04432e+16,2020,1,2,Road Accidents,Circle,City/Town,Near office complex,Human Error,Yes,Simple Injury,Vehicle to Vehicle,Signal lights Blinking,Straight and flat,Two way,Bitumen(Tar),Dry,Not Applicable,Clear,"BANNERUGHATTA MAIN ROAD, BILLEKHALLI JUNCTION",SIGNAL POLE,35,0.0,0.0,0,0,0.0,0.0
Bengaluru City,Mico Layout Traffic PS,1.04432e+16,2020,1,1,Road Accidents,Junction,City/Town,Residential area,Human Error,Yes,Grievous Injury,Hit pedestrian,Uncontrolled,Straight and flat,Arterial,Bitumen(Tar),Dry,Not Applicable,Clear,"OPPOSITE DURGAPARAMESHWARI CONDIMENTS BEKARY, 7TH CROSS, 12TH A MN RD, BTM 1ST STG",TREE,26,0.0,0.0,0,0,0.0,0.0
Bengaluru City,Mico Layout Traffic PS,1.04432e+16,2020,1,2,Road Accidents,Not Applicable,City/Town,Near School or College,Human Error,Yes,Fatal,Vehicle to Vehicle,Uncontrolled,Straight and flat,Arterial,Bitumen(Tar),Dry,No influence on accident,Clear,"DHARMARAM COLLEGE GATE, BENGALURU DIARY BUS STOP, B G ROAD",STREET LIGHT,50,0.0,0.0,0,0,0.0,0.0
Bengaluru City,Mico Layout Traffic PS,1.04432e+16,2020,1,1,Road Accidents,Road hump or Rumble strips,City/Town,Residential area,Human Error,No,Fatal,Not Applicable,Uncontrolled,Straight and flat,Arterial,Bitumen(Tar),Dry,Not Applicable,Clear,"11TH MN, 8TH MN, VIJAYA BANK LYT,",ELECTRIC POLE,35,0.0,0.0,0,0,0.0,0.0
Bengaluru City,Mico Layout Traffic PS,1.04432e+16,2020,1,1,Road Accidents,Not Applicable,City/Town,Near office complex,Human Error,No,Grievous Injury,Not Applicable,Uncontrolled,Straight and flat,Arterial,Bitumen(Tar),Dry,No influence on accident,Clear,"ABOVE BENGALURU DAIRY FLYOVER RAMP, DR MARI GOWDA MN RD, BENGALURU CITY",STREET LIGHT,62,0.0,0.0,0,0,0.0,0.0
Bengaluru City,Mico Layout Traffic PS,1.04432e+16,2020,1,1,Road Accidents,Narrow road,City/Town,Near Petrol Pump,Human Error,No,Fatal,Hit pedestrian,Not Applicable,Straight and flat,Two way,Bitumen(Tar),Dry,Not Applicable,Clear,"OPPOSITE INDIAN OIL PETROL BUNK, NEAR BRAND FACTORY, BILEKAHALLI, B G ROAD BENGALURU CITY",METRO BAREKED,10,0.0,0.0,0,0,0.0,0.0
Bengaluru City,Mico Layout Traffic PS,1.04432e+16,2020,1,2,Road Accidents,Narrow road,City/Town,Near a factory industrial area,Human Error,Yes,Grievous Injury,Vehicle to Vehicle,Uncontrolled,Straight and flat,Arterial,Bitumen(Tar),Dry,Not Applicable,Clear,"SAGAR AUTOMOBILES, B G ROAD,",ELECTRIC POLE,30,0.0,0.0,0,0,0.0,0.0
Bengaluru City,Mico Layout Traffic PS,1.04432e+16,2020,1,1,Road Accidents,Road hump or Rumble strips,City/Town,Near Hospital,Human Error,No,Damage Only,Not Applicable,Uncontrolled,Straight and flat,Arterial,Bitumen(Tar),Dry,Not Applicable,Clear,OPPOSITE APPOLLO HOSPITAL BILLEKHAHALLI B G ROAD B-560076,TREE,52,0.0,0.0,0,0,0.0,0.0
Bengaluru City,Mico Layout Traffic PS,1.04432e+16,2020,1,2,Road Accidents,Narrow road,City/Town,Near office complex,Human Error,No,Simple Injury,Vehicle to Vehicle,Not at  Junction,Others,Others,Bitumen(Tar),Dry,Not Applicable,Clear,OPPOSITE OF JANARDHANA TOWERS BANNERGHATTA MAIN ROAD BILLEKHALLI,ELECTRIC POLE,95,0.0,0.0,0,0,0.0,0.0
Bengaluru City,Mico Layout Traffic PS,1.04432e+16,2020,1,2,Road Accidents,Narrow road,City/Town,Residential area,Human Error,No,Damage Only,Vehicle to Vehicle,Not at  Junction,Straight and flat,Others,Bitumen(Tar),Dry,Not Applicable,Clear,NEAR RANKA COLONY JUNCTION BILEKHALLI BANERUGHATTA ROAD BENGLURU CITY,GREEN TREE,45,0.0,0.0,0,0,0.0,0.0
Bengaluru City,Mico Layout Traffic PS,1.04432e+16,2020,1,2,Road Accidents,Junction,City/Town,In bazaar,Human Error,Yes,Grievous Injury,Vehicle to Vehicle,Uncontrolled,Straight and flat,Arterial,Bitumen(Tar),Dry,No influence on accident,Clear,"KAMAL JEWELLERS, BTM 100 FEET RING ROAD",ELECTRIC POLE,49,0.0,0.0,0,0,0.0,0.0
Bengaluru City,Mico Layout Traffic PS,1.04432e+16,2020,1,1,Road Accidents,Narrow road,City/Town,Near School or College,Human Error,Yes,Grievous Injury,Hit pedestrian,Uncontrolled,Straight and flat,Arterial,Bitumen(Tar),Dry,No influence on accident,Clear,"JAIN COLLEGE, JAYANAGAR 9TH BLK",ELECTRIC POLE,45,0.0,0.0,0,0,0.0,0.0
Bengaluru City,Mico Layout Traffic PS,1.04432e+16,2020,1,1,Road Accidents,Narrow road,City/Town,Near office complex,Human Error,Yes,Grievous Injury,Hit pedestrian,Not at  Junction,Straight and flat,Two way,Bitumen(Tar),Dry,Not Applicable,Clear,"OPP THIRUMALA BAR, EAST END MAIN ROAD, JYANAGARA 9TH BLOCK",GREEN TREE,35,0.0,0.0,0,0,0.0,0.0
Bengaluru City,Mico Layout Traffic PS,1.04432e+16,2020,1,2,Road Accidents,Not Applicable,City/Town,Near office complex,Human Error,No,Fatal,Vehicle to Vehicle,Uncontrolled,Straight and flat,Arterial,Bitumen(Tar),Dry,Not Applicable,Fine,"OPP TO BBMP OFFICE, 28TH MN RD, JYN 4TH T BLK",TREE,40,12.918615,77.595126,0,0,0.0,0.0
Bengaluru City,Mico Layout Traffic PS,1.04432e+16,2020,1,1,Road Accidents,Curves,City/Town,Near office complex,Human Error,No,Fatal,Not Applicable,Uncontrolled,Straight and flat,Arterial,Bitumen(Tar),Dry,No influence on accident,Clear,"VIJAY BANK, 32TH E CR, JYN 4TH T BLK",TREE,36,0.0,0.0,0,0,0.0,0.0
Bengaluru City,Mico Layout Traffic PS,1.04432e+16,2020,1,1,Road Accidents,Circle,City/Town,Residential area,Human Error,No,Grievous Injury,Not Applicable,Uncontrolled,Straight and flat,Arterial,Bitumen(Tar),Dry,No influence on accident,Clear,"OPP PERFECT MOTORS, NR 36TH CR JN, EAST END MN RD, JYN 4TH T BLK, BENGALURU CITY.",ELECTRIC POLE,27,0.0,0.0,0,0,0.0,0.0
Bengaluru City,Mico Layout Traffic PS,1.04432e+16,2020,1,2,Road Accidents,Circle,City/Town,Near a recreation place/cinema,Human Error,Yes,Grievous Injury,Vehicle to Vehicle,Controlled,Straight and flat,Arterial,Bitumen(Tar),Dry,No influence on accident,Clear,"AREKERE JUNCTION, B G ROAD, BANGALORE CITY",PILLAR,36,0.0,0.0,0,0,0.0,0.0
Bengaluru City,Mico Layout Traffic PS,1.04432e+16,2020,1,2,Road Accidents,Junction,City/Town,Residential area,Human Error,No,Simple Injury,Vehicle to Vehicle,No signal lights,Straight and flat,Two way,Bitumen(Tar),Dry,Not Applicable,Clear,"NEAR AYYAPPA SWAMY TEMPLE, 5TH MAIN, 6TH CROSS JN, VIJAYA BANK LAYOUT, BENGLARU-560076.",ELECTRIC POLE,45,0.0,0.0,0,0,0.0,0.0
Bengaluru City,Mico Layout Traffic PS,1.04432e+16,2020,1,1,Road Accidents,Not Applicable,City/Town,In bazaar,Human Error,Yes,Grievous Injury,Hit pedestrian,Not Applicable,Straight and flat,Two way,Bitumen(Tar),Dry,Not Applicable,Clear,"OPP SRINIVASA AYYANGAR BEKERY, 8TH MAIN, NEW GURAPAN PALYA BENGLORE",ELECTRIC POLE,13,0.0,0.0,0,0,0.0,0.0
Bengaluru City,Mico Layout Traffic PS,1.04432e+16,2020,1,2,Road Accidents,Narrow road,City/Town,Residential area,Not Applicable,Yes,Fatal,Vehicle to Vehicle,Uncontrolled,Straight and flat,Arterial,Bitumen(Tar),Dry,No influence on accident,Clear,"OPP TO AL AMEEN APARTMENT, 39TH CR, JAYANAGAR 9TH BLK, BENGALURU CITY",TREE,46,0.0,0.0,0,0,0.0,0.0
Bengaluru City,Mico Layout Traffic PS,1.04432e+16,2020,1,2,Road Accidents,Junction,City/Town,Near Petrol Pump,Human Error,No,Simple Injury,Vehicle to Vehicle,No signal lights,Steep Incline or Climb,Two way,Bitumen(Tar),Dry,Not Applicable,Clear,100 FEET RING ROAD BTM 16TH MAIN JUNCTION BENGLURU NAGAR-560076,STREET LIGHT,55,0.0,0.0,0,0,0.0,0.0
Bengaluru City,Mico Layout Traffic PS,1.04432e+16,2020,1,2,Road Accidents,Cross roads,City/Town,Near a recreation place/cinema,Human Error,Yes,Simple Injury,Vehicle to Vehicle,Uncontrolled,Straight and flat,Arterial,Bitumen(Tar),Dry,No influence on accident,Clear,"2ND CROSS, BTM 2ND STAGE, B G ROAD, BENGALURU CITY",ELECTRIC POLE,20,0.0,0.0,0,0,0.0,0.0
Bengaluru City,Mico Layout Traffic PS,1.04432e+16,2020,1,2,Road Accidents,Junction,City/Town,In bazaar,Human Error,No,Damage Only,Vehicle to Vehicle,Uncontrolled,Straight and flat,Arterial,Bitumen(Tar),Dry,Not Applicable,Clear,S G PALYA MAIN RD,ELECTRIC POLE,34,0.0,0.0,0,0,0.0,0.0
Bengaluru City,Mico Layout Traffic PS,1.04432e+16,2020,1,2,Road Accidents,Junction,City/Town,Near office complex,Human Error,No,Damage Only,Vehicle to Vehicle,No signal lights,Straight and flat,Two way,Bitumen(Tar),Dry,Not Applicable,Clear,"JYANAGAR 9TH BLOCK, 28TH MAIN ROAD",GREEN TREE,38,0.0,0.0,0,0,0.0,0.0
Bengaluru City,Mico Layout Traffic PS,1.04432e+16,2020,1,2,Road Accidents,Circle,City/Town,Near office complex,Human Error,Yes,Simple Injury,Vehicle to Vehicle,Controlled,Straight and flat,Arterial,Bitumen(Tar),Dry,No influence on accident,Clear,"UDUPI GARDEN SIGNAL, 100 FT RG, 16TH MN JN, BTM 2ND STAGE, BENGALURU CITY",HIGH MASK,25,0.0,0.0,0,0,0.0,0.0
Bengaluru City,Mico Layout Traffic PS,1.04432e+16,2020,1,2,Road Accidents,Junction,City/Town,Near a recreation place/cinema,Human Error,Yes,Grievous Injury,Vehicle to Vehicle,Controlled,Straight and flat,Arterial,Bitumen(Tar),Dry,No influence on accident,Clear,"AREKERE JUNCTION, B G ROAD, BANGALORE CITY",STREET LIGHT,55,0.0,0.0,0,0,0.0,0.0
Bengaluru City,Mico Layout Traffic PS,1.04432e+16,2020,1,2,Road Accidents,Narrow road,City/Town,Residential area,Human Error,Yes,Simple Injury,Vehicle to Vehicle,No signal lights,Straight and flat,Two way,Bitumen(Tar),Dry,Not Applicable,Clear,"OPPOSITE VIJAYA ECLAVE, VIJAYA BANK LAYOUT,  DEVARACHIKANAHALLI",GREEN TREE,36,0.0,0.0,0,0,0.0,0.0
Bengaluru City,Mico Layout Traffic PS,1.04432e+16,2020,1,6,Road Accidents,Junction,City/Town,In bazaar,Human Error,No,Grievous Injury,Vehicle to Vehicle,Uncontrolled,Straight and flat,Arterial,Bitumen(Tar),Dry,Not Applicable,Clear,"NR CAFE COFFE DAY, 29TH MN RD, BTM 2ND STG",ELECTRIC POLE,22,0.0,0.0,0,0,0.0,0.0