DISTRICTNAME,UNITNAME,Crime_No,Year,RI,Noofvehicle_involved,Accident_Classification,Accident_Spot,Accident_Location,Accident_SubLocation,Main_Cause,Hit_Run,Severity,Collision_Type,Junction_Control,Road_Character,Road_Type,Surface_Type,Surface_Condition,Road_Condition,Weather,Accident_Road,Landmark_first,Distance_LandMark_First,Latitude,Longitude,Road_Condition_Score,Surface_Condition_Score,Surface_Type_Score,Road_Risk_Index
Bengaluru City,Mico Layout Traffic PS,1.04432e+16,2020,1,1,Road Accidents,Not Applicable,City/Town,Near Hospital,Human Error,No,Damage Only,Not Applicable,Uncontrolled,Straight and flat,Arterial,Bitumen(Tar),Dry,No influence on accident,Clear,"NR JAYADEVA JUNCTION, B G ROAD, BENGALURE CITY",STREET LIGHT,32,0.0,0.0,0,0,0.0,0.0
Bengaluru City,Mico Layout Traffic PS,1.04432e+16,2020,1,1,Road Accidents,Not Applicable,City/Town,Near School or College,Human Error,Yes,Grievous Injury,Hit pedestrian,Uncontrolled,Straight and flat,Arterial,Bitumen(Tar),Dry,No influence on accident,Fine,"BREN COMPANY, NR CHRIST UNIVERSITY, DR MARI GOWDA MN RD,",STREET LIGHT,43,0.0,0.0,0,0,0.0,0.0
Bengaluru City,Mico Layout Traffic PS,1.04432e+16,2020,1,2,Road Accidents,Curves,City/Town,Near Petrol Pump,Human Error,Yes,Grievous Injury,Vehicle to Vehicle,Uncontrolled,Straight and flat,Arterial,Bitumen(Tar),Dry,No influence on accident,Clear,"NR DRAINAGE, OPP TO PETROL BUNK, DEVARACHIKKANAHALLI MN RD, BENGALURU CITY",STREET LIGHT,42,0.0,0.0,0,0,0.0,0.0
Bengaluru City,Mico Layout Traffic PS,1.04432e+16,2020,1,1,Road Accidents,Narrow road,City/Town,Residential area,Human Error,Yes,Grievous Injury,Hit pedestrian,Not at  Junction,Straight and flat,Two way,Bitumen(Tar),Dry,Not Applicable,Clear,SRI SAI RAM PROVISON STORE 7TH CROSS BTM 2ND STAGE BENGALURU CITY KARNATAKA 560068,TREE,30,0.0,0.0,0,0,0.0,0.0
Bengaluru City,Mico Layout Traffic PS,1.04432e+16,2020,1,1,Road Accidents,Narrow road,City/Town,Near office complex,Human Error,Yes,Simple Injury,Not Applicable,No signal lights,Straight and flat,Two way,Bitumen(Tar),Dry,Not Applicable,Clear,DR MARIGOUDA ROAD OPP GOUSIA COLLEGE BENGLURU CITY,STREET LIGHT,25,0.0,0.0,0,0,0.0,0.0
Bengaluru City,Mico Layout Traffic PS,1.04432e+16,2020,1,2,Road Accidents,Junction,City/Town,Near office complex,Human Error,No,Grievous Injury,Vehicle to Vehicle,No signal lights,Straight and flat,Two way,Bitumen(Tar),Dry,Not Applicable,Clear,"7TH MN,7TH CRS, BTM 2ND STAGE BENGALURE",CAMERA POLE,34,0.0,0.0,0,0,0.0,0.0
Bengaluru City,Mico Layout Traffic PS,1.04432e+16,2020,1,2,Road Accidents,Junction,City/Town,Near Hospital,Human Error,Yes,Grievous Injury,Vehicle to Vehicle,Signal lights Blinking,Curve and Incline,Two way,Bitumen(Tar),Dry,Not Applicable,Clear,BANNERUGHATTA MAIN ROAD ARKERE JUNCTIN SIGNAL,METRO POLE,32,0.0,0.0,0,0,0.0,0.0
Bengaluru City,Mico Layout Traffic PS,1.04432e+16,2020,1,2,Road Accidents,Junction,City/Town,Near a factory industrial area,Human Error,No,Grievous Injury,Vehicle to Vehicle,Controlled,Straight and flat,Arterial,Bitumen(Tar),Dry,No influence on accident,Clear,"BENGALURU DAIRY GATE, DR MARIGOWDA ROAD",SIGNAL POLE,8,0.0,0.0,0,0,0.0,0.0
Bengaluru City,Mico Layout Traffic PS,1.04432e+16,2020,1,2,Road Accidents,Not Applicable,City/Town,Residential area,Human Error,Yes,Grievous Injury,Vehicle to Vehicle,Uncontrolled,Straight and flat,Arterial,Bitumen(Tar),Dry,Not Applicable,Clear,"OPPOSITE DILIP SCHOOL, DEVARACHIKKANAHALLI MN RD, BILEKAHALLI, BENGALURU CITY",ELECTRIC POLE,21,0.0,0.0,0,0,0.0,0.0
Bengaluru City,Mico Layout Traffic PS,1.04432e+16,2020,1,2,Road Accidents,Junction,City/Town,Residential area,Human Error,Yes,Grievous Injury,Vehicle to Vehicle,Uncontrolled,Straight and flat,Arterial,Bitumen(Tar),Dry,No influence on accident,Clear,"22ND MN, 41ST CR, JAYANAGAR 9TH BLK",TREE,40,0.0,0.0,0,0,0.0,0.0
Bengaluru City,Mico Layout Traffic PS,1.04432e+16,2020,1,7,Road Accidents,Junction,City/Town,Near Hospital,Human Error,No,Damage Only,Vehicle to Vehicle,Stop Sign,Straight and flat,Two way,Bitumen(Tar),Dry,Not Applicable,Clear,"NEAR REDDY HOSPITAL JUNCTION, EAST END MAIN ROAD, JAYANAGAR 4TH T BLOCK, BENGALURU-41",ELECTRIC POLE,24,0.0,0.0,0,0,0.0,0.0
Bengaluru City,Mico Layout Traffic PS,1.04432e+16,2020,1,2,Road Accidents,Junction,City/Town,Residential area,Human Error,No,Grievous Injury,Vehicle to Vehicle,No signal lights,Straight and flat,Two way,Bitumen(Tar),Dry,Not Applicable,Clear,"JAYANAGAR 4TH BLOCK, 31TH CROSS, 26TH MAIN JUNCTION,",STREET LIGHT,5,0.0,0.0,0,0,0.0,0.0
Bengaluru City,Mico Layout Traffic PS,1.04432e+16,2020,1,2,Road Accidents,Circle,City/Town,Near a recreation place/cinema,Human Error,No,Damage Only,Vehicle to Vehicle,Uncontrolled,Straight and flat,Arterial,Bitumen(Tar),Dry,No influence on accident,Clear,"SHILPA JN, B G ROAD",ELECTRIC POLE,45,0.0,0.0,0,0,0.0,0.0
Bengaluru City,Mico Layout Traffic PS,1.04432e+16,2020,1,2,Road Accidents,Junction,City/Town,Near office complex,Human Error,No,Grievous Injury,Vehicle to Vehicle,Signal lights Automatic,Straight and flat,Two way,Bitumen(Tar),Dry,Not Applicable,Clear,"MARENHALLI 100 FEER RING ROAD, JAYANAGAR 9TH BLOCK 28TH MAIN JUNCTION, BENGALORE.",STREET LIGHT,65,0.0,0.0,0,0,0.0,0.0
Bengaluru City,Mico Layout Traffic PS,1.04432e+16,2020,1,2,Road Accidents,Junction,City/Town,Residential area,Human Error,No,Fatal,Vehicle to Vehicle,No signal lights,Straight and flat,Two way,Bitumen(Tar),Dry,Not Applicable,Clear,"VIJAYA BANK LAYOUT 60 FT MAIN ROAD, SHANU BHOGA NAGAPPA LYT 2ND CROSS, ANUGRHA LYT 1ST CROSS JN",TREE,72,0.0,0.0,0,0,0.0,0.0
Bengaluru City,Mico Layout Traffic PS,1.04432e+16,2020,1,2,Road Accidents,Junction,City/Town,Near a factory industrial area,Human Error,Yes,Grievous Injury,Vehicle to Vehicle,Controlled,Straight and flat,Arterial,Bitumen(Tar),Dry,No influence on accident,Fine,"BENGALURU DAIRY GATE, DR MARIGOWDA ROAD",TREE,35,0.0,0.0,0,0,0.0,0.0
Bengaluru City,Mico Layout Traffic PS,1.04432e+16,2020,1,2,Road Accidents,Junction,City/Town,Near a recreation place/cinema,Human Error,No,Fatal,Vehicle to Vehicle,Controlled,Straight and flat,Arterial,Bitumen(Tar),Dry,No influence on accident,Clear,"TAVAREKERE JUNCTION, DR MARI GOWDA MN RD",HIGH MASK,20,0.0,0.0,0,0,0.0,0.0
Bengaluru City,Mico Layout Traffic PS,1.04432e+16,2020,1,2,Road Accidents,Narrow road,City/Town,Residential area,Human Error,Yes,Fatal,Vehicle to Vehicle,Not at  Junction,Straight and flat,Two way,Bitumen(Tar),Dry,Not Applicable,Clear,"BTM 2ND STAGE, 16TH MAIN ROAD, OPPSITE OF MENS SALOON",GREEN TREE,29,0.0,0.0,0,0,0.0,0.0
Bengaluru City,Mico Layout Traffic PS,1.04432e+16,2020,1,2,Road Accidents,Cross roads,City/Town,Near office complex,Human Error,No,Damage Only,Vehicle to Vehicle,No signal lights,Curve,Two way,Bitumen(Tar),Dry,Not Applicable,Clear,"BANNERAGHATTA MAIN ROAD ,NEAR ADIGAS HOTEL, AREKERE",ELECTRIC POLE,22,0.0,0.0,0,0,0.0,0.0
Bengaluru City,Mico Layout Traffic PS,1.04432e+16,2020,1,1,Road Accidents,Junction,City/Town,At pedestrian Crossing,Human Error,No,Grievous Injury,Hit pedestrian,Controlled,Straight and flat,Arterial,Bitumen(Tar),Dry,No influence on accident,Clear,"BENGALURU DAIRY CIRCLE, B G SERVICE ROAD",SIGNAL POLE,12,0.0,0.0,0,0,0.0,0.0
Bengaluru City,Mico Layout Traffic PS,1.04432e+16,2021,1,2,Road Accidents,Junction,City/Town,Near Petrol Pump,Human Error,No,Grievous Injury,Vehicle to Vehicle,Police / Manual,Straight and flat,Arterial,Bitumen(Tar),Dry,Not Applicable,Clear,"NR RUBY JN, BANNERGHATTA MN RD, BENGALURU CITY",ELECTRIC POLE,28,0.0,0.0,0,0,0.0,0.0
Bengaluru City,Mico Layout Traffic PS,1.04432e+16,2021,1,2,Road Accidents,Junction,City/Town,Near office complex,Human Error,No,Damage Only,Vehicle to Vehicle,Police / Manual,Straight and flat,Arterial,Bitumen(Tar),Dry,No influence on accident,Clear,"OPPOSITE A2B HOTEL, B G ROAD, HSBC JN, BENGALURU CITY",STREET LIGHT,22,0.0,0.0,0,0,0.0,0.0
Bengaluru City,Mico Layout Traffic PS,1.04432e+16,2021,1,2,Road Accidents,Junction,City/Town,Near Bus stop,Human Error,No,Damage Only,Vehicle to Vehicle,Signal lights Automatic,Straight and flat,Two way,Bitumen(Tar),Dry,Not Applicable,Clear,"EAST AND MAIN ROAD AND 100FT RING ROAD, EAST AND JUNCTION, JAYANAGAR 9TH BLOCK, BENGALURU",ELECTRIC POLE,30,0.0,0.0,0,0,0.0,0.0
Bengaluru City,Mico Layout Traffic PS,1.04432e+16,2021,1,2,Road Accidents,Junction,City/Town,Residential area,Not Applicable,Yes,Grievous Injury,Vehicle to Vehicle,Controlled,Not Applicable,Residential Street,Bitumen(Tar),Dry,Not Applicable,Clear,"22ND MAIN, 12TH CROSS, T JUNCTION, LIC COLONY, JAYANAGARA 3RD BLOCK, BANGALURU",SOLAR ENERGY SOLUTION,18,12.932803,77.586591,0,0,0.0,0.0
Bengaluru City,Mico Layout Traffic PS,1.04432e+16,2021,1,2,Road Accidents,Junction,City/Town,Near a recreation place/cinema,Human Error,No,Grievous Injury,Vehicle to Vehicle,Controlled,Straight and flat,Arterial,Bitumen(Tar),Dry,No influence on accident,Clear,"SWADISTHA HOTEL, 16TH MN RD, BTM 2ND STG, BENGALURU CITY",SIGNAL POLE,42,0.0,0.0,0,0,0.0,0.0
Bengaluru City,Mico Layout Traffic PS,1.04432e+16,2021,1,2,Road Accidents,Junction,City/Town,Near Petrol Pump,Human Error,No,Damage Only,Vehicle to Vehicle,Controlled,Straight and flat,Two way,Bitumen(Tar),Dry,No influence on accident,Clear,"100 FT RG RD, UDUPI GARDEN, BTM 2ND STAGE, BENGALURU CITY",HIGH MASK,15,0.0,0.0,0,0,0.0,0.0
Bengaluru City,Mico Layout Traffic PS,1.04432e+16,2021,1,1,Road Accidents,Narrow road,City/Town,Residential area,Human Error,Yes,Grievous Injury,Hit pedestrian,Uncontrolled,Straight and flat,Two way,Bitumen(Tar),Dry,Not Applicable,Clear,"OPPOSITE SRI SAINATH JEWELLERY WORKS, TAVAREKERE MAIN ROAD, BTM 1ST STAGE, BENGALURU-560029",ELECTRIC POLE,20,0.0,0.0,0,0,0.0,0.0
Bengaluru City,Mico Layout Traffic PS,1.04432e+16,2021,1,2,Road Accidents,Junction,City/Town,Residential area,Not Applicable,No,Grievous Injury,Vehicle to Vehicle,Controlled,Not Applicable,Others,Bitumen(Tar),Dry,Not Applicable,Not Applicable,100 FEET RING ROAD BTM 16TH MAIN JUNCTION BENGLURU NAGAR-560076,ELECTRIC POLE,46,0.0,0.0,0,0,0.0,0.0
Bengaluru City,Mico Layout Traffic PS,1.04432e+16,2021,1,2,Road Accidents,Not Applicable,City/Town,Residential area,Not Applicable,Not Applicable,Grievous Injury,Vehicle to Vehicle,Controlled,Not Applicable,Residential Street,Bitumen(Tar),Dry,Not Applicable,Not Applicable,"NEAR LAKSHMI VENKATESHWARA TEMPLE, 1ST B MAIN, 1ST CROSS JUNCTION, BTM 2ND STAGE, BANGALURU",ELECTRIC POLE,29,0.0,0.0,0,0,0.0,0.0
Bengaluru City,Mico Layout Traffic PS,1.04432e+16,2021,1,2,Road Accidents,Not Applicable,City/Town,Residential area,Human Error,Yes,Damage Only,Vehicle to Vehicle,Uncontrolled,Straight and flat,Arterial,Bitumen(Tar),Dry,No influence on accident,Clear,"NO 141, 4TH MN, KEB LYT, BTM 1ST STG",TREE,26,0.0,0.0,0,0,0.0,0.0
Bengaluru City,Mico Layout Traffic PS,1.04432e+16,2021,1,2,Road Accidents,Not Applicable,City/Town,Residential area,Not Applicable,No,Grievous Injury,Vehicle to Vehicle,Not Applicable,Others,Residential Street,Bitumen(Tar),Dry,Not Applicable,Clear,"NEAR 38TH C MAIN ROAD, 7TH CROSS, KAS LAYOUT,BTM 2ND STAGE, BANGALURU",GREEN TREE,45,12.912814,77.618895,0,0,0.0,0.0
Bengaluru City,Mico Layout Traffic PS,1.04432e+16,2021,1,2,Road Accidents,Not Applicable,City/Town,Residential area,Not Applicable,No,Simple Injury,Vehicle to Vehicle,Not Applicable,Not Applicable,Not Applicable,Bitumen(Tar),Dry,Not Applicable,Clear,"GURAPPANAPALYA JUNCTION, BG ROAD, BANGALURU",ELECTRIC POLE,22,0.0,0.0,0,0,0.0,0.0
Bengaluru City,Mico Layout Traffic PS,1.04432e+16,2021,1,1,Road Accidents,Narrow road,City/Town,Near School or College,Human Error,No,Fatal,Not Applicable,Not at  Junction,Curve and Incline,Two way,Bitumen(Tar),Dry,Not Applicable,Clear,"OPPOSITE BANDE MUNESHWARA TEMPLE, NEAR CHRIST COLLEGE, DR MARIGOWDA ROAD, S.G PALYA, BENGALURU-29",STREET LIGHT,47,0.0,0.0,0,0,0.0,0.0
Bengaluru City,Mico Layout Traffic PS,1.04432e+16,2021,1,2,Road Accidents,Junction,City/Town,Residential area,Human Error,Yes,Grievous Injury,Vehicle to Vehicle,Police / Manual,Straight and flat,Arterial,Bitumen(Tar),Dry,No influence on accident,Clear,"ST JOHNS WOOD APTS JN, TAVAREKERE MN RD, BENGALURU CITY",ELECTRIC POLE,17,0.0,0.0,0,0,0.0,0.0
Bengaluru City,Mico Layout Traffic PS,1.04432e+16,2021,1,2,Road Accidents,Circle,City/Town,Near a factory industrial area,Human Error,No,Grievous Injury,Vehicle to Vehicle,Controlled,Straight and flat,Arterial,Bitumen(Tar),Dry,No influence on accident,Clear,"BENGALURU DAIRY CIRCLE, DR MARIGOWDA MN RD",SIGNAL LIGHT POLE,25,0.0,0.0,0,0,0.0,0.0
Bengaluru City,Mico Layout Traffic PS,1.04432e+16,2021,1,2,Road Accidents,Junction,City/Town,Residential area,Human Error,No,Grievous Injury,Vehicle to Vehicle,Uncontrolled,Straight and flat,Arterial,Bitumen(Tar),Dry,No influence on accident,Clear,"7TH CR, 3RD MN JN, BTM 2ND STG",ELECTRIC POLE,20,0.0,0.0,0,0,0.0,0.0
Bengaluru City,Mico Layout Traffic PS,1.04432e+16,2021,1,1,Road Accidents,Not Applicable,City/Town,Residential area,Human Error,Yes,Simple Injury,Hit pedestrian,Uncontrolled,Straight and flat,Arterial,Bitumen(Tar),Dry,No influence on accident,Clear,"PRAKASH POWER PLANNING PVT LTD, 8TH CR, BTM 2ND STG",TREE,50,0.0,0.0,0,0,0.0,0.0
Bengaluru City,Mico Layout Traffic PS,1.04432e+16,2021,1,1,Road Accidents,Road hump or Rumble strips,City/Town,Residential area,Not Applicable,No,Grievous Injury,Not Applicable,Not Applicable,Not Applicable,Residential Street,Bitumen(Tar),Dry,Not Applicable,Clear,"INFRONT OF BANK OF BARODA, 100 FEET RING ROAD, BTM 2ND STAGE, BENGALURU 560076",GREEN TREE,18,0.0,0.0,0,0,0.0,0.0
Bengaluru City,Mico Layout Traffic PS,1.04432e+16,2021,1,1,Road Accidents,Cross roads,City/Town,Near School or College,Human Error,Yes,Grievous Injury,Hit pedestrian,Not Applicable,Straight and flat,Two way,Bitumen(Tar),Dry,Not Applicable,Clear,"OPPOSITE MALABAR BAY, CHRIST SCHOOL ROAD, S.G. PALYA, BANGALURU-560029.",ELECTRIC POLE,12,0.0,0.0,0,0,0.0,0.0
Bengaluru City,Mico Layout Traffic PS,1.04432e+16,2021,1,2,Road Accidents,Junction,City/Town,Residential area,Human Error,No,Damage Only,Vehicle to Vehicle,Uncontrolled,Straight and flat,Arterial,Bitumen(Tar),Dry,No influence on accident,Clear,"22ND MN RD, 27TH CR, JYN 4TH T BLK, BENGALURU CITY",TREE,21,0.0,0.0,0,0,0.0,0.0
Bengaluru City,Mico Layout Traffic PS,1.04432e+16,2021,1,1,Road Accidents,Not Applicable,City/Town,Residential area,Not Applicable,No,Grievous Injury,Not Applicable,Not Applicable,Not Applicable,One way,Bitumen(Tar),Dry,Not Applicable,Clear,"OPP IIMB GATE, BILEKAHALLI, BG ROAD, BANGALURU",GREEN TREE,8,12.896941,77.599849,0,0,0.0,0.0
Bengaluru City,Mico Layout Traffic PS,1.04432e+16,2021,1,1,Road Accidents,Not Applicable,City/Town,Residential area,Not Applicable,No,Simple Injury,Not Applicable,Controlled,Others,Others,Bitumen(Tar),Dry,Construction Work / Material,Clear,"In front of Guru Medical, Near Jayadeva Hospital, BG Road, Bangaluru",ELECTRIC POLE,45,12.918223,77.600167,2,0,0.0,2.0
Bengaluru City,Mico Layout Traffic PS,1.04432e+16,2021,1,1,Road Accidents,Not Applicable,City/Town,Residential area,Not Applicable,Not Applicable,Grievous Injury,Not Applicable,Not Applicable,Not Applicable,Not Applicable,Bitumen(Tar),Not Applicable,Not Applicable,Clear,"OPP IIMB COMPOUND, BILEKAHALLI, BTM 2ND STAGE, BG ROAD, BANGALURU",GREEN TREE,6,0.0,0.0,0,0,0.0,0.0
Bengaluru City,Mico Layout Traffic PS,1.04432e+16,2021,1,1,Road Accidents,Not Applicable,Rural Areas,Residential area,Not Applicable,No,Fatal,Not Applicable,Not Applicable,Others,Others,Bitumen(Tar),Dry,Not Applicable,Clear,"DR.MARIGOWDA MAIN ROAD, NEAR DAIRY CIRCLE, INFRONT OF DHARMAVARAM COLLEGE, DAIRY SERVICE ROAD, BANGA",GREEN TREE,22,12.936931,77.602296,0,0,0.0,0.0
Bengaluru City,Mico Layout Traffic PS,1.04432e+16,2021,1,1,Road Accidents,Junction,City/Town,Residential area,Human Error,No,Fatal,Vehicle to Vehicle,Uncontrolled,Straight and flat,Arterial,Bitumen(Tar),Dry,No influence on accident,Clear,"OPP TO MICO LYT OP, VISVESHWARAIAH MN RD, VIJAYA BANK, BTM 4TH STG, BENGALURU CITY",TREE,38,0.0,0.0,0,0,0.0,0.0
Bengaluru City,Mico Layout Traffic PS,1.04432e+16,2021,1,2,Road Accidents,Junction,City/Town,Residential area,Not Applicable,No,Damage Only,Vehicle to Vehicle,Controlled,Not Applicable,Residential Street,Bitumen(Tar),Dry,Not Applicable,Clear,"JD MARA SIGNAL, BG ROAD , BANGALURU",GREEN TREE,15,0.0,0.0,0,0,0.0,0.0
Bengaluru City,Mico Layout Traffic PS,1.04432e+16,2021,1,1,Road Accidents,Narrow road,City/Town,Residential area,Not Applicable,Not Applicable,Fatal,Not Applicable,Not Applicable,Not Applicable,Residential Street,Bitumen(Tar),Not Applicable,Drainage Ditch,Not Applicable,"OPP TO BOSCH OFFICE, RTO DRAINAGE ROAD, BTM 4TH STAGE, BANGALURU",ELECTRIC POLE,19,0.0,0.0,4,0,0.0,4.0
Bengaluru City,Mico Layout Traffic PS,1.04432e+16,2021,1,2,Road Accidents,Narrow road,City/Town,In bazaar,Human Error,No,Grievous Injury,Vehicle to Vehicle,Uncontrolled,Straight and flat,Arterial,Bitumen(Tar),Dry,No influence on accident,Clear,"NEAR VILLAGE HYPER MARKET, TAVAREKERE MN RD, BENGALURU CITY",ELECTRIC POLE,32,0.0,0.0,0,0,0.0,0.0
Bengaluru City,Mico Layout Traffic PS,1.04432e+16,2021,1,1,Road Accidents,Junction,City/Town,Near office complex,Human Error,No,Damage Only,Not Applicable,Controlled,Straight and flat,Arterial,Bitumen(Tar),Dry,No influence on accident,Clear,"BILEKAHALLI JUNCTION, B G ROAD, BENGALURU CITY",TREE,32,0.0,0.0,0,0,0.0,0.0
Bengaluru City,Mico Layout Traffic PS,1.04432e+16,2021,1,1,Road Accidents,Narrow road,City/Town,Affected by encroachments,Not Applicable,No,Grievous Injury,Hit pedestrian,Not Applicable,Straight and flat,One way,Bitumen(Tar),Not Applicable,No influence on accident,Clear,100 FEET RING ROAD BTM 16TH MAIN JUNCTION BENGLURU NAGAR-560076,GREEN TREE,25,0.0,0.0,0,0,0.0,0.0
Bengaluru City,Mico Layout Traffic PS,1.04432e+16,2021,1,2,Road Accidents,Junction,City/Town,Residential area,Human Error,No,Grievous Injury,Vehicle to Vehicle,Uncontrolled,Straight and flat,Arterial,Bitumen(Tar),Dry,No influence on accident,Clear,"28TH MN, 41ST CR, SBI JN, JYN 9TH BLK, BENGALURU CITY",TREE,33,0.0,0.0,0,0,0.0,0.0
Bengaluru City,Mico Layout Traffic PS,1.04432e+16,2021,1,1,Road Accidents,Junction,City/Town,Residential area,Not Applicable,Yes,Grievous Injury,Hit pedestrian,Controlled,Straight and flat,Two way,Bitumen(Tar),Dry,Not Applicable,Others,"DAIRY  JUNCTION, SG PALYA, BANGALURU",NIMHANS QUARTERS,20,0.0,0.0,0,0,0.0,0.0
Bengaluru City,Mico Layout Traffic PS,1.04432e+16,2021,1,1,Road Accidents,Not Applicable,City/Town,Residential area,Not Applicable,No,Grievous Injury,Not Applicable,Not Applicable,Not Applicable,Residential Street,Bitumen(Tar),Dry,Not Applicable,Clear,"INFRONT OF KEB POWER STORAGE/ PAVAN CHICKEN CENTER, THAVAREKERE MAIN ROAD, BANGALURU",KEB POWER STORAGE,15,0.0,0.0,0,0,0.0,0.0
Bengaluru City,Mico Layout Traffic PS,1.04432e+16,2021,1,2,Road Accidents,Circle,City/Town,Near a recreation place/cinema,Human Error,No,Fatal,Vehicle to Vehicle,Uncontrolled,Straight and flat,Arterial,Bitumen(Tar),Dry,No influence on accident,Clear,"RTO JUNCTION, VIJAYABANK LAYOUT, BTM 4TH STAGE, BANGALURU",STREET LIGHT,30,0.0,0.0,0,0,0.0,0.0
Bengaluru City,Mico Layout Traffic PS,1.04432e+16,2021,1,2,Road Accidents,Cross roads,City/Town,Residential area,Not Applicable,No,Grievous Injury,Vehicle to Vehicle,Not Applicable,Not Applicable,Residential Street,Not Applicable,Not Applicable,Construction Work / Material,Clear,100 FEET RING ROAD BTM  2nd stage,near metro piller,500,0.0,0.0,2,0,0.0,2.0
Bengaluru City,Mico Layout Traffic PS,1.04432e+16,2021,1,2,Road Accidents,Not Applicable,City/Town,Residential area,Not Applicable,No,Grievous Injury,Vehicle to Vehicle,Not Applicable,Not Applicable,Residential Street,Bitumen(Tar),Dry,Not Applicable,Clear,"OPP NEW BANGARU SWEETS, TAVAREKERE MAIN ROAD,  BTM 1ST STAGE, BANGALURU",ELECTRIC POLE,7,12.924561,77.609192,0,0,0.0,0.0
Bengaluru City,Mico Layout Traffic PS,1.04432e+16,2021,1,1,Road Accidents,Not Applicable,City/Town,Residential area,Not Applicable,No,Fatal,Not Applicable,Controlled,Not Applicable,Residential Street,Bitumen(Tar),Dry,Not Applicable,Clear,"NEAR GARUDA MALL,TILAKNAGARA MAIN ROAD, BANGALURU.",GREEN TREE,25,12.928536,77.591662,0,0,0.0,0.0
Bengaluru City,Mico Layout Traffic PS,1.04432e+16,2021,1,2,Road Accidents,Junction,City/Town,Near a recreation place/cinema,Human Error,No,Damage Only,Vehicle to Vehicle,Controlled,Straight and flat,Arterial,Bitumen(Tar),Dry,No influence on accident,Clear,"28TH MAIN JUNCTION, 100 FT RG RD",SIGNAL POLE,49,0.0,0.0,0,0,0.0,0.0
Bengaluru City,Mico Layout Traffic PS,1.04432e+16,2021,1,1,Road Accidents,Not Applicable,City/Town,Near Hospital,Human Error,Yes,Grievous Injury,Hit pedestrian,Uncontrolled,Straight and flat,Arterial,Bitumen(Tar),Dry,No influence on accident,Clear,"OPP TO SAGAR HOSPITAL, SWAGATH MN RD, BENGALURU CITY",ELECTRIC POLE,38,0.0,0.0,0,0,0.0,0.0
Bengaluru City,Mico Layout Traffic PS,1.04432e+16,2021,1,2,Road Accidents,Junction,City/Town,Near office complex,Human Error,No,Grievous Injury,Vehicle to Vehicle,Signal lights Automatic,Straight and flat,Arterial,Bitumen(Tar),Dry,No influence on accident,Clear,"16TH MN JN, RING ROAD, BENGALURU CITY",SIGNAL LIGHT POLE,48,0.0,0.0,0,0,0.0,0.0
Bengaluru City,Mico Layout Traffic PS,1.04432e+16,2021,1,1,Road Accidents,Road hump or Rumble strips,City/Town,Residential area,Human Error,No,Grievous Injury,Not Applicable,Uncontrolled,Hump,Two way,Bitumen(Tar),Dry,No influence on accident,Clear,"OPPOSITE TO VIJAYA BANK APT, BILEKAHALLI MN RD, BENGALURU CITY",TREE,31,0.0,0.0,0,0,0.0,0.0
Bengaluru City,Mico Layout Traffic PS,1.04432e+16,2021,1,5,Road Accidents,Not Applicable,City/Town,Near Hospital,Human Error,No,Grievous Injury,Hit pedestrian,Uncontrolled,Straight and flat,Two way,Bitumen(Tar),Dry,No influence on accident,Clear,"OPP LIFE CARE HOSPITAL, 20TH MN, BTM 1ST STG",ELECTRIC POLE,28,0.0,0.0,0,0,0.0,0.0
Bengaluru City,Mico Layout Traffic PS,1.04432e+16,2021,1,1,Road Accidents,Junction,City/Town,Near a factory industrial area,Human Error,No,Fatal,Vehicle to Vehicle,Uncontrolled,Straight and flat,Arterial,Bitumen(Tar),Dry,No influence on accident,Clear,"1ST MN, 2ND CR, SARVABHOUMANAGAR, AREKERE, BENGALURU CITY",ELECTRIC POLE,20,0.0,0.0,0,0,0.0,0.0
Bengaluru City,Mico Layout Traffic PS,1.04432e+16,2021,1,1,Road Accidents,Not Applicable,City/Town,Residential area,Not Applicable,Not Applicable,Fatal,Not Applicable,Not at  Junction,Straight and flat,Two way,Bitumen(Tar),Dry,Not Applicable,Clear,"RANKA COLONY ROAD, BILEKAHALLI,",GREEN TREE,42,0.0,0.0,0,0,0.0,0.0
Bengaluru City,Mico Layout Traffic PS,1.04432e+16,2021,1,2,Road Accidents,Narrow road,City/Town,Residential area,Not Applicable,No,Simple Injury,Vehicle to Vehicle,Not Applicable,Straight and flat,Residential Street,Bitumen(Tar),Dry,Not Applicable,Others,"SG PALYA MAIN ROAD, NEA GOUSIYA COLLEGE",ELECTRIC POLE,8,0.0,0.0,0,0,0.0,0.0
Bengaluru City,Mico Layout Traffic PS,1.04432e+16,2021,1,3,Road Accidents,Junction,City/Town,Residential area,Not Applicable,Yes,Simple Injury,Not Applicable,Controlled,Not Applicable,Others,Bitumen(Tar),Dry,Not Applicable,Clear,"DAIRY JUNCTION, BG  ROAD, BENGALURU",FLY OVER PILLAR,35,0.0,0.0,0,0,0.0,0.0
Bengaluru City,Mico Layout Traffic PS,1.04432e+16,2021,1,2,Road Accidents,Not Applicable,City/Town,Residential area,Not Applicable,No,Grievous Injury,Vehicle to Vehicle,Controlled,Others,Residential Street,Bitumen(Tar),Dry,Not Applicable,Clear,"100 FEET RING ROAD, UDUPI GARDEN SIGNAL, IN FRONT NEW FRIENDS RESTURANT, BM 2ND STAGE, BANGALURU",METRO POLE,50,12.916595,77.612364,0,0,0.0,0.0
Bengaluru City,Mico Layout Traffic PS,1.04432e+16,2021,1,2,Road Accidents,Not Applicable,City/Town,Residential area,Human Error,Yes,Simple Injury,Vehicle to Vehicle,Uncontrolled,Straight and flat,Arterial,Bitumen(Tar),Dry,No influence on accident,Clear,"NR MANOGNA LADIES PG, 17TH MN RD, BTM 2ND STG",TREE,40,0.0,0.0,0,0,0.0,0.0