DISTRICTNAME,UNITNAME,Crime_No,Year,RI,Noofvehicle_involved,Accident_Classification,Accident_Spot,Accident_Location,Accident_SubLocation,Main_Cause,Hit_Run,Severity,Collision_Type,Junction_Control,Road_Character,Road_Type,Surface_Type,Surface_Condition,Road_Condition,Weather,Accident_Road,Landmark_first,Distance_LandMark_First,Latitude,Longitude,Road_Condition_Score,Surface_Condition_Score,Surface_Type_Score,Road_Risk_Index
Bengaluru City,Mico Layout Traffic PS,1.04432e+16,2021,1,1,Road Accidents,Circle,City/Town,Near Petrol Pump,Human Error,Yes,Grievous Injury,Vehicle to Vehicle,Controlled,Straight and flat,Arterial,Bitumen(Tar),Dry,No influence on accident,Fine,"UDUPI GARDEN SIGNAL, 100 FT RG, 16TH MN JN, BTM 2ND STAGE, BENGALURU CITY",PILLAR,62,0.0,0.0,0,0,0.0,0.0
Bengaluru City,Mico Layout Traffic PS,1.04432e+16,2021,1,1,Road Accidents,Junction,City/Town,Residential area,Not Applicable,Not Applicable,Grievous Injury,Not Applicable,Controlled,Straight and flat,Two way,Bitumen(Tar),Dry,Not Applicable,Clear,"EAST END C MAIN JUNCTION, 39TH CROSS ROAD, JAYANAGARA 9TH BLOCK, BANGALURU",GREEN TREE,30,0.0,0.0,0,0,0.0,0.0
Bengaluru City,Mico Layout Traffic PS,1.04432e+16,2021,1,2,Road Accidents,Not Applicable,City/Town,Residential area,Not Applicable,No,Grievous Injury,Vehicle to Vehicle,Not Applicable,Not Applicable,Residential Street,Bitumen(Tar),Dry,Not Applicable,Clear,"INFRONT OF MANJUNATHA BAR, DEVARACHIKKANAHALLI MAIN ROAD, BILEKAHALLI, BG ROAD, BANGALURU",GREEN TREE,15,0.0,0.0,0,0,0.0,0.0
Bengaluru City,Mico Layout Traffic PS,1.04432e+16,2021,1,2,Road Accidents,Junction,City/Town,Residential area,Not Applicable,Not Applicable,Grievous Injury,Vehicle to Vehicle,Controlled,Straight and flat,Two way,Bitumen(Tar),Dry,Not Applicable,Others,"ARKERE JN SG BANNERUGHATTA ROAD, ARKERE, Bengaluru City,",SIGNAL LIGHT POLE,20,0.0,0.0,0,0,0.0,0.0
Bengaluru City,Mico Layout Traffic PS,1.04432e+16,2021,1,2,Road Accidents,Not Applicable,City/Town,Residential area,Not Applicable,No,Simple Injury,Vehicle to Vehicle,Not Applicable,Others,Others,Bitumen(Tar),Dry,Not Applicable,Clear,"S G PALYA MAIN ROAD, NEAR GOUSIYA COLLEGE, S G PALYA, BANGALURU",ELECTRIC POLE,35,0.0,0.0,0,0,0.0,0.0
Bengaluru City,Mico Layout Traffic PS,1.04432e+16,2021,1,2,Road Accidents,Not Applicable,City/Town,Residential area,Human Error,Yes,Grievous Injury,Vehicle to Vehicle,Uncontrolled,Straight and flat,Two way,Bitumen(Tar),Dry,No influence on accident,Clear,"OPP VISHNUVARDHAN PARK, 28TH MN RD, JYN 4TH T BLK",TREE,35,0.0,0.0,0,0,0.0,0.0
Bengaluru City,Mico Layout Traffic PS,1.04432e+16,2021,1,2,Road Accidents,Junction,City/Town,Residential area,Not Applicable,No,Damage Only,Vehicle to Vehicle,Not Applicable,Not Applicable,Two way,Bitumen(Tar),Others,Not Applicable,Not Applicable,"EAST END JUNCTION, JAYANAGARA 9TH BLOCK, BANGALURU",ELECTRIC POLE,10,0.0,0.0,0,1,0.0,1.0
Bengaluru City,Mico Layout Traffic PS,1.04432e+16,2021,1,2,Road Accidents,Not Applicable,City/Town,Near a religious place,Human Error,Yes,Grievous Injury,Vehicle to Vehicle,Uncontrolled,Straight and flat,Arterial,Bitumen(Tar),Dry,No influence on accident,Clear,"39TH CROSS, JAYANAGAR 9TH BLK, BENGALURU CITY",FOOTPATH,10,0.0,0.0,0,0,0.0,0.0
Bengaluru City,Mico Layout Traffic PS,1.04432e+16,2021,1,1,Road Accidents,Not Applicable,City/Town,In bazaar,Human Error,No,Grievous Injury,Hit pedestrian,Not at  Junction,Straight and flat,Arterial,Bitumen(Tar),Dry,No influence on accident,Clear,"BANASHANKARI DONNE BIRIYANI HOTEL, TAVAREKERE MN RD, BENGALURU CITY",TREE,28,0.0,0.0,0,0,0.0,0.0
Bengaluru City,Mico Layout Traffic PS,1.04432e+16,2021,1,2,Road Accidents,Junction,City/Town,Near office complex,Human Error,No,Grievous Injury,Vehicle to Vehicle,No signal lights,Straight and flat,Two way,Bitumen(Tar),Dry,Not Applicable,Clear,"10THCROSS, 4TH MAIN JUNCTION, BYRASANDRA, JAYNAGAR 1ST  EAST BLOCK, BENGALURU.",ELECTRIC POLE,26,0.0,0.0,0,0,0.0,0.0
Bengaluru City,Mico Layout Traffic PS,1.04432e+16,2021,1,2,Road Accidents,Junction,City/Town,Residential area,Human Error,Yes,Grievous Injury,Vehicle to Vehicle,No signal lights,Straight and flat,Two way,Bitumen(Tar),Dry,Not Applicable,Clear,"OPP LAVNYA BEKARY, 7TH CROSS,16TH MAIN, BTM 2ND STAGE B'LORE-76",GREEN TREE,28,0.0,0.0,0,0,0.0,0.0
Bengaluru City,Mico Layout Traffic PS,1.04432e+16,2021,1,1,Road Accidents,Not Applicable,City/Town,Near a factory industrial area,Human Error,Yes,Fatal,Hit pedestrian,Uncontrolled,Straight and flat,Arterial,Bitumen(Tar),Dry,No influence on accident,Clear,"SANGAM AUTO CONSULTANT, SWAGATH MN RD, JYN 4TH T BLK",ELECTRIC POLE,20,0.0,0.0,0,0,0.0,0.0
Bengaluru City,Mico Layout Traffic PS,1.04432e+16,2021,1,2,Road Accidents,Not Applicable,City/Town,Residential area,Not Applicable,No,Damage Only,Vehicle to Vehicle,Not Applicable,Not Applicable,Residential Street,Bitumen(Tar),Dry,Not Applicable,Clear,"INFRONT OF BBMP OFFICE, THAVAREKERE MAIN ROAD,  BTM 2ND STAGE, BANGALURU",ELECTRIC POLE,25,12.918851,77.610234,0,0,0.0,0.0
Bengaluru City,Mico Layout Traffic PS,1.04432e+16,2021,1,1,Road Accidents,Not Applicable,City/Town,Residential area,Not Applicable,No,Grievous Injury,Hit pedestrian,Controlled,Not Applicable,Two way,Bitumen(Tar),Dry,Not Applicable,Clear,"RAGIGUUDA JUNCTION, MARENAHALLI MAIN ROAD, 100 FEET ROAD, JAYANAGARA 9TH BLOCK, BANGALURU",GREEN TREE,10,12.916796,77.593275,0,0,0.0,0.0
Bengaluru City,Mico Layout Traffic PS,1.04432e+16,2021,1,1,Road Accidents,Not Applicable,City/Town,In bazaar,Human Error,Yes,Grievous Injury,Hit pedestrian,Uncontrolled,Straight and flat,Arterial,Bitumen(Tar),Dry,No influence on accident,Clear,"J K AUTO CONSULTANT, SWAGATH MN RD, 30TH CR, THILAKNAGAR, BENGALURU CITY",ELECTRIC POLE,30,0.0,0.0,0,0,0.0,0.0
Bengaluru City,Mico Layout Traffic PS,1.04432e+16,2021,1,2,Road Accidents,Not Applicable,City/Town,Near Hospital,Human Error,No,Grievous Injury,Vehicle to Vehicle,Uncontrolled,Straight and flat,Expressway,Bitumen(Tar),Dry,Not Applicable,Clear,JAYADEVA UNDER PASS,MEDIAN,20,0.0,0.0,0,0,0.0,0.0
Bengaluru City,Mico Layout Traffic PS,1.04432e+16,2021,1,2,Road Accidents,Not Applicable,City/Town,Near Petrol Pump,Human Error,No,Not Applicable,Vehicle to Vehicle,Not at  Junction,Not Applicable,Arterial,Bitumen(Tar),Dry,Not Applicable,Clear,BHARATH PETROL BUNK,HIGH MASK,54,0.0,0.0,0,0,0.0,0.0
Bengaluru City,Mico Layout Traffic PS,1.04432e+16,2021,1,2,Road Accidents,Not Applicable,City/Town,Near School or College,Human Error,No,Grievous Injury,Vehicle to Vehicle,Uncontrolled,Straight and flat,Arterial,Bitumen(Tar),Dry,No influence on accident,Clear,"IIMB, B G ROAD, BILEKAHALLI, B G RD",SIGNAL LIGHT POLE,12,0.0,0.0,0,0,0.0,0.0
Bengaluru City,Mico Layout Traffic PS,1.04432e+16,2021,1,1,Road Accidents,Junction,City/Town,Residential area,Not Applicable,No,Grievous Injury,Hit pedestrian,Controlled,Straight and flat,Residential Street,Bitumen(Tar),Dry,Not Applicable,Fine,"RTO JUNCTION, VIJAYABANK LAYOUT, BTM 4TH STAGE, BANGALURU",GREEN TREE,20,0.0,0.0,0,0,0.0,0.0
Bengaluru City,Mico Layout Traffic PS,1.04432e+16,2021,1,2,Road Accidents,Junction,City/Town,Residential area,Not Applicable,No,Damage Only,Vehicle to Vehicle,Controlled,Straight and flat,Two way,Bitumen(Tar),Dry,Not Applicable,Others,"16TH MAIN ROAD, 100 FEET RING ROAD, UDUPIGARDEN SIGNAL, BTM LAYOUT, BANGALURU",METRO POLE,35,0.0,0.0,0,0,0.0,0.0
Bengaluru City,Mico Layout Traffic PS,1.04432e+16,2021,1,2,Road Accidents,Not Applicable,City/Town,Residential area,Not Applicable,Not Applicable,Grievous Injury,Vehicle to Vehicle,Controlled,Not Applicable,Residential Street,Bitumen(Tar),Not Applicable,Not Applicable,Others,"1ST MAIN ROAD, 1ST CROSS, LIC COLONY, NEAR MOTHER TOUCH SCHOOL, JAYANAGARA 3RD STAGE, BANGALURU",STREET LIGHT,8,12.931601,77.590386,0,0,0.0,0.0
Bengaluru City,Mico Layout Traffic PS,1.04432e+16,2022,1,1,Road Accidents,Not Applicable,City/Town,Residential area,Not Applicable,No,Grievous Injury,Hit pedestrian,Not Applicable,Others,Residential Street,Bitumen(Tar),Dry,Not Applicable,Clear,"NEAR FRESH FRUIT & JUICE SHOP, 1ST CROSS, N S PALYA, BTM 2ND STGAE, BENGALURU",GREEN TREE,1,0.0,0.0,0,0,0.0,0.0
Bengaluru City,Mico Layout Traffic PS,1.04432e+16,2022,1,2,Road Accidents,Not Applicable,City/Town,Residential area,Not Applicable,Yes,Fatal,Vehicle to Vehicle,Not Applicable,Not Applicable,Residential Street,Bitumen(Tar),Dry,Not Applicable,Clear,"OPP RELIANCE MART, NEAR BTM WATER TANK, BTM RING ROAD, BANGALURU.",METRO POLE,25,0.0,0.0,0,0,0.0,0.0
Bengaluru City,Mico Layout Traffic PS,1.04432e+16,2022,1,2,Road Accidents,Narrow road,City/Town,Residential area,Not Applicable,No,Grievous Injury,Vehicle to Vehicle,Controlled,Others,Residential Street,Bitumen(Tar),Dry,Not Applicable,Clear,"NEAR WATER TANK, 100 FEET RING ROAD, BTM 2ND STAGE, BANGALURU -76",METRO POLE,26,12.916356,77.609593,0,0,0.0,0.0
Bengaluru City,Mico Layout Traffic PS,1.04432e+16,2022,1,2,Road Accidents,Not Applicable,City/Town,Residential area,Not Applicable,No,Grievous Injury,Vehicle to Vehicle,Not Applicable,Others,Residential Street,Bitumen(Tar),Dry,Not Applicable,Clear,"NEAR EAST END JUNCTION, 5TH MAIN , JP NAGARA 3RD STAGE, 100 FEET RING ROAD, BANGALURU.",METRO POLE,20,0.0,0.0,0,0,0.0,0.0
Bengaluru City,Mico Layout Traffic PS,1.04432e+16,2022,1,1,Road Accidents,Narrow road,City/Town,Residential area,Not Applicable,Yes,Grievous Injury,Hit pedestrian,Controlled,Others,Others,Bitumen(Tar),Others,Not Applicable,Clear,"NEAR THAVAREKRE SIGNAL, SG PALYA, BANGALURU.",STREET LIGHT,33,0.0,0.0,0,1,0.0,1.0
Bengaluru City,Mico Layout Traffic PS,1.04432e+16,2022,1,2,Road Accidents,Narrow road,City/Town,Residential area,Not Applicable,Yes,Grievous Injury,Vehicle to Vehicle,Not Applicable,Others,Residential Street,Bitumen(Tar),Dry,Not Applicable,Clear,"METRO PILLER NO 113, 100 FEET RING ROAD, NEAR JAYADEVA HOSPITAL, BANGALURU.",METRO POLE,20,12.916625,77.603117,0,0,0.0,0.0
Bengaluru City,Mico Layout Traffic PS,1.04432e+16,2022,1,1,Road Accidents,Not Applicable,City/Town,Residential area,Not Applicable,No,Grievous Injury,Not Applicable,Not Applicable,Others,Residential Street,Bitumen(Tar),Dry,Not Applicable,Clear,"OPP SBI BANK, NEAR KEB POWER STORE, THAVAREKERE MAIN ROAD, BTM 1ST STAGE, BANGALURU.",ELECTRIC POLE,35,0.0,0.0,0,0,0.0,0.0
Bengaluru City,Mico Layout Traffic PS,1.04432e+16,2022,1,2,Road Accidents,Not Applicable,City/Town,Residential area,Not Applicable,No,Simple Injury,Vehicle to Vehicle,Not Applicable,Others,Others,Bitumen(Tar),Dry,Not Applicable,Clear,"VEGA CITY SERVICE ROAD, ROOBI 1 JUNCTION, BG ROAD, BENGALURU",ELECTRIC POLE,2,12.905572,77.601789,0,0,0.0,0.0
Bengaluru City,Mico Layout Traffic PS,1.04432e+16,2022,1,1,Road Accidents,Narrow road,City/Town,Residential area,Not Applicable,No,Fatal,Hit pedestrian,Not Applicable,Others,Others,Bitumen(Tar),Dry,Not Applicable,Clear,"OPP SRI ENTERPRISES , NEAR SOMESHWARA TEMPLE, BILEKAHALLI, BENGALURU.",ELECTRIC POLE,30,12.899102,77.607528,0,0,0.0,0.0
Bengaluru City,Mico Layout Traffic PS,1.04432e+16,2022,1,2,Road Accidents,Not Applicable,City/Town,Residential area,Not Applicable,No,Grievous Injury,Vehicle to Vehicle,Controlled,Others,Others,Bitumen(Tar),Dry,Not Applicable,Clear,"OPP SPAR HYPER MARKET, NEAR SAGAR HOSPITAL, BANNERUGHATTA ROAD, BENGALURU",ELECTRIC POLE,37,0.0,0.0,0,0,0.0,0.0
Bengaluru City,Mico Layout Traffic PS,1.04432e+16,2022,1,2,Road Accidents,Narrow road,City/Town,Residential area,Not Applicable,No,Fatal,Vehicle to Vehicle,Not Applicable,Others,Residential Street,Bitumen(Tar),Dry,Not Applicable,Clear,"NEAR MARAMMA TEMPLE, 34TH MAIN ROAD NEAR, BTM 2ND STAGE, 100 FEET RING ROAD, BANGALURU.",GREEN TREE,35,0.0,0.0,0,0,0.0,0.0
Bengaluru City,Mico Layout Traffic PS,1.04432e+16,2022,1,2,Road Accidents,Cross roads,City/Town,Residential area,Not Applicable,Yes,Damage Only,Vehicle to Vehicle,Not Applicable,Not Applicable,Residential Street,Bitumen(Tar),Dry,Not Applicable,Clear,"39TH CROSS & 19TH MAIN ROAD JUNCTION, NEAR 18TH MAIN , BBMP OFFICE, JAYANAGARA 4TH T BLOCK, BANGALUR",GREEN TREE,8,0.0,0.0,0,0,0.0,0.0
Bengaluru City,Mico Layout Traffic PS,1.04432e+16,2022,1,1,Road Accidents,Cross roads,City/Town,Residential area,Not Applicable,No,Grievous Injury,Not Applicable,Not Applicable,Not Applicable,Residential Street,Bitumen(Tar),Dry,Not Applicable,Clear,"NEAR MANGALURU JEWELLERY WORK SHOP, 4TH MAIN ROAD, MARUTHI LAYOUT, BT, 1ST STAGE, BANGALURU.",ELECTRIC POLE,20,0.0,0.0,0,0,0.0,0.0
Bengaluru City,Mico Layout Traffic PS,1.04432e+16,2022,1,1,Road Accidents,Not Applicable,City/Town,Residential area,Not Applicable,Yes,Grievous Injury,Hit pedestrian,Controlled,Not Applicable,Residential Street,Bitumen(Tar),Dry,Not Applicable,Clear,"NEAR METRO PILLAR NO.154, OPP CANARA BANK, BTM 2ND STAGE, 100 FEET RING ROAD, BANGALURU.",METRO POLE,10,0.0,0.0,0,0,0.0,0.0
Bengaluru City,Mico Layout Traffic PS,1.04432e+16,2022,1,2,Road Accidents,Not Applicable,City/Town,Residential area,Not Applicable,No,Fatal,Vehicle to Vehicle,Not Applicable,Others,Residential Street,Bitumen(Tar),Dry,Not Applicable,Clear,"INFRONT OF DAIRY MAIN GATE, DAIRY CIRCLE SERVICE ROAD, DR.MARIGOWDA ROAD, BANGALURU.",ELECTRIC POLE,50,0.0,0.0,0,0,0.0,0.0
Bengaluru City,Mico Layout Traffic PS,1.04432e+16,2022,1,2,Road Accidents,Junction,City/Town,Residential area,Not Applicable,No,Grievous Injury,Vehicle to Vehicle,Controlled,Others,Others,Bitumen(Tar),Others,Not Applicable,Clear,"CONNECTING 28TH MAIN ROAD AND 100 FEET RING ROAD JUNCTION, MARENAHALLI MAIN ROAD, BANGALURU.",METRO POLE,10,0.0,0.0,0,1,0.0,1.0
Bengaluru City,Mico Layout Traffic PS,1.04432e+16,2022,1,2,Road Accidents,Not Applicable,City/Town,Near School or College,Not Applicable,No,Damage Only,Vehicle to Vehicle,Not Applicable,Others,Others,Bitumen(Tar),Dry,Not Applicable,Clear,"INFRONT OF GOUSIYA COLLEGE, DR.MARIGOWDA ROAD, BENGALURU",ELECTRIC POLE,28,0.0,0.0,0,0,0.0,0.0
Bengaluru City,Mico Layout Traffic PS,1.04432e+16,2022,1,1,Road Accidents,Not Applicable,City/Town,Near Hospital,Not Applicable,No,Grievous Injury,Not Applicable,Not Applicable,Straight and flat,One way,Bitumen(Tar),Dry,Not Applicable,Clear,"BUS STAND, IN FRONT OF FORTIS HOSPITAL, BG ROAD, BENGALURU",METRO BAREKED,40,12.894529,77.599157,0,0,0.0,0.0
Bengaluru City,Mico Layout Traffic PS,1.04432e+16,2022,1,2,Road Accidents,Not Applicable,City/Town,Residential area,Not Applicable,No,Grievous Injury,Vehicle to Vehicle,Not Applicable,Not Applicable,Not Applicable,Bitumen(Tar),Dry,Not Applicable,Clear,"22ND  MAIN ROAD JUNCTION, NEAR SSMRV COLLEGE, JAYANAGARA 4TH BLOCK, BANGALURU",GREEN TREE,28,0.0,0.0,0,0,0.0,0.0
Bengaluru City,Mico Layout Traffic PS,1.04432e+16,2022,1,1,Road Accidents,Narrow road,City/Town,Residential area,Not Applicable,No,Fatal,Not Applicable,Not Applicable,Not Applicable,Two way,Bitumen(Tar),Dry,Not Applicable,Clear,"OPP INDIRA CANTEEN, NEAR MUNESHWARA TEMPLE. DR.MARIGOWDA ROAD, BENGALURU.",GREEN TREE,1,0.0,0.0,0,0,0.0,0.0
Bengaluru City,Mico Layout Traffic PS,1.04432e+16,2022,1,1,Road Accidents,Narrow road,City/Town,Residential area,Not Applicable,Yes,Fatal,Hit pedestrian,Not Applicable,Not Applicable,Others,Bitumen(Tar),Dry,Not Applicable,Clear,"OPP GOVT NURSERY AND HIGH SCHOOL, BAIRASANDRA, 8TH MAIN ROAD, BANGALURU.",GREEN TREE,30,12.933032,77.592657,0,0,0.0,0.0
Bengaluru City,Mico Layout Traffic PS,1.04432e+16,2022,1,1,Road Accidents,Narrow road,City/Town,Residential area,Not Applicable,No,Grievous Injury,Hit pedestrian,Not Applicable,Others,Residential Street,Bitumen(Tar),Dry,Not Applicable,Clear,"SHILPA JUNCTION, NEAR GOPALAN MALL BG ROAD, BANGALURU",ELECTRIC POLE,15,0.0,0.0,0,0,0.0,0.0
Bengaluru City,Mico Layout Traffic PS,1.04432e+16,2022,1,2,Road Accidents,Junction,City/Town,Residential area,Not Applicable,Yes,Grievous Injury,Vehicle to Vehicle,Controlled,Others,Residential Street,Bitumen(Tar),Dry,Not Applicable,Clear,"JD MARA JUNCTION, BG ROAD, BTM 2ND STAGE, BANGALURU.",ELECTRIC POLE,45,0.0,0.0,0,0,0.0,0.0
Bengaluru City,Mico Layout Traffic PS,1.04432e+16,2022,1,2,Road Accidents,Not Applicable,City/Town,Residential area,Not Applicable,No,Grievous Injury,Vehicle to Vehicle,Not Applicable,Others,Residential Street,Bitumen(Tar),Dry,Not Applicable,Clear,"NEAR JAYADEVA HOSPITAL, BG ROAD, BANGALURU.",METRO POLE,10,0.0,0.0,0,0,0.0,0.0
Bengaluru City,Mico Layout Traffic PS,1.04432e+16,2022,1,2,Road Accidents,Narrow road,City/Town,Residential area,Not Applicable,No,Grievous Injury,Vehicle to Vehicle,Controlled,Not Applicable,Residential Street,Bitumen(Tar),Dry,Not Applicable,Clear,"INFRONT OF CHRIST COLLEGE GATE, DR.MARIGOWDA ROAD, BANGALURU.",ELECTRIC POLE,15,0.0,0.0,0,0,0.0,0.0
Bengaluru City,Mico Layout Traffic PS,1.04432e+16,2022,1,1,Road Accidents,Narrow road,City/Town,Residential area,Not Applicable,No,Grievous Injury,Hit pedestrian,Not Applicable,Not Applicable,Residential Street,Bitumen(Tar),Dry,Not Applicable,Clear,"INFRONT OF CHRIST COLLEGE GATE, DR.MARIGOWDA ROAD, BANGALURU.",DEVIDER,10,0.0,0.0,0,0,0.0,0.0
Bengaluru City,Mico Layout Traffic PS,1.04432e+16,2022,1,2,Road Accidents,Not Applicable,City/Town,Residential area,Not Applicable,No,Grievous Injury,Vehicle to Vehicle,Not Applicable,Others,Residential Street,Bitumen(Tar),Dry,Not Applicable,Clear,"OPP AYURSH AYURVEDA, 32ND E CROSS, JAYANAGARA T BLOCK, BANGALURU.",ELECTRIC POLE,30,12.926994,77.594583,0,0,0.0,0.0
Bengaluru City,Mico Layout Traffic PS,1.04432e+16,2022,1,2,Road Accidents,Junction,City/Town,Residential area,Not Applicable,No,Damage Only,Vehicle to Vehicle,Controlled,Straight and flat,One way,Bitumen(Tar),Dry,Not Applicable,Clear,"16th main junction, 100 feet ring road, BTM 1st stage, Bangaluru",METRO POLE,10,0.0,0.0,0,0,0.0,0.0
Bengaluru City,Mico Layout Traffic PS,1.04432e+16,2022,1,2,Road Accidents,Not Applicable,City/Town,Residential area,Not Applicable,No,Grievous Injury,Vehicle to Vehicle,Controlled,Not Applicable,Residential Street,Bitumen(Tar),Dry,Not Applicable,Clear,"THAVAREKERE MAIN ROAD, CHOCOLATE FACTORY ROAD JUNCTION, BTM 1ST STAGE, BANGALURU - 560029.",ELECTRIC POLE,15,0.0,0.0,0,0,0.0,0.0
Bengaluru City,Mico Layout Traffic PS,1.04432e+16,2022,1,2,Road Accidents,Junction,City/Town,Residential area,Not Applicable,No,Simple Injury,Vehicle to Vehicle,Controlled,Others,Residential Street,Bitumen(Tar),Dry,Not Applicable,Clear,"41ST CROSS AND 28TH MAIN ROAD JUNCTION, JAYANAGARA 9TH BLOCK, BANGALURU",ELECTRIC POLE,19,0.0,0.0,0,0,0.0,0.0
Bengaluru City,Mico Layout Traffic PS,1.04432e+16,2022,1,2,Road Accidents,Narrow road,City/Town,Residential area,Not Applicable,No,Damage Only,Vehicle to Vehicle,Not Applicable,Not Applicable,Others,Bitumen(Tar),Dry,Not Applicable,Clear,"OPP SILK BOARD OFFICE, 100 FEET RING ROAD, BTM 2ND STAGE, BANGALURU.",METRO POLE,10,0.0,0.0,0,0,0.0,0.0
Bengaluru City,Mico Layout Traffic PS,1.04432e+16,2022,1,2,Road Accidents,Not Applicable,City/Town,Residential area,Not Applicable,No,Grievous Injury,Not Applicable,Not Applicable,Not Applicable,Residential Street,Bitumen(Tar),Dry,Not Applicable,Clear,"NEAR JAYANAGARA 4TH T BLOCK DEPO, 26TH MAIN ROAD, BANGALURU-41",GREEN TREE,25,0.0,0.0,0,0,0.0,0.0
Bengaluru City,Mico Layout Traffic PS,1.04432e+16,2022,1,2,Road Accidents,Not Applicable,City/Town,Residential area,Not Applicable,No,Damage Only,Vehicle to Vehicle,Not Applicable,Not Applicable,Residential Street,Bitumen(Tar),Dry,Not Applicable,Clear,"OPP SUMUKHA APT, NEAR HSBC JUNCTION, VIJAYA BANK LAYOUT MAIN ROAD, BTM 4TH STAGE, BANGALURU",ELECTRIC POLE,25,0.0,0.0,0,0,0.0,0.0
Bengaluru City,Mico Layout Traffic PS,1.04432e+16,2022,1,1,Road Accidents,Narrow road,City/Town,Residential area,Not Applicable,Yes,Fatal,Hit pedestrian,Not Applicable,Not Applicable,One way,Bitumen(Tar),Wet,Not Applicable,Others,"NEAR CENTRAL MALL, MARENAHALLI MAIN ROAD, JAYANAGARA 9TH BLOCK, BENGALURU",ELECTRIC POLE,10,0.0,0.0,0,3,0.0,3.0
Bengaluru City,Mico Layout Traffic PS,1.04432e+16,2022,1,1,Road Accidents,Not Applicable,City/Town,Residential area,Not Applicable,No,Grievous Injury,Hit pedestrian,Not Applicable,Others,Residential Street,Bitumen(Tar),Dry,Not Applicable,Clear,"INFRONT OF  GANESHA CONDIMENTS BEKARY, KRISHNAPPA GARDEN MAIN ROAD, S.G.PALYA, BANGALORE.",STREET LIGHT,13,12.924932,77.607067,0,0,0.0,0.0
Bengaluru City,Mico Layout Traffic PS,1.04432e+16,2022,1,2,Road Accidents,Not Applicable,City/Town,Residential area,Not Applicable,No,Fatal,Vehicle to Vehicle,Not Applicable,Others,Residential Street,Bitumen(Tar),Dry,Not Applicable,Clear,"NEAR SAINT JHON WOOD JUNCTION, NEAR THAVAREKRE, BTM 1ST STAGE, BANGALURU.",ELECTRIC POLE,35,0.0,0.0,0,0,0.0,0.0
Bengaluru City,Mico Layout Traffic PS,1.04432e+16,2022,1,2,Road Accidents,Not Applicable,City/Town,Residential area,Not Applicable,No,Grievous Injury,Vehicle to Vehicle,Not Applicable,Others,Residential Street,Bitumen(Tar),Dry,Not Applicable,Clear,"OPP NEW DABLER DETAILERS SHOP, 27TH CROSS, 13TH MAIN ROAD, JAYANAGARA 3RD STAGE, BANGALURU.",GREEN TREE,10,0.0,0.0,0,0,0.0,0.0
Bengaluru City,Mico Layout Traffic PS,1.04432e+16,2022,1,2,Road Accidents,Narrow road,City/Town,Residential area,Not Applicable,No,Grievous Injury,Vehicle to Vehicle,Not Applicable,Not Applicable,Residential Street,Bitumen(Tar),Dry,Not Applicable,Clear,"OPP MAHALAKSHMI HARDWARE SHOP, DEVARACHIKKANAHALLI MAIN ROAD, BILEKAHALLI, BG ROAD, BANGALURU.",ELECTRIC POLE,30,0.0,0.0,0,0,0.0,0.0
Bengaluru City,Mico Layout Traffic PS,1.04432e+16,2022,1,2,Road Accidents,Narrow road,City/Town,Residential area,Not Applicable,Yes,Grievous Injury,Vehicle to Vehicle,Not Applicable,Others,Residential Street,Bitumen(Tar),Dry,Not Applicable,Clear,"OPP, GIRIYAS, NEAR SHAPPERS SHOP, BTM 2ND ST, BENGALORE-560076",GREEN TREE,25,0.0,0.0,0,0,0.0,0.0
Bengaluru City,Mico Layout Traffic PS,1.04432e+16,2022,1,2,Road Accidents,Narrow road,City/Town,Residential area,Not Applicable,No,Grievous Injury,Vehicle to Vehicle,Not Applicable,Not Applicable,Residential Street,Bitumen(Tar),Dry,Not Applicable,Clear,"INFRONT OF BHAGYA GRAND HOTEL, 5TH CROSS, NEAR NAMANA JUNCTION, VIJAYA BANK LAYOUT, BENGALURU - 76",GREEN TREE,30,12.893796,77.610735,0,0,0.0,0.0
Bengaluru City,Mico Layout Traffic PS,1.04432e+16,2022,1,2,Road Accidents,Narrow road,City/Town,Residential area,Not Applicable,Yes,Grievous Injury,Vehicle to Vehicle,Controlled,Not Applicable,Residential Street,Bitumen(Tar),Others,Not Applicable,Others,"JAYADEVA DOWN RAMP JUNCTION, 100 FEET RING ROAD, BTM 2ND STAGE, BANGALURU",ELECTRIC POLE,30,0.0,0.0,0,1,0.0,1.0
Bengaluru City,Mico Layout Traffic PS,1.04432e+16,2022,1,2,Road Accidents,Not Applicable,City/Town,Residential area,Not Applicable,No,Damage Only,Vehicle to Vehicle,Not Applicable,Others,Residential Street,Bitumen(Tar),Dry,Not Applicable,Clear,"Near Nagarjuna Hotel, Bilekahalli, BG Road, Bangaluru",METRO POLE,25,12.904176,77.601544,0,0,0.0,0.0
Bengaluru City,Mico Layout Traffic PS,1.04432e+16,2022,1,3,Road Accidents,Junction,City/Town,Residential area,Not Applicable,No,Damage Only,Vehicle to Vehicle,Controlled,Not Applicable,Two way,Bitumen(Tar),Dry,Not Applicable,Clear,"16TH MAIN ROAD, OPP DRUSTI EYE CARE  CENTRE, UDUPI GARDEN SIGNAL, BTM 2ND STAGE, BENGALURU",ELECTRIC POLE,15,0.0,0.0,0,0,0.0,0.0
Bengaluru City,Mico Layout Traffic PS,1.04432e+16,2022,1,1,Road Accidents,Junction,City/Town,Residential area,Not Applicable,No,Fatal,Hit pedestrian,Controlled,Others,Residential Street,Bitumen(Tar),Dry,Construction Work / Material,Clear,SAGAR JUNCTION,GREEN TREE,20,0.0,0.0,2,0,0.0,2.0
Bengaluru City,Mico Layout Traffic PS,1.04432e+16,2022,1,1,Road Accidents,Not Applicable,City/Town,Residential area,Not Applicable,Yes,Fatal,Hit pedestrian,Controlled,Not Applicable,Residential Street,Bitumen(Tar),Dry,Not Applicable,Clear,"OPP FAMOUS BAR AND RESTURANT, METRO PILLER NO RP NO.63, 46TH CROSS, MARENAHALLI JUNCTION, JAYANAGARA",ELECTRIC POLE,50,0.0,0.0,0,0,0.0,0.0
Bengaluru City,Mico Layout Traffic PS,1.04432e+16,2022,1,2,Road Accidents,Not Applicable,City/Town,Residential area,Not Applicable,No,Grievous Injury,Vehicle to Vehicle,Controlled,Others,Others,Bitumen(Tar),Dry,Construction Work / Material,Clear,"INFRONT OF KUVEMPU NAGARA BUS STOP, 100 FEET RING ROAD, BTM LAYOT, BENGALURU.",ELECTRIC POLE,36,0.0,0.0,2,0,0.0,2.0