DISTRICTNAME,UNITNAME,Crime_No,Year,RI,Noofvehicle_involved,Accident_Classification,Accident_Spot,Accident_Location,Accident_SubLocation,Main_Cause,Hit_Run,Severity,Collision_Type,Junction_Control,Road_Character,Road_Type,Surface_Type,Surface_Condition,Road_Condition,Weather,Accident_Road,Landmark_first,Distance_LandMark_First,Latitude,Longitude,Road_Condition_Score,Surface_Condition_Score,Surface_Type_Score,Road_Risk_Index
Bengaluru City,Mico Layout Traffic PS,1.04432e+16,2022,1,2,Road Accidents,Junction,City/Town,Residential area,Not Applicable,No,Simple Injury,Vehicle to Vehicle,Controlled,Others,Residential Street,Bitumen(Tar),Dry,Construction Work / Material,Clear,"ARAKERE JUNCTION, BG ROAD, BANGALURU",ELECTRIC POLE,47,0.0,0.0,2,0,0.0,2.0
Bengaluru City,Mico Layout Traffic PS,1.04432e+16,2022,1,1,Road Accidents,Not Applicable,City/Town,Residential area,Not Applicable,No,Grievous Injury,Not Applicable,Controlled,Not Applicable,Residential Street,Bitumen(Tar),Dry,Not Applicable,Clear,"NEAR AMAR HOSPITAL, NIMHANS ROAD, BYRASANDRA, JAYANAGARA 1ST BLOCK, BANGALURU.",ELECTRIC POLE,16,0.0,0.0,0,0,0.0,0.0
Bengaluru City,Mico Layout Traffic PS,1.04432e+16,2022,1,1,Road Accidents,Junction,City/Town,At pedestrian Crossing,Not Applicable,Yes,Fatal,Hit pedestrian,Controlled,Others,Others,Bitumen(Tar),Dry,Not Applicable,Clear,"INFRONT OF CENTRAL SILK BOARD BUILDING, NEAR METRO PILLAR NO 192, BTM RING ROAD, BENGALURU",CENTRAL SILK BOARD BUILDING,30,0.0,0.0,0,0,0.0,0.0
Bengaluru City,Mico Layout Traffic PS,1.04432e+16,2022,1,2,Road Accidents,Not Applicable,City/Town,Residential area,Not Applicable,No,Grievous Injury,Vehicle to Vehicle,Not Applicable,Not Applicable,Two way,Not Applicable,Dry,Not Applicable,Clear,"NEAR SAGAR HOSPITAL, TILAKANAGARA MAIN ROAD, JAYANGARA, BENGALURU",ELECTRIC POLE,8,12.928357,77.59986,0,0,0.0,0.0
Bengaluru City,Mico Layout Traffic PS,1.04432e+16,2022,1,1,Road Accidents,Not Applicable,City/Town,Residential area,Not Applicable,Yes,Grievous Injury,Hit pedestrian,Not Applicable,Not Applicable,Residential Street,Bitumen(Tar),Dry,Not Applicable,Clear,"INFRONT OF DR.DAYANANDA SAGAR HOUSE, SWAGATH MAIN ROAD, THILAKNAGARA, BANGALURU.",ELECTRIC POLE,18,0.0,0.0,0,0,0.0,0.0
Bengaluru City,Mico Layout Traffic PS,1.04432e+16,2023,1,2,Road Accidents,Junction,City/Town,Residential area,Not Applicable,No,Fatal,Vehicle to Vehicle,Controlled,Others,Others,Bitumen(Tar),Dry,Not Applicable,Clear,29 TH MAIN,ROAD DIVAIDER,6,12.905431,77.609402,0,0,0.0,0.0
Bengaluru City,Mico Layout Traffic PS,1.04432e+16,2023,1,2,Road Accidents,Junction,City/Town,Residential area,Not Applicable,No,Grievous Injury,Vehicle to Vehicle,No signal lights,Not Applicable,Not Applicable,Bitumen(Tar),Not Applicable,Not Applicable,Clear,"OPP MARENAHALLI JUNCTION, JAYANAGARA 9TH STAGE, 100 FEET RING ROAD, BANGALURU",METRO POLE,17,12.917147,77.589497,0,0,0.0,0.0
Bengaluru City,Mico Layout Traffic PS,1.04432e+16,2023,1,1,Road Accidents,Junction,City/Town,Residential area,Not Applicable,Yes,Fatal,Hit pedestrian,Not Applicable,Others,Residential Street,Bitumen(Tar),Dry,Not Applicable,Clear,"OPP AMMA PG, KAS OFFICERS COLONY, 3RD CROSS, 36TH MAIN ROAD, BTM 2ND STAGE, BANGALURU.",ELECTRIC POLE,30,0.0,0.0,0,0,0.0,0.0
Bengaluru City,Mico Layout Traffic PS,1.04432e+16,2023,1,2,Road Accidents,Not Applicable,City/Town,Near Petrol Pump,Not Applicable,Yes,Fatal,Vehicle to Vehicle,Not Applicable,Not Applicable,One way,Bitumen(Tar),Dry,Not Applicable,Clear,"OPP RBI BANK/BHARATH PETROL BUNK, NEAR JALABHAVANA, BG ROAD, BANGALURU",METRO POLE,15,0.0,0.0,0,0,0.0,0.0
Bengaluru City,Mico Layout Traffic PS,1.04432e+16,2023,1,1,Road Accidents,Narrow road,City/Town,Residential area,Not Applicable,No,Fatal,Not Applicable,Not Applicable,Others,Residential Street,Bitumen(Tar),Dry,Not Applicable,Clear,"4th C CROSS JUNCTION AND 29TH MAIN ROAD, BTM 2ND STAGE, BANGALURU",GREEN TREE,20,0.0,0.0,0,0,0.0,0.0
Bengaluru City,Mico Layout Traffic PS,1.04432e+16,2023,1,1,Road Accidents,Not Applicable,City/Town,Residential area,Not Applicable,No,Damage Only,Not Applicable,Controlled,Not Applicable,Residential Street,Bitumen(Tar),Dry,Not Applicable,Clear,"SEEMEYENNE JUNCTION, EAST MAIN ROAD, JAYANAGARA 9TH BLOCK, BANGALURU",GREEN TREE,28,0.0,0.0,0,0,0.0,0.0
Bengaluru City,Mico Layout Traffic PS,1.04432e+16,2023,1,1,Road Accidents,Narrow road,City/Town,Residential area,Not Applicable,No,Grievous Injury,Not Applicable,Not Applicable,Not Applicable,One way,Bitumen(Tar),Dry,Not Applicable,Clear,"OPP JAYADEVA HOSPITAL SOUTH GATE, 100 FEET RING ROAD, JAYANAGARA 9TH BLOCK, BANGALURU",ELECTRIC POLE,13,0.0,0.0,0,0,0.0,0.0
Bengaluru City,Mico Layout Traffic PS,1.04432e+16,2023,1,1,Road Accidents,Narrow road,City/Town,Residential area,Not Applicable,No,Grievous Injury,Hit pedestrian,No signal lights,Others,Others,Bitumen(Tar),Dry,Not Applicable,Clear,"OPP KARMIKA BHAVAN BUS STOP, B.G MAIN ROAD, BTM 1ST STAGE",KARMIKA BHAVAN BUS STOP,2 KM,0.0,0.0,0,0,0.0,0.0
Bengaluru City,Mico Layout Traffic PS,1.04432e+16,2023,1,1,Road Accidents,Not Applicable,City/Town,Residential area,Not Applicable,Yes,Grievous Injury,Hit pedestrian,Controlled,Not Applicable,Residential Street,Bitumen(Tar),Dry,Not Applicable,Clear,"12TH MAIN, JAYANAGARA 4TH T BLOCK, BANGALURU",GREEN TREE,15,0.0,0.0,0,0,0.0,0.0
Bengaluru City,Mico Layout Traffic PS,1.04432e+16,2023,1,1,Road Accidents,Narrow road,City/Town,Residential area,Not Applicable,Yes,Fatal,Hit pedestrian,Not Applicable,Not Applicable,Others,Bitumen(Tar),Dry,Not Applicable,Clear,"OPP NELLURU BHOJANAM, NEAR FORTIS HOSPITAL, BG ROAD, BANGALURU",METRO POLE,20,0.0,0.0,0,0,0.0,0.0
Bengaluru City,Mico Layout Traffic PS,1.04432e+16,2023,1,2,Road Accidents,Junction,City/Town,In bazaar,Not Applicable,No,Not Applicable,Vehicle to Vehicle,Controlled,Not Applicable,Others,Bitumen(Tar),Dry,Not Applicable,Clear,"OPP VEGACITY MALL, JD MARA JUNCTION, BG ROAD, BANGALURU",METRO POLE,20,0.0,0.0,0,0,0.0,0.0
Bengaluru City,Mico Layout Traffic PS,1.04432e+16,2023,1,1,Road Accidents,Narrow road,City/Town,Residential area,Not Applicable,No,Fatal,Hit pedestrian,Not Applicable,Not Applicable,Residential Street,Bitumen(Tar),Dry,Not Applicable,Clear,"OPP HOUSE NO 1197, 16TH MAIN ROAD, BTM 2ND STAGE, BANGALURU",GREEN TREE,40,0.0,0.0,0,0,0.0,0.0
Bengaluru City,Mico Layout Traffic PS,1.04432e+16,2023,1,2,Road Accidents,Junction,City/Town,Residential area,Not Applicable,No,Fatal,Vehicle to Vehicle,Controlled,Not Applicable,Others,Bitumen(Tar),Dry,Not Applicable,Clear,"BISMILLA JUNCTION,  BG ROAD, BTM 1ST STAGE, BANGALURU",METRO POLE,30,12.926699,77.160047,0,0,0.0,0.0
Bengaluru City,Mico Layout Traffic PS,1.04432e+16,2023,1,3,Road Accidents,Narrow road,City/Town,Residential area,Not Applicable,Yes,Damage Only,Vehicle to Vehicle,Not Applicable,Not Applicable,Others,Bitumen(Tar),Others,Not Applicable,Clear,"OPP HOUSE NO 108/2, 4TH CROSS, THAVAREKE, BTM 1ST STAGE, BANGALURU",ELECTRIC POLE,16,12.92402,77.606319,0,1,0.0,1.0
Bengaluru City,Mico Layout Traffic PS,1.04432e+16,2023,1,1,Road Accidents,Narrow road,City/Town,Residential area,Not Applicable,No,Simple Injury,Not Applicable,Controlled,Not Applicable,Others,Bitumen(Tar),Dry,Not Applicable,Clear,"NEAR GOUSIYA COLLEGE, DR MARIGOWDA MAIN ROAD, BANGALURU.",FOOTPATH,10,12.936128,77.607304,0,0,0.0,0.0
Bengaluru City,Mico Layout Traffic PS,1.04432e+16,2023,1,2,Road Accidents,Narrow road,City/Town,Residential area,Not Applicable,Yes,Grievous Injury,Vehicle to Vehicle,Not Applicable,Not Applicable,Others,Bitumen(Tar),Dry,Not Applicable,Clear,"OPP PANJAB BANK, 7TH MAIN ROAD, BTM 2ND STAGE, BANGALURU",GREEN TREE,15,12.913321,77.606255,0,0,0.0,0.0
Bengaluru City,Mico Layout Traffic PS,1.04432e+16,2023,1,2,Road Accidents,Narrow road,City/Town,Residential area,Not Applicable,Yes,Grievous Injury,Vehicle to Vehicle,Not Applicable,Not Applicable,Residential Street,Bitumen(Tar),Dry,Not Applicable,Clear,"OPP BBMP PARK MAIN GATE, MADIWLA LAKE, 29TH  MAIN, BTM 2ND STAGE, BANGALURU",ELECTRIC POLE,12,0.0,0.0,0,0,0.0,0.0
Bengaluru City,Mico Layout Traffic PS,1.04432e+16,2023,1,2,Road Accidents,Narrow road,City/Town,Residential area,Not Applicable,No,Grievous Injury,Vehicle to Vehicle,Not at  Junction,Others,Others,Bitumen(Tar),Dry,Not Applicable,Clear,"OPP PARIMALA PROVISSION STORE, EAST END MAIN ROAD, JAYANAGARA 9TH BLOCK, BANGALURU",ELECTRIC POLE,30,0.0,0.0,0,0,0.0,0.0
Bengaluru City,Mico Layout Traffic PS,1.04432e+16,2023,1,2,Road Accidents,Narrow road,City/Town,Residential area,Not Applicable,Yes,Grievous Injury,Vehicle to Vehicle,Not Applicable,Not Applicable,Others,Not Applicable,Dry,Not Applicable,Clear,"NEAR SILK BORD OFFICE , 100 FEET RING ROAD BTM 2 ND STAG",METRO POLE,20,0.0,0.0,0,0,0.0,0.0
Bengaluru City,Mico Layout Traffic PS,1.04432e+16,2023,1,1,Road Accidents,Narrow road,City/Town,Residential area,Not Applicable,Yes,Grievous Injury,Hit pedestrian,Not Applicable,Not Applicable,Residential Street,Bitumen(Tar),Dry,Not Applicable,Clear,"OPP AMRUTHA NILAYA, HOUSE NO 119, 12TH A MAIN ROAD, BTM 1 ST STAGE, BANGALURU",ELECTRIC POLE,8,0.0,0.0,0,0,0.0,0.0
Bengaluru City,Mico Layout Traffic PS,1.04432e+16,2023,1,1,Road Accidents,Narrow road,City/Town,Residential area,Not Applicable,No,Not Applicable,Not Applicable,Not Applicable,Not Applicable,Residential Street,Bitumen(Tar),Dry,Not Applicable,Clear,"OPP BHAGYALAKSHMI STORE, 4TH CROSS, 1ST MAIN ROAD, S G PALYA, BTM 1ST STAGE, BANGALURU",FOOTPATH,23,0.0,0.0,0,0,0.0,0.0
Bengaluru City,Mico Layout Traffic PS,1.04432e+16,2023,1,2,Road Accidents,Not Applicable,City/Town,Residential area,Not Applicable,No,Grievous Injury,Vehicle to Vehicle,Not Applicable,Not Applicable,Others,Bitumen(Tar),Not Applicable,Not Applicable,Clear,"OPP VEGACITY MALL, JD MARA JUNCTION, BG ROAD, BANGALURU.",GREEN TREE,45,0.0,0.0,0,0,0.0,0.0
Bengaluru City,Mico Layout Traffic PS,1.04432e+16,2023,1,1,Road Accidents,Not Applicable,City/Town,Residential area,Not Applicable,Yes,Grievous Injury,Hit pedestrian,Controlled,Others,Residential Street,Bitumen(Tar),Dry,Not Applicable,Clear,"OPP RAJKAMAL JWELLERY SHOP, METRO PILLER NO.118, 100 FEET RING ROAD, BTM 2ND STAGE, BANGALURU.",METRO POLE,48,0.0,0.0,0,0,0.0,0.0
Bengaluru City,Mico Layout Traffic PS,1.04432e+16,2023,1,2,Road Accidents,Junction,City/Town,Residential area,Not Applicable,Yes,Grievous Injury,Vehicle to Vehicle,Controlled,Others,Others,Bitumen(Tar),Dry,Not Applicable,Clear,"NEAR DAIRY JUNCTION, BTM 1ST STAGE, BG ROAD, BANGALURU",GREEN TREE,20,12.936772,77.601462,0,0,0.0,0.0
Bengaluru City,Mico Layout Traffic PS,1.04432e+16,2023,1,1,Road Accidents,Narrow road,City/Town,Near Hospital,Not Applicable,Yes,Grievous Injury,Hit pedestrian,Not Applicable,Not Applicable,Others,Bitumen(Tar),Dry,Not Applicable,Clear,100 FEET RING ROAD,METRO PILLR,7,12.916668,77.59883,0,0,0.0,0.0
Bengaluru City,Mico Layout Traffic PS,1.04432e+16,2023,1,2,Road Accidents,Junction,City/Town,Residential area,Not Applicable,Yes,Grievous Injury,Vehicle to Vehicle,Controlled,Others,Others,Bitumen(Tar),Dry,Not Applicable,Clear,"OPP SWADISTA HOTEL, 16TH MAIN ROAD, BTM 2ND STAGE, BANGALURU",ELECTRIC POLE,15,12.913973,77.610116,0,0,0.0,0.0
Bengaluru City,Mico Layout Traffic PS,1.04432e+16,2023,1,2,Road Accidents,Narrow road,City/Town,Residential area,Not Applicable,No,Grievous Injury,Vehicle to Vehicle,Not Applicable,Not Applicable,Residential Street,Bitumen(Tar),Dry,Not Applicable,Clear,"OPP BLINKIT GROCERY SHOP, BEHIND BES COLLEGE, 18TH MAIN ROAD, JAYANAGARA 4TH BLOCK, BANGALURU",GREEN TREE,20,0.0,0.0,0,0,0.0,0.0
Bengaluru City,Mico Layout Traffic PS,1.04432e+16,2023,1,2,Road Accidents,Junction,City/Town,Residential area,Not Applicable,Yes,Grievous Injury,Vehicle to Vehicle,Controlled,Not Applicable,Others,Bitumen(Tar),Dry,Not Applicable,Others,"28TH MAIN ROAD AND  100 FEET RING ROAD JUNCTION, JAYANAGARA 9TH STAGE, BANGALURU",METRO POLE,35,12.916856,77.595052,0,0,0.0,0.0
Bengaluru City,Mico Layout Traffic PS,1.04432e+16,2023,1,1,Road Accidents,Circle,City/Town,Residential area,Not Applicable,No,Grievous Injury,Not Applicable,Not Applicable,Others,Others,Bitumen(Tar),Dry,Not Applicable,Clear,"OPP URU BRUE PARK, BG ROAD MAIN ROAD, BANGALURU.",ELECTRIC POLE,26,12.905618,77.601723,0,0,0.0,0.0
Bengaluru City,Mico Layout Traffic PS,1.04432e+16,2023,1,2,Not Applicable,Junction,City/Town,Residential area,Not Applicable,Yes,Grievous Injury,Vehicle to Vehicle,No signal lights,Others,Others,Bitumen(Tar),Dry,Not Applicable,Clear,EAST END MAIN ROAD,FOOTPATH,19,12.928374,77.597231,0,0,0.0,0.0
Bengaluru City,Mico Layout Traffic PS,1.04432e+16,2023,1,2,Road Accidents,Junction,City/Town,Residential area,Not Applicable,No,Grievous Injury,Vehicle to Vehicle,Controlled,Not Applicable,Residential Street,Bitumen(Tar),Dry,Not Applicable,Clear,"OPP TIRUMALA BAR & RESTURANT, EAST END MAIN ROAD AND 29TH MAIN ROAD JUNCTION, JAYANAGARA 9TH BLOCK,",GREEN TREE,50,0.0,0.0,0,0,0.0,0.0
Bengaluru City,Mico Layout Traffic PS,1.04432e+16,2023,1,1,Road Accidents,Narrow road,City/Town,Residential area,Not Applicable,Yes,Grievous Injury,Hit pedestrian,Controlled,Not Applicable,Two way,Bitumen(Tar),Dry,Not Applicable,Clear,"OPP ASQUAD ONLINE SERVICES PVT LTD, 25TH MAIN ROAD, BTM 2ND STAGE, BANGALURU",GREEN TREE,8,0.0,0.0,0,0,0.0,0.0
Bengaluru City,Mico Layout Traffic PS,1.04432e+16,2023,1,2,Road Accidents,Junction,City/Town,Residential area,Not Applicable,No,Grievous Injury,Vehicle to Vehicle,Controlled,Others,Residential Street,Bitumen(Tar),Dry,Not Applicable,Clear,"JUNCTION OF RANKA COLONY ROAD, DR.B.R.AMBEDKAR ROAD, BILEKAHALLI, BG ROAD, BANGALURU",GREEN TREE,15,0.0,0.0,0,0,0.0,0.0
Bengaluru City,Mico Layout Traffic PS,1.04432e+16,2023,1,1,Road Accidents,Junction,City/Town,Residential area,Not Applicable,No,Grievous Injury,Hit pedestrian,Controlled,Others,Others,Bitumen(Tar),Dry,Not Applicable,Clear,"16TH MAIN ROAD JUNCTION, BTM 1ST STAGE, BANGALURU",METRO POLE,5,12.916525,77.610195,0,0,0.0,0.0
Bengaluru City,Mico Layout Traffic PS,1.04432e+16,2023,1,1,Road Accidents,Junction,City/Town,Residential area,Not Applicable,Yes,Grievous Injury,Hit pedestrian,Controlled,Others,Others,Bitumen(Tar),Dry,Not Applicable,Clear,"THILAK NAGARA MAIN ROAD AND 36TH B CROSS ROAD JUNCTION, BANGALURU.",FOOTPATH,7,12.928445,77.94736,0,0,0.0,0.0
Bengaluru City,Mico Layout Traffic PS,1.04432e+16,2023,1,2,Road Accidents,Narrow road,City/Town,Near Bus stop,Not Applicable,No,Grievous Injury,Vehicle to Vehicle,Not Applicable,Not Applicable,One way,Bitumen(Tar),Dry,Not Applicable,Clear,"NEAR UDUPI GARDEN BUS STOP, 100 FEET RING ROAD, BANGALURU",METRO POLE,30,12.916283,77.609499,0,0,0.0,0.0
Bengaluru City,Mico Layout Traffic PS,1.04432e+16,2023,1,2,Road Accidents,Junction,City/Town,Residential area,Not Applicable,No,Simple Injury,Vehicle to Vehicle,Controlled,Not Applicable,Residential Street,Bitumen(Tar),Dry,Not Applicable,Clear,"BISMILLA JUNCTION, BG ROAD, BANGALURU",METRO POLE,15,0.0,0.0,0,0,0.0,0.0
Bengaluru City,Mico Layout Traffic PS,1.04432e+16,2023,1,1,Road Accidents,Narrow road,City/Town,Residential area,Not Applicable,No,Grievous Injury,Hit pedestrian,Controlled,Straight and flat,Two way,Bitumen(Tar),Dry,Not Applicable,Clear,"OPP  BABY PERL SCHOOL, 4TH CROSS, BILEKAHALLI, BANGALURU-560076.",ELECTRIC POLE,15,0.0,0.0,0,0,0.0,0.0
Bengaluru City,Mico Layout Traffic PS,1.04432e+16,2023,1,2,Road Accidents,Junction,City/Town,Residential area,Not Applicable,Yes,Grievous Injury,Vehicle to Vehicle,Not Applicable,Others,Not Applicable,Bitumen(Tar),Dry,Not Applicable,Clear,CHRIST COLLAGE BACK ROAD,GREEN TREE,18,12.930788,77.603795,0,0,0.0,0.0
Bengaluru City,Mico Layout Traffic PS,1.04432e+16,2023,1,2,Road Accidents,Not Applicable,City/Town,Residential area,Not Applicable,No,Damage Only,Vehicle to Vehicle,Controlled,Others,Residential Street,Bitumen(Tar),Dry,Not Applicable,Clear,"OPP VEGA CITY MALL, BG ROAD, BANGALURU.",METRO POLE,45,0.0,0.0,0,0,0.0,0.0
Bengaluru City,Mico Layout Traffic PS,1.04432e+16,2023,1,1,Road Accidents,Junction,City/Town,Residential area,Not Applicable,Yes,Grievous Injury,Hit pedestrian,No signal lights,Not Applicable,Residential Street,Bitumen(Tar),Dry,Not Applicable,Clear,"HOPJUNCTION, THAVAREKERE MAIN ROAD, BTM 1ST STAGE, BANGALURU.",ELECTRIC POLE,15,0.0,0.0,0,0,0.0,0.0
Bengaluru City,Mico Layout Traffic PS,1.04432e+16,2023,1,1,Road Accidents,Narrow road,City/Town,Residential area,Not Applicable,No,Grievous Injury,Hit bicyclist,Not Applicable,Not Applicable,Residential Street,Bitumen(Tar),Dry,Not Applicable,Clear,"OPP SRI SAI VAISHNAVI APT, 1ST MAIN, SARVABOWMA NAGARA, ARAKERE, BG ROAD, BANGALURU.",ELECTRIC POLE,15,0.0,0.0,0,0,0.0,0.0
Bengaluru City,Mico Layout Traffic PS,1.04432e+16,2023,1,1,Road Accidents,Not Applicable,City/Town,Residential area,Not Applicable,Yes,Not Applicable,Not Applicable,Not Applicable,Others,Not Applicable,Bitumen(Tar),Dry,Not Applicable,Clear,"OPP URU BAR AND RESTURANT, BG ROAD, BANGALURU",FOOTPATH,30,0.0,0.0,0,0,0.0,0.0
Bengaluru City,Mico Layout Traffic PS,1.04432e+16,2023,1,2,Road Accidents,Junction,City/Town,Residential area,Not Applicable,No,Grievous Injury,Vehicle to Vehicle,Controlled,Not Applicable,Others,Bitumen(Tar),Dry,Not Applicable,Clear,"RTO JUNCTION, 80 FEET  SIR M.V.ROAD, DEVARACHIKKANAHALLI, VIJAYA BANK LAYOUT, BAGALURU",ELECTRIC POLE,15,0.0,0.0,0,0,0.0,0.0
Bengaluru City,Mico Layout Traffic PS,1.04432e+16,2023,1,1,Road Accidents,Narrow road,City/Town,Residential area,Not Applicable,Yes,Grievous Injury,Hit pedestrian,Controlled,Not Applicable,Others,Bitumen(Tar),Dry,Not Applicable,Clear,"OPP FOOD JUNCTION, 1ST MAIN, S G PALYA, BTM 1ST STAGE, BANGALURU",ELECTRIC POLE,35,12.931099,77.607101,0,0,0.0,0.0
Bengaluru City,Mico Layout Traffic PS,1.04432e+16,2023,1,1,Road Accidents,Narrow road,City/Town,Residential area,Not Applicable,Yes,Grievous Injury,Hit pedestrian,Not Applicable,Others,Others,Bitumen(Tar),Dry,Not Applicable,Clear,"BANGALURU DAIRY CIRCLE FLY OVER, DR.MARIGOWDA MAIN ROAD, S G PALYA, BANGALURU",ELECTRIC POLE,31,12.937138,77.602129,0,0,0.0,0.0
Bengaluru City,Mico Layout Traffic PS,1.04432e+16,2023,1,1,Road Accidents,Not Applicable,City/Town,Residential area,Not Applicable,Yes,Grievous Injury,Hit pedestrian,Not Applicable,Not Applicable,Others,Bitumen(Tar),Dry,Not Applicable,Clear,"METRO PILLER NO 120 OPP, JAYADEVA DOWN RAMP JUNCTION, 100 FEET RING ROAD, BTM 2ND STAGE, BANGALURU",METRO POLE,15,0.0,0.0,0,0,0.0,0.0
Bengaluru City,Mico Layout Traffic PS,1.04432e+16,2023,1,2,Road Accidents,Junction,City/Town,Residential area,Not Applicable,No,Grievous Injury,Vehicle to Vehicle,Controlled,Others,Others,Bitumen(Tar),Dry,Not Applicable,Clear,"NEAR MARUTHI MEDICAL SHOP, EAST AND JUNCTION, 100 FEET RING ROAD, BANGALURU",METRO POLE,15,12.916813,77.596865,0,0,0.0,0.0
Bengaluru City,Mico Layout Traffic PS,1.04432e+16,2023,1,2,Road Accidents,Junction,City/Town,Residential area,Not Applicable,No,Grievous Injury,Vehicle to Vehicle,Controlled,Not Applicable,Others,Bitumen(Tar),Dry,Not Applicable,Clear,"BISMILLA JUNCTION, BG ROAD, BANGALURU",METRO POLE,25,12.926681,77.600533,0,0,0.0,0.0
Bengaluru City,Mico Layout Traffic PS,1.04432e+16,2023,1,1,Road Accidents,Narrow road,City/Town,Residential area,Not Applicable,No,Damage Only,Hit pedestrian,Controlled,Not Applicable,Residential Street,Bitumen(Tar),Dry,Not Applicable,Clear,"OPP SNN APT, RANKA COLONY MAIN ROAD, BILEKAHALLI, BANGALURU.",GREEN TREE,28,12.903218,77.606236,0,0,0.0,0.0
Bengaluru City,Mico Layout Traffic PS,1.04432e+16,2023,1,1,Road Accidents,Narrow road,City/Town,Residential area,Not Applicable,No,Fatal,Not Applicable,Not Applicable,Others,Others,Bitumen(Tar),Dry,Not Applicable,Clear,"OPP NANDINI PLY GROUND, 16H MAIN ROAD, BTM 2ND STAGE, BANGALURU.",ELECTRIC POLE,15,12.910589,77.610008,0,0,0.0,0.0
Bengaluru City,Mico Layout Traffic PS,1.04432e+16,2023,1,1,Road Accidents,Narrow road,City/Town,Residential area,Not Applicable,No,Grievous Injury,Hit pedestrian,Not Applicable,Not Applicable,Residential Street,Bitumen(Tar),Dry,Not Applicable,Clear,"OPP INDIAN PETROL BUNK, 100 FEET RING ROAD, BTM 2ND STAGE, BANGALURU",GREEN TREE,42,0.0,0.0,0,0,0.0,0.0
Bengaluru City,Mico Layout Traffic PS,1.04432e+16,2023,1,2,Road Accidents,Not Applicable,City/Town,Residential area,Not Applicable,No,Grievous Injury,Vehicle to Vehicle,Not Applicable,Not Applicable,Residential Street,Bitumen(Tar),Dry,Not Applicable,Clear,"OPP Sudarshana Vidya Mandir, 35th C Cross, 28th Main, Jayanagara 4th T Block, Bangaluru",ELECTRIC POLE,20,0.0,0.0,0,0,0.0,0.0
Bengaluru City,Mico Layout Traffic PS,1.04432e+16,2023,1,2,Road Accidents,Narrow road,City/Town,Residential area,Not Applicable,No,Fatal,Vehicle to Vehicle,Not Applicable,Not Applicable,One way,Bitumen(Tar),Dry,Not Applicable,Clear,"OPP MARGADARSHI CHITS, NEAR METRO PILLER NO 151, 100 FEET RING ROAD, BANGALURU",GREEN TREE,14,0.0,0.0,0,0,0.0,0.0
Bengaluru City,Mico Layout Traffic PS,1.04432e+16,2023,1,2,Road Accidents,Not Applicable,City/Town,Residential area,Not Applicable,No,Simple Injury,Vehicle to Vehicle,Not Applicable,Straight and flat,Residential Street,Bitumen(Tar),Dry,Not Applicable,Clear,"OPP AUTO CONSULTENT, TILAK NAGARA MAIN ROAD, JAYANAGARA 4TH T BLOCK, BANGALURU",GREEN TREE,35,0.0,0.0,0,0,0.0,0.0
Bengaluru City,Mico Layout Traffic PS,1.04432e+16,2023,1,1,Road Accidents,Narrow road,City/Town,Residential area,Not Applicable,No,Fatal,Not Applicable,Not Applicable,Not Applicable,Others,Bitumen(Tar),Dry,Not Applicable,Clear,"OPP IDBI BANK ATM, BEHIND CHRIST COLLEGE, S G PALYA, BTM 1ST STAGE, BANGALURU",ELECTRIC POLE,12,12.930922,77.606572,0,0,0.0,0.0
Bengaluru City,Mico Layout Traffic PS,1.04432e+16,2023,1,2,Road Accidents,Narrow road,City/Town,Residential area,Not Applicable,No,Grievous Injury,Vehicle to Vehicle,Not Applicable,Others,Others,Bitumen(Tar),Dry,Not Applicable,Clear,"OPP STAR CONSULTANT, 32ND E MAIN ROAD, JAYANAGARA 4TH T BLOCK, BANGALURU",ELECTRIC POLE,10,12.927016,77.59466,0,0,0.0,0.0
Bengaluru City,Mico Layout Traffic PS,1.04432e+16,2023,1,1,Road Accidents,Narrow road,City/Town,Residential area,Not Applicable,No,Grievous Injury,Hit pedestrian,Not Applicable,Not Applicable,Residential Street,Bitumen(Tar),Dry,Not Applicable,Clear,"OPP HOUSE NO 22, ANAGHA, 33RD MAIN ROAD, BTM 2ND STAGE, BANGALURU",ELECTRIC POLE,7,12.915328,77.617553,0,0,0.0,0.0
Bengaluru City,Mico Layout Traffic PS,1.04432e+16,2023,1,2,Road Accidents,Narrow road,City/Town,Residential area,Not Applicable,No,Damage Only,Vehicle to Vehicle,Controlled,Not Applicable,Residential Street,Bitumen(Tar),Dry,Not Applicable,Clear,"ADIGAS CROSS JUNCTION, ARAKERE, BG ROAD, BANGALURU",METRO POLE,43,0.0,0.0,0,0,0.0,0.0
Bengaluru City,Mico Layout Traffic PS,1.04432e+16,2023,1,1,Road Accidents,Narrow road,City/Town,Residential area,Not Applicable,No,Grievous Injury,Hit bicyclist,Not Applicable,Not Applicable,One way,Bitumen(Tar),Dry,Not Applicable,Clear,"OPP INDIAN PETROL BUNK, 100 FEET RING ROAD, BTM 2ND STAGE, BANGALURU.",METRO POLE,33,0.0,0.0,0,0,0.0,0.0
Bengaluru City,Mico Layout Traffic PS,1.04432e+16,2023,1,2,Road Accidents,Narrow road,City/Town,Residential area,Not Applicable,No,Grievous Injury,Vehicle to Vehicle,Not Applicable,Not Applicable,Residential Street,Bitumen(Tar),Dry,Not Applicable,Clear,"NEAR SAINT ANTHONY CHURCH, 32ND E CROSS AND THILAKNAGARA MAIN ROAD JUNCTION, JAYANAGARA 4TH BLOCK,",ELECTRIC POLE,15,0.0,0.0,0,0,0.0,0.0
Bengaluru City,Mico Layout Traffic PS,1.04432e+16,2023,1,1,Road Accidents,Narrow road,City/Town,Near Bus stop,Not Applicable,No,Fatal,Hit pedestrian,Not Applicable,Not Applicable,Others,Bitumen(Tar),Dry,Not Applicable,Clear,"OPP BANDE MUNESHWARA SWAMY TEMPLE, NEAR CHRIST COLLEGE, DR.MARIGOWDA MAIN ROAD, S.G.PALYA, BANGALURU",GREEN TREE,14,12.9364403,77.606758,0,0,0.0,0.0
Bengaluru City,Mico Layout Traffic PS,1.04432e+16,2023,1,2,Road Accidents,Not Applicable,City/Town,Residential area,Not Applicable,No,Grievous Injury,Vehicle to Vehicle,Not Applicable,Others,Others,Bitumen(Tar),Dry,Not Applicable,Clear,"OPP M RALD INMOTO RED, SWAGATH MAIN ROAD, THILAK NAGARA, JAYANAGARA 9TH BLOCK, BANGALURU.",GREEN TREE,20,0.0,0.0,0,0,0.0,0.0
Bengaluru City,Mico Layout Traffic PS,1.04432e+16,2023,1,2,Road Accidents,Narrow road,City/Town,Residential area,Not Applicable,No,Grievous Injury,Vehicle to Vehicle,Not at  Junction,Others,Residential Street,Bitumen(Tar),Dry,Not Applicable,Clear,"OPP PEPS SHOP,METRO PILLER NO 111, 100 FEET RING ROAD, BTM 2ND STAGE, BANGALURU",ELECTRIC POLE,35,0.0,0.0,0,0,0.0,0.0