DISTRICTNAME,UNITNAME,Crime_No,Year,RI,Noofvehicle_involved,Accident_Classification,Accident_Spot,Accident_Location,Accident_SubLocation,Main_Cause,Hit_Run,Severity,Collision_Type,Junction_Control,Road_Character,Road_Type,Surface_Type,Surface_Condition,Road_Condition,Weather,Accident_Road,Landmark_first,Distance_LandMark_First,Latitude,Longitude,Road_Condition_Score,Surface_Condition_Score,Surface_Type_Score,Road_Risk_Index
Bengaluru City,Mico Layout Traffic PS,1.04432e+16,2023,1,2,Road Accidents,Narrow road,City/Town,Residential area,Not Applicable,Yes,Damage Only,Not Applicable,Not Applicable,Not Applicable,Residential Street,Bitumen(Tar),Dry,Not Applicable,Clear,"OPP IIMB GATE, BG ROAD, BANGALURU",ELECTRIC POLE,28,0.0,0.0,0,0,0.0,0.0
Bengaluru City,Mico Layout Traffic PS,1.04432e+16,2023,1,2,Road Accidents,Not Applicable,City/Town,Residential area,Not Applicable,No,Grievous Injury,Vehicle to Vehicle,Not Applicable,Others,Residential Street,Bitumen(Tar),Dry,Not Applicable,Clear,"THAVAREKERE MAIN ROADA AND 16TH MAIN ROAD JUNCTION, OPP ENGNEERING KITCHEN, THAVAREKRE, BTM 1ST STAG",ELECTRIC POLE,14,0.0,0.0,0,0,0.0,0.0
Bengaluru City,Mico Layout Traffic PS,1.04432e+16,2023,1,2,Road Accidents,Narrow road,City/Town,Residential area,Not Applicable,No,Damage Only,Vehicle to Vehicle,Not Applicable,Straight and flat,Residential Street,Bitumen(Tar),Dry,Not Applicable,Clear,"OPP AKASH DIGITAL STUDIO, THAVAREKERE MAIN ROAD, BTM 1ST STAGE, BANGALURU",ELECTRIC POLE,20,0.0,0.0,0,0,0.0,0.0
Bengaluru City,Mico Layout Traffic PS,1.04432e+16,2023,1,1,Not Applicable,Cross roads,City/Town,Residential area,Not Applicable,Yes,Grievous Injury,Hit bicyclist,Not Applicable,Others,Others,Not Applicable,Others,Not Applicable,Others,1ST CROSS,ELECTRIC POLE,20,12.900878,77.611563,0,1,0.0,1.0
Bengaluru City,Mico Layout Traffic PS,1.04432e+16,2023,1,1,Road Accidents,Not Applicable,City/Town,Residential area,Not Applicable,No,Grievous Injury,Hit pedestrian,Not Applicable,Others,Others,Bitumen(Tar),Dry,Not Applicable,Clear,"OPP CHRIST COLLEGE, DR MARIGOWDA ROAD, BANGALURU",ELECTRIC POLE,10,12.936701,77.605073,0,0,0.0,0.0
Bengaluru City,Mico Layout Traffic PS,1.04432e+16,2023,1,2,Road Accidents,Not Applicable,City/Town,Residential area,Not Applicable,Yes,Grievous Injury,Vehicle to Vehicle,Not Applicable,Others,Residential Street,Bitumen(Tar),Dry,Not Applicable,Clear,"OPP VISTAR BAVAJI HOTEL, 9TH MAIN ROAD, BTM 1ST STAGE, BANGALURU",ELECTRIC POLE,15,0.0,0.0,0,0,0.0,0.0
Bengaluru City,Mico Layout Traffic PS,1.04432e+16,2023,1,3,Road Accidents,Not Applicable,City/Town,Residential area,Not Applicable,No,Damage Only,Vehicle to Vehicle,Not Applicable,Not Applicable,Others,Bitumen(Tar),Dry,Not Applicable,Clear,"NEAR HDFC BANK ATM, 100 FEET RING ROAD, JAYANAGARA 9TH BLOCK, BANGALURU",METRO POLE,28,0.0,0.0,0,0,0.0,0.0
Bengaluru City,Mico Layout Traffic PS,1.04432e+16,2023,1,1,Road Accidents,Not Applicable,City/Town,Residential area,Not Applicable,Yes,Grievous Injury,Not Applicable,Not Applicable,Not Applicable,Residential Street,Bitumen(Tar),Dry,Not Applicable,Clear,"Near Mico Layout P.S Out Post, Vijaya Bank Layout, Bangaluru.",ELECTRIC POLE,28,0.0,0.0,0,0,0.0,0.0
Bengaluru City,Mico Layout Traffic PS,1.04432e+16,2023,1,1,Road Accidents,Narrow road,City/Town,Residential area,Not Applicable,Yes,Grievous Injury,Hit pedestrian,Controlled,Not Applicable,Service Road,Bitumen(Tar),Dry,Not Applicable,Clear,"OPP LAKSHMI GANAPATHI GENTS PG., BTM 2ND STAGE, NEAR METRO PILLER NO 109, 100 FEET RING ROAD, BANGAL",METRO POLE,8,0.0,0.0,0,0,0.0,0.0
Bengaluru City,Mico Layout Traffic PS,1.04432e+16,2023,1,2,Road Accidents,Junction,City/Town,Residential area,Not Applicable,No,Grievous Injury,Vehicle to Vehicle,Controlled,Others,Others,Bitumen(Tar),Dry,Not Applicable,Clear,"BANGALURU DAIRY JUNCTION, BG ROAD, BANGALURU",METRO POLE,15,0.0,0.0,0,0,0.0,0.0
Bengaluru City,Mico Layout Traffic PS,1.04432e+16,2023,1,1,Road Accidents,Narrow road,City/Town,Residential area,Not Applicable,Yes,Grievous Injury,Hit pedestrian,Not Applicable,Not Applicable,Others,Bitumen(Tar),Dry,Not Applicable,Clear,"NEAR SAGAR HOSPITAL, SWAGATH MAIN ROAD, OPP MUTHOOT FINANCE, JAYANAGARA 9TH BLOCK, BANGALURU.",ELECTRIC POLE,35,12.928381,77.598029,0,0,0.0,0.0
Bengaluru City,Mico Layout Traffic PS,1.04432e+16,2023,1,1,Road Accidents,Junction,City/Town,Residential area,Not Applicable,Yes,Grievous Injury,Hit pedestrian,Not Applicable,Others,Not Applicable,Bitumen(Tar),Dry,Not Applicable,Clear,18 TH MAIN AN 44 TH CROSS JUNCTION,TEMPLE,30 FT,12.919782,77.58955,0,0,0.0,0.0
Bengaluru City,Mico Layout Traffic PS,1.04432e+16,2023,1,2,Road Accidents,Not Applicable,City/Town,Residential area,Not Applicable,No,Damage Only,Vehicle to Vehicle,Controlled,Not Applicable,Others,Bitumen(Tar),Others,Not Applicable,Clear,"OPP PARIMALA PROVISION STORE, EAST END MAIN ROAD, JAYANAGARA 9TH BLOCK, BANGALURU",GREEN TREE,20,0.0,0.0,0,1,0.0,1.0
Bengaluru City,Mico Layout Traffic PS,1.04432e+16,2023,1,2,Road Accidents,Narrow road,City/Town,Residential area,Not Applicable,No,Grievous Injury,Vehicle to Vehicle,Controlled,Others,Others,Bitumen(Tar),Dry,Not Applicable,Clear,"OPP CP FRESH SHOP, NEAR 20TH CROSS, 7TH MAIN ROAD, BTM 2ND STAGE, BANGALURU",GREEN TREE,15,0.0,0.0,0,0,0.0,0.0
Bengaluru City,Mico Layout Traffic PS,1.04432e+16,2023,1,1,Road Accidents,Narrow road,City/Town,Residential area,Not Applicable,No,Fatal,Hit pedestrian,Not Applicable,Not Applicable,Others,Concrete,Dry,Not Applicable,Clear,"OPP MUNESHWARA TEMPLE, DR MARIGOWDA ROAD, S G PALYA, BTM 1ST STAGE, BANGALURU.",ELECTRIC POLE,20,0.0,0.0,0,0,0.0,0.0
Bengaluru City,Mico Layout Traffic PS,1.04432e+16,2023,1,2,Road Accidents,Narrow road,City/Town,Residential area,Not Applicable,No,Grievous Injury,Vehicle to Vehicle,Controlled,Others,Others,Bitumen(Tar),Dry,Not Applicable,Clear,"OPP SAMRUDDI STORE, NEAR IIMB, BILEKAHALLI, BG  ROAD, BANGALURU",ELECTRIC POLE,29,12.89607,77.599816,0,0,0.0,0.0
Bengaluru City,Mico Layout Traffic PS,1.04432e+16,2023,1,1,Road Accidents,Junction,City/Town,Residential area,Not Applicable,No,Simple Injury,Hit bicyclist,Controlled,Not Applicable,Others,Bitumen(Tar),Dry,Not Applicable,Clear,"OPP Vegacity Mall, BG Road, Bangaluru.",METRO POLE,15,12.907313,77.600622,0,0,0.0,0.0
Bengaluru City,Mico Layout Traffic PS,1.04432e+16,2023,1,1,Road Accidents,Narrow road,City/Town,Residential area,Not Applicable,Yes,Fatal,Hit pedestrian,Controlled,Others,Others,Bitumen(Tar),Dry,Not Applicable,Clear,"OPP SWARNA LOKA BAR AND RESTURENT, 100 FEET RING ROAD, BTM 2ND STAGE, BANGALURU",METRO POLE,20,12.916689,77.604226,0,0,0.0,0.0
Bengaluru City,Peenya Traffic PS,1.04432e+16,2016,1,1,Road Accidents,Narrow road,City/Town,Near office complex,Human Error,No,Grievous Injury,Head on,Controlled,Straight and flat,City or Town Road,Bitumen(Tar),Dry,No influence on accident,Fine,VIJAYALAKSHMI BAR HEGGENAHALLI,VIJAYALAKSHMI BAR,30FEET,13.00143894,77.50461311,0,0,0.0,0.0
Bengaluru City,Peenya Traffic PS,1.04432e+16,2016,1,1,Road Accidents,Narrow road,City/Town,Open area,Human Error,Yes,Simple Injury,Hit pedestrian,Not at  Junction,Straight and flat,City or Town Road,Bitumen(Tar),Dry,No influence on accident,Fine,OPP MASIDI ROAD NEAR SHUSHTHA BANK,SHUSHTHA BANK,15FEET,13.00846598,77.49929515,0,0,0.0,0.0
Bengaluru City,Peenya Traffic PS,1.04432e+16,2016,1,2,Road Accidents,Narrow road,City/Town,Open area,Human Error,Not Applicable,Grievous Injury,Others,Not Applicable,Not Applicable,NH,Bitumen(Tar),Not Applicable,Not Applicable,Others,NH-4,NAGASANDRA METRO STATION,60 FEE,13.04763758,77.5006398,0,0,0.0,0.0
Bengaluru City,Peenya Traffic PS,1.04432e+16,2016,1,2,Road Accidents,Narrow road,City/Town,Open area,Vehicle Defect,Not Applicable,Damage Only,Head on,Not at  Junction,Straight and flat,City or Town Road,Bitumen(Tar),Dry,No influence on accident,Fine,NH4 DEEPAK BUS STOP NEAR,RAMAYYA ENCLAVE,95FEET,13.04617363,77.50460059,0,0,0.0,0.0
Bengaluru City,Peenya Traffic PS,1.04432e+16,2016,1,2,Road Accidents,Narrow road,City/Town,Open area,Human Error,Yes,Grievous Injury,Head on,Not at  Junction,Straight and flat,City or Town Road,Bitumen(Tar),Dry,No influence on accident,Fine,ISWARYA BEKARI OPP RAJAGOPALANAGAR,ISWARYA BEKARI OPP,10FEET,13.01229093,77.50901097,0,0,0.0,0.0
Bengaluru City,Peenya Traffic PS,1.04432e+16,2016,1,2,Road Accidents,Narrow road,City/Town,Open area,Human Error,No,Grievous Injury,Others,Give way sign,Not Applicable,City or Town Road,Bitumen(Tar),Not Applicable,Not Applicable,Others,RING ROAD,SRINIVAS HOUSE,60FEET,0.0,0.0,0,0,0.0,0.0
Bengaluru City,Peenya Traffic PS,1.04432e+16,2016,1,1,Road Accidents,Narrow road,City/Town,Near Bus stop,Human Error,No,Fatal,Hit pedestrian,Not at  Junction,Straight and flat,City or Town Road,Bitumen(Tar),Dry,No influence on accident,Fine,nh4 banashankari hotel,BANASHANKARI HOTEL,40FEET,13.03521238,77.52784256,0,0,0.0,0.0
Bengaluru City,Peenya Traffic PS,1.04432e+16,2016,1,2,Road Accidents,Junction,City/Town,Open area,Human Error,No,Simple Injury,Side impact or Right angle,Controlled,Straight and flat,City or Town Road,Bitumen(Tar),Dry,Not Applicable,Fine,GANAPATI NAGAR - RAJGOPAL NAGAR MAIN ROAD,CREATIVE DESIGN,10FEET,13.02643192,77.51458752,0,0,0.0,0.0
Bengaluru City,Peenya Traffic PS,1.04432e+16,2016,1,1,Road Accidents,Narrow road,City/Town,Open area,Human Error,Yes,Grievous Injury,Hit pedestrian,Not Applicable,Not Applicable,City or Town Road,Bitumen(Tar),Not Applicable,Not Applicable,Others,near laggere ring road,adya electricals,5 ft,0.0,0.0,0,0,0.0,0.0
Bengaluru City,Peenya Traffic PS,1.04432e+16,2016,1,1,Road Accidents,Narrow road,City/Town,Near Hospital,Human Error,Yes,Grievous Injury,Hit pedestrian,Not at  Junction,Not Applicable,Residential Street,Bitumen(Tar),Not Applicable,Not Applicable,Not Applicable,Rajagopal nagara main road,Corporation atm,30feet,13.01776914,77.51435542,0,0,0.0,0.0
Bengaluru City,Peenya Traffic PS,1.04432e+16,2016,1,2,Road Accidents,Narrow road,City/Town,Open area,Human Error,No,Simple Injury,Head on,Not at  Junction,Straight and flat,City or Town Road,Bitumen(Tar),Dry,No influence on accident,Fine,NTTF ROAD LAKE ROAD T DASARAHALLI,NTTF ROAD LAKE ROAD T DASARAHALLI,10FEET,13.02525213,77.51114818,0,0,0.0,0.0
Bengaluru City,Peenya Traffic PS,1.04432e+16,2016,1,2,Not Applicable,Narrow road,City/Town,Open area,Human Error,No,Grievous Injury,Head on,Controlled,Straight and flat,City or Town Road,Bitumen(Tar),Dry,No influence on accident,Fine,PEENYA 1ST STAGE,PEENYA 1ST STAGE,10FEET,13.03795003,77.5219637,0,0,0.0,0.0
Bengaluru City,Peenya Traffic PS,1.04432e+16,2016,1,2,Road Accidents,Curves,City/Town,Open area,Human Error,Not Applicable,Damage Only,Others,Not Applicable,Curve,Others,Bitumen(Tar),Not Applicable,Not Applicable,Not Applicable,sunkadakatte road,Druga bakery,10ft,12.99982369,77.50426357,0,0,0.0,0.0
Bengaluru City,Peenya Traffic PS,1.04432e+16,2016,1,2,Road Accidents,Narrow road,City/Town,Near Bus stop,Vehicle Defect,No,Damage Only,Head on,Not at  Junction,Straight and flat,City or Town Road,Bitumen(Tar),Dry,No influence on accident,Fine,#32 3RD CROSS KAPILANAGAR LAGGERE,SHANTHAMMA  HOUSE,10FEET,13.00885036,77.50674493,0,0,0.0,0.0
Bengaluru City,Peenya Traffic PS,1.04432e+16,2016,1,1,Road Accidents,Narrow road,City/Town,Open area,Human Error,No,Grievous Injury,Hit pedestrian,Not at  Junction,Straight and flat,City or Town Road,Bitumen(Tar),Dry,No influence on accident,Fine,11TH CROSS 4TH PHASE  OPP,PRAGATHI AUTOMATION  PVT LTD,10FEET,13.01856245,77.51323427,0,0,0.0,0.0
Bengaluru City,Peenya Traffic PS,1.04432e+16,2016,1,2,Road Accidents,Narrow road,City/Town,Open area,Human Error,No,Simple Injury,Hit pedestrian,Not at  Junction,Straight and flat,City or Town Road,Bitumen(Tar),Dry,No influence on accident,Fine,GOKULDAS GARMENTS PIA,GOKULDAS GARMENTS,5FEET,13.02882868,77.51013696,0,0,0.0,0.0
Bengaluru City,Peenya Traffic PS,1.04432e+16,2016,1,2,Road Accidents,Narrow road,City/Town,Near Bus stop,Human Error,No,Damage Only,Head on,Not at  Junction,Straight and flat,City or Town Road,Bitumen(Tar),Dry,No influence on accident,Fine,NH4 H CROSS T DASARAHALLI,AXIS BANK,65FEET,13.04541318,77.50748944,0,0,0.0,0.0
Bengaluru City,Peenya Traffic PS,1.04432e+16,2016,1,2,Road Accidents,Offset,City/Town,Near a factory industrial area,Human Error,No,Grievous Injury,Rear end,Not at  Junction,Others,One way,Bitumen(Tar),Others,Not Applicable,Fine,T DASARAHALLI LAKE ROAD,ISRO MAIN GATE,55FEET,13.03279437,77.51279252,0,1,0.0,1.0
Bengaluru City,Peenya Traffic PS,1.04432e+16,2016,1,2,Road Accidents,Junction,City/Town,Open area,Human Error,Yes,Simple Injury,Hit parked vehicle,Signal lights Automatic,Not Applicable,Feeder Road,Bitumen(Tar),Not Applicable,Not Applicable,Fine,S M ROAD,LAKSHMI GOLD PALACE,50FEET,13.0411208,77.51897594,0,0,0.0,0.0
Bengaluru City,Peenya Traffic PS,1.04432e+16,2016,1,2,Road Accidents,Narrow road,City/Town,Open area,Human Error,No,Damage Only,Rear end,Not at  Junction,Not Applicable,NH,Bitumen(Tar),Not Applicable,No influence on accident,Fine,NH-4,ASHOK LAYLAND SERVICE STATION,80FEET,0.0,0.0,0,0,0.0,0.0
Bengaluru City,Peenya Traffic PS,1.04432e+16,2016,1,1,Road Accidents,Narrow road,City/Town,Open area,Human Error,No,Grievous Injury,Hit pedestrian,Not at  Junction,Others,NH,Bitumen(Tar),Not Applicable,No influence on accident,Fine,NH-4,BANASHANKARI HOTEL,75FEET,13.03548112,77.52735647,0,0,0.0,0.0
Bengaluru City,Peenya Traffic PS,1.04432e+16,2016,1,2,Road Accidents,Narrow road,City/Town,Open area,Vehicle Defect,No,Damage Only,Head on,Not at  Junction,Straight and flat,City or Town Road,Bitumen(Tar),Dry,No influence on accident,Fine,#55/56FACTROY OPP 17TH CROSS PEENYA 2ND STAGE,BHAVANI ENTERPRISES,20FEET,13.00253038,77.51094054,0,0,0.0,0.0
Bengaluru City,Peenya Traffic PS,1.04432e+16,2016,1,2,Road Accidents,Narrow road,City/Town,Near Bus stop,Human Error,Not Applicable,Damage Only,Head on,Controlled,Straight and flat,City or Town Road,Bitumen(Tar),Dry,No influence on accident,Fine,ROCK LINE MALL NEAR,ROCK LINE MALL,10FEET,13.04039518,77.51784449,0,0,0.0,0.0
Bengaluru City,Peenya Traffic PS,1.04432e+16,2016,1,2,Road Accidents,Narrow road,City/Town,Open area,Human Error,No,Grievous Injury,Others,Controlled,Straight and flat,City or Town Road,Bitumen(Tar),Dry,Not Applicable,Fine,8TH MILE JUNCTION NH4,SRS TRAVELS,20FEET,13.04539698,77.50722719,0,0,0.0,0.0
Bengaluru City,Peenya Traffic PS,1.04432e+16,2016,1,2,Road Accidents,Narrow road,City/Town,Near School or College,Human Error,Yes,Grievous Injury,Head on,Not at  Junction,Straight and flat,City or Town Road,Bitumen(Tar),Dry,No influence on accident,Fine,OPP INDO AMERICAN SCHOOL,INDO AMERICAN SCHOOL,15FEET,13.00556588,77.51341365,0,0,0.0,0.0
Bengaluru City,Peenya Traffic PS,1.04432e+16,2016,1,2,Road Accidents,Narrow road,City/Town,Open area,Human Error,Yes,Fatal,Hit and Run,Not at  Junction,Straight and flat,City or Town Road,Bitumen(Tar),Dry,No influence on accident,Fine,DASARAHALLI  FLYOVER PRIMER HOSPITAL NEAR,PRIMER HOSPITAL NEAR,12FEET,13.04198699,77.51593243,0,0,0.0,0.0
Bengaluru City,Peenya Traffic PS,1.04432e+16,2016,1,2,Road Accidents,Narrow road,City/Town,Near Hospital,Human Error,No,Damage Only,Head on,Not at  Junction,Straight and flat,City or Town Road,Bitumen(Tar),Dry,No influence on accident,Fine,OPP SHOBA APPARTMENTS NH 4 FLYOVER,SHOBA APPARTMENTS,90FT,13.04738818,77.50049497,0,0,0.0,0.0
Bengaluru City,Peenya Traffic PS,1.04432e+16,2016,1,1,Road Accidents,Narrow road,City/Town,Open area,Human Error,Yes,Grievous Injury,Hit pedestrian,Not at  Junction,Steep Incline or Climb,City or Town Road,Bitumen(Tar),Dry,No influence on accident,Fine,ASHWINI CLINIC OPP NELAGARANAHALLO,ASHWINI CLINIC OPP,10FEET,13.03123501,77.50512815,0,0,0.0,0.0
Bengaluru City,Peenya Traffic PS,1.04432e+16,2016,1,2,Road Accidents,Narrow road,City/Town,Open area,Human Error,Yes,Grievous Injury,Others,Controlled,Not Applicable,NH,Bitumen(Tar),Not Applicable,No influence on accident,Fine,NH-4,R R PETROL BUNK,50FEET,0.0,0.0,0,0,0.0,0.0
Bengaluru City,Peenya Traffic PS,1.04432e+16,2016,1,1,Road Accidents,Other,City/Town,Residential area,Human Error,Yes,Fatal,Hit bicyclist,Not at  Junction,Not Applicable,Residential Street,Bitumen(Tar),Not Applicable,Not Applicable,Fine,VISHVESHWARA LAYOUT,BYRAVESHWARA ENTERPRISES,16FEET,13.06164332,77.49538803,0,0,0.0,0.0
Bengaluru City,Peenya Traffic PS,1.04432e+16,2016,1,1,Road Accidents,Narrow road,City/Town,Open area,Human Error,Yes,Grievous Injury,Hit and Run,Not at  Junction,Not Applicable,Others,Bitumen(Tar),Not Applicable,Not Applicable,Fine,PEENYA POLICE STATION ROAD,ANURE METALS,25FEET,13.03193752,77.52038793,0,0,0.0,0.0
Bengaluru City,Peenya Traffic PS,1.04432e+16,2016,1,2,Road Accidents,Narrow road,City/Town,Near a factory industrial area,Human Error,No,Grievous Injury,Hit bicyclist,Not at  Junction,Not Applicable,Mixed,Bitumen(Tar),Not Applicable,No influence on accident,Fine,THIGALARAPALYA ROAD,PRIYADHARSHINI HANDLOOMS,15FEET,13.0098147,77.505309,0,0,0.0,0.0
Bengaluru City,Peenya Traffic PS,1.04432e+16,2016,1,1,Road Accidents,Narrow road,City/Town,Residential area,Human Error,Yes,Grievous Injury,Hit and Run,Not at  Junction,Not Applicable,Residential Street,Bitumen(Tar),Not Applicable,Not Applicable,Others,T DASARAHALLI LAKE ROAD,BALAJI NILAYA,15FEET,0.0,0.0,0,0,0.0,0.0
Bengaluru City,Peenya Traffic PS,1.04432e+16,2016,1,2,Road Accidents,Narrow road,City/Town,Open area,Human Error,Yes,Grievous Injury,Head on,Not at  Junction,Straight and flat,City or Town Road,Bitumen(Tar),Dry,Not Applicable,Fine,GKW LAYOUT main road,ELECTRIC POLE,15FEET,13.00949474,77.50168256,0,0,0.0,0.0
Bengaluru City,Peenya Traffic PS,1.04432e+16,2016,1,2,Road Accidents,Narrow road,City/Town,Open area,Human Error,No,Simple Injury,Head on,Not at  Junction,Straight and flat,City or Town Road,Bitumen(Tar),Dry,No influence on accident,Fine,KRISHNA HOTEL OPP,KRISHNA HOTEL OPP,20FEET,13.00845022,77.52674258,0,0,0.0,0.0
Bengaluru City,Peenya Traffic PS,1.04432e+16,2016,1,2,Road Accidents,Junction,City/Town,Open area,Vehicle Defect,Yes,Damage Only,Head on,Controlled,Straight and flat,City or Town Road,Bitumen(Tar),Dry,No influence on accident,Fine,NH4 NEAR 8TH MILE,503 METRO FOUL,30FEET,13.04539698,77.50722719,0,0,0.0,0.0
Bengaluru City,Peenya Traffic PS,1.04432e+16,2016,1,2,Road Accidents,Narrow road,City/Town,Near Bus stop,Human Error,No,Grievous Injury,Head on,Not at  Junction,Straight and flat,City or Town Road,Bitumen(Tar),Dry,No influence on accident,Fine,KENMETAL MEDIA FACTORY,KARLE GARMENTS,90FEET,13.04979029,77.49469029,0,0,0.0,0.0
Bengaluru City,Peenya Traffic PS,1.04432e+16,2016,1,2,Road Accidents,Narrow road,City/Town,Open area,Human Error,Not Applicable,Grievous Injury,Others,Not Applicable,Others,City or Town Road,Bitumen(Tar),Not Applicable,Not Applicable,Others,pataki gowdon road,Hegganahalli govt Hospital,10feet,13.00357745,77.50452294,0,0,0.0,0.0
Bengaluru City,Peenya Traffic PS,1.04432e+16,2016,1,1,Road Accidents,Narrow road,City/Town,Open area,Human Error,No,Fatal,Drowned,Not at  Junction,Straight and flat,City or Town Road,Bitumen(Tar),Dry,No influence on accident,Fine,INDIRANAGAR IST CROSS TIGALARAPALYA,NO 4 ANU NILAYA,20FEET,0.0,0.0,0,0,0.0,0.0
Bengaluru City,Peenya Traffic PS,1.04432e+16,2016,1,2,Road Accidents,Narrow road,City/Town,Open area,Human Error,No,Fatal,Head on,Not at  Junction,Straight and flat,City or Town Road,Bitumen(Tar),Dry,No influence on accident,Fine,RING ROAD LAGGERE NEAR BRIDE,R K REDIATERS,50FEET,13.04515435,77.50719692,0,0,0.0,0.0
Bengaluru City,Peenya Traffic PS,1.04432e+16,2016,1,1,Road Accidents,Narrow road,City/Town,Open area,Human Error,No,Grievous Injury,Hit pedestrian,Not at  Junction,Straight and flat,City or Town Road,Bitumen(Tar),Dry,No influence on accident,Fine,NH4 T DASARAHALLI NEAR METRO STATION,NEAR METRO STATION,30FEET,13.04305883,77.51298428,0,0,0.0,0.0
Bengaluru City,Peenya Traffic PS,1.04432e+16,2016,1,2,Road Accidents,Narrow road,City/Town,Near School or College,Human Error,Yes,Grievous Injury,Head on,Not at  Junction,Straight and flat,City or Town Road,Bitumen(Tar),Dry,No influence on accident,Fine,PETROLBUNK OPP SM ROAD,PATIL HOTEL,05FEET,0.0,0.0,0,0,0.0,0.0
Bengaluru City,Peenya Traffic PS,1.04432e+16,2016,1,2,Road Accidents,Narrow road,City/Town,Open area,Human Error,Yes,Fatal,Head on,Not at  Junction,Straight and flat,City or Town Road,Bitumen(Tar),Dry,No influence on accident,Fine,ECIC FACTORY PEENYA FLYOVER NEAR 8TH MAILE,ECIC FACTORY PEENYA,20FEET,13.04449683,77.50917899,0,0,0.0,0.0
Bengaluru City,Peenya Traffic PS,1.04432e+16,2016,1,2,Road Accidents,Narrow road,City/Town,Open area,Human Error,Yes,Simple Injury,Hit and Run,Not at  Junction,Straight and flat,City or Town Road,Bitumen(Tar),Dry,No influence on accident,Fine,NH4 TUMKUR&BANGALORE,VM ALUMINIUM FACTORY,05FEET,0.0,0.0,0,0,0.0,0.0
Bengaluru City,Peenya Traffic PS,1.04432e+16,2016,1,1,Road Accidents,Narrow road,City/Town,Open area,Human Error,No,Simple Injury,Hit pedestrian,Controlled,Straight and flat,City or Town Road,Bitumen(Tar),Dry,No influence on accident,Fine,OPP VRL OFFICE NH4 SERVICE ROAD,VRL TRAVELLS,10FEET,13.04089554,77.51709709,0,0,0.0,0.0
Bengaluru City,Peenya Traffic PS,1.04432e+16,2016,1,2,Road Accidents,Circle,City/Town,Near a factory industrial area,Not Applicable,Yes,Simple Injury,Hit and Run,Not at  Junction,Not Applicable,City or Town Road,Bitumen(Tar),Dry,Not Applicable,Fine,PRASANTH PALIMARAS,PRASANTH PALIMARAS,10FEET,13.01136157,77.50700435,0,0,0.0,0.0
Bengaluru City,Peenya Traffic PS,1.04432e+16,2016,1,1,Road Accidents,Narrow road,City/Town,Open area,Human Error,Yes,Grievous Injury,Hit pedestrian,Not at  Junction,Straight and flat,City or Town Road,Bitumen(Tar),Dry,No influence on accident,Fine,PEENYA INDUSTRIAL AREA UDAYAGIRI PETROL BUNK NEAR 100 FEET ROAD,UDAYAGIRI PETROL BUNK NEAR,15FEET,0.0,0.0,0,0,0.0,0.0
Bengaluru City,Peenya Traffic PS,1.04432e+16,2016,1,2,Road Accidents,Narrow road,City/Town,Open area,Human Error,No,Grievous Injury,Head on,Not at  Junction,Straight and flat,City or Town Road,Bitumen(Tar),Dry,No influence on accident,Fine,opp merina creations,MERINA CREATION,50FEET,13.02177523,77.52674173,0,0,0.0,0.0
Bengaluru City,Peenya Traffic PS,1.04432e+16,2016,1,2,Road Accidents,Junction,City/Town,Open area,Human Error,Not Applicable,Fatal,Others,Signal lights Automatic,Not Applicable,NH,Bitumen(Tar),Not Applicable,Not Applicable,Fine,chokkasandra junction,BABA BEDDING HOUSE,25FEET,0.0,0.0,0,0,0.0,0.0
Bengaluru City,Peenya Traffic PS,1.04432e+16,2016,1,2,Road Accidents,Narrow road,City/Town,Open area,Human Error,Yes,Simple Injury,Head on,Not at  Junction,Straight and flat,City or Town Road,Bitumen(Tar),Dry,No influence on accident,Fine,PEENYA FLY OVER BRIGE ROAD,NAGASANDRA METRO SATION,20FEET,13.04775842,77.500294,0,0,0.0,0.0
Bengaluru City,Peenya Traffic PS,1.04432e+16,2016,1,1,Road Accidents,Other,City/Town,Residential area,Human Error,Not Applicable,Grievous Injury,Hit pedestrian,Not at  Junction,Not Applicable,City or Town Road,Bitumen(Tar),Not Applicable,Not Applicable,Fine,T.D.HALLI,ELECTRIC POLE,5FEET,0.0,0.0,0,0,0.0,0.0
Bengaluru City,Peenya Traffic PS,1.04432e+16,2016,1,2,Road Accidents,Narrow road,City/Town,Residential area,Human Error,No,Grievous Injury,Head on,Not at  Junction,Straight and flat,City or Town Road,Bitumen(Tar),Dry,No influence on accident,Fine,NH4 PS JUNCTION,CANARA BANK,30FEET,13.03791448,77.52200867,0,0,0.0,0.0
Bengaluru City,Peenya Traffic PS,1.04432e+16,2016,1,1,Road Accidents,Narrow road,City/Town,Open area,Human Error,No,Grievous Injury,Head on,Not at  Junction,Straight and flat,City or Town Road,Bitumen(Tar),Dry,No influence on accident,Fine,LAGGERE RING ROAD TIRUMAL COMPLAX,TIRUMAL COMPLAX,70FEET,13.00577473,77.52629814,0,0,0.0,0.0
Bengaluru City,Peenya Traffic PS,1.04432e+16,2016,1,2,Road Accidents,Narrow road,City/Town,Open area,Human Error,Not Applicable,Simple Injury,Others,Not at  Junction,Gentle Incline or Climb,NH,Bitumen(Tar),Not Applicable,Not Applicable,Not Applicable,NH-4,NEAR NH 4 PILLER,32FEET,13.03491413,77.52939198,0,0,0.0,0.0