DISTRICTNAME,UNITNAME,Crime_No,Year,RI,Noofvehicle_involved,Accident_Classification,Accident_Spot,Accident_Location,Accident_SubLocation,Main_Cause,Hit_Run,Severity,Collision_Type,Junction_Control,Road_Character,Road_Type,Surface_Type,Surface_Condition,Road_Condition,Weather,Accident_Road,Landmark_first,Distance_LandMark_First,Latitude,Longitude,Road_Condition_Score,Surface_Condition_Score,Surface_Type_Score,Road_Risk_Index
Bengaluru City,Peenya Traffic PS,1.04432e+16,2016,1,2,Road Accidents,Narrow road,City/Town,Open area,Human Error,Yes,Grievous Injury,Others,Uncontrolled,Others,City or Town Road,Bitumen(Tar),Not Applicable,Not Applicable,Not Applicable,100feet road,Sonal garments,20feet,0.0,0.0,0,0,0.0,0.0
Bengaluru City,Peenya Traffic PS,1.04432e+16,2016,1,2,Road Accidents,Narrow road,City/Town,Near a recreation place/cinema,Human Error,Yes,Simple Injury,Hit and Run,Not at  Junction,Straight and flat,City or Town Road,Bitumen(Tar),Dry,No influence on accident,Fine,OPP ARAVIND MOTOR  TVS JUNCTION,OPP ARAVIND MOTOR,10FEET,0.0,0.0,0,0,0.0,0.0
Bengaluru City,Peenya Traffic PS,1.04432e+16,2016,1,2,Road Accidents,Narrow road,City/Town,Open area,Human Error,Yes,Simple Injury,Head on,Not at  Junction,Straight and flat,City or Town Road,Bitumen(Tar),Dry,No influence on accident,Fine,PK BEKARI NEAR SIDEDAHALLI,PK BEKARI NEAR,25FEET,0.0,0.0,0,0,0.0,0.0
Bengaluru City,Peenya Traffic PS,1.04432e+16,2016,1,2,Road Accidents,Curves,City/Town,Open area,Human Error,Not Applicable,Grievous Injury,Others,Not Applicable,Curve,City or Town Road,Bitumen(Tar),Not Applicable,Not Applicable,Not Applicable,THIGALARA PALYA MAIN ROAD,ADARSHA BUILDING,25FEET,13.01259136,77.50425525,0,0,0.0,0.0
Bengaluru City,Peenya Traffic PS,1.04432e+16,2016,1,2,Not Applicable,Narrow road,City/Town,Open area,Vehicle Defect,No,Damage Only,Head on,Not at  Junction,Straight and flat,City or Town Road,Bitumen(Tar),Dry,No influence on accident,Fine,KRISHNA BHAVAN HOTEL OPP,KRISHNA BHAVAN,20FEET,13.00877047,77.52686147,0,0,0.0,0.0
Bengaluru City,Peenya Traffic PS,1.04432e+16,2016,1,2,Road Accidents,Narrow road,City/Town,Open area,Human Error,No,Simple Injury,Head on,Not at  Junction,Straight and flat,City or Town Road,Bitumen(Tar),Dry,No influence on accident,Fine,PETROL BUNK OPP SYSTEM BUS STOP,PETROL BUNK OPP,40FEET,13.03538944,77.51806767,0,0,0.0,0.0
Bengaluru City,Peenya Traffic PS,1.04432e+16,2016,1,1,Road Accidents,Narrow road,City/Town,Open area,Human Error,Not Applicable,Fatal,Hit pedestrian,Not Applicable,Not Applicable,City or Town Road,Bitumen(Tar),Not Applicable,Not Applicable,Fine,NEALGADARANHALLI ROAD,PREMA BAR,10FEET,13.03073908,77.50713953,0,0,0.0,0.0
Bengaluru City,Peenya Traffic PS,1.04432e+16,2016,1,1,Road Accidents,Narrow road,City/Town,Open area,Human Error,Not Applicable,Grievous Injury,Hit pedestrian,Not at  Junction,Straight and flat,City or Town Road,Bitumen(Tar),Dry,No influence on accident,Fine,KANVAMART OPP NELADARANAHALLI,KANVA MART,20FEET,0.0,0.0,0,0,0.0,0.0
Bengaluru City,Peenya Traffic PS,1.04432e+16,2016,1,1,Road Accidents,Narrow road,City/Town,Open area,Human Error,No,Simple Injury,Hit pedestrian,Not at  Junction,Straight and flat,City or Town Road,Bitumen(Tar),Dry,No influence on accident,Fine,NH4 PS JUNCTION NEAR PEENYA,KARAVALI HOTEL,50FEET,0.0,0.0,0,0,0.0,0.0
Bengaluru City,Peenya Traffic PS,1.04432e+16,2016,1,1,Road Accidents,Narrow road,City/Town,Near Bus stop,Human Error,No,Grievous Injury,Hit pedestrian,Not at  Junction,Straight and flat,City or Town Road,Bitumen(Tar),Dry,No influence on accident,Fine,PRIMER SANJEEVINI HOSPITAL OPP FLY OVER,PRIMER SANJEEVINI HOSPITAL,60FEET,13.04177453,77.51561989,0,0,0.0,0.0
Bengaluru City,Peenya Traffic PS,1.04432e+16,2016,1,2,Road Accidents,Other,City/Town,Near a factory industrial area,Not Applicable,No,Simple Injury,Not Applicable,Not at  Junction,Not Applicable,State Highway,Bitumen(Tar),Dry,Not Applicable,Fine,DOADANNA INDESTIRAL AREA MAIN ROAD OPP DHANUSRI CIKANA CENTER,DOADANNA INDESTIRAL AREA MAIN ROAD OPP DHANUSRI CIKANA CENTER,25FEET,0.0,0.0,0,0,0.0,0.0
Bengaluru City,Peenya Traffic PS,1.04432e+16,2016,1,2,Road Accidents,Junction,City/Town,Open area,Human Error,No,Fatal,Side impact or Right angle,Signal lights Automatic,Not Applicable,NH,Bitumen(Tar),Not Applicable,Not Applicable,Fine,NH-4,PILLER NO 38,25FEET,13.03795567,77.52196499,0,0,0.0,0.0
Bengaluru City,Peenya Traffic PS,1.04432e+16,2016,1,2,Road Accidents,Narrow road,City/Town,Open area,Human Error,Not Applicable,Fatal,Others,Give way sign,Others,Expressway,Bitumen(Tar),Not Applicable,Not Applicable,Others,"FLY OVER, NH-4",BSNL OFFICE,12FEET,13.03958063,77.5183413,0,0,0.0,0.0
Bengaluru City,Peenya Traffic PS,1.04432e+16,2016,1,1,Road Accidents,Narrow road,City/Town,Open area,Human Error,Yes,Simple Injury,Hit pedestrian,Controlled,Straight and flat,City or Town Road,Bitumen(Tar),Dry,No influence on accident,Fine,lake road sriranga bar T dasarahalli,SRI RANGA BAR,20FEET,13.03902019,77.51382374,0,0,0.0,0.0
Bengaluru City,Peenya Traffic PS,1.04432e+16,2016,1,2,Road Accidents,Narrow road,City/Town,Open area,Human Error,Not Applicable,Damage Only,Others,Not at  Junction,Not Applicable,City or Town Road,Bitumen(Tar),Not Applicable,Not Applicable,Not Applicable,RING ROAD,ELECTRIC POLE,45FEET,13.00488163,77.52662378,0,0,0.0,0.0
Bengaluru City,Peenya Traffic PS,1.04432e+16,2016,1,1,Road Accidents,Narrow road,City/Town,Open area,Human Error,Yes,Grievous Injury,Hit pedestrian,Not at  Junction,Straight and flat,City or Town Road,Bitumen(Tar),Dry,No influence on accident,Fine,#223 opp 10th cross 4th block peenya,opp 10th cross 4th block,05FEET,0.0,0.0,0,0,0.0,0.0
Bengaluru City,Peenya Traffic PS,1.04432e+16,2016,1,2,Road Accidents,Narrow road,City/Town,Open area,Human Error,No,Grievous Injury,Head on,Not at  Junction,Straight and flat,City or Town Road,Bitumen(Tar),Dry,No influence on accident,Fine,NH4 T DASARAHALLI CHOKKASANDRA JUNCTION,BBMPOFFICE CHOKKASANDRA JUNCTION,20FEET,13.04252231,77.51454121,0,0,0.0,0.0
Bengaluru City,Peenya Traffic PS,1.04432e+16,2016,1,2,Road Accidents,Narrow road,City/Town,Open area,Human Error,Yes,Simple Injury,Head on,Not at  Junction,Straight and flat,City or Town Road,Bitumen(Tar),Dry,No influence on accident,Fine,NH4 8TH MILE FLYOVER,ABHILASH BAR&RESTORENT,30FEET,13.04539698,77.50722719,0,0,0.0,0.0
Bengaluru City,Peenya Traffic PS,1.04432e+16,2016,1,2,Road Accidents,Narrow road,City/Town,Open area,Human Error,Not Applicable,Damage Only,Others,Not Applicable,Not Applicable,NH,Bitumen(Tar),Not Applicable,Not Applicable,Not Applicable,N.H-4,ALIED BLINDERS,40FEET,13.04569864,77.5057749,0,0,0.0,0.0
Bengaluru City,Peenya Traffic PS,1.04432e+16,2016,1,2,Road Accidents,Narrow road,City/Town,Open area,Vehicle Defect,No,Damage Only,Head on,Not at  Junction,Straight and flat,City or Town Road,Bitumen(Tar),Dry,No influence on accident,Fine,OPP BRAMAIL RUBBER FACTROY OPP,RUBBER FACTROY OPP,10FEET,0.0,0.0,0,0,0.0,0.0
Bengaluru City,Peenya Traffic PS,1.04432e+16,2016,1,1,Road Accidents,Narrow road,City/Town,Open area,Human Error,Yes,Fatal,Hit pedestrian,Not at  Junction,Straight and flat,City or Town Road,Bitumen(Tar),Dry,No influence on accident,Fine,POLICE CHUKI NEAR KEMPEGOWDA LAYOUT,LAKSHMI BEKARI &CANDIMENTS,40FEET,13.00043644,77.52611811,0,0,0.0,0.0
Bengaluru City,Peenya Traffic PS,1.04432e+16,2016,1,2,Road Accidents,Narrow road,City/Town,Open area,Human Error,No,Grievous Injury,Head on,Not at  Junction,Straight and flat,City or Town Road,Bitumen(Tar),Dry,No influence on accident,Fine,NEAR KEMPEGOWDA ARCH,ANNAPOORNESHWARI HOTEL,60FEET,13.00526773,77.52682826,0,0,0.0,0.0
Bengaluru City,Peenya Traffic PS,1.04432e+16,2016,1,1,Road Accidents,Narrow road,City/Town,Open area,Human Error,No,Grievous Injury,Hit pedestrian,Not at  Junction,Straight and flat,NH,Bitumen(Tar),Dry,No influence on accident,Fine,NH-4,BABA BEDDING,40FT,0.0,0.0,0,0,0.0,0.0
Bengaluru City,Peenya Traffic PS,1.04432e+16,2016,1,2,Road Accidents,Narrow road,City/Town,Open area,Human Error,Yes,Simple Injury,Head on,Controlled,Straight and flat,City or Town Road,Bitumen(Tar),Dry,No influence on accident,Fine,KARIHOBANAHALLI MAIN ROAD,ANJANEYA TEMPLE,20FEET,13.01644438,77.48318731,0,0,0.0,0.0
Bengaluru City,Peenya Traffic PS,1.04432e+16,2016,1,2,Road Accidents,Narrow road,City/Town,Near School or College,Human Error,No,Simple Injury,Head on,Police / Manual,Straight and flat,City or Town Road,Bitumen(Tar),Dry,No influence on accident,Fine,ASIAN PAINTS OPP LAKE ROAD,ASIAN PAINTS OPP LAKE ROAD,30FEET,13.02947365,77.51214095,0,0,0.0,0.0
Bengaluru City,Peenya Traffic PS,1.04432e+16,2016,1,1,Road Accidents,Narrow road,City/Town,Open area,Human Error,No,Grievous Injury,Hit pedestrian,Not at  Junction,Straight and flat,City or Town Road,Bitumen(Tar),Dry,No influence on accident,Fine,OPP VADAFONE STORE OPP,VADAFONE STORE OPP,30FEET,13.04036276,77.51851812,0,0,0.0,0.0
Bengaluru City,Peenya Traffic PS,1.04432e+16,2016,1,1,Road Accidents,Narrow road,City/Town,Near Bus stop,Human Error,No,Grievous Injury,Hit pedestrian,Not at  Junction,Straight and flat,City or Town Road,Bitumen(Tar),Dry,No influence on accident,Fine,opp proffessional couriers,opp proffessional couriers,10FEET,0.0,0.0,0,0,0.0,0.0
Bengaluru City,Peenya Traffic PS,1.04432e+16,2016,1,2,Road Accidents,Narrow road,City/Town,Open area,Vehicle Defect,No,Damage Only,Head on,Not at  Junction,Straight and flat,City or Town Road,Bitumen(Tar),Dry,No influence on accident,Fine,NH4 FLYOVER DASARAHALLI,KARAVALI HOTEL,30FEET,13.0377148,77.52257417,0,0,0.0,0.0
Bengaluru City,Peenya Traffic PS,1.04432e+16,2016,1,2,Road Accidents,Junction,Not Applicable,Open area,Human Error,No,Grievous Injury,Side impact or Right angle,Controlled,Straight and flat,City or Town Road,Bitumen(Tar),Dry,No influence on accident,Fine,HESARAGHATTA MAIN ROAD,SIGNAL POLE,5FEET,0.0,0.0,0,0,0.0,0.0
Bengaluru City,Peenya Traffic PS,1.04432e+16,2016,1,1,Road Accidents,Narrow road,City/Town,Near office complex,Human Error,Not Applicable,Fatal,Hit pedestrian,Not at  Junction,Straight and flat,City or Town Road,Bitumen(Tar),Dry,No influence on accident,Fine,TVS CROSS MERINA CREATION NEAR PIA,MERINA CREATION NEAR,15FEET,13.02845075,77.51953939,0,0,0.0,0.0
Bengaluru City,Peenya Traffic PS,1.04432e+16,2016,1,2,Road Accidents,Narrow road,City/Town,Open area,Human Error,Yes,Simple Injury,Head on,Not at  Junction,Straight and flat,City or Town Road,Bitumen(Tar),Dry,No influence on accident,Fine,100 FEET ROAD KEMPEGOWDA ARCH,MALINYA NIYATHRA MANDALI,25FEET,13.02262909,77.52348834,0,0,0.0,0.0
Bengaluru City,Peenya Traffic PS,1.04432e+16,2016,1,2,Road Accidents,Narrow road,City/Town,Open area,Human Error,No,Simple Injury,Right Turn Collision,Not at  Junction,Straight and flat,City or Town Road,Bitumen(Tar),Dry,Not Applicable,Fine,SATHISH CIRCLE 10TH CROSS RAJAGOPALNAGAR,ELECTRIC POUL,20FEET,13.01799011,77.51497675,0,0,0.0,0.0
Bengaluru City,Peenya Traffic PS,1.04432e+16,2016,1,1,Road Accidents,Narrow road,City/Town,Open area,Human Error,Yes,Grievous Injury,Hit pedestrian,Not at  Junction,Straight and flat,City or Town Road,Bitumen(Tar),Dry,No influence on accident,Fine,KAPIL VAINS NEAR,KAPIL VAINS,40FEET,13.02556134,77.52044394,0,0,0.0,0.0
Bengaluru City,Peenya Traffic PS,1.04432e+16,2016,1,1,Road Accidents,Narrow road,City/Town,Near a factory industrial area,Human Error,Not Applicable,Grievous Injury,Hit pedestrian,Not Applicable,Not Applicable,City or Town Road,Bitumen(Tar),Not Applicable,Not Applicable,Others,KERE ROAD.T.D.HALLI,TEXPORT SYNDICATE GARMENTS,15FFET,13.03659964,77.51317424,0,0,0.0,0.0
Bengaluru City,Peenya Traffic PS,1.04432e+16,2016,1,1,Road Accidents,Narrow road,City/Town,At pedestrian Crossing,Human Error,Yes,Grievous Injury,Hit pedestrian,Not at  Junction,Straight and flat,City or Town Road,Bitumen(Tar),Dry,No influence on accident,Fine,OPP PADMASHRI BAR  RG NAGAR,OPP PADMASHRI BAR,5FEET,13.02249773,77.5167315,0,0,0.0,0.0
Bengaluru City,Peenya Traffic PS,1.04432e+16,2016,1,1,Road Accidents,Narrow road,City/Town,Open area,Human Error,Yes,Fatal,Hit pedestrian,Not at  Junction,Straight and flat,City or Town Road,Bitumen(Tar),Dry,No influence on accident,Fine,#557 SADARAN WOOD FACTROY,SADARAN WOOD FACTROY,40FEET,13.01470217,77.50647233,0,0,0.0,0.0
Bengaluru City,Peenya Traffic PS,1.04432e+16,2016,1,1,Road Accidents,Narrow road,City/Town,Open area,Human Error,No,Grievous Injury,Hit pedestrian,Not at  Junction,Straight and flat,City or Town Road,Bitumen(Tar),Dry,No influence on accident,Fine,NH4 HESARAGHTTA CROSS JUNCTION,NEW SAGAR HOTEL,30FEET,13.04541026,77.50743243,0,0,0.0,0.0
Bengaluru City,Peenya Traffic PS,1.04432e+16,2016,1,1,Road Accidents,Narrow road,City/Town,Residential area,Human Error,Yes,Grievous Injury,Hit pedestrian,Not at  Junction,Others,Residential Street,Bitumen(Tar),Not Applicable,Not Applicable,Not Applicable,NEAR PIPELINE ROAD,HARSHITHA BAR,15FFET,13.05021865,77.51600691,0,0,0.0,0.0
Bengaluru City,Peenya Traffic PS,1.04432e+16,2016,1,1,Road Accidents,Narrow road,Not Applicable,At pedestrian Crossing,Human Error,No,Grievous Injury,Hit pedestrian,Not at  Junction,Straight and flat,City or Town Road,Bitumen(Tar),Dry,No influence on accident,Fine,PIA BRUNDAVANA BUS STOP JAMBO JEANS OPP,JAMBO JEANS OPP,05FEET,0.0,0.0,0,0,0.0,0.0
Bengaluru City,Peenya Traffic PS,1.04432e+16,2016,1,2,Road Accidents,Narrow road,City/Town,Near Bus stop,Human Error,No,Grievous Injury,Head on,Not at  Junction,Straight and flat,City or Town Road,Bitumen(Tar),Dry,No influence on accident,Fine,SRS JUNCTION PEENYA,RNF BAR AND RESTORENT,35FEET,13.03418717,77.5306115,0,0,0.0,0.0
Bengaluru City,Peenya Traffic PS,1.04432e+16,2016,1,1,Road Accidents,Narrow road,City/Town,Open area,Human Error,No,Fatal,Hit pedestrian,Not at  Junction,Straight and flat,City or Town Road,Bitumen(Tar),Dry,No influence on accident,Fine,FFI GARMENTS OPP,FFI GARMENTS,20FEET,0.0,0.0,0,0,0.0,0.0
Bengaluru City,Peenya Traffic PS,1.04432e+16,2016,1,2,Road Accidents,Narrow road,City/Town,Open area,Human Error,No,Simple Injury,Head on,Not at  Junction,Straight and flat,City or Town Road,Bitumen(Tar),Dry,No influence on accident,Fine,TVS CROSS JUNTION,TVS CROSS JUNCTION PIA,0 FEET,13.02861371,77.5196924,0,0,0.0,0.0
Bengaluru City,Peenya Traffic PS,1.04432e+16,2016,1,1,Road Accidents,Narrow road,City/Town,Open area,Human Error,No,Grievous Injury,Hit pedestrian,Not at  Junction,Straight and flat,City or Town Road,Bitumen(Tar),Dry,No influence on accident,Fine,R G NAGAR BUS STOP RAJAGOPALNAGAR,R G NAGAR BUS STOP,20FEET,13.01637209,77.51157338,0,0,0.0,0.0
Bengaluru City,Peenya Traffic PS,1.04432e+16,2016,1,2,Road Accidents,Narrow road,City/Town,Near Hospital,Vehicle Defect,No,Damage Only,Head on,Not at  Junction,Straight and flat,City or Town Road,Bitumen(Tar),Dry,No influence on accident,Fine,4TH CROSS SAMPIGE HALLI R J NAGAR,RAJA PROVISION STORE,20FEET,0.0,0.0,0,0,0.0,0.0
Bengaluru City,Peenya Traffic PS,1.04432e+16,2016,1,2,Road Accidents,Narrow road,City/Town,Open area,Human Error,Yes,Simple Injury,Hit pedestrian,Not at  Junction,Straight and flat,City or Town Road,Bitumen(Tar),Dry,No influence on accident,Fine,NH4 PRIMER SANJEEVINI HOSPITAL,PRIMER SANJEEVINI HOSPITAL,30FEET,13.04181473,77.51589672,0,0,0.0,0.0
Bengaluru City,Peenya Traffic PS,1.04432e+16,2016,1,2,Road Accidents,Narrow road,City/Town,Open area,Human Error,Yes,Simple Injury,Hit and Run,Not at  Junction,Not Applicable,Residential Street,Bitumen(Tar),Not Applicable,Not Applicable,Fine,PIPELANE ROAD,AYYAPPA COMMUNITY HALL,14feet,77.52001161,13.04721803,0,0,0.0,0.0
Bengaluru City,Peenya Traffic PS,1.04432e+16,2016,1,1,Road Accidents,Narrow road,City/Town,Open area,Human Error,Yes,Grievous Injury,Hit and Run,Not at  Junction,Straight and flat,City or Town Road,Bitumen(Tar),Dry,No influence on accident,Fine,2ND MAIN MANJUNATHANAGAR,LABOUR QUATERS,100FET,13.05352555,77.49406417,0,0,0.0,0.0
Bengaluru City,Peenya Traffic PS,1.04432e+16,2016,1,2,Road Accidents,Junction,City/Town,Residential area,Human Error,Yes,Grievous Injury,Head on,Uncontrolled,Not Applicable,Residential Street,Bitumen(Tar),Not Applicable,No influence on accident,Fine,NELAGADARANAHALLI MAIN ROAD,KANVA MART,35FEET,13.04111563,77.50478782,0,0,0.0,0.0
Bengaluru City,Peenya Traffic PS,1.04432e+16,2016,1,1,Road Accidents,Narrow road,City/Town,Open area,Human Error,No,Grievous Injury,Hit pedestrian,Not at  Junction,Straight and flat,Feeder Road,Bitumen(Tar),Not Applicable,No influence on accident,Fine,LAGGERE RING ROAD,KRISHNABHAVAN HOTEL,80FEET,13.00893962,77.5267261,0,0,0.0,0.0
Bengaluru City,Peenya Traffic PS,1.04432e+16,2016,1,1,Road Accidents,Narrow road,City/Town,Near a recreation place/cinema,Human Error,Not Applicable,Grievous Injury,Hit pedestrian,Not at  Junction,Not Applicable,City or Town Road,Bitumen(Tar),Not Applicable,Not Applicable,Fine,SEMI LABS ROAD,SEMI LABS FACTORY,25FEET,0.0,0.0,0,0,0.0,0.0
Bengaluru City,Peenya Traffic PS,1.04432e+16,2016,1,2,Road Accidents,Junction,City/Town,Near School or College,Human Error,Not Applicable,Grievous Injury,Others,Not Applicable,Others,Two way,Bitumen(Tar),Others,Not Applicable,Others,LAGGERE CIRCLE,GOVT SCHOOL LAGGERE,25FT,13.01081182,77.52209662,0,1,0.0,1.0
Bengaluru City,Peenya Traffic PS,1.04432e+16,2016,1,2,Road Accidents,Narrow road,City/Town,Open area,Human Error,Yes,Grievous Injury,Others,Not Applicable,Not Applicable,City or Town Road,Bitumen(Tar),Not Applicable,Not Applicable,Others,HEGGANAHALLI MAIN ROAD,JOYTHI OPTICALS,20FEET,12.99978397,77.50420117,0,0,0.0,0.0
Bengaluru City,Peenya Traffic PS,1.04432e+16,2016,1,2,Road Accidents,Junction,City/Town,Residential area,Human Error,Not Applicable,Grievous Injury,Others,No signal lights,Not Applicable,City or Town Road,Bitumen(Tar),Not Applicable,Not Applicable,Others,HMT LAYOUT 4TH CROSS,ELECTRIC POLE,15FEET,0.0,0.0,0,0,0.0,0.0
Bengaluru City,Peenya Traffic PS,1.04432e+16,2016,1,2,Road Accidents,Junction,City/Town,Open area,Human Error,Yes,Damage Only,Others,No signal lights,Not Applicable,Others,Bitumen(Tar),Not Applicable,Not Applicable,Not Applicable,Ring Road,Spirit zone,55ft,13.00493306,77.52676406,0,0,0.0,0.0
Bengaluru City,Peenya Traffic PS,1.04432e+16,2016,1,2,Road Accidents,Narrow road,City/Town,Open area,Human Error,Yes,Grievous Injury,Hit pedal cyclist,Not at  Junction,Straight and flat,City or Town Road,Bitumen(Tar),Dry,No influence on accident,Fine,NH4 PEENYA PS JUNCTION,KARAVALI HOTEL,50FEET,13.03786676,77.52187787,0,0,0.0,0.0
Bengaluru City,Peenya Traffic PS,1.04432e+16,2016,1,2,Road Accidents,Narrow road,City/Town,Near office complex,Human Error,Yes,Simple Injury,Hit and Run,Not at  Junction,Hump,City or Town Road,Bitumen(Tar),Dry,No influence on accident,Fine,OPP AGARWAL HOTEL NH4 T DASARAHALLI,OPP AGARWAL HOTEL,30FEET,13.04202194,77.51582955,0,0,0.0,0.0
Bengaluru City,Peenya Traffic PS,1.04432e+16,2016,1,2,Road Accidents,Circle,City/Town,Near office complex,Not Applicable,No,Grievous Injury,Not Applicable,Not at  Junction,Not Applicable,Not Applicable,Bitumen(Tar),Dry,Not Applicable,Fine,LAGER CROSS  AMABUR DAM BIRIYANI,LAGER CROSS  AMABUR DAM BIRIYANI,25FEET,13.01608696,77.52033943,0,0,0.0,0.0
Bengaluru City,Peenya Traffic PS,1.04432e+16,2016,1,2,Road Accidents,Other,City/Town,Near a factory industrial area,Not Applicable,No,Damage Only,Not Applicable,Not at  Junction,Not Applicable,City or Town Road,Bitumen(Tar),Dry,Not Applicable,Fine,NALAMAGGAL SIDE RODA CURRENT POL,NALAMAGGAL SIDE RODA CURRENT POL,25FEET,0.0,0.0,0,0,0.0,0.0
Bengaluru City,Peenya Traffic PS,1.04432e+16,2016,1,2,Road Accidents,Narrow road,City/Town,Open area,Human Error,No,Simple Injury,Head on,Not at  Junction,Straight and flat,City or Town Road,Bitumen(Tar),Dry,No influence on accident,Fine,SHETTIHALLI RAILWAY TRACK NEAR,RAILWAY TRACK,20FEET,0.0,0.0,0,0,0.0,0.0
Bengaluru City,Peenya Traffic PS,1.04432e+16,2016,1,1,Road Accidents,Narrow road,City/Town,Near a factory industrial area,Human Error,No,Grievous Injury,Hit pedestrian,Not at  Junction,Others,City or Town Road,Bitumen(Tar),Not Applicable,No influence on accident,Fine,PEENYA 2ND STAGE MAIN ROAD,AMAR POWDER COATING,10FEET,13.02041093,77.50819282,0,0,0.0,0.0
Bengaluru City,Peenya Traffic PS,1.04432e+16,2016,1,2,Road Accidents,Other,City/Town,Open area,Human Error,Yes,Simple Injury,Rear end,Controlled,Others,NH,Bitumen(Tar),Not Applicable,No influence on accident,Fine,NH-4,HASAN IYENGAR BAKERY,60FEET,13.03487798,77.52953532,0,0,0.0,0.0
Bengaluru City,Peenya Traffic PS,1.04432e+16,2016,1,2,Road Accidents,Narrow road,City/Town,Residential area,Human Error,Yes,Grievous Injury,Hit and Run,Not at  Junction,Not Applicable,Residential Street,Bitumen(Tar),Not Applicable,No influence on accident,Fine,PIPELANE ROAD,HDFC BANK ATM,20FEET,13.04970064,77.51672895,0,0,0.0,0.0
Bengaluru City,Peenya Traffic PS,1.04432e+16,2016,1,2,Road Accidents,Narrow road,City/Town,Open area,Human Error,No,Grievous Injury,Head on,Not at  Junction,Straight and flat,City or Town Road,Bitumen(Tar),Dry,No influence on accident,Fine,NH4 PS JUNCTON PEENYA,CENARABANK ATM,40FEET,13.03465752,77.52959584,0,0,0.0,0.0
Bengaluru City,Peenya Traffic PS,1.04432e+16,2016,1,2,Road Accidents,Narrow road,City/Town,Open area,Human Error,No,Simple Injury,Run Off Road,Not Applicable,Curve,City or Town Road,Bitumen(Tar),Dry,Not Applicable,Fine,RELIANCE FRESH OPP SM ROAD,RELIANCE FRESH OPP,20FEET,13.04539387,77.52182749,0,0,0.0,0.0
Bengaluru City,Peenya Traffic PS,1.04432e+16,2016,1,2,Road Accidents,Narrow road,City/Town,Near School or College,Human Error,Yes,Grievous Injury,Head on,Not at  Junction,Straight and flat,City or Town Road,Bitumen(Tar),Dry,No influence on accident,Fine,LAGGERE CIRCLE,GOVT SCHOOL,20FEET,13.01093097,77.52202521,0,0,0.0,0.0
Bengaluru City,Peenya Traffic PS,1.04432e+16,2016,1,2,Road Accidents,Narrow road,City/Town,Open area,Human Error,Yes,Damage Only,Others,Not Applicable,Not Applicable,NH,Bitumen(Tar),Not Applicable,Not Applicable,Others,NH-4,GEETHA SAW MILL,70FEET,13.043211,77.51229649,0,0,0.0,0.0
Bengaluru City,Peenya Traffic PS,1.04432e+16,2016,1,1,Road Accidents,Narrow road,City/Town,Open area,Human Error,Yes,Grievous Injury,Hit pedestrian,Not Applicable,Not Applicable,NH,Bitumen(Tar),Not Applicable,Not Applicable,Not Applicable,NH-4,Near Dasarahalli metro station,20feet,13.02317415,77.30551025,0,0,0.0,0.0
Bengaluru City,Peenya Traffic PS,1.04432e+16,2016,1,1,Road Accidents,Narrow road,City/Town,Open area,Human Error,No,Simple Injury,Hit pedestrian,Not at  Junction,Straight and flat,City or Town Road,Bitumen(Tar),Dry,No influence on accident,Fine,AMOGHA HOTEL OPP LAGGERE,SONIC ELECTRICS,30FEET,13.00779572,77.52165836,0,0,0.0,0.0
Bengaluru City,Peenya Traffic PS,1.04432e+16,2016,1,2,Road Accidents,Narrow road,City/Town,Open area,Human Error,Not Applicable,Fatal,Hit pedestrian,Not Applicable,Not Applicable,City or Town Road,Bitumen(Tar),Not Applicable,Not Applicable,Fine,NH-4,ELECTRIC POLE,18feet,0.0,0.0,0,0,0.0,0.0
Bengaluru City,Peenya Traffic PS,1.04432e+16,2016,1,1,Road Accidents,Narrow road,City/Town,Open area,Human Error,Yes,Grievous Injury,Hit pedestrian,Not Applicable,Straight and flat,City or Town Road,Bitumen(Tar),Dry,No influence on accident,Fine,OM SHAKTHI TEMPLE NEAR,CHETHAN CYCLE WORKS,05FEET,13.00763041,77.51508189,0,0,0.0,0.0
Bengaluru City,Peenya Traffic PS,1.04432e+16,2016,1,2,Road Accidents,Narrow road,City/Town,Open area,Human Error,No,Fatal,Head on,Not at  Junction,Straight and flat,City or Town Road,Bitumen(Tar),Dry,No influence on accident,Fine,SRN JUNCTION PEENYA FLYOVER,CENARA BANK,70FEET,13.03487659,77.52820843,0,0,0.0,0.0
Bengaluru City,Peenya Traffic PS,1.04432e+16,2016,1,2,Road Accidents,Narrow road,City/Town,Open area,Human Error,No,Fatal,Head on,Not at  Junction,Straight and flat,City or Town Road,Bitumen(Tar),Dry,No influence on accident,Fine,LAKE OPP T DASARAHALLI,LAKE T DASARAHALLI,15FEET,13.04226403,77.51406978,0,0,0.0,0.0