DISTRICTNAME,UNITNAME,Crime_No,Year,RI,Noofvehicle_involved,Accident_Classification,Accident_Spot,Accident_Location,Accident_SubLocation,Main_Cause,Hit_Run,Severity,Collision_Type,Junction_Control,Road_Character,Road_Type,Surface_Type,Surface_Condition,Road_Condition,Weather,Accident_Road,Landmark_first,Distance_LandMark_First,Latitude,Longitude,Road_Condition_Score,Surface_Condition_Score,Surface_Type_Score,Road_Risk_Index
Bengaluru City,Peenya Traffic PS,1.04432e+16,2016,1,1,Road Accidents,Narrow road,City/Town,Open area,Human Error,Yes,Grievous Injury,Hit pedestrian,Not Applicable,Straight and flat,City or Town Road,Bitumen(Tar),Dry,No influence on accident,Fine,"#25,2ND CROSS VINAYAKA LAYOUT GURUKULA SCHOOL OPP",GURUKULA SCHOOL OPP,50FEET,13.04509315,77.50892822,0,0,0.0,0.0
Bengaluru City,Peenya Traffic PS,1.04432e+16,2016,1,2,Road Accidents,Narrow road,City/Town,Open area,Human Error,Yes,Damage Only,Head on,Not at  Junction,Straight and flat,City or Town Road,Bitumen(Tar),Dry,No influence on accident,Fine,KARNATAKA ANTI BIOTEC COMPANY PEENYA,KARNATAKA ANTI BIOTEC COMPANY,20FEET,0.0,0.0,0,0,0.0,0.0
Bengaluru City,Peenya Traffic PS,1.04432e+16,2016,1,1,Road Accidents,Narrow road,City/Town,Open area,Human Error,Yes,Simple Injury,Hit pedestrian,Uncontrolled,Straight and flat,City or Town Road,Bitumen(Tar),Dry,No influence on accident,Fine,KRISHNA BHAVANA HOTEL NEAR LAGGERE RING ROAD,KRISHNA BHAVANA HOTEL NEAR,20FEET,13.00877364,77.52679886,0,0,0.0,0.0
Bengaluru City,Peenya Traffic PS,1.04432e+16,2016,1,1,Road Accidents,Narrow road,City/Town,Open area,Human Error,Yes,Simple Injury,Hit and Run,Not at  Junction,Straight and flat,City or Town Road,Bitumen(Tar),Dry,No influence on accident,Flooding of Slipways/Rivulets,ravindra nagar road selection corner,TARANGANILYA,15FEET,13.04801857,77.518733,0,0,0.0,0.0
Bengaluru City,Peenya Traffic PS,1.04432e+16,2016,1,1,Road Accidents,Narrow road,City/Town,Open area,Human Error,No,Fatal,Hit pedestrian,Not at  Junction,Not Applicable,NH,Bitumen(Tar),Not Applicable,No influence on accident,Fine,NH-4,PEENYA INDUSTRIAL METRO,90FEET,13.03511405,77.52779642,0,0,0.0,0.0
Bengaluru City,Peenya Traffic PS,1.04432e+16,2016,1,2,Road Accidents,Narrow road,City/Town,Near Bus stop,Human Error,No,Grievous Injury,Head on,Controlled,Straight and flat,City or Town Road,Bitumen(Tar),Dry,No influence on accident,Fine,CHOKKASANDRA JUNCTION NEAR SERVICE ROAD,AYYAPPA TEMPLE,50FEET,13.04230046,77.51459192,0,0,0.0,0.0
Bengaluru City,Peenya Traffic PS,1.04432e+16,2016,1,1,Road Accidents,Narrow road,Not Applicable,Open area,Human Error,Yes,Grievous Injury,Hit pedestrian,Not at  Junction,Straight and flat,City or Town Road,Bitumen(Tar),Dry,No influence on accident,Fine,3RD CROSS VENUGOPALNAGAR,MUDDARAMAYYA HOUSE,10FEET,13.03768599,77.49308415,0,0,0.0,0.0
Bengaluru City,Peenya Traffic PS,1.04432e+16,2016,1,1,Road Accidents,Narrow road,City/Town,Near Bus stop,Human Error,Yes,Grievous Injury,Hit pedestrian,Not Applicable,Others,Service Road,Bitumen(Tar),Not Applicable,Not Applicable,Others,"NH-4, SERVICE ROAD",NEAR DEEPAK BUS STAND,15FFET,13.04692064,77.50212916,0,0,0.0,0.0
Bengaluru City,Peenya Traffic PS,1.04432e+16,2016,1,1,Road Accidents,Narrow road,City/Town,Open area,Human Error,Not Applicable,Grievous Injury,Hit pedestrian,Not at  Junction,Not Applicable,NH,Bitumen(Tar),Not Applicable,Not Applicable,Others,NH-4,NEAR PARLE G FACTORY,25FEET,13.04998426,77.49305429,0,0,0.0,0.0
Bengaluru City,Peenya Traffic PS,1.04432e+16,2016,1,2,Road Accidents,Narrow road,City/Town,Near Petrol Pump,Human Error,Not Applicable,Damage Only,Others,Not Applicable,Not Applicable,City or Town Road,Bitumen(Tar),Others,Not Applicable,Others,S.M.ROAD,GOVT RATION STORE,10 FEE,13.04374301,77.52085575,0,1,0.0,1.0
Bengaluru City,Peenya Traffic PS,1.04432e+16,2016,1,2,Road Accidents,Narrow road,City/Town,Open area,Human Error,No,Damage Only,Others,Not Applicable,Not Applicable,City or Town Road,Bitumen(Tar),Not Applicable,Not Applicable,Fine,NH-4,PILLER NO 11,20FEET,13.03491413,77.52939198,0,0,0.0,0.0
Bengaluru City,Peenya Traffic PS,1.04432e+16,2016,1,1,Road Accidents,Narrow road,City/Town,Open area,Human Error,No,Fatal,Hit pedestrian,Not at  Junction,Straight and flat,City or Town Road,Bitumen(Tar),Dry,No influence on accident,Fine,KARI OBANAHALLI ROAD INDIRANAGAR SHAILAPPA BUILDING OPP,ABHI PROVISION STORE,14FEET,13.01647504,77.48325554,0,0,0.0,0.0
Bengaluru City,Peenya Traffic PS,1.04432e+16,2016,1,2,Road Accidents,Narrow road,Not Applicable,Open area,Human Error,No,Grievous Injury,Head on,Not at  Junction,Straight and flat,City or Town Road,Bitumen(Tar),Dry,No influence on accident,Fine,NH4 METRO STATION  T DASARAHALLI,MAHESHWARI MEDICALS,40FEET,13.04319468,77.51256761,0,0,0.0,0.0
Bengaluru City,Peenya Traffic PS,1.04432e+16,2016,1,1,Road Accidents,Narrow road,City/Town,Open area,Human Error,No,Simple Injury,Hit pedestrian,Not at  Junction,Straight and flat,City or Town Road,Bitumen(Tar),Dry,No influence on accident,Fine,UDAYAGIRI PETROL BUNK OPP 100FEET,UDAYAGIRI PETROL BUNK,20FEET,13.02360918,77.52195103,0,0,0.0,0.0
Bengaluru City,Peenya Traffic PS,1.04432e+16,2016,1,2,Road Accidents,Narrow road,City/Town,Near Bus stop,Human Error,No,Fatal,Head on,Not at  Junction,Straight and flat,City or Town Road,Bitumen(Tar),Dry,No influence on accident,Fine,NEAR BRUNDAVANA BUS STOP SHRISHAILA VAIYARS,SRISHAILA WAIRES,20FEET,13.02028432,77.50804771,0,0,0.0,0.0
Bengaluru City,Peenya Traffic PS,1.04432e+16,2016,1,2,Road Accidents,Circle,City/Town,Near a factory industrial area,Not Applicable,No,Grievous Injury,Head on,Not at  Junction,Not Applicable,City or Town Road,Bitumen(Tar),Dry,Not Applicable,Fine,15CROSS VEDA GARMENTS OPP,VEDA GARMENTS OPP,20FEET,13.00400713,77.50820007,0,0,0.0,0.0
Bengaluru City,Peenya Traffic PS,1.04432e+16,2016,1,1,Road Accidents,Narrow road,City/Town,Open area,Human Error,Yes,Grievous Injury,Hit pedestrian,Not at  Junction,Straight and flat,City or Town Road,Bitumen(Tar),Dry,No influence on accident,Fine,ADISHWARA STORES HEGGENA HALLI MAIN ROAD PEENYA,ADISHWARA STORES,30FEET,13.00998057,77.50608157,0,0,0.0,0.0
Bengaluru City,Peenya Traffic PS,1.04432e+16,2016,1,2,Road Accidents,Narrow road,City/Town,Open area,Human Error,No,Simple Injury,Head on,Not at  Junction,Straight and flat,City or Town Road,Bitumen(Tar),Dry,No influence on accident,Fine,SM CIRCLE NEAR PEENYA FLYOVER,ROCKLINE MALL,25FEET,13.03963184,77.51830411,0,0,0.0,0.0
Bengaluru City,Peenya Traffic PS,1.04432e+16,2016,1,2,Road Accidents,Narrow road,City/Town,Open area,Human Error,Yes,Fatal,Others,Not Applicable,Not Applicable,City or Town Road,Bitumen(Tar),Not Applicable,Not Applicable,Fine,PIA,TREE,18FEET,0.0,0.0,0,0,0.0,0.0
Bengaluru City,Peenya Traffic PS,1.04432e+16,2016,1,2,Road Accidents,Not Applicable,City/Town,Open area,Vehicle Defect,Yes,Damage Only,Head on,Signals (Not working),Straight and flat,City or Town Road,Bitumen(Tar),Dry,No influence on accident,Fine,1ST CROSS UCAH FACTROY OPP,UCAH FACTORY,40FEET,13.03569277,77.52126756,0,0,0.0,0.0
Bengaluru City,Peenya Traffic PS,1.04432e+16,2016,1,2,Road Accidents,Narrow road,City/Town,Open area,Vehicle Defect,Not Applicable,Damage Only,Head on,Not at  Junction,Straight and flat,City or Town Road,Bitumen(Tar),Dry,No influence on accident,Fine,#510 4TH CROSS 2 ND MAIN,14TH CROSS BHATTARA HOTEL,30FEET,13.01521056,77.49951296,0,0,0.0,0.0
Bengaluru City,Peenya Traffic PS,1.04432e+16,2016,1,2,Road Accidents,Narrow road,City/Town,At pedestrian Crossing,Human Error,No,Grievous Injury,Overturning,Controlled,Straight and flat,City or Town Road,Bitumen(Tar),Dry,Not Applicable,Fine,CHOKKASANDRA  NEAR NH4,DASARAHALLI LAKE,30FEET,0.0,0.0,0,0,0.0,0.0
Bengaluru City,Peenya Traffic PS,1.04432e+16,2016,1,1,Road Accidents,Narrow road,City/Town,Open area,Human Error,No,Grievous Injury,Hit pedestrian,Controlled,Straight and flat,City or Town Road,Bitumen(Tar),Dry,No influence on accident,Fine,8TH MILE JUNCTION NH4,RR PETROL BUNK,30FEET,13.04539698,77.50722719,0,0,0.0,0.0
Bengaluru City,Peenya Traffic PS,1.04432e+16,2016,1,2,Road Accidents,Narrow road,City/Town,Narrow bridge or culverts,Human Error,No,Simple Injury,Head on,Not at  Junction,Straight and flat,City or Town Road,Bitumen(Tar),Dry,No influence on accident,Fine,NH4 PEENYA FLYOVER H CROSS,ABHILASH BAR&RESTORENT,40feet,13.04534489,77.50724326,0,0,0.0,0.0
Bengaluru City,Peenya Traffic PS,1.04432e+16,2016,1,2,Road Accidents,Narrow road,City/Town,Open area,Human Error,No,Grievous Injury,Head on,Not at  Junction,Straight and flat,City or Town Road,Bitumen(Tar),Dry,No influence on accident,Fine,KRISHNA CAKE PALACE OPP HESARGHATTA ROAD,KRISHNA CAKE PALACE OPP,20FEET,13.04790758,77.50787958,0,0,0.0,0.0
Bengaluru City,Peenya Traffic PS,1.04432e+16,2016,1,2,Road Accidents,Junction,City/Town,Open area,Human Error,Not Applicable,Damage Only,Others,Uncontrolled,Others,City or Town Road,Bitumen(Tar),Not Applicable,Not Applicable,Not Applicable,HESARAGHATTA MAIN ROAD,LAKSHMINARASHIMA BAKERY,25FEET,13.05601334,77.50748456,0,0,0.0,0.0
Bengaluru City,Peenya Traffic PS,1.04432e+16,2016,1,1,Road Accidents,Narrow road,City/Town,Open area,Human Error,Not Applicable,Simple Injury,Hit pedestrian,Signal lights Automatic,Not Applicable,NH,Bitumen(Tar),Not Applicable,Not Applicable,Not Applicable,NH-4,PRAKRUTHI MOTORS,30FEET,13.04081653,77.51760763,0,0,0.0,0.0
Bengaluru City,Peenya Traffic PS,1.04432e+16,2016,1,1,Road Accidents,Narrow road,City/Town,Open area,Human Error,No,Grievous Injury,Head on,Not at  Junction,Straight and flat,City or Town Road,Bitumen(Tar),Dry,No influence on accident,Fine,KARLE FACTORY OPP NH4,KARLE FACTORY OPP,40FEET,0.0,0.0,0,0,0.0,0.0
Bengaluru City,Peenya Traffic PS,1.04432e+16,2016,1,2,Road Accidents,Junction,City/Town,Near office complex,Human Error,Yes,Simple Injury,Hit and Run,Controlled,Not Applicable,City or Town Road,Bitumen(Tar),Dry,Not Applicable,Not Applicable,NH 4 SERVICE ROAD CHOKKASANDRA,NEAR AYYAPPA HOTEL,30FEET,13.04293386,77.51394553,0,0,0.0,0.0
Bengaluru City,Peenya Traffic PS,1.04432e+16,2016,1,2,Road Accidents,Narrow road,City/Town,Open area,Human Error,Yes,Grievous Injury,Rear end,Not at  Junction,Straight and flat,City or Town Road,Bitumen(Tar),Dry,No influence on accident,Fine,SEMILABS OPP 1ST CROSS PEENYA,SEMILABS,20FEET,13.03238596,77.51087293,0,0,0.0,0.0
Bengaluru City,Peenya Traffic PS,1.04432e+16,2016,1,1,Road Accidents,Narrow road,City/Town,Open area,Human Error,No,Grievous Injury,Hit pedestrian,Not at  Junction,Straight and flat,City or Town Road,Bitumen(Tar),Dry,No influence on accident,Fine,SRS JUNCTION PEENYA,SRS JUNCTION,20FEET,13.03424674,77.5294222,0,0,0.0,0.0
Bengaluru City,Peenya Traffic PS,1.04432e+16,2016,1,1,Road Accidents,Narrow road,City/Town,Near Bus stop,Human Error,No,Grievous Injury,Hit pedestrian,Not at  Junction,Straight and flat,City or Town Road,Bitumen(Tar),Dry,No influence on accident,Fine,OPP PETROLBUNK  SM CIRCLE,OPP PETROLBUNK,30FEET,13.03957093,77.51839246,0,0,0.0,0.0
Bengaluru City,Peenya Traffic PS,1.04432e+16,2016,1,1,Road Accidents,Narrow road,City/Town,Open area,Human Error,No,Grievous Injury,Head on,Not at  Junction,Straight and flat,City or Town Road,Bitumen(Tar),Dry,No influence on accident,Fine,PIPELANE ROAD,DAVANAGERE BENNE DOSE,15FEET,13.05002212,77.51641335,0,0,0.0,0.0
Bengaluru City,Peenya Traffic PS,1.04432e+16,2016,1,2,Road Accidents,Junction,City/Town,Near a factory industrial area,Not Applicable,No,Grievous Injury,Hit bicyclist,Signal lights Automatic,Not Applicable,City or Town Road,Bitumen(Tar),Dry,Not Applicable,Fine,NADNI MALIK PRALAR,NADNI MALIK PRALAR,10FEET,13.02648227,77.51513672,0,0,0.0,0.0
Bengaluru City,Peenya Traffic PS,1.04432e+16,2016,1,3,Road Accidents,Junction,City/Town,Open area,Human Error,No,Simple Injury,Head on,Signal lights Automatic,Others,NH,Bitumen(Tar),Not Applicable,No influence on accident,Fine,NATIONAL HIGHWAY-4,KARAVALI HOTEL,85FEET,13.03804366,77.52214354,0,0,0.0,0.0
Bengaluru City,Peenya Traffic PS,1.04432e+16,2016,1,2,Not Applicable,Narrow road,City/Town,Near Hospital,Human Error,Yes,Grievous Injury,Hit bicyclist,Not at  Junction,Not Applicable,Residential Street,Bitumen(Tar),Not Applicable,Not Applicable,Fine,MALLASANDRA MAIN ROAD,ARUNODAYA HOSPITAL,5FEET,13.05690116,77.50851512,0,0,0.0,0.0
Bengaluru City,Peenya Traffic PS,1.04432e+16,2016,1,1,Road Accidents,Narrow road,City/Town,Residential area,Human Error,Yes,Simple Injury,Hit pedestrian,Not at  Junction,Not Applicable,Residential Street,Bitumen(Tar),Not Applicable,Not Applicable,Fine,LAGGERE RING ROAD,B BEST SCHOOL,10FEET,13.00050266,77.52078232,0,0,0.0,0.0
Bengaluru City,Peenya Traffic PS,1.04432e+16,2016,1,1,Road Accidents,Circle,City/Town,Near Bus stop,Human Error,Yes,Grievous Injury,Others,Police / Manual,Others,NH,Bitumen(Tar),Others,Not Applicable,Others,NH4,TUMKUR ROAD,40FT,13.04724764,77.50223393,0,1,0.0,1.0
Bengaluru City,Peenya Traffic PS,1.04432e+16,2016,1,2,Road Accidents,Narrow road,City/Town,Near office complex,Human Error,Not Applicable,Grievous Injury,Head on,Not at  Junction,Straight and flat,City or Town Road,Bitumen(Tar),Dry,No influence on accident,Fine,OPP ANNAPOORNESHWARI BEKARI,ANNAPOORNESHWARI BEKARI,5FEET,13.05677806,77.5072378,0,0,0.0,0.0
Bengaluru City,Peenya Traffic PS,1.04432e+16,2016,1,2,Road Accidents,Junction,City/Town,Near a factory industrial area,Human Error,Not Applicable,Grievous Injury,Others,Uncontrolled,Others,Mixed,Bitumen(Tar),Not Applicable,Not Applicable,Others,100 FEET ROAD,NEAR ABB FACTORY,10FEET,13.02994728,77.51904415,0,0,0.0,0.0
Bengaluru City,Peenya Traffic PS,1.04432e+16,2016,1,2,Road Accidents,Junction,City/Town,Open area,Human Error,No,Simple Injury,Head on,Not at  Junction,Straight and flat,City or Town Road,Bitumen(Tar),Dry,No influence on accident,Fine,SYSTEM BUSSTOP 100 FEET ROAD PIA,SYSTEM BUSSTOP,20FEET,13.03511844,77.51799657,0,0,0.0,0.0
Bengaluru City,Peenya Traffic PS,1.04432e+16,2016,1,2,Road Accidents,Junction,City/Town,Near Bus stop,Human Error,Not Applicable,Damage Only,Others,Signal lights Automatic,Not Applicable,NH,Bitumen(Tar),Not Applicable,Not Applicable,Others,NH-4,RADHIKA SWEETS,40FEET,13.03999213,77.51838986,0,0,0.0,0.0
Bengaluru City,Peenya Traffic PS,1.04432e+16,2016,1,2,Road Accidents,Narrow road,City/Town,Near a factory industrial area,Human Error,Not Applicable,Damage Only,Others,Give way sign,Not Applicable,NH,Bitumen(Tar),Not Applicable,Not Applicable,Not Applicable,NH-4,WIPRO GATE,40FEET,0.0,0.0,0,0,0.0,0.0
Bengaluru City,Peenya Traffic PS,1.04432e+16,2016,1,1,Road Accidents,Junction,City/Town,Open area,Human Error,Yes,Simple Injury,Hit pedestrian,No signal lights,Others,City or Town Road,Bitumen(Tar),Not Applicable,Not Applicable,Not Applicable,pipeline road laggere,Manjunath mens wear,20feet,12.99927617,77.52057689,0,0,0.0,0.0
Bengaluru City,Peenya Traffic PS,1.04432e+16,2016,1,2,Not Applicable,Narrow road,City/Town,Open area,Human Error,No,Grievous Injury,Head on,Not at  Junction,Straight and flat,City or Town Road,Bitumen(Tar),Dry,No influence on accident,Fine,KEMPEGOWDA ARCH,KEMPEGOWDA ARCH,0FEET,13.0049517,77.52677321,0,0,0.0,0.0
Bengaluru City,Peenya Traffic PS,1.04432e+16,2016,1,2,Road Accidents,Narrow road,City/Town,Near or inside a village,Human Error,No,Simple Injury,Hit pedestrian,Not at  Junction,Straight and flat,City or Town Road,Bitumen(Tar),Dry,No influence on accident,Fine,KENNAMETAL FACTROY,KENNAMETAL FACTROY,50FEET,13.05129659,77.50779756,0,0,0.0,0.0
Bengaluru City,Peenya Traffic PS,1.04432e+16,2016,1,2,Road Accidents,Narrow road,City/Town,Near School or College,Human Error,No,Simple Injury,Head on,Not at  Junction,Straight and flat,City or Town Road,Bitumen(Tar),Dry,No influence on accident,Fine,H CROSS JUNCTION,H CROSS JUNCTION,30FEET,13.04536036,77.50747353,0,0,0.0,0.0
Bengaluru City,Peenya Traffic PS,1.04432e+16,2016,1,2,Road Accidents,Narrow road,City/Town,Near Bus stop,Human Error,Yes,Grievous Injury,Hit bicyclist,Not at  Junction,Straight and flat,City or Town Road,Bitumen(Tar),Dry,No influence on accident,Fine,AMOGHA HOTEL OPP LAGGERE,AMOGHA FAST FOOD,10FEET,13.01247955,77.52161662,0,0,0.0,0.0
Bengaluru City,Peenya Traffic PS,1.04432e+16,2016,1,1,Road Accidents,Narrow road,City/Town,Open area,Human Error,No,Grievous Injury,Hit pedestrian,Not at  Junction,Straight and flat,City or Town Road,Bitumen(Tar),Dry,No influence on accident,Fine,GURHALAKSHMI LAYOUT NELADARANAHALLI,GANGASADYYA HOUSE,40FEET,13.03088247,77.50240379,0,0,0.0,0.0
Bengaluru City,Peenya Traffic PS,1.04432e+16,2016,1,2,Road Accidents,Narrow road,City/Town,Open area,Human Error,No,Damage Only,Head on,Not at  Junction,Straight and flat,City or Town Road,Bitumen(Tar),Dry,No influence on accident,Fine,NH4 FLYOVER DASARAHALLI,SOUDARYA HOTEL,30FEET,0.0,0.0,0,0,0.0,0.0
Bengaluru City,Peenya Traffic PS,1.04432e+16,2016,1,2,Road Accidents,Narrow road,City/Town,Narrow bridge or culverts,Vehicle Defect,No,Damage Only,Head on,Not at  Junction,Straight and flat,City or Town Road,Bitumen(Tar),Dry,No influence on accident,Fine,NH4 PS JUNCTION  PEENYA,SAI GRAND HOTEL,30FEET,13.03787732,77.5218945,0,0,0.0,0.0
Bengaluru City,Peenya Traffic PS,1.04432e+16,2016,1,1,Road Accidents,Junction,City/Town,Open area,Human Error,No,Grievous Injury,Hit pedestrian,Signal lights Automatic,Not Applicable,City or Town Road,Bitumen(Tar),Not Applicable,Not Applicable,Fine,100FEET ROAD,MERCK FACTORY,15FEET,13.02851977,77.51962679,0,0,0.0,0.0
Bengaluru City,Peenya Traffic PS,1.04432e+16,2016,1,1,Road Accidents,Narrow road,City/Town,Residential area,Human Error,No,Damage Only,Hit fixed object,Not at  Junction,Not Applicable,Residential Street,Bitumen(Tar),Not Applicable,No influence on accident,Fine,PIPELANE ROAD,TECNO TECH COMPANY,40FEET,13.05492595,77.51673779,0,0,0.0,0.0
Bengaluru City,Peenya Traffic PS,1.04432e+16,2016,1,2,Road Accidents,T Junction,City/Town,Open area,Human Error,Yes,Simple Injury,Others,No signal lights,Not Applicable,City or Town Road,Bitumen(Tar),Not Applicable,Not Applicable,Clear,HESARAGHATTA ROAD,BBMP OFFICE,20FT,0.0,0.0,0,0,0.0,0.0
Bengaluru City,Peenya Traffic PS,1.04432e+16,2016,1,2,Road Accidents,Junction,City/Town,Near Petrol Pump,Human Error,Yes,Grievous Injury,Others,Signal lights Automatic,Not Applicable,NH,Bitumen(Tar),Not Applicable,Not Applicable,Others,NH-4,R R PETROL BUNK,60FEET,13.0453105,77.507935,0,0,0.0,0.0
Bengaluru City,Peenya Traffic PS,1.04432e+16,2016,1,2,Road Accidents,Narrow road,City/Town,Open area,Not Applicable,Not Applicable,Grievous Injury,Head on,Controlled,Straight and flat,City or Town Road,Bitumen(Tar),Dry,No influence on accident,Fine,OPP KARLE  NH4 SERVICE ROAD,KARLE FACTORY,20FEET,13.0482853,77.49795191,0,0,0.0,0.0
Bengaluru City,Peenya Traffic PS,1.04432e+16,2016,1,2,Road Accidents,Other,City/Town,Open area,Human Error,Yes,Grievous Injury,Others,Signal lights Automatic,Not Applicable,City or Town Road,Bitumen(Tar),Not Applicable,Not Applicable,Others,NH-4,BBMP OFFICE,50FEET,13.04240699,77.51465935,0,0,0.0,0.0
Bengaluru City,Peenya Traffic PS,1.04432e+16,2016,1,1,Road Accidents,Narrow road,City/Town,Open area,Human Error,No,Simple Injury,Hit pedestrian,Not at  Junction,Straight and flat,City or Town Road,Bitumen(Tar),Dry,No influence on accident,Fine,RAJAGOPALANAGARA MAIN ROAD,MARUTHI TAKIES,90FT,13.01694268,77.51215718,0,0,0.0,0.0
Bengaluru City,Peenya Traffic PS,1.04432e+16,2016,1,2,Road Accidents,Narrow road,City/Town,Open area,Human Error,Yes,Grievous Injury,Head on,Not at  Junction,Straight and flat,City or Town Road,Bitumen(Tar),Dry,No influence on accident,Fine,NEAR 8TH MILE PEENYA FLYOVER,KANTHI SWEETS,30FEET,13.04532157,77.50725011,0,0,0.0,0.0
Bengaluru City,Peenya Traffic PS,1.04432e+16,2016,1,2,Road Accidents,Junction,City/Town,Open area,Human Error,No,Damage Only,Rear end,Signal lights Automatic,Not Applicable,NH,Bitumen(Tar),Not Applicable,Not Applicable,Fine,NH-4,KARAVALLI HOTEL,70FEET,0.0,0.0,0,0,0.0,0.0
Bengaluru City,Peenya Traffic PS,1.04432e+16,2016,1,2,Road Accidents,Narrow road,City/Town,Near Bus stop,Human Error,No,Damage Only,Head on,Not at  Junction,Straight and flat,City or Town Road,Bitumen(Tar),Dry,No influence on accident,Fine,HEGGENAHALLI BUS STOP PEENYA,MAHADEV TEXILES,20FEET,13.00358877,77.50452965,0,0,0.0,0.0
Bengaluru City,Peenya Traffic PS,1.04432e+16,2016,1,2,Road Accidents,Junction,City/Town,Open area,Human Error,Not Applicable,Simple Injury,Others,Signal lights Automatic,Not Applicable,NH,Bitumen(Tar),Not Applicable,Not Applicable,Not Applicable,NH-4 ROAD,KUNDAN MOBILE,60FT,13.03983376,77.51854815,0,0,0.0,0.0
Bengaluru City,Peenya Traffic PS,1.04432e+16,2016,1,1,Road Accidents,Narrow road,City/Town,Open area,Human Error,No,Grievous Injury,Head on,Not Applicable,Straight and flat,City or Town Road,Bitumen(Tar),Dry,No influence on accident,Fine,OPP VIDHYANIKETHAN SCHOOL,OPP VIDHYANIKETHAN SCHOOL,10FEET,0.0,0.0,0,0,0.0,0.0
Bengaluru City,Peenya Traffic PS,1.04432e+16,2016,1,2,Road Accidents,Narrow road,City/Town,Near Petrol Pump,Human Error,No,Damage Only,Head on,Not at  Junction,Steep Incline or Climb,City or Town Road,Bitumen(Tar),Dry,No influence on accident,Fine,OPP TRIVENI PETROL BUNK SM ROAD,OPP TRIVENI PETROL BUNK,30FEET,13.04377088,77.52094252,0,0,0.0,0.0
Bengaluru City,Peenya Traffic PS,1.04432e+16,2016,1,1,Road Accidents,Narrow road,City/Town,Open area,Human Error,No,Grievous Injury,Hit pedestrian,Not Applicable,Straight and flat,City or Town Road,Bitumen(Tar),Dry,No influence on accident,Fine,12TH CROSS VISHVESHWARAYYA LAYOUT,SWAMIYAVARA HOUSE,15FEET,13.06250042,77.49718316,0,0,0.0,0.0
Bengaluru City,Peenya Traffic PS,1.04432e+16,2016,1,2,Road Accidents,Not Applicable,City/Town,Open area,Human Error,No,Simple Injury,Hit and Run,Not at  Junction,Not Applicable,Not Applicable,Bitumen(Tar),Not Applicable,Not Applicable,Fine,RING ROAD LAGGERE,SAI BABA TEMPLE,12FEET,13.00095241,77.52480714,0,0,0.0,0.0
Bengaluru City,Peenya Traffic PS,1.04432e+16,2016,1,1,Road Accidents,Circle,City/Town,Near Bus stop,Not Applicable,No,Simple Injury,Others,Not at  Junction,Not Applicable,NH,Bitumen(Tar),Dry,Not Applicable,Fine,SERVICE ROAD,SERVICE ROAD,15FEET,13.03998781,77.51883523,0,0,0.0,0.0
Bengaluru City,Peenya Traffic PS,1.04432e+16,2016,1,1,Road Accidents,Not Applicable,City/Town,Open area,Human Error,No,Fatal,Head on,Not at  Junction,Straight and flat,City or Town Road,Bitumen(Tar),Dry,No influence on accident,Fine,RING ROAD LAGGERE,AXIS BANK,90FT,13.00827594,77.52669561,0,0,0.0,0.0
Bengaluru City,Peenya Traffic PS,1.04432e+16,2016,1,1,Road Accidents,Narrow road,City/Town,Open area,Human Error,No,Grievous Injury,Hit pedestrian,Not at  Junction,Straight and flat,City or Town Road,Bitumen(Tar),Dry,No influence on accident,Fine,LAKSHMI GOLD PALACE NEAR SM CIRLE,LAKSHMI GOLD PALACE,20FEET,13.040959,77.51900201,0,0,0.0,0.0
Bengaluru City,Peenya Traffic PS,1.04432e+16,2016,1,2,Road Accidents,Bridge,City/Town,In bazaar,Not Applicable,No,Grievous Injury,Not Applicable,Not at  Junction,Not Applicable,City or Town Road,Not Applicable,Dry,Not Applicable,Fine,NALAMANGAL TUMAKUR ROAD,NALAMANGAL TUMAKUR ROAD,35FEET,13.03814879,77.52142163,0,0,0.0,0.0
Bengaluru City,Peenya Traffic PS,1.04432e+16,2016,1,1,Road Accidents,Narrow road,City/Town,Open area,Human Error,No,Grievous Injury,Hit pedestrian,Not at  Junction,Straight and flat,City or Town Road,Bitumen(Tar),Dry,No influence on accident,Fine,NH4 PARLE G FACTROY OPP SERVICE ROAD,NH4 PARLE G FACTROY OPP,80FEET,13.05023208,77.49378907,0,0,0.0,0.0
Bengaluru City,Peenya Traffic PS,1.04432e+16,2016,1,2,Road Accidents,Narrow road,City/Town,Open area,Human Error,No,Grievous Injury,Head on,Not at  Junction,Straight and flat,City or Town Road,Bitumen(Tar),Dry,No influence on accident,Fine,PS JUNCTION PEENYA,CENARABANK ATM,45FEET,13.03798386,77.52211392,0,0,0.0,0.0
Bengaluru City,Peenya Traffic PS,1.04432e+16,2016,1,2,Road Accidents,Narrow road,City/Town,Open area,Human Error,No,Simple Injury,Head on,Signal lights Not working,Straight and flat,City or Town Road,Bitumen(Tar),Dry,No influence on accident,Fine,LAKE ROAD MAHIMPPA SCHOOL,DASARAHALLI LAKE,25FEET,13.04113848,77.51435518,0,0,0.0,0.0