DISTRICTNAME,UNITNAME,Crime_No,Year,RI,Noofvehicle_involved,Accident_Classification,Accident_Spot,Accident_Location,Accident_SubLocation,Main_Cause,Hit_Run,Severity,Collision_Type,Junction_Control,Road_Character,Road_Type,Surface_Type,Surface_Condition,Road_Condition,Weather,Accident_Road,Landmark_first,Distance_LandMark_First,Latitude,Longitude,Road_Condition_Score,Surface_Condition_Score,Surface_Type_Score,Road_Risk_Index
Bengaluru City,Peenya Traffic PS,1.04432e+16,2017,1,2,Road Accidents,Bridge,City/Town,Open area,Human Error,Not Applicable,Simple Injury,Others,Give way sign,Straight and flat,City or Town Road,Bitumen(Tar),Not Applicable,Not Applicable,Fine,NH-4 fly over,ELECTRIC POLE,38FEET,13.04023672,77.518066,0,0,0.0,0.0
Bengaluru City,Peenya Traffic PS,1.04432e+16,2017,1,1,Road Accidents,Junction,City/Town,Residential area,Human Error,Yes,Grievous Injury,Hit pedestrian,Uncontrolled,Not Applicable,City or Town Road,Bitumen(Tar),Not Applicable,Not Applicable,Fine,SANJEEVINI NAGARA 3RD CROSS,KAVANA CONDIMENTS,22FEET,13.00476096,77.4969767,0,0,0.0,0.0
Bengaluru City,Peenya Traffic PS,1.04432e+16,2017,1,2,Road Accidents,Narrow road,City/Town,Open area,Human Error,Yes,Grievous Injury,Others,Signal lights Automatic,Not Applicable,NH,Bitumen(Tar),Not Applicable,Not Applicable,Not Applicable,NH-4,PILLER NO 10,40feet,13.03467958,77.5292811,0,0,0.0,0.0
Bengaluru City,Peenya Traffic PS,1.04432e+16,2017,1,1,Road Accidents,Narrow road,City/Town,Open area,Human Error,Not Applicable,Simple Injury,Hit pedestrian,Give way sign,Not Applicable,NH,Bitumen(Tar),Not Applicable,Not Applicable,Not Applicable,NH-4,PILLER NO 410,5FEET,0.0,0.0,0,0,0.0,0.0
Bengaluru City,Peenya Traffic PS,1.04432e+16,2017,1,2,Road Accidents,Junction,City/Town,Open area,Human Error,Not Applicable,Grievous Injury,Others,Signal lights Automatic,Straight and flat,NH,Bitumen(Tar),Not Applicable,Not Applicable,Fine,NH-4,PILLER NO 64,20FEET,0.0,0.0,0,0,0.0,0.0
Bengaluru City,Peenya Traffic PS,1.04432e+16,2017,1,1,Road Accidents,Narrow road,City/Town,Open area,Human Error,Not Applicable,Fatal,Not Applicable,Uncontrolled,Not Applicable,NH,Bitumen(Tar),Dry,Not Applicable,Clear,NH4 FLYOVER ROAD,NEAR SHOBHA APARTMENT,150 FE,13.047315,77.50074176,0,0,0.0,0.0
Bengaluru City,Peenya Traffic PS,1.04432e+16,2017,1,2,Road Accidents,Junction,City/Town,Open area,Human Error,No,Simple Injury,Side impact or Right angle,Controlled,Straight and flat,NH,Bitumen(Tar),Not Applicable,No influence on accident,Fine,NH-4,SANGEETHA MOBLIES,45FEET,13.03975578,77.5187063,0,0,0.0,0.0
Bengaluru City,Peenya Traffic PS,1.04432e+16,2017,1,1,Road Accidents,Narrow road,City/Town,Open area,Human Error,Not Applicable,Fatal,Hit pedestrian,Not Applicable,Not Applicable,NH,Bitumen(Tar),Not Applicable,Not Applicable,Not Applicable,NH-4,PILLER NO 118,45FEET,0.0,0.0,0,0,0.0,0.0
Bengaluru City,Peenya Traffic PS,1.04432e+16,2017,1,1,Road Accidents,Narrow road,City/Town,Residential area,Human Error,Yes,Fatal,Hit pedestrian,Not Applicable,Not Applicable,Residential Street,Bitumen(Tar),Not Applicable,No influence on accident,Fine,PIPELINE ROAD,SWATHI CLINIC,22FEET,13.05583968,77.51058162,0,0,0.0,0.0
Bengaluru City,Peenya Traffic PS,1.04432e+16,2017,1,3,Road Accidents,Road hump or Rumble strips,City/Town,Open area,Human Error,No,Fatal,Side swipe,Not at  Junction,Straight and flat,NH,Bitumen(Tar),Not Applicable,No influence on accident,Fine,NH-4,METRO PILLAR,40FT,13.04918016,77.496714,0,0,0.0,0.0
Bengaluru City,Peenya Traffic PS,1.04432e+16,2017,1,2,Road Accidents,Narrow road,City/Town,Open area,Human Error,No,Simple Injury,Head on,Not Applicable,Not Applicable,City or Town Road,Bitumen(Tar),Not Applicable,Not Applicable,Fine,HESARAGHATTA MAIN ROAD,SRINIVASA TRADERS,55FEET,13.06265225,77.50636091,0,0,0.0,0.0
Bengaluru City,Peenya Traffic PS,1.04432e+16,2017,1,1,Road Accidents,Narrow road,City/Town,Open area,Human Error,Not Applicable,Grievous Injury,Hit pedestrian,Not Applicable,Not Applicable,City or Town Road,Bitumen(Tar),Not Applicable,Not Applicable,Fine,NELAGADARANAHALLI MAIN ROAD,ELECTRIC POLE,10FEET,13.02768895,77.49375846,0,0,0.0,0.0
Bengaluru City,Peenya Traffic PS,1.04432e+16,2017,1,2,Not Applicable,Narrow road,City/Town,Open area,Human Error,No,Fatal,Head on,Not at  Junction,Straight and flat,City or Town Road,Bitumen(Tar),Dry,No influence on accident,Fine,NEAR PETROL BUNK PEENYA FLYOVER,SHOBHA APPARTMENTS,10FEET,13.04674956,77.50288261,0,0,0.0,0.0
Bengaluru City,Peenya Traffic PS,1.04432e+16,2017,1,4,Road Accidents,Narrow road,City/Town,Open area,Human Error,Not Applicable,Fatal,Hit pedestrian,Not Applicable,Not Applicable,City or Town Road,Bitumen(Tar),Not Applicable,Not Applicable,Fine,100FEET ROAD,tree,32feet,13.02550762,77.52087348,0,0,0.0,0.0
Bengaluru City,Peenya Traffic PS,1.04432e+16,2017,1,2,Road Accidents,Narrow road,City/Town,Open area,Human Error,Yes,Grievous Injury,Hit and Run,Not at  Junction,Straight and flat,Feeder Road,Bitumen(Tar),Not Applicable,No influence on accident,Not Applicable,100 FEET ROAD,ABB FACTORY,30FEET,13.03177688,77.51100772,0,0,0.0,0.0
Bengaluru City,Peenya Traffic PS,1.04432e+16,2017,1,1,Not Applicable,Narrow road,City/Town,Open area,Human Error,No,Grievous Injury,Head on,Not Applicable,Straight and flat,City or Town Road,Bitumen(Tar),Dry,No influence on accident,Fine,NH-4 H CROSS T DASARAHALLI,NEAR DURGA SAMIL,20FEET,13.0453213,77.50735052,0,0,0.0,0.0
Bengaluru City,Peenya Traffic PS,1.04432e+16,2017,1,1,Road Accidents,Other,City/Town,Open area,Human Error,No,Fatal,Hit pedestrian,Not Applicable,Others,City or Town Road,Bitumen(Tar),Not Applicable,Not Applicable,Fine,CROSS ROAD,TREE,12FEET,0.0,0.0,0,0,0.0,0.0
Bengaluru City,Peenya Traffic PS,1.04432e+16,2017,1,2,Road Accidents,Narrow road,City/Town,Near a factory industrial area,Human Error,Not Applicable,Grievous Injury,Head on,Not Applicable,Not Applicable,City or Town Road,Bitumen(Tar),Not Applicable,Not Applicable,Fine,"OPP TRIVENI FACTORY, PIA",ELECTRIC POLE,10FEET,13.04227037,77.52701069,0,0,0.0,0.0
Bengaluru City,Peenya Traffic PS,1.04432e+16,2017,1,2,Road Accidents,Junction,City/Town,Open area,Human Error,Not Applicable,Simple Injury,Rear end,Signals (Working),Not Applicable,NH,Bitumen(Tar),Others,Not Applicable,Fine,NH 4 SRS JUNCTION,PILLER NO 10,15FEET,13.03467958,77.5292811,0,1,0.0,1.0
Bengaluru City,Peenya Traffic PS,1.04432e+16,2017,1,2,Rail Road Accidents,Cross roads,City/Town,Near Hospital,Human Error,Yes,Simple Injury,Hit and Run,Not Applicable,Not Applicable,City or Town Road,Bitumen(Tar),Not Applicable,Not Applicable,Fine,4TH CROSS ROAD L G RAMANNA LAYOUT LAGGERE,ELECTRIC POLE,35FEET,13.00755856,77.5200698,0,0,0.0,0.0
Bengaluru City,Peenya Traffic PS,1.04432e+16,2017,1,1,Road Accidents,Not Applicable,City/Town,Near office complex,Human Error,Not Applicable,Simple Injury,Hit pedestrian,Not Applicable,Not Applicable,NH,Bitumen(Tar),Dry,Not Applicable,Fine,NH-4,PILLER NO 48 A,37,13.03939172,77.51928,0,0,0.0,0.0
Bengaluru City,Peenya Traffic PS,1.04432e+16,2017,1,1,Road Accidents,Other,City/Town,Open area,Human Error,No,Simple Injury,Hit pedestrian,Not Applicable,Others,NH,Bitumen(Tar),Dry,Not Applicable,Fine,NH 4 TUMAKUR BENGALORE NEAR NAGASANDRA METRO STATION,SENTAR MIDIAN,28FEET,13.04748846,77.50116106,0,0,0.0,0.0
Bengaluru City,Peenya Traffic PS,1.04432e+16,2017,1,2,Road Accidents,Junction,City/Town,Near Bus stop,Human Error,No,Simple Injury,Others,Controlled,Hump,Others,Bitumen(Tar),Dry,Not Applicable,Fine,NEAR 14 TH CROSS JUNCTION,TREE,5FEET,13.01830615,77.50662164,0,0,0.0,0.0
Bengaluru City,Peenya Traffic PS,1.04432e+16,2017,1,2,Road Accidents,Other,City/Town,Near School or College,Human Error,No,Simple Injury,Others,Not Applicable,Others,City or Town Road,Bitumen(Tar),Dry,Not Applicable,Not Applicable,1 ST MAIN ROAD KEMPEGOWDA NAGAR,ELECTRICAL POLE,8FEET,0.0,0.0,0,0,0.0,0.0
Bengaluru City,Peenya Traffic PS,1.04432e+16,2017,1,2,Not Applicable,Narrow road,City/Town,Open area,Human Error,No,Simple Injury,Head on,Not at  Junction,Straight and flat,City or Town Road,Bitumen(Tar),Dry,No influence on accident,Fine,BIO TREE FACTORY,BIO TREE FACTORY,38FEET,13.02533821,77.515252,0,0,0.0,0.0
Bengaluru City,Peenya Traffic PS,1.04432e+16,2017,1,2,Other Railway Accidents,Narrow road,City/Town,Open area,Human Error,No,Simple Injury,Head on,Not Applicable,Straight and flat,City or Town Road,Bitumen(Tar),Dry,No influence on accident,Fine,NEAR  DOMINOS PIZZ HUT,NEAR  DOMINOS PIZZ HUT,15FEET,0.0,0.0,0,0,0.0,0.0
Bengaluru City,Peenya Traffic PS,1.04432e+16,2017,1,1,Road Accidents,Other,City/Town,Open area,Human Error,No,Not Applicable,Hit fixed object,Not Applicable,Others,Arterial,Bitumen(Tar),Dry,Not Applicable,Fine,PIA 2 ND STAGE NEAR SHREE RAM DILUX HOTEL,ELECTRIC POLE,4FEET,0.0,0.0,0,0,0.0,0.0
Bengaluru City,Peenya Traffic PS,1.04432e+16,2017,1,1,Road Accidents,Junction,City/Town,Open area,Human Error,Not Applicable,Grievous Injury,Hit pedestrian,Signal lights Automatic,Not Applicable,City or Town Road,Bitumen(Tar),Not Applicable,Not Applicable,Not Applicable,S M ROAD,HIGH MUST LIGHT,6FEET,13.04018362,77.51873861,0,0,0.0,0.0
Bengaluru City,Peenya Traffic PS,1.04432e+16,2017,1,2,Road Accidents,Junction,City/Town,Open area,Human Error,Yes,Grievous Injury,Others,Signal lights Automatic,Not Applicable,City or Town Road,Bitumen(Tar),Not Applicable,Not Applicable,Not Applicable,HESARAGHATTA MAIN ROAD,ELECTRIC POLE,52FEET,13.05673219,77.50754425,0,0,0.0,0.0
Bengaluru City,Peenya Traffic PS,1.04432e+16,2017,1,1,Road Accidents,Junction,City/Town,Open area,Human Error,Yes,Simple Injury,Hit pedestrian,No signal lights,Not Applicable,City or Town Road,Bitumen(Tar),Not Applicable,Not Applicable,Fine,Thigalara palya main road,ELECTRIC POLE,28FEET,0.0,0.0,0,0,0.0,0.0
Bengaluru City,Peenya Traffic PS,1.04432e+16,2017,1,1,Road Accidents,Junction,City/Town,Open area,Human Error,No,Grievous Injury,Hit pedestrian,Signal lights Automatic,Not Applicable,NH,Bitumen(Tar),Not Applicable,No influence on accident,Fine,NH-4,PEENYA FLY OVER PILLER NO 65,15FEET,13.04228878,77.51476924,0,0,0.0,0.0
Bengaluru City,Peenya Traffic PS,1.04432e+16,2017,1,2,Road Accidents,Junction,City/Town,Open area,Human Error,Not Applicable,Simple Injury,Head on,Uncontrolled,Not Applicable,City or Town Road,Bitumen(Tar),Not Applicable,Not Applicable,Fine,HEGGANAHALLI MAIN ROAD,ELECTRIC POLE,15FEET,0.0,0.0,0,0,0.0,0.0
Bengaluru City,Peenya Traffic PS,1.04432e+16,2017,1,1,Road Accidents,Narrow road,City/Town,Open area,Human Error,Yes,Fatal,Hit pedestrian,Not Applicable,Not Applicable,City or Town Road,Bitumen(Tar),Not Applicable,Not Applicable,Fine,RAJAGOPALANAGARA MAIN ROAD,ELECTRIC POLE,28FEET,13.01889622,77.50984208,0,0,0.0,0.0
Bengaluru City,Peenya Traffic PS,1.04432e+16,2017,1,2,Not Applicable,Narrow road,City/Town,Open area,Human Error,No,Simple Injury,Head on,Not at  Junction,Straight and flat,City or Town Road,Bitumen(Tar),Dry,No influence on accident,Fine,05CROSS SIDEDAHALLI ROAD JUNCTION,VENKATESHWARA TRANDERS,08FEET,0.0,0.0,0,0,0.0,0.0
Bengaluru City,Peenya Traffic PS,1.04432e+16,2017,1,1,Road Accidents,Narrow road,City/Town,Open area,Human Error,Not Applicable,Grievous Injury,Hit pedestrian,Not Applicable,Not Applicable,City or Town Road,Bitumen(Tar),Not Applicable,Not Applicable,Fine,NELAGADARANAHALLI MAIN ROAD,ELECTRIC POLE,45FEET,13.04103859,77.50482669,0,0,0.0,0.0
Bengaluru City,Peenya Traffic PS,1.04432e+16,2017,1,1,Road Accidents,Narrow road,City/Town,Near Bus stop,Human Error,No,Damage Only,Hit fixed object,Not at  Junction,Straight and flat,NH,Bitumen(Tar),Dry,No influence on accident,Fine,NH 4,Peenya Industrial Metro Station,1 km,13.03651392,77.52519659,0,0,0.0,0.0
Bengaluru City,Peenya Traffic PS,1.04432e+16,2017,1,1,Road Accidents,Other,City/Town,At pedestrian Crossing,Human Error,No,Grievous Injury,Hit pedestrian,Not Applicable,Others,NH,Bitumen(Tar),Dry,Not Applicable,Fine,NH 4 TUMAKUR BANGALORE ROAD NEAR T DASARAHALLI METRO STATION,SIDE RELINGS,10FEET,13.04337213,77.51151884,0,0,0.0,0.0
Bengaluru City,Peenya Traffic PS,1.04432e+16,2017,1,1,Road Accidents,Not Applicable,City/Town,Near Petrol Pump,Human Error,No,Grievous Injury,Hit pedestrian,Controlled,Others,NH,Bitumen(Tar),Dry,Not Applicable,Fine,NH 4 NEAR 8 MILE JUNCTION,ELECTRIC POLE,30FEET,13.04543059,77.50726181,0,0,0.0,0.0
Bengaluru City,Peenya Traffic PS,1.04432e+16,2017,1,1,Road Accidents,Not Applicable,City/Town,In bazaar,Human Error,No,Grievous Injury,Hit pedestrian,Controlled,Others,NH,Bitumen(Tar),Dry,Not Applicable,Fine,"OPP RAGHAVENDRA HOSPITAL, NH-4",SIDE RALINGS,8FEET,13.04216847,77.51481553,0,0,0.0,0.0
Bengaluru City,Peenya Traffic PS,1.04432e+16,2017,1,2,Road Accidents,Junction,City/Town,Near a factory industrial area,Human Error,Yes,Grievous Injury,Hit and Run,Uncontrolled,Not Applicable,City or Town Road,Bitumen(Tar),Not Applicable,No influence on accident,Fine,SRS ROAD,HEAT CONTROLLER FACTORY,40FEET,13.02659836,77.52166954,0,0,0.0,0.0
Bengaluru City,Peenya Traffic PS,1.04432e+16,2017,1,2,Not Applicable,Narrow road,City/Town,Open area,Human Error,Yes,Grievous Injury,Head on,Not at  Junction,Straight and flat,City or Town Road,Bitumen(Tar),Dry,No influence on accident,Fine,NEAR SHOBA APPARTMENTS,NEAR SHOBA APPARTMENTS,40FEET,13.04740106,77.50134731,0,0,0.0,0.0
Bengaluru City,Peenya Traffic PS,1.04432e+16,2017,1,2,Road Accidents,Other,City/Town,Residential area,Human Error,No,Simple Injury,Rear end,Controlled,Not Applicable,NH,Bitumen(Tar),Dry,Not Applicable,Fine,NH-4 SERVICE ROAD OPP RACK LINE MOLL,METRO PILLER,25FEET,13.04000115,77.51824818,0,0,0.0,0.0
Bengaluru City,Peenya Traffic PS,1.04432e+16,2017,1,1,Road Accidents,Narrow road,City/Town,At pedestrian Crossing,Human Error,Not Applicable,Grievous Injury,Hit pedestrian,Signal lights Automatic,Not Applicable,NH,Bitumen(Tar),Not Applicable,Not Applicable,Not Applicable,NH-4,PILLER NO P71,40FEET,13.04278924,77.51298092,0,0,0.0,0.0
Bengaluru City,Peenya Traffic PS,1.04432e+16,2017,1,1,Road Accidents,T Junction,City/Town,Near a factory industrial area,Human Error,Not Applicable,Grievous Injury,Hit pedestrian,No signal lights,Not Applicable,City or Town Road,Bitumen(Tar),Not Applicable,Not Applicable,Not Applicable,RAJAGOPALANAGARA MAIN ROAD,ELECTRIC POLE,18FEET,13.0174034,77.51295705,0,0,0.0,0.0
Bengaluru City,Peenya Traffic PS,1.04432e+16,2017,1,1,Road Accidents,Narrow road,City/Town,Open area,Human Error,Yes,Simple Injury,Hit pedestrian,Not Applicable,Straight and flat,NH,Bitumen(Tar),Not Applicable,Not Applicable,Fine,NH-4,ELECTRIC POLE,20FEET,13.04828926,77.49804806,0,0,0.0,0.0
Bengaluru City,Peenya Traffic PS,1.04432e+16,2017,1,1,Road Accidents,Other,City/Town,Residential area,Human Error,Not Applicable,Fatal,Hit pedestrian,Not Applicable,Not Applicable,City or Town Road,Bitumen(Tar),Not Applicable,Not Applicable,Fine,4th cross road,ELECTRIC POLE,5feet,0.0,0.0,0,0,0.0,0.0
Bengaluru City,Peenya Traffic PS,1.04432e+16,2017,1,1,Road Accidents,Narrow road,City/Town,Near a factory industrial area,Human Error,Yes,Fatal,Hit pedestrian,Not Applicable,Others,Expressway,Concrete,Not Applicable,Not Applicable,Fine,NH-4,ELECTRIC POLE,20FEET,13.05009845,77.49295934,0,0,0.0,0.0
Bengaluru City,Peenya Traffic PS,1.04432e+16,2017,1,1,Road Accidents,Junction,City/Town,Near a recreation place/cinema,Human Error,No,Fatal,Hit bicyclist,Uncontrolled,Straight and flat,Others,Bitumen(Tar),Not Applicable,No influence on accident,Fine,NTTF ROAD,VIJAYA ROLLING MILL,35FEET,13.02639639,77.51460428,0,0,0.0,0.0
Bengaluru City,Peenya Traffic PS,1.04432e+16,2017,1,2,Road Accidents,Narrow road,City/Town,Near a factory industrial area,Human Error,Not Applicable,Grievous Injury,Others,Not Applicable,Not Applicable,City or Town Road,Bitumen(Tar),Not Applicable,Not Applicable,Fine,"3RD PHASE, PIA",TREE,18FEET,13.01641794,77.50180391,0,0,0.0,0.0
Bengaluru City,Peenya Traffic PS,1.04432e+16,2017,1,2,Not Applicable,Narrow road,City/Town,Open area,Vehicle Defect,Yes,Damage Only,Hit and Run,Not at  Junction,Straight and flat,City or Town Road,Bitumen(Tar),Dry,Not Applicable,Fine,KANVAMART OPP NELADARANAHALLI MAIN ROAD,KANVA MART,20FEET,13.04264541,77.50494443,0,0,0.0,0.0
Bengaluru City,Peenya Traffic PS,1.04432e+16,2017,1,1,Road Accidents,Other,City/Town,Open area,Human Error,No,Simple Injury,Hit pedestrian,Police / Manual,Not Applicable,NH,Bitumen(Tar),Not Applicable,Not Applicable,Fine,OPP WIDIA FACTOY NEAR FLY OVER DOWN RAP,ELECTRIC POLE,49FEET,13.04850079,77.49681732,0,0,0.0,0.0
Bengaluru City,Peenya Traffic PS,1.04432e+16,2017,1,2,Not Applicable,Narrow road,City/Town,Near Bus stop,Human Error,No,Grievous Injury,Head on,Not at  Junction,Straight and flat,City or Town Road,Bitumen(Tar),Dry,No influence on accident,Fine,NEAR MARIYAPPA COMPLEX,NEAR MARIYAPPA COMPLEX,15FEET,13.01917377,77.51573512,0,0,0.0,0.0
Bengaluru City,Peenya Traffic PS,1.04432e+16,2017,1,1,Road Accidents,Narrow road,City/Town,Open area,Human Error,No,Simple Injury,Hit pedestrian,Not Applicable,Not Applicable,NH,Bitumen(Tar),Not Applicable,Not Applicable,Fine,NH-4,PILLER,25FEET,13.04337213,77.51151884,0,0,0.0,0.0
Bengaluru City,Peenya Traffic PS,1.04432e+16,2017,1,3,Not Applicable,Junction,City/Town,Open area,Vehicle Defect,Yes,Damage Only,Head on,Signal lights Automatic,Straight and flat,City or Town Road,Bitumen(Tar),Dry,No influence on accident,Fine,PEENYA PS JUNCTION,VIVO FACTORY NEAR,20FEET,13.03778087,77.52214952,0,0,0.0,0.0
Bengaluru City,Peenya Traffic PS,1.04432e+16,2017,1,1,Road Accidents,Narrow road,City/Town,In bazaar,Human Error,No,Simple Injury,Hit pedestrian,Not Applicable,Others,Residential Street,Concrete,Dry,Not Applicable,Fine,COCONUT GARDEN ROAD,METRO PILLOR,40feet,13.0426277,77.51433349,0,0,0.0,0.0
Bengaluru City,Peenya Traffic PS,1.04432e+16,2017,1,1,Road Accidents,Not Applicable,City/Town,Near School or College,Human Error,No,Grievous Injury,Hit pedestrian,Not Applicable,Others,City or Town Road,Bitumen(Tar),Dry,Not Applicable,Fine,"NEAR NEW CAMBRIDGE SCHOOL, SUVARNANAGAR MAIN ROAD",FOOT BATH,16FEET,13.03272167,77.50391238,0,0,0.0,0.0
Bengaluru City,Peenya Traffic PS,1.04432e+16,2017,1,2,Not Applicable,Narrow road,City/Town,Open area,Human Error,No,Simple Injury,Head on,Controlled,Straight and flat,City or Town Road,Bitumen(Tar),Dry,No influence on accident,Fine,MARIYAPPA COMPLEX,MARIYAPPA COMPLEX,20FEET,0.0,0.0,0,0,0.0,0.0
Bengaluru City,Peenya Traffic PS,1.04432e+16,2017,1,2,Road Accidents,Junction,City/Town,Open area,Human Error,Not Applicable,Damage Only,Head on,Signal lights Automatic,Not Applicable,NH,Bitumen(Tar),Not Applicable,Not Applicable,Fine,NH-4,PILLER,15FEET,13.03778087,77.52214952,0,0,0.0,0.0
Bengaluru City,Peenya Traffic PS,1.04432e+16,2017,1,2,Road Accidents,Narrow road,City/Town,Open area,Human Error,No,Simple Injury,Head on,Not at  Junction,Straight and flat,Service Road,Bitumen(Tar),Not Applicable,No influence on accident,Fine,NH-4 SERVICE ROAD,allied distilers,38feet,0.0,0.0,0,0,0.0,0.0
Bengaluru City,Peenya Traffic PS,1.04432e+16,2017,1,2,Road Accidents,Narrow road,City/Town,Near a factory industrial area,Human Error,Not Applicable,Grievous Injury,Others,Not Applicable,Not Applicable,City or Town Road,Bitumen(Tar),Not Applicable,Not Applicable,Not Applicable,HEGGANAHALLI MAIN ROAD,ELECTRIC POLE,10FEET,13.00849604,77.50612816,0,0,0.0,0.0
Bengaluru City,Peenya Traffic PS,1.04432e+16,2017,1,2,Road Accidents,Narrow road,City/Town,Open area,Human Error,Not Applicable,Simple Injury,Others,Not Applicable,Not Applicable,NH,Bitumen(Tar),Not Applicable,Not Applicable,Fine,NH-4 fly over,ELECTRIC POLE,29FEET,13.04397162,77.51049734,0,0,0.0,0.0
Bengaluru City,Peenya Traffic PS,1.04432e+16,2017,1,2,Road Accidents,Narrow road,City/Town,Near Petrol Pump,Human Error,Yes,Grievous Injury,Side swipe,Not Applicable,Straight and flat,Service Road,Bitumen(Tar),Not Applicable,Not Applicable,Fine,NH-4 SERVICE ROAD,ELECTRIC POLE,25FEET,13.04579386,77.50533523,0,0,0.0,0.0
Bengaluru City,Peenya Traffic PS,1.04432e+16,2017,1,1,Road Accidents,Narrow road,City/Town,Residential area,Human Error,Yes,Simple Injury,Hit pedestrian,Not Applicable,Straight and flat,Others,Bitumen(Tar),Not Applicable,Not Applicable,Fine,PIPELINE ROAD,ELECTRIC POLE,25FEET,13.05110959,77.5145789,0,0,0.0,0.0
Bengaluru City,Peenya Traffic PS,1.04432e+16,2017,1,1,Road Accidents,Junction,City/Town,Near Bus stop,Human Error,Not Applicable,Grievous Injury,Hit pedestrian,Signal lights Automatic,Not Applicable,City or Town Road,Bitumen(Tar),Not Applicable,Not Applicable,Fine,100FEET ROAD,ELECTRIC POLE,42FEET,13.02852634,77.51943318,0,0,0.0,0.0
Bengaluru City,Peenya Traffic PS,1.04432e+16,2017,1,2,Road Accidents,Y Junction,City/Town,Residential area,Human Error,Yes,Fatal,Head on,Not Applicable,Not Applicable,Not Applicable,Bitumen(Tar),Others,Not Applicable,Others,GANGONDANAHALLI ROAD,SYAMALA SIDDAGANGAIAH CONVENTION HALL,30FEET,13.02755718,77.49378338,0,1,0.0,1.0
Bengaluru City,Peenya Traffic PS,1.04432e+16,2017,1,1,Road Accidents,Narrow road,Not Applicable,Open area,Human Error,No,Grievous Injury,Hit pedestrian,Not at  Junction,Not Applicable,Feeder Road,Bitumen(Tar),Not Applicable,No influence on accident,Fine,HESARAGHATTA MAIN ROAD,ASPAN GARDEN,45FEET,13.04595292,77.50749195,0,0,0.0,0.0
Bengaluru City,Peenya Traffic PS,1.04432e+16,2017,1,2,Not Applicable,Narrow road,City/Town,Open area,Human Error,No,Simple Injury,Head on,Not at  Junction,Straight and flat,City or Town Road,Bitumen(Tar),Dry,Not Applicable,Fine,HESARAGHATTA MAIN ROAD,ROYAL MART NEAR,20FEET,13.04966622,77.50761843,0,0,0.0,0.0
Bengaluru City,Peenya Traffic PS,1.04432e+16,2017,1,4,Road Accidents,Curves,City/Town,At pedestrian Crossing,Human Error,No,Simple Injury,Hit pedestrian,Not Applicable,Not Applicable,City or Town Road,Bitumen(Tar),Dry,Not Applicable,Fine,DODDANNA INDUSTRIAL 4 TH CROSS ROAD &GK W LAYOUT MAIN,ELECTRIC POLE,10FEET,13.01097398,77.5071718,0,0,0.0,0.0
Bengaluru City,Peenya Traffic PS,1.04432e+16,2017,1,2,Road Accidents,Curves,City/Town,Near office complex,Human Error,No,Simple Injury,Head on,Not Applicable,Others,NH,Bitumen(Tar),Dry,Not Applicable,Fine,NH-4 BENGALORE TUMAKUR SERVICE ROAD NEAR SHOBHA APRTAMENT,ELECTRICAL POLE,20FEET,13.04730034,77.50093999,0,0,0.0,0.0
Bengaluru City,Peenya Traffic PS,1.04432e+16,2017,1,1,Road Accidents,Narrow road,City/Town,Open area,Human Error,No,Simple Injury,Hit pedestrian,Signal lights Automatic,Straight and flat,NH,Bitumen(Tar),Not Applicable,No influence on accident,Fine,NH-4,S N HOME WORLD,30FEET,0.0,0.0,0,0,0.0,0.0
Bengaluru City,Peenya Traffic PS,1.04432e+16,2017,1,2,Road Accidents,T Junction,City/Town,Open area,Human Error,Yes,Simple Injury,Others,No signal lights,Not Applicable,City or Town Road,Bitumen(Tar),Not Applicable,Not Applicable,Fine,KATARAYANPURA MAIN ROAD,ELECTRIC POLE,34FEET,13.05644673,77.50130751,0,0,0.0,0.0
Bengaluru City,Peenya Traffic PS,1.04432e+16,2017,1,1,Road Accidents,Narrow road,City/Town,Open area,Human Error,Not Applicable,Grievous Injury,Hit pedestrian,Not at  Junction,Not Applicable,City or Town Road,Bitumen(Tar),Not Applicable,Not Applicable,Fine,4th MAIN SHAMBHAVI NAGARA ROAD,TREE,5FEET,13.01371905,77.51016833,0,0,0.0,0.0
Bengaluru City,Peenya Traffic PS,1.04432e+16,2017,1,1,Road Accidents,Narrow road,City/Town,Open area,Human Error,Yes,Simple Injury,Others,Not Applicable,Not Applicable,NH,Bitumen(Tar),Not Applicable,Not Applicable,Not Applicable,NH4- TOLL,ELECTRIC POLE,30FEET,13.05001232,77.49401361,0,0,0.0,0.0
Bengaluru City,Peenya Traffic PS,1.04432e+16,2017,1,2,Road Accidents,Junction,City/Town,Open area,Human Error,Not Applicable,Grievous Injury,Others,Signal lights Automatic,Not Applicable,NH,Bitumen(Tar),Not Applicable,Not Applicable,Fine,NH-4,PILLER NO 11,25FEET,13.03464781,77.52962944,0,0,0.0,0.0
Bengaluru City,Peenya Traffic PS,1.04432e+16,2017,1,2,Road Accidents,Narrow road,City/Town,Open area,Human Error,Yes,Simple Injury,Others,Not Applicable,Not Applicable,City or Town Road,Bitumen(Tar),Not Applicable,Not Applicable,Not Applicable,POLICE STATION ROAD,ELECTRIC POLE,15FEET,0.0,0.0,0,0,0.0,0.0