DISTRICTNAME,UNITNAME,Crime_No,Year,RI,Noofvehicle_involved,Accident_Classification,Accident_Spot,Accident_Location,Accident_SubLocation,Main_Cause,Hit_Run,Severity,Collision_Type,Junction_Control,Road_Character,Road_Type,Surface_Type,Surface_Condition,Road_Condition,Weather,Accident_Road,Landmark_first,Distance_LandMark_First,Latitude,Longitude,Road_Condition_Score,Surface_Condition_Score,Surface_Type_Score,Road_Risk_Index
Bengaluru City,Peenya Traffic PS,1.04432e+16,2017,1,2,Not Applicable,Narrow road,City/Town,Open area,Human Error,No,Grievous Injury,Side swipe,Not at  Junction,Straight and flat,NH,Bitumen(Tar),Not Applicable,Not Applicable,Fine,NH-4,T DASARAHALLI METRO STATION,20FEET,13.04264831,77.51424932,0,0,0.0,0.0
Bengaluru City,Peenya Traffic PS,1.04432e+16,2017,1,2,Road Accidents,T Junction,City/Town,Open area,Human Error,Not Applicable,Grievous Injury,Head on,Uncontrolled,Not Applicable,City or Town Road,Bitumen(Tar),Not Applicable,Not Applicable,Fine,NELAGADARANAHALLI,ELECTRIC POLE,20FEET,13.03360582,77.50269208,0,0,0.0,0.0
Bengaluru City,Peenya Traffic PS,1.04432e+16,2017,1,1,Road Accidents,Other,Not Applicable,Near Petrol Pump,Human Error,Yes,Grievous Injury,Hit and Run,Not at  Junction,Not Applicable,NH,Bitumen(Tar),Dry,Not Applicable,Clear,NH 4 NEAR SHOBHA APT,PILLER 110 I,6 FEET,0.0,0.0,0,0,0.0,0.0
Bengaluru City,Peenya Traffic PS,1.04432e+16,2017,1,2,Road Accidents,Bridge,City/Town,Narrow bridge or culverts,Human Error,No,Fatal,Side impact or Right angle,Uncontrolled,Sharp Curve,NH,Bitumen(Tar),Dry,Not Applicable,Fine,N H 4 FLYOVER ROAD,ELECTRICAL POLL,22FEET,13.04740106,77.50134731,0,0,0.0,0.0
Bengaluru City,Peenya Traffic PS,1.04432e+16,2017,1,4,Road Accidents,Narrow road,City/Town,Open area,Human Error,Not Applicable,Fatal,Others,Not Applicable,Not Applicable,NH,Bitumen(Tar),Not Applicable,Not Applicable,Fine,NH-4,PILLER P83E,40FEET,0.0,0.0,0,0,0.0,0.0
Bengaluru City,Peenya Traffic PS,1.04432e+16,2017,1,2,Road Accidents,Not Applicable,City/Town,Near a factory industrial area,Human Error,No,Fatal,Head on,Not Applicable,Not Applicable,City or Town Road,Bitumen(Tar),Not Applicable,Not Applicable,Not Applicable,VIJAY MILLING ROAD,TREE,25 FT,13.02745425,77.51708196,0,0,0.0,0.0
Bengaluru City,Peenya Traffic PS,1.04432e+16,2017,1,2,Road Accidents,Not Applicable,City/Town,Open area,Human Error,Yes,Damage Only,Hit and Run,Not Applicable,Not Applicable,City or Town Road,Bitumen(Tar),Not Applicable,Not Applicable,Fine,N H 4,Eyemax light,55Feet,13.04942735,77.49476225,0,0,0.0,0.0
Bengaluru City,Peenya Traffic PS,1.04432e+16,2017,1,1,Road Accidents,Narrow road,City/Town,Residential area,Human Error,Yes,Grievous Injury,Hit pedestrian,Not at  Junction,Straight and flat,Residential Street,Bitumen(Tar),Dry,No influence on accident,Fine,Rajeshwarinagara 1st Main Road,Friends Circle,2 km,13.007551,77.5200708,0,0,0.0,0.0
Bengaluru City,Peenya Traffic PS,1.04432e+16,2017,1,3,Road Accidents,Junction,City/Town,Open area,Human Error,No,Grievous Injury,Others,Not Applicable,Others,City or Town Road,Bitumen(Tar),Dry,Not Applicable,Fine,NEAR NELAGADARANAHALLI MAIN ROAD,ELECTRIC POLE,6FEET,13.03171469,77.50369477,0,0,0.0,0.0
Bengaluru City,Peenya Traffic PS,1.04432e+16,2017,1,2,Not Applicable,Narrow road,City/Town,Open area,Human Error,Yes,Simple Injury,Hit and Run,Not at  Junction,Straight and flat,City or Town Road,Bitumen(Tar),Dry,No influence on accident,Fine,CI CUSTOM SCHOOL ROAD,CI CUSTOM SCHOOL ROAD,15FEET,13.04748846,77.50116106,0,0,0.0,0.0
Bengaluru City,Peenya Traffic PS,1.04432e+16,2017,1,2,Road Accidents,Cross roads,City/Town,Near Hospital,Human Error,Yes,Simple Injury,Side swipe,Not at  Junction,Straight and flat,Residential Street,Bitumen(Tar),Not Applicable,No influence on accident,Fine,NELAGADARANAHALLI MAIN ROAD,CHAYA NURSING HOME,42FEET,0.0,0.0,0,0,0.0,0.0
Bengaluru City,Peenya Traffic PS,1.04432e+16,2017,1,2,Road Accidents,Other,City/Town,Near office complex,Human Error,Yes,Simple Injury,Head on,Not Applicable,Others,City or Town Road,Bitumen(Tar),Dry,Not Applicable,Fine,"10 TH MAIN ROAD, 14 TH CROSS PIA",ELECTRIC POLE,20FEET,0.0,0.0,0,0,0.0,0.0
Bengaluru City,Peenya Traffic PS,1.04432e+16,2017,1,1,Road Accidents,Narrow road,City/Town,Open area,Human Error,Not Applicable,Fatal,Hit pedestrian,Not Applicable,Not Applicable,City or Town Road,Bitumen(Tar),Not Applicable,Not Applicable,Fine,LAGGERE RING ROAD,DURGA SHREE CONDIMENTS,150MTR,13.00864141,77.52700943,0,0,0.0,0.0
Bengaluru City,Peenya Traffic PS,1.04432e+16,2017,1,2,Road Accidents,More than four arms,City/Town,Open area,Human Error,Not Applicable,Grievous Injury,Others,Give way sign,Not Applicable,NH,Bitumen(Tar),Not Applicable,Not Applicable,Not Applicable,NH-4,T DASARAHALLI METRO STATION,100MTR,13.04322697,77.51224435,0,0,0.0,0.0
Bengaluru City,Peenya Traffic PS,1.04432e+16,2017,1,2,Road Accidents,Narrow road,City/Town,Near Bus stop,Human Error,Yes,Damage Only,Others,Not Applicable,Not Applicable,City or Town Road,Bitumen(Tar),Not Applicable,Not Applicable,Fine,100FEET ROAD,PEENYA FIRE STATION,10FEET,13.02690194,77.52014114,0,0,0.0,0.0
Bengaluru City,Peenya Traffic PS,1.04432e+16,2017,1,1,Road Accidents,Narrow road,City/Town,Near a factory industrial area,Human Error,Yes,Simple Injury,Hit pedestrian,Not Applicable,Not Applicable,City or Town Road,Bitumen(Tar),Not Applicable,Not Applicable,Fine,ANDHARAHALLI MAIN ROAD,ELECTRIC POLE,20FEET,13.0098033,77.50518585,0,0,0.0,0.0
Bengaluru City,Peenya Traffic PS,1.04432e+16,2017,1,2,Road Accidents,Narrow road,Not Applicable,Open area,Human Error,No,Grievous Injury,Side swipe,Not at  Junction,Straight and flat,City or Town Road,Bitumen(Tar),Not Applicable,No influence on accident,Fine,100 FEET ROAD,AXIS BANK,60FEET,13.03754245,77.51829116,0,0,0.0,0.0
Bengaluru City,Peenya Traffic PS,1.04432e+16,2017,1,2,Road Accidents,Narrow road,City/Town,Open area,Human Error,Not Applicable,Grievous Injury,Side impact or Right angle,Not Applicable,Not Applicable,City or Town Road,Bitumen(Tar),Not Applicable,Not Applicable,Fine,100FEET ROAD,ELECTRIC POLE,15FEET,13.04199779,77.51559794,0,0,0.0,0.0
Bengaluru City,Peenya Traffic PS,1.04432e+16,2017,1,2,Not Applicable,Narrow road,City/Town,Open area,Vehicle Defect,No,Damage Only,Head on,Not at  Junction,Straight and flat,City or Town Road,Bitumen(Tar),Dry,No influence on accident,Fine,PEENYA INDUTRIAL AREA PEENYA 2ND STAGE,PRADEEP INDUSTRIES,42FEET,13.01088627,77.50693217,0,0,0.0,0.0
Bengaluru City,Peenya Traffic PS,1.04432e+16,2017,1,1,Road Accidents,Junction,City/Town,Near a factory industrial area,Human Error,No,Fatal,Hit pedestrian,Uncontrolled,Curve,City or Town Road,Bitumen(Tar),Not Applicable,No influence on accident,Not Applicable,PEENYA INDUTRIAL AREA PEENYA 2ND STAGE,14th cross post office,12FEET,13.01830615,77.50662164,0,0,0.0,0.0
Bengaluru City,Peenya Traffic PS,1.04432e+16,2017,1,2,Road Accidents,Junction,City/Town,Open area,Human Error,Not Applicable,Grievous Injury,Others,Signal lights Automatic,Not Applicable,NH,Bitumen(Tar),Not Applicable,Not Applicable,Fine,NH-4 PEENYA PS JUNCTION,PILLER NO 38,28FEET,0.0,0.0,0,0,0.0,0.0
Bengaluru City,Peenya Traffic PS,1.04432e+16,2017,1,1,Not Applicable,Narrow road,City/Town,Open area,Human Error,Yes,Grievous Injury,Hit and Run,Not at  Junction,Straight and flat,City or Town Road,Bitumen(Tar),Dry,No influence on accident,Fine,GANESH TEMPLE NEAR RAJGOPAL NAGAR,MAHARAJA HOME APPLENCE,40FEET,13.01805137,77.51503173,0,0,0.0,0.0
Bengaluru City,Peenya Traffic PS,1.04432e+16,2017,1,1,Road Accidents,Narrow road,City/Town,Open area,Human Error,Not Applicable,Fatal,Hit pedestrian,Not Applicable,Not Applicable,City or Town Road,Bitumen(Tar),Not Applicable,Not Applicable,Fine,SHETTY HALLI MAIN ROAD,ELECTRIC POLE,45FEET,13.06167849,77.51913443,0,0,0.0,0.0
Bengaluru City,Peenya Traffic PS,1.04432e+16,2017,1,2,Road Accidents,Junction,City/Town,Near a factory industrial area,Human Error,Yes,Grievous Injury,Head on,Signals (Not working),Not Applicable,City or Town Road,Bitumen(Tar),Not Applicable,Not Applicable,Fine,100FEET ROAD,ELECTRIC POLE,60FEET,0.0,0.0,0,0,0.0,0.0
Bengaluru City,Peenya Traffic PS,1.04432e+16,2017,1,2,Road Accidents,Other,City/Town,Near Petrol Pump,Human Error,No,Simple Injury,Rear end,Uncontrolled,Not Applicable,NH,Bitumen(Tar),Not Applicable,Not Applicable,Fine,N H 4,CENTRE MEADIAN,10FEET,13.03641468,77.52494567,0,0,0.0,0.0
Bengaluru City,Peenya Traffic PS,1.04432e+16,2017,1,1,Road Accidents,Not Applicable,City/Town,Near office complex,Human Error,Yes,Simple Injury,Hit pedestrian,Not Applicable,Not Applicable,City or Town Road,Bitumen(Tar),Not Applicable,Not Applicable,Fine,HESRAGHATTA MAIN ROAD,ELECTRICAL POLE,30,13.0534143,77.5081114,0,0,0.0,0.0
Bengaluru City,Peenya Traffic PS,1.04432e+16,2017,1,2,Not Applicable,Narrow road,City/Town,Open area,Human Error,Yes,Grievous Injury,Hit and Run,Not at  Junction,Straight and flat,City or Town Road,Bitumen(Tar),Dry,No influence on accident,Fine,RANJITHA BHAVANA NEAR,RANJITHA BHAVANA NEAR,50FEET,0.0,0.0,0,0,0.0,0.0
Bengaluru City,Peenya Traffic PS,1.04432e+16,2017,1,1,Not Applicable,Narrow road,City/Town,At pedestrian Crossing,Human Error,No,Grievous Injury,Hit pedestrian,Not at  Junction,Straight and flat,City or Town Road,Bitumen(Tar),Dry,Not Applicable,Fine,NANDISHWARA CANDIMENTS NEAR,NANDISHWARA CANDIMENTS NEAR,20FEET,13.04748846,77.50116106,0,0,0.0,0.0
Bengaluru City,Peenya Traffic PS,1.04432e+16,2017,1,1,Road Accidents,Not Applicable,City/Town,Open area,Human Error,No,Grievous Injury,Hit pedestrian,Uncontrolled,Curve,NH,Bitumen(Tar),Dry,Not Applicable,Fine,NH-4 NEAR KENAMETAL FACTORY,ELECTRICAL POLE,50FEET,13.04748846,77.50116106,0,0,0.0,0.0
Bengaluru City,Peenya Traffic PS,1.04432e+16,2017,1,1,Road Accidents,Other,City/Town,Near Bus stop,Human Error,Yes,Grievous Injury,Not Applicable,Controlled,Others,NH,Bitumen(Tar),Dry,Not Applicable,Fine,"NH-4, H CROSS JUNCTION NEAR BUS STOP",FLY OVER PILLER,30FEET,13.04543059,77.50726181,0,0,0.0,0.0
Bengaluru City,Peenya Traffic PS,1.04432e+16,2017,1,1,Road Accidents,Other,City/Town,At pedestrian Crossing,Human Error,No,Simple Injury,Hit pedestrian,Not Applicable,Not Applicable,NH,Bitumen(Tar),Dry,Not Applicable,Fine,NH 4 NEAR T DASARAHALLI METRO STATION,ELECTRIC POLE,30FEET,0.0,0.0,0,0,0.0,0.0
Bengaluru City,Peenya Traffic PS,1.04432e+16,2017,1,1,Road Accidents,Narrow road,City/Town,Open area,Human Error,Yes,Grievous Injury,Hit pedestrian,Not Applicable,Not Applicable,Service Road,Bitumen(Tar),Not Applicable,Not Applicable,Fine,NH-4 SERVICE ROAD,SKY WALK,45FEET,13.05012437,77.49389269,0,0,0.0,0.0
Bengaluru City,Peenya Traffic PS,1.04432e+16,2017,1,1,Road Accidents,More than four arms,City/Town,Near Bus stop,Human Error,Yes,Grievous Injury,Hit pedestrian,Not Applicable,Not Applicable,NH,Bitumen(Tar),Not Applicable,Not Applicable,Fine,NH-4 ROAD,PILLER NO 111,53FEET,13.04724453,77.50132461,0,0,0.0,0.0
Bengaluru City,Peenya Traffic PS,1.04432e+16,2017,1,2,Road Accidents,Narrow road,City/Town,Open area,Human Error,Yes,Grievous Injury,Others,Not at  Junction,Not Applicable,NH,Bitumen(Tar),Not Applicable,Not Applicable,Fine,NH-4,PILLER NO 90,31FEET,13.04532004,77.50692247,0,0,0.0,0.0
Bengaluru City,Peenya Traffic PS,1.04432e+16,2017,1,2,Road Accidents,Narrow road,City/Town,Open area,Human Error,Yes,Simple Injury,Others,Not Applicable,Not Applicable,City or Town Road,Bitumen(Tar),Not Applicable,Not Applicable,Fine,PEENYA 2ND STGE,TREE,15FEET,0.0,0.0,0,0,0.0,0.0
Bengaluru City,Peenya Traffic PS,1.04432e+16,2017,1,2,Road Accidents,Narrow road,City/Town,Open area,Human Error,No,Damage Only,Rear end,Not Applicable,Not Applicable,NH,Bitumen(Tar),Not Applicable,Not Applicable,Fine,NH-4,ELECTRIC POLE,25FEET,13.04216062,77.51466047,0,0,0.0,0.0
Bengaluru City,Peenya Traffic PS,1.04432e+16,2017,1,1,Not Applicable,Narrow road,City/Town,Open area,Human Error,Yes,Grievous Injury,Hit and Run,Controlled,Straight and flat,City or Town Road,Bitumen(Tar),Dry,No influence on accident,Fine,INFRONT OF KAPIL VAINS RAJAGOPAL NAGAR MAIN ROAD,MAHADEV ELECTRICS,30,13.0188488,77.51547047,0,0,0.0,0.0
Bengaluru City,Peenya Traffic PS,1.04432e+16,2017,1,2,Road Accidents,Junction,City/Town,Near Petrol Pump,Human Error,No,Damage Only,Right Turn Collision,Signal lights Automatic,Others,City or Town Road,Bitumen(Tar),Not Applicable,Not Applicable,Fine,N H 4,CENTRE MEADIAN,15FEET,13.04530645,77.50725623,0,0,0.0,0.0
Bengaluru City,Peenya Traffic PS,1.04432e+16,2017,1,2,Road Accidents,Not Applicable,City/Town,Near a factory industrial area,Human Error,No,Grievous Injury,Rear end,Not Applicable,Not Applicable,City or Town Road,Bitumen(Tar),Not Applicable,Not Applicable,Fine,VIJAY ROLLING MILL ROAD,ELECTRIC POLE,30,0.0,0.0,0,0,0.0,0.0
Bengaluru City,Peenya Traffic PS,1.04432e+16,2017,1,1,Road Accidents,Not Applicable,City/Town,Residential area,Human Error,Yes,Grievous Injury,Hit pedestrian,Not Applicable,Not Applicable,City or Town Road,Bitumen(Tar),Not Applicable,Not Applicable,Fine,RAJAGOPLANAGAR,TREE,15FEET,13.01399272,77.51023962,0,0,0.0,0.0
Bengaluru City,Peenya Traffic PS,1.04432e+16,2017,1,2,Road Accidents,Not Applicable,City/Town,Open area,Human Error,No,Grievous Injury,Rear end,Not Applicable,Not Applicable,NH,Bitumen(Tar),Not Applicable,Not Applicable,Fine,NH-4 SERVICE ROAD,TREE,26FEET,0.0,0.0,0,0,0.0,0.0
Bengaluru City,Peenya Traffic PS,1.04432e+16,2017,1,2,Road Accidents,Bridge,City/Town,Narrow bridge or culverts,Human Error,No,Grievous Injury,Others,Uncontrolled,Others,NH,Bitumen(Tar),Dry,Not Applicable,Fine,NH-4 TUMAKUR ROAD FLY OVER,ELECTRICAL POLE,28FEET,13.04786512,77.49992261,0,0,0.0,0.0
Bengaluru City,Peenya Traffic PS,1.04432e+16,2017,1,1,Not Applicable,Narrow road,City/Town,Open area,Human Error,Yes,Grievous Injury,Hit pedestrian,Controlled,Straight and flat,City or Town Road,Bitumen(Tar),Dry,No influence on accident,Fine,NEAR GLATO PATIL TRASPORT,NEAR GLATO PATIL TRASPORT,56FEET,13.04754592,77.50091246,0,0,0.0,0.0
Bengaluru City,Peenya Traffic PS,1.04432e+16,2017,1,1,Road Accidents,Other,City/Town,Near Petrol Pump,Human Error,No,Simple Injury,Hit pedestrian,Not Applicable,Others,Two way,Bitumen(Tar),Dry,Not Applicable,Fine,S M ROAD NEAR KRISHNA CHANDRA KALYAN MANTAPA,ELECTRICAL POLE,26FEET,13.04196314,77.51965973,0,0,0.0,0.0
Bengaluru City,Peenya Traffic PS,1.04432e+16,2017,1,2,Road Accidents,Junction,City/Town,Residential area,Human Error,No,Fatal,Others,No signal lights,Curve,Residential Street,Bitumen(Tar),Dry,Not Applicable,Fine,PEENYA INDUSRTIAL AREA 4TH MAIN ROAD,ELECTRIC POLE,15FEET,13.02533821,77.51525689,0,0,0.0,0.0
Bengaluru City,Peenya Traffic PS,1.04432e+16,2017,1,2,Road Accidents,Curves,City/Town,Open area,Human Error,No,Simple Injury,Others,Not Applicable,Others,Two way,Bitumen(Tar),Dry,Not Applicable,Fine,"NEAR SHRI RAM BEKARI, BEHIND S M REPRIJARATION ANDRAHALLI MAIN ROAD",ELECTRICAL POLE,20FEET,0.0,0.0,0,0,0.0,0.0
Bengaluru City,Peenya Traffic PS,1.04432e+16,2017,1,2,Road Accidents,Narrow road,City/Town,Open area,Human Error,Yes,Grievous Injury,Hit and Run,Not at  Junction,Straight and flat,Feeder Road,Bitumen(Tar),Not Applicable,No influence on accident,Fine,HESARAGHATTA MAIN ROAD,ANUGRAHA GARDENIA,55FEET,0.0,0.0,0,0,0.0,0.0
Bengaluru City,Peenya Traffic PS,1.04432e+16,2017,1,2,Road Accidents,Narrow road,City/Town,Narrow bridge or culverts,Human Error,Not Applicable,Damage Only,Others,Give way sign,Not Applicable,NH,Bitumen(Tar),Not Applicable,Not Applicable,Fine,NH-4 FLY OVER,ELECTRIC POLE,31FEET,0.0,0.0,0,0,0.0,0.0
Bengaluru City,Peenya Traffic PS,1.04432e+16,2017,1,1,Road Accidents,Junction,City/Town,Open area,Human Error,Yes,Grievous Injury,Hit pedestrian,Uncontrolled,Others,City or Town Road,Bitumen(Tar),Not Applicable,Not Applicable,Fine,"1st MAIN VINAYAKA NAGARA, CHOKKASANDRA WARD",TREE,10FEET,13.04799984,77.49750771,0,0,0.0,0.0
Bengaluru City,Peenya Traffic PS,1.04432e+16,2017,1,2,Road Accidents,Junction,City/Town,Open area,Human Error,No,Grievous Injury,Not Applicable,Signal lights Automatic,Others,NH,Bitumen(Tar),Not Applicable,No influence on accident,Not Applicable,NH-4,PILLER NO 11,25FEET,13.03464781,77.52962944,0,0,0.0,0.0
Bengaluru City,Peenya Traffic PS,1.04432e+16,2017,1,1,Road Accidents,Narrow road,City/Town,Near Hospital,Human Error,Yes,Grievous Injury,Hit pedestrian,Not Applicable,Not Applicable,NH,Bitumen(Tar),Not Applicable,Not Applicable,Not Applicable,NH-4 SERVICE ROAD,ELECTRIC POLE,25FEET,13.04217329,77.51575346,0,0,0.0,0.0
Bengaluru City,Peenya Traffic PS,1.04432e+16,2017,1,1,Road Accidents,Narrow road,City/Town,Open area,Human Error,Yes,Simple Injury,Hit pedestrian,Not Applicable,Not Applicable,City or Town Road,Bitumen(Tar),Not Applicable,No influence on accident,Fine,PIA,ELECTRIC POLE,10FEET,0.0,0.0,0,0,0.0,0.0
Bengaluru City,Peenya Traffic PS,1.04432e+16,2017,1,1,Road Accidents,Narrow road,City/Town,Open area,Human Error,Not Applicable,Simple Injury,Hit pedestrian,Not Applicable,Not Applicable,City or Town Road,Bitumen(Tar),Not Applicable,Not Applicable,Fine,NH-4,PILLER NO 110,8FEET,13.04722882,77.50161807,0,0,0.0,0.0
Bengaluru City,Peenya Traffic PS,1.04432e+16,2017,1,2,Road Accidents,Narrow road,City/Town,Open area,Human Error,Yes,Grievous Injury,Hit and Run,Not at  Junction,Not Applicable,City or Town Road,Bitumen(Tar),Not Applicable,Not Applicable,Fine,BAGALUGUNTE MAIN ROAD,ELECTRIC POLE,18FEET,0.0,0.0,0,0,0.0,0.0
Bengaluru City,Peenya Traffic PS,1.04432e+16,2017,1,2,Road Accidents,Narrow road,City/Town,Near Bus stop,Human Error,Not Applicable,Grievous Injury,Rear end,Not Applicable,Not Applicable,City or Town Road,Bitumen(Tar),Not Applicable,Not Applicable,Fine,HESARGHATTA MAIN ROAD,ELECTRIC POLE,35FEET,13.05688954,77.50724994,0,0,0.0,0.0
Bengaluru City,Peenya Traffic PS,1.04432e+16,2017,1,1,Road Accidents,Junction,City/Town,At pedestrian Crossing,Human Error,No,Grievous Injury,Hit pedestrian,Uncontrolled,Not Applicable,City or Town Road,Bitumen(Tar),Not Applicable,Not Applicable,Fine,SRS ROAD,TREE,23FEET,13.03305126,77.52812429,0,0,0.0,0.0
Bengaluru City,Peenya Traffic PS,1.04432e+16,2017,1,2,Road Accidents,T Junction,City/Town,Near a factory industrial area,Human Error,Yes,Simple Injury,Head on,Uncontrolled,Not Applicable,City or Town Road,Bitumen(Tar),Not Applicable,Not Applicable,Fine,BMTC 9TH DEPO ROAD,TREE,29 FET,0.0,0.0,0,0,0.0,0.0
Bengaluru City,Peenya Traffic PS,1.04432e+16,2017,1,1,Road Accidents,Offset,City/Town,Open area,Human Error,Not Applicable,Damage Only,Skidding or Self accident,Not Applicable,Not Applicable,City or Town Road,Bitumen(Tar),Not Applicable,Not Applicable,Fine,N H 4 FLYOVER ROAD,CENTRE MEADIAN,10FEET,13.03442614,77.53005789,0,0,0.0,0.0
Bengaluru City,Peenya Traffic PS,1.04432e+16,2017,1,2,Road Accidents,Junction,City/Town,Near a factory industrial area,Human Error,No,Fatal,Others,Not Applicable,Not Applicable,City or Town Road,Bitumen(Tar),Dry,Not Applicable,Fine,MASTHAIAH LAYOUT GURU SHRI VIDYA KENDRA JUNCTION,KEB POLE,18FEET,13.03316654,77.49247554,0,0,0.0,0.0
Bengaluru City,Peenya Traffic PS,1.04432e+16,2017,1,1,Rail Road Accidents,Other,City/Town,Open area,Human Error,No,Grievous Injury,Hit pedestrian,Not Applicable,Others,City or Town Road,Bitumen(Tar),Dry,Not Applicable,Fine,NEW MASEEDI ROAD T DASARAHALLI,KEB  POLE,6 FEET,13.04233125,77.51471349,0,0,0.0,0.0
Bengaluru City,Peenya Traffic PS,1.04432e+16,2017,1,6,Road Accidents,Narrow road,City/Town,Residential area,Human Error,No,Simple Injury,Hit parked vehicle,Not Applicable,Others,Others,Bitumen(Tar),Dry,Not Applicable,Fine,NEAR RAVINDRA NAGAR MAIN ROAD,ELECTRIC POLE,55FEET,13.05035055,77.51668116,0,0,0.0,0.0
Bengaluru City,Peenya Traffic PS,1.04432e+16,2017,1,2,Road Accidents,Other,City/Town,Open area,Human Error,No,Fatal,Others,Not Applicable,Not Applicable,NH,Bitumen(Tar),Dry,Not Applicable,Fine,NH-4 BENGALORE TUMAKUR ROAD NEAR PEENYA P S JUNCTION,FLY OVER PILLER NO 34,31FEET,13.03787863,77.52190509,0,0,0.0,0.0
Bengaluru City,Peenya Traffic PS,1.04432e+16,2017,1,2,Road Accidents,Junction,City/Town,Near a factory industrial area,Human Error,Yes,Grievous Injury,Others,Uncontrolled,Not Applicable,City or Town Road,Bitumen(Tar),Not Applicable,Not Applicable,Fine,100FEET ROAD,ELECTRIC POLE,40FEET,0.0,0.0,0,0,0.0,0.0
Bengaluru City,Peenya Traffic PS,1.04432e+16,2017,1,2,Road Accidents,Narrow road,City/Town,Open area,Human Error,Yes,Grievous Injury,Others,Not Applicable,Straight and flat,NH,Bitumen(Tar),Not Applicable,No influence on accident,Fine,NH-4 SERVICE ROAD,ELECTRIC POLE,32FEET,13.04563704,77.50569499,0,0,0.0,0.0
Bengaluru City,Peenya Traffic PS,1.04432e+16,2017,1,1,Road Accidents,Narrow road,City/Town,Open area,Human Error,Not Applicable,Grievous Injury,Others,Not at  Junction,Not Applicable,Others,Bitumen(Tar),Not Applicable,Not Applicable,Not Applicable,HEGGANAHALLI MAIN ROAD,ELECTRIC POLE,43FEET,13.00390699,77.50454554,0,0,0.0,0.0
Bengaluru City,Peenya Traffic PS,1.04432e+16,2017,1,1,Road Accidents,Narrow road,City/Town,Near Bus stop,Human Error,Yes,Grievous Injury,Others,Not Applicable,Not Applicable,City or Town Road,Bitumen(Tar),Not Applicable,Not Applicable,Not Applicable,HEGGANAHALLI CROSS ROAD,ELECTRIC POLE,15FEET,13.00586693,77.50554755,0,0,0.0,0.0
Bengaluru City,Peenya Traffic PS,1.04432e+16,2017,1,2,Road Accidents,Curves,City/Town,Open area,Human Error,Yes,Simple Injury,Others,Not Applicable,Curve,City or Town Road,Bitumen(Tar),Not Applicable,Not Applicable,Fine,Thigalara palya main road,TREE,5FEET,0.0,0.0,0,0,0.0,0.0
Bengaluru City,Peenya Traffic PS,1.04432e+16,2017,1,2,Road Accidents,Narrow road,City/Town,Open area,Human Error,Yes,Damage Only,Others,Not Applicable,Not Applicable,Expressway,Bitumen(Tar),Not Applicable,Not Applicable,Fine,NH-4 FLY OVER,HIGH MUST LIGHT,40FEET,13.04933475,77.49514183,0,0,0.0,0.0
Bengaluru City,Peenya Traffic PS,1.04432e+16,2017,1,1,Road Accidents,Narrow road,City/Town,Near Bus stop,Human Error,Not Applicable,Grievous Injury,Hit pedestrian,Not Applicable,Straight and flat,NH,Bitumen(Tar),Not Applicable,Not Applicable,Fine,NH-4,PILLER NO 71,46FEET,0.0,0.0,0,0,0.0,0.0
Bengaluru City,Peenya Traffic PS,1.04432e+16,2017,1,2,Road Accidents,Junction,City/Town,Open area,Human Error,No,Fatal,Side impact or Right angle,Signal lights Automatic,Not Applicable,NH,Bitumen(Tar),Not Applicable,No influence on accident,Others,NH-4,GREEN PARK RESTURANT,15FEET,13.04588574,77.50699479,0,0,0.0,0.0
Bengaluru City,Peenya Traffic PS,1.04432e+16,2017,1,2,Road Accidents,Junction,City/Town,Open area,Human Error,Not Applicable,Grievous Injury,Head on,Signal lights Automatic,Not Applicable,NH,Bitumen(Tar),Not Applicable,Not Applicable,Fine,NH-4,PILLER NO 36,45FEET,13.03782719,77.52235042,0,0,0.0,0.0
Bengaluru City,Peenya Traffic PS,1.04432e+16,2017,1,1,Road Accidents,Junction,City/Town,Near Bus stop,Human Error,Not Applicable,Simple Injury,Skidding or Self accident,Uncontrolled,Not Applicable,City or Town Road,Bitumen(Tar),Not Applicable,Not Applicable,Fine,HESARAGHATTA MAIN ROAD,ELECTRIC POLE,31FEET,0.0,0.0,0,0,0.0,0.0
Bengaluru City,Peenya Traffic PS,1.04432e+16,2017,1,2,Road Accidents,Narrow road,City/Town,Open area,Human Error,Yes,Simple Injury,Others,Not Applicable,Not Applicable,City or Town Road,Bitumen(Tar),Not Applicable,Not Applicable,Fine,HESARAGHATTA MAIN ROAD,ELECTRIC POLE,30FEET,13.063507,77.50528504,0,0,0.0,0.0
Bengaluru City,Peenya Traffic PS,1.04432e+16,2017,1,2,Road Accidents,Not Applicable,City/Town,Near a factory industrial area,Human Error,No,Fatal,Rear end,Not Applicable,Not Applicable,City or Town Road,Bitumen(Tar),Not Applicable,Not Applicable,Fine,11TH CROSS ROAD PEENYA INDUSTRIAL,KEB  POLE,31FEET,13.01890177,77.51266059,0,0,0.0,0.0
Bengaluru City,Peenya Traffic PS,1.04432e+16,2017,1,1,Road Accidents,Not Applicable,City/Town,At pedestrian Crossing,Human Error,No,Grievous Injury,Hit pedestrian,Not Applicable,Others,Residential Street,Bitumen(Tar),Dry,Not Applicable,Fine,"PEENYA RING ROAD, NEAR VENKATESHWARA PETROL BUNK",KEB POLL,20FEET,0.0,0.0,0,0,0.0,0.0