DISTRICTNAME,UNITNAME,Crime_No,Year,RI,Noofvehicle_involved,Accident_Classification,Accident_Spot,Accident_Location,Accident_SubLocation,Main_Cause,Hit_Run,Severity,Collision_Type,Junction_Control,Road_Character,Road_Type,Surface_Type,Surface_Condition,Road_Condition,Weather,Accident_Road,Landmark_first,Distance_LandMark_First,Latitude,Longitude,Road_Condition_Score,Surface_Condition_Score,Surface_Type_Score,Road_Risk_Index
Bengaluru City,Peenya Traffic PS,1.04432e+16,2017,1,1,Road Accidents,T Junction,City/Town,Residential area,Human Error,No,Grievous Injury,Hit pedestrian,Not Applicable,Straight and flat,Residential Street,Bitumen(Tar),Not Applicable,No influence on accident,Fine,PIPELANE ROAD,VINAYAKA ENTERPRISES,18FT,0.0,0.0,0,0,0.0,0.0
Bengaluru City,Peenya Traffic PS,1.04432e+16,2017,1,1,Road Accidents,Narrow road,City/Town,Open area,Human Error,Not Applicable,Fatal,Hit pedestrian,Not Applicable,Not Applicable,City or Town Road,Bitumen(Tar),Not Applicable,Not Applicable,Fine,MEI LAYOUT MAIN ROAD,TREE,15FEET,0.0,0.0,0,0,0.0,0.0
Bengaluru City,Peenya Traffic PS,1.04432e+16,2017,1,2,Road Accidents,Narrow road,City/Town,Near a factory industrial area,Human Error,No,Simple Injury,Head on,Signal lights Automatic,Not Applicable,City or Town Road,Bitumen(Tar),Not Applicable,Not Applicable,Fine,ANDRAHALLI MAIN ROAD,ELECTRIC POLE,10,0.0,0.0,0,0,0.0,0.0
Bengaluru City,Peenya Traffic PS,1.04432e+16,2017,1,2,Not Applicable,Narrow road,City/Town,Open area,Human Error,No,Simple Injury,Head on,Not at  Junction,Curve,City or Town Road,Bitumen(Tar),Dry,No influence on accident,Fine,LIBER FACTORY NEAR NTTF PIA,PARIJATHA HOTEL,10FEET,13.02238474,77.5121787,0,0,0.0,0.0
Bengaluru City,Peenya Traffic PS,1.04432e+16,2017,1,2,Road Accidents,Narrow road,City/Town,Open area,Human Error,Yes,Grievous Injury,Others,Not Applicable,Not Applicable,Two way,Bitumen(Tar),Not Applicable,Not Applicable,Fine,ANDARHALLI MAIN ROAD,ELECTRIC POLE,18FEET,13.00920273,77.49788804,0,0,0.0,0.0
Bengaluru City,Peenya Traffic PS,1.04432e+16,2017,1,2,Road Accidents,Narrow road,City/Town,Open area,Human Error,Not Applicable,Damage Only,Head on,Not Applicable,Not Applicable,City or Town Road,Bitumen(Tar),Not Applicable,Not Applicable,Fine,CHOKKASANDRA CROSS ROAD,HANUMATHAPPA FACTORY,10FEET,13.03914091,77.51801019,0,0,0.0,0.0
Bengaluru City,Peenya Traffic PS,1.04432e+16,2017,1,1,Road Accidents,Narrow road,City/Town,At pedestrian Crossing,Human Error,No,Simple Injury,Hit pedestrian,Not at  Junction,Straight and flat,NH,Bitumen(Tar),Not Applicable,No influence on accident,Fine,NH-4,T DASARAHALLI METRO STATION,60feet,13.04298743,77.51287377,0,0,0.0,0.0
Bengaluru City,Peenya Traffic PS,1.04432e+16,2017,1,2,Not Applicable,Narrow road,City/Town,Open area,Human Error,Yes,Grievous Injury,Side swipe,Uncontrolled,Not Applicable,City or Town Road,Bitumen(Tar),Not Applicable,Not Applicable,Not Applicable,HEGGENAHALLI MAIN ROAD,ANUSHA TRADERS,28FEET,0.0,0.0,0,0,0.0,0.0
Bengaluru City,Peenya Traffic PS,1.04432e+16,2017,1,2,Road Accidents,Not Applicable,City/Town,Open area,Human Error,Yes,Fatal,Hit pedestrian,Not Applicable,Not Applicable,City or Town Road,Bitumen(Tar),Not Applicable,Not Applicable,Not Applicable,14th cross peenya industrial area,TREE,68,13.01863255,77.50171631,0,0,0.0,0.0
Bengaluru City,Peenya Traffic PS,1.04432e+16,2017,1,1,Road Accidents,Other,City/Town,Residential area,Human Error,No,Grievous Injury,Hit pedestrian,Not at  Junction,Others,City or Town Road,Bitumen(Tar),Dry,Not Applicable,Fine,15 TH CROSS MEI LAYOUT,ELECTRICAL POLE,5FEET,13.060694,77.50124767,0,0,0.0,0.0
Bengaluru City,Peenya Traffic PS,1.04432e+16,2017,1,5,Road Accidents,Bridge,City/Town,Open area,Human Error,No,Simple Injury,Overturning,Uncontrolled,Others,NH,Bitumen(Tar),Dry,Not Applicable,Fine,NH 4 PEENYA FLY OVER NEAR PAI SHOW ROOM,ELECTRICAL POLE,20FEET,13.04007003,77.51833965,0,0,0.0,0.0
Bengaluru City,Peenya Traffic PS,1.04432e+16,2017,1,2,Road Accidents,Narrow road,City/Town,Open area,Human Error,No,Damage Only,Rear end,Not Applicable,Not Applicable,NH,Bitumen(Tar),Not Applicable,No influence on accident,Fine,NH-4,METRO PILLER NO 543,30FEET,0.0,0.0,0,0,0.0,0.0
Bengaluru City,Peenya Traffic PS,1.04432e+16,2017,1,2,Road Accidents,Other,City/Town,Near a religious place,Human Error,No,Simple Injury,Others,Not Applicable,Others,City or Town Road,Bitumen(Tar),Dry,Not Applicable,Fine,G K W LAYOUT NEAR SITHARAMANJENEYA TEMPLE,ELECTRICAL POLE,30FEET,0.0,0.0,0,0,0.0,0.0
Bengaluru City,Peenya Traffic PS,1.04432e+16,2017,1,1,Road Accidents,Narrow road,Not Applicable,At pedestrian Crossing,Human Error,Yes,Simple Injury,Hit pedestrian,No signal lights,Others,Others,Bitumen(Tar),Dry,Not Applicable,Fine,"#715, PIPELINE ROAD T DASARAHALLI",TREE,8FEET,0.0,0.0,0,0,0.0,0.0
Bengaluru City,Peenya Traffic PS,1.04432e+16,2017,1,1,Road Accidents,Curves,City/Town,Residential area,Human Error,Not Applicable,Grievous Injury,Others,Not Applicable,Not Applicable,City or Town Road,Bitumen(Tar),Not Applicable,Not Applicable,Fine,RAJINI FARAM ROAD,ELECTRIC POLE,20FEET,0.0,0.0,0,0,0.0,0.0
Bengaluru City,Peenya Traffic PS,1.04432e+16,2017,1,2,Road Accidents,Junction,City/Town,Residential area,Human Error,Not Applicable,Grievous Injury,Others,Not at  Junction,Not Applicable,Residential Street,Bitumen(Tar),Not Applicable,Not Applicable,Not Applicable,NADUKERAPPA ROAD,VEERABADRAPPA CONDIMENTS,10FEET,13.00348574,77.50260066,0,0,0.0,0.0
Bengaluru City,Peenya Traffic PS,1.04432e+16,2017,1,1,Road Accidents,Narrow road,City/Town,Open area,Human Error,Yes,Grievous Injury,Hit pedestrian,Not Applicable,Not Applicable,NH,Bitumen(Tar),Not Applicable,Not Applicable,Fine,NH-4,ELECTRIC POLE,32FEET,13.04786557,77.4991702,0,0,0.0,0.0
Bengaluru City,Peenya Traffic PS,1.04432e+16,2017,1,2,Not Applicable,Narrow road,City/Town,Open area,Vehicle Defect,Not Applicable,Damage Only,Head on,Signal lights Automatic,Straight and flat,City or Town Road,Bitumen(Tar),Dry,Not Applicable,Fine,T DASARAHALLI FLY OVER,T DASARAHALLI METRO STATION,44FEET,13.04305078,77.51258161,0,0,0.0,0.0
Bengaluru City,Peenya Traffic PS,1.04432e+16,2017,1,1,Road Accidents,Narrow road,City/Town,At pedestrian Crossing,Human Error,No,Grievous Injury,Hit pedestrian,Not at  Junction,Straight and flat,NH,Bitumen(Tar),Not Applicable,No influence on accident,Fine,NH-4,PEENYA FLY OVER PILLER NO 20,30FEET,13.03615983,77.52545675,0,0,0.0,0.0
Bengaluru City,Peenya Traffic PS,1.04432e+16,2017,1,2,Road Accidents,Not Applicable,City/Town,Near a factory industrial area,Human Error,Yes,Grievous Injury,Head on,Not Applicable,Not Applicable,City or Town Road,Bitumen(Tar),Not Applicable,Not Applicable,Fine,ABB FACTORY ROAD,ELECTRICAL POLE,55Feet,13.01918915,77.51398682,0,0,0.0,0.0
Bengaluru City,Peenya Traffic PS,1.04432e+16,2017,1,2,Road Accidents,Junction,City/Town,Open area,Human Error,Not Applicable,Damage Only,Rear end,Uncontrolled,Straight and flat,City or Town Road,Bitumen(Tar),Not Applicable,Not Applicable,Not Applicable,PEENYA INDUTRIAL AREA PEENYA 2ND STAGE,TREE,28FT,13.01648123,77.50556718,0,0,0.0,0.0
Bengaluru City,Peenya Traffic PS,1.04432e+16,2017,1,2,Not Applicable,Junction,City/Town,Open area,Human Error,No,Simple Injury,Head on,Controlled,Straight and flat,City or Town Road,Bitumen(Tar),Dry,No influence on accident,Fine,TRAFFIC SIGNAL POL NEAR SRS SIGNAL,TRAFFIC SIGNAL POL NEAR SRS SIGNAL,10FEET,0.0,0.0,0,0,0.0,0.0
Bengaluru City,Peenya Traffic PS,1.04432e+16,2017,1,2,Road Accidents,Junction,City/Town,At pedestrian Crossing,Human Error,No,Grievous Injury,Hit pedestrian,Controlled,Not Applicable,NH,Bitumen(Tar),Dry,Not Applicable,Fine,"NH-4 TUMAKUR ROAD, S M JUNCTION",METRO PILLER,80FEET,13.04007003,77.51833965,0,0,0.0,0.0
Bengaluru City,Peenya Traffic PS,1.04432e+16,2017,1,2,Road Accidents,Junction,City/Town,Near a factory industrial area,Human Error,Not Applicable,Simple Injury,Right Turn Collision,No signal lights,Straight and flat,City or Town Road,Bitumen(Tar),Dry,No influence on accident,Fine,Peenya Industrial Area 4th Main,Gem Paints,2 km,0.0,0.0,0,0,0.0,0.0
Bengaluru City,Peenya Traffic PS,1.04432e+16,2017,1,2,Road Accidents,Other,City/Town,Open area,Human Error,Yes,Simple Injury,Others,Not at  Junction,Others,Two way,Bitumen(Tar),Dry,Not Applicable,Fine,"NEAR 2 ND CROSS, GRUHALKSHMI LAYOUT",TREE,8FEET,0.0,0.0,0,0,0.0,0.0
Bengaluru City,Peenya Traffic PS,1.04432e+16,2018,1,2,Road Accidents,Other,City/Town,Open area,Human Error,No,Simple Injury,Not Applicable,Not Applicable,Others,Others,Bitumen(Tar),Dry,Not Applicable,Fine,"HMT LAYOUT, 1 ST MAIN ROAD, 8 TH CROSS ROAD JUNCTION",TREE,10FEET,13.03708116,77.50168552,0,0,0.0,0.0
Bengaluru City,Peenya Traffic PS,1.04432e+16,2018,1,1,Road Accidents,Narrow road,City/Town,Open area,Human Error,Yes,Grievous Injury,Hit pedestrian,Not Applicable,Not Applicable,City or Town Road,Bitumen(Tar),Not Applicable,Not Applicable,Fine,MANJUNATH NAGARA MAIN ROAD,ELECTRIC POLE,25FEET,0.0,0.0,0,0,0.0,0.0
Bengaluru City,Peenya Traffic PS,1.04432e+16,2018,1,2,Road Accidents,Narrow road,City/Town,Near Hospital,Human Error,Yes,Grievous Injury,Rear end,Not Applicable,Not Applicable,NH,Bitumen(Tar),Not Applicable,Not Applicable,Fine,NH-4,PILLER NO 58,38feet,0.0,0.0,0,0,0.0,0.0
Bengaluru City,Peenya Traffic PS,1.04432e+16,2018,1,1,Road Accidents,Other,City/Town,At pedestrian Crossing,Human Error,No,Simple Injury,Hit pedestrian,Uncontrolled,Others,NH,Bitumen(Tar),Dry,Not Applicable,Fine,NH-4 BANGALORE TUMAKUR ROAD NEAR T DASARAHALLI METRO STATION,SIGNAL LIGHT POLE,29FEET,13.04043014,77.50717415,0,0,0.0,0.0
Bengaluru City,Peenya Traffic PS,1.04432e+16,2018,1,2,Road Accidents,Other,City/Town,Open area,Human Error,No,Not Applicable,Overturning,Give way sign,Not Applicable,NH,Bitumen(Tar),Dry,Not Applicable,Fine,NH-4 TUMAKUR BENGALURU ROAD NEAR CHOKKASANDRA SIGNAL JUNCTION,FLY OVER PILLOR,8FEET,13.04260595,77.51386875,0,0,0.0,0.0
Bengaluru City,Peenya Traffic PS,1.04432e+16,2018,1,2,Road Accidents,Bridge,City/Town,Open area,Human Error,No,Fatal,Rear end,Uncontrolled,Others,NH,Bitumen(Tar),Dry,Not Applicable,Fine,NH-4 TUMAKUR ROAD FLY OVER ROAD NEAR PEENYA METRO STATION,ELECTRIC POLE,10FEET,13.04285507,77.51299509,0,0,0.0,0.0
Bengaluru City,Peenya Traffic PS,1.04432e+16,2018,1,2,Road Accidents,Circle,City/Town,Near Bus stop,Human Error,No,Fatal,Rear end,Controlled,Straight and flat,NH,Bitumen(Tar),Dry,Not Applicable,Fine,NH-4 BENGALURU TUMAKUR ROAD NEAR PEENYA POLICE STATION JUNCTION,MERTO PILLER,32FEET,13.0380541,77.52192105,0,0,0.0,0.0
Bengaluru City,Peenya Traffic PS,1.04432e+16,2018,1,2,Road Accidents,Bridge,City/Town,Narrow bridge or culverts,Human Error,Not Applicable,Grievous Injury,Rear end,Give way sign,Not Applicable,Expressway,Bitumen(Tar),Not Applicable,Not Applicable,Fine,"NH-4, FLY OVER",ELECTRIC POLE,15FEET,0.0,0.0,0,0,0.0,0.0
Bengaluru City,Peenya Traffic PS,1.04432e+16,2018,1,1,Road Accidents,Narrow road,City/Town,Open area,Human Error,Yes,Grievous Injury,Hit pedestrian,Not Applicable,Not Applicable,NH,Bitumen(Tar),Not Applicable,Not Applicable,Fine,NH-4,PILLER NO 93,40feet,13.04541328,77.50717415,0,0,0.0,0.0
Bengaluru City,Peenya Traffic PS,1.04432e+16,2018,1,2,Road Accidents,Circle,City/Town,Near Bus stop,Human Error,No,Simple Injury,Others,Controlled,Others,NH,Bitumen(Tar),Dry,Not Applicable,Fine,"NH-4 TUMAKUR BANGALORE ROAD, NEAR SRS SIGNAL JUNCTION",MERTO PILLER,15FEET,13.03472685,77.5296472,0,0,0.0,0.0
Bengaluru City,Peenya Traffic PS,1.04432e+16,2018,1,2,Road Accidents,Other,City/Town,Residential area,Human Error,No,Simple Injury,Head on,Not at  Junction,Hump,Two way,Bitumen(Tar),Dry,Not Applicable,Fine,PIPE LINE ROAD NEAR AYAPPA CHOUTRI,ELECTRICAL POLE,18FEET,0.0,0.0,0,0,0.0,0.0
Bengaluru City,Peenya Traffic PS,1.04432e+16,2018,1,1,Not Applicable,Narrow road,City/Town,Open area,Human Error,Yes,Simple Injury,Hit pedestrian,Controlled,Straight and flat,City or Town Road,Bitumen(Tar),Dry,No influence on accident,Fine,SURYA WATER SERVICE,SURYA WATER SERVICE,60FEET,0.0,0.0,0,0,0.0,0.0
Bengaluru City,Peenya Traffic PS,1.04432e+16,2018,1,2,Road Accidents,Bridge,City/Town,Narrow bridge or culverts,Human Error,No,Simple Injury,Others,Uncontrolled,Others,NH,Bitumen(Tar),Dry,Not Applicable,Fine,NH-4 PEENYA FLY OVER ROAD,ELECTRICAL POLE,22FEET,13.04249374,77.51422615,0,0,0.0,0.0
Bengaluru City,Peenya Traffic PS,1.04432e+16,2018,1,1,Not Applicable,Other,City/Town,Open area,Human Error,No,Grievous Injury,Hit pedestrian,Uncontrolled,Not Applicable,Residential Street,Bitumen(Tar),Dry,Not Applicable,Fine,NH-4 TUMAKUR ROAD NEAR S R S JUNCTION,MERTO PILLER,20FEET,13.0347626,77.52964567,0,0,0.0,0.0
Bengaluru City,Peenya Traffic PS,1.04432e+16,2018,1,2,Road Accidents,Other,City/Town,Near a factory industrial area,Human Error,No,Simple Injury,Rear end,Uncontrolled,Others,NH,Bitumen(Tar),Dry,Not Applicable,Fine,NH-4 TUMAKUR BENGALURU ROAD NEAR PEENYA METRO STATION,METRO PILLOR32,26FEET,13.0368923,77.52443658,0,0,0.0,0.0
Bengaluru City,Peenya Traffic PS,1.04432e+16,2018,1,1,Road Accidents,Circle,City/Town,Open area,Human Error,No,Grievous Injury,Others,Uncontrolled,Others,Residential Street,Bitumen(Tar),Dry,Not Applicable,Fine,T DASARAHALLI 1 ST MAIN ROAD,ELECTRICAL POLE,25FEET,13.04543155,77.5136492,0,0,0.0,0.0
Bengaluru City,Peenya Traffic PS,1.04432e+16,2018,1,1,Road Accidents,Other,City/Town,At pedestrian Crossing,Human Error,No,Grievous Injury,Others,Uncontrolled,Others,Residential Street,Bitumen(Tar),Dry,Not Applicable,Fine,EDGE OF ROAD,EDGE OF ROAD,25FEET,13.03708116,77.50168612,0,0,0.0,0.0
Bengaluru City,Peenya Traffic PS,1.04432e+16,2018,1,2,Road Accidents,Other,City/Town,Open area,Human Error,No,Grievous Injury,Others,Uncontrolled,Others,Residential Street,Bitumen(Tar),Dry,Not Applicable,Fine,SHETTIHALLI MAIN ROAD NEAR SHETTIHALLI RAILWAY GATE,ELECTRICAL POLE,20FEET,13.06750685,77.51584304,0,0,0.0,0.0
Bengaluru City,Peenya Traffic PS,1.04432e+16,2018,1,2,Road Accidents,Narrow road,City/Town,Open area,Human Error,Yes,Simple Injury,Hit and Run,Not Applicable,Others,City or Town Road,Bitumen(Tar),Dry,No influence on accident,Fine,Pipeline R0ad T Dasaralally,AYYAPPATEMPLE CHOWTRY,20FEET,13.0437368,77.52525359,0,0,0.0,0.0
Bengaluru City,Peenya Traffic PS,1.04432e+16,2018,1,2,Road Accidents,Other,City/Town,Near Hospital,Human Error,No,Simple Injury,Others,Controlled,Not Applicable,Residential Street,Bitumen(Tar),Dry,Not Applicable,Fine,"HESARAGHATTA MAIN ROAD, NEAR SHABARI MOTORS",ELECTRIC POLE,50FEET,0.0,0.0,0,0,0.0,0.0
Bengaluru City,Peenya Traffic PS,1.04432e+16,2018,1,1,Road Accidents,Cross roads,City/Town,Open area,Human Error,No,Grievous Injury,Others,Uncontrolled,Others,Residential Street,Bitumen(Tar),Dry,Not Applicable,Fine,"VIJAYASHREE LAYOUT, 3 RD CROSS ROAD",ELECTRICAL POLE,18FEET,13.05693081,77.50151017,0,0,0.0,0.0
Bengaluru City,Peenya Traffic PS,1.04432e+16,2018,1,2,Road Accidents,Circle,City/Town,Open area,Human Error,Yes,Fatal,Hit and Run,Controlled,Straight and flat,City or Town Road,Bitumen(Tar),Dry,No influence on accident,Fine,HMT LAYOUT PARK ROAD,HMT LAYOUT PARK ROAD,20FEET,13.03979213,77.50254223,0,0,0.0,0.0
Bengaluru City,Peenya Traffic PS,1.04432e+16,2018,1,2,Road Accidents,Junction,Not Applicable,Near Petrol Pump,Human Error,No,Not Applicable,Others,Controlled,Curve,Service Road,Bitumen(Tar),Dry,Not Applicable,Fine,PEENYA NH-4 SERVICE ROAD NEAR 8 TH MILE JUNCTION,ELECTRICAL POLE,28FEET,13.04543,77.50726175,0,0,0.0,0.0
Bengaluru City,Peenya Traffic PS,1.04432e+16,2018,1,1,Road Accidents,Narrow road,City/Town,Open area,Human Error,Not Applicable,Fatal,Hit pedestrian,Not Applicable,Not Applicable,City or Town Road,Bitumen(Tar),Not Applicable,Not Applicable,Fine,HESARGHATA MAIN ROAD,ELECTRIC POLE,27FEET,13.0165183,77.50557793,0,0,0.0,0.0
Bengaluru City,Peenya Traffic PS,1.04432e+16,2018,1,1,Road Accidents,Other,City/Town,At pedestrian Crossing,Human Error,No,Simple Injury,Hit pedestrian,Not Applicable,Others,NH,Bitumen(Tar),Dry,Not Applicable,Fine,NH-4 TUMAKUR BANGALORE ROAD OPP T DASARAHALLI METRO STATION,TRAFFIC SINGAL POLE,10FEET,13.04328519,77.51209222,0,0,0.0,0.0
Bengaluru City,Peenya Traffic PS,1.04432e+16,2018,1,3,Road Accidents,Bridge,City/Town,Narrow bridge or culverts,Human Error,Not Applicable,Damage Only,Rear end,Not Applicable,Not Applicable,Expressway,Bitumen(Tar),Not Applicable,Not Applicable,Fine,"NH-4, FLY OVER",ELECTRIC POLE,25FEET,0.0,0.0,0,0,0.0,0.0
Bengaluru City,Peenya Traffic PS,1.04432e+16,2018,1,2,Road Accidents,Junction,City/Town,Near office complex,Human Error,No,Simple Injury,Not Applicable,Not Applicable,Others,Others,Bitumen(Tar),Dry,Not Applicable,Fine,"NEAR ABB FACTORY, CHOKKASANDRA JUNCTION",ELECTRICAL POLE,50FEET,13.03147882,77.51286015,0,0,0.0,0.0
Bengaluru City,Peenya Traffic PS,1.04432e+16,2018,1,2,Road Accidents,Not Applicable,City/Town,Open area,Human Error,No,Simple Injury,Others,Controlled,Others,One way,Bitumen(Tar),Dry,Not Applicable,Fine,NELAGADARANAHALLI MAIN ROAD NEAR KESAVA MOTORS,TREE,15FEET,13.03661282,77.50432331,0,0,0.0,0.0
Bengaluru City,Peenya Traffic PS,1.04432e+16,2018,1,1,Road Accidents,Other,City/Town,Residential area,Human Error,No,Grievous Injury,Hit pedestrian,Not at  Junction,Others,Residential Street,Bitumen(Tar),Dry,Not Applicable,Fine,"GANESH SHAMIL ROAD, T DASARAHALLI",TREE,32FEET,13.04517735,77.51457253,0,0,0.0,0.0
Bengaluru City,Peenya Traffic PS,1.04432e+16,2018,1,2,Road Accidents,Narrow road,City/Town,Open area,Human Error,Yes,Damage Only,Rear end,Not Applicable,Not Applicable,NH,Bitumen(Tar),Not Applicable,Not Applicable,Fine,NH-4,ELECTRIC POLE,80FEET,13.04950498,77.49455019,0,0,0.0,0.0
Bengaluru City,Peenya Traffic PS,1.04432e+16,2018,1,2,Road Accidents,Other,City/Town,Near Bus stop,Human Error,No,Grievous Injury,Others,Uncontrolled,Not Applicable,Others,Bitumen(Tar),Dry,Not Applicable,Fine,PIA 10 CROSS ROAD JUNCTION,ELECTRICAL POLE,15FEET,0.0,0.0,0,0,0.0,0.0
Bengaluru City,Peenya Traffic PS,1.04432e+16,2018,1,1,Road Accidents,Other,City/Town,Open area,Human Error,No,Grievous Injury,Others,Controlled,Others,One way,Bitumen(Tar),Dry,Not Applicable,Fine,HESARAGHATTA MAIN ROAD NEAR RELIANCE FRESH,ELECTRICAL POLE,35FEET,13.04978835,77.50765134,0,0,0.0,0.0
Bengaluru City,Peenya Traffic PS,1.04432e+16,2018,1,2,Road Accidents,Not Applicable,City/Town,Near School or College,Human Error,No,Grievous Injury,Others,Not at  Junction,Not Applicable,Residential Street,Bitumen(Tar),Dry,Not Applicable,Fine,NH-4 TUMAKUR BENGALURU OPP BANASHANKARI HOTEL,ELECTRICAL POLE,25FEET,13.04130551,77.51917996,0,0,0.0,0.0
Bengaluru City,Peenya Traffic PS,1.04432e+16,2018,1,2,Road Accidents,Not Applicable,City/Town,Residential area,Human Error,No,Grievous Injury,Others,Uncontrolled,Others,Residential Street,Bitumen(Tar),Dry,Not Applicable,Fine,PIA 5 TH MAIN ROAD,ELECTRICAL POLE,27FEET,0.0,0.0,0,0,0.0,0.0
Bengaluru City,Peenya Traffic PS,1.04432e+16,2018,1,1,Not Applicable,Narrow road,City/Town,Open area,Human Error,Yes,Simple Injury,Hit pedestrian,Not at  Junction,Straight and flat,City or Town Road,Bitumen(Tar),Dry,No influence on accident,Fine,BHUMIKA MACHINE TOOLS,BHUMIKA MACHINE TOOLS,20FEET,13.02051928,77.51492046,0,0,0.0,0.0
Bengaluru City,Peenya Traffic PS,1.04432e+16,2018,1,1,Road Accidents,Narrow road,City/Town,Near a factory industrial area,Human Error,No,Grievous Injury,Hit pedestrian,Not at  Junction,Others,Others,Bitumen(Tar),Not Applicable,No influence on accident,Fine,PIA 11TH CROSS ROAD,SHOURYA POLIMARS PVT LTD,12FT,0.0,0.0,0,0,0.0,0.0
Bengaluru City,Peenya Traffic PS,1.04432e+16,2018,1,1,Road Accidents,Other,City/Town,Open area,Human Error,No,Grievous Injury,Hit pedestrian,Uncontrolled,Others,Residential Street,Bitumen(Tar),Dry,Not Applicable,Fine,ANDRAHALLI MAIN ROAD NEAR G M ENTER PRESES,ELECTRIC POLE,10FEET,13.02819508,77.4962111,0,0,0.0,0.0
Bengaluru City,Peenya Traffic PS,1.04432e+16,2018,1,2,Road Accidents,Other,City/Town,Open area,Human Error,No,Grievous Injury,Others,Uncontrolled,Others,Residential Street,Bitumen(Tar),Dry,Not Applicable,Fine,RAJAGOPAL NAGAR MAIN ROAD NEAR YUKO BANK,ELECTRICAL POLE,40FEET,13.03460735,77.52213665,0,0,0.0,0.0
Bengaluru City,Peenya Traffic PS,1.04432e+16,2018,1,1,Road Accidents,Other,City/Town,At pedestrian Crossing,Human Error,Yes,Simple Injury,Hit and Run,Not Applicable,Straight and flat,NH,Bitumen(Tar),Dry,Not Applicable,Fine,NEAR DIPKM BUS STOP NH 4,METRO PILLER NO 110,20FEET,0.0,0.0,0,0,0.0,0.0
Bengaluru City,Peenya Traffic PS,1.04432e+16,2018,1,2,Rail Road Accidents,Narrow road,City/Town,Open area,Human Error,No,Simple Injury,Head on,Not at  Junction,Straight and flat,City or Town Road,Bitumen(Tar),Dry,No influence on accident,Fine,NEAR KSRTC BUS TERIMINAL BUS STOP,NEAR KSRTC BUS TERIMINAL BUS STOP,40feet,13.04365621,77.52538261,0,0,0.0,0.0
Bengaluru City,Peenya Traffic PS,1.04432e+16,2018,1,3,Road Accidents,Not Applicable,City/Town,Near a factory industrial area,Human Error,No,Simple Injury,Others,Controlled,Others,Two way,Bitumen(Tar),Dry,Not Applicable,Fine,S R S ROAD OPP N S MARKETING SHAP,ELECTRIC POLE,25FEET,13.03452659,77.52940711,0,0,0.0,0.0
Bengaluru City,Peenya Traffic PS,1.04432e+16,2018,1,2,Road Accidents,Junction,City/Town,Open area,Human Error,Not Applicable,Grievous Injury,Hit bicyclist,No signal lights,Not Applicable,City or Town Road,Bitumen(Tar),Not Applicable,Not Applicable,Fine,PIA,ELECTRIC POLE,28FT,13.0165183,77.50557793,0,0,0.0,0.0
Bengaluru City,Peenya Traffic PS,1.04432e+16,2018,1,3,Road Accidents,Other,City/Town,Open area,Human Error,No,Not Applicable,Rear end,Not Applicable,Sharp Curve,NH,Bitumen(Tar),Dry,Not Applicable,Fine,NH-4 TUMAKUR BANGALORE OPP KENNAMETAL WEDIA FACTORY,TREE,19FEET,13.04872909,77.49778644,0,0,0.0,0.0
Bengaluru City,Peenya Traffic PS,1.04432e+16,2018,1,1,Road Accidents,Other,City/Town,At pedestrian Crossing,Human Error,Yes,Simple Injury,Hit pedestrian,Not Applicable,Others,Residential Street,Bitumen(Tar),Dry,Not Applicable,Fine,"NELAGADARANAHALLI MAIN ROAD, NEAR SHIVAMMA HOTEL",ELECTRIC POLE,15FEET,0.0,0.0,0,0,0.0,0.0
Bengaluru City,Peenya Traffic PS,1.04432e+16,2018,1,1,Road Accidents,Not Applicable,City/Town,At pedestrian Crossing,Human Error,No,Simple Injury,Others,Uncontrolled,Others,NH,Bitumen(Tar),Dry,Not Applicable,Others,NH-4 PEENYA POLICE STATION SIGNAL,FLY OVER PILLER NO 36,30FEET,13.03788892,77.52234766,0,0,0.0,0.0
Bengaluru City,Peenya Traffic PS,1.04432e+16,2018,1,1,Road Accidents,Circle,City/Town,Near Hospital,Human Error,No,Simple Injury,Others,Uncontrolled,Others,City or Town Road,Bitumen(Tar),Dry,Not Applicable,Fine,HESARAGHATTA MAIN ROAD NEAR RAGHAVENDRA MEDICAL STORE,ELECTRICAL POLE,28FEET,13.04978835,77.50765134,0,0,0.0,0.0
Bengaluru City,Peenya Traffic PS,1.04432e+16,2018,1,1,Road Accidents,Other,City/Town,Open area,Human Error,No,Damage Only,Not Applicable,Not Applicable,Curve,Others,Bitumen(Tar),Dry,Not Applicable,Fine,SIDDEDAHALLI MAIN ROAD,ELECTRICAL POLE,62FEET,13.06378829,77.50499638,0,0,0.0,0.0
Bengaluru City,Peenya Traffic PS,1.04432e+16,2018,1,1,Road Accidents,Narrow road,City/Town,Residential area,Human Error,No,Simple Injury,Hit pedestrian,Not Applicable,Not Applicable,Residential Street,Bitumen(Tar),Not Applicable,No influence on accident,Fine,RAVINDRANAGARA MAIN ROAD,ELECTRIC POLE,20FEET,13.05159411,77.51721334,0,0,0.0,0.0
Bengaluru City,Peenya Traffic PS,1.04432e+16,2018,1,1,Road Accidents,Other,City/Town,At pedestrian Crossing,Human Error,No,Grievous Injury,Others,Uncontrolled,Others,Two way,Bitumen(Tar),Dry,Not Applicable,Fine,PIA POLICE STATION ROAD NEAR 6 TH CROSS JUNCTION,ELECTRICAL POLE,22FEET,13.0200954,77.5043233,0,0,0.0,0.0
Bengaluru City,Peenya Traffic PS,1.04432e+16,2018,1,1,Road Accidents,Narrow road,City/Town,Open area,Human Error,Yes,Grievous Injury,Hit pedestrian,Not Applicable,Not Applicable,City or Town Road,Bitumen(Tar),Not Applicable,Not Applicable,Fine,HESARAGHATTA MAIN ROAD,ELECTRIC POLE,50FEET,13.0109739,77.50124767,0,0,0.0,0.0