DISTRICTNAME,UNITNAME,Crime_No,Year,RI,Noofvehicle_involved,Accident_Classification,Accident_Spot,Accident_Location,Accident_SubLocation,Main_Cause,Hit_Run,Severity,Collision_Type,Junction_Control,Road_Character,Road_Type,Surface_Type,Surface_Condition,Road_Condition,Weather,Accident_Road,Landmark_first,Distance_LandMark_First,Latitude,Longitude,Road_Condition_Score,Surface_Condition_Score,Surface_Type_Score,Road_Risk_Index
Bengaluru City,Peenya Traffic PS,1.04432e+16,2018,1,3,Road Accidents,Other,City/Town,Open area,Human Error,No,Grievous Injury,Others,Not at  Junction,Others,Residential Street,Bitumen(Tar),Dry,Not Applicable,Fine,NH-4 FLY OVER ROAD NEAR JALAHALLI METRO STATION,ELECTRICAL POLE,20FEET,13.04285507,77.51299509,0,0,0.0,0.0
Bengaluru City,Peenya Traffic PS,1.04432e+16,2018,1,2,Road Accidents,Other,City/Town,Near Hospital,Human Error,No,Simple Injury,Not Applicable,Uncontrolled,Others,NH,Bitumen(Tar),Dry,Not Applicable,Fine,NH-4 SERVICE ROAD NEAR 8 TH MILE JUNCTION,MERTO PILLER,26FEET,13.04542764,77.5073854,0,0,0.0,0.0
Bengaluru City,Peenya Traffic PS,1.04432e+16,2018,1,2,Road Accidents,Other,City/Town,Open area,Human Error,No,Not Applicable,Rear end,Uncontrolled,Others,NH,Bitumen(Tar),Dry,Not Applicable,Fine,NH-4 FLY OVER ROAD NEAR 8 TH MILE JUNCTION,ROAD EDGE,11FEET,13.04640223,77.5039402,0,0,0.0,0.0
Bengaluru City,Peenya Traffic PS,1.04432e+16,2018,1,2,Road Accidents,Not Applicable,City/Town,Open area,Human Error,No,Grievous Injury,Rear end,Uncontrolled,Others,Residential Street,Bitumen(Tar),Dry,Not Applicable,Fine,PEENYA POLICE STATION ROAD NEAR PEENYA POLICE STATION,ELECTRICAL POLE,50FEET,13.03602242,77.52134218,0,0,0.0,0.0
Bengaluru City,Peenya Traffic PS,1.04432e+16,2018,1,1,Road Accidents,Cross roads,City/Town,Near a factory industrial area,Human Error,Yes,Fatal,Hit pedestrian,Not Applicable,Others,City or Town Road,Bitumen(Tar),Dry,Not Applicable,Fine,NELAGADARANAHALLI MAIN ROAD,ANU SOLAR COMPANY,30FEET,13.02420499,77.52394391,0,0,0.0,0.0
Bengaluru City,Peenya Traffic PS,1.04432e+16,2018,1,1,Road Accidents,Other,City/Town,Open area,Human Error,No,Grievous Injury,Others,Uncontrolled,Not Applicable,Residential Street,Bitumen(Tar),Dry,Not Applicable,Fine,HESARAGHATTA MAIN ROAD NEAR PAVITHRA BEKARY,ELECTRICAL POLE,15FEET,13.06025156,77.50690792,0,0,0.0,0.0
Bengaluru City,Peenya Traffic PS,1.04432e+16,2018,1,1,Road Accidents,Cross roads,City/Town,At pedestrian Crossing,Vehicle Defect,No,Simple Injury,Drowned,Controlled,Curve,City or Town Road,Bitumen(Tar),Dry,Not Applicable,Fine,NH 4 TUMAKUR BANGALORE ROAD NEAR T DASARAHALLI METRO STATION,METRO STATION JALAHALLI CROSS,30FEET,13.03624923,77.5252628,0,0,0.0,0.0
Bengaluru City,Peenya Traffic PS,1.04432e+16,2018,1,1,Road Accidents,Other,City/Town,At pedestrian Crossing,Human Error,No,Simple Injury,Hit pedestrian,Not at  Junction,Others,NH,Bitumen(Tar),Dry,Not Applicable,Fine,"NH-4 TUMKUR BANGALORE ROAD, NEAR T DASARAHALLI METRO STATION",ELECTRICAL POLE,14FEET,0.0,0.0,0,0,0.0,0.0
Bengaluru City,Peenya Traffic PS,1.04432e+16,2018,1,2,Road Accidents,Other,City/Town,Affected by encroachments,Human Error,No,Fatal,Not Applicable,Uncontrolled,Others,NH,Bitumen(Tar),Dry,Not Applicable,Fine,NH-4 TUMAKUR BANGALORE ROAD NEAR ROCK LINE MOLL,ELECTRICAL POLE,26FEET,13.04043014,77.51801479,0,0,0.0,0.0
Bengaluru City,Peenya Traffic PS,1.04432e+16,2018,1,1,Road Accidents,Cross roads,City/Town,Open area,Human Error,Not Applicable,Grievous Injury,Hit pedestrian,Not Applicable,Not Applicable,City or Town Road,Bitumen(Tar),Not Applicable,Not Applicable,Fine,7th cross RUKMININAGAR,BSNL POLE,52FEET,0.0,0.0,0,0,0.0,0.0
Bengaluru City,Peenya Traffic PS,1.04432e+16,2018,1,2,Road Accidents,T Junction,City/Town,Open area,Human Error,Not Applicable,Grievous Injury,Head on,Uncontrolled,Not Applicable,City or Town Road,Bitumen(Tar),Not Applicable,Not Applicable,Fine,NELAGADARANAHALLI MAIN ROAD,ELECTRIC POLE,10FEET,0.0,0.0,0,0,0.0,0.0
Bengaluru City,Peenya Traffic PS,1.04432e+16,2018,1,1,Road Accidents,Narrow road,City/Town,Open area,Human Error,Yes,Grievous Injury,Hit pedestrian,Not Applicable,Not Applicable,City or Town Road,Bitumen(Tar),Dry,Not Applicable,Fine,ANDHARAHALLI MAIN ROAD,ELECTRIC POLE,53FEET,13.01088285,77.50681297,0,0,0.0,0.0
Bengaluru City,Peenya Traffic PS,1.04432e+16,2018,1,2,Road Accidents,Narrow road,City/Town,Open area,Human Error,Yes,Fatal,Hit and Run,Not Applicable,Not Applicable,City or Town Road,Bitumen(Tar),Dry,Not Applicable,Fine,HESARAGHATTA MAIN ROAD,ELECTRIC POLE,54FEET,13.0167103,77.50374507,0,0,0.0,0.0
Bengaluru City,Peenya Traffic PS,1.04432e+16,2018,1,2,Road Accidents,Circle,Not Applicable,Open area,Human Error,No,Simple Injury,Others,No signal lights,Curve,Residential Street,Bitumen(Tar),Dry,Not Applicable,Fine,NELAGADARANAHALLI MAIN ROAD NEAR KOLKATA KIDS WEAR  AND SUPER BAJAR,ELECTRICAL POLE,20FEET,13.03451422,77.5179061,0,0,0.0,0.0
Bengaluru City,Peenya Traffic PS,1.04432e+16,2018,1,1,Road Accidents,Circle,City/Town,At pedestrian Crossing,Human Error,No,Grievous Injury,Hit pedestrian,No signal lights,Curve,Two way,Bitumen(Tar),Dry,Not Applicable,Fine,NELAGADARANAHALLI MAIN ROAD,ELECTRICAL POLE,8FEET,13.04105717,77.50486689,0,0,0.0,0.0
Bengaluru City,Peenya Traffic PS,1.04432e+16,2018,1,1,Road Accidents,Narrow road,City/Town,Near Bus stop,Not Applicable,No,Fatal,Hit pedestrian,Not at  Junction,Straight and flat,Others,Bitumen(Tar),Not Applicable,No influence on accident,Fine,NTTF ROAD,ARAVIND MOTORS,23FT,13.02816095,77.51892936,0,0,0.0,0.0
Bengaluru City,Peenya Traffic PS,1.04432e+16,2018,1,2,Road Accidents,Other,City/Town,Open area,Human Error,No,Grievous Injury,Others,Uncontrolled,Not Applicable,Others,Bitumen(Tar),Dry,Not Applicable,Fine,NARAYANAPUR ROAD NEAR S B M BANK,ELECTRICAL POLE,42FEET,13.02882643,77.51498278,0,0,0.0,0.0
Bengaluru City,Peenya Traffic PS,1.04432e+16,2018,1,1,Road Accidents,Other,City/Town,Residential area,Human Error,Yes,Grievous Injury,Hit pedestrian,Uncontrolled,Others,Residential Street,Bitumen(Tar),Ditch or Potholed,Not Applicable,Fine,"PEENYA INDUSRTIAL AREA, 3 TH MAIN ROAD",TREE,10FEET,0.0,0.0,0,5,0.0,5.0
Bengaluru City,Peenya Traffic PS,1.04432e+16,2018,1,2,Road Accidents,Not Applicable,City/Town,Open area,Human Error,No,Not Applicable,Others,Uncontrolled,Hump,Not Applicable,Bitumen(Tar),Dry,Not Applicable,Fine,"3 RD CROSS ROAD, NEAR BYOMETRIC INDUSTRAIL SHED",ELECTRICAL POLE,20FEET,0.0,0.0,0,0,0.0,0.0
Bengaluru City,Peenya Traffic PS,1.04432e+16,2018,1,2,Road Accidents,Bridge,City/Town,Narrow bridge or culverts,Human Error,No,Simple Injury,Rear end,Uncontrolled,Not Applicable,NH,Bitumen(Tar),Dry,Not Applicable,Fine,NH-4 TUMAKUR BANGALORE FLY OVER  NEAR 8 TH MILE JUNCTION,ELECTRIC POLE,22FEET,13.04542933,77.50729154,0,0,0.0,0.0
Bengaluru City,Peenya Traffic PS,1.04432e+16,2018,1,2,Road Accidents,Junction,City/Town,Open area,Human Error,No,Simple Injury,Side impact or Right angle,Controlled,Curve,City or Town Road,Bitumen(Tar),Dry,Not Applicable,Fine,NH-4 PEENYA POLICE STATION JUNCTION,ELECTRIC POLE,20FEET,13.03805002,77.52232083,0,0,0.0,0.0
Bengaluru City,Peenya Traffic PS,1.04432e+16,2018,1,1,Road Accidents,Narrow road,City/Town,Open area,Human Error,Yes,Grievous Injury,Others,Not Applicable,Not Applicable,City or Town Road,Bitumen(Tar),Not Applicable,Not Applicable,Fine,RAJAGOPALA NAGARA MAIN ROAD,ELECTRIC POLE,42FEET,77.52105764,13.03488123,0,0,0.0,0.0
Bengaluru City,Peenya Traffic PS,1.04432e+16,2018,1,2,Road Accidents,Other,City/Town,Near a factory industrial area,Human Error,No,Simple Injury,Others,Uncontrolled,Not Applicable,Others,Bitumen(Tar),Dry,Not Applicable,Fine,"L G RAMANNA LAYOUT, 1 ST CROSS",TREE,10FEET,13.02333653,77.51823558,0,0,0.0,0.0
Bengaluru City,Peenya Traffic PS,1.04432e+16,2018,1,1,Road Accidents,Narrow road,City/Town,Open area,Human Error,Yes,Grievous Injury,Hit pedestrian,Not Applicable,Not Applicable,City or Town Road,Bitumen(Tar),Not Applicable,Not Applicable,Fine,SHUSHURTHI ROAD,TREE,18FEET,13.00717716,77.50231024,0,0,0.0,0.0
Bengaluru City,Peenya Traffic PS,1.04432e+16,2018,1,2,Road Accidents,Narrow road,City/Town,Open area,Human Error,Not Applicable,Grievous Injury,Rear end,Give way sign,Not Applicable,NH,Bitumen(Tar),Not Applicable,Not Applicable,Fine,NH4 FLYOVER ROAD,ELECTRIC POLE,25feet,13.02819917,77.5055671,0,0,0.0,0.0
Bengaluru City,Peenya Traffic PS,1.04432e+16,2018,1,1,Road Accidents,Junction,City/Town,Open area,Human Error,No,Grievous Injury,Others,Uncontrolled,Incline,Others,Bitumen(Tar),Dry,Not Applicable,Fine,NEAR DUGALAMMA TEMPLE ROAD OPP SUN RISE BAR GARDEN,ELECTRICAL POLE,10FEET,13.02246955,77.51920406,0,0,0.0,0.0
Bengaluru City,Peenya Traffic PS,1.04432e+16,2018,1,2,Road Accidents,Other,City/Town,Near Bus stop,Human Error,No,Grievous Injury,Head on,Uncontrolled,Others,Residential Street,Bitumen(Tar),Dry,Not Applicable,Fine,HMT LAYOUT NEAR SKANDA HOSPITAL,ELECTRICAL POLE,20FEET,13.03382594,77.50306401,0,0,0.0,0.0
Bengaluru City,Peenya Traffic PS,1.04432e+16,2018,1,2,Road Accidents,Other,City/Town,Near office complex,Human Error,No,Grievous Injury,Head on,Uncontrolled,Others,Residential Street,Bitumen(Tar),Dry,Not Applicable,Others,MALLASANDRA ROAD NEAR PRINCE TOWN APRTAMENT,ELECTRICAL POLE,20FEET,13.05995979,77.52004532,0,0,0.0,0.0
Bengaluru City,Peenya Traffic PS,1.04432e+16,2018,1,1,Road Accidents,Other,City/Town,Open area,Human Error,No,Simple Injury,Others,Controlled,Others,Two way,Bitumen(Tar),Dry,Not Applicable,Fine,HESARAGHATTA MAIN ROAD NEAR BONE MILL BUS STOP,ELECTRICAL POLE,42FEET,13.0640171,77.50495817,0,0,0.0,0.0
Bengaluru City,Peenya Traffic PS,1.04432e+16,2018,1,1,Road Accidents,Other,City/Town,Open area,Human Error,No,Fatal,Others,Uncontrolled,Not Applicable,Residential Street,Bitumen(Tar),Dry,Not Applicable,Fine,"THIVENI PETROL BUNK ROAD, GATTI ROAD",ELECTRICAL POLE,10FEET,13.04374388,77.52089886,0,0,0.0,0.0
Bengaluru City,Peenya Traffic PS,1.04432e+16,2018,1,2,Road Accidents,Other,City/Town,Open area,Human Error,Yes,Simple Injury,Hit and Run,Not Applicable,Straight and flat,NH,Bitumen(Tar),Dry,Not Applicable,Fine,infront of KTM showoom NH 4 near nagsmdra metro station,street light pole,20FEET,13.04234975,77.51456178,0,0,0.0,0.0
Bengaluru City,Peenya Traffic PS,1.04432e+16,2018,1,2,Road Accidents,Other,Not Applicable,Residential area,Human Error,No,Grievous Injury,Overturning,Uncontrolled,Others,Residential Street,Bitumen(Tar),Dry,Not Applicable,Fine,KTG COLLAGE ROAD NEAR GAJANANA 4 TH CROSS ROAD AND K T G COLLAGE ROAD JUNCTION,TREE,20FEET,0.0,0.0,0,0,0.0,0.0
Bengaluru City,Peenya Traffic PS,1.04432e+16,2018,1,2,Road Accidents,Cross roads,City/Town,Near Bus stop,Human Error,No,Simple Injury,Head on,No signal lights,Curve,City or Town Road,Bitumen(Tar),Dry,Not Applicable,Fine,Pipeline R0ad T Dasaralally,near jemini gramatents,15FEET,0.0,0.0,0,0,0.0,0.0
Bengaluru City,Peenya Traffic PS,1.04432e+16,2018,1,2,Road Accidents,Junction,City/Town,Near Bus stop,Not Applicable,No,Grievous Injury,Overturning,Signal lights Automatic,Curve,City or Town Road,Bitumen(Tar),Dry,Not Applicable,Clear,JALAHALLI CROSS JUNCTION,ROCKLINE MALL,30FEET,13.03990904,77.51844871,0,0,0.0,0.0
Bengaluru City,Peenya Traffic PS,1.04432e+16,2018,1,2,Road Accidents,Narrow road,City/Town,Near a factory industrial area,Human Error,Yes,Grievous Injury,Hit parked vehicle,Not Applicable,Not Applicable,City or Town Road,Bitumen(Tar),Dry,Not Applicable,Fine,CHOKKASANDRA ROAD,TREE,20FEET,13.03195262,77.512896,0,0,0.0,0.0
Bengaluru City,Peenya Traffic PS,1.04432e+16,2018,1,2,Road Accidents,Narrow road,City/Town,Open area,Human Error,Not Applicable,Simple Injury,Head on,Not Applicable,Not Applicable,Service Road,Bitumen(Tar),Not Applicable,Not Applicable,Fine,SERVICE ROAD,METRO PILLER NO 506,16FEET,0.0,0.0,0,0,0.0,0.0
Bengaluru City,Peenya Traffic PS,1.04432e+16,2018,1,1,Road Accidents,Other,City/Town,At pedestrian Crossing,Human Error,No,Simple Injury,Hit pedestrian,Not Applicable,Curve,Others,Bitumen(Tar),Dry,Not Applicable,Fine,"NEAR LAKE, ASHWTHAPUR T DASARAHALLI",ELECTRICAL POLE,18FEET,0.0,0.0,0,0,0.0,0.0
Bengaluru City,Peenya Traffic PS,1.04432e+16,2018,1,1,Road Accidents,Other,Not Applicable,Residential area,Human Error,No,Not Applicable,Not Applicable,Not Applicable,Others,Residential Street,Bitumen(Tar),Dry,Not Applicable,Fine,"NH-4 SOUTH SERVICE ROAD, ORIENTAL BANK BUILDING",DEVIDER,2FEET,0.0,0.0,0,0,0.0,0.0
Bengaluru City,Peenya Traffic PS,1.04432e+16,2018,1,1,Road Accidents,Other,City/Town,Residential area,Human Error,No,Simple Injury,Hit pedestrian,Not Applicable,Others,Residential Street,Bitumen(Tar),Dry,Not Applicable,Fine,"DODDABIDARAKALLU, INFRONT OF NEAR ROCK LINE STUDIO",ELECTRICAL POLE,12FEET,13.04006212,77.49869416,0,0,0.0,0.0
Bengaluru City,Peenya Traffic PS,1.04432e+16,2018,1,1,Road Accidents,Other,City/Town,At pedestrian Crossing,Human Error,No,Simple Injury,Hit pedestrian,Not at  Junction,Others,NH,Bitumen(Tar),Dry,Not Applicable,Fine,NH-4 TUMAKUR BANGALORE SERVICE ROAD NEAR KEMPEGOWDA ARCH,METRO PILLER,8FEET,13.04516201,77.50848477,0,0,0.0,0.0
Bengaluru City,Peenya Traffic PS,1.04432e+16,2018,1,2,Road Accidents,Curves,City/Town,Near School or College,Human Error,No,Grievous Injury,Not Applicable,No signal lights,Curve,NH,Bitumen(Tar),Dry,Not Applicable,Fine,NH-4 BENGALURU TUMAKUR ROAD OPP PEENYA METRO STATION,ELECTRICAL POLE,10FEET,13.03669727,77.5245682,0,0,0.0,0.0
Bengaluru City,Peenya Traffic PS,1.04432e+16,2018,1,2,Road Accidents,Other,City/Town,Near Bus stop,Human Error,No,Not Applicable,Others,Controlled,Curve,NH,Bitumen(Tar),Dry,Not Applicable,Fine,NH-4 TUMAKUR BENGALURU NEAR PEENYA POLICE STATION JUNCTION,SIGNAL LIGHT POLE,10FEET,13.03788892,77.52234766,0,0,0.0,0.0
Bengaluru City,Peenya Traffic PS,1.04432e+16,2018,1,2,Road Accidents,Curves,City/Town,Near Bus stop,Human Error,No,Simple Injury,Overturning,Controlled,Curve,Mixed,Bitumen(Tar),Dry,Not Applicable,Fine,PIA 100 FEET ROAD NEAR T V S CROSS JUNCTION,TREE,8FEET,13.0284877,77.51966482,0,0,0.0,0.0
Bengaluru City,Peenya Traffic PS,1.04432e+16,2018,1,2,Road Accidents,Other,City/Town,Near office complex,Human Error,No,Fatal,Head on,Uncontrolled,Others,Residential Street,Bitumen(Tar),Dry,Not Applicable,Fine,REDDY KATTE MAIN ROAD,ELECTRICAL POLE,6FEET,13.04750086,77.49303879,0,0,0.0,0.0
Bengaluru City,Peenya Traffic PS,1.04432e+16,2018,1,2,Road Accidents,Junction,City/Town,Near Hospital,Human Error,No,Not Applicable,Others,Controlled,Others,NH,Bitumen(Tar),Dry,Not Applicable,Fine,NH-4 TUMAKUR BENGALURU ROAD NEAR CHOKKASANDRA SIGNAL JUNCTION,MERTO PILLER,12FEET,13.04225856,77.51484324,0,0,0.0,0.0
Bengaluru City,Peenya Traffic PS,1.04432e+16,2018,1,2,Road Accidents,Other,City/Town,Open area,Human Error,No,Grievous Injury,Others,Uncontrolled,Others,Residential Street,Bitumen(Tar),Dry,Not Applicable,Fine,S M ROAD NEAR DENA BANK,ELECTRICAL POLE,18FEET,13.04181493,77.51958603,0,0,0.0,0.0
Bengaluru City,Peenya Traffic PS,1.04432e+16,2018,1,1,Road Accidents,Narrow road,City/Town,Open area,Human Error,Not Applicable,Simple Injury,Hit pedestrian,Not at  Junction,Not Applicable,City or Town Road,Bitumen(Tar),Dry,No influence on accident,Fine,OPP KENNAMETAL FACTROY,OPP KENNAMETAL FACTROY,7feet,13.04950498,77.49455019,0,0,0.0,0.0
Bengaluru City,Peenya Traffic PS,1.04432e+16,2018,1,2,Road Accidents,Other,City/Town,Open area,Human Error,Yes,Fatal,Rear end,Uncontrolled,Not Applicable,Residential Street,Bitumen(Tar),Dry,Not Applicable,Fine,PIPE LINE ROAD NEAR SRIDEVI ARTS STICKER,ELECTRICAL POLE,45FEET,13.04007003,77.51833965,0,0,0.0,0.0
Bengaluru City,Peenya Traffic PS,1.04432e+16,2018,1,1,Road Accidents,Other,Not Applicable,Open area,Human Error,No,Simple Injury,Others,No signal lights,Others,Residential Street,Bitumen(Tar),Dry,Not Applicable,Fine,NEAR KERE ROAD CHOKKASANDRA,TREE,40FEET,0.0,0.0,0,0,0.0,0.0
Bengaluru City,Peenya Traffic PS,1.04432e+16,2018,1,2,Road Accidents,Curves,Not Applicable,Open area,Human Error,No,Simple Injury,Head on,Not Applicable,Curve,Others,Bitumen(Tar),Dry,Not Applicable,Fine,OPP KESHAVA MOTORS NELAGADARANAHALLI MAIN ROAD,ELECTRICAL POLE,15FEET,0.0,0.0,0,0,0.0,0.0
Bengaluru City,Peenya Traffic PS,1.04432e+16,2018,1,2,Road Accidents,Narrow road,City/Town,Near Hospital,Human Error,Yes,Grievous Injury,Head on,Not Applicable,Not Applicable,City or Town Road,Bitumen(Tar),Not Applicable,Not Applicable,Fine,HEGGANAHALLI MAIN ROAD,JAI MARUTHI HOSPITAL,25FEET,13.00846096,77.5057386,0,0,0.0,0.0
Bengaluru City,Peenya Traffic PS,1.04432e+16,2018,1,1,Road Accidents,Junction,City/Town,Near Bus stop,Human Error,Yes,Grievous Injury,Hit pedestrian,Signal lights Automatic,Not Applicable,City or Town Road,Bitumen(Tar),Not Applicable,Not Applicable,Fine,NH-4,PILLER NO 454,7feet,13.0400206,77.51857922,0,0,0.0,0.0
Bengaluru City,Peenya Traffic PS,1.04432e+16,2018,1,1,Road Accidents,T Junction,City/Town,Open area,Human Error,Not Applicable,Damage Only,Others,Uncontrolled,Not Applicable,City or Town Road,Concrete,Not Applicable,Not Applicable,Flooding of Slipways/Rivulets,VIJAY ROLLING MILL ROAD,SHAVAR TESTING AREA,25FEET,0.0,0.0,0,0,0.0,0.0
Bengaluru City,Peenya Traffic PS,1.04432e+16,2018,1,2,Road Accidents,Narrow road,City/Town,Open area,Human Error,Yes,Damage Only,Others,Not Applicable,Not Applicable,NH,Bitumen(Tar),Not Applicable,Not Applicable,Fine,NH-4,PILLER,18feet,0.0,0.0,0,0,0.0,0.0
Bengaluru City,Peenya Traffic PS,1.04432e+16,2018,1,2,Road Accidents,Narrow road,City/Town,Open area,Human Error,Yes,Grievous Injury,Head on,Give way sign,Not Applicable,NH,Bitumen(Tar),Not Applicable,Not Applicable,Fine,NH4 FLYOVER ROAD,ELECTRIC POLE,26feet,13.04037678,77.51792428,0,0,0.0,0.0
Bengaluru City,Peenya Traffic PS,1.04432e+16,2018,1,2,Road Accidents,Narrow road,City/Town,Open area,Human Error,Yes,Damage Only,Rear end,Give way sign,Not Applicable,NH,Bitumen(Tar),Dry,Not Applicable,Fine,NH4 FLYOVER ROAD,ELECTRIC POLE,28feet,13.04285507,77.51299509,0,0,0.0,0.0
Bengaluru City,Peenya Traffic PS,1.04432e+16,2018,1,2,Road Accidents,Curves,City/Town,Residential area,Human Error,No,Grievous Injury,Others,Uncontrolled,Others,Residential Street,Bitumen(Tar),Dry,Not Applicable,Fine,"L G RAMANNA LAYOUT, NEAR RAGHAVENDRA TEMPLE",ELECTRICAL POLE,25FEET,13.02395846,77.51163652,0,0,0.0,0.0
Bengaluru City,Peenya Traffic PS,1.04432e+16,2018,1,1,Road Accidents,Bridge,City/Town,Open area,Human Error,No,Grievous Injury,Others,Uncontrolled,Straight and flat,NH,Bitumen(Tar),Dry,Not Applicable,Fine,NH-4 TUMAKUR BANGALURU FLY OVER ROAD NEAR T DASARAHALLI,ELECTRICAL POLE,18FEET,13.04225856,77.51484324,0,0,0.0,0.0
Bengaluru City,Peenya Traffic PS,1.04432e+16,2018,1,2,Road Accidents,Other,City/Town,Open area,Human Error,No,Grievous Injury,Others,Controlled,Others,Residential Street,Bitumen(Tar),Dry,Not Applicable,Fine,NTTF JUNCTION,ELECTRICAL POLE,10FEET,13.02399211,77.50795481,0,0,0.0,0.0
Bengaluru City,Peenya Traffic PS,1.04432e+16,2018,1,2,Road Accidents,T Junction,City/Town,Residential area,Human Error,No,Fatal,Others,Signal lights Automatic,Others,NH,Bitumen(Tar),Dry,Not Applicable,Fine,NH-4 TUMAKUR BENGALURU ROAD NEAR CHOKKASANDR JUNCTION,MERTO PILLER,20FEET,13.04230991,77.51460751,0,0,0.0,0.0
Bengaluru City,Peenya Traffic PS,1.04432e+16,2018,1,1,Road Accidents,Other,Not Applicable,Open area,Human Error,No,Simple Injury,Others,Uncontrolled,Others,Residential Street,Bitumen(Tar),Dry,Not Applicable,Fine,"BLUE J SHINE HILLS LAYOUT, 2 ND STAGE NEAR 76 HOUSE",TREE,8FEET,13.01684687,77.48299386,0,0,0.0,0.0
Bengaluru City,Peenya Traffic PS,1.04432e+16,2018,1,1,Road Accidents,Narrow road,City/Town,Open area,Human Error,Yes,Simple Injury,Hit and Run,Not at  Junction,Straight and flat,City or Town Road,Bitumen(Tar),Dry,No influence on accident,Fine,KANVAMART OPP NELADARANAHALLI,KANVAMART OPP NELADARANAHALLI,20FEET,13.04201474,77.50512062,0,0,0.0,0.0
Bengaluru City,Peenya Traffic PS,1.04432e+16,2018,1,2,Road Accidents,Junction,City/Town,Near a factory industrial area,Human Error,Yes,Grievous Injury,Head on,Uncontrolled,Not Applicable,City or Town Road,Bitumen(Tar),Not Applicable,Not Applicable,Fine,PIA 2ND CROSS,ELECTRIC POLE,25FEET,0.0,0.0,0,0,0.0,0.0
Bengaluru City,Peenya Traffic PS,1.04432e+16,2018,1,2,Road Accidents,Narrow road,City/Town,Open area,Human Error,Yes,Grievous Injury,Hit and Run,Not Applicable,Not Applicable,City or Town Road,Bitumen(Tar),Not Applicable,Not Applicable,Fine,NH-4 TUMAKUR-BANGALORE ROAD,BAGAVAN MAHAVIRA TIMBAR,20FEET,13.007551,77.50557793,0,0,0.0,0.0
Bengaluru City,Peenya Traffic PS,1.04432e+16,2018,1,1,Road Accidents,Cross roads,City/Town,Open area,Human Error,No,Simple Injury,Hit pedestrian,Not Applicable,Others,NH,Bitumen(Tar),Dry,Not Applicable,Fine,"NH-4 TUMAKUR BANGALORE ROAD, NEAR PARLE G FACTORY",ELECTRICAL POLE,8FEET,13.04927676,77.49611604,0,0,0.0,0.0
Bengaluru City,Peenya Traffic PS,1.04432e+16,2018,1,2,Road Accidents,Junction,City/Town,Near Hospital,Human Error,No,Simple Injury,Others,Signal lights Automatic,Others,NH,Bitumen(Tar),Dry,Not Applicable,Fine,"NH-4 TUMAKUR BANGALORE, NEAR CHOKKASANDRA JUNCTION",ELECTRICAL POLE,30FEET,13.04225856,77.51484324,0,0,0.0,0.0
Bengaluru City,Peenya Traffic PS,1.04432e+16,2018,1,1,Not Applicable,Narrow road,City/Town,Open area,Human Error,Yes,Simple Injury,Hit and Run,Controlled,Others,City or Town Road,Bitumen(Tar),Dry,No influence on accident,Fine,PIA 100 FEET ROAD NEAR TVS CROSS,METRANICS,20FEET,13.02334224,77.52171077,0,0,0.0,0.0
Bengaluru City,Peenya Traffic PS,1.04432e+16,2018,1,2,Road Accidents,Not Applicable,City/Town,Open area,Human Error,No,Grievous Injury,Head on,Not at  Junction,Others,Residential Street,Bitumen(Tar),Dry,Not Applicable,Fine,"KARIM SAB LAYOUT MAIN ROAD, OPP ANNA TAMMA HOTEL",ELECTRICAL POLE,35FEET,13.00417104,77.5081323,0,0,0.0,0.0
Bengaluru City,Peenya Traffic PS,1.04432e+16,2018,1,1,Road Accidents,Other,City/Town,At pedestrian Crossing,Human Error,No,Grievous Injury,Hit pedestrian,Uncontrolled,Others,Residential Street,Bitumen(Tar),Dry,Not Applicable,Fine,"BYRAVESHWAR INDUSTRIAL AREA, OPP RAJASHRI UDOG FACTORY",ELECTRIC POLE,12FEET,13.01286238,77.503481,0,0,0.0,0.0
Bengaluru City,Peenya Traffic PS,1.04432e+16,2018,1,2,Road Accidents,Not Applicable,City/Town,Open area,Human Error,No,Grievous Injury,Others,Give way sign,Others,Residential Street,Bitumen(Tar),Dry,Not Applicable,Fine,VIJAY ROLLING MILL ROAD NEAR KAIZAN INDIA CNC FACTORY,ELECTRICAL POLE,10FEET,0.0,0.0,0,0,0.0,0.0
Bengaluru City,Peenya Traffic PS,1.04432e+16,2018,1,2,Road Accidents,Circle,City/Town,Residential area,Human Error,No,Grievous Injury,Others,Uncontrolled,Curve,Others,Bitumen(Tar),Dry,Not Applicable,Fine,RAVIKIRLOSKAR HOSPITAL ROAD,ELECTRICAL POLL,42FEET,13.03958753,77.52748703,0,0,0.0,0.0
Bengaluru City,Peenya Traffic PS,1.04432e+16,2018,1,1,Road Accidents,Other,Rural Areas,Open area,Human Error,No,Grievous Injury,Others,Uncontrolled,Not Applicable,Others,Bitumen(Tar),Dry,Not Applicable,Fine,"1 ST CROSS ROAD, HAVANUR LAYOUT",ELECTRICAL POLE,16FEET,13.04958413,77.50451048,0,0,0.0,0.0
Bengaluru City,Peenya Traffic PS,1.04432e+16,2018,1,2,Road Accidents,Other,City/Town,Open area,Human Error,No,Grievous Injury,Others,Uncontrolled,Others,NH,Bitumen(Tar),Dry,Not Applicable,Fine,NH-4 BENGALURU TUMAKUR ROAD NEAR SHOBA APARTMENT,ELECTRICAL POLL,20FEET,13.04744929,77.50092431,0,0,0.0,0.0
Bengaluru City,Peenya Traffic PS,1.04432e+16,2018,1,1,Road Accidents,Other,City/Town,At pedestrian Crossing,Human Error,Yes,Grievous Injury,Hit pedestrian,Uncontrolled,Hump,NH,Bitumen(Tar),Dry,Not Applicable,Fine,NH-4 TUMAKURU BENGALURU ROAD NEAR T DASARAHALLI METRO STATION,SIGNAL LIGHT,24FEET,13.04303252,77.51294009,0,0,0.0,0.0
Bengaluru City,Peenya Traffic PS,1.04432e+16,2018,1,1,Road Accidents,Junction,City/Town,Residential area,Human Error,Yes,Fatal,Hit pedestrian,No signal lights,Not Applicable,Residential Street,Bitumen(Tar),Dry,Not Applicable,Fine,PIPE LINE ROAD,ELECTRIC POLE,26FEET,13.05259324,77.51276826,0,0,0.0,0.0
Bengaluru City,Peenya Traffic PS,1.04432e+16,2018,1,2,Road Accidents,Bridge,City/Town,Open area,Human Error,No,Fatal,Side swipe,Not Applicable,Others,NH,Bitumen(Tar),Dry,Not Applicable,Fine,NH-4 BANGALORE TUMAKUR ROAD,ELECTRICAL POLE,20FEET,13.04211345,77.51541733,0,0,0.0,0.0