DISTRICTNAME,UNITNAME,Crime_No,Year,RI,Noofvehicle_involved,Accident_Classification,Accident_Spot,Accident_Location,Accident_SubLocation,Main_Cause,Hit_Run,Severity,Collision_Type,Junction_Control,Road_Character,Road_Type,Surface_Type,Surface_Condition,Road_Condition,Weather,Accident_Road,Landmark_first,Distance_LandMark_First,Latitude,Longitude,Road_Condition_Score,Surface_Condition_Score,Surface_Type_Score,Road_Risk_Index
Bengaluru City,Peenya Traffic PS,1.04432e+16,2021,1,2,Road Accidents,Junction,City/Town,Open area,Human Error,Yes,Grievous Injury,Vehicle to Vehicle,Uncontrolled,Straight and flat,Others,Bitumen(Tar),Dry,Not Applicable,Fine,HESARAGATTA MAIN ROAD,OPP DOMINOS PIZZA,30FEET,0.0,0.0,0,0,0.0,0.0
Bengaluru City,Peenya Traffic PS,1.04432e+16,2021,1,2,Road Accidents,Junction,City/Town,Open area,Human Error,No,Grievous Injury,Vehicle to Vehicle,Signal lights Automatic,Straight and flat,NH,Bitumen(Tar),Dry,Not Applicable,Fine,NH4 BANGALORE TUMKUR ROAD,CHOKKASANDRA JN,20MTR,0.0,0.0,0,0,0.0,0.0
Bengaluru City,Peenya Traffic PS,1.04432e+16,2021,1,1,Road Accidents,Narrow road,City/Town,Residential area,Human Error,No,Fatal,Hit pedestrian,Not at  Junction,Dip or trough,Others,Bitumen(Tar),Dry,Not Applicable,Fine,MALLASANDRA AND SHETTIHALLI MAIN ROAD,OPP ANGEL BEAUTY PARLOR,10MTR,13.059037,77.511266,0,0,0.0,0.0
Bengaluru City,Peenya Traffic PS,1.04432e+16,2021,1,2,Road Accidents,Narrow road,City/Town,Near Bus stop,Human Error,No,Grievous Injury,Vehicle to Vehicle,Not at  Junction,Straight and flat,NH,Bitumen(Tar),Dry,Not Applicable,Fine,NH-4 TUMAKURU BENGALURU SERVICE ROAD,DEEPAK BUS STOP,20FEET,0.0,0.0,0,0,0.0,0.0
Bengaluru City,Peenya Traffic PS,1.04432e+16,2021,1,2,Road Accidents,Junction,City/Town,Open area,Human Error,No,Simple Injury,Vehicle to Vehicle,Signal lights Automatic,Straight and flat,NH,Bitumen(Tar),Dry,Not Applicable,Fine,NH-4 BENGALURU TUMAKUR ROAD,GREEN PARK BAR,30FEET,0.0,0.0,0,0,0.0,0.0
Bengaluru City,Peenya Traffic PS,1.04432e+16,2021,1,2,Road Accidents,Circle,City/Town,Residential area,Human Error,No,Simple Injury,Vehicle to Vehicle,Uncontrolled,Others,Residential Street,Bitumen(Tar),Dry,Not Applicable,Fine,PEENYA 2ND STAGE MAIN ROAD NEAR PEENYA 14 TH CROSS,ELECTRIC POLE,30FEET,13.0152149,77.5077319,0,0,0.0,0.0
Bengaluru City,Peenya Traffic PS,1.04432e+16,2021,1,2,Road Accidents,Junction,City/Town,Residential area,Human Error,No,Grievous Injury,Vehicle to Vehicle,Uncontrolled,Others,Residential Street,Bitumen(Tar),Dry,Not Applicable,Others,"PEENYA 2ND STAGE, 2ND MAIN ROAD NEAR B K TECHNOLOGIES",TREEE,40FEET,0.0,0.0,0,0,0.0,0.0
Bengaluru City,Peenya Traffic PS,1.04432e+16,2021,1,2,Road Accidents,Narrow road,City/Town,Open area,Human Error,No,Grievous Injury,Vehicle to Vehicle,Not at  Junction,Straight and flat,Others,Bitumen(Tar),Dry,Not Applicable,Fine,GANGONDANAHALLI MAIN ROAD,NEAR THIPPENHALLI CROSS,50MTR,0.0,0.0,0,0,0.0,0.0
Bengaluru City,Peenya Traffic PS,1.04432e+16,2021,1,2,Road Accidents,Narrow road,City/Town,Near a factory industrial area,Human Error,No,Grievous Injury,Vehicle to Vehicle,Not at  Junction,Straight and flat,Others,Bitumen(Tar),Dry,Not Applicable,Fine,ANDRAHALLI MAIN ROAD,OPP SAI GARMENTS,20FEET,0.0,0.0,0,0,0.0,0.0
Bengaluru City,Peenya Traffic PS,1.04432e+16,2021,1,2,Road Accidents,Offset,City/Town,Open area,Human Error,No,Grievous Injury,Vehicle to Vehicle,Uncontrolled,Others,NH,Bitumen(Tar),Dry,Not Applicable,Fine,NH-4 TUMAKUR ROAD NEAR WIDIA FACTORY,CENTRE MEADIAN,27FEET,0.0,0.0,0,0,0.0,0.0
Bengaluru City,Peenya Traffic PS,1.04432e+16,2021,1,2,Road Accidents,Not Applicable,Rural Areas,Open area,Human Error,Yes,Simple Injury,Vehicle to Vehicle,Uncontrolled,Others,NH,Bitumen(Tar),Dry,Not Applicable,Fine,NH-4 TUMAKUR PEENYA FLY OVER ROAD NEAR 8TH MILE JUNCTION,ELECRICAL POLE,25FEET,13.042009,77.519747,0,0,0.0,0.0
Bengaluru City,Peenya Traffic PS,1.04432e+16,2021,1,2,Road Accidents,Not Applicable,City/Town,Open area,Human Error,No,Grievous Injury,Vehicle to Vehicle,Uncontrolled,Others,Residential Street,Bitumen(Tar),Dry,Not Applicable,Fine,SM ROAD NEAR THRIVENI PETROL BUNK,POOTH FATH,25FEET,0.0,0.0,0,0,0.0,0.0
Bengaluru City,Peenya Traffic PS,1.04432e+16,2021,1,1,Road Accidents,Junction,City/Town,Residential area,Human Error,Yes,Grievous Injury,Not Applicable,Uncontrolled,Hump,Residential Street,Bitumen(Tar),Dry,Not Applicable,Fine,PIA 2 ND PACE 1 ST MAIN,PUTPATH,5 FEET,0.0,0.0,0,0,0.0,0.0
Bengaluru City,Peenya Traffic PS,1.04432e+16,2021,1,1,Road Accidents,Narrow road,City/Town,Open area,Not Applicable,Yes,Simple Injury,Hit pedestrian,Uncontrolled,Not Applicable,Others,Bitumen(Tar),Dry,Not Applicable,Clear,PEENYA INDUSTRIAL MAIN ROAD,VIJAYA ROLLING MILL,20 FEE,0.0,0.0,0,0,0.0,0.0
Bengaluru City,Peenya Traffic PS,1.04432e+16,2021,1,1,Road Accidents,Junction,City/Town,Near Bus stop,Human Error,No,Grievous Injury,Hit pedestrian,Signal lights Automatic,Straight and flat,NH,Bitumen(Tar),Dry,Not Applicable,Fine,NH4 BANGALORE TUMKUR ROAD,SHASHI PAPER SHOP,10FEET,0.0,0.0,0,0,0.0,0.0
Bengaluru City,Peenya Traffic PS,1.04432e+16,2021,1,1,Road Accidents,Narrow road,City/Town,Near Bus stop,Human Error,Yes,Fatal,Hit pedestrian,Not at  Junction,Others,NH,Kutcha,Dry,Construction Work / Material,Fine,NH-4 TUMKUR ROAD SERVICE ROAD,BEHIND DEEPAK  BUS STAND,5FEET,0.0,0.0,2,0,4.0,6.0
Bengaluru City,Peenya Traffic PS,1.04432e+16,2021,1,2,Road Accidents,Narrow road,City/Town,Open area,Human Error,No,Grievous Injury,Vehicle to Vehicle,Not at  Junction,Straight and flat,Others,Bitumen(Tar),Dry,Not Applicable,Fine,SIDEDAHALLI MAIN ROAD,OPP SITE NO 757,50FEET,0.0,0.0,0,0,0.0,0.0
Bengaluru City,Peenya Traffic PS,1.04432e+16,2021,1,2,Road Accidents,Narrow road,City/Town,Open area,Human Error,No,Grievous Injury,Vehicle to Vehicle,Not at  Junction,Straight and flat,NH,Bitumen(Tar),Dry,Not Applicable,Fine,NH-4 TUMKUR SERVICE ROAD,OPP PAREK TIMBERS,40FEET,0.0,0.0,0,0,0.0,0.0
Bengaluru City,Peenya Traffic PS,1.04432e+16,2021,1,2,Road Accidents,Junction,City/Town,Near a factory industrial area,Human Error,Yes,Grievous Injury,Vehicle to Vehicle,Uncontrolled,Straight and flat,Others,Bitumen(Tar),Dry,Not Applicable,Fine,6TH CROSS PEENYA 1ST STAGE,OPP SUMAN STEELS,30FEET,13.032169,77.519356,0,0,0.0,0.0
Bengaluru City,Peenya Traffic PS,1.04432e+16,2021,1,2,Road Accidents,Not Applicable,City/Town,Residential area,Human Error,No,Grievous Injury,Vehicle to Vehicle,Controlled,Curve,Residential Street,Bitumen(Tar),Dry,Not Applicable,Fine,NELAGADARANAHALLI MAIN ROAD NEAR NAGASANDRA JUNCTION,ELECRICAL POLE,15FEET,0.0,0.0,0,0,0.0,0.0
Bengaluru City,Peenya Traffic PS,1.04432e+16,2021,1,1,Road Accidents,Not Applicable,City/Town,Open area,Human Error,Yes,Fatal,Hit pedestrian,Controlled,Others,NH,Bitumen(Tar),Dry,Not Applicable,Fine,NH-4 ROAD NEAR CHOKKASANDRA JUNCTION,ELECRICAL POLE,8FEET,13.042356,77.514392,0,0,0.0,0.0
Bengaluru City,Peenya Traffic PS,1.04432e+16,2021,1,2,Road Accidents,Narrow road,City/Town,Residential area,Human Error,Yes,Grievous Injury,Vehicle to Vehicle,Uncontrolled,Others,Residential Street,Bitumen(Tar),Dry,Not Applicable,Fine,THIGALARAPALYA MAIN ROAD NEAR HANUMAN KOTARS FACTORY,ELECTRIC POLE,25FEET,13.013556,77.499641,0,0,0.0,0.0
Bengaluru City,Peenya Traffic PS,1.04432e+16,2021,1,2,Road Accidents,Not Applicable,City/Town,Open area,Human Error,No,Damage Only,Vehicle to Vehicle,Controlled,Not Applicable,NH,Bitumen(Tar),Dry,Not Applicable,Fine,NH-4 TUMAKUR ROAD NEAR JALAHALLI CROSS JUNCTION,FLY OVER PILLER NO 50,16FEET,0.0,0.0,0,0,0.0,0.0
Bengaluru City,Peenya Traffic PS,1.04432e+16,2021,1,1,Road Accidents,Narrow road,City/Town,Open area,Not Applicable,Not Applicable,Grievous Injury,Not Applicable,Uncontrolled,Straight and flat,Others,Bitumen(Tar),Dry,Not Applicable,Clear,HESARUGHATTA MAIN ROAD,CENTRE MEADIAN,2 FEET,0.0,0.0,0,0,0.0,0.0
Bengaluru City,Peenya Traffic PS,1.04432e+16,2021,1,2,Road Accidents,Not Applicable,City/Town,Open area,Human Error,Yes,Grievous Injury,Vehicle to Vehicle,Uncontrolled,Others,NH,Bitumen(Tar),Dry,Not Applicable,Fine,NH-4 TUMAKUR ROAD OPP HOTEL RAMANNA,ELECRICAL POLE,40FEET,0.0,0.0,0,0,0.0,0.0
Bengaluru City,Peenya Traffic PS,1.04432e+16,2021,1,1,Road Accidents,Narrow road,City/Town,Open area,Not Applicable,No,Grievous Injury,Not Applicable,Uncontrolled,Not Applicable,Others,Bitumen(Tar),Dry,Not Applicable,Clear,NTTF ROAD,FOOT PATH,30FEET,0.0,0.0,0,0,0.0,0.0
Bengaluru City,Peenya Traffic PS,1.04432e+16,2021,1,1,Road Accidents,Narrow road,City/Town,Residential area,Human Error,No,Grievous Injury,Hit pedestrian,Uncontrolled,Others,Residential Street,Bitumen(Tar),Dry,Not Applicable,Fine,HEGGANAHALLI MAIN ROAD NEAR DAIRY BUS STOP,ELECRICAL POLE,35FEET,0.0,0.0,0,0,0.0,0.0
Bengaluru City,Peenya Traffic PS,1.04432e+16,2021,1,1,Road Accidents,Narrow road,City/Town,Near Bus stop,Human Error,Yes,Grievous Injury,Hit pedestrian,Not at  Junction,Straight and flat,Others,Bitumen(Tar),Dry,Not Applicable,Fine,HESARAGATTA MAIN ROAD,WIDIA BUS STOP,20MTR,0.0,0.0,0,0,0.0,0.0
Bengaluru City,Peenya Traffic PS,1.04432e+16,2021,1,1,Road Accidents,Narrow road,City/Town,Near a factory industrial area,Human Error,No,Grievous Injury,Not Applicable,Not at  Junction,Dip or trough,Others,Bitumen(Tar),Dry,Not Applicable,Fine,"1ST CROSS, PEENYA 1ST PHASE",OPP ETDC,50FEET,0.0,0.0,0,0,0.0,0.0
Bengaluru City,Peenya Traffic PS,1.04432e+16,2021,1,2,Road Accidents,Junction,City/Town,Open area,Human Error,Yes,Grievous Injury,Vehicle to Vehicle,Signal lights Automatic,Straight and flat,NH,Bitumen(Tar),Dry,Not Applicable,Fine,NH-4 TUMKUR ROAD,8TH MILE JUNCTION,10MTR,0.0,0.0,0,0,0.0,0.0
Bengaluru City,Peenya Traffic PS,1.04432e+16,2021,1,4,Road Accidents,Not Applicable,City/Town,Near School or College,Human Error,No,Simple Injury,Vehicle to Vehicle,Not at  Junction,Straight and flat,NH,Bitumen(Tar),Dry,Not Applicable,Fine,NH4 BANGALORE TUMKUR ROAD,OPP GOVT SCHOOL,50MTR,0.0,0.0,0,0,0.0,0.0
Bengaluru City,Peenya Traffic PS,1.04432e+16,2021,1,1,Road Accidents,Narrow road,City/Town,In bazaar,Human Error,No,Grievous Injury,Hit pedestrian,Uncontrolled,Hump,Residential Street,Bitumen(Tar),Dry,Not Applicable,Fine,T DASARAHALLI 1ST MAIN ROAD NEAR JAIN MANDIR,ELECTRIC POLE,33FEET,13.045371,77.5136109,0,0,0.0,0.0
Bengaluru City,Peenya Traffic PS,1.04432e+16,2021,1,2,Road Accidents,Narrow road,City/Town,Residential area,Human Error,No,Fatal,Vehicle to Vehicle,Uncontrolled,Others,NH,Bitumen(Tar),Dry,Not Applicable,Fine,NH-4 TUMAKUR ROAD PEENYA FLY OVER ROAD NEAR SHELL PETROL BUNK,ELECTRIC POLE,30FEET,0.0,0.0,0,0,0.0,0.0
Bengaluru City,Peenya Traffic PS,1.04432e+16,2021,1,2,Road Accidents,Junction,City/Town,Open area,Human Error,Yes,Grievous Injury,Vehicle to Vehicle,Signal lights Automatic,Straight and flat,Others,Bitumen(Tar),Dry,Not Applicable,Fine,NH-4 BENGALURU TUMAKUR ROAD,NEAR JALAHALLI CROSS JN,20MTR,0.0,0.0,0,0,0.0,0.0
Bengaluru City,Peenya Traffic PS,1.04432e+16,2021,1,2,Road Accidents,Narrow road,City/Town,Open area,Human Error,Yes,Grievous Injury,Vehicle to Vehicle,Not at  Junction,Straight and flat,NH,Bitumen(Tar),Dry,Not Applicable,Fine,NH-4 BENGALURU TUMAKUR ROAD,OPP NAGASANDRA METRO STATION,50MTR,0.0,0.0,0,0,0.0,0.0
Bengaluru City,Peenya Traffic PS,1.04432e+16,2021,1,1,Road Accidents,Narrow road,City/Town,Open area,Human Error,No,Simple Injury,Hit pedestrian,Not at  Junction,Dip or trough,Others,Kutcha,Dry,Not Applicable,Fine,THIPPENAHALLI MAIN ROAD,OPP MADHU WINES,10FEET,0.0,0.0,0,0,4.0,4.0
Bengaluru City,Peenya Traffic PS,1.04432e+16,2022,1,2,Road Accidents,Narrow road,City/Town,Open area,Not Applicable,No,Grievous Injury,Vehicle to Vehicle,Signal lights Automatic,Straight and flat,NH,Bitumen(Tar),Dry,Not Applicable,Clear,NH4 BANGALORE TUMKUR ROAD,PILLAR,35FEET,0.0,0.0,0,0,0.0,0.0
Bengaluru City,Peenya Traffic PS,1.04432e+16,2022,1,2,Not Applicable,Junction,City/Town,Near a recreation place/cinema,Not Applicable,No,Grievous Injury,Vehicle to Vehicle,Signal lights Automatic,Slight Curve,NH,Bitumen(Tar),Dry,Pot holed,Clear,CHOKKASANDRA JUCTION,CHOKKASANDRA JN,10FEET,0.0,0.0,5,0,0.0,5.0
Bengaluru City,Peenya Traffic PS,1.04432e+16,2022,1,1,Road Accidents,Offset,City/Town,Residential area,Human Error,No,Grievous Injury,Hit pedestrian,Uncontrolled,Others,Residential Street,Bitumen(Tar),Dry,Not Applicable,Fine,SHIVAPUR MAIN ROAD NEAr nttf junctiom,TREE,15FEET,13.024981,77.510821,0,0,0.0,0.0
Bengaluru City,Peenya Traffic PS,1.04432e+16,2022,1,1,Road Accidents,Not Applicable,City/Town,Residential area,Human Error,No,Grievous Injury,Hit pedestrian,Uncontrolled,Others,Residential Street,Bitumen(Tar),Dry,Not Applicable,Fine,"PEENYA 2ND STAGE, PEENYA 22 DIPO",ELECRICAL POLE,18FEET,13.019901,77.502157,0,0,0.0,0.0
Bengaluru City,Peenya Traffic PS,1.04432e+16,2022,1,2,Road Accidents,Junction,City/Town,Residential area,Human Error,No,Grievous Injury,Vehicle to Vehicle,Controlled,Curve,NH,Bitumen(Tar),Dry,Not Applicable,Fine,NH-4 TUMAKUR ROAD NEAR 8TH MILE JUNCTION,FLY OVER PILLER NO 91,20FEET,13.0453685,77.5073541,0,0,0.0,0.0
Bengaluru City,Peenya Traffic PS,1.04432e+16,2022,1,2,Road Accidents,Narrow road,City/Town,Open area,Not Applicable,No,Damage Only,Vehicle to Vehicle,Uncontrolled,Straight and flat,NH,Bitumen(Tar),Dry,Not Applicable,Clear,NH-4 PEENY FLY OVER,ELECRICAL POLE,16FEET,13.04103,77.51715,0,0,0.0,0.0
Bengaluru City,Peenya Traffic PS,1.04432e+16,2022,1,3,Road Accidents,Not Applicable,City/Town,Open area,Not Applicable,No,Damage Only,Vehicle to Vehicle,Uncontrolled,Straight and flat,NH,Bitumen(Tar),Dry,Not Applicable,Clear,NH,FLY OFVER PILLOR,16FEET,13.037959,77.521846,0,0,0.0,0.0
Bengaluru City,Peenya Traffic PS,1.04432e+16,2022,1,2,Road Accidents,Narrow road,City/Town,Open area,Not Applicable,No,Damage Only,Vehicle to Vehicle,Uncontrolled,Straight and flat,NH,Bitumen(Tar),Dry,Not Applicable,Clear,peenya fly over,light foll,16 fee,0.0,0.0,0,0,0.0,0.0
Bengaluru City,Peenya Traffic PS,1.04432e+16,2022,1,2,Road Accidents,Narrow road,City/Town,Near a factory industrial area,Not Applicable,Yes,Grievous Injury,Vehicle to Vehicle,Not at  Junction,Straight and flat,Sub Arterial,Bitumen(Tar),Dry,Pot holed,Fine,3RD CROSS NTTF CIRCLE NEART BWSSB OFFICE,NEAR BWSSB OFFICE,100 mt,0.0,0.0,5,0,0.0,5.0
Bengaluru City,Peenya Traffic PS,1.04432e+16,2022,1,2,Road Accidents,Junction,City/Town,Open area,Not Applicable,No,Grievous Injury,Vehicle to Vehicle,No signal lights,Straight and flat,Others,Bitumen(Tar),Dry,No influence on accident,Fine,MEI LAYOUT MAIN ROAD,7TH MAIN AND MEI LAYOUT MAIN ROAD JUNCTION,0,13.0603544,77.5043573,0,0,0.0,0.0
Bengaluru City,Peenya Traffic PS,1.04432e+16,2022,1,2,Road Accidents,Junction,City/Town,Open area,Not Applicable,Yes,Grievous Injury,Vehicle to Vehicle,Signal lights Automatic,Straight and flat,NH,Bitumen(Tar),Dry,Not Applicable,Clear,NH4 BANGALORE TUMKUR ROAD,PILLAR,18FEET,0.0,0.0,0,0,0.0,0.0
Bengaluru City,Peenya Traffic PS,1.04432e+16,2022,1,3,Road Accidents,Not Applicable,City/Town,Residential area,Human Error,No,Grievous Injury,Vehicle to Vehicle,Uncontrolled,Others,Residential Street,Bitumen(Tar),Dry,Not Applicable,Fine,RAJAGOPAL NAGAR MAIN ROAD NEAR NEW INDU MILTRI HOTLE,ELECRICAL POLE,30FEET,13.013203,77.508439,0,0,0.0,0.0
Bengaluru City,Peenya Traffic PS,1.04432e+16,2022,1,2,Road Accidents,Bottleneck,City/Town,Near a factory industrial area,Road Environment Defect,No,Fatal,Vehicle to Vehicle,Not at  Junction,Straight and flat,Residential Street,Bitumen(Tar),Ditch or Potholed,Pot holed,Heavy Rain,PEENYA INDUSTRIAL MAIN ROAD,OPP CNC LASER CUTTING FACTORY,20MTR,13.025148,77.511155,5,5,0.0,10.0
Bengaluru City,Peenya Traffic PS,1.04432e+16,2022,1,1,Road Accidents,Junction,City/Town,Open area,Not Applicable,No,Fatal,Vehicle to Vehicle,Controlled,Straight and flat,One way,Bitumen(Tar),Dry,Not Applicable,Clear,NH 04 TUMKUR ROAD,PILLAR,3 feet,0.0,0.0,0,0,0.0,0.0
Bengaluru City,Peenya Traffic PS,1.04432e+16,2022,1,2,Road Accidents,Narrow road,City/Town,Near a factory industrial area,Human Error,No,Fatal,Vehicle to Vehicle,Not at  Junction,Others,NH,Surfaced,Others,Not Applicable,Fine,N H4 TUMKUR  ROAD,NH 4,2,13.050385,77.492847,0,1,,
Bengaluru City,Peenya Traffic PS,1.04432e+16,2022,1,2,Road Accidents,Not Applicable,City/Town,Near office complex,Human Error,No,Grievous Injury,Vehicle to Vehicle,Not at  Junction,Straight and flat,Others,Bitumen(Tar),Dry,No influence on accident,Fine,PEENYA PS ROAD,NEAR PEENYA POLICE STATION,20M TR,13.036092,77.5212862,0,0,0.0,0.0
Bengaluru City,Peenya Traffic PS,1.04432e+16,2022,1,1,Road Accidents,Junction,City/Town,At pedestrian Crossing,Human Error,Yes,Grievous Injury,Hit pedestrian,Controlled,Straight and flat,NH,Bitumen(Tar),Dry,No influence on accident,Fine,NH 4 TUMAKURU ROAD CHOKKASANDRA JUNCTION,CHOKKASANDRA SIGNAL,10 MTR,13.0424438,77.514652,0,0,0.0,0.0
Bengaluru City,Peenya Traffic PS,1.04432e+16,2022,1,1,Road Accidents,Junction,City/Town,Near a factory industrial area,Human Error,No,Grievous Injury,Hit pedestrian,No signal lights,Straight and flat,Others,Bitumen(Tar),Dry,No influence on accident,Fine,PATEL KEMPAIAH MAIN ROAD CHOKKASANDRA,NEAR TEXTPORT SYNDICATE GARMENTS,50 MTR,13.038662,77.513014,0,0,0.0,0.0
Bengaluru City,Peenya Traffic PS,1.04432e+16,2022,1,1,Road Accidents,Narrow road,City/Town,Residential area,Not Applicable,No,Damage Only,Not Applicable,Uncontrolled,Straight and flat,Others,Bitumen(Tar),Dry,Not Applicable,Clear,PEENYA 2 ND STAGE 2 ND K CROSS,ELECRICAL POLE,29,13.009063,77.506956,0,0,0.0,0.0
Bengaluru City,Peenya Traffic PS,1.04432e+16,2022,1,2,Road Accidents,Narrow road,City/Town,Open area,Not Applicable,Yes,Grievous Injury,Vehicle to Vehicle,Uncontrolled,Straight and flat,Others,Bitumen(Tar),Dry,Not Applicable,Clear,NELADARANAHALLI MAIN ROAD NEAR OM TIMBERS,ELECRICAL POLE,20FEET,13.039887,77.51843,0,0,0.0,0.0
Bengaluru City,Peenya Traffic PS,1.04432e+16,2022,1,2,Road Accidents,Junction,City/Town,In bazaar,Human Error,Yes,Grievous Injury,Vehicle to Vehicle,Stop sign,Straight and flat,NH,Bitumen(Tar),Dry,Not Applicable,Fine,NH-4 TUMKUR ROAD NEAR CHOKKASANDRA SIGNAL JUNCTION,FLYOVER PILLAR NO66,30FEET,0.0,0.0,0,0,0.0,0.0
Bengaluru City,Peenya Traffic PS,1.04432e+16,2022,1,3,Road Accidents,Junction,City/Town,Near a factory industrial area,Vehicle Defect,No,Damage Only,Vehicle to Vehicle,Give way sign,Straight and flat,NH,Gravel,Wet,Not Applicable,Clear,NH 4 ROAD,NH 4,10FEET,13.038175,77.52182,0,3,3.0,6.0
Bengaluru City,Peenya Traffic PS,1.04432e+16,2022,1,1,Road Accidents,Not Applicable,City/Town,Residential area,Human Error,No,Grievous Injury,Hit pedestrian,Controlled,Others,NH,Bitumen(Tar),Dry,Not Applicable,Fine,NH-4 TUMAKUR ROAD NEAR PRAKRIYA HOSPITAL,FLY OVER PILLER,35FEET,13.045724,77.506344,0,0,0.0,0.0
Bengaluru City,Peenya Traffic PS,1.04432e+16,2022,1,1,Road Accidents,Narrow road,City/Town,Near a factory industrial area,Human Error,No,Fatal,Not Applicable,Signals (Not working),Not Applicable,Others,Bitumen(Tar),Dry,Not Applicable,Fine,PEENYA INDUSTRIAL MAIN ROAD,PEENYA POLICE STATION JN,15FEET,13.033865,77.510342,0,0,0.0,0.0
Bengaluru City,Peenya Traffic PS,1.04432e+16,2022,1,2,Road Accidents,Curves,City/Town,Residential area,Human Error,No,Grievous Injury,Vehicle to Vehicle,Uncontrolled,Others,NH,Bitumen(Tar),Dry,Not Applicable,Fine,NH-4 TUMAKUR ROAD NEAR THRIVENI PETROL BUNK,FLY OVER PILLER NO 103,8 FEET,13.046035,77.504571,0,0,0.0,0.0
Bengaluru City,Peenya Traffic PS,1.04432e+16,2022,1,2,Road Accidents,Cross roads,City/Town,Near or inside a village,Human Error,No,Grievous Injury,Vehicle to Vehicle,Not at  Junction,Curve,Two way,Bitumen(Tar),Dry,Not Applicable,Fine,GANGONDANAHALLI MAIN ROAD,GANGONDANAHALLI MAIN ROAD,31 FEE,13.285,77.0354,0,0,0.0,0.0
Bengaluru City,Peenya Traffic PS,1.04432e+16,2022,1,1,Road Accidents,Junction,City/Town,At pedestrian Crossing,Human Error,No,Grievous Injury,Hit pedestrian,Controlled,Straight and flat,NH,Bitumen(Tar),Dry,No influence on accident,Fine,NH 4 TUMAKURU ROAD SRS JUNCTION,SRS JUNCTION,10MTR,0.0,0.0,0,0,0.0,0.0
Bengaluru City,Peenya Traffic PS,1.04432e+16,2022,1,2,Road Accidents,Not Applicable,City/Town,Open area,Human Error,No,Grievous Injury,Vehicle to Vehicle,Not at  Junction,Straight and flat,NH,Bitumen(Tar),Dry,Not Applicable,Clear,NH 04 TUMKUR ROAD,OPP KARLE FACTORY NH 4 ROAD,50 MT,0.0,0.0,0,0,0.0,0.0
Bengaluru City,Peenya Traffic PS,1.04432e+16,2022,1,2,Road Accidents,Junction,City/Town,Near office complex,Not Applicable,No,Damage Only,Vehicle to Vehicle,Police / Manual,Straight and flat,NH,Bitumen(Tar),Dry,No influence on accident,Fine,NH 4 TUMAKURU ROAD,IN CHOKKASANDRA JUNCTION,10 MTR,13.042424,77.51465,0,0,0.0,0.0
Bengaluru City,Peenya Traffic PS,1.04432e+16,2022,1,1,Road Accidents,Junction,City/Town,Near office complex,Human Error,No,Grievous Injury,Hit pedestrian,Signal lights Automatic,Straight and flat,NH,Kutcha,Muddy,No influence on accident,Clear,NH-4 TUMAKUR BENGALURU ROAD NEARA SAVANI,OPP BSNL OFFICE,10FEET,0.0,0.0,0,4,4.0,8.0
Bengaluru City,Peenya Traffic PS,1.04432e+16,2022,1,1,Road Accidents,Junction,City/Town,Residential area,Human Error,Yes,Fatal,Vehicle to Vehicle,Controlled,Curve,Residential Street,Bitumen(Tar),Dry,Not Applicable,Fine,BASAVESHWAR BUS STOP ROAD NEAR HITACHI FACTORY,METRO PILLER,35,13.038354,77.522592,0,0,0.0,0.0
Bengaluru City,Peenya Traffic PS,1.04432e+16,2022,1,2,Road Accidents,Junction,City/Town,Residential area,Human Error,No,Simple Injury,Vehicle to Vehicle,Controlled,Straight and flat,NH,Bitumen(Tar),Dry,Not Applicable,Fine,NH-4 TUMAKUR ROAD NEAR JALAHALLI CROSS JUNCTION,FLY OVER PILLER NO 51,35FEET,13.03987,77.518386,0,0,0.0,0.0
Bengaluru City,Peenya Traffic PS,1.04432e+16,2022,1,2,Road Accidents,Narrow road,City/Town,Open area,Human Error,No,Damage Only,Vehicle to Vehicle,Controlled,Others,NH,Bitumen(Tar),Dry,Not Applicable,Fine,NH-4 PEENYA FLY OVER ROAD NEAR SATVA OPAS APARTMENT,ELECRICAL POLE,16FEET,0.0,0.0,0,0,0.0,0.0
Bengaluru City,Peenya Traffic PS,1.04432e+16,2022,1,1,Road Accidents,Narrow road,City/Town,Residential area,Human Error,No,Grievous Injury,Hit pedestrian,Uncontrolled,Curve,Residential Street,Bitumen(Tar),Dry,Not Applicable,Fine,THIGALARAPALYA MAIN ROAD NEAR SRI DURGA BAKERY,ELECTRIC POLE,25FEET,13.015791,77.501395,0,0,0.0,0.0
Bengaluru City,Peenya Traffic PS,1.04432e+16,2022,1,1,Not Applicable,Narrow road,City/Town,Open area,Not Applicable,No,Damage Only,Not Applicable,Not Applicable,Not Applicable,Not Applicable,Gravel,Dry,No influence on accident,Clear,PIPELINE ROAD,PIPE LINR ROAD,10,0.0,0.0,0,0,3.0,3.0
Bengaluru City,Peenya Traffic PS,1.04432e+16,2022,1,1,Road Accidents,Bottleneck,City/Town,Open area,Human Error,No,Grievous Injury,Hit pedestrian,No signal lights,Straight and flat,Sub Arterial,Bitumen(Tar),Dry,Not Applicable,Fine,NEAR CHAND MENS WEAR PIPELINE ROAD T DASARAHALLI,NEAR CHAND MENS WEAR,50MT,13.051148,77.514879,0,0,0.0,0.0
Bengaluru City,Peenya Traffic PS,1.04432e+16,2022,1,2,Road Accidents,Cross roads,City/Town,Open area,Human Error,No,Grievous Injury,Vehicle to Vehicle,Uncontrolled,Straight and flat,NH,Bitumen(Tar),Dry,Not Applicable,Cloudy,NH 4 ROAD SERVICE ROAD NEAR VIKASANAGAR BRIDGE,NEAR VIKASANAGAR BRIDGE,100 MT,13.047587,77.500043,0,0,0.0,0.0
Bengaluru City,Peenya Traffic PS,1.04432e+16,2022,1,1,Road Accidents,Bottleneck,City/Town,Near office complex,Not Applicable,No,Grievous Injury,Hit pedestrian,Not at  Junction,Straight and flat,Others,Bitumen(Tar),Dry,No influence on accident,Cloudy,HEGGANAHALLI MAIN ROAD,NEAR GANESH TEMPLE,50 MTS,13.0099279,77.5060418,0,0,0.0,0.0
Bengaluru City,Peenya Traffic PS,1.04432e+16,2022,1,2,Road Accidents,Narrow road,City/Town,In bazaar,Human Error,No,Grievous Injury,Vehicle to Vehicle,Not Applicable,Straight and flat,Others,Bitumen(Tar),Dry,No influence on accident,Cloudy,PIPELINE ROAD T DASARAHALLI,NEAR SHANIMAHATMA TEMPLE,20 MTR,13.055193,77.510421,0,0,0.0,0.0
Bengaluru City,Peenya Traffic PS,1.04432e+16,2022,1,2,Road Accidents,Cross roads,City/Town,Near Hospital,Human Error,No,Damage Only,Vehicle to Vehicle,Not at  Junction,Straight and flat,NH,Bitumen(Tar),Dry,No influence on accident,Cloudy,NH4 TUMAKURU ROAD SERVICE ROAD OPP MARUTHI GRANETS,OPP MARUTHI GRANETS,10 MTR,13.045988,77.505365,0,0,0.0,0.0