DISTRICTNAME,UNITNAME,Crime_No,Year,RI,Noofvehicle_involved,Accident_Classification,Accident_Spot,Accident_Location,Accident_SubLocation,Main_Cause,Hit_Run,Severity,Collision_Type,Junction_Control,Road_Character,Road_Type,Surface_Type,Surface_Condition,Road_Condition,Weather,Accident_Road,Landmark_first,Distance_LandMark_First,Latitude,Longitude,Road_Condition_Score,Surface_Condition_Score,Surface_Type_Score,Road_Risk_Index
Bengaluru City,Peenya Traffic PS,1.04432e+16,2022,1,2,Road Accidents,Junction,City/Town,Near School or College,Human Error,No,Damage Only,Vehicle to Vehicle,No signal lights,Straight and flat,Arterial,Bitumen(Tar),Dry,No influence on accident,Fine,HESRAGATTA MAIN ROAD,OPP VIJAYASHREE SCHOOL,50 FT,0.0,0.0,0,0,0.0,0.0
Bengaluru City,Peenya Traffic PS,1.04432e+16,2022,1,1,Road Accidents,Narrow road,City/Town,Near Bus stop,Human Error,No,Grievous Injury,Hit pedestrian,Signal lights Manual,Others,NH,Gravel,Dry,Not Applicable,Fine,NEAR JALAHALLI CROSS,N H 4,20 FEE,13.039676,77.518661,0,0,3.0,3.0
Bengaluru City,Peenya Traffic PS,1.04432e+16,2022,1,2,Road Accidents,Narrow road,City/Town,Open area,Human Error,No,Grievous Injury,Vehicle to Vehicle,Give way sign,Straight and flat,One way,Surfaced,Dry,Not Applicable,Clear,NH 4 TUMKUR ROAD SERVICE ROAD,8TH MILE JUNCTION,85FEET,13.045567,77.506625,0,0,,
Bengaluru City,Peenya Traffic PS,1.04432e+16,2022,1,1,Not Applicable,Circle,City/Town,Near a factory industrial area,Human Error,No,Fatal,Hit pedestrian,Signal lights Automatic,Others,Major District Road,Bitumen(Tar),Dry,No influence on accident,Clear,NTTF CIRCLE,NTTF CIRCLE,10FEET,13.025094,77.511083,0,0,0.0,0.0
Bengaluru City,Peenya Traffic PS,1.04432e+16,2022,1,1,Road Accidents,Narrow road,City/Town,Open area,Not Applicable,No,Fatal,Hit pedestrian,Uncontrolled,Straight and flat,Others,Bitumen(Tar),Not Applicable,Not Applicable,Clear,"GANGONDAHALLI MAIN ROAD,",ELECRICAL POLE,12,13.028093,77.4907336,0,0,0.0,0.0
Bengaluru City,Peenya Traffic PS,1.04432e+16,2022,1,2,Road Accidents,Not Applicable,City/Town,Near a factory industrial area,Not Applicable,Yes,Damage Only,Vehicle to Vehicle,No signal lights,Straight and flat,Others,Bitumen(Tar),Dry,Not Applicable,Cloudy,14TH CROSS PEENYA 2ND STAGE NEAR PUBLIC TOILET,NEAR PUBLI TOILET 14TH CROSS PEENYA 2ND STAGE,100 MT,13.016133,77.506147,0,0,0.0,0.0
Bengaluru City,Peenya Traffic PS,1.04432e+16,2022,1,2,Road Accidents,Not Applicable,City/Town,Open area,Human Error,No,Damage Only,Vehicle to Vehicle,Not Applicable,Straight and flat,NH,Bitumen(Tar),Dry,No influence on accident,Fine,NH 4 TUMAKURU ROAD NEAR JALAHALLI METRO STATION,NEAR JALAHALLI METRO STATION,100MT,13.039789,77.518899,0,0,0.0,0.0
Bengaluru City,Peenya Traffic PS,1.04432e+16,2022,1,2,Road Accidents,Not Applicable,City/Town,Open area,Human Error,Yes,Grievous Injury,Vehicle to Vehicle,No signal lights,Straight and flat,NH,Bitumen(Tar),Dry,Not Applicable,Fine,NH4 ROAD NEAR PEENYA FLYOVER PILLER NO 117,NEAR FLYOVER PILLER NO 117,100 MT,13.0478439,77.4994599,0,0,0.0,0.0
Bengaluru City,Peenya Traffic PS,1.04432e+16,2022,1,1,Road Accidents,Not Applicable,City/Town,At pedestrian Crossing,Not Applicable,Yes,Grievous Injury,Hit pedestrian,Signal lights Automatic,Straight and flat,NH,Bitumen(Tar),Dry,No influence on accident,Fine,NH 4 TUMAKURU BENGALURU ROAD NEAR T DASARAHALLI METRO STATION,NEAR T DASARAHALLI METRO,100 FT,0.0,0.0,0,0,0.0,0.0
Bengaluru City,Peenya Traffic PS,1.04432e+16,2022,1,2,Road Accidents,Cross roads,City/Town,Residential area,Human Error,Yes,Grievous Injury,Vehicle to Vehicle,Uncontrolled,Straight and flat,Sub Arterial,Bitumen(Tar),Dry,No influence on accident,Fine,DM PUBLIC SCHOOL ROAD,NEAR DM PUBLIC SCHOOL,50 MT,0.0,0.0,0,0,0.0,0.0
Bengaluru City,Peenya Traffic PS,1.04432e+16,2022,1,1,Road Accidents,Narrow road,City/Town,Residential area,Human Error,Yes,Fatal,Hit pedestrian,Not at  Junction,Straight and flat,Two way,Bitumen(Tar),Dry,No influence on accident,Very Hot,t dasarahalli pipe line road,OPP NO 92 ASHWINI TRADERS,10FT,13.047594,77.51953,0,0,0.0,0.0
Bengaluru City,Peenya Traffic PS,1.04432e+16,2022,1,2,Road Accidents,Bottleneck,City/Town,Open area,Human Error,No,Damage Only,Vehicle to Vehicle,No signal lights,Straight and flat,Service Road,Bitumen(Tar),Dry,Not Applicable,Fine,NH 4 TUMAKURU ROAD SERVICE ROAD,OPP IKIA SHOWROOM,30 MTR,13.041329,77.501189,0,0,0.0,0.0
Bengaluru City,Peenya Traffic PS,1.04432e+16,2022,1,1,Road Accidents,Junction,City/Town,Open area,Human Error,No,Damage Only,Not Applicable,No signal lights,Not Applicable,NH,Not Applicable,Others,No influence on accident,Fine,N H4 TUMKUR  ROAD,P S JUCTION,20 FEE,13.037753,77.522317,0,1,0.0,1.0
Bengaluru City,Peenya Traffic PS,1.04432e+16,2022,1,1,Road Accidents,Narrow road,City/Town,Open area,Not Applicable,Yes,Grievous Injury,Hit pedestrian,Uncontrolled,Straight and flat,Others,Bitumen(Tar),Dry,Not Applicable,Clear,SAWMIL ROAD,WALL,1.5 FE,13.038976,77.521669,0,0,0.0,0.0
Bengaluru City,Peenya Traffic PS,1.04432e+16,2022,1,1,Road Accidents,Narrow road,City/Town,Open area,Human Error,No,Grievous Injury,Hit pedestrian,Uncontrolled,Others,Residential Street,Bitumen(Tar),Dry,Not Applicable,Fine,NELAGADARANAHALLI MAIN ROAD NEAR BRIDGE,ELECRICAL POLE,30FEET,0.0,0.0,0,0,0.0,0.0
Bengaluru City,Peenya Traffic PS,1.04432e+16,2022,1,3,Road Accidents,Junction,City/Town,Open area,Human Error,No,Grievous Injury,Vehicle to Vehicle,Controlled,Others,NH,Bitumen(Tar),Dry,Not Applicable,Fine,NH- TUMAKUR ROAD NEAR CHOKKASANDRA JUNCTION,FLY OVER PILLER NO 66,25FEET,13.042439,77.514144,0,0,0.0,0.0
Bengaluru City,Peenya Traffic PS,1.04432e+16,2022,1,1,Road Accidents,Cross roads,City/Town,Open area,Human Error,Yes,Grievous Injury,Hit pedestrian,Uncontrolled,Hump,Residential Street,Bitumen(Tar),Dry,Not Applicable,Fine,T DASARAHALLI PIPE LINE ROAD NEAR NEEW UNCLE KICHEN,ELECRICAL POLE,35,13.045424,77.522863,0,0,0.0,0.0
Bengaluru City,Peenya Traffic PS,1.04432e+16,2022,1,2,Road Accidents,Junction,City/Town,Residential area,Human Error,Yes,Grievous Injury,Vehicle to Vehicle,Controlled,Others,NH,Bitumen(Tar),Dry,Not Applicable,Fine,NH-4 TUMAKUR ROAD NEAR JALAHALLI CROSS JUNCTION,FLY OVER PILLER NO 51,23FEET,13.040003,77.518407,0,0,0.0,0.0
Bengaluru City,Peenya Traffic PS,1.04432e+16,2022,1,1,Road Accidents,Narrow road,City/Town,Residential area,Human Error,Yes,Grievous Injury,Hit pedestrian,Uncontrolled,Others,Residential Street,Bitumen(Tar),Dry,Not Applicable,Fine,NH-4 TUMAKUR ROAD NEAR T DASARAHALLI METRO STATION,FLY OVER PILLER NO 70I,71FEET,0.0,0.0,0,0,0.0,0.0
Bengaluru City,Peenya Traffic PS,1.04432e+16,2022,1,2,Road Accidents,Not Applicable,City/Town,Open area,Vehicle Defect,No,Damage Only,Vehicle to Vehicle,Uncontrolled,Straight and flat,NH,Bitumen(Tar),Dry,Not Applicable,Clear,NH-4 PEENY FLY OVER,SIDE WALL,15FEET,13.04281,77.513084,0,0,0.0,0.0
Bengaluru City,Peenya Traffic PS,1.04432e+16,2022,1,3,Road Accidents,Curves,City/Town,Open area,Not Applicable,Yes,Fatal,Vehicle to Vehicle,Uncontrolled,Curve and Incline,Others,Bitumen(Tar),Dry,Not Applicable,Clear,"14 th cross ropad, PEENYA 2 ND STAGE",ELECRICAL POLE,30,13.014451,77.508829,0,0,0.0,0.0
Bengaluru City,Peenya Traffic PS,1.04432e+16,2022,1,1,Road Accidents,Bottleneck,City/Town,Near a factory industrial area,Not Applicable,No,Damage Only,Not Applicable,Uncontrolled,Straight and flat,Others,Bitumen(Tar),Dry,No influence on accident,Clear,BIG BAG ROAD NEAR SHREE PALIMAR COMPANY,NEAR SHREE PALIMAR COMPANY,20MTR,13.004312,77.495761,0,0,0.0,0.0
Bengaluru City,Peenya Traffic PS,1.04432e+16,2022,1,2,Road Accidents,Narrow road,City/Town,Open area,Not Applicable,Yes,Grievous Injury,Vehicle to Vehicle,Uncontrolled,Straight and flat,NH,Bitumen(Tar),Dry,Not Applicable,Clear,NH 04 TUMKUR ROAD,FLY OFVER PILLOR,28FEET,13.0347827,77.5291473,0,0,0.0,0.0
Bengaluru City,Peenya Traffic PS,1.04432e+16,2022,1,2,Road Accidents,Bottleneck,City/Town,Near office complex,Human Error,Yes,Grievous Injury,Vehicle to Vehicle,No signal lights,Straight and flat,Others,Bitumen(Tar),Dry,No influence on accident,Fine,HESARAGATTA MAIN ROAD,OPP VARUN MOTORS,10 MTR,13.0528042,77.5077312,0,0,0.0,0.0
Bengaluru City,Peenya Traffic PS,1.04432e+16,2022,1,1,Road Accidents,Curves,City/Town,Residential area,Human Error,No,Grievous Injury,Hit pedestrian,Not at  Junction,Curve,Others,Bitumen(Tar),Dry,No influence on accident,Clear,2nd d cross deffence colony,opp anugraha nilay,10 mtr,13.051699,77.506402,0,0,0.0,0.0
Bengaluru City,Peenya Traffic PS,1.04432e+16,2022,1,2,Road Accidents,Junction,City/Town,Near a factory industrial area,Human Error,No,Grievous Injury,Vehicle to Vehicle,No signal lights,Straight and flat,Others,Bitumen(Tar),Dry,No influence on accident,Cloudy,BRINDAVAN ROAD AND 4TH MAIN PEENYA INDUSTRIAL,OPP CLOUD WAVE  FACTORY,10 MTR,13.01912773,77.51011892,0,0,0.0,0.0
Bengaluru City,Peenya Traffic PS,1.04432e+16,2022,1,1,Road Accidents,Narrow road,City/Town,Near Bus stop,Human Error,Yes,Grievous Injury,Hit pedestrian,No signal lights,Straight and flat,NH,Bitumen(Tar),Others,Not Applicable,Fine,N H4 TUMKUR  ROAD,T DASARAHLLI MERTO STATION,15FEET,13.042884,77.513098,0,1,0.0,1.0
Bengaluru City,Peenya Traffic PS,1.04432e+16,2022,1,2,Road Accidents,Junction,City/Town,Open area,Not Applicable,No,Grievous Injury,Vehicle to Vehicle,Uncontrolled,Straight and flat,Others,Bitumen(Tar),Dry,Not Applicable,Clear,peenya 2 nd stage 3 rd main road and 2 nd cross road,ELECRICAL POLE,19 fee,13.013681,77.505766,0,0,0.0,0.0
Bengaluru City,Peenya Traffic PS,1.04432e+16,2022,1,1,Road Accidents,Not Applicable,City/Town,Near Hospital,Human Error,Yes,Grievous Injury,Hit pedestrian,Not at  Junction,Straight and flat,Arterial,Bitumen(Tar),Dry,No influence on accident,Clear,HESARAGATTA MAIN ROAD,OPP RELIANCE MAALL,30 FEE,13.048465,77.507741,0,0,0.0,0.0
Bengaluru City,Peenya Traffic PS,1.04432e+16,2022,1,2,Road Accidents,Junction,City/Town,Near a factory industrial area,Human Error,No,Simple Injury,Vehicle to Vehicle,Signal lights Automatic,Others,NH,Bitumen(Tar),Dry,Not Applicable,Fine,NH-4 TUMAKUR BANGALORE FLY OVER  NEAR 8 TH MILE JUNCTION,SRS JUCTION,16FEET,13.0347,77.529,0,0,0.0,0.0
Bengaluru City,Peenya Traffic PS,1.04432e+16,2022,1,1,Road Accidents,Narrow road,City/Town,Residential area,Human Error,Yes,Fatal,Hit pedestrian,Uncontrolled,Incline,Residential Street,Bitumen(Tar),Dry,Not Applicable,Fine,"PIA, PEENYA 4TH PHASE, 4TH MAIN ROAD NEAR R R POLJING FACTORY",ELECRICAL POLE,31FEET,0.0,0.0,0,0,0.0,0.0
Bengaluru City,Peenya Traffic PS,1.04432e+16,2022,1,1,Road Accidents,Junction,City/Town,Open area,Not Applicable,Yes,Fatal,Hit pedestrian,Signal lights Automatic,Straight and flat,NH,Bitumen(Tar),Dry,Not Applicable,Clear,NH4 BANGALORE TUMKUR ROAD,FLY OFVER PILLOR NO 49,13,13.039887,77.51843,0,0,0.0,0.0
Bengaluru City,Peenya Traffic PS,1.04432e+16,2022,1,2,Road Accidents,Not Applicable,City/Town,Residential area,Human Error,No,Damage Only,Vehicle to Vehicle,Controlled,Others,NH,Bitumen(Tar),Dry,Not Applicable,Fine,NH-4 TUMAKUR ROAD NEAR JALAHALLI CROSS JUNCTION,FLY OVER PILLAR NO 50,23FEET,13.039915,77.518444,0,0,0.0,0.0
Bengaluru City,Peenya Traffic PS,1.04432e+16,2022,1,2,Road Accidents,Junction,City/Town,Open area,Not Applicable,No,Fatal,Vehicle to Vehicle,Uncontrolled,Straight and flat,Others,Bitumen(Tar),Dry,Not Applicable,Clear,PIPELINE ROAD,CENTRE MEADIAN,8 FEET,0.0,0.0,0,0,0.0,0.0
Bengaluru City,Peenya Traffic PS,1.04432e+16,2022,1,2,Road Accidents,Junction,City/Town,Residential area,Not Applicable,No,Simple Injury,Vehicle to Vehicle,Uncontrolled,Straight and flat,State Highway,Bitumen(Tar),Dry,Not Applicable,Fine,HESARAGHATTA MAIN ROAD OPP VIJAYASHRI SCHOOL,OPP VIJAYASHRI SCHOOL,100 MT,0.0,0.0,0,0,0.0,0.0
Bengaluru City,Peenya Traffic PS,1.04432e+16,2022,1,1,Road Accidents,Not Applicable,City/Town,Open area,Human Error,No,Grievous Injury,Hit pedestrian,Uncontrolled,Straight and flat,Sub Arterial,Bitumen(Tar),Dry,Not Applicable,Cloudy,HESARAGHATTA MAIN ROAD NEAR BANK OF INDIA,NEAR BANK OF INDIA,20 MT,0.0,0.0,0,0,0.0,0.0
Bengaluru City,Peenya Traffic PS,1.04432e+16,2022,1,1,Road Accidents,Narrow road,City/Town,Open area,Not Applicable,Not Applicable,Fatal,Not Applicable,Uncontrolled,Straight and flat,NH,Bitumen(Tar),Not Applicable,Not Applicable,Clear,NH 4 PEENYA FLYOVER ROAD NEAR PEENYA PS JUNCTION,ELECRICAL POLE,15 FEE,13.038014,77.521862,0,0,0.0,0.0
Bengaluru City,Peenya Traffic PS,1.04432e+16,2022,1,1,Road Accidents,Junction,City/Town,Near Bus stop,Human Error,No,Simple Injury,Hit pedestrian,Signal lights Automatic,Straight and flat,State Highway,Bitumen(Tar),Dry,No influence on accident,Clear,HESARAGHATTA MAIN ROAD NEAR BAGALAGUNTE JUNCTION,BAGALAGUNTE JUNCTION,10,13.05692,77.507282,0,0,0.0,0.0
Bengaluru City,Peenya Traffic PS,1.04432e+16,2022,1,1,Road Accidents,Narrow road,City/Town,Near Bus stop,Human Error,No,Grievous Injury,Not Applicable,No signal lights,Curve,Two way,Bitumen(Tar),Dry,Not Applicable,Fine,MARKS CENETIC ELIVETER PVT LTD 14 TH CROSS,ELETRICLE POLE,40FEET,13.0176454,77.50329336,0,0,0.0,0.0
Bengaluru City,Peenya Traffic PS,1.04432e+16,2022,1,2,Road Accidents,Not Applicable,City/Town,Residential area,Human Error,Yes,Simple Injury,Vehicle to Vehicle,Not at  Junction,Straight and flat,Others,Bitumen(Tar),Dry,No influence on accident,Fine,SHETTIHALLI MAIN ROAD,NEAR JUNJAPPA TEMPLE SHETTIHALLI,500 MT,13.060831,77.515548,0,0,0.0,0.0
Bengaluru City,Peenya Traffic PS,1.04432e+16,2022,1,2,Road Accidents,Narrow road,City/Town,Open area,Not Applicable,Yes,Fatal,Vehicle to Vehicle,Uncontrolled,Straight and flat,Others,Bitumen(Tar),Dry,Not Applicable,Light Rain,PEENYA INDUSTRIAL MAIN ROAD,ELECRICAL POLE,39 FEE,13.018013,77.506616,0,0,0.0,0.0
Bengaluru City,Peenya Traffic PS,1.04432e+16,2022,1,1,Road Accidents,Not Applicable,City/Town,Residential area,Human Error,No,Grievous Injury,Vehicle to Vehicle,Uncontrolled,Others,NH,Bitumen(Tar),Dry,Not Applicable,Fine,NH-4 TUMAKUR SERVICE ROAD NEAR SHELL PETROL BUNK,FLY OVER PILLER NO 108A,40FEET,13.04714,77.501499,0,0,0.0,0.0
Bengaluru City,Peenya Traffic PS,1.04432e+16,2022,1,3,Not Applicable,Narrow road,City/Town,Near Hospital,Not Applicable,No,Fatal,Vehicle to Vehicle,Not at  Junction,Others,NH,Bitumen(Tar),Not Applicable,Not Applicable,Fine,NH-4 TUMAKUR ROAD NEAR JALAHALLI CROSS JUCTION,N H 4,10,13.042183,77.515716,0,0,0.0,0.0
Bengaluru City,Peenya Traffic PS,1.04432e+16,2022,1,1,Road Accidents,Narrow road,City/Town,Open area,Vehicle Defect,Yes,Grievous Injury,Hit pedestrian,Uncontrolled,Straight and flat,NH,Bitumen(Tar),Dry,Not Applicable,Clear,bagalagunte main road,ELECRICAL POLE,20 fee,13.056616,77.505123,0,0,0.0,0.0
Bengaluru City,Peenya Traffic PS,1.04432e+16,2022,1,2,Road Accidents,Junction,City/Town,Open area,Human Error,No,Grievous Injury,Vehicle to Vehicle,Signal lights Automatic,Others,NH,Bitumen(Tar),Dry,Not Applicable,Others,8TH MAIL JUCTION,8,2,13.045338,77.507316,0,0,0.0,0.0
Bengaluru City,Peenya Traffic PS,1.04432e+16,2022,1,2,Road Accidents,Junction,City/Town,Open area,Human Error,Yes,Grievous Injury,Vehicle to Vehicle,Controlled,Straight and flat,NH,Bitumen(Tar),Others,Not Applicable,Cloudy,NH-4 TUMAKUR ROAD 8TH MILE JUNCTION,8TH MILE JUNCTION,50 MT,13.04902,77.497218,0,1,0.0,1.0
Bengaluru City,Peenya Traffic PS,1.04432e+16,2022,1,2,Road Accidents,Bottleneck,City/Town,Open area,Human Error,No,Damage Only,Vehicle to Vehicle,Not at  Junction,Straight and flat,NH,Bitumen(Tar),Dry,Not Applicable,Fine,NH4 TUMAKURU ROAD NEAR WEDIA UPPER RAMP PEENYA,NEAR WEDIA UPPER RAMP PEENYA,100,0.0,0.0,0,0,0.0,0.0
Bengaluru City,Peenya Traffic PS,1.04432e+16,2022,1,1,Road Accidents,Bottleneck,City/Town,Open area,Human Error,No,Grievous Injury,Vehicle to Vehicle,No signal lights,Straight and flat,NH,Bitumen(Tar),Dry,Not Applicable,Fine,NH 4 ROAD N PEENYA FLYOVER NEAR DOWN RAMP,NEAR PEENYA FLYOVER DOWNRAMP,50MTR,13.04643,77.503676,0,0,0.0,0.0
Bengaluru City,Peenya Traffic PS,1.04432e+16,2022,1,2,Road Accidents,Narrow road,City/Town,Open area,Not Applicable,No,Damage Only,Vehicle to Vehicle,Uncontrolled,Straight and flat,NH,Bitumen(Tar),Dry,Not Applicable,Clear,PEENYA FLYOVER,ELECRICAL POLE,28FEET,13.042252,77.51476,0,0,0.0,0.0
Bengaluru City,Peenya Traffic PS,1.04432e+16,2022,1,2,Road Accidents,Junction,City/Town,Near Hospital,Human Error,Yes,Grievous Injury,Vehicle to Vehicle,Stop sign,Straight and flat,NH,Bitumen(Tar),Dry,Not Applicable,Fine,"NH-4 TUMKUR ROAD, NEAR 8 TH MILE SIGNAL JUNCTION",FLYOVER PILARNO89,30FEET,13.045067,77.50812,0,0,0.0,0.0
Bengaluru City,Peenya Traffic PS,1.04432e+16,2022,1,3,Road Accidents,Narrow road,City/Town,Open area,Human Error,No,Fatal,Vehicle to Vehicle,Not Applicable,Straight and flat,NH,Surfaced,Dry,Not Applicable,Fine,N H4 TUMKUR SERVICE  ROAD,IN FT OFF R V WINES,50 FT,13.036189,77.525032,0,0,,
Bengaluru City,Peenya Traffic PS,1.04432e+16,2022,1,2,Road Accidents,Not Applicable,City/Town,Near a factory industrial area,Not Applicable,No,Grievous Injury,Vehicle to Vehicle,No signal lights,Straight and flat,NH,Bitumen(Tar),Dry,Not Applicable,Fine,NH 4 ROAD SERVICE ROAD NEAR BHAVANI TIMBERS,NEAR BHAVANI TIMBERS,50 MT,13.04527,77.507316,0,0,0.0,0.0
Bengaluru City,Peenya Traffic PS,1.04432e+16,2022,1,2,Road Accidents,Junction,City/Town,Open area,Human Error,No,Simple Injury,Vehicle to Vehicle,Police / Manual,Straight and flat,NH,Bitumen(Tar),Dry,Not Applicable,Cloudy,NH 4 TUMAKURU ROAD PEENYA PS JUNCTION,PEENYA PS JUNCTION,100 MT,13.037983,77.521933,0,0,0.0,0.0
Bengaluru City,Peenya Traffic PS,1.04432e+16,2022,1,2,Not Applicable,Narrow road,City/Town,Open area,Not Applicable,Yes,Fatal,Vehicle to Vehicle,Uncontrolled,Straight and flat,NH,Bitumen(Tar),Dry,Engineering Defect of Road,Heavy Rain,NH 4 PEENYA FLYOVER ROAD NEAR PEENYA PS JUNCTION,ELECRICAL POLE,26FEET,13.042987,77.512735,4,0,0.0,4.0
Bengaluru City,Peenya Traffic PS,1.04432e+16,2022,1,2,Road Accidents,Junction,City/Town,Open area,Human Error,No,Grievous Injury,Vehicle to Vehicle,No signal lights,Curve,Others,Bitumen(Tar),Dry,Not Applicable,Fine,SHETTI HALLI MAIN ROAD AND MALLASANDR MAIN ROAD JUNCTION,SHETTI HALLI MAIN ROAD AND MALLASANDR MAIN ROAD JUNCTION,100 MT,13.059179,77.520251,0,0,0.0,0.0
Bengaluru City,Peenya Traffic PS,1.04432e+16,2022,1,2,Road Accidents,Narrow road,City/Town,In bazaar,Not Applicable,No,Grievous Injury,Vehicle to Vehicle,Not at  Junction,Straight and flat,Others,Bitumen(Tar),Dry,No influence on accident,Cloudy,S RAMESH ROAD,NEAR AYYAPPA MESS,10MTR,13.04527626,77.5147318,0,0,0.0,0.0
Bengaluru City,Peenya Traffic PS,1.04432e+16,2022,1,2,Road Accidents,Not Applicable,City/Town,Near Hospital,Human Error,Yes,Grievous Injury,Vehicle to Vehicle,Not at  Junction,Straight and flat,NH,Bitumen(Tar),Dry,No influence on accident,Cloudy,NH 4 TUMAKURU ROAD SERVICE ROAD,OPP MARUTHI GRANETS,20 MTR,13.0459152,77.5053608,0,0,0.0,0.0
Bengaluru City,Peenya Traffic PS,1.04432e+16,2022,1,1,Road Accidents,Narrow road,City/Town,Near Hospital,Human Error,Yes,Fatal,Hit pedestrian,Not Applicable,Curve,NH,Bitumen(Tar),Dry,Not Applicable,Clear,8TH MAIL JUCTION,N H 4,15FEET,13.045562,77.506622,0,0,0.0,0.0
Bengaluru City,Peenya Traffic PS,1.04432e+16,2022,1,2,Road Accidents,Curves,City/Town,Open area,Not Applicable,Yes,Grievous Injury,Vehicle to Vehicle,Uncontrolled,Curve,Others,Bitumen(Tar),Dry,Not Applicable,Clear,thigalarapalya main road,ELECRICAL POLE,25FEET,13.013649,77.499571,0,0,0.0,0.0
Bengaluru City,Peenya Traffic PS,1.04432e+16,2022,1,2,Road Accidents,Narrow road,City/Town,Near Hospital,Human Error,No,Grievous Injury,Vehicle to Vehicle,Not Applicable,Curve,Two way,Bitumen(Tar),Dry,Not Applicable,Fine,"NELLAGADARANAHALLI ROAD, NEAR NAGASANDRA JUNCTION",NELAGADARANAHALLI CROSS ROAD,30FEET,13.038461,77.504607,0,0,0.0,0.0
Bengaluru City,Peenya Traffic PS,1.04432e+16,2022,1,2,Road Accidents,Junction,City/Town,Open area,Not Applicable,No,Grievous Injury,Vehicle to Vehicle,Uncontrolled,Straight and flat,NH,Bitumen(Tar),Dry,Not Applicable,Clear,NH 4 ROAD,ELECTRIC POLE,13FEET,13.044923,77.5089166,0,0,0.0,0.0
Bengaluru City,Peenya Traffic PS,1.04432e+16,2022,1,1,Road Accidents,Narrow road,City/Town,Open area,Not Applicable,No,Fatal,Hit pedestrian,Uncontrolled,Not Applicable,NH,Bitumen(Tar),Dry,Not Applicable,Clear,NH 4 TUMKUR ROAD SERVICE ROAD,DEVIDER,06FEET,13.041045,77.517421,0,0,0.0,0.0
Bengaluru City,Peenya Traffic PS,1.04432e+16,2022,1,2,Road Accidents,Junction,City/Town,Near office complex,Human Error,No,Grievous Injury,Vehicle to Vehicle,No signal lights,Straight and flat,Others,Bitumen(Tar),Dry,Not Applicable,Cloudy,14TH CROSS PEENYA 2ND STAGE,NEAR SUB REGISTER OFFICE,100 MT,13.015576,77.506975,0,0,0.0,0.0
Bengaluru City,Peenya Traffic PS,1.04432e+16,2022,1,2,Road Accidents,Narrow road,City/Town,Near a factory industrial area,Human Error,No,Grievous Injury,Vehicle to Vehicle,Signals (Not working),Curve,Sub Arterial,Bitumen(Tar),Dry,Not Applicable,Fine,PEENYA INDUSTRIAL MAIN ROAD,PEENYA POLICE STATION JN,13FEET,13.026872,77.515619,0,0,0.0,0.0
Bengaluru City,Peenya Traffic PS,1.04432e+16,2022,1,2,Road Accidents,Junction,City/Town,Residential area,Not Applicable,Yes,Grievous Injury,Vehicle to Vehicle,Uncontrolled,Curve,Others,Bitumen(Tar),Dry,Not Applicable,Fine,HESARAGHATTA MAIN ROAD OPP HIMADRI HOTEL,OPP HIMADRI HOTEL HESARUGHATTA MAIN ROAD,1 KM,13.065551,77.503988,0,0,0.0,0.0
Bengaluru City,Peenya Traffic PS,1.04432e+16,2022,1,1,Road Accidents,Junction,City/Town,Near Hospital,Human Error,No,Grievous Injury,Hit pedestrian,Uncontrolled,Straight and flat,Arterial,Bitumen(Tar),Dry,Not Applicable,Fine,NELAGADARANAHALLI MAIN ROAD NEAR ASHWINI MEDICALS,NEAR ASHWINI MEDICALS,50 MT,0.0,0.0,0,0,0.0,0.0
Bengaluru City,Peenya Traffic PS,1.04432e+16,2022,1,2,Road Accidents,Narrow road,City/Town,Open area,Not Applicable,No,Damage Only,Vehicle to Vehicle,Uncontrolled,Straight and flat,Others,Bitumen(Tar),Dry,Not Applicable,Clear,HESARAGHATTA MAIN ROAD,CENTRE MEADIAN,18,13.05053522,77.507651,0,0,0.0,0.0
Bengaluru City,Peenya Traffic PS,1.04432e+16,2022,1,2,Road Accidents,Junction,City/Town,Residential area,Not Applicable,Yes,Grievous Injury,Vehicle to Vehicle,Uncontrolled,Straight and flat,Others,Bitumen(Tar),Dry,No influence on accident,Fine,BYARAVESHWAR NAGAR 2ND CROSS 3RD MAIN JUNCTION,NEAR BAGALAGUNTE LAKE,50MTR,13.060108,77.498362,0,0,0.0,0.0
Bengaluru City,Peenya Traffic PS,1.04432e+16,2022,1,1,Road Accidents,Not Applicable,City/Town,Near Hospital,Human Error,Yes,Grievous Injury,Hit pedestrian,No signal lights,Straight and flat,Arterial,Bitumen(Tar),Dry,No influence on accident,Clear,HESARAGATTA MAIN ROAD OPP ROYAL MART,OPP ROYAL MART,10 MTR,13.0496952,77.5076923,0,0,0.0,0.0
Bengaluru City,Peenya Traffic PS,1.04432e+16,2022,1,2,Road Accidents,Narrow road,City/Town,Open area,Not Applicable,No,Simple Injury,Vehicle to Vehicle,Uncontrolled,Straight and flat,Others,Bitumen(Tar),Dry,No influence on accident,Clear,thigalarapalya main road,ELECTRIC POLE,20FEET,0.0,0.0,0,0,0.0,0.0
Bengaluru City,Peenya Traffic PS,1.04432e+16,2022,1,2,Not Applicable,Narrow road,City/Town,Near Bus stop,Human Error,Yes,Fatal,Vehicle to Vehicle,Not at  Junction,Straight and flat,Service Road,Bitumen(Tar),Dry,Not Applicable,Fine,NEAR JALAHALLI METRO STATION,NEAR JALAHALLI METRO STATION,100 FT,13.0400237,77.5190202,0,0,0.0,0.0
Bengaluru City,Peenya Traffic PS,1.04432e+16,2022,1,1,Road Accidents,Offset,City/Town,Residential area,Human Error,No,Grievous Injury,Hit pedestrian,Uncontrolled,Others,Residential Street,Bitumen(Tar),Dry,Not Applicable,Fine,PEENYA 100 FEET ROAD NEAR SYSTEM BUS STOP,TREE,28FEET,13.03598,77.51825,0,0,0.0,0.0
Bengaluru City,Peenya Traffic PS,1.04432e+16,2022,1,2,Road Accidents,Not Applicable,City/Town,Residential area,Human Error,No,Grievous Injury,Vehicle to Vehicle,Uncontrolled,Others,NH,Bitumen(Tar),Dry,Not Applicable,Fine,NH-4 TUMAKUR ROAD NEAR PRASHANTH HOTEL,FLY OVER PILLER,80FEET,13.044044,77.510153,0,0,0.0,0.0
Bengaluru City,Peenya Traffic PS,1.04432e+16,2022,1,1,Road Accidents,Not Applicable,City/Town,Narrow bridge or culverts,Not Applicable,No,Damage Only,Not Applicable,Not Applicable,Others,Others,Not Applicable,Dry,Not Applicable,Clear,PIPELINE ROAD,PIPE LINR ROAD,1 K M,13.046176,77.521555,0,0,0.0,0.0