DISTRICTNAME,UNITNAME,Crime_No,Year,RI,Noofvehicle_involved,Accident_Classification,Accident_Spot,Accident_Location,Accident_SubLocation,Main_Cause,Hit_Run,Severity,Collision_Type,Junction_Control,Road_Character,Road_Type,Surface_Type,Surface_Condition,Road_Condition,Weather,Accident_Road,Landmark_first,Distance_LandMark_First,Latitude,Longitude,Road_Condition_Score,Surface_Condition_Score,Surface_Type_Score,Road_Risk_Index
Bengaluru City,Peenya Traffic PS,1.04432e+16,2022,1,2,Road Accidents,Junction,City/Town,Near office complex,Not Applicable,No,Grievous Injury,Vehicle to Vehicle,Uncontrolled,Straight and flat,Others,Bitumen(Tar),Dry,No influence on accident,Cloudy,14TH CROSS PEENYA 2ND STAGE,NEAR SUB REGISTER OFFICE,20mtr,13.154,77.50943,0,0,0.0,0.0
Bengaluru City,Peenya Traffic PS,1.04432e+16,2022,1,2,Road Accidents,Junction,City/Town,Residential area,Not Applicable,No,Grievous Injury,Vehicle to Vehicle,Uncontrolled,Straight and flat,Others,Bitumen(Tar),Dry,No influence on accident,Cloudy,HMT LAYOUT PARK ROAD AND 5TH CROSS ROAD JUNCTION,HMT LAYOUT PARK ROAD AND 5TH CROSS ROAD JUNCTION,0,13.035477,77.502067,0,0,0.0,0.0
Bengaluru City,Peenya Traffic PS,1.04432e+16,2022,1,1,Road Accidents,Bottleneck,City/Town,Near School or College,Not Applicable,No,Grievous Injury,Hit pedestrian,Not at  Junction,Straight and flat,Residential Street,Bitumen(Tar),Dry,No influence on accident,Fine,PIPELINE ROAD T DASARAHALLI,NEAR MAGNUM SCHOOL,20 MTR,13.055314,77.510351,0,0,0.0,0.0
Bengaluru City,Peenya Traffic PS,1.04432e+16,2022,1,2,Road Accidents,Junction,City/Town,Residential area,Human Error,No,Grievous Injury,Vehicle to Vehicle,Not at  Junction,Others,Others,Bitumen(Tar),Dry,No influence on accident,Fine,sidedahalli extension road,NEAR PK BEKARY,20MTR,13.062713,77.495187,0,0,0.0,0.0
Bengaluru City,Peenya Traffic PS,1.04432e+16,2022,1,2,Road Accidents,Not Applicable,City/Town,Near a factory industrial area,Not Applicable,Yes,Grievous Injury,Vehicle to Vehicle,Not at  Junction,Straight and flat,Residential Street,Bitumen(Tar),Dry,No influence on accident,Clear,PEENYA INDUSTRIAL MAIN ROAD,OPP PEENYA SMALL INDUSTRIE POST OFFICE,20 MTR,13.0182827,77.5067408,0,0,0.0,0.0
Bengaluru City,Peenya Traffic PS,1.04432e+16,2022,1,1,Road Accidents,Circle,City/Town,Open area,Not Applicable,No,Fatal,Hit pedestrian,Signal lights Automatic,Straight and flat,NH,Bitumen(Tar),Dry,Not Applicable,Clear,NH 04 TUMKUR ROAD,PILLAR,40FEET,13.039928,77.518325,0,0,0.0,0.0
Bengaluru City,Peenya Traffic PS,1.04432e+16,2022,1,2,Road Accidents,Narrow road,City/Town,Open area,Not Applicable,Yes,Grievous Injury,Vehicle to Vehicle,Signal lights Automatic,Straight and flat,NH,Bitumen(Tar),Dry,Not Applicable,Clear,NATIONAL HIGHWAY,CENTRE MEADIAN,35FEET,13.0399056,77.5184175,0,0,0.0,0.0
Bengaluru City,Peenya Traffic PS,1.04432e+16,2022,1,2,Road Accidents,Junction,City/Town,Residential area,Human Error,No,Grievous Injury,Vehicle to Vehicle,Uncontrolled,Others,Residential Street,Bitumen(Tar),Dry,Not Applicable,Fine,NELAGADARANAHALLI MAIN ROAD HMT LAYOUT 10 CROSS ROAD JUNCTION,ELECRICAL POLE,18FEET,13.0372468,77.4996091,0,0,0.0,0.0
Bengaluru City,Peenya Traffic PS,1.04432e+16,2022,1,2,Road Accidents,Narrow road,City/Town,Open area,Not Applicable,No,Damage Only,Vehicle to Vehicle,Uncontrolled,Straight and flat,Others,Bitumen(Tar),Dry,Not Applicable,Clear,T DASARAHALLI PIPE LINE ROAD NEAR NEEW UNCLE KICHEN,PARK,35FEET,0.0,0.0,0,0,0.0,0.0
Bengaluru City,Peenya Traffic PS,1.04432e+16,2022,1,2,Road Accidents,Narrow road,City/Town,In bazaar,Human Error,No,Grievous Injury,Vehicle to Vehicle,Not Applicable,Not Applicable,State Highway,Surfaced,Dry,Not Applicable,Others,HESRAGHATTA MAIN ROAD NEAR BONE MILE JUNCTTION,HESARUGATTA MAIN RD,23FEET,13.06523,77.504182,0,0,,
Bengaluru City,Peenya Traffic PS,1.04432e+16,2022,1,1,Road Accidents,Cross roads,City/Town,Near a factory industrial area,Human Error,No,Fatal,Not Applicable,Not at  Junction,Straight and flat,NH,Bitumen(Tar),Dry,No influence on accident,Cloudy,NH 4 ROAD SERVICE ROAD OPP STEEL CENTER COMPANY,OPP STEEL CENTER COMPANY,20 MTR,0.0,0.0,0,0,0.0,0.0
Bengaluru City,Peenya Traffic PS,1.04432e+16,2022,1,2,Road Accidents,Junction,City/Town,Near office complex,Not Applicable,No,Grievous Injury,Vehicle to Vehicle,Controlled,Straight and flat,NH,Bitumen(Tar),Dry,Not Applicable,Cloudy,NH 04 TUMKUR ROAD,SRS JUNCTION NH4 TUMAKURU ROAD,100 MT,13.034655,77.529636,0,0,0.0,0.0
Bengaluru City,Peenya Traffic PS,1.04432e+16,2022,1,2,Road Accidents,Narrow road,City/Town,Open area,Not Applicable,No,Damage Only,Vehicle to Vehicle,Controlled,Straight and flat,Others,Bitumen(Tar),Dry,Not Applicable,Clear,PEENYA POLICE STATION ROAD,FOOT PATH,12FEET,13.037912,77.521903,0,0,0.0,0.0
Bengaluru City,Peenya Traffic PS,1.04432e+16,2022,1,5,Road Accidents,Junction,City/Town,Open area,Human Error,Yes,Simple Injury,Vehicle to Vehicle,Police / Manual,Straight and flat,NH,Bitumen(Tar),Dry,No influence on accident,Cloudy,NH 4 ROAD NEAR PS JUNCTION,NEAR PS JUNCTION,10 MTR,13.03778,77.52225,0,0,0.0,0.0
Bengaluru City,Peenya Traffic PS,1.04432e+16,2022,1,1,Road Accidents,Junction,City/Town,Near Bus stop,Human Error,No,Damage Only,Not Applicable,Controlled,Straight and flat,NH,Bitumen(Tar),Dry,No influence on accident,Clear,NH 04 TUMKUR ROAD,IN CHOKKASANDRA JUNCTION,5 MT,0.0,0.0,0,0,0.0,0.0
Bengaluru City,Peenya Traffic PS,1.04432e+16,2022,1,2,Road Accidents,Bottleneck,City/Town,Open area,Not Applicable,No,Damage Only,Vehicle to Vehicle,Not at  Junction,Straight and flat,NH,Bitumen(Tar),Dry,No influence on accident,Fine,NH 4 TUMAKURU BENGALURU ROAD,NEAR PARLE TOLL,30 MTR,13.049908,77.493684,0,0,0.0,0.0
Bengaluru City,Peenya Traffic PS,1.04432e+16,2022,1,2,Road Accidents,Bottleneck,City/Town,Residential area,Human Error,No,Grievous Injury,Vehicle to Vehicle,No signal lights,Others,Residential Street,Bitumen(Tar),Dry,No influence on accident,Cloudy,SHETTIHALLI MAIN ROAD,NEAR GURUDEV STORE,15 FT,13.061562,77.518947,0,0,0.0,0.0
Bengaluru City,Peenya Traffic PS,1.04432e+16,2022,1,1,Road Accidents,Cross roads,City/Town,Residential area,Human Error,No,Grievous Injury,Hit pedestrian,Not Applicable,Straight and flat,Residential Street,Concrete,Dry,No influence on accident,Others,SHIVANAND NAGAR CROSS HEGGANAHALLI,NEAR MARUTHI GARMENTS,4 MTR,13.005086,77.50309,0,0,0.0,0.0
Bengaluru City,Peenya Traffic PS,1.04432e+16,2022,1,2,Road Accidents,Junction,City/Town,Open area,Not Applicable,No,Damage Only,Vehicle to Vehicle,Uncontrolled,Straight and flat,Others,Bitumen(Tar),Dry,Not Applicable,Clear,100 FEET ROAD PEENYA,ELECRICAL POLE,12FEET,13.036354,77.518354,0,0,0.0,0.0
Bengaluru City,Peenya Traffic PS,1.04432e+16,2022,1,2,Road Accidents,Curves,City/Town,Open area,Human Error,No,Grievous Injury,Vehicle to Vehicle,Not at  Junction,Curve,NH,Bitumen(Tar),Muddy,Not Applicable,Fine,N H4 TUMKUR  ROAD,Manjunth nagar cross road,30FEET,13.0490426,77.4969082,0,4,0.0,4.0
Bengaluru City,Peenya Traffic PS,1.04432e+16,2022,1,1,Road Accidents,Narrow road,City/Town,Open area,Not Applicable,Yes,Grievous Injury,Hit pedestrian,Uncontrolled,Straight and flat,Others,Bitumen(Tar),Dry,Not Applicable,Clear,NELADARANAHALLI MAIN ROAD,TREEE,17 FEE,13.032386,77.503801,0,0,0.0,0.0
Bengaluru City,Peenya Traffic PS,1.04432e+16,2022,1,2,Road Accidents,Narrow road,City/Town,Open area,Not Applicable,Yes,Grievous Injury,Vehicle to Vehicle,Uncontrolled,Straight and flat,NH,Bitumen(Tar),Dry,Not Applicable,Clear,NH 4 ROAD,FLY OVER PILLAR NO 96,31 FEE,13.045576,77.506269,0,0,0.0,0.0
Bengaluru City,Peenya Traffic PS,1.04432e+16,2022,1,1,Road Accidents,Circle,City/Town,At pedestrian Crossing,Human Error,No,Grievous Injury,Hit pedestrian,Not Applicable,Others,Service Road,Bitumen(Tar),Dry,Not Applicable,Fine,"NEAR GANAPATHI CIRCLE,RAJAGOPALA NAGARA,PEENY A2 ND STAGE, BENGALORE",FOOTPATH60,30FEET,13.022739,77.516791,0,0,0.0,0.0
Bengaluru City,Peenya Traffic PS,1.04432e+16,2022,1,2,Road Accidents,Not Applicable,City/Town,Residential area,Human Error,No,Grievous Injury,Vehicle to Vehicle,Controlled,Others,NH,Bitumen(Tar),Dry,Not Applicable,Fine,NH-4 TUMAKUR ROAD NEAR JALAHALLI CROSS JUNCTION,FLY OVER PILLER NO 51,23FEET,13.039991,77.518414,0,0,0.0,0.0
Bengaluru City,Peenya Traffic PS,1.04432e+16,2022,1,1,Road Accidents,Narrow road,City/Town,In bazaar,Vehicle Defect,Yes,Fatal,Hit pedestrian,Signals (Working),Straight and flat,NH,Bitumen(Tar),Dry,Not Applicable,Fine,NH-4 TUMKUR ROAD NEAR T DASARAHALLI METRO STATION LAT,FLYOVER PILLAR NO71,33 FEE,13.043095,77.512907,0,0,0.0,0.0
Bengaluru City,Peenya Traffic PS,1.04432e+16,2022,1,2,Road Accidents,Narrow road,City/Town,Residential area,Human Error,No,Grievous Injury,Vehicle to Vehicle,Controlled,Others,Residential Street,Bitumen(Tar),Dry,Not Applicable,Fine,PEENYA 100 FEET ROAD NEAR T V S CROSS,TREE,20FEET,13.025811,77.520778,0,0,0.0,0.0
Bengaluru City,Peenya Traffic PS,1.04432e+16,2022,1,1,Road Accidents,Cross roads,City/Town,At pedestrian Crossing,Human Error,No,Simple Injury,Hit pedestrian,No signal lights,Straight and flat,NH,Bitumen(Tar),Wet,Not Applicable,Cloudy,NH-4 TUMAKUR BANGALORE OPP KENNAMETAL WEDIA FACTORY,JALAHALLI CROSS,3 FEET,13.039934,77.518314,0,3,0.0,3.0
Bengaluru City,Peenya Traffic PS,1.04432e+16,2022,1,2,Road Accidents,Junction,City/Town,Near Bus stop,Not Applicable,No,Grievous Injury,Vehicle to Vehicle,Signal lights Automatic,Straight and flat,NH,Bitumen(Tar),Dry,Not Applicable,Fine,NH-4 BENGALURU TUMKURU ROAD JALAHALLI CROSS JUNCTION,JALAHALLI CROSS JN,100 mt,13.040046,77.518342,0,0,0.0,0.0
Bengaluru City,Peenya Traffic PS,1.04432e+16,2022,1,2,Road Accidents,Junction,City/Town,Near Bus stop,Not Applicable,No,Damage Only,Vehicle to Vehicle,Controlled,Straight and flat,NH,Bitumen(Tar),Dry,Not Applicable,Cloudy,NH 4 ROAD JALAHALLI CROSS JUNCTION,JALAHALLI CROSS JUNCTION,10 MTR,0.0,0.0,0,0,0.0,0.0
Bengaluru City,Peenya Traffic PS,1.04432e+16,2022,1,2,Road Accidents,Junction,City/Town,Near Petrol Pump,Human Error,Yes,Grievous Injury,Vehicle to Vehicle,Controlled,Straight and flat,NH,Bitumen(Tar),Dry,No influence on accident,Cloudy,NH 4 TUMAKURU ROAD 8TH MILE JUNCTION,8TH MILE JUNCTION,5MT,0.0,0.0,0,0,0.0,0.0
Bengaluru City,Peenya Traffic PS,1.04432e+16,2022,1,2,Road Accidents,Curves,City/Town,Open area,Human Error,No,Simple Injury,Vehicle to Vehicle,Not at  Junction,Curve,Others,Bitumen(Tar),Dry,No influence on accident,Fine,SRS ROAD NEAR WATER TANK PEENYA,NEAR WATER TANK,10MT,13.0318968,77.5258857,0,0,0.0,0.0
Bengaluru City,Peenya Traffic PS,1.04432e+16,2022,1,2,Road Accidents,Junction,City/Town,Near Bus stop,Not Applicable,No,Simple Injury,Vehicle to Vehicle,Uncontrolled,Curve,Others,Bitumen(Tar),Dry,No influence on accident,Fine,PIPELINE ROAD,NEAR BASAVESHWAR BUS STOP,30NTR,13.04372,77.525555,0,0,0.0,0.0
Bengaluru City,Peenya Traffic PS,1.04432e+16,2022,1,1,Road Accidents,Narrow road,City/Town,Open area,Not Applicable,No,Fatal,Hit pedestrian,Uncontrolled,Straight and flat,NH,Bitumen(Tar),Dry,Not Applicable,Clear,NH 04 TUMKUR ROAD,FLY OFVER PILLOR NO 76,8 FEET,13.043477,77.511301,0,0,0.0,0.0
Bengaluru City,Peenya Traffic PS,1.04432e+16,2022,1,1,Road Accidents,Bottleneck,City/Town,In bazaar,Human Error,Yes,Grievous Injury,Hit pedestrian,Not at  Junction,Straight and flat,Residential Street,Bitumen(Tar),Dry,No influence on accident,Cloudy,RAJAGOPAL NAGAR MAIN ROAD OPP ISHWARYA BEKARI,AISHWARY BEKARI,30 FT,0.0,0.0,0,0,0.0,0.0
Bengaluru City,Peenya Traffic PS,1.04432e+16,2022,1,2,Road Accidents,Narrow road,City/Town,Open area,Not Applicable,Yes,Grievous Injury,Vehicle to Vehicle,Uncontrolled,Straight and flat,Others,Bitumen(Tar),Dry,Not Applicable,Clear,thigalarapalya main road,ELECRICAL POLE,13 FEE,13.013839,77.500036,0,0,0.0,0.0
Bengaluru City,Peenya Traffic PS,1.04432e+16,2022,1,1,Road Accidents,Not Applicable,City/Town,Near a factory industrial area,Human Error,No,Grievous Injury,Vehicle to Vehicle,Not at  Junction,Straight and flat,Others,Bitumen(Tar),Dry,No influence on accident,Cloudy,1ST MAIN ROAD ANDRAHALI,NEAR HANUMAN GARMENTS,10 MTR,0.0,0.0,0,0,0.0,0.0
Bengaluru City,Peenya Traffic PS,1.04432e+16,2022,1,1,Road Accidents,Narrow road,City/Town,Open area,Human Error,No,Simple Injury,Hit pedestrian,Not at  Junction,Straight and flat,Two way,Concrete,Dry,No influence on accident,Clear,tippenahalli main road,OPP MANJULA ENCLAVE,10 MTR,13.03859898,77.48441495,0,0,0.0,0.0
Bengaluru City,Peenya Traffic PS,1.04432e+16,2022,1,1,Road Accidents,Narrow road,City/Town,Residential area,Not Applicable,Yes,Grievous Injury,Vehicle to Vehicle,Uncontrolled,Straight and flat,Others,Bitumen(Tar),Dry,Construction Work / Material,Clear,MARUTHI LAY OUT 6 TH CROSS,ELECRICAL POLE,8 FEET,13.030941,77.501614,2,0,0.0,2.0
Bengaluru City,Peenya Traffic PS,1.04432e+16,2022,1,3,Road Accidents,Junction,City/Town,At pedestrian Crossing,Human Error,No,Fatal,Hit pedestrian,Controlled,Others,Sub Arterial,Bitumen(Tar),Dry,No influence on accident,Fine,100 FEER ROAD TVS CROSS JUNCTION,OPP PUBLIC TOILET,15 FT,13.0286565,77.5195678,0,0,0.0,0.0
Bengaluru City,Peenya Traffic PS,1.04432e+16,2022,1,2,Road Accidents,Not Applicable,City/Town,Open area,Human Error,No,Grievous Injury,Vehicle to Vehicle,Uncontrolled,Others,NH,Bitumen(Tar),Dry,Not Applicable,Fine,NH-4 TUMAKUR ROAD NEAR NAGASANDRA METRO STATION,METRO PILLER 113I,35FEET,0.0,0.0,0,0,0.0,0.0
Bengaluru City,Peenya Traffic PS,1.04432e+16,2022,1,2,Road Accidents,Circle,City/Town,Near Petrol Pump,Human Error,No,Grievous Injury,Vehicle to Vehicle,Not at  Junction,Curve,Two way,Bitumen(Tar),Dry,Not Applicable,Fine,"UDAYAGIRI PETROL PUMP,JUNCTION 100FEET ROAD, PEENYA INDUSTRIAL AREA",DUGGAMANA TEMPLE ROAD 30FEET,15FEET,13.023513,77.77521695,0,0,0.0,0.0
Bengaluru City,Peenya Traffic PS,1.04432e+16,2022,1,2,Road Accidents,Not Applicable,City/Town,Open area,Human Error,No,Grievous Injury,Vehicle to Vehicle,Uncontrolled,Straight and flat,Residential Street,Bitumen(Tar),Dry,Not Applicable,Fine,NELAGADARANAHALLI MAIN ROAD NEAR KARIOBANAHALLI,TREE,20FEET,13.01628,77.483889,0,0,0.0,0.0
Bengaluru City,Peenya Traffic PS,1.04432e+16,2022,1,1,Road Accidents,Junction,City/Town,Residential area,Human Error,No,Grievous Injury,Vehicle to Vehicle,Controlled,Others,NH,Bitumen(Tar),Dry,Not Applicable,Fine,NH-4 TUMAKUR ROAD NEAR SRS JUNCTION,FLY OVER PILLER,6FEET,13.0347298,77.529606,0,0,0.0,0.0
Bengaluru City,Peenya Traffic PS,1.04432e+16,2022,1,1,Not Applicable,Road hump or Rumble strips,City/Town,Residential area,Human Error,No,Fatal,Not Applicable,Controlled,Straight and flat,Two way,Bitumen(Tar),Dry,Not Applicable,Fine,PIPELINE ROAD,PIPE LINR ROAD,5,0.0,0.0,0,0,0.0,0.0
Bengaluru City,Peenya Traffic PS,1.04432e+16,2022,1,2,Road Accidents,Narrow road,City/Town,Residential area,Human Error,No,Grievous Injury,Vehicle to Vehicle,Uncontrolled,Others,Residential Street,Bitumen(Tar),Dry,Not Applicable,Fine,NARAYANAPURA MAIN ROAD NEAR MICRO TECH COMPANY,ELECRICAL POLE,25FEET,13.0424681,77.5259337,0,0,0.0,0.0
Bengaluru City,Peenya Traffic PS,1.04432e+16,2022,1,2,Road Accidents,Junction,City/Town,Open area,Not Applicable,No,Damage Only,Vehicle to Vehicle,Controlled,Straight and flat,NH,Bitumen(Tar),Dry,Not Applicable,Clear,NH 04 TUMKUR ROAD,PILLAR,50feet,13.0452,77.50664,0,0,0.0,0.0
Bengaluru City,Peenya Traffic PS,1.04432e+16,2022,1,2,Road Accidents,Narrow road,City/Town,Open area,Not Applicable,No,Fatal,Vehicle to Vehicle,Uncontrolled,Straight and flat,Others,Bitumen(Tar),Dry,Not Applicable,Clear,NELADARANAHALLI MAIN ROAD,ELECRICAL POLE,09 FEE,13.0343733,77.5048596,0,0,0.0,0.0
Bengaluru City,Peenya Traffic PS,1.04432e+16,2022,1,2,Road Accidents,Junction,City/Town,Near Petrol Pump,Human Error,No,Grievous Injury,Vehicle to Vehicle,Signals (Working),Straight and flat,NH,Bitumen(Tar),Dry,Not Applicable,Cloudy,NH 4 TUMAKURU BENGALURU 8TH MILE JUNCTION,8TH MILE JUNCTION,100 MT,0.0,0.0,0,0,0.0,0.0
Bengaluru City,Peenya Traffic PS,1.04432e+16,2022,1,4,Road Accidents,Not Applicable,City/Town,Open area,Human Error,No,Damage Only,Vehicle to Vehicle,No signal lights,Others,NH,Bitumen(Tar),Dry,Not Applicable,Fine,NH 4 TUMAKURU ROAD ON PEENY FLYOVER,NEAR ROCK LNE MALL ON PEENYA FLYOVER,100 MT,0.0,0.0,0,0,0.0,0.0
Bengaluru City,Peenya Traffic PS,1.04432e+16,2022,1,1,Road Accidents,Bottleneck,City/Town,Near office complex,Not Applicable,No,Simple Injury,Hit pedestrian,Not at  Junction,Straight and flat,NH,Bitumen(Tar),Dry,No influence on accident,Cloudy,NH 4 TUMAKURU BENGALURU ROAD opp abisu diagnostics,OPP ABISU DIAGNOSTICS,30 MTR,13.04348,77.511373,0,0,0.0,0.0
Bengaluru City,Peenya Traffic PS,1.04432e+16,2022,1,2,Road Accidents,Junction,City/Town,Residential area,Human Error,No,Grievous Injury,Vehicle to Vehicle,Not Applicable,Not Applicable,Residential Street,Not Applicable,Dry,Not Applicable,Fine,OFFICEER MODEL COLONY,lakshmi ortho center,10 FEE,13.04658,77.520147,0,0,0.0,0.0
Bengaluru City,Peenya Traffic PS,1.04432e+16,2022,1,1,Road Accidents,Narrow road,City/Town,Residential area,Human Error,No,Fatal,Hit pedestrian,Not Applicable,Straight and flat,Residential Street,Surfaced,Dry,No influence on accident,Fine,PIPELINE ROAD,PIPE LINR ROAD,3 FEET,0.0,0.0,0,0,,
Bengaluru City,Peenya Traffic PS,1.04432e+16,2022,1,2,Road Accidents,Narrow road,City/Town,Open area,Not Applicable,No,Grievous Injury,Vehicle to Vehicle,Controlled,Straight and flat,NH,Bitumen(Tar),Dry,Not Applicable,Clear,"8th mile junction, nh-4 national highway",PILLAR,18FEET,13.045253,77.507359,0,0,0.0,0.0
Bengaluru City,Peenya Traffic PS,1.04432e+16,2022,1,2,Road Accidents,Junction,City/Town,Open area,Human Error,No,Grievous Injury,Vehicle to Vehicle,Controlled,Straight and flat,NH,Bitumen(Tar),Dry,Not Applicable,Fine,NH4 TUMAKURU ROAD CHOKKASANDRA JUNCTION,CHOKKASANDRA JN,100 mt,0.0,0.0,0,0,0.0,0.0
Bengaluru City,Peenya Traffic PS,1.04432e+16,2022,1,1,Road Accidents,Not Applicable,City/Town,Open area,Human Error,No,Grievous Injury,Not Applicable,Not at  Junction,Straight and flat,Service Road,Bitumen(Tar),Dry,Not Applicable,Cloudy,NH 4 ROAD SERVICE ROAD NEAR JALAHALLI METRO STATION,NEAR JALAHALLI METRO,50 MTR,0.0,0.0,0,0,0.0,0.0
Bengaluru City,Peenya Traffic PS,1.04432e+16,2022,1,1,Road Accidents,Narrow road,City/Town,Open area,Not Applicable,No,Grievous Injury,Vehicle to Vehicle,Uncontrolled,Straight and flat,NH,Bitumen(Tar),Dry,Not Applicable,Clear,NH 4 PEENYA FLYOVER ROAD NEAR PEENYA PS JUNCTION,PILLAR,32FEET,13.043359,77.511786,0,0,0.0,0.0
Bengaluru City,Peenya Traffic PS,1.04432e+16,2022,1,1,Road Accidents,Bottleneck,City/Town,Near Hospital,Human Error,No,Grievous Injury,Hit pedestrian,No signal lights,Straight and flat,Others,Bitumen(Tar),Others,No influence on accident,Clear,HESARAGHATTA MAIN ROAD,NEAR RAMACHANDRA HOSPITAL,20 MTR,13.50821,77.507953,0,1,0.0,1.0
Bengaluru City,Peenya Traffic PS,1.04432e+16,2022,1,2,Road Accidents,Junction,City/Town,Open area,Not Applicable,No,Grievous Injury,Vehicle to Vehicle,Uncontrolled,Straight and flat,Others,Bitumen(Tar),Dry,Not Applicable,Clear,MALLASANDRA SHETTIHALLI MAIN ROAD,BUS STOP,25FEET,13.0577883,77.5212751,0,0,0.0,0.0
Bengaluru City,Peenya Traffic PS,1.04432e+16,2022,1,2,Road Accidents,Narrow road,City/Town,Residential area,Human Error,No,Damage Only,Vehicle to Vehicle,Uncontrolled,Others,Residential Street,Bitumen(Tar),Dry,Not Applicable,Fine,NH-4 TUMAKUR ROAD NEAR CHOKKASANDRA,FLY OVER PILLER NO 66,5FEET,13.042395,77.51463,0,0,0.0,0.0
Bengaluru City,Peenya Traffic PS,1.04432e+16,2022,1,2,Road Accidents,Not Applicable,City/Town,Residential area,Human Error,No,Damage Only,Vehicle to Vehicle,Uncontrolled,Others,NH,Bitumen(Tar),Dry,Not Applicable,Fine,NH-4 TUMAKUR PEENYA FLY OVER ROAD NEAR BSNL OFFICE,ELECRICAL POLE,16FEET,0.0,0.0,0,0,0.0,0.0
Bengaluru City,Peenya Traffic PS,1.04432e+16,2022,1,2,Road Accidents,Narrow road,City/Town,Open area,Human Error,Yes,Fatal,Vehicle to Vehicle,Not Applicable,Not Applicable,Two way,Not Applicable,Not Applicable,Not Applicable,Very Cold,GANGONDANAHALLI MAIN ROAD,GANGONDANAHALLI MAIN ROAD,31 FEE,13.0290863,77.4832824,0,0,0.0,0.0
Bengaluru City,Peenya Traffic PS,1.04432e+16,2022,1,1,Road Accidents,Bottleneck,City/Town,Near office complex,Not Applicable,Yes,Grievous Injury,Hit pedestrian,Not at  Junction,Straight and flat,Sub Arterial,Bitumen(Tar),Dry,No influence on accident,Fine,"PIPE LINE ROAD T DASARAHALLI, NEAR INDIRA CANTIN",NEAR HARSHITA HOTEL,10MTR,13.0498987,77.5166177,0,0,0.0,0.0
Bengaluru City,Peenya Traffic PS,1.04432e+16,2022,1,2,Road Accidents,Junction,City/Town,Open area,Not Applicable,Yes,Grievous Injury,Vehicle to Vehicle,Uncontrolled,Straight and flat,Others,Bitumen(Tar),Dry,Not Applicable,Cloudy,DODDANNA INDUSTRIAL AREA MAIN ROAD NEAR DIVYA TOLING WORK SHOP,ELECRTICAL POLE,27,13.005727,77.510534,0,0,0.0,0.0
Bengaluru City,Peenya Traffic PS,1.04432e+16,2022,1,1,Road Accidents,Not Applicable,City/Town,Open area,Not Applicable,Not Applicable,Simple Injury,Hit pedestrian,Uncontrolled,Not Applicable,Not Applicable,Bitumen(Tar),Dry,Not Applicable,Fine,NEAR JHNANAVARDHAKA SCHOOL,LAVAKUSHA NAGAR,7 KM,0.0,0.0,0,0,0.0,0.0
Bengaluru City,Peenya Traffic PS,1.04432e+16,2023,1,1,Road Accidents,Narrow road,City/Town,Near Hospital,Not Applicable,Yes,Grievous Injury,Hit pedestrian,Uncontrolled,Straight and flat,Others,Bitumen(Tar),Dry,Not Applicable,Clear,HEGGANAHALLI MAIN ROAD,ELECRICAL POLE,16FEET,13.0069467,77.5054567,0,0,0.0,0.0
Bengaluru City,Peenya Traffic PS,1.04432e+16,2023,1,2,Road Accidents,Junction,City/Town,Open area,Human Error,No,Grievous Injury,Vehicle to Vehicle,No signal lights,Not Applicable,Arterial,Bitumen(Tar),Dry,Not Applicable,Fine,VIJAYA ROLLING MILL,TREE,10 MTR,13.026432,77.514599,0,0,0.0,0.0
Bengaluru City,Peenya Traffic PS,1.04432e+16,2023,1,1,Road Accidents,Junction,City/Town,Open area,Human Error,No,Fatal,Hit pedestrian,Give way sign,Curve and Incline,Arterial,Bitumen(Tar),Dry,Not Applicable,Fine,NEAR SRINISHI WELDING SHOP PIPE LINE ROAD,PARK,40FEET,13.055548,77.510448,0,0,0.0,0.0
Bengaluru City,Peenya Traffic PS,1.04432e+16,2023,1,2,Road Accidents,Circle,City/Town,Near a factory industrial area,Human Error,No,Simple Injury,Vehicle to Vehicle,Controlled,Others,NH,Not Applicable,Others,Not Applicable,Mist or Fog,PEENYA INDUSTRIAL 2ND CROSS JUNCTION OPP BINIX ENGINEERING FACTORY,LIGHT PLASTIC INDUSTRI,30FEET,13.034206,77.5240053,0,1,0.0,1.0
Bengaluru City,Peenya Traffic PS,1.04432e+16,2023,1,2,Road Accidents,Cross roads,City/Town,Near a factory industrial area,Human Error,No,Simple Injury,Vehicle to Vehicle,Controlled,Straight and flat,NH,Bitumen(Tar),Dry,Not Applicable,Fine,HITAJI COMPANY BASAVESHVARA ROAD,HITAJI COMPANY,40 FT,13.022491,77.326548,0,0,0.0,0.0
Bengaluru City,Peenya Traffic PS,1.04432e+16,2023,1,1,Not Applicable,Junction,City/Town,Near Bus stop,Human Error,No,Damage Only,Not Applicable,Controlled,Others,Others,Bitumen(Tar),Dry,Not Applicable,Fine,TVS CROSS,20 MTR,1 KM,13.028445,77.519584,0,0,0.0,0.0
Bengaluru City,Peenya Traffic PS,1.04432e+16,2023,1,1,Road Accidents,Narrow road,City/Town,Open area,Human Error,Not Applicable,Simple Injury,Not Applicable,Not Applicable,Straight and flat,Sub Arterial,Bitumen(Tar),Dry,Not Applicable,Fine,"OPP MANJULA PUB;LIC SCHOOL,",TREE,40FEET,13.02815,77.503293,0,0,0.0,0.0
Bengaluru City,Peenya Traffic PS,1.04432e+16,2023,1,2,Road Accidents,Narrow road,City/Town,Near Petrol Pump,Human Error,Yes,Grievous Injury,Vehicle to Vehicle,Not at  Junction,Not Applicable,Two way,Bitumen(Tar),Dry,Not Applicable,Fine,SATVA APARTMENT NH4,TUMKUR ROAD,5 KM,13.0446443,77.5088245,0,0,0.0,0.0
Bengaluru City,Peenya Traffic PS,1.04432e+16,2023,1,1,Road Accidents,Narrow road,City/Town,Residential area,Human Error,No,Grievous Injury,Hit pedestrian,No signal lights,Not Applicable,Residential Street,Bitumen(Tar),Dry,Not Applicable,Others,"ANDRAHALLI MAIN ROAD,  NEAR R C FRESH CHICKEN STOLE",ELECRICLE POLE,30FEET,13.027226,77.492262,0,0,0.0,0.0
Bengaluru City,Peenya Traffic PS,1.04432e+16,2023,1,1,Road Accidents,Junction,City/Town,Open area,Human Error,Not Applicable,Damage Only,Not Applicable,Signal lights Automatic,Others,NH,Bitumen(Tar),Dry,Not Applicable,Cloudy,CHOKKASANDRA JUNCTION,METRO PILLER,20FEET,13.042492,55.51465,0,0,0.0,0.0