DISTRICTNAME,UNITNAME,Crime_No,Year,RI,Noofvehicle_involved,Accident_Classification,Accident_Spot,Accident_Location,Accident_SubLocation,Main_Cause,Hit_Run,Severity,Collision_Type,Junction_Control,Road_Character,Road_Type,Surface_Type,Surface_Condition,Road_Condition,Weather,Accident_Road,Landmark_first,Distance_LandMark_First,Latitude,Longitude,Road_Condition_Score,Surface_Condition_Score,Surface_Type_Score,Road_Risk_Index
Bengaluru City,Peenya Traffic PS,1.04432e+16,2023,1,1,Road Accidents,Cross roads,City/Town,Residential area,Human Error,No,Grievous Injury,Hit pedestrian,Not Applicable,Others,Others,Bitumen(Tar),Dry,Not Applicable,Others,OPP SUMA CONDIMENTS,ELECRICLE POLE,40FEET,13.02188,77.495262,0,0,0.0,0.0
Bengaluru City,Peenya Traffic PS,1.04432e+16,2023,1,1,Road Accidents,Cross roads,City/Town,Near a factory industrial area,Human Error,Yes,Grievous Injury,Hit pedestrian,Controlled,Straight and flat,Others,Not Applicable,Others,Not Applicable,Fog / Mist,NEAR SHIVASHAKTI AGENCY RAJGOPAL NAGAR MAIN ROAD,MANGAL JYOTI AISHWARY TEXTAILE BAKERY,30FEET,13.016703,77.511776,0,1,0.0,1.0
Bengaluru City,Peenya Traffic PS,1.04432e+16,2023,1,2,Road Accidents,Junction,City/Town,Open area,Human Error,No,Simple Injury,Vehicle to Vehicle,Controlled,Straight and flat,NH,Bitumen(Tar),Dry,Not Applicable,Fine,NH 04 TUMKUR ROAD,T DASARAHALLI SIGNAL,0,13.042286,77.51459,0,0,0.0,0.0
Bengaluru City,Peenya Traffic PS,1.04432e+16,2023,1,2,Road Accidents,Circle,City/Town,Near Bus stop,Human Error,No,Simple Injury,Vehicle to Vehicle,Controlled,Straight and flat,NH,Not Applicable,Not Applicable,Not Applicable,Fog / Mist,CHOKASANDRA SIGNAL,AYYAPPA FOOTVER,30FEET,13.042426,77.514647,0,0,0.0,0.0
Bengaluru City,Peenya Traffic PS,1.04432e+16,2023,1,1,Road Accidents,Curves,City/Town,Near Bus stop,Human Error,Yes,Simple Injury,Hit pedestrian,Controlled,Straight and flat,NH,Not Applicable,Others,Not Applicable,Fog / Mist,"OPP SOUNDARYA HOTEL ,NH-4 TUMAKURU ROAD",SOUNDARYA HOTEL,30FEET,13.042584,77.513085,0,1,0.0,1.0
Bengaluru City,Peenya Traffic PS,1.04432e+16,2023,1,2,Road Accidents,Cross roads,City/Town,Near a factory industrial area,Human Error,Yes,Simple Injury,Vehicle to Vehicle,Controlled,Straight and flat,Others,Not Applicable,Others,Not Applicable,Fog / Mist,DYANAMETIC ROAD NEAR CIRCLE,VARUN INDUSTRY,30FEET,13.035915,77.513102,0,1,0.0,1.0
Bengaluru City,Peenya Traffic PS,1.04432e+16,2023,1,2,Road Accidents,Circle,City/Town,Near a factory industrial area,Human Error,No,Fatal,Vehicle to Vehicle,Controlled,Straight and flat,NH,Not Applicable,Others,Not Applicable,Clear,PEENYA PS JUNCTION NATIONAL HIGWAY 4 TUMAKURURU ROAD,PS SIGNAL,30 FEE,13.01875,77.256987,0,1,0.0,1.0
Bengaluru City,Peenya Traffic PS,1.04432e+16,2023,1,2,Road Accidents,Cross roads,City/Town,Near a factory industrial area,Human Error,No,Grievous Injury,Vehicle to Vehicle,Controlled,Straight and flat,Others,Not Applicable,Others,Not Applicable,Fog / Mist,OPP POWER TECH COMPANY MAIN PEENYA,POWER TECH COMPANY,30FEET,13.025267,77.519108,0,1,0.0,1.0
Bengaluru City,Peenya Traffic PS,1.04432e+16,2023,1,2,Road Accidents,Narrow road,City/Town,Open area,Not Applicable,No,Grievous Injury,Vehicle to Vehicle,Uncontrolled,Straight and flat,NH,Bitumen(Tar),Dry,Not Applicable,Clear,NH 04 TUMKUR  servise ROAD,FOOT PATH,14FEET,13.050622,77.492846,0,0,0.0,0.0
Bengaluru City,Peenya Traffic PS,1.04432e+16,2023,1,2,Road Accidents,Not Applicable,City/Town,Near a factory industrial area,Human Error,No,Fatal,Vehicle to Vehicle,Not at  Junction,Straight and flat,NH,Bitumen(Tar),Dry,Not Applicable,Clear,NH 4 TUMAKURU BENGALURU ROAD OPP PARLE G FACTORY,PARLE G FACTORY,100 FT,13.050292,77.49343,0,0,0.0,0.0
Bengaluru City,Peenya Traffic PS,1.04432e+16,2023,1,2,Road Accidents,Circle,City/Town,Near Bus stop,Human Error,No,Simple Injury,Vehicle to Vehicle,Controlled,Straight and flat,NH,Not Applicable,Others,Not Applicable,Others,8TH MILE JUNCTION TUMKUR ROAD,PILLAR NO911,60FEET,13.045402,77.50734,0,1,0.0,1.0
Bengaluru City,Peenya Traffic PS,1.04432e+16,2023,1,2,Road Accidents,Circle,City/Town,Near Hospital,Human Error,No,Damage Only,Vehicle to Vehicle,Controlled,Straight and flat,NH,Not Applicable,Others,Not Applicable,Clear,FASARAHHLI SIGNAL MH-4 TUMKUR ROAD,METRO STATION,50FEET,13.042762,77.512972,0,1,0.0,1.0
Bengaluru City,Peenya Traffic PS,1.04432e+16,2023,1,2,Road Accidents,Circle,Rural Areas,Near a factory industrial area,Human Error,No,Not Applicable,Hit pedestrian,Controlled,Straight and flat,Others,Not Applicable,Not Applicable,Not Applicable,Clear,ITC FACTORY GATE BASAVESHWARA BUS STOP,ITC FACTORY,30FEET,13.040068,77.523607,0,0,0.0,0.0
Bengaluru City,Peenya Traffic PS,1.04432e+16,2023,1,3,Road Accidents,Narrow road,City/Town,In bazaar,Human Error,No,Simple Injury,Vehicle to Vehicle,Not at  Junction,Not Applicable,NH,Bitumen(Tar),Dry,Not Applicable,Clear,VIDEO UPPER ramp,TUMKUR ROAD,3.0 KM,13.049144,77.495667,0,0,0.0,0.0
Bengaluru City,Peenya Traffic PS,1.04432e+16,2023,1,2,Road Accidents,Not Applicable,City/Town,Open area,Human Error,Yes,Grievous Injury,Vehicle to Vehicle,Uncontrolled,Straight and flat,Not Applicable,Bitumen(Tar),Dry,Not Applicable,Fine,ANDRAHALLI ROAD,NEAR LAKSHMI BAR AND RESTUARENT,6 KM,13.007691,77.501169,0,0,0.0,0.0
Bengaluru City,Peenya Traffic PS,1.04432e+16,2023,1,2,Road Accidents,Junction,City/Town,Open area,Human Error,Yes,Grievous Injury,Vehicle to Vehicle,Police / Manual,Not Applicable,Others,Bitumen(Tar),Dry,No influence on accident,Fine,NELAGADARANAHALLI MAIN ROAD,HMS FURNITURES,20 FEE,13.038494,77.504543,0,0,0.0,0.0
Bengaluru City,Peenya Traffic PS,1.04432e+16,2023,1,1,Road Accidents,Narrow road,City/Town,Residential area,Human Error,No,Fatal,Hit pedestrian,Uncontrolled,Curve,Sub Arterial,Bitumen(Tar),Dry,Not Applicable,Fine,AKASH THEATRE ROAD,TREE,40FEET,13.0053,77.31003,0,0,0.0,0.0
Bengaluru City,Peenya Traffic PS,1.04432e+16,2023,1,2,Road Accidents,Narrow road,City/Town,Open area,Human Error,No,Simple Injury,Vehicle to Vehicle,No signal lights,Others,Others,Bitumen(Tar),Dry,Not Applicable,Fine,"7 TH MAIN JUNCTION,PEENYA 2ND STAGE",ELECTRICAL POLE,40FEET,0.0,0.0,0,0,0.0,0.0
Bengaluru City,Peenya Traffic PS,1.04432e+16,2023,1,1,Road Accidents,Narrow road,City/Town,Residential area,Human Error,Yes,Grievous Injury,Hit pedestrian,Not Applicable,Not Applicable,Residential Street,Bitumen(Tar),Dry,Not Applicable,Clear,ANDRAHALLI MAIN ROAD,ANDRAHALLI MAIN ROAD,4,13.007138,77.502473,0,0,0.0,0.0
Bengaluru City,Peenya Traffic PS,1.04432e+16,2023,1,2,Road Accidents,Narrow road,City/Town,Open area,Human Error,Yes,Grievous Injury,Vehicle to Vehicle,No signal lights,Straight and flat,Sub Arterial,Bitumen(Tar),Dry,Not Applicable,Fine,NEAR RATHNA PROVISION STONE MANJUNATH NAGAR,TREE,40FEET,13.052776,77.49551,0,0,0.0,0.0
Bengaluru City,Peenya Traffic PS,1.04432e+16,2023,1,2,Road Accidents,Circle,City/Town,Open area,Human Error,No,Simple Injury,Vehicle to Vehicle,Uncontrolled,Straight and flat,NH,Bitumen(Tar),Dry,Not Applicable,Fine,NEAR NAGASANDRA METRO STATION,METRO PILLER,50FEET,13.047821,77.499947,0,0,0.0,0.0
Bengaluru City,Peenya Traffic PS,1.04432e+16,2023,1,2,Road Accidents,Narrow road,City/Town,Near Hospital,Human Error,No,Grievous Injury,Vehicle to Vehicle,Controlled,Straight and flat,Sub Arterial,Bitumen(Tar),Others,Not Applicable,Clear,OPP SHRUSHUTA HOSPITAL  ANDRAL;LI MAIN ROAD,SHRUSHRUTA HOSPIATAL,30FEET,13.044734,77.508822,0,1,0.0,1.0
Bengaluru City,Peenya Traffic PS,1.04432e+16,2023,1,2,Road Accidents,Narrow road,City/Town,Open area,Human Error,No,Damage Only,Vehicle to Vehicle,Not Applicable,Not Applicable,NH,Bitumen(Tar),Dry,Not Applicable,Clear,NH 4 TUMAKURU BENGALURU ROAD opp abisu diagnostics,SATVA APARTMENT,50 FT,13.030958,77.512633,0,0,0.0,0.0
Bengaluru City,Peenya Traffic PS,1.04432e+16,2023,1,2,Road Accidents,Not Applicable,City/Town,Open area,Human Error,No,Damage Only,Vehicle to Vehicle,Not at  Junction,Straight and flat,NH,Bitumen(Tar),Dry,No influence on accident,Fine,NH 4 TUMAKURU ROAD ON PEENYA FLYOVER NEAR PEENYA INDUSTRI METRO,NEAR PEENYA INDUSTRI METRO,50 MTR,13.046544,77.503499,0,0,0.0,0.0
Bengaluru City,Peenya Traffic PS,1.04432e+16,2023,1,2,Road Accidents,Narrow road,City/Town,Open area,Human Error,Yes,Fatal,Vehicle to Vehicle,Signal lights Automatic,Straight and flat,NH,Bitumen(Tar),Dry,No influence on accident,Fine,NH4 TUMAKURU ROAD,CENTER MEDIAN,25FT,13.039275,77.519632,0,0,0.0,0.0
Bengaluru City,Peenya Traffic PS,1.04432e+16,2023,1,2,Not Applicable,Narrow road,City/Town,Open area,Not Applicable,Yes,Grievous Injury,Vehicle to Vehicle,Not Applicable,Others,NH,Bitumen(Tar),Dry,Not Applicable,Clear,100 feet road,ELECTRIC POLE,22FEET,13.048424,77.497972,0,0,0.0,0.0
Bengaluru City,Peenya Traffic PS,1.04432e+16,2023,1,3,Road Accidents,Junction,City/Town,Open area,Human Error,No,Simple Injury,Vehicle to Vehicle,Signal lights Automatic,Straight and flat,NH,Bitumen(Tar),Dry,No influence on accident,Others,SRS JUNCTION,METRO PILLER,40FEET,13.034776,77.529693,0,0,0.0,0.0
Bengaluru City,Peenya Traffic PS,1.04432e+16,2023,1,1,Road Accidents,Junction,City/Town,Open area,Human Error,No,Grievous Injury,Hit pedestrian,Not at  Junction,Not Applicable,NH,Bitumen(Tar),Dry,Not Applicable,Fine,PEENYA INDUSTRIAL METRO STATION,METRO PILLER,12FEET,13.035418,77.526692,0,0,0.0,0.0
Bengaluru City,Peenya Traffic PS,1.04432e+16,2023,1,1,Road Accidents,Curves,City/Town,Residential area,Human Error,Not Applicable,Fatal,Not Applicable,Uncontrolled,Not Applicable,Residential Street,Bitumen(Tar),Dry,Not Applicable,Fine,"NEAR BESCOM OFFICE, GG HALLI",TREE,20FEET,13.030464,77.501497,0,0,0.0,0.0
Bengaluru City,Peenya Traffic PS,1.04432e+16,2023,1,1,Road Accidents,Narrow road,City/Town,Residential area,Human Error,Yes,Grievous Injury,Hit pedestrian,Uncontrolled,Straight and flat,Not Applicable,Bitumen(Tar),Not Applicable,Not Applicable,Cloudy,NEAR SHANI MAHATMA TEMPLE,TREE,12FEET,13.035996,77.493697,0,0,0.0,0.0
Bengaluru City,Peenya Traffic PS,1.04432e+16,2023,1,2,Road Accidents,Circle,City/Town,Near Bus stop,Human Error,No,Simple Injury,Vehicle to Vehicle,Controlled,Straight and flat,NH,Bitumen(Tar),Others,Not Applicable,Clear,SRS JUNCTION TUMKUR ROAD NH-4,SRS JUCNTOIN,30FEET,13.034723,77.529652,0,1,0.0,1.0
Bengaluru City,Peenya Traffic PS,1.04432e+16,2023,1,2,Road Accidents,Junction,City/Town,Open area,Human Error,No,Damage Only,Vehicle to Vehicle,Controlled,Straight and flat,NH,Bitumen(Tar),Dry,No influence on accident,Cloudy,NH-4 TUMAKUR BANGALORE ROAD PEENYA PS JUNCTION,PEENYA PS JUNCTION,0,13.037849,77.522269,0,0,0.0,0.0
Bengaluru City,Peenya Traffic PS,1.04432e+16,2023,1,1,Not Applicable,Circle,City/Town,Near Bus stop,Human Error,Yes,Simple Injury,Hit pedestrian,Controlled,Straight and flat,Others,Not Applicable,Others,Not Applicable,Clear,"BUS STOP,SAROJANI HOSPITAL FRONT NAGASANDRA",BUS STOP,30FEET,13.041082,77.50475,0,1,0.0,1.0
Bengaluru City,Peenya Traffic PS,1.04432e+16,2023,1,2,Road Accidents,Circle,City/Town,Near Hospital,Human Error,No,Fatal,Vehicle to Vehicle,Controlled,Straight and flat,NH,Not Applicable,Others,Not Applicable,Clear,DEEPAK U TURN NH-4 TUMKURU ROAD,NAGASANDRA METRO,50FEET,13.022491,77.325648,0,1,0.0,1.0
Bengaluru City,Peenya Traffic PS,1.04432e+16,2023,1,2,Road Accidents,Cross roads,City/Town,Near School or College,Human Error,No,Simple Injury,Vehicle to Vehicle,Controlled,Straight and flat,Others,Not Applicable,Others,Not Applicable,Mist or Fog,NEAR SHARADA SCHOOL LAGGERI BENGALURU,SHARADA VIDYA MANDIRA,30 FT,13.009586,77.520511,0,1,0.0,1.0
Bengaluru City,Peenya Traffic PS,1.04432e+16,2023,1,1,Road Accidents,Circle,City/Town,Near Hospital,Human Error,No,Fatal,Hit pedestrian,Give way sign,Straight and flat,NH,Not Applicable,Wet,Not Applicable,Fog / Mist,8TH MILE JUNCTION NH-4 TUMKUR ROAD,PETROLL BUNK,60FEET,13.045359,77.507301,0,3,0.0,3.0
Bengaluru City,Peenya Traffic PS,1.04432e+16,2023,1,2,Road Accidents,Circle,City/Town,In bazaar,Human Error,No,Grievous Injury,Vehicle to Vehicle,Controlled,Straight and flat,Others,Not Applicable,Not Applicable,Not Applicable,Clear,SHETTY HALLI MAIN ROAD GNESH HOTEL,HOTEL,50FEET,13.06056,77.513771,0,0,0.0,0.0
Bengaluru City,Peenya Traffic PS,1.04432e+16,2023,1,2,Road Accidents,Junction,City/Town,Residential area,Human Error,Yes,Grievous Injury,Vehicle to Vehicle,Uncontrolled,Straight and flat,Others,Bitumen(Tar),Dry,No influence on accident,Clear,3RD MAIN 13 RD CROSS ROAD JUNCION HMT LAYOUT,RUTHU FRESH FOOD,10 MTR,13.03749,77.496206,0,0,0.0,0.0
Bengaluru City,Peenya Traffic PS,1.04432e+16,2023,1,2,Road Accidents,Narrow road,City/Town,Near a religious place,Human Error,Yes,Simple Injury,Vehicle to Vehicle,No signal lights,Straight and flat,Two way,Bitumen(Tar),Dry,Not Applicable,Fine,NEAR ROCK LINE STUDIO GUNDAPPA  LAYOUT,NEAR CHARCHU,20FEET,13.040652,77.496228,0,0,0.0,0.0
Bengaluru City,Peenya Traffic PS,1.04432e+16,2023,1,1,Road Accidents,Junction,City/Town,Open area,Human Error,Yes,Damage Only,Not Applicable,Police / Manual,Others,NH,Bitumen(Tar),Dry,No influence on accident,Clear,NH 4 TUMAKURU ROAD,SRS JUNCTION,0,13.034707,77.529644,0,0,0.0,0.0
Bengaluru City,Peenya Traffic PS,1.04432e+16,2023,1,3,Road Accidents,Circle,City/Town,Open area,Human Error,No,Grievous Injury,Vehicle to Vehicle,Uncontrolled,Curve,Not Applicable,Bitumen(Tar),Dry,Not Applicable,Fine,"3RD MN RD,PEENYA 2ND STAGE BUS STOP",TREE,20FEET,13.01201231,77.50491368,0,0,0.0,0.0
Bengaluru City,Peenya Traffic PS,1.04432e+16,2023,1,2,Road Accidents,Junction,City/Town,Open area,Human Error,No,Simple Injury,Vehicle to Vehicle,Signal lights Automatic,Straight and flat,NH,Bitumen(Tar),Dry,Not Applicable,Fine,"P S JUNCTION, NH4",ELECRICLE POLE,40FEET,13.03791,77.521825,0,0,0.0,0.0
Bengaluru City,Peenya Traffic PS,1.04432e+16,2023,1,1,Road Accidents,Circle,City/Town,Near Bus stop,Human Error,No,Fatal,Not Applicable,Controlled,Straight and flat,NH,Not Applicable,Others,Not Applicable,Fog / Mist,HESARAGHATTA MAIN ROAD,8TH MAIL JUNCTION,30FEET,13.048065,77.507994,0,1,0.0,1.0
Bengaluru City,Peenya Traffic PS,1.04432e+16,2023,1,2,Road Accidents,Circle,City/Town,Near Bus stop,Human Error,No,Simple Injury,Vehicle to Vehicle,No signal lights,Straight and flat,NH,Not Applicable,Others,Not Applicable,Fog / Mist,NAVAYUGA NEAR TOLL PEENYA NH4 TUMKUR ROAD,BMTC BUS STOP,70FEET,13.05085,77.49201,0,1,0.0,1.0
Bengaluru City,Peenya Traffic PS,1.04432e+16,2023,1,2,Road Accidents,Cross roads,City/Town,Near Hospital,Human Error,Yes,Simple Injury,Vehicle to Vehicle,Controlled,Straight and flat,Others,Not Applicable,Others,Not Applicable,Clear,OOP TO VENKATESHWARA MEDICAL RAMAIAH LAYUOT NAGSANDRA,VENKATASHWARA MEDICAL,30FEET,13.04899,77.502081,0,1,0.0,1.0
Bengaluru City,Peenya Traffic PS,1.04432e+16,2023,1,2,Road Accidents,Cross roads,City/Town,Open area,Human Error,No,Grievous Injury,Vehicle to Vehicle,Give way sign,Others,Sub Arterial,Bitumen(Tar),Dry,Not Applicable,Fine,NEAR CHRIST UNIVERCITY COLLEGE,COLLEGE,20FEET,13.036366,77.50435,0,0,0.0,0.0
Bengaluru City,Peenya Traffic PS,1.04432e+16,2023,1,2,Road Accidents,Curves,City/Town,Near a factory industrial area,Human Error,Yes,Simple Injury,Vehicle to Vehicle,Controlled,Straight and flat,Others,Not Applicable,Others,Not Applicable,Fog / Mist,G K W LAYOUT MAIN ROAD LAGGERE,INTERNATIONAL ROBOTIC WORLD AND OBJECT DISPLY,30FEET,13.008437,77.509761,0,1,0.0,1.0
Bengaluru City,Peenya Traffic PS,1.04432e+16,2023,1,2,Road Accidents,Not Applicable,City/Town,Open area,Human Error,Yes,Simple Injury,Vehicle to Vehicle,Controlled,Straight and flat,Others,Bitumen(Tar),Dry,Not Applicable,Fine,SHETTIHALLI MAIN ROAD,ERLS PALACE KALANA MANTAPA,40 FT,13.019901,77.326548,0,0,0.0,0.0
Bengaluru City,Peenya Traffic PS,1.04432e+16,2023,1,1,Road Accidents,Cross roads,City/Town,Near School or College,Human Error,No,Simple Injury,Hit pedestrian,Controlled,Straight and flat,Others,Not Applicable,Others,Not Applicable,Fog / Mist,NELGADARANAHALLI FAMILEYS SUPER MARKET,FAMYLES SUPER MARKET,30FEET,13.034208,77.504171,0,1,0.0,1.0
Bengaluru City,Peenya Traffic PS,1.04432e+16,2023,1,1,Road Accidents,Circle,City/Town,Near Bus stop,Human Error,No,Grievous Injury,Hit pedestrian,Controlled,Straight and flat,Others,Not Applicable,Others,Not Applicable,Clear,OPP BMTC BUS STOP HESARUGHATTA MAIN ROAD,BMTC BUS STOP,50FEET,13.013203,77.326548,0,1,0.0,1.0
Bengaluru City,Peenya Traffic PS,1.04432e+16,2023,1,2,Road Accidents,Narrow road,City/Town,Narrow bridge or culverts,Human Error,No,Damage Only,Vehicle to Vehicle,Not at  Junction,Not Applicable,NH,Bitumen(Tar),Dry,Not Applicable,Clear,PEENYA FLY OVER NH-4 TUMKUR ROAD,FLY OVER PILLOR,10FEET,13.036987,77.5238,0,0,0.0,0.0
Bengaluru City,Peenya Traffic PS,1.04432e+16,2023,1,2,Road Accidents,Narrow road,City/Town,Open area,Human Error,Yes,Grievous Injury,Vehicle to Vehicle,Uncontrolled,Straight and flat,Not Applicable,Bitumen(Tar),Dry,Not Applicable,Fine,OPP SUVIDHA STEEL DUGGALAMMA ROAD,GANAPATHI NAGAR,4 KM,13.022492,77.5184369,0,0,0.0,0.0
Bengaluru City,Peenya Traffic PS,1.04432e+16,2023,1,2,Road Accidents,Narrow road,City/Town,Near Hospital,Human Error,Yes,Grievous Injury,Vehicle to Vehicle,Signals (Working),Straight and flat,Two way,Bitumen(Tar),Dry,Not Applicable,Fine,NEAR HOME TIMBERS NELAGADARANAHALLI,ELETRICLE POLE,30FEET,13.04419,77.5052659,0,0,0.0,0.0
Bengaluru City,Peenya Traffic PS,1.04432e+16,2023,1,2,Road Accidents,Circle,City/Town,In bazaar,Human Error,Yes,Grievous Injury,Vehicle to Vehicle,Uncontrolled,Curve and Incline,Others,Bitumen(Tar),Dry,Not Applicable,Fine,HMT LAY OUT,GANESHA CLINIC,6 KM,13.032532,77.499229,0,0,0.0,0.0
Bengaluru City,Peenya Traffic PS,1.04432e+16,2023,1,2,Road Accidents,Circle,City/Town,Open area,Human Error,Yes,Grievous Injury,Vehicle to Vehicle,No signal lights,Straight and flat,Others,Bitumen(Tar),Dry,Not Applicable,Fine,NELAGADARANAHALLI MAIN ROAD,CANARA BANK ATM,4 KM,13.040102,77.504661,0,0,0.0,0.0
Bengaluru City,Peenya Traffic PS,1.04432e+16,2023,1,1,Road Accidents,Narrow road,City/Town,Near Bus stop,Human Error,Yes,Grievous Injury,Hit pedestrian,Not Applicable,Not Applicable,Not Applicable,Bitumen(Tar),Dry,Not Applicable,Clear,HEGGANAHALLI MAIN ROAD,HEGGANAHALLI,100 FT,13.006166,77.505244,0,0,0.0,0.0
Bengaluru City,Peenya Traffic PS,1.04432e+16,2023,1,2,Road Accidents,Junction,City/Town,Near Petrol Pump,Human Error,No,Grievous Injury,Vehicle to Vehicle,Signal lights Automatic,Not Applicable,NH,Bitumen(Tar),Others,Not Applicable,Fine,NEAR INDIAN OIL PRTROL BUNK NH4,METRO PILLER 104,20FEET,13.046183,77.504135,0,1,0.0,1.0
Bengaluru City,Peenya Traffic PS,1.04432e+16,2023,1,2,Road Accidents,Junction,City/Town,Residential area,Human Error,No,Simple Injury,Vehicle to Vehicle,Uncontrolled,Straight and flat,Others,Bitumen(Tar),Dry,Not Applicable,Fine,NEAR PEENYA DL TRACK 3RD MAIN CAR MOBIOLE ROAD,ELECRICAL POLE,20FEET,13.03694,77.52969,0,0,0.0,0.0
Bengaluru City,Peenya Traffic PS,1.04432e+16,2023,1,2,Road Accidents,Narrow road,City/Town,In bazaar,Human Error,No,Grievous Injury,Vehicle to Vehicle,Not at  Junction,Not Applicable,Residential Street,Bitumen(Tar),Not Applicable,No influence on accident,Clear,ANDRAHALLI MAIN ROAD,PEENYA 2ND STAGE,16FEET,33.01095,77.506636,0,0,0.0,0.0
Bengaluru City,Peenya Traffic PS,1.04432e+16,2023,1,2,Road Accidents,Curves,City/Town,Near a factory industrial area,Human Error,Yes,Simple Injury,Vehicle to Vehicle,Controlled,Straight and flat,Others,Not Applicable,Others,Not Applicable,Clear,NEAR PARIJATA HOTEL 9TH CROSS 4TH MAIN GANAPATI NAGARA PEENYA INDUSTRY,PARIJATA HOTEL,30FEET,0.0,0.0,0,1,0.0,1.0
Bengaluru City,Peenya Traffic PS,1.04432e+16,2023,1,2,Road Accidents,Cross roads,City/Town,Near Bus stop,Human Error,No,Simple Injury,Vehicle to Vehicle,Controlled,Straight and flat,Others,Not Applicable,Others,Not Applicable,Clear,PEENYA PS ROAD 6TH MAIN ROAD,BUS STOP,50FEET,13.0154,77.483282,0,1,0.0,1.0
Bengaluru City,Peenya Traffic PS,1.04432e+16,2023,1,1,Road Accidents,Not Applicable,City/Town,In bazaar,Human Error,Yes,Grievous Injury,Hit pedestrian,Controlled,Straight and flat,Others,Bitumen(Tar),Dry,Not Applicable,Fine,4TH CROSS  L G RAMANNA LAYOUT,4TH CROSS,100 mt,13.025381,77.503988,0,0,0.0,0.0
Bengaluru City,Peenya Traffic PS,1.04432e+16,2023,1,2,Road Accidents,Not Applicable,City/Town,Open area,Human Error,No,Simple Injury,Vehicle to Vehicle,Controlled,Straight and flat,NH,Bitumen(Tar),Dry,Not Applicable,Clear,NH 4 TUMAKUR ROAD,RAYAL ENFIELD SHOW ROOM,50FEET,13.044923,77.509821,0,0,0.0,0.0
Bengaluru City,Peenya Traffic PS,1.04432e+16,2023,1,1,Not Applicable,Cross roads,City/Town,Near Bus stop,Human Error,No,Grievous Injury,Hit pedestrian,Controlled,Straight and flat,Others,Bitumen(Tar),Dry,Not Applicable,Fog / Mist,doddabidurukal,SIDDAGANGA CIRCLE,200 MT,13.028308,77.4964,0,0,0.0,0.0
Bengaluru City,Peenya Traffic PS,1.04432e+16,2023,1,2,Road Accidents,Junction,City/Town,Open area,Human Error,Yes,Simple Injury,Vehicle to Vehicle,Signal lights Automatic,Straight and flat,NH,Bitumen(Tar),Dry,Not Applicable,Fine,"PEENYA PS SIGNAL,NH4",PEENYA FLY OVER PILLER 38,20FEET,13.037854,77.522232,0,0,0.0,0.0
Bengaluru City,Peenya Traffic PS,1.04432e+16,2023,1,2,Road Accidents,Narrow road,City/Town,Open area,Human Error,Yes,Grievous Injury,Vehicle to Vehicle,Not at  Junction,Straight and flat,NH,Bitumen(Tar),Dry,Not Applicable,Fine,NH4,SHOBA APPARTMENT,4,13.0469421,77.5020054,0,0,0.0,0.0
Bengaluru City,Peenya Traffic PS,1.04432e+16,2023,1,2,Road Accidents,Junction,City/Town,In bazaar,Human Error,Yes,Grievous Injury,Vehicle to Vehicle,Signal lights Automatic,Straight and flat,Not Applicable,Bitumen(Tar),Dry,Not Applicable,Fine,T DASARAHALLI,JAIN TEMPLE,1.5,13.046286,77.513983,0,0,0.0,0.0
Bengaluru City,Peenya Traffic PS,1.04432e+16,2023,1,2,Road Accidents,Narrow road,City/Town,Near Hospital,Human Error,No,Simple Injury,Vehicle to Vehicle,Not Applicable,Curve,Expressway,Bitumen(Tar),Dry,No influence on accident,Clear,DEEPAK U TURN,TUMKUR RAOD,1.5 KM,0.0,0.0,0,0,0.0,0.0
Bengaluru City,Peenya Traffic PS,1.04432e+16,2023,1,1,Road Accidents,Circle,City/Town,Residential area,Human Error,No,Grievous Injury,Hit pedestrian,Uncontrolled,Not Applicable,Not Applicable,Bitumen(Tar),Dry,Not Applicable,Fine,"KAPILA NAGAR, 40 FEET ROAD",TREE,40FEET,13.003381,77.515808,0,0,0.0,0.0
Bengaluru City,Peenya Traffic PS,1.04432e+16,2023,1,1,Road Accidents,Circle,City/Town,Near Bus stop,Human Error,No,Grievous Injury,Hit pedestrian,Controlled,Straight and flat,NH,Not Applicable,Others,Not Applicable,Clear,DASARALLI METRO STATION US STOP NH-4 TUMKUR ROAD,DASARALLI METRO STATION,30FEET,13.043007,77.513223,0,1,0.0,1.0
Bengaluru City,Peenya Traffic PS,1.04432e+16,2023,1,1,Road Accidents,Circle,City/Town,Near Bus stop,Human Error,Yes,Simple Injury,Hit pedestrian,Controlled,Straight and flat,NH,Not Applicable,Others,Not Applicable,Fog / Mist,SRS JUNCTION NAGTIONAL HIGHWAY 4 TUMAKURU ROAD,H M C CAR PITTING,30FEET,13.034723,77.529652,0,1,0.0,1.0
Bengaluru City,Peenya Traffic PS,1.04432e+16,2023,1,1,Road Accidents,Circle,City/Town,Near Bus stop,Human Error,No,Simple Injury,Not Applicable,Controlled,Straight and flat,NH,Not Applicable,Others,Not Applicable,Clear,OPP R V WINES NH 4 TUMKURU ROAD,SATYANARAYANA HARDWEAR SHOPE,30FEET,13.036305,77.525001,0,1,0.0,1.0
Bengaluru City,Peenya Traffic PS,1.04432e+16,2023,1,2,Road Accidents,Circle,City/Town,Near a factory industrial area,Human Error,No,Not Applicable,Vehicle to Vehicle,Controlled,Straight and flat,NH,Not Applicable,Others,Not Applicable,Clear,PEENYA FLY OVER NH-4 TUMKUR ROAD,FLY OVER PILAR NOMBER,50FEET,13.036374,77.525504,0,1,0.0,1.0
Bengaluru City,Peenya Traffic PS,1.04432e+16,2023,1,2,Road Accidents,Curves,City/Town,Near a factory industrial area,Human Error,No,Fatal,Vehicle to Vehicle,Controlled,Straight and flat,NH,Not Applicable,Others,Not Applicable,Cloudy,OPP SATTVA APARTMENT PEENYA FLY OVER,SATTVA APARTMENT,80FEET,13.025381,77.326548,0,1,0.0,1.0
Bengaluru City,Peenya Traffic PS,1.04432e+16,2023,1,1,Road Accidents,Junction,City/Town,In bazaar,Human Error,Yes,Grievous Injury,Hit pedestrian,Controlled,Not Applicable,Others,Bitumen(Tar),Dry,Not Applicable,Clear,NTTF CIRCLE,NTTF,20 FEE,13.02508,77.511096,0,0,0.0,0.0