DISTRICTNAME,UNITNAME,Crime_No,Year,RI,Noofvehicle_involved,Accident_Classification,Accident_Spot,Accident_Location,Accident_SubLocation,Main_Cause,Hit_Run,Severity,Collision_Type,Junction_Control,Road_Character,Road_Type,Surface_Type,Surface_Condition,Road_Condition,Weather,Accident_Road,Landmark_first,Distance_LandMark_First,Latitude,Longitude,Road_Condition_Score,Surface_Condition_Score,Surface_Type_Score,Road_Risk_Index
Bengaluru City,Peenya Traffic PS,1.04432e+16,2023,1,2,Road Accidents,Cross roads,City/Town,Near or inside a village,Human Error,No,Grievous Injury,Vehicle to Vehicle,Controlled,Straight and flat,Others,Bitumen(Tar),Dry,Not Applicable,Clear,MALLASANDRA MAIN ROAD,MALLASANDRA MAIN ROAD,200MT,13.056923,77.508308,0,0,0.0,0.0
Bengaluru City,Peenya Traffic PS,1.04432e+16,2023,1,2,Road Accidents,Junction,City/Town,Near Bus stop,Human Error,No,Simple Injury,Vehicle to Vehicle,Controlled,Not Applicable,State Highway,Bitumen(Tar),Dry,Not Applicable,Dust Storn,HESARAGATTA MAIN ROAD,MEI JUCTION,1.5 FE,13.060019,77.506849,0,0,0.0,0.0
Bengaluru City,Peenya Traffic PS,1.04432e+16,2023,1,2,Road Accidents,Narrow road,City/Town,Near Hospital,Human Error,Yes,Grievous Injury,Vehicle to Vehicle,No signal lights,Straight and flat,Two way,Bitumen(Tar),Dry,Not Applicable,Fine,NEAR RILEANCE SMART POINT HESARAGATTA MAIN ROAD,ELECRICLE POLE,30FEET,13.048479,77.507759,0,0,0.0,0.0
Bengaluru City,Peenya Traffic PS,1.04432e+16,2023,1,1,Road Accidents,Circle,City/Town,Open area,Human Error,No,Grievous Injury,Hit pedestrian,Signal lights Automatic,Curve,Others,Bitumen(Tar),Dry,Not Applicable,Fine,"NTTF CIRCLE,",TRAFFIC SIGNAL,10 MTR,13.025047,77.511047,0,0,0.0,0.0
Bengaluru City,Peenya Traffic PS,1.04432e+16,2023,1,2,Road Accidents,Cross roads,City/Town,Near Hospital,Human Error,No,Grievous Injury,Vehicle to Vehicle,Not at  Junction,Straight and flat,Service Road,Bitumen(Tar),Dry,No influence on accident,Cloudy,T DASARAHALLI SERVICE ROAD,OPP RAGHAVENDRA PEOPLE TREE HOSPITAL,5 FT,13.042249,77.515517,0,0,0.0,0.0
Bengaluru City,Peenya Traffic PS,1.04432e+16,2023,1,2,Road Accidents,Narrow road,City/Town,Near Petrol Pump,Human Error,Yes,Fatal,Vehicle to Vehicle,Signal lights Automatic,Not Applicable,NH,Bitumen(Tar),Dry,Not Applicable,Clear,"8TH MILE JUNCTION, NH -4, TUMKUR RAOD,",8TH MILE JUNCTION,10FEET,13.045267,77.507321,0,0,0.0,0.0
Bengaluru City,Peenya Traffic PS,1.04432e+16,2023,1,1,Road Accidents,Junction,City/Town,Open area,Human Error,No,Grievous Injury,Hit pedestrian,Not at  Junction,Not Applicable,NH,Bitumen(Tar),Dry,Not Applicable,Fine,SRS JUNCTION,METRO PILLER 10,20FEET,13.034723,77.529652,0,0,0.0,0.0
Bengaluru City,Peenya Traffic PS,1.04432e+16,2023,1,3,Road Accidents,Not Applicable,City/Town,Narrow bridge or culverts,Human Error,No,Damage Only,Vehicle to Vehicle,Uncontrolled,Others,NH,Bitumen(Tar),Dry,Not Applicable,Fine,PEENYA FLY OVER,FLY OVER,10 MTR,13.0395,77.519,0,0,0.0,0.0
Bengaluru City,Peenya Traffic PS,1.04432e+16,2023,1,2,Road Accidents,Circle,City/Town,Near Bus stop,Human Error,No,Fatal,Vehicle to Vehicle,Controlled,Straight and flat,NH,Not Applicable,Others,Not Applicable,Clear,NH-4 TUMAKURA ROAD PEENYA FLYOVER PILLAR NUMBER 69,ANCHEPALYA,30FEET,13.04294,77.51329,0,1,0.0,1.0
Bengaluru City,Peenya Traffic PS,1.04432e+16,2023,1,1,Road Accidents,Junction,City/Town,At pedestrian Crossing,Human Error,No,Simple Injury,Hit pedestrian,Signal lights Automatic,Straight and flat,NH,Bitumen(Tar),Dry,Not Applicable,Not Applicable,SRS JUNCTION,METRO PILLER,20FEET,13.034723,77.529652,0,0,0.0,0.0
Bengaluru City,Peenya Traffic PS,1.04432e+16,2023,1,2,Road Accidents,Junction,City/Town,Near Bus stop,Human Error,No,Fatal,Vehicle to Vehicle,Signal lights Automatic,Straight and flat,NH,Bitumen(Tar),Dry,Not Applicable,Fine,JALAHALLI CROSS JUNCTION,METRO PILLER 50,20FEET,13.039956,77.518457,0,0,0.0,0.0
Bengaluru City,Peenya Traffic PS,1.04432e+16,2023,1,1,Road Accidents,Cross roads,City/Town,Near School or College,Human Error,Yes,Simple Injury,Hit pedestrian,Controlled,Straight and flat,NH,Not Applicable,Others,Not Applicable,Mist or Fog,B L SAGAR HOTEL OPPOSITE NEAR GOVERNAMENT SCHOOL,B L SAGAR HOTEL,30FEET,13.034723,77.529652,0,1,0.0,1.0
Bengaluru City,Peenya Traffic PS,1.04432e+16,2023,1,2,Road Accidents,Cross roads,City/Town,Near a factory industrial area,Human Error,No,Simple Injury,Vehicle to Vehicle,Controlled,Straight and flat,Others,Not Applicable,Others,Not Applicable,Fog / Mist,DURGA BEKARI HEGGANAHALLI CROSS PEENYA 2ND STAGE,DURGA BEKARI,30FEET,13.016879,77.502036,0,1,0.0,1.0
Bengaluru City,Peenya Traffic PS,1.04432e+16,2023,1,1,Road Accidents,Junction,City/Town,Near School or College,Not Applicable,No,Fatal,Hit pedestrian,Controlled,Not Applicable,NH,Bitumen(Tar),Dry,Not Applicable,Others,SRS JUNCTION NAGTIONAL HIGHWAY 4 TUMAKURU ROAD,SRS JUNCTION NH4 TUMAKURU ROAD,10 FT,13.01875,77.236587,0,0,0.0,0.0
Bengaluru City,Peenya Traffic PS,1.04432e+16,2023,1,1,Not Applicable,Narrow road,City/Town,Open area,Human Error,Not Applicable,Not Applicable,Not Applicable,Uncontrolled,Others,Others,Bitumen(Tar),Dry,Not Applicable,Fine,11TH CROSS RAMAIAH LAYOUT,GOVT SCHOOL,20FEET,13.032639,77.490733,0,0,0.0,0.0
Bengaluru City,Peenya Traffic PS,1.04432e+16,2023,1,1,Road Accidents,Cross roads,City/Town,Near Bus stop,Human Error,No,Simple Injury,Hit pedestrian,Controlled,Straight and flat,Others,Bitumen(Tar),Others,Pot holed,Others,"SHREERAM HOTEL,HEGGANAHALLI MAIN ROAD",SHREERAM HOTEL,50FEET,13.107136,77.506717,5,1,0.0,6.0
Bengaluru City,Peenya Traffic PS,1.04432e+16,2023,1,1,Road Accidents,Narrow road,City/Town,Open area,Not Applicable,Yes,Fatal,Hit pedestrian,Uncontrolled,Straight and flat,Others,Bitumen(Tar),Dry,Not Applicable,Clear,SRS ROAD,ELECRICAL POLE,39 FEE,13.030487,77.5249979,0,0,0.0,0.0
Bengaluru City,Peenya Traffic PS,1.04432e+16,2023,1,2,Road Accidents,Narrow road,City/Town,Narrow bridge or culverts,Human Error,Yes,Grievous Injury,Vehicle to Vehicle,Uncontrolled,Straight and flat,NH,Bitumen(Tar),Not Applicable,Not Applicable,Fine,NH4,NAVAYUGA TOLL,4,13.0049354,77.494979,0,0,0.0,0.0
Bengaluru City,Peenya Traffic PS,1.04432e+16,2023,1,1,Road Accidents,Circle,City/Town,In bazaar,Human Error,No,Simple Injury,Hit pedestrian,No signal lights,Straight and flat,Two way,Bitumen(Tar),Dry,Not Applicable,Fine,LAVAKUSHANAGARA LAGGERE,ELECRICLE POLE,20FEET,0.13026454,0.77523994,0,0,0.0,0.0
Bengaluru City,Peenya Traffic PS,1.04432e+16,2023,1,1,Road Accidents,Circle,City/Town,Near a factory industrial area,Human Error,Yes,Fatal,Hit pedestrian,No signal lights,Straight and flat,NH,Bitumen(Tar),Dry,Not Applicable,Cloudy,NH 4 IKIA OPPOSITE,METRO PILLER 528,20FEET,13.04002021,77.51874055,0,0,0.0,0.0
Bengaluru City,Peenya Traffic PS,1.04432e+16,2023,1,2,Road Accidents,Circle,City/Town,Near Bus stop,Human Error,No,Grievous Injury,Vehicle to Vehicle,Controlled,Straight and flat,Others,Not Applicable,Others,Not Applicable,Clear,CHIKKABIDREKALLU BHAVANI NAGAR,SHINE LEDIAS BEAUTY PARLOR,30FEET,13.044382,77.484282,0,1,0.0,1.0
Bengaluru City,Peenya Traffic PS,1.04432e+16,2023,1,1,Road Accidents,Curves,City/Town,At pedestrian Crossing,Human Error,No,Simple Injury,Hit pedestrian,Controlled,Straight and flat,NH,Not Applicable,Others,Not Applicable,Clear,DEEPAK U TURN SERVICE ROAD,DEEPAK U TURN,30FEET,13.046638,77.503169,0,1,0.0,1.0
Bengaluru City,Peenya Traffic PS,1.04432e+16,2023,1,2,Road Accidents,Cross roads,City/Town,In bazaar,Human Error,No,Simple Injury,Vehicle to Vehicle,Controlled,Straight and flat,Others,Not Applicable,Others,Not Applicable,Clear,NEAR MARAMMA TEMPAL BAGALGUNTE MAIN  ROAD,MARAMMA DEVI TEMPAL,30FEET,0.0,0.0,0,1,0.0,1.0
Bengaluru City,Peenya Traffic PS,1.04432e+16,2023,1,1,Road Accidents,Cross roads,City/Town,Near School or College,Human Error,No,Simple Injury,Not Applicable,Controlled,Straight and flat,Others,Not Applicable,Others,Not Applicable,Clear,NEAR SIDDHARTH SCHOOL GANGONDANAHALLI,LAKSHMI GRANITES,30FEET,13.028987,77.486644,0,1,0.0,1.0
Bengaluru City,Peenya Traffic PS,1.04432e+16,2023,1,2,Road Accidents,Circle,City/Town,Near Bus stop,Human Error,Yes,Grievous Injury,Vehicle to Vehicle,Controlled,Crest of hill,Others,Not Applicable,Dry,Not Applicable,Clear,AHAM ATMA SCHOOL PILLANNA LAYOUT,PILLANNA LAYOUT,50FEET,13.025173,77.49539,0,0,0.0,0.0
Bengaluru City,Peenya Traffic PS,1.04432e+16,2023,1,1,Road Accidents,Junction,City/Town,Residential area,Human Error,Yes,Simple Injury,Hit pedestrian,Controlled,Others,One way,Bitumen(Tar),Dry,Drainage Ditch,Others,VINAYAK NAGARA  1ST MAIN 2ND CROSS,VINAYAK NAGARA 1MANI 2ND CROSS,50 MTR,13.046248,77.496119,4,0,0.0,4.0
Bengaluru City,Peenya Traffic PS,1.04432e+16,2023,1,2,Road Accidents,Circle,City/Town,Near Hospital,Human Error,No,Simple Injury,Vehicle to Vehicle,Controlled,Straight and flat,NH,Gravel,Dry,Not Applicable,Clear,ROYAL ENFIELD SHOW ROOM NH-4 TUMKUR ROAD,ROYAL ENFIELD SHOW ROOM,50FEET,13.044378,77.509672,0,0,3.0,3.0
Bengaluru City,Peenya Traffic PS,1.04432e+16,2023,1,2,Road Accidents,Junction,City/Town,Open area,Human Error,No,Simple Injury,Vehicle to Vehicle,No signal lights,Not Applicable,Residential Street,Bitumen(Tar),Dry,Not Applicable,Fine,PEENYA 2 ND STAGE BUS STOP,ELECRICLE POLE,20FEET,13.012876,77.505257,0,0,0.0,0.0
Bengaluru City,Peenya Traffic PS,1.04432e+16,2023,1,2,Road Accidents,Not Applicable,City/Town,Near a factory industrial area,Human Error,Yes,Grievous Injury,Vehicle to Vehicle,Not at  Junction,Straight and flat,NH,Bitumen(Tar),Dry,Not Applicable,Clear,VIDEO UPPER ramp,TUMKUR ROAD,50 MT,13.046544,77.503499,0,0,0.0,0.0
Bengaluru City,Peenya Traffic PS,1.04432e+16,2023,1,2,Road Accidents,Circle,City/Town,Near Bus stop,Human Error,Yes,Simple Injury,Vehicle to Vehicle,Uncontrolled,Straight and flat,Two way,Bitumen(Tar),Dry,Not Applicable,Fine,"NEAR BONEMILL BUS STOP BAGALAGUNTE,",TREE,25FEET,13.060077,77.506893,0,0,0.0,0.0
Bengaluru City,Peenya Traffic PS,1.04432e+16,2023,1,1,Road Accidents,Curves,City/Town,Near a factory industrial area,Human Error,No,Not Applicable,Not Applicable,Controlled,Others,Others,Not Applicable,Others,Not Applicable,Clear,NEAR SIDDHARTH SCHOOL GNGONDANAHALLI MAIN ROAD,LAKSHMI GRANITES,30FEET,13.047784,77.499869,0,1,0.0,1.0
Bengaluru City,Peenya Traffic PS,1.04432e+16,2023,1,2,Road Accidents,Junction,City/Town,Open area,Human Error,No,Grievous Injury,Vehicle to Vehicle,Signal lights Automatic,Straight and flat,NH,Bitumen(Tar),Dry,Not Applicable,Fine,"NH4, CHOKKASANDRA",METRO PILLER 65,30FEET,13.042439,77.514703,0,0,0.0,0.0
Bengaluru City,Peenya Traffic PS,1.04432e+16,2023,1,1,Road Accidents,Circle,City/Town,Open area,Human Error,No,Grievous Injury,Hit pedestrian,No signal lights,Straight and flat,Service Road,Bitumen(Tar),Dry,Not Applicable,Fine,THRIVENI  TARBAL FACTORY,TREE,40FEET,13.040089,77.527784,0,0,0.0,0.0
Bengaluru City,Peenya Traffic PS,1.04432e+16,2023,1,2,Road Accidents,Narrow road,City/Town,Residential area,Human Error,No,Grievous Injury,Vehicle to Vehicle,Uncontrolled,Not Applicable,Residential Street,Bitumen(Tar),Not Applicable,Not Applicable,Cloudy,OPP MAHESHWARAMMA TEMPLE,TREE,40FEET,13.0382543,77.493888,0,0,0.0,0.0
Bengaluru City,Peenya Traffic PS,1.04432e+16,2023,1,2,Road Accidents,Junction,City/Town,Near office complex,Human Error,No,Simple Injury,Vehicle to Vehicle,Uncontrolled,Straight and flat,NH,Bitumen(Tar),Others,Not Applicable,Cloudy,DODDABEDARKALLU MAIN ROAD,TREE,20FEET,0.0,0.0,0,1,0.0,1.0
Bengaluru City,Peenya Traffic PS,1.04432e+16,2023,1,1,Rail Road Accidents,Cross roads,City/Town,Open area,Human Error,Yes,Simple Injury,Hit pedestrian,Controlled,Straight and flat,Others,Not Applicable,Others,Not Applicable,Clear,M R LAYOUT MAIN ROAD,ROCK LINE STUDIO CIRCLE,30FEET,13.040114,77.496703,0,1,0.0,1.0
Bengaluru City,Peenya Traffic PS,1.04432e+16,2023,1,1,Road Accidents,Cross roads,City/Town,At pedestrian Crossing,Human Error,Yes,Fatal,Hit pedestrian,Controlled,Straight and flat,Others,Not Applicable,Others,Not Applicable,Clear,OPP CHOKKASANDRA LEAK ROAD T DASARALLI,SHRI LAKSHMI STEEL HARDWARE,30FEET,13.028093,77.483282,0,1,0.0,1.0
Bengaluru City,Peenya Traffic PS,1.04432e+16,2023,1,2,Road Accidents,Not Applicable,City/Town,Near a factory industrial area,Not Applicable,No,Simple Injury,Vehicle to Vehicle,Controlled,Straight and flat,Not Applicable,Bitumen(Tar),Dry,Not Applicable,Fog / Mist,SYNTHETIC PACKERS PVT.LTD .NTTF,NTTF JUNCTION,30FEET,13.027854,77.51753,0,0,0.0,0.0
Bengaluru City,Peenya Traffic PS,1.04432e+16,2023,1,1,Road Accidents,Not Applicable,City/Town,Near Hospital,Human Error,No,Fatal,Vehicle to Vehicle,Controlled,Straight and flat,NH,Bitumen(Tar),Dry,Not Applicable,Others,PEENYA 2 ND STAGE BUS STOP,SLN BAKERY,50FEET,13.009341,77.493697,0,0,0.0,0.0
Bengaluru City,Peenya Traffic PS,1.04432e+16,2023,1,1,Road Accidents,Narrow road,City/Town,In bazaar,Human Error,No,Grievous Injury,Hit pedestrian,Not Applicable,Others,Two way,Bitumen(Tar),Dry,Not Applicable,Clear,PEENYA 2 ND STAGE,FACTORY,40FEET,13.021191,77.497137,0,0,0.0,0.0
Bengaluru City,Peenya Traffic PS,1.04432e+16,2023,1,2,Road Accidents,Circle,City/Town,Near a factory industrial area,Human Error,No,Simple Injury,Vehicle to Vehicle,Controlled,Straight and flat,Others,Not Applicable,Others,Not Applicable,Clear,HHV COMAPNY,HHV COMAPNAY,30FEET,13.04118,77.528441,0,1,0.0,1.0
Bengaluru City,Peenya Traffic PS,1.04432e+16,2023,1,1,Rail Road Accidents,Narrow road,City/Town,Open area,Not Applicable,Yes,Simple Injury,Hit pedestrian,Uncontrolled,Straight and flat,Others,Bitumen(Tar),Dry,Not Applicable,Clear,NELAGADARANAHALLI MAIN ROAD HMT LAYOUT 10 CROSS ROAD JUNCTION,ELECRICAL POLE,20 FEE,13.030155,77.509437,0,0,0.0,0.0
Bengaluru City,Peenya Traffic PS,1.04432e+16,2023,1,2,Road Accidents,Junction,City/Town,In bazaar,Human Error,No,Simple Injury,Vehicle to Vehicle,Signal lights Automatic,Straight and flat,NH,Bitumen(Tar),Dry,Not Applicable,Fine,NEAR PEENYA PS SIGNAL NH4,PEENYA PS SIGNAL,1 KM,13.037527,77.522464,0,0,0.0,0.0
Bengaluru City,Peenya Traffic PS,1.04432e+16,2023,1,2,Road Accidents,Junction,City/Town,Open area,Human Error,Yes,Fatal,Vehicle to Vehicle,Signal lights Manual,Straight and flat,Arterial,Bitumen(Tar),Dry,No influence on accident,Cloudy,HESARAGHATTA MAIN ROAD,ELECTRICAL POLE,12FEET,13.056644,77.507333,0,0,0.0,0.0
Bengaluru City,Peenya Traffic PS,1.04432e+16,2023,1,1,Road Accidents,Circle,City/Town,Residential area,Human Error,No,Simple Injury,Hit pedestrian,Uncontrolled,Not Applicable,Not Applicable,Bitumen(Tar),Dry,Not Applicable,Fine,HEGGANAHALLI MAIN ROAD,ELECRICLE POLE,40FEET,13.006177,77.505207,0,0,0.0,0.0
Bengaluru City,Peenya Traffic PS,1.04432e+16,2023,1,1,Road Accidents,Junction,City/Town,Open area,Human Error,No,Simple Injury,Hit pedestrian,Not at  Junction,Not Applicable,NH,Bitumen(Tar),Dry,Not Applicable,Fine,NEAR DASARAHALLI METRO STATION,ELECRICLE POLE,20FEET,13.042964,77.512926,0,0,0.0,0.0
Bengaluru City,Peenya Traffic PS,1.04432e+16,2023,1,2,Road Accidents,Not Applicable,City/Town,Open area,Human Error,Yes,Simple Injury,Vehicle to Vehicle,Uncontrolled,Straight and flat,NH,Bitumen(Tar),Dry,Not Applicable,Fine,NEAR NAGASANDRA METRO STATION,NAGASANDRA METRO STATION NEAR,20FEET,13.047656,77.500015,0,0,0.0,0.0
Bengaluru City,Peenya Traffic PS,1.04432e+16,2023,1,1,Road Accidents,Circle,City/Town,Near Bus stop,Human Error,No,Fatal,Hit pedestrian,Controlled,Straight and flat,NH,Not Applicable,Others,Not Applicable,Clear,NH-4 TUMKURU ROAD FLYOVER PILLAR NO-88,HP PETROL PUMP,30FEET,13.045043,77.50833,0,1,0.0,1.0
Bengaluru City,Peenya Traffic PS,1.04432e+16,2023,1,2,Road Accidents,Cross roads,City/Town,Near a factory industrial area,Human Error,No,Simple Injury,Vehicle to Vehicle,Controlled,Straight and flat,Others,Not Applicable,Others,Not Applicable,Fog / Mist,PEENYA POLICE STATION NEAR,JAI MARUTI STALL,30FEET,13.036013,77.521221,0,1,0.0,1.0
Bengaluru City,Peenya Traffic PS,1.04432e+16,2023,1,2,Road Accidents,Circle,City/Town,Near Petrol Pump,Human Error,No,Not Applicable,Vehicle to Vehicle,Controlled,Straight and flat,NH,Not Applicable,Others,Not Applicable,Fog / Mist,nh 4 near shall petrol pump tumkur road,shall petrol pump,30FEET,0.0,0.0,0,1,0.0,1.0
Bengaluru City,Peenya Traffic PS,1.04432e+16,2023,1,1,Road Accidents,Cross roads,City/Town,Near a factory industrial area,Human Error,Yes,Simple Injury,Hit pedestrian,Controlled,Not Applicable,Others,Not Applicable,Not Applicable,Not Applicable,Fog / Mist,opp reliance general insurance,abb junction,30FEET,13.030985,77.512767,0,0,0.0,0.0
Bengaluru City,Peenya Traffic PS,1.04432e+16,2023,1,2,Road Accidents,Cross roads,City/Town,Open area,Human Error,No,Grievous Injury,Vehicle to Vehicle,Controlled,Straight and flat,Others,Not Applicable,Others,Not Applicable,Fog / Mist,TIPPENHALLI MAIN ROAD OPP SRMS ENTERPRISES TIPPENAHALLI,SRMS ENTERPRISES,30FEET,13.036372,77.492323,0,1,0.0,1.0
Bengaluru City,Peenya Traffic PS,1.04432e+16,2023,1,1,Road Accidents,Not Applicable,City/Town,Near Bus stop,Human Error,Yes,Grievous Injury,Hit pedestrian,Controlled,Straight and flat,NH,Bitumen(Tar),Dry,Not Applicable,Not Applicable,NH 4 TUMAKURU ROAD,SOUNDARYA HOTEL,100 MT,13.042735,77.513107,0,0,0.0,0.0
Bengaluru City,Peenya Traffic PS,1.04432e+16,2023,1,2,Road Accidents,Junction,City/Town,Open area,Human Error,Yes,Grievous Injury,Vehicle to Vehicle,Signal lights Automatic,Straight and flat,Others,Bitumen(Tar),Dry,Not Applicable,Clear,PIPE LINE ROAD,BASAVESHWARA BUS STOP JUNCTION,1KM,13.04360191,77.5254069,0,0,0.0,0.0
Bengaluru City,Peenya Traffic PS,1.04432e+16,2023,1,2,Road Accidents,Cross roads,City/Town,In bazaar,Human Error,No,Grievous Injury,Vehicle to Vehicle,Signals (Working),Straight and flat,Expressway,Bitumen(Tar),Dry,Not Applicable,Clear,SRS JUNCTION,TUMKUR ROAD,16FEET,13.03472,77.529693,0,0,0.0,0.0
Bengaluru City,Peenya Traffic PS,1.04432e+16,2023,1,2,Road Accidents,Junction,City/Town,Near Bus stop,Human Error,Yes,Simple Injury,Vehicle to Vehicle,Signal lights Automatic,Straight and flat,One way,Bitumen(Tar),Dry,Not Applicable,Fine,NEAR T DASARAHALLI METRO STATION,METRO PILLER,22FEET,13.043381,77.511721,0,0,0.0,0.0
Bengaluru City,Peenya Traffic PS,1.04432e+16,2023,1,2,Road Accidents,Narrow road,City/Town,Narrow bridge or culverts,Human Error,No,Simple Injury,Vehicle to Vehicle,Not at  Junction,Not Applicable,NH,Bitumen(Tar),Dry,Not Applicable,Clear,PEENYA FLYOVER,PEENYA,2,13.041928,77.515997,0,0,0.0,0.0
Bengaluru City,Peenya Traffic PS,1.04432e+16,2023,1,1,Road Accidents,Cross roads,City/Town,Near Hospital,Human Error,No,Fatal,Not Applicable,Not Applicable,Straight and flat,Others,Not Applicable,Others,Not Applicable,Cloudy,HEETA AYURVEDA COLLAGE & NEAR HOSPITAL GANGONDANAHALLI MAIN ROAD,HEETA AYURVEDA COLLAGE& HOSPITAL WALL,50FEET,0.0,0.0,0,1,0.0,1.0
Bengaluru City,Peenya Traffic PS,1.04432e+16,2023,1,2,Road Accidents,Junction,City/Town,Near School or College,Human Error,No,Simple Injury,Vehicle to Vehicle,Controlled,Straight and flat,NH,Bitumen(Tar),Dry,Not Applicable,Clear,OPP WIPO COMPANY NH 04 TUMAKURU ROAD,WIPRO COMPANY,40 FT,13.037324,77.523518,0,0,0.0,0.0
Bengaluru City,Peenya Traffic PS,1.04432e+16,2023,1,1,Road Accidents,Cross roads,City/Town,Near a factory industrial area,Human Error,No,Fatal,Not Applicable,Controlled,Straight and flat,Others,Not Applicable,Others,Not Applicable,Fog / Mist,GKW LAYOUT PEENYA 2ND STAGE,GKW LAYOU,30FEET,13.008645,77.509407,0,1,0.0,1.0
Bengaluru City,Peenya Traffic PS,1.04432e+16,2023,1,2,Road Accidents,Cross roads,City/Town,Near Petrol Pump,Human Error,Yes,Simple Injury,Vehicle to Vehicle,Controlled,Straight and flat,Others,Not Applicable,Others,Not Applicable,Fog / Mist,opp ayejis gass bunk hegganahalli main road,gass bunk,30feet,13.028142,77.326548,0,1,0.0,1.0
Bengaluru City,Peenya Traffic PS,1.04432e+16,2023,1,2,Road Accidents,Circle,City/Town,Near Bus stop,Human Error,Yes,Simple Injury,Vehicle to Vehicle,Controlled,Straight and flat,NH,Not Applicable,Others,Not Applicable,Clear,"NH-4 TUMKUR ROAD,SERVICE ROAD OPP IKIA MALL",PIOLLAR NO 527,50FEET,13.048483,77.498991,0,1,0.0,1.0
Bengaluru City,Peenya Traffic PS,1.04432e+16,2023,1,2,Road Accidents,Circle,City/Town,Open area,Human Error,No,Not Applicable,Vehicle to Vehicle,Controlled,Straight and flat,Others,Not Applicable,Others,Not Applicable,Others,WIDIA BUS STOP,WIDIA BUS STOP,50FEET,13.051238,77.507346,0,1,0.0,1.0
Bengaluru City,Peenya Traffic PS,1.04432e+16,2023,1,2,Road Accidents,Circle,City/Town,Residential area,Human Error,No,Simple Injury,Vehicle to Vehicle,Uncontrolled,Curve and Incline,Residential Street,Bitumen(Tar),Dry,Not Applicable,Fine,VIJAYA ROLLING MILL,ELECRICLE POLE,20FEET,13.0238917,77.5105093,0,0,0.0,0.0
Bengaluru City,Peenya Traffic PS,1.04432e+16,2023,1,2,Road Accidents,Circle,City/Town,Residential area,Human Error,Yes,Simple Injury,Vehicle to Vehicle,No signal lights,Others,Not Applicable,Bitumen(Tar),Dry,Not Applicable,Fine,"12 CROSS ROAD ,PEENYA",TREE,40FEET,13.0225,77.5039,0,0,0.0,0.0
Bengaluru City,Peenya Traffic PS,1.04432e+16,2023,1,1,Road Accidents,Narrow road,City/Town,Residential area,Human Error,No,Grievous Injury,Hit pedestrian,No signal lights,Not Applicable,Residential Street,Bitumen(Tar),Dry,Not Applicable,Others,THIGALARAPALYA MAIN ROAD,ELECRICLE POLE,40FEET,13.01398,77.4991,0,0,0.0,0.0
Bengaluru City,Peenya Traffic PS,1.04432e+16,2023,1,1,Road Accidents,Cross roads,City/Town,Residential area,Human Error,No,Fatal,Not Applicable,Controlled,Straight and flat,Others,Not Applicable,Others,Not Applicable,Cloudy,OOP HOUSE NO 222 .AMRUDHI NILAYA 7TH CROSS M E C LAYOUT RAJAGOPALANAGARA BENGALURU CITY,S L V INDUSTRY,50FEET,13.020816,77.518718,0,1,0.0,1.0
Bengaluru City,Peenya Traffic PS,1.04432e+16,2023,1,2,Road Accidents,Narrow road,City/Town,Narrow bridge or culverts,Human Error,No,Simple Injury,Vehicle to Vehicle,No signal lights,Others,Others,Bitumen(Tar),Dry,Not Applicable,Others,OPP ALL VELDENGINEER PFIVETE LIMITED PEENYA 2ND STAGE,ALL VELDNGINEER PFIVTE LTD,40M,13.041602,77.50486,0,0,0.0,0.0
Bengaluru City,Peenya Traffic PS,1.04432e+16,2023,1,2,Road Accidents,Not Applicable,City/Town,At pedestrian Crossing,Human Error,No,Fatal,Vehicle to Vehicle,Controlled,Straight and flat,NH,Bitumen(Tar),Dry,Not Applicable,Clear,NH 4 TUMAKURU ROAD,DASARALLI METRO,100 FT,13.042734,77.513708,0,0,0.0,0.0
Bengaluru City,Peenya Traffic PS,1.04432e+16,2023,1,2,Road Accidents,Not Applicable,City/Town,Open area,Human Error,No,Grievous Injury,Vehicle to Vehicle,Not at  Junction,Straight and flat,NH,Bitumen(Tar),Dry,No influence on accident,Fine,NH 4 TUMAKURU ROAD,NEAR DEEPAK U TURN,10 FT,13.0466,77.5033,0,0,0.0,0.0
Bengaluru City,Peenya Traffic PS,1.04432e+16,2023,1,3,Road Accidents,Narrow road,City/Town,Open area,Not Applicable,Yes,Grievous Injury,Vehicle to Vehicle,Uncontrolled,Straight and flat,Others,Bitumen(Tar),Dry,Not Applicable,Clear,ANDRAHALLI MAIN ROAD,e,15,13.028434,77.48874,0,0,0.0,0.0
Bengaluru City,Peenya Traffic PS,1.04432e+16,2023,1,2,Road Accidents,Circle,City/Town,Near School or College,Human Error,Yes,Grievous Injury,Vehicle to Vehicle,No signal lights,Not Applicable,Others,Bitumen(Tar),Dry,Not Applicable,Fine,NEAR SAPTHAGIRI HOSPITAL,NEAR COLLEGE,50 MTR,13.05171,77.507785,0,0,0.0,0.0
Bengaluru City,Peenya Traffic PS,1.04432e+16,2023,1,1,Road Accidents,Cross roads,City/Town,Near Hospital,Human Error,Yes,Grievous Injury,Vehicle to Vehicle,Controlled,Straight and flat,Others,Not Applicable,Others,Not Applicable,Fog / Mist,ANDRALLI MAIN ROAD SHRUSHRUTI HOSPITAL,ANDRALLI MAIN ROAD,20FEET,13.006049,77.497921,0,1,0.0,1.0
Bengaluru City,Peenya Traffic PS,1.04432e+16,2023,1,2,Road Accidents,Cross roads,City/Town,In bazaar,Human Error,No,Damage Only,Vehicle to Vehicle,Signal lights Automatic,Not Applicable,Not Applicable,Bitumen(Tar),Dry,No influence on accident,Clear,PS JUNCTION,NH4,100 mt,13.037841,77.522254,0,0,0.0,0.0
Bengaluru City,Peenya Traffic PS,1.04432e+16,2023,1,2,Road Accidents,Narrow road,City/Town,In bazaar,Human Error,No,Grievous Injury,Vehicle to Vehicle,Not at  Junction,Not Applicable,Not Applicable,Bitumen(Tar),Dry,Not Applicable,Clear,kere road,PEENYA 2ND STAGE,2 KM,13.030958,77.512633,0,0,0.0,0.0