DISTRICTNAME,UNITNAME,Crime_No,Year,RI,Noofvehicle_involved,Accident_Classification,Accident_Spot,Accident_Location,Accident_SubLocation,Main_Cause,Hit_Run,Severity,Collision_Type,Junction_Control,Road_Character,Road_Type,Surface_Type,Surface_Condition,Road_Condition,Weather,Accident_Road,Landmark_first,Distance_LandMark_First,Latitude,Longitude,Road_Condition_Score,Surface_Condition_Score,Surface_Type_Score,Road_Risk_Index
Bengaluru City,Peenya Traffic PS,1.04432e+16,2023,1,1,Road Accidents,Narrow road,City/Town,Residential area,Human Error,Yes,Grievous Injury,Hit pedestrian,Not at  Junction,Not Applicable,Residential Street,Bitumen(Tar),Dry,Not Applicable,Clear,3RD CROSS,SANJEEVININAGAR,10 MTR,12.985316,77.489904,0,0,0.0,0.0
Bengaluru City,Peenya Traffic PS,1.04432e+16,2023,1,2,Road Accidents,Junction,City/Town,In bazaar,Human Error,Yes,Grievous Injury,Vehicle to Vehicle,Controlled,Straight and flat,NH,Bitumen(Tar),Dry,Not Applicable,Dust Storn,CHOKKASANDRA JUNCTION T DASARAHALLI,HOKKASANDRA JUNCTION,20MTR,13.045427,77.514669,0,0,0.0,0.0
Bengaluru City,Peenya Traffic PS,1.04432e+16,2023,1,2,Road Accidents,Not Applicable,City/Town,Open area,Human Error,No,Fatal,Vehicle to Vehicle,Not at  Junction,Straight and flat,NH,Bitumen(Tar),Dry,No influence on accident,Cloudy,NATIONAL HAIWAY 4 TUMAKURU BENGALURU ROAD,OPP SAVANI TRANSPORT,30 MTR,13.0504526,77.4927517,0,0,0.0,0.0
Bengaluru City,Peenya Traffic PS,1.04432e+16,2023,1,2,Road Accidents,Junction,City/Town,In bazaar,Human Error,No,Grievous Injury,Vehicle to Vehicle,Signals (Working),Straight and flat,Two way,Bitumen(Tar),Dry,No influence on accident,Clear,TVS CROSS,PEENYA,1.5,77.5206,13.03275,0,0,0.0,0.0
Bengaluru City,Peenya Traffic PS,1.04432e+16,2023,1,2,Road Accidents,Junction,City/Town,Open area,Human Error,No,Simple Injury,Vehicle to Vehicle,No signal lights,Others,Others,Bitumen(Tar),Dry,Not Applicable,Fine,DYNAMATIC JUNCTION,TREE,60FEET,13.03592,77.513094,0,0,0.0,0.0
Bengaluru City,Peenya Traffic PS,1.04432e+16,2023,1,2,Road Accidents,Junction,City/Town,Near Bus stop,Human Error,Yes,Simple Injury,Vehicle to Vehicle,No signal lights,Straight and flat,NH,Bitumen(Tar),Dry,Not Applicable,Fine,opp PRAKRIYA HOSPITAL NH4,METRO PILLER,20FEET,13.045692,77.506385,0,0,0.0,0.0
Bengaluru City,Peenya Traffic PS,1.04432e+16,2023,1,2,Road Accidents,Circle,City/Town,Near Bus stop,Human Error,No,Grievous Injury,Vehicle to Vehicle,Controlled,Others,NH,Not Applicable,Others,Not Applicable,Clear,T DASARAHALLI NH4 TUMKUR ROAD,METRO PILLER,30FEET,13.042301,77.514585,0,1,0.0,1.0
Bengaluru City,Peenya Traffic PS,1.04432e+16,2023,1,1,Road Accidents,Cross roads,City/Town,Near a factory industrial area,Human Error,No,Grievous Injury,Hit pedestrian,Uncontrolled,Straight and flat,Others,Not Applicable,Others,Not Applicable,Fog / Mist,ALIFHEN METARIK PRIVATE LIMITED COMPANY PEENYA FIRST STAGE,VASU INDUSTRY,50FEET,13.034974,77.52373,0,1,0.0,1.0
Bengaluru City,Peenya Traffic PS,1.04432e+16,2023,1,2,Road Accidents,Circle,City/Town,Near Bus stop,Human Error,No,Simple Injury,Vehicle to Vehicle,Controlled,Straight and flat,NH,Not Applicable,Others,Not Applicable,Fog / Mist,NH-4 TUMAKURU ROAD OPP RESTOLEX STORE,NANDINI MILK PARLOR,30FEET,13.044668,77.509103,0,1,0.0,1.0
Bengaluru City,Peenya Traffic PS,1.04432e+16,2023,1,2,Road Accidents,Cross roads,City/Town,Open area,Human Error,No,Grievous Injury,Vehicle to Vehicle,Controlled,Straight and flat,Others,Not Applicable,Others,Not Applicable,Fog / Mist,T DSARAHALLI PIPLAINE ROAD,B B M P FORESET,30FEET,13.008695,77.236548,0,1,0.0,1.0
Bengaluru City,Peenya Traffic PS,1.04432e+16,2023,1,2,Road Accidents,Junction,City/Town,Near Hospital,Human Error,No,Not Applicable,Vehicle to Vehicle,Controlled,Straight and flat,NH,Bitumen(Tar),Dry,Not Applicable,Fine,T DASARAHALLI NH4 TUMKUR ROAD,T DASARAHALLI JUNCTON,40FEET,13.042314,77.5146,0,0,0.0,0.0
Bengaluru City,Peenya Traffic PS,1.04432e+16,2023,1,2,Road Accidents,Narrow road,City/Town,In bazaar,Human Error,Yes,Grievous Injury,Vehicle to Vehicle,Not Applicable,Not Applicable,Service Road,Bitumen(Tar),Dry,Not Applicable,Clear,NAGASANDRA SERVICE ROAD,NAGASANDRA,2 KM,13.049158,77.496575,0,0,0.0,0.0
Bengaluru City,Peenya Traffic PS,1.04432e+16,2023,1,2,Road Accidents,Not Applicable,City/Town,Open area,Human Error,Yes,Grievous Injury,Vehicle to Vehicle,Not at  Junction,Straight and flat,NH,Bitumen(Tar),Dry,No influence on accident,Fine,NATIONAL HAIWAY 4 TUMAKURU BENGALURU ROAD,near peenya flyover piller no 85,28ft,13.04474,77.50915,0,0,0.0,0.0
Bengaluru City,Peenya Traffic PS,1.04432e+16,2023,1,2,Road Accidents,Narrow road,City/Town,Residential area,Human Error,Yes,Grievous Injury,Vehicle to Vehicle,Signal lights Automatic,Straight and flat,Two way,Bitumen(Tar),Dry,Not Applicable,Fine,"10 TH CROSS NTTF MAIN ROAD,",DEVI KRUPA VASADA MANE,30FEET,13.022404,77.509474,0,0,0.0,0.0
Bengaluru City,Peenya Traffic PS,1.04432e+16,2023,1,2,Road Accidents,Circle,City/Town,Near Petrol Pump,Human Error,Yes,Simple Injury,Vehicle to Vehicle,Controlled,Straight and flat,NH,Not Applicable,Others,Not Applicable,Clear,NATIONAL HIGHWAY 4 SERVICE ROAD OPP SHOBHA APARTMENT,SHOBHA APARTMENT,50FEET,13.047167,77.501462,0,1,0.0,1.0
Bengaluru City,Peenya Traffic PS,1.04432e+16,2023,1,1,Road Accidents,Circle,City/Town,Near office complex,Human Error,Yes,Grievous Injury,Hit pedestrian,Controlled,Straight and flat,Others,Not Applicable,Others,Not Applicable,Fog / Mist,SOUNDARYA COLLAGE MAIN ROAD BAGALGUNTE 1ST MAIN ROAD,OFFICE COMPLEX,20FEET,0.0,0.0,0,1,0.0,1.0
Bengaluru City,Peenya Traffic PS,1.04432e+16,2023,1,2,Road Accidents,Circle,City/Town,Open area,Human Error,No,Fatal,Vehicle to Vehicle,Controlled,Straight and flat,Others,Not Applicable,Others,Not Applicable,Clear,OPP CHETAN BAR & RESTORANT HESARUGHATTA MAIN ROAD,CHETAN BAR & RESTORANT,30FEET,13.052491,77.50792,0,1,0.0,1.0
Bengaluru City,Peenya Traffic PS,1.04432e+16,2023,1,3,Road Accidents,Circle,City/Town,Near Bus stop,Human Error,No,Fatal,Vehicle to Vehicle,Controlled,Straight and flat,NH,Not Applicable,Others,Not Applicable,Clear,NH-4 SERVICE ROAD OPP MALNAD HOTEL NEAR DASARALLI METRO STATION,MALNAD HOTEL,30,13.043295,77.511473,0,1,0.0,1.0
Bengaluru City,Peenya Traffic PS,1.04432e+16,2023,1,1,Road Accidents,Not Applicable,City/Town,Near or inside a village,Human Error,No,Fatal,Hit pedestrian,Not at  Junction,Straight and flat,Others,Concrete,Dry,Not Applicable,Clear,DEVARABAVI LAYOUT,B S N WATERTANKE PARKING ARIYA,400 M,13.056789,77.501523,0,0,0.0,0.0
Bengaluru City,Peenya Traffic PS,1.04432e+16,2023,1,2,Road Accidents,Circle,City/Town,Near Bus stop,Human Error,No,Simple Injury,Vehicle to Vehicle,Controlled,Others,NH,Not Applicable,Others,Not Applicable,Clear,PEENYA PS JUNCTION NH4 TUMKUR ROAD,TRAFFIC SIGNAL,30FEET,13.037973,77.521931,0,1,0.0,1.0
Bengaluru City,Peenya Traffic PS,1.04432e+16,2023,1,1,Road Accidents,Circle,City/Town,Near Bus stop,Human Error,No,Fatal,Not Applicable,Controlled,Straight and flat,Others,Concrete,Others,Not Applicable,Cloudy,"SHOOTZ LORDGE,ROYAL ENFIELD SHOWROOM,NH-4 TUMKUR ROAD",SHOOTS LORDGE,50FEET,13.04389,77.510283,0,1,0.0,1.0
Bengaluru City,Peenya Traffic PS,1.04432e+16,2023,1,2,Road Accidents,Circle,City/Town,Near Hospital,Human Error,No,Grievous Injury,Vehicle to Vehicle,Controlled,Straight and flat,Others,Concrete,Others,Not Applicable,Fog / Mist,NEAR V N BAR PIPELINE ROAD,V N BAR,50,13.048553,77.518398,0,1,0.0,1.0
Bengaluru City,Pulakeshinagar Traffic PS,1.04432e+16,2016,1,1,Road Accidents,Other,City/Town,Residential area,Human Error,No,Fatal,Head on,Not at  Junction,Others,Two way,Bitumen(Tar),Others,No influence on accident,Clear,NEW BAGALURE LAYOUT,NEW BAGALURE LAYOUT,2 KM,0.0,0.0,0,1,0.0,1.0
Bengaluru City,Pulakeshinagar Traffic PS,1.04432e+16,2016,1,2,Road Accidents,Railway crossing,City/Town,Open area,Human Error,Yes,Grievous Injury,Hit and Run,Uncontrolled,Hump,City or Town Road,Bitumen(Tar),Dry,Drainage Ditch,Clear,A.M.C ROAD,BAZAR,10,77.609362,13.023344,4,0,0.0,4.0
Bengaluru City,Pulakeshinagar Traffic PS,1.04432e+16,2016,1,1,Road Accidents,Narrow road,City/Town,Narrow bridge or culverts,Human Error,No,Fatal,Skidding or Self accident,Uncontrolled,Others,Two way,Bitumen(Tar),Others,No influence on accident,Clear,I T C FLY OVER,BANASAWADI MAIN ROAD,0.5,0.0,0.0,0,1,0.0,1.0
Bengaluru City,Pulakeshinagar Traffic PS,1.04432e+16,2016,1,1,Road Accidents,Narrow road,City/Town,Near School or College,Human Error,Yes,Grievous Injury,Hit and Run,Uncontrolled,Others,One way,Bitumen(Tar),Others,No influence on accident,Clear,SUNDARMURTHY ROAD,SUNDARMURTHY ROAD,1,0.0,0.0,0,1,0.0,1.0
Bengaluru City,Pulakeshinagar Traffic PS,1.04432e+16,2016,1,1,Road Accidents,Other,City/Town,Residential area,Human Error,No,Grievous Injury,Head on,Not at  Junction,Others,Two way,Bitumen(Tar),Others,No influence on accident,Clear,FARVEEN MOSQUE ROAD,GHANDI NAGAR ROAD,5,0.0,0.0,0,1,0.0,1.0
Bengaluru City,Pulakeshinagar Traffic PS,1.04432e+16,2016,1,2,Road Accidents,Other,City/Town,Open area,Human Error,No,Fatal,Others,Uncontrolled,Others,City or Town Road,Bitumen(Tar),Dry,Not Applicable,Clear,"NEAR SURANA  MEIDCAL,,VEELAR ROAD",OPEN AREA,10,0.0,0.0,0,0,0.0,0.0
Bengaluru City,Pulakeshinagar Traffic PS,1.04432e+16,2016,1,2,Road Accidents,T Junction,City/Town,In bazaar,Human Error,Yes,Grievous Injury,Head on,Controlled,Curve,Two way,Bitumen(Tar),Others,No influence on accident,Clear,COLES ROAD,COLES ROAD,1,0.0,0.0,0,1,0.0,1.0
Bengaluru City,Pulakeshinagar Traffic PS,1.04432e+16,2016,1,2,Road Accidents,Junction,City/Town,Open area,Human Error,Yes,Damage Only,Head on,Controlled,Incline,Two way,Bitumen(Tar),Others,No influence on accident,Others,WHEELAR ROAD,WHEELAR ROAD,1 KM,0.0,0.0,0,1,0.0,1.0
Bengaluru City,Pulakeshinagar Traffic PS,1.04432e+16,2016,1,2,Road Accidents,Y Junction,City/Town,Open area,Human Error,No,Simple Injury,Head on,Controlled,Others,Two way,Bitumen(Tar),Others,No influence on accident,Clear,SINDHI COLONY,WHEELER ROAD,1 KM,0.0,0.0,0,1,0.0,1.0
Bengaluru City,Pulakeshinagar Traffic PS,1.04432e+16,2016,1,1,Road Accidents,Narrow road,City/Town,Near a religious place,Human Error,Yes,Grievous Injury,Head on,Not at  Junction,Others,Two way,Bitumen(Tar),Others,No influence on accident,Wind,HENNU MAIN ROAD,OPP SRI RAMA TEMPLE,2 KM,0.0,0.0,0,1,0.0,1.0
Bengaluru City,Pulakeshinagar Traffic PS,1.04432e+16,2016,1,2,Road Accidents,Culvert,City/Town,Narrow bridge or culverts,Human Error,No,Damage Only,Rear end,Controlled,Others,Sub Arterial,Concrete,Others,No influence on accident,Clear,RAILWAY UNDER BRIDGE,LAZER ROAD,0.5,0.0,0.0,0,1,0.0,1.0
Bengaluru City,Pulakeshinagar Traffic PS,1.04432e+16,2016,1,1,Road Accidents,Bridge,City/Town,Open area,Human Error,No,Grievous Injury,Others,Uncontrolled,Others,NH,Bitumen(Tar),Dry,Drainage Ditch,Clear,"I.T.C FLY OVER,BANASWADI MAIN ROAD",OPEN AREA,10,0.0,0.0,4,0,0.0,4.0
Bengaluru City,Pulakeshinagar Traffic PS,1.04432e+16,2016,1,1,Road Accidents,Other,City/Town,Near office complex,Human Error,No,Fatal,Others,Uncontrolled,Others,Two way,Bitumen(Tar),Others,No influence on accident,Clear,HENNUR MAIN ROAD,NEAR SRI RAMA TEMPLE,2,0.0,0.0,0,1,0.0,1.0
Bengaluru City,Pulakeshinagar Traffic PS,1.04432e+16,2016,1,2,Road Accidents,Cross roads,City/Town,In bazaar,Human Error,Yes,Simple Injury,Hit and Run,Uncontrolled,Curve,City or Town Road,Bitumen(Tar),Dry,Not Applicable,Cloudy,LAZER ROAD,KEB,15,0.0,0.0,0,0,0.0,0.0
Bengaluru City,Pulakeshinagar Traffic PS,1.04432e+16,2016,1,1,Road Accidents,Narrow road,City/Town,Residential area,Human Error,No,Grievous Injury,Rear end,Not at  Junction,Others,Two way,Bitumen(Tar),Others,No influence on accident,Others,SHAMPURA MAIN ROAD,NEAR KUMBA MASJID,3 KM,0.0,0.0,0,1,0.0,1.0
Bengaluru City,Pulakeshinagar Traffic PS,1.04432e+16,2016,1,2,Road Accidents,Curves,City/Town,In bazaar,Human Error,No,Simple Injury,Others,Signal lights Blinking,Others,Others,Bitumen(Tar),Dry,Not Applicable,Clear,tannary road,bazar,10,0.0,0.0,0,0,0.0,0.0
Bengaluru City,Pulakeshinagar Traffic PS,1.04432e+16,2016,1,1,Road Accidents,Narrow road,City/Town,Residential area,Human Error,No,Fatal,Skidding or Self accident,Uncontrolled,Others,One way,Bitumen(Tar),Others,No influence on accident,Wind,NETHAJI ROAD,NETHAJI ROAD,1,0.0,0.0,0,1,0.0,1.0
Bengaluru City,Pulakeshinagar Traffic PS,1.04432e+16,2016,1,1,Road Accidents,Narrow road,City/Town,Open area,Human Error,Yes,Grievous Injury,Head on,Not at  Junction,Others,Two way,Bitumen(Tar),Others,No influence on accident,Clear,GOVINDAPURA MAIN ROAD,OPP GOUSIA TEE STALL,5,0.0,0.0,0,1,0.0,1.0
Bengaluru City,Pulakeshinagar Traffic PS,1.04432e+16,2016,1,2,Road Accidents,Other,City/Town,Residential area,Not Applicable,No,Damage Only,Rear end,Not at  Junction,Others,Two way,Bitumen(Tar),Others,No influence on accident,Clear,ASSAYEE ROAD,ASSAYEE ROAD,1 KM,0.0,0.0,0,1,0.0,1.0
Bengaluru City,Pulakeshinagar Traffic PS,1.04432e+16,2016,1,2,Road Accidents,Road hump or Rumble strips,City/Town,In bazaar,Human Error,No,Simple Injury,Others,Controlled,Hump,City or Town Road,Bitumen(Tar),Dry,Not Applicable,Cloudy,MASQUE ROAD,BAZAR,15,0.0,0.0,0,0,0.0,0.0
Bengaluru City,Pulakeshinagar Traffic PS,1.04432e+16,2016,1,2,Road Accidents,Bottleneck,City/Town,Open area,Human Error,No,Fatal,Side swipe,Uncontrolled,Incline,Two way,Bitumen(Tar),Others,No influence on accident,Clear,TANNERY ROAD,TANNERY ROAD,1 KM,0.0,0.0,0,1,0.0,1.0
Bengaluru City,Pulakeshinagar Traffic PS,1.04432e+16,2016,1,4,Road Accidents,Narrow road,City/Town,Open area,Human Error,Yes,Damage Only,Rear end,Not at  Junction,Others,Two way,Bitumen(Tar),Others,No influence on accident,Clear,NAGAWARA MAIN ROAD,NAGAWARA MAIN ROAD,5,0.0,0.0,0,1,0.0,1.0
Bengaluru City,Pulakeshinagar Traffic PS,1.04432e+16,2016,1,2,Road Accidents,T Junction,City/Town,Open area,Human Error,No,Fatal,Others,Not at  Junction,Hump,Not Applicable,Bitumen(Tar),Dry,Not Applicable,Clear,vigneswara temple,open area,10,77.629631,13.004058,0,0,0.0,0.0
Bengaluru City,Pulakeshinagar Traffic PS,1.04432e+16,2016,1,2,Road Accidents,T Junction,City/Town,Open area,Human Error,Yes,Damage Only,Head on,Uncontrolled,Others,Two way,Bitumen(Tar),Others,No influence on accident,Others,WHEELER ROAD,NEAR KEERTHI SAGAR HOTEL,1,0.0,0.0,0,1,0.0,1.0
Bengaluru City,Pulakeshinagar Traffic PS,1.04432e+16,2016,1,2,Road Accidents,Curves,City/Town,Open area,Human Error,No,Fatal,Others,Uncontrolled,Curve,City or Town Road,Bitumen(Tar),Dry,Not Applicable,Clear,banawadi main road,open area,20,0.0,0.0,0,0,0.0,0.0
Bengaluru City,Pulakeshinagar Traffic PS,1.04432e+16,2016,1,2,Road Accidents,Bridge,City/Town,Near School or College,Human Error,Yes,Fatal,Side swipe,Not at  Junction,Others,One way,Bitumen(Tar),Others,No influence on accident,Clear,HENNUR MAIN ROAD,NEAR ST CHARLES SCHOOL,1 KM,0.0,0.0,0,1,0.0,1.0
Bengaluru City,Pulakeshinagar Traffic PS,1.04432e+16,2016,1,2,Road Accidents,Junction,City/Town,In bazaar,Human Error,Yes,Simple Injury,Hit and Run,Uncontrolled,Others,City or Town Road,Bitumen(Tar),Dry,Pot holed,Clear,WEAR ROAD,BAZAR,10,0.0,0.0,5,0,0.0,5.0
Bengaluru City,Pulakeshinagar Traffic PS,1.04432e+16,2016,1,2,Road Accidents,Narrow road,City/Town,Residential area,Human Error,Yes,Grievous Injury,Others,Not at  Junction,Others,Two way,Bitumen(Tar),Others,No influence on accident,Clear,GOVER ROAD,GOVER ROAD,0.5,0.0,0.0,0,1,0.0,1.0
Bengaluru City,Pulakeshinagar Traffic PS,1.04432e+16,2016,1,2,Road Accidents,Other,City/Town,Open area,Human Error,Yes,Fatal,Hit and Run,Uncontrolled,Sharp Curve,City or Town Road,Bitumen(Tar),Dry,Drainage Ditch,Cloudy,"NO-6,HAAL ROAD RICHARD TOWN",BAZAR,5,0.0,0.0,4,0,0.0,4.0
Bengaluru City,Pulakeshinagar Traffic PS,1.04432e+16,2016,1,1,Road Accidents,T Junction,City/Town,Open area,Road Environment Defect,No,Fatal,Others,Uncontrolled,Curve,Two way,Bitumen(Tar),Others,No influence on accident,Clear,NAGAWARA MAIN ROAD,NAGAWARA MAIN ROAD,4 KM,0.0,0.0,0,1,0.0,1.0
Bengaluru City,Pulakeshinagar Traffic PS,1.04432e+16,2016,1,2,Road Accidents,Narrow road,City/Town,In bazaar,Human Error,No,Grievous Injury,Rear end,Not at  Junction,Others,Two way,Bitumen(Tar),Others,No influence on accident,Clear,TNNERY ROAD,NEAR POTTERY CIRCLE,1 KM,0.0,0.0,0,1,0.0,1.0
Bengaluru City,Pulakeshinagar Traffic PS,1.04432e+16,2016,1,2,Road Accidents,Narrow road,City/Town,Open area,Human Error,Yes,Grievous Injury,Head on,Not at  Junction,Others,Two way,Bitumen(Tar),Others,No influence on accident,Clear,HENNUR MAIN ROAD,OPP NARAYANA COLLEGE,2,77.628119,13.016758,0,1,0.0,1.0
Bengaluru City,Pulakeshinagar Traffic PS,1.04432e+16,2016,1,2,Road Accidents,Other,City/Town,In bazaar,Human Error,Yes,Not Applicable,Hit and Run,Controlled,Curve,Others,Bitumen(Tar),Dry,Drainage Ditch,Others,SUPER MARKET,BAZAR,10,0.0,0.0,4,0,0.0,4.0
Bengaluru City,Pulakeshinagar Traffic PS,1.04432e+16,2016,1,2,Road Accidents,Narrow road,City/Town,Near School or College,Human Error,Yes,Simple Injury,Others,Not at  Junction,Others,Two way,Bitumen(Tar),Dry,No influence on accident,Fine,WERE ROAD,WERE ROAD,1 KM,0.0,0.0,0,0,0.0,0.0
Bengaluru City,Pulakeshinagar Traffic PS,1.04432e+16,2016,1,1,Road Accidents,Junction,City/Town,In bazaar,Human Error,Yes,Grievous Injury,Hit and Run,Not Applicable,Curve,City or Town Road,Bitumen(Tar),Dry,Pot holed,Snow,CUKSAN ROAD,BAZAR,10,77.617587,13.00238,5,0,0.0,5.0
Bengaluru City,Pulakeshinagar Traffic PS,1.04432e+16,2016,1,2,Road Accidents,Narrow road,City/Town,Open area,Human Error,No,Grievous Injury,Head on,Not at  Junction,Hump,Two way,Bitumen(Tar),Others,No influence on accident,Others,KALPALLY MAIN ROAD,KALPALLY MAIN ROAD,2,0.0,0.0,0,1,0.0,1.0
Bengaluru City,Pulakeshinagar Traffic PS,1.04432e+16,2016,1,2,Road Accidents,Other,City/Town,Open area,Human Error,Yes,Grievous Injury,Side swipe,Not at  Junction,Curve,Two way,Bitumen(Tar),Others,No influence on accident,Clear,NEAR RAILWAY GATE,SHAMPURA MAIN ROAD,5,0.0,0.0,0,1,0.0,1.0
Bengaluru City,Pulakeshinagar Traffic PS,1.04432e+16,2016,1,2,Road Accidents,T Junction,City/Town,Open area,Human Error,Yes,Damage Only,Rear end,Uncontrolled,Others,Two way,Bitumen(Tar),Others,No influence on accident,Clear,M M ROAD,M M ROAD,0.5,0.0,0.0,0,1,0.0,1.0
Bengaluru City,Pulakeshinagar Traffic PS,1.04432e+16,2016,1,2,Road Accidents,Curves,City/Town,Narrow bridge or culverts,Human Error,No,Grievous Injury,Rear end,Uncontrolled,Hump,Two way,Bitumen(Tar),Dry,Not Applicable,Clear,AMC ROAD,OPEN AREA,10,77.609264,13.023366,0,0,0.0,0.0
Bengaluru City,Pulakeshinagar Traffic PS,1.04432e+16,2017,1,1,Road Accidents,Cross roads,City/Town,Residential area,Human Error,No,Simple Injury,Overturning,Not Applicable,Curve,City or Town Road,Bitumen(Tar),Dry,No influence on accident,Clear,Pramonade Road,Apartment Gate,10,0.0,0.0,0,0,0.0,0.0
Bengaluru City,Pulakeshinagar Traffic PS,1.04432e+16,2017,1,2,Road Accidents,Junction,City/Town,Residential area,Human Error,Yes,Damage Only,Hit and Run,Controlled,Others,City or Town Road,Bitumen(Tar),Dry,Not Applicable,Clear,Davis Road,Davis Road Accident Spot,10 Fee,0.0,0.0,0,0,0.0,0.0
Bengaluru City,Pulakeshinagar Traffic PS,1.04432e+16,2017,1,2,Road Accidents,Other,City/Town,Near a religious place,Human Error,No,Simple Injury,Others,Uncontrolled,Others,Others,Bitumen(Tar),Dry,Drainage Ditch,Clear,pattory road,bus stop,10,0.0,0.0,4,0,0.0,4.0
Bengaluru City,Pulakeshinagar Traffic PS,1.04432e+16,2017,1,2,Road Accidents,Circle,City/Town,Near office complex,Human Error,No,Damage Only,Others,Controlled,Others,City or Town Road,Bitumen(Tar),Dry,Not Applicable,Clear,St. John Road,Hotel,10,0.0,0.0,0,0,0.0,0.0
Bengaluru City,Pulakeshinagar Traffic PS,1.04432e+16,2017,1,2,Road Accidents,Cross roads,City/Town,Near office complex,Human Error,No,Simple Injury,Overturning,No signal lights,Curve,City or Town Road,Bitumen(Tar),Dry,No influence on accident,Clear,Haines Road,10,15,0.0,0.0,0,0,0.0,0.0
Bengaluru City,Pulakeshinagar Traffic PS,1.04432e+16,2017,1,2,Road Accidents,Circle,City/Town,Near Bus stop,Human Error,Not Applicable,Grievous Injury,Others,Uncontrolled,Others,Two way,Bitumen(Tar),Ditch or Potholed,Drainage Ditch,Clear,MM ROAD,BUS STOP,10,0.0,0.0,4,5,0.0,9.0
Bengaluru City,Pulakeshinagar Traffic PS,1.04432e+16,2017,1,2,Road Accidents,Junction,City/Town,Open area,Human Error,Yes,Grievous Injury,Hit and Run,Controlled,Others,City or Town Road,Bitumen(Tar),Dry,Not Applicable,Clear,Promanade Road,Foothbath,10,0.0,0.0,0,0,0.0,0.0
Bengaluru City,Pulakeshinagar Traffic PS,1.04432e+16,2017,1,1,Road Accidents,Curves,City/Town,In bazaar,Human Error,Yes,Simple Injury,Hit and Run,Uncontrolled,Hump,City or Town Road,Bitumen(Tar),Dry,Drainage Ditch,Clear,"MM ROAD,",BAZAR,10,0.0,0.0,4,0,0.0,4.0
Bengaluru City,Pulakeshinagar Traffic PS,1.04432e+16,2017,1,2,Road Accidents,Junction,City/Town,In bazaar,Human Error,No,Simple Injury,Others,Uncontrolled,Others,City or Town Road,Bitumen(Tar),Dry,Not Applicable,Clear,"Moaque Road, Pulakeshinagar",More Store,15,0.0,0.0,0,0,0.0,0.0
Bengaluru City,Pulakeshinagar Traffic PS,1.04432e+16,2017,1,2,Rail Road Accidents,Cross roads,City/Town,Residential area,Human Error,No,Grievous Injury,Head on,Controlled,Others,City or Town Road,Bitumen(Tar),Dry,Not Applicable,Clear,Ashoka Road & Davis Road,KEB Office,60,0.0,0.0,0,0,0.0,0.0
Bengaluru City,Pulakeshinagar Traffic PS,1.04432e+16,2017,1,2,Road Accidents,Other,City/Town,Residential area,Human Error,Yes,Damage Only,Hit and Run,Controlled,Others,City or Town Road,Bitumen(Tar),Dry,Not Applicable,Clear,Coles Road and Stephen Road,Park,10,0.0,0.0,0,0,0.0,0.0
Bengaluru City,Pulakeshinagar Traffic PS,1.04432e+16,2017,1,1,Road Accidents,Junction,City/Town,Near Petrol Pump,Human Error,No,Fatal,Others,Controlled,Others,City or Town Road,Bitumen(Tar),Dry,Not Applicable,Clear,Pramanade Road,Near Petrol Bunk,10,0.0,0.0,0,0,0.0,0.0
Bengaluru City,Pulakeshinagar Traffic PS,1.04432e+16,2017,1,1,Road Accidents,Narrow road,City/Town,Near a religious place,Human Error,Yes,Fatal,Hit and Run,Not Applicable,Straight and flat,City or Town Road,Bitumen(Tar),Dry,Not Applicable,Clear,Promenade Road,Electrical Poll,20,12.99355,77.61132,0,0,0.0,0.0
Bengaluru City,Pulakeshinagar Traffic PS,1.04432e+16,2017,1,2,Road Accidents,Curves,City/Town,In bazaar,Human Error,No,Grievous Injury,Overturning,Uncontrolled,Others,Others,Bitumen(Tar),Dry,Not Applicable,Cloudy,ULSUR LAKE ROAD,BAZAR,10,0.0,0.0,0,0,0.0,0.0
Bengaluru City,Pulakeshinagar Traffic PS,1.04432e+16,2017,1,2,Road Accidents,Road hump or Rumble strips,City/Town,Open area,Human Error,Yes,Damage Only,Hit and Run,Uncontrolled,Hump,City or Town Road,Bitumen(Tar),Dry,Not Applicable,Clear,Kalpalli Road,Electrical Pol,10,0.0,0.0,0,0,0.0,0.0
Bengaluru City,Pulakeshinagar Traffic PS,1.04432e+16,2017,1,2,Road Accidents,Narrow road,City/Town,Near office complex,Human Error,No,Damage Only,Rear end,Give way sign,Not Applicable,City or Town Road,Bitumen(Tar),Dry,No influence on accident,Clear,Sundermurthy Road,10,10,0.0,0.0,0,0,0.0,0.0
Bengaluru City,Pulakeshinagar Traffic PS,1.04432e+16,2017,1,2,Road Accidents,Junction,City/Town,Residential area,Human Error,No,Damage Only,Others,No signal lights,Others,City or Town Road,Bitumen(Tar),Dry,Not Applicable,Clear,"Sundarmuthi Road, Cox Town",Electrical Poll,20,0.0,0.0,0,0,0.0,0.0
Bengaluru City,Pulakeshinagar Traffic PS,1.04432e+16,2017,1,2,Road Accidents,Narrow road,City/Town,Near Bus stop,Human Error,No,Grievous Injury,Head on,Controlled,Others,City or Town Road,Bitumen(Tar),Dry,Not Applicable,Clear,Banasawadi Main Road,ITC Company,150,0.0,0.0,0,0,0.0,0.0
Bengaluru City,Pulakeshinagar Traffic PS,1.04432e+16,2017,1,2,Rail Road Accidents,Culvert,City/Town,Narrow bridge or culverts,Human Error,No,Damage Only,Side swipe,Controlled,Not Applicable,City or Town Road,Bitumen(Tar),Dry,Not Applicable,Clear,Lazer Road,10,10,0.0,0.0,0,0,0.0,0.0
Bengaluru City,Pulakeshinagar Traffic PS,1.04432e+16,2017,1,2,Road Accidents,Other,City/Town,Near Bus stop,Human Error,Yes,Grievous Injury,Hit and Run,Controlled,Others,City or Town Road,Bitumen(Tar),Dry,Not Applicable,Clear,Coles Road,Park,10,0.0,0.0,0,0,0.0,0.0