DISTRICTNAME,UNITNAME,Crime_No,Year,RI,Noofvehicle_involved,Accident_Classification,Accident_Spot,Accident_Location,Accident_SubLocation,Main_Cause,Hit_Run,Severity,Collision_Type,Junction_Control,Road_Character,Road_Type,Surface_Type,Surface_Condition,Road_Condition,Weather,Accident_Road,Landmark_first,Distance_LandMark_First,Latitude,Longitude,Road_Condition_Score,Surface_Condition_Score,Surface_Type_Score,Road_Risk_Index
Bengaluru City,Pulakeshinagar Traffic PS,1.04432e+16,2017,1,1,Road Accidents,Curves,City/Town,Open area,Human Error,No,Grievous Injury,Overturning,Uncontrolled,Curve,Two way,Bitumen(Tar),Dry,Drainage Ditch,Clear,PATTORY ROAD,NEAR MARIYAMMA TEMPLE,10,0.0,0.0,4,0,0.0,4.0
Bengaluru City,Pulakeshinagar Traffic PS,1.04432e+16,2017,1,1,Road Accidents,Other,City/Town,Open area,Human Error,No,Grievous Injury,Hit pedestrian,Uncontrolled,Others,City or Town Road,Bitumen(Tar),Dry,Drainage Ditch,Clear,"MILTON STREET , BANASWADI MAIN ROAD",BAZAR SHOP,10,0.0,0.0,4,0,0.0,4.0
Bengaluru City,Pulakeshinagar Traffic PS,1.04432e+16,2017,1,1,Road Accidents,Other,City/Town,Near Hospital,Human Error,Yes,Fatal,Hit and Run,Uncontrolled,Others,Two way,Bitumen(Tar),Dry,Not Applicable,Cloudy,SENT JOHN ROAD,NEAR HOSPITAL,10,0.0,0.0,0,0,0.0,0.0
Bengaluru City,Pulakeshinagar Traffic PS,1.04432e+16,2017,1,2,Road Accidents,Narrow road,City/Town,Near School or College,Human Error,No,Grievous Injury,Others,Uncontrolled,Not Applicable,City or Town Road,Bitumen(Tar),Dry,Not Applicable,Clear,Millers Road,Electrical Poll,20,0.0,0.0,0,0,0.0,0.0
Bengaluru City,Pulakeshinagar Traffic PS,1.04432e+16,2017,1,2,Road Accidents,Junction,City/Town,Near Bus stop,Human Error,No,Grievous Injury,Head on,Controlled,Curve,City or Town Road,Bitumen(Tar),Dry,No influence on accident,Clear,Wheeler Road,Wheeler Road,15,0.0,0.0,0,0,0.0,0.0
Bengaluru City,Pulakeshinagar Traffic PS,1.04432e+16,2017,1,2,Road Accidents,Narrow road,City/Town,Near Bus stop,Human Error,No,Grievous Injury,Head on,Controlled,Others,City or Town Road,Bitumen(Tar),Dry,Not Applicable,Clear,Tannary Road,Bismilla Hotel,15,0.0,0.0,0,0,0.0,0.0
Bengaluru City,Pulakeshinagar Traffic PS,1.04432e+16,2017,1,2,Road Accidents,Circle,City/Town,Residential area,Human Error,Yes,Grievous Injury,Hit and Run,No signal lights,Curve,City or Town Road,Bitumen(Tar),Dry,Not Applicable,Clear,"HM Road and Lazer Road, Pulakeshinagar",Apartment Gate,15,0.0,0.0,0,0,0.0,0.0
Bengaluru City,Pulakeshinagar Traffic PS,1.04432e+16,2017,1,2,Road Accidents,Narrow road,City/Town,Near School or College,Human Error,No,Simple Injury,Head on,Not Applicable,Not Applicable,City or Town Road,Bitumen(Tar),Dry,Not Applicable,Clear,St. John Chruch Road,10,18,0.0,0.0,0,0,0.0,0.0
Bengaluru City,Pulakeshinagar Traffic PS,1.04432e+16,2017,1,2,Road Accidents,Junction,City/Town,In bazaar,Human Error,No,Simple Injury,Others,Controlled,Others,City or Town Road,Bitumen(Tar),Dry,Not Applicable,Clear,Wheeler Road,Electrical Pol,8,0.0,0.0,0,0,0.0,0.0
Bengaluru City,Pulakeshinagar Traffic PS,1.04432e+16,2017,1,1,Road Accidents,Narrow road,City/Town,Residential area,Human Error,No,Simple Injury,Rear end,No signal lights,Not Applicable,City or Town Road,Bitumen(Tar),Dry,Not Applicable,Clear,Davis Road,40,10,0.0,0.0,0,0,0.0,0.0
Bengaluru City,Pulakeshinagar Traffic PS,1.04432e+16,2017,1,1,Road Accidents,Circle,City/Town,Open area,Human Error,Yes,Grievous Injury,Hit and Run,Signal lights Manual,Curve,City or Town Road,Bitumen(Tar),Dry,Drainage Ditch,Cloudy,COLES PARK SIGNAL,OPEN AREA,10,0.0,0.0,4,0,0.0,4.0
Bengaluru City,Pulakeshinagar Traffic PS,1.04432e+16,2017,1,1,Road Accidents,Other,City/Town,Near Bus stop,Human Error,No,Simple Injury,Others,Controlled,Others,City or Town Road,Bitumen(Tar),Dry,Not Applicable,Clear,Hains Road,Coles Park BMTC Bus Stop,10,0.0,0.0,0,0,0.0,0.0
Bengaluru City,Pulakeshinagar Traffic PS,1.04432e+16,2017,1,1,Road Accidents,Narrow road,City/Town,Open area,Human Error,Yes,Simple Injury,Hit and Run,Not Applicable,Others,City or Town Road,Bitumen(Tar),Dry,Not Applicable,Clear,Robertson Road,Fantisya Beauty Parlour,30,0.0,0.0,0,0,0.0,0.0
Bengaluru City,Pulakeshinagar Traffic PS,1.04432e+16,2017,1,2,Road Accidents,Culvert,City/Town,Narrow bridge or culverts,Human Error,No,Simple Injury,Overturning,No signal lights,Others,City or Town Road,Bitumen(Tar),Dry,Not Applicable,Clear,"ITC Flyover Bridge, Banasawadi Main Road",Electrical Poll,20,0.0,0.0,0,0,0.0,0.0
Bengaluru City,Pulakeshinagar Traffic PS,1.04432e+16,2017,1,1,Road Accidents,Narrow road,City/Town,At pedestrian Crossing,Human Error,No,Fatal,Hit pedestrian,Controlled,Others,City or Town Road,Bitumen(Tar),Dry,No influence on accident,Clear,St. John Chruch Road,AKS Convention Hall,35,0.0,0.0,0,0,0.0,0.0
Bengaluru City,Pulakeshinagar Traffic PS,1.04432e+16,2018,1,2,Road Accidents,Road hump or Rumble strips,City/Town,Near School or College,Human Error,Yes,Simple Injury,Hit and Run,Not Applicable,Hump,City or Town Road,Bitumen(Tar),Dry,Not Applicable,Clear,Assayi Main Road,Electrical Pole,50,0.0,0.0,0,0,0.0,0.0
Bengaluru City,Pulakeshinagar Traffic PS,1.04432e+16,2018,1,1,Road Accidents,Other,City/Town,Near Hospital,Human Error,No,Fatal,Skidding or Self accident,Uncontrolled,Others,City or Town Road,Bitumen(Tar),Flooded,No influence on accident,Clear,Huchinns Main Road,Electrical Poll,10,0.0,0.0,0,5,0.0,5.0
Bengaluru City,Pulakeshinagar Traffic PS,1.04432e+16,2018,1,1,Road Accidents,Narrow road,City/Town,Near Bus stop,Human Error,No,Fatal,Head on,Not Applicable,Others,City or Town Road,Bitumen(Tar),Wet,Not Applicable,Light Rain,MM Road,Vijayalakshmi Hotel,20,13.000861,77.612874,0,3,0.0,3.0
Bengaluru City,Pulakeshinagar Traffic PS,1.04432e+16,2018,1,1,Road Accidents,Curves,City/Town,Near office complex,Human Error,Yes,Fatal,Hit and Run,Not Applicable,Curve,City or Town Road,Bitumen(Tar),Dry,No influence on accident,Heavy Rain,"Lazer Road, Pulakeshinagar",Electrical Poll,25,13.0030491,77.6197124,0,0,0.0,0.0
Bengaluru City,Pulakeshinagar Traffic PS,1.04432e+16,2018,1,2,Road Accidents,Circle,City/Town,In bazaar,Human Error,Yes,Grievous Injury,Hit and Run,Controlled,Curve,City or Town Road,Concrete,Dry,Not Applicable,Clear,Nethaji Road,GK vell photo Studio,25,0.0,0.0,0,0,0.0,0.0
Bengaluru City,Pulakeshinagar Traffic PS,1.04432e+16,2018,1,2,Road Accidents,Narrow road,City/Town,Near office complex,Human Error,Yes,Simple Injury,Others,Uncontrolled,Not Applicable,City or Town Road,Bitumen(Tar),Dry,No influence on accident,Clear,"Annaswamy Mudaliyar Road, Near Halasoor Lake, Bharathinagar",Green Tree,6,0.0,0.0,0,0,0.0,0.0
Bengaluru City,Pulakeshinagar Traffic PS,1.04432e+16,2018,1,2,Road Accidents,Bridge,City/Town,Narrow bridge or culverts,Human Error,No,Damage Only,Rear end,Not Applicable,Not Applicable,City or Town Road,Bitumen(Tar),Dry,No influence on accident,Clear,"Netaji Road, Pulakeshinagar, Bengaluru 560005",Electrical Poll,45,0.0,0.0,0,0,0.0,0.0
Bengaluru City,Pulakeshinagar Traffic PS,1.04432e+16,2018,1,2,Rail Road Accidents,Circle,City/Town,Near office complex,Human Error,Yes,Grievous Injury,Hit and Run,No signal lights,Curve,City or Town Road,Bitumen(Tar),Dry,Not Applicable,Clear,St. Jhon Road,electronic pole,10,12.982931,77.613039,0,0,0.0,0.0
Bengaluru City,Pulakeshinagar Traffic PS,1.04432e+16,2018,1,1,Road Accidents,Cross roads,City/Town,Near School or College,Human Error,Yes,Grievous Injury,Hit and Run,Not Applicable,Curve,City or Town Road,Bitumen(Tar),Dry,Not Applicable,Clear,st.jhon cross road,chinmay vidyalaya,30,12.984056,77.614901,0,0,0.0,0.0
Bengaluru City,Pulakeshinagar Traffic PS,1.04432e+16,2018,1,2,Road Accidents,Narrow road,City/Town,Near Hospital,Human Error,No,Damage Only,Hit parked vehicle,Not at  Junction,Straight and flat,City or Town Road,Bitumen(Tar),Dry,No influence on accident,Clear,Haines Road,Electrical Poll,8,12.996492,77.609033,0,0,0.0,0.0
Bengaluru City,Pulakeshinagar Traffic PS,1.04432e+16,2018,1,2,Road Accidents,Junction,City/Town,Near Bus stop,Human Error,No,Simple Injury,Others,Not Applicable,Others,City or Town Road,Bitumen(Tar),Dry,No influence on accident,Clear,Haines Road,Electrical Pol,25,0.0,0.0,0,0,0.0,0.0
Bengaluru City,Pulakeshinagar Traffic PS,1.04432e+16,2018,1,2,Road Accidents,Junction,City/Town,Residential area,Human Error,No,Damage Only,Side swipe,Controlled,Others,City or Town Road,Bitumen(Tar),Dry,No influence on accident,Clear,HM And Davis Road,Mariyaselvam Apartment,20,0.0,0.0,0,0,0.0,0.0
Bengaluru City,Pulakeshinagar Traffic PS,1.04432e+16,2018,1,1,Road Accidents,Narrow road,City/Town,Near office complex,Human Error,No,Grievous Injury,Head on,Not Applicable,Others,City or Town Road,Bitumen(Tar),Dry,Not Applicable,Clear,St. John Road,Electrical Poll,8,0.0,0.0,0,0,0.0,0.0
Bengaluru City,Pulakeshinagar Traffic PS,1.04432e+16,2018,1,1,Road Accidents,Junction,City/Town,Open area,Human Error,No,Fatal,Others,Controlled,Not Applicable,City or Town Road,Bitumen(Tar),Dry,Not Applicable,Cloudy,Hains Road,Safina Gardenia Convection Hall,30,0.0,0.0,0,0,0.0,0.0
Bengaluru City,Pulakeshinagar Traffic PS,1.04432e+16,2018,1,2,Road Accidents,Circle,City/Town,Near a religious place,Human Error,Not Applicable,Simple Injury,Others,No signal lights,Curve,City or Town Road,Bitumen(Tar),Dry,Not Applicable,Clear,Tank road,ganesha temple,35,0.0,0.0,0,0,0.0,0.0
Bengaluru City,Pulakeshinagar Traffic PS,1.04432e+16,2018,1,2,Road Accidents,Other,City/Town,Near office complex,Human Error,No,Damage Only,Hit parked vehicle,Not at  Junction,Others,City or Town Road,Bitumen(Tar),Dry,Not Applicable,Clear,Annaswamy Mudaliyar Road,20,30,0.0,0.0,0,0,0.0,0.0
Bengaluru City,Pulakeshinagar Traffic PS,1.04432e+16,2018,1,2,Road Accidents,Junction,City/Town,Near Petrol Pump,Human Error,No,Grievous Injury,Side impact or Right angle,Signals (Working),Not Applicable,City or Town Road,Bitumen(Tar),Dry,No influence on accident,Clear,Wheeler Road,Electrical Poll,35,0.0,0.0,0,0,0.0,0.0
Bengaluru City,Pulakeshinagar Traffic PS,1.04432e+16,2018,1,1,Road Accidents,Narrow road,City/Town,Near a religious place,Human Error,Yes,Fatal,Hit and Run,Uncontrolled,Others,City or Town Road,Bitumen(Tar),Dry,No influence on accident,Clear,"Narayana Pillai Street, Bharathi Nagar, Bengaluru",Karthik Enterprises Store,2,12.985788,77.609132,0,0,0.0,0.0
Bengaluru City,Pulakeshinagar Traffic PS,1.04432e+16,2018,1,2,Road Accidents,Bridge,City/Town,Narrow bridge or culverts,Human Error,No,Grievous Injury,Overturning,Not Applicable,Curve,City or Town Road,Bitumen(Tar),Dry,Not Applicable,Clear,"Pottery Road, Pulakeshinagar",Electrical Poll,25,13.000136,77.620296,0,0,0.0,0.0
Bengaluru City,Pulakeshinagar Traffic PS,1.04432e+16,2018,1,1,Road Accidents,Narrow road,City/Town,Near School or College,Human Error,No,Grievous Injury,Head on,Signal lights Blinking,Not Applicable,City or Town Road,Bitumen(Tar),Dry,No influence on accident,Clear,Hennur Main Road,Charls School Gate,20,0.0,0.0,0,0,0.0,0.0
Bengaluru City,Pulakeshinagar Traffic PS,1.04432e+16,2018,1,1,Road Accidents,Junction,City/Town,Near Hospital,Human Error,No,Grievous Injury,Hit pedestrian,No signal lights,Others,City or Town Road,Bitumen(Tar),Dry,Not Applicable,Clear,M.M. ROAD,NEAR  HOSPITAL,25,0.0,0.0,0,0,0.0,0.0
Bengaluru City,Pulakeshinagar Traffic PS,1.04432e+16,2019,1,1,Road Accidents,Narrow road,City/Town,Residential area,Human Error,No,Fatal,Not Applicable,Uncontrolled,Straight and flat,Residential Street,Bitumen(Tar),Dry,Not Applicable,Clear,Charls Cambel Road,Electrical Poll,30,0.0,0.0,0,0,0.0,0.0
Bengaluru City,Pulakeshinagar Traffic PS,1.04432e+16,2019,1,1,Road Accidents,Narrow road,City/Town,Residential area,Vehicle Defect,No,Fatal,Hit pedestrian,Not Applicable,Not Applicable,Two way,Bitumen(Tar),Dry,Not Applicable,Clear,Annaswamy modliyar road,B LAKE CENTER SHOP,1,0.0,0.0,0,0,0.0,0.0
Bengaluru City,Pulakeshinagar Traffic PS,1.04432e+16,2019,1,2,Rail Road Accidents,Junction,City/Town,Open area,Human Error,No,Grievous Injury,Vehicle to Vehicle,Controlled,Others,Others,Bitumen(Tar),Dry,No influence on accident,Clear,Wheelers Road,Signal Light,40,0.0,0.0,0,0,0.0,0.0
Bengaluru City,Pulakeshinagar Traffic PS,1.04432e+16,2019,1,1,Road Accidents,Narrow road,City/Town,Near a religious place,Human Error,No,Fatal,Not Applicable,Not Applicable,Not Applicable,Residential Street,Bitumen(Tar),Dry,No influence on accident,Clear,Mosque Road,Electrical Poll,20,12.999624,77.615917,0,0,0.0,0.0
Bengaluru City,Pulakeshinagar Traffic PS,1.04432e+16,2019,1,2,Road Accidents,Narrow road,City/Town,Residential area,Human Error,Yes,Grievous Injury,Vehicle to Vehicle,Uncontrolled,Straight and flat,Residential Street,Bitumen(Tar),Dry,No influence on accident,Clear,Assaye Road,Krishna House,5,0.0,0.0,0,0,0.0,0.0
Bengaluru City,Pulakeshinagar Traffic PS,1.04432e+16,2019,1,1,Road Accidents,Narrow road,City/Town,At pedestrian Crossing,Human Error,Yes,Grievous Injury,Hit pedestrian,Not Applicable,Not Applicable,Others,Bitumen(Tar),Dry,No influence on accident,Clear,Netaji Road,Electrical Poll,20,0.0,0.0,0,0,0.0,0.0
Bengaluru City,Pulakeshinagar Traffic PS,1.04432e+16,2019,1,2,Road Accidents,Junction,City/Town,Residential area,Human Error,No,Fatal,Side impact or Right angle,Uncontrolled,Others,City or Town Road,Bitumen(Tar),Dry,No influence on accident,Clear,wheeler extension road,electrical poll,15feet,0.0,0.0,0,0,0.0,0.0
Bengaluru City,Pulakeshinagar Traffic PS,1.04432e+16,2019,1,2,Road Accidents,Circle,City/Town,Near Petrol Pump,Human Error,No,Grievous Injury,Vehicle to Vehicle,Controlled,Others,Not Applicable,Bitumen(Tar),Dry,Not Applicable,Cloudy,Nethaji Road,electrical  pole,15feet,0.0,0.0,0,0,0.0,0.0
Bengaluru City,Pulakeshinagar Traffic PS,1.04432e+16,2019,1,1,Road Accidents,Not Applicable,City/Town,Near School or College,Human Error,No,Fatal,Not Applicable,Not Applicable,Not Applicable,Two way,Kutcha,Dry,Not Applicable,Fine,M.M ROAD,Near governament model primary school,0.9,0.0,0.0,0,0,4.0,4.0
Bengaluru City,Pulakeshinagar Traffic PS,1.04432e+16,2019,1,2,Road Accidents,Junction,City/Town,Residential area,Human Error,No,Simple Injury,Vehicle to Vehicle,Uncontrolled,Others,Two way,Bitumen(Tar),Dry,Not Applicable,Clear,Viviyani Road,40,30,0.0,0.0,0,0,0.0,0.0
Bengaluru City,Pulakeshinagar Traffic PS,1.04432e+16,2019,1,2,Road Accidents,Narrow road,City/Town,Residential area,Human Error,No,Simple Injury,Hit pedestrian,Not Applicable,Straight and flat,Residential Street,Bitumen(Tar),Dry,No influence on accident,Clear,Huchins Road,Electrical Poll,25,0.0,0.0,0,0,0.0,0.0
Bengaluru City,Pulakeshinagar Traffic PS,1.04432e+16,2019,1,1,Road Accidents,Narrow road,City/Town,Residential area,Human Error,No,Grievous Injury,Hit pedestrian,Not Applicable,Straight and flat,Residential Street,Bitumen(Tar),Dry,No influence on accident,Clear,Hutchins Road,Mini Coffee Hotel,5,13.001522,77.621454,0,0,0.0,0.0
Bengaluru City,Pulakeshinagar Traffic PS,1.04432e+16,2019,1,2,Road Accidents,Narrow road,City/Town,Residential area,Human Error,No,Grievous Injury,Head on,Uncontrolled,Not Applicable,City or Town Road,Bitumen(Tar),Dry,Not Applicable,Clear,Mosque Road,electrical poll,40,0.0,0.0,0,0,0.0,0.0
Bengaluru City,Pulakeshinagar Traffic PS,1.04432e+16,2019,1,2,Road Accidents,Narrow road,City/Town,Residential area,Human Error,No,Fatal,Vehicle to Vehicle,Not at  Junction,Others,Residential Street,Bitumen(Tar),Dry,No influence on accident,Fine,Ramakrishnappa Road,Ramakrishnappa Road,20,0.0,0.0,0,0,0.0,0.0
Bengaluru City,Pulakeshinagar Traffic PS,1.04432e+16,2019,1,2,Road Accidents,Narrow road,City/Town,Near School or College,Human Error,No,Damage Only,Hit pedestrian,Signal lights Automatic,Others,Others,Bitumen(Tar),Dry,No influence on accident,Clear,Hennur Main Road,St Charls School Road,20,0.0,0.0,0,0,0.0,0.0
Bengaluru City,Pulakeshinagar Traffic PS,1.04432e+16,2019,1,2,Not Applicable,Not Applicable,City/Town,In bazaar,Not Applicable,Not Applicable,Grievous Injury,Not Applicable,Not Applicable,Not Applicable,Not Applicable,Bitumen(Tar),Dry,Construction Work / Material,Cloudy,charles cambel,house,26,0.0,0.0,2,0,0.0,2.0
Bengaluru City,Pulakeshinagar Traffic PS,1.04432e+16,2019,1,1,Road Accidents,Not Applicable,City/Town,In bazaar,Not Applicable,No,Grievous Injury,Hit pedestrian,Not Applicable,Not Applicable,Not Applicable,Bitumen(Tar),Dry,Not Applicable,Clear,Thimmayya Road,No 166 Shifa medical shop,13,0.0,0.0,0,0,0.0,0.0
Bengaluru City,Pulakeshinagar Traffic PS,1.04432e+16,2019,1,2,Road Accidents,Narrow road,City/Town,Residential area,Human Error,Yes,Fatal,Hit and Run,Uncontrolled,Others,City or Town Road,Bitumen(Tar),Dry,No influence on accident,Clear,wheeler extension road,electrical poll,15,0.0,0.0,0,0,0.0,0.0
Bengaluru City,Pulakeshinagar Traffic PS,1.04432e+16,2019,1,2,Road Accidents,Narrow road,City/Town,Near Hospital,Human Error,No,Grievous Injury,Vehicle to Vehicle,Not Applicable,Straight and flat,Others,Bitumen(Tar),Dry,No influence on accident,Clear,Contonment Railway Station Road,CSI Hospital Back Gate,15,12.991946,77.601048,0,0,0.0,0.0
Bengaluru City,Pulakeshinagar Traffic PS,1.04432e+16,2019,1,4,Road Accidents,Narrow road,City/Town,Residential area,Human Error,No,Grievous Injury,Rear end,Controlled,Others,City or Town Road,Bitumen(Tar),Dry,No influence on accident,Clear,Banasawadi Main Road,20,25,0.0,0.0,0,0,0.0,0.0
Bengaluru City,Pulakeshinagar Traffic PS,1.04432e+16,2019,1,1,Road Accidents,Narrow road,City/Town,Near School or College,Human Error,No,Fatal,Hit pedestrian,Uncontrolled,Straight and flat,Residential Street,Bitumen(Tar),Dry,No influence on accident,Clear,St. Johns Road,School,40,12.98439,77.61432,0,0,0.0,0.0
Bengaluru City,Pulakeshinagar Traffic PS,1.04432e+16,2019,1,1,Road Accidents,Circle,City/Town,Residential area,Human Error,No,Simple Injury,Hit pedestrian,Not at  Junction,Others,Residential Street,Bitumen(Tar),Dry,Not Applicable,Clear,Coles Road,HP Petrol Bunk,40,0.0,0.0,0,0,0.0,0.0
Bengaluru City,Pulakeshinagar Traffic PS,1.04432e+16,2019,1,2,Road Accidents,Circle,City/Town,Near Petrol Pump,Human Error,No,Grievous Injury,Vehicle to Vehicle,Controlled,Others,Others,Bitumen(Tar),Dry,No influence on accident,Clear,St. Johns Road,Petrol Bunk,40,0.0,0.0,0,0,0.0,0.0
Bengaluru City,Pulakeshinagar Traffic PS,1.04432e+16,2019,1,1,Road Accidents,Circle,City/Town,Residential area,Human Error,No,Simple Injury,Hit pedestrian,Uncontrolled,Others,Residential Street,Bitumen(Tar),Dry,Not Applicable,Clear,Hall Road,East End Apartment,40,0.0,0.0,0,0,0.0,0.0
Bengaluru City,Pulakeshinagar Traffic PS,1.04432e+16,2019,1,1,Road Accidents,Narrow road,City/Town,Near Hospital,Human Error,No,Fatal,Not Applicable,No signal lights,Straight and flat,Residential Street,Bitumen(Tar),Dry,Not Applicable,Clear,Wheelers Road,Shankar Bail Stall,10,12.994926,77.616104,0,0,0.0,0.0
Bengaluru City,Pulakeshinagar Traffic PS,1.04432e+16,2019,1,1,Road Accidents,Circle,City/Town,Near Bus stop,Human Error,No,Damage Only,Not Applicable,Controlled,Curve,Others,Bitumen(Tar),Dry,No influence on accident,Fine,MM Road,MM Road,30,0.0,0.0,0,0,0.0,0.0
Bengaluru City,Pulakeshinagar Traffic PS,1.04432e+16,2019,1,1,Road Accidents,Cross roads,City/Town,Residential area,Human Error,No,Damage Only,Not Applicable,Not Applicable,Sharp Curve,Residential Street,Concrete,Dry,No influence on accident,Clear,Nala Road,Electrical Poll,15,0.0,0.0,0,0,0.0,0.0
Bengaluru City,Pulakeshinagar Traffic PS,1.04432e+16,2020,1,2,Road Accidents,Not Applicable,City/Town,Near office complex,Human Error,No,Damage Only,Vehicle to Vehicle,Not Applicable,Straight and flat,Two way,Bitumen(Tar),Dry,No influence on accident,Clear,MM Road,Opposite  Bucket Biriyani Hotel,600 M,13.000383,77.617802,0,0,0.0,0.0
Bengaluru City,Pulakeshinagar Traffic PS,1.04432e+16,2020,1,2,Road Accidents,Junction,City/Town,Residential area,Human Error,No,Fatal,Vehicle to Vehicle,No signal lights,Others,Residential Street,Bitumen(Tar),Dry,No influence on accident,Clear,Wheeler Road,Electrical Poll,30,0.0,0.0,0,0,0.0,0.0
Bengaluru City,Pulakeshinagar Traffic PS,1.04432e+16,2020,1,1,Road Accidents,Narrow road,City/Town,Residential area,Human Error,No,Fatal,Not Applicable,Uncontrolled,Straight and flat,Residential Street,Bitumen(Tar),Dry,No influence on accident,Clear,Hutchines Road,Electrical Poll,8,13.007289,77.623198,0,0,0.0,0.0
Bengaluru City,Pulakeshinagar Traffic PS,1.04432e+16,2020,1,2,Road Accidents,Curves,City/Town,Near Bus stop,Not Applicable,No,Simple Injury,Vehicle to Vehicle,Uncontrolled,Curve,Others,Bitumen(Tar),Dry,Not Applicable,Clear,Pottery Road Near East Railway Station,East Railway Station BMTC Bus Stop,15feet,0.0,0.0,0,0,0.0,0.0
Bengaluru City,Pulakeshinagar Traffic PS,1.04432e+16,2020,1,2,Road Accidents,Circle,City/Town,Near Bus stop,Human Error,No,Simple Injury,Vehicle to Vehicle,Controlled,Others,Two way,Bitumen(Tar),Dry,No influence on accident,Clear,"Netaji Road, Opp. to BMTC Bus Stop, Pulakeshinagar",BMTC Bus Stop,50,13.001049,77.611912,0,0,0.0,0.0
Bengaluru City,Pulakeshinagar Traffic PS,1.04432e+16,2020,1,1,Road Accidents,Narrow road,City/Town,Residential area,Not Applicable,Yes,Simple Injury,Hit pedestrian,Uncontrolled,Straight and flat,Residential Street,Concrete,Dry,Not Applicable,Clear,Naryana pillai Street,Naryana pillai Street Near Transformer,2 KM,0.0,0.0,0,0,0.0,0.0
Bengaluru City,Pulakeshinagar Traffic PS,1.04432e+16,2020,1,2,Road Accidents,Road hump or Rumble strips,City/Town,Residential area,Human Error,Yes,Fatal,Vehicle to Vehicle,Not Applicable,Slight Curve,Two way,Concrete,Dry,No influence on accident,Clear,Banswadi main road,ITC Flyover,20,12.998147,77.623208,0,0,0.0,0.0
Bengaluru City,Pulakeshinagar Traffic PS,1.04432e+16,2020,1,2,Rail Road Accidents,Narrow road,City/Town,Residential area,Not Applicable,Yes,Grievous Injury,Hit pedestrian,Uncontrolled,Not Applicable,Sub Arterial,Concrete,Dry,Not Applicable,Clear,Tannery Road,Pottery Circle Near Tannery Road,1,13.00316,77.612247,0,0,0.0,0.0
Bengaluru City,Pulakeshinagar Traffic PS,1.04432e+16,2020,1,2,Road Accidents,Narrow road,City/Town,Residential area,Human Error,Yes,Grievous Injury,Vehicle to Vehicle,No signal lights,Curve,Residential Street,Bitumen(Tar),Dry,No influence on accident,Clear,Pottery Road,Railway Bridge,25,0.0,0.0,0,0,0.0,0.0
Bengaluru City,Pulakeshinagar Traffic PS,1.04432e+16,2020,1,2,Road Accidents,Narrow road,City/Town,Residential area,Human Error,No,Grievous Injury,Vehicle to Vehicle,Not Applicable,Not Applicable,Residential Street,Bitumen(Tar),Dry,No influence on accident,Clear,Davis Road,Electrical Poll,30,0.0,0.0,0,0,0.0,0.0
Bengaluru City,Pulakeshinagar Traffic PS,1.04432e+16,2020,1,2,Road Accidents,Narrow road,City/Town,Residential area,Human Error,No,Grievous Injury,Vehicle to Vehicle,Not Applicable,Straight and flat,Residential Street,Bitumen(Tar),Dry,No influence on accident,Clear,"Haines Road, Pulakeshinagar",Electrical Poll,20,12.99525,77.60831,0,0,0.0,0.0
Bengaluru City,Pulakeshinagar Traffic PS,1.04432e+16,2020,1,1,Road Accidents,Narrow road,City/Town,Near office complex,Human Error,Yes,Fatal,Hit pedestrian,Uncontrolled,Straight and flat,Others,Bitumen(Tar),Dry,Not Applicable,Clear,narayanapillaye street,adams furniture store,7,0.0,0.0,0,0,0.0,0.0
Bengaluru City,Pulakeshinagar Traffic PS,1.04432e+16,2020,1,2,Road Accidents,Narrow road,City/Town,Residential area,Human Error,No,Damage Only,Vehicle to Vehicle,Not Applicable,Straight and flat,Residential Street,Bitumen(Tar),Dry,No influence on accident,Clear,Assaye Road,Mangaluru Sea Food Resturant,45,0.0,0.0,0,0,0.0,0.0
Bengaluru City,Pulakeshinagar Traffic PS,1.04432e+16,2020,1,1,Road Accidents,Narrow road,City/Town,Residential area,Human Error,No,Fatal,Hit pedestrian,Not Applicable,Not Applicable,Residential Street,Bitumen(Tar),Dry,Not Applicable,Clear,St. Johns Road,Electrical Poll,20,0.0,0.0,0,0,0.0,0.0
Bengaluru City,Pulakeshinagar Traffic PS,1.04432e+16,2020,1,1,Road Accidents,Narrow road,City/Town,Near School or College,Human Error,No,Fatal,Not Applicable,Not Applicable,Not Applicable,Others,Bitumen(Tar),Dry,Not Applicable,Clear,Assaye Road,Electrical Poll,50,0.0,0.0,0,0,0.0,0.0