DISTRICTNAME,UNITNAME,Crime_No,Year,RI,Noofvehicle_involved,Accident_Classification,Accident_Spot,Accident_Location,Accident_SubLocation,Main_Cause,Hit_Run,Severity,Collision_Type,Junction_Control,Road_Character,Road_Type,Surface_Type,Surface_Condition,Road_Condition,Weather,Accident_Road,Landmark_first,Distance_LandMark_First,Latitude,Longitude,Road_Condition_Score,Surface_Condition_Score,Surface_Type_Score,Road_Risk_Index
Bengaluru City,Pulakeshinagar Traffic PS,1.04432e+16,2020,1,1,Road Accidents,Road hump or Rumble strips,City/Town,Near School or College,Human Error,No,Fatal,Hit pedestrian,Not Applicable,Straight and flat,Two way,Bitumen(Tar),Dry,No influence on accident,Clear,Hennur Main Road,Navadurga Devi Temple,10,13.006426,77.620979,0,0,0.0,0.0
Bengaluru City,Pulakeshinagar Traffic PS,1.04432e+16,2020,1,2,Road Accidents,Curves,City/Town,Residential area,Human Error,Yes,Damage Only,Vehicle to Vehicle,Uncontrolled,Curve,Two way,Bitumen(Tar),Dry,No influence on accident,Clear,Spencer Road,99 Building,15,0.0,0.0,0,0,0.0,0.0
Bengaluru City,Pulakeshinagar Traffic PS,1.04432e+16,2020,1,3,Road Accidents,Narrow road,City/Town,Near office complex,Human Error,No,Grievous Injury,Vehicle to Vehicle,Not Applicable,Not Applicable,Two way,Bitumen(Tar),Dry,Not Applicable,Clear,St. Johns Chruch Road,Electrical Poll,20,0.0,0.0,0,0,0.0,0.0
Bengaluru City,Pulakeshinagar Traffic PS,1.04432e+16,2020,1,1,Road Accidents,Not Applicable,City/Town,Near School or College,Not Applicable,Yes,Fatal,Hit pedestrian,Not Applicable,Straight and flat,Two way,Bitumen(Tar),Dry,Not Applicable,Clear,MM Road,MM Road Opposite Govt School,500 M,12.9987859,77.620971,0,0,0.0,0.0
Bengaluru City,Pulakeshinagar Traffic PS,1.04432e+16,2021,1,2,Rail Road Accidents,Narrow road,City/Town,Residential area,Human Error,No,Damage Only,Vehicle to Vehicle,Uncontrolled,Straight and flat,Residential Street,Bitumen(Tar),Dry,No influence on accident,Clear,"Clark Road, Pulakeshinagar",Bus Stop,30,0.0,0.0,0,0,0.0,0.0
Bengaluru City,Pulakeshinagar Traffic PS,1.04432e+16,2021,1,2,Road Accidents,Narrow road,City/Town,Near Bus stop,Not Applicable,No,Fatal,Vehicle to Vehicle,Uncontrolled,Others,Sub Arterial,Concrete,Dry,Pot holed,Clear,"Hennuru jMain Raod, Near Charles School Pulakeshinagar",Hennur Main Road Opposite BMTC Bus Stop,1.5 Km,13.005948,77.620649,5,0,0.0,5.0
Bengaluru City,Pulakeshinagar Traffic PS,1.04432e+16,2021,1,1,Road Accidents,Narrow road,City/Town,Near School or College,Human Error,No,Fatal,Not Applicable,Not Applicable,Straight and flat,Residential Street,Bitumen(Tar),Dry,No influence on accident,Clear,Jeevanahalli Main Road,School,20,13.000621,77.629394,0,0,0.0,0.0
Bengaluru City,Pulakeshinagar Traffic PS,1.04432e+16,2021,1,1,Road Accidents,Narrow road,City/Town,At pedestrian Crossing,Human Error,Yes,Grievous Injury,Hit pedestrian,Not Applicable,Not Applicable,Not Applicable,Bitumen(Tar),Dry,No influence on accident,Clear,Mosque Road,Empire Hoel,50,0.0,0.0,0,0,0.0,0.0
Bengaluru City,Pulakeshinagar Traffic PS,1.04432e+16,2021,1,2,Road Accidents,Circle,City/Town,Open area,Not Applicable,Yes,Simple Injury,Vehicle to Vehicle,Controlled,Others,Others,Bitumen(Tar),Dry,Not Applicable,Clear,St. Johns Chruch Road,War Memorial Circle,1.5 Km,0.0,0.0,0,0,0.0,0.0
Bengaluru City,Pulakeshinagar Traffic PS,1.04432e+16,2021,1,1,Road Accidents,Narrow road,City/Town,Residential area,Human Error,No,Fatal,Hit pedestrian,Not Applicable,Straight and flat,Others,Bitumen(Tar),Dry,Not Applicable,Clear,St. Johns Road,Electrical Poll,25,12.987497,77.616532,0,0,0.0,0.0
Bengaluru City,Pulakeshinagar Traffic PS,1.04432e+16,2021,1,1,Road Accidents,Narrow road,City/Town,Near a religious place,Human Error,No,Fatal,Not Applicable,Not Applicable,Straight and flat,Two way,Bitumen(Tar),Dry,No influence on accident,Clear,St. Johns Chruch Road,Chruch,30,12.9918386,77.610502,0,0,0.0,0.0
Bengaluru City,Pulakeshinagar Traffic PS,1.04432e+16,2021,1,2,Road Accidents,Narrow road,City/Town,Near Petrol Pump,Human Error,No,Fatal,Vehicle to Vehicle,Not Applicable,Not Applicable,Two way,Bitumen(Tar),Dry,Not Applicable,Fine,"Hennuru jMain Raod,",Hennur Main Road,1,0.0,0.0,0,0,0.0,0.0
Bengaluru City,Pulakeshinagar Traffic PS,1.04432e+16,2021,1,2,Road Accidents,Narrow road,City/Town,Residential area,Human Error,No,Fatal,Vehicle to Vehicle,Not Applicable,Not Applicable,Residential Street,Bitumen(Tar),Dry,No influence on accident,Clear,Davis Road,Electrical Poll,30,0.0,0.0,0,0,0.0,0.0
Bengaluru City,Pulakeshinagar Traffic PS,1.04432e+16,2021,1,2,Road Accidents,Narrow road,City/Town,Narrow bridge or culverts,Human Error,No,Grievous Injury,Vehicle to Vehicle,Not Applicable,Others,Others,Bitumen(Tar),Dry,No influence on accident,Fine,"Millers Road, Pulakeshinagar",Electrical Poll,15,0.0,0.0,0,0,0.0,0.0
Bengaluru City,Pulakeshinagar Traffic PS,1.04432e+16,2021,1,1,Not Applicable,Not Applicable,City/Town,Near Bus stop,Human Error,No,Grievous Injury,Not Applicable,Not Applicable,Straight and flat,Others,Bitumen(Tar),Dry,No influence on accident,Clear,"Netaji Road, Pulakeshinagar",Electrical Poll,30,0.0,0.0,0,0,0.0,0.0
Bengaluru City,Pulakeshinagar Traffic PS,1.04432e+16,2021,1,2,Road Accidents,Not Applicable,City/Town,Open area,Not Applicable,Yes,Fatal,Vehicle to Vehicle,Uncontrolled,Straight and flat,One way,Concrete,Dry,Not Applicable,Clear,"Millers Road, Pulakeshinagar",Miller road Near Railway under Bridge,2 KM,77.60546,12.99419,0,0,0.0,0.0
Bengaluru City,Pulakeshinagar Traffic PS,1.04432e+16,2021,1,1,Road Accidents,Narrow road,City/Town,Residential area,Human Error,No,Fatal,Not Applicable,Not Applicable,Straight and flat,Major District Road,Bitumen(Tar),Dry,No influence on accident,Clear,"Assayee Road, Pulakeshinagar, Bengaluru 560005",Electrical Poll,30,0.0,0.0,0,0,0.0,0.0
Bengaluru City,Pulakeshinagar Traffic PS,1.04432e+16,2021,1,1,Road Accidents,Cross roads,City/Town,At pedestrian Crossing,Human Error,No,Grievous Injury,Hit pedestrian,Not Applicable,Not Applicable,Residential Street,Bitumen(Tar),Dry,No influence on accident,Clear,Devraj Modaliyar Road,Golden Wines,5,12.983472,77.612674,0,0,0.0,0.0
Bengaluru City,Pulakeshinagar Traffic PS,1.04432e+16,2021,1,2,Road Accidents,Circle,City/Town,Near a recreation place/cinema,Not Applicable,Yes,Simple Injury,Vehicle to Vehicle,Controlled,Not Applicable,Others,Concrete,Dry,No influence on accident,Clear,St. Johns Chruch Road,Hains Circle,1.5 Km,0.0,0.0,0,0,0.0,0.0
Bengaluru City,Pulakeshinagar Traffic PS,1.04432e+16,2021,1,1,Road Accidents,Circle,City/Town,Residential area,Human Error,No,Fatal,Hit pedestrian,Controlled,Others,Residential Street,Bitumen(Tar),Dry,No influence on accident,Clear,Masque Circle,Near Maque Circle Mazid,0.5,0.0,0.0,0,0,0.0,0.0
Bengaluru City,Pulakeshinagar Traffic PS,1.04432e+16,2021,1,2,Road Accidents,Narrow road,City/Town,Residential area,Human Error,No,Damage Only,Vehicle to Vehicle,Uncontrolled,Straight and flat,Two way,Bitumen(Tar),Dry,No influence on accident,Clear,"Millers Road, Pulakeshinagar",Electrical Poll,8,0.0,0.0,0,0,0.0,0.0
Bengaluru City,Pulakeshinagar Traffic PS,1.04432e+16,2021,1,1,Road Accidents,Junction,City/Town,Residential area,Human Error,No,Fatal,Hit pedestrian,Not Applicable,Not Applicable,Residential Street,Bitumen(Tar),Dry,No influence on accident,Clear,"Cleaveland Road, Pulakeshinagar",Electrical Poll,30,12.994234,77.613362,0,0,0.0,0.0
Bengaluru City,Pulakeshinagar Traffic PS,1.04432e+16,2021,1,2,Road Accidents,Cross roads,City/Town,Residential area,Human Error,Yes,Grievous Injury,Vehicle to Vehicle,Uncontrolled,Curve and Incline,Residential Street,Bitumen(Tar),Dry,Not Applicable,Clear,Huchins Road,In Front  House no 44,2 KM,0.0,0.0,0,0,0.0,0.0
Bengaluru City,Pulakeshinagar Traffic PS,1.04432e+16,2022,1,1,Road Accidents,Circle,City/Town,Near office complex,Human Error,No,Grievous Injury,Hit pedestrian,Uncontrolled,Curve,Others,Bitumen(Tar),Others,Not Applicable,Clear,Tank Road,Opp Lakeview Ganapathi Temple,2,0.0,0.0,0,1,0.0,1.0
Bengaluru City,Pulakeshinagar Traffic PS,1.04432e+16,2022,1,1,Road Accidents,Junction,City/Town,Near School or College,Human Error,No,Grievous Injury,Hit pedestrian,Controlled,Not Applicable,Sub Arterial,Bitumen(Tar),Dry,No influence on accident,Clear,St. Johns Chruch Road,Electrical Poll,15,12.988464,77.6177224,0,0,0.0,0.0
Bengaluru City,Pulakeshinagar Traffic PS,1.04432e+16,2022,1,2,Road Accidents,Narrow road,City/Town,Residential area,Human Error,No,Fatal,Hit pedestrian,Uncontrolled,Straight and flat,One way,Bitumen(Tar),Dry,No influence on accident,Clear,"Ramkrishnappa Road,",In Front of Vittal Manor Appt Ramkrishnappa Road,1 KM,0.0,0.0,0,0,0.0,0.0
Bengaluru City,Pulakeshinagar Traffic PS,1.04432e+16,2022,1,1,Road Accidents,Circle,City/Town,Residential area,Human Error,No,Grievous Injury,Hit pedestrian,Uncontrolled,Straight and flat,Major District Road,Bitumen(Tar),Dry,Not Applicable,Clear,Nethaji Road,Near Nethaji Circle,1.5 K,0.0,0.0,0,0,0.0,0.0
Bengaluru City,Pulakeshinagar Traffic PS,1.04432e+16,2022,1,1,Road Accidents,Not Applicable,City/Town,Residential area,Not Applicable,No,Grievous Injury,Hit pedestrian,Uncontrolled,Straight and flat,Residential Street,Concrete,Dry,No influence on accident,Clear,Annaswami Mudaliyar Road,Near Halalsure Lake,1.5 Km,12.9852674,77.6187623,0,0,0.0,0.0
Bengaluru City,Pulakeshinagar Traffic PS,1.04432e+16,2022,1,2,Road Accidents,Narrow road,City/Town,Residential area,Human Error,No,Grievous Injury,Vehicle to Vehicle,Not Applicable,Others,Sub Arterial,Concrete,Dry,No influence on accident,Clear,Annaswami Mudaliyar Road,Electrical Poll,20,12.98404,77.61761,0,0,0.0,0.0
Bengaluru City,Pulakeshinagar Traffic PS,1.04432e+16,2022,1,1,Road Accidents,Narrow road,City/Town,In bazaar,Human Error,Yes,Fatal,Hit pedestrian,Uncontrolled,Straight and flat,Sub Arterial,Bitumen(Tar),Dry,Not Applicable,Very Cold,Seppings Road,Opp Eshwar Wines,2.5 KM,12.990719,77.609327,0,0,0.0,0.0
Bengaluru City,Pulakeshinagar Traffic PS,1.04432e+16,2022,1,1,Road Accidents,Narrow road,City/Town,At pedestrian Crossing,Human Error,Yes,Fatal,Hit pedestrian,Not Applicable,Not Applicable,Others,Bitumen(Tar),Dry,No influence on accident,Clear,Tannery Road,Bharath Electronics Store,20,13.002599,77.612107,0,0,0.0,0.0
Bengaluru City,Pulakeshinagar Traffic PS,1.04432e+16,2023,1,1,Road Accidents,Narrow road,City/Town,Open area,Human Error,No,Fatal,Not Applicable,Uncontrolled,Steep Incline or Climb,Arterial,Bitumen(Tar),Others,No influence on accident,Clear,Wheelar Road,Opp Gymkhana Club,1.0 KM,12.996085,77.617518,0,1,0.0,1.0
Bengaluru City,Pulakeshinagar Traffic PS,1.04432e+16,2023,1,1,Road Accidents,Narrow road,City/Town,Residential area,Human Error,No,Grievous Injury,Not Applicable,Uncontrolled,Straight and flat,Sub Arterial,Bitumen(Tar),Dry,Not Applicable,Clear,Naryanapillait Street,Near annaswamy battaries shop,2.5,12.989106,77.609855,0,0,0.0,0.0
Bengaluru City,Pulakeshinagar Traffic PS,1.04432e+16,2023,1,1,Road Accidents,Narrow road,City/Town,Residential area,Human Error,Not Applicable,Grievous Injury,Hit pedestrian,Uncontrolled,Straight and flat,Arterial,Bitumen(Tar),Dry,No influence on accident,Clear,Thimmaiah Road,Near Anatha Foot Wear,2 KM,0.0,0.0,0,0,0.0,0.0
Bengaluru City,Pulakeshinagar Traffic PS,1.04432e+16,2023,1,2,Rail Road Accidents,Narrow road,City/Town,Open area,Human Error,No,Grievous Injury,Vehicle to Vehicle,Uncontrolled,Straight and flat,Arterial,Bitumen(Tar),Dry,Not Applicable,Clear,Sunder Murthy Road,Near Assaye Circle,1.5 KM,0.0,0.0,0,0,0.0,0.0
Bengaluru City,Pulakeshinagar Traffic PS,1.04432e+16,2023,1,1,Road Accidents,Narrow road,City/Town,Near a recreation place/cinema,Human Error,Not Applicable,Grievous Injury,Hit pedestrian,Uncontrolled,Straight and flat,Two way,Bitumen(Tar),Others,Not Applicable,Clear,Banaswadi Main Road,Opp Amul Cake Cafe,1.5,13.001331,77.629204,0,1,0.0,1.0
Bengaluru City,Pulakeshinagar Traffic PS,1.04432e+16,2023,1,2,Road Accidents,Cross roads,City/Town,Near School or College,Human Error,Not Applicable,Fatal,Vehicle to Vehicle,Uncontrolled,Straight and flat,Arterial,Bitumen(Tar),Others,No influence on accident,Clear,St. Johns Chruch Road,Near Bharathi Nagar Police Station,2 KM,0.0,0.0,0,1,0.0,1.0
Bengaluru City,Pulakeshinagar Traffic PS,1.04432e+16,2023,1,1,Not Applicable,Narrow road,City/Town,Residential area,Human Error,No,Grievous Injury,Hit pedestrian,Uncontrolled,Others,Residential Street,Bitumen(Tar),Others,Not Applicable,Clear,Wheelar Road Extn,Near Village Super Market,0.5 KM,0.0,0.0,0,1,0.0,1.0
Bengaluru City,Pulakeshinagar Traffic PS,1.04432e+16,2023,1,2,Road Accidents,Junction,City/Town,Near a recreation place/cinema,Human Error,No,Grievous Injury,Vehicle to Vehicle,Controlled,Straight and flat,Arterial,Bitumen(Tar),Others,No influence on accident,Others,St. Johns Chruch Road,Thams Cafe Junction,1.5 Km,0.0,0.0,0,1,0.0,1.0
Bengaluru City,Pulakeshinagar Traffic PS,1.04432e+16,2023,1,2,Road Accidents,Circle,City/Town,Residential area,Human Error,No,Grievous Injury,Vehicle to Vehicle,Uncontrolled,Straight and flat,Arterial,Bitumen(Tar),Others,Not Applicable,Cloudy,Hains Road,Near Coles Road Cross,1.5 KM,0.0,0.0,0,1,0.0,1.0
Bengaluru City,Pulakeshinagar Traffic PS,1.04432e+16,2023,1,2,Road Accidents,Narrow road,City/Town,Near Petrol Pump,Human Error,No,Grievous Injury,Vehicle to Vehicle,No signal lights,Straight and flat,Two way,Bitumen(Tar),Dry,Not Applicable,Clear,ST John Church Road,Near Thoms Cafe Signal,2.5 KM,0.0,0.0,0,0,0.0,0.0
Bengaluru City,Pulakeshinagar Traffic PS,1.04432e+16,2023,1,4,Road Accidents,Junction,City/Town,Near office complex,Human Error,No,Simple Injury,Vehicle to Vehicle,Controlled,Straight and flat,One way,Bitumen(Tar),Others,Not Applicable,Clear,St Johns Church Road,Near AKS Convention Hall,2,12.993523,77.607382,0,1,0.0,1.0
Bengaluru City,Pulakeshinagar Traffic PS,1.04432e+16,2023,1,2,Road Accidents,Cross roads,City/Town,Near office complex,Human Error,Not Applicable,Grievous Injury,Vehicle to Vehicle,Uncontrolled,Straight and flat,One way,Bitumen(Tar),Others,Not Applicable,Clear,Tank Road,Near Body Craft Osburn Road Cross,2,12.987695,77.618145,0,1,0.0,1.0
Bengaluru City,Pulakeshinagar Traffic PS,1.04432e+16,2023,1,1,Road Accidents,Rail Crossing manned,City/Town,Narrow bridge or culverts,Human Error,Not Applicable,Grievous Injury,Not Applicable,Not at  Junction,Straight and flat,Others,Concrete,Dry,No influence on accident,Clear,"Millers Road, Pulakeshinagar",under bridge netaji road,2 KM,0.0,0.0,0,0,0.0,0.0
Bengaluru City,Pulakeshinagar Traffic PS,1.04432e+16,2023,1,2,Road Accidents,Narrow road,City/Town,Open area,Human Error,No,Grievous Injury,Vehicle to Vehicle,Uncontrolled,Straight and flat,Two way,Bitumen(Tar),Dry,Not Applicable,Clear,Nethaji Road,Near Nethaji Circle,1.5 KM,13.00085,77.611496,0,0,0.0,0.0
Bengaluru City,Pulakeshinagar Traffic PS,1.04432e+16,2023,1,1,Road Accidents,Junction,City/Town,Residential area,Human Error,No,Grievous Injury,Hit pedestrian,Uncontrolled,Curve,One way,Bitumen(Tar),Others,Not Applicable,Clear,Hains Road And Dhankoti Road Junction,Near Shams Convetion Hall,2 KM,12.99167,77.607138,0,1,0.0,1.0
Bengaluru City,Pulakeshinagar Traffic PS,1.04432e+16,2023,1,1,Road Accidents,Junction,City/Town,Residential area,Human Error,No,Fatal,Not Applicable,Uncontrolled,Straight and flat,Sub Arterial,Bitumen(Tar),Dry,Not Applicable,Clear,pottery road,Bretharan Church,0.5 km,0.0,0.0,0,0,0.0,0.0
Bengaluru City,Pulakeshinagar Traffic PS,1.04432e+16,2023,1,2,Road Accidents,Junction,City/Town,Near School or College,Human Error,No,Grievous Injury,Vehicle to Vehicle,No signal lights,Straight and flat,Two way,Bitumen(Tar),Dry,Not Applicable,Mist or Fog,Promanede road,Near Promanede Juction,2.5 KM,0.0,0.0,0,0,0.0,0.0
Bengaluru City,Pulakeshinagar Traffic PS,1.04432e+16,2023,1,2,Road Accidents,Junction,City/Town,Open area,Human Error,No,Damage Only,Vehicle to Vehicle,Controlled,Not Applicable,Two way,Concrete,Dry,No influence on accident,Clear,ST John Church Road,Near Hains Juction,2.5 KM,12.993525,77.607391,0,0,0.0,0.0
Bengaluru City,Pulakeshinagar Traffic PS,1.04432e+16,2023,1,1,Road Accidents,Narrow road,City/Town,Residential area,Human Error,No,Grievous Injury,Not Applicable,Uncontrolled,Straight and flat,One way,Concrete,Dry,No influence on accident,Clear,Hains Road,Near GK Wale Juction,2.5 KM,12.999902,77.610872,0,0,0.0,0.0
Bengaluru City,Pulakeshinagar Traffic PS,1.04432e+16,2023,1,1,Road Accidents,Narrow road,City/Town,Near Petrol Pump,Human Error,No,Fatal,Not Applicable,Uncontrolled,Straight and flat,Two way,Bitumen(Tar),Dry,Not Applicable,Cloudy,Wheelar Road,Near Thoms Bakary,1.5 KM,0.0,0.0,0,0,0.0,0.0
Bengaluru City,Pulakeshinagar Traffic PS,1.04432e+16,2023,1,2,Road Accidents,Circle,City/Town,Near office complex,Human Error,No,Grievous Injury,Vehicle to Vehicle,Controlled,Others,Arterial,Bitumen(Tar),Dry,Not Applicable,Clear,Wheelar Road,Keerthi Sagar Circle,1.5 KM,0.0,0.0,0,0,0.0,0.0
Bengaluru City,Pulakeshinagar Traffic PS,1.04432e+16,2023,1,2,Road Accidents,Junction,City/Town,Near Petrol Pump,Human Error,No,Grievous Injury,Vehicle to Vehicle,Controlled,Straight and flat,Arterial,Bitumen(Tar),Others,Not Applicable,Clear,St Johns Church Road,Thams Cafe Junction,2.5 KM,12.990584,77.613912,0,1,0.0,1.0
Bengaluru City,Pulakeshinagar Traffic PS,1.04432e+16,2023,1,2,Road Accidents,Cross roads,City/Town,Residential area,Human Error,No,Grievous Injury,Vehicle to Vehicle,Uncontrolled,Straight and flat,Arterial,Bitumen(Tar),Others,Not Applicable,Clear,Davis Road,Near Ashoka Road,1,13.003822,77.620093,0,1,0.0,1.0
Bengaluru City,Pulakeshinagar Traffic PS,1.04432e+16,2023,1,2,Road Accidents,Cross roads,City/Town,Residential area,Human Error,No,Grievous Injury,Vehicle to Vehicle,Uncontrolled,Straight and flat,Others,Bitumen(Tar),Dry,No influence on accident,Cloudy,Hains Road,GK VALE HAINS ROAD,2.KM,0.0,0.0,0,0,0.0,0.0
Bengaluru City,Pulakeshinagar Traffic PS,1.04432e+16,2023,1,2,Road Accidents,Junction,City/Town,Residential area,Human Error,No,Simple Injury,Vehicle to Vehicle,No signal lights,Curve,Two way,Bitumen(Tar),Dry,Not Applicable,Clear,Davis Road and huchins road Cross,Near DAvis Road,1.5 km,13.002819,77.622143,0,0,0.0,0.0
Bengaluru City,Pulakeshinagar Traffic PS,1.04432e+16,2023,1,2,Road Accidents,Junction,City/Town,In bazaar,Human Error,Not Applicable,Grievous Injury,Vehicle to Vehicle,Uncontrolled,Curve,Arterial,Bitumen(Tar),Others,Not Applicable,Snow,St. Johns Chruch Road,Near War Memorial Circle,2 KM,0.0,0.0,0,1,0.0,1.0
Bengaluru City,Pulakeshinagar Traffic PS,1.04432e+16,2023,1,1,Road Accidents,Narrow road,City/Town,Near School or College,Human Error,No,Damage Only,Not Applicable,No signal lights,Straight and flat,Others,Bitumen(Tar),Dry,Not Applicable,Clear,"Hennuru Main Raod,",Hennur Main Road,1.km,0.0,0.0,0,0,0.0,0.0
Bengaluru City,R.T.Nagar Traffic PS,1.04432e+16,2016,1,2,Road Accidents,Bridge,City/Town,Near Bus stop,Human Error,Yes,Grievous Injury,Hit and Run,Not at  Junction,Others,City or Town Road,Bitumen(Tar),Dry,Not Applicable,Clear,B B ROAD,BUS STOP,29m,13.025611,77.585235,0,0,0.0,0.0
Bengaluru City,R.T.Nagar Traffic PS,1.04432e+16,2016,1,1,Road Accidents,Cross roads,City/Town,Near Bus stop,Human Error,Yes,Simple Injury,Others,Not at  Junction,Others,Arterial,Bitumen(Tar),Dry,Not Applicable,Clear,N EW BEL ROAD,new bel road,3.5km,13.018994,77.572467,0,0,0.0,0.0
Bengaluru City,R.T.Nagar Traffic PS,1.04432e+16,2016,1,2,Road Accidents,Circle,City/Town,Near Bus stop,Human Error,Not Applicable,Simple Injury,Others,No signal lights,Curve and Incline,Expressway,Bitumen(Tar),Dry,Not Applicable,Clear,B B ROAD,BB ROAD,2km,13.027011,77.58575,0,0,0.0,0.0
Bengaluru City,R.T.Nagar Traffic PS,1.04432e+16,2016,1,2,Road Accidents,Curves,City/Town,Near Bus stop,Human Error,Not Applicable,Simple Injury,Not Applicable,No signal lights,Curve,City or Town Road,Bitumen(Tar),Dry,Not Applicable,Clear,bhupasandra main road,near canel bhupasandr main road,2.5km,13.041394,77.58796,0,0,0.0,0.0
Bengaluru City,R.T.Nagar Traffic PS,1.04432e+16,2016,1,1,Road Accidents,Cross roads,City/Town,Near Bus stop,Human Error,Not Applicable,Simple Injury,Others,No signal lights,Curve,City or Town Road,Bitumen(Tar),Dry,Not Applicable,Clear,NEAR GANESH TEMPLE,jc nagar,3.5 km,13.009157,77.594547,0,0,0.0,0.0
Bengaluru City,R.T.Nagar Traffic PS,1.04432e+16,2016,1,2,Road Accidents,Cross roads,City/Town,Near Bus stop,Human Error,Yes,Simple Injury,Hit and Run,No signal lights,Curve,City or Town Road,Bitumen(Tar),Dry,Not Applicable,Clear,opp r t nagar tr ps,b b road,00km,13.033178,77.88174,0,0,0.0,0.0
Bengaluru City,R.T.Nagar Traffic PS,1.04432e+16,2016,1,2,Road Accidents,Cross roads,City/Town,Near Bus stop,Human Error,Yes,Simple Injury,Hit and Run,No signal lights,Curve,City or Town Road,Bitumen(Tar),Dry,Not Applicable,Clear,opp byaptist hospital,bb road,1km,13.035875,77.589097,0,0,0.0,0.0
Bengaluru City,R.T.Nagar Traffic PS,1.04432e+16,2016,1,2,Road Accidents,Circle,City/Town,Near Bus stop,Human Error,Not Applicable,Fatal,Others,No signal lights,Curve,City or Town Road,Bitumen(Tar),Dry,Not Applicable,Clear,B B ROAD,B B ROAD,2 KM,13.027011,77.58575,0,0,0.0,0.0
Bengaluru City,R.T.Nagar Traffic PS,1.04432e+16,2016,1,2,Road Accidents,Circle,City/Town,Near Bus stop,Human Error,Yes,Simple Injury,Hit and Run,No signal lights,Curve,City or Town Road,Bitumen(Tar),Dry,Not Applicable,Clear,NEW BEL ROAD,NEAR SADASHIV NAGAR PS,2.5 KM,13.018994,77.572467,0,0,0.0,0.0
Bengaluru City,R.T.Nagar Traffic PS,1.04432e+16,2016,1,1,Road Accidents,Junction,City/Town,Near Bus stop,Human Error,Not Applicable,Simple Injury,Not Applicable,Not at  Junction,Curve and Incline,Feeder Road,Bitumen(Tar),Dry,Not Applicable,Clear,DINNUR MAIN ROAD,NEAR DINNUR BUS STOP,2.5km,13.024189,77.596961,0,0,0.0,0.0
Bengaluru City,R.T.Nagar Traffic PS,1.04432e+16,2016,1,1,Rail Road Accidents,Curves,City/Town,Near Bus stop,Road Environment Defect,Yes,Damage Only,Hit and Run,Signal lights Automatic,Curve,City or Town Road,Bitumen(Tar),Dry,Not Applicable,Clear,jayamahal road,priyadarshini junction,3.5 km,13.001338,77.594526,0,0,0.0,0.0
Bengaluru City,R.T.Nagar Traffic PS,1.04432e+16,2016,1,1,Road Accidents,Cross roads,City/Town,Near Bus stop,Human Error,Yes,Simple Injury,Hit and Run,No signal lights,Curve,City or Town Road,Bitumen(Tar),Dry,Not Applicable,Clear,SANJAY NAGAR BUS STOP OPP NANDHINI MILK PARLER,SANJAY NAGAR,2.5km,13.03345,77.575954,0,0,0.0,0.0
Bengaluru City,R.T.Nagar Traffic PS,1.04432e+16,2016,1,2,Road Accidents,Circle,City/Town,Near Bus stop,Human Error,Not Applicable,Simple Injury,Others,No signal lights,Curve,City or Town Road,Bitumen(Tar),Dry,Not Applicable,Clear,B B ROAD,near bbh,0.5km,13.020666,77.592423,0,0,0.0,0.0
Bengaluru City,R.T.Nagar Traffic PS,1.04432e+16,2016,1,1,Road Accidents,Circle,City/Town,Near Bus stop,Human Error,Yes,Not Applicable,Hit and Run,No signal lights,Curve,City or Town Road,Bitumen(Tar),Dry,Not Applicable,Clear,B B ROAD,rbi calony,1.5KM,13.027011,77.58575,0,0,0.0,0.0
Bengaluru City,R.T.Nagar Traffic PS,1.04432e+16,2016,1,3,Road Accidents,Curves,City/Town,Near Bus stop,Human Error,Not Applicable,Simple Injury,Others,No signal lights,Curve,City or Town Road,Bitumen(Tar),Dry,Not Applicable,Clear,JAYAMAHAL ROAD,MINISTER FRONT OF HOUSE,2km,13.001338,77.594526,0,0,0.0,0.0
Bengaluru City,R.T.Nagar Traffic PS,1.04432e+16,2016,1,2,Road Accidents,Curves,City/Town,Near Bus stop,Human Error,Not Applicable,Simple Injury,Not Applicable,No signal lights,Curve,City or Town Road,Bitumen(Tar),Dry,Not Applicable,Clear,B B ROAD,R T NAGAR TRAFFIC P S,150M,13.033178,77.88174,0,0,0.0,0.0
Bengaluru City,R.T.Nagar Traffic PS,1.04432e+16,2016,1,3,Road Accidents,Bridge,City/Town,Near Bus stop,Human Error,No,Simple Injury,Rear end,Give way sign,Steep Incline or Climb,Arterial,Bitumen(Tar),Dry,No influence on accident,Clear,BB Road,BUS STOP,20,13.025611,77.585235,0,0,0.0,0.0
Bengaluru City,R.T.Nagar Traffic PS,1.04432e+16,2016,1,2,Road Accidents,Circle,City/Town,Near Bus stop,Human Error,Not Applicable,Simple Injury,Others,No signal lights,Curve,City or Town Road,Bitumen(Tar),Dry,Not Applicable,Clear,B B ROAD,near judges guest house,0.5KM,13.039282,77.589462,0,0,0.0,0.0