DISTRICTNAME,UNITNAME,Crime_No,Year,RI,Noofvehicle_involved,Accident_Classification,Accident_Spot,Accident_Location,Accident_SubLocation,Main_Cause,Hit_Run,Severity,Collision_Type,Junction_Control,Road_Character,Road_Type,Surface_Type,Surface_Condition,Road_Condition,Weather,Accident_Road,Landmark_first,Distance_LandMark_First,Latitude,Longitude,Road_Condition_Score,Surface_Condition_Score,Surface_Type_Score,Road_Risk_Index
Bengaluru City,R.T.Nagar Traffic PS,1.04432e+16,2022,1,2,Road Accidents,Not Applicable,City/Town,Near office complex,Human Error,Yes,Damage Only,Vehicle to Vehicle,Not at  Junction,Others,Others,Bitumen(Tar),Dry,Not Applicable,Clear,SANJAY NAGAR MAIN ROAD,SANJAY NAGAR,2 KM,0.0,0.0,0,0,0.0,0.0
Bengaluru City,R.T.Nagar Traffic PS,1.04432e+16,2022,1,2,Road Accidents,Not Applicable,City/Town,Near Bus stop,Human Error,Not Applicable,Damage Only,Not Applicable,Not Applicable,Others,Others,Bitumen(Tar),Dry,Not Applicable,Clear,Sanjayanagar Main Road,Sanjay Nagar,2.0 KM,13.025299,77.58116,0,0,0.0,0.0
Bengaluru City,R.T.Nagar Traffic PS,1.04432e+16,2022,1,2,Road Accidents,Not Applicable,City/Town,Open area,Human Error,Not Applicable,Simple Injury,Not Applicable,Not Applicable,Others,Others,Bitumen(Tar),Dry,Not Applicable,Clear,SANJAY NAGAR MAIN ROAD,SANJAY NAGAR,2.5KM,13.040971,77.567941,0,0,0.0,0.0
Bengaluru City,R.T.Nagar Traffic PS,1.04432e+16,2022,1,2,Road Accidents,Not Applicable,City/Town,Near School or College,Human Error,No,Simple Injury,Vehicle to Vehicle,Not Applicable,Others,Others,Bitumen(Tar),Dry,Not Applicable,Clear,DINNURU MAIN ROAD,dinnur main road,2 KM,0.0,0.0,0,0,0.0,0.0
Bengaluru City,R.T.Nagar Traffic PS,1.04432e+16,2022,1,2,Road Accidents,Not Applicable,City/Town,Open area,Human Error,Yes,Simple Injury,Vehicle to Vehicle,Not Applicable,Others,Others,Bitumen(Tar),Dry,Not Applicable,Clear,SANJAY NAGAR MAIN ROAD,SANJAY NAGAR,2 KM,13.042556,77.573677,0,0,0.0,0.0
Bengaluru City,R.T.Nagar Traffic PS,1.04432e+16,2022,1,1,Road Accidents,Not Applicable,City/Town,Near School or College,Human Error,Yes,Grievous Injury,Not Applicable,Not Applicable,Others,Others,Bitumen(Tar),Dry,Not Applicable,Clear,B.B. ROAD,BALLARY SERVICE ROAD,1KM,0.0,0.0,0,0,0.0,0.0
Bengaluru City,R.T.Nagar Traffic PS,1.04432e+16,2022,1,2,Road Accidents,Not Applicable,City/Town,Near Bus stop,Human Error,Yes,Grievous Injury,Vehicle to Vehicle,Not Applicable,Not Applicable,Others,Bitumen(Tar),Dry,Not Applicable,Clear,NANDHI DURGA ROAD,NANDI DURGA ROAD,2.5km,0.0,0.0,0,0,0.0,0.0
Bengaluru City,R.T.Nagar Traffic PS,1.04432e+16,2022,1,2,Road Accidents,Not Applicable,City/Town,Near Bus stop,Human Error,Not Applicable,Not Applicable,Not Applicable,Not Applicable,Others,Others,Bitumen(Tar),Dry,Not Applicable,Clear,C.B.I Fly over up Ramp,CBI FLY OVER,0.5km,13.029273,77.5864,0,0,0.0,0.0
Bengaluru City,R.T.Nagar Traffic PS,1.04432e+16,2022,1,2,Road Accidents,Not Applicable,City/Town,Near Bus stop,Human Error,Yes,Grievous Injury,Vehicle to Vehicle,Not Applicable,Others,Others,Bitumen(Tar),Dry,Not Applicable,Clear,CBI ROAD,cail juntion,1 km,0.0,0.0,0,0,0.0,0.0
Bengaluru City,R.T.Nagar Traffic PS,1.04432e+16,2022,1,2,Road Accidents,Not Applicable,City/Town,Near Bus stop,Human Error,Yes,Grievous Injury,Vehicle to Vehicle,Not at  Junction,Not Applicable,Not Applicable,Bitumen(Tar),Dry,Not Applicable,Clear,JAHAMAHAL ROAD,jayamahal road,2.5KM,0.0,0.0,0,0,0.0,0.0
Bengaluru City,R.T.Nagar Traffic PS,1.04432e+16,2022,1,2,Road Accidents,Not Applicable,City/Town,Near Hospital,Human Error,Yes,Grievous Injury,Vehicle to Vehicle,Not Applicable,Others,Others,Bitumen(Tar),Dry,Not Applicable,Clear,80 Feet Road,80 Feet Raod,2.5 km,13.027151,77.578192,0,0,0.0,0.0
Bengaluru City,R.T.Nagar Traffic PS,1.04432e+16,2022,1,2,Road Accidents,Not Applicable,City/Town,Near Bus stop,Human Error,Not Applicable,Simple Injury,Vehicle to Vehicle,Not Applicable,Others,Others,Bitumen(Tar),Dry,Not Applicable,Clear,Opp Cafee Day Sanjay Nagar,SANJAY NAGAR,2.5km,13.028,77.573351,0,0,0.0,0.0
Bengaluru City,R.T.Nagar Traffic PS,1.04432e+16,2022,1,1,Road Accidents,Not Applicable,City/Town,Open area,Human Error,Yes,Simple Injury,Hit pedestrian,Not Applicable,Others,Others,Bitumen(Tar),Dry,Not Applicable,Clear,RT NAGAR MAIN ROAD,RT NAGAR,2.5km,0.0,0.0,0,0,0.0,0.0
Bengaluru City,R.T.Nagar Traffic PS,1.04432e+16,2022,1,3,Road Accidents,Not Applicable,City/Town,Near Bus stop,Human Error,Yes,Damage Only,Vehicle to Vehicle,Not Applicable,Not Applicable,Others,Bitumen(Tar),Dry,Not Applicable,Clear,B.B. ROAD,BALLARY SERVICE ROAD,1 km,0.0,0.0,0,0,0.0,0.0
Bengaluru City,R.T.Nagar Traffic PS,1.04432e+16,2022,1,1,Road Accidents,Not Applicable,City/Town,Near Bus stop,Human Error,Yes,Fatal,Not Applicable,Not Applicable,Others,Others,Bitumen(Tar),Dry,Not Applicable,Clear,HEBBBAL BUS STOP,HEBBAL BUS STOP,1 km,13.038569,77.5892659,0,0,0.0,0.0
Bengaluru City,R.T.Nagar Traffic PS,1.04432e+16,2022,1,2,Road Accidents,Not Applicable,City/Town,Near Bus stop,Human Error,Yes,Damage Only,Vehicle to Vehicle,Not at  Junction,Not Applicable,Not Applicable,Bitumen(Tar),Dry,Not Applicable,Clear,HEBBBAL BUS STOP,HEBBAL FLY OVER,1 km,13.038546,77.589383,0,0,0.0,0.0
Bengaluru City,R.T.Nagar Traffic PS,1.04432e+16,2022,1,2,Road Accidents,Not Applicable,City/Town,Narrow bridge or culverts,Human Error,Yes,Grievous Injury,Vehicle to Vehicle,Not at  Junction,Not Applicable,Not Applicable,Bitumen(Tar),Dry,Not Applicable,Clear,JAHAMAHAL ROAD,jayamahal road,3 KM,0.0,0.0,0,0,0.0,0.0
Bengaluru City,R.T.Nagar Traffic PS,1.04432e+16,2022,1,2,Road Accidents,Not Applicable,City/Town,Near Bus stop,Human Error,Yes,Damage Only,Not Applicable,Not Applicable,Others,Others,Bitumen(Tar),Dry,Not Applicable,Clear,SANJAY NAGAR MAIN ROAD,BHOOPASANDRA MAIN ROAD,1 km,0.0,0.0,0,0,0.0,0.0
Bengaluru City,R.T.Nagar Traffic PS,1.04432e+16,2022,1,2,Road Accidents,Not Applicable,City/Town,Near Bus stop,Human Error,Not Applicable,Simple Injury,Vehicle to Vehicle,Not Applicable,Others,Others,Bitumen(Tar),Dry,Not Applicable,Clear,SANJAY NAGAR MAIN ROAD,Sanjay Nagar,2.0 KM,13.040966,77.567952,0,0,0.0,0.0
Bengaluru City,R.T.Nagar Traffic PS,1.04432e+16,2022,1,2,Road Accidents,Not Applicable,City/Town,Near Hospital,Human Error,Yes,Fatal,Not Applicable,Not Applicable,Not Applicable,Others,Bitumen(Tar),Dry,Not Applicable,Clear,J C NAGAR,jayamahal road,2.5KM,0.0,0.0,0,0,0.0,0.0
Bengaluru City,R.T.Nagar Traffic PS,1.04432e+16,2022,1,1,Not Applicable,Not Applicable,City/Town,Near School or College,Human Error,Yes,Grievous Injury,Not Applicable,Not Applicable,Not Applicable,Others,Bitumen(Tar),Dry,Not Applicable,Clear,SANJAY NAGAR MAIN ROAD,SANJAY NAGAR,3 KM,0.0,0.0,0,0,0.0,0.0
Bengaluru City,R.T.Nagar Traffic PS,1.04432e+16,2022,1,2,Road Accidents,Not Applicable,City/Town,Open area,Human Error,Yes,Damage Only,Vehicle to Vehicle,Not Applicable,Not Applicable,Others,Bitumen(Tar),Dry,Not Applicable,Clear,80 feet road,SANJAY NAGAR,2 KM,0.0,0.0,0,0,0.0,0.0
Bengaluru City,R.T.Nagar Traffic PS,1.04432e+16,2022,1,2,Road Accidents,Circle,City/Town,Near Bus stop,Human Error,Yes,Grievous Injury,Vehicle to Vehicle,No signal lights,Curve,Others,Bitumen(Tar),Dry,Not Applicable,Clear,RADHAKRISHNA THETAR MATHADAHALLI,R T Nagar,3 KM,0.0,0.0,0,0,0.0,0.0
Bengaluru City,R.T.Nagar Traffic PS,1.04432e+16,2022,1,2,Road Accidents,Not Applicable,City/Town,Near Bus stop,Human Error,Not Applicable,Simple Injury,Vehicle to Vehicle,Not Applicable,Others,Others,Bitumen(Tar),Dry,Not Applicable,Clear,SANJAY NAGAR MAIN ROAD,Near Sanjay Nagar Police Station,3 KM,13.033455,77.575942,0,0,0.0,0.0
Bengaluru City,R.T.Nagar Traffic PS,1.04432e+16,2022,1,2,Road Accidents,Not Applicable,City/Town,Near Bus stop,Human Error,Yes,Grievous Injury,Vehicle to Vehicle,Not Applicable,Others,Others,Bitumen(Tar),Dry,Not Applicable,Clear,B.B. ROAD,SANJAY NAGAR,0.5km,13.032441,77.58781,0,0,0.0,0.0
Bengaluru City,R.T.Nagar Traffic PS,1.04432e+16,2022,1,2,Road Accidents,Not Applicable,City/Town,Near Bus stop,Human Error,Yes,Not Applicable,Vehicle to Vehicle,Not Applicable,Others,Others,Bitumen(Tar),Dry,Not Applicable,Clear,B.B.Service Road,HEBBALA SEVRICE ROAD,1 km,13.039051,77.589454,0,0,0.0,0.0
Bengaluru City,R.T.Nagar Traffic PS,1.04432e+16,2022,1,2,Road Accidents,Not Applicable,City/Town,Near Bus stop,Human Error,Yes,Grievous Injury,Vehicle to Vehicle,Not Applicable,Not Applicable,Others,Bitumen(Tar),Dry,Not Applicable,Clear,Boopasandra Main Road,BUPSANDRA MAIN ROAD,1.5 KM,0.0,0.0,0,0,0.0,0.0
Bengaluru City,R.T.Nagar Traffic PS,1.04432e+16,2022,1,2,Road Accidents,Not Applicable,City/Town,Near Bus stop,Human Error,Yes,Grievous Injury,Vehicle to Vehicle,Not Applicable,Not Applicable,Others,Bitumen(Tar),Dry,Not Applicable,Clear,NANDHI DURGA ROAD,NANDIDURGA ROAD,2.5KM,0.0,0.0,0,0,0.0,0.0
Bengaluru City,R.T.Nagar Traffic PS,1.04432e+16,2022,1,2,Road Accidents,Not Applicable,City/Town,Near Bus stop,Human Error,Yes,Grievous Injury,Vehicle to Vehicle,Not Applicable,Not Applicable,Not Applicable,Bitumen(Tar),Dry,Not Applicable,Clear,JAHAMAHAL ROAD,jayamahal road,3 KM,0.0,0.0,0,0,0.0,0.0
Bengaluru City,R.T.Nagar Traffic PS,1.04432e+16,2022,1,2,Road Accidents,Not Applicable,City/Town,Near Bus stop,Human Error,Yes,Damage Only,Vehicle to Vehicle,Not Applicable,Others,Not Applicable,Bitumen(Tar),Dry,Not Applicable,Clear,HEBBBAL BUS STOP,HEBBAL FLY OVER,1 km,13.039271,77.589491,0,0,0.0,0.0
Bengaluru City,R.T.Nagar Traffic PS,1.04432e+16,2022,1,2,Road Accidents,Not Applicable,City/Town,Near Bus stop,Human Error,Yes,Damage Only,Vehicle to Vehicle,Not Applicable,Not Applicable,Not Applicable,Bitumen(Tar),Dry,Not Applicable,Clear,JAHAMAHAL ROAD,jayamahal road,2.5km,0.0,0.0,0,0,0.0,0.0
Bengaluru City,R.T.Nagar Traffic PS,1.04432e+16,2022,1,2,Road Accidents,Not Applicable,City/Town,Near Bus stop,Human Error,Yes,Grievous Injury,Vehicle to Vehicle,Not Applicable,Not Applicable,Not Applicable,Bitumen(Tar),Dry,Not Applicable,Clear,Devegowda Road,dinnur main road,2.5km,0.0,0.0,0,0,0.0,0.0
Bengaluru City,R.T.Nagar Traffic PS,1.04432e+16,2022,1,1,Road Accidents,Not Applicable,City/Town,Near a religious place,Human Error,Not Applicable,Simple Injury,Hit pedestrian,Not Applicable,Others,Others,Bitumen(Tar),Dry,Not Applicable,Clear,JAHAMAHAL ROAD,jayamahal road,3 KM,0.0,0.0,0,0,0.0,0.0
Bengaluru City,R.T.Nagar Traffic PS,1.04432e+16,2022,1,1,Road Accidents,Not Applicable,City/Town,Open area,Human Error,Not Applicable,Simple Injury,Hit pedestrian,Not Applicable,Others,Others,Bitumen(Tar),Dry,Not Applicable,Clear,SANJAY NAGAR MAIN ROAD,80 feet Road,3 KM,13.02788,77.573963,0,0,0.0,0.0
Bengaluru City,R.T.Nagar Traffic PS,1.04432e+16,2022,1,2,Road Accidents,Not Applicable,City/Town,Open area,Human Error,Not Applicable,Damage Only,Vehicle to Vehicle,Not Applicable,Others,Others,Bitumen(Tar),Dry,Not Applicable,Clear,NANDI DURGA ROAD,NANDI DURGA ROAD,3 KM,0.0,0.0,0,0,0.0,0.0
Bengaluru City,R.T.Nagar Traffic PS,1.04432e+16,2022,1,1,Road Accidents,Not Applicable,City/Town,Near Bus stop,Human Error,Not Applicable,Simple Injury,Not Applicable,Not Applicable,Others,Others,Bitumen(Tar),Dry,Not Applicable,Clear,Munireddy Palya Bus Stop,jayamahal road,3 KM,0.0,0.0,0,0,0.0,0.0
Bengaluru City,R.T.Nagar Traffic PS,1.04432e+16,2022,1,2,Road Accidents,Not Applicable,City/Town,Near office complex,Human Error,Not Applicable,Damage Only,Vehicle to Vehicle,Not Applicable,Others,Others,Bitumen(Tar),Dry,Not Applicable,Clear,J C NAGAR,OPP Post Office Jayamahal Road,3 KM,0.0,0.0,0,0,0.0,0.0
Bengaluru City,R.T.Nagar Traffic PS,1.04432e+16,2022,1,2,Road Accidents,Not Applicable,City/Town,Near Hospital,Human Error,Yes,Grievous Injury,Vehicle to Vehicle,Not Applicable,Others,Others,Bitumen(Tar),Dry,Not Applicable,Clear,Ballari Road,Babtist Hospital,500mtr,13.036015,77.58915,0,0,0.0,0.0
Bengaluru City,R.T.Nagar Traffic PS,1.04432e+16,2022,1,2,Road Accidents,Not Applicable,City/Town,Near Hospital,Human Error,Not Applicable,Not Applicable,Vehicle to Vehicle,Not Applicable,Others,Others,Bitumen(Tar),Dry,Not Applicable,Clear,B.B. ROAD,HEBBAL BUS STOP,500mtr,0.0,0.0,0,0,0.0,0.0
Bengaluru City,R.T.Nagar Traffic PS,1.04432e+16,2022,1,1,Road Accidents,Not Applicable,City/Town,Residential area,Human Error,Yes,Grievous Injury,Not Applicable,Not Applicable,Not Applicable,Others,Bitumen(Tar),Dry,Not Applicable,Clear,SANJAY NAGAR MAIN ROAD,SANJAY NAGAR,3 KM,0.0,0.0,0,0,0.0,0.0
Bengaluru City,R.T.Nagar Traffic PS,1.04432e+16,2022,1,1,Road Accidents,Not Applicable,City/Town,Near Bus stop,Human Error,Yes,Fatal,Not Applicable,Not Applicable,Not Applicable,Not Applicable,Bitumen(Tar),Dry,Not Applicable,Clear,SANJAY NAGAR MAIN ROAD,SANJAY NAGAR,1.5 KM,0.0,0.0,0,0,0.0,0.0
Bengaluru City,R.T.Nagar Traffic PS,1.04432e+16,2022,1,2,Road Accidents,Not Applicable,City/Town,Near office complex,Human Error,Not Applicable,Damage Only,Vehicle to Vehicle,Not Applicable,Others,Others,Bitumen(Tar),Dry,Not Applicable,Clear,RT NAGAR MAIN ROAD,RT NAGAR,2.5KM,0.0,0.0,0,0,0.0,0.0
Bengaluru City,R.T.Nagar Traffic PS,1.04432e+16,2022,1,2,Road Accidents,Not Applicable,City/Town,Open area,Not Applicable,Yes,Grievous Injury,Vehicle to Vehicle,Not Applicable,Others,Others,Bitumen(Tar),Dry,Not Applicable,Clear,DINNURU MAIN ROAD,OPP NOVODA SCHOOL DINNURU MAIN ROAD BENGALURU,2 KM,0.0,0.0,0,0,0.0,0.0
Bengaluru City,R.T.Nagar Traffic PS,1.04432e+16,2022,1,2,Road Accidents,Not Applicable,City/Town,Near Bus stop,Not Applicable,Yes,Simple Injury,Vehicle to Vehicle,Not Applicable,Others,Others,Bitumen(Tar),Dry,Not Applicable,Clear,BB ROAD,HEBBAL FLY OVER,1 km,13.039243,77.589365,0,0,0.0,0.0
Bengaluru City,R.T.Nagar Traffic PS,1.04432e+16,2022,1,2,Road Accidents,Not Applicable,City/Town,Near Bus stop,Human Error,Not Applicable,Damage Only,Vehicle to Vehicle,Not Applicable,Others,Others,Bitumen(Tar),Dry,Not Applicable,Clear,B.B.Service Road,NEAR SRIGANDA BAR R T NAGAR,1.5 KM,13.022222,77.584497,0,0,0.0,0.0
Bengaluru City,R.T.Nagar Traffic PS,1.04432e+16,2022,1,2,Road Accidents,Not Applicable,City/Town,Near Bus stop,Human Error,Yes,Fatal,Vehicle to Vehicle,Not Applicable,Not Applicable,Not Applicable,Bitumen(Tar),Dry,Not Applicable,Clear,HEBBBAL BUS STOP,HEBBAL FLY OVER,1 km,0.0,0.0,0,0,0.0,0.0
Bengaluru City,R.T.Nagar Traffic PS,1.04432e+16,2022,1,1,Road Accidents,Not Applicable,City/Town,Near Bus stop,Human Error,Yes,Grievous Injury,Not Applicable,Not Applicable,Not Applicable,Others,Bitumen(Tar),Dry,Not Applicable,Clear,J C NAGAR,jayamahal road,2.5KM,0.0,0.0,0,0,0.0,0.0
Bengaluru City,R.T.Nagar Traffic PS,1.04432e+16,2022,1,1,Road Accidents,Not Applicable,City/Town,Near Hospital,Human Error,Not Applicable,Fatal,Not Applicable,Not Applicable,Not Applicable,Others,Bitumen(Tar),Dry,Not Applicable,Clear,B.B. ROAD,Babtist Hospital,0.5km,0.0,0.0,0,0,0.0,0.0
Bengaluru City,R.T.Nagar Traffic PS,1.04432e+16,2022,1,2,Road Accidents,Not Applicable,City/Town,Open area,Human Error,Not Applicable,Simple Injury,Not Applicable,Not Applicable,Others,Others,Bitumen(Tar),Dry,Not Applicable,Clear,RT NAGAR MAIN ROAD,Near Ganga Nagara Park,1.5KM,13.024215,77.586907,0,0,0.0,0.0
Bengaluru City,R.T.Nagar Traffic PS,1.04432e+16,2022,1,1,Not Applicable,Not Applicable,City/Town,Near office complex,Human Error,Not Applicable,Simple Injury,Not Applicable,Not Applicable,Others,Others,Bitumen(Tar),Dry,Not Applicable,Clear,GANGA NAGAR MAIN ROAD,NEAR SBI BANK,1.5 KM,0.0,0.0,0,0,0.0,0.0
Bengaluru City,R.T.Nagar Traffic PS,1.04432e+16,2022,1,2,Road Accidents,Not Applicable,City/Town,Near Hospital,Human Error,Yes,Damage Only,Vehicle to Vehicle,Not Applicable,Others,Others,Bitumen(Tar),Dry,Not Applicable,Clear,RT NAGAR MAIN ROAD,RT NAGAR,2.5KM,0.0,0.0,0,0,0.0,0.0
Bengaluru City,R.T.Nagar Traffic PS,1.04432e+16,2022,1,1,Road Accidents,Not Applicable,City/Town,Near Bus stop,Human Error,No,Fatal,Hit animal,Not Applicable,Not Applicable,Others,Bitumen(Tar),Dry,Not Applicable,Clear,80 feet road,80 feet Road,2.5km,0.0,0.0,0,0,0.0,0.0
Bengaluru City,R.T.Nagar Traffic PS,1.04432e+16,2022,1,1,Road Accidents,Not Applicable,City/Town,Near Hospital,Human Error,Not Applicable,Fatal,Not Applicable,Not Applicable,Not Applicable,Others,Bitumen(Tar),Dry,Not Applicable,Clear,BB ROAD,Babtist Hospital,0.5km,0.0,0.0,0,0,0.0,0.0
Bengaluru City,R.T.Nagar Traffic PS,1.04432e+16,2022,1,1,Road Accidents,Not Applicable,City/Town,Near Bus stop,Human Error,Yes,Grievous Injury,Not Applicable,Not Applicable,Not Applicable,Others,Bitumen(Tar),Dry,Not Applicable,Clear,CBI ROAD,CBI Bus Stop,2KM,0.0,0.0,0,0,0.0,0.0
Bengaluru City,R.T.Nagar Traffic PS,1.04432e+16,2022,1,2,Road Accidents,Not Applicable,City/Town,Near Bus stop,Human Error,Yes,Damage Only,Vehicle to Vehicle,Not Applicable,Others,Others,Bitumen(Tar),Dry,Not Applicable,Clear,SANJAY NAGAR MAIN ROAD,SANJAY NAGAR,2.5KM,0.0,0.0,0,0,0.0,0.0
Bengaluru City,R.T.Nagar Traffic PS,1.04432e+16,2022,1,1,Road Accidents,Not Applicable,City/Town,Open area,Human Error,Not Applicable,Fatal,Not Applicable,No signal lights,Others,Others,Bitumen(Tar),Dry,Not Applicable,Clear,JAHAMAHAL ROAD,j,2.5km,0.0,0.0,0,0,0.0,0.0
Bengaluru City,R.T.Nagar Traffic PS,1.04432e+16,2022,1,2,Road Accidents,Not Applicable,City/Town,Near office complex,Human Error,Yes,Simple Injury,Not Applicable,Not Applicable,Others,Others,Bitumen(Tar),Dry,Not Applicable,Clear,JAHAMAHAL ROAD,jayamahal road,3 KM,0.0,0.0,0,0,0.0,0.0
Bengaluru City,R.T.Nagar Traffic PS,1.04432e+16,2022,1,2,Road Accidents,Not Applicable,City/Town,Near School or College,Human Error,Yes,Simple Injury,Vehicle to Vehicle,Not Applicable,Others,Others,Bitumen(Tar),Dry,Not Applicable,Clear,B.B. ROAD,NEAR DAIRY SCINCE COLLEGE,1 km,13.027697,77.585749,0,0,0.0,0.0
Bengaluru City,R.T.Nagar Traffic PS,1.04432e+16,2022,1,2,Road Accidents,Not Applicable,City/Town,Near Bus stop,Human Error,Yes,Not Applicable,Vehicle to Vehicle,Not Applicable,Others,Others,Bitumen(Tar),Dry,Not Applicable,Clear,J C NAGAR,jayamahal road,3 KM,0.0,0.0,0,0,0.0,0.0
Bengaluru City,R.T.Nagar Traffic PS,1.04432e+16,2023,1,1,Road Accidents,Not Applicable,City/Town,Open area,Not Applicable,Yes,Grievous Injury,Vehicle to Vehicle,Not Applicable,Others,Others,Bitumen(Tar),Dry,Not Applicable,Clear,jayamahal road,Near White petals Back Gate,3KM,0.0,0.0,0,0,0.0,0.0
Bengaluru City,R.T.Nagar Traffic PS,1.04432e+16,2023,1,3,Road Accidents,Not Applicable,City/Town,Near Bus stop,Human Error,Yes,Damage Only,Not Applicable,Not at  Junction,Not Applicable,Not Applicable,Bitumen(Tar),Dry,Not Applicable,Clear,CBI FLY OVER BALLARY MAIN ROAD,CBI FLY OVER BALLARY MAIN ROAD,1 KM,0.0,0.0,0,0,0.0,0.0
Bengaluru City,R.T.Nagar Traffic PS,1.04432e+16,2023,1,1,Road Accidents,Not Applicable,City/Town,Open area,Not Applicable,No,Grievous Injury,Hit pedestrian,Uncontrolled,Others,Others,Bitumen(Tar),Dry,Not Applicable,Clear,jayamahal road,J C Nagara PS,3KM,0.0,0.0,0,0,0.0,0.0
Bengaluru City,R.T.Nagar Traffic PS,1.04432e+16,2023,1,2,Road Accidents,Not Applicable,City/Town,Open area,Not Applicable,No,Grievous Injury,Vehicle to Vehicle,Not Applicable,Not Applicable,Others,Bitumen(Tar),Dry,Not Applicable,Clear,Buleward park,3rd Main,3Km,13.041439,77.56848,0,0,0.0,0.0
Bengaluru City,R.T.Nagar Traffic PS,1.04432e+16,2023,1,2,Road Accidents,Not Applicable,City/Town,Near Bus stop,Human Error,Yes,Grievous Injury,Vehicle to Vehicle,Not Applicable,Not Applicable,Others,Bitumen(Tar),Dry,Not Applicable,Clear,JAHAMAHAL ROAD,jayamahal road,3 KM,0.0,0.0,0,0,0.0,0.0
Bengaluru City,R.T.Nagar Traffic PS,1.04432e+16,2023,1,2,Road Accidents,Not Applicable,City/Town,Open area,Not Applicable,No,Grievous Injury,Vehicle to Vehicle,Not Applicable,Not Applicable,Not Applicable,Bitumen(Tar),Dry,Not Applicable,Clear,Sanjayanagara Road,Near Postar Colony,3KM,0.0,0.0,0,0,0.0,0.0
Bengaluru City,R.T.Nagar Traffic PS,1.04432e+16,2023,1,2,Road Accidents,Not Applicable,City/Town,Open area,Not Applicable,Yes,Grievous Injury,Vehicle to Vehicle,Not Applicable,Others,Others,Bitumen(Tar),Dry,Not Applicable,Clear,jayamahal road,Near Chandana TV Tower Signal,2.5 km,0.0,0.0,0,0,0.0,0.0
Bengaluru City,R.T.Nagar Traffic PS,1.04432e+16,2023,1,2,Road Accidents,Not Applicable,City/Town,Open area,Not Applicable,No,Damage Only,Vehicle to Vehicle,Not Applicable,Not Applicable,Others,Bitumen(Tar),Dry,Not Applicable,Clear,Nandidurga Road,Near Indus Ind Bank,3KM,12.997286,77.598377,0,0,0.0,0.0
Bengaluru City,R.T.Nagar Traffic PS,1.04432e+16,2023,1,2,Road Accidents,Not Applicable,City/Town,Near Bus stop,Human Error,Yes,Grievous Injury,Vehicle to Vehicle,Not Applicable,Not Applicable,Not Applicable,Bitumen(Tar),Dry,Not Applicable,Clear,DINNURU MAIN ROAD,DINNURU MAIN ROAD,3 KM,0.0,0.0,0,0,0.0,0.0
Bengaluru City,R.T.Nagar Traffic PS,1.04432e+16,2023,1,2,Road Accidents,Not Applicable,City/Town,Near Bus stop,Human Error,Yes,Damage Only,Not Applicable,Not Applicable,Not Applicable,Not Applicable,Bitumen(Tar),Dry,Not Applicable,Clear,B B ROAD,B B ROAD,1 KM,0.0,0.0,0,0,0.0,0.0
Bengaluru City,R.T.Nagar Traffic PS,1.04432e+16,2023,1,2,Road Accidents,Not Applicable,City/Town,Open area,Not Applicable,No,Simple Injury,Vehicle to Vehicle,Not Applicable,Others,Others,Bitumen(Tar),Dry,Not Applicable,Clear,B B Main Road,Opp Baptist Hospital,0.5KM,0.0,0.0,0,0,0.0,0.0
Bengaluru City,R.T.Nagar Traffic PS,1.04432e+16,2023,1,2,Not Applicable,Not Applicable,City/Town,Open area,Not Applicable,No,Grievous Injury,Not Applicable,Not Applicable,Not Applicable,Not Applicable,Not Applicable,Not Applicable,Not Applicable,Not Applicable,Jayamahal Main Road,Near Chandana TV Tower,3,13.008847,77.591269,0,0,0.0,0.0
Bengaluru City,R.T.Nagar Traffic PS,1.04432e+16,2023,1,3,Road Accidents,Not Applicable,City/Town,Open area,Not Applicable,No,Damage Only,Vehicle to Vehicle,Not Applicable,Others,Others,Bitumen(Tar),Dry,Not Applicable,Clear,80 feet road,Near Vetarneri Collage,1 KM,0.0,0.0,0,0,0.0,0.0
Bengaluru City,R.T.Nagar Traffic PS,1.04432e+16,2023,1,2,Road Accidents,Not Applicable,City/Town,Open area,Not Applicable,Yes,Damage Only,Vehicle to Vehicle,Not Applicable,Not Applicable,Others,Bitumen(Tar),Dry,Not Applicable,Clear,B B Road,CBI Fly Over,1KM,0.0,0.0,0,0,0.0,0.0
Bengaluru City,R.T.Nagar Traffic PS,1.04432e+16,2023,1,1,Road Accidents,Not Applicable,City/Town,Open area,Not Applicable,No,Grievous Injury,Hit pedestrian,Not Applicable,Others,Others,Bitumen(Tar),Dry,Not Applicable,Clear,SAnjayanagara,Near Aksa Maseedi,3KM,0.0,0.0,0,0,0.0,0.0
Bengaluru City,R.T.Nagar Traffic PS,1.04432e+16,2023,1,3,Road Accidents,Not Applicable,City/Town,Open area,Not Applicable,No,Grievous Injury,Vehicle to Vehicle,Not Applicable,Others,Others,Bitumen(Tar),Dry,Not Applicable,Clear,R T Nagara Road,Opp HMT Ground,3KM,0.0,0.0,0,0,0.0,0.0
Bengaluru City,R.T.Nagar Traffic PS,1.04432e+16,2023,1,1,Road Accidents,Not Applicable,City/Town,Open area,Not Applicable,Not Applicable,Grievous Injury,Not Applicable,Not Applicable,Others,Others,Bitumen(Tar),Dry,Not Applicable,Clear,RMV Club Road,1st Main Road,3KM,0.0,0.0,0,0,0.0,0.0
Bengaluru City,R.T.Nagar Traffic PS,1.04432e+16,2023,1,2,Not Applicable,Narrow road,City/Town,Near Bus stop,Not Applicable,Yes,Damage Only,Not Applicable,Not Applicable,Not Applicable,Not Applicable,Not Applicable,Not Applicable,Not Applicable,Not Applicable,bb,YAMAHA SHOWROOM,1,0.0,0.0,0,0,0.0,0.0
Bengaluru City,R.T.Nagar Traffic PS,1.04432e+16,2023,1,2,Road Accidents,Not Applicable,City/Town,Open area,Not Applicable,No,Grievous Injury,Vehicle to Vehicle,Not Applicable,Not Applicable,Others,Bitumen(Tar),Dry,Not Applicable,Clear,Taralabalu Main Road,Near Taralabalu Mata,2.5 km,13.019318,77.595718,0,0,0.0,0.0
Bengaluru City,R.T.Nagar Traffic PS,1.04432e+16,2023,1,2,Road Accidents,Not Applicable,City/Town,Near Bus stop,Human Error,Yes,Grievous Injury,Vehicle to Vehicle,Not Applicable,Not Applicable,Not Applicable,Bitumen(Tar),Dry,Not Applicable,Clear,jayamahal road,jayamahal road,3 km,0.0,0.0,0,0,0.0,0.0
Bengaluru City,R.T.Nagar Traffic PS,1.04432e+16,2023,1,1,Road Accidents,Circle,City/Town,Near Bus stop,Not Applicable,Yes,Grievous Injury,Hit pedestrian,Not Applicable,Not Applicable,Service Road,Not Applicable,Dry,Not Applicable,Clear,Hebbala Service Road,Near Hebbala Police Station,1 KM,0.0,0.0,0,0,0.0,0.0