DISTRICTNAME,UNITNAME,Crime_No,Year,RI,Noofvehicle_involved,Accident_Classification,Accident_Spot,Accident_Location,Accident_SubLocation,Main_Cause,Hit_Run,Severity,Collision_Type,Junction_Control,Road_Character,Road_Type,Surface_Type,Surface_Condition,Road_Condition,Weather,Accident_Road,Landmark_first,Distance_LandMark_First,Latitude,Longitude,Road_Condition_Score,Surface_Condition_Score,Surface_Type_Score,Road_Risk_Index
Bengaluru City,R.T.Nagar Traffic PS,1.04432e+16,2023,1,1,Road Accidents,Not Applicable,City/Town,Open area,Not Applicable,Yes,Grievous Injury,Hit pedestrian,Not Applicable,Not Applicable,Others,Bitumen(Tar),Dry,Not Applicable,Clear,Bhupasandra,Ayyappa Bekari,2KM,0.0,0.0,0,0,0.0,0.0
Bengaluru City,R.T.Nagar Traffic PS,1.04432e+16,2023,1,2,Road Accidents,Not Applicable,City/Town,Open area,Not Applicable,No,Grievous Injury,Vehicle to Vehicle,Not Applicable,Others,Others,Bitumen(Tar),Dry,Not Applicable,Clear,jayamahal road,Near TV Tower Signal,3KM,0.0,0.0,0,0,0.0,0.0
Bengaluru City,R.T.Nagar Traffic PS,1.04432e+16,2023,1,1,Road Accidents,Not Applicable,City/Town,Open area,Not Applicable,No,Simple Injury,Hit pedestrian,Not Applicable,Others,Others,Bitumen(Tar),Dry,Not Applicable,Clear,jayamahal road,Near Fun Word,3KM,0.0,0.0,0,0,0.0,0.0
Bengaluru City,R.T.Nagar Traffic PS,1.04432e+16,2023,1,2,Not Applicable,Not Applicable,City/Town,Open area,Not Applicable,Yes,Grievous Injury,Vehicle to Vehicle,Not Applicable,Not Applicable,Others,Not Applicable,Not Applicable,Not Applicable,Not Applicable,BB ROAD,Near CBI Flyover Upramp,1,0.0,0.0,0,0,0.0,0.0
Bengaluru City,R.T.Nagar Traffic PS,1.04432e+16,2023,1,2,Not Applicable,Not Applicable,City/Town,Open area,Not Applicable,No,Damage Only,Not Applicable,Not Applicable,Not Applicable,Not Applicable,Not Applicable,Not Applicable,Not Applicable,Not Applicable,Devegowda Main Road,Near Kabir Ashrama,3 km,12.978274,76.086054,0,0,0.0,0.0
Bengaluru City,R.T.Nagar Traffic PS,1.04432e+16,2023,1,1,Road Accidents,Not Applicable,City/Town,Open area,Not Applicable,No,Simple Injury,Hit pedestrian,Not Applicable,Not Applicable,Others,Bitumen(Tar),Dry,Not Applicable,Clear,jayamahal road,Munireddipalya Bus Stop,2Km,13.008928,77.591409,0,0,0.0,0.0
Bengaluru City,R.T.Nagar Traffic PS,1.04432e+16,2023,1,2,Road Accidents,Not Applicable,City/Town,Near Hospital,Human Error,Yes,Grievous Injury,Not Applicable,Not Applicable,Not Applicable,Not Applicable,Bitumen(Tar),Dry,Not Applicable,Clear,80 feet road,80 ft road,2.5 km,0.0,0.0,0,0,0.0,0.0
Bengaluru City,R.T.Nagar Traffic PS,1.04432e+16,2023,1,2,Road Accidents,Not Applicable,City/Town,Near Bus stop,Human Error,Yes,Fatal,Vehicle to Vehicle,Not Applicable,Not Applicable,Not Applicable,Bitumen(Tar),Dry,Not Applicable,Clear,CBI SERVICE ROAD,CBI SERVICE ROAD,1.5 KM,0.0,0.0,0,0,0.0,0.0
Bengaluru City,R.T.Nagar Traffic PS,1.04432e+16,2023,1,2,Road Accidents,Not Applicable,City/Town,Open area,Human Error,No,Grievous Injury,Vehicle to Vehicle,Not Applicable,Not Applicable,Others,Bitumen(Tar),Dry,Not Applicable,Clear,jayamahal road,Near TV Tower Signal,3Km,0.0,0.0,0,0,0.0,0.0
Bengaluru City,R.T.Nagar Traffic PS,1.04432e+16,2023,1,2,Road Accidents,Narrow road,City/Town,Open area,Human Error,No,Damage Only,Vehicle to Vehicle,Not Applicable,Others,Others,Bitumen(Tar),Dry,Not Applicable,Clear,Nandhi durgha Road,1,3 km,0.0,0.0,0,0,0.0,0.0
Bengaluru City,R.T.Nagar Traffic PS,1.04432e+16,2023,1,2,Road Accidents,Not Applicable,City/Town,Open area,Not Applicable,No,Damage Only,Vehicle to Vehicle,Not Applicable,Others,Others,Bitumen(Tar),Dry,Not Applicable,Clear,B B Road,Hebbala Down Ramp,1KM,0.0,0.0,0,0,0.0,0.0
Bengaluru City,R.T.Nagar Traffic PS,1.04432e+16,2023,1,2,Road Accidents,Not Applicable,City/Town,Open area,Human Error,No,Damage Only,Vehicle to Vehicle,Uncontrolled,Others,NH,Bitumen(Tar),Dry,Not Applicable,Clear,BB MAIN ROAD,BB MAIN RAOD NEAR NYAGRAM,1 KM,0.0,0.0,0,0,0.0,0.0
Bengaluru City,R.T.Nagar Traffic PS,1.04432e+16,2023,1,3,Not Applicable,Not Applicable,City/Town,Open area,Not Applicable,Not Applicable,Grievous Injury,Vehicle to Vehicle,Not Applicable,Not Applicable,Not Applicable,Not Applicable,Not Applicable,Not Applicable,Not Applicable,80 feet Road Sanjayanagar,4th Cross,2.5,0.0,0.0,0,0,0.0,0.0
Bengaluru City,R.T.Nagar Traffic PS,1.04432e+16,2023,1,2,Road Accidents,Not Applicable,City/Town,Open area,Not Applicable,No,Grievous Injury,Vehicle to Vehicle,Not Applicable,Not Applicable,Not Applicable,Bitumen(Tar),Dry,Not Applicable,Clear,80 Feet Road,Opp IDBI Bank,2.5 KM,13.027329,77.577366,0,0,0.0,0.0
Bengaluru City,R.T.Nagar Traffic PS,1.04432e+16,2023,1,2,Road Accidents,Not Applicable,City/Town,Open area,Not Applicable,Yes,Damage Only,Vehicle to Vehicle,Not Applicable,Not Applicable,Others,Bitumen(Tar),Dry,Not Applicable,Clear,B B Service Road,Annapurneswari Hotel,1KM,12.973864,77.713768,0,0,0.0,0.0
Bengaluru City,R.T.Nagar Traffic PS,1.04432e+16,2023,1,2,Road Accidents,Not Applicable,City/Town,Near Bus stop,Human Error,Yes,Grievous Injury,Vehicle to Vehicle,Not Applicable,Not Applicable,Not Applicable,Bitumen(Tar),Dry,Not Applicable,Clear,SANJAY NAGAR MAIN ROAD,SANJAY NAGAR,2.5KM,0.0,0.0,0,0,0.0,0.0
Bengaluru City,R.T.Nagar Traffic PS,1.04432e+16,2023,1,2,Not Applicable,Not Applicable,City/Town,Open area,Not Applicable,Not Applicable,Grievous Injury,Not Applicable,Not Applicable,Not Applicable,Not Applicable,Not Applicable,Not Applicable,Not Applicable,Not Applicable,BB ROAD,Sanjayanagar Cross,2,0.0,0.0,0,0,0.0,0.0
Bengaluru City,R.T.Nagar Traffic PS,1.04432e+16,2023,1,3,Not Applicable,Not Applicable,City/Town,Open area,Not Applicable,Not Applicable,Damage Only,Not Applicable,Not Applicable,Not Applicable,Not Applicable,Not Applicable,Not Applicable,Not Applicable,Not Applicable,Sanjayanagar  80 feet Main Road,Infront Of Bosceh Appartment,2,13.036464,77.576759,0,0,0.0,0.0
Bengaluru City,R.T.Nagar Traffic PS,1.04432e+16,2023,1,2,Not Applicable,Not Applicable,City/Town,Open area,Not Applicable,Yes,Grievous Injury,Not Applicable,Not Applicable,Not Applicable,Not Applicable,Not Applicable,Not Applicable,Not Applicable,Not Applicable,Kalpana Chawla Road,Near Sadanand Food Pvt Ltd,2,13.041362,77.579692,0,0,0.0,0.0
Bengaluru City,R.T.Nagar Traffic PS,1.04432e+16,2023,1,2,Road Accidents,Not Applicable,City/Town,Open area,Not Applicable,Yes,Simple Injury,Vehicle to Vehicle,Not Applicable,Not Applicable,Others,Bitumen(Tar),Dry,Not Applicable,Clear,jayamahal road,Near Munireddypalya Way Bridge,2.5 km,13.036464,77.597008,0,0,0.0,0.0
Bengaluru City,R.T.Nagar Traffic PS,1.04432e+16,2023,1,1,Road Accidents,Curves,City/Town,Residential area,Human Error,No,Simple Injury,Hit pedestrian,Not at  Junction,Curve,Others,Bitumen(Tar),Dry,Pot holed,Clear,5thMain Road Jayamahal,jayamahal road,3 km,0.0,0.0,5,0,0.0,5.0
Bengaluru City,R.T.Nagar Traffic PS,1.04432e+16,2023,1,1,Road Accidents,Not Applicable,City/Town,Near Bus stop,Not Applicable,No,Fatal,Hit pedestrian,Not Applicable,Not Applicable,Others,Bitumen(Tar),Dry,Not Applicable,Clear,BB Main Road,Hebbala Bus Stop,1 KM,0.0,0.0,0,0,0.0,0.0
Bengaluru City,R.T.Nagar Traffic PS,1.04432e+16,2023,1,1,Road Accidents,Curves,City/Town,Open area,Human Error,No,Grievous Injury,Not Applicable,Uncontrolled,Others,NH,Bitumen(Tar),Dry,Not Applicable,Clear,BB MAIN ROAD,B B ROAD,1 KM,0.0,0.0,0,0,0.0,0.0
Bengaluru City,R.T.Nagar Traffic PS,1.04432e+16,2023,1,2,Not Applicable,Circle,City/Town,Open area,Not Applicable,Yes,Simple Injury,Vehicle to Vehicle,Not Applicable,Not Applicable,Not Applicable,Not Applicable,Not Applicable,No influence on accident,Not Applicable,RT Nagar Main Road,Near PRTC,2,13.011807,77.593302,0,0,0.0,0.0
Bengaluru City,R.T.Nagar Traffic PS,1.04432e+16,2023,1,2,Road Accidents,Not Applicable,City/Town,Near Bus stop,Human Error,Yes,Damage Only,Vehicle to Vehicle,Not at  Junction,Not Applicable,Not Applicable,Bitumen(Tar),Dry,Not Applicable,Clear,GANGANAGARA,GANAGGANAGARA,2 KM,0.0,0.0,0,0,0.0,0.0
Bengaluru City,R.T.Nagar Traffic PS,1.04432e+16,2023,1,2,Not Applicable,Not Applicable,City/Town,Open area,Not Applicable,Not Applicable,Grievous Injury,Not Applicable,Not Applicable,Not Applicable,Not Applicable,Not Applicable,Not Applicable,Not Applicable,Not Applicable,Sanjayanagar,RMV Club,3,0.0,0.0,0,0,0.0,0.0
Bengaluru City,R.T.Nagar Traffic PS,1.04432e+16,2023,1,1,Road Accidents,Not Applicable,City/Town,Open area,Not Applicable,No,Fatal,Hit pedestrian,Not Applicable,Not Applicable,Others,Bitumen(Tar),Dry,Not Applicable,Clear,B B Main Road,Near Hebbala Bus Stop,1KM,13.038502,77.589253,0,0,0.0,0.0
Bengaluru City,R.T.Nagar Traffic PS,1.04432e+16,2023,1,2,Road Accidents,Not Applicable,City/Town,Open area,Not Applicable,No,Simple Injury,Vehicle to Vehicle,Uncontrolled,Others,Others,Bitumen(Tar),Dry,Not Applicable,Clear,Buleward park,RMV 2nd Stage,3KM,0.0,0.0,0,0,0.0,0.0
Bengaluru City,R.T.Nagar Traffic PS,1.04432e+16,2023,1,2,Road Accidents,Not Applicable,City/Town,Open area,Not Applicable,No,Grievous Injury,Vehicle to Vehicle,Not Applicable,Others,Others,Bitumen(Tar),Dry,Not Applicable,Clear,R T Main Road,Kateramma Temple,2.5KM,0.0,0.0,0,0,0.0,0.0
Bengaluru City,R.T.Nagar Traffic PS,1.04432e+16,2023,1,1,Road Accidents,Not Applicable,City/Town,Open area,Not Applicable,Yes,Grievous Injury,Hit pedestrian,Not Applicable,Others,Others,Bitumen(Tar),Dry,Not Applicable,Clear,B B Road,Hebbala Bus Stop,1KM,0.0,0.0,0,0,0.0,0.0
Bengaluru City,R.T.Nagar Traffic PS,1.04432e+16,2023,1,2,Not Applicable,Not Applicable,City/Town,Open area,Not Applicable,Not Applicable,Damage Only,Not Applicable,Not Applicable,Not Applicable,Not Applicable,Not Applicable,Not Applicable,Not Applicable,Not Applicable,Sanjayanagara,Near BBMP park,3,13.038502,77.599137,0,0,0.0,0.0
Bengaluru City,R.T.Nagar Traffic PS,1.04432e+16,2023,1,3,Road Accidents,Curves,City/Town,Residential area,Human Error,No,Simple Injury,Vehicle to Vehicle,Uncontrolled,Others,Others,Bitumen(Tar),Dry,Not Applicable,Clear,5thMain Road Jayamahal,H P Malik Bullding,3 km,0.0,0.0,0,0,0.0,0.0
Bengaluru City,R.T.Nagar Traffic PS,1.04432e+16,2023,1,2,Road Accidents,Not Applicable,City/Town,Open area,Not Applicable,Yes,Grievous Injury,Vehicle to Vehicle,Not Applicable,Not Applicable,Others,Bitumen(Tar),Dry,Not Applicable,Clear,5th Main Road,Manjunatha Nagara,3KM,0.0,0.0,0,0,0.0,0.0
Bengaluru City,R.T.Nagar Traffic PS,1.04432e+16,2023,1,1,Road Accidents,Not Applicable,City/Town,Open area,Not Applicable,No,Fatal,Hit pedestrian,Not Applicable,Others,Others,Bitumen(Tar),Dry,Not Applicable,Clear,B B Road,Sanjayanagara Fly Over UP Ramp,1KM,0.0,0.0,0,0,0.0,0.0
Bengaluru City,R.T.Nagar Traffic PS,1.04432e+16,2023,1,2,Not Applicable,Not Applicable,City/Town,Open area,Not Applicable,Yes,Grievous Injury,Not Applicable,Not Applicable,Not Applicable,Others,Not Applicable,Not Applicable,Not Applicable,Not Applicable,Dr Rajagopal Road,Infront Of HQTC BAck Gate,2,13.025347,77.581196,0,0,0.0,0.0
Bengaluru City,R.T.Nagar Traffic PS,1.04432e+16,2023,1,1,Road Accidents,Not Applicable,City/Town,Open area,Not Applicable,No,Fatal,Hit pedestrian,Not Applicable,Not Applicable,Others,Bitumen(Tar),Dry,Not Applicable,Clear,jayamahal road,Near Priyadarshini Signal,3KM,12.99993,77.594897,0,0,0.0,0.0
Bengaluru City,R.T.Nagar Traffic PS,1.04432e+16,2023,1,2,Road Accidents,Not Applicable,City/Town,Open area,Not Applicable,No,Grievous Injury,Vehicle to Vehicle,Not Applicable,Others,Others,Bitumen(Tar),Dry,Not Applicable,Clear,sultana palya,Near BMTC Bus Stop,3KM,13.02631,77.60291,0,0,0.0,0.0
Bengaluru City,R.T.Nagar Traffic PS,1.04432e+16,2023,1,1,Road Accidents,Not Applicable,City/Town,Near Bus stop,Not Applicable,No,Grievous Injury,Hit pedestrian,Not Applicable,Not Applicable,Not Applicable,Bitumen(Tar),Dry,Not Applicable,Clear,R T Nagara Main Road,R T Nagara Police Station,3KM,0.0,0.0,0,0,0.0,0.0
Bengaluru City,R.T.Nagar Traffic PS,1.04432e+16,2023,1,2,Road Accidents,Not Applicable,City/Town,Near Bus stop,Human Error,Yes,Grievous Injury,Vehicle to Vehicle,Not Applicable,Not Applicable,Not Applicable,Bitumen(Tar),Dry,Not Applicable,Clear,80 feet road,80 feet Road,3 KM,0.0,0.0,0,0,0.0,0.0
Bengaluru City,R.T.Nagar Traffic PS,1.04432e+16,2023,1,2,Road Accidents,Not Applicable,City/Town,Open area,Not Applicable,Yes,Simple Injury,Vehicle to Vehicle,Not at  Junction,Others,Others,Bitumen(Tar),Dry,Not Applicable,Clear,B B Road,Hebbala Fly Over Up Ramp,1KM,0.0,0.0,0,0,0.0,0.0
Bengaluru City,R.T.Nagar Traffic PS,1.04432e+16,2023,1,2,Not Applicable,Not Applicable,City/Town,Open area,Not Applicable,Yes,Grievous Injury,Vehicle to Vehicle,Not Applicable,Not Applicable,Not Applicable,Not Applicable,Not Applicable,Not Applicable,Not Applicable,Bhupasandra Main Road,Near ICAR,2,0.0,0.0,0,0,0.0,0.0
Bengaluru City,R.T.Nagar Traffic PS,1.04432e+16,2023,1,2,Road Accidents,Not Applicable,City/Town,Residential area,Not Applicable,No,Grievous Injury,Vehicle to Vehicle,Not Applicable,Others,Not Applicable,Bitumen(Tar),Dry,Not Applicable,Clear,80 feet road,Opp Ayodya Hotel,3Km,0.0,0.0,0,0,0.0,0.0
Bengaluru City,R.T.Nagar Traffic PS,1.04432e+16,2023,1,2,Road Accidents,Not Applicable,City/Town,Near Bus stop,Human Error,Yes,Grievous Injury,Not Applicable,Not Applicable,Not Applicable,Others,Bitumen(Tar),Dry,Not Applicable,Clear,B B ROAD,B B ROAD,1 KM,0.0,0.0,0,0,0.0,0.0
Bengaluru City,R.T.Nagar Traffic PS,1.04432e+16,2023,1,1,Road Accidents,Cross roads,City/Town,Residential area,Human Error,No,Fatal,Hit pedestrian,Uncontrolled,Others,Others,Not Applicable,Dry,Not Applicable,Clear,HYARISS ROAD,Near Prizm Azalia Apartment,4 KM,0.0,0.0,0,0,0.0,0.0
Bengaluru City,R.T.Nagar Traffic PS,1.04432e+16,2023,1,2,Road Accidents,Not Applicable,City/Town,Residential area,Not Applicable,No,Damage Only,Vehicle to Vehicle,Not Applicable,Not Applicable,Others,Bitumen(Tar),Dry,Not Applicable,Clear,80 feet road,Bash Appartment,3KM,0.0,0.0,0,0,0.0,0.0
Bengaluru City,R.T.Nagar Traffic PS,1.04432e+16,2023,1,1,Road Accidents,Not Applicable,City/Town,Open area,Not Applicable,No,Grievous Injury,Hit pedestrian,Not Applicable,Others,Others,Bitumen(Tar),Dry,Not Applicable,Clear,jayamahal road,Near Munireddipalya Bus Stop,3KM,0.0,0.0,0,0,0.0,0.0
Bengaluru City,R.T.Nagar Traffic PS,1.04432e+16,2023,1,2,Road Accidents,Not Applicable,City/Town,Open area,Not Applicable,No,Damage Only,Vehicle to Vehicle,Not Applicable,Others,Others,Bitumen(Tar),Dry,Not Applicable,Clear,Nagashettihalli Railway Gate,Railway Gate,3KM,0.0,0.0,0,0,0.0,0.0
Bengaluru City,R.T.Nagar Traffic PS,1.04432e+16,2023,1,2,Not Applicable,Not Applicable,City/Town,Open area,Not Applicable,Not Applicable,Grievous Injury,Not Applicable,Not Applicable,Not Applicable,Not Applicable,Not Applicable,Not Applicable,Not Applicable,Not Applicable,Lottegollahalli Railway Gate,Near Lottegollahalli railway Station,3,13.043468,77.563195,0,0,0.0,0.0
Bengaluru City,R.T.Nagar Traffic PS,1.04432e+16,2023,1,1,Road Accidents,Not Applicable,City/Town,Open area,Not Applicable,No,Fatal,Not Applicable,Uncontrolled,Others,Others,Bitumen(Tar),Dry,Not Applicable,Clear,jayamahal road,Chandana TV Tower,3KM,0.0,0.0,0,0,0.0,0.0
Bengaluru City,R.T.Nagar Traffic PS,1.04432e+16,2023,1,1,Road Accidents,Not Applicable,City/Town,Near Bus stop,Human Error,Yes,Grievous Injury,Not Applicable,Not Applicable,Not Applicable,Others,Bitumen(Tar),Dry,Not Applicable,Clear,sultana palya,sultanapalya,3 km,0.0,0.0,0,0,0.0,0.0
Bengaluru City,R.T.Nagar Traffic PS,1.04432e+16,2023,1,1,Road Accidents,Narrow road,City/Town,Narrow bridge or culverts,Human Error,Yes,Fatal,Hit pedestrian,Not Applicable,Not Applicable,One way,Bitumen(Tar),Dry,Not Applicable,Clear,BB Main Road,1,1 KM,0.0,0.0,0,0,0.0,0.0
Bengaluru City,R.T.Nagar Traffic PS,1.04432e+16,2023,1,2,Road Accidents,Not Applicable,City/Town,Open area,Not Applicable,No,Grievous Injury,Vehicle to Vehicle,Not Applicable,Not Applicable,Others,Not Applicable,Not Applicable,Not Applicable,Not Applicable,Sanjayanagara Road,Near Just Bekari,3 km,0.0,0.0,0,0,0.0,0.0
Bengaluru City,R.T.Nagar Traffic PS,1.04432e+16,2023,1,1,Road Accidents,Not Applicable,City/Town,Open area,Not Applicable,No,Damage Only,Not Applicable,Not Applicable,Others,Others,Bitumen(Tar),Dry,Not Applicable,Clear,B B Road,Anandanagara Cross,0.5KM,0.0,0.0,0,0,0.0,0.0
Bengaluru City,R.T.Nagar Traffic PS,1.04432e+16,2023,1,1,Not Applicable,Not Applicable,City/Town,Near Bus stop,Not Applicable,Yes,Grievous Injury,Not Applicable,Not Applicable,Not Applicable,Not Applicable,Not Applicable,Not Applicable,Not Applicable,Not Applicable,BB SERVICE ROAD,Hebbal Busstop,1,0.0,0.0,0,0,0.0,0.0
Bengaluru City,R.T.Nagar Traffic PS,1.04432e+16,2023,1,2,Road Accidents,Not Applicable,City/Town,Open area,Not Applicable,No,Simple Injury,Vehicle to Vehicle,Not Applicable,Others,Others,Bitumen(Tar),Dry,Not Applicable,Clear,R T Nagara Main Road,Near Dominos Fizza Shop,2KM,13.019318,77.595718,0,0,0.0,0.0
Bengaluru City,Rajajinagar Traffic PS,1.04432e+16,2016,1,1,Road Accidents,T Junction,City/Town,Open area,Human Error,No,Fatal,Hit pedestrian,No signal lights,Straight and flat,City or Town Road,Bitumen(Tar),Dry,Engineering Defect of Road,Clear,dr rajkumar road,NEAR KEB POLL,33,12.317897,76.691703,4,0,0.0,4.0
Bengaluru City,Rajajinagar Traffic PS,1.04432e+16,2016,1,2,Road Accidents,T Junction,City/Town,Open area,Human Error,No,Fatal,Rear end,No signal lights,Straight and flat,City or Town Road,Bitumen(Tar),Dry,Engineering Defect of Road,Clear,NEAR J C NAGARA,NEAR FAG,40,0.0,0.0,4,0,0.0,4.0
Bengaluru City,Rajajinagar Traffic PS,1.04432e+16,2016,1,2,Road Accidents,T Junction,City/Town,Near office complex,Human Error,Yes,Grievous Injury,Hit and Run,Not Applicable,Others,City or Town Road,Bitumen(Tar),Dry,Engineering Defect of Road,Clear,DR RAJKUMARROAD,NEAR TREE,14,0.0,0.0,4,0,0.0,4.0
Bengaluru City,Rajajinagar Traffic PS,1.04432e+16,2016,1,1,Road Accidents,T Junction,City/Town,Open area,Human Error,Yes,Grievous Injury,Hit pedestrian,Not Applicable,Others,City or Town Road,Bitumen(Tar),Dry,Engineering Defect of Road,Clear,NEAR HOSTEL,NEAR KEB POLL,40,13.033271,77.60468,4,0,0.0,4.0
Bengaluru City,Rajajinagar Traffic PS,1.04432e+16,2016,1,1,Road Accidents,Bridge,City/Town,Open area,Human Error,No,Fatal,Skidding or Self accident,No signal lights,Straight and flat,City or Town Road,Bitumen(Tar),Dry,Engineering Defect of Road,Clear,VATAL NAGARAJ ROAD,NEAR KEB POLL,48,0.0,0.0,4,0,0.0,4.0
Bengaluru City,Rajajinagar Traffic PS,1.04432e+16,2016,1,1,Road Accidents,Other,City/Town,Near Bus stop,Human Error,Yes,Simple Injury,Others,No signal lights,Others,Others,Bitumen(Tar),Others,No influence on accident,Others,RING ROAD,RING ROAD,5KM,0.0,0.0,0,1,0.0,1.0
Bengaluru City,Rajajinagar Traffic PS,1.04432e+16,2016,1,2,Road Accidents,Other,City/Town,Near Bus stop,Human Error,Yes,Simple Injury,Others,No signal lights,Others,Others,Bitumen(Tar),Others,No influence on accident,Others,DR RAJKUMAR ROAD,DR RAJKUMAR ROAD,1KM,12.317897,76.691703,0,1,0.0,1.0
Bengaluru City,Rajajinagar Traffic PS,1.04432e+16,2016,1,2,Road Accidents,Junction,City/Town,Near office complex,Human Error,Yes,Grievous Injury,Hit and Run,Signals (Working),Others,City or Town Road,Bitumen(Tar),Dry,Engineering Defect of Road,Clear,NEAR  DR RAJKUMAR ROAD,NEAR KEB POLL,33,12.317897,76.691703,4,0,0.0,4.0
Bengaluru City,Rajajinagar Traffic PS,1.04432e+16,2016,1,2,Road Accidents,Circle,City/Town,Open area,Human Error,No,Simple Injury,Rear end,No signal lights,Straight and flat,City or Town Road,Bitumen(Tar),Dry,Engineering Defect of Road,Clear,GELEYARA BALAGA MAIN ROAD,NEAR TREE,41,13.071208,77.552553,4,0,0.0,4.0
Bengaluru City,Rajajinagar Traffic PS,1.04432e+16,2016,1,1,Road Accidents,T Junction,City/Town,Open area,Human Error,No,Grievous Injury,Hit pedestrian,Not Applicable,Others,City or Town Road,Bitumen(Tar),Dry,Engineering Defect of Road,Clear,DR RAJKUMAR RAOD,NEAR TREE,30,12.317897,76.691703,4,0,0.0,4.0
Bengaluru City,Rajajinagar Traffic PS,1.04432e+16,2016,1,1,Road Accidents,Circle,City/Town,Open area,Human Error,No,Grievous Injury,Head on,Uncontrolled,Others,City or Town Road,Bitumen(Tar),Dry,Engineering Defect of Road,Clear,NEAR NANDINI LAYOUT,KEB POLL,55,0.0,0.0,4,0,0.0,4.0
Bengaluru City,Rajajinagar Traffic PS,1.04432e+16,2016,1,1,Road Accidents,Circle,City/Town,In bazaar,Human Error,No,Grievous Injury,Hit pedestrian,Uncontrolled,Others,City or Town Road,Bitumen(Tar),Dry,Engineering Defect of Road,Clear,DR RAJKUMAR ROAD RAJAJINAGARA,NEAR BANK,15,0.0,0.0,4,0,0.0,4.0
Bengaluru City,Rajajinagar Traffic PS,1.04432e+16,2016,1,2,Road Accidents,Circle,City/Town,Open area,Human Error,No,Fatal,Head on,No signal lights,Others,City or Town Road,Bitumen(Tar),Dry,Engineering Defect of Road,Clear,NEAR DR RAJKUMAR RAOD,NEAR  MARUTHI SCOOL GARGEE,35,1.259652,7.7332295,4,0,0.0,4.0
Bengaluru City,Rajajinagar Traffic PS,1.04432e+16,2016,1,2,Road Accidents,Bridge,City/Town,Near Hospital,Human Error,No,Grievous Injury,Overturning,Signal lights Automatic,Straight and flat,City or Town Road,Bitumen(Tar),Dry,Engineering Defect of Road,Clear,KANTEERAVA STUDIO MAIN ROAD,NEAR KEB POLL,32,0.0,0.0,4,0,0.0,4.0
Bengaluru City,Rajajinagar Traffic PS,1.04432e+16,2016,1,2,Road Accidents,T Junction,City/Town,Open area,Human Error,No,Damage Only,Rear end,Not Applicable,Not Applicable,City or Town Road,Bitumen(Tar),Dry,Engineering Defect of Road,Fine,NEAR NANDINILAYOUT BUSSTOP,NEAR BUSSTOP,50,13.015991,77.533823,4,0,0.0,4.0
Bengaluru City,Rajajinagar Traffic PS,1.04432e+16,2016,1,1,Road Accidents,Junction,City/Town,Near Hospital,Human Error,No,Damage Only,Others,Uncontrolled,Gentle Incline or Climb,City or Town Road,Bitumen(Tar),Dry,Engineering Defect of Road,Clear,ESI HOSPITAL JUNCTION,NEAR HOSPITAL,10,0.0,0.0,4,0,0.0,4.0
Bengaluru City,Rajajinagar Traffic PS,1.04432e+16,2016,1,2,Road Accidents,T Junction,City/Town,Near office complex,Human Error,Yes,Grievous Injury,Hit and Run,No signal lights,Straight and flat,City or Town Road,Bitumen(Tar),Dry,Engineering Defect of Road,Clear,NER 12 TH MAIN,NEARKEB POLL,30,0.0,0.0,4,0,0.0,4.0
Bengaluru City,Rajajinagar Traffic PS,1.04432e+16,2016,1,1,Road Accidents,Circle,City/Town,Open area,Human Error,Yes,Grievous Injury,Hit pedestrian,Not Applicable,Others,City or Town Road,Bitumen(Tar),Dry,Engineering Defect of Road,Clear,KANTEERAVANAGARA,NEAR TREE,30,1.2572123,7.740344,4,0,0.0,4.0
Bengaluru City,Rajajinagar Traffic PS,1.04432e+16,2016,1,1,Road Accidents,Other,City/Town,Near Bus stop,Human Error,Yes,Simple Injury,Others,No signal lights,Others,Others,Bitumen(Tar),Others,No influence on accident,Others,NANDINI LAYOUT RING ROAD,RING ROAD,4.5KM,0.0,0.0,0,1,0.0,1.0
Bengaluru City,Rajajinagar Traffic PS,1.04432e+16,2016,1,2,Road Accidents,Other,City/Town,Near Bus stop,Human Error,No,Damage Only,Others,No signal lights,Others,Others,Bitumen(Tar),Others,No influence on accident,Others,PIPE LINE ROAD,PIPE LINE ROAD,3KM,0.0,0.0,0,1,0.0,1.0
Bengaluru City,Rajajinagar Traffic PS,1.04432e+16,2016,1,1,Road Accidents,Circle,City/Town,Open area,Human Error,Yes,Simple Injury,Hit pedestrian,No signal lights,Straight and flat,City or Town Road,Bitumen(Tar),Dry,Not Applicable,Clear,NERA NANDINI LAYOUT,NERA KEB POLL,25,13.015991,77.533823,0,0,0.0,0.0
Bengaluru City,Rajajinagar Traffic PS,1.04432e+16,2016,1,1,Road Accidents,Junction,City/Town,Near office complex,Human Error,No,Grievous Injury,Hit pedestrian,Signal lights Manual,Not Applicable,City or Town Road,Bitumen(Tar),Dry,Engineering Defect of Road,Clear,NEAR DHOBI GHAT,NEAR BEKARY,30,0.0,0.0,4,0,0.0,4.0
Bengaluru City,Rajajinagar Traffic PS,1.04432e+16,2016,1,2,Road Accidents,Circle,City/Town,Open area,Human Error,Yes,Damage Only,Rear end,No signal lights,Straight and flat,City or Town Road,Bitumen(Tar),Dry,Engineering Defect of Road,Clear,KANTEERVA STUDIO MAIN ROAD,NEAR KEB POLL,32,13.017349,77.536863,4,0,0.0,4.0
Bengaluru City,Rajajinagar Traffic PS,1.04432e+16,2016,1,2,Road Accidents,T Junction,City/Town,Open area,Human Error,Yes,Grievous Injury,Hit and Run,No signal lights,Straight and flat,City or Town Road,Bitumen(Tar),Dry,Engineering Defect of Road,Clear,DR RAJKUMAR  ROAD,NEAR TREE,30,0.0,0.0,4,0,0.0,4.0