DISTRICTNAME,UNITNAME,Crime_No,Year,RI,Noofvehicle_involved,Accident_Classification,Accident_Spot,Accident_Location,Accident_SubLocation,Main_Cause,Hit_Run,Severity,Collision_Type,Junction_Control,Road_Character,Road_Type,Surface_Type,Surface_Condition,Road_Condition,Weather,Accident_Road,Landmark_first,Distance_LandMark_First,Latitude,Longitude,Road_Condition_Score,Surface_Condition_Score,Surface_Type_Score,Road_Risk_Index
Bengaluru City,Rajajinagar Traffic PS,1.04432e+16,2016,1,2,Road Accidents,Circle,City/Town,Open area,Human Error,No,Damage Only,Rear end,Signal lights Manual,Others,City or Town Road,Bitumen(Tar),Dry,Engineering Defect of Road,Clear,NEAR KANTEERAVA SUDTIO,NEAR KEB POLL,30,0.0,0.0,4,0,0.0,4.0
Bengaluru City,Rajajinagar Traffic PS,1.04432e+16,2016,1,2,Road Accidents,Circle,City/Town,In bazaar,Human Error,Yes,Grievous Injury,Hit and Run,Uncontrolled,Not Applicable,City or Town Road,Bitumen(Tar),Dry,Engineering Defect of Road,Clear,M L LAYOUT,NEAR TEMPLE,15,0.0,0.0,4,0,0.0,4.0
Bengaluru City,Rajajinagar Traffic PS,1.04432e+16,2016,1,2,Road Accidents,Other,City/Town,Near Bus stop,Human Error,No,Simple Injury,Others,No signal lights,Others,Others,Bitumen(Tar),Others,No influence on accident,Others,NANDINI LAYOUT,NANDINI LAYOUT,4KM,0.0,0.0,0,1,0.0,1.0
Bengaluru City,Rajajinagar Traffic PS,1.04432e+16,2016,1,1,Road Accidents,Other,City/Town,Near Bus stop,Human Error,No,Simple Injury,Others,No signal lights,Others,Others,Bitumen(Tar),Others,No influence on accident,Others,SRINIVAS KALYANA MANTAPPA ROAD,SRINIVAS KALYANA MANTAPPA ROAD,500MTR,0.0,0.0,0,1,0.0,1.0
Bengaluru City,Rajajinagar Traffic PS,1.04432e+16,2016,1,2,Road Accidents,Narrow road,City/Town,Open area,Human Error,Yes,Grievous Injury,Hit and Run,No signal lights,Others,City or Town Road,Bitumen(Tar),Dry,Engineering Defect of Road,Clear,DR RAJKUMAR ROAD,NEAR HEROHONDSHOWROOM,40,0.0,0.0,4,0,0.0,4.0
Bengaluru City,Rajajinagar Traffic PS,1.04432e+16,2016,1,2,Road Accidents,T Junction,City/Town,Open area,Human Error,Yes,Grievous Injury,Head on,No signal lights,Straight and flat,City or Town Road,Bitumen(Tar),Dry,Engineering Defect of Road,Clear,NEAR PRAKASH NAGAR,NEAR HOUSE,30,0.0,0.0,4,0,0.0,4.0
Bengaluru City,Rajajinagar Traffic PS,1.04432e+16,2016,1,1,Road Accidents,Junction,City/Town,Open area,Human Error,Yes,Grievous Injury,Hit pedestrian,Signal lights Automatic,Not Applicable,City or Town Road,Bitumen(Tar),Dry,Engineering Defect of Road,Clear,NEAR 41 TH CROSS,NEAR KEB POLL,19,12.990098,77.558843,4,0,0.0,4.0
Bengaluru City,Rajajinagar Traffic PS,1.04432e+16,2016,1,2,Road Accidents,T Junction,City/Town,Open area,Human Error,Yes,Grievous Injury,Rear end,No signal lights,Straight and flat,City or Town Road,Bitumen(Tar),Dry,Engineering Defect of Road,Fine,SHANKAR NAGARA,NEAR KEB POLL,24,18.523819,73.95453,4,0,0.0,4.0
Bengaluru City,Rajajinagar Traffic PS,1.04432e+16,2016,1,1,Road Accidents,Circle,City/Town,Open area,Human Error,Yes,Grievous Injury,Hit pedestrian,Uncontrolled,Others,City or Town Road,Bitumen(Tar),Dry,Engineering Defect of Road,Fine,RING ROAD,NEAR BUSSTOP,40,1.310887,7.7315317,4,0,0.0,4.0
Bengaluru City,Rajajinagar Traffic PS,1.04432e+16,2016,1,1,Road Accidents,Other,City/Town,Near Bus stop,Human Error,No,Grievous Injury,Others,No signal lights,Others,Others,Bitumen(Tar),Others,No influence on accident,Others,VATAL NAGARAJ ROAD,VATAL NAGARAJ ROAD,2KM,0.0,0.0,0,1,0.0,1.0
Bengaluru City,Rajajinagar Traffic PS,1.04432e+16,2016,1,1,Road Accidents,Other,City/Town,Near Bus stop,Human Error,Yes,Simple Injury,Others,No signal lights,Others,Others,Bitumen(Tar),Others,No influence on accident,Others,RING ROAD,RING ROAD,4.5KM,0.0,0.0,0,1,0.0,1.0
Bengaluru City,Rajajinagar Traffic PS,1.04432e+16,2016,1,2,Road Accidents,T Junction,City/Town,Near a recreation place/cinema,Human Error,No,Fatal,Skidding or Self accident,No signal lights,Straight and flat,City or Town Road,Bitumen(Tar),Dry,Engineering Defect of Road,Clear,NANDINI LAYOUT,NEAR BUS STOP,40,0.0,0.0,4,0,0.0,4.0
Bengaluru City,Rajajinagar Traffic PS,1.04432e+16,2016,1,1,Road Accidents,Junction,City/Town,Open area,Human Error,No,Simple Injury,Others,Signals (Working),Straight and flat,City or Town Road,Bitumen(Tar),Dry,Engineering Defect of Road,Clear,NEAR DR RAJKUMAR RAOD,NEAR KEB POLL,37,12.317897,76.691703,4,0,0.0,4.0
Bengaluru City,Rajajinagar Traffic PS,1.04432e+16,2016,1,2,Road Accidents,Circle,City/Town,Open area,Human Error,No,Grievous Injury,Head on,Uncontrolled,Not Applicable,City or Town Road,Bitumen(Tar),Dry,Engineering Defect of Road,Clear,NANDINI LAYOUT MAIN ROAD,NEAR KEB POLL,50,13.018799,77.536863,4,0,0.0,4.0
Bengaluru City,Rajajinagar Traffic PS,1.04432e+16,2016,1,1,Road Accidents,Circle,City/Town,Open area,Human Error,Yes,Grievous Injury,Hit pedestrian,No signal lights,Straight and flat,City or Town Road,Bitumen(Tar),Dry,Engineering Defect of Road,Clear,NEAR RING ROAD,NEAR KEB POLL,46,0.0,0.0,4,0,0.0,4.0
Bengaluru City,Rajajinagar Traffic PS,1.04432e+16,2016,1,2,Road Accidents,Junction,City/Town,Open area,Human Error,Yes,Simple Injury,Rear end,Signal lights Manual,Not Applicable,City or Town Road,Bitumen(Tar),Dry,Engineering Defect of Road,Clear,near rajkumar road,near bank,50,0.0,0.0,4,0,0.0,4.0
Bengaluru City,Rajajinagar Traffic PS,1.04432e+16,2016,1,2,Road Accidents,Junction,City/Town,Open area,Human Error,No,Grievous Injury,Head on,Not Applicable,Others,City or Town Road,Bitumen(Tar),Dry,Engineering Defect of Road,Clear,NEAR SHANKAR BAGAR MAON RD,NEAR BANK,40,1.305638,7.7323192,4,0,0.0,4.0
Bengaluru City,Rajajinagar Traffic PS,1.04432e+16,2016,1,2,Road Accidents,Circle,City/Town,Open area,Human Error,No,Grievous Injury,Head on,No signal lights,Straight and flat,City or Town Road,Bitumen(Tar),Dry,Engineering Defect of Road,Clear,kanteerava studio road,near keb poll,9,1.2572123,7.740344,4,0,0.0,4.0
Bengaluru City,Rajajinagar Traffic PS,1.04432e+16,2016,1,3,Road Accidents,Circle,City/Town,Open area,Human Error,No,Grievous Injury,Hit parked vehicle,No signal lights,Straight and flat,City or Town Road,Bitumen(Tar),Dry,Engineering Defect of Road,Clear,NEAR NANDINI LAYOUT,NEAR KEB POLL,40,0.0,0.0,4,0,0.0,4.0
Bengaluru City,Rajajinagar Traffic PS,1.04432e+16,2016,1,2,Road Accidents,Other,City/Town,Near Bus stop,Human Error,Yes,Damage Only,Others,No signal lights,Others,Others,Bitumen(Tar),Others,No influence on accident,Others,MAHALKSHMIPURAM MAIN ROAD,MAHALKSHMIPURAM MAIN ROAD,3KM,0.0,0.0,0,1,0.0,1.0
Bengaluru City,Rajajinagar Traffic PS,1.04432e+16,2016,1,1,Road Accidents,Cross roads,City/Town,Open area,Human Error,No,Grievous Injury,Hit pedestrian,Not Applicable,Not Applicable,City or Town Road,Bitumen(Tar),Dry,Engineering Defect of Road,Clear,NEAR WATERTANK ROAD,NEAR KEB POLL,58,12.987433,77.559172,4,0,0.0,4.0
Bengaluru City,Rajajinagar Traffic PS,1.04432e+16,2016,1,1,Road Accidents,Other,City/Town,Near Bus stop,Human Error,Yes,Fatal,Others,No signal lights,Others,Others,Bitumen(Tar),Others,No influence on accident,Others,PIPELINE ROAD,PIPE LINE ROAD,3KM,13.033271,77.60468,0,1,0.0,1.0
Bengaluru City,Rajajinagar Traffic PS,1.04432e+16,2016,1,2,Road Accidents,T Junction,City/Town,Residential area,Human Error,No,Grievous Injury,Head on,No signal lights,Straight and flat,City or Town Road,Bitumen(Tar),Dry,Engineering Defect of Road,Clear,19 TH MAIN ROAD,NEAR KEB POLL,22,13.037495,77.630452,4,0,0.0,4.0
Bengaluru City,Rajajinagar Traffic PS,1.04432e+16,2016,1,1,Road Accidents,Circle,City/Town,Near School or College,Human Error,Yes,Grievous Injury,Hit pedestrian,No signal lights,Straight and flat,City or Town Road,Bitumen(Tar),Dry,Engineering Defect of Road,Clear,near nandini layout,NEAR KEB POLL,8,0.0,0.0,4,0,0.0,4.0
Bengaluru City,Rajajinagar Traffic PS,1.04432e+16,2016,1,2,Road Accidents,Circle,City/Town,Open area,Human Error,No,Simple Injury,Rear end,Not Applicable,Others,City or Town Road,Bitumen(Tar),Dry,Engineering Defect of Road,Clear,NANDINI LAYOUT,NEAR HOSPITAL,30,13.018799,77.536863,4,0,0.0,4.0
Bengaluru City,Rajajinagar Traffic PS,1.04432e+16,2016,1,1,Road Accidents,T Junction,City/Town,Open area,Human Error,Yes,Simple Injury,Hit pedestrian,No signal lights,Straight and flat,City or Town Road,Bitumen(Tar),Dry,Engineering Defect of Road,Clear,SARASWATHIPURAM MAIN ROAD,NEAR TREE,30,0.0,0.0,4,0,0.0,4.0
Bengaluru City,Rajajinagar Traffic PS,1.04432e+16,2016,1,1,Road Accidents,Circle,City/Town,Open area,Human Error,Yes,Simple Injury,Hit pedestrian,No signal lights,Straight and flat,City or Town Road,Bitumen(Tar),Dry,Engineering Defect of Road,Clear,NEAR DR RAJKUMAR ROAD,NEAR TREE,30,0.0,0.0,4,0,0.0,4.0
Bengaluru City,Rajajinagar Traffic PS,1.04432e+16,2016,1,2,Road Accidents,T Junction,City/Town,Residential area,Human Error,No,Grievous Injury,Rear end,Not Applicable,Incline,City or Town Road,Bitumen(Tar),Dry,Engineering Defect of Road,Clear,NANDINILAYOUT,NEAR KEB POLL,45,0.0,0.0,4,0,0.0,4.0
Bengaluru City,Rajajinagar Traffic PS,1.04432e+16,2016,1,1,Road Accidents,Cross roads,City/Town,Open area,Human Error,No,Grievous Injury,Hit bicyclist,Not Applicable,Others,City or Town Road,Bitumen(Tar),Dry,Engineering Defect of Road,Clear,SHANKAR NAGARA,NEAR PARK,20,1.2973584,7.75741,4,0,0.0,4.0
Bengaluru City,Rajajinagar Traffic PS,1.04432e+16,2016,1,2,Road Accidents,Circle,City/Town,Open area,Human Error,No,Grievous Injury,Rear end,Uncontrolled,Others,City or Town Road,Bitumen(Tar),Dry,Engineering Defect of Road,Clear,M L PURAM,NEAR  TEMPLE,30,1.303787,7.732558,4,0,0.0,4.0
Bengaluru City,Rajajinagar Traffic PS,1.04432e+16,2016,1,1,Road Accidents,Other,City/Town,Near Bus stop,Human Error,Yes,Simple Injury,Others,No signal lights,Others,Others,Bitumen(Tar),Others,No influence on accident,Others,KANTEERVA STUDIO MAIN ROAD,KANTEERVA STUDIO MAIN ROAD,4.5KM,0.0,0.0,0,1,0.0,1.0
Bengaluru City,Rajajinagar Traffic PS,1.04432e+16,2016,1,1,Road Accidents,Other,City/Town,Near Bus stop,Human Error,No,Grievous Injury,Others,No signal lights,Others,Others,Bitumen(Tar),Others,No influence on accident,Others,RAJKUMAR ROAD,RAJKUMAR ROAD,2KM,0.0,0.0,0,1,0.0,1.0
Bengaluru City,Rajajinagar Traffic PS,1.04432e+16,2016,1,2,Road Accidents,Junction,City/Town,Near Bus stop,Human Error,No,Grievous Injury,Head on,No signal lights,Straight and flat,City or Town Road,Bitumen(Tar),Dry,Engineering Defect of Road,Clear,PIPE LINE SERVICE ROAD,NEAR TREE,32,13.033271,77.60468,4,0,0.0,4.0
Bengaluru City,Rajajinagar Traffic PS,1.04432e+16,2016,1,2,Road Accidents,Bridge,City/Town,Open area,Human Error,No,Damage Only,Rear end,No signal lights,Others,City or Town Road,Bitumen(Tar),Dry,Engineering Defect of Road,Clear,FTI,NEAR,20,13.027954,77.632168,4,0,0.0,4.0
Bengaluru City,Rajajinagar Traffic PS,1.04432e+16,2016,1,2,Road Accidents,Other,City/Town,Near Bus stop,Human Error,No,Damage Only,Others,No signal lights,Others,Others,Bitumen(Tar),Others,No influence on accident,Others,MAHALKSHMIPURAM ROAD,MAHALKSHMIPURAM ROAD,3KM,0.0,0.0,0,1,0.0,1.0
Bengaluru City,Rajajinagar Traffic PS,1.04432e+16,2016,1,1,Road Accidents,Y Junction,City/Town,Open area,Human Error,Yes,Grievous Injury,Hit pedestrian,Not Applicable,Others,City or Town Road,Bitumen(Tar),Dry,Engineering Defect of Road,Clear,NEAR 12 TH CROSS 6TH MAIN,NEAR KEB POLL,48,13.033271,77.60468,4,0,0.0,4.0
Bengaluru City,Rajajinagar Traffic PS,1.04432e+16,2016,1,2,Road Accidents,Junction,City/Town,Open area,Human Error,Yes,Grievous Injury,Hit and Run,Signal lights Automatic,Others,City or Town Road,Bitumen(Tar),Dry,Engineering Defect of Road,Clear,NEAR 4 TH MAIN ROAD MALAKSHMIPURAM,NEAR HOUSE,50,13.033271,77.60468,4,0,0.0,4.0
Bengaluru City,Rajajinagar Traffic PS,1.04432e+16,2016,1,1,Road Accidents,Y Junction,City/Town,Open area,Human Error,Yes,Grievous Injury,Hit pedestrian,Not Applicable,Incline,City or Town Road,Bitumen(Tar),Dry,Engineering Defect of Road,Clear,NEAR JC NAGARA,NEAR  TEMPLE,40,13.033271,77.60468,4,0,0.0,4.0
Bengaluru City,Rajajinagar Traffic PS,1.04432e+16,2016,1,1,Road Accidents,Circle,City/Town,Near office complex,Human Error,No,Simple Injury,Hit bicyclist,Uncontrolled,Others,City or Town Road,Bitumen(Tar),Dry,Engineering Defect of Road,Clear,12 TH MAIN ROAD RAJAJINAGARA,NEAR KEB POOL,20,0.0,0.0,4,0,0.0,4.0
Bengaluru City,Rajajinagar Traffic PS,1.04432e+16,2016,1,2,Road Accidents,T Junction,City/Town,Open area,Human Error,No,Grievous Injury,Head on,No signal lights,Straight and flat,City or Town Road,Bitumen(Tar),Dry,Engineering Defect of Road,Clear,NEAR G D NAIDUHALL ROAD,NEAR TREE,27,0.0,0.0,4,0,0.0,4.0
Bengaluru City,Rajajinagar Traffic PS,1.04432e+16,2016,1,2,Road Accidents,Cross roads,City/Town,In bazaar,Human Error,No,Damage Only,Others,Not Applicable,Curve,City or Town Road,Bitumen(Tar),Dry,Engineering Defect of Road,Clear,M L PURAM,NEARPARK,10,0.0,0.0,4,0,0.0,4.0
Bengaluru City,Rajajinagar Traffic PS,1.04432e+16,2016,1,1,Road Accidents,Cross roads,City/Town,Open area,Human Error,No,Grievous Injury,Hit pedestrian,Not Applicable,Others,City or Town Road,Bitumen(Tar),Dry,Engineering Defect of Road,Clear,12 TH CROSS M L LAYOUT,NEAR KEB POLL,55,1.305254,7.733506,4,0,0.0,4.0
Bengaluru City,Rajajinagar Traffic PS,1.04432e+16,2016,1,2,Road Accidents,Cross roads,City/Town,Open area,Human Error,Yes,Grievous Injury,Rear end,No signal lights,Others,City or Town Road,Bitumen(Tar),Dry,Engineering Defect of Road,Fine,15 TH CROSS J C NAGARA,NAER KEB POLL,35,1.30836,7.731507,4,0,0.0,4.0
Bengaluru City,Rajajinagar Traffic PS,1.04432e+16,2016,1,2,Road Accidents,Circle,City/Town,In bazaar,Human Error,No,Grievous Injury,Head on,No signal lights,Not Applicable,City or Town Road,Bitumen(Tar),Dry,Engineering Defect of Road,Clear,NEAR SOAP FACTROY,NEAR POLL,20,1.305772,7.7331237,4,0,0.0,4.0
Bengaluru City,Rajajinagar Traffic PS,1.04432e+16,2016,1,1,Road Accidents,Other,City/Town,Near Bus stop,Human Error,Yes,Simple Injury,Others,No signal lights,Others,Others,Bitumen(Tar),Others,No influence on accident,Others,KRISHNANADANAGAR ROAD,KRISHNANADANAGAR ROAD,4KM,0.0,0.0,0,1,0.0,1.0
Bengaluru City,Rajajinagar Traffic PS,1.04432e+16,2016,1,2,Road Accidents,Circle,City/Town,Near Bus stop,Human Error,Yes,Grievous Injury,Overturning,Signal lights Manual,Straight and flat,City or Town Road,Bitumen(Tar),Dry,Engineering Defect of Road,Clear,STUDIO MAIN ROAD,NEAR TREE,32,13.019077,77.542596,4,0,0.0,4.0
Bengaluru City,Rajajinagar Traffic PS,1.04432e+16,2016,1,3,Road Accidents,Circle,City/Town,Open area,Human Error,No,Damage Only,Rear end,Signal lights Manual,Straight and flat,City or Town Road,Bitumen(Tar),Dry,Engineering Defect of Road,Clear,DR RAJKUMAR ROAD,NEAR TREE,38,0.0,0.0,4,0,0.0,4.0
Bengaluru City,Rajajinagar Traffic PS,1.04432e+16,2016,1,2,Road Accidents,T Junction,City/Town,Open area,Human Error,No,Simple Injury,Rear end,No signal lights,Straight and flat,City or Town Road,Bitumen(Tar),Dry,Engineering Defect of Road,Clear,NEAR G D NADUHALL,NEAR TREE,27,0.0,0.0,4,0,0.0,4.0
Bengaluru City,Rajajinagar Traffic PS,1.04432e+16,2016,1,1,Road Accidents,Circle,City/Town,Near Bus stop,Human Error,No,Grievous Injury,Hit pedestrian,Uncontrolled,Others,City or Town Road,Bitumen(Tar),Dry,Engineering Defect of Road,Clear,RING ROAD,NEAR BUS STOP,10,0.0,0.0,4,0,0.0,4.0
Bengaluru City,Rajajinagar Traffic PS,1.04432e+16,2016,1,3,Road Accidents,Circle,City/Town,Open area,Human Error,No,Grievous Injury,Hit pedestrian,Not Applicable,Others,City or Town Road,Bitumen(Tar),Dry,Engineering Defect of Road,Fine,DR RAJKUMAR ROAD,NEAR  SHOP,30,0.0,0.0,4,0,0.0,4.0
Bengaluru City,Rajajinagar Traffic PS,1.04432e+16,2016,1,1,Road Accidents,Other,City/Town,Near Bus stop,Human Error,No,Simple Injury,Others,No signal lights,Others,Others,Bitumen(Tar),Others,No influence on accident,Others,NANDINI LAYOUT RING ROAD,NANDINI LAYOUT RING ROAD,4KM,0.0,0.0,0,1,0.0,1.0
Bengaluru City,Rajajinagar Traffic PS,1.04432e+16,2016,1,1,Road Accidents,Bridge,City/Town,Near Bus stop,Human Error,No,Grievous Injury,Head on,Signal lights Automatic,Straight and flat,City or Town Road,Bitumen(Tar),Dry,Engineering Defect of Road,Clear,OKALIPURA SERVICE ROAD,NEAR KEB POLL,24,0.0,0.0,4,0,0.0,4.0
Bengaluru City,Rajajinagar Traffic PS,1.04432e+16,2016,1,1,Road Accidents,T Junction,City/Town,Near office complex,Human Error,No,Grievous Injury,Hit pedestrian,Not at  Junction,Others,City or Town Road,Bitumen(Tar),Dry,Engineering Defect of Road,Clear,NEAR 17 TH MAIN,NEAR TREE,35,0.0,0.0,4,0,0.0,4.0
Bengaluru City,Rajajinagar Traffic PS,1.04432e+16,2016,1,2,Road Accidents,Junction,City/Town,Near Hospital,Human Error,No,Simple Injury,Overturning,Police / Manual,Others,City or Town Road,Bitumen(Tar),Dry,Engineering Defect of Road,Clear,NEW SAGAR JUNCTION ROAD,NEAR TREE,9,12.990023,77.553232,4,0,0.0,4.0
Bengaluru City,Rajajinagar Traffic PS,1.04432e+16,2016,1,1,Road Accidents,Circle,City/Town,Open area,Human Error,No,Grievous Injury,Hit pedestrian,Not Applicable,Others,City or Town Road,Bitumen(Tar),Dry,Engineering Defect of Road,Fine,NEAR RING ROAD,NEAR BHEL BUSSTOP,50,1.31168,7.7315035,4,0,0.0,4.0
Bengaluru City,Rajajinagar Traffic PS,1.04432e+16,2016,1,2,Road Accidents,Other,City/Town,Near Bus stop,Human Error,No,Simple Injury,Others,No signal lights,Others,Others,Bitumen(Tar),Others,No influence on accident,Others,NANDINI LAYOUT RING ROAD,NANDINI LAYOUT RING ROAD,4.5KM,0.0,0.0,0,1,0.0,1.0
Bengaluru City,Rajajinagar Traffic PS,1.04432e+16,2016,1,2,Road Accidents,Other,City/Town,Open area,Human Error,Yes,Grievous Injury,Hit and Run,No signal lights,Others,City or Town Road,Bitumen(Tar),Dry,Engineering Defect of Road,Clear,NANDNI LAYOUT,NEAR KEB POLL,30,0.0,0.0,4,0,0.0,4.0
Bengaluru City,Rajajinagar Traffic PS,1.04432e+16,2016,1,2,Road Accidents,Circle,City/Town,Near a religious place,Human Error,Yes,Damage Only,Hit and Run,No signal lights,Curve,City or Town Road,Bitumen(Tar),Dry,Engineering Defect of Road,Clear,RAMANDIRA,NEAR BOOK HOUSE,40,12.943651,77.579179,4,0,0.0,4.0
Bengaluru City,Rajajinagar Traffic PS,1.04432e+16,2016,1,2,Road Accidents,Circle,City/Town,Open area,Human Error,Yes,Simple Injury,Hit and Run,Not Applicable,Others,City or Town Road,Bitumen(Tar),Dry,Engineering Defect of Road,Clear,SHANKARNAGARA,NEAR BUS STOP,40,13.033271,77.60468,4,0,0.0,4.0
Bengaluru City,Rajajinagar Traffic PS,1.04432e+16,2016,1,2,Road Accidents,Bridge,City/Town,Open area,Human Error,No,Grievous Injury,Rear end,No signal lights,Straight and flat,City or Town Road,Bitumen(Tar),Dry,Engineering Defect of Road,Clear,NANDINI LAYOUT RING ROAD,NEAR KEB POLL,26,13.027954,77.552553,4,0,0.0,4.0
Bengaluru City,Rajajinagar Traffic PS,1.04432e+16,2016,1,2,Road Accidents,Narrow road,City/Town,Near office complex,Human Error,No,Grievous Injury,Overturning,No signal lights,Straight and flat,City or Town Road,Bitumen(Tar),Dry,Engineering Defect of Road,Clear,NANDINI LAYOUT CLUB ROAD,NEAR TREE,52,0.0,0.0,4,0,0.0,4.0
Bengaluru City,Rajajinagar Traffic PS,1.04432e+16,2016,1,1,Road Accidents,T Junction,City/Town,Near Bus stop,Human Error,Yes,Fatal,Hit pedestrian,No signal lights,Straight and flat,City or Town Road,Bitumen(Tar),Dry,Engineering Defect of Road,Clear,NEAR RAJAJINAGARA ENTRANCE,NEAR SHOP,35,0.0,0.0,4,0,0.0,4.0
Bengaluru City,Rajajinagar Traffic PS,1.04432e+16,2016,1,2,Road Accidents,Junction,City/Town,Open area,Human Error,No,Grievous Injury,Head on,No signal lights,Others,City or Town Road,Bitumen(Tar),Dry,Engineering Defect of Road,Clear,NEAR ESI BUS STOP,NEAR ESI HOSPITAL,35,12.990098,77.558843,4,0,0.0,4.0
Bengaluru City,Rajajinagar Traffic PS,1.04432e+16,2016,1,2,Road Accidents,Other,City/Town,Near Bus stop,Human Error,No,Simple Injury,Others,No signal lights,Others,Others,Bitumen(Tar),Others,No influence on accident,Others,SEVENTEENTH MAIN ROAD,SEVENTEENTH MAIN ROAD,500MTR,12.989815,77.55255,0,1,0.0,1.0
Bengaluru City,Rajajinagar Traffic PS,1.04432e+16,2016,1,2,Road Accidents,T Junction,City/Town,Open area,Human Error,No,Grievous Injury,Rear end,No signal lights,Straight and flat,City or Town Road,Bitumen(Tar),Dry,Engineering Defect of Road,Clear,PIPELINE SERVICE ROAD,NEAR TREE,18,13.005328,77.547417,4,0,0.0,4.0
Bengaluru City,Rajajinagar Traffic PS,1.04432e+16,2016,1,2,Road Accidents,Circle,City/Town,Open area,Human Error,Yes,Grievous Injury,Hit and Run,No signal lights,Others,City or Town Road,Bitumen(Tar),Dry,Engineering Defect of Road,Clear,SHANKAR NAGAR,NEAR SCHOOL,35,13.017349,77.539559,4,0,0.0,4.0
Bengaluru City,Rajajinagar Traffic PS,1.04432e+16,2016,1,2,Road Accidents,Circle,City/Town,Near Bus stop,Human Error,Yes,Grievous Injury,Head on,No signal lights,Straight and flat,City or Town Road,Bitumen(Tar),Dry,Engineering Defect of Road,Clear,KANTEERAVA STUDIO MAIN ROAD,NEAR TREE,56,13.021339,77.53063,4,0,0.0,4.0
Bengaluru City,Rajajinagar Traffic PS,1.04432e+16,2016,1,3,Road Accidents,Cross roads,City/Town,Open area,Human Error,Yes,Simple Injury,Hit pedestrian,Not Applicable,Others,City or Town Road,Bitumen(Tar),Dry,Engineering Defect of Road,Clear,NEAR KEB OLD OFFICE,NEAR TREE,35,0.0,0.0,4,0,0.0,4.0
Bengaluru City,Rajajinagar Traffic PS,1.04432e+16,2016,1,2,Road Accidents,Circle,City/Town,Open area,Human Error,No,Grievous Injury,Others,Uncontrolled,Others,City or Town Road,Bitumen(Tar),Dry,Engineering Defect of Road,Clear,4th block 2ndmain rajajinagara,naer tree,55,1.259887,7.333081,4,0,0.0,4.0
Bengaluru City,Rajajinagar Traffic PS,1.04432e+16,2016,1,2,Road Accidents,Cross roads,City/Town,Open area,Human Error,Yes,Grievous Injury,Others,Not Applicable,Others,City or Town Road,Bitumen(Tar),Dry,Engineering Defect of Road,Clear,ABG LAYOUT,NEAR KEB POLL,30,1.302472,7.7322179,4,0,0.0,4.0
Bengaluru City,Rajajinagar Traffic PS,1.04432e+16,2016,1,2,Road Accidents,Other,City/Town,Near Bus stop,Human Error,Yes,Damage Only,Others,No signal lights,Others,Others,Bitumen(Tar),Others,No influence on accident,Others,NAGAPURA MAIN ROAD,NAGAPURA MAIN ROAD,50,0.0,0.0,0,1,0.0,1.0
Bengaluru City,Rajajinagar Traffic PS,1.04432e+16,2016,1,2,Road Accidents,Other,City/Town,Near Bus stop,Human Error,Yes,Simple Injury,Others,No signal lights,Others,Others,Bitumen(Tar),Others,No influence on accident,Others,KANTEERVA STUDIO MAIN ROAD,KANTEERVA STUDIO MAIN ROAD,4.5KM,0.0,0.0,0,1,0.0,1.0
Bengaluru City,Rajajinagar Traffic PS,1.04432e+16,2016,1,2,Road Accidents,T Junction,City/Town,Near Bus stop,Human Error,Yes,Grievous Injury,Head on,No signal lights,Straight and flat,City or Town Road,Bitumen(Tar),Dry,Engineering Defect of Road,Clear,KANTEERAVA STUDIO MAIN ROAD,NEAR TREE,25,0.0,0.0,4,0,0.0,4.0
Bengaluru City,Rajajinagar Traffic PS,1.04432e+16,2016,1,1,Road Accidents,Junction,City/Town,Open area,Human Error,Yes,Grievous Injury,Hit pedestrian,No signal lights,Incline,City or Town Road,Bitumen(Tar),Dry,Engineering Defect of Road,Clear,SHANKAR NAGARA,NEAR APMC YARD,45,0.0,0.0,4,0,0.0,4.0
Bengaluru City,Rajajinagar Traffic PS,1.04432e+16,2016,1,1,Road Accidents,Junction,City/Town,Near School or College,Human Error,Yes,Simple Injury,Hit and Run,No signal lights,Sharp Curve,City or Town Road,Bitumen(Tar),Dry,Engineering Defect of Road,Clear,DR RAJKUMAR ROAD,NEAR PRAK,35,12.317897,76.691703,4,0,0.0,4.0
Bengaluru City,Rajajinagar Traffic PS,1.04432e+16,2016,1,2,Road Accidents,Junction,City/Town,Open area,Human Error,Yes,Grievous Injury,Hit and Run,Controlled,Others,City or Town Road,Bitumen(Tar),Dry,Engineering Defect of Road,Clear,50 TH CROSS,NEAR TEMPLE,40,0.0,0.0,4,0,0.0,4.0
Bengaluru City,Rajajinagar Traffic PS,1.04432e+16,2016,1,1,Road Accidents,Cross roads,City/Town,Near office complex,Human Error,Yes,Grievous Injury,Hit pedestrian,No signal lights,Others,City or Town Road,Bitumen(Tar),Dry,Engineering Defect of Road,Clear,46 TH CROSS RAJAJINAGARA,NEAR HOUSE,20,1.2943651,7.7579179,4,0,0.0,4.0
Bengaluru City,Rajajinagar Traffic PS,1.04432e+16,2016,1,2,Road Accidents,T Junction,City/Town,Open area,Human Error,No,Grievous Injury,Head on,No signal lights,Others,City or Town Road,Bitumen(Tar),Dry,Engineering Defect of Road,Clear,PIPELINE ROAD,NEAR TREE,40,13.005328,77.547417,4,0,0.0,4.0