DISTRICTNAME,UNITNAME,Crime_No,Year,RI,Noofvehicle_involved,Accident_Classification,Accident_Spot,Accident_Location,Accident_SubLocation,Main_Cause,Hit_Run,Severity,Collision_Type,Junction_Control,Road_Character,Road_Type,Surface_Type,Surface_Condition,Road_Condition,Weather,Accident_Road,Landmark_first,Distance_LandMark_First,Latitude,Longitude,Road_Condition_Score,Surface_Condition_Score,Surface_Type_Score,Road_Risk_Index
Bengaluru City,Rajajinagar Traffic PS,1.04432e+16,2016,1,1,Road Accidents,Junction,City/Town,Open area,Human Error,No,Grievous Injury,Head on,Uncontrolled,Gentle Incline or Climb,City or Town Road,Bitumen(Tar),Dry,Engineering Defect of Road,Clear,12 TH MAIN ML PURAM,NEAR POLL,10,0.0,0.0,4,0,0.0,4.0
Bengaluru City,Rajajinagar Traffic PS,1.04432e+16,2016,1,3,Road Accidents,Junction,City/Town,Open area,Human Error,No,Grievous Injury,Head on,Signal lights Manual,Others,City or Town Road,Bitumen(Tar),Dry,Engineering Defect of Road,Clear,near dr rajkumar road,NEAR KEB POLL,40,0.0,0.0,4,0,0.0,4.0
Bengaluru City,Rajajinagar Traffic PS,1.04432e+16,2016,1,1,Road Accidents,Narrow road,City/Town,Open area,Human Error,Yes,Grievous Injury,Hit pedestrian,No signal lights,Others,City or Town Road,Bitumen(Tar),Dry,Engineering Defect of Road,Clear,KRSHINANANDANAGARA,NEAR HOUSENO56,50,0.0,0.0,4,0,0.0,4.0
Bengaluru City,Rajajinagar Traffic PS,1.04432e+16,2016,1,2,Road Accidents,Circle,City/Town,In bazaar,Human Error,No,Damage Only,Rear end,Uncontrolled,Others,City or Town Road,Bitumen(Tar),Dry,Engineering Defect of Road,Clear,1 ST MAIN SRIKANTESHVARNAGARA,NEARSHOP,10,0.0,0.0,4,0,0.0,4.0
Bengaluru City,Rajajinagar Traffic PS,1.04432e+16,2016,1,1,Road Accidents,Other,City/Town,Near Bus stop,Human Error,No,Simple Injury,Others,No signal lights,Others,Others,Bitumen(Tar),Others,No influence on accident,Others,DR.RAJKUMAR ROAD,RAJKUMAR ROAD,1KM,0.0,0.0,0,1,0.0,1.0
Bengaluru City,Rajajinagar Traffic PS,1.04432e+16,2016,1,1,Road Accidents,Y Junction,City/Town,Near Bus stop,Human Error,Yes,Grievous Injury,Rear end,No signal lights,Others,Others,Bitumen(Tar),Others,No influence on accident,Others,KEMPEGOWDA LAYOUT,KEMPEGOWDA LAYOUT,3.5KM,0.0,0.0,0,1,0.0,1.0
Bengaluru City,Rajajinagar Traffic PS,1.04432e+16,2016,1,1,Road Accidents,Offset,City/Town,Near Bus stop,Human Error,No,Simple Injury,Others,No signal lights,Others,Others,Bitumen(Tar),Others,No influence on accident,Others,NANDINI LAYOUT RING ROAD,NANDINI LAYOUT RING ROAD,4.5KM,0.0,0.0,0,1,0.0,1.0
Bengaluru City,Rajajinagar Traffic PS,1.04432e+16,2016,1,2,Road Accidents,Narrow road,City/Town,Open area,Human Error,Yes,Simple Injury,Hit and Run,No signal lights,Others,City or Town Road,Bitumen(Tar),Dry,Engineering Defect of Road,Clear,MAHALAKSHMI LAYOUT,NEAR TREE,45,0.0,0.0,4,0,0.0,4.0
Bengaluru City,Rajajinagar Traffic PS,1.04432e+16,2016,1,2,Road Accidents,Circle,City/Town,Open area,Human Error,No,Damage Only,Head on,No signal lights,Others,City or Town Road,Bitumen(Tar),Dry,Engineering Defect of Road,Clear,15 TH CROSS J C NAGARA,NEAR KEB POLL,40,0.0,0.0,4,0,0.0,4.0
Bengaluru City,Rajajinagar Traffic PS,1.04432e+16,2016,1,2,Road Accidents,Circle,City/Town,Residential area,Human Error,No,Grievous Injury,Head on,No signal lights,Straight and flat,City or Town Road,Bitumen(Tar),Dry,Engineering Defect of Road,Clear,"1 ST MAIN, SECULAR ROAD",NEAR KEB POLL,29,13.021339,77.53063,4,0,0.0,4.0
Bengaluru City,Rajajinagar Traffic PS,1.04432e+16,2016,1,2,Road Accidents,T Junction,City/Town,Open area,Human Error,Yes,Grievous Injury,Head on,No signal lights,Straight and flat,City or Town Road,Bitumen(Tar),Dry,Engineering Defect of Road,Clear,NEAR 42 TH CROSS,NEAR KEB POLL,21,12.990098,77.558843,4,0,0.0,4.0
Bengaluru City,Rajajinagar Traffic PS,1.04432e+16,2016,1,2,Road Accidents,Circle,City/Town,Open area,Human Error,Yes,Grievous Injury,Hit and Run,No signal lights,Hump,City or Town Road,Bitumen(Tar),Dry,Engineering Defect of Road,Clear,GELEYARA BALAGA MAIN ROAD,NEAR BUS STOP,50,13.071208,77.506054,4,0,0.0,4.0
Bengaluru City,Rajajinagar Traffic PS,1.04432e+16,2016,1,3,Road Accidents,Cross roads,City/Town,Residential area,Human Error,Yes,Grievous Injury,Hit pedestrian,Not Applicable,Not Applicable,City or Town Road,Bitumen(Tar),Dry,Engineering Defect of Road,Clear,NEAR 9 TH CROSS NANDINI LAYOUT,NEAR HOUSE,30,0.0,0.0,4,0,0.0,4.0
Bengaluru City,Rajajinagar Traffic PS,1.04432e+16,2016,1,2,Road Accidents,Narrow road,City/Town,Open area,Human Error,Yes,Damage Only,Head on,Give way sign,Straight and flat,City or Town Road,Bitumen(Tar),Dry,Engineering Defect of Road,Clear,KANTEERAVA STUDIO MAIN ROAD,NEAR TREE,24,13.027954,77.632168,4,0,0.0,4.0
Bengaluru City,Rajajinagar Traffic PS,1.04432e+16,2016,1,1,Road Accidents,Narrow road,City/Town,Open area,Human Error,Yes,Grievous Injury,Hit pedestrian,No signal lights,Straight and flat,City or Town Road,Bitumen(Tar),Dry,Engineering Defect of Road,Clear,NANDINI LAYOUT,KEB POLL,41,13.02954,77.632168,4,0,0.0,4.0
Bengaluru City,Rajajinagar Traffic PS,1.04432e+16,2016,1,2,Road Accidents,Circle,City/Town,Near Hospital,Human Error,No,Damage Only,Others,Controlled,Others,City or Town Road,Bitumen(Tar),Dry,Engineering Defect of Road,Clear,19 TH MAIN RAJAJINAGARA,NEAR HOSPITAL,10,0.0,0.0,4,0,0.0,4.0
Bengaluru City,Rajajinagar Traffic PS,1.04432e+16,2016,1,2,Road Accidents,Narrow road,City/Town,Open area,Human Error,No,Damage Only,Rear end,No signal lights,Straight and flat,City or Town Road,Bitumen(Tar),Dry,Engineering Defect of Road,Clear,NANDINI LAYOUT RING ROAD,NEAR KEB POLL,40,0.0,0.0,4,0,0.0,4.0
Bengaluru City,Rajajinagar Traffic PS,1.04432e+16,2016,1,2,Road Accidents,Circle,City/Town,Open area,Human Error,Yes,Damage Only,Rear end,Not Applicable,Others,City or Town Road,Bitumen(Tar),Dry,Engineering Defect of Road,Clear,RING ROAD,NEAR KEBPOLL,50,0.0,0.0,4,0,0.0,4.0
Bengaluru City,Rajajinagar Traffic PS,1.04432e+16,2016,1,2,Road Accidents,Narrow road,City/Town,Open area,Human Error,No,Grievous Injury,Rear end,No signal lights,Straight and flat,City or Town Road,Bitumen(Tar),Dry,Engineering Defect of Road,Clear,NERA RING ROAD,NEAR KEB POLL,33,1.310887,7.7315317,4,0,0.0,4.0
Bengaluru City,Rajajinagar Traffic PS,1.04432e+16,2016,1,2,Road Accidents,Circle,City/Town,Near Bus stop,Human Error,No,Grievous Injury,Others,Uncontrolled,Others,City or Town Road,Bitumen(Tar),Dry,Engineering Defect of Road,Fine,SHANKAR NAGARA MAIN ROAD,NEAR KEB POLL,20,1.3017349,7.7539559,4,0,0.0,4.0
Bengaluru City,Rajajinagar Traffic PS,1.04432e+16,2017,1,2,Road Accidents,Junction,City/Town,Near Hospital,Human Error,No,Damage Only,Head on,Uncontrolled,Not Applicable,City or Town Road,Bitumen(Tar),Dry,Engineering Defect of Road,Clear,SONAL GARMENT,NEAR TEMAPLE,25,12.572123,77.40344,4,0,0.0,4.0
Bengaluru City,Rajajinagar Traffic PS,1.04432e+16,2017,1,1,Road Accidents,Cross roads,City/Town,Open area,Human Error,Yes,Simple Injury,Hit pedestrian,No signal lights,Straight and flat,City or Town Road,Bitumen(Tar),Dry,Not Applicable,Clear,NEAR PRAKASHANAGARA,NEAR  HOUSE,7,1.29926,7.7558,0,0,0.0,0.0
Bengaluru City,Rajajinagar Traffic PS,1.04432e+16,2017,1,1,Road Accidents,T Junction,City/Town,Open area,Human Error,No,Fatal,Hit pedestrian,No signal lights,Slight Curve,City or Town Road,Bitumen(Tar),Dry,Not Applicable,Clear,NEAR 11 TH MAIN,NEAR HOUSE,15,13.01383,77.32334,0,0,0.0,0.0
Bengaluru City,Rajajinagar Traffic PS,1.04432e+16,2017,1,2,Road Accidents,T Junction,City/Town,Open area,Human Error,No,Simple Injury,Rear end,No signal lights,Straight and flat,City or Town Road,Bitumen(Tar),Dry,Not Applicable,Clear,RAMA MANDIRA,NEAR STORE,11,1.2943651,7.7579179,0,0,0.0,0.0
Bengaluru City,Rajajinagar Traffic PS,1.04432e+16,2017,1,2,Road Accidents,T Junction,City/Town,Open area,Human Error,No,Damage Only,Side impact or Right angle,No signal lights,Straight and flat,City or Town Road,Bitumen(Tar),Dry,No influence on accident,Clear,LAGGERE CROSS,NEAR KEB POLL,30,1.2572123,7.740344,0,0,0.0,0.0
Bengaluru City,Rajajinagar Traffic PS,1.04432e+16,2017,1,3,Road Accidents,Circle,City/Town,Near Bus stop,Human Error,No,Simple Injury,Rear end,No signal lights,Straight and flat,City or Town Road,Bitumen(Tar),Dry,Not Applicable,Clear,NEAR RING ROAD,NEAR KEB POLL,10,1.304549,7.7322204,0,0,0.0,0.0
Bengaluru City,Rajajinagar Traffic PS,1.04432e+16,2017,1,1,Road Accidents,T Junction,City/Town,Open area,Human Error,Yes,Simple Injury,Side swipe,No signal lights,Straight and flat,City or Town Road,Bitumen(Tar),Dry,Not Applicable,Clear,RING ROAD,NEAR KEB POLL,6,1.310887,7.7315317,0,0,0.0,0.0
Bengaluru City,Rajajinagar Traffic PS,1.04432e+16,2017,1,2,Road Accidents,T Junction,City/Town,Near School or College,Human Error,No,Simple Injury,Head on,No signal lights,Straight and flat,City or Town Road,Bitumen(Tar),Dry,Not Applicable,Clear,NER KLE COLLAGE,NERA KEB POLL,10,1.2595127,7.7331802,0,0,0.0,0.0
Bengaluru City,Rajajinagar Traffic PS,1.04432e+16,2017,1,2,Road Accidents,T Junction,City/Town,Open area,Human Error,Yes,Fatal,Rear end,No signal lights,Straight and flat,City or Town Road,Bitumen(Tar),Dry,Not Applicable,Clear,NEAR RING ROAD,NEAR KEB POLL,7,1.30014,7.75268,0,0,0.0,0.0
Bengaluru City,Rajajinagar Traffic PS,1.04432e+16,2017,1,1,Road Accidents,Circle,City/Town,Open area,Human Error,No,Grievous Injury,Hit pedestrian,Controlled,Others,City or Town Road,Bitumen(Tar),Dry,Engineering Defect of Road,Clear,BASHYAN CIRCLE,NEAR MOBILSHOP,40,1.259488,7.7331517,4,0,0.0,4.0
Bengaluru City,Rajajinagar Traffic PS,1.04432e+16,2017,1,2,Road Accidents,T Junction,City/Town,Open area,Human Error,Yes,Simple Injury,Head on,No signal lights,Straight and flat,City or Town Road,Bitumen(Tar),Dry,Engineering Defect of Road,Clear,MAHALAKSHMI LAYOUT,NEAR TREE,31,1.304549,7.7322204,4,0,0.0,4.0
Bengaluru City,Rajajinagar Traffic PS,1.04432e+16,2017,1,2,Road Accidents,Circle,City/Town,Open area,Human Error,Yes,Simple Injury,Overturning,No signal lights,Gentle Incline or Climb,City or Town Road,Bitumen(Tar),Dry,Engineering Defect of Road,Clear,NEAR MAHALAKSHMI PURAM,NEAR KEB POLL,11,0.0,0.0,4,0,0.0,4.0
Bengaluru City,Rajajinagar Traffic PS,1.04432e+16,2017,1,2,Road Accidents,Bridge,City/Town,Open area,Human Error,No,Simple Injury,Rear end,No signal lights,Straight and flat,City or Town Road,Bitumen(Tar),Dry,Not Applicable,Clear,RING ROAD,NEAR TREE,14,1.2572123,7.740344,0,0,0.0,0.0
Bengaluru City,Rajajinagar Traffic PS,1.04432e+16,2017,1,2,Road Accidents,T Junction,City/Town,Open area,Human Error,No,Simple Injury,Head on,No signal lights,Straight and flat,City or Town Road,Bitumen(Tar),Dry,Not Applicable,Clear,SRS BAKEERY,NEAR VINAYAKA GOBI,10,1.302714,7.7313672,0,0,0.0,0.0
Bengaluru City,Rajajinagar Traffic PS,1.04432e+16,2017,1,1,Road Accidents,Y Junction,City/Town,Open area,Human Error,No,Grievous Injury,Hit pedestrian,Not Applicable,Others,City or Town Road,Bitumen(Tar),Dry,Engineering Defect of Road,Clear,NEAR 35 TH MAIN NANDINI LAYOUT,NEAR KANNADA BHAVUTA,37,1.302516,7.7315443,4,0,0.0,4.0
Bengaluru City,Rajajinagar Traffic PS,1.04432e+16,2017,1,2,Road Accidents,Circle,City/Town,Near Bus stop,Human Error,No,Damage Only,Not Applicable,Controlled,Others,City or Town Road,Bitumen(Tar),Dry,Engineering Defect of Road,Fine,SHANKAR NAGARA,NEAR BUS STOP,20,1.305145,7.732295,4,0,0.0,4.0
Bengaluru City,Rajajinagar Traffic PS,1.04432e+16,2017,1,2,Road Accidents,Circle,City/Town,Open area,Human Error,No,Simple Injury,Rear end,No signal lights,Straight and flat,City or Town Road,Bitumen(Tar),Dry,Engineering Defect of Road,Clear,NANDINI LAYOUT,NEAR FISHSTAL,45,1.31868,7.7323334,4,0,0.0,4.0
Bengaluru City,Rajajinagar Traffic PS,1.04432e+16,2017,1,2,Road Accidents,Circle,City/Town,Near Bus stop,Human Error,Yes,Fatal,Rear end,No signal lights,Straight and flat,City or Town Road,Bitumen(Tar),Dry,Not Applicable,Clear,NEAR NANDINI LAYOUT BUS STOP,NEAR KEB POLL,17,1.304263,7.7314285,0,0,0.0,0.0
Bengaluru City,Rajajinagar Traffic PS,1.04432e+16,2017,1,1,Road Accidents,Circle,City/Town,Open area,Human Error,Yes,Simple Injury,Hit pedestrian,No signal lights,Straight and flat,City or Town Road,Bitumen(Tar),Dry,Not Applicable,Clear,NEAR STUDIO ROAD,NEAR KEB POLL,34,12.572123,77.40344,0,0,0.0,0.0
Bengaluru City,Rajajinagar Traffic PS,1.04432e+16,2017,1,2,Road Accidents,Junction,City/Town,Open area,Human Error,No,Damage Only,Rear end,Signals (Working),Straight and flat,City or Town Road,Bitumen(Tar),Dry,Not Applicable,Clear,DR RAJ KUMAR ROAD,NEAR HOTEL,20,13.0139,77.332161,0,0,0.0,0.0
Bengaluru City,Rajajinagar Traffic PS,1.04432e+16,2017,1,2,Road Accidents,Round about or Circle,City/Town,Residential area,Human Error,No,Grievous Injury,Rear end,No signal lights,Others,City or Town Road,Bitumen(Tar),Dry,Engineering Defect of Road,Clear,PRAKASHNAGARA,NEAR TREE,21,0.0,0.0,4,0,0.0,4.0
Bengaluru City,Rajajinagar Traffic PS,1.04432e+16,2017,1,1,Road Accidents,Circle,City/Town,Open area,Human Error,No,Simple Injury,Others,No signal lights,Straight and flat,City or Town Road,Bitumen(Tar),Dry,Not Applicable,Clear,LAGGERE MAIN ROIAD,NERA COLLAGE,17,1.303634,7.7313799,0,0,0.0,0.0
Bengaluru City,Rajajinagar Traffic PS,1.04432e+16,2017,1,2,Road Accidents,Junction,City/Town,Near office complex,Human Error,No,Simple Injury,Rear end,Signal lights Automatic,Straight and flat,City or Town Road,Bitumen(Tar),Dry,Engineering Defect of Road,Clear,DR.RAJKUMAR ROAD,NEAR KEB POLL,8,1.30139,7.7332161,4,0,0.0,4.0
Bengaluru City,Rajajinagar Traffic PS,1.04432e+16,2017,1,1,Road Accidents,Circle,City/Town,Open area,Human Error,No,Simple Injury,Hit pedestrian,No signal lights,Straight and flat,City or Town Road,Bitumen(Tar),Dry,Not Applicable,Clear,NEAR LAGGERE CIRCLE,NEAR BHAGATH SING  KANNADA BAVUTA,5,1.302714,7.7313672,0,0,0.0,0.0
Bengaluru City,Rajajinagar Traffic PS,1.04432e+16,2017,1,2,Road Accidents,Junction,City/Town,Near Bus stop,Human Error,No,Fatal,Overturning,No signal lights,Straight and flat,City or Town Road,Bitumen(Tar),Dry,Engineering Defect of Road,Clear,KANTEERAVA STUDIO ROAD,NEAR TREE,4,13.10887,77.315317,4,0,0.0,4.0
Bengaluru City,Rajajinagar Traffic PS,1.04432e+16,2017,1,2,Road Accidents,Circle,City/Town,Open area,Human Error,Yes,Simple Injury,Rear end,No signal lights,Straight and flat,City or Town Road,Bitumen(Tar),Dry,Not Applicable,Clear,NEAR SHANKAR NAGAR,NEAR KEB PO,18,13.05644,77.323178,0,0,0.0,0.0
Bengaluru City,Rajajinagar Traffic PS,1.04432e+16,2017,1,2,Road Accidents,T Junction,City/Town,Near Bus stop,Human Error,Yes,Grievous Injury,Head on,No signal lights,Straight and flat,City or Town Road,Bitumen(Tar),Dry,Engineering Defect of Road,Clear,NANDINI LAYOUT ROAD,NEAR KEB POLL,27,1.30402,7.7322274,4,0,0.0,4.0
Bengaluru City,Rajajinagar Traffic PS,1.04432e+16,2017,1,2,Road Accidents,Circle,City/Town,Near a factory industrial area,Human Error,No,Fatal,Hit pedestrian,No signal lights,Straight and flat,City or Town Road,Bitumen(Tar),Dry,Not Applicable,Clear,NEAR KEMPAMMA LAYOUT,NEAR FACTORY,6,13.11287,77.313183,0,0,0.0,0.0
Bengaluru City,Rajajinagar Traffic PS,1.04432e+16,2017,1,2,Road Accidents,Bridge,City/Town,Open area,Human Error,No,Simple Injury,Head on,No signal lights,Straight and flat,City or Town Road,Bitumen(Tar),Dry,Engineering Defect of Road,Clear,DR RAJKUMAR ROAD,NEAR  STAR BAZAR,14,12.591173,77.331957,4,0,0.0,4.0
Bengaluru City,Rajajinagar Traffic PS,1.04432e+16,2017,1,1,Road Accidents,Circle,City/Town,Near Bus stop,Human Error,No,Simple Injury,Hit pedestrian,No signal lights,Straight and flat,City or Town Road,Bitumen(Tar),Dry,Not Applicable,Clear,NEAR LAGGERE,NEAR BUS STOP,15,1.310887,7.7315317,0,0,0.0,0.0
Bengaluru City,Rajajinagar Traffic PS,1.04432e+16,2017,1,2,Road Accidents,Junction,City/Town,Open area,Human Error,No,Simple Injury,Rear end,No signal lights,Straight and flat,City or Town Road,Bitumen(Tar),Dry,Not Applicable,Clear,NEAR S P POLES,NEAR  HOPSPITAL,30,1.31868,7.7323334,0,0,0.0,0.0
Bengaluru City,Rajajinagar Traffic PS,1.04432e+16,2017,1,2,Road Accidents,Circle,City/Town,Open area,Human Error,Yes,Simple Injury,Rear end,No signal lights,Straight and flat,City or Town Road,Bitumen(Tar),Dry,Not Applicable,Clear,NEAR FTI CRICLE,NEAR TEMPLE,30,1.302714,7.7313672,0,0,0.0,0.0
Bengaluru City,Rajajinagar Traffic PS,1.04432e+16,2017,1,2,Road Accidents,Circle,City/Town,Near School or College,Human Error,Yes,Simple Injury,Rear end,No signal lights,Straight and flat,City or Town Road,Bitumen(Tar),Dry,Not Applicable,Clear,NEAR S G INTRANATION SCOOL,NERA HOME,10,13.1768,77.321271,0,0,0.0,0.0
Bengaluru City,Rajajinagar Traffic PS,1.04432e+16,2017,1,1,Road Accidents,Circle,City/Town,Open area,Human Error,No,Grievous Injury,Hit pedestrian,Signal lights Manual,Others,City or Town Road,Bitumen(Tar),Dry,Not Applicable,Clear,Near HDFC Bank,Near Bank,20,1.259488,7.7331517,0,0,0.0,0.0
Bengaluru City,Rajajinagar Traffic PS,1.04432e+16,2017,1,2,Road Accidents,Bridge,City/Town,Narrow bridge or culverts,Human Error,No,Simple Injury,Rear end,Police / Manual,Straight and flat,City or Town Road,Bitumen(Tar),Dry,Engineering Defect of Road,Clear,RING ROAD,NEAR KEB POLL,36,1.305418,7.7322211,4,0,0.0,4.0
Bengaluru City,Rajajinagar Traffic PS,1.04432e+16,2017,1,2,Road Accidents,Circle,City/Town,Open area,Human Error,Yes,Fatal,Drowned,No signal lights,Straight and flat,City or Town Road,Bitumen(Tar),Dry,Not Applicable,Clear,NANDINI LAYOUT,NERA TREE,6,1.31868,7.7323334,0,0,0.0,0.0
Bengaluru City,Rajajinagar Traffic PS,1.04432e+16,2017,1,1,Road Accidents,T Junction,City/Town,Open area,Human Error,No,Simple Injury,Hit pedestrian,No signal lights,Straight and flat,City or Town Road,Bitumen(Tar),Dry,Not Applicable,Clear,NEAR J C NAGARA,NEAR PARAK,2,13.0894,77.315485,0,0,0.0,0.0
Bengaluru City,Rajajinagar Traffic PS,1.04432e+16,2017,1,2,Road Accidents,Junction,City/Town,Open area,Human Error,No,Simple Injury,Rear end,No signal lights,Straight and flat,City or Town Road,Bitumen(Tar),Dry,Not Applicable,Clear,NANDINI LAYOUT,NEAR TREE,9,1.2973584,7.75741,0,0,0.0,0.0
Bengaluru City,Rajajinagar Traffic PS,1.04432e+16,2017,1,2,Road Accidents,Circle,City/Town,Open area,Human Error,No,Damage Only,Rear end,No signal lights,Straight and flat,City or Town Road,Bitumen(Tar),Dry,Not Applicable,Clear,NERA RING ROAD,NEAR KEB POLL,30,1.2572123,7.740344,0,0,0.0,0.0
Bengaluru City,Rajajinagar Traffic PS,1.04432e+16,2017,1,2,Road Accidents,Circle,City/Town,Near Hospital,Human Error,Yes,Grievous Injury,Rear end,No signal lights,Straight and flat,City or Town Road,Bitumen(Tar),Dry,Engineering Defect of Road,Clear,DR.RAJKUMAR ROAD,NEAR TREE,19,1.2593721,7.7332165,4,0,0.0,4.0
Bengaluru City,Rajajinagar Traffic PS,1.04432e+16,2017,1,2,Road Accidents,Circle,City/Town,Open area,Human Error,Yes,Fatal,Hit and Run,No signal lights,Straight and flat,City or Town Road,Bitumen(Tar),Dry,Not Applicable,Fine,KEMPEGOWDA ARCHA,NEAR KEB POLL,33,1.303634,7.7313799,0,0,0.0,0.0
Bengaluru City,Rajajinagar Traffic PS,1.04432e+16,2017,1,2,Road Accidents,T Junction,City/Town,Open area,Human Error,No,Simple Injury,Rear end,No signal lights,Straight and flat,City or Town Road,Bitumen(Tar),Dry,Not Applicable,Clear,NEAR NANDINI LAYOUT,NEAR KEB POLL,10,1.304549,7.7322204,0,0,0.0,0.0
Bengaluru City,Rajajinagar Traffic PS,1.04432e+16,2017,1,2,Road Accidents,T Junction,City/Town,Open area,Human Error,No,Simple Injury,Rear end,No signal lights,Straight and flat,City or Town Road,Bitumen(Tar),Dry,Not Applicable,Clear,KRSHINANANDA NAGARA MAIN RD,NEAR KEB POLL,7,1.31868,7.7323334,0,0,0.0,0.0
Bengaluru City,Rajajinagar Traffic PS,1.04432e+16,2017,1,2,Road Accidents,T Junction,City/Town,Open area,Human Error,No,Simple Injury,Rear end,No signal lights,Straight and flat,City or Town Road,Bitumen(Tar),Dry,Not Applicable,Clear,NEAR RING ROAD,NEAR KEB POLL,18,1.30014,7.75268,0,0,0.0,0.0
Bengaluru City,Rajajinagar Traffic PS,1.04432e+16,2017,1,2,Road Accidents,T Junction,City/Town,Open area,Human Error,No,Simple Injury,Rear end,Signals (Working),Straight and flat,City or Town Road,Bitumen(Tar),Dry,Not Applicable,Clear,DR RAJKUMAR ROAD,NAER KEB POLL,13,13.0139,77.332161,0,0,0.0,0.0
Bengaluru City,Rajajinagar Traffic PS,1.04432e+16,2017,1,1,Road Accidents,Narrow road,City/Town,Open area,Human Error,Yes,Simple Injury,Head on,No signal lights,Straight and flat,City or Town Road,Bitumen(Tar),Dry,Engineering Defect of Road,Clear,NANDINI LAYOUT,NEAR TREE,9,12.572123,77.40344,4,0,0.0,4.0
Bengaluru City,Rajajinagar Traffic PS,1.04432e+16,2017,1,2,Road Accidents,Other,City/Town,Near Hospital,Human Error,No,Damage Only,Hit parked vehicle,Not Applicable,Others,City or Town Road,Bitumen(Tar),Dry,Engineering Defect of Road,Clear,NEAR ESI HOSPITAL,NEAR TEMPLE,45,1.29887578,7.7553482,4,0,0.0,4.0
Bengaluru City,Rajajinagar Traffic PS,1.04432e+16,2017,1,2,Road Accidents,Bridge,City/Town,Open area,Human Error,Yes,Simple Injury,Rear end,No signal lights,Straight and flat,City or Town Road,Bitumen(Tar),Dry,Not Applicable,Clear,NEAR LAGGERE BRIDGE,NERA KEB POLL,33,1.303634,7.7313799,0,0,0.0,0.0
Bengaluru City,Rajajinagar Traffic PS,1.04432e+16,2017,1,2,Road Accidents,Circle,City/Town,Open area,Human Error,Yes,Simple Injury,Rear end,No signal lights,Straight and flat,City or Town Road,Bitumen(Tar),Dry,Not Applicable,Clear,NEAR LAGGERE,NEAR KEB POLL,13,1.302714,7.7313672,0,0,0.0,0.0
Bengaluru City,Rajajinagar Traffic PS,1.04432e+16,2017,1,1,Road Accidents,T Junction,City/Town,Open area,Human Error,No,Fatal,Hit pedestrian,No signal lights,Straight and flat,City or Town Road,Bitumen(Tar),Dry,Not Applicable,Clear,Near laggere ring road,near keb poll,26,1.300561,7.752695,0,0,0.0,0.0
Bengaluru City,Rajajinagar Traffic PS,1.04432e+16,2017,1,1,Road Accidents,Circle,City/Town,Open area,Human Error,No,Simple Injury,Hit pedestrian,No signal lights,Straight and flat,City or Town Road,Bitumen(Tar),Dry,Not Applicable,Clear,NEAR NANDINI LAYOUT,NEARTREE,25,12.572123,77.40344,0,0,0.0,0.0
Bengaluru City,Rajajinagar Traffic PS,1.04432e+16,2017,1,1,Road Accidents,Y Junction,City/Town,Open area,Human Error,No,Simple Injury,Rear end,No signal lights,Straight and flat,City or Town Road,Bitumen(Tar),Dry,Engineering Defect of Road,Clear,ring road,near keb poll,4,13.001453,77.525079,4,0,0.0,4.0
Bengaluru City,Rajajinagar Traffic PS,1.04432e+16,2017,1,1,Road Accidents,Circle,City/Town,Open area,Human Error,Yes,Simple Injury,Hit pedestrian,No signal lights,Straight and flat,City or Town Road,Bitumen(Tar),Dry,Not Applicable,Clear,NEAR RING ROAD,NEAR TREE,10,13.008836,77.527092,0,0,0.0,0.0
Bengaluru City,Rajajinagar Traffic PS,1.04432e+16,2017,1,2,Road Accidents,T Junction,City/Town,Open area,Human Error,Yes,Simple Injury,Hit and Run,No signal lights,Others,City or Town Road,Bitumen(Tar),Dry,Engineering Defect of Road,Clear,SARSVTHIPURAM,NEAR KEB POLL,19,0.0,0.0,4,0,0.0,4.0
Bengaluru City,Rajajinagar Traffic PS,1.04432e+16,2017,1,1,Road Accidents,Curves,City/Town,Open area,Human Error,Yes,Simple Injury,Hit pedestrian,No signal lights,Curve,City or Town Road,Bitumen(Tar),Dry,Engineering Defect of Road,Clear,woc road,NEAR MALL,30,1.311246,7.7325313,4,0,0.0,4.0
Bengaluru City,Rajajinagar Traffic PS,1.04432e+16,2017,1,2,Road Accidents,Circle,City/Town,Near office complex,Human Error,No,Simple Injury,Run Off Road,No signal lights,Straight and flat,City or Town Road,Bitumen(Tar),Dry,Engineering Defect of Road,Clear,DR RAJKUMAR ROAD,NEAR SHOWROOM,29,1.2593721,7.7332165,4,0,0.0,4.0
Bengaluru City,Rajajinagar Traffic PS,1.04432e+16,2017,1,1,Road Accidents,T Junction,City/Town,Open area,Human Error,Yes,Simple Injury,Hit pedestrian,No signal lights,Straight and flat,City or Town Road,Bitumen(Tar),Dry,Not Applicable,Clear,NEAR RAJ  KUMAR ROAD,KEB POLL,30,1.30139,7.7332161,0,0,0.0,0.0
Bengaluru City,Rajajinagar Traffic PS,1.04432e+16,2017,1,1,Road Accidents,T Junction,City/Town,Open area,Human Error,Yes,Simple Injury,Hit pedestrian,No signal lights,Straight and flat,City or Town Road,Bitumen(Tar),Dry,Not Applicable,Clear,NEAR KEMAPE GOWDA ARCHA,NEAR TREE,10,13.009346,77.526715,0,0,0.0,0.0
Bengaluru City,Rajajinagar Traffic PS,1.04432e+16,2017,1,2,Road Accidents,Curves,City/Town,Open area,Human Error,No,Simple Injury,Head on,No signal lights,Curve,City or Town Road,Bitumen(Tar),Dry,Engineering Defect of Road,Clear,NEAR SHANKAR NAGARA MAIN ROAD,NEAR TREE,19,1.8523819,7.395453,4,0,0.0,4.0