DISTRICTNAME,UNITNAME,Crime_No,Year,RI,Noofvehicle_involved,Accident_Classification,Accident_Spot,Accident_Location,Accident_SubLocation,Main_Cause,Hit_Run,Severity,Collision_Type,Junction_Control,Road_Character,Road_Type,Surface_Type,Surface_Condition,Road_Condition,Weather,Accident_Road,Landmark_first,Distance_LandMark_First,Latitude,Longitude,Road_Condition_Score,Surface_Condition_Score,Surface_Type_Score,Road_Risk_Index
Bengaluru City,Rajajinagar Traffic PS,1.04432e+16,2017,1,2,Road Accidents,Circle,City/Town,Near School or College,Human Error,Yes,Grievous Injury,Hit and Run,No signal lights,Others,City or Town Road,Bitumen(Tar),Dry,Engineering Defect of Road,Clear,BLUE DART OFFICE,NEAR KEB POLL,19,38.573379,95.155573,4,0,0.0,4.0
Bengaluru City,Rajajinagar Traffic PS,1.04432e+16,2017,1,1,Road Accidents,T Junction,City/Town,Open area,Human Error,Yes,Grievous Injury,Hit pedestrian,No signal lights,Straight and flat,City or Town Road,Bitumen(Tar),Dry,Engineering Defect of Road,Clear,NEAR CITI HOSPITAL RAJAJINAGARA,NEAR TREE,30,1.2943651,7.7579179,4,0,0.0,4.0
Bengaluru City,Rajajinagar Traffic PS,1.04432e+16,2017,1,2,Road Accidents,T Junction,City/Town,Open area,Human Error,No,Simple Injury,Head on,No signal lights,Straight and flat,City or Town Road,Bitumen(Tar),Dry,Not Applicable,Clear,GANAPATHI  ROAD,NEAR MARUTHI MOBLIE,30,1.302262,7.7322514,0,0,0.0,0.0
Bengaluru City,Rajajinagar Traffic PS,1.04432e+16,2017,1,4,Road Accidents,Narrow road,City/Town,Near Hospital,Human Error,No,Simple Injury,Rear end,No signal lights,Straight and flat,City or Town Road,Bitumen(Tar),Dry,Engineering Defect of Road,Clear,WOC ROAD,NEAR TREE,10,1.29994,7.75455,4,0,0.0,4.0
Bengaluru City,Rajajinagar Traffic PS,1.04432e+16,2017,1,2,Road Accidents,Junction,City/Town,Open area,Human Error,Yes,Fatal,Rear end,No signal lights,Straight and flat,City or Town Road,Bitumen(Tar),Dry,Not Applicable,Clear,JALAHALLI MAIN RD,NEAR KEB POLL,16,13.0220708,77.5244444,0,0,0.0,0.0
Bengaluru City,Rajajinagar Traffic PS,1.04432e+16,2017,1,1,Road Accidents,Circle,City/Town,Near Bus stop,Human Error,No,Simple Injury,Hit pedestrian,No signal lights,Straight and flat,City or Town Road,Bitumen(Tar),Dry,Not Applicable,Clear,NANDINI LAYOUT,NEAR KEB POLL,35,1.30014,7.75268,0,0,0.0,0.0
Bengaluru City,Rajajinagar Traffic PS,1.04432e+16,2017,1,1,Road Accidents,T Junction,City/Town,Open area,Human Error,No,Fatal,Hit pedestrian,No signal lights,Straight and flat,City or Town Road,Bitumen(Tar),Dry,Not Applicable,Clear,12 TH MAIN,NEAR TREE,8,1.298488477,7.75541522,0,0,0.0,0.0
Bengaluru City,Rajajinagar Traffic PS,1.04432e+16,2017,1,1,Road Accidents,Y Junction,City/Town,Open area,Human Error,Yes,Simple Injury,Hit pedestrian,No signal lights,Straight and flat,City or Town Road,Bitumen(Tar),Dry,Not Applicable,Clear,NEAR NANDINI PS,NEAR TREE,7,1.304549,7.7322204,0,0,0.0,0.0
Bengaluru City,Rajajinagar Traffic PS,1.04432e+16,2017,1,2,Road Accidents,Y Junction,City/Town,Open area,Human Error,Yes,Fatal,Head on,No signal lights,Straight and flat,City or Town Road,Bitumen(Tar),Dry,Engineering Defect of Road,Clear,NERA RONG ROAD,NEAR SPOORTHI MTORS,32,13.003959,77.526298,4,0,0.0,4.0
Bengaluru City,Rajajinagar Traffic PS,1.04432e+16,2017,1,2,Road Accidents,Circle,City/Town,Near Bus stop,Human Error,No,Simple Injury,Head on,No signal lights,Straight and flat,City or Town Road,Bitumen(Tar),Dry,Not Applicable,Clear,NEAR RING ROAD,NEAR KEB POLL,17,1.305418,7.7322211,0,0,0.0,0.0
Bengaluru City,Rajajinagar Traffic PS,1.04432e+16,2017,1,2,Road Accidents,T Junction,City/Town,In bazaar,Human Error,Yes,Simple Injury,Overturning,No signal lights,Straight and flat,City or Town Road,Bitumen(Tar),Dry,Engineering Defect of Road,Fine,NEAR PRAKASH NAGARA,NEAR KEB POLL,14,0.0,0.0,4,0,0.0,4.0
Bengaluru City,Rajajinagar Traffic PS,1.04432e+16,2017,1,2,Road Accidents,Bridge,City/Town,Near Bus stop,Human Error,No,Simple Injury,Head on,No signal lights,Straight and flat,City or Town Road,Bitumen(Tar),Dry,Engineering Defect of Road,Fine,KANTEERAVA STUDIO ROAD,NEAR KEB POLL,21,1.2572123,7.740344,4,0,0.0,4.0
Bengaluru City,Rajajinagar Traffic PS,1.04432e+16,2017,1,2,Road Accidents,Junction,City/Town,Open area,Human Error,Yes,Simple Injury,Rear end,Signals (Working),Straight and flat,City or Town Road,Bitumen(Tar),Dry,Not Applicable,Clear,BHASHYAM CIRCLE,NEAR HOTEL,30,1.259488,7.7331517,0,0,0.0,0.0
Bengaluru City,Rajajinagar Traffic PS,1.04432e+16,2017,1,2,Road Accidents,Circle,City/Town,Open area,Human Error,Yes,Fatal,Right Turn Collision,No signal lights,Straight and flat,City or Town Road,Bitumen(Tar),Dry,Not Applicable,Clear,12 TH MAIN,NEAR KEB POLL,40,1.259488,7.7331517,0,0,0.0,0.0
Bengaluru City,Rajajinagar Traffic PS,1.04432e+16,2017,1,1,Road Accidents,Circle,City/Town,Open area,Human Error,Yes,Simple Injury,Hit pedestrian,No signal lights,Straight and flat,City or Town Road,Bitumen(Tar),Dry,Not Applicable,Clear,NEAR RINGA ROAD,NEAR  BUS STOP,33,1.310887,7.7315317,0,0,0.0,0.0
Bengaluru City,Rajajinagar Traffic PS,1.04432e+16,2017,1,2,Road Accidents,Circle,City/Town,Open area,Human Error,Yes,Simple Injury,Rear end,No signal lights,Straight and flat,City or Town Road,Bitumen(Tar),Dry,Not Applicable,Clear,NEAR KANTEERAVA STUDIO ROAD,NEAR TREE,16,1.31868,7.7323334,0,0,0.0,0.0
Bengaluru City,Rajajinagar Traffic PS,1.04432e+16,2017,1,2,Road Accidents,Y Junction,City/Town,Open area,Human Error,Yes,Fatal,Hit pedestrian,No signal lights,Straight and flat,City or Town Road,Bitumen(Tar),Dry,Not Applicable,Clear,NEAR SHANKAR NAGARA,NEAR KEB POLL,14,13.05423,77.32378,0,0,0.0,0.0
Bengaluru City,Rajajinagar Traffic PS,1.04432e+16,2017,1,2,Road Accidents,Other,City/Town,Near Bus stop,Human Error,No,Grievous Injury,Head on,Uncontrolled,Others,City or Town Road,Bitumen(Tar),Dry,Engineering Defect of Road,Clear,RING ROAD NANDINI LAYOUT,NEAR KEB POLL,20,1.2572123,7.740344,4,0,0.0,4.0
Bengaluru City,Rajajinagar Traffic PS,1.04432e+16,2017,1,2,Road Accidents,Circle,City/Town,Open area,Human Error,No,Grievous Injury,Head on,Signal lights Automatic,Straight and flat,City or Town Road,Bitumen(Tar),Dry,Engineering Defect of Road,Clear,DR RAJKUMAR ROAD,NEAR HOTEL,21,1.30036,7.733195,4,0,0.0,4.0
Bengaluru City,Rajajinagar Traffic PS,1.04432e+16,2017,1,2,Road Accidents,T Junction,City/Town,Near office complex,Human Error,Yes,Grievous Injury,Overturning,No signal lights,Curve,City or Town Road,Bitumen(Tar),Dry,Engineering Defect of Road,Clear,DR RAJKUMAR ROAD,NEAR TREE,37,0.0,0.0,4,0,0.0,4.0
Bengaluru City,Rajajinagar Traffic PS,1.04432e+16,2017,1,1,Road Accidents,T Junction,City/Town,Residential area,Human Error,Yes,Simple Injury,Hit pedestrian,No signal lights,Straight and flat,City or Town Road,Bitumen(Tar),Dry,Not Applicable,Clear,LAGGERE,NEAR WATER TANK,13,1.304549,7.7322204,0,0,0.0,0.0
Bengaluru City,Rajajinagar Traffic PS,1.04432e+16,2017,1,1,Road Accidents,Circle,City/Town,Near Bus stop,Human Error,Yes,Simple Injury,Hit pedestrian,No signal lights,Straight and flat,City or Town Road,Bitumen(Tar),Dry,Not Applicable,Clear,NEAR RING ROAD,NEAR KEB POLL,36,1.311669,7.7315035,0,0,0.0,0.0
Bengaluru City,Rajajinagar Traffic PS,1.04432e+16,2017,1,2,Road Accidents,Circle,City/Town,Open area,Human Error,No,Damage Only,Rear end,No signal lights,Straight and flat,City or Town Road,Bitumen(Tar),Dry,Not Applicable,Clear,RING ROAD,NEAR KEB POLL,10,13.05418,77.7322211,0,0,0.0,0.0
Bengaluru City,Rajajinagar Traffic PS,1.04432e+16,2017,1,1,Road Accidents,Rail Crossing manned,City/Town,Residential area,Human Error,No,Grievous Injury,Hit pedestrian,Not Applicable,Others,City or Town Road,Bitumen(Tar),Dry,Engineering Defect of Road,Clear,nandini layout,near park,30,12.572123,77.40344,4,0,0.0,4.0
Bengaluru City,Rajajinagar Traffic PS,1.04432e+16,2017,1,1,Road Accidents,T Junction,City/Town,Open area,Human Error,Yes,Simple Injury,Hit pedestrian,No signal lights,Straight and flat,City or Town Road,Bitumen(Tar),Dry,Not Applicable,Clear,NEAR SARASWATHI PURA MAIN ROAD,NEAR  TEMPLE,10,1.303197,7.7322352,0,0,0.0,0.0
Bengaluru City,Rajajinagar Traffic PS,1.04432e+16,2017,1,1,Road Accidents,Bridge,City/Town,Open area,Human Error,Yes,Simple Injury,Hit pedestrian,No signal lights,Straight and flat,City or Town Road,Bitumen(Tar),Dry,Not Applicable,Clear,NEAR LAGGERE,NEAR KEB POLL,5,1.302714,7.7313672,0,0,0.0,0.0
Bengaluru City,Rajajinagar Traffic PS,1.04432e+16,2017,1,1,Road Accidents,Circle,City/Town,Open area,Human Error,Yes,Simple Injury,Hit pedal cyclist,No signal lights,Straight and flat,City or Town Road,Bitumen(Tar),Dry,Not Applicable,Clear,NEAR VATAL NAGARAJ ROAD,NEAR TREE,11,1.259983,7.7332192,0,0,0.0,0.0
Bengaluru City,Rajajinagar Traffic PS,1.04432e+16,2017,1,1,Road Accidents,T Junction,City/Town,Open area,Human Error,No,Simple Injury,Hit pedestrian,No signal lights,Straight and flat,City or Town Road,Bitumen(Tar),Dry,Not Applicable,Clear,NEAR NANDINI LAYOUT,NEAR TREE,18,13.014414,77.538733,0,0,0.0,0.0
Bengaluru City,Rajajinagar Traffic PS,1.04432e+16,2017,1,1,Road Accidents,Circle,City/Town,Open area,Human Error,Yes,Simple Injury,Hit pedestrian,No signal lights,Straight and flat,City or Town Road,Bitumen(Tar),Dry,Not Applicable,Clear,RAJAJAINAGARA,NEAR HOTEL,10,12.997534,77.554282,0,0,0.0,0.0
Bengaluru City,Rajajinagar Traffic PS,1.04432e+16,2018,1,1,Road Accidents,Culvert,City/Town,Open area,Human Error,No,Simple Injury,Hit pedestrian,No signal lights,Straight and flat,City or Town Road,Bitumen(Tar),Dry,Not Applicable,Clear,NEAR RING ROAD,NEAR KEB POLL,10,13.01452,77.53064,0,0,0.0,0.0
Bengaluru City,Rajajinagar Traffic PS,1.04432e+16,2018,1,2,Road Accidents,Junction,City/Town,Open area,Human Error,Yes,Simple Injury,Rear end,No signal lights,Straight and flat,City or Town Road,Bitumen(Tar),Dry,Not Applicable,Clear,NEAR 41 TH CROSS,NEAR KEB POLL,38,12.594166,77.194394,0,0,0.0,0.0
Bengaluru City,Rajajinagar Traffic PS,1.04432e+16,2018,1,2,Road Accidents,Circle,City/Town,Open area,Human Error,Yes,Fatal,Right Turn Collision,No signal lights,Straight and flat,City or Town Road,Bitumen(Tar),Dry,No influence on accident,Clear,NEAR OM TIMBAR SHOP,NEAR TREE,16,12.572123,77.40344,0,0,0.0,0.0
Bengaluru City,Rajajinagar Traffic PS,1.04432e+16,2018,1,2,Road Accidents,Circle,City/Town,Open area,Human Error,Yes,Simple Injury,Rear end,No signal lights,Straight and flat,City or Town Road,Bitumen(Tar),Dry,Not Applicable,Clear,NEAR FTI,NEAR KEB POLL,15,13.05418,77.322211,0,0,0.0,0.0
Bengaluru City,Rajajinagar Traffic PS,1.04432e+16,2018,1,2,Road Accidents,Bridge,City/Town,Open area,Human Error,Yes,Simple Injury,Rear end,No signal lights,Straight and flat,City or Town Road,Bitumen(Tar),Dry,Not Applicable,Clear,NEAR NANDINI LAYOUT,NAEAR KEB POLL,10,13.05418,77.322211,0,0,0.0,0.0
Bengaluru City,Rajajinagar Traffic PS,1.04432e+16,2018,1,2,Road Accidents,Cross roads,City/Town,Residential area,Human Error,Yes,Simple Injury,Rear end,No signal lights,Straight and flat,City or Town Road,Bitumen(Tar),Dry,Not Applicable,Clear,NEAR NANDINI LAYOUT,NEAR TREE,15,13.04549,77.322204,0,0,0.0,0.0
Bengaluru City,Rajajinagar Traffic PS,1.04432e+16,2018,1,2,Road Accidents,Circle,City/Town,Residential area,Human Error,No,Simple Injury,Head on,No signal lights,Straight and flat,City or Town Road,Bitumen(Tar),Dry,No influence on accident,Clear,NAEA NANDINI LAYOUT,NEAR HOUSE,8,13.04549,77.322204,0,0,0.0,0.0
Bengaluru City,Rajajinagar Traffic PS,1.04432e+16,2018,1,1,Road Accidents,Cross roads,City/Town,Open area,Human Error,No,Simple Injury,Hit pedestrian,No signal lights,Straight and flat,City or Town Road,Bitumen(Tar),Dry,Not Applicable,Clear,NEAR NANDINI LAYOUT,KEB POLL A,28,13.1868,77.323334,0,0,0.0,0.0
Bengaluru City,Rajajinagar Traffic PS,1.04432e+16,2018,1,1,Road Accidents,Circle,City/Town,Open area,Human Error,Yes,Simple Injury,Hit animal,No signal lights,Straight and flat,City or Town Road,Bitumen(Tar),Dry,Not Applicable,Clear,J C NAGARA,NEAR TREE,5,0.13000349,0.77320994,0,0,0.0,0.0
Bengaluru City,Rajajinagar Traffic PS,1.04432e+16,2018,1,2,Road Accidents,Cross roads,City/Town,Open area,Human Error,No,Simple Injury,Head on,No signal lights,Straight and flat,City or Town Road,Bitumen(Tar),Dry,Not Applicable,Clear,LAGGERE RING RD,NEAR KEB POLL,11,13.02714,77.313672,0,0,0.0,0.0
Bengaluru City,Rajajinagar Traffic PS,1.04432e+16,2018,1,1,Road Accidents,T Junction,City/Town,Open area,Human Error,No,Grievous Injury,Hit pedestrian,No signal lights,Straight and flat,City or Town Road,Bitumen(Tar),Dry,No influence on accident,Clear,41 TH CROSS RJN,NEAR TREE,59,12.591524,77.331242,0,0,0.0,0.0
Bengaluru City,Rajajinagar Traffic PS,1.04432e+16,2018,1,1,Road Accidents,Circle,City/Town,Open area,Human Error,No,Simple Injury,Hit pedestrian,No signal lights,Straight and flat,City or Town Road,Bitumen(Tar),Dry,Not Applicable,Clear,J C NAGARA,NEAR TREE,30,13.01597,77.32013,0,0,0.0,0.0
Bengaluru City,Rajajinagar Traffic PS,1.04432e+16,2018,1,2,Road Accidents,Circle,City/Town,Open area,Human Error,No,Fatal,Rear end,No signal lights,Straight and flat,City or Town Road,Bitumen(Tar),Dry,Not Applicable,Clear,KEMPEGOWDA ARCH,NEAR  KEB POLL,6,13.0014,77.5268,0,0,0.0,0.0
Bengaluru City,Rajajinagar Traffic PS,1.04432e+16,2018,1,1,Road Accidents,T Junction,City/Town,Open area,Human Error,Yes,Fatal,Hit and Run,No signal lights,Straight and flat,City or Town Road,Bitumen(Tar),Dry,Not Applicable,Clear,NEAR RING ROAD,NEAR KEB POLL,4,1.305418,7.7322211,0,0,0.0,0.0
Bengaluru City,Rajajinagar Traffic PS,1.04432e+16,2018,1,1,Road Accidents,T Junction,City/Town,Near Bus stop,Human Error,Yes,Simple Injury,Hit pedestrian,No signal lights,Straight and flat,City or Town Road,Bitumen(Tar),Dry,No influence on accident,Clear,NANDINI LAYOUT,NEAR TREE,16,1.303197,7.7322211,0,0,0.0,0.0
Bengaluru City,Rajajinagar Traffic PS,1.04432e+16,2018,1,2,Road Accidents,T Junction,City/Town,Open area,Human Error,Yes,Simple Injury,Rear end,No signal lights,Straight and flat,City or Town Road,Bitumen(Tar),Dry,Not Applicable,Clear,NEAR RING ROAD,NEAR KEB POLL,9,12.572123,77.40344,0,0,0.0,0.0
Bengaluru City,Rajajinagar Traffic PS,1.04432e+16,2018,1,2,Road Accidents,Circle,City/Town,Open area,Human Error,Yes,Simple Injury,Hit and Run,Signals (Working),Straight and flat,City or Town Road,Bitumen(Tar),Dry,No influence on accident,Clear,NEAR VATAL NAGARA RD,NAEAR KEB POLL,15,12.591173,77.331957,0,0,0.0,0.0
Bengaluru City,Rajajinagar Traffic PS,1.04432e+16,2018,1,2,Road Accidents,T Junction,City/Town,Open area,Human Error,Yes,Simple Injury,Rear end,No signal lights,Straight and flat,City or Town Road,Bitumen(Tar),Dry,No influence on accident,Clear,NEAR RING ROAD,NEAR KEB POLL,35,13.05418,77.322211,0,0,0.0,0.0
Bengaluru City,Rajajinagar Traffic PS,1.04432e+16,2018,1,3,Road Accidents,T Junction,City/Town,Open area,Human Error,Yes,Simple Injury,Rear end,No signal lights,Straight and flat,City or Town Road,Bitumen(Tar),Dry,Not Applicable,Clear,NEAR 2 TH MAIN ML PURA,NEAR SHOP,15,13.05254,77.33506,0,0,0.0,0.0
Bengaluru City,Rajajinagar Traffic PS,1.04432e+16,2018,1,2,Road Accidents,Circle,City/Town,Near Hospital,Human Error,Yes,Simple Injury,Rear end,No signal lights,Straight and flat,City or Town Road,Bitumen(Tar),Dry,Not Applicable,Clear,DR RAJ KUMAR RD,NEAR TREE,13,13.0139,77.332161,0,0,0.0,0.0
Bengaluru City,Rajajinagar Traffic PS,1.04432e+16,2018,1,2,Road Accidents,Circle,City/Town,Open area,Human Error,Yes,Fatal,Rear end,No signal lights,Straight and flat,City or Town Road,Bitumen(Tar),Dry,Engineering Defect of Road,Clear,NEAR RING ROAD,NEAR TREE,10,0.0,0.0,4,0,0.0,4.0
Bengaluru City,Rajajinagar Traffic PS,1.04432e+16,2018,1,1,Road Accidents,Circle,City/Town,Open area,Human Error,No,Simple Injury,Hit pedestrian,No signal lights,Straight and flat,City or Town Road,Bitumen(Tar),Dry,No influence on accident,Clear,NEAR  MODI BRIDGE,NEAR SHOP,20,12.594549,77.331689,0,0,0.0,0.0
Bengaluru City,Rajajinagar Traffic PS,1.04432e+16,2018,1,2,Road Accidents,Circle,City/Town,Near School or College,Human Error,No,Simple Injury,Rear end,No signal lights,Straight and flat,City or Town Road,Bitumen(Tar),Dry,Not Applicable,Clear,NEAR BASAVESHWARA COLLAGE,NEAR KEB POLL,13,13.0036,77.33195,0,0,0.0,0.0
Bengaluru City,Rajajinagar Traffic PS,1.04432e+16,2018,1,2,Road Accidents,Circle,City/Town,Open area,Human Error,No,Grievous Injury,Rear end,No signal lights,Straight and flat,City or Town Road,Bitumen(Tar),Dry,Not Applicable,Clear,RING ROAD,NAEAR KEB POLL,15,13.0014,77.5268,0,0,0.0,0.0
Bengaluru City,Rajajinagar Traffic PS,1.04432e+16,2018,1,2,Road Accidents,Y Junction,City/Town,Near School or College,Human Error,Yes,Fatal,Hit and Run,No signal lights,Straight and flat,City or Town Road,Bitumen(Tar),Dry,No influence on accident,Clear,17 TH MAIN RJN,NO PARKING POOL,22,13.0036,77.33195,0,0,0.0,0.0
Bengaluru City,Rajajinagar Traffic PS,1.04432e+16,2018,1,2,Road Accidents,T Junction,City/Town,Near School or College,Human Error,Yes,Grievous Injury,Head on,No signal lights,Straight and flat,City or Town Road,Bitumen(Tar),Dry,No influence on accident,Clear,NEAR J C NAGARA,NEAR TREE,20,13.0894,77.315485,0,0,0.0,0.0
Bengaluru City,Rajajinagar Traffic PS,1.04432e+16,2018,1,1,Road Accidents,T Junction,City/Town,Open area,Human Error,Yes,Simple Injury,Hit pedestrian,No signal lights,Straight and flat,City or Town Road,Bitumen(Tar),Dry,No influence on accident,Clear,NEAR 60 FEET RD,NEAR SCHOOL,20,13.0894,77.315485,0,0,0.0,0.0
Bengaluru City,Rajajinagar Traffic PS,1.04432e+16,2018,1,2,Road Accidents,Circle,City/Town,Open area,Human Error,No,Simple Injury,Rear end,No signal lights,Straight and flat,City or Town Road,Bitumen(Tar),Dry,Not Applicable,Clear,NEAR RING ROAD,NEAR KEB POLL,35,13.009477,77.527088,0,0,0.0,0.0
Bengaluru City,Rajajinagar Traffic PS,1.04432e+16,2018,1,1,Road Accidents,Circle,City/Town,Open area,Human Error,Yes,Simple Injury,Hit pedestrian,No signal lights,Straight and flat,City or Town Road,Bitumen(Tar),Dry,Not Applicable,Clear,NEAR NANDINI LAYOUT,NEAR  KANNADA BHAVUTA,18,13.02562,77.315729,0,0,0.0,0.0
Bengaluru City,Rajajinagar Traffic PS,1.04432e+16,2018,1,1,Road Accidents,T Junction,City/Town,Residential area,Human Error,No,Simple Injury,Hit pedestrian,No signal lights,Straight and flat,City or Town Road,Bitumen(Tar),Dry,Not Applicable,Clear,NEAR J C NAGAR,NEAR TREE,7,13.000129,77.530829,0,0,0.0,0.0
Bengaluru City,Rajajinagar Traffic PS,1.04432e+16,2018,1,5,Road Accidents,Circle,City/Town,Near Bus stop,Human Error,Yes,Fatal,Rear end,No signal lights,Straight and flat,City or Town Road,Bitumen(Tar),Dry,Engineering Defect of Road,Clear,J C NAGARA,NEAR PARK,20,0.0,0.0,4,0,0.0,4.0
Bengaluru City,Rajajinagar Traffic PS,1.04432e+16,2018,1,1,Road Accidents,T Junction,City/Town,Open area,Human Error,Yes,Simple Injury,Hit pedestrian,No signal lights,Straight and flat,City or Town Road,Bitumen(Tar),Dry,Not Applicable,Clear,NEAR LAGGERE,NEAR KEB POLL,9,13.02714,77.313672,0,0,0.0,0.0
Bengaluru City,Rajajinagar Traffic PS,1.04432e+16,2018,1,2,Road Accidents,T Junction,City/Town,Open area,Human Error,No,Simple Injury,Head on,No signal lights,Straight and flat,City or Town Road,Bitumen(Tar),Dry,No influence on accident,Clear,NEAR RING ROAD,NEAR KEB POLL,8,13.0014,77.5268,0,0,0.0,0.0
Bengaluru City,Rajajinagar Traffic PS,1.04432e+16,2018,1,2,Road Accidents,T Junction,City/Town,Open area,Human Error,Yes,Simple Injury,Rear end,No signal lights,Straight and flat,City or Town Road,Bitumen(Tar),Dry,Not Applicable,Clear,DR RAJ KUMAR ROAD,NEAR HOUSE,20,12.988546,77.559142,0,0,0.0,0.0
Bengaluru City,Rajajinagar Traffic PS,1.04432e+16,2018,1,1,Road Accidents,Circle,City/Town,Near School or College,Human Error,No,Simple Injury,Hit pedestrian,No signal lights,Straight and flat,City or Town Road,Bitumen(Tar),Dry,Engineering Defect of Road,Clear,LAGGERE MAIN RD,NEAR KEB POLL,35,13.01834,77.311751,4,0,0.0,4.0
Bengaluru City,Rajajinagar Traffic PS,1.04432e+16,2018,1,1,Road Accidents,Circle,City/Town,Open area,Human Error,Yes,Simple Injury,Hit and Run,No signal lights,Straight and flat,City or Town Road,Bitumen(Tar),Dry,Not Applicable,Clear,VATAL NAGARA RD,NEAR COLLAGE,38,12.59983,77.332192,0,0,0.0,0.0
Bengaluru City,Rajajinagar Traffic PS,1.04432e+16,2018,1,1,Road Accidents,T Junction,City/Town,Open area,Human Error,Yes,Simple Injury,Hit pedestrian,No signal lights,Straight and flat,City or Town Road,Bitumen(Tar),Dry,No influence on accident,Clear,RING ROAD,NEAR TREE,8,13.0014,77.5268,0,0,0.0,0.0
Bengaluru City,Rajajinagar Traffic PS,1.04432e+16,2018,1,1,Road Accidents,Junction,City/Town,Near Bus stop,Human Error,Yes,Grievous Injury,Hit pedestrian,No signal lights,Straight and flat,City or Town Road,Bitumen(Tar),Dry,No influence on accident,Clear,NEAR RING ROAD,NEAR KEB POLL,35,13.0014,77.5268,0,0,0.0,0.0
Bengaluru City,Rajajinagar Traffic PS,1.04432e+16,2018,1,1,Road Accidents,T Junction,City/Town,Open area,Human Error,No,Simple Injury,Hit pedestrian,No signal lights,Straight and flat,City or Town Road,Bitumen(Tar),Dry,Not Applicable,Clear,RAJAJAINAGARA,NEAR BENGALURU ONE,20,13.0139,77.332161,0,0,0.0,0.0
Bengaluru City,Rajajinagar Traffic PS,1.04432e+16,2018,1,1,Road Accidents,Circle,City/Town,Open area,Human Error,Yes,Simple Injury,Hit pedestrian,No signal lights,Straight and flat,City or Town Road,Bitumen(Tar),Dry,Not Applicable,Clear,DR RAJ KUMAR RD,NEAR TREE,35,12.595127,77.331802,0,0,0.0,0.0
Bengaluru City,Rajajinagar Traffic PS,1.04432e+16,2018,1,2,Road Accidents,Junction,City/Town,Open area,Human Error,Yes,Simple Injury,Rear end,Signals (Working),Straight and flat,City or Town Road,Bitumen(Tar),Dry,No influence on accident,Clear,NEAR RAJAJAINAAGAR,NEAR TREE,10,12.591173,77.331957,0,0,0.0,0.0
Bengaluru City,Rajajinagar Traffic PS,1.04432e+16,2018,1,1,Road Accidents,Circle,City/Town,Open area,Human Error,Yes,Simple Injury,Hit pedestrian,No signal lights,Straight and flat,City or Town Road,Bitumen(Tar),Dry,Not Applicable,Clear,NEAR RING ROAD,NEAR KEB BPOLL,10,13.05644,77.323178,0,0,0.0,0.0
Bengaluru City,Rajajinagar Traffic PS,1.04432e+16,2018,1,2,Road Accidents,Circle,City/Town,Open area,Human Error,Yes,Fatal,Rear end,No signal lights,Straight and flat,City or Town Road,Bitumen(Tar),Dry,No influence on accident,Clear,KANTERAVA STUDIO RD,NEAR TREE,8,12.572123,77.40344,0,0,0.0,0.0
Bengaluru City,Rajajinagar Traffic PS,1.04432e+16,2018,1,2,Road Accidents,T Junction,City/Town,Open area,Human Error,Yes,Simple Injury,Rear end,No signal lights,Straight and flat,City or Town Road,Bitumen(Tar),Dry,Not Applicable,Clear,WOC RD,KEB POLL,17,12.592909,77.334708,0,0,0.0,0.0
Bengaluru City,Rajajinagar Traffic PS,1.04432e+16,2018,1,1,Road Accidents,Cross roads,City/Town,Residential area,Human Error,No,Simple Injury,Hit pedestrian,No signal lights,Straight and flat,City or Town Road,Bitumen(Tar),Dry,No influence on accident,Clear,NEARJ C NAGARA,NEAR KEB POLL,6,13.01597,77.32013,0,0,0.0,0.0
Bengaluru City,Rajajinagar Traffic PS,1.04432e+16,2018,1,2,Road Accidents,Circle,City/Town,Open area,Human Error,No,Simple Injury,Head on,No signal lights,Straight and flat,City or Town Road,Bitumen(Tar),Dry,No influence on accident,Clear,KANTEERAVA STUDIO RD,NEAR KREE,17FEET,12.572123,77.40344,0,0,0.0,0.0
Bengaluru City,Rajajinagar Traffic PS,1.04432e+16,2018,1,2,Road Accidents,T Junction,City/Town,Open area,Human Error,Yes,Simple Injury,Head on,No signal lights,Straight and flat,City or Town Road,Bitumen(Tar),Dry,No influence on accident,Clear,LAGGERE MAIN RD,NEAR KEB POLL,29,13.02714,77.313672,0,0,0.0,0.0
Bengaluru City,Rajajinagar Traffic PS,1.04432e+16,2018,1,2,Road Accidents,Circle,City/Town,Open area,Human Error,Yes,Simple Injury,Head on,No signal lights,Straight and flat,City or Town Road,Bitumen(Tar),Dry,Not Applicable,Clear,NEAR RING ROAD,NEAR WALL,21,12.572123,77.33506,0,0,0.0,0.0
Bengaluru City,Rajajinagar Traffic PS,1.04432e+16,2018,1,1,Road Accidents,T Junction,City/Town,Residential area,Human Error,No,Simple Injury,Hit pedestrian,No signal lights,Straight and flat,City or Town Road,Bitumen(Tar),Dry,Not Applicable,Clear,NEAR GELEYARA BALAGA,NEAR KEB POLL,10,13.02562,77.315729,0,0,0.0,0.0