DISTRICTNAME,UNITNAME,Crime_No,Year,RI,Noofvehicle_involved,Accident_Classification,Accident_Spot,Accident_Location,Accident_SubLocation,Main_Cause,Hit_Run,Severity,Collision_Type,Junction_Control,Road_Character,Road_Type,Surface_Type,Surface_Condition,Road_Condition,Weather,Accident_Road,Landmark_first,Distance_LandMark_First,Latitude,Longitude,Road_Condition_Score,Surface_Condition_Score,Surface_Type_Score,Road_Risk_Index
Bengaluru City,Rajajinagar Traffic PS,1.04432e+16,2018,1,2,Road Accidents,Circle,City/Town,Open area,Human Error,Yes,Fatal,Rear end,No signal lights,Straight and flat,City or Town Road,Bitumen(Tar),Dry,No influence on accident,Clear,RING ROAD,NEAR TREE,8,12.572123,77.40344,0,0,0.0,0.0
Bengaluru City,Rajajinagar Traffic PS,1.04432e+16,2018,1,1,Road Accidents,Cross roads,City/Town,Residential area,Human Error,Yes,Simple Injury,Hit pedestrian,No signal lights,Straight and flat,City or Town Road,Bitumen(Tar),Dry,Engineering Defect of Road,Clear,NANDINILAOUT,NEAR HOUSE,19,13.1768,77.321271,4,0,0.0,4.0
Bengaluru City,Rajajinagar Traffic PS,1.04432e+16,2018,1,2,Road Accidents,Other,City/Town,Residential area,Human Error,No,Simple Injury,Others,No signal lights,Straight and flat,City or Town Road,Bitumen(Tar),Dry,Engineering Defect of Road,Clear,NEAR DR RAJKUMAR RD,NEAR BANK,30,12.591173,77.331957,4,0,0.0,4.0
Bengaluru City,Rajajinagar Traffic PS,1.04432e+16,2018,1,2,Road Accidents,T Junction,City/Town,Open area,Human Error,Yes,Simple Injury,Head on,No signal lights,Straight and flat,City or Town Road,Bitumen(Tar),Dry,Not Applicable,Clear,NEAR LAGGERE MAIN RD,NEAR TREE,9,13.02714,77.313672,0,0,0.0,0.0
Bengaluru City,Rajajinagar Traffic PS,1.04432e+16,2018,1,2,Road Accidents,Circle,City/Town,Open area,Human Error,Yes,Simple Injury,Head on,No signal lights,Straight and flat,City or Town Road,Bitumen(Tar),Dry,No influence on accident,Clear,NEAR SHANKAR NAGARA,NEAR KEB POLL,14,13.05644,77.323178,0,0,0.0,0.0
Bengaluru City,Rajajinagar Traffic PS,1.04432e+16,2018,1,1,Road Accidents,Circle,City/Town,Near office complex,Human Error,Yes,Simple Injury,Hit pedestrian,No signal lights,Straight and flat,City or Town Road,Bitumen(Tar),Dry,Not Applicable,Clear,NEAR RTO OFFICE,NEAR TREE,10,12.59394,77.331343,0,0,0.0,0.0
Bengaluru City,Rajajinagar Traffic PS,1.04432e+16,2018,1,1,Road Accidents,T Junction,City/Town,Open area,Human Error,No,Simple Injury,Hit pedestrian,No signal lights,Straight and flat,City or Town Road,Bitumen(Tar),Dry,No influence on accident,Clear,NEAR RING ROAD,NEAR KEB POLL,34,13.10887,77.315317,0,0,0.0,0.0
Bengaluru City,Rajajinagar Traffic PS,1.04432e+16,2018,1,2,Road Accidents,Circle,City/Town,Open area,Human Error,Yes,Grievous Injury,Rear end,No signal lights,Straight and flat,City or Town Road,Bitumen(Tar),Dry,No influence on accident,Clear,RING ROAD,NEAR KEB POLL,35,13.10887,77.315317,0,0,0.0,0.0
Bengaluru City,Rajajinagar Traffic PS,1.04432e+16,2018,1,2,Road Accidents,Circle,City/Town,Open area,Human Error,Yes,Simple Injury,Rear end,No signal lights,Straight and flat,City or Town Road,Bitumen(Tar),Dry,No influence on accident,Clear,NEAR RING ROAD,NEAR HOTEL,10,13.05418,77.322211,0,0,0.0,0.0
Bengaluru City,Rajajinagar Traffic PS,1.04432e+16,2018,1,1,Road Accidents,T Junction,City/Town,Open area,Human Error,Yes,Simple Injury,Hit and Run,No signal lights,Straight and flat,City or Town Road,Bitumen(Tar),Dry,No influence on accident,Clear,NEAR RING ROAD,NEAR KEB POLL,15,13.0014,77.5268,0,0,0.0,0.0
Bengaluru City,Rajajinagar Traffic PS,1.04432e+16,2018,1,1,Road Accidents,Cross roads,City/Town,Open area,Human Error,Yes,Simple Injury,Hit pedestrian,No signal lights,Straight and flat,City or Town Road,Bitumen(Tar),Dry,No influence on accident,Clear,NEAR RING ROAD,NEAR TREE,10,13.02714,77.313672,0,0,0.0,0.0
Bengaluru City,Rajajinagar Traffic PS,1.04432e+16,2018,1,1,Road Accidents,Circle,City/Town,Open area,Human Error,No,Simple Injury,Others,No signal lights,Straight and flat,City or Town Road,Bitumen(Tar),Dry,Engineering Defect of Road,Clear,RING ROAD,NEAR TREE,23,13.003959,77.526298,4,0,0.0,4.0
Bengaluru City,Rajajinagar Traffic PS,1.04432e+16,2018,1,2,Road Accidents,Circle,City/Town,Open area,Human Error,Yes,Simple Injury,Head on,No signal lights,Straight and flat,City or Town Road,Bitumen(Tar),Dry,No influence on accident,Clear,NAEAR M L LAYOUT,NEAR SCHOOL,15,13.01398,77.323368,0,0,0.0,0.0
Bengaluru City,Rajajinagar Traffic PS,1.04432e+16,2018,1,1,Road Accidents,T Junction,City/Town,Open area,Human Error,No,Fatal,Run Off Road,No signal lights,Straight and flat,City or Town Road,Bitumen(Tar),Dry,No influence on accident,Clear,near dr rajkumar SAMDI,NER KEB POLL,36,13.1529,77.315547,0,0,0.0,0.0
Bengaluru City,Rajajinagar Traffic PS,1.04432e+16,2018,1,2,Road Accidents,T Junction,City/Town,Open area,Human Error,No,Grievous Injury,Rear end,No signal lights,Straight and flat,City or Town Road,Bitumen(Tar),Dry,Not Applicable,Clear,RING ROAD,NEAR KEB POLL,25,13.05418,77.32211,0,0,0.0,0.0
Bengaluru City,Rajajinagar Traffic PS,1.04432e+16,2018,1,1,Road Accidents,Junction,City/Town,Open area,Human Error,Yes,Fatal,Hit pedestrian,No signal lights,Straight and flat,City or Town Road,Bitumen(Tar),Dry,No influence on accident,Clear,NEAR RING ROAD,NEAR KEB POLL,6,13.0014,77.5268,0,0,0.0,0.0
Bengaluru City,Rajajinagar Traffic PS,1.04432e+16,2018,1,1,Road Accidents,Circle,City/Town,Open area,Human Error,Yes,Fatal,Hit and Run,No signal lights,Straight and flat,City or Town Road,Bitumen(Tar),Dry,Engineering Defect of Road,Clear,NEAR SARASWATHIPURAM,NEAR TREE,17,13.03197,77.322352,4,0,0.0,4.0
Bengaluru City,Rajajinagar Traffic PS,1.04432e+16,2018,1,2,Road Accidents,Circle,City/Town,Open area,Human Error,No,Fatal,Hit pedestrian,No signal lights,Straight and flat,City or Town Road,Bitumen(Tar),Dry,Not Applicable,Clear,NEAR RING ROAD,NEAR KEB POLL,10,13.017387,77.531653,0,0,0.0,0.0
Bengaluru City,Rajajinagar Traffic PS,1.04432e+16,2018,1,2,Road Accidents,Bridge,City/Town,Open area,Human Error,Yes,Fatal,Hit and Run,No signal lights,Straight and flat,City or Town Road,Bitumen(Tar),Dry,Not Applicable,Clear,NEAR VATAL NAGARA RD,NEAR THEATER,20,12.591173,77.332139,0,0,0.0,0.0
Bengaluru City,Rajajinagar Traffic PS,1.04432e+16,2018,1,1,Road Accidents,Circle,City/Town,Open area,Human Error,No,Simple Injury,Rear end,No signal lights,Straight and flat,City or Town Road,Bitumen(Tar),Dry,No influence on accident,Clear,NEAR LAGGERE BRIDGE,SHIVAM S CENTAR,6,13.02714,77.313672,0,0,0.0,0.0
Bengaluru City,Rajajinagar Traffic PS,1.04432e+16,2018,1,2,Road Accidents,Circle,City/Town,Open area,Human Error,Yes,Simple Injury,Hit and Run,Not Applicable,Straight and flat,City or Town Road,Bitumen(Tar),Dry,No influence on accident,Clear,NEAR M L LAYOUT,NEAR KEB POLL,13,13.05254,77.33506,0,0,0.0,0.0
Bengaluru City,Rajajinagar Traffic PS,1.04432e+16,2019,1,2,Road Accidents,Circle,City/Town,Open area,Human Error,Yes,Grievous Injury,Head on,No signal lights,Straight and flat,City or Town Road,Bitumen(Tar),Dry,No influence on accident,Clear,LAGGERE MAIN RD,NEAR BANK,17,13.02714,77.313672,0,0,0.0,0.0
Bengaluru City,Rajajinagar Traffic PS,1.04432e+16,2019,1,2,Road Accidents,T Junction,City/Town,Near Hospital,Human Error,No,Grievous Injury,Right Turn Collision,No signal lights,Straight and flat,City or Town Road,Bitumen(Tar),Dry,No influence on accident,Clear,DR RAJKUMAR RD,NEAR GROUND,30,13.0139,77.332161,0,0,0.0,0.0
Bengaluru City,Rajajinagar Traffic PS,1.04432e+16,2019,1,1,Road Accidents,Circle,City/Town,Open area,Human Error,No,Grievous Injury,Vehicle to Vehicle,No signal lights,Straight and flat,Two way,Bitumen(Tar),Dry,No influence on accident,Clear,NEAR RING ROAD,NAEAR KEB POLL,4,13.05418,77.32211,0,0,0.0,0.0
Bengaluru City,Rajajinagar Traffic PS,1.04432e+16,2019,1,1,Road Accidents,Circle,City/Town,Near Hospital,Human Error,No,Grievous Injury,Vehicle to Vehicle,No signal lights,Straight and flat,One way,Bitumen(Tar),Dry,No influence on accident,Fine,NEAR M L LAYOUT,NEAR HOSPITAL,10,13.05254,77.33506,0,0,0.0,0.0
Bengaluru City,Rajajinagar Traffic PS,1.04432e+16,2019,1,1,Road Accidents,Circle,City/Town,Open area,Human Error,Yes,Grievous Injury,Others,No signal lights,Straight and flat,City or Town Road,Bitumen(Tar),Dry,No influence on accident,Clear,APMC YARD,NEAR TREE,20,13.05638,77.323192,0,0,0.0,0.0
Bengaluru City,Rajajinagar Traffic PS,1.04432e+16,2019,1,1,Road Accidents,T Junction,City/Town,Open area,Human Error,Yes,Simple Injury,Hit pedestrian,No signal lights,Straight and flat,City or Town Road,Bitumen(Tar),Dry,No influence on accident,Clear,NEAR  RING RD,NEAR KEB POLL,10,13.0014,77.5268,0,0,0.0,0.0
Bengaluru City,Rajajinagar Traffic PS,1.04432e+16,2019,1,2,Road Accidents,Circle,City/Town,Open area,Human Error,No,Grievous Injury,Vehicle to Vehicle,No signal lights,Straight and flat,Service Road,Bitumen(Tar),Dry,No influence on accident,Clear,NEAR RING ROAD,NEAR TREE,10,13.0014,77.5268,0,0,0.0,0.0
Bengaluru City,Rajajinagar Traffic PS,1.04432e+16,2019,1,2,Road Accidents,Circle,City/Town,Near School or College,Human Error,No,Simple Injury,Vehicle to Vehicle,No signal lights,Straight and flat,Two way,Bitumen(Tar),Dry,No influence on accident,Fine,NEAR VATAL NAGARA RD,NEAR KEB POLL,18,12.59983,77.332192,0,0,0.0,0.0
Bengaluru City,Rajajinagar Traffic PS,1.04432e+16,2019,1,1,Road Accidents,Circle,City/Town,Near Bus stop,Human Error,Yes,Simple Injury,Hit pedestrian,No signal lights,Straight and flat,One way,Bitumen(Tar),Dry,No influence on accident,Fine,NEAR RING ROAD,NEAR TREE,8,0.0,0.0,0,0,0.0,0.0
Bengaluru City,Rajajinagar Traffic PS,1.04432e+16,2019,1,1,Road Accidents,Circle,City/Town,Open area,Human Error,No,Simple Injury,Hit pedestrian,No signal lights,Straight and flat,Two way,Bitumen(Tar),Dry,No influence on accident,Fine,NEAR 17 TH MAIN ROAD,NEAR SHOP,5,13.0894,77.315485,0,0,0.0,0.0
Bengaluru City,Rajajinagar Traffic PS,1.04432e+16,2019,1,1,Road Accidents,Narrow road,City/Town,Near School or College,Human Error,No,Simple Injury,Hit pedestrian,Uncontrolled,Straight and flat,Two way,Bitumen(Tar),Dry,No influence on accident,Fine,NERA J C NAGARA,NEAR HOUSE,20,0.0,0.0,0,0,0.0,0.0
Bengaluru City,Rajajinagar Traffic PS,1.04432e+16,2019,1,1,Road Accidents,Cross roads,City/Town,Residential area,Human Error,No,Simple Injury,Hit pedestrian,No signal lights,Straight and flat,City or Town Road,Bitumen(Tar),Dry,No influence on accident,Clear,laggere,NEAR TREE,15,13.02714,77.313672,0,0,0.0,0.0
Bengaluru City,Rajajinagar Traffic PS,1.04432e+16,2019,1,1,Road Accidents,Circle,City/Town,Near Bus stop,Human Error,No,Simple Injury,Hit pedestrian,No signal lights,Straight and flat,City or Town Road,Bitumen(Tar),Dry,No influence on accident,Clear,NEAR  RING RD,NEAR KEB POLL,6,13.0014,77.5268,0,0,0.0,0.0
Bengaluru City,Rajajinagar Traffic PS,1.04432e+16,2019,1,2,Road Accidents,Circle,City/Town,Near School or College,Human Error,Yes,Simple Injury,Vehicle to Vehicle,No signal lights,Straight and flat,Two way,Bitumen(Tar),Dry,No influence on accident,Clear,NEAR VATAL NAGARA RD,NEAR TREE,5,0.0,0.0,0,0,0.0,0.0
Bengaluru City,Rajajinagar Traffic PS,1.04432e+16,2019,1,1,Road Accidents,Circle,City/Town,Near Bus stop,Human Error,No,Simple Injury,Hit pedestrian,No signal lights,Straight and flat,One way,Bitumen(Tar),Dry,No influence on accident,Clear,NEAR RING ROAD,NEAR TEMPLE,15,0.0,0.0,0,0,0.0,0.0
Bengaluru City,Rajajinagar Traffic PS,1.04432e+16,2019,1,2,Road Accidents,Circle,City/Town,Near Bus stop,Human Error,No,Grievous Injury,Vehicle to Vehicle,No signal lights,Straight and flat,Two way,Bitumen(Tar),Dry,No influence on accident,Clear,NANDINI LAYOUT,NEAR KEB POLL,5,13.04549,77.322204,0,0,0.0,0.0
Bengaluru City,Rajajinagar Traffic PS,1.04432e+16,2019,1,1,Road Accidents,Circle,City/Town,Near Hospital,Human Error,Yes,Grievous Injury,Hit pedestrian,No signal lights,Straight and flat,Two way,Bitumen(Tar),Dry,No influence on accident,Fine,NEAR ESI,NEAR KEB POLL,8,0.0,0.0,0,0,0.0,0.0
Bengaluru City,Rajajinagar Traffic PS,1.04432e+16,2019,1,2,Road Accidents,Circle,City/Town,Open area,Human Error,Yes,Fatal,Rear end,No signal lights,Straight and flat,City or Town Road,Bitumen(Tar),Dry,No influence on accident,Clear,NEAR TVS CROSS,NEAR TREE,15,12.572123,77.40344,0,0,0.0,0.0
Bengaluru City,Rajajinagar Traffic PS,1.04432e+16,2019,1,2,Road Accidents,Circle,City/Town,Near Hospital,Human Error,No,Simple Injury,Rear end,No signal lights,Straight and flat,City or Town Road,Bitumen(Tar),Dry,No influence on accident,Clear,NEAR 12 TH CROSS ML LAYOUT,NEAR KEB POLL,10,13.01398,77.323368,0,0,0.0,0.0
Bengaluru City,Rajajinagar Traffic PS,1.04432e+16,2019,1,1,Road Accidents,Cross roads,City/Town,Residential area,Human Error,Yes,Grievous Injury,Hit pedestrian,Uncontrolled,Straight and flat,One way,Bitumen(Tar),Others,No influence on accident,Fine,RAMAMANDIRA RD,NEAR TEMPLE,10,12.59983,77.332192,0,1,0.0,1.0
Bengaluru City,Rajajinagar Traffic PS,1.04432e+16,2019,1,1,Rail Road Accidents,Junction,City/Town,Open area,Human Error,Yes,Grievous Injury,Vehicle to Vehicle,No signal lights,Straight and flat,One way,Bitumen(Tar),Dry,No influence on accident,Fine,DR RAJKUMAR RD,NEAR KEB POLL,10,13.0139,77.332161,0,0,0.0,0.0
Bengaluru City,Rajajinagar Traffic PS,1.04432e+16,2019,1,1,Road Accidents,Circle,City/Town,Open area,Human Error,Yes,Grievous Injury,Hit pedestrian,No signal lights,Straight and flat,Two way,Bitumen(Tar),Dry,Not Applicable,Clear,NEAR LAGGERE,NEAR KEB POLL,10,13.02714,77.313672,0,0,0.0,0.0
Bengaluru City,Rajajinagar Traffic PS,1.04432e+16,2019,1,2,Road Accidents,Junction,City/Town,Open area,Human Error,No,Simple Injury,Rear end,No signal lights,Straight and flat,City or Town Road,Bitumen(Tar),Dry,No influence on accident,Clear,NEAR DR RAJKUMAR RD,NEAR TREE,15,12.594166,77.194394,0,0,0.0,0.0
Bengaluru City,Rajajinagar Traffic PS,1.04432e+16,2019,1,1,Road Accidents,Cross roads,City/Town,Near a factory industrial area,Human Error,No,Simple Injury,Not Applicable,Uncontrolled,Others,One way,Bitumen(Tar),Others,No influence on accident,Fine,100 FET RD,NEAR BOULDING,20,13.10887,77.315317,0,1,0.0,1.0
Bengaluru City,Rajajinagar Traffic PS,1.04432e+16,2019,1,1,Road Accidents,Circle,City/Town,Open area,Human Error,Yes,Simple Injury,Hit pedestrian,No signal lights,Straight and flat,Two way,Bitumen(Tar),Dry,No influence on accident,Fine,laggere,NEAR SCHOOL,10,13.0014,77.5268,0,0,0.0,0.0
Bengaluru City,Rajajinagar Traffic PS,1.04432e+16,2019,1,1,Road Accidents,Junction,City/Town,Open area,Human Error,Yes,Simple Injury,Hit pedestrian,No signal lights,Straight and flat,City or Town Road,Bitumen(Tar),Dry,No influence on accident,Clear,Ullas theter main rd,NEAR TREE,15,13.05638,77.323192,0,0,0.0,0.0
Bengaluru City,Rajajinagar Traffic PS,1.04432e+16,2019,1,1,Road Accidents,Circle,City/Town,Open area,Human Error,Yes,Fatal,Hit pedestrian,No signal lights,Straight and flat,Two way,Bitumen(Tar),Dry,No influence on accident,Clear,NEAR  ML LAYOUT,NEAR KEB POLL,12,13.05638,77.323192,0,0,0.0,0.0
Bengaluru City,Rajajinagar Traffic PS,1.04432e+16,2019,1,2,Road Accidents,Bottleneck,City/Town,Open area,Human Error,Yes,Grievous Injury,Vehicle to Vehicle,No signal lights,Straight and flat,One way,Bitumen(Tar),Dry,No influence on accident,Clear,NEAR RING ROAD,NEAR TREE,8,13.0014,77.5268,0,0,0.0,0.0
Bengaluru City,Rajajinagar Traffic PS,1.04432e+16,2019,1,2,Road Accidents,Circle,City/Town,Open area,Human Error,No,Grievous Injury,Vehicle to Vehicle,No signal lights,Straight and flat,Two way,Bitumen(Tar),Dry,No influence on accident,Clear,NEAR RING ROAD,NEAR KEB POLL,5,12.572123,77.40344,0,0,0.0,0.0
Bengaluru City,Rajajinagar Traffic PS,1.04432e+16,2019,1,2,Road Accidents,Junction,City/Town,Near a recreation place/cinema,Human Error,Yes,Fatal,Vehicle to Vehicle,No signal lights,Straight and flat,Two way,Bitumen(Tar),Dry,No influence on accident,Clear,NEAR RMC YARD,NEAR KEB POLL,22,0.0,0.0,0,0,0.0,0.0
Bengaluru City,Rajajinagar Traffic PS,1.04432e+16,2019,1,2,Road Accidents,Narrow road,City/Town,Near Bus stop,Human Error,No,Grievous Injury,Vehicle to Vehicle,No signal lights,Straight and flat,Two way,Bitumen(Tar),Dry,No influence on accident,Clear,NEAR FTI,NEAR SBI BANK ATMM,10,0.0,0.0,0,0,0.0,0.0
Bengaluru City,Rajajinagar Traffic PS,1.04432e+16,2019,1,2,Road Accidents,Circle,City/Town,Open area,Human Error,No,Grievous Injury,Vehicle to Vehicle,No signal lights,Straight and flat,Two way,Bitumen(Tar),Dry,No influence on accident,Clear,NEAR VARIYA BAKAR,NEAR KEB POLL,5,12.591524,77.331639,0,0,0.0,0.0
Bengaluru City,Rajajinagar Traffic PS,1.04432e+16,2019,1,2,Road Accidents,Circle,City/Town,Open area,Human Error,Yes,Fatal,Vehicle to Vehicle,No signal lights,Straight and flat,Two way,Bitumen(Tar),Dry,No influence on accident,Clear,NEAR  RING RD,NEAR TREE,6,13.1868,77.323334,0,0,0.0,0.0
Bengaluru City,Rajajinagar Traffic PS,1.04432e+16,2019,1,1,Road Accidents,Cross roads,City/Town,Open area,Human Error,No,Simple Injury,Skidding or Self accident,No signal lights,Straight and flat,City or Town Road,Bitumen(Tar),Dry,No influence on accident,Clear,ring rd,NEAR KEB POLL,8,13.05254,77.3306,0,0,0.0,0.0
Bengaluru City,Rajajinagar Traffic PS,1.04432e+16,2019,1,1,Road Accidents,T Junction,City/Town,Near School or College,Human Error,No,Simple Injury,Hit pedestrian,No signal lights,Straight and flat,City or Town Road,Bitumen(Tar),Dry,No influence on accident,Clear,50 TH CROSS RD RJN,NEAR KEB POLL,6,12.591524,77.331242,0,0,0.0,0.0
Bengaluru City,Rajajinagar Traffic PS,1.04432e+16,2019,1,1,Road Accidents,Circle,City/Town,Open area,Human Error,No,Simple Injury,Hit pedestrian,No signal lights,Straight and flat,City or Town Road,Bitumen(Tar),Dry,No influence on accident,Clear,NEAR M L LAYOUT,NEAR HOTEL,10,13.05254,77.33506,0,0,0.0,0.0
Bengaluru City,Rajajinagar Traffic PS,1.04432e+16,2019,1,2,Road Accidents,Circle,City/Town,Residential area,Human Error,No,Damage Only,Vehicle to Vehicle,Signals (Working),Straight and flat,Residential Street,Bitumen(Tar),Dry,No influence on accident,Fine,VATAL NAGARA RD,NEAR TREE,10,12.59609,77.3322211,0,0,0.0,0.0
Bengaluru City,Rajajinagar Traffic PS,1.04432e+16,2019,1,1,Road Accidents,Cross roads,City/Town,Open area,Human Error,Yes,Fatal,Hit pedestrian,No signal lights,Straight and flat,Two way,Bitumen(Tar),Dry,Not Applicable,Clear,NEAR LAGGERE,NEAR KEB POLL,21,13.02714,77.313672,0,0,0.0,0.0
Bengaluru City,Rajajinagar Traffic PS,1.04432e+16,2019,1,1,Road Accidents,Circle,City/Town,Open area,Human Error,Yes,Simple Injury,Hit pedestrian,No signal lights,Straight and flat,City or Town Road,Bitumen(Tar),Dry,No influence on accident,Clear,DR RAJKUMAR RD,NEAR KEB POLL,10,12.591173,77.331957,0,0,0.0,0.0
Bengaluru City,Rajajinagar Traffic PS,1.04432e+16,2019,1,2,Road Accidents,Junction,City/Town,Open area,Human Error,Yes,Fatal,Rear end,No signal lights,Straight and flat,City or Town Road,Bitumen(Tar),Dry,No influence on accident,Clear,NANDINI LAYOUT,NEAR KEB POLL,8,13.04549,77.322204,0,0,0.0,0.0
Bengaluru City,Rajajinagar Traffic PS,1.04432e+16,2019,1,1,Road Accidents,Cross roads,City/Town,Near office complex,Human Error,Yes,Simple Injury,Hit pedestrian,No signal lights,Straight and flat,Two way,Bitumen(Tar),Dry,No influence on accident,Fine,NEAR  NANDINI LAYOUT,NEAR PWD OFFICE,6,13.04549,77.322204,0,0,0.0,0.0
Bengaluru City,Rajajinagar Traffic PS,1.04432e+16,2019,1,1,Road Accidents,Junction,City/Town,Residential area,Human Error,Yes,Grievous Injury,Hit pedestrian,No signal lights,Straight and flat,Two way,Bitumen(Tar),Dry,No influence on accident,Fine,NEAR 50 FEET RD,NEAR TAVAR  POLL,5,13.0014,77.5268,0,0,0.0,0.0
Bengaluru City,Rajajinagar Traffic PS,1.04432e+16,2019,1,1,Road Accidents,Circle,City/Town,Near office complex,Human Error,Yes,Simple Injury,Hit pedestrian,No signal lights,Straight and flat,Two way,Bitumen(Tar),Dry,No influence on accident,Clear,12 TH MAIN RD  RJN,NEAR TREE,10,12.59394,77.331343,0,0,0.0,0.0
Bengaluru City,Rajajinagar Traffic PS,1.04432e+16,2019,1,2,Road Accidents,Circle,City/Town,Open area,Human Error,No,Simple Injury,Rear end,No signal lights,Straight and flat,City or Town Road,Bitumen(Tar),Dry,No influence on accident,Clear,DR RAJKUMAR RD,NEAR  SHOP,20,13.0139,77.332161,0,0,0.0,0.0
Bengaluru City,Rajajinagar Traffic PS,1.04432e+16,2019,1,1,Road Accidents,Circle,City/Town,Near Bus stop,Human Error,Yes,Simple Injury,Hit pedestrian,No signal lights,Straight and flat,City or Town Road,Bitumen(Tar),Dry,No influence on accident,Clear,NEAR  RING RD,NAEAR KEB POLL,35,13.0014,77.5268,0,0,0.0,0.0
Bengaluru City,Rajajinagar Traffic PS,1.04432e+16,2019,1,1,Road Accidents,Circle,City/Town,Open area,Human Error,No,Simple Injury,Hit pedestrian,No signal lights,Straight and flat,City or Town Road,Bitumen(Tar),Dry,No influence on accident,Clear,RING ROAD,NAEAR KEB POLL,10,13.10887,77.315317,0,0,0.0,0.0
Bengaluru City,Rajajinagar Traffic PS,1.04432e+16,2019,1,2,Road Accidents,Circle,City/Town,Near a factory industrial area,Human Error,Yes,Fatal,Vehicle to Vehicle,No signal lights,Straight and flat,Two way,Bitumen(Tar),Dry,No influence on accident,Fine,NEAR BALAGANGADHARANATH ARCH,NEAR KEB POLL,6,13.10887,77.315317,0,0,0.0,0.0
Bengaluru City,Rajajinagar Traffic PS,1.04432e+16,2019,1,1,Road Accidents,Cross roads,City/Town,Residential area,Human Error,Yes,Simple Injury,Hit pedestrian,Uncontrolled,Straight and flat,Residential Street,Not Applicable,Dry,No influence on accident,Fine,26TH MAIN ROAD,JAIMARUTHI NAGAR,6,13.02562,77.315729,0,0,0.0,0.0
Bengaluru City,Rajajinagar Traffic PS,1.04432e+16,2019,1,1,Road Accidents,Cross roads,City/Town,Open area,Human Error,Yes,Simple Injury,Hit pedestrian,No signal lights,Straight and flat,City or Town Road,Bitumen(Tar),Dry,No influence on accident,Clear,NEAR RING ROAD,NEAR TREE,6,13.0014,77.5268,0,0,0.0,0.0
Bengaluru City,Rajajinagar Traffic PS,1.04432e+16,2019,1,4,Road Accidents,Circle,City/Town,Near a factory industrial area,Human Error,No,Simple Injury,Vehicle to Vehicle,No signal lights,Straight and flat,One way,Bitumen(Tar),Dry,No influence on accident,Fine,RING ROAD,NEAR TREE,10,13.05418,77.322211,0,0,0.0,0.0
Bengaluru City,Rajajinagar Traffic PS,1.04432e+16,2019,1,1,Road Accidents,Circle,City/Town,Near Bus stop,Human Error,Yes,Simple Injury,Hit pedestrian,No signal lights,Straight and flat,Two way,Bitumen(Tar),Dry,No influence on accident,Fine,NER RING ROAD,NEAR TEMPLE,20,13.0014,77.5268,0,0,0.0,0.0
Bengaluru City,Rajajinagar Traffic PS,1.04432e+16,2019,1,2,Road Accidents,Junction,City/Town,Near School or College,Human Error,Yes,Simple Injury,Vehicle to Vehicle,No signal lights,Straight and flat,Two way,Bitumen(Tar),Dry,No influence on accident,Fine,NEAR RAJAJAINAAGAR,NEAR SCHOOL,10,13.0139,77.332161,0,0,0.0,0.0
Bengaluru City,Rajajinagar Traffic PS,1.04432e+16,2019,1,1,Road Accidents,T Junction,City/Town,Open area,Human Error,Yes,Simple Injury,Hit pedestrian,No signal lights,Straight and flat,City or Town Road,Bitumen(Tar),Dry,No influence on accident,Clear,NEAR NANDINI LAYOUT,NEAR KEB POLL,7,13.1768,77.321271,0,0,0.0,0.0
Bengaluru City,Rajajinagar Traffic PS,1.04432e+16,2019,1,2,Road Accidents,Circle,City/Town,Near School or College,Human Error,No,Simple Injury,Vehicle to Vehicle,No signal lights,Straight and flat,Two way,Bitumen(Tar),Dry,No influence on accident,Fine,NEAR VATAL NAGARA RD,NEAR KEB POLL,18,12.59983,77.332192,0,0,0.0,0.0
Bengaluru City,Rajajinagar Traffic PS,1.04432e+16,2019,1,2,Road Accidents,Cross roads,City/Town,Near Hospital,Human Error,No,Fatal,Vehicle to Vehicle,No signal lights,Straight and flat,Two way,Bitumen(Tar),Dry,No influence on accident,Fine,SARASWATHI PURAM,NEAR KEB POLL,6,0.0,0.0,0,0,0.0,0.0
Bengaluru City,Rajajinagar Traffic PS,1.04432e+16,2020,1,1,Road Accidents,Junction,City/Town,Near office complex,Human Error,No,Grievous Injury,Vehicle to Vehicle,Uncontrolled,Straight and flat,One way,Bitumen(Tar),Dry,No influence on accident,Clear,NEAR  ML LAYOUT,NEAR  HOSPITAL,5,0.0,0.0,0,0,0.0,0.0