DISTRICTNAME,UNITNAME,Crime_No,Year,RI,Noofvehicle_involved,Accident_Classification,Accident_Spot,Accident_Location,Accident_SubLocation,Main_Cause,Hit_Run,Severity,Collision_Type,Junction_Control,Road_Character,Road_Type,Surface_Type,Surface_Condition,Road_Condition,Weather,Accident_Road,Landmark_first,Distance_LandMark_First,Latitude,Longitude,Road_Condition_Score,Surface_Condition_Score,Surface_Type_Score,Road_Risk_Index
Bengaluru City,Rajajinagar Traffic PS,1.04432e+16,2020,1,1,Road Accidents,Circle,City/Town,Near office complex,Human Error,No,Fatal,Not Applicable,No signal lights,Straight and flat,One way,Bitumen(Tar),Dry,No influence on accident,Very Cold,NEAR 100 FEET RD,NEAR KEB POLL,40,12.572123,77.40344,0,0,0.0,0.0
Bengaluru City,Rajajinagar Traffic PS,1.04432e+16,2020,1,1,Road Accidents,Not Applicable,City/Town,Near Hospital,Human Error,No,Simple Injury,Vehicle to Vehicle,Uncontrolled,Straight and flat,One way,Bitumen(Tar),Dry,No influence on accident,Clear,Dr Rajkumar Road Rajajinagara,Suzuki Show Rajajinagara,6,0.0,0.0,0,0,0.0,0.0
Bengaluru City,Rajajinagar Traffic PS,1.04432e+16,2020,1,1,Road Accidents,Cross roads,City/Town,Near Bus stop,Human Error,No,Simple Injury,Hit pedestrian,Uncontrolled,Straight and flat,One way,Bitumen(Tar),Dry,No influence on accident,Clear,peenya industrial area 100 ft road,kaveri bar,15,12.572123,77.40344,0,0,0.0,0.0
Bengaluru City,Rajajinagar Traffic PS,1.04432e+16,2020,1,2,Road Accidents,Circle,City/Town,Open area,Human Error,Yes,Fatal,Vehicle to Vehicle,No signal lights,Straight and flat,One way,Bitumen(Tar),Dry,No influence on accident,Fine,NEAR RING ROAD,NEAR TREE,10,13.0014,77.5268,0,0,0.0,0.0
Bengaluru City,Rajajinagar Traffic PS,1.04432e+16,2020,1,2,Road Accidents,Circle,City/Town,Near office complex,Human Error,Yes,Fatal,Vehicle to Vehicle,No signal lights,Straight and flat,Two way,Bitumen(Tar),Dry,No influence on accident,Fine,NEAR PEENYA 3 RD STAGE,NEAR SHOP,10,12.572123,77.40344,0,0,0.0,0.0
Bengaluru City,Rajajinagar Traffic PS,1.04432e+16,2020,1,2,Road Accidents,Cross roads,City/Town,Near office complex,Human Error,No,Simple Injury,Vehicle to Vehicle,Uncontrolled,Straight and flat,Two way,Bitumen(Tar),Dry,Not Applicable,Clear,9THCROSS 1ST MAIN PRAKASHNAGAR,SHIVASHAKTI  CONDIMENTS AND JUICE CENTER,4,0.0,0.0,0,0,0.0,0.0
Bengaluru City,Rajajinagar Traffic PS,1.04432e+16,2020,1,2,Road Accidents,Curves,City/Town,Near a factory industrial area,Human Error,No,Simple Injury,Vehicle to Vehicle,Uncontrolled,Curve,Two way,Bitumen(Tar),Dry,Not Applicable,Others,NEAR SONAL GARMENTS 100 FT ROAD,NEAR SONAL GARMENTS,17,0.0,0.0,0,0,0.0,0.0
Bengaluru City,Rajajinagar Traffic PS,1.04432e+16,2020,1,2,Road Accidents,Circle,City/Town,Near Hospital,Human Error,No,Grievous Injury,Vehicle to Vehicle,No signal lights,Straight and flat,Two way,Bitumen(Tar),Dry,No influence on accident,Clear,NEAR VATAL NAGARA RD,NEAR TREE,12,0.0,0.0,0,0,0.0,0.0
Bengaluru City,Rajajinagar Traffic PS,1.04432e+16,2020,1,2,Road Accidents,Junction,City/Town,Near office complex,Human Error,No,Grievous Injury,Vehicle to Vehicle,Signals (Working),Straight and flat,Two way,Bitumen(Tar),Dry,No influence on accident,Fine,NEAR DR RRAJKUMAR RD,DR RAJKUMAR ROAD NAME BOARD,10,0.0,0.0,0,0,0.0,0.0
Bengaluru City,Rajajinagar Traffic PS,1.04432e+16,2020,1,1,Road Accidents,Circle,Rural Areas,Near Petrol Pump,Human Error,Yes,Fatal,Hit pedestrian,Controlled,Curve,Two way,Bitumen(Tar),Wet,Not Applicable,Light Rain,DR RAJKUMAR RD,LIONS CLUBE CLOCK,14,0.0,0.0,0,3,0.0,3.0
Bengaluru City,Rajajinagar Traffic PS,1.04432e+16,2020,1,1,Road Accidents,Cross roads,Rural Areas,Residential area,Human Error,No,Grievous Injury,Vehicle to Vehicle,Uncontrolled,Curve,Two way,Bitumen(Tar),Dry,No influence on accident,Clear,2ND MAIN 13TH CRS MAHALAKSHMILAYOUY,13TH CRS MAHALAKSHMILAYOUT,4,0.0,0.0,0,0,0.0,0.0
Bengaluru City,Rajajinagar Traffic PS,1.04432e+16,2020,1,2,Road Accidents,Junction,City/Town,Open area,Human Error,No,Grievous Injury,Vehicle to Vehicle,Signal lights Automatic,Straight and flat,Two way,Bitumen(Tar),Dry,No influence on accident,Fine,NEAR KRSHINANDA NAGARA CIRCLE,NEAR TRAFFIC SINGAL,8,13.1868,77.323334,0,0,0.0,0.0
Bengaluru City,Rajajinagar Traffic PS,1.04432e+16,2020,1,2,Road Accidents,Junction,City/Town,Near office complex,Human Error,No,Fatal,Vehicle to Vehicle,No signal lights,Straight and flat,One way,Bitumen(Tar),Dry,No influence on accident,Others,NEAR DR RAJKUMAR RD,NEAR HOSPITALL,15,13.10887,77.315317,0,0,0.0,0.0
Bengaluru City,Rajajinagar Traffic PS,1.04432e+16,2020,1,2,Road Accidents,Circle,City/Town,Near School or College,Human Error,Yes,Not Applicable,Vehicle to Vehicle,No signal lights,Straight and flat,Two way,Bitumen(Tar),Dry,No influence on accident,Fine,NEAR TEN ROAD,NEAR SCHOOL,6,0.0,0.0,0,0,0.0,0.0
Bengaluru City,Rajajinagar Traffic PS,1.04432e+16,2020,1,1,Road Accidents,Circle,City/Town,Residential area,Human Error,No,Grievous Injury,Hit pedestrian,No signal lights,Straight and flat,Two way,Bitumen(Tar),Dry,No influence on accident,Fine,NEAR RING GROAD,NEAR HOTEL,5,13.10887,77.315317,0,0,0.0,0.0
Bengaluru City,Rajajinagar Traffic PS,1.04432e+16,2020,1,2,Road Accidents,Junction,City/Town,Near Hospital,Human Error,No,Simple Injury,Vehicle to Vehicle,Uncontrolled,Curve,Residential Street,Bitumen(Tar),Dry,No influence on accident,Cloudy,17 th main jc nagara,Mailari Teffun Center,4,0.0,0.0,0,0,0.0,0.0
Bengaluru City,Rajajinagar Traffic PS,1.04432e+16,2020,1,1,Road Accidents,Junction,City/Town,Open area,Human Error,No,Grievous Injury,Hit pedestrian,No signal lights,Straight and flat,One way,Bitumen(Tar),Dry,No influence on accident,Fine,NEAR RING ROAD,NEAR TEMPLE,8,0.0,0.0,0,0,0.0,0.0
Bengaluru City,Rajajinagar Traffic PS,1.04432e+16,2020,1,2,Road Accidents,Cross roads,City/Town,Near School or College,Human Error,No,Grievous Injury,Vehicle to Vehicle,No signal lights,Straight and flat,Two way,Bitumen(Tar),Dry,No influence on accident,Fine,NEAR SHANKARMATTA RD,NEAR SCHOOL,15,0.0,0.0,0,0,0.0,0.0
Bengaluru City,Rajajinagar Traffic PS,1.04432e+16,2020,1,1,Road Accidents,Circle,City/Town,Near Bus stop,Human Error,No,Grievous Injury,Hit pedestrian,No signal lights,Straight and flat,One way,Bitumen(Tar),Dry,No influence on accident,Clear,NEAR VATAL NAGARA RD,NEAR BANK,8,0.0,0.0,0,0,0.0,0.0
Bengaluru City,Rajajinagar Traffic PS,1.04432e+16,2020,1,2,Road Accidents,Circle,City/Town,Near a factory industrial area,Human Error,Yes,Grievous Injury,Vehicle to Vehicle,No signal lights,Straight and flat,Two way,Bitumen(Tar),Dry,No influence on accident,Fine,100 FET RD,NEAR TREE,12,0.0,0.0,0,0,0.0,0.0
Bengaluru City,Rajajinagar Traffic PS,1.04432e+16,2020,1,1,Road Accidents,Curves,City/Town,Residential area,Human Error,No,Simple Injury,Hit pedestrian,Uncontrolled,Straight and flat,Two way,Bitumen(Tar),Dry,Not Applicable,Others,CHAITANYA SCHOOL MAHALAKSHMILAYOUT,CHAITANYA SCHOOL,10,13.01398,77.323368,0,0,0.0,0.0
Bengaluru City,Rajajinagar Traffic PS,1.04432e+16,2020,1,2,Road Accidents,Junction,City/Town,Near Hospital,Human Error,No,Damage Only,Vehicle to Vehicle,No signal lights,Straight and flat,Two way,Bitumen(Tar),Dry,No influence on accident,Fine,NEAR DR RRAJKUMAR RD,NEAR BANK,10,0.0,0.0,0,0,0.0,0.0
Bengaluru City,Rajajinagar Traffic PS,1.04432e+16,2020,1,1,Road Accidents,Circle,City/Town,Near Bus stop,Human Error,No,Simple Injury,Hit pedestrian,No signal lights,Curve and Incline,One way,Bitumen(Tar),Dry,No influence on accident,Fine,NERA RING ROAD,NEAR KEB POLL,20,0.0,0.0,0,0,0.0,0.0
Bengaluru City,Rajajinagar Traffic PS,1.04432e+16,2020,1,2,Road Accidents,Circle,City/Town,Residential area,Human Error,No,Grievous Injury,Vehicle to Vehicle,No signal lights,Straight and flat,Two way,Bitumen(Tar),Dry,No influence on accident,Fine,NEAR LAGGERE,NEAR ASHRAM,5,13.02714,77.313672,0,0,0.0,0.0
Bengaluru City,Rajajinagar Traffic PS,1.04432e+16,2020,1,2,Road Accidents,Circle,City/Town,Near a recreation place/cinema,Human Error,Yes,Grievous Injury,Vehicle to Vehicle,No signal lights,Straight and flat,Two way,Bitumen(Tar),Dry,No influence on accident,Fine,NEAR RING RD,NEAR TREE,10,0.0,0.0,0,0,0.0,0.0
Bengaluru City,Rajajinagar Traffic PS,1.04432e+16,2020,1,2,Road Accidents,Curves,City/Town,Residential area,Human Error,No,Grievous Injury,Vehicle to Vehicle,Uncontrolled,Curve,Others,Bitumen(Tar),Dry,Not Applicable,Clear,NANDINILAYOUT POLICE STATION MAIN ROAD,NEAR KUVEMPU PARK,10,0.0,0.0,0,0,0.0,0.0
Bengaluru City,Rajajinagar Traffic PS,1.04432e+16,2020,1,2,Road Accidents,Circle,City/Town,Near School or College,Human Error,No,Grievous Injury,Vehicle to Vehicle,No signal lights,Straight and flat,Two way,Bitumen(Tar),Dry,No influence on accident,Fine,NEAR NAGAPURA,NEAR HOUSE,15,0.0,0.0,0,0,0.0,0.0
Bengaluru City,Rajajinagar Traffic PS,1.04432e+16,2020,1,1,Road Accidents,Cross roads,Rural Areas,Residential area,Human Error,No,Simple Injury,Vehicle to Vehicle,Uncontrolled,Curve,Two way,Bitumen(Tar),Dry,No influence on accident,Clear,JC NAGARA 17TH MAIN ROAD,9TH CRS J C NAGARA,6,0.0,0.0,0,0,0.0,0.0
Bengaluru City,Rajajinagar Traffic PS,1.04432e+16,2020,1,1,Road Accidents,Curves,City/Town,Near office complex,Human Error,No,Simple Injury,Vehicle to Vehicle,Uncontrolled,Straight and flat,One way,Bitumen(Tar),Dry,No influence on accident,Clear,DR RAJKUMAR RD,PARISTEEL SHOP,17,0.0,0.0,0,0,0.0,0.0
Bengaluru City,Rajajinagar Traffic PS,1.04432e+16,2020,1,2,Road Accidents,Circle,City/Town,Near office complex,Human Error,No,Grievous Injury,Vehicle to Vehicle,No signal lights,Straight and flat,Two way,Bitumen(Tar),Dry,No influence on accident,Fine,NEAR NANDINI LAYOUT,WATER TANK,10,0.0,0.0,0,0,0.0,0.0
Bengaluru City,Rajajinagar Traffic PS,1.04432e+16,2020,1,1,Road Accidents,Circle,City/Town,Open area,Human Error,No,Grievous Injury,Hit animal,Uncontrolled,Straight and flat,One way,Bitumen(Tar),Dry,No influence on accident,Clear,NEAR RING ROAD,NEAR SHOP,12,0.0,0.0,0,0,0.0,0.0
Bengaluru City,Rajajinagar Traffic PS,1.04432e+16,2020,1,1,Road Accidents,Junction,City/Town,Near office complex,Human Error,No,Grievous Injury,Hit pedestrian,No signal lights,Straight and flat,Two way,Bitumen(Tar),Dry,No influence on accident,Fine,NEAR 60 FEET RD,NEAR SHOP,10,0.0,0.0,0,0,0.0,0.0
Bengaluru City,Rajajinagar Traffic PS,1.04432e+16,2020,1,2,Road Accidents,Curves,City/Town,Residential area,Human Error,No,Grievous Injury,Vehicle to Vehicle,Uncontrolled,Curve,Others,Bitumen(Tar),Dry,No influence on accident,Clear,NANDINILAYOUT PLOCE STATION MAIN ROAD,KUVEMPU PARK,12,0.0,0.0,0,0,0.0,0.0
Bengaluru City,Rajajinagar Traffic PS,1.04432e+16,2020,1,1,Road Accidents,Curves,Rural Areas,Near Bus stop,Human Error,No,Simple Injury,Vehicle to Vehicle,Uncontrolled,Straight and flat,Two way,Bitumen(Tar),Dry,No influence on accident,Cloudy,NANDINI LAYOUT KUVEMPU PARK,NANDINILAYOUT BUS STOP,6,0.0,0.0,0,0,0.0,0.0
Bengaluru City,Rajajinagar Traffic PS,1.04432e+16,2020,1,2,Road Accidents,Curves,City/Town,Near Bus stop,Human Error,No,Grievous Injury,Vehicle to Vehicle,Uncontrolled,Straight and flat,One way,Concrete,Dry,Construction Work / Material,Fog / Mist,Nandinilayout Ring Road,BHEL BUS STOP,18,0.0,0.0,2,0,0.0,2.0
Bengaluru City,Rajajinagar Traffic PS,1.04432e+16,2020,1,2,Road Accidents,Not Applicable,City/Town,Near Bus stop,Human Error,No,Simple Injury,Vehicle to Vehicle,Uncontrolled,Straight and flat,One way,Concrete,Dry,No influence on accident,Clear,Nandinilayout Ring Road,Dr Rajumar smarak,20,0.0,0.0,0,0,0.0,0.0
Bengaluru City,Rajajinagar Traffic PS,1.04432e+16,2020,1,2,Road Accidents,Circle,City/Town,Near School or College,Not Applicable,No,Grievous Injury,Vehicle to Vehicle,Uncontrolled,Straight and flat,One way,Bitumen(Tar),Dry,No influence on accident,Clear,NEAR 100 FEET RD,NEAR KEB POLL,10,13.05418,77.322211,0,0,0.0,0.0
Bengaluru City,Rajajinagar Traffic PS,1.04432e+16,2020,1,2,Road Accidents,Cross roads,City/Town,Residential area,Human Error,No,Fatal,Vehicle to Vehicle,Not Applicable,Straight and flat,Service Road,Bitumen(Tar),Dry,Construction Work / Material,Cloudy,WEST OF COARD ROAD SERVICE ROAD,IN FRONT OFF LAKSHMINARAYANA NILAYA,3,0.0,0.0,2,0,0.0,2.0
Bengaluru City,Rajajinagar Traffic PS,1.04432e+16,2020,1,2,Road Accidents,Curves,Rural Areas,Near Bus stop,Human Error,No,Simple Injury,Vehicle to Vehicle,Uncontrolled,Straight and flat,Two way,Concrete,Dry,No influence on accident,Very Cold,NANDINILAYOUT OUTER RING ROAD,BHEL BUS STOP,4,0.0,0.0,0,0,0.0,0.0
Bengaluru City,Rajajinagar Traffic PS,1.04432e+16,2020,1,1,Rail Road Accidents,Cross roads,City/Town,Residential area,Human Error,Yes,Fatal,Hit pedestrian,No signal lights,Straight and flat,Residential Street,Gravel,Dry,No influence on accident,Fine,NEAR AGB LAYOUT,NEAR HOME,10,0.0,0.0,0,0,3.0,3.0
Bengaluru City,Rajajinagar Traffic PS,1.04432e+16,2020,1,2,Road Accidents,Junction,City/Town,Near Hospital,Human Error,No,Grievous Injury,Vehicle to Vehicle,No signal lights,Straight and flat,Two way,Bitumen(Tar),Dry,No influence on accident,Fine,NEAR DR RAJKUMAR RD,NEAR HOTEL,5,0.0,0.0,0,0,0.0,0.0
Bengaluru City,Rajajinagar Traffic PS,1.04432e+16,2020,1,1,Road Accidents,Circle,City/Town,Near office complex,Human Error,No,Fatal,Vehicle to Vehicle,No signal lights,Straight and flat,Two way,Bitumen(Tar),Dry,No influence on accident,Fine,NEAR LAGGERE,NEAR TREE,10,0.0,0.0,0,0,0.0,0.0
Bengaluru City,Rajajinagar Traffic PS,1.04432e+16,2020,1,2,Road Accidents,Circle,City/Town,Near School or College,Human Error,No,Fatal,Vehicle to Vehicle,No signal lights,Curve,One way,Bitumen(Tar),Dry,No influence on accident,Fine,DR RAJKUMAR RD,NEAR GROUND,10,0.0,0.0,0,0,0.0,0.0
Bengaluru City,Rajajinagar Traffic PS,1.04432e+16,2020,1,1,Road Accidents,Bottleneck,City/Town,Near Bus stop,Human Error,Yes,Fatal,Hit pedestrian,No signal lights,Straight and flat,One way,Bitumen(Tar),Dry,No influence on accident,Light Rain,NEAR RING RD,NEAR KEB POLL,13,13.0014,77.5268,0,0,0.0,0.0
Bengaluru City,Rajajinagar Traffic PS,1.04432e+16,2020,1,2,Road Accidents,Circle,City/Town,Near office complex,Human Error,No,Grievous Injury,Vehicle to Vehicle,No signal lights,Curve,Two way,Bitumen(Tar),Dry,No influence on accident,Fine,NEAR VATAL NAGARA RD,NEAR TREE,10,0.0,0.0,0,0,0.0,0.0
Bengaluru City,Rajajinagar Traffic PS,1.04432e+16,2020,1,2,Road Accidents,Circle,City/Town,Near Bus stop,Human Error,Yes,Fatal,Vehicle to Vehicle,No signal lights,Straight and flat,Two way,Bitumen(Tar),Dry,Engineering Defect of Road,Fine,NEAR RING RD,NEAR KEB POLL,10,0.0,0.0,4,0,0.0,4.0
Bengaluru City,Rajajinagar Traffic PS,1.04432e+16,2020,1,2,Road Accidents,Narrow road,Rural Areas,Narrow bridge or culverts,Human Error,No,Simple Injury,Vehicle to Vehicle,Uncontrolled,Straight and flat,One way,Bitumen(Tar),Dry,Construction Work / Material,Clear,NANDINILAYOUT OUTER RING ROAD,KOLLINAGARA BRIDGE,13,0.0,0.0,2,0,0.0,2.0
Bengaluru City,Rajajinagar Traffic PS,1.04432e+16,2021,1,1,Road Accidents,Not Applicable,City/Town,Residential area,Human Error,Yes,Simple Injury,Hit pedestrian,Uncontrolled,Straight and flat,Residential Street,Bitumen(Tar),Dry,No influence on accident,Fine,1st Main 5th Crs Kaveeri Nagara,No107,2,0.0,0.0,0,0,0.0,0.0
Bengaluru City,Rajajinagar Traffic PS,1.04432e+16,2021,1,2,Road Accidents,Not Applicable,City/Town,Near Bus stop,Human Error,Yes,Fatal,Vehicle to Vehicle,Uncontrolled,Straight and flat,One way,Concrete,Dry,No influence on accident,Fine,Nandini Layout Outer Ring Road,Near Srinivasa Hotel,23,0.0,0.0,0,0,0.0,0.0
Bengaluru City,Rajajinagar Traffic PS,1.04432e+16,2021,1,2,Road Accidents,Junction,City/Town,Residential area,Human Error,No,Simple Injury,Vehicle to Vehicle,Uncontrolled,Curve,Two way,Bitumen(Tar),Dry,No influence on accident,Clear,11th Main Rajajinagar,Near Suresh Hospital,18,0.0,0.0,0,0,0.0,0.0
Bengaluru City,Rajajinagar Traffic PS,1.04432e+16,2021,1,1,Road Accidents,Not Applicable,City/Town,Residential area,Human Error,No,Grievous Injury,Hit pedestrian,Uncontrolled,Straight and flat,Two way,Bitumen(Tar),Dry,No influence on accident,Fog / Mist,"36 th Cross, 2nd Block, Rajajinagar",Infront Gehlot House,13,0.0,0.0,0,0,0.0,0.0
Bengaluru City,Rajajinagar Traffic PS,1.04432e+16,2021,1,1,Rail Road Accidents,Not Applicable,City/Town,Residential area,Human Error,Yes,Simple Injury,Not Applicable,Uncontrolled,Straight and flat,Two way,Bitumen(Tar),Dry,No influence on accident,Fine,"17th Main JC Nagara, Kurubarahalli",Near Sri Manjunatha Old Paper Mart,14,0.0,0.0,0,0,0.0,0.0
Bengaluru City,Rajajinagar Traffic PS,1.04432e+16,2021,1,2,Road Accidents,Curves,City/Town,Near Bus stop,Human Error,No,Grievous Injury,Vehicle to Vehicle,Uncontrolled,Curve,Two way,Bitumen(Tar),Dry,No influence on accident,Clear,Watal Nagaraj Road Rajajinagara,Ramamandira Ground,15,12.986182,77.556193,0,0,0.0,0.0
Bengaluru City,Rajajinagar Traffic PS,1.04432e+16,2021,1,2,Road Accidents,Curves,City/Town,Near Bus stop,Human Error,No,Damage Only,Vehicle to Vehicle,Uncontrolled,Curve,One way,Bitumen(Tar),Dry,No influence on accident,Fine,RAMAMANDIRA RD,Made Pluse Shop,6,0.0,0.0,0,0,0.0,0.0
Bengaluru City,Rajajinagar Traffic PS,1.04432e+16,2021,1,1,Road Accidents,Curves,City/Town,Near a factory industrial area,Human Error,Yes,Grievous Injury,Hit pedestrian,Uncontrolled,Curve,Two way,Bitumen(Tar),Dry,No influence on accident,Fine,"Kanteerav Studio Road, Krishnananda Circle, Nandini Layout",Near Tarana Sagar Hotel,9,0.0,0.0,0,0,0.0,0.0
Bengaluru City,Rajajinagar Traffic PS,1.04432e+16,2021,1,2,Road Accidents,Cross roads,City/Town,Near Bus stop,Human Error,No,Damage Only,Vehicle to Vehicle,Uncontrolled,Straight and flat,One way,Concrete,Dry,No influence on accident,Clear,Ring Road Nandinilayout,Kempegouda Arch,15,0.0,0.0,0,0,0.0,0.0
Bengaluru City,Rajajinagar Traffic PS,1.04432e+16,2021,1,1,Road Accidents,Curves,City/Town,Residential area,Human Error,No,Simple Injury,Hit pedestrian,Uncontrolled,Straight and flat,Two way,Bitumen(Tar),Dry,No influence on accident,Clear,4th D Main Road Nagapura mahalakshmilayout,The BCC Bank Buliding,8,0.0,0.0,0,0,0.0,0.0
Bengaluru City,Rajajinagar Traffic PS,1.04432e+16,2021,1,1,Road Accidents,Junction,City/Town,Residential area,Human Error,Yes,Fatal,Hit pedestrian,Uncontrolled,Curve,Two way,Bitumen(Tar),Dry,No influence on accident,Fine,"10th Cross, 2nd Main, Mahalakshmipura",Near Mudalagiriyappa House,17,0.0,0.0,0,0,0.0,0.0
Bengaluru City,Rajajinagar Traffic PS,1.04432e+16,2021,1,1,Road Accidents,Not Applicable,City/Town,Open area,Human Error,No,Fatal,Not Applicable,Uncontrolled,Others,Others,Not Applicable,Dry,Not Applicable,Others,Ring Road,Near Kempegowda Arch,40,0.0,0.0,0,0,0.0,0.0
Bengaluru City,Rajajinagar Traffic PS,1.04432e+16,2021,1,1,Road Accidents,Not Applicable,City/Town,Near office complex,Human Error,Yes,Grievous Injury,Hit pedestrian,Uncontrolled,Straight and flat,One way,Concrete,Dry,No influence on accident,Fog / Mist,Nandini Layout Outer Ring Road,Near Sri Saibaba Temple,4,0.0,0.0,0,0,0.0,0.0
Bengaluru City,Rajajinagar Traffic PS,1.04432e+16,2021,1,1,Road Accidents,Not Applicable,City/Town,Near office complex,Human Error,No,Grievous Injury,Hit pedestrian,Uncontrolled,Straight and flat,One way,Concrete,Dry,No influence on accident,Fog / Mist,Nandini Layout Outer Ring Road,Near Marishash Food Point,10,13.017227,77.531621,0,0,0.0,0.0
Bengaluru City,Rajajinagar Traffic PS,1.04432e+16,2021,1,1,Road Accidents,Not Applicable,City/Town,Near Petrol Pump,Human Error,No,Grievous Injury,Not Applicable,Uncontrolled,Slight Curve,Others,Bitumen(Tar),Dry,No influence on accident,Fine,Watal Nagaraj road,Rajajinagara entrence Under Pass,16,0.0,0.0,0,0,0.0,0.0
Bengaluru City,Rajajinagar Traffic PS,1.04432e+16,2021,1,2,Road Accidents,Curves,City/Town,Near Bus stop,Human Error,No,Fatal,Vehicle to Vehicle,Uncontrolled,Curve,One way,Concrete,Dry,Construction Work / Material,Fine,Ring Road Nandinilayout,BHEL Bus Stop,14,0.0,0.0,2,0,0.0,2.0
Bengaluru City,Rajajinagar Traffic PS,1.04432e+16,2021,1,1,Road Accidents,Not Applicable,City/Town,Open area,Human Error,No,Simple Injury,Hit pedestrian,Uncontrolled,Straight and flat,Not Applicable,Surfaced,Dry,No influence on accident,Others,"Near Munibachhamma Ashram, Sri Guru Brameshwara Condiments  Near Open Area, Laggere.",Sri Guru Brameshwara Condiments,20,0.0,0.0,0,0,,
Bengaluru City,Rajajinagar Traffic PS,1.04432e+16,2021,1,1,Road Accidents,Not Applicable,City/Town,Residential area,Human Error,Yes,Grievous Injury,Hit pedestrian,Uncontrolled,Straight and flat,Others,Bitumen(Tar),Dry,Not Applicable,Others,2nd A cross road,Huose No 90,10,0.0,0.0,0,0,0.0,0.0
Bengaluru City,Rajajinagar Traffic PS,1.04432e+16,2021,1,2,Road Accidents,Not Applicable,City/Town,Residential area,Human Error,No,Grievous Injury,Vehicle to Vehicle,Uncontrolled,Straight and flat,Two way,Bitumen(Tar),Dry,No influence on accident,Clear,Kurubarahalli JC Nagara Pipelin Road,Infront Of Avinash Bar,14,0.0,0.0,0,0,0.0,0.0
Bengaluru City,Rajajinagar Traffic PS,1.04432e+16,2021,1,1,Road Accidents,Curves,City/Town,Residential area,Human Error,No,Simple Injury,Vehicle to Vehicle,Uncontrolled,Curve,Two way,Bitumen(Tar),Dry,No influence on accident,Clear,Shankar Nagara 44 th Ward Main Road,44 Ward BBMP OFFiCE,21,0.0,0.0,0,0,0.0,0.0
Bengaluru City,Rajajinagar Traffic PS,1.04432e+16,2021,1,1,Road Accidents,Junction,City/Town,Residential area,Human Error,No,Simple Injury,Vehicle to Vehicle,Uncontrolled,Curve,Others,Bitumen(Tar),Dry,No influence on accident,Fog / Mist,JC Nagar 17th Main Road,Near Raja Kaluve,8,0.0,0.0,0,0,0.0,0.0
Bengaluru City,Rajajinagar Traffic PS,1.04432e+16,2021,1,1,Road Accidents,Junction,City/Town,Near Bus stop,Human Error,No,Fatal,Hit pedestrian,Uncontrolled,Curve,Others,Bitumen(Tar),Dry,No influence on accident,Fine,Service Road West of Card Road Mahalakshmilayout,Near Bhovipalya Park,6,13.05254,77.33506,0,0,0.0,0.0
Bengaluru City,Rajajinagar Traffic PS,1.04432e+16,2021,1,1,Road Accidents,Not Applicable,City/Town,Near office complex,Human Error,No,Simple Injury,Hit pedestrian,Uncontrolled,Straight and flat,Others,Bitumen(Tar),Dry,No influence on accident,Clear,"Dr Rajkumara Opp Service Road , Ring Road Nandinilayout",Dr Rajkumar Smarak,18,0.0,0.0,0,0,0.0,0.0
Bengaluru City,Rajajinagar Traffic PS,1.04432e+16,2021,1,1,Road Accidents,Junction,City/Town,Near a factory industrial area,Human Error,No,Grievous Injury,Hit pedestrian,Uncontrolled,Curve,Others,Bitumen(Tar),Dry,No influence on accident,Fine,Nandinilayout Main Road,A S New Sagara Delux,7,13.018971,77.539766,0,0,0.0,0.0
Bengaluru City,Rajajinagar Traffic PS,1.04432e+16,2021,1,1,Road Accidents,Not Applicable,City/Town,Near Bus stop,Human Error,No,Grievous Injury,Hit pedestrian,Uncontrolled,Straight and flat,One way,Concrete,Dry,No influence on accident,Fine,Nandini Layout Ring Road,Near Chowdeshwari bus Stop,10,0.0,0.0,0,0,0.0,0.0
Bengaluru City,Rajajinagar Traffic PS,1.04432e+16,2021,1,2,Road Accidents,Not Applicable,City/Town,Near Bus stop,Human Error,No,Grievous Injury,Vehicle to Vehicle,Uncontrolled,Straight and flat,One way,Concrete,Dry,No influence on accident,Fine,Nandini Layout Outer Ring Road,Near BHEL Bus Stop,20,0.0,0.0,0,0,0.0,0.0
Bengaluru City,Rajajinagar Traffic PS,1.04432e+16,2021,1,2,Road Accidents,Junction,City/Town,Near Hospital,Human Error,No,Simple Injury,Vehicle to Vehicle,Uncontrolled,Curve,Two way,Bitumen(Tar),Dry,No influence on accident,Fine,41 TH CROSS RJN,ESI Hospital  Rajajinagara,17,0.0,0.0,0,0,0.0,0.0
Bengaluru City,Rajajinagar Traffic PS,1.04432e+16,2021,1,2,Road Accidents,Not Applicable,City/Town,Near Bus stop,Human Error,No,Fatal,Vehicle to Vehicle,Uncontrolled,Straight and flat,Two way,Bitumen(Tar),Dry,No influence on accident,Fog / Mist,"12th Cross, Mahalakshmipura",Near Lakshmi Battery Senter,5,0.0,0.0,0,0,0.0,0.0
Bengaluru City,Rajajinagar Traffic PS,1.04432e+16,2021,1,1,Road Accidents,Not Applicable,City/Town,Near Bus stop,Human Error,No,Grievous Injury,Hit pedestrian,Uncontrolled,Straight and flat,One way,Concrete,Dry,No influence on accident,Fog / Mist,Nandini Layout Outer Ring Road,Near BHEL Bus Stop,30,0.0,0.0,0,0,0.0,0.0
Bengaluru City,Rajajinagar Traffic PS,1.04432e+16,2021,1,2,Road Accidents,Not Applicable,City/Town,Near office complex,Human Error,No,Grievous Injury,Vehicle to Vehicle,Uncontrolled,Straight and flat,Two way,Bitumen(Tar),Dry,No influence on accident,Clear,Laggere Main Road,Ram dev Home Apleance,10,0.0,0.0,0,0,0.0,0.0