DISTRICTNAME,UNITNAME,Crime_No,Year,RI,Noofvehicle_involved,Accident_Classification,Accident_Spot,Accident_Location,Accident_SubLocation,Main_Cause,Hit_Run,Severity,Collision_Type,Junction_Control,Road_Character,Road_Type,Surface_Type,Surface_Condition,Road_Condition,Weather,Accident_Road,Landmark_first,Distance_LandMark_First,Latitude,Longitude,Road_Condition_Score,Surface_Condition_Score,Surface_Type_Score,Road_Risk_Index
Bengaluru City,Rajajinagar Traffic PS,1.04432e+16,2021,1,1,Road Accidents,Curves,City/Town,Residential area,Human Error,No,Simple Injury,Hit pedestrian,Uncontrolled,Slight Curve,Two way,Bitumen(Tar),Dry,No influence on accident,Fine,35th Main Jaimaruthi Nagara,SSVB Bekary,8,0.0,0.0,0,0,0.0,0.0
Bengaluru City,Rajajinagar Traffic PS,1.04432e+16,2021,1,2,Road Accidents,Not Applicable,City/Town,Near Bus stop,Human Error,Yes,Grievous Injury,Vehicle to Vehicle,Uncontrolled,Straight and flat,One way,Concrete,Dry,No influence on accident,Fine,NandiniLayout Outer Ring Road,Koolinagara Bridge,0,0.0,0.0,0,0,0.0,0.0
Bengaluru City,Rajajinagar Traffic PS,1.04432e+16,2021,1,1,Road Accidents,Curves,City/Town,Residential area,Human Error,No,Simple Injury,Hit pedestrian,Uncontrolled,Curve,Residential Street,Bitumen(Tar),Dry,No influence on accident,Clear,"3RD MAIN, MUNESHWAR BLACK",PAVITHRA DRYCLEAN SHOP,6,0.0,0.0,0,0,0.0,0.0
Bengaluru City,Rajajinagar Traffic PS,1.04432e+16,2021,1,1,Road Accidents,Not Applicable,City/Town,Residential area,Human Error,No,Simple Injury,Hit pedestrian,Uncontrolled,Straight and flat,One way,Bitumen(Tar),Dry,No influence on accident,Fine,"Ring Road, Nandini Layout",Near Vishal Mart,19,0.0,0.0,0,0,0.0,0.0
Bengaluru City,Rajajinagar Traffic PS,1.04432e+16,2021,1,1,Road Accidents,Junction,Rural Areas,Residential area,Human Error,No,Grievous Injury,Vehicle to Vehicle,Uncontrolled,Curve,Two way,Bitumen(Tar),Dry,No influence on accident,Fine,JC Nagara Pipelane Road Kurubarahalli,Shiva Temple,36,0.0,0.0,0,0,0.0,0.0
Bengaluru City,Rajajinagar Traffic PS,1.04432e+16,2021,1,2,Road Accidents,Not Applicable,City/Town,Near Bus stop,Human Error,No,Simple Injury,Vehicle to Vehicle,Uncontrolled,Others,Service Road,Bitumen(Tar),Dry,No influence on accident,Fine,WEST OF COARD ROAD SERVICE ROAD,HDFC Bank 2nd Phase,12,0.0,0.0,0,0,0.0,0.0
Bengaluru City,Rajajinagar Traffic PS,1.04432e+16,2021,1,1,Road Accidents,Curves,City/Town,Near office complex,Human Error,No,Fatal,Hit pedestrian,Uncontrolled,Curve,Two way,Bitumen(Tar),Dry,No influence on accident,Clear,Laggere Service Road,Nandini Bar & Restorent,6,0.0,0.0,0,0,0.0,0.0
Bengaluru City,Rajajinagar Traffic PS,1.04432e+16,2021,1,2,Road Accidents,Not Applicable,City/Town,Near School or College,Human Error,No,Simple Injury,Vehicle to Vehicle,Uncontrolled,Straight and flat,Two way,Bitumen(Tar),Dry,No influence on accident,Fine,12th Main Rajajinagar,Near Bindu aportment,18,0.0,0.0,0,0,0.0,0.0
Bengaluru City,Rajajinagar Traffic PS,1.04432e+16,2021,1,1,Road Accidents,Curves,City/Town,Residential area,Human Error,Yes,Simple Injury,Hit pedestrian,Uncontrolled,Curve,Service Road,Bitumen(Tar),Dry,No influence on accident,Fine,"6th Main Road, Mahalkashmi Layout",Near Near Planest Buildling,5,0.0,0.0,0,0,0.0,0.0
Bengaluru City,Rajajinagar Traffic PS,1.04432e+16,2021,1,2,Road Accidents,Junction,City/Town,Near Hospital,Human Error,No,Grievous Injury,Vehicle to Vehicle,Uncontrolled,Curve,Two way,Bitumen(Tar),Dry,No influence on accident,Clear,17th Main Rajajinagara,Infront Of ESI Hospital Back Gate,20,12.990468,77.55248,0,0,0.0,0.0
Bengaluru City,Rajajinagar Traffic PS,1.04432e+16,2021,1,2,Road Accidents,Not Applicable,City/Town,Residential area,Human Error,No,Grievous Injury,Vehicle to Vehicle,Uncontrolled,Straight and flat,Two way,Bitumen(Tar),Dry,No influence on accident,Clear,"Vijayanandanagara Main Road, Nandini Layout",Near Nirmala Medicals,4,0.0,0.0,0,0,0.0,0.0
Bengaluru City,Rajajinagar Traffic PS,1.04432e+16,2021,1,1,Road Accidents,Not Applicable,City/Town,Near Bus stop,Human Error,No,Grievous Injury,Hit pedestrian,Uncontrolled,Others,Others,Concrete,Dry,Drainage Ditch,Clear,Ring road,Dr Rajkumar Smarak,10,0.0,0.0,4,0,0.0,4.0
Bengaluru City,Rajajinagar Traffic PS,1.04432e+16,2021,1,1,Road Accidents,Curves,City/Town,Near Bus stop,Human Error,No,Damage Only,Vehicle to Vehicle,Uncontrolled,Straight and flat,Residential Street,Bitumen(Tar),Dry,No influence on accident,Clear,VATAL NAGARA RD,Ramkumara Mill,8ft,0.0,0.0,0,0,0.0,0.0
Bengaluru City,Rajajinagar Traffic PS,1.04432e+16,2021,1,1,Road Accidents,Curves,City/Town,Near office complex,Human Error,No,Grievous Injury,Hit pedestrian,Uncontrolled,Curve,Two way,Bitumen(Tar),Dry,No influence on accident,Fine,"1st Main, Jai Maruthi Nagar",Maruthi Medical,9,0.0,0.0,0,0,0.0,0.0
Bengaluru City,Rajajinagar Traffic PS,1.04432e+16,2021,1,2,Road Accidents,Junction,City/Town,Residential area,Vehicle Defect,No,Damage Only,Vehicle to Vehicle,No signal lights,Others,Others,Bitumen(Tar),Dry,Not Applicable,Clear,Sukruthi apartment road,House No 09,3,0.0,0.0,0,0,0.0,0.0
Bengaluru City,Rajajinagar Traffic PS,1.04432e+16,2021,1,2,Road Accidents,Curves,City/Town,Residential area,Human Error,No,Fatal,Vehicle to Vehicle,Uncontrolled,Curve,Residential Street,Bitumen(Tar),Dry,No influence on accident,Fine,Pipe Line Road J C Nagara,Sri Lakshminarashmiha Swamy Nilaya,10,0.0,0.0,0,0,0.0,0.0
Bengaluru City,Rajajinagar Traffic PS,1.04432e+16,2021,1,1,Road Accidents,Not Applicable,City/Town,Residential area,Human Error,No,Grievous Injury,Hit pedestrian,Uncontrolled,Others,Residential Street,Bitumen(Tar),Dry,No influence on accident,Clear,"11 th Cross, Nagapura Main Road",Sri Shanimahatma Temple,28,0.0,0.0,0,0,0.0,0.0
Bengaluru City,Rajajinagar Traffic PS,1.04432e+16,2021,1,2,Road Accidents,Curves,City/Town,Near Petrol Pump,Human Error,No,Simple Injury,Vehicle to Vehicle,Uncontrolled,Curve,Service Road,Bitumen(Tar),Dry,No influence on accident,Fine,peenya industrial area 100 ft road,FTI Industrial Factory,31,0.0,0.0,0,0,0.0,0.0
Bengaluru City,Rajajinagar Traffic PS,1.04432e+16,2021,1,1,Road Accidents,Cross roads,City/Town,Near Bus stop,Human Error,No,Simple Injury,Vehicle to Vehicle,Uncontrolled,Curve,One way,Bitumen(Tar),Dry,No influence on accident,Fine,100 FET RD,Sonal Garments,20,0.0,0.0,0,0,0.0,0.0
Bengaluru City,Rajajinagar Traffic PS,1.04432e+16,2021,1,1,Road Accidents,Not Applicable,City/Town,Near Bus stop,Human Error,No,Simple Injury,Hit pedestrian,Uncontrolled,Straight and flat,Two way,Bitumen(Tar),Dry,No influence on accident,Clear,LAGGERE MAIN RD,Preethi Bar,2,0.0,0.0,0,0,0.0,0.0
Bengaluru City,Rajajinagar Traffic PS,1.04432e+16,2021,1,2,Road Accidents,Not Applicable,City/Town,Near Bus stop,Human Error,No,Fatal,Vehicle to Vehicle,Uncontrolled,Straight and flat,One way,Concrete,Dry,No influence on accident,Others,Ring Road Nandinilayout,Kadamba Bar,10,13.05418,77.322211,0,0,0.0,0.0
Bengaluru City,Rajajinagar Traffic PS,1.04432e+16,2021,1,1,Road Accidents,Not Applicable,City/Town,Near Bus stop,Human Error,No,Fatal,Not Applicable,Uncontrolled,Straight and flat,One way,Bitumen(Tar),Dry,No influence on accident,Others,Outer ring road Nandinilayout,Vishal Mart,19,0.0,0.0,0,0,0.0,0.0
Bengaluru City,Rajajinagar Traffic PS,1.04432e+16,2021,1,2,Road Accidents,Not Applicable,City/Town,Near office complex,Human Error,No,Fatal,Vehicle to Vehicle,Uncontrolled,Straight and flat,One way,Concrete,Dry,No influence on accident,Others,Nandinilayout Ring road,Sri Venkateshvara EnterPrisiess,12,0.0,0.0,0,0,0.0,0.0
Bengaluru City,Rajajinagar Traffic PS,1.04432e+16,2021,1,2,Road Accidents,Not Applicable,City/Town,Near a religious place,Human Error,No,Grievous Injury,Vehicle to Vehicle,Uncontrolled,Straight and flat,One way,Concrete,Dry,No influence on accident,Fog / Mist,"Nandini Layout, Ring Road",Near Sai Baba Temple,16,0.0,0.0,0,0,0.0,0.0
Bengaluru City,Rajajinagar Traffic PS,1.04432e+16,2021,1,2,Road Accidents,Curves,City/Town,Near office complex,Human Error,No,Grievous Injury,Hit pedestrian,Uncontrolled,Curve,Two way,Bitumen(Tar),Dry,No influence on accident,Fine,6th Main roadMuneshwara Blk,Janatha Co Oparativa bank,28,0.0,0.0,0,0,0.0,0.0
Bengaluru City,Rajajinagar Traffic PS,1.04432e+16,2021,1,2,Road Accidents,Curves,City/Town,Residential area,Human Error,Yes,Grievous Injury,Vehicle to Vehicle,Uncontrolled,Straight and flat,Two way,Bitumen(Tar),Dry,No influence on accident,Fine,5 th Crs Prakasha nagara,Vinayak Enginearworks,8,0.0,0.0,0,0,0.0,0.0
Bengaluru City,Rajajinagar Traffic PS,1.04432e+16,2021,1,2,Road Accidents,Curves,City/Town,Residential area,Human Error,No,Grievous Injury,Vehicle to Vehicle,Uncontrolled,Curve,Two way,Bitumen(Tar),Dry,No influence on accident,Fine,12 th Main Road,Suresh Hospital,10,0.0,0.0,0,0,0.0,0.0
Bengaluru City,Rajajinagar Traffic PS,1.04432e+16,2021,1,2,Road Accidents,Junction,City/Town,Near Hospital,Human Error,No,Simple Injury,Vehicle to Vehicle,Uncontrolled,Curve,One way,Bitumen(Tar),Dry,No influence on accident,Fog / Mist,Nandini Layout Main Road,Near Nanjundeshwaranagar Arch,8,0.0,0.0,0,0,0.0,0.0
Bengaluru City,Rajajinagar Traffic PS,1.04432e+16,2021,1,2,Road Accidents,Curves,City/Town,Near office complex,Human Error,No,Simple Injury,Vehicle to Vehicle,Uncontrolled,Curve,Two way,Bitumen(Tar),Dry,No influence on accident,Fine,KANTERAVA nagara,Kanteerava Tent Road,8,0.0,0.0,0,0,0.0,0.0
Bengaluru City,Rajajinagar Traffic PS,1.04432e+16,2021,1,1,Road Accidents,Not Applicable,City/Town,Residential area,Human Error,No,Fatal,Vehicle to Vehicle,Uncontrolled,Straight and flat,Residential Street,Bitumen(Tar),Dry,No influence on accident,Others,"1st Crs,1st main MahalakshmiLayout",Ramesh Real Estate Buliding,12,0.0,0.0,0,0,0.0,0.0
Bengaluru City,Rajajinagar Traffic PS,1.04432e+16,2021,1,2,Road Accidents,Not Applicable,City/Town,Near Hospital,Human Error,No,Grievous Injury,Vehicle to Vehicle,Uncontrolled,Straight and flat,Two way,Bitumen(Tar),Dry,No influence on accident,Clear,17 th Main road Near ESI Hospital,ESI Hospital  Rajajinagara,19,0.0,0.0,0,0,0.0,0.0
Bengaluru City,Rajajinagar Traffic PS,1.04432e+16,2021,1,2,Road Accidents,Not Applicable,City/Town,Near a factory industrial area,Human Error,No,Fatal,Vehicle to Vehicle,Uncontrolled,Straight and flat,One way,Bitumen(Tar),Dry,No influence on accident,Fog / Mist,peenya industrial area 100 ft road,Near FTI Factory Compound,6,0.0,0.0,0,0,0.0,0.0
Bengaluru City,Rajajinagar Traffic PS,1.04432e+16,2021,1,1,Road Accidents,Not Applicable,City/Town,Near office complex,Human Error,Yes,Grievous Injury,Hit pedestrian,Uncontrolled,Straight and flat,One way,Bitumen(Tar),Dry,No influence on accident,Fine,Dr Rajkumar Road Rajajinagara,Sri Raghavendra Temple,30,0.0,0.0,0,0,0.0,0.0
Bengaluru City,Rajajinagar Traffic PS,1.04432e+16,2021,1,2,Road Accidents,Curves,City/Town,Near office complex,Human Error,No,Grievous Injury,Vehicle to Vehicle,Uncontrolled,Curve,Two way,Bitumen(Tar),Dry,No influence on accident,Fine,"Lorry Terminal Jun, kantirava Studio road",Vasantha Dhaba,11,0.0,0.0,0,0,0.0,0.0
Bengaluru City,Rajajinagar Traffic PS,1.04432e+16,2021,1,1,Road Accidents,Curves,City/Town,Near office complex,Human Error,No,Grievous Injury,Hit pedestrian,Uncontrolled,Curve,Two way,Bitumen(Tar),Dry,No influence on accident,Fine,9th Main Road JC Nagara,NS variyar Bekari,6,0.0,0.0,0,0,0.0,0.0
Bengaluru City,Rajajinagar Traffic PS,1.04432e+16,2021,1,2,Road Accidents,Not Applicable,City/Town,Residential area,Human Error,No,Grievous Injury,Vehicle to Vehicle,Uncontrolled,Straight and flat,Others,Bitumen(Tar),Dry,No influence on accident,Fine,"12th Main, Mahalakshmi LayOut",Near GD Naidu Hall,21,0.0,0.0,0,0,0.0,0.0
Bengaluru City,Rajajinagar Traffic PS,1.04432e+16,2022,1,1,Road Accidents,Not Applicable,City/Town,Residential area,Human Error,No,Simple Injury,Hit pedestrian,Uncontrolled,Straight and flat,Two way,Bitumen(Tar),Dry,No influence on accident,Fine,6th Main Rahvi badavane,Hose No 76,4,0.0,0.0,0,0,0.0,0.0
Bengaluru City,Rajajinagar Traffic PS,1.04432e+16,2022,1,2,Road Accidents,Curves,City/Town,Residential area,Human Error,No,Grievous Injury,Vehicle to Vehicle,Uncontrolled,Curve,Others,Bitumen(Tar),Dry,No influence on accident,Clear,10th Main Rajajinagaea,Infront Of Himalaya Provision Store,6,0.0,0.0,0,0,0.0,0.0
Bengaluru City,Rajajinagar Traffic PS,1.04432e+16,2022,1,2,Road Accidents,Not Applicable,City/Town,Near Bus stop,Human Error,No,Simple Injury,Vehicle to Vehicle,Uncontrolled,Straight and flat,One way,Concrete,Dry,No influence on accident,Fog / Mist,Nandini Layout Ring Road,Near Kempegowda Arch,35,0.0,0.0,0,0,0.0,0.0
Bengaluru City,Rajajinagar Traffic PS,1.04432e+16,2022,1,1,Road Accidents,Not Applicable,City/Town,Near Bus stop,Human Error,No,Fatal,Hit pedestrian,Uncontrolled,Not Applicable,Two way,Bitumen(Tar),Dry,Not Applicable,Fine,"Kanteerava Studio Main Road, Nandinilayout",Lorry Terminal,4KM,13.019013,77.539748,0,0,0.0,0.0
Bengaluru City,Rajajinagar Traffic PS,1.04432e+16,2022,1,2,Road Accidents,Not Applicable,City/Town,Near Bus stop,Human Error,No,Grievous Injury,Vehicle to Vehicle,Uncontrolled,Straight and flat,One way,Bitumen(Tar),Dry,Engineering Defect of Road,Fine,Nandinilayout  Outer Ring Road,Sri Sai baba Temple,10,0.0,0.0,4,0,0.0,4.0
Bengaluru City,Rajajinagar Traffic PS,1.04432e+16,2022,1,2,Road Accidents,Curves,City/Town,Residential area,Human Error,No,Grievous Injury,Vehicle to Vehicle,Uncontrolled,Straight and flat,Residential Street,Bitumen(Tar),Dry,No influence on accident,Fine,JC Nagara Pipelane Road Kurubarahalli,Public Park,10,0.0,0.0,0,0,0.0,0.0
Bengaluru City,Rajajinagar Traffic PS,1.04432e+16,2022,1,1,Road Accidents,Bottleneck,City/Town,Residential area,Human Error,No,Simple Injury,Hit pedestrian,Uncontrolled,Curve,Two way,Bitumen(Tar),Dry,No influence on accident,Fog / Mist,Laggere,Nandini Bar & Restorent,4,0.0,0.0,0,0,0.0,0.0
Bengaluru City,Rajajinagar Traffic PS,1.04432e+16,2022,1,3,Road Accidents,Not Applicable,City/Town,Residential area,Human Error,No,Damage Only,Vehicle to Vehicle,Uncontrolled,Straight and flat,Residential Street,Bitumen(Tar),Dry,No influence on accident,Fog / Mist,2nd Main Freedom Fighters Colony Laggere,In Front Of House No 357 Shiva Shakthi Nelaya,2,0.0,0.0,0,0,0.0,0.0
Bengaluru City,Rajajinagar Traffic PS,1.04432e+16,2022,1,1,Road Accidents,Not Applicable,City/Town,Residential area,Human Error,No,Grievous Injury,Hit pedestrian,Uncontrolled,Straight and flat,Residential Street,Bitumen(Tar),Dry,No influence on accident,Clear,3rd Main Kurubarahalli,Jayadurga Kalyana Mantapa,7,0.0,0.0,0,0,0.0,0.0
Bengaluru City,Rajajinagar Traffic PS,1.04432e+16,2022,1,2,Road Accidents,Not Applicable,City/Town,Near Bus stop,Human Error,No,Grievous Injury,Vehicle to Vehicle,Uncontrolled,Straight and flat,Two way,Bitumen(Tar),Dry,No influence on accident,Clear,Laggere Alada Mara Road,Near Krishnabhavan Hotel,10,0.0,0.0,0,0,0.0,0.0
Bengaluru City,Rajajinagar Traffic PS,1.04432e+16,2022,1,1,Road Accidents,Circle,City/Town,Near School or College,Human Error,Not Applicable,Grievous Injury,Hit pedestrian,Uncontrolled,Not Applicable,Two way,Bitumen(Tar),Dry,Not Applicable,Fine,NANDINI LAYOUT  Bus Stand Road,2Km,2KM,0.0,0.0,0,0,0.0,0.0
Bengaluru City,Rajajinagar Traffic PS,1.04432e+16,2022,1,2,Road Accidents,Junction,City/Town,Residential area,Human Error,No,Simple Injury,Vehicle to Vehicle,Uncontrolled,Curve,Two way,Bitumen(Tar),Dry,No influence on accident,Clear,"17th Main Road, Kurubarahalli",Near Brahmalingeshwara Tiffin Center,10,0.0,0.0,0,0,0.0,0.0
Bengaluru City,Rajajinagar Traffic PS,1.04432e+16,2022,1,1,Road Accidents,Curves,City/Town,Near School or College,Human Error,No,Simple Injury,Not Applicable,Uncontrolled,Curve,One way,Bitumen(Tar),Dry,No influence on accident,Clear,"1st Main Road, J.C.Nagara, Kurubarahalli",Near Oxford School,13,0.0,0.0,0,0,0.0,0.0
Bengaluru City,Rajajinagar Traffic PS,1.04432e+16,2022,1,2,Road Accidents,Curves,City/Town,Residential area,Human Error,No,Grievous Injury,Vehicle to Vehicle,Uncontrolled,Straight and flat,Residential Street,Bitumen(Tar),Dry,No influence on accident,Fine,J C Nagara Pipe Lane Road  Kurubarahalli,Sri Dhurgha Kandiments,20,0.0,0.0,0,0,0.0,0.0
Bengaluru City,Rajajinagar Traffic PS,1.04432e+16,2022,1,1,Road Accidents,Not Applicable,City/Town,Residential area,Human Error,No,Grievous Injury,Hit pedestrian,Uncontrolled,Straight and flat,Residential Street,Bitumen(Tar),Dry,No influence on accident,Fine,5th A Cross FF Nagara laggere,Sri Denu Girivasa Nilaya,10,0.0,0.0,0,0,0.0,0.0
Bengaluru City,Rajajinagar Traffic PS,1.04432e+16,2022,1,2,Road Accidents,Curves,City/Town,Residential area,Human Error,No,Grievous Injury,Vehicle to Vehicle,Uncontrolled,Curve,Two way,Bitumen(Tar),Dry,No influence on accident,Clear,"2nd Cross, Ganesh Block, Nandinilayout",Infront Of Arihanth EnClavemant,15,0.0,0.0,0,0,0.0,0.0
Bengaluru City,Rajajinagar Traffic PS,1.04432e+16,2022,1,1,Road Accidents,Not Applicable,City/Town,Near Bus stop,Human Error,No,Simple Injury,Hit pedestrian,Uncontrolled,Straight and flat,One way,Concrete,Dry,No influence on accident,Mist or Fog,Nandini Layout Outer Ring Road,Near Sai Baba Temple,5,0.0,0.0,0,0,0.0,0.0
Bengaluru City,Rajajinagar Traffic PS,1.04432e+16,2022,1,1,Road Accidents,Not Applicable,City/Town,Near Petrol Pump,Human Error,No,Grievous Injury,Hit pedestrian,Uncontrolled,Not Applicable,Two way,Bitumen(Tar),Dry,Not Applicable,Fine,NANDINI LAYOUT Main Road,Near H P Petrol Bank,2KM,13.0126,77.5661,0,0,0.0,0.0
Bengaluru City,Rajajinagar Traffic PS,1.04432e+16,2022,1,2,Road Accidents,Not Applicable,City/Town,Residential area,Human Error,No,Fatal,Vehicle to Vehicle,Uncontrolled,Curve,Two way,Bitumen(Tar),Dry,Not Applicable,Fine,"Nandini Layout, Ring Road",Near Laggere Bridge,5KM,0.0,0.0,0,0,0.0,0.0
Bengaluru City,Rajajinagar Traffic PS,1.04432e+16,2022,1,2,Road Accidents,Curves,City/Town,Narrow bridge or culverts,Human Error,Yes,Grievous Injury,Vehicle to Vehicle,Uncontrolled,Curve,Service Road,Bitumen(Tar),Dry,Not Applicable,Fine,Laggere Service Road,3KM,3KM,0.0,0.0,0,0,0.0,0.0
Bengaluru City,Rajajinagar Traffic PS,1.04432e+16,2022,1,2,Road Accidents,Junction,City/Town,Residential area,Human Error,No,Simple Injury,Vehicle to Vehicle,Uncontrolled,Curve,Two way,Bitumen(Tar),Dry,No influence on accident,Clear,2nd Main Kurubarahalli,Infront Of Mandarthi Juse Center,10,0.0,0.0,0,0,0.0,0.0
Bengaluru City,Rajajinagar Traffic PS,1.04432e+16,2022,1,1,Road Accidents,Junction,City/Town,Near Hospital,Human Error,No,Grievous Injury,Hit pedestrian,Uncontrolled,Curve,Two way,Bitumen(Tar),Dry,No influence on accident,Clear,80 Feet Road Lakshmidevinagara,Near Lakshmidevinagara Bus Stop,15,0.0,0.0,0,0,0.0,0.0
Bengaluru City,Rajajinagar Traffic PS,1.04432e+16,2022,1,1,Road Accidents,Junction,City/Town,Residential area,Human Error,No,Simple Injury,Hit pedestrian,Uncontrolled,Curve,One way,Bitumen(Tar),Dry,No influence on accident,Clear,WEST OF COARD ROAD SERVICE ROAD,Near Prashanthi Ayurvedik,10,0.0,0.0,0,0,0.0,0.0
Bengaluru City,Rajajinagar Traffic PS,1.04432e+16,2022,1,1,Road Accidents,Not Applicable,City/Town,Near Hospital,Human Error,No,Grievous Injury,Hit pedestrian,Uncontrolled,Straight and flat,Service Road,Bitumen(Tar),Dry,No influence on accident,Fine,WEST OF COARD ROAD SERVICE ROAD,Near Metro Station,2,0.0,0.0,0,0,0.0,0.0
Bengaluru City,Rajajinagar Traffic PS,1.04432e+16,2022,1,2,Road Accidents,Junction,City/Town,Residential area,Human Error,No,Simple Injury,Vehicle to Vehicle,Uncontrolled,Curve,Two way,Bitumen(Tar),Dry,No influence on accident,Clear,"46th Cross, 10th Main Road Rajajinagara",46th Cross,15,0.0,0.0,0,0,0.0,0.0
Bengaluru City,Rajajinagar Traffic PS,1.04432e+16,2022,1,2,Road Accidents,Not Applicable,City/Town,Near Bus stop,Human Error,No,Fatal,Vehicle to Vehicle,Uncontrolled,Straight and flat,One way,Concrete,Dry,No influence on accident,Others,Outer ring road Nandinilayout,Dr Rajumar smarak,28,13.018502,77.53187,0,0,0.0,0.0
Bengaluru City,Rajajinagar Traffic PS,1.04432e+16,2022,1,1,Road Accidents,Junction,City/Town,Residential area,Human Error,No,Grievous Injury,Hit pedestrian,Uncontrolled,Straight and flat,Two way,Bitumen(Tar),Dry,No influence on accident,Fine,11th Cross Muneshwara Block Laggere,In Fronr House No 06,14,0.0,0.0,0,0,0.0,0.0
Bengaluru City,Rajajinagar Traffic PS,1.04432e+16,2022,1,2,Road Accidents,Not Applicable,City/Town,Near Bus stop,Human Error,No,Simple Injury,Vehicle to Vehicle,Uncontrolled,Straight and flat,One way,Bitumen(Tar),Dry,No influence on accident,Fog / Mist,"19th Main, Rajajinagara",Near GS Enter prices Bulding,10,0.0,0.0,0,0,0.0,0.0
Bengaluru City,Rajajinagar Traffic PS,1.04432e+16,2022,1,2,Road Accidents,Not Applicable,City/Town,Near office complex,Human Error,No,Simple Injury,Vehicle to Vehicle,Uncontrolled,Straight and flat,One way,Bitumen(Tar),Dry,No influence on accident,Clear,"Dr.Raj Kumar Road, Rajajinagara",Infront Of Honda Show Room,10,0.0,0.0,0,0,0.0,0.0
Bengaluru City,Rajajinagar Traffic PS,1.04432e+16,2022,1,2,Road Accidents,Not Applicable,City/Town,Near a factory industrial area,Human Error,No,Fatal,Vehicle to Vehicle,Uncontrolled,Straight and flat,Two way,Bitumen(Tar),Dry,No influence on accident,Clear,"Kanteerava Studio Main Road, Nandinilayout",Infront Of SLV Byatery Center,12,0.0,0.0,0,0,0.0,0.0
Bengaluru City,Rajajinagar Traffic PS,1.04432e+16,2022,1,1,Road Accidents,Not Applicable,City/Town,Near Bus stop,Human Error,No,Simple Injury,Hit pedestrian,Uncontrolled,Straight and flat,One way,Concrete,Dry,No influence on accident,Mist or Fog,Nandinilayout  Outer Ring Road,Near Laggere Bus Stop,25,0.0,0.0,0,0,0.0,0.0
Bengaluru City,Rajajinagar Traffic PS,1.04432e+16,2022,1,2,Road Accidents,Not Applicable,City/Town,Residential area,Human Error,No,Grievous Injury,Vehicle to Vehicle,Uncontrolled,Straight and flat,Residential Street,Bitumen(Tar),Dry,No influence on accident,Others,Shankar Nagara main Road,ICICI Bank Mahalakshmilayout,30,0.0,0.0,0,0,0.0,0.0
Bengaluru City,Rajajinagar Traffic PS,1.04432e+16,2022,1,2,Road Accidents,Cross roads,City/Town,Residential area,Human Error,No,Grievous Injury,Vehicle to Vehicle,Uncontrolled,Not Applicable,Two way,Bitumen(Tar),Dry,Not Applicable,Fine,42th Cross Road,HouseNo874,5KM,12.989469,77.554198,0,0,0.0,0.0
Bengaluru City,Rajajinagar Traffic PS,1.04432e+16,2022,1,1,Road Accidents,Not Applicable,City/Town,Near Bus stop,Human Error,No,Fatal,Hit pedestrian,Uncontrolled,Not Applicable,One way,Bitumen(Tar),Dry,Not Applicable,Fine,Outer ring road Nandinilayout,BHEL Bus Stop,5KM,13.1599,77.5338,0,0,0.0,0.0
Bengaluru City,Rajajinagar Traffic PS,1.04432e+16,2022,1,1,Road Accidents,Not Applicable,City/Town,Residential area,Human Error,No,Simple Injury,Hit pedestrian,Uncontrolled,Straight and flat,Two way,Bitumen(Tar),Dry,No influence on accident,Clear,"HM Nayaka Road, Jaimaruthinagara, Nandinilayout",Near Haralikatte Anjaneya Temple,4,0.0,0.0,0,0,0.0,0.0
Bengaluru City,Rajajinagar Traffic PS,1.04432e+16,2022,1,2,Road Accidents,Junction,City/Town,Near Hospital,Human Error,No,Grievous Injury,Vehicle to Vehicle,Controlled,Others,Two way,Bitumen(Tar),Dry,No influence on accident,Clear,41 st Cross Road Rajajinagara,ESI Hospital,22,0.0,0.0,0,0,0.0,0.0
Bengaluru City,Rajajinagar Traffic PS,1.04432e+16,2022,1,2,Road Accidents,Junction,City/Town,Residential area,Human Error,No,Grievous Injury,Vehicle to Vehicle,Uncontrolled,Curve,Two way,Bitumen(Tar),Dry,No influence on accident,Clear,Pipeline Road Kurubarahalli,17th Main Junction,12,0.0,0.0,0,0,0.0,0.0
Bengaluru City,Rajajinagar Traffic PS,1.04432e+16,2022,1,1,Road Accidents,Not Applicable,City/Town,Near Bus stop,Human Error,No,Grievous Injury,Hit pedestrian,Uncontrolled,Straight and flat,Others,Not Applicable,Dry,No influence on accident,Clear,Nandini Layout Outer Ring Road,Near Laggere Bridge Bus Stop,10,0.0,0.0,0,0,0.0,0.0
Bengaluru City,Rajajinagar Traffic PS,1.04432e+16,2022,1,1,Road Accidents,Junction,City/Town,Open area,Human Error,No,Simple Injury,Hit pedestrian,Uncontrolled,Curve,Two way,Bitumen(Tar),Dry,No influence on accident,Clear,"4th B Main Road, Mahalakshmilayout",Infront Of Mysuru Product Private LTD,10,0.0,0.0,0,0,0.0,0.0