DISTRICTNAME,UNITNAME,Crime_No,Year,RI,Noofvehicle_involved,Accident_Classification,Accident_Spot,Accident_Location,Accident_SubLocation,Main_Cause,Hit_Run,Severity,Collision_Type,Junction_Control,Road_Character,Road_Type,Surface_Type,Surface_Condition,Road_Condition,Weather,Accident_Road,Landmark_first,Distance_LandMark_First,Latitude,Longitude,Road_Condition_Score,Surface_Condition_Score,Surface_Type_Score,Road_Risk_Index
Bengaluru City,Rajajinagar Traffic PS,1.04432e+16,2023,1,2,Road Accidents,Cross roads,City/Town,Residential area,Human Error,No,Grievous Injury,Vehicle to Vehicle,Uncontrolled,Curve,Others,Bitumen(Tar),Dry,Not Applicable,Fine,13th Cross,Near Jayachamarajendra  Vadeyar Court,1.5 km,12.4121,77.4597,0,0,0.0,0.0
Bengaluru City,Rajajinagar Traffic PS,1.04432e+16,2023,1,1,Road Accidents,Narrow road,City/Town,Near office complex,Human Error,No,Grievous Injury,Hit pedestrian,Not Applicable,Straight and flat,Service Road,Concrete,Dry,Not Applicable,Clear,Outer ring road servies road,Near saibaba temple,50mt,13.001379,77.525188,0,0,0.0,0.0
Bengaluru City,Rajajinagar Traffic PS,1.04432e+16,2023,1,2,Road Accidents,Not Applicable,City/Town,Residential area,Human Error,No,Grievous Injury,Vehicle to Vehicle,Uncontrolled,Curve,Two way,Bitumen(Tar),Dry,Not Applicable,Fine,Laggere Main Road,Near Munsenari School,5KM,13.2656,77.5588,0,0,0.0,0.0
Bengaluru City,Rajajinagar Traffic PS,1.04432e+16,2023,1,2,Road Accidents,Not Applicable,City/Town,Near Bus stop,Human Error,No,Damage Only,Vehicle to Vehicle,Uncontrolled,Straight and flat,Two way,Bitumen(Tar),Dry,No influence on accident,Fine,Watal Nagaraj road,Shivals Hotel,10,0.0,0.0,0,0,0.0,0.0
Bengaluru City,Rajajinagar Traffic PS,1.04432e+16,2023,1,2,Road Accidents,Junction,City/Town,Near Petrol Pump,Human Error,No,Damage Only,Vehicle to Vehicle,Uncontrolled,Others,Others,Bitumen(Tar),Dry,Not Applicable,Others,"Kanteerava Studio Main Road, Nandinilayout",Near Petrol Pump,15,13.4578,77.7896,0,0,0.0,0.0
Bengaluru City,Rajajinagar Traffic PS,1.04432e+16,2023,1,1,Road Accidents,Junction,City/Town,Residential area,Human Error,No,Simple Injury,Hit pedestrian,Uncontrolled,Curve,Two way,Bitumen(Tar),Dry,No influence on accident,Mist or Fog,"1st Main Road, Laggere",Near Public School,10,13.4548,77.7863,0,0,0.0,0.0
Bengaluru City,Rajajinagar Traffic PS,1.04432e+16,2023,1,1,Road Accidents,Curves,City/Town,Residential area,Human Error,No,Fatal,Not Applicable,Not at  Junction,Hump,Two way,Bitumen(Tar),Dry,Not Applicable,Fog / Mist,vatalnagaraj Road,good,2,12.454884,77.457898,0,0,0.0,0.0
Bengaluru City,Rajajinagar Traffic PS,1.04432e+16,2023,1,1,Road Accidents,Not Applicable,City/Town,Residential area,Human Error,No,Grievous Injury,Hit pedestrian,Uncontrolled,Straight and flat,Two way,Bitumen(Tar),Dry,No influence on accident,Clear,Vijayanandanagara main road,Near Shaneshawar Temple,1km,13.008525,77.833645,0,0,0.0,0.0
Bengaluru City,Rajajinagar Traffic PS,1.04432e+16,2023,1,1,Road Accidents,Cross roads,City/Town,Residential area,Human Error,No,Grievous Injury,Hit pedestrian,Not Applicable,Curve,Two way,Concrete,Dry,Not Applicable,Clear,"9th main road, J C Nagara, Kurabarahalli",40th home house,50 mt,13.004471,77.53488,0,0,0.0,0.0
Bengaluru City,Rajajinagar Traffic PS,1.04432e+16,2023,1,2,Road Accidents,Not Applicable,City/Town,Residential area,Human Error,No,Grievous Injury,Vehicle to Vehicle,Uncontrolled,Straight and flat,Residential Street,Bitumen(Tar),Dry,No influence on accident,Fine,Dr Rajkumar Road Rajajinagara,Near Papular Tyars,15,0.0,0.0,0,0,0.0,0.0
Bengaluru City,Rajajinagar Traffic PS,1.04432e+16,2023,1,1,Road Accidents,Curves,City/Town,Near Bus stop,Human Error,No,Grievous Injury,Hit pedestrian,Uncontrolled,Curve,Residential Street,Bitumen(Tar),Dry,No influence on accident,Fine,Saraswathi pura Main Road,Nandinilayout Bus Stop,25,0.0,0.0,0,0,0.0,0.0
Bengaluru City,Rajajinagar Traffic PS,1.04432e+16,2023,1,2,Road Accidents,Cross roads,City/Town,Residential area,Human Error,No,Grievous Injury,Vehicle to Vehicle,Uncontrolled,Not Applicable,Two way,Bitumen(Tar),Dry,Not Applicable,Fine,13th Cross,WOC Road,2KM,0.0,0.0,0,0,0.0,0.0
Bengaluru City,Rajajinagar Traffic PS,1.04432e+16,2023,1,2,Road Accidents,Not Applicable,City/Town,Residential area,Human Error,No,Simple Injury,Vehicle to Vehicle,Uncontrolled,Curve,Two way,Bitumen(Tar),Dry,No influence on accident,Clear,"1st Main Road, Laggere",Infront Of Fabritex Shop,15,13.2154,77.2564,0,0,0.0,0.0
Bengaluru City,Rajajinagar Traffic PS,1.04432e+16,2023,1,2,Road Accidents,Circle,City/Town,Residential area,Human Error,No,Simple Injury,Vehicle to Vehicle,Uncontrolled,Curve,Two way,Bitumen(Tar),Dry,No influence on accident,Clear,"2nd Main Road, Maico Layout, Mahalakshmi Layout",2nd Main Road,15,13.245879,77.321458,0,0,0.0,0.0
Bengaluru City,Rajajinagar Traffic PS,1.04432e+16,2023,1,2,Road Accidents,Curves,City/Town,Narrow bridge or culverts,Human Error,No,Grievous Injury,Vehicle to Vehicle,Not Applicable,Straight and flat,Service Road,Concrete,Dry,Not Applicable,Clear,Kulinagara bridze upper,Rajakaluve,50 Mt,13.014595,77.530607,0,0,0.0,0.0
Bengaluru City,Rajajinagar Traffic PS,1.04432e+16,2023,1,2,Road Accidents,Junction,City/Town,Residential area,Human Error,No,Grievous Injury,Vehicle to Vehicle,Uncontrolled,Curve,Two way,Bitumen(Tar),Dry,No influence on accident,Clear,"Sahankaranagara Main Road, Mahalakshmilayout",Near Rajashimha Travels,15,13.045866,77.42586,0,0,0.0,0.0
Bengaluru City,Rajajinagar Traffic PS,1.04432e+16,2023,1,2,Road Accidents,Curves,City/Town,Near Bus stop,Human Error,No,Grievous Injury,Vehicle to Vehicle,Not at  Junction,Straight and flat,Two way,Bitumen(Tar),Dry,Not Applicable,Clear,Ring Road Nandinilayout,GOOD,1,13.024546,77.521369,0,0,0.0,0.0
Bengaluru City,Rajajinagar Traffic PS,1.04432e+16,2023,1,1,Not Applicable,Not Applicable,City/Town,Residential area,Human Error,No,Grievous Injury,Not Applicable,No signal lights,Not Applicable,Two way,Concrete,Dry,Not Applicable,Cloudy,Ring Road Service Road,good,5,13.265478,77.321456,0,0,0.0,0.0
Bengaluru City,Rajajinagar Traffic PS,1.04432e+16,2023,1,2,Road Accidents,Bottleneck,City/Town,Residential area,Human Error,No,Grievous Injury,Vehicle to Vehicle,Not at  Junction,Straight and flat,Two way,Bitumen(Tar),Dry,Not Applicable,Clear,"19th main road,rajajinagara 2nd blaock",19th main road,1,13.000697,77.254789,0,0,0.0,0.0
Bengaluru City,Rajajinagar Traffic PS,1.04432e+16,2023,1,2,Road Accidents,Curves,City/Town,Near School or College,Human Error,No,Grievous Injury,Vehicle to Vehicle,Uncontrolled,Straight and flat,Two way,Bitumen(Tar),Dry,No influence on accident,Fog / Mist,"Kanteerava Studio Main Road, Nandinilayout",Near KS Bekari,12,13.000697,77.254789,0,0,0.0,0.0
Bengaluru City,Rajajinagar Traffic PS,1.04432e+16,2023,1,1,Road Accidents,Not Applicable,City/Town,Residential area,Human Error,No,Simple Injury,Vehicle to Vehicle,Uncontrolled,Straight and flat,Others,Bitumen(Tar),Dry,No influence on accident,Clear,"2nd Main Road, Kaverinagara, Laggere",2nd Main Road,11,13.5563,77.5578,0,0,0.0,0.0
Bengaluru City,Rajajinagar Traffic PS,1.04432e+16,2023,1,2,Road Accidents,Junction,City/Town,Residential area,Human Error,No,Grievous Injury,Vehicle to Vehicle,Uncontrolled,Curve,Two way,Concrete,Dry,No influence on accident,Clear,"16th Main Road, Nandinilayout",Near Meenakshi Traders,32,0.0,0.0,0,0,0.0,0.0
Bengaluru City,Rajajinagar Traffic PS,1.04432e+16,2023,1,1,Road Accidents,Junction,City/Town,Near Petrol Pump,Human Error,No,Grievous Injury,Hit animal,No signal lights,Curve,Two way,Concrete,Dry,Not Applicable,Clear,"FTI circle,outer ring road, nandinilayout",outer ring road,1,13.022185,77.532506,0,0,0.0,0.0
Bengaluru City,Rajajinagar Traffic PS,1.04432e+16,2023,1,1,Road Accidents,Bottleneck,City/Town,Near office complex,Human Error,No,Grievous Injury,Hit pedestrian,Not at  Junction,Straight and flat,Two way,Concrete,Dry,Not Applicable,Clear,"Dr Rajkumar  Smark, Ring road, Nadinilayout",Good,1,13.018924,77.523015,0,0,0.0,0.0
Bengaluru City,Rajajinagar Traffic PS,1.04432e+16,2023,1,2,Road Accidents,Junction,City/Town,Residential area,Human Error,No,Damage Only,Vehicle to Vehicle,Signal lights Automatic,Others,Two way,Bitumen(Tar),Dry,Not Applicable,Clear,Dr Rajakumar Road,20,1,12.321456,77.321456,0,0,0.0,0.0
Bengaluru City,Rajajinagar Traffic PS,1.04432e+16,2023,1,1,Road Accidents,Not Applicable,City/Town,Residential area,Human Error,No,Grievous Injury,Hit pedestrian,Uncontrolled,Not Applicable,Two way,Bitumen(Tar),Dry,Not Applicable,Fine,Kanteerava Studio Main Road,Jayshree Electricals,Jayshr,13.022916,77.53306,0,0,0.0,0.0
Bengaluru City,Rajajinagar Traffic PS,1.04432e+16,2023,1,1,Road Accidents,Not Applicable,City/Town,Near Bus stop,Human Error,No,Fatal,Not Applicable,Uncontrolled,Straight and flat,One way,Concrete,Dry,No influence on accident,Fog / Mist,Nandini Layout Outer Ring Road,Near Kulinagara Brige,26,0.0,0.0,0,0,0.0,0.0
Bengaluru City,Rajajinagar Traffic PS,1.04432e+16,2023,1,2,Road Accidents,Not Applicable,City/Town,Near Bus stop,Human Error,No,Damage Only,Vehicle to Vehicle,Uncontrolled,Straight and flat,Others,Bitumen(Tar),Dry,Not Applicable,Clear,Outer ring road Nandinilayout,Near Vishal Mart,20,0.0,0.0,0,0,0.0,0.0
Bengaluru City,Rajajinagar Traffic PS,1.04432e+16,2023,1,1,Road Accidents,Not Applicable,City/Town,Near Bus stop,Human Error,No,Grievous Injury,Not Applicable,Not Applicable,Straight and flat,Two way,Concrete,Dry,No influence on accident,Others,Outer ring road Nandinilayout,Near Chowdeshwari,1,12.997406,77.523346,0,0,0.0,0.0
Bengaluru City,Rajajinagar Traffic PS,1.04432e+16,2023,1,3,Road Accidents,Not Applicable,City/Town,Residential area,Not Applicable,No,Damage Only,Vehicle to Vehicle,Uncontrolled,Not Applicable,Two way,Bitumen(Tar),Dry,Not Applicable,Fine,Dr.Rajakumara Road,Nera Sagar Hotel,5KM,12.0024,77.9435,0,0,0.0,0.0
Bengaluru City,Rajajinagar Traffic PS,1.04432e+16,2023,1,2,Road Accidents,Junction,City/Town,In bazaar,Human Error,Yes,Grievous Injury,Vehicle to Vehicle,Uncontrolled,Incline,Others,Bitumen(Tar),Dry,Not Applicable,Fine,GELEYARA BALAGA,Near Laggere Bridge,10M,0.0,0.0,0,0,0.0,0.0
Bengaluru City,Rajajinagar Traffic PS,1.04432e+16,2023,1,2,Road Accidents,Curves,City/Town,Residential area,Human Error,No,Grievous Injury,Vehicle to Vehicle,Uncontrolled,Others,Two way,Bitumen(Tar),Others,No influence on accident,Others,17th Main Road Laggere,Near Venkateshwara Medical,17,13.5563,77.4578,0,1,0.0,1.0
Bengaluru City,Rajajinagar Traffic PS,1.04432e+16,2023,1,2,Road Accidents,Not Applicable,City/Town,Near Bus stop,Human Error,No,Grievous Injury,Hit pedestrian,Uncontrolled,Not Applicable,Two way,Bitumen(Tar),Dry,Not Applicable,Fine,Ring Road,Near H P Petol Bunk,5KM,13.4523,77.4578,0,0,0.0,0.0
Bengaluru City,Rajajinagar Traffic PS,1.04432e+16,2023,1,1,Road Accidents,Junction,City/Town,Residential area,Human Error,No,Grievous Injury,Not Applicable,Uncontrolled,Straight and flat,Others,Bitumen(Tar),Dry,No influence on accident,Clear,Dr Rajkumar Road Rajajinagara,Near RRK Chowtry,15,12.5526,77.3255,0,0,0.0,0.0
Bengaluru City,Rajajinagar Traffic PS,1.04432e+16,2023,1,1,Road Accidents,Not Applicable,City/Town,Near Bus stop,Human Error,No,Simple Injury,Hit pedestrian,Uncontrolled,Straight and flat,One way,Concrete,Dry,No influence on accident,Fog / Mist,Nandinilayout Outer Ring Road,Near Vishal Mart,30,0.0,0.0,0,0,0.0,0.0
Bengaluru City,Rajajinagar Traffic PS,1.04432e+16,2023,1,1,Road Accidents,Cross roads,City/Town,Residential area,Human Error,No,Fatal,Hit pedestrian,No signal lights,Not Applicable,Service Road,Bitumen(Tar),Dry,Not Applicable,Fog / Mist,Ramamandhir Mai Road,ply ground,20,13.002231,77.236547,0,0,0.0,0.0
Bengaluru City,Rajajinagar Traffic PS,1.04432e+16,2023,1,2,Road Accidents,Cross roads,City/Town,Residential area,Human Error,No,Simple Injury,Vehicle to Vehicle,Uncontrolled,Curve,Two way,Bitumen(Tar),Dry,Not Applicable,Not Applicable,17th Main Road Laggere,Near Laggere Bridge,4KM,0.0,0.0,0,0,0.0,0.0
Bengaluru City,Rajajinagar Traffic PS,1.04432e+16,2023,1,2,Road Accidents,Cross roads,City/Town,Residential area,Human Error,No,Grievous Injury,Vehicle to Vehicle,Uncontrolled,Curve,Two way,Bitumen(Tar),Dry,Not Applicable,Fine,12th Main Rajajinagar,Near Asha Sweets Rajajinagar,2KM,0.0,0.0,0,0,0.0,0.0
Bengaluru City,Rajajinagar Traffic PS,1.04432e+16,2023,1,1,Road Accidents,Curves,City/Town,Residential area,Human Error,No,Simple Injury,Hit pedestrian,Uncontrolled,Curve,Residential Street,Bitumen(Tar),Dry,No influence on accident,Fine,"41 st Crs, 4th Block Rajajinagara",Near ganesh Moblie Shop,10,12.988564,77.556067,0,0,0.0,0.0
Bengaluru City,Rajajinagar Traffic PS,1.04432e+16,2023,1,1,Road Accidents,Junction,City/Town,Residential area,Human Error,No,Simple Injury,Hit pedestrian,Uncontrolled,Others,Two way,Bitumen(Tar),Dry,No influence on accident,Clear,"Rajeevaghandinagara, Nandinilayout",Near High Tension Park,10,0.0,0.0,0,0,0.0,0.0
Bengaluru City,Rajajinagar Traffic PS,1.04432e+16,2023,1,1,Road Accidents,Not Applicable,City/Town,Residential area,Human Error,No,Grievous Injury,Vehicle to Vehicle,Uncontrolled,Straight and flat,Others,Bitumen(Tar),Dry,No influence on accident,Clear,Pipe Line Road Laggere,Near Police Chowki,17,13.002231,77.315485,0,0,0.0,0.0
Bengaluru City,Rajajinagar Traffic PS,1.04432e+16,2023,1,1,Road Accidents,Cross roads,City/Town,Residential area,Human Error,No,Fatal,Hit pedestrian,Uncontrolled,Straight and flat,Two way,Bitumen(Tar),Dry,No influence on accident,Fog / Mist,5th Cross Road Choudeshwari Nagar Laggere,Near Amma Nilaya,12,13.004242,77.519244,0,0,0.0,0.0
Bengaluru City,Rajajinagar Traffic PS,1.04432e+16,2023,1,2,Road Accidents,Not Applicable,City/Town,Near Bus stop,Human Error,No,Damage Only,Vehicle to Vehicle,Uncontrolled,Straight and flat,One way,Concrete,Dry,No influence on accident,Mist or Fog,Outer ring road Nandinilayout,Near BHEL Bus Stop,15,13.014235,77.530607,0,0,0.0,0.0
Bengaluru City,Rajajinagar Traffic PS,1.04432e+16,2023,1,1,Road Accidents,Not Applicable,City/Town,Residential area,Human Error,No,Grievous Injury,Hit pedestrian,Uncontrolled,Not Applicable,Two way,Bitumen(Tar),Dry,Not Applicable,Fine,Outer ring road Nandinilayout,3KM,3KM,0.0,0.0,0,0,0.0,0.0
Bengaluru City,Rajajinagar Traffic PS,1.04432e+16,2023,1,1,Road Accidents,Curves,City/Town,Near Bus stop,Human Error,No,Simple Injury,Hit pedestrian,Uncontrolled,Curve,Two way,Bitumen(Tar),Dry,No influence on accident,Clear,Nandinilayout Bus Stop Road,Near Busu Stop,3,0.0,0.0,0,0,0.0,0.0
Bengaluru City,Rajajinagar Traffic PS,1.04432e+16,2023,1,3,Road Accidents,Curves,City/Town,In bazaar,Human Error,No,Grievous Injury,Vehicle to Vehicle,Not Applicable,Not Applicable,Two way,Bitumen(Tar),Dry,Not Applicable,Fog / Mist,shankar nagar road,good,2,13.245618,77.012548,0,0,0.0,0.0
Bengaluru City,Rajajinagar Traffic PS,1.04432e+16,2023,1,1,Road Accidents,Junction,City/Town,Near office complex,Human Error,No,Grievous Injury,Hit pedestrian,Uncontrolled,Curve,One way,Bitumen(Tar),Dry,No influence on accident,Clear,"50th cross Road, Rajajinagara",Near Seema Ladies Tailor,12,13.001456,77.254789,0,0,0.0,0.0
Bengaluru City,Rajajinagar Traffic PS,1.04432e+16,2023,1,1,Road Accidents,Not Applicable,City/Town,Near Bus stop,Human Error,No,Grievous Injury,Not Applicable,Uncontrolled,Straight and flat,Others,Concrete,Dry,No influence on accident,Clear,Outer Ring Road,Near Laggere Bridge,10,13.5536,77.5586,0,0,0.0,0.0
Bengaluru City,Rajajinagar Traffic PS,1.04432e+16,2023,1,1,Road Accidents,Not Applicable,City/Town,Near Bus stop,Human Error,No,Simple Injury,Hit pedestrian,Uncontrolled,Straight and flat,One way,Concrete,Dry,No influence on accident,Fog / Mist,Nandinilayout  Outer Ring Road,Near BHEL Bus Stop,15,13.5263,77.4241,0,0,0.0,0.0
Bengaluru City,Rajajinagar Traffic PS,1.04432e+16,2023,1,2,Road Accidents,Circle,City/Town,Residential area,Human Error,No,Damage Only,Vehicle to Vehicle,Uncontrolled,Curve,Others,Bitumen(Tar),Dry,No influence on accident,Clear,"1st Cross, 4th Main Road, Shankaranagara, Mahalakshmilayouy",Near Rajashimha Travels,15,12.4578,77.4588,0,0,0.0,0.0
Bengaluru City,Rajajinagar Traffic PS,1.04432e+16,2023,1,2,Road Accidents,Junction,City/Town,Near Hospital,Human Error,No,Grievous Injury,Vehicle to Vehicle,Signals (Working),Straight and flat,Two way,Concrete,Dry,Not Applicable,Clear,"12 th main road, near ESI single",ESI junction,50 Met,12.994565,77.554583,0,0,0.0,0.0
Bengaluru City,Rajajinagar Traffic PS,1.04432e+16,2023,1,2,Road Accidents,Not Applicable,City/Town,In bazaar,Human Error,Yes,Fatal,Vehicle to Vehicle,Uncontrolled,Straight and flat,Two way,Bitumen(Tar),Dry,No influence on accident,Fog / Mist,"Near Canara Bank, Laggere Main Road",Near Canara Bank,26,13.000327,77.236547,0,0,0.0,0.0
Bengaluru City,Rajajinagar Traffic PS,1.04432e+16,2023,1,1,Road Accidents,Junction,City/Town,Near Bus stop,Human Error,Yes,Fatal,Hit pedestrian,Uncontrolled,Straight and flat,Two way,Bitumen(Tar),Dry,No influence on accident,Clear,"10th Main Road, Rajajinagara",Near Apollo Parmacy,15,12.457896,77.457891,0,0,0.0,0.0
Bengaluru City,Rajajinagar Traffic PS,1.04432e+16,2023,1,1,Road Accidents,Narrow road,City/Town,Near School or College,Human Error,No,Fatal,Hit pedestrian,Uncontrolled,Straight and flat,Minor District Road,Bitumen(Tar),Dry,Not Applicable,Clear,Dr Rajkumar Road,Near Sagara Hotel,12,0.0,0.0,0,0,0.0,0.0
Bengaluru City,Rajajinagar Traffic PS,1.04432e+16,2023,1,2,Road Accidents,Not Applicable,City/Town,Residential area,Human Error,No,Grievous Injury,Vehicle to Vehicle,Uncontrolled,Not Applicable,One way,Bitumen(Tar),Dry,Not Applicable,Fine,Qtr Road,RBI Qtr,5KM,0.0,0.0,0,0,0.0,0.0
Bengaluru City,Rajajinagar Traffic PS,1.04432e+16,2023,1,1,Road Accidents,Not Applicable,City/Town,Near Bus stop,Human Error,No,Grievous Injury,Hit pedestrian,Uncontrolled,Straight and flat,Major District Road,Bitumen(Tar),Dry,No influence on accident,Clear,Outer Ring Road Service Road Laggere,Near Kempegowda Arch,10,13.3698,77.3566,0,0,0.0,0.0
Bengaluru City,Rajajinagar Traffic PS,1.04432e+16,2023,1,1,Road Accidents,Junction,City/Town,Near office complex,Human Error,Yes,Fatal,Hit pedestrian,Uncontrolled,Curve,Others,Bitumen(Tar),Dry,Not Applicable,Clear,Dr Rajkumar Road Rajajinagara,Near Mani Complex,20,12.5569,77.4578,0,0,0.0,0.0
Bengaluru City,Rajajinagar Traffic PS,1.04432e+16,2023,1,1,Road Accidents,Not Applicable,City/Town,Near Bus stop,Human Error,No,Grievous Injury,Hit bicyclist,Uncontrolled,Straight and flat,One way,Concrete,Dry,No influence on accident,Fog / Mist,Outer ring road Nandinilayout,Near Sai Baba Temple,30,13.2532,77.1532,0,0,0.0,0.0
Bengaluru City,Rajajinagar Traffic PS,1.04432e+16,2023,1,2,Road Accidents,Not Applicable,City/Town,Near School or College,Human Error,No,Simple Injury,Vehicle to Vehicle,Uncontrolled,Straight and flat,Others,Bitumen(Tar),Dry,No influence on accident,Clear,Outer ring road Service Road Laggere,Near Ealait School,15,13.4582,77.2569,0,0,0.0,0.0
Bengaluru City,Rajajinagar Traffic PS,1.04432e+16,2023,1,2,Road Accidents,Junction,City/Town,Residential area,Human Error,No,Damage Only,Vehicle to Vehicle,Uncontrolled,Straight and flat,Two way,Bitumen(Tar),Dry,No influence on accident,Fog / Mist,"9th A Main Road, Nandinilayout",19th A Main Road,15,13.232564,77.236547,0,0,0.0,0.0
Bengaluru City,Rajajinagar Traffic PS,1.04432e+16,2023,1,1,Road Accidents,Curves,City/Town,Residential area,Human Error,No,Grievous Injury,Hit pedestrian,Uncontrolled,Curve,Two way,Concrete,Dry,No influence on accident,Fog / Mist,"Mysore Food product Main Road, Mahalakshmi Layout",4th main mahalakshmilayout,100 mt,13.011735,77.548657,0,0,0.0,0.0
Bengaluru City,Rajajinagar Traffic PS,1.04432e+16,2023,1,2,Road Accidents,Junction,City/Town,Near Bus stop,Human Error,No,Grievous Injury,Vehicle to Vehicle,Uncontrolled,Curve,Two way,Bitumen(Tar),Dry,Not Applicable,Fine,Ring Road,FTI Juction,5KM,13.0233,77.5329,0,0,0.0,0.0
Bengaluru City,Rajajinagar Traffic PS,1.04432e+16,2023,1,2,Road Accidents,Narrow road,City/Town,Near Petrol Pump,Human Error,No,Simple Injury,Vehicle to Vehicle,Uncontrolled,Others,Others,Bitumen(Tar),Dry,No influence on accident,Mist or Fog,"Kanteerava Studio Main Road, Nandinilayout",Near Petrol Pump,18,13.1258,77.2589,0,0,0.0,0.0
Bengaluru City,Rajajinagar Traffic PS,1.04432e+16,2023,1,2,Road Accidents,Not Applicable,City/Town,Near Bus stop,Human Error,No,Fatal,Vehicle to Vehicle,Uncontrolled,Not Applicable,Two way,Bitumen(Tar),Dry,Not Applicable,Fine,Ring Road,Near Kulinagar Bridge,5KM,13.014543,77.530487,0,0,0.0,0.0
Bengaluru City,Rajajinagar Traffic PS,1.04432e+16,2023,1,1,Road Accidents,Not Applicable,City/Town,Near office complex,Human Error,No,Simple Injury,Hit pedestrian,Uncontrolled,Straight and flat,Others,Bitumen(Tar),Dry,No influence on accident,Mist or Fog,"Ring Road Service Road, Nandinilayout",Near 25th Cross,13,13.4579,77.7856,0,0,0.0,0.0
Bengaluru City,Rajajinagar Traffic PS,1.04432e+16,2023,1,2,Road Accidents,Not Applicable,City/Town,Near Bus stop,Human Error,No,Simple Injury,Vehicle to Vehicle,Uncontrolled,Straight and flat,One way,Concrete,Dry,No influence on accident,Clear,Outer Ring Road Nandinilayout,Near Kempegowda Arch,16,13.5566,77.4578,0,0,0.0,0.0
Bengaluru City,Rajajinagar Traffic PS,1.04432e+16,2023,1,2,Road Accidents,Junction,City/Town,In bazaar,Human Error,No,Simple Injury,Vehicle to Vehicle,Uncontrolled,Others,Others,Bitumen(Tar),Dry,No influence on accident,Mist or Fog,"Near Tarun Hotel, Kanteerava Studio Main Road, Nandinilayout",Near Tarun Hotel,15,13.000697,77.213654,0,0,0.0,0.0
Bengaluru City,Rajajinagar Traffic PS,1.04432e+16,2023,1,2,Road Accidents,Cross roads,City/Town,Residential area,Human Error,No,Grievous Injury,Vehicle to Vehicle,Uncontrolled,Not Applicable,Two way,Bitumen(Tar),Dry,Not Applicable,Fine,3rd Main Road Rajajinagar,Ravi Medical,1KM,12.9907,77.5578,0,0,0.0,0.0
Bengaluru City,Rajajinagar Traffic PS,1.04432e+16,2023,1,1,Road Accidents,Not Applicable,City/Town,Near Bus stop,Human Error,No,Grievous Injury,Vehicle to Vehicle,Uncontrolled,Straight and flat,Not Applicable,Concrete,Dry,No influence on accident,Clear,Outer ring road Nandinilayout,Near Vishal Mart,12,13.0024,77.52461,0,0,0.0,0.0
Bengaluru City,Rajajinagar Traffic PS,1.04432e+16,2023,1,1,Road Accidents,Not Applicable,City/Town,Residential area,Human Error,No,Grievous Injury,Hit pedestrian,Uncontrolled,Not Applicable,Two way,Bitumen(Tar),Dry,Not Applicable,Fine,NANDINILAYOUT OUTER RING ROAD,Near Laggere Bridge,4KM,13.00254,77.54232,0,0,0.0,0.0
Bengaluru City,Rajajinagar Traffic PS,1.04432e+16,2023,1,2,Road Accidents,Circle,City/Town,Residential area,Human Error,No,Grievous Injury,Vehicle to Vehicle,Uncontrolled,Not Applicable,Two way,Bitumen(Tar),Dry,Not Applicable,Fine,Dr.Rajakumara Road,Navaranga Juction,500Mt,0.0,0.0,0,0,0.0,0.0
Bengaluru City,Rajajinagar Traffic PS,1.04432e+16,2023,1,2,Road Accidents,Not Applicable,City/Town,Near Bus stop,Human Error,No,Simple Injury,Vehicle to Vehicle,Uncontrolled,Straight and flat,Others,Concrete,Dry,No influence on accident,Mist or Fog,Nandinilayout  Outer Ring Road,Near Kulinagara Brige,28,0.0,0.0,0,0,0.0,0.0
Bengaluru City,Rajajinagar Traffic PS,1.04432e+16,2023,1,1,Road Accidents,Curves,City/Town,Near Bus stop,Human Error,No,Simple Injury,Hit pedestrian,Uncontrolled,Curve,One way,Bitumen(Tar),Dry,No influence on accident,Fog / Mist,Nandini Layout Outer Ring Road,Near BHEL Bus Stop,38,13.42564,77.5457,0,0,0.0,0.0
Bengaluru City,Rajajinagar Traffic PS,1.04432e+16,2023,1,2,Road Accidents,Not Applicable,City/Town,Residential area,Human Error,No,Simple Injury,Vehicle to Vehicle,Uncontrolled,Straight and flat,Others,Bitumen(Tar),Dry,No influence on accident,Clear,"2nd Main Road, Rajeevagandhinagara, Nandinilayout",Near Park,10,13.5623,77.4578,0,0,0.0,0.0
Bengaluru City,Rajajinagar Traffic PS,1.04432e+16,2023,1,2,Road Accidents,Curves,City/Town,Residential area,Human Error,No,Simple Injury,Vehicle to Vehicle,Uncontrolled,Curve,Others,Bitumen(Tar),Dry,No influence on accident,Clear,"Sahankaranagara Main Road, Nandinilayout",Near CM Vaince,15,13.008933,77.53985,0,0,0.0,0.0