DISTRICTNAME,UNITNAME,Crime_No,Year,RI,Noofvehicle_involved,Accident_Classification,Accident_Spot,Accident_Location,Accident_SubLocation,Main_Cause,Hit_Run,Severity,Collision_Type,Junction_Control,Road_Character,Road_Type,Surface_Type,Surface_Condition,Road_Condition,Weather,Accident_Road,Landmark_first,Distance_LandMark_First,Latitude,Longitude,Road_Condition_Score,Surface_Condition_Score,Surface_Type_Score,Road_Risk_Index
Bengaluru City,Sadashivanagar Traffic PS,1.04432e+16,2016,1,1,Road Accidents,Narrow road,City/Town,Narrow bridge or culverts,Human Error,Yes,Simple Injury,Hit and Run,Not Applicable,Others,Not Applicable,Bitumen(Tar),Dry,Not Applicable,Clear,BALLARY ROAD,SOUTH BY MEKHRI CIRCLE,50,13.020329,77.584046,0,0,0.0,0.0
Bengaluru City,Sadashivanagar Traffic PS,1.04432e+16,2016,1,2,Road Accidents,Narrow road,City/Town,Near Bus stop,Human Error,Yes,Damage Only,Others,Signal lights Automatic,Not Applicable,City or Town Road,Bitumen(Tar),Dry,Not Applicable,Clear,T. CHOWDAIAH ROAD,NORT BY CAUVERY JUNCTION,51 FT,12.9993967,77.584109,0,0,0.0,0.0
Bengaluru City,Sadashivanagar Traffic PS,1.04432e+16,2016,1,1,Road Accidents,Narrow road,City/Town,Residential area,Human Error,Yes,Simple Injury,Not Applicable,Not Applicable,Not Applicable,City or Town Road,Bitumen(Tar),Dry,Not Applicable,Clear,temple raod,east by bbmp school,10,13.0008,77.341976,0,0,0.0,0.0
Bengaluru City,Sadashivanagar Traffic PS,1.04432e+16,2016,1,1,Road Accidents,Other,City/Town,Near Bus stop,Human Error,No,Fatal,Hit pedestrian,Signal lights Blinking,Not Applicable,City or Town Road,Bitumen(Tar),Dry,Not Applicable,Clear,T.COWDAIAH ROAD,NORTH BY CAUVERY JUNCTION,50FT,12.595347,77.350316,0,0,0.0,0.0
Bengaluru City,Sadashivanagar Traffic PS,1.04432e+16,2016,1,2,Road Accidents,Narrow road,City/Town,Open area,Human Error,Yes,Damage Only,Not Applicable,Signal lights Automatic,Not Applicable,City or Town Road,Bitumen(Tar),Dry,Not Applicable,Clear,SIR C V RAMAN ROAD,EAST BY MEKHRI CIRCLE,50 FT,13.0022181,77.34411,0,0,0.0,0.0
Bengaluru City,Sadashivanagar Traffic PS,1.04432e+16,2016,1,2,Road Accidents,Narrow road,City/Town,Open area,Human Error,No,Damage Only,Not Applicable,Not Applicable,Not Applicable,City or Town Road,Bitumen(Tar),Dry,Not Applicable,Clear,sir  C V RAMAN ROAD,EAST BY MEKHRI CIRCLE,50 FT,13.005279,77.342864,0,0,0.0,0.0
Bengaluru City,Sadashivanagar Traffic PS,1.04432e+16,2016,1,2,Road Accidents,Narrow road,City/Town,Open area,Human Error,No,Damage Only,Others,Signal lights Automatic,Not Applicable,City or Town Road,Bitumen(Tar),Dry,Not Applicable,Clear,C V RAMAN ROAD,EAST BY MEHKRI CIRCLE,50,13.005316,77.34324,0,0,0.0,0.0
Bengaluru City,Sadashivanagar Traffic PS,1.04432e+16,2016,1,2,Road Accidents,Junction,City/Town,Open area,Human Error,Yes,Damage Only,Not Applicable,Signal lights Automatic,Not Applicable,City or Town Road,Bitumen(Tar),Dry,Not Applicable,Clear,T CHOWDAIAH ROAD,NORTH BY MARUTHI CIRCLE,50 MTR,13.0022181,77.344411,0,0,0.0,0.0
Bengaluru City,Sadashivanagar Traffic PS,1.04432e+16,2016,1,2,Road Accidents,Narrow road,City/Town,Open area,Human Error,No,Damage Only,Not Applicable,Signal lights Automatic,Not Applicable,City or Town Road,Bitumen(Tar),Dry,Not Applicable,Clear,T CHOWDAIAH ROAD,EAST BY CAUVERY JUNCTION,50 FT,13.002241,77.344396,0,0,0.0,0.0
Bengaluru City,Sadashivanagar Traffic PS,1.04432e+16,2016,1,2,Road Accidents,Junction,City/Town,Near Petrol Pump,Human Error,No,Grievous Injury,Not Applicable,Signal lights Automatic,Not Applicable,City or Town Road,Bitumen(Tar),Dry,Not Applicable,Clear,T CHOWDAIAH ROAD NEAR BHASYAM CIRCLE,SOUTH BY PETROL BUNK,50 FT,13.002241,77.344396,0,0,0.0,0.0
Bengaluru City,Sadashivanagar Traffic PS,1.04432e+16,2016,1,1,Road Accidents,Narrow road,City/Town,Open area,Human Error,No,Damage Only,Not Applicable,Not Applicable,Not Applicable,City or Town Road,Bitumen(Tar),Dry,Not Applicable,Clear,sri ramana maharshi road,north by mekhri circle,50 ft,13.003617,77.350147,0,0,0.0,0.0
Bengaluru City,Sadashivanagar Traffic PS,1.04432e+16,2016,1,2,Road Accidents,Curves,City/Town,Open area,Human Error,Not Applicable,Damage Only,Not Applicable,Not at  Junction,Not Applicable,City or Town Road,Bitumen(Tar),Dry,Not Applicable,Clear,sheshadripuram 1st main road,east by P G HALLI  BUS STOP,50FT,0.0,0.0,0,0,0.0,0.0
Bengaluru City,Sadashivanagar Traffic PS,1.04432e+16,2016,1,2,Road Accidents,Curves,City/Town,Residential area,Human Error,Yes,Simple Injury,Not Applicable,Not Applicable,Curve,City or Town Road,Bitumen(Tar),Dry,Not Applicable,Clear,PG HALLI CIRCLE,EAST BY PG HALLI BUS STOP,50,0.0,0.0,0,0,0.0,0.0
Bengaluru City,Sadashivanagar Traffic PS,1.04432e+16,2016,1,2,Road Accidents,Bridge,City/Town,Narrow bridge or culverts,Human Error,Yes,Damage Only,Others,Not at  Junction,Curve,City or Town Road,Bitumen(Tar),Dry,Not Applicable,Clear,T.CHOWDAIAH ROAD,WEST BY BHASYAM CIRCLE,50,13.003788,77.583208,0,0,0.0,0.0
Bengaluru City,Sadashivanagar Traffic PS,1.04432e+16,2016,1,2,Road Accidents,Junction,City/Town,Open area,Human Error,Not Applicable,Damage Only,Others,Police / Manual,Others,City or Town Road,Bitumen(Tar),Dry,Not Applicable,Clear,T CHOWDAIAH ROAD,NEAR CAVERY JUNCTION,2KM,13.003255,77.584127,0,0,0.0,0.0
Bengaluru City,Sadashivanagar Traffic PS,1.04432e+16,2017,1,1,Road Accidents,Other,City/Town,Near Hospital,Human Error,No,Simple Injury,Others,Not Applicable,Others,City or Town Road,Bitumen(Tar),Dry,Not Applicable,Clear,NEAR M S RAMAIAH HOSPITAL,NEW BEL ROAD,1 KM,13.028249,77.569817,0,0,0.0,0.0
Bengaluru City,Sadashivanagar Traffic PS,1.04432e+16,2017,1,2,Road Accidents,Narrow road,City/Town,Open area,Human Error,Yes,Simple Injury,Hit and Run,Not at  Junction,Others,City or Town Road,Bitumen(Tar),Dry,Not Applicable,Clear,JALADARSHINI LAY OUT,NEAR DAILY BREAD,1KM,13.032226,77.56991,0,0,0.0,0.0
Bengaluru City,Sadashivanagar Traffic PS,1.04432e+16,2017,1,2,Road Accidents,Circle,City/Town,Open area,Human Error,No,Simple Injury,Not Applicable,Not at  Junction,Not Applicable,City or Town Road,Bitumen(Tar),Dry,Not Applicable,Clear,T CHWIDAIAH ROAD,EAST BY 18TH CROSS MALLESWARAM,50,13.011428,77.569179,0,0,0.0,0.0
Bengaluru City,Sadashivanagar Traffic PS,1.04432e+16,2017,1,2,Road Accidents,Junction,City/Town,Open area,Human Error,No,Grievous Injury,Others,Controlled,Others,City or Town Road,Bitumen(Tar),Dry,Not Applicable,Clear,T Chowdaiah Road,Near Maramma Templ,2 metr,13.011949,77.569161,0,0,0.0,0.0
Bengaluru City,Sadashivanagar Traffic PS,1.04432e+16,2017,1,2,Road Accidents,Narrow road,City/Town,Near Bus stop,Human Error,No,Simple Injury,Others,Not at  Junction,Not Applicable,City or Town Road,Bitumen(Tar),Dry,Not Applicable,Clear,C.V.RAMAN ROAD,IISC GATE,0.5KM,13.014251,77.56808,0,0,0.0,0.0
Bengaluru City,Sadashivanagar Traffic PS,1.04432e+16,2017,1,2,Road Accidents,Narrow road,City/Town,Open area,Human Error,Not Applicable,Damage Only,Others,Not at  Junction,Others,City or Town Road,Bitumen(Tar),Dry,Not Applicable,Clear,CAVERI JUNCTION,T CHOWDAIAH ROAD,2KM,13.002477,77.584051,0,0,0.0,0.0
Bengaluru City,Sadashivanagar Traffic PS,1.04432e+16,2017,1,2,Road Accidents,Circle,City/Town,Near School or College,Human Error,No,Simple Injury,Others,No signal lights,Others,City or Town Road,Bitumen(Tar),Dry,Not Applicable,Clear,sheshadripuram 1st main road,near gundappa donne biriyani hotel,2 K M,12.994572,77.578193,0,0,0.0,0.0
Bengaluru City,Sadashivanagar Traffic PS,1.04432e+16,2017,1,2,Road Accidents,Narrow road,City/Town,Open area,Human Error,Not Applicable,Damage Only,Not Applicable,Give way sign,Others,City or Town Road,Bitumen(Tar),Dry,Not Applicable,Clear,NEAR HQTC BUS STOP,BALLARY ROAD,2KM,13.020299,77.583857,0,0,0.0,0.0
Bengaluru City,Sadashivanagar Traffic PS,1.04432e+16,2017,1,2,Road Accidents,Narrow road,City/Town,Near Bus stop,Human Error,Yes,Simple Injury,Hit and Run,Not at  Junction,Others,City or Town Road,Bitumen(Tar),Dry,Not Applicable,Clear,P G HALLI,T CHOWDAIAH ROAD,2KM,12.999733,77.583848,0,0,0.0,0.0
Bengaluru City,Sadashivanagar Traffic PS,1.04432e+16,2017,1,1,Road Accidents,Bridge,City/Town,Open area,Human Error,Not Applicable,Fatal,Others,Not Applicable,Others,City or Town Road,Bitumen(Tar),Dry,Not Applicable,Clear,T CHOWDAIAH ROAD,BDA UPRAMP,2KM,12.998005,77.58431,0,0,0.0,0.0
Bengaluru City,Sadashivanagar Traffic PS,1.04432e+16,2017,1,2,Road Accidents,Narrow road,City/Town,Open area,Human Error,Yes,Simple Injury,Hit and Run,Not at  Junction,Others,City or Town Road,Bitumen(Tar),Dry,Not Applicable,Clear,new bel road,near ramaiah treats,1km,13.031395,77.56806,0,0,0.0,0.0
Bengaluru City,Sadashivanagar Traffic PS,1.04432e+16,2017,1,4,Road Accidents,Bridge,City/Town,Narrow bridge or culverts,Human Error,No,Simple Injury,Others,Not Applicable,Others,City or Town Road,Bitumen(Tar),Dry,Not Applicable,Clear,Sri Ramana Maharshi ROad,South by Cauvery Junction,50 Ft,13.014363,77.583985,0,0,0.0,0.0
Bengaluru City,Sadashivanagar Traffic PS,1.04432e+16,2017,1,2,Road Accidents,Other,City/Town,Open area,Human Error,Yes,Damage Only,Hit and Run,No signal lights,Others,City or Town Road,Bitumen(Tar),Dry,Not Applicable,Clear,SRI RAMANAMAHARSHI ROAD,NEAR SCODA SHOW ROOM,2KM,13.007537,77.583819,0,0,0.0,0.0
Bengaluru City,Sadashivanagar Traffic PS,1.04432e+16,2017,1,1,Road Accidents,Narrow road,City/Town,Open area,Human Error,Not Applicable,Simple Injury,Others,Not at  Junction,Others,City or Town Road,Bitumen(Tar),Dry,Not Applicable,Clear,CPRI GATE,NEW BEL ROAD,0.8 KM,13.014614,77.581097,0,0,0.0,0.0
Bengaluru City,Sadashivanagar Traffic PS,1.04432e+16,2017,1,2,Road Accidents,Narrow road,City/Town,Open area,Human Error,Yes,Simple Injury,Hit and Run,Not at  Junction,Others,City or Town Road,Bitumen(Tar),Dry,Not Applicable,Clear,9THMAIN,9TH MAIN SADASHIVANAGARA,2KM,13.010446,77.576373,0,0,0.0,0.0
Bengaluru City,Sadashivanagar Traffic PS,1.04432e+16,2017,1,2,Road Accidents,Narrow road,City/Town,Open area,Human Error,No,Simple Injury,Others,Not at  Junction,Others,City or Town Road,Bitumen(Tar),Dry,Not Applicable,Clear,T CHOWDAIAH ROAD,NEAR MARAMMA TEMPEL,1KM,13.012252,77.56885,0,0,0.0,0.0
Bengaluru City,Sadashivanagar Traffic PS,1.04432e+16,2017,1,1,Road Accidents,Cross roads,City/Town,Residential area,Human Error,Yes,Simple Injury,Hit and Run,Not Applicable,Others,City or Town Road,Bitumen(Tar),Dry,Not Applicable,Clear,Vyalikaval,11 TH Cross,2km,13.001878,77.576027,0,0,0.0,0.0
Bengaluru City,Sadashivanagar Traffic PS,1.04432e+16,2017,1,2,Road Accidents,Cross roads,City/Town,Residential area,Human Error,Not Applicable,Damage Only,Others,No signal lights,Not Applicable,City or Town Road,Bitumen(Tar),Dry,Not Applicable,Clear,RMV EXTN SADASHIVANAGARA,NEAR NAGASENA SCHOOL,0.5KM,13.014107,77.5759,0,0,0.0,0.0
Bengaluru City,Sadashivanagar Traffic PS,1.04432e+16,2017,1,2,Road Accidents,Narrow road,City/Town,Near School or College,Human Error,No,Damage Only,Others,Not Applicable,Others,Not Applicable,Bitumen(Tar),Dry,Not Applicable,Clear,SIR C V RAMAN ROAD,EAST BY MEKHRI CIRCLE,50,13.014805,77.579008,0,0,0.0,0.0
Bengaluru City,Sadashivanagar Traffic PS,1.04432e+16,2017,1,2,Road Accidents,Junction,City/Town,Open area,Human Error,No,Damage Only,Others,Signal lights Automatic,Not Applicable,Not Applicable,Bitumen(Tar),Dry,Not Applicable,Clear,T.CHOWDAIAH ROAD,EAST BY CUAVERY JUNCTION,50,13.002241,77.344396,0,0,0.0,0.0
Bengaluru City,Sadashivanagar Traffic PS,1.04432e+16,2017,1,2,Road Accidents,Other,City/Town,Open area,Human Error,Yes,Damage Only,Hit and Run,Stop sign,Others,City or Town Road,Bitumen(Tar),Dry,Not Applicable,Clear,T.CHOWDAIAH ROAD,near hdfc bank,2KM,13.003473,77.583805,0,0,0.0,0.0
Bengaluru City,Sadashivanagar Traffic PS,1.04432e+16,2017,1,2,Road Accidents,Bridge,City/Town,Open area,Human Error,Yes,Fatal,Others,Not Applicable,Others,City or Town Road,Bitumen(Tar),Dry,Not Applicable,Clear,T CHOWDAIAH ROAD,BHEL UNDER PASS,1KM,13.014069,77.565784,0,0,0.0,0.0
Bengaluru City,Sadashivanagar Traffic PS,1.04432e+16,2017,1,2,Road Accidents,Narrow road,City/Town,Open area,Human Error,Not Applicable,Simple Injury,Others,Not Applicable,Others,City or Town Road,Bitumen(Tar),Dry,Not Applicable,Clear,sanjayanagar u turn,ballary road,2km,13.021645,77.584303,0,0,0.0,0.0
Bengaluru City,Sadashivanagar Traffic PS,1.04432e+16,2017,1,1,Road Accidents,Junction,City/Town,Near Bus stop,Human Error,Yes,Simple Injury,Hit and Run,Signal lights Automatic,Not Applicable,City or Town Road,Bitumen(Tar),Dry,Not Applicable,Clear,NEW BEL ROAD,DEVASNDRA BUS STOP,1 KM,13.036677,77.566233,0,0,0.0,0.0
Bengaluru City,Sadashivanagar Traffic PS,1.04432e+16,2017,1,2,Road Accidents,Narrow road,City/Town,Residential area,Human Error,Not Applicable,Simple Injury,Others,Not at  Junction,Others,City or Town Road,Bitumen(Tar),Dry,Not Applicable,Clear,NEAR POST OFFICE 3RD MAIN,SADASHIVANAGARA TR PS,1 KM,13.007889,77.577702,0,0,0.0,0.0
Bengaluru City,Sadashivanagar Traffic PS,1.04432e+16,2017,1,2,Road Accidents,Junction,City/Town,Open area,Human Error,Not Applicable,Simple Injury,Others,Signal lights Blinking,Others,City or Town Road,Bitumen(Tar),Dry,Not Applicable,Clear,CAUVERY JUNCTION,T CHOWDAIAH,2KM,13.002529,77.584072,0,0,0.0,0.0
Bengaluru City,Sadashivanagar Traffic PS,1.04432e+16,2017,1,2,Road Accidents,Narrow road,City/Town,Open area,Human Error,Yes,Damage Only,Hit and Run,Not at  Junction,Not Applicable,City or Town Road,Bitumen(Tar),Dry,Not Applicable,Clear,IN FRONT OF SHISHA MAHAL GATE BANGALORE PALACE,SRI RAMANA MAHARSHI ROAD,2KM,13.006572,77.584101,0,0,0.0,0.0
Bengaluru City,Sadashivanagar Traffic PS,1.04432e+16,2017,1,1,Road Accidents,Narrow road,City/Town,Open area,Human Error,Yes,Fatal,Hit and Run,Give way sign,Not Applicable,City or Town Road,Bitumen(Tar),Dry,Not Applicable,Clear,T CHOWDAAIH ROAD,NEAR AYYAPPA TEMPEL,1.5KM,13.008336,77.571796,0,0,0.0,0.0
Bengaluru City,Sadashivanagar Traffic PS,1.04432e+16,2017,1,2,Road Accidents,Other,City/Town,Near Bus stop,Human Error,Not Applicable,Simple Injury,Others,Not Applicable,Others,City or Town Road,Bitumen(Tar),Dry,Not Applicable,Clear,TChowdaiah Road,Near PGHalli bus Stop,2km,12.99969,77.584229,0,0,0.0,0.0
Bengaluru City,Sadashivanagar Traffic PS,1.04432e+16,2017,1,2,Road Accidents,Bridge,City/Town,Open area,Human Error,Not Applicable,Simple Injury,Not Applicable,Not at  Junction,Not Applicable,City or Town Road,Bitumen(Tar),Dry,Not Applicable,Clear,T CHOWDAIAH ROAD,BDA UP RAMP,2KM,12.99826,77.58446,0,0,0.0,0.0
Bengaluru City,Sadashivanagar Traffic PS,1.04432e+16,2017,1,2,Road Accidents,Junction,City/Town,Open area,Human Error,Yes,Damage Only,Hit and Run,Signal lights Manual,Others,Two way,Bitumen(Tar),Dry,Not Applicable,Clear,NEW BEL ROAD,east 50 mtr,50 FT,13.014671,77.572601,0,0,0.0,0.0
Bengaluru City,Sadashivanagar Traffic PS,1.04432e+16,2017,1,1,Road Accidents,Narrow road,City/Town,Open area,Human Error,No,Simple Injury,Others,Not at  Junction,Others,City or Town Road,Bitumen(Tar),Dry,Not Applicable,Clear,near sdevasandra bs stop,new bel road,1.5 km,13.035869,77.566965,0,0,0.0,0.0
Bengaluru City,Sadashivanagar Traffic PS,1.04432e+16,2017,1,2,Road Accidents,Junction,City/Town,In bazaar,Not Applicable,Yes,Damage Only,Hit and Run,Signal lights Automatic,Not Applicable,City or Town Road,Bitumen(Tar),Dry,Not Applicable,Clear,NEW BEL ROAD,Devasandra,300 mt,13.03693,77.565965,0,0,0.0,0.0
Bengaluru City,Sadashivanagar Traffic PS,1.04432e+16,2017,1,2,Road Accidents,Narrow road,City/Town,Open area,Human Error,Not Applicable,Simple Injury,Others,Not at  Junction,Others,City or Town Road,Bitumen(Tar),Dry,Not Applicable,Clear,sri ramanamaharshi road,near skoda show room,2km,13.006181,77.583988,0,0,0.0,0.0
Bengaluru City,Sadashivanagar Traffic PS,1.04432e+16,2017,1,2,Road Accidents,Narrow road,City/Town,Open area,Human Error,Not Applicable,Damage Only,Others,Not Applicable,Others,City or Town Road,Bitumen(Tar),Dry,Not Applicable,Clear,A V RAJU ROAD,R K LAY OUT KUMARA PARK WEST,2KM,12.998143,77.583702,0,0,0.0,0.0
Bengaluru City,Sadashivanagar Traffic PS,1.04432e+16,2017,1,2,Road Accidents,Bridge,City/Town,Narrow bridge or culverts,Human Error,No,Simple Injury,Others,Not Applicable,Others,City or Town Road,Bitumen(Tar),Dry,Not Applicable,Clear,SIR C V RAMAN ROAD,NORTH BY IISC,50,13.014102,77.565841,0,0,0.0,0.0
Bengaluru City,Sadashivanagar Traffic PS,1.04432e+16,2017,1,2,Road Accidents,Other,City/Town,Near Bus stop,Human Error,Yes,Damage Only,Others,Signal lights Automatic,Others,City or Town Road,Bitumen(Tar),Dry,Not Applicable,Clear,T CWODAYYA ROAD,P G HALLI BAS STOP,2,12.99853,77.581991,0,0,0.0,0.0
Bengaluru City,Sadashivanagar Traffic PS,1.04432e+16,2017,1,2,Road Accidents,Junction,City/Town,Open area,Human Error,Yes,Damage Only,Others,Signal lights Automatic,Not Applicable,City or Town Road,Bitumen(Tar),Dry,Not Applicable,Clear,T Chowdaiah Road,Near syanki tank,0.3 km,13.011428,77.569179,0,0,0.0,0.0
Bengaluru City,Sadashivanagar Traffic PS,1.04432e+16,2017,1,2,Road Accidents,Narrow road,City/Town,Open area,Human Error,Not Applicable,Damage Only,Others,Not at  Junction,Not Applicable,City or Town Road,Bitumen(Tar),Dry,Not Applicable,Cloudy,2nd main vyaylikaval,near sbi bank,3km,13.006323,77.575913,0,0,0.0,0.0
Bengaluru City,Sadashivanagar Traffic PS,1.04432e+16,2017,1,2,Road Accidents,Narrow road,City/Town,Open area,Human Error,No,Damage Only,Not Applicable,Not Applicable,Others,City or Town Road,Bitumen(Tar),Dry,Not Applicable,Clear,NEAR INDIRA CANTEEN,DEVASANDRA NEW BEL ROAD,1.5KM,13.039636,77.563922,0,0,0.0,0.0
Bengaluru City,Sadashivanagar Traffic PS,1.04432e+16,2017,1,2,Road Accidents,Narrow road,City/Town,Open area,Human Error,No,Damage Only,Others,Not at  Junction,Others,City or Town Road,Bitumen(Tar),Dry,Not Applicable,Clear,BALLARY ROAD,MEKHRI CIRCLE,1.5KM,0.0,0.0,0,0,0.0,0.0
Bengaluru City,Sadashivanagar Traffic PS,1.04432e+16,2017,1,2,Road Accidents,Circle,City/Town,Open area,Human Error,Not Applicable,Simple Injury,Others,Signal lights Automatic,Others,City or Town Road,Bitumen(Tar),Dry,Not Applicable,Clear,T CHOWDAIAH ROAD,NEAR BHASHYAM CIRCLE,1.5KM,13.006431,77.578775,0,0,0.0,0.0
Bengaluru City,Sadashivanagar Traffic PS,1.04432e+16,2017,1,1,Road Accidents,Narrow road,City/Town,Near Bus stop,Human Error,No,Grievous Injury,Hit pedestrian,Not Applicable,Others,Not Applicable,Bitumen(Tar),Dry,Not Applicable,Clear,SIR C V RAMAN ROAD,WEST BY SSN JUNCTION,50,13.014713,77.574976,0,0,0.0,0.0
Bengaluru City,Sadashivanagar Traffic PS,1.04432e+16,2017,1,1,Road Accidents,Narrow road,City/Town,Open area,Human Error,Yes,Simple Injury,Hit and Run,Signal lights Automatic,Curve,City or Town Road,Bitumen(Tar),Dry,Not Applicable,Clear,NEAR BHYSHAM CICRCLE,T CHOWDAIAH ROAD,1.5KM,13.003473,77.583805,0,0,0.0,0.0
Bengaluru City,Sadashivanagar Traffic PS,1.04432e+16,2017,1,2,Road Accidents,Narrow road,City/Town,Open area,Human Error,Not Applicable,Damage Only,Others,Give way sign,Others,City or Town Road,Bitumen(Tar),Dry,Not Applicable,Clear,NEAR HQTC BUS STOP,BALLARY ROAD,2KM,13.016724,77.583911,0,0,0.0,0.0
Bengaluru City,Sadashivanagar Traffic PS,1.04432e+16,2017,1,2,Road Accidents,Junction,City/Town,Open area,Human Error,Yes,Damage Only,Hit and Run,Signal lights Automatic,Curve,City or Town Road,Bitumen(Tar),Dry,Not Applicable,Clear,T CHOWDAIAH ROAD,CAUVERI ELEMENTS,2KM,13.003721,77.583218,0,0,0.0,0.0
Bengaluru City,Sadashivanagar Traffic PS,1.04432e+16,2017,1,2,Road Accidents,Other,City/Town,Narrow bridge or culverts,Human Error,No,Damage Only,Others,Not at  Junction,Not Applicable,City or Town Road,Bitumen(Tar),Dry,Not Applicable,Clear,T.CHOWDAIAH ROAD,EAST BY MARAMMA CIRCLE,50,13.014102,77.56584,0,0,0.0,0.0
Bengaluru City,Sadashivanagar Traffic PS,1.04432e+16,2017,1,2,Road Accidents,Bridge,City/Town,Narrow bridge or culverts,Human Error,Yes,Damage Only,Others,No signal lights,Others,City or Town Road,Bitumen(Tar),Dry,Not Applicable,Clear,BHEL BRIDGE,WEST BY BHEL CIRCLE,1 ME,13.014069,77.565184,0,0,0.0,0.0
Bengaluru City,Sadashivanagar Traffic PS,1.04432e+16,2017,1,2,Road Accidents,Narrow road,City/Town,Open area,Human Error,Not Applicable,Damage Only,Others,Not Applicable,Others,City or Town Road,Bitumen(Tar),Dry,Not Applicable,Clear,"P G HALLI 2ND MAIN,",KOKANUT AVENUE ROAD,3KM,12.998341,77.573902,0,0,0.0,0.0
Bengaluru City,Sadashivanagar Traffic PS,1.04432e+16,2017,1,1,Road Accidents,Curves,City/Town,Residential area,Human Error,Not Applicable,Simple Injury,Others,Not Applicable,Curve,City or Town Road,Bitumen(Tar),Dry,Not Applicable,Clear,NEAR KADU MALLESHWARAM TEMPEL,MALLESHSWARAM,2KM,13.005371,77.572079,0,0,0.0,0.0
Bengaluru City,Sadashivanagar Traffic PS,1.04432e+16,2017,1,2,Road Accidents,Narrow road,City/Town,Open area,Human Error,Not Applicable,Damage Only,Others,Signal lights Automatic,Others,City or Town Road,Bitumen(Tar),Dry,Not Applicable,Clear,BALLARY ROAD,NEAR MEHKRI CIRCLE,1KM,13.014451,77.5844113,0,0,0.0,0.0
Bengaluru City,Sadashivanagar Traffic PS,1.04432e+16,2017,1,2,Road Accidents,Circle,City/Town,Open area,Human Error,Not Applicable,Simple Injury,Others,Signal lights Automatic,Not Applicable,City or Town Road,Bitumen(Tar),Dry,Not Applicable,Clear,T CHOWDAIAH ROAD,NEAR BHASHYAM CIRCLE,1.5 KM,13.006436,77.578765,0,0,0.0,0.0
Bengaluru City,Sadashivanagar Traffic PS,1.04432e+16,2017,1,2,Road Accidents,Narrow road,City/Town,Open area,Human Error,No,Damage Only,Not Applicable,Not at  Junction,Not Applicable,City or Town Road,Bitumen(Tar),Dry,Not Applicable,Clear,NEW BEL ROAD,SOUTH BY RAMAIAH JUNCTION,50,13.039257,77.564081,0,0,0.0,0.0
Bengaluru City,Sadashivanagar Traffic PS,1.04432e+16,2017,1,2,Road Accidents,Bridge,City/Town,Narrow bridge or culverts,Human Error,Yes,Damage Only,Hit and Run,Give way sign,Others,City or Town Road,Bitumen(Tar),Dry,Pot holed,Clear,kaveri elements bridge,t chowdaiah road,50 FT,13.003473,77.583805,5,0,0.0,5.0
Bengaluru City,Sadashivanagar Traffic PS,1.04432e+16,2017,1,2,Road Accidents,Junction,City/Town,Near Bus stop,Human Error,No,Simple Injury,Hit and Run,Controlled,Others,City or Town Road,Bitumen(Tar),Others,Not Applicable,Clear,Ballari Road,Caveri Juction,5meetr,13.002477,77.584051,0,1,0.0,1.0
Bengaluru City,Sadashivanagar Traffic PS,1.04432e+16,2017,1,2,Road Accidents,Other,City/Town,Residential area,Human Error,Yes,Simple Injury,Hit and Run,Not at  Junction,Others,City or Town Road,Bitumen(Tar),Dry,Not Applicable,Clear,OPPSIT RAMAKRISHNA HEGDE HOME,SADASHIVANAGARA,1KM,13.014759,77.579098,0,0,0.0,0.0
Bengaluru City,Sadashivanagar Traffic PS,1.04432e+16,2017,1,2,Not Applicable,Cross roads,City/Town,Open area,Human Error,No,Damage Only,Others,Not Applicable,Curve,City or Town Road,Bitumen(Tar),Dry,Not Applicable,Clear,SANJAYANAGARA U TURN,BALLARY ROAD,2KM,13.020238,77.583857,0,0,0.0,0.0
Bengaluru City,Sadashivanagar Traffic PS,1.04432e+16,2017,1,2,Road Accidents,Narrow road,City/Town,Open area,Human Error,Not Applicable,Damage Only,Not Applicable,Not Applicable,Others,City or Town Road,Bitumen(Tar),Dry,Not Applicable,Clear,14TH CROSS VYAYALIKAVAL,NEAR RAJESH HOTEL 6TH MAIN,2KM,13.004678,77.576853,0,0,0.0,0.0
Bengaluru City,Sadashivanagar Traffic PS,1.04432e+16,2017,1,1,Road Accidents,Not Applicable,City/Town,Residential area,Human Error,Not Applicable,Simple Injury,Skidding or Self accident,Not at  Junction,Others,City or Town Road,Bitumen(Tar),Dry,Not Applicable,Clear,msr nagara,6th cross,2km,13.033672,77.566367,0,0,0.0,0.0
Bengaluru City,Sadashivanagar Traffic PS,1.04432e+16,2017,1,1,Road Accidents,Narrow road,City/Town,Open area,Human Error,Yes,Simple Injury,Hit pedestrian,Not Applicable,Others,City or Town Road,Bitumen(Tar),Dry,Not Applicable,Clear,4th main p g halli,behind shanimahatma tempel,2.5km,12.99662,77.579211,0,0,0.0,0.0
Bengaluru City,Sadashivanagar Traffic PS,1.04432e+16,2017,1,2,Road Accidents,Circle,City/Town,Open area,Human Error,Not Applicable,Damage Only,Not Applicable,Not at  Junction,Curve,City or Town Road,Bitumen(Tar),Dry,Not Applicable,Clear,Ballary Road,Near shell petrol bunk,1.5 km,13.021192,77.584094,0,0,0.0,0.0