DISTRICTNAME,UNITNAME,Crime_No,Year,RI,Noofvehicle_involved,Accident_Classification,Accident_Spot,Accident_Location,Accident_SubLocation,Main_Cause,Hit_Run,Severity,Collision_Type,Junction_Control,Road_Character,Road_Type,Surface_Type,Surface_Condition,Road_Condition,Weather,Accident_Road,Landmark_first,Distance_LandMark_First,Latitude,Longitude,Road_Condition_Score,Surface_Condition_Score,Surface_Type_Score,Road_Risk_Index
Bengaluru City,Sadashivanagar Traffic PS,1.04432e+16,2017,1,2,Road Accidents,Narrow road,City/Town,Open area,Not Applicable,No,Simple Injury,Others,Not Applicable,Others,City or Town Road,Bitumen(Tar),Dry,Not Applicable,Clear,Sir C V Raman Road,Near CPRI Bus Stop,2 MTR,13.023251,77.572118,0,0,0.0,0.0
Bengaluru City,Sadashivanagar Traffic PS,1.04432e+16,2017,1,2,Road Accidents,Bridge,City/Town,Open area,Human Error,Yes,Damage Only,Hit and Run,Signal lights Blinking,Not Applicable,City or Town Road,Bitumen(Tar),Dry,Not Applicable,Clear,BHEL BRIDGE,SOUTH BY PS,1km,13.014069,77.565184,0,0,0.0,0.0
Bengaluru City,Sadashivanagar Traffic PS,1.04432e+16,2017,1,2,Road Accidents,Other,City/Town,Near Bus stop,Road Environment Defect,No,Damage Only,Others,Controlled,Others,City or Town Road,Bitumen(Tar),Dry,Not Applicable,Others,Ballari Road,Near HMT Bhavan,3mtrs,13.020238,77.583857,0,0,0.0,0.0
Bengaluru City,Sadashivanagar Traffic PS,1.04432e+16,2017,1,1,Road Accidents,Narrow road,City/Town,Open area,Human Error,No,Simple Injury,Others,Not Applicable,Others,City or Town Road,Bitumen(Tar),Dry,Not Applicable,Clear,2ND MAIN,VYALIKAVAL,2KM,13.006323,77.578913,0,0,0.0,0.0
Bengaluru City,Sadashivanagar Traffic PS,1.04432e+16,2017,1,2,Road Accidents,Narrow road,City/Town,Open area,Human Error,Not Applicable,Damage Only,Others,Not Applicable,Others,City or Town Road,Bitumen(Tar),Dry,Not Applicable,Clear,PG HALLI 2ND MAIN,KOKANUT GARDEN,3KM,12.998341,77.573902,0,0,0.0,0.0
Bengaluru City,Sadashivanagar Traffic PS,1.04432e+16,2017,1,2,Road Accidents,Narrow road,City/Town,Open area,Human Error,Not Applicable,Damage Only,Others,Not Applicable,Others,City or Town Road,Bitumen(Tar),Dry,Not Applicable,Clear,NEAR PG HALLI,T CHOWDAIAH ROAD,2KM,12.99853,77.581991,0,0,0.0,0.0
Bengaluru City,Sadashivanagar Traffic PS,1.04432e+16,2017,1,1,Road Accidents,Narrow road,City/Town,Open area,Human Error,Not Applicable,Simple Injury,Not Applicable,Not Applicable,Not Applicable,City or Town Road,Bitumen(Tar),Dry,Not Applicable,Clear,NEW BEL ROAD,NEAR AYYAPPA TEMPEL,0.5KM,13.024495,77.572046,0,0,0.0,0.0
Bengaluru City,Sadashivanagar Traffic PS,1.04432e+16,2017,1,2,Road Accidents,Other,City/Town,Open area,Human Error,Yes,Simple Injury,Hit and Run,Not Applicable,Others,City or Town Road,Bitumen(Tar),Dry,Not Applicable,Clear,BALLARY ROAD,OPP AIR FORCE COMONDING CENTER,1KM,13.016654,77.583892,0,0,0.0,0.0
Bengaluru City,Sadashivanagar Traffic PS,1.04432e+16,2017,1,2,Road Accidents,Junction,City/Town,Open area,Human Error,Not Applicable,Simple Injury,Not Applicable,Signal lights Automatic,Others,City or Town Road,Bitumen(Tar),Dry,Not Applicable,Clear,NEAR SADASHIVANAGARA PS JUNCTION,C V RAMAN ROAD,0.2KM,13.014671,77.572601,0,0,0.0,0.0
Bengaluru City,Sadashivanagar Traffic PS,1.04432e+16,2017,1,2,Road Accidents,Other,City/Town,Open area,Human Error,Yes,Simple Injury,Hit and Run,Not Applicable,Curve,City or Town Road,Bitumen(Tar),Dry,Not Applicable,Clear,SANJAYNAGARA U TURN,BALLARY ROAD,2KM,13.022417,77.58445,0,0,0.0,0.0
Bengaluru City,Sadashivanagar Traffic PS,1.04432e+16,2017,1,3,Road Accidents,Junction,City/Town,Open area,Human Error,No,Damage Only,Others,Police / Manual,Others,City or Town Road,Bitumen(Tar),Dry,Not Applicable,Clear,near cauvery junction,sri ramanamaharshi road,2km,13.002511,77.584179,0,0,0.0,0.0
Bengaluru City,Sadashivanagar Traffic PS,1.04432e+16,2017,1,2,Road Accidents,Junction,City/Town,Near Bus stop,Human Error,No,Damage Only,Others,Signal lights Automatic,Not Applicable,City or Town Road,Bitumen(Tar),Dry,Not Applicable,Clear,Sir C V Raman Road,Near Sandeep Motors,0.2 km,13.014599,77.573444,0,0,0.0,0.0
Bengaluru City,Sadashivanagar Traffic PS,1.04432e+16,2017,1,2,Road Accidents,Narrow road,City/Town,Open area,Human Error,Yes,Simple Injury,Hit and Run,Not at  Junction,Others,City or Town Road,Bitumen(Tar),Dry,Not Applicable,Clear,T CHOWDAIAH ROAD,OPP IWST,1KM,13.010983,77.569911,0,0,0.0,0.0
Bengaluru City,Sadashivanagar Traffic PS,1.04432e+16,2017,1,2,Road Accidents,Junction,City/Town,Near a religious place,Vehicle Defect,Yes,Simple Injury,Hit and Run,Signal lights Blinking,Curve,Two way,Bitumen(Tar),Dry,Not Applicable,Clear,yes,south by maramma circle,1km,13.009839,77.570669,0,0,0.0,0.0
Bengaluru City,Sadashivanagar Traffic PS,1.04432e+16,2017,1,1,Not Applicable,Circle,City/Town,Open area,Not Applicable,No,Damage Only,Others,Controlled,Others,City or Town Road,Bitumen(Tar),Dry,Not Applicable,Fine,Ballari Road,Near Mekhari Circle,4 mtrs,13.008141,77.584035,0,0,0.0,0.0
Bengaluru City,Sadashivanagar Traffic PS,1.04432e+16,2017,1,2,Road Accidents,Narrow road,City/Town,Near Hospital,Human Error,No,Grievous Injury,Others,No signal lights,Not Applicable,City or Town Road,Bitumen(Tar),Dry,Not Applicable,Clear,NEW BEL ROAD,Venu Gopal Motors Near,1 KM,13.041617,77.562341,0,0,0.0,0.0
Bengaluru City,Sadashivanagar Traffic PS,1.04432e+16,2017,1,2,Road Accidents,Junction,City/Town,Open area,Human Error,No,Damage Only,Others,Not Applicable,Others,City or Town Road,Bitumen(Tar),Dry,No influence on accident,Clear,NEAR  CAUVERY JUNCTION,BALLARY ROAD,2.5 KM,13.003558,77.584016,0,0,0.0,0.0
Bengaluru City,Sadashivanagar Traffic PS,1.04432e+16,2017,1,3,Road Accidents,Narrow road,City/Town,Open area,Human Error,No,Damage Only,Others,Not at  Junction,Not Applicable,City or Town Road,Bitumen(Tar),Dry,Not Applicable,Clear,SRI RAMNA MAHARSHI ROAD,NORTH BY MEKHRI CIRCLE,50,13.008141,77.584035,0,0,0.0,0.0
Bengaluru City,Sadashivanagar Traffic PS,1.04432e+16,2017,1,2,Road Accidents,Circle,City/Town,Near Bus stop,Human Error,Yes,Damage Only,Hit and Run,Controlled,Others,City or Town Road,Bitumen(Tar),Dry,Not Applicable,Clear,Balliari road,Mekhri circle,5 mtrs,13.020238,77.583857,0,0,0.0,0.0
Bengaluru City,Sadashivanagar Traffic PS,1.04432e+16,2017,1,2,Road Accidents,Narrow road,City/Town,Near office complex,Human Error,Yes,Simple Injury,Hit and Run,Not at  Junction,Others,City or Town Road,Bitumen(Tar),Dry,Not Applicable,Clear,NEAR 6 WHEELS MOTORS,NEW BEL ROAD,1.5 KM,13.040845,77.562896,0,0,0.0,0.0
Bengaluru City,Sadashivanagar Traffic PS,1.04432e+16,2017,1,2,Road Accidents,Narrow road,City/Town,Open area,Human Error,Not Applicable,Simple Injury,Others,Not at  Junction,Others,City or Town Road,Bitumen(Tar),Dry,Not Applicable,Clear,3rd main sadashivanagara,opp mint masala hotel,1km,13.006911,77.57871,0,0,0.0,0.0
Bengaluru City,Sadashivanagar Traffic PS,1.04432e+16,2017,1,2,Road Accidents,Not Applicable,City/Town,Open area,Human Error,Not Applicable,Damage Only,Others,Not Applicable,Others,City or Town Road,Bitumen(Tar),Dry,Not Applicable,Clear,BALLARY ROAD,SHEL PETROL BUNK,2KM,13.021138,77.584235,0,0,0.0,0.0
Bengaluru City,Sadashivanagar Traffic PS,1.04432e+16,2017,1,2,Road Accidents,Curves,City/Town,Narrow bridge or culverts,Human Error,No,Simple Injury,Not Applicable,Not at  Junction,Curve,City or Town Road,Bitumen(Tar),Dry,Not Applicable,Clear,Ballary road,Sanjayanagara U turn,2km,13.022728,77.584599,0,0,0.0,0.0
Bengaluru City,Sadashivanagar Traffic PS,1.04432e+16,2017,1,2,Road Accidents,Narrow road,City/Town,Open area,Human Error,Not Applicable,Damage Only,Others,Not at  Junction,Not Applicable,City or Town Road,Bitumen(Tar),Dry,Not Applicable,Clear,VYALIKAVAL MAIN ROAD,NEAR DATTATREYA TEMPEL ROAD,2KM,12.998924,77.574295,0,0,0.0,0.0
Bengaluru City,Sadashivanagar Traffic PS,1.04432e+16,2017,1,3,Road Accidents,Narrow road,City/Town,Near Bus stop,Human Error,Yes,Simple Injury,Others,Not Applicable,Others,City or Town Road,Bitumen(Tar),Dry,Not Applicable,Clear,T CHOWDAIAH ROAD,NEAR P G HALLI BUS STOP,2KM,12.999644,77.584241,0,0,0.0,0.0
Bengaluru City,Sadashivanagar Traffic PS,1.04432e+16,2017,1,1,Road Accidents,Junction,City/Town,Near Bus stop,Human Error,Yes,Simple Injury,Hit and Run,Police / Manual,Others,City or Town Road,Bitumen(Tar),Dry,Not Applicable,Clear,tT CHOWDAIAH ROAD,P G HALLI BUS STOP,2KM,12.999792,77.583904,0,0,0.0,0.0
Bengaluru City,Sadashivanagar Traffic PS,1.04432e+16,2017,1,2,Road Accidents,Circle,City/Town,Near Bus stop,Vehicle Defect,No,Grievous Injury,Others,Controlled,Others,City or Town Road,Not Applicable,Dry,Not Applicable,Fine,Ballari Road,Mekhri Circle,2 meet,13.014363,77.583985,0,0,0.0,0.0
Bengaluru City,Sadashivanagar Traffic PS,1.04432e+16,2017,1,2,Road Accidents,Narrow road,City/Town,Residential area,Not Applicable,Yes,Simple Injury,Hit and Run,Not at  Junction,Others,City or Town Road,Bitumen(Tar),Dry,Not Applicable,Clear,Tempel street malleshwaram,BJP Office,1 k m,13.002821,77.572232,0,0,0.0,0.0
Bengaluru City,Sadashivanagar Traffic PS,1.04432e+16,2017,1,1,Road Accidents,Bridge,City/Town,Narrow bridge or culverts,Human Error,No,Damage Only,Others,Not Applicable,Others,City or Town Road,Bitumen(Tar),Dry,Not Applicable,Clear,ballary road,mekhri under bridge,1.5km,13.014658,77.583917,0,0,0.0,0.0
Bengaluru City,Sadashivanagar Traffic PS,1.04432e+16,2017,1,2,Road Accidents,Narrow road,City/Town,Open area,Human Error,No,Damage Only,Not Applicable,Not Applicable,Not Applicable,City or Town Road,Bitumen(Tar),Dry,Not Applicable,Clear,OPP INDIRA CANTEEN,NEW BEL ROAD,2KM,13.039636,77.563922,0,0,0.0,0.0
Bengaluru City,Sadashivanagar Traffic PS,1.04432e+16,2017,1,1,Road Accidents,Narrow road,City/Town,Residential area,Human Error,Yes,Grievous Injury,Hit pedestrian,Signal lights Automatic,Others,City or Town Road,Bitumen(Tar),Dry,Not Applicable,Clear,MSR ROAD,NEAR GANESHA TEMPEL,1.5KM,13.032781,77.566349,0,0,0.0,0.0
Bengaluru City,Sadashivanagar Traffic PS,1.04432e+16,2017,1,2,Road Accidents,Cross roads,City/Town,Open area,Human Error,Not Applicable,Damage Only,Others,Not at  Junction,Curve and Incline,City or Town Road,Bitumen(Tar),Dry,Not Applicable,Clear,Ballary Road,Sanjayanagara u turn,2km,13.020348,77.584024,0,0,0.0,0.0
Bengaluru City,Sadashivanagar Traffic PS,1.04432e+16,2018,1,3,Road Accidents,Narrow road,City/Town,Open area,Human Error,Not Applicable,Damage Only,Others,Not at  Junction,Others,City or Town Road,Bitumen(Tar),Dry,Not Applicable,Clear,T CHOWDAIH ROAD,INDIAN WOOD SCIENCE,1KM,13.010909,77.569972,0,0,0.0,0.0
Bengaluru City,Sadashivanagar Traffic PS,1.04432e+16,2018,1,2,Road Accidents,Other,City/Town,Residential area,Human Error,Yes,Simple Injury,Hit and Run,Not at  Junction,Not Applicable,City or Town Road,Bitumen(Tar),Dry,Not Applicable,Clear,15 Th Cross Malleshswaram,Near KaduMalleshwara Tempel,2km,13.005232,77.571188,0,0,0.0,0.0
Bengaluru City,Sadashivanagar Traffic PS,1.04432e+16,2018,1,2,Road Accidents,Narrow road,City/Town,Residential area,Human Error,Not Applicable,Simple Injury,Others,Not at  Junction,Others,City or Town Road,Bitumen(Tar),Dry,Not Applicable,Clear,M S RAMAIAH HOSPITAL AREA,NEAR PARKING YARD,1KM,13.02819,77.569825,0,0,0.0,0.0
Bengaluru City,Sadashivanagar Traffic PS,1.04432e+16,2018,1,2,Road Accidents,Narrow road,City/Town,Near Hospital,Human Error,Not Applicable,Simple Injury,Right Turn Collision,Not at  Junction,Not Applicable,City or Town Road,Bitumen(Tar),Dry,Not Applicable,Clear,NEW BEL ROAD,NEAR MSR JUNCTION,1.5 KM,13.017502,77.573233,0,0,0.0,0.0
Bengaluru City,Sadashivanagar Traffic PS,1.04432e+16,2018,1,2,Road Accidents,Narrow road,City/Town,Open area,Human Error,Not Applicable,Damage Only,Rear end,Not Applicable,Others,City or Town Road,Bitumen(Tar),Dry,Not Applicable,Clear,T CHOWDAIAH ROAD,NEAR BDA DOWN RAMP,2KM,12.998611,77.584191,0,0,0.0,0.0
Bengaluru City,Sadashivanagar Traffic PS,1.04432e+16,2018,1,2,Road Accidents,Other,City/Town,Residential area,Human Error,Not Applicable,Damage Only,Side swipe,Not Applicable,Others,City or Town Road,Bitumen(Tar),Dry,Not Applicable,Clear,9th main sadashivanagara,9th main,1km,13.010236,77.580465,0,0,0.0,0.0
Bengaluru City,Sadashivanagar Traffic PS,1.04432e+16,2018,1,2,Road Accidents,Narrow road,City/Town,Open area,Human Error,Not Applicable,Simple Injury,Others,Not Applicable,Others,City or Town Road,Bitumen(Tar),Dry,Not Applicable,Clear,BALLARY ROAD,Near mekhri circle under pass,1km,13.014609,77.583947,0,0,0.0,0.0
Bengaluru City,Sadashivanagar Traffic PS,1.04432e+16,2018,1,2,Road Accidents,Junction,City/Town,Open area,Human Error,Yes,Simple Injury,Hit and Run,Signal lights Automatic,Others,City or Town Road,Bitumen(Tar),Dry,Not Applicable,Clear,C V RAMAN ROAD,NEAR MEKHRI CIRCLE,1KM,13.014561,77.583878,0,0,0.0,0.0
Bengaluru City,Sadashivanagar Traffic PS,1.04432e+16,2018,1,3,Road Accidents,Narrow road,City/Town,Open area,Human Error,Not Applicable,Damage Only,Others,Not Applicable,Others,City or Town Road,Bitumen(Tar),Dry,Not Applicable,Clear,JEEVRAJ ALVA ROAD,NEAR SANKY GATE,1KM,13.009537,77.575544,0,0,0.0,0.0
Bengaluru City,Sadashivanagar Traffic PS,1.04432e+16,2018,1,2,Road Accidents,Narrow road,City/Town,Near Bus stop,Human Error,Not Applicable,Damage Only,Others,Give way sign,Not Applicable,City or Town Road,Bitumen(Tar),Dry,Not Applicable,Clear,Ballary road,Near Palace Ground Bus Stop Tripuravasini Gate,2km,13.012162,77.584131,0,0,0.0,0.0
Bengaluru City,Sadashivanagar Traffic PS,1.04432e+16,2018,1,2,Road Accidents,Narrow road,City/Town,Open area,Human Error,Not Applicable,Simple Injury,Others,Not at  Junction,Others,City or Town Road,Bitumen(Tar),Dry,Not Applicable,Clear,NEW BEL ROAD,NEAR CPRI BUS STOP,1KM,13.022088,77.572198,0,0,0.0,0.0
Bengaluru City,Sadashivanagar Traffic PS,1.04432e+16,2018,1,2,Road Accidents,Narrow road,City/Town,Open area,Human Error,Yes,Simple Injury,Hit and Run,Not Applicable,Not Applicable,City or Town Road,Bitumen(Tar),Dry,Not Applicable,Clear,9TH MAIN SADASHIVANAGARA,Near ICICI Bank,1km,13.010245,77.58055,0,0,0.0,0.0
Bengaluru City,Sadashivanagar Traffic PS,1.04432e+16,2018,1,2,Road Accidents,Narrow road,City/Town,Open area,Human Error,Yes,Simple Injury,Hit and Run,Not at  Junction,Others,City or Town Road,Bitumen(Tar),Dry,Not Applicable,Clear,BALLARY ROAD,NEAR HMT BHAVAN,2KM,13.020059,77.584028,0,0,0.0,0.0
Bengaluru City,Sadashivanagar Traffic PS,1.04432e+16,2018,1,2,Road Accidents,Other,City/Town,Open area,Human Error,Not Applicable,Simple Injury,Others,Signal lights Automatic,Others,City or Town Road,Bitumen(Tar),Dry,Not Applicable,Clear,BALLARY ROAD,NEAR MEKHRI CIRCLE,1.5km,13.01448,77.583858,0,0,0.0,0.0
Bengaluru City,Sadashivanagar Traffic PS,1.04432e+16,2018,1,2,Road Accidents,Narrow road,City/Town,Open area,Human Error,Not Applicable,Simple Injury,Others,Not at  Junction,Others,City or Town Road,Bitumen(Tar),Dry,Not Applicable,Not Applicable,BALLARY ROAD,NEAR HQTC GATE,1.5KM,13.016707,77.583932,0,0,0.0,0.0
Bengaluru City,Sadashivanagar Traffic PS,1.04432e+16,2018,1,1,Road Accidents,Circle,City/Town,Open area,Human Error,Not Applicable,Fatal,Head on,Signal lights Automatic,Not Applicable,City or Town Road,Bitumen(Tar),Dry,Not Applicable,Clear,T CHOWDAIH ROAD,BASHYAM CIRCLE,1.5KM,13.006373,77.578704,0,0,0.0,0.0
Bengaluru City,Sadashivanagar Traffic PS,1.04432e+16,2018,1,1,Road Accidents,Junction,City/Town,Near Hospital,Human Error,Not Applicable,Simple Injury,Hit pedestrian,Signal lights Automatic,Others,City or Town Road,Bitumen(Tar),Dry,Not Applicable,Clear,NEW BEL ROAD,NEAR M S RAMAIAH JUNCTION,1.5KM,13.028464,77.571255,0,0,0.0,0.0
Bengaluru City,Sadashivanagar Traffic PS,1.04432e+16,2018,1,2,Road Accidents,Narrow road,City/Town,Residential area,Human Error,Not Applicable,Simple Injury,Not Applicable,Not Applicable,Curve,City or Town Road,Bitumen(Tar),Dry,Not Applicable,Clear,NEW BEL ROAD,NEAR INDIRA CANTEEEN,2KM,13.039411,77.564121,0,0,0.0,0.0
Bengaluru City,Sadashivanagar Traffic PS,1.04432e+16,2018,1,1,Road Accidents,Bridge,City/Town,Near a factory industrial area,Human Error,Not Applicable,Simple Injury,Hit pedestrian,Not at  Junction,Others,City or Town Road,Bitumen(Tar),Dry,Not Applicable,Clear,T CHOWDAIAH ROAD,NEAR BHEL UNDER PASS,1KM,13.014194,77.56552,0,0,0.0,0.0
Bengaluru City,Sadashivanagar Traffic PS,1.04432e+16,2018,1,1,Not Applicable,Narrow road,City/Town,Open area,Human Error,Not Applicable,Fatal,Not Applicable,Not at  Junction,Not Applicable,City or Town Road,Bitumen(Tar),Dry,Not Applicable,Clear,RAMANAMAHARSHI ROAD,Near Gayathrivihar gate,2KM,13.012187,77.584131,0,0,0.0,0.0
Bengaluru City,Sadashivanagar Traffic PS,1.04432e+16,2018,1,1,Road Accidents,Narrow road,City/Town,Open area,Human Error,Not Applicable,Simple Injury,Hit pedestrian,Not Applicable,Not Applicable,City or Town Road,Bitumen(Tar),Dry,Not Applicable,Clear,T CHOWDAIH ROAD,NEAR CET CELL,1km,13.010976,77.570026,0,0,0.0,0.0
Bengaluru City,Sadashivanagar Traffic PS,1.04432e+16,2018,1,1,Road Accidents,Narrow road,City/Town,Open area,Human Error,Yes,Fatal,Hit and Run,Not at  Junction,Others,City or Town Road,Bitumen(Tar),Dry,Not Applicable,Clear,T CHOWDAIAH ROAD,NEAR P G HALLI,2KM,12.999583,77.58423,0,0,0.0,0.0
Bengaluru City,Sadashivanagar Traffic PS,1.04432e+16,2018,1,1,Road Accidents,Narrow road,City/Town,Open area,Human Error,Not Applicable,Simple Injury,Others,Not Applicable,Others,City or Town Road,Bitumen(Tar),Dry,Not Applicable,Clear,T CHOWDAIAH ROAD,NEAR COFI DAY HOTEL,1.5KM,13.005091,77.580923,0,0,0.0,0.0
Bengaluru City,Sadashivanagar Traffic PS,1.04432e+16,2018,1,1,Road Accidents,Narrow road,City/Town,Open area,Human Error,Not Applicable,Simple Injury,Others,Not at  Junction,Not Applicable,City or Town Road,Bitumen(Tar),Dry,Not Applicable,Clear,NEW BEL ROAD,Jaladarshini lay out,1km,13.030464,77.569142,0,0,0.0,0.0
Bengaluru City,Sadashivanagar Traffic PS,1.04432e+16,2018,1,2,Road Accidents,Narrow road,City/Town,Open area,Human Error,Not Applicable,Fatal,Not Applicable,Not at  Junction,Others,City or Town Road,Bitumen(Tar),Dry,Not Applicable,Clear,T CHOWDAIAH ROAD,NEAR HDFC BANK,1.5KM,13.004237,77.5824,0,0,0.0,0.0
Bengaluru City,Sadashivanagar Traffic PS,1.04432e+16,2018,1,2,Road Accidents,Other,City/Town,Residential area,Human Error,Yes,Simple Injury,Hit and Run,Not Applicable,Others,City or Town Road,Bitumen(Tar),Dry,Not Applicable,Clear,9th cross sadashivanagara,5Th Main sadashivanagara,1km,13.008205,77.577837,0,0,0.0,0.0
Bengaluru City,Sadashivanagar Traffic PS,1.04432e+16,2018,1,2,Road Accidents,Narrow road,City/Town,Open area,Human Error,Yes,Simple Injury,Hit and Run,Not at  Junction,Others,City or Town Road,Bitumen(Tar),Dry,Not Applicable,Clear,SIR C V RAMAN ROAD,NEAR TATA INSTITUTE GATE,1KM,13.014217,77.567792,0,0,0.0,0.0
Bengaluru City,Sadashivanagar Traffic PS,1.04432e+16,2018,1,3,Road Accidents,Other,City/Town,Residential area,Human Error,Yes,Damage Only,Hit and Run,Not at  Junction,Others,City or Town Road,Bitumen(Tar),Dry,Not Applicable,Clear,Sadashivanagara,Near swimming pool,1km,13.007387,77.578298,0,0,0.0,0.0
Bengaluru City,Sadashivanagar Traffic PS,1.04432e+16,2018,1,2,Road Accidents,Other,City/Town,Open area,Human Error,Yes,Simple Injury,Hit and Run,Not Applicable,Others,City or Town Road,Bitumen(Tar),Dry,Not Applicable,Clear,T CHOWDAIAH ROAD,NEAR SANKY AGTE,1.5KM,13.00846,77.57167,0,0,0.0,0.0
Bengaluru City,Sadashivanagar Traffic PS,1.04432e+16,2018,1,1,Road Accidents,Narrow road,City/Town,Open area,Human Error,Not Applicable,Simple Injury,Not Applicable,Signal lights Automatic,Not Applicable,City or Town Road,Bitumen(Tar),Dry,Not Applicable,Clear,T CHOWDAIAH ROAD,NEAR P G HALLI BUS STOP SIGNAL,2KM,12.99967,77.58415,0,0,0.0,0.0
Bengaluru City,Sadashivanagar Traffic PS,1.04432e+16,2018,1,2,Road Accidents,Junction,City/Town,Open area,Human Error,Yes,Damage Only,Hit and Run,Signal lights Automatic,Others,City or Town Road,Bitumen(Tar),Dry,Not Applicable,Clear,NEW BEL ROAD,Near  M S Ramaiah Junction,1km,13.028367,77.57126,0,0,0.0,0.0
Bengaluru City,Sadashivanagar Traffic PS,1.04432e+16,2018,1,3,Road Accidents,Narrow road,City/Town,Near Hospital,Human Error,Not Applicable,Simple Injury,Head on,Not Applicable,Others,City or Town Road,Bitumen(Tar),Dry,Not Applicable,Clear,RAMANAMAHRASHI ROAD,NEARWELL SPRING HOSPITAL,02KM,13.008086,77.58388,0,0,0.0,0.0
Bengaluru City,Sadashivanagar Traffic PS,1.04432e+16,2018,1,1,Road Accidents,Narrow road,Not Applicable,Near Hospital,Human Error,Not Applicable,Simple Injury,Hit pedestrian,Not Applicable,Others,City or Town Road,Bitumen(Tar),Dry,Not Applicable,Clear,15th cross vyvlikaval,near Ramakrishna nursing home,2KM,13.005925,77.576786,0,0,0.0,0.0
Bengaluru City,Sadashivanagar Traffic PS,1.04432e+16,2018,1,1,Road Accidents,Bridge,City/Town,Open area,Human Error,Yes,Simple Injury,Hit and Run,Not Applicable,Not Applicable,City or Town Road,Bitumen(Tar),Dry,Not Applicable,Clear,BALLARY ROAD,DOWN RAMP MEKHRI CIRCLE,1KM,13.014271,77.583925,0,0,0.0,0.0
Bengaluru City,Sadashivanagar Traffic PS,1.04432e+16,2018,1,2,Road Accidents,Narrow road,City/Town,Open area,Human Error,Not Applicable,Simple Injury,Others,Give way sign,Others,City or Town Road,Bitumen(Tar),Dry,Not Applicable,Clear,BALLARY ROAD,NEAR HQTC BUS STOP,2KM,13.020282,77.583883,0,0,0.0,0.0
Bengaluru City,Sadashivanagar Traffic PS,1.04432e+16,2018,1,2,Road Accidents,Narrow road,City/Town,Residential area,Human Error,Yes,Simple Injury,Hit and Run,Not Applicable,Not Applicable,City or Town Road,Bitumen(Tar),Dry,Not Applicable,Clear,TEMPEL STREET MALLESHSWARAM,NEAR BJP OFFICE,2KM,13.003094,77.571981,0,0,0.0,0.0
Bengaluru City,Sadashivanagar Traffic PS,1.04432e+16,2018,1,3,Road Accidents,Narrow road,City/Town,Open area,Human Error,Yes,Simple Injury,Hit and Run,Not Applicable,Others,City or Town Road,Bitumen(Tar),Dry,Not Applicable,Clear,NEW BEL ROAD,Near Indira canteen,2km,13.041792,77.562302,0,0,0.0,0.0
Bengaluru City,Sadashivanagar Traffic PS,1.04432e+16,2018,1,2,Road Accidents,Narrow road,City/Town,Open area,Human Error,No,Simple Injury,Others,Not Applicable,Others,City or Town Road,Bitumen(Tar),Dry,Not Applicable,Clear,NEW BEL ROAD,near 6th gear Car Show Room,2km,13.040827,77.562922,0,0,0.0,0.0
Bengaluru City,Sadashivanagar Traffic PS,1.04432e+16,2018,1,1,Road Accidents,Narrow road,City/Town,Open area,Human Error,Not Applicable,Simple Injury,Hit pedestrian,Not Applicable,Not Applicable,City or Town Road,Bitumen(Tar),Dry,Not Applicable,Clear,DATTATREYA TEMPEL ROAD,NEAR RAYMOND SHOW ROOM,2KM,12.998956,77.573318,0,0,0.0,0.0
Bengaluru City,Sadashivanagar Traffic PS,1.04432e+16,2018,1,1,Road Accidents,Narrow road,City/Town,Open area,Human Error,Not Applicable,Simple Injury,Hit pedestrian,Not Applicable,Others,City or Town Road,Bitumen(Tar),Dry,Not Applicable,Clear,BALLARY ROAD,near sanjayanagara cross,2,13.022822,77.584484,0,0,0.0,0.0
Bengaluru City,Sadashivanagar Traffic PS,1.04432e+16,2018,1,1,Road Accidents,Narrow road,City/Town,Open area,Human Error,Not Applicable,Simple Injury,Others,Not Applicable,Not Applicable,City or Town Road,Bitumen(Tar),Dry,Not Applicable,Clear,NEW BEL ROAD,NEAR AYYAPPA TEMPEL,1KM,13.023511,77.572091,0,0,0.0,0.0
Bengaluru City,Sadashivanagar Traffic PS,1.04432e+16,2018,1,2,Road Accidents,Narrow road,City/Town,Near Hospital,Human Error,Yes,Fatal,Hit and Run,Not Applicable,Others,City or Town Road,Bitumen(Tar),Dry,Not Applicable,Clear,MSR NAGARA,OPPOSIT GATE NO 7 NEAR M S RAMAIAH COLLAGE,1KM,13.031265,77.568076,0,0,0.0,0.0
Bengaluru City,Sadashivanagar Traffic PS,1.04432e+16,2018,1,1,Road Accidents,Narrow road,City/Town,Open area,Human Error,Not Applicable,Simple Injury,Hit pedestrian,Not Applicable,Others,City or Town Road,Bitumen(Tar),Dry,Not Applicable,Clear,T CHOWDAIAH ROAD,NEAR NANDINI HOTEL P G HALLI,2KM,12.998434,77.584178,0,0,0.0,0.0
Bengaluru City,Sadashivanagar Traffic PS,1.04432e+16,2018,1,2,Road Accidents,Other,City/Town,Open area,Human Error,Yes,Simple Injury,Hit and Run,Signal lights Automatic,Others,City or Town Road,Bitumen(Tar),Dry,Not Applicable,Clear,BALLARY ROAD,NEAR MEKHRI CIRCLE,1.5km,13.014549,77.583994,0,0,0.0,0.0
Bengaluru City,Sadashivanagar Traffic PS,1.04432e+16,2018,1,2,Road Accidents,Narrow road,City/Town,Near Bus stop,Human Error,Not Applicable,Simple Injury,Others,Signal lights Automatic,Others,City or Town Road,Bitumen(Tar),Dry,Not Applicable,Clear,T CHOWDAIAH ROAD,NEAR P G HALLI BUS STOP SIGNAL,2km,12.998724,77.584162,0,0,0.0,0.0