DISTRICTNAME,UNITNAME,Crime_No,Year,RI,Noofvehicle_involved,Accident_Classification,Accident_Spot,Accident_Location,Accident_SubLocation,Main_Cause,Hit_Run,Severity,Collision_Type,Junction_Control,Road_Character,Road_Type,Surface_Type,Surface_Condition,Road_Condition,Weather,Accident_Road,Landmark_first,Distance_LandMark_First,Latitude,Longitude,Road_Condition_Score,Surface_Condition_Score,Surface_Type_Score,Road_Risk_Index
Bengaluru City,Sadashivanagar Traffic PS,1.04432e+16,2018,1,1,Road Accidents,Narrow road,City/Town,Near Bus stop,Human Error,Not Applicable,Simple Injury,Not Applicable,Not at  Junction,Others,City or Town Road,Bitumen(Tar),Dry,Not Applicable,Clear,BALLARY ROAD,BMTC BUS STOP MEKHRI CIRCLE,1.5 KM,13.017168,77.584038,0,0,0.0,0.0
Bengaluru City,Sadashivanagar Traffic PS,1.04432e+16,2018,1,2,Road Accidents,Narrow road,City/Town,Open area,Human Error,Yes,Simple Injury,Hit and Run,Not Applicable,Not Applicable,City or Town Road,Bitumen(Tar),Dry,Not Applicable,Clear,PIPE LINE ROAD MSR NAGARA,NEAR GATE NO 7,1KM,13.029764,77.569811,0,0,0.0,0.0
Bengaluru City,Sadashivanagar Traffic PS,1.04432e+16,2018,1,2,Road Accidents,Junction,City/Town,Residential area,Human Error,Yes,Simple Injury,Hit and Run,Signal lights Automatic,Others,City or Town Road,Bitumen(Tar),Dry,Not Applicable,Clear,NEW BEL ROAD,Near Isro junction Signal,1.5km,13.034094,77.568538,0,0,0.0,0.0
Bengaluru City,Sadashivanagar Traffic PS,1.04432e+16,2018,1,1,Road Accidents,Narrow road,City/Town,Open area,Human Error,Not Applicable,Simple Injury,Others,Not at  Junction,Not Applicable,City or Town Road,Bitumen(Tar),Dry,Not Applicable,Clear,RAMANAMAHARSHI ROAD,NEAR TRIPURAVASINI GATE,2KM,13.010306,77.583907,0,0,0.0,0.0
Bengaluru City,Sadashivanagar Traffic PS,1.04432e+16,2018,1,2,Road Accidents,Narrow road,City/Town,Open area,Human Error,Not Applicable,Damage Only,Not Applicable,Not Applicable,Others,City or Town Road,Bitumen(Tar),Dry,Not Applicable,Clear,SRI RAMANAMAHARSHI ROAD,NEAR SHEESH MAHAL GATE,2KM,13.006332,77.583999,0,0,0.0,0.0
Bengaluru City,Sadashivanagar Traffic PS,1.04432e+16,2018,1,1,Road Accidents,Narrow road,City/Town,Open area,Human Error,Not Applicable,Simple Injury,Others,Not at  Junction,Others,City or Town Road,Bitumen(Tar),Dry,Not Applicable,Clear,DOLORS COLONY,NEAR VIJAYA FARMA NO 541,1.5KM,0.0,0.0,0,0,0.0,0.0
Bengaluru City,Sadashivanagar Traffic PS,1.04432e+16,2018,1,2,Road Accidents,Narrow road,City/Town,Residential area,Human Error,Yes,Simple Injury,Hit and Run,Not Applicable,Others,City or Town Road,Bitumen(Tar),Dry,Not Applicable,Clear,15TH MAIN JUNCTION SADASHIVANAGARA,NEAR  NIKKIES RESTORENT,1KM,13.014062,77.57376,0,0,0.0,0.0
Bengaluru City,Sadashivanagar Traffic PS,1.04432e+16,2018,1,2,Road Accidents,Narrow road,City/Town,Near office complex,Human Error,Yes,Simple Injury,Hit and Run,Not Applicable,Others,City or Town Road,Bitumen(Tar),Dry,Not Applicable,Clear,RAMANAMAHARSHI ROAD,NEAR CROMA SHOW ROOM 8TH MAIN,2KM,13.009058,77.583796,0,0,0.0,0.0
Bengaluru City,Sadashivanagar Traffic PS,1.04432e+16,2018,1,1,Road Accidents,Narrow road,City/Town,Open area,Human Error,Not Applicable,Fatal,Hit pedestrian,Not Applicable,Not Applicable,City or Town Road,Bitumen(Tar),Dry,Not Applicable,Clear,2ND MAIN VYALIKAVAL,NEAR SWAPNA BOOK HOUSE,1.5KM,13.005091,77.578543,0,0,0.0,0.0
Bengaluru City,Sadashivanagar Traffic PS,1.04432e+16,2018,1,2,Road Accidents,Junction,City/Town,Open area,Human Error,No,Damage Only,Others,Signal lights Automatic,Others,City or Town Road,Bitumen(Tar),Dry,Not Applicable,Clear,C V RAMAN ROAD,NEAR PS JUNCTION,0.2KM,13.014669,77.572821,0,0,0.0,0.0
Bengaluru City,Sadashivanagar Traffic PS,1.04432e+16,2018,1,1,Road Accidents,Narrow road,City/Town,Near Bus stop,Human Error,Not Applicable,Simple Injury,Hit pedestrian,Not Applicable,Not Applicable,City or Town Road,Bitumen(Tar),Dry,Not Applicable,Clear,RAMANAMAHARSHI ROAD,NEAR 10TH MAIN,1.5KM,13.011232,77.583743,0,0,0.0,0.0
Bengaluru City,Sadashivanagar Traffic PS,1.04432e+16,2018,1,2,Road Accidents,Narrow road,City/Town,Open area,Human Error,Not Applicable,Simple Injury,Head on,Not Applicable,Not Applicable,City or Town Road,Bitumen(Tar),Dry,Not Applicable,Clear,NEW BEL ROAD,NEAR DOMINOS PIZA CORNER,1.5KM,13.031489,77.570216,0,0,0.0,0.0
Bengaluru City,Sadashivanagar Traffic PS,1.04432e+16,2018,1,4,Road Accidents,Narrow road,City/Town,Near Bus stop,Human Error,Not Applicable,Simple Injury,Others,Police / Manual,Others,City or Town Road,Bitumen(Tar),Dry,Not Applicable,Clear,T ChowdaiahRoad,Near Cauvery Junction,2km,13.002156,77.584157,0,0,0.0,0.0
Bengaluru City,Sadashivanagar Traffic PS,1.04432e+16,2018,1,2,Road Accidents,Narrow road,City/Town,Residential area,Human Error,Not Applicable,Damage Only,Not Applicable,Not at  Junction,Others,City or Town Road,Bitumen(Tar),Dry,Not Applicable,Clear,DOLORS COLONY SANJAYANAGARA,NEAR VYSHNAVI APARTMENTS 6TH CROSS,1KM,13.026671,77.575702,0,0,0.0,0.0
Bengaluru City,Sadashivanagar Traffic PS,1.04432e+16,2018,1,1,Road Accidents,Narrow road,City/Town,Open area,Human Error,No,Simple Injury,Not Applicable,Not at  Junction,Not Applicable,City or Town Road,Bitumen(Tar),Dry,Not Applicable,Clear,SRI RAMANA MAHARSHI ROAD,OPP GATE NO 8 BANGALORE PALACE,2KM,13.00261,77.584151,0,0,0.0,0.0
Bengaluru City,Sadashivanagar Traffic PS,1.04432e+16,2018,1,2,Road Accidents,Narrow road,City/Town,Open area,Human Error,Not Applicable,Damage Only,Others,Not Applicable,Others,City or Town Road,Bitumen(Tar),Dry,Not Applicable,Clear,NEW BEL ROAD,NEAR CPRI GATE,0.5,13.024273,77.572071,0,0,0.0,0.0
Bengaluru City,Sadashivanagar Traffic PS,1.04432e+16,2018,1,2,Road Accidents,Narrow road,City/Town,Open area,Human Error,Not Applicable,Simple Injury,Not Applicable,Not at  Junction,Others,City or Town Road,Bitumen(Tar),Dry,No influence on accident,Clear,2ND MAIN VYALIKAVAL,NEAR SWAPNA BOOK HOUSE,2KM,13.005071,77.578547,0,0,0.0,0.0
Bengaluru City,Sadashivanagar Traffic PS,1.04432e+16,2018,1,2,Road Accidents,Narrow road,City/Town,Near Hospital,Human Error,Yes,Simple Injury,Hit and Run,Not at  Junction,Others,City or Town Road,Bitumen(Tar),Dry,Not Applicable,Clear,PIPE LINE ROAD M SR NAGARA,NEAR GATE NO 7 M S RAMAIAH HOSPITAL,1.5KM,13.031265,77.568076,0,0,0.0,0.0
Bengaluru City,Sadashivanagar Traffic PS,1.04432e+16,2018,1,2,Road Accidents,Cross roads,City/Town,Open area,Human Error,Not Applicable,Simple Injury,Not Applicable,Signal lights Automatic,Others,City or Town Road,Bitumen(Tar),Dry,Not Applicable,Clear,BALLARY ROAD,NEAR SIGNAL MEKHRI CIRCLE,1.5KM,13.014637,77.583809,0,0,0.0,0.0
Bengaluru City,Sadashivanagar Traffic PS,1.04432e+16,2018,1,2,Road Accidents,Narrow road,City/Town,Open area,Human Error,Not Applicable,Simple Injury,Others,Not at  Junction,Others,City or Town Road,Bitumen(Tar),Dry,Not Applicable,Clear,BALLARY ROAD,Service Road Near Mekhri Circle,1.5km,13.016561,77.584038,0,0,0.0,0.0
Bengaluru City,Sadashivanagar Traffic PS,1.04432e+16,2018,1,1,Road Accidents,Narrow road,City/Town,Open area,Human Error,Yes,Simple Injury,Hit and Run,Not at  Junction,Others,City or Town Road,Bitumen(Tar),Dry,Not Applicable,Clear,BALLARY ROAD,NEAR SHEL PETROL BUNK,2KM,13.021452,77.584306,0,0,0.0,0.0
Bengaluru City,Sadashivanagar Traffic PS,1.04432e+16,2018,1,2,Road Accidents,Narrow road,City/Town,Open area,Human Error,No,Simple Injury,Not Applicable,Not at  Junction,Others,City or Town Road,Bitumen(Tar),Dry,Not Applicable,Clear,NEW BEL ROAD,OPP CPRI GATE,0.5KM,13.01711,77.572664,0,0,0.0,0.0
Bengaluru City,Sadashivanagar Traffic PS,1.04432e+16,2018,1,1,Road Accidents,Junction,City/Town,Residential area,Human Error,Not Applicable,Simple Injury,Hit pedestrian,Signal lights Blinking,Not Applicable,City or Town Road,Bitumen(Tar),Dry,Pot holed,Clear,T CHOWDAIAH ROAD,NEAR P G HALLI PEDASTRIAN CROSSING,2KM,12.999688,77.58423,5,0,0.0,5.0
Bengaluru City,Sadashivanagar Traffic PS,1.04432e+16,2018,1,2,Road Accidents,Other,City/Town,Open area,Human Error,Not Applicable,Fatal,Head on,Not at  Junction,Others,City or Town Road,Bitumen(Tar),Dry,Not Applicable,Clear,RAMANAMAHARSHI ROAD,NEAR ORIENTAL BANK ATM,2KM,13.003538,77.583948,0,0,0.0,0.0
Bengaluru City,Sadashivanagar Traffic PS,1.04432e+16,2018,1,2,Road Accidents,Curves,City/Town,Open area,Human Error,Not Applicable,Simple Injury,Not Applicable,Not at  Junction,Curve,City or Town Road,Bitumen(Tar),Dry,Not Applicable,Clear,BALLARY ROAD,NEAR SANJAYANAGARA U TURN,2KM,13.021564,77.584334,0,0,0.0,0.0
Bengaluru City,Sadashivanagar Traffic PS,1.04432e+16,2018,1,2,Road Accidents,Narrow road,City/Town,Near Petrol Pump,Human Error,Yes,Damage Only,Hit and Run,Not Applicable,Others,City or Town Road,Bitumen(Tar),Dry,Not Applicable,Clear,BALLARY ROAD,NEAR SHELL PETROL BUNK,2KM,13.021556,77.584325,0,0,0.0,0.0
Bengaluru City,Sadashivanagar Traffic PS,1.04432e+16,2018,1,2,Road Accidents,Not Applicable,City/Town,Residential area,Human Error,Not Applicable,Damage Only,Others,Not at  Junction,Not Applicable,City or Town Road,Bitumen(Tar),Dry,Not Applicable,Clear,sadashivanagara,9th cross,1km,13.010449,77.576043,0,0,0.0,0.0
Bengaluru City,Sadashivanagar Traffic PS,1.04432e+16,2018,1,1,Road Accidents,Narrow road,City/Town,Open area,Human Error,Yes,Simple Injury,Hit and Run,Not at  Junction,Not Applicable,City or Town Road,Bitumen(Tar),Dry,Not Applicable,Clear,BALLARY ROAD,Taralabalu cross near mekhri circle,2KM,13.017169,77.584026,0,0,0.0,0.0
Bengaluru City,Sadashivanagar Traffic PS,1.04432e+16,2018,1,2,Rail Road Accidents,Circle,City/Town,Open area,Human Error,Yes,Simple Injury,Hit and Run,Signal lights Automatic,Not Applicable,City or Town Road,Bitumen(Tar),Dry,Not Applicable,Clear,T CHOWDAIH ROAD,Near Bhashyam circle,1.5km,13.006331,77.57869,0,0,0.0,0.0
Bengaluru City,Sadashivanagar Traffic PS,1.04432e+16,2018,1,2,Road Accidents,Narrow road,City/Town,Residential area,Human Error,Not Applicable,Simple Injury,Others,Not at  Junction,Others,City or Town Road,Bitumen(Tar),Dry,Not Applicable,Clear,7 th cross sadashivanagara,near house no 282,1km,13.010388,77.577217,0,0,0.0,0.0
Bengaluru City,Sadashivanagar Traffic PS,1.04432e+16,2018,1,2,Road Accidents,Narrow road,City/Town,Open area,Human Error,Yes,Simple Injury,Hit and Run,Not at  Junction,Others,City or Town Road,Bitumen(Tar),Dry,Not Applicable,Clear,BALLARY ROAD,NEAR KARNATAKA KALYANA MANTAPA,40,13.020078,77.583852,0,0,0.0,0.0
Bengaluru City,Sadashivanagar Traffic PS,1.04432e+16,2018,1,2,Road Accidents,Narrow road,City/Town,Open area,Human Error,Yes,Simple Injury,Hit and Run,Not at  Junction,Others,City or Town Road,Bitumen(Tar),Dry,Pot holed,Clear,T CHOWDAIH ROAD,NEAR SUZUKI SHOW ROOM,2KM,12.999309,77.583553,5,0,0.0,5.0
Bengaluru City,Sadashivanagar Traffic PS,1.04432e+16,2018,1,2,Road Accidents,Narrow road,City/Town,Open area,Human Error,Not Applicable,Simple Injury,Others,Not at  Junction,Others,City or Town Road,Bitumen(Tar),Dry,Not Applicable,Clear,NEW BEL ROAD,Near CPRI gate,1.2km,13.024306,77.572071,0,0,0.0,0.0
Bengaluru City,Sadashivanagar Traffic PS,1.04432e+16,2018,1,3,Road Accidents,Narrow road,City/Town,Open area,Human Error,Not Applicable,Simple Injury,Others,Not at  Junction,Others,City or Town Road,Bitumen(Tar),Dry,Not Applicable,Clear,BALLARY ROAD,NEAR TARALABALU CROSS,2KM,13.017218,77.584037,0,0,0.0,0.0
Bengaluru City,Sadashivanagar Traffic PS,1.04432e+16,2018,1,2,Road Accidents,Narrow road,City/Town,Residential area,Human Error,Not Applicable,Simple Injury,Head on,Not Applicable,Not Applicable,City or Town Road,Bitumen(Tar),Dry,Not Applicable,Clear,VYVLIKAVAL,15TH CROSS VYVLIKAVAL,2KM,13.005368,77.574832,0,0,0.0,0.0
Bengaluru City,Sadashivanagar Traffic PS,1.04432e+16,2018,1,2,Road Accidents,Narrow road,City/Town,Open area,Human Error,Yes,Damage Only,Hit and Run,Not Applicable,Not Applicable,City or Town Road,Bitumen(Tar),Dry,Not Applicable,Clear,RAMANAMAHARSHI ROAD,NEAR GATE NO 4 GAYATRIVIHAR,2KM,13.008905,77.583799,0,0,0.0,0.0
Bengaluru City,Sadashivanagar Traffic PS,1.04432e+16,2018,1,1,Road Accidents,Narrow road,City/Town,Open area,Human Error,Not Applicable,Simple Injury,Hit pedestrian,Not at  Junction,Not Applicable,City or Town Road,Bitumen(Tar),Dry,Not Applicable,Clear,T CHOWDAIAH ROAD,NEAR CAUVERY THEATER,2KM,13.002525,77.584158,0,0,0.0,0.0
Bengaluru City,Sadashivanagar Traffic PS,1.04432e+16,2018,1,3,Road Accidents,Circle,City/Town,Open area,Human Error,Yes,Simple Injury,Hit and Run,Signal lights Automatic,Not Applicable,City or Town Road,Bitumen(Tar),Dry,Not Applicable,Clear,BALLARY ROAD,NEAR MEKHRI CIRCLE,1KM,13.014505,77.58383,0,0,0.0,0.0
Bengaluru City,Sadashivanagar Traffic PS,1.04432e+16,2018,1,2,Road Accidents,Narrow road,City/Town,Open area,Human Error,Not Applicable,Damage Only,Not Applicable,Not at  Junction,Not Applicable,City or Town Road,Bitumen(Tar),Dry,Not Applicable,Clear,BALLARY ROAD,NEAR SANJAYANAGARA U TURN,2KM,13.022322,77.58451,0,0,0.0,0.0
Bengaluru City,Sadashivanagar Traffic PS,1.04432e+16,2018,1,1,Road Accidents,Other,City/Town,Open area,Human Error,Not Applicable,Fatal,Hit bicyclist,Not at  Junction,Others,City or Town Road,Bitumen(Tar),Dry,Not Applicable,Clear,NEW BEL ROAD,Near CPRI gate,1.5KM,13.024029,77.572076,0,0,0.0,0.0
Bengaluru City,Sadashivanagar Traffic PS,1.04432e+16,2018,1,2,Road Accidents,Narrow road,City/Town,Open area,Human Error,Not Applicable,Simple Injury,Others,No signal lights,Others,City or Town Road,Bitumen(Tar),Dry,Not Applicable,Clear,NEW BEL ROAD,Near cpri gate,1km,13.024319,77.572056,0,0,0.0,0.0
Bengaluru City,Sadashivanagar Traffic PS,1.04432e+16,2019,1,2,Road Accidents,Circle,City/Town,Near a religious place,Human Error,Not Applicable,Simple Injury,Vehicle to Vehicle,Not at  Junction,Curve,Others,Bitumen(Tar),Others,Not Applicable,Clear,T CHOWDAIH ROAD,NEAR CIRCLE MARAMMA TEMPEL,1KM,13.012134,77.569357,0,1,0.0,1.0
Bengaluru City,Sadashivanagar Traffic PS,1.04432e+16,2019,1,1,Road Accidents,Narrow road,City/Town,Open area,Human Error,Yes,Fatal,Hit pedestrian,Not Applicable,Others,Others,Bitumen(Tar),Dry,Not Applicable,Clear,NEW BEL ROAD,NEAR KFC RESTORENT,1KM,13.03204,77.569849,0,0,0.0,0.0
Bengaluru City,Sadashivanagar Traffic PS,1.04432e+16,2019,1,2,Road Accidents,Narrow road,City/Town,Residential area,Human Error,Not Applicable,Fatal,Hit pedestrian,Not at  Junction,Others,Others,Bitumen(Tar),Dry,Not Applicable,Clear,BALLARY ROAD,NEAR HMT BHAVAN,1.5km,13.02,77.584021,0,0,0.0,0.0
Bengaluru City,Sadashivanagar Traffic PS,1.04432e+16,2019,1,2,Road Accidents,Junction,City/Town,Open area,Human Error,Not Applicable,Simple Injury,Others,Signal lights Automatic,Others,City or Town Road,Bitumen(Tar),Dry,Not Applicable,Clear,BALLARY ROAD,Near mekhri circle,1km,13.014542,77.583094,0,0,0.0,0.0
Bengaluru City,Sadashivanagar Traffic PS,1.04432e+16,2019,1,2,Road Accidents,Narrow road,Rural Areas,Open area,Human Error,Not Applicable,Simple Injury,Vehicle to Vehicle,No signal lights,Others,Others,Bitumen(Tar),Dry,Not Applicable,Clear,BALLARY ROAD,NEAR SANJAYANAGARA U TURN,2KM,13.021638,77.584281,0,0,0.0,0.0
Bengaluru City,Sadashivanagar Traffic PS,1.04432e+16,2019,1,2,Road Accidents,Narrow road,City/Town,Open area,Human Error,No,Damage Only,Vehicle to Vehicle,Not at  Junction,Straight and flat,One way,Bitumen(Tar),Dry,Not Applicable,Clear,RAMANAMAHARSHI ROAD,Near mekhri circle,0.5 km,13.009024,77.583939,0,0,0.0,0.0
Bengaluru City,Sadashivanagar Traffic PS,1.04432e+16,2019,1,2,Road Accidents,Narrow road,City/Town,Open area,Human Error,Yes,Fatal,Vehicle to Vehicle,Not Applicable,Others,Others,Bitumen(Tar),Dry,Not Applicable,Clear,RAMANAMAHARSHI ROAD,NEAR RESET GIM,1.5KM,13.010493,77.583751,0,0,0.0,0.0
Bengaluru City,Sadashivanagar Traffic PS,1.04432e+16,2019,1,2,Road Accidents,Narrow road,City/Town,Open area,Human Error,Yes,Simple Injury,Vehicle to Vehicle,Not at  Junction,Others,Others,Bitumen(Tar),Dry,Not Applicable,Clear,NEW BEL ROAD,NEAR 6TH GEAR CAR SHOW ROOM,1.5KM,13.040829,77.562939,0,0,0.0,0.0
Bengaluru City,Sadashivanagar Traffic PS,1.04432e+16,2019,1,2,Road Accidents,Junction,City/Town,Near Hospital,Human Error,Yes,Simple Injury,Vehicle to Vehicle,Signal lights Automatic,Others,Others,Bitumen(Tar),Dry,Not Applicable,Clear,NEW BEL ROAD,NEAR M S RAMAIAH JUNCTION,1km,0.0,0.0,0,0,0.0,0.0
Bengaluru City,Sadashivanagar Traffic PS,1.04432e+16,2019,1,1,Rail Road Accidents,Narrow road,City/Town,Near Petrol Pump,Human Error,Not Applicable,Simple Injury,Hit pedestrian,Not at  Junction,Not Applicable,Others,Bitumen(Tar),Dry,Not Applicable,Clear,T CHOWDAIH ROAD,Near Shell petrol bunk,1.5km,13.005029,77.580869,0,0,0.0,0.0
Bengaluru City,Sadashivanagar Traffic PS,1.04432e+16,2019,1,4,Road Accidents,Narrow road,City/Town,Open area,Human Error,Yes,Grievous Injury,Vehicle to Vehicle,Not at  Junction,Others,Others,Bitumen(Tar),Others,Not Applicable,Clear,RAMANAMAHARSHI ROAD,NEAR GATE NO 5 PALACE GROUND,1.5KM,13.007986,77.583966,0,1,0.0,1.0
Bengaluru City,Sadashivanagar Traffic PS,1.04432e+16,2019,1,1,Road Accidents,Narrow road,City/Town,Residential area,Human Error,Not Applicable,Simple Injury,Not Applicable,Not Applicable,Others,Residential Street,Bitumen(Tar),Dry,Not Applicable,Clear,JEEVRAJ ALVA ROAD,NEAR SANKY GATE,1km,0.0,0.0,0,0,0.0,0.0
Bengaluru City,Sadashivanagar Traffic PS,1.04432e+16,2019,1,1,Road Accidents,Circle,City/Town,Near a religious place,Human Error,Yes,Simple Injury,Hit pedestrian,Give way sign,Others,Others,Bitumen(Tar),Dry,Not Applicable,Clear,T CHOWDAIAH ROAD,NEAR MARAMMA CIRCLE,1.5 KM,13.011983,77.569168,0,0,0.0,0.0
Bengaluru City,Sadashivanagar Traffic PS,1.04432e+16,2019,1,2,Road Accidents,Narrow road,City/Town,Open area,Human Error,Not Applicable,Grievous Injury,Vehicle to Vehicle,Not at  Junction,Not Applicable,Others,Bitumen(Tar),Dry,Not Applicable,Clear,RAMANAMAHARSHI ROAD,Near mekhri circle under pass,1.5KM,13.011921,77.583756,0,0,0.0,0.0
Bengaluru City,Sadashivanagar Traffic PS,1.04432e+16,2019,1,2,Road Accidents,Narrow road,City/Town,Near office complex,Human Error,No,Simple Injury,Hit pedestrian,Police / Manual,Others,City or Town Road,Bitumen(Tar),Dry,Not Applicable,Clear,NEW BEL ROAD,NEAR GILLIS RESTORENT,1KM,13.027325,77.571793,0,0,0.0,0.0
Bengaluru City,Sadashivanagar Traffic PS,1.04432e+16,2019,1,1,Road Accidents,Narrow road,City/Town,Open area,Human Error,Not Applicable,Simple Injury,Hit pedestrian,Not at  Junction,Others,City or Town Road,Bitumen(Tar),Dry,Not Applicable,Clear,16thcross MALLESHWARAM,NEAR INDANE GASF AGENCY,1.5KM,13.006252,77.574135,0,0,0.0,0.0
Bengaluru City,Sadashivanagar Traffic PS,1.04432e+16,2019,1,2,Road Accidents,Junction,City/Town,Residential area,Human Error,Not Applicable,Damage Only,Vehicle to Vehicle,No signal lights,Others,Residential Street,Bitumen(Tar),Dry,Not Applicable,Clear,9th main sadashivanagara,9TH MAIN 3RD CROSS JUNCTION,1KM,13.0102,77.581269,0,0,0.0,0.0
Bengaluru City,Sadashivanagar Traffic PS,1.04432e+16,2019,1,2,Road Accidents,Narrow road,City/Town,Residential area,Human Error,Not Applicable,Damage Only,Vehicle to Vehicle,Not at  Junction,Others,Residential Street,Bitumen(Tar),Dry,Not Applicable,Clear,DOLORS COLONY,nar house no 111,1.5KM,13.025105,77.57748,0,0,0.0,0.0
Bengaluru City,Sadashivanagar Traffic PS,1.04432e+16,2019,1,2,Road Accidents,Narrow road,City/Town,Narrow bridge or culverts,Human Error,Not Applicable,Simple Injury,Vehicle to Vehicle,Not Applicable,Others,Arterial,Bitumen(Tar),Dry,Not Applicable,Clear,RAMANAMAHARSHI ROAD,Near mekhri circle under pass,1.5KM,0.0,0.0,0,0,0.0,0.0
Bengaluru City,Sadashivanagar Traffic PS,1.04432e+16,2019,1,2,Road Accidents,Narrow road,City/Town,Open area,Human Error,Yes,Simple Injury,Vehicle to Vehicle,Not Applicable,Others,Others,Bitumen(Tar),Others,Not Applicable,Clear,near coffice day,dattatreya tempel,2,12.998912,77.575753,0,1,0.0,1.0
Bengaluru City,Sadashivanagar Traffic PS,1.04432e+16,2019,1,1,Road Accidents,Narrow road,City/Town,Open area,Human Error,Not Applicable,Grievous Injury,Hit pedestrian,Not Applicable,Others,Others,Bitumen(Tar),Dry,Not Applicable,Clear,NEW BEL ROAD,NEAR INDIAN OIL PETROLPUMP,1.5KM,13.032375,77.5698,0,0,0.0,0.0
Bengaluru City,Sadashivanagar Traffic PS,1.04432e+16,2019,1,2,Road Accidents,Narrow road,City/Town,Open area,Human Error,Not Applicable,Fatal,Head on,Signal lights Automatic,Others,City or Town Road,Bitumen(Tar),Dry,Not Applicable,Clear,NEW BEL ROAD,near devasandra junction,1.5km,13.037028,77.565981,0,0,0.0,0.0
Bengaluru City,Sadashivanagar Traffic PS,1.04432e+16,2019,1,1,Road Accidents,Narrow road,City/Town,Open area,Human Error,Yes,Simple Injury,Hit pedestrian,Not at  Junction,Not Applicable,Others,Bitumen(Tar),Others,Not Applicable,Clear,T CHOWDAIH ROAD,NEAR INDIAN BANK ATM,1.5km,13.00534,77.5805929,0,1,0.0,1.0
Bengaluru City,Sadashivanagar Traffic PS,1.04432e+16,2019,1,1,Road Accidents,Narrow road,Rural Areas,Open area,Human Error,Not Applicable,Fatal,Hit pedestrian,Not at  Junction,Others,Others,Bitumen(Tar),Dry,Not Applicable,Clear,T CHOWDAIH ROAD,NEAR SANKY GATE,1km,13.008552,77.571752,0,0,0.0,0.0
Bengaluru City,Sadashivanagar Traffic PS,1.04432e+16,2019,1,2,Road Accidents,Narrow road,City/Town,Open area,Human Error,Yes,Grievous Injury,Vehicle to Vehicle,Not Applicable,Others,Others,Bitumen(Tar),Dry,Not Applicable,Clear,VYVLIKAVAL,Near swapna book house,2,13.005209,77.578694,0,0,0.0,0.0
Bengaluru City,Sadashivanagar Traffic PS,1.04432e+16,2019,1,1,Road Accidents,Narrow road,City/Town,Near a recreation place/cinema,Human Error,Yes,Simple Injury,Hit and Run,Not Applicable,Others,City or Town Road,Bitumen(Tar),Others,Not Applicable,Clear,TEMPEL STREET,NAER KODANDARAMA TEMPEL,2KM,13.002908,77.574589,0,1,0.0,1.0
Bengaluru City,Sadashivanagar Traffic PS,1.04432e+16,2019,1,2,Road Accidents,Narrow road,City/Town,Open area,Human Error,Not Applicable,Simple Injury,Vehicle to Vehicle,Not at  Junction,Others,Others,Bitumen(Tar),Dry,Not Applicable,Clear,BALLARY ROAD,NEAR TARALABALU CROSS,1.5KM,13.017309,77.584022,0,0,0.0,0.0
Bengaluru City,Sadashivanagar Traffic PS,1.04432e+16,2019,1,2,Road Accidents,Narrow road,City/Town,Open area,Human Error,Yes,Grievous Injury,Vehicle to Vehicle,Not Applicable,Others,Others,Bitumen(Tar),Dry,Not Applicable,Clear,pipeline road msr nagara,near gate no 5,1.5KM,13.030436,77.569119,0,0,0.0,0.0
Bengaluru City,Sadashivanagar Traffic PS,1.04432e+16,2019,1,2,Road Accidents,Narrow road,City/Town,Open area,Human Error,Not Applicable,Damage Only,Vehicle to Vehicle,Not Applicable,Others,Others,Bitumen(Tar),Dry,Not Applicable,Clear,T CHOWDAIH ROAD,Near Forest gate,1km,13.010112,77.57067,0,0,0.0,0.0
Bengaluru City,Sadashivanagar Traffic PS,1.04432e+16,2019,1,2,Road Accidents,Narrow road,City/Town,Open area,Human Error,Yes,Damage Only,Vehicle to Vehicle,Not at  Junction,Not Applicable,Others,Bitumen(Tar),Dry,Not Applicable,Clear,RAMANAMAHARSHI ROAD,NEAR NOVA HOSPITAL,2KM,13.006763,77.583935,0,0,0.0,0.0
Bengaluru City,Sadashivanagar Traffic PS,1.04432e+16,2019,1,2,Road Accidents,Narrow road,City/Town,Open area,Human Error,Not Applicable,Simple Injury,Vehicle to Vehicle,Signal lights Automatic,Others,Expressway,Bitumen(Tar),Dry,Not Applicable,Clear,NEW BEL ROAD,NEAR ISRO JUNCTION,1.5KM,13.034064,77.568616,0,0,0.0,0.0
Bengaluru City,Sadashivanagar Traffic PS,1.04432e+16,2019,1,2,Road Accidents,Narrow road,City/Town,Open area,Human Error,Yes,Damage Only,Hit and Run,Not Applicable,Others,City or Town Road,Bitumen(Tar),Others,Not Applicable,Clear,BALLARY ROAD,NEAR HQTC GATE,1.5km,13.016509,77.584015,0,1,0.0,1.0
Bengaluru City,Sadashivanagar Traffic PS,1.04432e+16,2019,1,2,Road Accidents,Junction,City/Town,Open area,Human Error,Yes,Grievous Injury,Vehicle to Vehicle,Signal lights Automatic,Others,Others,Bitumen(Tar),Others,Not Applicable,Clear,BALLARY ROAD,Near mekhri circle,1.5km,13.014402,77.583969,0,1,0.0,1.0
Bengaluru City,Sadashivanagar Traffic PS,1.04432e+16,2019,1,1,Road Accidents,Narrow road,City/Town,Near Bus stop,Human Error,Not Applicable,Grievous Injury,Hit pedestrian,Signal lights Automatic,Others,Others,Bitumen(Tar),Dry,Not Applicable,Clear,T CHOWDAIH ROAD,NEAR PEDESTRAIN CROSSING P G HALLI BUS STOP,2KM,12.999682,77.584092,0,0,0.0,0.0