DISTRICTNAME,UNITNAME,Crime_No,Year,RI,Noofvehicle_involved,Accident_Classification,Accident_Spot,Accident_Location,Accident_SubLocation,Main_Cause,Hit_Run,Severity,Collision_Type,Junction_Control,Road_Character,Road_Type,Surface_Type,Surface_Condition,Road_Condition,Weather,Accident_Road,Landmark_first,Distance_LandMark_First,Latitude,Longitude,Road_Condition_Score,Surface_Condition_Score,Surface_Type_Score,Road_Risk_Index
Bengaluru City,Sadashivanagar Traffic PS,1.04432e+16,2019,1,2,Road Accidents,Narrow road,City/Town,Near Petrol Pump,Human Error,Not Applicable,Simple Injury,Others,Not at  Junction,Others,City or Town Road,Bitumen(Tar),Dry,Not Applicable,Clear,BALLARY ROAD,NEAR PETROL BUNK,2KM,13.021312,77.584264,0,0,0.0,0.0
Bengaluru City,Sadashivanagar Traffic PS,1.04432e+16,2019,1,2,Road Accidents,Other,City/Town,Open area,Human Error,Not Applicable,Damage Only,Head on,Not Applicable,Others,City or Town Road,Bitumen(Tar),Dry,Not Applicable,Clear,DOLORS COLONY,NO 15A OPP ASHWAYHNAGARA,1.5km,13.024736,77.579719,0,0,0.0,0.0
Bengaluru City,Sadashivanagar Traffic PS,1.04432e+16,2019,1,1,Road Accidents,Narrow road,City/Town,Open area,Human Error,Not Applicable,Grievous Injury,Hit pedestrian,Not at  Junction,Others,Others,Bitumen(Tar),Dry,Not Applicable,Clear,RAMANAMAHARSHI ROAD,near gate no 2,2km,13.011948,77.584094,0,0,0.0,0.0
Bengaluru City,Sadashivanagar Traffic PS,1.04432e+16,2019,1,3,Road Accidents,Other,City/Town,Open area,Human Error,Not Applicable,Damage Only,Others,Signal lights Automatic,Others,City or Town Road,Bitumen(Tar),Dry,Not Applicable,Clear,RAMANAMAHARSHI ROAD,Near mekhri circle,1KM,13.014237,77.5837449,0,0,0.0,0.0
Bengaluru City,Sadashivanagar Traffic PS,1.04432e+16,2019,1,1,Road Accidents,Narrow road,City/Town,Residential area,Human Error,Not Applicable,Grievous Injury,Hit pedestrian,Not at  Junction,Others,Residential Street,Bitumen(Tar),Dry,Not Applicable,Clear,16thcross,near no 31,2KM,13.006343,77.572562,0,0,0.0,0.0
Bengaluru City,Sadashivanagar Traffic PS,1.04432e+16,2019,1,2,Road Accidents,Narrow road,City/Town,Near Bus stop,Human Error,Yes,Simple Injury,Vehicle to Vehicle,No signal lights,Others,Others,Bitumen(Tar),Dry,Not Applicable,Clear,T CHOWDAIH ROAD,Near p g Halli bus stop,2KM,12.999683,77.584264,0,0,0.0,0.0
Bengaluru City,Sadashivanagar Traffic PS,1.04432e+16,2019,1,2,Road Accidents,Narrow road,City/Town,Open area,Human Error,Not Applicable,Simple Injury,Vehicle to Vehicle,Not Applicable,Others,Others,Bitumen(Tar),Dry,Not Applicable,Clear,BALLARY ROAD,Near Shell petrol bunk,2KM,0.0,0.0,0,0,0.0,0.0
Bengaluru City,Sadashivanagar Traffic PS,1.04432e+16,2019,1,2,Road Accidents,Narrow road,City/Town,Open area,Human Error,Yes,Simple Injury,Vehicle to Vehicle,Not Applicable,Others,Others,Bitumen(Tar),Dry,Not Applicable,Clear,BALLARY ROAD,NEAR ANAND BHAVAN HOTEL,2KM,13.022682,77.584563,0,0,0.0,0.0
Bengaluru City,Sadashivanagar Traffic PS,1.04432e+16,2019,1,2,Road Accidents,Narrow road,Rural Areas,Open area,Human Error,Yes,Damage Only,Vehicle to Vehicle,Not Applicable,Others,Residential Street,Bitumen(Tar),Dry,Not Applicable,Clear,Sheshadripuram,1st main road,2KM,0.0,0.0,0,0,0.0,0.0
Bengaluru City,Sadashivanagar Traffic PS,1.04432e+16,2019,1,2,Road Accidents,Narrow road,City/Town,Residential area,Human Error,No,Simple Injury,Vehicle to Vehicle,Not at  Junction,Others,Others,Bitumen(Tar),Others,No influence on accident,Clear,5TH CROSS RMV EXTN,NEAR RAMAN INSTITUTE,1KM,13.013067,77.579574,0,1,0.0,1.0
Bengaluru City,Sadashivanagar Traffic PS,1.04432e+16,2019,1,3,Road Accidents,Narrow road,City/Town,Open area,Human Error,Not Applicable,Grievous Injury,Vehicle to Vehicle,Not at  Junction,Others,Others,Bitumen(Tar),Dry,Not Applicable,Clear,RAMANAMAHARSHI ROAD,NEAR GATE NO 9 BANGALORE PALACE,2KM,13.00438,77.584121,0,0,0.0,0.0
Bengaluru City,Sadashivanagar Traffic PS,1.04432e+16,2019,1,1,Road Accidents,Other,City/Town,Open area,Human Error,Yes,Simple Injury,Hit pedestrian,Not Applicable,Others,City or Town Road,Bitumen(Tar),Dry,Not Applicable,Clear,T CHOWDAIH ROAD,Near Giriyas show room,1.5km,13.003631,77.583856,0,0,0.0,0.0
Bengaluru City,Sadashivanagar Traffic PS,1.04432e+16,2019,1,2,Road Accidents,Junction,City/Town,Near Bus stop,Human Error,Not Applicable,Damage Only,Vehicle to Vehicle,Signal lights Automatic,Others,Others,Bitumen(Tar),Others,Not Applicable,Clear,BALLARY ROAD,Near mekhri circle,1.5km,13.017555,77.583932,0,1,0.0,1.0
Bengaluru City,Sadashivanagar Traffic PS,1.04432e+16,2019,1,2,Road Accidents,Narrow road,City/Town,Residential area,Human Error,Yes,Simple Injury,Vehicle to Vehicle,Not Applicable,Others,Residential Street,Bitumen(Tar),Others,Not Applicable,Clear,1st main vyvlikaval,Near Mahalakshmi tempel,2KM,13.003068,77.583095,0,1,0.0,1.0
Bengaluru City,Sadashivanagar Traffic PS,1.04432e+16,2019,1,2,Road Accidents,Narrow road,City/Town,Open area,Human Error,Not Applicable,Grievous Injury,Vehicle to Vehicle,Not Applicable,Others,Others,Bitumen(Tar),Dry,Not Applicable,Clear,CV Raman Road,Near TaTa Institute Gate,1km,13.014009,77.566565,0,0,0.0,0.0
Bengaluru City,Sadashivanagar Traffic PS,1.04432e+16,2019,1,1,Road Accidents,Junction,City/Town,Open area,Human Error,Yes,Simple Injury,Hit pedestrian,Signal lights Automatic,Others,Others,Bitumen(Tar),Dry,Not Applicable,Clear,T CHOWDAIH ROAD,Near Bhashyam circle,1.5,13.006453,77.578764,0,0,0.0,0.0
Bengaluru City,Sadashivanagar Traffic PS,1.04432e+16,2019,1,3,Road Accidents,Junction,Rural Areas,Open area,Human Error,Not Applicable,Simple Injury,Vehicle to Vehicle,Signal lights Automatic,Others,Others,Bitumen(Tar),Dry,Not Applicable,Clear,RAMANAMAHARSHI ROAD,NEAR CAUVERY THEATER,2km,0.0,0.0,0,0,0.0,0.0
Bengaluru City,Sadashivanagar Traffic PS,1.04432e+16,2019,1,1,Road Accidents,Cross roads,City/Town,Residential area,Human Error,Yes,Simple Injury,Hit pedestrian,No signal lights,Curve,Arterial,Bitumen(Tar),Dry,Not Applicable,Clear,10 TH MAIN SADASHIVANAGARA,NEAR 4TH CROSS,1KM,13.011341,77.580394,0,0,0.0,0.0
Bengaluru City,Sadashivanagar Traffic PS,1.04432e+16,2019,1,2,Road Accidents,Narrow road,City/Town,Open area,Human Error,Yes,Simple Injury,Vehicle to Vehicle,Not at  Junction,Others,Others,Bitumen(Tar),Others,Not Applicable,Clear,RAMANAMAHARSHI ROAD,near gate no 1 bangalore palace,2KM,13.010905,77.5839,0,1,0.0,1.0
Bengaluru City,Sadashivanagar Traffic PS,1.04432e+16,2019,1,1,Road Accidents,Junction,City/Town,Open area,Human Error,Not Applicable,Simple Injury,Not Applicable,Signal lights Automatic,Curve,Others,Bitumen(Tar),Dry,Not Applicable,Clear,T CHOWDAIH ROAD,cauvery under pass bridge,1.5,13.003861,77.583111,0,0,0.0,0.0
Bengaluru City,Sadashivanagar Traffic PS,1.04432e+16,2019,1,3,Road Accidents,Narrow road,City/Town,Open area,Human Error,Not Applicable,Damage Only,Vehicle to Vehicle,Not at  Junction,Others,Others,Bitumen(Tar),Dry,Not Applicable,Clear,BALLARY ROAD,near dgqa,1.5KM,13.017408,77.584029,0,0,0.0,0.0
Bengaluru City,Sadashivanagar Traffic PS,1.04432e+16,2019,1,2,Road Accidents,Narrow road,City/Town,Open area,Human Error,Not Applicable,Damage Only,Others,Not Applicable,Others,City or Town Road,Bitumen(Tar),Others,Not Applicable,Clear,RAMANAMAHARSHI ROAD,OPP WHITE PETELS,2KM,13.010232,77.583962,0,1,0.0,1.0
Bengaluru City,Sadashivanagar Traffic PS,1.04432e+16,2019,1,2,Other Railway Accidents,Narrow road,City/Town,Near office complex,Human Error,Not Applicable,Simple Injury,Vehicle to Vehicle,Not Applicable,Others,Others,Bitumen(Tar),Dry,Not Applicable,Clear,BALLARY ROAD,NEAR KARNATAKA KALYANAMANTAPA,2KM,0.0,0.0,0,0,0.0,0.0
Bengaluru City,Sadashivanagar Traffic PS,1.04432e+16,2019,1,2,Road Accidents,Narrow road,City/Town,Near Bus stop,Human Error,Not Applicable,Simple Injury,Vehicle to Vehicle,Not at  Junction,Others,Others,Bitumen(Tar),Dry,Not Applicable,Clear,NEW BEL ROAD,near Devasandra bu s stop,1.5KM,13.03614,77.566757,0,0,0.0,0.0
Bengaluru City,Sadashivanagar Traffic PS,1.04432e+16,2020,1,2,Road Accidents,Junction,City/Town,Near Petrol Pump,Human Error,Not Applicable,Damage Only,Vehicle to Vehicle,Police / Manual,Others,Others,Bitumen(Tar),Dry,No influence on accident,Clear,T CHOWDAIH ROAD,Near cauvery Junction,1.5,0.0,0.0,0,0,0.0,0.0
Bengaluru City,Sadashivanagar Traffic PS,1.04432e+16,2020,1,2,Road Accidents,Junction,City/Town,Near a religious place,Human Error,No,Simple Injury,Vehicle to Vehicle,Police / Manual,Others,Others,Bitumen(Tar),Dry,No influence on accident,Clear,T CHOWDAIH ROAD,Near Maramma circle,1KM,0.0,0.0,0,0,0.0,0.0
Bengaluru City,Sadashivanagar Traffic PS,1.04432e+16,2020,1,2,Road Accidents,Junction,City/Town,Open area,Human Error,Not Applicable,Simple Injury,Vehicle to Vehicle,No signal lights,Not Applicable,Others,Bitumen(Tar),Dry,Not Applicable,Clear,CV Raman Road,Near post office,800mtr,0.0,0.0,0,0,0.0,0.0
Bengaluru City,Sadashivanagar Traffic PS,1.04432e+16,2020,1,2,Road Accidents,Narrow road,Rural Areas,Near office complex,Human Error,Not Applicable,Simple Injury,Vehicle to Vehicle,Not at  Junction,Others,One way,Bitumen(Tar),Dry,Not Applicable,Clear,NEW BEL ROAD,Near Cauvery Car Show room,1.5km,0.0,0.0,0,0,0.0,0.0
Bengaluru City,Sadashivanagar Traffic PS,1.04432e+16,2020,1,2,Road Accidents,Narrow road,City/Town,Open area,Human Error,Not Applicable,Simple Injury,Vehicle to Vehicle,Not at  Junction,Others,Service Road,Bitumen(Tar),Dry,Not Applicable,Clear,T CHOWDAIAH ROAD,Near Couvery theater,1.5 KM,0.0,0.0,0,0,0.0,0.0
Bengaluru City,Sadashivanagar Traffic PS,1.04432e+16,2020,1,2,Road Accidents,Narrow road,City/Town,Near office complex,Human Error,Yes,Fatal,Vehicle to Vehicle,No signal lights,Others,Others,Bitumen(Tar),Dry,No influence on accident,Clear,CV Raman Road,Near JN Tata auditourium,500mtr,0.0,0.0,0,0,0.0,0.0
Bengaluru City,Sadashivanagar Traffic PS,1.04432e+16,2020,1,2,Road Accidents,Narrow road,City/Town,Open area,Not Applicable,Yes,Damage Only,Vehicle to Vehicle,Not Applicable,Others,Others,Bitumen(Tar),Dry,Not Applicable,Clear,RAMANAMAHARSHI ROAD,Palace Ground,100 m,0.0,0.0,0,0,0.0,0.0
Bengaluru City,Sadashivanagar Traffic PS,1.04432e+16,2020,1,2,Road Accidents,Narrow road,City/Town,Residential area,Human Error,Not Applicable,Simple Injury,Vehicle to Vehicle,Not Applicable,Not Applicable,Residential Street,Bitumen(Tar),Dry,No influence on accident,Clear,PIPE LINE ROAD MSR NAGARA,near Star gyarage,1.5,0.0,0.0,0,0,0.0,0.0
Bengaluru City,Sadashivanagar Traffic PS,1.04432e+16,2020,1,1,Road Accidents,Narrow road,City/Town,Near School or College,Human Error,Not Applicable,Simple Injury,Hit pedestrian,Not at  Junction,Not Applicable,One way,Bitumen(Tar),Dry,No influence on accident,Clear,CV Raman Road,Near kendriya vidhyalaya School,500mtr,0.0,0.0,0,0,0.0,0.0
Bengaluru City,Sadashivanagar Traffic PS,1.04432e+16,2020,1,3,Road Accidents,Junction,City/Town,Near a recreation place/cinema,Human Error,Not Applicable,Damage Only,Vehicle to Vehicle,Signal lights Automatic,Others,Others,Bitumen(Tar),Dry,Not Applicable,Clear,T CHOWDAIH ROAD,Near cauvery Junction,2km,0.0,0.0,0,0,0.0,0.0
Bengaluru City,Sadashivanagar Traffic PS,1.04432e+16,2020,1,1,Road Accidents,Junction,Rural Areas,Open area,Human Error,Not Applicable,Simple Injury,Not Applicable,Police / Manual,Hump,Two way,Bitumen(Tar),Dry,Not Applicable,Clear,T CHOWDAIH ROAD,Near malleshwaram 18Th cross,1.5Km,0.0,0.0,0,0,0.0,0.0
Bengaluru City,Sadashivanagar Traffic PS,1.04432e+16,2020,1,2,Road Accidents,Narrow road,City/Town,Near Bus stop,Human Error,Yes,Simple Injury,Vehicle to Vehicle,Give way sign,Others,One way,Bitumen(Tar),Dry,Not Applicable,Clear,NEAR hQTC BUS STOP,Ballry road,1.5KM,0.0,0.0,0,0,0.0,0.0
Bengaluru City,Sadashivanagar Traffic PS,1.04432e+16,2020,1,2,Road Accidents,Narrow road,City/Town,Open area,Human Error,No,Simple Injury,Vehicle to Vehicle,Not Applicable,Others,Others,Bitumen(Tar),Dry,Not Applicable,Clear,T CHOWDAIH ROAD,Near Sanky lake,1.5km,0.0,0.0,0,0,0.0,0.0
Bengaluru City,Sadashivanagar Traffic PS,1.04432e+16,2020,1,2,Road Accidents,Narrow road,City/Town,Residential area,Human Error,Not Applicable,Simple Injury,Vehicle to Vehicle,Not at  Junction,Not Applicable,Residential Street,Bitumen(Tar),Dry,Not Applicable,Clear,VYVLIKAVAL,Near Caneara Bank,2km,0.0,0.0,0,0,0.0,0.0
Bengaluru City,Sadashivanagar Traffic PS,1.04432e+16,2020,1,2,Road Accidents,Narrow road,City/Town,Open area,Human Error,Yes,Damage Only,Vehicle to Vehicle,Not at  Junction,Others,Others,Bitumen(Tar),Dry,Not Applicable,Clear,BALLARY ROAD,Near mekhri circle under pass,1km,0.0,0.0,0,0,0.0,0.0
Bengaluru City,Sadashivanagar Traffic PS,1.04432e+16,2020,1,2,Road Accidents,Junction,Rural Areas,Open area,Human Error,Not Applicable,Simple Injury,Vehicle to Vehicle,Signals (Working),Others,Others,Bitumen(Tar),Dry,Not Applicable,Clear,CV Raman Road,Near sadashivanagara ps junction,50mtr,0.0,0.0,0,0,0.0,0.0
Bengaluru City,Sadashivanagar Traffic PS,1.04432e+16,2020,1,1,Road Accidents,Narrow road,Rural Areas,Near School or College,Human Error,Not Applicable,Simple Injury,Not Applicable,Not at  Junction,Others,Others,Bitumen(Tar),Dry,Not Applicable,Clear,CV Raman Road,Near kendriya vidhyalaya School,1km,0.0,0.0,0,0,0.0,0.0
Bengaluru City,Sadashivanagar Traffic PS,1.04432e+16,2020,1,1,Road Accidents,Narrow road,City/Town,Near Bus stop,Human Error,Not Applicable,Fatal,Not Applicable,Not Applicable,Not Applicable,Others,Bitumen(Tar),Dry,Not Applicable,Clear,T CHOWDAIH ROAD,Near Ramanuja park,2Km,0.0,0.0,0,0,0.0,0.0
Bengaluru City,Sadashivanagar Traffic PS,1.04432e+16,2020,1,2,Road Accidents,Narrow road,City/Town,Open area,Human Error,Not Applicable,Simple Injury,Vehicle to Vehicle,Not at  Junction,Others,Others,Bitumen(Tar),Dry,Not Applicable,Clear,CV Raman Road,Near Buddavihar 9Th cross,500mtr,0.0,0.0,0,0,0.0,0.0
Bengaluru City,Sadashivanagar Traffic PS,1.04432e+16,2020,1,2,Road Accidents,Junction,City/Town,Open area,Human Error,Not Applicable,Simple Injury,Vehicle to Vehicle,Signal lights Automatic,Others,Others,Bitumen(Tar),Dry,No influence on accident,Clear,CV Raman Road,Near sadashivanagara police station Junction,50mtr,0.0,0.0,0,0,0.0,0.0
Bengaluru City,Sadashivanagar Traffic PS,1.04432e+16,2020,1,2,Road Accidents,Narrow road,City/Town,Near office complex,Human Error,Yes,Damage Only,Vehicle to Vehicle,Not Applicable,Not Applicable,Others,Bitumen(Tar),Dry,Not Applicable,Clear,NEW BEL ROAD,Near S Bank,1Km,0.0,0.0,0,0,0.0,0.0
Bengaluru City,Sadashivanagar Traffic PS,1.04432e+16,2020,1,1,Road Accidents,Road hump or Rumble strips,City/Town,Open area,Human Error,Not Applicable,Fatal,Not Applicable,Not Applicable,Hump,Two way,Bitumen(Tar),Dry,Not Applicable,Clear,T CHOWDAIH ROAD,NEAR SANKY GATE,1.5km,0.0,0.0,0,0,0.0,0.0
Bengaluru City,Sadashivanagar Traffic PS,1.04432e+16,2020,1,2,Road Accidents,Cross roads,City/Town,Residential area,Human Error,Not Applicable,Simple Injury,Vehicle to Vehicle,Not Applicable,Incline,Residential Street,Bitumen(Tar),Dry,Not Applicable,Clear,11Th cross Vyvlikaval,Near 10Th cross,1.5Km,0.0,0.0,0,0,0.0,0.0
Bengaluru City,Sadashivanagar Traffic PS,1.04432e+16,2020,1,2,Road Accidents,Narrow road,Rural Areas,Open area,Human Error,Not Applicable,Damage Only,Vehicle to Vehicle,Not at  Junction,Curve,Others,Bitumen(Tar),Dry,Not Applicable,Clear,RAMANAMAHARSHI ROAD,Near 8Th main RM Road,1.5km,0.0,0.0,0,0,0.0,0.0
Bengaluru City,Sadashivanagar Traffic PS,1.04432e+16,2020,1,1,Road Accidents,Narrow road,City/Town,Near Hospital,Human Error,Not Applicable,Simple Injury,Hit pedestrian,Not at  Junction,Others,Others,Bitumen(Tar),Dry,Not Applicable,Clear,MS RAMAIAH,NEAR M S RAMAIAH HOSPITAL GATE,1.5KM,13.028267,77.571244,0,0,0.0,0.0
Bengaluru City,Sadashivanagar Traffic PS,1.04432e+16,2020,1,2,Road Accidents,Junction,City/Town,Open area,Human Error,Yes,Simple Injury,Vehicle to Vehicle,Signal lights Automatic,Others,Others,Bitumen(Tar),Dry,Not Applicable,Clear,BALLARY ROAD,NAER MEKHRICIRCLE,1.5KM,0.0,0.0,0,0,0.0,0.0
Bengaluru City,Sadashivanagar Traffic PS,1.04432e+16,2020,1,2,Road Accidents,Narrow road,City/Town,Near Bus stop,Human Error,Not Applicable,Damage Only,Vehicle to Vehicle,Signal lights Automatic,Others,Others,Bitumen(Tar),Dry,Not Applicable,Clear,T CHOWDAIH ROAD,Near p g Halli bus stop,3km,0.0,0.0,0,0,0.0,0.0
Bengaluru City,Sadashivanagar Traffic PS,1.04432e+16,2020,1,2,Road Accidents,Narrow road,Rural Areas,Near office complex,Human Error,Yes,Simple Injury,Vehicle to Vehicle,Not Applicable,Curve,Others,Bitumen(Tar),Dry,Not Applicable,Clear,T CHOWDAIH ROAD,Near Hundai Showroom,1.5km,0.0,0.0,0,0,0.0,0.0
Bengaluru City,Sadashivanagar Traffic PS,1.04432e+16,2020,1,2,Road Accidents,Narrow road,City/Town,Near Bus stop,Human Error,Not Applicable,Damage Only,Vehicle to Vehicle,Not Applicable,Others,Others,Bitumen(Tar),Dry,Not Applicable,Clear,CV Raman Road,Near TaTa Institute,300mtr,0.0,0.0,0,0,0.0,0.0
Bengaluru City,Sadashivanagar Traffic PS,1.04432e+16,2020,1,2,Road Accidents,Narrow road,City/Town,Near office complex,Human Error,Not Applicable,Simple Injury,Vehicle to Vehicle,Not Applicable,Others,Two way,Bitumen(Tar),Dry,Not Applicable,Clear,NEW BEL ROAD,Near Relaience Trendes,1.5Km,0.0,0.0,0,0,0.0,0.0
Bengaluru City,Sadashivanagar Traffic PS,1.04432e+16,2020,1,2,Road Accidents,Narrow road,City/Town,Open area,Human Error,Not Applicable,Fatal,Vehicle to Vehicle,Not Applicable,Others,Others,Bitumen(Tar),Dry,Not Applicable,Clear,CV Raman Road,Near post office,1.5KM,13.014098,77.566741,0,0,0.0,0.0
Bengaluru City,Sadashivanagar Traffic PS,1.04432e+16,2020,1,2,Road Accidents,Narrow road,City/Town,Open area,Human Error,Yes,Simple Injury,Vehicle to Vehicle,Not Applicable,Others,One way,Bitumen(Tar),Dry,Not Applicable,Clear,RAMANAMAHARSHI ROAD,Near Gate no 01 Bangalore Palace,1.5 KM,0.0,0.0,0,0,0.0,0.0
Bengaluru City,Sadashivanagar Traffic PS,1.04432e+16,2020,1,2,Road Accidents,Narrow road,City/Town,Open area,Human Error,Yes,Simple Injury,Vehicle to Vehicle,Not at  Junction,Others,Others,Bitumen(Tar),Dry,Not Applicable,Clear,CV Raman Road,near Sandeep motors,500mtr,0.0,0.0,0,0,0.0,0.0
Bengaluru City,Sadashivanagar Traffic PS,1.04432e+16,2020,1,1,Road Accidents,Narrow road,City/Town,Narrow bridge or culverts,Human Error,Not Applicable,Simple Injury,Not Applicable,Not at  Junction,Others,Others,Bitumen(Tar),Dry,Not Applicable,Clear,T CHOWDAIAH ROAD,Near Cauvery Under Pass Bridge,1.5KM,0.0,0.0,0,0,0.0,0.0
Bengaluru City,Sadashivanagar Traffic PS,1.04432e+16,2020,1,1,Road Accidents,Narrow road,City/Town,Near Petrol Pump,Human Error,Not Applicable,Simple Injury,Not Applicable,Police / Manual,Others,Others,Bitumen(Tar),Dry,Not Applicable,Clear,T CHOWDAIH ROAD,Near Couvery  junction,2Km,0.0,0.0,0,0,0.0,0.0
Bengaluru City,Sadashivanagar Traffic PS,1.04432e+16,2020,1,2,Road Accidents,Narrow road,City/Town,Near office complex,Human Error,Yes,Simple Injury,Vehicle to Vehicle,Not at  Junction,Others,Others,Bitumen(Tar),Dry,Not Applicable,Clear,NEW BEL ROAD,NEAR CROMA SHOW ROOM 8TH MAIN,1.5 KM,0.0,0.0,0,0,0.0,0.0
Bengaluru City,Sadashivanagar Traffic PS,1.04432e+16,2020,1,1,Road Accidents,Narrow road,City/Town,Residential area,Human Error,Not Applicable,Fatal,Not Applicable,Not Applicable,Not Applicable,Residential Street,Bitumen(Tar),Dry,Not Applicable,Clear,RK Garden,Opp House Nm31 4Th cross,3km,0.0,0.0,0,0,0.0,0.0
Bengaluru City,Sadashivanagar Traffic PS,1.04432e+16,2020,1,2,Road Accidents,Narrow road,Rural Areas,Near Bus stop,Human Error,Yes,Simple Injury,Hit pedestrian,Not at  Junction,Others,Others,Bitumen(Tar),Dry,Not Applicable,Clear,DATTATREYA TEMPEL ROAD,PG halli,2KM,0.0,0.0,0,0,0.0,0.0
Bengaluru City,Sadashivanagar Traffic PS,1.04432e+16,2020,1,2,Road Accidents,Junction,City/Town,Narrow bridge or culverts,Human Error,Yes,Simple Injury,Vehicle to Vehicle,Not at  Junction,Others,Others,Bitumen(Tar),Dry,No influence on accident,Clear,Sir CV Raman Road,Near BHEL Gate,1km,0.0,0.0,0,0,0.0,0.0
Bengaluru City,Sadashivanagar Traffic PS,1.04432e+16,2020,1,2,Road Accidents,Curves,City/Town,Near a religious place,Human Error,Yes,Simple Injury,Vehicle to Vehicle,Not at  Junction,Others,Service Road,Bitumen(Tar),Dry,Not Applicable,Clear,Mahalakshmi tempel road,Near Couvery Theater junction,1.5km,0.0,0.0,0,0,0.0,0.0
Bengaluru City,Sadashivanagar Traffic PS,1.04432e+16,2020,1,1,Road Accidents,Narrow road,City/Town,Open area,Human Error,Not Applicable,Fatal,Not Applicable,Not Applicable,Others,Others,Bitumen(Tar),Dry,Not Applicable,Clear,T CHOWDAIH ROAD,Near sanky road towards bhashyam,1.5km,0.0,0.0,0,0,0.0,0.0
Bengaluru City,Sadashivanagar Traffic PS,1.04432e+16,2020,1,1,Road Accidents,Narrow road,Rural Areas,Open area,Human Error,Not Applicable,Simple Injury,Not Applicable,Give way sign,Curve,Others,Bitumen(Tar),Dry,No influence on accident,Clear,T CHOWDAIH ROAD,Near Maramma circle,1.5km,0.0,0.0,0,0,0.0,0.0
Bengaluru City,Sadashivanagar Traffic PS,1.04432e+16,2020,1,2,Road Accidents,Narrow road,City/Town,Open area,Human Error,Yes,Damage Only,Vehicle to Vehicle,Not Applicable,Others,Others,Bitumen(Tar),Dry,Not Applicable,Clear,T CHOWDAIH ROAD,Near BDA up Ramp,2Km,0.0,0.0,0,0,0.0,0.0
Bengaluru City,Sadashivanagar Traffic PS,1.04432e+16,2020,1,1,Road Accidents,Narrow road,City/Town,Near Bus stop,Human Error,Not Applicable,Simple Injury,Not Applicable,Not at  Junction,Others,Others,Bitumen(Tar),Dry,Not Applicable,Clear,BALLARY ROAD,NEAR HMT BHAVAN,1.5Km,0.0,0.0,0,0,0.0,0.0
Bengaluru City,Sadashivanagar Traffic PS,1.04432e+16,2020,1,1,Road Accidents,Narrow road,City/Town,Open area,Human Error,Yes,Simple Injury,Not Applicable,Not at  Junction,Others,Others,Bitumen(Tar),Dry,Not Applicable,Clear,BALLARY ROAD,NEAR HQTC GATE,1.5km,0.0,0.0,0,0,0.0,0.0
Bengaluru City,Sadashivanagar Traffic PS,1.04432e+16,2020,1,1,Road Accidents,Narrow road,City/Town,Open area,Human Error,Not Applicable,Simple Injury,Hit pedestrian,Not Applicable,Not Applicable,Others,Bitumen(Tar),Dry,Not Applicable,Clear,T CHOWDAIH ROAD,Near Shell petrol bunk,1.5km,0.0,0.0,0,0,0.0,0.0
Bengaluru City,Sadashivanagar Traffic PS,1.04432e+16,2020,1,1,Road Accidents,Narrow road,City/Town,Near Bus stop,Human Error,Yes,Fatal,Hit pedestrian,Signal lights Automatic,Not Applicable,Others,Bitumen(Tar),Dry,Not Applicable,Clear,BALLARY ROAD,Near p g Halli bus stop,2km,12.999629,77.584199,0,0,0.0,0.0
Bengaluru City,Sadashivanagar Traffic PS,1.04432e+16,2020,1,1,Road Accidents,Narrow road,City/Town,Open area,Human Error,Not Applicable,Simple Injury,Not Applicable,Not Applicable,Others,Others,Bitumen(Tar),Dry,No influence on accident,Clear,BALLARY ROAD,NEAR HQTC GATE,1.5km,0.0,0.0,0,0,0.0,0.0
Bengaluru City,Sadashivanagar Traffic PS,1.04432e+16,2020,1,2,Road Accidents,Narrow road,Rural Areas,Near School or College,Human Error,Yes,Damage Only,Vehicle to Vehicle,Not Applicable,Not Applicable,Residential Street,Bitumen(Tar),Dry,No influence on accident,Clear,T CHOWDAIH ROAD,Near 18th cross malleshswaram,1.5km,0.0,0.0,0,0,0.0,0.0
Bengaluru City,Sadashivanagar Traffic PS,1.04432e+16,2020,1,5,Road Accidents,Narrow road,Rural Areas,Near a religious place,Human Error,Not Applicable,Simple Injury,Vehicle to Vehicle,Not at  Junction,Not Applicable,Two way,Bitumen(Tar),Dry,Not Applicable,Clear,2nd main vyvlikaval,Opp Karanataka biriyani center hotel,2km,0.0,0.0,0,0,0.0,0.0
Bengaluru City,Sadashivanagar Traffic PS,1.04432e+16,2020,1,2,Road Accidents,Narrow road,City/Town,Open area,Human Error,Not Applicable,Simple Injury,Vehicle to Vehicle,Not at  Junction,Not Applicable,Others,Bitumen(Tar),Dry,Pot holed,Clear,NEW BEL ROAD,Near CPRI,400mtr,0.0,0.0,5,0,0.0,5.0
Bengaluru City,Sadashivanagar Traffic PS,1.04432e+16,2020,1,2,Road Accidents,Narrow road,Rural Areas,Open area,Human Error,Not Applicable,Simple Injury,Vehicle to Vehicle,Not Applicable,Others,Two way,Bitumen(Tar),Dry,No influence on accident,Clear,PG Halli,Near Vinayaka Circle,2km,0.0,0.0,0,0,0.0,0.0
Bengaluru City,Sadashivanagar Traffic PS,1.04432e+16,2020,1,1,Road Accidents,Narrow road,Rural Areas,Open area,Human Error,Not Applicable,Simple Injury,Not Applicable,Not at  Junction,Others,Others,Bitumen(Tar),Dry,Not Applicable,Clear,T CHOWDAIH ROAD,opp house no 205 near HDFC Bank,1.5km,0.0,0.0,0,0,0.0,0.0