DISTRICTNAME,UNITNAME,Crime_No,Year,RI,Noofvehicle_involved,Accident_Classification,Accident_Spot,Accident_Location,Accident_SubLocation,Main_Cause,Hit_Run,Severity,Collision_Type,Junction_Control,Road_Character,Road_Type,Surface_Type,Surface_Condition,Road_Condition,Weather,Accident_Road,Landmark_first,Distance_LandMark_First,Latitude,Longitude,Road_Condition_Score,Surface_Condition_Score,Surface_Type_Score,Road_Risk_Index
Bengaluru City,Sadashivanagar Traffic PS,1.04432e+16,2020,1,2,Road Accidents,Circle,City/Town,Narrow bridge or culverts,Human Error,Yes,Simple Injury,Vehicle to Vehicle,Not Applicable,Others,Others,Bitumen(Tar),Dry,No influence on accident,Clear,CV Raman Road,Near BHEL Circle,700mtr,0.0,0.0,0,0,0.0,0.0
Bengaluru City,Sadashivanagar Traffic PS,1.04432e+16,2020,1,3,Road Accidents,Narrow road,Rural Areas,Narrow bridge or culverts,Human Error,Yes,Simple Injury,Vehicle to Vehicle,Not Applicable,Others,Others,Bitumen(Tar),Dry,Not Applicable,Clear,BALLARY ROAD,Near mekhri circle under pass,1.5km,0.0,0.0,0,0,0.0,0.0
Bengaluru City,Sadashivanagar Traffic PS,1.04432e+16,2020,1,1,Road Accidents,Narrow road,City/Town,Residential area,Human Error,Not Applicable,Simple Injury,Not Applicable,Not Applicable,Others,Others,Bitumen(Tar),Others,Not Applicable,Clear,Vyalikaval,Near Jyothi Bekari,2km,0.0,0.0,0,1,0.0,1.0
Bengaluru City,Sadashivanagar Traffic PS,1.04432e+16,2020,1,1,Road Accidents,Narrow road,Rural Areas,Open area,Human Error,Not Applicable,Simple Injury,Not Applicable,Not at  Junction,Others,Others,Bitumen(Tar),Dry,Not Applicable,Clear,T CHOWDAIH ROAD,Sanki Lake Road Near 18th cross Malleshwaram,1.5km,0.0,0.0,0,0,0.0,0.0
Bengaluru City,Sadashivanagar Traffic PS,1.04432e+16,2020,1,2,Road Accidents,Narrow road,Rural Areas,Open area,Human Error,Yes,Simple Injury,Vehicle to Vehicle,Give way sign,Others,Others,Bitumen(Tar),Dry,Not Applicable,Clear,RAMANAMAHARSHI ROAD,Near 10th main,1.5km,0.0,0.0,0,0,0.0,0.0
Bengaluru City,Sadashivanagar Traffic PS,1.04432e+16,2020,1,1,Road Accidents,Narrow road,City/Town,Near a recreation place/cinema,Human Error,Yes,Simple Injury,Hit pedestrian,Give way sign,Others,Others,Bitumen(Tar),Dry,Not Applicable,Clear,RAMANAMAHARSHI ROAD,Nar Tripuravasini,1.5km,0.0,0.0,0,0,0.0,0.0
Bengaluru City,Sadashivanagar Traffic PS,1.04432e+16,2021,1,2,Road Accidents,Narrow road,City/Town,Near office complex,Human Error,Not Applicable,Simple Injury,Vehicle to Vehicle,Signal lights Automatic,Others,Others,Bitumen(Tar),Dry,No influence on accident,Clear,BALLARY ROAD,NEAR KARNATAKA KALYANAMANTAPA,2km,0.0,0.0,0,0,0.0,0.0
Bengaluru City,Sadashivanagar Traffic PS,1.04432e+16,2021,1,2,Road Accidents,Cross roads,City/Town,Residential area,Human Error,Not Applicable,Simple Injury,Vehicle to Vehicle,Not at  Junction,Curve,Residential Street,Bitumen(Tar),Dry,No influence on accident,Clear,13Th Main Sadashivanagara,Near 7th Cross,1km,0.0,0.0,0,0,0.0,0.0
Bengaluru City,Sadashivanagar Traffic PS,1.04432e+16,2021,1,2,Road Accidents,Narrow road,City/Town,Near office complex,Human Error,Not Applicable,Damage Only,Vehicle to Vehicle,No signal lights,Not Applicable,Others,Bitumen(Tar),Dry,No influence on accident,Clear,T CHOWDAIH ROAD,Near Forest gate,1km,0.0,0.0,0,0,0.0,0.0
Bengaluru City,Sadashivanagar Traffic PS,1.04432e+16,2021,1,2,Road Accidents,Junction,Rural Areas,Near a factory industrial area,Human Error,Not Applicable,Simple Injury,Vehicle to Vehicle,Not Applicable,Incline,Others,Bitumen(Tar),Dry,No influence on accident,Clear,T CHOWDAIH ROAD,Near BHEL Circle,1Km,0.0,0.0,0,0,0.0,0.0
Bengaluru City,Sadashivanagar Traffic PS,1.04432e+16,2021,1,2,Road Accidents,Narrow road,City/Town,Near office complex,Human Error,Not Applicable,Simple Injury,Vehicle to Vehicle,Not at  Junction,Not Applicable,Two way,Bitumen(Tar),Dry,Not Applicable,Clear,NEW BEL ROAD,Near CPRI gate,1km,0.0,0.0,0,0,0.0,0.0
Bengaluru City,Sadashivanagar Traffic PS,1.04432e+16,2021,1,2,Road Accidents,Narrow road,City/Town,Open area,Human Error,Not Applicable,Simple Injury,Vehicle to Vehicle,Not at  Junction,Others,Residential Street,Bitumen(Tar),Dry,No influence on accident,Clear,NEW BEL ROAD,Near Lottegollahalli cross,2km,0.0,0.0,0,0,0.0,0.0
Bengaluru City,Sadashivanagar Traffic PS,1.04432e+16,2021,1,1,Road Accidents,Junction,Rural Areas,Near office complex,Human Error,Yes,Simple Injury,Not Applicable,Police / Manual,Others,Others,Bitumen(Tar),Dry,No influence on accident,Clear,NEW BEL ROAD,Near isro Junction,2km,0.0,0.0,0,0,0.0,0.0
Bengaluru City,Sadashivanagar Traffic PS,1.04432e+16,2021,1,2,Road Accidents,Narrow road,City/Town,Open area,Human Error,Yes,Fatal,Vehicle to Vehicle,Not at  Junction,Others,One way,Bitumen(Tar),Dry,Not Applicable,Clear,CV Raman Road,opp  High voltage gate,300mtr,0.0,0.0,0,0,0.0,0.0
Bengaluru City,Sadashivanagar Traffic PS,1.04432e+16,2021,1,1,Road Accidents,Junction,City/Town,Near Petrol Pump,Human Error,Yes,Simple Injury,Hit pedestrian,Signal lights Automatic,Others,Others,Bitumen(Tar),Dry,No influence on accident,Clear,T CHOWDAIH ROAD,Near Bhashyam circle,1.5km,0.0,0.0,0,0,0.0,0.0
Bengaluru City,Sadashivanagar Traffic PS,1.04432e+16,2021,1,3,Road Accidents,Junction,Rural Areas,Open area,Human Error,Yes,Simple Injury,Vehicle to Vehicle,Signal lights Automatic,Others,Others,Bitumen(Tar),Dry,No influence on accident,Clear,T CHOWDAIH ROAD,Near Bhashyam circle,1.5km,0.0,0.0,0,0,0.0,0.0
Bengaluru City,Sadashivanagar Traffic PS,1.04432e+16,2021,1,1,Road Accidents,Narrow road,City/Town,Open area,Human Error,Yes,Simple Injury,Hit pedestrian,Not at  Junction,Incline,Residential Street,Bitumen(Tar),Dry,Not Applicable,Clear,NEW BEL ROAD,Near Footmate Shankara Tv Office,1.5km,0.0,0.0,0,0,0.0,0.0
Bengaluru City,Sadashivanagar Traffic PS,1.04432e+16,2021,1,1,Road Accidents,Narrow road,City/Town,Residential area,Human Error,Not Applicable,Simple Injury,Hit pedestrian,Not Applicable,Others,Residential Street,Bitumen(Tar),Dry,No influence on accident,Clear,11Th cross Vyvlikaval,Near Ayodhya Hotel,2km,0.0,0.0,0,0,0.0,0.0
Bengaluru City,Sadashivanagar Traffic PS,1.04432e+16,2021,1,1,Road Accidents,Narrow road,City/Town,Open area,Human Error,Yes,Fatal,Hit pedestrian,Not Applicable,Others,Others,Bitumen(Tar),Dry,No influence on accident,Clear,BALLARY ROAD,Near udupi hotel,2km,13.021151,77.584228,0,0,0.0,0.0
Bengaluru City,Sadashivanagar Traffic PS,1.04432e+16,2021,1,2,Road Accidents,Circle,Rural Areas,Near a factory industrial area,Human Error,Not Applicable,Simple Injury,Vehicle to Vehicle,No signal lights,Curve,Others,Bitumen(Tar),Dry,No influence on accident,Clear,CV Raman Road,Near BHEL Circle,1km,0.0,0.0,0,0,0.0,0.0
Bengaluru City,Sadashivanagar Traffic PS,1.04432e+16,2021,1,2,Road Accidents,Narrow road,City/Town,Residential area,Human Error,No,Simple Injury,Vehicle to Vehicle,Not at  Junction,Others,Residential Street,Bitumen(Tar),Dry,No influence on accident,Clear,PIPE LINE ROAD MSR NAGARA,Opp Gate No 7 MS Ramaiah Compound,1.5km,0.0,0.0,0,0,0.0,0.0
Bengaluru City,Sadashivanagar Traffic PS,1.04432e+16,2021,1,2,Road Accidents,Narrow road,City/Town,Narrow bridge or culverts,Human Error,Yes,Simple Injury,Vehicle to Vehicle,Not at  Junction,Dip or trough,Others,Bitumen(Tar),Dry,No influence on accident,Clear,T CHOWDAIH ROAD,Near BDA up Ramp,2km,0.0,0.0,0,0,0.0,0.0
Bengaluru City,Sadashivanagar Traffic PS,1.04432e+16,2021,1,2,Road Accidents,Circle,City/Town,Narrow bridge or culverts,Human Error,Not Applicable,Damage Only,Vehicle to Vehicle,Not at  Junction,Others,Others,Bitumen(Tar),Dry,No influence on accident,Clear,CV Raman Road,Near BHEL under pass,1km,0.0,0.0,0,0,0.0,0.0
Bengaluru City,Sadashivanagar Traffic PS,1.04432e+16,2021,1,2,Road Accidents,Offset,City/Town,Near office complex,Human Error,Not Applicable,Damage Only,Vehicle to Vehicle,Not at  Junction,Others,Service Road,Concrete,Dry,No influence on accident,Clear,RAMANAMAHARSHI ROAD,Near Skoda Show Room premises,1.5km,0.0,0.0,0,0,0.0,0.0
Bengaluru City,Sadashivanagar Traffic PS,1.04432e+16,2021,1,2,Road Accidents,Narrow road,City/Town,Near a recreation place/cinema,Human Error,Yes,Simple Injury,Vehicle to Vehicle,Not at  Junction,Others,Others,Bitumen(Tar),Dry,No influence on accident,Clear,BALLARY ROAD,NEAR HMT BHAVAN,2KM,0.0,0.0,0,0,0.0,0.0
Bengaluru City,Sadashivanagar Traffic PS,1.04432e+16,2021,1,1,Road Accidents,Junction,City/Town,Near a recreation place/cinema,Human Error,Yes,Simple Injury,Hit pedestrian,Signal lights Automatic,Straight and flat,Others,Bitumen(Tar),Dry,No influence on accident,Clear,T CHOWDAIH ROAD,Near Couvery Theater junction,2km,0.0,0.0,0,0,0.0,0.0
Bengaluru City,Sadashivanagar Traffic PS,1.04432e+16,2021,1,1,Road Accidents,Narrow road,City/Town,Narrow bridge or culverts,Human Error,Not Applicable,Simple Injury,Hit pedestrian,Not at  Junction,Others,Others,Bitumen(Tar),Dry,No influence on accident,Clear,RAMANAMAHARSHI ROAD,Near 10th main,1.5km,0.0,0.0,0,0,0.0,0.0
Bengaluru City,Sadashivanagar Traffic PS,1.04432e+16,2021,1,2,Road Accidents,Narrow road,City/Town,Near office complex,Human Error,No,Simple Injury,Vehicle to Vehicle,Not at  Junction,Others,One way,Bitumen(Tar),Dry,No influence on accident,Clear,RAMANAMAHARSHI ROAD,Near Scoda Show Room,2km,0.0,0.0,0,0,0.0,0.0
Bengaluru City,Sadashivanagar Traffic PS,1.04432e+16,2021,1,2,Road Accidents,Narrow road,City/Town,Open area,Human Error,Yes,Simple Injury,Vehicle to Vehicle,Police / Manual,Others,Others,Bitumen(Tar),Dry,No influence on accident,Clear,NEW BEL ROAD,Near Gowri Apartment,2KM,0.0,0.0,0,0,0.0,0.0
Bengaluru City,Sadashivanagar Traffic PS,1.04432e+16,2021,1,2,Road Accidents,Junction,City/Town,Near Petrol Pump,Human Error,Not Applicable,Simple Injury,Vehicle to Vehicle,Signal lights Automatic,Others,Others,Bitumen(Tar),Dry,No influence on accident,Clear,T CHOWDAIH ROAD,Near Bhashyam circle,1.5km,0.0,0.0,0,0,0.0,0.0
Bengaluru City,Sadashivanagar Traffic PS,1.04432e+16,2021,1,2,Road Accidents,Junction,City/Town,Open area,Human Error,No,Simple Injury,Vehicle to Vehicle,Signal lights Automatic,Not Applicable,Others,Bitumen(Tar),Dry,Not Applicable,Clear,CV Raman Road,Near sadashivanagara police station Junction,100,0.0,0.0,0,0,0.0,0.0
Bengaluru City,Sadashivanagar Traffic PS,1.04432e+16,2021,1,2,Road Accidents,Circle,City/Town,Near a factory industrial area,Human Error,Not Applicable,Simple Injury,Vehicle to Vehicle,No signal lights,Curve,Others,Bitumen(Tar),Dry,No influence on accident,Clear,T CHOWDAIH ROAD,Near BHEL Circle,1km,0.0,0.0,0,0,0.0,0.0
Bengaluru City,Sadashivanagar Traffic PS,1.04432e+16,2021,1,2,Road Accidents,Junction,City/Town,Open area,Human Error,Not Applicable,Simple Injury,Vehicle to Vehicle,Signal lights Automatic,Others,Others,Bitumen(Tar),Dry,No influence on accident,Clear,NEW BEL ROAD,Near MSR Junction,1km,0.0,0.0,0,0,0.0,0.0
Bengaluru City,Sadashivanagar Traffic PS,1.04432e+16,2021,1,2,Road Accidents,Junction,City/Town,Near Petrol Pump,Human Error,Not Applicable,Damage Only,Vehicle to Vehicle,Signal lights Automatic,Others,Others,Bitumen(Tar),Dry,No influence on accident,Clear,T CHOWDAIH ROAD,Near Bhashyam circle,1.5km,0.0,0.0,0,0,0.0,0.0
Bengaluru City,Sadashivanagar Traffic PS,1.04432e+16,2021,1,2,Road Accidents,Narrow road,City/Town,Near a religious place,Human Error,Not Applicable,Damage Only,Vehicle to Vehicle,Not at  Junction,Not Applicable,Others,Bitumen(Tar),Dry,No influence on accident,Clear,RAMANAMAHARSHI ROAD,NEAR GATE NO 5 PALACE GROUND,2km,0.0,0.0,0,0,0.0,0.0
Bengaluru City,Sadashivanagar Traffic PS,1.04432e+16,2021,1,2,Road Accidents,Narrow road,City/Town,Residential area,Human Error,Yes,Damage Only,Vehicle to Vehicle,Not at  Junction,Not Applicable,Residential Street,Bitumen(Tar),Dry,No influence on accident,Clear,8Th Main 13th Cross,Near Star Buks Coffic Shop,1km,0.0,0.0,0,0,0.0,0.0
Bengaluru City,Sadashivanagar Traffic PS,1.04432e+16,2021,1,4,Road Accidents,Narrow road,City/Town,Near office complex,Human Error,Not Applicable,Damage Only,Vehicle to Vehicle,Not at  Junction,Not Applicable,Others,Bitumen(Tar),Dry,No influence on accident,Clear,T CHOWDAIH ROAD,Opp NTI Gate,2km,0.0,0.0,0,0,0.0,0.0
Bengaluru City,Sadashivanagar Traffic PS,1.04432e+16,2021,1,2,Road Accidents,Narrow road,City/Town,Near a recreation place/cinema,Human Error,Yes,Damage Only,Vehicle to Vehicle,Not at  Junction,Others,Others,Bitumen(Tar),Dry,No influence on accident,Clear,RAMANAMAHARSHI ROAD,Opp Gate No 8 Bangalore Palace,1.5km,0.0,0.0,0,0,0.0,0.0
Bengaluru City,Sadashivanagar Traffic PS,1.04432e+16,2021,1,2,Road Accidents,Narrow road,City/Town,Near Bus stop,Human Error,Not Applicable,Simple Injury,Vehicle to Vehicle,Signal lights Automatic,Others,Two way,Bitumen(Tar),Dry,No influence on accident,Clear,NEW BEL ROAD,near Devasandra bus stop,1.5km,0.0,0.0,0,0,0.0,0.0
Bengaluru City,Sadashivanagar Traffic PS,1.04432e+16,2021,1,2,Road Accidents,Circle,Rural Areas,Open area,Human Error,Not Applicable,Simple Injury,Vehicle to Vehicle,Police / Manual,Curve,Others,Bitumen(Tar),Dry,No influence on accident,Clear,T CHOWDAIH ROAD,Near Maramma circle,1km,0.0,0.0,0,0,0.0,0.0
Bengaluru City,Sadashivanagar Traffic PS,1.04432e+16,2021,1,3,Road Accidents,Narrow road,City/Town,Open area,Human Error,Yes,Simple Injury,Vehicle to Vehicle,No signal lights,Others,Others,Bitumen(Tar),Dry,No influence on accident,Clear,BALLARY ROAD,NEAR SANJAYANAGARA U TURN,2km,0.0,0.0,0,0,0.0,0.0
Bengaluru City,Sadashivanagar Traffic PS,1.04432e+16,2021,1,1,Road Accidents,Narrow road,City/Town,Near Bus stop,Human Error,Yes,Simple Injury,Hit pedestrian,Signal lights Automatic,Straight and flat,Others,Bitumen(Tar),Dry,No influence on accident,Clear,T CHOWDAIH ROAD,Near p g Halli bus stop,2km,0.0,0.0,0,0,0.0,0.0
Bengaluru City,Sadashivanagar Traffic PS,1.04432e+16,2021,1,1,Road Accidents,Narrow road,City/Town,Near Hospital,Human Error,Yes,Fatal,Hit bicyclist,Not at  Junction,Not Applicable,Two way,Bitumen(Tar),Dry,No influence on accident,Clear,CV Raman Road,Near 9Th cross,500mtr,0.0,0.0,0,0,0.0,0.0
Bengaluru City,Sadashivanagar Traffic PS,1.04432e+16,2021,1,2,Road Accidents,Junction,City/Town,Narrow bridge or culverts,Human Error,Yes,Simple Injury,Vehicle to Vehicle,Signal lights Automatic,Curve,Others,Bitumen(Tar),Dry,No influence on accident,Clear,T CHOWDAIH ROAD,Near Couvery Junction,2km,0.0,0.0,0,0,0.0,0.0
Bengaluru City,Sadashivanagar Traffic PS,1.04432e+16,2021,1,2,Road Accidents,Narrow road,City/Town,Near Bus stop,Human Error,Yes,Damage Only,Vehicle to Vehicle,Not at  Junction,Others,Others,Bitumen(Tar),Dry,No influence on accident,Clear,CV Raman Road,IIsc bus stop,800mtr,0.0,0.0,0,0,0.0,0.0
Bengaluru City,Sadashivanagar Traffic PS,1.04432e+16,2021,1,2,Road Accidents,Narrow road,City/Town,Near Bus stop,Human Error,Not Applicable,Damage Only,Vehicle to Vehicle,Police / Manual,Others,Others,Bitumen(Tar),Dry,No influence on accident,Clear,T CHOWDAIH ROAD,Near Couvery  junction,2km,0.0,0.0,0,0,0.0,0.0
Bengaluru City,Sadashivanagar Traffic PS,1.04432e+16,2021,1,2,Road Accidents,Junction,City/Town,Residential area,Human Error,Not Applicable,Fatal,Vehicle to Vehicle,Police / Manual,Not Applicable,Residential Street,Bitumen(Tar),Dry,Not Applicable,Clear,NEW BEL ROAD,Near Gowri Apartment,1km,0.0,0.0,0,0,0.0,0.0
Bengaluru City,Sadashivanagar Traffic PS,1.04432e+16,2021,1,2,Road Accidents,Junction,City/Town,Near Petrol Pump,Human Error,No,Damage Only,Vehicle to Vehicle,Signal lights Automatic,Others,Residential Street,Bitumen(Tar),Dry,No influence on accident,Clear,T CHOWDAIH ROAD,Near Bhashyam circle,1.5km,0.0,0.0,0,0,0.0,0.0
Bengaluru City,Sadashivanagar Traffic PS,1.04432e+16,2021,1,2,Road Accidents,Narrow road,City/Town,Near office complex,Human Error,Not Applicable,Simple Injury,Vehicle to Vehicle,Not Applicable,Others,Service Road,Bitumen(Tar),Dry,No influence on accident,Clear,CV Raman Road,Near post office,500mtr,0.0,0.0,0,0,0.0,0.0
Bengaluru City,Sadashivanagar Traffic PS,1.04432e+16,2021,1,1,Road Accidents,Narrow road,City/Town,Near office complex,Human Error,Not Applicable,Simple Injury,Hit pedestrian,Not at  Junction,Others,One way,Bitumen(Tar),Dry,Not Applicable,Clear,BALLARY ROAD,NEAR A2B HOTEL,2KM,0.0,0.0,0,0,0.0,0.0
Bengaluru City,Sadashivanagar Traffic PS,1.04432e+16,2021,1,2,Road Accidents,Narrow road,City/Town,Open area,Human Error,Not Applicable,Simple Injury,Vehicle to Vehicle,No signal lights,Others,One way,Bitumen(Tar),Dry,No influence on accident,Clear,BALLARY ROAD,Near mekhri circle under pass,1km,0.0,0.0,0,0,0.0,0.0
Bengaluru City,Sadashivanagar Traffic PS,1.04432e+16,2021,1,2,Road Accidents,Junction,Rural Areas,Near office complex,Human Error,Yes,Damage Only,Vehicle to Vehicle,Police / Manual,Others,Residential Street,Bitumen(Tar),Dry,No influence on accident,Clear,Sadashivanagara,Near MAruthi Junction,1km,0.0,0.0,0,0,0.0,0.0
Bengaluru City,Sadashivanagar Traffic PS,1.04432e+16,2021,1,6,Road Accidents,Narrow road,City/Town,Open area,Human Error,Not Applicable,Simple Injury,Vehicle to Vehicle,Not Applicable,Others,Others,Bitumen(Tar),Dry,No influence on accident,Clear,BALLARY ROAD,Near mekhri circle under pass,1km,0.0,0.0,0,0,0.0,0.0
Bengaluru City,Sadashivanagar Traffic PS,1.04432e+16,2021,1,2,Road Accidents,Circle,City/Town,Narrow bridge or culverts,Human Error,Not Applicable,Simple Injury,Vehicle to Vehicle,Not Applicable,Others,Others,Bitumen(Tar),Dry,No influence on accident,Clear,CV Raman Road,Near BHEL Circle,1Km,0.0,0.0,0,0,0.0,0.0
Bengaluru City,Sadashivanagar Traffic PS,1.04432e+16,2021,1,2,Road Accidents,Narrow road,City/Town,Near School or College,Human Error,Yes,Damage Only,Vehicle to Vehicle,Not Applicable,Others,Service Road,Bitumen(Tar),Dry,No influence on accident,Clear,BALLARY ROAD,NEAR HQTC GATE,1.5km,0.0,0.0,0,0,0.0,0.0
Bengaluru City,Sadashivanagar Traffic PS,1.04432e+16,2021,1,2,Road Accidents,Curves,City/Town,Narrow bridge or culverts,Human Error,Not Applicable,Simple Injury,Vehicle to Vehicle,Give way sign,Curve and Incline,One way,Bitumen(Tar),Dry,No influence on accident,Clear,RAMANAMAHARSHI ROAD,Near Giriyas show room,2KM,0.0,0.0,0,0,0.0,0.0
Bengaluru City,Sadashivanagar Traffic PS,1.04432e+16,2021,1,2,Road Accidents,Narrow road,City/Town,Near office complex,Human Error,Not Applicable,Damage Only,Vehicle to Vehicle,Give way sign,Others,Expressway,Bitumen(Tar),Dry,No influence on accident,Clear,NEW BEL ROAD,Near HP Petrol bunk,1.5km,0.0,0.0,0,0,0.0,0.0
Bengaluru City,Sadashivanagar Traffic PS,1.04432e+16,2021,1,2,Road Accidents,Narrow road,City/Town,Narrow bridge or culverts,Human Error,Not Applicable,Damage Only,Vehicle to Vehicle,Not at  Junction,Others,Others,Bitumen(Tar),Dry,No influence on accident,Clear,BALLARY ROAD,Near mekhri circle under pass,1.5km,0.0,0.0,0,0,0.0,0.0
Bengaluru City,Sadashivanagar Traffic PS,1.04432e+16,2021,1,2,Road Accidents,Narrow road,City/Town,Open area,Human Error,Yes,Simple Injury,Vehicle to Vehicle,Not at  Junction,Not Applicable,Others,Bitumen(Tar),Dry,No influence on accident,Clear,2nd main vyvlikaval,Opp Vyalikaval Police Station,1.5km,0.0,0.0,0,0,0.0,0.0
Bengaluru City,Sadashivanagar Traffic PS,1.04432e+16,2021,1,2,Road Accidents,Junction,City/Town,Near a recreation place/cinema,Human Error,No,Damage Only,Vehicle to Vehicle,Signal lights Automatic,Others,Others,Bitumen(Tar),Dry,No influence on accident,Clear,T CHOWDAIH ROAD,Near Couvery  junction,2km,0.0,0.0,0,0,0.0,0.0
Bengaluru City,Sadashivanagar Traffic PS,1.04432e+16,2021,1,2,Road Accidents,Narrow road,City/Town,Near office complex,Human Error,Not Applicable,Simple Injury,Vehicle to Vehicle,Not at  Junction,Not Applicable,Service Road,Bitumen(Tar),Dry,No influence on accident,Clear,BALLARY ROAD,NEAR HQTC GATE,1km,0.0,0.0,0,0,0.0,0.0
Bengaluru City,Sadashivanagar Traffic PS,1.04432e+16,2021,1,2,Road Accidents,Junction,City/Town,Near Hospital,Human Error,Yes,Damage Only,Vehicle to Vehicle,Signal lights Automatic,Incline,Others,Bitumen(Tar),Dry,No influence on accident,Clear,NEW BEL ROAD,NeAR MS RAMAIAH JUNCTION,1km,0.0,0.0,0,0,0.0,0.0
Bengaluru City,Sadashivanagar Traffic PS,1.04432e+16,2021,1,2,Road Accidents,Narrow road,City/Town,Open area,Human Error,Not Applicable,Damage Only,Vehicle to Vehicle,Not at  Junction,Not Applicable,Others,Bitumen(Tar),Dry,No influence on accident,Clear,RAMANAMAHARSHI ROAD,NEAR GATE NO 5 PALACE GROUND,1.5km,0.0,0.0,0,0,0.0,0.0
Bengaluru City,Sadashivanagar Traffic PS,1.04432e+16,2021,1,1,Road Accidents,Narrow road,City/Town,Open area,Human Error,Yes,Simple Injury,Hit pedestrian,Police / Manual,Others,Others,Bitumen(Tar),Dry,No influence on accident,Clear,BALLARY ROAD,Opp Hqtc Gate,1.5km,0.0,0.0,0,0,0.0,0.0
Bengaluru City,Sadashivanagar Traffic PS,1.04432e+16,2021,1,1,Road Accidents,Junction,City/Town,Open area,Human Error,Not Applicable,Simple Injury,Not Applicable,Signal lights Automatic,Others,One way,Bitumen(Tar),Dry,No influence on accident,Clear,CV Raman Road,Near sadashivanagara ps junction,500mtr,0.0,0.0,0,0,0.0,0.0
Bengaluru City,Sadashivanagar Traffic PS,1.04432e+16,2021,1,1,Road Accidents,Narrow road,City/Town,Open area,Human Error,Not Applicable,Damage Only,Not Applicable,No signal lights,Others,Others,Bitumen(Tar),Dry,Not Applicable,Clear,BALLARY ROAD,Near mekhri circle under pass,1.5km,0.0,0.0,0,0,0.0,0.0
Bengaluru City,Sadashivanagar Traffic PS,1.04432e+16,2021,1,2,Road Accidents,Narrow road,City/Town,Near Petrol Pump,Human Error,Yes,Simple Injury,Vehicle to Vehicle,Not at  Junction,Not Applicable,Others,Bitumen(Tar),Dry,No influence on accident,Clear,NEW BEL ROAD,Near HP Petrol bunk,1.5km,0.0,0.0,0,0,0.0,0.0
Bengaluru City,Sadashivanagar Traffic PS,1.04432e+16,2021,1,2,Road Accidents,Narrow road,City/Town,Near a religious place,Human Error,Not Applicable,Simple Injury,Vehicle to Vehicle,Not at  Junction,Others,Others,Bitumen(Tar),Dry,No influence on accident,Clear,RAMANAMAHARSHI ROAD,Opp Bangalorepalace Gate No02,1.5,0.0,0.0,0,0,0.0,0.0
Bengaluru City,Sadashivanagar Traffic PS,1.04432e+16,2021,1,1,Road Accidents,Cross roads,Rural Areas,Near Bus stop,Human Error,Yes,Simple Injury,Hit bicyclist,Signal lights Automatic,Curve,Service Road,Bitumen(Tar),Dry,No influence on accident,Clear,BALLARY ROAD,NEAR TARALABALU CROSS,1.5km,0.0,0.0,0,0,0.0,0.0
Bengaluru City,Sadashivanagar Traffic PS,1.04432e+16,2022,1,1,Road Accidents,Narrow road,Rural Areas,Near Bus stop,Human Error,Yes,Fatal,Not Applicable,Not Applicable,Others,Others,Bitumen(Tar),Dry,No influence on accident,Clear,BALLARY ROAD,NEAR TARALABALU CROSS,1.5km,0.0,0.0,0,0,0.0,0.0
Bengaluru City,Sadashivanagar Traffic PS,1.04432e+16,2022,1,2,Road Accidents,Narrow road,City/Town,Open area,Human Error,Yes,Simple Injury,Vehicle to Vehicle,Not at  Junction,Others,Others,Bitumen(Tar),Dry,No influence on accident,Clear,BALLARY ROAD,NEAR HQTC GATE,1km,0.0,0.0,0,0,0.0,0.0
Bengaluru City,Sadashivanagar Traffic PS,1.04432e+16,2022,1,2,Road Accidents,Narrow road,City/Town,Open area,Human Error,No,Grievous Injury,Vehicle to Vehicle,Controlled,Others,Two way,Bitumen(Tar),Dry,Not Applicable,Fine,vayali kawal,vayali kawal road,3 km,0.0,0.0,0,0,0.0,0.0
Bengaluru City,Sadashivanagar Traffic PS,1.04432e+16,2022,1,1,Road Accidents,Narrow road,City/Town,Near office complex,Human Error,Yes,Simple Injury,Hit bicyclist,Not at  Junction,Not Applicable,Residential Street,Bitumen(Tar),Dry,No influence on accident,Clear,IISC inside,opp Janata bazar,1.5km,0.0,0.0,0,0,0.0,0.0
Bengaluru City,Sadashivanagar Traffic PS,1.04432e+16,2022,1,2,Road Accidents,Narrow road,City/Town,Open area,Human Error,Not Applicable,Simple Injury,Vehicle to Vehicle,Not at  Junction,Others,One way,Bitumen(Tar),Dry,No influence on accident,Clear,RAMANAMAHARSHI ROAD,near gate no 5,2KM,0.0,0.0,0,0,0.0,0.0
Bengaluru City,Sadashivanagar Traffic PS,1.04432e+16,2022,1,1,Road Accidents,Junction,City/Town,Near a recreation place/cinema,Human Error,Not Applicable,Simple Injury,Hit pedestrian,Give way sign,Others,Others,Bitumen(Tar),Dry,No influence on accident,Clear,InSide Palace,Bangalore Main Palace Plus Junction,2km,0.0,0.0,0,0,0.0,0.0