DISTRICTNAME,UNITNAME,Crime_No,Year,RI,Noofvehicle_involved,Accident_Classification,Accident_Spot,Accident_Location,Accident_SubLocation,Main_Cause,Hit_Run,Severity,Collision_Type,Junction_Control,Road_Character,Road_Type,Surface_Type,Surface_Condition,Road_Condition,Weather,Accident_Road,Landmark_first,Distance_LandMark_First,Latitude,Longitude,Road_Condition_Score,Surface_Condition_Score,Surface_Type_Score,Road_Risk_Index
Bengaluru City,Sadashivanagar Traffic PS,1.04432e+16,2022,1,2,Road Accidents,Junction,City/Town,Open area,Human Error,Yes,Simple Injury,Vehicle to Vehicle,Signal lights Automatic,Others,Others,Bitumen(Tar),Dry,No influence on accident,Clear,T CHOWDAIH ROAD,Near Bhashyam circle,1.5,0.0,0.0,0,0,0.0,0.0
Bengaluru City,Sadashivanagar Traffic PS,1.04432e+16,2022,1,2,Road Accidents,Junction,City/Town,Open area,Human Error,No,Not Applicable,Vehicle to Vehicle,Controlled,Others,Not Applicable,Bitumen(Tar),Others,Not Applicable,Clear,MEKHRI CIRCLE,KTM SHOW ROOM,1.6 KM,0.0,0.0,0,1,0.0,1.0
Bengaluru City,Sadashivanagar Traffic PS,1.04432e+16,2022,1,2,Road Accidents,Narrow road,City/Town,Near Petrol Pump,Human Error,No,Fatal,Vehicle to Vehicle,Uncontrolled,Straight and flat,Not Applicable,Bitumen(Tar),Dry,No influence on accident,Clear,Bellary Main Road,Petrol Bunk,30,0.0,0.0,0,0,0.0,0.0
Bengaluru City,Sadashivanagar Traffic PS,1.04432e+16,2022,1,2,Road Accidents,Curves,City/Town,Open area,Human Error,Yes,Damage Only,Vehicle to Vehicle,Not at  Junction,Curve,One way,Bitumen(Tar),Dry,Not Applicable,Clear,near giriyas,Near cauvery Junction,3 km,0.0,0.0,0,0,0.0,0.0
Bengaluru City,Sadashivanagar Traffic PS,1.04432e+16,2022,1,1,Road Accidents,Junction,City/Town,Open area,Human Error,Not Applicable,Simple Injury,Not Applicable,Signal lights Automatic,Curve,Others,Bitumen(Tar),Dry,No influence on accident,Clear,CV Raman Road,Near adashivanagara police station junction,200mtr,0.0,0.0,0,0,0.0,0.0
Bengaluru City,Sadashivanagar Traffic PS,1.04432e+16,2022,1,2,Road Accidents,Cross roads,City/Town,Residential area,Human Error,No,Simple Injury,Hit bicyclist,Not Applicable,Others,Others,Bitumen(Tar),Others,Not Applicable,Fine,HQTC IN SIDE,HQTC IN SIDE,2km,0.0,0.0,0,1,0.0,1.0
Bengaluru City,Sadashivanagar Traffic PS,1.04432e+16,2022,1,2,Road Accidents,Not Applicable,City/Town,Residential area,Vehicle Defect,Yes,Damage Only,Vehicle to Vehicle,Not Applicable,Others,Residential Street,Bitumen(Tar),Others,Not Applicable,Fine,IISC inside,BLOCK 3  NEAR CHILD PLAY GROUND,1,0.0,0.0,0,1,0.0,1.0
Bengaluru City,Sadashivanagar Traffic PS,1.04432e+16,2022,1,1,Road Accidents,Cross roads,City/Town,Near School or College,Human Error,Not Applicable,Simple Injury,Hit pedestrian,Not at  Junction,Curve,Residential Street,Bitumen(Tar),Dry,No influence on accident,Clear,PIPELINE ROAD,NEARCHAITHANYA SCHOOL,2KM,0.0,0.0,0,0,0.0,0.0
Bengaluru City,Sadashivanagar Traffic PS,1.04432e+16,2022,1,1,Road Accidents,Narrow road,City/Town,Residential area,Human Error,Not Applicable,Simple Injury,Hit pedestrian,Not at  Junction,Others,Residential Street,Bitumen(Tar),Dry,No influence on accident,Clear,2nd main PG halli,Near Nandini milk parlor,2km,0.0,0.0,0,0,0.0,0.0
Bengaluru City,Sadashivanagar Traffic PS,1.04432e+16,2022,1,2,Road Accidents,Narrow road,City/Town,Near Hospital,Human Error,No,Damage Only,Vehicle to Vehicle,Not Applicable,Not Applicable,Others,Bitumen(Tar),Dry,Not Applicable,Fine,main road,near ramaiaha junction,1.5 km,0.0,0.0,0,0,0.0,0.0
Bengaluru City,Sadashivanagar Traffic PS,1.04432e+16,2022,1,1,Road Accidents,Narrow road,City/Town,Residential area,Not Applicable,No,Simple Injury,Hit pedestrian,Not Applicable,Others,Service Road,Bitumen(Tar),Others,Not Applicable,Others,RAMANAMAHARSHI ROAD,NAER MEKHRICIRCLE,1.5km,0.0,0.0,0,1,0.0,1.0
Bengaluru City,Sadashivanagar Traffic PS,1.04432e+16,2022,1,2,Road Accidents,Narrow road,City/Town,Near office complex,Human Error,No,Damage Only,Vehicle to Vehicle,Not Applicable,Not Applicable,Service Road,Bitumen(Tar),Dry,No influence on accident,Clear,PG Halli,OPP Gagendra jwellrs,2km,0.0,0.0,0,0,0.0,0.0
Bengaluru City,Sadashivanagar Traffic PS,1.04432e+16,2022,1,2,Road Accidents,Curves,City/Town,Open area,Human Error,Not Applicable,Damage Only,Vehicle to Vehicle,Not at  Junction,Curve and Incline,Others,Bitumen(Tar),Dry,No influence on accident,Clear,BALLARY ROAD,Near Sanjayanagara U turn,2km,0.0,0.0,0,0,0.0,0.0
Bengaluru City,Sadashivanagar Traffic PS,1.04432e+16,2022,1,2,Road Accidents,Junction,City/Town,Near Petrol Pump,Human Error,Not Applicable,Simple Injury,Vehicle to Vehicle,Signal lights Automatic,Others,Others,Bitumen(Tar),Dry,No influence on accident,Clear,T CHOWDAIH ROAD,Near cauvery Junction,2km,0.0,0.0,0,0,0.0,0.0
Bengaluru City,Sadashivanagar Traffic PS,1.04432e+16,2022,1,1,Road Accidents,Junction,City/Town,Near Hospital,Human Error,Not Applicable,Simple Injury,Hit pedestrian,Signal lights Automatic,Others,Others,Bitumen(Tar),Dry,No influence on accident,Clear,NEW BEL Road,Near MS Ramaiah Junction,1km,0.0,0.0,0,0,0.0,0.0
Bengaluru City,Sadashivanagar Traffic PS,1.04432e+16,2022,1,1,Road Accidents,Cross roads,City/Town,Residential area,Human Error,Yes,Simple Injury,Hit pedestrian,Not at  Junction,Curve,Residential Street,Bitumen(Tar),Dry,No influence on accident,Clear,7 th cross VYVYALIKAVAL,NEAR ICICI BANK,1.5,0.0,0.0,0,0,0.0,0.0
Bengaluru City,Sadashivanagar Traffic PS,1.04432e+16,2022,1,1,Road Accidents,Narrow road,City/Town,Near Bus stop,Human Error,No,Grievous Injury,Hit pedestrian,Not Applicable,Others,Others,Bitumen(Tar),Dry,No influence on accident,Clear,RM Road,Foothpath,40,0.0,0.0,0,0,0.0,0.0
Bengaluru City,Sadashivanagar Traffic PS,1.04432e+16,2022,1,2,Road Accidents,Narrow road,City/Town,Near office complex,Human Error,Yes,Simple Injury,Vehicle to Vehicle,Not at  Junction,Others,One way,Bitumen(Tar),Dry,No influence on accident,Clear,BALLARY ROAD,Opp Hqtc Gate,1.5km,0.0,0.0,0,0,0.0,0.0
Bengaluru City,Sadashivanagar Traffic PS,1.04432e+16,2022,1,2,Road Accidents,Narrow road,City/Town,Open area,Human Error,Not Applicable,Fatal,Vehicle to Vehicle,No signal lights,Straight and flat,Others,Bitumen(Tar),Dry,No influence on accident,Clear,RAMANAMAHARSHI ROAD,Near Gate No7&8 palace,1.5km,0.0,0.0,0,0,0.0,0.0
Bengaluru City,Sadashivanagar Traffic PS,1.04432e+16,2022,1,2,Road Accidents,Narrow road,City/Town,Near office complex,Human Error,Not Applicable,Simple Injury,Vehicle to Vehicle,Not at  Junction,Others,Others,Bitumen(Tar),Dry,No influence on accident,Clear,NEW BEL ROAD,Near Tea Shop,1.5km,0.0,0.0,0,0,0.0,0.0
Bengaluru City,Sadashivanagar Traffic PS,1.04432e+16,2022,1,1,Road Accidents,Narrow road,City/Town,Open area,Human Error,Not Applicable,Simple Injury,Hit pedestrian,Not at  Junction,Others,Others,Bitumen(Tar),Dry,No influence on accident,Clear,RAMANAMAHARSHI ROAD,Near 10th main,1.5km,0.0,0.0,0,0,0.0,0.0
Bengaluru City,Sadashivanagar Traffic PS,1.04432e+16,2022,1,2,Road Accidents,Narrow road,City/Town,Near Petrol Pump,Human Error,Not Applicable,Simple Injury,Vehicle to Vehicle,No signal lights,Not Applicable,One way,Bitumen(Tar),Dry,No influence on accident,Clear,BALLARY ROAD,Near Shell petrol bunk,1.5km,0.0,0.0,0,0,0.0,0.0
Bengaluru City,Sadashivanagar Traffic PS,1.04432e+16,2022,1,2,Road Accidents,Circle,City/Town,Open area,Human Error,No,Simple Injury,Vehicle to Vehicle,No signal lights,Curve,Others,Bitumen(Tar),Dry,No influence on accident,Fine,VENKATARANGAPURA,EAST  4TH CROSS,3km,0.0,0.0,0,0,0.0,0.0
Bengaluru City,Sadashivanagar Traffic PS,1.04432e+16,2022,1,2,Road Accidents,Junction,City/Town,Open area,Not Applicable,No,Grievous Injury,Vehicle to Vehicle,Police / Manual,Others,Others,Bitumen(Tar),Dry,Not Applicable,Clear,"ISRO JUNCTION, MAIN ROAD",MAIN ROAD,1.5 KM,0.0,0.0,0,0,0.0,0.0
Bengaluru City,Sadashivanagar Traffic PS,1.04432e+16,2022,1,2,Road Accidents,Narrow road,City/Town,Near Hospital,Human Error,Not Applicable,Simple Injury,Vehicle to Vehicle,Not at  Junction,Others,Residential Street,Bitumen(Tar),Dry,No influence on accident,Clear,PIPE LINE ROAD MSR NAGARA,Opp Gate No 6 MS Ramaiah Compound,1.5km,0.0,0.0,0,0,0.0,0.0
Bengaluru City,Sadashivanagar Traffic PS,1.04432e+16,2022,1,2,Road Accidents,Junction,City/Town,Open area,Human Error,Not Applicable,Damage Only,Vehicle to Vehicle,Signal lights Automatic,Gentle Incline or Climb,Others,Concrete,Dry,Not Applicable,Clear,CV Raman Road,Near mekhri circle Signal,1km,0.0,0.0,0,0,0.0,0.0
Bengaluru City,Sadashivanagar Traffic PS,1.04432e+16,2022,1,2,Road Accidents,Narrow road,City/Town,Open area,Human Error,Not Applicable,Simple Injury,Vehicle to Vehicle,Not at  Junction,Others,Others,Bitumen(Tar),Dry,Not Applicable,Clear,Sadashivanagara,Near SBI Bank,1km,0.0,0.0,0,0,0.0,0.0
Bengaluru City,Sadashivanagar Traffic PS,1.04432e+16,2022,1,1,Road Accidents,Cross roads,City/Town,Near Petrol Pump,Not Applicable,No,Simple Injury,Hit pedestrian,Not at  Junction,Others,Two way,Bitumen(Tar),Others,Not Applicable,Clear,NEAR HP PETROL BUNK,HP PETROL BUNK,2 KM,0.0,0.0,0,1,0.0,1.0
Bengaluru City,Sadashivanagar Traffic PS,1.04432e+16,2022,1,2,Road Accidents,Narrow road,City/Town,Near Hospital,Not Applicable,No,Grievous Injury,Vehicle to Vehicle,Not at  Junction,Others,Others,Bitumen(Tar),Dry,Not Applicable,Fine,NEAR TARALA BALU CROS,TARALUBALU CROSS,2 KM,0.0,0.0,0,0,0.0,0.0
Bengaluru City,Sadashivanagar Traffic PS,1.04432e+16,2022,1,2,Road Accidents,Narrow road,City/Town,Near office complex,Human Error,Not Applicable,Damage Only,Vehicle to Vehicle,No signal lights,Not Applicable,Residential Street,Bitumen(Tar),Dry,No influence on accident,Clear,NEW BEL ROAD,OPP MECKDONALD SHOP,1.5km,0.0,0.0,0,0,0.0,0.0
Bengaluru City,Sadashivanagar Traffic PS,1.04432e+16,2022,1,2,Road Accidents,Cross roads,City/Town,Residential area,Human Error,Not Applicable,Fatal,Vehicle to Vehicle,Give way sign,Curve,One way,Bitumen(Tar),Dry,No influence on accident,Clear,12tH CROSS SADASHIVANAGARA,OPP ADITHYA APRTMENT,500mtr,0.0,0.0,0,0,0.0,0.0
Bengaluru City,Sadashivanagar Traffic PS,1.04432e+16,2022,1,2,Road Accidents,Curves,City/Town,Near a recreation place/cinema,Human Error,Not Applicable,Damage Only,Vehicle to Vehicle,Police / Manual,Curve,Others,Bitumen(Tar),Dry,No influence on accident,Clear,T Chowdaiah Road,Near Couvery elements,1.5km,0.0,0.0,0,0,0.0,0.0
Bengaluru City,Sadashivanagar Traffic PS,1.04432e+16,2022,1,1,Not Applicable,Narrow road,City/Town,Open area,Human Error,Yes,Fatal,Hit pedestrian,Not Applicable,Not Applicable,Not Applicable,Kutcha,Dry,Not Applicable,Fine,ground,near palace ground,1.5 km,0.0,0.0,0,0,4.0,4.0
Bengaluru City,Sadashivanagar Traffic PS,1.04432e+16,2022,1,2,Road Accidents,Narrow road,City/Town,Residential area,Human Error,Yes,Damage Only,Vehicle to Vehicle,Not Applicable,Not Applicable,Residential Street,Bitumen(Tar),Dry,No influence on accident,Clear,10 TH CROSS MALLESHWARAM,OPP HOUSE NO 126,2KM,0.0,0.0,0,0,0.0,0.0
Bengaluru City,Sadashivanagar Traffic PS,1.04432e+16,2022,1,2,Road Accidents,Junction,City/Town,Near Hospital,Human Error,Not Applicable,Damage Only,Vehicle to Vehicle,Signal lights Automatic,Others,Others,Bitumen(Tar),Dry,No influence on accident,Clear,NEW BEL ROAD,NEAR M S RAMAIAH JUNCTION,1km,0.0,0.0,0,0,0.0,0.0
Bengaluru City,Sadashivanagar Traffic PS,1.04432e+16,2022,1,1,Road Accidents,Circle,City/Town,Narrow bridge or culverts,Human Error,Not Applicable,Simple Injury,Not Applicable,Not at  Junction,Hump,Others,Bitumen(Tar),Dry,No influence on accident,Clear,T CHOWDAIH ROAD,Near BHEL under pass,1KM,0.0,0.0,0,0,0.0,0.0
Bengaluru City,Sadashivanagar Traffic PS,1.04432e+16,2022,1,2,Road Accidents,Junction,City/Town,Open area,Human Error,Yes,Grievous Injury,Vehicle to Vehicle,Signal lights Automatic,Curve and Incline,Others,Bitumen(Tar),Dry,No influence on accident,Clear,CV Raman Road,Near police station Junction,200mtr,0.0,0.0,0,0,0.0,0.0
Bengaluru City,Sadashivanagar Traffic PS,1.04432e+16,2022,1,1,Road Accidents,Narrow road,City/Town,Open area,Human Error,Not Applicable,Simple Injury,Hit pedestrian,Not Applicable,Others,Others,Bitumen(Tar),Dry,Not Applicable,Clear,T CHOWDAIH ROAD,Near Couvery Junction,1.5,0.0,0.0,0,0,0.0,0.0
Bengaluru City,Sadashivanagar Traffic PS,1.04432e+16,2022,1,3,Road Accidents,Narrow road,City/Town,Open area,Human Error,Not Applicable,Simple Injury,Vehicle to Vehicle,Not at  Junction,Not Applicable,Others,Bitumen(Tar),Dry,Not Applicable,Clear,BALLARY ROAD,Near Karnataka kalyanamantapa,1.5km,0.0,0.0,0,0,0.0,0.0
Bengaluru City,Sadashivanagar Traffic PS,1.04432e+16,2022,1,1,Road Accidents,Circle,City/Town,Near a religious place,Human Error,Not Applicable,Fatal,Not Applicable,Controlled,Curve,Others,Bitumen(Tar),Dry,No influence on accident,Clear,T Chowdaiah Road,Near Circle Maramma Tempel,1KM,0.0,0.0,0,0,0.0,0.0
Bengaluru City,Sadashivanagar Traffic PS,1.04432e+16,2022,1,2,Road Accidents,Narrow road,City/Town,Near office complex,Human Error,Yes,Simple Injury,Vehicle to Vehicle,Not at  Junction,Dip or trough,Others,Bitumen(Tar),Dry,No influence on accident,Clear,T Chowdaiah Road,Near BDA Bridge,2km,0.0,0.0,0,0,0.0,0.0
Bengaluru City,Sadashivanagar Traffic PS,1.04432e+16,2022,1,2,Road Accidents,Junction,Rural Areas,Open area,Human Error,No,Simple Injury,Vehicle to Vehicle,Signal lights Automatic,Others,Others,Bitumen(Tar),Dry,No influence on accident,Clear,T CHOWDAIH ROAD,Near Bhashyam circle,1.5,0.0,0.0,0,0,0.0,0.0
Bengaluru City,Sadashivanagar Traffic PS,1.04432e+16,2022,1,2,Road Accidents,Junction,City/Town,Residential area,Human Error,No,Simple Injury,Vehicle to Vehicle,Police / Manual,Curve and Incline,Others,Bitumen(Tar),Dry,No influence on accident,Clear,T CHOWDAIH ROAD,Near Couvery  junction,1.5km,0.0,0.0,0,0,0.0,0.0
Bengaluru City,Sadashivanagar Traffic PS,1.04432e+16,2022,1,1,Road Accidents,Junction,City/Town,Narrow bridge or culverts,Human Error,No,Fatal,Not Applicable,Controlled,Steep Incline or Climb,Service Road,Bitumen(Tar),Dry,No influence on accident,Clear,"Service Road, Bellary Main Road",Footh Path,10,0.0,0.0,0,0,0.0,0.0
Bengaluru City,Sadashivanagar Traffic PS,1.04432e+16,2022,1,1,Road Accidents,Narrow road,City/Town,Near School or College,Human Error,Yes,Simple Injury,Hit pedestrian,Not at  Junction,Others,One way,Bitumen(Tar),Dry,No influence on accident,Clear,BALLARY ROAD,Opp Hqtc Gate,1.5km,0.0,0.0,0,0,0.0,0.0
Bengaluru City,Sadashivanagar Traffic PS,1.04432e+16,2022,1,2,Road Accidents,Curves,City/Town,Near a recreation place/cinema,Human Error,Not Applicable,Damage Only,Vehicle to Vehicle,Signal lights Automatic,Curve,Others,Bitumen(Tar),Dry,Not Applicable,Clear,T CHOWDAIH ROAD,Near Couvery  junction,2km,0.0,0.0,0,0,0.0,0.0
Bengaluru City,Sadashivanagar Traffic PS,1.04432e+16,2022,1,2,Road Accidents,Narrow road,City/Town,Near office complex,Human Error,Not Applicable,Simple Injury,Vehicle to Vehicle,Not Applicable,Others,Residential Street,Bitumen(Tar),Dry,No influence on accident,Clear,VYAYALIKAVAL,NEAR SBI BANK,2KM,0.0,0.0,0,0,0.0,0.0
Bengaluru City,Sadashivanagar Traffic PS,1.04432e+16,2022,1,2,Road Accidents,Narrow road,City/Town,Near Petrol Pump,Human Error,No,Fatal,Vehicle to Vehicle,Not at  Junction,Straight and flat,Expressway,Bitumen(Tar),Dry,No influence on accident,Clear,Ballary Road,Shell Petrol Bunk,100,0.0,0.0,0,0,0.0,0.0
Bengaluru City,Sadashivanagar Traffic PS,1.04432e+16,2022,1,1,Road Accidents,Narrow road,City/Town,At pedestrian Crossing,Human Error,No,Fatal,Hit pedestrian,Controlled,Steep Incline or Climb,Others,Bitumen(Tar),Dry,No influence on accident,Clear,Bellary Road,Palace Ground,25,0.0,0.0,0,0,0.0,0.0
Bengaluru City,Sadashivanagar Traffic PS,1.04432e+16,2022,1,2,Road Accidents,Junction,City/Town,Open area,Human Error,Yes,Damage Only,Vehicle to Vehicle,Signal lights Automatic,Sharp Curve,One way,Bitumen(Tar),Dry,No influence on accident,Clear,BALLARY ROAD,Near mekhri circle,1km,0.0,0.0,0,0,0.0,0.0
Bengaluru City,Sadashivanagar Traffic PS,1.04432e+16,2022,1,2,Road Accidents,Junction,City/Town,Open area,Human Error,Not Applicable,Damage Only,Vehicle to Vehicle,Signal lights Automatic,Others,Others,Bitumen(Tar),Dry,No influence on accident,Clear,New Bel Road,Near Isro Junction,1.5KM,0.0,0.0,0,0,0.0,0.0
Bengaluru City,Sadashivanagar Traffic PS,1.04432e+16,2022,1,2,Road Accidents,Narrow road,City/Town,Residential area,Human Error,Not Applicable,Simple Injury,Vehicle to Vehicle,Give way sign,Others,Residential Street,Bitumen(Tar),Dry,No influence on accident,Clear,Sadashivanagara,Near 7Th cross 15th Main Junction,1.5 Km,0.0,0.0,0,0,0.0,0.0
Bengaluru City,Sadashivanagar Traffic PS,1.04432e+16,2022,1,3,Not Applicable,Narrow road,City/Town,Near a recreation place/cinema,Vehicle Defect,Not Applicable,Damage Only,Vehicle to Vehicle,Not Applicable,Others,Others,Bitumen(Tar),Others,Not Applicable,Fine,T CHOWDAIH ROAD,Near cauvery Junction,2km,0.0,0.0,0,1,0.0,1.0
Bengaluru City,Sadashivanagar Traffic PS,1.04432e+16,2022,1,1,Road Accidents,Cross roads,City/Town,Near Bus stop,Human Error,No,Fatal,Not Applicable,Not Applicable,Slight Curve,Others,Bitumen(Tar),Dry,No influence on accident,Clear,T Chowdaiah Road,Tree,10,0.0,0.0,0,0,0.0,0.0
Bengaluru City,Sadashivanagar Traffic PS,1.04432e+16,2022,1,1,Not Applicable,Not Applicable,City/Town,Near office complex,Human Error,No,Fatal,Not Applicable,Not Applicable,Not Applicable,Not Applicable,Kutcha,Dry,Not Applicable,Fine,Place Ground Godown,Godown Gate,10,0.0,0.0,0,0,4.0,4.0
Bengaluru City,Sadashivanagar Traffic PS,1.04432e+16,2022,1,1,Road Accidents,Narrow road,City/Town,Near Bus stop,Human Error,No,Grievous Injury,Hit pedestrian,Not Applicable,Straight and flat,Sub Arterial,Bitumen(Tar),Dry,No influence on accident,Clear,Bellary Main Ramana Maharshi Road,Bus Stop,40,0.0,0.0,0,0,0.0,0.0
Bengaluru City,Sadashivanagar Traffic PS,1.04432e+16,2022,1,1,Road Accidents,Narrow road,City/Town,Near Bus stop,Human Error,Yes,Fatal,Hit pedestrian,Controlled,Straight and flat,Arterial,Bitumen(Tar),Dry,No influence on accident,Clear,Bellary Road,NTI Gate,25,0.0,0.0,0,0,0.0,0.0
Bengaluru City,Sadashivanagar Traffic PS,1.04432e+16,2022,1,2,Road Accidents,Narrow road,City/Town,Near Bus stop,Not Applicable,No,Damage Only,Vehicle to Vehicle,Not Applicable,Others,Service Road,Bitumen(Tar),Others,Not Applicable,Others,SERVICE ROAD,NAER MEKHRICIRCLE,1.5 KM,0.0,0.0,0,1,0.0,1.0
Bengaluru City,Sadashivanagar Traffic PS,1.04432e+16,2023,1,1,Road Accidents,Narrow road,City/Town,Residential area,Human Error,No,Damage Only,Not Applicable,Not Applicable,Not Applicable,Residential Street,Bitumen(Tar),Dry,No influence on accident,Clear,Sankey Road,Sign Board,20,13.015958,77.583819,0,0,0.0,0.0
Bengaluru City,Sadashivanagar Traffic PS,1.04432e+16,2023,1,1,Road Accidents,Narrow road,City/Town,Residential area,Human Error,No,Grievous Injury,Hit pedestrian,Not Applicable,Not Applicable,Others,Bitumen(Tar),Dry,No influence on accident,Clear,Sadashivanagara,Electric Poll,30,13.004601,77.581641,0,0,0.0,0.0
Bengaluru City,Sadashivanagar Traffic PS,1.04432e+16,2023,1,2,Road Accidents,Cross roads,City/Town,Near Hospital,Human Error,No,Grievous Injury,Vehicle to Vehicle,Uncontrolled,Not Applicable,Residential Street,Bitumen(Tar),Dry,No influence on accident,Clear,"MSR Nagar, 7th Main",Temple,30,13.0325181,77.5666858,0,0,0.0,0.0
Bengaluru City,Sadashivanagar Traffic PS,1.04432e+16,2023,1,2,Road Accidents,Circle,City/Town,Near a factory industrial area,Human Error,No,Damage Only,Vehicle to Vehicle,Controlled,Curve,Not Applicable,Bitumen(Tar),Dry,No influence on accident,Clear,CV Raman Road,BHEL Gate,30,13.014066,77.565597,0,0,0.0,0.0
Bengaluru City,Sadashivanagar Traffic PS,1.04432e+16,2023,1,1,Road Accidents,Not Applicable,City/Town,Open area,Human Error,No,Damage Only,Not Applicable,Not Applicable,Others,Others,Bitumen(Tar),Dry,No influence on accident,Clear,Inside Palace Ground Road,Electric Poll,1,13.002611,77.587729,0,0,0.0,0.0
Bengaluru City,Sadashivanagar Traffic PS,1.04432e+16,2023,1,2,Road Accidents,Narrow road,City/Town,Residential area,Human Error,No,Grievous Injury,Vehicle to Vehicle,Police / Manual,Straight and flat,Others,Bitumen(Tar),Dry,No influence on accident,Clear,Sadashivanagara,Ballry road,10,13.0033,77.583821,0,0,0.0,0.0
Bengaluru City,Sadashivanagar Traffic PS,1.04432e+16,2023,1,2,Road Accidents,Narrow road,City/Town,Near Bus stop,Human Error,Yes,Grievous Injury,Vehicle to Vehicle,Not Applicable,Straight and flat,Others,Bitumen(Tar),Dry,No influence on accident,Clear,Ballary Road,HMT Bhavana,45,0.0,0.0,0,0,0.0,0.0
Bengaluru City,Sadashivanagar Traffic PS,1.04432e+16,2023,1,1,Road Accidents,Narrow road,City/Town,Near Bus stop,Human Error,Yes,Fatal,Hit pedestrian,Not Applicable,Straight and flat,State Highway,Bitumen(Tar),Dry,No influence on accident,Clear,Bellary Main Road,HMT Bhavana,40,0.0,0.0,0,0,0.0,0.0
Bengaluru City,Sadashivanagar Traffic PS,1.04432e+16,2023,1,1,Road Accidents,Narrow road,City/Town,Residential area,Human Error,No,Fatal,Hit pedestrian,Not Applicable,Straight and flat,Others,Bitumen(Tar),Dry,No influence on accident,Clear,Ballary Main Road,10,40,13.0099459,77.5838922,0,0,0.0,0.0
Bengaluru City,Sadashivanagar Traffic PS,1.04432e+16,2023,1,2,Road Accidents,Narrow road,City/Town,Residential area,Human Error,No,Grievous Injury,Vehicle to Vehicle,Not at  Junction,Straight and flat,Others,Bitumen(Tar),Dry,No influence on accident,Clear,CV Raman Road,Electric Poll,10,13.0148567,77.5758744,0,0,0.0,0.0
Bengaluru City,Sadashivanagar Traffic PS,1.04432e+16,2023,1,2,Road Accidents,Narrow road,City/Town,Near Bus stop,Human Error,No,Damage Only,Vehicle to Vehicle,Not Applicable,Straight and flat,Others,Bitumen(Tar),Dry,No influence on accident,Clear,Bellary Main Road,Hotel,30,13.020011,77.583946,0,0,0.0,0.0
Bengaluru City,Sadashivanagar Traffic PS,1.04432e+16,2023,1,2,Road Accidents,Junction,City/Town,Near School or College,Human Error,Yes,Grievous Injury,Vehicle to Vehicle,Controlled,Not Applicable,Others,Bitumen(Tar),Dry,No influence on accident,Clear,Bellary Road,HQTC Gate,40,13.016683,77.5839086,0,0,0.0,0.0
Bengaluru City,Sadashivanagar Traffic PS,1.04432e+16,2023,1,2,Road Accidents,Narrow road,City/Town,Open area,Human Error,No,Damage Only,Vehicle to Vehicle,Not Applicable,Others,One way,Bitumen(Tar),Dry,Not Applicable,Fine,CV Raman Road,1 km towards east,1 km,13.000307,77.155599,0,0,0.0,0.0
Bengaluru City,Sadashivanagar Traffic PS,1.04432e+16,2023,1,2,Road Accidents,Narrow road,City/Town,Open area,Human Error,No,Damage Only,Vehicle to Vehicle,Not at  Junction,Not Applicable,One way,Bitumen(Tar),Dry,Not Applicable,Fine,BALLARY ROAD,Ballry road,2 km,0.0,0.0,0,0,0.0,0.0
Bengaluru City,Sadashivanagar Traffic PS,1.04432e+16,2023,1,1,Road Accidents,Offset,City/Town,Narrow bridge or culverts,Human Error,No,Fatal,Not Applicable,Not Applicable,Others,Service Road,Bitumen(Tar),Dry,Not Applicable,Clear,Bellary Main Road,HQTC Compound,25,13.016117,77.583822,0,0,0.0,0.0
Bengaluru City,Sadashivanagar Traffic PS,1.04432e+16,2023,1,2,Road Accidents,Narrow road,City/Town,Near Hospital,Human Error,No,Grievous Injury,Vehicle to Vehicle,Not Applicable,Not Applicable,Residential Street,Bitumen(Tar),Dry,No influence on accident,Others,New BEL Road,Road,10,0.0,0.0,0,0,0.0,0.0
Bengaluru City,Sadashivanagar Traffic PS,1.04432e+16,2023,1,2,Road Accidents,Not Applicable,City/Town,Open area,Human Error,Not Applicable,Grievous Injury,Vehicle to Vehicle,Controlled,Not Applicable,Others,Bitumen(Tar),Dry,Not Applicable,Fine,mekri cirlce,near mekri circle,1.5 km,13.0166971,77.5839043,0,0,0.0,0.0
Bengaluru City,Sadashivanagar Traffic PS,1.04432e+16,2023,1,3,Road Accidents,Narrow road,City/Town,Near Bus stop,Human Error,No,Damage Only,Vehicle to Vehicle,Not Applicable,Straight and flat,Others,Bitumen(Tar),Dry,No influence on accident,Clear,Bellary Main Road,Ballry road,10,13.122023,77.583873,0,0,0.0,0.0
Bengaluru City,Sadashivanagar Traffic PS,1.04432e+16,2023,1,1,Not Applicable,Narrow road,City/Town,Residential area,Human Error,Yes,Grievous Injury,Hit pedestrian,Not Applicable,Not Applicable,Residential Street,Bitumen(Tar),Dry,No influence on accident,Clear,5th Main,Electric Poll,20mtrs,0.0,0.0,0,0,0.0,0.0