DISTRICTNAME,UNITNAME,Crime_No,Year,RI,Noofvehicle_involved,Accident_Classification,Accident_Spot,Accident_Location,Accident_SubLocation,Main_Cause,Hit_Run,Severity,Collision_Type,Junction_Control,Road_Character,Road_Type,Surface_Type,Surface_Condition,Road_Condition,Weather,Accident_Road,Landmark_first,Distance_LandMark_First,Latitude,Longitude,Road_Condition_Score,Surface_Condition_Score,Surface_Type_Score,Road_Risk_Index
Bengaluru City,Sadashivanagar Traffic PS,1.04432e+16,2023,1,2,Road Accidents,Narrow road,City/Town,Near Bus stop,Human Error,Yes,Grievous Injury,Vehicle to Vehicle,Not Applicable,Straight and flat,Residential Street,Bitumen(Tar),Dry,No influence on accident,Clear,PG Halli,P G Halli Bus Stop,30,13.000971,77.583999,0,0,0.0,0.0
Bengaluru City,Sadashivanagar Traffic PS,1.04432e+16,2023,1,2,Road Accidents,Narrow road,City/Town,Near School or College,Human Error,No,Damage Only,Vehicle to Vehicle,Uncontrolled,Others,Others,Bitumen(Tar),Dry,Not Applicable,Clear,near kendriya vidyalaya,Near kendriya vidhyalaya School,0.2km,0.0,0.0,0,0,0.0,0.0
Bengaluru City,Sadashivanagar Traffic PS,1.04432e+16,2023,1,1,Road Accidents,Narrow road,City/Town,Residential area,Human Error,No,Grievous Injury,Hit pedestrian,Not Applicable,Straight and flat,Residential Street,Bitumen(Tar),Dry,No influence on accident,Clear,MSR Nagar,Electric Poll,20,13.000307,77.335071,0,0,0.0,0.0
Bengaluru City,Sadashivanagar Traffic PS,1.04432e+16,2023,1,1,Road Accidents,Narrow road,City/Town,Residential area,Human Error,No,Damage Only,Not Applicable,Not Applicable,Straight and flat,Residential Street,Bitumen(Tar),Dry,No influence on accident,Clear,Nagappa Street,Electric Poll,30,12.997503,77.34421,0,0,0.0,0.0
Bengaluru City,Sadashivanagar Traffic PS,1.04432e+16,2023,1,2,Road Accidents,Narrow road,City/Town,Near Bus stop,Human Error,No,Grievous Injury,Vehicle to Vehicle,Not Applicable,Not Applicable,One way,Bitumen(Tar),Dry,Not Applicable,Fine,NEW BEL ROAD,2 km towards north,2 KM,0.0,0.0,0,0,0.0,0.0
Bengaluru City,Sadashivanagar Traffic PS,1.04432e+16,2023,1,1,Road Accidents,Narrow road,City/Town,Residential area,Human Error,Yes,Grievous Injury,Hit pedestrian,Give way sign,Straight and flat,Others,Bitumen(Tar),Dry,No influence on accident,Clear,VYAYALIKAVAL Road,Temple,20,0.0,0.0,0,0,0.0,0.0
Bengaluru City,Sadashivanagar Traffic PS,1.04432e+16,2023,1,1,Road Accidents,Not Applicable,City/Town,Near office complex,Human Error,No,Grievous Injury,Hit bicyclist,Not Applicable,Straight and flat,Others,Bitumen(Tar),Dry,No influence on accident,Clear,"IISC Inside, Sadashivanagara",Gate No 02,40,13.018799,77.568033,0,0,0.0,0.0
Bengaluru City,Sadashivanagar Traffic PS,1.04432e+16,2023,1,2,Road Accidents,Narrow road,City/Town,Near Bus stop,Human Error,No,Grievous Injury,Vehicle to Vehicle,Not Applicable,Straight and flat,Others,Bitumen(Tar),Dry,No influence on accident,Clear,Bellary Road,HQTC Gate,10,13.016702,77.5838996,0,0,0.0,0.0
Bengaluru City,Sadashivanagar Traffic PS,1.04432e+16,2023,1,5,Road Accidents,Junction,City/Town,Residential area,Human Error,No,Damage Only,Vehicle to Vehicle,Controlled,Straight and flat,Residential Street,Bitumen(Tar),Dry,No influence on accident,Clear,Sankey Road,Bharath Petrol Bunk,25,13.0063156,77.578919,0,0,0.0,0.0
Bengaluru City,Sadashivanagar Traffic PS,1.04432e+16,2023,1,1,Road Accidents,Narrow road,City/Town,Near Bus stop,Human Error,No,Grievous Injury,Hit pedestrian,Not Applicable,Not Applicable,Others,Bitumen(Tar),Dry,Not Applicable,Clear,BALLARY ROAD,ROAD,2 KM,13.000307,77.5841685,0,0,0.0,0.0
Bengaluru City,Sadashivanagar Traffic PS,1.04432e+16,2023,1,2,Road Accidents,Narrow road,City/Town,Residential area,Human Error,No,Damage Only,Vehicle to Vehicle,Not Applicable,Not Applicable,Residential Street,Bitumen(Tar),Dry,No influence on accident,Clear,be,Electric Poll,30,13.017219,77.58401,0,0,0.0,0.0
Bengaluru City,Sadashivanagar Traffic PS,1.04432e+16,2023,1,2,Road Accidents,Junction,City/Town,Residential area,Human Error,No,Grievous Injury,Vehicle to Vehicle,Controlled,Straight and flat,Residential Street,Bitumen(Tar),Dry,No influence on accident,Clear,CV Raman Road,Electric Poll,20,13.014674,77.572759,0,0,0.0,0.0
Bengaluru City,Sadashivanagar Traffic PS,1.04432e+16,2023,1,1,Road Accidents,Not Applicable,City/Town,Residential area,Human Error,No,Damage Only,Not Applicable,Not at  Junction,Straight and flat,Others,Bitumen(Tar),Dry,No influence on accident,Clear,NEW BEL Road,Tree,10,0.0,0.0,0,0,0.0,0.0
Bengaluru City,Sadashivanagar Traffic PS,1.04432e+16,2023,1,2,Road Accidents,Narrow road,City/Town,Narrow bridge or culverts,Human Error,No,Simple Injury,Vehicle to Vehicle,Not Applicable,Straight and flat,Others,Bitumen(Tar),Dry,No influence on accident,Clear,Bellary Road,Bridge,5,0.0,0.0,0,0,0.0,0.0
Bengaluru City,Sadashivanagar Traffic PS,1.04432e+16,2023,1,2,Road Accidents,Narrow road,City/Town,Near Bus stop,Human Error,No,Simple Injury,Vehicle to Vehicle,Not Applicable,Not Applicable,One way,Bitumen(Tar),Dry,Not Applicable,Fine,NEW BEL ROAD,3 KM TOWARDS NORTH,3. KM,13.000307,77.155599,0,0,0.0,0.0
Bengaluru City,Sadashivanagar Traffic PS,1.04432e+16,2023,1,1,Road Accidents,Not Applicable,City/Town,Near Bus stop,Human Error,No,Damage Only,Not Applicable,Not Applicable,Incline,Others,Bitumen(Tar),Dry,No influence on accident,Clear,Bellary Road,Bridge,5,12.9987569,77.5842969,0,0,0.0,0.0
Bengaluru City,Sadashivanagar Traffic PS,1.04432e+16,2023,1,2,Road Accidents,Junction,City/Town,Near Hospital,Human Error,No,Damage Only,Vehicle to Vehicle,Controlled,Not Applicable,Residential Street,Bitumen(Tar),Dry,No influence on accident,Clear,NEW BEL ROAD,Electric Poll,50mtr,13.028449,77.571269,0,0,0.0,0.0
Bengaluru City,Sadashivanagar Traffic PS,1.04432e+16,2023,1,1,Road Accidents,Narrow road,City/Town,Open area,Human Error,Yes,Grievous Injury,Not Applicable,Not Applicable,Straight and flat,Residential Street,Bitumen(Tar),Dry,No influence on accident,Clear,"New BEL Road, Sadashivanagara",Electrical Poll,35,13.01759,77.572537,0,0,0.0,0.0
Bengaluru City,Sadashivanagar Traffic PS,1.04432e+16,2023,1,2,Road Accidents,Not Applicable,City/Town,Near Bus stop,Human Error,No,Simple Injury,Vehicle to Vehicle,Not Applicable,Others,Not Applicable,Bitumen(Tar),Dry,Not Applicable,Fine,NEW BEL ROAD,NEW BEL ROAD,2 KM,0.0,0.0,0,0,0.0,0.0
Bengaluru City,Sadashivanagar Traffic PS,1.04432e+16,2023,1,3,Road Accidents,Narrow road,City/Town,Near Bus stop,Human Error,No,Damage Only,Vehicle to Vehicle,Not Applicable,Not Applicable,Others,Bitumen(Tar),Dry,No influence on accident,Clear,Bellary Road,Foursession Hotel,30,0.0,0.0,0,0,0.0,0.0
Bengaluru City,Sadashivanagar Traffic PS,1.04432e+16,2023,1,2,Road Accidents,Junction,City/Town,Near a religious place,Human Error,No,Fatal,Vehicle to Vehicle,Not Applicable,Straight and flat,Residential Street,Bitumen(Tar),Dry,No influence on accident,Clear,New BEL Road,Ayappa Swamy Temple,10,0.0,0.0,0,0,0.0,0.0
Bengaluru City,Sadashivanagar Traffic PS,1.04432e+16,2023,1,1,Road Accidents,Narrow road,City/Town,Near Bus stop,Human Error,No,Grievous Injury,Not Applicable,Controlled,Not Applicable,Others,Bitumen(Tar),Dry,No influence on accident,Clear,CV Raman Road,Police Station,40,13.0146597,77.5725538,0,0,0.0,0.0
Bengaluru City,Shivajinagar Traffic PS,1.04432e+16,2016,1,2,Road Accidents,Junction,City/Town,Near Bus stop,Human Error,No,Simple Injury,Others,Controlled,Others,City or Town Road,Bitumen(Tar),Dry,Engineering Defect of Road,Fine,Cubbo Road,South By Army Supply Depo,2km,0.0,0.0,4,0,0.0,4.0
Bengaluru City,Shivajinagar Traffic PS,1.04432e+16,2016,1,1,Road Accidents,Not Applicable,City/Town,Near Bus stop,Human Error,No,Simple Injury,Not Applicable,Not Applicable,Curve,City or Town Road,Bitumen(Tar),Dry,Not Applicable,Fine,20 feet Road,towards east By Shivajinagar Bus stand,1 K M,0.0,0.0,0,0,0.0,0.0
Bengaluru City,Shivajinagar Traffic PS,1.04432e+16,2016,1,1,Not Applicable,Not Applicable,City/Town,Near Hospital,Not Applicable,No,Not Applicable,Others,Controlled,Others,City or Town Road,Bitumen(Tar),Dry,Not Applicable,Clear,HOSPITAL ROAD,BOWROING HOSPITAL,0.5 KM,0.0,0.0,0,0,0.0,0.0
Bengaluru City,Shivajinagar Traffic PS,1.04432e+16,2016,1,1,Road Accidents,Junction,City/Town,Near Hospital,Human Error,Yes,Grievous Injury,Hit and Run,Controlled,Curve,Two way,Bitumen(Tar),Dry,Engineering Defect of Road,Fine,HOSPETAL ROAD,near bmtc bus stop,1 K M,12.98198863,77.60426247,4,0,0.0,4.0
Bengaluru City,Shivajinagar Traffic PS,1.04432e+16,2016,1,2,Road Accidents,Junction,City/Town,Open area,Human Error,No,Simple Injury,Not Applicable,Signal lights Automatic,Others,City or Town Road,Bitumen(Tar),Dry,Not Applicable,Clear,Kamaraja Road,Near Thamos Kefe Junction,1KM,0.0,0.0,0,0,0.0,0.0
Bengaluru City,Shivajinagar Traffic PS,1.04432e+16,2016,1,2,Road Accidents,Junction,City/Town,Near office complex,Not Applicable,No,Not Applicable,Others,Controlled,Others,City or Town Road,Bitumen(Tar),Dry,Engineering Defect of Road,Cloudy,20 FEET ROAD,B R V Juncuton,105KM,0.0,0.0,4,0,0.0,4.0
Bengaluru City,Shivajinagar Traffic PS,1.04432e+16,2016,1,2,Road Accidents,Junction,City/Town,Near Hospital,Not Applicable,Yes,Simple Injury,Not Applicable,Controlled,Not Applicable,City or Town Road,Bitumen(Tar),Dry,Not Applicable,Fine,20 feet Road,Towards West By 1 km,1 km,0.0,0.0,0,0,0.0,0.0
Bengaluru City,Shivajinagar Traffic PS,1.04432e+16,2016,1,1,Not Applicable,Not Applicable,City/Town,In bazaar,Not Applicable,No,Not Applicable,Not Applicable,Not Applicable,Not Applicable,Not Applicable,Bitumen(Tar),Dry,Not Applicable,Clear,DHOBI GHAT,COMMARSHIAL STREET,1.5,0.0,0.0,0,0,0.0,0.0
Bengaluru City,Shivajinagar Traffic PS,1.04432e+16,2016,1,2,Road Accidents,Junction,City/Town,Near office complex,Human Error,No,Simple Injury,Others,Controlled,Others,City or Town Road,Bitumen(Tar),Dry,Engineering Defect of Road,Fine,BRV JUCTION,BRV,02 KM,0.0,0.0,4,0,0.0,4.0
Bengaluru City,Shivajinagar Traffic PS,1.04432e+16,2016,1,2,Road Accidents,Junction,City/Town,Near office complex,Not Applicable,No,Simple Injury,Others,Controlled,Others,City or Town Road,Bitumen(Tar),Dry,Not Applicable,Fine,BRV JUNCTION,B R V Juncuton,2KM,0.0,0.0,0,0,0.0,0.0
Bengaluru City,Shivajinagar Traffic PS,1.04432e+16,2016,1,1,Road Accidents,Junction,City/Town,Near School or College,Human Error,No,Damage Only,Drowned,Controlled,Others,Two way,Bitumen(Tar),Dry,Engineering Defect of Road,Fine,Praminenad Road,Near ulsoor Lake,1.5 km,12.99293828,77.61244901,4,0,0.0,4.0
Bengaluru City,Shivajinagar Traffic PS,1.04432e+16,2016,1,1,Road Accidents,Junction,City/Town,Near office complex,Human Error,No,Fatal,Hit bicyclist,Controlled,Curve,City or Town Road,Bitumen(Tar),Dry,Engineering Defect of Road,Others,Main Gaurd,Near ManikSha Parade Ground,2km,0.0,0.0,4,0,0.0,4.0
Bengaluru City,Shivajinagar Traffic PS,1.04432e+16,2016,1,2,Road Accidents,Y Junction,City/Town,In bazaar,Human Error,No,Simple Injury,Others,Controlled,Others,City or Town Road,Bitumen(Tar),Dry,Engineering Defect of Road,Fine,Bamboo Bazar,near petrol Bunk,0.5 km,0.0,0.0,4,0,0.0,4.0
Bengaluru City,Shivajinagar Traffic PS,1.04432e+16,2016,1,2,Road Accidents,Curves,City/Town,Residential area,Not Applicable,No,Not Applicable,Others,Controlled,Curve,City or Town Road,Bitumen(Tar),Dry,Engineering Defect of Road,Cloudy,20 FEET ROAD,queence road,1km,0.0,0.0,4,0,0.0,4.0
Bengaluru City,Shivajinagar Traffic PS,1.04432e+16,2016,1,1,Road Accidents,Junction,City/Town,Open area,Human Error,No,Simple Injury,Hit pedestrian,Signal lights Automatic,Not Applicable,City or Town Road,Bitumen(Tar),Dry,Not Applicable,Clear,Cubbon Road,BRV Juction,2 km,0.0,0.0,0,0,0.0,0.0
Bengaluru City,Shivajinagar Traffic PS,1.04432e+16,2016,1,1,Road Accidents,Other,City/Town,Near School or College,Not Applicable,No,Fatal,Hit pedestrian,Not Applicable,Not Applicable,Two way,Bitumen(Tar),Dry,Not Applicable,Clear,kamaraj road,NEAR ARMY PUBLIC SCHOOL,2KM,0.0,0.0,0,0,0.0,0.0
Bengaluru City,Shivajinagar Traffic PS,1.04432e+16,2016,1,2,Road Accidents,Junction,City/Town,Near Petrol Pump,Human Error,No,Simple Injury,Others,Signal lights Automatic,Curve,City or Town Road,Bitumen(Tar),Dry,Not Applicable,Fine,near thomas bakery junction,North By Thomas bakry,2km,0.0,0.0,0,0,0.0,0.0
Bengaluru City,Shivajinagar Traffic PS,1.04432e+16,2016,1,1,Road Accidents,Not Applicable,City/Town,In bazaar,Not Applicable,Yes,Simple Injury,Not Applicable,Not Applicable,Others,City or Town Road,Bitumen(Tar),Dry,Not Applicable,Clear,OPH Road,1 KM East,1km,0.0,0.0,0,0,0.0,0.0
Bengaluru City,Shivajinagar Traffic PS,1.04432e+16,2016,1,2,Road Accidents,Junction,City/Town,Near Petrol Pump,Human Error,No,Simple Injury,Others,Controlled,Others,City or Town Road,Bitumen(Tar),Dry,Engineering Defect of Road,Fine,20 FEET,BAMBOO BAZAR,1KM,0.0,0.0,4,0,0.0,4.0
Bengaluru City,Shivajinagar Traffic PS,1.04432e+16,2016,1,2,Road Accidents,Other,City/Town,Near office complex,Not Applicable,No,Not Applicable,Others,Controlled,Others,City or Town Road,Bitumen(Tar),Dry,Engineering Defect of Road,Fine,20 FEET ROAD,CUBBON ROAD,2 KM,0.0,0.0,4,0,0.0,4.0
Bengaluru City,Shivajinagar Traffic PS,1.04432e+16,2016,1,2,Road Accidents,Junction,City/Town,Near office complex,Human Error,No,Damage Only,Not Applicable,Controlled,Others,City or Town Road,Bitumen(Tar),Dry,Not Applicable,Clear,K.R Road & cubbon Road,Near Maniksha Parade Ground,2 KM,0.0,0.0,0,0,0.0,0.0
Bengaluru City,Shivajinagar Traffic PS,1.04432e+16,2016,1,2,Road Accidents,Narrow road,City/Town,Open area,Human Error,Yes,Fatal,Not Applicable,Not at  Junction,Not Applicable,City or Town Road,Bitumen(Tar),Dry,Not Applicable,Clear,Cubbo Road,Cubbon Road,2KM,12.97771212,77.60708732,0,0,0.0,0.0
Bengaluru City,Shivajinagar Traffic PS,1.04432e+16,2016,1,2,Road Accidents,Junction,City/Town,Open area,Human Error,No,Damage Only,Not Applicable,No signal lights,Curve,City or Town Road,Bitumen(Tar),Dry,Not Applicable,Clear,Cobbon Road,Near Main Guard Junction,2km,0.0,0.0,0,0,0.0,0.0
Bengaluru City,Shivajinagar Traffic PS,1.04432e+16,2016,1,2,Road Accidents,Junction,City/Town,In bazaar,Human Error,No,Fatal,Others,Controlled,Straight and flat,City or Town Road,Bitumen(Tar),Dry,Engineering Defect of Road,Fine,BRV JUNCTION,South By chinnaswamy Studiam,1.5 km,12.97926992,77.60244543,4,0,0.0,4.0
Bengaluru City,Shivajinagar Traffic PS,1.04432e+16,2016,1,2,Road Accidents,Junction,City/Town,Near Hospital,Human Error,No,Simple Injury,Others,Controlled,Curve,City or Town Road,Bitumen(Tar),Dry,Engineering Defect of Road,Fine,Queens Road,West By Wetter Nearry Hospital,1km,0.0,0.0,4,0,0.0,4.0
Bengaluru City,Shivajinagar Traffic PS,1.04432e+16,2016,1,2,Road Accidents,Junction,City/Town,Near office complex,Human Error,No,Damage Only,Others,Controlled,Others,City or Town Road,Bitumen(Tar),Dry,Not Applicable,Cloudy,BRV Junction,Near chinnaswamy cricket studiam,1.5 KM,0.0,0.0,0,0,0.0,0.0
Bengaluru City,Shivajinagar Traffic PS,1.04432e+16,2016,1,1,Not Applicable,Not Applicable,City/Town,Near School or College,Not Applicable,No,Not Applicable,Not Applicable,Controlled,Not Applicable,City or Town Road,Bitumen(Tar),Dry,Not Applicable,Clear,kr road and cubbon road jucntion,sainik school,0.5 KM,0.0,0.0,0,0,0.0,0.0
Bengaluru City,Shivajinagar Traffic PS,1.04432e+16,2016,1,2,Road Accidents,Not Applicable,City/Town,Near office complex,Not Applicable,Yes,Simple Injury,Hit and Run,Not Applicable,Others,City or Town Road,Bitumen(Tar),Dry,Not Applicable,Fog / Mist,20 feet Road,Towards West By 1 km,1 km,0.0,0.0,0,0,0.0,0.0
Bengaluru City,Shivajinagar Traffic PS,1.04432e+16,2016,1,2,Road Accidents,Junction,City/Town,Near office complex,Not Applicable,No,Damage Only,Others,Controlled,Not Applicable,City or Town Road,Bitumen(Tar),Dry,Engineering Defect of Road,Fog / Mist,BRV JUCTION,B R V Juncuton,2 KM,0.0,0.0,4,0,0.0,4.0
Bengaluru City,Shivajinagar Traffic PS,1.04432e+16,2016,1,1,Road Accidents,Junction,City/Town,In bazaar,Human Error,No,Grievous Injury,Others,Controlled,Others,One way,Bitumen(Tar),Dry,Engineering Defect of Road,Fine,sent jon road,near rbanms ground,1.5 km,12.98195607,77.61220744,4,0,0.0,4.0
Bengaluru City,Shivajinagar Traffic PS,1.04432e+16,2016,1,2,Road Accidents,Junction,City/Town,Near Petrol Pump,Human Error,No,Simple Injury,Others,Signal lights Not working,Curve,City or Town Road,Bitumen(Tar),Dry,Engineering Defect of Road,Fine,Bamboo Bazar,North Bay petrol bank,1km,0.0,0.0,4,0,0.0,4.0
Bengaluru City,Shivajinagar Traffic PS,1.04432e+16,2016,1,2,Road Accidents,Other,City/Town,Narrow bridge or culverts,Human Error,No,Fatal,Others,Controlled,Others,City or Town Road,Bitumen(Tar),Dry,Not Applicable,Cloudy,Netaji Road,Netaji Road,1 Km,0.0,0.0,0,0,0.0,0.0
Bengaluru City,Shivajinagar Traffic PS,1.04432e+16,2016,1,2,Road Accidents,Other,City/Town,Residential area,Human Error,Yes,Fatal,Hit and Run,Not at  Junction,Others,City or Town Road,Bitumen(Tar),Dry,Not Applicable,Cloudy,Queens Road,Near By Complex,1.5 KM,0.0,0.0,0,0,0.0,0.0
Bengaluru City,Shivajinagar Traffic PS,1.04432e+16,2016,1,2,Road Accidents,Cross roads,City/Town,Residential area,Human Error,No,Simple Injury,Not Applicable,Not Applicable,Others,City or Town Road,Bitumen(Tar),Dry,Not Applicable,Fine,20 feet Road,North By 2 km,2 km,0.0,0.0,0,0,0.0,0.0
Bengaluru City,Shivajinagar Traffic PS,1.04432e+16,2016,1,1,Road Accidents,Other,City/Town,Near School or College,Not Applicable,No,Not Applicable,Others,Controlled,Others,City or Town Road,Bitumen(Tar),Dry,Engineering Defect of Road,Fine,20 feet road,cubbon road,2 km,0.0,0.0,4,0,0.0,4.0
Bengaluru City,Shivajinagar Traffic PS,1.04432e+16,2016,1,1,Not Applicable,Not Applicable,City/Town,In bazaar,Not Applicable,No,Not Applicable,Not Applicable,Controlled,Not Applicable,Not Applicable,Bitumen(Tar),Dry,Not Applicable,Clear,INFGANTRY ROAD,INFANTRY ROAD,0.5 KM,0.0,0.0,0,0,0.0,0.0
Bengaluru City,Shivajinagar Traffic PS,1.04432e+16,2016,1,2,Road Accidents,T Junction,City/Town,Near office complex,Human Error,No,Grievous Injury,Others,Controlled,Curve,City or Town Road,Bitumen(Tar),Dry,Engineering Defect of Road,Fine,war memorial junction,war memorial junction,2 KM,0.0,0.0,4,0,0.0,4.0
Bengaluru City,Shivajinagar Traffic PS,1.04432e+16,2016,1,2,Road Accidents,Junction,City/Town,Near office complex,Not Applicable,No,Not Applicable,Others,Controlled,Others,City or Town Road,Bitumen(Tar),Dry,Engineering Defect of Road,Cloudy,20 FEET,Dickenson Circle,2KM,0.0,0.0,4,0,0.0,4.0
Bengaluru City,Shivajinagar Traffic PS,1.04432e+16,2016,1,2,Road Accidents,Junction,City/Town,Near School or College,Not Applicable,No,Not Applicable,Others,Controlled,Others,City or Town Road,Bitumen(Tar),Dry,Engineering Defect of Road,Cloudy,Cubbon Road,CUBBON ROAD,2KM,0.0,0.0,4,0,0.0,4.0
Bengaluru City,Shivajinagar Traffic PS,1.04432e+16,2016,1,2,Road Accidents,Narrow road,City/Town,Open area,Human Error,No,Damage Only,Not Applicable,Not at  Junction,Others,City or Town Road,Bitumen(Tar),Dry,Not Applicable,Clear,St Johns Church Road,Clive Land Town Road,2KM,12.98494252,77.61475315,0,0,0.0,0.0
Bengaluru City,Shivajinagar Traffic PS,1.04432e+16,2016,1,2,Road Accidents,Other,City/Town,Near Bus stop,Human Error,No,Not Applicable,Others,Controlled,Curve,City or Town Road,Bitumen(Tar),Dry,Engineering Defect of Road,Fine,20 FEET,BAMBOOBAZAR,1KM,0.0,0.0,4,0,0.0,4.0
Bengaluru City,Shivajinagar Traffic PS,1.04432e+16,2016,1,2,Road Accidents,Narrow road,City/Town,Near Bus stop,Human Error,No,Fatal,Head on,Not Applicable,Others,City or Town Road,Bitumen(Tar),Dry,Not Applicable,Clear,INFANTRY ROAD,2 KM TOWARDS SOUTH,2KM,12.98207991,77.59889222,0,0,0.0,0.0
Bengaluru City,Shivajinagar Traffic PS,1.04432e+16,2016,1,2,Road Accidents,Junction,City/Town,Near School or College,Human Error,Yes,Simple Injury,Others,Controlled,Others,City or Town Road,Bitumen(Tar),Dry,Engineering Defect of Road,Cloudy,SENT JOHNS RD,SENT JOHN ROAD,2KM,0.0,0.0,4,0,0.0,4.0
Bengaluru City,Shivajinagar Traffic PS,1.04432e+16,2016,1,2,Road Accidents,Other,City/Town,In bazaar,Human Error,No,Grievous Injury,Others,Controlled,Others,City or Town Road,Bitumen(Tar),Dry,Engineering Defect of Road,Cloudy,Dispensary Road,DISPENCERY ROAD,1.5 KM,0.0,0.0,4,0,0.0,4.0
Bengaluru City,Shivajinagar Traffic PS,1.04432e+16,2016,1,1,Not Applicable,Other,Not Applicable,Near School or College,Not Applicable,Not Applicable,Not Applicable,Run Off Road,Controlled,Straight and flat,City or Town Road,Bitumen(Tar),Dry,Engineering Defect of Road,Fine,coles Park,South By Coles Park,2km,0.0,0.0,4,0,0.0,4.0
Bengaluru City,Shivajinagar Traffic PS,1.04432e+16,2016,1,1,Road Accidents,Other,City/Town,Residential area,Human Error,No,Fatal,Head on,Controlled,Others,City or Town Road,Bitumen(Tar),Dry,Engineering Defect of Road,Fine,20 FEET,SHIVAJI ROAD,0.5KM,0.0,0.0,4,0,0.0,4.0
Bengaluru City,Shivajinagar Traffic PS,1.04432e+16,2016,1,1,Road Accidents,Junction,City/Town,Near office complex,Human Error,No,Simple Injury,Others,Controlled,Others,City or Town Road,Bitumen(Tar),Dry,Engineering Defect of Road,Cloudy,Cubbon Road,CUBBON RD,2.5 KM,0.0,0.0,4,0,0.0,4.0
Bengaluru City,Shivajinagar Traffic PS,1.04432e+16,2016,1,2,Road Accidents,Narrow road,City/Town,In bazaar,Not Applicable,No,Damage Only,Others,Controlled,Others,City or Town Road,Bitumen(Tar),Dry,Engineering Defect of Road,Fine,Narayan pilli street,Near Temple,1 K M,0.0,0.0,4,0,0.0,4.0
Bengaluru City,Shivajinagar Traffic PS,1.04432e+16,2016,1,3,Road Accidents,Junction,City/Town,Near office complex,Not Applicable,No,Simple Injury,Not Applicable,Controlled,Not Applicable,City or Town Road,Bitumen(Tar),Dry,Not Applicable,Fine,20 feet Road,towards east By Shivajinagar Bus stand,2 km,0.0,0.0,0,0,0.0,0.0
Bengaluru City,Shivajinagar Traffic PS,1.04432e+16,2016,1,2,Road Accidents,Other,City/Town,Residential area,Not Applicable,No,Damage Only,Others,Controlled,Straight and flat,City or Town Road,Bitumen(Tar),Dry,Engineering Defect of Road,Fine,As born road near thamilu sangam,towards east near Thimilu sangam,3 kms,0.0,0.0,4,0,0.0,4.0
Bengaluru City,Shivajinagar Traffic PS,1.04432e+16,2016,1,1,Road Accidents,Other,City/Town,Near Bus stop,Human Error,No,Simple Injury,Others,Controlled,Curve,City or Town Road,Bitumen(Tar),Dry,Not Applicable,Cloudy,BMTC BUS STAND SHIVAJINAGAR,BMTC,1KM,0.0,0.0,0,0,0.0,0.0
Bengaluru City,Shivajinagar Traffic PS,1.04432e+16,2016,1,2,Road Accidents,Junction,City/Town,Open area,Human Error,No,Fatal,Not Applicable,Signal lights Automatic,Others,City or Town Road,Bitumen(Tar),Dry,Not Applicable,Clear,Cubbo Road,K R Road and Cubbon Road Jucntion,1,12.9772579,77.60861878,0,0,0.0,0.0
Bengaluru City,Shivajinagar Traffic PS,1.04432e+16,2016,1,1,Road Accidents,Other,City/Town,Near Bus stop,Human Error,No,Fatal,Hit pedestrian,Not Applicable,Not Applicable,Others,Bitumen(Tar),Dry,Not Applicable,Fine,Shivajinagar Bus Stand,North by bus stand,1kms,0.0,0.0,0,0,0.0,0.0
Bengaluru City,Shivajinagar Traffic PS,1.04432e+16,2016,1,2,Road Accidents,Junction,City/Town,Near office complex,Human Error,No,Simple Injury,Others,Controlled,Not Applicable,Others,Bitumen(Tar),Dry,Engineering Defect of Road,Fog / Mist,20 feet Road,South By chinnaswamy Studiam,1.5 km,0.0,0.0,4,0,0.0,4.0
Bengaluru City,Shivajinagar Traffic PS,1.04432e+16,2016,1,2,Road Accidents,Junction,City/Town,Near Hospital,Human Error,No,Grievous Injury,Hit pedestrian,Controlled,Curve,Two way,Bitumen(Tar),Dry,Engineering Defect of Road,Fine,HOSPETAL ROAD,East and West By Infantry Road,1 K M,12.9807699,77.6029132,4,0,0.0,4.0
Bengaluru City,Shivajinagar Traffic PS,1.04432e+16,2016,1,2,Road Accidents,Other,City/Town,Near or inside a village,Not Applicable,No,Not Applicable,Others,Controlled,Curve,City or Town Road,Bitumen(Tar),Dry,Engineering Defect of Road,Fog / Mist,20 FEET,BAITUL MAHAL,1KM,0.0,0.0,4,0,0.0,4.0
Bengaluru City,Shivajinagar Traffic PS,1.04432e+16,2016,1,1,Road Accidents,Bridge,City/Town,Near Petrol Pump,Human Error,No,Simple Injury,Others,Controlled,Curve,City or Town Road,Bitumen(Tar),Dry,Not Applicable,Fine,20 FEET,BAMBOO BAZAR,1KM,0.0,0.0,0,0,0.0,0.0