DISTRICTNAME,UNITNAME,Crime_No,Year,RI,Noofvehicle_involved,Accident_Classification,Accident_Spot,Accident_Location,Accident_SubLocation,Main_Cause,Hit_Run,Severity,Collision_Type,Junction_Control,Road_Character,Road_Type,Surface_Type,Surface_Condition,Road_Condition,Weather,Accident_Road,Landmark_first,Distance_LandMark_First,Latitude,Longitude,Road_Condition_Score,Surface_Condition_Score,Surface_Type_Score,Road_Risk_Index
Bengaluru City,Shivajinagar Traffic PS,1.04432e+16,2016,1,2,Road Accidents,Junction,City/Town,Open area,Human Error,No,Damage Only,Others,Signal lights Automatic,Not Applicable,City or Town Road,Bitumen(Tar),Dry,Not Applicable,Clear,Cubbo Road,K R Road and Cubbon Road Jucntion,1 K M,12.97713934,77.60873627,0,0,0.0,0.0
Bengaluru City,Shivajinagar Traffic PS,1.04432e+16,2016,1,2,Road Accidents,Cross roads,City/Town,Residential area,Not Applicable,No,Grievous Injury,Others,Uncontrolled,Not Applicable,City or Town Road,Bitumen(Tar),Dry,Not Applicable,Clear,20 feet Road,Chikka bazar street,0.5 km,0.0,0.0,0,0,0.0,0.0
Bengaluru City,Shivajinagar Traffic PS,1.04432e+16,2016,1,1,Not Applicable,Not Applicable,City/Town,In bazaar,Not Applicable,No,Not Applicable,Not Applicable,Not Applicable,Not Applicable,City or Town Road,Bitumen(Tar),Dry,Not Applicable,Clear,INFANTRY ROAD,INFANTRY ROAD,01 KM,0.0,0.0,0,0,0.0,0.0
Bengaluru City,Shivajinagar Traffic PS,1.04432e+16,2016,1,2,Road Accidents,Other,City/Town,Narrow bridge or culverts,Not Applicable,Yes,Simple Injury,Others,Controlled,Others,City or Town Road,Bitumen(Tar),Dry,Not Applicable,Fine,netaji Road,2 km,2 km,0.0,0.0,0,0,0.0,0.0
Bengaluru City,Shivajinagar Traffic PS,1.04432e+16,2016,1,2,Road Accidents,Junction,City/Town,Near Hospital,Human Error,No,Simple Injury,Not Applicable,Signal lights Automatic,Curve,City or Town Road,Bitumen(Tar),Dry,Not Applicable,Fine,QUNEENS ROAD,East By Bombo Bazar Road,1/2 km,0.0,0.0,0,0,0.0,0.0
Bengaluru City,Shivajinagar Traffic PS,1.04432e+16,2016,1,2,Road Accidents,Curves,City/Town,Near office complex,Not Applicable,No,Not Applicable,Others,Controlled,Not Applicable,City or Town Road,Bitumen(Tar),Dry,Engineering Defect of Road,Fine,20FEET,WAR MEMORRIAL,2KM,0.0,0.0,4,0,0.0,4.0
Bengaluru City,Shivajinagar Traffic PS,1.04432e+16,2016,1,1,Road Accidents,Junction,City/Town,Near office complex,Not Applicable,No,Simple Injury,Not Applicable,Controlled,Not Applicable,City or Town Road,Bitumen(Tar),Dry,Not Applicable,Fog / Mist,20 feet Road,Towards South,1.5 KM,0.0,0.0,0,0,0.0,0.0
Bengaluru City,Shivajinagar Traffic PS,1.04432e+16,2016,1,1,Road Accidents,Narrow road,City/Town,In bazaar,Human Error,No,Simple Injury,Others,Controlled,Others,City or Town Road,Bitumen(Tar),Dry,Engineering Defect of Road,Fine,COMMERCIAL STREET,COMMERCIAL STREET,1.5KM,0.0,0.0,4,0,0.0,4.0
Bengaluru City,Shivajinagar Traffic PS,1.04432e+16,2016,1,2,Road Accidents,Other,City/Town,Near office complex,Not Applicable,No,Not Applicable,Others,Controlled,Others,City or Town Road,Bitumen(Tar),Dry,Engineering Defect of Road,Cloudy,20 FEET,cubbon road,2km,0.0,0.0,4,0,0.0,4.0
Bengaluru City,Shivajinagar Traffic PS,1.04432e+16,2017,1,2,Road Accidents,Junction,City/Town,Open area,Human Error,No,Simple Injury,Rear end,Signal lights Automatic,Not Applicable,City or Town Road,Bitumen(Tar),Dry,Not Applicable,Clear,Cubbon Road,B R V Juncuton,2 KM,0.0,0.0,0,0,0.0,0.0
Bengaluru City,Shivajinagar Traffic PS,1.04432e+16,2017,1,2,Road Accidents,Junction,City/Town,Open area,Human Error,Yes,Grievous Injury,Hit pedal cyclist,Signal lights Automatic,Curve,City or Town Road,Bitumen(Tar),Dry,Not Applicable,Clear,KR CUBBON ROAD,CUBBON ROAD JUNCTION,1KM,12.97733751,77.60877367,0,0,0.0,0.0
Bengaluru City,Shivajinagar Traffic PS,1.04432e+16,2017,1,2,Road Accidents,Junction,City/Town,Open area,Human Error,Not Applicable,Grievous Injury,Hit parked vehicle,Signal lights Automatic,Not Applicable,City or Town Road,Bitumen(Tar),Not Applicable,Not Applicable,Clear,BRV JUNCTION,BRV JUNCTION,1KM,12.979168,77.602358,0,0,0.0,0.0
Bengaluru City,Shivajinagar Traffic PS,1.04432e+16,2017,1,2,Road Accidents,Cross roads,City/Town,Open area,Human Error,Yes,Simple Injury,Hit and Run,Controlled,Others,City or Town Road,Bitumen(Tar),Dry,Not Applicable,Fine,Cubbon Road,near main guard junction,2 km,12.980049,77.6074005,0,0,0.0,0.0
Bengaluru City,Shivajinagar Traffic PS,1.04432e+16,2017,1,2,Rail Road Accidents,Junction,City/Town,Open area,Human Error,No,Fatal,Hit pedal cyclist,Signal lights Automatic,Curve,City or Town Road,Bitumen(Tar),Dry,Not Applicable,Clear,KR ROAD AND CUBBON ROAD,KR ROAD JUNCTION,0.5,12.97733751,77.60877367,0,0,0.0,0.0
Bengaluru City,Shivajinagar Traffic PS,1.04432e+16,2017,1,2,Road Accidents,Circle,City/Town,Open area,Human Error,Yes,Simple Injury,Right Turn Collision,No signal lights,Curve,City or Town Road,Bitumen(Tar),Dry,Not Applicable,Clear,SHIVAJI CIRCLE,SHIVAJINAGAR BUS STOP,0.5,12.98459527,77.60167927,0,0,0.0,0.0
Bengaluru City,Shivajinagar Traffic PS,1.04432e+16,2017,1,2,Road Accidents,Cross roads,City/Town,In bazaar,Human Error,No,Simple Injury,Right Turn Collision,Controlled,Others,City or Town Road,Bitumen(Tar),Dry,No influence on accident,Clear,QUEENS ROAD,KPPC Office,10,12.98399382,77.59791969,0,0,0.0,0.0
Bengaluru City,Shivajinagar Traffic PS,1.04432e+16,2017,1,2,Road Accidents,Other,City/Town,Near Bus stop,Human Error,No,Grievous Injury,Rear end,Controlled,Incline,City or Town Road,Bitumen(Tar),Dry,Not Applicable,Clear,Shivajinagar BMTC Bus stand,BMTC Office,50 MT,12.983683,77.603503,0,0,0.0,0.0
Bengaluru City,Shivajinagar Traffic PS,1.04432e+16,2017,1,1,Road Accidents,Cross roads,City/Town,Near office complex,Vehicle Defect,Yes,Simple Injury,Hit and Run,Controlled,Others,City or Town Road,Bitumen(Tar),Dry,No influence on accident,Clear,inf front Venson Travels,Venstion Travels,00 km,12.97793557,77.60662692,0,0,0.0,0.0
Bengaluru City,Shivajinagar Traffic PS,1.04432e+16,2017,1,2,Road Accidents,Cross roads,City/Town,Near office complex,Human Error,No,Simple Injury,Right Turn Collision,Controlled,Curve,City or Town Road,Bitumen(Tar),Dry,No influence on accident,Clear,main gaurd cross road,military office,0.5 KM,12.980049,77.6074005,0,0,0.0,0.0
Bengaluru City,Shivajinagar Traffic PS,1.04432e+16,2017,1,1,Road Accidents,Junction,City/Town,Open area,Human Error,No,Fatal,Hit pedestrian,Signal lights Automatic,Curve,City or Town Road,Bitumen(Tar),Dry,Not Applicable,Clear,BRV JUCTION,B R V Juncuton,1 KM,0.0,0.0,0,0,0.0,0.0
Bengaluru City,Shivajinagar Traffic PS,1.04432e+16,2017,1,1,Road Accidents,Junction,City/Town,Open area,Human Error,No,Simple Injury,Hit pedestrian,Signal lights Automatic,Not Applicable,City or Town Road,Bitumen(Tar),Dry,Not Applicable,Clear,Dispensary Road,Dickenson Circle,1.5 kM,0.0,0.0,0,0,0.0,0.0
Bengaluru City,Shivajinagar Traffic PS,1.04432e+16,2017,1,1,Road Accidents,Curves,City/Town,Near Bus stop,Human Error,No,Simple Injury,Hit pedestrian,Controlled,Curve,City or Town Road,Concrete,Dry,Not Applicable,Clear,Shivajinagar BMTC Bus Stand,BMTC Bus stand,00 km,12.9837224,77.6036621,0,0,0.0,0.0
Bengaluru City,Shivajinagar Traffic PS,1.04432e+16,2017,1,2,Road Accidents,Junction,City/Town,Open area,Human Error,No,Simple Injury,Others,Signal lights Automatic,Curve,City or Town Road,Bitumen(Tar),Dry,Not Applicable,Clear,KR ROAD AND CUBBON ROAD,KAMARAJ ROAD,0.5KM,12.97733751,77.60877367,0,0,0.0,0.0
Bengaluru City,Shivajinagar Traffic PS,1.04432e+16,2017,1,2,Road Accidents,Cross roads,City/Town,Near office complex,Human Error,No,Simple Injury,Head on,Controlled,Curve,City or Town Road,Bitumen(Tar),Dry,No influence on accident,Clear,BRV JUNCTION,MILITORY CONTEEN,0.5 KM,12.97926516,77.6027416,0,0,0.0,0.0
Bengaluru City,Shivajinagar Traffic PS,1.04432e+16,2017,1,2,Road Accidents,Cross roads,City/Town,Near a religious place,Human Error,Yes,Simple Injury,Hit and Run,No signal lights,Curve,City or Town Road,Bitumen(Tar),Dry,Not Applicable,Clear,Gangadhara chetty road,sitaram mandira,0.2 km,12.981477,77.613184,0,0,0.0,0.0
Bengaluru City,Shivajinagar Traffic PS,1.04432e+16,2017,1,1,Road Accidents,Other,City/Town,Near Bus stop,Human Error,Yes,Simple Injury,Hit pedestrian,Controlled,Others,City or Town Road,Concrete,Dry,Not Applicable,Clear,Shivajinagar BMTC Bus Stand,BMTC Toilet,100 mt,12.983805,77.603145,0,0,0.0,0.0
Bengaluru City,Shivajinagar Traffic PS,1.04432e+16,2017,1,2,Road Accidents,Junction,City/Town,Open area,Human Error,No,Grievous Injury,Hit bicyclist,Signal lights Automatic,Not Applicable,City or Town Road,Bitumen(Tar),Dry,Not Applicable,Clear,Cubbon Road,B R V Juncuton,2 KM,0.0,0.0,0,0,0.0,0.0
Bengaluru City,Shivajinagar Traffic PS,1.04432e+16,2017,1,1,Road Accidents,Narrow road,City/Town,Residential area,Human Error,Yes,Grievous Injury,Hit pedestrian,Not at  Junction,Not Applicable,City or Town Road,Bitumen(Tar),Dry,Not Applicable,Clear,Selecte Hotel,Selecte Hotel,1 Km,0.0,0.0,0,0,0.0,0.0
Bengaluru City,Shivajinagar Traffic PS,1.04432e+16,2017,1,1,Road Accidents,Cross roads,City/Town,Residential area,Human Error,Not Applicable,Simple Injury,Others,Signal lights Automatic,Others,City or Town Road,Bitumen(Tar),Dry,Not Applicable,Clear,DICKENSON,DICKENSON ROAD,2KM,12.980851,77.610081,0,0,0.0,0.0
Bengaluru City,Shivajinagar Traffic PS,1.04432e+16,2017,1,1,Road Accidents,Narrow road,City/Town,Open area,Human Error,Yes,Grievous Injury,Hit pedestrian,Not at  Junction,Not Applicable,City or Town Road,Bitumen(Tar),Dry,Not Applicable,Clear,Furuit Street,Furuit Street,2 KM,0.0,0.0,0,0,0.0,0.0
Bengaluru City,Shivajinagar Traffic PS,1.04432e+16,2017,1,1,Road Accidents,Cross roads,City/Town,In bazaar,Human Error,Yes,Simple Injury,Hit and Run,Not at  Junction,Not Applicable,City or Town Road,Bitumen(Tar),Dry,No influence on accident,Clear,Dispansary road,BBMP Office,5,0.0,0.0,0,0,0.0,0.0
Bengaluru City,Shivajinagar Traffic PS,1.04432e+16,2017,1,1,Road Accidents,Narrow road,City/Town,Residential area,Human Error,Yes,Grievous Injury,Hit pedestrian,Not at  Junction,Not Applicable,City or Town Road,Bitumen(Tar),Dry,Not Applicable,Clear,SHIVAJI ROAD,SHIVAJI CIRCLE,1 KM,0.0,0.0,0,0,0.0,0.0
Bengaluru City,Shivajinagar Traffic PS,1.04432e+16,2017,1,2,Road Accidents,Narrow road,City/Town,Open area,Human Error,Yes,Damage Only,Hit and Run,Signal lights Manual,Others,City or Town Road,Bitumen(Tar),Dry,Not Applicable,Clear,Cubbon Road,BRV Juction,1.5 KM,12.9782387,77.6056664,0,0,0.0,0.0
Bengaluru City,Shivajinagar Traffic PS,1.04432e+16,2017,1,1,Rail Road Accidents,Junction,City/Town,Near Bus stop,Human Error,No,Simple Injury,Hit pedestrian,Signal lights Automatic,Curve,City or Town Road,Bitumen(Tar),Dry,Not Applicable,Clear,BALE KUNDRY CIRCLE,BALE KUNDRY CIRCLE BUS STOP,0.5,12.9842559,77.5970095,0,0,0.0,0.0
Bengaluru City,Shivajinagar Traffic PS,1.04432e+16,2017,1,2,Road Accidents,Narrow road,City/Town,Residential area,Human Error,Yes,Simple Injury,Hit bicyclist,Not at  Junction,Not Applicable,City or Town Road,Bitumen(Tar),Dry,Not Applicable,Clear,Infantry Road,Near Hindu Paper,2 KM,0.0,0.0,0,0,0.0,0.0
Bengaluru City,Shivajinagar Traffic PS,1.04432e+16,2017,1,1,Road Accidents,Other,City/Town,Residential area,Human Error,Yes,Simple Injury,Hit pedestrian,Not Applicable,Not Applicable,Residential Street,Bitumen(Tar),Dry,Not Applicable,Clear,"IN FRONT OF HOUSE NO-76/7, ARMY FAMILY QTRS",ARMY QTRS,0.5,12.9763182,77.6146556,0,0,0.0,0.0
Bengaluru City,Shivajinagar Traffic PS,1.04432e+16,2017,1,1,Road Accidents,Narrow road,City/Town,Open area,Human Error,Yes,Grievous Injury,Rear end,Not at  Junction,Not Applicable,City or Town Road,Bitumen(Tar),Dry,Not Applicable,Clear,Station Road,Near Bamboobazar Circle,500m,0.0,0.0,0,0,0.0,0.0
Bengaluru City,Shivajinagar Traffic PS,1.04432e+16,2017,1,1,Road Accidents,Circle,City/Town,In bazaar,Human Error,Yes,Simple Injury,Hit and Run,Controlled,Others,City or Town Road,Bitumen(Tar),Dry,No influence on accident,Clear,"HESPITAL ROAD, SELECT HOTEL CIRCLE",SELECET HOTEL,30 FT,12.982196,77.603451,0,0,0.0,0.0
Bengaluru City,Shivajinagar Traffic PS,1.04432e+16,2017,1,1,Road Accidents,Other,City/Town,In bazaar,Human Error,Yes,Simple Injury,Hit and Run,Controlled,Others,City or Town Road,Bitumen(Tar),Dry,Not Applicable,Clear,QUEENS ROAD,KPCC OFFICE,0.2 KM,12.988773,77.598952,0,0,0.0,0.0
Bengaluru City,Shivajinagar Traffic PS,1.04432e+16,2017,1,2,Road Accidents,Junction,City/Town,Near Bus stop,Human Error,Yes,Damage Only,Hit and Run,Controlled,Others,City or Town Road,Bitumen(Tar),Dry,No influence on accident,Clear,Supply depot,Supplu depot,30,12.977077,77.608857,0,0,0.0,0.0
Bengaluru City,Shivajinagar Traffic PS,1.04432e+16,2017,1,2,Road Accidents,Narrow road,City/Town,Residential area,Human Error,No,Simple Injury,Rear end,Not at  Junction,Not Applicable,City or Town Road,Bitumen(Tar),Dry,Not Applicable,Clear,Osburn Road,Osburn Road,2 KM,0.0,0.0,0,0,0.0,0.0
Bengaluru City,Shivajinagar Traffic PS,1.04432e+16,2017,1,2,Road Accidents,Junction,City/Town,Open area,Human Error,No,Simple Injury,Hit pedal cyclist,Signal lights Automatic,Not Applicable,City or Town Road,Bitumen(Tar),Dry,Not Applicable,Clear,Cubbon Road,B R V Juncuton,2 KM,12.978323,77.602513,0,0,0.0,0.0
Bengaluru City,Shivajinagar Traffic PS,1.04432e+16,2017,1,2,Road Accidents,Cross roads,City/Town,Near office complex,Not Applicable,No,Damage Only,Right Turn Collision,Controlled,Others,City or Town Road,Bitumen(Tar),Dry,Not Applicable,Clear,Cubbon road,Manik sha Ground,0.5 Km,12.977461,77.607613,0,0,0.0,0.0
Bengaluru City,Shivajinagar Traffic PS,1.04432e+16,2017,1,2,Road Accidents,Narrow road,City/Town,Open area,Human Error,No,Damage Only,Head on,Signal lights Automatic,Not Applicable,City or Town Road,Bitumen(Tar),Dry,Not Applicable,Clear,Queens Road,Near Kamala Bai School,1 Km,12.98399382,77.59791969,0,0,0.0,0.0
Bengaluru City,Shivajinagar Traffic PS,1.04432e+16,2017,1,2,Road Accidents,Junction,City/Town,Open area,Human Error,No,Grievous Injury,Others,Signal lights Automatic,Not Applicable,City or Town Road,Bitumen(Tar),Dry,Not Applicable,Clear,Cubbon Road,B R V Juncuton,2 KM,0.0,0.0,0,0,0.0,0.0
Bengaluru City,Shivajinagar Traffic PS,1.04432e+16,2018,1,1,Road Accidents,Junction,City/Town,Near Bus stop,Human Error,Yes,Simple Injury,Hit and Run,Controlled,Curve,City or Town Road,Bitumen(Tar),Dry,No influence on accident,Clear,"VSN ROAD, BALEKUNDRI CERCLE",LADY JAHANGER KOTHARI MOMERIAL HALLI,25,12.98428,77.597317,0,0,0.0,0.0
Bengaluru City,Shivajinagar Traffic PS,1.04432e+16,2018,1,3,Road Accidents,Junction,City/Town,Near office complex,Human Error,No,Simple Injury,Side swipe,Controlled,Others,City or Town Road,Bitumen(Tar),Dry,No influence on accident,Clear,Cubbon road,Hotel Empire,100 mt,12.979303,77.602419,0,0,0.0,0.0
Bengaluru City,Shivajinagar Traffic PS,1.04432e+16,2018,1,2,Road Accidents,Junction,City/Town,Open area,Human Error,No,Simple Injury,Right Turn Collision,Police / Manual,Others,City or Town Road,Bitumen(Tar),Dry,No influence on accident,Clear,Cubbon Road,BMTC No right Board,25,12.977891,77.606624,0,0,0.0,0.0
Bengaluru City,Shivajinagar Traffic PS,1.04432e+16,2018,1,2,Road Accidents,Narrow road,City/Town,Residential area,Human Error,Not Applicable,Damage Only,Others,Not at  Junction,Others,One way,Bitumen(Tar),Dry,Not Applicable,Clear,Gangadhar chetty road,RBANMS Ground,0.5 km,12.981123,77.613942,0,0,0.0,0.0
Bengaluru City,Shivajinagar Traffic PS,1.04432e+16,2018,1,1,Road Accidents,Cross roads,City/Town,In bazaar,Human Error,Yes,Simple Injury,Hit and Run,Not at  Junction,Hump,City or Town Road,Concrete,Dry,No influence on accident,Clear,New Market Road,Just Burn Baby Shop,5 m,12.987733,77.605345,0,0,0.0,0.0
Bengaluru City,Shivajinagar Traffic PS,1.04432e+16,2018,1,2,Road Accidents,Junction,City/Town,In bazaar,Human Error,No,Grievous Injury,Rear end,Controlled,Others,City or Town Road,Bitumen(Tar),Dry,No influence on accident,Clear,CENTRAL STREET ROAD,EMPIRE HOTEL,65,12.979443,77.602525,0,0,0.0,0.0
Bengaluru City,Shivajinagar Traffic PS,1.04432e+16,2018,1,1,Road Accidents,Narrow road,City/Town,Near a religious place,Not Applicable,Yes,Simple Injury,Hit and Run,Not Applicable,Others,City or Town Road,Bitumen(Tar),Dry,Not Applicable,Clear,Chikkabazar Road,Near busstop,0.5 km,12.984868,77.60235,0,0,0.0,0.0
Bengaluru City,Shivajinagar Traffic PS,1.04432e+16,2018,1,2,Road Accidents,Cross roads,City/Town,Near Bus stop,Human Error,Yes,Grievous Injury,Hit and Run,Controlled,Others,City or Town Road,Bitumen(Tar),Dry,No influence on accident,Clear,Queens Road,Ganapathi temple,250,12.991341,77.599874,0,0,0.0,0.0
Bengaluru City,Shivajinagar Traffic PS,1.04432e+16,2018,1,1,Road Accidents,Junction,City/Town,Residential area,Human Error,Not Applicable,Fatal,Others,No signal lights,Others,Arterial,Bitumen(Tar),Dry,Not Applicable,Clear,Infantry Road,Near Hindu Press,1.5 km,12.982075,77.598875,0,0,0.0,0.0
Bengaluru City,Shivajinagar Traffic PS,1.04432e+16,2018,1,2,Road Accidents,T Junction,City/Town,Near School or College,Not Applicable,Not Applicable,Grievous Injury,Others,No signal lights,Others,City or Town Road,Bitumen(Tar),Dry,Not Applicable,Fine,gangadharchetty road,Near RBANMS Ground,1.5 Km,12.981421,77.6133,0,0,0.0,0.0
Bengaluru City,Shivajinagar Traffic PS,1.04432e+16,2018,1,2,Road Accidents,Circle,City/Town,Near Hospital,Human Error,Not Applicable,Simple Injury,Right Turn Collision,No signal lights,Steep Incline or Climb,One way,Bitumen(Tar),Dry,Not Applicable,Clear,select Circle,Near Imprial Hotel,1.5 km,12.9822,77.603455,0,0,0.0,0.0
Bengaluru City,Shivajinagar Traffic PS,1.04432e+16,2018,1,1,Road Accidents,Cross roads,City/Town,Open area,Human Error,No,Damage Only,Others,Controlled,Incline,City or Town Road,Bitumen(Tar),Dry,No influence on accident,Clear,Cubbon road,Manic Sha parade ground,10 m,12.977769,77.606542,0,0,0.0,0.0
Bengaluru City,Shivajinagar Traffic PS,1.04432e+16,2018,1,1,Road Accidents,Circle,City/Town,Near Bus stop,Human Error,Yes,Simple Injury,Hit and Run,Controlled,Others,City or Town Road,Bitumen(Tar),Dry,No influence on accident,Clear,Balekundri Circle,Queens Road Bord,10,12.984404,77.59724,0,0,0.0,0.0
Bengaluru City,Shivajinagar Traffic PS,1.04432e+16,2018,1,2,Road Accidents,Junction,City/Town,In bazaar,Human Error,No,Damage Only,Overturning,Controlled,Others,City or Town Road,Bitumen(Tar),Dry,Not Applicable,Clear,Dispencary Road,Tree,23,12.980975,77.609985,0,0,0.0,0.0
Bengaluru City,Shivajinagar Traffic PS,1.04432e+16,2018,1,2,Road Accidents,Curves,City/Town,Near Hospital,Vehicle Defect,No,Simple Injury,Right Turn Collision,Not at  Junction,Straight and flat,Others,Bitumen(Tar),Dry,Not Applicable,Clear,"Oph Road ,near Bowring Hospital",Near kamat hotel,0,12.982021,77.605705,0,0,0.0,0.0
Bengaluru City,Shivajinagar Traffic PS,1.04432e+16,2018,1,2,Road Accidents,Other,City/Town,Near Hospital,Not Applicable,Yes,Simple Injury,Hit and Run,Give way sign,Straight and flat,City or Town Road,Bitumen(Tar),Dry,Not Applicable,Clear,Venkataswamynaidu Road,Near Gosha Hospital,1.5 km,12.984045,77.599529,0,0,0.0,0.0
Bengaluru City,Shivajinagar Traffic PS,1.04432e+16,2018,1,2,Road Accidents,Other,City/Town,Open area,Not Applicable,Not Applicable,Fatal,Others,Not at  Junction,Others,City or Town Road,Bitumen(Tar),Dry,Not Applicable,Clear,Cubbon road,Near Military officers Gate,2 Kms,12.976397,77.611001,0,0,0.0,0.0
Bengaluru City,Shivajinagar Traffic PS,1.04432e+16,2018,1,2,Road Accidents,Junction,City/Town,Near office complex,Human Error,No,Damage Only,Others,Controlled,Incline,City or Town Road,Bitumen(Tar),Dry,No influence on accident,Clear,Cubbon Road,Central Street Borad,50,12.979187,77.60244,0,0,0.0,0.0
Bengaluru City,Shivajinagar Traffic PS,1.04432e+16,2018,1,1,Road Accidents,Other,City/Town,Near office complex,Human Error,No,Simple Injury,Others,Controlled,Others,City or Town Road,Bitumen(Tar),Dry,No influence on accident,Clear,Cobbon road,HAR Corporate Office,100 m,12.98068,77.598366,0,0,0.0,0.0
Bengaluru City,Shivajinagar Traffic PS,1.04432e+16,2018,1,2,Road Accidents,Other,City/Town,Near office complex,Human Error,Yes,Simple Injury,Hit and Run,Controlled,Others,City or Town Road,Bitumen(Tar),Dry,No influence on accident,Clear,Venkataswamy Naidu road,Ramada Hotel,10 Ft,12.984328,77.600343,0,0,0.0,0.0
Bengaluru City,Shivajinagar Traffic PS,1.04432e+16,2018,1,1,Road Accidents,Junction,City/Town,Near Bus stop,Human Error,Yes,Grievous Injury,Hit and Run,No signal lights,Curve,City or Town Road,Bitumen(Tar),Dry,Not Applicable,Clear,M K street,Near BMTC BUS Stop,1km,12.984083,77.603546,0,0,0.0,0.0
Bengaluru City,Shivajinagar Traffic PS,1.04432e+16,2018,1,2,Road Accidents,Junction,City/Town,In bazaar,Human Error,Yes,Grievous Injury,Hit and Run,Uncontrolled,Others,Others,Bitumen(Tar),Dry,Not Applicable,Clear,seppings Road Qudrant Circle,Near Taj Hotel,1.5kms,12.98536,77.60693,0,0,0.0,0.0
Bengaluru City,Shivajinagar Traffic PS,1.04432e+16,2019,1,1,Road Accidents,Not Applicable,City/Town,Residential area,Human Error,No,Grievous Injury,Hit pedestrian,Not at  Junction,Others,Residential Street,Bitumen(Tar),Dry,Not Applicable,Clear,"Eidden Park Hotel, Cunningham road",Hidden Park Hotel,1 Km,12.983286,77.598595,0,0,0.0,0.0
Bengaluru City,Shivajinagar Traffic PS,1.04432e+16,2019,1,2,Road Accidents,Narrow road,City/Town,Open area,Human Error,Not Applicable,Grievous Injury,Vehicle to Vehicle,Not at  Junction,Straight and flat,Arterial,Bitumen(Tar),Dry,Not Applicable,Clear,Cubbon Road,Near Signal Center,1.5km,0.0,0.0,0,0,0.0,0.0
Bengaluru City,Shivajinagar Traffic PS,1.04432e+16,2019,1,2,Road Accidents,Junction,City/Town,Near office complex,Human Error,Yes,Fatal,Vehicle to Vehicle,Not at  Junction,Straight and flat,Arterial,Bitumen(Tar),Dry,Not Applicable,Clear,Queens Road,Near Sanjevani Office,1km,0.0,0.0,0,0,0.0,0.0
Bengaluru City,Shivajinagar Traffic PS,1.04432e+16,2019,1,2,Road Accidents,Junction,City/Town,Open area,Vehicle Defect,No,Damage Only,Vehicle to Vehicle,Signal lights Blinking,Straight and flat,Others,Bitumen(Tar),Dry,Not Applicable,Clear,Main Guard Jn,Near Main Guard Jn,2 Km,12.977904,77.606638,0,0,0.0,0.0
Bengaluru City,Shivajinagar Traffic PS,1.04432e+16,2019,1,1,Road Accidents,Bottleneck,City/Town,Near Bus stop,Human Error,Yes,Simple Injury,Hit pedestrian,No signal lights,Slight Curve,Two way,Bitumen(Tar),Dry,Not Applicable,Clear,Central Street Road,Shivaji nagar Bus Stand,1km,0.0,0.0,0,0,0.0,0.0
Bengaluru City,Shivajinagar Traffic PS,1.04432e+16,2019,1,1,Road Accidents,Narrow road,City/Town,Open area,Human Error,No,Damage Only,Not Applicable,No signal lights,Straight and flat,Arterial,Bitumen(Tar),Dry,No influence on accident,Clear,Cubbon Road,Near Kariyyappa park,1.5 km,0.0,0.0,0,0,0.0,0.0
Bengaluru City,Shivajinagar Traffic PS,1.04432e+16,2019,1,2,Road Accidents,Junction,City/Town,Near office complex,Human Error,No,Simple Injury,Vehicle to Vehicle,Not at  Junction,Straight and flat,Arterial,Bitumen(Tar),Dry,Not Applicable,Clear,Cubbon Road,Near Main Gurd Cross Road Junction,2km,12.977719,77.606693,0,0,0.0,0.0
Bengaluru City,Shivajinagar Traffic PS,1.04432e+16,2019,1,1,Road Accidents,Narrow road,City/Town,Near Hospital,Human Error,Yes,Grievous Injury,Hit pedestrian,Uncontrolled,Straight and flat,One way,Bitumen(Tar),Dry,Not Applicable,Clear,Queens Road,Near ESI Hospital,1 km,12.986678,77.598225,0,0,0.0,0.0
Bengaluru City,Shivajinagar Traffic PS,1.04432e+16,2019,1,2,Road Accidents,Junction,City/Town,Open area,Vehicle Defect,No,Grievous Injury,Vehicle to Vehicle,Signal lights Automatic,Straight and flat,Arterial,Bitumen(Tar),Dry,Not Applicable,Clear,BRV Jn,Near BRV Ground,1.5 Km,12.979051,77.602333,0,0,0.0,0.0
Bengaluru City,Shivajinagar Traffic PS,1.04432e+16,2019,1,2,Road Accidents,Narrow road,City/Town,Residential area,Human Error,No,Grievous Injury,Vehicle to Vehicle,Not at  Junction,Straight and flat,Arterial,Bitumen(Tar),Dry,No influence on accident,Clear,Dickenson Road,Near Joyallukkas Jeweelllery,1.5kms,12.980121,77.612574,0,0,0.0,0.0
Bengaluru City,Shivajinagar Traffic PS,1.04432e+16,2019,1,1,Road Accidents,Not Applicable,City/Town,Near Hospital,Human Error,Yes,Fatal,Hit pedestrian,No signal lights,Straight and flat,Sub Arterial,Not Applicable,Dry,Not Applicable,Clear,Broadway Road,Near CSI Hospital,1km,0.0,0.0,0,0,0.0,0.0