DISTRICTNAME,UNITNAME,Crime_No,Year,RI,Noofvehicle_involved,Accident_Classification,Accident_Spot,Accident_Location,Accident_SubLocation,Main_Cause,Hit_Run,Severity,Collision_Type,Junction_Control,Road_Character,Road_Type,Surface_Type,Surface_Condition,Road_Condition,Weather,Accident_Road,Landmark_first,Distance_LandMark_First,Latitude,Longitude,Road_Condition_Score,Surface_Condition_Score,Surface_Type_Score,Road_Risk_Index
Bengaluru City,Shivajinagar Traffic PS,1.04432e+16,2019,1,2,Road Accidents,Narrow road,City/Town,In bazaar,Human Error,No,Simple Injury,Vehicle to Vehicle,Not at  Junction,Straight and flat,Sub Arterial,Bitumen(Tar),Dry,Not Applicable,Clear,Seppings Road,Near Taj Circle,1.5km,0.0,0.0,0,0,0.0,0.0
Bengaluru City,Shivajinagar Traffic PS,1.04432e+16,2019,1,2,Road Accidents,Cross roads,City/Town,Near office complex,Human Error,Not Applicable,Damage Only,Right Turn Collision,Signal lights Blinking,Not Applicable,One way,Bitumen(Tar),Dry,Not Applicable,Clear,Queens Road,Near sanjevani office,1 km,12.988266,77.598801,0,0,0.0,0.0
Bengaluru City,Shivajinagar Traffic PS,1.04432e+16,2019,1,1,Road Accidents,Narrow road,City/Town,Near Bus stop,Vehicle Defect,Yes,Grievous Injury,Hit pedestrian,Not at  Junction,Straight and flat,Arterial,Bitumen(Tar),Dry,No influence on accident,Clear,Cubbon Road,Near Kariyappa Colony,1.5 Km,12.975607,77.613336,0,0,0.0,0.0
Bengaluru City,Shivajinagar Traffic PS,1.04432e+16,2019,1,1,Road Accidents,Narrow road,City/Town,Near Hospital,Human Error,Yes,Simple Injury,Hit pedestrian,Not at  Junction,Straight and flat,Sub Arterial,Bitumen(Tar),Dry,Not Applicable,Others,V S N Road,Near Gosha Hospital,1.5 km,12.984044,77.598794,0,0,0.0,0.0
Bengaluru City,Shivajinagar Traffic PS,1.04432e+16,2019,1,1,Road Accidents,Not Applicable,City/Town,Near Bus stop,Human Error,No,Fatal,Hit pedestrian,Not at  Junction,Straight and flat,Others,Concrete,Dry,Not Applicable,Clear,Shivajinagar Bus Stand,Shivajinagar Bus Statnd,1km,0.0,0.0,0,0,0.0,0.0
Bengaluru City,Shivajinagar Traffic PS,1.04432e+16,2019,1,1,Road Accidents,Junction,City/Town,Near Hospital,Human Error,Yes,Grievous Injury,Hit pedestrian,Signals (Working),Slight Curve,Arterial,Bitumen(Tar),Dry,Not Applicable,Clear,V S N Road,Near lady Memorial Kothari Memorial Hall,1.5km,0.0,0.0,0,0,0.0,0.0
Bengaluru City,Shivajinagar Traffic PS,1.04432e+16,2019,1,2,Road Accidents,Narrow road,City/Town,Near office complex,Human Error,No,Simple Injury,Vehicle to Vehicle,No signal lights,Straight and flat,Arterial,Bitumen(Tar),Dry,Not Applicable,Clear,Cubbon Road,Near Signal Center Office,2km,0.0,0.0,0,0,0.0,0.0
Bengaluru City,Shivajinagar Traffic PS,1.04432e+16,2019,1,2,Road Accidents,Not Applicable,City/Town,Open area,Human Error,Yes,Fatal,Vehicle to Vehicle,Not at  Junction,Straight and flat,Arterial,Bitumen(Tar),Dry,Not Applicable,Clear,Cubbon Road,Near Army Supply Depot,2 km,0.0,0.0,0,0,0.0,0.0
Bengaluru City,Shivajinagar Traffic PS,1.04432e+16,2019,1,2,Road Accidents,Circle,City/Town,In bazaar,Vehicle Defect,Not Applicable,Grievous Injury,Vehicle to Vehicle,Controlled,Straight and flat,Sub Arterial,Bitumen(Tar),Dry,Not Applicable,Clear,Taj Circle,Near Taj Hotel,1.5 Km,12.985344,77.607028,0,0,0.0,0.0
Bengaluru City,Shivajinagar Traffic PS,1.04432e+16,2019,1,2,Road Accidents,Narrow road,City/Town,Near Bus stop,Vehicle Defect,No,Grievous Injury,Vehicle to Vehicle,Not at  Junction,Others,Arterial,Bitumen(Tar),Dry,No influence on accident,Clear,Queens Road,Near  Sanjevani,1 kms,12.988247,77.5988,0,0,0.0,0.0
Bengaluru City,Shivajinagar Traffic PS,1.04432e+16,2019,1,2,Road Accidents,Narrow road,City/Town,Near a religious place,Vehicle Defect,Yes,Simple Injury,Vehicle to Vehicle,Not at  Junction,Others,Residential Street,Bitumen(Tar),Dry,No influence on accident,Clear,Meenaskshi Koil Street,M K Street,1.5 km,12.984054,77.604801,0,0,0.0,0.0
Bengaluru City,Shivajinagar Traffic PS,1.04432e+16,2019,1,2,Road Accidents,Narrow road,City/Town,Near Bus stop,Human Error,No,Fatal,Hit pedestrian,No signal lights,Hump,Others,Concrete,Dry,Not Applicable,Clear,Shivajinagar Bus Stand,Shivajinagar Bus Stand,1.5 km,12.982283,77.60276,0,0,0.0,0.0
Bengaluru City,Shivajinagar Traffic PS,1.04432e+16,2019,1,1,Road Accidents,Narrow road,City/Town,Residential area,Human Error,No,Fatal,Not Applicable,No signal lights,Straight and flat,Residential Street,Bitumen(Tar),Dry,Not Applicable,Clear,Narayana Pillai Street,Near Ashirvadam Enterprises,2 kms,12.984103,77.608776,0,0,0.0,0.0
Bengaluru City,Shivajinagar Traffic PS,1.04432e+16,2019,1,2,Road Accidents,Junction,City/Town,At pedestrian Crossing,Human Error,No,Damage Only,Vehicle to Vehicle,Signal lights Automatic,Straight and flat,Arterial,Bitumen(Tar),Dry,Not Applicable,Clear,Safina Plaza Junction,Near safina Plaza,1.5 km,12.97928,77.607091,0,0,0.0,0.0
Bengaluru City,Shivajinagar Traffic PS,1.04432e+16,2019,1,2,Road Accidents,Narrow road,City/Town,Near Hospital,Vehicle Defect,No,Grievous Injury,Vehicle to Vehicle,Not at  Junction,Straight and flat,Sub Arterial,Bitumen(Tar),Dry,No influence on accident,Clear,V S N Road,Near Gosha Hospital,1km,12.984176,77.599366,0,0,0.0,0.0
Bengaluru City,Shivajinagar Traffic PS,1.04432e+16,2019,1,1,Road Accidents,Junction,City/Town,Open area,Human Error,Yes,Fatal,Hit pedestrian,Signal lights Automatic,Curve and Incline,Arterial,Bitumen(Tar),Dry,Not Applicable,Clear,V S N Road,Lady jangeer Kothari Memorial Hall,1km,12.984305,77.59737,0,0,0.0,0.0
Bengaluru City,Shivajinagar Traffic PS,1.04432e+16,2019,1,2,Road Accidents,Narrow road,City/Town,Residential area,Human Error,No,Grievous Injury,Vehicle to Vehicle,Not Applicable,Straight and flat,Residential Street,Bitumen(Tar),Dry,Not Applicable,Clear,kamraja road,near vitoba temple,2 km,12.983656,77.611062,0,0,0.0,0.0
Bengaluru City,Shivajinagar Traffic PS,1.04432e+16,2019,1,2,Road Accidents,Junction,City/Town,Open area,Human Error,Not Applicable,Damage Only,Vehicle to Vehicle,Signal lights Automatic,Straight and flat,Arterial,Bitumen(Tar),Dry,Not Applicable,Clear,Cubbon Road,Near Army Canteen,1.5 km,12.979149,77.602406,0,0,0.0,0.0
Bengaluru City,Shivajinagar Traffic PS,1.04432e+16,2019,1,2,Road Accidents,Narrow road,City/Town,Near School or College,Human Error,Not Applicable,Grievous Injury,Vehicle to Vehicle,No signal lights,Straight and flat,Others,Bitumen(Tar),Dry,Not Applicable,Clear,Kamaraja road,Near military Qtrs,1kms,12.979573,77.609615,0,0,0.0,0.0
Bengaluru City,Shivajinagar Traffic PS,1.04432e+16,2019,1,2,Road Accidents,Narrow road,City/Town,Open area,Vehicle Defect,No,Grievous Injury,Vehicle to Vehicle,Give way sign,Others,Arterial,Bitumen(Tar),Dry,No influence on accident,Clear,Cubbon Road,Near Army Supply Depot,1.5 km,12.977688,77.607284,0,0,0.0,0.0
Bengaluru City,Shivajinagar Traffic PS,1.04432e+16,2019,1,1,Road Accidents,Narrow road,City/Town,Near a religious place,Not Applicable,Yes,Grievous Injury,Hit pedestrian,No signal lights,Straight and flat,Others,Bitumen(Tar),Dry,Not Applicable,Clear,M K Street,M K Street,1km,12.98413,77.604606,0,0,0.0,0.0
Bengaluru City,Shivajinagar Traffic PS,1.04432e+16,2019,1,2,Road Accidents,Junction,City/Town,Open area,Vehicle Defect,Not Applicable,Damage Only,Vehicle to Vehicle,Signal lights Automatic,Straight and flat,Sub Arterial,Bitumen(Tar),Dry,No influence on accident,Clear,Cubbon Road,kamaraja road Jn,1.5 km,12.97716,77.608755,0,0,0.0,0.0
Bengaluru City,Shivajinagar Traffic PS,1.04432e+16,2019,1,2,Road Accidents,Bottleneck,City/Town,Residential area,Human Error,Yes,Grievous Injury,Vehicle to Vehicle,No signal lights,Slight Curve,Sub Arterial,Bitumen(Tar),Dry,Not Applicable,Clear,Dickenson Road,Near Dhobighat Jn,2 km,12.980839,77.614482,0,0,0.0,0.0
Bengaluru City,Shivajinagar Traffic PS,1.04432e+16,2020,1,1,Road Accidents,Narrow road,City/Town,Near Bus stop,Human Error,No,Damage Only,Not Applicable,Not at  Junction,Straight and flat,Sub Arterial,Bitumen(Tar),Dry,Construction Work / Material,Clear,Mennakshi Koil Street,Near Shivajinagar Bus Stop,1.5km,12.984228,77.60295,2,0,0.0,2.0
Bengaluru City,Shivajinagar Traffic PS,1.04432e+16,2020,1,1,Road Accidents,Not Applicable,City/Town,Open area,Human Error,No,Simple Injury,Not Applicable,Not at  Junction,Straight and flat,Arterial,Bitumen(Tar),Dry,Not Applicable,Clear,Cubbon Road,Near Military Officesr Mess,2.5 KM,0.0,0.0,0,0,0.0,0.0
Bengaluru City,Shivajinagar Traffic PS,1.04432e+16,2020,1,1,Road Accidents,Narrow road,City/Town,In bazaar,Human Error,No,Simple Injury,Hit pedestrian,Not at  Junction,Straight and flat,One way,Concrete,Dry,Not Applicable,Clear,D K Street,Near Taj Circle,1,0.0,0.0,0,0,0.0,0.0
Bengaluru City,Shivajinagar Traffic PS,1.04432e+16,2020,1,2,Road Accidents,Junction,City/Town,Near Hospital,Human Error,Yes,Simple Injury,Vehicle to Vehicle,Signal lights Automatic,Straight and flat,Arterial,Bitumen(Tar),Dry,No influence on accident,Clear,Queens Road,Near Vetarnary Hospital,1km,0.0,0.0,0,0,0.0,0.0
Bengaluru City,Shivajinagar Traffic PS,1.04432e+16,2020,1,2,Road Accidents,Narrow road,City/Town,Near office complex,Human Error,Yes,Simple Injury,Vehicle to Vehicle,Not at  Junction,Straight and flat,Sub Arterial,Bitumen(Tar),Dry,No influence on accident,Clear,Infantry Road,Near Chaipoint,1.5,0.0,0.0,0,0,0.0,0.0
Bengaluru City,Shivajinagar Traffic PS,1.04432e+16,2020,1,1,Road Accidents,Narrow road,City/Town,Residential area,Road Environment Defect,No,Fatal,Not Applicable,Not at  Junction,Straight and flat,Residential Street,Bitumen(Tar),Others,Not Applicable,Clear,Narayana Pillai Street,Near Saibaba Temple,1.5km,0.0,0.0,0,1,0.0,1.0
Bengaluru City,Shivajinagar Traffic PS,1.04432e+16,2020,1,2,Road Accidents,Circle,City/Town,Near a religious place,Human Error,Yes,Simple Injury,Vehicle to Vehicle,No signal lights,Straight and flat,Sub Arterial,Bitumen(Tar),Dry,Not Applicable,Wind,Gangadhar Chetty  Road,Near RBANMS Ground,1.5kms,0.0,0.0,0,0,0.0,0.0
Bengaluru City,Shivajinagar Traffic PS,1.04432e+16,2020,1,2,Road Accidents,Junction,City/Town,Open area,Human Error,Not Applicable,Simple Injury,Vehicle to Vehicle,Signal lights Automatic,Straight and flat,Arterial,Bitumen(Tar),Dry,Not Applicable,Clear,Cubbon Road & Kamaraja Road Jn,Near Manikshaw Parede Ground,2,0.0,0.0,0,0,0.0,0.0
Bengaluru City,Shivajinagar Traffic PS,1.04432e+16,2020,1,2,Road Accidents,Not Applicable,City/Town,Open area,Human Error,No,Simple Injury,Vehicle to Vehicle,Not at  Junction,Straight and flat,Arterial,Bitumen(Tar),Dry,Not Applicable,Clear,Cubbon Road,Near HAL Corporate Office,1.5 KM,0.0,0.0,0,0,0.0,0.0
Bengaluru City,Shivajinagar Traffic PS,1.04432e+16,2020,1,2,Road Accidents,Junction,City/Town,Residential area,Human Error,No,Simple Injury,Vehicle to Vehicle,No signal lights,Curve,Sub Arterial,Bitumen(Tar),Dry,No influence on accident,Clear,Queens Road,Near Edward Road Junction,1.5Km,12.985194,77.597561,0,0,0.0,0.0
Bengaluru City,Shivajinagar Traffic PS,1.04432e+16,2020,1,4,Road Accidents,Junction,City/Town,Open area,Human Error,No,Damage Only,Vehicle to Vehicle,Signal lights Automatic,Straight and flat,Arterial,Bitumen(Tar),Dry,Not Applicable,Clear,Cubbon Road,Near BRV Jn,1.5 KM,0.0,0.0,0,0,0.0,0.0
Bengaluru City,Shivajinagar Traffic PS,1.04432e+16,2020,1,2,Road Accidents,Not Applicable,City/Town,Open area,Human Error,No,Simple Injury,Vehicle to Vehicle,Not at  Junction,Straight and flat,Arterial,Bitumen(Tar),Dry,Not Applicable,Clear,Cubbon Road,Near Signal Center,1.5,12.978326,77.604969,0,0,0.0,0.0
Bengaluru City,Shivajinagar Traffic PS,1.04432e+16,2020,1,2,Road Accidents,Narrow road,City/Town,In bazaar,Vehicle Defect,No,Damage Only,Vehicle to Vehicle,No signal lights,Straight and flat,Sub Arterial,Bitumen(Tar),Dry,No influence on accident,Clear,Commercial Street,Near Anchal,1.5 KM,0.0,0.0,0,0,0.0,0.0
Bengaluru City,Shivajinagar Traffic PS,1.04432e+16,2020,1,2,Road Accidents,Narrow road,City/Town,Open area,Human Error,Yes,Simple Injury,Vehicle to Vehicle,Not at  Junction,Straight and flat,Arterial,Bitumen(Tar),Dry,Not Applicable,Clear,Queens Road,Near mastan Decor,1,0.0,0.0,0,0,0.0,0.0
Bengaluru City,Shivajinagar Traffic PS,1.04432e+16,2020,1,2,Road Accidents,Junction,City/Town,Open area,Human Error,Yes,Simple Injury,Vehicle to Vehicle,Signal lights Blinking,Straight and flat,Arterial,Bitumen(Tar),Dry,Not Applicable,Clear,Cobbon Road,Main Guard Junction,1.5,0.0,0.0,0,0,0.0,0.0
Bengaluru City,Shivajinagar Traffic PS,1.04432e+16,2021,1,1,Road Accidents,Junction,City/Town,Near office complex,Human Error,No,Fatal,Hit pedestrian,No signal lights,Not Applicable,Two way,Bitumen(Tar),Dry,Not Applicable,Clear,CUBBON ROAD,OPP MILITRY PRO OFFICE,1 KM,12.977865,77.606738,0,0,0.0,0.0
Bengaluru City,Shivajinagar Traffic PS,1.04432e+16,2021,1,2,Road Accidents,Curves,City/Town,Open area,Human Error,No,Grievous Injury,Vehicle to Vehicle,No signal lights,Straight and flat,Arterial,Bitumen(Tar),Dry,Not Applicable,Clear,Cubbon Road,Near K K Sub Area,1.5 km,0.0,0.0,0,0,0.0,0.0
Bengaluru City,Shivajinagar Traffic PS,1.04432e+16,2021,1,2,Road Accidents,Junction,City/Town,Near Hospital,Human Error,No,Fatal,Vehicle to Vehicle,Police / Manual,Others,Sub Arterial,Bitumen(Tar),Dry,Not Applicable,Clear,INFENTRY ROAD AND LADY CURZON ROAD JUNCTION,OPP RAHUL FURNICUTURE,1KM,0.0,0.0,0,0,0.0,0.0
Bengaluru City,Shivajinagar Traffic PS,1.04432e+16,2021,1,2,Road Accidents,Curves,City/Town,Near Hospital,Human Error,No,Damage Only,Vehicle to Vehicle,Not Applicable,Curve,Others,Bitumen(Tar),Dry,Not Applicable,Clear,VENKATASWAMY NAIDU ROAD,NEAR HAJI ISMAIL HOSPITAL,1.5KM,12.984006,77.59802,0,0,0.0,0.0
Bengaluru City,Shivajinagar Traffic PS,1.04432e+16,2021,1,2,Road Accidents,Junction,City/Town,At pedestrian Crossing,Human Error,No,Simple Injury,Vehicle to Vehicle,Signal lights Automatic,Straight and flat,Arterial,Bitumen(Tar),Dry,No influence on accident,Clear,BRV Junction Cubbon Road,Near BRV canteen,2kms,0.0,0.0,0,0,0.0,0.0
Bengaluru City,Shivajinagar Traffic PS,1.04432e+16,2021,1,2,Road Accidents,Junction,City/Town,Open area,Human Error,Yes,Simple Injury,Vehicle to Vehicle,Signal lights Blinking,Straight and flat,Arterial,Bitumen(Tar),Dry,Not Applicable,Fog / Mist,Cubbon Road,Near Main Guard Cross Road Junction,1.5KM,0.0,0.0,0,0,0.0,0.0
Bengaluru City,Shivajinagar Traffic PS,1.04432e+16,2021,1,2,Road Accidents,Junction,City/Town,Open area,Human Error,No,Damage Only,Vehicle to Vehicle,Signal lights Manual,Straight and flat,Arterial,Bitumen(Tar),Dry,Not Applicable,Clear,Cubbon Road,B R V Junction,1.5 KM,0.0,0.0,0,0,0.0,0.0
Bengaluru City,Shivajinagar Traffic PS,1.04432e+16,2021,1,2,Road Accidents,Narrow road,City/Town,Near office complex,Human Error,Yes,Simple Injury,Vehicle to Vehicle,No signal lights,Straight and flat,Arterial,Bitumen(Tar),Dry,Construction Work / Material,Clear,Queens Road,Near Congress Office,1.5 KM,0.0,0.0,2,0,0.0,2.0
Bengaluru City,Shivajinagar Traffic PS,1.04432e+16,2021,1,2,Road Accidents,Junction,City/Town,Near office complex,Human Error,No,Grievous Injury,Vehicle to Vehicle,No signal lights,Others,One way,Bitumen(Tar),Dry,Not Applicable,Clear,CUBBAN ROAD,NEAR TAYOTA CAR SHOWROOM,1 KM,12.985169,77.597549,0,0,0.0,0.0
Bengaluru City,Shivajinagar Traffic PS,1.04432e+16,2021,1,2,Road Accidents,Narrow road,City/Town,Near office complex,Human Error,No,Fatal,Vehicle to Vehicle,Not at  Junction,Straight and flat,Arterial,Bitumen(Tar),Dry,No influence on accident,Clear,Near Army Supply Depot Cubbon Road,Near  Army Supply Depot Office,2 kms,0.0,0.0,0,0,0.0,0.0
Bengaluru City,Shivajinagar Traffic PS,1.04432e+16,2021,1,2,Road Accidents,Junction,City/Town,Open area,Human Error,Not Applicable,Damage Only,Vehicle to Vehicle,Signal lights Automatic,Straight and flat,Arterial,Bitumen(Tar),Dry,Not Applicable,Clear,Kamaraj Road & Cubbon Road Junction,Near Army Supply Depo,1.5 Km,0.0,0.0,0,0,0.0,0.0
Bengaluru City,Shivajinagar Traffic PS,1.04432e+16,2022,1,2,Road Accidents,Junction,City/Town,Near office complex,Human Error,Yes,Simple Injury,Vehicle to Vehicle,No signal lights,Not Applicable,One way,Bitumen(Tar),Dry,Not Applicable,Clear,INFENTRY ROAD,NEAR UNIAN STREET,1 KM,0.0,0.0,0,0,0.0,0.0
Bengaluru City,Shivajinagar Traffic PS,1.04432e+16,2022,1,1,Road Accidents,Junction,City/Town,Near office complex,Human Error,No,Simple Injury,Not Applicable,Police / Manual,Others,One way,Bitumen(Tar),Dry,No influence on accident,Clear,QUEENS ROADS,KPCC OFFICE,1KM,12.98827,77.598788,0,0,0.0,0.0
Bengaluru City,Shivajinagar Traffic PS,1.04432e+16,2022,1,2,Road Accidents,Junction,City/Town,Near office complex,Human Error,No,Simple Injury,Not Applicable,Controlled,Not Applicable,Two way,Bitumen(Tar),Dry,Not Applicable,Clear,LADY CURZON AND INFENTRY ROAD,NEAR LADY CURZON ROAD,1 KM,12.980368,77.603904,0,0,0.0,0.0
Bengaluru City,Shivajinagar Traffic PS,1.04432e+16,2022,1,1,Road Accidents,Junction,City/Town,Near office complex,Human Error,No,Simple Injury,Not Applicable,Police / Manual,Not Applicable,Sub Arterial,Bitumen(Tar),Dry,Not Applicable,Clear,SEN JHON MARKS ROAD,OPP NAGAMMA TEMPLE,2 KM,0.0,0.0,0,0,0.0,0.0
Bengaluru City,Shivajinagar Traffic PS,1.04432e+16,2022,1,2,Road Accidents,Junction,City/Town,Residential area,Human Error,Yes,Grievous Injury,Vehicle to Vehicle,Not Applicable,Curve,Residential Street,Bitumen(Tar),Dry,Not Applicable,Clear,MUNSI AKBAR ROAD,NEAR APPAPILAI SCHOOL,0.5 KM,13.01155,77.606571,0,0,0.0,0.0
Bengaluru City,Shivajinagar Traffic PS,1.04432e+16,2022,1,2,Road Accidents,Narrow road,City/Town,Near office complex,Human Error,Yes,Simple Injury,Vehicle to Vehicle,Not Applicable,Not Applicable,Sub Arterial,Bitumen(Tar),Dry,Not Applicable,Clear,QUEENS ROAD,OPP ASTAR LAB,1 KM,12.98685,77.598227,0,0,0.0,0.0
Bengaluru City,Shivajinagar Traffic PS,1.04432e+16,2022,1,2,Road Accidents,Junction,City/Town,Near office complex,Human Error,No,Grievous Injury,Vehicle to Vehicle,No signal lights,Not Applicable,Sub Arterial,Bitumen(Tar),Dry,Not Applicable,Clear,INFENTRY ROAD,NEAR MATRIX SHOP,1 KM,0.0,0.0,0,0,0.0,0.0
Bengaluru City,Shivajinagar Traffic PS,1.04432e+16,2022,1,1,Road Accidents,Not Applicable,City/Town,Near office complex,Human Error,No,Fatal,Hit pedestrian,Not at  Junction,Others,Sub Arterial,Concrete,Dry,Not Applicable,Clear,MEENAKSHI KOVIL STREET,OPP SHIVAJINAGAR BUS STAND,1 KM,12.983573,77.603359,0,0,0.0,0.0
Bengaluru City,Shivajinagar Traffic PS,1.04432e+16,2022,1,1,Road Accidents,Junction,City/Town,Near office complex,Human Error,Yes,Simple Injury,Hit bicyclist,Controlled,Not Applicable,Two way,Bitumen(Tar),Dry,Not Applicable,Clear,CUBBAN ROAD,NEAR MILITARY OFFICE,1.5,12.974928,77.605231,0,0,0.0,0.0
Bengaluru City,Shivajinagar Traffic PS,1.04432e+16,2022,1,1,Road Accidents,Not Applicable,City/Town,Near a religious place,Human Error,No,Damage Only,Not Applicable,Uncontrolled,Others,Not Applicable,Bitumen(Tar),Dry,Not Applicable,Fine,CUBBON ROAD,NEAR ANDRU CHURCH,1 KM,12.978775,77.604093,0,0,0.0,0.0
Bengaluru City,Shivajinagar Traffic PS,1.04432e+16,2022,1,2,Road Accidents,Junction,City/Town,Near office complex,Human Error,No,Simple Injury,Vehicle to Vehicle,Controlled,Others,One way,Bitumen(Tar),Dry,Not Applicable,Clear,INFENRY ROAD,NEAR EMPAIR HOTEL,1.5,0.0,0.0,0,0,0.0,0.0
Bengaluru City,Shivajinagar Traffic PS,1.04432e+16,2022,1,1,Road Accidents,Narrow road,City/Town,Near office complex,Human Error,No,Simple Injury,Not Applicable,Not Applicable,Not Applicable,Two way,Bitumen(Tar),Dry,Not Applicable,Fine,CUBBON ROAD,NEAR ARMY SUPPLY DIPPO,1.5,12.977543,77.607642,0,0,0.0,0.0
Bengaluru City,Shivajinagar Traffic PS,1.04432e+16,2022,1,2,Road Accidents,Junction,City/Town,Near office complex,Human Error,No,Damage Only,Vehicle to Vehicle,Controlled,Not Applicable,Two way,Bitumen(Tar),Dry,Not Applicable,Clear,CUBBON ROAD,NEAR MILITARY CANTEEN,1 KM,12.979332,77.602352,0,0,0.0,0.0
Bengaluru City,Shivajinagar Traffic PS,1.04432e+16,2022,1,2,Road Accidents,Junction,City/Town,Open area,Human Error,No,Grievous Injury,Vehicle to Vehicle,Controlled,Not Applicable,Sub Arterial,Bitumen(Tar),Dry,Not Applicable,Clear,CUBBON ROAD,KR ROAD AND CUBBON ROAD JUNCTION,1.5 KM,12.9771869,77.6087348,0,0,0.0,0.0
Bengaluru City,Shivajinagar Traffic PS,1.04432e+16,2022,1,2,Road Accidents,Not Applicable,City/Town,Near office complex,Human Error,Yes,Grievous Injury,Vehicle to Vehicle,Not Applicable,Curve,Sub Arterial,Bitumen(Tar),Dry,Not Applicable,Clear,INFENTRY ROAD,NEAR SUPER BAJAR,1 KM,12.980935,77.604125,0,0,0.0,0.0
Bengaluru City,Shivajinagar Traffic PS,1.04432e+16,2022,1,2,Road Accidents,Junction,City/Town,Near office complex,Human Error,No,Simple Injury,Vehicle to Vehicle,Police / Manual,Not Applicable,Sub Arterial,Bitumen(Tar),Dry,Not Applicable,Fine,INFENTRY ROAD,OPP MATRIX SHOP,1.5,12.98125,77.601336,0,0,0.0,0.0
Bengaluru City,Shivajinagar Traffic PS,1.04432e+16,2022,1,2,Road Accidents,Junction,Rural Areas,Near office complex,Human Error,No,Simple Injury,Vehicle to Vehicle,Not Applicable,Not Applicable,Sub Arterial,Bitumen(Tar),Dry,Not Applicable,Clear,ARMY SUPPLY DEPO,NEAR PRO OFFICE,1 KM,12.977478,77.607637,0,0,0.0,0.0
Bengaluru City,Shivajinagar Traffic PS,1.04432e+16,2022,1,2,Road Accidents,Narrow road,City/Town,Open area,Human Error,Yes,Grievous Injury,Vehicle to Vehicle,Not Applicable,Not Applicable,Sub Arterial,Bitumen(Tar),Dry,Not Applicable,Clear,CUBBON ROAD,OPP MANIK SHA PARADE GROUND,1.5,0.0,0.0,0,0,0.0,0.0
Bengaluru City,Shivajinagar Traffic PS,1.04432e+16,2022,1,1,Road Accidents,Narrow road,City/Town,Near office complex,Human Error,No,Fatal,Hit pedestrian,Not at  Junction,Straight and flat,One way,Bitumen(Tar),Dry,No influence on accident,Fine,ST JHONS ROAD,NEAR BBMP OFFICE,1.5KMS,0.0,0.0,0,0,0.0,0.0
Bengaluru City,Shivajinagar Traffic PS,1.04432e+16,2022,1,2,Road Accidents,Junction,City/Town,Near office complex,Human Error,No,Simple Injury,Vehicle to Vehicle,Police / Manual,Not Applicable,Others,Bitumen(Tar),Dry,Not Applicable,Clear,INFENTRY ROAD,OPP RAHUL FURINUTURE,1 KM,12.980374,77.603878,0,0,0.0,0.0
Bengaluru City,Shivajinagar Traffic PS,1.04432e+16,2022,1,1,Road Accidents,Not Applicable,City/Town,Near Hospital,Human Error,Yes,Grievous Injury,Hit pedestrian,No signal lights,Not Applicable,Two way,Bitumen(Tar),Dry,Not Applicable,Clear,MEENAKSHI COVIL STREET,NEAR CHURCH,1 KM,12.9841128,77.6043838,0,0,0.0,0.0
Bengaluru City,Shivajinagar Traffic PS,1.04432e+16,2022,1,1,Road Accidents,Narrow road,City/Town,Near office complex,Human Error,Yes,Simple Injury,Hit pedestrian,Controlled,Others,One way,Bitumen(Tar),Dry,No influence on accident,Clear,#ST JHON ROAD NEAR POST OFFICE,NEAR POST OFFICE,2.5KM,12.982396,77.612455,0,0,0.0,0.0
Bengaluru City,Shivajinagar Traffic PS,1.04432e+16,2022,1,2,Road Accidents,Junction,City/Town,Near office complex,Human Error,No,Grievous Injury,Vehicle to Vehicle,Controlled,Not Applicable,Sub Arterial,Bitumen(Tar),Dry,Not Applicable,Clear,CUBBON ROAD,NEAR PRO OFFICE,1 KM,12.97792,77.606645,0,0,0.0,0.0
Bengaluru City,Shivajinagar Traffic PS,1.04432e+16,2022,1,2,Road Accidents,Junction,City/Town,Near office complex,Human Error,Yes,Grievous Injury,Vehicle to Vehicle,Controlled,Not Applicable,Two way,Bitumen(Tar),Dry,Not Applicable,Clear,VENKATASWAMY NAIDU ROAD,NEAR BALEKUNDRI CIRCLE,1.5 KM,12.98396,77.597712,0,0,0.0,0.0
Bengaluru City,Shivajinagar Traffic PS,1.04432e+16,2023,1,2,Road Accidents,Narrow road,City/Town,Near office complex,Human Error,Yes,Grievous Injury,Vehicle to Vehicle,Controlled,Straight and flat,Sub Arterial,Bitumen(Tar),Dry,Not Applicable,Clear,QUEENS ROAD,QUEENS ROAD,1KM,0.0,0.0,0,0,0.0,0.0
Bengaluru City,Shivajinagar Traffic PS,1.04432e+16,2023,1,2,Road Accidents,Junction,City/Town,Open area,Human Error,No,Fatal,Vehicle to Vehicle,Controlled,Others,Sub Arterial,Bitumen(Tar),Wet,Not Applicable,Light Rain,"MAINGUARD CROSS ROAD JUNCTION, CUBBON ROAD,SHIVAJI NAGAR",NEAR MANIKSHA PARED GROUND,1KM,12.977812,77.606884,0,3,0.0,3.0
Bengaluru City,Shivajinagar Traffic PS,1.04432e+16,2023,1,2,Road Accidents,Circle,City/Town,In bazaar,Human Error,No,Grievous Injury,Vehicle to Vehicle,Controlled,Curve,Others,Concrete,Dry,No influence on accident,Others,Church Narona Road,Near RMS Junction,500Mtr,0.0,0.0,0,0,0.0,0.0