DISTRICTNAME,UNITNAME,Crime_No,Year,RI,Noofvehicle_involved,Accident_Classification,Accident_Spot,Accident_Location,Accident_SubLocation,Main_Cause,Hit_Run,Severity,Collision_Type,Junction_Control,Road_Character,Road_Type,Surface_Type,Surface_Condition,Road_Condition,Weather,Accident_Road,Landmark_first,Distance_LandMark_First,Latitude,Longitude,Road_Condition_Score,Surface_Condition_Score,Surface_Type_Score,Road_Risk_Index
Bengaluru City,Thalaghattapura PS,1.04431e+16,2016,1,2,Road Accidents,Other,City/Town,Near School or College,Not Applicable,No,Damage Only,Rear end,Controlled,Others,Others,Bitumen(Tar),Dry,Not Applicable,Clear,Tar Road,KRB Kallu Kore,2,0.0,0.0,0,0,0.0,0.0
Bengaluru City,Thalaghattapura PS,1.04431e+16,2017,1,1,Other Railway Accidents,Circle,Not Applicable,Narrow bridge or culverts,Not Applicable,No,Simple Injury,Hit and Run,Not at  Junction,Gentle Incline or Climb,Feeder Road,Not Applicable,Muddy,No influence on accident,Very Cold,NICE,NICE ROAD,1 KMS,0.0,0.0,0,4,0.0,4.0
Bengaluru City,Thalaghattapura PS,1.04431e+16,2017,1,1,Road Accidents,Cross roads,City/Town,Near School or College,Not Applicable,Yes,Grievous Injury,Rear end,Controlled,Others,Others,Bitumen(Tar),Dry,Not Applicable,Clear,Tar,Nandini Booth,1 KM,0.0,0.0,0,0,0.0,0.0
Bengaluru City,Thalaghattapura PS,1.04431e+16,2017,1,2,Road Accidents,Other,City/Town,Residential area,Human Error,No,Not Applicable,Not Applicable,Not Applicable,Others,Two way,Bitumen(Tar),Dry,Not Applicable,Fine,Nice Road,Nice Road,2km,0.0,0.0,0,0,0.0,0.0
Bengaluru City,Thalaghattapura PS,1.04431e+16,2017,1,2,Not Applicable,Not Applicable,City/Town,Open area,Human Error,No,Grievous Injury,Not Applicable,Not Applicable,Others,Not Applicable,Bitumen(Tar),Dry,Not Applicable,Not Applicable,Near Shoba Forest View Apts,Near Shoba Forest View Apts,2,0.0,0.0,0,0,0.0,0.0
Bengaluru City,Thalaghattapura PS,1.04431e+16,2017,1,1,Not Applicable,Not Applicable,Not Applicable,Open area,Not Applicable,Not Applicable,Not Applicable,Drowned,Not at  Junction,Not Applicable,Not Applicable,Bitumen(Tar),Not Applicable,Not Applicable,Not Applicable,NICE ROAD,NICE ROAD,5 KM,0.0,0.0,0,0,0.0,0.0
Bengaluru City,Thalaghattapura PS,1.04431e+16,2017,1,1,Not Applicable,Other,City/Town,Near School or College,Not Applicable,No,Fatal,Rear end,Not Applicable,Others,Two way,Bitumen(Tar),Dry,Not Applicable,Clear,Nice Road,near unitake Gate,2,0.0,0.0,0,0,0.0,0.0
Bengaluru City,Thalaghattapura PS,1.04431e+16,2017,1,2,Road Accidents,Other,City/Town,Open area,Not Applicable,No,Fatal,Others,Not Applicable,Dip or trough,Expressway,Not Applicable,Not Applicable,Not Applicable,Others,Nice Road,Nice road,4 KM,0.0,0.0,0,0,0.0,0.0
Bengaluru City,Thalaghattapura PS,1.04431e+16,2017,1,1,Road Accidents,Road hump or Rumble strips,City/Town,Near Bus stop,Vehicle Defect,Yes,Grievous Injury,Hit and Run,Controlled,Not Applicable,City or Town Road,Bitumen(Tar),Not Applicable,Not Applicable,Others,Kanakapura road,Bus stop,1,0.0,0.0,0,0,0.0,0.0
Bengaluru City,Thalaghattapura PS,1.04431e+16,2017,1,1,Other Railway Accidents,Other,Rural Areas,In bazaar,Not Applicable,Yes,Grievous Injury,Side impact or Right angle,No signal lights,Gentle Incline or Climb,Service Road,Concrete,Flooded,No influence on accident,Snow,ROAD,COFFE SHOP,1 KMS,0.0,0.0,0,5,0.0,5.0
Bengaluru City,Thalaghattapura PS,1.04431e+16,2017,1,2,Road Accidents,Other,City/Town,Near a factory industrial area,Not Applicable,No,Grievous Injury,Overturning,Controlled,Not Applicable,City or Town Road,Bitumen(Tar),Dry,Not Applicable,Clear,national high way,Near Khodes Factory,1,0.0,0.0,0,0,0.0,0.0
Bengaluru City,Thalaghattapura PS,1.04431e+16,2017,1,1,Road Accidents,Bridge,City/Town,Open area,Not Applicable,No,Fatal,Others,Controlled,Not Applicable,Others,Bitumen(Tar),Dry,Not Applicable,Clear,Nice Raod,Nice Bridge,1 km,0.0,0.0,0,0,0.0,0.0
Bengaluru City,Thalaghattapura PS,1.04431e+16,2017,1,2,Road Accidents,Other,City/Town,Open area,Not Applicable,No,Simple Injury,Others,Controlled,Not Applicable,Expressway,Bitumen(Tar),Dry,Not Applicable,Clear,Nice road,Near Khodes,1 Km,0.0,0.0,0,0,0.0,0.0
Bengaluru City,Thalaghattapura PS,1.04431e+16,2017,1,2,Road Accidents,Other,City/Town,Near Bus stop,Not Applicable,No,Fatal,Others,Controlled,Others,Others,Bitumen(Tar),Dry,Not Applicable,Clear,Kanakapura Mani Road,Near kabab Mahal,1,0.0,0.0,0,0,0.0,0.0
Bengaluru City,Thalaghattapura PS,1.04431e+16,2017,1,1,Not Applicable,Narrow road,Not Applicable,Residential area,Not Applicable,No,Not Applicable,Not Applicable,No signal lights,Not Applicable,Not Applicable,Kutcha,Muddy,Not Applicable,Not Applicable,Pipe line,Pipe line,1,0.0,0.0,0,4,4.0,8.0
Bengaluru City,Thalaghattapura PS,1.04431e+16,2017,1,1,Not Applicable,Bridge,City/Town,Near a factory industrial area,Not Applicable,No,Simple Injury,Hit and Run,Signal lights Blinking,Incline,Feeder Road,Kutcha,Flooded,Engineering Defect of Road,Very Cold,NAICE ROAD,NAICE ROAD,2 KMS,0.0,0.0,4,5,4.0,13.0
Bengaluru City,Thalaghattapura PS,1.04431e+16,2017,1,1,Other Railway Accidents,Junction,Rural Areas,Narrow bridge or culverts,Road Environment Defect,No,Simple Injury,Hit animal,Signal lights Not working,Hump,Minor District Road,Kutcha,Muddy,Not Applicable,Strong Wind,NAICE,NAICE OFFICE,1 KMS,0.0,0.0,0,4,4.0,8.0
Bengaluru City,Thalaghattapura PS,1.04431e+16,2017,1,2,Road Accidents,Other,City/Town,Open area,Not Applicable,No,Fatal,Rear end,Controlled,Others,Others,Bitumen(Tar),Dry,Not Applicable,Clear,Others,Near Thulasi Pura Lake,2,0.0,0.0,0,0,0.0,0.0
Bengaluru City,Thalaghattapura PS,1.04431e+16,2017,1,1,Road Accidents,Not Applicable,City/Town,Residential area,Not Applicable,No,Grievous Injury,Others,Not Applicable,Not Applicable,Not Applicable,Kutcha,Others,Not Applicable,Fine,80 feet road,Near Brigade Omega Apartment,3,0.0,0.0,0,1,4.0,5.0
Bengaluru City,Thalaghattapura PS,1.04431e+16,2017,1,2,Road Accidents,Not Applicable,City/Town,Residential area,Human Error,No,Simple Injury,Others,Not Applicable,Not Applicable,Two way,Bitumen(Tar),Dry,Not Applicable,Fine,"Pipe Lane Road, Nagegowndanapalya",Near Haravijaya Apts,1 KM,0.0,0.0,0,0,0.0,0.0
Bengaluru City,Thalaghattapura PS,1.04431e+16,2017,1,1,Not Applicable,Other,City/Town,Open area,Not Applicable,Yes,Grievous Injury,Rear end,Controlled,Others,Others,Bitumen(Tar),Dry,Not Applicable,Clear,100 ft Road Tar Road,Near BDA Office,2,0.0,0.0,0,0,0.0,0.0
Bengaluru City,Thalaghattapura PS,1.04431e+16,2017,1,2,Road Accidents,Road hump or Rumble strips,City/Town,Residential area,Not Applicable,No,Grievous Injury,Hit and Run,Not Applicable,Not Applicable,Others,Not Applicable,Others,Not Applicable,Not Applicable,"Nice Road, Near Poorvankara Apts",Nice Road,2km,0.0,0.0,0,1,0.0,1.0
Bengaluru City,Thalaghattapura PS,1.04431e+16,2017,1,2,Not Applicable,Other,City/Town,Open area,Human Error,No,Grievous Injury,Not Applicable,Not Applicable,Not Applicable,Not Applicable,Bitumen(Tar),Dry,Not Applicable,Others,Kanakapura Main Road,Kanakapura Main Road,1,0.0,0.0,0,0,0.0,0.0
Bengaluru City,Thalaghattapura PS,1.04431e+16,2017,1,2,Road Accidents,Cross roads,City/Town,Near Bus stop,Vehicle Defect,Yes,Simple Injury,Head on,Not at  Junction,Curve,NH,Gravel,Muddy,Drainage Ditch,Fine,NH 209,NEAR BUS STOP,0.5 KM,0.0,0.0,4,4,3.0,11.0
Bengaluru City,Thalaghattapura PS,1.04431e+16,2017,1,1,Not Applicable,Not Applicable,City/Town,Narrow bridge or culverts,Human Error,Yes,Grievous Injury,Hit and Run,Not Applicable,Not Applicable,Expressway,Bitumen(Tar),Others,Not Applicable,Others,Nice road,Nice road toll,2Km,0.0,0.0,0,1,0.0,1.0
Bengaluru City,Thalaghattapura PS,1.04431e+16,2017,1,2,Road Accidents,Other,City/Town,Residential area,Human Error,No,Simple Injury,Not Applicable,Not Applicable,Not Applicable,Not Applicable,Bitumen(Tar),Dry,Not Applicable,Not Applicable,Nice Road,Nice Road,2km,0.0,0.0,0,0,0.0,0.0
Bengaluru City,Thalaghattapura PS,1.04431e+16,2017,1,1,Not Applicable,Circle,City/Town,Near Bus stop,Not Applicable,No,Simple Injury,Hit fixed object,No signal lights,Curve,Arterial,Kutcha,Dry,Drainage Ditch,Very Cold,HIGHWAY,NEAR BUS STOP,1 KMS,0.0,0.0,4,0,4.0,8.0
Bengaluru City,Thalaghattapura PS,1.04431e+16,2017,1,1,Not Applicable,Other,Not Applicable,Residential area,Vehicle Defect,No,Simple Injury,Others,No signal lights,Not Applicable,Not Applicable,Bitumen(Tar),Not Applicable,Not Applicable,Not Applicable,kanakapura main road,Nationa high way,1 km,0.0,0.0,0,0,0.0,0.0
Bengaluru City,Thalaghattapura PS,1.04431e+16,2017,1,2,Road Accidents,Not Applicable,City/Town,Residential area,Human Error,No,Grievous Injury,Others,Not Applicable,Not Applicable,Others,Not Applicable,Not Applicable,Not Applicable,Clear,road,Road,1,0.0,0.0,0,0,0.0,0.0
Bengaluru City,Thalaghattapura Traffic PS,1.04432e+16,2023,1,1,Road Accidents,Narrow road,City/Town,Open area,Human Error,No,Grievous Injury,Not Applicable,Not Applicable,Straight and flat,Expressway,Concrete,Dry,No influence on accident,Clear,Nice Road,Anjanapur Bridge,6,12.851067,77.552123,0,0,0.0,0.0
Bengaluru City,Thalaghattapura Traffic PS,1.04432e+16,2023,1,5,Road Accidents,Narrow road,City/Town,Near Bus stop,Human Error,No,Grievous Injury,Vehicle to Vehicle,Not at  Junction,Others,Expressway,Bitumen(Tar),Wet,No influence on accident,Cloudy,Kanakapura Main Road,Opp to Reliance Mart,20,12.880893,77.546498,0,3,0.0,3.0
Bengaluru City,Thalaghattapura Traffic PS,1.04432e+16,2023,1,2,Road Accidents,Curves,City/Town,Open area,Human Error,No,Damage Only,Vehicle to Vehicle,No signal lights,Others,Not Applicable,Concrete,Flooded,Not Applicable,Cloudy,Nice Road,Purvankara Bridje,3 km,12.8554844,77.5455809,0,5,0.0,5.0
Bengaluru City,Thalaghattapura Traffic PS,1.04432e+16,2023,1,2,Road Accidents,Narrow road,City/Town,Open area,Human Error,No,Simple Injury,Hit animal,No signal lights,Others,Major District Road,Bitumen(Tar),Dry,No influence on accident,Cloudy,100 Feet Road,100 Feet Road,1 km,12.874388,77.5391201,0,0,0.0,0.0
Bengaluru City,Thalaghattapura Traffic PS,1.04432e+16,2023,1,1,Road Accidents,Narrow road,City/Town,Open area,Human Error,No,Simple Injury,Hit pedestrian,Not Applicable,Straight and flat,Major District Road,Bitumen(Tar),Dry,Not Applicable,Clear,Kanakapur Main Road,Raghuvanahalli,500Mtr,12.875954,77.542841,0,0,0.0,0.0
Bengaluru City,Thalaghattapura Traffic PS,1.04432e+16,2023,1,2,Road Accidents,Narrow road,City/Town,Open area,Human Error,No,Fatal,Vehicle to Vehicle,Controlled,Others,Major District Road,Concrete,Dry,Not Applicable,Cloudy,NiceRoad,NiceRoad,3 km,12.873169,77.497848,0,0,0.0,0.0
Bengaluru City,Thalaghattapura Traffic PS,1.04432e+16,2023,1,2,Road Accidents,Junction,City/Town,Open area,Human Error,No,Grievous Injury,Vehicle to Vehicle,Give way sign,Others,Others,Bitumen(Tar),Dry,Not Applicable,Fine,80 Feet Road,80 Feet Road,4 KM,12.883739,77.541166,0,0,0.0,0.0
Bengaluru City,Thalaghattapura Traffic PS,1.04432e+16,2023,1,2,Not Applicable,Road hump or Rumble strips,City/Town,Open area,Human Error,No,Grievous Injury,Vehicle to Vehicle,Uncontrolled,Others,Not Applicable,Bitumen(Tar),Dry,Not Applicable,Fine,Gubbalala Main Road,Gubbalala Main Road,4 km,12.892712,77.543157,0,0,0.0,0.0
Bengaluru City,Thalaghattapura Traffic PS,1.04432e+16,2023,1,1,Road Accidents,Road hump or Rumble strips,City/Town,Residential area,Human Error,Not Applicable,Fatal,Hit animal,No signal lights,Straight and flat,Major District Road,Bitumen(Tar),Dry,Not Applicable,Clear,Avalahalli Main Road,Bharat Petrol Bunk,200MTR,12.8793977,77.707996,0,0,0.0,0.0
Bengaluru City,Thalaghattapura Traffic PS,1.04432e+16,2023,1,2,Road Accidents,Narrow road,City/Town,Open area,Human Error,No,Simple Injury,Vehicle to Vehicle,Give way sign,Curve,Major District Road,Concrete,Dry,Drainage Ditch,Fine,Nice Road,Nice Raod,4 km,0.0,0.0,4,0,0.0,4.0
Bengaluru City,Thalaghattapura Traffic PS,1.04432e+16,2023,1,2,Road Accidents,Not Applicable,City/Town,Open area,Human Error,Not Applicable,Simple Injury,Vehicle to Vehicle,Not at  Junction,Straight and flat,Expressway,Bitumen(Tar),Dry,Not Applicable,Clear,Nice Road,Purvankar Bridge,250 mt,12.971599,77.594566,0,0,0.0,0.0
Bengaluru City,Thalaghattapura Traffic PS,1.04432e+16,2023,1,1,Road Accidents,Not Applicable,City/Town,Residential area,Human Error,No,Fatal,Hit pedestrian,Not at  Junction,Not Applicable,One way,Bitumen(Tar),Dry,Not Applicable,Very Hot,100 Feet road,in front of ho petrol bunk,100,12.879257,77.529932,0,0,0.0,0.0
Bengaluru City,Thalaghattapura Traffic PS,1.04432e+16,2023,1,1,Road Accidents,Narrow road,City/Town,Open area,Human Error,No,Fatal,Not Applicable,No signal lights,Curve,State Highway,Concrete,Dry,Not Applicable,Snow,"Sompura Under Pass,Nice Road",Sompura Under Pass Nice Road,3 km,12.87073,77.501123,0,0,0.0,0.0
Bengaluru City,Thalaghattapura Traffic PS,1.04432e+16,2023,1,2,Rail Road Accidents,Not Applicable,City/Town,Residential area,Human Error,Yes,Fatal,Vehicle to Vehicle,Not at  Junction,Straight and flat,Residential Street,Bitumen(Tar),Dry,Not Applicable,Clear,"100 Feet Road, In front of Dwaraka hotel",in front of Dwraka Hotel,100,12.882737,77.532843,0,0,0.0,0.0
Bengaluru City,Thalaghattapura Traffic PS,1.04432e+16,2023,1,1,Road Accidents,Curves,City/Town,Near Hospital,Human Error,Not Applicable,Fatal,Not Applicable,Not at  Junction,Slight Curve,Two way,Bitumen(Tar),Wet,Not Applicable,Clear,"80 Feet Road, in front of Ritu hospital",in front of Sapthami Oil Shop,10 fee,12.886544,77.53909,0,3,0.0,3.0
Bengaluru City,Thalaghattapura Traffic PS,1.04432e+16,2023,1,2,Not Applicable,Junction,City/Town,Open area,Vehicle Defect,No,Grievous Injury,Vehicle to Vehicle,Uncontrolled,Others,Not Applicable,Not Applicable,Dry,Not Applicable,Fine,"100 Feet Road, Kengeri Sompura Road",80 Feet Road,4 KM,12.53184,77.29407,0,0,0.0,0.0
Bengaluru City,Thalaghattapura Traffic PS,1.04432e+16,2023,1,2,Road Accidents,Narrow road,City/Town,Open area,Human Error,No,Grievous Injury,Vehicle to Vehicle,Give way sign,Not Applicable,Major District Road,Concrete,Dry,Not Applicable,Fine,Nice Road,NiceRoad,1 km,12.546244,77.419884,0,0,0.0,0.0
Bengaluru City,Thalaghattapura Traffic PS,1.04432e+16,2023,1,2,Road Accidents,Cross roads,City/Town,Residential area,Human Error,Yes,Simple Injury,Vehicle to Vehicle,No signal lights,Straight and flat,Others,Bitumen(Tar),Dry,Not Applicable,Clear,80 Feet Road,Near Kites Hotel,1 km,12.887582,77.512782,0,0,0.0,0.0
Bengaluru City,Thalaghattapura Traffic PS,1.04432e+16,2023,1,2,Road Accidents,Not Applicable,City/Town,Open area,Human Error,No,Fatal,Vehicle to Vehicle,Uncontrolled,Straight and flat,Expressway,Concrete,Wet,No influence on accident,Snow,Before Nagegowdanapalya Bridge Nice Road,Before Nagegowdanapalya Bridge,500me,12.862325,77.521623,0,3,0.0,3.0
Bengaluru City,Thalaghattapura Traffic PS,1.04432e+16,2023,1,2,Road Accidents,Junction,City/Town,Open area,Human Error,No,Grievous Injury,Vehicle to Vehicle,Controlled,Curve,Major District Road,Bitumen(Tar),Dry,Not Applicable,Cloudy,80 Feet Road,80 Feet Road,6 km,0.0,0.0,0,0,0.0,0.0
Bengaluru City,Thalaghattapura Traffic PS,1.04432e+16,2023,1,1,Road Accidents,Cross roads,City/Town,At pedestrian Crossing,Human Error,Yes,Simple Injury,Hit pedestrian,No signal lights,Curve,Minor District Road,Bitumen(Tar),Dry,No influence on accident,Fine,Turahalli Road,Turahalli Main Road,4km,12.891654,77.539218,0,0,0.0,0.0
Bengaluru City,Thalaghattapura Traffic PS,1.04432e+16,2023,1,1,Not Applicable,Narrow road,City/Town,Residential area,Vehicle Defect,Yes,Damage Only,Not Applicable,Not Applicable,Curve,Others,Not Applicable,Others,Not Applicable,Cloudy,"01 st Cross, 02 nd Main Balaji Leyout",02 nd Cross,Balaji,12.875725,77.538285,0,1,0.0,1.0
Bengaluru City,Thalaghattapura Traffic PS,1.04432e+16,2023,1,1,Road Accidents,Curves,City/Town,Open area,Human Error,No,Grievous Injury,Not Applicable,Controlled,Curve,Major District Road,Concrete,Flooded,Not Applicable,Cloudy,NiceRoad,NiceRoad,02 km,12.8576,77.5273,0,5,0.0,5.0
Bengaluru City,Thalaghattapura Traffic PS,1.04432e+16,2023,1,2,Road Accidents,Not Applicable,City/Town,Open area,Human Error,No,Fatal,Vehicle to Vehicle,No signal lights,Curve and Incline,Expressway,Concrete,Dry,Not Applicable,Clear,Nice Road,Near Nagegowdanapalya,800 Mt,12.87082,77.50622,0,0,0.0,0.0
Bengaluru City,Thalaghattapura Traffic PS,1.04432e+16,2023,1,2,Road Accidents,Circle,City/Town,Open area,Human Error,No,Grievous Injury,Vehicle to Vehicle,Give way sign,Others,Residential Street,Bitumen(Tar),Dry,Not Applicable,Fine,Gubbalala Main Road,Gubbalala Main Road,4 km,12.972442,77.580643,0,0,0.0,0.0
Bengaluru City,Thalaghattapura Traffic PS,1.04432e+16,2023,1,3,Road Accidents,Junction,City/Town,Open area,Human Error,No,Damage Only,Vehicle to Vehicle,Controlled,Others,Minor District Road,Bitumen(Tar),Dry,Not Applicable,Fine,Kanakapura Main Road,Kanakapura Main Road,200 mt,12.900883,77.098017,0,0,0.0,0.0
Bengaluru City,Thalaghattapura Traffic PS,1.04432e+16,2023,1,2,Road Accidents,Circle,City/Town,Residential area,Human Error,No,Damage Only,Vehicle to Vehicle,No signal lights,Straight and flat,Major District Road,Bitumen(Tar),Dry,Not Applicable,Clear,Anjanapur Double Road,Krishnam Hotel,250Mtr,12.88314,77.5482982,0,0,0.0,0.0
Bengaluru City,Thalaghattapura Traffic PS,1.04432e+16,2023,1,1,Road Accidents,Not Applicable,City/Town,Open area,Human Error,Not Applicable,Grievous Injury,Not Applicable,Not Applicable,Not Applicable,Expressway,Concrete,Not Applicable,Not Applicable,Cloudy,Nice Road,near Anjanapura Bridze,1,12.850679,77.554139,0,0,0.0,0.0
Bengaluru City,Thalaghattapura Traffic PS,1.04432e+16,2023,1,1,Not Applicable,Narrow road,City/Town,Open area,Human Error,No,Grievous Injury,Hit pedestrian,Controlled,Others,Expressway,Concrete,Dry,Not Applicable,Cloudy,Nice Road,Nice Road,4 km,12.848291,77.56791,0,0,0.0,0.0
Bengaluru City,Thalaghattapura Traffic PS,1.04432e+16,2023,1,2,Road Accidents,Curves,City/Town,Near Bus stop,Human Error,Yes,Simple Injury,Vehicle to Vehicle,Give way sign,Curve,Major District Road,Bitumen(Tar),Dry,Not Applicable,Fine,Near DMart,Kanakapura Main Road,2 km,12.891328,77.546665,0,0,0.0,0.0
Bengaluru City,Thalaghattapura Traffic PS,1.04432e+16,2023,1,1,Road Accidents,Not Applicable,City/Town,Residential area,Human Error,No,Fatal,Not Applicable,Not at  Junction,Straight and flat,One way,Bitumen(Tar),Dry,Not Applicable,Clear,"80 Feet Road, Near Karishma Hill",Diveded,1,12.532038,77.32922,0,0,0.0,0.0
Bengaluru City,Thalaghattapura Traffic PS,1.04432e+16,2023,1,2,Road Accidents,Narrow road,City/Town,Open area,Human Error,No,Grievous Injury,Vehicle to Vehicle,No signal lights,Hump,Major District Road,Concrete,Dry,Drainage Ditch,Cloudy,100 Feet Road,Rv Engineearing Collage Junction,5 km,12.879261,77.510911,4,0,0.0,4.0
Bengaluru City,Thalaghattapura Traffic PS,1.04432e+16,2023,1,1,Road Accidents,Not Applicable,City/Town,Open area,Human Error,Not Applicable,Fatal,Not Applicable,Not at  Junction,Straight and flat,Expressway,Concrete,Others,Construction Work / Material,Light Rain,"Nice Road, Anjanapura Lake",Anjannapura Lake,1,12.849651,77.557335,2,1,0.0,3.0
Bengaluru City,Thalaghattapura Traffic PS,1.04432e+16,2023,1,2,Not Applicable,Not Applicable,City/Town,Open area,Human Error,No,Grievous Injury,Vehicle to Vehicle,Not Applicable,Others,Minor District Road,Not Applicable,Dry,Not Applicable,Fine,Gubbalala Main Road,Opp V6 Enclive Apartment,3 km,12.885791,77.54505,0,0,0.0,0.0
Bengaluru City,Thalaghattapura Traffic PS,1.04432e+16,2023,1,1,Road Accidents,Not Applicable,City/Town,Open area,Human Error,No,Grievous Injury,Not Applicable,Uncontrolled,Others,Major District Road,Bitumen(Tar),Dry,Not Applicable,Fine,Kanakapur Main Road,Raghuvanahalli Busstop,3km,12.877855,77.5461,0,0,0.0,0.0
Bengaluru City,Thalaghattapura Traffic PS,1.04432e+16,2023,1,2,Road Accidents,Circle,City/Town,Open area,Human Error,Yes,Damage Only,Vehicle to Vehicle,No signal lights,Others,Major District Road,Bitumen(Tar),Dry,Not Applicable,Fine,A2B Junction,A2B Junction,4 KM,12.883477,77.54863,0,0,0.0,0.0
Bengaluru City,Thalaghattapura Traffic PS,1.04432e+16,2023,1,1,Road Accidents,Circle,City/Town,Open area,Human Error,No,Damage Only,Not Applicable,Controlled,Others,Others,Not Applicable,Dry,Not Applicable,Fine,Bhuvaneswri Nagara,Opp Dheeraj Chicken,4 km,12.897441,77.540586,0,0,0.0,0.0
Bengaluru City,Thalaghattapura Traffic PS,1.04432e+16,2023,1,2,Road Accidents,Junction,City/Town,Open area,Human Error,Yes,Grievous Injury,Vehicle to Vehicle,Police / Manual,Curve,State Highway,Bitumen(Tar),Others,Not Applicable,Others,Bayyanapalya Junction,80 Feet Road,0.5,12.8731,77.5326,0,1,0.0,1.0
Bengaluru City,Thalaghattapura Traffic PS,1.04432e+16,2023,1,2,Road Accidents,Narrow road,City/Town,Open area,Human Error,No,Simple Injury,Vehicle to Vehicle,Not Applicable,Straight and flat,Expressway,Concrete,Dry,Construction Work / Material,Clear,100 Feet Road,Near Muneswar Temple,2,12.8789,77.5299,2,0,0.0,2.0
Bengaluru City,Thalaghattapura Traffic PS,1.04432e+16,2023,1,2,Road Accidents,Narrow road,City/Town,Open area,Human Error,Not Applicable,Grievous Injury,Vehicle to Vehicle,Controlled,Others,Minor District Road,Bitumen(Tar),Dry,Not Applicable,Cloudy,Amjanapura Double Road,Double Road,5 km,12.87446,77.565662,0,0,0.0,0.0
Bengaluru City,Thalaghattapura Traffic PS,1.04432e+16,2023,1,1,Road Accidents,Road hump or Rumble strips,City/Town,Open area,Human Error,No,Fatal,Not Applicable,Give way sign,Others,Minor District Road,Bitumen(Tar),Dry,Not Applicable,Cloudy,Avalahalli Anjanapura Road,Avalahalli Lake,6 km,12.8670248,77.5651066,0,0,0.0,0.0
Bengaluru City,Thalaghattapura Traffic PS,1.04432e+16,2023,1,2,Road Accidents,Curves,City/Town,Narrow bridge or culverts,Human Error,Yes,Fatal,Vehicle to Vehicle,Controlled,Curve,Major District Road,Concrete,Dry,Drainage Ditch,Fine,Nice Road,Nice Road Kanakapura Bridje,2 KM,12.859972,77.528575,4,0,0.0,4.0
Bengaluru City,Thalaghattapura Traffic PS,1.04432e+16,2023,1,2,Road Accidents,Not Applicable,City/Town,Open area,Human Error,Not Applicable,Fatal,Vehicle to Vehicle,Uncontrolled,Not Applicable,Expressway,Concrete,Wet,Not Applicable,Fine,Before Nagegowdanapalya Bridge,Kanakapura road to Nice Road,1,12.862457,77.516083,0,3,0.0,3.0
Bengaluru City,Thalaghattapura Traffic PS,1.04432e+16,2023,1,2,Road Accidents,Narrow road,City/Town,Open area,Human Error,Not Applicable,Grievous Injury,Vehicle to Vehicle,Give way sign,Curve,Others,Bitumen(Tar),Dry,Construction Work / Material,Fine,"Near Marwell Apartment, 80 Feet Road, Anjanapura 02 nd Block, JP Nagara",80 Feet Road,5 km,12.85651,77.55426,2,0,0.0,2.0
Bengaluru City,Thalaghattapura Traffic PS,1.04432e+16,2023,1,2,Road Accidents,Junction,City/Town,Open area,Human Error,No,Damage Only,Vehicle to Vehicle,No signal lights,Not Applicable,Major District Road,Bitumen(Tar),Dry,Not Applicable,Cloudy,Kanakapur Main Road,Krisnam Hotel,3 KM,12.8792595,77.5460852,0,0,0.0,0.0
Bengaluru City,Thalaghattapura Traffic PS,1.04432e+16,2023,1,1,Road Accidents,Not Applicable,City/Town,Open area,Human Error,No,Fatal,Not Applicable,Uncontrolled,Straight and flat,One way,Concrete,Dry,Not Applicable,Cloudy,"Nagegowdanapalya Bridge, Chainage no.12",Nagegowdanapalya Bridge,250M,12.864548,77.512144,0,0,0.0,0.0
Bengaluru City,Thalaghattapura Traffic PS,1.04432e+16,2023,1,2,Road Accidents,Junction,City/Town,Near Bus stop,Human Error,No,Damage Only,Vehicle to Vehicle,Give way sign,Straight and flat,Major District Road,Bitumen(Tar),Dry,Not Applicable,Fine,Kanakapur Main Road,Kanakapura Main Road,3 km,12.879589,77.545647,0,0,0.0,0.0
Bengaluru City,Thalaghattapura Traffic PS,1.04432e+16,2023,1,2,Road Accidents,Junction,City/Town,Near Bus stop,Vehicle Defect,Yes,Grievous Injury,Vehicle to Vehicle,No signal lights,Not Applicable,One way,Bitumen(Tar),Not Applicable,Not Applicable,Others,Kanakapura Main Road,Near Pillekamma Temple,1,12.8758,77.541822,0,0,0.0,0.0
Bengaluru City,Thalaghattapura Traffic PS,1.04432e+16,2023,1,2,Road Accidents,Junction,City/Town,Near Bus stop,Human Error,No,Not Applicable,Vehicle to Vehicle,No signal lights,Curve,Mixed,Bitumen(Tar),Others,No influence on accident,Cloudy,"80 Feet Road, Lalbahaddur Shastri Junction",BDA 80 Feet,60,12.513991,77.325282,0,1,0.0,1.0