DISTRICTNAME,UNITNAME,Crime_No,Year,RI,Noofvehicle_involved,Accident_Classification,Accident_Spot,Accident_Location,Accident_SubLocation,Main_Cause,Hit_Run,Severity,Collision_Type,Junction_Control,Road_Character,Road_Type,Surface_Type,Surface_Condition,Road_Condition,Weather,Accident_Road,Landmark_first,Distance_LandMark_First,Latitude,Longitude,Road_Condition_Score,Surface_Condition_Score,Surface_Type_Score,Road_Risk_Index
Bengaluru City,Thalaghattapura Traffic PS,1.04432e+16,2023,1,2,Road Accidents,Curves,City/Town,Open area,Human Error,Yes,Simple Injury,Vehicle to Vehicle,Not Applicable,Curve,Minor District Road,Not Applicable,Wet,Not Applicable,Cloudy,1st Cross - 3rd main junction,Near Anand Sweets Opp,2,12.882442,77.546889,0,3,0.0,3.0
Bengaluru City,Thalaghattapura Traffic PS,1.04432e+16,2023,1,2,Road Accidents,Junction,City/Town,Near Petrol Pump,Human Error,No,Grievous Injury,Vehicle to Vehicle,Stop sign,Others,State Highway,Not Applicable,Others,Not Applicable,Fog / Mist,"Near Nice Road Bridje, Knakapura Main Road",Nice Road Junction,50 mtr,0.0,0.0,0,1,0.0,1.0
Bengaluru City,Thalaghattapura Traffic PS,1.04432e+16,2023,1,2,Not Applicable,Cross roads,City/Town,Open area,Human Error,No,Grievous Injury,Vehicle to Vehicle,No signal lights,Curve,One way,Not Applicable,Not Applicable,Not Applicable,Cloudy,60 Feet Road Sompura,60 Feet Road,04 km,12.8747,77.4985,0,0,0.0,0.0
Bengaluru City,Thalaghattapura Traffic PS,1.04432e+16,2023,1,1,Road Accidents,Junction,City/Town,Open area,Human Error,No,Simple Injury,Hit pedestrian,Not Applicable,Curve,Minor District Road,Bitumen(Tar),Dry,Not Applicable,Cloudy,"80 Feet Road, Kembatahalli Main Road",80 Feet Road Kembatahalli Main Road,7km,12.861479,77.574211,0,0,0.0,0.0
Bengaluru City,Thalaghattapura Traffic PS,1.04432e+16,2023,1,1,Road Accidents,Narrow road,City/Town,Open area,Vehicle Defect,No,Damage Only,Vehicle to Vehicle,Controlled,Others,Major District Road,Concrete,Dry,Not Applicable,Fine,Holiday Village Road,Holiday Village Road,2 km,0.0,0.0,0,0,0.0,0.0
Bengaluru City,Thalaghattapura Traffic PS,1.04432e+16,2023,1,2,Road Accidents,Curves,City/Town,Open area,Human Error,No,Grievous Injury,Vehicle to Vehicle,Give way sign,Hump,Minor District Road,Bitumen(Tar),Dry,Construction Work / Material,Fine,Turahalli Forest Road,Turahalli Forest Road,3 km,12.876383,77.526244,2,0,0.0,2.0
Bengaluru City,Thalaghattapura Traffic PS,1.04432e+16,2023,1,2,Road Accidents,Narrow road,City/Town,Open area,Human Error,No,Grievous Injury,Vehicle to Vehicle,No signal lights,Others,Major District Road,Bitumen(Tar),Dry,Not Applicable,Fine,BDA Layout Anjanapura,BDA Layout Anjanapura,6 km,12.858354,77.556593,0,0,0.0,0.0
Bengaluru City,Thalaghattapura Traffic PS,1.04432e+16,2023,1,2,Road Accidents,Not Applicable,City/Town,Residential area,Human Error,Yes,Damage Only,Vehicle to Vehicle,Uncontrolled,Others,Residential Street,Bitumen(Tar),Dry,Not Applicable,Clear,"Kembathallil, Anjanapura Main road",Paltinuma Gardeniuam Apartmetn,50feet,12.51314,77.3416,0,0,0.0,0.0
Bengaluru City,Thalaghattapura Traffic PS,1.04432e+16,2023,1,2,Road Accidents,Narrow road,City/Town,Open area,Human Error,No,Grievous Injury,Vehicle to Vehicle,Uncontrolled,Others,Major District Road,Not Applicable,Wet,Not Applicable,Fine,Nice Road,Near Pillaganahalli Bridje Nice Road,04 km,12.8494282,77.5753857,0,3,0.0,3.0
Bengaluru City,Thalaghattapura Traffic PS,1.04432e+16,2023,1,2,Road Accidents,Junction,City/Town,Open area,Vehicle Defect,No,Grievous Injury,Vehicle to Vehicle,Controlled,Curve,Not Applicable,Not Applicable,Not Applicable,Not Applicable,Fine,Infront Of,Raghavanapalya,7 km,12.52342,77.34184,0,0,0.0,0.0
Bengaluru City,Thalaghattapura Traffic PS,1.04432e+16,2023,1,2,Not Applicable,Not Applicable,City/Town,Open area,Vehicle Defect,No,Simple Injury,Vehicle to Vehicle,Uncontrolled,Others,Others,Not Applicable,Not Applicable,Not Applicable,Fine,Nice Road,Anjanapur Bridge Nice Road,4 km,12.851329,77.5515,0,0,0.0,0.0
Bengaluru City,Thalaghattapura Traffic PS,1.04432e+16,2023,1,2,Road Accidents,Narrow road,City/Town,Open area,Road Environment Defect,No,Grievous Injury,Vehicle to Vehicle,Not at  Junction,Slight Curve,Expressway,Concrete,Dry,Not Applicable,Clear,Nice Road,Near Unity Gate,7,12.848712,77.571947,0,0,0.0,0.0
Bengaluru City,Thalaghattapura Traffic PS,1.04432e+16,2023,1,2,Road Accidents,Not Applicable,City/Town,Open area,Human Error,Not Applicable,Grievous Injury,Vehicle to Vehicle,Not at  Junction,Not Applicable,Expressway,Concrete,Wet,Not Applicable,Clear,Purvankar Bridge Nice Road,Near Purvankar Apartment,250Mtr,12.8535208,77.540287,0,3,0.0,3.0
Bengaluru City,Thalaghattapura Traffic PS,1.04432e+16,2023,1,1,Road Accidents,Curves,City/Town,Residential area,Human Error,Yes,Simple Injury,Hit pedestrian,Controlled,Hump,One way,Bitumen(Tar),Dry,Not Applicable,Fine,Gubbalal and Kanakapura Road,Gubbalal and Kanakapura Road,3 km,0.0,0.0,0,0,0.0,0.0
Bengaluru City,Thalaghattapura Traffic PS,1.04432e+16,2023,1,2,Road Accidents,Curves,City/Town,Open area,Human Error,No,Grievous Injury,Vehicle to Vehicle,Not Applicable,Curve and Incline,Expressway,Bitumen(Tar),Dry,Not Applicable,Clear,Nice Road,Pelleganahalli,8,12.848348,77.571747,0,0,0.0,0.0
Bengaluru City,Thalaghattapura Traffic PS,1.04432e+16,2023,1,2,Road Accidents,Not Applicable,City/Town,Open area,Human Error,No,Damage Only,Not Applicable,Not Applicable,Straight and flat,Expressway,Concrete,Dry,Not Applicable,Clear,Nice Rod,Near Somapur Bridge,5,15.456194,75.099075,0,0,0.0,0.0
Bengaluru City,Thalaghattapura Traffic PS,1.04432e+16,2023,1,1,Road Accidents,Circle,City/Town,Open area,Human Error,No,Simple Injury,Hit pedestrian,Give way sign,Curve,One way,Concrete,Dry,Not Applicable,Fine,Kanakapura Main Road,Haliday Village Road,3 km,0.0,0.0,0,0,0.0,0.0
Bengaluru City,Thalaghattapura Traffic PS,1.04432e+16,2023,1,2,Not Applicable,Curves,City/Town,Open area,Human Error,No,Grievous Injury,Vehicle to Vehicle,Controlled,Curve,Minor District Road,Concrete,Dry,Not Applicable,Fine,"80 Feet Road, Kembatahalli",80 Feet Road,5 km,12.85666,77.576641,0,0,0.0,0.0
Bengaluru City,Thalaghattapura Traffic PS,1.04432e+16,2023,1,1,Road Accidents,Road hump or Rumble strips,City/Town,Residential area,Road Environment Defect,Not Applicable,Fatal,Not Applicable,Uncontrolled,Hump,Residential Street,Bitumen(Tar),Dry,Engineering Defect of Road,Cloudy,"80 Feet road, BDA Layout",in front of alphine Apartment,10,12.856191,77.555215,4,0,0.0,4.0
Bengaluru City,Thalaghattapura Traffic PS,1.04432e+16,2023,1,1,Road Accidents,Curves,City/Town,Open area,Human Error,No,Fatal,Vehicle to Vehicle,Not Applicable,Sharp Curve,Major District Road,Bitumen(Tar),Dry,Not Applicable,Clear,100 Feet Road,Turahalli Forest,3,12.876946,77.519662,0,0,0.0,0.0
Bengaluru City,Thalaghattapura Traffic PS,1.04432e+16,2023,1,1,Road Accidents,Not Applicable,City/Town,Open area,Human Error,No,Fatal,Hit pedestrian,Not at  Junction,Others,Expressway,Concrete,Wet,Not Applicable,Cloudy,Nice road Anjanapura Bridge,Anjanapura Bridge,5,12.50519,77.34014,0,3,0.0,3.0
Bengaluru City,Thalaghattapura Traffic PS,1.04432e+16,2023,1,3,Road Accidents,Narrow road,City/Town,Open area,Human Error,Not Applicable,Damage Only,Vehicle to Vehicle,Uncontrolled,Others,State Highway,Concrete,Dry,Not Applicable,Cloudy,Nice Road,Nice Road,4km,12.546244,77.419884,0,0,0.0,0.0
Bengaluru City,Thalaghattapura Traffic PS,1.04432e+16,2023,1,1,Road Accidents,Cross roads,City/Town,Near Bus stop,Human Error,No,Grievous Injury,Hit pedestrian,Controlled,Curve,State Highway,Bitumen(Tar),Dry,No influence on accident,Fine,Kanakap,Vajarahalli Busstop,3 km,12.52304,77.3236,0,0,0.0,0.0
Bengaluru City,Thalaghattapura Traffic PS,1.04432e+16,2023,1,2,Road Accidents,Circle,City/Town,Near Bus stop,Human Error,Yes,Grievous Injury,Vehicle to Vehicle,Not at  Junction,Hump,Mixed,Concrete,Dry,Not Applicable,Cloudy,100 Feet Road,Manjusri Bar and Restorent,2 km,12.87186,77.538761,0,0,0.0,0.0
Bengaluru City,Thalaghattapura Traffic PS,1.04432e+16,2023,1,2,Road Accidents,Not Applicable,City/Town,Open area,Human Error,No,Fatal,Vehicle to Vehicle,Not Applicable,Not Applicable,Others,Bitumen(Tar),Dry,Not Applicable,Clear,Nice Road Near Anjanapura Lake,Near Anjanapura Lake,1,12.8476,77.571668,0,0,0.0,0.0
Bengaluru City,Thalaghattapura Traffic PS,1.04432e+16,2023,1,1,Road Accidents,Not Applicable,City/Town,Open area,Human Error,No,Fatal,Not Applicable,Not at  Junction,Others,One way,Bitumen(Tar),Others,Not Applicable,Cloudy,"Nice Road, Near Chennaveranapalya",Nice Road near Nagalingeswara Temple,100,0.0,0.0,0,1,0.0,1.0
Bengaluru City,Thalaghattapura Traffic PS,1.04432e+16,2023,1,2,Road Accidents,Circle,City/Town,Open area,Human Error,No,Damage Only,Vehicle to Vehicle,Controlled,Not Applicable,Major District Road,Bitumen(Tar),Dry,Not Applicable,Fine,100 Feet Road,100 Feet Road Junction,1 km,12.874162,77.540569,0,0,0.0,0.0
Bengaluru City,Thalaghattapura Traffic PS,1.04432e+16,2023,1,2,Road Accidents,Circle,City/Town,Open area,Human Error,No,Grievous Injury,Vehicle to Vehicle,Controlled,Slight Curve,Major District Road,Concrete,Dry,Not Applicable,Fine,Kanakapur Main Road,Kanaka,4 km,12.883491,77.548662,0,0,0.0,0.0
Bengaluru City,Thalaghattapura Traffic PS,1.04432e+16,2023,1,2,Road Accidents,Not Applicable,City/Town,Open area,Human Error,No,Grievous Injury,Vehicle to Vehicle,Not Applicable,Others,Major District Road,Not Applicable,Dry,Not Applicable,Fine,Nice Road,Nice Road Near Kanakapura Bridje,2 km,12.859838,77.5259774,0,0,0.0,0.0
Bengaluru City,Thalaghattapura Traffic PS,1.04432e+16,2023,1,2,Rail Road Accidents,Narrow road,City/Town,Open area,Human Error,Yes,Grievous Injury,Vehicle to Vehicle,Give way sign,Curve and Incline,Major District Road,Bitumen(Tar),Dry,Construction Work / Material,Cloudy,Nice Road,Nice Road,3 km,0.0,0.0,2,0,0.0,2.0
Bengaluru City,Thalaghattapura Traffic PS,1.04432e+16,2023,1,1,Road Accidents,Not Applicable,City/Town,Open area,Human Error,No,Fatal,Not Applicable,Uncontrolled,Straight and flat,Expressway,Bitumen(Tar),Dry,Not Applicable,Clear,"Nice Road, Near Unitech Gate",near nice gowdon,1,12.848337,77.571613,0,0,0.0,0.0
Bengaluru City,Thalaghattapura Traffic PS,1.04432e+16,2023,1,1,Road Accidents,Narrow road,City/Town,Open area,Human Error,No,Damage Only,Not Applicable,Give way sign,Others,Major District Road,Bitumen(Tar),Dry,No influence on accident,Fine,Anjanapura Mallasandra Main Road,5 km,5 km,0.0,0.0,0,0,0.0,0.0
Bengaluru City,Thalaghattapura Traffic PS,1.04432e+16,2023,1,2,Road Accidents,Cross roads,City/Town,Open area,Human Error,No,Simple Injury,Vehicle to Vehicle,No signal lights,Curve,Service Road,Bitumen(Tar),Dry,Drainage Ditch,Snow,Nagegowdanapalya Main Road,Garbeage Factory,0.3,0.0,0.0,4,0,0.0,4.0
Bengaluru City,Thalaghattapura Traffic PS,1.04432e+16,2023,1,2,Road Accidents,Curves,City/Town,Near Bus stop,Vehicle Defect,Yes,Grievous Injury,Vehicle to Vehicle,Controlled,Curve,State Highway,Not Applicable,Dry,Not Applicable,Fine,Kanakapur Main Road,Nayara Petrol Bank,50 Mtr,12.8701,77.5433,0,0,0.0,0.0
Bengaluru City,Thalaghattapura Traffic PS,1.04432e+16,2023,1,2,Road Accidents,Not Applicable,City/Town,Open area,Human Error,No,Fatal,Vehicle to Vehicle,Uncontrolled,Straight and flat,Two way,Bitumen(Tar),Dry,Not Applicable,Fine,"80 Feet Road, gubalalla",Near Liberty apartment,100mtr,0.0,0.0,0,0,0.0,0.0
Bengaluru City,Thalaghattapura Traffic PS,1.04432e+16,2023,1,2,Road Accidents,Junction,City/Town,Open area,Human Error,No,Grievous Injury,Vehicle to Vehicle,Controlled,Others,Minor District Road,Bitumen(Tar),Dry,Not Applicable,Fine,Kanakapura Main Road,Krisnam Hotel Junction,3 km,12.888814,77.55682,0,0,0.0,0.0
Bengaluru City,Thalaghattapura Traffic PS,1.04432e+16,2023,1,2,Road Accidents,Narrow road,City/Town,Open area,Human Error,No,Damage Only,Vehicle to Vehicle,Give way sign,Others,Major District Road,Concrete,Dry,Not Applicable,Fine,Nice Road,Purvankara Bridje,4,12.971599,77.594566,0,0,0.0,0.0
Bengaluru City,Thalaghattapura Traffic PS,1.04432e+16,2023,1,2,Road Accidents,Narrow road,City/Town,Open area,Human Error,No,Fatal,Vehicle to Vehicle,No signal lights,Others,Major District Road,Bitumen(Tar),Dry,No influence on accident,Fine,Nice Road,Nice Road,3 KM,12.856504,77.532438,0,0,0.0,0.0
Bengaluru City,Upparpet Traffic PS,1.04432e+16,2016,1,2,Road Accidents,Junction,City/Town,Open area,Human Error,No,Damage Only,Drowned,Controlled,Others,Expressway,Bitumen(Tar),Dry,Not Applicable,Clear,K G Road,Mysore Bank,1,0.0,0.0,0,0,0.0,0.0
Bengaluru City,Upparpet Traffic PS,1.04432e+16,2016,1,2,Road Accidents,Junction,City/Town,Open area,Human Error,No,Grievous Injury,Others,Controlled,Not Applicable,City or Town Road,Bitumen(Tar),Not Applicable,Not Applicable,Clear,L T P Road,Upparpet Police Station,0.2,0.0,0.0,0,0,0.0,0.0
Bengaluru City,Upparpet Traffic PS,1.04432e+16,2016,1,1,Road Accidents,Other,City/Town,Open area,Human Error,No,Damage Only,Head on,Controlled,Others,City or Town Road,Bitumen(Tar),Dry,Not Applicable,Clear,Hotel Parking Premisis,Surakasha Residency HOtel,1,0.0,0.0,0,0,0.0,0.0
Bengaluru City,Upparpet Traffic PS,1.04432e+16,2016,1,2,Not Applicable,Circle,City/Town,Open area,Human Error,Yes,Simple Injury,Hit and Run,Not at  Junction,Not Applicable,City or Town Road,Bitumen(Tar),Not Applicable,Not Applicable,Not Applicable,K G Road,Janatha Bazar,0.5,0.0,0.0,0,0,0.0,0.0
Bengaluru City,Upparpet Traffic PS,1.04432e+16,2016,1,2,Road Accidents,Culvert,City/Town,Near School or College,Human Error,Yes,Grievous Injury,Hit and Run,Controlled,Not Applicable,City or Town Road,Bitumen(Tar),Dry,Not Applicable,Clear,Palace Road,VHD Home Science college,1,0.0,0.0,0,0,0.0,0.0
Bengaluru City,Upparpet Traffic PS,1.04432e+16,2016,1,2,Road Accidents,Junction,City/Town,Open area,Human Error,No,Damage Only,Overturning,Controlled,Not Applicable,City or Town Road,Bitumen(Tar),Dry,Not Applicable,Clear,Sheshadri Road,freedom Park,1,0.0,0.0,0,0,0.0,0.0
Bengaluru City,Upparpet Traffic PS,1.04432e+16,2016,1,1,Road Accidents,Other,City/Town,Near Bus stop,Human Error,No,Grievous Injury,Hit parked vehicle,Controlled,Others,City or Town Road,Concrete,Dry,Not Applicable,Clear,BMTC Bus Stand,Majestic,0.5,0.0,0.0,0,0,0.0,0.0
Bengaluru City,Upparpet Traffic PS,1.04432e+16,2016,1,1,Rail Road Accidents,Circle,City/Town,Open area,Human Error,Yes,Fatal,Hit and Run,Controlled,Not Applicable,City or Town Road,Bitumen(Tar),Not Applicable,Not Applicable,Clear,Ghandhinagar,TOT jxn,1,0.0,0.0,0,0,0.0,0.0
Bengaluru City,Upparpet Traffic PS,1.04432e+16,2016,1,2,Road Accidents,Narrow road,City/Town,Open area,Human Error,No,Damage Only,Others,Not at  Junction,Not Applicable,City or Town Road,Bitumen(Tar),Dry,Not Applicable,Clear,K G Road,Alankar Plaza,0.5,0.0,0.0,0,0,0.0,0.0
Bengaluru City,Upparpet Traffic PS,1.04432e+16,2016,1,1,Road Accidents,Cross roads,City/Town,Open area,Human Error,Yes,Simple Injury,Head on,Controlled,Others,City or Town Road,Bitumen(Tar),Dry,Not Applicable,Clear,S C Road,Movieland Theatre,1,0.0,0.0,0,0,0.0,0.0
Bengaluru City,Upparpet Traffic PS,1.04432e+16,2016,1,3,Road Accidents,Cross roads,City/Town,Near Bus stop,Human Error,No,Grievous Injury,Drowned,Controlled,Curve,City or Town Road,Bitumen(Tar),Dry,Not Applicable,Clear,Tank Bund Road,Majestic,1,0.0,0.0,0,0,0.0,0.0
Bengaluru City,Upparpet Traffic PS,1.04432e+16,2016,1,1,Road Accidents,Not Applicable,City/Town,Near Bus stop,Human Error,Yes,Grievous Injury,Hit and Run,Controlled,Slight Curve,City or Town Road,Concrete,Dry,Not Applicable,Clear,BMTC Bus Stand,Platform 17,1,0.0,0.0,0,0,0.0,0.0
Bengaluru City,Upparpet Traffic PS,1.04432e+16,2016,1,2,Road Accidents,Cross roads,City/Town,Open area,Human Error,Yes,Simple Injury,Hit and Run,Not at  Junction,Curve and Incline,City or Town Road,Bitumen(Tar),Others,Not Applicable,Clear,Kalidas road,Freedom Park,1km,0.0,0.0,0,1,0.0,1.0
Bengaluru City,Upparpet Traffic PS,1.04432e+16,2016,1,1,Road Accidents,Other,City/Town,Open area,Human Error,Yes,Grievous Injury,Head on,Controlled,Curve,City or Town Road,Bitumen(Tar),Dry,Not Applicable,Clear,Balepet Main Road,SVT Bakery,0.5,0.0,0.0,0,0,0.0,0.0
Bengaluru City,Upparpet Traffic PS,1.04432e+16,2016,1,1,Road Accidents,Circle,City/Town,Near Bus stop,Human Error,No,Grievous Injury,Head on,Controlled,Not Applicable,City or Town Road,Bitumen(Tar),Others,Not Applicable,Clear,BMTC bus stand Platform 15,Majestic,1,0.0,0.0,0,1,0.0,1.0
Bengaluru City,Upparpet Traffic PS,1.04432e+16,2016,1,1,Road Accidents,Not Applicable,City/Town,Near Bus stop,Human Error,No,Grievous Injury,Hit pedestrian,Give way sign,Not Applicable,Arterial,Not Applicable,Dry,Not Applicable,Clear,KSRTC Terminlal-3 Bus Stand,KSRTC Bus Stand,0.5,0.0,0.0,0,0,0.0,0.0
Bengaluru City,Upparpet Traffic PS,1.04432e+16,2016,1,2,Road Accidents,Bridge,City/Town,Narrow bridge or culverts,Human Error,No,Grievous Injury,Side swipe,Controlled,Others,City or Town Road,Bitumen(Tar),Dry,Not Applicable,Clear,Sheshadri Road,Fire Station,1,0.0,0.0,0,0,0.0,0.0
Bengaluru City,Upparpet Traffic PS,1.04432e+16,2016,1,1,Not Applicable,Other,City/Town,Open area,Human Error,Yes,Grievous Injury,Hit and Run,Controlled,Curve,City or Town Road,Bitumen(Tar),Others,Not Applicable,Clear,K G road,Near Boomika Theatre,1,0.0,0.0,0,1,0.0,1.0
Bengaluru City,Upparpet Traffic PS,1.04432e+16,2016,1,2,Road Accidents,Cross roads,City/Town,Near office complex,Human Error,Yes,Simple Injury,Hit and Run,Not Applicable,Dip or trough,City or Town Road,Bitumen(Tar),Not Applicable,Not Applicable,Others,K G Road,Maharaja Complex,0.5,0.0,0.0,0,0,0.0,0.0
Bengaluru City,Upparpet Traffic PS,1.04432e+16,2016,1,2,Road Accidents,Junction,City/Town,Open area,Human Error,No,Grievous Injury,Others,Controlled,Not Applicable,City or Town Road,Bitumen(Tar),Dry,Not Applicable,Clear,k g road,Sagar Junction,1,0.0,0.0,0,0,0.0,0.0
Bengaluru City,Upparpet Traffic PS,1.04432e+16,2016,1,1,Road Accidents,Curves,City/Town,Near Bus stop,Human Error,No,Grievous Injury,Overturning,Controlled,Curve,City or Town Road,Concrete,Dry,Not Applicable,Clear,BMTC Bus Stand,Platform 17,1,0.0,0.0,0,0,0.0,0.0
Bengaluru City,Upparpet Traffic PS,1.04432e+16,2016,1,2,Not Applicable,Junction,City/Town,Open area,Human Error,Yes,Simple Injury,Hit and Run,Not at  Junction,Not Applicable,City or Town Road,Bitumen(Tar),Not Applicable,Not Applicable,Others,K G Road,UCO bank,0.5,0.0,0.0,0,0,0.0,0.0
Bengaluru City,Upparpet Traffic PS,1.04432e+16,2016,1,2,Road Accidents,Narrow road,City/Town,Open area,Human Error,Not Applicable,Grievous Injury,Others,Not Applicable,Others,City or Town Road,Bitumen(Tar),Others,No influence on accident,Clear,K G road,Alankar Plaza,0.5,0.0,0.0,0,1,0.0,1.0
Bengaluru City,Upparpet Traffic PS,1.04432e+16,2016,1,1,Road Accidents,Other,City/Town,Open area,Human Error,Yes,Grievous Injury,Not Applicable,Controlled,Others,One way,Bitumen(Tar),Not Applicable,Not Applicable,Clear,sheetal hotel,anandarao circle,1,0.0,0.0,0,0,0.0,0.0
Bengaluru City,Upparpet Traffic PS,1.04432e+16,2016,1,2,Road Accidents,Junction,City/Town,Open area,Human Error,No,Simple Injury,Drowned,Controlled,Not Applicable,City or Town Road,Bitumen(Tar),Dry,No influence on accident,Clear,K G Road,Mysore Bank,1,0.0,0.0,0,0,0.0,0.0
Bengaluru City,Upparpet Traffic PS,1.04432e+16,2016,1,1,Road Accidents,Not Applicable,City/Town,Near Bus stop,Human Error,No,Fatal,Hit pedestrian,Controlled,Curve,City or Town Road,Concrete,Dry,Not Applicable,Clear,BMTC Bus stand 4th Ring,Platform 19 D,1,0.0,0.0,0,0,0.0,0.0
Bengaluru City,Upparpet Traffic PS,1.04432e+16,2016,1,1,Road Accidents,Junction,City/Town,Open area,Human Error,Yes,Grievous Injury,Hit and Run,Controlled,Not Applicable,City or Town Road,Bitumen(Tar),Dry,Not Applicable,Clear,K G Road,Mysore Bank,1,0.0,0.0,0,0,0.0,0.0
Bengaluru City,Upparpet Traffic PS,1.04432e+16,2016,1,1,Road Accidents,Circle,City/Town,Near office complex,Human Error,Yes,Simple Injury,Hit and Run,Controlled,Curve,City or Town Road,Bitumen(Tar),Others,Not Applicable,Clear,K G road,Sagar Junction,1,12.974303,77.578304,0,1,0.0,1.0
Bengaluru City,Upparpet Traffic PS,1.04432e+16,2016,1,2,Road Accidents,Cross roads,City/Town,Near Bus stop,Human Error,Yes,Grievous Injury,Hit and Run,Controlled,Not Applicable,City or Town Road,Bitumen(Tar),Not Applicable,Not Applicable,Clear,Majestic,Majestic,1,0.0,0.0,0,0,0.0,0.0
Bengaluru City,Upparpet Traffic PS,1.04432e+16,2017,1,1,Road Accidents,Narrow road,City/Town,Open area,Human Error,No,Grievous Injury,Others,Controlled,Others,City or Town Road,Bitumen(Tar),Others,No influence on accident,Clear,Sheshadri Road,Fire Station,1km,0.0,0.0,0,1,0.0,1.0
Bengaluru City,Upparpet Traffic PS,1.04432e+16,2017,1,1,Road Accidents,Circle,City/Town,Open area,Human Error,No,Grievous Injury,Head on,Controlled,Curve,City or Town Road,Bitumen(Tar),Dry,Not Applicable,Clear,Ghandhinagar,Kalidas Road,1,0.0,0.0,0,0,0.0,0.0
Bengaluru City,Upparpet Traffic PS,1.04432e+16,2017,1,2,Road Accidents,Narrow road,City/Town,Open area,Human Error,Yes,Simple Injury,Hit and Run,Controlled,Not Applicable,City or Town Road,Bitumen(Tar),Others,Not Applicable,Clear,Kempegowda Road,Janatha Bazar,0.5,0.0,0.0,0,1,0.0,1.0
Bengaluru City,Upparpet Traffic PS,1.04432e+16,2017,1,1,Road Accidents,Narrow road,City/Town,In bazaar,Human Error,Yes,Grievous Injury,Hit and Run,Controlled,Straight and flat,City or Town Road,Bitumen(Tar),Others,Not Applicable,Clear,S C road,Kapali theater,1,0.0,0.0,0,1,0.0,1.0
Bengaluru City,Upparpet Traffic PS,1.04432e+16,2017,1,2,Road Accidents,Junction,City/Town,Open area,Human Error,Yes,Grievous Injury,Hit and Run,Controlled,Curve,City or Town Road,Bitumen(Tar),Not Applicable,Not Applicable,Clear,Tank Bund Road,Majestic,1,0.0,0.0,0,0,0.0,0.0
Bengaluru City,Upparpet Traffic PS,1.04432e+16,2017,1,1,Road Accidents,Narrow road,City/Town,In bazaar,Human Error,Yes,Grievous Injury,Hit and Run,Controlled,Others,City or Town Road,Bitumen(Tar),Others,Not Applicable,Clear,S C Road,Moviland theatre,1,0.0,0.0,0,1,0.0,1.0
Bengaluru City,Upparpet Traffic PS,1.04432e+16,2017,1,2,Road Accidents,Narrow road,City/Town,Open area,Human Error,No,Damage Only,Others,Controlled,Others,City or Town Road,Bitumen(Tar),Others,No influence on accident,Clear,Hospital road 2nd crs,Hospital road,1km,0.0,0.0,0,1,0.0,1.0
Bengaluru City,Upparpet Traffic PS,1.04432e+16,2017,1,1,Road Accidents,Other,City/Town,Open area,Human Error,No,Grievous Injury,Others,Controlled,Others,City or Town Road,Bitumen(Tar),Others,No influence on accident,Clear,Majestic,Majestic,0.5 KM,0.0,0.0,0,1,0.0,1.0
Bengaluru City,Upparpet Traffic PS,1.04432e+16,2017,1,2,Road Accidents,Narrow road,City/Town,Open area,Human Error,Yes,Fatal,Hit and Run,Controlled,Others,City or Town Road,Bitumen(Tar),Dry,Not Applicable,Clear,L.T.P Road,Shanthala Circle,1,0.0,0.0,0,0,0.0,0.0
Bengaluru City,Upparpet Traffic PS,1.04432e+16,2017,1,1,Road Accidents,Narrow road,City/Town,Near Bus stop,Human Error,No,Grievous Injury,Head on,Controlled,Curve,City or Town Road,Bitumen(Tar),Others,Not Applicable,Clear,S C Road,Anandarao Circle,1,0.0,0.0,0,1,0.0,1.0
Bengaluru City,Upparpet Traffic PS,1.04432e+16,2017,1,2,Road Accidents,Narrow road,City/Town,Open area,Human Error,No,Grievous Injury,Others,Controlled,Others,City or Town Road,Bitumen(Tar),Others,No influence on accident,Clear,Sheshadri Road,Freedom Park,1km,0.0,0.0,0,1,0.0,1.0
Bengaluru City,Upparpet Traffic PS,1.04432e+16,2017,1,2,Road Accidents,Narrow road,City/Town,Open area,Vehicle Defect,No,Damage Only,Others,Controlled,Others,City or Town Road,Bitumen(Tar),Others,Not Applicable,Clear,K G Road,KG CIRCLE,0.2,0.0,0.0,0,1,0.0,1.0
Bengaluru City,Upparpet Traffic PS,1.04432e+16,2017,1,1,Road Accidents,Junction,City/Town,Near Bus stop,Human Error,Yes,Grievous Injury,Hit and Run,Controlled,Curve,City or Town Road,Bitumen(Tar),Others,Not Applicable,Clear,T B Road,Majestic,1,0.0,0.0,0,1,0.0,1.0
Bengaluru City,Upparpet Traffic PS,1.04432e+16,2017,1,2,Road Accidents,Bridge,City/Town,Open area,Human Error,No,Grievous Injury,Head on,Controlled,Not Applicable,City or Town Road,Bitumen(Tar),Dry,Not Applicable,Clear,Palace Road,Maharani Underpass,1,0.0,0.0,0,0,0.0,0.0