DISTRICTNAME,UNITNAME,Crime_No,Year,RI,Noofvehicle_involved,Accident_Classification,Accident_Spot,Accident_Location,Accident_SubLocation,Main_Cause,Hit_Run,Severity,Collision_Type,Junction_Control,Road_Character,Road_Type,Surface_Type,Surface_Condition,Road_Condition,Weather,Accident_Road,Landmark_first,Distance_LandMark_First,Latitude,Longitude,Road_Condition_Score,Surface_Condition_Score,Surface_Type_Score,Road_Risk_Index
Bengaluru City,Upparpet Traffic PS,1.04432e+16,2017,1,1,Road Accidents,Bridge,City/Town,Open area,Human Error,No,Fatal,Head on,Controlled,Others,City or Town Road,Bitumen(Tar),Others,Not Applicable,Clear,Sheshadri Road,Fire Station,1,0.0,0.0,0,1,0.0,1.0
Bengaluru City,Upparpet Traffic PS,1.04432e+16,2017,1,1,Road Accidents,Other,City/Town,Open area,Human Error,No,Grievous Injury,Head on,Controlled,Others,City or Town Road,Bitumen(Tar),Others,Not Applicable,Clear,T B Road,Ganesha Temple,1,0.0,0.0,0,1,0.0,1.0
Bengaluru City,Upparpet Traffic PS,1.04432e+16,2017,1,1,Road Accidents,Narrow road,City/Town,Open area,Human Error,No,Grievous Injury,Others,Controlled,Others,City or Town Road,Bitumen(Tar),Others,No influence on accident,Clear,Ghandhinagar near Jain temple,Jain temple ghandi nagara,0.5 KM,0.0,0.0,0,1,0.0,1.0
Bengaluru City,Upparpet Traffic PS,1.04432e+16,2017,1,2,Road Accidents,Junction,City/Town,In bazaar,Human Error,No,Fatal,Others,Controlled,Others,City or Town Road,Bitumen(Tar),Others,Not Applicable,Clear,K G Road,Mysore Bank,1,0.0,0.0,0,1,0.0,1.0
Bengaluru City,Upparpet Traffic PS,1.04432e+16,2017,1,2,Road Accidents,Other,City/Town,Open area,Human Error,Yes,Damage Only,Head on,Controlled,Others,City or Town Road,Bitumen(Tar),Others,Not Applicable,Clear,Sheshadri Road,Freedom Park,1,0.0,0.0,0,1,0.0,1.0
Bengaluru City,Upparpet Traffic PS,1.04432e+16,2017,1,1,Road Accidents,Narrow road,City/Town,Near Bus stop,Human Error,Yes,Fatal,Hit and Run,Controlled,Not Applicable,City or Town Road,Bitumen(Tar),Dry,Not Applicable,Clear,BMTC Service Road,BMTC Bus Stand,60,0.0,0.0,0,0,0.0,0.0
Bengaluru City,Upparpet Traffic PS,1.04432e+16,2017,1,1,Road Accidents,Narrow road,City/Town,Open area,Human Error,No,Fatal,Others,Controlled,Others,City or Town Road,Bitumen(Tar),Others,No influence on accident,Clear,Y Ramachandra Road,Y Ramchandra Road,0.5 Km,0.0,0.0,0,1,0.0,1.0
Bengaluru City,Upparpet Traffic PS,1.04432e+16,2017,1,1,Road Accidents,Circle,City/Town,At pedestrian Crossing,Human Error,No,Grievous Injury,Head on,Controlled,Curve,City or Town Road,Bitumen(Tar),Others,Not Applicable,Clear,S C Road,Moviland theatre,1,0.0,0.0,0,1,0.0,1.0
Bengaluru City,Upparpet Traffic PS,1.04432e+16,2017,1,1,Road Accidents,Narrow road,City/Town,Near School or College,Human Error,No,Grievous Injury,Head on,Controlled,Others,City or Town Road,Bitumen(Tar),Dry,Not Applicable,Clear,Sheshadri Road,Maharani College,1,0.0,0.0,0,0,0.0,0.0
Bengaluru City,Upparpet Traffic PS,1.04432e+16,2017,1,2,Road Accidents,Narrow road,City/Town,Open area,Human Error,Yes,Grievous Injury,Others,Controlled,Others,City or Town Road,Bitumen(Tar),Others,No influence on accident,Clear,Sheshadri Road,Freedom Park junction,1km,0.0,0.0,0,1,0.0,1.0
Bengaluru City,Upparpet Traffic PS,1.04432e+16,2017,1,1,Road Accidents,Junction,City/Town,In bazaar,Human Error,No,Grievous Injury,Head on,Controlled,Curve,City or Town Road,Bitumen(Tar),Others,Not Applicable,Clear,Y Ramachandra Road,TOT jxn,1,0.0,0.0,0,1,0.0,1.0
Bengaluru City,Upparpet Traffic PS,1.04432e+16,2017,1,1,Road Accidents,Narrow road,City/Town,Open area,Human Error,No,Grievous Injury,Others,Controlled,Others,City or Town Road,Bitumen(Tar),Others,No influence on accident,Clear,K G Road,Elite Junction,0.2 KM,0.0,0.0,0,1,0.0,1.0
Bengaluru City,Upparpet Traffic PS,1.04432e+16,2017,1,1,Road Accidents,Narrow road,City/Town,Open area,Human Error,No,Grievous Injury,Others,Controlled,Others,City or Town Road,Bitumen(Tar),Others,No influence on accident,Clear,T B Road,Sanman Gate,0.5,0.0,0.0,0,1,0.0,1.0
Bengaluru City,Upparpet Traffic PS,1.04432e+16,2017,1,1,Rail Road Accidents,Circle,City/Town,Near Bus stop,Human Error,Yes,Fatal,Overturning,Controlled,Others,City or Town Road,Gravel,Dry,Not Applicable,Clear,KSRTC Terminla-3 Bus Stand,Shanthala Circle,0.5,0.0,0.0,0,0,3.0,3.0
Bengaluru City,Upparpet Traffic PS,1.04432e+16,2017,1,2,Road Accidents,Junction,City/Town,Open area,Human Error,No,Damage Only,Head on,Controlled,Straight and flat,City or Town Road,Bitumen(Tar),Dry,Not Applicable,Clear,K G Road,Maharaja Complex,0.5,0.0,0.0,0,0,0.0,0.0
Bengaluru City,Upparpet Traffic PS,1.04432e+16,2017,1,1,Road Accidents,Cross roads,City/Town,Residential area,Human Error,Yes,Grievous Injury,Hit and Run,Controlled,Not Applicable,Expressway,Bitumen(Tar),Others,Not Applicable,Clear,Balepet Main Road,Laksminarasimha Temple,0.3 KM,0.0,0.0,0,1,0.0,1.0
Bengaluru City,Upparpet Traffic PS,1.04432e+16,2017,1,2,Road Accidents,Bridge,City/Town,Open area,Human Error,No,Grievous Injury,Head on,Controlled,Curve,City or Town Road,Bitumen(Tar),Not Applicable,Not Applicable,Clear,Sheshadri Road,anandarao circle,1,0.0,0.0,0,0,0.0,0.0
Bengaluru City,Upparpet Traffic PS,1.04432e+16,2017,1,1,Road Accidents,Narrow road,City/Town,Near Bus stop,Human Error,Yes,Grievous Injury,Hit and Run,Controlled,Curve,City or Town Road,Bitumen(Tar),Others,Not Applicable,Clear,BMTC Service Road,Majestic,1,0.0,0.0,0,1,0.0,1.0
Bengaluru City,Upparpet Traffic PS,1.04432e+16,2017,1,1,Road Accidents,Narrow road,City/Town,In bazaar,Human Error,Yes,Grievous Injury,Hit and Run,Controlled,Others,City or Town Road,Bitumen(Tar),Others,Not Applicable,Clear,Hospital road,Maharaja Complex,1,0.0,0.0,0,1,0.0,1.0
Bengaluru City,Upparpet Traffic PS,1.04432e+16,2017,1,1,Road Accidents,Narrow road,City/Town,In bazaar,Human Error,Yes,Grievous Injury,Hit and Run,Controlled,Not Applicable,City or Town Road,Bitumen(Tar),Wet,Not Applicable,Clear,Gandhinagar 5th main Road,Karnataka Rakshana Vedike Office,1,0.0,0.0,0,3,0.0,3.0
Bengaluru City,Upparpet Traffic PS,1.04432e+16,2017,1,1,Road Accidents,Bridge,City/Town,Open area,Human Error,Yes,Fatal,Hit and Run,Controlled,Others,City or Town Road,Bitumen(Tar),Others,Not Applicable,Others,T B Road,Ganesha Temple,1,0.0,0.0,0,1,0.0,1.0
Bengaluru City,Upparpet Traffic PS,1.04432e+16,2017,1,2,Road Accidents,Narrow road,City/Town,Open area,Human Error,No,Grievous Injury,Others,Controlled,Others,City or Town Road,Bitumen(Tar),Others,No influence on accident,Clear,"K,G Road near Mysore Bank circle",Mysore Bank,1km,0.0,0.0,0,1,0.0,1.0
Bengaluru City,Upparpet Traffic PS,1.04432e+16,2017,1,2,Road Accidents,Junction,City/Town,Open area,Human Error,Yes,Grievous Injury,Hit and Run,Controlled,Not Applicable,City or Town Road,Bitumen(Tar),Wet,Not Applicable,Light Rain,K G Road,Sagar Theatre,0.5,0.0,0.0,0,3,0.0,3.0
Bengaluru City,Upparpet Traffic PS,1.04432e+16,2017,1,2,Road Accidents,Circle,City/Town,Open area,Human Error,Yes,Grievous Injury,Hit and Run,Controlled,Others,City or Town Road,Bitumen(Tar),Others,Not Applicable,Clear,K G Road,Sagar Junction,1,0.0,0.0,0,1,0.0,1.0
Bengaluru City,Upparpet Traffic PS,1.04432e+16,2017,1,2,Road Accidents,Narrow road,City/Town,Near Bus stop,Human Error,No,Grievous Injury,Head on,Controlled,Not Applicable,City or Town Road,Bitumen(Tar),Not Applicable,Not Applicable,Clear,L T P Road,KSRTC Terminal 3 Bus Stand,1,0.0,0.0,0,0,0.0,0.0
Bengaluru City,Upparpet Traffic PS,1.04432e+16,2017,1,1,Road Accidents,Curves,City/Town,Open area,Human Error,No,Grievous Injury,Not Applicable,Controlled,Curve,City or Town Road,Concrete,Dry,Not Applicable,Clear,Majestic,Majestic,1,0.0,0.0,0,0,0.0,0.0
Bengaluru City,Upparpet Traffic PS,1.04432e+16,2017,1,1,Road Accidents,Narrow road,City/Town,In bazaar,Human Error,No,Grievous Injury,Head on,Controlled,Curve,City or Town Road,Bitumen(Tar),Not Applicable,Not Applicable,Clear,Palace Road,Mysore Bank,1,0.0,0.0,0,0,0.0,0.0
Bengaluru City,Upparpet Traffic PS,1.04432e+16,2017,1,2,Road Accidents,Narrow road,City/Town,Open area,Human Error,Yes,Grievous Injury,Others,Controlled,Others,City or Town Road,Bitumen(Tar),Others,No influence on accident,Clear,K G Road,Alankar Plaza,0.5 KM,0.0,0.0,0,1,0.0,1.0
Bengaluru City,Upparpet Traffic PS,1.04432e+16,2017,1,1,Road Accidents,Curves,City/Town,Near Bus stop,Human Error,Yes,Grievous Injury,Others,Controlled,Curve,City or Town Road,Bitumen(Tar),Dry,Not Applicable,Fine,T B Road,Majestic Hotel,0.5,0.0,0.0,0,0,0.0,0.0
Bengaluru City,Upparpet Traffic PS,1.04432e+16,2017,1,1,Rail Road Accidents,Narrow road,City/Town,Near Bus stop,Human Error,Yes,Grievous Injury,Hit and Run,Controlled,Others,City or Town Road,Bitumen(Tar),Others,Not Applicable,Clear,Tank Bund Road,Ganesha Temple,0.5,0.0,0.0,0,1,0.0,1.0
Bengaluru City,Upparpet Traffic PS,1.04432e+16,2017,1,1,Road Accidents,Circle,City/Town,Near Bus stop,Human Error,No,Fatal,Head on,Controlled,Hump,City or Town Road,Bitumen(Tar),Dry,Not Applicable,Clear,T B road,Mejestic,1,0.0,0.0,0,0,0.0,0.0
Bengaluru City,Upparpet Traffic PS,1.04432e+16,2018,1,2,Road Accidents,Narrow road,City/Town,Near a religious place,Human Error,No,Simple Injury,Head on,Controlled,Not Applicable,City or Town Road,Bitumen(Tar),Others,Not Applicable,Clear,KSRTC  Service Road,KSRTC Service Road,1,0.0,0.0,0,1,0.0,1.0
Bengaluru City,Upparpet Traffic PS,1.04432e+16,2018,1,2,Road Accidents,Narrow road,City/Town,Open area,Human Error,No,Damage Only,Head on,Controlled,Not Applicable,City or Town Road,Bitumen(Tar),Not Applicable,Not Applicable,Clear,Sheshadri Road,Freedompark,1,0.0,0.0,0,0,0.0,0.0
Bengaluru City,Upparpet Traffic PS,1.04432e+16,2018,1,1,Road Accidents,Circle,City/Town,Near Bus stop,Human Error,No,Grievous Injury,Hit and Run,Controlled,Others,City or Town Road,Bitumen(Tar),Others,Not Applicable,Clear,Majestic,Majestic,1,0.0,0.0,0,1,0.0,1.0
Bengaluru City,Upparpet Traffic PS,1.04432e+16,2018,1,4,Road Accidents,Cross roads,City/Town,Near Bus stop,Human Error,No,Simple Injury,Head on,Controlled,Curve,City or Town Road,Bitumen(Tar),Others,Not Applicable,Clear,T B road,Mejestic,1,0.0,0.0,0,1,0.0,1.0
Bengaluru City,Upparpet Traffic PS,1.04432e+16,2018,1,1,Road Accidents,Narrow road,City/Town,Open area,Human Error,Yes,Simple Injury,Hit and Run,Controlled,Curve,City or Town Road,Bitumen(Tar),Not Applicable,Not Applicable,Clear,K G Road,K G Circle,1,0.0,0.0,0,0,0.0,0.0
Bengaluru City,Upparpet Traffic PS,1.04432e+16,2018,1,1,Road Accidents,Not Applicable,City/Town,Near Bus stop,Human Error,No,Grievous Injury,Hit pedestrian,Not Applicable,Not Applicable,Others,Bitumen(Tar),Dry,Not Applicable,Clear,bmtc bustop,mejestic,0.5,0.0,0.0,0,0,0.0,0.0
Bengaluru City,Upparpet Traffic PS,1.04432e+16,2018,1,1,Road Accidents,Not Applicable,City/Town,Open area,Human Error,No,Grievous Injury,Head on,Controlled,Not Applicable,City or Town Road,Bitumen(Tar),Others,Not Applicable,Clear,LTP Road,Upparpete traffic police Statin,1,0.0,0.0,0,1,0.0,1.0
Bengaluru City,Upparpet Traffic PS,1.04432e+16,2018,1,1,Road Accidents,Other,City/Town,Near Bus stop,Human Error,No,Grievous Injury,Head on,Controlled,Not Applicable,City or Town Road,Bitumen(Tar),Others,Not Applicable,Clear,T B Road,Majestic,1,0.0,0.0,0,1,0.0,1.0
Bengaluru City,Upparpet Traffic PS,1.04432e+16,2018,1,2,Road Accidents,Not Applicable,City/Town,Residential area,Not Applicable,Yes,Grievous Injury,Hit and Run,Not at  Junction,Not Applicable,Residential Street,Bitumen(Tar),Dry,Not Applicable,Clear,Sheshadri Road,Anandarao Circle,0.5,0.0,0.0,0,0,0.0,0.0
Bengaluru City,Upparpet Traffic PS,1.04432e+16,2018,1,1,Road Accidents,Other,City/Town,Near Bus stop,Human Error,No,Grievous Injury,Hit pedestrian,Not Applicable,Not Applicable,Service Road,Bitumen(Tar),Dry,Not Applicable,Clear,BMTC Service Road,Majestic,0.5,0.0,0.0,0,0,0.0,0.0
Bengaluru City,Upparpet Traffic PS,1.04432e+16,2018,1,3,Road Accidents,Narrow road,City/Town,Near Bus stop,Human Error,Not Applicable,Damage Only,Head on,Controlled,Not Applicable,City or Town Road,Bitumen(Tar),Dry,Not Applicable,Clear,KSRTC Service Raod,Terminal 2,1,0.0,0.0,0,0,0.0,0.0
Bengaluru City,Upparpet Traffic PS,1.04432e+16,2018,1,1,Road Accidents,Other,City/Town,Open area,Human Error,Yes,Fatal,Others,Controlled,Others,City or Town Road,Bitumen(Tar),Others,Not Applicable,Clear,T B Road,Majestic,1,0.0,0.0,0,1,0.0,1.0
Bengaluru City,Upparpet Traffic PS,1.04432e+16,2018,1,2,Road Accidents,Junction,City/Town,Near Petrol Pump,Not Applicable,No,Simple Injury,Others,Signal lights Automatic,Others,Others,Bitumen(Tar),Dry,Not Applicable,Clear,Y Ramachandar Road,Kanakadas Circle,0.5,0.0,0.0,0,0,0.0,0.0
Bengaluru City,Upparpet Traffic PS,1.04432e+16,2018,1,1,Road Accidents,Other,City/Town,Near Bus stop,Human Error,No,Simple Injury,Hit pedestrian,No signal lights,Others,Service Road,Bitumen(Tar),Dry,Not Applicable,Clear,bmtc bustop,Majestic,0.5,0.0,0.0,0,0,0.0,0.0
Bengaluru City,Upparpet Traffic PS,1.04432e+16,2018,1,2,Road Accidents,Circle,City/Town,Open area,Human Error,No,Damage Only,Head on,Controlled,Curve,City or Town Road,Bitumen(Tar),Others,Not Applicable,Clear,S C Road,Anandarao Circle,1,0.0,0.0,0,1,0.0,1.0
Bengaluru City,Upparpet Traffic PS,1.04432e+16,2018,1,1,Road Accidents,Narrow road,City/Town,Near Bus stop,Human Error,Yes,Fatal,Hit and Run,Controlled,Others,City or Town Road,Bitumen(Tar),Others,Not Applicable,Clear,T B Road,Majestic,1,0.0,0.0,0,1,0.0,1.0
Bengaluru City,Upparpet Traffic PS,1.04432e+16,2018,1,1,Road Accidents,Other,City/Town,Residential area,Human Error,No,Grievous Injury,Hit pedestrian,Not Applicable,Hump,Residential Street,Bitumen(Tar),Dry,Not Applicable,Clear,Sheshadri Road,mejestic,0.5,0.0,0.0,0,0,0.0,0.0
Bengaluru City,Upparpet Traffic PS,1.04432e+16,2018,1,2,Road Accidents,Circle,City/Town,In bazaar,Human Error,No,Grievous Injury,Head on,Controlled,Curve,City or Town Road,Bitumen(Tar),Others,Not Applicable,Clear,Sheshadri Road,Anandarao Circle,1,0.0,0.0,0,1,0.0,1.0
Bengaluru City,Upparpet Traffic PS,1.04432e+16,2018,1,1,Road Accidents,Junction,City/Town,In bazaar,Human Error,Yes,Grievous Injury,Hit and Run,Controlled,Not Applicable,City or Town Road,Bitumen(Tar),Others,Not Applicable,Clear,Palace Road,Maharani College,1,0.0,0.0,0,1,0.0,1.0
Bengaluru City,Upparpet Traffic PS,1.04432e+16,2018,1,1,Road Accidents,Curves,City/Town,Near Bus stop,Human Error,No,Fatal,Overturning,Controlled,Curve,City or Town Road,Concrete,Not Applicable,Not Applicable,Clear,bmtc bustop,Majestic,1,0.0,0.0,0,0,0.0,0.0
Bengaluru City,Upparpet Traffic PS,1.04432e+16,2018,1,1,Road Accidents,Cross roads,City/Town,Near Bus stop,Human Error,No,Grievous Injury,Head on,Controlled,Others,City or Town Road,Bitumen(Tar),Not Applicable,Not Applicable,Clear,Sheshadri Road,SRS Bus Stand,1,0.0,0.0,0,0,0.0,0.0
Bengaluru City,Upparpet Traffic PS,1.04432e+16,2018,1,3,Road Accidents,Narrow road,City/Town,Open area,Human Error,No,Grievous Injury,Hit and Run,Controlled,Others,City or Town Road,Bitumen(Tar),Not Applicable,Not Applicable,Clear,K G Road,Pothys Showroom,0.5,0.0,0.0,0,0,0.0,0.0
Bengaluru City,Upparpet Traffic PS,1.04432e+16,2018,1,2,Road Accidents,Bridge,City/Town,Residential area,Human Error,Yes,Grievous Injury,Hit and Run,Controlled,Others,City or Town Road,Bitumen(Tar),Dry,Not Applicable,Clear,Sheshadri Road,Anandarao Circle,0.5,0.0,0.0,0,0,0.0,0.0
Bengaluru City,Upparpet Traffic PS,1.04432e+16,2018,1,2,Road Accidents,Narrow road,City/Town,Open area,Human Error,No,Fatal,Head on,Controlled,Others,City or Town Road,Bitumen(Tar),Not Applicable,Not Applicable,Clear,S C Road,Ramakrishna Lodge,0.5 km,0.0,0.0,0,0,0.0,0.0
Bengaluru City,Upparpet Traffic PS,1.04432e+16,2018,1,2,Road Accidents,Junction,City/Town,Open area,Human Error,No,Grievous Injury,Head on,Controlled,Curve,City or Town Road,Bitumen(Tar),Dry,Not Applicable,Clear,Palace Road,Palace Cross Juncition,1,0.0,0.0,0,0,0.0,0.0
Bengaluru City,Upparpet Traffic PS,1.04432e+16,2018,1,1,Road Accidents,Other,Not Applicable,Residential area,Not Applicable,No,Simple Injury,Hit pedestrian,Signal lights Automatic,Others,Residential Street,Bitumen(Tar),Dry,Not Applicable,Clear,T B road,mejestic,0.5,0.0,0.0,0,0,0.0,0.0
Bengaluru City,Upparpet Traffic PS,1.04432e+16,2018,1,2,Road Accidents,Junction,Not Applicable,In bazaar,Human Error,Yes,Damage Only,Hit and Run,Controlled,Curve,City or Town Road,Bitumen(Tar),Not Applicable,Not Applicable,Clear,K G Road,Alankar Plaza,1,0.0,0.0,0,0,0.0,0.0
Bengaluru City,Upparpet Traffic PS,1.04432e+16,2018,1,1,Road Accidents,Not Applicable,City/Town,Near Bus stop,Human Error,No,Grievous Injury,Hit pedestrian,Not at  Junction,Not Applicable,Service Road,Bitumen(Tar),Dry,Not Applicable,Clear,KSRTC Service Raod,mejestic,0.5,0.0,0.0,0,0,0.0,0.0
Bengaluru City,Upparpet Traffic PS,1.04432e+16,2018,1,2,Road Accidents,Junction,City/Town,Residential area,Human Error,No,Simple Injury,Not Applicable,Signal lights Blinking,Not Applicable,City or Town Road,Bitumen(Tar),Dry,Not Applicable,Clear,KG Road,Sagar Junction,0.5,0.0,0.0,0,0,0.0,0.0
Bengaluru City,Upparpet Traffic PS,1.04432e+16,2018,1,1,Road Accidents,Not Applicable,City/Town,Near Bus stop,Human Error,Yes,Fatal,Hit and Run,No signal lights,Not Applicable,Service Road,Bitumen(Tar),Dry,Not Applicable,Clear,KSRTC Service Road,KSRTC BUSTOP,0.5 Km,0.0,0.0,0,0,0.0,0.0
Bengaluru City,Upparpet Traffic PS,1.04432e+16,2018,1,1,Road Accidents,Other,City/Town,Residential area,Human Error,No,Simple Injury,Hit pedestrian,Not Applicable,Others,City or Town Road,Bitumen(Tar),Dry,Not Applicable,Clear,Aveneo Road,Mysore Bank,1,0.0,0.0,0,0,0.0,0.0
Bengaluru City,Upparpet Traffic PS,1.04432e+16,2018,1,1,Road Accidents,Junction,City/Town,Near Bus stop,Human Error,No,Grievous Injury,Head on,Controlled,Curve,City or Town Road,Bitumen(Tar),Dry,Not Applicable,Clear,T B Road,Sanman Hotel,0.5,0.0,0.0,0,0,0.0,0.0
Bengaluru City,Upparpet Traffic PS,1.04432e+16,2018,1,2,Road Accidents,Narrow road,City/Town,Open area,Human Error,No,Grievous Injury,Head on,Controlled,Others,City or Town Road,Bitumen(Tar),Not Applicable,Not Applicable,Clear,K G Road,Janatha Bazar,0.5,0.0,0.0,0,0,0.0,0.0
Bengaluru City,Upparpet Traffic PS,1.04432e+16,2018,1,1,Road Accidents,Other,City/Town,Near Bus stop,Human Error,No,Grievous Injury,Hit pedestrian,No signal lights,Not Applicable,Not Applicable,Bitumen(Tar),Dry,Not Applicable,Clear,BMTC Centrel Bustop,Mejestic,0.5,0.0,0.0,0,0,0.0,0.0
Bengaluru City,Upparpet Traffic PS,1.04432e+16,2018,1,1,Road Accidents,Bottleneck,City/Town,Open area,Human Error,No,Grievous Injury,Head on,Controlled,Not Applicable,City or Town Road,Bitumen(Tar),Not Applicable,Not Applicable,Clear,Sheshadri Road,Freedompark,1,0.0,0.0,0,0,0.0,0.0
Bengaluru City,Upparpet Traffic PS,1.04432e+16,2018,1,2,Road Accidents,Narrow road,City/Town,Open area,Human Error,No,Grievous Injury,Head on,Controlled,Not Applicable,City or Town Road,Bitumen(Tar),Not Applicable,Not Applicable,Clear,Sheshadri Road,Kaveri Hotel,1,0.0,0.0,0,0,0.0,0.0
Bengaluru City,Upparpet Traffic PS,1.04432e+16,2018,1,1,Road Accidents,Narrow road,City/Town,Near Bus stop,Human Error,Yes,Grievous Injury,Hit and Run,Not Applicable,Not Applicable,City or Town Road,Bitumen(Tar),Others,Not Applicable,Clear,BMTC Service Road,Mejestic,1,0.0,0.0,0,1,0.0,1.0
Bengaluru City,Upparpet Traffic PS,1.04432e+16,2018,1,2,Road Accidents,Other,City/Town,Residential area,Not Applicable,Yes,Damage Only,Hit and Run,No signal lights,Others,City or Town Road,Bitumen(Tar),Dry,Not Applicable,Clear,Sheshadri Road,Anandrao  circle,0.5,0.0,0.0,0,0,0.0,0.0
Bengaluru City,Upparpet Traffic PS,1.04432e+16,2018,1,1,Road Accidents,Junction,City/Town,Residential area,Human Error,No,Simple Injury,Hit pedestrian,Controlled,Not Applicable,One way,Bitumen(Tar),Dry,Not Applicable,Clear,K G Road,mejestic,0.5,0.0,0.0,0,0,0.0,0.0
Bengaluru City,Upparpet Traffic PS,1.04432e+16,2018,1,2,Road Accidents,Not Applicable,City/Town,Residential area,Human Error,Yes,Simple Injury,Hit and Run,No signal lights,Others,Residential Street,Bitumen(Tar),Dry,Not Applicable,Clear,S C Road,mejestic,0.5,0.0,0.0,0,0,0.0,0.0
Bengaluru City,Upparpet Traffic PS,1.04432e+16,2018,1,2,Road Accidents,Junction,City/Town,Near Bus stop,Human Error,Yes,Damage Only,Hit and Run,Controlled,Curve,City or Town Road,Not Applicable,Others,Not Applicable,Clear,Sheshadri Road,Anandarao Circle,1,0.0,0.0,0,1,0.0,1.0
Bengaluru City,Upparpet Traffic PS,1.04432e+16,2018,1,1,Road Accidents,Bottleneck,City/Town,In bazaar,Human Error,No,Grievous Injury,Head on,Controlled,Curve,City or Town Road,Bitumen(Tar),Not Applicable,Not Applicable,Clear,Majestic,Majestic,1,0.0,0.0,0,0,0.0,0.0
Bengaluru City,Upparpet Traffic PS,1.04432e+16,2018,1,1,Road Accidents,Other,City/Town,Residential area,Human Error,No,Simple Injury,Hit pedestrian,Not Applicable,Others,Residential Street,Bitumen(Tar),Dry,Not Applicable,Clear,K G Road,Alankar Plaza,0.5,0.0,0.0,0,0,0.0,0.0
Bengaluru City,Upparpet Traffic PS,1.04432e+16,2018,1,1,Road Accidents,Not Applicable,City/Town,Near Bus stop,Human Error,Yes,Simple Injury,Hit and Run,Controlled,Curve,City or Town Road,Bitumen(Tar),Not Applicable,Not Applicable,Others,T B Road,Sharada Hotel,1,0.0,0.0,0,0,0.0,0.0
Bengaluru City,Upparpet Traffic PS,1.04432e+16,2019,1,2,Road Accidents,Narrow road,City/Town,In bazaar,Human Error,Yes,Grievous Injury,Hit and Run,Controlled,Not Applicable,City or Town Road,Concrete,Not Applicable,Not Applicable,Clear,Sheshadri Road,Anandarao Circle,1,0.0,0.0,0,0,0.0,0.0
Bengaluru City,Upparpet Traffic PS,1.04432e+16,2019,1,1,Road Accidents,Circle,City/Town,Near Bus stop,Human Error,No,Fatal,Head on,Controlled,Others,City or Town Road,Bitumen(Tar),Not Applicable,Not Applicable,Clear,T B Road,Majestic,1,0.0,0.0,0,0,0.0,0.0
Bengaluru City,Upparpet Traffic PS,1.04432e+16,2019,1,3,Road Accidents,Other,City/Town,Residential area,Vehicle Defect,No,Damage Only,Hit parked vehicle,No signal lights,Curve,City or Town Road,Bitumen(Tar),Dry,Not Applicable,Clear,KG Road,K G Cricle,0.5 km,0.0,0.0,0,0,0.0,0.0
Bengaluru City,Upparpet Traffic PS,1.04432e+16,2019,1,1,Road Accidents,Not Applicable,City/Town,Near Hospital,Human Error,Yes,Simple Injury,Not Applicable,Not at  Junction,Others,One way,Bitumen(Tar),Dry,Not Applicable,Clear,T B Road,Majestic,0.5 km,0.0,0.0,0,0,0.0,0.0
Bengaluru City,Upparpet Traffic PS,1.04432e+16,2019,1,1,Road Accidents,Not Applicable,City/Town,Residential area,Human Error,No,Fatal,Hit pedestrian,Signals (Not working),Others,One way,Bitumen(Tar),Dry,Construction Work / Material,Clear,T B Road,Majestic,0.5,12.975365,77.574879,2,0,0.0,2.0
Bengaluru City,Upparpet Traffic PS,1.04432e+16,2019,1,1,Road Accidents,Not Applicable,City/Town,Near School or College,Human Error,Not Applicable,Simple Injury,Vehicle to Vehicle,Not Applicable,Not Applicable,Others,Bitumen(Tar),Dry,Not Applicable,Clear,Sheshadri Road,Freedom Park,1,0.0,0.0,0,0,0.0,0.0
Bengaluru City,Upparpet Traffic PS,1.04432e+16,2019,1,1,Road Accidents,Not Applicable,City/Town,Residential area,Human Error,No,Simple Injury,Hit pedestrian,No signal lights,Not Applicable,Others,Bitumen(Tar),Dry,Not Applicable,Clear,Sheshadri Road,Anandarao Circle,0.1 Km,0.0,0.0,0,0,0.0,0.0
Bengaluru City,Upparpet Traffic PS,1.04432e+16,2019,1,1,Road Accidents,Not Applicable,City/Town,Near Bus stop,Human Error,Yes,Simple Injury,Hit pedestrian,Not at  Junction,Others,Others,Concrete,Dry,Not Applicable,Clear,Sheshadri Road,Anandarao Circle,0.5 km,0.0,0.0,0,0,0.0,0.0
Bengaluru City,Upparpet Traffic PS,1.04432e+16,2019,1,1,Road Accidents,Junction,City/Town,At pedestrian Crossing,Human Error,No,Simple Injury,Head on,Controlled,Curve and Incline,City or Town Road,Bitumen(Tar),Dry,Not Applicable,Clear,K G  Road,Sagar Junction,0.4,0.0,0.0,0,0,0.0,0.0
Bengaluru City,Upparpet Traffic PS,1.04432e+16,2019,1,1,Road Accidents,T Junction,City/Town,Near office complex,Human Error,Not Applicable,Simple Injury,Drowned,Controlled,Curve,City or Town Road,Bitumen(Tar),Dry,Pot holed,Clear,L T P Road,Upparpet P S,0.1,0.0,0.0,5,0,0.0,5.0