DISTRICTNAME,UNITNAME,Crime_No,Year,RI,Noofvehicle_involved,Accident_Classification,Accident_Spot,Accident_Location,Accident_SubLocation,Main_Cause,Hit_Run,Severity,Collision_Type,Junction_Control,Road_Character,Road_Type,Surface_Type,Surface_Condition,Road_Condition,Weather,Accident_Road,Landmark_first,Distance_LandMark_First,Latitude,Longitude,Road_Condition_Score,Surface_Condition_Score,Surface_Type_Score,Road_Risk_Index
Bengaluru City,Upparpet Traffic PS,1.04432e+16,2019,1,2,Road Accidents,Cross roads,City/Town,Near Bus stop,Human Error,No,Grievous Injury,Vehicle to Vehicle,Police / Manual,Curve,Service Road,Bitumen(Tar),Dry,Not Applicable,Clear,KSRTC Service Raod,Majestic,0.1 Km,0.0,0.0,0,0,0.0,0.0
Bengaluru City,Upparpet Traffic PS,1.04432e+16,2019,1,1,Road Accidents,Not Applicable,City/Town,Near School or College,Human Error,No,Simple Injury,Hit bicyclist,Signal lights Automatic,Not Applicable,One way,Bitumen(Tar),Dry,Not Applicable,Clear,Sheshadri Road,Freedompark,0.1 Km,0.0,0.0,0,0,0.0,0.0
Bengaluru City,Upparpet Traffic PS,1.04432e+16,2019,1,1,Road Accidents,Narrow road,City/Town,Near School or College,Human Error,No,Grievous Injury,Head on,Controlled,Not Applicable,City or Town Road,Bitumen(Tar),Dry,Not Applicable,Clear,Sheshadri road,Freedom park,1,0.0,0.0,0,0,0.0,0.0
Bengaluru City,Upparpet Traffic PS,1.04432e+16,2019,1,2,Road Accidents,Not Applicable,City/Town,Near Bus stop,Human Error,No,Simple Injury,Hit pedestrian,No signal lights,Slight Curve,Service Road,Bitumen(Tar),Dry,Not Applicable,Clear,BMTC Service Road,Majestic,0.5,0.0,0.0,0,0,0.0,0.0
Bengaluru City,Upparpet Traffic PS,1.04432e+16,2019,1,1,Road Accidents,Narrow road,City/Town,Near School or College,Human Error,No,Grievous Injury,Head on,Controlled,Not Applicable,City or Town Road,Bitumen(Tar),Not Applicable,Not Applicable,Clear,Sheshadri Road,Maharani College,2,0.0,0.0,0,0,0.0,0.0
Bengaluru City,Upparpet Traffic PS,1.04432e+16,2019,1,1,Road Accidents,Circle,City/Town,Near Bus stop,Human Error,No,Grievous Injury,Head on,Controlled,Not Applicable,City or Town Road,Bitumen(Tar),Not Applicable,Not Applicable,Clear,Majestic,Majestic,1,0.0,0.0,0,0,0.0,0.0
Bengaluru City,Upparpet Traffic PS,1.04432e+16,2019,1,1,Road Accidents,Junction,City/Town,Near Bus stop,Not Applicable,Not Applicable,Fatal,Head on,Controlled,Not Applicable,City or Town Road,Bitumen(Tar),Dry,Not Applicable,Clear,KSRTC TERMINAL 3,KSRTC TERMINAL 3,0.5,0.0,0.0,0,0,0.0,0.0
Bengaluru City,Upparpet Traffic PS,1.04432e+16,2019,1,2,Road Accidents,Curves,City/Town,Residential area,Human Error,Yes,Grievous Injury,Vehicle to Vehicle,No signal lights,Curve,Others,Bitumen(Tar),Dry,Not Applicable,Clear,L T P Road,Near Metro Station,0.5,0.0,0.0,0,0,0.0,0.0
Bengaluru City,Upparpet Traffic PS,1.04432e+16,2019,1,1,Road Accidents,Not Applicable,City/Town,Near office complex,Human Error,No,Simple Injury,Not Applicable,Not at  Junction,Others,One way,Bitumen(Tar),Dry,Not Applicable,Clear,K G Road,Pothys Showroom,0.1 Km,0.0,0.0,0,0,0.0,0.0
Bengaluru City,Upparpet Traffic PS,1.04432e+16,2019,1,2,Road Accidents,Not Applicable,City/Town,Near Bus stop,Human Error,Yes,Simple Injury,Vehicle to Vehicle,No signal lights,Others,One way,Bitumen(Tar),Dry,Not Applicable,Clear,L T P Road,Majestic,0.5 km,0.0,0.0,0,0,0.0,0.0
Bengaluru City,Upparpet Traffic PS,1.04432e+16,2019,1,1,Road Accidents,Not Applicable,City/Town,Near Bus stop,Human Error,No,Simple Injury,Hit pedestrian,No signal lights,Others,One way,Bitumen(Tar),Dry,Not Applicable,Clear,Kapali Road,Majestic,0.5,0.0,0.0,0,0,0.0,0.0
Bengaluru City,Upparpet Traffic PS,1.04432e+16,2019,1,2,Road Accidents,Junction,City/Town,Residential area,Human Error,Yes,Simple Injury,Vehicle to Vehicle,Signal lights Automatic,Others,Others,Bitumen(Tar),Dry,Not Applicable,Clear,K G Road,Mysore Bank,0.5 km,0.0,0.0,0,0,0.0,0.0
Bengaluru City,Upparpet Traffic PS,1.04432e+16,2019,1,2,Road Accidents,Junction,City/Town,Near Bus stop,Human Error,Yes,Grievous Injury,Hit and Run,Controlled,Not Applicable,City or Town Road,Bitumen(Tar),Others,Not Applicable,Clear,T B Road,Majestic,1,0.0,0.0,0,1,0.0,1.0
Bengaluru City,Upparpet Traffic PS,1.04432e+16,2019,1,2,Road Accidents,Junction,City/Town,Residential area,Human Error,No,Fatal,Vehicle to Vehicle,Signal lights Blinking,Not Applicable,One way,Bitumen(Tar),Dry,Not Applicable,Clear,K G Road,Pothys Showroom,0.5,0.0,0.0,0,0,0.0,0.0
Bengaluru City,Upparpet Traffic PS,1.04432e+16,2019,1,1,Road Accidents,Not Applicable,City/Town,Near Petrol Pump,Human Error,Yes,Fatal,Hit pedestrian,No signal lights,Not Applicable,One way,Bitumen(Tar),Dry,Not Applicable,Clear,Kalidas Road,Kanakadas Circle,0.5,0.0,0.0,0,0,0.0,0.0
Bengaluru City,Upparpet Traffic PS,1.04432e+16,2019,1,2,Road Accidents,Junction,City/Town,Residential area,Human Error,No,Damage Only,Vehicle to Vehicle,Signal lights Automatic,Not Applicable,Others,Bitumen(Tar),Dry,Not Applicable,Clear,Sheshadri Road,Subbanna Jxn,0.1 Km,0.0,0.0,0,0,0.0,0.0
Bengaluru City,Upparpet Traffic PS,1.04432e+16,2019,1,2,Road Accidents,Not Applicable,City/Town,Near Bus stop,Human Error,No,Simple Injury,Hit pedestrian,No signal lights,Others,Service Road,Bitumen(Tar),Dry,Not Applicable,Clear,KSRTC Service Raod,KSRTC BUS STOP,0.1 Km,0.0,0.0,0,0,0.0,0.0
Bengaluru City,Upparpet Traffic PS,1.04432e+16,2019,1,2,Road Accidents,Junction,City/Town,Residential area,Human Error,No,Damage Only,Not Applicable,Signal lights Manual,Others,City or Town Road,Bitumen(Tar),Dry,Not Applicable,Clear,Sheshdri Road,Maharani College,0.1KM,0.0,0.0,0,0,0.0,0.0
Bengaluru City,Upparpet Traffic PS,1.04432e+16,2019,1,2,Road Accidents,Not Applicable,City/Town,Near School or College,Human Error,No,Grievous Injury,Vehicle to Vehicle,Signal lights Automatic,Others,Two way,Bitumen(Tar),Dry,Not Applicable,Clear,Sheshadri Road,Maharani College,0.1 Km,0.0,0.0,0,0,0.0,0.0
Bengaluru City,Upparpet Traffic PS,1.04432e+16,2019,1,2,Road Accidents,Not Applicable,City/Town,Residential area,Human Error,No,Simple Injury,Vehicle to Vehicle,Signal lights Automatic,Others,Not Applicable,Bitumen(Tar),Dry,Not Applicable,Clear,Sheshadri Road,Subbanna Jxn,0.5,12.980386,77.57699,0,0,0.0,0.0
Bengaluru City,Upparpet Traffic PS,1.04432e+16,2019,1,2,Road Accidents,Not Applicable,City/Town,Near School or College,Human Error,Yes,Simple Injury,Vehicle to Vehicle,Signal lights Automatic,Not Applicable,Others,Bitumen(Tar),Dry,Not Applicable,Clear,Sheshadri Road,Freedompark,0.5 km,12.97939,77.581971,0,0,0.0,0.0
Bengaluru City,Upparpet Traffic PS,1.04432e+16,2019,1,2,Road Accidents,Junction,City/Town,Near School or College,Human Error,No,Fatal,Vehicle to Vehicle,Signal lights Automatic,Others,One way,Bitumen(Tar),Dry,Not Applicable,Clear,Sheshadri Road,Maharani College,0.1 Km,0.0,0.0,0,0,0.0,0.0
Bengaluru City,Upparpet Traffic PS,1.04432e+16,2019,1,1,Road Accidents,Curves,City/Town,Near Bus stop,Human Error,No,Fatal,Hit pedestrian,No signal lights,Curve,One way,Bitumen(Tar),Dry,Construction Work / Material,Clear,T B Road,Majestic,0.5 km,0.0,0.0,2,0,0.0,2.0
Bengaluru City,Upparpet Traffic PS,1.04432e+16,2019,1,1,Road Accidents,Narrow road,City/Town,Near School or College,Human Error,Yes,Grievous Injury,Hit and Run,Controlled,Not Applicable,City or Town Road,Surfaced,Not Applicable,Not Applicable,Clear,SHESHDRI ROAD,MAHARANI COLLEGE,1,0.0,0.0,0,0,,
Bengaluru City,Upparpet Traffic PS,1.04432e+16,2019,1,1,Road Accidents,Junction,City/Town,Near office complex,Human Error,No,Simple Injury,Hit pedestrian,Not Applicable,Not Applicable,Others,Bitumen(Tar),Dry,Not Applicable,Clear,Sheshadri Road,Anandarao Circle,0.5,0.0,0.0,0,0,0.0,0.0
Bengaluru City,Upparpet Traffic PS,1.04432e+16,2019,1,1,Road Accidents,Junction,City/Town,At pedestrian Crossing,Human Error,No,Simple Injury,Hit pedestrian,Signal lights Automatic,Curve,Others,Bitumen(Tar),Dry,Not Applicable,Clear,Sheshadri Road,Anandarao Circle,0.5 km,0.0,0.0,0,0,0.0,0.0
Bengaluru City,Upparpet Traffic PS,1.04432e+16,2019,1,2,Road Accidents,Junction,City/Town,Residential area,Human Error,No,Grievous Injury,Vehicle to Vehicle,Signal lights Blinking,Others,Others,Bitumen(Tar),Dry,Not Applicable,Clear,K G Road,Pothys Showroom,0.5,0.0,0.0,0,0,0.0,0.0
Bengaluru City,Upparpet Traffic PS,1.04432e+16,2019,1,2,Road Accidents,Junction,City/Town,Near Petrol Pump,Not Applicable,No,Simple Injury,Vehicle to Vehicle,Signals (Working),Others,Others,Bitumen(Tar),Dry,Not Applicable,Clear,K G Road,Moviland theatre,0.5,12.973126,77.581003,0,0,0.0,0.0
Bengaluru City,Upparpet Traffic PS,1.04432e+16,2019,1,1,Road Accidents,Not Applicable,City/Town,Near Bus stop,Human Error,No,Simple Injury,Hit pedestrian,Signal lights Automatic,Not Applicable,Not Applicable,Bitumen(Tar),Dry,Not Applicable,Clear,T B Road,Majestic,0.5,12.975665,77.574716,0,0,0.0,0.0
Bengaluru City,Upparpet Traffic PS,1.04432e+16,2019,1,1,Road Accidents,Circle,City/Town,Near Bus stop,Human Error,No,Grievous Injury,Head on,Controlled,Others,City or Town Road,Bitumen(Tar),Not Applicable,Not Applicable,Clear,Majestic,Majestic,1,0.0,0.0,0,0,0.0,0.0
Bengaluru City,Upparpet Traffic PS,1.04432e+16,2019,1,1,Road Accidents,Not Applicable,City/Town,Near Bus stop,Human Error,Yes,Fatal,Hit pedestrian,No signal lights,Others,One way,Bitumen(Tar),Dry,Not Applicable,Clear,S C Road,Majestic,0.5 km,0.0,0.0,0,0,0.0,0.0
Bengaluru City,Upparpet Traffic PS,1.04432e+16,2019,1,2,Road Accidents,Not Applicable,City/Town,Near School or College,Human Error,No,Simple Injury,Vehicle to Vehicle,Signal lights Blinking,Others,Others,Bitumen(Tar),Dry,Not Applicable,Clear,Sheshadri Road,Freedompark,2,0.0,0.0,0,0,0.0,0.0
Bengaluru City,Upparpet Traffic PS,1.04432e+16,2019,1,2,Road Accidents,Not Applicable,City/Town,Near Petrol Pump,Human Error,No,Damage Only,Vehicle to Vehicle,Not at  Junction,Others,One way,Bitumen(Tar),Dry,Not Applicable,Clear,Kalidas Road,Kanakadas Circle,0.5,0.0,0.0,0,0,0.0,0.0
Bengaluru City,Upparpet Traffic PS,1.04432e+16,2019,1,1,Road Accidents,Not Applicable,City/Town,Near Bus stop,Human Error,No,Simple Injury,Hit pedestrian,Not at  Junction,Others,Service Road,Bitumen(Tar),Dry,Not Applicable,Clear,BMTC Service Road,Majestic,0.1 Km,0.0,0.0,0,0,0.0,0.0
Bengaluru City,Upparpet Traffic PS,1.04432e+16,2019,1,1,Road Accidents,Not Applicable,City/Town,Near Bus stop,Human Error,Yes,Fatal,Hit pedestrian,No signal lights,Not Applicable,Others,Kutcha,Dry,Not Applicable,Clear,L T P Road,Majestic,0.5 km,0.0,0.0,0,0,4.0,4.0
Bengaluru City,Upparpet Traffic PS,1.04432e+16,2019,1,1,Road Accidents,Curves,City/Town,Near Bus stop,Human Error,No,Fatal,Hit pedestrian,No signal lights,Others,Service Road,Bitumen(Tar),Dry,Not Applicable,Clear,BMTC Service Road,Majestic,0.5,0.0,0.0,0,0,0.0,0.0
Bengaluru City,Upparpet Traffic PS,1.04432e+16,2019,1,2,Rail Road Accidents,Cross roads,City/Town,Near Petrol Pump,Human Error,No,Simple Injury,Vehicle to Vehicle,Not Applicable,Curve,Others,Bitumen(Tar),Dry,Not Applicable,Clear,Y Ramachandar Road,Kanakadas Circle,0.1 Km,0.0,0.0,0,0,0.0,0.0
Bengaluru City,Upparpet Traffic PS,1.04432e+16,2020,1,2,Road Accidents,Not Applicable,City/Town,Near office complex,Human Error,No,Simple Injury,Vehicle to Vehicle,Not at  Junction,Others,Two way,Bitumen(Tar),Dry,Not Applicable,Clear,Sheshadri Road,Freedom Park,0.1 Km,0.0,0.0,0,0,0.0,0.0
Bengaluru City,Upparpet Traffic PS,1.04432e+16,2020,1,2,Road Accidents,Not Applicable,City/Town,Near Bus stop,Human Error,No,Simple Injury,Vehicle to Vehicle,No signal lights,Incline,One way,Bitumen(Tar),Dry,Not Applicable,Clear,Danwntari Road,Laxmanprui Bridge,0.5 km,0.0,0.0,0,0,0.0,0.0
Bengaluru City,Upparpet Traffic PS,1.04432e+16,2020,1,1,Road Accidents,Not Applicable,City/Town,Near Hospital,Human Error,Yes,Simple Injury,Hit pedestrian,Not at  Junction,Others,One way,Bitumen(Tar),Dry,Not Applicable,Clear,Near OTC Road,Bangalore One Office,0.5 km,0.0,0.0,0,0,0.0,0.0
Bengaluru City,Upparpet Traffic PS,1.04432e+16,2020,1,2,Road Accidents,Curves,City/Town,Near Bus stop,Human Error,No,Grievous Injury,Vehicle to Vehicle,Not at  Junction,Curve and Incline,One way,Bitumen(Tar),Dry,Not Applicable,Clear,Danwntari Road,Laxmanprui Bridge,0.1 Km,0.0,0.0,0,0,0.0,0.0
Bengaluru City,Upparpet Traffic PS,1.04432e+16,2020,1,2,Road Accidents,Not Applicable,City/Town,Near office complex,Human Error,No,Simple Injury,Vehicle to Vehicle,Not at  Junction,Others,One way,Bitumen(Tar),Dry,Not Applicable,Clear,K G Road,Alankar Plaza,0.5 km,0.0,0.0,0,0,0.0,0.0
Bengaluru City,Upparpet Traffic PS,1.04432e+16,2020,1,2,Road Accidents,Cross roads,City/Town,Near office complex,Human Error,No,Simple Injury,Vehicle to Vehicle,Not at  Junction,Others,One way,Bitumen(Tar),Dry,Not Applicable,Clear,K G Road,Alankar Plaza,0.5 km,0.0,0.0,0,0,0.0,0.0
Bengaluru City,Upparpet Traffic PS,1.04432e+16,2020,1,1,Not Applicable,Not Applicable,City/Town,Near office complex,Human Error,No,Simple Injury,Not Applicable,Not at  Junction,Incline,One way,Bitumen(Tar),Dry,Not Applicable,Clear,K G Road,Pothys Showroom,0.5,0.0,0.0,0,0,0.0,0.0
Bengaluru City,Upparpet Traffic PS,1.04432e+16,2020,1,2,Road Accidents,Not Applicable,City/Town,In bazaar,Human Error,No,Simple Injury,Vehicle to Vehicle,Not at  Junction,Incline,One way,Bitumen(Tar),Dry,Not Applicable,Clear,Gandhinagar 5th main Road,Subbanna Jxn,0.5 km,0.0,0.0,0,0,0.0,0.0
Bengaluru City,Upparpet Traffic PS,1.04432e+16,2020,1,2,Road Accidents,Junction,City/Town,Near Bus stop,Human Error,No,Grievous Injury,Vehicle to Vehicle,No signal lights,Others,One way,Bitumen(Tar),Dry,Not Applicable,Clear,T B Road,Majestic,0.5 km,0.0,0.0,0,0,0.0,0.0
Bengaluru City,Upparpet Traffic PS,1.04432e+16,2020,1,1,Road Accidents,Not Applicable,City/Town,Near Bus stop,Human Error,Yes,Fatal,Hit pedestrian,Not at  Junction,Incline,One way,Concrete,Dry,Not Applicable,Clear,BMTC Service Road,BMTC Bus stop,0.1 Km,0.0,0.0,0,0,0.0,0.0
Bengaluru City,Upparpet Traffic PS,1.04432e+16,2020,1,2,Road Accidents,Curves,City/Town,Near Bus stop,Human Error,No,Simple Injury,Vehicle to Vehicle,Police / Manual,Curve,One way,Bitumen(Tar),Dry,Not Applicable,Clear,L T P Road,Majestic,0.5 km,0.0,0.0,0,0,0.0,0.0
Bengaluru City,Upparpet Traffic PS,1.04432e+16,2020,1,2,Road Accidents,Junction,City/Town,Near office complex,Human Error,No,Damage Only,Vehicle to Vehicle,Signal lights Automatic,Others,One way,Bitumen(Tar),Dry,Not Applicable,Clear,K G Road,Pothys Showroom,0.5,0.0,0.0,0,0,0.0,0.0
Bengaluru City,Upparpet Traffic PS,1.04432e+16,2020,1,1,Road Accidents,Not Applicable,City/Town,Near Bus stop,Human Error,No,Simple Injury,Hit pedestrian,No signal lights,Others,Others,Bitumen(Tar),Dry,Not Applicable,Clear,T B Road,Majestic,0.5,0.0,0.0,0,0,0.0,0.0
Bengaluru City,Upparpet Traffic PS,1.04432e+16,2020,1,1,Road Accidents,Cross roads,City/Town,Near Bus stop,Human Error,Yes,Simple Injury,Hit pedestrian,Not at  Junction,Others,One way,Bitumen(Tar),Dry,Not Applicable,Clear,bmtc bustop,BMTC Bus stop,0.5,0.0,0.0,0,0,0.0,0.0
Bengaluru City,Upparpet Traffic PS,1.04432e+16,2020,1,1,Road Accidents,Not Applicable,City/Town,Near Bus stop,Human Error,No,Simple Injury,Not Applicable,No signal lights,Others,One way,Bitumen(Tar),Dry,Not Applicable,Clear,Danwntari Road,Majestic,0.1 Km,0.0,0.0,0,0,0.0,0.0
Bengaluru City,Upparpet Traffic PS,1.04432e+16,2020,1,1,Road Accidents,Road hump or Rumble strips,City/Town,Near office complex,Human Error,No,Grievous Injury,Not Applicable,No signal lights,Hump,One way,Bitumen(Tar),Dry,Not Applicable,Clear,Sheshadri Road,Laxmanprui Bridge,0.5 km,0.0,0.0,0,0,0.0,0.0
Bengaluru City,Upparpet Traffic PS,1.04432e+16,2020,1,2,Road Accidents,Not Applicable,City/Town,Near Bus stop,Human Error,No,Fatal,Hit pedestrian,Not at  Junction,Others,Others,Bitumen(Tar),Dry,Not Applicable,Clear,Bmtc bus Stand,BMTC Bus stop,0.5 km,0.0,0.0,0,0,0.0,0.0
Bengaluru City,Upparpet Traffic PS,1.04432e+16,2021,1,2,Road Accidents,Curves,City/Town,Near office complex,Human Error,Yes,Grievous Injury,Vehicle to Vehicle,Signal lights Automatic,Curve,One way,Bitumen(Tar),Dry,Not Applicable,Clear,Sheshadri Road,Freedompark,0.1 Km,0.0,0.0,0,0,0.0,0.0
Bengaluru City,Upparpet Traffic PS,1.04432e+16,2021,1,1,Road Accidents,Junction,City/Town,Near Petrol Pump,Human Error,No,Grievous Injury,Hit pedestrian,Signal lights Automatic,Others,One way,Bitumen(Tar),Dry,Not Applicable,Clear,Palace Road,Mysore Bank,0.1 Km,0.0,0.0,0,0,0.0,0.0
Bengaluru City,Upparpet Traffic PS,1.04432e+16,2021,1,1,Road Accidents,Not Applicable,City/Town,Near Bus stop,Human Error,Yes,Fatal,Hit pedestrian,Controlled,Not Applicable,One way,Bitumen(Tar),Dry,Not Applicable,Clear,L T P Road,Terminal 3,0.5 km,0.0,0.0,0,0,0.0,0.0
Bengaluru City,Upparpet Traffic PS,1.04432e+16,2021,1,3,Road Accidents,Junction,City/Town,Near Bus stop,Human Error,No,Fatal,Hit pedestrian,No signal lights,Curve,Others,Bitumen(Tar),Dry,Not Applicable,Clear,T B Road,BMTC Bus stop,0.5 Km,0.0,0.0,0,0,0.0,0.0
Bengaluru City,Upparpet Traffic PS,1.04432e+16,2021,1,1,Road Accidents,Junction,City/Town,Residential area,Human Error,Yes,Grievous Injury,Hit pedestrian,No signal lights,Incline,One way,Bitumen(Tar),Dry,Not Applicable,Clear,S C Road,Vijay Cafe,0.5 Km,0.0,0.0,0,0,0.0,0.0
Bengaluru City,Upparpet Traffic PS,1.04432e+16,2021,1,1,Road Accidents,Not Applicable,City/Town,Near office complex,Human Error,No,Simple Injury,Hit pedestrian,No signal lights,Others,One way,Bitumen(Tar),Dry,Not Applicable,Clear,Hospitel Road,Maharaja Complex,1 Km,0.0,0.0,0,0,0.0,0.0
Bengaluru City,Upparpet Traffic PS,1.04432e+16,2021,1,2,Road Accidents,Not Applicable,City/Town,Near office complex,Human Error,No,Grievous Injury,Vehicle to Vehicle,Not at  Junction,Incline,One way,Bitumen(Tar),Dry,Not Applicable,Clear,Y Ramachandar Road,Gandinagar,0.5,0.0,0.0,0,0,0.0,0.0
Bengaluru City,Upparpet Traffic PS,1.04432e+16,2021,1,2,Road Accidents,Junction,City/Town,Near Petrol Pump,Human Error,No,Simple Injury,Vehicle to Vehicle,Signal lights Automatic,Curve,Others,Bitumen(Tar),Dry,Not Applicable,Clear,K G Road,Mysore Bank,0.1 Km,0.0,0.0,0,0,0.0,0.0
Bengaluru City,Upparpet Traffic PS,1.04432e+16,2021,1,2,Road Accidents,Not Applicable,City/Town,Near Bus stop,Human Error,No,Damage Only,Hit animal,No signal lights,Hump,One way,Bitumen(Tar),Dry,Not Applicable,Clear,Sheshadri Road,Kaveri Hotel,0.1 Km,0.0,0.0,0,0,0.0,0.0
Bengaluru City,Upparpet Traffic PS,1.04432e+16,2021,1,1,Road Accidents,Not Applicable,City/Town,Narrow bridge or culverts,Human Error,No,Fatal,Hit pedestrian,Not at  Junction,Incline,One way,Bitumen(Tar),Dry,Not Applicable,Clear,Sheshadri Road,Anandarao plevoer,0.5 km,0.0,0.0,0,0,0.0,0.0
Bengaluru City,Upparpet Traffic PS,1.04432e+16,2021,1,2,Road Accidents,Not Applicable,City/Town,Near office complex,Human Error,No,Simple Injury,Vehicle to Vehicle,Not at  Junction,Incline,One way,Bitumen(Tar),Dry,Not Applicable,Clear,Sheshadri Road,Majestic,0.1 Km,0.0,0.0,0,0,0.0,0.0
Bengaluru City,Upparpet Traffic PS,1.04432e+16,2021,1,1,Road Accidents,Curves,City/Town,Near Bus stop,Human Error,No,Grievous Injury,Hit pedestrian,Not at  Junction,Curve,One way,Bitumen(Tar),Dry,Not Applicable,Clear,BMTC Service Road,BMTC Bus stop,0.1 Km,0.0,0.0,0,0,0.0,0.0
Bengaluru City,Upparpet Traffic PS,1.04432e+16,2021,1,2,Road Accidents,Curves,City/Town,Near Bus stop,Human Error,No,Damage Only,Vehicle to Vehicle,Not at  Junction,Curve,One way,Bitumen(Tar),Dry,Not Applicable,Clear,KSRTC Service Raod,KSRTC BUS STOP,0.5 Km,0.0,0.0,0,0,0.0,0.0
Bengaluru City,Upparpet Traffic PS,1.04432e+16,2021,1,1,Road Accidents,Junction,City/Town,Near Bus stop,Human Error,No,Simple Injury,Hit pedestrian,Signal lights Automatic,Curve,One way,Bitumen(Tar),Dry,Not Applicable,Clear,T B Road,Chikan County,0.5 Km,0.0,0.0,0,0,0.0,0.0
Bengaluru City,Upparpet Traffic PS,1.04432e+16,2021,1,2,Road Accidents,Junction,City/Town,Near Bus stop,Human Error,No,Simple Injury,Vehicle to Vehicle,Signal lights Automatic,Incline,One way,Bitumen(Tar),Dry,Not Applicable,Clear,K G Road,Majestic,0.5 km,0.0,0.0,0,0,0.0,0.0
Bengaluru City,Upparpet Traffic PS,1.04432e+16,2021,1,2,Road Accidents,Not Applicable,City/Town,Near office complex,Human Error,No,Simple Injury,Vehicle to Vehicle,Signal lights Blinking,Others,One way,Bitumen(Tar),Dry,Not Applicable,Clear,K G Road,Pothys Showroom,0.5 km,0.0,0.0,0,0,0.0,0.0
Bengaluru City,Upparpet Traffic PS,1.04432e+16,2021,1,2,Road Accidents,Curves,City/Town,Near Bus stop,Human Error,No,Grievous Injury,Not Applicable,Not at  Junction,Curve,Not Applicable,Concrete,Dry,Not Applicable,Clear,Bmtc bus Stand,BMTC Bus stop,0.1 Km,0.0,0.0,0,0,0.0,0.0
Bengaluru City,Upparpet Traffic PS,1.04432e+16,2021,1,2,Road Accidents,Junction,City/Town,Near office complex,Human Error,No,Grievous Injury,Vehicle to Vehicle,Police / Manual,Incline,One way,Bitumen(Tar),Dry,Not Applicable,Clear,Y Ramachandar Road,Janatha Bazar,0.5 Km,0.0,0.0,0,0,0.0,0.0
Bengaluru City,Upparpet Traffic PS,1.04432e+16,2021,1,1,Road Accidents,Junction,City/Town,Near office complex,Human Error,No,Simple Injury,Hit pedestrian,Signal lights Automatic,Not Applicable,One way,Bitumen(Tar),Dry,Not Applicable,Clear,Aveneo Road,SBI Bank,0.1 Km,0.0,0.0,0,0,0.0,0.0
Bengaluru City,Upparpet Traffic PS,1.04432e+16,2021,1,1,Road Accidents,Not Applicable,City/Town,Near Bus stop,Human Error,No,Simple Injury,Hit pedestrian,No signal lights,Others,One way,Bitumen(Tar),Dry,Not Applicable,Clear,L T P Road,Near Metro Station,0.1 Km,0.0,0.0,0,0,0.0,0.0
Bengaluru City,Upparpet Traffic PS,1.04432e+16,2021,1,1,Road Accidents,Curves,City/Town,Near Bus stop,Human Error,No,Fatal,Hit pedestrian,No signal lights,Curve,Not Applicable,Bitumen(Tar),Dry,Not Applicable,Others,Bmtc bus Stand,BMTC Bus stop,0.5 Km,0.0,0.0,0,0,0.0,0.0
Bengaluru City,Upparpet Traffic PS,1.04432e+16,2022,1,1,Road Accidents,Not Applicable,City/Town,Near office complex,Human Error,No,Grievous Injury,Hit pedestrian,Not at  Junction,Incline,One way,Bitumen(Tar),Dry,Not Applicable,Clear,Gandhinagar 5th main Road,MTR Hotel,0.1 Km,12.978882,77.57713,0,0,0.0,0.0
Bengaluru City,Upparpet Traffic PS,1.04432e+16,2022,1,1,Road Accidents,Not Applicable,City/Town,Near Bus stop,Human Error,No,Grievous Injury,Hit pedestrian,Police / Manual,Incline,One way,Bitumen(Tar),Dry,Not Applicable,Clear,T B Road,BMTC Bus stop,0.5 KM,12.977825,77.573994,0,0,0.0,0.0
Bengaluru City,Upparpet Traffic PS,1.04432e+16,2022,1,1,Road Accidents,Not Applicable,City/Town,Near Bus stop,Human Error,No,Simple Injury,Hit pedestrian,Police / Manual,Incline,One way,Bitumen(Tar),Dry,Not Applicable,Clear,KSRTC Service Raod,KSRTC Terminal 1 Bus Stand,1 Km,12.977374,77.574117,0,0,0.0,0.0
Bengaluru City,Upparpet Traffic PS,1.04432e+16,2022,1,1,Road Accidents,Not Applicable,City/Town,Near office complex,Human Error,No,Grievous Injury,Hit pedestrian,No signal lights,Incline,One way,Bitumen(Tar),Dry,Not Applicable,Clear,Sheshadri Road,Fire Station,1 Km,12.980348,77.580218,0,0,0.0,0.0
Bengaluru City,Upparpet Traffic PS,1.04432e+16,2022,1,1,Road Accidents,Not Applicable,City/Town,At pedestrian Crossing,Human Error,Yes,Grievous Injury,Hit pedestrian,No signal lights,Incline,Not Applicable,Bitumen(Tar),Dry,Not Applicable,Clear,Gandhinagar 6th Cross,MTR Hotel,1 Km,12.979064,77.577034,0,0,0.0,0.0
Bengaluru City,Upparpet Traffic PS,1.04432e+16,2022,1,1,Road Accidents,Not Applicable,City/Town,Near Bus stop,Human Error,No,Simple Injury,Hit pedestrian,No signal lights,Incline,One way,Bitumen(Tar),Dry,Not Applicable,Clear,T B Road,BMTC Bus stop,0.1 Km,12.978056,77.57391,0,0,0.0,0.0
Bengaluru City,Upparpet Traffic PS,1.04432e+16,2022,1,1,Road Accidents,Junction,City/Town,Near office complex,Human Error,No,Grievous Injury,Hit pedestrian,Police / Manual,Incline,One way,Bitumen(Tar),Dry,Not Applicable,Clear,Palace Road,Bengaluru Univarcity,0.1 Km,12.975134,77.582443,0,0,0.0,0.0
Bengaluru City,Upparpet Traffic PS,1.04432e+16,2022,1,1,Road Accidents,Curves,City/Town,Near Bus stop,Human Error,No,Simple Injury,Hit pedestrian,No signal lights,Curve,One way,Bitumen(Tar),Dry,Not Applicable,Clear,T B Road,BMTC BUS STOP,0.5 KM,12.97736,77.574274,0,0,0.0,0.0
Bengaluru City,Upparpet Traffic PS,1.04432e+16,2022,1,1,Road Accidents,Not Applicable,City/Town,Near Bus stop,Human Error,No,Grievous Injury,Hit pedestrian,Not at  Junction,Incline,Others,Bitumen(Tar),Dry,Not Applicable,Clear,KSRTC BUS Stop,KSRTC Terminal 2A Bus Stand,0.1 Km,12.976581,77.571979,0,0,0.0,0.0