DISTRICTNAME,UNITNAME,Crime_No,Year,RI,Noofvehicle_involved,Accident_Classification,Accident_Spot,Accident_Location,Accident_SubLocation,Main_Cause,Hit_Run,Severity,Collision_Type,Junction_Control,Road_Character,Road_Type,Surface_Type,Surface_Condition,Road_Condition,Weather,Accident_Road,Landmark_first,Distance_LandMark_First,Latitude,Longitude,Road_Condition_Score,Surface_Condition_Score,Surface_Type_Score,Road_Risk_Index
Bengaluru City,V V Puram Traffic PS,1.04432e+16,2017,1,1,Road Accidents,Narrow road,City/Town,Open area,Human Error,Yes,Grievous Injury,Hit and Run,No signal lights,Straight and flat,City or Town Road,Bitumen(Tar),Dry,No influence on accident,Fine,nr road,OPPO RAIN BOW LODGE,10M,12.574903,77.344258,0,0,0.0,0.0
Bengaluru City,V V Puram Traffic PS,1.04432e+16,2017,1,2,Road Accidents,T Junction,City/Town,Open area,Human Error,No,Grievous Injury,Side swipe,Signal lights Automatic,Straight and flat,City or Town Road,Bitumen(Tar),Dry,No influence on accident,Fine,RV ROAD,LAL BAGH WEST GATE,5M,12.56553,77.344818,0,0,0.0,0.0
Bengaluru City,V V Puram Traffic PS,1.04432e+16,2017,1,1,Road Accidents,Narrow road,City/Town,Open area,Human Error,Yes,Grievous Injury,Hit and Run,No signal lights,Straight and flat,City or Town Road,Bitumen(Tar),Dry,No influence on accident,Fine,PMK ROAD,OPPO KANNADA SAHITYA PARISHATH,10M,0.0,0.0,0,0,0.0,0.0
Bengaluru City,V V Puram Traffic PS,1.04432e+16,2017,1,2,Road Accidents,Junction,City/Town,Open area,Human Error,No,Grievous Injury,Side swipe,No signal lights,Not Applicable,City or Town Road,Bitumen(Tar),Dry,No influence on accident,Fine,4th main,bajar strret,600m,12.572854,77.340274,0,0,0.0,0.0
Bengaluru City,V V Puram Traffic PS,1.04432e+16,2017,1,2,Road Accidents,Circle,City/Town,Near a religious place,Human Error,No,Simple Injury,Others,Signals (Working),Curve,Others,Bitumen(Tar),Dry,Not Applicable,Clear,sajjan rao circle,in front of shani mahatma temple,20m,12.571006,77.343669,0,0,0.0,0.0
Bengaluru City,V V Puram Traffic PS,1.04432e+16,2017,1,3,Road Accidents,Narrow road,City/Town,Open area,Human Error,Yes,Fatal,Hit and Run,Not at  Junction,Straight and flat,City or Town Road,Bitumen(Tar),Dry,No influence on accident,Fine,"AM ROAD, KALASIPALYA",OPPOSITR TYRE GALERY SHOP,10M,12.573153,77.344967,0,0,0.0,0.0
Bengaluru City,V V Puram Traffic PS,1.04432e+16,2017,1,1,Road Accidents,Narrow road,City/Town,Open area,Human Error,Yes,Grievous Injury,Hit and Run,No signal lights,Straight and flat,City or Town Road,Bitumen(Tar),Dry,No influence on accident,Fine,NR ROAD,OPPO ARIHANTH ALUMINIUM SHOP,10M,12.574785,77.345209,0,0,0.0,0.0
Bengaluru City,V V Puram Traffic PS,1.04432e+16,2017,1,1,Road Accidents,Narrow road,City/Town,Open area,Human Error,No,Grievous Injury,Hit pedestrian,No signal lights,Straight and flat,City or Town Road,Bitumen(Tar),Dry,No influence on accident,Fine,kp main road,oppo patil beakery,10m,12.574061,77.343983,0,0,0.0,0.0
Bengaluru City,V V Puram Traffic PS,1.04432e+16,2017,1,1,Road Accidents,Narrow road,City/Town,Open area,Human Error,Yes,Grievous Injury,Hit and Run,No signal lights,Straight and flat,City or Town Road,Bitumen(Tar),Dry,No influence on accident,Fine,kp main,oppo naidu hotel,10m,0.0,0.0,0,0,0.0,0.0
Bengaluru City,V V Puram Traffic PS,1.04432e+16,2017,1,2,Road Accidents,Junction,City/Town,Open area,Human Error,Yes,Grievous Injury,Hit and Run,Signal lights Automatic,Straight and flat,City or Town Road,Bitumen(Tar),Dry,No influence on accident,Fine,5th main chamrajpete,junction,5m,0.0,0.0,0,0,0.0,0.0
Bengaluru City,V V Puram Traffic PS,1.04432e+16,2018,1,1,Road Accidents,Narrow road,City/Town,Open area,Human Error,Yes,Simple Injury,Hit and Run,Not at  Junction,Not Applicable,City or Town Road,Bitumen(Tar),Dry,No influence on accident,Fine,JC ROAD,OPPO KOTAK MAHINDRA ATM,10M,0.0,0.0,0,0,0.0,0.0
Bengaluru City,V V Puram Traffic PS,1.04432e+16,2018,1,1,Road Accidents,Narrow road,City/Town,Open area,Human Error,No,Grievous Injury,Hit pedestrian,Uncontrolled,Straight and flat,City or Town Road,Bitumen(Tar),Dry,No influence on accident,Fine,H SIDDAIAH ROAD,OPPO ARCHANA COMPLEX,10M,0.0,0.0,0,0,0.0,0.0
Bengaluru City,V V Puram Traffic PS,1.04432e+16,2018,1,1,Road Accidents,Narrow road,City/Town,Open area,Human Error,No,Fatal,Hit pedestrian,Not Applicable,Not Applicable,City or Town Road,Bitumen(Tar),Dry,No influence on accident,Fine,ESTREET,BANSALI BROTHERS,10M,0.0,0.0,0,0,0.0,0.0
Bengaluru City,V V Puram Traffic PS,1.04432e+16,2018,1,2,Road Accidents,Narrow road,City/Town,Open area,Human Error,No,Grievous Injury,Rear end,No signal lights,Straight and flat,City or Town Road,Bitumen(Tar),Dry,No influence on accident,Fine,H SIDDAIAH ROAD,OPPO KARNATAK RADIATORS,10M,0.0,0.0,0,0,0.0,0.0
Bengaluru City,V V Puram Traffic PS,1.04432e+16,2018,1,2,Road Accidents,Narrow road,City/Town,Open area,Human Error,No,Fatal,Head on,No signal lights,Straight and flat,City or Town Road,Bitumen(Tar),Dry,No influence on accident,Fine,shankar mutt road,oppo shankar mutt,10m,12.95526,77.56972,0,0,0.0,0.0
Bengaluru City,V V Puram Traffic PS,1.04432e+16,2018,1,2,Road Accidents,Narrow road,City/Town,Open area,Human Error,No,Grievous Injury,Others,Uncontrolled,Straight and flat,City or Town Road,Bitumen(Tar),Dry,No influence on accident,Fine,JC ROAD,OPPO RK COLOUR LAB,10M,0.0,0.0,0,0,0.0,0.0
Bengaluru City,V V Puram Traffic PS,1.04432e+16,2018,1,2,Road Accidents,Narrow road,City/Town,Open area,Human Error,Yes,Grievous Injury,Hit and Run,No signal lights,Straight and flat,City or Town Road,Bitumen(Tar),Dry,No influence on accident,Fine,JC ROAD,NEAR MINARVA CIRCLE,25M,0.0,0.0,0,0,0.0,0.0
Bengaluru City,V V Puram Traffic PS,1.04432e+16,2018,1,1,Road Accidents,Narrow road,City/Town,Open area,Human Error,No,Grievous Injury,Hit pedestrian,Not at  Junction,Straight and flat,City or Town Road,Bitumen(Tar),Dry,No influence on accident,Fine,VVI ROAD,NEAR FRUIT SHOP,10M,0.0,0.0,0,0,0.0,0.0
Bengaluru City,V V Puram Traffic PS,1.04432e+16,2018,1,1,Road Accidents,Curves,City/Town,In bazaar,Human Error,No,Grievous Injury,Hit pedestrian,No signal lights,Curve,City or Town Road,Bitumen(Tar),Dry,Not Applicable,Fine,N R ROAD,PANCHALS TOOLS MICENARY,25 M,12.963467,77.581708,0,0,0.0,0.0
Bengaluru City,V V Puram Traffic PS,1.04432e+16,2018,1,1,Road Accidents,Narrow road,City/Town,Open area,Human Error,Yes,Grievous Injury,Hit and Run,No signal lights,Not Applicable,City or Town Road,Bitumen(Tar),Dry,No influence on accident,Fine,NR ROAD,OPPO ARIHANTH SHOP,25M,12.96353,77.58136,0,0,0.0,0.0
Bengaluru City,V V Puram Traffic PS,1.04432e+16,2018,1,1,Road Accidents,Narrow road,City/Town,Open area,Human Error,No,Grievous Injury,Hit pedestrian,Uncontrolled,Straight and flat,City or Town Road,Bitumen(Tar),Dry,No influence on accident,Fine,pmk road,OPPO  samskruthi apts,10m,12.95235,77.57227,0,0,0.0,0.0
Bengaluru City,V V Puram Traffic PS,1.04432e+16,2018,1,1,Road Accidents,Narrow road,City/Town,Open area,Human Error,No,Grievous Injury,Hit pedestrian,Not at  Junction,Straight and flat,City or Town Road,Bitumen(Tar),Dry,No influence on accident,Fine,KP MAIN ROAD,OPPOSITE JANANI JUICE & CONDIMENTS,10M,12.95661,77.57741,0,0,0.0,0.0
Bengaluru City,V V Puram Traffic PS,1.04432e+16,2018,1,1,Road Accidents,Narrow road,City/Town,Open area,Human Error,Yes,Grievous Injury,Hit bicyclist,Uncontrolled,Straight and flat,City or Town Road,Bitumen(Tar),Dry,No influence on accident,Fine,DAYAGANAL ROAD,OPPOSITE ORIAN AUTOCONSULTANT SHOP,10M,12.95371,77.57809,0,0,0.0,0.0
Bengaluru City,V V Puram Traffic PS,1.04432e+16,2018,1,1,Road Accidents,Narrow road,City/Town,Open area,Human Error,No,Grievous Injury,Head on,Uncontrolled,Not Applicable,City or Town Road,Bitumen(Tar),Dry,Not Applicable,Fine,lbf road,near GANESH TEMPLE,10M,12.95435,77.58431,0,0,0.0,0.0
Bengaluru City,V V Puram Traffic PS,1.04432e+16,2018,1,2,Road Accidents,Junction,City/Town,Open area,Human Error,No,Grievous Injury,Head on,Signal lights Automatic,Straight and flat,City or Town Road,Bitumen(Tar),Dry,No influence on accident,Fine,chamarajpete 5th main,5th main sihnal,10m,12.95714,77.56742,0,0,0.0,0.0
Bengaluru City,V V Puram Traffic PS,1.04432e+16,2018,1,1,Road Accidents,Narrow road,City/Town,In bazaar,Human Error,Yes,Grievous Injury,Hit and Run,Uncontrolled,Others,City or Town Road,Bitumen(Tar),Dry,Not Applicable,Clear,bul tempal road,parvatamma kalyana mantapa,10 m,12.956776,77.567292,0,0,0.0,0.0
Bengaluru City,V V Puram Traffic PS,1.04432e+16,2018,1,1,Road Accidents,Other,City/Town,In bazaar,Human Error,No,Grievous Injury,Hit pedestrian,Uncontrolled,Others,City or Town Road,Bitumen(Tar),Dry,Not Applicable,Fine,BUL TEMPLE ROAD,MOOR STORE,15 M,12.952356,77.567476,0,0,0.0,0.0
Bengaluru City,V V Puram Traffic PS,1.04432e+16,2018,1,1,Road Accidents,Narrow road,City/Town,Open area,Human Error,Yes,Grievous Injury,Hit and Run,Not at  Junction,Not Applicable,City or Town Road,Bitumen(Tar),Dry,No influence on accident,Fine,"vegetable market, kalasipalya",near rak mandi,10m,12.95952,77.57848,0,0,0.0,0.0
Bengaluru City,V V Puram Traffic PS,1.04432e+16,2018,1,1,Road Accidents,Junction,City/Town,Open area,Human Error,Yes,Grievous Injury,Hit and Run,Signal lights Automatic,Straight and flat,City or Town Road,Bitumen(Tar),Dry,No influence on accident,Fine,JC ROAD,BHARATH JUNCTION,10M,12.95778,77.58214,0,0,0.0,0.0
Bengaluru City,V V Puram Traffic PS,1.04432e+16,2018,1,1,Road Accidents,Other,City/Town,In bazaar,Human Error,No,Grievous Injury,Side swipe,Uncontrolled,Others,City or Town Road,Bitumen(Tar),Dry,Not Applicable,Very Hot,a v road,sundram stors,25 m,12.959232,77.57655,0,0,0.0,0.0
Bengaluru City,V V Puram Traffic PS,1.04432e+16,2018,1,2,Road Accidents,Narrow road,City/Town,Open area,Human Error,No,Damage Only,Rear end,No signal lights,Straight and flat,City or Town Road,Bitumen(Tar),Dry,No influence on accident,Fine,krumbingal road,oppo ganesh temple,10m,0.0,0.0,0,0,0.0,0.0
Bengaluru City,V V Puram Traffic PS,1.04432e+16,2018,1,3,Road Accidents,Narrow road,City/Town,Open area,Human Error,No,Simple Injury,Head on,Uncontrolled,Straight and flat,City or Town Road,Bitumen(Tar),Dry,No influence on accident,Fine,VASAVI TEMPLE ROAD,OPPO KARUR VYSHYA BANK,10M,12.9516,77.57682,0,0,0.0,0.0
Bengaluru City,V V Puram Traffic PS,1.04432e+16,2018,1,2,Road Accidents,Narrow road,City/Town,In bazaar,Human Error,No,Grievous Injury,Others,Uncontrolled,Others,City or Town Road,Bitumen(Tar),Dry,Not Applicable,Fine,LBF ROAD,RAGHAVENDRA FRAME,20M,12.955875,77.578189,0,0,0.0,0.0
Bengaluru City,V V Puram Traffic PS,1.04432e+16,2018,1,2,Road Accidents,Curves,City/Town,Open area,Human Error,Yes,Fatal,Hit and Run,Uncontrolled,Curve,City or Town Road,Bitumen(Tar),Dry,No influence on accident,Fine,KRUMBINGAL ROAD,OPPO SIDDAIAYA CROSS ROAD,10M,12.95401,77.58403,0,0,0.0,0.0
Bengaluru City,V V Puram Traffic PS,1.04432e+16,2018,1,2,Road Accidents,Narrow road,City/Town,Open area,Human Error,No,Grievous Injury,Side swipe,Uncontrolled,Straight and flat,City or Town Road,Bitumen(Tar),Dry,No influence on accident,Fine,BULL TEMPLE ROAD,OPPO PLANET KIDS,10M,0.0,0.0,0,0,0.0,0.0
Bengaluru City,V V Puram Traffic PS,1.04432e+16,2018,1,2,Road Accidents,Narrow road,City/Town,Open area,Human Error,No,Damage Only,Rear end,Uncontrolled,Straight and flat,City or Town Road,Bitumen(Tar),Dry,No influence on accident,Fine,LBF ROAD,OPPO GANAPATHI CAR ACCESSORIES,10M,0.0,0.0,0,0,0.0,0.0
Bengaluru City,V V Puram Traffic PS,1.04432e+16,2018,1,1,Road Accidents,Narrow road,City/Town,Open area,Human Error,No,Grievous Injury,Hit pedestrian,Not Applicable,Straight and flat,City or Town Road,Bitumen(Tar),Dry,No influence on accident,Fine,NR ROAD,NEAR MYSORE ROAD FLYOVER UPRAMP,10M,0.0,0.0,0,0,0.0,0.0
Bengaluru City,V V Puram Traffic PS,1.04432e+16,2018,1,1,Road Accidents,Narrow road,City/Town,Open area,Human Error,Yes,Grievous Injury,Hit and Run,No signal lights,Straight and flat,City or Town Road,Bitumen(Tar),Dry,No influence on accident,Fine,bull temple road,opposite uma talkies,10m,0.0,0.0,0,0,0.0,0.0
Bengaluru City,V V Puram Traffic PS,1.04432e+16,2018,1,2,Road Accidents,Other,City/Town,In bazaar,Human Error,Yes,Grievous Injury,Hit and Run,Uncontrolled,Others,City or Town Road,Bitumen(Tar),Dry,Not Applicable,Fine,NEW TARAKARI MARKET,M KRISHANNNAPPA,10 M,12.960221,77.579414,0,0,0.0,0.0
Bengaluru City,V V Puram Traffic PS,1.04432e+16,2018,1,5,Road Accidents,Narrow road,City/Town,Open area,Human Error,No,Damage Only,Rear end,Signal lights Automatic,Straight and flat,City or Town Road,Bitumen(Tar),Dry,No influence on accident,Fine,LBF ROAD,NEAR MINARVA CIRCLE,10M,12.95514,77.58016,0,0,0.0,0.0
Bengaluru City,V V Puram Traffic PS,1.04432e+16,2018,1,2,Road Accidents,Circle,City/Town,Near Hospital,Human Error,No,Simple Injury,Others,Controlled,Others,City or Town Road,Bitumen(Tar),Dry,Not Applicable,Very Cold,K R ROAD,HOSPETAL,100 M,12.957265,77.573542,0,0,0.0,0.0
Bengaluru City,V V Puram Traffic PS,1.04432e+16,2018,1,1,Road Accidents,Narrow road,City/Town,Open area,Human Error,Yes,Grievous Injury,Hit and Run,Not Applicable,Straight and flat,City or Town Road,Bitumen(Tar),Dry,No influence on accident,Fine,lbf road,opposite nandini hotel,10m,12.95528,77.57949,0,0,0.0,0.0
Bengaluru City,V V Puram Traffic PS,1.04432e+16,2018,1,2,Road Accidents,Cross roads,City/Town,Open area,Human Error,No,Grievous Injury,Head on,Uncontrolled,Straight and flat,City or Town Road,Bitumen(Tar),Dry,No influence on accident,Fine,shankar mutt 2nd cross,uttharadhi mutt road,10m,12.95252,77.57128,0,0,0.0,0.0
Bengaluru City,V V Puram Traffic PS,1.04432e+16,2018,1,1,Road Accidents,T Junction,City/Town,Open area,Human Error,No,Fatal,Hit pedestrian,Uncontrolled,Straight and flat,City or Town Road,Bitumen(Tar),Dry,No influence on accident,Fine,KUMBARAGUNDI 4TH CROSS,OPPO BN MOTORS,10M,0.0,0.0,0,0,0.0,0.0
Bengaluru City,V V Puram Traffic PS,1.04432e+16,2018,1,1,Road Accidents,Narrow road,City/Town,Open area,Human Error,No,Grievous Injury,Hit pedestrian,No signal lights,Straight and flat,City or Town Road,Bitumen(Tar),Dry,No influence on accident,Fine,KP MAIN ROAD,OPPOSITE HOTEL SHARIFIYA,10M,12.96365,77.5774,0,0,0.0,0.0
Bengaluru City,V V Puram Traffic PS,1.04432e+16,2018,1,2,Road Accidents,T Junction,City/Town,Open area,Human Error,No,Grievous Injury,Head on,No signal lights,Straight and flat,City or Town Road,Bitumen(Tar),Dry,No influence on accident,Fine,KRUMBINGAL ROAD,KEMPANNA ROAD,5M,12.95302,77.58356,0,0,0.0,0.0
Bengaluru City,V V Puram Traffic PS,1.04432e+16,2018,1,2,Road Accidents,Circle,City/Town,Near Hospital,Human Error,No,Grievous Injury,Others,Controlled,Others,City or Town Road,Bitumen(Tar),Dry,Not Applicable,Fine,K R ROAD,KIMS HOSPETAL,25 M,12.95726,77.573741,0,0,0.0,0.0
Bengaluru City,V V Puram Traffic PS,1.04432e+16,2018,1,1,Road Accidents,Narrow road,City/Town,Open area,Human Error,No,Grievous Injury,Skidding or Self accident,Not Applicable,Straight and flat,City or Town Road,Bitumen(Tar),Dry,No influence on accident,Fine,BASAPPA ROAD,OPPO KIMS,10M,12.95708,77.57461,0,0,0.0,0.0
Bengaluru City,V V Puram Traffic PS,1.04432e+16,2018,1,1,Road Accidents,Narrow road,City/Town,Open area,Human Error,No,Grievous Injury,Hit pedestrian,Uncontrolled,Not Applicable,City or Town Road,Bitumen(Tar),Dry,No influence on accident,Fine,BULL TEMPLE ROAD,OPPO RK ASHRAMA,10M,12.94824,77.56769,0,0,0.0,0.0
Bengaluru City,V V Puram Traffic PS,1.04432e+16,2018,1,1,Road Accidents,Narrow road,City/Town,Open area,Human Error,No,Simple Injury,Hit pedestrian,Not Applicable,Not Applicable,City or Town Road,Bitumen(Tar),Dry,No influence on accident,Fine,JC ROAD,NEAR BBMP PARKING COMPLEX,10M,12.95672,77.58145,0,0,0.0,0.0
Bengaluru City,V V Puram Traffic PS,1.04432e+16,2018,1,1,Road Accidents,Narrow road,City/Town,Open area,Human Error,No,Grievous Injury,Hit pedestrian,Not Applicable,Straight and flat,City or Town Road,Bitumen(Tar),Dry,No influence on accident,Fine,kp main road,opposite aiyyappa temple,10m,0.0,0.0,0,0,0.0,0.0
Bengaluru City,V V Puram Traffic PS,1.04432e+16,2018,1,1,Road Accidents,Cross roads,City/Town,In bazaar,Human Error,Yes,Grievous Injury,Hit and Run,Uncontrolled,Curve,City or Town Road,Bitumen(Tar),Dry,Not Applicable,Fine,N R ROAD,156 SHARADA COMPLEX,25M,12.954902,77.57944,0,0,0.0,0.0
Bengaluru City,V V Puram Traffic PS,1.04432e+16,2019,1,2,Road Accidents,Not Applicable,City/Town,Near Bus stop,Human Error,Yes,Grievous Injury,Vehicle to Vehicle,Not Applicable,Others,Others,Bitumen(Tar),Dry,Not Applicable,Clear,K R ROAD,METRO STATION,5 M,12.9506071,77.5736864,0,0,0.0,0.0
Bengaluru City,V V Puram Traffic PS,1.04432e+16,2019,1,1,Road Accidents,Not Applicable,City/Town,Near Bus stop,Human Error,Yes,Grievous Injury,Hit pedestrian,Not Applicable,Not Applicable,Others,Bitumen(Tar),Dry,Not Applicable,Fine,KLASHIPALYA BUS STOP,KALSHIPALYA BUS STOP,30 M,12.961752,77.576956,0,0,0.0,0.0
Bengaluru City,V V Puram Traffic PS,1.04432e+16,2019,1,1,Road Accidents,Junction,City/Town,Near Hospital,Human Error,Yes,Grievous Injury,Hit pedestrian,Controlled,Others,Others,Bitumen(Tar),Dry,Not Applicable,Clear,BASAPPA ROAD,KIMS HOSPETL,30M,12.957255,77.573781,0,0,0.0,0.0
Bengaluru City,V V Puram Traffic PS,1.04432e+16,2019,1,1,Road Accidents,Junction,City/Town,Near Hospital,Human Error,No,Grievous Injury,Hit pedestrian,Controlled,Others,Others,Bitumen(Tar),Dry,Not Applicable,Fine,A V ROAD,NEAR METRO STATION,45M,12.959634,77.574627,0,0,0.0,0.0
Bengaluru City,V V Puram Traffic PS,1.04432e+16,2019,1,1,Not Applicable,Junction,City/Town,In bazaar,Human Error,No,Grievous Injury,Hit pedestrian,Uncontrolled,Not Applicable,Others,Bitumen(Tar),Dry,Not Applicable,Fine,h siddaiah road,vinobha nagar cross,10.m,12.955741,77.585109,0,0,0.0,0.0
Bengaluru City,V V Puram Traffic PS,1.04432e+16,2019,1,1,Road Accidents,Not Applicable,City/Town,In bazaar,Human Error,No,Grievous Injury,Hit pedestrian,Not Applicable,Incline,Others,Bitumen(Tar),Dry,Construction Work / Material,Fine,v v i road,sln compex,25m,12.962045,77.576334,2,0,0.0,2.0
Bengaluru City,V V Puram Traffic PS,1.04432e+16,2019,1,1,Road Accidents,Not Applicable,City/Town,Near Bus stop,Human Error,Yes,Grievous Injury,Hit pedestrian,Not Applicable,Others,Others,Bitumen(Tar),Dry,Not Applicable,Fine,L B F ROAD,MANTRI BLUSUM APARTMENTS,25M,12.95436,77.58424,0,0,0.0,0.0
Bengaluru City,V V Puram Traffic PS,1.04432e+16,2019,1,1,Road Accidents,Junction,City/Town,In bazaar,Human Error,No,Grievous Injury,Hit pedestrian,Uncontrolled,Others,Others,Bitumen(Tar),Dry,Not Applicable,Others,k p main road,naid hotel,10 m,12.963777,77.577506,0,0,0.0,0.0
Bengaluru City,V V Puram Traffic PS,1.04432e+16,2019,1,1,Road Accidents,Narrow road,City/Town,Near School or College,Human Error,Yes,Fatal,Hit pedestrian,Not Applicable,Straight and flat,Others,Bitumen(Tar),Dry,Not Applicable,Fine,bul tempal road,school 25 m,25 m,12.953042,77.567686,0,0,0.0,0.0
Bengaluru City,V V Puram Traffic PS,1.04432e+16,2019,1,2,Road Accidents,Junction,City/Town,Residential area,Human Error,No,Grievous Injury,Vehicle to Vehicle,Uncontrolled,Others,Others,Bitumen(Tar),Dry,Not Applicable,Fine,2ND CROSS UTTARADHIMATAM JANCTION,JANCTION,10M,12.952515,77.571276,0,0,0.0,0.0
Bengaluru City,V V Puram Traffic PS,1.04432e+16,2019,1,1,Road Accidents,Not Applicable,City/Town,Near Bus stop,Human Error,Yes,Grievous Injury,Hit pedestrian,Not Applicable,Not Applicable,Others,Bitumen(Tar),Dry,Not Applicable,Fine,NEAR AYYAPA TEMPAL,AYYAPPA TEMPAL,10 M,12.959868,77.577695,0,0,0.0,0.0
Bengaluru City,V V Puram Traffic PS,1.04432e+16,2019,1,2,Road Accidents,Circle,City/Town,In bazaar,Human Error,Yes,Damage Only,Vehicle to Vehicle,Controlled,Others,Others,Bitumen(Tar),Dry,Not Applicable,Fine,R V ROAD,MINARVA CIRCLE,10M,12.955152,77.580149,0,0,0.0,0.0
Bengaluru City,V V Puram Traffic PS,1.04432e+16,2019,1,2,Road Accidents,Not Applicable,City/Town,Near Hospital,Human Error,No,Simple Injury,Vehicle to Vehicle,Not Applicable,Others,Others,Bitumen(Tar),Dry,Not Applicable,Fine,BASAPPA ROAD,KIMS HOSPITAL,25M,12.956452,77.576577,0,0,0.0,0.0
Bengaluru City,V V Puram Traffic PS,1.04432e+16,2019,1,1,Road Accidents,Not Applicable,City/Town,In bazaar,Human Error,No,Grievous Injury,Hit pedestrian,Not Applicable,Others,Others,Bitumen(Tar),Dry,Not Applicable,Others,LBF ROAD,TRY SHOP,25 M,0.0,0.0,0,0,0.0,0.0
Bengaluru City,V V Puram Traffic PS,1.04432e+16,2019,1,2,Road Accidents,Not Applicable,City/Town,Near Bus stop,Human Error,No,Damage Only,Vehicle to Vehicle,Not Applicable,Not Applicable,Others,Bitumen(Tar),Dry,Not Applicable,Snow,K P MAIN ROAD,KALPAKA HOTEL,30 M,12.960815,77.577668,0,0,0.0,0.0
Bengaluru City,V V Puram Traffic PS,1.04432e+16,2019,1,1,Road Accidents,Not Applicable,City/Town,Near Bus stop,Human Error,No,Simple Injury,Hit pedestrian,Not Applicable,Slight Curve,Others,Bitumen(Tar),Dry,Not Applicable,Fine,BUL TEMPAL ROAD,B M T C BUS STOP,10 M,12.949561,77.567638,0,0,0.0,0.0
Bengaluru City,V V Puram Traffic PS,1.04432e+16,2019,1,1,Road Accidents,Not Applicable,City/Town,In bazaar,Human Error,Yes,Simple Injury,Hit pedestrian,Not Applicable,Not Applicable,Others,Concrete,Dry,Not Applicable,Fine,SAJJAN RAO ROD,BASAPPA CIRCLE,45,12.95605,77.577302,0,0,0.0,0.0
Bengaluru City,V V Puram Traffic PS,1.04432e+16,2019,1,1,Road Accidents,Junction,City/Town,Near Petrol Pump,Human Error,No,Grievous Injury,Not Applicable,Uncontrolled,Others,Others,Bitumen(Tar),Dry,Not Applicable,Others,5TH MAIN ROAD,PETROL BUNK,10M,12.957166,77.568566,0,0,0.0,0.0
Bengaluru City,V V Puram Traffic PS,1.04432e+16,2019,1,2,Road Accidents,Not Applicable,City/Town,In bazaar,Human Error,Yes,Fatal,Vehicle to Vehicle,Not Applicable,Not Applicable,Others,Bitumen(Tar),Dry,Not Applicable,Others,J C ROAD,CENTRAL BANK OF INDIA,20 M,0.0,0.0,0,0,0.0,0.0
Bengaluru City,V V Puram Traffic PS,1.04432e+16,2019,1,1,Road Accidents,Junction,City/Town,In bazaar,Human Error,No,Grievous Injury,Hit pedestrian,Uncontrolled,Others,Others,Bitumen(Tar),Dry,Not Applicable,Others,DAIGANAL,BBMP OFFICE,60M,0.0,0.0,0,0,0.0,0.0
Bengaluru City,V V Puram Traffic PS,1.04432e+16,2019,1,2,Road Accidents,Not Applicable,City/Town,In bazaar,Human Error,Yes,Simple Injury,Vehicle to Vehicle,Uncontrolled,Not Applicable,Others,Bitumen(Tar),Dry,Not Applicable,Fine,J C ROAD,VISL,20M,12.959748,77.583194,0,0,0.0,0.0
Bengaluru City,V V Puram Traffic PS,1.04432e+16,2019,1,1,Road Accidents,Junction,City/Town,Near Bus stop,Human Error,Yes,Grievous Injury,Hit pedestrian,No signal lights,Curve,Others,Bitumen(Tar),Dry,Not Applicable,Fine,N R ROAD,BUS STOP,20 M,12.963676,77.577515,0,0,0.0,0.0
Bengaluru City,V V Puram Traffic PS,1.04432e+16,2019,1,2,Road Accidents,Not Applicable,City/Town,Near office complex,Human Error,No,Grievous Injury,Vehicle to Vehicle,Not Applicable,Straight and flat,Others,Bitumen(Tar),Dry,Not Applicable,Fine,CHAMAAJ PETE 3RD MAIN,SRI SHARADA SHIVAGGNAGA MATAM,25 M,12.95887,77.570462,0,0,0.0,0.0
Bengaluru City,V V Puram Traffic PS,1.04432e+16,2019,1,1,Road Accidents,Junction,City/Town,In bazaar,Human Error,Yes,Fatal,Hit pedestrian,No signal lights,Others,Others,Bitumen(Tar),Dry,Not Applicable,Fine,K P MAIN ROAD,NAIDU HOTEL,25M,12.963602,77.577338,0,0,0.0,0.0
Bengaluru City,V V Puram Traffic PS,1.04432e+16,2019,1,1,Road Accidents,Junction,City/Town,Near Petrol Pump,Human Error,No,Grievous Injury,Hit pedestrian,Signals (Working),Others,Others,Bitumen(Tar),Dry,Not Applicable,Fine,J C ROAD,VBHARTH PERTOL BUNK,23 M,12.957731,77.582081,0,0,0.0,0.0
Bengaluru City,V V Puram Traffic PS,1.04432e+16,2019,1,1,Road Accidents,Not Applicable,City/Town,In bazaar,Human Error,Yes,Grievous Injury,Hit pedestrian,Not Applicable,Not Applicable,Others,Bitumen(Tar),Dry,Not Applicable,Others,A V ROAD,FOOT,10,12.954198,77.579934,0,0,0.0,0.0
Bengaluru City,V V Puram Traffic PS,1.04432e+16,2019,1,2,Road Accidents,Junction,City/Town,In bazaar,Human Error,No,Grievous Injury,Vehicle to Vehicle,Uncontrolled,Others,Others,Bitumen(Tar),Dry,Not Applicable,Fine,3RD MAIN CHAMRAJPETE,JUNCTION,10M,12.958813,77.569492,0,0,0.0,0.0
Bengaluru City,V V Puram Traffic PS,1.04432e+16,2019,1,2,Road Accidents,Junction,City/Town,Near Petrol Pump,Human Error,No,Simple Injury,Vehicle to Vehicle,Controlled,Others,Others,Bitumen(Tar),Dry,Not Applicable,Others,diagnal road,petrol pump,25 m,0.0,0.0,0,0,0.0,0.0