DISTRICTNAME,UNITNAME,Crime_No,Year,RI,Noofvehicle_involved,Accident_Classification,Accident_Spot,Accident_Location,Accident_SubLocation,Main_Cause,Hit_Run,Severity,Collision_Type,Junction_Control,Road_Character,Road_Type,Surface_Type,Surface_Condition,Road_Condition,Weather,Accident_Road,Landmark_first,Distance_LandMark_First,Latitude,Longitude,Road_Condition_Score,Surface_Condition_Score,Surface_Type_Score,Road_Risk_Index
Bengaluru City,V V Puram Traffic PS,1.04432e+16,2019,1,2,Road Accidents,Cross roads,City/Town,Residential area,Human Error,No,Fatal,Vehicle to Vehicle,Uncontrolled,Others,Others,Bitumen(Tar),Dry,Not Applicable,Fine,RANGARAO ROAD,HOME 145,20 M,12.954002,77.568748,0,0,0.0,0.0
Bengaluru City,V V Puram Traffic PS,1.04432e+16,2019,1,1,Road Accidents,Junction,City/Town,Near Petrol Pump,Human Error,Yes,Simple Injury,Hit pedestrian,Uncontrolled,Others,Others,Bitumen(Tar),Dry,Not Applicable,Fine,K R ROAD,PETROL BUNK,45 M,12.949605,77.573769,0,0,0.0,0.0
Bengaluru City,V V Puram Traffic PS,1.04432e+16,2019,1,1,Road Accidents,Not Applicable,City/Town,In bazaar,Human Error,Yes,Fatal,Hit pedestrian,Not at  Junction,Others,Others,Bitumen(Tar),Dry,Not Applicable,Fine,K P MAIN ROAD,TAE STALE,12 M,12.963209,77.577447,0,0,0.0,0.0
Bengaluru City,V V Puram Traffic PS,1.04432e+16,2019,1,3,Road Accidents,Narrow road,City/Town,In bazaar,Human Error,No,Grievous Injury,Vehicle to Vehicle,Not Applicable,Others,Others,Bitumen(Tar),Dry,Not Applicable,Fine,N R ROAD,ARIHANTH ALUMINIAM CORPORECTION,25 M,12.963396,77.58142,0,0,0.0,0.0
Bengaluru City,V V Puram Traffic PS,1.04432e+16,2019,1,1,Road Accidents,Not Applicable,City/Town,Near Bus stop,Human Error,Yes,Grievous Injury,Hit pedestrian,Not Applicable,Not Applicable,Others,Bitumen(Tar),Dry,Not Applicable,Fine,bul tempal road,ramakrishamarta,25m,12.949249,77.567667,0,0,0.0,0.0
Bengaluru City,V V Puram Traffic PS,1.04432e+16,2019,1,1,Road Accidents,Curves,City/Town,Near School or College,Human Error,No,Grievous Injury,Hit pedestrian,Not at  Junction,Curve,Others,Bitumen(Tar),Dry,Not Applicable,Fine,krumbrigal road,r v college,29m,0.0,0.0,0,0,0.0,0.0
Bengaluru City,V V Puram Traffic PS,1.04432e+16,2019,1,2,Road Accidents,Not Applicable,City/Town,Near a recreation place/cinema,Human Error,No,Grievous Injury,Vehicle to Vehicle,Not Applicable,Others,Others,Bitumen(Tar),Dry,Not Applicable,Very Cold,SIDDAIAH ROAD,THEATER,10M,12.956029,77.585848,0,0,0.0,0.0
Bengaluru City,V V Puram Traffic PS,1.04432e+16,2019,1,2,Road Accidents,Narrow road,City/Town,In bazaar,Human Error,No,Fatal,Vehicle to Vehicle,Not Applicable,Others,Others,Bitumen(Tar),Dry,Not Applicable,Fog / Mist,H SIDDAIAH ROAD,SHASTA TOOLS,25,12.957504,77.582489,0,0,0.0,0.0
Bengaluru City,V V Puram Traffic PS,1.04432e+16,2019,1,2,Road Accidents,Junction,City/Town,In bazaar,Human Error,No,Grievous Injury,Vehicle to Vehicle,Controlled,Not Applicable,Others,Bitumen(Tar),Dry,Not Applicable,Others,5TH MAIN ROAD CHAMARAJ PETE,MOOR,25M,12.95711,77.56736,0,0,0.0,0.0
Bengaluru City,V V Puram Traffic PS,1.04432e+16,2019,1,2,Road Accidents,Narrow road,City/Town,In bazaar,Human Error,No,Fatal,Vehicle to Vehicle,Not Applicable,Others,Others,Bitumen(Tar),Dry,Not Applicable,Clear,N R ROAD,KAILASH ROPING,25M,12.963398,77.581827,0,0,0.0,0.0
Bengaluru City,V V Puram Traffic PS,1.04432e+16,2019,1,2,Road Accidents,Narrow road,City/Town,Near office complex,Human Error,Yes,Grievous Injury,Vehicle to Vehicle,Not Applicable,Straight and flat,Others,Bitumen(Tar),Dry,Not Applicable,Very Cold,NEAR JAIN BHAVAN K R ROAD,JAIN BHAVAN,25 M,12.953523,77.573496,0,0,0.0,0.0
Bengaluru City,V V Puram Traffic PS,1.04432e+16,2019,1,1,Road Accidents,Not Applicable,City/Town,In bazaar,Human Error,No,Simple Injury,Hit pedestrian,Not Applicable,Others,Others,Bitumen(Tar),Dry,Not Applicable,Others,P M K ROAD,KANNADA SAHITYA PARISHATH,10M,12.9587,77.57189,0,0,0.0,0.0
Bengaluru City,V V Puram Traffic PS,1.04432e+16,2019,1,2,Road Accidents,Cross roads,City/Town,Near Petrol Pump,Human Error,No,Grievous Injury,Vehicle to Vehicle,Not at  Junction,Not Applicable,Others,Bitumen(Tar),Dry,Not Applicable,Fine,J C ROAD,NEAR GURUSWAMY PETROL BUNK,10M,0.0,0.0,0,0,0.0,0.0
Bengaluru City,V V Puram Traffic PS,1.04432e+16,2020,1,1,Road Accidents,Not Applicable,City/Town,Narrow bridge or culverts,Human Error,Yes,Grievous Injury,Hit pedestrian,Not Applicable,Others,Others,Bitumen(Tar),Dry,Not Applicable,Others,N R ROAD,NEAR ELECTRIC POLE,10 M,0.0,0.0,0,0,0.0,0.0
Bengaluru City,V V Puram Traffic PS,1.04432e+16,2020,1,2,Road Accidents,Junction,City/Town,In bazaar,Human Error,No,Damage Only,Vehicle to Vehicle,Controlled,Others,Others,Bitumen(Tar),Dry,Not Applicable,Clear,R V ROAD,MINARVA CRICLE,10M,0.0,0.0,0,0,0.0,0.0
Bengaluru City,V V Puram Traffic PS,1.04432e+16,2020,1,2,Road Accidents,Junction,City/Town,Residential area,Human Error,No,Grievous Injury,Vehicle to Vehicle,Uncontrolled,Not Applicable,Others,Bitumen(Tar),Dry,Not Applicable,Fine,5TH CROSS,5TH CROSS,0,12.9498276,77.5704558,0,0,0.0,0.0
Bengaluru City,V V Puram Traffic PS,1.04432e+16,2020,1,2,Road Accidents,Not Applicable,City/Town,In bazaar,Human Error,Yes,Grievous Injury,Vehicle to Vehicle,Not Applicable,Others,Others,Bitumen(Tar),Dry,Not Applicable,Fine,R V ROAD,ARITEL OFFICE,100 M,0.0,0.0,0,0,0.0,0.0
Bengaluru City,V V Puram Traffic PS,1.04432e+16,2020,1,1,Road Accidents,Road hump or Rumble strips,City/Town,Near a religious place,Human Error,Yes,Grievous Injury,Hit pedestrian,Not at  Junction,Not Applicable,Others,Bitumen(Tar),Dry,Not Applicable,Fine,SHANKARMATA ROAD,SHANKAR MATAM,25M,0.0,0.0,0,0,0.0,0.0
Bengaluru City,V V Puram Traffic PS,1.04432e+16,2020,1,2,Road Accidents,Not Applicable,City/Town,Near Hospital,Human Error,No,Fatal,Hit pedestrian,Not Applicable,Others,Others,Bitumen(Tar),Dry,Not Applicable,Fine,K R ROAD,NEAR GANESH TEMPEL,10M,0.0,0.0,0,0,0.0,0.0
Bengaluru City,V V Puram Traffic PS,1.04432e+16,2020,1,2,Road Accidents,Not Applicable,City/Town,Near School or College,Human Error,No,Grievous Injury,Vehicle to Vehicle,Not Applicable,Not Applicable,Others,Concrete,Dry,Not Applicable,Fine,K R ROAD,JAIN BHAVAN,45 M,0.0,0.0,0,0,0.0,0.0
Bengaluru City,V V Puram Traffic PS,1.04432e+16,2020,1,2,Road Accidents,Junction,City/Town,In bazaar,Human Error,No,Grievous Injury,Vehicle to Vehicle,Uncontrolled,Others,Others,Bitumen(Tar),Dry,Not Applicable,Others,s b road,saraswathi vidyamandera,25 m,12.9507219,77.5780863,0,0,0.0,0.0
Bengaluru City,V V Puram Traffic PS,1.04432e+16,2020,1,2,Road Accidents,Not Applicable,City/Town,In bazaar,Human Error,No,Grievous Injury,Vehicle to Vehicle,Not Applicable,Others,Others,Bitumen(Tar),Dry,Not Applicable,Fine,B T ROAD,NEAR MOOR,50 M,0.0,0.0,0,0,0.0,0.0
Bengaluru City,V V Puram Traffic PS,1.04432e+16,2020,1,1,Road Accidents,Not Applicable,City/Town,Near School or College,Human Error,No,Fatal,Hit pedestrian,Not Applicable,Not Applicable,Others,Bitumen(Tar),Dry,Not Applicable,Fine,JNANODAYA SCHOOL ROAD,MARATA HOSTEL,10M,12.9539545,77.568074,0,0,0.0,0.0
Bengaluru City,V V Puram Traffic PS,1.04432e+16,2020,1,1,Road Accidents,Not Applicable,City/Town,Near Bus stop,Human Error,No,Simple Injury,Hit pedestrian,Not Applicable,Others,Others,Bitumen(Tar),Dry,Not Applicable,Others,b street kalashipalya,near lavakusha treding,10m,0.0,0.0,0,0,0.0,0.0
Bengaluru City,V V Puram Traffic PS,1.04432e+16,2020,1,1,Road Accidents,Cross roads,City/Town,In bazaar,Human Error,No,Fatal,Not Applicable,Uncontrolled,Incline,Others,Bitumen(Tar),Dry,Not Applicable,Very Cold,KRUMBRIGAL ROAD,YAMAKA SHOW ROAM,25M,0.0,0.0,0,0,0.0,0.0
Bengaluru City,V V Puram Traffic PS,1.04432e+16,2020,1,2,Road Accidents,Cross roads,City/Town,In bazaar,Human Error,No,Grievous Injury,Vehicle to Vehicle,Not Applicable,Not Applicable,Others,Bitumen(Tar),Dry,Not Applicable,Fine,CHAMARAJ PET 5TH MAINA,MAKKALA KUTA,50M,0.0,0.0,0,0,0.0,0.0
Bengaluru City,V V Puram Traffic PS,1.04432e+16,2020,1,1,Road Accidents,Narrow road,City/Town,Near a religious place,Human Error,No,Grievous Injury,Not Applicable,Not Applicable,Others,Others,Bitumen(Tar),Dry,Not Applicable,Fine,KRUMBIRGAL ROAD,GURUDHARMA PRACHARANA SABHA,25M,0.0,0.0,0,0,0.0,0.0
Bengaluru City,V V Puram Traffic PS,1.04432e+16,2020,1,1,Road Accidents,Not Applicable,City/Town,In bazaar,Human Error,Yes,Grievous Injury,Hit pedestrian,Not Applicable,Curve,Others,Bitumen(Tar),Dry,Not Applicable,Fine,N R ROAD,DOWN RANM,25 M,0.0,0.0,0,0,0.0,0.0
Bengaluru City,V V Puram Traffic PS,1.04432e+16,2020,1,2,Road Accidents,Not Applicable,City/Town,In bazaar,Human Error,No,Grievous Injury,Vehicle to Vehicle,Not Applicable,Not Applicable,Others,Bitumen(Tar),Dry,Not Applicable,Clear,CHMARAJPETE 5TH MAIN ROAD,VISHAL MEGHA MART,25M,0.0,0.0,0,0,0.0,0.0
Bengaluru City,V V Puram Traffic PS,1.04432e+16,2020,1,2,Road Accidents,Junction,City/Town,Near Hospital,Human Error,No,Grievous Injury,Vehicle to Vehicle,Controlled,Not Applicable,Others,Bitumen(Tar),Dry,Not Applicable,Fine,CHAMRAJPETE 5TH MAIN,KIMS HOSPITAL,35 M,12.957251,77.573613,0,0,0.0,0.0
Bengaluru City,V V Puram Traffic PS,1.04432e+16,2020,1,4,Not Applicable,Narrow road,City/Town,Residential area,Human Error,Yes,Damage Only,Vehicle to Vehicle,Not Applicable,Not Applicable,Others,Bitumen(Tar),Dry,Not Applicable,Others,PARVATHIPURAM 2ND CROSS,NEAR BIT COMPOWND,25M,12.955457,77.57523,0,0,0.0,0.0
Bengaluru City,V V Puram Traffic PS,1.04432e+16,2020,1,2,Road Accidents,Not Applicable,City/Town,In bazaar,Human Error,No,Grievous Injury,Vehicle to Vehicle,Not Applicable,Not Applicable,Others,Bitumen(Tar),Dry,Not Applicable,Fine,PMK ROAD,VIJAYAKARNATAKA OFFICE,20 M,0.0,0.0,0,0,0.0,0.0
Bengaluru City,V V Puram Traffic PS,1.04432e+16,2020,1,2,Road Accidents,Not Applicable,City/Town,Near Hospital,Human Error,No,Damage Only,Vehicle to Vehicle,Not Applicable,Not Applicable,Others,Bitumen(Tar),Dry,Not Applicable,Fine,A V ROAD,TIPPU PALACE,25 M,12.9599449,77.5739312,0,0,0.0,0.0
Bengaluru City,V V Puram Traffic PS,1.04432e+16,2020,1,1,Road Accidents,Not Applicable,City/Town,In bazaar,Human Error,No,Fatal,Hit pedestrian,Not at  Junction,Others,Others,Bitumen(Tar),Dry,Not Applicable,Fine,V V I ROAD,RASHEED SHOP,15  M,12.9615917,77.5751155,0,0,0.0,0.0
Bengaluru City,V V Puram Traffic PS,1.04432e+16,2020,1,2,Road Accidents,Narrow road,City/Town,In bazaar,Human Error,No,Simple Injury,Vehicle to Vehicle,Not Applicable,Others,Others,Bitumen(Tar),Dry,Not Applicable,Fine,DIAGANAL ROAD,BEADY STUDY GO,25 M,12.949196,77.57449,0,0,0.0,0.0
Bengaluru City,V V Puram Traffic PS,1.04432e+16,2020,1,1,Road Accidents,Not Applicable,City/Town,Near a religious place,Human Error,Yes,Grievous Injury,Hit pedestrian,Not Applicable,Others,Others,Bitumen(Tar),Dry,Not Applicable,Clear,H SIDAIAH ROAD,DARGA HAJARATH,25 M,0.0,0.0,0,0,0.0,0.0
Bengaluru City,V V Puram Traffic PS,1.04432e+16,2020,1,1,Road Accidents,Not Applicable,City/Town,In bazaar,Human Error,No,Grievous Injury,Hit pedestrian,Not Applicable,Others,Others,Bitumen(Tar),Dry,Not Applicable,Fine,R V ROAD,NEAR KARNATAKA BANK,10 M,12.954174,77.579917,0,0,0.0,0.0
Bengaluru City,V V Puram Traffic PS,1.04432e+16,2020,1,1,Road Accidents,Not Applicable,City/Town,In bazaar,Human Error,Yes,Grievous Injury,Hit pedestrian,Not Applicable,Others,Others,Bitumen(Tar),Dry,Not Applicable,Clear,LBF ROAD,SABHARVAL HOTEL,2 M,0.0,0.0,0,0,0.0,0.0
Bengaluru City,V V Puram Traffic PS,1.04432e+16,2020,1,2,Road Accidents,Not Applicable,City/Town,Near a religious place,Human Error,No,Grievous Injury,Vehicle to Vehicle,Not Applicable,Not Applicable,Others,Bitumen(Tar),Dry,Not Applicable,Fine,R V ROAD,BISILU MARAMA TEMPEL,25M,0.0,0.0,0,0,0.0,0.0
Bengaluru City,V V Puram Traffic PS,1.04432e+16,2020,1,1,Road Accidents,Junction,City/Town,Near office complex,Human Error,No,Fatal,Hit pedestrian,Uncontrolled,Curve,Others,Bitumen(Tar),Dry,Not Applicable,Fine,PMK ROAD,CITY INSTUT,25M,0.0,0.0,0,0,0.0,0.0
Bengaluru City,V V Puram Traffic PS,1.04432e+16,2020,1,2,Road Accidents,Junction,City/Town,In bazaar,Human Error,Yes,Grievous Injury,Vehicle to Vehicle,Uncontrolled,Not Applicable,Others,Bitumen(Tar),Dry,Not Applicable,Fine,SHANAKAR MATA MAIN ROAD,SHANKAR MATA 3 RD CROSS,20 M,0.0,0.0,0,0,0.0,0.0
Bengaluru City,V V Puram Traffic PS,1.04432e+16,2020,1,1,Road Accidents,Junction,City/Town,In bazaar,Human Error,No,Fatal,Hit pedestrian,Controlled,Others,Others,Bitumen(Tar),Dry,Not Applicable,Fine,LBF ROAD,MINARVA CIRCLE,10 M,0.0,0.0,0,0,0.0,0.0
Bengaluru City,V V Puram Traffic PS,1.04432e+16,2021,1,1,Road Accidents,Circle,City/Town,In bazaar,Human Error,Yes,Fatal,Hit pedestrian,Not Applicable,Others,Others,Bitumen(Tar),Dry,Not Applicable,Others,J C ROAD,KARRU VYASYA BANK,10 M,12.958677,77.582641,0,0,0.0,0.0
Bengaluru City,V V Puram Traffic PS,1.04432e+16,2021,1,2,Road Accidents,Narrow road,City/Town,In bazaar,Human Error,No,Grievous Injury,Vehicle to Vehicle,Not Applicable,Others,Others,Bitumen(Tar),Dry,Not Applicable,Fine,J C ROAD,HONDA SHOW ROOM,25 M,12.959793,77.58322,0,0,0.0,0.0
Bengaluru City,V V Puram Traffic PS,1.04432e+16,2021,1,2,Road Accidents,Narrow road,City/Town,In bazaar,Human Error,No,Grievous Injury,Vehicle to Vehicle,Not Applicable,Others,One way,Bitumen(Tar),Dry,Not Applicable,Fine,H SIDDAIAH ROAD,URVASHI TAKISH,25 M,12.955583,77.585586,0,0,0.0,0.0
Bengaluru City,V V Puram Traffic PS,1.04432e+16,2021,1,1,Road Accidents,Narrow road,City/Town,In bazaar,Human Error,No,Grievous Injury,Not Applicable,Not Applicable,Others,Others,Bitumen(Tar),Dry,Not Applicable,Fog / Mist,LBF ROAD,NEAR ANAD HOTEL,10 M,12.95415,77.584963,0,0,0.0,0.0
Bengaluru City,V V Puram Traffic PS,1.04432e+16,2021,1,2,Road Accidents,Junction,City/Town,In bazaar,Human Error,No,Simple Injury,Vehicle to Vehicle,Signals (Working),Not Applicable,Others,Bitumen(Tar),Dry,Not Applicable,Fine,J C ROAD,NEAR J C ROAD,10 M,12.957734,77.582163,0,0,0.0,0.0
Bengaluru City,V V Puram Traffic PS,1.04432e+16,2021,1,1,Road Accidents,Narrow road,City/Town,Near a religious place,Human Error,No,Grievous Injury,Hit pedestrian,Not Applicable,Others,Others,Bitumen(Tar),Dry,Not Applicable,Clear,PMK ROAD,NEAR CHEUCH,25 M,12.960002,77.5718221,0,0,0.0,0.0
Bengaluru City,V V Puram Traffic PS,1.04432e+16,2021,1,1,Road Accidents,Junction,City/Town,In bazaar,Human Error,No,Grievous Injury,Hit pedestrian,Controlled,Others,Others,Bitumen(Tar),Dry,Construction Work / Material,Clear,5TH MAIN CHAMARAJPETE,HOSPITAL,10 M,12.957159,77.569569,2,0,0.0,2.0
Bengaluru City,V V Puram Traffic PS,1.04432e+16,2021,1,1,Road Accidents,Narrow road,City/Town,In bazaar,Human Error,No,Fatal,Hit pedestrian,Not Applicable,Others,Others,Bitumen(Tar),Dry,Not Applicable,Others,K R ROAD,METRO,25,12.95188,77.573584,0,0,0.0,0.0
Bengaluru City,V V Puram Traffic PS,1.04432e+16,2021,1,1,Road Accidents,Junction,City/Town,Residential area,Human Error,No,Fatal,Hit bicyclist,Uncontrolled,Others,Others,Bitumen(Tar),Dry,Not Applicable,Fine,chamarajpete 3 rd main,3rd main road,10 m,12.958926,77.569515,0,0,0.0,0.0
Bengaluru City,V V Puram Traffic PS,1.04432e+16,2021,1,2,Road Accidents,Junction,City/Town,Near Hospital,Human Error,No,Damage Only,Vehicle to Vehicle,Controlled,Not Applicable,Others,Bitumen(Tar),Dry,Not Applicable,Fine,k r road,shivashakar circle,40 m,12.957214,77.573724,0,0,0.0,0.0
Bengaluru City,V V Puram Traffic PS,1.04432e+16,2021,1,2,Road Accidents,Narrow road,City/Town,Near Bus stop,Human Error,No,Grievous Injury,Vehicle to Vehicle,Not at  Junction,Curve,Others,Bitumen(Tar),Dry,Not Applicable,Clear,N R ROAD,JAMIYA MASIDI,25 M,12.963548,77.578755,0,0,0.0,0.0
Bengaluru City,V V Puram Traffic PS,1.04432e+16,2021,1,2,Road Accidents,Junction,City/Town,In bazaar,Human Error,No,Fatal,Vehicle to Vehicle,Uncontrolled,Not Applicable,Others,Bitumen(Tar),Dry,Not Applicable,Clear,J C ROAD,PRAJAVANI OFFICE,10 M,12.9590516,77.5828666,0,0,0.0,0.0
Bengaluru City,V V Puram Traffic PS,1.04432e+16,2021,1,1,Road Accidents,Junction,City/Town,In bazaar,Human Error,No,Grievous Injury,Not Applicable,Controlled,Curve,Others,Bitumen(Tar),Dry,Not Applicable,Fine,LBF RAOD,MINARVA JUNCTION,10 M,12.955135,77.580112,0,0,0.0,0.0
Bengaluru City,V V Puram Traffic PS,1.04432e+16,2021,1,1,Road Accidents,Curves,City/Town,Near a religious place,Human Error,No,Grievous Injury,Vehicle to Vehicle,Uncontrolled,Others,Others,Bitumen(Tar),Dry,Not Applicable,Fine,SAJJAN RAO ROAD,SHANIMAHATMA TEMPELE,10 M,12.952871,77.576875,0,0,0.0,0.0
Bengaluru City,V V Puram Traffic PS,1.04432e+16,2021,1,1,Road Accidents,Cross roads,City/Town,In bazaar,Human Error,Yes,Grievous Injury,Hit pedestrian,Uncontrolled,Incline,Others,Bitumen(Tar),Dry,Not Applicable,Fine,SUBRAMANYA ROAD,H P GAS,10 M,12.952818,77.57651,0,0,0.0,0.0
Bengaluru City,V V Puram Traffic PS,1.04432e+16,2021,1,2,Road Accidents,Junction,City/Town,Near Petrol Pump,Human Error,Yes,Grievous Injury,Vehicle to Vehicle,Controlled,Others,Others,Bitumen(Tar),Dry,Not Applicable,Fine,K P MAIN  ROAD,BASAPPA,10 M,12.956366,77.577369,0,0,0.0,0.0
Bengaluru City,V V Puram Traffic PS,1.04432e+16,2021,1,2,Road Accidents,Junction,City/Town,Near Hospital,Human Error,No,Simple Injury,Vehicle to Vehicle,Controlled,Others,Others,Bitumen(Tar),Dry,Not Applicable,Fine,basappa road,shivashankar circle,25 m,12.95734,77.573921,0,0,0.0,0.0
Bengaluru City,V V Puram Traffic PS,1.04432e+16,2021,1,1,Road Accidents,Narrow road,City/Town,In bazaar,Human Error,No,Fatal,Not Applicable,Not Applicable,Not Applicable,Others,Bitumen(Tar),Dry,Not Applicable,Clear,J C ROAD,KARUR VYASA BANK,5 M,12.9584183,77.582271,0,0,0.0,0.0
Bengaluru City,V V Puram Traffic PS,1.04432e+16,2021,1,2,Road Accidents,Junction,City/Town,Near Hospital,Human Error,No,Grievous Injury,Vehicle to Vehicle,Signal lights Automatic,Not Applicable,Others,Bitumen(Tar),Dry,Not Applicable,Fine,K R ROAD,KIMS HOSPITAL COMPOUND,50 M,12.9572167,77.5739925,0,0,0.0,0.0
Bengaluru City,V V Puram Traffic PS,1.04432e+16,2021,1,2,Road Accidents,Not Applicable,City/Town,In bazaar,Human Error,Yes,Damage Only,Vehicle to Vehicle,Not Applicable,Curve,Others,Bitumen(Tar),Dry,Not Applicable,Clear,krumbigal road,gurudarama pracharana shabha,10 m,12.950869,77.582549,0,0,0.0,0.0
Bengaluru City,V V Puram Traffic PS,1.04432e+16,2021,1,2,Road Accidents,Junction,City/Town,In bazaar,Human Error,No,Grievous Injury,Vehicle to Vehicle,Uncontrolled,Others,Others,Bitumen(Tar),Dry,Not Applicable,Fine,SHANKARMATA ROAD,JUNCTION,45,12.95188,77.56997,0,0,0.0,0.0
Bengaluru City,V V Puram Traffic PS,1.04432e+16,2021,1,1,Road Accidents,Narrow road,City/Town,In bazaar,Human Error,No,Grievous Injury,Hit pedestrian,Not Applicable,Others,Others,Bitumen(Tar),Dry,Not Applicable,Fine,j c road,karu vays bank,10 m,0.0,0.0,0,0,0.0,0.0
Bengaluru City,V V Puram Traffic PS,1.04432e+16,2021,1,2,Road Accidents,Junction,City/Town,In bazaar,Human Error,No,Damage Only,Vehicle to Vehicle,Not Applicable,Not Applicable,Others,Bitumen(Tar),Dry,Not Applicable,Fine,SHANKARPURAM MAIN ROAD,NEAR SHANKARPURAM POLICE STATION,25 M,12.95358,77.570016,0,0,0.0,0.0
Bengaluru City,V V Puram Traffic PS,1.04432e+16,2021,1,1,Road Accidents,Junction,City/Town,In bazaar,Human Error,No,Grievous Injury,Not Applicable,Uncontrolled,Others,Others,Bitumen(Tar),Dry,Not Applicable,Clear,DISIPENSORY CROSS ROAD,N A S TRANSORT,10 M,12.9562283,77.5820583,0,0,0.0,0.0
Bengaluru City,V V Puram Traffic PS,1.04432e+16,2021,1,2,Road Accidents,Junction,City/Town,In bazaar,Human Error,No,Damage Only,Vehicle to Vehicle,Controlled,Others,Others,Bitumen(Tar),Dry,Not Applicable,Fine,CHAMARAJPETE 5TH MAIN,COCOCRED APTRS,10 MN,12.957102,77.567469,0,0,0.0,0.0
Bengaluru City,V V Puram Traffic PS,1.04432e+16,2021,1,1,Road Accidents,Narrow road,City/Town,In bazaar,Human Error,No,Grievous Injury,Hit pedestrian,Not Applicable,Others,Others,Bitumen(Tar),Dry,Not Applicable,Fine,BUL TEMPEL ROAD,BSNL OFFICE,25 M,12.950503,77.567674,0,0,0.0,0.0
Bengaluru City,V V Puram Traffic PS,1.04432e+16,2021,1,2,Road Accidents,Narrow road,City/Town,In bazaar,Human Error,No,Simple Injury,Vehicle to Vehicle,Not at  Junction,Others,Others,Bitumen(Tar),Dry,Not Applicable,Fine,SHANKAR MATTA ROAD,SHANKARPURAM POLICE STATION,15 M,12.953518,77.570008,0,0,0.0,0.0
Bengaluru City,V V Puram Traffic PS,1.04432e+16,2021,1,2,Road Accidents,Narrow road,City/Town,Near Hospital,Human Error,No,Fatal,Vehicle to Vehicle,Not Applicable,Others,Others,Bitumen(Tar),Dry,Not Applicable,Others,KONDAJJI BASAPPA ROAD,KIMS HOSPITAL,10 M,12.956878,77.575265,0,0,0.0,0.0
Bengaluru City,V V Puram Traffic PS,1.04432e+16,2022,1,2,Road Accidents,Cross roads,City/Town,In bazaar,Human Error,No,Simple Injury,Vehicle to Vehicle,Controlled,Curve and Incline,Others,Bitumen(Tar),Dry,Not Applicable,Fine,KRUMBRIGALA ROAD,LAL BAG WEST GAETE,50,12.954036,77.584089,0,0,0.0,0.0
Bengaluru City,V V Puram Traffic PS,1.04432e+16,2022,1,1,Road Accidents,Junction,City/Town,Near Bus stop,Human Error,No,Fatal,Hit pedestrian,Not Applicable,Others,Others,Bitumen(Tar),Dry,Construction Work / Material,Fine,K R ROAD,PETROL BUNK,15 M,12.948785,77.57376,2,0,0.0,2.0
Bengaluru City,V V Puram Traffic PS,1.04432e+16,2022,1,1,Road Accidents,Curves,City/Town,At pedestrian Crossing,Not Applicable,No,Simple Injury,Hit pedestrian,Not at  Junction,Others,Others,Bitumen(Tar),Dry,Not Applicable,Fine,K.P Main Road,Bilal bekary Oppsit,30,12.957322,77.577493,0,0,0.0,0.0
Bengaluru City,V V Puram Traffic PS,1.04432e+16,2022,1,2,Road Accidents,Curves,City/Town,At pedestrian Crossing,Road Environment Defect,No,Simple Injury,Vehicle to Vehicle,No signal lights,Curve,Others,Bitumen(Tar),Dry,Not Applicable,Fine,Sajjan Rao Circle,Sajjan Rao Circle,80,0.0,0.0,0,0,0.0,0.0
Bengaluru City,V V Puram Traffic PS,1.04432e+16,2022,1,1,Road Accidents,Circle,City/Town,Open area,Human Error,No,Grievous Injury,Hit pedestrian,Give way sign,Others,One way,Bitumen(Tar),Dry,Not Applicable,Fine,Kalpaka Traveels,Kalasipalaya main Road,20,0.0,0.0,0,0,0.0,0.0
Bengaluru City,V V Puram Traffic PS,1.04432e+16,2022,1,2,Road Accidents,Narrow road,City/Town,Open area,Human Error,Yes,Simple Injury,Vehicle to Vehicle,Uncontrolled,Others,Others,Bitumen(Tar),Dry,Not Applicable,Fine,uttaradhi Math Main Roadf,Near Samdariya House,10,0.0,0.0,0,0,0.0,0.0
Bengaluru City,V V Puram Traffic PS,1.04432e+16,2022,1,1,Road Accidents,Junction,City/Town,In bazaar,Human Error,No,Simple Injury,Hit pedestrian,Uncontrolled,Others,Others,Bitumen(Tar),Dry,Not Applicable,Fine,SS ROAD,JAIN TEMPLE ROAD,10 M,12.953036,77.575413,0,0,0.0,0.0
Bengaluru City,V V Puram Traffic PS,1.04432e+16,2022,1,2,Not Applicable,Junction,City/Town,At pedestrian Crossing,Not Applicable,No,Grievous Injury,Vehicle to Vehicle,Controlled,Others,Others,Bitumen(Tar),Dry,Not Applicable,Clear,Shivashankar Cirlce,near Makkala koota,2km,12.957278,77.573754,0,0,0.0,0.0
Bengaluru City,V V Puram Traffic PS,1.04432e+16,2022,1,1,Road Accidents,Junction,City/Town,Open area,Not Applicable,No,Simple Injury,Hit pedestrian,Stop sign,Curve,Others,Bitumen(Tar),Others,Not Applicable,Fine,Diagnoal Road,Middle School Road,8,0.0,0.0,0,1,0.0,1.0
Bengaluru City,V V Puram Traffic PS,1.04432e+16,2022,1,1,Road Accidents,Narrow road,City/Town,Near Hospital,Human Error,No,Grievous Injury,Vehicle to Vehicle,No signal lights,Others,Others,Bitumen(Tar),Dry,Not Applicable,Fine,Near Randore Hospital,Near Randore Hospital,30,0.0,0.0,0,0,0.0,0.0
Bengaluru City,V V Puram Traffic PS,1.04432e+16,2022,1,1,Road Accidents,Narrow road,City/Town,At pedestrian Crossing,Human Error,No,Grievous Injury,Hit pedestrian,Not Applicable,Others,Others,Bitumen(Tar),Dry,Not Applicable,Fine,BUL TEMPLE ROAD,BSNL OFFICE,25 M,12.950486,77.567713,0,0,0.0,0.0
Bengaluru City,V V Puram Traffic PS,1.04432e+16,2022,1,2,Road Accidents,Circle,City/Town,At pedestrian Crossing,Vehicle Defect,No,Damage Only,Vehicle to Vehicle,Signal lights Automatic,Curve,Others,Bitumen(Tar),Dry,Not Applicable,Very Cold,JC ROAD,Near minarva Circle,20,0.0,0.0,0,0,0.0,0.0
Bengaluru City,V V Puram Traffic PS,1.04432e+16,2022,1,2,Road Accidents,Cross roads,City/Town,Near Hospital,Human Error,No,Simple Injury,Vehicle to Vehicle,No signal lights,Straight and flat,Others,Bitumen(Tar),Dry,Not Applicable,Others,K R Road,KIMS Hospital,1KM,0.0,0.0,0,0,0.0,0.0