DISTRICTNAME,UNITNAME,Crime_No,Year,RI,Noofvehicle_involved,Accident_Classification,Accident_Spot,Accident_Location,Accident_SubLocation,Main_Cause,Hit_Run,Severity,Collision_Type,Junction_Control,Road_Character,Road_Type,Surface_Type,Surface_Condition,Road_Condition,Weather,Accident_Road,Landmark_first,Distance_LandMark_First,Latitude,Longitude,Road_Condition_Score,Surface_Condition_Score,Surface_Type_Score,Road_Risk_Index
Bengaluru City,V V Puram Traffic PS,1.04432e+16,2022,1,3,Road Accidents,Narrow road,City/Town,In bazaar,Human Error,No,Simple Injury,Vehicle to Vehicle,Not Applicable,Others,Others,Bitumen(Tar),Dry,Not Applicable,Fine,N R ROAD,FLY OVER,1,12.964644,77.574381,0,0,0.0,0.0
Bengaluru City,V V Puram Traffic PS,1.04432e+16,2022,1,2,Road Accidents,Junction,City/Town,In bazaar,Human Error,No,Fatal,Vehicle to Vehicle,No signal lights,Curve,Others,Concrete,Dry,Drainage Ditch,Others,VASAVI ROAD,JUNCTION,10M,12.949027,77.576855,4,0,0.0,4.0
Bengaluru City,V V Puram Traffic PS,1.04432e+16,2022,1,1,Road Accidents,Not Applicable,City/Town,Near Petrol Pump,Not Applicable,Yes,Grievous Injury,Hit pedestrian,Not Applicable,Others,Others,Bitumen(Tar),Dry,Not Applicable,Fine,Chamarjapete Main Road,pragna yoga instutite chamarjapete pragna yoga instutite chamarjapete,25,0.0,0.0,0,0,0.0,0.0
Bengaluru City,V V Puram Traffic PS,1.04432e+16,2022,1,1,Road Accidents,Curves,City/Town,At pedestrian Crossing,Human Error,No,Simple Injury,Hit pedestrian,Controlled,Curve,Others,Bitumen(Tar),Dry,Not Applicable,Fine,K.r Main Road,Near Kims Hospital,10,0.0,0.0,0,0,0.0,0.0
Bengaluru City,V V Puram Traffic PS,1.04432e+16,2022,1,2,Not Applicable,Not Applicable,City/Town,Open area,Not Applicable,Yes,Grievous Injury,Vehicle to Vehicle,Controlled,Others,Others,Bitumen(Tar),Dry,Not Applicable,Fine,jc rOAD,JC Main Road,30,12.956768,77.581509,0,0,0.0,0.0
Bengaluru City,V V Puram Traffic PS,1.04432e+16,2022,1,1,Other Railway Accidents,Curves,City/Town,Open area,Not Applicable,Yes,Grievous Injury,Hit pedestrian,Give way sign,Curve,Others,Bitumen(Tar),Dry,Not Applicable,Fine,Bul temple Main Road Shankarpuram,Ramkrishna Ashrama,2,0.0,0.0,0,0,0.0,0.0
Bengaluru City,V V Puram Traffic PS,1.04432e+16,2022,1,1,Road Accidents,Junction,City/Town,In bazaar,Human Error,No,Grievous Injury,Hit pedestrian,Uncontrolled,Others,Others,Bitumen(Tar),Dry,Not Applicable,Fine,VASAVI ROAD,MANDAY CLINIC,25 M,12.949005,77.576754,0,0,0.0,0.0
Bengaluru City,V V Puram Traffic PS,1.04432e+16,2022,1,2,Road Accidents,Junction,City/Town,At pedestrian Crossing,Not Applicable,No,Grievous Injury,Vehicle to Vehicle,Controlled,Curve,Others,Bitumen(Tar),Dry,Not Applicable,Fine,5th Main Chamarajapete,5th Main Chamarajapete,30,0.0,0.0,0,0,0.0,0.0
Bengaluru City,V V Puram Traffic PS,1.04432e+16,2022,1,1,Road Accidents,Narrow road,City/Town,In bazaar,Human Error,No,Simple Injury,Hit pedestrian,Not Applicable,Not Applicable,Others,Bitumen(Tar),Dry,Not Applicable,Fog / Mist,N R ROAD BGS FLYOVER,FYOVER,10 M,12.963569,77.580918,0,0,0.0,0.0
Bengaluru City,V V Puram Traffic PS,1.04432e+16,2022,1,2,Road Accidents,Circle,City/Town,Near Bus stop,Human Error,No,Grievous Injury,Vehicle to Vehicle,Controlled,Curve,Others,Bitumen(Tar),Dry,Not Applicable,Fine,5th cross road,Near Intirior Studio,28,12.950469,77.570006,0,0,0.0,0.0
Bengaluru City,V V Puram Traffic PS,1.04432e+16,2022,1,2,Road Accidents,Junction,City/Town,At pedestrian Crossing,Vehicle Defect,No,Damage Only,Vehicle to Vehicle,Signal lights Automatic,Not Applicable,Others,Bitumen(Tar),Dry,Not Applicable,Others,Bale Hele Junction 5th main road,5th main road,1,12.957201,77.569584,0,0,0.0,0.0
Bengaluru City,V V Puram Traffic PS,1.04432e+16,2022,1,2,Road Accidents,Junction,City/Town,Open area,Vehicle Defect,No,Damage Only,Vehicle to Vehicle,Controlled,Others,Others,Bitumen(Tar),Dry,Not Applicable,Others,2nd main Road,Infront of Vishal Mart Building,2km,12.957229,77.572167,0,0,0.0,0.0
Bengaluru City,V V Puram Traffic PS,1.04432e+16,2022,1,2,Road Accidents,Circle,City/Town,Near a religious place,Not Applicable,No,Damage Only,Vehicle to Vehicle,Give way sign,Curve,Others,Bitumen(Tar),Dry,Not Applicable,Fine,sajjan Rao Circle,Subramanya swami temple,60,0.0,0.0,0,0,0.0,0.0
Bengaluru City,V V Puram Traffic PS,1.04432e+16,2022,1,2,Road Accidents,Junction,City/Town,Near Hospital,Human Error,No,Fatal,Vehicle to Vehicle,Controlled,Curve,Others,Concrete,Dry,Not Applicable,Heavy Rain,K R ROAD,KIMS HOSPITAL,10 M,12.95732258,77.57373502,0,0,0.0,0.0
Bengaluru City,V V Puram Traffic PS,1.04432e+16,2022,1,4,Road Accidents,Circle,City/Town,Near Hospital,Human Error,No,Grievous Injury,Vehicle to Vehicle,Police / Manual,Others,Others,Bitumen(Tar),Dry,Not Applicable,Fine,Sajjan Rao Circle,Near Cross Road,10,0.0,0.0,0,0,0.0,0.0
Bengaluru City,V V Puram Traffic PS,1.04432e+16,2022,1,1,Road Accidents,Circle,City/Town,Near Petrol Pump,Human Error,Yes,Grievous Injury,Vehicle to Vehicle,Controlled,Others,Others,Bitumen(Tar),Dry,Not Applicable,Not Applicable,Kondajji Basappa Road,Basappa Junction,10,0.0,0.0,0,0,0.0,0.0
Bengaluru City,V V Puram Traffic PS,1.04432e+16,2022,1,2,Road Accidents,Curves,City/Town,Near office complex,Not Applicable,No,Simple Injury,Vehicle to Vehicle,Give way sign,Curve,Others,Bitumen(Tar),Dry,Not Applicable,Fine,Diognal Road.,Diognal Road,40,12.949926,77.575112,0,0,0.0,0.0
Bengaluru City,V V Puram Traffic PS,1.04432e+16,2022,1,1,Road Accidents,Not Applicable,City/Town,In bazaar,Human Error,No,Grievous Injury,Hit pedestrian,Uncontrolled,Others,Others,Bitumen(Tar),Dry,Drainage Ditch,Clear,daiganal road,sajjan rao,10 m,12.952799,77.577165,4,0,0.0,4.0
Bengaluru City,V V Puram Traffic PS,1.04432e+16,2022,1,1,Road Accidents,Curves,City/Town,In bazaar,Vehicle Defect,Yes,Simple Injury,Hit pedestrian,Give way sign,Curve,Others,Bitumen(Tar),Dry,Pot holed,Fine,NT Pete 2nd Main Road.,Bhagyalakshmi Store,50,0.0,0.0,5,0,0.0,5.0
Bengaluru City,V V Puram Traffic PS,1.04432e+16,2022,1,2,Road Accidents,Junction,City/Town,Near a religious place,Human Error,No,Grievous Injury,Vehicle to Vehicle,Uncontrolled,Others,Others,Bitumen(Tar),Dry,Not Applicable,Clear,Subramanya temple road,jain temple,100mtr,12.953054,77.575326,0,0,0.0,0.0
Bengaluru City,V V Puram Traffic PS,1.04432e+16,2022,1,1,Road Accidents,Not Applicable,City/Town,Residential area,Human Error,Yes,Grievous Injury,Hit pedestrian,Not Applicable,Not Applicable,Not Applicable,Concrete,Dry,Not Applicable,Clear,Near Rangarao Road,10,5,0.0,0.0,0,0,0.0,0.0
Bengaluru City,V V Puram Traffic PS,1.04432e+16,2022,1,1,Road Accidents,Curves,City/Town,Open area,Human Error,Yes,Grievous Injury,Hit pedestrian,Give way sign,Curve,Others,Bitumen(Tar),Dry,Pot holed,Fine,Opp Wasim Tinkinring Shop,20,20,0.0,0.0,5,0,0.0,5.0
Bengaluru City,V V Puram Traffic PS,1.04432e+16,2022,1,1,Road Accidents,Cross roads,City/Town,Near School or College,Human Error,No,Simple Injury,Hit pedestrian,Not Applicable,Others,Others,Concrete,Dry,Not Applicable,Fine,K R ROAD,JAIN VIDYALAYA,10 M,12.954147,77.573533,0,0,0.0,0.0
Bengaluru City,V V Puram Traffic PS,1.04432e+16,2022,1,2,Road Accidents,Curves,City/Town,Near office complex,Vehicle Defect,Yes,Grievous Injury,Vehicle to Vehicle,Not at  Junction,Curve,Others,Bitumen(Tar),Dry,Not Applicable,Cloudy,Shankar mutt Road,Shnkarmutt main Road,30,12.951002,77.569986,0,0,0.0,0.0
Bengaluru City,V V Puram Traffic PS,1.04432e+16,2022,1,2,Road Accidents,Curves,City/Town,In bazaar,Human Error,No,Grievous Injury,Vehicle to Vehicle,Controlled,Curve,Others,Bitumen(Tar),Dry,Not Applicable,Fine,LBF ROAD,MINARVA,10,12.958907,77.577602,0,0,0.0,0.0
Bengaluru City,V V Puram Traffic PS,1.04432e+16,2022,1,2,Road Accidents,Junction,City/Town,Near Hospital,Human Error,No,Simple Injury,Vehicle to Vehicle,Give way sign,Others,Others,Bitumen(Tar),Dry,Not Applicable,Fine,Kr Main Road,Near Kims Hospital,20,0.0,0.0,0,0,0.0,0.0
Bengaluru City,V V Puram Traffic PS,1.04432e+16,2022,1,3,Road Accidents,Narrow road,City/Town,In bazaar,Human Error,No,Grievous Injury,Vehicle to Vehicle,Not Applicable,Not Applicable,Others,Concrete,Dry,Construction Work / Material,Fine,N R RAOD,ALFA ENTRFRISAS,10 M,12.963446,77.58191,2,0,0.0,2.0
Bengaluru City,V V Puram Traffic PS,1.04432e+16,2022,1,1,Road Accidents,Cross roads,City/Town,Near School or College,Not Applicable,No,Simple Injury,Hit pedestrian,No signal lights,Others,Others,Bitumen(Tar),Dry,Not Applicable,Fine,National College Main Road,National Collge Main Road,40,0.0,0.0,0,0,0.0,0.0
Bengaluru City,V V Puram Traffic PS,1.04432e+16,2022,1,1,Road Accidents,Junction,City/Town,At pedestrian Crossing,Human Error,No,Grievous Injury,Vehicle to Vehicle,Controlled,Not Applicable,Others,Bitumen(Tar),Dry,Not Applicable,Cloudy,J C Road,10,15,0.0,0.0,0,0,0.0,0.0
Bengaluru City,V V Puram Traffic PS,1.04432e+16,2022,1,1,Road Accidents,Not Applicable,City/Town,Near Hospital,Human Error,No,Grievous Injury,Hit pedestrian,Not Applicable,Others,Others,Bitumen(Tar),Dry,Construction Work / Material,Fine,INFOCIS BILDING ROAD,OPP MICROBIOLOGY PRACTICAL HALL,10 M,12.962354,77.575191,2,0,0.0,2.0
Bengaluru City,V V Puram Traffic PS,1.04432e+16,2022,1,2,Road Accidents,Curves,City/Town,Open area,Not Applicable,No,Simple Injury,Vehicle to Vehicle,Controlled,Curve,Others,Bitumen(Tar),Dry,Not Applicable,Fine,N.T pete,Shivshankar Traders,18,12.964102,77.571697,0,0,0.0,0.0
Bengaluru City,V V Puram Traffic PS,1.04432e+16,2022,1,2,Road Accidents,Curves,City/Town,Open area,Not Applicable,No,Simple Injury,Vehicle to Vehicle,Give way sign,Curve,Others,Bitumen(Tar),Dry,Not Applicable,Fine,Victoria Main Road,Victoria Hospital,50,0.0,0.0,0,0,0.0,0.0
Bengaluru City,V V Puram Traffic PS,1.04432e+16,2022,1,1,Road Accidents,Circle,City/Town,Open area,Not Applicable,Not Applicable,Grievous Injury,Hit pedestrian,No signal lights,Curve,Others,Bitumen(Tar),Dry,Pot holed,Fine,Bamboo Bazar Main Road,Nr Road,50,0.0,0.0,5,0,0.0,5.0
Bengaluru City,V V Puram Traffic PS,1.04432e+16,2022,1,1,Not Applicable,Cross roads,City/Town,Near Hospital,Not Applicable,No,Fatal,Hit pedestrian,Give way sign,Hump,Others,Bitumen(Tar),Dry,Not Applicable,Fine,PMK MAIN ROAD,SHANKAR HOSPITAL GATE,30,12.95433,77.57115,0,0,0.0,0.0
Bengaluru City,V V Puram Traffic PS,1.04432e+16,2023,1,2,Road Accidents,Not Applicable,City/Town,Near Hospital,Human Error,No,Grievous Injury,Vehicle to Vehicle,Uncontrolled,Others,Others,Bitumen(Tar),Dry,Not Applicable,Clear,Kondajji Basappa Road,10,15,0.0,0.0,0,0,0.0,0.0
Bengaluru City,V V Puram Traffic PS,1.04432e+16,2023,1,2,Not Applicable,Circle,City/Town,Near Bus stop,Human Error,Yes,Grievous Injury,Vehicle to Vehicle,Controlled,Curve,Others,Bitumen(Tar),Dry,Not Applicable,Others,K R Road,10,15,0.0,0.0,0,0,0.0,0.0
Bengaluru City,V V Puram Traffic PS,1.04432e+16,2023,1,1,Road Accidents,Not Applicable,City/Town,Near office complex,Human Error,Yes,Grievous Injury,Hit pedestrian,Uncontrolled,Not Applicable,Others,Bitumen(Tar),Dry,Not Applicable,Clear,4th Main Road,10,25,0.0,0.0,0,0,0.0,0.0
Bengaluru City,V V Puram Traffic PS,1.04432e+16,2023,1,2,Road Accidents,Circle,City/Town,Open area,Human Error,Yes,Grievous Injury,Vehicle to Vehicle,Uncontrolled,Not Applicable,Others,Bitumen(Tar),Dry,Not Applicable,Clear,ShankarMatt Road,15,15,0.0,0.0,0,0,0.0,0.0
Bengaluru City,V V Puram Traffic PS,1.04432e+16,2023,1,1,Road Accidents,Circle,City/Town,Near Hospital,Human Error,No,Simple Injury,Hit pedestrian,Controlled,Curve,Others,Bitumen(Tar),Dry,Not Applicable,Clear,A V Road,10,4,0.0,0.0,0,0,0.0,0.0
Bengaluru City,V V Puram Traffic PS,1.04432e+16,2023,1,1,Road Accidents,Cross roads,City/Town,Open area,Human Error,No,Simple Injury,Hit pedestrian,Uncontrolled,Others,Two way,Bitumen(Tar),Dry,Not Applicable,Fine,Kondajji Basappa Road,Kondajji Basappa Road,20,0.0,0.0,0,0,0.0,0.0
Bengaluru City,V V Puram Traffic PS,1.04432e+16,2023,1,1,Road Accidents,Cross roads,City/Town,Near Bus stop,Human Error,No,Grievous Injury,Hit pedestrian,Not Applicable,Curve,Others,Bitumen(Tar),Dry,Not Applicable,Fine,Near National High School Cross,Near National High School Cross,20,0.0,0.0,0,0,0.0,0.0
Bengaluru City,V V Puram Traffic PS,1.04432e+16,2023,1,2,Road Accidents,Curves,City/Town,Near Bus stop,Human Error,No,Grievous Injury,Vehicle to Vehicle,Uncontrolled,Curve,Others,Bitumen(Tar),Dry,Construction Work / Material,Clear,K.r Main Road,kr road,20,0.0,0.0,2,0,0.0,2.0
Bengaluru City,V V Puram Traffic PS,1.04432e+16,2023,1,1,Road Accidents,Curves,City/Town,Open area,Human Error,No,Grievous Injury,Hit pedestrian,Uncontrolled,Others,Others,Bitumen(Tar),Dry,Not Applicable,Fine,Chamarajapete 3rd Main,1,40,12.958833,77.568719,0,0,0.0,0.0
Bengaluru City,V V Puram Traffic PS,1.04432e+16,2023,1,2,Road Accidents,Junction,City/Town,Near Bus stop,Vehicle Defect,No,Damage Only,Vehicle to Vehicle,Controlled,Curve,Others,Concrete,Dry,Not Applicable,Clear,K R Road,10,25,0.0,0.0,0,0,0.0,0.0
Bengaluru City,V V Puram Traffic PS,1.04432e+16,2023,1,2,Road Accidents,Circle,City/Town,Near a factory industrial area,Human Error,No,Grievous Injury,Vehicle to Vehicle,Uncontrolled,Others,Others,Bitumen(Tar),Dry,Not Applicable,Clear,3rd Main Road,Near Rameshwaram Temple,6,0.0,0.0,0,0,0.0,0.0
Bengaluru City,V V Puram Traffic PS,1.04432e+16,2023,1,1,Road Accidents,Junction,City/Town,Near School or College,Vehicle Defect,No,Damage Only,Not Applicable,Uncontrolled,Curve,Others,Concrete,Dry,Not Applicable,Fog / Mist,K R Road,25,30,0.0,0.0,0,0,0.0,0.0
Bengaluru City,V V Puram Traffic PS,1.04432e+16,2023,1,2,Road Accidents,Not Applicable,City/Town,At pedestrian Crossing,Vehicle Defect,No,Damage Only,Hit pedestrian,Controlled,Curve,Others,Bitumen(Tar),Dry,No influence on accident,Fine,K.r Main Road,kr main road,20,0.0,0.0,0,0,0.0,0.0
Bengaluru City,V V Puram Traffic PS,1.04432e+16,2023,1,1,Road Accidents,Circle,City/Town,Open area,Human Error,No,Grievous Injury,Hit pedestrian,Stop sign,Others,Others,Bitumen(Tar),Dry,Not Applicable,Fine,Vasavitemple Main Road,National collge ground,20,12.949024,77.577746,0,0,0.0,0.0
Bengaluru City,V V Puram Traffic PS,1.04432e+16,2023,1,2,Road Accidents,Not Applicable,City/Town,Near a factory industrial area,Human Error,No,Grievous Injury,Vehicle to Vehicle,Uncontrolled,Others,Others,Bitumen(Tar),Dry,Not Applicable,Not Applicable,J C Road,15,40,0.0,0.0,0,0,0.0,0.0
Bengaluru City,V V Puram Traffic PS,1.04432e+16,2023,1,1,Road Accidents,Circle,City/Town,Open area,Human Error,Not Applicable,Damage Only,Not Applicable,Give way sign,Others,Others,Bitumen(Tar),Dry,Not Applicable,Fine,Near Bale Ele Junction,Near Bale Ele Junction,30,0.0,0.0,0,0,0.0,0.0
Bengaluru City,V V Puram Traffic PS,1.04432e+16,2023,1,2,Road Accidents,Narrow road,City/Town,Open area,Human Error,No,Damage Only,Vehicle to Vehicle,Not at  Junction,Sharp Curve,Others,Bitumen(Tar),Dry,Not Applicable,Fine,Near Sharadha Seva Samaja,Near Sharadha Seva Samaja,20,0.0,0.0,0,0,0.0,0.0
Bengaluru City,V V Puram Traffic PS,1.04432e+16,2023,1,1,Road Accidents,Circle,City/Town,Open area,Human Error,No,Grievous Injury,Hit pedestrian,Give way sign,Curve,Others,Bitumen(Tar),Dry,Pot holed,Fine,Near Bale Ele Junction,Near Bale Ele Junction,20,0.0,0.0,5,0,0.0,5.0
Bengaluru City,V V Puram Traffic PS,1.04432e+16,2023,1,2,Road Accidents,Not Applicable,City/Town,Near a religious place,Human Error,No,Grievous Injury,Vehicle to Vehicle,Controlled,Curve,Others,Bitumen(Tar),Dry,Not Applicable,Clear,Sajjana rao Road,12,10,0.0,0.0,0,0,0.0,0.0
Bengaluru City,V V Puram Traffic PS,1.04432e+16,2023,1,2,Road Accidents,Circle,City/Town,At pedestrian Crossing,Human Error,No,Grievous Injury,Hit pedestrian,Give way sign,Sharp Curve,Others,Bitumen(Tar),Dry,Not Applicable,Fine,Kondajji Basappa Road,Kondajji Basappa Road,30,0.0,0.0,0,0,0.0,0.0
Bengaluru City,V V Puram Traffic PS,1.04432e+16,2023,1,2,Road Accidents,Curves,City/Town,Near Hospital,Human Error,No,Grievous Injury,Vehicle to Vehicle,Give way sign,Curve,Others,Bitumen(Tar),Dry,Pot holed,Fine,K.r Main Road,KR Main Road,30,12.959066,77.574398,5,0,0.0,5.0
Bengaluru City,V V Puram Traffic PS,1.04432e+16,2023,1,1,Road Accidents,Cross roads,City/Town,Near Hospital,Human Error,No,Grievous Injury,Hit pedestrian,No signal lights,Slight Curve,Others,Bitumen(Tar),Dry,Not Applicable,Fine,Kondajji Basappa Main Road,Opp Publice Toilet,20,0.0,0.0,0,0,0.0,0.0
Bengaluru City,V V Puram Traffic PS,1.04432e+16,2023,1,1,Road Accidents,Circle,City/Town,Near a factory industrial area,Human Error,No,Grievous Injury,Vehicle to Vehicle,Uncontrolled,Curve,Others,Bitumen(Tar),Dry,Not Applicable,Fog / Mist,3rd Main Road,Vayunandana Traders,10,0.0,0.0,0,0,0.0,0.0
Bengaluru City,V V Puram Traffic PS,1.04432e+16,2023,1,1,Road Accidents,Not Applicable,City/Town,Near School or College,Human Error,No,Grievous Injury,Vehicle to Vehicle,Uncontrolled,Straight and flat,Others,Bitumen(Tar),Dry,Not Applicable,Clear,Jain Temple Road,10,30,0.0,0.0,0,0,0.0,0.0
Bengaluru City,V V Puram Traffic PS,1.04432e+16,2023,1,2,Road Accidents,Curves,City/Town,At pedestrian Crossing,Human Error,No,Grievous Injury,Vehicle to Vehicle,Uncontrolled,Curve,Others,Bitumen(Tar),Dry,Construction Work / Material,Fine,1,National High School Juntion,10,12.949015,77.57688,2,0,0.0,2.0
Bengaluru City,V V Puram Traffic PS,1.04432e+16,2023,1,2,Road Accidents,Circle,City/Town,Open area,Human Error,Yes,Fatal,Vehicle to Vehicle,Uncontrolled,Others,Others,Bitumen(Tar),Dry,Not Applicable,Fine,A.V.Main Road,AVMain Road,20,12.599996,77.573456,0,0,0.0,0.0
Bengaluru City,V V Puram Traffic PS,1.04432e+16,2023,1,1,Road Accidents,Narrow road,City/Town,Near School or College,Human Error,No,Fatal,Hit pedestrian,Uncontrolled,Straight and flat,Not Applicable,Surfaced,Others,Not Applicable,Clear,"Seetapahti Agrahara Main Road,",Near Saint merrys Convent,20 met,12.961895,77.569121,0,1,,
Bengaluru City,Vijayanagar Traffic PS,1.04432e+16,2016,1,2,Road Accidents,Narrow road,City/Town,Residential area,Human Error,Yes,Damage Only,Head on,Uncontrolled,Straight and flat,Residential Street,Bitumen(Tar),Dry,Not Applicable,Clear,RPC LAYOUT,RPC LAYOUT,1 KM,0.129674257,0.775386584,0,0,0.0,0.0
Bengaluru City,Vijayanagar Traffic PS,1.04432e+16,2016,1,2,Road Accidents,Narrow road,City/Town,Near Bus stop,Human Error,No,Simple Injury,Head on,Controlled,Straight and flat,City or Town Road,Bitumen(Tar),Dry,Not Applicable,Clear,VIJAYANAGAR,VIJAYANAGAR,0.5 KM,0.129730384,0.775385729,0,0,0.0,0.0
Bengaluru City,Vijayanagar Traffic PS,1.04432e+16,2016,1,1,Road Accidents,Narrow road,City/Town,Residential area,Human Error,Not Applicable,Fatal,Skidding or Self accident,Uncontrolled,Straight and flat,City or Town Road,Bitumen(Tar),Dry,Not Applicable,Clear,NAGARABAVI MAIN ROAD,NAGARABAVI MAIN ROAD,1 KM,0.129756144,0.775374567,0,0,0.0,0.0
Bengaluru City,Vijayanagar Traffic PS,1.04432e+16,2016,1,1,Road Accidents,Narrow road,City/Town,At pedestrian Crossing,Human Error,No,Simple Injury,Hit pedestrian,Uncontrolled,Straight and flat,Residential Street,Bitumen(Tar),Not Applicable,Not Applicable,Clear,R P C LAYOUT,R P C LAYOUT,2 km,0.12962,0.7754051,0,0,0.0,0.0
Bengaluru City,Vijayanagar Traffic PS,1.04432e+16,2016,1,1,Road Accidents,Junction,City/Town,Residential area,Human Error,Yes,Simple Injury,Skidding or Self accident,Uncontrolled,Straight and flat,City or Town Road,Bitumen(Tar),Dry,Not Applicable,Clear,M R C R LAYOUT,M R C R LAYOUT,2 KM,0.129642157,0.77540864,0,0,0.0,0.0
Bengaluru City,Vijayanagar Traffic PS,1.04432e+16,2016,1,1,Road Accidents,Cross roads,City/Town,Residential area,Human Error,Yes,Fatal,Hit and Run,Uncontrolled,Not Applicable,Residential Street,Bitumen(Tar),Dry,Not Applicable,Clear,KURILINGAPPA GARDEN,KURILINGAPPA GARDEN,4KM,0.129759797,0.775215091,0,0,0.0,0.0
Bengaluru City,Vijayanagar Traffic PS,1.04432e+16,2016,1,2,Road Accidents,Narrow road,City/Town,Residential area,Human Error,Yes,Simple Injury,Hit and Run,Uncontrolled,Straight and flat,City or Town Road,Bitumen(Tar),Dry,Not Applicable,Clear,BASAVESWARANAGAR,BASAVESWARANAGAR,4 KM,0.12984548,0.77547187,0,0,0.0,0.0
Bengaluru City,Vijayanagar Traffic PS,1.04432e+16,2016,1,2,Road Accidents,Narrow road,City/Town,Residential area,Human Error,No,Simple Injury,Head on,Uncontrolled,Straight and flat,City or Town Road,Bitumen(Tar),Dry,Not Applicable,Clear,M C LAYOUT,M C LAYOUT,2 km,0.12972746,0.77547636,0,0,0.0,0.0
Bengaluru City,Vijayanagar Traffic PS,1.04432e+16,2016,1,2,Road Accidents,Junction,City/Town,Residential area,Human Error,No,Simple Injury,Head on,Controlled,Straight and flat,City or Town Road,Bitumen(Tar),Dry,Not Applicable,Clear,WEST OF CHORD ROAD,WEST OF CHORD ROAD,1 km,0.129687982,0.775365442,0,0,0.0,0.0
Bengaluru City,Vijayanagar Traffic PS,1.04432e+16,2016,1,1,Road Accidents,Narrow road,City/Town,At pedestrian Crossing,Human Error,Yes,Simple Injury,Hit and Run,Controlled,Straight and flat,City or Town Road,Bitumen(Tar),Dry,Not Applicable,Clear,WEST OF CHORD ROAD SERVICE ROAD,WEST OF CHORD ROAD SERVICE ROAD,1 km,0.129746406,0.775479977,0,0,0.0,0.0
Bengaluru City,Vijayanagar Traffic PS,1.04432e+16,2016,1,2,Road Accidents,Narrow road,City/Town,Residential area,Human Error,Not Applicable,Simple Injury,Hit and Run,Uncontrolled,Straight and flat,City or Town Road,Bitumen(Tar),Dry,Not Applicable,Clear,PATTEGARAPALYA,PATTEGARAPALYA,2 km,0.129755638,0.775358382,0,0,0.0,0.0
Bengaluru City,Vijayanagar Traffic PS,1.04432e+16,2016,1,2,Road Accidents,Y Junction,City/Town,Residential area,Human Error,No,Fatal,Head on,Uncontrolled,Straight and flat,City or Town Road,Bitumen(Tar),Dry,Not Applicable,Clear,VIJAYANAGAR 1ST MAIN & 1ST A MAIN JUNCTION,VIJAYANAGAR 1ST MAIN & 1ST A MAIN JUNCTION,1 KM,0.129678318,0.775415461,0,0,0.0,0.0
Bengaluru City,Vijayanagar Traffic PS,1.04432e+16,2016,1,2,Road Accidents,Narrow road,City/Town,Residential area,Human Error,Yes,Simple Injury,Hit and Run,Uncontrolled,Straight and flat,City or Town Road,Bitumen(Tar),Dry,Not Applicable,Clear,BASAVESWARANAGAR,BASAVESWARANAGAR,5 KM,0.12593052,0.77321882,0,0,0.0,0.0
Bengaluru City,Vijayanagar Traffic PS,1.04432e+16,2016,1,1,Road Accidents,Narrow road,City/Town,At pedestrian Crossing,Human Error,Yes,Simple Injury,Hit pedestrian,Uncontrolled,Not Applicable,City or Town Road,Bitumen(Tar),Dry,Not Applicable,Clear,PANCHASHEELANAGAR,PANCHASHEELANAGAR,2 km,0.1296769,0.7752699,0,0,0.0,0.0
Bengaluru City,Vijayanagar Traffic PS,1.04432e+16,2016,1,1,Road Accidents,Narrow road,City/Town,Residential area,Human Error,Yes,Simple Injury,Hit and Run,Uncontrolled,Straight and flat,City or Town Road,Bitumen(Tar),Dry,Not Applicable,Clear,NAGARABAVI MAIN ROAD,NAGARABAVI MAIN ROAD,2 km,0.129699946,0.77532089,0,0,0.0,0.0
Bengaluru City,Vijayanagar Traffic PS,1.04432e+16,2016,1,1,Road Accidents,Narrow road,City/Town,At pedestrian Crossing,Human Error,No,Simple Injury,Hit pedestrian,Uncontrolled,Straight and flat,City or Town Road,Bitumen(Tar),Not Applicable,Not Applicable,Not Applicable,RING ROAD,RING ROAD,6 km,0.129985127,0.775237485,0,0,0.0,0.0
Bengaluru City,Vijayanagar Traffic PS,1.04432e+16,2016,1,2,Road Accidents,Not Applicable,City/Town,Residential area,Human Error,Yes,Simple Injury,Hit and Run,Not at  Junction,Not Applicable,City or Town Road,Bitumen(Tar),Dry,Not Applicable,Clear,VIJAYANAGAR,VIJAYANAGAR,100mtr,0.129721517,0.775381348,0,0,0.0,0.0
Bengaluru City,Vijayanagar Traffic PS,1.04432e+16,2016,1,2,Road Accidents,Narrow road,City/Town,Residential area,Human Error,Yes,Fatal,Hit and Run,Uncontrolled,Straight and flat,City or Town Road,Bitumen(Tar),Dry,Not Applicable,Clear,NAGARABAVI MAIN ROAD,NAGARABAVI MAIN ROAD,1 km,0.1297544,0.7754212,0,0,0.0,0.0
Bengaluru City,Vijayanagar Traffic PS,1.04432e+16,2016,1,2,Road Accidents,Narrow road,City/Town,In bazaar,Human Error,Yes,Simple Injury,Hit and Run,Uncontrolled,Straight and flat,City or Town Road,Bitumen(Tar),Dry,Not Applicable,Clear,PIPELINE VIJAYANAGAR,PIPELINE VIJAYANAGAR,1 km,0.129692263,0.775457602,0,0,0.0,0.0