DISTRICTNAME,UNITNAME,Crime_No,Year,RI,Noofvehicle_involved,Accident_Classification,Accident_Spot,Accident_Location,Accident_SubLocation,Main_Cause,Hit_Run,Severity,Collision_Type,Junction_Control,Road_Character,Road_Type,Surface_Type,Surface_Condition,Road_Condition,Weather,Accident_Road,Landmark_first,Distance_LandMark_First,Latitude,Longitude,Road_Condition_Score,Surface_Condition_Score,Surface_Type_Score,Road_Risk_Index
Bengaluru City,Vijayanagar Traffic PS,1.04432e+16,2016,1,1,Road Accidents,Narrow road,City/Town,At pedestrian Crossing,Human Error,No,Fatal,Hit pedestrian,Uncontrolled,Straight and flat,City or Town Road,Bitumen(Tar),Dry,Not Applicable,Clear,WEST OF CHORD ROAD,METRO STATION,0.5 KM,0.12973037,0.77538571,0,0,0.0,0.0
Bengaluru City,Vijayanagar Traffic PS,1.04432e+16,2016,1,2,Road Accidents,Junction,City/Town,Residential area,Human Error,Yes,Simple Injury,Hit and Run,Uncontrolled,Straight and flat,City or Town Road,Bitumen(Tar),Dry,Not Applicable,Clear,VIJAYANAGAR,VIJAYANAGAR,2 km,0.129709858,0.775422707,0,0,0.0,0.0
Bengaluru City,Vijayanagar Traffic PS,1.04432e+16,2016,1,2,Road Accidents,Narrow road,City/Town,Residential area,Human Error,Yes,Simple Injury,Hit and Run,Uncontrolled,Straight and flat,City or Town Road,Bitumen(Tar),Dry,Not Applicable,Clear,GOVINDARAJNAGAR,GOVINDARAJNAGAR,1 km,0.12973267,0.77534246,0,0,0.0,0.0
Bengaluru City,Vijayanagar Traffic PS,1.04432e+16,2016,1,1,Road Accidents,Junction,City/Town,Residential area,Human Error,Yes,Simple Injury,Hit and Run,Uncontrolled,Straight and flat,City or Town Road,Bitumen(Tar),Dry,Not Applicable,Clear,R P C LAYOUT,R P C LAYOUT,2 km,0.12957691,0.77538551,0,0,0.0,0.0
Bengaluru City,Vijayanagar Traffic PS,1.04432e+16,2016,1,2,Road Accidents,Junction,City/Town,Affected by encroachments,Human Error,Yes,Simple Injury,Hit and Run,Controlled,Straight and flat,City or Town Road,Bitumen(Tar),Dry,Not Applicable,Clear,WEST OF CHORD ROAD,WEST OF CHORD ROAD,4 km,0.12987884,0.7755002,0,0,0.0,0.0
Bengaluru City,Vijayanagar Traffic PS,1.04432e+16,2016,1,1,Road Accidents,Narrow road,City/Town,At pedestrian Crossing,Human Error,Yes,Fatal,Hit and Run,Not Applicable,Not Applicable,City or Town Road,Bitumen(Tar),Dry,Not Applicable,Clear,WEST OF CHORD ROAD,WEST OF CHORD ROAD,2 km,0.129624539,0.775337672,0,0,0.0,0.0
Bengaluru City,Vijayanagar Traffic PS,1.04432e+16,2016,1,2,Road Accidents,Junction,Not Applicable,Near Hospital,Human Error,No,Damage Only,Head on,Uncontrolled,Straight and flat,City or Town Road,Bitumen(Tar),Dry,Not Applicable,Clear,SIDDAI PURANIK ROAD,SIDDAI PURANIK ROAD,4 km,0.12593052,0.77321882,0,0,0.0,0.0
Bengaluru City,Vijayanagar Traffic PS,1.04432e+16,2016,1,1,Road Accidents,Narrow road,City/Town,In bazaar,Human Error,Yes,Simple Injury,Hit and Run,Uncontrolled,Straight and flat,City or Town Road,Bitumen(Tar),Dry,Not Applicable,Clear,BASAVESWARANAGAR 8TH MAIN ROAD,BASAVESWARANAGAR 8TH MAIN ROAD,5 KM,0.12991356,0.77539772,0,0,0.0,0.0
Bengaluru City,Vijayanagar Traffic PS,1.04432e+16,2016,1,2,Road Accidents,Junction,City/Town,Residential area,Human Error,Yes,Simple Injury,Hit and Run,Uncontrolled,Straight and flat,City or Town Road,Bitumen(Tar),Dry,Not Applicable,Clear,VIJAYANAGAR CLUB ROAD,VIJAYANAGAR CLUB ROAD,2 km,0.0,0.0,0,0,0.0,0.0
Bengaluru City,Vijayanagar Traffic PS,1.04432e+16,2016,1,1,Road Accidents,Narrow road,City/Town,At pedestrian Crossing,Human Error,No,Simple Injury,Hit pedestrian,Uncontrolled,Straight and flat,City or Town Road,Bitumen(Tar),Dry,Not Applicable,Clear,RING ROAD,RING ROAD,6 km,0.12997686,0.7753368,0,0,0.0,0.0
Bengaluru City,Vijayanagar Traffic PS,1.04432e+16,2016,1,1,Road Accidents,Narrow road,City/Town,At pedestrian Crossing,Human Error,Yes,Simple Injury,Hit pedestrian,Uncontrolled,Not Applicable,City or Town Road,Bitumen(Tar),Dry,Not Applicable,Clear,RING ROAD,RING ROAD,7 KM,0.129977,0.775236,0,0,0.0,0.0
Bengaluru City,Vijayanagar Traffic PS,1.04432e+16,2016,1,1,Road Accidents,Narrow road,City/Town,Residential area,Human Error,Yes,Simple Injury,Hit pedestrian,Uncontrolled,Straight and flat,City or Town Road,Bitumen(Tar),Dry,Not Applicable,Clear,R P C LAYOUT 4TH CROSS,R P C LAYOUT 4TH CROSS,2 km,0.12964063,0.77538077,0,0,0.0,0.0
Bengaluru City,Vijayanagar Traffic PS,1.04432e+16,2016,1,1,Road Accidents,Narrow road,City/Town,At pedestrian Crossing,Human Error,Yes,Simple Injury,Hit and Run,Uncontrolled,Straight and flat,City or Town Road,Bitumen(Tar),Dry,Not Applicable,Clear,PATTEGARAPALYA,PATTEGARAPALYA,4 KM,0.12976126,0.77527564,0,0,0.0,0.0
Bengaluru City,Vijayanagar Traffic PS,1.04432e+16,2016,1,1,Road Accidents,Junction,City/Town,Residential area,Human Error,Not Applicable,Fatal,Skidding or Self accident,Uncontrolled,Not Applicable,City or Town Road,Bitumen(Tar),Dry,Not Applicable,Clear,MANJUNATHNAGAR,MANJUNATHNAGAR,5 km,0.12991928,0.77543803,0,0,0.0,0.0
Bengaluru City,Vijayanagar Traffic PS,1.04432e+16,2016,1,1,Road Accidents,Narrow road,City/Town,At pedestrian Crossing,Human Error,Yes,Simple Injury,Hit pedestrian,Controlled,Straight and flat,City or Town Road,Bitumen(Tar),Dry,Not Applicable,Clear,MAGADI MAIN ROAD,MAGADI MAIN ROAD,2 KM,0.1297877,0.77541221,0,0,0.0,0.0
Bengaluru City,Vijayanagar Traffic PS,1.04432e+16,2016,1,2,Road Accidents,Narrow road,City/Town,Residential area,Human Error,Yes,Simple Injury,Hit and Run,Uncontrolled,Others,City or Town Road,Bitumen(Tar),Dry,Not Applicable,Clear,NAGARABAVI MAIN ROAD,NAGARABAVI MAIN ROAD,2 km,0.129754664,0.775410476,0,0,0.0,0.0
Bengaluru City,Vijayanagar Traffic PS,1.04432e+16,2016,1,2,Road Accidents,T Junction,City/Town,Residential area,Human Error,Yes,Damage Only,Hit and Run,Controlled,Straight and flat,City or Town Road,Bitumen(Tar),Dry,Not Applicable,Clear,NEAR SHIVANNAHALLI JUNCTION,NEAR SHIVANNAHALLI JUNCTION,5 km,0.12693,0.77547,0,0,0.0,0.0
Bengaluru City,Vijayanagar Traffic PS,1.04432e+16,2016,1,2,Road Accidents,Narrow road,City/Town,Residential area,Human Error,Yes,Simple Injury,Hit and Run,Uncontrolled,Straight and flat,City or Town Road,Bitumen(Tar),Dry,Not Applicable,Clear,NAGARABAVI MAIN ROAD,NAGARABAVI MAIN ROAD,1 KM,0.129754886,0.775363395,0,0,0.0,0.0
Bengaluru City,Vijayanagar Traffic PS,1.04432e+16,2016,1,2,Road Accidents,Junction,City/Town,In bazaar,Human Error,Yes,Simple Injury,Head on,Uncontrolled,Straight and flat,City or Town Road,Bitumen(Tar),Dry,Not Applicable,Clear,MRENHALLI JUNATION,MRENHALLI JUNATION,2 km,0.129699463,0.77532089,0,0,0.0,0.0
Bengaluru City,Vijayanagar Traffic PS,1.04432e+16,2016,1,1,Road Accidents,Narrow road,Not Applicable,Residential area,Human Error,Yes,Simple Injury,Hit and Run,Uncontrolled,Straight and flat,City or Town Road,Bitumen(Tar),Dry,Not Applicable,Clear,PATTEGARAPALYA,PATTEGARAPALYA,2 km,0.1258583,0.7731604,0,0,0.0,0.0
Bengaluru City,Vijayanagar Traffic PS,1.04432e+16,2016,1,1,Road Accidents,Narrow road,City/Town,At pedestrian Crossing,Human Error,Yes,Simple Injury,Head on,Controlled,Straight and flat,City or Town Road,Bitumen(Tar),Dry,Not Applicable,Clear,WEST OF CHORD ROAD,WEST OF CHORD ROAD,1 KM,0.12973037,0.77538571,0,0,0.0,0.0
Bengaluru City,Vijayanagar Traffic PS,1.04432e+16,2016,1,1,Road Accidents,Narrow road,City/Town,At pedestrian Crossing,Human Error,Yes,Simple Injury,Hit pedestrian,Controlled,Straight and flat,City or Town Road,Bitumen(Tar),Dry,Not Applicable,Clear,MAGADI MAIN ROAD,MAGADI MAIN ROAD,2 km,0.1297874,0.7754153,0,0,0.0,0.0
Bengaluru City,Vijayanagar Traffic PS,1.04432e+16,2016,1,1,Road Accidents,Narrow road,City/Town,At pedestrian Crossing,Human Error,No,Simple Injury,Hit pedestrian,Uncontrolled,Straight and flat,City or Town Road,Bitumen(Tar),Dry,Not Applicable,Clear,RING ROAD,RING ROAD,6 KM,0.12997686,0.7753368,0,0,0.0,0.0
Bengaluru City,Vijayanagar Traffic PS,1.04432e+16,2016,1,2,Road Accidents,Junction,City/Town,Residential area,Human Error,Yes,Simple Injury,Hit and Run,Uncontrolled,Straight and flat,Residential Street,Bitumen(Tar),Dry,Not Applicable,Clear,3RD MAIN AND 12TH CROSS JUNCTION  VIJAYANAGAR,3RD MAIN AND 12TH CROSS JUNCTION  VIJAYANAGAR,1 km,0.129708335,0.775449681,0,0,0.0,0.0
Bengaluru City,Vijayanagar Traffic PS,1.04432e+16,2016,1,2,Road Accidents,T Junction,City/Town,Residential area,Human Error,Yes,Simple Injury,Hit and Run,Uncontrolled,Straight and flat,City or Town Road,Bitumen(Tar),Dry,Not Applicable,Clear,PIPELINE,PIPELINE,2 km,0.129674426,0.77545049,0,0,0.0,0.0
Bengaluru City,Vijayanagar Traffic PS,1.04432e+16,2016,1,1,Road Accidents,Narrow road,City/Town,At pedestrian Crossing,Human Error,Yes,Simple Injury,Hit and Run,Uncontrolled,Straight and flat,City or Town Road,Bitumen(Tar),Dry,Not Applicable,Clear,THIMMAIAH ROAD,THIMMAIAH ROAD,4 km,0.0,0.0,0,0,0.0,0.0
Bengaluru City,Vijayanagar Traffic PS,1.04432e+16,2016,1,3,Road Accidents,Narrow road,City/Town,Residential area,Human Error,Yes,Fatal,Hit and Run,Uncontrolled,Straight and flat,City or Town Road,Bitumen(Tar),Dry,Not Applicable,Clear,THIMMAIAH ROAD,THIMMAIAH ROAD,4 km,0.129889673,0.775467676,0,0,0.0,0.0
Bengaluru City,Vijayanagar Traffic PS,1.04432e+16,2016,1,2,Road Accidents,Junction,City/Town,Residential area,Human Error,Yes,Simple Injury,Hit and Run,Controlled,Straight and flat,City or Town Road,Bitumen(Tar),Dry,Not Applicable,Clear,SHANKARMUTT JUNCTION,SHANKARMUTT JUNCTION,5 KM,0.12621888,0.77304877,0,0,0.0,0.0
Bengaluru City,Vijayanagar Traffic PS,1.04432e+16,2016,1,1,Road Accidents,Narrow road,City/Town,Residential area,Human Error,Yes,Simple Injury,Head on,Uncontrolled,Straight and flat,City or Town Road,Bitumen(Tar),Dry,Not Applicable,Clear,MANJUNATHNAGAR,MANJUNATHNAGAR,5 KM,0.129931,0.775462,0,0,0.0,0.0
Bengaluru City,Vijayanagar Traffic PS,1.04432e+16,2016,1,1,Road Accidents,Narrow road,City/Town,At pedestrian Crossing,Human Error,Yes,Fatal,Hit and Run,Controlled,Straight and flat,City or Town Road,Bitumen(Tar),Not Applicable,Not Applicable,Clear,MAGADI MAIN ROAD,MAGADI MAIN ROAD,1 km,0.1297877,0.77541221,0,0,0.0,0.0
Bengaluru City,Vijayanagar Traffic PS,1.04432e+16,2016,1,1,Road Accidents,Junction,City/Town,Residential area,Human Error,No,Fatal,Hit pedestrian,Uncontrolled,Straight and flat,City or Town Road,Bitumen(Tar),Not Applicable,Not Applicable,Not Applicable,GOVINDARAJNAGAR,GOVINDARAJNAGAR,3 km,0.1258698,0.7732067,0,0,0.0,0.0
Bengaluru City,Vijayanagar Traffic PS,1.04432e+16,2016,1,1,Road Accidents,Narrow road,City/Town,At pedestrian Crossing,Human Error,No,Simple Injury,Head on,Controlled,Straight and flat,City or Town Road,Bitumen(Tar),Not Applicable,Not Applicable,Clear,WEST OF CHORD ROAD,WEST OF CHORD ROAD,5 km,0.1298528,0.7754934,0,0,0.0,0.0
Bengaluru City,Vijayanagar Traffic PS,1.04432e+16,2016,1,2,Road Accidents,Narrow road,City/Town,Residential area,Human Error,Yes,Simple Injury,Hit and Run,Uncontrolled,Straight and flat,City or Town Road,Bitumen(Tar),Dry,Not Applicable,Clear,PATTEGARAPALYA,S H K KALAYANA MANTAPPA,2 KM,0.129767041,0.775257345,0,0,0.0,0.0
Bengaluru City,Vijayanagar Traffic PS,1.04432e+16,2016,1,2,Road Accidents,Not Applicable,City/Town,Residential area,Human Error,Yes,Simple Injury,Hit and Run,Uncontrolled,Straight and flat,City or Town Road,Bitumen(Tar),Dry,Not Applicable,Clear,M C LAYOUT,M C LAYOUT,1 km,0.129518463,0.775347682,0,0,0.0,0.0
Bengaluru City,Vijayanagar Traffic PS,1.04432e+16,2016,1,1,Road Accidents,Not Applicable,City/Town,Residential area,Human Error,Yes,Simple Injury,Hit and Run,Uncontrolled,Not Applicable,City or Town Road,Bitumen(Tar),Dry,Not Applicable,Clear,PATTEGARAPALYA,PATTEGARAPALYA,2 km,0.1258583,0.7731604,0,0,0.0,0.0
Bengaluru City,Vijayanagar Traffic PS,1.04432e+16,2016,1,2,Road Accidents,Narrow road,City/Town,Residential area,Human Error,Yes,Simple Injury,Hit and Run,Uncontrolled,Straight and flat,City or Town Road,Bitumen(Tar),Dry,Not Applicable,Clear,SATHYARAYANA LAYOUT,SATHYARAYANA LAYOUT,5 KM,0.129912,0.77558015,0,0,0.0,0.0
Bengaluru City,Vijayanagar Traffic PS,1.04432e+16,2016,1,1,Road Accidents,Narrow road,City/Town,At pedestrian Crossing,Human Error,Yes,Simple Injury,Hit pedestrian,Uncontrolled,Straight and flat,City or Town Road,Bitumen(Tar),Dry,Not Applicable,Clear,BASAVESWARANAGAR 8TH MAIN ROAD,BASAVESWARANAGAR 8TH MAIN ROAD,5 km,0.0,0.0,0,0,0.0,0.0
Bengaluru City,Vijayanagar Traffic PS,1.04432e+16,2016,1,1,Not Applicable,Not Applicable,Not Applicable,Residential area,Not Applicable,Not Applicable,Not Applicable,Not Applicable,Not Applicable,Not Applicable,Not Applicable,Not Applicable,Not Applicable,Not Applicable,Not Applicable,NH,1,2 KM,0.129806769,0.775366537,0,0,0.0,0.0
Bengaluru City,Vijayanagar Traffic PS,1.04432e+16,2016,1,1,Road Accidents,Narrow road,City/Town,Residential area,Human Error,Yes,Simple Injury,Hit and Run,Uncontrolled,Straight and flat,City or Town Road,Bitumen(Tar),Dry,Not Applicable,Clear,MOODALPALYA,MOODALPALYA,4 km,0.129771008,0.775404368,0,0,0.0,0.0
Bengaluru City,Vijayanagar Traffic PS,1.04432e+16,2016,1,2,Road Accidents,T Junction,City/Town,Residential area,Human Error,No,Simple Injury,Head on,Uncontrolled,Straight and flat,City or Town Road,Bitumen(Tar),Dry,Not Applicable,Clear,MANJUNATHNAGAR JUNCTION,MANJUNATHNAGAR JUNCTION,4 km,0.129952962,0.775504949,0,0,0.0,0.0
Bengaluru City,Vijayanagar Traffic PS,1.04432e+16,2016,1,1,Road Accidents,Narrow road,City/Town,At pedestrian Crossing,Human Error,No,Simple Injury,Hit pedestrian,Controlled,Straight and flat,City or Town Road,Bitumen(Tar),Dry,Not Applicable,Clear,BASAVESWARANAGAR,BASAVESWARANAGAR,4 km,0.129879045,0.775375342,0,0,0.0,0.0
Bengaluru City,Vijayanagar Traffic PS,1.04432e+16,2016,1,1,Road Accidents,Narrow road,Not Applicable,Residential area,Human Error,Yes,Simple Injury,Hit and Run,Uncontrolled,Straight and flat,City or Town Road,Bitumen(Tar),Dry,Not Applicable,Clear,GOVINDARAJNAGAR,GOVINDARAJNAGAR,1 km,0.129756144,0.775374567,0,0,0.0,0.0
Bengaluru City,Vijayanagar Traffic PS,1.04432e+16,2016,1,2,Road Accidents,Not Applicable,City/Town,Residential area,Human Error,Yes,Damage Only,Hit and Run,Uncontrolled,Not Applicable,City or Town Road,Bitumen(Tar),Dry,Not Applicable,Clear,R P C LAYOUT,R P C LAYOUT,2 KM,0.129628,0.7754047,0,0,0.0,0.0
Bengaluru City,Vijayanagar Traffic PS,1.04432e+16,2016,1,2,Road Accidents,Junction,City/Town,Residential area,Human Error,No,Simple Injury,Head on,Uncontrolled,Straight and flat,City or Town Road,Bitumen(Tar),Dry,Not Applicable,Clear,NAGARABAVI MAIN ROAD,NAGARABAVI MAIN ROAD,1 km,0.12975605,0.7754042,0,0,0.0,0.0
Bengaluru City,Vijayanagar Traffic PS,1.04432e+16,2016,1,2,Road Accidents,Not Applicable,Not Applicable,Residential area,Human Error,Yes,Fatal,Hit and Run,Uncontrolled,Straight and flat,City or Town Road,Bitumen(Tar),Dry,Not Applicable,Clear,G K W LAYOUT,G K W LAYOUT,3 km,0.0,0.0,0,0,0.0,0.0
Bengaluru City,Vijayanagar Traffic PS,1.04432e+16,2016,1,2,Road Accidents,Not Applicable,City/Town,In bazaar,Human Error,Not Applicable,Simple Injury,Head on,Uncontrolled,Straight and flat,City or Town Road,Bitumen(Tar),Dry,Not Applicable,Clear,WEST OF CHORD ROAD,WEST OF CHORD ROAD,1 KM,0.1297446,0.77544793,0,0,0.0,0.0
Bengaluru City,Vijayanagar Traffic PS,1.04432e+16,2016,1,2,Road Accidents,Not Applicable,City/Town,Near Bus stop,Human Error,No,Damage Only,Head on,Not Applicable,Not Applicable,City or Town Road,Bitumen(Tar),Not Applicable,Not Applicable,Clear,modi road,modi road,5 km,0.129975403,0.77550129,0,0,0.0,0.0
Bengaluru City,Vijayanagar Traffic PS,1.04432e+16,2016,1,2,Road Accidents,Narrow road,City/Town,Near office complex,Human Error,No,Grievous Injury,Hit and Run,Controlled,Straight and flat,City or Town Road,Bitumen(Tar),Dry,Not Applicable,Clear,WEST F CHORD ROAD,5TH MAIN JUNCTION,0.5 KM,0.12974563,0.775448934,0,0,0.0,0.0
Bengaluru City,Vijayanagar Traffic PS,1.04432e+16,2016,1,2,Road Accidents,Narrow road,City/Town,Residential area,Human Error,Yes,Simple Injury,Hit and Run,Uncontrolled,Straight and flat,City or Town Road,Bitumen(Tar),Dry,Not Applicable,Clear,7TH MAIN R P C LAYOUT,7TH MAIN R P C LAYOUT,2 km,0.12962089,0.775375594,0,0,0.0,0.0
Bengaluru City,Vijayanagar Traffic PS,1.04432e+16,2016,1,1,Road Accidents,Narrow road,City/Town,At pedestrian Crossing,Human Error,Yes,Simple Injury,Hit pedestrian,Uncontrolled,Not Applicable,City or Town Road,Bitumen(Tar),Dry,Not Applicable,Clear,MANJUNATHNAGAR,MANJUNATHNAGAR,5 KM,0.129931,0.775462,0,0,0.0,0.0
Bengaluru City,Vijayanagar Traffic PS,1.04432e+16,2016,1,2,Road Accidents,Narrow road,City/Town,Affected by encroachments,Human Error,Yes,Simple Injury,Hit and Run,Uncontrolled,Straight and flat,City or Town Road,Bitumen(Tar),Dry,Not Applicable,Clear,WEST OF CHORD ROAD,WEST OF CHORD ROAD,2 km,0.129642032,0.775346227,0,0,0.0,0.0
Bengaluru City,Vijayanagar Traffic PS,1.04432e+16,2016,1,2,Road Accidents,Narrow road,City/Town,Residential area,Human Error,No,Simple Injury,Head on,Uncontrolled,Straight and flat,City or Town Road,Bitumen(Tar),Dry,Not Applicable,Clear,MAGADI MAIN ROAD,MAGADI MAIN ROAD,2 km,0.129755727,0.77547816,0,0,0.0,0.0
Bengaluru City,Vijayanagar Traffic PS,1.04432e+16,2016,1,2,Road Accidents,Narrow road,City/Town,Residential area,Human Error,Yes,Grievous Injury,Hit and Run,Uncontrolled,Straight and flat,City or Town Road,Bitumen(Tar),Dry,Not Applicable,Clear,RING ROAD,RING ROAD,6 km,0.12997666,0.77523388,0,0,0.0,0.0
Bengaluru City,Vijayanagar Traffic PS,1.04432e+16,2016,1,2,Road Accidents,Narrow road,City/Town,In bazaar,Human Error,No,Fatal,Head on,Uncontrolled,Straight and flat,City or Town Road,Bitumen(Tar),Dry,Not Applicable,Clear,MAGADI MAIN ROAD,MAGADI MAIN ROAD,2 km,0.129819795,0.775331652,0,0,0.0,0.0
Bengaluru City,Vijayanagar Traffic PS,1.04432e+16,2016,1,1,Road Accidents,Narrow road,City/Town,At pedestrian Crossing,Human Error,Yes,Simple Injury,Hit pedestrian,Uncontrolled,Not Applicable,City or Town Road,Bitumen(Tar),Dry,Not Applicable,Clear,MAGADI ROAD,MAGADI ROAD,2 km,0.1297877,0.77541221,0,0,0.0,0.0
Bengaluru City,Vijayanagar Traffic PS,1.04432e+16,2016,1,1,Road Accidents,Junction,City/Town,At pedestrian Crossing,Human Error,No,Fatal,Hit pedestrian,Uncontrolled,Straight and flat,City or Town Road,Bitumen(Tar),Dry,Not Applicable,Clear,WEST OF CHORD ROAD,WEST OF CHORD ROAD,1 km,0.129728,0.77537382,0,0,0.0,0.0
Bengaluru City,Vijayanagar Traffic PS,1.04432e+16,2016,1,2,Road Accidents,Junction,City/Town,Near Bus stop,Not Applicable,No,Simple Injury,Head on,Controlled,Straight and flat,City or Town Road,Bitumen(Tar),Dry,Not Applicable,Clear,SHIVANAHALLI JUNCTION,WEST OF CHORD ROAD,5 KM,0.1259218,0.7733012,0,0,0.0,0.0
Bengaluru City,Vijayanagar Traffic PS,1.04432e+16,2016,1,1,Road Accidents,Narrow road,City/Town,Residential area,Human Error,Yes,Simple Injury,Hit and Run,Uncontrolled,Straight and flat,City or Town Road,Bitumen(Tar),Dry,Not Applicable,Clear,SERVICE ROAD,SERVICE ROAD,1 KM,0.129739965,0.775459071,0,0,0.0,0.0
Bengaluru City,Vijayanagar Traffic PS,1.04432e+16,2016,1,1,Road Accidents,Narrow road,City/Town,Near School or College,Human Error,No,Simple Injury,Hit pedestrian,Uncontrolled,Straight and flat,City or Town Road,Bitumen(Tar),Dry,Not Applicable,Clear,8TH MAIN BASAVESWARANAGAR,8TH MAIN BASAVESWARANAGAR,5 km,0.129927802,0.775296348,0,0,0.0,0.0
Bengaluru City,Vijayanagar Traffic PS,1.04432e+16,2016,1,1,Road Accidents,Narrow road,City/Town,At pedestrian Crossing,Human Error,Yes,Fatal,Hit and Run,Uncontrolled,Straight and flat,City or Town Road,Bitumen(Tar),Dry,Not Applicable,Clear,WEST OF CHORD ROAD,VIJAYANAGAR BUS STAND,0.5 KM,0.129731327,0.775381819,0,0,0.0,0.0
Bengaluru City,Vijayanagar Traffic PS,1.04432e+16,2016,1,2,Road Accidents,Narrow road,City/Town,Residential area,Human Error,Yes,Simple Injury,Hit and Run,Uncontrolled,Not Applicable,Residential Street,Bitumen(Tar),Dry,Not Applicable,Clear,KIROLOSKAR COLONY,KIROLOSKAR COLONY,5 km,0.129995831,0.775381129,0,0,0.0,0.0
Bengaluru City,Vijayanagar Traffic PS,1.04432e+16,2016,1,2,Road Accidents,Junction,City/Town,Residential area,Human Error,Not Applicable,Simple Injury,Head on,Controlled,Straight and flat,City or Town Road,Bitumen(Tar),Dry,Not Applicable,Clear,WEST OFCHORD ROAD,WEST OFCHORD ROAD,2 km,0.129844435,0.775491214,0,0,0.0,0.0
Bengaluru City,Vijayanagar Traffic PS,1.04432e+16,2016,1,1,Road Accidents,Junction,City/Town,Near Bus stop,Human Error,No,Simple Injury,Head on,Controlled,Straight and flat,City or Town Road,Bitumen(Tar),Dry,Not Applicable,Clear,MODI ROAD,MODI ROAD,5 km,0.129974301,0.775468061,0,0,0.0,0.0
Bengaluru City,Vijayanagar Traffic PS,1.04432e+16,2016,1,2,Road Accidents,T Junction,City/Town,Residential area,Human Error,Yes,Simple Injury,Hit and Run,Uncontrolled,Straight and flat,City or Town Road,Bitumen(Tar),Dry,Not Applicable,Clear,MARENHALLI,MARENHALLI,2 KM,0.129700738,0.775308555,0,0,0.0,0.0
Bengaluru City,Vijayanagar Traffic PS,1.04432e+16,2016,1,1,Road Accidents,Narrow road,City/Town,At pedestrian Crossing,Human Error,No,Simple Injury,Head on,Controlled,Straight and flat,City or Town Road,Bitumen(Tar),Dry,Not Applicable,Clear,MAGADI MAIN ROAD,MAGADI MAIN ROAD,2 km,0.129756094,0.775477916,0,0,0.0,0.0
Bengaluru City,Vijayanagar Traffic PS,1.04432e+16,2016,1,1,Road Accidents,Narrow road,City/Town,At pedestrian Crossing,Human Error,No,Simple Injury,Hit pedestrian,Uncontrolled,Straight and flat,City or Town Road,Bitumen(Tar),Dry,Not Applicable,Clear,"SERVICE ROAD, VIJAYANAGAR",SERVICE ROAD VIJAYANAGAR,1 km,0.0,0.0,0,0,0.0,0.0
Bengaluru City,Vijayanagar Traffic PS,1.04432e+16,2016,1,1,Road Accidents,Narrow road,City/Town,Affected by encroachments,Human Error,Yes,Fatal,Hit and Run,Uncontrolled,Straight and flat,City or Town Road,Bitumen(Tar),Dry,Not Applicable,Clear,M C CIRCLE UNDERPASS,M C CIRCLE UNDERPASS,2 km,0.129756321,0.775545767,0,0,0.0,0.0
Bengaluru City,Vijayanagar Traffic PS,1.04432e+16,2016,1,2,Road Accidents,T Junction,City/Town,Residential area,Human Error,Yes,Damage Only,Hit and Run,Uncontrolled,Straight and flat,City or Town Road,Bitumen(Tar),Dry,Not Applicable,Clear,VIJAYANAGAR,VIJAYANAGAR,1 km,0.12970556,0.77540353,0,0,0.0,0.0
Bengaluru City,Vijayanagar Traffic PS,1.04432e+16,2016,1,2,Road Accidents,Junction,City/Town,Residential area,Human Error,Yes,Simple Injury,Hit and Run,Controlled,Straight and flat,City or Town Road,Bitumen(Tar),Dry,Not Applicable,Clear,WEST OF CHORD ROAD SERVICE ROAD,WEST OF CHORD ROAD SERVICE ROAD,4 km,0.129850859,0.775488973,0,0,0.0,0.0
Bengaluru City,Vijayanagar Traffic PS,1.04432e+16,2016,1,2,Road Accidents,T Junction,City/Town,Residential area,Human Error,Yes,Simple Injury,Hit and Run,Controlled,Straight and flat,City or Town Road,Bitumen(Tar),Dry,Not Applicable,Clear,THIMMAIAH ROAD,THIMMAIAH ROAD,5 km,0.129968883,0.775463009,0,0,0.0,0.0
Bengaluru City,Vijayanagar Traffic PS,1.04432e+16,2016,1,2,Road Accidents,Narrow road,City/Town,Residential area,Human Error,Yes,Damage Only,Hit and Run,Uncontrolled,Straight and flat,City or Town Road,Bitumen(Tar),Dry,Not Applicable,Clear,BASAVESWARANAGAR,BASAVESWARANAGAR,5 km,0.126587095,0.77548741,0,0,0.0,0.0
Bengaluru City,Vijayanagar Traffic PS,1.04432e+16,2016,1,2,Road Accidents,Narrow road,City/Town,Residential area,Human Error,Yes,Damage Only,Hit and Run,Uncontrolled,Straight and flat,City or Town Road,Bitumen(Tar),Dry,Not Applicable,Clear,M C LAYOUT,M C LAYOUT,1 km,0.12594307,0.77321621,0,0,0.0,0.0
Bengaluru City,Vijayanagar Traffic PS,1.04432e+16,2016,1,2,Road Accidents,Junction,City/Town,In bazaar,Human Error,No,Grievous Injury,Head on,Controlled,Straight and flat,City or Town Road,Bitumen(Tar),Dry,Not Applicable,Clear,MODI ROAD,MODI ROAD,5 KM,0.129974301,0.775468061,0,0,0.0,0.0
Bengaluru City,Vijayanagar Traffic PS,1.04432e+16,2016,1,2,Road Accidents,Narrow road,City/Town,Residential area,Human Error,No,Simple Injury,Head on,Uncontrolled,Straight and flat,City or Town Road,Bitumen(Tar),Dry,Not Applicable,Clear,PRASHANTHNAGAR,PRASHANTHNAGAR,2 km,0.1258733,0.77320236,0,0,0.0,0.0
Bengaluru City,Vijayanagar Traffic PS,1.04432e+16,2016,1,1,Road Accidents,Junction,City/Town,At pedestrian Crossing,Human Error,No,Simple Injury,Head on,Controlled,Straight and flat,City or Town Road,Bitumen(Tar),Dry,Not Applicable,Clear,SHANKAR MUT JUNCTION,SHANKAR MUT JUNCTION,5 KM,0.1299942,0.7754116,0,0,0.0,0.0