DISTRICTNAME,UNITNAME,Crime_No,Year,RI,Noofvehicle_involved,Accident_Classification,Accident_Spot,Accident_Location,Accident_SubLocation,Main_Cause,Hit_Run,Severity,Collision_Type,Junction_Control,Road_Character,Road_Type,Surface_Type,Surface_Condition,Road_Condition,Weather,Accident_Road,Landmark_first,Distance_LandMark_First,Latitude,Longitude,Road_Condition_Score,Surface_Condition_Score,Surface_Type_Score,Road_Risk_Index
Bengaluru City,Vijayanagar Traffic PS,1.04432e+16,2016,1,2,Road Accidents,Narrow road,City/Town,In bazaar,Human Error,Yes,Simple Injury,Hit and Run,Uncontrolled,Straight and flat,City or Town Road,Bitumen(Tar),Dry,Not Applicable,Clear,KURUBHARAHALLI,KURUBHARAHALLI,5 km,0.129995831,0.775381129,0,0,0.0,0.0
Bengaluru City,Vijayanagar Traffic PS,1.04432e+16,2016,1,3,Road Accidents,Cross roads,City/Town,Residential area,Human Error,Yes,Damage Only,Hit and Run,Uncontrolled,Straight and flat,City or Town Road,Bitumen(Tar),Dry,Not Applicable,Clear,NAGARABAVI MAIN ROAD,NAGARABAVI MAIN ROAD,1 km,0.1297957,0.7753531,0,0,0.0,0.0
Bengaluru City,Vijayanagar Traffic PS,1.04432e+16,2016,1,2,Road Accidents,Narrow road,City/Town,Near Bus stop,Not Applicable,Yes,Grievous Injury,Hit and Run,Controlled,Straight and flat,City or Town Road,Bitumen(Tar),Dry,Not Applicable,Clear,"WEST OF CHORD ROAD, SHIVANNAHALLI JUNCTION",SHIVANNAHALLI JUNCTION,5 km,0.1259218,0.7733012,0,0,0.0,0.0
Bengaluru City,Vijayanagar Traffic PS,1.04432e+16,2016,1,2,Road Accidents,Narrow road,City/Town,Residential area,Human Error,Yes,Simple Injury,Head on,Uncontrolled,Straight and flat,City or Town Road,Bitumen(Tar),Dry,Not Applicable,Clear,VIJAYANAGAR 7TH MAIN,VIJAYANAGAR 7TH MAIN,2 KM,0.129687071,0.775413163,0,0,0.0,0.0
Bengaluru City,Vijayanagar Traffic PS,1.04432e+16,2016,1,1,Road Accidents,Narrow road,City/Town,At pedestrian Crossing,Human Error,Yes,Simple Injury,Hit and Run,Controlled,Straight and flat,City or Town Road,Bitumen(Tar),Dry,Not Applicable,Clear,MAGADI MAIN ROAD,MAGADI MAIN ROAD,2 KM,0.129784994,0.77543023,0,0,0.0,0.0
Bengaluru City,Vijayanagar Traffic PS,1.04432e+16,2016,1,2,Road Accidents,Narrow road,City/Town,Residential area,Human Error,Yes,Simple Injury,Hit and Run,Uncontrolled,Straight and flat,City or Town Road,Bitumen(Tar),Dry,Not Applicable,Clear,PATTEGARAPALYA,PATTEGARAPALYA,4 km,0.129767038,0.775213684,0,0,0.0,0.0
Bengaluru City,Vijayanagar Traffic PS,1.04432e+16,2016,1,2,Road Accidents,Narrow road,City/Town,In bazaar,Not Applicable,No,Damage Only,Head on,Uncontrolled,Straight and flat,City or Town Road,Bitumen(Tar),Dry,Not Applicable,Clear,MAGADI ROAD,MAGADI ROAD,2 km,0.129776842,0.775454095,0,0,0.0,0.0
Bengaluru City,Vijayanagar Traffic PS,1.04432e+16,2016,1,2,Road Accidents,Not Applicable,City/Town,In bazaar,Human Error,Yes,Simple Injury,Head on,Uncontrolled,Straight and flat,City or Town Road,Bitumen(Tar),Dry,Not Applicable,Clear,MAGADI MAIN ROAD,MAGADI MAIN ROAD,2 km,0.129819795,0.775331652,0,0,0.0,0.0
Bengaluru City,Vijayanagar Traffic PS,1.04432e+16,2016,1,1,Road Accidents,Narrow road,City/Town,At pedestrian Crossing,Human Error,Yes,Simple Injury,Hit and Run,Uncontrolled,Straight and flat,City or Town Road,Bitumen(Tar),Dry,Not Applicable,Clear,DASARAHALLI,DASARAHALLI,2 KM,0.129769714,0.775424712,0,0,0.0,0.0
Bengaluru City,Vijayanagar Traffic PS,1.04432e+16,2016,1,2,Road Accidents,Narrow road,City/Town,Residential area,Human Error,Yes,Simple Injury,Hit and Run,Uncontrolled,Straight and flat,City or Town Road,Bitumen(Tar),Dry,Not Applicable,Clear,BASAVESWARANAGAR 1ST MAIN,BASAVESWARANAGAR 1ST MAIN,5 km,0.139556551,0.775394087,0,0,0.0,0.0
Bengaluru City,Vijayanagar Traffic PS,1.04432e+16,2016,1,1,Road Accidents,Narrow road,City/Town,At pedestrian Crossing,Human Error,No,Simple Injury,Head on,Uncontrolled,Straight and flat,City or Town Road,Bitumen(Tar),Dry,Not Applicable,Clear,WEST OF CHORD ROAD,WEST OF CHORD ROAD,1 km,0.12582679,0.77324819,0,0,0.0,0.0
Bengaluru City,Vijayanagar Traffic PS,1.04432e+16,2016,1,1,Road Accidents,Narrow road,City/Town,In bazaar,Not Applicable,Yes,Simple Injury,Hit and Run,Uncontrolled,Straight and flat,City or Town Road,Bitumen(Tar),Dry,Not Applicable,Clear,ring road,ring road,6 km,0.12997666,0.77523388,0,0,0.0,0.0
Bengaluru City,Vijayanagar Traffic PS,1.04432e+16,2016,1,2,Road Accidents,Narrow road,City/Town,Residential area,Human Error,Yes,Simple Injury,Head on,Uncontrolled,Straight and flat,City or Town Road,Bitumen(Tar),Dry,Not Applicable,Clear,M C LAYOUT,M C LAYOUT,2 km,0.129750808,0.775448714,0,0,0.0,0.0
Bengaluru City,Vijayanagar Traffic PS,1.04432e+16,2016,1,2,Road Accidents,T Junction,City/Town,Residential area,Human Error,Yes,Simple Injury,Hit and Run,Uncontrolled,Straight and flat,City or Town Road,Bitumen(Tar),Dry,Not Applicable,Clear,MARENHALLI,MARENHALLI,3km,0.129700738,0.775308555,0,0,0.0,0.0
Bengaluru City,Vijayanagar Traffic PS,1.04432e+16,2016,1,1,Road Accidents,Narrow road,City/Town,At pedestrian Crossing,Human Error,Yes,Simple Injury,Hit and Run,Uncontrolled,Straight and flat,City or Town Road,Bitumen(Tar),Dry,Not Applicable,Clear,MAGADI MAIN ROAD,MAGADI MAIN ROAD,2 km,0.1297796,0.7754483,0,0,0.0,0.0
Bengaluru City,Vijayanagar Traffic PS,1.04432e+16,2016,1,2,Road Accidents,Junction,City/Town,Residential area,Human Error,Yes,Simple Injury,Head on,Uncontrolled,Straight and flat,City or Town Road,Bitumen(Tar),Dry,Not Applicable,Clear,5TH MAIN R P S LAYOUT,5TH MAIN R P S LAYOUT,2 km,0.12962,0.7754051,0,0,0.0,0.0
Bengaluru City,Vijayanagar Traffic PS,1.04432e+16,2016,1,2,Road Accidents,T Junction,City/Town,Near Bus stop,Human Error,Yes,Simple Injury,Head on,Uncontrolled,Straight and flat,City or Town Road,Bitumen(Tar),Dry,Not Applicable,Clear,K H B JUNCTION,K H B JUNCTION,2 KM,0.129812268,0.775348629,0,0,0.0,0.0
Bengaluru City,Vijayanagar Traffic PS,1.04432e+16,2016,1,2,Road Accidents,Not Applicable,City/Town,Near office complex,Human Error,No,Damage Only,Head on,Controlled,Not Applicable,City or Town Road,Bitumen(Tar),Dry,Not Applicable,Clear,SIDDAIAH PURANIK ROAD,SIDDAIAH PURANIK ROAD,4 km,0.129915663,0.775383848,0,0,0.0,0.0
Bengaluru City,Vijayanagar Traffic PS,1.04432e+16,2016,1,2,Road Accidents,Junction,City/Town,Near Bus stop,Human Error,Yes,Damage Only,Hit and Run,Controlled,Straight and flat,City or Town Road,Bitumen(Tar),Dry,Not Applicable,Clear,MAGADI MAIN ROAD,MAGADI MAIN ROAD,3 km,0.129806769,0.775366537,0,0,0.0,0.0
Bengaluru City,Vijayanagar Traffic PS,1.04432e+16,2016,1,1,Road Accidents,Narrow road,City/Town,Residential area,Not Applicable,Yes,Grievous Injury,Skidding or Self accident,Uncontrolled,Straight and flat,City or Town Road,Bitumen(Tar),Dry,Not Applicable,Clear,MAGADI MAIN ROAD,NEAR K H B BUS STOP,0.5 KM,0.12981251,0.775355232,0,0,0.0,0.0
Bengaluru City,Vijayanagar Traffic PS,1.04432e+16,2016,1,2,Road Accidents,Narrow road,City/Town,Residential area,Human Error,Yes,Fatal,Hit and Run,Uncontrolled,Straight and flat,City or Town Road,Bitumen(Tar),Dry,Not Applicable,Clear,NAGARABAVI MAIN ROAD,NAGARABAVI MAIN ROAD,1 km,0.129754258,0.775415932,0,0,0.0,0.0
Bengaluru City,Vijayanagar Traffic PS,1.04432e+16,2016,1,1,Road Accidents,Narrow road,City/Town,At pedestrian Crossing,Human Error,Yes,Fatal,Hit and Run,Uncontrolled,Straight and flat,City or Town Road,Bitumen(Tar),Dry,Not Applicable,Clear,RING ROAD,RING ROAD,6 KM,0.1299637,0.7732311,0,0,0.0,0.0
Bengaluru City,Vijayanagar Traffic PS,1.04432e+16,2016,1,2,Road Accidents,Junction,City/Town,Residential area,Human Error,Yes,Simple Injury,Hit and Run,Uncontrolled,Not Applicable,City or Town Road,Bitumen(Tar),Dry,Not Applicable,Clear,G K W LAYOUT,G K W LAYOUT,2 km,0.1296769,0.7752699,0,0,0.0,0.0
Bengaluru City,Vijayanagar Traffic PS,1.04432e+16,2016,1,2,Road Accidents,Narrow road,City/Town,Residential area,Human Error,Yes,Simple Injury,Hit and Run,Uncontrolled,Straight and flat,City or Town Road,Bitumen(Tar),Dry,Not Applicable,Clear,SIDDAIAHPURANIK ROAD,SIDDAIAHPURANIK ROAD,4 km,0.1300232,0.7754072,0,0,0.0,0.0
Bengaluru City,Vijayanagar Traffic PS,1.04432e+16,2016,1,2,Road Accidents,Junction,City/Town,In bazaar,Human Error,No,Damage Only,Head on,Controlled,Straight and flat,City or Town Road,Bitumen(Tar),Dry,Not Applicable,Clear,GOVINDARAJNAGAR,GOVINDARAJNAGAR,1 km,0.129753923,0.77537272,0,0,0.0,0.0
Bengaluru City,Vijayanagar Traffic PS,1.04432e+16,2016,1,2,Road Accidents,T Junction,City/Town,Near office complex,Human Error,No,Not Applicable,Head on,Controlled,Straight and flat,City or Town Road,Bitumen(Tar),Dry,Not Applicable,Clear,K H B JUNCTION,K H B JUNCTION,3 KM,0.129806769,0.775366537,0,0,0.0,0.0
Bengaluru City,Vijayanagar Traffic PS,1.04432e+16,2016,1,1,Road Accidents,Junction,City/Town,At pedestrian Crossing,Human Error,Yes,Simple Injury,Hit and Run,Controlled,Straight and flat,City or Town Road,Bitumen(Tar),Dry,Not Applicable,Clear,M C CIRCLE,M C CIRCLE,1 KM,0.12701,0.7700843,0,0,0.0,0.0
Bengaluru City,Vijayanagar Traffic PS,1.04432e+16,2016,1,3,Road Accidents,Narrow road,City/Town,Near Bus stop,Human Error,Yes,Simple Injury,Hit and Run,Uncontrolled,Straight and flat,City or Town Road,Bitumen(Tar),Dry,Not Applicable,Clear,RING ROAD,RINGROAD,7 KM,0.12593052,0.77321882,0,0,0.0,0.0
Bengaluru City,Vijayanagar Traffic PS,1.04432e+16,2016,1,1,Road Accidents,Narrow road,City/Town,At pedestrian Crossing,Human Error,No,Simple Injury,Head on,Uncontrolled,Straight and flat,City or Town Road,Bitumen(Tar),Dry,Not Applicable,Clear,RING ROAD,RING ROAD,5 KM,0.12593052,0.77321882,0,0,0.0,0.0
Bengaluru City,Vijayanagar Traffic PS,1.04432e+16,2016,1,2,Road Accidents,Narrow road,City/Town,Residential area,Human Error,No,Simple Injury,Hit parked vehicle,Uncontrolled,Straight and flat,City or Town Road,Bitumen(Tar),Dry,Not Applicable,Clear,BAPUJI LAYOUT,BAPUJI LAYOUT,3 KM,0.12968,0.7752701,0,0,0.0,0.0
Bengaluru City,Vijayanagar Traffic PS,1.04432e+16,2016,1,2,Road Accidents,Junction,City/Town,Near Hospital,Human Error,Yes,Simple Injury,Hit and Run,Uncontrolled,Not Applicable,City or Town Road,Bitumen(Tar),Dry,Not Applicable,Not Applicable,6TH MAIN & 2ND CROSS JUNCTION,6TH MAIN & 2ND CROSS JUNCTION VIJAYANAGAR,2 KM,0.129708335,0.775449681,0,0,0.0,0.0
Bengaluru City,Vijayanagar Traffic PS,1.04432e+16,2016,1,2,Road Accidents,Junction,City/Town,Residential area,Human Error,No,Simple Injury,Head on,Controlled,Straight and flat,City or Town Road,Bitumen(Tar),Dry,Not Applicable,Clear,SIDDAIAHPURANIK ROAD,SIDDAIAHPURANIK ROAD,4 km,0.129879045,0.775375342,0,0,0.0,0.0
Bengaluru City,Vijayanagar Traffic PS,1.04432e+16,2016,1,2,Road Accidents,Narrow road,City/Town,Residential area,Human Error,Yes,Damage Only,Head on,Uncontrolled,Straight and flat,City or Town Road,Bitumen(Tar),Dry,Not Applicable,Clear,BASAVESWARANAGAR 1ST MAIN ROAD,BASAVESWARANAGAR 1ST MAIN ROAD,4 km,0.1298711,0.7753976,0,0,0.0,0.0
Bengaluru City,Vijayanagar Traffic PS,1.04432e+16,2016,1,1,Road Accidents,Narrow road,City/Town,At pedestrian Crossing,Human Error,No,Simple Injury,Hit pedestrian,Uncontrolled,Straight and flat,City or Town Road,Bitumen(Tar),Dry,Not Applicable,Clear,SIDDAIAH PURANIK ROAD,SIDDAIAH PURANIK ROAD,4 KM,0.12991242,0.77538315,0,0,0.0,0.0
Bengaluru City,Vijayanagar Traffic PS,1.04432e+16,2016,1,1,Not Applicable,Not Applicable,Not Applicable,In bazaar,Not Applicable,Not Applicable,Not Applicable,Not Applicable,Not Applicable,Not Applicable,City or Town Road,Not Applicable,Not Applicable,Not Applicable,Not Applicable,NOT APPICABLE,NOT APPICABLE,2 km,0.12980695,0.7753971,0,0,0.0,0.0
Bengaluru City,Vijayanagar Traffic PS,1.04432e+16,2016,1,1,Road Accidents,Narrow road,City/Town,At pedestrian Crossing,Human Error,Yes,Simple Injury,Hit and Run,Uncontrolled,Straight and flat,City or Town Road,Bitumen(Tar),Dry,Not Applicable,Clear,BASAVESWARANAGAR,BASAVESWARANAGAR,4 KM,12.99165,77.53745,0,0,0.0,0.0
Bengaluru City,Vijayanagar Traffic PS,1.04432e+16,2016,1,1,Road Accidents,Narrow road,City/Town,At pedestrian Crossing,Human Error,Yes,Simple Injury,Hit pedestrian,Uncontrolled,Not Applicable,City or Town Road,Bitumen(Tar),Dry,Not Applicable,Clear,BASAVESWARANAGAR,BASAVESWARANAGAR,4 km,0.12594307,0.77321621,0,0,0.0,0.0
Bengaluru City,Vijayanagar Traffic PS,1.04432e+16,2016,1,1,Road Accidents,Narrow road,City/Town,Affected by encroachments,Human Error,No,Simple Injury,Skidding or Self accident,Uncontrolled,Straight and flat,City or Town Road,Bitumen(Tar),Dry,Not Applicable,Clear,WEST OF CHORD ROAD,WEST OF CHORD ROAD,2 KM,0.125828452,0.773250316,0,0,0.0,0.0
Bengaluru City,Vijayanagar Traffic PS,1.04432e+16,2016,1,1,Not Applicable,Not Applicable,City/Town,Residential area,Human Error,Not Applicable,Not Applicable,Not Applicable,Controlled,Straight and flat,City or Town Road,Bitumen(Tar),Dry,Not Applicable,Clear,WEST OF CHORD ROAD,P & T JUNCTION,0.5 KM,0.12974331,0.77544785,0,0,0.0,0.0
Bengaluru City,Vijayanagar Traffic PS,1.04432e+16,2016,1,1,Road Accidents,Narrow road,City/Town,Residential area,Human Error,No,Simple Injury,Head on,Uncontrolled,Straight and flat,City or Town Road,Bitumen(Tar),Dry,Not Applicable,Clear,MANJUNATHNAGAR,SURYA WINES,0.5 KM,0.129771008,0.775404368,0,0,0.0,0.0
Bengaluru City,Vijayanagar Traffic PS,1.04432e+16,2016,1,1,Road Accidents,Narrow road,City/Town,At pedestrian Crossing,Human Error,Yes,Simple Injury,Hit and Run,Uncontrolled,Straight and flat,City or Town Road,Bitumen(Tar),Dry,Not Applicable,Clear,RING ROAD,RING ROAD,5 KM,0.129979508,0.775236512,0,0,0.0,0.0
Bengaluru City,Vijayanagar Traffic PS,1.04432e+16,2016,1,1,Road Accidents,Narrow road,City/Town,Near Bus stop,Human Error,No,Simple Injury,Hit pedestrian,Controlled,Straight and flat,City or Town Road,Bitumen(Tar),Dry,Pot holed,Clear,WEST OF CHORD ROAD,WEST OF CHORD ROAD,4 km,0.0,0.0,5,0,0.0,5.0
Bengaluru City,Vijayanagar Traffic PS,1.04432e+16,2016,1,2,Road Accidents,Narrow road,City/Town,Residential area,Human Error,No,Damage Only,Head on,Uncontrolled,Straight and flat,City or Town Road,Bitumen(Tar),Dry,Not Applicable,Clear,MOODALPALYA,MOODALPALYA,4 km,0.129704761,0.775248562,0,0,0.0,0.0
Bengaluru City,Vijayanagar Traffic PS,1.04432e+16,2017,1,2,Road Accidents,Narrow road,City/Town,Near Bus stop,Human Error,Yes,Simple Injury,Hit and Run,Uncontrolled,Straight and flat,City or Town Road,Bitumen(Tar),Dry,Not Applicable,Clear,MAGADI MAIN ROAD,MAGADI MAIN ROAD,2 KM,0.129817286,0.775340565,0,0,0.0,0.0
Bengaluru City,Vijayanagar Traffic PS,1.04432e+16,2017,1,1,Road Accidents,Narrow road,City/Town,Near Bus stop,Human Error,Yes,Simple Injury,Hit pedestrian,Uncontrolled,Straight and flat,City or Town Road,Bitumen(Tar),Dry,Not Applicable,Clear,RING ROAD,RING ROAD,5 KM,0.129968064,0.77523268,0,0,0.0,0.0
Bengaluru City,Vijayanagar Traffic PS,1.04432e+16,2017,1,2,Road Accidents,Narrow road,City/Town,Near Bus stop,Human Error,Yes,Simple Injury,Hit and Run,Uncontrolled,Straight and flat,City or Town Road,Bitumen(Tar),Dry,Not Applicable,Clear,WEST OF CHORD ROAD,WEST OF CHORD ROAD,5 KM,0.0,0.0,0,0,0.0,0.0
Bengaluru City,Vijayanagar Traffic PS,1.04432e+16,2017,1,2,Road Accidents,Narrow road,City/Town,Residential area,Human Error,No,Damage Only,Head on,Uncontrolled,Straight and flat,City or Town Road,Bitumen(Tar),Dry,Not Applicable,Clear,BASAVESWARANAGAR,OPP NATIONAL PUBLIC SCHOOL,0.5MTR,0.0,0.0,0,0,0.0,0.0
Bengaluru City,Vijayanagar Traffic PS,1.04432e+16,2017,1,4,Road Accidents,Narrow road,City/Town,Residential area,Human Error,No,Grievous Injury,Head on,Uncontrolled,Straight and flat,City or Town Road,Bitumen(Tar),Dry,Not Applicable,Clear,MAGADI MAIN ROAD,NEAR RAHEJA APPARTMENTS,0.5MTR,0.0,0.0,0,0,0.0,0.0
Bengaluru City,Vijayanagar Traffic PS,1.04432e+16,2017,1,1,Road Accidents,Narrow road,City/Town,At pedestrian Crossing,Human Error,Yes,Grievous Injury,Hit pedestrian,Uncontrolled,Straight and flat,City or Town Road,Bitumen(Tar),Dry,Not Applicable,Clear,BASAVESWARANAGAR,NEAR GANGANMA THIMMAIAH,0.5MTR,0.0,0.0,0,0,0.0,0.0
Bengaluru City,Vijayanagar Traffic PS,1.04432e+16,2017,1,1,Road Accidents,Narrow road,City/Town,At pedestrian Crossing,Human Error,No,Simple Injury,Hit pedestrian,Uncontrolled,Straight and flat,Service Road,Bitumen(Tar),Dry,Not Applicable,Clear,R P C LAYOUT SERVICE ROAD,IN FRONT OF S B I BANK,0.5MTR,0.0,0.0,0,0,0.0,0.0
Bengaluru City,Vijayanagar Traffic PS,1.04432e+16,2017,1,1,Road Accidents,Narrow road,City/Town,At pedestrian Crossing,Human Error,Yes,Grievous Injury,Hit and Run,Uncontrolled,Straight and flat,City or Town Road,Bitumen(Tar),Dry,Not Applicable,Clear,R P C LAYOPUT RAILWAY PARALAL ROAD,IN FRONT MADHU GENTS BUEATY PARALAL,0.5MTR,0.0,0.0,0,0,0.0,0.0
Bengaluru City,Vijayanagar Traffic PS,1.04432e+16,2017,1,2,Road Accidents,Narrow road,City/Town,Residential area,Human Error,No,Damage Only,Head on,Controlled,Straight and flat,City or Town Road,Bitumen(Tar),Dry,Not Applicable,Clear,VIJAYANAGAR,NEAL B G S GLOBAL HOSPITAL,0.5MTR,0.0,0.0,0,0,0.0,0.0
Bengaluru City,Vijayanagar Traffic PS,1.04432e+16,2017,1,2,Road Accidents,Narrow road,City/Town,Residential area,Human Error,No,Grievous Injury,Head on,Uncontrolled,Straight and flat,City or Town Road,Bitumen(Tar),Dry,Not Applicable,Clear,GOVINDARAJNAGAR,NEAR A2B HOTEL,0.5MTR,0.129796385,0.775359168,0,0,0.0,0.0
Bengaluru City,Vijayanagar Traffic PS,1.04432e+16,2017,1,2,Road Accidents,Narrow road,City/Town,Residential area,Human Error,No,Simple Injury,Head on,Uncontrolled,Straight and flat,City or Town Road,Bitumen(Tar),Dry,Not Applicable,Clear,THIMMAIAH ROAD,NEAR CORPORATION A T M,0.5MTR,0.0,0.0,0,0,0.0,0.0
Bengaluru City,Vijayanagar Traffic PS,1.04432e+16,2017,1,1,Road Accidents,Narrow road,City/Town,Residential area,Human Error,No,Fatal,Hit pedestrian,Controlled,Straight and flat,City or Town Road,Bitumen(Tar),Dry,Not Applicable,Clear,VIJAYANAGAR,VIJAYANAGAR,1 KM,0.0,0.0,0,0,0.0,0.0
Bengaluru City,Vijayanagar Traffic PS,1.04432e+16,2017,1,1,Road Accidents,Narrow road,City/Town,Residential area,Human Error,Not Applicable,Damage Only,Not Applicable,Uncontrolled,Straight and flat,City or Town Road,Bitumen(Tar),Dry,Not Applicable,Clear,PIPELINE,pipeline,2 KM,0.0,0.0,0,0,0.0,0.0
Bengaluru City,Vijayanagar Traffic PS,1.04432e+16,2017,1,1,Road Accidents,Narrow road,City/Town,Residential area,Human Error,Yes,Grievous Injury,Hit and Run,Uncontrolled,Straight and flat,City or Town Road,Bitumen(Tar),Dry,Not Applicable,Clear,SERVICE ROAD VIJAYANAGAR,NEAR RAJREJESWARI TEXTILES,1 KM,0.0,0.0,0,0,0.0,0.0
Bengaluru City,Vijayanagar Traffic PS,1.04432e+16,2017,1,1,Road Accidents,Narrow road,City/Town,Residential area,Human Error,No,Fatal,Head on,Uncontrolled,Straight and flat,City or Town Road,Bitumen(Tar),Dry,Not Applicable,Clear,KAMALANAGAR,NEAR VEERABADHRAESWARA THEATER,0.5 KM,0.0,0.0,0,0,0.0,0.0
Bengaluru City,Vijayanagar Traffic PS,1.04432e+16,2017,1,2,Road Accidents,Narrow road,City/Town,Near Petrol Pump,Human Error,No,Grievous Injury,Head on,Uncontrolled,Straight and flat,City or Town Road,Bitumen(Tar),Dry,Not Applicable,Clear,VIJAYANAGAR,NEAR M C CIRCLE,0.5MTR,0.0,0.0,0,0,0.0,0.0
Bengaluru City,Vijayanagar Traffic PS,1.04432e+16,2017,1,1,Road Accidents,Narrow road,City/Town,At pedestrian Crossing,Human Error,Yes,Simple Injury,Hit and Run,Uncontrolled,Straight and flat,City or Town Road,Bitumen(Tar),Dry,Not Applicable,Clear,BASAVESWARANAGAR,NEAR KADAMBI SCHOOL,0.5MTR,0.0,0.0,0,0,0.0,0.0
Bengaluru City,Vijayanagar Traffic PS,1.04432e+16,2017,1,1,Road Accidents,Narrow road,City/Town,At pedestrian Crossing,Human Error,No,Simple Injury,Hit pedestrian,Uncontrolled,Straight and flat,City or Town Road,Bitumen(Tar),Dry,Not Applicable,Clear,MOODALPALYA,IN FRONT BANK OF BARODA,0.5MTR,0.0,0.0,0,0,0.0,0.0
Bengaluru City,Vijayanagar Traffic PS,1.04432e+16,2017,1,2,Road Accidents,Junction,City/Town,Near Bus stop,Human Error,Yes,Grievous Injury,Head on,Controlled,Straight and flat,City or Town Road,Bitumen(Tar),Dry,Not Applicable,Clear,VIJAYANAGAR WATER TANK,IN FRONT ACHRAYA MEDICAL STORES,0.5MTR,0.0,0.0,0,0,0.0,0.0
Bengaluru City,Vijayanagar Traffic PS,1.04432e+16,2017,1,1,Road Accidents,Narrow road,City/Town,At pedestrian Crossing,Human Error,Yes,Simple Injury,Hit and Run,Uncontrolled,Straight and flat,City or Town Road,Bitumen(Tar),Dry,Not Applicable,Clear,RING ROAD,RING ROAD,5 KM,0.129968064,0.77523268,0,0,0.0,0.0
Bengaluru City,Vijayanagar Traffic PS,1.04432e+16,2017,1,2,Road Accidents,Junction,City/Town,Near Bus stop,Human Error,No,Grievous Injury,Head on,Controlled,Straight and flat,City or Town Road,Bitumen(Tar),Dry,Not Applicable,Clear,MODI ROAD,NEAR SHANKAR MATT JUNCTION,0.5MTR,0.0,0.0,0,0,0.0,0.0
Bengaluru City,Vijayanagar Traffic PS,1.04432e+16,2017,1,1,Road Accidents,Narrow road,City/Town,Residential area,Human Error,Yes,Grievous Injury,Hit and Run,Uncontrolled,Straight and flat,City or Town Road,Bitumen(Tar),Dry,Not Applicable,Clear,KAMALANAGAR,NEAR FRIENDS MENS WEAR,0.5MTR,0.0,0.0,0,0,0.0,0.0
Bengaluru City,Vijayanagar Traffic PS,1.04432e+16,2017,1,2,Road Accidents,Narrow road,City/Town,Residential area,Human Error,Yes,Simple Injury,Hit and Run,Uncontrolled,Straight and flat,City or Town Road,Bitumen(Tar),Dry,Not Applicable,Clear,WEST OF CHORD ROAD,NEAR MARUTHI TEMPLE VIJAYANAGAR,0.5MTR,0.0,0.0,0,0,0.0,0.0
Bengaluru City,Vijayanagar Traffic PS,1.04432e+16,2017,1,2,Road Accidents,Narrow road,City/Town,Residential area,Human Error,No,Fatal,Head on,Uncontrolled,Straight and flat,City or Town Road,Bitumen(Tar),Dry,Not Applicable,Clear,BASAVESWARANAGAR,IN FRONT OF SHREE SHIVA KRUPA NILAYA,0.5MTR,0.0,0.0,0,0,0.0,0.0
Bengaluru City,Vijayanagar Traffic PS,1.04432e+16,2017,1,1,Road Accidents,Narrow road,City/Town,Residential area,Human Error,Yes,Grievous Injury,Hit and Run,Uncontrolled,Straight and flat,City or Town Road,Bitumen(Tar),Dry,Not Applicable,Clear,LAKSHMINAGAR 4TH CROSS,IN FRONT OF HOUSE NO 91,0.5MTR,0.0,0.0,0,0,0.0,0.0
Bengaluru City,Vijayanagar Traffic PS,1.04432e+16,2017,1,1,Road Accidents,Narrow road,City/Town,Residential area,Human Error,Yes,Grievous Injury,Hit pedestrian,Uncontrolled,Straight and flat,City or Town Road,Bitumen(Tar),Dry,Not Applicable,Clear,R P C LAYOUT,IN FRONT OF HOUSE NO 1024 5TH A CROSS,0.5MTR,0.0,0.0,0,0,0.0,0.0
Bengaluru City,Vijayanagar Traffic PS,1.04432e+16,2017,1,2,Road Accidents,Narrow road,City/Town,Residential area,Human Error,Yes,Grievous Injury,Hit and Run,Uncontrolled,Straight and flat,City or Town Road,Bitumen(Tar),Dry,Not Applicable,Clear,RPC LAYOUT PIPELINE ROAD,NEAR MARAMMA TEMPLE,0.5MTR,0.0,0.0,0,0,0.0,0.0
Bengaluru City,Vijayanagar Traffic PS,1.04432e+16,2017,1,1,Road Accidents,Narrow road,City/Town,At pedestrian Crossing,Not Applicable,No,Grievous Injury,Hit pedestrian,Uncontrolled,Straight and flat,City or Town Road,Bitumen(Tar),Dry,Not Applicable,Clear,VIJAYANAGAR SERVICE ROAD,NEAR IYENGAR BAKARY,0.5MTR,0.129718635,0.775379421,0,0,0.0,0.0
Bengaluru City,Vijayanagar Traffic PS,1.04432e+16,2017,1,2,Road Accidents,Junction,City/Town,Residential area,Human Error,No,Damage Only,Head on,Controlled,Straight and flat,City or Town Road,Bitumen(Tar),Dry,Not Applicable,Clear,WEST OF CHORD ROAD,WEST OF CHORD ROAD,4 KM,0.0,0.0,0,0,0.0,0.0
Bengaluru City,Vijayanagar Traffic PS,1.04432e+16,2017,1,2,Road Accidents,Junction,City/Town,Residential area,Human Error,Yes,Simple Injury,Hit and Run,Controlled,Straight and flat,City or Town Road,Bitumen(Tar),Dry,Not Applicable,Clear,MAGADI MAIN ROAD,MAGADI MAIN ROAD,2 KM,0.0,0.0,0,0,0.0,0.0
Bengaluru City,Vijayanagar Traffic PS,1.04432e+16,2017,1,2,Road Accidents,Narrow road,City/Town,Residential area,Human Error,No,Simple Injury,Hit pedestrian,Uncontrolled,Straight and flat,City or Town Road,Bitumen(Tar),Dry,Not Applicable,Clear,NAGARABAVI MAIN ROAD,SARVAZNA JUNCTION,1 KM,0.0,0.0,0,0,0.0,0.0
Bengaluru City,Vijayanagar Traffic PS,1.04432e+16,2017,1,2,Road Accidents,Narrow road,City/Town,Residential area,Human Error,Yes,Simple Injury,Hit and Run,Uncontrolled,Straight and flat,City or Town Road,Bitumen(Tar),Dry,Not Applicable,Clear,MARENHALLI,NEAR RANGANATH STATIONERY,0.5 KM,0.0,0.0,0,0,0.0,0.0
Bengaluru City,Vijayanagar Traffic PS,1.04432e+16,2017,1,1,Road Accidents,Narrow road,City/Town,At pedestrian Crossing,Human Error,Yes,Grievous Injury,Hit and Run,Uncontrolled,Straight and flat,City or Town Road,Bitumen(Tar),Dry,Not Applicable,Clear,BASAVESWARANAGAR,NEAR RELIANCE MART,0.5MTR,0.0,0.0,0,0,0.0,0.0