DISTRICTNAME,UNITNAME,Crime_No,Year,RI,Noofvehicle_involved,Accident_Classification,Accident_Spot,Accident_Location,Accident_SubLocation,Main_Cause,Hit_Run,Severity,Collision_Type,Junction_Control,Road_Character,Road_Type,Surface_Type,Surface_Condition,Road_Condition,Weather,Accident_Road,Landmark_first,Distance_LandMark_First,Latitude,Longitude,Road_Condition_Score,Surface_Condition_Score,Surface_Type_Score,Road_Risk_Index
Bengaluru City,Vijayanagar Traffic PS,1.04432e+16,2018,1,1,Road Accidents,Narrow road,City/Town,At pedestrian Crossing,Human Error,No,Simple Injury,Hit pedestrian,Uncontrolled,Straight and flat,City or Town Road,Bitumen(Tar),Dry,Not Applicable,Clear,MAGADI MAIN ROAD,IN FRONT B S N L GRAHAKARA SEVA KENDRA OFFICE,0.5MTR,0.129814821,0.775349645,0,0,0.0,0.0
Bengaluru City,Vijayanagar Traffic PS,1.04432e+16,2018,1,2,Road Accidents,Junction,City/Town,Residential area,Human Error,Yes,Simple Injury,Hit and Run,Uncontrolled,Straight and flat,City or Town Road,Bitumen(Tar),Dry,Not Applicable,Clear,BASAVESWARANAGAR 8TH B MAIN ROAD,IN FRONT GREEN PLAY GODOWN,0.5MTR,0.129919498,0.775439448,0,0,0.0,0.0
Bengaluru City,Vijayanagar Traffic PS,1.04432e+16,2018,1,2,Road Accidents,Junction,City/Town,Affected by encroachments,Human Error,No,Damage Only,Head on,Controlled,Straight and flat,City or Town Road,Bitumen(Tar),Dry,Not Applicable,Clear,WEST OF CHORD ROAD,NEAR DHOBIGHATT JUNCTION,0.5MTR,0.129878246,0.775499961,0,0,0.0,0.0
Bengaluru City,Vijayanagar Traffic PS,1.04432e+16,2018,1,1,Road Accidents,Narrow road,City/Town,At pedestrian Crossing,Human Error,Yes,Simple Injury,Hit pedestrian,Not Applicable,Straight and flat,City or Town Road,Bitumen(Tar),Dry,Not Applicable,Clear,SHANKARAMATTA,NEAR MAHATHMA GANDHINAGAR,0.5MTR,0.0,0.0,0,0,0.0,0.0
Bengaluru City,Vijayanagar Traffic PS,1.04432e+16,2018,1,2,Road Accidents,Narrow road,City/Town,Residential area,Human Error,Yes,Damage Only,Hit and Run,Not Applicable,Straight and flat,City or Town Road,Bitumen(Tar),Dry,Not Applicable,Clear,SIDDAIAHPURANIK ROAD,NEAR PANECEA HOSPITAL,0.5MTR,0.129927996,0.775388838,0,0,0.0,0.0
Bengaluru City,Vijayanagar Traffic PS,1.04432e+16,2018,1,2,Road Accidents,Narrow road,City/Town,Residential area,Human Error,No,Simple Injury,Head on,Not Applicable,Straight and flat,City or Town Road,Bitumen(Tar),Dry,Not Applicable,Clear,VIJAYANAGAR,NEAR CLUB ROAD,0.5MTR,12.96768,77.5409406,0,0,0.0,0.0
Bengaluru City,Vijayanagar Traffic PS,1.04432e+16,2018,1,2,Road Accidents,Junction,City/Town,Near Bus stop,Human Error,Yes,Simple Injury,Hit and Run,Controlled,Straight and flat,City or Town Road,Bitumen(Tar),Dry,Not Applicable,Clear,SIDDAIAHPURANIK ROAD,NEAR SHANKARMUTT SIGNAL,0.5MTR,0.129993312,0.775410778,0,0,0.0,0.0
Bengaluru City,Vijayanagar Traffic PS,1.04432e+16,2018,1,1,Road Accidents,Narrow road,City/Town,Residential area,Human Error,No,Grievous Injury,Skidding or Self accident,Not Applicable,Straight and flat,City or Town Road,Bitumen(Tar),Dry,Not Applicable,Clear,WEST OF CHORD ROAD,NEAR M C CIRCLE UNDERPASS,0.5MTR,0.129749287,0.775483643,0,0,0.0,0.0
Bengaluru City,Vijayanagar Traffic PS,1.04432e+16,2018,1,1,Road Accidents,Narrow road,City/Town,At pedestrian Crossing,Human Error,No,Simple Injury,Hit pedestrian,Uncontrolled,Straight and flat,City or Town Road,Bitumen(Tar),Dry,Not Applicable,Clear,KAMALANAGAR,NEAR KARNATAKA ENGINEERS ACADEMY,0.5MTR,0.129948513,0.775328787,0,0,0.0,0.0
Bengaluru City,Vijayanagar Traffic PS,1.04432e+16,2018,1,2,Road Accidents,Narrow road,City/Town,Residential area,Human Error,Yes,Damage Only,Hit and Run,Uncontrolled,Straight and flat,City or Town Road,Bitumen(Tar),Dry,Not Applicable,Clear,M C LAYOUT,NEAR UDAYA SCHOOL 18TH CROSS,0.5MTR,0.0,0.0,0,0,0.0,0.0
Bengaluru City,Vijayanagar Traffic PS,1.04432e+16,2018,1,2,Road Accidents,Narrow road,City/Town,Residential area,Human Error,Yes,Simple Injury,Hit and Run,Uncontrolled,Straight and flat,City or Town Road,Bitumen(Tar),Dry,Not Applicable,Clear,SUBBANAGARDEN,NEAR SHANIMAHATHAMA TEMPLE,0.5MTR,0.129646718,0.775323531,0,0,0.0,0.0
Bengaluru City,Vijayanagar Traffic PS,1.04432e+16,2018,1,2,Road Accidents,Narrow road,City/Town,Residential area,Human Error,Yes,Simple Injury,Hit and Run,Uncontrolled,Straight and flat,City or Town Road,Bitumen(Tar),Dry,Not Applicable,Clear,BASAVESWARANAGAR,10TH MAIN JUNCTION,0.5MTR,0.129952635,0.775398216,0,0,0.0,0.0
Bengaluru City,Vijayanagar Traffic PS,1.04432e+16,2018,1,2,Road Accidents,Narrow road,City/Town,At pedestrian Crossing,Human Error,Yes,Simple Injury,Hit pedestrian,Uncontrolled,Straight and flat,City or Town Road,Bitumen(Tar),Dry,Not Applicable,Clear,BASAVESWARANAGAR,NEAR MAXMULLER SCHOOL,0.5MTR,0.129919021,0.775365271,0,0,0.0,0.0
Bengaluru City,Vijayanagar Traffic PS,1.04432e+16,2018,1,2,Road Accidents,Junction,City/Town,Near School or College,Human Error,No,Damage Only,Head on,Controlled,Straight and flat,City or Town Road,Bitumen(Tar),Dry,Not Applicable,Clear,WEST OF CHORD ROAD,NEAR NATIONAL SCHOOL JUNCTION,0.5MTR,0.0,0.0,0,0,0.0,0.0
Bengaluru City,Vijayanagar Traffic PS,1.04432e+16,2018,1,1,Road Accidents,Narrow road,City/Town,At pedestrian Crossing,Human Error,Yes,Simple Injury,Hit pedestrian,Not Applicable,Straight and flat,City or Town Road,Bitumen(Tar),Dry,Not Applicable,Clear,BASAVESWARANAGAR 1ST MAIN ROAD,NEAR CORPORATION BANK,0.5MTR,0.129882593,0.775353958,0,0,0.0,0.0
Bengaluru City,Vijayanagar Traffic PS,1.04432e+16,2018,1,2,Road Accidents,Narrow road,City/Town,Residential area,Human Error,Yes,Simple Injury,Hit and Run,Uncontrolled,Straight and flat,City or Town Road,Bitumen(Tar),Dry,Not Applicable,Clear,GOVINDARAJNAGAR,NEAR KARANTH BAKERY,0.5MTR,0.129782083,0.775376089,0,0,0.0,0.0
Bengaluru City,Vijayanagar Traffic PS,1.04432e+16,2018,1,2,Road Accidents,Narrow road,City/Town,Residential area,Human Error,Yes,Grievous Injury,Hit and Run,Uncontrolled,Straight and flat,City or Town Road,Bitumen(Tar),Dry,Drainage Ditch,Clear,M C LAYOUT,NEAR UMESHSHETTY OFFICE,0.5MTR,0.12583186,0.77322543,4,0,0.0,4.0
Bengaluru City,Vijayanagar Traffic PS,1.04432e+16,2018,1,1,Road Accidents,Narrow road,City/Town,At pedestrian Crossing,Human Error,Yes,Simple Injury,Hit pedestrian,Uncontrolled,Straight and flat,City or Town Road,Bitumen(Tar),Dry,Not Applicable,Clear,BASAVESWARANAGAR,IN FRONT OF POST OFFICE,0.5MTR,0.129943718,0.775394006,0,0,0.0,0.0
Bengaluru City,Vijayanagar Traffic PS,1.04432e+16,2018,1,3,Road Accidents,Narrow road,City/Town,Residential area,Human Error,No,Damage Only,Head on,Uncontrolled,Straight and flat,City or Town Road,Bitumen(Tar),Dry,Not Applicable,Clear,VINAYAKLAYOUT,IN FRONT HOUSE NO 54,0.5MTR,0.12575611,0.77315127,0,0,0.0,0.0
Bengaluru City,Vijayanagar Traffic PS,1.04432e+16,2018,1,3,Road Accidents,Narrow road,City/Town,Residential area,Human Error,No,Simple Injury,Head on,Uncontrolled,Straight and flat,City or Town Road,Bitumen(Tar),Dry,Not Applicable,Clear,KAMALANAGAR,IN FRONT OF HOUSE NO 267 SHANKARNAG MAIN ROAD,0.5MTR,0.129969441,0.775272989,0,0,0.0,0.0
Bengaluru City,Vijayanagar Traffic PS,1.04432e+16,2018,1,2,Road Accidents,Narrow road,City/Town,Residential area,Human Error,Yes,Simple Injury,Hit and Run,Uncontrolled,Straight and flat,City or Town Road,Bitumen(Tar),Dry,Not Applicable,Clear,1ST MAIN VINAYAKA LAYOUT,IN FRONT OF VINAYAK BAKERY,0.5MTR,0.129683804,0.775332372,0,0,0.0,0.0
Bengaluru City,Vijayanagar Traffic PS,1.04432e+16,2018,1,1,Road Accidents,Not Applicable,City/Town,Near Bus stop,Human Error,Yes,Simple Injury,Head on,Uncontrolled,Straight and flat,City or Town Road,Bitumen(Tar),Dry,Not Applicable,Clear,MAGADI MAIN ROAD,NEAR Om Prabha First Grade Evening College of Arts and Commerce  College,0.5MTR,0.129788884,0.775406738,0,0,0.0,0.0
Bengaluru City,Vijayanagar Traffic PS,1.04432e+16,2018,1,2,Road Accidents,Narrow road,City/Town,Residential area,Human Error,Yes,Simple Injury,Hit and Run,Not at  Junction,Straight and flat,City or Town Road,Bitumen(Tar),Dry,Not Applicable,Clear,VIJAYANAGAR,NEAR RELIANCE FRESH,0.5MTR,0.12582498,0.77324023,0,0,0.0,0.0
Bengaluru City,Vijayanagar Traffic PS,1.04432e+16,2018,1,1,Road Accidents,Narrow road,City/Town,Near Hospital,Human Error,Yes,Simple Injury,Hit pedestrian,Uncontrolled,Straight and flat,City or Town Road,Bitumen(Tar),Dry,Not Applicable,Clear,PRASHANTH NAGAR,NEAR SHOBHA HOSPITAL,0.5MTR,0.12975866,0.775313892,0,0,0.0,0.0
Bengaluru City,Vijayanagar Traffic PS,1.04432e+16,2018,1,2,Road Accidents,Junction,City/Town,Residential area,Human Error,Yes,Simple Injury,Hit and Run,Not Applicable,Straight and flat,City or Town Road,Bitumen(Tar),Dry,Not Applicable,Clear,RPC LAYOUT,11TH CROSS JUNCTION,0.5MTR,0.12958023,0.77534785,0,0,0.0,0.0
Bengaluru City,Vijayanagar Traffic PS,1.04432e+16,2018,1,1,Road Accidents,Narrow road,City/Town,At pedestrian Crossing,Human Error,No,Simple Injury,Hit pedestrian,Not Applicable,Straight and flat,City or Town Road,Bitumen(Tar),Dry,Not Applicable,Clear,PRASHANTH NAGAR,NEAR BALAJI HADRWEAR,0.5MTR,12.9788809,77.5340598,0,0,0.0,0.0
Bengaluru City,Vijayanagar Traffic PS,1.04432e+16,2018,1,2,Road Accidents,Narrow road,City/Town,Residential area,Human Error,Yes,Simple Injury,Hit and Run,Uncontrolled,Straight and flat,City or Town Road,Bitumen(Tar),Dry,Not Applicable,Clear,NAGARABAVI MAIN ROAD,IN FRONT OF SURYA BAKERY,0.5MTR,0.129755822,0.775364676,0,0,0.0,0.0
Bengaluru City,Vijayanagar Traffic PS,1.04432e+16,2018,1,2,Road Accidents,Narrow road,City/Town,Residential area,Human Error,Yes,Simple Injury,Hit and Run,Not Applicable,Straight and flat,City or Town Road,Bitumen(Tar),Dry,Not Applicable,Clear,VIJAYANAGAR,IN FRONT OF BYRAWESWARA COOPERTIVE SOCIETY,0.5MTR,0.129741542,0.775353062,0,0,0.0,0.0
Bengaluru City,Vijayanagar Traffic PS,1.04432e+16,2018,1,1,Road Accidents,Junction,City/Town,Residential area,Human Error,No,Grievous Injury,Hit pedestrian,Uncontrolled,Straight and flat,City or Town Road,Bitumen(Tar),Dry,Not Applicable,Clear,R P C LAYOUT,NEAR OMSAI FASHION AND JWEELERY,0.5MTR,0.12960119,0.77536946,0,0,0.0,0.0
Bengaluru City,Vijayanagar Traffic PS,1.04432e+16,2018,1,2,Road Accidents,Narrow road,City/Town,Residential area,Human Error,Yes,Simple Injury,Hit and Run,Not Applicable,Straight and flat,City or Town Road,Bitumen(Tar),Dry,Not Applicable,Clear,M C LAYOUT,NEAR MARENHALLI PARK 23RD CROSS,0.5MTR,0.129731095,0.775341134,0,0,0.0,0.0
Bengaluru City,Vijayanagar Traffic PS,1.04432e+16,2018,1,2,Road Accidents,Narrow road,City/Town,Residential area,Human Error,Yes,Simple Injury,Hit and Run,Uncontrolled,Straight and flat,City or Town Road,Bitumen(Tar),Dry,Not Applicable,Clear,MAGADI MAIN ROAD,NEAR RAHEJA APPARTMENTS,0.5MTR,0.12979611,0.77539269,0,0,0.0,0.0
Bengaluru City,Vijayanagar Traffic PS,1.04432e+16,2018,1,2,Road Accidents,Junction,City/Town,Residential area,Human Error,No,Simple Injury,Head on,Uncontrolled,Straight and flat,City or Town Road,Bitumen(Tar),Dry,Not Applicable,Clear,VIJAYANAGAR,2ND CROSS AND 4TH MAIN JUNCTION,0.5MTR,0.12972718,0.775456179,0,0,0.0,0.0
Bengaluru City,Vijayanagar Traffic PS,1.04432e+16,2018,1,3,Road Accidents,Junction,City/Town,Near office complex,Human Error,No,Simple Injury,Head on,Uncontrolled,Straight and flat,City or Town Road,Not Applicable,Dry,Not Applicable,Clear,1ST MAIN ROAD BASAVESWARANAGAR,NEAR AKSHYA UPAHARA HOTEL,0.5MTR,0.129850331,0.775451209,0,0,0.0,0.0
Bengaluru City,Vijayanagar Traffic PS,1.04432e+16,2018,1,1,Road Accidents,Narrow road,City/Town,At pedestrian Crossing,Human Error,No,Grievous Injury,Hit pedestrian,Not at  Junction,Straight and flat,City or Town Road,Bitumen(Tar),Dry,Not Applicable,Clear,WEST OF CHORD ROAD VIJAYANAGAR,NEAR METRO PILLER NO 307  VIJAYANAGAR METRO STATION,0.1MTR,0.12971234,0.77537311,0,0,0.0,0.0
Bengaluru City,Vijayanagar Traffic PS,1.04432e+16,2018,1,1,Road Accidents,Narrow road,City/Town,At pedestrian Crossing,Human Error,Yes,Grievous Injury,Hit pedestrian,Not at  Junction,Straight and flat,City or Town Road,Bitumen(Tar),Dry,Not Applicable,Clear,NAGARABAVI MAIN ROAD,IN FRONT OF  A S MEDICAL STORES,0.5MTR,0.1297556,0.77535282,0,0,0.0,0.0
Bengaluru City,Vijayanagar Traffic PS,1.04432e+16,2018,1,2,Road Accidents,Narrow road,City/Town,Residential area,Human Error,Yes,Damage Only,Hit and Run,Uncontrolled,Straight and flat,City or Town Road,Bitumen(Tar),Dry,Not Applicable,Clear,VIJAYANAGAR,NEAR S B I BANK,0.5MTR,0.1297875,0.77540801,0,0,0.0,0.0
Bengaluru City,Vijayanagar Traffic PS,1.04432e+16,2018,1,2,Road Accidents,Narrow road,City/Town,Residential area,Human Error,Yes,Simple Injury,Hit and Run,Not Applicable,Straight and flat,City or Town Road,Bitumen(Tar),Dry,Not Applicable,Clear,BINNY LAYOUT,13TH MAIN AND 4TH CROSS JUNCTION,0.5MTR,0.0,0.0,0,0,0.0,0.0
Bengaluru City,Vijayanagar Traffic PS,1.04432e+16,2018,1,1,Road Accidents,Narrow road,City/Town,At pedestrian Crossing,Human Error,No,Simple Injury,Hit pedestrian,Not Applicable,Straight and flat,City or Town Road,Bitumen(Tar),Dry,Not Applicable,Clear,MAGADI MAIN ROAD,IN FRONT OF B S N L OFFICE,0.5MTR,0.129816658,0.775343223,0,0,0.0,0.0
Bengaluru City,Vijayanagar Traffic PS,1.04432e+16,2018,1,1,Road Accidents,Narrow road,City/Town,At pedestrian Crossing,Human Error,Yes,Grievous Injury,Hit pedestrian,Not at  Junction,Straight and flat,City or Town Road,Bitumen(Tar),Dry,Not Applicable,Clear,WEST OF CHORD ROAD VIJAYANAGAR,NEAR  VIJAYANAGAR METROSTATION,0.5MTR,0.129708571,0.77537373,0,0,0.0,0.0
Bengaluru City,Vijayanagar Traffic PS,1.04432e+16,2018,1,2,Road Accidents,Narrow road,City/Town,Residential area,Human Error,No,Grievous Injury,Head on,Controlled,Straight and flat,City or Town Road,Bitumen(Tar),Dry,Not Applicable,Clear,WEST OF CHORD ROAD,NEAR MARENHALLI JUNCTION,0.5MTR,0.12580612,0.77322049,0,0,0.0,0.0
Bengaluru City,Vijayanagar Traffic PS,1.04432e+16,2018,1,2,Road Accidents,Narrow road,City/Town,Residential area,Human Error,Yes,Damage Only,Hit and Run,Uncontrolled,Straight and flat,City or Town Road,Bitumen(Tar),Dry,Not Applicable,Clear,MAHAGANAPATYHINAGAR,IN FRONT OF HOUSE NO 33,0.5MTR,0.129863566,0.775481952,0,0,0.0,0.0
Bengaluru City,Vijayanagar Traffic PS,1.04432e+16,2018,1,1,Road Accidents,Narrow road,City/Town,Near School or College,Human Error,No,Simple Injury,Hit pedestrian,Uncontrolled,Straight and flat,City or Town Road,Bitumen(Tar),Dry,Not Applicable,Clear,KAMALANAGAR,IN FRONT HOUSE NO 200,0.5MTR,0.129909319,0.775314322,0,0,0.0,0.0
Bengaluru City,Vijayanagar Traffic PS,1.04432e+16,2018,1,1,Road Accidents,Narrow road,City/Town,At pedestrian Crossing,Human Error,Yes,Simple Injury,Hit pedestrian,Not Applicable,Straight and flat,City or Town Road,Bitumen(Tar),Dry,Not Applicable,Clear,SIDDAIAHPURANIK ROAD,IN FRONT OF SAPTHAGIRI PROVISIONS,0.5MTR,0.129955668,0.775365157,0,0,0.0,0.0
Bengaluru City,Vijayanagar Traffic PS,1.04432e+16,2018,1,1,Road Accidents,Junction,City/Town,Residential area,Human Error,No,Simple Injury,Skidding or Self accident,Uncontrolled,Straight and flat,City or Town Road,Bitumen(Tar),Dry,Not Applicable,Clear,M C LAYOUT,8TH CROSS JUNCTION,0.5MTR,0.129743545,0.775406939,0,0,0.0,0.0
Bengaluru City,Vijayanagar Traffic PS,1.04432e+16,2018,1,2,Road Accidents,Narrow road,City/Town,Near office complex,Human Error,Yes,Simple Injury,Hit and Run,Not Applicable,Straight and flat,City or Town Road,Bitumen(Tar),Dry,Not Applicable,Clear,MODI ROAD,NEAR UNLIMITED CLOTH STORES,0.5MTR,0.129975277,0.775481181,0,0,0.0,0.0
Bengaluru City,Vijayanagar Traffic PS,1.04432e+16,2018,1,1,Road Accidents,Narrow road,City/Town,At pedestrian Crossing,Human Error,Yes,Grievous Injury,Hit pedestrian,Uncontrolled,Straight and flat,City or Town Road,Bitumen(Tar),Dry,Not Applicable,Clear,VIJAYANAGAR,NEAR HOSAHALLI PARK,0.5MTR,0.129705618,0.77542485,0,0,0.0,0.0
Bengaluru City,Vijayanagar Traffic PS,1.04432e+16,2018,1,1,Road Accidents,Narrow road,City/Town,At pedestrian Crossing,Human Error,Yes,Simple Injury,Hit and Run,Not Applicable,Straight and flat,City or Town Road,Bitumen(Tar),Dry,Not Applicable,Clear,B E M L LAYOUT 5TH MAIN ROAD,IN FRONT OF MILLENNIUM APPARTMENTS,0.5MTR,0.129916648,0.775292338,0,0,0.0,0.0
Bengaluru City,Vijayanagar Traffic PS,1.04432e+16,2018,1,2,Road Accidents,Narrow road,City/Town,Residential area,Human Error,No,Simple Injury,Head on,Uncontrolled,Straight and flat,City or Town Road,Bitumen(Tar),Dry,Not Applicable,Clear,BASAVESWARANAGAR,IN FRONT OF EXTREM CLOTH SHOP,0.5MTR,0.0,0.0,0,0,0.0,0.0
Bengaluru City,Vijayanagar Traffic PS,1.04432e+16,2018,1,2,Road Accidents,Narrow road,City/Town,Residential area,Human Error,Yes,Simple Injury,Hit and Run,Uncontrolled,Straight and flat,City or Town Road,Bitumen(Tar),Dry,Not Applicable,Clear,BASAVESWARANAGAR,NEAR LIBERTY SHOW ROOM,0.5MTR,0.129920682,0.775384792,0,0,0.0,0.0
Bengaluru City,Vijayanagar Traffic PS,1.04432e+16,2018,1,1,Road Accidents,Narrow road,City/Town,Residential area,Human Error,Yes,Simple Injury,Hit and Run,Uncontrolled,Straight and flat,City or Town Road,Bitumen(Tar),Dry,Not Applicable,Clear,PIPELINE VIJAYANAGAR,IN FRONT PRAKASH DRIVING SCHOOL,0.5MTR,0.12581361,0.77324592,0,0,0.0,0.0
Bengaluru City,Vijayanagar Traffic PS,1.04432e+16,2018,1,1,Road Accidents,Narrow road,City/Town,At pedestrian Crossing,Human Error,Yes,Simple Injury,Hit pedestrian,Uncontrolled,Straight and flat,City or Town Road,Bitumen(Tar),Dry,Not Applicable,Clear,SIDDAIAHPURANIK ROAD,NEAR AXIS BANK,0.5MTR,0.129965162,0.775402728,0,0,0.0,0.0
Bengaluru City,Vijayanagar Traffic PS,1.04432e+16,2018,1,2,Road Accidents,Narrow road,City/Town,Residential area,Human Error,Yes,Simple Injury,Hit and Run,Controlled,Straight and flat,City or Town Road,Bitumen(Tar),Dry,Not Applicable,Clear,R P C LAYOUT,NEAR S B I BANK,0.5MTR,0.129578413,0.775342936,0,0,0.0,0.0
Bengaluru City,Vijayanagar Traffic PS,1.04432e+16,2018,1,2,Road Accidents,Narrow road,City/Town,Residential area,Human Error,No,Simple Injury,Head on,Not Applicable,Straight and flat,City or Town Road,Bitumen(Tar),Dry,Not Applicable,Clear,THIMMAIAH ROAD,NEAR LAKSHMI JANARDHAN IYENGER BAKERY,0.5MTR,0.129921955,0.775459638,0,0,0.0,0.0
Bengaluru City,Vijayanagar Traffic PS,1.04432e+16,2018,1,2,Road Accidents,Junction,City/Town,Residential area,Human Error,No,Grievous Injury,Head on,Controlled,Straight and flat,City or Town Road,Bitumen(Tar),Dry,Not Applicable,Clear,NAGARABAVI MAIN ROAD,NEAR SARVAGNA JUNCTION,0.5MTR,0.129757262,0.775385236,0,0,0.0,0.0
Bengaluru City,Vijayanagar Traffic PS,1.04432e+16,2018,1,1,Road Accidents,Narrow road,City/Town,At pedestrian Crossing,Human Error,No,Simple Injury,Hit pedestrian,Not at  Junction,Straight and flat,City or Town Road,Bitumen(Tar),Dry,Not Applicable,Clear,VIJAYANAGAR,NEAR PRASHANTH DENTAL CLINIC,0.5MTR,12.970821,77.536922,0,0,0.0,0.0
Bengaluru City,Vijayanagar Traffic PS,1.04432e+16,2018,1,2,Road Accidents,Narrow road,City/Town,Residential area,Human Error,Yes,Fatal,Head on,Not at  Junction,Straight and flat,City or Town Road,Bitumen(Tar),Dry,Not Applicable,Clear,NEAR BHAGYADA BAGLU,SATHYANARAYANALAYOUT,0.5MTR,0.12996883,0.77539439,0,0,0.0,0.0
Bengaluru City,Vijayanagar Traffic PS,1.04432e+16,2018,1,2,Road Accidents,Narrow road,City/Town,Residential area,Human Error,Yes,Damage Only,Hit and Run,Not Applicable,Straight and flat,City or Town Road,Bitumen(Tar),Dry,Not Applicable,Clear,VIJAYANAGAR 3RD MAIN ROAD,NEAR CAMBRIDGE HIGH SCHOOL,0.5MTR,0.129731059,0.775429803,0,0,0.0,0.0
Bengaluru City,Vijayanagar Traffic PS,1.04432e+16,2018,1,1,Road Accidents,Narrow road,City/Town,At pedestrian Crossing,Human Error,Yes,Simple Injury,Hit pedestrian,Controlled,Straight and flat,City or Town Road,Bitumen(Tar),Dry,Not Applicable,Clear,BASAVESWARANAGAR 8TH MAIN ROAD,NEAR AKSHYA RISE TRADERS,0.5MTR,0.1259294,0.7731534,0,0,0.0,0.0
Bengaluru City,Vijayanagar Traffic PS,1.04432e+16,2018,1,2,Road Accidents,Narrow road,City/Town,Residential area,Human Error,Yes,Simple Injury,Hit and Run,Not Applicable,Straight and flat,City or Town Road,Bitumen(Tar),Dry,Not Applicable,Clear,VIJAYANAGAR,NEAR 1ST MAIN ROAD AND 2ND CROSS JUNCTION,0.5MTR,0.0,0.0,0,0,0.0,0.0
Bengaluru City,Vijayanagar Traffic PS,1.04432e+16,2018,1,2,Road Accidents,Junction,City/Town,Near Petrol Pump,Human Error,No,Simple Injury,Head on,Controlled,Straight and flat,City or Town Road,Bitumen(Tar),Dry,Not Applicable,Clear,MAGADI MAIN ROAD,NEAR M C CIRCLE,0.5MTR,0.129750526,0.775484941,0,0,0.0,0.0
Bengaluru City,Vijayanagar Traffic PS,1.04432e+16,2018,1,2,Road Accidents,Narrow road,City/Town,Residential area,Human Error,Yes,Simple Injury,Hit and Run,Uncontrolled,Straight and flat,City or Town Road,Bitumen(Tar),Dry,Not Applicable,Clear,NAGARABAVI MAIN ROAD,NEAR LIBERTY SHOWROOM,0.5MTR,0.0,0.0,0,0,0.0,0.0
Bengaluru City,Vijayanagar Traffic PS,1.04432e+16,2018,1,2,Road Accidents,Narrow road,City/Town,Near Bus stop,Human Error,No,Damage Only,Head on,Controlled,Straight and flat,City or Town Road,Bitumen(Tar),Dry,Not Applicable,Clear,VIJAYANAGAR,NEAR VIJAYANAGAR JUNCTION,0.5MTR,0.129738173,0.775384026,0,0,0.0,0.0
Bengaluru City,Vijayanagar Traffic PS,1.04432e+16,2018,1,3,Road Accidents,Narrow road,City/Town,Residential area,Human Error,Yes,Damage Only,Hit and Run,Not at  Junction,Straight and flat,City or Town Road,Bitumen(Tar),Dry,Not Applicable,Clear,BASAVESWARANAGAR,IN FRONT OF HOUSE NO127 7TH MAIN,0.5MTR,0.12989168,0.7753539,0,0,0.0,0.0
Bengaluru City,Vijayanagar Traffic PS,1.04432e+16,2018,1,1,Road Accidents,Narrow road,City/Town,At pedestrian Crossing,Human Error,Yes,Grievous Injury,Hit pedestrian,Not Applicable,Straight and flat,City or Town Road,Bitumen(Tar),Dry,Not Applicable,Clear,M C LAYOUT,IN FRONT OF A S R MARKETING,0.5MTR,0.129777293,0.775425413,0,0,0.0,0.0
Bengaluru City,Vijayanagar Traffic PS,1.04432e+16,2018,1,2,Road Accidents,Narrow road,City/Town,Residential area,Human Error,Yes,Simple Injury,Hit and Run,Uncontrolled,Straight and flat,City or Town Road,Bitumen(Tar),Dry,Not Applicable,Clear,KURUBHARAHALLI,NEAR ANNAPOORNA SWEETS,0.5MTR,0.129999866,0.775394554,0,0,0.0,0.0
Bengaluru City,Vijayanagar Traffic PS,1.04432e+16,2018,1,2,Road Accidents,Narrow road,City/Town,Residential area,Human Error,Yes,Damage Only,Hit and Run,Uncontrolled,Straight and flat,City or Town Road,Bitumen(Tar),Dry,Not Applicable,Clear,VIJAYANAGAR,5TH CROSS AND 12TH MAIN JUNCTION,0.5MTR,0.129705985,0.775389798,0,0,0.0,0.0
Bengaluru City,Vijayanagar Traffic PS,1.04432e+16,2018,1,2,Road Accidents,Narrow road,City/Town,Near office complex,Human Error,No,Fatal,Head on,Uncontrolled,Straight and flat,City or Town Road,Bitumen(Tar),Dry,Not Applicable,Clear,SIDDAIAHPURANIK ROAD,NEAR MAYA MEDICAL STORES,0.5MTR,0.12998364,0.775407905,0,0,0.0,0.0
Bengaluru City,Vijayanagar Traffic PS,1.04432e+16,2018,1,2,Road Accidents,Narrow road,City/Town,Residential area,Human Error,Yes,Simple Injury,Hit and Run,Not at  Junction,Straight and flat,City or Town Road,Bitumen(Tar),Dry,Not Applicable,Clear,NAGARABAVI MAIN ROAD,NEAR KAMADHENU HOSPITAL,0.5MTR,0.0,0.0,0,0,0.0,0.0
Bengaluru City,Vijayanagar Traffic PS,1.04432e+16,2018,1,1,Road Accidents,Narrow road,City/Town,At pedestrian Crossing,Human Error,Yes,Simple Injury,Hit pedestrian,Uncontrolled,Straight and flat,Residential Street,Bitumen(Tar),Dry,Not Applicable,Clear,NAGARABAVI MAIN ROAD,NEAR B P STORES,0.5MTR,0.12975868,0.77533117,0,0,0.0,0.0
Bengaluru City,Vijayanagar Traffic PS,1.04432e+16,2018,1,2,Road Accidents,Junction,City/Town,Residential area,Human Error,Yes,Simple Injury,Hit and Run,Uncontrolled,Straight and flat,City or Town Road,Bitumen(Tar),Dry,Not Applicable,Clear,BASAVESWARANAGAR,NEAR SHAKTHIGANAPATHINAGAR,0.5MTR,0.12592992,0.77321883,0,0,0.0,0.0
Bengaluru City,Vijayanagar Traffic PS,1.04432e+16,2018,1,1,Road Accidents,Narrow road,City/Town,At pedestrian Crossing,Human Error,No,Simple Injury,Hit pedestrian,Uncontrolled,Straight and flat,City or Town Road,Bitumen(Tar),Dry,Not Applicable,Clear,MAGADI MAIN ROAD,IN FRONT BHANU HOTEL,0.5MTR,0.129796669,0.775389384,0,0,0.0,0.0
Bengaluru City,Vijayanagar Traffic PS,1.04432e+16,2018,1,2,Road Accidents,Narrow road,City/Town,Residential area,Human Error,Yes,Simple Injury,Hit and Run,Uncontrolled,Straight and flat,City or Town Road,Bitumen(Tar),Dry,Not Applicable,Clear,BASAVESWARANAGAR,NEAR STATE BANK OF INDIA,0.5MTR,0.129896699,0.775379212,0,0,0.0,0.0