DISTRICTNAME,UNITNAME,Crime_No,Year,RI,Noofvehicle_involved,Accident_Classification,Accident_Spot,Accident_Location,Accident_SubLocation,Main_Cause,Hit_Run,Severity,Collision_Type,Junction_Control,Road_Character,Road_Type,Surface_Type,Surface_Condition,Road_Condition,Weather,Accident_Road,Landmark_first,Distance_LandMark_First,Latitude,Longitude,Road_Condition_Score,Surface_Condition_Score,Surface_Type_Score,Road_Risk_Index
Bengaluru City,Vijayanagar Traffic PS,1.04432e+16,2018,1,2,Road Accidents,Narrow road,City/Town,Near Bus stop,Human Error,No,Damage Only,Head on,Controlled,Straight and flat,City or Town Road,Bitumen(Tar),Dry,Not Applicable,Clear,VIJAYANAGAR,NEAR VIJAYANAGAR JUNCTION,0.5MTR,0.129729345,0.775389227,0,0,0.0,0.0
Bengaluru City,Vijayanagar Traffic PS,1.04432e+16,2018,1,2,Road Accidents,Narrow road,City/Town,Residential area,Not Applicable,Yes,Simple Injury,Hit and Run,Uncontrolled,Straight and flat,City or Town Road,Bitumen(Tar),Dry,Not Applicable,Clear,PATTEGARAPALYA,IN FRONT OF SRI KRISHNA BHAVAN HOTEL,0.5MTR,0.129762947,0.775276975,0,0,0.0,0.0
Bengaluru City,Vijayanagar Traffic PS,1.04432e+16,2018,1,2,Road Accidents,Narrow road,City/Town,Near Bus stop,Human Error,Yes,Simple Injury,Hit and Run,Controlled,Straight and flat,City or Town Road,Bitumen(Tar),Dry,Not Applicable,Clear,BASAVESWARANAGAR 1ST MAIN ROAD,SHAYAN VEG HOTEL,0.5MTR,0.129844979,0.775483344,0,0,0.0,0.0
Bengaluru City,Vijayanagar Traffic PS,1.04432e+16,2018,1,1,Road Accidents,Narrow road,City/Town,At pedestrian Crossing,Human Error,No,Simple Injury,Hit pedestrian,Uncontrolled,Straight and flat,City or Town Road,Bitumen(Tar),Dry,Drainage Ditch,Clear,8TH MAIN BASAVESWARANAGAR,NEAR JANATHBAZAR,0.5MTR,0.129913079,0.775403583,4,0,0.0,4.0
Bengaluru City,Vijayanagar Traffic PS,1.04432e+16,2018,1,1,Road Accidents,Narrow road,City/Town,At pedestrian Crossing,Not Applicable,Yes,Simple Injury,Hit pedestrian,Uncontrolled,Straight and flat,City or Town Road,Bitumen(Tar),Dry,Not Applicable,Clear,R P C LAYOUT,2ND MAIN ROAD,0.5MTR,0.12965961,0.77541989,0,0,0.0,0.0
Bengaluru City,Vijayanagar Traffic PS,1.04432e+16,2018,1,2,Road Accidents,Junction,City/Town,Residential area,Human Error,No,Damage Only,Head on,Controlled,Straight and flat,City or Town Road,Bitumen(Tar),Dry,Not Applicable,Clear,MAGADI MAIN ROAD,NEAR M C CIRCLE JUNCTION,0.5MTR,0.12975148,0.77548325,0,0,0.0,0.0
Bengaluru City,Vijayanagar Traffic PS,1.04432e+16,2018,1,2,Road Accidents,Narrow road,City/Town,Residential area,Human Error,Yes,Damage Only,Hit and Run,Not Applicable,Straight and flat,City or Town Road,Bitumen(Tar),Dry,Not Applicable,Clear,MOODALPALYA,SANJEEVININAGAR HOUSE NO 12,0.5MTR,0.129705023,0.775224912,0,0,0.0,0.0
Bengaluru City,Vijayanagar Traffic PS,1.04432e+16,2018,1,2,Road Accidents,Junction,City/Town,Residential area,Human Error,No,Damage Only,Head on,Uncontrolled,Straight and flat,City or Town Road,Bitumen(Tar),Dry,Not Applicable,Clear,VIJAYANAGAR,2ND MAIN ROAD AND 2ND CROSS JUNCTION,0.5MTR,0.129209486,0.775557297,0,0,0.0,0.0
Bengaluru City,Vijayanagar Traffic PS,1.04432e+16,2018,1,2,Road Accidents,Narrow road,City/Town,Narrow bridge or culverts,Human Error,Yes,Damage Only,Head on,Uncontrolled,Straight and flat,City or Town Road,Bitumen(Tar),Dry,Not Applicable,Clear,MAGADI MAIN ROAD,NEAR KHB UNDERPASS,0.5MTR,0.129809811,0.775358772,0,0,0.0,0.0
Bengaluru City,Vijayanagar Traffic PS,1.04432e+16,2018,1,2,Road Accidents,Narrow road,City/Town,Near office complex,Human Error,Yes,Damage Only,Hit and Run,Uncontrolled,Straight and flat,City or Town Road,Bitumen(Tar),Dry,Not Applicable,Clear,MAGADI MAIN ROAD,NEAR K H B BUS STOP,0.5MTR,0.12981234,0.775354642,0,0,0.0,0.0
Bengaluru City,Vijayanagar Traffic PS,1.04432e+16,2018,1,2,Road Accidents,Narrow road,City/Town,Residential area,Human Error,Yes,Damage Only,Hit and Run,Uncontrolled,Straight and flat,City or Town Road,Bitumen(Tar),Dry,Not Applicable,Clear,PRASHANTHNAGAR,NEAR PRASHANTH GANAPATHI TEMPLE,0.5MTR,0.129768983,0.775310127,0,0,0.0,0.0
Bengaluru City,Vijayanagar Traffic PS,1.04432e+16,2018,1,1,Road Accidents,Narrow road,City/Town,At pedestrian Crossing,Human Error,Yes,Simple Injury,Hit and Run,Not Applicable,Straight and flat,City or Town Road,Bitumen(Tar),Dry,Not Applicable,Clear,MAGADI MAIN ROAD,NEAR DASARAHALLI BUS STOP,0.5MTR,0.1297896,0.775405861,0,0,0.0,0.0
Bengaluru City,Vijayanagar Traffic PS,1.04432e+16,2018,1,1,Road Accidents,Narrow road,City/Town,Near Bus stop,Human Error,Yes,Simple Injury,Others,Uncontrolled,Straight and flat,City or Town Road,Bitumen(Tar),Dry,Not Applicable,Clear,MANJUNATHNAGAR,FLAY OVER BUS STOP NEAR,0.5MTR,0.0,0.0,0,0,0.0,0.0
Bengaluru City,Vijayanagar Traffic PS,1.04432e+16,2018,1,1,Road Accidents,Narrow road,City/Town,At pedestrian Crossing,Human Error,Yes,Simple Injury,Hit pedestrian,Uncontrolled,Straight and flat,City or Town Road,Bitumen(Tar),Dry,Not Applicable,Clear,KOTHI PARK NEAR,BASAVESWARANAGAR,0.5MTR,0.1298987,0.77535659,0,0,0.0,0.0
Bengaluru City,Vijayanagar Traffic PS,1.04432e+16,2018,1,1,Road Accidents,Junction,City/Town,At pedestrian Crossing,Human Error,Yes,Fatal,Hit pedestrian,Controlled,Straight and flat,City or Town Road,Bitumen(Tar),Dry,Not Applicable,Clear,WEST OF CHORD ROAD,NEAR NATIONAL SCHOOL JUNCTION,0.5MTR,0.1298438,0.77549045,0,0,0.0,0.0
Bengaluru City,Vijayanagar Traffic PS,1.04432e+16,2018,1,2,Road Accidents,Narrow road,City/Town,Residential area,Human Error,Yes,Damage Only,Hit and Run,Uncontrolled,Straight and flat,City or Town Road,Bitumen(Tar),Dry,Not Applicable,Clear,MARENHALLI,K G S LAYOUT 2ND MAIN ROAD,0.5MTR,0.12968768,0.775301769,0,0,0.0,0.0
Bengaluru City,Vijayanagar Traffic PS,1.04432e+16,2018,1,2,Road Accidents,Narrow road,City/Town,Residential area,Human Error,Yes,Simple Injury,Hit and Run,Uncontrolled,Straight and flat,City or Town Road,Bitumen(Tar),Dry,Not Applicable,Clear,PATTEGARAPALYA,NEAR KARNATAKA BANK,0.5MTR,0.129762792,0.775298511,0,0,0.0,0.0
Bengaluru City,Vijayanagar Traffic PS,1.04432e+16,2018,1,1,Road Accidents,Narrow road,City/Town,Near Bus stop,Human Error,Yes,Simple Injury,Others,Controlled,Straight and flat,City or Town Road,Bitumen(Tar),Dry,Not Applicable,Clear,WEST OF CHORD ROAD,NEAR SHIVANAHALLI JUNCTION,0.5MTR,0.12592136,0.77330231,0,0,0.0,0.0
Bengaluru City,Vijayanagar Traffic PS,1.04432e+16,2018,1,1,Road Accidents,Narrow road,City/Town,At pedestrian Crossing,Not Applicable,Yes,Simple Injury,Hit and Run,Uncontrolled,Straight and flat,City or Town Road,Bitumen(Tar),Dry,Not Applicable,Clear,KURUBHARAHALLI,NEAR VENKATESHWARA JUCE CENTRE,0.5MTR,0.130007972,0.775359262,0,0,0.0,0.0
Bengaluru City,Vijayanagar Traffic PS,1.04432e+16,2018,1,2,Road Accidents,Narrow road,City/Town,Residential area,Human Error,No,Simple Injury,Head on,Uncontrolled,Straight and flat,City or Town Road,Bitumen(Tar),Dry,Not Applicable,Clear,nagarabavi main road,4D DIOGOSTIC CENTRE,0.5MTR,0.129754166,0.775416805,0,0,0.0,0.0
Bengaluru City,Vijayanagar Traffic PS,1.04432e+16,2018,1,2,Road Accidents,Narrow road,City/Town,Residential area,Not Applicable,Yes,Simple Injury,Hit and Run,Uncontrolled,Straight and flat,City or Town Road,Bitumen(Tar),Dry,Not Applicable,Clear,PATTEGARAPALYA,IN FRONT BALAJI SERVICE CENTRE,0.5MTR,0.129765967,0.775224466,0,0,0.0,0.0
Bengaluru City,Vijayanagar Traffic PS,1.04432e+16,2018,1,2,Road Accidents,Narrow road,City/Town,Residential area,Human Error,Yes,Simple Injury,Hit and Run,Uncontrolled,Straight and flat,City or Town Road,Bitumen(Tar),Dry,Not Applicable,Clear,VIJAYANAGAR,7TH MAIN AND 5TH CROSS JUNCTION,0.5MTR,0.129711942,0.775405717,0,0,0.0,0.0
Bengaluru City,Vijayanagar Traffic PS,1.04432e+16,2018,1,1,Road Accidents,Junction,City/Town,At pedestrian Crossing,Human Error,Yes,Grievous Injury,Hit pedestrian,Uncontrolled,Straight and flat,City or Town Road,Bitumen(Tar),Dry,Not Applicable,Clear,HOSHALLI,2ND MAIN AND 6TH CROSS JUNCTION,0.5MTR,0.129699619,0.775437812,0,0,0.0,0.0
Bengaluru City,Vijayanagar Traffic PS,1.04432e+16,2018,1,2,Road Accidents,Junction,City/Town,Residential area,Human Error,No,Grievous Injury,Head on,Uncontrolled,Straight and flat,City or Town Road,Bitumen(Tar),Dry,Not Applicable,Clear,M C LAYOUT,8TH CROSS AND 5TH MAIN JUNCTION,0.5MTR,0.129753736,0.775421855,0,0,0.0,0.0
Bengaluru City,Vijayanagar Traffic PS,1.04432e+16,2018,1,1,Road Accidents,Narrow road,City/Town,At pedestrian Crossing,Human Error,No,Simple Injury,Hit pedestrian,Not Applicable,Straight and flat,City or Town Road,Bitumen(Tar),Dry,Not Applicable,Clear,MODHI ROAD,IN FRONT OF REALIANCE FRESH,0.5MTR,0.129975256,0.775484196,0,0,0.0,0.0
Bengaluru City,Vijayanagar Traffic PS,1.04432e+16,2018,1,1,Road Accidents,Narrow road,City/Town,Residential area,Human Error,Yes,Grievous Injury,Hit pedestrian,Not at  Junction,Straight and flat,City or Town Road,Bitumen(Tar),Dry,Not Applicable,Clear,BASAVESWARANAGAR,NEAR SIDDAGANGA TOURS AND TRAVELS,0.5MTR,12.986427,77.549341,0,0,0.0,0.0
Bengaluru City,Vijayanagar Traffic PS,1.04432e+16,2019,1,2,Road Accidents,Not Applicable,City/Town,Residential area,Human Error,Yes,Damage Only,Hit and Run,Not Applicable,Straight and flat,City or Town Road,Bitumen(Tar),Dry,Not Applicable,Clear,RPC LAYOUT,IN FRONT OF HOUSE NO 1080 10TH MAIN,0.5MTR,0.129552419,0.775365351,0,0,0.0,0.0
Bengaluru City,Vijayanagar Traffic PS,1.04432e+16,2019,1,4,Road Accidents,Junction,City/Town,Residential area,Human Error,Yes,Grievous Injury,Hit and Run,Uncontrolled,Straight and flat,City or Town Road,Bitumen(Tar),Dry,Not Applicable,Clear,M C LAYOUT,NEAR NAVEEN PARK,0.5MTR,0.129753645,0.775421765,0,0,0.0,0.0
Bengaluru City,Vijayanagar Traffic PS,1.04432e+16,2019,1,2,Road Accidents,Narrow road,City/Town,Residential area,Human Error,Yes,Grievous Injury,Hit and Run,Not Applicable,Straight and flat,City or Town Road,Bitumen(Tar),Dry,Not Applicable,Clear,SARSWATHINAGAR,IN FRONT OF HOUSE NO 371,0.5MTR,0.129715226,0.77528109,0,0,0.0,0.0
Bengaluru City,Vijayanagar Traffic PS,1.04432e+16,2019,1,2,Road Accidents,Narrow road,City/Town,Residential area,Human Error,Yes,Grievous Injury,Head on,Uncontrolled,Straight and flat,City or Town Road,Bitumen(Tar),Dry,Not Applicable,Clear,SIDDAIAHPURANIK ROAD,IN FRONT OF MAHALAKSHMI MEDICALS,0.5MTR,0.129940607,0.775393283,0,0,0.0,0.0
Bengaluru City,Vijayanagar Traffic PS,1.04432e+16,2019,1,2,Road Accidents,Narrow road,City/Town,Near Bus stop,Human Error,No,Damage Only,Head on,Not at  Junction,Straight and flat,City or Town Road,Bitumen(Tar),Dry,Not Applicable,Clear,WEST OF CHORD ROAD,OPP K E B POWERHOUSE,0.5MTR,0.12992834,0.775511612,0,0,0.0,0.0
Bengaluru City,Vijayanagar Traffic PS,1.04432e+16,2019,1,1,Road Accidents,Narrow road,City/Town,Residential area,Human Error,Yes,Grievous Injury,Hit pedestrian,Not at  Junction,Not Applicable,City or Town Road,Bitumen(Tar),Dry,Not Applicable,Clear,PIPELINE VIJAYANAGAR,IN FRONT OF MANJUNATH BAKERY,0.5MTR,0.129644111,0.775435793,0,0,0.0,0.0
Bengaluru City,Vijayanagar Traffic PS,1.04432e+16,2019,1,2,Road Accidents,Narrow road,City/Town,Residential area,Human Error,Yes,Damage Only,Vehicle to Vehicle,Not at  Junction,Straight and flat,Residential Street,Bitumen(Tar),Dry,Not Applicable,Clear,VIJAYANAGAR,INFRON VIJAYNAGAR FIRST GRADE GOVT COLLEGE,0.5MTR,0.12966562,0.77539682,0,0,0.0,0.0
Bengaluru City,Vijayanagar Traffic PS,1.04432e+16,2019,1,1,Road Accidents,Narrow road,City/Town,Residential area,Human Error,No,Grievous Injury,Not Applicable,Not Applicable,Straight and flat,Residential Street,Bitumen(Tar),Dry,Not Applicable,Clear,BASAVESWARANAGAR,INFRONT OF VISHNUVARDHAN STATUE THIMMAIAHROAD,0.5MTR,0.12991277,0.77546071,0,0,0.0,0.0
Bengaluru City,Vijayanagar Traffic PS,1.04432e+16,2019,1,2,Road Accidents,Narrow road,City/Town,Residential area,Human Error,Yes,Simple Injury,Vehicle to Vehicle,Not at  Junction,Straight and flat,Residential Street,Bitumen(Tar),Dry,Not Applicable,Clear,BASAVESWARANAGAR,INFRONT OF GOKUL HOTEL GANAGATHIMMAIAH ROAD,0.5MTR,0.12986151,0.77543799,0,0,0.0,0.0
Bengaluru City,Vijayanagar Traffic PS,1.04432e+16,2019,1,1,Road Accidents,Narrow road,City/Town,Open area,Human Error,Yes,Fatal,Hit pedestrian,Not at  Junction,Straight and flat,Others,Bitumen(Tar),Dry,Not Applicable,Clear,NAGARBHAVI MAINROAD,NEAR SURYA BAKERY NEAR KAMADHENU HOSPITAL,0.5M,0.12975533,0.77535454,0,0,0.0,0.0
Bengaluru City,Vijayanagar Traffic PS,1.04432e+16,2019,1,2,Road Accidents,Narrow road,City/Town,Residential area,Human Error,Yes,Simple Injury,Hit and Run,Not at  Junction,Straight and flat,City or Town Road,Bitumen(Tar),Dry,Not Applicable,Clear,VIJAYANAGAR,2ND CROSS AND 9TH MAIN JUNCTION,0.5MTR,0.129675497,0.775438699,0,0,0.0,0.0
Bengaluru City,Vijayanagar Traffic PS,1.04432e+16,2019,1,2,Road Accidents,Junction,City/Town,Near Petrol Pump,Human Error,Yes,Grievous Injury,Head on,Controlled,Straight and flat,City or Town Road,Bitumen(Tar),Dry,Not Applicable,Clear,MAGADI MAIN ROAD,M C CIRCLE JUNCTION,0.5MTR,0.129749126,0.775484488,0,0,0.0,0.0
Bengaluru City,Vijayanagar Traffic PS,1.04432e+16,2019,1,1,Road Accidents,Cross roads,City/Town,At pedestrian Crossing,Human Error,No,Grievous Injury,Hit pedestrian,Not Applicable,Straight and flat,City or Town Road,Bitumen(Tar),Dry,Not Applicable,Clear,BEHIND BALAJI RECIDENCY,MANJUNATHNAGAR,0.5MTR,0.129972133,0.77549983,0,0,0.0,0.0
Bengaluru City,Vijayanagar Traffic PS,1.04432e+16,2019,1,1,Road Accidents,Narrow road,City/Town,Residential area,Human Error,Yes,Simple Injury,Hit pedestrian,Not at  Junction,Straight and flat,Two way,Bitumen(Tar),Dry,Not Applicable,Clear,VIJAYANAGAR,UNDER ATTIGUPPE METRO STATION,0.5MTR,0.129620371,0.775337007,0,0,0.0,0.0
Bengaluru City,Vijayanagar Traffic PS,1.04432e+16,2019,1,3,Road Accidents,Narrow road,City/Town,Residential area,Not Applicable,Yes,Damage Only,Hit and Run,Not Applicable,Straight and flat,City or Town Road,Bitumen(Tar),Dry,Not Applicable,Clear,MARENHALLI,1ST MAIN ROAD,0.5MTR,0.125968597,0.775309266,0,0,0.0,0.0
Bengaluru City,Vijayanagar Traffic PS,1.04432e+16,2019,1,1,Road Accidents,Narrow road,City/Town,Open area,Human Error,Yes,Simple Injury,Hit pedestrian,Not at  Junction,Straight and flat,Others,Bitumen(Tar),Dry,Not Applicable,Clear,MOODALPALYA,INFRONT OF RELIANCE SVG NAGAR MAINROAD AND HUCHAPPA ROAD,0.5MTR,0.12971205,0.775250462,0,0,0.0,0.0
Bengaluru City,Vijayanagar Traffic PS,1.04432e+16,2019,1,1,Road Accidents,Junction,City/Town,Near Bus stop,Human Error,Yes,Simple Injury,Hit pedestrian,Controlled,Straight and flat,Others,Bitumen(Tar),Dry,Not Applicable,Clear,MAGADI MAIN ROAD,NEAR BUS BUS STOP JAIMUNIRAO CIRCLE,0.5MTR,0.129785598,0.775427981,0,0,0.0,0.0
Bengaluru City,Vijayanagar Traffic PS,1.04432e+16,2019,1,1,Road Accidents,Narrow road,City/Town,Residential area,Human Error,No,Simple Injury,Hit pedestrian,Not at  Junction,Straight and flat,Residential Street,Bitumen(Tar),Dry,Not Applicable,Clear,KURUBARAHALLI,NEAR LOTUS HOSPITAL,0.5MTR,0.13000426,0.77534262,0,0,0.0,0.0
Bengaluru City,Vijayanagar Traffic PS,1.04432e+16,2019,1,1,Road Accidents,Narrow road,City/Town,Residential area,Human Error,No,Grievous Injury,Not Applicable,Not at  Junction,Straight and flat,Residential Street,Bitumen(Tar),Dry,Not Applicable,Clear,BASAVESWARANAGAR,INFRONT OF HOUSE NO996 1ST MAINROAD 3RD STAGE 1ST BLOCK,0.5MTR,0.12993615,0.77540244,0,0,0.0,0.0
Bengaluru City,Vijayanagar Traffic PS,1.04432e+16,2019,1,2,Road Accidents,Narrow road,City/Town,Residential area,Human Error,Yes,Damage Only,Hit and Run,Not at  Junction,Straight and flat,City or Town Road,Bitumen(Tar),Dry,Not Applicable,Clear,KURUBHARAHALLI MAIN ROAD,IN FRONT OF SLN PHOTO FRAME WORKS,0.5MTR,0.129995566,0.775407187,0,0,0.0,0.0
Bengaluru City,Vijayanagar Traffic PS,1.04432e+16,2019,1,1,Road Accidents,Narrow road,City/Town,At pedestrian Crossing,Human Error,No,Fatal,Hit pedestrian,Not at  Junction,Straight and flat,City or Town Road,Bitumen(Tar),Dry,Not Applicable,Clear,WEST OF CHORD ROAD,IN FFRONT OF COFFEE DAY,0.5MTR,0.129740694,0.775460734,0,0,0.0,0.0
Bengaluru City,Vijayanagar Traffic PS,1.04432e+16,2019,1,2,Road Accidents,Junction,City/Town,Near Hospital,Human Error,Yes,Fatal,Head on,Uncontrolled,Straight and flat,City or Town Road,Bitumen(Tar),Dry,Not Applicable,Clear,WEST OF CHORD ROAD,NEAR GAYATHRI HOSPITAL JUNCTION,0.5MTR,0.129740665,0.775422036,0,0,0.0,0.0
Bengaluru City,Vijayanagar Traffic PS,1.04432e+16,2019,1,2,Road Accidents,Narrow road,City/Town,Residential area,Human Error,Yes,Grievous Injury,Hit and Run,Not Applicable,Straight and flat,City or Town Road,Bitumen(Tar),Dry,Not Applicable,Clear,PIPELINE VIJAYANAGAR,IN FRONT OF SGR CAR N BIKES,0.5MTR,0.129730951,0.775474021,0,0,0.0,0.0
Bengaluru City,Vijayanagar Traffic PS,1.04432e+16,2019,1,2,Road Accidents,Narrow road,City/Town,Near School or College,Human Error,No,Simple Injury,Vehicle to Vehicle,Uncontrolled,Straight and flat,Residential Street,Bitumen(Tar),Dry,Not Applicable,Clear,BASAVESWARANAGAR,NEAR CADAMBI SCHOOL,0.5MTR,0.1299379,0.77539291,0,0,0.0,0.0
Bengaluru City,Vijayanagar Traffic PS,1.04432e+16,2019,1,2,Road Accidents,Narrow road,City/Town,Open area,Human Error,Yes,Damage Only,Vehicle to Vehicle,Not at  Junction,Straight and flat,Others,Bitumen(Tar),Dry,Not Applicable,Clear,WEST OF CHORD ROAD,MODI BRIDGE UNDERPASS,0.5MTR,0.12997336,0.77550315,0,0,0.0,0.0
Bengaluru City,Vijayanagar Traffic PS,1.04432e+16,2019,1,1,Road Accidents,Narrow road,City/Town,Residential area,Human Error,No,Simple Injury,Not Applicable,Not at  Junction,Straight and flat,Others,Bitumen(Tar),Dry,Not Applicable,Clear,MAGADI MAIN ROAD,NEAR RP ASHRAYA KALYANA MANTAPPA,0.5MTR,0.12978808,0.77541458,0,0,0.0,0.0
Bengaluru City,Vijayanagar Traffic PS,1.04432e+16,2019,1,1,Road Accidents,Narrow road,City/Town,Residential area,Human Error,No,Simple Injury,Hit pedestrian,Not Applicable,Straight and flat,Residential Street,Bitumen(Tar),Dry,Not Applicable,Clear,VIJAYANAGAR,INFRONT OF HOUSE NO1022 3RD MAIN ROAD 4TH CROSS,0.5MTR,0.12973097,0.77542207,0,0,0.0,0.0
Bengaluru City,Vijayanagar Traffic PS,1.04432e+16,2019,1,2,Road Accidents,Narrow road,City/Town,Residential area,Human Error,No,Grievous Injury,Vehicle to Vehicle,Not at  Junction,Straight and flat,Two way,Bitumen(Tar),Dry,Not Applicable,Clear,PIPELINE VIJAYANAGAR,INFRONT OR BWWSB OFFICE NEAR TOLGATE,0.5MTR,0.1297456,0.77548139,0,0,0.0,0.0
Bengaluru City,Vijayanagar Traffic PS,1.04432e+16,2019,1,2,Road Accidents,Narrow road,City/Town,Residential area,Human Error,No,Damage Only,Vehicle to Vehicle,Not Applicable,Straight and flat,Residential Street,Bitumen(Tar),Dry,Not Applicable,Clear,MOODALPALYA,MOODALAPALYA CIRCLE,0.5MTR,0.129707728,0.775249453,0,0,0.0,0.0
Bengaluru City,Vijayanagar Traffic PS,1.04432e+16,2019,1,2,Road Accidents,Narrow road,City/Town,Residential area,Human Error,Yes,Simple Injury,Vehicle to Vehicle,Not at  Junction,Straight and flat,Residential Street,Bitumen(Tar),Dry,Not Applicable,Clear,BASAVESWARANAGAR,NEAR NAVAMI PARKVIEW APARTMENT 9TH MAINROAD BEMLLAYOUT,0.5MTR,0.129920901,0.77529735,0,0,0.0,0.0
Bengaluru City,Vijayanagar Traffic PS,1.04432e+16,2019,1,2,Road Accidents,Narrow road,City/Town,Residential area,Human Error,Yes,Simple Injury,Vehicle to Vehicle,Not Applicable,Straight and flat,Residential Street,Bitumen(Tar),Dry,Not Applicable,Cloudy,PATTEGARAPALYA MAINROAD,OPPOSITE SHASHI BAR PATTEGARAPALYA,0.5MTR,0.12976702,0.77521759,0,0,0.0,0.0
Bengaluru City,Vijayanagar Traffic PS,1.04432e+16,2019,1,2,Road Accidents,Narrow road,City/Town,Open area,Human Error,No,Grievous Injury,Vehicle to Vehicle,Not at  Junction,Straight and flat,Two way,Bitumen(Tar),Dry,Not Applicable,Clear,MODI HOSPITAL ROAD,INFRONT OF KADAMBA SAMRAT PARTY HALL,0.5,0.12997542,0.77545039,0,0,0.0,0.0
Bengaluru City,Vijayanagar Traffic PS,1.04432e+16,2019,1,1,Road Accidents,Not Applicable,City/Town,Residential area,Human Error,Yes,Simple Injury,Skidding or Self accident,Not Applicable,Straight and flat,City or Town Road,Bitumen(Tar),Dry,Not Applicable,Clear,BASAVESWARANAGAR 15TH MAIN ROAD,IN FRONT LILLIS BEAUTY PARLOOR,0.5MTR,0.129954998,0.775369314,0,0,0.0,0.0
Bengaluru City,Vijayanagar Traffic PS,1.04432e+16,2019,1,2,Road Accidents,Narrow road,City/Town,Residential area,Human Error,Yes,Grievous Injury,Hit and Run,Uncontrolled,Straight and flat,City or Town Road,Bitumen(Tar),Dry,Not Applicable,Clear,MC LAYOUT 14TH MAIN,INFRONT OF RV AUTO MOBILES,0.5MTR,0.129717095,0.775358019,0,0,0.0,0.0
Bengaluru City,Vijayanagar Traffic PS,1.04432e+16,2019,1,2,Road Accidents,Narrow road,City/Town,Residential area,Human Error,Yes,Grievous Injury,Vehicle to Vehicle,Not at  Junction,Straight and flat,Others,Bitumen(Tar),Dry,Not Applicable,Clear,BASAVESWARANAGAR,INFRONT OF ORRIAR BAKERY 8TH MAINROAD,0.5MTR,0.12991866,0.77536746,0,0,0.0,0.0
Bengaluru City,Vijayanagar Traffic PS,1.04432e+16,2019,1,1,Road Accidents,Junction,City/Town,At pedestrian Crossing,Human Error,No,Grievous Injury,Hit pedestrian,Controlled,Straight and flat,City or Town Road,Bitumen(Tar),Dry,Not Applicable,Clear,MAGADI MAIN ROAD,NEAR B S N L GODOWN K H B JUNCTION,0.5MTR,0.129818317,0.775338133,0,0,0.0,0.0
Bengaluru City,Vijayanagar Traffic PS,1.04432e+16,2019,1,1,Road Accidents,Junction,City/Town,At pedestrian Crossing,Human Error,Yes,Fatal,Hit pedestrian,Controlled,Straight and flat,Others,Bitumen(Tar),Dry,Not Applicable,Clear,MAGADI MAIN ROAD,NEAR JAIMUNIRAO CIRCLE JUNCTION,0.5MTR,0.12978517,0.77542625,0,0,0.0,0.0
Bengaluru City,Vijayanagar Traffic PS,1.04432e+16,2019,1,2,Road Accidents,Junction,City/Town,Residential area,Human Error,Yes,Damage Only,Head on,Uncontrolled,Straight and flat,City or Town Road,Bitumen(Tar),Dry,Not Applicable,Clear,KAMALANAGAR MAIN ROAD,2ND CROSS AND 2NF  MAIN JUNCTION,0.5MTR,0.129959708,0.775322597,0,0,0.0,0.0
Bengaluru City,Vijayanagar Traffic PS,1.04432e+16,2019,1,1,Road Accidents,Narrow road,City/Town,At pedestrian Crossing,Human Error,Yes,Grievous Injury,Hit pedestrian,Not Applicable,Not Applicable,City or Town Road,Bitumen(Tar),Dry,Not Applicable,Clear,BASAVESWARANAGAR,SIDDAIAHPURANIK ROAD,0.5MTR,12.9928918,77.5388837,0,0,0.0,0.0
Bengaluru City,Vijayanagar Traffic PS,1.04432e+16,2019,1,2,Road Accidents,Junction,City/Town,Residential area,Human Error,No,Simple Injury,Vehicle to Vehicle,Uncontrolled,Straight and flat,Residential Street,Bitumen(Tar),Dry,Not Applicable,Clear,VIJAYANAGAR,NEAR 2ND CROSS AND 9TH F MAIN ROAD JUNCTION,0.5MTR,0.12967895,0.775439715,0,0,0.0,0.0
Bengaluru City,Vijayanagar Traffic PS,1.04432e+16,2019,1,2,Road Accidents,Narrow road,City/Town,Residential area,Human Error,Yes,Simple Injury,Vehicle to Vehicle,Not Applicable,Straight and flat,Residential Street,Bitumen(Tar),Dry,Not Applicable,Clear,PATTEGARAPALYA,NEAR VISHNUVARDHANA PARK,0.5MTR,0.129762852,0.775298839,0,0,0.0,0.0
Bengaluru City,Vijayanagar Traffic PS,1.04432e+16,2019,1,1,Road Accidents,Narrow road,City/Town,Residential area,Human Error,No,Simple Injury,Hit pedestrian,Not at  Junction,Straight and flat,Residential Street,Bitumen(Tar),Dry,Not Applicable,Clear,WEST OF CHORD ROAD,NEAR FLOUR MILL 8TH MAINROAD MAHAGANAPATHYNAGAR,0.5MTR,0.1298687,0.77548018,0,0,0.0,0.0
Bengaluru City,Vijayanagar Traffic PS,1.04432e+16,2019,1,1,Road Accidents,Narrow road,City/Town,Residential area,Human Error,Yes,Grievous Injury,Hit pedestrian,Not at  Junction,Straight and flat,Others,Bitumen(Tar),Dry,Not Applicable,Clear,BASAVESWARANAGAR,INFRONT OF MACDONALD SIDDAIAH PURANIK ROAD,0.5MTR,0.12988585,0.77537567,0,0,0.0,0.0
Bengaluru City,Vijayanagar Traffic PS,1.04432e+16,2019,1,2,Road Accidents,Narrow road,City/Town,Residential area,Human Error,Yes,Simple Injury,Vehicle to Vehicle,Not at  Junction,Straight and flat,Residential Street,Bitumen(Tar),Dry,Not Applicable,Clear,PATTEGARAPALYA MAINROAD,INFRONT OF AGS GAS BUNK,0.5MTR,0.0,0.0,0,0,0.0,0.0
Bengaluru City,Vijayanagar Traffic PS,1.04432e+16,2019,1,2,Road Accidents,Junction,City/Town,Open area,Human Error,No,Simple Injury,Vehicle to Vehicle,Controlled,Straight and flat,Others,Bitumen(Tar),Dry,Not Applicable,Clear,WEST OF CHORD ROAD VIJAYANAGAR,NEAR HOSAHALL METRO P T JUNCTION,0.5MTR,0.129741952,0.77544737,0,0,0.0,0.0