DISTRICTNAME,UNITNAME,Crime_No,Year,RI,Noofvehicle_involved,Accident_Classification,Accident_Spot,Accident_Location,Accident_SubLocation,Main_Cause,Hit_Run,Severity,Collision_Type,Junction_Control,Road_Character,Road_Type,Surface_Type,Surface_Condition,Road_Condition,Weather,Accident_Road,Landmark_first,Distance_LandMark_First,Latitude,Longitude,Road_Condition_Score,Surface_Condition_Score,Surface_Type_Score,Road_Risk_Index
Bengaluru City,Vijayanagar Traffic PS,1.04432e+16,2022,1,2,Road Accidents,Junction,City/Town,Open area,Human Error,No,Simple Injury,Vehicle to Vehicle,Controlled,Others,Others,Not Applicable,Others,Not Applicable,Clear,MC CERCLE JUNCTION,MAGADI  MAIN ROAD,1.5 KM,12.9749878,77.5483643,0,1,0.0,1.0
Bengaluru City,Vijayanagar Traffic PS,1.04432e+16,2022,1,2,Road Accidents,Narrow road,City/Town,Residential area,Human Error,Yes,Simple Injury,Vehicle to Vehicle,Not at  Junction,Straight and flat,Residential Street,Bitumen(Tar),Dry,Not Applicable,Clear,VIJAYANAGAR PIPELINE ROAD,INFRONT OF DARSHAN BAR,25M,12.971417,77.546941,0,0,0.0,0.0
Bengaluru City,Vijayanagar Traffic PS,1.04432e+16,2022,1,2,Road Accidents,Narrow road,City/Town,Residential area,Human Error,No,Fatal,Vehicle to Vehicle,Not at  Junction,Straight and flat,Residential Street,Bitumen(Tar),Dry,Not Applicable,Clear,KAVERILAYOUT 6TH CROSS,INFRONT OF V S ENTERPRISES,25M,12.973935,77.527845,0,0,0.0,0.0
Bengaluru City,Vijayanagar Traffic PS,1.04432e+16,2022,1,2,Road Accidents,Narrow road,City/Town,Residential area,Human Error,No,Damage Only,Vehicle to Vehicle,Not at  Junction,Straight and flat,Residential Street,Bitumen(Tar),Dry,Not Applicable,Clear,HAMPINAGAR,10TH MAINROAD,25M,12.957823,77.5535401,0,0,0.0,0.0
Bengaluru City,Vijayanagar Traffic PS,1.04432e+16,2022,1,1,Road Accidents,Narrow road,City/Town,Residential area,Human Error,Yes,Simple Injury,Hit pedestrian,Not at  Junction,Straight and flat,Residential Street,Bitumen(Tar),Dry,Not Applicable,Clear,1ST MAINROAD KAMALANAGAR,1ST MAINROAD SHAKTHIGANAPATHINAGAR,25M,12.995015,77.534292,0,0,0.0,0.0
Bengaluru City,Vijayanagar Traffic PS,1.04432e+16,2022,1,1,Road Accidents,Narrow road,City/Town,Open area,Human Error,Yes,Simple Injury,Hit pedestrian,Not at  Junction,Straight and flat,Two way,Bitumen(Tar),Dry,Not Applicable,Clear,MAGADI MAINROAD,INFRONT OF THIRUMALA CAR SHOWROOM,25M,12.979554,77.539156,0,0,0.0,0.0
Bengaluru City,Vijayanagar Traffic PS,1.04432e+16,2022,1,1,Not Applicable,Narrow road,City/Town,Near a religious place,Human Error,Yes,Simple Injury,Hit pedestrian,Not Applicable,Straight and flat,Others,Bitumen(Tar),Dry,Not Applicable,Clear,SUBBANNA GARDEN MAIN ROAD,ANJANADRI PROVISION STORE,25,0.0,0.0,0,0,0.0,0.0
Bengaluru City,Vijayanagar Traffic PS,1.04432e+16,2022,1,2,Road Accidents,Cross roads,City/Town,Near School or College,Human Error,Yes,Grievous Injury,Vehicle to Vehicle,Not Applicable,Straight and flat,Two way,Bitumen(Tar),Dry,Not Applicable,Clear,04TH CROSS RPC LAYOUT,HAMPINAGAR POST OFFICR,25 F,12.959523,77.536423,0,0,0.0,0.0
Bengaluru City,Vijayanagar Traffic PS,1.04432e+16,2022,1,1,Road Accidents,Narrow road,City/Town,Residential area,Not Applicable,Yes,Grievous Injury,Hit pedestrian,Not Applicable,Not Applicable,Arterial,Bitumen(Tar),Others,Not Applicable,Clear,SHARADA COLONY MAIN ROAD,NEAR SIMHA JUWELERS,03 MET,12.98805,77.536408,0,1,0.0,1.0
Bengaluru City,Vijayanagar Traffic PS,1.04432e+16,2022,1,2,Road Accidents,Narrow road,City/Town,Open area,Human Error,Yes,Grievous Injury,Vehicle to Vehicle,Uncontrolled,Straight and flat,Others,Bitumen(Tar),Others,Not Applicable,Clear,4TH CROSS ROAD,SCHOOL,1 KM,0.0,0.0,0,1,0.0,1.0
Bengaluru City,Vijayanagar Traffic PS,1.04432e+16,2022,1,3,Road Accidents,Narrow road,City/Town,Residential area,Not Applicable,Not Applicable,Grievous Injury,Vehicle to Vehicle,Uncontrolled,Others,Residential Street,Bitumen(Tar),Dry,Not Applicable,Clear,THIMMAIAH ROAD,NEAR GANGA STEEL CORPORATION SHOP,02 MET,12.992579,77.545905,0,0,0.0,0.0
Bengaluru City,Vijayanagar Traffic PS,1.04432e+16,2022,1,1,Road Accidents,Narrow road,City/Town,Residential area,Human Error,Yes,Simple Injury,Hit pedestrian,Not at  Junction,Straight and flat,Residential Street,Bitumen(Tar),Dry,Not Applicable,Clear,PATTEGARAPALYA MAINROAD,NEAR K M TAILOR SHOP,25M,0.129770615,0.775196151,0,0,0.0,0.0
Bengaluru City,Vijayanagar Traffic PS,1.04432e+16,2022,1,1,Road Accidents,Cross roads,City/Town,Residential area,Human Error,No,Simple Injury,Not Applicable,Not at  Junction,Straight and flat,Residential Street,Bitumen(Tar),Dry,Not Applicable,Clear,MANJUNATHANAGAR,NEAR GOWTHAM COLLEGE,25M,12.9960787,77.5475436,0,0,0.0,0.0
Bengaluru City,Vijayanagar Traffic PS,1.04432e+16,2022,1,3,Road Accidents,Narrow road,City/Town,Residential area,Human Error,No,Simple Injury,Vehicle to Vehicle,Not at  Junction,Straight and flat,Residential Street,Bitumen(Tar),Dry,Not Applicable,Clear,"8TH MAIN CHBS LYT, VIJAYANAGAR",INFRONT OF VANITHA CHILDCARE,25M,12.974184,77.535152,0,0,0.0,0.0
Bengaluru City,Vijayanagar Traffic PS,1.04432e+16,2022,1,1,Road Accidents,Narrow road,City/Town,Open area,Human Error,No,Simple Injury,Hit pedestrian,Not at  Junction,Straight and flat,Two way,Bitumen(Tar),Dry,Not Applicable,Clear,MAGADI MAINROAD,NEAR AMBIKA ELECTRICALS INFRONT OF KANTHI SWEETS,25M,12.978111,77.544582,0,0,0.0,0.0
Bengaluru City,Vijayanagar Traffic PS,1.04432e+16,2022,1,1,Road Accidents,Narrow road,City/Town,Open area,Human Error,No,Fatal,Not Applicable,Not at  Junction,Others,Two way,Bitumen(Tar),Dry,Not Applicable,Clear,MAGADI MAINROAD,INFRONT OF RAHEJA APARTMENT,25M,12.979666,77.53923,0,0,0.0,0.0
Bengaluru City,Vijayanagar Traffic PS,1.04432e+16,2022,1,2,Road Accidents,Junction,City/Town,Open area,Human Error,Yes,Grievous Injury,Vehicle to Vehicle,Uncontrolled,Others,Others,Bitumen(Tar),Dry,Not Applicable,Clear,MAGADI MAIN ROAD,MAGADI MAIN ROAD,2.5 KM,12.978613,77.54884,0,0,0.0,0.0
Bengaluru City,Vijayanagar Traffic PS,1.04432e+16,2022,1,2,Road Accidents,Curves,City/Town,Residential area,Human Error,Yes,Grievous Injury,Vehicle to Vehicle,Uncontrolled,Straight and flat,Others,Bitumen(Tar),Others,Not Applicable,Clear,MAIN ROAD,SIDDAIAH PURANIK ROAD,2 KM,12.997399,77.540499,0,1,0.0,1.0
Bengaluru City,Vijayanagar Traffic PS,1.04432e+16,2022,1,2,Road Accidents,Junction,City/Town,Open area,Human Error,No,Grievous Injury,Vehicle to Vehicle,Uncontrolled,Others,Others,Bitumen(Tar),Others,Not Applicable,Clear,vijayanagar,vijayanagar,2 kms,12.967689,77.535534,0,1,0.0,1.0
Bengaluru City,Vijayanagar Traffic PS,1.04432e+16,2022,1,1,Road Accidents,Junction,City/Town,Residential area,Human Error,Yes,Grievous Injury,Hit bicyclist,Uncontrolled,Straight and flat,Residential Street,Bitumen(Tar),Dry,Not Applicable,Clear,BASAVESHWAR NAGAR,BEML LAYOUT,4 KM,12.993943,77.529936,0,0,0.0,0.0
Bengaluru City,Vijayanagar Traffic PS,1.04432e+16,2022,1,1,Road Accidents,Narrow road,City/Town,Residential area,Human Error,Yes,Simple Injury,Hit pedestrian,Not at  Junction,Straight and flat,Residential Street,Bitumen(Tar),Dry,Not Applicable,Clear,NAGARBHAVI MAINROAD,NEAR SBI BANK MC LAYOUT,25M,12.9757386,77.5380791,0,0,0.0,0.0
Bengaluru City,Vijayanagar Traffic PS,1.04432e+16,2022,1,2,Road Accidents,Not Applicable,City/Town,Residential area,Human Error,Yes,Grievous Injury,Vehicle to Vehicle,Uncontrolled,Straight and flat,Others,Bitumen(Tar),Not Applicable,Not Applicable,Clear,basaveshwar nagar 8th main,basaveshwar nagar,3 km,12.9912028,77.5411029,0,0,0.0,0.0
Bengaluru City,Vijayanagar Traffic PS,1.04432e+16,2022,1,2,Road Accidents,Not Applicable,City/Town,Open area,Human Error,No,Grievous Injury,Vehicle to Vehicle,Controlled,Straight and flat,Two way,Bitumen(Tar),Dry,Not Applicable,Clear,main road,tree,2 km,12.973005,77.538498,0,0,0.0,0.0
Bengaluru City,Vijayanagar Traffic PS,1.04432e+16,2022,1,1,Road Accidents,Narrow road,City/Town,Residential area,Human Error,Yes,Simple Injury,Hit pedestrian,Not at  Junction,Straight and flat,Residential Street,Bitumen(Tar),Dry,Not Applicable,Clear,PATTEGARAPALYA MAINROAD,NEAR IYENGAR BAKERY,25M,12.9762904,77.5270354,0,0,0.0,0.0
Bengaluru City,Vijayanagar Traffic PS,1.04432e+16,2022,1,1,Road Accidents,Junction,City/Town,Open area,Human Error,No,Fatal,Hit pedestrian,Uncontrolled,Straight and flat,Others,Bitumen(Tar),Dry,Not Applicable,Clear,"MAGADI ROAD,",1ST CROSS MC LAYOUT,25M,12.9774336,77.5457136,0,0,0.0,0.0
Bengaluru City,Vijayanagar Traffic PS,1.04432e+16,2022,1,1,Road Accidents,Narrow road,City/Town,Residential area,Human Error,No,Simple Injury,Not Applicable,Not at  Junction,Straight and flat,Residential Street,Bitumen(Tar),Dry,Not Applicable,Clear,"WEST OF CHORD ROAD, VIJAYANAGAR",SHANKARNAG AUTO STAND NEAR,25M,0.0,0.0,0,0,0.0,0.0
Bengaluru City,Vijayanagar Traffic PS,1.04432e+16,2022,1,4,Road Accidents,Narrow road,City/Town,Residential area,Human Error,No,Simple Injury,Vehicle to Vehicle,Not at  Junction,Straight and flat,Residential Street,Bitumen(Tar),Dry,Not Applicable,Clear,PATTEGARAPALYA MAINROAD,NEAR HP PETROL BUNK,25M,12.976621,77.522169,0,0,0.0,0.0
Bengaluru City,Vijayanagar Traffic PS,1.04432e+16,2022,1,1,Road Accidents,Narrow road,City/Town,Residential area,Human Error,Yes,Simple Injury,Hit pedestrian,Not at  Junction,Straight and flat,Residential Street,Bitumen(Tar),Dry,Not Applicable,Clear,KAMALANAGAR,1ST MAINROAD AND 1ST CROSS JUNCTION,25M,12.995686,77.534294,0,0,0.0,0.0
Bengaluru City,Vijayanagar Traffic PS,1.04432e+16,2022,1,2,Road Accidents,Cross roads,City/Town,Residential area,Human Error,No,Simple Injury,Vehicle to Vehicle,Police / Manual,Straight and flat,Residential Street,Bitumen(Tar),Dry,Not Applicable,Clear,PATTEGARAPALYA,NEAR SAINT PAUL SCHOOL,25M,12.977189,77.526202,0,0,0.0,0.0
Bengaluru City,Vijayanagar Traffic PS,1.04432e+16,2022,1,1,Road Accidents,Narrow road,City/Town,Near Bus stop,Human Error,No,Simple Injury,Hit pedestrian,Not at  Junction,Straight and flat,Two way,Bitumen(Tar),Dry,Not Applicable,Clear,MAGADI MAINROAD,NEAR AGRAHARA DASARAHALLI BUS STOP,25M,12.978496,77.542966,0,0,0.0,0.0
Bengaluru City,Vijayanagar Traffic PS,1.04432e+16,2022,1,2,Road Accidents,Narrow road,City/Town,Open area,Human Error,Yes,Simple Injury,Vehicle to Vehicle,Not at  Junction,Straight and flat,Two way,Bitumen(Tar),Dry,Not Applicable,Clear,MODI HOSPITAL ROAD,NEAR LE ARABIA HOTEL,25M,12.9985132,77.5424635,0,0,0.0,0.0
Bengaluru City,Vijayanagar Traffic PS,1.04432e+16,2022,1,2,Road Accidents,Junction,City/Town,Residential area,Human Error,No,Simple Injury,Vehicle to Vehicle,Uncontrolled,Straight and flat,Residential Street,Bitumen(Tar),Dry,Not Applicable,Clear,VIJAYANAGAR 1ST MAIN ROAD AND 3RD CROSS,NEAR J M TAILORS,25M,12.973114,77.544405,0,0,0.0,0.0
Bengaluru City,Vijayanagar Traffic PS,1.04432e+16,2022,1,2,Road Accidents,Narrow road,City/Town,Residential area,Human Error,Yes,Simple Injury,Vehicle to Vehicle,Uncontrolled,Straight and flat,Residential Street,Bitumen(Tar),Dry,Not Applicable,Clear,BASAVESHWARANAGAR,NEAR KANTHI SWEETS,25M,12.993493,77.539077,0,0,0.0,0.0
Bengaluru City,Vijayanagar Traffic PS,1.04432e+16,2022,1,1,Road Accidents,Not Applicable,City/Town,Near Bus stop,Human Error,No,Grievous Injury,Hit pedestrian,Not at  Junction,Straight and flat,Others,Bitumen(Tar),Dry,Not Applicable,Clear,WEST OF CHORD ROAD,BMTC TTMC ENTRANCE GATE,25M,0.0,0.0,0,0,0.0,0.0
Bengaluru City,Vijayanagar Traffic PS,1.04432e+16,2022,1,2,Road Accidents,Narrow road,City/Town,Near Bus stop,Human Error,No,Grievous Injury,Vehicle to Vehicle,Not Applicable,Straight and flat,One way,Bitumen(Tar),Dry,Not Applicable,Clear,MARUTHI MANDIRA JUNCTION,MARUTHI MANDIRA,25,12.967528,77.536256,0,0,0.0,0.0
Bengaluru City,Vijayanagar Traffic PS,1.04432e+16,2022,1,1,Road Accidents,Narrow road,City/Town,Residential area,Human Error,Yes,Simple Injury,Hit pedestrian,Not at  Junction,Straight and flat,Residential Street,Bitumen(Tar),Dry,Not Applicable,Clear,SUBBANNA GARDEN VIJAYANAGAR,NEAR NANDHINI MILK PARLOUR,25M,12.9646823,77.5337248,0,0,0.0,0.0
Bengaluru City,Vijayanagar Traffic PS,1.04432e+16,2022,1,3,Road Accidents,Narrow road,City/Town,Open area,Human Error,No,Simple Injury,Vehicle to Vehicle,Not at  Junction,Straight and flat,Two way,Bitumen(Tar),Dry,Not Applicable,Clear,MAGADI MAIN ROAD,NEAR RELIANCE SMART POINT,25M,12.9782546,77.5438062,0,0,0.0,0.0
Bengaluru City,Vijayanagar Traffic PS,1.04432e+16,2022,1,2,Road Accidents,Junction,City/Town,Open area,Human Error,Yes,Grievous Injury,Vehicle to Vehicle,Controlled,Straight and flat,Major District Road,Bitumen(Tar),Others,Not Applicable,Clear,woc road,accident spot,405 km,12.990156,77.550686,0,1,0.0,1.0
Bengaluru City,Vijayanagar Traffic PS,1.04432e+16,2022,1,1,Not Applicable,Narrow road,City/Town,Open area,Human Error,Yes,Grievous Injury,Hit pedestrian,Controlled,Straight and flat,Two way,Bitumen(Tar),Not Applicable,Not Applicable,Clear,TREE,TREE,4 KM,0.0,0.0,0,0,0.0,0.0
Bengaluru City,Vijayanagar Traffic PS,1.04432e+16,2022,1,2,Road Accidents,Junction,City/Town,Open area,Human Error,No,Simple Injury,Vehicle to Vehicle,Controlled,Straight and flat,Two way,Bitumen(Tar),Dry,Not Applicable,Clear,BASAVESHWARANAGAR,SHANKARMUTT JUNCTION,25M,0.12999423,0.77541108,0,0,0.0,0.0
Bengaluru City,Vijayanagar Traffic PS,1.04432e+16,2022,1,2,Road Accidents,Narrow road,City/Town,Residential area,Human Error,Yes,Simple Injury,Vehicle to Vehicle,Not at  Junction,Straight and flat,Others,Bitumen(Tar),Dry,Not Applicable,Clear,KURUBARAHALLI PIPELINE ROAD,NEAR SHIVA TEMPLE,25M,12.999588,77.530543,0,0,0.0,0.0
Bengaluru City,Vijayanagar Traffic PS,1.04432e+16,2022,1,2,Road Accidents,Narrow road,City/Town,Open area,Human Error,Yes,Simple Injury,Vehicle to Vehicle,Not at  Junction,Straight and flat,Residential Street,Bitumen(Tar),Dry,Not Applicable,Clear,"HAMPINAGAR, VIJAYANAGAR",INFRONTO OF APPOLLO PHARMACY,25M,12.9609736,77.5372342,0,0,0.0,0.0
Bengaluru City,Vijayanagar Traffic PS,1.04432e+16,2022,1,2,Road Accidents,Junction,City/Town,Residential area,Human Error,No,Grievous Injury,Vehicle to Vehicle,Uncontrolled,Others,Two way,Bitumen(Tar),Dry,Not Applicable,Clear,HAMPI NAGAR,HAMPI NAGAR,1 KM,12.958229,77.536447,0,0,0.0,0.0
Bengaluru City,Vijayanagar Traffic PS,1.04432e+16,2022,1,2,Road Accidents,Narrow road,City/Town,Residential area,Human Error,No,Grievous Injury,Vehicle to Vehicle,Not at  Junction,Straight and flat,Residential Street,Bitumen(Tar),Dry,Not Applicable,Clear,PATTEGARAPALYA MAINROAD,INFRONT OF NAVAKAR MEDICAL,25M,12.976315,77.527628,0,0,0.0,0.0
Bengaluru City,Vijayanagar Traffic PS,1.04432e+16,2022,1,2,Road Accidents,Junction,City/Town,Open area,Not Applicable,Yes,Grievous Injury,Vehicle to Vehicle,Uncontrolled,Others,Minor District Road,Not Applicable,Others,Not Applicable,Clear,RAHEJA APARTMENT JUNCTION,NEAR RAHEJA APARTMENT,2METER,12.979521,77.539211,0,1,0.0,1.0
Bengaluru City,Vijayanagar Traffic PS,1.04432e+16,2022,1,2,Road Accidents,Junction,City/Town,Residential area,Human Error,No,Simple Injury,Vehicle to Vehicle,Uncontrolled,Straight and flat,Residential Street,Bitumen(Tar),Dry,Not Applicable,Clear,M C LAYOUT,1ST MAINROAD GOVINDARAJANAGR,0.5M,0.12977949,0.77538931,0,0,0.0,0.0
Bengaluru City,Vijayanagar Traffic PS,1.04432e+16,2022,1,2,Road Accidents,Narrow road,City/Town,Residential area,Human Error,Yes,Simple Injury,Vehicle to Vehicle,Not at  Junction,Straight and flat,Residential Street,Bitumen(Tar),Dry,Not Applicable,Clear,THIMMAIAH ROAD BASAVESHWARANAGAR,NEAR SANTOSHIMA BAKERY,0.5M,0.12986863,0.77545474,0,0,0.0,0.0
Bengaluru City,Vijayanagar Traffic PS,1.04432e+16,2022,1,1,Road Accidents,Narrow road,City/Town,Residential area,Human Error,Yes,Simple Injury,Hit pedestrian,Not at  Junction,Straight and flat,Residential Street,Bitumen(Tar),Dry,Not Applicable,Clear,MAHAGANAPATHINAGAR RAJAJINAGAR,INFRONT OF HOUSE NO12,25M,12.9858515,77.5487623,0,0,0.0,0.0
Bengaluru City,Vijayanagar Traffic PS,1.04432e+16,2022,1,3,Road Accidents,Narrow road,City/Town,Open area,Human Error,Yes,Grievous Injury,Vehicle to Vehicle,Controlled,Straight and flat,Two way,Bitumen(Tar),Others,Not Applicable,Clear,woc road,ttmc junction,2 km,12.965629,77.534828,0,1,0.0,1.0
Bengaluru City,Vijayanagar Traffic PS,1.04432e+16,2022,1,2,Road Accidents,Cross roads,City/Town,Narrow bridge or culverts,Human Error,Not Applicable,Grievous Injury,Vehicle to Vehicle,Not Applicable,Curve,Arterial,Bitumen(Tar),Not Applicable,Not Applicable,Clear,CHBS LAYOUT,CENTRAL EXCISE LAYOUT,25,12.974295,77.534518,0,0,0.0,0.0
Bengaluru City,Vijayanagar Traffic PS,1.04432e+16,2022,1,2,Road Accidents,Junction,City/Town,Residential area,Human Error,No,Grievous Injury,Vehicle to Vehicle,Uncontrolled,Straight and flat,Residential Street,Bitumen(Tar),Dry,Not Applicable,Clear,BASAVESHWARANAGAR,3RD CROSS AND 4TH MAIN JUNCTION,25M,0.12987076,0.77542229,0,0,0.0,0.0
Bengaluru City,Vijayanagar Traffic PS,1.04432e+16,2022,1,1,Road Accidents,Junction,City/Town,Residential area,Human Error,No,Simple Injury,Hit pedestrian,Not at  Junction,Straight and flat,Residential Street,Bitumen(Tar),Dry,Not Applicable,Clear,GOVINDARAJANAGAR 1STMAINROAD,INFRONT OF SHREE VENKATESHWARAN DRY CLEANER,25M,12.979482,77.539221,0,0,0.0,0.0
Bengaluru City,Vijayanagar Traffic PS,1.04432e+16,2022,1,1,Road Accidents,Narrow road,City/Town,Residential area,Human Error,Yes,Simple Injury,Hit pedestrian,Not Applicable,Straight and flat,Residential Street,Bitumen(Tar),Dry,Not Applicable,Clear,KURUBARAHALLI,NEAR SHIVA TEMPLE,25M,12.999588,77.530543,0,0,0.0,0.0
Bengaluru City,Vijayanagar Traffic PS,1.04432e+16,2022,1,2,Road Accidents,Not Applicable,City/Town,Open area,Human Error,Yes,Damage Only,Vehicle to Vehicle,Not at  Junction,Others,Others,Not Applicable,Wet,Not Applicable,Clear,MANJUNATHANAGAR,INSIDE NETHAJI GROUND,25M,12.9910817,77.5431471,0,3,0.0,3.0
Bengaluru City,Vijayanagar Traffic PS,1.04432e+16,2022,1,2,Road Accidents,Narrow road,City/Town,Residential area,Human Error,No,Damage Only,Vehicle to Vehicle,Not at  Junction,Straight and flat,Residential Street,Bitumen(Tar),Dry,Not Applicable,Clear,VIJAYANAGAR 9TH K MAINROAD,INFRONT OF NO 324H HOUSE,25M,12.967825,77.541743,0,0,0.0,0.0
Bengaluru City,Vijayanagar Traffic PS,1.04432e+16,2022,1,1,Road Accidents,Narrow road,City/Town,At pedestrian Crossing,Human Error,No,Grievous Injury,Hit pedestrian,Uncontrolled,Straight and flat,Others,Bitumen(Tar),Dry,Not Applicable,Clear,TIMMAIAH ROAD,INDIAN OIL PETROL PUMP,2.5,12.991741,77.546023,0,0,0.0,0.0
Bengaluru City,Vijayanagar Traffic PS,1.04432e+16,2022,1,2,Road Accidents,Narrow road,City/Town,Near a religious place,Human Error,Yes,Simple Injury,Vehicle to Vehicle,Not at  Junction,Straight and flat,Service Road,Bitumen(Tar),Dry,Not Applicable,Clear,WOC ROAD MC CIRCLE,NEAR SHANIMAHATHMA TEMPLE,25 M,0.0,0.0,0,0,0.0,0.0
Bengaluru City,Vijayanagar Traffic PS,1.04432e+16,2022,1,1,Road Accidents,Narrow road,City/Town,Open area,Human Error,No,Fatal,Not Applicable,No signal lights,Straight and flat,Two way,Bitumen(Tar),Dry,Not Applicable,Clear,VEERESH THEATER JUNCTION,TREE,2 KM,12.977527,77.545701,0,0,0.0,0.0
Bengaluru City,Vijayanagar Traffic PS,1.04432e+16,2023,1,2,Road Accidents,Junction,City/Town,Open area,Human Error,Yes,Grievous Injury,Vehicle to Vehicle,Uncontrolled,Others,Two way,Bitumen(Tar),Others,Not Applicable,Clear,BASAVESHWAR NAGARA,TREE,3 KM,12.991335,77.540218,0,1,0.0,1.0
Bengaluru City,Vijayanagar Traffic PS,1.04432e+16,2023,1,2,Road Accidents,Junction,City/Town,Open area,Human Error,Yes,Grievous Injury,Hit pedestrian,Controlled,Straight and flat,Two way,Bitumen(Tar),Others,Not Applicable,Others,RPC LAYOUT,TREE,1 KM,0.0,0.0,0,1,0.0,1.0
Bengaluru City,Vijayanagar Traffic PS,1.04432e+16,2023,1,1,Road Accidents,Narrow road,City/Town,Open area,Human Error,No,Grievous Injury,Not Applicable,Controlled,Straight and flat,Others,Bitumen(Tar),Dry,Not Applicable,Clear,nagrabhavi main road,hospital,2 km,12.97602,77.532669,0,0,0.0,0.0
Bengaluru City,Vijayanagar Traffic PS,1.04432e+16,2023,1,2,Not Applicable,Junction,City/Town,Open area,Human Error,Yes,Grievous Injury,Vehicle to Vehicle,Uncontrolled,Straight and flat,Others,Bitumen(Tar),Others,Not Applicable,Clear,MAIN ROAD,TIMMAIAH ROAD,3 KM,12.98684,77.545461,0,1,0.0,1.0
Bengaluru City,Vijayanagar Traffic PS,1.04432e+16,2023,1,1,Not Applicable,Narrow road,City/Town,Open area,Human Error,No,Grievous Injury,Not Applicable,Uncontrolled,Straight and flat,Others,Bitumen(Tar),Others,Not Applicable,Not Applicable,BINNI LAYOUT,PARK,2 KM,12.972661,77.533999,0,1,0.0,1.0
Bengaluru City,Vijayanagar Traffic PS,1.04432e+16,2023,1,2,Road Accidents,Junction,City/Town,Open area,Human Error,No,Simple Injury,Vehicle to Vehicle,Uncontrolled,Straight and flat,Others,Bitumen(Tar),Dry,Not Applicable,Clear,SIDDAIAH PURANIK ROAD,PARK,5 KM,13.000834,77.541003,0,0,0.0,0.0
Bengaluru City,Vijayanagar Traffic PS,1.04432e+16,2023,1,2,Road Accidents,Narrow road,City/Town,Open area,Human Error,Yes,Grievous Injury,Vehicle to Vehicle,Uncontrolled,Straight and flat,Major District Road,Bitumen(Tar),Dry,Not Applicable,Clear,MAIN ROAD,MAIN ROAD,3 KM,12.994773,77.548712,0,0,0.0,0.0
Bengaluru City,Vijayanagar Traffic PS,1.04432e+16,2023,1,1,Not Applicable,Narrow road,City/Town,Open area,Human Error,Yes,Grievous Injury,Hit pedestrian,Uncontrolled,Others,Major District Road,Bitumen(Tar),Others,Not Applicable,Clear,METRO STATION,METRO,2 KM,12.962568,77.534039,0,1,0.0,1.0
Bengaluru City,Vijayanagar Traffic PS,1.04432e+16,2023,1,2,Road Accidents,Narrow road,City/Town,Open area,Human Error,No,Grievous Injury,Vehicle to Vehicle,Uncontrolled,Straight and flat,Two way,Bitumen(Tar),Dry,Not Applicable,Clear,PAIPLINE ROAD,TREE,2 KM,12.968298,77.545313,0,0,0.0,0.0
Bengaluru City,Vijayanagar Traffic PS,1.04432e+16,2023,1,2,Road Accidents,Junction,City/Town,Open area,Human Error,No,Grievous Injury,Vehicle to Vehicle,Controlled,Straight and flat,Major District Road,Bitumen(Tar),Dry,Not Applicable,Clear,WOC MAIN ROAD,JUNCTION,2 KM,12.968815,77.536787,0,0,0.0,0.0
Bengaluru City,Vijayanagar Traffic PS,1.04432e+16,2023,1,1,Road Accidents,Narrow road,City/Town,Open area,Human Error,No,Fatal,Hit pedestrian,Uncontrolled,Straight and flat,Major District Road,Bitumen(Tar),Dry,Not Applicable,Clear,WOC ROAD,METRO STATION,2 KM,12.962818,77.534169,0,0,0.0,0.0
Bengaluru City,Vijayanagar Traffic PS,1.04432e+16,2023,1,1,Road Accidents,Narrow road,City/Town,Open area,Human Error,No,Fatal,Not Applicable,Uncontrolled,Hump,Two way,Bitumen(Tar),Dry,Not Applicable,Clear,KAMALANAGARA 1ST MAIN ROAD,SCHOOL,5 KM,12.99593,77.531102,0,0,0.0,0.0
Bengaluru City,Vijayanagar Traffic PS,1.04432e+16,2023,1,2,Road Accidents,Junction,City/Town,Near Hospital,Human Error,Yes,Grievous Injury,Vehicle to Vehicle,Uncontrolled,Straight and flat,Others,Bitumen(Tar),Dry,Not Applicable,Clear,parshanth nagara main road,hospital,2 km,12.979285,77.534194,0,0,0.0,0.0
Bengaluru City,Vijayanagar Traffic PS,1.04432e+16,2023,1,2,Road Accidents,Narrow road,City/Town,Open area,Human Error,Yes,Simple Injury,Vehicle to Vehicle,Uncontrolled,Straight and flat,Others,Bitumen(Tar),Dry,Not Applicable,Others,WOC ROAD,HOSPITAL,4 KM,12.996451,77.550708,0,0,0.0,0.0
Bengaluru City,Vijayanagar Traffic PS,1.04432e+16,2023,1,2,Road Accidents,Junction,City/Town,Open area,Human Error,No,Simple Injury,Vehicle to Vehicle,Controlled,Straight and flat,Two way,Bitumen(Tar),Dry,Not Applicable,Clear,SHANKRA MUTT,SIGNAL,5 KM,0.0,0.0,0,0,0.0,0.0
Bengaluru City,Vijayanagar Traffic PS,1.04432e+16,2023,1,1,Not Applicable,Narrow road,City/Town,Open area,Human Error,Yes,Grievous Injury,Hit pedestrian,Uncontrolled,Others,Others,Bitumen(Tar),Others,Not Applicable,Others,OPEN AREA,TREE,4 KM,12.946355,77.548136,0,1,0.0,1.0
Bengaluru City,Vijayanagar Traffic PS,1.04432e+16,2023,1,1,Road Accidents,Narrow road,City/Town,Residential area,Not Applicable,Not Applicable,Simple Injury,Not Applicable,Not Applicable,Straight and flat,Arterial,Bitumen(Tar),Not Applicable,Not Applicable,Clear,BASAVESHWARA NAGAR 01ST F CROSS ROAD,MONKEY PARK,03 KM,0.0,0.0,0,0,0.0,0.0
Bengaluru City,Vijayanagar Traffic PS,1.04432e+16,2023,1,2,Road Accidents,Junction,City/Town,Open area,Not Applicable,No,Grievous Injury,Vehicle to Vehicle,Signal lights Automatic,Others,Major District Road,Bitumen(Tar),Dry,Not Applicable,Clear,WOC SERVICE ROAD P&T JUNCTION VIJAYANAGARA,NEAR LIFE CARE MEDICALS,02 KM,12.974282,77.544721,0,0,0.0,0.0