DISTRICTNAME,UNITNAME,Crime_No,Year,RI,Noofvehicle_involved,Accident_Classification,Accident_Spot,Accident_Location,Accident_SubLocation,Main_Cause,Hit_Run,Severity,Collision_Type,Junction_Control,Road_Character,Road_Type,Surface_Type,Surface_Condition,Road_Condition,Weather,Accident_Road,Landmark_first,Distance_LandMark_First,Latitude,Longitude,Road_Condition_Score,Surface_Condition_Score,Surface_Type_Score,Road_Risk_Index
Bengaluru City,Vijayanagar Traffic PS,1.04432e+16,2023,1,1,Road Accidents,Narrow road,City/Town,Open area,Human Error,Yes,Grievous Injury,Hit pedestrian,Uncontrolled,Straight and flat,Two way,Bitumen(Tar),Dry,Not Applicable,Clear,MARKET,MARKET,5 KM,12.99658,77.528892,0,0,0.0,0.0
Bengaluru City,Vijayanagar Traffic PS,1.04432e+16,2023,1,2,Road Accidents,Junction,City/Town,Near Hospital,Human Error,Yes,Grievous Injury,Vehicle to Vehicle,Controlled,Others,Major District Road,Bitumen(Tar),Others,Not Applicable,Clear,woc road,metro piller,2 km,0.0,0.0,0,1,0.0,1.0
Bengaluru City,Vijayanagar Traffic PS,1.04432e+16,2023,1,1,Road Accidents,Narrow road,City/Town,Near office complex,Human Error,No,Simple Injury,Hit pedestrian,Not Applicable,Straight and flat,Two way,Bitumen(Tar),Dry,Not Applicable,Clear,VIJAYANAGAR CULB ROAD,VODAPHONE SHOP,25,0.0,0.0,0,0,0.0,0.0
Bengaluru City,Vijayanagar Traffic PS,1.04432e+16,2023,1,2,Not Applicable,Narrow road,City/Town,Open area,Human Error,No,Grievous Injury,Vehicle to Vehicle,Uncontrolled,Straight and flat,Others,Bitumen(Tar),Others,Not Applicable,Clear,BUS STAND,KURUBARHALLI,5 KM,13.001058,77.536651,0,1,0.0,1.0
Bengaluru City,Vijayanagar Traffic PS,1.04432e+16,2023,1,1,Not Applicable,Junction,City/Town,Open area,Human Error,Yes,Grievous Injury,Hit pedestrian,Controlled,Curve,Minor District Road,Bitumen(Tar),Dry,Not Applicable,Clear,JUNCTION,BUS STAND,3 KM,12.973059,77.538314,0,0,0.0,0.0
Bengaluru City,Vijayanagar Traffic PS,1.04432e+16,2023,1,2,Road Accidents,Narrow road,City/Town,Open area,Human Error,Yes,Grievous Injury,Vehicle to Vehicle,Uncontrolled,Straight and flat,Two way,Bitumen(Tar),Dry,Not Applicable,Clear,TEMPLE,TEMPLE,2 KM,0.0,0.0,0,0,0.0,0.0
Bengaluru City,Vijayanagar Traffic PS,1.04432e+16,2023,1,2,Road Accidents,Not Applicable,Rural Areas,Open area,Human Error,No,Fatal,Vehicle to Vehicle,Controlled,Straight and flat,Others,Bitumen(Tar),Others,Not Applicable,Clear,GOOD,TREE,4 KM,12.997342,77.550364,0,1,0.0,1.0
Bengaluru City,Vijayanagar Traffic PS,1.04432e+16,2023,1,2,Road Accidents,Not Applicable,City/Town,Residential area,Not Applicable,Yes,Grievous Injury,Vehicle to Vehicle,Not Applicable,Straight and flat,Arterial,Not Applicable,Others,Not Applicable,Fine,01ST MAIN ROAD VIJAYANAGARA,INFRONT OF HOUSE NO 1223,50 MET,12.972648,77.54569,0,1,0.0,1.0
Bengaluru City,Vijayanagar Traffic PS,1.04432e+16,2023,1,2,Road Accidents,Junction,City/Town,Open area,Human Error,No,Grievous Injury,Vehicle to Vehicle,Uncontrolled,Straight and flat,Two way,Bitumen(Tar),Others,Not Applicable,Clear,BASAVESHWAR NAGARA,TREE,4 KM,12.991467,77.538935,0,1,0.0,1.0
Bengaluru City,Vijayanagar Traffic PS,1.04432e+16,2023,1,2,Road Accidents,Junction,City/Town,Near Bus stop,Human Error,Yes,Simple Injury,Vehicle to Vehicle,Controlled,Others,Two way,Bitumen(Tar),Dry,Not Applicable,Clear,WOC ROAD MARENAHALLI,MARENAHALLI,20,12.968757,77.536858,0,0,0.0,0.0
Bengaluru City,Vijayanagar Traffic PS,1.04432e+16,2023,1,2,Road Accidents,Narrow road,City/Town,Open area,Human Error,Yes,Grievous Injury,Vehicle to Vehicle,Uncontrolled,Straight and flat,Two way,Bitumen(Tar),Wet,Not Applicable,Clear,CHBS LAYOUT,BANK,2 KM,12.973933,77.535935,0,3,0.0,3.0
Bengaluru City,Vijayanagar Traffic PS,1.04432e+16,2023,1,2,Road Accidents,Narrow road,City/Town,Open area,Human Error,No,Damage Only,Vehicle to Vehicle,Uncontrolled,Straight and flat,Two way,Bitumen(Tar),Dry,Not Applicable,Clear,OPEN AREA,PETROL PUMP,3 KM,12.976626,77.522219,0,0,0.0,0.0
Bengaluru City,Vijayanagar Traffic PS,1.04432e+16,2023,1,2,Road Accidents,Junction,City/Town,Open area,Human Error,Yes,Fatal,Vehicle to Vehicle,Not Applicable,Straight and flat,Service Road,Bitumen(Tar),Dry,Not Applicable,Clear,SERVICE ROAD,FLY  OVER,4 KM,12.993438,77.550911,0,0,0.0,0.0
Bengaluru City,Vijayanagar Traffic PS,1.04432e+16,2023,1,1,Road Accidents,Narrow road,City/Town,Residential area,Human Error,Not Applicable,Grievous Injury,Not Applicable,Uncontrolled,Straight and flat,Two way,Bitumen(Tar),Dry,Not Applicable,Clear,KAMALANAGARA,SHOP,5 KM,12.994633,77.526853,0,0,0.0,0.0
Bengaluru City,Vijayanagar Traffic PS,1.04432e+16,2023,1,2,Road Accidents,Cross roads,City/Town,Open area,Human Error,No,Grievous Injury,Vehicle to Vehicle,Uncontrolled,Straight and flat,Two way,Bitumen(Tar),Others,Not Applicable,Clear,SUBBANNA GARDEN ROAD,TREE,2 KMS,12.968379,77.530539,0,1,0.0,1.0
Bengaluru City,Vijayanagar Traffic PS,1.04432e+16,2023,1,1,Not Applicable,Narrow road,City/Town,Open area,Human Error,Yes,Grievous Injury,Hit pedestrian,Uncontrolled,Straight and flat,Major District Road,Bitumen(Tar),Others,Not Applicable,Clear,market road,market,5 km,12.996314,77.529713,0,1,0.0,1.0
Bengaluru City,Vijayanagar Traffic PS,1.04432e+16,2023,1,2,Not Applicable,Junction,City/Town,Open area,Human Error,No,Fatal,Vehicle to Vehicle,Controlled,Straight and flat,Major District Road,Bitumen(Tar),Dry,Not Applicable,Clear,MAIN ROAD,MAIN ROAD,2 KM,12.979939,77.538299,0,0,0.0,0.0
Bengaluru City,Vijayanagar Traffic PS,1.04432e+16,2023,1,2,Road Accidents,Narrow road,City/Town,Open area,Human Error,Yes,Grievous Injury,Vehicle to Vehicle,Uncontrolled,Straight and flat,Two way,Bitumen(Tar),Others,Not Applicable,Clear,main road,tree,4 km,12.985744,77.545325,0,1,0.0,1.0
Bengaluru City,Vijayanagar Traffic PS,1.04432e+16,2023,1,2,Road Accidents,Junction,City/Town,Open area,Human Error,Yes,Grievous Injury,Vehicle to Vehicle,Controlled,Straight and flat,Two way,Bitumen(Tar),Dry,Not Applicable,Clear,MANJUNATH NAGAR,14TH MAIN,3 KM,12.994244,77.542604,0,0,0.0,0.0
Bengaluru City,Vijayanagar Traffic PS,1.04432e+16,2023,1,1,Road Accidents,Narrow road,City/Town,Open area,Human Error,Yes,Grievous Injury,Hit pedestrian,Uncontrolled,Straight and flat,Two way,Bitumen(Tar),Dry,Not Applicable,Clear,OPEN AREA,TREE,2 KM,12.972913,77.529488,0,0,0.0,0.0
Bengaluru City,Vijayanagar Traffic PS,1.04432e+16,2023,1,2,Road Accidents,Narrow road,City/Town,Near Bus stop,Human Error,Yes,Grievous Injury,Vehicle to Vehicle,Uncontrolled,Straight and flat,Two way,Bitumen(Tar),Dry,Not Applicable,Clear,SANEGORVANHALLI MAIN ROAD,BUS STOP,4 KM,12.990199,77.542705,0,0,0.0,0.0
Bengaluru City,Vijayanagar Traffic PS,1.04432e+16,2023,1,2,Road Accidents,Junction,City/Town,Open area,Human Error,No,Fatal,Vehicle to Vehicle,Uncontrolled,Straight and flat,Others,Bitumen(Tar),Others,Not Applicable,Clear,JUNCTION,FOUR ARM JUNCTION,1 KM,12.971157,77.540562,0,1,0.0,1.0
Bengaluru City,Vijayanagar Traffic PS,1.04432e+16,2023,1,2,Road Accidents,Narrow road,City/Town,Open area,Human Error,No,Grievous Injury,Vehicle to Vehicle,Uncontrolled,Straight and flat,Major District Road,Bitumen(Tar),Others,Not Applicable,Clear,MAIN ROAD,MAIN ROAD,3 KM,12.974319,77.52069,0,1,0.0,1.0
Bengaluru City,Vijayanagar Traffic PS,1.04432e+16,2023,1,2,Road Accidents,Circle,City/Town,Near office complex,Human Error,Yes,Simple Injury,Vehicle to Vehicle,Uncontrolled,Straight and flat,Two way,Bitumen(Tar),Dry,Not Applicable,Clear,VIJAYANGARA CLUB ROAD,JANATA CO OPERATIVE BANK,1KM,0.0,0.0,0,0,0.0,0.0
Bengaluru City,Vijayanagar Traffic PS,1.04432e+16,2023,1,2,Road Accidents,Narrow road,City/Town,Open area,Human Error,Yes,Grievous Injury,Vehicle to Vehicle,Uncontrolled,Straight and flat,Major District Road,Bitumen(Tar),Dry,Not Applicable,Clear,WOC ROAD,METRO STATION,1 KM,12.970885,77.537505,0,0,0.0,0.0
Bengaluru City,Vijayanagar Traffic PS,1.04432e+16,2023,1,1,Road Accidents,Narrow road,City/Town,Open area,Human Error,No,Grievous Injury,Hit pedestrian,Uncontrolled,Straight and flat,Major District Road,Bitumen(Tar),Dry,Not Applicable,Clear,MAIN ROAD,NAGARBHAVI MAIN ROAD,3 KM,12.970747,77.525357,0,0,0.0,0.0
Bengaluru City,Vijayanagar Traffic PS,1.04432e+16,2023,1,2,Road Accidents,Junction,City/Town,Residential area,Human Error,Yes,Grievous Injury,Hit bicyclist,Uncontrolled,Others,Arterial,Bitumen(Tar),Dry,Not Applicable,Clear,BASAVESHWARANAGARA 07TH MAIN ROAD 01ST D CROSS ROAD JUNCTION,NEAR MONKEY PARK,0.5 ME,12.990341,77.536669,0,0,0.0,0.0
Bengaluru City,Vijayanagar Traffic PS,1.04432e+16,2023,1,2,Road Accidents,Junction,City/Town,Open area,Human Error,No,Grievous Injury,Vehicle to Vehicle,Uncontrolled,Others,One way,Bitumen(Tar),Dry,Not Applicable,Clear,18TH CROSS 08TH MAIN CHBS LAYOUT,NEAR GANESHA TEMPLE,0.5 ME,12.973307,77.537758,0,0,0.0,0.0
Bengaluru City,Vijayanagar Traffic PS,1.04432e+16,2023,1,1,Road Accidents,Not Applicable,City/Town,Open area,Human Error,Yes,Grievous Injury,Vehicle to Vehicle,Uncontrolled,Straight and flat,Two way,Bitumen(Tar),Dry,Not Applicable,Clear,GOVINADRAJ NAGARA,BUS STOP,2 KM,0.0,0.0,0,0,0.0,0.0
Bengaluru City,Vijayanagar Traffic PS,1.04432e+16,2023,1,1,Road Accidents,Narrow road,City/Town,Near Bus stop,Human Error,Yes,Grievous Injury,Not Applicable,Uncontrolled,Straight and flat,Two way,Bitumen(Tar),Dry,Not Applicable,Clear,BASAVESHWARANAGARA 15TH MAIN ROAD,NEAR BASAVESHWARANAGARA WATER TANK BUS STAND,05 MET,12.987829,77.545489,0,0,0.0,0.0
Bengaluru City,Vijayanagar Traffic PS,1.04432e+16,2023,1,1,Road Accidents,Not Applicable,City/Town,Residential area,Human Error,Not Applicable,Grievous Injury,Not Applicable,Uncontrolled,Straight and flat,Arterial,Bitumen(Tar),Dry,Not Applicable,Clear,05TH MAIN ROAD  M C LAYOUT,NEAR M S VILLA BUILDING,0.3MET,12.97513,77.544232,0,0,0.0,0.0
Bengaluru City,Vijayanagar Traffic PS,1.04432e+16,2023,1,2,Road Accidents,Junction,City/Town,Open area,Human Error,No,Grievous Injury,Vehicle to Vehicle,Uncontrolled,Straight and flat,Major District Road,Bitumen(Tar),Dry,Not Applicable,Clear,MAIN ROAD,NEAR HOSPITAL,2 KM,12.975555,77.535383,0,0,0.0,0.0
Bengaluru City,Vijayanagar Traffic PS,1.04432e+16,2023,1,1,Road Accidents,Narrow road,City/Town,At pedestrian Crossing,Human Error,Yes,Simple Injury,Hit pedestrian,Uncontrolled,Straight and flat,Arterial,Bitumen(Tar),Dry,Not Applicable,Clear,INDIRA NAGARA,TREE,4 KM,12.995161,77.545753,0,0,0.0,0.0
Bengaluru City,Vijayanagar Traffic PS,1.04432e+16,2023,1,2,Road Accidents,Narrow road,City/Town,Open area,Human Error,Yes,Grievous Injury,Vehicle to Vehicle,Not Applicable,Straight and flat,Two way,Bitumen(Tar),Dry,Not Applicable,Clear,PATTEGAR PALYA MAIN ROAD,MAIN ROAD,4 KM,12.976872,77.521028,0,0,0.0,0.0
Bengaluru City,Vijayanagar Traffic PS,1.04432e+16,2023,1,2,Road Accidents,Not Applicable,City/Town,Residential area,Human Error,Yes,Grievous Injury,Vehicle to Vehicle,Not at  Junction,Not Applicable,Arterial,Bitumen(Tar),Dry,Not Applicable,Clear,M C LAYOUT 04TH MAIN ROAD,NEAR DASARAHALLI REFERAL HOSPITAL,10 MER,12.97694,77.54216,0,0,0.0,0.0
Bengaluru City,Vijayanagar Traffic PS,1.04432e+16,2023,1,2,Road Accidents,Junction,City/Town,Open area,Human Error,Yes,Grievous Injury,Vehicle to Vehicle,Signals (Working),Not Applicable,Others,Bitumen(Tar),Dry,Not Applicable,Clear,SHANKAR MUTT JUNCTION BASAVESHWARANAGARA,SHANKARA MUTT JUNCTION,4.5 KM,12.999361,77.541086,0,0,0.0,0.0
Bengaluru City,Vijayanagar Traffic PS,1.04432e+16,2023,1,2,Road Accidents,Junction,City/Town,Open area,Human Error,No,Grievous Injury,Vehicle to Vehicle,Uncontrolled,Others,Service Road,Bitumen(Tar),Dry,Not Applicable,Fine,NEAR MARUTHI MANDIR WOC ROAD AND 21ST MAIN ROAD JUNCTION,NEAR MARUTHI MANDIR,0.5 ME,0.0,0.0,0,0,0.0,0.0
Bengaluru City,Vijayanagar Traffic PS,1.04432e+16,2023,1,2,Road Accidents,Not Applicable,City/Town,In bazaar,Human Error,Yes,Damage Only,Vehicle to Vehicle,Uncontrolled,Straight and flat,Arterial,Bitumen(Tar),Dry,Not Applicable,Clear,PATTEGARAPALYA MAIN ROAD NEAR SHK KALYANA MANTAPA,NEAR SHK KALYANA MANTAPA,30 MET,12.976318,77.525756,0,0,0.0,0.0
Bengaluru City,Vijayanagar Traffic PS,1.04432e+16,2023,1,2,Road Accidents,Narrow road,City/Town,Open area,Not Applicable,Yes,Grievous Injury,Vehicle to Vehicle,Uncontrolled,Others,Arterial,Concrete,Dry,Not Applicable,Clear,KURUBARAHALLI PIPELINE ROAD,NEAR GANESHA TEMPLE,05 KM,12.998804,77.528012,0,0,0.0,0.0
Bengaluru City,Vijayanagar Traffic PS,1.04432e+16,2023,1,2,Road Accidents,Cross roads,City/Town,Open area,Human Error,No,Simple Injury,Vehicle to Vehicle,Uncontrolled,Straight and flat,Service Road,Bitumen(Tar),Dry,Not Applicable,Clear,SERVICE ROAD,NEAR METRO STATION,1.5 KM,12.964683,77.535155,0,0,0.0,0.0
Bengaluru City,Vijayanagar Traffic PS,1.04432e+16,2023,1,1,Road Accidents,Narrow road,City/Town,At pedestrian Crossing,Human Error,No,Grievous Injury,Hit pedestrian,Controlled,Straight and flat,Major District Road,Bitumen(Tar),Dry,Not Applicable,Clear,WOC ROAD,MAIN ROAD,2 KM,12.972988,77.538513,0,0,0.0,0.0
Bengaluru City,Vijayanagar Traffic PS,1.04432e+16,2023,1,1,Road Accidents,Narrow road,City/Town,Open area,Human Error,Yes,Grievous Injury,Vehicle to Vehicle,Uncontrolled,Straight and flat,Others,Bitumen(Tar),Dry,Not Applicable,Clear,MG NAGARA,maramma temple,5 km,13.000317,77.539804,0,0,0.0,0.0
Bengaluru City,Vijayanagar Traffic PS,1.04432e+16,2023,1,1,Road Accidents,Narrow road,City/Town,At pedestrian Crossing,Human Error,Yes,Grievous Injury,Hit pedestrian,Controlled,Straight and flat,Major District Road,Bitumen(Tar),Dry,Not Applicable,Clear,MAGADI MAIN ROAD,MAIN ROAD,3 KM,12.978517,77.542588,0,0,0.0,0.0
Bengaluru City,Vijayanagar Traffic PS,1.04432e+16,2023,1,1,Road Accidents,Narrow road,Rural Areas,At pedestrian Crossing,Human Error,No,Grievous Injury,Hit pedestrian,Not Applicable,Others,Others,Bitumen(Tar),Not Applicable,Not Applicable,Clear,MAIN ROAD,TREE,2 KM,12.975216,77.548141,0,0,0.0,0.0
Bengaluru City,Vijayanagar Traffic PS,1.04432e+16,2023,1,1,Road Accidents,Narrow road,City/Town,Open area,Human Error,No,Fatal,Not Applicable,Uncontrolled,Straight and flat,Service Road,Bitumen(Tar),Dry,Not Applicable,Clear,MAGADI ROAD KHB SERVICE ROAD,NEAR PRAKRUTHI PARADIES HOTEL,2 KM,12.981078,77.535523,0,0,0.0,0.0
Bengaluru City,Vijayanagar Traffic PS,1.04432e+16,2023,1,2,Not Applicable,Narrow road,City/Town,Open area,Human Error,Yes,Simple Injury,Vehicle to Vehicle,Uncontrolled,Straight and flat,Others,Bitumen(Tar),Others,Not Applicable,Others,tol gate,petrol pump,2 km,12.974464,77.548062,0,1,0.0,1.0
Bengaluru City,Vijayanagar Traffic PS,1.04432e+16,2023,1,1,Road Accidents,Junction,City/Town,Residential area,Human Error,Yes,Grievous Injury,Hit pedestrian,Uncontrolled,Straight and flat,Two way,Bitumen(Tar),Not Applicable,Not Applicable,Clear,TREE,HOSPITAL,3 KM,12.970131,77.545041,0,0,0.0,0.0
Bengaluru City,Vijayanagar Traffic PS,1.04432e+16,2023,1,2,Not Applicable,Narrow road,City/Town,Near Bus stop,Human Error,No,Grievous Injury,Vehicle to Vehicle,Uncontrolled,Straight and flat,Others,Bitumen(Tar),Not Applicable,Not Applicable,Clear,NAGARBHVI MAIN ROAD,MAIN ROAD,2 KM,12.975681,77.537433,0,0,0.0,0.0
Bengaluru City,Vijayanagar Traffic PS,1.04432e+16,2023,1,1,Road Accidents,Junction,City/Town,Open area,Human Error,Yes,Fatal,Hit pedestrian,Uncontrolled,Straight and flat,Major District Road,Bitumen(Tar),Dry,Not Applicable,Clear,MAGADI MAIN ROAD NEAR BALAJI GRANITES SHOP,NEAR BALAJI GRANITES SHOP,10 MET,12.98137,77.534889,0,0,0.0,0.0
Bengaluru City,Vijayanagar Traffic PS,1.04432e+16,2023,1,1,Road Accidents,Narrow road,City/Town,Open area,Human Error,Yes,Grievous Injury,Not Applicable,Controlled,Straight and flat,Major District Road,Bitumen(Tar),Dry,Not Applicable,Clear,MAIN ROAD,BUS STOP,3 KM,12.942635,77.543562,0,0,0.0,0.0
Bengaluru City,Vijayanagar Traffic PS,1.04432e+16,2023,1,1,Road Accidents,Narrow road,City/Town,Residential area,Human Error,No,Grievous Injury,Hit pedestrian,Uncontrolled,Straight and flat,Two way,Bitumen(Tar),Dry,Not Applicable,Clear,MAIN ROAD,TREE,2KM,12.978231,77.540045,0,0,0.0,0.0
Bengaluru City,Vijayanagar Traffic PS,1.04432e+16,2023,1,2,Not Applicable,Junction,City/Town,Residential area,Human Error,Yes,Grievous Injury,Vehicle to Vehicle,Uncontrolled,Straight and flat,Major District Road,Bitumen(Tar),Dry,Not Applicable,Clear,vijayanagara main road,main road,2 km,12.972326,77.545486,0,0,0.0,0.0
Bengaluru City,Whitefield Traffic PS,1.04432e+16,2016,1,1,Road Accidents,Other,City/Town,Near School or College,Human Error,Yes,Grievous Injury,Hit pedestrian,Not at  Junction,Straight and flat,City or Town Road,Bitumen(Tar),Dry,No influence on accident,Clear,Kundalahalli-ITPL Main Road,CMRIT College,07KM,0.0,0.0,0,0,0.0,0.0
Bengaluru City,Whitefield Traffic PS,1.04432e+16,2016,1,2,Road Accidents,Other,City/Town,Open area,Human Error,Yes,Fatal,Others,Not at  Junction,Straight and flat,City or Town Road,Bitumen(Tar),Dry,No influence on accident,Clear,Nallurahalli Main Road,Green Tree,05KM,0.0,0.0,0,0,0.0,0.0
Bengaluru City,Whitefield Traffic PS,1.04432e+16,2016,1,1,Road Accidents,Other,City/Town,Open area,Human Error,Yes,Simple Injury,Hit pedestrian,Not at  Junction,Straight and flat,City or Town Road,Kutcha,Dry,No influence on accident,Clear,Nallurahalli Main Road,Near Khasa Gopalan Shed,06KM,0.0,0.0,0,0,4.0,4.0
Bengaluru City,Whitefield Traffic PS,1.04432e+16,2016,1,2,Road Accidents,T Junction,City/Town,Near a recreation place/cinema,Human Error,Yes,Damage Only,Others,Not at  Junction,Straight and flat,City or Town Road,Bitumen(Tar),Dry,No influence on accident,Clear,AECS Layout Main Road,Infront of Mac Donalds,07KM,0.0,0.0,0,0,0.0,0.0
Bengaluru City,Whitefield Traffic PS,1.04432e+16,2016,1,1,Road Accidents,Other,City/Town,Residential area,Human Error,Yes,Simple Injury,Hit pedestrian,Not at  Junction,Straight and flat,City or Town Road,Bitumen(Tar),Dry,No influence on accident,Fine,Immadihalli Main Road,Opp Sri Manjunath Bar,10M,0.0,0.0,0,0,0.0,0.0
Bengaluru City,Whitefield Traffic PS,1.04432e+16,2016,1,3,Road Accidents,Other,City/Town,Open area,Human Error,No,Grievous Injury,Others,Not at  Junction,Straight and flat,City or Town Road,Bitumen(Tar),Dry,No influence on accident,Fine,Kadugodi New Road,CRN Apartment,10M,0.0,0.0,0,0,0.0,0.0
Bengaluru City,Whitefield Traffic PS,1.04432e+16,2016,1,2,Road Accidents,Other,City/Town,Residential area,Human Error,No,Damage Only,Others,Not at  Junction,Straight and flat,City or Town Road,Bitumen(Tar),Dry,No influence on accident,Fine,FCI-Kadugodi Main Road,Indian Gas,10M,0.0,0.0,0,0,0.0,0.0
Bengaluru City,Whitefield Traffic PS,1.04432e+16,2016,1,2,Road Accidents,T Junction,City/Town,In bazaar,Human Error,Yes,Grievous Injury,Hit and Run,No signal lights,Straight and flat,State Highway,Bitumen(Tar),Dry,No influence on accident,Fine,Kadugodi-Hosakote Main Road,Dominose pizza,20M,0.0,0.0,0,0,0.0,0.0
Bengaluru City,Whitefield Traffic PS,1.04432e+16,2016,1,1,Road Accidents,Other,City/Town,Near a recreation place/cinema,Human Error,No,Grievous Injury,Hit pedestrian,No signal lights,Straight and flat,City or Town Road,Bitumen(Tar),Dry,No influence on accident,Fine,Kundalahalli Main Road,Hyper City Mall,20M,0.0,0.0,0,0,0.0,0.0
Bengaluru City,Whitefield Traffic PS,1.04432e+16,2016,1,2,Road Accidents,Other,City/Town,Residential area,Human Error,No,Damage Only,Others,Not at  Junction,Straight and flat,City or Town Road,Bitumen(Tar),Dry,No influence on accident,Fine,ECC Main Road,Silver Oak Apartment,30M,0.0,0.0,0,0,0.0,0.0
Bengaluru City,Whitefield Traffic PS,1.04432e+16,2016,1,2,Road Accidents,Other,City/Town,Near a recreation place/cinema,Human Error,No,Grievous Injury,Others,Signal lights Blinking,Straight and flat,City or Town Road,Bitumen(Tar),Dry,No influence on accident,Fine,ITPL Main Road,Park Quare,30M,0.0,0.0,0,0,0.0,0.0
Bengaluru City,Whitefield Traffic PS,1.04432e+16,2016,1,2,Road Accidents,T Junction,City/Town,Near a religious place,Human Error,No,Grievous Injury,Others,No signal lights,Straight and flat,City or Town Road,Bitumen(Tar),Dry,No influence on accident,Fine,Nallurahalli Main Road,Maruti Temple,20M,0.0,0.0,0,0,0.0,0.0
Bengaluru City,Whitefield Traffic PS,1.04432e+16,2016,1,2,Road Accidents,T Junction,City/Town,Open area,Human Error,No,Grievous Injury,Others,Not at  Junction,Straight and flat,State Highway,Bitumen(Tar),Dry,No influence on accident,Clear,Kadugodi-Hoskote Main Road,Khajisonnenahalli Junction,05KM,0.0,0.0,0,0,0.0,0.0
Bengaluru City,Whitefield Traffic PS,1.04432e+16,2016,1,2,Road Accidents,Junction,City/Town,In bazaar,Human Error,Yes,Grievous Injury,Hit and Run,No signal lights,Straight and flat,City or Town Road,Bitumen(Tar),Dry,No influence on accident,Fine,Vydehi Hospital Main Road,In orbit Mall,20M,0.0,0.0,0,0,0.0,0.0
Bengaluru City,Whitefield Traffic PS,1.04432e+16,2016,1,2,Road Accidents,Other,City/Town,Near Hospital,Human Error,No,Grievous Injury,Others,Not at  Junction,Straight and flat,State Highway,Bitumen(Tar),Dry,No influence on accident,Fine,Whitefield Main Road,Columbia Asia,30M,0.0,0.0,0,0,0.0,0.0
Bengaluru City,Whitefield Traffic PS,1.04432e+16,2016,1,2,Road Accidents,T Junction,City/Town,Near a recreation place/cinema,Human Error,Yes,Simple Injury,Others,Not at  Junction,Straight and flat,City or Town Road,Bitumen(Tar),Dry,No influence on accident,Clear,Channasandra Main Road,In front of Udupi Hotel,03KM,0.0,0.0,0,0,0.0,0.0
Bengaluru City,Whitefield Traffic PS,1.04432e+16,2016,1,2,Road Accidents,Other,City/Town,Open area,Human Error,No,Grievous Injury,Others,Not at  Junction,Straight and flat,City or Town Road,Bitumen(Tar),Dry,No influence on accident,Fine,Immadihalli Main Road,Kumar House,10M,0.0,0.0,0,0,0.0,0.0
Bengaluru City,Whitefield Traffic PS,1.04432e+16,2016,1,1,Road Accidents,Other,City/Town,Near a recreation place/cinema,Human Error,No,Grievous Injury,Hit pedestrian,Signal lights Blinking,Straight and flat,City or Town Road,Bitumen(Tar),Dry,No influence on accident,Fine,ITPL Main Road,ITPL Main Gate,20M,0.0,0.0,0,0,0.0,0.0
Bengaluru City,Whitefield Traffic PS,1.04432e+16,2016,1,1,Road Accidents,Other,City/Town,Near a factory industrial area,Human Error,No,Grievous Injury,Hit pedestrian,Not at  Junction,Straight and flat,City or Town Road,Bitumen(Tar),Dry,No influence on accident,Dust Storn,Channasandra Main Road,NDR Cement godown,10M,0.0,0.0,0,0,0.0,0.0
Bengaluru City,Whitefield Traffic PS,1.04432e+16,2016,1,2,Road Accidents,T Junction,City/Town,Near a religious place,Human Error,No,Damage Only,Others,No signal lights,Straight and flat,State Highway,Bitumen(Tar),Dry,No influence on accident,Clear,Whitefield Main Road,Near Ganesh Temple,3KM,0.0,0.0,0,0,0.0,0.0
Bengaluru City,Whitefield Traffic PS,1.04432e+16,2016,1,1,Road Accidents,T Junction,City/Town,Near a factory industrial area,Human Error,Yes,Fatal,Hit and Run,No signal lights,Straight and flat,City or Town Road,Bitumen(Tar),Dry,No influence on accident,Clear,Nallurahalli Main Road,GE Company,10M,0.0,0.0,0,0,0.0,0.0
Bengaluru City,Whitefield Traffic PS,1.04432e+16,2016,1,2,Road Accidents,T Junction,City/Town,Near School or College,Human Error,Yes,Grievous Injury,Others,Signal lights Blinking,Straight and flat,State Highway,Bitumen(Tar),Dry,No influence on accident,Clear,Kadugodi-Hosakote Main Road,Seegehalli Cross,03KM,0.0,0.0,0,0,0.0,0.0
Bengaluru City,Whitefield Traffic PS,1.04432e+16,2016,1,1,Road Accidents,T Junction,City/Town,Near a factory industrial area,Human Error,No,Grievous Injury,Skidding or Self accident,Signal lights Blinking,Straight and flat,City or Town Road,Bitumen(Tar),Dry,No influence on accident,Clear,ITPL Main Road,Container Yard Junction,02KM,0.0,0.0,0,0,0.0,0.0
Bengaluru City,Whitefield Traffic PS,1.04432e+16,2016,1,2,Road Accidents,Y Junction,City/Town,Near a religious place,Human Error,Yes,Grievous Injury,Hit and Run,No signal lights,Straight and flat,City or Town Road,Bitumen(Tar),Dry,No influence on accident,Fine,Kundalahalli Main Road,Anjaneya Temple,30M,0.0,0.0,0,0,0.0,0.0