DISTRICTNAME,UNITNAME,Crime_No,Year,RI,Noofvehicle_involved,Accident_Classification,Accident_Spot,Accident_Location,Accident_SubLocation,Main_Cause,Hit_Run,Severity,Collision_Type,Junction_Control,Road_Character,Road_Type,Surface_Type,Surface_Condition,Road_Condition,Weather,Accident_Road,Landmark_first,Distance_LandMark_First,Latitude,Longitude,Road_Condition_Score,Surface_Condition_Score,Surface_Type_Score,Road_Risk_Index
Bengaluru City,Whitefield Traffic PS,1.04432e+16,2017,1,2,Road Accidents,Other,Rural Areas,Open area,Human Error,Yes,Fatal,Hit and Run,Not at  Junction,Straight and flat,Village Road,Bitumen(Tar),Dry,No influence on accident,Fine,Kannamangal main road,irshad ahmed house,10M,0.0,0.0,0,0,0.0,0.0
Bengaluru City,Whitefield Traffic PS,1.04432e+16,2017,1,2,Road Accidents,Other,City/Town,Residential area,Human Error,Yes,Grievous Injury,Hit and Run,Not at  Junction,Straight and flat,City or Town Road,Bitumen(Tar),Dry,No influence on accident,Fine,channasandra main road,shobha apartment,10M,0.0,0.0,0,0,0.0,0.0
Bengaluru City,Whitefield Traffic PS,1.04432e+16,2017,1,2,Road Accidents,Other,City/Town,Near a religious place,Human Error,Yes,Grievous Injury,Hit and Run,Not Applicable,Straight and flat,City or Town Road,Bitumen(Tar),Dry,No influence on accident,Fine,Kadugodi-channasandra main road,patalamma temple,10M,0.0,0.0,0,0,0.0,0.0
Bengaluru City,Whitefield Traffic PS,1.04432e+16,2017,1,2,Road Accidents,Other,City/Town,Near or inside a village,Human Error,No,Simple Injury,Rear end,Signal lights Blinking,Straight and flat,City or Town Road,Bitumen(Tar),Dry,No influence on accident,Fine,varthuru main road,ramagondanahalli,20M,0.0,0.0,0,0,0.0,0.0
Bengaluru City,Whitefield Traffic PS,1.04432e+16,2017,1,2,Road Accidents,Other,City/Town,Near a factory industrial area,Human Error,Yes,Grievous Injury,Hit and Run,Not at  Junction,Straight and flat,City or Town Road,Bitumen(Tar),Dry,No influence on accident,Fine,sarjapura main road,maheshwari granites,10M,0.0,0.0,0,0,0.0,0.0
Bengaluru City,Whitefield Traffic PS,1.04432e+16,2017,1,2,Road Accidents,Other,City/Town,Near School or College,Human Error,Yes,Grievous Injury,Hit and Run,Police / Manual,Others,City or Town Road,Bitumen(Tar),Dry,No influence on accident,Fine,Varthuru main road,Deco field flywood shop,15m,0.0,0.0,0,0,0.0,0.0
Bengaluru City,Whitefield Traffic PS,1.04432e+16,2017,1,2,Road Accidents,Narrow road,City/Town,In bazaar,Human Error,No,Simple Injury,Others,Not at  Junction,Straight and flat,City or Town Road,Bitumen(Tar),Dry,No influence on accident,Fine,VARTHURU MAIN ROAD,TREE,9 m,0.0,0.0,0,0,0.0,0.0
Bengaluru City,Whitefield Traffic PS,1.04432e+16,2017,1,2,Road Accidents,Other,City/Town,Near a recreation place/cinema,Human Error,Yes,Grievous Injury,Hit and Run,Signal lights Blinking,Straight and flat,City or Town Road,Bitumen(Tar),Dry,No influence on accident,Fine,ITPL Main Road,ITPL,100M,0.0,0.0,0,0,0.0,0.0
Bengaluru City,Whitefield Traffic PS,1.04432e+16,2017,1,2,Road Accidents,T Junction,City/Town,Open area,Human Error,No,Damage Only,Others,Signal lights Blinking,Straight and flat,City or Town Road,Bitumen(Tar),Dry,No influence on accident,Fine,ITPL Main Road,Current Pole,4M,0.0,0.0,0,0,0.0,0.0
Bengaluru City,Whitefield Traffic PS,1.04432e+16,2017,1,1,Road Accidents,T Junction,City/Town,Near a recreation place/cinema,Human Error,No,Simple Injury,Others,No signal lights,Straight and flat,City or Town Road,Bitumen(Tar),Dry,No influence on accident,Fine,Kundalahalli Main Road,Near Mayur Hotel,10M,0.0,0.0,0,0,0.0,0.0
Bengaluru City,Whitefield Traffic PS,1.04432e+16,2017,1,2,Road Accidents,Other,City/Town,Near a recreation place/cinema,Human Error,No,Damage Only,Others,Not at  Junction,Straight and flat,City or Town Road,Bitumen(Tar),Dry,No influence on accident,Fine,Varthur Main Road,D Mart Mall,30M,0.0,0.0,0,0,0.0,0.0
Bengaluru City,Whitefield Traffic PS,1.04432e+16,2017,1,1,Road Accidents,Other,City/Town,Near a recreation place/cinema,Human Error,No,Simple Injury,Hit pedestrian,Not at  Junction,Straight and flat,State Highway,Bitumen(Tar),Dry,No influence on accident,Fine,varthur-sarjapura main road,santhosh bar and resturant,10M,0.0,0.0,0,0,0.0,0.0
Bengaluru City,Whitefield Traffic PS,1.04432e+16,2017,1,1,Road Accidents,Other,City/Town,Near Hospital,Human Error,Yes,Grievous Injury,Hit and Run,Not Applicable,Straight and flat,City or Town Road,Bitumen(Tar),Dry,No influence on accident,Fine,carmel ram main road,karunayala hospital,10M,0.0,0.0,0,0,0.0,0.0
Bengaluru City,Whitefield Traffic PS,1.04432e+16,2017,1,2,Road Accidents,Other,City/Town,Open area,Human Error,Yes,Damage Only,Hit and Run,No signal lights,Straight and flat,City or Town Road,Bitumen(Tar),Dry,No influence on accident,Fine,sarjapura main road,kodati gate,10M,0.0,0.0,0,0,0.0,0.0
Bengaluru City,Whitefield Traffic PS,1.04432e+16,2017,1,1,Road Accidents,Other,City/Town,Near a religious place,Human Error,No,Grievous Injury,Others,Not at  Junction,Straight and flat,City or Town Road,Bitumen(Tar),Dry,No influence on accident,Fine,kachamaranahalli main road,maheshwara temple,10M,0.0,0.0,0,0,0.0,0.0
Bengaluru City,Whitefield Traffic PS,1.04432e+16,2017,1,1,Road Accidents,Other,City/Town,Near a religious place,Human Error,No,Grievous Injury,Hit pedestrian,Not at  Junction,Straight and flat,City or Town Road,Bitumen(Tar),Dry,No influence on accident,Fine,carmel ram main road,saint joseph manacity church,10M,0.0,0.0,0,0,0.0,0.0
Bengaluru City,Whitefield Traffic PS,1.04432e+16,2017,1,2,Road Accidents,Junction,City/Town,Near Bus stop,Human Error,Yes,Grievous Injury,Hit and Run,Signal lights Blinking,Straight and flat,City or Town Road,Bitumen(Tar),Dry,No influence on accident,Fine,varthuru main road,thubharahalli bus stop,10M,0.0,0.0,0,0,0.0,0.0
Bengaluru City,Whitefield Traffic PS,1.04432e+16,2017,1,1,Road Accidents,Other,City/Town,Near Hospital,Human Error,Yes,Grievous Injury,Hit pedestrian,Not at  Junction,Straight and flat,City or Town Road,Bitumen(Tar),Dry,No influence on accident,Fine,varthuru main road,R K Multi specility hospital,10M,0.0,0.0,0,0,0.0,0.0
Bengaluru City,Whitefield Traffic PS,1.04432e+16,2017,1,2,Road Accidents,Other,City/Town,Near School or College,Human Error,No,Grievous Injury,Others,Not at  Junction,Straight and flat,City or Town Road,Bitumen(Tar),Dry,No influence on accident,Fine,gunjuru-kachamaranahalli main road,ravishankar school,10M,0.0,0.0,0,0,0.0,0.0
Bengaluru City,Whitefield Traffic PS,1.04432e+16,2017,1,2,Road Accidents,Y Junction,City/Town,Open area,Human Error,Yes,Grievous Injury,Others,No signal lights,Straight and flat,City or Town Road,Bitumen(Tar),Dry,No influence on accident,Fine,varthur-halasahalli main road,balaji building materials,10ft,0.0,0.0,0,0,0.0,0.0
Bengaluru City,Whitefield Traffic PS,1.04432e+16,2017,1,2,Road Accidents,Y Junction,City/Town,Open area,Human Error,No,Grievous Injury,Others,No signal lights,Straight and flat,State Highway,Bitumen(Tar),Dry,No influence on accident,Fine,Kadugodi-Hosakote Main Road,Dinnuru Cross,10M,0.0,0.0,0,0,0.0,0.0
Bengaluru City,Whitefield Traffic PS,1.04432e+16,2017,1,3,Road Accidents,Other,City/Town,Residential area,Human Error,Yes,Fatal,Hit and Run,Not at  Junction,Straight and flat,State Highway,Bitumen(Tar),Dry,No influence on accident,Fine,Kadugodi-Hosakote Main Road,Reliance 10 Downing,30M,0.0,0.0,0,0,0.0,0.0
Bengaluru City,Whitefield Traffic PS,1.04432e+16,2017,1,1,Road Accidents,Narrow road,City/Town,Open area,Human Error,Yes,Grievous Injury,Hit and Run,Not at  Junction,Others,City or Town Road,Bitumen(Tar),Dry,No influence on accident,Fine,"Hosakote Kadugodi main road, in front of saphal market",10DOWINGAPPARTMENT,7 M,0.0,0.0,0,0,0.0,0.0
Bengaluru City,Whitefield Traffic PS,1.04432e+16,2017,1,2,Road Accidents,Y Junction,City/Town,Open area,Human Error,Yes,Simple Injury,Hit pedestrian,Signal lights Blinking,Straight and flat,City or Town Road,Bitumen(Tar),Dry,No influence on accident,Fine,itpl main road,BPL company open place,20M,0.0,0.0,0,0,0.0,0.0
Bengaluru City,Whitefield Traffic PS,1.04432e+16,2017,1,2,Road Accidents,Other,City/Town,Open area,Human Error,No,Grievous Injury,Others,Not Applicable,Straight and flat,Village Road,Bitumen(Tar),Dry,No influence on accident,Fine,gunjuru palya main road,b k gopal land,10M,0.0,0.0,0,0,0.0,0.0
Bengaluru City,Whitefield Traffic PS,1.04432e+16,2017,1,2,Road Accidents,Other,City/Town,Near Bus stop,Human Error,Yes,Grievous Injury,Hit and Run,Not at  Junction,Straight and flat,City or Town Road,Bitumen(Tar),Dry,No influence on accident,Fine,sarjapura main road,near ambedkar bus stop,10M,0.0,0.0,0,0,0.0,0.0
Bengaluru City,Whitefield Traffic PS,1.04432e+16,2018,1,1,Road Accidents,T Junction,City/Town,In bazaar,Human Error,Yes,Simple Injury,Hit pedestrian,No signal lights,Straight and flat,City or Town Road,Bitumen(Tar),Dry,No influence on accident,Fine,ecc main road,A1 NOORS INDIAN FOOD HOTEL,15Ft,0.0,0.0,0,0,0.0,0.0
Bengaluru City,Whitefield Traffic PS,1.04432e+16,2018,1,3,Road Accidents,Other,City/Town,Open area,Human Error,No,Grievous Injury,Others,Not at  Junction,Straight and flat,State Highway,Bitumen(Tar),Dry,No influence on accident,Clear,Varthur main road,varthur lake,20ft,0.0,0.0,0,0,0.0,0.0
Bengaluru City,Whitefield Traffic PS,1.04432e+16,2018,1,1,Road Accidents,Other,City/Town,Open area,Human Error,No,Damage Only,Hit fixed object,Not at  Junction,Straight and flat,City or Town Road,Bitumen(Tar),Dry,No influence on accident,Clear,Belthuru Main Road,green tree,11mts,0.0,0.0,0,0,0.0,0.0
Bengaluru City,Whitefield Traffic PS,1.04432e+16,2018,1,2,Road Accidents,Other,City/Town,In bazaar,Human Error,No,Grievous Injury,Others,Not at  Junction,Straight and flat,City or Town Road,Bitumen(Tar),Dry,No influence on accident,Clear,nallurahalli main road,samsung mobile centre,09M,0.0,0.0,0,0,0.0,0.0
Bengaluru City,Whitefield Traffic PS,1.04432e+16,2018,1,2,Road Accidents,Junction,City/Town,Near a factory industrial area,Human Error,No,Fatal,Others,No signal lights,Slight Curve,City or Town Road,Bitumen(Tar),Dry,No influence on accident,Clear,channasandra main road,electrical pole,10M,0.0,0.0,0,0,0.0,0.0
Bengaluru City,Whitefield Traffic PS,1.04432e+16,2018,1,2,Road Accidents,Other,City/Town,Open area,Human Error,Yes,Simple Injury,Hit and Run,Not at  Junction,Straight and flat,State Highway,Bitumen(Tar),Dry,No influence on accident,Clear,Varthur-Gunjuru main road,green tree,6M,0.0,0.0,0,0,0.0,0.0
Bengaluru City,Whitefield Traffic PS,1.04432e+16,2018,1,1,Road Accidents,Other,City/Town,Open area,Human Error,Yes,Simple Injury,Hit and Run,Not at  Junction,Straight and flat,State Highway,Bitumen(Tar),Dry,No influence on accident,Clear,varthur-gunjuru main road,electrical pole,6m,0.0,0.0,0,0,0.0,0.0
Bengaluru City,Whitefield Traffic PS,1.04432e+16,2018,1,1,Road Accidents,T Junction,City/Town,Open area,Human Error,Yes,Grievous Injury,Hit and Run,No signal lights,Straight and flat,City or Town Road,Bitumen(Tar),Dry,No influence on accident,Clear,Nallurahalli Main Road,electric pole,9M,0.0,0.0,0,0,0.0,0.0
Bengaluru City,Whitefield Traffic PS,1.04432e+16,2018,1,2,Road Accidents,Bridge,City/Town,Narrow bridge or culverts,Human Error,No,Grievous Injury,Others,Give way sign,Straight and flat,State Highway,Bitumen(Tar),Dry,No influence on accident,Clear,Kadugodi-Hosakote Main Road,electric pole,6M,0.0,0.0,0,0,0.0,0.0
Bengaluru City,Whitefield Traffic PS,1.04432e+16,2018,1,2,Road Accidents,Other,City/Town,In bazaar,Human Error,No,Grievous Injury,Head on,Not at  Junction,Straight and flat,City or Town Road,Bitumen(Tar),Dry,No influence on accident,Clear,panatturu main road,sv chicken biriyani centre,10M,0.0,0.0,0,0,0.0,0.0
Bengaluru City,Whitefield Traffic PS,1.04432e+16,2018,1,2,Road Accidents,Junction,City/Town,Near a factory industrial area,Human Error,Yes,Grievous Injury,Hit and Run,Signal lights Blinking,Straight and flat,City or Town Road,Bitumen(Tar),Dry,No influence on accident,Fine,vydehi hospital main road,vydehi hospital junction,10M,0.0,0.0,0,0,0.0,0.0
Bengaluru City,Whitefield Traffic PS,1.04432e+16,2018,1,2,Road Accidents,Other,City/Town,In bazaar,Human Error,No,Grievous Injury,Others,Not at  Junction,Straight and flat,City or Town Road,Bitumen(Tar),Dry,No influence on accident,Clear,Varthur main road,kanheiya potry and handcraft,40ft,0.0,0.0,0,0,0.0,0.0
Bengaluru City,Whitefield Traffic PS,1.04432e+16,2018,1,2,Road Accidents,Other,City/Town,Residential area,Human Error,Yes,Simple Injury,Hit and Run,Not at  Junction,Straight and flat,City or Town Road,Bitumen(Tar),Dry,No influence on accident,Clear,panatturu main road,sai lakefield apartment,20ft,0.0,0.0,0,0,0.0,0.0
Bengaluru City,Whitefield Traffic PS,1.04432e+16,2018,1,3,Road Accidents,Other,City/Town,Near office complex,Human Error,No,Damage Only,Others,Not at  Junction,Straight and flat,State Highway,Bitumen(Tar),Dry,No influence on accident,Fine,whitefield main road,kotek mahindra bank,10ft,0.0,0.0,0,0,0.0,0.0
Bengaluru City,Whitefield Traffic PS,1.04432e+16,2018,1,2,Road Accidents,Other,City/Town,Near School or College,Human Error,No,Grievous Injury,Others,Not at  Junction,Straight and flat,City or Town Road,Bitumen(Tar),Dry,No influence on accident,Clear,Halasahalli main road,Divya jyothi school junction,10M,0.0,0.0,0,0,0.0,0.0
Bengaluru City,Whitefield Traffic PS,1.04432e+16,2018,1,1,Road Accidents,T Junction,City/Town,In bazaar,Human Error,No,Simple Injury,Hit pedestrian,No signal lights,Straight and flat,City or Town Road,Bitumen(Tar),Dry,No influence on accident,Clear,channasandra-FCI main road,RAMEGOWDA CROSS,10M,0.0,0.0,0,0,0.0,0.0
Bengaluru City,Whitefield Traffic PS,1.04432e+16,2018,1,2,Road Accidents,T Junction,City/Town,Near School or College,Human Error,Yes,Fatal,Hit and Run,No signal lights,Straight and flat,City or Town Road,Bitumen(Tar),Dry,No influence on accident,Clear,Belthuru Main Road,electrical pole,4M,0.0,0.0,0,0,0.0,0.0
Bengaluru City,Whitefield Traffic PS,1.04432e+16,2018,1,2,Road Accidents,Other,City/Town,Near a factory industrial area,Human Error,No,Damage Only,Rear end,Not at  Junction,Straight and flat,City or Town Road,Bitumen(Tar),Dry,Construction Work / Material,Fine,ITPL Main Road,brigade tcs company,20M,0.0,0.0,2,0,0.0,2.0
Bengaluru City,Whitefield Traffic PS,1.04432e+16,2018,1,2,Road Accidents,T Junction,City/Town,Open area,Human Error,No,Simple Injury,Rear end,No signal lights,Straight and flat,City or Town Road,Bitumen(Tar),Dry,No influence on accident,Clear,siddapura main road,anjinappa house,3M,0.0,0.0,0,0,0.0,0.0
Bengaluru City,Whitefield Traffic PS,1.04432e+16,2018,1,1,Road Accidents,Junction,City/Town,In bazaar,Human Error,Yes,Grievous Injury,Hit pedestrian,Signal lights Blinking,Straight and flat,City or Town Road,Bitumen(Tar),Dry,No influence on accident,Clear,Varthur Main Road,Chella Bakery,7M,0.0,0.0,0,0,0.0,0.0
Bengaluru City,Whitefield Traffic PS,1.04432e+16,2018,1,1,Road Accidents,Other,City/Town,Residential area,Human Error,Yes,Fatal,Hit pedestrian,Not at  Junction,Straight and flat,City or Town Road,Bitumen(Tar),Dry,No influence on accident,Clear,Varthur Main Road,Ashif House,10ft,0.0,0.0,0,0,0.0,0.0
Bengaluru City,Whitefield Traffic PS,1.04432e+16,2018,1,2,Road Accidents,Junction,City/Town,Open area,Human Error,No,Simple Injury,Others,Signal lights Blinking,Straight and flat,State Highway,Bitumen(Tar),Dry,No influence on accident,Clear,Whitefield Main Road,Green Tree,13M,0.0,0.0,0,0,0.0,0.0
Bengaluru City,Whitefield Traffic PS,1.04432e+16,2018,1,1,Road Accidents,Narrow road,City/Town,Near Bus stop,Human Error,Yes,Simple Injury,Hit and Run,Not at  Junction,Not Applicable,City or Town Road,Bitumen(Tar),Dry,Not Applicable,Fine,SARJAPURA MAIN ROAD,ELCTRIC POLL,9,0.0,0.0,0,0,0.0,0.0
Bengaluru City,Whitefield Traffic PS,1.04432e+16,2018,1,1,Road Accidents,Other,City/Town,Open area,Human Error,No,Damage Only,Hit fixed object,Not at  Junction,Straight and flat,City or Town Road,Bitumen(Tar),Dry,No influence on accident,Fine,belthur main road,vinayaka store,10ft,0.0,0.0,0,0,0.0,0.0
Bengaluru City,Whitefield Traffic PS,1.04432e+16,2018,1,2,Road Accidents,T Junction,City/Town,Open area,Human Error,Yes,Fatal,Hit and Run,No signal lights,Straight and flat,City or Town Road,Bitumen(Tar),Dry,No influence on accident,Fine,kodati gate main road,near SMP biriyani centre,25Mtrs,0.0,0.0,0,0,0.0,0.0
Bengaluru City,Whitefield Traffic PS,1.04432e+16,2018,1,2,Road Accidents,Other,City/Town,Residential area,Human Error,No,Grievous Injury,Others,Not at  Junction,Straight and flat,City or Town Road,Bitumen(Tar),Dry,No influence on accident,Clear,madhuranagar main road,madhuranagar,20ft,0.0,0.0,0,0,0.0,0.0
Bengaluru City,Whitefield Traffic PS,1.04432e+16,2018,1,2,Road Accidents,Other,City/Town,Residential area,Human Error,No,Simple Injury,Side swipe,Not at  Junction,Straight and flat,City or Town Road,Bitumen(Tar),Dry,No influence on accident,Clear,belthur main road,Retreate apartment gate,10M,0.0,0.0,0,0,0.0,0.0
Bengaluru City,Whitefield Traffic PS,1.04432e+16,2018,1,2,Road Accidents,Not Applicable,City/Town,Open area,Human Error,Yes,Fatal,Vehicle to Vehicle,No signal lights,Straight and flat,State Highway,Bitumen(Tar),Dry,No influence on accident,Clear,Kadugodi-Hosakote Main Road,safal market,30M,0.0,0.0,0,0,0.0,0.0
Bengaluru City,Whitefield Traffic PS,1.04432e+16,2018,1,1,Road Accidents,Other,City/Town,Near Bus stop,Human Error,No,Grievous Injury,Hit pedestrian,Not at  Junction,Straight and flat,State Highway,Bitumen(Tar),Dry,No influence on accident,Clear,Kadugodi-Hosakote Main Road,BMTC Bus Stop,6m,0.0,0.0,0,0,0.0,0.0
Bengaluru City,Whitefield Traffic PS,1.04432e+16,2018,1,2,Road Accidents,Other,City/Town,Residential area,Human Error,No,Grievous Injury,Others,Not at  Junction,Straight and flat,City or Town Road,Bitumen(Tar),Dry,No influence on accident,Clear,Nallurahalli Main Road,spectra palmwood apartment,20m,0.0,0.0,0,0,0.0,0.0
Bengaluru City,Whitefield Traffic PS,1.04432e+16,2018,1,1,Road Accidents,Other,City/Town,Residential area,Human Error,Yes,Grievous Injury,Hit and Run,Not at  Junction,Straight and flat,City or Town Road,Bitumen(Tar),Dry,No influence on accident,Fine,Channasandra-FCI Main Road,Ramegowda Nagar Gate,5M,0.0,0.0,0,0,0.0,0.0
Bengaluru City,Whitefield Traffic PS,1.04432e+16,2018,1,2,Road Accidents,Narrow road,City/Town,Near office complex,Human Error,Yes,Simple Injury,Hit and Run,Not at  Junction,Not Applicable,City or Town Road,Bitumen(Tar),Dry,Not Applicable,Fine,WHITEFIELD MAIN ROAD,ELCTRIC POLL,9,0.0,0.0,0,0,0.0,0.0
Bengaluru City,Whitefield Traffic PS,1.04432e+16,2018,1,1,Road Accidents,Other,City/Town,Near a factory industrial area,Human Error,Yes,Grievous Injury,Hit pedestrian,Not at  Junction,Straight and flat,City or Town Road,Bitumen(Tar),Dry,No influence on accident,Clear,sorahunase main road,andra bank,20ft,0.0,0.0,0,0,0.0,0.0
Bengaluru City,Whitefield Traffic PS,1.04432e+16,2018,1,2,Road Accidents,Other,City/Town,Open area,Human Error,No,Damage Only,Others,Not at  Junction,Straight and flat,State Highway,Bitumen(Tar),Dry,No influence on accident,Clear,kadugodi-hosakote main road,m k retail market,50ft,0.0,0.0,0,0,0.0,0.0
Bengaluru City,Whitefield Traffic PS,1.04432e+16,2018,1,2,Road Accidents,Other,City/Town,Near Hospital,Human Error,No,Grievous Injury,Others,Not at  Junction,Straight and flat,City or Town Road,Bitumen(Tar),Dry,No influence on accident,Fine,channasandra-chikkatirupati main road,rudrappa healthcare,100ft,0.0,0.0,0,0,0.0,0.0
Bengaluru City,Whitefield Traffic PS,1.04432e+16,2018,1,2,Road Accidents,Other,City/Town,Open area,Human Error,Yes,Simple Injury,Hit and Run,Not at  Junction,Straight and flat,City or Town Road,Bitumen(Tar),Dry,No influence on accident,Fine,Varthur main road,IDBI Bank,30ft,0.0,0.0,0,0,0.0,0.0
Bengaluru City,Whitefield Traffic PS,1.04432e+16,2018,1,2,Road Accidents,Other,City/Town,In bazaar,Human Error,No,Grievous Injury,Others,Not at  Junction,Straight and flat,State Highway,Bitumen(Tar),Dry,No influence on accident,Fine,whitefield main road,SWASTHA HOSPITAL,20mts,0.0,0.0,0,0,0.0,0.0
Bengaluru City,Whitefield Traffic PS,1.04432e+16,2018,1,1,Road Accidents,T Junction,City/Town,In bazaar,Human Error,Yes,Grievous Injury,Hit and Run,Not at  Junction,Straight and flat,City or Town Road,Bitumen(Tar),Dry,No influence on accident,Clear,varthur main road,fish paradise,11M,0.0,0.0,0,0,0.0,0.0
Bengaluru City,Whitefield Traffic PS,1.04432e+16,2018,1,1,Road Accidents,Other,City/Town,Open area,Human Error,Yes,Simple Injury,Hit and Run,Not at  Junction,Straight and flat,City or Town Road,Bitumen(Tar),Dry,No influence on accident,Fine,sulikunte main road,electrical pole,7M,0.0,0.0,0,0,0.0,0.0
Bengaluru City,Whitefield Traffic PS,1.04432e+16,2018,1,1,Road Accidents,Other,City/Town,Open area,Human Error,Yes,Grievous Injury,Hit pedestrian,Not at  Junction,Straight and flat,City or Town Road,Bitumen(Tar),Dry,No influence on accident,Clear,channasandra-FCI main road,green tree,7M,0.0,0.0,0,0,0.0,0.0
Bengaluru City,Whitefield Traffic PS,1.04432e+16,2018,1,1,Road Accidents,Other,City/Town,Near School or College,Human Error,Yes,Grievous Injury,Hit pedestrian,Not at  Junction,Straight and flat,City or Town Road,Bitumen(Tar),Dry,No influence on accident,Clear,channasandra main road,Global Arts Building,17M,0.0,0.0,0,0,0.0,0.0
Bengaluru City,Whitefield Traffic PS,1.04432e+16,2018,1,2,Road Accidents,T Junction,City/Town,In bazaar,Human Error,Yes,Damage Only,Hit and Run,No signal lights,Straight and flat,City or Town Road,Bitumen(Tar),Dry,No influence on accident,Clear,sarjapura main road,electrical pole,6m,0.0,0.0,0,0,0.0,0.0
Bengaluru City,Whitefield Traffic PS,1.04432e+16,2018,1,2,Road Accidents,Other,City/Town,Residential area,Human Error,No,Damage Only,Others,Not at  Junction,Straight and flat,City or Town Road,Bitumen(Tar),Dry,No influence on accident,Clear,varthur main road,Regiant plus apartment,10M,0.0,0.0,0,0,0.0,0.0
Bengaluru City,Whitefield Traffic PS,1.04432e+16,2018,1,2,Road Accidents,Junction,City/Town,In bazaar,Human Error,No,Grievous Injury,Others,Signal lights Blinking,Straight and flat,State Highway,Bitumen(Tar),Dry,No influence on accident,Clear,Whitefield Main Road,royal mart super market,16M,0.0,0.0,0,0,0.0,0.0
Bengaluru City,Whitefield Traffic PS,1.04432e+16,2018,1,1,Road Accidents,Other,City/Town,Near Hospital,Human Error,Yes,Fatal,Hit and Run,Not at  Junction,Straight and flat,State Highway,Bitumen(Tar),Dry,No influence on accident,Fine,Whitefield Main Road,green tree,5M,0.0,0.0,0,0,0.0,0.0
Bengaluru City,Whitefield Traffic PS,1.04432e+16,2018,1,1,Road Accidents,Other,City/Town,Near a factory industrial area,Human Error,Yes,Fatal,Hit pedestrian,Not Applicable,Straight and flat,City or Town Road,Bitumen(Tar),Dry,No influence on accident,Fine,varthur main road,sumadhur apartment,50ft,0.0,0.0,0,0,0.0,0.0
Bengaluru City,Whitefield Traffic PS,1.04432e+16,2018,1,2,Road Accidents,More than four arms,City/Town,Near office complex,Human Error,No,Grievous Injury,Others,Signal lights Blinking,Straight and flat,City or Town Road,Bitumen(Tar),Dry,No influence on accident,Clear,nallurahalli main road,HDFC BANK ATM,44ft,0.0,0.0,0,0,0.0,0.0
Bengaluru City,Whitefield Traffic PS,1.04432e+16,2018,1,1,Road Accidents,Other,City/Town,In bazaar,Human Error,Yes,Grievous Injury,Hit pedestrian,Not Applicable,Straight and flat,City or Town Road,Bitumen(Tar),Dry,No influence on accident,Fine,channasandra main road,star bakery,20ft,0.0,0.0,0,0,0.0,0.0
Bengaluru City,Whitefield Traffic PS,1.04432e+16,2018,1,3,Road Accidents,Other,City/Town,In bazaar,Human Error,No,Damage Only,Others,Not at  Junction,Straight and flat,State Highway,Bitumen(Tar),Dry,No influence on accident,Fine,Varthur main road,varthur gandhi circle,10ft,0.0,0.0,0,0,0.0,0.0
Bengaluru City,Whitefield Traffic PS,1.04432e+16,2018,1,2,Road Accidents,Other,City/Town,Near Petrol Pump,Human Error,No,Fatal,Others,Not at  Junction,Straight and flat,State Highway,Bitumen(Tar),Dry,No influence on accident,Clear,kadugodi-hosakote main road,shell petrol bunk,20ft,0.0,0.0,0,0,0.0,0.0