DISTRICTNAME,UNITNAME,Crime_No,Year,RI,Noofvehicle_involved,Accident_Classification,Accident_Spot,Accident_Location,Accident_SubLocation,Main_Cause,Hit_Run,Severity,Collision_Type,Junction_Control,Road_Character,Road_Type,Surface_Type,Surface_Condition,Road_Condition,Weather,Accident_Road,Landmark_first,Distance_LandMark_First,Latitude,Longitude,Road_Condition_Score,Surface_Condition_Score,Surface_Type_Score,Road_Risk_Index
Bengaluru City,Whitefield Traffic PS,1.04432e+16,2019,1,1,Road Accidents,Junction,City/Town,Near a factory industrial area,Human Error,Yes,Fatal,Hit bicyclist,Signal lights Not working,Straight and flat,Others,Bitumen(Tar),Dry,No influence on accident,Clear,itpl main road,Green Tree,10M,12.987624,77.740183,0,0,0.0,0.0
Bengaluru City,Whitefield Traffic PS,1.04432e+16,2019,1,2,Road Accidents,Not Applicable,City/Town,Open area,Human Error,No,Damage Only,Vehicle to Vehicle,Not at  Junction,Straight and flat,State Highway,Bitumen(Tar),Dry,No influence on accident,Clear,sarjapura main road,Green Tree,8M,12.898399,77.715642,0,0,0.0,0.0
Bengaluru City,Whitefield Traffic PS,1.04432e+16,2019,1,1,Road Accidents,Not Applicable,City/Town,Near Bus stop,Human Error,Yes,Grievous Injury,Hit pedestrian,Not at  Junction,Straight and flat,Not Applicable,Bitumen(Tar),Dry,No influence on accident,Clear,ITPL Main Road,Electrical Pole,4.4M,12.9882,77.731357,0,0,0.0,0.0
Bengaluru City,Whitefield Traffic PS,1.04432e+16,2019,1,2,Road Accidents,Not Applicable,City/Town,In bazaar,Human Error,No,Grievous Injury,Vehicle to Vehicle,Not at  Junction,Straight and flat,Others,Bitumen(Tar),Dry,No influence on accident,Clear,Channasandra-Chikkatirupati Main Road,Green Tree,14M,12.983018,77.761882,0,0,0.0,0.0
Bengaluru City,Whitefield Traffic PS,1.04432e+16,2019,1,1,Road Accidents,Not Applicable,City/Town,Near Hospital,Human Error,No,Fatal,Hit pedestrian,Not at  Junction,Straight and flat,State Highway,Bitumen(Tar),Dry,No influence on accident,Clear,Varthur-Gunjuru main road,varthur govt hospital,10.6M,12.937867,77.7464269,0,0,0.0,0.0
Bengaluru City,Whitefield Traffic PS,1.04432e+16,2019,1,1,Road Accidents,Junction,City/Town,Near School or College,Human Error,No,Damage Only,Not Applicable,No signal lights,Straight and flat,Others,Bitumen(Tar),Dry,No influence on accident,Clear,Nagondanahalli Main Road,HDFC Bank ATM,7M,0.0,0.0,0,0,0.0,0.0
Bengaluru City,Whitefield Traffic PS,1.04432e+16,2019,1,3,Road Accidents,T Junction,City/Town,Near Bus stop,Human Error,No,Grievous Injury,Others,Signal lights Blinking,Straight and flat,State Highway,Bitumen(Tar),Dry,No influence on accident,Clear,kadugodi-hosakote main road,bmtc bus stop,9M,13.024219,77.761653,0,0,0.0,0.0
Bengaluru City,Whitefield Traffic PS,1.04432e+16,2019,1,2,Road Accidents,Other,City/Town,Open area,Human Error,Yes,Grievous Injury,Hit and Run,Not at  Junction,Straight and flat,City or Town Road,Bitumen(Tar),Dry,No influence on accident,Clear,madhuranagar main road,green tree,10M,12.940777,77.758243,0,0,0.0,0.0
Bengaluru City,Whitefield Traffic PS,1.04432e+16,2019,1,2,Road Accidents,Curves,City/Town,Near a religious place,Human Error,No,Damage Only,Head on,No signal lights,Slight Curve,City or Town Road,Bitumen(Tar),Dry,No influence on accident,Clear,dinnur main road,Electrical Pole,8M,12.99105,77.751294,0,0,0.0,0.0
Bengaluru City,Whitefield Traffic PS,1.04432e+16,2019,1,2,Road Accidents,Other,City/Town,Near a religious place,Human Error,Yes,Damage Only,Hit and Run,Not at  Junction,Straight and flat,State Highway,Bitumen(Tar),Dry,No influence on accident,Clear,whitefield main road,bmtc bus stop,8M,12.977457,77.7512099,0,0,0.0,0.0
Bengaluru City,Whitefield Traffic PS,1.04432e+16,2019,1,2,Road Accidents,Other,City/Town,Near Petrol Pump,Human Error,No,Grievous Injury,Rear end,Not at  Junction,Straight and flat,City or Town Road,Bitumen(Tar),Dry,No influence on accident,Clear,Channasandra-Chikkatirupati Main Road,green tree,11M,12.984079,77.772588,0,0,0.0,0.0
Bengaluru City,Whitefield Traffic PS,1.04432e+16,2019,1,2,Road Accidents,Other,City/Town,Near a recreation place/cinema,Human Error,No,Damage Only,Others,Not at  Junction,Straight and flat,State Highway,Bitumen(Tar),Dry,No influence on accident,Clear,whitefield main road,green tree,10M,12.959112,77.746478,0,0,0.0,0.0
Bengaluru City,Whitefield Traffic PS,1.04432e+16,2019,1,1,Road Accidents,Not Applicable,City/Town,Near Hospital,Human Error,No,Grievous Injury,Not Applicable,Not Applicable,Straight and flat,State Highway,Bitumen(Tar),Dry,No influence on accident,Clear,whitefield main road,Green Tree,8.7M,12.961406,77.747631,0,0,0.0,0.0
Bengaluru City,Whitefield Traffic PS,1.04432e+16,2019,1,1,Road Accidents,Junction,City/Town,Open area,Human Error,No,Grievous Injury,Not Applicable,No signal lights,Slight Curve,Others,Bitumen(Tar),Dry,No influence on accident,Clear,madhuranagar main road,barkat chicken mutton centre,8M,12.943458,77.75116,0,0,0.0,0.0
Bengaluru City,Whitefield Traffic PS,1.04432e+16,2019,1,2,Road Accidents,Not Applicable,City/Town,Open area,Human Error,No,Grievous Injury,Vehicle to Vehicle,Not at  Junction,Straight and flat,Not Applicable,Bitumen(Tar),Dry,No influence on accident,Clear,sarjapura main road,Electrical Pole,12M,12.901442,77.708094,0,0,0.0,0.0
Bengaluru City,Whitefield Traffic PS,1.04432e+16,2019,1,2,Road Accidents,Not Applicable,City/Town,Open area,Human Error,Yes,Fatal,Vehicle to Vehicle,Not at  Junction,Straight and flat,State Highway,Bitumen(Tar),Dry,No influence on accident,Clear,kadugodi-hosakote main road,Green Tree,10M,12.991815,77.756526,0,0,0.0,0.0
Bengaluru City,Whitefield Traffic PS,1.04432e+16,2019,1,1,Road Accidents,Junction,City/Town,In bazaar,Human Error,Yes,Grievous Injury,Hit bicyclist,Signal lights Blinking,Straight and flat,State Highway,Bitumen(Tar),Dry,No influence on accident,Clear,whitefield main road,Electrical Pole,7.7M,12.980415,77.751707,0,0,0.0,0.0
Bengaluru City,Whitefield Traffic PS,1.04432e+16,2019,1,1,Road Accidents,Not Applicable,City/Town,Residential area,Human Error,Yes,Grievous Injury,Hit pedestrian,Not at  Junction,Straight and flat,State Highway,Bitumen(Tar),Dry,No influence on accident,Clear,kadugodi-hosakote main road,Green Tree,6M,13.026622,77.761032,0,0,0.0,0.0
Bengaluru City,Whitefield Traffic PS,1.04432e+16,2019,1,2,Road Accidents,Not Applicable,City/Town,Near School or College,Human Error,Yes,Fatal,Vehicle to Vehicle,Not at  Junction,Straight and flat,Sub Arterial,Bitumen(Tar),Dry,No influence on accident,Clear,Hagadhuru Main Road,veerabhadreshwar swamy sannidi,8.8M,0.0,0.0,0,0,0.0,0.0
Bengaluru City,Whitefield Traffic PS,1.04432e+16,2019,1,2,Road Accidents,Not Applicable,City/Town,Residential area,Human Error,Yes,Grievous Injury,Vehicle to Vehicle,Not at  Junction,Not Applicable,Others,Bitumen(Tar),Dry,No influence on accident,Clear,Kadugodi-Channasandra Main Road,Cement Compound,3M,0.0,0.0,0,0,0.0,0.0
Bengaluru City,Whitefield Traffic PS,1.04432e+16,2019,1,1,Road Accidents,Not Applicable,City/Town,Open area,Human Error,Yes,Grievous Injury,Hit pedestrian,Not at  Junction,Straight and flat,Sub Arterial,Bitumen(Tar),Dry,No influence on accident,Clear,Siddapura Main Road,Coconut Tree,2M,0.0,0.0,0,0,0.0,0.0
Bengaluru City,Whitefield Traffic PS,1.04432e+16,2019,1,1,Road Accidents,Not Applicable,City/Town,In bazaar,Human Error,Yes,Simple Injury,Not Applicable,Not at  Junction,Straight and flat,Others,Bitumen(Tar),Dry,No influence on accident,Clear,Varthur Main Road,Royal Bazar Vegetable Shop,11M,0.0,0.0,0,0,0.0,0.0
Bengaluru City,Whitefield Traffic PS,1.04432e+16,2019,1,2,Road Accidents,Other,City/Town,Open area,Human Error,No,Grievous Injury,Head on,Not at  Junction,Straight and flat,City or Town Road,Bitumen(Tar),Dry,No influence on accident,Clear,dinnur main road,indian bedding centre,11M,12.99251,77.754158,0,0,0.0,0.0
Bengaluru City,Whitefield Traffic PS,1.04432e+16,2019,1,1,Road Accidents,Other,City/Town,Open area,Human Error,Yes,Fatal,Hit and Run,Not at  Junction,Straight and flat,State Highway,Bitumen(Tar),Dry,No influence on accident,Clear,kadugodi-hosakote main road,Near Dinnuru Juction,20M,12.993045,77.757569,0,0,0.0,0.0
Bengaluru City,Whitefield Traffic PS,1.04432e+16,2019,1,2,Road Accidents,Junction,City/Town,Open area,Human Error,Yes,Fatal,Vehicle to Vehicle,No signal lights,Straight and flat,State Highway,Bitumen(Tar),Dry,No influence on accident,Clear,kadugodi-hosakote main road,Electrical Pole,6M,13.037665,77.759629,0,0,0.0,0.0
Bengaluru City,Whitefield Traffic PS,1.04432e+16,2019,1,1,Road Accidents,Not Applicable,City/Town,In bazaar,Human Error,No,Simple Injury,Hit pedestrian,Not Applicable,Straight and flat,Others,Bitumen(Tar),Dry,No influence on accident,Clear,Varthur main road,Green Tree,10M,12.95595,77.729174,0,0,0.0,0.0
Bengaluru City,Whitefield Traffic PS,1.04432e+16,2019,1,1,Road Accidents,Not Applicable,City/Town,Near Bus stop,Human Error,No,Fatal,Hit pedestrian,Not at  Junction,Straight and flat,State Highway,Bitumen(Tar),Dry,No influence on accident,Clear,kadugodi-hosakote main road,BUS STOP,20M,13.02448,77.761684,0,0,0.0,0.0
Bengaluru City,Whitefield Traffic PS,1.04432e+16,2019,1,2,Road Accidents,Not Applicable,City/Town,Near a recreation place/cinema,Human Error,No,Grievous Injury,Vehicle to Vehicle,Not at  Junction,Slight Curve,State Highway,Bitumen(Tar),Dry,No influence on accident,Clear,Varthur-Gunjuru main road,Electrical Pole,8M,12.935355,77.743809,0,0,0.0,0.0
Bengaluru City,Whitefield Traffic PS,1.04432e+16,2019,1,2,Road Accidents,Junction,City/Town,Residential area,Human Error,Yes,Fatal,Vehicle to Vehicle,Signal lights Blinking,Straight and flat,Others,Bitumen(Tar),Dry,No influence on accident,Clear,Varthur main road,Royal furniture shop,6M,12.956949,77.740751,0,0,0.0,0.0
Bengaluru City,Whitefield Traffic PS,1.04432e+16,2019,1,1,Road Accidents,Not Applicable,City/Town,Near Bus stop,Human Error,No,Grievous Injury,Not Applicable,Not at  Junction,Straight and flat,State Highway,Bitumen(Tar),Ditch or Potholed,No influence on accident,Clear,Varthur-Sarjapura Main Road,BMTC Bus Stop,4M,12.9208,77.736407,0,5,0.0,5.0
Bengaluru City,Whitefield Traffic PS,1.04432e+16,2019,1,2,Road Accidents,Not Applicable,City/Town,Near a factory industrial area,Human Error,No,Grievous Injury,Vehicle to Vehicle,Not at  Junction,Straight and flat,Not Applicable,Bitumen(Tar),Dry,No influence on accident,Clear,ITPL Main Road,Green Tree,10M,0.0,0.0,0,0,0.0,0.0
Bengaluru City,Whitefield Traffic PS,1.04432e+16,2019,1,2,Road Accidents,Not Applicable,City/Town,Residential area,Human Error,Yes,Grievous Injury,Vehicle to Vehicle,Not at  Junction,Straight and flat,State Highway,Bitumen(Tar),Dry,No influence on accident,Clear,Varthur-Sarjapura Main Road,Brigade Corner Stone Apartment,17.5M,12.934746,77.743537,0,0,0.0,0.0
Bengaluru City,Whitefield Traffic PS,1.04432e+16,2019,1,1,Road Accidents,Not Applicable,City/Town,Near Hospital,Human Error,No,Grievous Injury,Hit pedestrian,Not at  Junction,Straight and flat,State Highway,Bitumen(Tar),Dry,No influence on accident,Clear,Varthur-Sarjapura Main Road,Electrical Pole,11M,0.0,0.0,0,0,0.0,0.0
Bengaluru City,Whitefield Traffic PS,1.04432e+16,2019,1,2,Road Accidents,Not Applicable,City/Town,Near a recreation place/cinema,Human Error,Yes,Fatal,Vehicle to Vehicle,Not at  Junction,Straight and flat,Arterial,Bitumen(Tar),Dry,No influence on accident,Clear,ITPL Main Road,Electrical Pole,7M,0.0,0.0,0,0,0.0,0.0
Bengaluru City,Whitefield Traffic PS,1.04432e+16,2019,1,2,Road Accidents,Not Applicable,City/Town,Residential area,Human Error,Yes,Damage Only,Vehicle to Vehicle,Not at  Junction,Straight and flat,State Highway,Bitumen(Tar),Dry,No influence on accident,Clear,kadugodi-hosakote main road,Gelaxy Archid Park Apartment,17.2M,0.0,0.0,0,0,0.0,0.0
Bengaluru City,Whitefield Traffic PS,1.04432e+16,2019,1,2,Road Accidents,Not Applicable,City/Town,Near a recreation place/cinema,Human Error,No,Fatal,Vehicle to Vehicle,Not at  Junction,Straight and flat,Arterial,Bitumen(Tar),Dry,No influence on accident,Clear,ITPL Main Road,Thalassery Hotel,8M,0.0,0.0,0,0,0.0,0.0
Bengaluru City,Whitefield Traffic PS,1.04432e+16,2019,1,2,Road Accidents,Not Applicable,City/Town,Residential area,Human Error,Yes,Damage Only,Vehicle to Vehicle,Not at  Junction,Straight and flat,State Highway,Bitumen(Tar),Dry,No influence on accident,Clear,kadugodi-hosakote main road,Alfin View Apartment,11M,13.018872,77.76226,0,0,0.0,0.0
Bengaluru City,Whitefield Traffic PS,1.04432e+16,2019,1,1,Road Accidents,Junction,City/Town,Residential area,Human Error,Yes,Grievous Injury,Hit pedestrian,No signal lights,Straight and flat,Residential Street,Bitumen(Tar),Dry,No influence on accident,Clear,Kadugodi Garden Road,Garden Compound,3M,12.997948,77.76099,0,0,0.0,0.0
Bengaluru City,Whitefield Traffic PS,1.04432e+16,2019,1,1,Road Accidents,Junction,City/Town,Open area,Human Error,No,Grievous Injury,Hit pedestrian,Signal lights Blinking,Straight and flat,State Highway,Bitumen(Tar),Dry,No influence on accident,Clear,whitefield main road,Electrical Pole,5M,12.97891,77.751395,0,0,0.0,0.0
Bengaluru City,Whitefield Traffic PS,1.04432e+16,2019,1,2,Road Accidents,Other,City/Town,Open area,Human Error,No,Simple Injury,Head on,Not at  Junction,Straight and flat,State Highway,Bitumen(Tar),Dry,No influence on accident,Clear,kadugodi-hosakote main road,k ashwath house compound,7M,13.018837,77.762065,0,0,0.0,0.0
Bengaluru City,Whitefield Traffic PS,1.04432e+16,2019,1,2,Road Accidents,Junction,City/Town,Open area,Human Error,No,Grievous Injury,Vehicle to Vehicle,Signal lights Blinking,Slight Curve,State Highway,Bitumen(Tar),Dry,No influence on accident,Clear,whitefield main road,Green Tree,14M,12.956827,77.745411,0,0,0.0,0.0
Bengaluru City,Whitefield Traffic PS,1.04432e+16,2019,1,2,Road Accidents,Not Applicable,City/Town,Open area,Human Error,Yes,Grievous Injury,Vehicle to Vehicle,Not at  Junction,Straight and flat,Not Applicable,Bitumen(Tar),Dry,No influence on accident,Clear,Chinnagenahalli Main Road,Electrical Pole,4.6M,13.028416,77.7505539,0,0,0.0,0.0
Bengaluru City,Whitefield Traffic PS,1.04432e+16,2019,1,1,Road Accidents,Junction,City/Town,In bazaar,Human Error,Yes,Fatal,Hit pedestrian,Signal lights Automatic,Straight and flat,Not Applicable,Bitumen(Tar),Dry,No influence on accident,Clear,Varthur Main Road,New Royal Footwear Shop,20M,0.0,0.0,0,0,0.0,0.0
Bengaluru City,Whitefield Traffic PS,1.04432e+16,2019,1,1,Road Accidents,Not Applicable,City/Town,In bazaar,Human Error,No,Simple Injury,Vehicle to Vehicle,Not at  Junction,Straight and flat,State Highway,Bitumen(Tar),Dry,No influence on accident,Clear,kadugodi-hosakote main road,Electrical Pole,8.5KM,0.0,0.0,0,0,0.0,0.0
Bengaluru City,Whitefield Traffic PS,1.04432e+16,2019,1,1,Road Accidents,Not Applicable,City/Town,Near a recreation place/cinema,Human Error,No,Grievous Injury,Hit pedestrian,Not at  Junction,Straight and flat,Not Applicable,Bitumen(Tar),Dry,No influence on accident,Clear,Varthur Main Road,Electrical Pole,8M,0.0,0.0,0,0,0.0,0.0
Bengaluru City,Whitefield Traffic PS,1.04432e+16,2019,1,2,Road Accidents,Other,City/Town,Residential area,Human Error,Yes,Grievous Injury,Hit and Run,Not at  Junction,Straight and flat,City or Town Road,Bitumen(Tar),Dry,No influence on accident,Clear,panatturu main road,shekhar villa view apartment,7M,12.938483,77.7161989,0,0,0.0,0.0
Bengaluru City,Whitefield Traffic PS,1.04432e+16,2019,1,1,Road Accidents,Not Applicable,City/Town,Open area,Human Error,No,Fatal,Not Applicable,Not at  Junction,Straight and flat,Not Applicable,Bitumen(Tar),Dry,No influence on accident,Clear,Nallurahalli-Siddapura Main Road,Parijata Farm,4M,0.0,0.0,0,0,0.0,0.0
Bengaluru City,Whitefield Traffic PS,1.04432e+16,2019,1,1,Road Accidents,Not Applicable,City/Town,Near a factory industrial area,Human Error,No,Grievous Injury,Not Applicable,Not at  Junction,Straight and flat,Not Applicable,Bitumen(Tar),Dry,Construction Work / Material,Clear,vydehi-graphite india main road,SAI BABA BUS STOP,6M,12.982655,77.728178,2,0,0.0,2.0
Bengaluru City,Whitefield Traffic PS,1.04432e+16,2019,1,2,Road Accidents,Not Applicable,City/Town,Near Bus stop,Human Error,No,Grievous Injury,Vehicle to Vehicle,Not at  Junction,Straight and flat,State Highway,Bitumen(Tar),Dry,No influence on accident,Clear,kadugodi-hosakote main road,bmtc bus stop,11M,13.009815,77.759026,0,0,0.0,0.0
Bengaluru City,Whitefield Traffic PS,1.04432e+16,2019,1,2,Road Accidents,Not Applicable,City/Town,Residential area,Human Error,Yes,Grievous Injury,Vehicle to Vehicle,Not at  Junction,Straight and flat,Two way,Bitumen(Tar),Dry,No influence on accident,Clear,balagere main road,Electrical Pole,8M,12.939352,77.73033,0,0,0.0,0.0
Bengaluru City,Whitefield Traffic PS,1.04432e+16,2019,1,3,Road Accidents,Not Applicable,City/Town,Open area,Human Error,No,Damage Only,Vehicle to Vehicle,Not at  Junction,Straight and flat,Not Applicable,Bitumen(Tar),Dry,No influence on accident,Clear,Varthur main road,shiva glass house,12M,12.955779,77.721047,0,0,0.0,0.0
Bengaluru City,Whitefield Traffic PS,1.04432e+16,2019,1,2,Road Accidents,Curves,City/Town,Near Bus stop,Human Error,Yes,Fatal,Vehicle to Vehicle,No signal lights,Slight Curve,Others,Bitumen(Tar),Dry,No influence on accident,Clear,Channasandra-Chikkatirupati Main Road,bmtc bus stop,6.5M,12.98291,77.761652,0,0,0.0,0.0
Bengaluru City,Whitefield Traffic PS,1.04432e+16,2019,1,2,Road Accidents,Not Applicable,City/Town,Residential area,Not Applicable,No,Simple Injury,Vehicle to Vehicle,Not at  Junction,Straight and flat,State Highway,Bitumen(Tar),Dry,No influence on accident,Clear,Varthur-Gunjuru main road,Electrical Pole,18M,12.934309,77.743362,0,0,0.0,0.0
Bengaluru City,Whitefield Traffic PS,1.04432e+16,2019,1,2,Road Accidents,Cross roads,City/Town,Near School or College,Human Error,No,Simple Injury,Vehicle to Vehicle,Not at  Junction,Slight Curve,Others,Bitumen(Tar),Dry,No influence on accident,Clear,krupanidhi college main road,Electrical Pole,5.6M,12.915529,77.7228939,0,0,0.0,0.0
Bengaluru City,Whitefield Traffic PS,1.04432e+16,2019,1,2,Road Accidents,Not Applicable,City/Town,Residential area,Human Error,Yes,Grievous Injury,Vehicle to Vehicle,Not at  Junction,Straight and flat,State Highway,Bitumen(Tar),Dry,No influence on accident,Clear,kadugodi-hosakote main road,Electrical Pole,9M,13.021737,77.76196,0,0,0.0,0.0
Bengaluru City,Whitefield Traffic PS,1.04432e+16,2019,1,3,Road Accidents,Not Applicable,City/Town,In bazaar,Human Error,No,Damage Only,Vehicle to Vehicle,Not at  Junction,Straight and flat,Not Applicable,Bitumen(Tar),Dry,No influence on accident,Clear,sarjapura main road,Green Tree,13M,0.0,0.0,0,0,0.0,0.0
Bengaluru City,Whitefield Traffic PS,1.04432e+16,2019,1,3,Road Accidents,Not Applicable,City/Town,Near a factory industrial area,Human Error,Yes,Grievous Injury,Vehicle to Vehicle,Not at  Junction,Straight and flat,Arterial,Bitumen(Tar),Dry,No influence on accident,Clear,Varthur Main Road,Soham Developers,8.5M,0.0,0.0,0,0,0.0,0.0
Bengaluru City,Whitefield Traffic PS,1.04432e+16,2019,1,2,Road Accidents,Junction,City/Town,Open area,Human Error,No,Damage Only,Side swipe,Signal lights Blinking,Straight and flat,State Highway,Bitumen(Tar),Dry,No influence on accident,Clear,kadugodi-hosakote main road,Electrical Pole,06M,12.992782,77.7571819,0,0,0.0,0.0
Bengaluru City,Whitefield Traffic PS,1.04432e+16,2019,1,1,Road Accidents,Other,City/Town,Near Petrol Pump,Human Error,Yes,Grievous Injury,Hit pedestrian,Not at  Junction,Straight and flat,City or Town Road,Bitumen(Tar),Dry,No influence on accident,Clear,Channasandra-Chikkatirupati Main Road,Kateramma Temple,20M,12.984095,77.773267,0,0,0.0,0.0
Bengaluru City,Whitefield Traffic PS,1.04432e+16,2019,1,1,Road Accidents,Other,City/Town,Near a factory industrial area,Human Error,Yes,Grievous Injury,Hit pedestrian,Not at  Junction,Straight and flat,City or Town Road,Bitumen(Tar),Dry,No influence on accident,Clear,FCI Main Road,IM Motor Service,9M,12.990522,77.766391,0,0,0.0,0.0
Bengaluru City,Whitefield Traffic PS,1.04432e+16,2019,1,2,Road Accidents,Other,City/Town,Open area,Human Error,Yes,Fatal,Rear end,Not at  Junction,Straight and flat,City or Town Road,Bitumen(Tar),Dry,No influence on accident,Clear,balagere main road,Adharsh devepers,28M,12.927719,77.72917,0,0,0.0,0.0
Bengaluru City,Whitefield Traffic PS,1.04432e+16,2019,1,2,Road Accidents,Other,City/Town,Near a religious place,Human Error,No,Damage Only,Rear end,Not at  Junction,Straight and flat,State Highway,Bitumen(Tar),Dry,No influence on accident,Clear,whitefield main road,Electrical Pole,5M,12.984092,77.752486,0,0,0.0,0.0
Bengaluru City,Whitefield Traffic PS,1.04432e+16,2019,1,1,Road Accidents,Other,City/Town,Open area,Human Error,Yes,Grievous Injury,Hit and Run,Not at  Junction,Straight and flat,City or Town Road,Bitumen(Tar),Dry,No influence on accident,Clear,Kodati Main Road,green tree,06M,12.897199,77.719081,0,0,0.0,0.0
Bengaluru City,Whitefield Traffic PS,1.04432e+16,2019,1,2,Road Accidents,Other,City/Town,Open area,Human Error,No,Damage Only,Others,Not at  Junction,Straight and flat,State Highway,Bitumen(Tar),Dry,No influence on accident,Clear,kadugodi-hosakote main road,Electrical Pole,10M,13.024269,77.761672,0,0,0.0,0.0
Bengaluru City,Whitefield Traffic PS,1.04432e+16,2019,1,1,Road Accidents,Narrow road,City/Town,Open area,Human Error,No,Fatal,Not Applicable,Not at  Junction,Straight and flat,Not Applicable,Bitumen(Tar),Dry,No influence on accident,Clear,Kannamangal-Seegehalli Main Road,Electrical Pole,10M,13.02518,77.769959,0,0,0.0,0.0
Bengaluru City,Whitefield Traffic PS,1.04432e+16,2019,1,2,Road Accidents,Not Applicable,City/Town,Near Hospital,Human Error,No,Damage Only,Vehicle to Vehicle,Not at  Junction,Straight and flat,Others,Bitumen(Tar),Dry,No influence on accident,Clear,Varthur main road,Electrical Pole,6.6M,12.955831,77.719586,0,0,0.0,0.0
Bengaluru City,Whitefield Traffic PS,1.04432e+16,2019,1,1,Road Accidents,Not Applicable,City/Town,Near a recreation place/cinema,Human Error,No,Grievous Injury,Not Applicable,Not Applicable,Straight and flat,State Highway,Bitumen(Tar),Dry,No influence on accident,Clear,whitefield main road,Electrical Pole,6.6M,12.959328,77.746705,0,0,0.0,0.0
Bengaluru City,Whitefield Traffic PS,1.04432e+16,2019,1,1,Road Accidents,Junction,City/Town,In bazaar,Human Error,No,Grievous Injury,Hit pedestrian,No signal lights,Straight and flat,State Highway,Bitumen(Tar),Dry,No influence on accident,Clear,whitefield main road,Reliance Fresh Mall,10M,12.97094,77.750135,0,0,0.0,0.0
Bengaluru City,Whitefield Traffic PS,1.04432e+16,2019,1,1,Road Accidents,Not Applicable,City/Town,Open area,Human Error,Yes,Grievous Injury,Hit pedestrian,Not at  Junction,Straight and flat,Not Applicable,Bitumen(Tar),Dry,No influence on accident,Clear,Nallurahalli-Vydehi Main Road,Electrical Pole,8M,12.971364,77.727774,0,0,0.0,0.0
Bengaluru City,Whitefield Traffic PS,1.04432e+16,2019,1,1,Road Accidents,Not Applicable,City/Town,Open area,Human Error,No,Grievous Injury,Hit pedestrian,Not at  Junction,Straight and flat,State Highway,Bitumen(Tar),Dry,No influence on accident,Clear,whitefield main road,Electrical Pole,8M,0.0,0.0,0,0,0.0,0.0
Bengaluru City,Whitefield Traffic PS,1.04432e+16,2019,1,1,Road Accidents,Not Applicable,City/Town,Open area,Human Error,Yes,Fatal,Hit pedestrian,Not at  Junction,Straight and flat,Not Applicable,Bitumen(Tar),Dry,No influence on accident,Clear,Channasandra-Chikkatirupati Main Road,Electrical Pole,3.7M,0.0,0.0,0,0,0.0,0.0
Bengaluru City,Whitefield Traffic PS,1.04432e+16,2019,1,1,Road Accidents,Not Applicable,City/Town,Near School or College,Human Error,Yes,Grievous Injury,Hit pedestrian,Not at  Junction,Straight and flat,State Highway,Bitumen(Tar),Dry,No influence on accident,Clear,Varthur-Sarjapura Main Road,Varthur College Compound,4M,0.0,0.0,0,0,0.0,0.0
Bengaluru City,Whitefield Traffic PS,1.04432e+16,2019,1,2,Road Accidents,Not Applicable,City/Town,Residential area,Human Error,Yes,Simple Injury,Vehicle to Vehicle,Not at  Junction,Straight and flat,Sub Arterial,Bitumen(Tar),Dry,No influence on accident,Clear,Kadugodi-Koraluru Main Road,Arun Nilay Gate,3M,0.0,0.0,0,0,0.0,0.0