DISTRICTNAME,UNITNAME,Crime_No,Year,RI,Noofvehicle_involved,Accident_Classification,Accident_Spot,Accident_Location,Accident_SubLocation,Main_Cause,Hit_Run,Severity,Collision_Type,Junction_Control,Road_Character,Road_Type,Surface_Type,Surface_Condition,Road_Condition,Weather,Accident_Road,Landmark_first,Distance_LandMark_First,Latitude,Longitude,Road_Condition_Score,Surface_Condition_Score,Surface_Type_Score,Road_Risk_Index
Bengaluru City,Whitefield Traffic PS,1.04432e+16,2021,1,1,Road Accidents,Junction,City/Town,At pedestrian Crossing,Human Error,No,Grievous Injury,Hit pedestrian,Uncontrolled,Straight and flat,Arterial,Bitumen(Tar),Dry,Not Applicable,Clear,"AFFABLE HOTEL, KODATHI GATE",ELECTRIC POLE,50,0.0,0.0,0,0,0.0,0.0
Bengaluru City,Whitefield Traffic PS,1.04432e+16,2021,1,2,Road Accidents,Narrow road,City/Town,Open area,Human Error,Yes,Grievous Injury,Vehicle to Vehicle,Not at  Junction,Straight and flat,Sub Arterial,Bitumen(Tar),Dry,No influence on accident,Clear,Panatturu Main Road,Electrical Pole,7.5M,0.0,0.0,0,0,0.0,0.0
Bengaluru City,Whitefield Traffic PS,1.04432e+16,2021,1,2,Road Accidents,Not Applicable,City/Town,Near a religious place,Human Error,Yes,Grievous Injury,Vehicle to Vehicle,Not at  Junction,Straight and flat,State Highway,Bitumen(Tar),Dry,No influence on accident,Clear,whitefield main road,Green Tree,4M,12.975465,77.750712,0,0,0.0,0.0
Bengaluru City,Whitefield Traffic PS,1.04432e+16,2021,1,1,Road Accidents,Junction,City/Town,Near a factory industrial area,Human Error,No,Fatal,Not Applicable,Signal lights Blinking,Slight Curve,Arterial,Bitumen(Tar),Dry,No influence on accident,Clear,ITPL-Vydehi Main Road,Electrical Pole,15.6M,0.0,0.0,0,0,0.0,0.0
Bengaluru City,Whitefield Traffic PS,1.04432e+16,2021,1,2,Road Accidents,Junction,City/Town,Open area,Human Error,No,Simple Injury,Vehicle to Vehicle,No signal lights,Straight and flat,State Highway,Bitumen(Tar),Dry,No influence on accident,Clear,Kadugodi-Hosakote Main Road,Electrical Pole,29M,0.0,0.0,0,0,0.0,0.0
Bengaluru City,Whitefield Traffic PS,1.04432e+16,2021,1,2,Road Accidents,Narrow road,City/Town,Near Bus stop,Human Error,No,Damage Only,Vehicle to Vehicle,Not at  Junction,Straight and flat,Two way,Bitumen(Tar),Dry,No influence on accident,Clear,Varthur main road,Light pole,7.5,0.0,0.0,0,0,0.0,0.0
Bengaluru City,Whitefield Traffic PS,1.04432e+16,2021,1,2,Road Accidents,Not Applicable,City/Town,Near School or College,Human Error,No,Grievous Injury,Vehicle to Vehicle,Not at  Junction,Straight and flat,State Highway,Bitumen(Tar),Dry,Not Applicable,Clear,Varthur-Sarjapura Main Road,Green Tree,5M,0.0,0.0,0,0,0.0,0.0
Bengaluru City,Whitefield Traffic PS,1.04432e+16,2021,1,1,Road Accidents,Not Applicable,City/Town,Open area,Human Error,No,Fatal,Not Applicable,Not at  Junction,Straight and flat,Arterial,Bitumen(Tar),Dry,No influence on accident,Clear,Sarjapura Main Road,Electrical Pole,10M,0.0,0.0,0,0,0.0,0.0
Bengaluru City,Whitefield Traffic PS,1.04432e+16,2021,1,1,Road Accidents,Not Applicable,City/Town,Residential area,Human Error,Not Applicable,Grievous Injury,Not Applicable,Not Applicable,Straight and flat,Residential Street,Gravel,Dry,Not Applicable,Light Rain,"OPPOSITE TO IMMADIHALLI SRI VEERASHAIVA,RUDRABHOOMI ROAD,HAGADUR ,WHITEFIELD",JALLI ROAD,15,0.0,0.0,0,0,3.0,3.0
Bengaluru City,Whitefield Traffic PS,1.04432e+16,2021,1,1,Road Accidents,Not Applicable,City/Town,Open area,Human Error,Not Applicable,Simple Injury,Not Applicable,Not Applicable,Straight and flat,Others,Bitumen(Tar),Dry,Not Applicable,Clear,"NEAR MID TOWN RHYTHM SOCIETY BOREWELL RD,RAMAGONDANAHALLI,BENGALORE",ACCIDENT PLACE TO HIT COMPOUND PLACE,44,0.0,0.0,0,0,0.0,0.0
Bengaluru City,Whitefield Traffic PS,1.04432e+16,2021,1,1,Road Accidents,Not Applicable,City/Town,Near a factory industrial area,Human Error,No,Fatal,Not Applicable,Not at  Junction,Straight and flat,Arterial,Bitumen(Tar),Dry,No influence on accident,Clear,ITPL Main Road,Metro Piller No 408,6M,12.987602,77.739069,0,0,0.0,0.0
Bengaluru City,Whitefield Traffic PS,1.04432e+16,2021,1,2,Road Accidents,Junction,City/Town,Residential area,Human Error,Yes,Grievous Injury,Vehicle to Vehicle,Not at  Junction,Straight and flat,Sub Arterial,Bitumen(Tar),Dry,No influence on accident,Clear,ECC Church Road,Balaji Apartment,7.5M,0.0,0.0,0,0,0.0,0.0
Bengaluru City,Whitefield Traffic PS,1.04432e+16,2021,1,2,Road Accidents,Not Applicable,City/Town,Near a factory industrial area,Human Error,No,Simple Injury,Vehicle to Vehicle,Signal lights Blinking,Straight and flat,Sub Arterial,Bitumen(Tar),Dry,No influence on accident,Clear,ITPL-Vydehi Main Road,Green Tree,10M,0.0,0.0,0,0,0.0,0.0
Bengaluru City,Whitefield Traffic PS,1.04432e+16,2021,1,1,Road Accidents,Road hump or Rumble strips,City/Town,Residential area,Human Error,Not Applicable,Fatal,Not Applicable,Not Applicable,Hump,Others,Bitumen(Tar),Dry,Not Applicable,Clear,"OPP SUMADHURA LNR LAKE BRIDGE APARTMENT,TUBARAHALLI,SIDDAPURA MN RD,BENGALORE",DIVIDER,24,0.0,0.0,0,0,0.0,0.0
Bengaluru City,Whitefield Traffic PS,1.04432e+16,2021,1,1,Road Accidents,Road hump or Rumble strips,City/Town,Residential area,Human Error,Not Applicable,Grievous Injury,Not Applicable,Not Applicable,Hump,State Highway,Bitumen(Tar),Not Applicable,Not Applicable,Light Rain,"INFRONT OF FIRST CRY WHITEFIELD MAIN ROAD,WHITEFIELD,BENGALORE-560066",ELECTRIC POLE,30,0.0,0.0,0,0,0.0,0.0
Bengaluru City,Whitefield Traffic PS,1.04432e+16,2021,1,1,Road Accidents,Narrow road,City/Town,Near Bus stop,Human Error,Yes,Grievous Injury,Hit pedestrian,Not Applicable,Straight and flat,State Highway,Bitumen(Tar),Dry,Not Applicable,Clear,"NEAR O FARM JUNCTION WHITEFIELD MN ROAD,BENGALORE-560067",JUCTION SIGNAL POLL,45,0.0,0.0,0,0,0.0,0.0
Bengaluru City,Whitefield Traffic PS,1.04432e+16,2021,1,2,Road Accidents,Not Applicable,City/Town,Residential area,Human Error,No,Grievous Injury,Vehicle to Vehicle,Not at  Junction,Straight and flat,State Highway,Bitumen(Tar),Dry,No influence on accident,Clear,Kadugodi-Hosakote Main Road,Archid Enclaive Apartment,8M,0.0,0.0,0,0,0.0,0.0
Bengaluru City,Whitefield Traffic PS,1.04432e+16,2021,1,2,Road Accidents,Junction,City/Town,Near a factory industrial area,Human Error,Yes,Grievous Injury,Vehicle to Vehicle,Signal lights Blinking,Straight and flat,Arterial,Bitumen(Tar),Dry,No influence on accident,Clear,ITPL Main Road,Electrical Pole,11.2M,0.0,0.0,0,0,0.0,0.0
Bengaluru City,Whitefield Traffic PS,1.04432e+16,2021,1,2,Road Accidents,Junction,City/Town,Near a religious place,Human Error,No,Grievous Injury,Vehicle to Vehicle,Uncontrolled,Straight and flat,Arterial,Bitumen(Tar),Dry,No influence on accident,Clear,"NEAR GANESH TEMPLE, WHITEFIELD MN RD",STREET LIGHT,48,0.0,0.0,0,0,0.0,0.0
Bengaluru City,Whitefield Traffic PS,1.04432e+16,2021,1,2,Road Accidents,Not Applicable,City/Town,Residential area,Human Error,Not Applicable,Grievous Injury,Vehicle to Vehicle,Not Applicable,Straight and flat,Residential Street,Bitumen(Tar),Dry,Not Applicable,Clear,"OPPOSITE TO WHITE ACRES APT,CHANNASANDRA MN RD,BENGALORE",TREE,21,0.0,0.0,0,0,0.0,0.0
Bengaluru City,Whitefield Traffic PS,1.04432e+16,2021,1,1,Road Accidents,Not Applicable,City/Town,Near office complex,Human Error,Not Applicable,Grievous Injury,Hit pedestrian,Not Applicable,Straight and flat,Residential Street,Bitumen(Tar),Dry,Not Applicable,Clear,"INFORNT OF MILK DIARY,NAGONDANAHALLI MN RD,CHANNASANDRA,BENGALORE-560067",KUSHAL BUTIK LADIES TAILAR SHOP DOOR,25,0.0,0.0,0,0,0.0,0.0
Bengaluru City,Whitefield Traffic PS,1.04432e+16,2021,1,1,Road Accidents,Not Applicable,City/Town,Narrow bridge or culverts,Human Error,No,Damage Only,Not Applicable,Give way sign,Slight Curve,State Highway,Bitumen(Tar),Dry,No influence on accident,Clear,Kadugodi-Hosakote Main Road,Electrical Pole,12M,0.0,0.0,0,0,0.0,0.0
Bengaluru City,Whitefield Traffic PS,1.04432e+16,2021,1,1,Road Accidents,Narrow road,City/Town,Open area,Human Error,No,Grievous Injury,Hit pedestrian,Not at  Junction,Slight Curve,Sub Arterial,Bitumen(Tar),Muddy,Pot holed,Clear,VSR Layout Road,Green Tree,05M,0.0,0.0,5,4,0.0,9.0
Bengaluru City,Whitefield Traffic PS,1.04432e+16,2021,1,2,Road Accidents,Not Applicable,City/Town,Near School or College,Human Error,Not Applicable,Grievous Injury,Vehicle to Vehicle,Not Applicable,Straight and flat,Others,Bitumen(Tar),Dry,Not Applicable,Clear,"OPPOSITE TO VARTHUR GOVT SCHOOL,VARTHURU  MN RD,BENGALORE-560087",ELECTRICAL POLL,40,12.942416,77.747014,0,0,0.0,0.0
Bengaluru City,Whitefield Traffic PS,1.04432e+16,2021,1,3,Road Accidents,Not Applicable,City/Town,Open area,Human Error,No,Fatal,Vehicle to Vehicle,Not Applicable,Straight and flat,Others,Bitumen(Tar),Others,Not Applicable,Light Rain,"AT ARALI MARA,VARTHURU KODI MN RD,NR DUGGALAMMA TEMPAL,VARTHURU,BENGALORE-560087",TREE,33,0.0,0.0,0,1,0.0,1.0
Bengaluru City,Whitefield Traffic PS,1.04432e+16,2021,1,2,Road Accidents,Curves,City/Town,Near School or College,Human Error,Yes,Grievous Injury,Vehicle to Vehicle,Uncontrolled,Curve,Two way,Bitumen(Tar),Dry,No influence on accident,Clear,"HELLO KIDS, DODDABANAHALLI",Electrical Pole,24,0.0,0.0,0,0,0.0,0.0
Bengaluru City,Whitefield Traffic PS,1.04432e+16,2021,1,1,Road Accidents,Not Applicable,City/Town,Residential area,Human Error,Yes,Grievous Injury,Hit bicyclist,Not at  Junction,Straight and flat,Arterial,Bitumen(Tar),Dry,No influence on accident,Clear,Channasandra-Chikkatirupati Main Road,Electrical Pole,10.6M,0.0,0.0,0,0,0.0,0.0
Bengaluru City,Whitefield Traffic PS,1.04432e+16,2021,1,2,Road Accidents,Junction,City/Town,Residential area,Human Error,No,Simple Injury,Vehicle to Vehicle,No signal lights,Straight and flat,Arterial,Bitumen(Tar),Dry,No influence on accident,Clear,Varthur Main Road,Green Tree,12.8M,0.0,0.0,0,0,0.0,0.0
Bengaluru City,Whitefield Traffic PS,1.04432e+16,2021,1,2,Road Accidents,Junction,City/Town,Near office complex,Human Error,No,Damage Only,Vehicle to Vehicle,Uncontrolled,Straight and flat,Arterial,Bitumen(Tar),Dry,No influence on accident,Clear,"ROYAL MART, WHITEFIELD MN RD",STREET LIGHT,11,0.0,0.0,0,0,0.0,0.0
Bengaluru City,Whitefield Traffic PS,1.04432e+16,2021,1,2,Road Accidents,Not Applicable,City/Town,In bazaar,Human Error,Yes,Fatal,Vehicle to Vehicle,Not at  Junction,Straight and flat,State Highway,Bitumen(Tar),Dry,No influence on accident,Clear,Kadugodi-Hosakote Main Road,Electrical Pole,8.5M,0.0,0.0,0,0,0.0,0.0
Bengaluru City,Whitefield Traffic PS,1.04432e+16,2021,1,2,Road Accidents,Narrow road,City/Town,Open area,Human Error,Yes,Grievous Injury,Vehicle to Vehicle,Not at  Junction,Straight and flat,State Highway,Bitumen(Tar),Dry,No influence on accident,Fine,Hoskote Kadugodi main road,Light pole,7,0.0,0.0,0,0,0.0,0.0
Bengaluru City,Whitefield Traffic PS,1.04432e+16,2021,1,2,Road Accidents,Narrow road,City/Town,In bazaar,Human Error,Yes,Grievous Injury,Vehicle to Vehicle,No signal lights,Straight and flat,State Highway,Bitumen(Tar),Dry,No influence on accident,Clear,Varthur-Sarjapura Main Road,Sri Om Sai Ganesh Stores,6.5M,0.0,0.0,0,0,0.0,0.0
Bengaluru City,Whitefield Traffic PS,1.04432e+16,2021,1,2,Road Accidents,Narrow road,City/Town,Near a factory industrial area,Human Error,Yes,Grievous Injury,Vehicle to Vehicle,Not Applicable,Straight and flat,Others,Bitumen(Tar),Dry,Not Applicable,Clear,"NEAR MUKESH KUMAR NURSERY VARTHUR KODI MN ROAD,VARTHUR,BENGALORE",ROAD ANCHU,8,0.0,0.0,0,0,0.0,0.0
Bengaluru City,Whitefield Traffic PS,1.04432e+16,2021,1,1,Road Accidents,Not Applicable,City/Town,Near School or College,Human Error,No,Fatal,Not Applicable,Not at  Junction,Straight and flat,Arterial,Bitumen(Tar),Dry,No influence on accident,Clear,Channasandra Road,Pooja Bakery,14M,0.0,0.0,0,0,0.0,0.0
Bengaluru City,Whitefield Traffic PS,1.04432e+16,2021,1,2,Road Accidents,Not Applicable,City/Town,Near Hospital,Human Error,Yes,Simple Injury,Vehicle to Vehicle,Not at  Junction,Straight and flat,State Highway,Bitumen(Tar),Dry,No influence on accident,Clear,whitefield main road,Electrical Pole,7M,0.0,0.0,0,0,0.0,0.0
Bengaluru City,Whitefield Traffic PS,1.04432e+16,2021,1,1,Road Accidents,Not Applicable,City/Town,Near a factory industrial area,Human Error,No,Fatal,Hit pedestrian,Not at  Junction,Straight and flat,Arterial,Bitumen(Tar),Dry,No influence on accident,Clear,ITPL Main Road,Metro Piller No 405,15M,0.0,0.0,0,0,0.0,0.0
Bengaluru City,Whitefield Traffic PS,1.04432e+16,2021,1,2,Road Accidents,Curves,City/Town,Open area,Human Error,Not Applicable,Fatal,Vehicle to Vehicle,Uncontrolled,Straight and flat,Two way,Bitumen(Tar),Dry,No influence on accident,Clear,"VARTHUR KODI MAIN ROAD, BENGALURU CITY",TRANSFORMER,36,0.0,0.0,0,0,0.0,0.0
Bengaluru City,Whitefield Traffic PS,1.04432e+16,2021,1,2,Road Accidents,Narrow road,City/Town,Open area,Human Error,No,Grievous Injury,Vehicle to Vehicle,Not at  Junction,Straight and flat,Sub Arterial,Bitumen(Tar),Dry,No influence on accident,Clear,Halasahalli Main Road,Green Tree,3.5M,0.0,0.0,0,0,0.0,0.0
Bengaluru City,Whitefield Traffic PS,1.04432e+16,2021,1,1,Road Accidents,Not Applicable,City/Town,In bazaar,Human Error,Yes,Grievous Injury,Hit pedestrian,Not at  Junction,Straight and flat,State Highway,Bitumen(Tar),Dry,No influence on accident,Clear,Varthur-Sarjapura Main Road,Electrical Pole,10M,12.936078,77.744242,0,0,0.0,0.0
Bengaluru City,Whitefield Traffic PS,1.04432e+16,2021,1,1,Road Accidents,Junction,City/Town,Near Bus stop,Human Error,No,Damage Only,Not Applicable,Signals (Working),Others,State Highway,Bitumen(Tar),Dry,No influence on accident,Clear,Hoskote Kadugodi main road,Divya jyothi Cement compound,4,0.0,0.0,0,0,0.0,0.0
Bengaluru City,Whitefield Traffic PS,1.04432e+16,2021,1,1,Road Accidents,Not Applicable,City/Town,Near a factory industrial area,Human Error,Not Applicable,Grievous Injury,Not Applicable,Not Applicable,Straight and flat,Two way,Bitumen(Tar),Dry,Not Applicable,Clear,"OPPOSITE TO WIPRO GE HEALTHCARE   CO LTD,VYDEHI ITPL MAIN ROAD,WHITEFIELD,BENGALORE",METRO PILLAR NO B P NO   320,20,0.0,0.0,0,0,0.0,0.0
Bengaluru City,Whitefield Traffic PS,1.04432e+16,2021,1,2,Road Accidents,Not Applicable,City/Town,Residential area,Human Error,Yes,Grievous Injury,Vehicle to Vehicle,Uncontrolled,Straight and flat,Arterial,Bitumen(Tar),Dry,No influence on accident,Clear,"YALLAREDDY SHANKARPURA MN RD, KADUGODI, BENGALURU CITY",TREE,20,0.0,0.0,0,0,0.0,0.0
Bengaluru City,Whitefield Traffic PS,1.04432e+16,2021,1,1,Road Accidents,Not Applicable,City/Town,Open area,Human Error,Not Applicable,Grievous Injury,Not Applicable,Not Applicable,Straight and flat,Others,Bitumen(Tar),Dry,Not Applicable,Clear,"INFORNT SRINIVAS ENGINEERING WORKS,CHANNASANDRA,TIRUMALA SHETTY HALLI MN RD,CHANNASANDRA,BENGALORE-5",ELECTRICAL POLL,24,0.0,0.0,0,0,0.0,0.0
Bengaluru City,Whitefield Traffic PS,1.04432e+16,2021,1,3,Road Accidents,Narrow road,City/Town,Near a factory industrial area,Human Error,Not Applicable,Damage Only,Vehicle to Vehicle,Not Applicable,Straight and flat,Others,Bitumen(Tar),Dry,Not Applicable,Clear,"OPPOSITE TO BRIGADE BHUWALKA BULILDING,NEAR TCS OFFICE,ITPL MN RD,WHITEFIELD,BENGALORE",METRO PILLAR NO BP417,51,0.0,0.0,0,0,0.0,0.0
Bengaluru City,Whitefield Traffic PS,1.04432e+16,2021,1,2,Road Accidents,Not Applicable,City/Town,Residential area,Human Error,No,Grievous Injury,Vehicle to Vehicle,Not at  Junction,Straight and flat,State Highway,Bitumen(Tar),Dry,Construction Work / Material,Clear,Kadugodi-Hosakote Main Road,Green Tree,9M,13.015066,77.761719,2,0,0.0,2.0
Bengaluru City,Whitefield Traffic PS,1.04432e+16,2021,1,1,Road Accidents,Cross roads,City/Town,Open area,Human Error,No,Simple Injury,Hit pedestrian,Not at  Junction,Straight and flat,Minor District Road,Bitumen(Tar),Dry,No influence on accident,Clear,Shanthigiri Ashram road,Shanthigiri ashram road,10.5,0.0,0.0,0,0,0.0,0.0
Bengaluru City,Whitefield Traffic PS,1.04432e+16,2021,1,2,Road Accidents,Junction,City/Town,Near a factory industrial area,Human Error,No,Grievous Injury,Vehicle to Vehicle,No signal lights,Straight and flat,Arterial,Bitumen(Tar),Dry,No influence on accident,Clear,ITPL Main Road,Metro Piller No 430,10.5M,0.0,0.0,0,0,0.0,0.0
Bengaluru City,Whitefield Traffic PS,1.04432e+16,2021,1,2,Road Accidents,Not Applicable,City/Town,Residential area,Human Error,Yes,Grievous Injury,Vehicle to Vehicle,Not at  Junction,Straight and flat,Two way,Bitumen(Tar),Dry,No influence on accident,Others,Varthur main road,Light pole,10,0.0,0.0,0,0,0.0,0.0
Bengaluru City,Whitefield Traffic PS,1.04432e+16,2021,1,1,Road Accidents,Not Applicable,City/Town,Residential area,Human Error,No,Grievous Injury,Hit pedestrian,Not at  Junction,Straight and flat,Arterial,Bitumen(Tar),Dry,No influence on accident,Clear,Varthur Main Road,Electrical Pole,9M,0.0,0.0,0,0,0.0,0.0
Bengaluru City,Whitefield Traffic PS,1.04432e+16,2021,1,2,Road Accidents,Curves,City/Town,Residential area,Human Error,No,Grievous Injury,Vehicle to Vehicle,Not Applicable,Curve,Two way,Bitumen(Tar),Dry,Not Applicable,Clear,"MAITHRI LAYOUT  U TURN, CHANNASANDRA MAIN ROAD, BENGALURU CITY",ELECTRICAL POLE,22,0.0,0.0,0,0,0.0,0.0
Bengaluru City,Whitefield Traffic PS,1.04432e+16,2021,1,2,Road Accidents,Narrow road,City/Town,Open area,Human Error,Not Applicable,Fatal,Vehicle to Vehicle,Not Applicable,Straight and flat,Others,Bitumen(Tar),Dry,Not Applicable,Others,"OPPOSITE TO VENKATADRI GLASS PLY WOOD,VINAYAKA,GUNJUR-VARTHUR MAIN ROAD,BENGALORE",ELECTRIC POLE,82,0.0,0.0,0,0,0.0,0.0
Bengaluru City,Whitefield Traffic PS,1.04432e+16,2021,1,2,Road Accidents,Not Applicable,City/Town,Residential area,Human Error,Yes,Grievous Injury,Vehicle to Vehicle,Not Applicable,Straight and flat,Others,Bitumen(Tar),Dry,Not Applicable,Clear,"INFORNT  OF FAMILY MALL SORAHUNUSE,VARTHURU MN RD,BENGALORE",ELECTRIC POLE,30,0.0,0.0,0,0,0.0,0.0
Bengaluru City,Whitefield Traffic PS,1.04432e+16,2021,1,2,Road Accidents,Not Applicable,City/Town,Near office complex,Human Error,No,Simple Injury,Vehicle to Vehicle,Not Applicable,Straight and flat,Not Applicable,Bitumen(Tar),Dry,Not Applicable,Clear,"INFORNT OF WIPRO GATE,SARJAPURA MN RD,BENGALORE",B B M P  ADVERTISEMENT  BORD,23,0.0,0.0,0,0,0.0,0.0
Bengaluru City,Whitefield Traffic PS,1.04432e+16,2021,1,1,Road Accidents,Not Applicable,City/Town,Residential area,Human Error,Yes,Damage Only,Not Applicable,Uncontrolled,Straight and flat,Arterial,Bitumen(Tar),Dry,No influence on accident,Clear,"NEAR WHITEBRIDGE APARTMENT, NAGONDANAHALLI MN RD, BENGALURU CITY",COCONUT TREE,35,0.0,0.0,0,0,0.0,0.0
Bengaluru City,Whitefield Traffic PS,1.04432e+16,2021,1,2,Road Accidents,Narrow road,City/Town,Near a factory industrial area,Human Error,Not Applicable,Grievous Injury,Vehicle to Vehicle,Not Applicable,Others,Others,Bitumen(Tar),Dry,Not Applicable,Clear,"NEAR MANTRI GATE,VARTHUR KODI,VARTHUR,BENGALORE",TRAFFIC INSTRUCTION PANEL,18,0.0,0.0,0,0,0.0,0.0
Bengaluru City,Whitefield Traffic PS,1.04432e+16,2021,1,3,Road Accidents,Not Applicable,City/Town,In bazaar,Human Error,No,Fatal,Vehicle to Vehicle,Not at  Junction,Straight and flat,Arterial,Bitumen(Tar),Dry,No influence on accident,Clear,Channasandra-Chikkatirupati Main Road,Apollo Farmacy,12M,0.0,0.0,0,0,0.0,0.0
Bengaluru City,Whitefield Traffic PS,1.04432e+16,2021,1,2,Road Accidents,Narrow road,City/Town,Residential area,Human Error,Yes,Fatal,Vehicle to Vehicle,Not at  Junction,Straight and flat,Sub Arterial,Bitumen(Tar),Dry,No influence on accident,Clear,Varthur-Madhuranagar Main Road,Electrical Pole,6.7M,0.0,0.0,0,0,0.0,0.0
Bengaluru City,Whitefield Traffic PS,1.04432e+16,2021,1,1,Road Accidents,Narrow road,City/Town,Residential area,Human Error,No,Simple Injury,Hit bicyclist,Not at  Junction,Straight and flat,Sub Arterial,Bitumen(Tar),Dry,No influence on accident,Clear,Vibgyor School Road,Green Tree,4.2M,0.0,0.0,0,0,0.0,0.0
Bengaluru City,Whitefield Traffic PS,1.04432e+16,2021,1,1,Road Accidents,Not Applicable,City/Town,Near Bus stop,Human Error,Not Applicable,Fatal,Hit pedestrian,Not Applicable,Straight and flat,Others,Bitumen(Tar),Dry,Not Applicable,Clear,"NEAR CHANNASANDRA BUS STOP,CHANNASANDRA MN RD,BENGALORE-560067",ELCTRIC POLL,45,0.0,0.0,0,0,0.0,0.0
Bengaluru City,Whitefield Traffic PS,1.04432e+16,2021,1,2,Road Accidents,Not Applicable,City/Town,Near Bus stop,Human Error,Not Applicable,Grievous Injury,Hit pedestrian,Not Applicable,Straight and flat,State Highway,Bitumen(Tar),Dry,Not Applicable,Clear,"NEAR ROLA HYPER MARKET,KADUGODI-HOSAKOTE MN RD,SHEEGEHALLI,BENGALORE-560067",PEDESTRAIN ROAD,5,0.0,0.0,0,0,0.0,0.0
Bengaluru City,Whitefield Traffic PS,1.04432e+16,2021,1,1,Road Accidents,Not Applicable,City/Town,Near a factory industrial area,Human Error,Yes,Fatal,Hit pedestrian,Not at  Junction,Straight and flat,Arterial,Bitumen(Tar),Dry,No influence on accident,Clear,ITPL Main Road,Metro Piller No 447,16.4M,12.984539,77.750361,0,0,0.0,0.0
Bengaluru City,Whitefield Traffic PS,1.04432e+16,2021,1,1,Road Accidents,Junction,City/Town,Open area,Human Error,No,Simple Injury,Hit pedestrian,Uncontrolled,Straight and flat,Arterial,Bitumen(Tar),Dry,No influence on accident,Clear,"NR MAXAM MOTORS, RAMAGONDANAHALLI",STREET LIGHT,1,0.0,0.0,0,0,0.0,0.0
Bengaluru City,Whitefield Traffic PS,1.04432e+16,2021,1,1,Road Accidents,Curves,City/Town,Near a factory industrial area,Human Error,No,Fatal,Not Applicable,Police / Manual,Hump,State Highway,Bitumen(Tar),Dry,Not Applicable,Clear,"DINNURU JUNCTION, WHITEFIELD KADUGODI MAIN ROAD, BENGALURU CITY",TREE,34,0.0,0.0,0,0,0.0,0.0
Bengaluru City,Whitefield Traffic PS,1.04432e+16,2021,1,2,Road Accidents,Junction,City/Town,Near Petrol Pump,Human Error,No,Grievous Injury,Vehicle to Vehicle,Uncontrolled,Straight and flat,Arterial,Bitumen(Tar),Dry,No influence on accident,Clear,"NEAR BHARATH PETROL BUNK, CHANNASANDRA TIRUMALA SHETTY HALLI MAIN ROAD, BENGALURU CITY-560067",ELECTRIC POLE,23,0.0,0.0,0,0,0.0,0.0
Bengaluru City,Whitefield Traffic PS,1.04432e+16,2021,1,2,Road Accidents,Not Applicable,City/Town,Near office complex,Human Error,Yes,Simple Injury,Vehicle to Vehicle,Not at  Junction,Straight and flat,State Highway,Bitumen(Tar),Dry,No influence on accident,Clear,Kadugodi-Hosakote Main Road,Sai Lakshmi Medical,9M,0.0,0.0,0,0,0.0,0.0
Bengaluru City,Whitefield Traffic PS,1.04432e+16,2021,1,2,Road Accidents,Not Applicable,City/Town,Residential area,Human Error,No,Grievous Injury,Vehicle to Vehicle,Not Applicable,Straight and flat,Others,Bitumen(Tar),Dry,Not Applicable,Clear,"NR GUNJUR DEPO,GUNJURU HOSAHALLI MN RD,BENGALORE",END OF THE ROAD,2,0.0,0.0,0,0,0.0,0.0
Bengaluru City,Whitefield Traffic PS,1.04432e+16,2021,1,2,Road Accidents,Junction,City/Town,Near Hospital,Human Error,Yes,Fatal,Vehicle to Vehicle,Police / Manual,Straight and flat,Two way,Bitumen(Tar),Dry,No influence on accident,Clear,"NEAR VARTHURU POLICE STATION, VARTHURU MN RD",ELECTRIC POLE,34,0.0,0.0,0,0,0.0,0.0
Bengaluru City,Whitefield Traffic PS,1.04432e+16,2021,1,1,Road Accidents,Not Applicable,City/Town,Open area,Human Error,Yes,Grievous Injury,Hit pedestrian,Not at  Junction,Straight and flat,Sub Arterial,Bitumen(Tar),Dry,No influence on accident,Clear,Kannamangal-Dinnuru Main Road,Ramanjinappa House,43M,0.0,0.0,0,0,0.0,0.0
Bengaluru City,Whitefield Traffic PS,1.04432e+16,2021,1,2,Road Accidents,Not Applicable,City/Town,Open area,Human Error,Yes,Fatal,Vehicle to Vehicle,Not at  Junction,Straight and flat,Arterial,Bitumen(Tar),Dry,No influence on accident,Fine,Channasandra Road,Electrical Pole,5M,0.0,0.0,0,0,0.0,0.0
Bengaluru City,Whitefield Traffic PS,1.04432e+16,2021,1,3,Road Accidents,Junction,City/Town,Near Bus stop,Human Error,Yes,Grievous Injury,Vehicle to Vehicle,Police / Manual,Curve,Others,Bitumen(Tar),Dry,Not Applicable,Clear,"THUBARAHALLI,VARTHUR MAIN ROAD,BANGALORE",TREE,25,0.0,0.0,0,0,0.0,0.0
Bengaluru City,Whitefield Traffic PS,1.04432e+16,2021,1,2,Road Accidents,Junction,City/Town,Near a religious place,Human Error,Yes,Grievous Injury,Vehicle to Vehicle,Uncontrolled,Straight and flat,Arterial,Bitumen(Tar),Dry,Not Applicable,Clear,"SHIVAKUNTAMMA TEMPLE, NAGODANAHALLI MN RD",Electrical Pole,30,12.975352,77.763181,0,0,0.0,0.0