DISTRICTNAME,UNITNAME,Crime_No,Year,RI,Noofvehicle_involved,Accident_Classification,Accident_Spot,Accident_Location,Accident_SubLocation,Main_Cause,Hit_Run,Severity,Collision_Type,Junction_Control,Road_Character,Road_Type,Surface_Type,Surface_Condition,Road_Condition,Weather,Accident_Road,Landmark_first,Distance_LandMark_First,Latitude,Longitude,Road_Condition_Score,Surface_Condition_Score,Surface_Type_Score,Road_Risk_Index
Bengaluru City,Whitefield Traffic PS,1.04432e+16,2022,1,2,Road Accidents,Not Applicable,City/Town,Near a recreation place/cinema,Human Error,Yes,Grievous Injury,Vehicle to Vehicle,Uncontrolled,Straight and flat,Arterial,Bitumen(Tar),Dry,No influence on accident,Clear,"NR MM NURSERY RD, GUNJURU SARJAPURA MN RD",GATE,30,0.0,0.0,0,0,0.0,0.0
Bengaluru City,Whitefield Traffic PS,1.04432e+16,2022,1,1,Road Accidents,Not Applicable,City/Town,Near Bus stop,Human Error,Not Applicable,Simple Injury,Not Applicable,Not Applicable,Straight and flat,Others,Bitumen(Tar),Dry,Not Applicable,Clear,"NR BROOKE BUS STAND,VARTHUR KODI TOWARDS,WHITEFIELD,BENGALORE-560066",WHERE THE RIDER FELL FROM THE ACCIDENT SITE,15,0.0,0.0,0,0,0.0,0.0
Bengaluru City,Whitefield Traffic PS,1.04432e+16,2022,1,2,Road Accidents,Cross roads,City/Town,Open area,Human Error,Yes,Simple Injury,Vehicle to Vehicle,Not Applicable,Curve,Others,Bitumen(Tar),Dry,Not Applicable,Clear,"NR KOATHI LITTLE MILLENIUM,KODATHI -MULLRURU MN RD,BENGALORE-560035",MANJUNATHA REDDY HOUSE COPMPOUND,36,0.0,0.0,0,0,0.0,0.0
Bengaluru City,Whitefield Traffic PS,1.04432e+16,2022,1,1,Road Accidents,Not Applicable,City/Town,Open area,Human Error,Yes,Simple Injury,Hit pedestrian,Not Applicable,Straight and flat,Others,Bitumen(Tar),Dry,Not Applicable,Clear,"TOWARDS MULLURU TO KODATHI GATE,MULLURU,BENGALORE",ELCTRIC POLL,8,0.0,0.0,0,0,0.0,0.0
Bengaluru City,Whitefield Traffic PS,1.04432e+16,2022,1,2,Road Accidents,Not Applicable,City/Town,Open area,Human Error,Yes,Simple Injury,Vehicle to Vehicle,Not Applicable,Straight and flat,Others,Bitumen(Tar),Dry,Not Applicable,Clear,"BETWEEN GURUNARASIMHA HOTEL TO MASJID,VARTHUR MAIN ROAD,BENGALORE-560087",ELCTRIC POLL,24,0.0,0.0,0,0,0.0,0.0
Bengaluru City,Whitefield Traffic PS,1.04432e+16,2022,1,1,Road Accidents,Road hump or Rumble strips,City/Town,Near Bus stop,Human Error,No,Simple Injury,Not Applicable,Not Applicable,Straight and flat,Others,Bitumen(Tar),Dry,Not Applicable,Clear,"KANNAMANGALA JUNCTION,KADUGODI-HOSAKOTE MN RD,BENGALORE",ELlCTRIC POLL,15,0.0,0.0,0,0,0.0,0.0
Bengaluru City,Whitefield Traffic PS,1.04432e+16,2022,1,1,Road Accidents,Road hump or Rumble strips,City/Town,Near office complex,Human Error,No,Fatal,Not Applicable,Uncontrolled,Straight and flat,Arterial,Bitumen(Tar),Dry,No influence on accident,Clear,"KODATHI GRAMA PANCHAYAT OFFICE, KODATHI",BUS STOP,52,0.0,0.0,0,0,0.0,0.0
Bengaluru City,Whitefield Traffic PS,1.04432e+16,2022,1,2,Road Accidents,Not Applicable,City/Town,Near Bus stop,Human Error,No,Damage Only,Vehicle to Vehicle,Uncontrolled,Straight and flat,Arterial,Bitumen(Tar),Dry,Not Applicable,Clear,"BPL BUS STOP, ITPL MN RD",ELECTRIC POLE,24,0.0,0.0,0,0,0.0,0.0
Bengaluru City,Whitefield Traffic PS,1.04432e+16,2022,1,1,Road Accidents,Junction,City/Town,Near a factory industrial area,Human Error,Yes,Grievous Injury,Hit pedestrian,Uncontrolled,Straight and flat,Two way,Bitumen(Tar),Dry,No influence on accident,Clear,"SAFAL MARKET, KADUGODI HOSAKOTE MN RD",STREET LIGHT,74,13.0367633,77.759529,0,0,0.0,0.0
Bengaluru City,Whitefield Traffic PS,1.04432e+16,2022,1,2,Road Accidents,Not Applicable,City/Town,Open area,Human Error,No,Simple Injury,Vehicle to Vehicle,Not Applicable,Straight and flat,State Highway,Bitumen(Tar),Dry,Not Applicable,Clear,"TP CLAIMS HUB.NO-9/2,2 ND FLOOR,MAHALAKSHIMI CHAMBERS,M G ROAD,BENGALORE-560001",ELCTRIC POLL,36,0.0,0.0,0,0,0.0,0.0
Bengaluru City,Whitefield Traffic PS,1.04432e+16,2022,1,2,Road Accidents,Junction,City/Town,Near a factory industrial area,Human Error,Yes,Grievous Injury,Vehicle to Vehicle,Uncontrolled,Straight and flat,Arterial,Bitumen(Tar),Dry,No influence on accident,Clear,"INFRONT OF MRP BAR, CHANNASANDRA, HOPEFARM MN RD, WF",ELECTRIC POLE,22,0.0,0.0,0,0,0.0,0.0
Bengaluru City,Whitefield Traffic PS,1.04432e+16,2022,1,1,Road Accidents,Not Applicable,City/Town,Open area,Human Error,Yes,Simple Injury,Not Applicable,Not Applicable,Straight and flat,Not Applicable,Bitumen(Tar),Dry,Not Applicable,Clear,"INFORNT OF INVENTURE PREESCHOOL,WHITEFIELD MN ROAD,BENGALORE",CEMENT PAVEMENT ROAD ANCHU,8,0.0,0.0,0,0,0.0,0.0
Bengaluru City,Whitefield Traffic PS,1.04432e+16,2022,1,2,Road Accidents,Not Applicable,Rural Areas,Open area,Human Error,Yes,Grievous Injury,Vehicle to Vehicle,Uncontrolled,Straight and flat,State Highway,Bitumen(Tar),Not Applicable,No influence on accident,Clear,"NEAR AKSHATHA PALACE GUNJURU VARTHURU MN ROAD,BENGALURU CITY",ELECTRICLE LIGHT POLE,70,0.0,0.0,0,0,0.0,0.0
Bengaluru City,Whitefield Traffic PS,1.04432e+16,2022,1,2,Road Accidents,Not Applicable,City/Town,Near a recreation place/cinema,Human Error,No,Grievous Injury,Vehicle to Vehicle,Uncontrolled,Straight and flat,Arterial,Bitumen(Tar),Dry,No influence on accident,Clear,"OPP FORUM VALUE MALL, WHITEFIELD MN RD",STREET LIGHT,13,0.0,0.0,0,0,0.0,0.0
Bengaluru City,Whitefield Traffic PS,1.04432e+16,2022,1,2,Road Accidents,Not Applicable,City/Town,Near a factory industrial area,Human Error,Yes,Grievous Injury,Vehicle to Vehicle,Uncontrolled,Not Applicable,Others,Bitumen(Tar),Not Applicable,No influence on accident,Clear,SARJAPURA MN ROAD,ROAD DIVIDER EDGE,16,0.0,0.0,0,0,0.0,0.0
Bengaluru City,Whitefield Traffic PS,1.04432e+16,2022,1,1,Road Accidents,Not Applicable,City/Town,Open area,Human Error,Not Applicable,Simple Injury,Not Applicable,Not Applicable,Straight and flat,Others,Bitumen(Tar),Dry,Not Applicable,Clear,"SHOBHA DREAM MAKER APARTMENT ROAD,PANATHUR-BALAGERE MN ROAD,BENGALORE",ELCTRIC POLL,10,0.0,0.0,0,0,0.0,0.0
Bengaluru City,Whitefield Traffic PS,1.04432e+16,2022,1,2,Road Accidents,Not Applicable,City/Town,Open area,Human Error,Yes,Grievous Injury,Vehicle to Vehicle,Not Applicable,Straight and flat,Others,Bitumen(Tar),Dry,Not Applicable,Clear,"NR SHIVAKUNTAMMA TEMPAL ROAD TURNING,NAGONDANAHALLI ROAD,BENGALORE",NEAR SRI MAHESWARI TEMPAL,50,0.0,0.0,0,0,0.0,0.0
Bengaluru City,Whitefield Traffic PS,1.04432e+16,2022,1,2,Road Accidents,Not Applicable,City/Town,Open area,Human Error,Yes,Fatal,Vehicle to Vehicle,Not Applicable,Curve,Others,Bitumen(Tar),Dry,Not Applicable,Clear,"VYDEHI  JUNCTION ,I T P L MN RD,WHITEFIELD,BENGALORE",D AMBEDKAR  AUTO DRIVER   ASSOCIATION,50,0.0,0.0,0,0,0.0,0.0
Bengaluru City,Whitefield Traffic PS,1.04432e+16,2022,1,1,Road Accidents,Not Applicable,City/Town,Open area,Human Error,Not Applicable,Fatal,Not Applicable,Not at  Junction,Straight and flat,Others,Bitumen(Tar),Dry,Not Applicable,Clear,"OPP APOLLO DENTAL,NR MAHAVEER APT,KUNDALAHALLI,VARTHURU KODI MN RD,BENGALORE",THE PLACE WHERE THE VEHICLE WAS SWEPT AWAY AND THE RIDER FELL,36,0.0,0.0,0,0,0.0,0.0
Bengaluru City,Whitefield Traffic PS,1.04432e+16,2022,1,1,Road Accidents,Not Applicable,City/Town,Residential area,Human Error,Yes,Fatal,Not Applicable,Not at  Junction,Straight and flat,Others,Bitumen(Tar),Dry,Not Applicable,Clear,"CHINNAIAH REDDY COMPOUND,VARTHURU FROM VALEPURA TOWARDS SORAHUNASE,BENGALORE",ELCTRIC POLL,26,0.0,0.0,0,0,0.0,0.0
Bengaluru City,Whitefield Traffic PS,1.04432e+16,2022,1,1,Road Accidents,Narrow road,City/Town,Open area,Human Error,Not Applicable,Grievous Injury,Not Applicable,Not at  Junction,Straight and flat,One way,Bitumen(Tar),Dry,Not Applicable,Clear,"INFRONT OF FIT X 1 BUILDING,",INFRONT OF FIT X 1 BUILDING,4 KM,0.0,0.0,0,0,0.0,0.0
Bengaluru City,Whitefield Traffic PS,1.04432e+16,2022,1,2,Road Accidents,Not Applicable,City/Town,Near Bus stop,Human Error,Yes,Simple Injury,Vehicle to Vehicle,Not Applicable,Straight and flat,State Highway,Bitumen(Tar),Dry,Not Applicable,Clear,"NEAR RED RHINO CRAFT JWELLERY AND INFRIED CHICKEN,HOTEL GATE HOSAKOTE MN RD,KANNAMANGALA-560067",PHASE OF THE ROAD SEPARATOR,10,0.0,0.0,0,0,0.0,0.0
Bengaluru City,Whitefield Traffic PS,1.04432e+16,2022,1,1,Road Accidents,Not Applicable,City/Town,Near Bus stop,Human Error,No,Grievous Injury,Hit pedestrian,Not Applicable,Straight and flat,Others,Bitumen(Tar),Dry,Not Applicable,Clear,"KODATHI GATE BUS STOP,BENGALORE",HAIMASK POLL,57,0.0,0.0,0,0,0.0,0.0
Bengaluru City,Whitefield Traffic PS,1.04432e+16,2022,1,1,Road Accidents,Not Applicable,City/Town,Residential area,Human Error,No,Simple Injury,Not Applicable,Uncontrolled,Straight and flat,Arterial,Bitumen(Tar),Dry,No influence on accident,Clear,"INFRONT OF PRUTHVI HOTEL, CHANNASANDRA-NAGONDANAHALLI MN RD",ELECTRIC POLE,62,0.0,0.0,0,0,0.0,0.0
Bengaluru City,Whitefield Traffic PS,1.04432e+16,2022,1,1,Road Accidents,Narrow road,City/Town,Residential area,Human Error,Not Applicable,Fatal,Hit pedestrian,Not Applicable,Straight and flat,Others,Not Applicable,Not Applicable,Not Applicable,Clear,"INFRONT OF MAA SREENIVASAM APARTMENT, KODIGEHALLI MAIN ROAD",INFRONT OF MAA SREENIVASAM APARTMENT,30,0.0,0.0,0,0,0.0,0.0
Bengaluru City,Whitefield Traffic PS,1.04432e+16,2022,1,2,Road Accidents,Not Applicable,City/Town,Open area,Human Error,Yes,Grievous Injury,Vehicle to Vehicle,Not Applicable,Straight and flat,Others,Bitumen(Tar),Dry,Not Applicable,Clear,"NR WIPRO GATE,FORM KODATI JUNCTION TOWARDS,CARMELARAM JUCTION,SARJAPURA MN RD,BENGALORE",CEMENT PAVEMENT,20,0.0,0.0,0,0,0.0,0.0
Bengaluru City,Whitefield Traffic PS,1.04432e+16,2022,1,1,Road Accidents,Not Applicable,City/Town,Open area,Human Error,Yes,Grievous Injury,Hit pedestrian,Not Applicable,Straight and flat,Others,Bitumen(Tar),Dry,Not Applicable,Clear,"INFORNT OF SHREYA TEA STALL ROAD,SULIKUNTE ,SARJAPURA MN ROAD,BENGALORE",NOTICE BORD,43,0.0,0.0,0,0,0.0,0.0
Bengaluru City,Whitefield Traffic PS,1.04432e+16,2022,1,2,Road Accidents,Not Applicable,City/Town,Open area,Human Error,No,Grievous Injury,Vehicle to Vehicle,Not Applicable,Straight and flat,State Highway,Bitumen(Tar),Dry,Not Applicable,Clear,"OPPOSITE TO MAYURA BEKARY,WHITEFIELD MAIN ROAD,BENGALORE",ELCTRIC POLL,30,0.0,0.0,0,0,0.0,0.0
Bengaluru City,Whitefield Traffic PS,1.04432e+16,2022,1,2,Road Accidents,Narrow road,City/Town,Near office complex,Human Error,Yes,Grievous Injury,Vehicle to Vehicle,Not Applicable,Straight and flat,One way,Bitumen(Tar),Dry,Not Applicable,Clear,NEAR SLV NURSERY & APARNA ENTERPRISES LTD,NEAR SLV NURSERY & APARNA ENTERPRISES LTD,14,0.0,0.0,0,0,0.0,0.0
Bengaluru City,Whitefield Traffic PS,1.04432e+16,2022,1,2,Road Accidents,Not Applicable,City/Town,Open area,Human Error,Not Applicable,Grievous Injury,Vehicle to Vehicle,Not Applicable,Straight and flat,Others,Bitumen(Tar),Dry,Not Applicable,Clear,"NEAR RADHA KRISHNA TEMPAL,BOREWELL ROAD,NELLURUHALLI,BENGALORE-560066",PEDESTRAIN ROAD,25,0.0,0.0,0,0,0.0,0.0
Bengaluru City,Whitefield Traffic PS,1.04432e+16,2022,1,1,Road Accidents,Road hump or Rumble strips,City/Town,Open area,Human Error,No,Damage Only,Vehicle to Vehicle,Uncontrolled,Straight and flat,Arterial,Bitumen(Tar),Dry,No influence on accident,Clear,"ICD RD, ITPL RD",TREE,10,0.0,0.0,0,0,0.0,0.0
Bengaluru City,Whitefield Traffic PS,1.04432e+16,2022,1,1,Road Accidents,Not Applicable,City/Town,Near Petrol Pump,Human Error,Not Applicable,Grievous Injury,Not Applicable,Not Applicable,Straight and flat,Others,Bitumen(Tar),Dry,Not Applicable,Clear,"INFORNT OF BHARATH PETROL BUNK,CHANNASANDRA THIRUMALA SHETTY HALLI MN RD,BENGALORE-560067",MUD PAVEMENT ROAD DISTANCE FROM ACCIDENT SITE,5,0.0,0.0,0,0,0.0,0.0
Bengaluru City,Whitefield Traffic PS,1.04432e+16,2022,1,1,Road Accidents,Not Applicable,City/Town,Residential area,Human Error,Not Applicable,Fatal,Not Applicable,Not Applicable,Straight and flat,Others,Bitumen(Tar),Dry,Not Applicable,Clear,"PANATHURU BRIDGE,PANATHURU-VARTHURU MN RD,BENGALORE",SLIPPAGE FROM ACCIDENT SITE,12,0.0,0.0,0,0,0.0,0.0
Bengaluru City,Whitefield Traffic PS,1.04432e+16,2022,1,2,Road Accidents,Narrow road,City/Town,Near Petrol Pump,Human Error,Not Applicable,Fatal,Vehicle to Vehicle,Not Applicable,Straight and flat,Others,Bitumen(Tar),Dry,Not Applicable,Clear,VINAYAKAR NAGAR,NEAR PETROL BUNK,10,0.0,0.0,0,0,0.0,0.0
Bengaluru City,Whitefield Traffic PS,1.04432e+16,2022,1,1,Road Accidents,Not Applicable,City/Town,Open area,Human Error,Not Applicable,Fatal,Not Applicable,Not Applicable,Straight and flat,Others,Bitumen(Tar),Dry,Not Applicable,Clear,"SULIKUNTE SHMASHANA ROAD,SARJAPURA MN RD,BENGALORE",CENTER MEDIA ANCHU,40,0.0,0.0,0,0,0.0,0.0
Bengaluru City,Whitefield Traffic PS,1.04432e+16,2022,1,1,Road Accidents,Not Applicable,City/Town,Residential area,Human Error,Yes,Grievous Injury,Hit bicyclist,Not Applicable,Straight and flat,Others,Bitumen(Tar),Dry,Not Applicable,Clear,"INFRONT OF ARUNA COMPLEX ROAD,BESIDE I T P L GATE,PATTANDUR AGRAHARA MN RD,BENGALORE",ELECTRIC STREET LIGHT,18,0.0,0.0,0,0,0.0,0.0
Bengaluru City,Whitefield Traffic PS,1.04432e+16,2022,1,2,Road Accidents,Not Applicable,City/Town,Open area,Human Error,Not Applicable,Not Applicable,Vehicle to Vehicle,Not Applicable,Straight and flat,Others,Bitumen(Tar),Dry,Not Applicable,Clear,"NEAR AADISHWAR SHOWROOM,RAMAGONDANAHALLI,BENGALORE",ADVERTISEMENT BOARD,15,0.0,0.0,0,0,0.0,0.0
Bengaluru City,Whitefield Traffic PS,1.04432e+16,2022,1,2,Road Accidents,Not Applicable,City/Town,Open area,Human Error,Yes,Grievous Injury,Vehicle to Vehicle,Not Applicable,Straight and flat,State Highway,Bitumen(Tar),Dry,Not Applicable,Clear,"OPP GOLDEN JIM,WHITEFIELD MN RD,WHITEFIELD,BENGALORE-560066",SHARE ON THE ROAD,12,0.0,0.0,0,0,0.0,0.0
Bengaluru City,Whitefield Traffic PS,1.04432e+16,2022,1,1,Road Accidents,Not Applicable,City/Town,Residential area,Human Error,Yes,Fatal,Hit bicyclist,Not Applicable,Straight and flat,Others,Bitumen(Tar),Dry,Not Applicable,Clear,"NEAR GATE NO-01,SHOBHA DREAMS APARTMENT,BALAGERE-PANATHURU MAIN ROAD,VARTHURU POST,BENGALORE-560087",HYDRATION IRON POWER POLE,44,0.0,0.0,0,0,0.0,0.0
Bengaluru City,Whitefield Traffic PS,1.04432e+16,2022,1,1,Road Accidents,Not Applicable,City/Town,Residential area,Human Error,Yes,Fatal,Hit bicyclist,Uncontrolled,Straight and flat,Arterial,Bitumen(Tar),Dry,No influence on accident,Clear,"NEAR SAPTAGIRI TOWERS, SORAHUNASE-VALEPURA MN RD,",ELECTRIC POLE,45,12.9490334,77.756152,0,0,0.0,0.0
Bengaluru City,Whitefield Traffic PS,1.04432e+16,2022,1,2,Road Accidents,Not Applicable,City/Town,Open area,Human Error,Not Applicable,Grievous Injury,Vehicle to Vehicle,Not Applicable,Straight and flat,Others,Bitumen(Tar),Dry,Not Applicable,Clear,"VIBGYOR SCHOOL ROAD TURN,THUBARAHALLI,BENGALORE",MAYURI PASSION STORE,25,0.0,0.0,0,0,0.0,0.0
Bengaluru City,Whitefield Traffic PS,1.04432e+16,2022,1,2,Not Applicable,Narrow road,City/Town,Near office complex,Human Error,No,Grievous Injury,Vehicle to Vehicle,Not Applicable,Others,Two way,Bitumen(Tar),Others,Not Applicable,Clear,"NEAR CHANNASANDRA MORI ROAD,",NEAR CHANNASANDRA MORI ROAD,5 KM,0.0,0.0,0,1,0.0,1.0
Bengaluru City,Whitefield Traffic PS,1.04432e+16,2022,1,1,Road Accidents,Not Applicable,City/Town,Near School or College,Human Error,Not Applicable,Simple Injury,Not Applicable,Not Applicable,Straight and flat,Others,Bitumen(Tar),Dry,Not Applicable,Clear,"NEAR GOVT PU COLLEGE,BELATHURU COLONY MN RD,BENGALORE-560067",ELECTRIC POLE,9,0.0,0.0,0,0,0.0,0.0
Bengaluru City,Whitefield Traffic PS,1.04432e+16,2022,1,2,Road Accidents,Not Applicable,City/Town,Open area,Human Error,Yes,Simple Injury,Vehicle to Vehicle,Not Applicable,Straight and flat,Others,Bitumen(Tar),Dry,Not Applicable,Clear,"OPPOSITE TO MUKESH NURSERY,VARTHURU KODI MN RD,VARTHURU,BENGALORE-560087",ELlCTRIC POLL,64,0.0,0.0,0,0,0.0,0.0
Bengaluru City,Whitefield Traffic PS,1.04432e+16,2022,1,1,Road Accidents,Not Applicable,City/Town,Residential area,Human Error,Yes,Simple Injury,Hit pedestrian,Not Applicable,Straight and flat,Others,Bitumen(Tar),Dry,Not Applicable,Clear,"NEAR DISHA WINDSOR APARMENT,VARTHUR PANATHURU MAIN ROAD,BENGALORE",THE GREEN COCONUT TREE,29,0.0,0.0,0,0,0.0,0.0
Bengaluru City,Whitefield Traffic PS,1.04432e+16,2022,1,3,Road Accidents,Junction,City/Town,Near Hospital,Human Error,Yes,Grievous Injury,Vehicle to Vehicle,Signal lights Automatic,Straight and flat,Others,Bitumen(Tar),Dry,Not Applicable,Clear,"ITPL MAIN ROAD,BIG BAZAR JUNCTION,BENGALORE-560066",TRAFFICE SIGNAL LAIGHT POLL,24,0.0,0.0,0,0,0.0,0.0
Bengaluru City,Whitefield Traffic PS,1.04432e+16,2022,1,1,Road Accidents,Narrow road,City/Town,Near office complex,Human Error,Yes,Fatal,Hit pedestrian,Not Applicable,Not Applicable,Others,Bitumen(Tar),Dry,Not Applicable,Clear,"INFRONT OF GK ENTERPRISES MOBILE SHOP ROAD,",INFRONT OF GK ENTERPRISES MOBILE SHOP ROAD,3,0.0,0.0,0,0,0.0,0.0
Bengaluru City,Whitefield Traffic PS,1.04432e+16,2022,1,1,Road Accidents,Not Applicable,City/Town,Residential area,Human Error,Yes,Grievous Injury,Hit pedestrian,Not Applicable,Straight and flat,Others,Bitumen(Tar),Dry,Not Applicable,Clear,"BORWELL ROAD,WHITEFIELD,BENGALORE",DISTANCE FROM  THE ACCIDENT SITE TO THE CLOTHING STORE,22,0.0,0.0,0,0,0.0,0.0
Bengaluru City,Whitefield Traffic PS,1.04432e+16,2022,1,2,Road Accidents,Curves,City/Town,Near Bus stop,Human Error,Yes,Grievous Injury,Vehicle to Vehicle,Not Applicable,Straight and flat,Others,Bitumen(Tar),Dry,Not Applicable,Clear,"NEAR BPL TOWARDS I T P L ROAD,WHITEFIELD,BENGALORE",DISTANCE TO TRAFFICE SIGNAL,6,0.0,0.0,0,0,0.0,0.0
Bengaluru City,Whitefield Traffic PS,1.04432e+16,2022,1,1,Road Accidents,Not Applicable,City/Town,Open area,Human Error,No,Grievous Injury,Hit pedestrian,Not Applicable,Straight and flat,State Highway,Bitumen(Tar),Dry,Not Applicable,Clear,"NEAR STERLING VILLAGE GRANDE,SHEEGEHALLI,HOSAKOTE-KADUGODI MAIN ROAD,BENGALORE",ELECTRIC STREET LIGHT,19,0.0,0.0,0,0,0.0,0.0
Bengaluru City,Whitefield Traffic PS,1.04432e+16,2022,1,1,Road Accidents,Narrow road,City/Town,Near School or College,Human Error,No,Fatal,Not Applicable,Not Applicable,Others,Others,Kutcha,Muddy,Not Applicable,Clear,"INFRONT OF MANJUTHA'S HOUSE, BEHIND CARMELARAM SCHOOL,",INFRONT OF MANJUTHA HOUSE BEHIND CARMELARAM SCHOOL,13KM,0.0,0.0,0,4,4.0,8.0
Bengaluru City,Whitefield Traffic PS,1.04432e+16,2022,1,2,Road Accidents,Not Applicable,City/Town,Near office complex,Human Error,Yes,Grievous Injury,Vehicle to Vehicle,Uncontrolled,Straight and flat,Arterial,Bitumen(Tar),Dry,No influence on accident,Clear,"NR WHITEFIELD RAILWAY STATION, KADUGODI",TREE,22,0.0,0.0,0,0,0.0,0.0
Bengaluru City,Whitefield Traffic PS,1.04432e+16,2022,1,1,Road Accidents,Not Applicable,City/Town,Near a religious place,Human Error,Yes,Grievous Injury,Hit pedestrian,Uncontrolled,Straight and flat,Expressway,Bitumen(Tar),Dry,No influence on accident,Clear,"NEAR SHANIMAHATMMA TEMPLE, KADUGODI-HOSAKOTE MN RD, KAJI SONNENHALLI GAT E, BENGALURU CITY",ELECTRIC POLE,18,0.0,0.0,0,0,0.0,0.0
Bengaluru City,Whitefield Traffic PS,1.04432e+16,2022,1,2,Road Accidents,Not Applicable,City/Town,Near Bus stop,Human Error,Yes,Fatal,Vehicle to Vehicle,Not Applicable,Straight and flat,Others,Bitumen(Tar),Dry,Not Applicable,Clear,"NR RED RHINO,KADUGODI-HOSAKOTE MN RD,BENGALORE",ELCTRIC POLL,30,0.0,0.0,0,0,0.0,0.0
Bengaluru City,Whitefield Traffic PS,1.04432e+16,2022,1,2,Road Accidents,Junction,City/Town,Near a religious place,Human Error,Yes,Simple Injury,Vehicle to Vehicle,Not Applicable,Straight and flat,Others,Bitumen(Tar),Dry,Not Applicable,Clear,HOSAROAD JUNCTION,HOSA ROAD JUNCITON,5,0.0,0.0,0,0,0.0,0.0
Bengaluru City,Whitefield Traffic PS,1.04432e+16,2022,1,2,Road Accidents,Not Applicable,City/Town,Open area,Human Error,Yes,Grievous Injury,Vehicle to Vehicle,Not Applicable,Straight and flat,Others,Bitumen(Tar),Dry,Not Applicable,Clear,"FROM NAGONDAHALLI TOWARDS WHITEFIELD,BENGALORE",ELCTRIC POLL,42,0.0,0.0,0,0,0.0,0.0
Bengaluru City,Whitefield Traffic PS,1.04432e+16,2022,1,1,Road Accidents,Not Applicable,City/Town,Near School or College,Human Error,No,Fatal,Hit pedestrian,Not Applicable,Straight and flat,State Highway,Bitumen(Tar),Dry,Not Applicable,Clear,"NEAR JAIN SCHOOL,KANNAMANGALA ,BENGALORE",RUCHIRA APARTMENT PROJECT,55,0.0,0.0,0,0,0.0,0.0
Bengaluru City,Whitefield Traffic PS,1.04432e+16,2022,1,2,Road Accidents,Not Applicable,City/Town,Open area,Human Error,No,Grievous Injury,Vehicle to Vehicle,Not at  Junction,Straight and flat,Others,Bitumen(Tar),Dry,Not Applicable,Clear,"INFORNT OF SHANTHI NIKETHANA BULDING,NR BIG BAZAR JUCTION,I T P L -HOODI  MAIN ROAD,BENGALORE",SIDE WALK,12,0.0,0.0,0,0,0.0,0.0
Bengaluru City,Whitefield Traffic PS,1.04432e+16,2022,1,2,Road Accidents,Not Applicable,City/Town,Open area,Human Error,Not Applicable,Grievous Injury,Vehicle to Vehicle,Not Applicable,Straight and flat,Residential Street,Bitumen(Tar),Dry,Not Applicable,Clear,"NEAR CLASSIC SOFA MAKERS,BALAGERE-VARTHURU MN RD,BENGALORE",ELCTRIC POLL,28,0.0,0.0,0,0,0.0,0.0
Bengaluru City,Whitefield Traffic PS,1.04432e+16,2022,1,1,Road Accidents,Not Applicable,City/Town,Open area,Human Error,Not Applicable,Grievous Injury,Hit bicyclist,Not Applicable,Straight and flat,Others,Bitumen(Tar),Dry,Not Applicable,Clear,"NEAR UDUPI HOTEL,HOPE FORM-VYDEHI JUCTION MAIN ROAD,BENGALORE",Metro Piller No 355,40,0.0,0.0,0,0,0.0,0.0
Bengaluru City,Whitefield Traffic PS,1.04432e+16,2022,1,1,Road Accidents,Narrow road,City/Town,Near a factory industrial area,Human Error,No,Grievous Injury,Not Applicable,Not at  Junction,Straight and flat,One way,Bitumen(Tar),Dry,Not Applicable,Clear,ITPL GATE,ITPL GATE,3KM,0.0,0.0,0,0,0.0,0.0
Bengaluru City,Whitefield Traffic PS,1.04432e+16,2022,1,2,Road Accidents,Junction,City/Town,Near office complex,Human Error,No,Grievous Injury,Vehicle to Vehicle,Uncontrolled,Straight and flat,State Highway,Bitumen(Tar),Dry,No influence on accident,Clear,"CONTAINER YARD, ITPL MN RD",PILLAR,12,0.0,0.0,0,0,0.0,0.0
Bengaluru City,Whitefield Traffic PS,1.04432e+16,2022,1,3,Road Accidents,Junction,City/Town,Near Bus stop,Human Error,Not Applicable,Simple Injury,Vehicle to Vehicle,Signal lights Automatic,Straight and flat,Two way,Bitumen(Tar),Dry,Not Applicable,Clear,"INFORNT OF BANK OF BARODA,NEAR HOPEFARM JN,ITPL MN RD,BENGALORE-560066",PEDASTRIAN ROAD ANCHU,23,0.0,0.0,0,0,0.0,0.0
Bengaluru City,Whitefield Traffic PS,1.04432e+16,2022,1,2,Road Accidents,Not Applicable,City/Town,Open area,Human Error,No,Simple Injury,Vehicle to Vehicle,Not Applicable,Straight and flat,Others,Bitumen(Tar),Dry,Not Applicable,Clear,"NR LULU S BAKERY,KODIGEHALLI MN RD,BENGALORE",GREEN TREE,8,0.0,0.0,0,0,0.0,0.0
Bengaluru City,Whitefield Traffic PS,1.04432e+16,2022,1,1,Road Accidents,Not Applicable,City/Town,Open area,Human Error,No,Grievous Injury,Not Applicable,Not Applicable,Straight and flat,Not Applicable,Bitumen(Tar),Dry,Not Applicable,Clear,"NR PRESTIAGE GLEN MARGAN,MUNISING RD,WHITE FIELD,BENGALORE",ELECTRIC POLE,4,0.0,0.0,0,0,0.0,0.0
Bengaluru City,Whitefield Traffic PS,1.04432e+16,2022,1,1,Road Accidents,Not Applicable,City/Town,Residential area,Human Error,No,Fatal,Vehicle to Vehicle,Uncontrolled,Straight and flat,State Highway,Bitumen(Tar),Dry,No influence on accident,Clear,"SANDEEP VIHAR APT, KANNAMANGALA RD, HOSKOTE",STREET LIGHT,20,0.0,0.0,0,0,0.0,0.0
Bengaluru City,Whitefield Traffic PS,1.04432e+16,2022,1,2,Road Accidents,Narrow road,City/Town,Near office complex,Human Error,Yes,Fatal,Vehicle to Vehicle,Not Applicable,Straight and flat,Others,Bitumen(Tar),Dry,Not Applicable,Clear,"OPPOSITE TO SHANTINIKETHAN GATE NO.1,",OPPOSITE TO SHANTINIKETHAN GATE NO1,25,0.0,0.0,0,0,0.0,0.0
Bengaluru City,Whitefield Traffic PS,1.04432e+16,2022,1,1,Road Accidents,Not Applicable,City/Town,Open area,Human Error,Not Applicable,Simple Injury,Hit pedestrian,Not Applicable,Straight and flat,Others,Bitumen(Tar),Dry,Not Applicable,Clear,"NEAR ADITYA BAR,BELATHURU DOMMASANDRA MN RD,BENGALORE-560067",ELECTRIC POLE,20,0.0,0.0,0,0,0.0,0.0
Bengaluru City,Whitefield Traffic PS,1.04432e+16,2022,1,2,Road Accidents,Not Applicable,City/Town,Near Petrol Pump,Human Error,No,Damage Only,Vehicle to Vehicle,Uncontrolled,Straight and flat,Arterial,Bitumen(Tar),Dry,No influence on accident,Clear,"SHELL PETROL BUNK, VARTHURU GUNJUR MN RD",ELECTRIC POLE,32,0.0,0.0,0,0,0.0,0.0