DISTRICTNAME,UNITNAME,Crime_No,Year,RI,Noofvehicle_involved,Accident_Classification,Accident_Spot,Accident_Location,Accident_SubLocation,Main_Cause,Hit_Run,Severity,Collision_Type,Junction_Control,Road_Character,Road_Type,Surface_Type,Surface_Condition,Road_Condition,Weather,Accident_Road,Landmark_first,Distance_LandMark_First,Latitude,Longitude,Road_Condition_Score,Surface_Condition_Score,Surface_Type_Score,Road_Risk_Index
Bengaluru City,Whitefield Traffic PS,1.04432e+16,2023,1,1,Road Accidents,Narrow road,City/Town,Open area,Human Error,No,Fatal,Not Applicable,Not Applicable,Straight and flat,One way,Bitumen(Tar),Not Applicable,Not Applicable,Clear,AT GUNJUR PALYA FOREST  NEAR AYYAPPA TEMPLE  PANATHUR MN RD,NEAR AYYAPPA TEMPLE  PANATHUR MN RD,13 KM,0.0,0.0,0,0,0.0,0.0
Bengaluru City,Whitefield Traffic PS,1.04432e+16,2023,1,1,Road Accidents,Junction,City/Town,Near Bus stop,Human Error,Yes,Fatal,Hit pedestrian,Not Applicable,Straight and flat,One way,Bitumen(Tar),Not Applicable,Not Applicable,Clear,HOPE FARM JUNCTION,HOPE FARM JUNCTION,5 KM,0.0,0.0,0,0,0.0,0.0
Bengaluru City,Whitefield Traffic PS,1.04432e+16,2023,1,2,Road Accidents,Not Applicable,City/Town,Near Bus stop,Human Error,Yes,Grievous Injury,Vehicle to Vehicle,Not Applicable,Straight and flat,Others,Bitumen(Tar),Dry,Not Applicable,Clear,"INFORNT OF PRESTIGE ROAD,FROM WHITEFIELD TOWARDS ,KADUGODI-WHITEFIELD MAIN ROAD,BENGALORE",Metro Piller No 462,12,0.0,0.0,0,0,0.0,0.0
Bengaluru City,Whitefield Traffic PS,1.04432e+16,2023,1,2,Road Accidents,Not Applicable,City/Town,Open area,Human Error,Yes,Damage Only,Vehicle to Vehicle,Uncontrolled,Straight and flat,Arterial,Bitumen(Tar),Dry,No influence on accident,Fine,"PRESTIGE SHANTINIKETAN EXIT GATE NO 8, BASEMENT PARKING, ITPL,",PILLAR,31,0.0,0.0,0,0,0.0,0.0
Bengaluru City,Whitefield Traffic PS,1.04432e+16,2023,1,1,Not Applicable,Junction,City/Town,Near Bus stop,Human Error,Not Applicable,Not Applicable,Vehicle to Vehicle,Not Applicable,Straight and flat,Others,Bitumen(Tar),Not Applicable,Not Applicable,Clear,"NEAR KACHAMARANAHALLI JUNCTION,GUNJURU TO KRUPA NIDHI MAIN ROAD,BENGALORE",GREEN TREE,38,12.918765,77.734558,0,0,0.0,0.0
Bengaluru City,Whitefield Traffic PS,1.04432e+16,2023,1,2,Road Accidents,Not Applicable,City/Town,Near office complex,Human Error,Yes,Damage Only,Vehicle to Vehicle,Not Applicable,Straight and flat,One way,Bitumen(Tar),Others,Not Applicable,Clear,NR NEXUS MALL WHITEFIELD MN RD,NR NEXUS MALL WHITEFIELD MN RD,4.5 KM,0.0,0.0,0,1,0.0,1.0
Bengaluru City,Whitefield Traffic PS,1.04432e+16,2023,1,2,Road Accidents,Not Applicable,City/Town,Open area,Human Error,No,Grievous Injury,Vehicle to Vehicle,Not Applicable,Straight and flat,State Highway,Bitumen(Tar),Dry,Not Applicable,Clear,"NEAR VARTHURU KODI JUNCTION ROAD,FROM RAMAGONDANAHALLI TOWARDS,WHITEFIELD,BENGALORE",ELCTRIC POLL,31,0.0,0.0,0,0,0.0,0.0
Bengaluru City,Whitefield Traffic PS,1.04432e+16,2023,1,2,Road Accidents,Not Applicable,City/Town,Open area,Human Error,Yes,Damage Only,Vehicle to Vehicle,Not Applicable,Straight and flat,Others,Bitumen(Tar),Dry,Not Applicable,Clear,"FROM KUNDALAHALLI GATE TOWARDS ,VARTHURU POLICE STATION ROAD,BENGALORE",NOTICE BORD,30,12.957414,77.734151,0,0,0.0,0.0
Bengaluru City,Whitefield Traffic PS,1.04432e+16,2023,1,2,Road Accidents,Not Applicable,City/Town,Open area,Human Error,Not Applicable,Fatal,Vehicle to Vehicle,Not Applicable,Straight and flat,Others,Bitumen(Tar),Dry,Not Applicable,Clear,"INFORT OF VIDHYAGIRI BDA APT ROAD,DODDABANAHALLI,BENGALORE",PEDESTRAIN ANCHU,7,13.034084,77.757566,0,0,0.0,0.0
Bengaluru City,Whitefield Traffic PS,1.04432e+16,2023,1,2,Road Accidents,Not Applicable,City/Town,Open area,Human Error,Yes,Fatal,Vehicle to Vehicle,Not Applicable,Straight and flat,State Highway,Bitumen(Tar),Dry,Not Applicable,Clear,"NEAR SEEGEHALLI JUNCTION,KADUGODI-HOSAKOTE MAIN ROAD,BENGALORE",C C T V POLL,24,13.009879,77.759113,0,0,0.0,0.0
Bengaluru City,Whitefield Traffic PS,1.04432e+16,2023,1,2,Road Accidents,Not Applicable,City/Town,Near a recreation place/cinema,Human Error,Yes,Grievous Injury,Vehicle to Vehicle,Uncontrolled,Straight and flat,Two way,Bitumen(Tar),Dry,No influence on accident,Clear,BALAGERE-VARTHURU MN RD,ELECTRIC POLE,22,0.0,0.0,0,0,0.0,0.0
Bengaluru City,Whitefield Traffic PS,1.04432e+16,2023,1,1,Road Accidents,Not Applicable,City/Town,Residential area,Human Error,Not Applicable,Grievous Injury,Not Applicable,Not Applicable,Straight and flat,Others,Bitumen(Tar),Dry,Not Applicable,Clear,"INFORNT OF NAVEEN REDDY BUILDING CHANNAKESHVA,PROVISION STORE TUBARAHALLI EXTENSION,TUBARAHALLI,BENG",PEDESTRAIN ANCHU,6,12.94981,77.722042,0,0,0.0,0.0
Bengaluru City,Whitefield Traffic PS,1.04432e+16,2023,1,2,Road Accidents,Not Applicable,City/Town,Near Petrol Pump,Human Error,Yes,Damage Only,Vehicle to Vehicle,Not Applicable,Straight and flat,Others,Bitumen(Tar),Dry,Not Applicable,Clear,"NEAR SHELL PETROL BUNK,KODATHI-SULIKUNTE ROAD,SARJAPURA MAIN ROAD,BENGALORE",HAJARD BORD,8,0.0,0.0,0,0,0.0,0.0
Bengaluru City,Whitefield Traffic PS,1.04432e+16,2023,1,2,Road Accidents,Junction,City/Town,Open area,Human Error,Yes,Damage Only,Vehicle to Vehicle,No signal lights,Curve,State Highway,Bitumen(Tar),Dry,Not Applicable,Clear,"NEAR VARTHURU KODI JUCTION,WHITEFIELD-VARTHURU KODI MAIN ROAD,BENGALORE",RAMADEVA MEDICAL SHOP,60,0.0,0.0,0,0,0.0,0.0
Bengaluru City,Whitefield Traffic PS,1.04432e+16,2023,1,1,Road Accidents,Not Applicable,City/Town,Open area,Human Error,Yes,Grievous Injury,Hit bicyclist,Not Applicable,Straight and flat,Others,Bitumen(Tar),Dry,Not Applicable,Clear,"OPPOSITE AXIS BANK,I T P L MAIN ROAD,VYDEHI HOSPITAL JUNCTION-PATTANDURU ,WHITEFIELD,BENGALORE",GREEN TREE,30,0.0,0.0,0,0,0.0,0.0
Bengaluru City,Whitefield Traffic PS,1.04432e+16,2023,1,2,Road Accidents,Narrow road,City/Town,Open area,Human Error,No,Grievous Injury,Vehicle to Vehicle,Not Applicable,Straight and flat,Two way,Bitumen(Tar),Not Applicable,Not Applicable,Clear,NEAR SBI BANK BALAGERE MN RD,VARTHURU PANATHURU MN RD,09 KM,0.0,0.0,0,0,0.0,0.0
Bengaluru City,Whitefield Traffic PS,1.04432e+16,2023,1,2,Road Accidents,Not Applicable,City/Town,Near Petrol Pump,Human Error,Yes,Simple Injury,Vehicle to Vehicle,Not Applicable,Straight and flat,State Highway,Bitumen(Tar),Dry,Not Applicable,Clear,"INFORNT OF H P PETROL BUNK ROAD,NEAR SEEGEHALLI HOSAKOTE-KADUGODI MAIN ROAD ,BENGALORE",CENTER MIDIAN ANCHU,17,0.0,0.0,0,0,0.0,0.0
Bengaluru City,Whitefield Traffic PS,1.04432e+16,2023,1,2,Road Accidents,Not Applicable,City/Town,Open area,Human Error,Yes,Grievous Injury,Vehicle to Vehicle,Not Applicable,Straight and flat,Others,Bitumen(Tar),Dry,Not Applicable,Clear,"NEAR KUMAR KABAB SHOP FROM VARTHURU COLLEGE ROAD,TOWARDS MAHADEVAOURA,BENGALORE",GREEN TREE,13,0.0,0.0,0,0,0.0,0.0
Bengaluru City,Whitefield Traffic PS,1.04432e+16,2023,1,2,Road Accidents,Not Applicable,City/Town,Open area,Human Error,Yes,Grievous Injury,Vehicle to Vehicle,Not Applicable,Straight and flat,Others,Bitumen(Tar),Dry,Not Applicable,Clear,"NEAR MYSHOPEE SUPER MARKET,FROM VARTHURU TOWARDS-SORAHUNASE,BENGALORE",ELCTRIC POLL,18,12.944458,77.751907,0,0,0.0,0.0
Bengaluru City,Whitefield Traffic PS,1.04432e+16,2023,1,2,Road Accidents,Not Applicable,City/Town,Open area,Human Error,Not Applicable,Grievous Injury,Vehicle to Vehicle,Not Applicable,Straight and flat,Others,Bitumen(Tar),Dry,Not Applicable,Clear,"OPP VARTHURU MOSQUE,VARTHUR GUNJURU MAIN ROAD,FROM WHITEFIELD TOWARDS,BENGALORE",ELCTRIC POLL,21,0.0,0.0,0,0,0.0,0.0
Bengaluru City,Whitefield Traffic PS,1.04432e+16,2023,1,2,Road Accidents,Not Applicable,City/Town,Open area,Human Error,Yes,Grievous Injury,Vehicle to Vehicle,Not Applicable,Straight and flat,Others,Bitumen(Tar),Dry,Not Applicable,Clear,"INFORNT OF HP PETROL BUNK ROAD,FROM MUTHANALLURU CROSS TOWARDS KODATI GATE,BENGLAORE",CENTER MEDIA ANCHU,23,12.890481,77.731296,0,0,0.0,0.0
Bengaluru City,Whitefield Traffic PS,1.04432e+16,2023,1,2,Road Accidents,Not Applicable,City/Town,Open area,Human Error,Yes,Simple Injury,Vehicle to Vehicle,Not Applicable,Straight and flat,State Highway,Bitumen(Tar),Dry,Not Applicable,Clear,"NEAR INDIAN AUTO GAS,VARTHURU,BENGALORE",PEDESTRAIN ANCHU,35,12.951077,77.745375,0,0,0.0,0.0
Bengaluru City,Whitefield Traffic PS,1.04432e+16,2023,1,1,Road Accidents,Narrow road,City/Town,Residential area,Human Error,No,Grievous Injury,Hit pedestrian,Not at  Junction,Straight and flat,One way,Bitumen(Tar),Not Applicable,Not Applicable,Clear,NR CSIKCD MEMORIA CHURCH RD WHITEFIELD HOSKOTE MN RD,NR CSIKCD MEMORIA CHURCH RD,3.5 KM,12.970993,77.750222,0,0,0.0,0.0
Bengaluru City,Whitefield Traffic PS,1.04432e+16,2023,1,1,Not Applicable,Not Applicable,City/Town,Open area,Human Error,Not Applicable,Grievous Injury,Not Applicable,Not Applicable,Straight and flat,Others,Bitumen(Tar),Dry,Not Applicable,Clear,"INFRONT OF BRIGADE CORNERSTONE UTOPIA APT ROAD,FROM VARTHURU TOWARDS GUNJURU,BENGLAORE",PEDESTRAIN ANCHU,8,12.934347,77.743428,0,0,0.0,0.0
Bengaluru City,Whitefield Traffic PS,1.04432e+16,2023,1,2,Road Accidents,Junction,City/Town,Near office complex,Human Error,Yes,Grievous Injury,Vehicle to Vehicle,Signal lights Blinking,Straight and flat,Others,Bitumen(Tar),Dry,Not Applicable,Clear,HOPE FARM JUNCTION,HOPE FARM JUNCTION,1.9 KM,0.0,0.0,0,0,0.0,0.0
Bengaluru City,Whitefield Traffic PS,1.04432e+16,2023,1,1,Road Accidents,Narrow road,City/Town,Near office complex,Human Error,Yes,Grievous Injury,Hit pedestrian,Not Applicable,Straight and flat,One way,Bitumen(Tar),Not Applicable,Not Applicable,Clear,INFRONT OF RAMADEV MEDICALS SHOP BELTHUR HOSAKOTE MAIN ROAD,BELTHUR HOSAKOTE MAIN ROAD,3 KM,13.01991382,77.76202905,0,0,0.0,0.0
Bengaluru City,Whitefield Traffic PS,1.04432e+16,2023,1,1,Road Accidents,Not Applicable,City/Town,Residential area,Human Error,No,Fatal,Hit pedestrian,Not Applicable,Straight and flat,Others,Bitumen(Tar),Dry,Not Applicable,Clear,"INFORNT OF ANUKURAA LOTUS,NEAR HOSAROAD JUNCTION,BENGALORE",ANKURU LOTUS APPARTMENT GATE,28,0.0,0.0,0,0,0.0,0.0
Bengaluru City,Whitefield Traffic PS,1.04432e+16,2023,1,2,Road Accidents,Not Applicable,City/Town,Open area,Human Error,Yes,Grievous Injury,Vehicle to Vehicle,Not Applicable,Straight and flat,Others,Bitumen(Tar),Dry,Not Applicable,Clear,"INBETWEEN NAGONDANAHALLI TO IMMADIHALLI ROAD,BENGALORE",ELECTRIC POLE,22,0.0,0.0,0,0,0.0,0.0
Bengaluru City,Whitefield Traffic PS,1.04432e+16,2023,1,1,Road Accidents,Not Applicable,City/Town,Open area,Human Error,Yes,Grievous Injury,Not Applicable,Not Applicable,Straight and flat,Others,Bitumen(Tar),Dry,Not Applicable,Clear,"NEAR LAKSHMI NARASIMHA SWAMY TEMPLA ROAD,GUNJURU MUGALURU MAIN ROAD,BENGALORE",GREEN TREE,4,12.92004,77.743983,0,0,0.0,0.0
Bengaluru City,Whitefield Traffic PS,1.04432e+16,2023,1,1,Road Accidents,Not Applicable,City/Town,Residential area,Human Error,Yes,Fatal,Hit pedestrian,Not Applicable,Straight and flat,Others,Bitumen(Tar),Dry,Not Applicable,Clear,"NEAR MADHURANAGARA VARTHURU BOYS HOSPITAL,MADHURANAGARA MAIN ROAD,BENGALORE",PEDESTRAIN  FELDOWN,21,12.93979,77.759812,0,0,0.0,0.0
Bengaluru City,Whitefield Traffic PS,1.04432e+16,2023,1,2,Road Accidents,Not Applicable,City/Town,Open area,Human Error,Yes,Grievous Injury,Vehicle to Vehicle,Not Applicable,Straight and flat,Others,Bitumen(Tar),Dry,Not Applicable,Clear,"NEAR ANJANEYA TEMPLAE ROAD,BALAGERE MAIN ROAD,BENGALORE",ELCTRIC POLL,30,12.939798,77.725011,0,0,0.0,0.0
Bengaluru City,Whitefield Traffic PS,1.04432e+16,2023,1,2,Road Accidents,Junction,City/Town,Open area,Human Error,Yes,Grievous Injury,Vehicle to Vehicle,No signal lights,Straight and flat,Others,Bitumen(Tar),Dry,Not Applicable,Clear,"BPL JUCTION ,NEAR KADUGODI TREE PARK METRO STATION,I T P L -DINNURU MAIN ROAD,BENGALORE",ELCTRIC POLL,39,12.985231,77.747999,0,0,0.0,0.0
Bengaluru City,Whitefield Traffic PS,1.04432e+16,2023,1,2,Road Accidents,Narrow road,City/Town,Near School or College,Human Error,No,Grievous Injury,Vehicle to Vehicle,Uncontrolled,Straight and flat,Arterial,Bitumen(Tar),Dry,No influence on accident,Clear,"GOVT HIGH SCHOOL GROUND RD, HAGADURU-IMMADIHALLI MN RD,",ELECTRIC POLE,61,12.964759,77.758742,0,0,0.0,0.0
Bengaluru City,Whitefield Traffic PS,1.04432e+16,2023,1,1,Road Accidents,Narrow road,City/Town,Residential area,Human Error,Not Applicable,Grievous Injury,Not Applicable,Not Applicable,Straight and flat,Two way,Bitumen(Tar),Not Applicable,Not Applicable,Clear,NR AMRUTH HEIGHTS APT NALLURAHALLI MN RD,NR AMRUTH HEIGHTS APT NALLURAHALLI MN RD,5 KM,12.969929,77.735104,0,0,0.0,0.0
Bengaluru City,Whitefield Traffic PS,1.04432e+16,2023,1,2,Road Accidents,Not Applicable,City/Town,Open area,Human Error,Yes,Damage Only,Vehicle to Vehicle,Not Applicable,Straight and flat,Others,Bitumen(Tar),Dry,Not Applicable,Clear,"NEAR VEERANJANEYA TEMPLE,RAMAGONGANAHALLI,VARTHURU KODI-KUNDALAHALLI MAIN ROAD,BENGALORE",18,18,12.956745,77.740166,0,0,0.0,0.0
Bengaluru City,Whitefield Traffic PS,1.04432e+16,2023,1,2,Road Accidents,Not Applicable,City/Town,Open area,Human Error,No,Grievous Injury,Vehicle to Vehicle,Not Applicable,Straight and flat,Others,Bitumen(Tar),Dry,Not Applicable,Clear,"NEAR AMBEDKAR STATUE,DINNURU MAIN ROAD,BENGALORE",PEDESTRAIN ANCHU,18,12.992651,77.753576,0,0,0.0,0.0
Bengaluru City,Whitefield Traffic PS,1.04432e+16,2023,1,1,Road Accidents,Not Applicable,City/Town,Near Petrol Pump,Human Error,Yes,Grievous Injury,Hit pedestrian,Not Applicable,Straight and flat,Others,Bitumen(Tar),Dry,Not Applicable,Clear,"NEAR SHELL PETROL BUNK,VARTHUR-GUNJURU MAIN ROAD,BENGALORE",ELCTRIC POLL,25,12.932321,77.742404,0,0,0.0,0.0
Bengaluru City,Whitefield Traffic PS,1.04432e+16,2023,1,1,Road Accidents,Narrow road,City/Town,Near office complex,Human Error,Yes,Fatal,Hit pedestrian,Not at  Junction,Straight and flat,Two way,Bitumen(Tar),Dry,Not Applicable,Clear,BALAGERE MAIN ROAD,INFRONT OF AAHAD ALUMINIUM SHOP,8.6 KM,0.0,0.0,0,0,0.0,0.0
Bengaluru City,Whitefield Traffic PS,1.04432e+16,2023,1,1,Road Accidents,Not Applicable,City/Town,Near a recreation place/cinema,Human Error,Yes,Fatal,Hit bicyclist,Uncontrolled,Straight and flat,Arterial,Bitumen(Tar),Dry,No influence on accident,Clear,"SATHISH REDDY HOUSE, BALAGERE MN RD",ELECTRIC POLE,33,0.0,0.0,0,0,0.0,0.0
Bengaluru City,Whitefield Traffic PS,1.04432e+16,2023,1,2,Road Accidents,Curves,City/Town,Near a recreation place/cinema,Human Error,No,Grievous Injury,Vehicle to Vehicle,Uncontrolled,Slight Curve,Arterial,Bitumen(Tar),Dry,No influence on accident,Clear,"NR DUGGALAMMA TEMPLE, VARTHURU RD",MEDIAN,17,0.0,0.0,0,0,0.0,0.0
Bengaluru City,Whitefield Traffic PS,1.04432e+16,2023,1,2,Road Accidents,Junction,City/Town,Near Hospital,Human Error,Yes,Grievous Injury,Vehicle to Vehicle,Not Applicable,Straight and flat,State Highway,Bitumen(Tar),Dry,Not Applicable,Clear,"NEAR RAMADEV MEDICAL ROAD,VARTHURU,BENGALORE",CRICLE,21,0.0,0.0,0,0,0.0,0.0
Bengaluru City,Whitefield Traffic PS,1.04432e+16,2023,1,1,Road Accidents,Narrow road,City/Town,Open area,Human Error,No,Grievous Injury,Not Applicable,Not at  Junction,Straight and flat,Two way,Bitumen(Tar),Not Applicable,Not Applicable,Clear,NALLURAHALLI G CROSS,NALLURAHALLI G CROSS,5.2,0.0,0.0,0,0,0.0,0.0
Bengaluru City,Whitefield Traffic PS,1.04432e+16,2023,1,1,Road Accidents,Not Applicable,City/Town,Near School or College,Human Error,No,Grievous Injury,Hit pedestrian,Not Applicable,Straight and flat,State Highway,Bitumen(Tar),Dry,Not Applicable,Clear,"NEAR AR CAR GARAGE,DINNURU MAIN ROAD,BENGALORE",ELCTRIC POLL,38,0.0,0.0,0,0,0.0,0.0
Bengaluru City,Whitefield Traffic PS,1.04432e+16,2023,1,2,Road Accidents,Narrow road,City/Town,Near office complex,Human Error,Yes,Grievous Injury,Vehicle to Vehicle,Not Applicable,Straight and flat,Two way,Bitumen(Tar),Dry,Not Applicable,Fine,"NEAR KADUGODI TREE PARK,ITPL MAIN ROAD,ITPL-HOPE FARM MAIN ROAD",KADUGODI TREE PARK,40 M,0.0,0.0,0,0,0.0,0.0
Bengaluru City,Whitefield Traffic PS,1.04432e+16,2023,1,1,Road Accidents,Not Applicable,City/Town,Open area,Human Error,Yes,Grievous Injury,Hit pedestrian,Not Applicable,Straight and flat,Others,Bitumen(Tar),Dry,Not Applicable,Clear,"INFORNT OF MYHNA HEIGHTS APT,GUNJURU-VARTHURU MAIN ROAD,BENGALORE",ELCTRIC POLL,38,0.0,0.0,0,0,0.0,0.0
Bengaluru City,Whitefield Traffic PS,1.04432e+16,2023,1,2,Road Accidents,Not Applicable,City/Town,Open area,Human Error,Yes,Grievous Injury,Vehicle to Vehicle,Not Applicable,Straight and flat,Others,Bitumen(Tar),Dry,Not Applicable,Clear,"NEAR GREEN HOUSE,VARTHURU MASJID ROAD,BENGALORE",ELCTRIC POLL,41,0.0,0.0,0,0,0.0,0.0
Bengaluru City,Whitefield Traffic PS,1.04432e+16,2023,1,2,Road Accidents,Junction,City/Town,Residential area,Human Error,Yes,Fatal,Vehicle to Vehicle,Uncontrolled,Straight and flat,State Highway,Bitumen(Tar),Dry,No influence on accident,Clear,"WHITEMEADOWS APT, WF MN RD",TREE,41,0.0,0.0,0,0,0.0,0.0
Bengaluru City,Whitefield Traffic PS,1.04432e+16,2023,1,1,Road Accidents,Narrow road,City/Town,Near office complex,Human Error,No,Grievous Injury,Not Applicable,Not at  Junction,Straight and flat,Two way,Bitumen(Tar),Others,Not Applicable,Clear,INFRONT OF SRINIVASA ENT,NALLURAHALLI,6KM,0.0,0.0,0,1,0.0,1.0
Bengaluru City,Whitefield Traffic PS,1.04432e+16,2023,1,2,Road Accidents,Junction,City/Town,Near Hospital,Human Error,No,Grievous Injury,Vehicle to Vehicle,No signal lights,Straight and flat,State Highway,Bitumen(Tar),Dry,Not Applicable,Clear,"AT VARTHURU KODI JUNCTION U TURN ROAD,BENGALORE",CEMENT PILLAR,42,12.957047,77.74542,0,0,0.0,0.0
Bengaluru City,Whitefield Traffic PS,1.04432e+16,2023,1,2,Road Accidents,Not Applicable,City/Town,Open area,Human Error,Yes,Grievous Injury,Vehicle to Vehicle,Not Applicable,Straight and flat,Others,Bitumen(Tar),Dry,Not Applicable,Clear,"NEAR HP GAS GODOWN ROAD,VARTHURU POLICE STATION,ROAD,BENGALORE",ELCTRIC POLL,20,12.93535,77.75204,0,0,0.0,0.0
Bengaluru City,Whitefield Traffic PS,1.04432e+16,2023,1,1,Road Accidents,Not Applicable,City/Town,Open area,Human Error,Yes,Grievous Injury,Hit pedestrian,Not Applicable,Straight and flat,Others,Bitumen(Tar),Dry,Not Applicable,Clear,"NEAR K S V K SCHOOL ROAD,HAGADURU,BENGLAORE",ELCTRIC POLL,7,12.964938,77.753617,0,0,0.0,0.0
Bengaluru City,Whitefield Traffic PS,1.04432e+16,2023,1,1,Road Accidents,Not Applicable,City/Town,Near School or College,Human Error,Yes,Grievous Injury,Hit pedestrian,Not Applicable,Straight and flat,Others,Bitumen(Tar),Dry,Not Applicable,Clear,"NEAR VYDEHI HOSPITAL AND JAIN HETTIGE SCHOOL,KANNAMANGALA -KANNAMANGALAGATE,BENGALORE",ELCTRIC POLL,14,13.03085,77.761034,0,0,0.0,0.0
Bengaluru City,Whitefield Traffic PS,1.04432e+16,2023,1,1,Road Accidents,Not Applicable,City/Town,Open area,Human Error,No,Grievous Injury,Hit pedestrian,Not Applicable,Straight and flat,Others,Bitumen(Tar),Dry,Not Applicable,Clear,"3 RD CROSS,AMBEDKAR NAGARA,WHITEFIELD FROM MUNISINGH MAIN ROAD,TOWARDS AMBEDKAR NAGARA, BENGALORE",ELCTRIC POLL,18,12.978754,77.753555,0,0,0.0,0.0
Bengaluru City,Whitefield Traffic PS,1.04432e+16,2023,1,2,Road Accidents,Not Applicable,Rural Areas,Open area,Human Error,Yes,Damage Only,Vehicle to Vehicle,Not Applicable,Straight and flat,Others,Bitumen(Tar),Dry,Not Applicable,Clear,"NEAR KACHAMARANAHALLI ,BLR",KRISHNA SHOP,15,12.910207,77.731493,0,0,0.0,0.0
Bengaluru City,Whitefield Traffic PS,1.04432e+16,2023,1,2,Road Accidents,Narrow road,City/Town,Residential area,Human Error,Yes,Grievous Injury,Vehicle to Vehicle,Not at  Junction,Not Applicable,Others,Bitumen(Tar),Not Applicable,Not Applicable,Clear,NR MANIPAL HOSPITAL EXIT GATE RD VARTHUR KODI WHITEFIELD,NR MANIPAL HOSPITAL EXIT GATE RD VARTHUR KODI WHITEFIELD,5.2 KM,12.958437,77.746041,0,0,0.0,0.0
Bengaluru City,Whitefield Traffic PS,1.04432e+16,2023,1,2,Road Accidents,Narrow road,City/Town,Near Petrol Pump,Human Error,Yes,Grievous Injury,Vehicle to Vehicle,Not Applicable,Straight and flat,Two way,Bitumen(Tar),Dry,Not Applicable,Clear,NEAR BHARATH PETROL BUNK,NEAR BHARATH PETROL BUNK,4.2 KM,0.0,0.0,0,0,0.0,0.0
Bengaluru City,Whitefield Traffic PS,1.04432e+16,2023,1,2,Road Accidents,Junction,City/Town,Open area,Human Error,Yes,Grievous Injury,Vehicle to Vehicle,Not Applicable,Straight and flat,One way,Bitumen(Tar),Not Applicable,Not Applicable,Clear,CONTIANER YARD JUNCTION ITPL MAIN ROAD,CONTIANER YARD JUNCTION ITPL MAIN ROAD,3 KM,0.0,0.0,0,0,0.0,0.0
Bengaluru City,Whitefield Traffic PS,1.04432e+16,2023,1,2,Road Accidents,Narrow road,City/Town,Near School or College,Human Error,Yes,Grievous Injury,Vehicle to Vehicle,Not at  Junction,Straight and flat,One way,Bitumen(Tar),Not Applicable,Not Applicable,Clear,INFRONT OF MVJ COLLEGE ROAD,INFRONT OF MVJ COLLEGE ROAD,3.4 KM,0.0,0.0,0,0,0.0,0.0
Bengaluru City,Whitefield Traffic PS,1.04432e+16,2023,1,2,Road Accidents,Not Applicable,City/Town,Residential area,Human Error,Yes,Fatal,Vehicle to Vehicle,Not Applicable,Straight and flat,Others,Bitumen(Tar),Dry,Not Applicable,Clear,"OPP TO INDIAN CHICKEN CENTER,NEAR GURUSHREE BAR ,IMMADIHALLI MAIN ROAD,BENGALORE",PEDESTRIAN ANCH,15,0.0,0.0,0,0,0.0,0.0
Bengaluru City,Whitefield Traffic PS,1.04432e+16,2023,1,2,Road Accidents,Not Applicable,City/Town,Open area,Human Error,No,Fatal,Vehicle to Vehicle,Not Applicable,Straight and flat,Others,Bitumen(Tar),Dry,Not Applicable,Clear,"OPP HOPSHAUS RESTAURANT,WHITEFIELD MAIN ROAD,BENGALORE",STREET LIGHT,22,0.0,0.0,0,0,0.0,0.0
Bengaluru City,Whitefield Traffic PS,1.04432e+16,2023,1,2,Road Accidents,Junction,City/Town,Open area,Human Error,Yes,Grievous Injury,Vehicle to Vehicle,Not Applicable,Straight and flat,One way,Bitumen(Tar),Not Applicable,Not Applicable,Clear,INFRONT OF St TERESA NOVITIATE,INFRONT OF St TERESA NOVITIATE,4.5 KM,0.0,0.0,0,0,0.0,0.0
Bengaluru City,Whitefield Traffic PS,1.04432e+16,2023,1,2,Road Accidents,Curves,City/Town,Open area,Human Error,Yes,Grievous Injury,Vehicle to Vehicle,Uncontrolled,Straight and flat,Arterial,Bitumen(Tar),Dry,Not Applicable,Clear,"NR POWER PLAY CRICKET GROUND, SRI SRI RAVISHANKAR SCHOOL RD-MUTHANALLURU CR MN RD, BENGALURU CITY",TREE,62,0.0,0.0,0,0,0.0,0.0
Bengaluru City,Whitefield Traffic PS,1.04432e+16,2023,1,2,Road Accidents,Circle,City/Town,Near a religious place,Human Error,Yes,Grievous Injury,Vehicle to Vehicle,Uncontrolled,Straight and flat,Arterial,Bitumen(Tar),Dry,No influence on accident,Clear,"NR BPL JUNCTION, ITP MN RD, BENGALURU CITY",LIGHT,62,0.0,0.0,0,0,0.0,0.0
Bengaluru City,Whitefield Traffic PS,1.04432e+16,2023,1,3,Road Accidents,Junction,City/Town,Open area,Human Error,No,Fatal,Vehicle to Vehicle,Uncontrolled,Straight and flat,Arterial,Bitumen(Tar),Dry,No influence on accident,Clear,"KHAJISONNENAHALLI JN, KANNAMANGALA",CENTER MEDIAN,33,13.034611,77.75093,0,0,0.0,0.0
Bengaluru City,Whitefield Traffic PS,1.04432e+16,2023,1,2,Road Accidents,Junction,City/Town,Near office complex,Human Error,Yes,Grievous Injury,Vehicle to Vehicle,Not Applicable,Straight and flat,State Highway,Bitumen(Tar),Others,Not Applicable,Clear,NR BELTHUR JUNCTION,NR BELTHUR JUNCTION,2KM,0.0,0.0,0,1,0.0,1.0
Bengaluru City,Whitefield Traffic PS,1.04432e+16,2023,1,2,Road Accidents,Not Applicable,City/Town,Open area,Human Error,No,Fatal,Vehicle to Vehicle,Uncontrolled,Straight and flat,State Highway,Bitumen(Tar),Dry,Not Applicable,Clear,"OPP K R ENTERPRISES, GUNJURU-DOMMASANDRA MN RD",TREE,39,0.0,0.0,0,0,0.0,0.0
Bengaluru City,Whitefield Traffic PS,1.04432e+16,2023,1,2,Road Accidents,Not Applicable,City/Town,Open area,Human Error,No,Grievous Injury,Vehicle to Vehicle,Not Applicable,Straight and flat,State Highway,Bitumen(Tar),Dry,Not Applicable,Clear,"SATYA SAI BABA ASHRAMA & INFORNT OF SATYA SAI GUKLAM GATE ROAD,U RURN,BENALORE",ELCTRIC POLL,30,13.001585,77.756931,0,0,0.0,0.0
Bengaluru City,Whitefield Traffic PS,1.04432e+16,2023,1,2,Road Accidents,Not Applicable,City/Town,Open area,Human Error,Not Applicable,Fatal,Vehicle to Vehicle,Not Applicable,Straight and flat,Others,Bitumen(Tar),Dry,Not Applicable,Clear,"NEAR SBS DRIVING SCHOOL ROAD,SEEGEHALLI,BENGALORE",PEDESTRAIN ANCHU,19,13.011864,77.760318,0,0,0.0,0.0