DISTRICTNAME,UNITNAME,Crime_No,Year,RI,Noofvehicle_involved,Accident_Classification,Accident_Spot,Accident_Location,Accident_SubLocation,Main_Cause,Hit_Run,Severity,Collision_Type,Junction_Control,Road_Character,Road_Type,Surface_Type,Surface_Condition,Road_Condition,Weather,Accident_Road,Landmark_first,Distance_LandMark_First,Latitude,Longitude,Road_Condition_Score,Surface_Condition_Score,Surface_Type_Score,Road_Risk_Index
Bengaluru City,Whitefield Traffic PS,1.04432e+16,2023,1,1,Road Accidents,Not Applicable,City/Town,Near Hospital,Human Error,Yes,Grievous Injury,Not Applicable,Not Applicable,Straight and flat,State Highway,Bitumen(Tar),Dry,Not Applicable,Clear,"AT AAXIS HOSPITAL ROAD,KADUGODI-HOSAKOTE MAIN ROAD,BENGALORE",ELCTRIC POLL,17,13.009278,77.758839,0,0,0.0,0.0
Bengaluru City,Whitefield Traffic PS,1.04432e+16,2023,1,2,Road Accidents,Not Applicable,City/Town,Open area,Human Error,No,Grievous Injury,Vehicle to Vehicle,Not Applicable,Straight and flat,Others,Bitumen(Tar),Dry,Not Applicable,Clear,"VYDEHI JUNCTION ,I T P L TOWARDS BROOKFIELD,BENGALORE",ELCTRIC POLL,8,12.981797,77.722707,0,0,0.0,0.0
Bengaluru City,Whitefield Traffic PS,1.04432e+16,2023,1,1,Road Accidents,Not Applicable,City/Town,Open area,Human Error,Yes,Grievous Injury,Hit pedestrian,Not Applicable,Straight and flat,Others,Bitumen(Tar),Dry,Not Applicable,Clear,"NEAR AYYAPPA TEMPLE,BELATHURU MAIN ROAD,KADUGODI,BENGALORE",NOTICE BORD,18,13.005106,77.755285,0,0,0.0,0.0
Bengaluru City,Whitefield Traffic PS,1.04432e+16,2023,1,3,Road Accidents,Narrow road,City/Town,Open area,Human Error,Yes,Damage Only,Vehicle to Vehicle,Not at  Junction,Straight and flat,Two way,Bitumen(Tar),Not Applicable,Not Applicable,Clear,INFRONT OF HP PETROL BUNK RD,INFRONT OF HP PETROL BUNK RD,3 KM,12.965562,77.733386,0,0,0.0,0.0
Bengaluru City,Whitefield Traffic PS,1.04432e+16,2023,1,2,Road Accidents,Junction,City/Town,Near office complex,Human Error,No,Grievous Injury,Vehicle to Vehicle,Uncontrolled,Straight and flat,Arterial,Bitumen(Tar),Dry,No influence on accident,Clear,"SBR GROUP BLDG, KADUGOD HOSKOTE MN RD",STREET LIGHT,30,0.0,0.0,0,0,0.0,0.0
Bengaluru City,Whitefield Traffic PS,1.04432e+16,2023,1,2,Road Accidents,Not Applicable,City/Town,Near Bus stop,Human Error,Not Applicable,Grievous Injury,Vehicle to Vehicle,Not at  Junction,Straight and flat,Others,Bitumen(Tar),Dry,Not Applicable,Clear,"FROM THUBARAHALLI MAIN ROAD,TOWARDS VIBGYOR ROAD,BENGALORE",ELCTRIC POLL,57,0.0,0.0,0,0,0.0,0.0
Bengaluru City,Whitefield Traffic PS,1.04432e+16,2023,1,1,Road Accidents,Not Applicable,City/Town,Residential area,Human Error,No,Fatal,Hit pedestrian,Not Applicable,Straight and flat,Others,Bitumen(Tar),Dry,Not Applicable,Clear,"OPP SUKCHAND HOUSE,DENESH LABOUR SHED ROAD,VISVESHWARAIAH ROAD,PATTAMDRURU AGRRAHARA,WHITEFIELD ,BEN",MUSTAPA SARDAR,4,0.0,0.0,0,0,0.0,0.0
Bengaluru City,Whitefield Traffic PS,1.04432e+16,2023,1,2,Road Accidents,Not Applicable,City/Town,Open area,Human Error,No,Grievous Injury,Vehicle to Vehicle,Not Applicable,Straight and flat,Others,Bitumen(Tar),Dry,Not Applicable,Clear,"NEAR ANJANEYA TEMPAL ROAD,VARTHURU -BALAGERE MAIN ROAD,BENGALROE",PEDESTRAIN ANCHU,8,12.978754,77.753555,0,0,0.0,0.0
Bengaluru City,Whitefield Traffic PS,1.04432e+16,2023,1,5,Road Accidents,Not Applicable,City/Town,Open area,Human Error,Yes,Grievous Injury,Vehicle to Vehicle,Not Applicable,Straight and flat,Others,Bitumen(Tar),Dry,Not Applicable,Clear,"INFORNT OF YAMAHA SHOWROOM,WHITEFIELD,BENGALORE",CENTER MEDIA ANCHU,5,12.962855,77.748082,0,0,0.0,0.0
Bengaluru City,Whitefield Traffic PS,1.04432e+16,2023,1,2,Road Accidents,Not Applicable,City/Town,Residential area,Human Error,No,Damage Only,Vehicle to Vehicle,Uncontrolled,Straight and flat,Arterial,Bitumen(Tar),Dry,No influence on accident,Fine,"NR VIBGYOR U TURN, KUNDALAHALLI-THUBARAHALLI MN RD",ELECTRIC POLE,28,0.0,0.0,0,0,0.0,0.0
Bengaluru City,Whitefield Traffic PS,1.04432e+16,2023,1,2,Road Accidents,Narrow road,City/Town,Near office complex,Human Error,Yes,Damage Only,Vehicle to Vehicle,Not Applicable,Straight and flat,One way,Bitumen(Tar),Not Applicable,Not Applicable,Clear,OPP TO DEVI EYE CLINIC,OPP TO DEVI EYE CLINIC,6 KM,0.0,0.0,0,0,0.0,0.0
Bengaluru City,Whitefield Traffic PS,1.04432e+16,2023,1,2,Road Accidents,Not Applicable,City/Town,Near Hospital,Human Error,Yes,Grievous Injury,Vehicle to Vehicle,Not Applicable,Straight and flat,State Highway,Bitumen(Tar),Dry,Not Applicable,Clear,"INFRONT OF MANIPAL HOSPITAL EXIT GATE ROAD,WHITEFIELD MAIN ROAD,BENGALORE",CENTER MEDIA ANCHU,20,0.0,0.0,0,0,0.0,0.0
Bengaluru City,Whitefield Traffic PS,1.04432e+16,2023,1,2,Road Accidents,Not Applicable,City/Town,Near a recreation place/cinema,Human Error,Yes,Grievous Injury,Vehicle to Vehicle,Uncontrolled,Straight and flat,Two way,Bitumen(Tar),Dry,No influence on accident,Clear,KAVERY BEKARY,ELECTRIC POLE,34,0.0,0.0,0,0,0.0,0.0
Bengaluru City,Whitefield Traffic PS,1.04432e+16,2023,1,2,Road Accidents,Not Applicable,City/Town,Open area,Human Error,Yes,Grievous Injury,Vehicle to Vehicle,Not Applicable,Straight and flat,Others,Bitumen(Tar),Dry,Not Applicable,Clear,"NEAR BAIRAPPA LAYOUT CROSS,WHITEFIELD MAIN ROAD,BENGALORE",ELCTRIC POLL,32,0.0,0.0,0,0,0.0,0.0
Bengaluru City,Whitefield Traffic PS,1.04432e+16,2023,1,1,Road Accidents,Not Applicable,City/Town,Near Bus stop,Human Error,Not Applicable,Grievous Injury,Not Applicable,Not Applicable,Straight and flat,State Highway,Bitumen(Tar),Dry,Not Applicable,Clear,"INFORNT OF ANJANEYA TEMPAL,KANNAMANNGALA JUCTION,HOSAKOTE-KADUGODI MAIN ROAD,BENGALORE",GREEN TREE,8,0.0,0.0,0,0,0.0,0.0
Bengaluru City,Whitefield Traffic PS,1.04432e+16,2023,1,2,Road Accidents,Not Applicable,City/Town,Open area,Human Error,Yes,Damage Only,Vehicle to Vehicle,Not Applicable,Straight and flat,Others,Bitumen(Tar),Dry,Not Applicable,Clear,"NEAR JADE N TAN SHOP,AT KUNDALAHALLI GATE JUNCTION,BENGALORE",UNDER PASS ANCHU,2,12.955715,77.715585,0,0,0.0,0.0
Bengaluru City,Whitefield Traffic PS,1.04432e+16,2023,1,2,Road Accidents,Not Applicable,City/Town,Near Bus stop,Human Error,Yes,Damage Only,Vehicle to Vehicle,Not Applicable,Straight and flat,State Highway,Bitumen(Tar),Dry,Not Applicable,Clear,"INFORNT OF AWHO APT,NEAR BEVINAMARA BUS STOP,HOSKOTE-WHITEFIELD MAIN ROAD,BENGALORE",ELCTRIC POLL,20,13.024856,77.761528,0,0,0.0,0.0
Bengaluru City,Whitefield Traffic PS,1.04432e+16,2023,1,1,Road Accidents,Not Applicable,City/Town,Open area,Human Error,No,Grievous Injury,Hit bicyclist,Not Applicable,Straight and flat,Others,Bitumen(Tar),Dry,Not Applicable,Clear,"OPPOSITE EXCEL FORMAL &INSPIRATION SCHOOL,SIDDAPURA-THUBARAHALLI MAIN ROAD,BENGALROE",ELCTRIC POLL,48,12.966421,77.733591,0,0,0.0,0.0
Bengaluru City,Whitefield Traffic PS,1.04432e+16,2023,1,2,Road Accidents,Not Applicable,City/Town,Near Bus stop,Human Error,Yes,Damage Only,Vehicle to Vehicle,Not Applicable,Straight and flat,State Highway,Bitumen(Tar),Dry,Not Applicable,Clear,"KANNAMANGALA GATE,KADUGODI TOWARDS ,HOSAKOTE MAIN ROAD,BENGALORE",GREEN TREE,26,13.032091,77.758566,0,0,0.0,0.0
Bengaluru City,Whitefield Traffic PS,1.04432e+16,2023,1,1,Road Accidents,Not Applicable,City/Town,Open area,Human Error,No,Fatal,Hit pedestrian,Uncontrolled,Straight and flat,Arterial,Bitumen(Tar),Dry,No influence on accident,Clear,"SBR GROUP, OPP SAI PALACE HOTEL, KADUGODI HOSAKOTE MN RD",ELECTRIC POLE,115,13.00754,77.757132,0,0,0.0,0.0
Bengaluru City,Whitefield Traffic PS,1.04432e+16,2023,1,2,Road Accidents,Not Applicable,City/Town,Open area,Human Error,Yes,Damage Only,Vehicle to Vehicle,Not Applicable,Straight and flat,State Highway,Bitumen(Tar),Dry,Not Applicable,Clear,"INFORNT OF UDUPI GARDEN HOTEL,FROM TANSI HONDA ,SHOWROOM TOWARDS UDUPI HOTEL,GUNJURU-VARTHURU MAIN R",ELCTRIC POLL,30,12.928942,77.739624,0,0,0.0,0.0
Bengaluru City,Whitefield Traffic PS,1.04432e+16,2023,1,2,Road Accidents,Not Applicable,City/Town,Open area,Human Error,Yes,Grievous Injury,Vehicle to Vehicle,Not Applicable,Straight and flat,State Highway,Bitumen(Tar),Dry,Not Applicable,Clear,"NEAR VARTHURU KODI ,WHITEFIELD -VARTHURU MAIN ROAD,BENGALORE",PADACHARI ANCHU,16,12.956979,77.745395,0,0,0.0,0.0
Bengaluru City,Whitefield Traffic PS,1.04432e+16,2023,1,1,Road Accidents,Not Applicable,City/Town,Open area,Human Error,Yes,Grievous Injury,Hit pedestrian,Not Applicable,Straight and flat,Others,Bitumen(Tar),Dry,Not Applicable,Clear,"KADUGODI CHIKKA RAILWAY GATE,CHANNASANDRA-KADUGODI MAIN ROAD,BENGALORE",ELCTRIC POLL,56,12.995702,77.765031,0,0,0.0,0.0
Bengaluru City,Whitefield Traffic PS,1.04432e+16,2023,1,2,Road Accidents,Not Applicable,City/Town,Open area,Human Error,Yes,Fatal,Vehicle to Vehicle,Not Applicable,Straight and flat,Others,Bitumen(Tar),Dry,Not Applicable,Clear,"FROM GUNJURU TOWARDS VARTHURU,BENGALORE",WHERE THE REAR RIDER FELL DOWN,8,12.93623,77.744518,0,0,0.0,0.0
Bengaluru City,Whitefield Traffic PS,1.04432e+16,2023,1,1,Road Accidents,Not Applicable,City/Town,Open area,Human Error,Not Applicable,Simple Injury,Not Applicable,Not Applicable,Straight and flat,Others,Bitumen(Tar),Dry,Not Applicable,Clear,"NEAR D MART ,SIDDAPURA,BENGALORE",VEHICLES FELDOWN PLACE,15,12.955955,77.728686,0,0,0.0,0.0
Bengaluru City,Whitefield Traffic PS,1.04432e+16,2023,1,2,Road Accidents,Not Applicable,City/Town,Open area,Human Error,Yes,Grievous Injury,Vehicle to Vehicle,Not Applicable,Straight and flat,Others,Bitumen(Tar),Dry,Not Applicable,Clear,"NEAR DISHA PARK WEST APARTMENT,BALAGERE MAIN ROAD,BENGALORE",PEDESTRAIN ANCHU,12,12.938634,77.711782,0,0,0.0,0.0
Bengaluru City,Whitefield Traffic PS,1.04432e+16,2023,1,1,Road Accidents,Not Applicable,City/Town,Open area,Human Error,Not Applicable,Grievous Injury,Hit pedestrian,Not Applicable,Straight and flat,Others,Bitumen(Tar),Dry,Not Applicable,Clear,"NEAR METRO PILLAER NO;BP 315-B4 ROAD,VYDEHI KUNDALAHALLI ROAD,BENGALORE",ELCTRIC POLL,25,12.977255,77.719251,0,0,0.0,0.0
Bengaluru City,Whitefield Traffic PS,1.04432e+16,2023,1,2,Road Accidents,Not Applicable,City/Town,Open area,Human Error,Yes,Fatal,Vehicle to Vehicle,Uncontrolled,Straight and flat,Arterial,Bitumen(Tar),Dry,No influence on accident,Clear,"GOVINDARAJU LAND, KHAJISONNENAHALLI MN RD",COCONUT TREE,23,13.036046,77.77878,0,0,0.0,0.0
Bengaluru City,Whitefield Traffic PS,1.04432e+16,2023,1,2,Road Accidents,Not Applicable,City/Town,Open area,Human Error,Yes,Grievous Injury,Vehicle to Vehicle,Not Applicable,Straight and flat,Others,Bitumen(Tar),Dry,Not Applicable,Clear,"INFORNT OF APOLLO PHARMACY,VARTHURU-BALAGERE MAIN ROAD,BENGALORE",CENTER MEDIA ANCHU,13,12.984462,77.750293,0,0,0.0,0.0
Bengaluru City,Whitefield Traffic PS,1.04432e+16,2023,1,2,Road Accidents,Not Applicable,City/Town,Residential area,Human Error,Yes,Grievous Injury,Vehicle to Vehicle,Not at  Junction,Not Applicable,Others,Bitumen(Tar),Not Applicable,Not Applicable,Not Applicable,"INFRONT OF REDIANS APT, CARMELARAM KRUPANIDHI MN RD",INFRONT OF REDIANS APT CARMELARAM KRUPANIDHI MN RD,5 KM,12.914924,77.71704,0,0,0.0,0.0
Bengaluru City,Whitefield Traffic PS,1.04432e+16,2023,1,1,Road Accidents,Not Applicable,City/Town,Open area,Human Error,No,Grievous Injury,Not Applicable,Not Applicable,Straight and flat,Others,Bitumen(Tar),Dry,Not Applicable,Clear,"NEAR BRIGADE PARIMALA APARTMENT,SIDDAPURA TUBARAHALLI MAIN ROAD,BENGALORE",GREEN TREE,34,12.956205,77.727724,0,0,0.0,0.0
Bengaluru City,Whitefield Traffic PS,1.04432e+16,2023,1,2,Road Accidents,Not Applicable,City/Town,Near Bus stop,Human Error,Yes,Grievous Injury,Vehicle to Vehicle,Not Applicable,Straight and flat,State Highway,Bitumen(Tar),Dry,Not Applicable,Clear,"INFRINT OF ROLLA MARKET ROAD,SEEGEHALLI-KADUGODI MAIN ROAD,BENGALORE",TOWARD ROLLA GATE,20,0.0,0.0,0,0,0.0,0.0
Bengaluru City,Whitefield Traffic PS,1.04432e+16,2023,1,1,Road Accidents,Not Applicable,City/Town,Residential area,Human Error,Yes,Grievous Injury,Hit pedestrian,Not Applicable,Straight and flat,Others,Bitumen(Tar),Dry,Not Applicable,Clear,"INSIDE PREMISES OF SUMADHURA SILVER RIPPLES APT,BOREWELL ROAD,WHITEFIELD,BENGALORE",ELCTRIC POLL,32,0.0,0.0,0,0,0.0,0.0
Bengaluru City,Whitefield Traffic PS,1.04432e+16,2023,1,2,Road Accidents,Junction,City/Town,Near Hospital,Human Error,Yes,Grievous Injury,Vehicle to Vehicle,No signal lights,Straight and flat,Others,Bitumen(Tar),Dry,Not Applicable,Clear,"HOSA ROAD JUNCTION,CHANNASANDRA ROAD,BENGALORE",ELCTRIC POLL,19,0.0,0.0,0,0,0.0,0.0
Bengaluru City,Whitefield Traffic PS,1.04432e+16,2023,1,1,Road Accidents,Narrow road,City/Town,Near office complex,Human Error,Yes,Grievous Injury,Hit pedestrian,Not at  Junction,Straight and flat,One way,Bitumen(Tar),Not Applicable,Not Applicable,Clear,"INFRONT OF STERLING APT, HOSKOTE-KADUGODI MN RD",INFRONT OF STERLING APT,2 KM,0.0,0.0,0,0,0.0,0.0
Bengaluru City,Whitefield Traffic PS,1.04432e+16,2023,1,1,Road Accidents,Not Applicable,City/Town,Residential area,Not Applicable,No,Fatal,Hit pedestrian,Uncontrolled,Straight and flat,Arterial,Bitumen(Tar),Dry,No influence on accident,Clear,"NO 83, 2ND MN RD, MYTHRI LYT, NR HOPEFARM, WHITEFIELD, BENGALURU CITY",TREE,20,0.0,0.0,0,0,0.0,0.0
Bengaluru City,Whitefield Traffic PS,1.04432e+16,2023,1,2,Road Accidents,Junction,City/Town,Near office complex,Human Error,Yes,Damage Only,Vehicle to Vehicle,Signal lights Automatic,Straight and flat,State Highway,Bitumen(Tar),Dry,Not Applicable,Clear,"AT HOPE FARM JUCTION,BENGALORE",PEDESTRAIN ANCHU,15,0.0,0.0,0,0,0.0,0.0
Bengaluru City,Whitefield Traffic PS,1.04432e+16,2023,1,2,Road Accidents,Narrow road,City/Town,Near office complex,Human Error,Yes,Grievous Injury,Vehicle to Vehicle,Police / Manual,Straight and flat,Two way,Bitumen(Tar),Dry,Not Applicable,Fine,"FROM SEEGEHALLI TOWORDS BELTHURU,",STARLING VILLA APARTMENT,30M,0.0,0.0,0,0,0.0,0.0
Bengaluru City,Whitefield Traffic PS,1.04432e+16,2023,1,2,Road Accidents,Not Applicable,City/Town,Open area,Human Error,Yes,Damage Only,Vehicle to Vehicle,Not at  Junction,Straight and flat,Others,Bitumen(Tar),Dry,Not Applicable,Clear,"INFORNT OF VARTHURU POLICE STATION  ROAD,FROM GUNJUR TOWARDS VARTHURU,BENGALORE",CENTER MEDAIN ANCHU,11,12.937685,77.756178,0,0,0.0,0.0
Bengaluru City,Whitefield Traffic PS,1.04432e+16,2023,1,2,Road Accidents,Junction,City/Town,Near Petrol Pump,Human Error,Yes,Grievous Injury,Vehicle to Vehicle,Uncontrolled,Straight and flat,Arterial,Bitumen(Tar),Dry,No influence on accident,Clear,"HP PETROL BUNK, SEEGEHALLI",TREE,68,0.0,0.0,0,0,0.0,0.0
Bengaluru City,Whitefield Traffic PS,1.04432e+16,2023,1,2,Road Accidents,Not Applicable,City/Town,Open area,Human Error,Yes,Grievous Injury,Vehicle to Vehicle,Not Applicable,Straight and flat,Others,Bitumen(Tar),Dry,Not Applicable,Clear,"INFORNT OF SRIKRISHNA TEMPAL,NEAR POST OFFICE,WHITEFIELD MAIN ROAD TOWARDS BOREWELL ROAD,BENGALORE",ELCTRIC POLL,18,12.968431,77.747915,0,0,0.0,0.0
Bengaluru City,Whitefield Traffic PS,1.04432e+16,2023,1,1,Road Accidents,Not Applicable,City/Town,Open area,Human Error,Yes,Grievous Injury,Vehicle to Vehicle,Not Applicable,Straight and flat,Others,Bitumen(Tar),Dry,Not Applicable,Clear,"AT I T P L MAIN ROAD U TURN,BENGALORE",METRO PILLAR,13,0.0,0.0,0,0,0.0,0.0
Bengaluru City,Whitefield Traffic PS,1.04432e+16,2023,1,2,Road Accidents,Not Applicable,City/Town,Residential area,Human Error,Yes,Damage Only,Vehicle to Vehicle,Not Applicable,Straight and flat,Others,Bitumen(Tar),Dry,Not Applicable,Clear,"NEAR LAUGHING  WATERS MAIN GATE,FROM VARTHURU KODI & TAKING A U TURN BENGALORE",ELCTRIC POLL,18,12.956934,77.735992,0,0,0.0,0.0
Bengaluru City,Whitefield Traffic PS,1.04432e+16,2023,1,1,Road Accidents,Not Applicable,City/Town,Open area,Human Error,Yes,Fatal,Not Applicable,Not Applicable,Straight and flat,Others,Bitumen(Tar),Dry,Not Applicable,Clear,"INFORNT OF SREE RAM SAMRUDDHI APT GATE NO.05,VIBGYOR SCHOOL ROAD,BENGALORE",ELCTRIC POLL,15,12.952491,77.717483,0,0,0.0,0.0
Bengaluru City,Whitefield Traffic PS,1.04432e+16,2023,1,2,Road Accidents,Not Applicable,City/Town,Open area,Human Error,Yes,Grievous Injury,Vehicle to Vehicle,Not Applicable,Straight and flat,Others,Bitumen(Tar),Dry,Not Applicable,Clear,"INFORNT OF HINDUSTAN UNILEVER RESEARCH CENTER,WHITEFIELD,BENGALORE",ELCTRIC POLL,15,0.0,0.0,0,0,0.0,0.0
Bengaluru City,Whitefield Traffic PS,1.04432e+16,2023,1,2,Road Accidents,Not Applicable,City/Town,Near Hospital,Human Error,No,Grievous Injury,Vehicle to Vehicle,Not Applicable,Straight and flat,Others,Bitumen(Tar),Dry,Not Applicable,Clear,"NEAR ASTER HOSPITAL,I T P L -ASTER HOSPITAL MAIN ROAD,BENGALORE",TRAFFIC NOTICE BOARD,18,12.989564,77.73338,0,0,0.0,0.0
Bengaluru City,Whitefield Traffic PS,1.04432e+16,2023,1,1,Road Accidents,Not Applicable,City/Town,Open area,Human Error,Not Applicable,Fatal,Not Applicable,Not Applicable,Straight and flat,Others,Bitumen(Tar),Dry,Not Applicable,Clear,"NEAR GANESHA NURSERY ,FROM GUNJURU TOWARDS DOMMASANDRA,BENGALORE",GREEN TREE,51,12.910703,77.742208,0,0,0.0,0.0
Bengaluru City,Whitefield Traffic PS,1.04432e+16,2023,1,1,Road Accidents,Not Applicable,City/Town,Near School or College,Human Error,No,Fatal,Not Applicable,Not Applicable,Straight and flat,State Highway,Bitumen(Tar),Dry,Not Applicable,Clear,"INFRONT OF UJJVAL SCHOOL ROAD,KADUGODI-HOPE FARM MAIN ROAD,BENGALORE",TRAFFIC NOTICE BOARD,24,0.0,0.0,0,0,0.0,0.0
Bengaluru City,Whitefield Traffic PS,1.04432e+16,2023,1,2,Road Accidents,Not Applicable,City/Town,Near a recreation place/cinema,Human Error,Yes,Grievous Injury,Vehicle to Vehicle,Uncontrolled,Straight and flat,Arterial,Bitumen(Tar),Dry,No influence on accident,Clear,"HOPEFARM JUNCTION, ITPL MN RD",STREET LIGHT,32,0.0,0.0,0,0,0.0,0.0
Bengaluru City,Whitefield Traffic PS,1.04432e+16,2023,1,2,Road Accidents,Narrow road,City/Town,Near School or College,Human Error,Yes,Grievous Injury,Vehicle to Vehicle,Not at  Junction,Straight and flat,Others,Bitumen(Tar),Not Applicable,Not Applicable,Clear,VARTHUR GOVT SCHOOL ROAD,VARTHUR GOVT SCHOOL ROAD,7 KM,0.0,0.0,0,0,0.0,0.0
Bengaluru City,Whitefield Traffic PS,1.04432e+16,2023,1,1,Road Accidents,Junction,City/Town,Open area,Human Error,No,Fatal,Hit pedestrian,Not Applicable,Straight and flat,One way,Bitumen(Tar),Not Applicable,Not Applicable,Clear,NR CONTAINER YARD JUNCTION,NR CONTAINER YARD JUNCTION,03KM,0.0,0.0,0,0,0.0,0.0
Bengaluru City,Whitefield Traffic PS,1.04432e+16,2023,1,1,Road Accidents,Not Applicable,City/Town,Open area,Human Error,Yes,Grievous Injury,Hit pedestrian,Not Applicable,Straight and flat,Others,Bitumen(Tar),Dry,Not Applicable,Clear,"NEAR TEA SHOP,PANATURU BRIDGE,BENGALORE",CEMENT COMPOUND,44,0.0,0.0,0,0,0.0,0.0
Bengaluru City,Whitefield Traffic PS,1.04432e+16,2023,1,2,Road Accidents,Not Applicable,City/Town,Open area,Human Error,Yes,Grievous Injury,Vehicle to Vehicle,Not Applicable,Straight and flat,Others,Bitumen(Tar),Dry,Not Applicable,Clear,"OPPOSITE SHANTHINIKETAN GATE NO-03,I T P L MAIN ROAD,WHITEFIELD,BENGALORE",GREEN TREE,24,0.0,0.0,0,0,0.0,0.0
Bengaluru City,Whitefield Traffic PS,1.04432e+16,2023,1,1,Road Accidents,Narrow road,City/Town,Residential area,Human Error,Yes,Grievous Injury,Hit pedestrian,Not Applicable,Straight and flat,Two way,Bitumen(Tar),Not Applicable,Not Applicable,Clear,OPP TO SANSAR CENTER HYPER MARKET,ELCTRIC POLL,38,0.0,0.0,0,0,0.0,0.0
Bengaluru City,Whitefield Traffic PS,1.04432e+16,2023,1,2,Road Accidents,Not Applicable,City/Town,Near School or College,Human Error,Not Applicable,Grievous Injury,Vehicle to Vehicle,Not Applicable,Straight and flat,State Highway,Bitumen(Tar),Dry,Not Applicable,Clear,"NEAR UJJAVAL SCHOOL,HOPE FARM,BENGALORE",Metro Piller No 468,10,0.0,0.0,0,0,0.0,0.0
Bengaluru City,Whitefield Traffic PS,1.04432e+16,2023,1,1,Road Accidents,Not Applicable,City/Town,Open area,Human Error,Yes,Grievous Injury,Hit pedestrian,Not Applicable,Straight and flat,Others,Bitumen(Tar),Dry,Not Applicable,Clear,"INFORNT OF MODERN TILES,VARTHURU-GUNJURU MAIN ROAD,BNEGALORE",PEDESTRAIN ANCHU,3,0.0,0.0,0,0,0.0,0.0
Bengaluru City,Whitefield Traffic PS,1.04432e+16,2023,1,1,Road Accidents,Not Applicable,City/Town,Near office complex,Human Error,Yes,Grievous Injury,Hit pedestrian,Uncontrolled,Straight and flat,Arterial,Bitumen(Tar),Ditch or Potholed,Not Applicable,Clear,"THUBARAHALLI LIBRARY, KUNDALAHALLI-VARTHURU KODI MN RD",STREET LIGHT,47,0.0,0.0,0,5,0.0,5.0
Bengaluru City,Whitefield Traffic PS,1.04432e+16,2023,1,2,Road Accidents,Junction,City/Town,Near Bus stop,Human Error,Yes,Grievous Injury,Vehicle to Vehicle,Uncontrolled,Straight and flat,Arterial,Bitumen(Tar),Dry,No influence on accident,Clear,"NR BPL LJN, DINNUR-ITPL MN RD",STREET LIGHT,41,0.0,0.0,0,0,0.0,0.0
Bengaluru City,Whitefield Traffic PS,1.04432e+16,2023,1,3,Road Accidents,Not Applicable,City/Town,Open area,Human Error,No,Fatal,Vehicle to Vehicle,Not Applicable,Straight and flat,Others,Bitumen(Tar),Dry,Not Applicable,Clear,"INFORNT OF LITTLE GEM HOUSE OLD NO;19 &NEW NO;672,WHITEFIELD MAIN ROAD,BENGALORE",ELCTRIC POLL,30,0.0,0.0,0,0,0.0,0.0
Bengaluru City,Whitefield Traffic PS,1.04432e+16,2023,1,1,Road Accidents,Not Applicable,City/Town,Residential area,Human Error,Yes,Grievous Injury,Hit pedestrian,Not Applicable,Straight and flat,Others,Bitumen(Tar),Dry,Not Applicable,Clear,"BETWEEN APOLLO MEDICALS AND SBI BANK ROAD,BALAGERE MAIN ROAD,BENGALORE",APARTMENT GATE,22,12.939353,77.735871,0,0,0.0,0.0
Bengaluru City,Whitefield Traffic PS,1.04432e+16,2023,1,2,Road Accidents,Not Applicable,City/Town,Open area,Human Error,Yes,Grievous Injury,Vehicle to Vehicle,Not Applicable,Straight and flat,Others,Bitumen(Tar),Dry,Not Applicable,Clear,"NEAR CHAITANYA'S GROUND FROM HOODI TOWARDS SADARAMANGALA,BENGALORE",ELCTRIC POLL,48,12.995819,77.72452,0,0,0.0,0.0
Bengaluru City,Whitefield Traffic PS,1.04432e+16,2023,1,2,Road Accidents,Not Applicable,City/Town,Open area,Human Error,Yes,Grievous Injury,Vehicle to Vehicle,Not Applicable,Straight and flat,Others,Bitumen(Tar),Dry,Not Applicable,Clear,"SHIVAKUNTAMMA TEMPAL,NAGONDANAHALLI MAIN ROAD,BENGALORE",PEDESTRAIN ANCHU,10,12.976016,77.763986,0,0,0.0,0.0
Bengaluru City,Whitefield Traffic PS,1.04432e+16,2023,1,2,Road Accidents,Narrow road,City/Town,Residential area,Human Error,Yes,Grievous Injury,Vehicle to Vehicle,Not at  Junction,Not Applicable,One way,Bitumen(Tar),Not Applicable,Not Applicable,Clear,NR HOPE FARM BUS STOP HOPE FARM,NR HOPE FARM BUS STOP HOPE FARM,1.5 KM,12.984435,77.752754,0,0,0.0,0.0
Bengaluru City,Whitefield Traffic PS,1.04432e+16,2023,1,1,Road Accidents,Narrow road,City/Town,Near or inside a village,Human Error,Yes,Grievous Injury,Hit pedestrian,Not at  Junction,Straight and flat,Two way,Bitumen(Tar),Dry,Not Applicable,Clear,INFRONT OF VINAYAKA MEDICALS SHOP ROAD,INFRONT OF VINAYAKA MEDICALS SHOP ROAD,1.6KM,0.0,0.0,0,0,0.0,0.0
Bengaluru City,Whitefield Traffic PS,1.04432e+16,2023,1,2,Road Accidents,Junction,City/Town,Open area,Human Error,Yes,Grievous Injury,Vehicle to Vehicle,Not Applicable,Straight and flat,State Highway,Bitumen(Tar),Dry,Not Applicable,Clear,"NEAR HOPE FARM JUNCTION,",NEAR HOPE FARM JUNCTION,1 KM,0.0,0.0,0,0,0.0,0.0
Bengaluru City,Whitefield Traffic PS,1.04432e+16,2023,1,1,Road Accidents,Not Applicable,City/Town,Near Hospital,Human Error,No,Grievous Injury,Hit pedestrian,Uncontrolled,Straight and flat,Arterial,Bitumen(Tar),Dry,No influence on accident,Clear,"MANIPAL HOSPITAL, VARTHURU KODI",GATE,30,0.0,0.0,0,0,0.0,0.0
Bengaluru City,Whitefield Traffic PS,1.04432e+16,2023,1,2,Road Accidents,Not Applicable,City/Town,Near School or College,Human Error,Not Applicable,Fatal,Vehicle to Vehicle,Not Applicable,Straight and flat,Others,Bitumen(Tar),Dry,Not Applicable,Clear,"NEAR GRANDER INTERNATIONAL SCHOOL U TURN,KODTHI MUTTANALLURU CROSS,SARJAPURA MN RD BANGALURU",CENTER MEDIA ANCHU,8,0.0,0.0,0,0,0.0,0.0
Bengaluru City,Whitefield Traffic PS,1.04432e+16,2023,1,2,Road Accidents,Junction,City/Town,Near Bus stop,Human Error,Yes,Grievous Injury,Vehicle to Vehicle,Signal lights Automatic,Straight and flat,State Highway,Bitumen(Tar),Dry,Not Applicable,Clear,"NEAR HOPE FARM JUNCTION,WHITEFIELD-KADUGODI MAIN ROAD,BENGALORE",POLICE OUTPOST,30,0.0,0.0,0,0,0.0,0.0
Bengaluru City,Whitefield Traffic PS,1.04432e+16,2023,1,1,Road Accidents,Not Applicable,City/Town,Open area,Human Error,Yes,Fatal,Hit pedestrian,Uncontrolled,Straight and flat,Others,Not Applicable,Dry,Not Applicable,Clear,"CONTAINER YARD EMPTY GROUND, ITPL MN RD",TREE,15,0.0,0.0,0,0,0.0,0.0