DISTRICTNAME,UNITNAME,Crime_No,Year,RI,Noofvehicle_involved,Accident_Classification,Accident_Spot,Accident_Location,Accident_SubLocation,Main_Cause,Hit_Run,Severity,Collision_Type,Junction_Control,Road_Character,Road_Type,Surface_Type,Surface_Condition,Road_Condition,Weather,Accident_Road,Landmark_first,Distance_LandMark_First,Latitude,Longitude,Road_Condition_Score,Surface_Condition_Score,Surface_Type_Score,Road_Risk_Index
Bengaluru City,Wilsongarden Traffic PS,1.04432e+16,2016,1,3,Road Accidents,Junction,City/Town,Near Hospital,Not Applicable,Yes,Fatal,Right Turn Collision,Controlled,Not Applicable,Two way,Bitumen(Tar),Dry,Not Applicable,Fine,DR MARIGOWDA ROAD,10TH CROSS JUNCTION,1.5KM,0.0,0.0,0,0,0.0,0.0
Bengaluru City,Wilsongarden Traffic PS,1.04432e+16,2016,1,2,Road Accidents,Circle,City/Town,Near Bus stop,Not Applicable,No,Damage Only,Rear end,Uncontrolled,Curve,Two way,Bitumen(Tar),Dry,Not Applicable,Fine,DR MARIGOWDA ROAD,KH CIRCLE,1.5KM,0.0,0.0,0,0,0.0,0.0
Bengaluru City,Wilsongarden Traffic PS,1.04432e+16,2016,1,2,Road Accidents,Narrow road,City/Town,Open area,Not Applicable,No,Simple Injury,Overturning,Controlled,Not Applicable,One way,Bitumen(Tar),Dry,Not Applicable,Fine,LALBAGH ROAD,NEAR MTR HOTEL,2KM,0.0,0.0,0,0,0.0,0.0
Bengaluru City,Wilsongarden Traffic PS,1.04432e+16,2016,1,2,Road Accidents,Junction,City/Town,Residential area,Human Error,No,Grievous Injury,Rear end,Police / Manual,Straight and flat,City or Town Road,Bitumen(Tar),Dry,Not Applicable,Clear,7TH CROSS,MARIGOWDA ROAD,100M,0.0,0.0,0,0,0.0,0.0
Bengaluru City,Wilsongarden Traffic PS,1.04432e+16,2016,1,1,Road Accidents,Narrow road,City/Town,Near Bus stop,Human Error,No,Simple Injury,Rear end,Police / Manual,Straight and flat,City or Town Road,Bitumen(Tar),Dry,Not Applicable,Clear,DR MARI GOWDA ROAD 7TH CROSS,DR MARI GOWDA ROAD 7TH CROSS,1KM,0.0,0.0,0,0,0.0,0.0
Bengaluru City,Wilsongarden Traffic PS,1.04432e+16,2016,1,2,Road Accidents,Narrow road,Not Applicable,Near Bus stop,Human Error,No,Damage Only,Not Applicable,Signal lights Automatic,Straight and flat,City or Town Road,Bitumen(Tar),Dry,Not Applicable,Fine,DR MARI GOWDA ROAD 10TH CROSS JANCTION,10TH CROSS JANCTION,1KM,0.0,0.0,0,0,0.0,0.0
Bengaluru City,Wilsongarden Traffic PS,1.04432e+16,2016,1,1,Road Accidents,Narrow road,City/Town,Near office complex,Human Error,Yes,Simple Injury,Head on,Uncontrolled,Not Applicable,City or Town Road,Bitumen(Tar),Dry,Not Applicable,Clear,T MARIYAPPA ROAD,MALLIGE HOSPITAL,30 FT,0.0,0.0,0,0,0.0,0.0
Bengaluru City,Wilsongarden Traffic PS,1.04432e+16,2016,1,2,Not Applicable,Narrow road,City/Town,Residential area,Human Error,No,Damage Only,Rear end,Signal lights Blinking,Straight and flat,City or Town Road,Bitumen(Tar),Dry,Not Applicable,Fine,T MARIYAPPA ROAD NEAR ASHOKA PILLAR,T MARIYAPPA ROAD NEAR ASHOKA PILLAR,1KM,0.0,0.0,0,0,0.0,0.0
Bengaluru City,Wilsongarden Traffic PS,1.04432e+16,2016,1,1,Road Accidents,Narrow road,City/Town,Near office complex,Human Error,Not Applicable,Fatal,Head on,Uncontrolled,Others,City or Town Road,Bitumen(Tar),Dry,Not Applicable,Clear,LALBHAGH ROAD,BATO LAJISTIC LARRY OFFICE,50 FT,0.0,0.0,0,0,0.0,0.0
Bengaluru City,Wilsongarden Traffic PS,1.04432e+16,2016,1,1,Road Accidents,Narrow road,City/Town,In bazaar,Not Applicable,No,Grievous Injury,Rear end,Controlled,Others,One way,Bitumen(Tar),Dry,Not Applicable,Fine,DR MARIGOWDA ROAD,10TH CROSS JUNCTION,1.5KM,0.0,0.0,0,0,0.0,0.0
Bengaluru City,Wilsongarden Traffic PS,1.04432e+16,2016,1,1,Road Accidents,Narrow road,City/Town,Near Bus stop,Not Applicable,Yes,Grievous Injury,Rear end,Uncontrolled,Not Applicable,One way,Bitumen(Tar),Dry,Not Applicable,Fine,DR MARIGOWDA RAOD,NEAR 7TH CROSS,1.5 KM,0.0,0.0,0,0,0.0,0.0
Bengaluru City,Wilsongarden Traffic PS,1.04432e+16,2016,1,2,Road Accidents,Narrow road,City/Town,Near Bus stop,Human Error,No,Damage Only,Rear end,Police / Manual,Straight and flat,City or Town Road,Bitumen(Tar),Dry,Not Applicable,Fine,10TH CROSS JANCTION,10TH CROSS JANCTION,1KM,0.0,0.0,0,0,0.0,0.0
Bengaluru City,Wilsongarden Traffic PS,1.04432e+16,2016,1,1,Road Accidents,Narrow road,City/Town,Near office complex,Human Error,Not Applicable,Fatal,Head on,Uncontrolled,Others,City or Town Road,Bitumen(Tar),Dry,Not Applicable,Clear,"DR.MARIGOWDA ROAD,",BLUE DART CORIAR OFFICE,15 FT,0.0,0.0,0,0,0.0,0.0
Bengaluru City,Wilsongarden Traffic PS,1.04432e+16,2016,1,2,Road Accidents,Narrow road,City/Town,Near School or College,Human Error,Not Applicable,Damage Only,Rear end,Signal lights Automatic,Straight and flat,City or Town Road,Bitumen(Tar),Dry,Not Applicable,Clear,DENTAL COLLEGE LAKKASANDRA,LAKKASANDRA BUS STOP,100M,0.0,0.0,0,0,0.0,0.0
Bengaluru City,Wilsongarden Traffic PS,1.04432e+16,2016,1,2,Road Accidents,Narrow road,City/Town,Near Hospital,Human Error,No,Grievous Injury,Rear end,Signal lights Manual,Straight and flat,City or Town Road,Bitumen(Tar),Dry,Not Applicable,Clear,DR MARIGOWDA ROAD NIMHANS,NIMHANS HOSPITAL,25M,0.0,0.0,0,0,0.0,0.0
Bengaluru City,Wilsongarden Traffic PS,1.04432e+16,2016,1,1,Road Accidents,Junction,City/Town,Near Bus stop,Human Error,No,Grievous Injury,Rear end,Police / Manual,Straight and flat,City or Town Road,Bitumen(Tar),Dry,Not Applicable,Clear,LAKKASANDRA MAIN ROAD,NIMHANS,25M,0.0,0.0,0,0,0.0,0.0
Bengaluru City,Wilsongarden Traffic PS,1.04432e+16,2016,1,2,Road Accidents,Narrow road,Villages settlement,Near Bus stop,Not Applicable,No,Damage Only,Rear end,Uncontrolled,Not Applicable,Two way,Bitumen(Tar),Dry,Not Applicable,Fine,DR MARIGOWDA ROAD,K H CIRCLE,1.5 KM,0.0,0.0,0,0,0.0,0.0
Bengaluru City,Wilsongarden Traffic PS,1.04432e+16,2016,1,2,Road Accidents,Narrow road,City/Town,Near Bus stop,Human Error,Yes,Grievous Injury,Rear end,Signal lights Manual,Curve,City or Town Road,Bitumen(Tar),Dry,Not Applicable,Clear,DR MARIGOWDA ROAD 7TH CROSS NEAR WILSON GARDEN,HOBE GOWDA NAGAR SLAM,200M,0.0,0.0,0,0,0.0,0.0
Bengaluru City,Wilsongarden Traffic PS,1.04432e+16,2016,1,2,Road Accidents,Narrow road,City/Town,Near Bus stop,Human Error,Not Applicable,Damage Only,Head on,Signal lights Automatic,Straight and flat,City or Town Road,Bitumen(Tar),Dry,Not Applicable,Clear,K H ROAD,KSRTC CENTRAL OFFICE,100MT,0.0,0.0,0,0,0.0,0.0
Bengaluru City,Wilsongarden Traffic PS,1.04432e+16,2016,1,1,Road Accidents,Narrow road,City/Town,Near Bus stop,Not Applicable,Yes,Grievous Injury,Rear end,Uncontrolled,Not Applicable,Two way,Bitumen(Tar),Dry,Not Applicable,Fine,H SIDDAHAI ROAD,NEAR KPN TRAVELLS,2KM,0.0,0.0,0,0,0.0,0.0
Bengaluru City,Wilsongarden Traffic PS,1.04432e+16,2016,1,3,Road Accidents,Narrow road,City/Town,Near Bus stop,Not Applicable,Yes,Simple Injury,Hit and Run,Controlled,Straight and flat,One way,Bitumen(Tar),Dry,Not Applicable,Fine,KH ROAD,KH JUNCTION NEAR KARNATAKA BANK,2KM,0.0,0.0,0,0,0.0,0.0
Bengaluru City,Wilsongarden Traffic PS,1.04432e+16,2016,1,1,Road Accidents,Narrow road,City/Town,Residential area,Human Error,No,Grievous Injury,Rear end,Not Applicable,Straight and flat,City or Town Road,Bitumen(Tar),Dry,Not Applicable,Clear,H.SIDDAIAH ROAD 8TH CROSS OPP BHARTHI HOTEL,HSIDDAIAH ROAD 8TH CROSS OPP BHARTHI HOTEL,25M,0.0,0.0,0,0,0.0,0.0
Bengaluru City,Wilsongarden Traffic PS,1.04432e+16,2016,1,2,Road Accidents,Narrow road,City/Town,Open area,Human Error,Yes,Grievous Injury,Head on,Uncontrolled,Not Applicable,City or Town Road,Bitumen(Tar),Dry,Not Applicable,Clear,JAYANAGARA  2ND BL;OCK,7TH CROSS,30 FT,0.0,0.0,0,0,0.0,0.0
Bengaluru City,Wilsongarden Traffic PS,1.04432e+16,2016,1,2,Road Accidents,Narrow road,City/Town,Near Bus stop,Human Error,Yes,Simple Injury,Head on,No signal lights,Others,City or Town Road,Bitumen(Tar),Dry,Not Applicable,Clear,DR.MARIGOWDA ROAD,K H CIRCLE,30 FT,0.0,0.0,0,0,0.0,0.0
Bengaluru City,Wilsongarden Traffic PS,1.04432e+16,2016,1,2,Road Accidents,Narrow road,City/Town,Near office complex,Human Error,Not Applicable,Simple Injury,Head on,Uncontrolled,Not Applicable,City or Town Road,Bitumen(Tar),Dry,Not Applicable,Clear,NIHMANS ROAD,GOPALSWAMY CENTRE,50 FT,0.0,0.0,0,0,0.0,0.0
Bengaluru City,Wilsongarden Traffic PS,1.04432e+16,2016,1,2,Road Accidents,Narrow road,City/Town,Near Hospital,Not Applicable,No,Grievous Injury,Right Turn Collision,Not Applicable,Not Applicable,City or Town Road,Bitumen(Tar),Dry,Not Applicable,Fine,DR.MARIGOWDA ROAD,NEAR ABHAYA HOSPITAL,1KM,0.0,0.0,0,0,0.0,0.0
Bengaluru City,Wilsongarden Traffic PS,1.04432e+16,2016,1,2,Road Accidents,Narrow road,City/Town,Near Bus stop,Not Applicable,Yes,Damage Only,Rear end,Uncontrolled,Not Applicable,Two way,Bitumen(Tar),Dry,Not Applicable,Fine,JAYANAGAR 2ND BLOCK,8TH MAIN RAOD,1.5KM,0.0,0.0,0,0,0.0,0.0
Bengaluru City,Wilsongarden Traffic PS,1.04432e+16,2016,1,2,Road Accidents,Narrow road,City/Town,Near Bus stop,Human Error,Not Applicable,Grievous Injury,Rear end,Police / Manual,Slight Curve,City or Town Road,Bitumen(Tar),Dry,Not Applicable,Clear,10TH CROSS JANCTION,LOONA STREET,25M,0.0,0.0,0,0,0.0,0.0
Bengaluru City,Wilsongarden Traffic PS,1.04432e+16,2016,1,2,Road Accidents,Narrow road,City/Town,Near office complex,Human Error,Not Applicable,Damage Only,Rear end,Signal lights Manual,Straight and flat,City or Town Road,Bitumen(Tar),Dry,Not Applicable,Clear,T MARIYAPPA ROAD NEAR BBMP OFFICE,LALBAGH COMPOUND,100M,0.0,0.0,0,0,0.0,0.0
Bengaluru City,Wilsongarden Traffic PS,1.04432e+16,2017,1,2,Road Accidents,Narrow road,City/Town,Open area,Human Error,Not Applicable,Damage Only,Right Turn Collision,No signal lights,Straight and flat,City or Town Road,Concrete,Others,Not Applicable,Clear,12jTH CROSS.,LIFE SIDE LALBAG GETE,1,0.0,0.0,0,1,0.0,1.0
Bengaluru City,Wilsongarden Traffic PS,1.04432e+16,2017,1,1,Road Accidents,Narrow road,City/Town,Near office complex,Not Applicable,No,Grievous Injury,Hit pedestrian,Uncontrolled,Not Applicable,Two way,Bitumen(Tar),Dry,Not Applicable,Fine,SUDHAMA NAGAR MAIN ROAD,5TH CROSS,2KM,0.0,0.0,0,0,0.0,0.0
Bengaluru City,Wilsongarden Traffic PS,1.04432e+16,2017,1,1,Road Accidents,Curves,City/Town,Near Bus stop,Not Applicable,Not Applicable,Grievous Injury,Hit pedestrian,Uncontrolled,Curve,One way,Bitumen(Tar),Dry,Not Applicable,Fine,DR.MARIGOWDA ROAD,KH CIRCLE,1KM,0.0,0.0,0,0,0.0,0.0
Bengaluru City,Wilsongarden Traffic PS,1.04432e+16,2017,1,2,Road Accidents,Narrow road,City/Town,Near School or College,Vehicle Defect,No,Grievous Injury,Rear end,Uncontrolled,Curve,Two way,Bitumen(Tar),Dry,Not Applicable,Fine,DR MARIGOWDA ROAD,AL AMEEN COLLEGE,2KM,0.0,0.0,0,0,0.0,0.0
Bengaluru City,Wilsongarden Traffic PS,1.04432e+16,2017,1,1,Road Accidents,Narrow road,City/Town,Residential area,Not Applicable,No,Damage Only,Others,Uncontrolled,Not Applicable,Two way,Bitumen(Tar),Dry,Not Applicable,Fine,BTS ROAD,11TH CROSS,1.5 KM,0.0,0.0,0,0,0.0,0.0
Bengaluru City,Wilsongarden Traffic PS,1.04432e+16,2017,1,1,Road Accidents,Narrow road,City/Town,Near Hospital,Not Applicable,No,Grievous Injury,Overturning,Uncontrolled,Others,One way,Bitumen(Tar),Dry,Not Applicable,Fine,H SIDDAIAH ROAD,NEAR AGADI HOSPITAL,1KM,0.0,0.0,0,0,0.0,0.0
Bengaluru City,Wilsongarden Traffic PS,1.04432e+16,2017,1,2,Road Accidents,Narrow road,City/Town,Residential area,Not Applicable,No,Damage Only,Rear end,Uncontrolled,Not Applicable,Two way,Bitumen(Tar),Dry,Not Applicable,Fine,16 TH CROSS,NESR POLICE STATION,2KM,0.0,0.0,0,0,0.0,0.0
Bengaluru City,Wilsongarden Traffic PS,1.04432e+16,2017,1,2,Road Accidents,Bridge,City/Town,Near office complex,Human Error,Not Applicable,Damage Only,Side impact or Right angle,Not at  Junction,Straight and flat,City or Town Road,Bitumen(Tar),Not Applicable,Not Applicable,Clear,NEAR KIDWAYI HOSPITAL JUNCTION,KIDWAYI HOSPITAL,1,0.0,0.0,0,0,0.0,0.0
Bengaluru City,Wilsongarden Traffic PS,1.04432e+16,2017,1,2,Road Accidents,Narrow road,City/Town,Near Bus stop,Not Applicable,No,Grievous Injury,Rear end,Signal lights Automatic,Not Applicable,Two way,Bitumen(Tar),Dry,Not Applicable,Fine,K.H ROAD,BMTC JUNCTION,2KM,0.12955593,0.77592158,0,0,0.0,0.0
Bengaluru City,Wilsongarden Traffic PS,1.04432e+16,2017,1,2,Road Accidents,Narrow road,City/Town,Near School or College,Not Applicable,Yes,Grievous Injury,Head on,Uncontrolled,Not Applicable,Two way,Bitumen(Tar),Dry,Not Applicable,Fine,DR.MRIGOWDA ROAD,NEAR AL AMEEN COLLEGE,2KM,0.0,0.0,0,0,0.0,0.0
Bengaluru City,Wilsongarden Traffic PS,1.04432e+16,2017,1,1,Road Accidents,Narrow road,City/Town,Near Bus stop,Not Applicable,No,Fatal,Rear end,Uncontrolled,Others,One way,Bitumen(Tar),Dry,Not Applicable,Fine,DR MARIGOWDA ROAD,NEAR  LAKKASANDRA BUS STOP,1KM,0.0,0.0,0,0,0.0,0.0
Bengaluru City,Wilsongarden Traffic PS,1.04432e+16,2017,1,2,Road Accidents,Narrow road,City/Town,Near Petrol Pump,Not Applicable,Yes,Grievous Injury,Rear end,Signals (Working),Not Applicable,One way,Bitumen(Tar),Dry,Not Applicable,Fine,MISION ROAD,DALAL PETROL BUNK,2KM,12.962221,77.594627,0,0,0.0,0.0
Bengaluru City,Wilsongarden Traffic PS,1.04432e+16,2017,1,1,Road Accidents,Cross roads,City/Town,Residential area,Not Applicable,Yes,Grievous Injury,Hit and Run,Uncontrolled,Curve,One way,Bitumen(Tar),Dry,Not Applicable,Fine,ANNIPURA MAIN ROAD,SUDHAMANAGAR 3RD CROSS,2KM,0.0,0.0,0,0,0.0,0.0
Bengaluru City,Wilsongarden Traffic PS,1.04432e+16,2017,1,1,Road Accidents,Narrow road,City/Town,Near Bus stop,Not Applicable,No,Simple Injury,Side swipe,Signals (Working),Not Applicable,Two way,Bitumen(Tar),Dry,Not Applicable,Fine,K H ROAD,K H JUNCTION,2KM,0.0,0.0,0,0,0.0,0.0
Bengaluru City,Wilsongarden Traffic PS,1.04432e+16,2017,1,1,Road Accidents,Narrow road,City/Town,Near Bus stop,Not Applicable,No,Grievous Injury,Hit pedestrian,Uncontrolled,Not Applicable,Two way,Bitumen(Tar),Dry,Not Applicable,Fine,DR.MARIGOWDA ROAD,NEAR 8YH CROSS,1KM,0.0,0.0,0,0,0.0,0.0
Bengaluru City,Wilsongarden Traffic PS,1.04432e+16,2017,1,1,Road Accidents,Narrow road,City/Town,Near Hospital,Not Applicable,No,Grievous Injury,Hit pedestrian,No signal lights,Not Applicable,One way,Bitumen(Tar),Dry,Not Applicable,Fine,RRMR ROAD,NEAR MALYA HOSPITAL,2.5 KM,0.0,0.0,0,0,0.0,0.0
Bengaluru City,Wilsongarden Traffic PS,1.04432e+16,2017,1,1,Road Accidents,Narrow road,City/Town,Open area,Human Error,Not Applicable,Fatal,Others,Uncontrolled,Straight and flat,Village Road,Bitumen(Tar),Dry,Not Applicable,Clear,DR MARI GOWDA SIDDAPURA JUNCTION,DR MARI GOWDA SIDDAPURA JUNCTION,100M,0.0,0.0,0,0,0.0,0.0
Bengaluru City,Wilsongarden Traffic PS,1.04432e+16,2017,1,2,Road Accidents,Narrow road,City/Town,Near Bus stop,Not Applicable,No,Simple Injury,Rear end,Signals (Working),Not Applicable,Two way,Bitumen(Tar),Dry,Not Applicable,Fine,KH ROAD,BUS STOP,1KM,0.0,0.0,0,0,0.0,0.0
Bengaluru City,Wilsongarden Traffic PS,1.04432e+16,2017,1,1,Road Accidents,Narrow road,City/Town,Near Hospital,Not Applicable,No,Grievous Injury,Hit pedestrian,Uncontrolled,Not Applicable,Two way,Bitumen(Tar),Dry,Not Applicable,Fine,DR.MARIGOWDA ROAD,KIDWAI HOSPITAL,1KM,0.0,0.0,0,0,0.0,0.0
Bengaluru City,Wilsongarden Traffic PS,1.04432e+16,2017,1,2,Road Accidents,Narrow road,City/Town,Near Petrol Pump,Vehicle Defect,No,Simple Injury,Rear end,Controlled,Straight and flat,Two way,Bitumen(Tar),Dry,Not Applicable,Fine,DR MARIGOWDA ROAD,NEAR KANNAP AUTO MOBILES,1.5KM,0.0,0.0,0,0,0.0,0.0
Bengaluru City,Wilsongarden Traffic PS,1.04432e+16,2017,1,1,Road Accidents,Narrow road,City/Town,Residential area,Human Error,No,Simple Injury,Head on,Not Applicable,Straight and flat,City or Town Road,Bitumen(Tar),Dry,Not Applicable,Clear,7TH MAIN 7TH CROSS JAYANAGAR 2ND BLOCK,TREE,1,0.0,0.0,0,0,0.0,0.0
Bengaluru City,Wilsongarden Traffic PS,1.04432e+16,2017,1,1,Road Accidents,Narrow road,City/Town,Near office complex,Not Applicable,Yes,Grievous Injury,Hit fixed object,Uncontrolled,Not Applicable,One way,Bitumen(Tar),Dry,Not Applicable,Heavy Rain,H SIDDAIAH ROAD,NYAYA DEGULA,2KM,0.0,0.0,0,0,0.0,0.0
Bengaluru City,Wilsongarden Traffic PS,1.04432e+16,2017,1,1,Road Accidents,Narrow road,City/Town,Near Bus stop,Not Applicable,Yes,Fatal,Hit and Run,Uncontrolled,Not Applicable,Two way,Bitumen(Tar),Dry,Not Applicable,Fine,KH ROAD,NEAR 4TH CROSS,2KM,0.0,0.0,0,0,0.0,0.0
Bengaluru City,Wilsongarden Traffic PS,1.04432e+16,2017,1,2,Road Accidents,Narrow road,City/Town,In bazaar,Not Applicable,Yes,Fatal,Hit and Run,Controlled,Others,One way,Bitumen(Tar),Dry,Not Applicable,Light Rain,DR.MARIGOWDA ROAD,11TH CROSS,2KM,0.0,0.0,0,0,0.0,0.0
Bengaluru City,Wilsongarden Traffic PS,1.04432e+16,2017,1,1,Road Accidents,Narrow road,City/Town,Near School or College,Human Error,Yes,Fatal,Others,Uncontrolled,Straight and flat,City or Town Road,Bitumen(Tar),Dry,Not Applicable,Clear,DR.MARIGOWDA ROAD NEAR ALAMEEN COLLEG,LAL BAGH GETE,100M,0.0,0.0,0,0,0.0,0.0
Bengaluru City,Wilsongarden Traffic PS,1.04432e+16,2017,1,2,Road Accidents,Narrow road,City/Town,Near Bus stop,Vehicle Defect,Not Applicable,Grievous Injury,Rear end,Controlled,Not Applicable,One way,Bitumen(Tar),Dry,Not Applicable,Fine,KH ROAD,BMTC JUNCTION,2KM,0.0,0.0,0,0,0.0,0.0
Bengaluru City,Wilsongarden Traffic PS,1.04432e+16,2017,1,2,Road Accidents,Narrow road,City/Town,Near Bus stop,Not Applicable,Yes,Damage Only,Rear end,Controlled,Not Applicable,Two way,Bitumen(Tar),Dry,Not Applicable,Fine,DR.MARIGOWDA ROAD,HOPCOMS,2KM,0.0,0.0,0,0,0.0,0.0
Bengaluru City,Wilsongarden Traffic PS,1.04432e+16,2017,1,1,Road Accidents,Cross roads,City/Town,Residential area,Not Applicable,No,Fatal,Hit pedestrian,Uncontrolled,Not Applicable,Residential Street,Bitumen(Tar),Dry,Not Applicable,Fine,VINAYAKA NAGAR 1ST CROSS,1ST CROSS NEAR WATER TANK,2KM,0.0,0.0,0,0,0.0,0.0
Bengaluru City,Wilsongarden Traffic PS,1.04432e+16,2017,1,1,Road Accidents,Narrow road,City/Town,Near office complex,Not Applicable,No,Simple Injury,Overturning,Uncontrolled,Not Applicable,One way,Bitumen(Tar),Dry,Not Applicable,Fine,LALBAG ROAD,NEAR PASSPORT OFFICE,2.5KM,0.0,0.0,0,0,0.0,0.0
Bengaluru City,Wilsongarden Traffic PS,1.04432e+16,2017,1,1,Road Accidents,Narrow road,City/Town,Near Bus stop,Not Applicable,No,Simple Injury,Hit pedestrian,Signals (Working),Not Applicable,Two way,Bitumen(Tar),Dry,Not Applicable,Fine,DR.MARIGOWDA ROAD,LALBAG MAIN GATE,2KM,0.0,0.0,0,0,0.0,0.0
Bengaluru City,Wilsongarden Traffic PS,1.04432e+16,2017,1,1,Road Accidents,Narrow road,City/Town,Near Bus stop,Not Applicable,Yes,Grievous Injury,Hit pedestrian,Uncontrolled,Not Applicable,Two way,Bitumen(Tar),Dry,Not Applicable,Fine,DR.MARIGOWDA ROAD,HOPCOMS,2KM,0.0,0.0,0,0,0.0,0.0
Bengaluru City,Wilsongarden Traffic PS,1.04432e+16,2017,1,1,Road Accidents,Circle,City/Town,Near Hospital,Human Error,No,Fatal,Head on,No signal lights,Straight and flat,City or Town Road,Bitumen(Tar),Dry,Not Applicable,Clear,BYRASANDRA MAIN ROAD SIDDAPURA PS BEHIND,NIMHANS HOSPITAL,0.5,0.0,0.0,0,0,0.0,0.0
Bengaluru City,Wilsongarden Traffic PS,1.04432e+16,2017,1,2,Road Accidents,Curves,City/Town,Near Hospital,Not Applicable,Not Applicable,Damage Only,Others,Controlled,Curve,One way,Bitumen(Tar),Dry,Not Applicable,Fine,VITTAL MALYA ROAD,CAFE COFFE DAY,3KM,0.0,0.0,0,0,0.0,0.0
Bengaluru City,Wilsongarden Traffic PS,1.04432e+16,2017,1,1,Road Accidents,Narrow road,City/Town,Near Bus stop,Not Applicable,No,Fatal,Hit pedestrian,Signals (Working),Not Applicable,Two way,Bitumen(Tar),Dry,Not Applicable,Fine,DR MARIGOWDA ROAD,NIMHANS JUNCTION,1KM,0.0,0.0,0,0,0.0,0.0
Bengaluru City,Wilsongarden Traffic PS,1.04432e+16,2017,1,1,Road Accidents,Narrow road,City/Town,Near Bus stop,Not Applicable,No,Grievous Injury,Hit pedestrian,Uncontrolled,Not Applicable,Two way,Bitumen(Tar),Dry,Not Applicable,Fine,DR MARIGOWDA ROAD,NEAR 9TH CROSS,1KM,0.0,0.0,0,0,0.0,0.0
Bengaluru City,Wilsongarden Traffic PS,1.04432e+16,2017,1,1,Road Accidents,Narrow road,City/Town,Near Bus stop,Not Applicable,Yes,Grievous Injury,Hit pedestrian,Controlled,Not Applicable,Two way,Bitumen(Tar),Dry,Not Applicable,Fine,DR.MARIGOWDA ROAD,LALBAG MAIN GATE,2KM,0.0,0.0,0,0,0.0,0.0
Bengaluru City,Wilsongarden Traffic PS,1.04432e+16,2017,1,1,Road Accidents,Narrow road,City/Town,Residential area,Not Applicable,No,Grievous Injury,Rear end,No signal lights,Others,One way,Bitumen(Tar),Dry,Not Applicable,Fine,KH MAIN ROAD,PINGARA HOTEL,2KM,0.0,0.0,0,0,0.0,0.0
Bengaluru City,Wilsongarden Traffic PS,1.04432e+16,2017,1,1,Road Accidents,Narrow road,City/Town,Near Bus stop,Not Applicable,Yes,Fatal,Hit pedestrian,Uncontrolled,Not Applicable,Two way,Bitumen(Tar),Dry,Not Applicable,Fine,DR MARIGOWDA ROAD,BUS STOP,1KM,12.942949,77.597334,0,0,0.0,0.0
Bengaluru City,Wilsongarden Traffic PS,1.04432e+16,2017,1,1,Road Accidents,Narrow road,City/Town,Near Bus stop,Not Applicable,No,Grievous Injury,Hit pedestrian,Uncontrolled,Not Applicable,One way,Bitumen(Tar),Dry,Not Applicable,Fine,RRMR ROAD,KANTEERAVA STADIUM,3KM,0.0,0.0,0,0,0.0,0.0
Bengaluru City,Wilsongarden Traffic PS,1.04432e+16,2017,1,3,Road Accidents,Narrow road,City/Town,Near Bus stop,Vehicle Defect,No,Damage Only,Rear end,Uncontrolled,Straight and flat,One way,Bitumen(Tar),Dry,Not Applicable,Fine,T MARIYAPPA ROAD,I PLANET COMPANY,2KM,0.0,0.0,0,0,0.0,0.0
Bengaluru City,Wilsongarden Traffic PS,1.04432e+16,2017,1,2,Road Accidents,Narrow road,City/Town,Near School or College,Not Applicable,Yes,Grievous Injury,Head on,Uncontrolled,Not Applicable,Two way,Bitumen(Tar),Dry,Not Applicable,Fine,BTS ROAD,OUT REACH SCHOOL,1.5 KM,0.0,0.0,0,0,0.0,0.0
Bengaluru City,Wilsongarden Traffic PS,1.04432e+16,2017,1,1,Road Accidents,Narrow road,City/Town,Near Bus stop,Not Applicable,Not Applicable,Fatal,Hit bicyclist,Uncontrolled,Others,Two way,Bitumen(Tar),Dry,Not Applicable,Fine,H SIDDAIAH ROAD,NEAR KPN TRAVELLS,2KM,0.0,0.0,0,0,0.0,0.0
Bengaluru City,Wilsongarden Traffic PS,1.04432e+16,2017,1,1,Road Accidents,Narrow road,City/Town,Near Petrol Pump,Not Applicable,Yes,Grievous Injury,Hit and Run,Uncontrolled,Hump,One way,Bitumen(Tar),Dry,Not Applicable,Fine,DR.MARIGOWDA ROAD,HMG GRANITES,1KM,0.0,0.0,0,0,0.0,0.0
Bengaluru City,Wilsongarden Traffic PS,1.04432e+16,2017,1,2,Road Accidents,Narrow road,City/Town,Near Bus stop,Not Applicable,Yes,Grievous Injury,Hit and Run,Controlled,Not Applicable,Two way,Bitumen(Tar),Dry,Not Applicable,Fine,K.H ROAD,BMTC JUNCTION,2KM,0.0,0.0,0,0,0.0,0.0
Bengaluru City,Wilsongarden Traffic PS,1.04432e+16,2017,1,1,Road Accidents,Narrow road,City/Town,Near Bus stop,Not Applicable,Yes,Grievous Injury,Hit pedestrian,Uncontrolled,Not Applicable,One way,Bitumen(Tar),Dry,Not Applicable,Fine,KB ROAD,NEAR KANTEERAVA STADIUM,3KM,0.0,0.0,0,0,0.0,0.0
Bengaluru City,Wilsongarden Traffic PS,1.04432e+16,2017,1,2,Road Accidents,Curves,City/Town,Residential area,Human Error,No,Grievous Injury,Rear end,Controlled,Others,Two way,Bitumen(Tar),Dry,Not Applicable,Fine,T MARIYAPPA ROAD,LALBAGH SOUTH GATE,2KM,0.0,0.0,0,0,0.0,0.0
Bengaluru City,Wilsongarden Traffic PS,1.04432e+16,2017,1,1,Road Accidents,Narrow road,City/Town,Near Bus stop,Not Applicable,Yes,Grievous Injury,Rear end,Uncontrolled,Others,One way,Bitumen(Tar),Dry,Not Applicable,Fine,KH MAIN ROAD,BMTC BUS STOP,2KM,0.0,0.0,0,0,0.0,0.0
Bengaluru City,Wilsongarden Traffic PS,1.04432e+16,2017,1,1,Road Accidents,Narrow road,City/Town,Near Bus stop,Not Applicable,No,Grievous Injury,Hit pedestrian,Uncontrolled,Not Applicable,Two way,Bitumen(Tar),Dry,Not Applicable,Fine,DR MARIGOWDA ROAD,LALBAG MAIN GATE,2KM,0.0,0.0,0,0,0.0,0.0
Bengaluru City,Wilsongarden Traffic PS,1.04432e+16,2017,1,1,Road Accidents,Narrow road,City/Town,Near Hospital,Not Applicable,Yes,Fatal,Hit and Run,Uncontrolled,Curve,One way,Bitumen(Tar),Dry,Not Applicable,Fine,DR MARIGOWDA ROAD,KIDWAI HOSPITAL,1KM,0.0,0.0,0,0,0.0,0.0
Bengaluru City,Wilsongarden Traffic PS,1.04432e+16,2017,1,2,Rail Road Accidents,Narrow road,City/Town,Near Bus stop,Not Applicable,No,Grievous Injury,Rear end,Uncontrolled,Not Applicable,One way,Bitumen(Tar),Dry,Not Applicable,Fine,RRMR ROAD,KANTEERAVA STADIUM,3KM,0.0,0.0,0,0,0.0,0.0
Bengaluru City,Wilsongarden Traffic PS,1.04432e+16,2017,1,2,Road Accidents,Curves,City/Town,Near Petrol Pump,Not Applicable,Not Applicable,Grievous Injury,Rear end,Controlled,Curve,One way,Bitumen(Tar),Dry,Not Applicable,Fine,KH MAIN ROAD,SHANTINAGAR SIGNLE,2KM,0.0,0.0,0,0,0.0,0.0