DISTRICTNAME,UNITNAME,Crime_No,Year,RI,Noofvehicle_involved,Accident_Classification,Accident_Spot,Accident_Location,Accident_SubLocation,Main_Cause,Hit_Run,Severity,Collision_Type,Junction_Control,Road_Character,Road_Type,Surface_Type,Surface_Condition,Road_Condition,Weather,Accident_Road,Landmark_first,Distance_LandMark_First,Latitude,Longitude,Road_Condition_Score,Surface_Condition_Score,Surface_Type_Score,Road_Risk_Index
Bengaluru City,Wilsongarden Traffic PS,1.04432e+16,2017,1,1,Road Accidents,Narrow road,City/Town,Near Bus stop,Not Applicable,Yes,Simple Injury,Hit and Run,Uncontrolled,Not Applicable,One way,Bitumen(Tar),Dry,Not Applicable,Fine,LALBAG ROAD,NEAR POORNIMA CIRCLE,2KM,0.0,0.0,0,0,0.0,0.0
Bengaluru City,Wilsongarden Traffic PS,1.04432e+16,2017,1,1,Road Accidents,Narrow road,City/Town,At pedestrian Crossing,Not Applicable,No,Grievous Injury,Hit pedestrian,Uncontrolled,Not Applicable,Two way,Bitumen(Tar),Dry,Not Applicable,Fine,H SIDDAIAH ROAD,NEAR URVASHI JUNCTION,2.5 KM,0.0,0.0,0,0,0.0,0.0
Bengaluru City,Wilsongarden Traffic PS,1.04432e+16,2017,1,1,Road Accidents,Narrow road,City/Town,Near Bus stop,Not Applicable,No,Grievous Injury,Hit pedestrian,Uncontrolled,Not Applicable,One way,Bitumen(Tar),Dry,Not Applicable,Fine,KASTHURABA ROAD,KANTEERAVA STADIUM,2KM,0.0,0.0,0,0,0.0,0.0
Bengaluru City,Wilsongarden Traffic PS,1.04432e+16,2017,1,1,Road Accidents,Narrow road,City/Town,Near Bus stop,Not Applicable,No,Simple Injury,Hit pedestrian,Signals (Working),Not Applicable,One way,Bitumen(Tar),Dry,Not Applicable,Fine,LALBAG ROAD,URVASHI TALKIS,2KM,0.0,0.0,0,0,0.0,0.0
Bengaluru City,Wilsongarden Traffic PS,1.04432e+16,2018,1,1,Road Accidents,Narrow road,City/Town,Near or inside a village,Not Applicable,No,Grievous Injury,Hit pedestrian,Uncontrolled,Not Applicable,Others,Bitumen(Tar),Dry,Not Applicable,Fine,SUDHAMA NAGAR MAIN ROAD,4TH CROSS,2KM,0.0,0.0,0,0,0.0,0.0
Bengaluru City,Wilsongarden Traffic PS,1.04432e+16,2018,1,1,Road Accidents,Narrow road,City/Town,Near Bus stop,Not Applicable,No,Grievous Injury,Hit pedestrian,Uncontrolled,Not Applicable,Two way,Bitumen(Tar),Dry,Not Applicable,Fine,H SIDDAIAH ROAD,SRS TRAVELLS,1KM,0.0,0.0,0,0,0.0,0.0
Bengaluru City,Wilsongarden Traffic PS,1.04432e+16,2018,1,2,Road Accidents,Narrow road,City/Town,Near office complex,Not Applicable,No,Damage Only,Rear end,Controlled,Not Applicable,City or Town Road,Bitumen(Tar),Dry,Not Applicable,Fine,KH ROAD,KH JUNCTION,1KM,0.0,0.0,0,0,0.0,0.0
Bengaluru City,Wilsongarden Traffic PS,1.04432e+16,2018,1,1,Road Accidents,Narrow road,City/Town,Near Bus stop,Human Error,No,Grievous Injury,Hit pedestrian,Uncontrolled,Others,City or Town Road,Bitumen(Tar),Dry,No influence on accident,Clear,DR.MARIGOWDA ROAD NEAR 7TH CROSS BUS STOP,NEAR 7TH CROSS BUS STOP,1KM,0.0,0.0,0,0,0.0,0.0
Bengaluru City,Wilsongarden Traffic PS,1.04432e+16,2018,1,3,Road Accidents,Other,City/Town,Open area,Human Error,No,Fatal,Hit bicyclist,Uncontrolled,Straight and flat,One way,Bitumen(Tar),Dry,No influence on accident,Fine,K B ROAD,NEAR KANTEERAVA STADIAM GATE,2KM,0.0,0.0,0,0,0.0,0.0
Bengaluru City,Wilsongarden Traffic PS,1.04432e+16,2018,1,1,Road Accidents,Narrow road,City/Town,In bazaar,Not Applicable,No,Grievous Injury,Hit pedestrian,Uncontrolled,Not Applicable,One way,Bitumen(Tar),Dry,Not Applicable,Fine,DR.MARIGOWDA ROAD,7TH CROSS,1KM,0.0,0.0,0,0,0.0,0.0
Bengaluru City,Wilsongarden Traffic PS,1.04432e+16,2018,1,2,Road Accidents,Narrow road,City/Town,Open area,Not Applicable,No,Grievous Injury,Others,Uncontrolled,Others,One way,Bitumen(Tar),Dry,Not Applicable,Fine,H SIDDAIAH ROAD,FAMILY COURT NEAR,1KM,0.0,0.0,0,0,0.0,0.0
Bengaluru City,Wilsongarden Traffic PS,1.04432e+16,2018,1,2,Road Accidents,Junction,City/Town,Open area,Human Error,No,Grievous Injury,Hit bicyclist,Signal lights Automatic,Others,Two way,Bitumen(Tar),Dry,No influence on accident,Clear,K H ROAD,K H JUNCTION,1KM,0.0,0.0,0,0,0.0,0.0
Bengaluru City,Wilsongarden Traffic PS,1.04432e+16,2018,1,2,Road Accidents,Junction,City/Town,Open area,Human Error,No,Grievous Injury,Hit bicyclist,Signal lights Automatic,Others,Two way,Bitumen(Tar),Dry,No influence on accident,Fine,SHANTHINAGARA JUNCTION,SHANTHINAGARA JUNCTION,2,0.0,0.0,0,0,0.0,0.0
Bengaluru City,Wilsongarden Traffic PS,1.04432e+16,2018,1,2,Road Accidents,Other,City/Town,Near Bus stop,Human Error,No,Damage Only,Hit parked vehicle,Uncontrolled,Others,Two way,Bitumen(Tar),Dry,No influence on accident,Clear,DR MARIGOWDA ROAD NEAR LAKKASANDRA BUS STOP,NEAR LAKKASANDRA BUS STOP,1KM,0.0,0.0,0,0,0.0,0.0
Bengaluru City,Wilsongarden Traffic PS,1.04432e+16,2018,1,2,Road Accidents,Narrow road,City/Town,Open area,Not Applicable,No,Damage Only,Others,Uncontrolled,Not Applicable,One way,Bitumen(Tar),Dry,Not Applicable,Fine,RRMR ROAD,NEAR PALLAVI THEATRE,2KM,0.0,0.0,0,0,0.0,0.0
Bengaluru City,Wilsongarden Traffic PS,1.04432e+16,2018,1,2,Road Accidents,Narrow road,City/Town,Near Bus stop,Not Applicable,Yes,Grievous Injury,Hit and Run,Uncontrolled,Not Applicable,One way,Bitumen(Tar),Dry,Not Applicable,Fine,RRMR ROAD,PALLAVI TALKIS,3KM,0.0,0.0,0,0,0.0,0.0
Bengaluru City,Wilsongarden Traffic PS,1.04432e+16,2018,1,2,Road Accidents,Narrow road,City/Town,Near Hospital,Not Applicable,No,Grievous Injury,Rear end,Uncontrolled,Not Applicable,One way,Bitumen(Tar),Dry,Not Applicable,Fine,DR.MARIGOWDA ROAD,8TH CROSS,1KM,0.0,0.0,0,0,0.0,0.0
Bengaluru City,Wilsongarden Traffic PS,1.04432e+16,2018,1,1,Road Accidents,Junction,City/Town,In bazaar,Not Applicable,No,Grievous Injury,Rear end,Controlled,Curve,One way,Bitumen(Tar),Dry,Not Applicable,Fine,KASTHURABA ROAD,NEAR SIDDALINGAIAH JUNCTION,3KM,0.0,0.0,0,0,0.0,0.0
Bengaluru City,Wilsongarden Traffic PS,1.04432e+16,2018,1,2,Road Accidents,Narrow road,City/Town,Near Petrol Pump,Not Applicable,Yes,Grievous Injury,Hit and Run,Uncontrolled,Others,One way,Bitumen(Tar),Dry,Not Applicable,Fine,MISSION ROAD,SURYA BEKARY,1.5KM,0.0,0.0,0,0,0.0,0.0
Bengaluru City,Wilsongarden Traffic PS,1.04432e+16,2018,1,2,Road Accidents,Narrow road,City/Town,In bazaar,Not Applicable,No,Grievous Injury,Others,Controlled,Others,One way,Bitumen(Tar),Dry,Not Applicable,Fine,KH MAIN ROAD,SHANTINAGAR SIGNLE,1.5KM,0.0,0.0,0,0,0.0,0.0
Bengaluru City,Wilsongarden Traffic PS,1.04432e+16,2018,1,1,Road Accidents,Other,City/Town,Open area,Human Error,No,Simple Injury,Hit pedestrian,Uncontrolled,Others,City or Town Road,Bitumen(Tar),Dry,No influence on accident,Snow,S R NAGAR 5TH CROSS,L J AYYANGAR BEKARI,3KM,0.0,0.0,0,0,0.0,0.0
Bengaluru City,Wilsongarden Traffic PS,1.04432e+16,2018,1,2,Road Accidents,Other,City/Town,Open area,Human Error,No,Grievous Injury,Hit bicyclist,Uncontrolled,Others,Two way,Bitumen(Tar),Dry,No influence on accident,Fine,DR MARIGOWDA ROAD,NEAR K H CIRCLE,1KM,0.0,0.0,0,0,0.0,0.0
Bengaluru City,Wilsongarden Traffic PS,1.04432e+16,2018,1,1,Road Accidents,Narrow road,City/Town,Near Petrol Pump,Not Applicable,Yes,Grievous Injury,Not Applicable,Uncontrolled,Curve,One way,Bitumen(Tar),Dry,Not Applicable,Fine,DR.MARIGOWDA ROAD,RGBSI COMPANY,1KM,0.0,0.0,0,0,0.0,0.0
Bengaluru City,Wilsongarden Traffic PS,1.04432e+16,2018,1,3,Road Accidents,Narrow road,City/Town,Near Petrol Pump,Not Applicable,No,Grievous Injury,Rear end,Signals (Working),Not Applicable,One way,Bitumen(Tar),Dry,Not Applicable,Fine,K.H ROAD,PETROL PUMP,2KM,0.0,0.0,0,0,0.0,0.0
Bengaluru City,Wilsongarden Traffic PS,1.04432e+16,2018,1,2,Road Accidents,Narrow road,City/Town,Near Bus stop,Not Applicable,No,Grievous Injury,Others,Controlled,Others,One way,Bitumen(Tar),Dry,Not Applicable,Fine,DR.MARIGOWDA ROAD,SIDDAPURA JUNCTION,1KM,0.0,0.0,0,0,0.0,0.0
Bengaluru City,Wilsongarden Traffic PS,1.04432e+16,2018,1,1,Road Accidents,Other,City/Town,Open area,Human Error,No,Grievous Injury,Hit pedestrian,Uncontrolled,Others,One way,Bitumen(Tar),Dry,No influence on accident,Fine,LALBHAG ROAD NEAR PRAKASH HERO MOTORS,NEAR HERO MOTORS,2.5,12.956039,77.592879,0,0,0.0,0.0
Bengaluru City,Wilsongarden Traffic PS,1.04432e+16,2018,1,2,Road Accidents,Narrow road,City/Town,Near School or College,Not Applicable,No,Grievous Injury,Others,Uncontrolled,Not Applicable,Two way,Bitumen(Tar),Dry,Not Applicable,Fine,DR.MARIGOWDA ROAD,AL AMEEN COLLEGE,2KM,0.0,0.0,0,0,0.0,0.0
Bengaluru City,Wilsongarden Traffic PS,1.04432e+16,2018,1,1,Road Accidents,Narrow road,City/Town,Near Bus stop,Not Applicable,No,Grievous Injury,Hit pedestrian,Uncontrolled,Not Applicable,One way,Bitumen(Tar),Dry,Not Applicable,Fine,DR.MARIGOWDA ROAD,7TH CROSS,1KM,0.0,0.0,0,0,0.0,0.0
Bengaluru City,Wilsongarden Traffic PS,1.04432e+16,2018,1,2,Road Accidents,Other,City/Town,Near School or College,Human Error,No,Simple Injury,Hit bicyclist,Uncontrolled,Others,Two way,Bitumen(Tar),Dry,No influence on accident,Cloudy,DR.MARIGOWDA ROAD,NEAR ALL AMEEN COLLEGE,2KM,0.0,0.0,0,0,0.0,0.0
Bengaluru City,Wilsongarden Traffic PS,1.04432e+16,2018,1,1,Road Accidents,Other,City/Town,Open area,Human Error,No,Grievous Injury,Hit pedestrian,Uncontrolled,Others,One way,Bitumen(Tar),Dry,No influence on accident,Fine,R R M R ROAD,NEAR PALLAVI TALKIES,3KM,0.0,0.0,0,0,0.0,0.0
Bengaluru City,Wilsongarden Traffic PS,1.04432e+16,2018,1,1,Road Accidents,Junction,City/Town,Open area,Human Error,No,Simple Injury,Hit pedestrian,Signals (Working),Others,Two way,Bitumen(Tar),Dry,No influence on accident,Fine,K H ROAD,NEAR BMTC JUNCTION,1KM,0.0,0.0,0,0,0.0,0.0
Bengaluru City,Wilsongarden Traffic PS,1.04432e+16,2018,1,4,Road Accidents,Junction,City/Town,Near Bus stop,Not Applicable,No,Grievous Injury,Others,Controlled,Others,One way,Bitumen(Tar),Dry,Not Applicable,Fine,RRMR ROAD,HUDSON CIRCLE,3KM,0.0,0.0,0,0,0.0,0.0
Bengaluru City,Wilsongarden Traffic PS,1.04432e+16,2018,1,2,Road Accidents,Narrow road,City/Town,Near Bus stop,Not Applicable,No,Fatal,Rear end,Signals (Working),Not Applicable,One way,Bitumen(Tar),Dry,Not Applicable,Fine,K.H ROAD,NEAR SHANTHINAGAR BUS STOP,1KM,0.0,0.0,0,0,0.0,0.0
Bengaluru City,Wilsongarden Traffic PS,1.04432e+16,2018,1,2,Road Accidents,Junction,City/Town,Near Bus stop,Not Applicable,Yes,Grievous Injury,Hit and Run,Signal lights Automatic,Not Applicable,Two way,Bitumen(Tar),Dry,Not Applicable,Fine,DR.MARIGOWDA ROAD,LALBAG MAIN GATE,2KM,0.0,0.0,0,0,0.0,0.0
Bengaluru City,Wilsongarden Traffic PS,1.04432e+16,2018,1,1,Road Accidents,Narrow road,City/Town,Open area,Human Error,No,Grievous Injury,Hit pedestrian,Uncontrolled,Others,Two way,Bitumen(Tar),Dry,No influence on accident,Fine,DR.MARIGOWDA ROAD,NEAR 8TH CROSS,1KM,0.0,0.0,0,0,0.0,0.0
Bengaluru City,Wilsongarden Traffic PS,1.04432e+16,2018,1,2,Road Accidents,Narrow road,City/Town,Near Bus stop,Not Applicable,No,Grievous Injury,Hit bicyclist,Uncontrolled,Others,Two way,Bitumen(Tar),Dry,Not Applicable,Fine,H SIDDAIAH ROAD,KPN TRAVELLS,1KM,0.0,0.0,0,0,0.0,0.0
Bengaluru City,Wilsongarden Traffic PS,1.04432e+16,2018,1,2,Road Accidents,Junction,City/Town,At pedestrian Crossing,Not Applicable,No,Grievous Injury,Rear end,Controlled,Others,One way,Bitumen(Tar),Dry,Not Applicable,Clear,LALBAGH ROAD,URVASHI JUNCTION,2KM,0.0,0.0,0,0,0.0,0.0
Bengaluru City,Wilsongarden Traffic PS,1.04432e+16,2018,1,2,Road Accidents,Narrow road,City/Town,Near Petrol Pump,Not Applicable,Not Applicable,Grievous Injury,Rear end,Controlled,Others,One way,Bitumen(Tar),Dry,Not Applicable,Fine,DR.MARIGOWDA ROAD,10TH CROSS JUNCTION,1KM,0.0,0.0,0,0,0.0,0.0
Bengaluru City,Wilsongarden Traffic PS,1.04432e+16,2018,1,2,Road Accidents,Other,Not Applicable,Open area,Human Error,No,Simple Injury,Hit pedal cyclist,Not Applicable,Others,City or Town Road,Bitumen(Tar),Dry,No influence on accident,Fine,K.H.ROAD,NEAR K H JUNTION,1KM,0.0,0.0,0,0,0.0,0.0
Bengaluru City,Wilsongarden Traffic PS,1.04432e+16,2018,1,2,Road Accidents,Other,City/Town,Open area,Human Error,No,Grievous Injury,Hit bicyclist,Uncontrolled,Others,City or Town Road,Bitumen(Tar),Dry,Not Applicable,Fine,MISSION ROAD,OPP SILVER SPOON HOTEL SHANTHINAGAR,2 KM,0.0,0.0,0,0,0.0,0.0
Bengaluru City,Wilsongarden Traffic PS,1.04432e+16,2018,1,1,Road Accidents,Narrow road,City/Town,Near Petrol Pump,Not Applicable,No,Simple Injury,Overturning,Uncontrolled,Not Applicable,Two way,Bitumen(Tar),Dry,Not Applicable,Fine,DR.MARIGOWDA ROAD,KANNAPPA AUTO BOBILE,2KM,0.0,0.0,0,0,0.0,0.0
Bengaluru City,Wilsongarden Traffic PS,1.04432e+16,2018,1,2,Road Accidents,Other,City/Town,Open area,Human Error,Yes,Simple Injury,Hit and Run,Uncontrolled,Others,One way,Bitumen(Tar),Dry,No influence on accident,Fine,MISSION ROAD,NEAR DEVANGA JUNCTION,2,0.0,0.0,0,0,0.0,0.0
Bengaluru City,Wilsongarden Traffic PS,1.04432e+16,2018,1,1,Road Accidents,Junction,City/Town,Open area,Human Error,Yes,Fatal,Others,Controlled,Curve,One way,Bitumen(Tar),Dry,No influence on accident,Clear,RRMR JUNCTION,NEAR KANTEERAVA STADIUM,3 KM,0.0,0.0,0,0,0.0,0.0
Bengaluru City,Wilsongarden Traffic PS,1.04432e+16,2018,1,1,Road Accidents,Narrow road,City/Town,At pedestrian Crossing,Not Applicable,No,Fatal,Hit pedestrian,Uncontrolled,Not Applicable,One way,Bitumen(Tar),Dry,Not Applicable,Fine,KH MAIN ROAD,NERA BMTC JUNCTION,1KM,0.0,0.0,0,0,0.0,0.0
Bengaluru City,Wilsongarden Traffic PS,1.04432e+16,2018,1,2,Road Accidents,Junction,City/Town,Near Bus stop,Not Applicable,No,Damage Only,Rear end,Controlled,Not Applicable,One way,Bitumen(Tar),Dry,Not Applicable,Fine,K.H ROAD,NEAR SHANTHINAGAR BUS STOP,1KM,0.0,0.0,0,0,0.0,0.0
Bengaluru City,Wilsongarden Traffic PS,1.04432e+16,2018,1,2,Road Accidents,Narrow road,City/Town,Near Bus stop,Not Applicable,No,Damage Only,Rear end,Uncontrolled,Not Applicable,One way,Bitumen(Tar),Dry,Not Applicable,Fine,K.H ROAD,4TH CROSS,2KM,0.0,0.0,0,0,0.0,0.0
Bengaluru City,Wilsongarden Traffic PS,1.04432e+16,2018,1,1,Road Accidents,Narrow road,City/Town,Near office complex,Not Applicable,Yes,Grievous Injury,Hit and Run,Uncontrolled,Not Applicable,Two way,Bitumen(Tar),Dry,Not Applicable,Fine,BTS ROAD,NEAR 14TH CROSS,500MTR,0.0,0.0,0,0,0.0,0.0
Bengaluru City,Wilsongarden Traffic PS,1.04432e+16,2018,1,2,Road Accidents,Junction,City/Town,Open area,Human Error,Yes,Damage Only,Others,Police / Manual,Others,City or Town Road,Bitumen(Tar),Dry,No influence on accident,Cloudy,DR.MARIGOWDA ROAD NEAR 10TH CROSS JUNCTION,LUNA SWEETS,1KM,0.0,0.0,0,0,0.0,0.0
Bengaluru City,Wilsongarden Traffic PS,1.04432e+16,2018,1,2,Road Accidents,Other,City/Town,Open area,Human Error,Yes,Grievous Injury,Hit bicyclist,Uncontrolled,Others,Two way,Bitumen(Tar),Dry,No influence on accident,Fine,DR.MARIGOWDA ROAD,NEAR HOPCOMS,1KM,0.0,0.0,0,0,0.0,0.0
Bengaluru City,Wilsongarden Traffic PS,1.04432e+16,2018,1,2,Road Accidents,Narrow road,City/Town,Residential area,Not Applicable,No,Grievous Injury,Rear end,Uncontrolled,Not Applicable,Two way,Bitumen(Tar),Dry,Not Applicable,Fine,11TH CROSS,11TH MAIN,500MTR,0.0,0.0,0,0,0.0,0.0
Bengaluru City,Wilsongarden Traffic PS,1.04432e+16,2018,1,3,Rail Road Accidents,Narrow road,City/Town,Near Bus stop,Not Applicable,No,Grievous Injury,Rear end,Uncontrolled,Not Applicable,One way,Bitumen(Tar),Dry,Not Applicable,Fine,DR.MARIGOWDA ROAD,BRAND FACTORY,1KM,0.0,0.0,0,0,0.0,0.0
Bengaluru City,Wilsongarden Traffic PS,1.04432e+16,2018,1,1,Road Accidents,Narrow road,City/Town,Near office complex,Not Applicable,No,Grievous Injury,Overturning,Uncontrolled,Not Applicable,One way,Bitumen(Tar),Dry,Not Applicable,Fine,LALBAG ROAD,PRERANA MOTORS,2KM,0.0,0.0,0,0,0.0,0.0
Bengaluru City,Wilsongarden Traffic PS,1.04432e+16,2018,1,2,Road Accidents,Narrow road,City/Town,Near Bus stop,Not Applicable,No,Damage Only,Not Applicable,Uncontrolled,Curve,One way,Bitumen(Tar),Dry,Not Applicable,Fine,RRMR ROAD,NEAR PALLAVI THEATRE,3KM,0.0,0.0,0,0,0.0,0.0
Bengaluru City,Wilsongarden Traffic PS,1.04432e+16,2019,1,2,Road Accidents,Other,City/Town,Open area,Human Error,Yes,Fatal,Hit and Run,Not at  Junction,Others,Two way,Bitumen(Tar),Dry,No influence on accident,Fine,B T S ROAD,NEAR BHARATHI HOTEL,1KM,12.948649,77.601012,0,0,0.0,0.0
Bengaluru City,Wilsongarden Traffic PS,1.04432e+16,2019,1,2,Road Accidents,Other,City/Town,Open area,Human Error,No,Damage Only,Others,Uncontrolled,Others,Two way,Bitumen(Tar),Dry,No influence on accident,Fine,WILSONGARDEN MAIN ROAD,NEAR AYYANGAR BEKARY,200,12.949957,77.5967059,0,0,0.0,0.0
Bengaluru City,Wilsongarden Traffic PS,1.04432e+16,2019,1,1,Road Accidents,Other,City/Town,Open area,Human Error,No,Not Applicable,Hit pedestrian,Not at  Junction,Others,City or Town Road,Bitumen(Tar),Dry,No influence on accident,Clear,K H ROAD,NEAR SHANTHINAGARA JUNCTION,1KM,12.961938,77.594394,0,0,0.0,0.0
Bengaluru City,Wilsongarden Traffic PS,1.04432e+16,2019,1,2,Road Accidents,Narrow road,City/Town,Near School or College,Human Error,No,Grievous Injury,Vehicle to Vehicle,Uncontrolled,Others,Two way,Bitumen(Tar),Dry,No influence on accident,Fine,DR.MARIGOWDA ROAD,NEAR ALL AMEEN COLLEGE,1KM,0.0,0.0,0,0,0.0,0.0
Bengaluru City,Wilsongarden Traffic PS,1.04432e+16,2019,1,1,Road Accidents,Narrow road,City/Town,Open area,Human Error,Yes,Grievous Injury,Hit pedestrian,Uncontrolled,Straight and flat,One way,Bitumen(Tar),Dry,No influence on accident,Clear,MALLYA ROAD,NEAR COFFEE DAY,3KM,0.0,0.0,0,0,0.0,0.0
Bengaluru City,Wilsongarden Traffic PS,1.04432e+16,2019,1,2,Road Accidents,Narrow road,City/Town,Open area,Human Error,No,Fatal,Vehicle to Vehicle,Uncontrolled,Straight and flat,Two way,Bitumen(Tar),Dry,No influence on accident,Cloudy,DR.MARIGOWDA ROAD,OPP IGBSI COMPANY,500MTR,12.950079,77.592795,0,0,0.0,0.0
Bengaluru City,Wilsongarden Traffic PS,1.04432e+16,2019,1,2,Road Accidents,Other,City/Town,Near School or College,Human Error,Yes,Grievous Injury,Hit bicyclist,Uncontrolled,Others,Two way,Bitumen(Tar),Dry,No influence on accident,Others,DR.MARIGOWDA ROAD,NEAR ALL AMEEN COLLEGE,1KM,0.0,0.0,0,0,0.0,0.0
Bengaluru City,Wilsongarden Traffic PS,1.04432e+16,2019,1,2,Road Accidents,Narrow road,City/Town,Open area,Human Error,No,Simple Injury,Vehicle to Vehicle,Not at  Junction,Others,Two way,Bitumen(Tar),Dry,No influence on accident,Others,DR MRIGOWDA ROAD,NEAR AL AMEEN COLLEGE,2 KM,0.0,0.0,0,0,0.0,0.0
Bengaluru City,Wilsongarden Traffic PS,1.04432e+16,2019,1,2,Road Accidents,Narrow road,City/Town,Open area,Human Error,Yes,Grievous Injury,Vehicle to Vehicle,Not at  Junction,Others,Two way,Bitumen(Tar),Dry,No influence on accident,Clear,H SIDDAIAH ROAD,NEAR FAMILY COURT,1 KM,0.0,0.0,0,0,0.0,0.0
Bengaluru City,Wilsongarden Traffic PS,1.04432e+16,2019,1,2,Road Accidents,Narrow road,City/Town,Open area,Human Error,No,Grievous Injury,Hit bicyclist,Uncontrolled,Straight and flat,Two way,Bitumen(Tar),Dry,No influence on accident,Clear,LALBHAG ROAD,NEAR RAYAL ENFIELD SHOW ROOM,2KM,0.0,0.0,0,0,0.0,0.0
Bengaluru City,Wilsongarden Traffic PS,1.04432e+16,2019,1,2,Road Accidents,Other,City/Town,Near Bus stop,Human Error,No,Damage Only,Others,Uncontrolled,Others,One way,Bitumen(Tar),Dry,No influence on accident,Clear,DR.MARIGOWDA ROAD,NEAR 10TH CROSS JUNCTION,1KM,0.0,0.0,0,0,0.0,0.0
Bengaluru City,Wilsongarden Traffic PS,1.04432e+16,2019,1,1,Road Accidents,Other,City/Town,Open area,Human Error,No,Grievous Injury,Hit pedestrian,Not at  Junction,Others,City or Town Road,Bitumen(Tar),Dry,No influence on accident,Clear,LALBAGH MAIN ROAD NEAR,LALBAGH MAIN GATE,2KM,12.954428,77.585492,0,0,0.0,0.0
Bengaluru City,Wilsongarden Traffic PS,1.04432e+16,2019,1,2,Road Accidents,Junction,City/Town,Open area,Human Error,No,Grievous Injury,Vehicle to Vehicle,Controlled,Others,One way,Bitumen(Tar),Dry,No influence on accident,Clear,RRMR ROAD,NEAR PANJAB NATIONAL BANK,3KM,12.967572,77.589241,0,0,0.0,0.0
Bengaluru City,Wilsongarden Traffic PS,1.04432e+16,2019,1,1,Road Accidents,Cross roads,City/Town,Near School or College,Human Error,No,Fatal,Hit pedestrian,Uncontrolled,Straight and flat,One way,Bitumen(Tar),Dry,No influence on accident,Clear,WILSONGARDEN 10TH CROSS,NEAR HOMBEGOWDANAGAER SCHOOL,1KM,12.947017,77.596321,0,0,0.0,0.0
Bengaluru City,Wilsongarden Traffic PS,1.04432e+16,2019,1,2,Road Accidents,Other,City/Town,Near a recreation place/cinema,Human Error,Yes,Grievous Injury,Hit and Run,Uncontrolled,Others,One way,Bitumen(Tar),Dry,No influence on accident,Fine,KASTHURABHA ROAD,NEAR KANTEERAVA STADIAM,3KM,12.97048,77.592061,0,0,0.0,0.0
Bengaluru City,Wilsongarden Traffic PS,1.04432e+16,2019,1,2,Road Accidents,Other,City/Town,Open area,Human Error,Yes,Simple Injury,Hit and Run,Uncontrolled,Others,Two way,Bitumen(Tar),Dry,No influence on accident,Fine,DR.MARIGOWDA ROAD,NEAR 10TH CROSS,1KM,0.0,0.0,0,0,0.0,0.0
Bengaluru City,Wilsongarden Traffic PS,1.04432e+16,2019,1,1,Road Accidents,Narrow road,City/Town,Near Hospital,Human Error,No,Grievous Injury,Not Applicable,Uncontrolled,Straight and flat,Two way,Bitumen(Tar),Dry,No influence on accident,Clear,DR.MARIGOWDA ROAD,NEAR ABHAYA HOSPITAL,1KM,12.946597,77.594839,0,0,0.0,0.0
Bengaluru City,Wilsongarden Traffic PS,1.04432e+16,2019,1,2,Road Accidents,Narrow road,City/Town,Open area,Human Error,Yes,Grievous Injury,Vehicle to Vehicle,Not at  Junction,Straight and flat,One way,Bitumen(Tar),Dry,No influence on accident,Clear,MALYA ROAD,NEAR RRMR JUNCTION,3 KM,12.967208,77.594965,0,0,0.0,0.0
Bengaluru City,Wilsongarden Traffic PS,1.04432e+16,2019,1,1,Road Accidents,Cross roads,City/Town,Near Hospital,Human Error,No,Grievous Injury,Hit pedestrian,Not Applicable,Others,City or Town Road,Concrete,Dry,No influence on accident,Clear,SAMPANGIRAMANAGR 12TH A CROSS,NEAR SINDHI HOSPITAL,2 KM,12.964349,77.592725,0,0,0.0,0.0
Bengaluru City,Wilsongarden Traffic PS,1.04432e+16,2019,1,2,Road Accidents,Narrow road,City/Town,Open area,Human Error,Yes,Grievous Injury,Vehicle to Vehicle,Not at  Junction,Others,One way,Bitumen(Tar),Dry,No influence on accident,Clear,LALBAGH ROAD,NEAR ICICI BANK,2 KM,12.959979,77.587485,0,0,0.0,0.0
Bengaluru City,Wilsongarden Traffic PS,1.04432e+16,2019,1,1,Road Accidents,Narrow road,City/Town,Open area,Human Error,No,Grievous Injury,Hit pedestrian,Not at  Junction,Others,Two way,Bitumen(Tar),Dry,No influence on accident,Clear,MISSION ROAD,NEAR ADLAB PHOTO STUDIO,2 KM,12.963333,77.590805,0,0,0.0,0.0
Bengaluru City,Wilsongarden Traffic PS,1.04432e+16,2019,1,2,Road Accidents,Narrow road,City/Town,Open area,Human Error,No,Grievous Injury,Vehicle to Vehicle,Uncontrolled,Others,Two way,Bitumen(Tar),Dry,No influence on accident,Clear,DR.MARIGOWDA ROAD,NEAR H M G COMPANY,1KM,0.0,0.0,0,0,0.0,0.0
Bengaluru City,Wilsongarden Traffic PS,1.04432e+16,2019,1,2,Road Accidents,Narrow road,City/Town,Open area,Human Error,No,Grievous Injury,Hit pedestrian,Uncontrolled,Others,Two way,Bitumen(Tar),Dry,No influence on accident,Fine,Lalbhag road near 4th cross,Nala road,2km,0.0,0.0,0,0,0.0,0.0
Bengaluru City,Wilsongarden Traffic PS,1.04432e+16,2019,1,1,Road Accidents,Narrow road,City/Town,Near Bus stop,Not Applicable,No,Fatal,Hit pedestrian,Uncontrolled,Not Applicable,One way,Bitumen(Tar),Dry,Not Applicable,Fine,DR.MAERIGOWDA ROAD,NEAR 7TH CROSS,1KM,0.0,0.0,0,0,0.0,0.0
Bengaluru City,Wilsongarden Traffic PS,1.04432e+16,2019,1,2,Road Accidents,Not Applicable,City/Town,Open area,Human Error,Yes,Damage Only,Vehicle to Vehicle,Uncontrolled,Others,Two way,Concrete,Dry,No influence on accident,Fine,NALA ROAD,KEB ELECRICAL POLE,2KM,0.0,0.0,0,0,0.0,0.0
Bengaluru City,Wilsongarden Traffic PS,1.04432e+16,2019,1,2,Road Accidents,Narrow road,City/Town,Near office complex,Human Error,Yes,Grievous Injury,Hit bicyclist,Uncontrolled,Straight and flat,Two way,Bitumen(Tar),Dry,No influence on accident,Clear,K H ROAD,NEAR V G P SHOW ROOM,1KM,12.961854,77.5945269,0,0,0.0,0.0
Bengaluru City,Wilsongarden Traffic PS,1.04432e+16,2019,1,2,Road Accidents,Junction,City/Town,Open area,Human Error,Yes,Damage Only,Vehicle to Vehicle,Signal lights Automatic,Straight and flat,Two way,Bitumen(Tar),Dry,No influence on accident,Clear,DR.MARIGOWDA ROAD,NEAR SIDDAPURA JUNCTION,1KM,0.0,0.0,0,0,0.0,0.0
Bengaluru City,Wilsongarden Traffic PS,1.04432e+16,2019,1,2,Road Accidents,Narrow road,City/Town,Open area,Human Error,No,Damage Only,Vehicle to Vehicle,Not at  Junction,Not Applicable,Two way,Bitumen(Tar),Dry,No influence on accident,Clear,MISSION ROAD,NEAR SUDHARSHAN BEKARI,3KM,12.962296,77.593719,0,0,0.0,0.0