DISTRICTNAME,UNITNAME,Crime_No,Year,RI,Noofvehicle_involved,Accident_Classification,Accident_Spot,Accident_Location,Accident_SubLocation,Main_Cause,Hit_Run,Severity,Collision_Type,Junction_Control,Road_Character,Road_Type,Surface_Type,Surface_Condition,Road_Condition,Weather,Accident_Road,Landmark_first,Distance_LandMark_First,Latitude,Longitude,Road_Condition_Score,Surface_Condition_Score,Surface_Type_Score,Road_Risk_Index
Bengaluru City,Wilsongarden Traffic PS,1.04432e+16,2021,1,1,Road Accidents,Not Applicable,City/Town,Open area,Human Error,No,Fatal,Not Applicable,Not at  Junction,Straight and flat,Arterial,Bitumen(Tar),Dry,No influence on accident,Clear,Raja Ram Mohan Ray Road,Near Keerthilals Jewellery,3km,0.0,0.0,0,0,0.0,0.0
Bengaluru City,Wilsongarden Traffic PS,1.04432e+16,2021,1,1,Road Accidents,Not Applicable,City/Town,Open area,Human Error,No,Grievous Injury,Hit pedestrian,Not at  Junction,Straight and flat,Arterial,Bitumen(Tar),Dry,No influence on accident,Clear,Raja Ram Mohan Ray Road,Near Kanteerava Stadium,3km,0.0,0.0,0,0,0.0,0.0
Bengaluru City,Wilsongarden Traffic PS,1.04432e+16,2021,1,2,Road Accidents,Narrow road,City/Town,Near Bus stop,Human Error,No,Grievous Injury,Vehicle to Vehicle,Uncontrolled,Others,One way,Bitumen(Tar),Dry,No influence on accident,Fine,R R M R ROAD,Near pallali talkies bus stand,2.5,0.0,0.0,0,0,0.0,0.0
Bengaluru City,Wilsongarden Traffic PS,1.04432e+16,2021,1,2,Road Accidents,Junction,City/Town,Near Petrol Pump,Human Error,No,Grievous Injury,Vehicle to Vehicle,Signal lights Not working,Others,Two way,Bitumen(Tar),Dry,No influence on accident,Clear,Dr.Marigowda road near 10th cross junction,Near Petrol bunk,600n,0.0,0.0,0,0,0.0,0.0
Bengaluru City,Wilsongarden Traffic PS,1.04432e+16,2021,1,2,Road Accidents,Narrow road,City/Town,Near Petrol Pump,Human Error,Yes,Fatal,Vehicle to Vehicle,Uncontrolled,Straight and flat,One way,Bitumen(Tar),Dry,No influence on accident,Clear,Lalbhag road,Near pasport office,1.5 km,0.0,0.0,0,0,0.0,0.0
Bengaluru City,Wilsongarden Traffic PS,1.04432e+16,2021,1,2,Road Accidents,Junction,City/Town,Open area,Human Error,No,Damage Only,Vehicle to Vehicle,Signal lights Automatic,Straight and flat,Two way,Bitumen(Tar),Dry,No influence on accident,Clear,Dr.Marigowda road,Near Siddapura Junction,300 mt,0.0,0.0,0,0,0.0,0.0
Bengaluru City,Wilsongarden Traffic PS,1.04432e+16,2021,1,2,Road Accidents,Not Applicable,City/Town,Open area,Human Error,No,Grievous Injury,Vehicle to Vehicle,Not at  Junction,Straight and flat,Sub Arterial,Bitumen(Tar),Dry,No influence on accident,Clear,Sampangi Ramanagara 1st Main Road,Near Maruthi Car Service Showroom,2 km,0.0,0.0,0,0,0.0,0.0
Bengaluru City,Wilsongarden Traffic PS,1.04432e+16,2021,1,2,Road Accidents,Not Applicable,City/Town,Narrow bridge or culverts,Human Error,Yes,Simple Injury,Vehicle to Vehicle,Not at  Junction,Straight and flat,Arterial,Bitumen(Tar),Dry,No influence on accident,Clear,On Richmond Flyover,Near to Saint joseph College,2 km,0.0,0.0,0,0,0.0,0.0
Bengaluru City,Wilsongarden Traffic PS,1.04432e+16,2021,1,2,Road Accidents,Not Applicable,City/Town,Open area,Human Error,No,Simple Injury,Vehicle to Vehicle,Not at  Junction,Straight and flat,Arterial,Bitumen(Tar),Dry,No influence on accident,Clear,Dr Marigouda Road,Near Abhaya Hospital,500m,0.0,0.0,0,0,0.0,0.0
Bengaluru City,Wilsongarden Traffic PS,1.04432e+16,2021,1,2,Road Accidents,Junction,City/Town,Residential area,Human Error,No,Grievous Injury,Hit pedestrian,Uncontrolled,Straight and flat,Two way,Bitumen(Tar),Dry,No influence on accident,Clear,7th cross 8th main  junction sampangiramanagara,7th main 8th cross junction,1.5,0.0,0.0,0,0,0.0,0.0
Bengaluru City,Wilsongarden Traffic PS,1.04432e+16,2021,1,1,Road Accidents,Narrow road,City/Town,Near Bus stop,Human Error,No,Grievous Injury,Hit pedestrian,Uncontrolled,Straight and flat,Others,Concrete,Dry,No influence on accident,Clear,SHANTHINAGARA INSIDE BMTC DEPO NO 2,INSIDE BMTC DEPO NO 2,600 m,0.0,0.0,0,0,0.0,0.0
Bengaluru City,Wilsongarden Traffic PS,1.04432e+16,2021,1,2,Road Accidents,Narrow road,City/Town,Open area,Human Error,No,Damage Only,Vehicle to Vehicle,Uncontrolled,Straight and flat,Two way,Bitumen(Tar),Dry,No influence on accident,Clear,Wilsongarden main road,Near janatha hotel,500mtr,0.0,0.0,0,0,0.0,0.0
Bengaluru City,Wilsongarden Traffic PS,1.04432e+16,2021,1,1,Road Accidents,Narrow road,City/Town,Open area,Human Error,No,Grievous Injury,Hit pedestrian,Uncontrolled,Others,Others,Bitumen(Tar),Dry,No influence on accident,Clear,H Siddaiah Road,Near Select hotel,700mtr,0.0,0.0,0,0,0.0,0.0
Bengaluru City,Wilsongarden Traffic PS,1.04432e+16,2021,1,1,Road Accidents,Narrow road,City/Town,Open area,Human Error,Yes,Grievous Injury,Not Applicable,Not at  Junction,Straight and flat,Sub Arterial,Bitumen(Tar),Dry,No influence on accident,Fine,KH Road,KH road flyover up ramp near,1 km,0.0,0.0,0,0,0.0,0.0
Bengaluru City,Wilsongarden Traffic PS,1.04432e+16,2021,1,2,Road Accidents,Not Applicable,City/Town,Open area,Human Error,Yes,Grievous Injury,Vehicle to Vehicle,Not at  Junction,Straight and flat,Arterial,Bitumen(Tar),Dry,No influence on accident,Clear,Raja Ram Mohan Ray Road,Near Bescom Office,2.8km,0.0,0.0,0,0,0.0,0.0
Bengaluru City,Wilsongarden Traffic PS,1.04432e+16,2021,1,2,Road Accidents,Not Applicable,City/Town,Open area,Human Error,Yes,Grievous Injury,Vehicle to Vehicle,Not at  Junction,Straight and flat,Sub Arterial,Bitumen(Tar),Dry,No influence on accident,Clear,BTS Road,Near 3rd Cross,500m,0.0,0.0,0,0,0.0,0.0
Bengaluru City,Wilsongarden Traffic PS,1.04432e+16,2021,1,2,Road Accidents,Narrow road,City/Town,Near Bus stop,Not Applicable,No,Simple Injury,Vehicle to Vehicle,No signal lights,Not Applicable,Others,Concrete,Dry,Not Applicable,Fine,BTS Road,Near Shanthingara Bus stop,600 m,0.0,0.0,0,0,0.0,0.0
Bengaluru City,Wilsongarden Traffic PS,1.04432e+16,2021,1,1,Road Accidents,Narrow road,City/Town,Open area,Human Error,No,Fatal,Not Applicable,Uncontrolled,Straight and flat,One way,Bitumen(Tar),Dry,No influence on accident,Clear,H Siddaiah Road,Near 6th Cross,1km,0.0,0.0,0,0,0.0,0.0
Bengaluru City,Wilsongarden Traffic PS,1.04432e+16,2021,1,1,Road Accidents,Not Applicable,City/Town,Near Bus stop,Human Error,Yes,Grievous Injury,Vehicle to Vehicle,Not at  Junction,Straight and flat,Arterial,Bitumen(Tar),Dry,No influence on accident,Clear,KH ROAD,Near KH Bus Stop,1 km,0.0,0.0,0,0,0.0,0.0
Bengaluru City,Wilsongarden Traffic PS,1.04432e+16,2021,1,1,Road Accidents,Not Applicable,City/Town,Open area,Human Error,No,Damage Only,Not Applicable,Not at  Junction,Straight and flat,Major District Road,Bitumen(Tar),Dry,No influence on accident,Clear,Dr Marigouda Road,Near 12 th Cross Juntion,600 m,0.0,0.0,0,0,0.0,0.0
Bengaluru City,Wilsongarden Traffic PS,1.04432e+16,2021,1,2,Road Accidents,Narrow road,City/Town,Open area,Human Error,Yes,Grievous Injury,Vehicle to Vehicle,Uncontrolled,Straight and flat,One way,Concrete,Dry,No influence on accident,Clear,Kasthuribha Road,Near Kanteerava stadiam bwssb water tank office,2.5 k,0.0,0.0,0,0,0.0,0.0
Bengaluru City,Wilsongarden Traffic PS,1.04432e+16,2021,1,1,Road Accidents,Narrow road,City/Town,Open area,Human Error,Yes,Damage Only,Not Applicable,Signal lights Automatic,Straight and flat,Two way,Bitumen(Tar),Dry,No influence on accident,Clear,Dr.Marigowda road,Near 12th cross,500mtr,0.0,0.0,0,0,0.0,0.0
Bengaluru City,Wilsongarden Traffic PS,1.04432e+16,2021,1,1,Road Accidents,Not Applicable,City/Town,Open area,Human Error,Yes,Grievous Injury,Hit pedestrian,Not at  Junction,Straight and flat,Arterial,Bitumen(Tar),Dry,No influence on accident,Clear,Dr Marigouda Road,Near Madhus tyres,500 m,0.0,0.0,0,0,0.0,0.0
Bengaluru City,Wilsongarden Traffic PS,1.04432e+16,2021,1,2,Road Accidents,Not Applicable,City/Town,Open area,Human Error,Yes,Simple Injury,Vehicle to Vehicle,Signal lights Automatic,Straight and flat,Arterial,Bitumen(Tar),Dry,No influence on accident,Clear,Dr Marigouda Road,Near Lalbagh Main Gate Junction,1.25km,0.0,0.0,0,0,0.0,0.0
Bengaluru City,Wilsongarden Traffic PS,1.04432e+16,2021,1,2,Road Accidents,Not Applicable,City/Town,Near Bus stop,Human Error,No,Fatal,Vehicle to Vehicle,Not at  Junction,Straight and flat,Arterial,Bitumen(Tar),Dry,No influence on accident,Clear,Raja Ram Mohan Ray Road,Near pallali talkies bus stand,2.5 km,0.0,0.0,0,0,0.0,0.0
Bengaluru City,Wilsongarden Traffic PS,1.04432e+16,2021,1,2,Road Accidents,Not Applicable,City/Town,Near Bus stop,Human Error,No,Grievous Injury,Vehicle to Vehicle,Not at  Junction,Straight and flat,Arterial,Bitumen(Tar),Dry,No influence on accident,Clear,Dr Marigouda Road,Near Ninhans Bus stop,2km,0.0,0.0,0,0,0.0,0.0
Bengaluru City,Wilsongarden Traffic PS,1.04432e+16,2021,1,2,Road Accidents,Junction,City/Town,Open area,Human Error,No,Grievous Injury,Vehicle to Vehicle,Signal lights Automatic,Straight and flat,Arterial,Bitumen(Tar),Dry,No influence on accident,Clear,Malya Road,Near Siddalingaiah Junction,3 km,0.0,0.0,0,0,0.0,0.0
Bengaluru City,Wilsongarden Traffic PS,1.04432e+16,2021,1,2,Road Accidents,Not Applicable,City/Town,Open area,Human Error,No,Grievous Injury,Vehicle to Vehicle,Not at  Junction,Straight and flat,Sub Arterial,Bitumen(Tar),Dry,No influence on accident,Clear,Wilson Garden 12th cross,Near Axia bank,700m,0.0,0.0,0,0,0.0,0.0
Bengaluru City,Wilsongarden Traffic PS,1.04432e+16,2021,1,1,Road Accidents,Narrow road,City/Town,Open area,Human Error,No,Grievous Injury,Hit pedestrian,Uncontrolled,Others,Two way,Bitumen(Tar),Dry,No influence on accident,Clear,K H Road,Near Union bank,1km,0.0,0.0,0,0,0.0,0.0
Bengaluru City,Wilsongarden Traffic PS,1.04432e+16,2021,1,2,Road Accidents,Junction,City/Town,Open area,Human Error,No,Damage Only,Vehicle to Vehicle,Controlled,Straight and flat,Two way,Bitumen(Tar),Dry,No influence on accident,Clear,Dr Marigowda Road,Near Siddapura Jn,300m,0.0,0.0,0,0,0.0,0.0
Bengaluru City,Wilsongarden Traffic PS,1.04432e+16,2021,1,2,Road Accidents,Not Applicable,City/Town,Open area,Human Error,No,Fatal,Vehicle to Vehicle,Not at  Junction,Straight and flat,Sub Arterial,Concrete,Dry,No influence on accident,Clear,BTS Depo Road,Near ISD Office,500m,0.0,0.0,0,0,0.0,0.0
Bengaluru City,Wilsongarden Traffic PS,1.04432e+16,2021,1,2,Road Accidents,Not Applicable,City/Town,Open area,Human Error,No,Grievous Injury,Vehicle to Vehicle,Not at  Junction,Straight and flat,Sub Arterial,Bitumen(Tar),Dry,No influence on accident,Clear,Wilson Garden Main Road,Near 4th Cross,300m,0.0,0.0,0,0,0.0,0.0
Bengaluru City,Wilsongarden Traffic PS,1.04432e+16,2021,1,2,Road Accidents,Not Applicable,City/Town,Open area,Human Error,No,Fatal,Vehicle to Vehicle,Not at  Junction,Straight and flat,Arterial,Bitumen(Tar),Dry,No influence on accident,Clear,Lalbagh Road,Near Dhigvijaya news Channel,1.5 km,0.0,0.0,0,0,0.0,0.0
Bengaluru City,Wilsongarden Traffic PS,1.04432e+16,2021,1,2,Road Accidents,Narrow road,City/Town,Open area,Not Applicable,No,Grievous Injury,Vehicle to Vehicle,Not at  Junction,Straight and flat,Sub Arterial,Bitumen(Tar),Dry,Not Applicable,Clear,Lalbhag road,Near maruti car showroom,1km,0.0,0.0,0,0,0.0,0.0
Bengaluru City,Wilsongarden Traffic PS,1.04432e+16,2021,1,2,Road Accidents,Not Applicable,City/Town,Open area,Human Error,No,Grievous Injury,Vehicle to Vehicle,Not at  Junction,Straight and flat,Arterial,Bitumen(Tar),Dry,No influence on accident,Clear,KH Road,Near KSRTC Office,2km,0.0,0.0,0,0,0.0,0.0
Bengaluru City,Wilsongarden Traffic PS,1.04432e+16,2021,1,1,Road Accidents,Narrow road,City/Town,Near Bus stop,Human Error,No,Grievous Injury,Hit pedestrian,Uncontrolled,Straight and flat,Two way,Concrete,Dry,No influence on accident,Clear,BTS ROAD,NEAR SHANTHINAGAR BUS STOP,Half,0.0,0.0,0,0,0.0,0.0
Bengaluru City,Wilsongarden Traffic PS,1.04432e+16,2021,1,2,Road Accidents,Junction,City/Town,Near Petrol Pump,Human Error,No,Damage Only,Vehicle to Vehicle,Signal lights Automatic,Others,Others,Bitumen(Tar),Dry,No influence on accident,Clear,K H Road,Shanthinagara junction,1km,0.0,0.0,0,0,0.0,0.0
Bengaluru City,Wilsongarden Traffic PS,1.04432e+16,2021,1,2,Road Accidents,Not Applicable,City/Town,Open area,Human Error,Yes,Grievous Injury,Vehicle to Vehicle,Not at  Junction,Straight and flat,Arterial,Bitumen(Tar),Dry,No influence on accident,Clear,Dr Marigouda Road,Near Dairy Circle Up Ramp,1km,0.0,0.0,0,0,0.0,0.0
Bengaluru City,Wilsongarden Traffic PS,1.04432e+16,2021,1,2,Road Accidents,Junction,City/Town,Near a recreation place/cinema,Human Error,No,Fatal,Vehicle to Vehicle,Signal lights Automatic,Straight and flat,Others,Bitumen(Tar),Dry,No influence on accident,Fine,Lalbagh Road Urvashi Junction,Near Urvashi Talkies,2km,12.955536,77.585737,0,0,0.0,0.0
Bengaluru City,Wilsongarden Traffic PS,1.04432e+16,2021,1,1,Road Accidents,Narrow road,City/Town,Residential area,Human Error,Yes,Grievous Injury,Hit pedestrian,Uncontrolled,Straight and flat,Two way,Bitumen(Tar),Dry,No influence on accident,Clear,"2nd main 2nd cross, Vinayakanagara",Opp House,1km,0.0,0.0,0,0,0.0,0.0
Bengaluru City,Wilsongarden Traffic PS,1.04432e+16,2021,1,4,Road Accidents,Junction,City/Town,Open area,Human Error,No,Simple Injury,Vehicle to Vehicle,Signal lights Blinking,Straight and flat,Arterial,Bitumen(Tar),Dry,No influence on accident,Clear,DR Marigowda road,10th cross junction,500 m,0.0,0.0,0,0,0.0,0.0
Bengaluru City,Wilsongarden Traffic PS,1.04432e+16,2021,1,2,Road Accidents,Narrow road,City/Town,Open area,Human Error,No,Grievous Injury,Vehicle to Vehicle,Uncontrolled,Straight and flat,One way,Bitumen(Tar),Dry,No influence on accident,Clear,R R M R ROAD,Near Mysore silk syari angadi,2.5,0.0,0.0,0,0,0.0,0.0
Bengaluru City,Wilsongarden Traffic PS,1.04432e+16,2021,1,1,Road Accidents,Junction,City/Town,Near Petrol Pump,Human Error,No,Damage Only,Not Applicable,Signal lights Manual,Straight and flat,Two way,Bitumen(Tar),Dry,No influence on accident,Clear,Dr.Marigowda road,Near 10th cross Junction,500mtr,0.0,0.0,0,0,0.0,0.0
Bengaluru City,Wilsongarden Traffic PS,1.04432e+16,2021,1,1,Road Accidents,Narrow road,City/Town,Open area,Human Error,No,Grievous Injury,Hit pedestrian,Uncontrolled,Straight and flat,One way,Bitumen(Tar),Dry,No influence on accident,Clear,Lalbagh Road,Near Gas Bunk,1.5 km,0.0,0.0,0,0,0.0,0.0
Bengaluru City,Wilsongarden Traffic PS,1.04432e+16,2021,1,2,Road Accidents,Not Applicable,City/Town,Open area,Human Error,Yes,Grievous Injury,Vehicle to Vehicle,Not at  Junction,Straight and flat,Arterial,Bitumen(Tar),Dry,No influence on accident,Clear,Raja Ram Mohan Ray Road,Near Bagemane Pallavi Tower,2.5 km,0.0,0.0,0,0,0.0,0.0
Bengaluru City,Wilsongarden Traffic PS,1.04432e+16,2021,1,2,Road Accidents,Not Applicable,City/Town,Open area,Human Error,No,Grievous Injury,Vehicle to Vehicle,Not at  Junction,Straight and flat,Arterial,Bitumen(Tar),Dry,No influence on accident,Clear,Raja Ram Mohan Ray Road,Near Lexus Show Room,3 km,0.0,0.0,0,0,0.0,0.0
Bengaluru City,Wilsongarden Traffic PS,1.04432e+16,2021,1,2,Road Accidents,Not Applicable,City/Town,Open area,Human Error,No,Grievous Injury,Vehicle to Vehicle,Signal lights Blinking,Straight and flat,Arterial,Bitumen(Tar),Dry,No influence on accident,Clear,Dr Marigouda Road,Near 10 cross Junction,500m,0.0,0.0,0,0,0.0,0.0
Bengaluru City,Wilsongarden Traffic PS,1.04432e+16,2021,1,2,Road Accidents,Not Applicable,City/Town,Open area,Human Error,No,Grievous Injury,Vehicle to Vehicle,Signals (Working),Straight and flat,Arterial,Bitumen(Tar),Dry,No influence on accident,Clear,K H Road,Near Shanthingara Jn,2km,0.0,0.0,0,0,0.0,0.0
Bengaluru City,Wilsongarden Traffic PS,1.04432e+16,2021,1,2,Road Accidents,Not Applicable,City/Town,Open area,Human Error,No,Grievous Injury,Vehicle to Vehicle,Not at  Junction,Straight and flat,Arterial,Bitumen(Tar),Dry,No influence on accident,Clear,Devanga Road,Near Hudson Circle,3 km,0.0,0.0,0,0,0.0,0.0
Bengaluru City,Wilsongarden Traffic PS,1.04432e+16,2021,1,2,Road Accidents,Narrow road,City/Town,Open area,Human Error,No,Grievous Injury,Vehicle to Vehicle,Uncontrolled,Straight and flat,One way,Concrete,Dry,No influence on accident,Clear,R R M R ROAD,Near Kanteerava stadiam main gate,2.5 km,0.0,0.0,0,0,0.0,0.0
Bengaluru City,Wilsongarden Traffic PS,1.04432e+16,2022,1,1,Road Accidents,Narrow road,City/Town,Open area,Human Error,No,Grievous Injury,Hit pedestrian,Not Applicable,Others,One way,Bitumen(Tar),Dry,No influence on accident,Clear,Wilsongarden 12th Cross,Near S P R Bar,500mtr,0.0,0.0,0,0,0.0,0.0
Bengaluru City,Wilsongarden Traffic PS,1.04432e+16,2022,1,2,Road Accidents,Junction,City/Town,Near Hospital,Human Error,No,Grievous Injury,Vehicle to Vehicle,Signal lights Automatic,Straight and flat,Others,Bitumen(Tar),Dry,No influence on accident,Clear,Kalingarao road,Near Devanga junction,2.5 km,0.0,0.0,0,0,0.0,0.0
Bengaluru City,Wilsongarden Traffic PS,1.04432e+16,2022,1,1,Road Accidents,Curves,City/Town,Near School or College,Human Error,No,Grievous Injury,Vehicle to Vehicle,Not at  Junction,Curve,Arterial,Bitumen(Tar),Dry,No influence on accident,Clear,DR. Marigowda road,Alah Ameene colleage near,1 km,0.0,0.0,0,0,0.0,0.0
Bengaluru City,Wilsongarden Traffic PS,1.04432e+16,2022,1,1,Road Accidents,Narrow road,City/Town,Open area,Human Error,No,Grievous Injury,Hit pedestrian,Uncontrolled,Straight and flat,Two way,Bitumen(Tar),Dry,No influence on accident,Clear,Dr.Marigowda road,Near R R Bar,300mtr,0.0,0.0,0,0,0.0,0.0
Bengaluru City,Wilsongarden Traffic PS,1.04432e+16,2022,1,2,Road Accidents,Narrow road,City/Town,Open area,Human Error,No,Grievous Injury,Vehicle to Vehicle,Uncontrolled,Straight and flat,Two way,Bitumen(Tar),Dry,No influence on accident,Clear,Wilsongarden 7th main 9th cross,Near Ramamandira Temple,200mts,0.0,0.0,0,0,0.0,0.0
Bengaluru City,Wilsongarden Traffic PS,1.04432e+16,2022,1,2,Road Accidents,Junction,City/Town,Open area,Human Error,No,Damage Only,Vehicle to Vehicle,Signal lights Automatic,Straight and flat,Sub Arterial,Bitumen(Tar),Dry,No influence on accident,Clear,Wilsongarden 12th Cross,Near Shanthi Churcu,700mtr,0.0,0.0,0,0,0.0,0.0
Bengaluru City,Wilsongarden Traffic PS,1.04432e+16,2022,1,1,Road Accidents,Narrow road,City/Town,Near Bus stop,Human Error,No,Simple Injury,Hit pedestrian,Not at  Junction,Straight and flat,Others,Bitumen(Tar),Dry,No influence on accident,Fine,Dr Marigouda Road,Shanthi nagara BMTC Bus stop,500 m,0.0,0.0,0,0,0.0,0.0
Bengaluru City,Wilsongarden Traffic PS,1.04432e+16,2022,1,2,Road Accidents,Narrow road,City/Town,Open area,Human Error,No,Grievous Injury,Vehicle to Vehicle,Not at  Junction,Others,Others,Concrete,Dry,No influence on accident,Clear,B.T.S Road,Near BWSSB Querters,500 m,0.0,0.0,0,0,0.0,0.0
Bengaluru City,Wilsongarden Traffic PS,1.04432e+16,2022,1,2,Road Accidents,Narrow road,City/Town,Near Bus stop,Human Error,Yes,Fatal,Vehicle to Vehicle,Not at  Junction,Straight and flat,Arterial,Bitumen(Tar),Dry,No influence on accident,Clear,DR. Marigowda road,Near veking crene service centre,500,0.0,0.0,0,0,0.0,0.0
Bengaluru City,Wilsongarden Traffic PS,1.04432e+16,2022,1,2,Road Accidents,Narrow road,City/Town,Near Petrol Pump,Human Error,No,Grievous Injury,Vehicle to Vehicle,Not at  Junction,Others,Others,Bitumen(Tar),Dry,No influence on accident,Fine,DR. Marigowda road,near indian petrol bunk,1 km,0.0,0.0,0,0,0.0,0.0
Bengaluru City,Wilsongarden Traffic PS,1.04432e+16,2022,1,1,Road Accidents,Junction,City/Town,At pedestrian Crossing,Human Error,Yes,Fatal,Hit pedestrian,Signal lights Automatic,Straight and flat,Arterial,Bitumen(Tar),Dry,No influence on accident,Clear,Lalbhag Road,Near Poornima junction,2km,0.0,0.0,0,0,0.0,0.0
Bengaluru City,Wilsongarden Traffic PS,1.04432e+16,2022,1,2,Road Accidents,Narrow road,City/Town,Near Bus stop,Human Error,No,Simple Injury,Vehicle to Vehicle,Uncontrolled,Others,Arterial,Bitumen(Tar),Dry,No influence on accident,Clear,Lalbagh Road,Near Honda Show room,1.5 km,0.0,0.0,0,0,0.0,0.0
Bengaluru City,Wilsongarden Traffic PS,1.04432e+16,2022,1,2,Road Accidents,Narrow road,City/Town,Near Bus stop,Human Error,Yes,Grievous Injury,Hit pedestrian,Not at  Junction,Straight and flat,Others,Bitumen(Tar),Dry,No influence on accident,Light Rain,DR. Marigowda road,lakkasandra bus stop,1 km,0.0,0.0,0,0,0.0,0.0
Bengaluru City,Wilsongarden Traffic PS,1.04432e+16,2022,1,1,Road Accidents,Narrow road,City/Town,Open area,Human Error,No,Fatal,Vehicle to Vehicle,Not at  Junction,Straight and flat,Sub Arterial,Bitumen(Tar),Dry,No influence on accident,Clear,Wilson garden main road,Near Purnima hotel,500mtr,0.0,0.0,0,0,0.0,0.0
Bengaluru City,Wilsongarden Traffic PS,1.04432e+16,2022,1,2,Road Accidents,Narrow road,City/Town,Near School or College,Human Error,No,Grievous Injury,Vehicle to Vehicle,Not at  Junction,Straight and flat,Two way,Bitumen(Tar),Dry,No influence on accident,Fine,near outrich school,NEAR GFC HOTEL,300 MT,0.0,0.0,0,0,0.0,0.0
Bengaluru City,Wilsongarden Traffic PS,1.04432e+16,2022,1,1,Road Accidents,Junction,City/Town,At pedestrian Crossing,Human Error,No,Grievous Injury,Hit pedestrian,Signals (Working),Curve and Incline,Arterial,Bitumen(Tar),Dry,Not Applicable,Clear,Lalbhagh main road near main Gate,Lalbhagh main road near main Gate,1.5 km,0.0,0.0,0,0,0.0,0.0
Bengaluru City,Wilsongarden Traffic PS,1.04432e+16,2022,1,1,Road Accidents,Narrow road,City/Town,Near Bus stop,Human Error,No,Grievous Injury,Hit pedestrian,Uncontrolled,Straight and flat,Sub Arterial,Bitumen(Tar),Dry,No influence on accident,Clear,Dr.Marigowda road,Near H M G Company,400mtr,0.0,0.0,0,0,0.0,0.0
Bengaluru City,Wilsongarden Traffic PS,1.04432e+16,2022,1,2,Road Accidents,Junction,City/Town,Residential area,Human Error,No,Simple Injury,Vehicle to Vehicle,Uncontrolled,Others,Sub Arterial,Bitumen(Tar),Dry,No influence on accident,Fine,2nd main 5th cross junction,2nd main 5th cross junction,400mtr,0.0,0.0,0,0,0.0,0.0
Bengaluru City,Wilsongarden Traffic PS,1.04432e+16,2022,1,1,Road Accidents,Narrow road,City/Town,Open area,Human Error,No,Grievous Injury,Not Applicable,Uncontrolled,Others,Two way,Bitumen(Tar),Dry,No influence on accident,Clear,Mission road,Near flyover upramp,1.5 km,0.0,0.0,0,0,0.0,0.0
Bengaluru City,Wilsongarden Traffic PS,1.04432e+16,2022,1,2,Road Accidents,Junction,City/Town,Residential area,Human Error,No,Grievous Injury,Vehicle to Vehicle,Uncontrolled,Others,Arterial,Bitumen(Tar),Dry,No influence on accident,Clear,Wilsongarden 2nd main 5th cross Junction,Near Durga Store,500 m,0.0,0.0,0,0,0.0,0.0
Bengaluru City,Wilsongarden Traffic PS,1.04432e+16,2022,1,1,Road Accidents,Junction,City/Town,Near Bus stop,Human Error,No,Grievous Injury,Hit pedestrian,Signal lights Automatic,Others,One way,Bitumen(Tar),Dry,No influence on accident,Clear,Lalbhag road,Near Poorima junction,1.5 km,0.0,0.0,0,0,0.0,0.0
Bengaluru City,Wilsongarden Traffic PS,1.04432e+16,2022,1,2,Road Accidents,Narrow road,City/Town,Near office complex,Vehicle Defect,Yes,Damage Only,Vehicle to Vehicle,Not at  Junction,Straight and flat,Others,Bitumen(Tar),Dry,No influence on accident,Fine,R R M R Road,Richmond Circle,1.5 Km,0.0,0.0,0,0,0.0,0.0
Bengaluru City,Wilsongarden Traffic PS,1.04432e+16,2022,1,2,Road Accidents,Junction,City/Town,Open area,Human Error,No,Grievous Injury,Vehicle to Vehicle,Controlled,Straight and flat,Others,Bitumen(Tar),Dry,No influence on accident,Fine,lalbagh road,poornima junction,3 km,0.0,0.0,0,0,0.0,0.0
Bengaluru City,Wilsongarden Traffic PS,1.04432e+16,2022,1,1,Road Accidents,Narrow road,City/Town,Near School or College,Human Error,No,Grievous Injury,Hit pedestrian,Not at  Junction,Steep Incline or Climb,Others,Bitumen(Tar),Dry,No influence on accident,Fine,VINAYAKANAGARA,IN FRONT OF MOTHER MARY SCHOOL,2KM,0.0,0.0,0,0,0.0,0.0
Bengaluru City,Wilsongarden Traffic PS,1.04432e+16,2022,1,1,Road Accidents,Not Applicable,City/Town,Near Bus stop,Human Error,No,Grievous Injury,Not Applicable,Not at  Junction,Straight and flat,Sub Arterial,Bitumen(Tar),Dry,No influence on accident,Clear,KH Road,Musilm Barial Ground,500mtr,0.0,0.0,0,0,0.0,0.0