DISTRICTNAME,UNITNAME,Crime_No,Year,RI,Noofvehicle_involved,Accident_Classification,Accident_Spot,Accident_Location,Accident_SubLocation,Main_Cause,Hit_Run,Severity,Collision_Type,Junction_Control,Road_Character,Road_Type,Surface_Type,Surface_Condition,Road_Condition,Weather,Accident_Road,Landmark_first,Distance_LandMark_First,Latitude,Longitude,Road_Condition_Score,Surface_Condition_Score,Surface_Type_Score,Road_Risk_Index
Bengaluru City,Yelahanka Traffic PS,1.04432e+16,2017,1,1,Rail Road Accidents,Other,City/Town,Near Petrol Pump,Human Error,No,Damage Only,Hit fixed object,Uncontrolled,Slight Curve,City or Town Road,Bitumen(Tar),Dry,No influence on accident,Clear,Jakkur Road,Electrical Pole,55 F,0.0,0.0,0,0,0.0,0.0
Bengaluru City,Yelahanka Traffic PS,1.04432e+16,2017,1,2,Road Accidents,Railway crossing,City/Town,Near School or College,Human Error,Yes,Grievous Injury,Side swipe,Uncontrolled,Straight and flat,City or Town Road,Bitumen(Tar),Dry,No influence on accident,Clear,Yelahanka Main Road,Electric Pole,50 F,0.0,0.0,0,0,0.0,0.0
Bengaluru City,Yelahanka Traffic PS,1.04432e+16,2017,1,2,Road Accidents,Junction,City/Town,Open area,Human Error,Yes,Grievous Injury,Rear end,Uncontrolled,Straight and flat,City or Town Road,Bitumen(Tar),Dry,No influence on accident,Cloudy,Vidyaranyapura Main Road,Electric Pole,50 F,0.0,0.0,0,0,0.0,0.0
Bengaluru City,Yelahanka Traffic PS,1.04432e+16,2017,1,2,Road Accidents,Cross roads,City/Town,Near office complex,Human Error,No,Damage Only,Overturning,Uncontrolled,Straight and flat,NH,Bitumen(Tar),Dry,No influence on accident,Clear,NEAR 118FT ELECRICAL POL,NEAR 118FT ELECRICAL POL,118,0.0,0.0,0,0,0.0,0.0
Bengaluru City,Yelahanka Traffic PS,1.04432e+16,2017,1,1,Road Accidents,Narrow road,City/Town,Residential area,Human Error,No,Fatal,Hit fixed object,Not Applicable,Curve,City or Town Road,Bitumen(Tar),Dry,No influence on accident,Clear,Hesarughatta Main Road,Electric Pole,50 F,0.0,0.0,0,0,0.0,0.0
Bengaluru City,Yelahanka Traffic PS,1.04432e+16,2017,1,2,Road Accidents,Narrow road,City/Town,Residential area,Human Error,No,Simple Injury,Head on,No signal lights,Straight and flat,City or Town Road,Bitumen(Tar),Dry,No influence on accident,Clear,PALHALLI GEAT,ELECTRICAL,50FEET,0.0,0.0,0,0,0.0,0.0
Bengaluru City,Yelahanka Traffic PS,1.04432e+16,2017,1,2,Road Accidents,Cross roads,City/Town,Near Bus stop,Human Error,No,Simple Injury,Head on,Uncontrolled,Curve,NH,Bitumen(Tar),Dry,No influence on accident,Cloudy,B.B. ROAD YELAHANKA,NEAR VENKATALA BUS STOP,50FT,0.0,0.0,0,0,0.0,0.0
Bengaluru City,Yelahanka Traffic PS,1.04432e+16,2017,1,2,Road Accidents,Narrow road,City/Town,Near School or College,Human Error,No,Fatal,Others,Uncontrolled,Straight and flat,NH,Bitumen(Tar),Dry,No influence on accident,Cloudy,B.B.Road,Electric Pole,50 F,0.0,0.0,0,0,0.0,0.0
Bengaluru City,Yelahanka Traffic PS,1.04432e+16,2017,1,1,Road Accidents,Narrow road,City/Town,Near office complex,Human Error,No,Damage Only,Others,Uncontrolled,Straight and flat,NH,Bitumen(Tar),Dry,No influence on accident,Clear,B.B.Road,Electric Pole,15 F,0.0,0.0,0,0,0.0,0.0
Bengaluru City,Yelahanka Traffic PS,1.04432e+16,2017,1,2,Road Accidents,Narrow road,City/Town,Near School or College,Human Error,No,Simple Injury,Rear end,Uncontrolled,Straight and flat,NH,Bitumen(Tar),Dry,No influence on accident,Clear,B.B.Road,Electric Pole,50 F,0.0,0.0,0,0,0.0,0.0
Bengaluru City,Yelahanka Traffic PS,1.04432e+16,2017,1,2,Road Accidents,Narrow road,City/Town,Near office complex,Human Error,Yes,Grievous Injury,Head on,Uncontrolled,Straight and flat,Others,Bitumen(Tar),Dry,No influence on accident,Clear,Hunasamaranahalli Road,Shop,65 F,0.0,0.0,0,0,0.0,0.0
Bengaluru City,Yelahanka Traffic PS,1.04432e+16,2017,1,2,Road Accidents,Narrow road,City/Town,Near Bus stop,Human Error,No,Simple Injury,Others,Uncontrolled,Straight and flat,State Highway,Bitumen(Tar),Dry,No influence on accident,Fine,D.B.Pura Main road,Electric Pole,65 F,0.0,0.0,0,0,0.0,0.0
Bengaluru City,Yelahanka Traffic PS,1.04432e+16,2017,1,2,Road Accidents,Narrow road,City/Town,Residential area,Human Error,No,Damage Only,Others,Uncontrolled,Straight and flat,City or Town Road,Bitumen(Tar),Dry,No influence on accident,Fine,Yelahanka New Twon Road,Electric Pole,65 F,0.0,0.0,0,0,0.0,0.0
Bengaluru City,Yelahanka Traffic PS,1.04432e+16,2017,1,2,Road Accidents,Narrow road,City/Town,Residential area,Human Error,Yes,Grievous Injury,Head on,Uncontrolled,Straight and flat,City or Town Road,Bitumen(Tar),Dry,No influence on accident,Clear,Attur Kempanahalli Main Road,Residence,65 F,0.0,0.0,0,0,0.0,0.0
Bengaluru City,Yelahanka Traffic PS,1.04432e+16,2017,1,1,Road Accidents,Junction,City/Town,Near office complex,Human Error,No,Grievous Injury,Hit pedestrian,Police / Manual,Straight and flat,City or Town Road,Bitumen(Tar),Dry,No influence on accident,Clear,MSU Road,Residence,85 F,0.0,0.0,0,0,0.0,0.0
Bengaluru City,Yelahanka Traffic PS,1.04432e+16,2017,1,2,Road Accidents,Other,City/Town,Residential area,Human Error,No,Simple Injury,Rear end,Uncontrolled,Straight and flat,NH,Bitumen(Tar),Dry,No influence on accident,Cloudy,B.B.Road,Electric Pole,50 F,0.0,0.0,0,0,0.0,0.0
Bengaluru City,Yelahanka Traffic PS,1.04432e+16,2017,1,3,Road Accidents,Culvert,City/Town,Near Petrol Pump,Human Error,Yes,Damage Only,Rear end,Uncontrolled,Straight and flat,NH,Bitumen(Tar),Dry,No influence on accident,Clear,B.B.road,Electric Pole,50 F,0.0,0.0,0,0,0.0,0.0
Bengaluru City,Yelahanka Traffic PS,1.04432e+16,2017,1,2,Road Accidents,Narrow road,City/Town,Residential area,Human Error,No,Simple Injury,Others,Uncontrolled,Straight and flat,State Highway,Bitumen(Tar),Dry,No influence on accident,Clear,D.B.Pura Main Road,Electric Pole,50 F,0.0,0.0,0,0,0.0,0.0
Bengaluru City,Yelahanka Traffic PS,1.04432e+16,2017,1,2,Road Accidents,Narrow road,City/Town,Residential area,Human Error,No,Fatal,Side swipe,Uncontrolled,Straight and flat,City or Town Road,Bitumen(Tar),Dry,No influence on accident,Clear,MSU Road,Electric Pole,65 F,0.0,0.0,0,0,0.0,0.0
Bengaluru City,Yelahanka Traffic PS,1.04432e+16,2017,1,2,Road Accidents,Junction,City/Town,Residential area,Human Error,No,Grievous Injury,Hit pedestrian,Uncontrolled,Straight and flat,City or Town Road,Bitumen(Tar),Dry,No influence on accident,Clear,4th Phase Main Road,Electric Pole,60 F,0.0,0.0,0,0,0.0,0.0
Bengaluru City,Yelahanka Traffic PS,1.04432e+16,2017,1,2,Road Accidents,Junction,City/Town,Residential area,Human Error,Yes,Simple Injury,Hit and Run,Controlled,Curve,City or Town Road,Bitumen(Tar),Dry,No influence on accident,Clear,"RAILIS COLONY VEERSAHGARA MAIN ROAD ATTUR LAYOUT,YELAHANKA",ELICTRICAL POL,118FEE,0.0,0.0,0,0,0.0,0.0
Bengaluru City,Yelahanka Traffic PS,1.04432e+16,2017,1,2,Road Accidents,Cross roads,City/Town,Near Bus stop,Human Error,Yes,Simple Injury,Hit and Run,Uncontrolled,Straight and flat,Others,Bitumen(Tar),Dry,No influence on accident,Clear,ELECTRICAL POL,ELECTRICAL POL,120FT,0.0,0.0,0,0,0.0,0.0
Bengaluru City,Yelahanka Traffic PS,1.04432e+16,2017,1,1,Rail Road Accidents,Narrow road,City/Town,Residential area,Human Error,Yes,Simple Injury,Hit pedestrian,Not at  Junction,Gentle Incline or Climb,City or Town Road,Bitumen(Tar),Dry,No influence on accident,Cloudy,NEAR AYYAPPA STEEL STORE SMBRAM COLLGE ROAD,ELICTRICAL POL,158FEE,0.0,0.0,0,0,0.0,0.0
Bengaluru City,Yelahanka Traffic PS,1.04432e+16,2017,1,1,Road Accidents,Narrow road,City/Town,Near office complex,Human Error,No,Fatal,Hit pedestrian,Uncontrolled,Straight and flat,NH,Bitumen(Tar),Dry,No influence on accident,Cloudy,B.B.Road,Electric Pole,65 F,0.0,0.0,0,0,0.0,0.0
Bengaluru City,Yelahanka Traffic PS,1.04432e+16,2017,1,2,Road Accidents,Junction,City/Town,Near a religious place,Human Error,Yes,Fatal,Rear end,Uncontrolled,Curve,NH,Bitumen(Tar),Dry,No influence on accident,Clear,B.B.Service Road,Electric Pole,55 F,0.0,0.0,0,0,0.0,0.0
Bengaluru City,Yelahanka Traffic PS,1.04432e+16,2017,1,2,Road Accidents,Other,City/Town,Near Bus stop,Human Error,Yes,Damage Only,Rear end,Controlled,Straight and flat,NH,Bitumen(Tar),Dry,No influence on accident,Clear,B.B.Road,Electric Pole,55 F,0.0,0.0,0,0,0.0,0.0
Bengaluru City,Yelahanka Traffic PS,1.04432e+16,2017,1,2,Road Accidents,Junction,City/Town,Near Bus stop,Human Error,Yes,Grievous Injury,Others,Signals (Working),Straight and flat,NH,Bitumen(Tar),Dry,No influence on accident,Clear,B.B.Road,Petrol Bunk,85 F,0.0,0.0,0,0,0.0,0.0
Bengaluru City,Yelahanka Traffic PS,1.04432e+16,2017,1,1,Rail Road Accidents,Narrow road,City/Town,Near office complex,Human Error,Yes,Fatal,Hit pedestrian,Uncontrolled,Straight and flat,City or Town Road,Bitumen(Tar),Dry,No influence on accident,Clear,Allalasandra Road,Electric Pole,32 F,0.0,0.0,0,0,0.0,0.0
Bengaluru City,Yelahanka Traffic PS,1.04432e+16,2017,1,2,Road Accidents,Junction,City/Town,Near Bus stop,Human Error,Yes,Grievous Injury,Others,Signals (Working),Straight and flat,State Highway,Bitumen(Tar),Dry,No influence on accident,Cloudy,D.B.Pura Main Road,Electric Pole,68 F,0.0,0.0,0,0,0.0,0.0
Bengaluru City,Yelahanka Traffic PS,1.04432e+16,2017,1,2,Road Accidents,Other,City/Town,Near office complex,Human Error,No,Damage Only,Rear end,Uncontrolled,Straight and flat,NH,Bitumen(Tar),Dry,No influence on accident,Cloudy,B.B.Road,Electric Pole,50 F,0.0,0.0,0,0,0.0,0.0
Bengaluru City,Yelahanka Traffic PS,1.04432e+16,2017,1,1,Road Accidents,Narrow road,City/Town,Near Bus stop,Human Error,No,Damage Only,Hit fixed object,Uncontrolled,Straight and flat,NH,Bitumen(Tar),Dry,No influence on accident,Clear,B.B.Road,Electric Pole,50 F,0.0,0.0,0,0,0.0,0.0
Bengaluru City,Yelahanka Traffic PS,1.04432e+16,2017,1,2,Road Accidents,Narrow road,City/Town,In bazaar,Human Error,No,Damage Only,Rear end,Uncontrolled,Straight and flat,NH,Bitumen(Tar),Dry,No influence on accident,Cloudy,B.B.road,Electric Pole,50 F,0.0,0.0,0,0,0.0,0.0
Bengaluru City,Yelahanka Traffic PS,1.04432e+16,2017,1,2,Road Accidents,Narrow road,City/Town,Near School or College,Human Error,No,Damage Only,Rear end,Uncontrolled,Straight and flat,NH,Bitumen(Tar),Dry,No influence on accident,Clear,B.B.road,Electric Pole,50 F,0.0,0.0,0,0,0.0,0.0
Bengaluru City,Yelahanka Traffic PS,1.04432e+16,2017,1,2,Road Accidents,Narrow road,City/Town,Near Petrol Pump,Human Error,Yes,Grievous Injury,Head on,Uncontrolled,Straight and flat,City or Town Road,Bitumen(Tar),Dry,No influence on accident,Cloudy,Kogilu Main Road,Electric Pole,50 F,0.0,0.0,0,0,0.0,0.0
Bengaluru City,Yelahanka Traffic PS,1.04432e+16,2017,1,2,Road Accidents,Narrow road,City/Town,Open area,Human Error,No,Grievous Injury,Rear end,Uncontrolled,Straight and flat,NH,Bitumen(Tar),Dry,No influence on accident,Cloudy,B.B.Road,Electric Pole,50 F,0.0,0.0,0,0,0.0,0.0
Bengaluru City,Yelahanka Traffic PS,1.04432e+16,2017,1,2,Road Accidents,Other,City/Town,Near office complex,Human Error,No,Grievous Injury,Side swipe,Uncontrolled,Straight and flat,City or Town Road,Bitumen(Tar),Dry,No influence on accident,Cloudy,Sheshadripuram Road,Elctric Pole,50 F,0.0,0.0,0,0,0.0,0.0
Bengaluru City,Yelahanka Traffic PS,1.04432e+16,2017,1,1,Road Accidents,Cross roads,City/Town,At pedestrian Crossing,Human Error,No,Simple Injury,Hit pedestrian,Uncontrolled,Straight and flat,Residential Street,Bitumen(Tar),Dry,No influence on accident,Clear,MANJUNATH SERVICE STATION,MANJUNATH SERVICE STATION,118FT,0.0,0.0,0,0,0.0,0.0
Bengaluru City,Yelahanka Traffic PS,1.04432e+16,2017,1,2,Road Accidents,Cross roads,City/Town,Near Hospital,Human Error,No,Simple Injury,Rear end,Uncontrolled,Straight and flat,Service Road,Bitumen(Tar),Dry,No influence on accident,Clear,NEAR MANASA HOSPITAL,NEAR MANASA HOSPITAL,150FT,0.0,0.0,0,0,0.0,0.0
Bengaluru City,Yelahanka Traffic PS,1.04432e+16,2017,1,1,Road Accidents,Narrow road,City/Town,Open area,Human Error,No,Fatal,Hit fixed object,Uncontrolled,Straight and flat,NH,Bitumen(Tar),Dry,No influence on accident,Clear,B.B.Road,Electric Pole,50 F,0.0,0.0,0,0,0.0,0.0
Bengaluru City,Yelahanka Traffic PS,1.04432e+16,2017,1,2,Road Accidents,Narrow road,City/Town,Near Bus stop,Human Error,Yes,Damage Only,Rear end,Uncontrolled,Curve,City or Town Road,Bitumen(Tar),Dry,No influence on accident,Clear,Railway station bus stop nera yelahanka,Elctrical pol,120f,0.0,0.0,0,0,0.0,0.0
Bengaluru City,Yelahanka Traffic PS,1.04432e+16,2017,1,2,Road Accidents,Cross roads,City/Town,Near a religious place,Human Error,No,Damage Only,Rear end,Uncontrolled,Straight and flat,State Highway,Bitumen(Tar),Dry,No influence on accident,Clear,YELAHANKA CIRCLE,BESCOM OFFICE,85FT,0.0,0.0,0,0,0.0,0.0
Bengaluru City,Yelahanka Traffic PS,1.04432e+16,2017,1,2,Road Accidents,Culvert,City/Town,Narrow bridge or culverts,Human Error,Yes,Simple Injury,Hit and Run,Not at  Junction,Curve and Incline,City or Town Road,Bitumen(Tar),Dry,No influence on accident,Clear,NEAR ALLALSANDRA BRIDGE,ELCTRICAL POL,90FEET,0.0,0.0,0,0,0.0,0.0
Bengaluru City,Yelahanka Traffic PS,1.04432e+16,2017,1,3,Road Accidents,Junction,City/Town,Near Petrol Pump,Vehicle Defect,Yes,Damage Only,Hit and Run,Controlled,Curve,NH,Bitumen(Tar),Dry,No influence on accident,Clear,NH,elctrical pol,70feet,0.0,0.0,0,0,0.0,0.0
Bengaluru City,Yelahanka Traffic PS,1.04432e+16,2017,1,1,Road Accidents,Narrow road,City/Town,Residential area,Human Error,Yes,Simple Injury,Hit pedestrian,Not Applicable,Curve and Incline,City or Town Road,Bitumen(Tar),Dry,No influence on accident,Clear,THINDLU MAIN ROAD NEAR KENRA BANK VIDYRANYAPURA,ELICTRICAL POL,60FEET,0.0,0.0,0,0,0.0,0.0
Bengaluru City,Yelahanka Traffic PS,1.04432e+16,2017,1,2,Road Accidents,Circle,City/Town,Near a religious place,Human Error,Yes,Simple Injury,Hit and Run,Uncontrolled,Curve and Incline,City or Town Road,Bitumen(Tar),Dry,No influence on accident,Clear,BEL LYAOUT 2ND BLOCK 1ST MAIN RAYMOND SHOWROOM NEAR VIDYARANYAPURA,ELICTRICAL POL,40FEET,0.0,0.0,0,0,0.0,0.0
Bengaluru City,Yelahanka Traffic PS,1.04432e+16,2017,1,2,Road Accidents,Narrow road,City/Town,Near office complex,Human Error,Yes,Grievous Injury,Side swipe,Uncontrolled,Straight and flat,City or Town Road,Bitumen(Tar),Dry,No influence on accident,Clear,MSU Road,Electric Pole,50 F,0.0,0.0,0,0,0.0,0.0
Bengaluru City,Yelahanka Traffic PS,1.04432e+16,2017,1,2,Road Accidents,Narrow road,City/Town,Open area,Human Error,Yes,Grievous Injury,Rear end,Uncontrolled,Straight and flat,NH,Bitumen(Tar),Dry,No influence on accident,Cloudy,B.B.Road,Electric Pole,50 F,0.0,0.0,0,0,0.0,0.0
Bengaluru City,Yelahanka Traffic PS,1.04432e+16,2017,1,2,Road Accidents,Junction,City/Town,Near Petrol Pump,Human Error,No,Grievous Injury,Side swipe,Signal lights Automatic,Straight and flat,NH,Bitumen(Tar),Dry,No influence on accident,Cloudy,B.B.road,Electric Pole,50 F,0.0,0.0,0,0,0.0,0.0
Bengaluru City,Yelahanka Traffic PS,1.04432e+16,2017,1,1,Road Accidents,Junction,City/Town,Near Bus stop,Human Error,No,Grievous Injury,Hit pedestrian,Signal lights Automatic,Straight and flat,State Highway,Bitumen(Tar),Dry,No influence on accident,Clear,D.B.Pura Main Road,Elecric Pole,50 F,0.0,0.0,0,0,0.0,0.0
Bengaluru City,Yelahanka Traffic PS,1.04432e+16,2017,1,2,Road Accidents,Curves,City/Town,Near Bus stop,Human Error,No,Simple Injury,Head on,Uncontrolled,Straight and flat,NH,Bitumen(Tar),Dry,No influence on accident,Clear,NEAR ALLALASANDRA FLY OVER,ELELCTRICAL POLE,40FT,0.0,0.0,0,0,0.0,0.0
Bengaluru City,Yelahanka Traffic PS,1.04432e+16,2017,1,2,Road Accidents,Narrow road,City/Town,Near Bus stop,Human Error,No,Damage Only,Overturning,Uncontrolled,Curve,City or Town Road,Bitumen(Tar),Dry,No influence on accident,Clear,FOOT PATH ROAD,FOOT PATH ROAD,5 FT,0.0,0.0,0,0,0.0,0.0
Bengaluru City,Yelahanka Traffic PS,1.04432e+16,2017,1,1,Road Accidents,Curves,City/Town,Near a factory industrial area,Human Error,Yes,Grievous Injury,Hit pedestrian,Uncontrolled,Curve,City or Town Road,Bitumen(Tar),Dry,No influence on accident,Clear,Go Go Factory Road,Electric Pole,50 F,0.0,0.0,0,0,0.0,0.0
Bengaluru City,Yelahanka Traffic PS,1.04432e+16,2017,1,1,Road Accidents,Narrow road,City/Town,Near Petrol Pump,Human Error,No,Fatal,Others,Uncontrolled,Straight and flat,City or Town Road,Bitumen(Tar),Dry,No influence on accident,Cloudy,Kogilu Bellahalli Main road,Electric Pole,50 F,0.0,0.0,0,0,0.0,0.0
Bengaluru City,Yelahanka Traffic PS,1.04432e+16,2017,1,2,Road Accidents,T Junction,City/Town,Residential area,Human Error,No,Damage Only,Side swipe,Uncontrolled,Straight and flat,City or Town Road,Bitumen(Tar),Dry,No influence on accident,Fine,Mathru Layout Road,Electric Pole,50 F,0.0,0.0,0,0,0.0,0.0
Bengaluru City,Yelahanka Traffic PS,1.04432e+16,2017,1,1,Road Accidents,Narrow road,City/Town,Near Bus stop,Human Error,No,Grievous Injury,Hit pedestrian,Uncontrolled,Straight and flat,NH,Bitumen(Tar),Dry,No influence on accident,Clear,D.B.Pura Main Road,Electric Pole,50 F,0.0,0.0,0,0,0.0,0.0
Bengaluru City,Yelahanka Traffic PS,1.04432e+16,2017,1,2,Road Accidents,Narrow road,City/Town,In bazaar,Human Error,Yes,Grievous Injury,Rear end,Uncontrolled,Straight and flat,City or Town Road,Bitumen(Tar),Dry,No influence on accident,Clear,Ramachandrapura Main Road,Electric Pole,50 F,0.0,0.0,0,0,0.0,0.0
Bengaluru City,Yelahanka Traffic PS,1.04432e+16,2017,1,1,Road Accidents,Narrow road,City/Town,Near Bus stop,Human Error,Yes,Grievous Injury,Hit pedestrian,Uncontrolled,Straight and flat,NH,Bitumen(Tar),Dry,No influence on accident,Clear,B.B.Road,Electric Pole,50 F,0.0,0.0,0,0,0.0,0.0
Bengaluru City,Yelahanka Traffic PS,1.04432e+16,2017,1,2,Road Accidents,Narrow road,City/Town,Open area,Human Error,No,Fatal,Rear end,Uncontrolled,Straight and flat,NH,Bitumen(Tar),Dry,No influence on accident,Clear,B.B.road,Electric Pole,50 F,0.0,0.0,0,0,0.0,0.0
Bengaluru City,Yelahanka Traffic PS,1.04432e+16,2017,1,2,Road Accidents,Junction,City/Town,Near Bus stop,Human Error,No,Damage Only,Rear end,Uncontrolled,Straight and flat,NH,Bitumen(Tar),Dry,No influence on accident,Clear,B.B.Road,Elecric Pole,50 F,0.0,0.0,0,0,0.0,0.0
Bengaluru City,Yelahanka Traffic PS,1.04432e+16,2017,1,1,Road Accidents,Narrow road,City/Town,Near Hospital,Human Error,Yes,Grievous Injury,Hit pedestrian,Uncontrolled,Straight and flat,City or Town Road,Bitumen(Tar),Dry,No influence on accident,Clear,Dodda Bommasandra Road,Electric Pole,50 F,0.0,0.0,0,0,0.0,0.0
Bengaluru City,Yelahanka Traffic PS,1.04432e+16,2017,1,3,Road Accidents,Narrow road,City/Town,Residential area,Human Error,No,Grievous Injury,Rear end,Uncontrolled,Straight and flat,City or Town Road,Bitumen(Tar),Dry,No influence on accident,Clear,Vidyaranyapura Road,Electric Pole,50 F,0.0,0.0,0,0,0.0,0.0
Bengaluru City,Yelahanka Traffic PS,1.04432e+16,2017,1,2,Road Accidents,Cross roads,City/Town,Near a factory industrial area,Human Error,Yes,Simple Injury,Hit and Run,Uncontrolled,Straight and flat,Service Road,Bitumen(Tar),Dry,No influence on accident,Clear,NEAR ASTRA ZENECA,NEAR ASTRA ZENECA,150 MT,0.0,0.0,0,0,0.0,0.0
Bengaluru City,Yelahanka Traffic PS,1.04432e+16,2017,1,2,Road Accidents,Cross roads,City/Town,In bazaar,Human Error,No,Simple Injury,Head on,Uncontrolled,Straight and flat,Others,Bitumen(Tar),Dry,No influence on accident,Clear,DODDABOMMASANDRA MAIN ROAD,MRF TAIR SHOW ROOM,250,0.0,0.0,0,0,0.0,0.0
Bengaluru City,Yelahanka Traffic PS,1.04432e+16,2017,1,2,Road Accidents,Cross roads,City/Town,Residential area,Human Error,No,Simple Injury,Head on,Uncontrolled,Slight Curve,Residential Street,Bitumen(Tar),Dry,No influence on accident,Clear,"NEAR NAGARJUNA HOUSE,GANTHIGANAHALLI",ELECTRICL POLE,110 FT,0.0,0.0,0,0,0.0,0.0
Bengaluru City,Yelahanka Traffic PS,1.04432e+16,2017,1,3,Road Accidents,Narrow road,City/Town,Near Hospital,Vehicle Defect,No,Damage Only,Rear end,Not Applicable,Curve and Incline,NH,Bitumen(Tar),Dry,No influence on accident,Clear,b.b road yelahanka,electrical pol,80feet,0.0,0.0,0,0,0.0,0.0
Bengaluru City,Yelahanka Traffic PS,1.04432e+16,2017,1,2,Road Accidents,Cross roads,City/Town,Near a religious place,Human Error,No,Simple Injury,Rear end,Uncontrolled,Curve,Two way,Bitumen(Tar),Dry,No influence on accident,Clear,ELECTRICL POLE,ELECTRICL POLE,166 FT,0.0,0.0,0,0,0.0,0.0
Bengaluru City,Yelahanka Traffic PS,1.04432e+16,2017,1,2,Road Accidents,Narrow road,City/Town,Near School or College,Human Error,No,Fatal,Others,Uncontrolled,Straight and flat,NH,Bitumen(Tar),Dry,No influence on accident,Clear,B.B.Road,Near Electrical Pole,50 F,0.0,0.0,0,0,0.0,0.0
Bengaluru City,Yelahanka Traffic PS,1.04432e+16,2017,1,2,Road Accidents,Narrow road,City/Town,Near School or College,Human Error,No,Simple Injury,Rear end,Uncontrolled,Straight and flat,NH,Bitumen(Tar),Dry,No influence on accident,Cloudy,B.B.Road,Electric Pole,45 F,0.0,0.0,0,0,0.0,0.0
Bengaluru City,Yelahanka Traffic PS,1.04432e+16,2017,1,2,Road Accidents,Narrow road,City/Town,Near School or College,Human Error,No,Damage Only,Rear end,Uncontrolled,Straight and flat,NH,Bitumen(Tar),Dry,No influence on accident,Cloudy,B.B.Road,Electric Pole,55 F,0.0,0.0,0,0,0.0,0.0
Bengaluru City,Yelahanka Traffic PS,1.04432e+16,2017,1,1,Road Accidents,Narrow road,City/Town,Near School or College,Human Error,Yes,Grievous Injury,Hit pedestrian,Uncontrolled,Straight and flat,State Highway,Bitumen(Tar),Dry,No influence on accident,Clear,D.B.Pura Road,Electric Pole,55 F,0.0,0.0,0,0,0.0,0.0
Bengaluru City,Yelahanka Traffic PS,1.04432e+16,2017,1,1,Road Accidents,Junction,City/Town,Near office complex,Human Error,Yes,Grievous Injury,Hit pedestrian,Uncontrolled,Straight and flat,City or Town Road,Bitumen(Tar),Dry,No influence on accident,Clear,Chikkabommasandra Road,Electric Pole,45 F,0.0,0.0,0,0,0.0,0.0
Bengaluru City,Yelahanka Traffic PS,1.04432e+16,2017,1,2,Road Accidents,Junction,City/Town,Open area,Human Error,Yes,Grievous Injury,Others,Signal lights Automatic,Straight and flat,City or Town Road,Bitumen(Tar),Dry,No influence on accident,Clear,D.B.Pura Main Road,Electric Pole,50 F,0.0,0.0,0,0,0.0,0.0
Bengaluru City,Yelahanka Traffic PS,1.04432e+16,2017,1,2,Road Accidents,Narrow road,City/Town,Near office complex,Human Error,No,Damage Only,Rear end,Uncontrolled,Straight and flat,State Highway,Bitumen(Tar),Dry,No influence on accident,Clear,D.B.Pura Road,Electric Pole,50 F,0.0,0.0,0,0,0.0,0.0
Bengaluru City,Yelahanka Traffic PS,1.04432e+16,2017,1,2,Road Accidents,Circle,City/Town,Near School or College,Human Error,Yes,Simple Injury,Hit and Run,Controlled,Curve,City or Town Road,Bitumen(Tar),Dry,No influence on accident,Cloudy,D B PURA MAIN ROAD,ELCTRICAL POL,180 FE,0.0,0.0,0,0,0.0,0.0
Bengaluru City,Yelahanka Traffic PS,1.04432e+16,2017,1,2,Road Accidents,Circle,City/Town,Near Bus stop,Human Error,No,Damage Only,Rear end,Uncontrolled,Curve,State Highway,Bitumen(Tar),Dry,No influence on accident,Cloudy,ELECTRICL POLE,ELECTRICL POLE,60FT,0.0,0.0,0,0,0.0,0.0
Bengaluru City,Yelahanka Traffic PS,1.04432e+16,2017,1,1,Road Accidents,Narrow road,City/Town,Open area,Human Error,No,Grievous Injury,Rear end,Uncontrolled,Straight and flat,NH,Bitumen(Tar),Dry,No influence on accident,Cloudy,B.B.Road,Electric Pole,45 F,0.0,0.0,0,0,0.0,0.0
Bengaluru City,Yelahanka Traffic PS,1.04432e+16,2017,1,2,Road Accidents,Junction,City/Town,Residential area,Human Error,Yes,Damage Only,Rear end,Controlled,Straight and flat,State Highway,Bitumen(Tar),Dry,No influence on accident,Clear,D.B.Pura Road,Electric Pole,50 F,0.0,0.0,0,0,0.0,0.0
Bengaluru City,Yelahanka Traffic PS,1.04432e+16,2017,1,2,Road Accidents,Junction,City/Town,Near Petrol Pump,Human Error,Yes,Fatal,Side swipe,Signals (Working),Straight and flat,NH,Bitumen(Tar),Dry,No influence on accident,Clear,B.B.Road,Signal Light Pole,50 F,0.0,0.0,0,0,0.0,0.0
Bengaluru City,Yelahanka Traffic PS,1.04432e+16,2017,1,1,Road Accidents,Narrow road,City/Town,Residential area,Human Error,Yes,Fatal,Hit bicyclist,Uncontrolled,Straight and flat,City or Town Road,Bitumen(Tar),Dry,No influence on accident,Clear,Jakkur Srirampura Main road,Electircal Pole,25 F,0.0,0.0,0,0,0.0,0.0