DISTRICTNAME,UNITNAME,Crime_No,Year,RI,Noofvehicle_involved,Accident_Classification,Accident_Spot,Accident_Location,Accident_SubLocation,Main_Cause,Hit_Run,Severity,Collision_Type,Junction_Control,Road_Character,Road_Type,Surface_Type,Surface_Condition,Road_Condition,Weather,Accident_Road,Landmark_first,Distance_LandMark_First,Latitude,Longitude,Road_Condition_Score,Surface_Condition_Score,Surface_Type_Score,Road_Risk_Index
Bengaluru City,Yelahanka Traffic PS,1.04432e+16,2019,1,2,Road Accidents,Other,City/Town,Near Hospital,Human Error,No,Simple Injury,Others,Controlled,Curve,Others,Bitumen(Tar),Dry,Not Applicable,Others,Near Harohalli Lake Ghantiganahalli Road,Electrical Pole,25,0.0,0.0,0,0,0.0,0.0
Bengaluru City,Yelahanka Traffic PS,1.04432e+16,2019,1,1,Road Accidents,Bridge,City/Town,Open area,Human Error,No,Simple Injury,Others,Controlled,Curve,NH,Bitumen(Tar),Dry,Not Applicable,Clear,B B Road near Jakkuru Junction Yelahanka,B B Road,10,0.0,0.0,0,0,0.0,0.0
Bengaluru City,Yelahanka Traffic PS,1.04432e+16,2019,1,2,Road Accidents,Other,City/Town,Near Bus stop,Human Error,No,Simple Injury,Others,Controlled,Others,Others,Bitumen(Tar),Others,Not Applicable,Others,Renlate Show Room Near B B Road Yelahanka,Electric Pole,10 FT,0.0,0.0,0,1,0.0,1.0
Bengaluru City,Yelahanka Traffic PS,1.04432e+16,2019,1,2,Road Accidents,Other,City/Town,Near Bus stop,Human Error,No,Simple Injury,Others,Controlled,Curve,Others,Bitumen(Tar),Dry,Not Applicable,Clear,Near Nagenahalli ply Bridge D B Pura Road Yelahanka,Elecricl pole,30F T,0.0,0.0,0,0,0.0,0.0
Bengaluru City,Yelahanka Traffic PS,1.04432e+16,2019,1,2,Road Accidents,Other,City/Town,Open area,Human Error,Yes,Simple Injury,Others,Controlled,Curve,Others,Not Applicable,Others,Not Applicable,Others,Manasa Hospital Vishala Mat Yelahanka,Electrical Pole,30 Mtr,0.0,0.0,0,1,0.0,1.0
Bengaluru City,Yelahanka Traffic PS,1.04432e+16,2019,1,2,Road Accidents,Narrow road,City/Town,Open area,Human Error,Yes,Simple Injury,Vehicle to Vehicle,Controlled,Others,Two way,Bitumen(Tar),Not Applicable,Not Applicable,Clear,VEERASAGAR MAIN ROAD,Veerasagar kere,60 f,0.0,0.0,0,0,0.0,0.0
Bengaluru City,Yelahanka Traffic PS,1.04432e+16,2019,1,2,Road Accidents,Junction,City/Town,Near Bus stop,Human Error,Not Applicable,Simple Injury,Vehicle to Vehicle,Controlled,Straight and flat,Others,Bitumen(Tar),Dry,No influence on accident,Clear,D B PUR Main road,Near ramanashri apartment,30 ft,13.114756,77.579028,0,0,0.0,0.0
Bengaluru City,Yelahanka Traffic PS,1.04432e+16,2019,1,1,Road Accidents,Curves,City/Town,Near Bus stop,Human Error,Yes,Simple Injury,Not Applicable,Uncontrolled,Curve,State Highway,Bitumen(Tar),Dry,No influence on accident,Clear,NEAR RAILWHEEL FACTORY BUS STOP,NEAR RAILWHEEL FACTORY BUS STOP,50 FT,0.0,0.0,0,0,0.0,0.0
Bengaluru City,Yelahanka Traffic PS,1.04432e+16,2019,1,2,Road Accidents,Cross roads,City/Town,Near Bus stop,Human Error,Yes,Simple Injury,Vehicle to Vehicle,Uncontrolled,Curve,NH,Bitumen(Tar),Dry,No influence on accident,Clear,NEAR VENKATAL BUS STOP,NEAR VENKATAL BUS STOP,50 FT,0.0,0.0,0,0,0.0,0.0
Bengaluru City,Yelahanka Traffic PS,1.04432e+16,2019,1,2,Road Accidents,Cross roads,City/Town,Near a religious place,Human Error,Yes,Simple Injury,Hit and Run,Uncontrolled,Curve,Others,Bitumen(Tar),Dry,No influence on accident,Clear,NEAR SAMBHRAMA COLLEGE,NEAR SAMBHRAMA COLLEGE,100 FT,0.0,0.0,0,0,0.0,0.0
Bengaluru City,Yelahanka Traffic PS,1.04432e+16,2019,1,1,Road Accidents,Cross roads,City/Town,Near a religious place,Human Error,No,Simple Injury,Hit pedestrian,Uncontrolled,Straight and flat,Others,Bitumen(Tar),Dry,No influence on accident,Clear,NEAR JAMEYA MAZEED,NEAR JAMEYA MAZEED,100 FT,0.0,0.0,0,0,0.0,0.0
Bengaluru City,Yelahanka Traffic PS,1.04432e+16,2019,1,1,Road Accidents,Other,City/Town,Near Hospital,Human Error,No,Simple Injury,Others,Controlled,Others,Others,Bitumen(Tar),Dry,Not Applicable,Clear,Kendriya Vihara Apartment  B B Road Yelahanka,Electrical Pole,30,0.0,0.0,0,0,0.0,0.0
Bengaluru City,Yelahanka Traffic PS,1.04432e+16,2019,1,1,Road Accidents,Narrow road,City/Town,Residential area,Human Error,Yes,Simple Injury,Hit and Run,Uncontrolled,Straight and flat,City or Town Road,Bitumen(Tar),Dry,No influence on accident,Clear,5th Cross Lakkappa Layout,Electric Pole,50 F,0.0,0.0,0,0,0.0,0.0
Bengaluru City,Yelahanka Traffic PS,1.04432e+16,2019,1,2,Road Accidents,Other,City/Town,Near Bus stop,Human Error,Yes,Simple Injury,Others,Controlled,Others,Others,Bitumen(Tar),Dry,Not Applicable,Clear,Near Nagenahalli Gate  Yelahanka,Electrical Pole,15,0.0,0.0,0,0,0.0,0.0
Bengaluru City,Yelahanka Traffic PS,1.04432e+16,2019,1,2,Road Accidents,Other,City/Town,Near Bus stop,Human Error,No,Simple Injury,Others,Controlled,Others,NH,Bitumen(Tar),Dry,Not Applicable,Clear,B B Road Near Bypass Junction,Electrical Pole,30ft,0.0,0.0,0,0,0.0,0.0
Bengaluru City,Yelahanka Traffic PS,1.04432e+16,2019,1,2,Road Accidents,Other,City/Town,Near Bus stop,Human Error,Yes,Simple Injury,Others,Controlled,Others,Others,Not Applicable,Dry,Not Applicable,Clear,Near Jakkuru Aero Drem Yelahanka,Elecricale Pole,15Mts,0.0,0.0,0,0,0.0,0.0
Bengaluru City,Yelahanka Traffic PS,1.04432e+16,2019,1,2,Road Accidents,Other,City/Town,Near Bus stop,Human Error,No,Simple Injury,Others,Controlled,Others,Others,Not Applicable,Dry,Not Applicable,Clear,Near Sambram College M S Palya Bengaluru,Elecrical Pole,15Ft,0.0,0.0,0,0,0.0,0.0
Bengaluru City,Yelahanka Traffic PS,1.04432e+16,2019,1,2,Road Accidents,Bottleneck,City/Town,Near Bus stop,Human Error,Yes,Simple Injury,Vehicle to Vehicle,Controlled,Others,Others,Bitumen(Tar),Others,Not Applicable,Others,Near Navachetana Hospital Yelahanka New Town,Electrical Pole,10FT,0.0,0.0,0,1,0.0,1.0
Bengaluru City,Yelahanka Traffic PS,1.04432e+16,2019,1,1,Road Accidents,Not Applicable,City/Town,Near Bus stop,Not Applicable,Yes,Simple Injury,Vehicle to Vehicle,Controlled,Others,Others,Bitumen(Tar),Not Applicable,Not Applicable,Others,7th Cross Near Govt Hospital Singapura Villege Vidyarannapura Post,Electrical Pole,10 FT,0.0,0.0,0,0,0.0,0.0
Bengaluru City,Yelahanka Traffic PS,1.04432e+16,2019,1,2,Road Accidents,Not Applicable,City/Town,Near Bus stop,Human Error,Yes,Simple Injury,Vehicle to Vehicle,Controlled,Curve,Others,Bitumen(Tar),Dry,Construction Work / Material,Others,Near Aveksha Hospital  Singapura Main Road  M S Palya,Electrical Pole,20Ft,0.0,0.0,2,0,0.0,2.0
Bengaluru City,Yelahanka Traffic PS,1.04432e+16,2019,1,1,Road Accidents,Not Applicable,City/Town,Near Bus stop,Human Error,No,Simple Injury,Vehicle to Vehicle,Controlled,Others,Others,Not Applicable,Dry,Not Applicable,Clear,Near Petrol Bank  bypass Junction Yelahanka,B B Road,20Mtr,0.0,0.0,0,0,0.0,0.0
Bengaluru City,Yelahanka Traffic PS,1.04432e+16,2019,1,2,Road Accidents,Cross roads,City/Town,In bazaar,Human Error,Yes,Simple Injury,Vehicle to Vehicle,Uncontrolled,Curve,Service Road,Bitumen(Tar),Dry,No influence on accident,Clear,NEAR RAITARA SANTHE,NEAR RAITARA SANTHE,50 FT,13.10141,77.599436,0,0,0.0,0.0
Bengaluru City,Yelahanka Traffic PS,1.04432e+16,2019,1,3,Road Accidents,Curves,City/Town,Near Petrol Pump,Human Error,Yes,Simple Injury,Vehicle to Vehicle,Uncontrolled,Straight and flat,NH,Bitumen(Tar),Dry,No influence on accident,Clear,NEAR H P PETROL BUNK,NEAR H P PETROL BUNK,50 FT,0.0,0.0,0,0,0.0,0.0
Bengaluru City,Yelahanka Traffic PS,1.04432e+16,2019,1,2,Road Accidents,Junction,City/Town,Near Petrol Pump,Human Error,No,Simple Injury,Vehicle to Vehicle,Signal lights Automatic,Curve,NH,Bitumen(Tar),Dry,No influence on accident,Clear,NEAR  H P PETROL BUNK,NEAR  H P PETROL BUNK,45 FT,0.0,0.0,0,0,0.0,0.0
Bengaluru City,Yelahanka Traffic PS,1.04432e+16,2019,1,1,Road Accidents,Cross roads,City/Town,Open area,Human Error,No,Simple Injury,Hit pedestrian,Uncontrolled,Curve,NH,Bitumen(Tar),Dry,No influence on accident,Clear,NEAR RAITHARA SANTHE,NEAR RAITHARA SANTHE,50 FT,0.0,0.0,0,0,0.0,0.0
Bengaluru City,Yelahanka Traffic PS,1.04432e+16,2019,1,1,Road Accidents,Circle,City/Town,Open area,Human Error,No,Simple Injury,Hit pedestrian,Uncontrolled,Curve,State Highway,Bitumen(Tar),Dry,No influence on accident,Clear,NEAR BWSSB,NEAR BWSSB,50 FT,0.0,0.0,0,0,0.0,0.0
Bengaluru City,Yelahanka Traffic PS,1.04432e+16,2019,1,1,Road Accidents,Junction,City/Town,Near School or College,Human Error,Yes,Fatal,Hit pedestrian,Uncontrolled,Straight and flat,State Highway,Bitumen(Tar),Dry,No influence on accident,Cloudy,NEAR KENDRIYA VIDYALAYA,NEAR KENDRIYA VIDYALAYA,50 FT,0.0,0.0,0,0,0.0,0.0
Bengaluru City,Yelahanka Traffic PS,1.04432e+16,2019,1,2,Road Accidents,Cross roads,City/Town,Near Bus stop,Human Error,Yes,Simple Injury,Hit and Run,Uncontrolled,Straight and flat,NH,Bitumen(Tar),Dry,No influence on accident,Clear,NEAR IAF,NEAR IAF,100 FT,0.0,0.0,0,0,0.0,0.0
Bengaluru City,Yelahanka Traffic PS,1.04432e+16,2019,1,1,Road Accidents,Cross roads,City/Town,Near office complex,Human Error,Yes,Simple Injury,Hit and Run,Uncontrolled,Straight and flat,Service Road,Bitumen(Tar),Dry,No influence on accident,Cloudy,NEAR CHAMUNDESHWARI LAY OUT BUS STOP,NEAR CHAMUNDESHWARI LAY OUT BUS STOP,50 FT,0.0,0.0,0,0,0.0,0.0
Bengaluru City,Yelahanka Traffic PS,1.04432e+16,2019,1,2,Road Accidents,Other,City/Town,Open area,Human Error,No,Grievous Injury,Others,Controlled,Others,NH,Bitumen(Tar),Dry,Not Applicable,Clear,B B Road Near Vidyashipa,Electrical Pole,30,0.0,0.0,0,0,0.0,0.0
Bengaluru City,Yelahanka Traffic PS,1.04432e+16,2019,1,2,Road Accidents,Curves,City/Town,Near Bus stop,Human Error,Yes,Simple Injury,Others,Controlled,Curve,NH,Bitumen(Tar),Dry,Construction Work / Material,Cloudy,Near Jakkur Ply Over Yelahanka,Electrical Pole,30,0.0,0.0,2,0,0.0,2.0
Bengaluru City,Yelahanka Traffic PS,1.04432e+16,2019,1,1,Road Accidents,Other,City/Town,Near Bus stop,Human Error,No,Simple Injury,Others,Controlled,Others,Others,Bitumen(Tar),Dry,Not Applicable,Cloudy,B B Road Near jakkuru Junction Yelahanka,aero drum jakkuru,10ft,0.0,0.0,0,0,0.0,0.0
Bengaluru City,Yelahanka Traffic PS,1.04432e+16,2019,1,1,Road Accidents,Other,City/Town,Near Bus stop,Human Error,No,Simple Injury,Others,Controlled,Curve,Others,Bitumen(Tar),Dry,Not Applicable,Clear,Near Swimming Pool Allasandra Main Road yelahanka,Electrical Pole,15FT,0.0,0.0,0,0,0.0,0.0
Bengaluru City,Yelahanka Traffic PS,1.04432e+16,2019,1,1,Road Accidents,Junction,City/Town,Residential area,Human Error,No,Grievous Injury,Others,Uncontrolled,Straight and flat,City or Town Road,Bitumen(Tar),Dry,No influence on accident,Cloudy,Hesarughatta Main Road,Electric Pole,50 F,0.0,0.0,0,0,0.0,0.0
Bengaluru City,Yelahanka Traffic PS,1.04432e+16,2019,1,1,Road Accidents,Other,City/Town,Near Bus stop,Human Error,No,Simple Injury,Others,Controlled,Curve,Others,Bitumen(Tar),Dry,Construction Work / Material,Clear,MSU Road Near Ishwaraiah Bekari Chikkabettahalli Yelahanak,Electrical Pole,10 FT,0.0,0.0,2,0,0.0,2.0
Bengaluru City,Yelahanka Traffic PS,1.04432e+16,2019,1,1,Road Accidents,Not Applicable,City/Town,Near Hospital,Human Error,Yes,Fatal,Hit pedestrian,Uncontrolled,Straight and flat,One way,Bitumen(Tar),Dry,No influence on accident,Clear,NEAR MARUTHI HOSPITAL,NEAR MARUTHI HOSPITAL,30 Ft,0.0,0.0,0,0,0.0,0.0
Bengaluru City,Yelahanka Traffic PS,1.04432e+16,2019,1,1,Road Accidents,Other,City/Town,Near Bus stop,Human Error,Yes,Simple Injury,Others,Controlled,Curve,Others,Bitumen(Tar),Dry,Not Applicable,Clear,Opp BSF B B Road Yelahanka,Elecric pole,30FT,0.0,0.0,0,0,0.0,0.0
Bengaluru City,Yelahanka Traffic PS,1.04432e+16,2019,1,1,Road Accidents,Circle,City/Town,Near Bus stop,Not Applicable,No,Simple Injury,Hit pedestrian,Controlled,Curve,Others,Not Applicable,Dry,Not Applicable,Clear,Near Kogilu Main Road Yelahanka,Electrical Pole,15Ft,0.0,0.0,0,0,0.0,0.0
Bengaluru City,Yelahanka Traffic PS,1.04432e+16,2019,1,2,Road Accidents,Not Applicable,City/Town,Near Bus stop,Human Error,Yes,Simple Injury,Hit pedestrian,Controlled,Others,Others,Bitumen(Tar),Not Applicable,Not Applicable,Others,Near VIgnesha Gift Center Vidyarannapura Last Bus Stop,Electrical Pole,15Ft,0.0,0.0,0,0,0.0,0.0
Bengaluru City,Yelahanka Traffic PS,1.04432e+16,2019,1,1,Road Accidents,Not Applicable,City/Town,Near Bus stop,Human Error,No,Fatal,Vehicle to Vehicle,Controlled,Others,Others,Bitumen(Tar),Dry,Not Applicable,Clear,Near B B Road Vidyashilpa School Yelahanka,Electrical Pole,15 mtr,0.0,0.0,0,0,0.0,0.0
Bengaluru City,Yelahanka Traffic PS,1.04432e+16,2019,1,2,Road Accidents,Cross roads,City/Town,Residential area,Human Error,Not Applicable,Simple Injury,Vehicle to Vehicle,Controlled,Slight Curve,Two way,Bitumen(Tar),Dry,No influence on accident,Clear,Sheravathi hotel road,6th cross road,40 ft,0.0,0.0,0,0,0.0,0.0
Bengaluru City,Yelahanka Traffic PS,1.04432e+16,2019,1,3,Road Accidents,Not Applicable,City/Town,Near Bus stop,Human Error,No,Damage Only,Vehicle to Vehicle,Uncontrolled,Others,NH,Bitumen(Tar),Dry,No influence on accident,Clear,NEAR VENKATALA BUS STOP,NEAR VENKATALA BUS STOP,75 FT,0.0,0.0,0,0,0.0,0.0
Bengaluru City,Yelahanka Traffic PS,1.04432e+16,2019,1,2,Road Accidents,Cross roads,City/Town,Near Bus stop,Human Error,Yes,Damage Only,Vehicle to Vehicle,Uncontrolled,Curve,State Highway,Bitumen(Tar),Dry,No influence on accident,Cloudy,NEAR PUTTENAHALLI BUS STOP,NEAR PUTTENAHALLI BUS STOP,50FT,13.109402,77.58048,0,0,0.0,0.0
Bengaluru City,Yelahanka Traffic PS,1.04432e+16,2019,1,2,Road Accidents,Curves,City/Town,Near Bus stop,Human Error,No,Simple Injury,Vehicle to Vehicle,Uncontrolled,Curve,NH,Bitumen(Tar),Dry,No influence on accident,Cloudy,NEAR IAF BUS STOP,NEAR IAF BUS STOP,45 FT,0.0,0.0,0,0,0.0,0.0
Bengaluru City,Yelahanka Traffic PS,1.04432e+16,2019,1,2,Road Accidents,Circle,City/Town,Near Bus stop,Human Error,No,Damage Only,Vehicle to Vehicle,Uncontrolled,Curve,NH,Bitumen(Tar),Dry,No influence on accident,Clear,NEAR KOGILU BUS STOP,NEAR KOGILU BUS STOP,45 FT,0.0,0.0,0,0,0.0,0.0
Bengaluru City,Yelahanka Traffic PS,1.04432e+16,2019,1,1,Road Accidents,Cross roads,City/Town,Near office complex,Human Error,Yes,Simple Injury,Vehicle to Vehicle,Uncontrolled,Curve,NH,Bitumen(Tar),Dry,No influence on accident,Clear,NEAR JAKKURU AERO DRUM,NEAR JAKKURU AERO DRUM,40FT,0.0,0.0,0,0,0.0,0.0
Bengaluru City,Yelahanka Traffic PS,1.04432e+16,2019,1,3,Road Accidents,Cross roads,City/Town,Open area,Human Error,Yes,Fatal,Vehicle to Vehicle,Controlled,Not Applicable,NH,Bitumen(Tar),Dry,No influence on accident,Clear,NEAR ELECTRICAL POLE,NEAR ELECTRICAL POLE,55 FT,0.0,0.0,0,0,0.0,0.0
Bengaluru City,Yelahanka Traffic PS,1.04432e+16,2019,1,1,Road Accidents,Cross roads,Rural Areas,Near School or College,Human Error,Yes,Simple Injury,Hit bicyclist,Uncontrolled,Curve,One way,Bitumen(Tar),Dry,No influence on accident,Clear,NEAR TELUGU SCHOOL,NEAR TELUGU SCHOOL,50 FT,0.0,0.0,0,0,0.0,0.0
Bengaluru City,Yelahanka Traffic PS,1.04432e+16,2019,1,2,Road Accidents,Curves,City/Town,Near a religious place,Human Error,Yes,Simple Injury,Vehicle to Vehicle,Uncontrolled,Curve,Two way,Bitumen(Tar),Dry,No influence on accident,Clear,NEAR NCC APARTMENT,NEAR NCC APARTMENT,50FT,0.0,0.0,0,0,0.0,0.0
Bengaluru City,Yelahanka Traffic PS,1.04432e+16,2019,1,2,Road Accidents,Narrow road,City/Town,Residential area,Human Error,Not Applicable,Simple Injury,Head on,Controlled,Not Applicable,City or Town Road,Bitumen(Tar),Not Applicable,Not Applicable,Clear,Atturu main road,near Atturu lake,40 ft,0.0,0.0,0,0,0.0,0.0
Bengaluru City,Yelahanka Traffic PS,1.04432e+16,2019,1,2,Road Accidents,Junction,City/Town,Near a factory industrial area,Human Error,Yes,Simple Injury,Hit and Run,Uncontrolled,Straight and flat,State Highway,Bitumen(Tar),Dry,No influence on accident,Clear,INFRONT OF KOCHA YARD,INFRONT OF KOCHA YARD,75 FT,0.0,0.0,0,0,0.0,0.0
Bengaluru City,Yelahanka Traffic PS,1.04432e+16,2019,1,1,Road Accidents,Cross roads,City/Town,Near School or College,Human Error,No,Simple Injury,Hit pedestrian,Uncontrolled,Straight and flat,Residential Street,Bitumen(Tar),Dry,No influence on accident,Clear,NEAR G K NAIDU SCHOOL,NEAR G K NAIDU SCHOOL,100 FT,0.0,0.0,0,0,0.0,0.0
Bengaluru City,Yelahanka Traffic PS,1.04432e+16,2019,1,2,Road Accidents,Bottleneck,City/Town,Open area,Human Error,No,Simple Injury,Others,Controlled,Curve,Others,Not Applicable,Dry,Not Applicable,Clear,Near 80 feet Road Yelahanka,Electrical Pole,30,0.0,0.0,0,0,0.0,0.0
Bengaluru City,Yelahanka Traffic PS,1.04432e+16,2019,1,1,Road Accidents,Junction,City/Town,Near Bus stop,Human Error,No,Simple Injury,Others,Controlled,Curve,Others,Concrete,Dry,Not Applicable,Not Applicable,Near G K V K Yelahanka,Electrical Pole,15 mtr,0.0,0.0,0,0,0.0,0.0
Bengaluru City,Yelahanka Traffic PS,1.04432e+16,2019,1,1,Road Accidents,Narrow road,City/Town,Residential area,Human Error,Yes,Grievous Injury,Hit pedestrian,Uncontrolled,Straight and flat,City or Town Road,Bitumen(Tar),Dry,No influence on accident,Clear,Kogilu Road,Electric Pole,50 F,0.0,0.0,0,0,0.0,0.0
Bengaluru City,Yelahanka Traffic PS,1.04432e+16,2019,1,2,Road Accidents,Not Applicable,City/Town,Near Bus stop,Human Error,Yes,Simple Injury,Vehicle to Vehicle,Controlled,Others,Others,Bitumen(Tar),Dry,Not Applicable,Clear,Near Sheshadripuram College Yelahanka,NEAR BUS STOP,15Ft,0.0,0.0,0,0,0.0,0.0
Bengaluru City,Yelahanka Traffic PS,1.04432e+16,2019,1,1,Road Accidents,Narrow road,City/Town,Residential area,Human Error,No,Fatal,Hit pedestrian,Uncontrolled,Straight and flat,City or Town Road,Bitumen(Tar),Dry,No influence on accident,Cloudy,Yelahanka Main Road,Electric Pole,50 F,0.0,0.0,0,0,0.0,0.0
Bengaluru City,Yelahanka Traffic PS,1.04432e+16,2019,1,2,Road Accidents,Other,City/Town,Near Bus stop,Human Error,No,Simple Injury,Others,Controlled,Curve,Others,Bitumen(Tar),Dry,Construction Work / Material,Others,Near Jakkuru Signal  B B Road Yelahanka,E,30ft,0.0,0.0,2,0,0.0,2.0
Bengaluru City,Yelahanka Traffic PS,1.04432e+16,2019,1,2,Road Accidents,Other,City/Town,Near Bus stop,Human Error,No,Simple Injury,Others,Controlled,Curve,Others,Bitumen(Tar),Dry,Not Applicable,Clear,4th Main Road 5th Cross Vidyarannapura Bengaluru,Electrical Pole,20Ft,0.0,0.0,0,0,0.0,0.0
Bengaluru City,Yelahanka Traffic PS,1.04432e+16,2019,1,2,Road Accidents,Other,City/Town,Near Bus stop,Human Error,Yes,Simple Injury,Drowned,Controlled,Curve,Others,Bitumen(Tar),Dry,Not Applicable,Cloudy,Opp dhariwal Hardware Near Prakasha Theetra Bengaluru,Elecrical Pole,15FT,0.0,0.0,0,0,0.0,0.0
Bengaluru City,Yelahanka Traffic PS,1.04432e+16,2019,1,2,Road Accidents,Other,City/Town,Near Bus stop,Human Error,Yes,Simple Injury,Others,Controlled,Others,Others,Not Applicable,Dry,Not Applicable,Cloudy,B B Road Kogilu Cross On Ply over Yelahanka,Elecrical Pole,20Ft,0.0,0.0,0,0,0.0,0.0
Bengaluru City,Yelahanka Traffic PS,1.04432e+16,2019,1,1,Road Accidents,Other,Rural Areas,Open area,Human Error,Yes,Simple Injury,Others,Controlled,Curve,Others,Not Applicable,Dry,Not Applicable,Clear,GKVK Compus Yelahanka,Electrical Pole,15 mtr,0.0,0.0,0,0,0.0,0.0
Bengaluru City,Yelahanka Traffic PS,1.04432e+16,2019,1,2,Road Accidents,Not Applicable,City/Town,Near Bus stop,Human Error,Yes,Simple Injury,Vehicle to Vehicle,Controlled,Others,Others,Bitumen(Tar),Others,Not Applicable,Clear,Near Yelahank New Town P S,Near Yelahanka New TownPolice station,15mtr,0.0,0.0,0,1,0.0,1.0
Bengaluru City,Yelahanka Traffic PS,1.04432e+16,2019,1,1,Road Accidents,Not Applicable,City/Town,Open area,Human Error,Not Applicable,Fatal,Vehicle to Vehicle,Controlled,Straight and flat,NH,Bitumen(Tar),Dry,No influence on accident,Clear,B B Road on fly over Venkatal,Near Venkatal,40 ft,0.0,0.0,0,0,0.0,0.0
Bengaluru City,Yelahanka Traffic PS,1.04432e+16,2019,1,2,Road Accidents,Cross roads,City/Town,Open area,Human Error,No,Simple Injury,Rear end,Uncontrolled,Curve,NH,Bitumen(Tar),Dry,No influence on accident,Clear,NEAR BSF,NEAR BSF,100 FT,0.0,0.0,0,0,0.0,0.0
Bengaluru City,Yelahanka Traffic PS,1.04432e+16,2019,1,1,Road Accidents,Cross roads,City/Town,Near office complex,Human Error,No,Simple Injury,Others,Uncontrolled,Straight and flat,Others,Bitumen(Tar),Dry,No influence on accident,Clear,NEAR VIDYARANYAPURA POLICE STATION,NEAR VIDYARANYAPURA POLICE STATION,100 FT,0.0,0.0,0,0,0.0,0.0
Bengaluru City,Yelahanka Traffic PS,1.04432e+16,2019,1,2,Road Accidents,Circle,City/Town,Near a religious place,Human Error,No,Fatal,Head on,Uncontrolled,Straight and flat,Two way,Bitumen(Tar),Dry,No influence on accident,Cloudy,NEAR YELAHANKA CIRCLE,NEAR YELAHANKA CIRCLE,50 FT,0.0,0.0,0,0,0.0,0.0
Bengaluru City,Yelahanka Traffic PS,1.04432e+16,2019,1,1,Road Accidents,Other,City/Town,Near Bus stop,Human Error,Yes,Simple Injury,Others,Controlled,Curve,Others,Bitumen(Tar),Dry,Not Applicable,Others,Near NCC Apartment D B Pura Main Road Yelahanka,Electrical Pole,15FT,0.0,0.0,0,0,0.0,0.0
Bengaluru City,Yelahanka Traffic PS,1.04432e+16,2019,1,2,Road Accidents,Other,City/Town,Near Bus stop,Human Error,No,Fatal,Others,Controlled,Others,NH,Bitumen(Tar),Dry,Not Applicable,Others,Near Thirumala Dhaba Yelahanka Allalasandra main Road Yelahanka,Elctric Pole,15 FT,0.0,0.0,0,0,0.0,0.0
Bengaluru City,Yelahanka Traffic PS,1.04432e+16,2019,1,2,Road Accidents,Other,City/Town,Near Bus stop,Human Error,No,Fatal,Others,Controlled,Others,Others,Bitumen(Tar),Dry,Not Applicable,Others,MSU Road Opp Thaga ghataka Yelahanka,ELECTRICL POLE,18 FT,0.0,0.0,0,0,0.0,0.0
Bengaluru City,Yelahanka Traffic PS,1.04432e+16,2019,1,2,Road Accidents,Other,City/Town,Near Bus stop,Human Error,Yes,Simple Injury,Others,Controlled,Others,Others,Bitumen(Tar),Dry,Construction Work / Material,Others,B B Road Bypass Junction Yelahanka,ELECTRICL POLE,15ft,0.0,0.0,2,0,0.0,2.0
Bengaluru City,Yelahanka Traffic PS,1.04432e+16,2019,1,1,Road Accidents,Other,City/Town,Near Bus stop,Human Error,Yes,Simple Injury,Others,Controlled,Others,Others,Not Applicable,Dry,Not Applicable,Others,Near Ananthapur Main road D B Pura Main Road yelahanka,Electrical Pole,10 FT,0.0,0.0,0,0,0.0,0.0
Bengaluru City,Yelahanka Traffic PS,1.04432e+16,2019,1,2,Road Accidents,Not Applicable,City/Town,Near Bus stop,Human Error,Yes,Simple Injury,Vehicle to Vehicle,Controlled,Others,Others,Bitumen(Tar),Dry,Not Applicable,Clear,Near Yelahanka new Town P S,Near Karnakata Bank,15 mtr,0.0,0.0,0,0,0.0,0.0
Bengaluru City,Yelahanka Traffic PS,1.04432e+16,2019,1,2,Road Accidents,Junction,City/Town,Near Hospital,Human Error,No,Simple Injury,Vehicle to Vehicle,Uncontrolled,Straight and flat,NH,Bitumen(Tar),Dry,No influence on accident,Cloudy,CYTE CARE HOSPITAL,CYTE CARE HOSPITAL,50 FT,0.0,0.0,0,0,0.0,0.0
Bengaluru City,Yelahanka Traffic PS,1.04432e+16,2019,1,2,Road Accidents,Not Applicable,City/Town,In bazaar,Human Error,Yes,Simple Injury,Vehicle to Vehicle,Controlled,Straight and flat,Two way,Bitumen(Tar),Dry,No influence on accident,Clear,Oposite royal darbar Restorent,royal darbar Restorent,30 ft,0.0,0.0,0,0,0.0,0.0
Bengaluru City,Yelahanka Traffic PS,1.04432e+16,2019,1,1,Road Accidents,Junction,City/Town,Near Bus stop,Human Error,Yes,Simple Injury,Hit pedestrian,Uncontrolled,Curve,State Highway,Bitumen(Tar),Dry,No influence on accident,Cloudy,NEAR PUTTENAHALLI,NEAR PUTTENAHALLI,75FT,13.109737,77.580273,0,0,0.0,0.0
Bengaluru City,Yelahanka Traffic PS,1.04432e+16,2019,1,2,Road Accidents,Curves,City/Town,Near Bus stop,Human Error,No,Simple Injury,Vehicle to Vehicle,Uncontrolled,Curve,NH,Bitumen(Tar),Dry,No influence on accident,Cloudy,NEAR VENKATALA BUS STOP,NEAR VENKATALA BUS STOP,50 FT,0.0,0.0,0,0,0.0,0.0
Bengaluru City,Yelahanka Traffic PS,1.04432e+16,2019,1,1,Road Accidents,Cross roads,City/Town,Near Bus stop,Human Error,No,Fatal,Hit pedestrian,Uncontrolled,Curve,NH,Bitumen(Tar),Dry,No influence on accident,Clear,NEAR AIRFORCE,NEAR AIRFORCE,50 FT,0.0,0.0,0,0,0.0,0.0
Bengaluru City,Yelahanka Traffic PS,1.04432e+16,2019,1,1,Road Accidents,Cross roads,City/Town,Near office complex,Human Error,No,Simple Injury,Not Applicable,Uncontrolled,Curve,NH,Bitumen(Tar),Dry,No influence on accident,Clear,NEAR ARBAN RESTORENT,NEAR ARBAN RESTORENT,50 FT,13.099713,77.599599,0,0,0.0,0.0
Bengaluru City,Yelahanka Traffic PS,1.04432e+16,2019,1,1,Road Accidents,Cross roads,City/Town,Near office complex,Human Error,Yes,Simple Injury,Hit pedestrian,Uncontrolled,Curve,Service Road,Bitumen(Tar),Dry,No influence on accident,Cloudy,NEAR ITTEGE FACTORY,NEAR ITTEGE FACTORY,50 FT,0.0,0.0,0,0,0.0,0.0