DISTRICTNAME,UNITNAME,Crime_No,Year,RI,Noofvehicle_involved,Accident_Classification,Accident_Spot,Accident_Location,Accident_SubLocation,Main_Cause,Hit_Run,Severity,Collision_Type,Junction_Control,Road_Character,Road_Type,Surface_Type,Surface_Condition,Road_Condition,Weather,Accident_Road,Landmark_first,Distance_LandMark_First,Latitude,Longitude,Road_Condition_Score,Surface_Condition_Score,Surface_Type_Score,Road_Risk_Index
Bengaluru City,Yelahanka Traffic PS,1.04432e+16,2020,1,2,Not Applicable,Not Applicable,City/Town,Near office complex,Human Error,Yes,Fatal,Vehicle to Vehicle,Not at  Junction,Others,NH,Bitumen(Tar),Others,Not Applicable,Others,BB road,Jakkuru Aerodrum onflyover,2 km,0.0,0.0,0,1,0.0,1.0
Bengaluru City,Yelahanka Traffic PS,1.04432e+16,2020,1,2,Not Applicable,Not Applicable,City/Town,Near a factory industrial area,Not Applicable,No,Simple Injury,Vehicle to Vehicle,Not at  Junction,Not Applicable,State Highway,Bitumen(Tar),Others,Not Applicable,Others,DB pura main Road,Near Railway wheel factory,1,0.0,0.0,0,1,0.0,1.0
Bengaluru City,Yelahanka Traffic PS,1.04432e+16,2020,1,2,Not Applicable,Not Applicable,City/Town,Near a religious place,Not Applicable,No,Simple Injury,Vehicle to Vehicle,Uncontrolled,Straight and flat,Not Applicable,Bitumen(Tar),Not Applicable,Not Applicable,Others,Near Annapurneshwari Nagar Temple,Near Annapurneshwari Nagar Temple,2 km,0.0,0.0,0,0,0.0,0.0
Bengaluru City,Yelahanka Traffic PS,1.04432e+16,2020,1,1,Not Applicable,Not Applicable,City/Town,Near Bus stop,Human Error,No,Simple Injury,Hit pedestrian,Not at  Junction,Straight and flat,State Highway,Bitumen(Tar),Others,Not Applicable,Others,DB Pura main Road Near Puttenahalli Yelahanka,DB Pura main Road Near Puttenahalli Yelahanka,2.5 km,0.0,0.0,0,1,0.0,1.0
Bengaluru City,Yelahanka Traffic PS,1.04432e+16,2020,1,2,Not Applicable,Not Applicable,City/Town,Near office complex,Not Applicable,No,Fatal,Vehicle to Vehicle,Not at  Junction,Others,Others,Bitumen(Tar),Others,Not Applicable,Others,"Kogilu main Raod, Near Kurlappa complex",Kogilu main Raod Near Kurlappa complex,2.5 km,0.0,0.0,0,1,0.0,1.0
Bengaluru City,Yelahanka Traffic PS,1.04432e+16,2020,1,1,Not Applicable,Not Applicable,City/Town,Near office complex,Not Applicable,No,Simple Injury,Vehicle to Vehicle,Not at  Junction,Others,Others,Bitumen(Tar),Others,Not Applicable,Others,Near Sandeep Unnikrishnan road Yelahanka,Near Sandeep Unnikrishnan road Yelahanka,1.5 km,0.0,0.0,0,1,0.0,1.0
Bengaluru City,Yelahanka Traffic PS,1.04432e+16,2020,1,2,Not Applicable,Not Applicable,City/Town,Open area,Not Applicable,No,Simple Injury,Vehicle to Vehicle,Not at  Junction,Others,Others,Bitumen(Tar),Others,Not Applicable,Others,"DB Sandra Road, Near Vyasa Internation school vidyaranyapur",DB sandra,6 km,0.0,0.0,0,1,0.0,1.0
Bengaluru City,Yelahanka Traffic PS,1.04432e+16,2020,1,1,Not Applicable,Narrow road,City/Town,Near School or College,Human Error,Yes,Simple Injury,Hit pedestrian,Uncontrolled,Others,Others,Bitumen(Tar),Others,Not Applicable,Others,"Kamakshamma Layout main Road, Yelahanka",Kamakshamma Layout main Road Yelahanka,3 km,0.0,0.0,0,1,0.0,1.0
Bengaluru City,Yelahanka Traffic PS,1.04432e+16,2020,1,1,Not Applicable,Not Applicable,City/Town,Near Bus stop,Not Applicable,Yes,Simple Injury,Hit pedestrian,Signal lights Blinking,Others,State Highway,Bitumen(Tar),Not Applicable,Not Applicable,Others,Near NES Bus stop DB pura main Road,Near NES Bus stop DB pura main Road,05.km,0.0,0.0,0,0,0.0,0.0
Bengaluru City,Yelahanka Traffic PS,1.04432e+16,2020,1,2,Not Applicable,Not Applicable,City/Town,Open area,Not Applicable,No,Simple Injury,Vehicle to Vehicle,Uncontrolled,Others,Others,Bitumen(Tar),Others,Not Applicable,Others,Near IAF BB Road Yelahanka,Near IAF BB Road Yelahanka,3km,0.0,0.0,0,1,0.0,1.0
Bengaluru City,Yelahanka Traffic PS,1.04432e+16,2020,1,1,Not Applicable,Not Applicable,City/Town,In bazaar,Not Applicable,Yes,Simple Injury,Hit pedestrian,Controlled,Others,Others,Bitumen(Tar),Others,Not Applicable,Others,Yelahanka Near Santhe circle,Yelahanka Near Santhe circle,1 km,0.0,0.0,0,1,0.0,1.0
Bengaluru City,Yelahanka Traffic PS,1.04432e+16,2020,1,2,Road Accidents,Junction,City/Town,Near Hospital,Not Applicable,No,Simple Injury,Vehicle to Vehicle,Controlled,Others,State Highway,Not Applicable,Others,Not Applicable,Others,DB Pura main Road,DB Pura main Road,1 km,0.0,0.0,0,1,0.0,1.0
Bengaluru City,Yelahanka Traffic PS,1.04432e+16,2020,1,2,Not Applicable,Cross roads,City/Town,Residential area,Not Applicable,Yes,Simple Injury,Vehicle to Vehicle,Uncontrolled,Curve,Others,Bitumen(Tar),Others,Not Applicable,Others,Allalasandhra Kere Yelahanka,Allalasandhra Kere Yelahanka,1 km,0.0,0.0,0,1,0.0,1.0
Bengaluru City,Yelahanka Traffic PS,1.04432e+16,2020,1,2,Not Applicable,Curves,City/Town,Near Bus stop,Human Error,Yes,Simple Injury,Vehicle to Vehicle,Not at  Junction,Curve,State Highway,Bitumen(Tar),Others,Not Applicable,Others,"Near Puttenahalli Lake, DB Pura Main Road",Near Puttenahalli Lake DB Pura Main Road,2.5 km,0.0,0.0,0,1,0.0,1.0
Bengaluru City,Yelahanka Traffic PS,1.04432e+16,2020,1,2,Road Accidents,Junction,City/Town,Near Petrol Pump,Human Error,No,Simple Injury,Vehicle to Vehicle,Signal lights Automatic,Straight and flat,NH,Bitumen(Tar),Others,Not Applicable,Others,Near Bypas Signal BB ROad,Near Bypas Signal BB ROad,1km,0.0,0.0,0,1,0.0,1.0
Bengaluru City,Yelahanka Traffic PS,1.04432e+16,2020,1,2,Not Applicable,Not Applicable,City/Town,Residential area,Human Error,Yes,Simple Injury,Vehicle to Vehicle,Not at  Junction,Others,Others,Bitumen(Tar),Others,Not Applicable,Others,Near GKVK main gate Jakkuru Yelahanka,Near GKVK main gate Jakkuru Yelahanka,3 km,0.0,0.0,0,1,0.0,1.0
Bengaluru City,Yelahanka Traffic PS,1.04432e+16,2020,1,2,Not Applicable,Not Applicable,City/Town,Near or inside a village,Not Applicable,No,Simple Injury,Vehicle to Vehicle,Not at  Junction,Others,Others,Bitumen(Tar),Muddy,Not Applicable,Others,Near Reliance Fresh Doddabommasandhra,Near Reliance Fresh Doddabommasandhra,6 km,0.0,0.0,0,4,0.0,4.0
Bengaluru City,Yelahanka Traffic PS,1.04432e+16,2020,1,2,Not Applicable,Not Applicable,City/Town,In bazaar,Human Error,No,Simple Injury,Vehicle to Vehicle,Not at  Junction,Others,Others,Bitumen(Tar),Others,Not Applicable,Others,Infront of Yelsahanka Police Station Yelahanka circle,Infront of Yelsahanka Police Station Yelahanka circle,50 mtr,0.0,0.0,0,1,0.0,1.0
Bengaluru City,Yelahanka Traffic PS,1.04432e+16,2020,1,2,Not Applicable,Not Applicable,City/Town,Near office complex,Human Error,No,Fatal,Vehicle to Vehicle,Not at  Junction,Others,Others,Bitumen(Tar),Others,Not Applicable,Others,DB pura main road,CRPF gate,3 km,0.0,0.0,0,1,0.0,1.0
Bengaluru City,Yelahanka Traffic PS,1.04432e+16,2020,1,1,Not Applicable,Not Applicable,City/Town,Residential area,Human Error,No,Fatal,Not Applicable,Not at  Junction,Others,NH,Bitumen(Tar),Others,Not Applicable,Others,unnikrishnan road,Near Aditi school,2 km,0.0,0.0,0,1,0.0,1.0
Bengaluru City,Yelahanka Traffic PS,1.04432e+16,2020,1,2,Not Applicable,Not Applicable,City/Town,Near or inside a village,Not Applicable,No,Simple Injury,Vehicle to Vehicle,Not at  Junction,Others,Others,Bitumen(Tar),Others,Not Applicable,Others,"Kogilu main Road, srinivaspur cross Yelahanka",Kogilu main Road,3 km,0.0,0.0,0,1,0.0,1.0
Bengaluru City,Yelahanka Traffic PS,1.04432e+16,2020,1,2,Road Accidents,Not Applicable,City/Town,Near School or College,Human Error,No,Damage Only,Vehicle to Vehicle,Controlled,Others,NH,Bitumen(Tar),Dry,No influence on accident,Cloudy,ELECTRICAL POLE,ELECTRICAL POLE,60 FT,0.0,0.0,0,0,0.0,0.0
Bengaluru City,Yelahanka Traffic PS,1.04432e+16,2020,1,1,Not Applicable,Not Applicable,City/Town,Near office complex,Human Error,Yes,Fatal,Vehicle to Vehicle,Not at  Junction,Others,NH,Bitumen(Tar),Others,Not Applicable,Others,BB Road,IAF hate,3 km,0.0,0.0,0,1,0.0,1.0
Bengaluru City,Yelahanka Traffic PS,1.04432e+16,2020,1,2,Not Applicable,Junction,City/Town,Near Petrol Pump,Not Applicable,No,Grievous Injury,Vehicle to Vehicle,Signal lights Automatic,Others,Others,Bitumen(Tar),Others,Not Applicable,Others,BB Road,Jakkru Junction,2 km,0.0,0.0,0,1,0.0,1.0
Bengaluru City,Yelahanka Traffic PS,1.04432e+16,2020,1,2,Road Accidents,Cross roads,City/Town,In bazaar,Human Error,No,Simple Injury,Vehicle to Vehicle,Uncontrolled,Curve,Two way,Bitumen(Tar),Dry,No influence on accident,Cloudy,NEAR COFFEE DAY,NEAR COFFEE DAY,50FT,0.0,0.0,0,0,0.0,0.0
Bengaluru City,Yelahanka Traffic PS,1.04432e+16,2020,1,1,Not Applicable,Not Applicable,City/Town,Near or inside a village,Not Applicable,No,Fatal,Not Applicable,Uncontrolled,Others,Residential Street,Kutcha,Others,Not Applicable,Others,Ramakka Dasappa Layout,Ramakka Dasappa Layout,5.5 km,0.0,0.0,0,1,4.0,5.0
Bengaluru City,Yelahanka Traffic PS,1.04432e+16,2020,1,1,Road Accidents,Cross roads,City/Town,Near Bus stop,Not Applicable,Yes,Simple Injury,Hit pedestrian,Uncontrolled,Others,State Highway,Bitumen(Tar),Others,Not Applicable,Others,DB Puara Raod Near Puttenahalli Bus stop,DB Puara Raod Near Puttenahalli Bus stop,2km,0.0,0.0,0,1,0.0,1.0
Bengaluru City,Yelahanka Traffic PS,1.04432e+16,2020,1,2,Not Applicable,Not Applicable,City/Town,Near School or College,Not Applicable,No,Damage Only,Vehicle to Vehicle,Not Applicable,Incline,Not Applicable,Concrete,Not Applicable,Not Applicable,Others,Parking place Yelahanka,Parking place Yelahanka,3 km,0.0,0.0,0,0,0.0,0.0
Bengaluru City,Yelahanka Traffic PS,1.04432e+16,2020,1,1,Road Accidents,Not Applicable,City/Town,Near Bus stop,Not Applicable,Yes,Simple Injury,Hit pedestrian,Uncontrolled,Others,Not Applicable,Bitumen(Tar),Others,Not Applicable,Others,Newtown Bus stop Main Road,Newtown Bus stop Main Road,1.5 km,0.0,0.0,0,1,0.0,1.0
Bengaluru City,Yelahanka Traffic PS,1.04432e+16,2020,1,1,Not Applicable,Not Applicable,City/Town,Near School or College,Not Applicable,No,Simple Injury,Hit pedestrian,Uncontrolled,Straight and flat,Others,Bitumen(Tar),Others,Not Applicable,Others,Near sheshadripuram college Yelahanka,Near sheshadripuram college Yelahanka,05.km,0.0,0.0,0,1,0.0,1.0
Bengaluru City,Yelahanka Traffic PS,1.04432e+16,2020,1,1,Not Applicable,Narrow road,City/Town,In bazaar,Human Error,No,Simple Injury,Not Applicable,Not Applicable,Straight and flat,Others,Bitumen(Tar),Others,Not Applicable,Others,Yelahanka Newtown Near Garuda mall,Yelahanka Newtown Near Garuda mall,1.5 km,0.0,0.0,0,1,0.0,1.0
Bengaluru City,Yelahanka Traffic PS,1.04432e+16,2020,1,1,Road Accidents,Road hump or Rumble strips,City/Town,Near or inside a village,Human Error,No,Fatal,Not Applicable,Controlled,Curve,Residential Street,Bitumen(Tar),Dry,No influence on accident,Cloudy,Near Lakshmi Venkateshwara Bakery,Near Lakshmi Venkateshwara Bakery,30ft,0.0,0.0,0,0,0.0,0.0
Bengaluru City,Yelahanka Traffic PS,1.04432e+16,2020,1,2,Not Applicable,Not Applicable,City/Town,Near office complex,Human Error,No,Simple Injury,Vehicle to Vehicle,Not Applicable,Straight and flat,NH,Bitumen(Tar),Others,Not Applicable,Others,"BB Road, Opposite Coffee day",BB Road Opposite Coffee day,1 km,0.0,0.0,0,1,0.0,1.0
Bengaluru City,Yelahanka Traffic PS,1.04432e+16,2020,1,2,Not Applicable,Not Applicable,City/Town,Near office complex,Human Error,No,Fatal,Vehicle to Vehicle,Not at  Junction,Others,NH,Bitumen(Tar),Others,Not Applicable,Others,BB Road Near IAF 4th Gate Yelahanka,BB Road Near IAF 4th Gate Yelahanka,3 km,0.0,0.0,0,1,0.0,1.0
Bengaluru City,Yelahanka Traffic PS,1.04432e+16,2020,1,1,Road Accidents,Curves,City/Town,In bazaar,Human Error,No,Grievous Injury,Hit pedestrian,Controlled,Curve,Two way,Bitumen(Tar),Dry,No influence on accident,Cloudy,NEAR SANGEETHA MOBILE SHOW ROOM,NEAR SANGEETHA MOBILE SHOW ROOM,50 FT,0.0,0.0,0,0,0.0,0.0
Bengaluru City,Yelahanka Traffic PS,1.04432e+16,2020,1,2,Not Applicable,Not Applicable,City/Town,Residential area,Human Error,Yes,Simple Injury,Vehicle to Vehicle,Not at  Junction,Others,Others,Bitumen(Tar),Others,Not Applicable,Others,GKVK Compound GKVK Double Road,GKVK Compound GKVK Double Road,3.5 km,0.0,0.0,0,1,0.0,1.0
Bengaluru City,Yelahanka Traffic PS,1.04432e+16,2020,1,2,Not Applicable,Not Applicable,City/Town,Near a factory industrial area,Human Error,No,Fatal,Vehicle to Vehicle,Not at  Junction,Others,Others,Bitumen(Tar),Others,Not Applicable,Others,Kogilu main road,Near Ittige factory,3 km,0.0,0.0,0,1,0.0,1.0
Bengaluru City,Yelahanka Traffic PS,1.04432e+16,2020,1,2,Road Accidents,Narrow road,City/Town,Residential area,Human Error,No,Damage Only,Vehicle to Vehicle,Not at  Junction,Not Applicable,Residential Street,Bitumen(Tar),Dry,Not Applicable,Clear,NEAR NEW TOWN POLICE STATION,yelehanka new town police station,3KM,0.0,0.0,0,0,0.0,0.0
Bengaluru City,Yelahanka Traffic PS,1.04432e+16,2020,1,2,Not Applicable,Not Applicable,City/Town,Residential area,Not Applicable,No,Simple Injury,Vehicle to Vehicle,Not at  Junction,Others,Others,Bitumen(Tar),Others,Not Applicable,Others,Kogilu main Road,maruthi nagar,2 km,0.0,0.0,0,1,0.0,1.0
Bengaluru City,Yelahanka Traffic PS,1.04432e+16,2020,1,1,Road Accidents,Circle,City/Town,In bazaar,Human Error,No,Simple Injury,Hit pedestrian,Uncontrolled,Curve,NH,Bitumen(Tar),Dry,No influence on accident,Cloudy,NEAR RMZ GALLARIA,NEAR RMZ GALLARIA,50FT,0.0,0.0,0,0,0.0,0.0
Bengaluru City,Yelahanka Traffic PS,1.04432e+16,2020,1,1,Road Accidents,Narrow road,City/Town,Near a factory industrial area,Not Applicable,No,Simple Injury,Hit pedestrian,Uncontrolled,Others,Others,Surfaced,Not Applicable,Not Applicable,Others,DB Pura main Road Near Federal Mogul Factory,DB Pura main Road,1km,0.0,0.0,0,0,,
Bengaluru City,Yelahanka Traffic PS,1.04432e+16,2020,1,1,Road Accidents,Not Applicable,City/Town,Near or inside a village,Not Applicable,Not Applicable,Simple Injury,Not Applicable,Not at  Junction,Curve,Others,Surfaced,Muddy,Not Applicable,Others,Mavallipuram Road,Mavallipuram Road,6 km,0.0,0.0,0,4,,
Bengaluru City,Yelahanka Traffic PS,1.04432e+16,2020,1,3,Road Accidents,Not Applicable,City/Town,Open area,Human Error,Not Applicable,Fatal,Vehicle to Vehicle,Uncontrolled,Straight and flat,NH,Bitumen(Tar),Not Applicable,No influence on accident,Clear,B B road Venkatal on flyover,Venkatal on flyover,80,0.0,0.0,0,0,0.0,0.0
Bengaluru City,Yelahanka Traffic PS,1.04432e+16,2020,1,2,Not Applicable,Not Applicable,City/Town,Near office complex,Human Error,No,Simple Injury,Vehicle to Vehicle,Not at  Junction,Straight and flat,One way,Bitumen(Tar),Others,Not Applicable,Others,Sandeep Unnikrishnan Road Yelahanka Newtown,Sandeep Unnikrishnan Road Yelahanka Newtown,2 km,0.0,0.0,0,1,0.0,1.0
Bengaluru City,Yelahanka Traffic PS,1.04432e+16,2020,1,1,Not Applicable,Not Applicable,City/Town,Open area,Human Error,No,Grievous Injury,Not Applicable,Not at  Junction,Others,Others,Kutcha,Others,Not Applicable,Others,Mavallipuram Road Yelahanka,Mavallipuram Road Yelahanka,5 km,0.0,0.0,0,1,4.0,5.0
Bengaluru City,Yelahanka Traffic PS,1.04432e+16,2020,1,3,Not Applicable,Not Applicable,City/Town,Near School or College,Human Error,No,Damage Only,Vehicle to Vehicle,Not at  Junction,Others,NH,Bitumen(Tar),Others,Not Applicable,Others,Near Vidyashilpa Flyover Yelahanka,Near Vidyashilpa Flyover Yelahanka,1.5 km,0.0,0.0,0,1,0.0,1.0
Bengaluru City,Yelahanka Traffic PS,1.04432e+16,2020,1,3,Not Applicable,Not Applicable,City/Town,Near School or College,Not Applicable,No,Damage Only,Vehicle to Vehicle,Signal lights Automatic,Others,State Highway,Bitumen(Tar),Others,Not Applicable,Others,DB Pura main Road Yelahanka Circle Signal,DB Pura main Road Yelahanka Circle Signal,50mtrs,0.0,0.0,0,1,0.0,1.0
Bengaluru City,Yelahanka Traffic PS,1.04432e+16,2020,1,1,Not Applicable,Not Applicable,City/Town,Near a factory industrial area,Human Error,No,Fatal,Hit pedestrian,Not at  Junction,Others,State Highway,Bitumen(Tar),Others,Not Applicable,Others,DB pura main road,Near railway wheel factory,1.5 km,13.166772,77.581664,0,1,0.0,1.0
Bengaluru City,Yelahanka Traffic PS,1.04432e+16,2020,1,1,Not Applicable,Not Applicable,City/Town,Near a religious place,Not Applicable,No,Simple Injury,Hit pedestrian,Not Applicable,Others,Others,Bitumen(Tar),Others,Not Applicable,Others,GKVK Double Road Near Parameshwari Temple Vidyaranyapur,GKVK Double Road Near Parameshwari Temple Vidyaranyapur,3.5 km,0.0,0.0,0,1,0.0,1.0
Bengaluru City,Yelahanka Traffic PS,1.04432e+16,2020,1,1,Not Applicable,Not Applicable,City/Town,Near a recreation place/cinema,Human Error,No,Simple Injury,Vehicle to Vehicle,Not at  Junction,Others,Others,Concrete,Others,Not Applicable,Others,GR enterprisers,Atturu,4 km,0.0,0.0,0,1,0.0,1.0
Bengaluru City,Yelahanka Traffic PS,1.04432e+16,2020,1,2,Not Applicable,Not Applicable,City/Town,Near or inside a village,Human Error,No,Simple Injury,Vehicle to Vehicle,Not at  Junction,Others,State Highway,Bitumen(Tar),Not Applicable,Not Applicable,Others,"DB pura main Road, Near Nice mart, Yelahanka Newtown",DB pura main Road,4 km,0.0,0.0,0,0,0.0,0.0
Bengaluru City,Yelahanka Traffic PS,1.04432e+16,2020,1,3,Not Applicable,Not Applicable,City/Town,Near Petrol Pump,Not Applicable,Yes,Damage Only,Vehicle to Vehicle,Not at  Junction,Others,Others,Bitumen(Tar),Others,Not Applicable,Others,BB Road On fly over Near Jakkuru junction Yelahanka,BB Road On fly over Near Jakkuru junction Yelahanka,2 km,0.0,0.0,0,1,0.0,1.0
Bengaluru City,Yelahanka Traffic PS,1.04432e+16,2020,1,2,Not Applicable,Not Applicable,City/Town,Near School or College,Not Applicable,No,Simple Injury,Vehicle to Vehicle,Not at  Junction,Others,Others,Bitumen(Tar),Others,Not Applicable,Others,on fly over BB Road,Near vidyashilpa school,1 km,0.0,0.0,0,1,0.0,1.0
Bengaluru City,Yelahanka Traffic PS,1.04432e+16,2020,1,2,Road Accidents,Cross roads,City/Town,In bazaar,Not Applicable,Yes,Simple Injury,Vehicle to Vehicle,Uncontrolled,Others,Others,Bitumen(Tar),Others,Not Applicable,Others,Near Mother dairy circle,Near Mother dairy circle,2.5 km,0.0,0.0,0,1,0.0,1.0
Bengaluru City,Yelahanka Traffic PS,1.04432e+16,2020,1,2,Road Accidents,Circle,City/Town,Near Bus stop,Vehicle Defect,Yes,Simple Injury,Vehicle to Vehicle,Controlled,Curve,State Highway,Surfaced,Others,Not Applicable,Not Applicable,Yelahanka Circle,Yelahanka Circle,30 mtr,0.0,0.0,0,1,,
Bengaluru City,Yelahanka Traffic PS,1.04432e+16,2020,1,2,Not Applicable,Narrow road,City/Town,Residential area,Human Error,No,Simple Injury,Vehicle to Vehicle,Uncontrolled,Straight and flat,Others,Bitumen(Tar),Others,Not Applicable,Others,Singapur main Road Near valmiki circle,Singapur main Road Near valmiki circle,5 km,0.0,0.0,0,1,0.0,1.0
Bengaluru City,Yelahanka Traffic PS,1.04432e+16,2020,1,2,Not Applicable,Not Applicable,City/Town,Residential area,Not Applicable,Yes,Grievous Injury,Vehicle to Vehicle,Not at  Junction,Straight and flat,State Highway,Bitumen(Tar),Others,Not Applicable,Others,"Near Puttenahalli Lake, DB Pura main Road",Near uttenahalli Lake DB Pura main Road,2.5 km,0.0,0.0,0,1,0.0,1.0
Bengaluru City,Yelahanka Traffic PS,1.04432e+16,2020,1,1,Not Applicable,Not Applicable,City/Town,Near Bus stop,Human Error,No,Fatal,Not Applicable,No signal lights,Others,Others,Bitumen(Tar),Others,Not Applicable,Others,Near Jally Mission Doddabettahalli,Near Jally Mission Doddabettahalli,3.5 km,0.0,0.0,0,1,0.0,1.0
Bengaluru City,Yelahanka Traffic PS,1.04432e+16,2020,1,2,Not Applicable,Junction,City/Town,Near Bus stop,Human Error,No,Damage Only,Vehicle to Vehicle,Signals (Working),Others,Others,Bitumen(Tar),Others,Not Applicable,Others,BB Road Near Pragathi Scanning Center Santhe circle,BB Road Near Pragathi Scanning Center Santhe circle,0.5 km,0.0,0.0,0,1,0.0,1.0
Bengaluru City,Yelahanka Traffic PS,1.04432e+16,2020,1,1,Not Applicable,Narrow road,City/Town,Residential area,Not Applicable,No,Simple Injury,Hit pedestrian,Controlled,Others,Others,Gravel,Not Applicable,Drainage Ditch,Cloudy,Chikkabommasandra,Chikkabommasandra,0.2,0.0,0.0,4,0,3.0,7.0
Bengaluru City,Yelahanka Traffic PS,1.04432e+16,2020,1,2,Not Applicable,Not Applicable,City/Town,Near office complex,Human Error,Yes,Fatal,Vehicle to Vehicle,No signal lights,Others,NH,Bitumen(Tar),Not Applicable,Not Applicable,Others,BB Road GKVK Onfly over Yelahanka,BB Road GKVK Onfly over Yelahanka,2 km,0.0,0.0,0,0,0.0,0.0
Bengaluru City,Yelahanka Traffic PS,1.04432e+16,2020,1,2,Not Applicable,Not Applicable,City/Town,Residential area,Human Error,No,Simple Injury,Vehicle to Vehicle,Not at  Junction,Others,Others,Bitumen(Tar),Others,Not Applicable,Others,"Unnikrishnan Road, Near Bettahalli Yelahanka Newtown",Unnikrishnan Road Near Bettahalli Yelahanka Newtown,3 KM,0.0,0.0,0,1,0.0,1.0
Bengaluru City,Yelahanka Traffic PS,1.04432e+16,2020,1,2,Not Applicable,Not Applicable,City/Town,Near Petrol Pump,Not Applicable,Yes,Simple Injury,Vehicle to Vehicle,Not at  Junction,Others,NH,Bitumen(Tar),Not Applicable,Not Applicable,Others,"BB Road, GKVK Onflyover, Yelahanka",BB Road GKVK Onflyover Yelahanka,4 km,0.0,0.0,0,0,0.0,0.0
Bengaluru City,Yelahanka Traffic PS,1.04432e+16,2020,1,3,Not Applicable,Not Applicable,City/Town,Open area,Not Applicable,No,Damage Only,Vehicle to Vehicle,Not at  Junction,Others,NH,Bitumen(Tar),Others,Not Applicable,Others,BB Road on fly over,near venkatala,2 km,0.0,0.0,0,1,0.0,1.0
Bengaluru City,Yelahanka Traffic PS,1.04432e+16,2020,1,3,Road Accidents,Cross roads,City/Town,In bazaar,Human Error,No,Damage Only,Vehicle to Vehicle,Uncontrolled,Curve,NH,Bitumen(Tar),Dry,No influence on accident,Clear,NEAR UDUPI HOTEL,NEAR UDUPI HOTEL,130FT,0.0,0.0,0,0,0.0,0.0
Bengaluru City,Yelahanka Traffic PS,1.04432e+16,2020,1,2,Road Accidents,Narrow road,City/Town,Near or inside a village,Vehicle Defect,Yes,Simple Injury,Vehicle to Vehicle,Uncontrolled,Others,Others,Surfaced,Others,Not Applicable,Others,Near Kenchanahalli Gate,Near Kenchanahalli Gate,3 km,0.0,0.0,0,1,,
Bengaluru City,Yelahanka Traffic PS,1.04432e+16,2020,1,2,Not Applicable,Narrow road,City/Town,Near Bus stop,Not Applicable,No,Simple Injury,Vehicle to Vehicle,Uncontrolled,Others,Others,Bitumen(Tar),Not Applicable,Not Applicable,Others,Kogilu main Road Near Adithya college,Kogilu main Road Near Adithya college,2 km,0.0,0.0,0,0,0.0,0.0
Bengaluru City,Yelahanka Traffic PS,1.04432e+16,2020,1,2,Not Applicable,Narrow road,City/Town,In bazaar,Human Error,Yes,Fatal,Vehicle to Vehicle,No signal lights,Others,Others,Bitumen(Tar),Others,Not Applicable,Others,Near S Deepa Family Restaurants Ananthpur Road,Near S Deepa Family Restaurants Ananthpur Road,4 km,13.115244,77.56575,0,1,0.0,1.0
Bengaluru City,Yelahanka Traffic PS,1.04432e+16,2020,1,2,Not Applicable,Narrow road,City/Town,Residential area,Human Error,Yes,Simple Injury,Vehicle to Vehicle,Not at  Junction,Others,Others,Bitumen(Tar),Others,Not Applicable,Others,"Near Ragareshwara Temple, Yelahanka old Town",Near Ragareshwara Temple Yelahanka old Town,1 km,0.0,0.0,0,1,0.0,1.0
Bengaluru City,Yelahanka Traffic PS,1.04432e+16,2020,1,3,Road Accidents,Not Applicable,City/Town,Residential area,Human Error,No,Simple Injury,Vehicle to Vehicle,Not Applicable,Others,NH,Bitumen(Tar),Others,Not Applicable,Others,BB Road Near IAF main gate Yelahanka,BB Road Near IAF main gate Yelahanka,3 km,0.0,0.0,0,1,0.0,1.0
Bengaluru City,Yelahanka Traffic PS,1.04432e+16,2020,1,2,Not Applicable,Not Applicable,City/Town,Residential area,Human Error,No,Damage Only,Vehicle to Vehicle,Not at  Junction,Others,State Highway,Bitumen(Tar),Others,Not Applicable,Others,"Ananthapura Gate, DB Pura Road",Ananthapura Gate DB Pura Road,3 km,0.0,0.0,0,1,0.0,1.0
Bengaluru City,Yelahanka Traffic PS,1.04432e+16,2020,1,2,Not Applicable,Not Applicable,City/Town,Near or inside a village,Human Error,Yes,Simple Injury,Vehicle to Vehicle,Not Applicable,Others,Others,Bitumen(Tar),Not Applicable,Not Applicable,Others,"Kondappa Layout, 22nd cross, Near Sai Baba temple Yelahanka",Near Yelahanka Railway Station,2 km,0.0,0.0,0,0,0.0,0.0
Bengaluru City,Yelahanka Traffic PS,1.04432e+16,2020,1,2,Not Applicable,Not Applicable,City/Town,Residential area,Not Applicable,No,Simple Injury,Vehicle to Vehicle,Not at  Junction,Others,Others,Bitumen(Tar),Others,Not Applicable,Others,Mavallipuram main Road Near Prasanna Anjaneya Temple Yelahanka,Mavallipuram main Road Near Prasanna Anjaneya Temple Yelahanka,5 km,0.0,0.0,0,1,0.0,1.0