DISTRICTNAME,UNITNAME,Crime_No,Year,RI,Noofvehicle_involved,Accident_Classification,Accident_Spot,Accident_Location,Accident_SubLocation,Main_Cause,Hit_Run,Severity,Collision_Type,Junction_Control,Road_Character,Road_Type,Surface_Type,Surface_Condition,Road_Condition,Weather,Accident_Road,Landmark_first,Distance_LandMark_First,Latitude,Longitude,Road_Condition_Score,Surface_Condition_Score,Surface_Type_Score,Road_Risk_Index
Bengaluru City,Yelahanka Traffic PS,1.04432e+16,2020,1,2,Not Applicable,Not Applicable,City/Town,Near office complex,Human Error,No,Damage Only,Vehicle to Vehicle,No signal lights,Others,NH,Bitumen(Tar),Others,Not Applicable,Others,"BB road, Near Jakkuru Aerodrome, Fly Over Yelahanka",BB Road Near Jakkuru Aerodrome Fly Over Yelahanka,1.5 km,0.0,0.0,0,1,0.0,1.0
Bengaluru City,Yelahanka Traffic PS,1.04432e+16,2020,1,2,Not Applicable,Junction,City/Town,Near Bus stop,Human Error,No,Simple Injury,Vehicle to Vehicle,No signal lights,Curve,One way,Bitumen(Tar),Others,Not Applicable,Others,Mother Dairy Junction Yelahanka Newtown,Mother Dairy Junction Yelahanka Newtown,2 km,0.0,0.0,0,1,0.0,1.0
Bengaluru City,Yelahanka Traffic PS,1.04432e+16,2020,1,1,Not Applicable,Not Applicable,City/Town,Near office complex,Human Error,Yes,Fatal,Hit bicyclist,Not at  Junction,Others,NH,Bitumen(Tar),Others,Not Applicable,Others,"BB Service Road, Near ECOPOLISH Company Gate Yelahanka",BB Service Road Near ECOPOLISH Company Gate Yelahanka,3.5 km,0.0,0.0,0,1,0.0,1.0
Bengaluru City,Yelahanka Traffic PS,1.04432e+16,2020,1,2,Not Applicable,Not Applicable,City/Town,Open area,Not Applicable,Yes,Damage Only,Vehicle to Vehicle,Not at  Junction,Others,NH,Bitumen(Tar),Others,Not Applicable,Others,"BB Road, On Kogilu cross Fly over Yelahanka",BB Road On Kogilu cross Fly over Yelahanka,2 km,0.0,0.0,0,1,0.0,1.0
Bengaluru City,Yelahanka Traffic PS,1.04432e+16,2020,1,1,Not Applicable,Not Applicable,City/Town,Near Bus stop,Not Applicable,No,Fatal,Hit pedestrian,Not at  Junction,Others,Others,Bitumen(Tar),Others,Not Applicable,Others,DB pura main road,yelahanka govt college,1 km,0.0,0.0,0,1,0.0,1.0
Bengaluru City,Yelahanka Traffic PS,1.04432e+16,2020,1,2,Not Applicable,Not Applicable,City/Town,Residential area,Not Applicable,No,Simple Injury,Vehicle to Vehicle,Not Applicable,Others,Others,Bitumen(Tar),Others,Not Applicable,Others,BB Road,Raithara santhe,2 km,0.0,0.0,0,1,0.0,1.0
Bengaluru City,Yelahanka Traffic PS,1.04432e+16,2020,1,1,Not Applicable,Not Applicable,City/Town,Residential area,Human Error,No,Fatal,Vehicle to Vehicle,Not at  Junction,Others,NH,Bitumen(Tar),Not Applicable,Not Applicable,Others,BB road,GKVK main  gate,3 km,0.0,0.0,0,0,0.0,0.0
Bengaluru City,Yelahanka Traffic PS,1.04432e+16,2020,1,1,Road Accidents,Cross roads,City/Town,Near Bus stop,Human Error,No,Simple Injury,Hit bicyclist,Uncontrolled,Curve,Two way,Bitumen(Tar),Dry,No influence on accident,Clear,NEAR ANANTHAPURA GATE,NEAR ANANTHAPURA GATE,30FT,0.0,0.0,0,0,0.0,0.0
Bengaluru City,Yelahanka Traffic PS,1.04432e+16,2020,1,1,Road Accidents,Not Applicable,City/Town,Near Bus stop,Not Applicable,Yes,Simple Injury,Hit pedestrian,Uncontrolled,Others,Others,Bitumen(Tar),Others,Not Applicable,Others,Atturu Bus stop Yelahanka Newtown,Atturu Bus stop Yelahanka Newtown,3km,0.0,0.0,0,1,0.0,1.0
Bengaluru City,Yelahanka Traffic PS,1.04432e+16,2020,1,1,Road Accidents,Narrow road,City/Town,Near School or College,Human Error,No,Damage Only,Not Applicable,Uncontrolled,Curve,Two way,Bitumen(Tar),Dry,No influence on accident,Cloudy,NEAR SAMBRAMA COLLEGE,NEAR SAMBRAMA COLLEGE,45 FT,0.0,0.0,0,0,0.0,0.0
Bengaluru City,Yelahanka Traffic PS,1.04432e+16,2020,1,1,Not Applicable,Not Applicable,City/Town,Near Bus stop,Human Error,No,Simple Injury,Not Applicable,Not at  Junction,Others,Others,Bitumen(Tar),Others,Not Applicable,Others,"16th B Main Road, Near Sumathi Medicles",16th B Main Road Near Sumathi Medicles,2 km,0.0,0.0,0,1,0.0,1.0
Bengaluru City,Yelahanka Traffic PS,1.04432e+16,2020,1,2,Road Accidents,Curves,City/Town,Near School or College,Human Error,No,Damage Only,Vehicle to Vehicle,Not at  Junction,Curve,NH,Bitumen(Tar),Dry,No influence on accident,Clear,ROYAN INTER NATIONAL SCHOOL,ROYAN INTER NATIONAL SCHOOL,45 FT,0.0,0.0,0,0,0.0,0.0
Bengaluru City,Yelahanka Traffic PS,1.04432e+16,2020,1,2,Not Applicable,Junction,City/Town,Near Bus stop,Not Applicable,Yes,Simple Injury,Vehicle to Vehicle,No signal lights,Curve,Others,Bitumen(Tar),Others,Not Applicable,Others,Near Thirumala Daba MSU Road Yelahanka,Near Thirumala Daba MSU Road Yelahanka,3 km,0.0,0.0,0,1,0.0,1.0
Bengaluru City,Yelahanka Traffic PS,1.04432e+16,2020,1,2,Road Accidents,Junction,City/Town,Near or inside a village,Human Error,No,Damage Only,Vehicle to Vehicle,Controlled,Others,NH,Bitumen(Tar),Dry,No influence on accident,Clear,FLY OVER WALL,FLY OVER WALL,25 FT,0.0,0.0,0,0,0.0,0.0
Bengaluru City,Yelahanka Traffic PS,1.04432e+16,2020,1,2,Not Applicable,Not Applicable,City/Town,Residential area,Human Error,No,Simple Injury,Not Applicable,Not at  Junction,Others,Others,Bitumen(Tar),Others,Not Applicable,Others,Near Durga Temple Vidyaranyapur main Road Vidyaranyapur,Near Durga Temple Vidyaranyapur main Road Vidyaranyapur,5 km,0.0,0.0,0,1,0.0,1.0
Bengaluru City,Yelahanka Traffic PS,1.04432e+16,2020,1,2,Road Accidents,Narrow road,City/Town,Narrow bridge or culverts,Not Applicable,No,Grievous Injury,Vehicle to Vehicle,Police / Manual,Not Applicable,Two way,Bitumen(Tar),Dry,Not Applicable,Clear,Sante Circle Yelahanka,Sante Circle Yelahanka,1,0.0,0.0,0,0,0.0,0.0
Bengaluru City,Yelahanka Traffic PS,1.04432e+16,2020,1,1,Road Accidents,Cross roads,City/Town,Near School or College,Human Error,No,Simple Injury,Not Applicable,Uncontrolled,Curve,Two way,Bitumen(Tar),Dry,No influence on accident,Cloudy,THINDLU ROAD,THINDLU ROAD,50FT,0.0,0.0,0,0,0.0,0.0
Bengaluru City,Yelahanka Traffic PS,1.04432e+16,2020,1,2,Road Accidents,Not Applicable,City/Town,Near Bus stop,Human Error,No,Simple Injury,Vehicle to Vehicle,Uncontrolled,Straight and flat,NH,Bitumen(Tar),Dry,Not Applicable,Cloudy,NEAR JAKKURU AERO DRUM,NEAR JAKKURU AERO DRUM,50 FT,0.0,0.0,0,0,0.0,0.0
Bengaluru City,Yelahanka Traffic PS,1.04432e+16,2020,1,2,Not Applicable,Narrow road,City/Town,Residential area,Not Applicable,Yes,Simple Injury,Vehicle to Vehicle,Uncontrolled,Others,Others,Bitumen(Tar),Others,Not Applicable,Others,Near Almond Tree APRT Yelahanka,Near Almond Tree APRT Yelahanka,4km,0.0,0.0,0,1,0.0,1.0
Bengaluru City,Yelahanka Traffic PS,1.04432e+16,2020,1,1,Not Applicable,Not Applicable,City/Town,Near School or College,Not Applicable,Yes,Simple Injury,Hit pedestrian,Uncontrolled,Not Applicable,Others,Bitumen(Tar),Others,Not Applicable,Others,DB Pura Road,DB Pura Road,4 km,0.0,0.0,0,1,0.0,1.0
Bengaluru City,Yelahanka Traffic PS,1.04432e+16,2020,1,2,Not Applicable,Not Applicable,City/Town,Near office complex,Human Error,No,Fatal,Vehicle to Vehicle,Not at  Junction,Others,NH,Bitumen(Tar),Muddy,Not Applicable,Others,BB Road Near Infront of Jakkuru Aerodrome,BB Road Near Infront of Jakkuru Aerodrome,2 km,13.075976,77.59285,0,4,0.0,4.0
Bengaluru City,Yelahanka Traffic PS,1.04432e+16,2020,1,2,Road Accidents,Not Applicable,City/Town,Near office complex,Human Error,No,Simple Injury,Vehicle to Vehicle,Not at  Junction,Others,Others,Bitumen(Tar),Others,Not Applicable,Others,BB Road Near Venkata Yelahanka,BB Road Near Venkata Yelahanka,2 km,0.0,0.0,0,1,0.0,1.0
Bengaluru City,Yelahanka Traffic PS,1.04432e+16,2020,1,2,Not Applicable,Not Applicable,City/Town,Residential area,Human Error,No,Simple Injury,Vehicle to Vehicle,Not at  Junction,Others,State Highway,Bitumen(Tar),Others,Not Applicable,Others,"Near NCC Apartment, DB Pura Road",Near NCC Apartment DB Pura Road,5 km,0.0,0.0,0,1,0.0,1.0
Bengaluru City,Yelahanka Traffic PS,1.04432e+16,2020,1,2,Road Accidents,Cross roads,City/Town,Near School or College,Human Error,Yes,Simple Injury,Vehicle to Vehicle,Controlled,Curve,Others,Bitumen(Tar),Dry,No influence on accident,Clear,NEAR G K V K COMPUS,NEAR ELECTRIC POLE,25,0.0,0.0,0,0,0.0,0.0
Bengaluru City,Yelahanka Traffic PS,1.04432e+16,2020,1,2,Not Applicable,Not Applicable,City/Town,Near office complex,Human Error,No,Simple Injury,Vehicle to Vehicle,Not at  Junction,Others,Others,Bitumen(Tar),Others,Not Applicable,Others,Near GKVK Back Gate Yelahanka,Near GKVK Back Gate Yelahanka,2 km,0.0,0.0,0,1,0.0,1.0
Bengaluru City,Yelahanka Traffic PS,1.04432e+16,2020,1,2,Not Applicable,Not Applicable,City/Town,Near Hospital,Not Applicable,No,Simple Injury,Vehicle to Vehicle,Not Applicable,Others,Others,Bitumen(Tar),Not Applicable,Not Applicable,Others,B B Road,CYTE care hospital,3 km,0.0,0.0,0,0,0.0,0.0
Bengaluru City,Yelahanka Traffic PS,1.04432e+16,2021,1,1,Not Applicable,Not Applicable,City/Town,Near School or College,Human Error,No,Simple Injury,Hit pedestrian,Not at  Junction,Others,Others,Bitumen(Tar),Others,Not Applicable,Others,Sambhrama college road,MS PALYA,5 KM,0.0,0.0,0,1,0.0,1.0
Bengaluru City,Yelahanka Traffic PS,1.04432e+16,2021,1,2,Road Accidents,Cross roads,City/Town,Near Bus stop,Human Error,No,Grievous Injury,Vehicle to Vehicle,Uncontrolled,Others,NH,Bitumen(Tar),Dry,No influence on accident,Cloudy,NEAR SIGNAL POLE,NEAR SIGNAL POLE,30 FT,0.0,0.0,0,0,0.0,0.0
Bengaluru City,Yelahanka Traffic PS,1.04432e+16,2021,1,2,Not Applicable,Not Applicable,City/Town,Near office complex,Human Error,No,Simple Injury,Vehicle to Vehicle,Not at  Junction,Not Applicable,Others,Bitumen(Tar),Not Applicable,Not Applicable,Others,Opposite Yelahanka police station,Yelahanka circle,50 mtr,0.0,0.0,0,0,0.0,0.0
Bengaluru City,Yelahanka Traffic PS,1.04432e+16,2021,1,2,Not Applicable,Not Applicable,City/Town,Residential area,Human Error,No,Simple Injury,Vehicle to Vehicle,Not at  Junction,Others,Others,Bitumen(Tar),Not Applicable,Not Applicable,Others,BB Road,BB road near bypass junction,1 km,0.0,0.0,0,0,0.0,0.0
Bengaluru City,Yelahanka Traffic PS,1.04432e+16,2021,1,1,Not Applicable,Not Applicable,City/Town,Near or inside a village,Human Error,No,Fatal,Vehicle to Vehicle,Not at  Junction,Others,Others,Bitumen(Tar),Others,Not Applicable,Others,veerasagar main road,kenchenhalli cross,6 km,13.106516,77.54802,0,1,0.0,1.0
Bengaluru City,Yelahanka Traffic PS,1.04432e+16,2021,1,2,Not Applicable,Not Applicable,City/Town,Near office complex,Human Error,No,Simple Injury,Vehicle to Vehicle,Not at  Junction,Others,Not Applicable,Bitumen(Tar),Others,Not Applicable,Others,"BB main road, jakkuru Aerodrum fly over yelahanka",BB main road jakkuru Aerodrum fly over,3 km,0.0,0.0,0,1,0.0,1.0
Bengaluru City,Yelahanka Traffic PS,1.04432e+16,2021,1,1,Not Applicable,Not Applicable,City/Town,Near office complex,Human Error,No,Simple Injury,Hit pedestrian,Not at  Junction,Others,State Highway,Bitumen(Tar),Others,Not Applicable,Others,DB pura main road,Near CRPF,3 km,0.0,0.0,0,1,0.0,1.0
Bengaluru City,Yelahanka Traffic PS,1.04432e+16,2021,1,2,Not Applicable,Not Applicable,City/Town,Near or inside a village,Human Error,No,Simple Injury,Vehicle to Vehicle,Not at  Junction,Others,NH,Bitumen(Tar),Others,Not Applicable,Others,BB road Near eco polis,BB road Near eco polis,4 km,0.0,0.0,0,1,0.0,1.0
Bengaluru City,Yelahanka Traffic PS,1.04432e+16,2021,1,2,Not Applicable,Not Applicable,City/Town,In bazaar,Human Error,No,Damage Only,Vehicle to Vehicle,Not at  Junction,Others,NH,Bitumen(Tar),Others,Not Applicable,Others,BB service road,near raithara santhe,1 km,0.0,0.0,0,1,0.0,1.0
Bengaluru City,Yelahanka Traffic PS,1.04432e+16,2021,1,1,Not Applicable,Not Applicable,Rural Areas,Near office complex,Human Error,Yes,Simple Injury,Hit pedestrian,Not at  Junction,Others,State Highway,Bitumen(Tar),Others,Not Applicable,Others,DB pura mai road,Ramanashree california,2 km,0.0,0.0,0,1,0.0,1.0
Bengaluru City,Yelahanka Traffic PS,1.04432e+16,2021,1,2,Not Applicable,Not Applicable,City/Town,Near Hospital,Human Error,No,Fatal,Vehicle to Vehicle,Not at  Junction,Others,Others,Bitumen(Tar),Others,Not Applicable,Others,maruthi nagar main road,surabhi layout,2 km,13.108692,77.606461,0,1,0.0,1.0
Bengaluru City,Yelahanka Traffic PS,1.04432e+16,2021,1,2,Not Applicable,Not Applicable,City/Town,Residential area,Human Error,No,Fatal,Vehicle to Vehicle,Not at  Junction,Others,Others,Bitumen(Tar),Others,Not Applicable,Others,other road,Yelahanka,1 km,0.0,0.0,0,1,0.0,1.0
Bengaluru City,Yelahanka Traffic PS,1.04432e+16,2021,1,1,Not Applicable,Not Applicable,City/Town,Near or inside a village,Human Error,No,Damage Only,Hit pedestrian,Not at  Junction,Others,State Highway,Bitumen(Tar),Others,Not Applicable,Others,Kogilu main road,infront of manjunath mart,2 km,13.104396,77.604709,0,1,0.0,1.0
Bengaluru City,Yelahanka Traffic PS,1.04432e+16,2021,1,1,Not Applicable,Not Applicable,City/Town,Near office complex,Human Error,No,Simple Injury,Hit pedestrian,Not at  Junction,Others,Others,Bitumen(Tar),Others,Not Applicable,Others,Sambhrama college road,MS palya,6 km,0.0,0.0,0,1,0.0,1.0
Bengaluru City,Yelahanka Traffic PS,1.04432e+16,2021,1,2,Not Applicable,Not Applicable,City/Town,Near office complex,Human Error,No,Simple Injury,Vehicle to Vehicle,Not at  Junction,Others,Others,Bitumen(Tar),Others,Not Applicable,Others,other road,Near Muneshwara temple,6 km,0.0,0.0,0,1,0.0,1.0
Bengaluru City,Yelahanka Traffic PS,1.04432e+16,2021,1,1,Not Applicable,Not Applicable,City/Town,Near Bus stop,Human Error,No,Grievous Injury,Vehicle to Vehicle,Not at  Junction,Others,State Highway,Bitumen(Tar),Others,Not Applicable,Others,DB pura main road,near NES,1 km,0.0,0.0,0,1,0.0,1.0
Bengaluru City,Yelahanka Traffic PS,1.04432e+16,2021,1,2,Not Applicable,Not Applicable,City/Town,Near office complex,Human Error,No,Simple Injury,Vehicle to Vehicle,Not at  Junction,Others,Others,Bitumen(Tar),Others,Not Applicable,Others,Bellalli cross bridge service road yelahanka,Bellalli cross bridge service road yelahanka,3 km,0.0,0.0,0,1,0.0,1.0
Bengaluru City,Yelahanka Traffic PS,1.04432e+16,2021,1,2,Not Applicable,Not Applicable,City/Town,Near office complex,Human Error,No,Fatal,Vehicle to Vehicle,Not at  Junction,Others,Others,Bitumen(Tar),Others,Not Applicable,Others,BB road,Near BSF,4 km,13.124117,77.611656,0,1,0.0,1.0
Bengaluru City,Yelahanka Traffic PS,1.04432e+16,2021,1,1,Not Applicable,Junction,City/Town,Near Bus stop,Human Error,No,Simple Injury,Hit pedestrian,Controlled,Not Applicable,Others,Not Applicable,Flooded,Not Applicable,Clear,Raitara Sante,Raitara Sante,1.5,0.0,0.0,0,5,0.0,5.0
Bengaluru City,Yelahanka Traffic PS,1.04432e+16,2021,1,2,Not Applicable,Narrow road,City/Town,Near Bus stop,Human Error,No,Grievous Injury,Vehicle to Vehicle,Controlled,Hump,Not Applicable,Not Applicable,Dry,Not Applicable,Clear,Bagaluru Cross,Bagaluru Cross,4,0.0,0.0,0,0,0.0,0.0
Bengaluru City,Yelahanka Traffic PS,1.04432e+16,2021,1,2,Not Applicable,Not Applicable,City/Town,Residential area,Not Applicable,Yes,Simple Injury,Vehicle to Vehicle,Not at  Junction,Others,Others,Bitumen(Tar),Others,Not Applicable,Others,Nanjappa main road,Vidyaranyapur,5 km,0.0,0.0,0,1,0.0,1.0
Bengaluru City,Yelahanka Traffic PS,1.04432e+16,2021,1,2,Not Applicable,Not Applicable,City/Town,Near office complex,Human Error,No,Simple Injury,Vehicle to Vehicle,Not at  Junction,Others,Others,Bitumen(Tar),Others,Not Applicable,Others,Near dairy cross fly over,Near dairy cross fly over,3 km,0.0,0.0,0,1,0.0,1.0
Bengaluru City,Yelahanka Traffic PS,1.04432e+16,2021,1,3,Not Applicable,Not Applicable,City/Town,Near or inside a village,Human Error,No,Damage Only,Vehicle to Vehicle,Not at  Junction,Others,Others,Bitumen(Tar),Others,Not Applicable,Others,Kogilu,Kogilu,2 km,0.0,0.0,0,1,0.0,1.0
Bengaluru City,Yelahanka Traffic PS,1.04432e+16,2021,1,1,Not Applicable,Not Applicable,City/Town,Near Bus stop,Human Error,No,Grievous Injury,Hit pedestrian,Not Applicable,Others,Others,Bitumen(Tar),Others,Not Applicable,Others,DB pura mian road,near NES Yelahanka,1 km,0.0,0.0,0,1,0.0,1.0
Bengaluru City,Yelahanka Traffic PS,1.04432e+16,2021,1,2,Not Applicable,Not Applicable,City/Town,Near office complex,Human Error,No,Simple Injury,Vehicle to Vehicle,Not at  Junction,Others,Others,Bitumen(Tar),Others,Not Applicable,Others,"Kogilu main road, infront of Toyota service center yelahanka",Kogilu main road infront of Toyota service center,2 km,0.0,0.0,0,1,0.0,1.0
Bengaluru City,Yelahanka Traffic PS,1.04432e+16,2021,1,1,Not Applicable,Not Applicable,City/Town,Near office complex,Human Error,No,Simple Injury,Vehicle to Vehicle,Not at  Junction,Others,Others,Bitumen(Tar),Others,Not Applicable,Others,Shivanahalli main road,near VRL godown,2 km,0.0,0.0,0,1,0.0,1.0
Bengaluru City,Yelahanka Traffic PS,1.04432e+16,2021,1,2,Not Applicable,Not Applicable,City/Town,Residential area,Human Error,No,Fatal,Vehicle to Vehicle,Not at  Junction,Others,Others,Bitumen(Tar),Others,Not Applicable,Others,Yelahanka main road,near railway under bridge,100 m,13.096592,77.595427,0,1,0.0,1.0
Bengaluru City,Yelahanka Traffic PS,1.04432e+16,2021,1,2,Not Applicable,Not Applicable,City/Town,Near Petrol Pump,Human Error,Yes,Simple Injury,Vehicle to Vehicle,Not at  Junction,Others,Others,Bitumen(Tar),Others,Not Applicable,Others,Allalasandra road,Allalasandra road,1 km,0.0,0.0,0,1,0.0,1.0
Bengaluru City,Yelahanka Traffic PS,1.04432e+16,2021,1,2,Road Accidents,Curves,City/Town,Residential area,Human Error,No,Simple Injury,Vehicle to Vehicle,Controlled,Curve,Not Applicable,Surfaced,Dry,Not Applicable,Cloudy,Agrahara Layout,Agrahara Layout,4 KM,0.0,0.0,0,0,,
Bengaluru City,Yelahanka Traffic PS,1.04432e+16,2021,1,2,Road Accidents,Narrow road,City/Town,Residential area,Not Applicable,No,Simple Injury,Vehicle to Vehicle,Controlled,Slight Curve,State Highway,Not Applicable,Dry,Not Applicable,Cloudy,D B Road,Ananthapura Gate,3 KM,0.0,0.0,0,0,0.0,0.0
Bengaluru City,Yelahanka Traffic PS,1.04432e+16,2021,1,2,Not Applicable,Not Applicable,City/Town,Near office complex,Human Error,No,Simple Injury,Vehicle to Vehicle,Not at  Junction,Others,NH,Bitumen(Tar),Others,Not Applicable,Others,opposite cofee day,Yelahanka,1 km,0.0,0.0,0,1,0.0,1.0
Bengaluru City,Yelahanka Traffic PS,1.04432e+16,2021,1,2,Not Applicable,Not Applicable,City/Town,Near Petrol Pump,Human Error,No,Fatal,Vehicle to Vehicle,Signal lights Automatic,Others,Others,Bitumen(Tar),Others,Not Applicable,Others,BB road,bypass junction,3 km,0.0,0.0,0,1,0.0,1.0
Bengaluru City,Yelahanka Traffic PS,1.04432e+16,2021,1,2,Not Applicable,Not Applicable,City/Town,Near office complex,Human Error,No,Damage Only,Vehicle to Vehicle,Not at  Junction,Others,Others,Bitumen(Tar),Others,Not Applicable,Others,Kogilu signal under bridge yelahanka,Kogilu signal under bridge,2 km,0.0,0.0,0,1,0.0,1.0
Bengaluru City,Yelahanka Traffic PS,1.04432e+16,2021,1,2,Not Applicable,Not Applicable,City/Town,Near office complex,Human Error,No,Fatal,Vehicle to Vehicle,Not at  Junction,Others,Others,Bitumen(Tar),Others,Not Applicable,Others,OTHER ROAD,INFRONT OFTHIRUMALA BAR,0.5 KM,13.090377,77.594096,0,1,0.0,1.0
Bengaluru City,Yelahanka Traffic PS,1.04432e+16,2021,1,2,Not Applicable,Not Applicable,City/Town,Near or inside a village,Human Error,No,Simple Injury,Vehicle to Vehicle,Not at  Junction,Others,NH,Bitumen(Tar),Others,Not Applicable,Others,BB road,Near Vidyashilpa school,1 km,0.0,0.0,0,1,0.0,1.0
Bengaluru City,Yelahanka Traffic PS,1.04432e+16,2021,1,1,Not Applicable,Not Applicable,City/Town,Residential area,Human Error,No,Fatal,Hit pedestrian,Not at  Junction,Others,State Highway,Bitumen(Tar),Others,Not Applicable,Others,DB pura main roa,Puttenahalli,2.5 km,13.109951,77.580219,0,1,0.0,1.0
Bengaluru City,Yelahanka Traffic PS,1.04432e+16,2021,1,2,Not Applicable,Not Applicable,City/Town,Residential area,Not Applicable,Yes,Fatal,Vehicle to Vehicle,Not at  Junction,Others,Others,Bitumen(Tar),Others,Not Applicable,Others,Near Harohalli circle Yelahanka,Harohalli,5 km,0.0,0.0,0,1,0.0,1.0
Bengaluru City,Yelahanka Traffic PS,1.04432e+16,2021,1,2,Not Applicable,Not Applicable,City/Town,Near Petrol Pump,Human Error,No,Fatal,Vehicle to Vehicle,Not at  Junction,Others,Others,Bitumen(Tar),Others,Not Applicable,Others,allalasandra road,HP petrol pump,1 km,13.09113,77.5941489,0,1,0.0,1.0
Bengaluru City,Yelahanka Traffic PS,1.04432e+16,2021,1,1,Road Accidents,Narrow road,City/Town,Narrow bridge or culverts,Human Error,No,Grievous Injury,Not Applicable,No signal lights,Not Applicable,Expressway,Bitumen(Tar),Dry,Not Applicable,Clear,road accident,Palahanahalli Gate,3,0.0,0.0,0,0,0.0,0.0
Bengaluru City,Yelahanka Traffic PS,1.04432e+16,2021,1,2,Not Applicable,Not Applicable,City/Town,Residential area,Human Error,No,Simple Injury,Vehicle to Vehicle,Not at  Junction,Not Applicable,Others,Bitumen(Tar),Others,Not Applicable,Others,Near Harohalli lake,Yelahanka,5 km,0.0,0.0,0,1,0.0,1.0
Bengaluru City,Yelahanka Traffic PS,1.04432e+16,2021,1,2,Not Applicable,Not Applicable,City/Town,Residential area,Human Error,No,Simple Injury,Vehicle to Vehicle,Not at  Junction,Others,State Highway,Bitumen(Tar),Not Applicable,Not Applicable,Others,DB pura main road,Near NES Junction,0.5 km,0.0,0.0,0,0,0.0,0.0
Bengaluru City,Yelahanka Traffic PS,1.04432e+16,2021,1,2,Not Applicable,Not Applicable,City/Town,Near office complex,Human Error,No,Fatal,Not Applicable,Not at  Junction,Others,Others,Bitumen(Tar),Not Applicable,Not Applicable,Others,"BB roa, yelahanka",Jakkuru on fly over,2 km,13.081385,77.593185,0,0,0.0,0.0
Bengaluru City,Yelahanka Traffic PS,1.04432e+16,2021,1,1,Not Applicable,Not Applicable,City/Town,Residential area,Human Error,Not Applicable,Simple Injury,Not Applicable,Not Applicable,Not Applicable,Not Applicable,Not Applicable,Others,Not Applicable,Clear,Lakshmipura Cross,Lakshmipura Cross,5,0.0,0.0,0,1,0.0,1.0
Bengaluru City,Yelahanka Traffic PS,1.04432e+16,2021,1,2,Not Applicable,Not Applicable,City/Town,Residential area,Not Applicable,No,Simple Injury,Vehicle to Vehicle,Not at  Junction,Not Applicable,Others,Bitumen(Tar),Others,Not Applicable,Others,Sambrama college road,Near roayal concorde school,5 km,0.0,0.0,0,1,0.0,1.0
Bengaluru City,Yelahanka Traffic PS,1.04432e+16,2021,1,2,Not Applicable,Not Applicable,City/Town,Near or inside a village,Human Error,No,Simple Injury,Vehicle to Vehicle,Not at  Junction,Others,Others,Bitumen(Tar),Others,Not Applicable,Others,Kenchenhalli railyaw gate yelahanka,Kenchenhalli gate,5 km,0.0,0.0,0,1,0.0,1.0
Bengaluru City,Yelahanka Traffic PS,1.04432e+16,2021,1,1,Not Applicable,Not Applicable,City/Town,Near office complex,Human Error,No,Fatal,Vehicle to Vehicle,Not at  Junction,Others,State Highway,Bitumen(Tar),Not Applicable,Not Applicable,Others,DB pura main road,near CRPF main gate yelahanjka,3 km,13.123248,77.57543,0,0,0.0,0.0
Bengaluru City,Yelahanka Traffic PS,1.04432e+16,2021,1,2,Not Applicable,Not Applicable,City/Town,Near office complex,Human Error,No,Simple Injury,Vehicle to Vehicle,Not at  Junction,Others,Others,Bitumen(Tar),Others,Not Applicable,Others,Doddabommasandra main road,Doddabommasandra main road,6 km,0.0,0.0,0,1,0.0,1.0
Bengaluru City,Yelahanka Traffic PS,1.04432e+16,2021,1,2,Not Applicable,Not Applicable,City/Town,Near office complex,Human Error,No,Simple Injury,Vehicle to Vehicle,Not at  Junction,Others,Others,Bitumen(Tar),Others,Not Applicable,Others,DB pura main road,near railway wheel factory yelahanka,1 km,0.0,0.0,0,1,0.0,1.0
Bengaluru City,Yelahanka Traffic PS,1.04432e+16,2021,1,1,Not Applicable,Not Applicable,City/Town,Near office complex,Not Applicable,No,Simple Injury,Not Applicable,Not at  Junction,Not Applicable,Others,Bitumen(Tar),Others,Not Applicable,Others,Jakkuru main road,Jakkuru,2 km,0.0,0.0,0,1,0.0,1.0
Bengaluru City,Yelahanka Traffic PS,1.04432e+16,2021,1,2,Not Applicable,Not Applicable,City/Town,Near office complex,Human Error,No,Fatal,Vehicle to Vehicle,Not at  Junction,Others,Others,Bitumen(Tar),Others,Not Applicable,Others,"Opposite BDK kalyan mantapa, yelahanka",Opposite BDK kalyan mantapa yelahanka,1km,13.098634,77.597908,0,1,0.0,1.0
Bengaluru City,Yelahanka Traffic PS,1.04432e+16,2021,1,2,Not Applicable,Not Applicable,City/Town,Residential area,Human Error,No,Damage Only,Vehicle to Vehicle,Not at  Junction,Others,Others,Bitumen(Tar),Others,Not Applicable,Others,Allalasandra road,allalasandra bridge,1 km,0.0,0.0,0,1,0.0,1.0