DISTRICTNAME,UNITNAME,Crime_No,Year,RI,Noofvehicle_involved,Accident_Classification,Accident_Spot,Accident_Location,Accident_SubLocation,Main_Cause,Hit_Run,Severity,Collision_Type,Junction_Control,Road_Character,Road_Type,Surface_Type,Surface_Condition,Road_Condition,Weather,Accident_Road,Landmark_first,Distance_LandMark_First,Latitude,Longitude,Road_Condition_Score,Surface_Condition_Score,Surface_Type_Score,Road_Risk_Index
Bengaluru City,Yelahanka Traffic PS,1.04432e+16,2021,1,2,Not Applicable,Not Applicable,City/Town,Residential area,Human Error,No,Damage Only,Vehicle to Vehicle,Not at  Junction,Not Applicable,NH,Bitumen(Tar),Others,Not Applicable,Others,Jakkuru junction signal,Jakkuru,2 km,0.0,0.0,0,1,0.0,1.0
Bengaluru City,Yelahanka Traffic PS,1.04432e+16,2021,1,2,Not Applicable,Not Applicable,City/Town,Near office complex,Human Error,No,Simple Injury,Vehicle to Vehicle,Not at  Junction,Others,State Highway,Bitumen(Tar),Not Applicable,Not Applicable,Others,DB pura main road,Near puttenahalli lake,2.5 km,0.0,0.0,0,0,0.0,0.0
Bengaluru City,Yelahanka Traffic PS,1.04432e+16,2021,1,2,Not Applicable,Not Applicable,City/Town,Residential area,Human Error,No,Damage Only,Vehicle to Vehicle,Not Applicable,Others,Others,Bitumen(Tar),Not Applicable,Not Applicable,Others,Unnikrishnan road,Near mother dairy circle,2 km,0.0,0.0,0,0,0.0,0.0
Bengaluru City,Yelahanka Traffic PS,1.04432e+16,2021,1,1,Not Applicable,Not Applicable,City/Town,Near or inside a village,Human Error,Yes,Simple Injury,Vehicle to Vehicle,Not Applicable,Others,Others,Bitumen(Tar),Others,Not Applicable,Others,Veerasagar main road,Kempanahalli cross,6 km,0.0,0.0,0,1,0.0,1.0
Bengaluru City,Yelahanka Traffic PS,1.04432e+16,2021,1,4,Not Applicable,Narrow road,Rural Areas,In bazaar,Human Error,No,Simple Injury,Vehicle to Vehicle,Give way sign,Curve,Others,Not Applicable,Not Applicable,Not Applicable,Others,Kenchenahalli Gate,Kenchenahalli Gate,3,0.0,0.0,0,0,0.0,0.0
Bengaluru City,Yelahanka Traffic PS,1.04432e+16,2021,1,2,Road Accidents,Narrow road,City/Town,Narrow bridge or culverts,Human Error,No,Grievous Injury,Vehicle to Vehicle,Not Applicable,Not Applicable,Not Applicable,Not Applicable,Dry,Not Applicable,Clear,B B Road on Flyover,B B Road on Flyover,1,0.0,0.0,0,0,0.0,0.0
Bengaluru City,Yelahanka Traffic PS,1.04432e+16,2021,1,2,Not Applicable,Not Applicable,City/Town,Residential area,Human Error,No,Simple Injury,Vehicle to Vehicle,Not Applicable,Others,Others,Bitumen(Tar),Others,Not Applicable,Others,Near cetury APRT,Near cetury APRT,4 km,0.0,0.0,0,1,0.0,1.0
Bengaluru City,Yelahanka Traffic PS,1.04432e+16,2021,1,2,Not Applicable,Not Applicable,City/Town,Residential area,Human Error,No,Fatal,Vehicle to Vehicle,Not at  Junction,Others,State Highway,Bitumen(Tar),Others,Not Applicable,Others,DB pura main road,near puttenahalli lake,2 k km,13.113461,77.579436,0,1,0.0,1.0
Bengaluru City,Yelahanka Traffic PS,1.04432e+16,2021,1,2,Not Applicable,Not Applicable,City/Town,Near office complex,Human Error,Yes,Simple Injury,Vehicle to Vehicle,Signal lights Automatic,Others,State Highway,Bitumen(Tar),Others,Not Applicable,Others,DB pura main Road,Yelahanka circle,50 mtr,0.0,0.0,0,1,0.0,1.0
Bengaluru City,Yelahanka Traffic PS,1.04432e+16,2021,1,2,Not Applicable,Not Applicable,City/Town,Near office complex,Human Error,No,Simple Injury,Vehicle to Vehicle,Not at  Junction,Others,Others,Bitumen(Tar),Others,Not Applicable,Others,BB service road,near venkatala,3 km,0.0,0.0,0,1,0.0,1.0
Bengaluru City,Yelahanka Traffic PS,1.04432e+16,2021,1,2,Not Applicable,Not Applicable,City/Town,Near office complex,Human Error,No,Fatal,Vehicle to Vehicle,Not at  Junction,Others,Others,Bitumen(Tar),Others,Not Applicable,Others,"DB pura main road, near ananthapur gate",DB pura main road near ananthapur gate,2 km,0.0,0.0,0,1,0.0,1.0
Bengaluru City,Yelahanka Traffic PS,1.04432e+16,2021,1,2,Not Applicable,Not Applicable,City/Town,Near office complex,Human Error,No,Damage Only,Not Applicable,Not at  Junction,Others,Others,Bitumen(Tar),Others,Not Applicable,Others,"BB main raod, near IAF",BB main raod  near IAF,4 km,0.0,0.0,0,1,0.0,1.0
Bengaluru City,Yelahanka Traffic PS,1.04432e+16,2021,1,2,Not Applicable,Not Applicable,City/Town,Near office complex,Human Error,No,Simple Injury,Vehicle to Vehicle,Not at  Junction,Others,Others,Bitumen(Tar),Others,Not Applicable,Others,"Vinayaka nagar, near 7th cross yelahanka",Vinayaka nagar near 7th cross yelahanka,2 km,0.0,0.0,0,1,0.0,1.0
Bengaluru City,Yelahanka Traffic PS,1.04432e+16,2021,1,2,Not Applicable,Narrow road,City/Town,Near Bus stop,Human Error,No,Grievous Injury,Vehicle to Vehicle,Not at  Junction,Others,Others,Bitumen(Tar),Others,Not Applicable,Others,NES road,NES bus sto,1 km,0.0,0.0,0,1,0.0,1.0
Bengaluru City,Yelahanka Traffic PS,1.04432e+16,2021,1,2,Not Applicable,Not Applicable,City/Town,Residential area,Human Error,No,Fatal,Vehicle to Vehicle,Not at  Junction,Others,Others,Bitumen(Tar),Others,Not Applicable,Others,Kenchenahalli railway gate,Arun Petios Apartment,5 km,13.122274,77.58162,0,1,0.0,1.0
Bengaluru City,Yelahanka Traffic PS,1.04432e+16,2021,1,2,Not Applicable,Not Applicable,City/Town,Residential area,Human Error,No,Simple Injury,Vehicle to Vehicle,Not at  Junction,Others,Others,Bitumen(Tar),Others,Not Applicable,Others,on fly over,Mother dairy circle,3 km,0.0,0.0,0,1,0.0,1.0
Bengaluru City,Yelahanka Traffic PS,1.04432e+16,2021,1,1,Not Applicable,Not Applicable,City/Town,Near office complex,Human Error,No,Fatal,Not Applicable,Not at  Junction,Others,State Highway,Bitumen(Tar),Others,Not Applicable,Others,DB pura main road,Rajadhani liqour,2 km,0.0,0.0,0,1,0.0,1.0
Bengaluru City,Yelahanka Traffic PS,1.04432e+16,2021,1,1,Not Applicable,Not Applicable,City/Town,Near School or College,Human Error,No,Fatal,Not Applicable,Not at  Junction,Others,Others,Bitumen(Tar),Others,Not Applicable,Others,BB Road,Near Vidyashilpa,1 km,13.090286,77.596577,0,1,0.0,1.0
Bengaluru City,Yelahanka Traffic PS,1.04432e+16,2021,1,2,Not Applicable,Not Applicable,City/Town,Near Petrol Pump,Human Error,No,Simple Injury,Vehicle to Vehicle,Not at  Junction,Others,Others,Bitumen(Tar),Others,Not Applicable,Others,BB road,jakkuru on fly over,2 km,0.0,0.0,0,1,0.0,1.0
Bengaluru City,Yelahanka Traffic PS,1.04432e+16,2021,1,2,Not Applicable,Not Applicable,City/Town,Residential area,Human Error,No,Simple Injury,Vehicle to Vehicle,Not at  Junction,Others,Others,Bitumen(Tar),Others,Not Applicable,Others,sandeep unnirishnan road,near thirumala daba,4 km,0.0,0.0,0,1,0.0,1.0
Bengaluru City,Yelahanka Traffic PS,1.04432e+16,2021,1,2,Not Applicable,Not Applicable,City/Town,Near Hospital,Human Error,No,Simple Injury,Vehicle to Vehicle,Not at  Junction,Others,Others,Bitumen(Tar),Others,Not Applicable,Others,other road,Infront of nagappa hadli hospital,6 km,0.0,0.0,0,1,0.0,1.0
Bengaluru City,Yelahanka Traffic PS,1.04432e+16,2021,1,2,Not Applicable,Not Applicable,City/Town,Near office complex,Human Error,No,Simple Injury,Vehicle to Vehicle,Signal lights Automatic,Others,NH,Bitumen(Tar),Others,Not Applicable,Others,BB road,near Jakkuru signal,1.5 km,0.0,0.0,0,1,0.0,1.0
Bengaluru City,Yelahanka Traffic PS,1.04432e+16,2021,1,2,Not Applicable,Not Applicable,City/Town,Near office complex,Human Error,No,Simple Injury,Vehicle to Vehicle,Not at  Junction,Others,Others,Bitumen(Tar),Others,Not Applicable,Others,MS palya road,Near Sabhrama college road,5 km,0.0,0.0,0,1,0.0,1.0
Bengaluru City,Yelahanka Traffic PS,1.04432e+16,2021,1,2,Not Applicable,Not Applicable,City/Town,Residential area,Human Error,No,Simple Injury,Vehicle to Vehicle,Not Applicable,Others,Others,Bitumen(Tar),Others,Not Applicable,Others,"Near allalasandra bridge, yelahanka",Near allalasandra bridge yelahanka,1 km,0.0,0.0,0,1,0.0,1.0
Bengaluru City,Yelahanka Traffic PS,1.04432e+16,2021,1,2,Not Applicable,Not Applicable,City/Town,Near office complex,Human Error,No,Simple Injury,Vehicle to Vehicle,Not at  Junction,Others,NH,Bitumen(Tar),Others,Not Applicable,Others,BB service road,Near IAF,3 km,0.0,0.0,0,1,0.0,1.0
Bengaluru City,Yelahanka Traffic PS,1.04432e+16,2021,1,1,Not Applicable,Not Applicable,City/Town,Residential area,Human Error,No,Simple Injury,Hit pedestrian,Not at  Junction,Others,Others,Bitumen(Tar),Others,Not Applicable,Others,Attur main road,Attur main road,3 km,0.0,0.0,0,1,0.0,1.0
Bengaluru City,Yelahanka Traffic PS,1.04432e+16,2021,1,1,Not Applicable,Narrow road,City/Town,Affected by encroachments,Not Applicable,No,Simple Injury,Hit pedestrian,Uncontrolled,Curve,Expressway,Kutcha,Dry,Drainage Ditch,Clear,B B ROAD,Near Coffee day,2 KM,0.0,0.0,4,0,4.0,8.0
Bengaluru City,Yelahanka Traffic PS,1.04432e+16,2021,1,3,Not Applicable,Not Applicable,City/Town,Near office complex,Human Error,No,Simple Injury,Vehicle to Vehicle,Not at  Junction,Others,NH,Bitumen(Tar),Others,Not Applicable,Others,Near IAf Yelahanka BB road,Near IAf Yelahanka,5 km,0.0,0.0,0,1,0.0,1.0
Bengaluru City,Yelahanka Traffic PS,1.04432e+16,2021,1,1,Not Applicable,Not Applicable,City/Town,Residential area,Human Error,Not Applicable,Fatal,Not Applicable,Not Applicable,Not Applicable,Not Applicable,Bitumen(Tar),Not Applicable,Not Applicable,Others,chikkabettahalli,bell air base,3 km,13.093291,77.560363,0,0,0.0,0.0
Bengaluru City,Yelahanka Traffic PS,1.04432e+16,2021,1,2,Not Applicable,Not Applicable,City/Town,Near office complex,Human Error,No,Simple Injury,Vehicle to Vehicle,Not at  Junction,Others,Others,Bitumen(Tar),Others,Not Applicable,Others,Krishna temple road,Vidyaranyapur post,5 km,0.0,0.0,0,1,0.0,1.0
Bengaluru City,Yelahanka Traffic PS,1.04432e+16,2021,1,2,Road Accidents,Junction,City/Town,Near Bus stop,Not Applicable,Yes,Damage Only,Vehicle to Vehicle,Police / Manual,Curve,Mixed,Bitumen(Tar),Dry,No influence on accident,Clear,M.S PALYA JUNCTION,MS PALYA JUNCTION,5 km,0.0,0.0,0,0,0.0,0.0
Bengaluru City,Yelahanka Traffic PS,1.04432e+16,2021,1,1,Not Applicable,Not Applicable,City/Town,Near office complex,Human Error,No,Simple Injury,Hit pedestrian,Not at  Junction,Others,Others,Bitumen(Tar),Others,Not Applicable,Others,Ramachandrapur,Patel pillegowda layout,6 km,0.0,0.0,0,1,0.0,1.0
Bengaluru City,Yelahanka Traffic PS,1.04432e+16,2021,1,2,Not Applicable,Not Applicable,City/Town,Near office complex,Human Error,No,Damage Only,Vehicle to Vehicle,Not Applicable,Others,NH,Bitumen(Tar),Others,Not Applicable,Others,BB road,near vidyashilpa,1 km,0.0,0.0,0,1,0.0,1.0
Bengaluru City,Yelahanka Traffic PS,1.04432e+16,2021,1,2,Not Applicable,Not Applicable,City/Town,Residential area,Not Applicable,No,Simple Injury,Vehicle to Vehicle,Not Applicable,Others,Others,Bitumen(Tar),Others,Not Applicable,Others,4th main road,Vidyaranyapur,5 km,0.0,0.0,0,1,0.0,1.0
Bengaluru City,Yelahanka Traffic PS,1.04432e+16,2021,1,1,Not Applicable,Not Applicable,City/Town,Residential area,Human Error,No,Simple Injury,Hit pedestrian,Not at  Junction,Others,Others,Bitumen(Tar),Others,Not Applicable,Others,Kogilu main road,Kogilu village,2 km,0.0,0.0,0,1,0.0,1.0
Bengaluru City,Yelahanka Traffic PS,1.04432e+16,2021,1,1,Not Applicable,Not Applicable,City/Town,Near or inside a village,Human Error,No,Simple Injury,Vehicle to Vehicle,Not Applicable,Not Applicable,Others,Bitumen(Tar),Others,Not Applicable,Others,DB pura main road,Nagenahlli cross,4 km,13.130657,77.5709609,0,1,0.0,1.0
Bengaluru City,Yelahanka Traffic PS,1.04432e+16,2021,1,2,Not Applicable,Narrow road,City/Town,Near School or College,Human Error,No,Fatal,Vehicle to Vehicle,Not at  Junction,Others,NH,Bitumen(Tar),Others,Not Applicable,Others,BB road,near vidyashilpa school,1 km,13.090706,77.596703,0,1,0.0,1.0
Bengaluru City,Yelahanka Traffic PS,1.04432e+16,2021,1,1,Not Applicable,Not Applicable,City/Town,Near office complex,Human Error,No,Simple Injury,Vehicle to Vehicle,Not Applicable,Others,Others,Bitumen(Tar),Others,Not Applicable,Others,BB Road,coffee day yelahanka,1 km,0.0,0.0,0,1,0.0,1.0
Bengaluru City,Yelahanka Traffic PS,1.04432e+16,2021,1,2,Not Applicable,Not Applicable,City/Town,Near office complex,Human Error,No,Simple Injury,Vehicle to Vehicle,Not at  Junction,Others,NH,Bitumen(Tar),Others,Not Applicable,Others,BB road yelahanka,Near Vidyashilpa up rump,1 km,0.0,0.0,0,1,0.0,1.0
Bengaluru City,Yelahanka Traffic PS,1.04432e+16,2021,1,1,Not Applicable,Not Applicable,City/Town,Residential area,Human Error,No,Fatal,Vehicle to Vehicle,Not at  Junction,Others,Others,Bitumen(Tar),Others,Not Applicable,Others,"Hanuman layout, near anjaneya temple vidyaranyapur",Hanuman layout near anjaneya temple vidyaranyapur,5 km,13.072226,77.567361,0,1,0.0,1.0
Bengaluru City,Yelahanka Traffic PS,1.04432e+16,2021,1,2,Not Applicable,Not Applicable,City/Town,Near office complex,Human Error,No,Simple Injury,Vehicle to Vehicle,Not Applicable,Others,Others,Bitumen(Tar),Others,Not Applicable,Others,BB road,Near BSF,5 km,0.0,0.0,0,1,0.0,1.0
Bengaluru City,Yelahanka Traffic PS,1.04432e+16,2022,1,1,Not Applicable,Not Applicable,City/Town,Near School or College,Human Error,No,Fatal,Hit pedestrian,Not at  Junction,Others,Others,Bitumen(Tar),Others,Not Applicable,Others,BB road,vidyashilpa down rump,1 km,13.091118,77.596841,0,1,0.0,1.0
Bengaluru City,Yelahanka Traffic PS,1.04432e+16,2022,1,2,Not Applicable,Not Applicable,City/Town,Near office complex,Human Error,Yes,Grievous Injury,Vehicle to Vehicle,Not at  Junction,Others,Others,Bitumen(Tar),Others,Not Applicable,Others,"Kenchenahalli main road, near uma maheshwari temple yelahanka",Kenchenahalli main road near uma maheshwari temple yelahanka,4 km,13.128165,77.579495,0,1,0.0,1.0
Bengaluru City,Yelahanka Traffic PS,1.04432e+16,2022,1,2,Road Accidents,Not Applicable,Rural Areas,Near Hospital,Human Error,No,Grievous Injury,Vehicle to Vehicle,Not at  Junction,Others,NH,Bitumen(Tar),Others,Not Applicable,Others,BB road near jakkuru Aerodrum jakkuru,BB road near jakkuru Aerodrum jakkuru,2 km,13.076053,77.592775,0,1,0.0,1.0
Bengaluru City,Yelahanka Traffic PS,1.04432e+16,2022,1,2,Not Applicable,Not Applicable,City/Town,Near Hospital,Human Error,No,Fatal,Vehicle to Vehicle,Not at  Junction,Others,Others,Bitumen(Tar),Others,Not Applicable,Others,BB mian road,infront of Cyte care hospital,2.5 km,13.118409,77.60894,0,1,0.0,1.0
Bengaluru City,Yelahanka Traffic PS,1.04432e+16,2022,1,1,Not Applicable,Not Applicable,City/Town,Near office complex,Human Error,No,Fatal,Hit pedestrian,Not Applicable,Others,Others,Bitumen(Tar),Others,Not Applicable,Others,Hesarughatta main road,Infront of Nandini milk parlour,5 km,13.0897,77.542956,0,1,0.0,1.0
Bengaluru City,Yelahanka Traffic PS,1.04432e+16,2022,1,2,Not Applicable,Not Applicable,City/Town,Near office complex,Human Error,No,Fatal,Vehicle to Vehicle,Not at  Junction,Others,Others,Bitumen(Tar),Others,Not Applicable,Others,BB road,jakkuru on fly over yelahanka,2 km,13.079243,77.593152,0,1,0.0,1.0
Bengaluru City,Yelahanka Traffic PS,1.04432e+16,2022,1,1,Not Applicable,Not Applicable,City/Town,Near office complex,Human Error,No,Grievous Injury,Hit pedestrian,Not at  Junction,Others,Others,Bitumen(Tar),Others,Not Applicable,Others,Bagaluru main road,infront of Brindavan college Yelahanka,3.5 km,0.0,0.0,0,1,0.0,1.0
Bengaluru City,Yelahanka Traffic PS,1.04432e+16,2022,1,2,Not Applicable,Not Applicable,City/Town,Near office complex,Human Error,Yes,Fatal,Vehicle to Vehicle,Not at  Junction,Others,Others,Bitumen(Tar),Others,Not Applicable,Others,DB pura main road,near CRPF campus Yelahanka,3 km,0.0,0.0,0,1,0.0,1.0
Bengaluru City,Yelahanka Traffic PS,1.04432e+16,2022,1,1,Not Applicable,Not Applicable,City/Town,Near office complex,Human Error,No,Fatal,Hit pedestrian,Not at  Junction,Others,Others,Bitumen(Tar),Others,Not Applicable,Others,"BB main road, vidyashilpa down rump yelahanka",BB main road vidyashilpa down rump yelahanka,1 km,13.090973,77.596654,0,1,0.0,1.0
Bengaluru City,Yelahanka Traffic PS,1.04432e+16,2022,1,2,Road Accidents,Narrow road,City/Town,Near a factory industrial area,Human Error,No,Damage Only,Vehicle to Vehicle,Controlled,Straight and flat,One way,Bitumen(Tar),Dry,No influence on accident,Clear,DB road,DB PURA MAIN ROAD,2KM,13.129644,77.571704,0,0,0.0,0.0
Bengaluru City,Yelahanka Traffic PS,1.04432e+16,2022,1,1,Not Applicable,Not Applicable,City/Town,Near office complex,Human Error,No,Grievous Injury,Hit pedestrian,Not at  Junction,Others,Others,Bitumen(Tar),Others,Not Applicable,Others,"Judicial layout, near jnanadeepika school yelahanka",Judicial layout near jnanadeepika school yelahanka,4 km,13.080466,77.5903109,0,1,0.0,1.0
Bengaluru City,Yelahanka Traffic PS,1.04432e+16,2022,1,1,Not Applicable,Not Applicable,City/Town,Near office complex,Human Error,No,Grievous Injury,Not Applicable,Not at  Junction,Others,Others,Bitumen(Tar),Others,Not Applicable,Not Applicable,NearPipe factory venkatala BB main road yelahanka,NearPipe factory venkatala BB main road yelahanka,4 km,13.113371,77.6063999,0,1,0.0,1.0
Bengaluru City,Yelahanka Traffic PS,1.04432e+16,2022,1,1,Not Applicable,Not Applicable,City/Town,Near a factory industrial area,Human Error,No,Simple Injury,Hit pedestrian,Not at  Junction,Others,Others,Bitumen(Tar),Others,Not Applicable,Others,Near fedaral mogul factory,Near fedaral mogul factory,1 km,13.103013,77.585475,0,1,0.0,1.0
Bengaluru City,Yelahanka Traffic PS,1.04432e+16,2022,1,2,Not Applicable,Not Applicable,City/Town,Residential area,Human Error,No,Fatal,Vehicle to Vehicle,Not at  Junction,Others,Others,Bitumen(Tar),Others,Not Applicable,Others,"Singapur layout, near lakkappa layout 4th cross Vidyaranyapur",Singapur layout near lakkappa layout 4th cross Vidyaranyapur,5 km,13.079782,77.536724,0,1,0.0,1.0
Bengaluru City,Yelahanka Traffic PS,1.04432e+16,2022,1,1,Not Applicable,Not Applicable,City/Town,Near office complex,Human Error,No,Simple Injury,Hit bicyclist,Not at  Junction,Others,Others,Bitumen(Tar),Others,Not Applicable,Others,ananthapur main road,ananthapur main road yelahanka,2 km,13.121925,77.626827,0,1,0.0,1.0
Bengaluru City,Yelahanka Traffic PS,1.04432e+16,2022,1,1,Not Applicable,Road hump or Rumble strips,City/Town,Near office complex,Human Error,No,Fatal,Not Applicable,Not at  Junction,Others,Others,Bitumen(Tar),Others,Not Applicable,Others,BB service road,near Vidyashilpa down rump,1 km,13.08966,77.596156,0,1,0.0,1.0
Bengaluru City,Yelahanka Traffic PS,1.04432e+16,2022,1,1,Not Applicable,Not Applicable,City/Town,Near office complex,Human Error,No,Grievous Injury,Hit pedestrian,Not at  Junction,Others,Others,Bitumen(Tar),Others,Not Applicable,Others,Doddaballapur main road,near railway wheel factory yelahanka,2 km,13.104511,77.583526,0,1,0.0,1.0
Bengaluru City,Yelahanka Traffic PS,1.04432e+16,2022,1,2,Not Applicable,Narrow road,City/Town,Residential area,Human Error,No,Grievous Injury,Vehicle to Vehicle,Not at  Junction,Others,Others,Bitumen(Tar),Others,Not Applicable,Others,hesarughatta main road,Near lakshmipura cross,5 km,13.093893,77.533631,0,1,0.0,1.0
Bengaluru City,Yelahanka Traffic PS,1.04432e+16,2022,1,2,Not Applicable,Not Applicable,City/Town,Near office complex,Human Error,No,Grievous Injury,Vehicle to Vehicle,Not at  Junction,Others,Others,Bitumen(Tar),Others,Not Applicable,Others,BB main road,BSF fly over,3 km,0.0,0.0,0,1,0.0,1.0
Bengaluru City,Yelahanka Traffic PS,1.04432e+16,2022,1,2,Not Applicable,Not Applicable,City/Town,Near office complex,Human Error,Yes,Grievous Injury,Vehicle to Vehicle,Not at  Junction,Others,NH,Bitumen(Tar),Others,Not Applicable,Others,BB road,BB road jakkurufly over,2 km,0.0,0.0,0,1,0.0,1.0
Bengaluru City,Yelahanka Traffic PS,1.04432e+16,2022,1,2,Not Applicable,Not Applicable,City/Town,Near office complex,Human Error,Yes,Fatal,Vehicle to Vehicle,Not at  Junction,Others,Others,Bitumen(Tar),Ditch or Potholed,Not Applicable,Others,Attturu main road,near royal concord school yelahanka,3.5 km,0.0,0.0,0,5,0.0,5.0
Bengaluru City,Yelahanka Traffic PS,1.04432e+16,2022,1,2,Road Accidents,Not Applicable,City/Town,Near office complex,Human Error,No,Grievous Injury,Vehicle to Vehicle,Not at  Junction,Others,Others,Bitumen(Tar),Others,Not Applicable,Others,Ananthapur main road,near monte corle aprt yelahanka,3 km,0.0,0.0,0,1,0.0,1.0
Bengaluru City,Yelahanka Traffic PS,1.04432e+16,2022,1,1,Not Applicable,Not Applicable,City/Town,Near office complex,Human Error,No,Grievous Injury,Vehicle to Vehicle,Not at  Junction,Others,Others,Bitumen(Tar),Others,Not Applicable,Others,Kogilu main road,near kogilu cross yelahahaka,1 km,0.0,0.0,0,1,0.0,1.0
Bengaluru City,Yelahanka Traffic PS,1.04432e+16,2022,1,2,Not Applicable,Not Applicable,City/Town,Open area,Human Error,No,Grievous Injury,Not Applicable,Not Applicable,Not Applicable,Not Applicable,Not Applicable,Not Applicable,Not Applicable,Clear,Snadeep Unnikrishnan Road,Snadeep Unnikrishnan Road,1.5,0.0,0.0,0,0,0.0,0.0
Bengaluru City,Yelahanka Traffic PS,1.04432e+16,2022,1,2,Not Applicable,Not Applicable,City/Town,Near office complex,Human Error,No,Grievous Injury,Vehicle to Vehicle,Not at  Junction,Others,Others,Bitumen(Tar),Others,Not Applicable,Others,BB road,BB road near bagaluru cross yelahanka,3 km,13.121843,77.611148,0,1,0.0,1.0
Bengaluru City,Yelahanka Traffic PS,1.04432e+16,2022,1,2,Not Applicable,Not Applicable,City/Town,Near office complex,Human Error,No,Simple Injury,Vehicle to Vehicle,Not at  Junction,Not Applicable,Others,Bitumen(Tar),Others,Not Applicable,Others,BB service road,infont of BSF,3 km,13.12461,77.611833,0,1,0.0,1.0
Bengaluru City,Yelahanka Traffic PS,1.04432e+16,2022,1,2,Not Applicable,Not Applicable,City/Town,Near Bus stop,Human Error,No,Damage Only,Vehicle to Vehicle,Not at  Junction,Others,Others,Bitumen(Tar),Others,Not Applicable,Others,Near Kanshiram nagar bus sto[p MS palya,Near Kanshiram nagar bus stop MS palya,5 km,13.08943,77.544004,0,1,0.0,1.0
Bengaluru City,Yelahanka Traffic PS,1.04432e+16,2022,1,2,Not Applicable,Not Applicable,City/Town,Near office complex,Human Error,No,Simple Injury,Vehicle to Vehicle,Not at  Junction,Others,Others,Bitumen(Tar),Others,Not Applicable,Others,B B main road,Bagaluru cross,3 km,13.120817,77.610418,0,1,0.0,1.0
Bengaluru City,Yelahanka Traffic PS,1.04432e+16,2022,1,5,Not Applicable,Not Applicable,City/Town,Near office complex,Human Error,No,Damage Only,Vehicle to Vehicle,Not at  Junction,Others,Others,Bitumen(Tar),Others,Not Applicable,Others,"Opposite purnima studio, near SBI seva kendra yelahanka",Opposite purnima studio near SBI seva kendra yelahanka,2 km,0.0,0.0,0,1,0.0,1.0
Bengaluru City,Yelahanka Traffic PS,1.04432e+16,2022,1,1,Not Applicable,Not Applicable,City/Town,Near office complex,Human Error,Yes,Fatal,Hit pedestrian,Not at  Junction,Others,Others,Bitumen(Tar),Others,Not Applicable,Others,Kenchenahalli road infront of of IOC gate yelahanka,Kenchenahalli road infront of of IOC gate yelahanka,4 km,0.0,0.0,0,1,0.0,1.0
Bengaluru City,Yelahanka Traffic PS,1.04432e+16,2022,1,1,Not Applicable,Not Applicable,City/Town,Near office complex,Human Error,Yes,Simple Injury,Vehicle to Vehicle,Not at  Junction,Others,Others,Bitumen(Tar),Others,Not Applicable,Others,Veerasagar main road,near srinivas gowda circle,5 km,0.0,0.0,0,1,0.0,1.0
Bengaluru City,Yelahanka Traffic PS,1.04432e+16,2022,1,2,Not Applicable,Not Applicable,City/Town,Near office complex,Human Error,No,Simple Injury,Vehicle to Vehicle,Not at  Junction,Others,Others,Bitumen(Tar),Others,Not Applicable,Others,BB main road,kogilu cross fly over,1.5 km,0.0,0.0,0,1,0.0,1.0
Bengaluru City,Yelahanka Traffic PS,1.04432e+16,2022,1,1,Not Applicable,Not Applicable,City/Town,Near office complex,Human Error,No,Fatal,Vehicle to Vehicle,Not at  Junction,Others,Others,Bitumen(Tar),Others,Not Applicable,Others,"GKVK campus, near botanical garden yelahanka",GKVK campus near botanical garden yelahanka,4 km,0.0,0.0,0,1,0.0,1.0
Bengaluru City,Yelahanka Traffic PS,1.04432e+16,2022,1,1,Not Applicable,Not Applicable,City/Town,Near office complex,Human Error,No,Fatal,Hit pedestrian,Not at  Junction,Others,Others,Bitumen(Tar),Others,Not Applicable,Others,Ramachandrapura main road,near ambedkar statue Vidyaranyapur,5 km,0.0,0.0,0,1,0.0,1.0