DISTRICTNAME,UNITNAME,Crime_No,Year,RI,Noofvehicle_involved,Accident_Classification,Accident_Spot,Accident_Location,Accident_SubLocation,Main_Cause,Hit_Run,Severity,Collision_Type,Junction_Control,Road_Character,Road_Type,Surface_Type,Surface_Condition,Road_Condition,Weather,Accident_Road,Landmark_first,Distance_LandMark_First,Latitude,Longitude,Road_Condition_Score,Surface_Condition_Score,Surface_Type_Score,Road_Risk_Index
Bengaluru City,Yelahanka Traffic PS,1.04432e+16,2022,1,1,Not Applicable,Not Applicable,City/Town,Near office complex,Human Error,No,Grievous Injury,Hit pedestrian,Not at  Junction,Others,Others,Bitumen(Tar),Others,Not Applicable,Others,Kogilu kattigenhalli main road,Kogilu kattigenhalli main road,2 km,13.107901,77.621066,0,1,0.0,1.0
Bengaluru City,Yelahanka Traffic PS,1.04432e+16,2022,1,2,Road Accidents,Not Applicable,City/Town,Near Petrol Pump,Human Error,Yes,Fatal,Vehicle to Vehicle,Not at  Junction,Others,NH,Bitumen(Tar),Others,Not Applicable,Others,BB road,jakkuru signal fly over yelahanka,2 km,13.074065,77.592617,0,1,0.0,1.0
Bengaluru City,Yelahanka Traffic PS,1.04432e+16,2022,1,2,Road Accidents,Not Applicable,City/Town,Near Bus stop,Human Error,No,Simple Injury,Vehicle to Vehicle,Signals (Working),Others,NH,Bitumen(Tar),Others,Not Applicable,Others,"BB road, near bypass signal yelahanka",BB road near bypass signal yelahanka,1 km,13.081633,77.593031,0,1,0.0,1.0
Bengaluru City,Yelahanka Traffic PS,1.04432e+16,2022,1,1,Road Accidents,Not Applicable,City/Town,Near office complex,Human Error,No,Grievous Injury,Not Applicable,Not at  Junction,Others,Others,Bitumen(Tar),Others,Not Applicable,Others,BB main road,raithara santhe fly over yelahanka,1 km,13.097973,77.598781,0,1,0.0,1.0
Bengaluru City,Yelahanka Traffic PS,1.04432e+16,2022,1,1,Not Applicable,Not Applicable,City/Town,Near office complex,Human Error,No,Grievous Injury,Hit pedestrian,Not at  Junction,Others,Others,Bitumen(Tar),Not Applicable,Not Applicable,Others,service road yelahanka,Near NES petrol bunk service road yelahanka,0.5 km,13.097527,77.591557,0,0,0.0,0.0
Bengaluru City,Yelahanka Traffic PS,1.04432e+16,2022,1,2,Not Applicable,Not Applicable,City/Town,Near office complex,Human Error,No,Grievous Injury,Vehicle to Vehicle,Not at  Junction,Others,Others,Bitumen(Tar),Others,Not Applicable,Others,BB service road,near yelahanka bypass,1 km,0.0,0.0,0,1,0.0,1.0
Bengaluru City,Yelahanka Traffic PS,1.04432e+16,2022,1,1,Not Applicable,Not Applicable,City/Town,Near office complex,Not Applicable,Yes,Simple Injury,Hit pedestrian,Not at  Junction,Others,Others,Bitumen(Tar),Others,Not Applicable,Others,Attru main road,near orange medical,2 km,0.0,0.0,0,1,0.0,1.0
Bengaluru City,Yelahanka Traffic PS,1.04432e+16,2022,1,2,Not Applicable,Not Applicable,City/Town,Open area,Human Error,No,Grievous Injury,Not Applicable,Uncontrolled,Not Applicable,Not Applicable,Not Applicable,Not Applicable,Not Applicable,Clear,Chikkabettahalli Mosque,Chikkabettahalli Mosque,3,0.0,0.0,0,0,0.0,0.0
Bengaluru City,Yelahanka Traffic PS,1.04432e+16,2022,1,2,Not Applicable,Not Applicable,City/Town,Near office complex,Human Error,Yes,Grievous Injury,Vehicle to Vehicle,Not at  Junction,Others,Others,Bitumen(Tar),Others,Not Applicable,Others,BB road near Vidyashilpa up rump yelahanka,BB road,1 km,13.090901,77.5967329,0,1,0.0,1.0
Bengaluru City,Yelahanka Traffic PS,1.04432e+16,2022,1,2,Not Applicable,Not Applicable,City/Town,Near office complex,Human Error,No,Fatal,Vehicle to Vehicle,Not at  Junction,Others,Others,Bitumen(Tar),Others,Not Applicable,Others,Vyasa school road,Vyasa school road,5 km,13.056602,77.5658,0,1,0.0,1.0
Bengaluru City,Yelahanka Traffic PS,1.04432e+16,2022,1,2,Road Accidents,Road hump or Rumble strips,City/Town,Open area,Human Error,No,Grievous Injury,Vehicle to Vehicle,Uncontrolled,Straight and flat,Arterial,Bitumen(Tar),Dry,No influence on accident,Fine,palenahalkli Main road,Electric Pole,60Ft,13.116766,77.615437,0,0,0.0,0.0
Bengaluru City,Yelahanka Traffic PS,1.04432e+16,2022,1,1,Not Applicable,Not Applicable,City/Town,Near office complex,Human Error,No,Fatal,Vehicle to Vehicle,Not at  Junction,Others,Others,Bitumen(Tar),Others,Not Applicable,Others,"Abhabavani nagar, 3rd cross veerasagar yelahanka",Abhabavani nagar 3rd cross veerasagar yelahanka,5 km,0.0,0.0,0,1,0.0,1.0
Bengaluru City,Yelahanka Traffic PS,1.04432e+16,2022,1,2,Road Accidents,Not Applicable,City/Town,Open area,Human Error,No,Damage Only,Vehicle to Vehicle,Not at  Junction,Straight and flat,Arterial,Bitumen(Tar),Dry,No influence on accident,Fine,BB Main road,Electric Pole,40ft,0.0,0.0,0,0,0.0,0.0
Bengaluru City,Yelahanka Traffic PS,1.04432e+16,2022,1,2,Road Accidents,Not Applicable,City/Town,Open area,Human Error,No,Grievous Injury,Vehicle to Vehicle,Uncontrolled,Straight and flat,NH,Bitumen(Tar),Dry,No influence on accident,Fine,BB main road,Electrical Polo,30 ft,0.0,0.0,0,0,0.0,0.0
Bengaluru City,Yelahanka Traffic PS,1.04432e+16,2022,1,1,Not Applicable,Not Applicable,City/Town,Near office complex,Human Error,No,Damage Only,Vehicle to Vehicle,Not at  Junction,Others,Others,Bitumen(Tar),Others,Not Applicable,Others,BB service road,near venkatala,3 km,13.110517,77.604083,0,1,0.0,1.0
Bengaluru City,Yelahanka Traffic PS,1.04432e+16,2022,1,1,Not Applicable,Not Applicable,City/Town,Near office complex,Human Error,No,Grievous Injury,Hit pedestrian,Not at  Junction,Others,Others,Bitumen(Tar),Others,Not Applicable,Others,"Kogilu main road, opposite kurlappa complex yelahanka",Kogilu main road opposite kurlappa complex yelahanka,2 km,13.104436,77.605294,0,1,0.0,1.0
Bengaluru City,Yelahanka Traffic PS,1.04432e+16,2022,1,1,Not Applicable,Not Applicable,City/Town,Near office complex,Human Error,Yes,Grievous Injury,Hit bicyclist,Not at  Junction,Others,NH,Bitumen(Tar),Others,Not Applicable,Others,BB road,near Delhi public school,4 km,13.13262,77.615977,0,1,0.0,1.0
Bengaluru City,Yelahanka Traffic PS,1.04432e+16,2022,1,1,Not Applicable,Not Applicable,City/Town,Near office complex,Human Error,Yes,Grievous Injury,Vehicle to Vehicle,Not at  Junction,Others,Others,Bitumen(Tar),Others,Not Applicable,Others,Thirumala daba junction Yelahanka,Thirumala daba junction Yelahanka,3 km,13.097805,77.5631609,0,1,0.0,1.0
Bengaluru City,Yelahanka Traffic PS,1.04432e+16,2022,1,2,Not Applicable,Not Applicable,City/Town,Near office complex,Human Error,No,Fatal,Vehicle to Vehicle,Not at  Junction,Others,Others,Bitumen(Tar),Others,Not Applicable,Others,"BB main road, infront of BSF yelahanka",BB main road infront of BSF yelahanka,4 km,13.124127,77.611782,0,1,0.0,1.0
Bengaluru City,Yelahanka Traffic PS,1.04432e+16,2022,1,2,Not Applicable,Not Applicable,City/Town,Near office complex,Human Error,No,Grievous Injury,Vehicle to Vehicle,Not at  Junction,Others,Others,Bitumen(Tar),Others,Not Applicable,Others,"BB main road, near jakkuru signal yelahanka",BB main road near jakkuru signal yelahanka,2.5 km,0.0,0.0,0,1,0.0,1.0
Bengaluru City,Yelahanka Traffic PS,1.04432e+16,2022,1,1,Not Applicable,Narrow road,City/Town,Affected by encroachments,Human Error,No,Grievous Injury,Hit pedestrian,Give way sign,Not Applicable,Not Applicable,Gravel,Dry,Not Applicable,Clear,NES BUS STOP,NES BUS STOP,0.5,0.0,0.0,0,0,3.0,3.0
Bengaluru City,Yelahanka Traffic PS,1.04432e+16,2022,1,1,Not Applicable,Not Applicable,City/Town,Near office complex,Human Error,No,Fatal,Not Applicable,Not at  Junction,Others,Others,Bitumen(Tar),Others,Not Applicable,Others,BB sevrice road,Near RMC ready mix concrete company BB service road,4 km,0.0,0.0,0,1,0.0,1.0
Bengaluru City,Yelahanka Traffic PS,1.04432e+16,2022,1,1,Not Applicable,Not Applicable,City/Town,Near office complex,Human Error,No,Grievous Injury,Hit pedestrian,Not at  Junction,Others,Others,Bitumen(Tar),Others,Not Applicable,Others,DB pura main road,Near NES  signal,0.3 km,0.0,0.0,0,1,0.0,1.0
Bengaluru City,Yelahanka Traffic PS,1.04432e+16,2022,1,2,Not Applicable,Not Applicable,City/Town,Near office complex,Not Applicable,No,Grievous Injury,Vehicle to Vehicle,Not at  Junction,Others,Others,Bitumen(Tar),Others,Not Applicable,Others,BB main road,Near Jakkuru signal,3 km,0.0,0.0,0,1,0.0,1.0
Bengaluru City,Yelahanka Traffic PS,1.04432e+16,2022,1,2,Not Applicable,Not Applicable,City/Town,Near office complex,Not Applicable,No,Grievous Injury,Vehicle to Vehicle,Not at  Junction,Others,Others,Bitumen(Tar),Others,Not Applicable,Others,Ramagondanahalli main road,near malnad hotel yelahanka,2 km,0.0,0.0,0,1,0.0,1.0
Bengaluru City,Yelahanka Traffic PS,1.04432e+16,2022,1,2,Not Applicable,Not Applicable,City/Town,Near office complex,Human Error,No,Fatal,Vehicle to Vehicle,Not at  Junction,Others,NH,Bitumen(Tar),Others,Not Applicable,Others,BB main road,Near IAF,5 km,0.0,0.0,0,1,0.0,1.0
Bengaluru City,Yelahanka Traffic PS,1.04432e+16,2022,1,2,Not Applicable,Not Applicable,City/Town,Residential area,Human Error,No,Grievous Injury,Not Applicable,Not Applicable,Not Applicable,Not Applicable,Not Applicable,Not Applicable,Not Applicable,Dust Storn,Sandeep Unnikrishnan Road Near Agriculture office Entrance,Sandeep Unnikrishnan Road Near Agriculture office Entrance,2 KM,0.0,0.0,0,0,0.0,0.0
Bengaluru City,Yelahanka Traffic PS,1.04432e+16,2022,1,2,Not Applicable,Not Applicable,City/Town,Near Bus stop,Human Error,No,Simple Injury,Vehicle to Vehicle,Not at  Junction,Others,Others,Bitumen(Tar),Others,Not Applicable,Others,BB road,near ambiance daba,4 km,13.119429,77.609298,0,1,0.0,1.0
Bengaluru City,Yelahanka Traffic PS,1.04432e+16,2022,1,1,Not Applicable,Not Applicable,City/Town,Near office complex,Human Error,No,Fatal,Not Applicable,Not at  Junction,Others,Others,Bitumen(Tar),Others,Not Applicable,Others,Palanahalli road,Infront of RMZ savan,4 km,13.095021,77.594494,0,1,0.0,1.0
Bengaluru City,Yelahanka Traffic PS,1.04432e+16,2022,1,2,Not Applicable,Not Applicable,City/Town,Near office complex,Human Error,No,Simple Injury,Vehicle to Vehicle,Not at  Junction,Others,NH,Bitumen(Tar),Others,Not Applicable,Others,BB road,Infront of BSF,3 km,13.124022,77.611596,0,1,0.0,1.0
Bengaluru City,Yelahanka Traffic PS,1.04432e+16,2022,1,1,Not Applicable,Not Applicable,City/Town,Residential area,Human Error,No,Grievous Injury,Hit bicyclist,Not at  Junction,Others,Others,Bitumen(Tar),Others,Not Applicable,Others,Maruthi nagar near canara bank,near canara bank,2 km,13.103117,77.625562,0,1,0.0,1.0
Bengaluru City,Yelahanka Traffic PS,1.04432e+16,2022,1,2,Not Applicable,Not Applicable,City/Town,Near office complex,Human Error,No,Grievous Injury,Vehicle to Vehicle,Not at  Junction,Others,Others,Bitumen(Tar),Others,Not Applicable,Others,Judicial layout 10th main yelahanka,Judicial layout 10th main yelahanka,3 km,13.081287,77.586383,0,1,0.0,1.0
Bengaluru City,Yelahanka Traffic PS,1.04432e+16,2022,1,1,Not Applicable,Not Applicable,City/Town,Near Hospital,Human Error,No,Grievous Injury,Hit pedestrian,Not Applicable,Others,Others,Bitumen(Tar),Others,Not Applicable,Others,Near yelahanka 401 bus stop yelahanka,Near yelahanka 401 bus stop yelahanka,1 km,13.100706,77.594342,0,1,0.0,1.0
Bengaluru City,Yelahanka Traffic PS,1.04432e+16,2022,1,2,Road Accidents,Not Applicable,City/Town,Near or inside a village,Human Error,No,Simple Injury,Vehicle to Vehicle,Signal lights Blinking,Slight Curve,Others,Bitumen(Tar),Others,Not Applicable,Others,DB pura main road,ramanashree california,2 km,13.114099,77.579201,0,1,0.0,1.0
Bengaluru City,Yelahanka Traffic PS,1.04432e+16,2022,1,2,Road Accidents,Narrow road,City/Town,Narrow bridge or culverts,Human Error,No,Grievous Injury,Vehicle to Vehicle,Not at  Junction,Straight and flat,Sub Arterial,Bitumen(Tar),Dry,No influence on accident,Fine,"BB Main road, Kogilu CrossFly Over",Electric Pole,20ft,13.103733,77.600571,0,0,0.0,0.0
Bengaluru City,Yelahanka Traffic PS,1.04432e+16,2022,1,1,Not Applicable,Not Applicable,City/Town,Near office complex,Human Error,No,Fatal,Hit bicyclist,Not at  Junction,Others,Others,Bitumen(Tar),Others,Not Applicable,Others,BB road,Infront of gate no1,4 km,13.13092,77.614961,0,1,0.0,1.0
Bengaluru City,Yelahanka Traffic PS,1.04432e+16,2022,1,1,Not Applicable,Not Applicable,City/Town,Near office complex,Human Error,No,Simple Injury,Hit pedestrian,Not at  Junction,Others,Others,Bitumen(Tar),Others,Not Applicable,Others,"MS palya road, near jelli mission yelahanka",MS palya road near jelli mission yelahanka,3 km,13.088161,77.555675,0,1,0.0,1.0
Bengaluru City,Yelahanka Traffic PS,1.04432e+16,2022,1,2,Not Applicable,Not Applicable,City/Town,Near office complex,Human Error,No,Grievous Injury,Vehicle to Vehicle,Not at  Junction,Others,Others,Bitumen(Tar),Others,Not Applicable,Others,BB main road yelahanka,Near Yelahanka Bypass,1 km,13.082101,77.593137,0,1,0.0,1.0
Bengaluru City,Yelahanka Traffic PS,1.04432e+16,2022,1,2,Not Applicable,Not Applicable,City/Town,Near office complex,Human Error,No,Grievous Injury,Vehicle to Vehicle,Not at  Junction,Others,Others,Bitumen(Tar),Others,Not Applicable,Others,BB main road,jakkuru cross fly,3 km,0.0,0.0,0,1,0.0,1.0
Bengaluru City,Yelahanka Traffic PS,1.04432e+16,2022,1,2,Road Accidents,Not Applicable,City/Town,Near office complex,Human Error,No,Grievous Injury,Vehicle to Vehicle,Not at  Junction,Others,Others,Bitumen(Tar),Others,Not Applicable,Others,"Near High bar, kogilu main road yelahanka",Near High bar kogilu main road yelahanka,2 km,0.0,0.0,0,1,0.0,1.0
Bengaluru City,Yelahanka Traffic PS,1.04432e+16,2022,1,2,Not Applicable,Not Applicable,City/Town,Near office complex,Human Error,No,Grievous Injury,Vehicle to Vehicle,Not at  Junction,Others,Others,Bitumen(Tar),Others,Not Applicable,Others,DB pura main road,Near puttenahalli lake,2 km,0.0,0.0,0,1,0.0,1.0
Bengaluru City,Yelahanka Traffic PS,1.04432e+16,2022,1,1,Not Applicable,Narrow road,City/Town,Narrow bridge or culverts,Human Error,No,Damage Only,Hit pedestrian,No signal lights,Not Applicable,Not Applicable,Not Applicable,Others,Not Applicable,Clear,MS Palya Main Road,MS Palya Main Road,MS Pal,0.0,0.0,0,1,0.0,1.0
Bengaluru City,Yelahanka Traffic PS,1.04432e+16,2022,1,2,Not Applicable,Narrow road,City/Town,Near office complex,Not Applicable,No,Damage Only,Vehicle to Vehicle,Not at  Junction,Others,Others,Bitumen(Tar),Others,Not Applicable,Others,"Nitte minakshi cllege, near chai point bakery yelahanka",Nitte minakshi cllege near chai point bakery yelahanka,3 km,0.0,0.0,0,1,0.0,1.0
Bengaluru City,Yelahanka Traffic PS,1.04432e+16,2022,1,1,Not Applicable,Narrow road,Rural Areas,Open area,Human Error,Yes,Grievous Injury,Hit pedestrian,Not Applicable,Not Applicable,Not Applicable,Not Applicable,Not Applicable,Not Applicable,Others,GKVK Double Road,GKVK Double Road,5,13.090856,77.559806,0,0,0.0,0.0
Bengaluru City,Yelahanka Traffic PS,1.04432e+16,2022,1,2,Road Accidents,Cross roads,City/Town,Residential area,Human Error,Not Applicable,Damage Only,Vehicle to Vehicle,Not at  Junction,Slight Curve,Two way,Bitumen(Tar),Dry,Not Applicable,Clear,"Vivekananda park road, newtown",Vivekananda park road newtown,3km,13.104095,77.571705,0,0,0.0,0.0
Bengaluru City,Yelahanka Traffic PS,1.04432e+16,2022,1,1,Not Applicable,Not Applicable,City/Town,Open area,Not Applicable,No,Fatal,Not Applicable,Not at  Junction,Others,One way,Bitumen(Tar),Others,Not Applicable,Others,Sapthagiri layout thindlu circle road,Sapthagiri layout thindlu circle road,5 km,13.074559,77.562553,0,1,0.0,1.0
Bengaluru City,Yelahanka Traffic PS,1.04432e+16,2022,1,2,Not Applicable,Not Applicable,City/Town,Near office complex,Human Error,Yes,Grievous Injury,Vehicle to Vehicle,Not at  Junction,Others,Others,Bitumen(Tar),Others,Not Applicable,Others,other road,Jakkuru flying center service road,2 km,13.07632,77.593016,0,1,0.0,1.0
Bengaluru City,Yelahanka Traffic PS,1.04432e+16,2022,1,2,Not Applicable,Not Applicable,City/Town,Near office complex,Human Error,No,Grievous Injury,Not Applicable,Not at  Junction,Others,Others,Bitumen(Tar),Others,Not Applicable,Others,B BRoad,jakkuru on fly over,2 km,13.080502,77.593196,0,1,0.0,1.0
Bengaluru City,Yelahanka Traffic PS,1.04432e+16,2022,1,1,Road Accidents,Not Applicable,City/Town,Near office complex,Human Error,No,Damage Only,Vehicle to Vehicle,Not at  Junction,Others,State Highway,Bitumen(Tar),Others,Not Applicable,Others,DB pura main road,opposite CNR Bar,1 km,13.113741,77.579342,0,1,0.0,1.0
Bengaluru City,Yelahanka Traffic PS,1.04432e+16,2022,1,2,Not Applicable,Not Applicable,City/Town,Near office complex,Human Error,No,Grievous Injury,Vehicle to Vehicle,Not at  Junction,Others,NH,Bitumen(Tar),Others,Not Applicable,Others,BB road,bagaluru cross infront of Tea shop yelahanka,3 km,13.120837,77.6106069,0,1,0.0,1.0
Bengaluru City,Yelahanka Traffic PS,1.04432e+16,2022,1,2,Road Accidents,Not Applicable,City/Town,Near School or College,Human Error,No,Grievous Injury,Vehicle to Vehicle,Not at  Junction,Others,Others,Bitumen(Tar),Others,Not Applicable,Others,Sandeep unnikrishnan road,Seshadripuram school,1km,13.101138,77.5831269,0,1,0.0,1.0
Bengaluru City,Yelahanka Traffic PS,1.04432e+16,2022,1,2,Not Applicable,Not Applicable,City/Town,Near office complex,Human Error,No,Grievous Injury,Vehicle to Vehicle,Not at  Junction,Others,Others,Bitumen(Tar),Others,Not Applicable,Others,MS palya main road,near SBI bank ATM,4 km,13.097716,77.563409,0,1,0.0,1.0
Bengaluru City,Yelahanka Traffic PS,1.04432e+16,2022,1,1,Not Applicable,Not Applicable,City/Town,Near office complex,Human Error,No,Fatal,Not Applicable,Not at  Junction,Others,Others,Bitumen(Tar),Others,Not Applicable,Others,GKVK Double road,Near Vidyaranyapur police sttaion,3 km,13.080708,77.563037,0,1,0.0,1.0
Bengaluru City,Yelahanka Traffic PS,1.04432e+16,2022,1,1,Not Applicable,Narrow road,City/Town,Near office complex,Human Error,No,Grievous Injury,Hit pedestrian,Not at  Junction,Others,NH,Bitumen(Tar),Not Applicable,Not Applicable,Others,Yelahanka newtown 4th phase near indiara cantene,Yelahanka newtown 4th phase near indiara cantene,2 km,13.100498,77.576679,0,0,0.0,0.0
Bengaluru City,Yelahanka Traffic PS,1.04432e+16,2022,1,2,Not Applicable,Not Applicable,City/Town,Near office complex,Human Error,No,Grievous Injury,Vehicle to Vehicle,Not at  Junction,Others,Others,Bitumen(Tar),Others,Not Applicable,Others,"Thirumal nagar, near 2nd cross yelahanka",Thirumal nagar near 2nd cross yelahanka,3 km,13.100254,77.563227,0,1,0.0,1.0
Bengaluru City,Yelahanka Traffic PS,1.04432e+16,2022,1,2,Not Applicable,Not Applicable,City/Town,Near office complex,Human Error,No,Grievous Injury,Vehicle to Vehicle,Not at  Junction,Others,Others,Bitumen(Tar),Others,Not Applicable,Others,"A sector, 12th A main, yelahanka newtown",A sector 12th A main yelahanka newtown,2 km,13.094236,77.588786,0,1,0.0,1.0
Bengaluru City,Yelahanka Traffic PS,1.04432e+16,2022,1,1,Not Applicable,Not Applicable,City/Town,Near office complex,Human Error,No,Grievous Injury,Vehicle to Vehicle,Not at  Junction,Others,Others,Bitumen(Tar),Others,Not Applicable,Others,Near Thirumala daba cross near atturu layout,Near Thirumala daba cross near atturu layout,3 km,0.0,0.0,0,1,0.0,1.0
Bengaluru City,Yelahanka Traffic PS,1.04432e+16,2022,1,2,Not Applicable,Not Applicable,City/Town,Near office complex,Human Error,No,Grievous Injury,Vehicle to Vehicle,Not at  Junction,Others,NH,Bitumen(Tar),Others,Not Applicable,Others,BB main road kogilu fly over yelahanka,kogilu fly over yelahanka,1 km,0.0,0.0,0,1,0.0,1.0
Bengaluru City,Yelahanka Traffic PS,1.04432e+16,2022,1,1,Not Applicable,Not Applicable,City/Town,Near office complex,Human Error,No,Fatal,Vehicle to Vehicle,Not at  Junction,Others,Others,Bitumen(Tar),Others,Not Applicable,Others,BB road fly over,near Raithara santhe yelahanka,1 km,0.0,0.0,0,1,0.0,1.0
Bengaluru City,Yelahanka Traffic PS,1.04432e+16,2022,1,2,Not Applicable,Not Applicable,City/Town,Near office complex,Human Error,No,Simple Injury,Vehicle to Vehicle,Not at  Junction,Others,NH,Bitumen(Tar),Others,Not Applicable,Others,BB road,bypass fly over yelahanka,1 km,0.0,0.0,0,1,0.0,1.0
Bengaluru City,Yelahanka Traffic PS,1.04432e+16,2022,1,2,Not Applicable,Not Applicable,City/Town,Near office complex,Human Error,No,Simple Injury,Vehicle to Vehicle,Not at  Junction,Others,Others,Bitumen(Tar),Others,Not Applicable,Others,Infront of Srirama sahana aprt yelahanka,Infront of Srirama sahana aprt yelahanka,3 km,0.0,0.0,0,1,0.0,1.0
Bengaluru City,Yelahanka Traffic PS,1.04432e+16,2022,1,1,Not Applicable,Not Applicable,City/Town,Near office complex,Not Applicable,Yes,Grievous Injury,Hit pedestrian,Not at  Junction,Others,NH,Bitumen(Tar),Others,Not Applicable,Others,BB service road,Near Bagaluru cross under pass,2 km,0.0,0.0,0,1,0.0,1.0
Bengaluru City,Yelahanka Traffic PS,1.04432e+16,2022,1,1,Not Applicable,Not Applicable,City/Town,Residential area,Human Error,No,Grievous Injury,Hit pedestrian,Not at  Junction,Others,Others,Bitumen(Tar),Others,Not Applicable,Others,Near Liberty shworoom vidyaranyapur,Near Liberty shworoom vidyaranyapur,5 km,13.069272,77.556378,0,1,0.0,1.0
Bengaluru City,Yelahanka Traffic PS,1.04432e+16,2022,1,1,Not Applicable,Not Applicable,City/Town,Near office complex,Human Error,No,Grievous Injury,Not Applicable,Not at  Junction,Others,Others,Bitumen(Tar),Others,Not Applicable,Others,BB road,near palanahalli gate,3 km,13.117129,77.6086959,0,1,0.0,1.0
Bengaluru City,Yelahanka Traffic PS,1.04432e+16,2022,1,2,Not Applicable,Not Applicable,City/Town,Near office complex,Human Error,No,Grievous Injury,Vehicle to Vehicle,Not at  Junction,Others,Others,Bitumen(Tar),Others,Not Applicable,Others,Lakshmipura main road,near Kanshiram nagar bus st,5 km,13.089804,77.542516,0,1,0.0,1.0
Bengaluru City,Yelahanka Traffic PS,1.04432e+16,2022,1,2,Not Applicable,Not Applicable,City/Town,Near office complex,Human Error,No,Grievous Injury,Vehicle to Vehicle,Not at  Junction,Others,Others,Bitumen(Tar),Others,Not Applicable,Others,BB road,near IAF Yelahanka,4 km,13.136106,77.617371,0,1,0.0,1.0
Bengaluru City,Yelahanka Traffic PS,1.04432e+16,2022,1,2,Not Applicable,Not Applicable,City/Town,Near office complex,Human Error,No,Grievous Injury,Vehicle to Vehicle,Not at  Junction,Others,Others,Bitumen(Tar),Others,Not Applicable,Others,"Nagenahalli main road, near habitate apartment yelahanka",Nagenahalli main road near habitate apartment yelahanka,3 km,13.1312,77.5770299,0,1,0.0,1.0
Bengaluru City,Yelahanka Traffic PS,1.04432e+16,2022,1,2,Not Applicable,Not Applicable,City/Town,Near office complex,Human Error,No,Grievous Injury,Vehicle to Vehicle,Not at  Junction,Others,Others,Bitumen(Tar),Others,Not Applicable,Others,BB road,Vidyashilpa down rump Yelahanka,1 km,13.090055,77.596354,0,1,0.0,1.0
Bengaluru City,Yelahanka Traffic PS,1.04432e+16,2022,1,2,Not Applicable,Not Applicable,City/Town,Near office complex,Human Error,No,Grievous Injury,Vehicle to Vehicle,Not at  Junction,Others,Others,Bitumen(Tar),Others,Not Applicable,Others,Near Reliance fresh Vidyaranyapur,Near Reliance fresh Vidyaranyapur,5 km,0.0,0.0,0,1,0.0,1.0
Bengaluru City,Yelahanka Traffic PS,1.04432e+16,2022,1,1,Not Applicable,Not Applicable,City/Town,Near office complex,Human Error,Yes,Grievous Injury,Hit pedestrian,Not Applicable,Others,Others,Bitumen(Tar),Others,Not Applicable,Others,BB road,near coffee day,1 km,0.0,0.0,0,1,0.0,1.0
Bengaluru City,Yelahanka Traffic PS,1.04432e+16,2022,1,2,Not Applicable,Not Applicable,City/Town,Open area,Human Error,No,Grievous Injury,Not Applicable,Not Applicable,Not Applicable,Others,Not Applicable,Dry,Not Applicable,Clear,Bagaluru Cross,Bagaluru Cross,5,0.0,0.0,0,0,0.0,0.0
Bengaluru City,Yelahanka Traffic PS,1.04432e+16,2022,1,1,Not Applicable,Not Applicable,City/Town,In bazaar,Human Error,No,Grievous Injury,Not Applicable,Not Applicable,Not Applicable,Not Applicable,Gravel,Dry,Not Applicable,Not Applicable,Ambabavani Temple Road,Ambabavani Temple Road,5,0.0,0.0,0,0,3.0,3.0
Bengaluru City,Yelahanka Traffic PS,1.04432e+16,2022,1,2,Not Applicable,Not Applicable,City/Town,Near office complex,Human Error,No,Grievous Injury,Vehicle to Vehicle,Not Applicable,Others,Others,Bitumen(Tar),Others,Not Applicable,Others,Thindlu main road,near sapthagiri layout,2 km,13.07447,77.563184,0,1,0.0,1.0