DISTRICTNAME,UNITNAME,Crime_No,Year,RI,Noofvehicle_involved,Accident_Classification,Accident_Spot,Accident_Location,Accident_SubLocation,Main_Cause,Hit_Run,Severity,Collision_Type,Junction_Control,Road_Character,Road_Type,Surface_Type,Surface_Condition,Road_Condition,Weather,Accident_Road,Landmark_first,Distance_LandMark_First,Latitude,Longitude,Road_Condition_Score,Surface_Condition_Score,Surface_Type_Score,Road_Risk_Index
Bengaluru City,Yelahanka Traffic PS,1.04432e+16,2022,1,1,Not Applicable,Not Applicable,City/Town,Near Bus stop,Human Error,Yes,Fatal,Hit pedestrian,Not at  Junction,Others,Others,Bitumen(Tar),Others,Not Applicable,Others,Bagaluru main road,kattigenahalli bus stop,4 km,13.121137,77.617219,0,1,0.0,1.0
Bengaluru City,Yelahanka Traffic PS,1.04432e+16,2022,1,2,Not Applicable,Not Applicable,City/Town,Near School or College,Human Error,No,Damage Only,Vehicle to Vehicle,Not at  Junction,Not Applicable,Others,Bitumen(Tar),Others,Not Applicable,Others,other road,Backside of seshadripuram college gate,1.5 km,13.099081,77.587507,0,1,0.0,1.0
Bengaluru City,Yelahanka Traffic PS,1.04432e+16,2022,1,1,Not Applicable,Not Applicable,City/Town,Near office complex,Human Error,No,Fatal,Hit pedestrian,Not at  Junction,Others,Others,Bitumen(Tar),Others,Not Applicable,Others,BB main road vidyashilpa down rump yelahanka,BB main road vidyashilpa down rump yelahanka,1 km,13.113419,77.554313,0,1,0.0,1.0
Bengaluru City,Yelahanka Traffic PS,1.04432e+16,2022,1,2,Not Applicable,Narrow road,City/Town,Near office complex,Human Error,No,Grievous Injury,Vehicle to Vehicle,Not at  Junction,Others,Others,Bitumen(Tar),Others,Not Applicable,Others,"Ramachandrapur main road, near sky bajar vidyaranyapur",Ramachandrapur main road near sky bajar vidyaranyapur,5 km,13.063438,77.552069,0,1,0.0,1.0
Bengaluru City,Yelahanka Traffic PS,1.04432e+16,2022,1,2,Not Applicable,Not Applicable,City/Town,Near office complex,Human Error,No,Damage Only,Vehicle to Vehicle,Not at  Junction,Others,Others,Bitumen(Tar),Others,Not Applicable,Others,Doddabommasandra main road,near pete siddappa circle,5 km,13.059945,77.558954,0,1,0.0,1.0
Bengaluru City,Yelahanka Traffic PS,1.04432e+16,2022,1,1,Not Applicable,Not Applicable,City/Town,Near office complex,Human Error,No,Grievous Injury,Not Applicable,Not at  Junction,Others,Others,Bitumen(Tar),Others,Not Applicable,Others,DB pura main road,Near nagenahalli gate yelahanka,4 km,13.129819,77.571597,0,1,0.0,1.0
Bengaluru City,Yelahanka Traffic PS,1.04432e+16,2022,1,1,Not Applicable,Not Applicable,City/Town,Near office complex,Human Error,No,Grievous Injury,Hit pedestrian,Not at  Junction,Others,Others,Bitumen(Tar),Others,Not Applicable,Others,DB pur main road,near kendriya vidyalaya Yelahanka,2 km,13.119566,77.577014,0,1,0.0,1.0
Bengaluru City,Yelahanka Traffic PS,1.04432e+16,2022,1,2,Not Applicable,Narrow road,City/Town,Near office complex,Human Error,No,Grievous Injury,Vehicle to Vehicle,Not at  Junction,Others,Others,Bitumen(Tar),Others,Not Applicable,Others,shamarajpur 2nd cross,2nd cross near car wash,5 km,0.0,0.0,0,1,0.0,1.0
Bengaluru City,Yelahanka Traffic PS,1.04432e+16,2022,1,2,Not Applicable,Not Applicable,City/Town,Near office complex,Human Error,No,Grievous Injury,Vehicle to Vehicle,Not at  Junction,Others,Others,Bitumen(Tar),Others,Not Applicable,Others,BB service road,Near venkatala pipe factory,3 km,0.0,0.0,0,1,0.0,1.0
Bengaluru City,Yelahanka Traffic PS,1.04432e+16,2022,1,1,Not Applicable,Not Applicable,City/Town,Near office complex,Human Error,No,Fatal,Not Applicable,Not at  Junction,Others,Others,Bitumen(Tar),Others,Not Applicable,Others,BB main road,bypass fly over yelahanka,1 km,0.0,0.0,0,1,0.0,1.0
Bengaluru City,Yelahanka Traffic PS,1.04432e+16,2022,1,2,Not Applicable,Not Applicable,City/Town,Near office complex,Human Error,No,Fatal,Vehicle to Vehicle,Not at  Junction,Not Applicable,State Highway,Bitumen(Tar),Others,Not Applicable,Others,Doddaballapur main road,near mavallipuram cross,5 km,0.0,0.0,0,1,0.0,1.0
Bengaluru City,Yelahanka Traffic PS,1.04432e+16,2022,1,2,Road Accidents,Not Applicable,City/Town,Near School or College,Human Error,No,Grievous Injury,Vehicle to Vehicle,Uncontrolled,Straight and flat,Arterial,Bitumen(Tar),Dry,No influence on accident,Fine,Sandeep unnikrishnan Road,Electric Pole,40ft,0.0,0.0,0,0,0.0,0.0
Bengaluru City,Yelahanka Traffic PS,1.04432e+16,2023,1,2,Road Accidents,Not Applicable,City/Town,Open area,Human Error,Yes,Fatal,Vehicle to Vehicle,No signal lights,Straight and flat,NH,Bitumen(Tar),Dry,No influence on accident,Fine,BB main road,Metro Piller,40 ft,0.0,0.0,0,0,0.0,0.0
Bengaluru City,Yelahanka Traffic PS,1.04432e+16,2023,1,2,Road Accidents,Bottleneck,Rural Areas,Open area,Human Error,No,Grievous Injury,Vehicle to Vehicle,Not at  Junction,Others,Sub Arterial,Bitumen(Tar),Dry,No influence on accident,Fine,aaaa,eeee,20,0.0,0.0,0,0,0.0,0.0
Bengaluru City,Yelahanka Traffic PS,1.04432e+16,2023,1,1,Not Applicable,Not Applicable,City/Town,Residential area,Human Error,No,Grievous Injury,Hit pedestrian,Not Applicable,Not Applicable,Not Applicable,Not Applicable,Not Applicable,Not Applicable,Clear,Near M S Palya,Near M S Palya,4,0.0,0.0,0,0,0.0,0.0
Bengaluru City,Yelahanka Traffic PS,1.04432e+16,2023,1,2,Road Accidents,Junction,City/Town,Near a factory industrial area,Human Error,No,Fatal,Vehicle to Vehicle,Uncontrolled,Straight and flat,NH,Bitumen(Tar),Dry,No influence on accident,Fine,BB Main road,Electrical pole,40ft,13.127837,77.613527,0,0,0.0,0.0
Bengaluru City,Yelahanka Traffic PS,1.04432e+16,2023,1,2,Not Applicable,Not Applicable,City/Town,Open area,Human Error,No,Damage Only,Vehicle to Vehicle,Not Applicable,Not Applicable,Not Applicable,Not Applicable,Ditch or Potholed,Not Applicable,Clear,Near Jakkuru Signal,Near Jakkuru Signal,2,0.0,0.0,0,5,0.0,5.0
Bengaluru City,Yelahanka Traffic PS,1.04432e+16,2023,1,2,Not Applicable,Not Applicable,City/Town,Open area,Human Error,No,Grievous Injury,Vehicle to Vehicle,Not Applicable,Not Applicable,Not Applicable,Not Applicable,Not Applicable,Not Applicable,Clear,Near Allalasandra Lake,Near Allalasandra Lake,2,0.0,0.0,0,0,0.0,0.0
Bengaluru City,Yelahanka Traffic PS,1.04432e+16,2023,1,2,Not Applicable,Not Applicable,City/Town,Open area,Not Applicable,No,Damage Only,Vehicle to Vehicle,Not Applicable,Not Applicable,Not Applicable,Not Applicable,Not Applicable,Not Applicable,Clear,BB Road Near Jakkuru Signal,BB Road Near Jakkuru Signal,2,13.0,77.0,0,0,0.0,0.0
Bengaluru City,Yelahanka Traffic PS,1.04432e+16,2023,1,1,Road Accidents,Junction,City/Town,Near Bus stop,Human Error,No,Fatal,Hit pedestrian,Signals (Working),Straight and flat,NH,Bitumen(Tar),Dry,No influence on accident,Fine,BB Service road,Sign board,25 ft,0.0,0.0,0,0,0.0,0.0
Bengaluru City,Yelahanka Traffic PS,1.04432e+16,2023,1,3,Not Applicable,Not Applicable,City/Town,Open area,Human Error,No,Grievous Injury,Vehicle to Vehicle,Not Applicable,Not Applicable,Not Applicable,Not Applicable,Dry,Not Applicable,Not Applicable,In front V R Ayyangara Bekari,In front V R Ayyangara Bekari,7,0.0,0.0,0,0,0.0,0.0
Bengaluru City,Yelahanka Traffic PS,1.04432e+16,2023,1,2,Road Accidents,Junction,City/Town,Open area,Human Error,No,Grievous Injury,Vehicle to Vehicle,Signal lights Automatic,Straight and flat,NH,Bitumen(Tar),Dry,No influence on accident,Fine,B B main road,Flyover Piller,15 Ft,0.0,0.0,0,0,0.0,0.0
Bengaluru City,Yelahanka Traffic PS,1.04432e+16,2023,1,2,Not Applicable,Not Applicable,City/Town,Residential area,Human Error,Not Applicable,Damage Only,Not Applicable,Not Applicable,Not Applicable,Not Applicable,Not Applicable,Not Applicable,Not Applicable,Clear,NES Yelahanka,NES Yelahanka,0.5,0.0,0.0,0,0,0.0,0.0
Bengaluru City,Yelahanka Traffic PS,1.04432e+16,2023,1,2,Not Applicable,Not Applicable,City/Town,Open area,Human Error,No,Damage Only,Not Applicable,Signal lights Automatic,Not Applicable,Not Applicable,Not Applicable,Dry,Not Applicable,Clear,Jakkuru Signal,2,2,0.0,0.0,0,0,0.0,0.0
Bengaluru City,Yelahanka Traffic PS,1.04432e+16,2023,1,1,Road Accidents,Not Applicable,City/Town,Near Bus stop,Human Error,No,Fatal,Hit pedestrian,Not at  Junction,Others,Others,Concrete,Dry,No influence on accident,Fine,BMTC Depo Road,Toilets,100 Ft,0.0,0.0,0,0,0.0,0.0
Bengaluru City,Yelahanka Traffic PS,1.04432e+16,2023,1,2,Not Applicable,Not Applicable,City/Town,Open area,Human Error,No,Grievous Injury,Not Applicable,Not Applicable,Not Applicable,Not Applicable,Not Applicable,Not Applicable,Not Applicable,Not Applicable,Major Sandeep Unnikrishnan Road Near Chikkabettahalli Bus Stand,Major Sandeep Unnikrishnan Road Near Chikkabettahalli Bus Stand,3,0.0,0.0,0,0,0.0,0.0
Bengaluru City,Yelahanka Traffic PS,1.04432e+16,2023,1,2,Not Applicable,Not Applicable,City/Town,Residential area,Human Error,No,Simple Injury,Vehicle to Vehicle,Not Applicable,Not Applicable,Not Applicable,Not Applicable,Not Applicable,Not Applicable,Cloudy,Thindlu Main Road,Thindlu Main Road,4,0.0,0.0,0,0,0.0,0.0
Bengaluru City,Yelahanka Traffic PS,1.04432e+16,2023,1,2,Not Applicable,Not Applicable,City/Town,Open area,Human Error,No,Damage Only,Not Applicable,Not Applicable,Not Applicable,Not Applicable,Not Applicable,Not Applicable,Not Applicable,Clear,Near Yelahanka Coffee Day,Near Yelahanka Coffee Day,1.2,0.0,0.0,0,0,0.0,0.0
Bengaluru City,Yelahanka Traffic PS,1.04432e+16,2023,1,2,Not Applicable,Not Applicable,City/Town,Open area,Not Applicable,No,Grievous Injury,Vehicle to Vehicle,Not Applicable,Not Applicable,Not Applicable,Not Applicable,Not Applicable,Not Applicable,Cloudy,Ambabhavani Temple,Ambabhavani Temple,6,0.0,0.0,0,0,0.0,0.0
Bengaluru City,Yelahanka Traffic PS,1.04432e+16,2023,1,1,Not Applicable,Not Applicable,City/Town,Residential area,Human Error,No,Grievous Injury,Hit pedestrian,Not Applicable,Not Applicable,Not Applicable,Not Applicable,Not Applicable,Not Applicable,Clear,Near NES,Near NES,0.5,0.0,0.0,0,0,0.0,0.0
Bengaluru City,Yelahanka Traffic PS,1.04432e+16,2023,1,1,Not Applicable,Not Applicable,City/Town,Open area,Human Error,No,Grievous Injury,Vehicle to Vehicle,Not Applicable,Not Applicable,Not Applicable,Not Applicable,Not Applicable,Not Applicable,Cloudy,Near Yelahanka By Pass,Near Yelahanka By Pass,2,0.0,0.0,0,0,0.0,0.0
Bengaluru City,Yelahanka Traffic PS,1.04432e+16,2023,1,2,Road Accidents,Junction,City/Town,Residential area,Human Error,No,Fatal,Vehicle to Vehicle,No signal lights,Straight and flat,Sub Arterial,Bitumen(Tar),Dry,No influence on accident,Fine,Newtown 14th A cross,B street light  pole,7ft,13.215468,77.154685,0,0,0.0,0.0
Bengaluru City,Yelahanka Traffic PS,1.04432e+16,2023,1,1,Road Accidents,Junction,City/Town,Residential area,Human Error,No,Fatal,Not Applicable,No signal lights,Straight and flat,Residential Street,Bitumen(Tar),Dry,No influence on accident,Fine,4th phase main road,Street light pole,8ft,0.0,0.0,0,0,0.0,0.0
Bengaluru City,Yelahanka Traffic PS,1.04432e+16,2023,1,2,Road Accidents,Narrow road,City/Town,Near School or College,Human Error,No,Grievous Injury,Vehicle to Vehicle,Not Applicable,Steep Incline or Climb,Arterial,Bitumen(Tar),Dry,No influence on accident,Fine,Nitte meenakshi college Road,Light poll,50 ft,13.255445,77.554555,0,0,0.0,0.0
Bengaluru City,Yelahanka Traffic PS,1.04432e+16,2023,1,2,Road Accidents,Bottleneck,City/Town,Near School or College,Human Error,No,Grievous Injury,Vehicle to Vehicle,Not at  Junction,Straight and flat,Arterial,Bitumen(Tar),Ditch or Potholed,No influence on accident,Fine,BB Service Road,Electricle POle,25ft,13.455565,77.542444,0,5,0.0,5.0
Bengaluru City,Yelahanka Traffic PS,1.04432e+16,2023,1,2,Road Accidents,Not Applicable,City/Town,Open area,Human Error,No,Grievous Injury,Vehicle to Vehicle,Not at  Junction,Straight and flat,NH,Bitumen(Tar),Dry,No influence on accident,Fine,BB Service road,Electric Pole,50 Ft,0.0,0.0,0,0,0.0,0.0
Bengaluru City,Yelahanka Traffic PS,1.04432e+16,2023,1,2,Not Applicable,Not Applicable,City/Town,Residential area,Human Error,No,Grievous Injury,Not Applicable,No signal lights,Others,Others,Not Applicable,Others,Not Applicable,Wind,VENKATALA SERVICE ROAD,VENKATALA SERVICE ROAD,3,0.0,0.0,0,1,0.0,1.0
Bengaluru City,Yelahanka Traffic PS,1.04432e+16,2023,1,1,Not Applicable,Not Applicable,City/Town,Open area,Human Error,No,Simple Injury,Hit pedestrian,Not Applicable,Not Applicable,Not Applicable,Not Applicable,Not Applicable,Not Applicable,Clear,Near Vidyashilpa Up Ramp,Near Vidyashilpa Up Ramp,1,0.0,0.0,0,0,0.0,0.0
Bengaluru City,Yelahanka Traffic PS,1.04432e+16,2023,1,1,Road Accidents,Not Applicable,Rural Areas,Near Hospital,Human Error,No,Fatal,Not Applicable,Not at  Junction,Straight and flat,NH,Bitumen(Tar),Dry,Not Applicable,Clear,bb service road,metro pillar,45ft,0.0,0.0,0,0,0.0,0.0
Bengaluru City,Yelahanka Traffic PS,1.04432e+16,2023,1,1,Not Applicable,Narrow road,City/Town,Open area,Human Error,Yes,Grievous Injury,Hit pedestrian,Not Applicable,Not Applicable,Not Applicable,Not Applicable,Not Applicable,Not Applicable,Not Applicable,B B Main Road opposite Yelahanka Copy Day4,B B Main Road opposite Yelahanka Copy Day4,1,0.0,0.0,0,0,0.0,0.0
Bengaluru City,Yelahanka Traffic PS,1.04432e+16,2023,1,2,Not Applicable,Not Applicable,City/Town,Open area,Human Error,No,Grievous Injury,Vehicle to Vehicle,Not Applicable,Not Applicable,Not Applicable,Not Applicable,Not Applicable,Not Applicable,Not Applicable,"Major Sandeep Unnikrishnan Road, Near Old RTO office Cross",Unnikrishnan Road,3,0.0,0.0,0,0,0.0,0.0
Bengaluru City,Yelahanka Traffic PS,1.04432e+16,2023,1,1,Not Applicable,Not Applicable,City/Town,Open area,Not Applicable,No,Grievous Injury,Hit pedestrian,Not Applicable,Not Applicable,Not Applicable,Not Applicable,Not Applicable,Not Applicable,Clear,Vindyaranyapura Main Road infront of Axis Bank,Vindyaranyapura Main Road infront of Axis Bank,6,0.0,0.0,0,0,0.0,0.0
Bengaluru City,Yelahanka Traffic PS,1.04432e+16,2023,1,1,Not Applicable,Not Applicable,City/Town,Open area,Human Error,No,Damage Only,Hit pedestrian,Not Applicable,Not Applicable,Not Applicable,Not Applicable,Not Applicable,Not Applicable,Clear,Infront Prestige Shop Chikkabommasandra,Infront Prestige Shop Chikkabommasandra,2,0.0,0.0,0,0,0.0,0.0
Bengaluru City,Yelahanka Traffic PS,1.04432e+16,2023,1,2,Not Applicable,Not Applicable,City/Town,Open area,Human Error,No,Grievous Injury,Vehicle to Vehicle,Not Applicable,Not Applicable,Not Applicable,Not Applicable,Not Applicable,Not Applicable,Clear,Near Coffee Day Yelahanka,Near Coffee Day Yelahanka,1,0.0,0.0,0,0,0.0,0.0
Bengaluru City,Yelahanka Traffic PS,1.04432e+16,2023,1,1,Not Applicable,Not Applicable,City/Town,Open area,Human Error,No,Grievous Injury,Hit pedestrian,Not Applicable,Not Applicable,Not Applicable,Not Applicable,Not Applicable,Not Applicable,Clear,Near Puttenahalli Kanthi Sweets,Near Puttenahalli Kanthi Sweets,2,0.0,0.0,0,0,0.0,0.0
Bengaluru City,Yelahanka Traffic PS,1.04432e+16,2023,1,2,Not Applicable,Not Applicable,City/Town,Open area,Human Error,No,Grievous Injury,Vehicle to Vehicle,Not Applicable,Not Applicable,Not Applicable,Not Applicable,Not Applicable,Not Applicable,Clear,Near Sarnor company Yelahanka,Near Sarnor company Yelahanka,5,0.0,0.0,0,0,0.0,0.0
Bengaluru City,Yelahanka Traffic PS,1.04432e+16,2023,1,2,Road Accidents,Bottleneck,City/Town,Open area,Human Error,Yes,Fatal,Vehicle to Vehicle,Not at  Junction,Straight and flat,Sub Arterial,Bitumen(Tar),Dry,No influence on accident,Flooding of Slipways/Rivulets,Yelahanka,Flyover,40ft,0.0,0.0,0,0,0.0,0.0
Bengaluru City,Yelahanka Traffic PS,1.04432e+16,2023,1,2,Road Accidents,Offset,City/Town,Open area,Human Error,No,Simple Injury,Vehicle to Vehicle,Not at  Junction,Straight and flat,One way,Bitumen(Tar),Dry,No influence on accident,Fine,oN Flyover BB Road,Street Light Pole,60ft,13.0,77.0,0,0,0.0,0.0
Bengaluru City,Yelahanka Traffic PS,1.04432e+16,2023,1,1,Road Accidents,Bottleneck,City/Town,Open area,Human Error,No,Grievous Injury,Hit pedestrian,Not at  Junction,Straight and flat,Two way,Bitumen(Tar),Dry,No influence on accident,Fine,"Doddaballapur aMain Road, Infront of CRPF gate",CRPF Gate no 2,30ft,13.0,77.0,0,0,0.0,0.0
Bengaluru City,Yelahanka Traffic PS,1.04432e+16,2023,1,2,Not Applicable,Narrow road,City/Town,Open area,Not Applicable,No,Grievous Injury,Not Applicable,Not Applicable,Not Applicable,Not Applicable,Not Applicable,Not Applicable,Not Applicable,Not Applicable,Behind K K Hospital,Near K K Hospital,8,13.0,77.0,0,0,0.0,0.0
Bengaluru City,Yelahanka Traffic PS,1.04432e+16,2023,1,1,Not Applicable,Cross roads,City/Town,Open area,Human Error,No,Grievous Injury,Hit pedestrian,Not Applicable,Not Applicable,Not Applicable,Not Applicable,Others,Not Applicable,Cloudy,opposite Puttenahalli Bus Depo,opposite Puttenahalli Bus Depo,1,13.542266,77.556624,0,1,0.0,1.0
Bengaluru City,Yelahanka Traffic PS,1.04432e+16,2023,1,2,Road Accidents,Bottleneck,City/Town,Residential area,Human Error,Yes,Grievous Injury,Vehicle to Vehicle,Not at  Junction,Straight and flat,Sub Arterial,Bitumen(Tar),Dry,No influence on accident,Fine,Oppo Durganandana Apartment MS palya,Electric pole,15ft,13.455545,77.458555,0,0,0.0,0.0
Bengaluru City,Yelahanka Traffic PS,1.04432e+16,2023,1,1,Road Accidents,Bottleneck,City/Town,Near School or College,Human Error,Yes,Fatal,Hit bicyclist,Not at  Junction,Straight and flat,Sub Arterial,Bitumen(Tar),Dry,No influence on accident,Fine,Near Nitte Minakshi college Road,Electric Pole,15ft,13.545445,77.556455,0,0,0.0,0.0
Bengaluru City,Yelahanka Traffic PS,1.04432e+16,2023,1,2,Road Accidents,Narrow road,City/Town,Open area,Human Error,No,Grievous Injury,Vehicle to Vehicle,Not at  Junction,Straight and flat,Arterial,Bitumen(Tar),Dry,No influence on accident,Fine,"BB Main r oad, Jakkuru AeroDrum On Flyover",Electric Pole,25ft,13.455555,77.258855,0,0,0.0,0.0
Bengaluru City,Yelahanka Traffic PS,1.04432e+16,2023,1,2,Not Applicable,Not Applicable,City/Town,In bazaar,Human Error,No,Grievous Injury,Vehicle to Vehicle,Not Applicable,Not Applicable,Not Applicable,Not Applicable,Not Applicable,Not Applicable,Clear,Near CRPF,Near CRPF,3,0.0,0.0,0,0,0.0,0.0
Bengaluru City,Yelahanka Traffic PS,1.04432e+16,2023,1,1,Road Accidents,Not Applicable,City/Town,Residential area,Human Error,Yes,Grievous Injury,Hit pedestrian,Not at  Junction,Straight and flat,Arterial,Bitumen(Tar),Dry,No influence on accident,Fine,Chikkabommasandra main road,Electrical polo,25 ft,0.0,0.0,0,0,0.0,0.0
Bengaluru City,Yelahanka Traffic PS,1.04432e+16,2023,1,1,Road Accidents,Not Applicable,City/Town,Open area,Human Error,No,Fatal,Not Applicable,Uncontrolled,Straight and flat,Arterial,Bitumen(Tar),Dry,No influence on accident,Fine,Byaladakere Main road,electrical polo,35 ft,0.0,0.0,0,0,0.0,0.0
Bengaluru City,Yelahanka Traffic PS,1.04432e+16,2023,1,2,Road Accidents,Not Applicable,City/Town,Open area,Human Error,No,Fatal,Vehicle to Vehicle,No signal lights,Straight and flat,State Highway,Bitumen(Tar),Dry,Not Applicable,Fine,DODDABALLAPURA MAIN ROAD,ELECTRICAL POLO,30 FT,0.0,0.0,0,0,0.0,0.0
Bengaluru City,Yelahanka Traffic PS,1.04432e+16,2023,1,2,Not Applicable,Not Applicable,City/Town,Residential area,Human Error,No,Grievous Injury,Vehicle to Vehicle,Not Applicable,Not Applicable,Not Applicable,Not Applicable,Not Applicable,Not Applicable,Clear,B B Road opposite Eco Polis,B B Road opposite Eco Polis,3,0.0,0.0,0,0,0.0,0.0
Bengaluru City,Yelahanka Traffic PS,1.04432e+16,2023,1,2,Not Applicable,Not Applicable,City/Town,Residential area,Human Error,No,Grievous Injury,Vehicle to Vehicle,Not Applicable,Not Applicable,Not Applicable,Not Applicable,Not Applicable,Not Applicable,Not Applicable,Near Ramanashree California,Near Ramanashree California,3,13.0,77.0,0,0,0.0,0.0
Bengaluru City,Yelahanka Traffic PS,1.04432e+16,2023,1,1,Not Applicable,Not Applicable,City/Town,Open area,Not Applicable,No,Grievous Injury,Not Applicable,Not Applicable,Not Applicable,Not Applicable,Not Applicable,Others,Not Applicable,Clear,D B Pura Main Road Near Puttenahalli Lake,D B Pura Main Road Near Puttenahalli Lake,2,0.0,0.0,0,1,0.0,1.0
Bengaluru City,Yelahanka Traffic PS,1.04432e+16,2023,1,2,Road Accidents,Not Applicable,City/Town,Open area,Human Error,No,Fatal,Vehicle to Vehicle,No signal lights,Straight and flat,Sub Arterial,Bitumen(Tar),Dry,No influence on accident,Fine,Kempanahalli Main Road,Street Light,25ft,0.0,0.0,0,0,0.0,0.0
Bengaluru City,Yelahanka Traffic PS,1.04432e+16,2023,1,1,Road Accidents,Not Applicable,City/Town,Open area,Human Error,No,Fatal,Not Applicable,Not at  Junction,Straight and flat,NH,Bitumen(Tar),Dry,No influence on accident,Fine,BB Serivce road,Electrical Polo,15 FT,13.101095,77.600065,0,0,0.0,0.0
Bengaluru City,Yelahanka Traffic PS,1.04432e+16,2023,1,1,Road Accidents,Not Applicable,City/Town,Open area,Human Error,No,Fatal,Not Applicable,Not at  Junction,Straight and flat,Others,Bitumen(Tar),Dry,No influence on accident,Fine,BB Main raod,Street Lite,15,0.0,0.0,0,0,0.0,0.0
Bengaluru City,Yelahanka Traffic PS,1.04432e+16,2023,1,2,Not Applicable,Not Applicable,City/Town,Open area,Human Error,No,Grievous Injury,Vehicle to Vehicle,Not Applicable,Not Applicable,Not Applicable,Not Applicable,Not Applicable,Not Applicable,Clear,Near Kashipu Dabha Vidyaranyapura,Near Kashipu Dabha Vidyaranyapura,7,0.0,0.0,0,0,0.0,0.0
Bengaluru City,Yelahanka Traffic PS,1.04432e+16,2023,1,9,Not Applicable,Not Applicable,City/Town,Open area,Human Error,No,Grievous Injury,Vehicle to Vehicle,Not Applicable,Not Applicable,Not Applicable,Not Applicable,Not Applicable,Not Applicable,Not Applicable,Near RMZ Mall,Near RMZ Mall,0.02,0.0,0.0,0,0,0.0,0.0
Bengaluru City,Yelahanka Traffic PS,1.04432e+16,2023,1,4,Not Applicable,Not Applicable,City/Town,Open area,Human Error,Yes,Grievous Injury,Vehicle to Vehicle,Not Applicable,Not Applicable,Not Applicable,Not Applicable,Not Applicable,Not Applicable,Clear,Doddaballapura Main Road opposite Yelahanka Police Station,Doddaballapura Main Road opposite Yelahanka Police Station,0.3,0.0,0.0,0,0,0.0,0.0
Bengaluru City,Yelahanka Traffic PS,1.04432e+16,2023,1,2,Road Accidents,Junction,City/Town,Near office complex,Human Error,No,Grievous Injury,Vehicle to Vehicle,Controlled,Straight and flat,One way,Bitumen(Tar),Dry,No influence on accident,Fine,"BB Road, Kogilu Junction, Yelahanka",High mast light Near Anjaneya Temple,5ft,0.0,0.0,0,0,0.0,0.0
Bengaluru City,Yelahanka Traffic PS,1.04432e+16,2023,1,2,Not Applicable,Not Applicable,City/Town,Open area,Human Error,No,Simple Injury,Vehicle to Vehicle,Not Applicable,Not Applicable,Not Applicable,Not Applicable,Not Applicable,Not Applicable,Not Applicable,Near Jakkuru Aerodrum,Near Jakkuru Aerodrum,1,13.0,77.0,0,0,0.0,0.0
Bengaluru City,Yelahanka Traffic PS,1.04432e+16,2023,1,1,Road Accidents,Not Applicable,City/Town,Near a factory industrial area,Human Error,No,Grievous Injury,Hit pedestrian,Not at  Junction,Straight and flat,Two way,Bitumen(Tar),Dry,No influence on accident,Fine,Yelahnka Newtown KHB Colony Main Road,Street Light  Pole,55 ft,0.0,0.0,0,0,0.0,0.0
Bengaluru City,Yelahanka Traffic PS,1.04432e+16,2023,1,2,Road Accidents,Cross roads,City/Town,Near office complex,Human Error,No,Simple Injury,Vehicle to Vehicle,Not at  Junction,Straight and flat,Two way,Bitumen(Tar),Dry,No influence on accident,Fine,Doddabommasandra Main road,Near Kabir Ashrama Doddabommasandra mai Road,20ft,13.068651,77.558918,0,0,0.0,0.0
Bengaluru City,Yelahanka Traffic PS,1.04432e+16,2023,1,1,Road Accidents,Cross roads,City/Town,Open area,Human Error,No,Simple Injury,Vehicle to Vehicle,No signal lights,Straight and flat,Two way,Bitumen(Tar),Dry,No influence on accident,Fine,Vidyaranyapura MAin Road,Near Oriental mall,20ft,13.546321,77.152665,0,0,0.0,0.0
Bengaluru City,Yelahanka Traffic PS,1.04432e+16,2023,1,2,Road Accidents,Narrow road,City/Town,Open area,Human Error,No,Fatal,Vehicle to Vehicle,Not at  Junction,Straight and flat,Arterial,Bitumen(Tar),Dry,No influence on accident,Fine,"BB Road, Kogilu Cross On Flyover",street Light Pole,40ft,13.104324,77.600635,0,0,0.0,0.0