DISTRICTNAME,UNITNAME,Crime_No,Year,RI,Noofvehicle_involved,Accident_Classification,Accident_Spot,Accident_Location,Accident_SubLocation,Main_Cause,Hit_Run,Severity,Collision_Type,Junction_Control,Road_Character,Road_Type,Surface_Type,Surface_Condition,Road_Condition,Weather,Accident_Road,Landmark_first,Distance_LandMark_First,Latitude,Longitude,Road_Condition_Score,Surface_Condition_Score,Surface_Type_Score,Road_Risk_Index
Bengaluru City,Yelahanka Traffic PS,1.04432e+16,2023,1,2,Not Applicable,Not Applicable,City/Town,Residential area,Not Applicable,No,Grievous Injury,Vehicle to Vehicle,Not Applicable,Not Applicable,Not Applicable,Not Applicable,Not Applicable,Not Applicable,Clear,Near Muneshwara Provision Store Kattigenahalli,Near Muneshwara Provision Store Kattigenahalli,5,0.0,0.0,0,0,0.0,0.0
Bengaluru City,Yelahanka Traffic PS,1.04432e+16,2023,1,2,Road Accidents,Not Applicable,City/Town,Open area,Human Error,No,Grievous Injury,Vehicle to Vehicle,Controlled,Straight and flat,One way,Bitumen(Tar),Dry,No influence on accident,Fine,BB Main Road,Near Jakkur Aerodrum,50mt,13.078776,77.593022,0,0,0.0,0.0
Bengaluru City,Yelahanka Traffic PS,1.04432e+16,2023,1,2,Road Accidents,Bottleneck,City/Town,Open area,Human Error,Yes,Damage Only,Vehicle to Vehicle,Not at  Junction,Straight and flat,Sub Arterial,Bitumen(Tar),Dry,No influence on accident,Fine,"Jelly Michain, VIdyaranyapura, MS Maion road",electric Pole,25mtr,13.086912,77.555812,0,0,0.0,0.0
Bengaluru City,Yelahanka Traffic PS,1.04432e+16,2023,1,2,Road Accidents,Narrow road,City/Town,Near Bus stop,Human Error,No,Fatal,Vehicle to Vehicle,Not at  Junction,Straight and flat,Sub Arterial,Bitumen(Tar),Dry,No influence on accident,Fine,venkatala BB service road,Electric Pole,35ft,13.254554,77.558655,0,0,0.0,0.0
Bengaluru City,Yelahanka Traffic PS,1.04432e+16,2023,1,2,Road Accidents,Bottleneck,City/Town,Open area,Human Error,Yes,Fatal,Vehicle to Vehicle,Not at  Junction,Straight and flat,Sub Arterial,Bitumen(Tar),Dry,No influence on accident,Fine,Sandeep Unnikrishnan Road,Electric pole,20ft,13.09761,77.56386,0,0,0.0,0.0
Bengaluru City,Yelahanka Traffic PS,1.04432e+16,2023,1,1,Road Accidents,Bottleneck,City/Town,Near a recreation place/cinema,Human Error,Yes,Grievous Injury,Hit pedestrian,Not at  Junction,Straight and flat,Sub Arterial,Bitumen(Tar),Dry,No influence on accident,Fine,Near NTI Ground Vidyaranyapura,Electricle Pole,15ft,13.455445,77.545654,0,0,0.0,0.0
Bengaluru City,Yelahanka Traffic PS,1.04432e+16,2023,1,2,Road Accidents,Bottleneck,City/Town,Near Bus stop,Human Error,No,Fatal,Vehicle to Vehicle,Uncontrolled,Straight and flat,Others,Bitumen(Tar),Dry,No influence on accident,Fine,Allalasandra mian road,Street Light,25 ft,0.0,0.0,0,0,0.0,0.0
Bengaluru City,Yelahanka Traffic PS,1.04432e+16,2023,1,2,Not Applicable,Not Applicable,City/Town,Residential area,Human Error,No,Grievous Injury,Not Applicable,No signal lights,Not Applicable,Not Applicable,Kutcha,Others,Not Applicable,Clear,Sandeep unnikrishnan Road,Sandeep unnikrishnan Road,2,0.0,0.0,0,1,4.0,5.0
Bengaluru City,Yelahanka Traffic PS,1.04432e+16,2023,1,1,Road Accidents,Not Applicable,City/Town,Open area,Human Error,No,Grievous Injury,Not Applicable,Not at  Junction,Straight and flat,NH,Bitumen(Tar),Dry,No influence on accident,Fine,BB Main raod,Street Lite,85 ft,0.0,0.0,0,0,0.0,0.0
Bengaluru City,Yelahanka Traffic PS,1.04432e+16,2023,1,1,Other Railway Accidents,Not Applicable,City/Town,Open area,Human Error,No,Grievous Injury,Not Applicable,Not Applicable,Not Applicable,Not Applicable,Not Applicable,Not Applicable,Not Applicable,Clear,BB Road Near Sarnor building,BB Road Near Sarnor building,4,0.0,0.0,0,0,0.0,0.0
Bengaluru City,Yelahanka Traffic PS,1.04432e+16,2023,1,2,Not Applicable,Not Applicable,City/Town,Open area,Human Error,No,Damage Only,Not Applicable,Not Applicable,Not Applicable,Not Applicable,Not Applicable,Not Applicable,Not Applicable,Not Applicable,Near IAF,Near IAF,5 KM,0.0,0.0,0,0,0.0,0.0
Bengaluru City,Yelahanka Traffic PS,1.04432e+16,2023,1,1,Not Applicable,Not Applicable,City/Town,Residential area,Human Error,No,Grievous Injury,Not Applicable,Not Applicable,Not Applicable,Not Applicable,Not Applicable,Not Applicable,Not Applicable,Clear,Vardarajswamy Layout,Vardarajswamy Layout,7,0.0,0.0,0,0,0.0,0.0
Bengaluru City,Yelahanka Traffic PS,1.04432e+16,2023,1,2,Not Applicable,Not Applicable,City/Town,Open area,Human Error,Not Applicable,Grievous Injury,Vehicle to Vehicle,Not Applicable,Not Applicable,Not Applicable,Not Applicable,Not Applicable,Not Applicable,Not Applicable,Balaji Layout,Balaji Layout,3,0.0,0.0,0,0,0.0,0.0
Bengaluru City,Yelahanka Traffic PS,1.04432e+16,2023,1,2,Not Applicable,Not Applicable,City/Town,Open area,Human Error,Not Applicable,Grievous Injury,Vehicle to Vehicle,Not Applicable,Not Applicable,Not Applicable,Not Applicable,Not Applicable,Not Applicable,Not Applicable,Sandeep Unnikrishnan Road Near New Town Medical Collage,Sandeep Unnikrishnan Road Near New Town Medical Collage,1.5,0.0,0.0,0,0,0.0,0.0
Bengaluru City,Yelahanka Traffic PS,1.04432e+16,2023,1,2,Not Applicable,Not Applicable,City/Town,Open area,Human Error,No,Grievous Injury,Vehicle to Vehicle,Not Applicable,Not Applicable,Not Applicable,Not Applicable,Not Applicable,Not Applicable,Cloudy,Near By Pass Signal,Near By Pass Signal,1,0.0,0.0,0,0,0.0,0.0
Bengaluru City,Yelahanka Traffic PS,1.04432e+16,2023,1,1,Road Accidents,Narrow road,City/Town,Open area,Human Error,Yes,Grievous Injury,Hit pedestrian,Not at  Junction,Straight and flat,Arterial,Bitumen(Tar),Dry,No influence on accident,Fine,BB Main Road,Flyover piller,44ft,13.455454,77.225545,0,0,0.0,0.0
Bengaluru City,Yelahanka Traffic PS,1.04432e+16,2023,1,2,Not Applicable,Not Applicable,City/Town,Open area,Human Error,No,Damage Only,Vehicle to Vehicle,Not Applicable,Not Applicable,Not Applicable,Not Applicable,Not Applicable,Not Applicable,Clear,B B Road Near Venkatala Flyover,B B Road Near Venkatala Flyover,4,0.0,0.0,0,0,0.0,0.0
Bengaluru City,Yelahanka Traffic PS,1.04432e+16,2023,1,2,Not Applicable,Not Applicable,City/Town,Open area,Human Error,No,Grievous Injury,Vehicle to Vehicle,Not Applicable,Not Applicable,Not Applicable,Not Applicable,Not Applicable,Not Applicable,Clear,"Near Royan School, Yelahanka",Near Royan School Yelahanka,5,0.0,0.0,0,0,0.0,0.0
Bengaluru City,Yelahanka Traffic PS,1.04432e+16,2023,1,1,Road Accidents,Narrow road,City/Town,Residential area,Human Error,No,Grievous Injury,Hit pedestrian,No signal lights,Others,Two way,Bitumen(Tar),Dry,No influence on accident,Fine,Ananthapura Main Road,Anthapura Bus stop,15ft,13.114778,77.578701,0,0,0.0,0.0
Bengaluru City,Yeshwanthapura Traffic PS,1.04432e+16,2016,1,2,Road Accidents,Junction,City/Town,Open area,Human Error,No,Grievous Injury,Head on,Controlled,Not Applicable,City or Town Road,Bitumen(Tar),Dry,Not Applicable,Clear,YESHWANTHAPURA CIRCLE,PILLER,15FEET,13.16366,77.33280398,0,0,0.0,0.0
Bengaluru City,Yeshwanthapura Traffic PS,1.04432e+16,2016,1,2,Road Accidents,Narrow road,City/Town,Near Bus stop,Human Error,No,Grievous Injury,Not Applicable,Police / Manual,Hump,NH,Bitumen(Tar),Dry,Not Applicable,Clear,YESHWANTHAPURA PIPE LANE ROAD,BUS STOP,2,0.0,0.0,0,0,0.0,0.0
Bengaluru City,Yeshwanthapura Traffic PS,1.04432e+16,2016,1,2,Road Accidents,Narrow road,City/Town,Near a factory industrial area,Human Error,No,Grievous Injury,Not Applicable,No signal lights,Hump,NH,Bitumen(Tar),Dry,Not Applicable,Clear,NEAR FTI RING ROAD  GG PALYA,1,2,13.02361268,77.53461473,0,0,0.0,0.0
Bengaluru City,Yeshwanthapura Traffic PS,1.04432e+16,2016,1,2,Road Accidents,Curves,City/Town,Near Hospital,Human Error,No,Fatal,Others,Not at  Junction,Hump,NH,Bitumen(Tar),Dry,Not Applicable,Clear,infront of cmti office,hospital,50 mtr,0.0,0.0,0,0,0.0,0.0
Bengaluru City,Yeshwanthapura Traffic PS,1.04432e+16,2016,1,1,Road Accidents,Not Applicable,City/Town,Near Bus stop,Human Error,No,Simple Injury,Not Applicable,Police / Manual,Straight and flat,City or Town Road,Bitumen(Tar),Dry,Not Applicable,Clear,RAMAIAH COLLEGE BUS STOP,BUS STOP,100MTS,13.142207,77.33434802,0,0,0.0,0.0
Bengaluru City,Yeshwanthapura Traffic PS,1.04432e+16,2016,1,1,Road Accidents,Cross roads,City/Town,Near Hospital,Human Error,No,Fatal,Hit pedestrian,No signal lights,Straight and flat,City or Town Road,Bitumen(Tar),Dry,Not Applicable,Clear,PEENYA FLY OVER,DENTAL HOSPITAL,50 mtr,13.032523,77.533655,0,0,0.0,0.0
Bengaluru City,Yeshwanthapura Traffic PS,1.04432e+16,2016,1,2,Road Accidents,Other,Not Applicable,Near Bus stop,Human Error,No,Damage Only,Others,Not at  Junction,Straight and flat,City or Town Road,Bitumen(Tar),Dry,Not Applicable,Clear,YESHWANTHPURA,YPR TRPS,50 fee,13.01728,77.558364,0,0,0.0,0.0
Bengaluru City,Yeshwanthapura Traffic PS,1.04432e+16,2016,1,2,Road Accidents,Other,City/Town,Near Bus stop,Human Error,No,Damage Only,Others,Not at  Junction,Curve,City or Town Road,Bitumen(Tar),Dry,Not Applicable,Clear,TUMKUR ROAD,RAILWAL STATION,60MTRS,13.023136,77.550113,0,0,0.0,0.0
Bengaluru City,Yeshwanthapura Traffic PS,1.04432e+16,2016,1,1,Road Accidents,T Junction,City/Town,Near Bus stop,Human Error,No,Simple Injury,Not Applicable,Signals (Working),Straight and flat,City or Town Road,Bitumen(Tar),Dry,Not Applicable,Clear,G G PALYA,PEOPLE TREE,20,13.028843,77.540092,0,0,0.0,0.0
Bengaluru City,Yeshwanthapura Traffic PS,1.04432e+16,2016,1,1,Road Accidents,Other,City/Town,Near Bus stop,Human Error,No,Simple Injury,Others,Not at  Junction,Straight and flat,City or Town Road,Bitumen(Tar),Dry,Not Applicable,Clear,GG PALYA,HOSPITYAL,50mtrs,13.023021,77.537593,0,0,0.0,0.0
Bengaluru City,Yeshwanthapura Traffic PS,1.04432e+16,2016,1,2,Road Accidents,Cross roads,City/Town,In bazaar,Human Error,No,Grievous Injury,Others,No signal lights,Straight and flat,City or Town Road,Bitumen(Tar),Dry,Not Applicable,Clear,RMC YARD U TURN,APMC YARD,10 fee,0.0,0.0,0,0,0.0,0.0
Bengaluru City,Yeshwanthapura Traffic PS,1.04432e+16,2016,1,1,Road Accidents,Narrow road,City/Town,Near office complex,Human Error,No,Simple Injury,Others,Not at  Junction,Straight and flat,City or Town Road,Bitumen(Tar),Dry,Not Applicable,Clear,yeshwanthapura,COLLEGE,50 fee,13.07259,77.558345,0,0,0.0,0.0
Bengaluru City,Yeshwanthapura Traffic PS,1.04432e+16,2016,1,1,Not Applicable,Narrow road,Not Applicable,Near Bus stop,Not Applicable,Yes,Fatal,Not Applicable,No signal lights,Not Applicable,NH,Not Applicable,Not Applicable,No influence on accident,Not Applicable,NEAR MUNISWAMAYAPPA KALAYANAMANTAPA,1,2,13.01949729,77.55130172,0,0,0.0,0.0
Bengaluru City,Yeshwanthapura Traffic PS,1.04432e+16,2016,1,2,Road Accidents,Y Junction,City/Town,Near Bus stop,Human Error,No,Grievous Injury,Not Applicable,Signals (Not working),Straight and flat,City or Town Road,Bitumen(Tar),Dry,Not Applicable,Clear,Marappanapalya bus stop,NEAR GOVARDHAN TEATRE,20 fee,13.1185412,77.3359328,0,0,0.0,0.0
Bengaluru City,Yeshwanthapura Traffic PS,1.04432e+16,2016,1,2,Road Accidents,T Junction,City/Town,Near Bus stop,Human Error,No,Grievous Injury,Not Applicable,Signal lights Automatic,Not Applicable,City or Town Road,Bitumen(Tar),Ditch or Potholed,Not Applicable,Clear,G G PALYA,CMTI COMPANY,40mtrs,13.1348378,77.32391734,0,5,0.0,5.0
Bengaluru City,Yeshwanthapura Traffic PS,1.04432e+16,2016,1,1,Road Accidents,Narrow road,City/Town,Near a factory industrial area,Human Error,No,Simple Injury,Not Applicable,Signals (Working),Straight and flat,City or Town Road,Bitumen(Tar),Dry,Not Applicable,Clear,near more mall,r mc yard,20,13.026167,77.544416,0,0,0.0,0.0
Bengaluru City,Yeshwanthapura Traffic PS,1.04432e+16,2016,1,2,Road Accidents,Bridge,City/Town,Near a factory industrial area,Human Error,No,Damage Only,Others,No signal lights,Hump,City or Town Road,Bitumen(Tar),Dry,Not Applicable,Clear,YPR UP RAMP,ANJANEYA TEMPLE,50MTRS,13.018537,77.557752,0,0,0.0,0.0
Bengaluru City,Yeshwanthapura Traffic PS,1.04432e+16,2016,1,2,Road Accidents,Other,City/Town,Narrow bridge or culverts,Human Error,No,Simple Injury,Others,Not at  Junction,Hump,City or Town Road,Bitumen(Tar),Dry,Not Applicable,Clear,YPR RAILWAY BRIDGE,YPR CIRCLE,90MTRS,13.015819,77.555875,0,0,0.0,0.0
Bengaluru City,Yeshwanthapura Traffic PS,1.04432e+16,2016,1,2,Road Accidents,Narrow road,City/Town,Near Bus stop,Human Error,No,Fatal,Not Applicable,Not at  Junction,Straight and flat,City or Town Road,Bitumen(Tar),Dry,Not Applicable,Clear,FTI CIRCLE,CMTI,50 mtr,13.022164,77.5328,0,0,0.0,0.0
Bengaluru City,Yeshwanthapura Traffic PS,1.04432e+16,2016,1,2,Road Accidents,Other,City/Town,Near Bus stop,Human Error,Yes,Simple Injury,Others,Not at  Junction,Straight and flat,City or Town Road,Bitumen(Tar),Dry,Not Applicable,Clear,NH4 GOVARDHAN,THEATRRE,60MTRS,13.021759,77.551342,0,0,0.0,0.0
Bengaluru City,Yeshwanthapura Traffic PS,1.04432e+16,2016,1,2,Not Applicable,Narrow road,Not Applicable,Open area,Not Applicable,No,Grievous Injury,Not Applicable,No signal lights,Not Applicable,NH,Not Applicable,Not Applicable,No influence on accident,Not Applicable,NEAR G G PALYA JUNCTION,1,2,13.014357,77.322758,0,0,0.0,0.0
Bengaluru City,Yeshwanthapura Traffic PS,1.04432e+16,2016,1,2,Road Accidents,T Junction,City/Town,Near Bus stop,Human Error,Not Applicable,Damage Only,Hit and Run,Signals (Working),Not Applicable,City or Town Road,Bitumen(Tar),Dry,Not Applicable,Fine,yeshwanthpura,ypr station,10,13.14656,77.33329832,0,0,0.0,0.0
Bengaluru City,Yeshwanthapura Traffic PS,1.04432e+16,2016,1,2,Road Accidents,Other,City/Town,Near Bus stop,Human Error,No,Simple Injury,Others,No signal lights,Straight and flat,City or Town Road,Bitumen(Tar),Dry,Not Applicable,Clear,1st main road  ypr,BOMBAY DYING,50MTRS,0.0,0.0,0,0,0.0,0.0
Bengaluru City,Yeshwanthapura Traffic PS,1.04432e+16,2016,1,1,Road Accidents,Narrow road,City/Town,In bazaar,Human Error,No,Fatal,Not Applicable,Police / Manual,Straight and flat,City or Town Road,Bitumen(Tar),Dry,Not Applicable,Clear,RMC YARD,YARD,80MTRS,13.023842,77.548579,0,0,0.0,0.0
Bengaluru City,Yeshwanthapura Traffic PS,1.04432e+16,2016,1,2,Road Accidents,Other,City/Town,Near Bus stop,Human Error,No,Simple Injury,Others,No signal lights,Straight and flat,City or Town Road,Bitumen(Tar),Dry,Not Applicable,Clear,PEENYA UP RAMP,CMTI JUNCTION,50MTRS,13.032104,77.53417,0,0,0.0,0.0
Bengaluru City,Yeshwanthapura Traffic PS,1.04432e+16,2016,1,2,Road Accidents,Junction,City/Town,Near Hospital,Human Error,No,Damage Only,Others,Signal lights Automatic,Straight and flat,City or Town Road,Bitumen(Tar),Dry,Not Applicable,Clear,CMTI,HOSPITAL,50MYRS,13.030254,77.537228,0,0,0.0,0.0
Bengaluru City,Yeshwanthapura Traffic PS,1.04432e+16,2016,1,2,Road Accidents,Other,City/Town,Near Bus stop,Human Error,No,Damage Only,Others,Signals (Not working),Curve,City or Town Road,Bitumen(Tar),Dry,Not Applicable,Clear,RMC YARD U TURN,BUS STOP,50 fee,13.024432,77.547538,0,0,0.0,0.0
Bengaluru City,Yeshwanthapura Traffic PS,1.04432e+16,2016,1,2,Road Accidents,Narrow road,City/Town,Near Bus stop,Human Error,Not Applicable,Not Applicable,Not Applicable,Not at  Junction,Straight and flat,City or Town Road,Bitumen(Tar),Dry,Not Applicable,Clear,NEAR AYYAPPA TEMPLE,MATHIKERE,1,13.034655,77.557344,0,0,0.0,0.0
Bengaluru City,Yeshwanthapura Traffic PS,1.04432e+16,2016,1,2,Road Accidents,Bridge,City/Town,Near School or College,Human Error,No,Simple Injury,Others,No signal lights,Hump,City or Town Road,Bitumen(Tar),Dry,Not Applicable,Clear,cv raman road,college,50 mtr,13.018079,77.558723,0,0,0.0,0.0
Bengaluru City,Yeshwanthapura Traffic PS,1.04432e+16,2016,1,1,Road Accidents,Narrow road,City/Town,Near Hospital,Not Applicable,Yes,Grievous Injury,Not Applicable,No signal lights,Not Applicable,One way,Not Applicable,Not Applicable,No influence on accident,Others,NEAR MSR GATE,1,2,13.02962027,77.56483884,0,0,0.0,0.0
Bengaluru City,Yeshwanthapura Traffic PS,1.04432e+16,2016,1,2,Not Applicable,Narrow road,Not Applicable,Near a factory industrial area,Not Applicable,Yes,Simple Injury,Not Applicable,No signal lights,Not Applicable,NH,Not Applicable,Not Applicable,No influence on accident,Not Applicable,near g g palya junction,1,2,13.1428982,77.32248928,0,0,0.0,0.0
Bengaluru City,Yeshwanthapura Traffic PS,1.04432e+16,2016,1,2,Road Accidents,Junction,City/Town,Near Bus stop,Human Error,No,Fatal,Others,Not Applicable,Straight and flat,City or Town Road,Bitumen(Tar),Dry,Not Applicable,Clear,yeshwanthapura bus stop,BMTC BUS STOP,10 FEE,13.147748,77.33226044,0,0,0.0,0.0
Bengaluru City,Yeshwanthapura Traffic PS,1.04432e+16,2016,1,1,Road Accidents,Narrow road,City/Town,In bazaar,Human Error,No,Simple Injury,Not Applicable,Signal lights Manual,Not Applicable,City or Town Road,Bitumen(Tar),Dry,Not Applicable,Clear,yeshwanthpura BAZAR,bmtc bus stand,100 mt,0.0,0.0,0,0,0.0,0.0
Bengaluru City,Yeshwanthapura Traffic PS,1.04432e+16,2016,1,1,Road Accidents,Narrow road,City/Town,Near office complex,Human Error,No,Grievous Injury,Hit and Run,Not Applicable,Others,One way,Bitumen(Tar),Dry,Not Applicable,Clear,Lakshmi venkateshwara,scj ayyangar road,10 fee,13.1163482,77.33309018,0,0,0.0,0.0
Bengaluru City,Yeshwanthapura Traffic PS,1.04432e+16,2016,1,2,Road Accidents,Bridge,City/Town,Near Bus stop,Human Error,No,Simple Injury,Not Applicable,Not at  Junction,Not Applicable,City or Town Road,Bitumen(Tar),Dry,Not Applicable,Clear,yeshwanthapura bus stop,DARI ANJANEYA TEMPLE,20 FEE,13.157576,77.3331158,0,0,0.0,0.0
Bengaluru City,Yeshwanthapura Traffic PS,1.04432e+16,2016,1,2,Road Accidents,Narrow road,City/Town,In bazaar,Human Error,No,Grievous Injury,Others,Not at  Junction,Not Applicable,Two way,Bitumen(Tar),Dry,Not Applicable,Fine,yeshwanthpura to marappanapalya,metro cash and carry,20 fee,13.055587,77.33187626,0,0,0.0,0.0
Bengaluru City,Yeshwanthapura Traffic PS,1.04432e+16,2016,1,1,Road Accidents,Not Applicable,City/Town,In bazaar,Human Error,No,Fatal,Not Applicable,Signal lights Manual,Straight and flat,City or Town Road,Bitumen(Tar),Dry,Not Applicable,Clear,RMC YARD U TURN,RMC YARD,30 YRS,13.024057,77.548437,0,0,0.0,0.0
Bengaluru City,Yeshwanthapura Traffic PS,1.04432e+16,2016,1,2,Road Accidents,Narrow road,City/Town,Near a factory industrial area,Human Error,Yes,Simple Injury,Hit and Run,No signal lights,Straight and flat,City or Town Road,Bitumen(Tar),Dry,Not Applicable,Clear,INDUSTRIAL SUB-RUB ROAD,BOMBAY RIYAN COMPANY,20 FEE,13.02392,77.54271,0,0,0.0,0.0
Bengaluru City,Yeshwanthapura Traffic PS,1.04432e+16,2016,1,2,Road Accidents,Bridge,City/Town,Near Bus stop,Human Error,No,Simple Injury,Others,No signal lights,Hump,City or Town Road,Bitumen(Tar),Dry,Not Applicable,Clear,YPR FLY OVER,ANJANEYA TEMPLE,50MTRS,13.018563,77.55772,0,0,0.0,0.0
Bengaluru City,Yeshwanthapura Traffic PS,1.04432e+16,2016,1,2,Road Accidents,Bridge,City/Town,Near Bus stop,Human Error,No,Grievous Injury,Not Applicable,Not Applicable,Straight and flat,City or Town Road,Bitumen(Tar),Dry,Not Applicable,Clear,BMTC BUS STAND YPR CIRCLE,yeshwanthpura flyover,10 fee,13.018589,77.557741,0,0,0.0,0.0
Bengaluru City,Yeshwanthapura Traffic PS,1.04432e+16,2016,1,2,Road Accidents,Junction,City/Town,Near Bus stop,Human Error,No,Damage Only,Not Applicable,Police / Manual,Straight and flat,City or Town Road,Bitumen(Tar),Dry,Not Applicable,Clear,MATHIKERE HMT ROAD,MATHIKERE  HMT ROAD,20 FEE,13.030746,77.56007,0,0,0.0,0.0
Bengaluru City,Yeshwanthapura Traffic PS,1.04432e+16,2016,1,1,Road Accidents,Curves,City/Town,In bazaar,Human Error,No,Grievous Injury,Others,No signal lights,Curve,City or Town Road,Bitumen(Tar),Dry,Not Applicable,Clear,MARAPPANA PALYA,BUS STOP,50 MTR,13.017366,77.553976,0,0,0.0,0.0
Bengaluru City,Yeshwanthapura Traffic PS,1.04432e+16,2016,1,1,Road Accidents,Other,City/Town,Near Bus stop,Human Error,No,Grievous Injury,Others,Not at  Junction,Straight and flat,City or Town Road,Bitumen(Tar),Dry,Not Applicable,Clear,RMC YARD,BANK,50MTRS,13.02346,77.545886,0,0,0.0,0.0
Bengaluru City,Yeshwanthapura Traffic PS,1.04432e+16,2016,1,2,Road Accidents,Narrow road,City/Town,Near Bus stop,Human Error,No,Damage Only,Others,Not at  Junction,Straight and flat,City or Town Road,Bitumen(Tar),Dry,Not Applicable,Clear,ring road bus stop,iti college goraguntepalya,100 fe,13.023847,77.533505,0,0,0.0,0.0
Bengaluru City,Yeshwanthapura Traffic PS,1.04432e+16,2016,1,2,Road Accidents,T Junction,City/Town,Near Bus stop,Human Error,No,Damage Only,Not Applicable,Signals (Working),Straight and flat,City or Town Road,Bitumen(Tar),Dry,Not Applicable,Clear,"CMTI JUNCTION, TUMAKUR ROAD",cmti,100 mt,0.0,0.0,0,0,0.0,0.0
Bengaluru City,Yeshwanthapura Traffic PS,1.04432e+16,2016,1,2,Not Applicable,Y Junction,City/Town,Near Bus stop,Human Error,Yes,Damage Only,Not Applicable,No signal lights,Straight and flat,City or Town Road,Bitumen(Tar),Dry,Not Applicable,Clear,MARAPPANAPALYA,METRO FORD,10 fee,13.020625,77.552264,0,0,0.0,0.0
Bengaluru City,Yeshwanthapura Traffic PS,1.04432e+16,2016,1,1,Not Applicable,Narrow road,City/Town,Near Bus stop,Human Error,No,Grievous Injury,Not Applicable,Signals (Working),Straight and flat,City or Town Road,Bitumen(Tar),Dry,Not Applicable,Clear,1st main,keshava takies,20,13.140101,77.33153072,0,0,0.0,0.0
Bengaluru City,Yeshwanthapura Traffic PS,1.04432e+16,2016,1,1,Road Accidents,Bridge,City/Town,Near Bus stop,Human Error,No,Grievous Injury,Not Applicable,Not at  Junction,Not Applicable,City or Town Road,Bitumen(Tar),Dry,Not Applicable,Clear,yeshwanthpura fly over,dcp office,10 fee,13.155554,77.333105,0,0,0.0,0.0
Bengaluru City,Yeshwanthapura Traffic PS,1.04432e+16,2016,1,2,Road Accidents,Y Junction,City/Town,Near Bus stop,Human Error,No,Damage Only,Not Applicable,Police / Manual,Straight and flat,City or Town Road,Bitumen(Tar),Dry,Not Applicable,Clear,NEAR METRO FORD,GOKUL DAS,20 FEE,13.0556626,77.33190902,0,0,0.0,0.0
Bengaluru City,Yeshwanthapura Traffic PS,1.04432e+16,2016,1,1,Road Accidents,Narrow road,City/Town,Near a factory industrial area,Human Error,No,Simple Injury,Not Applicable,No signal lights,Straight and flat,City or Town Road,Bitumen(Tar),Dry,Not Applicable,Clear,MANDOVI MOTORS,RELIENCE PETROL BUNK,20 fee,13.1449256,77.32110724,0,0,0.0,0.0
Bengaluru City,Yeshwanthapura Traffic PS,1.04432e+16,2016,1,1,Road Accidents,T Junction,City/Town,Near Bus stop,Human Error,No,Grievous Injury,Hit and Run,Signals (Working),Straight and flat,City or Town Road,Bitumen(Tar),Dry,Not Applicable,Clear,ypr circle,bus stop,10,13.172696,77.33293472,0,0,0.0,0.0
Bengaluru City,Yeshwanthapura Traffic PS,1.04432e+16,2016,1,2,Road Accidents,Y Junction,City/Town,Near Bus stop,Human Error,No,Damage Only,Others,No signal lights,Straight and flat,City or Town Road,Bitumen(Tar),Dry,Not Applicable,Clear,YPR BMTC BUS STOP,MUNISWAMAPPA CHOWTRI,10,13.0582984,77.33226794,0,0,0.0,0.0
Bengaluru City,Yeshwanthapura Traffic PS,1.04432e+16,2016,1,2,Road Accidents,Other,City/Town,Near Bus stop,Human Error,No,Damage Only,Others,No signal lights,Hump,City or Town Road,Bitumen(Tar),Dry,Not Applicable,Clear,hmt main road MATTIKERE,BALAJI WINES,40mtrs,13.030934,77.559834,0,0,0.0,0.0
Bengaluru City,Yeshwanthapura Traffic PS,1.04432e+16,2016,1,2,Road Accidents,Junction,City/Town,Near Bus stop,Human Error,No,Simple Injury,Others,Signal lights Automatic,Hump,City or Town Road,Bitumen(Tar),Dry,Not Applicable,Clear,GG PALYA TUMAKUR ROAD,BUS STOP,50 mtr,13.028822,77.539856,0,0,0.0,0.0
Bengaluru City,Yeshwanthapura Traffic PS,1.04432e+16,2016,1,1,Road Accidents,Bridge,City/Town,Near Bus stop,Human Error,No,Fatal,Not Applicable,No signal lights,Others,City or Town Road,Bitumen(Tar),Dry,Not Applicable,Clear,"CMTI JUNCTION, TUMAKUR ROAD",CMTI COMPANY,50 mtr,13.022927,77.532883,0,0,0.0,0.0
Bengaluru City,Yeshwanthapura Traffic PS,1.04432e+16,2016,1,2,Road Accidents,Other,City/Town,Near School or College,Human Error,No,Simple Injury,Others,Not Applicable,Hump,City or Town Road,Bitumen(Tar),Dry,Not Applicable,Clear,CV RAMAN ROAD,SCHOOL,50MTRS,13.014126,77.565756,0,0,0.0,0.0
Bengaluru City,Yeshwanthapura Traffic PS,1.04432e+16,2016,1,2,Road Accidents,Not Applicable,City/Town,Near Bus stop,Human Error,No,Grievous Injury,Not Applicable,Not Applicable,Straight and flat,City or Town Road,Bitumen(Tar),Dry,Not Applicable,Clear,HMT RD CHARCHNEAR,bus stop,100mtr,13.024354,77.562585,0,0,0.0,0.0