DISTRICTNAME,UNITNAME,Crime_No,Year,RI,Noofvehicle_involved,Accident_Classification,Accident_Spot,Accident_Location,Accident_SubLocation,Main_Cause,Hit_Run,Severity,Collision_Type,Junction_Control,Road_Character,Road_Type,Surface_Type,Surface_Condition,Road_Condition,Weather,Accident_Road,Landmark_first,Distance_LandMark_First,Latitude,Longitude,Road_Condition_Score,Surface_Condition_Score,Surface_Type_Score,Road_Risk_Index
Bengaluru City,Yeshwanthapura Traffic PS,1.04432e+16,2016,1,1,Road Accidents,Offset,City/Town,In bazaar,Human Error,No,Grievous Injury,Others,No signal lights,Hump,City or Town Road,Bitumen(Tar),Dry,Not Applicable,Clear,1ST MAIN ROAD,BOMBAY DYING,50 fee,0.0,0.0,0,0,0.0,0.0
Bengaluru City,Yeshwanthapura Traffic PS,1.04432e+16,2016,1,2,Road Accidents,T Junction,City/Town,Near Bus stop,Human Error,No,Fatal,Not Applicable,Signals (Working),Straight and flat,City or Town Road,Bitumen(Tar),Dry,Not Applicable,Clear,Tumkur road,bus stop,10 fee,13.029841,77.538311,0,0,0.0,0.0
Bengaluru City,Yeshwanthapura Traffic PS,1.04432e+16,2016,1,1,Not Applicable,Narrow road,Not Applicable,At pedestrian Crossing,Not Applicable,Yes,Simple Injury,Not Applicable,No signal lights,Not Applicable,NH,Not Applicable,Not Applicable,No influence on accident,Not Applicable,OPP METRO CASH AND CARRY YESHWANTHAPURA,1,2,13.015306,77.55469,0,0,0.0,0.0
Bengaluru City,Yeshwanthapura Traffic PS,1.04432e+16,2016,1,2,Road Accidents,Narrow road,City/Town,Residential area,Human Error,No,Simple Injury,Not Applicable,Police / Manual,Curve,NH,Bitumen(Tar),Dry,Not Applicable,Clear,NEAR BSNL NH-4,1,2,13.149296,77.33122256,0,0,0.0,0.0
Bengaluru City,Yeshwanthapura Traffic PS,1.04432e+16,2016,1,2,Not Applicable,Narrow road,Not Applicable,At pedestrian Crossing,Not Applicable,No,Damage Only,Not Applicable,No signal lights,Not Applicable,NH,Not Applicable,Not Applicable,No influence on accident,Not Applicable,NEAR G G PALYA JUNCTION,1,2,13.03178326,77.53952131,0,0,0.0,0.0
Bengaluru City,Yeshwanthapura Traffic PS,1.04432e+16,2016,1,1,Road Accidents,Y Junction,City/Town,Near Bus stop,Human Error,No,Grievous Injury,Not Applicable,Police / Manual,Straight and flat,City or Town Road,Bitumen(Tar),Dry,Not Applicable,Clear,near  marappanapalya  bus stop,Railway station,20,0.0,0.0,0,0,0.0,0.0
Bengaluru City,Yeshwanthapura Traffic PS,1.04432e+16,2016,1,2,Road Accidents,Y Junction,City/Town,Near a factory industrial area,Human Error,No,Damage Only,Not Applicable,No signal lights,Others,City or Town Road,Bitumen(Tar),Dry,Not Applicable,Clear,C V RAMAN ROAD,BHEL,10 fee,0.0,0.0,0,0,0.0,0.0
Bengaluru City,Yeshwanthapura Traffic PS,1.04432e+16,2016,1,1,Road Accidents,Narrow road,City/Town,Near Petrol Pump,Human Error,No,Fatal,Others,Not Applicable,Straight and flat,City or Town Road,Bitumen(Tar),Dry,Not Applicable,Clear,infront off shell petrol bunk,shell petrol bunk,100 mt,0.0,0.0,0,0,0.0,0.0
Bengaluru City,Yeshwanthapura Traffic PS,1.04432e+16,2016,1,1,Road Accidents,Narrow road,City/Town,Near Bus stop,Human Error,No,Simple Injury,Not Applicable,Not at  Junction,Straight and flat,City or Town Road,Bitumen(Tar),Dry,Not Applicable,Clear,yspura,bus stop,10,13.031645,77.554845,0,0,0.0,0.0
Bengaluru City,Yeshwanthapura Traffic PS,1.04432e+16,2016,1,2,Road Accidents,Other,City/Town,Residential area,Human Error,No,Damage Only,Others,Not at  Junction,Hump,City or Town Road,Bitumen(Tar),Dry,Not Applicable,Clear,TUMKUR ROAD,SCHOOL,50 fee,13.025791,77.545623,0,0,0.0,0.0
Bengaluru City,Yeshwanthapura Traffic PS,1.04432e+16,2016,1,2,Road Accidents,Narrow road,City/Town,Near Bus stop,Human Error,No,Damage Only,Not Applicable,Signal lights Automatic,Straight and flat,City or Town Road,Bitumen(Tar),Dry,Not Applicable,Clear,Marappanapalya bus stop,GOKUL DAS IMAGES,10 fee,13.022687,77.550789,0,0,0.0,0.0
Bengaluru City,Yeshwanthapura Traffic PS,1.04432e+16,2016,1,2,Road Accidents,Y Junction,City/Town,Near Bus stop,Human Error,No,Damage Only,Others,Not at  Junction,Straight and flat,City or Town Road,Bitumen(Tar),Dry,Not Applicable,Clear,MARAPPANA PALYA,METRO FORD,10 FEE,13.017685,77.553702,0,0,0.0,0.0
Bengaluru City,Yeshwanthapura Traffic PS,1.04432e+16,2016,1,2,Not Applicable,Narrow road,Not Applicable,Near a factory industrial area,Not Applicable,Yes,Damage Only,Not Applicable,No signal lights,Not Applicable,Not Applicable,Not Applicable,Not Applicable,No influence on accident,Not Applicable,NEAR RMC U TURN  NH-4,1,2,13.1263202,77.3254132,0,0,0.0,0.0
Bengaluru City,Yeshwanthapura Traffic PS,1.04432e+16,2016,1,2,Not Applicable,Narrow road,Not Applicable,Open area,Not Applicable,No,Damage Only,Not Applicable,No signal lights,Not Applicable,NH,Not Applicable,Not Applicable,No influence on accident,Not Applicable,NEAR LORRY STAND FTI ROAD,1,2,13.023072,77.533109,0,0,0.0,0.0
Bengaluru City,Yeshwanthapura Traffic PS,1.04432e+16,2016,1,1,Road Accidents,Narrow road,City/Town,Near Bus stop,Human Error,Yes,Simple Injury,Hit and Run,Signals (Working),Straight and flat,City or Town Road,Bitumen(Tar),Dry,Not Applicable,Clear,RINF ROAD,petrol bunk,20,13.1422508,77.3296678,0,0,0.0,0.0
Bengaluru City,Yeshwanthapura Traffic PS,1.04432e+16,2016,1,2,Road Accidents,Other,City/Town,Near Bus stop,Human Error,No,Damage Only,Others,Not at  Junction,Straight and flat,City or Town Road,Bitumen(Tar),Dry,Not Applicable,Clear,TUMKUR ROAD,TAIKIES,50 mtr,13.118699,77.3357162,0,0,0.0,0.0
Bengaluru City,Yeshwanthapura Traffic PS,1.04432e+16,2016,1,2,Road Accidents,Other,City/Town,Near Bus stop,Human Error,Yes,Simple Injury,Others,No signal lights,Hump,City or Town Road,Bitumen(Tar),Dry,Not Applicable,Clear,FTI CIRCLE,CMTI JUNCTION,60MTRS,13.02853,77.536144,0,0,0.0,0.0
Bengaluru City,Yeshwanthapura Traffic PS,1.04432e+16,2016,1,2,Road Accidents,Junction,City/Town,Near Bus stop,Human Error,No,Simple Injury,Not Applicable,Signals (Working),Straight and flat,City or Town Road,Bitumen(Tar),Dry,Not Applicable,Clear,G G PALYA,people tree hospital,05 FEE,13.029073,77.539309,0,0,0.0,0.0
Bengaluru City,Yeshwanthapura Traffic PS,1.04432e+16,2016,1,1,Not Applicable,Not Applicable,City/Town,Near Bus stop,Human Error,No,Simple Injury,Others,Not at  Junction,Not Applicable,City or Town Road,Bitumen(Tar),Dry,Not Applicable,Clear,NH4 SRS TRAVELS NEAR GOVARDHANA,bus stop,100mtr,13.021194,77.551948,0,0,0.0,0.0
Bengaluru City,Yeshwanthapura Traffic PS,1.04432e+16,2016,1,2,Road Accidents,Other,City/Town,Near Bus stop,Human Error,No,Simple Injury,Others,Signal lights Automatic,Hump,City or Town Road,Bitumen(Tar),Dry,Not Applicable,Clear,GG PALYA,HOTEL TAJ VIVANTA,50 fee,13.028977,77.53994,0,0,0.0,0.0
Bengaluru City,Yeshwanthapura Traffic PS,1.04432e+16,2016,1,1,Road Accidents,Narrow road,City/Town,In bazaar,Human Error,No,Simple Injury,Not Applicable,Signal lights Not working,Straight and flat,City or Town Road,Bitumen(Tar),Dry,Not Applicable,Clear,RMC YARD FIRE STATION ROAD,RMC YARD,100 mt,0.0,0.0,0,0,0.0,0.0
Bengaluru City,Yeshwanthapura Traffic PS,1.04432e+16,2016,1,1,Road Accidents,Other,City/Town,Near School or College,Human Error,No,Grievous Injury,Others,Not at  Junction,Straight and flat,City or Town Road,Bitumen(Tar),Dry,Not Applicable,Clear,YPR OUT GATE,COLLEGE,50 fee,13.018537,77.557752,0,0,0.0,0.0
Bengaluru City,Yeshwanthapura Traffic PS,1.04432e+16,2016,1,1,Road Accidents,Other,City/Town,Near Hospital,Human Error,No,Simple Injury,Others,No signal lights,Hump,City or Town Road,Bitumen(Tar),Dry,Not Applicable,Clear,near golden grand apartment,canara bank,30mtrs,13.025749,77.545747,0,0,0.0,0.0
Bengaluru City,Yeshwanthapura Traffic PS,1.04432e+16,2016,1,1,Road Accidents,Other,City/Town,Near Bus stop,Human Error,No,Simple Injury,Others,Not at  Junction,Straight and flat,City or Town Road,Bitumen(Tar),Dry,Not Applicable,Clear,yeshwanthapura 1st main,BUS STOP,50 fee,13.027103,77.55831,0,0,0.0,0.0
Bengaluru City,Yeshwanthapura Traffic PS,1.04432e+16,2016,1,2,Road Accidents,Narrow road,City/Town,Near Bus stop,Human Error,No,Simple Injury,Not Applicable,Signals (Working),Straight and flat,City or Town Road,Bitumen(Tar),Dry,Not Applicable,Clear,SRS BUS STOP,SRS BUS STOP,100 fe,13.032449,77.533966,0,0,0.0,0.0
Bengaluru City,Yeshwanthapura Traffic PS,1.04432e+16,2016,1,2,Road Accidents,T Junction,City/Town,Near Bus stop,Human Error,No,Damage Only,Others,Signal lights Automatic,Straight and flat,City or Town Road,Bitumen(Tar),Dry,Not Applicable,Clear,CMTI JUNCTION,GOKUL DAS,20 FEE,0.0,0.0,0,0,0.0,0.0
Bengaluru City,Yeshwanthapura Traffic PS,1.04432e+16,2016,1,1,Road Accidents,Other,City/Town,Near Petrol Pump,Human Error,Yes,Fatal,Hit and Run,No signal lights,Hump,City or Town Road,Bitumen(Tar),Dry,Not Applicable,Clear,TUMKUR ROAD SHELL PETROL PUMP,SHELL PETROL PUMP,50MTRS,13.024856,77.547243,0,0,0.0,0.0
Bengaluru City,Yeshwanthapura Traffic PS,1.04432e+16,2016,1,1,Road Accidents,Not Applicable,City/Town,Near Bus stop,Human Error,No,Grievous Injury,Not Applicable,Not Applicable,Straight and flat,City or Town Road,Bitumen(Tar),Dry,Not Applicable,Clear,GG PALYA BUS STAND MES RD,bus stop,100mtr,0.0,0.0,0,0,0.0,0.0
Bengaluru City,Yeshwanthapura Traffic PS,1.04432e+16,2016,1,1,Not Applicable,Narrow road,Not Applicable,Near Bus stop,Not Applicable,No,Simple Injury,Not Applicable,No signal lights,Not Applicable,NH,Not Applicable,Not Applicable,No influence on accident,Not Applicable,YESHWANTHAPURA FLY OVER YESHWANTHAPURA,1,2,13.01869077,77.55800822,0,0,0.0,0.0
Bengaluru City,Yeshwanthapura Traffic PS,1.04432e+16,2016,1,1,Not Applicable,Narrow road,Not Applicable,Narrow bridge or culverts,Not Applicable,Yes,Simple Injury,Not Applicable,No signal lights,Not Applicable,NH,Not Applicable,Not Applicable,No influence on accident,Not Applicable,OUTER RING ROAD  NEAR RELANNCE PETROL BUNK  BANGALORE,1,2,13.1435252,77.32106038,0,0,0.0,0.0
Bengaluru City,Yeshwanthapura Traffic PS,1.04432e+16,2016,1,2,Not Applicable,Narrow road,Not Applicable,Near Bus stop,Not Applicable,Yes,Damage Only,Not Applicable,No signal lights,Not Applicable,NH,Not Applicable,Not Applicable,No influence on accident,Not Applicable,NEAR CMTI JUNCTION TUMKUR ROAD,1,2,13.1441006,77.32241836,0,0,0.0,0.0
Bengaluru City,Yeshwanthapura Traffic PS,1.04432e+16,2016,1,2,Road Accidents,Other,City/Town,Open area,Human Error,Yes,Simple Injury,Head on,Not at  Junction,Straight and flat,City or Town Road,Bitumen(Tar),Dry,Not Applicable,Clear,80FEET ROAD MATHIKERE,ELECTRIACAL POLE,10FEET,13.1593466,77.33181908,0,0,0.0,0.0
Bengaluru City,Yeshwanthapura Traffic PS,1.04432e+16,2016,1,1,Road Accidents,T Junction,City/Town,Residential area,Human Error,No,Grievous Injury,Hit pedestrian,Police / Manual,Slight Curve,City or Town Road,Bitumen(Tar),Dry,Not Applicable,Clear,"OPP HOSUE NO-204, 5th MAIN ROAD, 10th CROSS, AKKIYAPPA GARDEN, M K NAGAR, YESHWANTHAPURA",ELECTRICAL POLE,15FEET,13.1505056,77.32576342,0,0,0.0,0.0
Bengaluru City,Yeshwanthapura Traffic PS,1.04432e+16,2016,1,2,Road Accidents,Other,City/Town,Narrow bridge or culverts,Human Error,Yes,Grievous Injury,Hit and Run,Not Applicable,Not Applicable,City or Town Road,Bitumen(Tar),Dry,Not Applicable,Clear,Tumkur road,Near Metro Station,50 mtr,13.148,77.33127614,0,0,0.0,0.0
Bengaluru City,Yeshwanthapura Traffic PS,1.04432e+16,2016,1,2,Not Applicable,Circle,City/Town,Near a factory industrial area,Human Error,No,Grievous Injury,Overturning,Signal lights Automatic,Not Applicable,City or Town Road,Bitumen(Tar),Dry,Not Applicable,Fine,mandovi motors,reliance petrol bank,30,13.1445836,77.3211529,0,0,0.0,0.0
Bengaluru City,Yeshwanthapura Traffic PS,1.04432e+16,2016,1,2,Road Accidents,T Junction,City/Town,Near Bus stop,Human Error,No,Damage Only,Overturning,Signal lights Automatic,Straight and flat,City or Town Road,Bitumen(Tar),Dry,Not Applicable,Clear,g.g. palya,CMTI COMPANY,50 mtr,0.0,0.0,0,0,0.0,0.0
Bengaluru City,Yeshwanthapura Traffic PS,1.04432e+16,2016,1,2,Road Accidents,Junction,City/Town,Near Bus stop,Human Error,No,Damage Only,Others,Signal lights Automatic,Hump,City or Town Road,Bitumen(Tar),Dry,Not Applicable,Clear,CMTI JUNCTION,HOSPITAL,20 FEE,13.1490188,77.32143046,0,0,0.0,0.0
Bengaluru City,Yeshwanthapura Traffic PS,1.04432e+16,2016,1,2,Road Accidents,Narrow road,City/Town,Open area,Human Error,No,Grievous Injury,Not Applicable,Police / Manual,Straight and flat,City or Town Road,Bitumen(Tar),Dry,Not Applicable,Clear,bus stop,ypr station,20 fee,13.174928,77.33274134,0,0,0.0,0.0
Bengaluru City,Yeshwanthapura Traffic PS,1.04432e+16,2016,1,1,Road Accidents,T Junction,City/Town,Near Bus stop,Human Error,No,Simple Injury,Not Applicable,Police / Manual,Straight and flat,City or Town Road,Bitumen(Tar),Dry,Not Applicable,Clear,mathikere bus stop,bus stop,100mts,13.234116,77.33275436,0,0,0.0,0.0
Bengaluru City,Yeshwanthapura Traffic PS,1.04432e+16,2016,1,2,Road Accidents,Other,City/Town,Near Bus stop,Human Error,No,Grievous Injury,Others,No signal lights,Hump,City or Town Road,Bitumen(Tar),Dry,Not Applicable,Clear,"MEI BUSSTOP,TUMAKUR ROAD",MEI FACTORY,20 fee,0.0,0.0,0,0,0.0,0.0
Bengaluru City,Yeshwanthapura Traffic PS,1.04432e+16,2016,1,2,Road Accidents,Bridge,City/Town,Near Bus stop,Human Error,No,Damage Only,Others,No signal lights,Hump,City or Town Road,Bitumen(Tar),Dry,Not Applicable,Clear,YESHWANTHPURA FLYOVER,ANJANEYA TEMPLE,50 MTR,13.018291,77.558814,0,0,0.0,0.0
Bengaluru City,Yeshwanthapura Traffic PS,1.04432e+16,2016,1,2,Road Accidents,Junction,City/Town,Near a factory industrial area,Human Error,No,Grievous Injury,Not Applicable,Signal lights Automatic,Straight and flat,City or Town Road,Bitumen(Tar),Dry,Not Applicable,Clear,near cmti,cmti,20 FEE,13.030307,77.53696,0,0,0.0,0.0
Bengaluru City,Yeshwanthapura Traffic PS,1.04432e+16,2016,1,1,Road Accidents,Other,City/Town,Near Bus stop,Human Error,No,Simple Injury,Hit pedestrian,No signal lights,Straight and flat,City or Town Road,Bitumen(Tar),Dry,Not Applicable,Clear,MATTIKERE,CHOWDESHWARI BUS STOP,50MTRS,13.032763,77.554185,0,0,0.0,0.0
Bengaluru City,Yeshwanthapura Traffic PS,1.04432e+16,2016,1,2,Road Accidents,Narrow road,City/Town,Near a factory industrial area,Human Error,No,Simple Injury,Not Applicable,Not at  Junction,Straight and flat,City or Town Road,Bitumen(Tar),Dry,Not Applicable,Clear,BHEL,GYMKHANA GATE,100 mt,13.015955,77.562484,0,0,0.0,0.0
Bengaluru City,Yeshwanthapura Traffic PS,1.04432e+16,2016,1,2,Road Accidents,Other,City/Town,Near Bus stop,Human Error,No,Simple Injury,Others,Not at  Junction,Straight and flat,City or Town Road,Bitumen(Tar),Dry,Not Applicable,Clear,RMC YARD,ATM,50 fee,13.02289,77.549925,0,0,0.0,0.0
Bengaluru City,Yeshwanthapura Traffic PS,1.04432e+16,2016,1,1,Road Accidents,Other,City/Town,Near Bus stop,Human Error,Yes,Simple Injury,Hit and Run,Not Applicable,Straight and flat,City or Town Road,Bitumen(Tar),Dry,Not Applicable,Clear,Tumkur road,MEI Factory,50 mtr,13.026371,77.544094,0,0,0.0,0.0
Bengaluru City,Yeshwanthapura Traffic PS,1.04432e+16,2016,1,1,Not Applicable,Narrow road,City/Town,Near a factory industrial area,Not Applicable,No,Simple Injury,Not Applicable,No signal lights,Not Applicable,NH,Not Applicable,Not Applicable,No influence on accident,Not Applicable,NEAR MEI FACTORY NH-4,1,2,13.1353094,77.3238166,0,0,0.0,0.0
Bengaluru City,Yeshwanthapura Traffic PS,1.04432e+16,2016,1,2,Road Accidents,Junction,City/Town,Near Bus stop,Human Error,No,Damage Only,Others,Signal lights Automatic,Straight and flat,City or Town Road,Bitumen(Tar),Dry,Not Applicable,Clear,GG PALYA TUMAKUR ROAD,people tree hospital,50 mtr,0.0,0.0,0,0,0.0,0.0
Bengaluru City,Yeshwanthapura Traffic PS,1.04432e+16,2016,1,2,Not Applicable,Narrow road,City/Town,Near a factory industrial area,Human Error,No,Damage Only,Not Applicable,Not Applicable,Straight and flat,City or Town Road,Bitumen(Tar),Dry,Not Applicable,Clear,MEI TATA TEA FACTORY,MEI BUS STAND,50,13.031038,77.540457,0,0,0.0,0.0
Bengaluru City,Yeshwanthapura Traffic PS,1.04432e+16,2016,1,2,Road Accidents,Rail Crossing manned,City/Town,Near Bus stop,Human Error,No,Simple Injury,Skidding or Self accident,Not Applicable,Others,City or Town Road,Bitumen(Tar),Dry,Not Applicable,Clear,YPR RAILWAY,HOSTEL,100 MT,13.021652,77.553257,0,0,0.0,0.0
Bengaluru City,Yeshwanthapura Traffic PS,1.04432e+16,2016,1,2,Road Accidents,Narrow road,City/Town,Near Hospital,Human Error,No,Simple Injury,Others,Not at  Junction,Straight and flat,City or Town Road,Bitumen(Tar),Dry,Not Applicable,Clear,MATTIKERE,BANK,50 mtr,13.03223,77.558911,0,0,0.0,0.0
Bengaluru City,Yeshwanthapura Traffic PS,1.04432e+16,2016,1,2,Road Accidents,Junction,City/Town,Open area,Human Error,No,Grievous Injury,Head on,Not Applicable,Straight and flat,Service Road,Bitumen(Tar),Dry,Not Applicable,Clear,TUMKUR ROAD SERVICE ROAD NEAR BFW JUNCTION,POLE,15FEET,13.157864,77.3212084,0,0,0.0,0.0
Bengaluru City,Yeshwanthapura Traffic PS,1.04432e+16,2016,1,1,Road Accidents,Narrow road,City/Town,Open area,Human Error,No,Grievous Injury,Hit pedestrian,Not Applicable,Straight and flat,City or Town Road,Bitumen(Tar),Dry,Not Applicable,Cloudy,YS C ROAD YESHWANTHAPURA,ELECTRICAL POLE,25FEET,13.194908,77.3324681,0,0,0.0,0.0
Bengaluru City,Yeshwanthapura Traffic PS,1.04432e+16,2016,1,2,Road Accidents,Narrow road,City/Town,Near Bus stop,Human Error,No,Damage Only,Others,No signal lights,Straight and flat,City or Town Road,Bitumen(Tar),Dry,Not Applicable,Clear,yeshwanthapura 1st main,yesghwanthapura bus stand,100 fe,13.021808,77.559024,0,0,0.0,0.0
Bengaluru City,Yeshwanthapura Traffic PS,1.04432e+16,2016,1,1,Road Accidents,Junction,City/Town,Near Bus stop,Human Error,No,Fatal,Others,Not at  Junction,Straight and flat,City or Town Road,Bitumen(Tar),Dry,Not Applicable,Clear,NH4 TUMKUR ROAD,TAIKIES,60MTRS,0.0,0.0,0,0,0.0,0.0
Bengaluru City,Yeshwanthapura Traffic PS,1.04432e+16,2016,1,2,Road Accidents,Bridge,City/Town,Narrow bridge or culverts,Human Error,No,Damage Only,Others,No signal lights,Hump,City or Town Road,Bitumen(Tar),Dry,Not Applicable,Clear,YPR FLY OVER,ANJANEYA TEMPLE,50 MTR,0.0,0.0,0,0,0.0,0.0
Bengaluru City,Yeshwanthapura Traffic PS,1.04432e+16,2016,1,1,Road Accidents,Not Applicable,City/Town,Near Bus stop,Vehicle Defect,No,Simple Injury,Not Applicable,Not Applicable,Straight and flat,City or Town Road,Bitumen(Tar),Dry,Not Applicable,Clear,1ST MN RD AKSHAYA CO-BANK,bus stop,10 fee,13.022486,77.556622,0,0,0.0,0.0
Bengaluru City,Yeshwanthapura Traffic PS,1.04432e+16,2016,1,2,Road Accidents,Other,City/Town,Near School or College,Human Error,Yes,Simple Injury,Others,Not at  Junction,Others,City or Town Road,Bitumen(Tar),Dry,Not Applicable,Clear,MATTIKERE CROSS,COLLEGE,50 fee,13.017094,77.560585,0,0,0.0,0.0
Bengaluru City,Yeshwanthapura Traffic PS,1.04432e+16,2016,1,1,Road Accidents,T Junction,City/Town,Near Bus stop,Human Error,No,Simple Injury,Overturning,Police / Manual,Others,City or Town Road,Bitumen(Tar),Dry,Not Applicable,Clear,NEAR MATHIKERE,SONE ARTHOPEDIK CENTRE,100 mt,13.028279,77.558761,0,0,0.0,0.0
Bengaluru City,Yeshwanthapura Traffic PS,1.04432e+16,2016,1,2,Road Accidents,Curves,City/Town,Near Bus stop,Human Error,No,Simple Injury,Others,Not Applicable,Hump,City or Town Road,Bitumen(Tar),Dry,Not Applicable,Clear,HMT ROAD,BUS STOP,60MTRS,13.022404,77.562966,0,0,0.0,0.0
Bengaluru City,Yeshwanthapura Traffic PS,1.04432e+16,2016,1,2,Road Accidents,Narrow road,City/Town,Near Bus stop,Human Error,No,Damage Only,Not Applicable,Signals (Not working),Straight and flat,NH,Bitumen(Tar),Dry,Not Applicable,Clear,IN FRONT OFF RNS,g g palya,50 mtr,13.027918,77.541916,0,0,0.0,0.0
Bengaluru City,Yeshwanthapura Traffic PS,1.04432e+16,2016,1,1,Road Accidents,Not Applicable,City/Town,Near Bus stop,Human Error,No,Grievous Injury,Not Applicable,Not Applicable,Straight and flat,City or Town Road,Bitumen(Tar),Dry,Not Applicable,Clear,RMC MARKET,bus stop,100mtr,13.024149,77.547211,0,0,0.0,0.0
Bengaluru City,Yeshwanthapura Traffic PS,1.04432e+16,2016,1,1,Road Accidents,Circle,City/Town,Near Bus stop,Human Error,No,Fatal,Others,Signal lights Automatic,Hump,City or Town Road,Bitumen(Tar),Dry,Not Applicable,Clear,yeshwanthpura circle road,BUS STOP,80MTRS,13.018286,77.557688,0,0,0.0,0.0
Bengaluru City,Yeshwanthapura Traffic PS,1.04432e+16,2016,1,1,Not Applicable,Narrow road,Not Applicable,Near Bus stop,Not Applicable,Yes,Simple Injury,Not Applicable,No signal lights,Not Applicable,NH,Not Applicable,Not Applicable,No influence on accident,Not Applicable,"B K NAGARA 2ND MAIN, YPR",1,2,13.140101,77.33153072,0,0,0.0,0.0
Bengaluru City,Yeshwanthapura Traffic PS,1.04432e+16,2016,1,2,Not Applicable,Narrow road,Not Applicable,Narrow bridge or culverts,Not Applicable,Yes,Fatal,Not Applicable,No signal lights,Not Applicable,NH,Not Applicable,Not Applicable,No influence on accident,Not Applicable,MARAPPANAPALYA,1,2,13.0573186,77.3304788,0,0,0.0,0.0
Bengaluru City,Yeshwanthapura Traffic PS,1.04432e+16,2016,1,2,Road Accidents,Junction,City/Town,Near Bus stop,Human Error,No,Damage Only,Others,Signal lights Automatic,Hump,City or Town Road,Bitumen(Tar),Dry,Not Applicable,Clear,"CMTI JUNCTION, TUMAKUR ROAD",HOSPITAL,50 mts,13.1489534,77.32133758,0,0,0.0,0.0
Bengaluru City,Yeshwanthapura Traffic PS,1.04432e+16,2016,1,2,Road Accidents,Narrow road,City/Town,Near Petrol Pump,Human Error,No,Simple Injury,Hit and Run,Police / Manual,Not Applicable,City or Town Road,Bitumen(Tar),Dry,Not Applicable,Fine,Reliance petrol bunk,CMTI COMPANY,0.5 KM,131.42999,77.3291422,0,0,0.0,0.0
Bengaluru City,Yeshwanthapura Traffic PS,1.04432e+16,2016,1,2,Road Accidents,Narrow road,City/Town,Near Petrol Pump,Human Error,No,Grievous Injury,Not Applicable,No signal lights,Straight and flat,City or Town Road,Bitumen(Tar),Dry,Not Applicable,Clear,FVIER Ring Road,petrol bunk,20,13.1385638,77.3273602,0,0,0.0,0.0
Bengaluru City,Yeshwanthapura Traffic PS,1.04432e+16,2016,1,2,Road Accidents,Narrow road,City/Town,Near Bus stop,Human Error,No,Damage Only,Not Applicable,Police / Manual,Straight and flat,City or Town Road,Bitumen(Tar),Dry,Not Applicable,Clear,1st main,1st main,10,13.019854,77.555799,0,0,0.0,0.0
Bengaluru City,Yeshwanthapura Traffic PS,1.04432e+16,2016,1,2,Road Accidents,T Junction,City/Town,Near Hospital,Human Error,No,Damage Only,Not Applicable,Signals (Working),Straight and flat,City or Town Road,Bitumen(Tar),Dry,Not Applicable,Clear,PEOPLE TREE HOSPITAL,GOKUL DAS IMAGES,10 fee,13.028958,77.539953,0,0,0.0,0.0
Bengaluru City,Yeshwanthapura Traffic PS,1.04432e+16,2016,1,2,Road Accidents,Circle,City/Town,Near Bus stop,Human Error,No,Damage Only,Others,Signal lights Automatic,Hump,City or Town Road,Bitumen(Tar),Dry,Not Applicable,Clear,YESHWANTHPURA CIRCLE,BTC BUSSTOP,50MTRS,13.018537,77.557752,0,0,0.0,0.0
Bengaluru City,Yeshwanthapura Traffic PS,1.04432e+16,2016,1,2,Road Accidents,T Junction,City/Town,Near Bus stop,Human Error,No,Simple Injury,Not Applicable,Signals (Working),Straight and flat,City or Town Road,Bitumen(Tar),Dry,Not Applicable,Clear,CMTI JUNCTION,cmti,20 FEE,13.028969,77.539663,0,0,0.0,0.0
Bengaluru City,Yeshwanthapura Traffic PS,1.04432e+16,2016,1,1,Road Accidents,Narrow road,City/Town,In bazaar,Human Error,No,Not Applicable,Not Applicable,Not at  Junction,Straight and flat,City or Town Road,Bitumen(Tar),Dry,Not Applicable,Clear,NEAR PVR CENIMA,RNS MOTORS,60MTRS,13.023763,77.549158,0,0,0.0,0.0
Bengaluru City,Yeshwanthapura Traffic PS,1.04432e+16,2016,1,2,Road Accidents,Junction,City/Town,Near Bus stop,Human Error,No,Damage Only,Others,Signal lights Automatic,Incline,City or Town Road,Bitumen(Tar),Dry,Not Applicable,Clear,NH4 GG PALYA,HOSPITAL,50 MTR,13.028707,77.540243,0,0,0.0,0.0
Bengaluru City,Yeshwanthapura Traffic PS,1.04432e+16,2016,1,2,Road Accidents,Junction,City/Town,Open area,Human Error,No,Damage Only,Head on,Controlled,Not Applicable,City or Town Road,Bitumen(Tar),Dry,Not Applicable,Clear,YESHWANTHAPURA CIRCLE,FLY OVER,15FEET,13.163582,77.3328602,0,0,0.0,0.0
Bengaluru City,Yeshwanthapura Traffic PS,1.04432e+16,2016,1,1,Road Accidents,Narrow road,City/Town,Residential area,Human Error,No,Fatal,Not Applicable,Police / Manual,Straight and flat,NH,Bitumen(Tar),Dry,Not Applicable,Clear,NEAR RELANCE PETROL BUNK,1,2,13.1437694,77.32108096,0,0,0.0,0.0