DISTRICTNAME,UNITNAME,Crime_No,Year,RI,Noofvehicle_involved,Accident_Classification,Accident_Spot,Accident_Location,Accident_SubLocation,Main_Cause,Hit_Run,Severity,Collision_Type,Junction_Control,Road_Character,Road_Type,Surface_Type,Surface_Condition,Road_Condition,Weather,Accident_Road,Landmark_first,Distance_LandMark_First,Latitude,Longitude,Road_Condition_Score,Surface_Condition_Score,Surface_Type_Score,Road_Risk_Index
Bengaluru City,Yeshwanthapura Traffic PS,1.04432e+16,2017,1,2,Road Accidents,Not Applicable,City/Town,Near office complex,Human Error,Yes,Damage Only,Hit and Run,No signal lights,Straight and flat,City or Town Road,Bitumen(Tar),Dry,Not Applicable,Clear,APMC YARD,APMC YARD,50 mtr,13.02416,77.5624,0,0,0.0,0.0
Bengaluru City,Yeshwanthapura Traffic PS,1.04432e+16,2017,1,1,Road Accidents,Narrow road,City/Town,Near Hospital,Human Error,Yes,Simple Injury,Hit and Run,Police / Manual,Not Applicable,City or Town Road,Bitumen(Tar),Dry,Not Applicable,Fine,ESI Hospital,Near  Apex garments,20,13.025624,77.530555,0,0,0.0,0.0
Bengaluru City,Yeshwanthapura Traffic PS,1.04432e+16,2017,1,2,Road Accidents,Other,City/Town,Near a factory industrial area,Human Error,No,Simple Injury,Others,Signal lights Automatic,Straight and flat,City or Town Road,Bitumen(Tar),Dry,Not Applicable,Clear,"CMTI JUNCTION, TUMAKUR ROAD NH4",HOSPITAL,50 mtr,13.030265,77.537051,0,0,0.0,0.0
Bengaluru City,Yeshwanthapura Traffic PS,1.04432e+16,2017,1,2,Road Accidents,Narrow road,City/Town,Near a factory industrial area,Human Error,No,Simple Injury,Rear end,Police / Manual,Straight and flat,Two way,Bitumen(Tar),Dry,Not Applicable,Clear,MEI ROAD,CURLON BED FACTORY,100 MT,13.018537,77.557752,0,0,0.0,0.0
Bengaluru City,Yeshwanthapura Traffic PS,1.04432e+16,2017,1,1,Road Accidents,T Junction,City/Town,Near Bus stop,Human Error,No,Simple Injury,Overturning,Police / Manual,Straight and flat,City or Town Road,Bitumen(Tar),Dry,Not Applicable,Clear,MATHIKERE RD,BUS STOP,100 mt,13.028969,77.561293,0,0,0.0,0.0
Bengaluru City,Yeshwanthapura Traffic PS,1.04432e+16,2017,1,2,Road Accidents,Narrow road,City/Town,In bazaar,Human Error,No,Simple Injury,Not Applicable,Police / Manual,Not Applicable,City or Town Road,Bitumen(Tar),Dry,Not Applicable,Clear,YPR BAZAR,flower market,200 mt,13.021045,77.556121,0,0,0.0,0.0
Bengaluru City,Yeshwanthapura Traffic PS,1.04432e+16,2017,1,2,Road Accidents,Junction,City/Town,Near Bus stop,Human Error,Yes,Simple Injury,Others,Signal lights Automatic,Straight and flat,City or Town Road,Bitumen(Tar),Dry,Not Applicable,Clear,Tumkur road,BUS STOP,100mtr,13.030265,77.537051,0,0,0.0,0.0
Bengaluru City,Yeshwanthapura Traffic PS,1.04432e+16,2017,1,1,Road Accidents,Narrow road,City/Town,In bazaar,Human Error,No,Simple Injury,Hit pedestrian,No signal lights,Straight and flat,City or Town Road,Bitumen(Tar),Dry,Not Applicable,Clear,YPR BAZAR,RTO OFFICE,20ft,13.019937,77.555671,0,0,0.0,0.0
Bengaluru City,Yeshwanthapura Traffic PS,1.04432e+16,2017,1,1,Road Accidents,T Junction,City/Town,Near Bus stop,Human Error,No,Fatal,Rear end,Signal lights Automatic,Curve,City or Town Road,Bitumen(Tar),Dry,Not Applicable,Clear,YESHWANTHAPURA CIRCLE BUS STOP,YESHWANTHAPURA CIRCLE,10  FT,13.018537,77.557752,0,0,0.0,0.0
Bengaluru City,Yeshwanthapura Traffic PS,1.04432e+16,2017,1,2,Road Accidents,Not Applicable,City/Town,Near Bus stop,Human Error,No,Grievous Injury,Others,Not Applicable,Straight and flat,City or Town Road,Bitumen(Tar),Dry,Not Applicable,Clear,CV RAMANA ROAD MATHIKER CROSS NEAR,bus stop,100 FE,13.017046,77.560516,0,0,0.0,0.0
Bengaluru City,Yeshwanthapura Traffic PS,1.04432e+16,2017,1,2,Road Accidents,Junction,City/Town,Near Bus stop,Human Error,No,Damage Only,Others,No signal lights,Straight and flat,Two way,Bitumen(Tar),Dry,Not Applicable,Clear,ms ramaiah hospital road,food villega,50mtr,13.031284,77.56375,0,0,0.0,0.0
Bengaluru City,Yeshwanthapura Traffic PS,1.04432e+16,2017,1,1,Road Accidents,Other,City/Town,Open area,Human Error,Yes,Simple Injury,Others,Not Applicable,Others,City or Town Road,Bitumen(Tar),Dry,Not Applicable,Clear,HMT main road,Agarwal Hotel,50 mtr,13.018537,77.557752,0,0,0.0,0.0
Bengaluru City,Yeshwanthapura Traffic PS,1.04432e+16,2017,1,1,Road Accidents,Narrow road,City/Town,Near Bus stop,Human Error,Yes,Simple Injury,Others,No signal lights,Straight and flat,City or Town Road,Bitumen(Tar),Dry,Not Applicable,Clear,NRAR SBM HMT ROAD,MATHIKERE BUS STOP,100 fe,13.032146,77.559061,0,0,0.0,0.0
Bengaluru City,Yeshwanthapura Traffic PS,1.04432e+16,2017,1,1,Road Accidents,Narrow road,City/Town,Near a factory industrial area,Human Error,Yes,Fatal,Hit and Run,Not Applicable,Straight and flat,City or Town Road,Bitumen(Tar),Dry,Not Applicable,Clear,8TH MAIN 90 ROOT ROAD,NEAR BHEL INDUSTRY,10 FEE,13.020625,77.553133,0,0,0.0,0.0
Bengaluru City,Yeshwanthapura Traffic PS,1.04432e+16,2017,1,2,Road Accidents,T Junction,City/Town,Near Bus stop,Human Error,No,Simple Injury,Not Applicable,Signal lights Automatic,Straight and flat,City or Town Road,Bitumen(Tar),Dry,Not Applicable,Clear,TUMKUR ROAD G G PALYA,GOKUL DAS IMAGES,10 FEE,13.028953,77.539991,0,0,0.0,0.0
Bengaluru City,Yeshwanthapura Traffic PS,1.04432e+16,2017,1,2,Road Accidents,Circle,City/Town,Near School or College,Human Error,No,Damage Only,Rear end,Police / Manual,Hump,City or Town Road,Bitumen(Tar),Dry,Not Applicable,Clear,M E S RING RD,N P S SCHOOL,100 fe,13.031122,77.542667,0,0,0.0,0.0
Bengaluru City,Yeshwanthapura Traffic PS,1.04432e+16,2017,1,2,Road Accidents,Not Applicable,City/Town,Near Bus stop,Vehicle Defect,No,Damage Only,Not Applicable,Not Applicable,Straight and flat,Others,Bitumen(Tar),Not Applicable,Not Applicable,Clear,nh4 rns opposit,bus stop,1 feet,13.024181,77.54844,0,0,0.0,0.0
Bengaluru City,Yeshwanthapura Traffic PS,1.04432e+16,2017,1,2,Road Accidents,Narrow road,City/Town,Near Bus stop,Human Error,No,Damage Only,Not Applicable,Signals (Working),Others,City or Town Road,Bitumen(Tar),Dry,Not Applicable,Clear,NH4 TUMKUR ROAD,cmti,10 FEE,13.029073,77.539309,0,0,0.0,0.0
Bengaluru City,Yeshwanthapura Traffic PS,1.04432e+16,2017,1,2,Road Accidents,T Junction,City/Town,Near a factory industrial area,Human Error,No,Damage Only,Overturning,Signals (Working),Straight and flat,City or Town Road,Bitumen(Tar),Dry,Not Applicable,Fine,G G PALYA JTN,CMTI JUNCTION TUMAKUR ROAD,15,13.029073,77.539309,0,0,0.0,0.0
Bengaluru City,Yeshwanthapura Traffic PS,1.04432e+16,2017,1,1,Road Accidents,Narrow road,City/Town,Near Bus stop,Human Error,Yes,Damage Only,Hit and Run,Not at  Junction,Straight and flat,City or Town Road,Bitumen(Tar),Dry,Not Applicable,Clear,MES RING ROAD G G PALYA,G G PALYA BUS STOP,50 MTR,13.029073,77.539309,0,0,0.0,0.0
Bengaluru City,Yeshwanthapura Traffic PS,1.04432e+16,2017,1,1,Not Applicable,Other,City/Town,Near Bus stop,Human Error,No,Grievous Injury,Others,Not Applicable,Straight and flat,City or Town Road,Bitumen(Tar),Dry,Not Applicable,Clear,venkateshwara tempel rd gg palya,near tempal,100ft,0.0,0.0,0,0,0.0,0.0
Bengaluru City,Yeshwanthapura Traffic PS,1.04432e+16,2017,1,1,Road Accidents,Other,City/Town,Open area,Human Error,Yes,Simple Injury,Hit pedestrian,Not Applicable,Straight and flat,City or Town Road,Bitumen(Tar),Dry,Not Applicable,Clear,HMT main road,Near Mathikere Flyover,50 mtr,13.035972,77.557623,0,0,0.0,0.0
Bengaluru City,Yeshwanthapura Traffic PS,1.04432e+16,2017,1,1,Road Accidents,Narrow road,City/Town,In bazaar,Human Error,Yes,Simple Injury,Hit and Run,No signal lights,Straight and flat,City or Town Road,Bitumen(Tar),Dry,Not Applicable,Clear,stores,sent Enjel school,30 mt,13.02416,77.5624,0,0,0.0,0.0
Bengaluru City,Yeshwanthapura Traffic PS,1.04432e+16,2017,1,1,Road Accidents,Not Applicable,City/Town,Near Bus stop,Human Error,No,Not Applicable,Not Applicable,Not at  Junction,Straight and flat,NH,Bitumen(Tar),Dry,Not Applicable,Clear,MEI BUS STOP,Taj Vivanta,50 mts,13.019169,77.553133,0,0,0.0,0.0
Bengaluru City,Yeshwanthapura Traffic PS,1.04432e+16,2017,1,2,Road Accidents,Other,City/Town,Near a factory industrial area,Human Error,No,Simple Injury,Others,Not Applicable,Others,City or Town Road,Bitumen(Tar),Dry,Not Applicable,Clear,ESI Hospital road,Near ESI Hospital,100mtr,13.018537,77.557752,0,0,0.0,0.0
Bengaluru City,Yeshwanthapura Traffic PS,1.04432e+16,2017,1,2,Road Accidents,Junction,City/Town,Near Bus stop,Human Error,No,Damage Only,Others,Signal lights Automatic,Straight and flat,City or Town Road,Bitumen(Tar),Dry,Not Applicable,Clear,GG PALYA TUMAKUR ROAD,HOSPITAL,50MTRS,13.029073,77.539309,0,0,0.0,0.0
Bengaluru City,Yeshwanthapura Traffic PS,1.04432e+16,2017,1,1,Road Accidents,Narrow road,City/Town,In bazaar,Human Error,No,Simple Injury,Not Applicable,Not at  Junction,Straight and flat,City or Town Road,Bitumen(Tar),Dry,Not Applicable,Clear,MES ROAD,PVR MALL,10 MTR,13.024181,77.54844,0,0,0.0,0.0
Bengaluru City,Yeshwanthapura Traffic PS,1.04432e+16,2017,1,2,Road Accidents,Other,City/Town,In bazaar,Human Error,No,Simple Injury,Side swipe,No signal lights,Straight and flat,City or Town Road,Bitumen(Tar),Dry,Not Applicable,Clear,8TH GATE RMC YARD,rmc yard,100,13.024181,77.54844,0,0,0.0,0.0
Bengaluru City,Yeshwanthapura Traffic PS,1.04432e+16,2017,1,2,Road Accidents,Narrow road,City/Town,Near Bus stop,Human Error,No,Simple Injury,Not Applicable,No signal lights,Straight and flat,City or Town Road,Bitumen(Tar),Dry,Not Applicable,Clear,YESHWANTHAPURA,YESHWANTHAPURA CIRCLE,50 FT,13.018537,77.557752,0,0,0.0,0.0
Bengaluru City,Yeshwanthapura Traffic PS,1.04432e+16,2017,1,1,Road Accidents,Narrow road,City/Town,Near Hospital,Human Error,Yes,Damage Only,Hit and Run,Police / Manual,Not Applicable,City or Town Road,Bitumen(Tar),Dry,Not Applicable,Clear,9TH MAIN MATHIKERE,MATHIKERE BUS STOP,30 MTR,13.032334,77.561936,0,0,0.0,0.0
Bengaluru City,Yeshwanthapura Traffic PS,1.04432e+16,2017,1,2,Road Accidents,Narrow road,City/Town,Residential area,Human Error,Yes,Grievous Injury,Hit and Run,Not at  Junction,Others,Two way,Bitumen(Tar),Dry,Not Applicable,Fine,1st main,Railway parallal road,1,13.018537,77.557752,0,0,0.0,0.0
Bengaluru City,Yeshwanthapura Traffic PS,1.04432e+16,2017,1,2,Not Applicable,Narrow road,City/Town,Near Bus stop,Human Error,Yes,Damage Only,Hit and Run,Signal lights Automatic,Not Applicable,NH,Bitumen(Tar),Flooded,Not Applicable,Clear,NH4,MEI BUS STAND,100 mt,13.030265,77.537051,0,5,0.0,5.0
Bengaluru City,Yeshwanthapura Traffic PS,1.04432e+16,2017,1,2,Road Accidents,Road hump or Rumble strips,City/Town,Near Bus stop,Human Error,No,Damage Only,Others,Not at  Junction,Not Applicable,NH,Bitumen(Tar),Dry,Not Applicable,Clear,MEI BUS STOP,Near MEI FActory,10,13.021652,77.55325,0,0,0.0,0.0
Bengaluru City,Yeshwanthapura Traffic PS,1.04432e+16,2017,1,2,Road Accidents,Junction,City/Town,Near Bus stop,Human Error,No,Simple Injury,Overturning,Not Applicable,Straight and flat,City or Town Road,Bitumen(Tar),Dry,Not Applicable,Clear,TUMAKURU ROAD,BUS STOP,100,13.029073,77.539309,0,0,0.0,0.0
Bengaluru City,Yeshwanthapura Traffic PS,1.04432e+16,2017,1,4,Road Accidents,Circle,City/Town,Near Bus stop,Human Error,No,Simple Injury,Not Applicable,Signal lights Automatic,Straight and flat,City or Town Road,Bitumen(Tar),Dry,Not Applicable,Clear,yPR BUS STOP,bUS STAND,10 FEE,13.018537,77.557752,0,0,0.0,0.0
Bengaluru City,Yeshwanthapura Traffic PS,1.04432e+16,2017,1,1,Road Accidents,Narrow road,City/Town,Near Bus stop,Human Error,Yes,Simple Injury,Not Applicable,Police / Manual,Not Applicable,City or Town Road,Bitumen(Tar),Dry,Not Applicable,Clear,bus stop,ypr bus stand,100 fe,13.019937,77.555671,0,0,0.0,0.0
Bengaluru City,Yeshwanthapura Traffic PS,1.04432e+16,2017,1,2,Road Accidents,Narrow road,City/Town,Near Bus stop,Human Error,No,Damage Only,Not Applicable,Signals (Working),Straight and flat,City or Town Road,Bitumen(Tar),Dry,Not Applicable,Clear,MATHIKERE,1ST MAIN,50MTRS,13.017046,77.560516,0,0,0.0,0.0
Bengaluru City,Yeshwanthapura Traffic PS,1.04432e+16,2017,1,1,Road Accidents,T Junction,City/Town,Near Bus stop,Human Error,No,Grievous Injury,Others,Signals (Working),Straight and flat,City or Town Road,Bitumen(Tar),Dry,Not Applicable,Clear,G G PALYA JTN,people tree hospital,30mtrs,13.027403,77.539707,0,0,0.0,0.0
Bengaluru City,Yeshwanthapura Traffic PS,1.04432e+16,2017,1,2,Road Accidents,Narrow road,City/Town,In bazaar,Human Error,No,Fatal,Rear end,No signal lights,Straight and flat,City or Town Road,Bitumen(Tar),Dry,Not Applicable,Clear,KESHAVA TAKIES ROAD,NANDINI MEDICAl,10 mt,13.029951,77.553627,0,0,0.0,0.0
Bengaluru City,Yeshwanthapura Traffic PS,1.04432e+16,2017,1,2,Road Accidents,Narrow road,City/Town,Near Bus stop,Human Error,No,Damage Only,Others,Not at  Junction,Straight and flat,City or Town Road,Bitumen(Tar),Dry,Not Applicable,Clear,YESHWANTHAPURA,13TH MAIN,10  FT,13.028049,77.561936,0,0,0.0,0.0
Bengaluru City,Yeshwanthapura Traffic PS,1.04432e+16,2017,1,2,Road Accidents,Narrow road,City/Town,Near a factory industrial area,Human Error,No,Damage Only,Not Applicable,Not at  Junction,Straight and flat,City or Town Road,Bitumen(Tar),Dry,Pot holed,Clear,OUTER RING ROAD,MANDOVI M OTORS,50 FT,13.030265,77.537051,5,0,0.0,5.0
Bengaluru City,Yeshwanthapura Traffic PS,1.04432e+16,2017,1,2,Road Accidents,Junction,City/Town,Near Hospital,Human Error,No,Damage Only,Others,Signal lights Automatic,Straight and flat,City or Town Road,Bitumen(Tar),Dry,Not Applicable,Clear,GG PALYA,hospital,50 fee,13.029073,77.539309,0,0,0.0,0.0
Bengaluru City,Yeshwanthapura Traffic PS,1.04432e+16,2017,1,2,Road Accidents,T Junction,City/Town,Near Bus stop,Human Error,Yes,Not Applicable,Hit and Run,Signals (Working),Not Applicable,NH,Bitumen(Tar),Dry,Not Applicable,Fine,g.g. palya bus stop,cmti,50 fee,13.029073,77.539309,0,0,0.0,0.0
Bengaluru City,Yeshwanthapura Traffic PS,1.04432e+16,2017,1,2,Road Accidents,Narrow road,City/Town,Near Hospital,Human Error,No,Not Applicable,Not Applicable,Not Applicable,Straight and flat,City or Town Road,Bitumen(Tar),Dry,Not Applicable,Clear,ramaiah hospital,sadashiva nagar ps,20 fee,13.019509,77.558047,0,0,0.0,0.0
Bengaluru City,Yeshwanthapura Traffic PS,1.04432e+16,2017,1,2,Road Accidents,T Junction,City/Town,Near office complex,Human Error,Yes,Not Applicable,Hit and Run,Signals (Not working),Not Applicable,City or Town Road,Bitumen(Tar),Dry,Not Applicable,Clear,rmc yard,cocanut store,100 fe,13.024181,77.54844,0,0,0.0,0.0
Bengaluru City,Yeshwanthapura Traffic PS,1.04432e+16,2017,1,2,Road Accidents,T Junction,City/Town,Near a factory industrial area,Human Error,Yes,Simple Injury,Rear end,Signal lights Automatic,Straight and flat,NH,Bitumen(Tar),Dry,Not Applicable,Fine,NH4,GOKUL DAS IMAGES,0.5 KM,13.030265,77.537051,0,0,0.0,0.0
Bengaluru City,Yeshwanthapura Traffic PS,1.04432e+16,2017,1,2,Not Applicable,T Junction,City/Town,Near Bus stop,Human Error,Yes,Not Applicable,Hit and Run,Not Applicable,Not Applicable,Two way,Bitumen(Tar),Dry,Not Applicable,Fine,SRS BUS STOP,CMTI,100,13.030265,77.537051,0,0,0.0,0.0
Bengaluru City,Yeshwanthapura Traffic PS,1.04432e+16,2017,1,2,Road Accidents,Junction,City/Town,Near Hospital,Human Error,Yes,Simple Injury,Others,Signal lights Automatic,Straight and flat,City or Town Road,Bitumen(Tar),Dry,Not Applicable,Clear,GG PALYA BANK NEAR,HOSPITAL,50 mts,13.033024,77.540908,0,0,0.0,0.0
Bengaluru City,Yeshwanthapura Traffic PS,1.04432e+16,2017,1,1,Road Accidents,Narrow road,City/Town,Near a factory industrial area,Human Error,No,Simple Injury,Not Applicable,No signal lights,Straight and flat,City or Town Road,Bitumen(Tar),Dry,Not Applicable,Clear,MADRUN BREAD FACTORY,BREAD FACTORY,20ft,13.024997,77.533998,0,0,0.0,0.0
Bengaluru City,Yeshwanthapura Traffic PS,1.04432e+16,2017,1,1,Road Accidents,Narrow road,City/Town,Near Bus stop,Human Error,No,Fatal,Not Applicable,Police / Manual,Others,City or Town Road,Bitumen(Tar),Dry,Not Applicable,Clear,mes ring road,BUS STOP,100 MT,13.029146,77.540033,0,0,0.0,0.0
Bengaluru City,Yeshwanthapura Traffic PS,1.04432e+16,2017,1,2,Rail Road Accidents,Other,City/Town,Near Bus stop,Human Error,No,Fatal,Others,Not Applicable,Straight and flat,City or Town Road,Bitumen(Tar),Dry,Not Applicable,Clear,THUMKUR RD SRS JUNCTION NEAR,bus stop,10ft,13.032453,77.533929,0,0,0.0,0.0
Bengaluru City,Yeshwanthapura Traffic PS,1.04432e+16,2017,1,1,Road Accidents,Y Junction,City/Town,Near Bus stop,Human Error,No,Grievous Injury,Not Applicable,Not at  Junction,Straight and flat,City or Town Road,Bitumen(Tar),Dry,Not Applicable,Clear,Apmc Yard,100 feet,10 fet,13.024181,77.54844,0,0,0.0,0.0
Bengaluru City,Yeshwanthapura Traffic PS,1.04432e+16,2017,1,1,Road Accidents,T Junction,City/Town,Near Bus stop,Human Error,No,Simple Injury,Others,Signal lights Automatic,Straight and flat,Arterial,Bitumen(Tar),Dry,Not Applicable,Clear,Yeshwanthaputa BMTC tarminal bus stop,30ft,100mts,13.018537,77.557752,0,0,0.0,0.0
Bengaluru City,Yeshwanthapura Traffic PS,1.04432e+16,2017,1,1,Road Accidents,Narrow road,City/Town,In bazaar,Human Error,No,Simple Injury,Not Applicable,Signals (Not working),Straight and flat,City or Town Road,Bitumen(Tar),Dry,Not Applicable,Clear,BOMBAY DYING,A2B HOTEL,100 FT,13.019937,77.555671,0,0,0.0,0.0
Bengaluru City,Yeshwanthapura Traffic PS,1.04432e+16,2017,1,2,Road Accidents,Narrow road,City/Town,Near a factory industrial area,Human Error,No,Damage Only,Not Applicable,No signal lights,Straight and flat,City or Town Road,Bitumen(Tar),Dry,Not Applicable,Clear,FTI TRAINING,bus stop,50 mtr,13.030265,77.537051,0,0,0.0,0.0
Bengaluru City,Yeshwanthapura Traffic PS,1.04432e+16,2017,1,2,Road Accidents,T Junction,City/Town,Near Bus stop,Human Error,No,Simple Injury,Hit and Run,Signal lights Automatic,Straight and flat,City or Town Road,Bitumen(Tar),Dry,Not Applicable,Clear,Thumkur rd CMTI junction prrnya piay over down ramp near,bus stop,50 mtr,13.030265,77.537051,0,0,0.0,0.0
Bengaluru City,Yeshwanthapura Traffic PS,1.04432e+16,2017,1,2,Road Accidents,Junction,City/Town,Near Bus stop,Human Error,No,Simple Injury,Others,Signal lights Automatic,Straight and flat,City or Town Road,Bitumen(Tar),Dry,Not Applicable,Clear,NH4 GG PALYA,hospital,50 fee,13.028007,77.535801,0,0,0.0,0.0
Bengaluru City,Yeshwanthapura Traffic PS,1.04432e+16,2017,1,2,Road Accidents,Not Applicable,City/Town,Near School or College,Human Error,No,Simple Injury,Run Off Road,Not at  Junction,Not Applicable,City or Town Road,Bitumen(Tar),Dry,Not Applicable,Fine,Pipelane road,National public school,15,13.031305,77.542447,0,0,0.0,0.0
Bengaluru City,Yeshwanthapura Traffic PS,1.04432e+16,2017,1,2,Road Accidents,Junction,City/Town,Near Bus stop,Human Error,No,Simple Injury,Rear end,Signals (Working),Not Applicable,State Highway,Bitumen(Tar),Dry,Not Applicable,Fine,yeshwanthapura bus stop,yesghwanthapura bus stand,50 fee,13.021652,77.553257,0,0,0.0,0.0
Bengaluru City,Yeshwanthapura Traffic PS,1.04432e+16,2017,1,2,Road Accidents,T Junction,City/Town,Near Bus stop,Human Error,Yes,Simple Injury,Hit and Run,Signals (Working),Not Applicable,NH,Bitumen(Tar),Dry,Not Applicable,Fine,mei junction,mei,70,13.024181,77.54844,0,0,0.0,0.0
Bengaluru City,Yeshwanthapura Traffic PS,1.04432e+16,2017,1,2,Road Accidents,Other,City/Town,Near Hospital,Human Error,Yes,Simple Injury,Others,Not at  Junction,Straight and flat,City or Town Road,Bitumen(Tar),Dry,Not Applicable,Clear,plutinum city,HOSPITAL,50 mts,13.032104,77.53417,0,0,0.0,0.0
Bengaluru City,Yeshwanthapura Traffic PS,1.04432e+16,2017,1,2,Not Applicable,Narrow road,City/Town,Near Bus stop,Human Error,No,Damage Only,Overturning,Not Applicable,Straight and flat,City or Town Road,Bitumen(Tar),Dry,Not Applicable,Clear,M E S RING ROAD,MEI FACTORY,50 mts,13.029073,77.539309,0,0,0.0,0.0
Bengaluru City,Yeshwanthapura Traffic PS,1.04432e+16,2017,1,1,Road Accidents,T Junction,City/Town,Near Bus stop,Human Error,Yes,Fatal,Hit and Run,Signals (Working),Straight and flat,City or Town Road,Bitumen(Tar),Dry,Not Applicable,Clear,"CMTI JUNCTION, TUMAKUR ROAD",cmti,50 mts,13.030265,77.537051,0,0,0.0,0.0
Bengaluru City,Yeshwanthapura Traffic PS,1.04432e+16,2017,1,1,Not Applicable,Not Applicable,City/Town,Near Petrol Pump,Human Error,Yes,Simple Injury,Others,Not Applicable,Straight and flat,City or Town Road,Bitumen(Tar),Dry,Not Applicable,Clear,TUMAKUR ROAD PETROL BUNK,PETROL BUNK,100M,13.024181,77.54844,0,0,0.0,0.0
Bengaluru City,Yeshwanthapura Traffic PS,1.04432e+16,2017,1,1,Road Accidents,Narrow road,City/Town,Near Petrol Pump,Human Error,No,Simple Injury,Not Applicable,Police / Manual,Straight and flat,City or Town Road,Bitumen(Tar),Dry,Not Applicable,Clear,TUMKUR ROAD RELIANECE PETROL BUNK,RMC YARD,20 FEE,13.030265,77.537051,0,0,0.0,0.0
Bengaluru City,Yeshwanthapura Traffic PS,1.04432e+16,2017,1,1,Road Accidents,Narrow road,City/Town,In bazaar,Human Error,Yes,Simple Injury,Hit and Run,No signal lights,Straight and flat,City or Town Road,Bitumen(Tar),Dry,Not Applicable,Clear,RMC YARD,APMC,20ft,13.024479,77.54719,0,0,0.0,0.0
Bengaluru City,Yeshwanthapura Traffic PS,1.04432e+16,2017,1,1,Road Accidents,Narrow road,City/Town,Near Bus stop,Human Error,Yes,Fatal,Hit and Run,Signals (Not working),Straight and flat,City or Town Road,Bitumen(Tar),Dry,Not Applicable,Clear,1ST MN,1ST MAIN,20feet,13.023305,77.562874,0,0,0.0,0.0
Bengaluru City,Yeshwanthapura Traffic PS,1.04432e+16,2017,1,1,Road Accidents,Y Junction,City/Town,Near Bus stop,Human Error,Yes,Fatal,Hit and Run,No signal lights,Straight and flat,City or Town Road,Bitumen(Tar),Dry,Not Applicable,Clear,MARAPPANA PALYA,MANDOVI M OTORS,10  FT,13.019169,77.553133,0,0,0.0,0.0
Bengaluru City,Yeshwanthapura Traffic PS,1.04432e+16,2017,1,1,Road Accidents,T Junction,City/Town,Near office complex,Human Error,No,Simple Injury,Others,Police / Manual,Straight and flat,City or Town Road,Bitumen(Tar),Dry,Not Applicable,Clear,tumkur rd RMC yard,bus stop,10ft,13.024181,77.54844,0,0,0.0,0.0
Bengaluru City,Yeshwanthapura Traffic PS,1.04432e+16,2017,1,2,Road Accidents,Bridge,City/Town,Narrow bridge or culverts,Human Error,Yes,Not Applicable,Hit and Run,Not at  Junction,Others,One way,Bitumen(Tar),Dry,Not Applicable,Fine,near srs bus stop,flyover upramp,20,13.032063,77.533998,0,0,0.0,0.0
Bengaluru City,Yeshwanthapura Traffic PS,1.04432e+16,2017,1,2,Road Accidents,Other,City/Town,Near Hospital,Human Error,No,Simple Injury,Others,Not at  Junction,Straight and flat,City or Town Road,Bitumen(Tar),Dry,Not Applicable,Clear,rmc yard,bus stop,50MTRS,13.015986,77.553546,0,0,0.0,0.0
Bengaluru City,Yeshwanthapura Traffic PS,1.04432e+16,2017,1,2,Not Applicable,T Junction,City/Town,Near Petrol Pump,Not Applicable,No,Damage Only,Others,Police / Manual,Steep Incline or Climb,City or Town Road,Bitumen(Tar),Dry,Not Applicable,Clear,C M T I JN,NEAR PETROL PUMP,100 mt,13.030265,77.537051,0,0,0.0,0.0
Bengaluru City,Yeshwanthapura Traffic PS,1.04432e+16,2017,1,3,Road Accidents,T Junction,City/Town,Near a factory industrial area,Human Error,No,Damage Only,Not Applicable,Signals (Working),Straight and flat,City or Town Road,Bitumen(Tar),Dry,Not Applicable,Clear,CMTI JUNCTION,CMTI,20 FEE,13.029073,77.539309,0,0,0.0,0.0
Bengaluru City,Yeshwanthapura Traffic PS,1.04432e+16,2017,1,1,Road Accidents,Narrow road,City/Town,Near Bus stop,Human Error,Yes,Simple Injury,Not Applicable,Not at  Junction,Straight and flat,City or Town Road,Bitumen(Tar),Dry,Not Applicable,Clear,rmc yard,BUS STOP,10 fee,13.024181,77.54844,0,0,0.0,0.0
Bengaluru City,Yeshwanthapura Traffic PS,1.04432e+16,2017,1,2,Road Accidents,Not Applicable,City/Town,Near Bus stop,Human Error,Not Applicable,Simple Injury,Others,Not at  Junction,Not Applicable,City or Town Road,Bitumen(Tar),Dry,Not Applicable,Clear,Tumkur road FLYOVER,VRL OFFICE,10 fee,13.030265,77.537051,0,0,0.0,0.0
Bengaluru City,Yeshwanthapura Traffic PS,1.04432e+16,2017,1,2,Road Accidents,T Junction,City/Town,Near a factory industrial area,Human Error,No,Damage Only,Not Applicable,Signal lights Automatic,Straight and flat,City or Town Road,Bitumen(Tar),Dry,Not Applicable,Clear,TUMKUR ROAD,CMTI,50 FT,13.030265,77.537051,0,0,0.0,0.0