DISTRICTNAME,UNITNAME,Crime_No,Year,RI,Noofvehicle_involved,Accident_Classification,Accident_Spot,Accident_Location,Accident_SubLocation,Main_Cause,Hit_Run,Severity,Collision_Type,Junction_Control,Road_Character,Road_Type,Surface_Type,Surface_Condition,Road_Condition,Weather,Accident_Road,Landmark_first,Distance_LandMark_First,Latitude,Longitude,Road_Condition_Score,Surface_Condition_Score,Surface_Type_Score,Road_Risk_Index
Bengaluru City,Yeshwanthapura Traffic PS,1.04432e+16,2017,1,1,Road Accidents,Y Junction,City/Town,Near office complex,Human Error,No,Simple Injury,Not Applicable,No signal lights,Straight and flat,City or Town Road,Bitumen(Tar),Dry,Not Applicable,Clear,C V RAMAN ROAD,DCP OFFICE,100 FT,13.028224,77.553821,0,0,0.0,0.0
Bengaluru City,Yeshwanthapura Traffic PS,1.04432e+16,2017,1,1,Road Accidents,Narrow road,City/Town,Near office complex,Human Error,Yes,Simple Injury,Not Applicable,Police / Manual,Straight and flat,City or Town Road,Bitumen(Tar),Dry,Not Applicable,Clear,METRO CASH AND CARRY,bus stop,10ft,0.0,0.0,0,0,0.0,0.0
Bengaluru City,Yeshwanthapura Traffic PS,1.04432e+16,2017,1,1,Road Accidents,Narrow road,City/Town,Near a factory industrial area,Human Error,Yes,Fatal,Hit and Run,Signals (Working),Straight and flat,City or Town Road,Bitumen(Tar),Dry,Not Applicable,Clear,RING ROAD,C Q A OFFICE,30 FEE,13.034572,77.54144,0,0,0.0,0.0
Bengaluru City,Yeshwanthapura Traffic PS,1.04432e+16,2017,1,2,Road Accidents,Junction,City/Town,Near Hospital,Human Error,No,Damage Only,Others,Signal lights Automatic,Straight and flat,City or Town Road,Bitumen(Tar),Dry,Not Applicable,Clear,CMTI JN,KLE HOSPITAL,50MTRS,13.018286,77.557688,0,0,0.0,0.0
Bengaluru City,Yeshwanthapura Traffic PS,1.04432e+16,2017,1,1,Road Accidents,T Junction,City/Town,Near Bus stop,Human Error,Yes,Not Applicable,Hit and Run,Not Applicable,Straight and flat,One way,Bitumen(Tar),Dry,Not Applicable,Fine,SRS BUS STOP,peenya bus stand,100 fe,0.0,0.0,0,0,0.0,0.0
Bengaluru City,Yeshwanthapura Traffic PS,1.04432e+16,2017,1,2,Road Accidents,Y Junction,City/Town,Near Bus stop,Human Error,No,Simple Injury,Not Applicable,Not Applicable,Others,City or Town Road,Bitumen(Tar),Dry,Not Applicable,Fine,90 root road,bmtc bus stand,10,0.0,0.0,0,0,0.0,0.0
Bengaluru City,Yeshwanthapura Traffic PS,1.04432e+16,2017,1,2,Road Accidents,Junction,City/Town,Near Hospital,Human Error,Yes,Damage Only,Hit and Run,Signal lights Automatic,Straight and flat,City or Town Road,Bitumen(Tar),Dry,Not Applicable,Clear,goraguntepalya,taj vivantha hotel,50 MTR,13.029073,77.539309,0,0,0.0,0.0
Bengaluru City,Yeshwanthapura Traffic PS,1.04432e+16,2017,1,1,Road Accidents,Other,City/Town,Open area,Human Error,Yes,Grievous Injury,Hit and Run,Not Applicable,Others,City or Town Road,Bitumen(Tar),Dry,Not Applicable,Clear,Tumkur road,SRS Junction,100mtr,13.030265,77.537051,0,0,0.0,0.0
Bengaluru City,Yeshwanthapura Traffic PS,1.04432e+16,2017,1,2,Road Accidents,Cross roads,City/Town,Near Bus stop,Human Error,No,Simple Injury,Others,Not at  Junction,Straight and flat,City or Town Road,Bitumen(Tar),Dry,Not Applicable,Clear,MES ROAD,ATM,50MTRS,0.0,0.0,0,0,0.0,0.0
Bengaluru City,Yeshwanthapura Traffic PS,1.04432e+16,2017,1,2,Road Accidents,Junction,City/Town,Near Hospital,Human Error,No,Damage Only,Others,Signal lights Automatic,Straight and flat,City or Town Road,Bitumen(Tar),Dry,Not Applicable,Clear,GG PALYA,HOSPITAL,50MTRS,13.029073,77.539309,0,0,0.0,0.0
Bengaluru City,Yeshwanthapura Traffic PS,1.04432e+16,2017,1,1,Road Accidents,Y Junction,City/Town,Near Bus stop,Human Error,No,Grievous Injury,Others,Police / Manual,Straight and flat,City or Town Road,Bitumen(Tar),Dry,Not Applicable,Clear,mg complex rd RMC Yard,BUS STOP,100 FT,13.021244,77.548257,0,0,0.0,0.0
Bengaluru City,Yeshwanthapura Traffic PS,1.04432e+16,2017,1,1,Road Accidents,Narrow road,City/Town,In bazaar,Human Error,No,Simple Injury,Others,Police / Manual,Not Applicable,City or Town Road,Bitumen(Tar),Dry,Not Applicable,Clear,MATHIKERE 4TH CROSS,TOUR,200 FT,13.028969,77.561293,0,0,0.0,0.0
Bengaluru City,Yeshwanthapura Traffic PS,1.04432e+16,2017,1,2,Road Accidents,Narrow road,City/Town,Near Bus stop,Human Error,No,Not Applicable,Not Applicable,Signals (Working),Straight and flat,City or Town Road,Bitumen(Tar),Dry,Not Applicable,Clear,NH4 G G PALYA,G G PALYA,100 MT,13.029073,77.539309,0,0,0.0,0.0
Bengaluru City,Yeshwanthapura Traffic PS,1.04432e+16,2017,1,1,Road Accidents,T Junction,City/Town,Near Bus stop,Human Error,No,Simple Injury,Hit and Run,Signals (Working),Straight and flat,City or Town Road,Bitumen(Tar),Dry,Not Applicable,Clear,tumkur road,people tree hospital,10 mts,13.029073,77.539309,0,0,0.0,0.0
Bengaluru City,Yeshwanthapura Traffic PS,1.04432e+16,2017,1,1,Road Accidents,Other,City/Town,Near Bus stop,Human Error,No,Simple Injury,Not Applicable,Not at  Junction,Straight and flat,City or Town Road,Bitumen(Tar),Dry,Not Applicable,Clear,G G PALYA,bus stop,100ft,13.029073,77.539309,0,0,0.0,0.0
Bengaluru City,Yeshwanthapura Traffic PS,1.04432e+16,2017,1,2,Road Accidents,Narrow road,City/Town,Near office complex,Human Error,Yes,Grievous Injury,Rear end,Signal lights Manual,Straight and flat,City or Town Road,Bitumen(Tar),Not Applicable,Not Applicable,Clear,VRL office opposit NH4 Rd,bus stop,50 mtr,13.030265,77.537051,0,0,0.0,0.0
Bengaluru City,Yeshwanthapura Traffic PS,1.04432e+16,2017,1,2,Road Accidents,Other,City/Town,Near Bus stop,Human Error,No,Damage Only,Not Applicable,Not Applicable,Straight and flat,City or Town Road,Bitumen(Tar),Dry,Not Applicable,Clear,Thumkur rd CMTI junction prrnya piay over down ramp near,bus stop,100 FE,13.030265,77.537051,0,0,0.0,0.0
Bengaluru City,Yeshwanthapura Traffic PS,1.04432e+16,2017,1,2,Road Accidents,Narrow road,City/Town,Near a factory industrial area,Human Error,No,Simple Injury,Not Applicable,No signal lights,Straight and flat,Not Applicable,Bitumen(Tar),Dry,Not Applicable,Clear,Madren bread factory,Mandovi motors and kle dentol college,20 fee,13.030265,77.537051,0,0,0.0,0.0
Bengaluru City,Yeshwanthapura Traffic PS,1.04432e+16,2017,1,2,Road Accidents,Not Applicable,City/Town,Near Bus stop,Human Error,No,Simple Injury,Not Applicable,Signal lights Automatic,Straight and flat,Arterial,Bitumen(Tar),Dry,Not Applicable,Clear,thumkur road cmti junction,bus stop,10ft,13.030265,77.537051,0,0,0.0,0.0
Bengaluru City,Yeshwanthapura Traffic PS,1.04432e+16,2017,1,2,Road Accidents,Cross roads,City/Town,In bazaar,Human Error,No,Damage Only,Not Applicable,Not Applicable,Others,NH,Bitumen(Tar),Dry,Not Applicable,Clear,megh store,MEI BUS STAND,10 fee,13.023656,77.548863,0,0,0.0,0.0
Bengaluru City,Yeshwanthapura Traffic PS,1.04432e+16,2017,1,2,Road Accidents,Curves,City/Town,Near a factory industrial area,Human Error,Yes,Damage Only,Hit and Run,Give way sign,Curve,City or Town Road,Bitumen(Tar),Dry,Not Applicable,Clear,yeshwanthpura,vivekananda statue,5mtrs,0.0,0.0,0,0,0.0,0.0
Bengaluru City,Yeshwanthapura Traffic PS,1.04432e+16,2017,1,2,Road Accidents,Narrow road,City/Town,Near Bus stop,Human Error,No,Not Applicable,Hit and Run,Police / Manual,Straight and flat,City or Town Road,Bitumen(Tar),Dry,Not Applicable,Clear,MEI BUS STOP,MEga store,100 mt,13.029073,77.539309,0,0,0.0,0.0
Bengaluru City,Yeshwanthapura Traffic PS,1.04432e+16,2017,1,2,Road Accidents,T Junction,City/Town,Near Bus stop,Human Error,No,Simple Injury,Not Applicable,Signal lights Automatic,Straight and flat,City or Town Road,Bitumen(Tar),Dry,Not Applicable,Clear,CMTI JUNCTION,CMTI,20 FEE,13.030265,77.537051,0,0,0.0,0.0
Bengaluru City,Yeshwanthapura Traffic PS,1.04432e+16,2017,1,2,Road Accidents,Narrow road,City/Town,Near Bus stop,Human Error,No,Damage Only,Others,Not at  Junction,Straight and flat,City or Town Road,Bitumen(Tar),Ditch or Potholed,Not Applicable,Clear,RING ROAD,BUS STOP,50 FEE,13.029073,77.539309,0,5,0.0,5.0
Bengaluru City,Yeshwanthapura Traffic PS,1.04432e+16,2017,1,1,Road Accidents,Narrow road,City/Town,Near Bus stop,Human Error,No,Simple Injury,Not Applicable,Not at  Junction,Straight and flat,City or Town Road,Bitumen(Tar),Dry,Not Applicable,Clear,CORPORATION OFFICE,bus stop,50 mtr,13.028224,77.553821,0,0,0.0,0.0
Bengaluru City,Yeshwanthapura Traffic PS,1.04432e+16,2017,1,2,Road Accidents,Not Applicable,City/Town,Near Bus stop,Vehicle Defect,No,Simple Injury,Not Applicable,Not Applicable,Not Applicable,City or Town Road,Bitumen(Tar),Dry,Not Applicable,Clear,bsnl office near marappanapalya,bus stop,100 FE,13.019169,77.553133,0,0,0.0,0.0
Bengaluru City,Yeshwanthapura Traffic PS,1.04432e+16,2017,1,2,Road Accidents,Y Junction,City/Town,Near office complex,Human Error,No,Grievous Injury,Not Applicable,No signal lights,Straight and flat,City or Town Road,Bitumen(Tar),Dry,Not Applicable,Fine,near cmti,Prabhakar kore convention hall,20,13.03224,77.533926,0,0,0.0,0.0
Bengaluru City,Yeshwanthapura Traffic PS,1.04432e+16,2017,1,2,Road Accidents,Narrow road,City/Town,Near Bus stop,Human Error,No,Not Applicable,Hit and Run,Not Applicable,Not Applicable,City or Town Road,Bitumen(Tar),Not Applicable,Not Applicable,Clear,mathikere bus stand,ayyappa temple,100 mt,13.028969,77.561293,0,0,0.0,0.0
Bengaluru City,Yeshwanthapura Traffic PS,1.04432e+16,2017,1,2,Road Accidents,Narrow road,City/Town,Open area,Human Error,No,Not Applicable,Hit and Run,Not at  Junction,Others,Two way,Bitumen(Tar),Dry,Not Applicable,Fine,yeshwanthapura jamkhana gate,bhel company,0.5,13.019937,77.555671,0,0,0.0,0.0
Bengaluru City,Yeshwanthapura Traffic PS,1.04432e+16,2017,1,2,Road Accidents,Circle,City/Town,Near Bus stop,Human Error,Not Applicable,Damage Only,Others,Controlled,Others,City or Town Road,Bitumen(Tar),Dry,Not Applicable,Clear,yeshwanthpura,Yeshwanthpura Circle,50 mtr,13.018537,77.557752,0,0,0.0,0.0
Bengaluru City,Yeshwanthapura Traffic PS,1.04432e+16,2017,1,2,Road Accidents,Narrow road,City/Town,Near Bus stop,Human Error,No,Simple Injury,Not Applicable,Not Applicable,Straight and flat,City or Town Road,Bitumen(Tar),Dry,Not Applicable,Clear,hmt main road,bmtc bus stand,50 mtr,13.030704,77.560048,0,0,0.0,0.0
Bengaluru City,Yeshwanthapura Traffic PS,1.04432e+16,2017,1,2,Road Accidents,Narrow road,City/Town,Near a factory industrial area,Human Error,No,Fatal,Not Applicable,Not at  Junction,Straight and flat,City or Town Road,Bitumen(Tar),Dry,Not Applicable,Clear,INDUSTRIAL SUB RUB AREA,SUB RUB AREA,0.5 KM,13.029052,77.535071,0,0,0.0,0.0
Bengaluru City,Yeshwanthapura Traffic PS,1.04432e+16,2017,1,2,Road Accidents,Other,City/Town,Near Bus stop,Human Error,No,Grievous Injury,Not Applicable,Not Applicable,Others,City or Town Road,Bitumen(Tar),Dry,Not Applicable,Clear,thmkur rd mack  donad oppsit,bus stop,1 feet,13.033693,77.531241,0,0,0.0,0.0
Bengaluru City,Yeshwanthapura Traffic PS,1.04432e+16,2017,1,2,Road Accidents,Narrow road,City/Town,Near Bus stop,Human Error,No,Simple Injury,Others,Police / Manual,Straight and flat,City or Town Road,Bitumen(Tar),Dry,Not Applicable,Clear,4TH MAIN,GOKULA,30,13.019509,77.558,0,0,0.0,0.0
Bengaluru City,Yeshwanthapura Traffic PS,1.04432e+16,2017,1,1,Road Accidents,Narrow road,City/Town,Near Bus stop,Human Error,No,Simple Injury,Hit and Run,No signal lights,Straight and flat,City or Town Road,Bitumen(Tar),Dry,Not Applicable,Clear,1ST MN,BMTC BUS STOP,100mtr,13.028969,77.561293,0,0,0.0,0.0
Bengaluru City,Yeshwanthapura Traffic PS,1.04432e+16,2017,1,1,Road Accidents,Narrow road,City/Town,Near Bus stop,Human Error,Yes,Fatal,Hit and Run,No signal lights,Straight and flat,City or Town Road,Bitumen(Tar),Dry,Not Applicable,Clear,MARAPPANAPALYA,ULLAS TAKIES,20 MTR,13.019169,77.553133,0,0,0.0,0.0
Bengaluru City,Yeshwanthapura Traffic PS,1.04432e+16,2017,1,1,Road Accidents,T Junction,City/Town,Near Bus stop,Human Error,No,Simple Injury,Others,Signals (Working),Straight and flat,City or Town Road,Bitumen(Tar),Dry,Not Applicable,Clear,YESHWANTHAPURA,YESHWANTHAPURA CIRCLE,10  FT,13.018537,77.557752,0,0,0.0,0.0
Bengaluru City,Yeshwanthapura Traffic PS,1.04432e+16,2017,1,1,Road Accidents,Junction,City/Town,Near Bus stop,Human Error,Not Applicable,Damage Only,Others,Signal lights Manual,Straight and flat,Others,Bitumen(Tar),Dry,Not Applicable,Clear,fti circle,people tree hospital,50mtrs,13.022195,77.53269,0,0,0.0,0.0
Bengaluru City,Yeshwanthapura Traffic PS,1.04432e+16,2017,1,2,Road Accidents,Y Junction,City/Town,Near a factory industrial area,Human Error,No,Grievous Injury,Not Applicable,No signal lights,Curve and Incline,City or Town Road,Bitumen(Tar),Dry,Not Applicable,Clear,TATA INSTITUTE,bhel company,50 fee,13.018537,77.557752,0,0,0.0,0.0
Bengaluru City,Yeshwanthapura Traffic PS,1.04432e+16,2017,1,2,Road Accidents,T Junction,City/Town,Near Bus stop,Human Error,Yes,Simple Injury,Hit and Run,Signals (Working),Straight and flat,City or Town Road,Bitumen(Tar),Dry,Not Applicable,Clear,NH4,g g palya,50 mts,13.029073,77.539309,0,0,0.0,0.0
Bengaluru City,Yeshwanthapura Traffic PS,1.04432e+16,2017,1,2,Road Accidents,T Junction,City/Town,Near Bus stop,Human Error,Yes,Not Applicable,Hit and Run,Not Applicable,Not Applicable,One way,Bitumen(Tar),Dry,Not Applicable,Fine,SRS BUS STOP,CMTI,50 fee,13.022864,77.5507714,0,0,0.0,0.0
Bengaluru City,Yeshwanthapura Traffic PS,1.04432e+16,2017,1,1,Road Accidents,Other,City/Town,Near Hospital,Human Error,No,Damage Only,Others,Not at  Junction,Others,City or Town Road,Bitumen(Tar),Dry,Not Applicable,Clear,RMC YARD TUMAKUR ROAD,BANK,50 fee,13.030265,77.537051,0,0,0.0,0.0
Bengaluru City,Yeshwanthapura Traffic PS,1.04432e+16,2017,1,1,Road Accidents,Y Junction,City/Town,Near School or College,Human Error,No,Fatal,Hit and Run,No signal lights,Straight and flat,One way,Bitumen(Tar),Dry,Not Applicable,Fine,TATA INSTITUTE,TATA INSTITUTE,20 FEE,13.013009,77.562787,0,0,0.0,0.0
Bengaluru City,Yeshwanthapura Traffic PS,1.04432e+16,2017,1,1,Road Accidents,Y Junction,City/Town,Near Bus stop,Human Error,Yes,Grievous Injury,Not Applicable,No signal lights,Straight and flat,City or Town Road,Bitumen(Tar),Dry,Not Applicable,Clear,Marappanapalya bus stop,Govardhan talkies,100 mt,13.019169,77.553133,0,0,0.0,0.0
Bengaluru City,Yeshwanthapura Traffic PS,1.04432e+16,2017,1,2,Road Accidents,Bridge,City/Town,Near Bus stop,Human Error,Not Applicable,Damage Only,Rear end,No signal lights,Not Applicable,City or Town Road,Bitumen(Tar),Dry,Not Applicable,Clear,yeshwanthpura flyover,yesghwanthapura bus stand,100 mt,13.018537,77.557752,0,0,0.0,0.0
Bengaluru City,Yeshwanthapura Traffic PS,1.04432e+16,2017,1,1,Road Accidents,Other,City/Town,Near Hospital,Human Error,Yes,Simple Injury,Others,Not at  Junction,Straight and flat,City or Town Road,Bitumen(Tar),Dry,Not Applicable,Clear,metro ford tumkur road,bus stop,50 mts,13.020293,77.552463,0,0,0.0,0.0
Bengaluru City,Yeshwanthapura Traffic PS,1.04432e+16,2017,1,1,Road Accidents,Not Applicable,City/Town,Near Bus stop,Human Error,No,Simple Injury,Not Applicable,Not Applicable,Straight and flat,City or Town Road,Bitumen(Tar),Dry,Not Applicable,Clear,BFW SARVICES RD,BUS STOP,100MTS,13.032104,77.53417,0,0,0.0,0.0
Bengaluru City,Yeshwanthapura Traffic PS,1.04432e+16,2017,1,2,Road Accidents,Bridge,City/Town,Near office complex,Human Error,No,Simple Injury,Others,Not at  Junction,Straight and flat,City or Town Road,Bitumen(Tar),Dry,Not Applicable,Cloudy,YPR FLY OVER,dcp office,50MTRS,13.018537,77.557752,0,0,0.0,0.0
Bengaluru City,Yeshwanthapura Traffic PS,1.04432e+16,2017,1,2,Not Applicable,Junction,City/Town,Near Bus stop,Human Error,Yes,Simple Injury,Others,Not Applicable,Straight and flat,City or Town Road,Bitumen(Tar),Dry,Not Applicable,Clear,8TH MAIN ROAD ESI FRONT,BUS STOP,100,77.557752,13.018537,0,0,0.0,0.0
Bengaluru City,Yeshwanthapura Traffic PS,1.04432e+16,2017,1,2,Road Accidents,Y Junction,City/Town,Near Bus stop,Human Error,No,Simple Injury,Not Applicable,No signal lights,Hump,City or Town Road,Bitumen(Tar),Dry,Not Applicable,Clear,DOWN RAMP,BMTC BUS STOP,10 FEE,13.01862,77.557784,0,0,0.0,0.0
Bengaluru City,Yeshwanthapura Traffic PS,1.04432e+16,2017,1,2,Road Accidents,Junction,City/Town,Near Bus stop,Human Error,No,Simple Injury,Others,Police / Manual,Straight and flat,City or Town Road,Bitumen(Tar),Dry,Not Applicable,Clear,RMC YARD MAIN GATE,BUS STOP,100mtr,13.024479,77.54719,0,0,0.0,0.0
Bengaluru City,Yeshwanthapura Traffic PS,1.04432e+16,2017,1,1,Road Accidents,Y Junction,City/Town,Near Bus stop,Human Error,No,Damage Only,Not Applicable,Not Applicable,Not Applicable,City or Town Road,Bitumen(Tar),Dry,Not Applicable,Clear,no 671 ashrayanagara SRS back side peenya,near bus stop,100 FT,13.030265,77.537051,0,0,0.0,0.0
Bengaluru City,Yeshwanthapura Traffic PS,1.04432e+16,2017,1,2,Road Accidents,Y Junction,City/Town,Near Bus stop,Human Error,No,Grievous Injury,Not Applicable,Not Applicable,Straight and flat,City or Town Road,Bitumen(Tar),Dry,Not Applicable,Clear,subbayya hospetel near HMT road,bus stop,100 ft,13.028969,77.561293,0,0,0.0,0.0
Bengaluru City,Yeshwanthapura Traffic PS,1.04432e+16,2017,1,2,Road Accidents,Other,City/Town,Near a factory industrial area,Human Error,No,Grievous Injury,Others,Not Applicable,Straight and flat,City or Town Road,Bitumen(Tar),Dry,Not Applicable,Clear,modren bred factory road,bus stop,10ft,13.030265,77.537051,0,0,0.0,0.0
Bengaluru City,Yeshwanthapura Traffic PS,1.04432e+16,2017,1,1,Road Accidents,Narrow road,City/Town,Near Bus stop,Human Error,No,Simple Injury,Hit and Run,Signal lights Automatic,Straight and flat,City or Town Road,Bitumen(Tar),Dry,Not Applicable,Clear,Thumkur rd CMTI junction prrnya piay over down ramp near,near tempal,10ft,13.028049,77.561936,0,0,0.0,0.0
Bengaluru City,Yeshwanthapura Traffic PS,1.04432e+16,2017,1,2,Road Accidents,Narrow road,City/Town,Near Bus stop,Human Error,Not Applicable,Simple Injury,Side swipe,Police / Manual,Straight and flat,NH,Bitumen(Tar),Dry,Not Applicable,Clear,g.g. palya,people tree hospital,100 mt,13.024181,77.54844,0,0,0.0,0.0
Bengaluru City,Yeshwanthapura Traffic PS,1.04432e+16,2017,1,1,Road Accidents,Other,City/Town,Near Bus stop,Human Error,No,Fatal,Others,Not Applicable,Straight and flat,NH,Bitumen(Tar),Dry,Not Applicable,Clear,Tumkur road,Near MEI FActory,100 mt,13.02634,77.544175,0,0,0.0,0.0
Bengaluru City,Yeshwanthapura Traffic PS,1.04432e+16,2017,1,2,Rail Road Accidents,Narrow road,City/Town,Open area,Human Error,No,Grievous Injury,Not Applicable,Not Applicable,Others,Two way,Bitumen(Tar),Dry,Not Applicable,Fine,1st main road  ypr,bombay dying,0.5,13.025289,77.557591,0,0,0.0,0.0
Bengaluru City,Yeshwanthapura Traffic PS,1.04432e+16,2017,1,1,Road Accidents,T Junction,City/Town,Near Bus stop,Human Error,No,Simple Injury,Others,Police / Manual,Steep Incline or Climb,City or Town Road,Bitumen(Tar),Dry,Not Applicable,Clear,R M C YARD,BUS STOP,100 mt,13.021772,77.551631,0,0,0.0,0.0
Bengaluru City,Yeshwanthapura Traffic PS,1.04432e+16,2017,1,1,Road Accidents,Narrow road,City/Town,Near Petrol Pump,Human Error,No,Simple Injury,Not Applicable,No signal lights,Straight and flat,City or Town Road,Bitumen(Tar),Dry,Not Applicable,Clear,TOTAL GAS BUNK,BUNK,20 MTR,13.019169,77.553133,0,0,0.0,0.0
Bengaluru City,Yeshwanthapura Traffic PS,1.04432e+16,2017,1,2,Road Accidents,T Junction,City/Town,Near Bus stop,Human Error,No,Grievous Injury,Others,Signal lights Automatic,Straight and flat,Arterial,Bitumen(Tar),Dry,Not Applicable,Clear,gg palya,bus stop,100 fe,13.029073,77.539309,0,0,0.0,0.0
Bengaluru City,Yeshwanthapura Traffic PS,1.04432e+16,2017,1,7,Road Accidents,Y Junction,City/Town,Near Bus stop,Vehicle Defect,No,Damage Only,Others,Police / Manual,Straight and flat,City or Town Road,Bitumen(Tar),Dry,Not Applicable,Clear,RMC yard 2nd main rd,BUS STOP,100 FT,13.024181,77.54844,0,0,0.0,0.0
Bengaluru City,Yeshwanthapura Traffic PS,1.04432e+16,2017,1,1,Not Applicable,Not Applicable,City/Town,Near Bus stop,Human Error,No,Grievous Injury,Not Applicable,Not at  Junction,Straight and flat,Arterial,Bitumen(Tar),Dry,Not Applicable,Clear,corporation atm near outer ringroad gg palya,bus stop,100ft,13.029073,77.539309,0,0,0.0,0.0
Bengaluru City,Yeshwanthapura Traffic PS,1.04432e+16,2017,1,1,Road Accidents,T Junction,City/Town,Near Bus stop,Human Error,Yes,Simple Injury,Hit and Run,Signals (Working),Others,NH,Bitumen(Tar),Dry,Not Applicable,Fine,SRS BUS STOP,CMTI,0.5,13.033866,77.530914,0,0,0.0,0.0
Bengaluru City,Yeshwanthapura Traffic PS,1.04432e+16,2017,1,2,Road Accidents,Other,City/Town,Near Bus stop,Human Error,No,Damage Only,Others,Not at  Junction,Straight and flat,City or Town Road,Bitumen(Tar),Dry,Not Applicable,Clear,MES ROAD,TATA FACTORY,50 fee,13.029073,77.539309,0,0,0.0,0.0
Bengaluru City,Yeshwanthapura Traffic PS,1.04432e+16,2017,1,1,Road Accidents,Other,City/Town,Near Bus stop,Human Error,No,Simple Injury,Hit pedestrian,Not at  Junction,Others,Two way,Bitumen(Tar),Dry,Not Applicable,Fine,chowdeshwari bus stop,Vanitha collection,10 fee,0.0,0.0,0,0,0.0,0.0
Bengaluru City,Yeshwanthapura Traffic PS,1.04432e+16,2017,1,2,Road Accidents,Junction,City/Town,Near a factory industrial area,Human Error,No,Simple Injury,Not Applicable,Uncontrolled,Not Applicable,One way,Bitumen(Tar),Dry,Not Applicable,Fine,industrial subrub,CMTI COMPANY,15,13.029073,77.539309,0,0,0.0,0.0
Bengaluru City,Yeshwanthapura Traffic PS,1.04432e+16,2017,1,2,Road Accidents,Narrow road,City/Town,Near Bus stop,Human Error,Yes,Simple Injury,Hit and Run,Signals (Working),Straight and flat,NH,Bitumen(Tar),Dry,Not Applicable,Fine,Tumkur road,Taj Vivanta,100 mt,0.0,0.0,0,0,0.0,0.0
Bengaluru City,Yeshwanthapura Traffic PS,1.04432e+16,2017,1,2,Road Accidents,Other,City/Town,Near Bus stop,Human Error,No,Simple Injury,Others,Not at  Junction,Straight and flat,City or Town Road,Bitumen(Tar),Dry,Not Applicable,Clear,RMC YARD U TURN,BANK,50 fee,13.029073,77.539309,0,0,0.0,0.0
Bengaluru City,Yeshwanthapura Traffic PS,1.04432e+16,2017,1,3,Road Accidents,T Junction,City/Town,Near Petrol Pump,Human Error,No,Damage Only,Not Applicable,Police / Manual,Straight and flat,City or Town Road,Bitumen(Tar),Dry,Not Applicable,Clear,MEI,MEI BUS STAND,100 fe,13.026303,77.544196,0,0,0.0,0.0
Bengaluru City,Yeshwanthapura Traffic PS,1.04432e+16,2017,1,1,Road Accidents,Narrow road,City/Town,Near Bus stop,Human Error,No,Grievous Injury,Not Applicable,Not at  Junction,Straight and flat,City or Town Road,Bitumen(Tar),Dry,Not Applicable,Clear,b k nagar 1st main,keshawa takies,20 ft,13.028224,77.553821,0,0,0.0,0.0
Bengaluru City,Yeshwanthapura Traffic PS,1.04432e+16,2017,1,1,Road Accidents,Narrow road,City/Town,Near a factory industrial area,Human Error,Yes,Simple Injury,Hit and Run,No signal lights,Straight and flat,City or Town Road,Bitumen(Tar),Dry,Not Applicable,Others,OUTER RING ROAD,MADRUN BREAD FACTORY,50,13.024997,77.533998,0,0,0.0,0.0
Bengaluru City,Yeshwanthapura Traffic PS,1.04432e+16,2017,1,1,Road Accidents,T Junction,City/Town,Near Bus stop,Human Error,Yes,Fatal,Not Applicable,Not Applicable,Straight and flat,City or Town Road,Bitumen(Tar),Others,Not Applicable,Clear,HALLIMANE HOTEL OPPSIT THUMKUR RD,bus stop,100ft,13.021772,77.551631,0,1,0.0,1.0
Bengaluru City,Yeshwanthapura Traffic PS,1.04432e+16,2017,1,2,Road Accidents,T Junction,City/Town,Near Hospital,Human Error,No,Damage Only,Others,Controlled,Straight and flat,City or Town Road,Bitumen(Tar),Dry,Not Applicable,Clear,Tumkur road,Taj Vivanta,100 mt,13.028666,77.540307,0,0,0.0,0.0
Bengaluru City,Yeshwanthapura Traffic PS,1.04432e+16,2017,1,2,Road Accidents,T Junction,City/Town,Near Hospital,Human Error,No,Simple Injury,Run Off Road,Signals (Working),Not Applicable,One way,Bitumen(Tar),Dry,Not Applicable,Fine,NH4,sparsh hospital,10,13.027432,77.542753,0,0,0.0,0.0
Bengaluru City,Yeshwanthapura Traffic PS,1.04432e+16,2017,1,2,Road Accidents,Narrow road,City/Town,Near a factory industrial area,Human Error,No,Fatal,Side swipe,No signal lights,Straight and flat,City or Town Road,Bitumen(Tar),Dry,Not Applicable,Clear,INDUSTRIAL SUB-RUB ROAD,VRL TOURS AND TRAVELS,50 fee,13.030819,77.531933,0,0,0.0,0.0
Bengaluru City,Yeshwanthapura Traffic PS,1.04432e+16,2017,1,1,Road Accidents,Other,City/Town,Near Bus stop,Human Error,No,Simple Injury,Others,Not at  Junction,Straight and flat,City or Town Road,Bitumen(Tar),Dry,Not Applicable,Clear,NH4 TUMKUR ROAD,TAIKIES,50mtr,13.019169,77.553133,0,0,0.0,0.0