DISTRICTNAME,UNITNAME,Crime_No,Year,RI,Noofvehicle_involved,Accident_Classification,Accident_Spot,Accident_Location,Accident_SubLocation,Main_Cause,Hit_Run,Severity,Collision_Type,Junction_Control,Road_Character,Road_Type,Surface_Type,Surface_Condition,Road_Condition,Weather,Accident_Road,Landmark_first,Distance_LandMark_First,Latitude,Longitude,Road_Condition_Score,Surface_Condition_Score,Surface_Type_Score,Road_Risk_Index
Bengaluru City,Yeshwanthapura Traffic PS,1.04432e+16,2019,1,2,Road Accidents,Circle,City/Town,Near Bus stop,Human Error,No,Simple Injury,Others,Not Applicable,Straight and flat,City or Town Road,Bitumen(Tar),Dry,Not Applicable,Clear,YESHWANTHAPURA CIRCLE,YESHWANTHAPURA CIRCLE,30mtr,13.018537,77.557752,0,0,0.0,0.0
Bengaluru City,Yeshwanthapura Traffic PS,1.04432e+16,2019,1,2,Road Accidents,Other,City/Town,Near Bus stop,Human Error,No,Simple Injury,Others,No signal lights,Straight and flat,City or Town Road,Bitumen(Tar),Dry,Not Applicable,Clear,NEAR LCR SCHOOL 11TH CROSS B K NAGARA,11TH CROSS B K NAGARA,100 FT,13.027812,77.555342,0,0,0.0,0.0
Bengaluru City,Yeshwanthapura Traffic PS,1.04432e+16,2019,1,2,Road Accidents,Junction,City/Town,Near Bus stop,Human Error,No,Damage Only,Not Applicable,Signal lights Manual,Straight and flat,City or Town Road,Bitumen(Tar),Dry,Not Applicable,Clear,TUMKUR ROAD,PEOPLE TREE HOSPITAL,30FEET,13.029831,77.540192,0,0,0.0,0.0
Bengaluru City,Yeshwanthapura Traffic PS,1.04432e+16,2019,1,2,Road Accidents,Junction,City/Town,Near Bus stop,Human Error,Yes,Grievous Injury,Vehicle to Vehicle,Signal lights Automatic,Straight and flat,Others,Bitumen(Tar),Dry,Not Applicable,Clear,INFRONT OF CMTI GATE,TUMUKURU ROAD,100FT,13.030678,77.536961,0,0,0.0,0.0
Bengaluru City,Yeshwanthapura Traffic PS,1.04432e+16,2019,1,2,Road Accidents,Junction,City/Town,Near Hospital,Human Error,No,Grievous Injury,Hit pedestrian,Signal lights Manual,Straight and flat,NH,Bitumen(Tar),Dry,Not Applicable,Clear,TUMAKUR ROAD,POLICE CHAWAKI,50MTRS,13.0291,77.539983,0,0,0.0,0.0
Bengaluru City,Yeshwanthapura Traffic PS,1.04432e+16,2019,1,2,Road Accidents,Not Applicable,City/Town,Near Bus stop,Human Error,Yes,Simple Injury,Vehicle to Vehicle,No signal lights,Gentle Incline or Climb,Not Applicable,Bitumen(Tar),Others,Not Applicable,Clear,cmti bus stop,cmti,20,13.034269,77.530897,0,1,0.0,1.0
Bengaluru City,Yeshwanthapura Traffic PS,1.04432e+16,2020,1,2,Road Accidents,Junction,City/Town,At pedestrian Crossing,Human Error,No,Damage Only,Vehicle to Vehicle,Police / Manual,Not Applicable,NH,Bitumen(Tar),Dry,Not Applicable,Clear,Tumkur road srs junction,SRS SIGNAL LIGHT,10 FT,13.035456,77.53005,0,0,0.0,0.0
Bengaluru City,Yeshwanthapura Traffic PS,1.04432e+16,2020,1,2,Road Accidents,Not Applicable,City/Town,Near Bus stop,Human Error,Yes,Damage Only,Vehicle to Vehicle,Not at  Junction,Others,One way,Bitumen(Tar),Dry,Not Applicable,Clear,cv raman road,ANJANEYA TEMPLE,10 FT,13.014447,77.570995,0,0,0.0,0.0
Bengaluru City,Yeshwanthapura Traffic PS,1.04432e+16,2020,1,1,Road Accidents,Narrow road,City/Town,Near Bus stop,Human Error,No,Simple Injury,Hit pedestrian,Not at  Junction,Straight and flat,Others,Bitumen(Tar),Dry,Not Applicable,Clear,G G PALYA BUS STOP,PEOPLE TREE HOSPITAL,20,13.029096,77.539256,0,0,0.0,0.0
Bengaluru City,Yeshwanthapura Traffic PS,1.04432e+16,2020,1,1,Road Accidents,Narrow road,City/Town,At pedestrian Crossing,Human Error,No,Fatal,Hit pedestrian,Signal lights Automatic,Straight and flat,Major District Road,Bitumen(Tar),Dry,Not Applicable,Clear,TUMKUR ROAD,TAJ HOTEL,10,13.02866,77.540173,0,0,0.0,0.0
Bengaluru City,Yeshwanthapura Traffic PS,1.04432e+16,2020,1,2,Road Accidents,Not Applicable,City/Town,Near Bus stop,Human Error,Yes,Grievous Injury,Vehicle to Vehicle,Not Applicable,Not Applicable,NH,Bitumen(Tar),Dry,Not Applicable,Clear,PEENYA FLYOVER UPRAMP,CMTI JUNCTION,20FT,13.032104,77.53417,0,0,0.0,0.0
Bengaluru City,Yeshwanthapura Traffic PS,1.04432e+16,2020,1,1,Road Accidents,Narrow road,City/Town,Near Bus stop,Human Error,Yes,Simple Injury,Hit pedestrian,No signal lights,Straight and flat,Two way,Bitumen(Tar),Dry,Not Applicable,Clear,MODRUN BREAD FACTORY,FTI FACTORY,20,13.0251295,77.5334092,0,0,0.0,0.0
Bengaluru City,Yeshwanthapura Traffic PS,1.04432e+16,2020,1,2,Road Accidents,Narrow road,City/Town,Near Bus stop,Human Error,Yes,Simple Injury,Vehicle to Vehicle,Not Applicable,Straight and flat,Two way,Bitumen(Tar),Dry,Not Applicable,Clear,TRIVENI ROADA,ICE REAM STORE,20 FT,13.019509,77.558047,0,0,0.0,0.0
Bengaluru City,Yeshwanthapura Traffic PS,1.04432e+16,2020,1,2,Road Accidents,Narrow road,City/Town,Near Bus stop,Human Error,No,Not Applicable,Vehicle to Vehicle,Not at  Junction,Straight and flat,Two way,Bitumen(Tar),Dry,Not Applicable,Others,NEAR ULLAS THEATRE,ROYAN CHICKEN CENTRE,0.5 KM,13.018817,77.5516,0,0,0.0,0.0
Bengaluru City,Yeshwanthapura Traffic PS,1.04432e+16,2020,1,2,Road Accidents,Circle,City/Town,Near Bus stop,Human Error,Yes,Grievous Injury,Vehicle to Vehicle,No signal lights,Straight and flat,Others,Bitumen(Tar),Dry,Not Applicable,Clear,MATTIKERE ROAD,SRI SHAKTI MEDICAL SHOP,50MTRS,13.030074,77.558457,0,0,0.0,0.0
Bengaluru City,Yeshwanthapura Traffic PS,1.04432e+16,2020,1,1,Road Accidents,Narrow road,City/Town,Near Bus stop,Human Error,Yes,Simple Injury,Hit pedestrian,Not at  Junction,Straight and flat,NH,Bitumen(Tar),Dry,Not Applicable,Clear,NEAR CMTI TUMKUR ROAD,CMTI OFFICE COMPOUND,30FEET,13.031625,77.534899,0,0,0.0,0.0
Bengaluru City,Yeshwanthapura Traffic PS,1.04432e+16,2020,1,1,Road Accidents,Narrow road,City/Town,Near office complex,Human Error,Yes,Simple Injury,Hit pedestrian,No signal lights,Straight and flat,NH,Bitumen(Tar),Dry,Not Applicable,Clear,CMTI,cmti,30 FT,13.031681,77.534953,0,0,0.0,0.0
Bengaluru City,Yeshwanthapura Traffic PS,1.04432e+16,2020,1,1,Not Applicable,Not Applicable,City/Town,Near Petrol Pump,Human Error,No,Damage Only,Not Applicable,Not Applicable,Not Applicable,Not Applicable,Not Applicable,Not Applicable,Not Applicable,Clear,OUTER RING ROAD,BHARATH PETROL BUNK,40,13.02237,77.53298,0,0,0.0,0.0
Bengaluru City,Yeshwanthapura Traffic PS,1.04432e+16,2020,1,2,Road Accidents,Narrow road,City/Town,Near Bus stop,Human Error,No,Simple Injury,Not Applicable,No signal lights,Straight and flat,Two way,Bitumen(Tar),Dry,Not Applicable,Others,TRIVENI ROAD,ROOPASHRI BAR,50MTRS,13.023261,77.559383,0,0,0.0,0.0
Bengaluru City,Yeshwanthapura Traffic PS,1.04432e+16,2020,1,2,Road Accidents,Narrow road,City/Town,Narrow bridge or culverts,Human Error,No,Simple Injury,Vehicle to Vehicle,Not at  Junction,Others,NH,Bitumen(Tar),Dry,Not Applicable,Clear,TUMKUR ROAD NEAR CMTI,CMTI BUS STOP,20 FT,13.0323388,77.5343726,0,0,0.0,0.0
Bengaluru City,Yeshwanthapura Traffic PS,1.04432e+16,2020,1,1,Road Accidents,Narrow road,City/Town,Residential area,Human Error,Yes,Simple Injury,Hit pedestrian,No signal lights,Straight and flat,One way,Bitumen(Tar),Dry,Not Applicable,Clear,PLATINUM CITY,BUS STOP,30,13.025065,77.534254,0,0,0.0,0.0
Bengaluru City,Yeshwanthapura Traffic PS,1.04432e+16,2020,1,1,Road Accidents,Narrow road,City/Town,Near office complex,Human Error,Yes,Simple Injury,Hit pedestrian,Not at  Junction,Straight and flat,Two way,Bitumen(Tar),Dry,Not Applicable,Clear,RTO OFFICE ROAD,RTO OFFICE,20 FT,13.0200391,77.5542541,0,0,0.0,0.0
Bengaluru City,Yeshwanthapura Traffic PS,1.04432e+16,2020,1,2,Road Accidents,Narrow road,City/Town,Near Bus stop,Human Error,Yes,Grievous Injury,Vehicle to Vehicle,No signal lights,Not Applicable,Others,Bitumen(Tar),Dry,Not Applicable,Clear,MES RING ROAD,BUS STOP,30FEET,13.021652,77.553257,0,0,0.0,0.0
Bengaluru City,Yeshwanthapura Traffic PS,1.04432e+16,2020,1,1,Road Accidents,Junction,City/Town,Near Petrol Pump,Human Error,Not Applicable,Fatal,Not Applicable,Uncontrolled,Straight and flat,Not Applicable,Bitumen(Tar),Dry,Not Applicable,Not Applicable,TUMKUR ROAD NEAR MEI JUNCTION,MEI PETROL BUNK,05 FT,13.026143,77.545023,0,0,0.0,0.0
Bengaluru City,Yeshwanthapura Traffic PS,1.04432e+16,2020,1,1,Road Accidents,Narrow road,City/Town,In bazaar,Human Error,Yes,Fatal,Hit pedestrian,Signal lights Automatic,Straight and flat,One way,Bitumen(Tar),Dry,Not Applicable,Clear,bazar road,masque,10 FEE,13.019944,77.555631,0,0,0.0,0.0
Bengaluru City,Yeshwanthapura Traffic PS,1.04432e+16,2020,1,2,Road Accidents,Not Applicable,City/Town,Near Bus stop,Human Error,Yes,Simple Injury,Vehicle to Vehicle,Not at  Junction,Straight and flat,Mixed,Bitumen(Tar),Dry,Not Applicable,Clear,MARAPPANAPALYA NEAR SOAP FACTORY UNDER PASS,GARMENTS,10FEET,13.021612,77.551812,0,0,0.0,0.0
Bengaluru City,Yeshwanthapura Traffic PS,1.04432e+16,2020,1,5,Road Accidents,Narrow road,City/Town,Near Bus stop,Human Error,No,Simple Injury,Vehicle to Vehicle,No signal lights,Straight and flat,One way,Bitumen(Tar),Dry,Not Applicable,Clear,TUMKUR ROAD,Yeshwanthapura METRO STATION,50ft,13.022864,77.550714,0,0,0.0,0.0
Bengaluru City,Yeshwanthapura Traffic PS,1.04432e+16,2020,1,2,Road Accidents,Narrow road,City/Town,Near a factory industrial area,Human Error,Yes,Simple Injury,Vehicle to Vehicle,No signal lights,Straight and flat,State Highway,Bitumen(Tar),Dry,Not Applicable,Clear,TUMKUR ROAD NEAR SPARSHA HOSPITAL,SPARSHA HOSPITAL,10 FEE,13.027477,77.542777,0,0,0.0,0.0
Bengaluru City,Yeshwanthapura Traffic PS,1.04432e+16,2020,1,2,Road Accidents,Narrow road,City/Town,Near Bus stop,Human Error,No,Simple Injury,Vehicle to Vehicle,Not at  Junction,Straight and flat,Two way,Bitumen(Tar),Dry,Not Applicable,Clear,hmt main road,MAthikere fly over,0.5 km,13.038069,77.557409,0,0,0.0,0.0
Bengaluru City,Yeshwanthapura Traffic PS,1.04432e+16,2020,1,2,Road Accidents,Junction,City/Town,Near Bus stop,Human Error,No,Damage Only,Vehicle to Vehicle,Signal lights Automatic,Straight and flat,NH,Bitumen(Tar),Dry,Not Applicable,Clear,CMTI JUNCTION,CMTI,20,13.030265,77.537051,0,0,0.0,0.0
Bengaluru City,Yeshwanthapura Traffic PS,1.04432e+16,2020,1,1,Road Accidents,Junction,City/Town,Near Bus stop,Human Error,No,Simple Injury,Hit bicyclist,Signal lights Automatic,Straight and flat,State Highway,Bitumen(Tar),Dry,Not Applicable,Clear,G G PALYA JUNCTION,TAJ HOTEL,10,13.028729,77.540187,0,0,0.0,0.0
Bengaluru City,Yeshwanthapura Traffic PS,1.04432e+16,2020,1,1,Road Accidents,Narrow road,City/Town,Near a factory industrial area,Human Error,Not Applicable,Fatal,Not Applicable,Uncontrolled,Straight and flat,Others,Bitumen(Tar),Dry,Not Applicable,Very Cold,CV RAMAN ROAD,BHEL,20 FT,13.0145358,77.5687394,0,0,0.0,0.0
Bengaluru City,Yeshwanthapura Traffic PS,1.04432e+16,2020,1,2,Road Accidents,Narrow road,City/Town,Near Bus stop,Human Error,No,Simple Injury,Vehicle to Vehicle,Signals (Working),Straight and flat,NH,Bitumen(Tar),Dry,Not Applicable,Clear,TUMKUR ROAD,SRS BUS STOP,30FEET,13.034676,77.529823,0,0,0.0,0.0
Bengaluru City,Yeshwanthapura Traffic PS,1.04432e+16,2020,1,2,Road Accidents,Narrow road,City/Town,Near Hospital,Human Error,No,Damage Only,Vehicle to Vehicle,Signals (Working),Straight and flat,Not Applicable,Bitumen(Tar),Dry,Not Applicable,Clear,Thumkur rd  g g palya circle,people tree hospital,10 FT,13.035979,77.323343,0,0,0.0,0.0
Bengaluru City,Yeshwanthapura Traffic PS,1.04432e+16,2020,1,2,Road Accidents,Narrow road,City/Town,Near Bus stop,Human Error,No,Simple Injury,Vehicle to Vehicle,Signals (Working),Straight and flat,NH,Bitumen(Tar),Dry,Not Applicable,Clear,cmti junction,CHIEF ENGINEER AIRFORCE OFFICE,10,13.030265,77.537051,0,0,0.0,0.0
Bengaluru City,Yeshwanthapura Traffic PS,1.04432e+16,2020,1,2,Road Accidents,Narrow road,City/Town,Near Bus stop,Human Error,No,Simple Injury,Vehicle to Vehicle,No signal lights,Others,State Highway,Bitumen(Tar),Dry,Not Applicable,Clear,MARAPPANAPALYA,BUS STOP,30FEET,13.017576,77.553778,0,0,0.0,0.0
Bengaluru City,Yeshwanthapura Traffic PS,1.04432e+16,2020,1,2,Road Accidents,Narrow road,City/Town,Near a factory industrial area,Human Error,No,Simple Injury,Vehicle to Vehicle,Not Applicable,Straight and flat,NH,Bitumen(Tar),Dry,Not Applicable,Clear,NEAR CMTI,CMTI BUS STOP,50,0.0,0.0,0,0,0.0,0.0
Bengaluru City,Yeshwanthapura Traffic PS,1.04432e+16,2020,1,2,Road Accidents,Narrow road,City/Town,Near Bus stop,Human Error,Yes,Simple Injury,Vehicle to Vehicle,Signal lights Automatic,Straight and flat,State Highway,Bitumen(Tar),Dry,Not Applicable,Clear,tumkur road,people tree hospital,20 fee,13.2976,77.538727,0,0,0.0,0.0
Bengaluru City,Yeshwanthapura Traffic PS,1.04432e+16,2020,1,2,Road Accidents,Narrow road,City/Town,Residential area,Human Error,Yes,Fatal,Vehicle to Vehicle,Not at  Junction,Not Applicable,Others,Bitumen(Tar),Wet,Not Applicable,Clear,BFW CROSS ROAD,NEAR PEENYA METRO STATION,30,13.032986,77.533825,0,3,0.0,3.0
Bengaluru City,Yeshwanthapura Traffic PS,1.04432e+16,2020,1,2,Road Accidents,Narrow road,City/Town,Residential area,Human Error,Yes,Fatal,Vehicle to Vehicle,Not at  Junction,Straight and flat,Others,Bitumen(Tar),Dry,Not Applicable,Clear,BFW CROSS ROAD,NEAR PEENYA METRO STATION,40,13.033729,77.534132,0,0,0.0,0.0
Bengaluru City,Yeshwanthapura Traffic PS,1.04432e+16,2020,1,2,Road Accidents,Narrow road,City/Town,Residential area,Human Error,Yes,Simple Injury,Vehicle to Vehicle,No signal lights,Others,Others,Bitumen(Tar),Dry,Not Applicable,Clear,HMT MAIN ROAD,AYYAPPA TEMPLE,40,13.02283,77.56301,0,0,0.0,0.0
Bengaluru City,Yeshwanthapura Traffic PS,1.04432e+16,2020,1,1,Road Accidents,Narrow road,City/Town,Near Bus stop,Human Error,No,Simple Injury,Hit pedestrian,Not Applicable,Straight and flat,Two way,Bitumen(Tar),Dry,Not Applicable,Clear,hmt main road,MSR BUS STOP,40,13.0321317,77.5602948,0,0,0.0,0.0
Bengaluru City,Yeshwanthapura Traffic PS,1.04432e+16,2020,1,2,Road Accidents,Junction,City/Town,Near Hospital,Human Error,No,Damage Only,Vehicle to Vehicle,Signal lights Automatic,Straight and flat,NH,Bitumen(Tar),Dry,Not Applicable,Not Applicable,TUMKUR ROAD CMTI JUNCTION,PEOPLE TREE HOSPITAL,100 FT,13.030291,77.537271,0,0,0.0,0.0
Bengaluru City,Yeshwanthapura Traffic PS,1.04432e+16,2020,1,2,Road Accidents,Narrow road,City/Town,Near Bus stop,Human Error,Yes,Simple Injury,Vehicle to Vehicle,No signal lights,Straight and flat,Service Road,Bitumen(Tar),Dry,Not Applicable,Clear,TUMKUR MAIN ROAD  BSNL SERVICE ROAD,BSNL OFFICE,20,13.018406,77.553208,0,0,0.0,0.0
Bengaluru City,Yeshwanthapura Traffic PS,1.04432e+16,2020,1,1,Road Accidents,Narrow road,City/Town,Near Bus stop,Human Error,Yes,Damage Only,Not Applicable,Not Applicable,Others,Not Applicable,Bitumen(Tar),Dry,Not Applicable,Clear,MEI ROAD,MEI FACTORY,20 FT,13.025433,77.54369,0,0,0.0,0.0
Bengaluru City,Yeshwanthapura Traffic PS,1.04432e+16,2020,1,2,Road Accidents,Narrow road,City/Town,Near Bus stop,Human Error,Yes,Simple Injury,Not Applicable,Signal lights Automatic,Straight and flat,State Highway,Bitumen(Tar),Dry,Not Applicable,Clear,TUMAKUR ROAD,MEI FACTORY,20 FT,77.544255,13.026498,0,0,0.0,0.0
Bengaluru City,Yeshwanthapura Traffic PS,1.04432e+16,2020,1,1,Road Accidents,Narrow road,City/Town,Near Bus stop,Human Error,No,Simple Injury,Hit pedestrian,No signal lights,Straight and flat,Others,Bitumen(Tar),Dry,Not Applicable,Clear,TRIVENI ROAD,VENKATESHWARA CHOTRI,50 mtr,13.019509,77.558047,0,0,0.0,0.0
Bengaluru City,Yeshwanthapura Traffic PS,1.04432e+16,2020,1,2,Road Accidents,Not Applicable,City/Town,Open area,Human Error,No,Damage Only,Vehicle to Vehicle,No signal lights,Not Applicable,Others,Bitumen(Tar),Dry,Not Applicable,Clear,NEAR MARAPPANA PALYA TUMKUR ROAD,Mandovi motors,30 FT,13.017685,77.553693,0,0,0.0,0.0
Bengaluru City,Yeshwanthapura Traffic PS,1.04432e+16,2020,1,2,Road Accidents,Narrow road,City/Town,Near Bus stop,Human Error,No,Simple Injury,Vehicle to Vehicle,Signal lights Automatic,Not Applicable,Two way,Bitumen(Tar),Dry,Not Applicable,Clear,MATHIKERE BUS STOP,BUS STOP,50,13.037475,77.55756,0,0,0.0,0.0
Bengaluru City,Yeshwanthapura Traffic PS,1.04432e+16,2020,1,2,Road Accidents,Narrow road,City/Town,Near Bus stop,Human Error,Yes,Simple Injury,Vehicle to Vehicle,Not Applicable,Straight and flat,Service Road,Bitumen(Tar),Dry,Not Applicable,Clear,RMC YARD TUMKUR ROAD,CORPORATION BANK,15 FEE,13.027656,77.541324,0,0,0.0,0.0
Bengaluru City,Yeshwanthapura Traffic PS,1.04432e+16,2020,1,2,Road Accidents,Narrow road,City/Town,Near Bus stop,Human Error,Yes,Simple Injury,Vehicle to Vehicle,No signal lights,Straight and flat,One way,Bitumen(Tar),Dry,Not Applicable,Clear,NEARRMC YARD POLICE STATION,RMC YAR PS,10,13.022885,77.549981,0,0,0.0,0.0
Bengaluru City,Yeshwanthapura Traffic PS,1.04432e+16,2020,1,2,Road Accidents,Circle,City/Town,Near Bus stop,Human Error,No,Simple Injury,Vehicle to Vehicle,Signals (Working),Straight and flat,One way,Bitumen(Tar),Dry,Not Applicable,Clear,YESHWANTHAPURA CIRCLE,BMTC BUS STOP,10 FEE,13.017064,77.556597,0,0,0.0,0.0
Bengaluru City,Yeshwanthapura Traffic PS,1.04432e+16,2020,1,2,Road Accidents,Narrow road,City/Town,Near Bus stop,Human Error,Yes,Fatal,Vehicle to Vehicle,Not Applicable,Straight and flat,Two way,Bitumen(Tar),Dry,Not Applicable,Not Applicable,HMT ROAD,SABASTIAN APARTMENT,40,13.024767,77.562486,0,0,0.0,0.0
Bengaluru City,Yeshwanthapura Traffic PS,1.04432e+16,2020,1,2,Road Accidents,Narrow road,City/Town,In bazaar,Human Error,No,Simple Injury,Vehicle to Vehicle,No signal lights,Straight and flat,One way,Bitumen(Tar),Dry,Not Applicable,Clear,bazar road,CAUVERY TRADERS,40,13.019828,77.554595,0,0,0.0,0.0
Bengaluru City,Yeshwanthapura Traffic PS,1.04432e+16,2020,1,3,Road Accidents,Junction,City/Town,Near a recreation place/cinema,Human Error,No,Fatal,Not Applicable,No signal lights,Straight and flat,Two way,Bitumen(Tar),Dry,Not Applicable,Clear,MES RING ROAD,BYRAVESHWARA WINE SHOP,40,13.04296,77.54911,0,0,0.0,0.0
Bengaluru City,Yeshwanthapura Traffic PS,1.04432e+16,2020,1,2,Road Accidents,Narrow road,City/Town,Near a factory industrial area,Human Error,No,Simple Injury,Vehicle to Vehicle,Not at  Junction,Straight and flat,Others,Bitumen(Tar),Dry,Not Applicable,Clear,MES RING ROAD,MAGNAM HONDA,20 FT,13.023779,77.054264,0,0,0.0,0.0
Bengaluru City,Yeshwanthapura Traffic PS,1.04432e+16,2020,1,2,Road Accidents,Circle,City/Town,Near Hospital,Human Error,Yes,Simple Injury,Vehicle to Vehicle,Signal lights Automatic,Straight and flat,State Highway,Bitumen(Tar),Dry,Not Applicable,Clear,TUMKUR ROAD,PEOPLE TREE HOSPITAL,10 FEE,13.029813,77.540198,0,0,0.0,0.0
Bengaluru City,Yeshwanthapura Traffic PS,1.04432e+16,2020,1,2,Road Accidents,Narrow road,City/Town,Near office complex,Human Error,Yes,Simple Injury,Vehicle to Vehicle,Not at  Junction,Straight and flat,State Highway,Bitumen(Tar),Dry,Not Applicable,Clear,NEAR CQAE OFFICE,NEAR TAJ HOTEL,50,13.030007,77.540332,0,0,0.0,0.0
Bengaluru City,Yeshwanthapura Traffic PS,1.04432e+16,2020,1,2,Road Accidents,Narrow road,City/Town,Open area,Human Error,Yes,Not Applicable,Vehicle to Vehicle,Not Applicable,Straight and flat,Not Applicable,Bitumen(Tar),Dry,Not Applicable,Clear,KARNATAKA CANCER HOSPITAL,MEI FACTORY,40 FT,13.023832,77.542735,0,0,0.0,0.0
Bengaluru City,Yeshwanthapura Traffic PS,1.04432e+16,2020,1,2,Road Accidents,Narrow road,City/Town,Near Bus stop,Human Error,Yes,Simple Injury,Vehicle to Vehicle,Signal lights Automatic,Others,Not Applicable,Bitumen(Tar),Dry,Not Applicable,Clear,MEI JUNCTION TUMKUR ROAD,MEI BUS STOP,30FEET,13.024243,77.548367,0,0,0.0,0.0
Bengaluru City,Yeshwanthapura Traffic PS,1.04432e+16,2020,1,2,Road Accidents,Narrow road,City/Town,Near Bus stop,Human Error,Yes,Grievous Injury,Vehicle to Vehicle,No signal lights,Straight and flat,Not Applicable,Bitumen(Tar),Dry,Not Applicable,Clear,Tumkur road,MARAPPANA PALYA BUS STOP,10 FT,13.018304,77.553526,0,0,0.0,0.0
Bengaluru City,Yeshwanthapura Traffic PS,1.04432e+16,2020,1,2,Road Accidents,Junction,City/Town,Near Bus stop,Human Error,Yes,Simple Injury,Vehicle to Vehicle,Controlled,Others,NH,Bitumen(Tar),Dry,Not Applicable,Clear,CMTI JUNCTION,CMTI BUS STOP,30FEET,13.030265,77.537051,0,0,0.0,0.0
Bengaluru City,Yeshwanthapura Traffic PS,1.04432e+16,2020,1,2,Road Accidents,Curves,City/Town,Near Bus stop,Human Error,Not Applicable,Grievous Injury,Not Applicable,Uncontrolled,Curve,Others,Bitumen(Tar),Dry,Not Applicable,Clear,YESHWANTHAPURA FLYOVER,BUS STOP,20 FT,13.032104,77.53417,0,0,0.0,0.0
Bengaluru City,Yeshwanthapura Traffic PS,1.04432e+16,2020,1,1,Road Accidents,Narrow road,City/Town,Near Bus stop,Human Error,No,Not Applicable,Not Applicable,No signal lights,Straight and flat,Others,Bitumen(Tar),Dry,Not Applicable,Clear,MES RING ROAD,PARIMALA TOWER,50 ft,13.032205,77.540662,0,0,0.0,0.0
Bengaluru City,Yeshwanthapura Traffic PS,1.04432e+16,2020,1,1,Road Accidents,Narrow road,City/Town,Near office complex,Human Error,Yes,Grievous Injury,Hit pedestrian,Not at  Junction,Others,One way,Bitumen(Tar),Dry,Not Applicable,Clear,Near salapuria apartement,INDIRA CANTEEN NEAR,50 mtr,13.016627,77.5609437,0,0,0.0,0.0
Bengaluru City,Yeshwanthapura Traffic PS,1.04432e+16,2020,1,2,Road Accidents,Narrow road,City/Town,Near a factory industrial area,Human Error,Yes,Fatal,Not Applicable,Not Applicable,Straight and flat,Residential Street,Bitumen(Tar),Dry,Not Applicable,Not Applicable,MES ROAD,CQAE OFFICE NEAR,50 mtr,0.0,0.0,0,0,0.0,0.0
Bengaluru City,Yeshwanthapura Traffic PS,1.04432e+16,2020,1,2,Road Accidents,Narrow road,City/Town,Open area,Human Error,Yes,Damage Only,Vehicle to Vehicle,Not Applicable,Straight and flat,Not Applicable,Bitumen(Tar),Dry,Not Applicable,Clear,TRIVENI ROAD,ROOPASHREE BAR,40FEET,13.02323,77.559372,0,0,0.0,0.0
Bengaluru City,Yeshwanthapura Traffic PS,1.04432e+16,2020,1,1,Road Accidents,Narrow road,City/Town,Near Bus stop,Human Error,Yes,Simple Injury,Vehicle to Vehicle,Signals (Working),Not Applicable,Others,Bitumen(Tar),Dry,Not Applicable,Clear,YESHWANTHAPURA BUS STOP,YESHWANTHAPURA PS,40FEET,13.018537,77.557752,0,0,0.0,0.0
Bengaluru City,Yeshwanthapura Traffic PS,1.04432e+16,2020,1,2,Road Accidents,Narrow road,City/Town,Near Bus stop,Human Error,No,Grievous Injury,Vehicle to Vehicle,No signal lights,Others,Others,Bitumen(Tar),Dry,Not Applicable,Clear,TUMKUR ROAD NEAR RAILWAY STATION,MARAPPANA PALYA BUS STOP,20 FT,13.019169,77.553133,0,0,0.0,0.0
Bengaluru City,Yeshwanthapura Traffic PS,1.04432e+16,2020,1,2,Road Accidents,Junction,City/Town,In bazaar,Human Error,Yes,Grievous Injury,Vehicle to Vehicle,No signal lights,Straight and flat,Two way,Bitumen(Tar),Dry,Not Applicable,Clear,Yeshwanthapura bazaR road,1ST MAIN,0.5 KM,13.019937,77.555671,0,0,0.0,0.0
Bengaluru City,Yeshwanthapura Traffic PS,1.04432e+16,2020,1,2,Road Accidents,Cross roads,City/Town,In bazaar,Human Error,Yes,Simple Injury,Vehicle to Vehicle,Not Applicable,Not Applicable,Mixed,Bitumen(Tar),Dry,Not Applicable,Clear,near metro cash and carry,met,30FEET,13.013727,77.554968,0,0,0.0,0.0
Bengaluru City,Yeshwanthapura Traffic PS,1.04432e+16,2020,1,2,Road Accidents,Not Applicable,City/Town,Narrow bridge or culverts,Human Error,Not Applicable,Simple Injury,Vehicle to Vehicle,No signal lights,Not Applicable,One way,Bitumen(Tar),Dry,Not Applicable,Clear,C V RAMAN ROAD,MUNISWAMAPPA KALYANA MANTAPA,30FEET,13.017008,77.5542997,0,0,0.0,0.0
Bengaluru City,Yeshwanthapura Traffic PS,1.04432e+16,2020,1,2,Road Accidents,Not Applicable,City/Town,Near Bus stop,Human Error,No,Simple Injury,Vehicle to Vehicle,Not at  Junction,Slight Curve,Two way,Bitumen(Tar),Dry,Not Applicable,Clear,YESHWANTHAPURA FLYOVER,BMTC BUS STOP,40,13.018537,77.557752,0,0,0.0,0.0
Bengaluru City,Yeshwanthapura Traffic PS,1.04432e+16,2020,1,1,Road Accidents,Not Applicable,City/Town,Near Bus stop,Human Error,Not Applicable,Fatal,Not Applicable,Not at  Junction,Not Applicable,Others,Bitumen(Tar),Dry,Not Applicable,Clear,MARAPPANAPALYA U TURN,KARLE FACTORY,50,77.553988,13.016057,0,0,0.0,0.0
Bengaluru City,Yeshwanthapura Traffic PS,1.04432e+16,2020,1,2,Road Accidents,Cross roads,City/Town,Near a factory industrial area,Human Error,Yes,Fatal,Vehicle to Vehicle,No signal lights,Straight and flat,Others,Bitumen(Tar),Dry,Not Applicable,Others,RMC YARD ROAD,RMC YARD 1ST GATE,20FT,13.0208736,77.547077,0,0,0.0,0.0