DISTRICTNAME,UNITNAME,Crime_No,Year,RI,Noofvehicle_involved,Accident_Classification,Accident_Spot,Accident_Location,Accident_SubLocation,Main_Cause,Hit_Run,Severity,Collision_Type,Junction_Control,Road_Character,Road_Type,Surface_Type,Surface_Condition,Road_Condition,Weather,Accident_Road,Landmark_first,Distance_LandMark_First,Latitude,Longitude,Road_Condition_Score,Surface_Condition_Score,Surface_Type_Score,Road_Risk_Index
Bengaluru City,Yeshwanthapura Traffic PS,1.04432e+16,2020,1,2,Road Accidents,Narrow road,City/Town,Near Bus stop,Human Error,Yes,Simple Injury,Vehicle to Vehicle,Not at  Junction,Straight and flat,Others,Bitumen(Tar),Dry,Not Applicable,Clear,MES RING ROAD,CQWA OFFICE,50 ft,13.02382092,77.56077621,0,0,0.0,0.0
Bengaluru City,Yeshwanthapura Traffic PS,1.04432e+16,2020,1,1,Road Accidents,Narrow road,City/Town,Near Bus stop,Human Error,Yes,Damage Only,Not Applicable,Signal lights Automatic,Straight and flat,Mixed,Bitumen(Tar),Dry,Not Applicable,Clear,MES RING ROAD,HEIDELBERG PROMINENT FLUID CONTROLS INDIA PVT LTD,40,13.024181,77.54844,0,0,0.0,0.0
Bengaluru City,Yeshwanthapura Traffic PS,1.04432e+16,2020,1,1,Road Accidents,Narrow road,City/Town,In bazaar,Human Error,Yes,Grievous Injury,Hit pedestrian,No signal lights,Straight and flat,Not Applicable,Bitumen(Tar),Dry,Not Applicable,Clear,RMC YARD,RMC YARD,20ft,13.020816,77.548916,0,0,0.0,0.0
Bengaluru City,Yeshwanthapura Traffic PS,1.04432e+16,2020,1,2,Road Accidents,Curves,City/Town,Open area,Human Error,Not Applicable,Simple Injury,Vehicle to Vehicle,Not Applicable,Curve,One way,Bitumen(Tar),Dry,Not Applicable,Fine,MUTHYALANAGAR RAILWAY FLY OVER,KEB POLE,6 FEET,13.040402,77.547929,0,0,0.0,0.0
Bengaluru City,Yeshwanthapura Traffic PS,1.04432e+16,2020,1,1,Road Accidents,Narrow road,City/Town,In bazaar,Human Error,Yes,Grievous Injury,Hit animal,Not at  Junction,Straight and flat,Two way,Bitumen(Tar),Dry,Not Applicable,Fine,YESHWANTHAPURA BAZAR,NEAR SHREE MOTOR GARAGE,30FEET,13.03201,77.553243,0,0,0.0,0.0
Bengaluru City,Yeshwanthapura Traffic PS,1.04432e+16,2020,1,2,Road Accidents,Narrow road,City/Town,Near a factory industrial area,Human Error,Yes,Fatal,Vehicle to Vehicle,No signal lights,Straight and flat,Major District Road,Bitumen(Tar),Dry,Not Applicable,Clear,MES RING ROAD,CQAE OFFICE,100 FT,13.036556,77.541659,0,0,0.0,0.0
Bengaluru City,Yeshwanthapura Traffic PS,1.04432e+16,2020,1,2,Road Accidents,Junction,City/Town,In bazaar,Human Error,Not Applicable,Simple Injury,Vehicle to Vehicle,Not at  Junction,Straight and flat,Others,Bitumen(Tar),Dry,Not Applicable,Clear,KN EXTENTION ROAD,KN EXTENTION,30 FEE,13.02316,77.556881,0,0,0.0,0.0
Bengaluru City,Yeshwanthapura Traffic PS,1.04432e+16,2020,1,2,Road Accidents,Narrow road,City/Town,Near Bus stop,Human Error,Yes,Simple Injury,Vehicle to Vehicle,No signal lights,Others,Not Applicable,Bitumen(Tar),Dry,Not Applicable,Clear,Tumkur road service road,Hallimane Hotel,20,13.0224844,77.555504,0,0,0.0,0.0
Bengaluru City,Yeshwanthapura Traffic PS,1.04432e+16,2020,1,1,Road Accidents,Not Applicable,City/Town,Residential area,Human Error,No,Simple Injury,Not Applicable,Not at  Junction,Straight and flat,Mixed,Bitumen(Tar),Dry,Not Applicable,Others,SANNAPPA ROAD,MILK STORE,10 FEE,13.029073,77.539309,0,0,0.0,0.0
Bengaluru City,Yeshwanthapura Traffic PS,1.04432e+16,2020,1,2,Road Accidents,Narrow road,City/Town,Near Bus stop,Human Error,Yes,Simple Injury,Vehicle to Vehicle,No signal lights,Straight and flat,State Highway,Bitumen(Tar),Dry,Not Applicable,Clear,TUMKUR MAIN ROAD  NEARMARAPPANA PALYA,METRO STATION,10ft,0.0,0.0,0,0,0.0,0.0
Bengaluru City,Yeshwanthapura Traffic PS,1.04432e+16,2020,1,2,Road Accidents,Not Applicable,City/Town,Near Bus stop,Vehicle Defect,Yes,Simple Injury,Vehicle to Vehicle,Not at  Junction,Straight and flat,Service Road,Bitumen(Tar),Dry,Not Applicable,Clear,MARAPPANAPALYA NEAR SOAP FACTORY UNDER PASS,SOAP FACTORY,30FEET,13.019169,77.553133,0,0,0.0,0.0
Bengaluru City,Yeshwanthapura Traffic PS,1.04432e+16,2020,1,2,Road Accidents,Junction,City/Town,Near Bus stop,Human Error,No,Fatal,Vehicle to Vehicle,Signals (Working),Straight and flat,NH,Bitumen(Tar),Dry,Not Applicable,Clear,Tumkur road,gokula DAS AND KLE DENTAL COLLEGE,10 FT,13.0290111,77.5373963,0,0,0.0,0.0
Bengaluru City,Yeshwanthapura Traffic PS,1.04432e+16,2020,1,1,Road Accidents,Narrow road,City/Town,In bazaar,Human Error,Yes,Grievous Injury,Hit pedestrian,No signal lights,Straight and flat,Others,Bitumen(Tar),Not Applicable,Not Applicable,Clear,DEVARAJ TRUCK TERMINAL ROAD,MARIDARTHI TEA STALL,10 FEE,13.021772,77.551631,0,0,0.0,0.0
Bengaluru City,Yeshwanthapura Traffic PS,1.04432e+16,2020,1,2,Road Accidents,Narrow road,City/Town,Near Hospital,Human Error,No,Damage Only,Vehicle to Vehicle,No signal lights,Straight and flat,Two way,Bitumen(Tar),Dry,Not Applicable,Clear,MES ROAD,NEAR BUS STOP AND PEOPLE TREE HOSPITAL,40 ft,13.0291,77.539984,0,0,0.0,0.0
Bengaluru City,Yeshwanthapura Traffic PS,1.04432e+16,2020,1,1,Road Accidents,Narrow road,City/Town,Near Bus stop,Human Error,Yes,Simple Injury,Hit pedestrian,No signal lights,Straight and flat,Two way,Bitumen(Tar),Dry,Not Applicable,Clear,80 FEET ROAD M K NAGAR,P R SCHOOL,40 ft,13.032896,77.554745,0,0,0.0,0.0
Bengaluru City,Yeshwanthapura Traffic PS,1.04432e+16,2020,1,2,Road Accidents,Junction,City/Town,Near Bus stop,Human Error,Yes,Simple Injury,Vehicle to Vehicle,Signals (Working),Straight and flat,Two way,Bitumen(Tar),Dry,Not Applicable,Clear,MEI JUNCTION,CQAE,20 FT,13.0263595,77.542036,0,0,0.0,0.0
Bengaluru City,Yeshwanthapura Traffic PS,1.04432e+16,2020,1,2,Road Accidents,Narrow road,City/Town,Near Petrol Pump,Human Error,No,Fatal,Vehicle to Vehicle,Not at  Junction,Straight and flat,State Highway,Bitumen(Tar),Dry,Not Applicable,Clear,OUTER RING ROAD,FTI,50ft,13.023457,77.53327,0,0,0.0,0.0
Bengaluru City,Yeshwanthapura Traffic PS,1.04432e+16,2020,1,1,Road Accidents,Narrow road,City/Town,Near Bus stop,Human Error,No,Simple Injury,Hit pedestrian,No signal lights,Straight and flat,Not Applicable,Bitumen(Tar),Dry,Not Applicable,Clear,ULLAS TEATRE ROAD,ULLAS THEATRE,30,13.019005,77.550832,0,0,0.0,0.0
Bengaluru City,Yeshwanthapura Traffic PS,1.04432e+16,2020,1,2,Road Accidents,Junction,City/Town,Near Bus stop,Human Error,No,Damage Only,Not Applicable,Signals (Working),Straight and flat,NH,Bitumen(Tar),Dry,Not Applicable,Clear,cmti junction TUMKUR ROAD,NEAR GOKUL DAS,30FEET,13.030107,77.537635,0,0,0.0,0.0
Bengaluru City,Yeshwanthapura Traffic PS,1.04432e+16,2020,1,1,Road Accidents,Narrow road,City/Town,In bazaar,Human Error,Yes,Simple Injury,Hit pedestrian,Not at  Junction,Straight and flat,One way,Bitumen(Tar),Dry,Not Applicable,Clear,YPR RAILWAY STATION ROAD,BBMP HOSPITAL,30,13.021379,77.553327,0,0,0.0,0.0
Bengaluru City,Yeshwanthapura Traffic PS,1.04432e+16,2020,1,2,Road Accidents,Narrow road,City/Town,Near a recreation place/cinema,Human Error,No,Damage Only,Vehicle to Vehicle,Signal lights Automatic,Straight and flat,Not Applicable,Bitumen(Tar),Dry,Not Applicable,Clear,NEAR THAJ VIVANTH HOTEL,THAJ VIVANTH,25FEE,13.028832,77.540265,0,0,0.0,0.0
Bengaluru City,Yeshwanthapura Traffic PS,1.04432e+16,2020,1,1,Road Accidents,Narrow road,City/Town,Near Bus stop,Human Error,Yes,Simple Injury,Vehicle to Vehicle,Signal lights Manual,Straight and flat,State Highway,Bitumen(Tar),Dry,Not Applicable,Clear,RMC YARD TUMKUR ROAD,JUICE CENTRE,30FEET,13.021334,77.546253,0,0,0.0,0.0
Bengaluru City,Yeshwanthapura Traffic PS,1.04432e+16,2020,1,1,Road Accidents,Junction,City/Town,Near Bus stop,Human Error,No,Simple Injury,Vehicle to Vehicle,No signal lights,Straight and flat,NH,Bitumen(Tar),Dry,Not Applicable,Clear,TUMAKUR ROAD,MARAPPANA PALYA BUS STOP,30FEET,13.019587,77.553103,0,0,0.0,0.0
Bengaluru City,Yeshwanthapura Traffic PS,1.04432e+16,2020,1,2,Road Accidents,Narrow road,City/Town,Near a religious place,Human Error,No,Simple Injury,Vehicle to Vehicle,No signal lights,Straight and flat,Service Road,Bitumen(Tar),Dry,Not Applicable,Clear,MES ROAD,CMTI QUARTERS,50 ft,13.032205,77.540662,0,0,0.0,0.0
Bengaluru City,Yeshwanthapura Traffic PS,1.04432e+16,2020,1,2,Road Accidents,Road hump or Rumble strips,City/Town,Narrow bridge or culverts,Human Error,No,Simple Injury,Vehicle to Vehicle,No signal lights,Not Applicable,NH,Bitumen(Tar),Dry,Not Applicable,Clear,PEENYA FLYOVER NEAR CMTI,CMTI,60,13.032735,77.532955,0,0,0.0,0.0
Bengaluru City,Yeshwanthapura Traffic PS,1.04432e+16,2020,1,2,Road Accidents,Junction,City/Town,Near Bus stop,Human Error,No,Damage Only,Vehicle to Vehicle,Signals (Working),Straight and flat,State Highway,Bitumen(Tar),Dry,Not Applicable,Clear,TUMKUR ROAD  G G PALYA JUNCTIOM,PEOPLE TREE HOSPITAL,20 FT,13.02919,77.539631,0,0,0.0,0.0
Bengaluru City,Yeshwanthapura Traffic PS,1.04432e+16,2020,1,1,Road Accidents,Narrow road,City/Town,Near Bus stop,Human Error,Yes,Damage Only,Vehicle to Vehicle,Signal lights Automatic,Straight and flat,Not Applicable,Bitumen(Tar),Dry,Not Applicable,Cloudy,TUMKUR ROAD,MEI BUS STOP,40,13.13503,77.323822,0,0,0.0,0.0
Bengaluru City,Yeshwanthapura Traffic PS,1.04432e+16,2020,1,2,Road Accidents,Junction,City/Town,Near Bus stop,Human Error,No,Simple Injury,Vehicle to Vehicle,Signal lights Blinking,Straight and flat,Service Road,Bitumen(Tar),Dry,Not Applicable,Clear,MEI JUNCTION BUSSTOP,KARNATAKA CANCER HOSPITA,40,13.019287,77.539963,0,0,0.0,0.0
Bengaluru City,Yeshwanthapura Traffic PS,1.04432e+16,2020,1,2,Road Accidents,Narrow road,City/Town,Near Bus stop,Human Error,Yes,Simple Injury,Vehicle to Vehicle,No signal lights,Straight and flat,Not Applicable,Bitumen(Tar),Dry,Not Applicable,Clear,RMC YARD BUS STOP\,RMC YARD,40 FT,13.022852,77.550005,0,0,0.0,0.0
Bengaluru City,Yeshwanthapura Traffic PS,1.04432e+16,2020,1,1,Road Accidents,Not Applicable,City/Town,Narrow bridge or culverts,Human Error,Not Applicable,Fatal,Not Applicable,No signal lights,Not Applicable,NH,Bitumen(Tar),Dry,Not Applicable,Others,PEENYA FLYOVER NEAR METRO STATION,CMTI OFFICE COMPOUND,20 FEE,13.032753,77.533103,0,0,0.0,0.0
Bengaluru City,Yeshwanthapura Traffic PS,1.04432e+16,2020,1,2,Road Accidents,Narrow road,City/Town,Near Bus stop,Human Error,No,Simple Injury,Hit pedestrian,No signal lights,Straight and flat,Not Applicable,Bitumen(Tar),Dry,Not Applicable,Clear,4TH PLATFORM YESHWANTHAPURA BUS STOP,BUS STOP,20,13.0177698,77.5565854,0,0,0.0,0.0
Bengaluru City,Yeshwanthapura Traffic PS,1.04432e+16,2020,1,2,Road Accidents,Narrow road,City/Town,Near Bus stop,Human Error,Not Applicable,Simple Injury,Vehicle to Vehicle,Signal lights Automatic,Straight and flat,Others,Bitumen(Tar),Dry,Not Applicable,Fine,TUMKUR ROAD NEI SIGNAL NEAR,MEI BUS STOP,20FT,13.026536,77.544402,0,0,0.0,0.0
Bengaluru City,Yeshwanthapura Traffic PS,1.04432e+16,2020,1,1,Road Accidents,Narrow road,City/Town,Near Bus stop,Human Error,Yes,Simple Injury,Hit pedestrian,Not at  Junction,Straight and flat,Two way,Bitumen(Tar),Dry,Not Applicable,Clear,RAMAIAH HOSPITAL ROAD,RAMAIAH HOSPITAL,20,13.028969,77.561293,0,0,0.0,0.0
Bengaluru City,Yeshwanthapura Traffic PS,1.04432e+16,2020,1,2,Road Accidents,Junction,City/Town,Near Bus stop,Human Error,No,Simple Injury,Vehicle to Vehicle,Signal lights Automatic,Straight and flat,NH,Bitumen(Tar),Dry,Not Applicable,Clear,TUMKUR ROAD,CMTI BUS STOP,20,13.031027,77.535943,0,0,0.0,0.0
Bengaluru City,Yeshwanthapura Traffic PS,1.04432e+16,2020,1,2,Road Accidents,Narrow road,City/Town,Near Bus stop,Human Error,No,Simple Injury,Vehicle to Vehicle,Signal lights Automatic,Straight and flat,Others,Bitumen(Tar),Dry,Not Applicable,Clear,TUMKUR ROAD NEAR MEI JUNCTION,MEI PETROL BUNK,40FEET,13.024368,77.548063,0,0,0.0,0.0
Bengaluru City,Yeshwanthapura Traffic PS,1.04432e+16,2020,1,2,Road Accidents,Narrow road,City/Town,Near Bus stop,Human Error,No,Simple Injury,Vehicle to Vehicle,No signal lights,Straight and flat,Others,Bitumen(Tar),Dry,Not Applicable,Others,HMT MAIN ROAD,TATA INSTITUTE BACK GATE,20,13.017445,77.559984,0,0,0.0,0.0
Bengaluru City,Yeshwanthapura Traffic PS,1.04432e+16,2021,1,2,Road Accidents,Narrow road,City/Town,Near Bus stop,Human Error,No,Simple Injury,Vehicle to Vehicle,Not at  Junction,Straight and flat,Major District Road,Bitumen(Tar),Dry,Not Applicable,Clear,C V RAMAN ROAD,DARI ANJANEYA TEMPLE,20 FT,13.0182975,77.5589342,0,0,0.0,0.0
Bengaluru City,Yeshwanthapura Traffic PS,1.04432e+16,2021,1,2,Road Accidents,Cross roads,City/Town,Near Hospital,Human Error,Yes,Simple Injury,Vehicle to Vehicle,Signals (Working),Slight Curve,State Highway,Bitumen(Tar),Dry,Not Applicable,Clear,TUMKUR ROAD  G G PALYA JUNCTIOM,TAJ HOTEL,5,13.029106,77.53992,0,0,0.0,0.0
Bengaluru City,Yeshwanthapura Traffic PS,1.04432e+16,2021,1,2,Road Accidents,Junction,City/Town,Near a factory industrial area,Human Error,Yes,Grievous Injury,Vehicle to Vehicle,No signal lights,Straight and flat,One way,Bitumen(Tar),Dry,Not Applicable,Clear,4TH MAIN ROAD YPR INDUSTRIAL AREA,PRISISION FACTORY,30FEET,13.02938277,77.53436231,0,0,0.0,0.0
Bengaluru City,Yeshwanthapura Traffic PS,1.04432e+16,2021,1,2,Road Accidents,Not Applicable,City/Town,Narrow bridge or culverts,Human Error,No,Simple Injury,Vehicle to Vehicle,Not Applicable,Others,NH,Bitumen(Tar),Dry,Not Applicable,Clear,TUMKUR PEENYA FLYOVER,MEETRO STATION,30,13.033916,77.530913,0,0,0.0,0.0
Bengaluru City,Yeshwanthapura Traffic PS,1.04432e+16,2021,1,2,Road Accidents,Curves,City/Town,Near Bus stop,Human Error,No,Damage Only,Vehicle to Vehicle,No signal lights,Not Applicable,Mixed,Bitumen(Tar),Dry,Not Applicable,Clear,TUMKUR ROAD,BSNLA OFFICE,30,13.017793,77.553595,0,0,0.0,0.0
Bengaluru City,Yeshwanthapura Traffic PS,1.04432e+16,2021,1,1,Road Accidents,Circle,City/Town,Near Bus stop,Human Error,No,Simple Injury,Hit pedestrian,Signals (Working),Straight and flat,Not Applicable,Bitumen(Tar),Dry,Not Applicable,Clear,YESHWANTHAPURA CIRCLE,Yeshwanthapura ps,100 FE,13.019429,77.558075,0,0,0.0,0.0
Bengaluru City,Yeshwanthapura Traffic PS,1.04432e+16,2021,1,2,Road Accidents,Not Applicable,City/Town,Narrow bridge or culverts,Human Error,No,Simple Injury,Vehicle to Vehicle,No signal lights,Straight and flat,NH,Bitumen(Tar),Dry,Not Applicable,Clear,TUMKUR ROAD  MARAPPANA PALYA BUS STOP,DARI ANJANEYA TEMPLE,05 FT,13.018227,77.558846,0,0,0.0,0.0
Bengaluru City,Yeshwanthapura Traffic PS,1.04432e+16,2021,1,2,Road Accidents,Narrow road,City/Town,Near a factory industrial area,Human Error,Yes,Simple Injury,Vehicle to Vehicle,No signal lights,Straight and flat,NH,Bitumen(Tar),Dry,Not Applicable,Clear,CMTI,CMTI FACTORY,25,13.031804,77.534994,0,0,0.0,0.0
Bengaluru City,Yeshwanthapura Traffic PS,1.04432e+16,2021,1,1,Road Accidents,Curves,City/Town,Near office complex,Human Error,No,Damage Only,Not Applicable,Not Applicable,Curve,Minor District Road,Bitumen(Tar),Dry,Not Applicable,Clear,KARLE FACTORY,KARLE FACTORY,40 ft,13.015848,77.554042,0,0,0.0,0.0
Bengaluru City,Yeshwanthapura Traffic PS,1.04432e+16,2021,1,1,Road Accidents,Narrow road,City/Town,In bazaar,Human Error,No,Simple Injury,Hit pedestrian,No signal lights,Straight and flat,Two way,Bitumen(Tar),Dry,Not Applicable,Clear,HMT MAIN ROAD,TATA INSTITUTE,20,13.026303,77.561877,0,0,0.0,0.0
Bengaluru City,Yeshwanthapura Traffic PS,1.04432e+16,2021,1,2,Road Accidents,Narrow road,City/Town,Near Bus stop,Human Error,No,Simple Injury,Vehicle to Vehicle,No signal lights,Others,One way,Bitumen(Tar),Dry,Not Applicable,Clear,TUMAKUR ROAD,CMTI BUS STOP,20,13.031478,77.535143,0,0,0.0,0.0
Bengaluru City,Yeshwanthapura Traffic PS,1.04432e+16,2021,1,2,Road Accidents,Narrow road,City/Town,Residential area,Human Error,Yes,Fatal,Vehicle to Vehicle,Not at  Junction,Straight and flat,Others,Bitumen(Tar),Dry,Not Applicable,Clear,BFW CROSS ROAD,PLATINUM CITY,20FEET,13.036085,77.534904,0,0,0.0,0.0
Bengaluru City,Yeshwanthapura Traffic PS,1.04432e+16,2021,1,1,Road Accidents,Curves,City/Town,Narrow bridge or culverts,Human Error,Not Applicable,Fatal,Not Applicable,Signal lights Automatic,Slight Curve,Two way,Bitumen(Tar),Others,Not Applicable,Clear,HMT MAIN ROAD,BRUNDAVAN FLYWOOD,20FEET,13.037938,77.557449,0,1,0.0,1.0
Bengaluru City,Yeshwanthapura Traffic PS,1.04432e+16,2021,1,1,Road Accidents,Narrow road,City/Town,Near Bus stop,Human Error,Not Applicable,Grievous Injury,Not Applicable,Not at  Junction,Straight and flat,Others,Bitumen(Tar),Dry,Not Applicable,Clear,BDA COMPLEX ROAD,SAMRUDHI TRADING COMPANY,40,13.01800644,77.54504859,0,0,0.0,0.0
Bengaluru City,Yeshwanthapura Traffic PS,1.04432e+16,2021,1,2,Road Accidents,Junction,City/Town,Near a factory industrial area,Human Error,Not Applicable,Grievous Injury,Vehicle to Vehicle,No signal lights,Straight and flat,Arterial,Bitumen(Tar),Dry,Not Applicable,Clear,MEI ROAD,KEB POLE,15 FEE,13.029486,77.534295,0,0,0.0,0.0
Bengaluru City,Yeshwanthapura Traffic PS,1.04432e+16,2021,1,2,Road Accidents,Junction,City/Town,Near a factory industrial area,Human Error,No,Damage Only,Vehicle to Vehicle,Signal lights Automatic,Straight and flat,NH,Bitumen(Tar),Dry,Not Applicable,Clear,CMTI JUNCTION,CMTI OFFICE,20,13.030265,77.537051,0,0,0.0,0.0
Bengaluru City,Yeshwanthapura Traffic PS,1.04432e+16,2021,1,1,Not Applicable,Narrow road,City/Town,Residential area,Human Error,No,Simple Injury,Hit pedestrian,No signal lights,Straight and flat,Not Applicable,Bitumen(Tar),Dry,Not Applicable,Clear,MUTYALA NAGAR,HOUDE NO 44 UMESH,40,13.037221,77.549747,0,0,0.0,0.0
Bengaluru City,Yeshwanthapura Traffic PS,1.04432e+16,2021,1,2,Road Accidents,Junction,City/Town,Near Bus stop,Human Error,Not Applicable,Simple Injury,Vehicle to Vehicle,Signal lights Automatic,Straight and flat,Mixed,Bitumen(Tar),Dry,Not Applicable,Clear,TUMKUR ROAD,MEI PETROL BUNK,20,13.026374,77.544203,0,0,0.0,0.0
Bengaluru City,Yeshwanthapura Traffic PS,1.04432e+16,2021,1,2,Road Accidents,Narrow road,City/Town,Near Bus stop,Human Error,No,Damage Only,Vehicle to Vehicle,Not at  Junction,Straight and flat,Mixed,Bitumen(Tar),Dry,Not Applicable,Clear,MES RING ROAD,KURLON FACTORY,30,13.03153,77.543036,0,0,0.0,0.0
Bengaluru City,Yeshwanthapura Traffic PS,1.04432e+16,2021,1,2,Road Accidents,Circle,City/Town,Near Bus stop,Human Error,No,Simple Injury,Vehicle to Vehicle,Police / Manual,Straight and flat,Two way,Bitumen(Tar),Dry,Not Applicable,Clear,MATHIKERE NETHAJI CIRCLE,SHAKTHI VINAYAKA STORE,50FT,13.03639,77.561871,0,0,0.0,0.0
Bengaluru City,Yeshwanthapura Traffic PS,1.04432e+16,2021,1,3,Road Accidents,Narrow road,City/Town,Residential area,Human Error,Yes,Damage Only,Vehicle to Vehicle,Not at  Junction,Straight and flat,Others,Bitumen(Tar),Dry,Not Applicable,Clear,HMT LAYOUT,MATHIKERE,20,13.031772,77.557862,0,0,0.0,0.0
Bengaluru City,Yeshwanthapura Traffic PS,1.04432e+16,2021,1,2,Road Accidents,Junction,City/Town,Near Hospital,Not Applicable,No,Damage Only,Vehicle to Vehicle,Signals (Working),Straight and flat,State Highway,Bitumen(Tar),Dry,Not Applicable,Clear,TUMKUR ROAD,PEOPLE TREE HOSPITAL,30,13.030528,77.537189,0,0,0.0,0.0
Bengaluru City,Yeshwanthapura Traffic PS,1.04432e+16,2021,1,2,Road Accidents,Narrow road,City/Town,Near Bus stop,Human Error,No,Damage Only,Vehicle to Vehicle,Not at  Junction,Others,State Highway,Bitumen(Tar),Dry,Not Applicable,Clear,TUMKUR ROAD NEAR CMTI,CMTI,20,13.033161,77.53254,0,0,0.0,0.0
Bengaluru City,Yeshwanthapura Traffic PS,1.04432e+16,2021,1,2,Road Accidents,Junction,City/Town,Open area,Human Error,Not Applicable,Grievous Injury,Vehicle to Vehicle,No signal lights,Straight and flat,Arterial,Bitumen(Tar),Dry,Not Applicable,Clear,MEI ROAD,NEAR VARDHAMAN PHARMA,500,13.021083,77.541048,0,0,0.0,0.0
Bengaluru City,Yeshwanthapura Traffic PS,1.04432e+16,2021,1,2,Road Accidents,Junction,City/Town,Near Bus stop,Human Error,No,Simple Injury,Vehicle to Vehicle,Signal lights Automatic,Straight and flat,NH,Bitumen(Tar),Dry,Not Applicable,Clear,TUMKUR ROAD,PEOPLE TREE HOSPITAL,50ft,13.030265,77.537051,0,0,0.0,0.0
Bengaluru City,Yeshwanthapura Traffic PS,1.04432e+16,2021,1,2,Road Accidents,Not Applicable,City/Town,Near Bus stop,Human Error,No,Damage Only,Vehicle to Vehicle,No signal lights,Not Applicable,NH,Bitumen(Tar),Dry,Not Applicable,Clear,TUMKUR ROAD,VRL OFFICE,40,13.031627,77.534906,0,0,0.0,0.0
Bengaluru City,Yeshwanthapura Traffic PS,1.04432e+16,2021,1,2,Not Applicable,Circle,City/Town,In bazaar,Human Error,Not Applicable,Simple Injury,Vehicle to Vehicle,Not Applicable,Straight and flat,Others,Bitumen(Tar),Dry,Not Applicable,Clear,RMC YARD,RMC YARD CIRCLE,40,13.020788,77.544134,0,0,0.0,0.0
Bengaluru City,Yeshwanthapura Traffic PS,1.04432e+16,2021,1,1,Not Applicable,Cross roads,City/Town,Near Bus stop,Human Error,No,Simple Injury,Hit pedestrian,Not Applicable,Straight and flat,Two way,Bitumen(Tar),Dry,Not Applicable,Clear,TUMKUR ROAD,BUS STOP,20 FEE,13.016686,77.556573,0,0,0.0,0.0
Bengaluru City,Yeshwanthapura Traffic PS,1.04432e+16,2021,1,2,Road Accidents,Narrow road,City/Town,Near Hospital,Human Error,No,Simple Injury,Vehicle to Vehicle,No signal lights,Straight and flat,Two way,Bitumen(Tar),Dry,Not Applicable,Clear,HMT ROAD,SUMATHI NURSING HOME,50,13.032515,77.558903,0,0,0.0,0.0
Bengaluru City,Yeshwanthapura Traffic PS,1.04432e+16,2021,1,2,Road Accidents,Cross roads,City/Town,Near a factory industrial area,Human Error,No,Not Applicable,Vehicle to Vehicle,Not at  Junction,Straight and flat,Two way,Bitumen(Tar),Dry,Not Applicable,Clear,NEAR SOAP FACTORY TUMKUR ROAD,SOAP FACTORY,20,13.015033,77.0553944,0,0,0.0,0.0
Bengaluru City,Yeshwanthapura Traffic PS,1.04432e+16,2021,1,1,Road Accidents,Narrow road,City/Town,Near a factory industrial area,Human Error,No,Simple Injury,Hit pedestrian,No signal lights,Straight and flat,Two way,Bitumen(Tar),Dry,Not Applicable,Clear,MEI FACTORY ROAD,MEI PETROL BUNK,40,0.0,0.0,0,0,0.0,0.0
Bengaluru City,Yeshwanthapura Traffic PS,1.04432e+16,2021,1,1,Road Accidents,Cross roads,City/Town,Near Hospital,Human Error,Not Applicable,Simple Injury,Hit pedestrian,No signal lights,Straight and flat,Mixed,Bitumen(Tar),Dry,Not Applicable,Clear,HMT MAIN ROAD,SUBBAIAH HOSPITAL,25 FEE,13.02984748,77.56077315,0,0,0.0,0.0
Bengaluru City,Yeshwanthapura Traffic PS,1.04432e+16,2021,1,3,Road Accidents,Narrow road,City/Town,Near Bus stop,Human Error,No,Damage Only,Vehicle to Vehicle,Police / Manual,Straight and flat,One way,Bitumen(Tar),Dry,Not Applicable,Clear,HMT MAIN ROAD,AGARWAM HOTEL,30,13.03052502,77.56027588,0,0,0.0,0.0
Bengaluru City,Yeshwanthapura Traffic PS,1.04432e+16,2021,1,2,Road Accidents,Junction,City/Town,Near office complex,Human Error,No,Simple Injury,Vehicle to Vehicle,Signal lights Automatic,Straight and flat,NH,Bitumen(Tar),Dry,Not Applicable,Clear,TUMKUR ROAD NEAR CMTI,CMTI,20,13.031736,77.535136,0,0,0.0,0.0
Bengaluru City,Yeshwanthapura Traffic PS,1.04432e+16,2021,1,2,Road Accidents,Curves,City/Town,Narrow bridge or culverts,Human Error,Yes,Fatal,Vehicle to Vehicle,Not at  Junction,Slight Curve,One way,Bitumen(Tar),Dry,Not Applicable,Clear,YESHWANTHAPURA FLYOVER,DCP OFFICE,20,13.018642,77.558038,0,0,0.0,0.0
Bengaluru City,Yeshwanthapura Traffic PS,1.04432e+16,2021,1,2,Road Accidents,Junction,City/Town,Near Bus stop,Human Error,No,Simple Injury,Vehicle to Vehicle,Signal lights Automatic,Straight and flat,NH,Bitumen(Tar),Dry,Not Applicable,Clear,TUMKUR ROAD NEAR CMTI,CMTI,20,13.036591,77.54183,0,0,0.0,0.0
Bengaluru City,Yeshwanthapura Traffic PS,1.04432e+16,2021,1,1,Road Accidents,Curves,City/Town,At pedestrian Crossing,Human Error,Yes,Grievous Injury,Hit pedestrian,Not Applicable,Straight and flat,Arterial,Bitumen(Tar),Dry,Not Applicable,Clear,TUMKUR ROAD,NEAR KEB POLE,10 FT,13.019169,77.553133,0,0,0.0,0.0
Bengaluru City,Yeshwanthapura Traffic PS,1.04432e+16,2021,1,2,Road Accidents,Junction,City/Town,Near Bus stop,Human Error,No,Simple Injury,Vehicle to Vehicle,Signals (Working),Straight and flat,NH,Bitumen(Tar),Dry,Not Applicable,Clear,TUMKUR ROAD,cmti,10,13.030265,77.537051,0,0,0.0,0.0
Bengaluru City,Yeshwanthapura Traffic PS,1.04432e+16,2021,1,1,Road Accidents,Not Applicable,City/Town,Residential area,Human Error,Not Applicable,Fatal,Not Applicable,Not at  Junction,Straight and flat,Two way,Bitumen(Tar),Dry,Not Applicable,Clear,8TH MAIN ROAD,NO 7SRI LAKSHMI NARASIMA NILAYA,10,13.037067,77.549402,0,0,0.0,0.0