DISTRICTNAME,UNITNAME,Crime_No,Year,RI,Noofvehicle_involved,Accident_Classification,Accident_Spot,Accident_Location,Accident_SubLocation,Main_Cause,Hit_Run,Severity,Collision_Type,Junction_Control,Road_Character,Road_Type,Surface_Type,Surface_Condition,Road_Condition,Weather,Accident_Road,Landmark_first,Distance_LandMark_First,Latitude,Longitude,Road_Condition_Score,Surface_Condition_Score,Surface_Type_Score,Road_Risk_Index
Bengaluru City,Yeshwanthapura Traffic PS,1.04432e+16,2021,1,1,Road Accidents,Curves,City/Town,In bazaar,Human Error,Not Applicable,Simple Injury,Not Applicable,No signal lights,Curve and Incline,One way,Bitumen(Tar),Dry,No influence on accident,Clear,TUMKUR ROAD,VIVEKANANDA  STATUE,40,13.015365,77.554876,0,0,0.0,0.0
Bengaluru City,Yeshwanthapura Traffic PS,1.04432e+16,2021,1,2,Road Accidents,Narrow road,City/Town,Near Bus stop,Human Error,No,Simple Injury,Vehicle to Vehicle,Signal lights Automatic,Straight and flat,Others,Bitumen(Tar),Dry,Not Applicable,Clear,TUMKUR ROAD,THE FURN HOTEL,20,13.019924,77.552888,0,0,0.0,0.0
Bengaluru City,Yeshwanthapura Traffic PS,1.04432e+16,2021,1,2,Road Accidents,Narrow road,City/Town,Near Bus stop,Human Error,No,Damage Only,Vehicle to Vehicle,Not Applicable,Straight and flat,Two way,Bitumen(Tar),Dry,Not Applicable,Clear,MATHIKERE,GOKULA EXTENTION,50,13.028019,77.5572147,0,0,0.0,0.0
Bengaluru City,Yeshwanthapura Traffic PS,1.04432e+16,2021,1,2,Road Accidents,Narrow road,City/Town,Near Bus stop,Human Error,No,Simple Injury,Vehicle to Vehicle,Signal lights Automatic,Straight and flat,Mixed,Bitumen(Tar),Dry,Not Applicable,Clear,MEI FACTORY ROAD,SAI RAM WEARS,20,13.024732,77.543237,0,0,0.0,0.0
Bengaluru City,Yeshwanthapura Traffic PS,1.04432e+16,2021,1,1,Road Accidents,Narrow road,City/Town,Near Bus stop,Human Error,No,Simple Injury,Hit pedestrian,Not Applicable,Straight and flat,One way,Bitumen(Tar),Dry,Not Applicable,Fine,90 ROOTE ROAD,POLICE STATION,20 FT,13.017219,77.558422,0,0,0.0,0.0
Bengaluru City,Yeshwanthapura Traffic PS,1.04432e+16,2021,1,2,Road Accidents,Junction,City/Town,Near Bus stop,Human Error,No,Simple Injury,Vehicle to Vehicle,Police / Manual,Straight and flat,One way,Bitumen(Tar),Dry,Not Applicable,Clear,OUTER RING ROAD,FTI,30,13.022352,77.532851,0,0,0.0,0.0
Bengaluru City,Yeshwanthapura Traffic PS,1.04432e+16,2021,1,2,Not Applicable,Curves,City/Town,Near Bus stop,Human Error,No,Damage Only,Vehicle to Vehicle,No signal lights,Straight and flat,One way,Bitumen(Tar),Dry,Not Applicable,Clear,OUTER RING ROAD,AIR FORCE OFFICE GATE COMPOUND,20,13.029145,77.540025,0,0,0.0,0.0
Bengaluru City,Yeshwanthapura Traffic PS,1.04432e+16,2021,1,1,Road Accidents,Narrow road,City/Town,Near a factory industrial area,Human Error,No,Damage Only,Not Applicable,Not at  Junction,Straight and flat,Not Applicable,Bitumen(Tar),Dry,Not Applicable,Clear,M E S ROAD GG PALYA,CQAE OFFICE,50MTRS,13.035814,77.541699,0,0,0.0,0.0
Bengaluru City,Yeshwanthapura Traffic PS,1.04432e+16,2021,1,3,Road Accidents,Junction,City/Town,Near Bus stop,Human Error,No,Damage Only,Vehicle to Vehicle,Signals (Working),Straight and flat,NH,Bitumen(Tar),Dry,Not Applicable,Clear,Tumkur road,CMTI JUNCTION,30ft,13.00232,77.537137,0,0,0.0,0.0
Bengaluru City,Yeshwanthapura Traffic PS,1.04432e+16,2021,1,2,Road Accidents,Curves,City/Town,Narrow bridge or culverts,Human Error,Yes,Not Applicable,Vehicle to Vehicle,No signal lights,Slight Curve,Two way,Bitumen(Tar),Dry,Not Applicable,Clear,YESHWANTHAPURA FLYOVER,BMTC BUS STOP,10,13.018674,77.557914,0,0,0.0,0.0
Bengaluru City,Yeshwanthapura Traffic PS,1.04432e+16,2021,1,2,Not Applicable,Narrow road,City/Town,Near a factory industrial area,Human Error,No,Fatal,Vehicle to Vehicle,Not Applicable,Straight and flat,State Highway,Bitumen(Tar),Dry,Not Applicable,Clear,MES ROAD,CQAE OFFICE,10,13.036591,77.54183,0,0,0.0,0.0
Bengaluru City,Yeshwanthapura Traffic PS,1.04432e+16,2021,1,1,Road Accidents,Narrow road,City/Town,In bazaar,Human Error,No,Grievous Injury,Hit pedestrian,No signal lights,Straight and flat,Others,Bitumen(Tar),Dry,Not Applicable,Clear,80 FEET ROAD RMC YARD,GURJARATH TRADERS,20,13.022653,77.544887,0,0,0.0,0.0
Bengaluru City,Yeshwanthapura Traffic PS,1.04432e+16,2021,1,1,Road Accidents,Road hump or Rumble strips,City/Town,Near Bus stop,Human Error,No,Fatal,Not Applicable,Not Applicable,Others,Mixed,Bitumen(Tar),Dry,Not Applicable,Clear,HMT MAIN ROAD,MAthikere fly over,45,13.03655126,77.55749751,0,0,0.0,0.0
Bengaluru City,Yeshwanthapura Traffic PS,1.04432e+16,2021,1,1,Road Accidents,Narrow road,City/Town,In bazaar,Human Error,No,Simple Injury,Hit pedestrian,Not Applicable,Straight and flat,Mixed,Bitumen(Tar),Dry,Not Applicable,Clear,bazar road,GANGADHARESHWARA TEMPLE,5,13.019049,77.5575311,0,0,0.0,0.0
Bengaluru City,Yeshwanthapura Traffic PS,1.04432e+16,2021,1,2,Road Accidents,Junction,City/Town,Near a factory industrial area,Human Error,No,Simple Injury,Vehicle to Vehicle,Signal lights Automatic,Straight and flat,NH,Bitumen(Tar),Dry,Not Applicable,Clear,TUMKUR ROAD,CMTI OFFICE COMPOUND,30,13.030364,77.53711,0,0,0.0,0.0
Bengaluru City,Yeshwanthapura Traffic PS,1.04432e+16,2021,1,2,Road Accidents,Narrow road,City/Town,Near Bus stop,Human Error,Yes,Simple Injury,Vehicle to Vehicle,Not at  Junction,Not Applicable,NH,Bitumen(Tar),Dry,Not Applicable,Clear,TUMKUR ROAD,VRL OFFICE,20,13.032579,77.533175,0,0,0.0,0.0
Bengaluru City,Yeshwanthapura Traffic PS,1.04432e+16,2021,1,1,Road Accidents,Junction,City/Town,Near Bus stop,Human Error,No,Simple Injury,Hit pedestrian,No signal lights,Straight and flat,State Highway,Bitumen(Tar),Dry,Not Applicable,Clear,TUMKUR ROAD  MARAPPANA PALYA BUS STOP,MARAPPANA PALYA,10 FEE,13.017842,77.553798,0,0,0.0,0.0
Bengaluru City,Yeshwanthapura Traffic PS,1.04432e+16,2021,1,1,Road Accidents,Narrow road,City/Town,Near Bus stop,Human Error,No,Simple Injury,Hit bicyclist,Not at  Junction,Straight and flat,Service Road,Bitumen(Tar),Dry,Not Applicable,Clear,TUMKUR ROAD NEAR METRO STATION,PEENYA METRO STATION,30,13.032668,77.53354,0,0,0.0,0.0
Bengaluru City,Yeshwanthapura Traffic PS,1.04432e+16,2021,1,2,Road Accidents,Narrow road,City/Town,Near Petrol Pump,Human Error,No,Simple Injury,Vehicle to Vehicle,No signal lights,Straight and flat,Major District Road,Bitumen(Tar),Dry,Not Applicable,Clear,TUMKUR ROAD,TOTAL GAS PETROL BUNK,30,13.022864,77.550714,0,0,0.0,0.0
Bengaluru City,Yeshwanthapura Traffic PS,1.04432e+16,2021,1,2,Road Accidents,Junction,City/Town,Near Bus stop,Human Error,No,Damage Only,Vehicle to Vehicle,Signal lights Automatic,Straight and flat,NH,Bitumen(Tar),Dry,Not Applicable,Clear,TUMKUR ROAD,GOKULDAS GARMENTS,5,13.030138,77.53708,0,0,0.0,0.0
Bengaluru City,Yeshwanthapura Traffic PS,1.04432e+16,2021,1,2,Road Accidents,Narrow road,City/Town,Near office complex,Human Error,No,Simple Injury,Vehicle to Vehicle,No signal lights,Straight and flat,One way,Bitumen(Tar),Dry,Not Applicable,Clear,C V RAMAN ROAD,DCP OFFICE,10,13.017588,77.559775,0,0,0.0,0.0
Bengaluru City,Yeshwanthapura Traffic PS,1.04432e+16,2021,1,2,Road Accidents,Narrow road,City/Town,Near Hospital,Human Error,Not Applicable,Fatal,Not Applicable,No signal lights,Straight and flat,Mixed,Bitumen(Tar),Dry,Not Applicable,Clear,TUMKUR ROAD,SPARSHA HOSPITAL,20,13.027309,77.542587,0,0,0.0,0.0
Bengaluru City,Yeshwanthapura Traffic PS,1.04432e+16,2021,1,1,Road Accidents,Narrow road,City/Town,Near Bus stop,Human Error,Not Applicable,Not Applicable,Not Applicable,No signal lights,Straight and flat,Two way,Bitumen(Tar),Dry,Not Applicable,Clear,HMT ROAD,SHANIMAHATHAMA TEMPLE,10 FEE,13.026303,77.561877,0,0,0.0,0.0
Bengaluru City,Yeshwanthapura Traffic PS,1.04432e+16,2021,1,1,Road Accidents,Circle,City/Town,Near Bus stop,Human Error,No,Simple Injury,Hit pedestrian,Signals (Working),Straight and flat,One way,Bitumen(Tar),Dry,Not Applicable,Clear,YPR CIRCLE,BMTC BUS STOP,10FEET,13.018612,77.557656,0,0,0.0,0.0
Bengaluru City,Yeshwanthapura Traffic PS,1.04432e+16,2021,1,2,Road Accidents,Narrow road,City/Town,Near Hospital,Human Error,No,Simple Injury,Vehicle to Vehicle,Signal lights Automatic,Straight and flat,State Highway,Bitumen(Tar),Dry,Not Applicable,Clear,TUMKUR ROAD SPARSH HOSPITAL,SPARSHA HOSPITAL,20,13.027438,77.542831,0,0,0.0,0.0
Bengaluru City,Yeshwanthapura Traffic PS,1.04432e+16,2021,1,1,Road Accidents,Curves,City/Town,Near Bus stop,Human Error,Not Applicable,Simple Injury,Not Applicable,Not Applicable,Slight Curve,One way,Bitumen(Tar),Others,Not Applicable,Clear,YESHWANTHAPURA FLYOVER,DCP OFFICE,10,13.018602,77.557952,0,1,0.0,1.0
Bengaluru City,Yeshwanthapura Traffic PS,1.04432e+16,2021,1,2,Road Accidents,Junction,City/Town,Near Bus stop,Human Error,Yes,Simple Injury,Vehicle to Vehicle,Signal lights Automatic,Straight and flat,Others,Bitumen(Tar),Dry,Not Applicable,Clear,MEI JUNCTION BUSSTOP,MEI PETROL BUNK,10 FEE,13.02648,77.54422,0,0,0.0,0.0
Bengaluru City,Yeshwanthapura Traffic PS,1.04432e+16,2021,1,2,Road Accidents,Narrow road,City/Town,In bazaar,Human Error,No,Fatal,Vehicle to Vehicle,No signal lights,Straight and flat,Others,Bitumen(Tar),Dry,Not Applicable,Clear,TUMKUR ROAD NEAR PARIJATHA HOTEL,PARIJATHA HOTEL,20FT,13.014272,77.554264,0,0,0.0,0.0
Bengaluru City,Yeshwanthapura Traffic PS,1.04432e+16,2021,1,1,Road Accidents,Narrow road,Rural Areas,Near Petrol Pump,Human Error,No,Simple Injury,Hit pedestrian,Signals (Working),Straight and flat,State Highway,Bitumen(Tar),Dry,Not Applicable,Clear,MEI JUNCTION,MEI PETROL BUNK,20,13.026469,77.544451,0,0,0.0,0.0
Bengaluru City,Yeshwanthapura Traffic PS,1.04432e+16,2021,1,1,Road Accidents,Narrow road,City/Town,Near Petrol Pump,Human Error,No,Simple Injury,Hit pedestrian,Not Applicable,Straight and flat,One way,Bitumen(Tar),Dry,Not Applicable,Clear,OUTER RING ROAD,GOKULDAS GARMENTS,40,13.029892,77.536972,0,0,0.0,0.0
Bengaluru City,Yeshwanthapura Traffic PS,1.04432e+16,2021,1,1,Road Accidents,Circle,City/Town,Near Bus stop,Human Error,Yes,Simple Injury,Hit pedestrian,Signal lights Automatic,Straight and flat,Mixed,Bitumen(Tar),Dry,Not Applicable,Clear,YESHWANTHAPURA CIRCLE,YESHWANTHAPURA PS,10FEET,13.017017,77.560566,0,0,0.0,0.0
Bengaluru City,Yeshwanthapura Traffic PS,1.04432e+16,2021,1,2,Road Accidents,Cross roads,City/Town,Near Bus stop,Human Error,No,Simple Injury,Vehicle to Vehicle,No signal lights,Straight and flat,Service Road,Bitumen(Tar),Dry,Not Applicable,Clear,CV RAMAN ROAD,DARIANJANEYA TEMPLE,10,13.018629,77.558862,0,0,0.0,0.0
Bengaluru City,Yeshwanthapura Traffic PS,1.04432e+16,2021,1,1,Road Accidents,Narrow road,City/Town,Near Bus stop,Human Error,No,Simple Injury,Hit pedestrian,Police / Manual,Straight and flat,Mixed,Bitumen(Tar),Dry,Not Applicable,Clear,CHOWDESHWARI BMTC BUS STOP,J P PARK,20,13.03273669,77.55402217,0,0,0.0,0.0
Bengaluru City,Yeshwanthapura Traffic PS,1.04432e+16,2021,1,3,Road Accidents,Curves,City/Town,Near Bus stop,Human Error,Yes,Simple Injury,Vehicle to Vehicle,No signal lights,Slight Curve,NH,Bitumen(Tar),Dry,Not Applicable,Clear,TUMAKUR ROAD,PEENYA FLYOVER AND METRO STATION,20,13.03274,77.5333,0,0,0.0,0.0
Bengaluru City,Yeshwanthapura Traffic PS,1.04432e+16,2021,1,2,Road Accidents,Narrow road,City/Town,Near Bus stop,Human Error,Yes,Damage Only,Vehicle to Vehicle,Signal lights Automatic,Straight and flat,Others,Bitumen(Tar),Dry,Not Applicable,Clear,TUMKUR ROAD,TAJ HOTEL,30,13.028749,77.540089,0,0,0.0,0.0
Bengaluru City,Yeshwanthapura Traffic PS,1.04432e+16,2021,1,2,Road Accidents,Cross roads,City/Town,Near Bus stop,Human Error,No,Simple Injury,Vehicle to Vehicle,Not Applicable,Straight and flat,One way,Bitumen(Tar),Dry,Not Applicable,Clear,MATHIKERE,chowdeshwari temple,40,13.033113,77.554851,0,0,0.0,0.0
Bengaluru City,Yeshwanthapura Traffic PS,1.04432e+16,2021,1,2,Road Accidents,Junction,City/Town,Near Bus stop,Human Error,Yes,Simple Injury,Vehicle to Vehicle,Signal lights Automatic,Straight and flat,NH,Bitumen(Tar),Dry,Not Applicable,Clear,TUMKUR ROAD,CMTI BUS STOP,30,13.031792,77.534987,0,0,0.0,0.0
Bengaluru City,Yeshwanthapura Traffic PS,1.04432e+16,2021,1,1,Road Accidents,Junction,City/Town,Near Bus stop,Human Error,No,Simple Injury,Hit pedestrian,Signals (Working),Straight and flat,NH,Bitumen(Tar),Dry,Not Applicable,Clear,TUMKUR ROAD NEAR CMTI,GOKULDAS GARMENTS,20,13.030333,77.53695,0,0,0.0,0.0
Bengaluru City,Yeshwanthapura Traffic PS,1.04432e+16,2021,1,1,Road Accidents,Narrow road,City/Town,Residential area,Human Error,No,Fatal,Not Applicable,Signals (Working),Straight and flat,Two way,Bitumen(Tar),Dry,Not Applicable,Clear,HMT MAIN ROAD,NEAR MUNESHWARA TEMPLE,20,13.01339,77.551504,0,0,0.0,0.0
Bengaluru City,Yeshwanthapura Traffic PS,1.04432e+16,2021,1,2,Road Accidents,Narrow road,City/Town,Near School or College,Human Error,Yes,Simple Injury,Vehicle to Vehicle,No signal lights,Straight and flat,One way,Bitumen(Tar),Dry,Not Applicable,Clear,OUTER RING ROAD,ITI COLLEGE,20,13.02068,77.540838,0,0,0.0,0.0
Bengaluru City,Yeshwanthapura Traffic PS,1.04432e+16,2022,1,2,Road Accidents,Narrow road,City/Town,Near Bus stop,Human Error,No,Fatal,Vehicle to Vehicle,Signal lights Automatic,Straight and flat,NH,Bitumen(Tar),Dry,Not Applicable,Clear,TUMKUR ROAD NEAR SRS JUNCTION,MAC DONALD,10,13.034555,77.529847,0,0,0.0,0.0
Bengaluru City,Yeshwanthapura Traffic PS,1.04432e+16,2022,1,1,Road Accidents,Narrow road,City/Town,Near Bus stop,Human Error,Yes,Grievous Injury,Hit pedestrian,Uncontrolled,Straight and flat,Others,Bitumen(Tar),Dry,Not Applicable,Clear,NEAR  UNION BANK ATM,NEAR GOKULADAS GARMENTS,50,13.02645,77.534837,0,0,0.0,0.0
Bengaluru City,Yeshwanthapura Traffic PS,1.04432e+16,2022,1,1,Road Accidents,Circle,City/Town,Near Bus stop,Human Error,No,Fatal,Hit pedestrian,Not Applicable,Straight and flat,Others,Bitumen(Tar),Dry,Not Applicable,Clear,NEAR TRIVENI ROAD,NEAR SREYAS BAR,10FT,13.018727,77.558109,0,0,0.0,0.0
Bengaluru City,Yeshwanthapura Traffic PS,1.04432e+16,2022,1,2,Road Accidents,Narrow road,City/Town,Near Bus stop,Human Error,Not Applicable,Simple Injury,Vehicle to Vehicle,Not Applicable,Straight and flat,Residential Street,Bitumen(Tar),Dry,Not Applicable,Clear,Near Gurudarshan Hotel,Near girls colection,20FT,13.028795,77.561541,0,0,0.0,0.0
Bengaluru City,Yeshwanthapura Traffic PS,1.04432e+16,2022,1,2,Road Accidents,Junction,City/Town,Near Bus stop,Human Error,No,Damage Only,Vehicle to Vehicle,Signals (Working),Straight and flat,NH,Bitumen(Tar),Dry,Not Applicable,Clear,TUMKUR ROAD,CMTI,20,13.031122,77.536294,0,0,0.0,0.0
Bengaluru City,Yeshwanthapura Traffic PS,1.04432e+16,2022,1,2,Road Accidents,Narrow road,City/Town,Near Bus stop,Human Error,No,Simple Injury,Vehicle to Vehicle,Not at  Junction,Straight and flat,Two way,Bitumen(Tar),Dry,Not Applicable,Clear,TRIVENI ROADA,ROOPASRI BAR,20,13.023309,77.559403,0,0,0.0,0.0
Bengaluru City,Yeshwanthapura Traffic PS,1.04432e+16,2022,1,2,Road Accidents,Narrow road,City/Town,Near Bus stop,Human Error,Yes,Grievous Injury,Vehicle to Vehicle,Controlled,Straight and flat,Residential Street,Bitumen(Tar),Dry,Not Applicable,Clear,OPPOSIT HUNDAI SHOE ROOM,NEAR MEI BUS STOP,20 FT,13.022558,77.54188,0,0,0.0,0.0
Bengaluru City,Yeshwanthapura Traffic PS,1.04432e+16,2022,1,2,Road Accidents,Junction,City/Town,Near Bus stop,Human Error,Not Applicable,Not Applicable,Vehicle to Vehicle,Controlled,Straight and flat,Not Applicable,Bitumen(Tar),Dry,Not Applicable,Clear,NEAR  SHIVA TEMPLE,NEAR TAJ VIVANTH HOTEL,50FT,13.029175,77.539756,0,0,0.0,0.0
Bengaluru City,Yeshwanthapura Traffic PS,1.04432e+16,2022,1,2,Road Accidents,Not Applicable,City/Town,Near office complex,Human Error,Yes,Simple Injury,Hit pedestrian,Not Applicable,Not Applicable,Others,Bitumen(Tar),Dry,Not Applicable,Clear,NEAR LIC OFFICE,NEAR  KEMWEL FACTORY,20 FT,13.025605,77.545693,0,0,0.0,0.0
Bengaluru City,Yeshwanthapura Traffic PS,1.04432e+16,2022,1,1,Road Accidents,Cross roads,City/Town,Near School or College,Human Error,Not Applicable,Simple Injury,Hit pedestrian,Not Applicable,Straight and flat,Others,Bitumen(Tar),Dry,Not Applicable,Clear,NEAR GOVT ITI COLLAGE,NEAR PRIVATE SHOP,50FT,13.026247,77.532424,0,0,0.0,0.0
Bengaluru City,Yeshwanthapura Traffic PS,1.04432e+16,2022,1,3,Road Accidents,Narrow road,City/Town,Near Bus stop,Human Error,Not Applicable,Damage Only,Vehicle to Vehicle,Not Applicable,Straight and flat,Others,Bitumen(Tar),Dry,Not Applicable,Clear,NEAR METRO STATION,NEAR PEENYA METRO,50FT,13.034334,77.530642,0,0,0.0,0.0
Bengaluru City,Yeshwanthapura Traffic PS,1.04432e+16,2022,1,2,Road Accidents,Narrow road,City/Town,Near a religious place,Human Error,Not Applicable,Simple Injury,Vehicle to Vehicle,Not Applicable,Straight and flat,Not Applicable,Bitumen(Tar),Dry,Not Applicable,Clear,NEAR RNS SHANTHI NIVASA,NEAR SPARSHA HOSPITAL,20 FT,13.027851,77.542066,0,0,0.0,0.0
Bengaluru City,Yeshwanthapura Traffic PS,1.04432e+16,2022,1,3,Road Accidents,Narrow road,City/Town,In bazaar,Human Error,No,Simple Injury,Vehicle to Vehicle,No signal lights,Straight and flat,Two way,Bitumen(Tar),Dry,Not Applicable,Clear,BOMBAY DYING ROAD,NEAR INDIAN OIL PETROL BUNK,30,13.027819,77.558616,0,0,0.0,0.0
Bengaluru City,Yeshwanthapura Traffic PS,1.04432e+16,2022,1,2,Road Accidents,Narrow road,City/Town,Near Petrol Pump,Human Error,No,Simple Injury,Vehicle to Vehicle,Signals (Working),Straight and flat,Two way,Bitumen(Tar),Dry,Not Applicable,Clear,RELAINCE PETROL BUNK NEAR,AMIDC AUTOMENTION TECNOLOGY LTD,30,13.030142,77.536974,0,0,0.0,0.0
Bengaluru City,Yeshwanthapura Traffic PS,1.04432e+16,2022,1,2,Road Accidents,Narrow road,City/Town,Near Hospital,Human Error,Not Applicable,Grievous Injury,Vehicle to Vehicle,Signals (Working),Straight and flat,Others,Bitumen(Tar),Dry,Not Applicable,Clear,NEAR GLODEN GFRAND APARTMENT,NEAR SPARSH HOSPETAL,20 FT,13.026123,77.544698,0,0,0.0,0.0
Bengaluru City,Yeshwanthapura Traffic PS,1.04432e+16,2022,1,2,Road Accidents,Narrow road,City/Town,Near a factory industrial area,Human Error,Yes,Grievous Injury,Not Applicable,Controlled,Straight and flat,Others,Bitumen(Tar),Dry,Not Applicable,Clear,NEAR KLE INSTITUTION SITE,NEAR PEENYA METRO STATION,20 FT,13.032027,77.533898,0,0,0.0,0.0
Bengaluru City,Yeshwanthapura Traffic PS,1.04432e+16,2022,1,1,Road Accidents,Narrow road,City/Town,Near a religious place,Human Error,Not Applicable,Fatal,Hit pedestrian,Not Applicable,Straight and flat,Others,Bitumen(Tar),Dry,Not Applicable,Clear,NEAR NAVATA TRANCEPORT,NEAR CHAMUNDI AUTO GYAREG,20FT,13.019051,77.552702,0,0,0.0,0.0
Bengaluru City,Yeshwanthapura Traffic PS,1.04432e+16,2022,1,2,Road Accidents,Junction,City/Town,Near a factory industrial area,Human Error,No,Simple Injury,Vehicle to Vehicle,No signal lights,Not Applicable,Two way,Bitumen(Tar),Dry,Not Applicable,Clear,4TH MAIN ROAD YPR INDUSTRIAL AREA,PRICISION FACTORY,50,13.02948,77.534289,0,0,0.0,0.0
Bengaluru City,Yeshwanthapura Traffic PS,1.04432e+16,2022,1,2,Road Accidents,Narrow road,City/Town,Near Petrol Pump,Human Error,No,Simple Injury,Vehicle to Vehicle,Not at  Junction,Straight and flat,Two way,Bitumen(Tar),Dry,Not Applicable,Clear,OUTER RING ROAD,RELIANCE  PETROL BUNK,30,13.029162,77.536523,0,0,0.0,0.0
Bengaluru City,Yeshwanthapura Traffic PS,1.04432e+16,2022,1,1,Road Accidents,Narrow road,City/Town,Near office complex,Human Error,Not Applicable,Simple Injury,Not Applicable,No signal lights,Straight and flat,Service Road,Bitumen(Tar),Dry,Not Applicable,Clear,C V RAMAN ROAD,GYKHANA GATE,15,13.015931,77.562694,0,0,0.0,0.0
Bengaluru City,Yeshwanthapura Traffic PS,1.04432e+16,2022,1,1,Road Accidents,Narrow road,City/Town,At pedestrian Crossing,Human Error,Not Applicable,Grievous Injury,Hit pedestrian,Controlled,Not Applicable,Others,Bitumen(Tar),Dry,Not Applicable,Clear,NEAR SAYAKRUPA HOSPITAL,NEAR TULASI JEWELARRY,50FT,13.029686,77.559396,0,0,0.0,0.0
Bengaluru City,Yeshwanthapura Traffic PS,1.04432e+16,2022,1,2,Road Accidents,Narrow road,City/Town,Near Bus stop,Human Error,No,Damage Only,Vehicle to Vehicle,Signals (Working),Straight and flat,NH,Bitumen(Tar),Dry,Not Applicable,Clear,Tumkur road,cmti,40,13.031297,77.535385,0,0,0.0,0.0
Bengaluru City,Yeshwanthapura Traffic PS,1.04432e+16,2022,1,2,Road Accidents,Narrow road,City/Town,Residential area,Human Error,Yes,Simple Injury,Vehicle to Vehicle,Not at  Junction,Straight and flat,Residential Street,Bitumen(Tar),Dry,Not Applicable,Clear,NEAR CHARCH,NEAR IISC D GATE,50 FT,13.018786,77.561488,0,0,0.0,0.0
Bengaluru City,Yeshwanthapura Traffic PS,1.04432e+16,2022,1,2,Road Accidents,Narrow road,City/Town,Near a factory industrial area,Human Error,No,Grievous Injury,Vehicle to Vehicle,Uncontrolled,Straight and flat,Others,Bitumen(Tar),Dry,Not Applicable,Clear,NEAR CMTI FACTORY,NEAR PEENYA METRO STATION,50 mtr,13.03169,77.535282,0,0,0.0,0.0
Bengaluru City,Yeshwanthapura Traffic PS,1.04432e+16,2022,1,1,Road Accidents,Curves,City/Town,Near Hospital,Human Error,No,Fatal,Hit pedestrian,No signal lights,Slight Curve,One way,Bitumen(Tar),Dry,Not Applicable,Clear,RAILWAY STATION ROAD,COVID HOSPITAL,TWO FE,13.021225,77.553491,0,0,0.0,0.0
Bengaluru City,Yeshwanthapura Traffic PS,1.04432e+16,2022,1,2,Road Accidents,Narrow road,City/Town,Near Bus stop,Human Error,Yes,Fatal,Vehicle to Vehicle,No signal lights,Straight and flat,NH,Bitumen(Tar),Dry,Not Applicable,Clear,TUMKUR ROAD,POPULAR AUTO MAC,30,13.031338,77.535403,0,0,0.0,0.0
Bengaluru City,Yeshwanthapura Traffic PS,1.04432e+16,2022,1,2,Road Accidents,Cross roads,City/Town,Near Bus stop,Human Error,No,Damage Only,Vehicle to Vehicle,Not Applicable,Straight and flat,State Highway,Bitumen(Tar),Dry,Not Applicable,Clear,MES RING ROAD,CHEIF ENGINEER OFFICE COMPOUND,10,13.029131,77.540021,0,0,0.0,0.0
Bengaluru City,Yeshwanthapura Traffic PS,1.04432e+16,2022,1,2,Road Accidents,Narrow road,City/Town,In bazaar,Human Error,Yes,Simple Injury,Vehicle to Vehicle,No signal lights,Straight and flat,Two way,Bitumen(Tar),Dry,Not Applicable,Clear,1ST MAIN YESHWANTHAPURA,SANGAM JEWELLARY,20,13.02555,77.557649,0,0,0.0,0.0
Bengaluru City,Yeshwanthapura Traffic PS,1.04432e+16,2022,1,2,Road Accidents,Cross roads,City/Town,Near office complex,Human Error,Not Applicable,Not Applicable,Vehicle to Vehicle,Controlled,Straight and flat,Others,Bitumen(Tar),Dry,Not Applicable,Clear,NEAR CMTI JUNCTION,NEAR CMTI JUNCTION,100FT,13.029995,77.537809,0,0,0.0,0.0
Bengaluru City,Yeshwanthapura Traffic PS,1.04432e+16,2022,1,2,Road Accidents,Junction,City/Town,Near Bus stop,Human Error,Yes,Grievous Injury,Vehicle to Vehicle,Controlled,Straight and flat,Two way,Bitumen(Tar),Wet,Not Applicable,Light Rain,NEAR GOLDEN GRAND APARTMENT,NEAR MEI JUNCTION,50FT,13.025773,77.545449,0,3,0.0,3.0
Bengaluru City,Yeshwanthapura Traffic PS,1.04432e+16,2022,1,2,Road Accidents,Junction,City/Town,Near Bus stop,Human Error,Not Applicable,Grievous Injury,Vehicle to Vehicle,Controlled,Straight and flat,Others,Bitumen(Tar),Dry,Not Applicable,Clear,NEAR CMTI BUS STOP,NEAR CMTI FACTORY,50ft,13.030403,77.537191,0,0,0.0,0.0
Bengaluru City,Yeshwanthapura Traffic PS,1.04432e+16,2022,1,2,Road Accidents,Junction,City/Town,Near Hospital,Human Error,Yes,Simple Injury,Vehicle to Vehicle,Signal lights Automatic,Straight and flat,State Highway,Bitumen(Tar),Dry,Not Applicable,Clear,TUMKUR ROAD PEOPLE TREE HOSPITAL,PEOPLE TREE HOSPITAL,5,13.029125,77.539915,0,0,0.0,0.0
Bengaluru City,Yeshwanthapura Traffic PS,1.04432e+16,2022,1,2,Road Accidents,Narrow road,City/Town,In bazaar,Human Error,No,Simple Injury,Vehicle to Vehicle,Not at  Junction,Straight and flat,Two way,Bitumen(Tar),Dry,Not Applicable,Clear,80 FEET ROAD M K NAGAR,D MART,40,13.032253,77.553573,0,0,0.0,0.0
Bengaluru City,Yeshwanthapura Traffic PS,1.04432e+16,2022,1,1,Road Accidents,Narrow road,City/Town,Near Bus stop,Human Error,No,Simple Injury,Not Applicable,No signal lights,Straight and flat,Mixed,Bitumen(Tar),Dry,Not Applicable,Clear,TUMAKUR ROAD,YESHWANTHAPURA METRO STATION,20,13.019102,77.553257,0,0,0.0,0.0
Bengaluru City,Yeshwanthapura Traffic PS,1.04432e+16,2022,1,2,Road Accidents,Narrow road,City/Town,Near a factory industrial area,Human Error,No,Fatal,Vehicle to Vehicle,Signal lights Automatic,Straight and flat,Major District Road,Bitumen(Tar),Dry,Not Applicable,Clear,TUMKUR ROAD NEAR CMTI,GOKULDAS GARMENTS,10,13.027526,77.535491,0,0,0.0,0.0