DISTRICTNAME,UNITNAME,Crime_No,Year,RI,Noofvehicle_involved,Accident_Classification,Accident_Spot,Accident_Location,Accident_SubLocation,Main_Cause,Hit_Run,Severity,Collision_Type,Junction_Control,Road_Character,Road_Type,Surface_Type,Surface_Condition,Road_Condition,Weather,Accident_Road,Landmark_first,Distance_LandMark_First,Latitude,Longitude,Road_Condition_Score,Surface_Condition_Score,Surface_Type_Score,Road_Risk_Index
Bengaluru City,Yeshwanthapura Traffic PS,1.04432e+16,2022,1,1,Road Accidents,Narrow road,City/Town,Near Bus stop,Human Error,No,Simple Injury,Vehicle to Vehicle,No signal lights,Straight and flat,One way,Bitumen(Tar),Dry,Not Applicable,Clear,MATHIKERE NEAR POST OFFICE,OLD POST OFFICE,45,13.02927,77.558733,0,0,0.0,0.0
Bengaluru City,Yeshwanthapura Traffic PS,1.04432e+16,2022,1,2,Road Accidents,Narrow road,City/Town,Near a factory industrial area,Human Error,No,Simple Injury,Vehicle to Vehicle,No signal lights,Straight and flat,State Highway,Bitumen(Tar),Dry,Not Applicable,Clear,MES RING ROAD,CHEIF ENGINEER AIR FORCE GATE NEAR,50,13.031828,77.540538,0,0,0.0,0.0
Bengaluru City,Yeshwanthapura Traffic PS,1.04432e+16,2022,1,2,Road Accidents,Circle,City/Town,Near a factory industrial area,Human Error,Yes,Fatal,Vehicle to Vehicle,No signal lights,Straight and flat,Two way,Bitumen(Tar),Dry,Not Applicable,Clear,YESHWANTHAPURA INDUSTRIAL AREA,PRICISION FACTORY,20,13.029484,77.534297,0,0,0.0,0.0
Bengaluru City,Yeshwanthapura Traffic PS,1.04432e+16,2022,1,2,Road Accidents,Narrow road,City/Town,Near Petrol Pump,Human Error,Yes,Fatal,Vehicle to Vehicle,Not at  Junction,Straight and flat,NH,Bitumen(Tar),Dry,Not Applicable,Clear,TUMKUR ROAD,macdonald,20,13.033039,77.532451,0,0,0.0,0.0
Bengaluru City,Yeshwanthapura Traffic PS,1.04432e+16,2022,1,2,Road Accidents,Not Applicable,City/Town,Open area,Vehicle Defect,No,Damage Only,Vehicle to Vehicle,Not Applicable,Straight and flat,Others,Bitumen(Tar),Dry,Not Applicable,Clear,C V RAMAN ROAD,MATTIKERE CROSS,0.5,13.017301,77.56017,0,0,0.0,0.0
Bengaluru City,Yeshwanthapura Traffic PS,1.04432e+16,2022,1,2,Road Accidents,Narrow road,City/Town,Near Petrol Pump,Human Error,Not Applicable,Fatal,Vehicle to Vehicle,Not Applicable,Straight and flat,Service Road,Bitumen(Tar),Dry,Not Applicable,Clear,NEAR KASHIVISHWANATHA TEMPLE,NEAR  SHELL PETROLE BUNK,10FT,13.027144,77.543445,0,0,0.0,0.0
Bengaluru City,Yeshwanthapura Traffic PS,1.04432e+16,2022,1,2,Road Accidents,Narrow road,City/Town,Near a religious place,Human Error,Yes,Simple Injury,Vehicle to Vehicle,Controlled,Straight and flat,Two way,Bitumen(Tar),Dry,Not Applicable,Clear,NEAR CHIFE ENGINEER OFFICE,NEAR CMTI JUNCTION,50FT,13.029209,77.538931,0,0,0.0,0.0
Bengaluru City,Yeshwanthapura Traffic PS,1.04432e+16,2022,1,2,Road Accidents,Junction,City/Town,Near Bus stop,Human Error,No,Damage Only,Vehicle to Vehicle,Signals (Working),Straight and flat,NH,Bitumen(Tar),Dry,Not Applicable,Clear,CMTI JUNCTION TUMKUR ROAD,CMTI OFFICE COMPOUND,25,13.03022,77.637008,0,0,0.0,0.0
Bengaluru City,Yeshwanthapura Traffic PS,1.04432e+16,2022,1,1,Road Accidents,Narrow road,City/Town,Near a factory industrial area,Human Error,Not Applicable,Grievous Injury,Hit pedestrian,Not Applicable,Not Applicable,Not Applicable,Bitumen(Tar),Dry,Not Applicable,Clear,OUTER RING ROAD,NEAR CELL PETROL BUNK,20FEET,13.028074,77.53578,0,0,0.0,0.0
Bengaluru City,Yeshwanthapura Traffic PS,1.04432e+16,2022,1,2,Road Accidents,Narrow road,City/Town,Near a religious place,Human Error,Yes,Simple Injury,Not Applicable,Not Applicable,Straight and flat,Others,Bitumen(Tar),Dry,Not Applicable,Clear,NEAR IISC GATE,NEAR 9TH CROSS ROAD,50FT,13.024276,77.562707,0,0,0.0,0.0
Bengaluru City,Yeshwanthapura Traffic PS,1.04432e+16,2022,1,3,Road Accidents,Junction,City/Town,Near Hospital,Human Error,No,Simple Injury,Vehicle to Vehicle,Signal lights Automatic,Not Applicable,State Highway,Bitumen(Tar),Dry,Not Applicable,Clear,TUMKUR ROAD,PEOPLE TREE HOSPITAL,10,13.028936,77.539638,0,0,0.0,0.0
Bengaluru City,Yeshwanthapura Traffic PS,1.04432e+16,2022,1,2,Road Accidents,Narrow road,City/Town,Near office complex,Human Error,No,Fatal,Vehicle to Vehicle,No signal lights,Straight and flat,One way,Bitumen(Tar),Dry,Not Applicable,Clear,C V RAMAN ROAD,JIMKHANA GROUND,10,13.016395,77.561649,0,0,0.0,0.0
Bengaluru City,Yeshwanthapura Traffic PS,1.04432e+16,2022,1,2,Road Accidents,Narrow road,City/Town,Residential area,Human Error,Yes,Grievous Injury,Vehicle to Vehicle,Not at  Junction,Straight and flat,Two way,Bitumen(Tar),Dry,Not Applicable,Clear,HMT MAIN ROAD,IISC INSTITUTE,12 FEE,13.24888,77.562469,0,0,0.0,0.0
Bengaluru City,Yeshwanthapura Traffic PS,1.04432e+16,2022,1,1,Road Accidents,Narrow road,City/Town,Near Bus stop,Human Error,No,Simple Injury,Hit pedestrian,Signal lights Automatic,Straight and flat,State Highway,Bitumen(Tar),Dry,Not Applicable,Clear,TUMKUR ROAD NEAR PEOPLE TREE HOSPITAL,PEOPLE TREE HOSPITAL,30,13.029167,77.539248,0,0,0.0,0.0
Bengaluru City,Yeshwanthapura Traffic PS,1.04432e+16,2022,1,1,Road Accidents,Narrow road,City/Town,Near office complex,Human Error,No,Grievous Injury,Hit pedestrian,No signal lights,Straight and flat,Arterial,Bitumen(Tar),Dry,No influence on accident,Clear,TUMKUR ROAD NEAR VYSHNAVI MALL,VYSHANAVI MALL,10,13.024416,77.547875,0,0,0.0,0.0
Bengaluru City,Yeshwanthapura Traffic PS,1.04432e+16,2022,1,1,Road Accidents,Not Applicable,City/Town,Near Bus stop,Human Error,Not Applicable,Grievous Injury,Not Applicable,Controlled,Others,Others,Bitumen(Tar),Dry,Not Applicable,Clear,CMTI JUNCTION TUMKUR ROAD,CMTI,10,13.0273609,77.538282,0,0,0.0,0.0
Bengaluru City,Yeshwanthapura Traffic PS,1.04432e+16,2022,1,1,Road Accidents,Narrow road,City/Town,Near Bus stop,Human Error,Yes,Fatal,Vehicle to Vehicle,No signal lights,Straight and flat,Service Road,Bitumen(Tar),Dry,Not Applicable,Clear,TUMKUR ROAD,GOVARDHAN TEATRE,25,13.021202,77.551908,0,0,0.0,0.0
Bengaluru City,Yeshwanthapura Traffic PS,1.04432e+16,2022,1,2,Road Accidents,Narrow road,City/Town,In bazaar,Human Error,No,Simple Injury,Vehicle to Vehicle,No signal lights,Straight and flat,Two way,Bitumen(Tar),Dry,Not Applicable,Clear,TRIVENI ROAD,AMBURI BIRIYANI NEAR,20,13.024952,77.560075,0,0,0.0,0.0
Bengaluru City,Yeshwanthapura Traffic PS,1.04432e+16,2022,1,2,Road Accidents,Narrow road,City/Town,Near Bus stop,Human Error,No,Simple Injury,Vehicle to Vehicle,Not at  Junction,Straight and flat,Two way,Bitumen(Tar),Dry,Not Applicable,Clear,HMT MAIN ROAD,UNIVERSAL TRADEING COMPANY,40,13.026829,77.558168,0,0,0.0,0.0
Bengaluru City,Yeshwanthapura Traffic PS,1.04432e+16,2022,1,1,Road Accidents,Not Applicable,City/Town,Near a religious place,Human Error,Not Applicable,Fatal,Hit pedestrian,Not at  Junction,Straight and flat,Not Applicable,Bitumen(Tar),Dry,Not Applicable,Clear,NEAR  BBMP COVID HOSPITAL,NEAR YESHAWANTHAPURA RAILWAY STATION,100 FT,13.021502,77.55332,0,0,0.0,0.0
Bengaluru City,Yeshwanthapura Traffic PS,1.04432e+16,2022,1,1,Not Applicable,Narrow road,City/Town,Near a religious place,Human Error,Not Applicable,Grievous Injury,Not Applicable,Controlled,Straight and flat,Not Applicable,Bitumen(Tar),Dry,Not Applicable,Clear,NEAR JALAHALLI RAILWAY ROAD,NEAR CQAE WEST OFFFICE,20 FT,13.038445,77.542064,0,0,0.0,0.0
Bengaluru City,Yeshwanthapura Traffic PS,1.04432e+16,2022,1,2,Road Accidents,Narrow road,City/Town,Near a religious place,Human Error,Not Applicable,Simple Injury,Hit bicyclist,Not Applicable,Straight and flat,Others,Bitumen(Tar),Dry,Not Applicable,Clear,NEAR MSR GATE -10,NEAR MSR RAMAIAH BOYS HOSTEL,20FT,13.031781,77.563808,0,0,0.0,0.0
Bengaluru City,Yeshwanthapura Traffic PS,1.04432e+16,2022,1,2,Road Accidents,Cross roads,City/Town,Near a religious place,Human Error,Not Applicable,Grievous Injury,Not Applicable,Not Applicable,Others,Others,Bitumen(Tar),Dry,Not Applicable,Clear,NEAR TRUPTI WINE,NEAR MADEENA TEA HOUSE,20 FT,13.021053,77.556219,0,0,0.0,0.0
Bengaluru City,Yeshwanthapura Traffic PS,1.04432e+16,2022,1,1,Road Accidents,Narrow road,City/Town,At pedestrian Crossing,Human Error,Yes,Grievous Injury,Hit pedestrian,Controlled,Straight and flat,Others,Bitumen(Tar),Dry,Not Applicable,Clear,NEAR LORRY ASSOCIATE BUILDING,NEAR OUTER RING ROAD,20 FT,13.023778,77.533123,0,0,0.0,0.0
Bengaluru City,Yeshwanthapura Traffic PS,1.04432e+16,2022,1,2,Road Accidents,Not Applicable,City/Town,Near Bus stop,Human Error,Not Applicable,Not Applicable,Not Applicable,Uncontrolled,Not Applicable,Others,Bitumen(Tar),Dry,Not Applicable,Clear,NEAR METRO STATION,NEAR MARAPPANAPALYA BUS STOP,50 FT,13.015052,77.554335,0,0,0.0,0.0
Bengaluru City,Yeshwanthapura Traffic PS,1.04432e+16,2022,1,1,Road Accidents,Narrow road,City/Town,Near a factory industrial area,Human Error,Yes,Simple Injury,Hit pedestrian,No signal lights,Not Applicable,Sub Arterial,Bitumen(Tar),Dry,Not Applicable,Clear,Near modern bread factory,IN FRONT OFF LOBOUR OFFICE,40 FT,13.026272,77.53165,0,0,0.0,0.0
Bengaluru City,Yeshwanthapura Traffic PS,1.04432e+16,2022,1,2,Road Accidents,Narrow road,City/Town,Near a religious place,Human Error,Yes,Simple Injury,Vehicle to Vehicle,Not at  Junction,Straight and flat,Others,Bitumen(Tar),Dry,Not Applicable,Clear,NEAR BMTC BUS STOP,NEAR GOPAL THEATRE,50 FT,13.016818,77.556687,0,0,0.0,0.0
Bengaluru City,Yeshwanthapura Traffic PS,1.04432e+16,2022,1,1,Road Accidents,Narrow road,City/Town,Near Bus stop,Human Error,Not Applicable,Simple Injury,Hit pedestrian,No signal lights,Straight and flat,Others,Bitumen(Tar),Dry,Not Applicable,Clear,NEAR VAISHNAVI MALL,NEAR RMC YARDS POLICE STATION,100FT,13.024087,77.54806,0,0,0.0,0.0
Bengaluru City,Yeshwanthapura Traffic PS,1.04432e+16,2022,1,1,Road Accidents,Circle,City/Town,Near Bus stop,Human Error,No,Simple Injury,Hit pedestrian,Signals (Working),Straight and flat,Two way,Bitumen(Tar),Dry,Not Applicable,Clear,YESHWANTHAPURA CIRCLE,NEW SHANTHI SAGAR,30,13.018424,77.55769,0,0,0.0,0.0
Bengaluru City,Yeshwanthapura Traffic PS,1.04432e+16,2022,1,2,Road Accidents,Junction,City/Town,Near Bus stop,Human Error,Yes,Fatal,Hit pedestrian,Signals (Working),Slight Curve,State Highway,Bitumen(Tar),Dry,Not Applicable,Clear,TUMKUR ROAD,TAJ HOTEL,10,13.028759,77.540027,0,0,0.0,0.0
Bengaluru City,Yeshwanthapura Traffic PS,1.04432e+16,2022,1,1,Road Accidents,Narrow road,City/Town,Narrow bridge or culverts,Human Error,Not Applicable,Damage Only,Not Applicable,Uncontrolled,Straight and flat,NH,Bitumen(Tar),Dry,Not Applicable,Clear,NEAR PEENYA METRO STATION,NEAR VRL TRAVELS OFFICE,20 FT,13.032286,77.53395,0,0,0.0,0.0
Bengaluru City,Yeshwanthapura Traffic PS,1.04432e+16,2022,1,1,Road Accidents,Narrow road,City/Town,Near a factory industrial area,Human Error,No,Simple Injury,Not Applicable,No signal lights,Not Applicable,Two way,Bitumen(Tar),Dry,Not Applicable,Clear,M E S ROAD,PARIMALA TOWER,20,13.032593,77.540746,0,0,0.0,0.0
Bengaluru City,Yeshwanthapura Traffic PS,1.04432e+16,2022,1,2,Road Accidents,Narrow road,City/Town,Near a factory industrial area,Human Error,No,Grievous Injury,Vehicle to Vehicle,No signal lights,Straight and flat,NH,Bitumen(Tar),Dry,Not Applicable,Clear,TUMKUR ROAD,CMTI,10,13.031776,77.535064,0,0,0.0,0.0
Bengaluru City,Yeshwanthapura Traffic PS,1.04432e+16,2022,1,2,Road Accidents,Narrow road,City/Town,Near Bus stop,Human Error,No,Simple Injury,Vehicle to Vehicle,No signal lights,Straight and flat,Service Road,Bitumen(Tar),Dry,Not Applicable,Clear,G G PALYA BUS STOP,PEOPLE TREE HOSPITAL,20,13.029125,77.539293,0,0,0.0,0.0
Bengaluru City,Yeshwanthapura Traffic PS,1.04432e+16,2022,1,2,Road Accidents,Narrow road,City/Town,Near Bus stop,Human Error,No,Damage Only,Vehicle to Vehicle,Signals (Working),Straight and flat,One way,Bitumen(Tar),Dry,Not Applicable,Clear,8TH MAIN ROAD,EMBESSI HERITAGE APARTMENT,10 FEE,13.016971,77.558551,0,0,0.0,0.0
Bengaluru City,Yeshwanthapura Traffic PS,1.04432e+16,2022,1,2,Road Accidents,Cross roads,City/Town,Near office complex,Human Error,Not Applicable,Damage Only,Vehicle to Vehicle,Controlled,Straight and flat,Others,Bitumen(Tar),Dry,Not Applicable,Clear,NEAR PEENYA METRO STATION,NEAR VRL TRAVELS OFFICE,20,13.04096,77.530563,0,0,0.0,0.0
Bengaluru City,Yeshwanthapura Traffic PS,1.04432e+16,2022,1,2,Road Accidents,Not Applicable,City/Town,Near office complex,Human Error,Not Applicable,Simple Injury,Vehicle to Vehicle,Uncontrolled,Straight and flat,One way,Bitumen(Tar),Dry,Not Applicable,Clear,NEAR YESHWANTHAPURA POLICE STATION BUILDING,NEAR SHREYAS BAR & RESTORENT,100 FT,13.018614,77.557903,0,0,0.0,0.0
Bengaluru City,Yeshwanthapura Traffic PS,1.04432e+16,2022,1,1,Road Accidents,Narrow road,City/Town,Near a religious place,Human Error,Not Applicable,Simple Injury,Vehicle to Vehicle,Not Applicable,Straight and flat,Others,Bitumen(Tar),Dry,Not Applicable,Clear,NEAR BMTC BUS STOP,NEAR SALLAPURI APARTMENT,100FT,13.018552,77.557586,0,0,0.0,0.0
Bengaluru City,Yeshwanthapura Traffic PS,1.04432e+16,2023,1,2,Road Accidents,Narrow road,City/Town,In bazaar,Human Error,Yes,Fatal,Hit pedestrian,Uncontrolled,Straight and flat,Arterial,Concrete,Not Applicable,Not Applicable,Clear,7TH CROSS 6TH MAIN,INFRONT OF GANESH TEMPLE,3 KM,13.020549,77.546126,0,0,0.0,0.0
Bengaluru City,Yeshwanthapura Traffic PS,1.04432e+16,2023,1,1,Road Accidents,Narrow road,City/Town,Open area,Human Error,Not Applicable,Fatal,Hit pedestrian,Controlled,Others,Arterial,Bitumen(Tar),Not Applicable,Not Applicable,Clear,TUMKURU ROAD,NEAR SALAR PURIA APARTMENT,40FT,13.016969,77.556928,0,0,0.0,0.0
Bengaluru City,Yeshwanthapura Traffic PS,1.04432e+16,2023,1,2,Road Accidents,Narrow road,City/Town,Near Bus stop,Human Error,Yes,Simple Injury,Vehicle to Vehicle,Not at  Junction,Not Applicable,Others,Bitumen(Tar),Dry,Not Applicable,Clear,NEAR MUNISWAMAPPA KALYANA MANTAPA,NEAR  KARLE FACTORY,100FT,13.015918,77.555879,0,0,0.0,0.0
Bengaluru City,Yeshwanthapura Traffic PS,1.04432e+16,2023,1,2,Road Accidents,Narrow road,City/Town,Near Bus stop,Human Error,No,Simple Injury,Vehicle to Vehicle,Controlled,Straight and flat,Sub Arterial,Bitumen(Tar),Dry,No influence on accident,Fine,MEI JUNCTION,MEI BUS STOP,500 M,13.026523,77.544473,0,0,0.0,0.0
Bengaluru City,Yeshwanthapura Traffic PS,1.04432e+16,2023,1,2,Road Accidents,Narrow road,City/Town,Near Bus stop,Human Error,No,Grievous Injury,Vehicle to Vehicle,Controlled,Curve and Incline,Others,Bitumen(Tar),Dry,No influence on accident,Clear,TUMKUR ROAD,MUNIWAMAPPA KALYANA MANTAPA,20 M,13.016671,77.556463,0,0,0.0,0.0
Bengaluru City,Yeshwanthapura Traffic PS,1.04432e+16,2023,1,2,Road Accidents,Narrow road,City/Town,Near Bus stop,Human Error,Not Applicable,Grievous Injury,Vehicle to Vehicle,Controlled,Straight and flat,Service Road,Bitumen(Tar),Dry,Not Applicable,Clear,NEAR GOVT FIRST GRADE COLLEGE,NEAR PEENYA SRS BUS STOP,50FT,13.033268,77.531283,0,0,0.0,0.0
Bengaluru City,Yeshwanthapura Traffic PS,1.04432e+16,2023,1,1,Road Accidents,Narrow road,City/Town,Open area,Human Error,No,Not Applicable,Not Applicable,Controlled,Others,One way,Bitumen(Tar),Dry,Not Applicable,Fine,TUMKUR MAIN ROAD,CMTI VEHICLE DIVERSION,10 M,0.0,0.0,0,0,0.0,0.0
Bengaluru City,Yeshwanthapura Traffic PS,1.04432e+16,2023,1,1,Road Accidents,Narrow road,City/Town,Near Petrol Pump,Human Error,No,Simple Injury,Hit pedestrian,Controlled,Straight and flat,Arterial,Bitumen(Tar),Not Applicable,Not Applicable,Clear,HMT MAIN ROAD,NEAR GAS BUNK,50FT,13.021415,77.563115,0,0,0.0,0.0
Bengaluru City,Yeshwanthapura Traffic PS,1.04432e+16,2023,1,1,Road Accidents,Not Applicable,City/Town,Open area,Human Error,No,Fatal,Hit pedestrian,Controlled,Straight and flat,Sub Arterial,Bitumen(Tar),Dry,No influence on accident,Clear,HMT MAIN ROAD,SHANI MAHATHMA TEMPLE,30 M,13.026316,77.561856,0,0,0.0,0.0
Bengaluru City,Yeshwanthapura Traffic PS,1.04432e+16,2023,1,2,Road Accidents,Narrow road,City/Town,Open area,Human Error,No,Damage Only,Vehicle to Vehicle,Controlled,Straight and flat,Service Road,Bitumen(Tar),Dry,Not Applicable,Fine,SERVICE ROAD,CHIEF ENGINEER OFFICE,500,13.029144,77.539757,0,0,0.0,0.0
Bengaluru City,Yeshwanthapura Traffic PS,1.04432e+16,2023,1,2,Road Accidents,Narrow road,City/Town,Near Bus stop,Human Error,No,Fatal,Vehicle to Vehicle,Controlled,Straight and flat,Sub Arterial,Bitumen(Tar),Dry,No influence on accident,Fine,FTI ROAD,FTI JN,50 M,13.024651,77.534197,0,0,0.0,0.0
Bengaluru City,Yeshwanthapura Traffic PS,1.04432e+16,2023,1,2,Road Accidents,Narrow road,City/Town,Near Bus stop,Human Error,Yes,Grievous Injury,Vehicle to Vehicle,Controlled,Straight and flat,Not Applicable,Bitumen(Tar),Dry,Not Applicable,Clear,NEAR GOKULDAS GARMENTS,NEAR CHIFE INGINEAR OFFICE,50FT,13.030288,77.537638,0,0,0.0,0.0
Bengaluru City,Yeshwanthapura Traffic PS,1.04432e+16,2023,1,1,Road Accidents,Narrow road,City/Town,Near office complex,Human Error,Not Applicable,Simple Injury,Hit pedestrian,Uncontrolled,Straight and flat,Two way,Bitumen(Tar),Dry,Not Applicable,Clear,NEAR NORTH DCP OFFICE,NEAR KENDRIYA VIDYALAYA,20FT,13.017185,77.560566,0,0,0.0,0.0
Bengaluru City,Yeshwanthapura Traffic PS,1.04432e+16,2023,1,2,Road Accidents,Narrow road,City/Town,Near a factory industrial area,Human Error,Yes,Simple Injury,Vehicle to Vehicle,Uncontrolled,Straight and flat,Two way,Bitumen(Tar),Dry,Not Applicable,Clear,Near Karle factory,Near BSNL Office,20FT,13.015533,77.554184,0,0,0.0,0.0
Bengaluru City,Yeshwanthapura Traffic PS,1.04432e+16,2023,1,2,Road Accidents,Junction,City/Town,Open area,Human Error,No,Simple Injury,Vehicle to Vehicle,Controlled,Straight and flat,Arterial,Bitumen(Tar),Not Applicable,Not Applicable,Clear,Tumkuru road,CHIFE ENJANEER OFFICE,50FT,13.029577,77.538994,0,0,0.0,0.0
Bengaluru City,Yeshwanthapura Traffic PS,1.04432e+16,2023,1,1,Road Accidents,Narrow road,City/Town,Open area,Human Error,No,Simple Injury,Hit pedestrian,Controlled,Straight and flat,Arterial,Bitumen(Tar),Not Applicable,Not Applicable,Clear,OUTER RING ROAD,NEAR SHELL PETROL BUNK,40FT,13.027643,77.53563,0,0,0.0,0.0
Bengaluru City,Yeshwanthapura Traffic PS,1.04432e+16,2023,1,2,Not Applicable,Junction,City/Town,Near Bus stop,Human Error,No,Grievous Injury,Vehicle to Vehicle,Controlled,Slight Curve,Sub Arterial,Bitumen(Tar),Dry,No influence on accident,Fine,HMT MAIN ROAD,MSR BUS STOP,50 M,13.028168,77.561935,0,0,0.0,0.0
Bengaluru City,Yeshwanthapura Traffic PS,1.04432e+16,2023,1,2,Road Accidents,Not Applicable,City/Town,Open area,Human Error,No,Damage Only,Vehicle to Vehicle,Controlled,Straight and flat,Sub Arterial,Bitumen(Tar),Dry,No influence on accident,Fine,TUMKUR ROAD,KIA SHOW ROOM,50 M,13.020134,77.552561,0,0,0.0,0.0
Bengaluru City,Yeshwanthapura Traffic PS,1.04432e+16,2023,1,1,Road Accidents,Not Applicable,City/Town,Near Hospital,Human Error,Not Applicable,Fatal,Hit pedestrian,Controlled,Straight and flat,Arterial,Bitumen(Tar),Not Applicable,Not Applicable,Clear,Tumkuru road,NEAR PEOPLE TREE HOSPITAL,60FT,13.029639,77.539637,0,0,0.0,0.0
Bengaluru City,Yeshwanthapura Traffic PS,1.04432e+16,2023,1,2,Road Accidents,Not Applicable,City/Town,Open area,Human Error,Yes,Simple Injury,Vehicle to Vehicle,Controlled,Straight and flat,Sub Arterial,Bitumen(Tar),Dry,No influence on accident,Fine,SUBEDARPALYA ROAD,HMT MAIN ROAD,100 M,13.020367,77.561253,0,0,0.0,0.0
Bengaluru City,Yeshwanthapura Traffic PS,1.04432e+16,2023,1,1,Road Accidents,Narrow road,City/Town,Open area,Human Error,Yes,Simple Injury,Hit pedestrian,Uncontrolled,Straight and flat,Arterial,Bitumen(Tar),Dry,Not Applicable,Clear,4TH CROSS ROAD,4TH CROSS A K COLONY,30 FT,13.028921,77.561705,0,0,0.0,0.0
Bengaluru City,Yeshwanthapura Traffic PS,1.04432e+16,2023,1,2,Road Accidents,Cross roads,City/Town,Near a religious place,Human Error,Not Applicable,Grievous Injury,Vehicle to Vehicle,Uncontrolled,Straight and flat,Others,Bitumen(Tar),Dry,Not Applicable,Clear,8TH MAIN ROAD,NEAR MYSORE LAMPS,10 FT,13.014285,77.560145,0,0,0.0,0.0
Bengaluru City,Yeshwanthapura Traffic PS,1.04432e+16,2023,1,1,Road Accidents,Narrow road,City/Town,Near a factory industrial area,Human Error,Not Applicable,Grievous Injury,Vehicle to Vehicle,Controlled,Straight and flat,Others,Bitumen(Tar),Dry,Not Applicable,Clear,INFRONT OF INDIAN DESIGN EXPORT PVT,NEAR MARAPPANAPALYA,20FT,13.017621,77.553876,0,0,0.0,0.0
Bengaluru City,Yeshwanthapura Traffic PS,1.04432e+16,2023,1,2,Road Accidents,Junction,City/Town,Open area,Human Error,No,Simple Injury,Vehicle to Vehicle,Controlled,Straight and flat,Arterial,Bitumen(Tar),Not Applicable,Not Applicable,Clear,TUMKURU ROAD,CMTI JUNCTION,50FT,13.030281,77.537053,0,0,0.0,0.0
Bengaluru City,Yeshwanthapura Traffic PS,1.04432e+16,2023,1,1,Road Accidents,Narrow road,City/Town,At pedestrian Crossing,Human Error,No,Fatal,Hit pedestrian,Controlled,Straight and flat,Sub Arterial,Bitumen(Tar),Dry,No influence on accident,Fine,TUMKUR ROAD,VAISHWAVI SAFAIR ROAD,100 M,13.02441,77.548798,0,0,0.0,0.0
Bengaluru City,Yeshwanthapura Traffic PS,1.04432e+16,2023,1,2,Road Accidents,Narrow road,City/Town,Open area,Human Error,Yes,Simple Injury,Vehicle to Vehicle,Controlled,Straight and flat,Sub Arterial,Bitumen(Tar),Dry,No influence on accident,Fine,TUMKUR ROAD,VAISHWAVI MALL,500 M,13.024498,77.548752,0,0,0.0,0.0
Bengaluru City,Yeshwanthapura Traffic PS,1.04432e+16,2023,1,2,Road Accidents,Junction,City/Town,Near Bus stop,Human Error,Yes,Damage Only,Vehicle to Vehicle,Controlled,Curve,Sub Arterial,Bitumen(Tar),Dry,No influence on accident,Fine,MSR ROAD,RAMAIAH BUS STOP,200 M,13.028159,77.561934,0,0,0.0,0.0
Bengaluru City,Yeshwanthapura Traffic PS,1.04432e+16,2023,1,2,Road Accidents,Narrow road,City/Town,Open area,Human Error,No,Grievous Injury,Vehicle to Vehicle,Uncontrolled,Not Applicable,Sub Arterial,Bitumen(Tar),Dry,No influence on accident,Clear,ITI COLLEGE ROAD,MAGNAM HONDA CAR SHOW ROOM,4 KM,13.030617,77.535167,0,0,0.0,0.0
Bengaluru City,Yeshwanthapura Traffic PS,1.04432e+16,2023,1,2,Road Accidents,Narrow road,City/Town,Near office complex,Human Error,Not Applicable,Damage Only,Vehicle to Vehicle,Controlled,Straight and flat,Two way,Bitumen(Tar),Dry,Not Applicable,Clear,OUTER RING ROAD,NEAR FTI GAGE,20FT,13.024949,77.534001,0,0,0.0,0.0
Bengaluru City,Yeshwanthapura Traffic PS,1.04432e+16,2023,1,2,Road Accidents,Narrow road,City/Town,Near Petrol Pump,Human Error,No,Damage Only,Vehicle to Vehicle,Not Applicable,Straight and flat,Arterial,Bitumen(Tar),Dry,Not Applicable,Fine,TUMKUR ROAD,METRO PILLAR NO 327,30FEET,13.020806,77.552211,0,0,0.0,0.0
Bengaluru City,Yeshwanthapura Traffic PS,1.04432e+16,2023,1,2,Road Accidents,Narrow road,City/Town,Open area,Human Error,No,Simple Injury,Vehicle to Vehicle,Controlled,Not Applicable,Arterial,Bitumen(Tar),Not Applicable,Not Applicable,Clear,TUMKRU ROAD,PEOPLE TREE HOSPITAL,50 FT,13.028958,77.539475,0,0,0.0,0.0
Bengaluru City,Yeshwanthapura Traffic PS,1.04432e+16,2023,1,2,Road Accidents,Narrow road,City/Town,Near a factory industrial area,Human Error,No,Simple Injury,Vehicle to Vehicle,Controlled,Straight and flat,Service Road,Bitumen(Tar),Dry,No influence on accident,Fine,SRS ROAD,ASIAN METAL,60,13.032697,77.532942,0,0,0.0,0.0
Bengaluru City,Yeshwanthapura Traffic PS,1.04432e+16,2023,1,1,Road Accidents,Junction,City/Town,Near Bus stop,Human Error,No,Simple Injury,Hit pedestrian,Controlled,Straight and flat,Sub Arterial,Bitumen(Tar),Dry,No influence on accident,Fine,HMT MAIN ROAD,MATHIKERE BUS STOP,100 M,13.036286,77.557597,0,0,0.0,0.0
Bengaluru City,Yeshwanthapura Traffic PS,1.04432e+16,2023,1,1,Road Accidents,Narrow road,City/Town,Near Bus stop,Human Error,Yes,Simple Injury,Hit pedestrian,Controlled,Straight and flat,Arterial,Bitumen(Tar),Not Applicable,Not Applicable,Clear,HMT MAIN ROAD,NEAR MATTIKERE JUNCTION,40 FT,13.034831,77.557435,0,0,0.0,0.0
Bengaluru City,Yeshwanthapura Traffic PS,1.04432e+16,2023,1,2,Road Accidents,Junction,City/Town,Near Bus stop,Human Error,Not Applicable,Fatal,Vehicle to Vehicle,Controlled,Straight and flat,Sub Arterial,Bitumen(Tar),Dry,No influence on accident,Fine,MARAPPANA PALYA RD,FLOWER MARKET,50 M,13.018098,77.553535,0,0,0.0,0.0
Bengaluru City,Yeshwanthapura Traffic PS,1.04432e+16,2023,1,2,Road Accidents,Narrow road,City/Town,Open area,Human Error,Yes,Damage Only,Vehicle to Vehicle,Controlled,Curve,Arterial,Bitumen(Tar),Not Applicable,Not Applicable,Clear,TUMKURU ROAD,CMTI JUNCTION,80 FT,13.030215,77.537139,0,0,0.0,0.0