DISTRICTNAME,UNITNAME,Crime_No,Year,RI,Noofvehicle_involved,Accident_Classification,Accident_Spot,Accident_Location,Accident_SubLocation,Main_Cause,Hit_Run,Severity,Collision_Type,Junction_Control,Road_Character,Road_Type,Surface_Type,Surface_Condition,Road_Condition,Weather,Accident_Road,Landmark_first,Distance_LandMark_First,Latitude,Longitude,Road_Condition_Score,Surface_Condition_Score,Surface_Type_Score,Road_Risk_Index
Bengaluru City,Yeshwanthapura Traffic PS,1.04432e+16,2023,1,1,Road Accidents,Narrow road,City/Town,Near Bus stop,Human Error,No,Grievous Injury,Hit pedestrian,Not at  Junction,Straight and flat,Two way,Bitumen(Tar),Dry,Not Applicable,Clear,OUTER RING ROAD,NEAR MADREN BRED FACTORY,20FT,13.024974,77.534009,0,0,0.0,0.0
Bengaluru City,Yeshwanthapura Traffic PS,1.04432e+16,2023,1,2,Road Accidents,Narrow road,City/Town,Near office complex,Human Error,Not Applicable,Simple Injury,Vehicle to Vehicle,Not at  Junction,Straight and flat,Two way,Bitumen(Tar),Dry,Not Applicable,Clear,NEAR YESHVANTHAPURA CIRCLE,NEAR MUNISWAMAPPA CHOWTRY,20FT,13.016069,77.556159,0,0,0.0,0.0
Bengaluru City,Yeshwanthapura Traffic PS,1.04432e+16,2023,1,1,Road Accidents,Circle,City/Town,Near Bus stop,Human Error,Not Applicable,Simple Injury,Hit pedestrian,Controlled,Straight and flat,Others,Bitumen(Tar),Dry,Not Applicable,Clear,NEAR ANNAPURNESHARI VEG,NEAR YESHWANTHAPURA CIRCLE,5FT,13.018397,77.557324,0,0,0.0,0.0
Bengaluru City,Yeshwanthapura Traffic PS,1.04432e+16,2023,1,2,Road Accidents,Narrow road,City/Town,Open area,Human Error,No,Grievous Injury,Vehicle to Vehicle,Controlled,Straight and flat,Sub Arterial,Bitumen(Tar),Dry,No influence on accident,Fine,OUTER RING ROAD,RELIENCE PETROL BUNK,50MTRS,13.028713,77.5362,0,0,0.0,0.0
Bengaluru City,Yeshwanthapura Traffic PS,1.04432e+16,2023,1,2,Road Accidents,Narrow road,City/Town,Near a factory industrial area,Human Error,No,Simple Injury,Vehicle to Vehicle,Controlled,Straight and flat,Arterial,Bitumen(Tar),Not Applicable,Not Applicable,Clear,MEI FACTORY ROAD,NEAR INDIAN OIL PETROL BUNK,60 FT,13.02602,77.543944,0,0,0.0,0.0
Bengaluru City,Yeshwanthapura Traffic PS,1.04432e+16,2023,1,3,Road Accidents,Narrow road,City/Town,Near a factory industrial area,Human Error,No,Damage Only,Vehicle to Vehicle,Controlled,Straight and flat,Arterial,Bitumen(Tar),Not Applicable,Not Applicable,Clear,YESHWANTHPURA INDUSTIAL ROAD 4TH MAIN,KIV RAJ MOTORS,40 FT,13.030376,77.535046,0,0,0.0,0.0
Bengaluru City,Yeshwanthapura Traffic PS,1.04432e+16,2023,1,2,Road Accidents,Narrow road,City/Town,Open area,Human Error,Not Applicable,Simple Injury,Vehicle to Vehicle,Controlled,Straight and flat,Arterial,Bitumen(Tar),Others,Not Applicable,Clear,NEAR SRS JUNCTION,NEAR SRS U TURN,40FT,13.34194,77.530644,0,1,0.0,1.0
Bengaluru City,Yeshwanthapura Traffic PS,1.04432e+16,2023,1,2,Road Accidents,Junction,City/Town,Near Bus stop,Human Error,No,Simple Injury,Vehicle to Vehicle,Controlled,Straight and flat,Sub Arterial,Bitumen(Tar),Dry,No influence on accident,Clear,HMT MAIN ROAD,MSR BUS STOP,100 M,13.028291,77.561404,0,0,0.0,0.0
Bengaluru City,Yeshwanthapura Traffic PS,1.04432e+16,2023,1,1,Road Accidents,Narrow road,City/Town,Residential area,Human Error,Not Applicable,Fatal,Not Applicable,Not Applicable,Straight and flat,Others,Bitumen(Tar),Dry,Not Applicable,Clear,NEAR VEGITABLE AND FRUITES SHOP,NEAR DHANALAKSHMI COMPLEX,20,13.033941,77.556294,0,0,0.0,0.0
Bengaluru City,Yeshwanthapura Traffic PS,1.04432e+16,2023,1,1,Road Accidents,Narrow road,City/Town,Near a factory industrial area,Human Error,No,Simple Injury,Hit pedestrian,Controlled,Straight and flat,One way,Bitumen(Tar),Dry,No influence on accident,Fine,OUTER RING ROAD,ELECTRIC POLE,60,13.024873,77.534131,0,0,0.0,0.0
Bengaluru City,Yeshwanthapura Traffic PS,1.04432e+16,2023,1,1,Road Accidents,Junction,City/Town,Near Bus stop,Human Error,No,Grievous Injury,Hit pedestrian,Controlled,Straight and flat,Arterial,Bitumen(Tar),Dry,No influence on accident,Clear,TUMKUR ROAD,GOVARDAN BUS STOP,20 M,13.018491,77.553248,0,0,0.0,0.0
Bengaluru City,Yeshwanthapura Traffic PS,1.04432e+16,2023,1,2,Road Accidents,Narrow road,City/Town,Near Hospital,Human Error,Yes,Grievous Injury,Vehicle to Vehicle,Uncontrolled,Straight and flat,Others,Bitumen(Tar),Dry,Not Applicable,Clear,Tumkuru road,NEAR SPARSHA HOSPITAL,1.5 KM,13.025057,77.534081,0,0,0.0,0.0
Bengaluru City,Yeshwanthapura Traffic PS,1.04432e+16,2023,1,1,Road Accidents,Narrow road,City/Town,Near Bus stop,Human Error,Not Applicable,Simple Injury,Hit bicyclist,Not Applicable,Straight and flat,Two way,Bitumen(Tar),Dry,Not Applicable,Clear,NEAR MUNISWAMAPPA KALYANA MANTAPA,NEAR KIRLOSKAR CROSS,50 FT,13.016483,77.556467,0,0,0.0,0.0
Bengaluru City,Yeshwanthapura Traffic PS,1.04432e+16,2023,1,1,Road Accidents,Junction,City/Town,At pedestrian Crossing,Human Error,Not Applicable,Fatal,Hit pedestrian,No signal lights,Others,Two way,Bitumen(Tar),Dry,Not Applicable,Clear,Tumkuru road,NEAR MARAPPANAPALYA BUS STOP,20FT,77.017918,77.553556,0,0,0.0,0.0
Bengaluru City,Yeshwanthapura Traffic PS,1.04432e+16,2023,1,2,Road Accidents,Junction,City/Town,Near Bus stop,Human Error,Not Applicable,Grievous Injury,Vehicle to Vehicle,Controlled,Straight and flat,Others,Bitumen(Tar),Dry,Not Applicable,Clear,NEAR BMTC BUS STOP,NEAR KLE COLLAGE,20FT,13.030809,77.536756,0,0,0.0,0.0
Bengaluru City,Yeshwanthapura Traffic PS,1.04432e+16,2023,1,2,Road Accidents,Narrow road,City/Town,Near a factory industrial area,Human Error,Yes,Damage Only,Vehicle to Vehicle,Controlled,Straight and flat,Two way,Bitumen(Tar),Dry,Not Applicable,Clear,MES RING ROAD,NEAR CQAE GROUND,10FT,13.036836,77.541655,0,0,0.0,0.0
Bengaluru City,Yeshwanthapura Traffic PS,1.04432e+16,2023,1,2,Road Accidents,Junction,City/Town,Near Bus stop,Human Error,Not Applicable,Damage Only,Vehicle to Vehicle,Controlled,Straight and flat,Others,Bitumen(Tar),Dry,Not Applicable,Clear,TUMKURU ROAD,NEAR CMTI JUNCTION,20FT,13.030199,77.537997,0,0,0.0,0.0
Bengaluru City,Yeshwanthapura Traffic PS,1.04432e+16,2023,1,2,Road Accidents,Narrow road,City/Town,Near Bus stop,Human Error,Not Applicable,Simple Injury,Vehicle to Vehicle,Uncontrolled,Straight and flat,Others,Bitumen(Tar),Dry,Not Applicable,Clear,NEAR PLATINUM CITY APARTMENT,NEAR CMTI,50FT,13.032777,77.533252,0,0,0.0,0.0
Bengaluru City,Yeshwanthapura Traffic PS,1.04432e+16,2023,1,2,Road Accidents,Junction,City/Town,Open area,Human Error,Yes,Simple Injury,Vehicle to Vehicle,Controlled,Straight and flat,Arterial,Bitumen(Tar),Others,Not Applicable,Clear,OUTER RING ROAD,gokul das garments,80,13.030175,77.537088,0,1,0.0,1.0
Bengaluru City,Yeshwanthapura Traffic PS,1.04432e+16,2023,1,2,Road Accidents,Narrow road,City/Town,Open area,Human Error,Not Applicable,Fatal,Vehicle to Vehicle,Controlled,Straight and flat,Arterial,Bitumen(Tar),Not Applicable,Not Applicable,Clear,H MT MAIN ROAD,IISC QUATERS,60FT,13.019791,77.562289,0,0,0.0,0.0
Bengaluru City,Yeshwanthapura Traffic PS,1.04432e+16,2023,1,1,Road Accidents,Narrow road,City/Town,Open area,Human Error,Not Applicable,Fatal,Hit pedestrian,Controlled,Straight and flat,Arterial,Bitumen(Tar),Not Applicable,Not Applicable,Clear,TRIVENI ROAD,KARNATAK TEST HOUSE,30FT,13.025147,77.560146,0,0,0.0,0.0
Bengaluru City,Yeshwanthapura Traffic PS,1.04432e+16,2023,1,2,Road Accidents,Narrow road,City/Town,Open area,Human Error,No,Grievous Injury,Vehicle to Vehicle,Not Applicable,Not Applicable,Arterial,Bitumen(Tar),Dry,Not Applicable,Fine,TRIVENI ROAD,TREE,20 FT,13.025137,77.560153,0,0,0.0,0.0
Bengaluru City,Yeshwanthapura Traffic PS,1.04432e+16,2023,1,2,Road Accidents,Narrow road,City/Town,Near School or College,Human Error,No,Simple Injury,Vehicle to Vehicle,Controlled,Straight and flat,Arterial,Bitumen(Tar),Not Applicable,Not Applicable,Clear,C V RAMAN ROAD,ZIMKHAN GROUND,40FT,13.017135,77.560462,0,0,0.0,0.0
Bengaluru City,Yeshwanthapura Traffic PS,1.04432e+16,2023,1,1,Road Accidents,Not Applicable,City/Town,Open area,Human Error,No,Fatal,Not Applicable,Uncontrolled,Curve,Minor District Road,Bitumen(Tar),Dry,Not Applicable,Clear,tumkur road,opposite bsnl office,tree,13.024498,77.548752,0,0,0.0,0.0
Bengaluru City,Yeshwanthapura Traffic PS,1.04432e+16,2023,1,1,Road Accidents,Narrow road,City/Town,Residential area,Human Error,No,Grievous Injury,Hit pedestrian,Controlled,Straight and flat,Service Road,Bitumen(Tar),Dry,No influence on accident,Fine,MUTHYALAMMA BRIDGE,MUTHYALAMMA BRIDGE,100 M,13.040197,77.549821,0,0,0.0,0.0
Bengaluru City,Yeshwanthapura Traffic PS,1.04432e+16,2023,1,2,Road Accidents,Narrow road,City/Town,Near School or College,Human Error,No,Grievous Injury,Vehicle to Vehicle,Controlled,Straight and flat,Service Road,Bitumen(Tar),Dry,No influence on accident,Fine,TUMKUR ROAD,RMC YARD,500 M,13.022343,77.547134,0,0,0.0,0.0
Bengaluru City,Yeshwanthapura Traffic PS,1.04432e+16,2023,1,2,Road Accidents,Narrow road,City/Town,Open area,Human Error,No,Fatal,Vehicle to Vehicle,Controlled,Straight and flat,Arterial,Bitumen(Tar),Not Applicable,Not Applicable,Clear,TUMKURU ROAD,NEAR PEENYA METRO STATION,60FT,13.03118,77.535262,0,0,0.0,0.0
Bengaluru City,Yeshwanthapura Traffic PS,1.04432e+16,2023,1,2,Road Accidents,Not Applicable,City/Town,Near a factory industrial area,Human Error,No,Grievous Injury,Vehicle to Vehicle,Controlled,Straight and flat,Sub Arterial,Bitumen(Tar),Dry,No influence on accident,Fine,C V RAMAN ROAD,BHEL FACTORY,100 M,13.015299,77.563829,0,0,0.0,0.0
Bengaluru City,Yeshwanthapura Traffic PS,1.04432e+16,2023,1,2,Road Accidents,Narrow road,City/Town,Open area,Human Error,Yes,Simple Injury,Vehicle to Vehicle,Controlled,Straight and flat,Arterial,Bitumen(Tar),Others,Not Applicable,Clear,MATTIKERE MAIN ROAD,NEAR GOVT SCHOOL,40 FT,13.034165,77.560553,0,1,0.0,1.0
Bengaluru City,Yeshwanthapura Traffic PS,1.04432e+16,2023,1,1,Road Accidents,Narrow road,City/Town,Residential area,Human Error,No,Grievous Injury,Hit pedestrian,Not Applicable,Straight and flat,Service Road,Bitumen(Tar),Dry,No influence on accident,Fine,BAZAR ROAD,BAZAR CIRCLE,20 M,13.020042,77.555493,0,0,0.0,0.0
Bengaluru City,Yeshwanthapura Traffic PS,1.04432e+16,2023,1,2,Road Accidents,Narrow road,City/Town,Near office complex,Human Error,Yes,Simple Injury,Vehicle to Vehicle,Not Applicable,Straight and flat,Two way,Bitumen(Tar),Dry,Not Applicable,Cloudy,MES ROAD,NEAR TAJVIVANTH HOTEL,20 FT,13.029589,77.54026,0,0,0.0,0.0
Bengaluru City,Yeshwanthapura Traffic PS,1.04432e+16,2023,1,2,Road Accidents,Narrow road,City/Town,Near a religious place,Human Error,Yes,Grievous Injury,Vehicle to Vehicle,Not Applicable,Straight and flat,Others,Bitumen(Tar),Dry,Not Applicable,Clear,NEAR FARN RESIDENSY,NEAR HOTEL PRASAD,10FT,13.027037,77.543582,0,0,0.0,0.0
Bengaluru City,Yeshwanthapura Traffic PS,1.04432e+16,2023,1,1,Road Accidents,Not Applicable,City/Town,Near a religious place,Human Error,Yes,Grievous Injury,Hit pedestrian,Uncontrolled,Not Applicable,Residential Street,Bitumen(Tar),Dry,Not Applicable,Clear,4TH CROSS GOKUL EXTENSION,MATTIKERE,20 FT,13.015362,77.547828,0,0,0.0,0.0
Bengaluru City,Yeshwanthapura Traffic PS,1.04432e+16,2023,1,2,Road Accidents,Narrow road,City/Town,Open area,Human Error,Not Applicable,Simple Injury,Vehicle to Vehicle,Not at  Junction,Straight and flat,Arterial,Bitumen(Tar),Dry,No influence on accident,Clear,MES RING ROAD,NEAR ALISDA OFFICE,50 FT,13.037339,77.541697,0,0,0.0,0.0
Bengaluru City,Yeshwanthapura Traffic PS,1.04432e+16,2023,1,1,Road Accidents,Cross roads,City/Town,Near Bus stop,Human Error,No,Fatal,Not Applicable,Controlled,Curve,Two way,Bitumen(Tar),Dry,No influence on accident,Fine,HMT MAIN ROAD,HMT MAIN ROAD,50 mtr,13.017218,77.560591,0,0,0.0,0.0
Bengaluru City,Yeshwanthapura Traffic PS,1.04432e+16,2023,1,2,Road Accidents,Junction,City/Town,Near Bus stop,Human Error,No,Damage Only,Vehicle to Vehicle,Controlled,Straight and flat,Sub Arterial,Bitumen(Tar),Dry,No influence on accident,Fine,TUMKUR ROAD,TAZ HOTEL,20 M,13.028744,77.540097,0,0,0.0,0.0
Bengaluru City,Yeshwanthapura Traffic PS,1.04432e+16,2023,1,2,Road Accidents,Not Applicable,City/Town,Open area,Human Error,No,Fatal,Vehicle to Vehicle,Controlled,Straight and flat,Arterial,Bitumen(Tar),Dry,No influence on accident,Fine,OUTER RING ROAD,RAJKUMAR SAMADI,250 M,13.023385,77.533254,0,0,0.0,0.0
Bengaluru City,Yeshwanthapura Traffic PS,1.04432e+16,2023,1,1,Road Accidents,Narrow road,City/Town,Open area,Human Error,Not Applicable,Simple Injury,Hit pedestrian,Not at  Junction,Straight and flat,Others,Bitumen(Tar),Dry,Not Applicable,Clear,NEAR PUTER RING ROAD,NEAR WEST GOKHULDAS GARMENTES,50 FT,13.025057,77.534081,0,0,0.0,0.0
Bengaluru City,Yeshwanthapura Traffic PS,1.04432e+16,2023,1,2,Road Accidents,Narrow road,City/Town,Near Bus stop,Human Error,Yes,Fatal,Vehicle to Vehicle,Not Applicable,Straight and flat,Two way,Bitumen(Tar),Dry,Not Applicable,Clear,Tumkuru road,NEAR  SHELL PETROLE BUNK,20 FT,13.024887,77.54686,0,0,0.0,0.0
Bengaluru City,Yeshwanthapura Traffic PS,1.04432e+16,2023,1,2,Road Accidents,Narrow road,City/Town,Near Bus stop,Human Error,Not Applicable,Damage Only,Vehicle to Vehicle,Controlled,Not Applicable,Others,Bitumen(Tar),Dry,Not Applicable,Clear,NEAR CMTI FACTORY,NEAR BFW JUNCTION,20FT,13.032243,77.533898,0,0,0.0,0.0
Bengaluru City,Yeshwanthapura Traffic PS,1.04432e+16,2023,1,2,Road Accidents,Narrow road,City/Town,Narrow bridge or culverts,Human Error,Not Applicable,Damage Only,Vehicle to Vehicle,Uncontrolled,Straight and flat,Others,Bitumen(Tar),Dry,Not Applicable,Clear,OPPOSITE OF DAKSHINA DELIKESI HOTEL,NEAR PEENYA FLY OVER,20FT,13.032139,77.534112,0,0,0.0,0.0
Bengaluru City,Yeshwanthapura Traffic PS,1.04432e+16,2023,1,2,Road Accidents,Junction,City/Town,Open area,Human Error,Yes,Damage Only,Vehicle to Vehicle,Signal lights Manual,Not Applicable,Arterial,Bitumen(Tar),Dry,Not Applicable,Fine,OUTER RING ROAD,TREE,25FT,13.030245,77.537135,0,0,0.0,0.0
Bengaluru City,Yeshwanthapura Traffic PS,1.04432e+16,2023,1,2,Road Accidents,Narrow road,City/Town,Open area,Human Error,Not Applicable,Fatal,Vehicle to Vehicle,Controlled,Straight and flat,Arterial,Bitumen(Tar),Not Applicable,Not Applicable,Clear,HMT MAIN ROAD,INFRONT OF IISC QUATERS,40 FT,13.019087,77.561726,0,0,0.0,0.0
Bengaluru City,Yeshwanthapura Traffic PS,1.04432e+16,2023,1,1,Road Accidents,Narrow road,City/Town,Residential area,Human Error,Not Applicable,Fatal,Vehicle to Vehicle,Controlled,Others,Arterial,Bitumen(Tar),Others,Not Applicable,Clear,KEB QUATERS MAIN ROAD,NEAR GANESH TEMPLE,30FT,13.029016,77.526907,0,1,0.0,1.0
Bengaluru City,Yeshwanthapura Traffic PS,1.04432e+16,2023,1,2,Road Accidents,Narrow road,City/Town,Open area,Human Error,Not Applicable,Simple Injury,Vehicle to Vehicle,Controlled,Straight and flat,Arterial,Bitumen(Tar),Not Applicable,Not Applicable,Clear,FTI Outer Ring road,OPPOSITE LORRY OWNER BUILDING,40FT,13.024195,77.533616,0,0,0.0,0.0
Bengaluru City,Yeshwanthapura Traffic PS,1.04432e+16,2023,1,1,Road Accidents,Narrow road,City/Town,Near Bus stop,Human Error,No,Simple Injury,Hit pedestrian,Controlled,Straight and flat,Sub Arterial,Bitumen(Tar),Dry,No influence on accident,Fine,HMT MAIN ROAD,MATHIKERE BUS STOP,50 M,13.035149,77.557485,0,0,0.0,0.0
Bengaluru City,Yeshwanthapura Traffic PS,1.04432e+16,2023,1,1,Road Accidents,Not Applicable,City/Town,Open area,Human Error,No,Grievous Injury,Hit pedestrian,Controlled,Straight and flat,Sub Arterial,Bitumen(Tar),Dry,No influence on accident,Clear,MEI ROAD,ADA SENSOR PVT LTD,50 M,13.021033,77.541049,0,0,0.0,0.0
Bengaluru City,Yeshwanthapura Traffic PS,1.04432e+16,2023,1,2,Road Accidents,Narrow road,City/Town,Open area,Human Error,Not Applicable,Simple Injury,Vehicle to Vehicle,Not Applicable,Not Applicable,Others,Bitumen(Tar),Dry,Not Applicable,Clear,NEAR GANESH AUTO SERVICE CENTER,NEAR 80FT ROAD,50FT,13.033035,77.554654,0,0,0.0,0.0
Bengaluru City,Yeshwanthapura Traffic PS,1.04432e+16,2023,1,2,Road Accidents,Junction,City/Town,Near office complex,Human Error,Yes,Fatal,Vehicle to Vehicle,Controlled,Straight and flat,Others,Bitumen(Tar),Dry,Not Applicable,Clear,NEAR CHIFE ENGINEER OFFICE,NEAR OUTER RING ROAD,100FT,13.03022,77.537941,0,0,0.0,0.0
Bengaluru City,Yeshwanthapura Traffic PS,1.04432e+16,2023,1,2,Road Accidents,Junction,City/Town,Open area,Human Error,No,Grievous Injury,Vehicle to Vehicle,Signals (Working),Straight and flat,Others,Bitumen(Tar),Dry,Not Applicable,Clear,TUMKUR ROAD NEAR SRS JUNCTION,SRS JUNCTION,40 FT,13.03471,77.529754,0,0,0.0,0.0
Bengaluru City,Yeshwanthapura Traffic PS,1.04432e+16,2023,1,1,Road Accidents,Narrow road,City/Town,Near Bus stop,Human Error,Not Applicable,Grievous Injury,Hit pedestrian,Uncontrolled,Straight and flat,Others,Bitumen(Tar),Dry,Not Applicable,Fine,NEAR JIMKHANA GATE,NEAR C V RAMAN ROAD,50FT,13.015989,77.562523,0,0,0.0,0.0
Bengaluru City,Yeshwanthapura Traffic PS,1.04432e+16,2023,1,1,Road Accidents,Narrow road,City/Town,Near office complex,Human Error,Not Applicable,Grievous Injury,Hit pedestrian,Not Applicable,Not Applicable,Others,Bitumen(Tar),Dry,Not Applicable,Clear,KATTA AGENCY,NEAR PANDURANGA TREDERS,10FT,13.021062,77.547559,0,0,0.0,0.0
Bengaluru City,Yeshwanthapura Traffic PS,1.04432e+16,2023,1,2,Road Accidents,Narrow road,City/Town,Near a religious place,Human Error,Not Applicable,Grievous Injury,Vehicle to Vehicle,Uncontrolled,Straight and flat,Others,Bitumen(Tar),Dry,Not Applicable,Clear,NEAR SURANA COLLEGE,ESI HOPITAL ROAD,100FT,13.022408,77.52906,0,0,0.0,0.0
Bengaluru City,Yeshwanthapura Traffic PS,1.04432e+16,2023,1,1,Road Accidents,Junction,City/Town,Near Hospital,Human Error,Not Applicable,Grievous Injury,Hit pedestrian,Controlled,Straight and flat,Others,Bitumen(Tar),Dry,Not Applicable,Clear,GORAGUNTEPALYA JUNCTION,NEAR TAJ VIVANTH HOTEL,20FEET,13.028934,77.540064,0,0,0.0,0.0
Bengaluru City,Yeshwanthapura Traffic PS,1.04432e+16,2023,1,2,Road Accidents,Junction,City/Town,Open area,Human Error,No,Damage Only,Vehicle to Vehicle,Controlled,Straight and flat,Arterial,Bitumen(Tar),Others,Not Applicable,Clear,TUMAKUR ROAD,FURN HOTEL,40FT,13.027014,77.543562,0,1,0.0,1.0
Bengaluru City,Yeshwanthapura Traffic PS,1.04432e+16,2023,1,1,Road Accidents,Narrow road,City/Town,Residential area,Human Error,No,Grievous Injury,Hit pedestrian,Controlled,Straight and flat,Sub Arterial,Bitumen(Tar),Dry,No influence on accident,Fine,RMC YARD ROAD,RMC YARD PS,200 M,13.02443,77.548792,0,0,0.0,0.0
Bengaluru City,Yeshwanthapura Traffic PS,1.04432e+16,2023,1,1,Road Accidents,Narrow road,City/Town,Near a factory industrial area,Human Error,Not Applicable,Grievous Injury,Not Applicable,Not Applicable,Straight and flat,Two way,Bitumen(Tar),Dry,Not Applicable,Clear,TUMKUR ROAD,NEAR CMTI FACTORY,20 FT,13.031629,77.535826,0,0,0.0,0.0
Bengaluru City,Yeshwanthapura Traffic PS,1.04432e+16,2023,1,3,Road Accidents,Narrow road,City/Town,Near Hospital,Human Error,No,Damage Only,Vehicle to Vehicle,Controlled,Straight and flat,Two way,Bitumen(Tar),Dry,Not Applicable,Clear,NEAR PEOPLE TREE HOSPITAL,NEAR CHIFE ENGINEAR OFFICE,50 FT,13.028932,77.540057,0,0,0.0,0.0
Bengaluru City,Yeshwanthapura Traffic PS,1.04432e+16,2023,1,2,Road Accidents,Narrow road,City/Town,Near a factory industrial area,Human Error,No,Grievous Injury,Vehicle to Vehicle,Not Applicable,Straight and flat,Others,Bitumen(Tar),Dry,Not Applicable,Clear,NEAR IISC  GATE,HMT MAIN ROAD,20 FT,13.018814,77.261478,0,0,0.0,0.0
Bengaluru City,Yeshwanthapura Traffic PS,1.04432e+16,2023,1,1,Road Accidents,Not Applicable,City/Town,Near office complex,Human Error,No,Grievous Injury,Not Applicable,Not Applicable,Not Applicable,Others,Bitumen(Tar),Dry,Not Applicable,Clear,OPPOSITE KENDRIYA UGRANA SAMSTE,2ND MAIN APMC,10FT,13.023846,77.546513,0,0,0.0,0.0
Bengaluru City,Yeshwanthapura Traffic PS,1.04432e+16,2023,1,2,Road Accidents,Narrow road,City/Town,Near Bus stop,Human Error,Not Applicable,Grievous Injury,Vehicle to Vehicle,Uncontrolled,Straight and flat,Others,Bitumen(Tar),Dry,Not Applicable,Clear,NEAR PEENYA METRO STATION,TUMKURU ROAD,20FT,13.032775,77.533353,0,0,0.0,0.0
Bengaluru City,Yeshwanthapura Traffic PS,1.04432e+16,2023,1,2,Road Accidents,Narrow road,City/Town,Near a religious place,Human Error,Yes,Grievous Injury,Vehicle to Vehicle,Controlled,Straight and flat,Others,Bitumen(Tar),Dry,Not Applicable,Clear,80FEET ROAD,MOHANKUMAR NAGAR,10FT,13.032535,77.554055,0,0,0.0,0.0
Bengaluru City,Yeshwanthapura Traffic PS,1.04432e+16,2023,1,1,Road Accidents,Narrow road,City/Town,At pedestrian Crossing,Human Error,Yes,Fatal,Hit pedestrian,Not Applicable,Not Applicable,Arterial,Bitumen(Tar),Dry,Not Applicable,Clear,HMT MAIN ROAD,STREET LIGHT,25ft,13.030067,77.5600608,0,0,0.0,0.0
Bengaluru City,Yeshwanthapura Traffic PS,1.04432e+16,2023,1,2,Road Accidents,Not Applicable,City/Town,Near a factory industrial area,Human Error,No,Simple Injury,Vehicle to Vehicle,Controlled,Straight and flat,Arterial,Bitumen(Tar),Others,Not Applicable,Clear,TUMKURU ROAD,CMTI FACTORY,50FT,13.03197,77.534801,0,1,0.0,1.0
Bengaluru City,Yeshwanthapura Traffic PS,1.04432e+16,2023,1,2,Road Accidents,Junction,City/Town,Near a factory industrial area,Human Error,No,Grievous Injury,Vehicle to Vehicle,Controlled,Straight and flat,Sub Arterial,Bitumen(Tar),Dry,No influence on accident,Fine,TUMKUR ROAD,CMTI JUNCTION,0 M,13.030543,77.537132,0,0,0.0,0.0
Bengaluru City,Yeshwanthapura Traffic PS,1.04432e+16,2023,1,1,Road Accidents,Narrow road,City/Town,At pedestrian Crossing,Human Error,No,Fatal,Hit pedestrian,Controlled,Straight and flat,Service Road,Bitumen(Tar),Dry,No influence on accident,Fine,FTI ROAD,CMTI JN,100 M,13.028587,77.536184,0,0,0.0,0.0
Bengaluru City,Yeshwanthapura Traffic PS,1.04432e+16,2023,1,1,Road Accidents,Not Applicable,City/Town,Open area,Human Error,Yes,Grievous Injury,Hit pedestrian,Controlled,Straight and flat,Arterial,Bitumen(Tar),Dry,No influence on accident,Clear,TUMKUR ROAD,M PALYA BUS STOP,50 M,13.019025,77.553293,0,0,0.0,0.0
Bengaluru Dist,Anekal PS,1.04421e+16,2016,1,2,Not Applicable,Cross roads,Not Applicable,Open area,Vehicle Defect,Not Applicable,Grievous Injury,Others,Not Applicable,Not Applicable,Two way,Kutcha,Not Applicable,Not Applicable,Others,ANEKAL THALI  ROAD,TAR ROAD,5 KM,0.0,0.0,0,0,4.0,4.0
Bengaluru Dist,Anekal PS,1.04421e+16,2016,1,2,Not Applicable,Cross roads,Rural Areas,Open area,Vehicle Defect,Not Applicable,Not Applicable,Not Applicable,Uncontrolled,Not Applicable,Two way,Kutcha,Others,Not Applicable,Others,ANEKAL CHANDAPURA ROAD,TAR ROAD,5,0.0,0.0,0,1,4.0,5.0
Bengaluru Dist,Anekal PS,1.04421e+16,2016,1,1,Road Accidents,Staggered junction,Rural Areas,Near School or College,Not Applicable,No,Grievous Injury,Not Applicable,Uncontrolled,Others,Others,Not Applicable,Others,Not Applicable,Others,ANEKAL-CHANDAPURA ROAD,OPP ALLIYANCE COLLAGE,3,0.0,0.0,0,1,0.0,1.0
Bengaluru Dist,Anekal PS,1.04421e+16,2016,1,2,Road Accidents,Cross roads,Not Applicable,Near Bus stop,Not Applicable,Not Applicable,Grievous Injury,Others,Not Applicable,Hump,Two way,Kutcha,Not Applicable,Not Applicable,Not Applicable,anekal chandapura road,TAR ROAD,3,0.0,0.0,0,0,4.0,4.0
Bengaluru Dist,Anekal PS,1.04421e+16,2016,1,1,Not Applicable,Cross roads,Not Applicable,Open area,Not Applicable,Not Applicable,Grievous Injury,Others,Stop sign,Hump,Two way,Kutcha,Not Applicable,Not Applicable,Not Applicable,ANEKAL THALI  ROAD,TAR ROAD,5,0.0,0.0,0,0,4.0,4.0
Bengaluru Dist,Anekal PS,1.04421e+16,2016,1,1,Road Accidents,Cross roads,Not Applicable,Open area,Vehicle Defect,Not Applicable,Grievous Injury,Not Applicable,Not Applicable,Others,Two way,Gravel,Others,Not Applicable,Not Applicable,ANEKAL -CHANDAPURA,TAR ROAD,4,0.0,0.0,0,1,3.0,4.0
Bengaluru Dist,Anekal PS,1.04421e+16,2016,1,1,Not Applicable,Cross roads,Not Applicable,Near Bus stop,Vehicle Defect,Not Applicable,Grievous Injury,Not Applicable,Not at  Junction,Others,Others,Gravel,Dry,Not Applicable,Others,ANEKAL HOSURU ROAD,TAR ROAD,1,0.0,0.0,0,0,3.0,3.0