DISTRICTNAME,UNITNAME,Crime_No,Year,RI,Noofvehicle_involved,Accident_Classification,Accident_Spot,Accident_Location,Accident_SubLocation,Main_Cause,Hit_Run,Severity,Collision_Type,Junction_Control,Road_Character,Road_Type,Surface_Type,Surface_Condition,Road_Condition,Weather,Accident_Road,Landmark_first,Distance_LandMark_First,Latitude,Longitude,Road_Condition_Score,Surface_Condition_Score,Surface_Type_Score,Road_Risk_Index
Bengaluru Dist,Anekal PS,1.04421e+16,2016,1,2,Road Accidents,Cross roads,Not Applicable,Open area,Vehicle Defect,Not Applicable,Grievous Injury,Others,Not Applicable,Not Applicable,Two way,Gravel,Muddy,Not Applicable,Not Applicable,anekal  chandapura road,TAR ROAD,1,0.0,0.0,0,4,3.0,7.0
Bengaluru Dist,Anekal PS,1.04421e+16,2016,1,1,Road Accidents,Cross roads,Not Applicable,Open area,Vehicle Defect,Not Applicable,Grievous Injury,Others,Not Applicable,Others,Two way,Not Applicable,Others,Not Applicable,Others,anekal  bannerughatta road,TAR ROAD,2,0.0,0.0,0,1,0.0,1.0
Bengaluru Dist,Anekal PS,1.04421e+16,2016,1,1,Not Applicable,Not Applicable,Not Applicable,Open area,Vehicle Defect,Not Applicable,Grievous Injury,Others,Not Applicable,Others,Others,Kutcha,Others,Not Applicable,Others,KARAKALGHATTA ROAD,TAR ROAD,5,0.0,0.0,0,1,4.0,5.0
Bengaluru Dist,Anekal PS,1.04421e+16,2016,1,1,Not Applicable,Not Applicable,Not Applicable,Open area,Vehicle Defect,Not Applicable,Grievous Injury,Others,Not Applicable,Others,Others,Kutcha,Others,Not Applicable,Not Applicable,ANEKAL HOSURU ROAD,TA,2,0.0,0.0,0,1,4.0,5.0
Bengaluru Dist,Anekal PS,1.04421e+16,2016,1,1,Road Accidents,Cross roads,Rural Areas,Open area,Vehicle Defect,Not Applicable,Grievous Injury,Not Applicable,Not Applicable,Others,Two way,Not Applicable,Others,Not Applicable,Not Applicable,SONNANAYAKANAPURA,NILAGIRI TOP,5,0.0,0.0,0,1,0.0,1.0
Bengaluru Dist,Anekal PS,1.04421e+16,2016,1,2,Road Accidents,Cross roads,Rural Areas,Open area,Not Applicable,No,Damage Only,Not Applicable,Controlled,Curve,Others,Not Applicable,Not Applicable,Not Applicable,Others,ANEKAL to BANNERGHATTA ROAD,TAR ROAD,3KM,0.0,0.0,0,0,0.0,0.0
Bengaluru Dist,Anekal PS,1.04421e+16,2016,1,1,Road Accidents,Other,Rural Areas,Open area,Vehicle Defect,Not Applicable,Grievous Injury,Not Applicable,Not Applicable,Others,Two way,Not Applicable,Not Applicable,Not Applicable,Others,anekal  bannerughatta road,TAR ROAD,2,0.0,0.0,0,0,0.0,0.0
Bengaluru Dist,Anekal PS,1.04421e+16,2016,1,1,Road Accidents,Not Applicable,Rural Areas,Open area,Vehicle Defect,Not Applicable,Grievous Injury,Others,Stop sign,Others,Two way,Not Applicable,Others,Not Applicable,Others,ANEKAL HOSURU ROAD,TAR ROAD,2,0.0,0.0,0,1,0.0,1.0
Bengaluru Dist,Anekal PS,1.04421e+16,2016,1,1,Road Accidents,Cross roads,Rural Areas,Open area,Vehicle Defect,Not Applicable,Grievous Injury,Others,Not Applicable,Others,Not Applicable,Kutcha,Not Applicable,Not Applicable,Others,ANEKAL CHANDAPURA ROAD,TAR ROAD,2,0.0,0.0,0,0,4.0,4.0
Bengaluru Dist,Anekal PS,1.04421e+16,2016,1,1,Road Accidents,Offset,Rural Areas,Open area,Vehicle Defect,Not Applicable,Grievous Injury,Others,Controlled,Others,Village Road,Not Applicable,Others,Not Applicable,Others,anekal  chandapura road,TAR ROAD,2,0.0,0.0,0,1,0.0,1.0
Bengaluru Dist,Anekal PS,1.04421e+16,2016,1,1,Road Accidents,Cross roads,Not Applicable,Open area,Vehicle Defect,Not Applicable,Grievous Injury,Not Applicable,Not at  Junction,Others,Two way,Metalled,Others,Not Applicable,Not Applicable,ANEKAL HOSURU ROAD,TAR ROAD,2,0.0,0.0,0,1,2.0,3.0
Bengaluru Dist,Anekal PS,1.04421e+16,2016,1,1,Road Accidents,Other,Rural Areas,Open area,Not Applicable,No,Grievous Injury,Others,Controlled,Curve,Two way,Not Applicable,Others,Not Applicable,Not Applicable,ANEKAL-CHANDAPURA ROAD,THAR ROAD,5,0.0,0.0,0,1,0.0,1.0
Bengaluru Dist,Anekal PS,1.04421e+16,2016,1,2,Road Accidents,Cross roads,Rural Areas,Near Bus stop,Not Applicable,Not Applicable,Grievous Injury,Not Applicable,Not Applicable,Others,Others,Not Applicable,Not Applicable,Not Applicable,Not Applicable,anekal  chandapura road,TAR ROAD,4,0.0,0.0,0,0,0.0,0.0
Bengaluru Dist,Anekal PS,1.04421e+16,2016,1,1,Road Accidents,Cross roads,Not Applicable,Open area,Not Applicable,Not Applicable,Grievous Injury,Not Applicable,Not Applicable,Not Applicable,Two way,Not Applicable,Not Applicable,Not Applicable,Others,ANEKAL CHANDAPURA ROAD,TAR ROAD,2,0.0,0.0,0,0,0.0,0.0
Bengaluru Dist,Anekal PS,1.04421e+16,2017,1,1,Road Accidents,Cross roads,Rural Areas,Open area,Vehicle Defect,Not Applicable,Grievous Injury,Hit and Run,Not Applicable,Not Applicable,Service Road,Concrete,Not Applicable,Not Applicable,Not Applicable,narayanapura,anekal town,2km,0.0,0.0,0,0,0.0,0.0
Bengaluru Dist,Anekal PS,1.04421e+16,2017,1,1,Not Applicable,Cross roads,Rural Areas,Near or inside a village,Human Error,Not Applicable,Fatal,Others,Not Applicable,Others,Two way,Not Applicable,Others,Not Applicable,Others,ANEKAL TO JIGANI ROAD,NARROW,2KMS,0.0,0.0,0,1,0.0,1.0
Bengaluru Dist,Anekal PS,1.04421e+16,2017,1,2,Road Accidents,Cross roads,Rural Areas,Residential area,Vehicle Defect,Not Applicable,Grievous Injury,Not Applicable,Not Applicable,Curve,Two way,Bitumen(Tar),Others,Not Applicable,Others,anekal  chandapura road,near bus stop,3km,0.0,0.0,0,1,0.0,1.0
Bengaluru Dist,Anekal PS,1.04421e+16,2017,1,2,Road Accidents,Cross roads,Rural Areas,Open area,Vehicle Defect,Not Applicable,Grievous Injury,Others,Not Applicable,Others,Village Road,Concrete,Not Applicable,Not Applicable,Others,solur village,near village,5 km,0.0,0.0,0,0,0.0,0.0
Bengaluru Dist,Anekal PS,1.04421e+16,2017,1,1,Road Accidents,Cross roads,Rural Areas,Open area,Vehicle Defect,Not Applicable,Grievous Injury,Others,Not Applicable,Not Applicable,Not Applicable,Concrete,Dry,Not Applicable,Others,ROAD,2,2,0.0,0.0,0,0,0.0,0.0
Bengaluru Dist,Anekal PS,1.04421e+16,2017,1,1,Road Accidents,Curves,Rural Areas,Open area,Not Applicable,No,Damage Only,Others,Uncontrolled,Others,One way,Surfaced,Wet,Not Applicable,Snow,ROAD,NEAR GUDDANAHALLI VILLAGE,6,0.0,0.0,0,3,,
Bengaluru Dist,Anekal PS,1.04421e+16,2017,1,1,Road Accidents,Cross roads,Rural Areas,Open area,Vehicle Defect,Not Applicable,Grievous Injury,Not Applicable,Not Applicable,Not Applicable,Two way,Bitumen(Tar),Not Applicable,Not Applicable,Others,rwaly gate,anekal attibele road,3 km,0.0,0.0,0,0,0.0,0.0
Bengaluru Dist,Anekal PS,1.04421e+16,2017,1,2,Road Accidents,Cross roads,Rural Areas,Open area,Human Error,Not Applicable,Grievous Injury,Not Applicable,Not Applicable,Others,Two way,Bitumen(Tar),Not Applicable,Not Applicable,Not Applicable,anekal  chandapura road,ANEKAL CHANDAPURA ROAD,3km,0.0,0.0,0,0,0.0,0.0
Bengaluru Dist,Anekal PS,1.04421e+16,2017,1,1,Road Accidents,Cross roads,Rural Areas,Open area,Vehicle Defect,Not Applicable,Grievous Injury,Hit and Run,Not Applicable,Not Applicable,Two way,Concrete,Not Applicable,Not Applicable,Not Applicable,anekal  chandapura road,sub mangal gate,4km,0.0,0.0,0,0,0.0,0.0
Bengaluru Dist,Anekal PS,1.04421e+16,2017,1,1,Rail Road Accidents,Cross roads,Rural Areas,Near or inside a village,Vehicle Defect,Not Applicable,Simple Injury,Skidding or Self accident,Not at  Junction,Curve,Village Road,Concrete,Not Applicable,Not Applicable,Not Applicable,kammasandra agrahara,near kere,5km,0.0,0.0,0,0,0.0,0.0
Bengaluru Dist,Anekal PS,1.04421e+16,2017,1,2,Road Accidents,Other,City/Town,Open area,Not Applicable,No,Grievous Injury,Others,Stop sign,Others,Others,Not Applicable,Dry,Not Applicable,Others,ANEKAL HOSURU ROAD,Hompalaghatta cross,3,0.0,0.0,0,0,0.0,0.0
Bengaluru Dist,Anekal PS,1.04421e+16,2018,1,2,Other Railway Accidents,Round about or Circle,Rural Areas,Near a factory industrial area,Not Applicable,No,Grievous Injury,Others,Not Applicable,Others,Village Road,Kutcha,Not Applicable,Not Applicable,Others,ANEKAL-THALI ROAD,near powergrid gowdan,4,0.0,0.0,0,0,4.0,4.0
Bengaluru Dist,Anekal PS,1.04421e+16,2018,1,2,Road Accidents,Other,Rural Areas,Near Bus stop,Road Environment Defect,Yes,Grievous Injury,Others,Uncontrolled,Curve,Others,Not Applicable,Others,Not Applicable,Others,ANEKAL JIGANI ROAD,GOWRENAHALLI,3,0.0,0.0,0,1,0.0,1.0
Bengaluru Dist,Anekal PS,1.04421e+16,2018,1,1,Road Accidents,Round about or Circle,Rural Areas,Near School or College,Human Error,Yes,Grievous Injury,Others,Uncontrolled,Others,State Highway,Not Applicable,Others,Not Applicable,Others,ANEKAL-CHANDAPURA ROAD,Anekal taluk,3,0.0,0.0,0,1,0.0,1.0
Bengaluru Dist,Anekal PS,1.04421e+16,2018,1,1,Road Accidents,Offset,Rural Areas,Near or inside a village,Not Applicable,Yes,Simple Injury,Others,Not at  Junction,Others,Others,Kutcha,Dry,Pot holed,Snow,ROAD,HOSURU ROAD,3,0.0,0.0,5,0,4.0,9.0
Bengaluru Dist,Anekal PS,1.04421e+16,2018,1,1,Road Accidents,Narrow road,Rural Areas,Near or inside a village,Human Error,Not Applicable,Fatal,Others,Not Applicable,Not Applicable,One way,Bitumen(Tar),Dry,Not Applicable,Not Applicable,ANEKAL TO CHANDAPURA ROAD FRONT OF ROYAL SANNIILLA LAY OUT,ROYAL SANNI LAY OUT,4KM,0.0,0.0,0,0,0.0,0.0
Bengaluru Dist,Anekal PS,1.04421e+16,2018,1,1,Road Accidents,Narrow road,Rural Areas,Near Bus stop,Not Applicable,No,Fatal,Hit pedestrian,Not Applicable,Not Applicable,Village Road,Not Applicable,Not Applicable,Not Applicable,Fine,ANEKAL TO ATTIBELE ROAD,1,2KM,0.0,0.0,0,0,0.0,0.0
Bengaluru Dist,Anekal PS,1.04421e+16,2018,1,1,Not Applicable,Other,Rural Areas,Near a religious place,Road Environment Defect,No,Not Applicable,Others,Not at  Junction,Others,One way,Concrete,Flooded,Not Applicable,Fog / Mist,Road,jigani road,6,0.0,0.0,0,5,0.0,5.0
Bengaluru Dist,Anekal PS,1.04421e+16,2018,1,1,Other Railway Accidents,Round about or Circle,Rural Areas,Near a factory industrial area,Human Error,No,Grievous Injury,Others,Uncontrolled,Not Applicable,State Highway,Not Applicable,Not Applicable,Not Applicable,Others,Indlavadi cross,Anekal taluk,5,0.0,0.0,0,0,0.0,0.0
Bengaluru Dist,Anekal PS,1.04421e+16,2018,1,2,Road Accidents,Narrow road,Rural Areas,Open area,Human Error,No,Grievous Injury,Not Applicable,Not Applicable,Others,Not Applicable,Not Applicable,Others,No influence on accident,Others,INDLAVADI CROSS,ADURU VILLAGE,5,0.0,0.0,0,1,0.0,1.0
Bengaluru Dist,Anekal PS,1.04421e+16,2018,1,1,Road Accidents,Other,Rural Areas,Near Bus stop,Human Error,Yes,Grievous Injury,Hit and Run,Not Applicable,Others,Others,Not Applicable,Others,Not Applicable,Others,ANEKAL-CHANDAPURA ROAD,Anekal taluk,5,0.0,0.0,0,1,0.0,1.0
Bengaluru Dist,Anekal PS,1.04421e+16,2018,1,1,Not Applicable,Other,Rural Areas,Near Bus stop,Human Error,No,Grievous Injury,Others,Not Applicable,Others,Two way,Bitumen(Tar),Not Applicable,Not Applicable,Others,ANEKAL-CHANDAPURA ROAD,ANEKAL CHANDAPURA ROAD,8,0.0,0.0,0,0,0.0,0.0
Bengaluru Dist,Anekal PS,1.04421e+16,2018,1,1,Road Accidents,Cross roads,Rural Areas,Near Bus stop,Human Error,No,Fatal,Skidding or Self accident,Uncontrolled,Curve,Village Road,Bitumen(Tar),Dry,Not Applicable,Fine,ANEKAL TO JIGANI ROAD PRASHANTH LAY OUT FRONT,T,4,0.0,0.0,0,0,0.0,0.0
Bengaluru Dist,Anekal PS,1.04421e+16,2018,1,1,Road Accidents,Other,Rural Areas,Residential area,Human Error,No,Grievous Injury,Others,Uncontrolled,Curve,Service Road,Kutcha,Dry,Not Applicable,Strong Wind,Road,Singasandra village,5,0.0,0.0,0,0,4.0,4.0
Bengaluru Dist,Anekal PS,1.04421e+16,2018,1,2,Road Accidents,Narrow road,Rural Areas,Open area,Human Error,Not Applicable,Fatal,Others,Not Applicable,Curve,One way,Bitumen(Tar),Dry,Not Applicable,Others,JIGANI ROAD,DODDAKERE,2KM,0.0,0.0,0,0,0.0,0.0
Bengaluru Dist,Anekal PS,1.04421e+16,2018,1,1,Road Accidents,Other,Rural Areas,Open area,Not Applicable,Yes,Grievous Injury,Others,Controlled,Others,Village Road,Not Applicable,Not Applicable,Not Applicable,Others,CD HOSAKOTE VILLAGE,NEAR FIRE STATTION,4,0.0,0.0,0,0,0.0,0.0
Bengaluru Dist,Anekal PS,1.04421e+16,2018,1,2,Road Accidents,Other,Rural Areas,Open area,Human Error,No,Grievous Injury,Others,Not at  Junction,Others,Others,Gravel,Others,Drainage Ditch,Light Rain,ANEKAL-BANNERGHATTA ROAD,ANEKAL TALUK,3,0.0,0.0,4,1,3.0,8.0
Bengaluru Dist,Anekal PS,1.04421e+16,2018,1,1,Road Accidents,Other,City/Town,Near a religious place,Human Error,No,Grievous Injury,Brown ,Not Applicable,Others,Two way,Not Applicable,Others,Not Applicable,Others,anekal thali road,Opp Mohan house,0.5 KM,0.0,0.0,0,1,0.0,1.0
Bengaluru Dist,Anekal PS,1.04421e+16,2018,1,1,Not Applicable,Other,Rural Areas,Near Bus stop,Not Applicable,No,Grievous Injury,Others,Stop sign,Others,Others,Bitumen(Tar),Dry,Not Applicable,Others,ANEKAL-CHANDAPURA ROAD,TAR ROAD,8,0.0,0.0,0,0,0.0,0.0
Bengaluru Dist,Anekal PS,1.04421e+16,2018,1,1,Road Accidents,Narrow road,Rural Areas,Open area,Human Error,No,Fatal,Others,Not at  Junction,Not Applicable,One way,Bitumen(Tar),Dry,No influence on accident,Fine,KARPOOR VILLAGE,NEAR MILK DIARY,4,0.0,0.0,0,0,0.0,0.0
Bengaluru Dist,Anekal PS,1.04421e+16,2018,1,2,Not Applicable,Narrow road,Rural Areas,Open area,Not Applicable,No,Grievous Injury,Not Applicable,Not Applicable,Straight and flat,One way,Concrete,Dry,Not Applicable,Snow,CHANDAPURA-ANEKAL TOAD,KAMMASANDRA AGRAHARA GATE,5,0.0,0.0,0,0,0.0,0.0
Bengaluru Dist,Anekal PS,1.04421e+16,2018,1,2,Road Accidents,Other,Not Applicable,Open area,Human Error,Yes,Simple Injury,Others,Not Applicable,Curve,Others,Not Applicable,Others,Not Applicable,Clear,ANEKAL-BANNERGHATTA ROAD,DODDA KERE LAKE,2,0.0,0.0,0,1,0.0,1.0
Bengaluru Dist,Anekal PS,1.04421e+16,2018,1,1,Road Accidents,Other,Rural Areas,Open area,Not Applicable,No,Grievous Injury,Others,Controlled,Others,Others,Not Applicable,Not Applicable,Not Applicable,Others,Anekal-Hosuru road,Anekal taluk,1.5,0.0,0.0,0,0,0.0,0.0
Bengaluru Dist,Anekal PS,1.04421e+16,2018,1,1,Road Accidents,Other,Rural Areas,Residential area,Not Applicable,No,Grievous Injury,Others,Not Applicable,Hump,Residential Street,Not Applicable,Not Applicable,Not Applicable,Others,Anekal-Kanakapura road,Near Rajanna Land,3,0.0,0.0,0,0,0.0,0.0
Bengaluru Dist,Anekal PS,1.04421e+16,2018,1,1,Road Accidents,Narrow road,Rural Areas,Near Bus stop,Not Applicable,No,Fatal,Side swipe,No signal lights,Others,Two way,Bitumen(Tar),Dry,Not Applicable,Fine,TAR ROAD,1,3 KMS,0.0,0.0,0,0,0.0,0.0
Bengaluru Dist,Anekal PS,1.04421e+16,2018,1,1,Road Accidents,Narrow road,Villages settlement,Near Bus stop,Human Error,Not Applicable,Fatal,Overturning,Not Applicable,Not Applicable,One way,Not Applicable,Not Applicable,Not Applicable,Fine,TAR ROAD,BYGADADENAHALLI GATE,5,0.0,0.0,0,0,0.0,0.0
Bengaluru Dist,Anekal PS,1.04421e+16,2018,1,1,Road Accidents,Narrow road,Rural Areas,Open area,Human Error,No,Grievous Injury,Not Applicable,Not Applicable,Others,One way,Not Applicable,Not Applicable,Not Applicable,Not Applicable,ANEKAL-BANNERGHATTA ROAD,Anekal taluk,2,0.0,0.0,0,0,0.0,0.0
Bengaluru Dist,Anekal PS,1.04421e+16,2018,1,2,Road Accidents,Other,Rural Areas,Open area,Not Applicable,Not Applicable,Fatal,Others,Not Applicable,Others,Others,Not Applicable,Others,Not Applicable,Others,Anekal to chandapura,vijayanursing home,3 k.m.,0.0,0.0,0,1,0.0,1.0
Bengaluru Dist,Anekal PS,1.04421e+16,2018,1,1,Road Accidents,Round about or Circle,City/Town,Near School or College,Human Error,Yes,Simple Injury,Hit and Run,Uncontrolled,Others,Others,Not Applicable,Others,Not Applicable,Others,ANEKAL-THALI ROAD,GOVT OLD MIDDLE SCHOOL,1,0.0,0.0,0,1,0.0,1.0
Bengaluru Dist,Anekal PS,1.04421e+16,2018,1,2,Road Accidents,Narrow road,Villages settlement,Open area,Human Error,No,Grievous Injury,Not Applicable,Uncontrolled,Others,Village Road,Not Applicable,Muddy,Not Applicable,Others,CHIKKANAHALLI BADARAHALLI ROAD,MUGAPPA LAND,5,0.0,0.0,0,4,0.0,4.0
Bengaluru Dist,Anekal PS,1.04421e+16,2018,1,1,Not Applicable,Railway crossing,Rural Areas,Near Bus stop,Human Error,No,Simple Injury,Hit animal,Stop sign,Others,Others,Concrete,Others,Not Applicable,Others,ANEKAL-CHANDAPURA ROAD,Byagadadenahalli gate,8,0.0,0.0,0,1,0.0,1.0
Bengaluru Dist,Anekal PS,1.04421e+16,2018,1,1,Road Accidents,Other,Rural Areas,Open area,Not Applicable,No,Grievous Injury,Hit and Run,Not Applicable,Not Applicable,Others,Concrete,Others,Not Applicable,Others,ANEKAL-CHANDAPURA ROAD,SHIVAJI CIRCLE,1,0.0,0.0,0,1,0.0,1.0
Bengaluru Dist,Anekal PS,1.04421e+16,2018,1,1,Road Accidents,Narrow road,Rural Areas,Near Bus stop,Human Error,No,Fatal,Others,No signal lights,Not Applicable,City or Town Road,Concrete,Not Applicable,Not Applicable,Not Applicable,ANEKAL CHANDAPURA ROAD,NEAR MGB LAY OUT,4,0.0,0.0,0,0,0.0,0.0
Bengaluru Dist,Anekal PS,1.04421e+16,2018,1,1,Road Accidents,Narrow road,City/Town,Residential area,Human Error,No,Fatal,Others,No signal lights,Others,One way,Bitumen(Tar),Dry,No influence on accident,Fine,HOSUR ROAD,HOUSR ROAD,1,0.0,0.0,0,0,0.0,0.0
Bengaluru Dist,Anekal PS,1.04421e+16,2018,1,1,Road Accidents,Narrow road,Rural Areas,Near Bus stop,Human Error,No,Fatal,Not Applicable,No signal lights,Not Applicable,Others,Bitumen(Tar),Dry,Not Applicable,Fine,TELUGARAHALLI GATE,TELUGARAHALLI GATE,3,0.0,0.0,0,0,0.0,0.0
Bengaluru Dist,Anekal PS,1.04421e+16,2018,1,1,Road Accidents,Narrow road,Rural Areas,Near Bus stop,Not Applicable,No,Fatal,Not Applicable,No signal lights,Not Applicable,Residential Street,Bitumen(Tar),Dry,Not Applicable,Fine,THALI ROAD,NEAR CHIKKANAHALLI CORSS,2,0.0,0.0,0,0,0.0,0.0
Bengaluru Dist,Anekal PS,1.04421e+16,2019,1,1,Road Accidents,Narrow road,Rural Areas,Near Bus stop,Not Applicable,No,Simple Injury,Vehicle to Vehicle,Not Applicable,Others,One way,Not Applicable,Others,Not Applicable,Others,ANEKAL-BANNERGHATTA ROAD,Anekal taluk,4,12.731788,77.6710079,0,1,0.0,1.0
Bengaluru Dist,Anekal PS,1.04421e+16,2019,1,2,Road Accidents,Cross roads,Rural Areas,Near or inside a village,Human Error,No,Fatal,Vehicle to Vehicle,Not at  Junction,Curve,One way,Bitumen(Tar),Dry,No influence on accident,Fine,ANEKAL TO JIGANI ROAD,2,2 KMS,12.71653,77.686215,0,0,0.0,0.0
Bengaluru Dist,Anekal PS,1.04421e+16,2019,1,2,Road Accidents,Cross roads,Rural Areas,Near School or College,Human Error,Not Applicable,Fatal,Vehicle to Vehicle,Not Applicable,Curve,Others,Kutcha,Dry,No influence on accident,Fine,SIDDANAPALYA CROSS,SIDDANAPALYA CROSS,5 KMS,12.721532,77.655478,0,0,4.0,4.0
Bengaluru Dist,Anekal PS,1.04421e+16,2019,1,1,Rail Road Accidents,Narrow road,Rural Areas,Near Bus stop,Human Error,No,Fatal,Hit pedestrian,Not Applicable,Not Applicable,Two way,Bitumen(Tar),Dry,No influence on accident,Others,ANEKAL TO CHANDAPURA ROAD,1,2 KM,12.724584,77.70227,0,0,0.0,0.0
Bengaluru Dist,Anekal PS,1.04421e+16,2019,1,1,Road Accidents,Other,Villages settlement,Open area,Not Applicable,No,Not Applicable,Others,Not Applicable,Slight Curve,Others,Surfaced,Dry,Not Applicable,Others,Sunavara-Muthyalamudu road,Anekal taluk,4,12.709253,77.699382,0,0,,
Bengaluru Dist,Anekal PS,1.04421e+16,2019,1,1,Road Accidents,Not Applicable,City/Town,Residential area,Not Applicable,Yes,Grievous Injury,Not Applicable,Not Applicable,Others,Others,Not Applicable,Not Applicable,Not Applicable,Not Applicable,Anekal town,Anekal taluk,1,12.704044,77.696275,0,0,0.0,0.0
Bengaluru Dist,Anekal PS,1.04421e+16,2019,1,1,Road Accidents,Round about or Circle,City/Town,Near Bus stop,Human Error,No,Grievous Injury,Others,Not Applicable,Others,City or Town Road,Not Applicable,Others,Not Applicable,Others,ANEKAL-CHANDAPURA ROAD,Anekal taluk,1 km,12.710522,77.689392,0,1,0.0,1.0
Bengaluru Dist,Anekal PS,1.04421e+16,2019,1,1,Road Accidents,Cross roads,Rural Areas,Near Bus stop,Not Applicable,Not Applicable,Fatal,Not Applicable,No signal lights,Curve,One way,Bitumen(Tar),Dry,No influence on accident,Others,ANEKAL TO JIGANI ROAD,JIGANI ROAD,4,12.705822,77.703377,0,0,0.0,0.0
Bengaluru Dist,Anekal PS,1.04421e+16,2019,1,1,Road Accidents,Other,Rural Areas,Open area,Not Applicable,No,Grievous Injury,Others,Controlled,Not Applicable,Village Road,Not Applicable,Not Applicable,Not Applicable,Others,Anekal-Muthagatte road,Anekal taluk,3,12.718007,77.72226,0,0,0.0,0.0
Bengaluru Dist,Anekal PS,1.04421e+16,2019,1,1,Not Applicable,Not Applicable,Rural Areas,Open area,Not Applicable,No,Grievous Injury,Not Applicable,Not Applicable,Not Applicable,Not Applicable,Not Applicable,Others,Not Applicable,Others,ANEKAL-BANNERGHATTA ROAD,Anekal taluk,2,12.70828,77.686752,0,1,0.0,1.0
Bengaluru Dist,Anekal PS,1.04421e+16,2019,1,1,Road Accidents,Narrow road,Rural Areas,Residential area,Human Error,No,Grievous Injury,Not Applicable,Controlled,Not Applicable,Others,Kutcha,Muddy,Not Applicable,Others,Anekal-Submangala road,Anekal taluk,5km,12.694546,77.730616,0,4,4.0,8.0
Bengaluru Dist,Anekal PS,1.04421e+16,2019,1,1,Road Accidents,Narrow road,Rural Areas,Near a factory industrial area,Human Error,Yes,Fatal,Vehicle to Vehicle,Not Applicable,Others,Two way,Not Applicable,Not Applicable,Not Applicable,Others,ANEKAL-CHANDAPURA ROAD,NEAR SRR LAYOUT,6,12.722082,77.697983,0,0,0.0,0.0
Bengaluru Dist,Anekal PS,1.04421e+16,2019,1,1,Road Accidents,Not Applicable,Rural Areas,Open area,Not Applicable,Not Applicable,Fatal,Hit pedestrian,Not Applicable,Others,Others,Kutcha,Muddy,Not Applicable,Fine,SRI LAKSHMI ENTER PRISES BRICKS FACTORY,1,1,12.690533,77.727463,0,4,4.0,8.0
Bengaluru Dist,Anekal PS,1.04421e+16,2019,1,1,Road Accidents,Round about or Circle,City/Town,Near Hospital,Human Error,No,Simple Injury,Others,Controlled,Curve,City or Town Road,Not Applicable,Not Applicable,Not Applicable,Very Hot,ANEKAL-CHANDAPURA ROAD,Near S R Petrol Bunk,2.5,12.722278,77.703993,0,0,0.0,0.0
Bengaluru Dist,Anekal PS,1.04421e+16,2019,1,1,Road Accidents,Other,City/Town,Residential area,Not Applicable,No,Simple Injury,Others,Not Applicable,Not Applicable,Service Road,Not Applicable,Dry,Not Applicable,Others,ANEKAL-CHANDAPURA ROAD,Anekal taluk,6,12.761171,77.707901,0,0,0.0,0.0
Bengaluru Dist,Anekal PS,1.04421e+16,2019,1,1,Road Accidents,Narrow road,City/Town,Open area,Human Error,No,Grievous Injury,Vehicle to Vehicle,Not Applicable,Not Applicable,Two way,Not Applicable,Others,Not Applicable,Others,ANEKAL-BANNERGHATTA ROAD,Opp IB,2,12.719224,77.6927419,0,1,0.0,1.0
Bengaluru Dist,Anekal PS,1.04421e+16,2019,1,2,Road Accidents,Narrow road,City/Town,Near Petrol Pump,Human Error,No,Fatal,Vehicle to Vehicle,No signal lights,Others,One way,Bitumen(Tar),Dry,No influence on accident,Fine,ANEKAL ROAD,OPP PETROL BUNK,1,12.718912,77.701843,0,0,0.0,0.0
Bengaluru Dist,Anekal PS,1.04421e+16,2019,1,2,Road Accidents,Narrow road,Rural Areas,Near or inside a village,Human Error,No,Fatal,Vehicle to Vehicle,No signal lights,Not Applicable,Two way,Bitumen(Tar),Dry,Not Applicable,Fine,ANEKAL TO HOSUR ROAD,GUDDANAHALLI VILLAGE NEAR,3,12.681756,77.726764,0,0,0.0,0.0
Bengaluru Dist,Anekal PS,1.04421e+16,2019,1,2,Road Accidents,Not Applicable,City/Town,Near Hospital,Human Error,No,Grievous Injury,Vehicle to Vehicle,Uncontrolled,Not Applicable,Two way,Not Applicable,Dry,Not Applicable,Others,ANEKAL-CHANDAPURA ROAD,Near Vijaya nursing home,1 km,12.719091,77.701518,0,0,0.0,0.0
Bengaluru Dist,Anekal PS,1.04421e+16,2019,1,1,Road Accidents,Narrow road,Rural Areas,Near or inside a village,Human Error,No,Grievous Injury,Vehicle to Vehicle,Not Applicable,Others,Others,Not Applicable,Others,Not Applicable,Others,Anekal-Kanakapura Road,Anekal taluk,5,12.710645,77.63989,0,1,0.0,1.0
Bengaluru Dist,Anekal PS,1.04421e+16,2019,1,1,Road Accidents,Cross roads,Rural Areas,Open area,Human Error,Not Applicable,Fatal,Not Applicable,Not Applicable,Curve,One way,Bitumen(Tar),Dry,Not Applicable,Fine,ANEKAL TO HOSUR ROAD,1,2,12.691713,77.717149,0,0,0.0,0.0
Bengaluru Dist,Anekal PS,1.04421e+16,2019,1,1,Road Accidents,Narrow road,Rural Areas,Residential area,Human Error,No,Fatal,Not Applicable,No signal lights,Not Applicable,Others,Bitumen(Tar),Dry,Not Applicable,Fine,VANAKANAHALLI ROAD,SHANIMAHATHME TEMPLE,5,12.723009,77.668941,0,0,0.0,0.0
Bengaluru Dist,Anekal PS,1.04421e+16,2019,1,1,Road Accidents,Not Applicable,Rural Areas,Open area,Not Applicable,Yes,Fatal,Not Applicable,Not Applicable,Others,Others,Not Applicable,Not Applicable,Not Applicable,Others,Anekal-Hosur road,Near Guudanahalli village,5 km,12.689974,77.723984,0,0,0.0,0.0
Bengaluru Dist,Anekal PS,1.04421e+16,2019,1,1,Road Accidents,Circle,Rural Areas,Near Petrol Pump,Not Applicable,Yes,Grievous Injury,Hit and Run,Signal lights Automatic,Dip or trough,Others,Kutcha,Others,Not Applicable,Others,ANEKAL-CHANDAPURA ROAD,Anekal taluk,1.5,12.756882,77.702464,0,1,4.0,5.0