DISTRICTNAME,UNITNAME,Crime_No,Year,RI,Noofvehicle_involved,Accident_Classification,Accident_Spot,Accident_Location,Accident_SubLocation,Main_Cause,Hit_Run,Severity,Collision_Type,Junction_Control,Road_Character,Road_Type,Surface_Type,Surface_Condition,Road_Condition,Weather,Accident_Road,Landmark_first,Distance_LandMark_First,Latitude,Longitude,Road_Condition_Score,Surface_Condition_Score,Surface_Type_Score,Road_Risk_Index
Bengaluru Dist,Anekal PS,1.04421e+16,2019,1,1,Road Accidents,Narrow road,City/Town,Near a religious place,Not Applicable,No,Grievous Injury,Not Applicable,Not Applicable,Others,State Highway,Not Applicable,Others,Not Applicable,Others,ANEKAL-CHANDAPURA ROAD,Anekal town,0.5,12.712875,77.699447,0,1,0.0,1.0
Bengaluru Dist,Anekal PS,1.04421e+16,2019,1,2,Road Accidents,Circle,Rural Areas,Near Bus stop,Not Applicable,No,Grievous Injury,Vehicle to Vehicle,Uncontrolled,Hump,Residential Street,Bitumen(Tar),Dry,Not Applicable,Fine,"Anekal Jigani Road, Kasaba Hobali, Anekal Taluk",Electrical Pool,25feet,12.731843,77.6707069,0,0,0.0,0.0
Bengaluru Dist,Anekal PS,1.04421e+16,2019,1,1,Road Accidents,Narrow road,Rural Areas,Near Bus stop,Not Applicable,No,Grievous Injury,Not Applicable,Not Applicable,Hump,State Highway,Kutcha,Not Applicable,Not Applicable,Others,ANEKAL-THALI ROAD,Anekal taluk,5,12.70046,77.685394,0,0,4.0,4.0
Bengaluru Dist,Anekal PS,1.04421e+16,2019,1,1,Road Accidents,Not Applicable,Rural Areas,Open area,Not Applicable,No,Grievous Injury,Not Applicable,Stop sign,Others,Not Applicable,Not Applicable,Others,Not Applicable,Others,ANEKAL-BANNERGHATTA ROAD,Anekal taluk,4,12.723991,77.6797899,0,1,0.0,1.0
Bengaluru Dist,Anekal PS,1.04421e+16,2019,1,2,Road Accidents,Narrow road,Rural Areas,Open area,Human Error,Yes,Fatal,Vehicle to Vehicle,Not Applicable,Not Applicable,NH,Not Applicable,Others,Not Applicable,Light Rain,ANEKAL-HOSUR ROAD,NEAR GUUDANAHALLI VILLAGE,6,12.689884,77.724813,0,1,0.0,1.0
Bengaluru Dist,Anekal PS,1.04421e+16,2019,1,2,Road Accidents,Not Applicable,City/Town,Open area,Not Applicable,No,Grievous Injury,Vehicle to Vehicle,Not Applicable,Not Applicable,State Highway,Not Applicable,Wet,Not Applicable,Wind,Anekal-Hoaur Road,Opp Kadumane Hotel,1 km,12.702876,77.700779,0,3,0.0,3.0
Bengaluru Dist,Anekal PS,1.04421e+16,2019,1,1,Road Accidents,Cross roads,Rural Areas,Open area,Not Applicable,Yes,Grievous Injury,Not Applicable,Controlled,Others,Service Road,Not Applicable,Not Applicable,Not Applicable,Snow,Anekal-Kanakapura Road,Anekal taluk,4,12.738107,77.652191,0,0,0.0,0.0
Bengaluru Dist,Anekal PS,1.04421e+16,2019,1,1,Road Accidents,Narrow road,City/Town,Near School or College,Human Error,No,Fatal,Hit pedestrian,Uncontrolled,Straight and flat,Residential Street,Bitumen(Tar),Dry,No influence on accident,Fine,THIMMARAYASWAMY TEMPLE ROAD,NEAR LINKAN SCHOOL,1,12.711397,77.715945,0,0,0.0,0.0
Bengaluru Dist,Anekal PS,1.04421e+16,2019,1,2,Road Accidents,Junction,Rural Areas,Near Bus stop,Human Error,No,Fatal,Vehicle to Vehicle,No signal lights,Straight and flat,Two way,Bitumen(Tar),Dry,Not Applicable,Fine,AVADADENAHALLI GATE,NEA BUS STOP,4,12.758123,77.704034,0,0,0.0,0.0
Bengaluru Dist,Anekal PS,1.04421e+16,2019,1,1,Road Accidents,Not Applicable,Rural Areas,Open area,Human Error,No,Grievous Injury,Vehicle to Vehicle,Not Applicable,Others,Others,Not Applicable,Not Applicable,Not Applicable,Others,ANEKAL-CHANDAPURA ROAD,Narayanappa land,5,12.744344,77.708342,0,0,0.0,0.0
Bengaluru Dist,Anekal PS,1.04421e+16,2019,1,2,Road Accidents,Other,Rural Areas,Near Bus stop,Human Error,No,Not Applicable,Others,Uncontrolled,Others,State Highway,Bitumen(Tar),Others,Not Applicable,Others,ANEKAL-CHANDAPURA ROAD,Anekal taluk,5,12.712972,77.696604,0,1,0.0,1.0
Bengaluru Dist,Anekal PS,1.04421e+16,2019,1,1,Road Accidents,Curves,Rural Areas,Open area,Not Applicable,No,Grievous Injury,Not Applicable,Not Applicable,Not Applicable,Others,Not Applicable,Not Applicable,Not Applicable,Not Applicable,ANEKAL-BANNERGHATTA ROAD,Anekal taluk,2.5,12.717655,77.685606,0,0,0.0,0.0
Bengaluru Dist,Anekal PS,1.04421e+16,2019,1,2,Road Accidents,Narrow road,Rural Areas,Residential area,Not Applicable,Not Applicable,Fatal,Vehicle to Vehicle,Not Applicable,Not Applicable,Two way,Bitumen(Tar),Dry,Not Applicable,Fine,ANEKAL TO ATTIBELE RAOD,1,2,12.729939,77.716056,0,0,0.0,0.0
Bengaluru Dist,Anekal PS,1.04421e+16,2020,1,2,Road Accidents,Cross roads,Rural Areas,Residential area,Vehicle Defect,Yes,Grievous Injury,Vehicle to Vehicle,Uncontrolled,Straight and flat,Residential Street,Bitumen(Tar),Dry,Not Applicable,Fine,Chandapur Anekal Road,Electrical Pool,30feet,12.733403,77.707681,0,0,0.0,0.0
Bengaluru Dist,Anekal PS,1.04421e+16,2020,1,2,Road Accidents,Narrow road,Rural Areas,Near or inside a village,Not Applicable,No,Grievous Injury,Hit bicyclist,Uncontrolled,Straight and flat,Two way,Bitumen(Tar),Dry,Not Applicable,Fine,"Vanakanahalli Village, Kasaba Hobali, Anekal Taluk",Electrical Pool,12feet,12.672482,77.694996,0,0,0.0,0.0
Bengaluru Dist,Anekal PS,1.04421e+16,2020,1,2,Road Accidents,Circle,Rural Areas,Near Bus stop,Not Applicable,No,Grievous Injury,Vehicle to Vehicle,Uncontrolled,Others,Others,Bitumen(Tar),Dry,Not Applicable,Others,"Near Chikka Hosahalli Cross, Anekal Thali Road",Electical Pool,5Feet,12.708707,77.676127,0,0,0.0,0.0
Bengaluru Dist,Anekal PS,1.04421e+16,2020,1,2,Road Accidents,Narrow road,Rural Areas,Open area,Human Error,No,Grievous Injury,Vehicle to Vehicle,Not Applicable,Others,Two way,Bitumen(Tar),Muddy,Not Applicable,Others,AVADENAHALLI GATE,2,4,12.733711,77.712039,0,4,0.0,4.0
Bengaluru Dist,Anekal PS,1.04421e+16,2020,1,1,Road Accidents,Narrow road,Rural Areas,Near or inside a village,Not Applicable,No,Grievous Injury,Not Applicable,Not Applicable,Not Applicable,Mixed,Kutcha,Others,Not Applicable,Others,Venkateshwara dinne,kanakapura road,5km,12.711046,77.691352,0,1,4.0,5.0
Bengaluru Dist,Anekal PS,1.04421e+16,2020,1,1,Road Accidents,Narrow road,Rural Areas,Near or inside a village,Not Applicable,No,Damage Only,Not Applicable,Not Applicable,Not Applicable,State Highway,Not Applicable,Not Applicable,Not Applicable,Others,ANEKAL-CHANDAPURA ROAD,Anekal taluk,4,12.717761,77.708885,0,0,0.0,0.0
Bengaluru Dist,Anekal PS,1.04421e+16,2020,1,1,Road Accidents,Cross roads,City/Town,At pedestrian Crossing,Vehicle Defect,Yes,Grievous Injury,Hit pedestrian,Uncontrolled,Straight and flat,Residential Street,Bitumen(Tar),Dry,Not Applicable,Clear,"Anekal Hosur Road, Anekal Town, Anekal Taluk",Electrical Pool,30feet,12.699959,77.704956,0,0,0.0,0.0
Bengaluru Dist,Anekal PS,1.04421e+16,2020,1,2,Road Accidents,Not Applicable,City/Town,Residential area,Not Applicable,No,Grievous Injury,Vehicle to Vehicle,Not at  Junction,Straight and flat,Residential Street,Bitumen(Tar),Dry,Not Applicable,Others,"Dinnuru Cross, Anekal Town, Anekal Taluk",Electrical Pool,20Feet,12.694636,77.710798,0,0,0.0,0.0
Bengaluru Dist,Anekal PS,1.04421e+16,2020,1,2,Road Accidents,Curves,Rural Areas,Near Petrol Pump,Vehicle Defect,No,Simple Injury,Vehicle to Vehicle,No signal lights,Others,Two way,Bitumen(Tar),Dry,No influence on accident,Fine,"Anekal Jigani Road, Kasaba Hobali, Anekal Taluk",Electrical Pool,30feet,12.713822,77.705569,0,0,0.0,0.0
Bengaluru Dist,Anekal PS,1.04421e+16,2020,1,2,Road Accidents,Not Applicable,Rural Areas,Near or inside a village,Not Applicable,Yes,Grievous Injury,Vehicle to Vehicle,Uncontrolled,Not Applicable,Others,Bitumen(Tar),Dry,Not Applicable,Very Hot,"Near Madappa Land, Anekal Kanakpura Road,",Electrical Pool,40Feet,12.709191,77.68169,0,0,0.0,0.0
Bengaluru Dist,Anekal PS,1.04421e+16,2020,1,2,Road Accidents,Road hump or Rumble strips,Rural Areas,Near or inside a village,Not Applicable,No,Grievous Injury,Vehicle to Vehicle,Uncontrolled,Straight and flat,Minor District Road,Bitumen(Tar),Dry,Not Applicable,Cloudy,"Near Venkataswamy Land, Anekal Attibele Road,",Electrical Pool,50feet,12.718648,77.710636,0,0,0.0,0.0
Bengaluru Dist,Anekal PS,1.04421e+16,2020,1,1,Road Accidents,Circle,City/Town,At pedestrian Crossing,Not Applicable,Yes,Grievous Injury,Hit pedestrian,Not Applicable,Straight and flat,One way,Bitumen(Tar),Dry,Not Applicable,Fine,"CR Circle Bus Stand, Anekal T own, Anekal Taluk",Electrical Pool,20Feet,12.711578,77.699536,0,0,0.0,0.0
Bengaluru Dist,Anekal PS,1.04421e+16,2020,1,1,Road Accidents,Not Applicable,Rural Areas,Near or inside a village,Human Error,No,Grievous Injury,Not Applicable,Uncontrolled,Straight and flat,Residential Street,Bitumen(Tar),Dry,Not Applicable,Fine,"Infront Of Vakeel Layout, Indlawasi Cross Aduru Road, Anekal Taluk",Electrical Pool,60feet,12.733072,77.6563199,0,0,0.0,0.0
Bengaluru Dist,Anekal PS,1.04421e+16,2020,1,2,Road Accidents,Cross roads,Rural Areas,Open area,Human Error,No,Fatal,Vehicle to Vehicle,No signal lights,Curve,Others,Bitumen(Tar),Dry,No influence on accident,Fine,ANEKAL TO JIGANI ROAD,1,1,12.716704,77.697309,0,0,0.0,0.0
Bengaluru Dist,Anekal PS,1.04421e+16,2020,1,1,Road Accidents,Narrow road,City/Town,Near Bus stop,Human Error,Not Applicable,Fatal,Not Applicable,Uncontrolled,Not Applicable,Two way,Bitumen(Tar),Dry,No influence on accident,Fine,ANEKAL TO HOSUR ROAD,2,1,12.716724,77.698569,0,0,0.0,0.0
Bengaluru Dist,Anekal PS,1.04421e+16,2020,1,1,Road Accidents,Not Applicable,Rural Areas,At pedestrian Crossing,Not Applicable,Yes,Grievous Injury,Hit pedestrian,Not Applicable,Not Applicable,Others,Bitumen(Tar),Dry,Not Applicable,Others,Chandapur Anekal Road,12 Feet Distance South 2 Light pols,12,12.730279,77.705984,0,0,0.0,0.0
Bengaluru Dist,Anekal PS,1.04421e+16,2020,1,2,Road Accidents,Cross roads,City/Town,Near Bus stop,Not Applicable,Not Applicable,Grievous Injury,Hit bicyclist,Not Applicable,Not Applicable,Two way,Bitumen(Tar),Dry,Not Applicable,Fine,"Bajane Mandira Cross, Opp KKM Tenta House, Gandhi Circle KSRTC Bus Stand Road,",0,0.5 KM,12.709207,77.697468,0,0,0.0,0.0
Bengaluru Dist,Anekal PS,1.04421e+16,2020,1,1,Road Accidents,Narrow road,Rural Areas,Near Bus stop,Human Error,Not Applicable,Fatal,Not Applicable,Uncontrolled,Hump,Not Applicable,Bitumen(Tar),Others,Not Applicable,Fine,ANEKAL TO CHANDAPURA ROAD,1,3,12.750657,77.7065929,0,1,0.0,1.0
Bengaluru Dist,Anekal PS,1.04421e+16,2020,1,2,Road Accidents,Narrow road,Rural Areas,In bazaar,Human Error,No,Fatal,Vehicle to Vehicle,Not Applicable,Not Applicable,Others,Bitumen(Tar),Dry,Not Applicable,Fine,ANEKAL TO TALI ROAD,1,01-Feb,12.710486,77.691282,0,0,0.0,0.0
Bengaluru Dist,Anekal PS,1.04421e+16,2020,1,1,Not Applicable,Narrow road,Rural Areas,Near or inside a village,Not Applicable,Not Applicable,Not Applicable,Not Applicable,Not Applicable,Not Applicable,Others,Not Applicable,Not Applicable,Not Applicable,Wind,Anekal-Hosu road,0,5km,12.696725,77.706172,0,0,0.0,0.0
Bengaluru Dist,Anekal PS,1.04421e+16,2020,1,2,Road Accidents,Narrow road,Rural Areas,Near Bus stop,Not Applicable,No,Fatal,Vehicle to Vehicle,Uncontrolled,Hump,Two way,Bitumen(Tar),Dry,No influence on accident,Fine,ANEKAL TO ATTIBELE ROAD NEAR DINNUR CROSS,1,2,12.691625,77.71625,0,0,0.0,0.0
Bengaluru Dist,Anekal PS,1.04421e+16,2020,1,2,Road Accidents,Road hump or Rumble strips,Rural Areas,Near Bus stop,Human Error,No,Simple Injury,Vehicle to Vehicle,Uncontrolled,Not Applicable,One way,Bitumen(Tar),Dry,Not Applicable,Fine,Chandapura Anekal Road,Near Karpuru Gate Bus Stop,3 KM,12.735906,77.70768,0,0,0.0,0.0
Bengaluru Dist,Anekal PS,1.04421e+16,2020,1,2,Road Accidents,Narrow road,Rural Areas,Near or inside a village,Human Error,Yes,Grievous Injury,Vehicle to Vehicle,Uncontrolled,Straight and flat,Residential Street,Bitumen(Tar),Dry,Not Applicable,Fine,Indlawadi Cross Sidi Hosakote Road,Electrical Pool,20Feet,12.723884,77.691509,0,0,0.0,0.0
Bengaluru Dist,Anekal PS,1.04421e+16,2020,1,1,Road Accidents,Narrow road,Rural Areas,Open area,Human Error,No,Fatal,Hit pedestrian,Not Applicable,Others,Others,Bitumen(Tar),Others,Construction Work / Material,Others,ANEKAL TO HOSUR ROAD,1,4,12.690551,77.725025,2,1,0.0,3.0
Bengaluru Dist,Anekal PS,1.04421e+16,2020,1,1,Road Accidents,Road hump or Rumble strips,Rural Areas,Near or inside a village,Human Error,No,Grievous Injury,Not Applicable,Uncontrolled,Straight and flat,Residential Street,Bitumen(Tar),Dry,Not Applicable,Fine,"Anekal Attibele Road, Kasaba Hobali, Anekal Taluk",Electrical Pool,30feet,12.725752,77.722121,0,0,0.0,0.0
Bengaluru Dist,Anekal PS,1.04421e+16,2020,1,2,Road Accidents,Narrow road,Rural Areas,Near or inside a village,Not Applicable,No,Simple Injury,Vehicle to Vehicle,Not at  Junction,Straight and flat,Residential Street,Bitumen(Tar),Others,Not Applicable,Mist or Fog,"Karpuru Aravntikepura Road, Anekal Taluk",Electrical Pool,5Feet,12.70327,77.704901,0,1,0.0,1.0
Bengaluru Dist,Anekal PS,1.04421e+16,2020,1,1,Not Applicable,Narrow road,City/Town,Near School or College,Not Applicable,No,Grievous Injury,Not Applicable,Controlled,Others,Not Applicable,Not Applicable,Not Applicable,Not Applicable,Others,Anekal-Attibele road,Anekal town Anekal Taluk,1km,12.712651,77.723239,0,0,0.0,0.0
Bengaluru Dist,Anekal PS,1.04421e+16,2020,1,1,Road Accidents,Road hump or Rumble strips,Rural Areas,Residential area,Not Applicable,Yes,Grievous Injury,Not Applicable,Uncontrolled,Straight and flat,Residential Street,Bitumen(Tar),Dry,Not Applicable,Fine,Anekal Thali Road,Electical Pool,40feet,12.731537,77.705011,0,0,0.0,0.0
Bengaluru Dist,Anekal PS,1.04421e+16,2021,1,2,Road Accidents,Curves,Rural Areas,Open area,Not Applicable,No,Fatal,Vehicle to Vehicle,Uncontrolled,Curve,Others,Bitumen(Tar),Dry,Not Applicable,Fine,"Indlavadi Village, Anekal Harohalli Road, Kasaba Hobli, Anekal Taluk",Muneswara Temple,200 Fe,12.731022,77.637053,0,0,0.0,0.0
Bengaluru Dist,Anekal PS,1.04421e+16,2021,1,2,Road Accidents,Cross roads,City/Town,In bazaar,Human Error,Not Applicable,Fatal,Not Applicable,No signal lights,Curve,Others,Bitumen(Tar),Dry,Not Applicable,Fine,ANEKAL TOWN,2,1,12.717685,77.6903209,0,0,0.0,0.0
Bengaluru Dist,Anekal PS,1.04421e+16,2021,1,2,Road Accidents,Narrow road,Rural Areas,Open area,Not Applicable,No,Fatal,Vehicle to Vehicle,Uncontrolled,Others,Others,Bitumen(Tar),Dry,Not Applicable,Fine,Anekal Chandapura Road Near Kammasandra Agrahara Gate Bus Stop Aenkal Taluk,Bus Stop,10 Fet,12.733819,77.712104,0,0,0.0,0.0
Bengaluru Dist,Anekal PS,1.04421e+16,2021,1,2,Road Accidents,Narrow road,Rural Areas,Near a religious place,Human Error,Yes,Fatal,Vehicle to Vehicle,Uncontrolled,Not Applicable,Others,Bitumen(Tar),Dry,No influence on accident,Fine,ANEKAL TO CHANDAPURA ROAD,1,1,12.759536,77.703147,0,0,0.0,0.0
Bengaluru Dist,Anekal PS,1.04421e+16,2021,1,2,Road Accidents,Not Applicable,Rural Areas,Near Bus stop,Not Applicable,No,Fatal,Vehicle to Vehicle,Not Applicable,Straight and flat,Others,Bitumen(Tar),Dry,Not Applicable,Clear,Anekal Thali Road,0,0,12.703052,77.684234,0,0,0.0,0.0
Bengaluru Dist,Anekal PS,1.04421e+16,2021,1,1,Road Accidents,Cross roads,City/Town,Near Hospital,Not Applicable,No,Grievous Injury,Hit pedestrian,Uncontrolled,Straight and flat,Residential Street,Bitumen(Tar),Dry,Not Applicable,Fine,"Gandi Circle Taluk Office Road, Anekal Town",15Feef,Gate,12.707313,77.701208,0,0,0.0,0.0
Bengaluru Dist,Anekal PS,1.04421e+16,2021,1,1,Road Accidents,Curves,Rural Areas,Open area,Not Applicable,No,Fatal,Not Applicable,Uncontrolled,Curve,Others,Bitumen(Tar),Dry,Not Applicable,Fine,Anekal Muthylamadu Road Anekal Taluk,Light Pool,15 Fet,12.690421,77.671965,0,0,0.0,0.0
Bengaluru Dist,Anekal PS,1.04421e+16,2021,1,2,Road Accidents,Narrow road,City/Town,Residential area,Not Applicable,Not Applicable,Grievous Injury,Vehicle to Vehicle,Not at  Junction,Not Applicable,Others,Surfaced,Dry,Not Applicable,Fine,"Shankaranaga Rad,Anekal Town",Near Vidhatha School,25feet,12.704909,77.698892,0,0,,
Bengaluru Dist,Anekal PS,1.04421e+16,2021,1,1,Not Applicable,Narrow road,Rural Areas,Near Bus stop,Human Error,No,Fatal,Not Applicable,Not at  Junction,Others,One way,Surfaced,Dry,Not Applicable,Fine,Anekal Samandur Road,SLV Bar And Restaurant Opp,30 fit,12.694293,77.733294,0,0,,
Bengaluru Dist,Anekal PS,1.04421e+16,2021,1,2,Road Accidents,Junction,Rural Areas,Near Bus stop,Human Error,Yes,Grievous Injury,Vehicle to Vehicle,Uncontrolled,Curve,One way,Bitumen(Tar),Dry,No influence on accident,Fine,ANNPORJESHWAR FIL TAKIES NEAR,2,1,12.709889,77.697441,0,0,0.0,0.0
Bengaluru Dist,Anekal PS,1.04421e+16,2021,1,1,Road Accidents,Narrow road,City/Town,Near Bus stop,Not Applicable,No,Simple Injury,Not Applicable,Controlled,Not Applicable,One way,Not Applicable,Not Applicable,Not Applicable,Not Applicable,Anekal-chandapura road,near Kavalahosahalli,2,12.722176,77.703198,0,0,0.0,0.0
Bengaluru Dist,Anekal PS,1.04421e+16,2021,1,1,Road Accidents,Offset,Rural Areas,Open area,Not Applicable,No,Grievous Injury,Not Applicable,Not Applicable,Others,One way,Not Applicable,Not Applicable,Not Applicable,Not Applicable,Anekal Jigani road,Near Indlavadi cross,6,12.731678,77.67073,0,0,0.0,0.0
Bengaluru Dist,Anekal PS,1.04421e+16,2021,1,1,Road Accidents,Cross roads,Rural Areas,Open area,Human Error,Not Applicable,Fatal,Not Applicable,No signal lights,Curve,Others,Bitumen(Tar),Dry,Not Applicable,Fine,ANEKAL TO TALI ROAD CHIKKAHOSAHALLI CROSS,1,1,12.70826,77.685699,0,0,0.0,0.0
Bengaluru Dist,Anekal PS,1.04421e+16,2021,1,1,Road Accidents,Narrow road,Rural Areas,Near or inside a village,Not Applicable,No,Simple Injury,Not Applicable,Not Applicable,Others,Others,Not Applicable,Not Applicable,Not Applicable,Others,Anekal Jigani road,Near Gowrenahalli village,6,12.723421,77.680838,0,0,0.0,0.0
Bengaluru Dist,Anekal PS,1.04421e+16,2021,1,1,Road Accidents,Cross roads,Rural Areas,Residential area,Not Applicable,Yes,Simple Injury,Not Applicable,Not Applicable,Not Applicable,Others,Not Applicable,Not Applicable,Not Applicable,Not Applicable,Anekal-chandapura road,Kapuru colony anekal taluk,6,12.734061,77.711076,0,0,0.0,0.0
Bengaluru Dist,Anekal PS,1.04421e+16,2021,1,1,Road Accidents,Narrow road,Rural Areas,Open area,Not Applicable,No,Simple Injury,Not Applicable,Not Applicable,Others,Mixed,Gravel,Not Applicable,Not Applicable,Mist or Fog,ANEKAL-HOSUR ROAD,NEAR MUTHAKATTE GATE,3,12.694108,77.714151,0,0,3.0,3.0
Bengaluru Dist,Anekal PS,1.04421e+16,2021,1,2,Road Accidents,Curves,Rural Areas,Near Bus stop,Not Applicable,No,Grievous Injury,Vehicle to Vehicle,Not Applicable,Curve,Others,Bitumen(Tar),Dry,Not Applicable,Clear,"Timmasandra Gate Cross, Anekal Kanakapura Road, Anekal Taluk",Electrcical Pool,20Feet,12.727627,77.64874,0,0,0.0,0.0
Bengaluru Dist,Anekal PS,1.04421e+16,2021,1,2,Road Accidents,Narrow road,Rural Areas,Open area,Not Applicable,Yes,Fatal,Vehicle to Vehicle,Uncontrolled,Others,Others,Bitumen(Tar),Dry,Not Applicable,Fine,Gowrenahalli Siddanapalya Road Kasaba Hobli Anekal Taluk,Lay Out Compound,10 Fet,12.724031,77.6655959,0,0,0.0,0.0
Bengaluru Dist,Anekal PS,1.04421e+16,2021,1,2,Road Accidents,Not Applicable,Rural Areas,Residential area,Not Applicable,No,Not Applicable,Vehicle to Vehicle,Not Applicable,Straight and flat,Others,Bitumen(Tar),Dry,Not Applicable,Fine,"Infront Of Venkateshappa Lang, Karpuru Village, Kasaba Hobali, Anekal Taluk",Electical Pool,50feet,12.720641,77.715167,0,0,0.0,0.0
Bengaluru Dist,Anekal PS,1.04421e+16,2021,1,1,Road Accidents,Narrow road,Rural Areas,Near Bus stop,Human Error,No,Fatal,Not Applicable,No signal lights,Not Applicable,Residential Street,Bitumen(Tar),Dry,No influence on accident,Fine,ANEKAL TO ATTIBELE ROAD NEAR KARPOOR GATE,1,4,12.725605,77.721944,0,0,0.0,0.0
Bengaluru Dist,Anekal PS,1.04421e+16,2021,1,2,Road Accidents,Narrow road,Rural Areas,Open area,Human Error,No,Grievous Injury,Vehicle to Vehicle,No signal lights,Not Applicable,Others,Bitumen(Tar),Dry,No influence on accident,Others,VILLAGE ROAD,1,6,12.718863,77.603164,0,0,0.0,0.0
Bengaluru Dist,Anekal PS,1.04421e+16,2021,1,1,Road Accidents,Narrow road,Rural Areas,Residential area,Human Error,No,Grievous Injury,Hit pedestrian,Not at  Junction,Others,Residential Street,Bitumen(Tar),Dry,No influence on accident,Fine,NARASIMHA LAY OUT,2,1 KM,0.0,0.0,0,0,0.0,0.0
Bengaluru Dist,Anekal PS,1.04421e+16,2021,1,1,Road Accidents,Not Applicable,Rural Areas,Open area,Human Error,No,Grievous Injury,Not Applicable,Not Applicable,Others,Others,Not Applicable,Not Applicable,Not Applicable,Snow,Temple road,Thimmarayaswamy temple road,1,12.70464,77.70293,0,0,0.0,0.0
Bengaluru Dist,Anekal PS,1.04421e+16,2021,1,2,Road Accidents,Junction,Rural Areas,Near Bus stop,Human Error,No,Grievous Injury,Vehicle to Vehicle,No signal lights,Others,One way,Bitumen(Tar),Dry,Not Applicable,Fine,ANEKAL TO CHANDAPUR ROAD,1,5,12.743344,77.708506,0,0,0.0,0.0
Bengaluru Dist,Anekal PS,1.04421e+16,2021,1,2,Road Accidents,Junction,City/Town,Near Bus stop,Human Error,No,Grievous Injury,Vehicle to Vehicle,Uncontrolled,Others,Two way,Bitumen(Tar),Dry,No influence on accident,Fine,ANEKAL TO HOUSR ROAD,1,2KM,12.695421,77.709777,0,0,0.0,0.0
Bengaluru Dist,Anekal PS,1.04421e+16,2021,1,1,Road Accidents,Junction,Rural Areas,Near Bus stop,Human Error,Yes,Simple Injury,Hit pedestrian,Signal lights Manual,Not Applicable,Others,Bitumen(Tar),Dry,No influence on accident,Fine,THAMMANAYAKANAHALLI ROAD,2,8,12.698614,77.641746,0,0,0.0,0.0
Bengaluru Dist,Anekal PS,1.04421e+16,2021,1,2,Road Accidents,Curves,Rural Areas,Open area,Not Applicable,Yes,Grievous Injury,Not Applicable,Not Applicable,Others,Others,Not Applicable,Others,Not Applicable,Fine,Anekal-Kanakapura road,0,4 KM,12.706292,77.665302,0,1,0.0,1.0
Bengaluru Dist,Anekal PS,1.04421e+16,2021,1,2,Road Accidents,Cross roads,City/Town,Residential area,Not Applicable,No,Grievous Injury,Vehicle to Vehicle,Not Applicable,Straight and flat,Residential Street,Bitumen(Tar),Dry,Not Applicable,Fine,"Near Shani Mahatma Temple, Anekal Bannerughatta Road, Anekal Town",Electical Pool,5feet,12.746424,77.686865,0,0,0.0,0.0
Bengaluru Dist,Anekal PS,1.04421e+16,2022,1,2,Rail Road Accidents,Circle,Rural Areas,Near Bus stop,Not Applicable,No,Grievous Injury,Vehicle to Vehicle,Not Applicable,Curve,Others,Bitumen(Tar),Dry,Not Applicable,Others,Anekal Chandapur Road,0,0,12.733145,77.706878,0,0,0.0,0.0
Bengaluru Dist,Anekal PS,1.04421e+16,2022,1,2,Road Accidents,Curves,Rural Areas,Open area,Not Applicable,No,Grievous Injury,Vehicle to Vehicle,Not Applicable,Curve,Others,Surfaced,Others,Not Applicable,Clear,Sunavar Muthyalamaduvu Road A,Sunavar Muthyalamaduvu,25,12.703011,77.684482,0,1,,
Bengaluru Dist,Anekal PS,1.04421e+16,2022,1,1,Road Accidents,Narrow road,Rural Areas,Open area,Not Applicable,Not Applicable,Fatal,Not Applicable,Not at  Junction,Not Applicable,Others,Surfaced,Dry,Not Applicable,Clear,Anekal Harohalli Village Road,Jadappa land,25feet,12.706915,77.6672519,0,0,,
Bengaluru Dist,Anekal PS,1.04421e+16,2022,1,2,Road Accidents,Narrow road,Rural Areas,Open area,Not Applicable,No,Fatal,Vehicle to Vehicle,Uncontrolled,Others,Others,Bitumen(Tar),Dry,Construction Work / Material,Fine,Jigani Anekal Toad,Lay Out Gate,40,12.704495,77.700832,2,0,0.0,2.0
Bengaluru Dist,Anekal PS,1.04421e+16,2022,1,1,Not Applicable,Narrow road,Rural Areas,Open area,Not Applicable,No,Fatal,Vehicle to Vehicle,Not Applicable,Not Applicable,Others,Not Applicable,Not Applicable,Not Applicable,Clear,Anekal-Jigani Road,ANEKAL TALUK,6,12.73949,77.666831,0,0,0.0,0.0
Bengaluru Dist,Anekal PS,1.04421e+16,2022,1,2,Road Accidents,Narrow road,Rural Areas,Open area,Not Applicable,No,Grievous Injury,Vehicle to Vehicle,Not Applicable,Not Applicable,One way,Bitumen(Tar),Dry,Not Applicable,Fine,Anekal Bannerugatta Raod,kacha Road,30 fet,12.72203,77.680439,0,0,0.0,0.0
Bengaluru Dist,Anekal PS,1.04421e+16,2022,1,2,Road Accidents,Narrow road,Rural Areas,Open area,Not Applicable,No,Grievous Injury,Vehicle to Vehicle,Not Applicable,Not Applicable,One way,Bitumen(Tar),Dry,Not Applicable,Fine,Anekal Chandapura Road,Petrol Bunk,40 fet,12.721495,77.703203,0,0,0.0,0.0
Bengaluru Dist,Anekal PS,1.04421e+16,2022,1,1,Not Applicable,Narrow road,City/Town,Open area,Not Applicable,No,Simple Injury,Not Applicable,Not Applicable,Not Applicable,Others,Surfaced,Dry,Not Applicable,Clear,Anekal Banneghatta Road,Doodakere Ari,25,12.7156,77.686472,0,0,,