DISTRICTNAME,UNITNAME,Crime_No,Year,RI,Noofvehicle_involved,Accident_Classification,Accident_Spot,Accident_Location,Accident_SubLocation,Main_Cause,Hit_Run,Severity,Collision_Type,Junction_Control,Road_Character,Road_Type,Surface_Type,Surface_Condition,Road_Condition,Weather,Accident_Road,Landmark_first,Distance_LandMark_First,Latitude,Longitude,Road_Condition_Score,Surface_Condition_Score,Surface_Type_Score,Road_Risk_Index
Bengaluru Dist,Attibele PS,1.04421e+16,2017,1,2,Road Accidents,Not Applicable,City/Town,Open area,Not Applicable,No,Grievous Injury,Not Applicable,Not Applicable,Not Applicable,Not Applicable,Surfaced,Not Applicable,Not Applicable,Others,"ATTIBELE SARJAPURA ROAD, INDLABELE NEAR",ANEKAL TALUK,500 M,0.0,0.0,0,0,,
Bengaluru Dist,Attibele PS,1.04421e+16,2017,1,2,Road Accidents,Not Applicable,Not Applicable,Open area,Not Applicable,No,Damage Only,Others,Not Applicable,Not Applicable,NH,Not Applicable,Not Applicable,Not Applicable,Not Applicable,NEAR AVR FACTORY,NH7 HOSUR BANGALORE ROAD,6 KM,0.0,0.0,0,0,0.0,0.0
Bengaluru Dist,Attibele PS,1.04421e+16,2017,1,1,Road Accidents,Other,Rural Areas,Open area,Human Error,No,Fatal,Others,Not Applicable,Others,Others,Bitumen(Tar),Others,Not Applicable,Others,ANEKAL TALUK,NEAR BESTHAMANAHALLI BUS STOP,8,0.0,0.0,0,1,0.0,1.0
Bengaluru Dist,Attibele PS,1.04421e+16,2017,1,1,Road Accidents,Other,City/Town,Open area,Human Error,No,Fatal,Others,Not Applicable,Others,NH,Bitumen(Tar),Others,Not Applicable,Others,GUEST LINE CIRCLE,NEAR PETROL BUNK ANEKAL TALUK,2,0.0,0.0,0,1,0.0,1.0
Bengaluru Dist,Attibele PS,1.04421e+16,2017,1,1,Road Accidents,Not Applicable,City/Town,Open area,Not Applicable,No,Grievous Injury,Not Applicable,Not Applicable,Not Applicable,NH,Surfaced,Not Applicable,Not Applicable,Others,"NH 7 BANGALORE HSOUR ROAD,",ATTIBELE TOLL NEAR,1 KM,0.0,0.0,0,0,,
Bengaluru Dist,Attibele PS,1.04421e+16,2017,1,2,Road Accidents,Not Applicable,City/Town,Open area,Not Applicable,No,Grievous Injury,Not Applicable,Not Applicable,Not Applicable,NH,Not Applicable,Not Applicable,Not Applicable,Others,"NH 7 HOSUR BANGALORE ROAD,",ATTIBELE TOWN,1 KM,0.0,0.0,0,0,0.0,0.0
Bengaluru Dist,Attibele PS,1.04421e+16,2017,1,2,Road Accidents,Other,City/Town,Open area,Human Error,No,Damage Only,Others,Not Applicable,Others,Others,Bitumen(Tar),Others,Not Applicable,Others,ATTIBELE TVS ROAD,NEAR ANJANEYA TRANSPORT,2 KM,0.0,0.0,0,1,0.0,1.0
Bengaluru Dist,Attibele PS,1.04421e+16,2017,1,1,Road Accidents,Other,City/Town,Near a religious place,Human Error,No,Grievous Injury,Others,Not Applicable,Others,NH,Bitumen(Tar),Others,Not Applicable,Others,NH7 BANGALORE HOSUR SERVICE ROAD,NEAR MAHADESHWARA TEMPLE YADAVANAHALLI,2 KM,0.0,0.0,0,1,0.0,1.0
Bengaluru Dist,Attibele PS,1.04421e+16,2017,1,1,Road Accidents,Other,Rural Areas,Open area,Human Error,No,Fatal,Skidding or Self accident,Not Applicable,Straight and flat,NH,Bitumen(Tar),Dry,Not Applicable,Not Applicable,"NH-7,BANGALORE-HOSUR ROAD",OPP SBR CHOWTRY,0.5 KM,0.0,0.0,0,0,0.0,0.0
Bengaluru Dist,Attibele PS,1.04421e+16,2017,1,1,Road Accidents,Not Applicable,Rural Areas,Near Bus stop,Not Applicable,No,Fatal,Not Applicable,Not Applicable,Others,Others,Concrete,Not Applicable,Not Applicable,Others,SHIVA TEMPLE NEAR THIMMASANDRA,1,10 KM,0.0,0.0,0,0,0.0,0.0
Bengaluru Dist,Attibele PS,1.04421e+16,2017,1,1,Road Accidents,Other,Rural Areas,Open area,Human Error,Yes,Fatal,Hit and Run,Not Applicable,Others,NH,Bitumen(Tar),Ditch or Potholed,Not Applicable,Not Applicable,"NH-7,BANGALORE-HOSUR ROAD",NEAR LA CLASSIC HOTEL,2 KM,0.0,0.0,0,5,0.0,5.0
Bengaluru Dist,Attibele PS,1.04421e+16,2017,1,1,Road Accidents,Other,City/Town,Open area,Human Error,No,Damage Only,Others,Not Applicable,Others,Others,Kutcha,Others,Not Applicable,Others,ANEKAL TALUK,BIDARAGUPPE KERE ERI,3,0.0,0.0,0,1,4.0,5.0
Bengaluru Dist,Attibele PS,1.04421e+16,2017,1,2,Road Accidents,Not Applicable,City/Town,Open area,Not Applicable,No,Grievous Injury,Not Applicable,Not Applicable,Not Applicable,NH,Surfaced,Not Applicable,Not Applicable,Not Applicable,"NH 7 BANGALORE HOSUR ROAD,",GUEST LINE CIRCLE NEAR,3 KM,0.0,0.0,0,0,,
Bengaluru Dist,Attibele PS,1.04421e+16,2017,1,2,Road Accidents,Other,City/Town,Open area,Human Error,No,Damage Only,Others,Not Applicable,Others,NH,Bitumen(Tar),Others,Not Applicable,Others,NH7 BANGALORE HOSUR MAIN ROAD,NEAR LA CLASSIC CHECKPOST,2 KM,0.0,0.0,0,1,0.0,1.0
Bengaluru Dist,Attibele PS,1.04421e+16,2017,1,2,Not Applicable,Other,City/Town,Open area,Human Error,No,Grievous Injury,Others,Not Applicable,Others,Others,Not Applicable,Others,Not Applicable,Others,SARJAPURA ATTIBELE ROAD,ON BIDARAGUPPE BRIDGE,3 KM,0.0,0.0,0,1,0.0,1.0
Bengaluru Dist,Attibele PS,1.04421e+16,2017,1,2,Road Accidents,Other,City/Town,Open area,Human Error,No,Damage Only,Others,Not Applicable,Others,NH,Bitumen(Tar),Others,Not Applicable,Others,NH7 BANGALORE HOSUR ROAD,NEAR NERALUR GATE ANEKAL TALUK,6 KM,0.0,0.0,0,1,0.0,1.0
Bengaluru Dist,Attibele PS,1.04421e+16,2017,1,1,Road Accidents,Other,City/Town,Open area,Human Error,No,Grievous Injury,Hit pedestrian,Not Applicable,Others,NH,Not Applicable,Others,Not Applicable,Others,HOSUR BANGALORE NH7 ROAD,NEAR BALAGARANAHALLI GATE,5 KM,0.0,0.0,0,1,0.0,1.0
Bengaluru Dist,Attibele PS,1.04421e+16,2017,1,1,Road Accidents,Not Applicable,Not Applicable,Open area,Not Applicable,Not Applicable,Grievous Injury,Not Applicable,Not Applicable,Not Applicable,NH,Not Applicable,Not Applicable,Not Applicable,Not Applicable,NH7 HOSUR BANGALORE ROAD,NEAR GELTECH FACTORY,2 KM,0.0,0.0,0,0,0.0,0.0
Bengaluru Dist,Attibele PS,1.04421e+16,2017,1,1,Road Accidents,Not Applicable,Not Applicable,Open area,Not Applicable,No,Grievous Injury,Not Applicable,Not Applicable,Not Applicable,NH,Not Applicable,Not Applicable,Not Applicable,Not Applicable,NH7 BANGALORE HOSUR RD,NEAR LA CLASSIC HOTEL,1 KM,0.0,0.0,0,0,0.0,0.0
Bengaluru Dist,Attibele PS,1.04421e+16,2017,1,2,Road Accidents,Other,City/Town,Open area,Human Error,No,Grievous Injury,Others,Not Applicable,Others,NH,Bitumen(Tar),Others,Not Applicable,Others,HOSUR BANGALORE NH7 ROAD,ON ATTIBELE FLY OVER ATTIBELE TOWN,0.5 KM,0.0,0.0,0,1,0.0,1.0
Bengaluru Dist,Attibele PS,1.04421e+16,2017,1,1,Road Accidents,Other,City/Town,Open area,Human Error,No,Fatal,Others,Not Applicable,Others,NH,Bitumen(Tar),Others,Not Applicable,Others,BANGALORE HOSUR NH7 ROAD,NEAR CHECK POST ATTIBELE,01 KM,0.0,0.0,0,1,0.0,1.0
Bengaluru Dist,Attibele PS,1.04421e+16,2017,1,2,Road Accidents,Narrow road,Rural Areas,Open area,Human Error,No,Fatal,Hit bicyclist,Not Applicable,Straight and flat,NH,Bitumen(Tar),Dry,Not Applicable,Others,"NH-7,BANGALORE-HOSUR ROAD",OPPOSITE BALAJI WINES,0.5KM,0.0,0.0,0,0,0.0,0.0
Bengaluru Dist,Attibele PS,1.04421e+16,2017,1,2,Road Accidents,Other,Rural Areas,Open area,Human Error,No,Grievous Injury,Others,Not Applicable,Others,Others,Not Applicable,Others,Not Applicable,Others,KHB 3RD PHASE 3RD BLOCK,JIGALA VILLAGE ANEKAL TALUK,5 KM,0.0,0.0,0,1,0.0,1.0
Bengaluru Dist,Attibele PS,1.04421e+16,2017,1,1,Road Accidents,Other,Rural Areas,Near Bus stop,Not Applicable,Yes,Fatal,Hit pedestrian,Not Applicable,Others,Village Road,Bitumen(Tar),Others,Not Applicable,Not Applicable,"ATTIBELE-ANEKAL ROAD,",NEAR BESTHAMANAHALLI BUS STAND,5 KM,0.0,0.0,0,1,0.0,1.0
Bengaluru Dist,Attibele PS,1.04421e+16,2017,1,1,Road Accidents,Other,City/Town,Open area,Human Error,Yes,Grievous Injury,Others,Not Applicable,Others,NH,Bitumen(Tar),Others,Not Applicable,Others,BANGALORE HOSUR NH7 ROAD,GUDDAHATTI GATE ANEKAL TALUK,3,0.0,0.0,0,1,0.0,1.0
Bengaluru Dist,Attibele PS,1.04421e+16,2017,1,1,Road Accidents,Other,City/Town,Open area,Human Error,Yes,Simple Injury,Others,Not Applicable,Others,NH,Bitumen(Tar),Others,Not Applicable,Others,BANGALORE HOSUR NH7 ROAD,NEAR GUESTLINE CIRCLE,2 KM,0.0,0.0,0,1,0.0,1.0
Bengaluru Dist,Attibele PS,1.04421e+16,2017,1,1,Road Accidents,Other,City/Town,At pedestrian Crossing,Human Error,No,Grievous Injury,Hit pedestrian,Not Applicable,Others,NH,Bitumen(Tar),Others,Not Applicable,Others,NH7 BANGALORE HOSUR ROAD,NEAR GUESTLINE CIRCLE INFRONT OF ANJANEYA TEMPLE,2,0.0,0.0,0,1,0.0,1.0
Bengaluru Dist,Attibele PS,1.04421e+16,2017,1,2,Road Accidents,Not Applicable,Not Applicable,Open area,Not Applicable,No,Not Applicable,Not Applicable,Not Applicable,Not Applicable,NH,Not Applicable,Not Applicable,Not Applicable,Not Applicable,NH7 HOSUR BANGALORE ROAD,NEAR NERALUR GATE,4 KM,0.0,0.0,0,0,0.0,0.0
Bengaluru Dist,Attibele PS,1.04421e+16,2017,1,2,Road Accidents,Other,City/Town,Open area,Human Error,No,Simple Injury,Others,Not Applicable,Others,NH,Bitumen(Tar),Others,Not Applicable,Others,HOSUR BANGALORE NH7 ROAD,NEAR GUESTLINE CIRCLE,2,0.0,0.0,0,1,0.0,1.0
Bengaluru Dist,Attibele PS,1.04421e+16,2017,1,2,Not Applicable,Not Applicable,Not Applicable,Open area,Not Applicable,No,Damage Only,Not Applicable,Not Applicable,Not Applicable,NH,Not Applicable,Not Applicable,Not Applicable,Not Applicable,NEAR NERALUR GATE,NH7 BANGALORE HOSUR ROAD,4 KM,0.0,0.0,0,0,0.0,0.0
Bengaluru Dist,Attibele PS,1.04421e+16,2017,1,2,Road Accidents,Not Applicable,City/Town,Open area,Not Applicable,No,Grievous Injury,Not Applicable,Not Applicable,Not Applicable,NH,Surfaced,Not Applicable,Not Applicable,Others,"NH 7 BANGALORE HOSUR ROAD,",ATTIBELE CHECK POST NEAR,1 KM,0.0,0.0,0,0,,
Bengaluru Dist,Attibele PS,1.04421e+16,2017,1,2,Road Accidents,Other,City/Town,Open area,Human Error,No,Grievous Injury,Others,Not Applicable,Others,Others,Bitumen(Tar),Others,Not Applicable,Others,ATTIBELE SARJAPURA ROAD,NEAR SILK FARM GATE,5 KM,0.0,0.0,0,1,0.0,1.0
Bengaluru Dist,Attibele PS,1.04421e+16,2017,1,3,Road Accidents,Other,City/Town,Open area,Human Error,No,Fatal,Others,Not Applicable,Others,NH,Bitumen(Tar),Others,Not Applicable,Others,HOSUR BANGALORE NH7 ROAD,NEAR GUESTLINE CIRCLE,2 KM,0.0,0.0,0,1,0.0,1.0
Bengaluru Dist,Attibele PS,1.04421e+16,2017,1,2,Road Accidents,Other,City/Town,Open area,Human Error,No,Damage Only,Others,Not Applicable,Others,NH,Bitumen(Tar),Others,Not Applicable,Others,NH7 BANGALORE HOSUR ROAD,ATTIBELE BORDER TOLL,1/2 KM,0.0,0.0,0,1,0.0,1.0
Bengaluru Dist,Attibele PS,1.04421e+16,2017,1,1,Road Accidents,Other,City/Town,Open area,Human Error,No,Damage Only,Others,Not Applicable,Others,NH,Bitumen(Tar),Not Applicable,Not Applicable,Others,NH7 BANGALORE HOSUR ROAD,NEAR ATTIBELE RTO OFFICE ATTIBELE TOWN,1 KM,0.0,0.0,0,0,0.0,0.0
Bengaluru Dist,Attibele PS,1.04421e+16,2017,1,2,Road Accidents,Not Applicable,City/Town,Open area,Not Applicable,No,Fatal,Not Applicable,Not Applicable,Not Applicable,NH,Surfaced,Not Applicable,Not Applicable,Not Applicable,NH7 BANGALORE HOSUR ROAD,ATTIBELE TOWN,1 KM,0.0,0.0,0,0,,
Bengaluru Dist,Attibele PS,1.04421e+16,2017,1,2,Road Accidents,Other,City/Town,Open area,Human Error,No,Fatal,Others,Not Applicable,Others,NH,Bitumen(Tar),Others,Not Applicable,Others,NH7 BANGALORE HOUSR ROAD,NEAR ATTIBELE TOLL FLY OVER,01-Feb,0.0,0.0,0,1,0.0,1.0
Bengaluru Dist,Attibele PS,1.04421e+16,2017,1,2,Road Accidents,Other,City/Town,Near Bus stop,Human Error,No,Damage Only,Others,Not Applicable,Others,NH,Bitumen(Tar),Others,Not Applicable,Others,NH7 HOSUR BANGALORE ROAD,NEAR NERALUR BUS STOP,5 KM,0.0,0.0,0,1,0.0,1.0
Bengaluru Dist,Attibele PS,1.04421e+16,2017,1,1,Road Accidents,Other,City/Town,Open area,Human Error,No,Grievous Injury,Others,Not Applicable,Others,NH,Bitumen(Tar),Others,Not Applicable,Others,HOSUR BANGALORE NH7 ROAD,NEAR CHECKPOST,1 KM,0.0,0.0,0,1,0.0,1.0
Bengaluru Dist,Attibele PS,1.04421e+16,2017,1,3,Road Accidents,Other,City/Town,Open area,Human Error,No,Grievous Injury,Others,Not Applicable,Others,NH,Bitumen(Tar),Others,Not Applicable,Others,NH7 HOSUR BANGALORE ROAD,NEAR BALAGARANAHALLI GATE,4 KM,0.0,0.0,0,1,0.0,1.0
Bengaluru Dist,Attibele PS,1.04421e+16,2017,1,2,Road Accidents,Other,Rural Areas,Open area,Human Error,No,Fatal,Others,Not Applicable,Straight and flat,Village Road,Bitumen(Tar),Dry,Not Applicable,Not Applicable,ATTIBELE SARJAPURA ROAD,NEAR BIDARAGUPPE KERE,1 KM,0.0,0.0,0,0,0.0,0.0
Bengaluru Dist,Attibele PS,1.04421e+16,2017,1,1,Road Accidents,Bridge,Not Applicable,Near Bus stop,Not Applicable,No,Fatal,Not Applicable,Not Applicable,Others,NH,Concrete,Not Applicable,Not Applicable,Fine,NEAR ATTIBELE FLY OVER,ATTIBELE FLY OVER,200 MT,0.0,0.0,0,0,0.0,0.0
Bengaluru Dist,Attibele PS,1.04421e+16,2017,1,1,Road Accidents,Other,Rural Areas,Near Bus stop,Human Error,No,Grievous Injury,Not Applicable,Not Applicable,Others,Village Road,Concrete,Muddy,Not Applicable,Others,ATTIBELE ANEKAL ROAD,THATTANAHALLI GATE,10 KM,0.0,0.0,0,4,0.0,4.0
Bengaluru Dist,Attibele PS,1.04421e+16,2017,1,1,Road Accidents,Other,City/Town,At pedestrian Crossing,Human Error,No,Grievous Injury,Hit pedestrian,Not Applicable,Others,NH,Bitumen(Tar),Others,Not Applicable,Others,NH7 BANGALORE HOSUR ROAD,NEAR BALAGARANAHALLI GATE INFRONT OF AVS COMPANY,4,0.0,0.0,0,1,0.0,1.0
Bengaluru Dist,Attibele PS,1.04421e+16,2017,1,1,Road Accidents,Not Applicable,City/Town,Open area,Not Applicable,No,Grievous Injury,Not Applicable,Not Applicable,Not Applicable,NH,Surfaced,Not Applicable,Not Applicable,Not Applicable,NH 7 BANGALORE HOSUR ROAD,YADAVANAHALLI CHECK POST NEAR,2 KM,0.0,0.0,0,0,,
Bengaluru Dist,Attibele PS,1.04421e+16,2017,1,1,Road Accidents,Not Applicable,Not Applicable,Near Bus stop,Not Applicable,No,Fatal,Not Applicable,Not Applicable,Not Applicable,NH,Concrete,Not Applicable,Not Applicable,Others,BANGALORE HOSUR NH7 ROAD,NERALUR GATE,5 KM,0.0,0.0,0,0,0.0,0.0
Bengaluru Dist,Attibele PS,1.04421e+16,2017,1,1,Road Accidents,Other,City/Town,Open area,Human Error,No,Damage Only,Others,Not Applicable,Others,NH,Bitumen(Tar),Others,Not Applicable,Others,ATTIBELE SARJAPURA ROAD,NEAR SRI RAM SMRITHI APARTMENT BIDRAGUPPE,3 KM,0.0,0.0,0,1,0.0,1.0
Bengaluru Dist,Attibele PS,1.04421e+16,2017,1,2,Road Accidents,Not Applicable,City/Town,Open area,Not Applicable,No,Grievous Injury,Not Applicable,Not Applicable,Not Applicable,NH,Not Applicable,Not Applicable,Not Applicable,Others,NH 7 BANGALORE HOSUR ROAD,MAHADESWARA TEMPLE NEAR,2 KM,0.0,0.0,0,0,0.0,0.0
Bengaluru Dist,Attibele PS,1.04421e+16,2017,1,2,Not Applicable,Not Applicable,City/Town,Open area,Not Applicable,No,Grievous Injury,Not Applicable,Not Applicable,Not Applicable,Not Applicable,Not Applicable,Not Applicable,Not Applicable,Not Applicable,"NH 7 BANGALORE HOSUR ROAD,",ATTIBELE ARCH NEAR,1 KM,0.0,0.0,0,0,0.0,0.0
Bengaluru Dist,Attibele PS,1.04421e+16,2017,1,2,Road Accidents,Other,Rural Areas,Open area,Human Error,No,Fatal,Others,Not Applicable,Others,Others,Not Applicable,Others,Not Applicable,Others,ATTIBELE TVS ROAD,NEAR ANJANEYA TRANSPORT,1 KM,0.0,0.0,0,1,0.0,1.0
Bengaluru Dist,Attibele PS,1.04421e+16,2017,1,2,Road Accidents,Other,City/Town,Open area,Human Error,Yes,Grievous Injury,Others,Not Applicable,Others,NH,Bitumen(Tar),Others,Not Applicable,Others,BANGALORE HOSUR NH7 ROAD,NEAR LA CLASSIC HOTEL,1 KM,0.0,0.0,0,1,0.0,1.0
Bengaluru Dist,Attibele PS,1.04421e+16,2017,1,2,Road Accidents,Narrow road,Rural Areas,Near Bus stop,Not Applicable,No,Fatal,Others,Not Applicable,Hump,Others,Bitumen(Tar),Dry,Not Applicable,Not Applicable,SARJAPURA-BANGALORE ROAD,NEAR SOMPURA GATE,1 KM,0.0,0.0,0,0,0.0,0.0
Bengaluru Dist,Attibele PS,1.04421e+16,2017,1,2,Road Accidents,Other,City/Town,Open area,Human Error,No,Grievous Injury,Others,Not Applicable,Others,NH,Bitumen(Tar),Others,Not Applicable,Others,NH7 HOSUR BANGALORE ROAD,INFRONT OF AVS FACTORY GUDDAHATTI GATE,4 KM,0.0,0.0,0,1,0.0,1.0
Bengaluru Dist,Attibele PS,1.04421e+16,2017,1,1,Road Accidents,Not Applicable,Not Applicable,Near Bus stop,Not Applicable,No,Fatal,Not Applicable,Not Applicable,Others,NH,Not Applicable,Not Applicable,Not Applicable,Others,NEAR GUESTLINE CIRCLE,YADAVANAHALLI BUS STOP,3 KM,0.0,0.0,0,0,0.0,0.0
Bengaluru Dist,Attibele PS,1.04421e+16,2017,1,1,Road Accidents,Narrow road,Rural Areas,Open area,Human Error,Yes,Fatal,Hit and Run,Uncontrolled,Others,NH,Bitumen(Tar),Dry,Not Applicable,Not Applicable,"NH-7,BANGALORE-HOSUR ROAD",INFRONT OF MALEMAHADESHWARA TEMPLE,1 KM,0.0,0.0,0,0,0.0,0.0
Bengaluru Dist,Attibele PS,1.04421e+16,2017,1,2,Road Accidents,Narrow road,Rural Areas,Near Bus stop,Not Applicable,No,Fatal,Others,Not Applicable,Others,Village Road,Bitumen(Tar),Dry,Not Applicable,Others,ATTIBELE-ANEKAL ROAD NEAR BESTHAMANAHALLI GATE,NEAR BESTHAMANAHALLI GATE,7 KM,0.0,0.0,0,0,0.0,0.0
Bengaluru Dist,Attibele PS,1.04421e+16,2017,1,1,Road Accidents,Other,City/Town,Near Bus stop,Human Error,No,Grievous Injury,Hit pedestrian,Not Applicable,Others,NH,Bitumen(Tar),Others,Not Applicable,Others,NH7 HOSUR BANGALORE ROAD,NEAR YADAVANAHALLI BUS STOP,3 KM,0.0,0.0,0,1,0.0,1.0
Bengaluru Dist,Attibele PS,1.04421e+16,2017,1,2,Road Accidents,Not Applicable,City/Town,Open area,Not Applicable,No,Grievous Injury,Not Applicable,Not Applicable,Not Applicable,NH,Surfaced,Not Applicable,Not Applicable,Others,NH 7 BANGALORE  HOSUR ROAD,YADAVANAHALLI BUS STOP NEAR,3 KM,0.0,0.0,0,0,,
Bengaluru Dist,Attibele PS,1.04421e+16,2017,1,2,Road Accidents,Other,City/Town,Open area,Human Error,No,Fatal,Others,Not Applicable,Others,NH,Bitumen(Tar),Others,Not Applicable,Others,NH7 HOSUR BANGALORE ROAD,NEAR GUESTLINE CIRCLE,2,0.0,0.0,0,1,0.0,1.0
Bengaluru Dist,Attibele PS,1.04421e+16,2017,1,2,Road Accidents,Other,City/Town,Open area,Human Error,No,Grievous Injury,Others,Not Applicable,Others,NH,Bitumen(Tar),Others,Not Applicable,Others,BANGALORE HOSUR NH7 ROAD,NEAR GUDDAHATTI BUS STAND,4 KM,0.0,0.0,0,1,0.0,1.0
Bengaluru Dist,Attibele PS,1.04421e+16,2017,1,2,Road Accidents,Other,City/Town,Open area,Human Error,No,Grievous Injury,Others,Not Applicable,Others,NH,Bitumen(Tar),Others,Not Applicable,Others,HOSUR BANGALORE MAIN ROAD,NEAR ATTIBELE BORDER,1 KM,0.0,0.0,0,1,0.0,1.0
Bengaluru Dist,Attibele PS,1.04421e+16,2017,1,2,Road Accidents,Other,Not Applicable,Open area,Vehicle Defect,No,Simple Injury,Not Applicable,Not Applicable,Others,NH,Surfaced,Not Applicable,Not Applicable,Not Applicable,NH 7 BANGALORE HOSUR ROAD,NH 7 BANGALORE HOSUR ROAD,1KM,0.0,0.0,0,0,,
Bengaluru Dist,Attibele PS,1.04421e+16,2017,1,2,Road Accidents,Other,Rural Areas,Open area,Human Error,No,Grievous Injury,Others,Not Applicable,Others,Others,Kutcha,Others,Not Applicable,Others,ATTIBELE TVS ROAD,NEAR DASANAPURA GATE,3,0.0,0.0,0,1,4.0,5.0
Bengaluru Dist,Attibele PS,1.04421e+16,2017,1,2,Road Accidents,Other,City/Town,Open area,Human Error,No,Simple Injury,Others,Not Applicable,Others,NH,Bitumen(Tar),Others,Not Applicable,Others,HOSUR BANGALORE NH7 ROAD,ATTIBELE BORDER ARCH ATTIBELE TOWN,500,0.0,0.0,0,1,0.0,1.0
Bengaluru Dist,Attibele PS,1.04421e+16,2017,1,3,Road Accidents,Not Applicable,City/Town,Open area,Not Applicable,No,Grievous Injury,Not Applicable,Not Applicable,Not Applicable,NH,Surfaced,Not Applicable,Not Applicable,Others,"NH 7 BANGALORE HOSUR ROAD, INFRONT OF COMMERCIAL CHECKPOST",GUEST LINE,1 KM,0.0,0.0,0,0,,
Bengaluru Dist,Attibele PS,1.04421e+16,2017,1,1,Road Accidents,Other,City/Town,Near a factory industrial area,Human Error,Yes,Fatal,Hit and Run,Not Applicable,Others,NH,Bitumen(Tar),Dry,Not Applicable,Not Applicable,"NH-7,HOSUR-BANGALORE ROAD",NEAR HMG FACTORY,1 KM,0.0,0.0,0,0,0.0,0.0
Bengaluru Dist,Attibele PS,1.04421e+16,2017,1,1,Road Accidents,Other,City/Town,Open area,Human Error,No,Damage Only,Others,Not Applicable,Others,NH,Bitumen(Tar),Others,Not Applicable,Others,ANEKAL TALUK,NH7 BANGALORE HOSUR RD NERALUR NERAR RAMASWAMY CRACKER SHOP,6 KM,0.0,0.0,0,1,0.0,1.0
Bengaluru Dist,Attibele PS,1.04421e+16,2017,1,1,Road Accidents,Other,Not Applicable,Near Bus stop,Not Applicable,No,Fatal,Not Applicable,Not Applicable,Not Applicable,NH,Concrete,Not Applicable,Not Applicable,Others,HOSUR BANGALORE NH7 ROAD,NERALUR VILLAGE PANCHAYAT OFFICE,5 KM,0.0,0.0,0,0,0.0,0.0
Bengaluru Dist,Attibele PS,1.04421e+16,2017,1,2,Road Accidents,Other,City/Town,Near a factory industrial area,Human Error,No,Grievous Injury,Others,Not Applicable,Others,NH,Bitumen(Tar),Others,Not Applicable,Others,NH7 HOSUR BANGALORE ROAD,ATTIBELE CHECKPOST NEAR HMG FACTORY,1 KM,0.0,0.0,0,1,0.0,1.0
Bengaluru Dist,Attibele PS,1.04421e+16,2017,1,1,Road Accidents,Not Applicable,Not Applicable,Open area,Human Error,No,Grievous Injury,Others,Not Applicable,Others,Others,Not Applicable,Others,Not Applicable,Others,ATTIBELE TVS ROAD DASANAPURA,BESIDE INDIAN PETROL BUNK,2 KM,0.0,0.0,0,1,0.0,1.0
Bengaluru Dist,Attibele PS,1.04421e+16,2017,1,1,Road Accidents,Other,City/Town,Open area,Human Error,No,Simple Injury,Others,Not Applicable,Others,NH,Bitumen(Tar),Others,Not Applicable,Others,NH7 HOSUR BANGALORE ROAD,NEAR NERALUR GATE,5,0.0,0.0,0,1,0.0,1.0
Bengaluru Dist,Attibele PS,1.04421e+16,2017,1,1,Road Accidents,Not Applicable,City/Town,Open area,Not Applicable,No,Grievous Injury,Not Applicable,Not Applicable,Not Applicable,NH,Not Applicable,Not Applicable,Not Applicable,Others,"NH 7 HOSUR BANGALORE ROAD,",NEAR AVS FACTORY  NEAR,3 KM,0.0,0.0,0,0,0.0,0.0
Bengaluru Dist,Attibele PS,1.04421e+16,2017,1,1,Road Accidents,Not Applicable,City/Town,Open area,Not Applicable,No,Grievous Injury,Not Applicable,Not Applicable,Not Applicable,NH,Surfaced,Not Applicable,Not Applicable,Others,NH 7 HOSUR BANGALORE,NEALOOR PANCHAYATH OFFICER NEAR,5 KM,0.0,0.0,0,0,,
Bengaluru Dist,Attibele PS,1.04421e+16,2017,1,1,Road Accidents,Not Applicable,Not Applicable,Open area,Not Applicable,No,Not Applicable,Not Applicable,Not Applicable,Not Applicable,NH,Not Applicable,Not Applicable,Not Applicable,Not Applicable,NH7 HOSUR BANGALORE,NEAR GUDDAHATTI GATE,4 KM,0.0,0.0,0,0,0.0,0.0
Bengaluru Dist,Attibele PS,1.04421e+16,2017,1,1,Road Accidents,Not Applicable,City/Town,Open area,Not Applicable,Yes,Fatal,Not Applicable,Not Applicable,Not Applicable,NH,Surfaced,Others,Not Applicable,Not Applicable,NH 7 HOSUR BANGALORE ROAD,SAINAGAR GATE NEAR,1 KM,0.0,0.0,0,1,,
Bengaluru Dist,Attibele PS,1.04421e+16,2017,1,2,Road Accidents,Not Applicable,City/Town,Open area,Not Applicable,No,Grievous Injury,Not Applicable,Not Applicable,Not Applicable,NH,Surfaced,Not Applicable,Not Applicable,Others,"NH 7 BANGALORE HOSUR ROAD,",ATTIBELE TOLL,1 KM,0.0,0.0,0,0,,
Bengaluru Dist,Attibele PS,1.04421e+16,2017,1,1,Road Accidents,Other,City/Town,Open area,Human Error,No,Fatal,Others,Not Applicable,Others,NH,Bitumen(Tar),Others,Not Applicable,Others,NH7 BANGALORE HOSUR ROAD,NEAR SBR KALYANA MANTAPA CHECKPOST,1 KM,0.0,0.0,0,1,0.0,1.0
Bengaluru Dist,Attibele PS,1.04421e+16,2017,1,2,Road Accidents,Other,City/Town,Open area,Human Error,No,Fatal,Others,Not Applicable,Others,NH,Bitumen(Tar),Others,Not Applicable,Others,HOSUR BANGALORE NH7 ROAD,NEAR CHECKPOST ATTIBELE,1 M,0.0,0.0,0,1,0.0,1.0
Bengaluru Dist,Attibele PS,1.04421e+16,2017,1,2,Road Accidents,Other,City/Town,Near office complex,Human Error,No,Damage Only,Others,Not Applicable,Others,NH,Bitumen(Tar),Others,Not Applicable,Others,NH7 BANGALORE HOSUR ROAD,NEAR CHECKPOST  ATTIBELE ANEKAL TALUK,1 KM,0.0,0.0,0,1,0.0,1.0
Bengaluru Dist,Attibele PS,1.04421e+16,2017,1,1,Road Accidents,Other,City/Town,Open area,Human Error,No,Fatal,Others,Not Applicable,Others,NH,Bitumen(Tar),Others,Not Applicable,Others,BANGALORE HOSUR NH7 ROAD,OPP TO HMG FACTORY BALAJI LAYOUT ATTIBELE,1,0.0,0.0,0,1,0.0,1.0
Bengaluru Dist,Attibele PS,1.04421e+16,2017,1,2,Road Accidents,Other,City/Town,Open area,Human Error,No,Grievous Injury,Others,Not Applicable,Others,NH,Bitumen(Tar),Others,Not Applicable,Others,ATTIBELE HOBLI ANEKAL TALUK,NEAR INDLABELE,1 KM,0.0,0.0,0,1,0.0,1.0
Bengaluru Dist,Attibele PS,1.04421e+16,2017,1,2,Not Applicable,Not Applicable,City/Town,Open area,Not Applicable,No,Not Applicable,Not Applicable,Not Applicable,Not Applicable,NH,Not Applicable,Not Applicable,Not Applicable,Not Applicable,NH 7 BANGALORE HOSUR ROAD,NERLOOR VILLAGE,5 KM,0.0,0.0,0,0,0.0,0.0
Bengaluru Dist,Attibele PS,1.04421e+16,2017,1,1,Road Accidents,Other,City/Town,Open area,Human Error,No,Grievous Injury,Others,Not Applicable,Others,NH,Not Applicable,Others,Not Applicable,Others,NH7 HOSUR BANGALORE ROAD,ABR BAR ATTIBELE BORDER,1/2 KM,0.0,0.0,0,1,0.0,1.0
Bengaluru Dist,Attibele PS,1.04421e+16,2017,1,1,Road Accidents,Other,Rural Areas,Near a factory industrial area,Not Applicable,Yes,Fatal,Not Applicable,Not Applicable,Others,NH,Bitumen(Tar),Not Applicable,Not Applicable,Not Applicable,NH 7 HOSUR BANGALORE ROAD,NEAR L&T TRAINING CENTER,4 KM,0.0,0.0,0,0,0.0,0.0