DISTRICTNAME,UNITNAME,Crime_No,Year,RI,Noofvehicle_involved,Accident_Classification,Accident_Spot,Accident_Location,Accident_SubLocation,Main_Cause,Hit_Run,Severity,Collision_Type,Junction_Control,Road_Character,Road_Type,Surface_Type,Surface_Condition,Road_Condition,Weather,Accident_Road,Landmark_first,Distance_LandMark_First,Latitude,Longitude,Road_Condition_Score,Surface_Condition_Score,Surface_Type_Score,Road_Risk_Index
Bengaluru Dist,Attibele PS,1.04421e+16,2017,1,1,Road Accidents,Other,City/Town,Open area,Human Error,No,Simple Injury,Hit pedestrian,Not Applicable,Others,NH,Bitumen(Tar),Others,Not Applicable,Others,NH7 BANGALORE HOSUR ROAD,NEAR GUDDAHATTI GATE,4,0.0,0.0,0,1,0.0,1.0
Bengaluru Dist,Attibele PS,1.04421e+16,2017,1,2,Road Accidents,Other,City/Town,Open area,Human Error,No,Simple Injury,Others,Not Applicable,Others,Service Road,Bitumen(Tar),Others,Not Applicable,Others,NH7 HOSUR BANGALORE SERVICE ROAD,NEAR PETROL BUNK YADAVANAHALLI,2,0.0,0.0,0,1,0.0,1.0
Bengaluru Dist,Attibele PS,1.04421e+16,2017,1,1,Road Accidents,Other,City/Town,Open area,Human Error,No,Fatal,Others,Not Applicable,Others,NH,Concrete,Others,Not Applicable,Others,BANGALORE HOSUR NH7 ROAD,YADAVANAHALLI GATE,2,0.0,0.0,0,1,0.0,1.0
Bengaluru Dist,Attibele PS,1.04421e+16,2017,1,2,Road Accidents,Other,City/Town,Open area,Human Error,No,Simple Injury,Others,Not Applicable,Others,Others,Bitumen(Tar),Others,Not Applicable,Others,TVS ROAD,NEAR ANJANEYA TRANSPORT,2 KM,0.0,0.0,0,1,0.0,1.0
Bengaluru Dist,Attibele PS,1.04421e+16,2017,1,2,Road Accidents,Other,City/Town,Open area,Human Error,Yes,Grievous Injury,Others,Not Applicable,Others,NH,Bitumen(Tar),Others,Not Applicable,Others,NH7 BANGALORE HOSUR ROAD,NEAR NERALUR GATE,4 KM,0.0,0.0,0,1,0.0,1.0
Bengaluru Dist,Attibele PS,1.04421e+16,2017,1,1,Road Accidents,Other,City/Town,Open area,Human Error,No,Grievous Injury,Others,Not Applicable,Others,NH,Bitumen(Tar),Others,Not Applicable,Others,NH7 HOSUR BANGALORE ROAD,NEAR GUDDAHATTI GATE,4 KM,0.0,0.0,0,1,0.0,1.0
Bengaluru Dist,Attibele PS,1.04421e+16,2017,1,2,Road Accidents,Narrow road,City/Town,Open area,Not Applicable,No,Not Applicable,Others,Not Applicable,Not Applicable,Others,Surfaced,Not Applicable,Not Applicable,Others,NH 7 HOSUR BANGALORE,NH 7 HOSUR BANGALORE,2 KM,0.0,0.0,0,0,,
Bengaluru Dist,Attibele PS,1.04421e+16,2018,1,1,Road Accidents,Other,City/Town,Open area,Not Applicable,No,Fatal,Hit pedestrian,Not Applicable,Others,NH,Bitumen(Tar),Dry,Not Applicable,Not Applicable,BANGALORE-HOSUR MAIN ROAD,OPP ATTIBELE CHECK POST,1 KM,0.0,0.0,0,0,0.0,0.0
Bengaluru Dist,Attibele PS,1.04421e+16,2018,1,1,Road Accidents,Not Applicable,Not Applicable,Open area,Human Error,No,Simple Injury,Others,Not Applicable,Others,NH,Bitumen(Tar),Others,Not Applicable,Others,NH7 HOSUR BANGALORE ROAD OPP BAJAJ SHOW ROOM,YADAVANAHALLI,2 KM,0.0,0.0,0,1,0.0,1.0
Bengaluru Dist,Attibele PS,1.04421e+16,2018,1,1,Road Accidents,Narrow road,Rural Areas,Near Bus stop,Human Error,No,Fatal,Hit pedestrian,Not Applicable,Others,NH,Bitumen(Tar),Dry,Not Applicable,Not Applicable,"NH-7,HOSUR-BANGALOR ROAD",NEAR NERALOOR BUS STOP,6 KM,0.0,0.0,0,0,0.0,0.0
Bengaluru Dist,Attibele PS,1.04421e+16,2018,1,1,Road Accidents,Other,City/Town,Open area,Human Error,No,Simple Injury,Others,Not Applicable,Others,NH,Bitumen(Tar),Others,Not Applicable,Others,NH7 HOSUR BANGALORE ROAD,NEAR NERALUR BUS STOP,5 KM,0.0,0.0,0,1,0.0,1.0
Bengaluru Dist,Attibele PS,1.04421e+16,2018,1,2,Road Accidents,Other,City/Town,Open area,Human Error,No,Grievous Injury,Others,Not Applicable,Others,NH,Bitumen(Tar),Others,Not Applicable,Others,NH7 BANGALORE HOSUR SERVICE ROAD,NEAR GUESTLINE CIRCLE,2 KM,0.0,0.0,0,1,0.0,1.0
Bengaluru Dist,Attibele PS,1.04421e+16,2018,1,1,Road Accidents,Other,City/Town,Open area,Human Error,No,Grievous Injury,Others,Not Applicable,Others,NH,Bitumen(Tar),Others,Not Applicable,Others,NH7 BANGALORE HOSUR ROAD,NEAR ATTIBELE TOLL,1 KM,0.0,0.0,0,1,0.0,1.0
Bengaluru Dist,Attibele PS,1.04421e+16,2018,1,1,Road Accidents,Other,City/Town,Open area,Human Error,Yes,Grievous Injury,Others,Not Applicable,Others,NH,Bitumen(Tar),Others,Not Applicable,Others,NH7 BANGALORE HOSUR ROAD,NARMADA BAR NEAR ATTIBELE CHECKPOST,1 KM,0.0,0.0,0,1,0.0,1.0
Bengaluru Dist,Attibele PS,1.04421e+16,2018,1,1,Road Accidents,Not Applicable,Not Applicable,Open area,Human Error,No,Not Applicable,Others,Not Applicable,Others,NH,Not Applicable,Others,Not Applicable,Others,NH7 HOSUR BANGALORE ROAD,NEAR YADAVANAHALLI BUS STOP,2 KM,0.0,0.0,0,1,0.0,1.0
Bengaluru Dist,Attibele PS,1.04421e+16,2018,1,1,Road Accidents,Other,City/Town,Open area,Human Error,No,Simple Injury,Others,Not Applicable,Others,NH,Bitumen(Tar),Others,Not Applicable,Others,HOSUR BANGALORE NH7 ROAD,NEAR YADAVANAHALLI BUS STOP,2 KM,0.0,0.0,0,1,0.0,1.0
Bengaluru Dist,Attibele PS,1.04421e+16,2018,1,1,Road Accidents,Other,City/Town,Open area,Human Error,Not Applicable,Grievous Injury,Overturning,Not Applicable,Others,NH,Bitumen(Tar),Others,Not Applicable,Others,NH7 HOSUR BANGALORE ROAD,NEAR ATTIBELE TOLL,1 KM,0.0,0.0,0,1,0.0,1.0
Bengaluru Dist,Attibele PS,1.04421e+16,2018,1,2,Road Accidents,Other,City/Town,Open area,Human Error,No,Damage Only,Others,Not Applicable,Not Applicable,NH,Bitumen(Tar),Others,Not Applicable,Others,NH7 HOSUR BANGALORE MAIN ROAD,NEAR ATTIBELE BORDER ARCH,1 KM,0.0,0.0,0,1,0.0,1.0
Bengaluru Dist,Attibele PS,1.04421e+16,2018,1,2,Road Accidents,Other,City/Town,Open area,Human Error,No,Grievous Injury,Others,Not Applicable,Others,NH,Bitumen(Tar),Others,Not Applicable,Others,NH7 HOSUR BANGALORE SERVICE ROAD,NEAR YADAVANAHALLI SUB WAY,2 KM,0.0,0.0,0,1,0.0,1.0
Bengaluru Dist,Attibele PS,1.04421e+16,2018,1,2,Road Accidents,Other,City/Town,Open area,Human Error,Yes,Grievous Injury,Others,Not Applicable,Straight and flat,NH,Bitumen(Tar),Others,Not Applicable,Others,NH7 BANGALORE HOSUR ROAD,NEAR ATTIBELE BORDER MAHENDRA LAYOUT,1 KM,0.0,0.0,0,1,0.0,1.0
Bengaluru Dist,Attibele PS,1.04421e+16,2018,1,3,Road Accidents,Not Applicable,Not Applicable,Open area,Human Error,No,Damage Only,Others,Not Applicable,Others,NH,Bitumen(Tar),Others,Not Applicable,Others,NH7 HOSUR BANGALORE ROAD,NEAR SLV CRACKER SHOP NERALUR,5 KM,0.0,0.0,0,1,0.0,1.0
Bengaluru Dist,Attibele PS,1.04421e+16,2018,1,2,Road Accidents,Other,City/Town,Open area,Human Error,No,Grievous Injury,Others,Not Applicable,Curve,NH,Bitumen(Tar),Others,Engineering Defect of Road,Others,ATTIBELE HOBLI ANEKAL TALUK,NEAR S MADIVALA,15 KM,0.0,0.0,4,1,0.0,5.0
Bengaluru Dist,Attibele PS,1.04421e+16,2018,1,2,Road Accidents,Other,City/Town,Open area,Human Error,No,Damage Only,Others,Not Applicable,Others,NH,Bitumen(Tar),Others,Not Applicable,Others,NH7 BANGALORE HOSUR ROAD,ATTIBELE TOLL,1 KM,0.0,0.0,0,1,0.0,1.0
Bengaluru Dist,Attibele PS,1.04421e+16,2018,1,2,Road Accidents,Other,City/Town,Open area,Human Error,No,Grievous Injury,Others,Not Applicable,Not Applicable,NH,Bitumen(Tar),Others,Not Applicable,Others,NH7 HOSUR BANGALORE ROAD,NEAR ATTIBELE CHECKPOST,1 KM,0.0,0.0,0,1,0.0,1.0
Bengaluru Dist,Attibele PS,1.04421e+16,2018,1,1,Road Accidents,Narrow road,Rural Areas,Near Bus stop,Human Error,No,Fatal,Hit pedestrian,Not Applicable,Others,NH,Bitumen(Tar),Dry,Not Applicable,Others,"NH-7,BENGALORE-HOSUR ROAD",NEAR YADAVANAHALLI BUS STOP,2 KM,0.0,0.0,0,0,0.0,0.0
Bengaluru Dist,Attibele PS,1.04421e+16,2018,1,1,Road Accidents,Narrow road,Rural Areas,Near Bus stop,Human Error,Yes,Fatal,Hit pedestrian,Uncontrolled,Straight and flat,NH,Bitumen(Tar),Dry,Not Applicable,Clear,"BANGALORE-HOSUR,NH-7 ROAD",NEAR GUDDAHATTI GATE,4 KM,0.0,0.0,0,0,0.0,0.0
Bengaluru Dist,Attibele PS,1.04421e+16,2018,1,2,Road Accidents,Narrow road,Rural Areas,Near a factory industrial area,Not Applicable,No,Fatal,Hit bicyclist,Uncontrolled,Others,NH,Bitumen(Tar),Dry,Not Applicable,Others,"NH-7,HOSUR-BANGALORE ROAD",NEAR GUESTLINE CIRCLE,4 KM,0.0,0.0,0,0,0.0,0.0
Bengaluru Dist,Attibele PS,1.04421e+16,2018,1,2,Road Accidents,Other,City/Town,Open area,Human Error,No,Simple Injury,Others,Not Applicable,Others,NH,Bitumen(Tar),Others,Not Applicable,Others,NH7 BANGALORE HOSUR ROAD,NEAR ATTIBELE CHECKPOST,1 KM,0.0,0.0,0,1,0.0,1.0
Bengaluru Dist,Attibele PS,1.04421e+16,2018,1,1,Road Accidents,Narrow road,Rural Areas,Open area,Human Error,No,Fatal,Hit pedestrian,Uncontrolled,Straight and flat,NH,Bitumen(Tar),Dry,Not Applicable,Clear,BANGALORE-HOSUR NH-7 ROAD,NEAR GUDDAHATTI GATE,4 KM,0.0,0.0,0,0,0.0,0.0
Bengaluru Dist,Attibele PS,1.04421e+16,2018,1,2,Road Accidents,Other,City/Town,Open area,Human Error,No,Damage Only,Others,Not Applicable,Others,NH,Bitumen(Tar),Others,Not Applicable,Others,NH7 HOSUR BANGA1 KM RE ROAD,NEAR ATTIBELE BORDER ARCH,1 KM,0.0,0.0,0,1,0.0,1.0
Bengaluru Dist,Attibele PS,1.04421e+16,2018,1,2,Road Accidents,Other,Rural Areas,Open area,Human Error,No,Fatal,Hit bicyclist,Uncontrolled,Straight and flat,NH,Bitumen(Tar),Dry,Not Applicable,Clear,"NH-7,BANGALORE-HOSUR SERVICE ROAD",OPP CHECK POST,0.5 KM,0.0,0.0,0,0,0.0,0.0
Bengaluru Dist,Attibele PS,1.04421e+16,2018,1,2,Road Accidents,Narrow road,Rural Areas,Open area,Human Error,No,Fatal,Others,Not Applicable,Others,Two way,Bitumen(Tar),Dry,Not Applicable,Not Applicable,ATTIBELE SARJAPURA ROAD,NEAR BASAVARAJ HOUSE CROSS,1 KM,0.0,0.0,0,0,0.0,0.0
Bengaluru Dist,Attibele PS,1.04421e+16,2018,1,2,Road Accidents,Other,City/Town,Near Bus stop,Human Error,Not Applicable,Damage Only,Others,Police / Manual,Others,NH,Concrete,Others,Not Applicable,Others,NH 7HOSUR BANGALORE ROAD NEAR ATTIBELE TOLL,HOSUR BANGALORE ROAD NEAR ATTIBE TOLL,1/2 KM,0.0,0.0,0,1,0.0,1.0
Bengaluru Dist,Attibele PS,1.04421e+16,2018,1,2,Road Accidents,Other,Not Applicable,Open area,Human Error,No,Damage Only,Others,Not Applicable,Not Applicable,NH,Bitumen(Tar),Others,Not Applicable,Others,NH7 HOSUR BANGALORE ROAD,NEAR ATTIBELE TOLL,1 KM,0.0,0.0,0,1,0.0,1.0
Bengaluru Dist,Attibele PS,1.04421e+16,2018,1,2,Road Accidents,Narrow road,Rural Areas,Near Bus stop,Human Error,No,Fatal,Skidding or Self accident,Not Applicable,Others,NH,Bitumen(Tar),Dry,Not Applicable,Others,"NH-7,BANGALORE-HOSUR ROAD",NEAR NERALOOR GATE,5 KM,0.0,0.0,0,0,0.0,0.0
Bengaluru Dist,Attibele PS,1.04421e+16,2018,1,2,Road Accidents,Other,City/Town,Open area,Human Error,No,Damage Only,Others,Not Applicable,Others,NH,Bitumen(Tar),Others,Not Applicable,Others,NH7BANGALORE HOSUR ROAD,NEAR ATTIBELE TOLL,1/2 KM,0.0,0.0,0,1,0.0,1.0
Bengaluru Dist,Attibele PS,1.04421e+16,2018,1,2,Road Accidents,Other,City/Town,Open area,Human Error,No,Damage Only,Others,Not Applicable,Others,NH,Bitumen(Tar),Not Applicable,Not Applicable,Others,NH7 HOSUR BANGALORE ROAD,NEAR ATTIBELE BORDER ARCH,1/2 KM,0.0,0.0,0,0,0.0,0.0
Bengaluru Dist,Attibele PS,1.04421e+16,2018,1,1,Road Accidents,Other,City/Town,Open area,Human Error,Yes,Simple Injury,Others,Not Applicable,Others,NH,Bitumen(Tar),Others,Not Applicable,Others,HOSUR BANGALORE SERVICE ROAD,NEAR ATTIBELE MARKET,1/2 KM,0.0,0.0,0,1,0.0,1.0
Bengaluru Dist,Attibele PS,1.04421e+16,2018,1,1,Road Accidents,Not Applicable,City/Town,Open area,Human Error,No,Grievous Injury,Others,Not Applicable,Others,NH,Bitumen(Tar),Others,Not Applicable,Others,NH7 BANGALORE HOSUR ROAD,NEAR ANJANEYA TEMPLE GUESTLINE CIRCLE,3 KM,0.0,0.0,0,1,0.0,1.0
Bengaluru Dist,Attibele PS,1.04421e+16,2018,1,1,Road Accidents,Other,City/Town,Open area,Human Error,No,Grievous Injury,Others,Not Applicable,Others,NH,Bitumen(Tar),Others,Not Applicable,Others,NH7 BANGALORE HOSUR ROAD OPP TO JAIN TEMPLE,GUDDAHATTI,4 KM,0.0,0.0,0,1,0.0,1.0
Bengaluru Dist,Attibele PS,1.04421e+16,2018,1,1,Road Accidents,Other,City/Town,Open area,Human Error,No,Grievous Injury,Others,Not Applicable,Others,NH,Bitumen(Tar),Others,Not Applicable,Others,HOSUR BANGALORE NH7 ROAD,NEAR ASHOK LEYLAND NERALUR,5 KM,0.0,0.0,0,1,0.0,1.0
Bengaluru Dist,Attibele PS,1.04421e+16,2018,1,2,Road Accidents,Not Applicable,Not Applicable,Near Bus stop,Not Applicable,No,Simple Injury,Others,Not Applicable,Others,NH,Concrete,Others,Not Applicable,Light Rain,HOSUR BANGAORE NH7 ROAD ATTIBELE TOLL,500 MTR TOWARDS EAST,500 MT,0.0,0.0,0,1,0.0,1.0
Bengaluru Dist,Attibele PS,1.04421e+16,2018,1,2,Road Accidents,Other,Rural Areas,Near Bus stop,Human Error,No,Fatal,Hit parked vehicle,Not Applicable,Others,Village Road,Bitumen(Tar),Dry,Not Applicable,Not Applicable,ANEKAL-ATTIBELE ROAD,OPP SHUBHA APARTMENT ROAD,6 KM,0.0,0.0,0,0,0.0,0.0
Bengaluru Dist,Attibele PS,1.04421e+16,2018,1,1,Road Accidents,Other,Not Applicable,Open area,Human Error,No,Fatal,Others,Not Applicable,Others,NH,Not Applicable,Others,Not Applicable,Others,NH7 HOSUR BANGALORE ROAD,NEAR NERALUR PANCHAYATH OFFICE NERALUR GATE,5 KM,0.0,0.0,0,1,0.0,1.0
Bengaluru Dist,Attibele PS,1.04421e+16,2018,1,2,Road Accidents,Other,Rural Areas,Open area,Human Error,No,Grievous Injury,Others,Not Applicable,Others,NH,Bitumen(Tar),Others,Not Applicable,Others,NH7 HOSUR BANGALORE ROAD,NEAR GUESTLINE CIRCLE,3 KM,0.0,0.0,0,1,0.0,1.0
Bengaluru Dist,Attibele PS,1.04421e+16,2018,1,1,Road Accidents,Other,City/Town,Open area,Human Error,Yes,Grievous Injury,Others,Not Applicable,Others,NH,Bitumen(Tar),Others,Not Applicable,Others,NH7 BANGALORE HOSUR ROAD,NEAR YADAVANAHALLI BUS STOP,2 KM,0.0,0.0,0,1,0.0,1.0
Bengaluru Dist,Attibele PS,1.04421e+16,2018,1,1,Road Accidents,Other,Not Applicable,Near Bus stop,Human Error,Yes,Grievous Injury,Hit and Run,Not Applicable,Not Applicable,NH,Bitumen(Tar),Others,Not Applicable,Others,NH7 HOSUR BANGALORE ROAD,NERALUR BUS STAND,5 KM,0.0,0.0,0,1,0.0,1.0
Bengaluru Dist,Attibele PS,1.04421e+16,2018,1,1,Road Accidents,Other,City/Town,Open area,Human Error,No,Grievous Injury,Others,Not Applicable,Others,NH,Bitumen(Tar),Others,Not Applicable,Others,NH7 BANGALORE HOSUR ROAD,GUDDAHATTI GATE,3 KM,0.0,0.0,0,1,0.0,1.0
Bengaluru Dist,Attibele PS,1.04421e+16,2018,1,2,Road Accidents,Other,Not Applicable,Open area,Human Error,No,Simple Injury,Others,Not Applicable,Others,Others,Not Applicable,Others,Not Applicable,Others,ANEKAL ATTIBELE ROAD NEAR SHETTIHALLI CROSS,SRI ANJANEYA TEMPLE MAYASANDRA DINNE,5 KM,0.0,0.0,0,1,0.0,1.0
Bengaluru Dist,Attibele PS,1.04421e+16,2018,1,2,Road Accidents,Other,Not Applicable,Near office complex,Human Error,No,Damage Only,Others,Not Applicable,Others,NH,Bitumen(Tar),Others,Not Applicable,Others,NH7 HOSUR BANGALORE ROAD,NEAR ATTIBELE CHECKPOST,1 KM,0.0,0.0,0,1,0.0,1.0
Bengaluru Dist,Attibele PS,1.04421e+16,2018,1,2,Road Accidents,Other,City/Town,Open area,Human Error,No,Grievous Injury,Others,Not at  Junction,Others,NH,Bitumen(Tar),Others,Not Applicable,Others,NEAR ATTIBELE BORDER,ATTIBELE TOWN,1 KM,0.0,0.0,0,1,0.0,1.0
Bengaluru Dist,Attibele PS,1.04421e+16,2018,1,2,Rail Road Accidents,Not Applicable,Not Applicable,Open area,Human Error,Yes,Grievous Injury,Others,Not Applicable,Others,NH,Not Applicable,Others,Not Applicable,Others,NH7 HOSUR BANGALORE ROAD,NEAR GUESTLINE CIRCLE,2 KM,0.0,0.0,0,1,0.0,1.0
Bengaluru Dist,Attibele PS,1.04421e+16,2018,1,1,Road Accidents,Other,Not Applicable,Open area,Human Error,Yes,Fatal,Others,Not Applicable,Others,NH,Not Applicable,Others,Not Applicable,Others,NH7 HOSUR BANGALORE ROAD,NEAR ATTIBELE CHECK POST,1/2 KM,0.0,0.0,0,1,0.0,1.0
Bengaluru Dist,Attibele PS,1.04421e+16,2018,1,1,Road Accidents,Other,Not Applicable,Open area,Human Error,Yes,Simple Injury,Others,Not Applicable,Others,NH,Bitumen(Tar),Others,Not Applicable,Others,NH7 HOSUR BANGALORE SERVICE ROAD,NEAR CHECKPOST,1/2 KM,0.0,0.0,0,1,0.0,1.0
Bengaluru Dist,Attibele PS,1.04421e+16,2018,1,2,Road Accidents,Not Applicable,City/Town,Near Petrol Pump,Human Error,No,Grievous Injury,Others,Not Applicable,Not Applicable,NH,Bitumen(Tar),Others,Not Applicable,Others,NH7 BANGALORE HOSUR SERVICE ROAD,GUESTLINE CIRCLE INFRONT OF BHARATH PETROL BUNK,2 KM,0.0,0.0,0,1,0.0,1.0
Bengaluru Dist,Attibele PS,1.04421e+16,2018,1,2,Road Accidents,Other,City/Town,Near a factory industrial area,Human Error,No,Grievous Injury,Others,Not Applicable,Not Applicable,NH,Bitumen(Tar),Not Applicable,Not Applicable,Others,NH7 AVT CONCRETE MIXURES,BALAGARNAHALLI GATE,3 KM,0.0,0.0,0,0,0.0,0.0
Bengaluru Dist,Attibele PS,1.04421e+16,2018,1,2,Road Accidents,Other,City/Town,Open area,Human Error,No,Damage Only,Others,Not Applicable,Others,NH,Bitumen(Tar),Others,Not Applicable,Others,NH7 HOSUR BANGALORE ROAD,NEAR LA CLASSIC HOTEL ATTIBELE,1 KM,0.0,0.0,0,1,0.0,1.0
Bengaluru Dist,Attibele PS,1.04421e+16,2018,1,2,Road Accidents,Narrow road,Rural Areas,Near Bus stop,Human Error,No,Fatal,Hit bicyclist,Not Applicable,Others,NH,Bitumen(Tar),Dry,Not Applicable,Others,"NH-7,HOSUR-BANGALORE ROAD",NEAR GUDDAHATTI GATE,4 KM,0.0,0.0,0,0,0.0,0.0
Bengaluru Dist,Attibele PS,1.04421e+16,2018,1,2,Road Accidents,Other,City/Town,Open area,Human Error,No,Damage Only,Others,Not Applicable,Not Applicable,NH,Bitumen(Tar),Others,Not Applicable,Others,BANGALORE HOSUR NH7 ROAD,NEAR ATTIBELE TOLL,1 KM,0.0,0.0,0,1,0.0,1.0
Bengaluru Dist,Attibele PS,1.04421e+16,2018,1,2,Road Accidents,Other,City/Town,Open area,Human Error,No,Grievous Injury,Others,Not Applicable,Others,NH,Bitumen(Tar),Others,Not Applicable,Others,BANGALORE HOSUR NH7 ROAD,NEAR ARCH ATTIBELE BORDER,1/2 KM,0.0,0.0,0,1,0.0,1.0
Bengaluru Dist,Attibele PS,1.04421e+16,2018,1,2,Road Accidents,Other,Not Applicable,Open area,Human Error,No,Damage Only,Others,Not Applicable,Others,NH,Bitumen(Tar),Others,Not Applicable,Others,NH7 BANGALORE,ATTIBELE TOLL,1 KM,0.0,0.0,0,1,0.0,1.0
Bengaluru Dist,Attibele PS,1.04421e+16,2018,1,2,Road Accidents,Narrow road,Rural Areas,Near a factory industrial area,Human Error,No,Fatal,Others,Not Applicable,Others,NH,Bitumen(Tar),Dry,Not Applicable,Not Applicable,"NH 7,HOSUR-BANGALORE ROAD",NEAR GUEST LINE CIRCLE,2 KM,0.0,0.0,0,0,0.0,0.0
Bengaluru Dist,Attibele PS,1.04421e+16,2018,1,2,Road Accidents,Not Applicable,Not Applicable,Open area,Human Error,No,Grievous Injury,Others,Not Applicable,Others,Others,Not Applicable,Others,Not Applicable,Others,SARJAPURA ATTIBELE ROAD,SILKFARM GATE BIDARAGUPPE,3 KM,0.0,0.0,0,1,0.0,1.0
Bengaluru Dist,Attibele PS,1.04421e+16,2018,1,1,Road Accidents,Narrow road,City/Town,Near office complex,Human Error,No,Fatal,Hit pedestrian,Not Applicable,Others,NH,Bitumen(Tar),Dry,Not Applicable,Others,"NH-7,HOSUR-BANGALORE ROAD",OPP AVB OFFICE,1 KM,0.0,0.0,0,0,0.0,0.0
Bengaluru Dist,Attibele PS,1.04421e+16,2018,1,2,Road Accidents,Narrow road,Rural Areas,Near Hospital,Human Error,No,Fatal,Hit bicyclist,Uncontrolled,Straight and flat,NH,Bitumen(Tar),Dry,Not Applicable,Fine,"NH-7,HOSUR-BANGALORE ROAD",NEAR UDAPI BHAGAVAN HOTEL,1 KM,0.0,0.0,0,0,0.0,0.0
Bengaluru Dist,Attibele PS,1.04421e+16,2018,1,1,Road Accidents,Narrow road,Rural Areas,Open area,Human Error,No,Fatal,Skidding or Self accident,Uncontrolled,Straight and flat,NH,Bitumen(Tar),Dry,Not Applicable,Clear,"NH-7,HOSUR-BANGALORE ROAD",OPP BAJAJ SHOW ROOM,1 KM,0.0,0.0,0,0,0.0,0.0
Bengaluru Dist,Attibele PS,1.04421e+16,2018,1,1,Road Accidents,Not Applicable,Not Applicable,Near Bus stop,Not Applicable,No,Grievous Injury,Others,Not at  Junction,Not Applicable,Two way,Concrete,Not Applicable,Not Applicable,Fine,BANGALORE HOSUR NH7 ROAD,3 KM TOWARDS WEST,2 KM,0.0,0.0,0,0,0.0,0.0
Bengaluru Dist,Attibele PS,1.04421e+16,2018,1,2,Road Accidents,Other,City/Town,Open area,Human Error,No,Damage Only,Others,Not Applicable,Others,NH,Bitumen(Tar),Others,Not Applicable,Others,NH7 BANGALORE HOSUR ROAD,NEAR ATTIBELE TOLL,1/2 KM,0.0,0.0,0,1,0.0,1.0
Bengaluru Dist,Attibele PS,1.04421e+16,2018,1,2,Road Accidents,Other,City/Town,Open area,Human Error,No,Grievous Injury,Others,Not at  Junction,Not Applicable,NH,Bitumen(Tar),Others,Not Applicable,Others,NH7 BANGALORE HOSUR ROAD,NEAR ATTIBELE TOLL,1 KM,0.0,0.0,0,1,0.0,1.0
Bengaluru Dist,Attibele PS,1.04421e+16,2018,1,1,Road Accidents,Other,Rural Areas,At pedestrian Crossing,Not Applicable,Yes,Fatal,Hit and Run,Not Applicable,Others,NH,Bitumen(Tar),Dry,Not Applicable,Not Applicable,"NH-7,BENGALORE-HOSUR ROAD",OPP L&T COMPANY,4 KM,0.0,0.0,0,0,0.0,0.0
Bengaluru Dist,Attibele PS,1.04421e+16,2018,1,1,Road Accidents,Other,Rural Areas,Open area,Human Error,No,Fatal,Hit pedestrian,Not Applicable,Others,NH,Bitumen(Tar),Dry,Not Applicable,Not Applicable,"NH-7,BANGALORE-HOSUR ROAD",CHIKKANAHALLI CROSS,500 M,0.0,0.0,0,0,0.0,0.0
Bengaluru Dist,Attibele PS,1.04421e+16,2018,1,2,Road Accidents,Other,Not Applicable,Open area,Human Error,No,Simple Injury,Others,Not Applicable,Others,NH,Bitumen(Tar),Others,Not Applicable,Others,NH7 BANGALORE HOSUR ROAD,NEAR LA CLASSIC,1 KM,0.0,0.0,0,1,0.0,1.0
Bengaluru Dist,Attibele PS,1.04421e+16,2018,1,1,Road Accidents,Narrow road,Rural Areas,Near Petrol Pump,Human Error,Yes,Fatal,Hit and Run,Not Applicable,Others,NH,Bitumen(Tar),Dry,Not Applicable,Others,"NH-7,BANGALORE-HOSUR ROAD",NEAR PETROL BUNK,3 KM,0.0,0.0,0,0,0.0,0.0
Bengaluru Dist,Attibele PS,1.04421e+16,2018,1,1,Road Accidents,Other,Rural Areas,Open area,Human Error,No,Simple Injury,Others,Not Applicable,Others,Others,Kutcha,Others,Not Applicable,Others,ANEKAL TALUK,NEAR BIDARAGUPPE,2 KM,0.0,0.0,0,1,4.0,5.0
Bengaluru Dist,Attibele PS,1.04421e+16,2018,1,1,Road Accidents,Narrow road,Rural Areas,Near office complex,Human Error,No,Fatal,Hit pedestrian,Uncontrolled,Straight and flat,NH,Bitumen(Tar),Dry,Not Applicable,Clear,"NH-7,HOSUR-BANGALORE ROAD,NEAR NERALOOR PANCHAYATH OFFICE",NEAR NERALOOR PANCHAYATH OFFICE,5 KM,0.0,0.0,0,0,0.0,0.0
Bengaluru Dist,Attibele PS,1.04421e+16,2018,1,2,Road Accidents,Other,Rural Areas,Open area,Human Error,No,Damage Only,Not Applicable,Not Applicable,Others,Others,Not Applicable,Others,Not Applicable,Others,ATTIBELE TVS ROAD,NEAR GOTTIGERE MANJUNATH FARM HOUSE ATTIBELE,1 KM,0.0,0.0,0,1,0.0,1.0
Bengaluru Dist,Attibele PS,1.04421e+16,2018,1,2,Road Accidents,Other,City/Town,Open area,Human Error,No,Fatal,Others,Not Applicable,Others,NH,Bitumen(Tar),Others,Not Applicable,Others,NH7 BANGALORE HOSUR ROAD,NEAR GUDDAHATTI GATE,3 KM,0.0,0.0,0,1,0.0,1.0
Bengaluru Dist,Attibele PS,1.04421e+16,2018,1,2,Road Accidents,Not Applicable,Rural Areas,Near a factory industrial area,Human Error,No,Fatal,Others,Not Applicable,Others,NH,Bitumen(Tar),Dry,Not Applicable,Others,"NH-7,HOSUR-BANAGALORE ROAD",NEAR BAJAJ SHOW ROOM,1 KM,0.0,0.0,0,0,0.0,0.0
Bengaluru Dist,Attibele PS,1.04421e+16,2018,1,2,Road Accidents,Narrow road,Rural Areas,Near Bus stop,Human Error,No,Fatal,Hit pedestrian,Not Applicable,Others,NH,Bitumen(Tar),Dry,Not Applicable,Others,"NH-7,BANGALORE-HOSUR ROAD",NEAR NERALUR BUS STAND,5 KM,0.0,0.0,0,0,0.0,0.0
Bengaluru Dist,Attibele PS,1.04421e+16,2018,1,1,Road Accidents,Other,City/Town,Open area,Human Error,No,Simple Injury,Others,Not Applicable,Others,NH,Bitumen(Tar),Others,Not Applicable,Others,NH7 HOSUR BANGALORE ROAD NEAR ATTIBELE ARCH,WHOLESALE WINE SHOP ATTIBELE TOWN,1/2 KM,0.0,0.0,0,1,0.0,1.0
Bengaluru Dist,Attibele PS,1.04421e+16,2018,1,2,Road Accidents,Narrow road,Rural Areas,Residential area,Human Error,No,Fatal,Hit pedal cyclist,Uncontrolled,Others,Two way,Bitumen(Tar),Dry,Not Applicable,Clear,BIDARAGUPPE-ATTIBELE ROAD,NEAR ANJINAPPA HOUSE,3 KM,0.0,0.0,0,0,0.0,0.0
Bengaluru Dist,Attibele PS,1.04421e+16,2018,1,2,Road Accidents,Other,City/Town,Near Bus stop,Human Error,No,Simple Injury,Others,Not Applicable,Others,NH,Bitumen(Tar),Others,Not Applicable,Others,NH7 BANGALORE HOSUR ROAD,NEAR YADAVANAHALLI BUS STOP,2 KM,0.0,0.0,0,1,0.0,1.0
Bengaluru Dist,Attibele PS,1.04421e+16,2018,1,2,Road Accidents,Other,Not Applicable,Open area,Human Error,No,Damage Only,Others,Not Applicable,Others,NH,Not Applicable,Others,Not Applicable,Others,NH7 HOSUR BANGALORE ROAD,NEAR GUDDAHATTI GATE,5 KM,0.0,0.0,0,1,0.0,1.0
Bengaluru Dist,Attibele PS,1.04421e+16,2018,1,2,Road Accidents,Circle,Rural Areas,Open area,Human Error,No,Fatal,Hit bicyclist,Uncontrolled,Others,NH,Bitumen(Tar),Dry,Not Applicable,Clear,HOSUR-BANGALORE ROAD,GUEST LINE CIRCLE,3 KM,0.0,0.0,0,0,0.0,0.0
Bengaluru Dist,Attibele PS,1.04421e+16,2018,1,1,Road Accidents,Circle,Rural Areas,Near Bus stop,Human Error,No,Fatal,Hit pedestrian,Uncontrolled,Curve,City or Town Road,Bitumen(Tar),Dry,Not Applicable,Clear,"ATTIBELE CIRCLE,ATTIBELE TOWN",ATTIBELE CIRCLE,0.5 KM,0.0,0.0,0,0,0.0,0.0