DISTRICTNAME,UNITNAME,Crime_No,Year,RI,Noofvehicle_involved,Accident_Classification,Accident_Spot,Accident_Location,Accident_SubLocation,Main_Cause,Hit_Run,Severity,Collision_Type,Junction_Control,Road_Character,Road_Type,Surface_Type,Surface_Condition,Road_Condition,Weather,Accident_Road,Landmark_first,Distance_LandMark_First,Latitude,Longitude,Road_Condition_Score,Surface_Condition_Score,Surface_Type_Score,Road_Risk_Index
Bengaluru Dist,Attibele PS,1.04421e+16,2018,1,1,Road Accidents,Other,City/Town,Open area,Human Error,No,Grievous Injury,Others,Not Applicable,Others,NH,Bitumen(Tar),Others,Not Applicable,Others,NH7 HOSUR BANGALORE ROAD,NEAR GUDDAHATTI GATE,4 KM,0.0,0.0,0,1,0.0,1.0
Bengaluru Dist,Attibele PS,1.04421e+16,2018,1,2,Road Accidents,Other,City/Town,Open area,Human Error,No,Damage Only,Others,Not Applicable,Others,NH,Not Applicable,Others,Not Applicable,Others,HOSUR BANGALORE NH7 ROAD,NEAR ATTIBELE TOLL,1 KM,0.0,0.0,0,1,0.0,1.0
Bengaluru Dist,Attibele PS,1.04421e+16,2018,1,1,Road Accidents,Curves,Rural Areas,Open area,Human Error,No,Simple Injury,Hit pedestrian,Not at  Junction,Others,Two way,Bitumen(Tar),Others,Not Applicable,Clear,DASANAPURA GATE,ANEKAL TALUK,4 KM,0.0,0.0,0,1,0.0,1.0
Bengaluru Dist,Attibele PS,1.04421e+16,2018,1,2,Not Applicable,Other,City/Town,Open area,Human Error,No,Damage Only,Not Applicable,Not Applicable,Not Applicable,State Highway,Not Applicable,Not Applicable,Not Applicable,Not Applicable,ATTIBELE SARJAPURA ROAD,VK INTERNATIONAL FURNITURE SARJAPURA ROAD,1KM,0.0,0.0,0,0,0.0,0.0
Bengaluru Dist,Attibele PS,1.04421e+16,2018,1,1,Road Accidents,Other,City/Town,Open area,Human Error,No,Simple Injury,Others,Not Applicable,Others,NH,Bitumen(Tar),Others,Not Applicable,Others,NH7 BANGALORE HOSUR ROAD,NEAR ATTIBELE CHECKPOST,1 KM,0.0,0.0,0,1,0.0,1.0
Bengaluru Dist,Attibele PS,1.04421e+16,2018,1,1,Road Accidents,Other,Not Applicable,Open area,Human Error,No,Damage Only,Others,Not Applicable,Not Applicable,NH,Not Applicable,Others,Not Applicable,Others,ANEKAL TALUK,BHAKTHIPURA GATE,4 KM,0.0,0.0,0,1,0.0,1.0
Bengaluru Dist,Attibele PS,1.04421e+16,2018,1,2,Road Accidents,Other,City/Town,Open area,Human Error,No,Damage Only,Others,Not Applicable,Others,NH,Bitumen(Tar),Others,Not Applicable,Others,NH7 HOSUR BANGALORE ROAD,NEAR JAIN TEMPLE GUDDAHATTI GATE,4 KM,0.0,0.0,0,1,0.0,1.0
Bengaluru Dist,Attibele PS,1.04421e+16,2018,1,2,Road Accidents,Other,City/Town,Open area,Human Error,No,Grievous Injury,Others,Not Applicable,Others,NH,Bitumen(Tar),Others,Not Applicable,Others,NH7 HOSUR BANGALORE ROAD,NEAR ASHIRVAD COMPANYGUESTLINE CIRCLE,2 KM,0.0,0.0,0,1,0.0,1.0
Bengaluru Dist,Attibele PS,1.04421e+16,2018,1,2,Road Accidents,Not Applicable,City/Town,Open area,Human Error,No,Damage Only,Others,Not Applicable,Not Applicable,NH,Bitumen(Tar),Others,Not Applicable,Others,NH7 BANGALORE HOSUR ROAD NEAR ATTIBELE CHECK POST,INFRONT OF NARMADHA BAR,1 KM,0.0,0.0,0,1,0.0,1.0
Bengaluru Dist,Attibele PS,1.04421e+16,2018,1,1,Road Accidents,Other,Not Applicable,Open area,Human Error,No,Grievous Injury,Others,Not Applicable,Others,NH,Bitumen(Tar),Others,Not Applicable,Others,NH7 BANGALORE HOSUR ROAD,YADAVANAHALLI GATE,3 KM,0.0,0.0,0,1,0.0,1.0
Bengaluru Dist,Attibele PS,1.04421e+16,2018,1,1,Road Accidents,Narrow road,City/Town,Open area,Not Applicable,No,Fatal,Hit bicyclist,Not Applicable,Others,NH,Bitumen(Tar),Dry,Not Applicable,Others,"NH-7,BANGALORE-HOSUR ROAD",NEAR ATTIBELE ARCH,1 KM,0.0,0.0,0,0,0.0,0.0
Bengaluru Dist,Attibele PS,1.04421e+16,2018,1,2,Road Accidents,Other,Rural Areas,Near office complex,Human Error,No,Fatal,Hit bicyclist,Not Applicable,Others,City or Town Road,Bitumen(Tar),Dry,Not Applicable,Others,ATTIBELE ANEKAL ROAD,OPP SANJIVINI MOTORS,1 KM,0.0,0.0,0,0,0.0,0.0
Bengaluru Dist,Attibele PS,1.04421e+16,2018,1,1,Road Accidents,Not Applicable,City/Town,Open area,Human Error,No,Grievous Injury,Others,Not Applicable,Others,NH,Bitumen(Tar),Others,Not Applicable,Others,NH7 BANGALORE HOSUR ROAD,CHIKKANAHALLI ROAD ATTIBELE,1/2 KM,0.0,0.0,0,1,0.0,1.0
Bengaluru Dist,Attibele PS,1.04421e+16,2018,1,2,Road Accidents,Other,City/Town,Open area,Human Error,No,Damage Only,Others,Not Applicable,Not Applicable,NH,Bitumen(Tar),Others,Not Applicable,Others,NH7 HOSUR BANGALORE ROAD,GUDDAHATTI GATE,4 KM,0.0,0.0,0,1,0.0,1.0
Bengaluru Dist,Attibele PS,1.04421e+16,2018,1,1,Road Accidents,Narrow road,City/Town,Near office complex,Human Error,No,Fatal,Hit pedestrian,Not Applicable,Others,NH,Bitumen(Tar),Dry,Not Applicable,Others,"NH-7,BANGALORE-HOSUR ROAD",NEAR RANGAVILAS HOTEL,500 MT,0.0,0.0,0,0,0.0,0.0
Bengaluru Dist,Attibele PS,1.04421e+16,2018,1,2,Road Accidents,Other,City/Town,Open area,Human Error,No,Grievous Injury,Others,Not Applicable,Others,NH,Bitumen(Tar),Others,Not Applicable,Others,NH7 HOSUR BANGALORE SERVICE ROAD,NEAR PETROL BUNK YADAVANAHALLI,2 KM,0.0,0.0,0,1,0.0,1.0
Bengaluru Dist,Attibele PS,1.04421e+16,2018,1,1,Road Accidents,Narrow road,Rural Areas,Near Bus stop,Human Error,No,Fatal,Hit pedestrian,Uncontrolled,Straight and flat,NH,Bitumen(Tar),Dry,Not Applicable,Others,"NH-7,HOSUR-BANGALORE ROAD",NEAR NERLOOR BUS STOP,6KM,0.0,0.0,0,0,0.0,0.0
Bengaluru Dist,Attibele PS,1.04421e+16,2018,1,2,Road Accidents,Other,Rural Areas,Open area,Human Error,No,Simple Injury,Others,Not Applicable,Others,Others,Kutcha,Others,Not Applicable,Others,TVS ROAD,NEAR DASANAPURA GATE,6 KM,0.0,0.0,0,1,4.0,5.0
Bengaluru Dist,Attibele PS,1.04421e+16,2018,1,2,Road Accidents,Narrow road,Rural Areas,Near Bus stop,Human Error,No,Fatal,Hit parked vehicle,Uncontrolled,Others,NH,Bitumen(Tar),Dry,Not Applicable,Clear,NH7 BANGALORE HOSUR ROAD,NEAR NERALUR GATE,5 KM,0.0,0.0,0,0,0.0,0.0
Bengaluru Dist,Attibele PS,1.04421e+16,2018,1,1,Road Accidents,Other,Not Applicable,Open area,Human Error,No,Simple Injury,Others,Not Applicable,Others,NH,Not Applicable,Others,Not Applicable,Others,NH7 BANGALORE HOSUR SERVICE ROAD,NEAR JAIN TEMPLE GUDDAHATTI GATE,4 KM,0.0,0.0,0,1,0.0,1.0
Bengaluru Dist,Attibele PS,1.04421e+16,2018,1,2,Road Accidents,Other,City/Town,Open area,Human Error,Not Applicable,Grievous Injury,Others,Not Applicable,Not Applicable,Others,Concrete,Others,Not Applicable,Others,NH 7 HOSUR BENGALORE ROAD,NH 7 HOSURU BENGALORE ROAD  ATTIBELE BORDER  NEAR ATTIBELE TOLL,1 KM,0.0,0.0,0,1,0.0,1.0
Bengaluru Dist,Attibele PS,1.04421e+16,2018,1,2,Road Accidents,Narrow road,Rural Areas,Open area,Human Error,Yes,Fatal,Hit and Run,Not Applicable,Others,NH,Bitumen(Tar),Dry,Not Applicable,Others,"NH-7,HOSUR-BANGALORE ROAD",NEAR GUEST LINE HOTEL,3 KM,0.0,0.0,0,0,0.0,0.0
Bengaluru Dist,Attibele PS,1.04421e+16,2018,1,1,Road Accidents,Other,City/Town,Open area,Human Error,Yes,Fatal,Others,Not Applicable,Not Applicable,NH,Bitumen(Tar),Others,Not Applicable,Others,NH7 HOSUR BANGALORE ROAD,NEAR YADAVANAHALLI BUS STOP,2 KM,0.0,0.0,0,1,0.0,1.0
Bengaluru Dist,Attibele PS,1.04421e+16,2018,1,2,Road Accidents,Other,City/Town,Open area,Human Error,Yes,Simple Injury,Others,Not Applicable,Others,NH,Bitumen(Tar),Others,Not Applicable,Others,BANGALORE HOSUR NH7 ROAD,NEAR JAIN TEMPLE BALAGARANAHALLI GATE,4 KM,0.0,0.0,0,1,0.0,1.0
Bengaluru Dist,Attibele PS,1.04421e+16,2018,1,2,Road Accidents,Other,City/Town,Open area,Human Error,No,Simple Injury,Others,Not Applicable,Others,NH,Bitumen(Tar),Others,Not Applicable,Others,NH7 HOSUR BANGALORE ROAD,NEAR BALAGARANAHALLI GATE,4 KM,0.0,0.0,0,1,0.0,1.0
Bengaluru Dist,Attibele PS,1.04421e+16,2018,1,2,Road Accidents,Narrow road,Rural Areas,Residential area,Human Error,No,Fatal,Hit bicyclist,Uncontrolled,Straight and flat,State Highway,Bitumen(Tar),Dry,Not Applicable,Clear,SARJAPURA-ATTIBELE ROAD,NEAR SREERAM APARTMENT,3 KM,0.0,0.0,0,0,0.0,0.0
Bengaluru Dist,Attibele PS,1.04421e+16,2018,1,1,Road Accidents,Cross roads,Rural Areas,Open area,Human Error,No,Fatal,Hit pedestrian,Uncontrolled,Others,NH,Bitumen(Tar),Dry,Not Applicable,Others,"NH-7,BANGALORE-HOSUR ROAD",NEAR COUNTRY CLUB,1,0.0,0.0,0,0,0.0,0.0
Bengaluru Dist,Attibele PS,1.04421e+16,2018,1,2,Road Accidents,Other,Rural Areas,Open area,Human Error,Yes,Simple Injury,Others,Not Applicable,Others,Others,Not Applicable,Others,Not Applicable,Others,NEAR BIDARAGUPPE TANK,ANEKAL TALUK,2 KM,0.0,0.0,0,1,0.0,1.0
Bengaluru Dist,Attibele PS,1.04421e+16,2018,1,1,Road Accidents,Other,Rural Areas,Open area,Human Error,No,Grievous Injury,Others,Not Applicable,Others,Others,Not Applicable,Others,Not Applicable,Others,NEAR AREHALLI,ATTIBELE HOBLI ANEKAL TALU,2 KM,0.0,0.0,0,1,0.0,1.0
Bengaluru Dist,Attibele PS,1.04421e+16,2018,1,2,Road Accidents,Other,City/Town,Open area,Human Error,No,Damage Only,Others,Not Applicable,Others,NH,Bitumen(Tar),Others,Not Applicable,Others,NH7 HOSUR BANGALORE ROAD,NEAR ATTIBELE TOLL,1 KM,0.0,0.0,0,1,0.0,1.0
Bengaluru Dist,Attibele PS,1.04421e+16,2018,1,2,Road Accidents,Other,City/Town,Open area,Human Error,Yes,Damage Only,Others,Not Applicable,Others,NH,Bitumen(Tar),Others,Not Applicable,Others,NH7 HOSUR BANGALORE ROAD,BALAGARANAHALLI GATE,4 KM,0.0,0.0,0,1,0.0,1.0
Bengaluru Dist,Attibele PS,1.04421e+16,2018,1,2,Road Accidents,Other,City/Town,Open area,Human Error,Yes,Grievous Injury,Others,Not Applicable,Not Applicable,Others,Bitumen(Tar),Others,Not Applicable,Others,ATTIBELE TVS ROAD,NEAR RJ GODOWN,1/2 KM,0.0,0.0,0,1,0.0,1.0
Bengaluru Dist,Attibele PS,1.04421e+16,2018,1,2,Road Accidents,Other,City/Town,Open area,Human Error,No,Grievous Injury,Others,Not Applicable,Others,NH,Bitumen(Tar),Others,Not Applicable,Others,NH7 BANGALORE HOSUR ROAD,NEAR GUESTLINE U TURN,2 KM,0.0,0.0,0,1,0.0,1.0
Bengaluru Dist,Attibele PS,1.04421e+16,2018,1,1,Road Accidents,Narrow road,Rural Areas,Near Bus stop,Human Error,No,Fatal,Hit pedestrian,Not Applicable,Others,NH,Bitumen(Tar),Dry,Not Applicable,Others,"NH-7,HOSUR-BANGALORE ROAD",NEAR NERALOOR BUS STOP,5 KM,0.0,0.0,0,0,0.0,0.0
Bengaluru Dist,Attibele PS,1.04421e+16,2018,1,2,Road Accidents,Junction,Rural Areas,Near Bus stop,Human Error,No,Fatal,Others,Stop sign,Others,NH,Bitumen(Tar),Dry,Not Applicable,Not Applicable,"NH-7,HOSUR-BANGALORE ROAD",NEAR BALAGHARANAHALLI GATE,4 KM,0.0,0.0,0,0,0.0,0.0
Bengaluru Dist,Attibele PS,1.04421e+16,2018,1,2,Road Accidents,Other,Rural Areas,Open area,Human Error,No,Simple Injury,Others,Not Applicable,Others,Others,Kutcha,Others,Not Applicable,Others,ATTIBELE ANEKAL ROAD,NEAR AREHALLI VILLAGE,2 KM,0.0,0.0,0,1,4.0,5.0
Bengaluru Dist,Attibele PS,1.04421e+16,2018,1,1,Road Accidents,Other,Rural Areas,Open area,Human Error,No,Simple Injury,Others,Not Applicable,Others,Others,Kutcha,Others,Not Applicable,Others,SARJAPURA ATTIBELE ROAD,NEAR BIDARAGUPPE,2 KM,0.0,0.0,0,1,4.0,5.0
Bengaluru Dist,Attibele PS,1.04421e+16,2018,1,2,Road Accidents,Other,City/Town,Open area,Human Error,No,Damage Only,Others,Not Applicable,Not Applicable,NH,Bitumen(Tar),Others,Not Applicable,Others,NH7 HOSUR BANGALORE ROAD,NEAR ATTIBELE BORDER,0.5 KM,0.0,0.0,0,1,0.0,1.0
Bengaluru Dist,Attibele PS,1.04421e+16,2018,1,1,Road Accidents,Other,Rural Areas,Open area,Human Error,No,Grievous Injury,Others,Not Applicable,Others,Others,Bitumen(Tar),Others,Not Applicable,Others,ATTIBELE ANEKAL ROAD,NEAR AREHALLI TALUK,3 KM,0.0,0.0,0,1,0.0,1.0
Bengaluru Dist,Attibele PS,1.04421e+16,2018,1,2,Road Accidents,Circle,Rural Areas,Near Bus stop,Human Error,No,Fatal,Hit bicyclist,Uncontrolled,Others,NH,Bitumen(Tar),Dry,Not Applicable,Clear,"NH-7,HOSUR-BANAGALORE ROAD",NEAR GUSTELINE CIRCLE,2 KM,0.0,0.0,0,0,0.0,0.0
Bengaluru Dist,Attibele PS,1.04421e+16,2018,1,2,Road Accidents,Not Applicable,Not Applicable,Open area,Human Error,No,Grievous Injury,Others,Not Applicable,Others,Others,Not Applicable,Others,Not Applicable,Others,ATTIBELE SARJAPURA ROAD,INFRONT OF TELECOM LAYOUT NEAR SILK FARM GATE,3.5,0.0,0.0,0,1,0.0,1.0
Bengaluru Dist,Attibele PS,1.04421e+16,2018,1,2,Road Accidents,Not Applicable,City/Town,Open area,Human Error,No,Damage Only,Others,Not Applicable,Others,Others,Bitumen(Tar),Others,Not Applicable,Others,ATTIBELE SARJAPURA ROAD NEAR LIBERTY ACRES GOLDEN GATE LAYOUT MAIN GATE,ANEKAL TALUK,1.5 KM,0.0,0.0,0,1,0.0,1.0
Bengaluru Dist,Attibele PS,1.04421e+16,2018,1,1,Road Accidents,Other,City/Town,Open area,Human Error,Yes,Grievous Injury,Others,Not at  Junction,Others,Others,Bitumen(Tar),Others,Not Applicable,Others,OPP INDCAB FACTORY,ATTIBELE IND AREA,4 KM,0.0,0.0,0,1,0.0,1.0
Bengaluru Dist,Attibele PS,1.04421e+16,2018,1,1,Road Accidents,Other,City/Town,Open area,Human Error,No,Fatal,Skidding or Self accident,Not Applicable,Others,NH,Bitumen(Tar),Dry,Not Applicable,Not Applicable,"NH-7,HOSUR-BANGALORE ROAD",INFRONT OF ATTIBELE CHECK POST,1,0.0,0.0,0,0,0.0,0.0
Bengaluru Dist,Attibele PS,1.04421e+16,2018,1,2,Road Accidents,Not Applicable,City/Town,Open area,Human Error,No,Damage Only,Others,Not Applicable,Not Applicable,NH,Bitumen(Tar),Others,Not Applicable,Others,NH7 HOSUR BANGALORE ROAD,NEAR GELTECH FACTORY YADAVANAHALLI,2 KM,0.0,0.0,0,1,0.0,1.0
Bengaluru Dist,Attibele PS,1.04421e+16,2018,1,1,Road Accidents,Other,Not Applicable,Near Bus stop,Human Error,Yes,Grievous Injury,Others,Not Applicable,Others,NH,Bitumen(Tar),Others,Not Applicable,Others,BANGALORE HOSUR NH7 ROAD,NEAR GUDDAHATTI GATE,4 KM,0.0,0.0,0,1,0.0,1.0
Bengaluru Dist,Attibele PS,1.04421e+16,2018,1,2,Road Accidents,Not Applicable,City/Town,Open area,Human Error,No,Grievous Injury,Others,Not Applicable,Others,NH,Bitumen(Tar),Others,Not Applicable,Others,NH7 BANGALORE HOSUR ROAD,NEAR ATTIBELE CIRCLE,200 MT,0.0,0.0,0,1,0.0,1.0
Bengaluru Dist,Attibele PS,1.04421e+16,2018,1,1,Road Accidents,Other,Rural Areas,Near Bus stop,Human Error,No,Fatal,Hit pedestrian,Not Applicable,Others,NH,Bitumen(Tar),Dry,Not Applicable,Others,BANGALORE-HOSUR NH-07 MAIN ROAD,YADAVANAHALLY GATE,2 KM,0.0,0.0,0,0,0.0,0.0
Bengaluru Dist,Attibele PS,1.04421e+16,2018,1,1,Road Accidents,Other,City/Town,At pedestrian Crossing,Human Error,Yes,Grievous Injury,Hit pedestrian,Not Applicable,Others,NH,Not Applicable,Others,Not Applicable,Others,NH7 BANGALORE HOSUR ROAD,NEAR YADAVANAHALLI BUS STOP,2 KM,0.0,0.0,0,1,0.0,1.0
Bengaluru Dist,Attibele PS,1.04421e+16,2018,1,1,Road Accidents,Other,Rural Areas,Near Petrol Pump,Not Applicable,No,Damage Only,Others,Not Applicable,Others,Village Road,Concrete,Muddy,Not Applicable,Others,TVS ATTIBELE ROAD,2 KM TOWARDS,2 KM,0.0,0.0,0,4,0.0,4.0
Bengaluru Dist,Attibele PS,1.04421e+16,2018,1,2,Road Accidents,Other,City/Town,Open area,Human Error,No,Damage Only,Others,Not at  Junction,Not Applicable,NH,Bitumen(Tar),Others,Not Applicable,Others,NH7 HOSUR BANGALORE ROAD,NEAR GUDDAHATTI GATE,4 KM,0.0,0.0,0,1,0.0,1.0
Bengaluru Dist,Attibele PS,1.04421e+16,2018,1,1,Road Accidents,Other,City/Town,Open area,Human Error,No,Grievous Injury,Others,Not Applicable,Others,NH,Bitumen(Tar),Others,Not Applicable,Others,NH7 HOSUR BANGALORE ROAD,NEAR MANJUNATHA BAKERY,4 KM,0.0,0.0,0,1,0.0,1.0
Bengaluru Dist,Attibele PS,1.04421e+16,2018,1,2,Road Accidents,Other,Rural Areas,Near Petrol Pump,Human Error,No,Simple Injury,Others,Not Applicable,Not Applicable,Others,Bitumen(Tar),Others,Not Applicable,Others,NEAR MDR PETROL BUNK,BALLUR CROSS ANEKAL TALUK,4 KM,0.0,0.0,0,1,0.0,1.0
Bengaluru Dist,Attibele PS,1.04421e+16,2018,1,1,Road Accidents,Narrow road,Rural Areas,Near Bus stop,Human Error,No,Fatal,Hit pedestrian,Uncontrolled,Straight and flat,NH,Bitumen(Tar),Dry,Not Applicable,Clear,"NH-7,HOSUR-BANGALORE SERVICE ROAD",NEAR NERALOOR BUS STOP,5 KM,0.0,0.0,0,0,0.0,0.0
Bengaluru Dist,Attibele PS,1.04421e+16,2018,1,2,Road Accidents,Other,Not Applicable,Near a factory industrial area,Human Error,No,Simple Injury,Others,Not Applicable,Not Applicable,NH,Bitumen(Tar),Others,Not Applicable,Others,NH7 HOSUR BANGALURU ROAD NEAR BALLGARNHALLI,BALAGARANAHALLI,4KM,0.0,0.0,0,1,0.0,1.0
Bengaluru Dist,Attibele PS,1.04421e+16,2018,1,2,Road Accidents,Narrow road,Rural Areas,Near office complex,Human Error,No,Fatal,Rear end,Uncontrolled,Others,NH,Bitumen(Tar),Dry,Not Applicable,Others,"NH7,BANGALORE-HOSUR ROAD",NEAR ATTIBELE CHECK POST,0.5 KM,0.0,0.0,0,0,0.0,0.0
Bengaluru Dist,Attibele PS,1.04421e+16,2018,1,2,Not Applicable,Other,City/Town,Near Bus stop,Human Error,No,Grievous Injury,Others,Not Applicable,Others,NH,Bitumen(Tar),Others,Not Applicable,Others,NH7 BANGALORE HOSUR ROAD INFRONT OF NEW PATEL STORE,NEAR NERALUR BUS STAND ATTIBELE,4 KM,0.0,0.0,0,1,0.0,1.0
Bengaluru Dist,Attibele PS,1.04421e+16,2018,1,2,Road Accidents,Narrow road,Rural Areas,Open area,Human Error,No,Fatal,Hit bicyclist,Not Applicable,Others,NH,Bitumen(Tar),Dry,Not Applicable,Others,"NH-7,HOSUR-BANGALORE ROAD",NEAR UPKAR LAYOUT,1 KM,0.0,0.0,0,0,0.0,0.0
Bengaluru Dist,Attibele PS,1.04421e+16,2018,1,2,Road Accidents,Other,Rural Areas,Near Bus stop,Human Error,No,Fatal,Hit bicyclist,Uncontrolled,Curve,State Highway,Bitumen(Tar),Dry,Not Applicable,Clear,ATTIBELE SARJAPURA ROAD,NEAR INDLABELE VILLAGE,1.5 KM,0.0,0.0,0,0,0.0,0.0
Bengaluru Dist,Attibele PS,1.04421e+16,2018,1,2,Road Accidents,Other,City/Town,Open area,Human Error,No,Simple Injury,Others,Not Applicable,Not Applicable,NH,Bitumen(Tar),Others,Not Applicable,Others,NH7 HOSUR BANGALORE ROAD,NEAR GUESTLINE CIRCLE,3,0.0,0.0,0,1,0.0,1.0
Bengaluru Dist,Attibele PS,1.04421e+16,2018,1,2,Road Accidents,Other,City/Town,Open area,Human Error,No,Simple Injury,Others,Not Applicable,Others,NH,Bitumen(Tar),Others,Not Applicable,Others,NH7 BANGALORE HOSUR ROAD,INFRONT OF SBR KALYANA MANTAPA,1 KM,0.0,0.0,0,1,0.0,1.0
Bengaluru Dist,Attibele PS,1.04421e+16,2018,1,2,Road Accidents,Not Applicable,Rural Areas,Open area,Human Error,No,Grievous Injury,Others,Not Applicable,Others,Others,Kutcha,Others,Not Applicable,Others,ATTIBELE SARJAPURA ROAD,NEAR SILK FARM GATE,4 KM,0.0,0.0,0,1,4.0,5.0
Bengaluru Dist,Attibele PS,1.04421e+16,2019,1,1,Road Accidents,Narrow road,Rural Areas,Open area,Human Error,No,Fatal,Hit pedestrian,Uncontrolled,Straight and flat,NH,Bitumen(Tar),Dry,Not Applicable,Clear,"NH-7,HOSUR-BANGALORE ROAD",NEAR GUDDAHATTI GATE,5 KM,12.778738,77.772343,0,0,0.0,0.0
Bengaluru Dist,Attibele PS,1.04421e+16,2019,1,2,Road Accidents,Other,City/Town,Open area,Human Error,Yes,Grievous Injury,Others,Not at  Junction,Others,Others,Bitumen(Tar),Others,Not Applicable,Others,ATTIBELE SARJAPURA ROAD,NEAR INDLABELE ANEKAL TALUK,2 KM,12.789461,77.775568,0,1,0.0,1.0
Bengaluru Dist,Attibele PS,1.04421e+16,2019,1,4,Road Accidents,Other,City/Town,Open area,Human Error,No,Grievous Injury,Others,Not at  Junction,Others,NH,Bitumen(Tar),Others,Not Applicable,Others,ATTIBELE SARJAPURA ROAD,LIBERTY ACRES INDLABELE,3 KM,12.793305,77.779565,0,1,0.0,1.0
Bengaluru Dist,Attibele PS,1.04421e+16,2019,1,1,Road Accidents,Not Applicable,City/Town,Near Bus stop,Human Error,No,Grievous Injury,Hit pedestrian,Not Applicable,Others,NH,Bitumen(Tar),Dry,Not Applicable,Others,NH7 BANGALORE HOSUR ROAD,NEAR BUS STOP YADAVANAHALLI,3 KM,12.785581,77.7508169,0,0,0.0,0.0
Bengaluru Dist,Attibele PS,1.04421e+16,2019,1,1,Road Accidents,Other,City/Town,Near Petrol Pump,Human Error,No,Grievous Injury,Others,Not at  Junction,Others,Others,Bitumen(Tar),Others,Not Applicable,Others,ATTIBELE ANEKAL ROAD,NEAR ATTIBELE PETROL BUNK,1 KM,12.77171,77.770686,0,1,0.0,1.0
Bengaluru Dist,Attibele PS,1.04421e+16,2019,1,2,Road Accidents,Other,City/Town,Open area,Human Error,No,Damage Only,Others,Not at  Junction,Others,NH,Bitumen(Tar),Others,Not Applicable,Others,NH7 HOSUR BANGALORE ROAD,NEAR ATTIBELE TOLL ATTIBELE TOWN,1 KM,12.776652,77.776989,0,1,0.0,1.0
Bengaluru Dist,Attibele PS,1.04421e+16,2019,1,2,Road Accidents,Not Applicable,City/Town,Open area,Human Error,No,Grievous Injury,Vehicle to Vehicle,Not at  Junction,Others,NH,Bitumen(Tar),Others,Not Applicable,Others,NH7 BANGALORE HOSUR ROAD,NEAR GUESTLINE CIRCLE,3 KM,12.786655,77.741719,0,1,0.0,1.0
Bengaluru Dist,Attibele PS,1.04421e+16,2019,1,2,Road Accidents,Cross roads,Rural Areas,Open area,Human Error,No,Damage Only,Vehicle to Vehicle,Not at  Junction,Others,Others,Bitumen(Tar),Others,Not Applicable,Others,TVS ATTIBELE ROAD,NEAR BALLUR CROSS,4 KM,12.749725,77.779424,0,1,0.0,1.0
Bengaluru Dist,Attibele PS,1.04421e+16,2019,1,1,Road Accidents,Not Applicable,City/Town,Open area,Human Error,No,Grievous Injury,Hit pedestrian,Not at  Junction,Others,NH,Bitumen(Tar),Others,Not Applicable,Others,NH7 HOSUR BANGALORE ROAD,NEAR GUDDAHATTI GATE,4 KM,12.788305,77.7355139,0,1,0.0,1.0
Bengaluru Dist,Attibele PS,1.04421e+16,2019,1,2,Road Accidents,Narrow road,City/Town,Open area,Human Error,No,Damage Only,Vehicle to Vehicle,Not at  Junction,Straight and flat,NH,Bitumen(Tar),Dry,No influence on accident,Clear,NH7 BENGALURU HOSUR ROAD,NEAR ATTIBELE TOLL OFFICE,500 MT,12.77772,77.775725,0,0,0.0,0.0
Bengaluru Dist,Attibele PS,1.04421e+16,2019,1,2,Road Accidents,Not Applicable,City/Town,Open area,Human Error,No,Damage Only,Vehicle to Vehicle,Not Applicable,Others,NH,Bitumen(Tar),Others,Not Applicable,Others,NH7 BANGALORE HOSUR ROAD,ON FLY OVER ATTIBELE,01-Feb,12.778193,77.774219,0,1,0.0,1.0
Bengaluru Dist,Attibele PS,1.04421e+16,2019,1,2,Road Accidents,Not Applicable,City/Town,Open area,Human Error,No,Damage Only,Vehicle to Vehicle,Not at  Junction,Others,NH,Bitumen(Tar),Others,Not Applicable,Others,NH7 HOSUR BANGALORE ROAD,NEAR ATTIBELE CIRCLE,200MTR,12.778288,77.771221,0,1,0.0,1.0
Bengaluru Dist,Attibele PS,1.04421e+16,2019,1,1,Road Accidents,Circle,Rural Areas,Open area,Human Error,Yes,Fatal,Others,Uncontrolled,Straight and flat,NH,Bitumen(Tar),Dry,Not Applicable,Clear,BANGALORE-HOSUR MAIN ROAD,NEAR GUEST LINE CIRCLE,3 KM,12.809178,77.774816,0,0,0.0,0.0
Bengaluru Dist,Attibele PS,1.04421e+16,2019,1,2,Road Accidents,Other,City/Town,Open area,Human Error,No,Grievous Injury,Others,Not Applicable,Others,NH,Bitumen(Tar),Others,Not Applicable,Others,NH7 BENGALURU HOSUR SERVICE ROAD,OPP TO NARMADA BAR ATTIBELE,1 KM,12.778221,77.774676,0,1,0.0,1.0
Bengaluru Dist,Attibele PS,1.04421e+16,2019,1,2,Road Accidents,Other,City/Town,Open area,Human Error,No,Grievous Injury,Others,Not at  Junction,Others,Others,Bitumen(Tar),Others,Not Applicable,Others,SARJAPURA ATTIBELE ROAD,NEAR VAIBHAVA KALYANA MANTAPA,1/2 KM,12.786158,77.773932,0,1,0.0,1.0
Bengaluru Dist,Attibele PS,1.04421e+16,2019,1,2,Road Accidents,Not Applicable,City/Town,Open area,Human Error,Yes,Grievous Injury,Not Applicable,Not at  Junction,Others,NH,Bitumen(Tar),Others,Not Applicable,Others,NH7 BANGALORE HOSUR ROAD,NEAR GUESTLINE CIRCLE,3 KM,12.786666,77.741721,0,1,0.0,1.0
Bengaluru Dist,Attibele PS,1.04421e+16,2019,1,2,Road Accidents,Other,City/Town,Open area,Human Error,No,Damage Only,Others,Not Applicable,Others,NH,Bitumen(Tar),Others,Not Applicable,Others,NH7 BANGALORE HOSUR ROAD,NEAR NERALUR PANCHYATH OFFICE,5 KM,12.791491,77.730525,0,1,0.0,1.0
Bengaluru Dist,Attibele PS,1.04421e+16,2019,1,1,Road Accidents,Not Applicable,City/Town,Open area,Human Error,No,Grievous Injury,Hit pedestrian,Not at  Junction,Not Applicable,NH,Bitumen(Tar),Others,Not Applicable,Others,ATTIBELE SARJAPURA ROAD,NEAR VAIBHAVA KALYANA MANTAPA ATTIBELE,1/2 KM,12.786211,77.773951,0,1,0.0,1.0
Bengaluru Dist,Attibele PS,1.04421e+16,2019,1,1,Road Accidents,Narrow road,City/Town,Near office complex,Human Error,No,Fatal,Hit pedestrian,Uncontrolled,Straight and flat,NH,Bitumen(Tar),Dry,Not Applicable,Clear,"NH-7,HOSUR-BANGALORE ROAD",NEAR ARCH ATTIBELE BORDER,1 KM,12.774381,77.780859,0,0,0.0,0.0
Bengaluru Dist,Attibele PS,1.04421e+16,2019,1,2,Road Accidents,Narrow road,Rural Areas,Near Bus stop,Human Error,Yes,Fatal,Hit bicyclist,Uncontrolled,Straight and flat,NH,Bitumen(Tar),Dry,Not Applicable,Clear,"NH-7,HOSUR-BANGALORE ROAD",GUDDAHATTI GATE,4 KM,12.787715,77.7375069,0,0,0.0,0.0
Bengaluru Dist,Attibele PS,1.04421e+16,2019,1,2,Road Accidents,Circle,City/Town,Open area,Human Error,No,Fatal,Hit bicyclist,Uncontrolled,Others,Service Road,Bitumen(Tar),Dry,Not Applicable,Clear,NEAR ATTIBELE CIRCLE,ATTIBELE TOWN,0.2 KM,12.788198,77.73711,0,0,0.0,0.0
Bengaluru Dist,Attibele PS,1.04421e+16,2019,1,1,Road Accidents,Narrow road,Rural Areas,Near office complex,Human Error,No,Fatal,Not Applicable,Uncontrolled,Straight and flat,NH,Bitumen(Tar),Dry,Not Applicable,Clear,"NH-7,BANGALORE-HOSUR MAIN ROAD",NEAR ATTIBELE TOLL,1 KM,12.777439,77.776341,0,0,0.0,0.0