DISTRICTNAME,UNITNAME,Crime_No,Year,RI,Noofvehicle_involved,Accident_Classification,Accident_Spot,Accident_Location,Accident_SubLocation,Main_Cause,Hit_Run,Severity,Collision_Type,Junction_Control,Road_Character,Road_Type,Surface_Type,Surface_Condition,Road_Condition,Weather,Accident_Road,Landmark_first,Distance_LandMark_First,Latitude,Longitude,Road_Condition_Score,Surface_Condition_Score,Surface_Type_Score,Road_Risk_Index
Bengaluru Dist,Attibele PS,1.04421e+16,2019,1,2,Road Accidents,Not Applicable,Rural Areas,Open area,Human Error,No,Grievous Injury,Vehicle to Vehicle,Not at  Junction,Others,Others,Bitumen(Tar),Others,Not Applicable,Others,NEAR BIDARAGUPPE KERE YERI,ANEKAL TALUK,3 KM,12.794987,77.7797329,0,1,0.0,1.0
Bengaluru Dist,Attibele PS,1.04421e+16,2019,1,2,Road Accidents,Not Applicable,City/Town,Open area,Human Error,No,Damage Only,Vehicle to Vehicle,Not at  Junction,Others,NH,Bitumen(Tar),Others,Not Applicable,Others,NH7 BANGALORE HOSUR ROAD,NEA GUESTLINE CIRCLE,3 KM,12.786514,77.743161,0,1,0.0,1.0
Bengaluru Dist,Attibele PS,1.04421e+16,2019,1,1,Road Accidents,Other,Not Applicable,Near Bus stop,Not Applicable,No,Grievous Injury,Not Applicable,Not Applicable,Others,Not Applicable,Concrete,Not Applicable,Not Applicable,Others,NEAR GUEST LINE HOTEL,3 KM TOWARDS WEST,3 KM,12.788475,77.737336,0,0,0.0,0.0
Bengaluru Dist,Attibele PS,1.04421e+16,2019,1,2,Road Accidents,Other,City/Town,Open area,Human Error,No,Grievous Injury,Others,Not Applicable,Others,NH,Bitumen(Tar),Others,Not Applicable,Others,NH7 HOSUR BANGALORE ROAD,NEAR ATTIBELE ARCH,1 KM,12.779578,77.748059,0,1,0.0,1.0
Bengaluru Dist,Attibele PS,1.04421e+16,2019,1,2,Road Accidents,Not Applicable,City/Town,Open area,Human Error,Yes,Damage Only,Others,Not Applicable,Others,NH,Bitumen(Tar),Others,Not Applicable,Others,NH7 BANGALORE ATTIBELE SERVICE ROAD,NEAR GUESTLINE CIRCLE,2 KM,12.804672,77.786211,0,1,0.0,1.0
Bengaluru Dist,Attibele PS,1.04421e+16,2019,1,1,Road Accidents,Not Applicable,City/Town,Near a religious place,Not Applicable,No,Grievous Injury,Not Applicable,Not at  Junction,Not Applicable,NH,Concrete,Not Applicable,Not Applicable,Cloudy,NEAR ANJANEYA SWAMY TEMPLE GUEST LINE CIRCLE,3 KM TOWARDS WEST,3 KM,12.786859,77.742049,0,0,0.0,0.0
Bengaluru Dist,Attibele PS,1.04421e+16,2019,1,2,Road Accidents,Not Applicable,City/Town,Open area,Human Error,No,Damage Only,Others,Not Applicable,Others,NH,Bitumen(Tar),Others,Not Applicable,Others,NH7 HOSUR BANGALORE RD,NEAR ATTIBELE TOLL LANE,1/2 KM,12.775659,77.77872,0,1,0.0,1.0
Bengaluru Dist,Attibele PS,1.04421e+16,2019,1,2,Road Accidents,Not Applicable,Rural Areas,Near a factory industrial area,Human Error,No,Grievous Injury,Vehicle to Vehicle,Not at  Junction,Others,Others,Bitumen(Tar),Others,Not Applicable,Others,ANEKAL MAIN ROAD,NEAR AMAZON COMPANY,5 KM,12.745347,77.739799,0,1,0.0,1.0
Bengaluru Dist,Attibele PS,1.04421e+16,2019,1,4,Road Accidents,Not Applicable,City/Town,Near a factory industrial area,Human Error,No,Grievous Injury,Vehicle to Vehicle,Not at  Junction,Others,NH,Bitumen(Tar),Others,Not Applicable,Others,NH7 HOSUR BANGALORE ROAD NEAR AVS,BALAGARANAHALLI ATTIBELE HOBLI,4 KM,12.788663,77.735301,0,1,0.0,1.0
Bengaluru Dist,Attibele PS,1.04421e+16,2019,1,2,Road Accidents,Not Applicable,Rural Areas,Near Petrol Pump,Human Error,Not Applicable,Damage Only,Not Applicable,Not Applicable,Not Applicable,Others,Concrete,Not Applicable,Not Applicable,Others,ATTIBELE TVS ROAD,ATTIBELE TVS ROAD,4 KM,12.7577,77.774065,0,0,0.0,0.0
Bengaluru Dist,Attibele PS,1.04421e+16,2019,1,1,Road Accidents,Not Applicable,City/Town,Open area,Human Error,No,Damage Only,Hit pedestrian,Not Applicable,Others,NH,Bitumen(Tar),Others,Not Applicable,Others,NH7 HOSUR ANGALORE ROAD 1ST LINE,ATIBELE TOLL NEAR DURGA,1 KM,12.77625,77.777641,0,1,0.0,1.0
Bengaluru Dist,Attibele PS,1.04421e+16,2019,1,2,Road Accidents,Road hump or Rumble strips,Rural Areas,Near Bus stop,Human Error,No,Damage Only,Vehicle to Vehicle,Not at  Junction,Hump,Minor District Road,Bitumen(Tar),Dry,No influence on accident,Clear,NEAR BESTHAMANAHALLI BUS STOP HUMPS,ATTIBELE HOBLI ANEKAL TALUK,8 KM,12.730876,77.726681,0,0,0.0,0.0
Bengaluru Dist,Attibele PS,1.04421e+16,2019,1,2,Road Accidents,Not Applicable,Rural Areas,Open area,Human Error,No,Grievous Injury,Others,Not Applicable,Others,Others,Not Applicable,Others,Not Applicable,Others,SAMANDUR ANEKAL ROAD,NEAR SAMANDUR GATE,8 KM,12.774506,77.780303,0,1,0.0,1.0
Bengaluru Dist,Attibele PS,1.04421e+16,2019,1,1,Road Accidents,Narrow road,Rural Areas,Open area,Human Error,No,Fatal,Skidding or Self accident,Stop sign,Straight and flat,Village Road,Bitumen(Tar),Dry,Not Applicable,Clear,ATTIBELE-ANEKAL ROAD,THATTANAHALLI VILLAGE,4 KM,12.778797,77.771803,0,0,0.0,0.0
Bengaluru Dist,Attibele PS,1.04421e+16,2019,1,2,Road Accidents,Other,City/Town,Open area,Human Error,No,Damage Only,Others,Not Applicable,Not Applicable,NH,Bitumen(Tar),Others,Not Applicable,Clear,NH7 BANGALORE HOSUR ROAD,NEAR YADAVANAHALLI GATE,2 KM,12.788256,77.735904,0,1,0.0,1.0
Bengaluru Dist,Attibele PS,1.04421e+16,2019,1,2,Road Accidents,Other,Rural Areas,Open area,Human Error,No,Damage Only,Others,Not Applicable,Others,Others,Bitumen(Tar),Others,Not Applicable,Clear,ATTIBELE TVS ROAD,NEAR MANJANNA HOUSE,2KM,12.786471,77.741877,0,1,0.0,1.0
Bengaluru Dist,Attibele PS,1.04421e+16,2019,1,1,Road Accidents,Not Applicable,Not Applicable,Near Bus stop,Human Error,No,Grievous Injury,Not Applicable,Not Applicable,Others,NH,Concrete,Not Applicable,Not Applicable,Not Applicable,ATTIBELE CHECKPOST,3 KM WEST,3 KM,12.786787,77.741822,0,0,0.0,0.0
Bengaluru Dist,Attibele PS,1.04421e+16,2019,1,1,Road Accidents,Other,City/Town,Near Bus stop,Not Applicable,No,Damage Only,Others,Not Applicable,Curve,Two way,Concrete,Others,Not Applicable,Others,NH7 ROAD ATTIBELECHECKPOST,ATTIBELE CHECKPOST,1/2 KM,12.775775,77.778584,0,1,0.0,1.0
Bengaluru Dist,Attibele PS,1.04421e+16,2019,1,1,Road Accidents,Curves,City/Town,At pedestrian Crossing,Human Error,No,Grievous Injury,Hit pedestrian,Not at  Junction,Curve,NH,Bitumen(Tar),Dry,No influence on accident,Clear,NH7BANGALORE HOSUR ROAD,NEAR NERALUR BUS STOP,6 KM,12.791917,77.7297209,0,0,0.0,0.0
Bengaluru Dist,Attibele PS,1.04421e+16,2019,1,2,Rail Road Accidents,Narrow road,Rural Areas,Near Bus stop,Human Error,No,Fatal,Vehicle to Vehicle,Uncontrolled,Straight and flat,NH,Bitumen(Tar),Dry,Not Applicable,Clear,HOSUR-BANGALORE ROAD,NEAR GUDDAHATTI GATE,4 KM,12.788154,77.7371939,0,0,0.0,0.0
Bengaluru Dist,Attibele PS,1.04421e+16,2019,1,2,Road Accidents,Other,Rural Areas,Open area,Human Error,No,Simple Injury,Others,Not Applicable,Others,Others,Not Applicable,Others,Not Applicable,Others,NEAR DASANAPURA GATE,ATTIBELE HOBLI ANEKAL TALUK,3 KM,12.770643,77.771072,0,1,0.0,1.0
Bengaluru Dist,Attibele PS,1.04421e+16,2019,1,1,Road Accidents,Not Applicable,City/Town,Open area,Human Error,No,Grievous Injury,Others,Not Applicable,Others,NH,Bitumen(Tar),Others,Not Applicable,Others,NH7 HOSUR BANGALORE ROAD,NEAR FEDERAL BANK BALAGARANAHALLI,5 KM,12.806885,77.78393,0,1,0.0,1.0
Bengaluru Dist,Attibele PS,1.04421e+16,2019,1,2,Road Accidents,Not Applicable,City/Town,Open area,Human Error,No,Grievous Injury,Vehicle to Vehicle,Not at  Junction,Others,NH,Bitumen(Tar),Others,Not Applicable,Others,BANGALORE ATTIBELE ROAD,NEAR SBR KALYANA MANTAPA ATTIBELE TOWN,1/2 KM,12.783667,77.759235,0,1,0.0,1.0
Bengaluru Dist,Attibele PS,1.04421e+16,2019,1,2,Road Accidents,Other,City/Town,Open area,Human Error,Yes,Damage Only,Others,Not Applicable,Others,NH,Bitumen(Tar),Others,Not Applicable,Others,NH7 HOSUR BANGALORE ROAD,NEAR ATTIBELE TOLL,500 MT,12.776422,77.77764,0,1,0.0,1.0
Bengaluru Dist,Attibele PS,1.04421e+16,2019,1,2,Road Accidents,Narrow road,Rural Areas,Residential area,Human Error,Yes,Fatal,Vehicle to Vehicle,Uncontrolled,Straight and flat,State Highway,Bitumen(Tar),Dry,Not Applicable,Clear,SARJAPURA-ATTIBELE ROAD,OPP SRI RAM SMRUTHI APARTMENT,3 KM,12.812693,77.782814,0,0,0.0,0.0
Bengaluru Dist,Attibele PS,1.04421e+16,2019,1,2,Road Accidents,Narrow road,Rural Areas,Open area,Human Error,No,Fatal,Vehicle to Vehicle,Uncontrolled,Straight and flat,NH,Bitumen(Tar),Dry,Not Applicable,Clear,HOSUR-BANGALORE ROAD,NEAR ATTIBELE BORDER,1 KM,12.776331,77.777841,0,0,0.0,0.0
Bengaluru Dist,Attibele PS,1.04421e+16,2019,1,2,Road Accidents,Other,Not Applicable,Open area,Human Error,No,Simple Injury,Others,Not Applicable,Others,NH,Bitumen(Tar),Others,Not Applicable,Others,BANGALORE HOSUR SERVICE ROAD,NEAR CHIKKANAHALLI CROSS,200 MT,12.799472,77.761342,0,1,0.0,1.0
Bengaluru Dist,Attibele PS,1.04421e+16,2019,1,1,Road Accidents,Other,Rural Areas,Open area,Human Error,No,Grievous Injury,Others,Not Applicable,Not Applicable,Others,Bitumen(Tar),Others,Not Applicable,Others,ATTIBELE SARJAPURA ROAD,NEAR SOWPARNIKA APARTMENTS BIDARAGUPPE,4 KM,12.785794,77.750752,0,1,0.0,1.0
Bengaluru Dist,Attibele PS,1.04421e+16,2019,1,1,Road Accidents,Cross roads,Rural Areas,Near Bus stop,Vehicle Defect,No,Fatal,Not Applicable,Not at  Junction,Curve,Others,Concrete,Others,Not Applicable,Others,NEAR NERALUR BUS STOP,NEAR NERALUR GATE,1 KM,12.791905,77.729277,0,1,0.0,1.0
Bengaluru Dist,Attibele PS,1.04421e+16,2019,1,2,Road Accidents,Not Applicable,City/Town,Near a factory industrial area,Human Error,No,Grievous Injury,Vehicle to Vehicle,Not at  Junction,Others,NH,Bitumen(Tar),Others,Not Applicable,Others,BANGALORE HOSUR NH7 ROAD,NEAR HMG FACTORY,2 KM,12.783055,77.759807,0,1,0.0,1.0
Bengaluru Dist,Attibele PS,1.04421e+16,2019,1,4,Road Accidents,Not Applicable,City/Town,Open area,Human Error,No,Damage Only,Vehicle to Vehicle,Not at  Junction,Others,NH,Bitumen(Tar),Others,Not Applicable,Others,NH7 BANGALORE HOSUR SERVICE ROAD,NEAR CHIKKANAHALLI ROAD ATTIBELE TOWN,600 MT,12.777753,77.775535,0,1,0.0,1.0
Bengaluru Dist,Attibele PS,1.04421e+16,2019,1,2,Road Accidents,Not Applicable,City/Town,Open area,Human Error,Yes,Grievous Injury,Vehicle to Vehicle,Not at  Junction,Straight and flat,NH,Bitumen(Tar),Others,No influence on accident,Clear,NH7 HOSUR BANGALORE MAIN ROAD,NEAR BALAGARANAHALLI GATE,5 KM,12.788493,77.735744,0,1,0.0,1.0
Bengaluru Dist,Attibele PS,1.04421e+16,2019,1,2,Road Accidents,Not Applicable,City/Town,Open area,Human Error,No,Grievous Injury,Vehicle to Vehicle,Not at  Junction,Others,NH,Bitumen(Tar),Others,Not Applicable,Others,NH7 BANGALORE HOSUR ROAD,ON ATTIBELE FLY OVER BRIDGE,1 KM,12.779292,77.769092,0,1,0.0,1.0
Bengaluru Dist,Attibele PS,1.04421e+16,2019,1,1,Road Accidents,Not Applicable,City/Town,Near Bus stop,Not Applicable,Yes,Not Applicable,Vehicle to Vehicle,Not Applicable,Others,NH,Concrete,Not Applicable,Not Applicable,Others,BANGALORE HOSUR NH7 ROAD,3 KM TOWARDS WEST,3 KM,12.791228,77.727046,0,0,0.0,0.0
Bengaluru Dist,Attibele PS,1.04421e+16,2019,1,2,Road Accidents,Not Applicable,City/Town,Open area,Human Error,No,Grievous Injury,Vehicle to Vehicle,Not at  Junction,Others,NH,Bitumen(Tar),Others,Not Applicable,Others,NH7 BANGALORE HOSUR ROAD,NEAR SBR KALYANA MANTAPA,01-Feb,12.783291,77.758933,0,1,0.0,1.0
Bengaluru Dist,Attibele PS,1.04421e+16,2019,1,2,Road Accidents,Not Applicable,City/Town,Open area,Human Error,No,Grievous Injury,Vehicle to Vehicle,Not at  Junction,Others,NH,Bitumen(Tar),Others,Not Applicable,Others,NH7 HOSUR BANGALORE ROAD,NEAR ATTIBELE BORDER ARCH,1 KM,12.774608,77.780557,0,1,0.0,1.0
Bengaluru Dist,Attibele PS,1.04421e+16,2019,1,2,Road Accidents,Offset,City/Town,Open area,Human Error,No,Grievous Injury,Vehicle to Vehicle,Not at  Junction,Curve,NH,Bitumen(Tar),Dry,No influence on accident,Clear,NH7 BANGALORE HOSUR SERVICE ROAD,NEAR LA CLASSIC,1 KM,12.783717,77.757009,0,0,0.0,0.0
Bengaluru Dist,Attibele PS,1.04421e+16,2019,1,2,Road Accidents,Not Applicable,City/Town,Near a factory industrial area,Human Error,No,Damage Only,Vehicle to Vehicle,Not at  Junction,Others,NH,Bitumen(Tar),Others,Not Applicable,Others,NH7 HOSUR BANGALORE ROAD,NEAR AVS COMPANY BALAGARANAHALLI GATE,4 KM,12.788832,77.734974,0,1,0.0,1.0
Bengaluru Dist,Attibele PS,1.04421e+16,2019,1,1,Road Accidents,Narrow road,Rural Areas,Near Bus stop,Human Error,No,Fatal,Hit pedestrian,Uncontrolled,Straight and flat,NH,Bitumen(Tar),Dry,Not Applicable,Clear,"NH-7,HOSUR-BANGALORE ROAD",NEAR BALAGARANAHALLI GATE,4 KM,12.788562,77.7354609,0,0,0.0,0.0
Bengaluru Dist,Attibele PS,1.04421e+16,2019,1,3,Road Accidents,Cross roads,City/Town,Open area,Human Error,No,Grievous Injury,Vehicle to Vehicle,Not at  Junction,Straight and flat,NH,Bitumen(Tar),Dry,No influence on accident,Clear,NH7 HOSUR BANGALORE ROAD,NEAR ATTIBELE BORDER,500,12.775796,77.778369,0,0,0.0,0.0
Bengaluru Dist,Attibele PS,1.04421e+16,2019,1,2,Road Accidents,Other,City/Town,Open area,Human Error,No,Damage Only,Others,Not Applicable,Others,NH,Bitumen(Tar),Others,Not Applicable,Others,NH7 BANGALORE HOSUR SERVICE ROAD,NEAR GOPALAKRISHNA BLDG ATTIBELE CIRCLE,1/2 KM,12.778606,77.770442,0,1,0.0,1.0
Bengaluru Dist,Attibele PS,1.04421e+16,2019,1,2,Road Accidents,Other,City/Town,Open area,Human Error,Yes,Grievous Injury,Others,Not at  Junction,Others,Others,Bitumen(Tar),Others,Not Applicable,Others,NEAR BALAJI SERVICE STATION,INDLABELE ANEKAL TALUK,1 KM,12.806284,77.76073,0,1,0.0,1.0
Bengaluru Dist,Attibele PS,1.04421e+16,2019,1,2,Road Accidents,Not Applicable,City/Town,Open area,Human Error,No,Damage Only,Vehicle to Vehicle,Not at  Junction,Others,NH,Bitumen(Tar),Others,Not Applicable,Others,NH7 BANGALORE HOSUR MAIN ROAD,NEAR NARMADA BAR ATTIBELE,1/2 KM,12.780993,77.764587,0,1,0.0,1.0
Bengaluru Dist,Attibele PS,1.04421e+16,2019,1,2,Road Accidents,Not Applicable,Rural Areas,Open area,Human Error,No,Grievous Injury,Not Applicable,Not at  Junction,Others,Others,Bitumen(Tar),Others,Not Applicable,Others,ATTIBELE JIGALA ROAD,NEAR PAPAREDDY HOUSE,2 KM,12.794762,77.764967,0,1,0.0,1.0
Bengaluru Dist,Attibele PS,1.04421e+16,2019,1,2,Road Accidents,Not Applicable,City/Town,Open area,Human Error,No,Grievous Injury,Vehicle to Vehicle,Not at  Junction,Others,Others,Bitumen(Tar),Others,Not Applicable,Others,ATTIBELE TVS ROAD,OPPOSITE TO CANARA BANK ATTIBELE,01-Feb,12.776959,77.769566,0,1,0.0,1.0
Bengaluru Dist,Attibele PS,1.04421e+16,2019,1,2,Road Accidents,Narrow road,Rural Areas,Near a factory industrial area,Human Error,No,Fatal,Hit parked vehicle,Uncontrolled,Straight and flat,State Highway,Bitumen(Tar),Dry,Not Applicable,Clear,ATTIBELE-TVS ROAD,NEAR RG PEPSI GODON,1 KM,12.786712,77.7490939,0,0,0.0,0.0
Bengaluru Dist,Attibele PS,1.04421e+16,2019,1,2,Road Accidents,Other,City/Town,Open area,Human Error,No,Damage Only,Others,Not Applicable,Others,NH,Bitumen(Tar),Others,Not Applicable,Others,NH7 HOSUR BANGALORE ROAD,NEAR ATTIBELE TOLL,1 KM,12.805808,77.783635,0,1,0.0,1.0
Bengaluru Dist,Attibele PS,1.04421e+16,2019,1,1,Road Accidents,Narrow road,Rural Areas,Near a factory industrial area,Human Error,No,Fatal,Hit pedestrian,Uncontrolled,Straight and flat,NH,Bitumen(Tar),Dry,Not Applicable,Clear,HOSUR-BANGALORE ROAD,NEAR ASHIRVAD FACTORY,2 KM,12.778551,77.770805,0,0,0.0,0.0
Bengaluru Dist,Attibele PS,1.04421e+16,2019,1,2,Road Accidents,Narrow road,Rural Areas,Open area,Human Error,No,Fatal,Vehicle to Vehicle,Uncontrolled,Others,State Highway,Bitumen(Tar),Dry,Not Applicable,Clear,ATTIBELE-SARJAPURA ROAD,NEAR BIG MARKET,1 KM,12.785646,77.773438,0,0,0.0,0.0
Bengaluru Dist,Attibele PS,1.04421e+16,2019,1,2,Road Accidents,Narrow road,Rural Areas,Open area,Human Error,No,Fatal,Vehicle to Vehicle,Uncontrolled,Straight and flat,NH,Bitumen(Tar),Dry,Not Applicable,Clear,"NH-7,BANGALORE-HOSUR MAIN ROAD",NEAR NERALOOR VILLAGE,5 KM,12.792265,77.728645,0,0,0.0,0.0
Bengaluru Dist,Attibele PS,1.04421e+16,2019,1,2,Road Accidents,Not Applicable,City/Town,Open area,Human Error,No,Grievous Injury,Vehicle to Vehicle,Not at  Junction,Others,Others,Bitumen(Tar),Others,Not Applicable,Others,ATTIBELE TVS ROAD NEAR KRISHNA DAIRY,DASANAPURA,4 KM,12.747727,77.780405,0,1,0.0,1.0
Bengaluru Dist,Attibele PS,1.04421e+16,2019,1,1,Road Accidents,Circle,Rural Areas,Near Hospital,Human Error,No,Fatal,Hit pedestrian,Uncontrolled,Curve,State Highway,Bitumen(Tar),Dry,Not Applicable,Clear,SARJAPURA-HOSUR ROAD,INFRONT OF NANDINI MILK BOOTH,1 KM,12.77918,77.770712,0,0,0.0,0.0
Bengaluru Dist,Attibele PS,1.04421e+16,2019,1,2,Road Accidents,Not Applicable,City/Town,Open area,Human Error,No,Damage Only,Vehicle to Vehicle,Not at  Junction,Others,Others,Bitumen(Tar),Others,Not Applicable,Others,TVS ANEKAL CROSS,ATTIBELE TOWN,1KM,12.768042,77.7701519,0,1,0.0,1.0
Bengaluru Dist,Attibele PS,1.04421e+16,2019,1,2,Road Accidents,Narrow road,Rural Areas,Near Petrol Pump,Human Error,No,Fatal,Hit bicyclist,Uncontrolled,Straight and flat,State Highway,Bitumen(Tar),Dry,Not Applicable,Clear,ATFTIBELE-SARJAPURA ROAD,OPP PETROL BUNK,3 KM,12.80216,77.782844,0,0,0.0,0.0
Bengaluru Dist,Attibele PS,1.04421e+16,2019,1,2,Road Accidents,Cross roads,City/Town,Near Bus stop,Human Error,No,Grievous Injury,Vehicle to Vehicle,Not at  Junction,Straight and flat,NH,Bitumen(Tar),Dry,No influence on accident,Clear,NH7 BANGALORE HOSUR ROAD,NEAR YADAVANAHALLI GATE,3 KM,12.785928,77.7499,0,0,0.0,0.0
Bengaluru Dist,Attibele PS,1.04421e+16,2019,1,1,Road Accidents,Narrow road,Rural Areas,At pedestrian Crossing,Human Error,No,Grievous Injury,Hit pedestrian,Not at  Junction,Straight and flat,Major District Road,Bitumen(Tar),Dry,No influence on accident,Clear,ATTIBELE SARJAPURA ROAD,NEAR KWALITY BAKERY,500 MT,12.778603,77.770387,0,0,0.0,0.0
Bengaluru Dist,Attibele PS,1.04421e+16,2019,1,2,Road Accidents,Cross roads,City/Town,Open area,Human Error,No,Grievous Injury,Vehicle to Vehicle,Not at  Junction,Curve,Two way,Bitumen(Tar),Dry,No influence on accident,Clear,ATTIBELE ANEKAL ROAD,ATTIBELE ANEKAL ROAD,1 KM,12.775042,77.770231,0,0,0.0,0.0
Bengaluru Dist,Attibele PS,1.04421e+16,2019,1,1,Road Accidents,Other,City/Town,Open area,Human Error,No,Grievous Injury,Others,Not Applicable,Others,Others,Bitumen(Tar),Others,Not Applicable,Others,NEAR SRI PATALAMMA TEMPLE,ATTIBELE TOWN,1/2 KM,12.782393,77.76036,0,1,0.0,1.0
Bengaluru Dist,Attibele PS,1.04421e+16,2019,1,1,Road Accidents,Other,Rural Areas,Open area,Human Error,No,Grievous Injury,Others,Not Applicable,Not Applicable,Others,Bitumen(Tar),Others,Not Applicable,Others,NEAR CHANDRA REDDY HOUSE KARNATAKA HOUSING BOARD 3RD PHASE,JIGALA ANEKAL TALUK,2 KM,12.778795,77.7707639,0,1,0.0,1.0
Bengaluru Dist,Attibele PS,1.04421e+16,2019,1,2,Road Accidents,Other,City/Town,Open area,Human Error,No,Damage Only,Others,Not Applicable,Not Applicable,NH,Bitumen(Tar),Others,Not Applicable,Others,NH7 BANGALORE HOSUR ROAD,NEAR ATTIBELE TOLL,1 KM,12.71548,77.751428,0,1,0.0,1.0
Bengaluru Dist,Attibele PS,1.04421e+16,2019,1,1,Road Accidents,Narrow road,Rural Areas,Open area,Human Error,No,Fatal,Hit pedestrian,Uncontrolled,Straight and flat,NH,Bitumen(Tar),Dry,Not Applicable,Clear,"NH-7,HOSUR-BANGALORE ROAD",OPP LA CLASSIC HOTEL,1.5 KM,12.786383,77.7459809,0,0,0.0,0.0
Bengaluru Dist,Attibele PS,1.04421e+16,2019,1,2,Road Accidents,Other,City/Town,Open area,Human Error,No,Grievous Injury,Others,Not at  Junction,Others,Others,Bitumen(Tar),Others,Not Applicable,Others,NEAR MANJUNATHA TRAVELS HANUMAN LAYOUT,YADAVANAHALLI VILLAGE,3 KM,12.786495,77.745407,0,1,0.0,1.0
Bengaluru Dist,Attibele PS,1.04421e+16,2019,1,2,Road Accidents,Other,City/Town,Open area,Human Error,No,Damage Only,Others,Not Applicable,Others,NH,Bitumen(Tar),Others,Not Applicable,Others,NH7 HOSUR BANGALORE ROAD,INFRONT OF TATA MOTOR COMPANY UPKAR LAYOUT ATTIBELE,1 KM,12.791941,77.777234,0,1,0.0,1.0
Bengaluru Dist,Attibele PS,1.04421e+16,2019,1,1,Road Accidents,Other,City/Town,Open area,Human Error,No,Grievous Injury,Others,Not Applicable,Others,NH,Bitumen(Tar),Others,Not Applicable,Others,NH7 HOSUR BANGALORE ROAD,NEAR JAIMARUTHI WINES ATTIBELE BORDER,1 KM,12.779344,77.768448,0,1,0.0,1.0
Bengaluru Dist,Attibele PS,1.04421e+16,2019,1,2,Road Accidents,Not Applicable,City/Town,Open area,Human Error,No,Grievous Injury,Others,Not at  Junction,Not Applicable,NH,Bitumen(Tar),Others,Not Applicable,Others,NH7 BANGALORE HOSUR SERVICE ROAD,OPP TO JAIN TEMPLE GUDDAHATTI GATE,5 KM,12.783761,77.757072,0,1,0.0,1.0
Bengaluru Dist,Attibele PS,1.04421e+16,2019,1,2,Road Accidents,Narrow road,City/Town,Near office complex,Human Error,No,Fatal,Hit bicyclist,Uncontrolled,Straight and flat,State Highway,Bitumen(Tar),Dry,Not Applicable,Clear,ATTIBELE ANEKAL ROAD,OPP SHYAMSUNDAR BUILDING,0.5 KM,12.777326,77.769474,0,0,0.0,0.0
Bengaluru Dist,Attibele PS,1.04421e+16,2019,1,2,Road Accidents,Other,City/Town,Open area,Human Error,No,Grievous Injury,Others,Not Applicable,Not Applicable,NH,Bitumen(Tar),Others,Not Applicable,Others,NH7 HOSUR BANGALORE ROAD,NEAR ATTIBELE BORDER ARCH,1 KM,12.774904,77.780379,0,1,0.0,1.0
Bengaluru Dist,Attibele PS,1.04421e+16,2019,1,1,Road Accidents,Other,City/Town,Open area,Human Error,No,Grievous Injury,Others,Not Applicable,Others,Others,Bitumen(Tar),Others,Not Applicable,Others,ATTIBELE ANEKAL ROAD,NEAR LAKSHMIKUNTE TEMPLE,1/2 KM,12.769962,77.770369,0,1,0.0,1.0
Bengaluru Dist,Attibele PS,1.04421e+16,2019,1,1,Road Accidents,Narrow road,Rural Areas,Near Bus stop,Human Error,Yes,Fatal,Hit pedestrian,Uncontrolled,Straight and flat,NH,Bitumen(Tar),Dry,Not Applicable,Clear,HOSUR-BANGALORE ROAD,NEAR BALAGARANAHALLI GATE,4 KM,12.788607,77.735171,0,0,0.0,0.0
Bengaluru Dist,Attibele PS,1.04421e+16,2019,1,2,Road Accidents,Not Applicable,City/Town,Near a religious place,Human Error,No,Grievous Injury,Vehicle to Vehicle,Not at  Junction,Others,NH,Bitumen(Tar),Others,Not Applicable,Others,NH7 BANGALORE HOSUR MAIN ROAD,OPP NEW JAIN TEMPLE GUDDAHATTI GATE,5 KM,12.788,77.737267,0,1,0.0,1.0
Bengaluru Dist,Attibele PS,1.04421e+16,2019,1,1,Road Accidents,Not Applicable,City/Town,At pedestrian Crossing,Human Error,Yes,Grievous Injury,Hit pedestrian,Not at  Junction,Others,Others,Bitumen(Tar),Others,Not Applicable,Others,SARJAPURA ATTIBELE ROAD,NEAR SYNDICATE BANK,1/2 KM,12.779986,77.77088,0,1,0.0,1.0
Bengaluru Dist,Attibele PS,1.04421e+16,2019,1,1,Road Accidents,Not Applicable,City/Town,Open area,Human Error,No,Damage Only,Not Applicable,Not at  Junction,Others,NH,Bitumen(Tar),Others,Not Applicable,Others,NH7 BENGALORE HOSUR RD,NEAR KODIHALLI PAPANNA LAND,01-Feb,12.781988,77.762388,0,1,0.0,1.0
Bengaluru Dist,Attibele PS,1.04421e+16,2019,1,2,Road Accidents,Circle,Rural Areas,Near a factory industrial area,Human Error,No,Fatal,Vehicle to Vehicle,Uncontrolled,Straight and flat,NH,Bitumen(Tar),Dry,Not Applicable,Clear,BANGALORE-HOSUR MAIN ROAD,NEAR GUEST LINE CIRCLE,3 KM,12.786719,77.741881,0,0,0.0,0.0
Bengaluru Dist,Attibele PS,1.04421e+16,2019,1,2,Road Accidents,Other,City/Town,Open area,Human Error,No,Grievous Injury,Others,Not at  Junction,Others,Others,Bitumen(Tar),Others,Not Applicable,Others,ATTIBELE ANEKAL ROAD,NEAR DEVEGOWDA BAR MAYASANDRA,5 KM,12.753711,77.751659,0,1,0.0,1.0
Bengaluru Dist,Attibele PS,1.04421e+16,2019,1,1,Road Accidents,Narrow road,Rural Areas,Near a factory industrial area,Human Error,No,Fatal,Hit pedestrian,Uncontrolled,Straight and flat,NH,Bitumen(Tar),Dry,Not Applicable,Clear,"NH-7,BANGALORE-HOSUR ROAD",YADAVANAHALLI VILLAGE,4 KM,12.783123,77.7599959,0,0,0.0,0.0
Bengaluru Dist,Attibele PS,1.04421e+16,2019,1,1,Road Accidents,Circle,City/Town,At pedestrian Crossing,Human Error,No,Grievous Injury,Hit pedestrian,Not at  Junction,Others,NH,Bitumen(Tar),Others,Not Applicable,Others,NEAR ATTIBELE CIRCLE,ATTIBELE TOWN ANEKAL TALUK,200 MT,12.779254,77.770285,0,1,0.0,1.0
Bengaluru Dist,Attibele PS,1.04421e+16,2019,1,2,Road Accidents,Not Applicable,Rural Areas,Near a factory industrial area,Human Error,No,Grievous Injury,Not Applicable,Not at  Junction,Others,NH,Bitumen(Tar),Others,Not Applicable,Others,INFRON OF AVS FACTORY BALAGARANAHALLI GATE,NH7 HOSUR BANGALORE ROAD,4,12.788614,77.734956,0,1,0.0,1.0
Bengaluru Dist,Attibele PS,1.04421e+16,2019,1,2,Road Accidents,Not Applicable,City/Town,Open area,Human Error,No,Grievous Injury,Vehicle to Vehicle,Not at  Junction,Others,NH,Bitumen(Tar),Others,Not Applicable,Others,NEAR VETERNARY HOSPITAL,ATTIBELE CIRCLE,1,12.779177,77.770448,0,1,0.0,1.0