DISTRICTNAME,UNITNAME,Crime_No,Year,RI,Noofvehicle_involved,Accident_Classification,Accident_Spot,Accident_Location,Accident_SubLocation,Main_Cause,Hit_Run,Severity,Collision_Type,Junction_Control,Road_Character,Road_Type,Surface_Type,Surface_Condition,Road_Condition,Weather,Accident_Road,Landmark_first,Distance_LandMark_First,Latitude,Longitude,Road_Condition_Score,Surface_Condition_Score,Surface_Type_Score,Road_Risk_Index
Bengaluru Dist,Attibele PS,1.04421e+16,2019,1,1,Road Accidents,Narrow road,Rural Areas,Near Petrol Pump,Human Error,No,Fatal,Hit pedestrian,Not Applicable,Others,One way,Kutcha,Dry,No influence on accident,Clear,ATTIBELE TVS ROAD,NEAR TEMPLE,1,12.768164,77.770176,0,0,4.0,4.0
Bengaluru Dist,Attibele PS,1.04421e+16,2019,1,2,Road Accidents,Not Applicable,City/Town,Residential area,Human Error,No,Damage Only,Vehicle to Vehicle,Not at  Junction,Others,Others,Bitumen(Tar),Others,Not Applicable,Others,INFRONT OF GOLDEN GATE,INDLABELE VILLAGE,2 KM,12.787955,77.77475,0,1,0.0,1.0
Bengaluru Dist,Attibele PS,1.04421e+16,2019,1,1,Road Accidents,Curves,City/Town,Near office complex,Human Error,No,Grievous Injury,Hit pedestrian,Not at  Junction,Curve,NH,Bitumen(Tar),Dry,No influence on accident,Clear,NH7 BANGALORE HOSUR ROAD,INFRONT OF PANCHAYATH OFFICE NERALU,5 KM,12.791143,77.730442,0,0,0.0,0.0
Bengaluru Dist,Attibele PS,1.04421e+16,2019,1,1,Road Accidents,Narrow road,Rural Areas,Open area,Human Error,Not Applicable,Fatal,Not Applicable,Uncontrolled,Straight and flat,NH,Bitumen(Tar),Dry,Not Applicable,Clear,"NH-7,HOSUR-BANGALORE ROAD",ON ATTIBELE FLY OVER,500 MT,12.777897,77.7748409,0,0,0.0,0.0
Bengaluru Dist,Attibele PS,1.04421e+16,2019,1,2,Road Accidents,Cross roads,City/Town,Open area,Human Error,No,Grievous Injury,Vehicle to Vehicle,Not at  Junction,Straight and flat,NH,Bitumen(Tar),Dry,No influence on accident,Clear,NH7 BANGALORE HOSUR ROAD,NEAR ABR BAR ATTIBELE TOLL,1 KM,12.77638,77.777055,0,0,0.0,0.0
Bengaluru Dist,Attibele PS,1.04421e+16,2019,1,1,Road Accidents,Other,City/Town,Open area,Human Error,No,Grievous Injury,Others,Not Applicable,Others,NH,Bitumen(Tar),Others,Not Applicable,Others,NH7 HOSUR BANGALORE ROAD,NEAR NERALUR BUS STOP,5 KM,12.740968,77.75887,0,1,0.0,1.0
Bengaluru Dist,Attibele PS,1.04421e+16,2019,1,1,Road Accidents,Narrow road,Rural Areas,Open area,Human Error,No,Fatal,Hit pedestrian,Uncontrolled,Straight and flat,NH,Bitumen(Tar),Dry,Not Applicable,Clear,"NH-7,HOSUR-BANGALORE ROAD",OPP OLD CHECK POST,2 KM,12.783768,77.75797,0,0,0.0,0.0
Bengaluru Dist,Attibele PS,1.04421e+16,2019,1,1,Road Accidents,Not Applicable,City/Town,Open area,Human Error,Yes,Grievous Injury,Not Applicable,Not at  Junction,Others,NH,Bitumen(Tar),Others,Not Applicable,Others,NH7 HOSUR BANGALORE ROAD,NEAR GUDDAHATTI GATE,4.5,12.788134,77.736937,0,1,0.0,1.0
Bengaluru Dist,Attibele PS,1.04421e+16,2019,1,2,Road Accidents,Not Applicable,City/Town,Open area,Human Error,No,Grievous Injury,Vehicle to Vehicle,Not at  Junction,Others,NH,Bitumen(Tar),Others,Not Applicable,Others,NH7 HOSUR BANGALORE ROAD,NEAR ATTIBELE ARCH,1 KM,12.774745,77.780269,0,1,0.0,1.0
Bengaluru Dist,Attibele PS,1.04421e+16,2019,1,1,Road Accidents,Not Applicable,City/Town,Open area,Human Error,No,Grievous Injury,Hit pedestrian,Not at  Junction,Others,NH,Bitumen(Tar),Others,Not Applicable,Others,NH7 HOSUR BANGALORE ROAD,NEAR YADVANAHALLI BUS STOP,2 KM,12.785623,77.750645,0,1,0.0,1.0
Bengaluru Dist,Attibele PS,1.04421e+16,2019,1,1,Road Accidents,Other,City/Town,Open area,Human Error,No,Damage Only,Others,Not Applicable,Others,NH,Bitumen(Tar),Others,Not Applicable,Others,NH7 BANGALORE HOSUR ROAD,LANE NO 9 ATTIBELE TOLL PLAZA,1 KM,12.754266,77.786826,0,1,0.0,1.0
Bengaluru Dist,Attibele PS,1.04421e+16,2019,1,1,Road Accidents,Other,City/Town,Open area,Human Error,No,Grievous Injury,Others,Not at  Junction,Not Applicable,Others,Bitumen(Tar),Others,Not Applicable,Others,BIDARAGUPPE SARJAPURA ROAD,NEAR SRIRAM SMRITHI APARTMENT,3 KM,12.812769,77.782861,0,1,0.0,1.0
Bengaluru Dist,Attibele PS,1.04421e+16,2019,1,2,Road Accidents,Other,City/Town,Open area,Human Error,Yes,Grievous Injury,Others,Not Applicable,Others,NH,Bitumen(Tar),Others,Not Applicable,Others,SARJAPURA ATTIBELE ROAD,NEAR RAMESH WELDING MACHINE SHOP INDLABELE,2 KM,12.789996,77.775903,0,1,0.0,1.0
Bengaluru Dist,Attibele PS,1.04421e+16,2019,1,2,Road Accidents,Not Applicable,City/Town,Near a factory industrial area,Human Error,No,Grievous Injury,Not Applicable,Not at  Junction,Others,NH,Bitumen(Tar),Others,Not Applicable,Others,NH7 HOSUR BANGALORE ROAD,NEAR AVS FACTORY,3 KM,12.789012,77.734545,0,1,0.0,1.0
Bengaluru Dist,Attibele PS,1.04421e+16,2019,1,2,Road Accidents,Not Applicable,City/Town,Open area,Not Applicable,No,Damage Only,Vehicle to Vehicle,Not Applicable,Others,NH,Bitumen(Tar),Others,Not Applicable,Others,NH7 HOSUR BANGALORE SERVICE ROAD,ATTIBELE BORDER,1 KM,12.774668,77.78018,0,1,0.0,1.0
Bengaluru Dist,Attibele PS,1.04421e+16,2019,1,2,Road Accidents,Not Applicable,City/Town,Open area,Human Error,No,Damage Only,Vehicle to Vehicle,Not at  Junction,Others,NH,Bitumen(Tar),Others,Not Applicable,Others,NH7 HOSUR BANGALORE ROAD,NEAR BALAGARANAHALLI GATE,4 KM,12.788901,77.734835,0,1,0.0,1.0
Bengaluru Dist,Attibele PS,1.04421e+16,2019,1,2,Road Accidents,Circle,Rural Areas,Open area,Human Error,No,Fatal,Hit bicyclist,Uncontrolled,Curve,NH,Bitumen(Tar),Dry,Not Applicable,Clear,"NEAR ATTIBELE CIRCLE,ATTIBELE,ANEKAL TALUK",NEAR ATTIBELE CIRCLE,1 KM,12.779157,77.770314,0,0,0.0,0.0
Bengaluru Dist,Attibele PS,1.04421e+16,2019,1,2,Road Accidents,Not Applicable,City/Town,Open area,Human Error,No,Damage Only,Vehicle to Vehicle,Not at  Junction,Others,NH,Bitumen(Tar),Others,Not Applicable,Others,NH7 HOSUR BANGALORE ROAD,NEAR LA CLASSIC HOTEL YADAVANAHALLI,1 KM,12.783335,77.757868,0,1,0.0,1.0
Bengaluru Dist,Attibele PS,1.04421e+16,2019,1,1,Road Accidents,Not Applicable,City/Town,Open area,Human Error,No,Grievous Injury,Hit pedestrian,Not at  Junction,Others,Others,Bitumen(Tar),Others,Not Applicable,Others,ATTIBELE ANEKAL ROAD,NEAR SRI MUNESHWARA TEMPL,01-Feb,12.776965,77.76928,0,1,0.0,1.0
Bengaluru Dist,Attibele PS,1.04421e+16,2019,1,2,Road Accidents,Not Applicable,City/Town,Open area,Human Error,No,Grievous Injury,Vehicle to Vehicle,Not at  Junction,Others,Not Applicable,Bitumen(Tar),Others,Not Applicable,Others,INFRONT OF GNR CONCRETE COMPANY,GUDDAHATTI VILLAGE,4 KM,12.794414,77.7375589,0,1,0.0,1.0
Bengaluru Dist,Attibele PS,1.04421e+16,2019,1,2,Road Accidents,Narrow road,Rural Areas,Near Bus stop,Human Error,Yes,Fatal,Hit bicyclist,Uncontrolled,Straight and flat,NH,Bitumen(Tar),Dry,Not Applicable,Clear,"NH-7,HOSUR-BANGALORE ROAD",NEAR GUDDAHATTI GATE,6 KM,12.787917,77.737103,0,0,0.0,0.0
Bengaluru Dist,Attibele PS,1.04421e+16,2019,1,1,Road Accidents,Not Applicable,City/Town,Near Bus stop,Not Applicable,Not Applicable,Fatal,Not Applicable,Not Applicable,Not Applicable,NH,Concrete,Not Applicable,Not Applicable,Others,ATTIBELE CHECKPOST,Half KM TOWARDS EAST,2 KM,12.777255,77.776063,0,0,0.0,0.0
Bengaluru Dist,Attibele PS,1.04421e+16,2019,1,1,Road Accidents,Cross roads,Rural Areas,Near a religious place,Human Error,No,Grievous Injury,Hit pedestrian,Not at  Junction,Straight and flat,Major District Road,Bitumen(Tar),Dry,No influence on accident,Clear,ATTIBELE ANEKAL ROAD,NEAR BEERESHWARA TEMPLE OPP M S FURNITURE SHOP,0.5 KM,12.773434,77.770945,0,0,0.0,0.0
Bengaluru Dist,Attibele PS,1.04421e+16,2019,1,1,Road Accidents,Other,City/Town,Open area,Human Error,No,Grievous Injury,Others,Not Applicable,Others,Others,Bitumen(Tar),Not Applicable,Not Applicable,Others,ATTIBELE SARJAPURA ROAD BIDARAGUPPE VILLAGE,NEAR SOUPARNIKA APARTMENT,2 KM,12.801695,77.783505,0,0,0.0,0.0
Bengaluru Dist,Attibele PS,1.04421e+16,2019,1,2,Road Accidents,Not Applicable,City/Town,Near a religious place,Human Error,No,Grievous Injury,Vehicle to Vehicle,Not at  Junction,Others,NH,Bitumen(Tar),Others,Not Applicable,Others,NH7 BANGALORE HOSUR ROAD BALAGARANAHALLI GATE,NEAR JAIN TEMPLE,4 KM,12.788737,77.735575,0,1,0.0,1.0
Bengaluru Dist,Attibele PS,1.04421e+16,2019,1,2,Road Accidents,Not Applicable,City/Town,Near Petrol Pump,Human Error,No,Grievous Injury,Vehicle to Vehicle,Not at  Junction,Others,NH,Bitumen(Tar),Others,Not Applicable,Others,NH7 BANGALORE HOSUR SERVICE ROAD,INFRONT OF GUESTLINE HOTEL NEAR BHARATH PETROL BUNK,3 KM,12.786356,77.745359,0,1,0.0,1.0
Bengaluru Dist,Attibele PS,1.04421e+16,2019,1,1,Road Accidents,Narrow road,Rural Areas,Open area,Human Error,No,Fatal,Not Applicable,Uncontrolled,Straight and flat,NH,Bitumen(Tar),Dry,Not Applicable,Clear,NH SERVICE ROAD YADAVANAHALLI VILLAGE,NEAR HMG GRANITE FACTORY,3 KM,12.786366,77.7461879,0,0,0.0,0.0
Bengaluru Dist,Attibele PS,1.04421e+16,2019,1,1,Road Accidents,Narrow road,Rural Areas,Open area,Human Error,No,Fatal,Hit pedestrian,Uncontrolled,Straight and flat,NH,Bitumen(Tar),Dry,Not Applicable,Clear,"NH-7,BANGALORE-HOSUR ROAD",NEAR ATTIBELE TOLL,1 KM,12.777096,77.776991,0,0,0.0,0.0
Bengaluru Dist,Attibele PS,1.04421e+16,2019,1,2,Road Accidents,Narrow road,City/Town,Open area,Human Error,No,Damage Only,Vehicle to Vehicle,Not at  Junction,Straight and flat,NH,Bitumen(Tar),Dry,Not Applicable,Clear,NH7 HOSUR BENGALURU SERVICE ROAD,INFRONT OF RAMEE GUESTLINE,2KM,12.786253,77.743465,0,0,0.0,0.0
Bengaluru Dist,Attibele PS,1.04421e+16,2019,1,2,Road Accidents,Other,City/Town,Open area,Human Error,No,Damage Only,Others,Not Applicable,Not Applicable,NH,Bitumen(Tar),Others,Not Applicable,Others,NH7 HOSUR BANGALORE ROAD,NEAR ATTIBELE TOLL,1 KM,12.781384,77.771305,0,1,0.0,1.0
Bengaluru Dist,Attibele PS,1.04421e+16,2019,1,2,Road Accidents,Other,City/Town,Open area,Human Error,No,Damage Only,Others,Not Applicable,Others,NH,Bitumen(Tar),Others,Not Applicable,Not Applicable,NH7 BANGALORE HOSURMAIN ROAD,NEAR ATTIBELE TOLL,0.5 KM,12.713144,77.752168,0,1,0.0,1.0
Bengaluru Dist,Attibele PS,1.04421e+16,2019,1,2,Road Accidents,Other,City/Town,Open area,Human Error,No,Damage Only,Others,Not Applicable,Others,NH,Bitumen(Tar),Others,Not Applicable,Others,NH7 BENGALUR HOSUR ROAD NEAR AHUJA FACTORY,GUDDAHATTI GATE ANEKAL TALUK,3 KM,12.788152,77.736872,0,1,0.0,1.0
Bengaluru Dist,Attibele PS,1.04421e+16,2019,1,1,Road Accidents,Not Applicable,City/Town,Open area,Human Error,No,Grievous Injury,Hit pedestrian,Not at  Junction,Others,NH,Bitumen(Tar),Others,Not Applicable,Others,NH7 HOSUR BANGALORE ROAD,NEAR SRI PATALAMMA TEMPLE CROSS,500,12.778175,77.773047,0,1,0.0,1.0
Bengaluru Dist,Attibele PS,1.04421e+16,2019,1,2,Road Accidents,Other,City/Town,Open area,Human Error,No,Grievous Injury,Others,Not at  Junction,Others,NH,Bitumen(Tar),Others,Not Applicable,Others,NH7 HOSUR BANGALORE ROAD,NEAR ATTIBELE CHECKPOST,1 KM,12.780186,77.764316,0,1,0.0,1.0
Bengaluru Dist,Attibele PS,1.04421e+16,2019,1,1,Road Accidents,Narrow road,Rural Areas,Near Bus stop,Human Error,No,Fatal,Hit pedestrian,Uncontrolled,Straight and flat,NH,Bitumen(Tar),Dry,Not Applicable,Clear,"NH-7,BANGALORE-HOSUR  ROAD",NEAR YADAVANAHALLI GATE,4 KM,12.785563,77.750828,0,0,0.0,0.0
Bengaluru Dist,Attibele PS,1.04421e+16,2019,1,2,Road Accidents,Not Applicable,City/Town,Open area,Human Error,No,Damage Only,Vehicle to Vehicle,Not at  Junction,Others,NH,Bitumen(Tar),Others,Not Applicable,Others,NH7 BANGALORE HOSUR ROAD,NEAR ATTIBELE TOLL,1 KM,12.777516,77.775995,0,1,0.0,1.0
Bengaluru Dist,Attibele PS,1.04421e+16,2019,1,2,Road Accidents,Not Applicable,City/Town,Open area,Human Error,No,Grievous Injury,Vehicle to Vehicle,Not at  Junction,Others,NH,Bitumen(Tar),Others,Not Applicable,Others,NH7 BANGALORE HOSUR ROAD,NEAR GUESTLINE CIRCLE,3 KM,12.786741,77.741889,0,1,0.0,1.0
Bengaluru Dist,Attibele PS,1.04421e+16,2019,1,2,Road Accidents,Narrow road,Rural Areas,Open area,Human Error,No,Fatal,Hit bicyclist,Uncontrolled,Straight and flat,NH,Bitumen(Tar),Dry,Not Applicable,Clear,"NH-7,BANGALORE-HOSUR ROAD",NEAR SBR KALYANA MANTAPA,2 KM,12.783311,77.758872,0,0,0.0,0.0
Bengaluru Dist,Attibele PS,1.04421e+16,2019,1,2,Road Accidents,Circle,Rural Areas,Open area,Human Error,No,Grievous Injury,Not Applicable,Not Applicable,Not Applicable,State Highway,Not Applicable,Others,Not Applicable,Not Applicable,NH-7,RAMEE GUEST LINE CIRCLE,3 KM,12.786844,77.741316,0,1,0.0,1.0
Bengaluru Dist,Attibele PS,1.04421e+16,2019,1,2,Road Accidents,Narrow road,Rural Areas,Open area,Human Error,No,Fatal,Vehicle to Vehicle,Uncontrolled,Straight and flat,State Highway,Bitumen(Tar),Dry,Not Applicable,Clear,ATTIBELE-ANEKAL ROAD,NEAR BESTAMANAHALLI,3 KM,12.730576,77.726845,0,0,0.0,0.0
Bengaluru Dist,Attibele PS,1.04421e+16,2019,1,2,Road Accidents,Narrow road,City/Town,Open area,Human Error,No,Damage Only,Vehicle to Vehicle,Not at  Junction,Straight and flat,NH,Bitumen(Tar),Dry,No influence on accident,Clear,NH7 HOSUR BANGALORE ROAD,NEAR ATTIBELE TOLL,1/2 KM,12.775817,77.778534,0,0,0.0,0.0
Bengaluru Dist,Attibele PS,1.04421e+16,2020,1,2,Road Accidents,Narrow road,Rural Areas,Near Bus stop,Human Error,No,Fatal,Vehicle to Vehicle,Not Applicable,Not Applicable,State Highway,Kutcha,Dry,Not Applicable,Fine,ATTIBELE ANEKAL RAOD,HAROHALLI GATE,1 KM,12.76416,77.767553,0,0,4.0,4.0
Bengaluru Dist,Attibele PS,1.04421e+16,2020,1,1,Road Accidents,Junction,City/Town,Near Bus stop,Not Applicable,No,Grievous Injury,Hit pedestrian,Uncontrolled,Straight and flat,Service Road,Concrete,Muddy,Not Applicable,Fine,HOSURU BENGALURU ROAD,YADUVANAHALLY UNDERPASS,2 KM,12.784742,77.753074,0,4,0.0,4.0
Bengaluru Dist,Attibele PS,1.04421e+16,2020,1,2,Road Accidents,Narrow road,Rural Areas,Open area,Human Error,No,Simple Injury,Vehicle to Vehicle,Not at  Junction,Others,Two way,Bitumen(Tar),Dry,No influence on accident,Clear,ATTIBELE SARJAPURA ROAD BIDARGUPPE LAKE,ATTIBELE SARJAPURA ROAD,3 KM,12.800363,77.782524,0,0,0.0,0.0
Bengaluru Dist,Attibele PS,1.04421e+16,2020,1,2,Road Accidents,Narrow road,Rural Areas,Near Bus stop,Human Error,No,Grievous Injury,Vehicle to Vehicle,Not at  Junction,Straight and flat,Others,Bitumen(Tar),Dry,No influence on accident,Cloudy,ATTIBELE SARJAPURA ROAD,NEAR BIDARAGUPPE BUS STAND,3 KM,12.805785,77.783607,0,0,0.0,0.0
Bengaluru Dist,Attibele PS,1.04421e+16,2020,1,2,Road Accidents,Cross roads,City/Town,Near Bus stop,Human Error,No,Grievous Injury,Vehicle to Vehicle,Not at  Junction,Straight and flat,NH,Bitumen(Tar),Dry,No influence on accident,Others,NH7 BANGALORE HOSUR MAIN ROAD,NEAR YADAVANAHALLI BUS STOP,4 KM,12.785555,77.750828,0,0,0.0,0.0
Bengaluru Dist,Attibele PS,1.04421e+16,2020,1,1,Road Accidents,Narrow road,Rural Areas,Near Petrol Pump,Human Error,No,Fatal,Hit pedestrian,Uncontrolled,Straight and flat,NH,Bitumen(Tar),Dry,Not Applicable,Clear,"NH-7,BANGALORE-HOSUR SERVICE ROAD",NEAR PETROL BUNK,2 KM,12.786457,77.745239,0,0,0.0,0.0
Bengaluru Dist,Attibele PS,1.04421e+16,2020,1,2,Road Accidents,Not Applicable,City/Town,Near Bus stop,Vehicle Defect,No,Grievous Injury,Not Applicable,Not Applicable,Others,Service Road,Concrete,Not Applicable,Not Applicable,Others,NH7 ROAD,1,3 KM,12.783421,77.757576,0,0,0.0,0.0
Bengaluru Dist,Attibele PS,1.04421e+16,2020,1,1,Road Accidents,Narrow road,Rural Areas,Near or inside a village,Human Error,No,Fatal,Hit pedestrian,Not at  Junction,Straight and flat,NH,Kutcha,Dry,No influence on accident,Clear,"NH 7, BENGALURU HOSUR MAIN ROAD",NEAR TOLL,1 KM,12.788908,77.742427,0,0,4.0,4.0
Bengaluru Dist,Attibele PS,1.04421e+16,2020,1,2,Road Accidents,Cross roads,City/Town,Open area,Human Error,No,Damage Only,Vehicle to Vehicle,Not at  Junction,Others,NH,Bitumen(Tar),Dry,No influence on accident,Clear,NH7 BANGALORE HOSUR ROAD,NEAR ATTIBELE ARCH,0.5 KM,12.776876,77.776947,0,0,0.0,0.0
Bengaluru Dist,Attibele PS,1.04421e+16,2020,1,2,Road Accidents,Curves,City/Town,Open area,Human Error,No,Damage Only,Vehicle to Vehicle,Not at  Junction,Straight and flat,NH,Bitumen(Tar),Dry,No influence on accident,Clear,NH7 BANGALORE HOSUR ROAD,NEAR ATTIELE TOLL U TURN,1 KM,12.776539,77.777629,0,0,0.0,0.0
Bengaluru Dist,Attibele PS,1.04421e+16,2020,1,1,Road Accidents,Curves,Rural Areas,Open area,Human Error,No,Damage Only,Hit pedestrian,Not at  Junction,Straight and flat,NH,Bitumen(Tar),Dry,No influence on accident,Clear,NH7 HOSUR BANGALORE ROAD,NEAR GUDDAHATTI,3 KM,12.78827,77.73669,0,0,0.0,0.0
Bengaluru Dist,Attibele PS,1.04421e+16,2020,1,2,Road Accidents,Cross roads,Rural Areas,Open area,Human Error,No,Grievous Injury,Vehicle to Vehicle,Not at  Junction,Straight and flat,NH,Bitumen(Tar),Dry,No influence on accident,Clear,NH7 HOSUR BANGALORE MAIN ROAD,NEAR YADAVANAHALLI GATE,3 KM,12.785655,77.750681,0,0,0.0,0.0
Bengaluru Dist,Attibele PS,1.04421e+16,2020,1,1,Road Accidents,Not Applicable,City/Town,Open area,Human Error,Yes,Damage Only,Hit pedestrian,Not at  Junction,Others,NH,Bitumen(Tar),Dry,No influence on accident,Others,NH7 BANGALORE HOSUR ROAD NEAR FLY OVER,NEAR ATTIBELE TOLL,1 KM,12.779711,77.767932,0,0,0.0,0.0
Bengaluru Dist,Attibele PS,1.04421e+16,2020,1,1,Road Accidents,Cross roads,City/Town,Open area,Human Error,No,Grievous Injury,Hit pedestrian,Not at  Junction,Straight and flat,NH,Bitumen(Tar),Others,No influence on accident,Fine,NH7 HOSUR BANGALORE ROAD,NEAR GUESTLINE CIRCLE,2 KM,12.786681,77.741717,0,1,0.0,1.0
Bengaluru Dist,Attibele PS,1.04421e+16,2020,1,1,Road Accidents,Curves,City/Town,Open area,Human Error,Yes,Grievous Injury,Hit pedestrian,Not at  Junction,Straight and flat,NH,Bitumen(Tar),Dry,No influence on accident,Clear,NH7 BANGALORE HOSUR ROAD,NEAR GUDDAHATTI GATE,4 KM,12.749505,77.779249,0,0,0.0,0.0
Bengaluru Dist,Attibele PS,1.04421e+16,2020,1,2,Road Accidents,Narrow road,Rural Areas,Near a religious place,Human Error,No,Fatal,Vehicle to Vehicle,Uncontrolled,Straight and flat,NH,Bitumen(Tar),Dry,Not Applicable,Clear,HOSUR-BANGALORE ROAD,OPP SRI MAHADESHWARA TEMAPLE,2 KM,12.748644,77.747685,0,0,0.0,0.0
Bengaluru Dist,Attibele PS,1.04421e+16,2020,1,1,Road Accidents,Narrow road,City/Town,Open area,Human Error,No,Grievous Injury,Hit pedestrian,Not at  Junction,Straight and flat,Service Road,Bitumen(Tar),Dry,No influence on accident,Fine,NH7 HOSUR BENGALURU SERVICE ROAD,NEAR SV MOTORS OPP TO LA CLASSIC HOTEL,2 KM,12.783359,77.757776,0,0,0.0,0.0
Bengaluru Dist,Attibele PS,1.04421e+16,2020,1,2,Road Accidents,Curves,City/Town,Open area,Human Error,No,Grievous Injury,Vehicle to Vehicle,Not at  Junction,Straight and flat,Two way,Bitumen(Tar),Dry,No influence on accident,Clear,UNDER FLY OVER,ATTIBELE CIRCLE,200 MT,12.779146,77.770298,0,0,0.0,0.0
Bengaluru Dist,Attibele PS,1.04421e+16,2020,1,2,Road Accidents,Circle,City/Town,Open area,Human Error,No,Simple Injury,Vehicle to Vehicle,Not at  Junction,Straight and flat,NH,Bitumen(Tar),Dry,No influence on accident,Clear,NH7 HOSUR BANGALORE RD,NEAR DREAM LAND BAKERY ATTIBELE CIRCLE,500 MT,12.778726,77.770364,0,0,0.0,0.0
Bengaluru Dist,Attibele PS,1.04421e+16,2020,1,1,Road Accidents,Narrow road,City/Town,Near office complex,Human Error,No,Damage Only,Not Applicable,Not at  Junction,Straight and flat,NH,Bitumen(Tar),Dry,No influence on accident,Clear,NH7 BANGALORE HOSUR ROAD,OPP TO HMG STONE FACTORY,2 KM,12.782803,77.760218,0,0,0.0,0.0
Bengaluru Dist,Attibele PS,1.04421e+16,2020,1,1,Road Accidents,Cross roads,Rural Areas,Open area,Human Error,No,Fatal,Not Applicable,Uncontrolled,Curve,Residential Street,Bitumen(Tar),Dry,Not Applicable,Clear,MAYASANDRA-MARASUR ROAD,NEAR BABU REDDY POULTRY FARM,5 KM,12.754449,77.729519,0,0,0.0,0.0
Bengaluru Dist,Attibele PS,1.04421e+16,2020,1,1,Road Accidents,Narrow road,City/Town,Open area,Human Error,No,Damage Only,Vehicle to Vehicle,Not at  Junction,Others,Others,Bitumen(Tar),Dry,No influence on accident,Fine,NEAR FAMILY MART,ATTIBELE SARJAPURA ROAD,1.5 KM,12.78556,77.773654,0,0,0.0,0.0
Bengaluru Dist,Attibele PS,1.04421e+16,2020,1,1,Road Accidents,Not Applicable,Rural Areas,Near Bus stop,Not Applicable,No,Fatal,Not Applicable,Not Applicable,Not Applicable,Not Applicable,Concrete,Muddy,Not Applicable,Others,"NH-7,BANGALORE HOSUR SERVICE ROAD NEAR LA CLASSIC HOTEL",NERALUR,2 KM,12.791907,77.729705,0,4,0.0,4.0
Bengaluru Dist,Attibele PS,1.04421e+16,2020,1,1,Road Accidents,Curves,Rural Areas,Open area,Human Error,Yes,Grievous Injury,Hit pedestrian,Not at  Junction,Straight and flat,Others,Bitumen(Tar),Dry,No influence on accident,Fine,NEAR SLV KALYANA MANTAPA,SARJAPURA ROAD ATTIBELE,1 KM,12.782254,77.772004,0,0,0.0,0.0
Bengaluru Dist,Attibele PS,1.04421e+16,2020,1,1,Road Accidents,Circle,City/Town,Near Bus stop,Not Applicable,No,Grievous Injury,Not Applicable,Not at  Junction,Others,NH,Concrete,Others,Construction Work / Material,Others,NH7 ROAD,1,5 KM,12.791732,77.730348,2,1,0.0,3.0
Bengaluru Dist,Attibele PS,1.04421e+16,2020,1,1,Road Accidents,Narrow road,Rural Areas,Open area,Human Error,No,Fatal,Hit pedestrian,Uncontrolled,Straight and flat,NH,Bitumen(Tar),Dry,Not Applicable,Clear,BANGALORE-HOSUR MAIN ROAD,NEAR ATTIBELE TOLL,1 KM,12.795802,77.728272,0,0,0.0,0.0
Bengaluru Dist,Attibele PS,1.04421e+16,2020,1,1,Road Accidents,Cross roads,City/Town,Open area,Human Error,No,Grievous Injury,Hit pedestrian,Not at  Junction,Straight and flat,NH,Bitumen(Tar),Dry,No influence on accident,Clear,HOSUR BANGALORE ROAD,INFRONT OF JAYABHARATHI COMPLEX ATTIBELE,200 MT,12.779556,77.770765,0,0,0.0,0.0
Bengaluru Dist,Attibele PS,1.04421e+16,2020,1,2,Road Accidents,Cross roads,City/Town,Open area,Human Error,No,Grievous Injury,Vehicle to Vehicle,Not at  Junction,Straight and flat,Two way,Bitumen(Tar),Dry,No influence on accident,Clear,NEAR SRI ANJANEYA SWAMY TEMPLE,MAYASANDRA TANK,5 KM,12.77233,77.741601,0,0,0.0,0.0
Bengaluru Dist,Attibele PS,1.04421e+16,2020,1,2,Road Accidents,Not Applicable,City/Town,Near Bus stop,Human Error,No,Damage Only,Vehicle to Vehicle,Not at  Junction,Straight and flat,NH,Bitumen(Tar),Dry,No influence on accident,Clear,NH7 BANGALORE HOSUR ROAD,NERALUR GATE,5 KM,12.792256,77.728522,0,0,0.0,0.0
Bengaluru Dist,Attibele PS,1.04421e+16,2020,1,1,Road Accidents,Narrow road,Rural Areas,Residential area,Not Applicable,No,Fatal,Hit pedestrian,Uncontrolled,Straight and flat,State Highway,Bitumen(Tar),Dry,Not Applicable,Clear,ATTIBELE-ANEKAL ROAD,NEAR SHUBHA APARTMENT,4 KM,12.73912,77.734895,0,0,0.0,0.0
Bengaluru Dist,Attibele PS,1.04421e+16,2020,1,2,Road Accidents,Curves,City/Town,Open area,Human Error,No,Damage Only,Vehicle to Vehicle,Not at  Junction,Straight and flat,NH,Bitumen(Tar),Dry,No influence on accident,Clear,NH7 HOSUR BANGALORE ROAD,NEAR ATTIBELE BORDER ARCH,1 KM,12.773884,77.78189,0,0,0.0,0.0
Bengaluru Dist,Attibele PS,1.04421e+16,2020,1,2,Road Accidents,Narrow road,Rural Areas,Open area,Human Error,No,Fatal,Vehicle to Vehicle,Uncontrolled,Straight and flat,NH,Bitumen(Tar),Dry,Not Applicable,Clear,HOSUR-BANGALORE ROAD,NEAR ATTIBELE BORDER ARCH,1 KM,12.796752,77.77898,0,0,0.0,0.0
Bengaluru Dist,Attibele PS,1.04421e+16,2020,1,2,Road Accidents,Narrow road,Rural Areas,Open area,Human Error,Yes,Grievous Injury,Vehicle to Vehicle,Not at  Junction,Straight and flat,Others,Bitumen(Tar),Dry,No influence on accident,Clear,MANCHANAHALLI ATTIBELE ROAD,NEAR BASAVESHWARA LAYOUT,3 KM,12.769514,77.759568,0,0,0.0,0.0
Bengaluru Dist,Attibele PS,1.04421e+16,2020,1,3,Road Accidents,Narrow road,Rural Areas,Open area,Human Error,Yes,Fatal,Vehicle to Vehicle,Controlled,Straight and flat,Two way,Bitumen(Tar),Dry,No influence on accident,Clear,ATTIBELE-TVS ROAD,DASANAPURA GATE,1 KM,12.743962,77.781888,0,0,0.0,0.0
Bengaluru Dist,Attibele PS,1.04421e+16,2020,1,1,Road Accidents,Cross roads,City/Town,Near a religious place,Human Error,No,Grievous Injury,Vehicle to Vehicle,Not at  Junction,Straight and flat,NH,Bitumen(Tar),Dry,No influence on accident,Clear,NH7 BANGALORE HOSUR MAIN ROAD,OPP TO MAHADESHWARA TEMPLE YADAVANAHALLI,3 KM,12.78385,77.7558,0,0,0.0,0.0
Bengaluru Dist,Attibele PS,1.04421e+16,2020,1,1,Road Accidents,Not Applicable,City/Town,Near Bus stop,Not Applicable,No,Fatal,Not Applicable,Not Applicable,Not Applicable,Others,Not Applicable,Not Applicable,Not Applicable,Not Applicable,ATTIBELE SARJAPURA MAIN ROAD NEAR BIDRAGUPPE,NEAR BIDRAGUPPE,3 KM,12.800285,77.782519,0,0,0.0,0.0