DISTRICTNAME,UNITNAME,Crime_No,Year,RI,Noofvehicle_involved,Accident_Classification,Accident_Spot,Accident_Location,Accident_SubLocation,Main_Cause,Hit_Run,Severity,Collision_Type,Junction_Control,Road_Character,Road_Type,Surface_Type,Surface_Condition,Road_Condition,Weather,Accident_Road,Landmark_first,Distance_LandMark_First,Latitude,Longitude,Road_Condition_Score,Surface_Condition_Score,Surface_Type_Score,Road_Risk_Index
Bengaluru Dist,Attibele PS,1.04421e+16,2020,1,2,Road Accidents,Circle,City/Town,Open area,Human Error,Yes,Grievous Injury,Vehicle to Vehicle,Not at  Junction,Straight and flat,NH,Bitumen(Tar),Dry,No influence on accident,Clear,NH7 HOSUR BANGALORE ROAD,NEAR JAIN TEMPLE GUDDAHATTI GATE,4 KM,12.78883,77.7353849,0,0,0.0,0.0
Bengaluru Dist,Attibele PS,1.04421e+16,2020,1,2,Road Accidents,Narrow road,Rural Areas,Open area,Human Error,No,Fatal,Vehicle to Vehicle,Uncontrolled,Steep Incline or Climb,Service Road,Bitumen(Tar),Dry,Not Applicable,Clear,"ATTIBELE-ANEKAL ROAD,",NEAR MAYASANDRA VILLAGE,6 KM,12.750292,77.74761,0,0,0.0,0.0
Bengaluru Dist,Attibele PS,1.04421e+16,2020,1,1,Road Accidents,Junction,Rural Areas,Near Bus stop,Not Applicable,No,Fatal,Not Applicable,Not Applicable,Others,Others,Concrete,Not Applicable,Not Applicable,Heavy Rain,"NH-7,BANGALORE HOSUR SERVICE ROAD NEAR LA CLASSIC HOTEL",NERALUR,4 KM,12.800299,77.760819,0,0,0.0,0.0
Bengaluru Dist,Attibele PS,1.04421e+16,2020,1,3,Road Accidents,Cross roads,City/Town,Open area,Human Error,No,Damage Only,Vehicle to Vehicle,Not at  Junction,Straight and flat,NH,Bitumen(Tar),Dry,No influence on accident,Clear,NEAR NERALUR BUS STOP,NH7 BANGALORE HOSUR ROAD,5 KM,12.791753,77.730328,0,0,0.0,0.0
Bengaluru Dist,Attibele PS,1.04421e+16,2020,1,2,Road Accidents,Curves,City/Town,Open area,Human Error,No,Simple Injury,Vehicle to Vehicle,Not at  Junction,Straight and flat,NH,Bitumen(Tar),Dry,No influence on accident,Clear,NH7 BANGALORE HOSUR SERVICE ROAD,NEAR GUDDAHATTI GATE,4 KM,12.787864,77.73756,0,0,0.0,0.0
Bengaluru Dist,Attibele PS,1.04421e+16,2020,1,1,Road Accidents,Not Applicable,Rural Areas,Near Bus stop,Not Applicable,No,Fatal,Not Applicable,Not Applicable,Not Applicable,Service Road,Concrete,Not Applicable,Not Applicable,Not Applicable,"NH-7,BANGALORE HOSUR SERVICE ROAD NEAR LA CLASSIC HOTEL",NEAR CHIKKANAHALLI CROSS,0.5 KM,12.777965,77.7750709,0,0,0.0,0.0
Bengaluru Dist,Attibele PS,1.04421e+16,2020,1,1,Road Accidents,Cross roads,Rural Areas,Near Bus stop,Not Applicable,No,Grievous Injury,Not Applicable,No signal lights,Others,Service Road,Concrete,Others,Not Applicable,Not Applicable,NH7 ROAD,1,5 KM,12.788673,77.735317,0,1,0.0,1.0
Bengaluru Dist,Attibele PS,1.04421e+16,2020,1,2,Road Accidents,Narrow road,City/Town,Open area,Human Error,No,Damage Only,Vehicle to Vehicle,Not at  Junction,Straight and flat,NH,Bitumen(Tar),Dry,No influence on accident,Clear,NH7 HOSUR BANGALORE ROAD,NEAR GUESTLINE CIRCLE,3 KM,12.786452,77.743744,0,0,0.0,0.0
Bengaluru Dist,Attibele PS,1.04421e+16,2020,1,1,Road Accidents,Circle,City/Town,Open area,Human Error,No,Grievous Injury,Vehicle to Vehicle,Not at  Junction,Straight and flat,NH,Bitumen(Tar),Others,No influence on accident,Others,NH7 BANGALORE HOSUR RD INFRONT OF RTO CHECKPOST,NEARR NARMADA BAR,1 KM,12.780893,77.764897,0,1,0.0,1.0
Bengaluru Dist,Attibele PS,1.04421e+16,2020,1,1,Road Accidents,Narrow road,City/Town,Open area,Human Error,No,Damage Only,Not Applicable,Not at  Junction,Straight and flat,NH,Bitumen(Tar),Dry,No influence on accident,Clear,NH7 BANGALORE HOSUR RD ATTIBELE FLY OVER,NEAR KODIHALLI PAPANNA HOUSE,1/2 KM,12.779649,77.767895,0,0,0.0,0.0
Bengaluru Dist,Attibele PS,1.04421e+16,2020,1,1,Road Accidents,Junction,City/Town,Near Bus stop,Not Applicable,Yes,Fatal,Not Applicable,Not Applicable,Not Applicable,Others,Not Applicable,Flooded,Not Applicable,Others,ATTIBELE ANEKAL ROAD,1,4 KM,12.757741,77.762483,0,5,0.0,5.0
Bengaluru Dist,Attibele PS,1.04421e+16,2020,1,2,Road Accidents,Not Applicable,City/Town,Open area,Human Error,No,Simple Injury,Vehicle to Vehicle,Not at  Junction,Others,NH,Bitumen(Tar),Others,No influence on accident,Clear,NH7 BANGALORE HOSUR ROAD,NEAR ATTIBELE BORDER,1 KM,12.775039,77.779715,0,1,0.0,1.0
Bengaluru Dist,Attibele PS,1.04421e+16,2020,1,2,Road Accidents,Cross roads,Rural Areas,Near School or College,Human Error,Yes,Grievous Injury,Vehicle to Vehicle,Not at  Junction,Straight and flat,Others,Bitumen(Tar),Dry,No influence on accident,Clear,SARJAPURA ATTIBELE ROAD,NEAR HARVEST SCHOOL,2 KM,12.792763,77.77804,0,0,0.0,0.0
Bengaluru Dist,Attibele PS,1.04421e+16,2020,1,1,Road Accidents,Circle,Rural Areas,Near a factory industrial area,Human Error,No,Fatal,Not Applicable,Uncontrolled,Others,NH,Bitumen(Tar),Dry,Not Applicable,Clear,BANGALORE-HOSUR MAIN ROAD,NEAR GUEST LINE CIRCLE,3 KM,12.798211,77.7513369,0,0,0.0,0.0
Bengaluru Dist,Attibele PS,1.04421e+16,2020,1,1,Road Accidents,Junction,Rural Areas,Near Petrol Pump,Road Environment Defect,No,Grievous Injury,Not Applicable,Not Applicable,Others,Others,Concrete,Muddy,Not Applicable,Not Applicable,ATTIBELE SARJAPURA ROAD,3 KM TOWARDS WEST,3 KM,12.799544,77.78178,0,4,0.0,4.0
Bengaluru Dist,Attibele PS,1.04421e+16,2020,1,1,Road Accidents,Narrow road,Rural Areas,Near a factory industrial area,Human Error,No,Fatal,Hit pedestrian,Uncontrolled,Straight and flat,NH,Bitumen(Tar),Dry,Not Applicable,Clear,"NH-7,BANGALORE-HOSUR SERVICE ROAD",OPP AVS CONCRITE FACTORY,4 KM,12.788781,77.735081,0,0,0.0,0.0
Bengaluru Dist,Attibele PS,1.04421e+16,2020,1,2,Road Accidents,Narrow road,City/Town,Open area,Human Error,No,Grievous Injury,Vehicle to Vehicle,Not at  Junction,Straight and flat,NH,Bitumen(Tar),Dry,No influence on accident,Clear,NH7 BANGALORE HOSUR RD,NEAR YADAVANAHALLI BUS STOP,3 KM,12.785694,77.750653,0,0,0.0,0.0
Bengaluru Dist,Attibele PS,1.04421e+16,2020,1,2,Road Accidents,Cross roads,Rural Areas,Near office complex,Human Error,No,Damage Only,Vehicle to Vehicle,Not at  Junction,Straight and flat,NH,Bitumen(Tar),Dry,No influence on accident,Clear,NH7 HOSUR BANGALORE ROAD,NEAR COMMERCIAL CHECKPOST,1 KM,12.780601,77.764457,0,0,0.0,0.0
Bengaluru Dist,Attibele PS,1.04421e+16,2020,1,1,Road Accidents,Junction,City/Town,Near Bus stop,Not Applicable,No,Fatal,Not Applicable,Not Applicable,Not Applicable,NH,Concrete,Not Applicable,Not Applicable,Not Applicable,"NH-7,BANGALORE HOSUR SERVICE ROAD NEAR LA CLASSIC HOTEL",NEAR TOLL PLAZA,1 KM,12.776982,77.77619,0,0,0.0,0.0
Bengaluru Dist,Attibele PS,1.04421e+16,2020,1,1,Road Accidents,Narrow road,Rural Areas,Near Bus stop,Human Error,No,Fatal,Hit pedestrian,Uncontrolled,Straight and flat,NH,Bitumen(Tar),Dry,Not Applicable,Clear,"NH-7,BANGALORE HOSUR MAIN ROAD NEAR LA CLASSIC HOTEL",NEAR YADAVANAHALLI BUS STOP,3 KM,12.78557,77.750889,0,0,0.0,0.0
Bengaluru Dist,Attibele PS,1.04421e+16,2020,1,1,Road Accidents,Narrow road,Rural Areas,Near Petrol Pump,Human Error,No,Fatal,Hit pedestrian,Uncontrolled,Straight and flat,NH,Bitumen(Tar),Dry,Not Applicable,Clear,"NH-7, HOSUR-BANGALORE MAIN ROAD",NEAR GUEST LINE,4 KM,12.786364,77.745311,0,0,0.0,0.0
Bengaluru Dist,Attibele PS,1.04421e+16,2020,1,2,Road Accidents,Narrow road,City/Town,Open area,Human Error,No,Grievous Injury,Vehicle to Vehicle,Not at  Junction,Straight and flat,Two way,Bitumen(Tar),Dry,No influence on accident,Clear,ATTIBELE SARJAPURA ROAD,INFRONT OF SRIRAM SMRITHI APARTMENT BIDARAGUPPE,4 KM,12.811869,77.78333,0,0,0.0,0.0
Bengaluru Dist,Attibele PS,1.04421e+16,2020,1,2,Road Accidents,Narrow road,Rural Areas,Open area,Human Error,No,Grievous Injury,Vehicle to Vehicle,Not at  Junction,Curve,Others,Bitumen(Tar),Dry,No influence on accident,Clear,ATTIBELE TVS ROAD BALLURU,NEAR BIDDA REDDY LAND,4 KM,12.757234,77.774651,0,0,0.0,0.0
Bengaluru Dist,Attibele PS,1.04421e+16,2020,1,2,Road Accidents,Cross roads,Rural Areas,Open area,Human Error,No,Grievous Injury,Vehicle to Vehicle,Not at  Junction,Others,Others,Bitumen(Tar),Dry,No influence on accident,Fine,NEAR NAGAPPA NURSERY,ATTIBELE TVS ROAD,4 KM,12.749664,77.779368,0,0,0.0,0.0
Bengaluru Dist,Attibele PS,1.04421e+16,2020,1,2,Road Accidents,Cross roads,City/Town,Open area,Human Error,Yes,Grievous Injury,Vehicle to Vehicle,Not at  Junction,Straight and flat,NH,Bitumen(Tar),Dry,No influence on accident,Clear,NH7 HOSUR BBANGALORE ROAD,NEAR BALAGARANAHALLI U TURN,4 KM,12.788524,77.73554,0,0,0.0,0.0
Bengaluru Dist,Attibele PS,1.04421e+16,2020,1,1,Not Applicable,Not Applicable,City/Town,Near a factory industrial area,Not Applicable,No,Simple Injury,Not Applicable,Give way sign,Others,Service Road,Concrete,Not Applicable,Not Applicable,Fine,NH7 ROAD,1,2KM,12.78309,77.7596849,0,0,0.0,0.0
Bengaluru Dist,Attibele PS,1.04421e+16,2020,1,1,Road Accidents,Narrow road,Rural Areas,Open area,Human Error,No,Fatal,Hit pedestrian,Uncontrolled,Straight and flat,NH,Bitumen(Tar),Dry,Not Applicable,Clear,"NH-7,BANGALORE HOSUR MAIN ROAD NEAR LA CLASSIC HOTEL",NEAR CHIKKANAHALLI CROSS,1 KM,12.77795,77.775162,0,0,0.0,0.0
Bengaluru Dist,Attibele PS,1.04421e+16,2020,1,1,Road Accidents,Curves,City/Town,Open area,Human Error,No,Damage Only,Not Applicable,Not at  Junction,Straight and flat,NH,Bitumen(Tar),Dry,No influence on accident,Fine,NH7 BANGALORE HOSUR ROAD,NEAR RTO CHECKPOST,1.5,12.812964,77.784718,0,0,0.0,0.0
Bengaluru Dist,Attibele PS,1.04421e+16,2020,1,1,Road Accidents,Circle,City/Town,Open area,Human Error,No,Damage Only,Not Applicable,Not at  Junction,Straight and flat,NH,Bitumen(Tar),Dry,No influence on accident,Clear,NH7 BENGALURU HOSUR ROAD,INFRONT OF BHARATH BENZ COMPANY,1 KM,12.780109,77.766452,0,0,0.0,0.0
Bengaluru Dist,Attibele PS,1.04421e+16,2020,1,1,Road Accidents,Cross roads,Rural Areas,At pedestrian Crossing,Human Error,Yes,Simple Injury,Hit pedestrian,Not at  Junction,Straight and flat,Others,Bitumen(Tar),Dry,No influence on accident,Clear,BEHIND PAPAREDDY HOUSE,3RD PHASE SURYACITY JIGALA,4 KM,12.794115,77.762455,0,0,0.0,0.0
Bengaluru Dist,Attibele PS,1.04421e+16,2020,1,2,Road Accidents,Cross roads,City/Town,Open area,Human Error,No,Damage Only,Vehicle to Vehicle,Not at  Junction,Straight and flat,Two way,Bitumen(Tar),Dry,No influence on accident,Clear,SARJAPURA ROAD,NEAR INDLABELE GATE,2 KM,12.791292,77.7765159,0,0,0.0,0.0
Bengaluru Dist,Attibele PS,1.04421e+16,2020,1,1,Road Accidents,Narrow road,City/Town,At pedestrian Crossing,Human Error,No,Grievous Injury,Hit pedestrian,Not at  Junction,Straight and flat,Two way,Bitumen(Tar),Dry,No influence on accident,Clear,ATTIBELE SARJAPURA ROAD,NEAR BIDARAGUPPE GATE,3 KM,12.80577,77.783549,0,0,0.0,0.0
Bengaluru Dist,Attibele PS,1.04421e+16,2020,1,2,Road Accidents,Narrow road,Rural Areas,Near Bus stop,Human Error,Yes,Fatal,Hit pedestrian,Uncontrolled,Straight and flat,NH,Bitumen(Tar),Dry,Not Applicable,Clear,"NH-7,HOSUR-BANGALORE ROAD",NEAR NERALOORE BUS STAND,5 KM,12.786801,77.740733,0,0,0.0,0.0
Bengaluru Dist,Attibele PS,1.04421e+16,2020,1,3,Road Accidents,Narrow road,Rural Areas,Open area,Human Error,No,Fatal,Not Applicable,Uncontrolled,Straight and flat,NH,Bitumen(Tar),Dry,Not Applicable,Clear,"NH-7,HOSUR-BANGALORE ROAD",OPP TO ATTIBELE CHECK POST,1 KM,12.781283,77.7639169,0,0,0.0,0.0
Bengaluru Dist,Attibele PS,1.04421e+16,2020,1,2,Road Accidents,Cross roads,City/Town,Open area,Human Error,No,Grievous Injury,Vehicle to Vehicle,Not at  Junction,Others,NH,Bitumen(Tar),Dry,No influence on accident,Fog / Mist,NH7 BANGALORE HOSUR MAIN ROAD,NEAR NERALUR GATE,5 KM,12.792505,77.726817,0,0,0.0,0.0
Bengaluru Dist,Attibele PS,1.04421e+16,2020,1,1,Road Accidents,Narrow road,Rural Areas,Near Hospital,Human Error,No,Fatal,Not Applicable,Uncontrolled,Not Applicable,NH,Bitumen(Tar),Dry,Not Applicable,Clear,"NH-7,BANGALORE HOSUR SERVICE ROAD NEAR LA CLASSIC HOTEL",NAER LA CLASSIC HOTEL,2 KM,12.783634,77.757244,0,0,0.0,0.0
Bengaluru Dist,Attibele PS,1.04421e+16,2020,1,1,Road Accidents,Cross roads,City/Town,Open area,Human Error,Yes,Grievous Injury,Hit pedestrian,Not at  Junction,Straight and flat,NH,Bitumen(Tar),Others,No influence on accident,Others,NH7 HOSUR BANGALORE MAIN ROAD,NEAR GUDDAHATTI GATE,4 KM,12.788076,77.737316,0,1,0.0,1.0
Bengaluru Dist,Attibele PS,1.04421e+16,2020,1,1,Road Accidents,Cross roads,City/Town,Near Bus stop,Not Applicable,No,Fatal,Not Applicable,Not Applicable,Not Applicable,NH,Concrete,Muddy,Not Applicable,Not Applicable,"NH-7,BANGALORE HOSUR SERVICE ROAD NEAR LA CLASSIC HOTEL",NEAR KALYANA MANTAPA SHIDLABASAPPA,1/2 KM,12.778683,77.772571,0,4,0.0,4.0
Bengaluru Dist,Attibele PS,1.04421e+16,2020,1,1,Road Accidents,Junction,City/Town,Near Bus stop,Not Applicable,No,Damage Only,Not Applicable,Not Applicable,Not Applicable,NH,Concrete,Not Applicable,Not Applicable,Not Applicable,NH7 ROAD,1,100 MT,12.779154,77.77034,0,0,0.0,0.0
Bengaluru Dist,Attibele PS,1.04421e+16,2020,1,1,Road Accidents,Narrow road,Rural Areas,Near Bus stop,Human Error,No,Fatal,Hit pedestrian,Uncontrolled,Steep Incline or Climb,NH,Bitumen(Tar),Dry,Not Applicable,Clear,"NH-7,BANGALORE HOSUR MAIN ROAD NEAR LA CLASSIC HOTEL",NEAR NERALOORE BUS STAND,5 KM,12.79173,77.7304,0,0,0.0,0.0
Bengaluru Dist,Attibele PS,1.04421e+16,2020,1,2,Road Accidents,Junction,City/Town,Open area,Human Error,No,Damage Only,Vehicle to Vehicle,Not at  Junction,Straight and flat,Two way,Bitumen(Tar),Dry,No influence on accident,Clear,ATTIBELE SARJAPURA ROAD,NEAR INDLABELE BUS STAND,1 KM,12.785678,77.751085,0,0,0.0,0.0
Bengaluru Dist,Attibele PS,1.04421e+16,2020,1,1,Road Accidents,Narrow road,Rural Areas,Near or inside a village,Human Error,No,Fatal,Hit pedestrian,Controlled,Not Applicable,Service Road,Kutcha,Dry,No influence on accident,Clear,"NH 7, BENGALORE HOSUR SERVICE ROAD",ATTIBELE CIRCLE,0.5 KM,12.780739,77.76509,0,0,4.0,4.0
Bengaluru Dist,Attibele PS,1.04421e+16,2020,1,3,Road Accidents,Narrow road,City/Town,Open area,Human Error,No,Damage Only,Vehicle to Vehicle,Not at  Junction,Straight and flat,NH,Bitumen(Tar),Dry,No influence on accident,Clear,NH7 BANGALORE HOSUR ROAD,NEAR ATTIBELE TOLL,500 MT,12.776842,77.776982,0,0,0.0,0.0
Bengaluru Dist,Attibele PS,1.04421e+16,2020,1,1,Road Accidents,Railway crossing,Rural Areas,Open area,Human Error,Yes,Grievous Injury,Not Applicable,Not at  Junction,Steep Incline or Climb,Others,Bitumen(Tar),Dry,Pot holed,Clear,SAMANDUR ANEKAL ROAD,NEAR SAMANDUR RAILWAY GATE,12 KM,12.712161,77.75151,5,0,0.0,5.0
Bengaluru Dist,Attibele PS,1.04421e+16,2020,1,1,Road Accidents,Cross roads,City/Town,Open area,Human Error,No,Simple Injury,Hit pedestrian,Not at  Junction,Straight and flat,NH,Bitumen(Tar),Dry,No influence on accident,Clear,NH7 HOSUR BANGALORE MAIN ROAD,NEAR ATTIBELE CHECKPOST,0.5,12.781062,77.764023,0,0,0.0,0.0
Bengaluru Dist,Attibele PS,1.04421e+16,2020,1,1,Road Accidents,Circle,City/Town,Near Hospital,Not Applicable,No,Grievous Injury,Not Applicable,Not Applicable,Not Applicable,Others,Concrete,Not Applicable,Not Applicable,Not Applicable,NH7 ROAD,1,1 KM,12.776876,77.77661,0,0,0.0,0.0
Bengaluru Dist,Attibele PS,1.04421e+16,2020,1,2,Road Accidents,Narrow road,City/Town,Open area,Human Error,No,Grievous Injury,Vehicle to Vehicle,Not at  Junction,Straight and flat,NH,Bitumen(Tar),Others,No influence on accident,Clear,NH7 HOSUR BANGALORE ROAD,NEAR ATTIBELE TOLL GATE,1 KM,12.774564,77.780526,0,1,0.0,1.0
Bengaluru Dist,Attibele PS,1.04421e+16,2020,1,1,Road Accidents,Junction,Rural Areas,Near Bus stop,Not Applicable,No,Fatal,Not Applicable,Not Applicable,Not Applicable,Others,Concrete,Not Applicable,Not Applicable,Not Applicable,"NH-7,BANGALORE HOSUR SERVICE ROAD NEAR LA CLASSIC HOTEL",NEAR YADAVANAHALLI VILLAGE,2 KM,12.784756,77.752338,0,0,0.0,0.0
Bengaluru Dist,Attibele PS,1.04421e+16,2020,1,2,Road Accidents,Cross roads,City/Town,Open area,Human Error,No,Damage Only,Vehicle to Vehicle,Not at  Junction,Straight and flat,NH,Bitumen(Tar),Dry,No influence on accident,Clear,NH7 BANGALORE HOSUR ROAD,NEAR CHIKKANAHALLI CROSS ATTIBELE,0.5,12.786276,77.758969,0,0,0.0,0.0
Bengaluru Dist,Attibele PS,1.04421e+16,2020,1,2,Road Accidents,Curves,City/Town,Open area,Human Error,No,Damage Only,Vehicle to Vehicle,Not at  Junction,Straight and flat,NH,Bitumen(Tar),Dry,No influence on accident,Clear,NH7 BANGALORE HOSUR ROAD,NEAR RTO CHECKPOST,800 MT,12.781287,77.763879,0,0,0.0,0.0
Bengaluru Dist,Attibele PS,1.04421e+16,2020,1,2,Road Accidents,Cross roads,Rural Areas,Near Petrol Pump,Human Error,No,Grievous Injury,Vehicle to Vehicle,Not at  Junction,Others,Two way,Bitumen(Tar),Dry,No influence on accident,Cloudy,SARJAPURA ATTIBELE RD INFRONT OF INDIAN PETROL BUNK BIDARAGUPPE,SARJAPURA ATTIBELE RD INFRONT OF INDIAN PETROL BUNK,4KM,12.801947,77.7830139,0,0,0.0,0.0
Bengaluru Dist,Attibele PS,1.04421e+16,2020,1,2,Road Accidents,Cross roads,City/Town,Near Petrol Pump,Vehicle Defect,No,Damage Only,Vehicle to Vehicle,Not at  Junction,Curve,Two way,Bitumen(Tar),Dry,No influence on accident,Clear,ATTIBELE TVS ROAD,ATTIBELE ANEKAL ROAD,2KM,12.808399,77.7841059,0,0,0.0,0.0
Bengaluru Dist,Attibele PS,1.04421e+16,2020,1,1,Road Accidents,Cross roads,City/Town,Open area,Human Error,No,Grievous Injury,Hit pedestrian,Not at  Junction,Straight and flat,NH,Bitumen(Tar),Dry,No influence on accident,Clear,BANGALORE HOSUR NH7 ROAD,NEAR GUDDAHATTI GATE,4 KM,12.753141,77.731085,0,0,0.0,0.0
Bengaluru Dist,Attibele PS,1.04421e+16,2020,1,2,Road Accidents,Circle,City/Town,Open area,Vehicle Defect,No,Damage Only,Vehicle to Vehicle,Not at  Junction,Curve,NH,Bitumen(Tar),Dry,No influence on accident,Clear,NH7 BENGALORE HOSUR ROAD,NH7 BENGALORE HOSUR ROAD,3 KM,12.766651,77.753576,0,0,0.0,0.0
Bengaluru Dist,Attibele PS,1.04421e+16,2020,1,2,Road Accidents,Narrow road,City/Town,Open area,Human Error,No,Grievous Injury,Vehicle to Vehicle,Not at  Junction,Straight and flat,NH,Bitumen(Tar),Others,No influence on accident,Clear,NH7 HOSUR BANGALORE ROAD,NEAR BALAGARANAHALLI GATE,4 KM,12.754182,77.787284,0,1,0.0,1.0
Bengaluru Dist,Attibele PS,1.04421e+16,2020,1,2,Road Accidents,Curves,City/Town,Near a religious place,Human Error,No,Grievous Injury,Vehicle to Vehicle,Not at  Junction,Straight and flat,NH,Bitumen(Tar),Dry,No influence on accident,Clear,NH7 BANGALORE HOSUR ROAD,INFRONT OF JAIN TEMPLE GUDDAHATTI GATE,4 KM,12.789102,77.7347149,0,0,0.0,0.0
Bengaluru Dist,Attibele PS,1.04421e+16,2020,1,1,Road Accidents,Narrow road,City/Town,Open area,Human Error,No,Damage Only,Not Applicable,Not at  Junction,Straight and flat,NH,Bitumen(Tar),Dry,No influence on accident,Clear,NH7 BANGALORE HOSUR ROAD,NEAR ATTIBELE TOLL,500MTR,12.777579,77.775895,0,0,0.0,0.0
Bengaluru Dist,Attibele PS,1.04421e+16,2020,1,1,Road Accidents,Circle,City/Town,At pedestrian Crossing,Human Error,No,Grievous Injury,Hit pedestrian,Not at  Junction,Straight and flat,NH,Bitumen(Tar),Dry,No influence on accident,Clear,NEAR ATTIBELE CIRCLE,ANEKAL TALUK,100 MT,12.779161,77.77036,0,0,0.0,0.0
Bengaluru Dist,Attibele PS,1.04421e+16,2020,1,2,Rail Road Accidents,Not Applicable,City/Town,Open area,Not Applicable,Not Applicable,Grievous Injury,Not Applicable,Not at  Junction,Others,NH,Concrete,Others,Not Applicable,Others,NH-7 BANGALORE HOSURU ROAD,RTO CHECK POST ATTIBELE,1 KM,12.780453,77.76536,0,1,0.0,1.0
Bengaluru Dist,Attibele PS,1.04421e+16,2020,1,4,Road Accidents,Circle,City/Town,Near Bus stop,Not Applicable,No,Damage Only,Not Applicable,Not Applicable,Others,NH,Concrete,Others,Not Applicable,Light Rain,ATTIBELE CHECKPOST,Near toll,0.5 KM,12.777381,77.776607,0,1,0.0,1.0
Bengaluru Dist,Attibele PS,1.04421e+16,2020,1,2,Road Accidents,Curves,City/Town,Open area,Human Error,Yes,Grievous Injury,Vehicle to Vehicle,Not at  Junction,Straight and flat,NH,Bitumen(Tar),Dry,No influence on accident,Clear,NH7 HOSUR BANGALORE ROAD,NEAR BALAGARANAHALLI GATE,5 KM,12.786776,77.744519,0,0,0.0,0.0
Bengaluru Dist,Attibele PS,1.04421e+16,2020,1,2,Road Accidents,Narrow road,Rural Areas,Open area,Human Error,No,Fatal,Vehicle to Vehicle,Controlled,Others,State Highway,Kutcha,Dry,No influence on accident,Clear,ATTIBELE SARJAPURA ROAD,ATTIBELE,0.5 KM,12.776738,77.777566,0,0,4.0,4.0
Bengaluru Dist,Attibele PS,1.04421e+16,2020,1,1,Road Accidents,Cross roads,City/Town,Open area,Human Error,No,Simple Injury,Hit pedestrian,Not at  Junction,Straight and flat,NH,Bitumen(Tar),Dry,No influence on accident,Clear,NH7 BANGALORE HOSUR ROAD,NEAR SKY WALK GUDDAHATTI GATE,4 KM,12.787905,77.737495,0,0,0.0,0.0
Bengaluru Dist,Attibele PS,1.04421e+16,2020,1,1,Road Accidents,Narrow road,Rural Areas,Open area,Human Error,No,Grievous Injury,Vehicle to Vehicle,Not at  Junction,Curve,Others,Bitumen(Tar),Dry,Drainage Ditch,Clear,JIGALA ATTIBELE ROAD,JIGALA ATTIBELE ROAD,2,12.79666,77.7633559,4,0,0.0,4.0
Bengaluru Dist,Attibele PS,1.04421e+16,2020,1,2,Road Accidents,Cross roads,City/Town,Open area,Human Error,No,Grievous Injury,Vehicle to Vehicle,Not at  Junction,Straight and flat,NH,Bitumen(Tar),Dry,No influence on accident,Clear,NH7 BANGALORE HOSUR ROAD,NEAR GUDDAHATTI GATE,5 KM,12.789698,77.733667,0,0,0.0,0.0
Bengaluru Dist,Attibele PS,1.04421e+16,2020,1,2,Road Accidents,Narrow road,Rural Areas,Open area,Human Error,No,Grievous Injury,Vehicle to Vehicle,Not at  Junction,Straight and flat,Two way,Bitumen(Tar),Dry,No influence on accident,Clear,ATTIBELE JIGALA ROAD,NEAR MUNESHWARA TEMPLE,2 KM,12.79509,77.764716,0,0,0.0,0.0
Bengaluru Dist,Attibele PS,1.04421e+16,2020,1,2,Road Accidents,Cross roads,City/Town,Open area,Human Error,No,Simple Injury,Vehicle to Vehicle,Not at  Junction,Straight and flat,NH,Bitumen(Tar),Dry,No influence on accident,Clear,NH7 HOSUR BANGALORE ROAD,NEAR GUESTLINE CIRCLE,3 KM,12.786714,77.741858,0,0,0.0,0.0
Bengaluru Dist,Attibele PS,1.04421e+16,2020,1,1,Road Accidents,Not Applicable,Rural Areas,Near Bus stop,Not Applicable,No,Damage Only,Not Applicable,Not Applicable,Not Applicable,NH,Concrete,Not Applicable,Not Applicable,Others,ATTIBELE CHECKPOST,1,1KM,12.776416,77.777644,0,0,0.0,0.0
Bengaluru Dist,Attibele PS,1.04421e+16,2020,1,2,Road Accidents,Narrow road,Rural Areas,Near Bus stop,Human Error,Yes,Fatal,Not Applicable,Uncontrolled,Straight and flat,State Highway,Bitumen(Tar),Dry,Not Applicable,Clear,SARJAPURA-ATTIBELE ROAD,NEAR INDLABELE BUS STOP,2 KM,12.779619,77.770546,0,0,0.0,0.0
Bengaluru Dist,Attibele PS,1.04421e+16,2020,1,2,Road Accidents,Narrow road,Rural Areas,Near Bus stop,Human Error,No,Fatal,Vehicle to Vehicle,Uncontrolled,Straight and flat,State Highway,Bitumen(Tar),Dry,Not Applicable,Clear,SARJAPURA-ATTIBELE ROAD,INFRONT OF KARTHIK HOTEL,3 KM,12.805858,77.783596,0,0,0.0,0.0
Bengaluru Dist,Attibele PS,1.04421e+16,2020,1,1,Road Accidents,Cross roads,Rural Areas,Open area,Vehicle Defect,Yes,Fatal,Vehicle to Vehicle,Controlled,Hump,Others,Concrete,Dry,Construction Work / Material,Fine,indlabele road,1,1 KM,12.787919,77.774772,2,0,0.0,2.0
Bengaluru Dist,Attibele PS,1.04421e+16,2020,1,2,Road Accidents,Narrow road,City/Town,Open area,Human Error,No,Grievous Injury,Vehicle to Vehicle,Not at  Junction,Straight and flat,Service Road,Bitumen(Tar),Dry,No influence on accident,Clear,NH7 HOSUR BANGALORE SERVICE ROAD,INFRONT OF CHANDANA BAR,0.5,12.778378,77.770079,0,0,0.0,0.0
Bengaluru Dist,Attibele PS,1.04421e+16,2020,1,1,Road Accidents,Junction,Rural Areas,Open area,Vehicle Defect,No,Fatal,Vehicle to Vehicle,Controlled,Curve,Service Road,Concrete,Dry,Construction Work / Material,Fine,mayasandra,1,5 km,12.752034,77.746566,2,0,0.0,2.0
Bengaluru Dist,Attibele PS,1.04421e+16,2020,1,2,Road Accidents,Not Applicable,City/Town,Open area,Human Error,No,Grievous Injury,Vehicle to Vehicle,Not at  Junction,Straight and flat,NH,Bitumen(Tar),Others,Not Applicable,Fine,NH7 BANGALORE HOSUR MAIN ROAD,INFRON OF MUARLI BAR NERALUR GATE,5 KM,12.792306,77.728575,0,1,0.0,1.0
Bengaluru Dist,Attibele PS,1.04421e+16,2020,1,2,Road Accidents,Cross roads,City/Town,Open area,Human Error,No,Grievous Injury,Vehicle to Vehicle,Not at  Junction,Straight and flat,NH,Bitumen(Tar),Dry,No influence on accident,Others,NH7 HOSUR BANGALORE ROAD,NEAR ATTIBELE BORDER ARCH,1 KM,12.774509,77.78056,0,0,0.0,0.0
Bengaluru Dist,Attibele PS,1.04421e+16,2020,1,2,Road Accidents,Cross roads,City/Town,Open area,Human Error,No,Damage Only,Vehicle to Vehicle,Not at  Junction,Straight and flat,NH,Bitumen(Tar),Dry,No influence on accident,Clear,NH7 BANGALORE HOSUR ROAD,NEAR RTO CHECKPOST ATTIBELE,1 KM,12.781414,77.763591,0,0,0.0,0.0