DISTRICTNAME,UNITNAME,Crime_No,Year,RI,Noofvehicle_involved,Accident_Classification,Accident_Spot,Accident_Location,Accident_SubLocation,Main_Cause,Hit_Run,Severity,Collision_Type,Junction_Control,Road_Character,Road_Type,Surface_Type,Surface_Condition,Road_Condition,Weather,Accident_Road,Landmark_first,Distance_LandMark_First,Latitude,Longitude,Road_Condition_Score,Surface_Condition_Score,Surface_Type_Score,Road_Risk_Index
Bengaluru Dist,Attibele PS,1.04421e+16,2020,1,1,Road Accidents,Curves,City/Town,Open area,Human Error,No,Grievous Injury,Hit pedestrian,Not at  Junction,Straight and flat,Service Road,Bitumen(Tar),Not Applicable,No influence on accident,Clear,NH7 BANGALORE HOSUR SERVICE ROAD,NEAR NEALUR BUS STAND,4,12.792093,77.728506,0,0,0.0,0.0
Bengaluru Dist,Attibele PS,1.04421e+16,2020,1,2,Road Accidents,Curves,City/Town,Open area,Human Error,No,Simple Injury,Vehicle to Vehicle,Not at  Junction,Straight and flat,NH,Bitumen(Tar),Dry,No influence on accident,Clear,NH7 HOSUR BANGALORE ROAD,NEAR YADAVANAHALLI GATE,4,12.785609,77.751119,0,0,0.0,0.0
Bengaluru Dist,Attibele PS,1.04421e+16,2020,1,1,Road Accidents,Cross roads,Rural Areas,Open area,Human Error,No,Damage Only,Not Applicable,Not at  Junction,Straight and flat,Others,Bitumen(Tar),Dry,No influence on accident,Clear,ATTIBELE TVS ROAD NEAR MUKUNDA BAKERY,BALLUR VILLAGE,5 KM,12.757489,77.774284,0,0,0.0,0.0
Bengaluru Dist,Attibele PS,1.04421e+16,2021,1,2,Road Accidents,Not Applicable,Rural Areas,Open area,Human Error,Yes,Grievous Injury,Vehicle to Vehicle,Not at  Junction,Straight and flat,NH,Bitumen(Tar),Others,No influence on accident,Others,MAYASANDRA SHETTIHALLI ROAD,NEAR SHETTIHALLI,5 KM,12.778644,77.772649,0,1,0.0,1.0
Bengaluru Dist,Attibele PS,1.04421e+16,2021,1,2,Road Accidents,Not Applicable,Rural Areas,Open area,Vehicle Defect,No,Damage Only,Vehicle to Vehicle,Not Applicable,Others,Others,Not Applicable,Others,Not Applicable,Others,NH-7,KODIHALLI PAPANNA BUILDING,0.5 KM,12.779429,77.768936,0,1,0.0,1.0
Bengaluru Dist,Attibele PS,1.04421e+16,2021,1,1,Road Accidents,Circle,City/Town,Near Bus stop,Vehicle Defect,No,Fatal,Vehicle to Vehicle,Uncontrolled,Curve,NH,Concrete,Others,Not Applicable,Fine,YADUVANAHALLY HOSUR BENGALURU ROAD,1,2 KM,12.783644,77.75614,0,1,0.0,1.0
Bengaluru Dist,Attibele PS,1.04421e+16,2021,1,1,Road Accidents,Not Applicable,City/Town,Near Bus stop,Human Error,No,Grievous Injury,Vehicle to Vehicle,Not at  Junction,Straight and flat,NH,Bitumen(Tar),Others,No influence on accident,Clear,NH7 BANGALORE HOSUR SERVICE ROAD,NEAR GUDDAHATTI GATE,5 KM,12.787963,77.736982,0,1,0.0,1.0
Bengaluru Dist,Attibele PS,1.04421e+16,2021,1,2,Road Accidents,Narrow road,Rural Areas,Open area,Human Error,No,Grievous Injury,Vehicle to Vehicle,Not at  Junction,Straight and flat,Others,Bitumen(Tar),Others,No influence on accident,Cloudy,ATTIBELE TVS ROAD,NEAR KRISHNA MILK DAIRY,4 KM,12.748778,77.7798739,0,1,0.0,1.0
Bengaluru Dist,Attibele PS,1.04421e+16,2021,1,1,Not Applicable,Curves,City/Town,Near a religious place,Not Applicable,No,Grievous Injury,Hit bicyclist,Not Applicable,Curve and Incline,Not Applicable,Concrete,Not Applicable,Engineering Defect of Road,Light Rain,ATTIBELE CIRCLE,1,1,12.779503,77.768548,4,0,0.0,4.0
Bengaluru Dist,Attibele PS,1.04421e+16,2021,1,2,Road Accidents,Narrow road,City/Town,Near or inside a village,Human Error,No,Fatal,Vehicle to Vehicle,Controlled,Straight and flat,NH,Bitumen(Tar),Dry,No influence on accident,Fine,NH7 Hosur Bangaluru road,Near Attibele check post,1 kms,12.780763,77.764334,0,0,0.0,0.0
Bengaluru Dist,Attibele PS,1.04421e+16,2021,1,1,Road Accidents,Cross roads,Rural Areas,Open area,Vehicle Defect,Yes,Fatal,Vehicle to Vehicle,Controlled,Curve,Others,Concrete,Dry,No influence on accident,Fine,GUEST LINE NEAR,YADUVANAHALLY UNDERPASS,1 KM,12.77719,77.775895,0,0,0.0,0.0
Bengaluru Dist,Attibele PS,1.04421e+16,2021,1,2,Road Accidents,Cross roads,Rural Areas,Open area,Human Error,No,Grievous Injury,Vehicle to Vehicle,Not at  Junction,Straight and flat,Two way,Bitumen(Tar),Others,No influence on accident,Clear,ATTIBELE ANEKAL ROAD,NEAR MAYASANDRA LAKE,4 KM,12.777393,77.7466549,0,1,0.0,1.0
Bengaluru Dist,Attibele PS,1.04421e+16,2021,1,2,Road Accidents,Circle,City/Town,Open area,Human Error,No,Grievous Injury,Vehicle to Vehicle,No signal lights,Straight and flat,NH,Bitumen(Tar),Dry,No influence on accident,Clear,NH7 BANGALORE HOSUR MAIN ROAD,NEAR GUESTLINE CIRCLE,3 KM,12.762451,77.777585,0,0,0.0,0.0
Bengaluru Dist,Attibele PS,1.04421e+16,2021,1,1,Road Accidents,Not Applicable,City/Town,Open area,Human Error,No,Grievous Injury,Hit pedestrian,Not at  Junction,Straight and flat,NH,Bitumen(Tar),Dry,No influence on accident,Others,NH7 HOSUR BANGALORE ROAD,NEAR ATTIBELE TOLL,0.5,12.777297,77.775706,0,0,0.0,0.0
Bengaluru Dist,Attibele PS,1.04421e+16,2021,1,1,Road Accidents,Cross roads,Rural Areas,Open area,Road Environment Defect,No,Not Applicable,Hit pedestrian,Controlled,Straight and flat,Service Road,Concrete,Others,Not Applicable,Very Cold,CHIKKANAHALLY CROSS,CHIKKANAHALLY CROSS,1 KM,12.777147,77.776824,0,1,0.0,1.0
Bengaluru Dist,Attibele PS,1.04421e+16,2021,1,1,Not Applicable,Curves,Rural Areas,Near Bus stop,Not Applicable,Not Applicable,Not Applicable,Not Applicable,Not at  Junction,Curve and Incline,Major District Road,Concrete,Muddy,Pot holed,Fine,ATTIBELE RTO OFFICE OPPOSITE,1,2 KM,12.78018,77.7641649,5,4,0.0,9.0
Bengaluru Dist,Attibele PS,1.04421e+16,2021,1,1,Not Applicable,Circle,Rural Areas,Near a factory industrial area,Vehicle Defect,Not Applicable,Fatal,Not Applicable,Controlled,Curve,Others,Gravel,Dry,Not Applicable,Mist or Fog,AREHALLY,1,4 KM,0.0,0.0,0,0,3.0,3.0
Bengaluru Dist,Attibele PS,1.04421e+16,2021,1,1,Road Accidents,Circle,Rural Areas,Near office complex,Vehicle Defect,No,Grievous Injury,Not Applicable,Controlled,Curve,Not Applicable,Concrete,Dry,Not Applicable,Fine,GAIL INDIA COMPANY NEAR,1,2KM,0.0,0.0,0,0,0.0,0.0
Bengaluru Dist,Attibele PS,1.04421e+16,2021,1,1,Road Accidents,Circle,Rural Areas,Residential area,Vehicle Defect,No,Grievous Injury,Vehicle to Vehicle,Controlled,Curve,State Highway,Concrete,Dry,Not Applicable,Fine,SHREERAM SMRUTHI APARTMENT,1,2 KM,12.814551,77.789519,0,0,0.0,0.0
Bengaluru Dist,Attibele PS,1.04421e+16,2021,1,1,Road Accidents,Narrow road,Rural Areas,Near a factory industrial area,Human Error,No,Fatal,Not Applicable,Uncontrolled,Straight and flat,NH,Bitumen(Tar),Dry,Not Applicable,Clear,"NH-7, BANGALORE-HOSUR ROAD",BHARATH BENZ OPP,05 KM,12.779236,77.773349,0,0,0.0,0.0
Bengaluru Dist,Attibele PS,1.04421e+16,2021,1,1,Road Accidents,Cross roads,Rural Areas,Near Bus stop,Vehicle Defect,No,Fatal,Hit pedestrian,Uncontrolled,Curve,State Highway,Concrete,Others,Not Applicable,Fine,HAROHALLY GATE,1,2 km,12.755011,77.757351,0,1,0.0,1.0
Bengaluru Dist,Attibele PS,1.04421e+16,2021,1,1,Road Accidents,Circle,Rural Areas,Open area,Vehicle Defect,No,Fatal,Not Applicable,Controlled,Curve,Residential Street,Kutcha,Others,Engineering Defect of Road,Fine,ADIGONDANAHALLY VILLAGE ROAD KESHAVAREDDY LAND NEAR,1,1 KM,12.812433,77.751207,4,1,4.0,9.0
Bengaluru Dist,Attibele PS,1.04421e+16,2021,1,1,Road Accidents,Circle,Rural Areas,Near Bus stop,Vehicle Defect,No,Not Applicable,Not Applicable,Controlled,Curve,Service Road,Concrete,Dry,Not Applicable,Fine,golden gate near,1,1 km,12.793923,77.778879,0,0,0.0,0.0
Bengaluru Dist,Attibele PS,1.04421e+16,2021,1,2,Road Accidents,Narrow road,Rural Areas,Open area,Human Error,No,Grievous Injury,Vehicle to Vehicle,Not Applicable,Straight and flat,NH,Bitumen(Tar),Dry,No influence on accident,Clear,NH 7,OPP LA CLASSIC,2 KM,12.784211,77.756983,0,0,0.0,0.0
Bengaluru Dist,Attibele PS,1.04421e+16,2021,1,3,Road Accidents,Cross roads,Rural Areas,Open area,Human Error,No,Simple Injury,Vehicle to Vehicle,Not at  Junction,Straight and flat,Others,Bitumen(Tar),Others,No influence on accident,Fine,ATTIBELE ANEKAL ROAD,NEAR LAKSHMI TEMPLE,1 KM,12.776286,77.772212,0,1,0.0,1.0
Bengaluru Dist,Attibele PS,1.04421e+16,2021,1,2,Road Accidents,Not Applicable,Rural Areas,Residential area,Human Error,Yes,Grievous Injury,Vehicle to Vehicle,Not at  Junction,Straight and flat,NH,Bitumen(Tar),Others,No influence on accident,Clear,NH7 HOSUR BANGALORE FLYOVER,NEAR ATTIBELE FLYOVER,200 MT,12.779188,77.7692539,0,1,0.0,1.0
Bengaluru Dist,Attibele PS,1.04421e+16,2021,1,3,Road Accidents,Narrow road,City/Town,Open area,Human Error,No,Damage Only,Vehicle to Vehicle,Uncontrolled,Straight and flat,NH,Bitumen(Tar),Dry,Not Applicable,Clear,NH7 BANGALORE HOSURU ROAD,IN FORNT OF RTO OFICE,0.5KM,12.780744,77.76464,0,0,0.0,0.0
Bengaluru Dist,Attibele PS,1.04421e+16,2021,1,1,Road Accidents,Junction,Rural Areas,Near Bus stop,Vehicle Defect,No,Fatal,Vehicle to Vehicle,Controlled,Curve and Incline,NH,Concrete,Others,Not Applicable,Fine,YADUVANAHALLY HOSUR BENGALURU ROAD,1,2 km,12.806627,77.760238,0,1,0.0,1.0
Bengaluru Dist,Attibele PS,1.04421e+16,2021,1,1,Road Accidents,Curves,City/Town,Open area,Human Error,No,Grievous Injury,Hit pedestrian,Not at  Junction,Straight and flat,NH,Bitumen(Tar),Dry,No influence on accident,Clear,NH7 HOSUR BANGALORE SERVICE ROAD,NEAR ASHIRVAD COMPANY,3 KM,12.786056,77.748599,0,0,0.0,0.0
Bengaluru Dist,Attibele PS,1.04421e+16,2021,1,2,Road Accidents,Not Applicable,City/Town,Near Bus stop,Human Error,No,Damage Only,Vehicle to Vehicle,Not at  Junction,Straight and flat,NH,Bitumen(Tar),Others,No influence on accident,Clear,NH7 BANGALORE HOSUR ROAD,NEAR NERALUR GATE,5 KM,12.79208,77.72847,0,1,0.0,1.0
Bengaluru Dist,Attibele PS,1.04421e+16,2021,1,1,Road Accidents,Curves,City/Town,Near Bus stop,Not Applicable,No,Grievous Injury,Not Applicable,Not Applicable,Curve,State Highway,Not Applicable,Dry,Not Applicable,Others,YES,T,3 KM,12.78674,77.741846,0,0,0.0,0.0
Bengaluru Dist,Attibele PS,1.04421e+16,2021,1,1,Road Accidents,Cross roads,Rural Areas,Open area,Vehicle Defect,Yes,Grievous Injury,Vehicle to Vehicle,Controlled,Others,Others,Kutcha,Muddy,Not Applicable,Fine,ADIGONDANAHALLY VILLAGE ROAD KESHAVAREDDY LAND NEAR,KESHAVAREDDY LAND NEAR,7 KM,12.810445,77.752386,0,4,4.0,8.0
Bengaluru Dist,Attibele PS,1.04421e+16,2021,1,1,Not Applicable,Circle,Rural Areas,Near Bus stop,Vehicle Defect,Yes,Grievous Injury,Not Applicable,Controlled,Curve,NH,Concrete,Dry,Construction Work / Material,Fine,guddahatty gate,1,3 KM,12.788333,77.737352,2,0,0.0,2.0
Bengaluru Dist,Attibele PS,1.04421e+16,2021,1,1,Road Accidents,Narrow road,Rural Areas,At pedestrian Crossing,Human Error,No,Grievous Injury,Hit pedestrian,Not at  Junction,Others,Others,Bitumen(Tar),Dry,No influence on accident,Clear,ATTIBELE SARJAPURA ROAD,OPP TO BIG MARKET,1/2 KM,12.749685,77.779545,0,0,0.0,0.0
Bengaluru Dist,Attibele PS,1.04421e+16,2021,1,2,Road Accidents,Not Applicable,City/Town,Open area,Human Error,No,Grievous Injury,Vehicle to Vehicle,No signal lights,Straight and flat,NH,Bitumen(Tar),Dry,No influence on accident,Others,NH7 BANGALORE HOSUR ROAD,NEAR LA CLASSIC HOTEL,1 KM,12.789286,77.751275,0,0,0.0,0.0
Bengaluru Dist,Attibele PS,1.04421e+16,2021,1,1,Road Accidents,Narrow road,City/Town,Near Bus stop,Human Error,No,Grievous Injury,Hit pedestrian,No signal lights,Straight and flat,NH,Bitumen(Tar),Dry,No influence on accident,Clear,ATTEBELE SARJAPURA ROAD,NEAR ATTEBELE BUS STAND,0.5KM,12.782484,77.772391,0,0,0.0,0.0
Bengaluru Dist,Attibele PS,1.04421e+16,2021,1,2,Road Accidents,Cross roads,Rural Areas,Open area,Human Error,No,Grievous Injury,Vehicle to Vehicle,Not at  Junction,Straight and flat,Others,Bitumen(Tar),Dry,No influence on accident,Clear,RACHAMANAHALLI BIDARAGERE ROAD,NEAR ALADA MARA,9 KM,12.714118,77.734543,0,0,0.0,0.0
Bengaluru Dist,Attibele PS,1.04421e+16,2021,1,2,Road Accidents,Not Applicable,Rural Areas,Open area,Human Error,Yes,Grievous Injury,Vehicle to Vehicle,Not at  Junction,Straight and flat,Two way,Bitumen(Tar),Dry,No influence on accident,Clear,ATTIBELE SARJAPURA ROAD,NEAR G R SANSKRUTHI CONSTRUCTION,2 KM,12.793672,77.779171,0,0,0.0,0.0
Bengaluru Dist,Attibele PS,1.04421e+16,2021,1,1,Road Accidents,Circle,Rural Areas,Open area,Vehicle Defect,No,Fatal,Vehicle to Vehicle,Controlled,Curve,NH,Concrete,Dry,No influence on accident,Fine,ATTBELE TOLL,1,1,12.776345,77.777585,0,0,0.0,0.0
Bengaluru Dist,Attibele PS,1.04421e+16,2021,1,1,Road Accidents,Circle,Rural Areas,Residential area,Vehicle Defect,Not Applicable,Fatal,Vehicle to Vehicle,Controlled,Curve,Service Road,Not Applicable,Dry,Construction Work / Material,Fine,BALAGARANAHALLY VILLAGE,1,5 km,12.785222,77.732102,2,0,0.0,2.0
Bengaluru Dist,Attibele PS,1.04421e+16,2021,1,2,Road Accidents,Narrow road,Rural Areas,Open area,Human Error,No,Fatal,Hit bicyclist,Uncontrolled,Straight and flat,State Highway,Bitumen(Tar),Dry,Not Applicable,Clear,ATTIBELE-SARJAPURA ROAD,NEAR SILK FARM GATE,3 KM,12.80768,77.787111,0,0,0.0,0.0
Bengaluru Dist,Attibele PS,1.04421e+16,2021,1,2,Road Accidents,Circle,City/Town,Open area,Human Error,Yes,Grievous Injury,Vehicle to Vehicle,Not at  Junction,Straight and flat,NH,Bitumen(Tar),Dry,No influence on accident,Clear,NH7 HOSUR BANGALORE ROAD,NEAR GUESTLINE CIRCLE,2 KM,12.760785,77.757668,0,0,0.0,0.0
Bengaluru Dist,Attibele PS,1.04421e+16,2021,1,1,Road Accidents,Junction,City/Town,At pedestrian Crossing,Human Error,No,Grievous Injury,Hit pedestrian,Controlled,Straight and flat,NH,Bitumen(Tar),Dry,No influence on accident,Clear,NH7 BANGALORE HOSUR ROAD,NEAR YADAVANAHALLI BUS STOP,3 KM,12.766678,77.752734,0,0,0.0,0.0
Bengaluru Dist,Attibele PS,1.04421e+16,2021,1,1,Road Accidents,Narrow road,Rural Areas,Open area,Human Error,No,Fatal,Not Applicable,Uncontrolled,Straight and flat,NH,Bitumen(Tar),Dry,Not Applicable,Clear,HOSUR-BANGALORE MAIN ROAD,NEAR ATTIBELE ARCH,0.5 KM,12.81279,77.783255,0,0,0.0,0.0
Bengaluru Dist,Attibele PS,1.04421e+16,2021,1,1,Road Accidents,Not Applicable,Rural Areas,Open area,Human Error,No,Damage Only,Not Applicable,Not at  Junction,Straight and flat,NH,Bitumen(Tar),Others,No influence on accident,Clear,NH7 BANGALORE HOSUR ROAD,NEAR ATTIBELE TOLL,0.5,12.777205,77.77674,0,1,0.0,1.0
Bengaluru Dist,Attibele PS,1.04421e+16,2021,1,1,Not Applicable,Circle,Rural Areas,Near Bus stop,Vehicle Defect,No,Grievous Injury,Not Applicable,Controlled,Curve,Feeder Road,Concrete,Dry,Not Applicable,Fine,sriram smruthi apartment,1,1 km,12.812352,77.783342,0,0,0.0,0.0
Bengaluru Dist,Attibele PS,1.04421e+16,2021,1,2,Road Accidents,Not Applicable,City/Town,Near a religious place,Human Error,No,Simple Injury,Vehicle to Vehicle,Not at  Junction,Straight and flat,NH,Bitumen(Tar),Dry,No influence on accident,Fine,NH7 BANGALORE HOSUR ROAD,OPP TO SRI MAHADESHWARA TEMPLE YADAVANAHALLI,3 KM,12.786647,77.741897,0,0,0.0,0.0
Bengaluru Dist,Attibele PS,1.04421e+16,2021,1,2,Road Accidents,Circle,Rural Areas,Near Bus stop,Human Error,Yes,Grievous Injury,Vehicle to Vehicle,Give way sign,Slight Curve,NH,Concrete,Others,Not Applicable,Fine,NH  7 BANGALORE HOSUR MAIN ROAD GUST LINE CIRCLE,NH 7 BANGALORE HOSUR MAIN ROAD,2 KM,12.786715,77.741781,0,1,0.0,1.0
Bengaluru Dist,Attibele PS,1.04421e+16,2021,1,2,Road Accidents,Narrow road,Rural Areas,Open area,Human Error,No,Damage Only,Vehicle to Vehicle,Not at  Junction,Straight and flat,NH,Bitumen(Tar),Others,No influence on accident,Clear,NH7 HOSUR BANGALORE MAIN ROAD,NEAR ATTIBELE TOLL,0.5,12.776393,77.777677,0,1,0.0,1.0
Bengaluru Dist,Attibele PS,1.04421e+16,2021,1,2,Road Accidents,Cross roads,Rural Areas,Open area,Human Error,No,Damage Only,Vehicle to Vehicle,Not at  Junction,Others,NH,Bitumen(Tar),Dry,No influence on accident,Others,NH7 HOSUR BANGALORE MAIN ROAD,NEAR GUDDAHATTI GATE,4 KM,12.787944,77.737009,0,0,0.0,0.0
Bengaluru Dist,Attibele PS,1.04421e+16,2021,1,2,Road Accidents,Narrow road,Rural Areas,Open area,Human Error,No,Not Applicable,Not Applicable,Uncontrolled,Straight and flat,NH,Bitumen(Tar),Dry,No influence on accident,Clear,NH 7,OPP GELTEC,2 KM,12.784618,77.753961,0,0,0.0,0.0
Bengaluru Dist,Attibele PS,1.04421e+16,2021,1,2,Road Accidents,Circle,Rural Areas,Open area,Human Error,Yes,Grievous Injury,Vehicle to Vehicle,Not at  Junction,Straight and flat,NH,Bitumen(Tar),Dry,No influence on accident,Clear,NH7 BANGALORE HOSUR ROAD,NEAR GUESTLINE CIRCLE,3 KM,12.783702,77.758034,0,0,0.0,0.0
Bengaluru Dist,Attibele PS,1.04421e+16,2021,1,1,Road Accidents,Narrow road,Rural Areas,Near a religious place,Human Error,No,Grievous Injury,Hit pedestrian,Not at  Junction,Straight and flat,NH,Bitumen(Tar),Others,No influence on accident,Cloudy,NH7 HOSUR BANGALORE ROAD,NEAR MAHADESHWARA TEMPLE,2 KM,12.783827,77.756131,0,1,0.0,1.0
Bengaluru Dist,Attibele PS,1.04421e+16,2021,1,2,Road Accidents,Narrow road,Rural Areas,Open area,Human Error,No,Fatal,Vehicle to Vehicle,Uncontrolled,Straight and flat,NH,Bitumen(Tar),Dry,Not Applicable,Clear,BANGALORE-HOSUR NH ROAD,NEAR BHARATH BENZ SERVICE CENTRE,1/2 KM,12.780181,77.766434,0,0,0.0,0.0
Bengaluru Dist,Attibele PS,1.04421e+16,2021,1,1,Road Accidents,Narrow road,Rural Areas,Open area,Vehicle Defect,No,Grievous Injury,Vehicle to Vehicle,Not Applicable,Others,Others,Concrete,Not Applicable,Not Applicable,Fine,MAYASANDRA KERE KODI,MAYASANDRA KERE KODI,5,12.749769,77.746615,0,0,0.0,0.0
Bengaluru Dist,Attibele PS,1.04421e+16,2021,1,2,Road Accidents,Not Applicable,City/Town,Near Bus stop,Human Error,No,Damage Only,Vehicle to Vehicle,Not at  Junction,Others,NH,Bitumen(Tar),Others,No influence on accident,Others,NH7 BANGALORE HOSUR RD,NEAR YADAVANAHALLI BUS STOP,2 KM,12.78563,77.7507519,0,1,0.0,1.0
Bengaluru Dist,Attibele PS,1.04421e+16,2021,1,1,Road Accidents,Circle,Rural Areas,Near office complex,Not Applicable,Not Applicable,Fatal,Vehicle to Vehicle,Controlled,Curve,NH,Concrete,Dry,Construction Work / Material,Fine,NERAURU GATE,1,5 km,12.793303,77.727454,2,0,0.0,2.0
Bengaluru Dist,Attibele PS,1.04421e+16,2021,1,1,Road Accidents,Circle,Rural Areas,Open area,Vehicle Defect,No,Fatal,Vehicle to Vehicle,Controlled,Curve,Not Applicable,Concrete,Dry,Construction Work / Material,Fine,BALLURU CROSS,1,3 KM,12.757454,77.774161,2,0,0.0,2.0
Bengaluru Dist,Attibele PS,1.04421e+16,2021,1,1,Road Accidents,Not Applicable,City/Town,Open area,Human Error,No,Grievous Injury,Hit pedestrian,Not at  Junction,Straight and flat,NH,Bitumen(Tar),Dry,No influence on accident,Clear,NH7 HOSUR BANGALORE MAIN ROAD,NEAR GUESTLINE CIRCLE,4 KM,12.754246,77.786671,0,0,0.0,0.0
Bengaluru Dist,Attibele PS,1.04421e+16,2021,1,2,Road Accidents,Circle,Rural Areas,Near Bus stop,Human Error,Yes,Grievous Injury,Vehicle to Vehicle,No signal lights,Curve,NH,Concrete,Dry,Not Applicable,Fine,GUESTLINE CIRCLE,NH7 BANGALORE HOSUR SURVICE ROAD,3 KM,12.786957,77.7420919,0,0,0.0,0.0
Bengaluru Dist,Attibele PS,1.04421e+16,2021,1,1,Road Accidents,Circle,Rural Areas,Near Bus stop,Vehicle Defect,No,Fatal,Vehicle to Vehicle,Controlled,Curve,Others,Concrete,Muddy,Construction Work / Material,Fine,BHAKTIPURA ROAD,1,3 KM,12.757608,77.762218,2,4,0.0,6.0
Bengaluru Dist,Attibele PS,1.04421e+16,2021,1,1,Road Accidents,Circle,Rural Areas,Open area,Human Error,Not Applicable,Damage Only,Not Applicable,No signal lights,Straight and flat,NH,Surfaced,Dry,Not Applicable,Fine,NH 7 HOSUR BANGALORE  ROAD INFRONT OF RTO OFFICE,NH 7 HOSUR BANGALORE ROAD,2 KM,12.780686,77.764844,0,0,,
Bengaluru Dist,Attibele PS,1.04421e+16,2021,1,1,Road Accidents,Circle,Rural Areas,Near Bus stop,Vehicle Defect,No,Grievous Injury,Not Applicable,Controlled,Curve,NH,Kutcha,Dry,No influence on accident,Others,guddahatty gate,1,2 km,12.788154,77.737211,0,0,4.0,4.0
Bengaluru Dist,Attibele PS,1.04421e+16,2021,1,1,Road Accidents,Circle,Rural Areas,Near Bus stop,Vehicle Defect,Not Applicable,Fatal,Vehicle to Vehicle,Controlled,Curve,NH,Concrete,Dry,Construction Work / Material,Fine,YADUVANAHALLY GATE,1,4 KM,12.785427,77.752066,2,0,0.0,2.0
Bengaluru Dist,Attibele PS,1.04421e+16,2021,1,1,Road Accidents,Narrow road,Rural Areas,Open area,Human Error,No,Damage Only,Not Applicable,Controlled,Straight and flat,NH,Bitumen(Tar),Dry,No influence on accident,Clear,NH 7,NH 7,5 KM,12.779416,77.742042,0,0,0.0,0.0
Bengaluru Dist,Attibele PS,1.04421e+16,2021,1,2,Road Accidents,Narrow road,Rural Areas,Open area,Human Error,No,Fatal,Vehicle to Vehicle,Uncontrolled,Straight and flat,NH,Bitumen(Tar),Dry,Not Applicable,Clear,HOSUR-BANGALORE ROAD,INFRONT OF RTO CHECK POST,1 KM,12.782371,77.771444,0,0,0.0,0.0
Bengaluru Dist,Attibele PS,1.04421e+16,2021,1,2,Road Accidents,Narrow road,Rural Areas,Open area,Human Error,No,Fatal,Not Applicable,Uncontrolled,Straight and flat,NH,Bitumen(Tar),Dry,Not Applicable,Clear,"NH-7, HOSUR-BANGALORE MAIN ROAD",NEAR LA CLASSIC HOTEL,2 KM,12.786269,77.751226,0,0,0.0,0.0
Bengaluru Dist,Attibele PS,1.04421e+16,2021,1,1,Road Accidents,Circle,Rural Areas,Open area,Vehicle Defect,Yes,Simple Injury,Vehicle to Vehicle,Controlled,Curve,NH,Concrete,Dry,Construction Work / Material,Fine,NH,1,1 km,12.787038,77.740511,2,0,0.0,2.0
Bengaluru Dist,Attibele PS,1.04421e+16,2021,1,2,Road Accidents,Not Applicable,City/Town,Open area,Human Error,No,Damage Only,Vehicle to Vehicle,Not at  Junction,Straight and flat,NH,Bitumen(Tar),Others,No influence on accident,Clear,NH7 BANGALORE HOSUR ROAD,OPP LA CLASSIC HOTEL,2 KM,12.783646,77.757591,0,1,0.0,1.0
Bengaluru Dist,Attibele PS,1.04421e+16,2021,1,1,Not Applicable,Curves,Rural Areas,Near Bus stop,Vehicle Defect,Yes,Fatal,Vehicle to Vehicle,Controlled,Curve,NH,Concrete,Dry,Construction Work / Material,Fine,RTO CHECKPOST,1,1 KM,12.78355,77.757563,2,0,0.0,2.0
Bengaluru Dist,Attibele PS,1.04421e+16,2021,1,2,Road Accidents,Circle,City/Town,Near Bus stop,Human Error,No,Damage Only,Vehicle to Vehicle,Not at  Junction,Straight and flat,NH,Bitumen(Tar),Dry,No influence on accident,Fine,NH7 HOSUR BANGALORE ROAD,NEAR YADAVANAHALLI BUS STOP,2 KM,12.785629,77.750758,0,0,0.0,0.0
Bengaluru Dist,Attibele PS,1.04421e+16,2021,1,1,Road Accidents,Circle,Rural Areas,Open area,Vehicle Defect,No,Fatal,Vehicle to Vehicle,Controlled,Curve,NH,Concrete,Dry,Construction Work / Material,Fine,CHIKKANAHALLY CROSS,1,1 km,12.777934,77.775089,2,0,0.0,2.0
Bengaluru Dist,Attibele PS,1.04421e+16,2021,1,2,Road Accidents,Junction,Rural Areas,Open area,Human Error,No,Grievous Injury,Vehicle to Vehicle,No signal lights,Straight and flat,NH,Concrete,Dry,Not Applicable,Fine,MAK BAR NEAR GUEST LINE CIRCLE,NH7 BANGALORE HOSUR SURVICE ROAD,3 KM,12.786675,77.743247,0,0,0.0,0.0
Bengaluru Dist,Attibele PS,1.04421e+16,2021,1,1,Not Applicable,Circle,Rural Areas,In bazaar,Not Applicable,No,Simple Injury,Not Applicable,Controlled,Hump,Not Applicable,Bitumen(Tar),Dry,Drainage Ditch,Fine,YADUVANAHALLY,1,1 KM,12.784367,77.752305,4,0,0.0,4.0
Bengaluru Dist,Attibele PS,1.04421e+16,2021,1,2,Road Accidents,Not Applicable,City/Town,Open area,Human Error,No,Damage Only,Vehicle to Vehicle,Not at  Junction,Straight and flat,NH,Bitumen(Tar),Dry,No influence on accident,Clear,NH7 HOSUR BANGALORE ROAD,ON ATTIBELE FLY OVER,1/2 KM,12.749541,77.791054,0,0,0.0,0.0
Bengaluru Dist,Attibele PS,1.04421e+16,2021,1,1,Road Accidents,Not Applicable,Rural Areas,At pedestrian Crossing,Human Error,No,Grievous Injury,Hit pedestrian,Not at  Junction,Straight and flat,NH,Bitumen(Tar),Dry,No influence on accident,Clear,NEAR NERALUR BUS STOP,NH7 HOSUR BANGALORE ROAD,5 KM,12.778308,77.747842,0,0,0.0,0.0
Bengaluru Dist,Attibele PS,1.04421e+16,2021,1,2,Road Accidents,Curves,City/Town,Near Hospital,Human Error,No,Simple Injury,Vehicle to Vehicle,Uncontrolled,Straight and flat,NH,Bitumen(Tar),Dry,Not Applicable,Clear,NH7,GUEST LINE CIRCLE,4 KM,12.786686,77.7417059,0,0,0.0,0.0
Bengaluru Dist,Attibele PS,1.04421e+16,2021,1,2,Road Accidents,Circle,Rural Areas,Open area,Human Error,No,Grievous Injury,Vehicle to Vehicle,Not at  Junction,Others,NH,Bitumen(Tar),Others,No influence on accident,Others,NH7 BANGALORE HOSUR ROAD,NEAR ATTIBELE BORDER ARCH,0.5,12.774624,77.7804839,0,1,0.0,1.0
Bengaluru Dist,Attibele PS,1.04421e+16,2021,1,1,Road Accidents,Curves,Rural Areas,Near Bus stop,Vehicle Defect,No,Grievous Injury,Vehicle to Vehicle,Controlled,Curve,NH,Concrete,Dry,Drainage Ditch,Fine,ghest line circle,1,3 KM,0.0,0.0,4,0,0.0,4.0