DISTRICTNAME,UNITNAME,Crime_No,Year,RI,Noofvehicle_involved,Accident_Classification,Accident_Spot,Accident_Location,Accident_SubLocation,Main_Cause,Hit_Run,Severity,Collision_Type,Junction_Control,Road_Character,Road_Type,Surface_Type,Surface_Condition,Road_Condition,Weather,Accident_Road,Landmark_first,Distance_LandMark_First,Latitude,Longitude,Road_Condition_Score,Surface_Condition_Score,Surface_Type_Score,Road_Risk_Index
Bengaluru Dist,Attibele PS,1.04421e+16,2021,1,1,Road Accidents,Circle,Rural Areas,Near Bus stop,Vehicle Defect,Yes,Fatal,Vehicle to Vehicle,Controlled,Curve and Incline,NH,Concrete,Dry,Construction Work / Material,Fine,GUDDAHATTY GATE,1,2 KM,12.787622,77.738356,2,0,0.0,2.0
Bengaluru Dist,Attibele PS,1.04421e+16,2021,1,1,Road Accidents,Junction,City/Town,Near Bus stop,Vehicle Defect,No,Fatal,Vehicle to Vehicle,Give way sign,Curve and Incline,Feeder Road,Concrete,Ditch or Potholed,Drainage Ditch,Fine,indlabele road,1,1 KM,12.789556,77.733861,4,5,0.0,9.0
Bengaluru Dist,Attibele PS,1.04421e+16,2021,1,1,Road Accidents,Circle,Rural Areas,Open area,Vehicle Defect,No,Grievous Injury,Vehicle to Vehicle,Controlled,Crest of hill,Expressway,Concrete,Flooded,Construction Work / Material,Fine,GUEST LINE NEAR,1,1 KM,12.786711,77.7422679,2,5,0.0,7.0
Bengaluru Dist,Attibele PS,1.04421e+16,2021,1,1,Road Accidents,Narrow road,City/Town,Near Bus stop,Vehicle Defect,No,Not Applicable,Vehicle to Vehicle,Controlled,Curve,NH,Concrete,Others,Not Applicable,Fine,ATTIBELE TOLL,1,1 KM,12.77527,77.779702,0,1,0.0,1.0
Bengaluru Dist,Attibele PS,1.04421e+16,2021,1,2,Road Accidents,Cross roads,Rural Areas,Near Petrol Pump,Human Error,No,Grievous Injury,Vehicle to Vehicle,Signal lights Manual,Others,NH,Surfaced,Others,Not Applicable,Clear,"BANGALORE HOSUR SERVICE ROAD, NEAR GUEST LINE CIRCLE OPP BHARATH PEPROL BUNK",GUEST LINCE CIRCLE,4,12.786628,77.741783,0,1,,
Bengaluru Dist,Attibele PS,1.04421e+16,2021,1,2,Road Accidents,Junction,Rural Areas,Open area,Vehicle Defect,No,Damage Only,Vehicle to Vehicle,Not at  Junction,Others,NH,Bitumen(Tar),Dry,No influence on accident,Cloudy,NH7 BENGALORE HOSUR ROAD,NEAR ATTIBELE BORDER,1 KM,12.783159,77.760152,0,0,0.0,0.0
Bengaluru Dist,Attibele PS,1.04421e+16,2021,1,2,Road Accidents,Not Applicable,Rural Areas,Open area,Human Error,No,Damage Only,Vehicle to Vehicle,Not at  Junction,Straight and flat,NH,Bitumen(Tar),Dry,No influence on accident,Clear,NH7 HOSUR BANGALORE ROAD,NEAR GUDDAHATTI GATE,4 KM,12.787705,77.737988,0,0,0.0,0.0
Bengaluru Dist,Attibele PS,1.04421e+16,2021,1,1,Not Applicable,Junction,Rural Areas,Open area,Vehicle Defect,No,Fatal,Not Applicable,Controlled,Curve,Service Road,Concrete,Muddy,Not Applicable,Fine,BALLURU CROSS,1,1 KM,12.757486,77.7740369,0,4,0.0,4.0
Bengaluru Dist,Attibele PS,1.04421e+16,2021,1,1,Not Applicable,Circle,Rural Areas,Near Bus stop,Vehicle Defect,No,Fatal,Vehicle to Vehicle,Controlled,Curve,State Highway,Concrete,Others,Not Applicable,Fine,ANEKAL ROAD,1,1 KM,12.778381,77.770079,0,1,0.0,1.0
Bengaluru Dist,Attibele PS,1.04421e+16,2021,1,1,Road Accidents,Cross roads,Rural Areas,Near Bus stop,Vehicle Defect,No,Fatal,Vehicle to Vehicle,Uncontrolled,Curve,NH,Concrete,Not Applicable,Not Applicable,Fine,GUDDAHATTY GATE,1,4 KM,12.787888,77.737683,0,0,0.0,0.0
Bengaluru Dist,Attibele PS,1.04421e+16,2021,1,2,Road Accidents,Narrow road,City/Town,Near Bus stop,Human Error,No,Fatal,Vehicle to Vehicle,Controlled,Straight and flat,NH,Bitumen(Tar),Dry,No influence on accident,Fine,NH7 Bangaluru Hosur road,Near Guestline circle,3 kms,12.786424,77.745785,0,0,0.0,0.0
Bengaluru Dist,Attibele PS,1.04421e+16,2021,1,1,Not Applicable,Circle,Rural Areas,Near Bus stop,Vehicle Defect,No,Not Applicable,Not Applicable,Uncontrolled,Curve,Not Applicable,Concrete,Dry,Not Applicable,Fine,ghest line circle,1,3 KM,12.786991,77.739238,0,0,0.0,0.0
Bengaluru Dist,Attibele PS,1.04421e+16,2021,1,2,Road Accidents,Circle,City/Town,Open area,Human Error,No,Grievous Injury,Vehicle to Vehicle,Not at  Junction,Straight and flat,NH,Bitumen(Tar),Others,No influence on accident,Others,NH7 HOSUR BANGALORE ROAD,NEAR GUESTLINE CIRCLE,3 KM,12.786697,77.74176,0,1,0.0,1.0
Bengaluru Dist,Attibele PS,1.04421e+16,2021,1,1,Road Accidents,Not Applicable,Rural Areas,Open area,Human Error,No,Grievous Injury,Not Applicable,Not at  Junction,Straight and flat,NH,Bitumen(Tar),Others,No influence on accident,Cloudy,NH7 HOSUR BANGALORE ROAD,NEAR SRINIDHI HOTEL,5,12.791188,77.7310489,0,1,0.0,1.0
Bengaluru Dist,Attibele PS,1.04421e+16,2021,1,2,Road Accidents,Offset,City/Town,Open area,Human Error,No,Damage Only,Vehicle to Vehicle,Not at  Junction,Straight and flat,NH,Bitumen(Tar),Others,No influence on accident,Clear,NH7 HOSUR BANGALORE ROAD,NEAR ATTIBELE TOLL GATE,1,12.777015,77.776407,0,1,0.0,1.0
Bengaluru Dist,Attibele PS,1.04421e+16,2021,1,2,Road Accidents,Not Applicable,Rural Areas,Open area,Human Error,Yes,Simple Injury,Vehicle to Vehicle,Not at  Junction,Straight and flat,Others,Bitumen(Tar),Dry,No influence on accident,Clear,NH7 ATTIBELE JIGALA ROAD,NEAR PATAPAT SADAN,1,12.785739,77.769761,0,0,0.0,0.0
Bengaluru Dist,Attibele PS,1.04421e+16,2022,1,2,Road Accidents,Narrow road,Rural Areas,Near or inside a village,Human Error,No,Simple Injury,Vehicle to Vehicle,Uncontrolled,Straight and flat,Residential Street,Bitumen(Tar),Dry,Not Applicable,Fine,Near Manchenahalli village,near st philomina school,1kms,12.779029,77.76976,0,0,0.0,0.0
Bengaluru Dist,Attibele PS,1.04421e+16,2022,1,1,Road Accidents,Curves,Rural Areas,Open area,Vehicle Defect,No,Fatal,Vehicle to Vehicle,Controlled,Curve,NH,Concrete,Flooded,Construction Work / Material,Fine,biduruppe village near,1,5 km,12.778113,77.7714079,2,5,0.0,7.0
Bengaluru Dist,Attibele PS,1.04421e+16,2022,1,2,Road Accidents,Narrow road,Rural Areas,Open area,Human Error,No,Grievous Injury,Vehicle to Vehicle,Controlled,Straight and flat,NH,Bitumen(Tar),Dry,No influence on accident,Clear,NH 7,ATTIBELE BORDER,1 KM,12.77486,77.779862,0,0,0.0,0.0
Bengaluru Dist,Attibele PS,1.04421e+16,2022,1,2,Road Accidents,Circle,Rural Areas,Open area,Human Error,No,Grievous Injury,Vehicle to Vehicle,Not Applicable,Others,One way,Surfaced,Others,Not Applicable,Fine,YADAVANAHALLI GATE,NEAR YADAVANAHALLI GATE,3,12.785576,77.750797,0,1,,
Bengaluru Dist,Attibele PS,1.04421e+16,2022,1,1,Road Accidents,Cross roads,Rural Areas,Near Bus stop,Vehicle Defect,Not Applicable,Fatal,Vehicle to Vehicle,Controlled,Curve,NH,Concrete,Not Applicable,Construction Work / Material,Not Applicable,YADUVANAHALLY VILLAGE,1,3 KM,12.785679,77.750461,2,0,0.0,2.0
Bengaluru Dist,Attibele PS,1.04421e+16,2022,1,1,Road Accidents,Circle,Rural Areas,Near Bus stop,Vehicle Defect,Not Applicable,Fatal,Vehicle to Vehicle,Controlled,Curve,NH,Not Applicable,Others,Construction Work / Material,Fine,SHETTAHALLY,1,5 KM,12.748222,77.742335,2,1,0.0,3.0
Bengaluru Dist,Attibele PS,1.04421e+16,2022,1,1,Road Accidents,Circle,Rural Areas,Near Hospital,Vehicle Defect,Not Applicable,Fatal,Vehicle to Vehicle,Controlled,Curve,NH,Gravel,Dry,Construction Work / Material,Others,TATTANAHALLY,1,1 KM,12.74439,77.724939,2,0,3.0,5.0
Bengaluru Dist,Attibele PS,1.04421e+16,2022,1,2,Road Accidents,Circle,City/Town,In bazaar,Human Error,No,Grievous Injury,Vehicle to Vehicle,Give way sign,Curve,Residential Street,Bitumen(Tar),Dry,Engineering Defect of Road,Clear,ATTIBELE CIRCLE,ATTIBELE CIRCLE,0.5KM,12.779457,77.770451,4,0,0.0,4.0
Bengaluru Dist,Attibele PS,1.04421e+16,2022,1,3,Road Accidents,Circle,Rural Areas,Near Bus stop,Human Error,No,Simple Injury,Vehicle to Vehicle,Not Applicable,Others,NH,Concrete,Dry,Not Applicable,Fine,NH 7 BANGALORE HOSUR  MAIN ROAD  NERALURU GATE,NH 7 BANGALORE HOSUR MAIN ROAD,5 KM,12.791913,77.728171,0,0,0.0,0.0
Bengaluru Dist,Attibele PS,1.04421e+16,2022,1,1,Road Accidents,Circle,Rural Areas,Near Bus stop,Vehicle Defect,Not Applicable,Fatal,Vehicle to Vehicle,Controlled,Curve,NH,Concrete,Dry,Construction Work / Material,Fine,ATTIBELE TOLL NEAR,1,1 KM,12.777635,77.775915,2,0,0.0,2.0
Bengaluru Dist,Attibele PS,1.04421e+16,2022,1,2,Road Accidents,Not Applicable,Rural Areas,Near or inside a village,Human Error,Not Applicable,Simple Injury,Vehicle to Vehicle,No signal lights,Others,Others,Concrete,Dry,Not Applicable,Fine,SHAKAMBARI LAY OUT ATTIBELE,SHAKAMBARY LAYOUT,2 KM,12.775107,77.766392,0,0,0.0,0.0
Bengaluru Dist,Attibele PS,1.04421e+16,2022,1,1,Not Applicable,Cross roads,Rural Areas,Open area,Not Applicable,Not Applicable,Not Applicable,Not Applicable,Not Applicable,Not Applicable,Not Applicable,Not Applicable,Not Applicable,Not Applicable,Not Applicable,TVS ROAD ATTIBELE,ATTIBELE TOWN,2 KM,12.767546,77.77063,0,0,0.0,0.0
Bengaluru Dist,Attibele PS,1.04421e+16,2022,1,3,Road Accidents,Narrow road,City/Town,Near office complex,Human Error,No,Simple Injury,Vehicle to Vehicle,Uncontrolled,Straight and flat,NH,Bitumen(Tar),Dry,No influence on accident,Fine,NH7 Hosur Bangaluru main road opposite HMG factory,Opposite to HMG factory,1 km,12.749586,77.774592,0,0,0.0,0.0
Bengaluru Dist,Attibele PS,1.04421e+16,2022,1,1,Road Accidents,Not Applicable,Rural Areas,Near Bus stop,Human Error,No,Simple Injury,Vehicle to Vehicle,No signal lights,Curve,NH,Concrete,Dry,Not Applicable,Fine,NH 7 HOSUR  BANGALORE  MAIN ROAD NEAR NERALURU GATE,NH 7 HOSUR  BANGALORE MAIN ROAD,3 KM,12.792295,77.7285709,0,0,0.0,0.0
Bengaluru Dist,Attibele PS,1.04421e+16,2022,1,1,Road Accidents,Circle,Rural Areas,Near Bus stop,Human Error,No,Simple Injury,Vehicle to Vehicle,No signal lights,Curve,NH,Concrete,Dry,Not Applicable,Fine,NH 7 BANGALORE HOSUR MAIN ROAD NERALURU GATE  CENERA BANK OPP,NH 7 BANGALORE HOSUR MAIN ROAD,4 KM,12.792515,77.727967,0,0,0.0,0.0
Bengaluru Dist,Attibele PS,1.04421e+16,2022,1,1,Road Accidents,Cross roads,Rural Areas,Open area,Vehicle Defect,No,Damage Only,Not Applicable,No signal lights,Others,Two way,Not Applicable,Dry,Not Applicable,Fine,NH 7 HOSUR BBANGALORE ROAD OPP NERALURU PANCHAYATH OFFICE,HN 7 HOSUR BANGALORE ROAD,412.79,12.791828,77.730404,0,0,0.0,0.0
Bengaluru Dist,Attibele PS,1.04421e+16,2022,1,1,Road Accidents,Not Applicable,Rural Areas,Near Bus stop,Human Error,Not Applicable,Grievous Injury,Vehicle to Vehicle,No signal lights,Hump,Others,Not Applicable,Dry,Not Applicable,Fine,MANCHANAHALLI VILLAGE,MANCHANAHALLI VILLAGE,4 KM,12.773703,77.752282,0,0,0.0,0.0
Bengaluru Dist,Attibele PS,1.04421e+16,2022,1,2,Road Accidents,Not Applicable,Rural Areas,Open area,Human Error,No,Grievous Injury,Vehicle to Vehicle,Not Applicable,Hump,NH,Bitumen(Tar),Dry,Not Applicable,Fine,OPP ATTIBELE POLICE STATION,BEHIND OF ATTIBELE POLICE STATION,0.5 KM,12.778801,77.77172,0,0,0.0,0.0
Bengaluru Dist,Attibele PS,1.04421e+16,2022,1,1,Other Railway Accidents,Not Applicable,Rural Areas,Near Petrol Pump,Not Applicable,Not Applicable,Not Applicable,Not Applicable,Signal lights Automatic,Hump,Expressway,Gravel,Dry,Not Applicable,Fine,HIGHWAY,1,0.121,12.789554,77.751586,0,0,3.0,3.0
Bengaluru Dist,Attibele PS,1.04421e+16,2022,1,1,Road Accidents,Circle,Rural Areas,Near Bus stop,Vehicle Defect,Not Applicable,Fatal,Vehicle to Vehicle,Controlled,Curve,NH,Concrete,Others,Not Applicable,Fine,YADUVANAHALLY,1,1 KM,12.786513,77.741866,0,1,0.0,1.0
Bengaluru Dist,Attibele PS,1.04421e+16,2022,1,2,Road Accidents,Narrow road,Rural Areas,Near or inside a village,Human Error,No,Grievous Injury,Vehicle to Vehicle,Uncontrolled,Straight and flat,Others,Bitumen(Tar),Dry,Not Applicable,Fine,Attibele to Sarjapura road near Ragav hospital,Near Ragav hospital Attibele town,500 mt,12.783972,77.736054,0,0,0.0,0.0
Bengaluru Dist,Attibele PS,1.04421e+16,2022,1,2,Road Accidents,Cross roads,Rural Areas,Near Bus stop,Human Error,Yes,Grievous Injury,Vehicle to Vehicle,No signal lights,Curve,State Highway,Concrete,Dry,Not Applicable,Fine,ATTIBELE ANEKAL ROAD,ATTIBELE ANEKAL ROAD,3 KM,12.757121,77.761838,0,0,0.0,0.0
Bengaluru Dist,Attibele PS,1.04421e+16,2022,1,1,Not Applicable,Circle,Rural Areas,Near Hospital,Vehicle Defect,Not Applicable,Grievous Injury,Not Applicable,Controlled,Curve,NH,Concrete,Not Applicable,Construction Work / Material,Fine,NERALURU GATE,1,1 KM,12.791594,77.730404,2,0,0.0,2.0
Bengaluru Dist,Attibele PS,1.04421e+16,2022,1,2,Road Accidents,Not Applicable,Rural Areas,Near office complex,Human Error,No,Simple Injury,Vehicle to Vehicle,No signal lights,Others,NH,Concrete,Dry,Not Applicable,Fine,NH 7 HOSUR BANGALORE  OPP RTO OFFICE,NH 7 HOSUR BANGALORE  OPP,1 KM,12.780394,77.765365,0,0,0.0,0.0
Bengaluru Dist,Attibele PS,1.04421e+16,2022,1,2,Road Accidents,Junction,Rural Areas,Open area,Human Error,No,Grievous Injury,Vehicle to Vehicle,Controlled,Hump,NH,Concrete,Dry,Not Applicable,Fine,NH7 HOSUR BANGALORE MAIN ROAD NEAR ATTIBELE TOLL OPP MARUTI BEKARY,NH7 HOSUR BANGALORE MAIN ROAD NEAR ATTIBELE TOLL OPP MARUTI BEKARY,1KM,12.777278,77.775711,0,0,0.0,0.0
Bengaluru Dist,Attibele PS,1.04421e+16,2022,1,1,Not Applicable,Circle,Rural Areas,At pedestrian Crossing,Not Applicable,Not Applicable,Not Applicable,Vehicle to Vehicle,No signal lights,Dip or trough,Feeder Road,Concrete,Dry,Engineering Defect of Road,Dust Storn,NH 07,1,5 KM,12.788496,77.735015,4,0,0.0,4.0
Bengaluru Dist,Attibele PS,1.04421e+16,2022,1,1,Road Accidents,Circle,Rural Areas,Near Bus stop,Vehicle Defect,Not Applicable,Fatal,Vehicle to Vehicle,Controlled,Curve,Service Road,Concrete,Not Applicable,Construction Work / Material,Fine,SHETTY HALLY GATE,1,5 KM,0.0,0.0,2,0,0.0,2.0
Bengaluru Dist,Attibele PS,1.04421e+16,2022,1,1,Road Accidents,Circle,Rural Areas,Near Hospital,Vehicle Defect,Not Applicable,Fatal,Vehicle to Vehicle,Controlled,Curve,NH,Concrete,Dry,Drainage Ditch,Fine,ATTIBELE TOWN,1,1 KM,12.778675,77.769828,4,0,0.0,4.0
Bengaluru Dist,Attibele PS,1.04421e+16,2022,1,1,Road Accidents,Circle,Rural Areas,Open area,Human Error,No,Damage Only,Not Applicable,No signal lights,Curve,NH,Surfaced,Dry,Not Applicable,Others,NH 7 HOSUR BANGALOR MAIN ROAD NEAR ARCH,NH 7 HOSUR BANGALORE  MAIN ROAD NEAR ATTIBELE ARCH,1 KM,0.0,0.0,0,0,,
Bengaluru Dist,Attibele PS,1.04421e+16,2022,1,2,Road Accidents,Narrow road,City/Town,Near office complex,Human Error,No,Damage Only,Vehicle to Vehicle,Uncontrolled,Straight and flat,NH,Bitumen(Tar),Dry,No influence on accident,Fine,Near Attibele circle,near Attibele circle,100 mt,12.755999,77.780238,0,0,0.0,0.0
Bengaluru Dist,Attibele PS,1.04421e+16,2022,1,2,Road Accidents,Not Applicable,Rural Areas,Near Petrol Pump,Human Error,Not Applicable,Simple Injury,Vehicle to Vehicle,Not Applicable,Others,Others,Not Applicable,Others,Not Applicable,Others,ATTIBELE ANEKAL ROAD,PETROL BUNK,1,12.776697,77.749736,0,1,0.0,1.0
Bengaluru Dist,Attibele PS,1.04421e+16,2022,1,1,Road Accidents,Circle,Rural Areas,Near Bus stop,Vehicle Defect,No,Fatal,Vehicle to Vehicle,Controlled,Curve,NH,Concrete,Dry,Construction Work / Material,Fine,GUDDAHATTY GATE,4,4 KM,12.787619,77.736979,2,0,0.0,2.0
Bengaluru Dist,Attibele PS,1.04421e+16,2022,1,1,Not Applicable,Junction,Rural Areas,Near Bus stop,Not Applicable,Not Applicable,Not Applicable,Not Applicable,Not Applicable,Hump,Major District Road,Gravel,Dry,Not Applicable,Dust Storn,TVS ROAD ATTIBELE,1,5 KM,0.0,0.0,0,0,3.0,3.0
Bengaluru Dist,Attibele PS,1.04421e+16,2022,1,1,Not Applicable,Not Applicable,Rural Areas,Residential area,Not Applicable,Not Applicable,Fatal,Not Applicable,Not Applicable,Not Applicable,Not Applicable,Not Applicable,Not Applicable,Not Applicable,Not Applicable,ANEKAL HOSUR ROAD,ATTIBELE TOWN,1/2 KM,12.697564,77.759121,0,0,0.0,0.0
Bengaluru Dist,Attibele PS,1.04421e+16,2022,1,1,Road Accidents,Circle,Rural Areas,Near Bus stop,Vehicle Defect,No,Fatal,Vehicle to Vehicle,Controlled,Curve and Incline,Others,Concrete,Dry,Construction Work / Material,Fine,TV S ROAD,1,1 KM,12.749485,77.779408,2,0,0.0,2.0
Bengaluru Dist,Attibele PS,1.04421e+16,2022,1,2,Road Accidents,Circle,Rural Areas,Near Bus stop,Human Error,No,Grievous Injury,Vehicle to Vehicle,No signal lights,Not Applicable,NH,Concrete,Dry,Not Applicable,Fine,NH 7 HOSUR BANGALORE MAIN ROAD,NH 7 HOSUR BANGALORE MAIN ROAD,1 KM,12.779785,77.770102,0,0,0.0,0.0
Bengaluru Dist,Attibele PS,1.04421e+16,2022,1,1,Not Applicable,Not Applicable,Rural Areas,In bazaar,Not Applicable,Not Applicable,Not Applicable,Not Applicable,Not at  Junction,Not Applicable,NH,Gravel,Dry,Engineering Defect of Road,Cloudy,NH 7,1,5 KM,12.788523,77.735176,4,0,3.0,7.0
Bengaluru Dist,Attibele PS,1.04421e+16,2022,1,1,Road Accidents,Not Applicable,Rural Areas,Near Hospital,Vehicle Defect,Not Applicable,Fatal,Vehicle to Vehicle,Controlled,Curve,NH,Gravel,Not Applicable,Construction Work / Material,Fine,NERALOOR,1,3 KM,0.0,0.0,2,0,3.0,5.0
Bengaluru Dist,Attibele PS,1.04421e+16,2022,1,2,Road Accidents,Circle,Rural Areas,Near Bus stop,Human Error,No,Grievous Injury,Vehicle to Vehicle,Not Applicable,Others,Others,Concrete,Dry,Not Applicable,Fine,ATTIBELE SARJAPURA ROAD NEAR BIDARAGUPPE BUS STAND,ATTIBELE SARJAPURA ROAD NEAR BIDARAGUPPE BUS STAND,4 KM,12.805735,77.783836,0,0,0.0,0.0
Bengaluru Dist,Attibele PS,1.04421e+16,2022,1,1,Road Accidents,Circle,Rural Areas,Near Bus stop,Vehicle Defect,Yes,Fatal,Vehicle to Vehicle,Controlled,Hump,State Highway,Gravel,Flooded,Drainage Ditch,Fine,INDLABELE NEAR,1,2 KM,12.738352,77.752504,4,5,3.0,12.0
Bengaluru Dist,Attibele PS,1.04421e+16,2022,1,2,Road Accidents,Circle,Rural Areas,Near Bus stop,Human Error,No,Simple Injury,Vehicle to Vehicle,Give way sign,Straight and flat,NH,Concrete,Dry,Not Applicable,Fine,NH 7 HOSUR BANGALORE ROAD NEAR YADAVANAHALLI BUS STAND,NH 7 HOSUR BANGALORE ROAD NEAR YADAVANAHALLI BUS STAND,5 KM,12.784858,77.751058,0,0,0.0,0.0
Bengaluru Dist,Attibele PS,1.04421e+16,2022,1,1,Road Accidents,Cross roads,Rural Areas,Open area,Human Error,Not Applicable,Grievous Injury,Vehicle to Vehicle,No signal lights,Curve,One way,Surfaced,Dry,Not Applicable,Fine,ATTIBELE TVS ROAD DASANAPURA GATE,ATTIBELE TVS ROAD DASANAPURA GATE,3 KM,12.748685,77.779844,0,0,,
Bengaluru Dist,Attibele PS,1.04421e+16,2022,1,2,Road Accidents,Not Applicable,Rural Areas,Open area,Human Error,No,Grievous Injury,Vehicle to Vehicle,Not Applicable,Straight and flat,NH,Concrete,Others,Not Applicable,Fine,NH 7 BANGALORE  HOSUR MAIN ROAD,NH 7 BANGALORE HOSUR MAIN ROAD,1 KM,12.779029,77.768361,0,1,0.0,1.0
Bengaluru Dist,Attibele PS,1.04421e+16,2022,1,1,Road Accidents,Curves,City/Town,Near Petrol Pump,Not Applicable,Not Applicable,Not Applicable,Not Applicable,No signal lights,Others,One way,Not Applicable,Others,Construction Work / Material,Fine,SARJAPUR ROAD ATTIBELE,1,2 KM,12.784555,77.773007,2,1,0.0,3.0
Bengaluru Dist,Attibele PS,1.04421e+16,2022,1,2,Road Accidents,Cross roads,Rural Areas,Open area,Human Error,No,Grievous Injury,Vehicle to Vehicle,Not Applicable,Others,Others,Concrete,Dry,Not Applicable,Fine,ADIGONDANAHALLI VILLAGE GUDDAHATTI ROAD,ADIGONDANAHALLI GUDDAHATTI ROAD,6 KM,12.812534,77.7519019,0,0,0.0,0.0
Bengaluru Dist,Attibele PS,1.04421e+16,2022,1,2,Road Accidents,Circle,Rural Areas,Near a recreation place/cinema,Human Error,No,Grievous Injury,Vehicle to Vehicle,No signal lights,Others,NH,Concrete,Dry,Not Applicable,Fine,BENGALORE HOSUR NH 7 MAIN ROAD GUEST LINE CIRCLE,BENGALORE HOSUR NH 7 MAIN ROAD GUEST LINE CIRCLE,3,12.786747,77.741748,0,0,0.0,0.0
Bengaluru Dist,Attibele PS,1.04421e+16,2022,1,1,Not Applicable,Circle,Rural Areas,Open area,Vehicle Defect,No,Fatal,Vehicle to Vehicle,Uncontrolled,Curve,NH,Concrete,Not Applicable,Construction Work / Material,Fine,NEAR GHEST LINE CIRCLE,1,3,12.786572,77.741745,2,0,0.0,2.0
Bengaluru Dist,Attibele PS,1.04421e+16,2022,1,2,Road Accidents,Narrow road,City/Town,In bazaar,Human Error,No,Simple Injury,Vehicle to Vehicle,Controlled,Straight and flat,One way,Bitumen(Tar),Dry,No influence on accident,Clear,ATTIBELE SARJAPURA ROAD,OPP FAMILY BIG MARKET,40,12.75935,77.764496,0,0,0.0,0.0
Bengaluru Dist,Attibele PS,1.04421e+16,2022,1,2,Rail Road Accidents,Cross roads,Rural Areas,Near Bus stop,Human Error,Not Applicable,Not Applicable,Vehicle to Vehicle,Police / Manual,Others,Two way,Surfaced,Others,Not Applicable,Others,NH-7 BENGALORE HOSUR ROAD,NERALURU VILLAGE BUS STOP,5 KM,12.778361,77.7742019,0,1,,
Bengaluru Dist,Attibele PS,1.04421e+16,2022,1,2,Road Accidents,Narrow road,Rural Areas,Near office complex,Human Error,Yes,Simple Injury,Vehicle to Vehicle,Controlled,Others,NH,Surfaced,Others,Not Applicable,Others,NH-7,HOTEL,2 KM,12.783748,77.7569929,0,1,,
Bengaluru Dist,Attibele PS,1.04421e+16,2022,1,1,Road Accidents,Not Applicable,Rural Areas,Open area,Human Error,No,Grievous Injury,Hit pedestrian,Controlled,Straight and flat,State Highway,Bitumen(Tar),Not Applicable,Not Applicable,Fine,NATIONAL HIGHWAY 7,NEAR MCC BAR NH 7 ROAD ATTIBELE BORDE ARCH NEAR,1,12.774764,77.779822,0,0,0.0,0.0
Bengaluru Dist,Attibele PS,1.04421e+16,2022,1,1,Road Accidents,Junction,Rural Areas,Open area,Human Error,No,Grievous Injury,Hit pedestrian,Not Applicable,Others,NH,Surfaced,Dry,Not Applicable,Fine,NH 7 BANGALORE HOSUR MAIN ROAD ATTIBELE TOLL,NH 7 BANGALORE HOSUR MAIN ROAD,2 KM,12.777127,77.777103,0,0,,
Bengaluru Dist,Attibele PS,1.04421e+16,2022,1,1,Not Applicable,Circle,Rural Areas,Near Bus stop,Vehicle Defect,Not Applicable,Fatal,Vehicle to Vehicle,Controlled,Curve,NH,Not Applicable,Others,Construction Work / Material,Fine,ATTIBELE RTO CHECK POST,1,1 KM,12.781657,77.762314,2,1,0.0,3.0
Bengaluru Dist,Attibele PS,1.04421e+16,2022,1,2,Road Accidents,Narrow road,Rural Areas,Near a factory industrial area,Human Error,No,Damage Only,Vehicle to Vehicle,Not Applicable,Not Applicable,Service Road,Bitumen(Tar),Others,Not Applicable,Light Rain,BANGALORE HOSUR NH47 SERVICE ROAD,NEAR HMG GRANITE,3KM,12.786074,77.750426,0,1,0.0,1.0
Bengaluru Dist,Attibele PS,1.04421e+16,2022,1,1,Not Applicable,Junction,Rural Areas,Near Bus stop,Not Applicable,Not Applicable,Grievous Injury,Not Applicable,Not Applicable,Curve and Incline,Expressway,Gravel,Dry,Drainage Ditch,Others,HOSURU BENGALURU ROAD,1,5 KM,12.784189,77.75689,4,0,3.0,7.0
Bengaluru Dist,Attibele PS,1.04421e+16,2022,1,1,Road Accidents,Not Applicable,Rural Areas,Near or inside a village,Human Error,No,Grievous Injury,Not Applicable,Uncontrolled,Straight and flat,NH,Bitumen(Tar),Dry,Not Applicable,Fine,NH7 Bangaluru Hosur service road near Neraluru,Opp Canara bank,5 kms,12.787908,77.742113,0,0,0.0,0.0
Bengaluru Dist,Attibele PS,1.04421e+16,2022,1,1,Not Applicable,Not Applicable,Rural Areas,Residential area,Not Applicable,Not Applicable,Fatal,Not Applicable,Controlled,Not Applicable,NH,Not Applicable,Not Applicable,Not Applicable,Not Applicable,NH BENGALORE HOSUR MAIN ROAD,1,5 KM,12.739727,77.617109,0,0,0.0,0.0
Bengaluru Dist,Attibele PS,1.04421e+16,2022,1,2,Road Accidents,Not Applicable,Rural Areas,Open area,Human Error,No,Damage Only,Vehicle to Vehicle,No signal lights,Not Applicable,NH,Concrete,Dry,Not Applicable,Fine,NH 7 HOSUR BANGALORE MAIN ROAD INFRONT OF RTO OFFICE,NH 7 HOSUR BANGALORE MAIN ROAD  INFRONT OF RTO OFFICE,1 KM,12.780406,77.765502,0,0,0.0,0.0
Bengaluru Dist,Attibele PS,1.04421e+16,2022,1,2,Road Accidents,Not Applicable,Rural Areas,Near a factory industrial area,Human Error,Not Applicable,Grievous Injury,Vehicle to Vehicle,No signal lights,Others,NH,Concrete,Dry,Not Applicable,Fine,NH 7 HOSUR BANGALORE SERVICE ROAD OPP ASHOK LEYLAND SHOWROOM NERALURU,NH 7 HOSUR BANGALORE SERVICE ROAD OPP ASHOK LEYLAND SHOWROOM NERALURU,4 KM,0.0,0.0,0,0,0.0,0.0
Bengaluru Dist,Attibele PS,1.04421e+16,2022,1,2,Road Accidents,Cross roads,Rural Areas,Near Hospital,Human Error,No,Grievous Injury,Vehicle to Vehicle,No signal lights,Curve,NH,Concrete,Dry,Not Applicable,Fine,NH 7 SERVICE ROAD OXFORD HOSPETAL CROSS,NH 7 SERVICE ROAD OXFORD HOSPETAL CROSS,1 KM,12.783798,77.757696,0,0,0.0,0.0
Bengaluru Dist,Attibele PS,1.04421e+16,2022,1,2,Road Accidents,Narrow road,City/Town,Open area,Human Error,No,Damage Only,Vehicle to Vehicle,Controlled,Straight and flat,NH,Bitumen(Tar),Dry,No influence on accident,Clear,NH 7,ATTIBELE,50 MTR,12.778561,77.772606,0,0,0.0,0.0