DISTRICTNAME,UNITNAME,Crime_No,Year,RI,Noofvehicle_involved,Accident_Classification,Accident_Spot,Accident_Location,Accident_SubLocation,Main_Cause,Hit_Run,Severity,Collision_Type,Junction_Control,Road_Character,Road_Type,Surface_Type,Surface_Condition,Road_Condition,Weather,Accident_Road,Landmark_first,Distance_LandMark_First,Latitude,Longitude,Road_Condition_Score,Surface_Condition_Score,Surface_Type_Score,Road_Risk_Index
Bengaluru Dist,Attibele PS,1.04421e+16,2022,1,2,Road Accidents,Not Applicable,Rural Areas,Residential area,Human Error,Yes,Grievous Injury,Vehicle to Vehicle,No signal lights,Others,NH,Not Applicable,Dry,Not Applicable,Fine,NH 7,NH 7 BANGALORE HOSUR MAIN ROAD OPP LA CLASSIC HOTEL,3,12.783826,77.757094,0,0,0.0,0.0
Bengaluru Dist,Attibele PS,1.04421e+16,2022,1,1,Not Applicable,Not Applicable,Rural Areas,Residential area,Not Applicable,Not Applicable,Fatal,Not Applicable,Not Applicable,Not Applicable,NH,Bitumen(Tar),Not Applicable,Not Applicable,Not Applicable,ATTIBELE TOLL NEAR,ATTIBELE TOWN,1 KM,12.777687,77.7756349,0,0,0.0,0.0
Bengaluru Dist,Attibele PS,1.04421e+16,2022,1,1,Road Accidents,Circle,Rural Areas,Open area,Vehicle Defect,Not Applicable,Fatal,Vehicle to Vehicle,Controlled,Curve,NH,Concrete,Dry,Pot holed,Others,CHIKKANAHALLY CROSS,1,1/2 KM,12.789498,77.740279,5,0,0.0,5.0
Bengaluru Dist,Attibele PS,1.04421e+16,2022,1,1,Road Accidents,Circle,Rural Areas,Open area,Vehicle Defect,No,Fatal,Vehicle to Vehicle,Controlled,Curve,Others,Concrete,Muddy,Construction Work / Material,Fine,TV S ROAD,1,2KM,12.778789,77.771239,2,4,0.0,6.0
Bengaluru Dist,Attibele PS,1.04421e+16,2022,1,2,Road Accidents,Cross roads,Rural Areas,Near office complex,Human Error,No,Simple Injury,Vehicle to Vehicle,Not at  Junction,Others,NH,Surfaced,Others,Not Applicable,Fine,RTO OFFICE,500 MT,1 KM,12.778273,77.777287,0,1,,
Bengaluru Dist,Attibele PS,1.04421e+16,2022,1,2,Road Accidents,Circle,Rural Areas,Near Bus stop,Human Error,Yes,Simple Injury,Vehicle to Vehicle,No signal lights,Straight and flat,NH,Concrete,Dry,Not Applicable,Fine,NH 7 BANGALORE HOSUR ROAD NEAR LA CLOSSIC HOTEL,NH 7 BANGALORE HOSUR   NEAR LA CLOSSIC HOTEL,2 KM,12.783815,77.75715,0,0,0.0,0.0
Bengaluru Dist,Attibele PS,1.04421e+16,2022,1,2,Road Accidents,Circle,Rural Areas,Near Bus stop,Human Error,No,Simple Injury,Vehicle to Vehicle,Give way sign,Straight and flat,NH,Concrete,Dry,Not Applicable,Fine,NH 7 HOSUR BANGALORE MAIN ROAD OPP SCHNAIDER COMPANY  NEAR GUEST LINE  CIRCLE,NH 7 HOSUR BANGALORE MAIN ROAD,4 KM,12.785953,77.7449,0,0,0.0,0.0
Bengaluru Dist,Attibele PS,1.04421e+16,2022,1,2,Road Accidents,Cross roads,Rural Areas,Near Petrol Pump,Human Error,No,Grievous Injury,Vehicle to Vehicle,Not Applicable,Curve,NH,Metalled,Dry,Not Applicable,Fine,NH 7 BANGALORE TO HOSUR MAIN ROAD NEAR INDIAN PETROL BUNK YADAVANAHALLI VILLAGE,NH 7 BANGALORE  HOSUR MAIN ROAD,3 KM,12.781588,77.762475,0,0,2.0,2.0
Bengaluru Dist,Attibele PS,1.04421e+16,2022,1,2,Road Accidents,Cross roads,City/Town,In bazaar,Vehicle Defect,No,Grievous Injury,Vehicle to Vehicle,No signal lights,Curve,Others,Bitumen(Tar),Dry,Pot holed,Cloudy,MANCHANAHALLI ROAD ATTIBELE TOWN,SENT PHILOMINA SCHOOL,1 KM,0.0,0.0,5,0,0.0,5.0
Bengaluru Dist,Attibele PS,1.04421e+16,2022,1,1,Road Accidents,Circle,Rural Areas,Open area,Vehicle Defect,Not Applicable,Fatal,Vehicle to Vehicle,Controlled,Curve,NH,Concrete,Dry,Construction Work / Material,Fine,ATTIBELE TOLL,1,1 KM,12.776979,77.777226,2,0,0.0,2.0
Bengaluru Dist,Attibele PS,1.04421e+16,2022,1,2,Road Accidents,Circle,Rural Areas,Near a recreation place/cinema,Human Error,No,Grievous Injury,Vehicle to Vehicle,No signal lights,Curve,State Highway,Concrete,Dry,Not Applicable,Fine,SARJAPURA ATTIBELE ROAD NEAR MAYURA BEKARY,SARJAPURA ATTIBELE ROAD NEAR MAYURA BEKARY,1.5 KM,0.0,0.0,0,0,0.0,0.0
Bengaluru Dist,Attibele PS,1.04421e+16,2022,1,2,Road Accidents,Not Applicable,Rural Areas,Near a recreation place/cinema,Human Error,No,Grievous Injury,Vehicle to Vehicle,No signal lights,Others,NH,Concrete,Dry,Not Applicable,Fine,GUDDAHATTI ROAD INFRONT LAKE,GUDDAHATTI ROAD INFRONT LAKE,6 KM,12.799369,77.740838,0,0,0.0,0.0
Bengaluru Dist,Attibele PS,1.04421e+16,2022,1,1,Road Accidents,Circle,Rural Areas,Open area,Vehicle Defect,No,Fatal,Vehicle to Vehicle,Controlled,Curve,NH,Concrete,Dry,Construction Work / Material,Fine,yaduvanahally village laclasic hotel near,3,3 km,12.749872,77.77954,2,0,0.0,2.0
Bengaluru Dist,Attibele PS,1.04421e+16,2022,1,1,Road Accidents,Circle,Rural Areas,In bazaar,Vehicle Defect,Not Applicable,Fatal,Not Applicable,Controlled,Curve,State Highway,Concrete,Dry,Construction Work / Material,Clear,attibele sarjapura road,1,1 KM,12.784571,77.773519,2,0,0.0,2.0
Bengaluru Dist,Attibele PS,1.04421e+16,2022,1,2,Road Accidents,Not Applicable,Rural Areas,Open area,Human Error,Yes,Simple Injury,Vehicle to Vehicle,Give way sign,Others,NH,Concrete,Dry,Not Applicable,Fine,NH 7 HOSUR BANGALORE SERVICE ROAD  ATTIBELE BORDER,NH 7 HOSUR  BANGALORE MAIN ROAD ATTIBELE BORDER,1 KM,12.774634,77.780149,0,0,0.0,0.0
Bengaluru Dist,Attibele PS,1.04421e+16,2022,1,1,Road Accidents,Road hump or Rumble strips,Rural Areas,Near Bus stop,Human Error,Yes,Grievous Injury,Not Applicable,No signal lights,Hump,NH,Concrete,Dry,Not Applicable,Fine,nh 7 yadavanahalli village near guddahatti,YADAVANAHALLI VILLAGE NEAR GUDDAHATTI,3 KM,12.787735,77.7369069,0,0,0.0,0.0
Bengaluru Dist,Attibele PS,1.04421e+16,2022,1,1,Road Accidents,Junction,City/Town,Near Hospital,Road Environment Defect,No,Grievous Injury,Hit pedestrian,Not at  Junction,Crest of hill,NH,Bitumen(Tar),Dry,Construction Work / Material,Clear,BENGALORE HOSURE NH7 ROAD ATTIBELE TOLL,ATTIBELE TOLL,1 KM,12.777066,77.776129,2,0,0.0,2.0
Bengaluru Dist,Attibele PS,1.04421e+16,2022,1,2,Road Accidents,Not Applicable,Rural Areas,Near Bus stop,Human Error,No,Grievous Injury,Vehicle to Vehicle,No signal lights,Not Applicable,NH,Concrete,Dry,Not Applicable,Fine,GUDDAHATTI MAIN ROAD NEAR IN FRONT OF JAIPURI FACTORY,NEAR MAIN ROAD OF GUDDAHATTI IN  FRONT OF JAI PURI FACTORY,4 KM,12.792431,77.738433,0,0,0.0,0.0
Bengaluru Dist,Attibele PS,1.04421e+16,2022,1,1,Not Applicable,Cross roads,Rural Areas,Residential area,Not Applicable,Not Applicable,Fatal,Not Applicable,Not Applicable,Not Applicable,Not Applicable,Not Applicable,Not Applicable,Not Applicable,Not Applicable,ATTIBELE ANEKAL ROAD,NEAR MATTAPPA LAND,5 KM,12.751249,77.748325,0,0,0.0,0.0
Bengaluru Dist,Attibele PS,1.04421e+16,2022,1,1,Road Accidents,Circle,Rural Areas,Open area,Vehicle Defect,No,Fatal,Vehicle to Vehicle,Controlled,Curve,NH,Concrete,Others,Construction Work / Material,Fine,RTO CHECKPOST,1,1 KM,12.776403,77.77821,2,1,0.0,3.0
Bengaluru Dist,Attibele PS,1.04421e+16,2022,1,2,Road Accidents,Narrow road,Rural Areas,Near office complex,Human Error,No,Grievous Injury,Vehicle to Vehicle,Uncontrolled,Straight and flat,NH,Bitumen(Tar),Dry,Not Applicable,Fine,NH Bangaluru Hosur service road,Near Bharath service station attibele,500 mt,12.73727,77.73499,0,0,0.0,0.0
Bengaluru Dist,Attibele PS,1.04421e+16,2022,1,2,Road Accidents,Cross roads,Rural Areas,Near Petrol Pump,Human Error,Yes,Grievous Injury,Vehicle to Vehicle,No signal lights,Curve,One way,Concrete,Dry,Not Applicable,Fine,TIMMASANDRA GATE,TIMMASANDRA GATE NARAYANA PETROL BUNK  ATTIBELE,10,12.777891,77.746343,0,0,0.0,0.0
Bengaluru Dist,Attibele PS,1.04421e+16,2022,1,1,Not Applicable,Junction,Rural Areas,Near Bus stop,Vehicle Defect,No,Fatal,Vehicle to Vehicle,Controlled,Curve,Others,Concrete,Dry,Construction Work / Material,Fine,MCC BAR NEAR,1,1 KM,12.774985,77.7793999,2,0,0.0,2.0
Bengaluru Dist,Attibele PS,1.04421e+16,2022,1,2,Rail Road Accidents,Not Applicable,Rural Areas,Near office complex,Vehicle Defect,No,Grievous Injury,Vehicle to Vehicle,Controlled,Others,Two way,Surfaced,Others,Not Applicable,Fine,NH-7 BENGALORE HOSUR ROAD,LA CLASSIC HOTEL,2 KM,12.783834,77.756969,0,1,,
Bengaluru Dist,Attibele PS,1.04421e+16,2022,1,2,Road Accidents,Circle,Rural Areas,Near Bus stop,Human Error,No,Simple Injury,Vehicle to Vehicle,Not Applicable,Others,NH,Concrete,Dry,Not Applicable,Fine,NH 7 BANGALORE HOSUR MAIN ROAD NEAR LA CLOSSIC HOTEL,NH 7 BANGALORE HOSUR MAIN ROAD LA CLISSIC,3 KM,12.783555,77.757256,0,0,0.0,0.0
Bengaluru Dist,Attibele PS,1.04421e+16,2022,1,1,Road Accidents,Circle,Rural Areas,Near Bus stop,Human Error,No,Simple Injury,Vehicle to Vehicle,Not Applicable,Others,NH,Not Applicable,Dry,Not Applicable,Fine,NH 7  BANGALORE HOSUR ROAD YADVANAHALLI BUS STOP SERVICE ROAD NEAR RIGHT SIDE OF CAR WASHING SHOP,CAR WASHING SHOP YADAVANAHALLI BUS STAP,3 KM,12.78554,77.7508749,0,0,0.0,0.0
Bengaluru Dist,Attibele PS,1.04421e+16,2022,1,1,Road Accidents,Cross roads,Rural Areas,At pedestrian Crossing,Not Applicable,No,Grievous Injury,Hit pedestrian,Give way sign,Curve,Residential Street,Bitumen(Tar),Dry,Drainage Ditch,Clear,ATTIBELE TVS ROAD DASANAPURA GET,DASANAPURA GET,4 KM,12.748548,77.779817,4,0,0.0,4.0
Bengaluru Dist,Attibele PS,1.04421e+16,2022,1,2,Road Accidents,Circle,Rural Areas,Near Bus stop,Human Error,Yes,Grievous Injury,Vehicle to Vehicle,No signal lights,Others,NH,Not Applicable,Others,Not Applicable,Fine,NH 7 BANGALORE HOSUR SURVICE ROAD GUDDAHTTI GATE NEAR NAYARA PETROL BUNK,NH 7 BANGALORE HOSUR  SURVICE ROAD GUDDAHTTI GATE,4 KM,12.788214,77.736969,0,1,0.0,1.0
Bengaluru Dist,Attibele PS,1.04421e+16,2022,1,2,Road Accidents,Cross roads,Rural Areas,Open area,Human Error,Not Applicable,Simple Injury,Vehicle to Vehicle,No signal lights,Curve,State Highway,Bitumen(Tar),Dry,Not Applicable,Fine,ATTIBELE SARJAPURA ROAD,ATTIBELE  SARJAPURA ROAD NEAR BIDARAGUPPE,3 KM,12.783716,77.770904,0,0,0.0,0.0
Bengaluru Dist,Attibele PS,1.04421e+16,2022,1,1,Road Accidents,Not Applicable,Rural Areas,Near Bus stop,Vehicle Defect,No,Simple Injury,Vehicle to Vehicle,Controlled,Others,NH,Not Applicable,Dry,Not Applicable,Fine,BALAGARANAHALLY VILLAGE,1,1 KM,12.754994,77.786417,0,0,0.0,0.0
Bengaluru Dist,Attibele PS,1.04421e+16,2022,1,1,Other Railway Accidents,Circle,Rural Areas,Near Petrol Pump,Not Applicable,Not Applicable,Simple Injury,Not Applicable,Police / Manual,Gentle Incline or Climb,Others,Gravel,Dry,Not Applicable,Others,SARJAPUR ROAD ATTIBELE,1,2 KM,0.0,0.0,0,0,3.0,3.0
Bengaluru Dist,Attibele PS,1.04421e+16,2022,1,1,Not Applicable,Circle,Rural Areas,In bazaar,Human Error,Not Applicable,Not Applicable,Not Applicable,Not at  Junction,Curve,NH,Concrete,Dry,Not Applicable,Flooding of Slipways/Rivulets,ANEKAL ROAD,1,2 KM,12.805601,77.787939,0,0,0.0,0.0
Bengaluru Dist,Attibele PS,1.04421e+16,2022,1,1,Road Accidents,Junction,Rural Areas,Near a recreation place/cinema,Not Applicable,Not Applicable,Grievous Injury,Not Applicable,Not Applicable,Not Applicable,Forest Road,Gravel,Flooded,Not Applicable,Hail or Sleet,NH7 BANGALORE HOSUR ROAD,1,5 KM,12.785762,77.750926,0,5,3.0,8.0
Bengaluru Dist,Attibele PS,1.04421e+16,2022,1,1,Not Applicable,Not Applicable,City/Town,Open area,Not Applicable,Not Applicable,Fatal,Not Applicable,Not Applicable,Not Applicable,Not Applicable,Not Applicable,Not Applicable,Not Applicable,Not Applicable,ATTIBELE HOSUR ROAD NH 7,ATTIBELE TOWN,1 KM,12.774761,77.78005,0,0,0.0,0.0
Bengaluru Dist,Attibele PS,1.04421e+16,2022,1,1,Road Accidents,Junction,Rural Areas,Open area,Vehicle Defect,No,Grievous Injury,Hit pedestrian,Give way sign,Others,NH,Bitumen(Tar),Dry,Drainage Ditch,Clear,NH 7 HOSURU BENGALORE SERVICE ROAD NEAR LACLASIC HOTEL YADAVANAHALLI,LA CLASSIC HOTEL,2 KM,0.0,0.0,4,0,0.0,4.0
Bengaluru Dist,Attibele PS,1.04421e+16,2022,1,1,Road Accidents,Railway crossing,City/Town,Open area,Vehicle Defect,No,Simple Injury,Vehicle to Vehicle,Controlled,Straight and flat,NH,Concrete,Others,Not Applicable,Fine,A2B HOTEL,ATTIBELE TOWN,1/2 KM,12.781718,77.763898,0,1,0.0,1.0
Bengaluru Dist,Attibele PS,1.04421e+16,2022,1,1,Road Accidents,Circle,Rural Areas,Open area,Vehicle Defect,No,Not Applicable,Vehicle to Vehicle,Controlled,Curve,NH,Concrete,Dry,Not Applicable,Fine,attibele fly over,1,1 km,12.778316,77.774653,0,0,0.0,0.0
Bengaluru Dist,Attibele PS,1.04421e+16,2022,1,2,Road Accidents,Circle,Rural Areas,Open area,Human Error,No,Simple Injury,Vehicle to Vehicle,No signal lights,Others,Others,Concrete,Dry,Not Applicable,Fine,ATTIBELE ANEKAL ROAD NEAR MAYASANDRA,ATTIBELE ANEKAL ROAD,5 KM,12.744123,77.738741,0,0,0.0,0.0
Bengaluru Dist,Attibele PS,1.04421e+16,2022,1,1,Road Accidents,Not Applicable,Rural Areas,Open area,Human Error,No,Grievous Injury,Vehicle to Vehicle,Not Applicable,Curve,NH,Concrete,Dry,Not Applicable,Fine,NH 7 HOSUR BANGALORE SERVICE ROAD NEAR NERALURU,NH 7 HOSUR BANGALORE SERVICE ROAD NEAR NERALURU,3 KM,12.792292,77.727327,0,0,0.0,0.0
Bengaluru Dist,Attibele PS,1.04421e+16,2022,1,2,Road Accidents,Circle,Rural Areas,Near Bus stop,Human Error,Yes,Damage Only,Vehicle to Vehicle,No signal lights,Others,NH,Concrete,Dry,Not Applicable,Fine,NH 7 BANGALORE  HOSUR MAIN ROAD NEAR LAW CLOSSIC HOTEL,NH 7 BANGALORE  HOSUR MAIN ROAD,3 KM,12.783473,77.757613,0,0,0.0,0.0
Bengaluru Dist,Attibele PS,1.04421e+16,2022,1,2,Road Accidents,Cross roads,Rural Areas,Near Bus stop,Not Applicable,No,Grievous Injury,Vehicle to Vehicle,Controlled,Curve,Service Road,Concrete,Dry,Not Applicable,Fine,"ATTIBELE-YADAVANAHALLI SERVICE ROAD, YADAVANAHALLI VILLAGE",SERVICE ROAD,3 KM,12.783285,77.759412,0,0,0.0,0.0
Bengaluru Dist,Attibele PS,1.04421e+16,2022,1,1,Road Accidents,Cross roads,Rural Areas,Residential area,Not Applicable,No,Fatal,Vehicle to Vehicle,Not Applicable,Others,Others,Not Applicable,Others,Not Applicable,Others,ATTIBELE TVS ROAD,ATTIBELE TOWN,1 KM,12.748554,77.7799609,0,1,0.0,1.0
Bengaluru Dist,Attibele PS,1.04421e+16,2022,1,2,Road Accidents,Circle,Rural Areas,Near Bus stop,Human Error,Not Applicable,Grievous Injury,Vehicle to Vehicle,Not Applicable,Not Applicable,NH,Concrete,Dry,Not Applicable,Fine,NH 7 HOSUR BANGALORE  SERVICE ROAD BALAGARANAHALLI GATE,HOSUR BANGALORE NH 7 SERVICE ROAD,5 KM,0.0,0.0,0,0,0.0,0.0
Bengaluru Dist,Attibele PS,1.04421e+16,2022,1,1,Road Accidents,Junction,Rural Areas,Near Bus stop,Human Error,No,Grievous Injury,Hit pedestrian,No signal lights,Others,NH,Concrete,Dry,Not Applicable,Fine,NH 7 BANGALORE HOSUR SERVICE ROAD NEAR YADAVANAHALLI BUS STOP,NH 7 BANGALORE HOSUR SERVICE ROAD NEAR YADAVANAHALLI BUS STOP,4 KM,12.785071,77.751573,0,0,0.0,0.0
Bengaluru Dist,Attibele PS,1.04421e+16,2023,1,1,Not Applicable,Not Applicable,Rural Areas,Near Hospital,Vehicle Defect,Not Applicable,Fatal,Vehicle to Vehicle,Controlled,Others,Not Applicable,Gravel,Not Applicable,Construction Work / Material,Clear,NH7 SERVICE ROAD,1,3 KM,12.776623,77.777017,2,0,3.0,5.0
Bengaluru Dist,Attibele PS,1.04421e+16,2023,1,1,Not Applicable,Not Applicable,Rural Areas,Residential area,Not Applicable,Not Applicable,Not Applicable,Not Applicable,Not Applicable,Not Applicable,Not Applicable,Not Applicable,Not Applicable,Not Applicable,Others,ATTIBELE ANEKAL ROAD,NEAR BESTAMANAHALLI,8KM,12.525658,77.757054,0,0,0.0,0.0
Bengaluru Dist,Attibele PS,1.04421e+16,2023,1,1,Not Applicable,Not Applicable,Rural Areas,Open area,Not Applicable,Not Applicable,Grievous Injury,Not Applicable,Not Applicable,Not Applicable,Not Applicable,Not Applicable,Not Applicable,Not Applicable,Not Applicable,NH 7 SRI RAM COMPANY,NH 7 SRI RAM COMPANY,4 KM,12.771226,77.74878,0,0,0.0,0.0
Bengaluru Dist,Attibele PS,1.04421e+16,2023,1,1,Not Applicable,Not Applicable,Rural Areas,Open area,Human Error,No,Grievous Injury,Not Applicable,Not Applicable,Not Applicable,NH,Not Applicable,Not Applicable,Not Applicable,Not Applicable,Bengaluru Hosuru NH44,Bengaluru Hosuru Road,2 K M,12.784141,77.757225,0,0,0.0,0.0
Bengaluru Dist,Attibele PS,1.04421e+16,2023,1,1,Not Applicable,Not Applicable,Rural Areas,Residential area,Vehicle Defect,Not Applicable,Not Applicable,Not Applicable,Controlled,Not Applicable,NH,Bitumen(Tar),Not Applicable,Not Applicable,Not Applicable,NH 44 BENGALORE HOSUR ATTIBELE FLY OVER ENDING TOWARDS TOLL,1,1.5 KM,12.755631,77.729465,0,0,0.0,0.0
Bengaluru Dist,Attibele PS,1.04421e+16,2023,1,1,Not Applicable,Not Applicable,Rural Areas,Residential area,Not Applicable,Not Applicable,Not Applicable,Vehicle to Vehicle,Controlled,Not Applicable,NH,Bitumen(Tar),Not Applicable,Not Applicable,Not Applicable,NH 7,1,3KM,12.525658,77.472002,0,0,0.0,0.0
Bengaluru Dist,Attibele PS,1.04421e+16,2023,1,1,Not Applicable,Not Applicable,Rural Areas,Residential area,Not Applicable,Not Applicable,Not Applicable,Not Applicable,Controlled,Others,NH,Not Applicable,Not Applicable,Not Applicable,Not Applicable,BENGALORE HOSUR NH 7 ROAD,1,500 KM,12.773984,77.726981,0,0,0.0,0.0
Bengaluru Dist,Attibele PS,1.04421e+16,2023,1,1,Road Accidents,Curves,Rural Areas,Narrow bridge or culverts,Not Applicable,No,Grievous Injury,Not Applicable,Not Applicable,Curve,Major District Road,Bitumen(Tar),Dry,Not Applicable,Fine,ANEKAL-ATTIBELE ROAD,MAYASANDRA,4,12.748305,77.742797,0,0,0.0,0.0
Bengaluru Dist,Attibele PS,1.04421e+16,2023,1,2,Road Accidents,Not Applicable,Rural Areas,Open area,Not Applicable,No,Fatal,Not Applicable,Not Applicable,Straight and flat,NH,Bitumen(Tar),Dry,Not Applicable,Fine,NH 44,ASHIRVAD COMPANY,3 KM,12.525658,77.724952,0,0,0.0,0.0
Bengaluru Dist,Attibele PS,1.04421e+16,2023,1,1,Not Applicable,Not Applicable,Rural Areas,Residential area,Not Applicable,Not Applicable,Fatal,Not Applicable,Controlled,Not Applicable,NH,Not Applicable,Not Applicable,Not Applicable,Not Applicable,NH 7,1,5 KM,12.7922,77.729109,0,0,0.0,0.0
Bengaluru Dist,Attibele PS,1.04421e+16,2023,1,1,Not Applicable,Not Applicable,Rural Areas,Residential area,Not Applicable,Not Applicable,Fatal,Not Applicable,Controlled,Not Applicable,Others,Not Applicable,Not Applicable,Not Applicable,Not Applicable,TATTANAHALLI ROAD,1,10 KM,12.750612,77.730986,0,0,0.0,0.0
Bengaluru Dist,Attibele PS,1.04421e+16,2023,1,2,Road Accidents,Narrow road,Rural Areas,Near Petrol Pump,Not Applicable,Yes,Fatal,Vehicle to Vehicle,Not Applicable,Not Applicable,NH,Bitumen(Tar),Dry,Not Applicable,Fine,NH 44,INDIAN PETROL BUNK,4 KM,12.746501,77.724952,0,0,0.0,0.0
Bengaluru Dist,Attibele PS,1.04421e+16,2023,1,2,Road Accidents,Not Applicable,Rural Areas,Residential area,Human Error,No,Damage Only,Vehicle to Vehicle,Not Applicable,Others,NH,Bitumen(Tar),Dry,Not Applicable,Others,hosur bangalore nh 7 road,attibele border near toll gate,1km,12.771226,77.730986,0,0,0.0,0.0
Bengaluru Dist,Attibele PS,1.04421e+16,2023,1,1,Not Applicable,Not Applicable,Rural Areas,Residential area,Not Applicable,Not Applicable,Fatal,Vehicle to Vehicle,Controlled,Not Applicable,NH,Bitumen(Tar),Not Applicable,Not Applicable,Not Applicable,HOSUR BENGALORE NH 7,1,3 KM,12.736506,77.530509,0,0,0.0,0.0
Bengaluru Dist,Attibele PS,1.04421e+16,2023,1,1,Not Applicable,Not Applicable,Rural Areas,Near Bus stop,Human Error,No,Grievous Injury,Not Applicable,Not Applicable,Not Applicable,NH,Not Applicable,Not Applicable,Not Applicable,Not Applicable,NH44 Hosuru-Bengaluru Road,Oppsite to Laa Classic Hotel Hosuru Bengaluru NH44,2 K M,0.0,0.0,0,0,0.0,0.0
Bengaluru Dist,Attibele PS,1.04421e+16,2023,1,1,Not Applicable,Not Applicable,Rural Areas,Residential area,Not Applicable,Not Applicable,Not Applicable,Not Applicable,Controlled,Not Applicable,NH,Not Applicable,Not Applicable,Not Applicable,Not Applicable,YADAVANAHALLI,1,3KM,12.525658,68.236548,0,0,0.0,0.0
Bengaluru Dist,Attibele PS,1.04421e+16,2023,1,2,Road Accidents,Not Applicable,Rural Areas,Residential area,Human Error,No,Grievous Injury,Vehicle to Vehicle,No signal lights,Others,Others,Concrete,Dry,Not Applicable,Fine,SARJAPURA ATTIBELE ROAD,SARJAPURA  ATTIBELE ROAD,2,12.787279,77.774725,0,0,0.0,0.0
Bengaluru Dist,Attibele PS,1.04421e+16,2023,1,1,Not Applicable,Not Applicable,Rural Areas,Residential area,Not Applicable,Not Applicable,Not Applicable,Not Applicable,Not Applicable,Others,Not Applicable,Not Applicable,Not Applicable,Not Applicable,Others,VADDARAPALYA LAKE ROAD,VADDARAPALYA,5 KM,12.836968,77.617109,0,0,0.0,0.0
Bengaluru Dist,Attibele PS,1.04421e+16,2023,1,1,Road Accidents,Not Applicable,Rural Areas,Near Bus stop,Not Applicable,No,Grievous Injury,Not Applicable,Not Applicable,Not Applicable,Others,Not Applicable,Others,Not Applicable,Fine,NH 7 NEAR SLIDER COMPANY VADDARAPALYA,NH 7 NEAR SLIDER COMPANY VADDARAPALYA,2 KM,12.777973,77.747201,0,1,0.0,1.0
Bengaluru Dist,Attibele PS,1.04421e+16,2023,1,1,Not Applicable,Not Applicable,Rural Areas,Residential area,Not Applicable,Not Applicable,Not Applicable,Not Applicable,Controlled,Not Applicable,Service Road,Not Applicable,Not Applicable,Not Applicable,Not Applicable,BENGALORE HOSUR SERVICE ROAD,1,4 KM,12.750612,77.728643,0,0,0.0,0.0
Bengaluru Dist,Attibele PS,1.04421e+16,2023,1,1,Road Accidents,Not Applicable,City/Town,Near office complex,Not Applicable,No,Grievous Injury,Vehicle to Vehicle,Not Applicable,Not Applicable,NH,Not Applicable,Others,Not Applicable,Others,BALAGARANAHALLI ROAD,1,5 KM,12.770465,77.730763,0,1,0.0,1.0
Bengaluru Dist,Attibele PS,1.04421e+16,2023,1,1,Road Accidents,Not Applicable,Rural Areas,Residential area,Not Applicable,No,Grievous Injury,Hit pedestrian,Not Applicable,Others,Others,Not Applicable,Others,Not Applicable,Fine,NH ROAD NEAR ATTIBELE,NH ROAD NEAR ATTIBELE,1 KM,12.779922,77.795759,0,1,0.0,1.0
Bengaluru Dist,Attibele PS,1.04421e+16,2023,1,2,Road Accidents,Narrow road,Rural Areas,Near office complex,Human Error,No,Grievous Injury,Vehicle to Vehicle,Not at  Junction,Not Applicable,NH,Not Applicable,Dry,Not Applicable,Clear,NH 44,RTO CHECK POST,1.5,12.525658,77.724952,0,0,0.0,0.0
Bengaluru Dist,Attibele PS,1.04421e+16,2023,1,2,Not Applicable,Not Applicable,Rural Areas,Open area,Human Error,No,Damage Only,Not Applicable,Not Applicable,Not Applicable,NH,Not Applicable,Not Applicable,Not Applicable,Not Applicable,Hosuru Bengaluru NH44,Near RTO Checkpos Attibele,500 Mt,12.780586,77.764961,0,0,0.0,0.0
Bengaluru Dist,Attibele PS,1.04421e+16,2023,1,1,Road Accidents,Circle,Rural Areas,Near Hospital,Not Applicable,No,Grievous Injury,Hit pedestrian,No signal lights,Others,NH,Bitumen(Tar),Dry,Construction Work / Material,Clear,BENGFALORE HOSURE ROAD NH7 GUST LINE CIRCLE,GUST LINE CIRCLE,4 KM,12.746501,77.726981,2,0,0.0,2.0
Bengaluru Dist,Attibele PS,1.04421e+16,2023,1,2,Road Accidents,Not Applicable,Rural Areas,Near Petrol Pump,Human Error,No,Grievous Injury,Vehicle to Vehicle,No signal lights,Not Applicable,NH,Concrete,Dry,Not Applicable,Fine,HOSUR BANGALORE NH 7 SERVICE ROAD YADAVANAHALLI NEAR INDIAN PETROL BUNK,HOSUR BANGALORE NH 7 SERVICE ROAD YADAVANAHALLI NEAR INDIAN PETROL BUNK,3 KM,12.772399,77.768196,0,0,0.0,0.0
Bengaluru Dist,Attibele PS,1.04421e+16,2023,1,1,Not Applicable,Road hump or Rumble strips,Rural Areas,Near Bus stop,Vehicle Defect,No,Simple Injury,Not Applicable,Not Applicable,Not Applicable,NH,Not Applicable,Others,Not Applicable,Others,NH 7 NEAR  BALAJI LAYOUT ATTIBELE,NH 7 NEAR  BALAJI LAYOUT ATTIBELE,2 KM,12.78183,77.761869,0,1,0.0,1.0
Bengaluru Dist,Attibele PS,1.04421e+16,2023,1,1,Road Accidents,Not Applicable,Rural Areas,Near Bus stop,Vehicle Defect,Not Applicable,Fatal,Not Applicable,Not Applicable,Others,NH,Not Applicable,Others,Not Applicable,Others,NEAR ATTIBELE TOL,NEAR ATTIBELE TOL,1 KM,12.774854,77.779925,0,1,0.0,1.0
Bengaluru Dist,Attibele PS,1.04421e+16,2023,1,2,Not Applicable,Narrow road,Rural Areas,Near Bus stop,Not Applicable,Not Applicable,Damage Only,Not Applicable,Not at  Junction,Others,NH,Not Applicable,Not Applicable,Not Applicable,Very Cold,NH  7 BANGALORE HOSUR MAIN ROAD GUST LINE CIRCLE,NH 7 BANGALORE HOSUR   NEAR LA CLOSSIC HOTEL,2 KM,12.795249,77.7300859,0,0,0.0,0.0
Bengaluru Dist,Attibele PS,1.04421e+16,2023,1,1,Not Applicable,Not Applicable,City/Town,Open area,Not Applicable,Not Applicable,Not Applicable,Not Applicable,Not Applicable,Not Applicable,NH,Not Applicable,Not Applicable,Not Applicable,Not Applicable,NH 7 HOSUR BENGALORE MAIN ROAD,OTHERS,2 KM,23.856222,68.525635,0,0,0.0,0.0
Bengaluru Dist,Attibele PS,1.04421e+16,2023,1,1,Not Applicable,Not Applicable,City/Town,Open area,Not Applicable,No,Grievous Injury,Not Applicable,Not at  Junction,Not Applicable,NH,Not Applicable,Others,Not Applicable,Others,NH 7 NEAR GEST LINE,NH 7 NEAR GEST LINE,5 KM,12.78595,77.746584,0,1,0.0,1.0