DISTRICTNAME,UNITNAME,Crime_No,Year,RI,Noofvehicle_involved,Accident_Classification,Accident_Spot,Accident_Location,Accident_SubLocation,Main_Cause,Hit_Run,Severity,Collision_Type,Junction_Control,Road_Character,Road_Type,Surface_Type,Surface_Condition,Road_Condition,Weather,Accident_Road,Landmark_first,Distance_LandMark_First,Latitude,Longitude,Road_Condition_Score,Surface_Condition_Score,Surface_Type_Score,Road_Risk_Index
Bengaluru Dist,Attibele PS,1.04421e+16,2023,1,1,Not Applicable,Not Applicable,Rural Areas,Residential area,Not Applicable,Not Applicable,Not Applicable,Not Applicable,Controlled,Others,NH,Not Applicable,Others,Not Applicable,Others,NH 7,1,1KM,12.525658,77.472002,0,1,0.0,1.0
Bengaluru Dist,Attibele PS,1.04421e+16,2023,1,1,Not Applicable,Not Applicable,Rural Areas,Residential area,Not Applicable,Not Applicable,Not Applicable,Not Applicable,Controlled,Not Applicable,NH,Surfaced,Not Applicable,Not Applicable,Not Applicable,ATTIBELE SRAJAPURA ROAD,1,3KM,12.751249,77.729465,0,0,,
Bengaluru Dist,Attibele PS,1.04421e+16,2023,1,1,Not Applicable,Not Applicable,Rural Areas,Residential area,Not Applicable,Not Applicable,Not Applicable,Hit pedestrian,Controlled,Others,NH,Bitumen(Tar),Not Applicable,Not Applicable,Not Applicable,HOSUR BENGALORE NH 7,1,1.5 KM,12.525658,77.472002,0,0,0.0,0.0
Bengaluru Dist,Attibele PS,1.04421e+16,2023,1,2,Road Accidents,Cross roads,Rural Areas,Near Bus stop,Human Error,No,Damage Only,Vehicle to Vehicle,No signal lights,Others,Others,Concrete,Dry,Not Applicable,Fine,SARJAPURA ATTIBELE ROAD,SARJAPURA ATTIBELE ROAD,5,12.805655,77.78359,0,0,0.0,0.0
Bengaluru Dist,Attibele PS,1.04421e+16,2023,1,1,Not Applicable,Not Applicable,Rural Areas,Near Bus stop,Not Applicable,Not Applicable,Not Applicable,Not Applicable,Controlled,Not Applicable,NH,Not Applicable,Not Applicable,Not Applicable,Fine,neraluru,1,23km,12.800805,77.730986,0,0,0.0,0.0
Bengaluru Dist,Attibele PS,1.04421e+16,2023,1,1,Not Applicable,Not Applicable,Rural Areas,Residential area,Not Applicable,Not Applicable,Not Applicable,Not Applicable,Controlled,Not Applicable,NH,Not Applicable,Not Applicable,Not Applicable,Not Applicable,BENGALORE HOSUR NH 7,1,3 KM,12.750612,77.74878,0,0,0.0,0.0
Bengaluru Dist,Attibele PS,1.04421e+16,2023,1,1,Road Accidents,Not Applicable,Rural Areas,Open area,Not Applicable,No,Damage Only,Not Applicable,Not Applicable,Not Applicable,NH,Not Applicable,Not Applicable,Not Applicable,Others,NH  7 BANGALORE HOSUR MAIN ROAD GUST LINE CIRCLE,NH  7 BANGALORE HOSUR MAIN ROAD GUST LINE CIRCLE,3 KM,12.77729,77.776531,0,0,0.0,0.0
Bengaluru Dist,Attibele PS,1.04421e+16,2023,1,1,Not Applicable,Narrow road,Rural Areas,Open area,Not Applicable,No,Fatal,Hit pedestrian,Not Applicable,Not Applicable,NH,Bitumen(Tar),Dry,Not Applicable,Fine,NH 44,attibele toll,1 kmm,12.714233,77.724952,0,0,0.0,0.0
Bengaluru Dist,Attibele PS,1.04421e+16,2023,1,1,Not Applicable,Not Applicable,Rural Areas,Residential area,Not Applicable,Not Applicable,Not Applicable,Not Applicable,Controlled,Hump,NH,Not Applicable,Others,Not Applicable,Not Applicable,HOSUR BENGALORE NH 7 SERVICE ROAD,1,3KM,12.751249,77.724952,0,1,0.0,1.0
Bengaluru Dist,Attibele PS,1.04421e+16,2023,1,1,Not Applicable,Not Applicable,City/Town,Near Bus stop,Human Error,No,Grievous Injury,Not Applicable,Not Applicable,Not Applicable,Not Applicable,Not Applicable,Not Applicable,Not Applicable,Not Applicable,Bengaluru Hosuru NH44,Near Attibele Circle Attibele,200Mtr,12.778671,77.770483,0,0,0.0,0.0
Bengaluru Dist,Attibele PS,1.04421e+16,2023,1,1,Not Applicable,Not Applicable,Rural Areas,Residential area,Not Applicable,Not Applicable,Fatal,Not Applicable,Not Applicable,Not Applicable,Not Applicable,Not Applicable,Not Applicable,Not Applicable,Not Applicable,ATTIBELE ANEKAL ROAD,NEAR HAROHALLI,5 KM,12.755631,77.75713,0,0,0.0,0.0
Bengaluru Dist,Attibele PS,1.04421e+16,2023,1,1,Not Applicable,Not Applicable,Rural Areas,Residential area,Not Applicable,Not Applicable,Fatal,Not Applicable,Controlled,Hump,NH,Bitumen(Tar),Not Applicable,Not Applicable,Others,BALAGARANAHALLI,1,2KM,12.525658,77.617091,0,0,0.0,0.0
Bengaluru Dist,Attibele PS,1.04421e+16,2023,1,1,Road Accidents,Cross roads,Rural Areas,At pedestrian Crossing,Human Error,Yes,Grievous Injury,Hit pedestrian,No signal lights,Curve,Others,Concrete,Dry,Not Applicable,Others,ATTIBELE SARJAPURA ROAD,ATTIBELE SARJAPURA ROAD NEAR FAMILY MART,5 KM,0.0,0.0,0,0,0.0,0.0
Bengaluru Dist,Attibele PS,1.04421e+16,2023,1,1,Not Applicable,Not Applicable,Rural Areas,Residential area,Not Applicable,Not Applicable,Not Applicable,Not Applicable,Controlled,Not Applicable,Others,Surfaced,Others,Not Applicable,Others,BALLURU VILLAGE,1,8KM,12.000536,77.724952,0,1,,
Bengaluru Dist,Attibele PS,1.04421e+16,2023,1,2,Not Applicable,Not Applicable,Rural Areas,Near Bus stop,Not Applicable,No,Simple Injury,Not Applicable,Not Applicable,Others,NH,Not Applicable,Others,Not Applicable,Fine,NH 7 NEAR YADAVANAHALLI,NH 7 NEAR YADAVANAHALLI,5 KM,0.0,0.0,0,1,0.0,1.0
Bengaluru Dist,Attibele PS,1.04421e+16,2023,1,2,Road Accidents,Road hump or Rumble strips,Rural Areas,Open area,Not Applicable,No,Damage Only,Not Applicable,Not Applicable,Others,State Highway,Surfaced,Others,Not Applicable,Fine,ATTIBELE ANEKAL ROAD NEAR  DHL COMPANY,ATTIBELE ANEKAL ROAD NEAR  DHL COMPANY,6 KM,12.746501,77.739462,0,1,,
Bengaluru Dist,Attibele PS,1.04421e+16,2023,1,2,Road Accidents,Road hump or Rumble strips,Rural Areas,Open area,Not Applicable,Not Applicable,Damage Only,Not Applicable,Not Applicable,Hump,NH,Surfaced,Others,Not Applicable,Fine,NH 4 BANGALORE HOSUR ROAD NEAR ATTIBELE TOLL,NH 4 BANGALORE HOSUR ROAD NEAR ATTIBELE TOLL,1 KM,12.777443,77.776036,0,1,,
Bengaluru Dist,Attibele PS,1.04421e+16,2023,1,1,Not Applicable,Not Applicable,Rural Areas,Residential area,Not Applicable,Not Applicable,Not Applicable,Not Applicable,Controlled,Not Applicable,Residential Street,Not Applicable,Not Applicable,Not Applicable,Not Applicable,ATTIBELE ANEKAL ROAD,1,1 KM,12.525658,77.472002,0,0,0.0,0.0
Bengaluru Dist,Attibele PS,1.04421e+16,2023,1,2,Road Accidents,Cross roads,Rural Areas,Near or inside a village,Human Error,No,Damage Only,Vehicle to Vehicle,Uncontrolled,Others,NH,Bitumen(Tar),Dry,Not Applicable,Fine,Hosur bangalore nh 7 road,NH 7 ROAD ATTIBELE BORDER U TURN,1KM,12.774789,77.780226,0,0,0.0,0.0
Bengaluru Dist,Attibele PS,1.04421e+16,2023,1,2,Road Accidents,Junction,Rural Areas,Open area,Human Error,No,Grievous Injury,Vehicle to Vehicle,No signal lights,Others,Others,Concrete,Dry,Not Applicable,Fine,INDLABELE NEAR HARVEST SCHOOL,INDLABELE NEAR HARVEST SCHOOL,6 KM,12.791551,77.777499,0,0,0.0,0.0
Bengaluru Dist,Attibele PS,1.04421e+16,2023,1,2,Road Accidents,Junction,Rural Areas,Near a factory industrial area,Human Error,No,Simple Injury,Vehicle to Vehicle,Not Applicable,Others,NH,Bitumen(Tar),Dry,Not Applicable,Fine,HOSUR-BANGALORE NH7 ROAD,GUESTLINE CIRCLE,4KM,12.775491,77.74878,0,0,0.0,0.0
Bengaluru Dist,Attibele PS,1.04421e+16,2023,1,2,Road Accidents,Not Applicable,Rural Areas,Near a recreation place/cinema,Human Error,No,Grievous Injury,Vehicle to Vehicle,No signal lights,Hump,Others,Concrete,Dry,Not Applicable,Fine,SARJAPURA ATTIBELE ROAD NEAR MAYURA BEKARY,SARJAPURA ATTIBELE ROAD NEAR MAYURA BEKARY,1 KM,12.755403,77.791504,0,0,0.0,0.0
Bengaluru Dist,Attibele PS,1.04421e+16,2023,1,1,Road Accidents,Narrow road,Rural Areas,Open area,Not Applicable,No,Damage Only,Not Applicable,Not at  Junction,Others,NH,Not Applicable,Others,Not Applicable,Fine,NH 7 NEAR YAWAVANAHALLI,NH 7 NEAR YAWAVANAHALLI,5 KM,12.751249,77.617109,0,1,0.0,1.0
Bengaluru Dist,Attibele PS,1.04421e+16,2023,1,1,Not Applicable,Not Applicable,Rural Areas,Open area,Not Applicable,No,Simple Injury,Not Applicable,Not Applicable,Others,Others,Not Applicable,Others,Not Applicable,Not Applicable,NH 7 NEAR BALAGARANAHALLI,NH 7 NEAR BALAGARANAHALLI,4 KM,0.0,0.0,0,1,0.0,1.0
Bengaluru Dist,Attibele PS,1.04421e+16,2023,1,2,Not Applicable,Road hump or Rumble strips,Rural Areas,Near Bus stop,Not Applicable,No,Damage Only,Not Applicable,Not Applicable,Not Applicable,Others,Not Applicable,Others,Not Applicable,Fine,nh 7 yadavanahalli village near guddahatti,YADAVANAHALLI VILLAGE NEAR GUDDAHATTI,YADAVA,0.0,0.0,0,1,0.0,1.0
Bengaluru Dist,Attibele PS,1.04421e+16,2023,1,1,Not Applicable,Not Applicable,Rural Areas,Residential area,Not Applicable,Not Applicable,Not Applicable,Not Applicable,Controlled,Not Applicable,Others,Not Applicable,Not Applicable,Not Applicable,Not Applicable,DASANPURA ROAD,1,7 KM,12.757833,77.74878,0,0,0.0,0.0
Bengaluru Dist,Attibele PS,1.04421e+16,2023,1,1,Rail Road Accidents,Not Applicable,Rural Areas,Open area,Not Applicable,No,Simple Injury,Not Applicable,Not Applicable,Others,NH,Not Applicable,Not Applicable,Not Applicable,Others,NH 7,NEAR NH,1,12.775491,77.779176,0,0,0.0,0.0
Bengaluru Dist,Attibele PS,1.04421e+16,2023,1,1,Not Applicable,Not Applicable,Rural Areas,Open area,Human Error,No,Not Applicable,Not Applicable,Not Applicable,Not Applicable,Not Applicable,Not Applicable,Not Applicable,Not Applicable,Not Applicable,Jigala-Attibele Road,JigalaAttibele Road Near Muneswara Temple,3 K M,12.797563,77.759483,0,0,0.0,0.0
Bengaluru Dist,Attibele PS,1.04421e+16,2023,1,1,Not Applicable,Curves,Rural Areas,Open area,Human Error,Yes,Damage Only,Not Applicable,Not Applicable,Curve,Not Applicable,Not Applicable,Not Applicable,Not Applicable,Not Applicable,Kambalipur-Muthsandra Road,Near Mahadevappa House,5 K M,12.759385,77.743155,0,0,0.0,0.0
Bengaluru Dist,Attibele PS,1.04421e+16,2023,1,1,Not Applicable,Junction,Rural Areas,Near Petrol Pump,Not Applicable,Not Applicable,Not Applicable,Vehicle to Vehicle,Not at  Junction,Not Applicable,Not Applicable,Concrete,Flooded,Not Applicable,Light Rain,TVS ROAD ATTIBELE,1,5 KM,12.795765,77.726805,0,5,0.0,5.0
Bengaluru Dist,Attibele PS,1.04421e+16,2023,1,2,Not Applicable,Not Applicable,Rural Areas,Open area,Not Applicable,Not Applicable,Fatal,Vehicle to Vehicle,Controlled,Not Applicable,NH,Bitumen(Tar),Not Applicable,Not Applicable,Not Applicable,HOSUR BENGALORE NH 7,1,2 KM,12.736506,77.472002,0,0,0.0,0.0
Bengaluru Dist,Attibele PS,1.04421e+16,2023,1,2,Road Accidents,Junction,Rural Areas,Open area,Road Environment Defect,No,Simple Injury,Vehicle to Vehicle,Give way sign,Curve,Others,Bitumen(Tar),Dry,Pot holed,Clear,DASANAPURA GET ATTIBELE,DASANAPURA GET,5 KM,12.751249,77.726981,5,0,0.0,5.0
Bengaluru Dist,Attibele PS,1.04421e+16,2023,1,1,Road Accidents,Cross roads,Rural Areas,Near a religious place,Not Applicable,No,Grievous Injury,Not Applicable,Controlled,Others,NH,Not Applicable,Not Applicable,Not Applicable,Fine,YADAVANAHALLI,1,3 KM,12.771226,77.795759,0,0,0.0,0.0
Bengaluru Dist,Attibele PS,1.04421e+16,2023,1,1,Not Applicable,Not Applicable,Rural Areas,Residential area,Not Applicable,Not Applicable,Not Applicable,Not Applicable,Controlled,Not Applicable,Others,Not Applicable,Not Applicable,Not Applicable,Not Applicable,ATTIBELE SARJAPURA ROAD,1,3KM,12.812527,77.782939,0,0,0.0,0.0
Bengaluru Dist,Attibele PS,1.04421e+16,2023,1,1,Not Applicable,Not Applicable,Rural Areas,Residential area,Not Applicable,Not Applicable,Not Applicable,Not Applicable,Controlled,Others,NH,Not Applicable,Others,Not Applicable,Not Applicable,HOSUR BENGALORE NH 7,1,3 KM,12.786011,77.743228,0,1,0.0,1.0
Bengaluru Dist,Attibele PS,1.04421e+16,2023,1,1,Not Applicable,Not Applicable,Rural Areas,Near Bus stop,Not Applicable,Not Applicable,Grievous Injury,Not Applicable,Not Applicable,Not Applicable,NH,Concrete,Not Applicable,Not Applicable,Clear,SUJUKI SHOW ROOM,1,1KM,12.779565,77.768984,0,0,0.0,0.0
Bengaluru Dist,Attibele PS,1.04421e+16,2023,1,1,Not Applicable,Not Applicable,Rural Areas,Residential area,Not Applicable,Not Applicable,Not Applicable,Not Applicable,Controlled,Not Applicable,NH,Not Applicable,Not Applicable,Not Applicable,Others,HOSUR BENGALORE ROAD ATTIBELE TOLL,1,500 MT,12.75482,77.724952,0,0,0.0,0.0
Bengaluru Dist,Attibele PS,1.04421e+16,2023,1,2,Road Accidents,Junction,Rural Areas,Near Bus stop,Human Error,No,Grievous Injury,Vehicle to Vehicle,Not Applicable,Others,NH,Concrete,Dry,Not Applicable,Fine,NH 7 ROAD HOSUR BANGALORE NEAR YADAVANAHALLI VILLAGE,NH 7 HOSUR BANGALORE NEAR YADAVANAHALLI BUS STAND,4 KM,12.716803,77.7370939,0,0,0.0,0.0
Bengaluru Dist,Attibele PS,1.04421e+16,2023,1,2,Road Accidents,Junction,Rural Areas,Open area,Human Error,Yes,Grievous Injury,Vehicle to Vehicle,No signal lights,Others,Others,Concrete,Dry,Not Applicable,Fine,TVS ROAD MSIL BAR NEAR,ATTIBELE TVS ROAD NEAR MSIL BAR,7,12.763208,77.772284,0,0,0.0,0.0
Bengaluru Dist,Attibele PS,1.04421e+16,2023,1,4,Not Applicable,Not Applicable,Rural Areas,Open area,Not Applicable,No,Not Applicable,Vehicle to Vehicle,Not Applicable,Not Applicable,NH,Bitumen(Tar),Dry,Not Applicable,Fine,nh 44,iciri bar and restourant,1.5,12.77501,77.779747,0,0,0.0,0.0
Bengaluru Dist,Attibele PS,1.04421e+16,2023,1,1,Not Applicable,Not Applicable,City/Town,Near School or College,Not Applicable,Not Applicable,Fatal,Hit pedestrian,Controlled,Not Applicable,NH,Bitumen(Tar),Others,Not Applicable,Not Applicable,HOSUR BENGALORE NH 44,1,3 KM,12.736506,77.530509,0,1,0.0,1.0
Bengaluru Dist,Attibele PS,1.04421e+16,2023,1,2,Road Accidents,Cross roads,City/Town,Open area,Not Applicable,No,Grievous Injury,Vehicle to Vehicle,Not at  Junction,Others,Not Applicable,Bitumen(Tar),Dry,Not Applicable,Clear,attibele-sarajpur road,jigal cross,1 kmm,0.0,0.0,0,0,0.0,0.0
Bengaluru Dist,Attibele PS,1.04421e+16,2023,1,1,Road Accidents,Junction,Rural Areas,Near a factory industrial area,Human Error,Yes,Grievous Injury,Hit pedestrian,Not Applicable,Not Applicable,NH,Not Applicable,Not Applicable,No influence on accident,Not Applicable,Hpsuru Bengaluru NH44,U TURN,5 K M,0.0,0.0,0,0,0.0,0.0
Bengaluru Dist,Attibele PS,1.04421e+16,2023,1,2,Road Accidents,Road hump or Rumble strips,Rural Areas,Open area,Not Applicable,Yes,Damage Only,Not Applicable,Not Applicable,Hump,Expressway,Not Applicable,Others,Not Applicable,Others,NH 4 HOSUR BANGALORE ROAD NEAR RTO OFFICE,NH 4 HOSUR BANGALORE ROAD NEAR NH 4 HOSUR BANGALORE ROAD NEAR RTO OFFICERTO OFFICE,WEST 2,12.800805,77.769476,0,1,0.0,1.0
Bengaluru Dist,Attibele PS,1.04421e+16,2023,1,2,Road Accidents,Road hump or Rumble strips,Rural Areas,Open area,Vehicle Defect,No,Damage Only,Vehicle to Vehicle,Not Applicable,Others,NH,Not Applicable,Others,Not Applicable,Others,NH 4 HOSUR BANGALORE ROAD NEAR RTO OFFICE,NH 4 HOSUR BANGALORE ROAD NEAR NH 4 HOSUR BANGALORE ROAD NEAR RTO OFFICERTO OFFICE,WEST 1,12.525658,77.472002,0,1,0.0,1.0
Bengaluru Dist,Attibele PS,1.04421e+16,2023,1,1,Other Railway Accidents,Offset,Rural Areas,Near a factory industrial area,Human Error,Not Applicable,Not Applicable,Hit pedestrian,Not Applicable,Hump,NH,Kutcha,Flooded,No influence on accident,Light Rain,NH HIGHWAY NEAR NELARURU GATE,1,5 KM,12.775898,77.774951,0,5,4.0,9.0
Bengaluru Dist,Attibele PS,1.04421e+16,2023,1,1,Not Applicable,Not Applicable,Rural Areas,Residential area,Human Error,No,Damage Only,Not Applicable,No signal lights,Others,NH,Concrete,Dry,Not Applicable,Fine,NH 7 HOSUR BANGALORE,NH 7 HOSUR BANGALORE ROAD ATTIBELE BORDER,1 KM,12.774794,77.7798429,0,0,0.0,0.0
Bengaluru Dist,Attibele PS,1.04421e+16,2023,1,2,Road Accidents,Junction,Rural Areas,Near office complex,Human Error,No,Simple Injury,Vehicle to Vehicle,No signal lights,Hump,NH,Concrete,Dry,Not Applicable,Fine,NH 7 HOSUR BANGALORE IN FRONT OF RTO CHECK POST,NH 7 HOSUR BANGALORE MAIN ROAD,1 KM,0.0,0.0,0,0,0.0,0.0
Bengaluru Dist,Attibele PS,1.04421e+16,2023,1,2,Rail Road Accidents,Not Applicable,Rural Areas,At pedestrian Crossing,Human Error,No,Damage Only,Vehicle to Vehicle,No signal lights,Not Applicable,NH,Concrete,Dry,Not Applicable,Fine,CHANDAPURA ATTIBELE SURVICE ROAD,ATTIBELE SURVICE ROAD,5 KM,12.792888,77.726681,0,0,0.0,0.0
Bengaluru Dist,Attibele PS,1.04421e+16,2023,1,1,Not Applicable,Not Applicable,Rural Areas,Residential area,Not Applicable,Not Applicable,Fatal,Not Applicable,Controlled,Curve,Others,Not Applicable,Not Applicable,Not Applicable,Others,NERALURU VILLAGE,1,5KM,12.736506,77.472002,0,0,0.0,0.0
Bengaluru Dist,Attibele PS,1.04421e+16,2023,1,1,Road Accidents,Not Applicable,Rural Areas,Open area,Not Applicable,No,Damage Only,Not Applicable,Not at  Junction,Others,NH,Not Applicable,Not Applicable,Not Applicable,Others,NH 7 NEAT ATTIBELE TOL,NH 7 NEAT ATTIBELE TOL,2 KM,12.780833,77.764557,0,0,0.0,0.0
Bengaluru Dist,Attibele PS,1.04421e+16,2023,1,1,Road Accidents,Circle,Rural Areas,Near Bus stop,Not Applicable,Yes,Fatal,Vehicle to Vehicle,Uncontrolled,Straight and flat,NH,Surfaced,Dry,Not Applicable,Fine,Guest line circle,1,5 km,12.785356,77.751119,0,0,,
Bengaluru Dist,Attibele PS,1.04421e+16,2023,1,2,Road Accidents,Circle,Rural Areas,Near a recreation place/cinema,Human Error,No,Grievous Injury,Vehicle to Vehicle,Not Applicable,Others,NH,Concrete,Dry,Not Applicable,Fine,NH 7 BAN HOSUR MAIN ROAD GUEST LINE CIRCLE NEAR BHARTH PETRUL BUNK,GUEST LINE CIRCLE NEAR BHARTH PETRUL BUNK,3 KM,12.798724,77.761415,0,0,0.0,0.0
Bengaluru Dist,Attibele PS,1.04421e+16,2023,1,2,Rail Road Accidents,Circle,Rural Areas,Near a recreation place/cinema,Human Error,No,Grievous Injury,Vehicle to Vehicle,No signal lights,Others,NH,Concrete,Dry,Not Applicable,Fine,NH 7 BALAGARANAHALL I ROAD NEAR LAXMI TIMBARS,NH 7HOSUR BANGALORE SERVICE ROAD BALAGARANHALLI NEAR LAXMI TIMBERS,3 KM,12.778054,77.771366,0,0,0.0,0.0
Bengaluru Dist,Attibele PS,1.04421e+16,2023,1,1,Not Applicable,Not Applicable,Rural Areas,Residential area,Not Applicable,Not Applicable,Not Applicable,Not Applicable,Controlled,Not Applicable,NH,Not Applicable,Others,Not Applicable,Others,NH 7,1,3 KM,12.803119,77.728643,0,1,0.0,1.0
Bengaluru Dist,Attibele PS,1.04421e+16,2023,1,1,Not Applicable,Not Applicable,Rural Areas,Open area,Not Applicable,Not Applicable,Grievous Injury,Not Applicable,Not Applicable,Not Applicable,Not Applicable,Not Applicable,Not Applicable,Not Applicable,Not Applicable,ANEKAL ROAD,ANEKAL ROAD,ANEKAL,0.0,0.0,0,0,0.0,0.0
Bengaluru Dist,Attibele PS,1.04421e+16,2023,1,1,Not Applicable,Not Applicable,City/Town,Near Bus stop,Not Applicable,No,Not Applicable,Not Applicable,Uncontrolled,Curve,Others,Not Applicable,Others,Not Applicable,Others,BHAKTIPURA GATE,1,3 KM,12.749288,77.730062,0,1,0.0,1.0
Bengaluru Dist,Attibele PS,1.04421e+16,2023,1,1,Not Applicable,Not Applicable,City/Town,Open area,Vehicle Defect,Not Applicable,Not Applicable,Not Applicable,Uncontrolled,Others,Not Applicable,Not Applicable,Not Applicable,Not Applicable,Others,biduruguppe lake,1,2 km,12.754605,77.730062,0,0,0.0,0.0
Bengaluru Dist,Attibele PS,1.04421e+16,2023,1,1,Not Applicable,Not Applicable,Rural Areas,Residential area,Not Applicable,Not Applicable,Not Applicable,Vehicle to Vehicle,Controlled,Not Applicable,Not Applicable,Bitumen(Tar),Not Applicable,Not Applicable,Not Applicable,SARJAPUEA ATTIBELE ROAD,1,2KM,12.771226,77.730507,0,0,0.0,0.0
Bengaluru Dist,Attibele PS,1.04421e+16,2023,1,1,Road Accidents,Not Applicable,Rural Areas,Open area,Not Applicable,No,Fatal,Hit pedestrian,Not at  Junction,Not Applicable,State Highway,Kutcha,Dry,Not Applicable,Not Applicable,ATTIBELE-ANEKAL ROAD,JANDHAR,6 KM,12.73884,77.733846,0,0,4.0,4.0
Bengaluru Dist,Attibele PS,1.04421e+16,2023,1,1,Not Applicable,Not Applicable,Rural Areas,Residential area,Not Applicable,Not Applicable,Not Applicable,Not Applicable,Not Applicable,Not Applicable,NH,Not Applicable,Not Applicable,Not Applicable,Not Applicable,NH 7,1,1.5 KM,12.773984,77.730507,0,0,0.0,0.0
Bengaluru Dist,Attibele PS,1.04421e+16,2023,1,1,Road Accidents,Narrow road,Rural Areas,Open area,Not Applicable,Yes,Simple Injury,Hit bicyclist,Not Applicable,Straight and flat,NH,Bitumen(Tar),Dry,Not Applicable,Fine,NH,PETROL BUNK,8,12.793728,77.766593,0,0,0.0,0.0
Bengaluru Dist,Attibele PS,1.04421e+16,2023,1,1,Not Applicable,Not Applicable,Rural Areas,Residential area,Not Applicable,Not Applicable,Not Applicable,Not Applicable,Controlled,Not Applicable,NH,Surfaced,Others,Not Applicable,Not Applicable,NH 7 HOSUR BENGALORE ROAD,1,3KM,12.75482,77.730507,0,1,,
Bengaluru Dist,Attibele PS,1.04421e+16,2023,1,2,Road Accidents,Narrow road,City/Town,Near a factory industrial area,Human Error,No,Grievous Injury,Vehicle to Vehicle,Not Applicable,Not Applicable,Service Road,Bitumen(Tar),Dry,Not Applicable,Fine,NH 44 service road,BHARTH BENZ SERVICE  SHOWROOM,1,12.756197,77.730986,0,0,0.0,0.0
Bengaluru Dist,Attibele PS,1.04421e+16,2023,1,1,Not Applicable,Not Applicable,Rural Areas,Residential area,Not Applicable,Not Applicable,Fatal,Not Applicable,Not Applicable,Not Applicable,Not Applicable,Not Applicable,Not Applicable,Not Applicable,Not Applicable,BENGALORE HOSUR NH 7 SERVICE ROAD,GUEST LINE CRCLE,5KM,12.779048,77.770195,0,0,0.0,0.0
Bengaluru Dist,Attibele PS,1.04421e+16,2023,1,2,Rail Road Accidents,Circle,Rural Areas,Near a religious place,Not Applicable,Not Applicable,Simple Injury,Hit pedestrian,Give way sign,Gentle Incline or Climb,Feeder Road,Gravel,Flooded,Pot holed,Hail or Sleet,mayasandra,5KM,5KM,12.752726,77.733526,5,5,3.0,13.0
Bengaluru Dist,Attibele PS,1.04421e+16,2023,1,1,Not Applicable,Not Applicable,Rural Areas,Near Bus stop,Not Applicable,No,Simple Injury,Not Applicable,Not Applicable,Others,NH,Not Applicable,Not Applicable,Not Applicable,Others,NH  7 BANGALORE HOSUR MAIN ROAD HMG FACTORY,NH  7 BANGALORE HOSUR MAIN ROAD HMG FACTORY,5 KM,0.0,0.0,0,0,0.0,0.0
Bengaluru Dist,Attibele PS,1.04421e+16,2023,1,1,Road Accidents,Not Applicable,Rural Areas,Open area,Not Applicable,No,Grievous Injury,Not Applicable,Not Applicable,Not Applicable,NH,Not Applicable,Others,Not Applicable,Others,NH 7 NEAR NERALURU,NH 7 NEAR NERALURU,4 KM,12.78551,77.751388,0,1,0.0,1.0
Bengaluru Dist,Attibele PS,1.04421e+16,2023,1,1,Road Accidents,Not Applicable,Rural Areas,Near Bus stop,Not Applicable,No,Grievous Injury,Not Applicable,Controlled,Others,NH,Concrete,Others,Not Applicable,Fine,ATTIBELE CIRCLE,11,0.5 KM,12.779441,77.769476,0,1,0.0,1.0
Bengaluru Dist,Attibele PS,1.04421e+16,2023,1,1,Not Applicable,Not Applicable,Rural Areas,Near a factory industrial area,Human Error,No,Grievous Injury,Vehicle to Vehicle,Not Applicable,Not Applicable,Not Applicable,Bitumen(Tar),Wet,Not Applicable,Not Applicable,Attibele Indl Area,in front of T&T company,15 Ft,12.786246,77.741654,0,3,0.0,3.0
Bengaluru Dist,Attibele PS,1.04421e+16,2023,1,2,Road Accidents,Narrow road,Rural Areas,Open area,Human Error,No,Damage Only,Vehicle to Vehicle,No signal lights,Not Applicable,Others,Concrete,Dry,Not Applicable,Fine,ATTIBELE SARJAPURA ROAD NEAR BIDARAGUPPE LACK,ATTIBELE SARJAPURA ROAD NEAR BIDARAGUPPE LACK,4 KM,12.778985,77.771063,0,0,0.0,0.0
Bengaluru Dist,Attibele PS,1.04421e+16,2023,1,1,Not Applicable,Not Applicable,City/Town,Residential area,Not Applicable,Not Applicable,Fatal,Not Applicable,Controlled,Not Applicable,NH,Bitumen(Tar),Not Applicable,Not Applicable,Not Applicable,NH 7,1,1.5KM,12.739727,77.617091,0,0,0.0,0.0
Bengaluru Dist,Attibele PS,1.04421e+16,2023,1,1,Not Applicable,Not Applicable,Rural Areas,Residential area,Not Applicable,Not Applicable,Not Applicable,Not Applicable,Not Applicable,Not Applicable,Not Applicable,Not Applicable,Not Applicable,Not Applicable,Not Applicable,NATIONAL HIGHWAY,YADAVANAHALLI NEAR,1KM,12.000536,68.236548,0,0,0.0,0.0
Bengaluru Dist,Attibele PS,1.04421e+16,2023,1,1,Not Applicable,Not Applicable,Rural Areas,Open area,Human Error,No,Grievous Injury,Not Applicable,Not Applicable,Not Applicable,Others,Not Applicable,Not Applicable,Not Applicable,Not Applicable,Attibele Sarjapura Road,Bidaraguppe Lake,4 K M,0.0,0.0,0,0,0.0,0.0
Bengaluru Dist,Attibele PS,1.04421e+16,2023,1,1,Not Applicable,Curves,Rural Areas,Open area,Not Applicable,Not Applicable,Grievous Injury,Not Applicable,Uncontrolled,Hump,Not Applicable,Not Applicable,Others,Not Applicable,Clear,tvs road,1,2 km,12.773984,77.73027,0,1,0.0,1.0
Bengaluru Dist,Attibele PS,1.04421e+16,2023,1,1,Not Applicable,Not Applicable,Rural Areas,Open area,Human Error,No,Not Applicable,Not Applicable,No signal lights,Not Applicable,NH,Not Applicable,Not Applicable,Not Applicable,Not Applicable,Hosuru Bengaluru NH44,Near MCC BAR Attibele Border,1 K M,12.776289,77.777656,0,0,0.0,0.0