DISTRICTNAME,UNITNAME,Crime_No,Year,RI,Noofvehicle_involved,Accident_Classification,Accident_Spot,Accident_Location,Accident_SubLocation,Main_Cause,Hit_Run,Severity,Collision_Type,Junction_Control,Road_Character,Road_Type,Surface_Type,Surface_Condition,Road_Condition,Weather,Accident_Road,Landmark_first,Distance_LandMark_First,Latitude,Longitude,Road_Condition_Score,Surface_Condition_Score,Surface_Type_Score,Road_Risk_Index
Bengaluru Dist,Avalahally PS,1.04422e+16,2016,1,2,Road Accidents,Narrow road,Rural Areas,Near or inside a village,Human Error,No,Simple Injury,Rear end,Not Applicable,Not Applicable,Others,Bitumen(Tar),Dry,Not Applicable,Clear,Bidarahalli Road,Bidarahalli Govt hospital,8 kms,0.0,0.0,0,0,0.0,0.0
Bengaluru Dist,Avalahally PS,1.04422e+16,2016,1,2,Road Accidents,Not Applicable,City/Town,Near Bus stop,Human Error,No,Not Applicable,Rear end,Not Applicable,Not Applicable,NH,Bitumen(Tar),Dry,Not Applicable,Not Applicable,NH 75 Road,near kattamnallur Gate,4,0.0,0.0,0,0,0.0,0.0
Bengaluru Dist,Avalahally PS,1.04422e+16,2016,1,2,Road Accidents,Not Applicable,Villages settlement,Near or inside a village,Human Error,No,Fatal,Head on,Not Applicable,Not Applicable,NH,Bitumen(Tar),Dry,Not Applicable,Fine,Rampur - Kalkere Road,Near Rampura Lake,8 kms,0.0,0.0,0,0,0.0,0.0
Bengaluru Dist,Avalahally PS,1.04422e+16,2016,1,2,Rail Road Accidents,Not Applicable,City/Town,Near Bus stop,Human Error,No,Grievous Injury,Rear end,Not Applicable,Not Applicable,NH,Bitumen(Tar),Dry,Not Applicable,Clear,NH 75 Road,Near Kattamnallur Gate,4 kms,0.0,0.0,0,0,0.0,0.0
Bengaluru Dist,Avalahally PS,1.04422e+16,2016,1,1,Road Accidents,Not Applicable,City/Town,Open area,Human Error,No,Fatal,Others,Not Applicable,Not Applicable,NH,Bitumen(Tar),Not Applicable,Not Applicable,Clear,NH 75 Road,near elemallappa shetty lake,4 km,0.0,0.0,0,0,0.0,0.0
Bengaluru Dist,Avalahally PS,1.04422e+16,2016,1,2,Road Accidents,Not Applicable,City/Town,Near office complex,Human Error,No,Fatal,Rear end,Not Applicable,Not Applicable,NH,Bitumen(Tar),Dry,Not Applicable,Clear,NH 75 Road,Near Commercial Check post,3 km,0.0,0.0,0,0,0.0,0.0
Bengaluru Dist,Avalahally PS,1.04422e+16,2016,1,1,Road Accidents,Not Applicable,Not Applicable,Near Petrol Pump,Human Error,No,Fatal,Head on,Not Applicable,Not Applicable,NH,Bitumen(Tar),Dry,Not Applicable,Very Hot,NH 75 Road,Near Kodi petrol bunk,5 kms,0.0,0.0,0,0,0.0,0.0
Bengaluru Dist,Avalahally PS,1.04422e+16,2016,1,2,Road Accidents,Not Applicable,City/Town,Open area,Human Error,No,Fatal,Rear end,Not Applicable,Not Applicable,NH,Bitumen(Tar),Dry,Not Applicable,Clear,NH 75 Road,Medahalli Fly over,4 kms,0.0,0.0,0,0,0.0,0.0
Bengaluru Dist,Avalahally PS,1.04422e+16,2016,1,1,Road Accidents,Not Applicable,City/Town,Open area,Human Error,No,Fatal,Skidding or Self accident,Not Applicable,Not Applicable,NH,Bitumen(Tar),Dry,Not Applicable,Clear,NH 75 Road,near elemallappa shetty lake,4 kms,0.0,0.0,0,0,0.0,0.0
Bengaluru Dist,Avalahally PS,1.04422e+16,2016,1,2,Road Accidents,Not Applicable,City/Town,Open area,Human Error,No,Fatal,Rear end,Not Applicable,Not Applicable,NH,Bitumen(Tar),Dry,Not Applicable,Clear,NH 75 Road,Avalahalli Flyover,2 kms,0.0,0.0,0,0,0.0,0.0
Bengaluru Dist,Avalahally PS,1.04422e+16,2016,1,2,Road Accidents,Not Applicable,City/Town,Open area,Human Error,No,Simple Injury,Rear end,Not Applicable,Not Applicable,NH,Bitumen(Tar),Dry,Not Applicable,Clear,NH 75 Road,Budigere cross flyover,2 kms,0.0,0.0,0,0,0.0,0.0
Bengaluru Dist,Avalahally PS,1.04422e+16,2016,1,1,Road Accidents,Not Applicable,City/Town,Near Bus stop,Human Error,Yes,Fatal,Hit pedestrian,Not Applicable,Not Applicable,NH,Bitumen(Tar),Dry,Not Applicable,Others,NH 75 Road,Near Chimasandra gate,2 kms,0.0,0.0,0,0,0.0,0.0
Bengaluru Dist,Avalahally PS,1.04422e+16,2016,1,2,Road Accidents,Not Applicable,City/Town,Narrow bridge or culverts,Human Error,Yes,Not Applicable,Others,Not Applicable,Not Applicable,NH,Bitumen(Tar),Dry,Not Applicable,Fine,NH 75 Road,near elemallappa shetty lake,4 kms,0.0,0.0,0,0,0.0,0.0
Bengaluru Dist,Avalahally PS,1.04422e+16,2016,1,2,Road Accidents,Not Applicable,City/Town,Near Bus stop,Human Error,No,Simple Injury,Rear end,Not Applicable,Not Applicable,NH,Bitumen(Tar),Dry,Not Applicable,Clear,NH 75 Road,near kattamnallur Cross,3 kms,0.0,0.0,0,0,0.0,0.0
Bengaluru Dist,Avalahally PS,1.04422e+16,2016,1,1,Road Accidents,Narrow road,Rural Areas,Near or inside a village,Human Error,No,Simple Injury,Others,Not Applicable,Not Applicable,Others,Bitumen(Tar),Dry,Not Applicable,Clear,Aduru road,Aduru village,6 kms,0.0,0.0,0,0,0.0,0.0
Bengaluru Dist,Avalahally PS,1.04422e+16,2016,1,1,Road Accidents,Not Applicable,City/Town,Near Bus stop,Human Error,No,Grievous Injury,Hit pedestrian,Not Applicable,Not Applicable,Others,Bitumen(Tar),Dry,Not Applicable,Clear,Chimasandra road,Chimasandra Cross,2 kms,0.0,0.0,0,0,0.0,0.0
Bengaluru Dist,Avalahally PS,1.04422e+16,2016,1,1,Road Accidents,Not Applicable,City/Town,Near a recreation place/cinema,Human Error,No,Fatal,Skidding or Self accident,Not Applicable,Not Applicable,NH,Bitumen(Tar),Dry,Not Applicable,Clear,NH 75 Road,Near Saptagiri Kalyana Mantapa,3 kms,0.0,0.0,0,0,0.0,0.0
Bengaluru Dist,Avalahally PS,1.04422e+16,2016,1,1,Road Accidents,Not Applicable,City/Town,Open area,Human Error,No,Fatal,Skidding or Self accident,Not Applicable,Not Applicable,NH,Bitumen(Tar),Dry,Not Applicable,Clear,NH 75 Road,Budigere cross flyover,2 kms,0.0,0.0,0,0,0.0,0.0
Bengaluru Dist,Avalahally PS,1.04422e+16,2017,1,2,Road Accidents,Other,Villages settlement,Near a factory industrial area,Human Error,No,Simple Injury,Head on,Not Applicable,Not Applicable,Village Road,Bitumen(Tar),Others,Not Applicable,Fine,BUDHIGERE CROSS - DEVANAHALLI ROAD,X,X,0.0,0.0,0,1,0.0,1.0
Bengaluru Dist,Avalahally PS,1.04422e+16,2017,1,1,Road Accidents,Other,City/Town,Near Bus stop,Human Error,No,Grievous Injury,Others,Not Applicable,Hump,Village Road,Bitumen(Tar),Not Applicable,Not Applicable,Fine,BAIRATHY AVALAHALLI ROAD,x,x,0.0,0.0,0,0,0.0,0.0
Bengaluru Dist,Avalahally PS,1.04422e+16,2017,1,2,Road Accidents,Other,Not Applicable,Open area,Not Applicable,No,Grievous Injury,Others,Uncontrolled,Others,NH,Not Applicable,Others,Not Applicable,Others,SERVISE ROAD,LAKE,5KM,0.0,0.0,0,1,0.0,1.0
Bengaluru Dist,Avalahally PS,1.04422e+16,2017,1,2,Road Accidents,Culvert,City/Town,Narrow bridge or culverts,Human Error,No,Simple Injury,Others,Not Applicable,Others,NH,Bitumen(Tar),Others,Not Applicable,Fine,On medahalli flyover,xx,2 km,0.0,0.0,0,1,0.0,1.0
Bengaluru Dist,Avalahally PS,1.04422e+16,2017,1,2,Road Accidents,Circle,Rural Areas,Open area,Not Applicable,Yes,Grievous Injury,Others,Not at  Junction,Others,Others,Bitumen(Tar),Others,Not Applicable,Others,OTHER,Katamnalluru Cross Near Manijuwelers,3km,0.0,0.0,0,1,0.0,1.0
Bengaluru Dist,Avalahally PS,1.04422e+16,2017,1,1,Road Accidents,Other,Not Applicable,Narrow bridge or culverts,Human Error,No,Fatal,Others,Uncontrolled,Not Applicable,NH,Bitumen(Tar),Dry,Not Applicable,Others,Kolar Bengaluru NH75 road,Infront of Shubham Antiqu city apartment,1 km,0.0,0.0,0,0,0.0,0.0
Bengaluru Dist,Avalahally PS,1.04422e+16,2017,1,2,Road Accidents,Other,Rural Areas,In bazaar,Human Error,No,Fatal,Rear end,Not Applicable,Not Applicable,Minor District Road,Bitumen(Tar),Dry,Not Applicable,Fine,Hosakote Kadugodi road,Hosakote Kadugodi road,2,0.0,0.0,0,0,0.0,0.0
Bengaluru Dist,Avalahally PS,1.04422e+16,2017,1,2,Road Accidents,Other,City/Town,Near Bus stop,Human Error,No,Damage Only,Rear end,Not Applicable,Others,Two way,Bitumen(Tar),Not Applicable,Not Applicable,Fine,KADUGODI ROAD,X,X,0.0,0.0,0,0,0.0,0.0
Bengaluru Dist,Avalahally PS,1.04422e+16,2017,1,2,Road Accidents,Narrow road,City/Town,Near office complex,Human Error,No,Damage Only,Rear end,Not Applicable,Not Applicable,NH,Bitumen(Tar),Not Applicable,Not Applicable,Fine,NH4,X,X,0.0,0.0,0,0,0.0,0.0
Bengaluru Dist,Avalahally PS,1.04422e+16,2017,1,1,Road Accidents,Bridge,City/Town,Narrow bridge or culverts,Human Error,No,Grievous Injury,Rear end,Not Applicable,Not Applicable,NH,Bitumen(Tar),Others,Not Applicable,Fine,NH75,x,x,0.0,0.0,0,1,0.0,1.0
Bengaluru Dist,Avalahally PS,1.04422e+16,2017,1,1,Road Accidents,Not Applicable,City/Town,Near Bus stop,Human Error,Yes,Grievous Injury,Others,Not Applicable,Hump,NH,Bitumen(Tar),Others,Not Applicable,Fine,NH75,X,X,0.0,0.0,0,1,0.0,1.0
Bengaluru Dist,Avalahally PS,1.04422e+16,2017,1,1,Road Accidents,Other,Villages settlement,Near or inside a village,Human Error,Yes,Simple Injury,Rear end,Not at  Junction,Not Applicable,Village Road,Bitumen(Tar),Others,Not Applicable,Fine,BAIRATHY AVALAHALLI ROAD,X,X,0.0,0.0,0,1,0.0,1.0
Bengaluru Dist,Avalahally PS,1.04422e+16,2017,1,2,Road Accidents,Narrow road,City/Town,Near or inside a village,Human Error,No,Grievous Injury,Rear end,Not at  Junction,Not Applicable,NH,Bitumen(Tar),Not Applicable,Not Applicable,Fine,NH75 ROAD,x,x,0.0,0.0,0,0,0.0,0.0
Bengaluru Dist,Avalahally PS,1.04422e+16,2017,1,1,Road Accidents,Other,Rural Areas,Near Petrol Pump,Human Error,No,Simple Injury,Others,Not at  Junction,Others,Others,Bitumen(Tar),Others,Not Applicable,Others,Bengalore-Kolar NH-75 Road,a,xx,0.0,0.0,0,1,0.0,1.0
Bengaluru Dist,Avalahally PS,1.04422e+16,2017,1,1,Road Accidents,Other,Rural Areas,Near Petrol Pump,Not Applicable,No,Grievous Injury,Not Applicable,Not at  Junction,Others,NH,Bitumen(Tar),Others,Not Applicable,Others,NH 75,NH 75 Road,4 km,0.0,0.0,0,1,0.0,1.0
Bengaluru Dist,Avalahally PS,1.04422e+16,2017,1,1,Road Accidents,Other,Rural Areas,Near Bus stop,Not Applicable,No,Simple Injury,Others,Not Applicable,Others,One way,Not Applicable,Dry,No influence on accident,Others,Nh 75,Huskur gate,6 Km,0.0,0.0,0,0,0.0,0.0
Bengaluru Dist,Avalahally PS,1.04422e+16,2017,1,1,Road Accidents,Other,City/Town,Open area,Human Error,Yes,Grievous Injury,Others,Not Applicable,Others,NH,Bitumen(Tar),Others,Not Applicable,Fine,Near Presteeg apartment,xx,8 km,0.0,0.0,0,1,0.0,1.0
Bengaluru Dist,Avalahally PS,1.04422e+16,2017,1,1,Road Accidents,Other,Not Applicable,Open area,Human Error,No,Fatal,Others,Not Applicable,Others,NH,Bitumen(Tar),Dry,Not Applicable,Cloudy,Kolar Bengaluru NH75 road,Tar road,1 km,0.0,0.0,0,0,0.0,0.0
Bengaluru Dist,Avalahally PS,1.04422e+16,2017,1,2,Road Accidents,Other,Rural Areas,Open area,Not Applicable,No,Damage Only,Others,Not at  Junction,Not Applicable,NH,Bitumen(Tar),Others,Not Applicable,Others,NH 75 Road,Near Budigere Cross,1/2 km,0.0,0.0,0,1,0.0,1.0
Bengaluru Dist,Avalahally PS,1.04422e+16,2017,1,2,Road Accidents,Other,Not Applicable,Near Petrol Pump,Not Applicable,Yes,Grievous Injury,Hit and Run,Not Applicable,Not Applicable,NH,Not Applicable,Not Applicable,Not Applicable,Others,Nh75,1,2,0.0,0.0,0,0,0.0,0.0
Bengaluru Dist,Avalahally PS,1.04422e+16,2017,1,2,Road Accidents,Other,Villages settlement,Open area,Not Applicable,No,Damage Only,Others,Not at  Junction,Others,Others,Bitumen(Tar),Not Applicable,Not Applicable,Others,OTHER,NEAR MANDURU,6,0.0,0.0,0,0,0.0,0.0
Bengaluru Dist,Avalahally PS,1.04422e+16,2017,1,1,Road Accidents,Cross roads,Rural Areas,Residential area,Human Error,No,Fatal,Run Off Road,Not Applicable,Curve,Village Road,Bitumen(Tar),Others,Not Applicable,Not Applicable,Kadaagrahara to Rampur cross,Village road cross,12,0.0,0.0,0,1,0.0,1.0
Bengaluru Dist,Avalahally PS,1.04422e+16,2017,1,2,Road Accidents,Not Applicable,City/Town,Near office complex,Human Error,No,Not Applicable,Not Applicable,Not Applicable,Not Applicable,NH,Bitumen(Tar),Dry,Not Applicable,Fine,NH 75 Road,Near Commercial Check post,4 kms,0.0,0.0,0,0,0.0,0.0
Bengaluru Dist,Avalahally PS,1.04422e+16,2017,1,2,Road Accidents,Narrow road,Rural Areas,Near Bus stop,Human Error,No,Grievous Injury,Rear end,Controlled,Straight and flat,NH,Bitumen(Tar),Dry,Not Applicable,Fine,Kolar Bengaluru NH-75 Road Near Bandapura Gate,x,1,0.0,0.0,0,0,0.0,0.0
Bengaluru Dist,Avalahally PS,1.04422e+16,2017,1,3,Road Accidents,Narrow road,City/Town,Near Petrol Pump,Human Error,No,Fatal,Rear end,Not Applicable,Not Applicable,NH,Bitumen(Tar),Not Applicable,Not Applicable,Others,NH75,Bharath Petrol Bunk,4 kms,0.0,0.0,0,0,0.0,0.0
Bengaluru Dist,Avalahally PS,1.04422e+16,2017,1,1,Road Accidents,Other,Rural Areas,Open area,Not Applicable,No,Damage Only,Others,Not at  Junction,Others,NH,Bitumen(Tar),Others,Not Applicable,Others,Nh 75 Road,Budigere Cross,2KM,0.0,0.0,0,1,0.0,1.0
Bengaluru Dist,Avalahally PS,1.04422e+16,2017,1,1,Road Accidents,Other,Rural Areas,Open area,Not Applicable,No,Simple Injury,Others,Not at  Junction,Others,NH,Bitumen(Tar),Others,Not Applicable,Fine,NH 75 Road,Budigere Cross Over Bridge,1 km,0.0,0.0,0,1,0.0,1.0
Bengaluru Dist,Avalahally PS,1.04422e+16,2017,1,2,Road Accidents,Other,Villages settlement,Open area,Not Applicable,No,Damage Only,Others,Not at  Junction,Others,NH,Bitumen(Tar),Others,Not Applicable,Others,NH 75 Road,Near Cheemasandra,1 km,0.0,0.0,0,1,0.0,1.0
Bengaluru Dist,Avalahally PS,1.04422e+16,2017,1,2,Road Accidents,Narrow road,Not Applicable,Near School or College,Human Error,No,Fatal,Others,Not at  Junction,Not Applicable,NH,Bitumen(Tar),Dry,Not Applicable,Fine,Bengaluru Kolar NH75 road Near Cheemasandra gate,NH75 road,400mtr,0.0,0.0,0,0,0.0,0.0
Bengaluru Dist,Avalahally PS,1.04422e+16,2017,1,2,Road Accidents,Other,City/Town,Near Bus stop,Human Error,No,Grievous Injury,Rear end,Not Applicable,Others,NH,Bitumen(Tar),Others,Not Applicable,Fine,Bangalore Kolar-75,xx,xx,0.0,0.0,0,1,0.0,1.0
Bengaluru Dist,Avalahally PS,1.04422e+16,2017,1,2,Road Accidents,Not Applicable,City/Town,Near Bus stop,Human Error,No,Fatal,Others,Not Applicable,Not Applicable,NH,Bitumen(Tar),Not Applicable,Not Applicable,Fine,NH75 ROAD,Toyota  car show room,2 kms,0.0,0.0,0,0,0.0,0.0
Bengaluru Dist,Avalahally PS,1.04422e+16,2017,1,2,Road Accidents,Not Applicable,City/Town,Near School or College,Human Error,No,Fatal,Others,Not Applicable,Not Applicable,Others,Bitumen(Tar),Not Applicable,Not Applicable,Fine,Heerandahalli Road,East point hospital,3 kms,0.0,0.0,0,0,0.0,0.0
Bengaluru Dist,Avalahally PS,1.04422e+16,2017,1,2,Road Accidents,Other,Rural Areas,Near Bus stop,Not Applicable,No,Grievous Injury,Others,Not Applicable,Curve,NH,Bitumen(Tar),Dry,Not Applicable,Fine,NH 75 Service Road,1,3,0.0,0.0,0,0,0.0,0.0
Bengaluru Dist,Avalahally PS,1.04422e+16,2017,1,2,Road Accidents,Other,City/Town,Near Petrol Pump,Human Error,No,Fatal,Others,Not Applicable,Not Applicable,Others,Bitumen(Tar),Not Applicable,Not Applicable,Fine,NH -75,Infrant of Bharath Petrol Bunk,4 kms,0.0,0.0,0,0,0.0,0.0
Bengaluru Dist,Avalahally PS,1.04422e+16,2017,1,2,Road Accidents,Other,Rural Areas,Residential area,Vehicle Defect,No,Simple Injury,Others,Not Applicable,Others,Others,Not Applicable,Others,Not Applicable,Others,MARAGONADANAHALLI ROAD,MARAGONDANAHALLI,12,0.0,0.0,0,1,0.0,1.0
Bengaluru Dist,Avalahally PS,1.04422e+16,2017,1,2,Not Applicable,Other,City/Town,Open area,Human Error,Not Applicable,Simple Injury,Others,Not Applicable,Others,State Highway,Bitumen(Tar),Others,Not Applicable,Fine,Budigere cross to Devanahalli Road,5 kms towards north,xx,0.0,0.0,0,1,0.0,1.0
Bengaluru Dist,Avalahally PS,1.04422e+16,2017,1,2,Road Accidents,Other,Rural Areas,Near Bus stop,Not Applicable,No,Grievous Injury,Not Applicable,Not Applicable,Others,NH,Bitumen(Tar),Dry,Not Applicable,Fine,Service Road,1,3,0.0,0.0,0,0,0.0,0.0
Bengaluru Dist,Avalahally PS,1.04422e+16,2017,1,1,Road Accidents,Other,City/Town,Narrow bridge or culverts,Human Error,No,Simple Injury,Rear end,Not Applicable,Not Applicable,NH,Bitumen(Tar),Not Applicable,Not Applicable,Fine,NH4,X,X,0.0,0.0,0,0,0.0,0.0
Bengaluru Dist,Avalahally PS,1.04422e+16,2017,1,2,Road Accidents,Other,City/Town,Near or inside a village,Human Error,No,Damage Only,Head on,Not Applicable,Others,NH,Bitumen(Tar),Others,Not Applicable,Fine,NH4,X,X,0.0,0.0,0,1,0.0,1.0
Bengaluru Dist,Avalahally PS,1.04422e+16,2017,1,1,Road Accidents,Other,City/Town,Near Bus stop,Human Error,No,Grievous Injury,Head on,Not Applicable,Not Applicable,Village Road,Bitumen(Tar),Not Applicable,Not Applicable,Fine,BAIRATHY AVALAHALLI ROAD,X,X,0.0,0.0,0,0,0.0,0.0
Bengaluru Dist,Avalahally PS,1.04422e+16,2017,1,1,Road Accidents,Other,Rural Areas,Open area,Not Applicable,Yes,Simple Injury,Others,Not at  Junction,Others,Others,Not Applicable,Dry,Not Applicable,Others,Gundru,Gundur road,2 km,0.0,0.0,0,0,0.0,0.0
Bengaluru Dist,Avalahally PS,1.04422e+16,2017,1,2,Road Accidents,Cross roads,Rural Areas,At pedestrian Crossing,Vehicle Defect,Not Applicable,Simple Injury,Rear end,Not Applicable,Others,Others,Bitumen(Tar),Others,Not Applicable,Fine,KOTTANURE - KADUGODIROAD,1,1 km,0.0,0.0,0,1,0.0,1.0
Bengaluru Dist,Avalahally PS,1.04422e+16,2017,1,3,Road Accidents,Other,Rural Areas,Near Bus stop,Human Error,No,Simple Injury,Others,Not Applicable,Others,Others,Bitumen(Tar),Others,Not Applicable,Others,Bidarahalli-avalahalli Road,xx,xx,0.0,0.0,0,1,0.0,1.0
Bengaluru Dist,Avalahally PS,1.04422e+16,2017,1,1,Not Applicable,Narrow road,Rural Areas,Open area,Not Applicable,No,Grievous Injury,Others,Not Applicable,Others,Service Road,Kutcha,Dry,Not Applicable,Others,Service road,Elemallappa lake,4 Km,0.0,0.0,0,0,4.0,4.0
Bengaluru Dist,Avalahally PS,1.04422e+16,2017,1,2,Rail Road Accidents,Other,Rural Areas,Near Bus stop,Human Error,No,Simple Injury,Rear end,Not at  Junction,Others,NH,Bitumen(Tar),Others,Not Applicable,Fine,NH-75,NH,1,0.0,0.0,0,1,0.0,1.0
Bengaluru Dist,Avalahally PS,1.04422e+16,2017,1,2,Road Accidents,Bridge,Rural Areas,Open area,Human Error,No,Damage Only,Others,Not at  Junction,Not Applicable,NH,Bitumen(Tar),Dry,Not Applicable,Fine,NH 75  Road,NH 75,3km,0.0,0.0,0,0,0.0,0.0
Bengaluru Dist,Avalahally PS,1.04422e+16,2017,1,1,Not Applicable,Narrow road,City/Town,Near or inside a village,Not Applicable,No,Grievous Injury,Rear end,Not Applicable,Not Applicable,Village Road,Kutcha,Dry,Not Applicable,Clear,Medahalli -K.s.halli Road,Medahalli,4,0.0,0.0,0,0,4.0,4.0
Bengaluru Dist,Avalahally PS,1.04422e+16,2017,1,1,Road Accidents,Other,Villages settlement,Near Petrol Pump,Human Error,No,Fatal,Others,Not Applicable,Others,NH,Bitumen(Tar),Others,Not Applicable,Fine,NH4,X,X,0.0,0.0,0,1,0.0,1.0
Bengaluru Dist,Avalahally PS,1.04422e+16,2017,1,1,Road Accidents,Other,Rural Areas,Near or inside a village,Human Error,No,Fatal,Head on,Not Applicable,Hump,Village Road,Bitumen(Tar),Others,Not Applicable,Fine,BAIRATHY AVALAHALLI ROAD,Tar road,x,0.0,0.0,0,1,0.0,1.0
Bengaluru Dist,Avalahally PS,1.04422e+16,2017,1,2,Road Accidents,Narrow road,Rural Areas,Near a factory industrial area,Human Error,No,Fatal,Rear end,Not Applicable,Not Applicable,State Highway,Bitumen(Tar),Others,Not Applicable,Clear,Budigere Cross- Budigere To Devanahalli Road,Infront of Laxmi steel Suppliers,2 Kms,0.0,0.0,0,1,0.0,1.0
Bengaluru Dist,Avalahally PS,1.04422e+16,2017,1,1,Road Accidents,Narrow road,Villages settlement,Near a factory industrial area,Human Error,Yes,Simple Injury,Hit and Run,Not Applicable,Not Applicable,Village Road,Bitumen(Tar),Not Applicable,Not Applicable,Fine,BUDHIGERE CROSS - DEVANAHALLI ROAD,X,X,0.0,0.0,0,0,0.0,0.0
Bengaluru Dist,Avalahally PS,1.04422e+16,2017,1,2,Road Accidents,Bridge,City/Town,Narrow bridge or culverts,Human Error,No,Fatal,Rear end,Not Applicable,Not Applicable,NH,Bitumen(Tar),Not Applicable,Not Applicable,Fine,NH4,X,X,0.0,0.0,0,0,0.0,0.0
Bengaluru Dist,Avalahally PS,1.04422e+16,2017,1,1,Road Accidents,Other,Rural Areas,Near or inside a village,Human Error,No,Fatal,Others,Not Applicable,Others,Village Road,Kutcha,Muddy,Not Applicable,Fine,Padmeshwari-kittaganuru colony road,Near sardar land,8,0.0,0.0,0,4,4.0,8.0
Bengaluru Dist,Avalahally PS,1.04422e+16,2017,1,1,Road Accidents,Other,Rural Areas,Near Petrol Pump,Human Error,No,Fatal,Others,Not Applicable,Not Applicable,NH,Bitumen(Tar),Others,Not Applicable,Others,Bengaluru Kolar NH75 road,Tar road,3 Km,0.0,0.0,0,1,0.0,1.0
Bengaluru Dist,Avalahally PS,1.04422e+16,2017,1,1,Road Accidents,Other,Villages settlement,Near or inside a village,Human Error,No,Grievous Injury,Rear end,Not Applicable,Others,Village Road,Bitumen(Tar),Others,Not Applicable,Not Applicable,Halehalli-margondanahalli road,xx,10,0.0,0.0,0,1,0.0,1.0
Bengaluru Dist,Avalahally PS,1.04422e+16,2017,1,1,Road Accidents,Other,City/Town,Open area,Human Error,No,Fatal,Others,Not Applicable,Others,NH,Bitumen(Tar),Others,Not Applicable,Fine,NH -75,Yelemalappa Shetty Lake,2 kms,0.0,0.0,0,1,0.0,1.0
Bengaluru Dist,Avalahally PS,1.04422e+16,2017,1,2,Road Accidents,Bridge,Rural Areas,Open area,Not Applicable,No,Damage Only,Others,Not Applicable,Curve,NH,Not Applicable,Others,Not Applicable,Light Rain,katamnaluru road,Katamnallur,3 km,0.0,0.0,0,1,0.0,1.0
Bengaluru Dist,Avalahally PS,1.04422e+16,2017,1,1,Road Accidents,Road hump or Rumble strips,City/Town,Near or inside a village,Human Error,No,Fatal,Others,Not Applicable,Others,Village Road,Bitumen(Tar),Not Applicable,Not Applicable,Fine,Gundur Road,Near Krishnappa Garden House,8 kms,0.0,0.0,0,0,0.0,0.0
Bengaluru Dist,Avalahally PS,1.04422e+16,2017,1,1,Road Accidents,Other,City/Town,Open area,Human Error,No,Simple Injury,Others,Not Applicable,Not Applicable,NH,Bitumen(Tar),Others,Not Applicable,Fine,1 KM,XX,XX,0.0,0.0,0,1,0.0,1.0
Bengaluru Dist,Avalahally PS,1.04422e+16,2017,1,1,Road Accidents,Cross roads,Rural Areas,Open area,Not Applicable,No,Grievous Injury,Others,No signal lights,Curve,Village Road,Not Applicable,Dry,Not Applicable,Others,Rural,Nagappas land,15 Km,0.0,0.0,0,0,0.0,0.0
Bengaluru Dist,Avalahally PS,1.04422e+16,2017,1,2,Road Accidents,Other,City/Town,Narrow bridge or culverts,Human Error,No,Grievous Injury,Others,Not Applicable,Others,NH,Bitumen(Tar),Not Applicable,Not Applicable,Fine,Bangalore- kolar NH75,XX,1 km,0.0,0.0,0,0,0.0,0.0
Bengaluru Dist,Avalahally PS,1.04422e+16,2017,1,2,Road Accidents,Other,Rural Areas,Open area,Not Applicable,No,Grievous Injury,Others,Not at  Junction,Incline,NH,Bitumen(Tar),Others,Not Applicable,Others,Nh75,Nh 75 Road Near Medahalli,4km,0.0,0.0,0,1,0.0,1.0
Bengaluru Dist,Avalahally PS,1.04422e+16,2017,1,2,Road Accidents,Other,Rural Areas,Open area,Not Applicable,No,Damage Only,Others,Not at  Junction,Others,NH,Bitumen(Tar),Others,Not Applicable,Others,Nh 75 Road,ELE MALLAPPA SHETTY LAKE,4,0.0,0.0,0,1,0.0,1.0
Bengaluru Dist,Avalahally PS,1.04422e+16,2017,1,1,Road Accidents,Narrow road,Not Applicable,Open area,Human Error,No,Fatal,Head on,Not Applicable,Not Applicable,NH,Bitumen(Tar),Others,Not Applicable,Others,Kolar Bengaluru NH75 road,Infront of BPL factory Avalahalli,1,0.0,0.0,0,1,0.0,1.0
Bengaluru Dist,Avalahally PS,1.04422e+16,2017,1,1,Road Accidents,Other,City/Town,Narrow bridge or culverts,Human Error,Not Applicable,Fatal,Others,Not Applicable,Not Applicable,NH,Bitumen(Tar),Others,Not Applicable,Others,Medahalli to Avalahalli NH-75 Service road,Near Medahalli Flyover,2 kms,0.0,0.0,0,1,0.0,1.0
Bengaluru Dist,Avalahally PS,1.04422e+16,2017,1,2,Road Accidents,Other,Not Applicable,Narrow bridge or culverts,Human Error,No,Fatal,Rear end,Not Applicable,Not Applicable,NH,Bitumen(Tar),Others,Not Applicable,Others,Bengaluru Kolar NH75 road,NH 75 Road Budigere cross flyover down,2 Kms,0.0,0.0,0,1,0.0,1.0
Bengaluru Dist,Avalahally PS,1.04422e+16,2017,1,1,Road Accidents,Other,Rural Areas,Near office complex,Human Error,Yes,Fatal,Hit pedestrian,Not at  Junction,Others,Major District Road,Bitumen(Tar),Others,Not Applicable,Others,Hosakote Kadugodi road,Hosakote Kadugodi road Infront of CM used car sales,2 Kms,0.0,0.0,0,1,0.0,1.0
Bengaluru Dist,Avalahally PS,1.04422e+16,2017,1,1,Road Accidents,Other,Not Applicable,Near office complex,Human Error,Yes,Fatal,Hit pedestrian,Uncontrolled,Others,NH,Bitumen(Tar),Dry,Not Applicable,Others,Bengaluru Kolar NH75 road,Opsite Infront of Medrich factory Bandapura village gate,0.5,0.0,0.0,0,0,0.0,0.0
Bengaluru Dist,Avalahally PS,1.04422e+16,2017,1,1,Road Accidents,Other,City/Town,Near Bus stop,Human Error,No,Grievous Injury,Head on,Not Applicable,Not Applicable,Village Road,Bitumen(Tar),Not Applicable,Not Applicable,Fine,BAIRATHY AVALAHALLI ROAD,X,X,0.0,0.0,0,0,0.0,0.0
Bengaluru Dist,Avalahally PS,1.04422e+16,2017,1,1,Road Accidents,Other,Rural Areas,Near a religious place,Not Applicable,No,Grievous Injury,Others,Not at  Junction,Hump,Village Road,Not Applicable,Dry,Pot holed,Others,Anagalapura Dodda gubbi road,Analagapura,15 Km,0.0,0.0,5,0,0.0,5.0