DISTRICTNAME,UNITNAME,Crime_No,Year,RI,Noofvehicle_involved,Accident_Classification,Accident_Spot,Accident_Location,Accident_SubLocation,Main_Cause,Hit_Run,Severity,Collision_Type,Junction_Control,Road_Character,Road_Type,Surface_Type,Surface_Condition,Road_Condition,Weather,Accident_Road,Landmark_first,Distance_LandMark_First,Latitude,Longitude,Road_Condition_Score,Surface_Condition_Score,Surface_Type_Score,Road_Risk_Index
Bengaluru Dist,Avalahally PS,1.04422e+16,2018,1,1,Road Accidents,Other,Rural Areas,Open area,Not Applicable,No,Grievous Injury,Others,Not at  Junction,Others,NH,Bitumen(Tar),Others,Not Applicable,Others,NH75,Near KatamnalluruGate,2 km,0.0,0.0,0,1,0.0,1.0
Bengaluru Dist,Avalahally PS,1.04422e+16,2018,1,2,Road Accidents,Other,Rural Areas,Near Bus stop,Not Applicable,No,Grievous Injury,Others,Not at  Junction,Others,NH,Bitumen(Tar),Dry,Not Applicable,Fine,NH75,Near KatamnalluruGate,2 km,0.0,0.0,0,0,0.0,0.0
Bengaluru Dist,Avalahally PS,1.04422e+16,2018,1,1,Road Accidents,Other,Rural Areas,Near a factory industrial area,Human Error,No,Fatal,Hit pedestrian,Not Applicable,Others,Others,Bitumen(Tar),Others,Not Applicable,Others,Avalahalli Hirandahalli road,Infront of Eicher company  Avalahalli,2,0.0,0.0,0,1,0.0,1.0
Bengaluru Dist,Avalahally PS,1.04422e+16,2018,1,1,Road Accidents,Other,Rural Areas,Open area,Not Applicable,No,Grievous Injury,Hit bicyclist,Not Applicable,Curve,Others,Not Applicable,Dry,Not Applicable,Others,Rampura,Rampura cross,10 Km,0.0,0.0,0,0,0.0,0.0
Bengaluru Dist,Avalahally PS,1.04422e+16,2018,1,2,Road Accidents,Other,Rural Areas,Open area,Not Applicable,No,Grievous Injury,Others,Not at  Junction,Others,One way,Bitumen(Tar),Dry,Not Applicable,Others,SH,Near Samruddi Chowltry,3km,0.0,0.0,0,0,0.0,0.0
Bengaluru Dist,Avalahally PS,1.04422e+16,2018,1,1,Not Applicable,Not Applicable,Not Applicable,Open area,Human Error,Not Applicable,Fatal,Others,Not Applicable,Not Applicable,Not Applicable,Not Applicable,Not Applicable,Not Applicable,Others,Katamnalluru land,land,2,0.0,0.0,0,0,0.0,0.0
Bengaluru Dist,Avalahally PS,1.04422e+16,2018,1,1,Road Accidents,Other,Not Applicable,Near or inside a village,Human Error,No,Fatal,Hit pedestrian,Not Applicable,Not Applicable,NH,Bitumen(Tar),Others,Not Applicable,Fine,Kolar Bengaluru NH75 road,Kolara to Bengaluru NH75 road,2.5,0.0,0.0,0,1,0.0,1.0
Bengaluru Dist,Avalahally PS,1.04422e+16,2018,1,1,Road Accidents,Other,City/Town,Open area,Human Error,No,Grievous Injury,Others,Not Applicable,Others,NH,Bitumen(Tar),Others,Not Applicable,Fine,Hosakote to KR Puram NH - 75 Service road,xx,1 km,0.0,0.0,0,1,0.0,1.0
Bengaluru Dist,Avalahally PS,1.04422e+16,2018,1,2,Road Accidents,Other,City/Town,Open area,Human Error,No,Simple Injury,Others,Not Applicable,Not Applicable,Others,Bitumen(Tar),Others,Not Applicable,Others,Avalahalli to Heerandahalli Road,2 km,xx,0.0,0.0,0,1,0.0,1.0
Bengaluru Dist,Avalahally PS,1.04422e+16,2018,1,2,Road Accidents,Other,Rural Areas,Near or inside a village,Human Error,No,Fatal,Others,Not Applicable,Others,State Highway,Bitumen(Tar),Dry,Not Applicable,Fine,Budigere cross To Devanahalli Road,Budigere cross To Devanahalli Road,7,0.0,0.0,0,0,0.0,0.0
Bengaluru Dist,Avalahally PS,1.04422e+16,2018,1,2,Road Accidents,Bridge,Rural Areas,Open area,Not Applicable,Yes,Grievous Injury,Others,Uncontrolled,Straight and flat,NH,Not Applicable,Dry,Not Applicable,Clear,NH 75Road,NH 75 Road,2K M t,0.0,0.0,0,0,0.0,0.0
Bengaluru Dist,Avalahally PS,1.04422e+16,2018,1,2,Road Accidents,Other,Rural Areas,Near a factory industrial area,Human Error,Yes,Fatal,Hit and Run,Not at  Junction,Others,Others,Bitumen(Tar),Dry,Not Applicable,Clear,Avalahalli Hirandahalli road,Avalahalli Hirandahalli road,2 Kms,0.0,0.0,0,0,0.0,0.0
Bengaluru Dist,Avalahally PS,1.04422e+16,2018,1,1,Road Accidents,Narrow road,Rural Areas,Open area,Not Applicable,No,Grievous Injury,Others,Not Applicable,Not Applicable,NH,Bitumen(Tar),Dry,Not Applicable,Fine,NH Service Road,NH 75 Service Road Infront of Nimbekayipura Lake Road Opposite,2 Kms,0.0,0.0,0,0,0.0,0.0
Bengaluru Dist,Avalahally PS,1.04422e+16,2018,1,1,Road Accidents,Not Applicable,Rural Areas,Open area,Not Applicable,No,Grievous Injury,Others,Not Applicable,Others,Others,Kutcha,Dry,Not Applicable,Clear,Budigere road,Jyothipura gate,10 Km,0.0,0.0,0,0,4.0,4.0
Bengaluru Dist,Avalahally PS,1.04422e+16,2018,1,1,Not Applicable,Other,Not Applicable,Near Bus stop,Not Applicable,Not Applicable,Simple Injury,Others,Not Applicable,Not Applicable,Others,Not Applicable,Others,Not Applicable,Others,Avalahalli Road,2 k m,2 k m,0.0,0.0,0,1,0.0,1.0
Bengaluru Dist,Avalahally PS,1.04422e+16,2018,1,2,Road Accidents,Other,Rural Areas,Near School or College,Human Error,No,Fatal,Head on,Not at  Junction,Others,Village Road,Bitumen(Tar),Others,Not Applicable,Others,Bidarahalli - Kittiganuru village road,Bidarahalli Kittiganuru village road,7 km,0.0,0.0,0,1,0.0,1.0
Bengaluru Dist,Avalahally PS,1.04422e+16,2018,1,1,Road Accidents,Other,Rural Areas,Near Bus stop,Not Applicable,No,Grievous Injury,Others,Not at  Junction,Others,NH,Bitumen(Tar),Dry,Not Applicable,Fine,NH75,Near Cheemasandra Bus stop,1km,0.0,0.0,0,0,0.0,0.0
Bengaluru Dist,Avalahally PS,1.04422e+16,2018,1,2,Not Applicable,Other,City/Town,Narrow bridge or culverts,Human Error,Not Applicable,Simple Injury,Others,Not Applicable,Not Applicable,NH,Bitumen(Tar),Others,Not Applicable,Fine,Bangalore - Kolar NH - 75 Road,xx,1 km,0.0,0.0,0,1,0.0,1.0
Bengaluru Dist,Avalahally PS,1.04422e+16,2018,1,2,Road Accidents,Other,City/Town,Open area,Human Error,No,Grievous Injury,Others,Not Applicable,Others,Others,Bitumen(Tar),Others,Not Applicable,Fine,Kadugodi Road,Near Petrol Bunk,2 km,0.0,0.0,0,1,0.0,1.0
Bengaluru Dist,Avalahally PS,1.04422e+16,2018,1,2,Road Accidents,Other,City/Town,Open area,Human Error,No,Grievous Injury,Others,Not Applicable,Others,NH,Bitumen(Tar),Not Applicable,Not Applicable,Fine,2 km,xx,xx,0.0,0.0,0,0,0.0,0.0
Bengaluru Dist,Avalahally PS,1.04422e+16,2018,1,2,Road Accidents,Other,City/Town,Open area,Human Error,No,Damage Only,Others,Not Applicable,Others,NH,Bitumen(Tar),Others,Not Applicable,Fine,1 KM,xx,xx,0.0,0.0,0,1,0.0,1.0
Bengaluru Dist,Avalahally PS,1.04422e+16,2018,1,2,Not Applicable,Other,Not Applicable,Open area,Vehicle Defect,Yes,Simple Injury,Others,Not Applicable,Others,Others,Not Applicable,Dry,Not Applicable,Others,sarvice road,1,1,0.0,0.0,0,0,0.0,0.0
Bengaluru Dist,Avalahally PS,1.04422e+16,2018,1,1,Road Accidents,Other,Rural Areas,Open area,Not Applicable,No,Damage Only,Others,Not at  Junction,Others,NH,Bitumen(Tar),Others,Not Applicable,Others,NH75,Near Chekpost,2km,0.0,0.0,0,1,0.0,1.0
Bengaluru Dist,Avalahally PS,1.04422e+16,2018,1,2,Road Accidents,Other,Not Applicable,Residential area,Not Applicable,No,Damage Only,Others,Not Applicable,Curve,Others,Gravel,Dry,Not Applicable,Others,THIRUMENAHALLI,6,1,0.0,0.0,0,0,3.0,3.0
Bengaluru Dist,Avalahally PS,1.04422e+16,2018,1,1,Not Applicable,Other,Rural Areas,Open area,Not Applicable,Yes,Grievous Injury,Others,Not at  Junction,Others,Others,Not Applicable,Others,Not Applicable,Others,other,GR Sunvillas,5km,0.0,0.0,0,1,0.0,1.0
Bengaluru Dist,Avalahally PS,1.04422e+16,2018,1,2,Other Railway Accidents,Rail Crossing manned,Not Applicable,At pedestrian Crossing,Human Error,Yes,Grievous Injury,Hit fixed object,Signal lights Automatic,Incline,One way,Concrete,Flooded,Engineering Defect of Road,Not Applicable,XX,XX,1 km,0.0,0.0,4,5,0.0,9.0
Bengaluru Dist,Avalahally PS,1.04422e+16,2018,1,1,Road Accidents,Not Applicable,Rural Areas,Near Bus stop,Human Error,No,Fatal,Hit pedestrian,Not Applicable,Others,Service Road,Bitumen(Tar),Others,Not Applicable,Fine,Bengaluru Kolar NH75 road Servicer road near Huskuru gate,Bengaluru Kolar NH75 road Servicer road near Huskuru gate,3,0.0,0.0,0,1,0.0,1.0
Bengaluru Dist,Avalahally PS,1.04422e+16,2018,1,2,Road Accidents,Other,Rural Areas,Near a factory industrial area,Human Error,Not Applicable,Fatal,Rear end,Not Applicable,Others,State Highway,Bitumen(Tar),Others,Not Applicable,Others,Budigere cross Devanahalli road near Muneshwara temple cross,Budigere cross Devanahalli road near Muneshwara temple cross,2,0.0,0.0,0,1,0.0,1.0
Bengaluru Dist,Avalahally PS,1.04422e+16,2018,1,2,Road Accidents,Other,City/Town,Open area,Human Error,Yes,Simple Injury,Others,Not Applicable,Others,NH,Bitumen(Tar),Others,Not Applicable,Fine,Kolar -Bangalore NH-75 Service road,Near yelemallappa shetty lake,2 km,0.0,0.0,0,1,0.0,1.0
Bengaluru Dist,Avalahally PS,1.04422e+16,2018,1,1,Road Accidents,Narrow road,Rural Areas,Open area,Not Applicable,No,Grievous Injury,Others,Not Applicable,Not Applicable,Not Applicable,Kutcha,Dry,No influence on accident,Clear,Thar,Ranger company,6 Km,0.0,0.0,0,0,4.0,4.0
Bengaluru Dist,Avalahally PS,1.04422e+16,2018,1,2,Road Accidents,Other,City/Town,Near Bus stop,Human Error,No,Damage Only,Run Off Road,Not Applicable,Others,NH,Bitumen(Tar),Others,Not Applicable,Fine,Kolar -Bangalore NH-75 Service road,Near Budigere cross,1 km,0.0,0.0,0,1,0.0,1.0
Bengaluru Dist,Avalahally PS,1.04422e+16,2018,1,1,Not Applicable,Other,Not Applicable,Near Bus stop,Not Applicable,No,Grievous Injury,Others,Not Applicable,Others,State Highway,Not Applicable,Not Applicable,Not Applicable,Very Hot,NH4 SERVICE ROAD,1,1 km,0.0,0.0,0,0,0.0,0.0
Bengaluru Dist,Avalahally PS,1.04422e+16,2018,1,2,Road Accidents,Other,City/Town,Open area,Human Error,No,Grievous Injury,Others,Not Applicable,Others,NH,Bitumen(Tar),Not Applicable,Not Applicable,Fine,xx,xx,xx,0.0,0.0,0,0,0.0,0.0
Bengaluru Dist,Avalahally PS,1.04422e+16,2018,1,2,Road Accidents,Other,Rural Areas,Near Bus stop,Human Error,No,Damage Only,Others,Uncontrolled,Others,Service Road,Not Applicable,Others,Not Applicable,Others,sarvice road,1,1,0.0,0.0,0,1,0.0,1.0
Bengaluru Dist,Avalahally PS,1.04422e+16,2018,1,2,Road Accidents,Narrow road,Rural Areas,Open area,Not Applicable,No,Not Applicable,Others,Not Applicable,Others,Village Road,Bitumen(Tar),Dry,Not Applicable,Fine,AVALAHALLI  - HIRANDAHALLI ROAD,2 km,2 km,0.0,0.0,0,0,0.0,0.0
Bengaluru Dist,Avalahally PS,1.04422e+16,2018,1,2,Road Accidents,Not Applicable,Rural Areas,Near Bus stop,Human Error,No,Fatal,Others,Not Applicable,Not Applicable,State Highway,Bitumen(Tar),Not Applicable,Not Applicable,Fine,Devanahalli To Budigere cross road,Devanahalli To Budigere cross road,3,0.0,0.0,0,0,0.0,0.0
Bengaluru Dist,Avalahally PS,1.04422e+16,2018,1,1,Road Accidents,Other,Rural Areas,Residential area,Human Error,Not Applicable,Fatal,Others,Not Applicable,Others,Village Road,Bitumen(Tar),Others,Not Applicable,Others,Goravigere village road,Goravigere road,4 kms,0.0,0.0,0,1,0.0,1.0
Bengaluru Dist,Avalahally PS,1.04422e+16,2018,1,2,Road Accidents,Other,Rural Areas,Open area,Not Applicable,No,Damage Only,Others,Not at  Junction,Others,NH,Bitumen(Tar),Others,Not Applicable,Others,Nh75,Budigere Cross Ply Over,1km,0.0,0.0,0,1,0.0,1.0
Bengaluru Dist,Avalahally PS,1.04422e+16,2018,1,2,Not Applicable,Not Applicable,Not Applicable,In bazaar,Human Error,Not Applicable,Grievous Injury,Hit pedestrian,Signals (Working),Incline,Service Road,Kutcha,Flooded,Engineering Defect of Road,Snow,xx,xx,xx,0.0,0.0,4,5,4.0,13.0
Bengaluru Dist,Avalahally PS,1.04422e+16,2018,1,1,Road Accidents,Other,Rural Areas,Open area,Not Applicable,No,Grievous Injury,Others,Not at  Junction,Others,Others,Bitumen(Tar),Others,Not Applicable,Others,other,Near KMM Chwltry,3 km,0.0,0.0,0,1,0.0,1.0
Bengaluru Dist,Avalahally PS,1.04422e+16,2018,1,1,Road Accidents,Other,Rural Areas,Open area,Not Applicable,No,Grievous Injury,Others,Not at  Junction,Others,NH,Bitumen(Tar),Others,Not Applicable,Others,NH,BRIGADE EXOTICA,2 KM,0.0,0.0,0,1,0.0,1.0
Bengaluru Dist,Avalahally PS,1.04422e+16,2018,1,2,Road Accidents,Narrow road,City/Town,Open area,Human Error,No,Damage Only,Right Turn Collision,No signal lights,Straight and flat,Two way,Not Applicable,Dry,No influence on accident,Clear,NH75 ROAD,1,1 km,0.0,0.0,0,0,0.0,0.0
Bengaluru Dist,Avalahally PS,1.04422e+16,2018,1,2,Road Accidents,Other,Rural Areas,Open area,Not Applicable,No,Damage Only,Others,Not at  Junction,Others,NH,Bitumen(Tar),Others,Not Applicable,Others,NH75,Nh75 Road,1Km,0.0,0.0,0,1,0.0,1.0
Bengaluru Dist,Avalahally PS,1.04422e+16,2018,1,1,Road Accidents,Other,Rural Areas,Open area,Not Applicable,No,Grievous Injury,Others,Not at  Junction,Others,Others,Bitumen(Tar),Others,Not Applicable,Others,Other,Anjaneya Temple,5 km,0.0,0.0,0,1,0.0,1.0
Bengaluru Dist,Avalahally PS,1.04422e+16,2018,1,1,Not Applicable,Culvert,Not Applicable,Narrow bridge or culverts,Not Applicable,No,Grievous Injury,Others,Controlled,Not Applicable,NH,Kutcha,Dry,No influence on accident,Cloudy,Nh road,Budigere bridge,2 km,0.0,0.0,0,0,4.0,4.0
Bengaluru Dist,Avalahally PS,1.04422e+16,2018,1,2,Road Accidents,Other,Rural Areas,Open area,Not Applicable,No,Grievous Injury,Others,Not at  Junction,Others,NH,Bitumen(Tar),Others,Not Applicable,Others,Nh,Factory,2 km,0.0,0.0,0,1,0.0,1.0
Bengaluru Dist,Avalahally PS,1.04422e+16,2018,1,2,Road Accidents,Road hump or Rumble strips,City/Town,Open area,Human Error,No,Damage Only,Others,Not Applicable,Hump,NH,Bitumen(Tar),Dry,Not Applicable,Fine,Bangalore - Kolar NH - 75,Near metrich,1 km,0.0,0.0,0,0,0.0,0.0
Bengaluru Dist,Avalahally PS,1.04422e+16,2018,1,1,Road Accidents,Other,Not Applicable,Open area,Human Error,No,Fatal,Others,Not Applicable,Not Applicable,Not Applicable,Bitumen(Tar),Others,Not Applicable,Fine,Thriveni steel enterprises premises,Thriveni steel enterprises premises,1,0.0,0.0,0,1,0.0,1.0
Bengaluru Dist,Avalahally PS,1.04422e+16,2018,1,2,Road Accidents,Circle,Rural Areas,Near Bus stop,Not Applicable,No,Damage Only,Others,Not at  Junction,Others,NH,Bitumen(Tar),Others,Not Applicable,Others,NH75,Near Budigere Cross,1km,0.0,0.0,0,1,0.0,1.0
Bengaluru Dist,Avalahally PS,1.04422e+16,2018,1,1,Road Accidents,Other,Rural Areas,Open area,Not Applicable,No,Grievous Injury,Others,Not at  Junction,Others,Others,Bitumen(Tar),Dry,Not Applicable,Others,other,Near Sura Wines,2 km,0.0,0.0,0,0,0.0,0.0
Bengaluru Dist,Avalahally PS,1.04422e+16,2018,1,2,Road Accidents,Bridge,Rural Areas,Open area,Not Applicable,No,Damage Only,Others,Not at  Junction,Others,NH,Bitumen(Tar),Others,Not Applicable,Others,Nh75,MEDAHALLI OVER BRIDG,TO WOR,0.0,0.0,0,1,0.0,1.0
Bengaluru Dist,Avalahally PS,1.04422e+16,2018,1,1,Road Accidents,Other,Rural Areas,Near Bus stop,Not Applicable,Not Applicable,Fatal,Not Applicable,Not Applicable,Not Applicable,Village Road,Bitumen(Tar),Dry,Not Applicable,Fine,Normal Road,Triveni Steel Budigere Road,3km,0.0,0.0,0,0,0.0,0.0
Bengaluru Dist,Avalahally PS,1.04422e+16,2018,1,2,Road Accidents,Other,Rural Areas,Open area,Human Error,No,Fatal,Others,Not Applicable,Not Applicable,Others,Bitumen(Tar),Others,Not Applicable,Fine,Huskoor to Nimbekayipura road,xx,xx,0.0,0.0,0,1,0.0,1.0
Bengaluru Dist,Avalahally PS,1.04422e+16,2018,1,1,Road Accidents,Other,Rural Areas,Open area,Not Applicable,Yes,Grievous Injury,Not Applicable,Uncontrolled,Straight and flat,Village Road,Surfaced,Dry,Not Applicable,Clear,BOMMENAHALLI VILLAGE ROAD,5 kms towards East,7 km,0.0,0.0,0,0,,
Bengaluru Dist,Avalahally PS,1.04422e+16,2018,1,1,Road Accidents,Curves,Rural Areas,Near Bus stop,Not Applicable,No,Grievous Injury,Others,Controlled,Curve,One way,Kutcha,Dry,No influence on accident,Others,NH 75,Husku gate,5 km,0.0,0.0,0,0,4.0,4.0
Bengaluru Dist,Avalahally PS,1.04422e+16,2018,1,2,Road Accidents,Other,City/Town,Open area,Human Error,No,Grievous Injury,Not Applicable,Not Applicable,Not Applicable,NH,Bitumen(Tar),Not Applicable,Not Applicable,Fine,Bangalore - Kolar NH - 75 Road,XX,3 km,0.0,0.0,0,0,0.0,0.0
Bengaluru Dist,Avalahally PS,1.04422e+16,2018,1,2,Road Accidents,Road hump or Rumble strips,Rural Areas,Near Bus stop,Not Applicable,No,Damage Only,Others,Signal lights Blinking,Hump,NH,Bitumen(Tar),Dry,Not Applicable,Fine,NH,2,3,0.0,0.0,0,0,0.0,0.0
Bengaluru Dist,Avalahally PS,1.04422e+16,2018,1,2,Not Applicable,Other,City/Town,Open area,Human Error,No,Grievous Injury,Others,Not Applicable,Not Applicable,Others,Bitumen(Tar),Others,Not Applicable,Fine,1 KM,XX,xx,0.0,0.0,0,1,0.0,1.0
Bengaluru Dist,Avalahally PS,1.04422e+16,2018,1,1,Road Accidents,Other,Not Applicable,Open area,Human Error,No,Fatal,Skidding or Self accident,Not Applicable,Others,Others,Not Applicable,Others,Not Applicable,Fine,bidarahalli kere,x,04 km,0.0,0.0,0,1,0.0,1.0
Bengaluru Dist,Avalahally PS,1.04422e+16,2019,1,1,Road Accidents,Narrow road,Rural Areas,Near Bus stop,Not Applicable,No,Grievous Injury,Hit pedestrian,Not Applicable,Others,One way,Kutcha,Dry,Not Applicable,Others,Nh 75,1 km,1 km,13.086361,77.687196,0,0,4.0,4.0
Bengaluru Dist,Avalahally PS,1.04422e+16,2019,1,2,Road Accidents,Bridge,Rural Areas,Open area,Not Applicable,No,Damage Only,Hit fixed object,Not Applicable,Others,Two way,Surfaced,Dry,Not Applicable,Fine,Bangalore - Kolar NH - 75 Road,Nh75 Road,2 km,13.038125,77.714054,0,0,,
Bengaluru Dist,Avalahally PS,1.04422e+16,2019,1,1,Road Accidents,More than four arms,Not Applicable,Near Bus stop,Human Error,No,Fatal,Head on,Not Applicable,Straight and flat,NH,Surfaced,Others,Not Applicable,Fine,NH 75,X,3KM,13.061749,77.716122,0,1,,
Bengaluru Dist,Avalahally PS,1.04422e+16,2019,1,2,Road Accidents,Bridge,Rural Areas,Narrow bridge or culverts,Not Applicable,No,Damage Only,Others,Uncontrolled,Straight and flat,NH,Bitumen(Tar),Dry,Not Applicable,Fine,"N,H,75",Nh75 Road,1 km,13.047158,77.751978,0,0,0.0,0.0
Bengaluru Dist,Avalahally PS,1.04422e+16,2019,1,2,Road Accidents,Cross roads,Rural Areas,Near Bus stop,Human Error,No,Fatal,Vehicle to Vehicle,No signal lights,Others,Service Road,Bitumen(Tar),Others,Not Applicable,Others,NH 75 Katamnalluru cross to Budigere cross Service road,NH 75 Katamnalluru cross to Budigere cross Service road,4 kms,13.054051,77.759577,0,1,0.0,1.0
Bengaluru Dist,Avalahally PS,1.04422e+16,2019,1,2,Road Accidents,Narrow road,Rural Areas,Near Bus stop,Not Applicable,No,Grievous Injury,Vehicle to Vehicle,Uncontrolled,Straight and flat,Two way,Bitumen(Tar),Dry,Not Applicable,Fine,Bhudhigere cross,Near Bhudhigere cross,1km,13.046825,77.750225,0,0,0.0,0.0
Bengaluru Dist,Avalahally PS,1.04422e+16,2019,1,1,Road Accidents,Narrow road,Rural Areas,Residential area,Human Error,Not Applicable,Grievous Injury,Hit pedestrian,Not at  Junction,Straight and flat,Not Applicable,Not Applicable,Dry,Not Applicable,Others,other road,2,2,13.050919,77.761726,0,0,0.0,0.0
Bengaluru Dist,Avalahally PS,1.04422e+16,2019,1,2,Not Applicable,Other,City/Town,Open area,Human Error,No,Grievous Injury,Others,Not Applicable,Not Applicable,NH,Bitumen(Tar),Others,Not Applicable,Fine,Bangalore - Kolar NH - 75,XX,xx,13.034676,77.7347279,0,1,0.0,1.0
Bengaluru Dist,Avalahally PS,1.04422e+16,2019,1,2,Road Accidents,Other,City/Town,Open area,Human Error,No,Grievous Injury,Others,Not Applicable,Others,NH,Bitumen(Tar),Others,Not Applicable,Fine,1 KM,XX,x,13.034875,77.734779,0,1,0.0,1.0
Bengaluru Dist,Avalahally PS,1.04422e+16,2019,1,1,Road Accidents,Other,Rural Areas,Open area,Not Applicable,No,Damage Only,Others,No signal lights,Others,One way,Kutcha,Dry,Not Applicable,Fine,on road,Near Nimbekaipura gate,2 Km,13.046578,77.750791,0,0,4.0,4.0
Bengaluru Dist,Avalahally PS,1.04422e+16,2019,1,1,Not Applicable,Narrow road,Rural Areas,Near Petrol Pump,Human Error,Yes,Grievous Injury,Hit pedestrian,Not at  Junction,Straight and flat,NH,Not Applicable,Not Applicable,Not Applicable,Not Applicable,NH 75 road,2,2,13.037354,77.738977,0,0,0.0,0.0
Bengaluru Dist,Avalahally PS,1.04422e+16,2019,1,1,Road Accidents,Curves,Rural Areas,Near or inside a village,Not Applicable,No,Grievous Injury,Hit pedestrian,Uncontrolled,Curve,Not Applicable,Bitumen(Tar),Dry,Not Applicable,Fine,Viillage Road,Near Orion Mal,4,13.055696,77.765434,0,0,0.0,0.0
Bengaluru Dist,Avalahally PS,1.04422e+16,2019,1,1,Road Accidents,Not Applicable,Rural Areas,Near School or College,Human Error,No,Fatal,Not Applicable,Not Applicable,Others,Others,Not Applicable,Others,Not Applicable,Others,"Maragondanahalli Kittiganuru road,",Maragondanahalli Kittiganuru road near Diamond college,7 km,13.038655,77.695026,0,1,0.0,1.0
Bengaluru Dist,Avalahally PS,1.04422e+16,2019,1,1,Road Accidents,Narrow road,City/Town,Near Bus stop,Human Error,No,Simple Injury,Hit pedestrian,Not at  Junction,Others,One way,Bitumen(Tar),Dry,Not Applicable,Fine,Medahalli-kadugodi road,kurudusonnenahalli village,9,13.013201,77.733918,0,0,0.0,0.0
Bengaluru Dist,Avalahally PS,1.04422e+16,2019,1,1,Road Accidents,Not Applicable,City/Town,Open area,Not Applicable,No,Fatal,Hit pedestrian,Not Applicable,Others,Two way,Bitumen(Tar),Dry,Not Applicable,Others,Kadaagrahara Ramapura  road,Saibaba temple,8 kms,13.06806,77.689694,0,0,0.0,0.0
Bengaluru Dist,Avalahally PS,1.04422e+16,2019,1,1,Road Accidents,Road hump or Rumble strips,Rural Areas,Near Petrol Pump,Human Error,No,Grievous Injury,Not Applicable,Not at  Junction,Straight and flat,NH,Kutcha,Dry,Not Applicable,Others,NH 75 road,1,1,13.035703,77.73585,0,0,4.0,4.0
Bengaluru Dist,Avalahally PS,1.04422e+16,2019,1,2,Road Accidents,Cross roads,Not Applicable,Near Bus stop,Human Error,No,Grievous Injury,Others,Not Applicable,Others,Others,Not Applicable,Dry,Not Applicable,Others,BUDIGERE CROSS,1,1,13.038832,77.735564,0,0,0.0,0.0
Bengaluru Dist,Avalahally PS,1.04422e+16,2019,1,2,Road Accidents,Not Applicable,Not Applicable,Near or inside a village,Human Error,No,Grievous Injury,Rear end,Not Applicable,Others,NH,Bitumen(Tar),Dry,Not Applicable,Fine,"Kolara-Bengaluru NH-75 Road, Avalahalli lake",Avalahalli lake,2 KM,13.095192,77.742246,0,0,0.0,0.0
Bengaluru Dist,Avalahally PS,1.04422e+16,2019,1,1,Road Accidents,Junction,Rural Areas,Near Bus stop,Human Error,No,Grievous Injury,Hit pedestrian,Uncontrolled,Straight and flat,NH,Bitumen(Tar),Dry,Not Applicable,Clear,NH 75,NH75,3km,13.056198,77.766908,0,0,0.0,0.0
Bengaluru Dist,Avalahally PS,1.04422e+16,2019,1,1,Road Accidents,Curves,Rural Areas,Open area,Not Applicable,No,Grievous Injury,Vehicle to Vehicle,Not at  Junction,Sharp Curve,Others,Bitumen(Tar),Dry,Not Applicable,Fine,Other Road,Bandapura Villege,1km,13.044768,77.739119,0,0,0.0,0.0
Bengaluru Dist,Avalahally PS,1.04422e+16,2019,1,1,Road Accidents,Not Applicable,Rural Areas,Near or inside a village,Human Error,No,Fatal,Not Applicable,Not Applicable,Not Applicable,Others,Bitumen(Tar),Others,Not Applicable,Fine,Gunduru Manduru village road Bidarahalli hobali Bengaluru east taluk,Near Gunduru village,7,13.088,77.7149489,0,1,0.0,1.0
Bengaluru Dist,Avalahally PS,1.04422e+16,2019,1,1,Not Applicable,Not Applicable,Rural Areas,Open area,Not Applicable,No,Damage Only,Not Applicable,Not Applicable,Not Applicable,Not Applicable,Kutcha,Dry,Not Applicable,Fine,no,2,1 km,13.045556,77.738345,0,0,4.0,4.0
Bengaluru Dist,Avalahally PS,1.04422e+16,2019,1,2,Road Accidents,Cross roads,Rural Areas,Residential area,Human Error,Yes,Simple Injury,Vehicle to Vehicle,Uncontrolled,Slight Curve,Mixed,Bitumen(Tar),Dry,Not Applicable,Clear,kithaganuru toward maragondanahalli,xx,7km,13.034543,77.693268,0,0,0.0,0.0
Bengaluru Dist,Avalahally PS,1.04422e+16,2019,1,2,Not Applicable,Not Applicable,City/Town,Open area,Human Error,Yes,Grievous Injury,Not Applicable,Not Applicable,Not Applicable,Others,Bitumen(Tar),Not Applicable,Not Applicable,Not Applicable,Rampura - Bidarahalli road,xx,xx,13.051199,77.695789,0,0,0.0,0.0
Bengaluru Dist,Avalahally PS,1.04422e+16,2019,1,2,Road Accidents,Narrow road,Rural Areas,Near a factory industrial area,Human Error,No,Damage Only,Not Applicable,Not at  Junction,Not Applicable,State Highway,Not Applicable,Wet,Pot holed,Cloudy,SH Road,xx,xx,13.055563,77.745538,5,3,0.0,8.0
Bengaluru Dist,Avalahally PS,1.04422e+16,2019,1,1,Road Accidents,Narrow road,City/Town,Narrow bridge or culverts,Human Error,No,Fatal,Hit pedestrian,Not Applicable,Others,NH,Bitumen(Tar),Dry,Not Applicable,Fine,Bengaluru Kolar NH75 road Budigere cross flyover,Bengaluru Kolar NH75 road Budigere cross flyover,1 km,13.047829,77.752802,0,0,0.0,0.0