DISTRICTNAME,UNITNAME,Crime_No,Year,RI,Noofvehicle_involved,Accident_Classification,Accident_Spot,Accident_Location,Accident_SubLocation,Main_Cause,Hit_Run,Severity,Collision_Type,Junction_Control,Road_Character,Road_Type,Surface_Type,Surface_Condition,Road_Condition,Weather,Accident_Road,Landmark_first,Distance_LandMark_First,Latitude,Longitude,Road_Condition_Score,Surface_Condition_Score,Surface_Type_Score,Road_Risk_Index
Bengaluru Dist,Avalahally PS,1.04422e+16,2019,1,1,Road Accidents,Not Applicable,City/Town,Near Bus stop,Human Error,Yes,Fatal,Hit pedestrian,Not at  Junction,Not Applicable,NH,Bitumen(Tar),Dry,Not Applicable,Others,Bengaluru Kolar NH75 road Near Avalahalli infront of Kabbalamma hotel,Bengaluru Kolar NH75 road Near Avalahalli infront of Kabbalamma hotel,1 km,13.036746,77.736765,0,0,0.0,0.0
Bengaluru Dist,Avalahally PS,1.04422e+16,2019,1,3,Road Accidents,Narrow road,City/Town,Open area,Not Applicable,No,Damage Only,Vehicle to Vehicle,Uncontrolled,Others,NH,Bitumen(Tar),Dry,Drainage Ditch,Clear,AVALAHALLI LAKE,1,1kmwes,13.04744,77.7517779,4,0,0.0,4.0
Bengaluru Dist,Avalahally PS,1.04422e+16,2019,1,1,Not Applicable,Other,Rural Areas,Near Bus stop,Not Applicable,No,Grievous Injury,Others,No signal lights,Not Applicable,Others,Kutcha,Dry,Not Applicable,Others,Normak,Hirandahalli,6 km,13.086702,77.686577,0,0,4.0,4.0
Bengaluru Dist,Avalahally PS,1.04422e+16,2019,1,1,Road Accidents,Other,Rural Areas,Open area,Not Applicable,No,Simple Injury,Hit bicyclist,Not at  Junction,Others,NH,Bitumen(Tar),Dry,Not Applicable,Fine,NH75,2KM,2KM,13.072382,77.721283,0,0,0.0,0.0
Bengaluru Dist,Avalahally PS,1.04422e+16,2019,1,2,Road Accidents,Narrow road,Rural Areas,Narrow bridge or culverts,Human Error,No,Grievous Injury,Vehicle to Vehicle,Not at  Junction,Straight and flat,NH,Not Applicable,Dry,Not Applicable,Others,NH 75Road,1,1,13.025724,77.719445,0,0,0.0,0.0
Bengaluru Dist,Avalahally PS,1.04422e+16,2019,1,1,Not Applicable,Not Applicable,Rural Areas,Open area,Not Applicable,No,Grievous Injury,Not Applicable,Not Applicable,Others,Others,Kutcha,Others,Not Applicable,Others,Normal,East point gate,4 km,13.050656,77.719701,0,1,4.0,5.0
Bengaluru Dist,Avalahally PS,1.04422e+16,2019,1,1,Road Accidents,Narrow road,Rural Areas,Near Bus stop,Human Error,No,Fatal,Hit pedestrian,Not Applicable,Not Applicable,NH,Bitumen(Tar),Dry,Not Applicable,Fine,Kolar Bengaluru NH75 road near Avalahalli,Kolar Bengaluru NH75 road near Avalahalli,2km,13.034883,77.735991,0,0,0.0,0.0
Bengaluru Dist,Avalahally PS,1.04422e+16,2019,1,2,Road Accidents,Narrow road,Rural Areas,Near School or College,Human Error,No,Fatal,Hit pedestrian,No signal lights,Others,NH,Bitumen(Tar),Others,Not Applicable,Others,Kolar Bengaluru NH75 road near Bandapura gate,Kolar Bengaluru NH75 road near Bandapura gate,1,13.059415,77.725969,0,1,0.0,1.0
Bengaluru Dist,Avalahally PS,1.04422e+16,2019,1,1,Road Accidents,Other,Rural Areas,Open area,Not Applicable,No,Grievous Injury,Others,Not at  Junction,Others,Two way,Bitumen(Tar),Others,Not Applicable,Fine,Budigere Road,San soap Deterjent Company,2km,13.037828,77.713374,0,1,0.0,1.0
Bengaluru Dist,Avalahally PS,1.04422e+16,2019,1,1,Road Accidents,Narrow road,Rural Areas,Near Bus stop,Human Error,No,Fatal,Hit pedestrian,Not Applicable,Others,NH,Bitumen(Tar),Others,Not Applicable,Others,Kolar Bengaluru NH75 road near Bandapura gate,Kolar Bengaluru NH75 road,300mtr,13.045073,77.738355,0,1,0.0,1.0
Bengaluru Dist,Avalahally PS,1.04422e+16,2019,1,1,Road Accidents,Narrow road,Rural Areas,Near Bus stop,Human Error,No,Fatal,Hit pedestrian,Not Applicable,Not Applicable,NH,Bitumen(Tar),Others,Not Applicable,Others,Kolar Bengaluru NH75 road near Chimasandra gate,Kolar Bengaluru NH75 road near Chimasandra gate,1,13.039273,77.740894,0,1,0.0,1.0
Bengaluru Dist,Avalahally PS,1.04422e+16,2019,1,1,Road Accidents,Narrow road,Rural Areas,Open area,Not Applicable,No,Grievous Injury,Not Applicable,Not at  Junction,Others,NH,Bitumen(Tar),Dry,Not Applicable,Fine,NH75,Near Iswarya Dhaba,2KM,13.053913,77.761847,0,0,0.0,0.0
Bengaluru Dist,Avalahally PS,1.04422e+16,2019,1,1,Road Accidents,Narrow road,City/Town,Near Bus stop,Human Error,No,Fatal,Hit pedestrian,Not Applicable,Others,State Highway,Bitumen(Tar),Dry,Not Applicable,Fine,Budigere cross To Devanahalli Road,Budigere cross Devanahalli road near Budigere cross bus stop,1,13.03924,77.732675,0,0,0.0,0.0
Bengaluru Dist,Avalahally PS,1.04422e+16,2019,1,2,Road Accidents,Offset,Rural Areas,Near Bus stop,Not Applicable,No,Simple Injury,Others,Not at  Junction,Not Applicable,Others,Bitumen(Tar),Dry,Not Applicable,Others,other,Near Hirandahalli,4km,13.08614,77.713679,0,0,0.0,0.0
Bengaluru Dist,Avalahally PS,1.04422e+16,2019,1,1,Road Accidents,Bridge,Rural Areas,Open area,Not Applicable,No,Damage Only,Others,No signal lights,Not Applicable,NH,Kutcha,Dry,No influence on accident,Clear,Kolar Bengaluru NH road,Avalahalli,2 km,13.037601,77.713743,0,0,4.0,4.0
Bengaluru Dist,Avalahally PS,1.04422e+16,2019,1,2,Road Accidents,Other,City/Town,Open area,Human Error,No,Grievous Injury,Others,Not Applicable,Others,Others,Bitumen(Tar),Not Applicable,Not Applicable,Fine,Raguvanahalli to Lagumenahalli road,5 kms towards north,xx,13.081895,77.748341,0,0,0.0,0.0
Bengaluru Dist,Avalahally PS,1.04422e+16,2019,1,1,Road Accidents,Not Applicable,Rural Areas,Near Bus stop,Human Error,No,Fatal,Hit pedestrian,Not Applicable,Others,NH,Bitumen(Tar),Others,Not Applicable,Others,Kolar Bengaluru NH75 road near Chimasandra gate,Kolar Bengaluru NH75 road near Chimasandra gate,1 km,13.037958,77.739938,0,1,0.0,1.0
Bengaluru Dist,Avalahally PS,1.04422e+16,2019,1,1,Road Accidents,Narrow road,Rural Areas,Open area,Human Error,No,Grievous Injury,Hit pedestrian,Not at  Junction,Straight and flat,Two way,Surfaced,Dry,Not Applicable,Clear,NH 75,1km towards west,1km,13.035215,77.734805,0,0,,
Bengaluru Dist,Avalahally PS,1.04422e+16,2019,1,2,Road Accidents,Narrow road,City/Town,Narrow bridge or culverts,Human Error,No,Fatal,Vehicle to Vehicle,Uncontrolled,Not Applicable,NH,Bitumen(Tar),Dry,Not Applicable,Fine,Bengaluru Kolar NH75 road Near Bandapura gate Budigere cross Flyover,Bengaluru Kolar NH75 road Near Bandapura gate Budigere cross Flyover,0.5 km,13.045077,77.739635,0,0,0.0,0.0
Bengaluru Dist,Avalahally PS,1.04422e+16,2019,1,2,Road Accidents,Road hump or Rumble strips,Rural Areas,Near Bus stop,Not Applicable,No,Grievous Injury,Vehicle to Vehicle,Not at  Junction,Straight and flat,Two way,Bitumen(Tar),Dry,Not Applicable,Fine,Budigere Raod,1,3,13.065622,77.738079,0,0,0.0,0.0
Bengaluru Dist,Avalahally PS,1.04422e+16,2019,1,2,Road Accidents,Narrow road,City/Town,Narrow bridge or culverts,Human Error,No,Fatal,Vehicle to Vehicle,Not Applicable,Others,NH,Bitumen(Tar),Wet,Not Applicable,Fine,Kolara to Bengaluru NH75 road near Avalahalli flyover,Kolara to Bengaluru NH75 road near Avalahalli flyover,1 km,13.036447,77.736331,0,3,0.0,3.0
Bengaluru Dist,Avalahally PS,1.04422e+16,2019,1,2,Road Accidents,Narrow road,Rural Areas,Near a factory industrial area,Human Error,No,Simple Injury,Vehicle to Vehicle,Not at  Junction,Straight and flat,Minor District Road,Bitumen(Tar),Dry,Not Applicable,Fine,Devanahalli To Budigere cross Road,Devanahalli Road near Budigere cross,1,13.048944,77.7488079,0,0,0.0,0.0
Bengaluru Dist,Avalahally PS,1.04422e+16,2019,1,2,Road Accidents,Not Applicable,Rural Areas,Open area,Not Applicable,No,Damage Only,Vehicle to Vehicle,Not at  Junction,Others,NH,Bitumen(Tar),Dry,Not Applicable,Fine,NH75,Near Iswarya Dhaba,2KM,13.053183,77.761094,0,0,0.0,0.0
Bengaluru Dist,Avalahally PS,1.04422e+16,2019,1,2,Road Accidents,Narrow road,City/Town,Near Petrol Pump,Human Error,Yes,Simple Injury,Vehicle to Vehicle,Uncontrolled,Straight and flat,Service Road,Concrete,Dry,Not Applicable,Fine,Service road,1km towards west,1km,13.046448,77.75101,0,0,0.0,0.0
Bengaluru Dist,Avalahally PS,1.04422e+16,2019,1,1,Road Accidents,Not Applicable,City/Town,Near Petrol Pump,Human Error,No,Fatal,Not Applicable,Not Applicable,Others,NH,Bitumen(Tar),Dry,Not Applicable,Fine,Kolara to Bengaluru NH75 road near YalemallappaShetty lake,Kolara to Bengaluru NH75 road near YalemallappaShetty lake,2km,13.029136,77.7277989,0,0,0.0,0.0
Bengaluru Dist,Avalahally PS,1.04422e+16,2019,1,2,Road Accidents,Not Applicable,Rural Areas,Open area,Not Applicable,No,Grievous Injury,Vehicle to Vehicle,Not at  Junction,Others,NH,Bitumen(Tar),Dry,Not Applicable,Fine,NH75,Near Elemallappa Shetty kere,3km,13.029673,77.727021,0,0,0.0,0.0
Bengaluru Dist,Avalahally PS,1.04422e+16,2019,1,2,Road Accidents,Narrow road,Rural Areas,Near or inside a village,Human Error,No,Grievous Injury,Vehicle to Vehicle,Not Applicable,Others,Service Road,Kutcha,Dry,Not Applicable,Others,budigere byappanahalli Road,1km towards west,1km,13.071114,77.737665,0,0,4.0,4.0
Bengaluru Dist,Avalahally PS,1.04422e+16,2019,1,1,Road Accidents,Other,Rural Areas,Near Hospital,Not Applicable,No,Grievous Injury,Others,Not at  Junction,Others,NH,Bitumen(Tar),Others,Not Applicable,Fine,NH75,Near Avalahalli,3km,13.037049,77.734564,0,1,0.0,1.0
Bengaluru Dist,Avalahally PS,1.04422e+16,2019,1,1,Road Accidents,Other,City/Town,Residential area,Human Error,No,Grievous Injury,Hit and Run,Not Applicable,Others,Others,Bitumen(Tar),Others,Not Applicable,Fine,"B.S.R Layout, Avalahalli",xx,2 km,13.061642,77.716434,0,1,0.0,1.0
Bengaluru Dist,Avalahally PS,1.04422e+16,2019,1,2,Road Accidents,Narrow road,Rural Areas,Near Bus stop,Human Error,No,Grievous Injury,Vehicle to Vehicle,Not at  Junction,Others,Others,Kutcha,Dry,Not Applicable,Very Hot,NH 75 road,1,1,13.046747,77.751499,0,0,4.0,4.0
Bengaluru Dist,Avalahally PS,1.04422e+16,2019,1,2,Road Accidents,Cross roads,Rural Areas,Residential area,Human Error,No,Fatal,Vehicle to Vehicle,Not Applicable,Others,Minor District Road,Bitumen(Tar),Others,Not Applicable,Fine,Bidarahalli Baiyappanahalli Gunduru road,Bidarahalli Baiyappanahalli Gunduru road,5,13.068339,77.719348,0,1,0.0,1.0
Bengaluru Dist,Avalahally PS,1.04422e+16,2019,1,5,Road Accidents,Narrow road,City/Town,Near a recreation place/cinema,Human Error,No,Fatal,Vehicle to Vehicle,Not Applicable,Not Applicable,NH,Bitumen(Tar),Dry,Not Applicable,Fine,Bengaluru Kolar NH75 road Near Nimbekayipura gate infront of Ishwarya dhaba,Bengaluru Kolar NH75 road Near Nimbekayipura gate infront of Ishwarya dhaba,2 Kms,13.045858,77.753783,0,0,0.0,0.0
Bengaluru Dist,Avalahally PS,1.04422e+16,2019,1,2,Not Applicable,Other,City/Town,Open area,Human Error,Yes,Grievous Injury,Not Applicable,Not Applicable,Not Applicable,Others,Bitumen(Tar),Others,Not Applicable,Fine,Kadugodi to Hodi Road,xx,6 kms,13.037484,77.6936249,0,1,0.0,1.0
Bengaluru Dist,Avalahally PS,1.04422e+16,2019,1,1,Road Accidents,Not Applicable,Rural Areas,Near a religious place,Human Error,No,Fatal,Not Applicable,Not Applicable,Others,Minor District Road,Bitumen(Tar),Others,Not Applicable,Others,Rampura to Kadaagrahara road Bidarahalli hobali Bengaluru east taluk,Rampura to Kadaagrahara road Bidarahalli hobali Bengaluru east taluk,8 km,13.103374,77.752068,0,1,0.0,1.0
Bengaluru Dist,Avalahally PS,1.04422e+16,2019,1,1,Road Accidents,Other,Rural Areas,Near a factory industrial area,Not Applicable,No,Damage Only,Others,Uncontrolled,Others,Others,Bitumen(Tar),Dry,Not Applicable,Fine,Other Road,Near Thriveni Factory,3km,13.071474,77.737604,0,0,0.0,0.0
Bengaluru Dist,Avalahally PS,1.04422e+16,2019,1,1,Road Accidents,Not Applicable,Rural Areas,At pedestrian Crossing,Human Error,Yes,Fatal,Hit pedestrian,Not Applicable,Others,Service Road,Bitumen(Tar),Dry,Not Applicable,Others,NH75 Service road,Service road,2,13.052597,77.7598799,0,0,0.0,0.0
Bengaluru Dist,Avalahally PS,1.04422e+16,2019,1,1,Road Accidents,Narrow road,Rural Areas,At pedestrian Crossing,Human Error,Yes,Grievous Injury,Hit pedestrian,Not Applicable,Not Applicable,Others,Not Applicable,Dry,Not Applicable,Others,Mandur Road,1,6,13.027235,77.7230439,0,0,0.0,0.0
Bengaluru Dist,Avalahally PS,1.04422e+16,2019,1,1,Road Accidents,Other,Rural Areas,Open area,Not Applicable,No,Grievous Injury,Others,Not at  Junction,Others,NH,Bitumen(Tar),Dry,Not Applicable,Fine,NH75,2KM,2KM,13.05263,77.759803,0,0,0.0,0.0
Bengaluru Dist,Avalahally PS,1.04422e+16,2019,1,1,Road Accidents,Narrow road,Rural Areas,Near or inside a village,Not Applicable,No,Grievous Injury,Vehicle to Vehicle,Not Applicable,Others,Two way,Bitumen(Tar),Dry,Not Applicable,Fine,Normal Road,Mandoor BBMP,8 km,13.085795,77.729418,0,0,0.0,0.0
Bengaluru Dist,Avalahally PS,1.04422e+16,2019,1,1,Road Accidents,Junction,Rural Areas,Near Bus stop,Not Applicable,No,Grievous Injury,Vehicle to Vehicle,Not Applicable,Others,NH,Bitumen(Tar),Dry,Not Applicable,Fine,NH75,Katamnalluru Cross,2KM,13.05457,77.764134,0,0,0.0,0.0
Bengaluru Dist,Avalahally PS,1.04422e+16,2019,1,2,Not Applicable,Not Applicable,City/Town,Open area,Human Error,No,Damage Only,Vehicle to Vehicle,Not Applicable,Others,NH,Bitumen(Tar),Dry,Not Applicable,Fine,"Bangalore Kolar NH - 75 road, Near katamnalurur cross",Near Katamnaluru cross,3 kms,13.052582,77.760119,0,0,0.0,0.0
Bengaluru Dist,Avalahally PS,1.04422e+16,2019,1,1,Road Accidents,Not Applicable,Rural Areas,Near office complex,Human Error,No,Fatal,Hit pedestrian,Not Applicable,Others,NH,Bitumen(Tar),Others,Not Applicable,Fine,Kolar Bengaluru NH75 road,Kolar Bengaluru NH75 road,1.5 km,13.035026,77.73468,0,1,0.0,1.0
Bengaluru Dist,Avalahally PS,1.04422e+16,2019,1,2,Road Accidents,Narrow road,Rural Areas,Near Bus stop,Human Error,Yes,Fatal,Vehicle to Vehicle,Not at  Junction,Not Applicable,State Highway,Bitumen(Tar),Others,Not Applicable,Others,Budigere cross To Devanahalli Road,Budigere cross To Devanahalli Road,6 kms,13.093945,77.7427649,0,1,0.0,1.0
Bengaluru Dist,Avalahally PS,1.04422e+16,2019,1,2,Road Accidents,Junction,Rural Areas,Near Bus stop,Not Applicable,No,Damage Only,Vehicle to Vehicle,No signal lights,Others,NH,Bitumen(Tar),Dry,Not Applicable,Fine,NH75,Near Budigere Cross,1km,13.048041,77.75344,0,0,0.0,0.0
Bengaluru Dist,Avalahally PS,1.04422e+16,2019,1,1,Not Applicable,Offset,Rural Areas,Near a factory industrial area,Human Error,Not Applicable,Fatal,Not Applicable,Not Applicable,Others,Not Applicable,Not Applicable,Not Applicable,Not Applicable,Fine,xx,xx,2 Kms,13.076448,77.681771,0,0,0.0,0.0
Bengaluru Dist,Avalahally PS,1.04422e+16,2019,1,1,Road Accidents,Other,Rural Areas,Open area,Not Applicable,No,Simple Injury,Others,Not Applicable,Curve and Incline,Others,Kutcha,Dry,No influence on accident,Others,Rural,Near Bmtc depo,8 Km,13.037526,77.713685,0,0,4.0,4.0
Bengaluru Dist,Avalahally PS,1.04422e+16,2019,1,2,Road Accidents,Other,Rural Areas,Open area,Not Applicable,No,Grievous Injury,Others,Not at  Junction,Others,Others,Bitumen(Tar),Dry,Not Applicable,Fine,Other Road,Nrar Mango Medows layout,7km,13.061808,77.716587,0,0,0.0,0.0
Bengaluru Dist,Avalahally PS,1.04422e+16,2019,1,3,Not Applicable,Not Applicable,City/Town,Open area,Human Error,Yes,Simple Injury,Not Applicable,Not Applicable,Not Applicable,Others,Bitumen(Tar),Not Applicable,Not Applicable,Fine,Medahalli Kurudusonnenahalli road,xx,xx,13.017455,77.726674,0,0,0.0,0.0
Bengaluru Dist,Avalahally PS,1.04422e+16,2019,1,1,Road Accidents,Not Applicable,Rural Areas,Near Bus stop,Human Error,No,Fatal,Hit pedestrian,Not at  Junction,Others,NH,Bitumen(Tar),Dry,Not Applicable,Fine,Kolara to Bengaluru NH75 road near Chimasandra gate,Kolara to Bengaluru NH75 road,1,13.048626,77.739603,0,0,0.0,0.0
Bengaluru Dist,Avalahally PS,1.04422e+16,2019,1,3,Rail Road Accidents,Narrow road,City/Town,Open area,Human Error,No,Simple Injury,Vehicle to Vehicle,Uncontrolled,Straight and flat,NH,Bitumen(Tar),Dry,Not Applicable,Very Cold,Kolar bangalore NH 75 road,1km towards west,1km,13.035105,77.734864,0,0,0.0,0.0
Bengaluru Dist,Avalahally PS,1.04422e+16,2019,1,2,Road Accidents,Other,Rural Areas,Near a factory industrial area,Not Applicable,No,Grievous Injury,Others,Not at  Junction,Others,Others,Bitumen(Tar),Dry,Not Applicable,Others,other,Near Trveni company,3km,13.05231,77.754966,0,0,0.0,0.0
Bengaluru Dist,Avalahally PS,1.04422e+16,2019,1,1,Not Applicable,Other,City/Town,Open area,Human Error,No,Grievous Injury,Others,Not Applicable,Others,Others,Bitumen(Tar),Dry,Not Applicable,Fine,Katamnaloor - Kadugodi Road,xx,xx,13.044371,77.762529,0,0,0.0,0.0
Bengaluru Dist,Avalahally PS,1.04422e+16,2019,1,1,Road Accidents,Not Applicable,City/Town,Near Bus stop,Human Error,No,Fatal,Hit pedestrian,Not at  Junction,Not Applicable,NH,Bitumen(Tar),Dry,Not Applicable,Fine,Kolar Bengaluru NH75 road near Huskur kodi,NH75 Huskur kodi,3,13.037805,77.713306,0,0,0.0,0.0
Bengaluru Dist,Avalahally PS,1.04422e+16,2019,1,1,Road Accidents,Other,Rural Areas,Open area,Not Applicable,No,Grievous Injury,Others,Not at  Junction,Others,Two way,Bitumen(Tar),Dry,Not Applicable,Fine,Other Road,Near Factory,2KM,13.048832,77.7152769,0,0,0.0,0.0
Bengaluru Dist,Avalahally PS,1.04422e+16,2019,1,1,Road Accidents,Narrow road,Rural Areas,Residential area,Human Error,No,Fatal,Hit pedestrian,Not Applicable,Others,Minor District Road,Bitumen(Tar),Dry,Not Applicable,Fine,Medahalli  Kadugodi road,Medahalli  Kadugodi road,6 kms,13.01085,77.740241,0,0,0.0,0.0
Bengaluru Dist,Avalahally PS,1.04422e+16,2019,1,2,Road Accidents,Cross roads,Rural Areas,Near Hospital,Human Error,No,Grievous Injury,Vehicle to Vehicle,Not at  Junction,Curve,Service Road,Kutcha,Dry,No influence on accident,Clear,1,2,2,13.039081,77.729829,0,0,4.0,4.0
Bengaluru Dist,Avalahally PS,1.04422e+16,2019,1,1,Not Applicable,Cross roads,Rural Areas,Near Bus stop,Human Error,No,Grievous Injury,Hit pedestrian,Not Applicable,Others,Others,Not Applicable,Others,Not Applicable,Others,Cheemasandra gate,2,2,13.038041,77.738747,0,1,0.0,1.0
Bengaluru Dist,Avalahally PS,1.04422e+16,2019,1,1,Road Accidents,Junction,City/Town,At pedestrian Crossing,Human Error,Yes,Simple Injury,Hit pedestrian,Not Applicable,Others,NH,Bitumen(Tar),Not Applicable,Not Applicable,Not Applicable,Bangalore-kolar NH 75 Road,Katamanalluru  gate,0,13.05327,77.761259,0,0,0.0,0.0
Bengaluru Dist,Avalahally PS,1.04422e+16,2019,1,2,Road Accidents,Narrow road,Rural Areas,Near Petrol Pump,Human Error,Yes,Grievous Injury,Vehicle to Vehicle,Not at  Junction,Straight and flat,Service Road,Bitumen(Tar),Dry,Not Applicable,Fine,Medahalli Avalahalli service road,Near EMS lake,2 KMS,13.036513,77.736192,0,0,0.0,0.0
Bengaluru Dist,Avalahally PS,1.04422e+16,2019,1,2,Road Accidents,Road hump or Rumble strips,Rural Areas,Open area,Not Applicable,No,Grievous Injury,Vehicle to Vehicle,Not at  Junction,Hump,Two way,Bitumen(Tar),Dry,Not Applicable,Fine,Other Road,Near Bidarahalli Deepa Bar,6 km,13.06072,77.717766,0,0,0.0,0.0
Bengaluru Dist,Avalahally PS,1.04422e+16,2019,1,2,Road Accidents,Bridge,City/Town,Narrow bridge or culverts,Not Applicable,Not Applicable,Damage Only,Overturning,Controlled,Not Applicable,NH,Bitumen(Tar),Others,Not Applicable,Clear,NH 75,NH 75,3 km,13.045688,77.754455,0,1,0.0,1.0
Bengaluru Dist,Avalahally PS,1.04422e+16,2019,1,1,Road Accidents,Other,Rural Areas,Open area,Not Applicable,No,Grievous Injury,Others,Not Applicable,Curve and Incline,Others,Kutcha,Dry,Not Applicable,Others,Bandapura,Near Bandapura,0.5,13.058483,77.7548639,0,0,4.0,4.0
Bengaluru Dist,Avalahally PS,1.04422e+16,2019,1,3,Road Accidents,Other,City/Town,Open area,Human Error,No,Grievous Injury,Others,Not Applicable,Others,NH,Bitumen(Tar),Dry,Not Applicable,Fine,Bangalore - Kolar NH - 75,XX,xx,13.030161,77.727617,0,0,0.0,0.0
Bengaluru Dist,Avalahally PS,1.04422e+16,2019,1,2,Road Accidents,Not Applicable,City/Town,Open area,Human Error,Yes,Simple Injury,Not Applicable,Not Applicable,Not Applicable,NH,Bitumen(Tar),Not Applicable,Not Applicable,Fine,"Bangalore Kolar NH - 75 road,",Near Avalahalli Bridge,2 km,13.035304,77.735375,0,0,0.0,0.0
Bengaluru Dist,Avalahally PS,1.04422e+16,2019,1,1,Road Accidents,Not Applicable,Rural Areas,Open area,Not Applicable,No,Grievous Injury,Hit pedestrian,Not at  Junction,Others,Others,Bitumen(Tar),Dry,Not Applicable,Fine,Other Road,Kammasandra,5 KM,13.082249,77.7077049,0,0,0.0,0.0
Bengaluru Dist,Avalahally PS,1.04422e+16,2019,1,2,Road Accidents,Not Applicable,Rural Areas,Narrow bridge or culverts,Human Error,No,Simple Injury,Vehicle to Vehicle,Not at  Junction,Straight and flat,NH,Bitumen(Tar),Dry,Not Applicable,Fine,"Bangalore Kolar NH - 75 road,",Medahalli Flyover Bridge,3 kms,13.026148,77.721335,0,0,0.0,0.0
Bengaluru Dist,Avalahally PS,1.04422e+16,2019,1,1,Road Accidents,Narrow road,Rural Areas,Near office complex,Human Error,No,Fatal,Hit pedestrian,Not Applicable,Others,NH,Bitumen(Tar),Dry,Not Applicable,Fine,Kolar Bengaluru NH75 road,Kolara to Bengaluru NH75 road,2,13.03161,77.732183,0,0,0.0,0.0
Bengaluru Dist,Avalahally PS,1.04422e+16,2019,1,1,Road Accidents,Cross roads,Rural Areas,Residential area,Human Error,Yes,Fatal,Hit pedestrian,Not at  Junction,Others,Residential Street,Not Applicable,Others,Not Applicable,Others,"Huskuru kodi village, 5th cross",Huskuru kodi village 5th cross,4 kms,13.046625,77.71998,0,1,0.0,1.0
Bengaluru Dist,Avalahally PS,1.04422e+16,2019,1,2,Road Accidents,Cross roads,Rural Areas,Near Bus stop,Human Error,No,Fatal,Vehicle to Vehicle,Not Applicable,Others,Service Road,Bitumen(Tar),Others,Not Applicable,Fine,Budigere cross To Devanahalli Road,Budigere cross Devanahalli road near Muneshwara temple cross,1 km,13.04631,77.750205,0,1,0.0,1.0
Bengaluru Dist,Avalahally PS,1.04422e+16,2019,1,1,Road Accidents,Cross roads,City/Town,Near Bus stop,Human Error,No,Grievous Injury,Hit pedestrian,Not at  Junction,Straight and flat,One way,Kutcha,Dry,Not Applicable,Others,other road,2,1,13.045333,77.760464,0,0,4.0,4.0
Bengaluru Dist,Avalahally PS,1.04422e+16,2019,1,2,Road Accidents,Narrow road,Rural Areas,Near Bus stop,Human Error,No,Grievous Injury,Vehicle to Vehicle,No signal lights,Others,NH,Surfaced,Dry,Not Applicable,Fine,NH 75,NH75,2k m,13.053046,77.761846,0,0,,
Bengaluru Dist,Avalahally PS,1.04422e+16,2019,1,1,Road Accidents,Narrow road,Rural Areas,At pedestrian Crossing,Human Error,No,Grievous Injury,Hit pedestrian,Uncontrolled,Straight and flat,Service Road,Surfaced,Dry,Not Applicable,Fine,Service road,service road,1km,13.044965,77.7491999,0,0,,
Bengaluru Dist,Avalahally PS,1.04422e+16,2019,1,2,Road Accidents,Not Applicable,City/Town,Narrow bridge or culverts,Human Error,No,Fatal,Vehicle to Vehicle,Not Applicable,Others,NH,Bitumen(Tar),Dry,Not Applicable,Fine,Kolar Bengaluru NH75 road Budigere cross flyover,Kolara to Bengaluru NH75 road,2,13.047097,77.751928,0,0,0.0,0.0
Bengaluru Dist,Avalahally PS,1.04422e+16,2019,1,1,Road Accidents,Narrow road,Rural Areas,Near Bus stop,Human Error,No,Fatal,Hit pedestrian,Not Applicable,Others,NH,Bitumen(Tar),Others,Not Applicable,Others,Bengaluru Kolar NH75 road Near Cheemasandra gate infront of Bhuvalka steel factory,Cheemasandra gate infront of Bhuvalka steel factory,1,13.038848,77.74024,0,1,0.0,1.0
Bengaluru Dist,Avalahally PS,1.04422e+16,2019,1,2,Road Accidents,Not Applicable,Rural Areas,Near a factory industrial area,Human Error,No,Grievous Injury,Hit bicyclist,Not Applicable,Not Applicable,Service Road,Not Applicable,Dry,Not Applicable,Others,Medahalli-kadugodi Road,1,3,13.016539,77.7287349,0,0,0.0,0.0
Bengaluru Dist,Avalahally PS,1.04422e+16,2019,1,1,Road Accidents,Not Applicable,Rural Areas,Near Bus stop,Human Error,No,Fatal,Hit pedestrian,Not Applicable,Others,NH,Bitumen(Tar),Others,Not Applicable,Fine,Kolar Bengaluru NH75 road infront of Sapthagiri kalyana mantapa,Kolara to Bengaluru NH75 road,2 Kms,13.050627,77.756599,0,1,0.0,1.0
Bengaluru Dist,Avalahally PS,1.04422e+16,2019,1,2,Rail Road Accidents,Circle,Rural Areas,Near Bus stop,Human Error,No,Grievous Injury,Hit bicyclist,Not Applicable,Others,Others,Kutcha,Others,Not Applicable,Snow,Hiranadahalli Road,1,2 k m,13.038174,77.73173,0,1,4.0,5.0
Bengaluru Dist,Avalahally PS,1.04422e+16,2019,1,1,Road Accidents,Offset,Rural Areas,Open area,Not Applicable,No,Grievous Injury,Hit pedestrian,Not at  Junction,Not Applicable,NH,Bitumen(Tar),Dry,Not Applicable,Fine,NH75,Near Cheemasandra Gate,1km,13.038986,77.740672,0,0,0.0,0.0