DISTRICTNAME,UNITNAME,Crime_No,Year,RI,Noofvehicle_involved,Accident_Classification,Accident_Spot,Accident_Location,Accident_SubLocation,Main_Cause,Hit_Run,Severity,Collision_Type,Junction_Control,Road_Character,Road_Type,Surface_Type,Surface_Condition,Road_Condition,Weather,Accident_Road,Landmark_first,Distance_LandMark_First,Latitude,Longitude,Road_Condition_Score,Surface_Condition_Score,Surface_Type_Score,Road_Risk_Index
Bengaluru Dist,Avalahally PS,1.04422e+16,2019,1,2,Road Accidents,Other,Villages settlement,Near Bus stop,Human Error,No,Grievous Injury,Others,Not Applicable,Others,Service Road,Not Applicable,Others,Not Applicable,Others,Aduru-Avalahalli Road,7,1,13.055399,77.709382,0,1,0.0,1.0
Bengaluru Dist,Avalahally PS,1.04422e+16,2019,1,2,Road Accidents,Narrow road,City/Town,Narrow bridge or culverts,Human Error,No,Grievous Injury,Vehicle to Vehicle,Not at  Junction,Straight and flat,NH,Not Applicable,Dry,Not Applicable,Others,NH 75 road,1,2,13.052849,77.7560829,0,0,0.0,0.0
Bengaluru Dist,Avalahally PS,1.04422e+16,2019,1,2,Road Accidents,Narrow road,City/Town,Narrow bridge or culverts,Not Applicable,No,Grievous Injury,Vehicle to Vehicle,Uncontrolled,Straight and flat,NH,Bitumen(Tar),Dry,Not Applicable,Fine,NH 75,Near Avalahalli Bridge,1,13.045647,77.748665,0,0,0.0,0.0
Bengaluru Dist,Avalahally PS,1.04422e+16,2019,1,1,Road Accidents,Road hump or Rumble strips,Rural Areas,Near office complex,Human Error,No,Fatal,Not Applicable,Not Applicable,Hump,Minor District Road,Bitumen(Tar),Others,Not Applicable,Others,Medahalli  Kadugodi road,Medahalli  Kadugodi road,8,13.028429,77.719147,0,1,0.0,1.0
Bengaluru Dist,Avalahally PS,1.04422e+16,2019,1,1,Road Accidents,Narrow road,Rural Areas,Open area,Not Applicable,No,Grievous Injury,Vehicle to Vehicle,Not Applicable,Not Applicable,NH,Kutcha,Others,Not Applicable,Others,Nh 75,Avalahalli,2 Km,13.034504,77.734199,0,1,4.0,5.0
Bengaluru Dist,Avalahally PS,1.04422e+16,2019,1,2,Not Applicable,Curves,Rural Areas,Near School or College,Human Error,Yes,Fatal,Vehicle to Vehicle,Not at  Junction,Slight Curve,Minor District Road,Bitumen(Tar),Dry,Not Applicable,Fine,Kittiganuru to Bidarahalli road Bengaluru east taluk,Kittiganuru to Bidarahalli road Bengaluru east taluk,6 kms,13.046555,77.722237,0,0,0.0,0.0
Bengaluru Dist,Avalahally PS,1.04422e+16,2020,1,1,Not Applicable,Narrow road,Rural Areas,Open area,Not Applicable,No,Grievous Injury,Not Applicable,Not Applicable,Others,Others,Kutcha,Dry,Not Applicable,Fine,Narrow,Katamnallur,3 Km,13.038801,77.69271,0,0,4.0,4.0
Bengaluru Dist,Avalahally PS,1.04422e+16,2020,1,2,Road Accidents,Narrow road,City/Town,Narrow bridge or culverts,Human Error,No,Grievous Injury,Vehicle to Vehicle,Not Applicable,Not Applicable,NH,Metalled,Dry,Not Applicable,Others,NH 75  Sarvice road,2,2,13.0387,77.739953,0,0,2.0,2.0
Bengaluru Dist,Avalahally PS,1.04422e+16,2020,1,2,Road Accidents,Cross roads,City/Town,Near Bus stop,Human Error,Not Applicable,Grievous Injury,Vehicle to Vehicle,Not Applicable,Curve,NH,Bitumen(Tar),Dry,Not Applicable,Not Applicable,NH 75 road,1,3 k m,13.053294,77.761456,0,0,0.0,0.0
Bengaluru Dist,Avalahally PS,1.04422e+16,2020,1,1,Road Accidents,Narrow road,Rural Areas,Near Bus stop,Not Applicable,No,Grievous Injury,Not Applicable,Not at  Junction,Not Applicable,NH,Bitumen(Tar),Dry,Not Applicable,Fine,NH Service,Church,1KM,13.04099,77.743245,0,0,0.0,0.0
Bengaluru Dist,Avalahally PS,1.04422e+16,2020,1,1,Road Accidents,Cross roads,Rural Areas,Near or inside a village,Human Error,No,Simple Injury,Hit pedestrian,Not Applicable,Others,Others,Bitumen(Tar),Dry,Not Applicable,Fine,Nimbekayipura Village,Nimbekayipura,5 km,13.06192,77.75289,0,0,0.0,0.0
Bengaluru Dist,Avalahally PS,1.04422e+16,2020,1,1,Not Applicable,Not Applicable,Rural Areas,Open area,Not Applicable,No,Grievous Injury,Not Applicable,Not Applicable,Others,One way,Kutcha,Dry,No influence on accident,Not Applicable,Nh 75,Medahalli bridge,3 km,13.04653,77.754281,0,0,4.0,4.0
Bengaluru Dist,Avalahally PS,1.04422e+16,2020,1,2,Road Accidents,Narrow road,City/Town,Narrow bridge or culverts,Human Error,No,Damage Only,Vehicle to Vehicle,Not Applicable,Others,NH,Kutcha,Dry,Not Applicable,Others,NH 75  Sarvice road,1,1,13.05354,77.761799,0,0,4.0,4.0
Bengaluru Dist,Avalahally PS,1.04422e+16,2020,1,1,Not Applicable,Not Applicable,Rural Areas,Open area,Not Applicable,No,Grievous Injury,Not Applicable,Controlled,Others,Not Applicable,Kutcha,Dry,Not Applicable,Others,dd,Budigere road,2 Km,13.048252,77.749687,0,0,4.0,4.0
Bengaluru Dist,Avalahally PS,1.04422e+16,2020,1,2,Road Accidents,Cross roads,City/Town,Near Bus stop,Human Error,No,Fatal,Vehicle to Vehicle,Not at  Junction,Others,NH,Bitumen(Tar),Others,Not Applicable,Fine,Bengaluru Kolar NH75 road Near Kattamnalluru cross bridge,Bengaluru Kolar NH75 road Near Kattamnalluru cross bridge,3 Km,13.053334,77.761646,0,1,0.0,1.0
Bengaluru Dist,Avalahally PS,1.04422e+16,2020,1,1,Road Accidents,Not Applicable,Rural Areas,Open area,Not Applicable,No,Fatal,Hit pedestrian,Not Applicable,Others,One way,Bitumen(Tar),Dry,Not Applicable,Clear,Avalahalli Rampura Road,subramani land,9 kms,13.05204,77.693725,0,0,0.0,0.0
Bengaluru Dist,Avalahally PS,1.04422e+16,2020,1,2,Road Accidents,Narrow road,Rural Areas,Narrow bridge or culverts,Human Error,No,Grievous Injury,Vehicle to Vehicle,Not Applicable,Others,NH,Metalled,Dry,Not Applicable,Very Hot,NH 75 road,2,3,13.047148,77.7517509,0,0,2.0,2.0
Bengaluru Dist,Avalahally PS,1.04422e+16,2020,1,1,Road Accidents,Not Applicable,City/Town,Near Bus stop,Human Error,Yes,Fatal,Hit pedestrian,Not Applicable,Not Applicable,NH,Bitumen(Tar),Wet,Not Applicable,Fine,KOLARA TO BENGALURU NH75 ROAD NEAR CHIMASANDRA GATE,KOLARA TO BENGALURU NH75 ROAD NEAR CHIMASANDRA GATE,2 Kms,13.053719,77.75035,0,3,0.0,3.0
Bengaluru Dist,Avalahally PS,1.04422e+16,2020,1,3,Road Accidents,Not Applicable,City/Town,Narrow bridge or culverts,Human Error,No,Fatal,Vehicle to Vehicle,Not Applicable,Others,NH,Bitumen(Tar),Not Applicable,Not Applicable,Fine,Kolara to Bengaluru NH75 road near Medahalli fly over,Kolara to Bengaluru NH75 road near Medahalli fly over,4 kms,13.04538,77.749226,0,0,0.0,0.0
Bengaluru Dist,Avalahally PS,1.04422e+16,2020,1,1,Road Accidents,Narrow road,Rural Areas,Open area,Not Applicable,No,Grievous Injury,Not Applicable,No signal lights,Not Applicable,Others,Kutcha,Dry,No influence on accident,Not Applicable,rural,Hancharahalli gate,9 Km,13.091632,77.742162,0,0,4.0,4.0
Bengaluru Dist,Avalahally PS,1.04422e+16,2020,1,2,Road Accidents,Not Applicable,City/Town,Open area,Not Applicable,No,Grievous Injury,Vehicle to Vehicle,Not Applicable,Others,Service Road,Bitumen(Tar),Dry,Not Applicable,Clear,Kolar Bangalore  Road,Infront of SAB Gareg,4 kms,13.028537,77.724421,0,0,0.0,0.0
Bengaluru Dist,Avalahally PS,1.04422e+16,2020,1,2,Rail Road Accidents,Narrow road,City/Town,Near School or College,Human Error,No,Grievous Injury,Vehicle to Vehicle,Not Applicable,Others,NH,Not Applicable,Dry,No influence on accident,Very Hot,NH 75  Sarvice road,1,4,13.035957,77.740024,0,0,0.0,0.0
Bengaluru Dist,Avalahally PS,1.04422e+16,2020,1,2,Road Accidents,Narrow road,Rural Areas,Near or inside a village,Human Error,Yes,Fatal,Vehicle to Vehicle,Not at  Junction,Not Applicable,Others,Bitumen(Tar),Dry,No influence on accident,Fine,"Bommenahalli-Huskuru village road,Bidarahalli hobali,Bengaluru east taluk",Bommenahalli Huskuru village road Bidarahalli hobali Bengaluru east taluk,4 kms,13.065171,77.7590229,0,0,0.0,0.0
Bengaluru Dist,Avalahally PS,1.04422e+16,2020,1,1,Not Applicable,Junction,Rural Areas,Open area,Not Applicable,No,Simple Injury,Not Applicable,Not Applicable,Not Applicable,Others,Kutcha,Dry,No influence on accident,Fine,road,Safal cross,3 km,13.049609,77.76085,0,0,4.0,4.0
Bengaluru Dist,Avalahally PS,1.04422e+16,2020,1,2,Rail Road Accidents,Narrow road,Rural Areas,Narrow bridge or culverts,Human Error,Not Applicable,Grievous Injury,Vehicle to Vehicle,Not at  Junction,Not Applicable,NH,Not Applicable,Dry,Not Applicable,Others,1,1,1,13.039115,77.740326,0,0,0.0,0.0
Bengaluru Dist,Avalahally PS,1.04422e+16,2020,1,1,Not Applicable,Narrow road,Rural Areas,Open area,Not Applicable,No,Simple Injury,Not Applicable,Uncontrolled,Straight and flat,Mixed,Bitumen(Tar),Dry,Pot holed,Clear,Bayappanahalli village,Bayappanahalli village,8 km,13.062377,77.715963,5,0,0.0,5.0
Bengaluru Dist,Avalahally PS,1.04422e+16,2020,1,1,Road Accidents,Road hump or Rumble strips,Rural Areas,Near office complex,Human Error,No,Fatal,Not Applicable,Not Applicable,Others,Minor District Road,Bitumen(Tar),Others,Not Applicable,Fine,BIDARAHALLI TO HIRANDAHALLI ROAD,BIDARAHALLI TO HIRANDAHALLI ROAD,5Km,13.045836,77.7609219,0,1,0.0,1.0
Bengaluru Dist,Avalahally PS,1.04422e+16,2020,1,2,Road Accidents,Not Applicable,Rural Areas,Near Bus stop,Human Error,No,Simple Injury,Vehicle to Vehicle,Not at  Junction,Straight and flat,Others,Bitumen(Tar),Dry,Not Applicable,Fine,"Bidarahalli -Avalahalli Road,Near uco Bank",uco bank,5 km,13.033723,77.700515,0,0,0.0,0.0
Bengaluru Dist,Avalahally PS,1.04422e+16,2020,1,1,Not Applicable,Curves,Rural Areas,Open area,Not Applicable,No,Simple Injury,Not Applicable,Not Applicable,Not Applicable,Not Applicable,Kutcha,Others,No influence on accident,Others,NH 75,Gate,1 Km,13.083132,77.733476,0,1,4.0,5.0
Bengaluru Dist,Avalahally PS,1.04422e+16,2020,1,1,Road Accidents,Not Applicable,City/Town,Near office complex,Human Error,No,Fatal,Hit pedestrian,Not Applicable,Not Applicable,NH,Bitumen(Tar),Others,Not Applicable,Fine,Kolara to Bengaluru NH75 road near Avalahalli infront of Toyota car showroom,Kolara to Bengaluru NH75 road near Avalahalli infront of Toyota car showroom,2 Kms,13.037326,77.738441,0,1,0.0,1.0
Bengaluru Dist,Avalahally PS,1.04422e+16,2020,1,1,Road Accidents,Narrow road,Rural Areas,Open area,Not Applicable,Not Applicable,Damage Only,Vehicle to Vehicle,Not at  Junction,Others,State Highway,Bitumen(Tar),Dry,Construction Work / Material,Others,SH Road,Graindwell,2 Km,13.062388,77.740615,2,0,0.0,2.0
Bengaluru Dist,Avalahally PS,1.04422e+16,2020,1,2,Road Accidents,Not Applicable,Rural Areas,Open area,Not Applicable,No,Damage Only,Not Applicable,Not at  Junction,Others,NH,Bitumen(Tar),Others,Not Applicable,Fine,NH75,Budigere Over Bridj,1 km,13.047141,77.752026,0,1,0.0,1.0
Bengaluru Dist,Avalahally PS,1.04422e+16,2020,1,2,Road Accidents,Not Applicable,Rural Areas,Open area,Not Applicable,No,Grievous Injury,Vehicle to Vehicle,Not at  Junction,Others,Service Road,Bitumen(Tar),Dry,Not Applicable,Fine,NH75,2KM,2KM,13.032305,77.730645,0,0,0.0,0.0
Bengaluru Dist,Avalahally PS,1.04422e+16,2020,1,1,Road Accidents,Narrow road,Rural Areas,Narrow bridge or culverts,Not Applicable,Yes,Fatal,Not Applicable,Uncontrolled,Not Applicable,Two way,Bitumen(Tar),Dry,Not Applicable,Clear,Bidrahalli towards Kithaganoor road Lake bridge,Bidrahalli towards Kithaganoor road Lake bridge,7 km,13.045894,77.712195,0,0,0.0,0.0
Bengaluru Dist,Avalahally PS,1.04422e+16,2020,1,2,Road Accidents,Narrow road,Rural Areas,Near Bus stop,Not Applicable,Yes,Fatal,Vehicle to Vehicle,Uncontrolled,Others,Two way,Bitumen(Tar),Dry,Not Applicable,Clear,Rampur Avalahalli road,Near Rampura village,10 km,13.052644,77.696976,0,0,0.0,0.0
Bengaluru Dist,Avalahally PS,1.04422e+16,2020,1,1,Road Accidents,Narrow road,Rural Areas,Near Bus stop,Human Error,Yes,Grievous Injury,Hit pedestrian,Not Applicable,Not Applicable,Others,Kutcha,Others,Not Applicable,Others,CHEEMASANDRA,1,2 K M,13.048468,77.741101,0,1,4.0,5.0
Bengaluru Dist,Avalahally PS,1.04422e+16,2020,1,2,Road Accidents,Narrow road,City/Town,Near Bus stop,Human Error,No,Grievous Injury,Vehicle to Vehicle,Not Applicable,Others,NH,Kutcha,Dry,Not Applicable,Very Hot,Avalahalli sarvice road,1,1,13.029887,77.726743,0,0,4.0,4.0
Bengaluru Dist,Avalahally PS,1.04422e+16,2020,1,1,Road Accidents,Not Applicable,Rural Areas,Open area,Not Applicable,No,Fatal,Hit pedestrian,Not at  Junction,Others,Others,Bitumen(Tar),Dry,Not Applicable,Fine,Other Road,LBS SCHOOL,15KM,13.052696,77.698522,0,0,0.0,0.0
Bengaluru Dist,Avalahally PS,1.04422e+16,2020,1,2,Road Accidents,Not Applicable,Rural Areas,Narrow bridge or culverts,Not Applicable,No,Simple Injury,Vehicle to Vehicle,Uncontrolled,Straight and flat,NH,Bitumen(Tar),Dry,Not Applicable,Clear,NH 75,1km towards west,1,13.051819,77.758594,0,0,0.0,0.0
Bengaluru Dist,Avalahally PS,1.04422e+16,2020,1,2,Road Accidents,Not Applicable,Rural Areas,Open area,Not Applicable,No,Damage Only,Not Applicable,Not at  Junction,Others,Others,Bitumen(Tar),Dry,Not Applicable,Fine,Other Road,Near Iswarya Dhaba,1 km,13.057671,77.756242,0,0,0.0,0.0
Bengaluru Dist,Avalahally PS,1.04422e+16,2020,1,1,Road Accidents,Not Applicable,Rural Areas,Open area,Not Applicable,No,Damage Only,Vehicle to Vehicle,Not at  Junction,Others,Others,Bitumen(Tar),Dry,Not Applicable,Fine,Other Road,Near Karnataka treders Srinivasanagara,8 km,13.039309,77.692927,0,0,0.0,0.0
Bengaluru Dist,Avalahally PS,1.04422e+16,2020,1,2,Road Accidents,Narrow road,Rural Areas,Near School or College,Human Error,No,Fatal,Vehicle to Vehicle,Not Applicable,Others,Others,Bitumen(Tar),Others,Not Applicable,Others,Avalahalli Bidarahalli road near Hirandahalli,Avalahalli Bidarahalli road near Hirandahalli,4 kms,13.053418,77.7186289,0,1,0.0,1.0
Bengaluru Dist,Avalahally PS,1.04422e+16,2020,1,2,Road Accidents,Not Applicable,Rural Areas,Near Bus stop,Not Applicable,No,Damage Only,Vehicle to Vehicle,Uncontrolled,Others,NH,Concrete,Dry,Not Applicable,Clear,NH-75,NH 75,5 K M,13.031427,77.729467,0,0,0.0,0.0
Bengaluru Dist,Avalahally PS,1.04422e+16,2020,1,2,Road Accidents,Cross roads,Rural Areas,Open area,Vehicle Defect,No,Fatal,Vehicle to Vehicle,Not Applicable,Others,NH,Not Applicable,Others,Not Applicable,Clear,NH 75,1,20,13.055765,77.766159,0,1,0.0,1.0
Bengaluru Dist,Avalahally PS,1.04422e+16,2020,1,2,Road Accidents,Not Applicable,Rural Areas,Open area,Not Applicable,No,Simple Injury,Hit bicyclist,Not at  Junction,Others,NH,Bitumen(Tar),Dry,Not Applicable,Fine,NH75,Near Budigere Cross,1 km,13.036704,77.737289,0,0,0.0,0.0
Bengaluru Dist,Avalahally PS,1.04422e+16,2020,1,1,Road Accidents,Not Applicable,Rural Areas,Open area,Not Applicable,No,Fatal,Not Applicable,Not Applicable,Others,Others,Not Applicable,Dry,Not Applicable,Clear,kurudusonnenhalli,1,20,13.011543,77.73881,0,0,0.0,0.0
Bengaluru Dist,Avalahally PS,1.04422e+16,2020,1,1,Road Accidents,Narrow road,Rural Areas,Residential area,Human Error,No,Grievous Injury,Vehicle to Vehicle,Not at  Junction,Straight and flat,Two way,Bitumen(Tar),Dry,No influence on accident,Fine,Bidarahalli- Avalahalli Road,Hirandahalli maya store,3 KmS,13.082287,77.7380839,0,0,0.0,0.0
Bengaluru Dist,Avalahally PS,1.04422e+16,2020,1,2,Road Accidents,Not Applicable,Rural Areas,Open area,Not Applicable,No,Grievous Injury,Not Applicable,Not at  Junction,Others,NH,Bitumen(Tar),Dry,Not Applicable,Fine,NH75,Thalampalli indstrial,3km,13.04102,77.69387,0,0,0.0,0.0
Bengaluru Dist,Avalahally PS,1.04422e+16,2020,1,2,Road Accidents,Not Applicable,City/Town,Open area,Vehicle Defect,No,Fatal,Vehicle to Vehicle,Not Applicable,Others,NH,Not Applicable,Others,Not Applicable,Clear,NH 75,curent pole,50,13.037856,77.713126,0,1,0.0,1.0
Bengaluru Dist,Avalahally PS,1.04422e+16,2020,1,1,Road Accidents,Not Applicable,Rural Areas,Near Petrol Pump,Not Applicable,No,Grievous Injury,Not Applicable,Not at  Junction,Others,Others,Bitumen(Tar),Dry,Construction Work / Material,Fine,Other Road,Near Thirumenahalli Bp Petrol bunk,6 km,13.056679,77.734722,2,0,0.0,2.0
Bengaluru Dist,Avalahally PS,1.04422e+16,2020,1,2,Road Accidents,Junction,Rural Areas,Open area,Not Applicable,No,Grievous Injury,Vehicle to Vehicle,Police / Manual,Hump,NH,Bitumen(Tar),Dry,Not Applicable,Fine,NH75,Near Katamnalluru Cross,3km,13.082883,77.686803,0,0,0.0,0.0
Bengaluru Dist,Avalahally PS,1.04422e+16,2020,1,2,Road Accidents,Narrow road,Rural Areas,Near Bus stop,Human Error,No,Grievous Injury,Vehicle to Vehicle,Not at  Junction,Others,Two way,Bitumen(Tar),Dry,Not Applicable,Fine,Devanahalli road,111,5 KmS,13.091877,77.741657,0,0,0.0,0.0
Bengaluru Dist,Avalahally PS,1.04422e+16,2020,1,2,Road Accidents,Narrow road,City/Town,Near Bus stop,Human Error,No,Simple Injury,Vehicle to Vehicle,Not Applicable,Others,NH,Kutcha,Others,Not Applicable,Not Applicable,NH 75 road,1,3 k m,13.053473,77.761724,0,1,4.0,5.0
Bengaluru Dist,Avalahally PS,1.04422e+16,2020,1,1,Not Applicable,Narrow road,Rural Areas,Open area,Not Applicable,Not Applicable,Grievous Injury,Vehicle to Vehicle,Not Applicable,Not Applicable,NH,Kutcha,Others,Not Applicable,Clear,NH 75 road,Near Bandapura gate,0.5,13.044815,77.738608,0,1,4.0,5.0
Bengaluru Dist,Avalahally PS,1.04422e+16,2020,1,2,Road Accidents,Not Applicable,Rural Areas,Near Bus stop,Not Applicable,Not Applicable,Grievous Injury,Not Applicable,Not Applicable,Not Applicable,NH,Kutcha,Others,Not Applicable,Others,KATAMNALLURU,1,1,13.045409,77.760642,0,1,4.0,5.0
Bengaluru Dist,Avalahally PS,1.04422e+16,2020,1,1,Road Accidents,Not Applicable,City/Town,Open area,Not Applicable,No,Fatal,Not Applicable,Not Applicable,Others,Two way,Bitumen(Tar),Others,Not Applicable,Others,Maragondanahalli  Road,Near Diamand college,10 kms,13.035364,77.698451,0,1,0.0,1.0
Bengaluru Dist,Avalahally PS,1.04422e+16,2020,1,2,Road Accidents,Narrow road,City/Town,Open area,Human Error,No,Simple Injury,Vehicle to Vehicle,Stop sign,Straight and flat,Service Road,Bitumen(Tar),Dry,Not Applicable,Fine,service road,service road,3 km,13.0316,77.72978,0,0,0.0,0.0
Bengaluru Dist,Avalahally PS,1.04422e+16,2020,1,3,Road Accidents,Not Applicable,Rural Areas,Open area,Not Applicable,No,Damage Only,Vehicle to Vehicle,Not at  Junction,Others,NH,Bitumen(Tar),Dry,Not Applicable,Fine,NH75,Near Elemallappa Shetty kere,3km,13.031512,77.729413,0,0,0.0,0.0
Bengaluru Dist,Avalahally PS,1.04422e+16,2020,1,2,Road Accidents,Road hump or Rumble strips,City/Town,Open area,Not Applicable,No,Damage Only,Vehicle to Vehicle,Not at  Junction,Straight and flat,NH,Bitumen(Tar),Dry,Not Applicable,Clear,NH 75,Husukuru gate,3km 13,13.053475,77.761695,0,0,0.0,0.0
Bengaluru Dist,Avalahally PS,1.04422e+16,2020,1,2,Road Accidents,Not Applicable,Rural Areas,Open area,Not Applicable,No,Damage Only,Vehicle to Vehicle,Not at  Junction,Others,State Highway,Bitumen(Tar),Dry,Not Applicable,Fine,State Highway,Near Ioc Petrol Bunk,4 Km,13.062325,77.7161559,0,0,0.0,0.0
Bengaluru Dist,Avalahally PS,1.04422e+16,2020,1,2,Road Accidents,Narrow road,Rural Areas,Near Bus stop,Human Error,Not Applicable,Simple Injury,Vehicle to Vehicle,Controlled,Others,Others,Not Applicable,Others,Not Applicable,Very Hot,Katamnalluru Geat,1,5,13.05309,77.755861,0,1,0.0,1.0
Bengaluru Dist,Avalahally PS,1.04422e+16,2020,1,1,Road Accidents,Narrow road,Rural Areas,Open area,Not Applicable,No,Not Applicable,Hit pedestrian,Not Applicable,Not Applicable,One way,Bitumen(Tar),Dry,Not Applicable,Clear,Bommenahalli Gate,Budigerecross,4km,13.063353,77.73968,0,0,0.0,0.0
Bengaluru Dist,Avalahally PS,1.04422e+16,2020,1,2,Road Accidents,Narrow road,Rural Areas,Narrow bridge or culverts,Human Error,No,Simple Injury,Vehicle to Vehicle,Not at  Junction,Others,Others,Kutcha,Dry,Not Applicable,Others,NH 75,2,11,13.050674,77.757069,0,0,4.0,4.0
Bengaluru Dist,Avalahally PS,1.04422e+16,2020,1,1,Road Accidents,Not Applicable,City/Town,Near Bus stop,Human Error,No,Fatal,Hit pedestrian,Not at  Junction,Others,NH,Bitumen(Tar),Others,Not Applicable,Others,Bengaluru Kolar NH75 road Near Nimbekayipura gate opp Checkpost,Bengaluru Kolar NH75 road Near Nimbekayipura gate opp Checkpost,2 Kms,13.045633,77.75323,0,1,0.0,1.0
Bengaluru Dist,Avalahally PS,1.04422e+16,2020,1,2,Road Accidents,Narrow road,City/Town,Near Bus stop,Not Applicable,No,Simple Injury,Vehicle to Vehicle,Uncontrolled,Slight Curve,NH,Bitumen(Tar),Dry,Not Applicable,Clear,NH 75 road,towards west,1 km,13.084049,77.688989,0,0,0.0,0.0
Bengaluru Dist,Avalahally PS,1.04422e+16,2020,1,1,Road Accidents,Narrow road,Rural Areas,Residential area,Human Error,Yes,Grievous Injury,Hit pedestrian,No signal lights,Others,Others,Kutcha,Others,Not Applicable,Fine,1,1,1,13.052282,77.694765,0,1,4.0,5.0
Bengaluru Dist,Avalahally PS,1.04422e+16,2020,1,2,Not Applicable,Narrow road,City/Town,Near Bus stop,Human Error,Yes,Grievous Injury,Vehicle to Vehicle,Not at  Junction,Others,NH,Not Applicable,Others,Not Applicable,Others,NH 75,1,1,13.046476,77.750132,0,1,0.0,1.0
Bengaluru Dist,Avalahally PS,1.04422e+16,2020,1,1,Road Accidents,Not Applicable,Rural Areas,Open area,Not Applicable,No,Grievous Injury,Not Applicable,Not Applicable,Not Applicable,Others,Kutcha,Others,No influence on accident,Others,Tar road,Gunduru circle,8 Km,13.086619,77.715088,0,1,4.0,5.0
Bengaluru Dist,Avalahally PS,1.04422e+16,2020,1,1,Road Accidents,Not Applicable,City/Town,Open area,Not Applicable,No,Fatal,Not Applicable,Not Applicable,Others,Two way,Bitumen(Tar),Dry,Not Applicable,Others,Budigere Cross Near,Farmasutical Ltd,1 km,13.046117,77.750342,0,0,0.0,0.0
Bengaluru Dist,Avalahally PS,1.04422e+16,2020,1,2,Road Accidents,Not Applicable,Rural Areas,Near office complex,Human Error,No,Simple Injury,Vehicle to Vehicle,No signal lights,Straight and flat,NH,Bitumen(Tar),Dry,Not Applicable,Fine,"Bangalore Kolar NH - 75 road, Near katamnalurur cross",Near Katamnaluru cross,2 Km,13.053216,77.755901,0,0,0.0,0.0
Bengaluru Dist,Avalahally PS,1.04422e+16,2020,1,1,Not Applicable,Narrow road,Rural Areas,Open area,Not Applicable,No,Grievous Injury,Not Applicable,Not Applicable,Others,Others,Kutcha,Dry,Not Applicable,Fine,Adur,Land,7 Km,13.077626,77.694479,0,0,4.0,4.0
Bengaluru Dist,Avalahally PS,1.04422e+16,2020,1,2,Road Accidents,Not Applicable,Rural Areas,Open area,Not Applicable,No,Grievous Injury,Vehicle to Vehicle,Not at  Junction,Others,NH,Bitumen(Tar),Dry,Not Applicable,Fine,NH75,Near Iswarya Dhaba,2KM,13.032619,77.714863,0,0,0.0,0.0
Bengaluru Dist,Avalahally PS,1.04422e+16,2020,1,2,Rail Road Accidents,Narrow road,City/Town,Narrow bridge or culverts,Human Error,No,Simple Injury,Vehicle to Vehicle,Not at  Junction,Others,NH,Kutcha,Dry,No influence on accident,Not Applicable,NH 75 road,1,1,13.062094,77.716129,0,0,4.0,4.0
Bengaluru Dist,Avalahally PS,1.04422e+16,2020,1,2,Road Accidents,Not Applicable,City/Town,Narrow bridge or culverts,Human Error,No,Fatal,Vehicle to Vehicle,Not Applicable,Others,NH,Bitumen(Tar),Others,Not Applicable,Others,Kolara to Bengaluru NH75 road near Katamnallurua flyover towards Bengaluru,Kolara to Bengaluru NH75 road near Katamnallurua flyover towards Bengaluru,2 Kms,13.051768,77.75895,0,1,0.0,1.0
Bengaluru Dist,Avalahally PS,1.04422e+16,2020,1,2,Not Applicable,Narrow road,Rural Areas,Open area,Not Applicable,No,Fatal,Not Applicable,Not at  Junction,Others,Others,Kutcha,Dry,No influence on accident,Fine,open,Near Brigade apartment,200 me,13.046645,77.7505129,0,0,4.0,4.0
Bengaluru Dist,Avalahally PS,1.04422e+16,2020,1,2,Road Accidents,Narrow road,City/Town,Open area,Not Applicable,No,Damage Only,Vehicle to Vehicle,Uncontrolled,Sharp Curve,NH,Bitumen(Tar),Dry,Not Applicable,Cloudy,Nh,Nh,3 km,13.046697,77.760473,0,0,0.0,0.0
Bengaluru Dist,Avalahally PS,1.04422e+16,2020,1,1,Road Accidents,Not Applicable,Rural Areas,Open area,Not Applicable,No,Grievous Injury,Not Applicable,Not at  Junction,Others,Others,Bitumen(Tar),Dry,Not Applicable,Fine,22,Near Bandapura,1 km,13.048133,77.749637,0,0,0.0,0.0
Bengaluru Dist,Avalahally PS,1.04422e+16,2020,1,2,Road Accidents,Narrow road,Rural Areas,Open area,Not Applicable,No,Simple Injury,Vehicle to Vehicle,Uncontrolled,Straight and flat,State Highway,Bitumen(Tar),Dry,Not Applicable,Fine,State  way,Near petrol bonk,5km,13.055841,77.745148,0,0,0.0,0.0
Bengaluru Dist,Avalahally PS,1.04422e+16,2020,1,2,Road Accidents,Not Applicable,Rural Areas,Open area,Vehicle Defect,No,Fatal,Vehicle to Vehicle,Uncontrolled,Not Applicable,Others,Not Applicable,Others,Not Applicable,Clear,Gorvaigere road,curent pole,1,13.048693,77.759667,0,1,0.0,1.0