DISTRICTNAME,UNITNAME,Crime_No,Year,RI,Noofvehicle_involved,Accident_Classification,Accident_Spot,Accident_Location,Accident_SubLocation,Main_Cause,Hit_Run,Severity,Collision_Type,Junction_Control,Road_Character,Road_Type,Surface_Type,Surface_Condition,Road_Condition,Weather,Accident_Road,Landmark_first,Distance_LandMark_First,Latitude,Longitude,Road_Condition_Score,Surface_Condition_Score,Surface_Type_Score,Road_Risk_Index
Bengaluru Dist,Avalahally PS,1.04422e+16,2020,1,2,Road Accidents,Not Applicable,Rural Areas,Open area,Human Error,No,Simple Injury,Vehicle to Vehicle,Not at  Junction,Straight and flat,Service Road,Bitumen(Tar),Dry,Not Applicable,Fine,"Bangalore Kolar NH - 75 road, Near  Husukuru kodi",Husukuru gate,5 km,13.055955,77.766653,0,0,0.0,0.0
Bengaluru Dist,Avalahally PS,1.04422e+16,2020,1,1,Road Accidents,Not Applicable,Rural Areas,Near Bus stop,Human Error,No,Fatal,Hit pedestrian,Not Applicable,Others,Others,Bitumen(Tar),Others,Not Applicable,Fine,Baiyappanahalli to Bidarahalli road near Bidarahalli bus stop,Baiyappanahalli to Bidarahalli road near Bidarahalli bus stop,7 km,13.072322,77.720641,0,1,0.0,1.0
Bengaluru Dist,Avalahally PS,1.04422e+16,2020,1,1,Not Applicable,Cross roads,Rural Areas,Open area,Not Applicable,No,Grievous Injury,Vehicle to Vehicle,Not Applicable,Others,NH,Kutcha,Others,Not Applicable,Fine,NH 75,Cheemasandra gate,1 Km,13.039257,77.740365,0,1,4.0,5.0
Bengaluru Dist,Avalahally PS,1.04422e+16,2020,1,2,Road Accidents,Narrow road,Rural Areas,Residential area,Human Error,No,Grievous Injury,Vehicle to Vehicle,Not Applicable,Others,Others,Kutcha,Dry,Not Applicable,Others,Rampur Bilishivale rood,1,1,13.051722,77.68849,0,0,4.0,4.0
Bengaluru Dist,Avalahally PS,1.04422e+16,2020,1,2,Road Accidents,Narrow road,Rural Areas,Near Hospital,Not Applicable,No,Simple Injury,Vehicle to Vehicle,Uncontrolled,Straight and flat,Service Road,Bitumen(Tar),Dry,Not Applicable,Clear,Avalahalli service road Near Govt Hospital,Avalahalli service road Near Govt Hospital,3 k m,13.046858,77.7516749,0,0,0.0,0.0
Bengaluru Dist,Avalahally PS,1.04422e+16,2020,1,2,Road Accidents,Not Applicable,Rural Areas,Open area,Not Applicable,No,Simple Injury,Vehicle to Vehicle,Not at  Junction,Others,NH,Bitumen(Tar),Dry,Not Applicable,Fine,NH75,Near Bandapura Gate,1 km,13.043183,77.743729,0,0,0.0,0.0
Bengaluru Dist,Avalahally PS,1.04422e+16,2020,1,2,Road Accidents,Narrow road,City/Town,Near School or College,Not Applicable,No,Damage Only,Vehicle to Vehicle,Controlled,Straight and flat,NH,Bitumen(Tar),Others,Not Applicable,Clear,NH75,NH,2km,13.032608,77.737948,0,1,0.0,1.0
Bengaluru Dist,Avalahally PS,1.04422e+16,2020,1,2,Road Accidents,Not Applicable,Rural Areas,Near or inside a village,Human Error,No,Fatal,Vehicle to Vehicle,Not Applicable,Others,Service Road,Bitumen(Tar),Dry,Not Applicable,Fine,NH75 Service road Avalahalli to Medahalli village,Service road Avalahalli to Medahalli village,2 Kms,13.060326,77.7048169,0,0,0.0,0.0
Bengaluru Dist,Avalahally PS,1.04422e+16,2020,1,2,Road Accidents,Not Applicable,Rural Areas,Open area,Not Applicable,No,Grievous Injury,Not Applicable,Not Applicable,Others,NH,Not Applicable,Dry,Not Applicable,Fine,NH75,FLY OVER,1 km,13.050531,77.7364839,0,0,0.0,0.0
Bengaluru Dist,Avalahally PS,1.04422e+16,2020,1,2,Not Applicable,Narrow road,Rural Areas,Near or inside a village,Human Error,No,Grievous Injury,Vehicle to Vehicle,Uncontrolled,Straight and flat,Mixed,Bitumen(Tar),Dry,Not Applicable,Fine,Bidarhalli to Avalahalli road near M-kitchen in front of hotel,Near Bidarahalli village,5 km,13.037007,77.735248,0,0,0.0,0.0
Bengaluru Dist,Avalahally PS,1.04422e+16,2020,1,2,Road Accidents,Not Applicable,Rural Areas,Open area,Not Applicable,No,Grievous Injury,Vehicle to Vehicle,Not at  Junction,Others,Others,Bitumen(Tar),Dry,Not Applicable,Fine,Other Road,Near Sri Ram Praparty Road,5 KM,13.070083,77.744936,0,0,0.0,0.0
Bengaluru Dist,Avalahally PS,1.04422e+16,2020,1,2,Road Accidents,Cross roads,City/Town,Open area,Human Error,No,Grievous Injury,Vehicle to Vehicle,Uncontrolled,Straight and flat,NH,Concrete,Dry,Not Applicable,Clear,"Bangalore Kolar NH - 75 road,",1km towards west,3 kms,13.051757,77.758468,0,0,0.0,0.0
Bengaluru Dist,Avalahally PS,1.04422e+16,2020,1,2,Road Accidents,Not Applicable,Rural Areas,Open area,Not Applicable,No,Grievous Injury,Vehicle to Vehicle,Not at  Junction,Others,NH,Bitumen(Tar),Dry,Not Applicable,Fine,NH75,Huskuru Kodi,4 Km,13.055966,77.767142,0,0,0.0,0.0
Bengaluru Dist,Avalahally PS,1.04422e+16,2021,1,2,Road Accidents,Not Applicable,Rural Areas,Open area,Not Applicable,No,Grievous Injury,Vehicle to Vehicle,Not at  Junction,Others,NH,Bitumen(Tar),Dry,Not Applicable,Fine,NH75,Near Elemallappa Shetty kere,4 Km,13.014578,77.730553,0,0,0.0,0.0
Bengaluru Dist,Avalahally PS,1.04422e+16,2021,1,2,Road Accidents,Not Applicable,Rural Areas,Open area,Not Applicable,No,Damage Only,Vehicle to Vehicle,Not at  Junction,Others,NH,Bitumen(Tar),Dry,Not Applicable,Fine,NH75,Near Toyoto Show Room,1 km,13.035994,77.736342,0,0,0.0,0.0
Bengaluru Dist,Avalahally PS,1.04422e+16,2021,1,1,Road Accidents,Narrow road,Rural Areas,Near a factory industrial area,Human Error,No,Fatal,Vehicle to Vehicle,Uncontrolled,Straight and flat,Service Road,Bitumen(Tar),Dry,No influence on accident,Clear,Medahalli vilalge to Avalahalli service road,Medahalli vilalge to Avalahalli service road,5 k m,13.032984,77.732501,0,0,0.0,0.0
Bengaluru Dist,Avalahally PS,1.04422e+16,2021,1,2,Road Accidents,Narrow road,Rural Areas,Near Bus stop,Human Error,No,Simple Injury,Vehicle to Vehicle,Not at  Junction,Others,NH,Bitumen(Tar),Dry,Not Applicable,Others,NH 75,1,1,13.038934,77.740314,0,0,0.0,0.0
Bengaluru Dist,Avalahally PS,1.04422e+16,2021,1,2,Road Accidents,Not Applicable,Rural Areas,Open area,Vehicle Defect,No,Damage Only,Vehicle to Vehicle,Uncontrolled,Others,NH,Not Applicable,Others,Not Applicable,Clear,budigere,curent pole,20,13.047343,77.751729,0,1,0.0,1.0
Bengaluru Dist,Avalahally PS,1.04422e+16,2021,1,1,Road Accidents,Narrow road,Rural Areas,Near or inside a village,Human Error,No,Simple Injury,Hit pedestrian,Uncontrolled,Straight and flat,One way,Bitumen(Tar),Dry,Not Applicable,Fine,Rampura-Adaur Road,Near Aduru Village,10 Km,13.044133,77.752168,0,0,0.0,0.0
Bengaluru Dist,Avalahally PS,1.04422e+16,2021,1,1,Road Accidents,Not Applicable,Rural Areas,In bazaar,Human Error,Yes,Simple Injury,Hit pedestrian,Not Applicable,Others,Others,Bitumen(Tar),Dry,Not Applicable,Clear,Hirandahalli-Bidarahalli Road,Gopalappa Shed,3km,13.037768,77.712513,0,0,0.0,0.0
Bengaluru Dist,Avalahally PS,1.04422e+16,2021,1,1,Road Accidents,Not Applicable,Rural Areas,Open area,Not Applicable,Yes,Fatal,Not Applicable,Uncontrolled,Straight and flat,NH,Bitumen(Tar),Dry,Not Applicable,Clear,Budigere cross Flyover bridge,Budigere cross Flyover bridge,2 km,13.047,77.750264,0,0,0.0,0.0
Bengaluru Dist,Avalahally PS,1.04422e+16,2021,1,2,Road Accidents,Narrow road,Rural Areas,Open area,Vehicle Defect,No,Grievous Injury,Vehicle to Vehicle,Uncontrolled,Not Applicable,NH,Not Applicable,Others,Not Applicable,Others,NH 75,curent pole,30,13.057358,77.768411,0,1,0.0,1.0
Bengaluru Dist,Avalahally PS,1.04422e+16,2021,1,1,Road Accidents,Circle,City/Town,Near Bus stop,Vehicle Defect,Yes,Fatal,Not Applicable,Uncontrolled,Others,NH,Not Applicable,Others,Not Applicable,Clear,Hosakote \Road,curent pole,20,13.049532,77.754821,0,1,0.0,1.0
Bengaluru Dist,Avalahally PS,1.04422e+16,2021,1,2,Road Accidents,Curves,City/Town,Near office complex,Human Error,No,Simple Injury,Vehicle to Vehicle,Uncontrolled,Straight and flat,NH,Bitumen(Tar),Dry,Not Applicable,Fine,"Bangalore-Kolar NH 75 Road ,Katamanalluru Cross",John deer Tractor Showroom,05 km,13.049001,77.755032,0,0,0.0,0.0
Bengaluru Dist,Avalahally PS,1.04422e+16,2021,1,1,Road Accidents,Not Applicable,City/Town,Open area,Vehicle Defect,No,Damage Only,Vehicle to Vehicle,Uncontrolled,Others,Others,Not Applicable,Others,Not Applicable,Clear,Chimasandra road,0,20,13.053719,77.746943,0,1,0.0,1.0
Bengaluru Dist,Avalahally PS,1.04422e+16,2021,1,2,Road Accidents,Narrow road,City/Town,Open area,Not Applicable,No,Simple Injury,Vehicle to Vehicle,Not Applicable,Others,Two way,Bitumen(Tar),Dry,Not Applicable,Clear,Bengaluru-Kolar Road,Bandapura  gate,1 kms,13.039234,77.740169,0,0,0.0,0.0
Bengaluru Dist,Avalahally PS,1.04422e+16,2021,1,2,Road Accidents,Narrow road,Rural Areas,Narrow bridge or culverts,Not Applicable,No,Fatal,Vehicle to Vehicle,Uncontrolled,Straight and flat,NH,Bitumen(Tar),Dry,Not Applicable,Clear,Budigere cross Flyover bridge,Budiger cross Flyover bridge,3 km,13.047211,77.752124,0,0,0.0,0.0
Bengaluru Dist,Avalahally PS,1.04422e+16,2021,1,2,Rail Road Accidents,Not Applicable,City/Town,Open area,Vehicle Defect,No,Grievous Injury,Not Applicable,Uncontrolled,Others,Others,Not Applicable,Dry,Not Applicable,Clear,Avalahalli service Road,cu,20,0.0,0.0,0,0,0.0,0.0
Bengaluru Dist,Avalahally PS,1.04422e+16,2021,1,2,Road Accidents,Offset,Rural Areas,Open area,Vehicle Defect,No,Fatal,Vehicle to Vehicle,Uncontrolled,Others,Others,Not Applicable,Others,Not Applicable,Clear,Bidarahalli Baippanahalli village road,curent pole,50,13.061815,77.715709,0,1,0.0,1.0
Bengaluru Dist,Avalahally PS,1.04422e+16,2021,1,2,Not Applicable,Not Applicable,City/Town,Residential area,Human Error,No,Simple Injury,Vehicle to Vehicle,Uncontrolled,Straight and flat,NH,Bitumen(Tar),Dry,Not Applicable,Clear,Avalahall Flyover brdige enterence,Avalahall Flyover brdige enterence,3 km,13.036832,77.737582,0,0,0.0,0.0
Bengaluru Dist,Avalahally PS,1.04422e+16,2021,1,1,Road Accidents,Not Applicable,City/Town,Open area,Vehicle Defect,No,Fatal,Vehicle to Vehicle,Uncontrolled,Others,Others,Not Applicable,Others,Not Applicable,Clear,Avalahalli rampura,curent pole,25,13.035215,77.688843,0,1,0.0,1.0
Bengaluru Dist,Avalahally PS,1.04422e+16,2021,1,1,Road Accidents,Narrow road,City/Town,Open area,Not Applicable,No,Fatal,Not Applicable,Uncontrolled,Others,Others,Not Applicable,Others,Not Applicable,Clear,Avalahalli -BIdarahalli,curent pole,20,13.046962,77.723055,0,1,0.0,1.0
Bengaluru Dist,Avalahally PS,1.04422e+16,2021,1,1,Not Applicable,Narrow road,Rural Areas,Open area,Not Applicable,No,Fatal,Not Applicable,Uncontrolled,Straight and flat,NH,Bitumen(Tar),Dry,Not Applicable,Clear,Bandapura gate,Bandapura  gate,3 km,13.039771,77.741797,0,0,0.0,0.0
Bengaluru Dist,Avalahally PS,1.04422e+16,2021,1,2,Road Accidents,Not Applicable,Rural Areas,Open area,Not Applicable,No,Grievous Injury,Vehicle to Vehicle,Not at  Junction,Others,Others,Bitumen(Tar),Dry,Not Applicable,Fine,Other Road,4Km,4 Km,13.061367,77.743973,0,0,0.0,0.0
Bengaluru Dist,Avalahally PS,1.04422e+16,2021,1,2,Road Accidents,Narrow road,Rural Areas,Near Bus stop,Not Applicable,No,Fatal,Vehicle to Vehicle,Uncontrolled,Straight and flat,NH,Bitumen(Tar),Dry,Not Applicable,Clear,Medrich Factory,Medrich Factory,2 km,13.047332,77.75184,0,0,0.0,0.0
Bengaluru Dist,Avalahally PS,1.04422e+16,2021,1,2,Road Accidents,Narrow road,Rural Areas,Open area,Human Error,No,Simple Injury,Vehicle to Vehicle,Not at  Junction,Straight and flat,NH,Bitumen(Tar),Dry,No influence on accident,Fine,NH 75,KATAMNALLUR CROSS,3 KM,13.04695,77.752149,0,0,0.0,0.0
Bengaluru Dist,Avalahally PS,1.04422e+16,2021,1,2,Road Accidents,Not Applicable,Rural Areas,Open area,Vehicle Defect,No,Grievous Injury,Vehicle to Vehicle,Uncontrolled,Others,Others,Not Applicable,Dry,Not Applicable,Clear,ANAGALAPURA VILLAGE ROAD,curent pole,20,0.0,0.0,0,0,0.0,0.0
Bengaluru Dist,Avalahally PS,1.04422e+16,2021,1,1,Road Accidents,Not Applicable,Rural Areas,Open area,Vehicle Defect,Yes,Grievous Injury,Hit pedestrian,Uncontrolled,Others,Others,Not Applicable,Others,Not Applicable,Clear,Avalahalli -nh 75,curent pole,0,0.0,0.0,0,1,0.0,1.0
Bengaluru Dist,Avalahally PS,1.04422e+16,2021,1,2,Not Applicable,Narrow road,Rural Areas,Near School or College,Not Applicable,No,Simple Injury,Vehicle to Vehicle,Stop Sign,Curve and Incline,Two way,Bitumen(Tar),Dry,Not Applicable,Clear,Near East point college,Near East point college,6 km,13.06161,77.7164939,0,0,0.0,0.0
Bengaluru Dist,Avalahally PS,1.04422e+16,2021,1,1,Road Accidents,Not Applicable,Rural Areas,Near Bus stop,Not Applicable,No,Simple Injury,Not Applicable,Not at  Junction,Others,NH,Bitumen(Tar),Dry,Not Applicable,Fine,NH75,Near Katamnalluru Cross,2KM,13.049352,77.755033,0,0,0.0,0.0
Bengaluru Dist,Avalahally PS,1.04422e+16,2021,1,2,Road Accidents,Not Applicable,Rural Areas,Open area,Not Applicable,No,Simple Injury,Vehicle to Vehicle,Uncontrolled,Straight and flat,Two way,Bitumen(Tar),Dry,Not Applicable,Clear,Near VRKP Steel company,Near VRKP steel company,5 km,13.074722,77.737467,0,0,0.0,0.0
Bengaluru Dist,Avalahally PS,1.04422e+16,2021,1,2,Not Applicable,Narrow road,City/Town,Near Bus stop,Not Applicable,No,Fatal,Vehicle to Vehicle,Uncontrolled,Not Applicable,State Highway,Bitumen(Tar),Dry,Not Applicable,Clear,Kadugodi towards katamnallru cross,Kadugodi towards katamanalluru cross,5 km,13.04563,77.761097,0,0,0.0,0.0
Bengaluru Dist,Avalahally PS,1.04422e+16,2021,1,2,Road Accidents,Not Applicable,Rural Areas,Near Bus stop,Human Error,Yes,Simple Injury,Vehicle to Vehicle,Uncontrolled,Straight and flat,Two way,Bitumen(Tar),Dry,Not Applicable,Clear,Bidrahalli to Hirandanahalli road,Krishnsa Naik layout cross,6 km,13.047111,77.722982,0,0,0.0,0.0
Bengaluru Dist,Avalahally PS,1.04422e+16,2021,1,2,Road Accidents,Narrow road,Rural Areas,Near Bus stop,Human Error,No,Grievous Injury,Vehicle to Vehicle,Uncontrolled,Straight and flat,NH,Bitumen(Tar),Dry,Not Applicable,Clear,NH 75,Near BPL Factory,2 km,13.037783,77.7388789,0,0,0.0,0.0
Bengaluru Dist,Avalahally PS,1.04422e+16,2021,1,2,Road Accidents,Not Applicable,Rural Areas,Open area,Not Applicable,No,Fatal,Vehicle to Vehicle,Not Applicable,Others,Two way,Bitumen(Tar),Dry,Not Applicable,Clear,Hosakote Road,Bharath Petrol bunk,3 kms,0.0,0.0,0,0,0.0,0.0
Bengaluru Dist,Avalahally PS,1.04422e+16,2021,1,2,Road Accidents,Not Applicable,City/Town,Open area,Not Applicable,No,Fatal,Vehicle to Vehicle,Not Applicable,Others,Two way,Bitumen(Tar),Dry,Not Applicable,Others,"Budigere Cross, Fly  over  Bridge",Budigere cross,2 kms,0.0,0.0,0,0,0.0,0.0
Bengaluru Dist,Avalahally PS,1.04422e+16,2021,1,2,Road Accidents,Narrow road,Rural Areas,Open area,Vehicle Defect,Yes,Fatal,Vehicle to Vehicle,Not Applicable,Others,NH,Not Applicable,Others,Not Applicable,Clear,NH 75 Medric company,curent pole,20,0.0,0.0,0,1,0.0,1.0
Bengaluru Dist,Avalahally PS,1.04422e+16,2021,1,2,Road Accidents,Narrow road,Rural Areas,Near Bus stop,Human Error,No,Grievous Injury,Vehicle to Vehicle,Not Applicable,Others,NH,Not Applicable,Others,Not Applicable,Others,CHEEMASANDRA GATE,1,2 KM,13.040233,77.694571,0,1,0.0,1.0
Bengaluru Dist,Avalahally PS,1.04422e+16,2021,1,2,Road Accidents,Not Applicable,Rural Areas,Open area,Not Applicable,No,Grievous Injury,Not Applicable,Not at  Junction,Others,State Highway,Bitumen(Tar),Dry,Not Applicable,Fine,State Highway,Manduru,6 km,13.086412,77.739743,0,0,0.0,0.0
Bengaluru Dist,Avalahally PS,1.04422e+16,2021,1,2,Road Accidents,Narrow road,City/Town,Narrow bridge or culverts,Human Error,No,Grievous Injury,Vehicle to Vehicle,Not Applicable,Others,NH,Bitumen(Tar),Dry,Not Applicable,Others,NH 75,MEDAHALLI DARGA,3 KM,13.029631,77.727338,0,0,0.0,0.0
Bengaluru Dist,Avalahally PS,1.04422e+16,2021,1,1,Road Accidents,Not Applicable,Rural Areas,Near Bus stop,Vehicle Defect,No,Fatal,Not Applicable,Uncontrolled,Others,Others,Not Applicable,Dry,Not Applicable,Clear,Gunduru,curent pole,20,13.082766,77.733228,0,0,0.0,0.0
Bengaluru Dist,Avalahally PS,1.04422e+16,2021,1,2,Road Accidents,Not Applicable,City/Town,Open area,Not Applicable,No,Simple Injury,Vehicle to Vehicle,Not Applicable,Others,One way,Bitumen(Tar),Dry,Not Applicable,Clear,NH 75  Service road,Axiliyarm school,0.5 Km,13.040783,77.744134,0,0,0.0,0.0
Bengaluru Dist,Avalahally PS,1.04422e+16,2021,1,1,Road Accidents,Not Applicable,Rural Areas,Open area,Not Applicable,No,Grievous Injury,Hit pedestrian,Not Applicable,Others,Others,Bitumen(Tar),Dry,Not Applicable,Others,Seenappa house,Budigere road,8 kms,13.098713,77.7441279,0,0,0.0,0.0
Bengaluru Dist,Avalahally PS,1.04422e+16,2021,1,2,Road Accidents,Narrow road,City/Town,Open area,Vehicle Defect,No,Grievous Injury,Vehicle to Vehicle,Uncontrolled,Others,Others,Not Applicable,Dry,Not Applicable,Clear,Avalahalli service Road,curent pole,20,0.0,0.0,0,0,0.0,0.0
Bengaluru Dist,Avalahally PS,1.04422e+16,2021,1,2,Road Accidents,Not Applicable,Rural Areas,Open area,Not Applicable,No,Simple Injury,Vehicle to Vehicle,Not at  Junction,Others,NH,Bitumen(Tar),Dry,Not Applicable,Fine,NH75,Near Sapthagiri Chowltry,1 km,13.046906,77.751606,0,0,0.0,0.0
Bengaluru Dist,Avalahally PS,1.04422e+16,2021,1,2,Road Accidents,Curves,City/Town,Open area,Not Applicable,No,Damage Only,Vehicle to Vehicle,Uncontrolled,Slight Curve,Two way,Bitumen(Tar),Dry,Not Applicable,Fine,Gunduru Manduru road,Gunduru manduru road,7 km,13.084547,77.7325449,0,0,0.0,0.0
Bengaluru Dist,Avalahally PS,1.04422e+16,2021,1,1,Road Accidents,Not Applicable,City/Town,Open area,Not Applicable,No,Not Applicable,Not Applicable,Not Applicable,Others,Two way,Bitumen(Tar),Dry,Not Applicable,Others,Bengaluru  kolar road,Avalahalli  Over  Bridge,1 1.5,13.047451,77.75197,0,0,0.0,0.0
Bengaluru Dist,Avalahally PS,1.04422e+16,2021,1,1,Road Accidents,Not Applicable,Rural Areas,Near School or College,Not Applicable,No,Simple Injury,Not Applicable,Uncontrolled,Not Applicable,State Highway,Bitumen(Tar),Not Applicable,Not Applicable,Clear,Tirumenahalli cross,Tirumenahalli cross,9 km,0.0,0.0,0,0,0.0,0.0
Bengaluru Dist,Avalahally PS,1.04422e+16,2021,1,2,Not Applicable,Narrow road,Rural Areas,Narrow bridge or culverts,Not Applicable,No,Simple Injury,Vehicle to Vehicle,Uncontrolled,Straight and flat,NH,Bitumen(Tar),Dry,Not Applicable,Clear,Bengaluru  kolar road,Bangalore koloar road Budigere cross fly over bridge,2 km,13.046542,77.7514429,0,0,0.0,0.0
Bengaluru Dist,Avalahally PS,1.04422e+16,2021,1,2,Road Accidents,Not Applicable,Rural Areas,Open area,Not Applicable,No,Grievous Injury,Not Applicable,Not at  Junction,Others,NH,Bitumen(Tar),Dry,Not Applicable,Fine,NH75,NearEle MallappaShetty Lake,3km,13.03076,77.7290099,0,0,0.0,0.0
Bengaluru Dist,Avalahally PS,1.04422e+16,2021,1,2,Road Accidents,Not Applicable,City/Town,Open area,Not Applicable,No,Grievous Injury,Vehicle to Vehicle,Not Applicable,Not Applicable,One way,Bitumen(Tar),Dry,Not Applicable,Clear,Elemallappa Lake,Bangalore Kolar Road,2 kms,13.030268,77.727931,0,0,0.0,0.0
Bengaluru Dist,Avalahally PS,1.04422e+16,2021,1,1,Road Accidents,Not Applicable,City/Town,Open area,Not Applicable,Yes,Grievous Injury,Hit pedestrian,Not Applicable,Others,Two way,Bitumen(Tar),Dry,Not Applicable,Others,Devanahalli  road,budigere  croos,3 kms,13.047147,77.749961,0,0,0.0,0.0
Bengaluru Dist,Avalahally PS,1.04422e+16,2021,1,1,Road Accidents,Narrow road,Rural Areas,Open area,Not Applicable,No,Fatal,Vehicle to Vehicle,Not Applicable,Not Applicable,Others,Kutcha,Dry,Not Applicable,Fine,open,open,12 km,13.054051,77.769117,0,0,4.0,4.0
Bengaluru Dist,Avalahally PS,1.04422e+16,2021,1,1,Road Accidents,Not Applicable,Rural Areas,Open area,Not Applicable,No,Damage Only,Not Applicable,Not at  Junction,Others,State Highway,Bitumen(Tar),Dry,Not Applicable,Fine,State Highway,Near Car Care Sarvise Station,6 km,13.082444,77.735164,0,0,0.0,0.0
Bengaluru Dist,Avalahally PS,1.04422e+16,2021,1,2,Road Accidents,Bottleneck,Rural Areas,Narrow bridge or culverts,Not Applicable,No,Fatal,Hit pedestrian,Uncontrolled,Straight and flat,NH,Bitumen(Tar),Dry,Not Applicable,Clear,NH-75 Road,Budigere cross Flyover bridge,3 km,13.046454,77.751035,0,0,0.0,0.0
Bengaluru Dist,Avalahally PS,1.04422e+16,2021,1,2,Road Accidents,Cross roads,Rural Areas,Near Bus stop,Not Applicable,No,Fatal,Vehicle to Vehicle,Uncontrolled,Curve,NH,Bitumen(Tar),Dry,Not Applicable,Clear,Avalahalli service road NH-75 road,Chemasandra gate,5 km,13.061696,77.716548,0,0,0.0,0.0
Bengaluru Dist,Avalahally PS,1.04422e+16,2021,1,1,Road Accidents,Not Applicable,City/Town,Open area,Vehicle Defect,No,Grievous Injury,Vehicle to Vehicle,Uncontrolled,Others,Others,Not Applicable,Others,Not Applicable,Clear,Avalahalli -BIdarahalli,curent pole,20,13.055481,77.713802,0,1,0.0,1.0
Bengaluru Dist,Avalahally PS,1.04422e+16,2021,1,2,Road Accidents,Not Applicable,City/Town,Open area,Not Applicable,No,Fatal,Vehicle to Vehicle,Not at  Junction,Others,Two way,Bitumen(Tar),Dry,Not Applicable,Others,Adugodi  papanna land,Kadaghara road,10 kms,13.090247,77.715214,0,0,0.0,0.0
Bengaluru Dist,Avalahally PS,1.04422e+16,2021,1,2,Not Applicable,Not Applicable,City/Town,Open area,Not Applicable,No,Fatal,Vehicle to Vehicle,Not Applicable,Others,Two way,Bitumen(Tar),Dry,Not Applicable,Clear,Sri  krishna lay  out  cross,Hirandahalli,5 kms,13.052656,77.721448,0,0,0.0,0.0
Bengaluru Dist,Avalahally PS,1.04422e+16,2021,1,1,Road Accidents,Cross roads,City/Town,Open area,Not Applicable,No,Grievous Injury,Hit pedestrian,Not Applicable,Others,Two way,Bitumen(Tar),Dry,Not Applicable,Others,Infront of Plastic Factory,Bangalore Hosakote Road,4 kms,0.0,0.0,0,0,0.0,0.0
Bengaluru Dist,Avalahally PS,1.04422e+16,2021,1,2,Road Accidents,Bottleneck,Rural Areas,Near Bus stop,Not Applicable,Yes,Simple Injury,Vehicle to Vehicle,Uncontrolled,Straight and flat,Service Road,Bitumen(Tar),Dry,Not Applicable,Clear,Near Elemallappa shetty lake,Near Elemallappa shetty lake,3 km,13.046595,77.7506079,0,0,0.0,0.0
Bengaluru Dist,Avalahally PS,1.04422e+16,2021,1,1,Road Accidents,Not Applicable,Rural Areas,Near Bus stop,Not Applicable,No,Grievous Injury,Not Applicable,Uncontrolled,Others,NH,Bitumen(Tar),Dry,Pot holed,Fine,NH75,NH ROAD,1 km,13.056259,77.716239,5,0,0.0,5.0
Bengaluru Dist,Avalahally PS,1.04422e+16,2021,1,1,Road Accidents,Narrow road,City/Town,Open area,Human Error,No,Simple Injury,Hit pedestrian,Not at  Junction,Straight and flat,NH,Bitumen(Tar),Dry,No influence on accident,Clear,Bengaluru-Kolara NH 75 Road,Avalahalli Hyundai Company Car show room,1 1/2,13.06689,77.778252,0,0,0.0,0.0
Bengaluru Dist,Avalahally PS,1.04422e+16,2021,1,2,Road Accidents,Road hump or Rumble strips,City/Town,Near Bus stop,Human Error,No,Damage Only,Vehicle to Vehicle,Uncontrolled,Hump,NH,Bitumen(Tar),Dry,Not Applicable,Fine,"Bangalore Kolar NH - 75 road, Near katamnalurur cross",signature Brigade,03 km,13.054171,77.760109,0,0,0.0,0.0
Bengaluru Dist,Avalahally PS,1.04422e+16,2021,1,1,Road Accidents,Narrow road,City/Town,Open area,Not Applicable,No,Grievous Injury,Vehicle to Vehicle,Uncontrolled,Others,Others,Not Applicable,Others,Not Applicable,Clear,Ramapur  Bidarahalli,curent pole,20,13.090012,77.637517,0,1,0.0,1.0
Bengaluru Dist,Avalahally PS,1.04422e+16,2021,1,1,Road Accidents,Narrow road,Rural Areas,Open area,Not Applicable,No,Fatal,Not Applicable,Not Applicable,Others,Others,Kutcha,Dry,Not Applicable,Clear,Byappanahalli  Road,Manjunatha Land,10  km,13.072437,77.720743,0,0,4.0,4.0
Bengaluru Dist,Avalahally PS,1.04422e+16,2021,1,2,Not Applicable,Narrow road,Rural Areas,Near Bus stop,Not Applicable,No,Damage Only,Not Applicable,Uncontrolled,Straight and flat,Two way,Bitumen(Tar),Dry,Not Applicable,Clear,Manduru to Budigere cross road Near Sringara pura gate,Sringapura gate,9 km,13.046434,77.750267,0,0,0.0,0.0
Bengaluru Dist,Avalahally PS,1.04422e+16,2021,1,2,Road Accidents,Narrow road,Rural Areas,Near Bus stop,Not Applicable,No,Damage Only,Vehicle to Vehicle,Uncontrolled,Straight and flat,NH,Bitumen(Tar),Dry,Not Applicable,Clear,budigere cross Fly over bridge,budigere cross Fly over bridge,2km,13.036597,77.737068,0,0,0.0,0.0
Bengaluru Dist,Avalahally PS,1.04422e+16,2021,1,2,Road Accidents,Not Applicable,Rural Areas,Open area,Not Applicable,No,Simple Injury,Vehicle to Vehicle,Not at  Junction,Others,NH,Bitumen(Tar),Dry,Not Applicable,Fine,NH75,Near Bandapura,1/2 km,13.039355,77.741305,0,0,0.0,0.0
Bengaluru Dist,Avalahally PS,1.04422e+16,2021,1,2,Road Accidents,Narrow road,Rural Areas,Near School or College,Human Error,Yes,Grievous Injury,Vehicle to Vehicle,Uncontrolled,Not Applicable,Minor District Road,Bitumen(Tar),Dry,Not Applicable,Fine,Bidarhalli to Avalahalli road near M-kitchen in front of hotel,Near Bidarahalli village,3 km,13.049951,77.720095,0,0,0.0,0.0