DISTRICTNAME,UNITNAME,Crime_No,Year,RI,Noofvehicle_involved,Accident_Classification,Accident_Spot,Accident_Location,Accident_SubLocation,Main_Cause,Hit_Run,Severity,Collision_Type,Junction_Control,Road_Character,Road_Type,Surface_Type,Surface_Condition,Road_Condition,Weather,Accident_Road,Landmark_first,Distance_LandMark_First,Latitude,Longitude,Road_Condition_Score,Surface_Condition_Score,Surface_Type_Score,Road_Risk_Index
Bengaluru Dist,Avalahally PS,1.04422e+16,2021,1,2,Road Accidents,Not Applicable,Rural Areas,Open area,Not Applicable,No,Grievous Injury,Vehicle to Vehicle,Not at  Junction,Others,Service Road,Bitumen(Tar),Dry,Not Applicable,Fine,NH75,Near Thalampalli Estete,4 Km,13.02979,77.726498,0,0,0.0,0.0
Bengaluru Dist,Avalahally PS,1.04422e+16,2021,1,2,Road Accidents,Cross roads,Rural Areas,Open area,Vehicle Defect,No,Fatal,Vehicle to Vehicle,Uncontrolled,Others,NH,Not Applicable,Others,Not Applicable,Clear,kattamnalluru,curent pole,20,13.047228,77.752169,0,1,0.0,1.0
Bengaluru Dist,Avalahally PS,1.04422e+16,2021,1,1,Road Accidents,Not Applicable,Rural Areas,Open area,Not Applicable,No,Fatal,Not Applicable,Not Applicable,Not Applicable,Two way,Bitumen(Tar),Dry,Not Applicable,Others,Bidarahalli Kithaganur Road,Cipla Factory,6 kms,13.047093,77.712615,0,0,0.0,0.0
Bengaluru Dist,Avalahally PS,1.04422e+16,2021,1,2,Road Accidents,Not Applicable,Rural Areas,Near Bus stop,Not Applicable,No,Simple Injury,Vehicle to Vehicle,Uncontrolled,Sharp Curve,Mixed,Bitumen(Tar),Dry,Not Applicable,Clear,Manduru Gunduru road Near BMTC bus stop,Gunduru Manduru road Near Manduru BMTC Depo,10 km,0.0,0.0,0,0,0.0,0.0
Bengaluru Dist,Avalahally PS,1.04422e+16,2021,1,1,Road Accidents,Narrow road,City/Town,Near a factory industrial area,Human Error,No,Fatal,Not Applicable,Uncontrolled,Straight and flat,Others,Bitumen(Tar),Dry,Not Applicable,Fine,Near Lakshmi steel Ltd,Lakshmi steel Factory,6 Km N,13.048204,77.753783,0,0,0.0,0.0
Bengaluru Dist,Avalahally PS,1.04422e+16,2021,1,2,Road Accidents,Not Applicable,City/Town,Open area,Not Applicable,No,Grievous Injury,Vehicle to Vehicle,Not Applicable,Not Applicable,Two way,Bitumen(Tar),Dry,Not Applicable,Clear,Medahalli  Bridge,Bangalore kolar road,1.5 km,13.029503,77.725634,0,0,0.0,0.0
Bengaluru Dist,Avalahally PS,1.04422e+16,2021,1,2,Road Accidents,Not Applicable,City/Town,Open area,Not Applicable,No,Grievous Injury,Vehicle to Vehicle,Not Applicable,Others,Others,Bitumen(Tar),Others,Not Applicable,Others,Kolar Bangalore  Road,sai deep  Apartment,1 km,13.069945,77.738106,0,1,0.0,1.0
Bengaluru Dist,Avalahally PS,1.04422e+16,2021,1,1,Road Accidents,Cross roads,City/Town,Open area,Vehicle Defect,No,Grievous Injury,Vehicle to Vehicle,Uncontrolled,Others,Others,Not Applicable,Others,Not Applicable,Clear,Chimasandra road,curent pole,20,13.035026,77.737823,0,1,0.0,1.0
Bengaluru Dist,Avalahally PS,1.04422e+16,2021,1,3,Not Applicable,Not Applicable,Rural Areas,Open area,Human Error,No,Simple Injury,Vehicle to Vehicle,Uncontrolled,Others,NH,Bitumen(Tar),Dry,Not Applicable,Clear,Budigere cross Flyover bridge,Budigere cross fly over bridge,3 km,13.047381,77.752225,0,0,0.0,0.0
Bengaluru Dist,Avalahally PS,1.04422e+16,2021,1,2,Road Accidents,Not Applicable,Rural Areas,Open area,Not Applicable,No,Simple Injury,Not Applicable,Not at  Junction,Others,Others,Bitumen(Tar),Dry,Not Applicable,Fine,Other Road,Near LBS SCHOOL RAMPURA,10km,13.053986,77.769277,0,0,0.0,0.0
Bengaluru Dist,Avalahally PS,1.04422e+16,2021,1,2,Road Accidents,Not Applicable,City/Town,Open area,Not Applicable,No,Simple Injury,Vehicle to Vehicle,Not Applicable,Others,Two way,Bitumen(Tar),Dry,Not Applicable,Cloudy,CHEEMASANDRA GATE,Bangalore Kolar Road,1 km,13.038901,77.740335,0,0,0.0,0.0
Bengaluru Dist,Avalahally PS,1.04422e+16,2021,1,1,Road Accidents,Not Applicable,City/Town,Open area,Not Applicable,No,Grievous Injury,Hit pedestrian,Not Applicable,Others,Two way,Bitumen(Tar),Dry,Not Applicable,Others,Goravigere  Village Narayanaswamy  House,Narayanaswamy  House,5 kms,13.039774,77.771211,0,0,0.0,0.0
Bengaluru Dist,Avalahally PS,1.04422e+16,2021,1,2,Road Accidents,Narrow road,Rural Areas,Near School or College,Not Applicable,Yes,Simple Injury,Vehicle to Vehicle,Uncontrolled,Slight Curve,Service Road,Bitumen(Tar),Dry,Not Applicable,Clear,Near Axelioum school,Near Bandapura gate,1 km,0.0,0.0,0,0,0.0,0.0
Bengaluru Dist,Avalahally PS,1.04422e+16,2021,1,2,Not Applicable,Narrow road,City/Town,Open area,Not Applicable,No,Fatal,Not Applicable,Not Applicable,Not Applicable,NH,Bitumen(Tar),Dry,Not Applicable,Not Applicable,NH 75,0,2 km,0.0,0.0,0,0,0.0,0.0
Bengaluru Dist,Avalahally PS,1.04422e+16,2022,1,2,Road Accidents,Not Applicable,City/Town,Open area,Not Applicable,No,Fatal,Vehicle to Vehicle,Not Applicable,Others,Others,Bitumen(Tar),Dry,Not Applicable,Clear,Banglore-Kolar road,Katamnellur cross,5 kms,13.053118,77.76233,0,0,0.0,0.0
Bengaluru Dist,Avalahally PS,1.04422e+16,2022,1,1,Road Accidents,Not Applicable,City/Town,Open area,Not Applicable,No,Not Applicable,Vehicle to Vehicle,Not Applicable,Others,Two way,Bitumen(Tar),Dry,Not Applicable,Others,Katam nallur fly  over  down,Brigade signature  aportment,1 kms,13.050982,77.760868,0,0,0.0,0.0
Bengaluru Dist,Avalahally PS,1.04422e+16,2022,1,2,Road Accidents,Narrow road,Rural Areas,Open area,Vehicle Defect,No,Fatal,Vehicle to Vehicle,Controlled,Others,NH,Not Applicable,Others,Not Applicable,Cloudy,NH 75 budigere cross,1,20,13.046346,77.750589,0,1,0.0,1.0
Bengaluru Dist,Avalahally PS,1.04422e+16,2022,1,1,Not Applicable,Not Applicable,Rural Areas,Open area,Not Applicable,No,Simple Injury,Not Applicable,Uncontrolled,Straight and flat,Others,Bitumen(Tar),Dry,Not Applicable,Clear,Kadaagrahara Ramapura  road,Kadaagrahara Road,10 km,13.074449,77.7061869,0,0,0.0,0.0
Bengaluru Dist,Avalahally PS,1.04422e+16,2022,1,2,Road Accidents,Not Applicable,City/Town,Open area,Not Applicable,No,Fatal,Vehicle to Vehicle,Not Applicable,Others,Two way,Bitumen(Tar),Dry,Not Applicable,Others,Budigere cross Devanahalli  road,Triveni steel factory near,4 kms,13.047723,77.752319,0,0,0.0,0.0
Bengaluru Dist,Avalahally PS,1.04422e+16,2022,1,1,Road Accidents,Not Applicable,City/Town,Open area,Not Applicable,No,Fatal,Hit pedestrian,Not Applicable,Others,Two way,Bitumen(Tar),Dry,Not Applicable,Others,Kolar Bangalore  Road,Tayota Show Room,1 kms,13.036496,77.735275,0,0,0.0,0.0
Bengaluru Dist,Avalahally PS,1.04422e+16,2022,1,2,Not Applicable,Not Applicable,Rural Areas,Residential area,Human Error,Yes,Damage Only,Vehicle to Vehicle,Not Applicable,Not Applicable,Others,Bitumen(Tar),Dry,Not Applicable,Not Applicable,Bommenahalli village,Bommenahall,4 km,0.0,0.0,0,0,0.0,0.0
Bengaluru Dist,Avalahally PS,1.04422e+16,2022,1,2,Road Accidents,Not Applicable,City/Town,Near office complex,Human Error,No,Simple Injury,Not Applicable,Not Applicable,Not Applicable,Service Road,Bitumen(Tar),Dry,No influence on accident,Fine,Service Road,Budigere Cross to Katamnalluru Cross Service  Road,1 K.M,13.048352,77.751661,0,0,0.0,0.0
Bengaluru Dist,Avalahally PS,1.04422e+16,2022,1,2,Road Accidents,Narrow road,Rural Areas,Open area,Not Applicable,No,Fatal,Vehicle to Vehicle,Uncontrolled,Straight and flat,Service Road,Bitumen(Tar),Not Applicable,Not Applicable,Clear,Verenahalli gate,Verenahalli,4 k m,13.031245,77.735149,0,0,0.0,0.0
Bengaluru Dist,Avalahally PS,1.04422e+16,2022,1,2,Road Accidents,Narrow road,Rural Areas,Open area,Vehicle Defect,Yes,Grievous Injury,Vehicle to Vehicle,Not Applicable,Others,Others,Surfaced,Dry,Not Applicable,Cloudy,Kadugodi  katamnalluru road,1,40,13.045819,77.754077,0,0,,
Bengaluru Dist,Avalahally PS,1.04422e+16,2022,1,1,Road Accidents,Narrow road,Rural Areas,Near or inside a village,Human Error,No,Fatal,Not Applicable,Uncontrolled,Straight and flat,Residential Street,Bitumen(Tar),Dry,Not Applicable,Clear,Bommenehalacli village,Bommenahalli,9 k m,13.071698,77.738406,0,0,0.0,0.0
Bengaluru Dist,Avalahally PS,1.04422e+16,2022,1,2,Not Applicable,Not Applicable,City/Town,Open area,Not Applicable,No,Grievous Injury,Vehicle to Vehicle,Not Applicable,Others,NH,Bitumen(Tar),Dry,Not Applicable,Others,medrich  Bandapura  Gate,Bandapura  gate,1 kms,13.040463,77.745392,0,0,0.0,0.0
Bengaluru Dist,Avalahally PS,1.04422e+16,2022,1,2,Road Accidents,Narrow road,Rural Areas,Open area,Not Applicable,No,Grievous Injury,Vehicle to Vehicle,Uncontrolled,Straight and flat,NH,Bitumen(Tar),Dry,Not Applicable,Clear,Kolar- Bangalore Road NH_75,Elemallappa shetty lake,4 k m,13.030143,77.726482,0,0,0.0,0.0
Bengaluru Dist,Avalahally PS,1.04422e+16,2022,1,1,Road Accidents,Not Applicable,Rural Areas,Open area,Vehicle Defect,No,Grievous Injury,Not Applicable,Controlled,Not Applicable,Others,Not Applicable,Dry,Not Applicable,Others,Manduru Road,curent pole,20,13.053376,77.717274,0,0,0.0,0.0
Bengaluru Dist,Avalahally PS,1.04422e+16,2022,1,1,Road Accidents,Not Applicable,City/Town,Open area,Not Applicable,No,Fatal,Hit pedestrian,Not Applicable,Others,Others,Bitumen(Tar),Others,Not Applicable,Clear,Kamadenu Badavane  Road,Kadaagrahara Road,13 kms,0.0,0.0,0,1,0.0,1.0
Bengaluru Dist,Avalahally PS,1.04422e+16,2022,1,2,Road Accidents,Not Applicable,City/Town,Open area,Not Applicable,No,Simple Injury,Vehicle to Vehicle,Uncontrolled,Others,Two way,Bitumen(Tar),Dry,Not Applicable,Clear,Kolar Bangalore  Road,Medahalli lake,4 kms,13.026671,77.721801,0,0,0.0,0.0
Bengaluru Dist,Avalahally PS,1.04422e+16,2022,1,2,Not Applicable,Not Applicable,Rural Areas,Open area,Vehicle Defect,No,Grievous Injury,Vehicle to Vehicle,Not Applicable,Others,NH,Not Applicable,Dry,Not Applicable,Others,NH 75,curent pole,40,13.057955,77.756195,0,0,0.0,0.0
Bengaluru Dist,Avalahally PS,1.04422e+16,2022,1,2,Road Accidents,Narrow road,Rural Areas,Residential area,Vehicle Defect,Yes,Grievous Injury,Vehicle to Vehicle,Uncontrolled,Curve,Others,Not Applicable,Dry,Not Applicable,Clear,Bommenahalli village road,curent pole,40,13.062121,77.715793,0,0,0.0,0.0
Bengaluru Dist,Avalahally PS,1.04422e+16,2022,1,1,Not Applicable,Not Applicable,City/Town,Open area,Vehicle Defect,No,Grievous Injury,Not Applicable,Not Applicable,Others,NH,Not Applicable,Others,Not Applicable,Clear,Bandapura cross,0,20,13.040075,77.7462929,0,1,0.0,1.0
Bengaluru Dist,Avalahally PS,1.04422e+16,2022,1,1,Not Applicable,Not Applicable,City/Town,Open area,Not Applicable,No,Fatal,Hit pedestrian,Not Applicable,Others,Two way,Bitumen(Tar),Dry,Not Applicable,Others,Kolar Bangalore Road,Tayota Show Room,3 kms,13.035533,77.735409,0,0,0.0,0.0
Bengaluru Dist,Avalahally PS,1.04422e+16,2022,1,1,Road Accidents,Not Applicable,City/Town,Open area,Not Applicable,No,Fatal,Not Applicable,Not Applicable,Others,Two way,Bitumen(Tar),Dry,Not Applicable,Others,Budigere cross road,Royal okah,500 mt,13.041477,77.741925,0,0,0.0,0.0
Bengaluru Dist,Avalahally PS,1.04422e+16,2022,1,1,Road Accidents,Not Applicable,Rural Areas,Open area,Not Applicable,No,Grievous Injury,Hit pedestrian,Not Applicable,Others,Two way,Bitumen(Tar),Others,Not Applicable,Clear,Bidarahalli Road,Nayara Petrol bunk,5 kms,0.0,0.0,0,1,0.0,1.0
Bengaluru Dist,Avalahally PS,1.04422e+16,2022,1,1,Road Accidents,Narrow road,Rural Areas,Near Bus stop,Not Applicable,No,Simple Injury,Not Applicable,Uncontrolled,Not Applicable,Two way,Bitumen(Tar),Dry,Not Applicable,Fine,Medahalli village,Medahalli village,8 k m,13.026435,77.719811,0,0,0.0,0.0
Bengaluru Dist,Avalahally PS,1.04422e+16,2022,1,2,Road Accidents,Curves,City/Town,Open area,Not Applicable,Yes,Simple Injury,Vehicle to Vehicle,Uncontrolled,Curve and Incline,Mixed,Concrete,Dry,Not Applicable,Clear,Kadagrahara road,Kadagarahara road,15 k m,13.077673,77.691115,0,0,0.0,0.0
Bengaluru Dist,Avalahally PS,1.04422e+16,2022,1,2,Road Accidents,Not Applicable,Rural Areas,Open area,Vehicle Defect,No,Grievous Injury,Vehicle to Vehicle,Not Applicable,Others,Others,Not Applicable,Dry,Not Applicable,Clear,Budigere cross,curent pole,40,13.056304,77.705683,0,0,0.0,0.0
Bengaluru Dist,Avalahally PS,1.04422e+16,2022,1,1,Road Accidents,Not Applicable,City/Town,Open area,Not Applicable,No,Fatal,Hit pedestrian,Not Applicable,Others,Two way,Bitumen(Tar),Others,Not Applicable,Clear,Kadugodi Katamanellur Road,K M M Chowtary,3 kms,13.050788,77.760517,0,1,0.0,1.0
Bengaluru Dist,Avalahally PS,1.04422e+16,2022,1,2,Road Accidents,Junction,Rural Areas,Near Bus stop,Not Applicable,No,Simple Injury,Vehicle to Vehicle,Uncontrolled,Incline,Two way,Bitumen(Tar),Dry,Not Applicable,Clear,Goravenagere Bus stop,Goravenagere Bus stop,5 k m,13.045151,77.756962,0,0,0.0,0.0
Bengaluru Dist,Avalahally PS,1.04422e+16,2022,1,2,Road Accidents,Cross roads,Rural Areas,Near Bus stop,Vehicle Defect,No,Damage Only,Vehicle to Vehicle,Uncontrolled,Curve,Mixed,Not Applicable,Others,Not Applicable,Clear,kattamnalluru cross,curent pole,40,13.052718,77.754463,0,1,0.0,1.0
Bengaluru Dist,Avalahally PS,1.04422e+16,2022,1,2,Road Accidents,Not Applicable,City/Town,Open area,Vehicle Defect,No,Damage Only,Vehicle to Vehicle,Uncontrolled,Not Applicable,One way,Not Applicable,Others,Not Applicable,Cloudy,BANGALORE  HOSAKOTE,curent pole,40,13.053304,77.7555329,0,1,0.0,1.0
Bengaluru Dist,Avalahally PS,1.04422e+16,2022,1,2,Rail Road Accidents,Not Applicable,Rural Areas,Open area,Vehicle Defect,No,Damage Only,Vehicle to Vehicle,Uncontrolled,Not Applicable,NH,Not Applicable,Others,Not Applicable,Others,NH 75 budigere cross,curent pole,25,13.047779,77.753187,0,1,0.0,1.0
Bengaluru Dist,Avalahally PS,1.04422e+16,2022,1,2,Road Accidents,Not Applicable,City/Town,Open area,Not Applicable,No,Not Applicable,Vehicle to Vehicle,Not Applicable,Others,Two way,Bitumen(Tar),Dry,Not Applicable,Others,Indinan oil Petrol bunk  near,Indian Petrol Bunk,5 kms,13.064118,77.74431,0,0,0.0,0.0
Bengaluru Dist,Avalahally PS,1.04422e+16,2022,1,2,Road Accidents,Narrow road,Rural Areas,Open area,Vehicle Defect,No,Grievous Injury,Vehicle to Vehicle,Uncontrolled,Others,NH,Not Applicable,Dry,Not Applicable,Clear,medahalli village Nh 75road,curent pole,10 km,13.028336,77.7192109,0,0,0.0,0.0
Bengaluru Dist,Avalahally PS,1.04422e+16,2022,1,1,Road Accidents,Not Applicable,Rural Areas,Residential area,Vehicle Defect,No,Fatal,Vehicle to Vehicle,Uncontrolled,Not Applicable,NH,Not Applicable,Dry,Not Applicable,Clear,Budigere cross BNG-KOLAR NH75,curent pole,40,13.048329,77.753383,0,0,0.0,0.0
Bengaluru Dist,Avalahally PS,1.04422e+16,2022,1,1,Road Accidents,Not Applicable,Rural Areas,Open area,Vehicle Defect,Yes,Grievous Injury,Not Applicable,Uncontrolled,Others,Others,Not Applicable,Others,Not Applicable,Clear,Maragondanhalli village road,curent pole,0,13.036405,77.691857,0,1,0.0,1.0
Bengaluru Dist,Avalahally PS,1.04422e+16,2022,1,2,Road Accidents,Not Applicable,Rural Areas,Open area,Vehicle Defect,No,Simple Injury,Vehicle to Vehicle,Not Applicable,Others,Others,Not Applicable,Others,Not Applicable,Clear,Avalahalli -nh 75,Hospital,45,13.03416,77.73834,0,1,0.0,1.0
Bengaluru Dist,Avalahally PS,1.04422e+16,2022,1,1,Road Accidents,Not Applicable,Rural Areas,Open area,Not Applicable,No,Fatal,Hit pedestrian,Not Applicable,Others,One way,Kutcha,Dry,Not Applicable,Others,Kithaganur  Village,Ravi House Kithganur Village,8 kms,0.0,0.0,0,0,4.0,4.0
Bengaluru Dist,Avalahally PS,1.04422e+16,2022,1,1,Road Accidents,Not Applicable,Rural Areas,Open area,Vehicle Defect,No,Grievous Injury,Hit pedestrian,Uncontrolled,Others,Others,Not Applicable,Others,Not Applicable,Clear,bidarahalli rampur road,curent pole,40,13.061435,77.7160659,0,1,0.0,1.0
Bengaluru Dist,Avalahally PS,1.04422e+16,2022,1,2,Road Accidents,Not Applicable,Rural Areas,Open area,Vehicle Defect,No,Grievous Injury,Vehicle to Vehicle,Not Applicable,Others,Others,Not Applicable,Others,Not Applicable,Clear,Avalahalli service Road,curent pole,0,13.034164,77.73411,0,1,0.0,1.0
Bengaluru Dist,Avalahally PS,1.04422e+16,2022,1,2,Road Accidents,Not Applicable,Rural Areas,Open area,Vehicle Defect,No,Simple Injury,Vehicle to Vehicle,Uncontrolled,Others,Others,Not Applicable,Others,Not Applicable,Clear,Budigere cross,curent pole,45,0.0,0.0,0,1,0.0,1.0
Bengaluru Dist,Avalahally PS,1.04422e+16,2022,1,1,Not Applicable,Narrow road,Rural Areas,Open area,Not Applicable,Not Applicable,Not Applicable,Hit pedestrian,Uncontrolled,Straight and flat,Mixed,Bitumen(Tar),Dry,Not Applicable,Clear,Herendanahalli village,Near Glass Factory,4 k m,13.036625,77.736552,0,0,0.0,0.0
Bengaluru Dist,Avalahally PS,1.04422e+16,2022,1,2,Road Accidents,Not Applicable,City/Town,Open area,Not Applicable,No,Fatal,Vehicle to Vehicle,Not Applicable,Others,Two way,Bitumen(Tar),Dry,Not Applicable,Clear,Medahalli Avalaahlli  service road,Ele mallappa shetty kere,3 kms,13.027387,77.72225,0,0,0.0,0.0
Bengaluru Dist,Avalahally PS,1.04422e+16,2022,1,2,Road Accidents,Narrow road,Rural Areas,Residential area,Not Applicable,No,Simple Injury,Vehicle to Vehicle,Uncontrolled,Straight and flat,Two way,Bitumen(Tar),Dry,Not Applicable,Clear,Near Bar Hirendhalli village,Hirendhalli vilalge,5 km,13.048098,77.7208919,0,0,0.0,0.0
Bengaluru Dist,Avalahally PS,1.04422e+16,2022,1,2,Road Accidents,Narrow road,Rural Areas,Open area,Not Applicable,No,Damage Only,Vehicle to Vehicle,Uncontrolled,Straight and flat,Service Road,Bitumen(Tar),Dry,Not Applicable,Clear,Near SDP Palace Opp,Near SDP Palace Opp,5 k m,13.049291,77.749143,0,0,0.0,0.0
Bengaluru Dist,Avalahally PS,1.04422e+16,2022,1,2,Road Accidents,Not Applicable,Rural Areas,Open area,Not Applicable,No,Fatal,Vehicle to Vehicle,Not Applicable,Others,Two way,Bitumen(Tar),Others,Not Applicable,Others,Kadaagrahara Bande Bommasandra Road,Bandde bommasandra Mori,15 kms,0.0,0.0,0,1,0.0,1.0
Bengaluru Dist,Avalahally PS,1.04422e+16,2022,1,1,Road Accidents,Not Applicable,Rural Areas,Open area,Vehicle Defect,No,Grievous Injury,Hit pedestrian,Not Applicable,Others,Others,Not Applicable,Others,Not Applicable,Others,Avalahalli service Road,1,20,0.0,0.0,0,1,0.0,1.0
Bengaluru Dist,Avalahally PS,1.04422e+16,2022,1,2,Road Accidents,Not Applicable,Rural Areas,Open area,Vehicle Defect,No,Simple Injury,Vehicle to Vehicle,Uncontrolled,Others,Others,Not Applicable,Others,Not Applicable,Clear,Manduru Road,curent pole,20,13.08255,77.734253,0,1,0.0,1.0
Bengaluru Dist,Avalahally PS,1.04422e+16,2022,1,1,Road Accidents,Not Applicable,Rural Areas,Open area,Not Applicable,No,Fatal,Hit pedestrian,Not Applicable,Others,Two way,Bitumen(Tar),Dry,Not Applicable,Others,Heerandahalli Water  Service road,Water service station,3 kms,13.047205,77.721516,0,0,0.0,0.0
Bengaluru Dist,Avalahally PS,1.04422e+16,2022,1,1,Road Accidents,Not Applicable,Rural Areas,Open area,Not Applicable,No,Fatal,Not Applicable,Not Applicable,Others,Two way,Bitumen(Tar),Dry,Not Applicable,Others,VTC Trilar service company road,Huskur Kodi,5 kms,13.051074,77.763692,0,0,0.0,0.0
Bengaluru Dist,Avalahally PS,1.04422e+16,2022,1,1,Road Accidents,Not Applicable,City/Town,Open area,Not Applicable,No,Fatal,Not Applicable,Not Applicable,Others,Two way,Bitumen(Tar),Dry,Not Applicable,Clear,Avalahalli-Bidarahalli Road,Samrudi mart,5 kms,13.069254,77.70568,0,0,0.0,0.0
Bengaluru Dist,Avalahally PS,1.04422e+16,2022,1,2,Road Accidents,Not Applicable,City/Town,Open area,Human Error,No,Not Applicable,Not Applicable,Not Applicable,Not Applicable,Service Road,Not Applicable,Dry,No influence on accident,Fine,Service Road,Budigere Cross  Katamnalluru Cross Service  Road,1 K.M,13.047729,77.750988,0,0,0.0,0.0
Bengaluru Dist,Avalahally PS,1.04422e+16,2022,1,2,Road Accidents,Not Applicable,City/Town,Open area,Not Applicable,No,Grievous Injury,Vehicle to Vehicle,Not Applicable,Others,Two way,Bitumen(Tar),Dry,Not Applicable,Clear,Katam nellur  Cross near,KSM Fish &  Chicken Center,3 kms,13.037945,77.7326029,0,0,0.0,0.0
Bengaluru Dist,Avalahally PS,1.04422e+16,2022,1,1,Road Accidents,Not Applicable,City/Town,Open area,Not Applicable,No,Fatal,Not Applicable,Not Applicable,Others,Two way,Bitumen(Tar),Dry,No influence on accident,Others,Avalahalli medahalli  service road,Nandishreddy land,2 kms,13.035848,77.735612,0,0,0.0,0.0
Bengaluru Dist,Avalahally PS,1.04422e+16,2022,1,2,Road Accidents,Not Applicable,City/Town,Open area,Not Applicable,No,Fatal,Vehicle to Vehicle,Not Applicable,Others,Two way,Bitumen(Tar),Dry,Not Applicable,Not Applicable,Avalahalli  service road,Infront of Tayota show room,2 kms,13.033138,77.7295779,0,0,0.0,0.0
Bengaluru Dist,Avalahally PS,1.04422e+16,2022,1,1,Road Accidents,Not Applicable,City/Town,Open area,Not Applicable,No,Grievous Injury,Hit pedestrian,Not Applicable,Others,Two way,Bitumen(Tar),Dry,Not Applicable,Others,Banglore-Kolar road,Budigere cross fly over bridge,3 kms,13.046563,77.751137,0,0,0.0,0.0
Bengaluru Dist,Avalahally PS,1.04422e+16,2022,1,2,Road Accidents,Not Applicable,City/Town,Open area,Vehicle Defect,Yes,Grievous Injury,Vehicle to Vehicle,Uncontrolled,Not Applicable,Others,Not Applicable,Not Applicable,Not Applicable,Clear,Jyothipura,0,0,13.102844,77.750521,0,0,0.0,0.0
Bengaluru Dist,Avalahally PS,1.04422e+16,2022,1,2,Road Accidents,Not Applicable,City/Town,Open area,Not Applicable,No,Fatal,Vehicle to Vehicle,Not Applicable,Others,Two way,Bitumen(Tar),Dry,Not Applicable,Others,Kurudu sonnenahalli-Kadugodi ROad,infront of Altras company,6 kms,13.010209,77.7399469,0,0,0.0,0.0
Bengaluru Dist,Avalahally PS,1.04422e+16,2022,1,1,Road Accidents,Narrow road,Rural Areas,Near Bus stop,Human Error,No,Fatal,Not Applicable,Uncontrolled,Straight and flat,Service Road,Bitumen(Tar),Dry,Not Applicable,Clear,Avalahalli -,Avalahalli village,3 km,13.045944,77.751365,0,0,0.0,0.0
Bengaluru Dist,Avalahally PS,1.04422e+16,2022,1,2,Road Accidents,Not Applicable,Rural Areas,Open area,Vehicle Defect,No,Damage Only,Vehicle to Vehicle,Uncontrolled,Others,Others,Not Applicable,Others,Not Applicable,Clear,Avalahalli -,0,0,13.046375,77.750868,0,1,0.0,1.0
Bengaluru Dist,Avalahally PS,1.04422e+16,2022,1,1,Road Accidents,Not Applicable,City/Town,Open area,Not Applicable,No,Fatal,Not Applicable,Not Applicable,Others,Two way,Bitumen(Tar),Others,Not Applicable,Others,Kolar Bengaluru  road,Honda show room  stright road,3 kms,13.029143,77.7261,0,1,0.0,1.0
Bengaluru Dist,Avalahally PS,1.04422e+16,2022,1,2,Road Accidents,Not Applicable,City/Town,Open area,Not Applicable,No,Fatal,Vehicle to Vehicle,Uncontrolled,Others,Not Applicable,Bitumen(Tar),Dry,Not Applicable,Others,Mandur Gundur Forest near,Mandur gundur Road,8 kms,13.102384,77.7437429,0,0,0.0,0.0
Bengaluru Dist,Avalahally PS,1.04422e+16,2022,1,2,Road Accidents,Not Applicable,Rural Areas,Residential area,Vehicle Defect,No,Grievous Injury,Vehicle to Vehicle,Not Applicable,Others,Others,Not Applicable,Dry,Not Applicable,Clear,budigere CROSS SRVICE ROAD,curent pole,40,13.046446,77.751043,0,0,0.0,0.0
Bengaluru Dist,Avalahally PS,1.04422e+16,2022,1,2,Road Accidents,Not Applicable,City/Town,Open area,Not Applicable,No,Not Applicable,Vehicle to Vehicle,Not Applicable,Others,Others,Bitumen(Tar),Dry,Not Applicable,Clear,AValahalli  medahalli  road,Siddeshwara water  service fly over,2.5kms,13.073488,77.7428599,0,0,0.0,0.0
Bengaluru Dist,Avalahally PS,1.04422e+16,2022,1,2,Road Accidents,Not Applicable,City/Town,Open area,Not Applicable,No,Grievous Injury,Vehicle to Vehicle,Not Applicable,Others,Two way,Bitumen(Tar),Dry,Not Applicable,Others,White field- Katam nellur cross road,Goravigere colony  turning,3 kms,13.043979,77.76341,0,0,0.0,0.0
Bengaluru Dist,Avalahally PS,1.04422e+16,2022,1,2,Road Accidents,Not Applicable,Rural Areas,Near Bus stop,Vehicle Defect,No,Fatal,Vehicle to Vehicle,Not Applicable,Others,Others,Not Applicable,Others,Not Applicable,Clear,Manduru Road,curent pole,10 km,13.082945,77.7350909,0,1,0.0,1.0
Bengaluru Dist,Avalahally PS,1.04422e+16,2022,1,2,Road Accidents,Not Applicable,City/Town,Open area,Not Applicable,No,Simple Injury,Vehicle to Vehicle,Not Applicable,Others,Two way,Bitumen(Tar),Dry,Not Applicable,Others,Katam nellur cross,HOsakote Toll,2 kms,13.052434,77.761797,0,0,0.0,0.0