DISTRICTNAME,UNITNAME,Crime_No,Year,RI,Noofvehicle_involved,Accident_Classification,Accident_Spot,Accident_Location,Accident_SubLocation,Main_Cause,Hit_Run,Severity,Collision_Type,Junction_Control,Road_Character,Road_Type,Surface_Type,Surface_Condition,Road_Condition,Weather,Accident_Road,Landmark_first,Distance_LandMark_First,Latitude,Longitude,Road_Condition_Score,Surface_Condition_Score,Surface_Type_Score,Road_Risk_Index
Bengaluru Dist,Avalahally PS,1.04422e+16,2022,1,1,Road Accidents,Not Applicable,City/Town,Open area,Not Applicable,No,Fatal,Hit pedestrian,Not Applicable,Others,Two way,Bitumen(Tar),Others,Not Applicable,Clear,Hosakote Budigere Cross,Orion Mall,5 kms,0.0,0.0,0,1,0.0,1.0
Bengaluru Dist,Avalahally PS,1.04422e+16,2022,1,2,Road Accidents,Not Applicable,Rural Areas,Open area,Vehicle Defect,No,Damage Only,Vehicle to Vehicle,Not Applicable,Others,Not Applicable,Not Applicable,Dry,Not Applicable,Clear,Budigere cross,curent pole,10,13.073536,77.742585,0,0,0.0,0.0
Bengaluru Dist,Avalahally PS,1.04422e+16,2022,1,1,Road Accidents,Narrow road,Rural Areas,Residential area,Human Error,Yes,Fatal,Not Applicable,Uncontrolled,Straight and flat,Residential Street,Bitumen(Tar),Dry,Not Applicable,Clear,Herendanahalli village,Herendanahalli village,6 k m,0.0,0.0,0,0,0.0,0.0
Bengaluru Dist,Avalahally PS,1.04422e+16,2022,1,2,Road Accidents,Narrow road,Rural Areas,Open area,Not Applicable,No,Simple Injury,Vehicle to Vehicle,Signal lights Not working,Straight and flat,Two way,Bitumen(Tar),Dry,Not Applicable,Clear,Near Graindvell Factory,Near Graindvell Factory,5 k m,13.058019,77.756725,0,0,0.0,0.0
Bengaluru Dist,Avalahally PS,1.04422e+16,2022,1,2,Road Accidents,Narrow road,Rural Areas,Open area,Vehicle Defect,Yes,Fatal,Vehicle to Vehicle,Uncontrolled,Others,NH,Not Applicable,Dry,Not Applicable,Clear,NH 75Huskuru KODI,curent pole,40,13.053653,77.768826,0,0,0.0,0.0
Bengaluru Dist,Avalahally PS,1.04422e+16,2022,1,1,Road Accidents,Narrow road,City/Town,Open area,Human Error,No,Fatal,Not Applicable,Uncontrolled,Straight and flat,NH,Bitumen(Tar),Dry,Not Applicable,Clear,budigere cross Flyover bridge,Budiger cross fly over bridge,3 k m,13.045622,77.749652,0,0,0.0,0.0
Bengaluru Dist,Avalahally PS,1.04422e+16,2022,1,2,Road Accidents,Not Applicable,Rural Areas,Near School or College,Human Error,Not Applicable,Grievous Injury,Not Applicable,Not Applicable,Not Applicable,Others,Bitumen(Tar),Dry,No influence on accident,Fine,Others,Near NPS School,3 km,13.043847,77.763037,0,0,0.0,0.0
Bengaluru Dist,Avalahally PS,1.04422e+16,2022,1,1,Road Accidents,Circle,Rural Areas,Near Bus stop,Human Error,No,Grievous Injury,Hit pedestrian,Not Applicable,Not Applicable,NH,Bitumen(Tar),Dry,Not Applicable,Fine,NH 75,Near Katamnalluru Cross,02 K.M,0.0,0.0,0,0,0.0,0.0
Bengaluru Dist,Avalahally PS,1.04422e+16,2022,1,2,Not Applicable,Not Applicable,Rural Areas,Near School or College,Human Error,No,Simple Injury,Vehicle to Vehicle,Stop sign,Straight and flat,Service Road,Bitumen(Tar),Dry,No influence on accident,Clear,Hundai  car show room opp Avalahalli,HUNDAI SHOW ROOM OPP,4 km,13.014686,77.727463,0,0,0.0,0.0
Bengaluru Dist,Avalahally PS,1.04422e+16,2022,1,2,Road Accidents,Narrow road,Rural Areas,Near Bus stop,Human Error,No,Simple Injury,Vehicle to Vehicle,Uncontrolled,Straight and flat,Service Road,Bitumen(Tar),Dry,Not Applicable,Clear,Verenahalli gate,Verenahalli gate,4 km,13.036741,77.694109,0,0,0.0,0.0
Bengaluru Dist,Avalahally PS,1.04422e+16,2022,1,3,Not Applicable,Not Applicable,City/Town,Open area,Not Applicable,No,Grievous Injury,Vehicle to Vehicle,Not Applicable,Others,Two way,Bitumen(Tar),Dry,Not Applicable,Clear,Devanahalli  Road,Infront of Lakshmi  steel factory,3 kms,13.07087,77.737816,0,0,0.0,0.0
Bengaluru Dist,Avalahally PS,1.04422e+16,2022,1,2,Not Applicable,Not Applicable,Rural Areas,Open area,Not Applicable,No,Fatal,Vehicle to Vehicle,Uncontrolled,Steep Incline or Climb,Two way,Bitumen(Tar),Dry,Not Applicable,Clear,Shrungarpura gate twords kattugollhalli road,Shrungara pura gate,10 km,13.102862,77.721666,0,0,0.0,0.0
Bengaluru Dist,Avalahally PS,1.04422e+16,2022,1,2,Road Accidents,Not Applicable,City/Town,Open area,Not Applicable,No,Fatal,Vehicle to Vehicle,Not Applicable,Others,Two way,Bitumen(Tar),Dry,Not Applicable,Clear,Avalahalli medahalli  service road,Medahalli  service station,3 kms,13.027123,77.723893,0,0,0.0,0.0
Bengaluru Dist,Avalahally PS,1.04422e+16,2022,1,2,Road Accidents,Not Applicable,City/Town,Open area,Not Applicable,No,Fatal,Vehicle to Vehicle,Not Applicable,Others,Two way,Bitumen(Tar),Dry,Not Applicable,Others,Avalahalli fish stall near,Medahalli  service road,2 kms,13.036633,77.736235,0,0,0.0,0.0
Bengaluru Dist,Avalahally PS,1.04422e+16,2022,1,3,Not Applicable,Not Applicable,City/Town,Open area,Not Applicable,No,Not Applicable,Vehicle to Vehicle,Not Applicable,Not Applicable,Others,Bitumen(Tar),Dry,Not Applicable,Others,"Fly  over  Bridge, Budigere  cross",Budigere  cross,1 km,13.004054,77.690583,0,0,0.0,0.0
Bengaluru Dist,Avalahally PS,1.04422e+16,2022,1,2,Road Accidents,Not Applicable,Rural Areas,Open area,Vehicle Defect,No,Grievous Injury,Vehicle to Vehicle,Uncontrolled,Others,Others,Not Applicable,Others,Not Applicable,Clear,Budigere cross,curent pole,1,13.028236,77.684982,0,1,0.0,1.0
Bengaluru Dist,Avalahally PS,1.04422e+16,2022,1,2,Road Accidents,Not Applicable,City/Town,Open area,Not Applicable,No,Fatal,Vehicle to Vehicle,Not Applicable,Others,One way,Bitumen(Tar),Dry,Not Applicable,Others,Bengaluru Kolar Road,Medahalli Talampatti bricks factory,4 kms,13.027007,77.723061,0,0,0.0,0.0
Bengaluru Dist,Avalahally PS,1.04422e+16,2022,1,2,Not Applicable,Not Applicable,City/Town,Open area,Not Applicable,No,Grievous Injury,Vehicle to Vehicle,Not Applicable,Others,Two way,Bitumen(Tar),Dry,Not Applicable,Others,Bayappanahalli  Gate,Devanahalli  Road,10  km,13.010115,77.740317,0,0,0.0,0.0
Bengaluru Dist,Avalahally PS,1.04422e+16,2022,1,2,Road Accidents,Not Applicable,Rural Areas,Residential area,Not Applicable,No,Damage Only,Vehicle to Vehicle,Not Applicable,Others,Others,Not Applicable,Others,Not Applicable,Clear,Avalahalli -,0,20,13.0617,77.716581,0,1,0.0,1.0
Bengaluru Dist,Avalahally PS,1.04422e+16,2022,1,2,Road Accidents,Not Applicable,Rural Areas,Open area,Vehicle Defect,No,Damage Only,Vehicle to Vehicle,Not Applicable,Others,Others,Not Applicable,Others,Not Applicable,Clear,kattamnalluru,curent pole,40,13.053555,77.763989,0,1,0.0,1.0
Bengaluru Dist,Avalahally PS,1.04422e+16,2022,1,2,Road Accidents,Not Applicable,Rural Areas,Open area,Vehicle Defect,No,Grievous Injury,Vehicle to Vehicle,Uncontrolled,Others,Others,Not Applicable,Dry,Not Applicable,Others,Bommenahalli village,curent pole,0,13.073985,77.743227,0,0,0.0,0.0
Bengaluru Dist,Avalahally PS,1.04422e+16,2022,1,1,Road Accidents,Not Applicable,City/Town,Open area,Not Applicable,No,Fatal,Not Applicable,Not at  Junction,Others,Two way,Bitumen(Tar),Others,Not Applicable,Others,Medahalli  service road,Talampatti Bricks factory,3 km,13.027106,77.724409,0,1,0.0,1.0
Bengaluru Dist,Avalahally PS,1.04422e+16,2022,1,1,Road Accidents,Offset,Rural Areas,Open area,Vehicle Defect,No,Grievous Injury,Not Applicable,Uncontrolled,Not Applicable,Others,Not Applicable,Others,Not Applicable,Clear,Avalahalli service Road,curent pole,45,13.041106,77.745207,0,1,0.0,1.0
Bengaluru Dist,Avalahally PS,1.04422e+16,2022,1,2,Road Accidents,Not Applicable,City/Town,Open area,Not Applicable,No,Grievous Injury,Not Applicable,Not at  Junction,Others,Service Road,Bitumen(Tar),Dry,Not Applicable,Fine,"Budigere cross - Avalahalli Service road,",Budigere Cross  Avalahalli Service  Road,1 K.M,0.0,0.0,0,0,0.0,0.0
Bengaluru Dist,Avalahally PS,1.04422e+16,2022,1,1,Road Accidents,Cross roads,Rural Areas,Open area,Vehicle Defect,No,Damage Only,Vehicle to Vehicle,Uncontrolled,Others,Others,Not Applicable,Dry,Not Applicable,Clear,Budigere cross,curent pole,45,0.0,0.0,0,0,0.0,0.0
Bengaluru Dist,Avalahally PS,1.04422e+16,2022,1,1,Road Accidents,Junction,Rural Areas,Near or inside a village,Not Applicable,No,Simple Injury,Hit pedestrian,Uncontrolled,Straight and flat,Residential Street,Bitumen(Tar),Dry,Not Applicable,Clear,Opp Bidarahalli panchyat office,Opp Bidarahalli panchyat office,8 k m,13.062271,77.71597,0,0,0.0,0.0
Bengaluru Dist,Avalahally PS,1.04422e+16,2022,1,2,Road Accidents,Not Applicable,Rural Areas,Near Bus stop,Not Applicable,Not Applicable,Simple Injury,Not Applicable,Not Applicable,Others,Others,Bitumen(Tar),Dry,Not Applicable,Fine,Near Kattugollahalli Village Bus Station,Near Kattugollahalli Village Bus Station,7 K.M,0.0,0.0,0,0,0.0,0.0
Bengaluru Dist,Avalahally PS,1.04422e+16,2022,1,2,Road Accidents,Not Applicable,City/Town,Near or inside a village,Human Error,No,Grievous Injury,Not Applicable,Not Applicable,Not Applicable,Service Road,Bitumen(Tar),Dry,No influence on accident,Clear,Service Road,Near Ishwarya Daba,2 km,13.052382,77.751435,0,0,0.0,0.0
Bengaluru Dist,Avalahally PS,1.04422e+16,2022,1,2,Road Accidents,Not Applicable,Rural Areas,Residential area,Vehicle Defect,No,Damage Only,Vehicle to Vehicle,Uncontrolled,Others,Not Applicable,Not Applicable,Others,Not Applicable,Clear,katamnalluru-kadugodi,curent pole,40,13.053294,77.755551,0,1,0.0,1.0
Bengaluru Dist,Avalahally PS,1.04422e+16,2022,1,1,Road Accidents,Not Applicable,Rural Areas,Open area,Not Applicable,No,Grievous Injury,Hit pedestrian,Not Applicable,Others,Two way,Bitumen(Tar),Dry,Not Applicable,Others,Srirama green field  main gate,Bommenhalli  huskur road,4 kms,13.07322,77.743594,0,0,0.0,0.0
Bengaluru Dist,Avalahally PS,1.04422e+16,2022,1,1,Road Accidents,Narrow road,Rural Areas,Open area,Vehicle Defect,No,Damage Only,Vehicle to Vehicle,Uncontrolled,Not Applicable,One way,Not Applicable,Dry,Not Applicable,Others,Bommenahalli village YCH Were house,curent pole,40,0.0,0.0,0,0,0.0,0.0
Bengaluru Dist,Avalahally PS,1.04422e+16,2022,1,2,Road Accidents,Narrow road,Rural Areas,Open area,Not Applicable,No,Simple Injury,Vehicle to Vehicle,Uncontrolled,Straight and flat,NH,Bitumen(Tar),Dry,Not Applicable,Clear,Nimbekaipura gate,Nimbekaipura gate,6 k m,0.0,0.0,0,0,0.0,0.0
Bengaluru Dist,Avalahally PS,1.04422e+16,2022,1,2,Road Accidents,Not Applicable,City/Town,Open area,Not Applicable,No,Not Applicable,Vehicle to Vehicle,Not Applicable,Others,One way,Bitumen(Tar),Others,Not Applicable,Clear,Infront of slv Apartment,Slv Apartment,2 kms,13.045506,77.738973,0,1,0.0,1.0
Bengaluru Dist,Avalahally PS,1.04422e+16,2022,1,2,Road Accidents,Not Applicable,Rural Areas,Open area,Not Applicable,Yes,Grievous Injury,Vehicle to Vehicle,Not Applicable,Others,One way,Bitumen(Tar),Dry,Not Applicable,Others,Medahalli  service road,Harihome timbars,4 km,13.037679,77.693336,0,0,0.0,0.0
Bengaluru Dist,Avalahally PS,1.04422e+16,2022,1,1,Road Accidents,Not Applicable,City/Town,Open area,Not Applicable,Not Applicable,Not Applicable,Not Applicable,Not Applicable,Others,Two way,Bitumen(Tar),Dry,Not Applicable,Others,Bengaluru Kolar road,Budigere cross fly over bridge,5 kms,13.046552,77.750712,0,0,0.0,0.0
Bengaluru Dist,Avalahally PS,1.04422e+16,2022,1,3,Road Accidents,Narrow road,Rural Areas,Open area,Not Applicable,No,Damage Only,Vehicle to Vehicle,Uncontrolled,Straight and flat,NH,Bitumen(Tar),Wet,Not Applicable,Light Rain,budigere cross Flyover bridge,Budiger cross fly over bridge,3 km,13.047439,77.752473,0,3,0.0,3.0
Bengaluru Dist,Avalahally PS,1.04422e+16,2022,1,2,Rail Road Accidents,Not Applicable,Rural Areas,Open area,Vehicle Defect,No,Grievous Injury,Vehicle to Vehicle,Uncontrolled,Others,NH,Not Applicable,Dry,Not Applicable,Clear,Kittaganur village road,1,40,0.0,0.0,0,0,0.0,0.0
Bengaluru Dist,Avalahally PS,1.04422e+16,2023,1,2,Not Applicable,Not Applicable,Rural Areas,Open area,Not Applicable,Not Applicable,Simple Injury,Vehicle to Vehicle,Not Applicable,Others,Others,Not Applicable,Not Applicable,Not Applicable,Others,Bommenahalli Gate to Bommenahalli village road,Bommenahalli gate,3,13.073662,77.74225,0,0,0.0,0.0
Bengaluru Dist,Avalahally PS,1.04422e+16,2023,1,2,Road Accidents,Not Applicable,Rural Areas,Open area,Not Applicable,Yes,Grievous Injury,Vehicle to Vehicle,Not Applicable,Others,Others,Not Applicable,Not Applicable,Not Applicable,Others,Near Brundavana Marbles Granite Shop,Near Brundavana Marbles,3,13.047707,77.721697,0,0,0.0,0.0
Bengaluru Dist,Avalahally PS,1.04422e+16,2023,1,2,Road Accidents,Not Applicable,Rural Areas,Open area,Not Applicable,Not Applicable,Fatal,Vehicle to Vehicle,Not Applicable,Others,Others,Not Applicable,Others,Not Applicable,Not Applicable,Halehalli-Maragondanahlli Raod Lakshmi Bakes Near,1,12,0.0,0.0,0,1,0.0,1.0
Bengaluru Dist,Avalahally PS,1.04422e+16,2023,1,1,Not Applicable,Not Applicable,Rural Areas,Open area,Not Applicable,Yes,Simple Injury,Not Applicable,Not Applicable,Others,Not Applicable,Kutcha,Others,Not Applicable,Others,Maragondanahalli  Road Ossion aps,Ossion aps,12,13.037385,77.693094,0,1,4.0,5.0
Bengaluru Dist,Avalahally PS,1.04422e+16,2023,1,1,Not Applicable,Cross roads,Rural Areas,Open area,Not Applicable,Not Applicable,Fatal,Not Applicable,Not Applicable,Curve,Others,Not Applicable,Others,Not Applicable,Others,Byappanahalli  Road,1,10,0.0,0.0,0,1,0.0,1.0
Bengaluru Dist,Avalahally PS,1.04422e+16,2023,1,1,Road Accidents,Not Applicable,Rural Areas,Open area,Not Applicable,No,Fatal,Hit pedestrian,Not Applicable,Others,Others,Not Applicable,Others,Not Applicable,Others,Near Venkateshappa bulding Land,Huskuru village,5,0.0,0.0,0,1,0.0,1.0
Bengaluru Dist,Avalahally PS,1.04422e+16,2023,1,2,Road Accidents,Narrow road,Rural Areas,Open area,Not Applicable,No,Simple Injury,Vehicle to Vehicle,Uncontrolled,Straight and flat,NH,Bitumen(Tar),Dry,Not Applicable,Clear,budigere cross Flyover bridge,budigere cross Flyover bridge,4 k m,13.037209,77.6927739,0,0,0.0,0.0
Bengaluru Dist,Avalahally PS,1.04422e+16,2023,1,2,Road Accidents,Not Applicable,Rural Areas,Narrow bridge or culverts,Not Applicable,No,Damage Only,Vehicle to Vehicle,Not Applicable,Not Applicable,NH,Bitumen(Tar),Dry,No influence on accident,Fine,NH75,Budigere cross Flyover bridge,1 KM,0.0,0.0,0,0,0.0,0.0
Bengaluru Dist,Avalahally PS,1.04422e+16,2023,1,2,Road Accidents,Not Applicable,City/Town,Open area,Not Applicable,No,Not Applicable,Vehicle to Vehicle,Not Applicable,Others,Two way,Bitumen(Tar),Dry,Not Applicable,Others,Avalahalli-Bidaraahli Road,Infront of Eicher Company,3 kms,0.0,0.0,0,0,0.0,0.0
Bengaluru Dist,Avalahally PS,1.04422e+16,2023,1,2,Road Accidents,Narrow road,Rural Areas,Residential area,Not Applicable,Yes,Simple Injury,Not Applicable,Uncontrolled,Straight and flat,Two way,Bitumen(Tar),Dry,Not Applicable,Clear,Herendanahalli village,Hirendhalli vilalge,4 k m,0.0,0.0,0,0,0.0,0.0
Bengaluru Dist,Avalahally PS,1.04422e+16,2023,1,1,Not Applicable,Not Applicable,City/Town,Near a factory industrial area,Not Applicable,No,Simple Injury,Hit pedestrian,Uncontrolled,Straight and flat,Others,Kutcha,Dry,Not Applicable,Clear,Manduru,Manduru,8 k m,13.083353,77.738095,0,0,4.0,4.0
Bengaluru Dist,Avalahally PS,1.04422e+16,2023,1,2,Road Accidents,Not Applicable,Rural Areas,Narrow bridge or culverts,Human Error,No,Simple Injury,Vehicle to Vehicle,No signal lights,Not Applicable,NH,Not Applicable,Dry,Not Applicable,Fine,NH 75,Budigere cross Flyover bridge,1 KM,0.0,0.0,0,0,0.0,0.0
Bengaluru Dist,Avalahally PS,1.04422e+16,2023,1,2,Road Accidents,Not Applicable,Rural Areas,Open area,Not Applicable,No,Grievous Injury,Vehicle to Vehicle,Not Applicable,Others,Others,Kutcha,Others,Not Applicable,Others,Anjanappa Bricks Factory Gate,2,2,13.005795,77.77009,0,1,4.0,5.0
Bengaluru Dist,Avalahally PS,1.04422e+16,2023,1,1,Road Accidents,Not Applicable,Rural Areas,Open area,Not Applicable,Not Applicable,Simple Injury,Hit pedestrian,Not Applicable,Others,Others,Kutcha,Others,Not Applicable,Others,Goravigere Near Yallamma temple,Goravigere Near Yallamma temple,5,0.0,0.0,0,1,4.0,5.0
Bengaluru Dist,Avalahally PS,1.04422e+16,2023,1,2,Road Accidents,Narrow road,Rural Areas,Near Hospital,Human Error,Yes,Fatal,Vehicle to Vehicle,Uncontrolled,Others,Others,Bitumen(Tar),Dry,Not Applicable,Clear,Near East point Hospital,Near East point Hospital,5 K M,13.02874,77.720586,0,0,0.0,0.0
Bengaluru Dist,Avalahally PS,1.04422e+16,2023,1,2,Road Accidents,Not Applicable,City/Town,Open area,Not Applicable,No,Not Applicable,Vehicle to Vehicle,Not Applicable,Others,Two way,Bitumen(Tar),Dry,Not Applicable,Others,Kithaganur  Road,Diomand College,8 kms,0.0,0.0,0,0,0.0,0.0
Bengaluru Dist,Avalahally PS,1.04422e+16,2023,1,2,Not Applicable,Not Applicable,Rural Areas,Open area,Not Applicable,No,Grievous Injury,Vehicle to Vehicle,Not Applicable,Others,Others,Bitumen(Tar),Not Applicable,Not Applicable,Others,Aduru Anganavadi Kendra,Aduru Anganavadi Kendra,8,13.042245,77.746156,0,0,0.0,0.0
Bengaluru Dist,Avalahally PS,1.04422e+16,2023,1,2,Road Accidents,Cross roads,Rural Areas,Near or inside a village,Not Applicable,Not Applicable,Fatal,Vehicle to Vehicle,Not Applicable,Others,Others,Kutcha,Others,Not Applicable,Others,Aduru Cross Tayappa Land,Aduru Cross Tayappa Land,12,13.055358,77.7054549,0,1,4.0,5.0
Bengaluru Dist,Avalahally PS,1.04422e+16,2023,1,2,Road Accidents,Narrow road,City/Town,Near or inside a village,Not Applicable,Yes,Damage Only,Vehicle to Vehicle,Uncontrolled,Not Applicable,Others,Bitumen(Tar),Dry,Not Applicable,Clear,Cheemasandra,Cheemasandra,6 k m,0.0,0.0,0,0,0.0,0.0
Bengaluru Dist,Avalahally PS,1.04422e+16,2023,1,2,Road Accidents,Curves,Rural Areas,Open area,Human Error,Yes,Simple Injury,Vehicle to Vehicle,Uncontrolled,Slight Curve,Others,Bitumen(Tar),Dry,Not Applicable,Fine,Rampura gate,Rampura gate,12 k m,13.052389,77.698325,0,0,0.0,0.0
Bengaluru Dist,Avalahally PS,1.04422e+16,2023,1,2,Road Accidents,Not Applicable,Rural Areas,Open area,Not Applicable,Not Applicable,Fatal,Vehicle to Vehicle,Not Applicable,Others,Others,Not Applicable,Not Applicable,Not Applicable,Others,Kammasandra-Manduru Road,Infront of mcb bricks,7,0.0,0.0,0,0,0.0,0.0
Bengaluru Dist,Avalahally PS,1.04422e+16,2023,1,2,Not Applicable,Not Applicable,Rural Areas,Near Petrol Pump,Not Applicable,Yes,Fatal,Vehicle to Vehicle,Not Applicable,Others,Others,Not Applicable,Not Applicable,Not Applicable,Others,"New Indian Oil Petrol Bonk Hirandahalli village, Bidarhalli Hobli",Hirandahalli,6,13.014444,77.687068,0,0,0.0,0.0
Bengaluru Dist,Avalahally PS,1.04422e+16,2023,1,2,Road Accidents,Circle,Rural Areas,Near Bus stop,Not Applicable,No,Simple Injury,Vehicle to Vehicle,Uncontrolled,Curve,Two way,Bitumen(Tar),Dry,Pot holed,Fine,Goravenagere Bus stop,Goravenagere Bus stop,3,13.034736,77.703866,5,0,0.0,5.0
Bengaluru Dist,Avalahally PS,1.04422e+16,2023,1,2,Road Accidents,Not Applicable,City/Town,Near Bus stop,Human Error,Yes,Grievous Injury,Vehicle to Vehicle,Not Applicable,Not Applicable,Not Applicable,Bitumen(Tar),Dry,No influence on accident,Fine,katamnalluru-kadugodi Road,In Fron of Mayura Bekari,2 Km,0.0,0.0,0,0,0.0,0.0
Bengaluru Dist,Avalahally PS,1.04422e+16,2023,1,1,Road Accidents,Narrow road,Rural Areas,Open area,Not Applicable,No,Simple Injury,Not Applicable,Uncontrolled,Others,Others,Bitumen(Tar),Dry,Not Applicable,Fine,Rampura road,Kadagarahara road,10 k m,13.078755,77.692454,0,0,0.0,0.0
Bengaluru Dist,Avalahally PS,1.04422e+16,2023,1,1,Road Accidents,Not Applicable,City/Town,Open area,Not Applicable,Yes,Fatal,Hit pedestrian,Not at  Junction,Not Applicable,Others,Bitumen(Tar),Dry,Not Applicable,Fine,Other Road,BAKTHA MARUTHI LAYOUT,12,13.037307,77.692139,0,0,0.0,0.0
Bengaluru Dist,Avalahally PS,1.04422e+16,2023,1,2,Road Accidents,Not Applicable,Rural Areas,Open area,Not Applicable,No,Fatal,Vehicle to Vehicle,Not at  Junction,Others,Others,Bitumen(Tar),Dry,Not Applicable,Fine,Other Road,Yarrappanahalli Cross,10km,13.087493,77.6862859,0,0,0.0,0.0
Bengaluru Dist,Avalahally PS,1.04422e+16,2023,1,1,Road Accidents,Not Applicable,Rural Areas,Residential area,Not Applicable,No,Grievous Injury,Not Applicable,Not at  Junction,Others,Others,Concrete,Dry,Not Applicable,Fine,Other,Near Gunduru Circle,10 Km,13.086544,77.713701,0,0,0.0,0.0
Bengaluru Dist,Avalahally PS,1.04422e+16,2023,1,2,Road Accidents,Not Applicable,Rural Areas,Open area,Not Applicable,Yes,Grievous Injury,Vehicle to Vehicle,Not Applicable,Others,Others,Kutcha,Others,Not Applicable,Others,Avalahalli Rampura Road Hirandahalli,Near Udupi Hotel,3,13.047553,77.722527,0,1,4.0,5.0
Bengaluru Dist,Bannerghatta PS,1.04421e+16,2016,1,2,Road Accidents,Other,Rural Areas,Open area,Vehicle Defect,No,Grievous Injury,Hit bicyclist,Uncontrolled,Others,State Highway,Bitumen(Tar),Dry,Not Applicable,Cloudy,BANNERUGHATTA JIGANI ROAD,MAMMY DADDY LAYOUT,1KM,0.0,0.0,0,0,0.0,0.0
Bengaluru Dist,Bannerghatta PS,1.04421e+16,2016,1,2,Rail Road Accidents,Cross roads,Rural Areas,Open area,Human Error,Yes,Simple Injury,Others,Uncontrolled,Straight and flat,Village Road,Bitumen(Tar),Dry,Not Applicable,Others,BANNERUGHATTA KAGGALIPUR RAOD,NEAR HAKKI PIKKI COLONI,5,0.0,0.0,0,0,0.0,0.0
Bengaluru Dist,Bannerghatta PS,1.04421e+16,2016,1,1,Road Accidents,Other,Rural Areas,Open area,Human Error,Yes,Grievous Injury,Others,Not Applicable,Straight and flat,Village Road,Bitumen(Tar),Dry,Not Applicable,Very Hot,KAGGALIPURA ROAD,HAKKIPIKKI COLONI,6 KM,0.0,0.0,0,0,0.0,0.0
Bengaluru Dist,Bannerghatta PS,1.04421e+16,2016,1,2,Road Accidents,Narrow road,City/Town,Near School or College,Human Error,Not Applicable,Grievous Injury,Others,Uncontrolled,Others,State Highway,Bitumen(Tar),Dry,Not Applicable,Very Hot,JIGANI ROAD,VENKATESHWARA DENTAL COLLEGE,2 KM,0.0,0.0,0,0,0.0,0.0
Bengaluru Dist,Bannerghatta PS,1.04421e+16,2016,1,2,Road Accidents,Circle,Rural Areas,Open area,Vehicle Defect,No,Grievous Injury,Others,Uncontrolled,Curve,Village Road,Bitumen(Tar),Dry,Not Applicable,Clear,BYALADAMARADA DODDI,KAGGALEPURA ROAD,4 KM,0.0,0.0,0,0,0.0,0.0
Bengaluru Dist,Bannerghatta PS,1.04421e+16,2016,1,2,Road Accidents,Narrow road,Villages settlement,Near or inside a village,Not Applicable,No,Grievous Injury,Others,Uncontrolled,Straight and flat,Village Road,Not Applicable,Dry,No influence on accident,Others,BANNERUGHATTA KAGGALIPURA ROAD,SILEENFRA DODDI  VILLAGE,6 KM,0.0,0.0,0,0,0.0,0.0
Bengaluru Dist,Bannerghatta PS,1.04421e+16,2016,1,2,Road Accidents,Other,Rural Areas,Near or inside a village,Not Applicable,No,Fatal,Others,Uncontrolled,Others,Forest Road,Bitumen(Tar),Dry,Not Applicable,Cloudy,RAGIHALLI FOREST ROAD,E,7KM,0.0,0.0,0,0,0.0,0.0
Bengaluru Dist,Bannerghatta PS,1.04421e+16,2016,1,2,Road Accidents,Curves,Rural Areas,Open area,Not Applicable,No,Grievous Injury,Others,Uncontrolled,Curve,Village Road,Bitumen(Tar),Dry,Not Applicable,Wind,BYATARAYANADOODI,KAGGALIPURA MAIN ROAD,4  KM,0.0,0.0,0,0,0.0,0.0
Bengaluru Dist,Bannerghatta PS,1.04421e+16,2016,1,1,Road Accidents,Narrow road,Rural Areas,Near Bus stop,Human Error,No,Grievous Injury,Others,Stop sign,Others,Village Road,Bitumen(Tar),Dry,Not Applicable,Very Hot,JIGANI MAIN ROAD,JANGALPLYA BUS STAND,2 KM,0.0,0.0,0,0,0.0,0.0
Bengaluru Dist,Bannerghatta PS,1.04421e+16,2016,1,2,Road Accidents,Junction,City/Town,Residential area,Human Error,No,Grievous Injury,Others,Uncontrolled,Curve,Residential Street,Surfaced,Dry,Not Applicable,Clear,NEAR BALAJI KALYANA MANTAPA,KAGGALIPURA ROAD,1/2 KM,0.0,0.0,0,0,,
Bengaluru Dist,Bannerghatta PS,1.04421e+16,2016,1,1,Road Accidents,Narrow road,Villages settlement,Residential area,Human Error,No,Fatal,Skidding or Self accident,Controlled,Others,Village Road,Bitumen(Tar),Dry,No influence on accident,Clear,MANTAPA JANGALPALYA ROAD,OPPOSITE DRUVA HOTEL,2 KM,0.0,0.0,0,0,0.0,0.0
Bengaluru Dist,Bannerghatta PS,1.04421e+16,2016,1,2,Road Accidents,Narrow road,City/Town,Near School or College,Human Error,No,Grievous Injury,Others,Uncontrolled,Others,Others,Not Applicable,Others,Not Applicable,Others,BANGALORE  ROAD,NEAR RAYAN SCHOOL,1 KM,0.0,0.0,0,1,0.0,1.0
Bengaluru Dist,Bannerghatta PS,1.04421e+16,2016,1,1,Not Applicable,Narrow road,Rural Areas,Near School or College,Human Error,Yes,Simple Injury,Rear end,Uncontrolled,Others,Others,Bitumen(Tar),Dry,Not Applicable,Clear,KOPPA BEGURU ROAD,CHRISHT ACADEMY,5 KM,0.0,0.0,0,0,0.0,0.0