DISTRICTNAME,UNITNAME,Crime_No,Year,RI,Noofvehicle_involved,Accident_Classification,Accident_Spot,Accident_Location,Accident_SubLocation,Main_Cause,Hit_Run,Severity,Collision_Type,Junction_Control,Road_Character,Road_Type,Surface_Type,Surface_Condition,Road_Condition,Weather,Accident_Road,Landmark_first,Distance_LandMark_First,Latitude,Longitude,Road_Condition_Score,Surface_Condition_Score,Surface_Type_Score,Road_Risk_Index
Bengaluru Dist,Bannerghatta PS,1.04421e+16,2016,1,2,Road Accidents,Other,Rural Areas,Open area,Human Error,No,Grievous Injury,Others,Uncontrolled,Others,State Highway,Bitumen(Tar),Dry,Not Applicable,Fine,JIGANI MAIN ROAD,SARALA BIRLA SCHOOL,1 KM,0.0,0.0,0,0,0.0,0.0
Bengaluru Dist,Bannerghatta PS,1.04421e+16,2016,1,1,Road Accidents,Narrow road,Rural Areas,Near Bus stop,Human Error,No,Grievous Injury,Others,Uncontrolled,Hump,Village Road,Bitumen(Tar),Dry,Not Applicable,Wind,JIGANI ROAD,JANGALPALYA  ROAD,2 KM,0.0,0.0,0,0,0.0,0.0
Bengaluru Dist,Bannerghatta PS,1.04421e+16,2016,1,2,Road Accidents,Round about or Circle,Rural Areas,Open area,Human Error,No,Grievous Injury,Others,Uncontrolled,Straight and flat,Two way,Bitumen(Tar),Dry,Not Applicable,Wind,JIGANI BANNERUGHATTA ROAD,MANTAPA GATE,3KM,0.0,0.0,0,0,0.0,0.0
Bengaluru Dist,Bannerghatta PS,1.04421e+16,2017,1,1,Not Applicable,Other,Rural Areas,Open area,Human Error,No,Damage Only,Run Off Road,Uncontrolled,Curve,One way,Bitumen(Tar),Dry,Not Applicable,Clear,KULUMEYPALYA,KULUMEPALYA CROSS,6 KM,0.0,0.0,0,0,0.0,0.0
Bengaluru Dist,Bannerghatta PS,1.04421e+16,2017,1,2,Road Accidents,Other,Rural Areas,Near Petrol Pump,Not Applicable,No,Grievous Injury,Others,Not Applicable,Others,Two way,Bitumen(Tar),Others,Not Applicable,Others,BG ROAD,BG ROAD,1,0.0,0.0,0,1,0.0,1.0
Bengaluru Dist,Bannerghatta PS,1.04421e+16,2017,1,1,Road Accidents,Narrow road,Villages settlement,Near Hospital,Not Applicable,Yes,Grievous Injury,Hit and Run,Controlled,Others,State Highway,Bitumen(Tar),Dry,Not Applicable,Fine,BANNERGHATTA BENGALURU ROAD,PREMAVIJAYA KALYANA MANTAPA OPPOSIT,200MTR,0.0,0.0,0,0,0.0,0.0
Bengaluru Dist,Bannerghatta PS,1.04421e+16,2017,1,1,Road Accidents,Narrow road,Villages settlement,Residential area,Human Error,No,Simple Injury,Hit pedestrian,Not Applicable,Others,Residential Street,Kutcha,Dry,No influence on accident,Fine,KARIYPPANHALLI GUNDU TOPU ROAD,SARASWATI IN FRONT OF HOUSE,2 KM,0.0,0.0,0,0,4.0,4.0
Bengaluru Dist,Bannerghatta PS,1.04421e+16,2017,1,1,Road Accidents,Narrow road,Rural Areas,Open area,Not Applicable,No,Grievous Injury,Hit pedestrian,Controlled,Others,State Highway,Bitumen(Tar),Dry,No influence on accident,Fine,BENGALURU BANNERUGHATTA ROAD,ANJANEYA TEMPLE NEAT,4 KM,0.0,0.0,0,0,0.0,0.0
Bengaluru Dist,Bannerghatta PS,1.04421e+16,2017,1,2,Road Accidents,Cross roads,Rural Areas,Near Bus stop,Not Applicable,Yes,Not Applicable,Hit and Run,Uncontrolled,Others,Two way,Bitumen(Tar),Dry,Not Applicable,Others,BANGALORE- BANNERGHATTA ROAD,ROAD,3KM,0.0,0.0,0,0,0.0,0.0
Bengaluru Dist,Bannerghatta PS,1.04421e+16,2017,1,2,Road Accidents,Curves,Rural Areas,Open area,Not Applicable,No,Damage Only,Drowned,Controlled,Curve,Others,Bitumen(Tar),Dry,No influence on accident,Fine,C K PALYA DINNEPALYA ROAD,C K PALYA CURVE,4 KM,0.0,0.0,0,0,0.0,0.0
Bengaluru Dist,Bannerghatta PS,1.04421e+16,2017,1,2,Road Accidents,Circle,Rural Areas,Open area,Not Applicable,Yes,Grievous Injury,Head on,Controlled,Others,State Highway,Bitumen(Tar),Dry,No influence on accident,Fine,SAKALAVARA CROSS BANNERGHATTA PS,SAKALAVARA CROSS,2 KM,0.0,0.0,0,0,0.0,0.0
Bengaluru Dist,Bannerghatta PS,1.04421e+16,2017,1,1,Road Accidents,Other,Villages settlement,Near Bus stop,Not Applicable,Yes,Grievous Injury,Hit and Run,Controlled,Others,State Highway,Bitumen(Tar),Dry,No influence on accident,Fine,BANNERUGHATTA JIGANI ROAD,BANNERUGHATTA BUS STOP,100M,0.0,0.0,0,0,0.0,0.0
Bengaluru Dist,Bannerghatta PS,1.04421e+16,2017,1,2,Road Accidents,Curves,Rural Areas,Near a religious place,Human Error,No,Grievous Injury,Head on,Controlled,Curve,Village Road,Bitumen(Tar),Dry,No influence on accident,Fine,BANNERGHATTA KAGGALIPURA ROAD,SHANESHWARA TEMPLE OPPOSIT,4 KM,0.0,0.0,0,0,0.0,0.0
Bengaluru Dist,Bannerghatta PS,1.04421e+16,2017,1,2,Road Accidents,Curves,Rural Areas,Near or inside a village,Not Applicable,Yes,Grievous Injury,Hit and Run,Controlled,Curve,Village Road,Bitumen(Tar),Dry,No influence on accident,Fine,BANNERGHATTA KAGGALIPURA ROAD,BYLADAMARADADODDI CROSS,6KM,0.0,0.0,0,0,0.0,0.0
Bengaluru Dist,Bannerghatta PS,1.04421e+16,2017,1,2,Road Accidents,Narrow road,City/Town,Near office complex,Human Error,No,Damage Only,Not Applicable,Uncontrolled,Hump,Two way,Bitumen(Tar),Dry,Not Applicable,Clear,TVS SHOROOM,TVS SHOW ROOM,1/2 KM,0.0,0.0,0,0,0.0,0.0
Bengaluru Dist,Bannerghatta PS,1.04421e+16,2017,1,2,Road Accidents,Narrow road,Rural Areas,Open area,Not Applicable,No,Damage Only,Others,Controlled,Others,Village Road,Bitumen(Tar),Dry,Not Applicable,Fine,KGGALIPURA BANNERUGHATTA ROAD,BYALAMARADADODDI CROSS,6 KM,0.0,0.0,0,0,0.0,0.0
Bengaluru Dist,Bannerghatta PS,1.04421e+16,2017,1,1,Road Accidents,Narrow road,Rural Areas,Open area,Human Error,Not Applicable,Simple Injury,Not Applicable,Uncontrolled,Others,One way,Bitumen(Tar),Dry,Not Applicable,Clear,bannerughatta circle,near rvm hospital,50 mtr,0.0,0.0,0,0,0.0,0.0
Bengaluru Dist,Bannerghatta PS,1.04421e+16,2017,1,2,Road Accidents,Narrow road,Rural Areas,Near Petrol Pump,Not Applicable,No,Grievous Injury,Drowned,Controlled,Others,State Highway,Bitumen(Tar),Dry,No influence on accident,Fine,BANNERUGHATTA BENGALURU ROAD,NEAR INDIAN PERTOL BUNK,2 KM,0.0,0.0,0,0,0.0,0.0
Bengaluru Dist,Bannerghatta PS,1.04421e+16,2017,1,1,Road Accidents,Other,Villages settlement,Near a factory industrial area,Not Applicable,No,Grievous Injury,Hit pedestrian,Controlled,Others,Service Road,Concrete,Dry,No influence on accident,Fine,C K PALYA INDUSTRIAL ROAD,NEAR SUNRISE FASHION,6 KM,0.0,0.0,0,0,0.0,0.0
Bengaluru Dist,Bannerghatta PS,1.04421e+16,2017,1,2,Road Accidents,Bottleneck,Rural Areas,Near Petrol Pump,Not Applicable,Yes,Damage Only,Hit and Run,Controlled,Others,State Highway,Bitumen(Tar),Dry,No influence on accident,Fine,BANNERUGHATTA BENGALURU ROAD,INDIAN OIL PETROL BANK OPP,1 KM,0.0,0.0,0,0,0.0,0.0
Bengaluru Dist,Bannerghatta PS,1.04421e+16,2017,1,1,Road Accidents,Narrow road,Rural Areas,Open area,Not Applicable,No,Damage Only,Others,Controlled,Others,State Highway,Bitumen(Tar),Dry,Not Applicable,Fine,BANNERUGHATTA JIGANI ROAD,BASAPPA FACTORY,2,0.0,0.0,0,0,0.0,0.0
Bengaluru Dist,Bannerghatta PS,1.04421e+16,2018,1,1,Road Accidents,Junction,Rural Areas,Near Bus stop,Human Error,No,Fatal,Not Applicable,No signal lights,Others,One way,Bitumen(Tar),Dry,Not Applicable,Fine,BGT TO BANGALORE ROAD,KALKERE BUS STOP,4,0.0,0.0,0,0,0.0,0.0
Bengaluru Dist,Bannerghatta PS,1.04421e+16,2018,1,2,Road Accidents,Cross roads,Villages settlement,Residential area,Not Applicable,Not Applicable,Simple Injury,Others,Not Applicable,Others,Two way,Bitumen(Tar),Dry,Not Applicable,Clear,C K PALYA HULLUHLLI ROAD,AMARANATH MURTY NEAR HOUSE,100 M,0.0,0.0,0,0,0.0,0.0
Bengaluru Dist,Bannerghatta PS,1.04421e+16,2018,1,2,Road Accidents,Narrow road,Rural Areas,Residential area,Human Error,Not Applicable,Simple Injury,Drowned,Uncontrolled,Others,Village Road,Bitumen(Tar),Dry,Not Applicable,Clear,BILVARDAHALLI TO SHYANUBOGANAHALLI,NEAR AR PHARM,200,0.0,0.0,0,0,0.0,0.0
Bengaluru Dist,Bannerghatta PS,1.04421e+16,2018,1,2,Road Accidents,Narrow road,Rural Areas,Near Bus stop,Human Error,No,Fatal,Hit parked vehicle,No signal lights,Curve and Incline,Major District Road,Bitumen(Tar),Muddy,Not Applicable,Fine,BANGALORE DISTRICT ANEKAL TALUK JIGANI HOBLI BANGALORE TO BANNERUGHATTA ROAD NEAR KEMPANAYAKANAHALLI,JALLI MISSION,2,0.0,0.0,0,4,0.0,4.0
Bengaluru Dist,Bannerghatta PS,1.04421e+16,2018,1,1,Road Accidents,Narrow road,Rural Areas,Near Bus stop,Not Applicable,No,Simple Injury,Hit pedestrian,Controlled,Not Applicable,State Highway,Bitumen(Tar),Dry,Not Applicable,Fine,BANNERGHATTA BENGALURU ROAD,UNION BANK ATM NEAR,3 KM,0.0,0.0,0,0,0.0,0.0
Bengaluru Dist,Bannerghatta PS,1.04421e+16,2018,1,1,Road Accidents,Narrow road,Rural Areas,Near a religious place,Not Applicable,No,Grievous Injury,Drowned,Controlled,Hump,Village Road,Bitumen(Tar),Dry,No influence on accident,Fine,BEGIHALLI ROAD,SHANESHWARA TEMPLE NEAR,5KM,0.0,0.0,0,0,0.0,0.0
Bengaluru Dist,Bannerghatta PS,1.04421e+16,2018,1,2,Road Accidents,Narrow road,Rural Areas,Residential area,Not Applicable,Not Applicable,Grievous Injury,Not Applicable,Not at  Junction,Others,One way,Bitumen(Tar),Dry,Not Applicable,Clear,BANNERUGHATTA JIGANI ROAD,1 KM,1.5,0.0,0.0,0,0,0.0,0.0
Bengaluru Dist,Bannerghatta PS,1.04421e+16,2018,1,2,Road Accidents,Cross roads,Villages settlement,Near Bus stop,Not Applicable,Not Applicable,Fatal,Hit bicyclist,Uncontrolled,Curve,Two way,Bitumen(Tar),Not Applicable,Construction Work / Material,Fine,ANEKAL TO JIGANI RAOD,1,3,0.0,0.0,2,0,0.0,2.0
Bengaluru Dist,Bannerghatta PS,1.04421e+16,2018,1,2,Road Accidents,Narrow road,Rural Areas,Residential area,Human Error,Not Applicable,Grievous Injury,Others,Controlled,Others,Two way,Bitumen(Tar),Dry,Not Applicable,Clear,BYALADAMARDODDI,2,0.5,0.0,0.0,0,0,0.0,0.0
Bengaluru Dist,Bannerghatta PS,1.04421e+16,2018,1,1,Road Accidents,Narrow road,Rural Areas,Near Bus stop,Not Applicable,Not Applicable,Fatal,Skidding or Self accident,Not at  Junction,Others,Two way,Bitumen(Tar),Not Applicable,Not Applicable,Others,BANNERUGHATTA ROAD,KOLIFORAM GATE,1/2 KM,0.0,0.0,0,0,0.0,0.0
Bengaluru Dist,Bannerghatta PS,1.04421e+16,2018,1,1,Road Accidents,Curves,Rural Areas,Near Bus stop,Not Applicable,Yes,Simple Injury,Hit and Run,Controlled,Curve,State Highway,Bitumen(Tar),Dry,No influence on accident,Fine,BANNERUGHATTA BENGALURU ROAD,NEAR BUS STAND,3 KM,0.0,0.0,0,0,0.0,0.0
Bengaluru Dist,Bannerghatta PS,1.04421e+16,2018,1,1,Other Railway Accidents,Narrow road,Rural Areas,Open area,Not Applicable,Not Applicable,Fatal,Others,Controlled,Not Applicable,Village Road,Not Applicable,Muddy,Not Applicable,Not Applicable,SHIVANAHALLI VILLAGE,MUD,15 KMS,0.0,0.0,0,4,0.0,4.0
Bengaluru Dist,Bannerghatta PS,1.04421e+16,2018,1,2,Road Accidents,Circle,Villages settlement,Near or inside a village,Not Applicable,No,Grievous Injury,Others,Controlled,Curve,Village Road,Bitumen(Tar),Dry,No influence on accident,Fine,BILWARADAHALLI ROAD,WATER FLANT,3 KM,0.0,0.0,0,0,0.0,0.0
Bengaluru Dist,Bannerghatta PS,1.04421e+16,2018,1,2,Road Accidents,Narrow road,Rural Areas,Open area,Human Error,No,Simple Injury,Drowned,Uncontrolled,Others,Two way,Bitumen(Tar),Dry,Not Applicable,Clear,JIGANI - BANNERUGHATTA ROAD,RAGIHALLI GATE,200 MT,0.0,0.0,0,0,0.0,0.0
Bengaluru Dist,Bannerghatta PS,1.04421e+16,2018,1,1,Road Accidents,Narrow road,Rural Areas,Near or inside a village,Human Error,Not Applicable,Simple Injury,Not Applicable,Uncontrolled,Others,Two way,Bitumen(Tar),Dry,No influence on accident,Clear,BANNERUGHATTA-JIGANI ROAD,NEAR MYSORE GRANAITE SHOP,100 MT,0.0,0.0,0,0,0.0,0.0
Bengaluru Dist,Bannerghatta PS,1.04421e+16,2018,1,1,Other Railway Accidents,Narrow road,Not Applicable,Near or inside a village,Human Error,No,Fatal,Others,Not Applicable,Others,Others,Not Applicable,Others,Not Applicable,Others,SAKALAVARA ROAD,MOHITH FORM,1,0.0,0.0,0,1,0.0,1.0
Bengaluru Dist,Bannerghatta PS,1.04421e+16,2018,1,2,Road Accidents,Narrow road,Rural Areas,Near Petrol Pump,Human Error,No,Simple Injury,Head on,Controlled,Others,State Highway,Bitumen(Tar),Dry,No influence on accident,Fine,BANNERGHATTA BENGALURU ROAD,INDIAN OIL PETROL BUNK OPP,2KM,0.0,0.0,0,0,0.0,0.0
Bengaluru Dist,Bannerghatta PS,1.04421e+16,2018,1,1,Road Accidents,Other,Rural Areas,Open area,Vehicle Defect,No,Simple Injury,Drowned,Uncontrolled,Not Applicable,Two way,Bitumen(Tar),Dry,No influence on accident,Clear,JIGAN BANNERUGHATTA RAOD,RAGIHALLI GATE,200 MT,0.0,0.0,0,0,0.0,0.0
Bengaluru Dist,Bannerghatta PS,1.04421e+16,2018,1,2,Road Accidents,Narrow road,City/Town,Near Bus stop,Human Error,Not Applicable,Simple Injury,Not Applicable,Not Applicable,Others,State Highway,Bitumen(Tar),Dry,Not Applicable,Clear,JANGAL PALYA GATE,NEAR BUS STOP,1 KM,0.0,0.0,0,0,0.0,0.0
Bengaluru Dist,Bannerghatta PS,1.04421e+16,2018,1,2,Road Accidents,Narrow road,Rural Areas,Open area,Human Error,Not Applicable,Simple Injury,Others,Uncontrolled,Others,Village Road,Bitumen(Tar),Dry,Not Applicable,Clear,HULLUHALLI ROAD,HULLUHALLI GATE,100 MT,0.0,0.0,0,0,0.0,0.0
Bengaluru Dist,Bannerghatta PS,1.04421e+16,2018,1,2,Road Accidents,Narrow road,City/Town,Residential area,Road Environment Defect,Not Applicable,Grievous Injury,Others,Not at  Junction,Others,Residential Street,Bitumen(Tar),Dry,Not Applicable,Clear,BENGALURU BANNERUGHATTA ROAD,1 KM,1.5,0.0,0.0,0,0,0.0,0.0
Bengaluru Dist,Bannerghatta PS,1.04421e+16,2018,1,2,Road Accidents,Narrow road,City/Town,Residential area,Human Error,Not Applicable,Simple Injury,Not Applicable,Not at  Junction,Others,One way,Bitumen(Tar),Dry,Not Applicable,Clear,JIGANI BNNERUGHATTA ROAD,RAINBO GARDAN,1 KM,0.0,0.0,0,0,0.0,0.0
Bengaluru Dist,Bannerghatta PS,1.04421e+16,2019,1,1,Road Accidents,Narrow road,Rural Areas,Open area,Human Error,Yes,Simple Injury,Not Applicable,Uncontrolled,Others,State Highway,Bitumen(Tar),Dry,Not Applicable,Clear,JIG,NEAR RAGIUHALLI ROAD,100 MT,12.800088,77.598866,0,0,0.0,0.0
Bengaluru Dist,Bannerghatta PS,1.04421e+16,2019,1,2,Not Applicable,Circle,Rural Areas,Open area,Not Applicable,No,Damage Only,Vehicle to Vehicle,Controlled,Curve,Two way,Bitumen(Tar),Dry,Not Applicable,Fine,KAGALIPURA BANNERGHATTA ROAD NEAR BHUTHANAHALLI,NEAR BHUTHANAHALLI,3 KM,12.805281,77.554694,0,0,0.0,0.0
Bengaluru Dist,Bannerghatta PS,1.04421e+16,2019,1,3,Road Accidents,Narrow road,City/Town,Open area,Human Error,Not Applicable,Damage Only,Others,Uncontrolled,Not Applicable,State Highway,Bitumen(Tar),Dry,Not Applicable,Clear,BANNERUGHATTA ROAD,NEAR FOREST,1 KM,12.82358,77.553955,0,0,0.0,0.0
Bengaluru Dist,Bannerghatta PS,1.04421e+16,2019,1,1,Road Accidents,Cross roads,Rural Areas,Near Bus stop,Vehicle Defect,Yes,Simple Injury,Hit pedestrian,Controlled,Others,Service Road,Concrete,Others,Not Applicable,Clear,KASARAGUPPE,2KM,2KM,12.822749,77.57264,0,1,0.0,1.0
Bengaluru Dist,Bannerghatta PS,1.04421e+16,2019,1,2,Road Accidents,Narrow road,Rural Areas,Near Bus stop,Human Error,No,Damage Only,Others,Controlled,Curve,State Highway,Bitumen(Tar),Dry,Not Applicable,Clear,BANNERUGHATTA - JIGANI ROAD,NEAR BUS STOP,500 MT,12.792489,77.605398,0,0,0.0,0.0
Bengaluru Dist,Bannerghatta PS,1.04421e+16,2019,1,1,Road Accidents,Circle,Rural Areas,Residential area,Human Error,Not Applicable,Simple Injury,Hit pedestrian,Give way sign,Others,Minor District Road,Not Applicable,Others,Engineering Defect of Road,Others,BANNERUGHATTA MAIN ROAD,temple,1km,12.814038,77.576074,4,1,0.0,5.0
Bengaluru Dist,Bannerghatta PS,1.04421e+16,2019,1,2,Road Accidents,Narrow road,Rural Areas,Near School or College,Human Error,Not Applicable,Simple Injury,Vehicle to Vehicle,Uncontrolled,Curve,Two way,Bitumen(Tar),Dry,Drainage Ditch,Clear,BANNERUGHATTA BEMGALURU MAIN ROAD,NERA AMC COLLAGE,200 MT,12.82847,77.589353,4,0,0.0,4.0
Bengaluru Dist,Bannerghatta PS,1.04421e+16,2019,1,2,Road Accidents,Narrow road,Rural Areas,Open area,Human Error,Not Applicable,Simple Injury,Drowned,Uncontrolled,Others,Two way,Bitumen(Tar),Dry,Not Applicable,Clear,NEAR SAKALAVARA CROSS,NEAR KALKERE BUS STOP,200MTR,12.822052,77.570143,0,0,0.0,0.0
Bengaluru Dist,Bannerghatta PS,1.04421e+16,2019,1,2,Not Applicable,Curves,Rural Areas,Open area,Human Error,Not Applicable,Grievous Injury,Vehicle to Vehicle,Controlled,Crest of hill,Others,Bitumen(Tar),Dry,Not Applicable,Fine,JIGANI-BANNERGHATTA ROAD,KOPPA GATE,6 KM,12.799911,77.624921,0,0,0.0,0.0
Bengaluru Dist,Bannerghatta PS,1.04421e+16,2019,1,1,Road Accidents,Narrow road,Rural Areas,Open area,Human Error,No,Grievous Injury,Not Applicable,Uncontrolled,Others,Two way,Bitumen(Tar),Dry,Not Applicable,Clear,JIGANI BANNERUGHATTA ROAD,NEAR MANTAPA GATE,100MTR,12.806119,77.593504,0,0,0.0,0.0
Bengaluru Dist,Bannerghatta PS,1.04421e+16,2019,1,1,Road Accidents,Circle,Rural Areas,Open area,Human Error,Not Applicable,Simple Injury,Hit pedestrian,Uncontrolled,Others,State Highway,Bitumen(Tar),Dry,Not Applicable,Clear,JIGANI BANNERUGHATTA MAIN ROAD,NEAR MANTAPA BUS STOP,1,12.807347,77.597006,0,0,0.0,0.0
Bengaluru Dist,Bannerghatta PS,1.04421e+16,2019,1,20,Road Accidents,Narrow road,City/Town,Open area,Vehicle Defect,Yes,Simple Injury,Vehicle to Vehicle,Uncontrolled,Others,State Highway,Bitumen(Tar),Dry,Not Applicable,Clear,BANNERUGHATTA ROAD,1,500 MT,12.816951,77.58224,0,0,0.0,0.0
Bengaluru Dist,Bannerghatta PS,1.04421e+16,2019,1,2,Road Accidents,Circle,Rural Areas,Near Bus stop,Vehicle Defect,Yes,Fatal,Vehicle to Vehicle,Controlled,Curve,Two way,Bitumen(Tar),Others,Engineering Defect of Road,Clear,SAKALAVARA ROAD,SAKALVARA ROAD,3KM,12.835189,77.589193,4,1,0.0,5.0
Bengaluru Dist,Bannerghatta PS,1.04421e+16,2019,1,2,Road Accidents,Cross roads,Rural Areas,Near Bus stop,Vehicle Defect,Yes,Grievous Injury,Vehicle to Vehicle,Not Applicable,Others,Forest Road,Not Applicable,Others,Engineering Defect of Road,Others,BANNERGHATTA ROAD,1,1KM,12.823699,77.58578,4,1,0.0,5.0
Bengaluru Dist,Bannerghatta PS,1.04421e+16,2019,1,2,Road Accidents,Junction,Rural Areas,Open area,Not Applicable,Yes,Grievous Injury,Vehicle to Vehicle,Controlled,Not Applicable,Others,Bitumen(Tar),Dry,Not Applicable,Fine,RAGIHALLI ROAD,RAGIHALLI ROAD NEAR PYANTESTION JUNCTION,10 KM,12.800085,77.5992099,0,0,0.0,0.0
Bengaluru Dist,Bannerghatta PS,1.04421e+16,2019,1,1,Road Accidents,Narrow road,Rural Areas,Open area,Human Error,Not Applicable,Simple Injury,Not Applicable,Uncontrolled,Curve,State Highway,Bitumen(Tar),Dry,Not Applicable,Clear,RAGIHALLI ROAD,RAGIHALLI GATE,300 MT,12.800081,77.598923,0,0,0.0,0.0
Bengaluru Dist,Bannerghatta PS,1.04421e+16,2019,1,1,Road Accidents,Narrow road,Rural Areas,Open area,Human Error,Not Applicable,Damage Only,Side swipe,Controlled,Curve,Others,Bitumen(Tar),Dry,Not Applicable,Clear,CK PALYA HULLUHALLI ROAD,NEAR LADU PACTORY,400 MT,12.833535,77.5863189,0,0,0.0,0.0
Bengaluru Dist,Bannerghatta PS,1.04421e+16,2019,1,2,Road Accidents,Other,Rural Areas,Narrow bridge or culverts,Human Error,Not Applicable,Damage Only,Hit and Run,Uncontrolled,Curve,Two way,Bitumen(Tar),Dry,Not Applicable,Clear,shcool campus,near candor shcool,200 mt,12.817001,77.578264,0,0,0.0,0.0
Bengaluru Dist,Bannerghatta PS,1.04421e+16,2019,1,1,Road Accidents,Narrow road,Rural Areas,Near Bus stop,Human Error,Yes,Simple Injury,Hit bicyclist,Uncontrolled,Others,One way,Bitumen(Tar),Dry,Not Applicable,Clear,BANNERUGHATTA JIGANI ROAD,NEAR BUS STOP,200 MT,12.809597,77.591121,0,0,0.0,0.0
Bengaluru Dist,Bannerghatta PS,1.04421e+16,2019,1,1,Road Accidents,Curves,Rural Areas,Open area,Vehicle Defect,Not Applicable,Simple Injury,Hit pedestrian,Uncontrolled,Crest of hill,Forest Road,Bitumen(Tar),Dry,Not Applicable,Clear,BANNERUGHATTA NATIONAL PARK,FOREST,400 MT,12.797924,77.577166,0,0,0.0,0.0
Bengaluru Dist,Bannerghatta PS,1.04421e+16,2019,1,1,Road Accidents,Cross roads,Rural Areas,Near a factory industrial area,Human Error,Yes,Not Applicable,Not Applicable,Not Applicable,Curve,One way,Bitumen(Tar),Dry,Not Applicable,Fine,JIGANI - BANNERGHATTA ROAD,JANGALPALYA,3 KM,12.830988,77.611434,0,0,0.0,0.0
Bengaluru Dist,Bannerghatta PS,1.04421e+16,2019,1,2,Road Accidents,Narrow road,Rural Areas,Near Bus stop,Human Error,Yes,Simple Injury,Vehicle to Vehicle,Uncontrolled,Curve,One way,Bitumen(Tar),Dry,Not Applicable,Clear,BANNERUGHATTA JIGANI ROAD,MD LAYOUT TIRUVU,100 MT,12.807948,77.590429,0,0,0.0,0.0
Bengaluru Dist,Bannerghatta PS,1.04421e+16,2019,1,1,Road Accidents,Narrow road,Rural Areas,Open area,Vehicle Defect,Not Applicable,Simple Injury,Hit pedestrian,Uncontrolled,Others,State Highway,Bitumen(Tar),Dry,Not Applicable,Clear,BANNERUGHATTA MAIN ROAD,2,200 MT,12.833566,77.586887,0,0,0.0,0.0
Bengaluru Dist,Bannerghatta PS,1.04421e+16,2019,1,2,Road Accidents,Narrow road,City/Town,Near Bus stop,Human Error,No,Simple Injury,Vehicle to Vehicle,Uncontrolled,Curve,One way,Bitumen(Tar),Dry,Not Applicable,Clear,BANNERUGHATTA CIRCLE,NEAR BUS STOP,100 MT,12.844848,77.59885,0,0,0.0,0.0
Bengaluru Dist,Bannerghatta PS,1.04421e+16,2019,1,1,Road Accidents,Narrow road,Rural Areas,Open area,Human Error,No,Simple Injury,Not Applicable,Uncontrolled,Others,Two way,Bitumen(Tar),Dry,Not Applicable,Clear,ANJANEY TEMPLE ROAD SAMPIGEHALLI VILLAGE,NERA ANJENEY TEMPLE,300MTR,12.797714,77.583559,0,0,0.0,0.0
Bengaluru Dist,Bannerghatta PS,1.04421e+16,2019,1,2,Road Accidents,Cross roads,Rural Areas,Near or inside a village,Not Applicable,No,Damage Only,Vehicle to Vehicle,Controlled,Not Applicable,State Highway,Bitumen(Tar),Dry,No influence on accident,Fine,BANNERGHATTA JIGANI ROAD,SRINIVASH CEMENT SHOP,1.5 KM,12.808928,77.592268,0,0,0.0,0.0
Bengaluru Dist,Bannerghatta PS,1.04421e+16,2019,1,2,Road Accidents,Curves,Rural Areas,Open area,Human Error,No,Grievous Injury,Vehicle to Vehicle,Controlled,Curve,Two way,Bitumen(Tar),Dry,Not Applicable,Clear,JIGANI-BANNERGHATTA ROAD RAGIHALLI CROSS,RAGIHALLI CROSS,4 KM,12.797417,77.60634,0,0,0.0,0.0
Bengaluru Dist,Bannerghatta PS,1.04421e+16,2019,1,1,Road Accidents,Cross roads,Rural Areas,Near Bus stop,Vehicle Defect,Yes,Damage Only,Hit pedestrian,Uncontrolled,Others,Service Road,Not Applicable,Others,No influence on accident,Clear,MALENALSANDRA,NEAR MALENALSANDRA,4KM,12.805531,77.558418,0,1,0.0,1.0
Bengaluru Dist,Bannerghatta PS,1.04421e+16,2019,1,2,Road Accidents,Narrow road,Rural Areas,Open area,Human Error,No,Simple Injury,Vehicle to Vehicle,Uncontrolled,Others,State Highway,Bitumen(Tar),Dry,Not Applicable,Clear,BNANERUGHATTA NARTIONAL PARK ROAD,FRONT OF GANESH HOME,100 MT,12.811031,77.578701,0,0,0.0,0.0
Bengaluru Dist,Bannerghatta PS,1.04421e+16,2019,1,2,Road Accidents,Narrow road,Rural Areas,Open area,Human Error,Yes,Simple Injury,Vehicle to Vehicle,Stop Sign,Curve,State Highway,Bitumen(Tar),Dry,Not Applicable,Clear,KULUMEPALYA,KULUME PALYA BUS STOP,200 MT,12.832835,77.554563,0,0,0.0,0.0
Bengaluru Dist,Bannerghatta PS,1.04421e+16,2019,1,1,Road Accidents,Narrow road,Rural Areas,Open area,Vehicle Defect,Not Applicable,Damage Only,Hit pedestrian,Uncontrolled,Hump,State Highway,Bitumen(Tar),Dry,Not Applicable,Clear,BANNERUGHATTA KAGGALIPURA ROAD,BYALADAMARADADODDI CROSS,200 MT,12.803907,77.542758,0,0,0.0,0.0
Bengaluru Dist,Bannerghatta PS,1.04421e+16,2019,1,2,Road Accidents,Narrow road,Rural Areas,Open area,Human Error,Not Applicable,Simple Injury,Drowned,Uncontrolled,Others,Two way,Bitumen(Tar),Dry,Not Applicable,Clear,bannerughatta road,maruthi shoroom,0.5 km,12.816218,77.586932,0,0,0.0,0.0
Bengaluru Dist,Bannerghatta PS,1.04421e+16,2019,1,2,Road Accidents,Narrow road,Rural Areas,Open area,Human Error,Yes,Simple Injury,Vehicle to Vehicle,Uncontrolled,Others,Two way,Bitumen(Tar),Dry,Not Applicable,Clear,JIGANI - BANNERGHATTA ROAD,GAJANAND STONES,100 MT,12.795714,77.604632,0,0,0.0,0.0
Bengaluru Dist,Bannerghatta PS,1.04421e+16,2019,1,1,Road Accidents,Narrow road,Rural Areas,Near Bus stop,Human Error,Yes,Fatal,Vehicle to Vehicle,Give way sign,Not Applicable,Two way,Bitumen(Tar),Not Applicable,No influence on accident,Fine,BANGALOE TO BANNERUGHATTA ROAD,AMC COLLAGE,3,12.82873,77.587155,0,0,0.0,0.0
Bengaluru Dist,Bannerghatta PS,1.04421e+16,2019,1,1,Road Accidents,Narrow road,Rural Areas,Residential area,Human Error,Not Applicable,Fatal,Hit pedestrian,No signal lights,Not Applicable,One way,Bitumen(Tar),Dry,Not Applicable,Others,BANGALORE TO BANNERUGHATTA ROAD,BANNERUGHATTA ROAD,1,12.812328,77.579412,0,0,0.0,0.0
Bengaluru Dist,Bannerghatta PS,1.04421e+16,2019,1,2,Road Accidents,Narrow road,Rural Areas,Open area,Human Error,Not Applicable,Damage Only,Vehicle to Vehicle,Uncontrolled,Curve,State Highway,Bitumen(Tar),Dry,Not Applicable,Clear,BANNERUGHATTA ROAD,NEAR JELLIMISSION BUS STOP,200MTR,12.824615,77.586666,0,0,0.0,0.0