DISTRICTNAME,UNITNAME,Crime_No,Year,RI,Noofvehicle_involved,Accident_Classification,Accident_Spot,Accident_Location,Accident_SubLocation,Main_Cause,Hit_Run,Severity,Collision_Type,Junction_Control,Road_Character,Road_Type,Surface_Type,Surface_Condition,Road_Condition,Weather,Accident_Road,Landmark_first,Distance_LandMark_First,Latitude,Longitude,Road_Condition_Score,Surface_Condition_Score,Surface_Type_Score,Road_Risk_Index
Bengaluru Dist,Bannerghatta PS,1.04421e+16,2022,1,1,Road Accidents,Narrow road,Rural Areas,Residential area,Not Applicable,Not Applicable,Grievous Injury,Not Applicable,Not Applicable,Not Applicable,Others,Not Applicable,Not Applicable,Not Applicable,Fine,Hullahalli Gate,tar,6 k.m.,12.825624,77.623102,0,0,0.0,0.0
Bengaluru Dist,Bannerghatta PS,1.04421e+16,2022,1,2,Road Accidents,Narrow road,Rural Areas,Residential area,Not Applicable,Not Applicable,Simple Injury,Vehicle to Vehicle,Not Applicable,Not Applicable,Others,Not Applicable,Not Applicable,Not Applicable,Fine,Harapanahalli Beguru Road,tar,6 k.m.,12.837923,77.642744,0,0,0.0,0.0
Bengaluru Dist,Bannerghatta PS,1.04421e+16,2022,1,2,Road Accidents,Not Applicable,Rural Areas,Residential area,Not Applicable,Yes,Grievous Injury,Vehicle to Vehicle,Not Applicable,Not Applicable,State Highway,Not Applicable,Not Applicable,Not Applicable,Fine,Jigani-Banneragatta Main Road,Tar,4 k.m,0.0,0.0,0,0,0.0,0.0
Bengaluru Dist,Bannerghatta PS,1.04421e+16,2022,1,1,Road Accidents,Circle,Rural Areas,Near Bus stop,Not Applicable,No,Grievous Injury,Not Applicable,Not Applicable,Not Applicable,Residential Street,Not Applicable,Not Applicable,Not Applicable,Fine,Baneeragatta Jigani Road Banneragatta Circle,tar,100 ft,12.802031,77.599597,0,0,0.0,0.0
Bengaluru Dist,Bannerghatta PS,1.04421e+16,2022,1,1,Not Applicable,Cross roads,Rural Areas,At pedestrian Crossing,Not Applicable,No,Grievous Injury,Hit pedestrian,No signal lights,Not Applicable,State Highway,Bitumen(Tar),Dry,Not Applicable,Fine,87,RAGIHALLI GATE,1 K.M,12.808771,77.589804,0,0,0.0,0.0
Bengaluru Dist,Bannerghatta PS,1.04421e+16,2022,1,2,Road Accidents,Curves,Rural Areas,Near a religious place,Not Applicable,Not Applicable,Simple Injury,Vehicle to Vehicle,Uncontrolled,Curve,State Highway,Bitumen(Tar),Dry,Not Applicable,Clear,BANNERGHATTA JIGANI MAIN ROAD,NEAR OMSHAKTI TEMPLE,5KMS,12.809665,77.591639,0,0,0.0,0.0
Bengaluru Dist,Bannerghatta PS,1.04421e+16,2022,1,1,Road Accidents,Not Applicable,Rural Areas,Open area,Not Applicable,No,Damage Only,Not Applicable,Not Applicable,Not Applicable,Others,Not Applicable,Others,Not Applicable,Fine,Ragihalli Mud Road,Mud,6 k.m.,12.82412,77.60428,0,1,0.0,1.0
Bengaluru Dist,Bannerghatta PS,1.04421e+16,2022,1,2,Road Accidents,Not Applicable,Rural Areas,Open area,Human Error,Not Applicable,Simple Injury,Vehicle to Vehicle,Not at  Junction,Others,State Highway,Bitumen(Tar),Others,Not Applicable,Clear,NEAR KOLI FARM GATE KALKERE VILLAGE,KALKERE FOREST GATE,4KMS,12.832943,77.589428,0,1,0.0,1.0
Bengaluru Dist,Bannerghatta PS,1.04421e+16,2022,1,1,Road Accidents,Narrow road,Rural Areas,Residential area,Not Applicable,Not Applicable,Fatal,Not Applicable,Not Applicable,Not Applicable,Others,Not Applicable,Others,Not Applicable,Fine,Koppa Beguru Road,tar,6 k.m.,12.83241,77.640612,0,1,0.0,1.0
Bengaluru Dist,Bannerghatta PS,1.04421e+16,2022,1,2,Road Accidents,Narrow road,Rural Areas,Residential area,Not Applicable,Not Applicable,Simple Injury,Not Applicable,Not Applicable,Not Applicable,State Highway,Not Applicable,Not Applicable,Not Applicable,Fine,Banneragatta Bengaluru Road,tar,1 k.m.,12.806619,77.539704,0,0,0.0,0.0
Bengaluru Dist,Bannerghatta PS,1.04421e+16,2022,1,2,Road Accidents,Cross roads,Rural Areas,Residential area,Not Applicable,Not Applicable,Not Applicable,Not Applicable,Not Applicable,Not Applicable,Others,Not Applicable,Not Applicable,Not Applicable,Fine,Kaggalipuar Banneragatta Main Tar Road,tar,6 k.m.,12.805815,77.543843,0,0,0.0,0.0
Bengaluru Dist,Bannerghatta PS,1.04421e+16,2022,1,2,Road Accidents,Cross roads,Rural Areas,Residential area,Human Error,Not Applicable,Grievous Injury,Vehicle to Vehicle,Not Applicable,Curve,State Highway,Bitumen(Tar),Others,Not Applicable,Clear,BANNERGHATTA JIGANI MAIN ROAD NEAR JAYARAM LAYOUT CROSS,BANNERGHATTA JIGANI MAIN ROAD,2 KMS,12.81477,77.582793,0,1,0.0,1.0
Bengaluru Dist,Bannerghatta PS,1.04421e+16,2022,1,2,Road Accidents,Cross roads,Rural Areas,Near School or College,Human Error,Not Applicable,Grievous Injury,Vehicle to Vehicle,Uncontrolled,Others,State Highway,Bitumen(Tar),Dry,Not Applicable,Fine,BANNERGHATTA BENGALURU MAIN ROAD,NEAR AMC ENGINEERING COLLEGE,4KMS,12.828717,77.5873089,0,0,0.0,0.0
Bengaluru Dist,Bannerghatta PS,1.04421e+16,2022,1,2,Road Accidents,Circle,Rural Areas,Residential area,Not Applicable,Not Applicable,Grievous Injury,Not Applicable,Not Applicable,Not Applicable,Others,Not Applicable,Others,Not Applicable,Fine,Hullahalli Gate,tar,6 k.m.,12.827248,77.623203,0,1,0.0,1.0
Bengaluru Dist,Bannerghatta PS,1.04421e+16,2022,1,1,Road Accidents,Not Applicable,Rural Areas,Near or inside a village,Not Applicable,Not Applicable,Fatal,Not Applicable,Not Applicable,Not Applicable,Others,Not Applicable,Not Applicable,Not Applicable,Fine,Hullahalli Chinnayanapalya Lake,Mud,5 k.m,12.832252,77.616124,0,0,0.0,0.0
Bengaluru Dist,Bannerghatta PS,1.04421e+16,2022,1,2,Road Accidents,Narrow road,Rural Areas,Near School or College,Human Error,No,Grievous Injury,Vehicle to Vehicle,Not at  Junction,Not Applicable,State Highway,Surfaced,Dry,Not Applicable,Fine,BANNERGHATTA ROAD,ST JOSEPH CHURCH,3 KM,12.829321,77.587557,0,0,,
Bengaluru Dist,Bannerghatta PS,1.04421e+16,2022,1,2,Road Accidents,Junction,Rural Areas,Near Bus stop,Human Error,No,Simple Injury,Vehicle to Vehicle,Uncontrolled,Straight and flat,One way,Surfaced,Dry,Not Applicable,Others,STATE HIGHWAY,MANTAPA GATE,3 KM,0.0,0.0,0,0,,
Bengaluru Dist,Bannerghatta PS,1.04421e+16,2022,1,1,Not Applicable,Not Applicable,Rural Areas,Open area,Not Applicable,No,Grievous Injury,Not Applicable,Uncontrolled,Not Applicable,State Highway,Not Applicable,Dry,Not Applicable,Fine,87,FORREST GATE,2 K M,12.821545,77.575618,0,0,0.0,0.0
Bengaluru Dist,Bannerghatta PS,1.04421e+16,2022,1,1,Road Accidents,Narrow road,Rural Areas,Residential area,Not Applicable,No,Grievous Injury,Not Applicable,Uncontrolled,Not Applicable,State Highway,Not Applicable,Others,Not Applicable,Fine,Jigani-Banneragatta Main Road,Tar,2 k.m,0.0,0.0,0,1,0.0,1.0
Bengaluru Dist,Bannerghatta PS,1.04421e+16,2022,1,2,Road Accidents,Narrow road,Rural Areas,Near or inside a village,Human Error,No,Damage Only,Vehicle to Vehicle,Uncontrolled,Straight and flat,State Highway,Bitumen(Tar),Flooded,Not Applicable,Fine,STATE HIGHWAY,infront of hruthik automobiles shop,1km,12.851242,77.247514,0,5,0.0,5.0
Bengaluru Dist,Bannerghatta PS,1.04421e+16,2022,1,2,Road Accidents,Narrow road,Rural Areas,Open area,Not Applicable,No,Fatal,Vehicle to Vehicle,Not Applicable,Others,One way,Bitumen(Tar),Dry,Not Applicable,Fine,Bannerughatta Jigani Road,Clasic Tails Store,20 Fet,12.813119,77.578251,0,0,0.0,0.0
Bengaluru Dist,Bannerghatta PS,1.04421e+16,2023,1,1,Road Accidents,Narrow road,Rural Areas,Residential area,Not Applicable,Not Applicable,Fatal,Not Applicable,Not Applicable,Not Applicable,One way,Not Applicable,Not Applicable,Not Applicable,Fine,Bengaluru Banneragatta Road,tar,2 k.m,12.809781,77.590964,0,0,0.0,0.0
Bengaluru Dist,Bannerghatta PS,1.04421e+16,2023,1,2,Road Accidents,Road hump or Rumble strips,Rural Areas,Residential area,Human Error,No,Grievous Injury,Vehicle to Vehicle,Controlled,Others,Two way,Surfaced,Dry,Not Applicable,Cloudy,BANNERGHATTA ROAD,BUS STOP,2 KM,12.825499,77.58627,0,0,,
Bengaluru Dist,Bannerghatta PS,1.04421e+16,2023,1,2,Road Accidents,Junction,Rural Areas,Near Bus stop,Human Error,Yes,Grievous Injury,Vehicle to Vehicle,Uncontrolled,Straight and flat,Two way,Surfaced,Dry,Not Applicable,Fine,STATE HIGHWAY,KALKERE CROSS,2 KM,12.832788,77.589138,0,0,,
Bengaluru Dist,Bannerghatta PS,1.04421e+16,2023,1,1,Road Accidents,Cross roads,Rural Areas,Open area,Not Applicable,Not Applicable,Fatal,Not Applicable,Uncontrolled,Not Applicable,Others,Not Applicable,Not Applicable,Not Applicable,Fine,Banneragatta Kaggalipur Main Road,Tar,5 k.m.,0.0,0.0,0,0,0.0,0.0
Bengaluru Dist,Bannerghatta PS,1.04421e+16,2023,1,2,Road Accidents,Cross roads,Rural Areas,Residential area,Not Applicable,No,Fatal,Vehicle to Vehicle,Not Applicable,Slight Curve,Residential Street,Not Applicable,Not Applicable,Not Applicable,Fine,Hullahalli Village,Tar,6 k.m,0.0,0.0,0,0,0.0,0.0
Bengaluru Dist,Bannerghatta PS,1.04421e+16,2023,1,1,Road Accidents,Not Applicable,Rural Areas,Open area,Human Error,No,Simple Injury,Hit pedestrian,Not Applicable,Not Applicable,State Highway,Bitumen(Tar),Dry,Not Applicable,Clear,BANNERGHATTA JIGANI MAIN ROAD,NEAR INDIAN MOVEMENT PARTY,5KMS,12.800622,77.597175,0,0,0.0,0.0
Bengaluru Dist,Bannerghatta PS,1.04421e+16,2023,1,1,Road Accidents,Curves,Rural Areas,Open area,Human Error,Not Applicable,Simple Injury,Not Applicable,Uncontrolled,Incline,State Highway,Bitumen(Tar),Dry,Not Applicable,Clear,BANGALURU BANNERGHATTA MAIN ROAD,JELLYMISSION VILLAGE,3KMS,12.492221,77.357174,0,0,0.0,0.0
Bengaluru Dist,Bannerghatta PS,1.04421e+16,2023,1,1,Road Accidents,Narrow road,Rural Areas,In bazaar,Not Applicable,Not Applicable,Fatal,Hit pedestrian,Uncontrolled,Not Applicable,State Highway,Not Applicable,Not Applicable,Not Applicable,Fine,Beguru - Koppa Main Road Hullahalli Gate,Tar,6 k.m.,12.831171,77.624263,0,0,0.0,0.0
Bengaluru Dist,Bannerghatta PS,1.04421e+16,2023,1,1,Road Accidents,Narrow road,Rural Areas,Residential area,Human Error,Yes,Grievous Injury,Hit pedestrian,Not Applicable,Others,State Highway,Bitumen(Tar),Dry,Not Applicable,Clear,BANNERGHATTA BANGALURU ROAD,NEAR NATURE LUXURY,2KMS,12.820139,77.583642,0,0,0.0,0.0
Bengaluru Dist,Bannerghatta PS,1.04421e+16,2023,1,1,Road Accidents,Circle,Rural Areas,Near Bus stop,Human Error,No,Grievous Injury,Not Applicable,Uncontrolled,Straight and flat,State Highway,Bitumen(Tar),Dry,Not Applicable,Clear,BANNERGHATTA ROAD,BEGIHALLI GATE,4KM,12.797913,77.610851,0,0,0.0,0.0
Bengaluru Dist,Bannerghatta PS,1.04421e+16,2023,1,1,Road Accidents,Narrow road,Rural Areas,Residential area,Not Applicable,Not Applicable,Fatal,Not Applicable,Uncontrolled,Straight and flat,State Highway,Not Applicable,Others,Not Applicable,Fine,Banneragatta Bengaluru Main Road,Tar,2 k.m,12.828906,77.587416,0,1,0.0,1.0
Bengaluru Dist,Bannerghatta PS,1.04421e+16,2023,1,2,Road Accidents,Curves,Rural Areas,Open area,Human Error,No,Grievous Injury,Vehicle to Vehicle,Uncontrolled,Slight Curve,Two way,Bitumen(Tar),Others,Not Applicable,Fine,BANNRGHATTA KAGGALIPURA ROAD,NEAR CRPF DOG BREEDING CENTER,7KM,12.814495,77.565988,0,1,0.0,1.0
Bengaluru Dist,Bannerghatta PS,1.04421e+16,2023,1,2,Road Accidents,Narrow road,Rural Areas,Open area,Human Error,No,Grievous Injury,Vehicle to Vehicle,Controlled,Straight and flat,One way,Bitumen(Tar),Dry,Not Applicable,Clear,SH 87,MAKRAN GRANITE FACTORY NEAR,2 KM,0.0,0.0,0,0,0.0,0.0
Bengaluru Dist,Bannerghatta PS,1.04421e+16,2023,1,1,Road Accidents,Narrow road,Rural Areas,Near Bus stop,Human Error,No,Grievous Injury,Not Applicable,Not Applicable,Others,State Highway,Bitumen(Tar),Dry,Not Applicable,Clear,MANTAP CROSS,JIGANI BANNERGHATTA MAIN ROAD,3KMS,12.802264,77.596762,0,0,0.0,0.0
Bengaluru Dist,Bannerghatta PS,1.04421e+16,2023,1,1,Road Accidents,Narrow road,Rural Areas,Residential area,Human Error,Yes,Grievous Injury,Hit pedestrian,Not Applicable,Others,State Highway,Bitumen(Tar),Dry,Not Applicable,Clear,BANNERGHATTA BANGALURU MAIN ROAD,NEAR ANANDASABHAGRAHA KALYAN MANTAP,500MTR,12.818163,77.584156,0,0,0.0,0.0
Bengaluru Dist,Bannerghatta PS,1.04421e+16,2023,1,2,Road Accidents,Narrow road,Rural Areas,Near Petrol Pump,Human Error,No,Grievous Injury,Vehicle to Vehicle,Controlled,Straight and flat,One way,Bitumen(Tar),Dry,Not Applicable,Others,BANNERGHATTA ROAD,NEAR HP PETROL BUNK,1 KM,12.811083,77.585875,0,0,0.0,0.0
Bengaluru Dist,Bannerghatta PS,1.04421e+16,2023,1,1,Road Accidents,Circle,Rural Areas,Near Bus stop,Human Error,Yes,Grievous Injury,Hit pedestrian,Uncontrolled,Straight and flat,State Highway,Surfaced,Others,Not Applicable,Others,BANNERGHATTA ROAD,MANTAPA GATE,2 KM,12.800251,77.598988,0,1,,
Bengaluru Dist,Bannerghatta PS,1.04421e+16,2023,1,2,Road Accidents,Narrow road,Rural Areas,Open area,Human Error,No,Grievous Injury,Vehicle to Vehicle,Uncontrolled,Straight and flat,Forest Road,Bitumen(Tar),Dry,Not Applicable,Clear,RAGIHALLI ROAD,NEAR FOREST GATE,8KMS,12.749522,77.576254,0,0,0.0,0.0
Bengaluru Dist,Bannerghatta PS,1.04421e+16,2023,1,2,Road Accidents,Cross roads,Rural Areas,Open area,Human Error,No,Simple Injury,Vehicle to Vehicle,Controlled,Straight and flat,Two way,Surfaced,Dry,Not Applicable,Fine,BANNRGHATTA KAGGALIPURA ROAD,NEAR CRPF GATE,5 KM,12.800771,77.539913,0,0,,
Bengaluru Dist,Bannerghatta PS,1.04421e+16,2023,1,2,Road Accidents,Curves,Rural Areas,Residential area,Not Applicable,No,Fatal,Vehicle to Vehicle,Uncontrolled,Curve,Others,Bitumen(Tar),Not Applicable,Not Applicable,Fine,Banneragatta Kaggalipur Main Road,Tar,6 k.m.,0.0,0.0,0,0,0.0,0.0
Bengaluru Dist,Bannerghatta PS,1.04421e+16,2023,1,2,Road Accidents,Narrow road,Rural Areas,Residential area,Not Applicable,Not Applicable,Fatal,Vehicle to Vehicle,Uncontrolled,Not Applicable,State Highway,Not Applicable,Not Applicable,Not Applicable,Fine,Banneragatta Jigani Road,Tar,5 k.m.,12.800214,77.598925,0,0,0.0,0.0
Bengaluru Dist,Bannerghatta PS,1.04421e+16,2023,1,2,Road Accidents,Junction,Rural Areas,Near or inside a village,Human Error,No,Simple Injury,Vehicle to Vehicle,Not Applicable,Others,State Highway,Bitumen(Tar),Dry,Not Applicable,Clear,BANNERGHATTA BANGALURU MAIN ROAD,BANNERGHATTA BANGALURU MAIN ROAD,2KMS,12.824776,77.585881,0,0,0.0,0.0
Bengaluru Dist,Bannerghatta PS,1.04421e+16,2023,1,2,Road Accidents,Junction,Rural Areas,Near Bus stop,Human Error,No,Grievous Injury,Vehicle to Vehicle,Controlled,Straight and flat,State Highway,Bitumen(Tar),Dry,Not Applicable,Clear,KALKERE CROSS,KALKERE CROSS,3 KM,12.832612,77.589078,0,0,0.0,0.0
Bengaluru Dist,Bannerghatta PS,1.04421e+16,2023,1,2,Road Accidents,Road hump or Rumble strips,Rural Areas,Near School or College,Human Error,No,Simple Injury,Vehicle to Vehicle,Controlled,Straight and flat,Two way,Bitumen(Tar),Dry,Not Applicable,Fine,KOPPA BEGUR ROAD,NEAR CHRIST ACADAMY COLLAGE,5 km,12.789886,77.604703,0,0,0.0,0.0
Bengaluru Dist,Bannerghatta PS,1.04421e+16,2023,1,1,Road Accidents,Circle,Rural Areas,Near Bus stop,Human Error,No,Grievous Injury,Hit pedestrian,Controlled,Straight and flat,Two way,Surfaced,Dry,Not Applicable,Fine,BANNERGHATTA ROAD,JANGALPALYA GATE,2 KM,12.808356,77.590444,0,0,,
Bengaluru Dist,Bannerghatta PS,1.04421e+16,2023,1,2,Road Accidents,Narrow road,Rural Areas,Near or inside a village,Human Error,No,Damage Only,Vehicle to Vehicle,Controlled,Straight and flat,Others,Surfaced,Others,Not Applicable,Fine,LAY OUT RAOD,NEAR SCHOOL OF INDIA,1 KM,12.813989,77.587207,0,1,,
Bengaluru Dist,Bannerghatta PS,1.04421e+16,2023,1,2,Road Accidents,Not Applicable,Rural Areas,Open area,Not Applicable,Yes,Fatal,Vehicle to Vehicle,Uncontrolled,Straight and flat,Two way,Surfaced,Dry,Not Applicable,Fine,KULUME PALYA ROAD,KULUME PALYA ROAD,5 KM,12.830949,77.552563,0,0,,
Bengaluru Dist,Bannerghatta PS,1.04421e+16,2023,1,2,Road Accidents,Narrow road,Rural Areas,Residential area,Not Applicable,No,Grievous Injury,Vehicle to Vehicle,Uncontrolled,Not Applicable,Residential Street,Not Applicable,Not Applicable,Not Applicable,Fine,Banneragatta Jigani Road,Tar,5 k m,12.802418,77.596865,0,0,0.0,0.0
Bengaluru Dist,Bannerghatta PS,1.04421e+16,2023,1,2,Road Accidents,Narrow road,Rural Areas,Near Bus stop,Human Error,Yes,Grievous Injury,Hit pedestrian,Uncontrolled,Straight and flat,Two way,Bitumen(Tar),Dry,Not Applicable,Cloudy,BANNERGHATTA ROAD,BEGIHALLI GATE,3 KM,12.79793,77.603828,0,0,0.0,0.0
Bengaluru Dist,Bannerghatta PS,1.04421e+16,2023,1,2,Road Accidents,Curves,Rural Areas,Open area,Not Applicable,Not Applicable,Simple Injury,Vehicle to Vehicle,Not Applicable,Curve,Others,Bitumen(Tar),Others,Not Applicable,Clear,KAGGALIPUR BANNERGHATTA MAIN ROAD HAKKIPIKKI COLONY CROSS,KAGGALIPUR BANNERGHATTA MAIN ROAD,6KMS,12.824201,77.542421,0,1,0.0,1.0
Bengaluru Dist,Bannerghatta PS,1.04421e+16,2023,1,1,Road Accidents,Narrow road,Rural Areas,At pedestrian Crossing,Not Applicable,Not Applicable,Grievous Injury,Hit pedestrian,Not Applicable,Not Applicable,State Highway,Not Applicable,Not Applicable,Not Applicable,Fine,Banneragatta Jigani Road,Tar,3,0.0,0.0,0,0,0.0,0.0
Bengaluru Dist,Bannerghatta PS,1.04421e+16,2023,1,2,Road Accidents,Cross roads,Rural Areas,Residential area,Not Applicable,Yes,Fatal,Vehicle to Vehicle,Not Applicable,Curve,State Highway,Not Applicable,Not Applicable,Not Applicable,Fine,Banneragatta Kaggalipur Main Road,Tar,5 k m,0.0,0.0,0,0,0.0,0.0
Bengaluru Dist,Bannerghatta PS,1.04421e+16,2023,1,2,Road Accidents,Narrow road,Rural Areas,Near Bus stop,Human Error,Not Applicable,Not Applicable,Vehicle to Vehicle,Not at  Junction,Others,State Highway,Bitumen(Tar),Dry,Not Applicable,Clear,BANGALURU BANNERGHATTA MAIN ROAD,BANNERGHATTA BANGALURU MAIN ROAD,3KMS,0.0,0.0,0,0,0.0,0.0
Bengaluru Dist,Bannerghatta PS,1.04421e+16,2023,1,1,Road Accidents,Narrow road,Rural Areas,Open area,Human Error,No,Grievous Injury,Hit pedestrian,Not Applicable,Others,Others,Bitumen(Tar),Dry,Not Applicable,Clear,NATIONAL PARK ROAD SAMPIGEHALLI VILLAGE,NEAR NANDINI MILK DAIRY,2KMS,12.811093,77.578467,0,0,0.0,0.0
Bengaluru Dist,Bannerghatta PS,1.04421e+16,2023,1,2,Road Accidents,Circle,Rural Areas,Near Bus stop,Human Error,Not Applicable,Damage Only,Vehicle to Vehicle,Uncontrolled,Others,State Highway,Bitumen(Tar),Others,Not Applicable,Clear,BANNERGHATTA JIGANI MAIN ROAD NEAR RAGIHALLI GATE,NEAR RAGIHALLI GATE,3KMS,0.0,0.0,0,1,0.0,1.0
Bengaluru Dist,Bannerghatta PS,1.04421e+16,2023,1,1,Road Accidents,Narrow road,Rural Areas,Residential area,Human Error,Not Applicable,Simple Injury,Not Applicable,Not at  Junction,Others,Others,Bitumen(Tar),Dry,Not Applicable,Clear,"Hullahalli-S Bingipura Road, near Visthara Convention Hall, Hullahalli",Near Visthara Convention Hall Hullahalli,7KM,12.825742,77.623967,0,0,0.0,0.0
Bengaluru Dist,Bannerghatta PS,1.04421e+16,2023,1,2,Road Accidents,Cross roads,Rural Areas,Open area,Human Error,Not Applicable,Not Applicable,Vehicle to Vehicle,Not at  Junction,Others,State Highway,Bitumen(Tar),Dry,Not Applicable,Clear,BANNERGHATTA BANGALURU MAIN ROAD,NEAR NATURE LUXURY,2KMS,12.822162,77.585252,0,0,0.0,0.0
Bengaluru Dist,Bannerghatta PS,1.04421e+16,2023,1,2,Road Accidents,Narrow road,Rural Areas,Residential area,Not Applicable,Yes,Grievous Injury,Vehicle to Vehicle,Not Applicable,Others,State Highway,Not Applicable,Others,Not Applicable,Fine,Banneragatta Bengaluru Main Road,Tar,3,12.83296,77.589162,0,1,0.0,1.0
Bengaluru Dist,Bannerghatta PS,1.04421e+16,2023,1,2,Road Accidents,Narrow road,Rural Areas,Near Petrol Pump,Human Error,No,Not Applicable,Vehicle to Vehicle,Not Applicable,Others,State Highway,Bitumen(Tar),Dry,Not Applicable,Clear,JIGANI BANNERGHATTA MAIN ROAD,NEAR HP PETROL BUNK,3KMS,12.810631,77.58678,0,0,0.0,0.0
Bengaluru Dist,Bannerghatta PS,1.04421e+16,2023,1,1,Road Accidents,Narrow road,Rural Areas,Residential area,Not Applicable,Not Applicable,Fatal,Not Applicable,Not Applicable,Others,Others,Not Applicable,Not Applicable,Not Applicable,Fine,"Banneragatta  Park Road, Opposite Sadbhavan School",Tar,2 k.m,0.0,0.0,0,0,0.0,0.0
Bengaluru Dist,Bannerghatta PS,1.04421e+16,2023,1,1,Road Accidents,Cross roads,Rural Areas,Residential area,Human Error,No,Simple Injury,Hit pedestrian,Controlled,Straight and flat,Residential Street,Surfaced,Dry,Not Applicable,Fine,LAY OUT RAOD,KANCHIGAIYANADODDI ROAD,5 km,12.823399,77.556369,0,0,,
Bengaluru Dist,Bannerghatta PS,1.04421e+16,2023,1,2,Road Accidents,Narrow road,Rural Areas,Near School or College,Human Error,Yes,Grievous Injury,Vehicle to Vehicle,Not Applicable,Others,Others,Bitumen(Tar),Dry,Not Applicable,Clear,KOPPA BEGURU  MAIN ROAD,NEAR REDBRIDGE SCHOOL,8KMS,12.810887,77.627495,0,0,0.0,0.0
Bengaluru Dist,Chennarayapatana PS,1.04422e+16,2016,1,2,Road Accidents,Curves,Rural Areas,Near or inside a village,Human Error,No,Damage Only,Others,Uncontrolled,Others,State Highway,Bitumen(Tar),Dry,Not Applicable,Fine,Devanahalli-Budigere Cargo Road,Straight to Chikkanna Land,20 Mtr,0.0,0.0,0,0,0.0,0.0
Bengaluru Dist,Chennarayapatana PS,1.04422e+16,2016,1,2,Road Accidents,Narrow road,Rural Areas,Open area,Human Error,No,Fatal,Others,Uncontrolled,Straight and flat,State Highway,Surfaced,Dry,Not Applicable,Fine,Budigere Davanahalli Road,NEAR JONNAHALLI CROSS,15MET,0.0,0.0,0,0,,
Bengaluru Dist,Chennarayapatana PS,1.04422e+16,2016,1,2,Road Accidents,Curves,Rural Areas,Open area,Human Error,No,Simple Injury,Others,Uncontrolled,Curve,State Highway,Bitumen(Tar),Dry,Not Applicable,Fine,Budigre-Devanahalli Road,Straight to Thimmarayappa And Nagarajappa Fields,10 Mtr,0.0,0.0,0,0,0.0,0.0
Bengaluru Dist,Chennarayapatana PS,1.04422e+16,2016,1,1,Road Accidents,Narrow road,Rural Areas,Open area,Human Error,No,Simple Injury,Others,Uncontrolled,Curve,Village Road,Bitumen(Tar),Dry,Not Applicable,Fine,YALIYURU - DEVANAHALLI ROAD,NANJAPPA So DODDAPILLAPPA LAND,10 Mtr,0.0,0.0,0,0,0.0,0.0
Bengaluru Dist,Chennarayapatana PS,1.04422e+16,2016,1,1,Road Accidents,Circle,Villages settlement,Near or inside a village,Human Error,No,Simple Injury,Hit pedestrian,Uncontrolled,Others,Village Road,Bitumen(Tar),Dry,Not Applicable,Fine,NALLURU CROSS - BUDIGERE ROAD,INFROT OF RAJANNA STORE,10 Mtr,0.0,0.0,0,0,0.0,0.0
Bengaluru Dist,Chennarayapatana PS,1.04422e+16,2016,1,2,Road Accidents,Narrow road,Rural Areas,Open area,Human Error,Yes,Simple Injury,Hit and Run,Uncontrolled,Slight Curve,Village Road,Bitumen(Tar),Dry,Not Applicable,Fine,Budigre-Chowdappanahalli Road,Straight to Appayyanna Field,10 Mtr,0.0,0.0,0,0,0.0,0.0
Bengaluru Dist,Chennarayapatana PS,1.04422e+16,2016,1,2,Road Accidents,Curves,Rural Areas,Open area,Human Error,No,Simple Injury,Others,Uncontrolled,Others,State Highway,Bitumen(Tar),Dry,Not Applicable,Fine,Devanahalli-Budigere Cargo Road,Ssomathannahalli Devaraja Land,10 Mtr,0.0,0.0,0,0,0.0,0.0
Bengaluru Dist,Chennarayapatana PS,1.04422e+16,2016,1,1,Road Accidents,Curves,Rural Areas,Open area,Human Error,No,Fatal,Skidding or Self accident,Uncontrolled,Straight and flat,Others,Bitumen(Tar),Dry,Not Applicable,Fine,HOSAHALLI CHANNAHALLI ROAD,SHIVASHANKAR LAND,15MET,0.0,0.0,0,0,0.0,0.0
Bengaluru Dist,Chennarayapatana PS,1.04422e+16,2016,1,1,Road Accidents,Other,Rural Areas,Open area,Human Error,Not Applicable,Simple Injury,Others,Uncontrolled,Straight and flat,Village Road,Bitumen(Tar),Dry,Not Applicable,Fine,CHANNARAYAPATNA - BALEPURA ROAD,Straight to Pillegowda Land,10 Mtr,0.0,0.0,0,0,0.0,0.0
Bengaluru Dist,Chennarayapatana PS,1.04422e+16,2016,1,1,Road Accidents,Curves,Rural Areas,Open area,Human Error,No,Fatal,Skidding or Self accident,Uncontrolled,Straight and flat,Others,Bitumen(Tar),Dry,Not Applicable,Fine,BUDIGERE NALLURU ROAD,SOMATTANAHALLI NELAMMA LAND,15MET,0.0,0.0,0,0,0.0,0.0
Bengaluru Dist,Chennarayapatana PS,1.04422e+16,2016,1,2,Road Accidents,Other,Rural Areas,Open area,Human Error,No,Simple Injury,Head on,Not at  Junction,Slight Curve,State Highway,Bitumen(Tar),Dry,Not Applicable,Fine,Devanahalli-Budigere Cargo Road,NEAR MISHRA FARM,20 Mtr,0.0,0.0,0,0,0.0,0.0
Bengaluru Dist,Chennarayapatana PS,1.04422e+16,2016,1,1,Road Accidents,Narrow road,Rural Areas,Open area,Human Error,No,Fatal,Others,Uncontrolled,Straight and flat,State Highway,Surfaced,Dry,Not Applicable,Fine,Budigere Davanahalli Road,ERANNA LAND,15MET,0.0,0.0,0,0,,
Bengaluru Dist,Chennarayapatana PS,1.04422e+16,2016,1,2,Road Accidents,Other,Rural Areas,Near Bus stop,Human Error,No,Simple Injury,Hit parked vehicle,Uncontrolled,Straight and flat,Expressway,Surfaced,Dry,Not Applicable,Fine,Devanahalli- sulibele Road,Channhalli Bus stand,4Ft,0.0,0.0,0,0,,
Bengaluru Dist,Chennarayapatana PS,1.04422e+16,2016,1,2,Road Accidents,Other,Villages settlement,Open area,Human Error,Not Applicable,Fatal,Head on,Not at  Junction,Slight Curve,State Highway,Bitumen(Tar),Dry,No influence on accident,Fine,Devanahalli-Budigere Cargo Road,NEAR BALADIMMANAHALLI,20 Mtr,0.0,0.0,0,0,0.0,0.0