DISTRICTNAME,UNITNAME,Crime_No,Year,RI,Noofvehicle_involved,Accident_Classification,Accident_Spot,Accident_Location,Accident_SubLocation,Main_Cause,Hit_Run,Severity,Collision_Type,Junction_Control,Road_Character,Road_Type,Surface_Type,Surface_Condition,Road_Condition,Weather,Accident_Road,Landmark_first,Distance_LandMark_First,Latitude,Longitude,Road_Condition_Score,Surface_Condition_Score,Surface_Type_Score,Road_Risk_Index
Bengaluru Dist,Chennarayapatana PS,1.04422e+16,2019,1,1,Road Accidents,Not Applicable,Rural Areas,Open area,Human Error,Not Applicable,Grievous Injury,Vehicle to Vehicle,Not Applicable,Not Applicable,Not Applicable,Gravel,Dry,Not Applicable,Clear,In Front Of Shreenidhi Drinking Water Plant,Near,10,13.252868,77.7799019,0,0,3.0,3.0
Bengaluru Dist,Chennarayapatana PS,1.04422e+16,2019,1,2,Road Accidents,Not Applicable,Villages settlement,Open area,Human Error,Not Applicable,Simple Injury,Not Applicable,Controlled,Not Applicable,State Highway,Bitumen(Tar),Dry,Not Applicable,Clear,Budigere Cross to devanahalli,naer,10,13.142179,77.733896,0,0,0.0,0.0
Bengaluru Dist,Chennarayapatana PS,1.04422e+16,2019,1,1,Road Accidents,Narrow road,Rural Areas,Narrow bridge or culverts,Human Error,Not Applicable,Damage Only,Drowned,Not Applicable,Curve,Village Road,Bitumen(Tar),Dry,Not Applicable,Clear,Balepur Vijayapur Road,Near 10m Bridge,5m,13.243427,77.821856,0,0,0.0,0.0
Bengaluru Dist,Chennarayapatana PS,1.04422e+16,2019,1,1,Road Accidents,Curves,Rural Areas,Open area,Human Error,No,Fatal,Not Applicable,Not at  Junction,Curve,State Highway,Bitumen(Tar),Dry,Not Applicable,Fine,Balepura Channarayapattana road,Chimachanahalli Manjunatha Land,10,13.210314,77.780623,0,0,0.0,0.0
Bengaluru Dist,Chennarayapatana PS,1.04422e+16,2019,1,2,Road Accidents,Junction,Rural Areas,Open area,Human Error,No,Grievous Injury,Hit bicyclist,Uncontrolled,Straight and flat,State Highway,Bitumen(Tar),Dry,No influence on accident,Fine,Budigere Devanahalli Cargo Road,Gollahalli Gate,10Ft,13.160804,77.747823,0,0,0.0,0.0
Bengaluru Dist,Chennarayapatana PS,1.04422e+16,2019,1,2,Road Accidents,Narrow road,Rural Areas,Open area,Human Error,Not Applicable,Grievous Injury,Vehicle to Vehicle,Controlled,Others,State Highway,Bitumen(Tar),Dry,Not Applicable,Clear,Budigere Cross to devanahalli,Near,Near,13.139063,77.740412,0,0,0.0,0.0
Bengaluru Dist,Chennarayapatana PS,1.04422e+16,2019,1,2,Road Accidents,Curves,Rural Areas,Open area,Human Error,No,Simple Injury,Vehicle to Vehicle,Controlled,Curve,State Highway,Bitumen(Tar),Dry,Not Applicable,Clear,Budigere Cross to devanahalli,Near Manchappanhalli Cross,5 m,13.169916,77.739559,0,0,0.0,0.0
Bengaluru Dist,Chennarayapatana PS,1.04422e+16,2019,1,2,Road Accidents,Narrow road,Rural Areas,Near or inside a village,Human Error,No,Grievous Injury,Vehicle to Vehicle,Uncontrolled,Curve and Incline,Minor District Road,Bitumen(Tar),Dry,No influence on accident,Fine,S Tellohalli Budihala Road,KEB Pole,10mtr,13.226189,77.754737,0,0,0.0,0.0
Bengaluru Dist,Chennarayapatana PS,1.04422e+16,2019,1,3,Road Accidents,Narrow road,Rural Areas,Open area,Human Error,No,Grievous Injury,Not Applicable,No signal lights,Not Applicable,State Highway,Bitumen(Tar),Dry,Not Applicable,Clear,Budigere Cross to devanahalli,Near KEB,15 ft,13.187369,77.774713,0,0,0.0,0.0
Bengaluru Dist,Chennarayapatana PS,1.04422e+16,2019,1,1,Road Accidents,Curves,Rural Areas,Open area,Human Error,Yes,Grievous Injury,Others,Controlled,Curve,NH,Bitumen(Tar),Dry,Not Applicable,Clear,Devanahalli- sulibele Road,Near Haraluru Gate,10,13.220113,77.752293,0,0,0.0,0.0
Bengaluru Dist,Chennarayapatana PS,1.04422e+16,2019,1,2,Road Accidents,Not Applicable,Rural Areas,Open area,Human Error,No,Grievous Injury,Not Applicable,Not Applicable,Not Applicable,State Highway,Bitumen(Tar),Dry,Not Applicable,Clear,Budigere Cross to devanahalli,Near,10 FT,13.194241,77.763797,0,0,0.0,0.0
Bengaluru Dist,Chennarayapatana PS,1.04422e+16,2019,1,2,Road Accidents,Bridge,Rural Areas,Open area,Human Error,No,Fatal,Head on,Not at  Junction,Not Applicable,Village Road,Bitumen(Tar),Dry,Not Applicable,Fine,Balepura-Channarayapattana Road,Electric Pole,20ft,13.251168,77.801725,0,0,0.0,0.0
Bengaluru Dist,Chennarayapatana PS,1.04422e+16,2019,1,2,Road Accidents,Not Applicable,Rural Areas,Open area,Human Error,Not Applicable,Simple Injury,Vehicle to Vehicle,Controlled,Not Applicable,Sub Arterial,Bitumen(Tar),Dry,Not Applicable,Clear,channarayapattana -Balepura,Near 10 m kateramma Temple,10,13.229679,77.792012,0,0,0.0,0.0
Bengaluru Dist,Chennarayapatana PS,1.04422e+16,2019,1,2,Road Accidents,Circle,Rural Areas,Near or inside a village,Human Error,No,Damage Only,Vehicle to Vehicle,Uncontrolled,Straight and flat,State Highway,Bitumen(Tar),Dry,No influence on accident,Fine,Budigere Devanahalli Cargo Road,Near Bhattaramarenahalli Village,100mtr,13.169835,77.739481,0,0,0.0,0.0
Bengaluru Dist,Chennarayapatana PS,1.04422e+16,2019,1,2,Road Accidents,Bottleneck,Rural Areas,Open area,Human Error,No,Grievous Injury,Vehicle to Vehicle,Uncontrolled,Straight and flat,State Highway,Bitumen(Tar),Dry,No influence on accident,Fine,Madan Miltry Hotel,Madan Miltry Hotel,25Ft,13.144185,77.74439,0,0,0.0,0.0
Bengaluru Dist,Chennarayapatana PS,1.04422e+16,2019,1,2,Road Accidents,Narrow road,Villages settlement,Near Bus stop,Human Error,No,Fatal,Others,Not at  Junction,Not Applicable,NH,Bitumen(Tar),Dry,Not Applicable,Fine,NH 207 Balepura Cross,Balepura Cross,15,13.24451,77.741404,0,0,0.0,0.0
Bengaluru Dist,Chennarayapatana PS,1.04422e+16,2019,1,1,Road Accidents,Narrow road,Rural Areas,Open area,Not Applicable,No,Fatal,Not Applicable,Not at  Junction,Straight and flat,Others,Bitumen(Tar),Dry,Not Applicable,Fine,"Budigere Cross To Devanahalli Road, DRDO Compound",Channrarapattana police Station Borad,150,13.116981,77.745842,0,0,0.0,0.0
Bengaluru Dist,Chennarayapatana PS,1.04422e+16,2019,1,2,Road Accidents,Not Applicable,Rural Areas,Open area,Human Error,Not Applicable,Grievous Injury,Hit bicyclist,Not at  Junction,Slight Curve,Others,Bitumen(Tar),Dry,No influence on accident,Fine,Budigere Amanikere,Budigere Amanikere,10Ft,13.142463,77.753018,0,0,0.0,0.0
Bengaluru Dist,Chennarayapatana PS,1.04422e+16,2020,1,2,Road Accidents,Narrow road,Rural Areas,Open area,Human Error,No,Fatal,Vehicle to Vehicle,Not at  Junction,Not Applicable,Others,Bitumen(Tar),Dry,Not Applicable,Fine,Tammenahalli Gate,Hanumappa Land,20,13.249266,77.753144,0,0,0.0,0.0
Bengaluru Dist,Chennarayapatana PS,1.04422e+16,2020,1,2,Road Accidents,Narrow road,Rural Areas,Open area,Human Error,No,Grievous Injury,Vehicle to Vehicle,Controlled,Not Applicable,State Highway,Bitumen(Tar),Dry,Not Applicable,Clear,Budigere-Davanahalli Road SH104,near Lake,10,13.137364,77.752214,0,0,0.0,0.0
Bengaluru Dist,Chennarayapatana PS,1.04422e+16,2020,1,2,Road Accidents,Not Applicable,Rural Areas,Near Petrol Pump,Human Error,Not Applicable,Grievous Injury,Vehicle to Vehicle,Controlled,Straight and flat,State Highway,Bitumen(Tar),Dry,Construction Work / Material,Clear,Near,Near,10,13.247621,77.794463,2,0,0.0,2.0
Bengaluru Dist,Chennarayapatana PS,1.04422e+16,2020,1,2,Road Accidents,Narrow road,Rural Areas,Open area,Human Error,No,Fatal,Vehicle to Vehicle,Not at  Junction,Others,NH,Bitumen(Tar),Dry,Not Applicable,Fine,Near Maiyur Dhabab NH 207 Road Nalluru Gate,Nalluru Anjinappa Land,10,13.207492,77.76349,0,0,0.0,0.0
Bengaluru Dist,Chennarayapatana PS,1.04422e+16,2020,1,2,Road Accidents,Narrow road,Rural Areas,Near or inside a village,Human Error,Yes,Grievous Injury,Vehicle to Vehicle,Controlled,Others,Minor District Road,Bitumen(Tar),Dry,Not Applicable,Clear,Bidalapur Balepur Road,Near,10,13.194246,77.776629,0,0,0.0,0.0
Bengaluru Dist,Chennarayapatana PS,1.04422e+16,2020,1,1,Road Accidents,Narrow road,Rural Areas,Residential area,Human Error,Not Applicable,Grievous Injury,Hit pedestrian,Controlled,Not Applicable,Residential Street,Bitumen(Tar),Dry,Not Applicable,Clear,Haraluru-Nallappanahalli Village Road,Near KEB,10,13.219881,77.760001,0,0,0.0,0.0
Bengaluru Dist,Chennarayapatana PS,1.04422e+16,2020,1,2,Road Accidents,Not Applicable,Rural Areas,Open area,Human Error,No,Simple Injury,Vehicle to Vehicle,Controlled,Not Applicable,State Highway,Bitumen(Tar),Dry,Not Applicable,Clear,Budigere Cross to devanahalli,Near,10,13.199408,77.741455,0,0,0.0,0.0
Bengaluru Dist,Chennarayapatana PS,1.04422e+16,2020,1,2,Road Accidents,Cross roads,Rural Areas,Near or inside a village,Human Error,No,Grievous Injury,Vehicle to Vehicle,Uncontrolled,Not Applicable,State Highway,Bitumen(Tar),Dry,No influence on accident,Fine,Devanahalli Budigere Road,KEB Pole,10ft,13.135578,77.748868,0,0,0.0,0.0
Bengaluru Dist,Chennarayapatana PS,1.04422e+16,2020,1,2,Road Accidents,Narrow road,Rural Areas,Open area,Human Error,No,Fatal,Vehicle to Vehicle,Not at  Junction,Others,NH,Bitumen(Tar),Dry,Not Applicable,Fine,NH 207 Road,Bidalapura Gate,5,13.196087,77.777692,0,0,0.0,0.0
Bengaluru Dist,Chennarayapatana PS,1.04422e+16,2020,1,1,Road Accidents,Curves,Rural Areas,Open area,Human Error,Not Applicable,Damage Only,Vehicle to Vehicle,Controlled,Curve,State Highway,Bitumen(Tar),Dry,Not Applicable,Clear,Budigere-Davanahalli Road SH104,Near,10,13.171653,77.73491,0,0,0.0,0.0
Bengaluru Dist,Chennarayapatana PS,1.04422e+16,2020,1,2,Road Accidents,Not Applicable,Rural Areas,Open area,Human Error,Not Applicable,Grievous Injury,Vehicle to Vehicle,Not at  Junction,Straight and flat,Others,Bitumen(Tar),Dry,No influence on accident,Fine,Balepura Budigere Road,KEB POLE,10ft,13.247883,77.7932179,0,0,0.0,0.0
Bengaluru Dist,Chennarayapatana PS,1.04422e+16,2020,1,2,Road Accidents,Curves,Rural Areas,Open area,Human Error,No,Fatal,Vehicle to Vehicle,Not at  Junction,Curve,Others,Bitumen(Tar),Dry,Not Applicable,Fine,Vijayapura Budigere Road,Munishamappa Land,20,13.207136,77.78123,0,0,0.0,0.0
Bengaluru Dist,Chennarayapatana PS,1.04422e+16,2020,1,1,Road Accidents,Narrow road,Rural Areas,Open area,Human Error,Not Applicable,Grievous Injury,Hit pedestrian,Not Applicable,Not Applicable,Residential Street,Bitumen(Tar),Dry,Not Applicable,Clear,Kondenahalli Gate Kaggalahalli,Near,10,13.152061,77.72826,0,0,0.0,0.0
Bengaluru Dist,Chennarayapatana PS,1.04422e+16,2020,1,2,Road Accidents,Narrow road,Rural Areas,Open area,Human Error,No,Fatal,Vehicle to Vehicle,Not at  Junction,Straight and flat,State Highway,Bitumen(Tar),Dry,Not Applicable,Fine,Bettakote,Nandakumar House,80,13.248189,77.795263,0,0,0.0,0.0
Bengaluru Dist,Chennarayapatana PS,1.04422e+16,2020,1,2,Road Accidents,Narrow road,Rural Areas,Open area,Human Error,Not Applicable,Grievous Injury,Vehicle to Vehicle,Controlled,Curve,State Highway,Bitumen(Tar),Dry,Not Applicable,Clear,Budigere Cross to devanahalli,Near,Near,13.152193,77.7280069,0,0,0.0,0.0
Bengaluru Dist,Chennarayapatana PS,1.04422e+16,2020,1,3,Road Accidents,Narrow road,Rural Areas,Open area,Human Error,Not Applicable,Grievous Injury,Vehicle to Vehicle,Controlled,Not Applicable,NH,Bitumen(Tar),Dry,Not Applicable,Clear,NH 207 Devanahalli -Sukibele Road,Near Arsinkunte Village,Near,13.249373,77.801727,0,0,0.0,0.0
Bengaluru Dist,Chennarayapatana PS,1.04422e+16,2020,1,2,Road Accidents,Not Applicable,Rural Areas,Near School or College,Human Error,Not Applicable,Grievous Injury,Vehicle to Vehicle,Uncontrolled,Straight and flat,State Highway,Bitumen(Tar),Dry,No influence on accident,Fine,Budigere Devanahalli Road,KEB Pole,10ft,13.13755,77.7437099,0,0,0.0,0.0
Bengaluru Dist,Chennarayapatana PS,1.04422e+16,2021,1,2,Road Accidents,Not Applicable,Rural Areas,Open area,Human Error,No,Damage Only,Vehicle to Vehicle,Controlled,Not Applicable,Minor District Road,Bitumen(Tar),Dry,Not Applicable,Clear,Dinnuru Ibasapur Road,Near,10,13.247584,77.795274,0,0,0.0,0.0
Bengaluru Dist,Chennarayapatana PS,1.04422e+16,2021,1,1,Road Accidents,Not Applicable,Rural Areas,Open area,Human Error,Yes,Grievous Injury,Hit pedestrian,Controlled,Not Applicable,Major District Road,Bitumen(Tar),Dry,Not Applicable,Clear,Budigere Bagaluru Road,Near,5,13.135677,77.741799,0,0,0.0,0.0
Bengaluru Dist,Chennarayapatana PS,1.04422e+16,2021,1,2,Road Accidents,Narrow road,Rural Areas,Open area,Human Error,No,Grievous Injury,Vehicle to Vehicle,Not Applicable,Others,Others,Concrete,Wet,Not Applicable,Fine,Budigere Nalluru Road,Near Temple,10,13.143125,77.751491,0,3,0.0,3.0
Bengaluru Dist,Chennarayapatana PS,1.04422e+16,2021,1,2,Road Accidents,Narrow road,Rural Areas,Narrow bridge or culverts,Human Error,No,Grievous Injury,Vehicle to Vehicle,Not Applicable,Not Applicable,State Highway,Bitumen(Tar),Dry,Pot holed,Clear,Budigere Cross Devanhalli State Highway 104,Near,10,13.249002,77.794829,5,0,0.0,5.0
Bengaluru Dist,Chennarayapatana PS,1.04422e+16,2021,1,2,Road Accidents,Curves,Rural Areas,Open area,Human Error,Not Applicable,Damage Only,Vehicle to Vehicle,Controlled,Curve,State Highway,Bitumen(Tar),Dry,Construction Work / Material,Clear,Budigere Cross Devanhalli State Highway 104,Near,10,13.143118,77.728889,2,0,0.0,2.0
Bengaluru Dist,Chennarayapatana PS,1.04422e+16,2021,1,1,Road Accidents,Narrow road,Rural Areas,Open area,Human Error,No,Fatal,Hit pedestrian,Not at  Junction,Straight and flat,State Highway,Bitumen(Tar),Dry,Not Applicable,Fine,Budigere Devanahalli Road,Infornt of Venkatesh Land,10,13.248652,77.795836,0,0,0.0,0.0
Bengaluru Dist,Chennarayapatana PS,1.04422e+16,2021,1,2,Road Accidents,Not Applicable,Rural Areas,Open area,Human Error,Not Applicable,Grievous Injury,Vehicle to Vehicle,Controlled,Not Applicable,Minor District Road,Bitumen(Tar),Dry,Not Applicable,Clear,Devanahalli Channarayapattana Road,Near,10,13.25745,77.760651,0,0,0.0,0.0
Bengaluru Dist,Chennarayapatana PS,1.04422e+16,2021,1,2,Road Accidents,Narrow road,Rural Areas,Open area,Human Error,No,Fatal,Vehicle to Vehicle,Not at  Junction,Straight and flat,NH,Bitumen(Tar),Dry,Not Applicable,Fine,Devanahalli Hoskote NH 207 Road,Doddavenkateshappa Land,20ft,13.244221,77.7928509,0,0,0.0,0.0
Bengaluru Dist,Chennarayapatana PS,1.04422e+16,2021,1,2,Road Accidents,Curves,Rural Areas,Open area,Human Error,No,Grievous Injury,Vehicle to Vehicle,Controlled,Curve,NH,Bitumen(Tar),Dry,Construction Work / Material,Clear,Deavanahalli Hoskote NH 207,Near,10,13.208583,77.7615,2,0,0.0,2.0
Bengaluru Dist,Chennarayapatana PS,1.04422e+16,2021,1,2,Road Accidents,Junction,Rural Areas,Open area,Human Error,No,Grievous Injury,Vehicle to Vehicle,Controlled,Not Applicable,State Highway,Bitumen(Tar),Dry,Not Applicable,Clear,Satate Highway 104 Budigere Cross To Devanhalli,Near,10,13.170841,77.739446,0,0,0.0,0.0
Bengaluru Dist,Chennarayapatana PS,1.04422e+16,2021,1,3,Road Accidents,Not Applicable,Rural Areas,Open area,Human Error,No,Grievous Injury,Vehicle to Vehicle,Controlled,Incline,NH,Bitumen(Tar),Dry,Not Applicable,Clear,Deavanahalli Hoskote NH 207,Near,10,13.244934,77.793132,0,0,0.0,0.0
Bengaluru Dist,Chennarayapatana PS,1.04422e+16,2021,1,1,Road Accidents,Narrow road,Rural Areas,Open area,Human Error,No,Fatal,Not Applicable,Not at  Junction,Straight and flat,Others,Bitumen(Tar),Dry,Not Applicable,Fine,Devanahalli Channnarayapattana Road,Mohan Land,15ft,13.248434,77.794928,0,0,0.0,0.0
Bengaluru Dist,Chennarayapatana PS,1.04422e+16,2021,1,1,Road Accidents,Not Applicable,Rural Areas,Open area,Human Error,Not Applicable,Grievous Injury,Hit pedestrian,Controlled,Not Applicable,State Highway,Bitumen(Tar),Dry,Not Applicable,Clear,Budigere Cross Devanhalli State Highway 104,Near,10,13.172014,77.7348129,0,0,0.0,0.0
Bengaluru Dist,Chennarayapatana PS,1.04422e+16,2021,1,2,Road Accidents,Curves,Rural Areas,Open area,Human Error,No,Grievous Injury,Vehicle to Vehicle,Controlled,Curve,NH,Bitumen(Tar),Dry,Construction Work / Material,Clear,Deavanahalli Hoskote NH 207,Near,10,13.223538,77.740916,2,0,0.0,2.0
Bengaluru Dist,Chennarayapatana PS,1.04422e+16,2021,1,1,Road Accidents,Circle,Rural Areas,Near Bus stop,Not Applicable,Yes,Grievous Injury,Hit pedestrian,Uncontrolled,Others,Others,Not Applicable,Dry,Not Applicable,Clear,Channarayapatna Balepura Road,Near Bus stop mallepura,Near,13.244768,77.79168,0,0,0.0,0.0
Bengaluru Dist,Chennarayapatana PS,1.04422e+16,2021,1,1,Road Accidents,Narrow road,Rural Areas,Open area,Human Error,Yes,Fatal,Hit pedestrian,Not at  Junction,Straight and flat,NH,Bitumen(Tar),Dry,Not Applicable,Fine,Devanahalli Hoskote N H 207 Road,NH 207 Near Anjaneya Temple Balepura Village,100,13.248336,77.7959179,0,0,0.0,0.0
Bengaluru Dist,Chennarayapatana PS,1.04422e+16,2021,1,2,Road Accidents,Narrow road,Rural Areas,Near or inside a village,Not Applicable,No,Simple Injury,Not Applicable,Not Applicable,Not Applicable,State Highway,Bitumen(Tar),Dry,Not Applicable,Fine,State Haiway,Near Bhattaramarenahalli Village,10,13.13805,77.7456199,0,0,0.0,0.0
Bengaluru Dist,Chennarayapatana PS,1.04422e+16,2021,1,2,Road Accidents,Not Applicable,Rural Areas,Open area,Human Error,Yes,Grievous Injury,Vehicle to Vehicle,Controlled,Not Applicable,Minor District Road,Bitumen(Tar),Dry,Not Applicable,Clear,Channarayapattana Vijayapura Road,near Temple,10,13.242136,77.796134,0,0,0.0,0.0
Bengaluru Dist,Chennarayapatana PS,1.04422e+16,2021,1,1,Road Accidents,Curves,Rural Areas,Open area,Human Error,No,Fatal,Not Applicable,Not at  Junction,Slight Curve,NH,Bitumen(Tar),Dry,Not Applicable,Fine,Haraluru Gate,NH 207 Haraluru Gate,3ft,13.247835,77.796497,0,0,0.0,0.0
Bengaluru Dist,Chennarayapatana PS,1.04422e+16,2021,1,2,Road Accidents,Narrow road,Rural Areas,Open area,Human Error,No,Fatal,Hit pedestrian,Not Applicable,Straight and flat,Others,Bitumen(Tar),Dry,Not Applicable,Fine,Dinnur Ibasapura Road,in front of Krishnappa Land Dinnur Ibasapura Road,30ft,13.245712,77.793077,0,0,0.0,0.0
Bengaluru Dist,Chennarayapatana PS,1.04422e+16,2021,1,1,Road Accidents,Not Applicable,Rural Areas,Open area,Human Error,No,Fatal,Hit pedestrian,Not at  Junction,Straight and flat,Others,Kutcha,Dry,Not Applicable,Fine,Dilp Buildcon Ltd Mallepura Village,NH 207 Devanahalli Hoskote Road,60ft,13.20433,77.769514,0,0,4.0,4.0
Bengaluru Dist,Chennarayapatana PS,1.04422e+16,2021,1,2,Road Accidents,Not Applicable,Rural Areas,Open area,Human Error,Not Applicable,Damage Only,Vehicle to Vehicle,Controlled,Not Applicable,State Highway,Bitumen(Tar),Dry,Construction Work / Material,Clear,Budigere Cross Devanhalli State Highway 104,Near,Near,13.152952,77.7282039,2,0,0.0,2.0
Bengaluru Dist,Chennarayapatana PS,1.04422e+16,2022,1,2,Road Accidents,Cross roads,Rural Areas,Open area,Human Error,No,Grievous Injury,Vehicle to Vehicle,Controlled,Straight and flat,State Highway,Bitumen(Tar),Dry,Not Applicable,Clear,Budigere Cross Devanahalli,Near,10,13.162786,77.734853,0,0,0.0,0.0
Bengaluru Dist,Chennarayapatana PS,1.04422e+16,2022,1,2,Road Accidents,Junction,Rural Areas,Near a factory industrial area,Human Error,No,Grievous Injury,Vehicle to Vehicle,Uncontrolled,Straight and flat,State Highway,Bitumen(Tar),Others,No influence on accident,Others,Budigere-Devanahalli SH-104 Road,Near Indudtrial Area,14 KM,13.136812,77.748944,0,1,0.0,1.0
Bengaluru Dist,Chennarayapatana PS,1.04422e+16,2022,1,1,Road Accidents,Curves,Rural Areas,Open area,Human Error,No,Grievous Injury,Not Applicable,Controlled,Curve,State Highway,Bitumen(Tar),Dry,Not Applicable,Clear,Budigere Cross Devanahalli,Near,10,0.0,0.0,0,0,0.0,0.0
Bengaluru Dist,Chennarayapatana PS,1.04422e+16,2022,1,2,Road Accidents,Circle,Rural Areas,Open area,Human Error,No,Grievous Injury,Vehicle to Vehicle,Controlled,Straight and flat,State Highway,Bitumen(Tar),Dry,No influence on accident,Clear,Budigere-Devanahalli SH-104 Road,Near,Near,0.0,0.0,0,0,0.0,0.0
Bengaluru Dist,Chennarayapatana PS,1.04422e+16,2022,1,1,Road Accidents,Narrow road,Rural Areas,Open area,Human Error,No,Grievous Injury,Not Applicable,Controlled,Straight and flat,Minor District Road,Bitumen(Tar),Dry,Not Applicable,Clear,Nallur Budigere Road,Near,Near,13.158381,77.752232,0,0,0.0,0.0
Bengaluru Dist,Chennarayapatana PS,1.04422e+16,2022,1,1,Road Accidents,Narrow road,Rural Areas,Open area,Human Error,Not Applicable,Fatal,Not Applicable,Not at  Junction,Straight and flat,Others,Bitumen(Tar),Dry,Not Applicable,Fine,Devanahalli Channarayapattana Road Mattabarlu Gate,Mattabarlu Gate,25ft,13.254574,77.75624,0,0,0.0,0.0
Bengaluru Dist,Chennarayapatana PS,1.04422e+16,2022,1,1,Road Accidents,Narrow road,Rural Areas,Open area,Not Applicable,Not Applicable,Fatal,Hit pedestrian,Not Applicable,Not Applicable,State Highway,Bitumen(Tar),Dry,Not Applicable,Fine,"Devanahalli - budigere, road",east of the 20  feet  baladimmanahalli village,20 fee,13.137405,77.749831,0,0,0.0,0.0
Bengaluru Dist,Chennarayapatana PS,1.04422e+16,2022,1,2,Road Accidents,Not Applicable,Rural Areas,Open area,Human Error,No,Grievous Injury,Vehicle to Vehicle,Controlled,Straight and flat,Minor District Road,Bitumen(Tar),Dry,No influence on accident,Clear,Kammasandra Chowdappanahalli Road,Near,Near,13.14967,77.755148,0,0,0.0,0.0
Bengaluru Dist,Chennarayapatana PS,1.04422e+16,2022,1,1,Road Accidents,Curves,Rural Areas,Open area,Human Error,Not Applicable,Fatal,Not Applicable,Not at  Junction,Curve,Others,Bitumen(Tar),Dry,Not Applicable,Fine,Nalluru Cross Budigere Road,Gangammadevi Temple,150ft,13.201431,77.772826,0,0,0.0,0.0
Bengaluru Dist,Chennarayapatana PS,1.04422e+16,2022,1,2,Road Accidents,Narrow road,Rural Areas,Open area,Human Error,Yes,Grievous Injury,Vehicle to Vehicle,Controlled,Straight and flat,Major District Road,Bitumen(Tar),Dry,No influence on accident,Clear,Budigere Bagaluru Road,Near,10,13.130074,77.734781,0,0,0.0,0.0
Bengaluru Dist,Chennarayapatana PS,1.04422e+16,2022,1,1,Road Accidents,Junction,Rural Areas,Residential area,Human Error,No,Simple Injury,Hit pedestrian,Uncontrolled,Others,State Highway,Bitumen(Tar),Others,Not Applicable,Fine,Budigere-Devanahalli SH-104 Road,Near Budigere Village,17 KM,13.140549,77.74333,0,1,0.0,1.0
Bengaluru Dist,Chennarayapatana PS,1.04422e+16,2022,1,2,Road Accidents,Junction,Rural Areas,Open area,Human Error,No,Damage Only,Vehicle to Vehicle,No signal lights,Not Applicable,NH,Bitumen(Tar),Dry,Not Applicable,Clear,Devanahalli sulibele Roda,Devanahalli sulibele Road Near Nalluru gate,08 km,13.198017,77.777152,0,0,0.0,0.0
Bengaluru Dist,Chennarayapatana PS,1.04422e+16,2022,1,2,Road Accidents,Junction,Rural Areas,Open area,Human Error,Not Applicable,Grievous Injury,Vehicle to Vehicle,Controlled,Straight and flat,Minor District Road,Bitumen(Tar),Dry,Not Applicable,Clear,Naganayakahalli Devanahalli Road,Near Polanahalli,Near,13.225479,77.769162,0,0,0.0,0.0
Bengaluru Dist,Chennarayapatana PS,1.04422e+16,2022,1,2,Road Accidents,Cross roads,Rural Areas,Residential area,Human Error,No,Grievous Injury,Vehicle to Vehicle,Controlled,Straight and flat,Minor District Road,Bitumen(Tar),Dry,No influence on accident,Clear,Nalluru Budigere Road,Near,150,13.174977,77.761632,0,0,0.0,0.0
Bengaluru Dist,Chennarayapatana PS,1.04422e+16,2022,1,2,Road Accidents,Junction,Rural Areas,Open area,Human Error,No,Grievous Injury,Hit bicyclist,Uncontrolled,Straight and flat,Others,Bitumen(Tar),Others,No influence on accident,Fine,Naganayakanahalli Palya Gate,Near Naganayakanahalli Gate,500M,13.230488,77.79223,0,1,0.0,1.0
Bengaluru Dist,Chennarayapatana PS,1.04422e+16,2022,1,1,Road Accidents,Narrow road,Rural Areas,Near office complex,Human Error,Yes,Fatal,Hit pedestrian,Not at  Junction,Straight and flat,State Highway,Bitumen(Tar),Dry,Not Applicable,Fine,Budigere Cross Devnahalli Road,Vijaya Complex,15,0.0,0.0,0,0,0.0,0.0
Bengaluru Dist,Chennarayapatana PS,1.04422e+16,2022,1,2,Road Accidents,Road hump or Rumble strips,Rural Areas,In bazaar,Human Error,No,Grievous Injury,Vehicle to Vehicle,Controlled,Hump,State Highway,Bitumen(Tar),Dry,Not Applicable,Clear,Budigere-Devanahalli SH-104 Road,NeaR,40,13.134737,77.7471459,0,0,0.0,0.0
Bengaluru Dist,Chennarayapatana PS,1.04422e+16,2022,1,1,Road Accidents,Narrow road,Rural Areas,Open area,Human Error,No,Fatal,Not Applicable,Not at  Junction,Straight and flat,Others,Bitumen(Tar),Dry,Not Applicable,Fine,Vijayapura Channnarayapattana Road,Near Channarayapattana Lake,100,13.260219,77.765388,0,0,0.0,0.0