DISTRICTNAME,UNITNAME,Crime_No,Year,RI,Noofvehicle_involved,Accident_Classification,Accident_Spot,Accident_Location,Accident_SubLocation,Main_Cause,Hit_Run,Severity,Collision_Type,Junction_Control,Road_Character,Road_Type,Surface_Type,Surface_Condition,Road_Condition,Weather,Accident_Road,Landmark_first,Distance_LandMark_First,Latitude,Longitude,Road_Condition_Score,Surface_Condition_Score,Surface_Type_Score,Road_Risk_Index
Bengaluru Dist,Chennarayapatana PS,1.04422e+16,2022,1,1,Road Accidents,Narrow road,Rural Areas,Narrow bridge or culverts,Human Error,Yes,Grievous Injury,Hit pedestrian,Controlled,Straight and flat,Minor District Road,Bitumen(Tar),Dry,Not Applicable,Clear,Dinnur Ibasapur Road,Near,Near,0.0,0.0,0,0,0.0,0.0
Bengaluru Dist,Chennarayapatana PS,1.04422e+16,2022,1,2,Road Accidents,Not Applicable,Rural Areas,Open area,Human Error,No,Grievous Injury,Vehicle to Vehicle,Controlled,Straight and flat,NH,Bitumen(Tar),Dry,Construction Work / Material,Clear,Dabaspete Hosakote NH207,Near DBL Gate,Near,0.0,0.0,2,0,0.0,2.0
Bengaluru Dist,Chennarayapatana PS,1.04422e+16,2022,1,2,Road Accidents,Junction,Rural Areas,Residential area,Human Error,Not Applicable,Grievous Injury,Vehicle to Vehicle,Controlled,Not Applicable,Residential Street,Bitumen(Tar),Dry,No influence on accident,Clear,Gas Godawon Road Budigere,Near,10,0.0,0.0,0,0,0.0,0.0
Bengaluru Dist,Chennarayapatana PS,1.04422e+16,2022,1,2,Road Accidents,Junction,Rural Areas,Open area,Human Error,No,Fatal,Vehicle to Vehicle,Not at  Junction,Not Applicable,NH,Bitumen(Tar),Dry,Not Applicable,Fine,NH 104 Road Jonnahalli Kaggalahalli Gate,Electric pole,10,13.248426,77.796598,0,0,0.0,0.0
Bengaluru Dist,Chennarayapatana PS,1.04422e+16,2022,1,2,Road Accidents,Curves,Rural Areas,Open area,Human Error,Not Applicable,Grievous Injury,Vehicle to Vehicle,Controlled,Curve,Minor District Road,Bitumen(Tar),Dry,No influence on accident,Clear,Ibasapur Gopasandra Road,Near Lace,Near,13.245699,77.822776,0,0,0.0,0.0
Bengaluru Dist,Chennarayapatana PS,1.04422e+16,2022,1,1,Road Accidents,Not Applicable,Rural Areas,Open area,Human Error,No,Damage Only,Not Applicable,Controlled,Straight and flat,Others,Bitumen(Tar),Dry,No influence on accident,Clear,Jonnahalli Bhattaramarenahlli Road,Near,10,13.191348,77.762551,0,0,0.0,0.0
Bengaluru Dist,Chennarayapatana PS,1.04422e+16,2022,1,1,Road Accidents,Narrow road,Rural Areas,Open area,Human Error,Yes,Fatal,Hit pedestrian,Not at  Junction,Not Applicable,Others,Bitumen(Tar),Dry,Not Applicable,Fine,Channarayapatna Balepura Road,KEB POLE,20ft,13.214998,77.784389,0,0,0.0,0.0
Bengaluru Dist,Chennarayapatana PS,1.04422e+16,2022,1,2,Road Accidents,Narrow road,Rural Areas,Open area,Human Error,No,Fatal,Vehicle to Vehicle,Not at  Junction,Not Applicable,NH,Bitumen(Tar),Dry,Not Applicable,Fine,Near Nalluru Gate,Divider,10,13.248727,77.796641,0,0,0.0,0.0
Bengaluru Dist,Chennarayapatana PS,1.04422e+16,2023,1,1,Road Accidents,Curves,Rural Areas,Open area,Human Error,Not Applicable,Damage Only,Not Applicable,Controlled,Curve,State Highway,Bitumen(Tar),Dry,Not Applicable,Clear,Budigere-Devanahalli SH-104 Road,Near,10,13.147093,77.72859,0,0,0.0,0.0
Bengaluru Dist,Chennarayapatana PS,1.04422e+16,2023,1,1,Road Accidents,Narrow road,Rural Areas,Open area,Human Error,Yes,Fatal,Hit pedestrian,Controlled,Straight and flat,Minor District Road,Bitumen(Tar),Dry,Not Applicable,Clear,Balepur Channarayapattana Road,Near,5,13.219509,77.786809,0,0,0.0,0.0
Bengaluru Dist,Chennarayapatana PS,1.04422e+16,2023,1,1,Road Accidents,Narrow road,Rural Areas,Open area,Human Error,Not Applicable,Grievous Injury,Not Applicable,Controlled,Not Applicable,Minor District Road,Bitumen(Tar),Dry,Not Applicable,Clear,Channarayapattana Vijayapura Road,Near,Near,13.247881,77.7970809,0,0,0.0,0.0
Bengaluru Dist,Chennarayapatana PS,1.04422e+16,2023,1,2,Road Accidents,Narrow road,Rural Areas,Residential area,Human Error,No,Simple Injury,Vehicle to Vehicle,Not at  Junction,Not Applicable,Others,Bitumen(Tar),Dry,No influence on accident,Fine,Budigere-Devanahalli Road,Near Andra hotel,23,13.139263,77.742252,0,0,0.0,0.0
Bengaluru Dist,Chennarayapatana PS,1.04422e+16,2023,1,2,Road Accidents,Road hump or Rumble strips,Rural Areas,Residential area,Human Error,No,Simple Injury,Vehicle to Vehicle,Police / Manual,Hump,State Highway,Bitumen(Tar),Others,No influence on accident,Light Rain,Budigere-Devanahalli Road,Near Desha Narayana Temple,17,13.137393,77.745106,0,1,0.0,1.0
Bengaluru Dist,Chennarayapatana PS,1.04422e+16,2023,1,2,Road Accidents,Junction,Rural Areas,Near a factory industrial area,Human Error,No,Fatal,Vehicle to Vehicle,Uncontrolled,Incline,State Highway,Bitumen(Tar),Dry,No influence on accident,Fine,Budigere-Devanahalli SH-104 Road,Near Indudtrial Area,14 KM,13.164651,77.737044,0,0,0.0,0.0
Bengaluru Dist,Chennarayapatana PS,1.04422e+16,2023,1,2,Road Accidents,Narrow road,Rural Areas,Open area,Human Error,Yes,Simple Injury,Vehicle to Vehicle,Not at  Junction,Not Applicable,Minor District Road,Bitumen(Tar),Dry,No influence on accident,Others,C R Patna- Vijayapura Road,Near D K Dhaba,4,0.0,0.0,0,0,0.0,0.0
Bengaluru Dist,Chennarayapatana PS,1.04422e+16,2023,1,2,Road Accidents,Narrow road,Rural Areas,Near a recreation place/cinema,Human Error,No,Simple Injury,Vehicle to Vehicle,Give way sign,Others,Others,Bitumen(Tar),Others,Not Applicable,Others,KIADB ROAD,Near Exide Energy Company,5 Km,13.231008,77.773806,0,1,0.0,1.0
Bengaluru Dist,Chennarayapatana PS,1.04422e+16,2023,1,2,Road Accidents,Cross roads,Rural Areas,Near a factory industrial area,Human Error,No,Simple Injury,Vehicle to Vehicle,Not Applicable,Others,Others,Concrete,Others,No influence on accident,Snow,Naganayakanahalli Bommanahalli Road,Near Naganayakanahalli Gate,3,13.229609,77.783681,0,1,0.0,1.0
Bengaluru Dist,Chennarayapatana PS,1.04422e+16,2023,1,1,Road Accidents,Curves,Rural Areas,Near Petrol Pump,Human Error,No,Simple Injury,Not Applicable,No signal lights,Curve and Incline,State Highway,Bitumen(Tar),Dry,No influence on accident,Fine,Devanahalli-Budigere Cross,Near HP Petrol Bunk,12,0.0,0.0,0,0,0.0,0.0
Bengaluru Dist,Chennarayapatana PS,1.04422e+16,2023,1,3,Road Accidents,Junction,Rural Areas,Residential area,Human Error,No,Damage Only,Vehicle to Vehicle,Signals (Working),Incline,State Highway,Bitumen(Tar),Dry,No influence on accident,Fine,Devanahalli-Budigere Cross Road,Near Ramanahalli Village,12,13.183723,77.744137,0,0,0.0,0.0
Bengaluru Dist,Chennarayapatana PS,1.04422e+16,2023,1,2,Road Accidents,Junction,Rural Areas,Near Bus stop,Human Error,Not Applicable,Grievous Injury,Vehicle to Vehicle,Controlled,Curve,Major District Road,Bitumen(Tar),Dry,Construction Work / Material,Clear,Budigere Cross Devanahalli,Near Manchappanahalli Gate,10,0.0,0.0,2,0,0.0,2.0
Bengaluru Dist,Chennarayapatana PS,1.04422e+16,2023,1,2,Road Accidents,Not Applicable,Rural Areas,Open area,Human Error,No,Simple Injury,Vehicle to Vehicle,Not at  Junction,Straight and flat,State Highway,Bitumen(Tar),Others,No influence on accident,Others,Devanahalli-Budigere Cross Road,Near Bettakote,12,13.134132,77.747008,0,1,0.0,1.0
Bengaluru Dist,Chennarayapatana PS,1.04422e+16,2023,1,1,Road Accidents,Narrow road,Rural Areas,Open area,Human Error,No,Fatal,Not Applicable,Uncontrolled,Others,Major District Road,Bitumen(Tar),Others,Not Applicable,Others,Devanahalli - Channarayapatana,Near Yaliyuru Village,4,0.0,0.0,0,1,0.0,1.0
Bengaluru Dist,Chennarayapatana PS,1.04422e+16,2023,1,1,Road Accidents,Not Applicable,Rural Areas,Open area,Human Error,No,Fatal,Not Applicable,Not Applicable,Not Applicable,One way,Bitumen(Tar),Dry,No influence on accident,Fine,Varadenahalli-Naganayakanahalli Road,Near Nanjappa Land,5,13.223028,77.789998,0,0,0.0,0.0
Bengaluru Dist,Chennarayapatana PS,1.04422e+16,2023,1,2,Road Accidents,Not Applicable,Rural Areas,Open area,Human Error,No,Simple Injury,Vehicle to Vehicle,Not at  Junction,Straight and flat,Others,Bitumen(Tar),Dry,No influence on accident,Fine,Gangavara-Kammasandra Road,Near Gangavara Gram Panchayath Office,17,13.152774,77.772902,0,0,0.0,0.0
Bengaluru Dist,Chennarayapatana PS,1.04422e+16,2023,1,1,Road Accidents,Not Applicable,Rural Areas,Open area,Human Error,Not Applicable,Not Applicable,Not Applicable,Controlled,Straight and flat,State Highway,Bitumen(Tar),Dry,No influence on accident,Clear,Devanahalli-Budigere Cross Road,Near,Near,13.156426,77.73072,0,0,0.0,0.0
Bengaluru Dist,Chennarayapatana PS,1.04422e+16,2023,1,2,Road Accidents,Junction,Rural Areas,Residential area,Human Error,No,Simple Injury,Vehicle to Vehicle,Controlled,Others,State Highway,Bitumen(Tar),Dry,No influence on accident,Others,Budigere-Devanahalli Road,Near Bettakote Bustand,10 KM,13.133974,77.48532,0,0,0.0,0.0
Bengaluru Dist,Chennarayapatana PS,1.04422e+16,2023,1,2,Road Accidents,Junction,Rural Areas,Near School or College,Human Error,No,Simple Injury,Vehicle to Vehicle,Police / Manual,Incline,Others,Bitumen(Tar),Dry,No influence on accident,Snow,Devanayakanahalli-Jonnahalli Road,Near High School,10 KM,13.181748,77.759151,0,0,0.0,0.0
Bengaluru Dist,Chennarayapatana PS,1.04422e+16,2023,1,2,Road Accidents,Narrow road,Rural Areas,Open area,Human Error,No,Simple Injury,Hit bicyclist,Not at  Junction,Others,Others,Bitumen(Tar),Others,Not Applicable,Fine,Ibasapura-Doddakurubarahalli Road,Ibasapura Cross Near,5,13.139593,77.722116,0,1,0.0,1.0
Bengaluru Dist,Chennarayapatana PS,1.04422e+16,2023,1,2,Road Accidents,Cross roads,Rural Areas,Open area,Human Error,No,Simple Injury,Vehicle to Vehicle,No signal lights,Others,State Highway,Bitumen(Tar),Others,No influence on accident,Others,Devanahalli-Budigere Cross,Near Padmavathi Convention Hall,15,13.143043,77.731235,0,1,0.0,1.0
Bengaluru Dist,Chennarayapatana PS,1.04422e+16,2023,1,1,Road Accidents,Narrow road,Rural Areas,Open area,Human Error,No,Simple Injury,Hit pedestrian,Not Applicable,Others,NH,Bitumen(Tar),Dry,No influence on accident,Fine,Devanahalli-Sulibele NH-207 Road,Near S Tellohalli Gate,14,13.228375,77.733606,0,0,0.0,0.0
Bengaluru Dist,Chennarayapatana PS,1.04422e+16,2023,1,2,Road Accidents,Junction,Rural Areas,Near School or College,Human Error,No,Simple Injury,Vehicle to Vehicle,Controlled,Incline,NH,Bitumen(Tar),Dry,Not Applicable,Others,Sulibele Devanahalli Road,Near Ekta School,8KM,13.204408,77.767875,0,0,0.0,0.0
Bengaluru Dist,Chennarayapatana PS,1.04422e+16,2023,1,2,Road Accidents,Narrow road,Rural Areas,Open area,Human Error,No,Fatal,Vehicle to Vehicle,Uncontrolled,Not Applicable,Others,Bitumen(Tar),Dry,Not Applicable,Fine,Devanahalli - Channarayapatana,Anjaneya Temple,10ft,13.253772,77.755806,0,0,0.0,0.0
Bengaluru Dist,Chennarayapatana PS,1.04422e+16,2023,1,2,Road Accidents,Junction,Rural Areas,Residential area,Human Error,Not Applicable,Fatal,Vehicle to Vehicle,Controlled,Straight and flat,State Highway,Bitumen(Tar),Dry,Construction Work / Material,Clear,Budigere-Devanahalli SH-104 Road,Near Baladimmanahalli Village,Near 5,13.189771,77.743395,2,0,0.0,2.0
Bengaluru Dist,Chennarayapatana PS,1.04422e+16,2023,1,2,Road Accidents,Cross roads,Rural Areas,In bazaar,Human Error,No,Grievous Injury,Vehicle to Vehicle,Controlled,Gentle Incline or Climb,NH,Bitumen(Tar),Dry,No influence on accident,Clear,Dabaspete Hosakote NH207,Near,Near,13.211921,77.75563,0,0,0.0,0.0
Bengaluru Dist,Chennarayapatana PS,1.04422e+16,2023,1,2,Road Accidents,Junction,Rural Areas,Residential area,Human Error,No,Damage Only,Vehicle to Vehicle,Uncontrolled,Others,State Highway,Bitumen(Tar),Dry,No influence on accident,Fine,Devanahalli-Boodigere Cross Road,Near chris Group Building,17,0.0,0.0,0,0,0.0,0.0
Bengaluru Dist,Chennarayapatana PS,1.04422e+16,2023,1,2,Road Accidents,Junction,Rural Areas,Open area,Human Error,Not Applicable,Grievous Injury,Vehicle to Vehicle,Controlled,Straight and flat,State Highway,Bitumen(Tar),Dry,Not Applicable,Clear,Budigere-Devanahalli SH-104 Road,Near,Near,13.199156,77.7789219,0,0,0.0,0.0
Bengaluru Dist,Chennarayapatana PS,1.04422e+16,2023,1,2,Road Accidents,Cross roads,Rural Areas,Open area,Human Error,No,Simple Injury,Vehicle to Vehicle,Not at  Junction,Others,Others,Bitumen(Tar),Dry,No influence on accident,Fine,Devanahalli-Budigere Cross Road,Near KEB Power Station,17,13.137417,77.745417,0,0,0.0,0.0
Bengaluru Dist,Chennarayapatana PS,1.04422e+16,2023,1,2,Road Accidents,Junction,Rural Areas,Near a factory industrial area,Human Error,No,Simple Injury,Vehicle to Vehicle,Uncontrolled,Others,State Highway,Bitumen(Tar),Others,No influence on accident,Cloudy,Budigere-Devanahalli SH-104 Road,Near Indudtrial Area,15 KM,0.0,0.0,0,1,0.0,1.0
Bengaluru Dist,Chennarayapatana PS,1.04422e+16,2023,1,1,Road Accidents,Cross roads,Rural Areas,Near a factory industrial area,Human Error,No,Damage Only,Not Applicable,Not at  Junction,Others,Others,Concrete,Dry,Not Applicable,Others,Near Naganayakanahalli,Near Naganayakanahalli,3,13.230397,77.783676,0,0,0.0,0.0
Bengaluru Dist,Chennarayapatana PS,1.04422e+16,2023,1,2,Road Accidents,Cross roads,Rural Areas,Open area,Not Applicable,Yes,Simple Injury,Hit bicyclist,Not at  Junction,Others,Others,Bitumen(Tar),Others,No influence on accident,Cloudy,Devanahalli-Budigere Cross,Near Budigere,24,0.0,0.0,0,1,0.0,1.0
Bengaluru Dist,Chennarayapatana PS,1.04422e+16,2023,1,1,Road Accidents,Junction,Rural Areas,Residential area,Human Error,No,Simple Injury,Not Applicable,No signal lights,Others,State Highway,Bitumen(Tar),Dry,Not Applicable,Others,Devanahalli-Budigere Cross,Near Ramanahalli Village,12,0.0,0.0,0,0,0.0,0.0
Bengaluru Dist,Chennarayapatana PS,1.04422e+16,2023,1,2,Road Accidents,Junction,Rural Areas,Near a factory industrial area,Human Error,No,Simple Injury,Vehicle to Vehicle,Uncontrolled,Curve and Incline,State Highway,Bitumen(Tar),Dry,No influence on accident,Fine,Devanahalli-Budigere Cross Road,Near Industrial Area,12,0.0,0.0,0,0,0.0,0.0
Bengaluru Dist,Chennarayapatana PS,1.04422e+16,2023,1,1,Road Accidents,Narrow road,Rural Areas,Open area,Human Error,No,Simple Injury,Not Applicable,Not at  Junction,Others,Others,Bitumen(Tar),Wet,No influence on accident,Light Rain,Papanahalli-Varadenahalli Road,Near Papanahalli Village,3KM,0.0,0.0,0,3,0.0,3.0
Bengaluru Dist,Dobbespet PS,1.0442e+16,2016,1,2,Road Accidents,Other,Rural Areas,Near Bus stop,Human Error,No,Grievous Injury,Others,Not at  Junction,Others,NH,Bitumen(Tar),Others,Not Applicable,Others,NH04,SHIVAS DABA,50,0.0,0.0,0,1,0.0,1.0
Bengaluru Dist,Dobbespet PS,1.0442e+16,2016,1,1,Road Accidents,Other,Rural Areas,Near or inside a village,Human Error,No,Fatal,Hit pedestrian,Not at  Junction,Others,NH,Bitumen(Tar),Others,No influence on accident,Fine,NH04,BUS STOP,100,0.0,0.0,0,1,0.0,1.0
Bengaluru Dist,Dobbespet PS,1.0442e+16,2016,1,1,Road Accidents,Other,Rural Areas,Near Bus stop,Human Error,Not Applicable,Damage Only,Others,Not at  Junction,Others,NH,Bitumen(Tar),Others,Not Applicable,Others,"N.H.04 ROAD, NEAR YEDEHALLI H.P. PETROLE BUNK",100,BUNK,0.0,0.0,0,1,0.0,1.0
Bengaluru Dist,Dobbespet PS,1.0442e+16,2016,1,2,Road Accidents,Other,City/Town,Near a factory industrial area,Human Error,No,Fatal,Overturning,Stop sign,Curve,NH,Bitumen(Tar),Dry,Engineering Defect of Road,Others,EDEHALLY U TURN,U turn,01KM,0.0,0.0,4,0,0.0,4.0
Bengaluru Dist,Dobbespet PS,1.0442e+16,2016,1,1,Road Accidents,Other,Rural Areas,Near Bus stop,Human Error,No,Damage Only,Others,Not Applicable,Others,Village Road,Bitumen(Tar),Others,No influence on accident,Others,shivagange dobaspet road,bus stop,100,0.0,0.0,0,1,0.0,1.0
Bengaluru Dist,Dobbespet PS,1.0442e+16,2016,1,2,Road Accidents,Other,Rural Areas,Near Bus stop,Human Error,No,Grievous Injury,Others,No signal lights,Others,NH,Bitumen(Tar),Others,No influence on accident,Fine,NH 04 ROAD,INDUSTRIAL AREA,100,0.0,0.0,0,1,0.0,1.0
Bengaluru Dist,Dobbespet PS,1.0442e+16,2016,1,1,Road Accidents,Other,Rural Areas,Near Bus stop,Human Error,No,Grievous Injury,Others,Not at  Junction,Others,Service Road,Bitumen(Tar),Others,Not Applicable,Others,BILLANAKOTE SERVICE ROAD,VRL OFFICE,50,0.0,0.0,0,1,0.0,1.0
Bengaluru Dist,Dobbespet PS,1.0442e+16,2016,1,5,Road Accidents,Other,Rural Areas,Near or inside a village,Human Error,No,Simple Injury,Others,Not at  Junction,Others,NH,Bitumen(Tar),Others,No influence on accident,Fine,NH04,PETROLE PUMP,200,0.0,0.0,0,1,0.0,1.0
Bengaluru Dist,Dobbespet PS,1.0442e+16,2016,1,2,Road Accidents,T Junction,Rural Areas,Near or inside a village,Human Error,No,Grievous Injury,Others,No signal lights,Others,State Highway,Bitumen(Tar),Others,No influence on accident,Fine,SH 03,IMECHENAHALLI GATE,100,0.0,0.0,0,1,0.0,1.0
Bengaluru Dist,Dobbespet PS,1.0442e+16,2016,1,2,Road Accidents,Other,Rural Areas,Near Bus stop,Human Error,No,Damage Only,Others,Not Applicable,Others,NH,Bitumen(Tar),Others,No influence on accident,Others,NH 04,BUS STOP,100,0.0,0.0,0,1,0.0,1.0
Bengaluru Dist,Dobbespet PS,1.0442e+16,2016,1,1,Road Accidents,Narrow road,Rural Areas,Near a religious place,Human Error,Not Applicable,Grievous Injury,Not Applicable,Not at  Junction,Not Applicable,NH,Not Applicable,Not Applicable,No influence on accident,Clear,TUMKURU BENGALURU NH 4 ROAD,Near Sangam Hotel,3km,0.0,0.0,0,0,0.0,0.0
Bengaluru Dist,Dobbespet PS,1.0442e+16,2016,1,2,Not Applicable,Narrow road,Not Applicable,Near a factory industrial area,Not Applicable,Not Applicable,Fatal,Hit pedestrian,Not Applicable,Not Applicable,State Highway,Not Applicable,Not Applicable,Not Applicable,Not Applicable,Complz,Road,2KM,0.0,0.0,0,0,0.0,0.0
Bengaluru Dist,Dobbespet PS,1.0442e+16,2016,1,2,Road Accidents,Other,Rural Areas,Near or inside a village,Human Error,Yes,Grievous Injury,Others,Not at  Junction,Others,State Highway,Bitumen(Tar),Others,No influence on accident,Fine,SH 03,KEB,100,0.0,0.0,0,1,0.0,1.0
Bengaluru Dist,Dobbespet PS,1.0442e+16,2016,1,2,Road Accidents,T Junction,Rural Areas,Near or inside a village,Human Error,No,Simple Injury,Others,No signal lights,Others,NH,Bitumen(Tar),Others,No influence on accident,Fine,NH04,RAYARAPALYA ROAD,100,0.0,0.0,0,1,0.0,1.0
Bengaluru Dist,Dobbespet PS,1.0442e+16,2016,1,1,Road Accidents,Other,Rural Areas,Near Bus stop,Human Error,No,Damage Only,Others,Not Applicable,Others,NH,Bitumen(Tar),Others,Not Applicable,Others,NH04,INDISTRIAL AREA ROAD,50,0.0,0.0,0,1,0.0,1.0
Bengaluru Dist,Dobbespet PS,1.0442e+16,2016,1,2,Road Accidents,Junction,Rural Areas,Open area,Human Error,No,Simple Injury,Others,No signal lights,Others,NH,Bitumen(Tar),Others,No influence on accident,Fine,N.H.04 ROAD,U TURN,20,0.0,0.0,0,1,0.0,1.0
Bengaluru Dist,Dobbespet PS,1.0442e+16,2016,1,3,Road Accidents,Other,Rural Areas,Near School or College,Human Error,Yes,Damage Only,Others,Not at  Junction,Others,NH,Bitumen(Tar),Others,No influence on accident,Fine,NH 04,JAI HIND,100,0.0,0.0,0,1,0.0,1.0
Bengaluru Dist,Dobbespet PS,1.0442e+16,2016,1,2,Not Applicable,Narrow road,Not Applicable,At pedestrian Crossing,Not Applicable,Not Applicable,Fatal,Others,Not Applicable,Not Applicable,NH,Not Applicable,Not Applicable,Not Applicable,Others,Road,Road,3KM,0.0,0.0,0,0,0.0,0.0
Bengaluru Dist,Dobbespet PS,1.0442e+16,2016,1,2,Road Accidents,Junction,Rural Areas,Near or inside a village,Human Error,No,Damage Only,Others,No signal lights,Others,NH,Bitumen(Tar),Others,No influence on accident,Fine,NH04,KAMADENU HOTEL,100,0.0,0.0,0,1,0.0,1.0
Bengaluru Dist,Dobbespet PS,1.0442e+16,2016,1,1,Road Accidents,Other,Rural Areas,Near Bus stop,Human Error,No,Grievous Injury,Rear end,Uncontrolled,Others,NH,Bitumen(Tar),Others,No influence on accident,Others,NH 04 ROAD,BUS STOP,100,0.0,0.0,0,1,0.0,1.0
Bengaluru Dist,Dobbespet PS,1.0442e+16,2016,1,1,Road Accidents,Other,Rural Areas,Near or inside a village,Human Error,No,Simple Injury,Others,Not at  Junction,Others,NH,Bitumen(Tar),Not Applicable,No influence on accident,Others,NH 04,GUNDENAHALLI LAKE,100,0.0,0.0,0,0,0.0,0.0
Bengaluru Dist,Dobbespet PS,1.0442e+16,2016,1,3,Road Accidents,T Junction,Rural Areas,Near or inside a village,Human Error,No,Damage Only,Others,No signal lights,Others,NH,Bitumen(Tar),Others,Not Applicable,Fine,NH 04 ROAD,RAYARAPALYA ROAD,50,0.0,0.0,0,1,0.0,1.0
Bengaluru Dist,Dobbespet PS,1.0442e+16,2016,1,2,Road Accidents,Junction,Rural Areas,Near a factory industrial area,Human Error,No,Damage Only,Others,No signal lights,Others,NH,Bitumen(Tar),Others,No influence on accident,Fine,NH 04 ROAD,INDUSTRIAL AREA,100,0.0,0.0,0,1,0.0,1.0
Bengaluru Dist,Dobbespet PS,1.0442e+16,2016,1,2,Road Accidents,Other,Rural Areas,Near or inside a village,Human Error,No,Damage Only,Others,Not at  Junction,Others,NH,Bitumen(Tar),Others,No influence on accident,Others,nh 04 road,ROAD,50,0.0,0.0,0,1,0.0,1.0
Bengaluru Dist,Dobbespet PS,1.0442e+16,2016,1,1,Not Applicable,Narrow road,Not Applicable,Near a religious place,Not Applicable,Not Applicable,Fatal,Others,Not Applicable,Others,Others,Not Applicable,Not Applicable,Not Applicable,Not Applicable,Road,road,4 KM,0.0,0.0,0,0,0.0,0.0
Bengaluru Dist,Dobbespet PS,1.0442e+16,2016,1,2,Not Applicable,Narrow road,Not Applicable,Narrow bridge or culverts,Not Applicable,Not Applicable,Fatal,Others,Not Applicable,Others,NH,Not Applicable,Not Applicable,Not Applicable,Not Applicable,road,Road,4kM,0.0,0.0,0,0,0.0,0.0
Bengaluru Dist,Dobbespet PS,1.0442e+16,2016,1,2,Road Accidents,Other,Rural Areas,Near or inside a village,Human Error,No,Grievous Injury,Others,Not at  Junction,Others,State Highway,Bitumen(Tar),Others,No influence on accident,Fine,SH 03,HONNENAHALLI,300,0.0,0.0,0,1,0.0,1.0
Bengaluru Dist,Dobbespet PS,1.0442e+16,2016,1,2,Road Accidents,Other,Rural Areas,Near Bus stop,Human Error,No,Damage Only,Others,Not at  Junction,Others,NH,Bitumen(Tar),Others,Not Applicable,Others,NH 04 ROAD,KAMADENU HOTEL,50,0.0,0.0,0,1,0.0,1.0
Bengaluru Dist,Dobbespet PS,1.0442e+16,2016,1,2,Road Accidents,Other,Rural Areas,Near Bus stop,Human Error,Yes,Simple Injury,Others,Not Applicable,Others,NH,Bitumen(Tar),Others,Not Applicable,Others,NH 04 ROAD,BUS STOP,100,0.0,0.0,0,1,0.0,1.0
Bengaluru Dist,Dobbespet PS,1.0442e+16,2016,1,2,Road Accidents,T Junction,Rural Areas,Near or inside a village,Human Error,No,Simple Injury,Others,No signal lights,Others,NH,Bitumen(Tar),Not Applicable,No influence on accident,Fine,NH04,JINDAL,100,0.0,0.0,0,0,0.0,0.0
Bengaluru Dist,Dobbespet PS,1.0442e+16,2016,1,2,Road Accidents,Other,Rural Areas,Open area,Not Applicable,No,Fatal,Others,Not at  Junction,Not Applicable,NH,Bitumen(Tar),Dry,Not Applicable,Fine,NH4,YEDEHALLI,1 KM,0.0,0.0,0,0,0.0,0.0
Bengaluru Dist,Dobbespet PS,1.0442e+16,2016,1,1,Not Applicable,Not Applicable,Not Applicable,Near a religious place,Not Applicable,Not Applicable,Fatal,Not Applicable,Not Applicable,Not Applicable,Not Applicable,Not Applicable,Not Applicable,Not Applicable,Not Applicable,road,Road,4km,0.0,0.0,0,0,0.0,0.0
Bengaluru Dist,Dobbespet PS,1.0442e+16,2016,1,2,Road Accidents,Other,Rural Areas,Near Bus stop,Human Error,No,Damage Only,Others,Not at  Junction,Others,NH,Bitumen(Tar),Others,No influence on accident,Others,NH 04 ROAD,BUS STOP,100,0.0,0.0,0,1,0.0,1.0
Bengaluru Dist,Dobbespet PS,1.0442e+16,2016,1,2,Road Accidents,Rail Crossing manned,Rural Areas,Near or inside a village,Human Error,No,Grievous Injury,Others,Stop sign,Others,Village Road,Bitumen(Tar),Others,No influence on accident,Others,YELEKYATHANAHALLI NIDAVANDA ROAD,RAILWAY GATE,100,0.0,0.0,0,1,0.0,1.0
Bengaluru Dist,Dobbespet PS,1.0442e+16,2016,1,1,Road Accidents,Cross roads,City/Town,Near or inside a village,Human Error,No,Fatal,Not Applicable,Not at  Junction,Curve,State Highway,Bitumen(Tar),Not Applicable,Not Applicable,Not Applicable,Dobbaspet Shivagange Road,Near Village,4 Km,0.0,0.0,0,0,0.0,0.0
Bengaluru Dist,Dobbespet PS,1.0442e+16,2016,1,2,Road Accidents,Other,Rural Areas,Near or inside a village,Human Error,No,Damage Only,Others,Not at  Junction,Others,Village Road,Bitumen(Tar),Others,No influence on accident,Fine,SHIVAGANGE MASKAL ROAD,BADRIPALYA,100,0.0,0.0,0,1,0.0,1.0
Bengaluru Dist,Dobbespet PS,1.0442e+16,2016,1,2,Road Accidents,Other,Rural Areas,Near or inside a village,Human Error,Yes,Grievous Injury,Others,Not at  Junction,Others,Others,Bitumen(Tar),Others,Not Applicable,Others,DOBASPET KORATAGERE ROAD,POLICE QUORTERS,200,0.0,0.0,0,1,0.0,1.0