DISTRICTNAME,UNITNAME,Crime_No,Year,RI,Noofvehicle_involved,Accident_Classification,Accident_Spot,Accident_Location,Accident_SubLocation,Main_Cause,Hit_Run,Severity,Collision_Type,Junction_Control,Road_Character,Road_Type,Surface_Type,Surface_Condition,Road_Condition,Weather,Accident_Road,Landmark_first,Distance_LandMark_First,Latitude,Longitude,Road_Condition_Score,Surface_Condition_Score,Surface_Type_Score,Road_Risk_Index
Bengaluru Dist,Dobbespet PS,1.0442e+16,2017,1,1,Road Accidents,Narrow road,Rural Areas,Near or inside a village,Human Error,No,Grievous Injury,Others,Not at  Junction,Not Applicable,Village Road,Bitumen(Tar),Not Applicable,Not Applicable,Others,Dobbaspet DB Pura Road,Dobbaspet DB Pura Road,4,0.0,0.0,0,0,0.0,0.0
Bengaluru Dist,Dobbespet PS,1.0442e+16,2017,1,2,Road Accidents,Curves,Rural Areas,Near or inside a village,Human Error,No,Grievous Injury,Not Applicable,Not at  Junction,Curve,Village Road,Bitumen(Tar),Others,Not Applicable,Others,Dobbaspet Lakkuru Road,Tar Road,2 KM,0.0,0.0,0,1,0.0,1.0
Bengaluru Dist,Dobbespet PS,1.0442e+16,2017,1,2,Road Accidents,Narrow road,City/Town,Near or inside a village,Human Error,No,Simple Injury,Not Applicable,Not at  Junction,Not Applicable,State Highway,Bitumen(Tar),Not Applicable,Not Applicable,Not Applicable,Dobbaspet Koratagere Road,Near Village,4 KM,0.0,0.0,0,0,0.0,0.0
Bengaluru Dist,Dobbespet PS,1.0442e+16,2017,1,1,Road Accidents,Narrow road,Rural Areas,Near or inside a village,Human Error,Yes,Grievous Injury,Not Applicable,Controlled,Not Applicable,Village Road,Bitumen(Tar),Not Applicable,Not Applicable,Others,Makenahalli Road,Near Govindappa Angadi,6 Km,0.0,0.0,0,0,0.0,0.0
Bengaluru Dist,Dobbespet PS,1.0442e+16,2017,1,2,Road Accidents,Other,Rural Areas,Near Bus stop,Not Applicable,Not Applicable,Fatal,Others,Not Applicable,Not Applicable,Village Road,Not Applicable,Not Applicable,Not Applicable,Not Applicable,N H 207,Near Bus Stand,7 KM,0.0,0.0,0,0,0.0,0.0
Bengaluru Dist,Dobbespet PS,1.0442e+16,2017,1,2,Road Accidents,Not Applicable,Not Applicable,Near Bus stop,Human Error,No,Grievous Injury,Not Applicable,Not Applicable,Not Applicable,State Highway,Bitumen(Tar),Not Applicable,Not Applicable,Not Applicable,Dobbaspet Koratagere Road,SH3,0.5 Km,0.0,0.0,0,0,0.0,0.0
Bengaluru Dist,Dobbespet PS,1.0442e+16,2017,1,2,Road Accidents,Not Applicable,City/Town,Near a factory industrial area,Human Error,Yes,Grievous Injury,Not Applicable,Not Applicable,Not Applicable,Not Applicable,Bitumen(Tar),Not Applicable,Not Applicable,Not Applicable,Dobbaspet Thyamagondlu Road,Dobbaspet Thyamagondlu Road,5 KM,0.0,0.0,0,0,0.0,0.0
Bengaluru Dist,Dobbespet PS,1.0442e+16,2017,1,2,Not Applicable,Cross roads,Not Applicable,Near a factory industrial area,Not Applicable,Not Applicable,Grievous Injury,Others,Not Applicable,Not Applicable,State Highway,Not Applicable,Not Applicable,Not Applicable,Not Applicable,Road,Road,3KM,0.0,0.0,0,0,0.0,0.0
Bengaluru Dist,Dobbespet PS,1.0442e+16,2017,1,2,Road Accidents,Narrow road,Rural Areas,Near or inside a village,Human Error,No,Grievous Injury,Not Applicable,Not at  Junction,Not Applicable,State Highway,Bitumen(Tar),Others,Not Applicable,Others,Dobbaspet Koratagere Road,SH 3,7 Km,0.0,0.0,0,1,0.0,1.0
Bengaluru Dist,Dobbespet PS,1.0442e+16,2017,1,2,Road Accidents,Other,Rural Areas,Near Bus stop,Human Error,No,Grievous Injury,Others,Not at  Junction,Others,State Highway,Bitumen(Tar),Others,Not Applicable,Others,"KORATAGERE DOBASPET ROAD, SH.3",BUS STOP,30,0.0,0.0,0,1,0.0,1.0
Bengaluru Dist,Dobbespet PS,1.0442e+16,2017,1,1,Road Accidents,Other,Villages settlement,Near a factory industrial area,Human Error,No,Simple Injury,Others,Controlled,Not Applicable,NH,Bitumen(Tar),Not Applicable,Not Applicable,Clear,Bengalore Tumkuru NH 04 Road,Near Industrial Aeria,2 Km,0.0,0.0,0,0,0.0,0.0
Bengaluru Dist,Dobbespet PS,1.0442e+16,2017,1,2,Road Accidents,Narrow road,Rural Areas,Open area,Human Error,Not Applicable,Fatal,Hit and Run,Not Applicable,Not Applicable,Village Road,Bitumen(Tar),Not Applicable,Not Applicable,Clear,village Road,0,13,0.0,0.0,0,0,0.0,0.0
Bengaluru Dist,Dobbespet PS,1.0442e+16,2017,1,2,Road Accidents,Bridge,City/Town,Near or inside a village,Human Error,No,Grievous Injury,Others,Not at  Junction,Incline,State Highway,Bitumen(Tar),Not Applicable,Not Applicable,Clear,Dobbaspet Koratagere Road,Near Lakkuru,3 Km,0.0,0.0,0,0,0.0,0.0
Bengaluru Dist,Dobbespet PS,1.0442e+16,2017,1,2,Road Accidents,Narrow road,Rural Areas,Near or inside a village,Human Error,No,Grievous Injury,Not Applicable,Controlled,Not Applicable,Others,Bitumen(Tar),Not Applicable,Not Applicable,Not Applicable,Shivagange Dobbaspet Road,Shivagange Dobbaspet Road,2 KM,0.0,0.0,0,0,0.0,0.0
Bengaluru Dist,Dobbespet PS,1.0442e+16,2017,1,2,Road Accidents,Not Applicable,Not Applicable,Near or inside a village,Not Applicable,Not Applicable,Grievous Injury,Not Applicable,Not Applicable,Not Applicable,Not Applicable,Not Applicable,Not Applicable,Not Applicable,Snow,Road,Road,0.05KM,0.0,0.0,0,0,0.0,0.0
Bengaluru Dist,Dobbespet PS,1.0442e+16,2017,1,1,Not Applicable,Narrow road,Not Applicable,Open area,Not Applicable,Not Applicable,Grievous Injury,Others,Not Applicable,Not Applicable,Not Applicable,Not Applicable,Not Applicable,Not Applicable,Not Applicable,Road,road,3KM,0.0,0.0,0,0,0.0,0.0
Bengaluru Dist,Dobbespet PS,1.0442e+16,2017,1,1,Road Accidents,Narrow road,City/Town,At pedestrian Crossing,Human Error,Yes,Grievous Injury,Hit and Run,Not Applicable,Not Applicable,State Highway,Bitumen(Tar),Not Applicable,Not Applicable,Not Applicable,Madhugiri Dobbaspet Road,State Highway,1,0.0,0.0,0,0,0.0,0.0
Bengaluru Dist,Dobbespet PS,1.0442e+16,2018,1,1,Road Accidents,Narrow road,Not Applicable,Open area,Not Applicable,Not Applicable,Fatal,Others,Not Applicable,Not Applicable,Minor District Road,Not Applicable,Not Applicable,Not Applicable,Not Applicable,N H 207,NH207,02 km,0.0,0.0,0,0,0.0,0.0
Bengaluru Dist,Dobbespet PS,1.0442e+16,2018,1,2,Not Applicable,Narrow road,Villages settlement,Near or inside a village,Human Error,Yes,Grievous Injury,Not Applicable,Not at  Junction,Not Applicable,Village Road,Bitumen(Tar),Not Applicable,Not Applicable,Not Applicable,SH,tar,8 KM,0.0,0.0,0,0,0.0,0.0
Bengaluru Dist,Dobbespet PS,1.0442e+16,2018,1,1,Road Accidents,Other,Villages settlement,Residential area,Not Applicable,Yes,Grievous Injury,Not Applicable,Not Applicable,Not Applicable,Village Road,Not Applicable,Not Applicable,Not Applicable,Others,Village Road,Road,6,0.0,0.0,0,0,0.0,0.0
Bengaluru Dist,Dobbespet PS,1.0442e+16,2018,1,1,Road Accidents,Narrow road,Not Applicable,Near or inside a village,Human Error,No,Grievous Injury,Not Applicable,Not at  Junction,Not Applicable,State Highway,Bitumen(Tar),Not Applicable,Not Applicable,Not Applicable,SH,tar,4 KM,0.0,0.0,0,0,0.0,0.0
Bengaluru Dist,Dobbespet PS,1.0442e+16,2018,1,1,Not Applicable,Narrow road,Not Applicable,Near or inside a village,Human Error,No,Grievous Injury,Not Applicable,Not at  Junction,Not Applicable,State Highway,Bitumen(Tar),Not Applicable,Not Applicable,Not Applicable,Dobbaspet Koratagere Road,Tar,5 KM,0.0,0.0,0,0,0.0,0.0
Bengaluru Dist,Dobbespet PS,1.0442e+16,2018,1,2,Road Accidents,Narrow road,City/Town,Near a factory industrial area,Human Error,Yes,Grievous Injury,Not Applicable,Not at  Junction,Not Applicable,Others,Bitumen(Tar),Not Applicable,Not Applicable,Clear,Industrial Area,Tar Road,3 KM,0.0,0.0,0,0,0.0,0.0
Bengaluru Dist,Dobbespet PS,1.0442e+16,2018,1,2,Road Accidents,Cross roads,Rural Areas,At pedestrian Crossing,Not Applicable,Not Applicable,Fatal,Not Applicable,Not Applicable,Not Applicable,NH,Surfaced,Not Applicable,Not Applicable,Not Applicable,N H 207,Niduvanda Colony,4 KM,0.0,0.0,0,0,,
Bengaluru Dist,Dobbespet PS,1.0442e+16,2018,1,1,Road Accidents,Not Applicable,City/Town,Near Bus stop,Human Error,Yes,Grievous Injury,Not Applicable,Not at  Junction,Not Applicable,State Highway,Bitumen(Tar),Others,Not Applicable,Clear,SH,Tar,4 Km,0.0,0.0,0,1,0.0,1.0
Bengaluru Dist,Dobbespet PS,1.0442e+16,2018,1,1,Not Applicable,Narrow road,City/Town,Near a factory industrial area,Human Error,No,Grievous Injury,Not Applicable,Not at  Junction,Not Applicable,NH,Not Applicable,Not Applicable,Not Applicable,Not Applicable,Tar,Tar,5 KM,0.0,0.0,0,0,0.0,0.0
Bengaluru Dist,Dobbespet PS,1.0442e+16,2018,1,2,Road Accidents,Narrow road,Villages settlement,Near a factory industrial area,Human Error,No,Grievous Injury,Not Applicable,Not at  Junction,Not Applicable,Not Applicable,Bitumen(Tar),Not Applicable,Not Applicable,Clear,NH 207,Tar,4 Km,0.0,0.0,0,0,0.0,0.0
Bengaluru Dist,Dobbespet PS,1.0442e+16,2018,1,2,Road Accidents,Narrow road,City/Town,Near Bus stop,Human Error,No,Grievous Injury,Not Applicable,Not at  Junction,Not Applicable,State Highway,Bitumen(Tar),Not Applicable,Not Applicable,Not Applicable,Dobbaspet D B Pura Road,Tar,1.5 Km,0.0,0.0,0,0,0.0,0.0
Bengaluru Dist,Dobbespet PS,1.0442e+16,2018,1,2,Road Accidents,Curves,City/Town,Near Bus stop,Human Error,No,Damage Only,Not Applicable,Not Applicable,Slight Curve,NH,Bitumen(Tar),Not Applicable,Not Applicable,Clear,NH 207 Road,Dobbaspet Circle,1 Km,0.0,0.0,0,0,0.0,0.0
Bengaluru Dist,Dobbespet PS,1.0442e+16,2018,1,2,Road Accidents,Narrow road,City/Town,Near Hospital,Human Error,No,Grievous Injury,Not Applicable,Not Applicable,Not Applicable,State Highway,Bitumen(Tar),Not Applicable,Not Applicable,Not Applicable,Dobbaspet Madhugiri Road,Tar Road,1 KM,0.0,0.0,0,0,0.0,0.0
Bengaluru Dist,Dobbespet PS,1.0442e+16,2018,1,1,Road Accidents,Narrow road,Villages settlement,Near a factory industrial area,Not Applicable,No,Fatal,Hit pedestrian,Not Applicable,Not Applicable,State Highway,Bitumen(Tar),Not Applicable,Not Applicable,Clear,State Highway,0,4km,0.0,0.0,0,0,0.0,0.0
Bengaluru Dist,Dobbespet PS,1.0442e+16,2018,1,2,Road Accidents,Not Applicable,Villages settlement,Near or inside a village,Human Error,No,Grievous Injury,Not Applicable,Not at  Junction,Not Applicable,State Highway,Bitumen(Tar),Not Applicable,Not Applicable,Clear,State Highway,Near Bustap,3 KM,0.0,0.0,0,0,0.0,0.0
Bengaluru Dist,Dobbespet PS,1.0442e+16,2018,1,2,Road Accidents,Narrow road,City/Town,Near Bus stop,Human Error,No,Grievous Injury,Others,Not at  Junction,Not Applicable,City or Town Road,Bitumen(Tar),Not Applicable,Not Applicable,Not Applicable,NH 207 Road,Tar Road,3 Km,0.0,0.0,0,0,0.0,0.0
Bengaluru Dist,Dobbespet PS,1.0442e+16,2018,1,2,Road Accidents,Narrow road,City/Town,Near School or College,Human Error,No,Grievous Injury,Not Applicable,Not Applicable,Not Applicable,Not Applicable,Not Applicable,Not Applicable,Not Applicable,Not Applicable,NH 207 Road,Tar,2 Km,0.0,0.0,0,0,0.0,0.0
Bengaluru Dist,Dobbespet PS,1.0442e+16,2018,1,2,Road Accidents,Narrow road,City/Town,Near a factory industrial area,Human Error,No,Damage Only,Not Applicable,Not Applicable,Not Applicable,Two way,Bitumen(Tar),Others,Not Applicable,Not Applicable,Edehalli U turm,Tar Road,1 KM,0.0,0.0,0,1,0.0,1.0
Bengaluru Dist,Dobbespet PS,1.0442e+16,2018,1,1,Not Applicable,Not Applicable,Rural Areas,Near or inside a village,Human Error,Yes,Grievous Injury,Hit and Run,Not Applicable,Not Applicable,Not Applicable,Bitumen(Tar),Not Applicable,Not Applicable,Not Applicable,SH,Tar,8 Km,0.0,0.0,0,0,0.0,0.0
Bengaluru Dist,Dobbespet PS,1.0442e+16,2018,1,2,Road Accidents,Narrow road,Rural Areas,Open area,Human Error,No,Fatal,Rear end,Not Applicable,Not Applicable,Village Road,Bitumen(Tar),Not Applicable,Not Applicable,Clear,Village Road,0,5 km,0.0,0.0,0,0,0.0,0.0
Bengaluru Dist,Dobbespet PS,1.0442e+16,2018,1,1,Not Applicable,Other,Not Applicable,Near or inside a village,Not Applicable,Not Applicable,Fatal,Not Applicable,Not Applicable,Not Applicable,Not Applicable,Not Applicable,Not Applicable,Not Applicable,Not Applicable,Niduvanda Colony,Near Niduvanda Colony,4 km,0.0,0.0,0,0,0.0,0.0
Bengaluru Dist,Dobbespet PS,1.0442e+16,2018,1,2,Not Applicable,Not Applicable,Not Applicable,Near or inside a village,Human Error,Yes,Grievous Injury,Not Applicable,Not Applicable,Not Applicable,Not Applicable,Not Applicable,Not Applicable,Not Applicable,Not Applicable,Other Road,Tar,8 KM,0.0,0.0,0,0,0.0,0.0
Bengaluru Dist,Dobbespet PS,1.0442e+16,2018,1,2,Road Accidents,Narrow road,Not Applicable,Open area,Human Error,Yes,Grievous Injury,Not Applicable,Not at  Junction,Not Applicable,Not Applicable,Bitumen(Tar),Not Applicable,Not Applicable,Not Applicable,Shivagange Road,Tar,5 KM,0.0,0.0,0,0,0.0,0.0
Bengaluru Dist,Dobbespet PS,1.0442e+16,2018,1,1,Not Applicable,Not Applicable,Not Applicable,Open area,Human Error,No,Fatal,Drowned,Not Applicable,Others,Not Applicable,Kutcha,Not Applicable,Not Applicable,Not Applicable,Mines Road,Mines Places,4 km,0.0,0.0,0,0,4.0,4.0
Bengaluru Dist,Dobbespet PS,1.0442e+16,2018,1,2,Road Accidents,Not Applicable,City/Town,Near a factory industrial area,Human Error,No,Damage Only,Not Applicable,Not at  Junction,Not Applicable,City or Town Road,Bitumen(Tar),Others,Not Applicable,Others,Dobbaspet D B PUra Road,Tar Road,5 KM,0.0,0.0,0,1,0.0,1.0
Bengaluru Dist,Dobbespet PS,1.0442e+16,2018,1,1,Road Accidents,Other,Villages settlement,Near or inside a village,Human Error,No,Grievous Injury,Others,Uncontrolled,Others,State Highway,Bitumen(Tar),Dry,Not Applicable,Fine,state high way,near Honnenahalli,3 kms,0.0,0.0,0,0,0.0,0.0
Bengaluru Dist,Dobbespet PS,1.0442e+16,2018,1,2,Road Accidents,Other,Rural Areas,Near or inside a village,Human Error,Yes,Grievous Injury,Others,Uncontrolled,Not Applicable,State Highway,Bitumen(Tar),Dry,Not Applicable,Fine,state high way,Near Madenahalli gate,5kms,0.0,0.0,0,0,0.0,0.0
Bengaluru Dist,Dobbespet PS,1.0442e+16,2018,1,2,Road Accidents,Narrow road,Rural Areas,Near Petrol Pump,Human Error,Yes,Fatal,Head on,Not Applicable,Not Applicable,Others,Bitumen(Tar),Not Applicable,Not Applicable,Others,Other Road,0,0,0.0,0.0,0,0,0.0,0.0
Bengaluru Dist,Dobbespet PS,1.0442e+16,2018,1,2,Road Accidents,Narrow road,Not Applicable,Open area,Not Applicable,No,Fatal,Not Applicable,Not Applicable,Others,Sub Arterial,Bitumen(Tar),Others,Not Applicable,Not Applicable,Indestrial Area,Indestrial Area,5 KM,0.0,0.0,0,1,0.0,1.0
Bengaluru Dist,Dobbespet PS,1.0442e+16,2018,1,1,Road Accidents,Road hump or Rumble strips,Rural Areas,Residential area,Human Error,No,Fatal,Skidding or Self accident,Not Applicable,Not Applicable,Village Road,Bitumen(Tar),Not Applicable,Not Applicable,Fine,village Road,0,7km,0.0,0.0,0,0,0.0,0.0
Bengaluru Dist,Dobbespet PS,1.0442e+16,2018,1,2,Road Accidents,Cross roads,City/Town,Near a factory industrial area,Human Error,No,Damage Only,Not Applicable,Not at  Junction,Curve,Others,Not Applicable,Not Applicable,Not Applicable,Clear,Industrial Aera,Tar,5 KM,0.0,0.0,0,0,0.0,0.0
Bengaluru Dist,Dobbespet PS,1.0442e+16,2018,1,1,Road Accidents,Narrow road,Not Applicable,Near School or College,Human Error,Yes,Grievous Injury,Not Applicable,Not at  Junction,Not Applicable,City or Town Road,Bitumen(Tar),Not Applicable,Not Applicable,Clear,Shivagange Road,tar,2 KM,0.0,0.0,0,0,0.0,0.0
Bengaluru Dist,Dobbespet PS,1.0442e+16,2018,1,1,Not Applicable,Narrow road,Not Applicable,Near Bus stop,Human Error,Not Applicable,Grievous Injury,Not Applicable,Not Applicable,Not Applicable,NH,Bitumen(Tar),Not Applicable,Not Applicable,Clear,NH 207,Tar,1 Km,0.0,0.0,0,0,0.0,0.0
Bengaluru Dist,Dobbespet PS,1.0442e+16,2018,1,2,Road Accidents,Not Applicable,City/Town,Near a factory industrial area,Human Error,Yes,Grievous Injury,Not Applicable,Not Applicable,Not Applicable,Not Applicable,Bitumen(Tar),Not Applicable,Not Applicable,Not Applicable,SH,tar,1 Km,0.0,0.0,0,0,0.0,0.0
Bengaluru Dist,Dobbespet PS,1.0442e+16,2018,1,2,Road Accidents,Not Applicable,Not Applicable,Near or inside a village,Human Error,Yes,Grievous Injury,Not Applicable,Not Applicable,Not Applicable,Not Applicable,Not Applicable,Not Applicable,Not Applicable,Not Applicable,Road Accident,Tar Road,7  KM,0.0,0.0,0,0,0.0,0.0
Bengaluru Dist,Dobbespet PS,1.0442e+16,2018,1,2,Road Accidents,Not Applicable,Rural Areas,Near or inside a village,Human Error,No,Grievous Injury,Not Applicable,Not Applicable,Not Applicable,Others,Bitumen(Tar),Not Applicable,Not Applicable,Clear,Other Road,Tar Road,1/2 KM,0.0,0.0,0,0,0.0,0.0
Bengaluru Dist,Dobbespet PS,1.0442e+16,2018,1,1,Road Accidents,Narrow road,Rural Areas,Open area,Human Error,Yes,Grievous Injury,Not Applicable,Not Applicable,Straight and flat,State Highway,Bitumen(Tar),Dry,Not Applicable,Clear,Dobbaspete-Madhigiri road,Bus stand Makenahalli,6 km,0.0,0.0,0,0,0.0,0.0
Bengaluru Dist,Dobbespet PS,1.0442e+16,2018,1,2,Road Accidents,Not Applicable,Villages settlement,Near or inside a village,Human Error,No,Grievous Injury,Not Applicable,Not at  Junction,Not Applicable,One way,Concrete,Not Applicable,Not Applicable,Not Applicable,Other Road,tar,10 KM,0.0,0.0,0,0,0.0,0.0
Bengaluru Dist,Dobbespet PS,1.0442e+16,2018,1,2,Road Accidents,Narrow road,Rural Areas,Open area,Human Error,No,Damage Only,Others,Not Applicable,Others,State Highway,Bitumen(Tar),Dry,Not Applicable,Very Hot,DOBBASPETE- MADHUGIRI ROAD,INDIAN PETROL BUNK,6 KM,0.0,0.0,0,0,0.0,0.0
Bengaluru Dist,Dobbespet PS,1.0442e+16,2018,1,1,Road Accidents,Other,Not Applicable,Open area,Not Applicable,Not Applicable,Fatal,Others,Uncontrolled,Not Applicable,Not Applicable,Bitumen(Tar),Not Applicable,Not Applicable,Not Applicable,Dobbaspet pavagada Road,Near petrol bonk,5,0.0,0.0,0,0,0.0,0.0
Bengaluru Dist,Dobbespet PS,1.0442e+16,2018,1,1,Road Accidents,Narrow road,Villages settlement,Near or inside a village,Human Error,Yes,Grievous Injury,Not Applicable,Not Applicable,Not Applicable,Others,Bitumen(Tar),Not Applicable,Not Applicable,Clear,Shivagange Dobbaspet Road,Tar Road,5 KM,0.0,0.0,0,0,0.0,0.0
Bengaluru Dist,Dobbespet PS,1.0442e+16,2018,1,2,Road Accidents,Other,Rural Areas,Near or inside a village,Human Error,No,Grievous Injury,Others,Uncontrolled,Others,Others,Bitumen(Tar),Dry,Not Applicable,Fine,other road,near Honnenahalli,3 kms,0.0,0.0,0,0,0.0,0.0
Bengaluru Dist,Dobbespet PS,1.0442e+16,2019,1,1,Road Accidents,Narrow road,Rural Areas,Near Bus stop,Human Error,No,Grievous Injury,Vehicle to Vehicle,Not at  Junction,Straight and flat,NH,Bitumen(Tar),Dry,Not Applicable,Clear,NH 207,Tar,3 Km,13.23208,77.259383,0,0,0.0,0.0
Bengaluru Dist,Dobbespet PS,1.0442e+16,2019,1,1,Road Accidents,Narrow road,Rural Areas,Residential area,Human Error,Yes,Grievous Injury,Hit pedestrian,Not Applicable,Straight and flat,State Highway,Bitumen(Tar),Dry,Not Applicable,Clear,KORATAGERE-DOBBASPETE ROAD,Vivekanandha School,0,13.232207,77.241996,0,0,0.0,0.0
Bengaluru Dist,Dobbespet PS,1.0442e+16,2019,1,2,Road Accidents,Narrow road,Rural Areas,Open area,Human Error,No,Fatal,Vehicle to Vehicle,Not at  Junction,Straight and flat,State Highway,Bitumen(Tar),Not Applicable,Not Applicable,Clear,Koratagere Dobbaspet Road,Govinde Gowdara Neelgiri Land,5 km,13.22763,77.241323,0,0,0.0,0.0
Bengaluru Dist,Dobbespet PS,1.0442e+16,2019,1,1,Road Accidents,Curves,Rural Areas,Residential area,Human Error,No,Fatal,Not Applicable,Not Applicable,Curve,Others,Bitumen(Tar),Dry,Not Applicable,Clear,Gowdown Inside,Palicab Wires Wear house,03 KM,13.22543,77.262395,0,0,0.0,0.0
Bengaluru Dist,Dobbespet PS,1.0442e+16,2019,1,1,Road Accidents,Cross roads,Rural Areas,Near School or College,Human Error,No,Fatal,Vehicle to Vehicle,Uncontrolled,Straight and flat,NH,Bitumen(Tar),Not Applicable,Not Applicable,Clear,village Road,Kambalu village near Prgnajanya Inter national school,8km,13.170374,77.240949,0,0,0.0,0.0
Bengaluru Dist,Dobbespet PS,1.0442e+16,2019,1,1,Road Accidents,Narrow road,Rural Areas,Near or inside a village,Human Error,No,Grievous Injury,Hit pedestrian,Not at  Junction,Hump,Two way,Bitumen(Tar),Not Applicable,Not Applicable,Clear,Shivagange Kuduru Road,Tar,8 KM,13.178486,77.215075,0,0,0.0,0.0
Bengaluru Dist,Dobbespet PS,1.0442e+16,2019,1,1,Road Accidents,Narrow road,Rural Areas,Open area,Human Error,No,Grievous Injury,Hit pedestrian,Not Applicable,Straight and flat,Others,Bitumen(Tar),Dry,Not Applicable,Clear,Dobbaspete town agalakuppa road,Maruthi wain Store,1 KM,13.228914,77.237344,0,0,0.0,0.0
Bengaluru Dist,Dobbespet PS,1.0442e+16,2019,1,2,Rail Road Accidents,Narrow road,Rural Areas,Near Bus stop,Human Error,No,Grievous Injury,Vehicle to Vehicle,Not at  Junction,Straight and flat,State Highway,Bitumen(Tar),Dry,Not Applicable,Clear,Dobabspet Madhugiri Road,tar,1 KM,13.227739,77.242076,0,0,0.0,0.0
Bengaluru Dist,Dobbespet PS,1.0442e+16,2019,1,2,Rail Road Accidents,Narrow road,Rural Areas,Near School or College,Human Error,No,Grievous Injury,Vehicle to Vehicle,Give way sign,Straight and flat,Others,Bitumen(Tar),Dry,Not Applicable,Clear,DOBBASPETE-SHIVAGANGE ROAD,BASAVASRI SHIVASRI KALYANA MANTAPA,3 KM,13.215985,77.241295,0,0,0.0,0.0
Bengaluru Dist,Dobbespet PS,1.0442e+16,2019,1,2,Road Accidents,Narrow road,Rural Areas,Narrow bridge or culverts,Human Error,No,Fatal,Vehicle to Vehicle,Not Applicable,Straight and flat,State Highway,Bitumen(Tar),Dry,Not Applicable,Fine,DOBBASPETE-KORATAGERE ROAD,LAKKURU RAILWAY BRIDGE,1 KM,13.235208,77.240956,0,0,0.0,0.0
Bengaluru Dist,Dobbespet PS,1.0442e+16,2019,1,2,Road Accidents,Cross roads,Rural Areas,Near Petrol Pump,Human Error,No,Fatal,Vehicle to Vehicle,Not Applicable,Straight and flat,State Highway,Bitumen(Tar),Not Applicable,Not Applicable,Clear,NH High way cross,0,6 km,13.262436,77.24753,0,0,0.0,0.0
Bengaluru Dist,Dobbespet PS,1.0442e+16,2019,1,2,Road Accidents,Narrow road,Rural Areas,Residential area,Human Error,No,Grievous Injury,Vehicle to Vehicle,Not at  Junction,Straight and flat,State Highway,Bitumen(Tar),Others,Not Applicable,Clear,DOBBASPET KORATAGERE ROAD NARASIPURA TOPU,Tar,6 KM,13.272931,77.2441909,0,1,0.0,1.0
Bengaluru Dist,Dobbespet PS,1.0442e+16,2019,1,1,Road Accidents,Narrow road,Rural Areas,Residential area,Human Error,No,Grievous Injury,Hit pedestrian,Not at  Junction,Straight and flat,Others,Bitumen(Tar),Dry,Not Applicable,Clear,Billinakote colony Sompura (H) Nelamangala (T),COMPLAINANT HOUSE,6 KM,13.188607,77.267175,0,0,0.0,0.0
Bengaluru Dist,Dobbespet PS,1.0442e+16,2019,1,2,Road Accidents,Narrow road,Rural Areas,Near Bus stop,Human Error,No,Grievous Injury,Vehicle to Vehicle,Not at  Junction,Straight and flat,Others,Not Applicable,Dry,Not Applicable,Clear,Dobbaspet Shivagange Road,SH,1 KM,13.253409,77.203082,0,0,0.0,0.0
Bengaluru Dist,Dobbespet PS,1.0442e+16,2019,1,1,Not Applicable,Narrow road,Rural Areas,Open area,Human Error,No,Simple Injury,Not Applicable,Not Applicable,Curve,State Highway,Bitumen(Tar),Dry,Not Applicable,Clear,SH,Tar,5 KM,13.178135,77.226815,0,0,0.0,0.0
Bengaluru Dist,Dobbespet PS,1.0442e+16,2019,1,1,Road Accidents,Narrow road,Rural Areas,Near a factory industrial area,Human Error,No,Grievous Injury,Not Applicable,Not at  Junction,Straight and flat,NH,Bitumen(Tar),Not Applicable,Not Applicable,Clear,NH 207,tar,3 KM,13.235593,77.239206,0,0,0.0,0.0
Bengaluru Dist,Dobbespet PS,1.0442e+16,2019,1,2,Road Accidents,Narrow road,Rural Areas,Open area,Human Error,No,Grievous Injury,Vehicle to Vehicle,Uncontrolled,Straight and flat,Others,Bitumen(Tar),Dry,Not Applicable,Clear,Dobbaspete-Shivagange Road,Byrava militari Hotel,1 km,13.2221,77.242826,0,0,0.0,0.0
Bengaluru Dist,Dobbespet PS,1.0442e+16,2019,1,2,Road Accidents,Narrow road,Rural Areas,Open area,Human Error,No,Grievous Injury,Vehicle to Vehicle,Not at  Junction,Not Applicable,NH,Bitumen(Tar),Not Applicable,Not Applicable,Fine,NH 207,Tar Road,6 KM,13.234553,77.267857,0,0,0.0,0.0
Bengaluru Dist,Dobbespet PS,1.0442e+16,2019,1,2,Road Accidents,Narrow road,Rural Areas,Near a factory industrial area,Human Error,No,Grievous Injury,Vehicle to Vehicle,Not Applicable,Straight and flat,NH,Bitumen(Tar),Dry,Not Applicable,Clear,NH 207,tar,4 KM,13.196465,77.271803,0,0,0.0,0.0
Bengaluru Dist,Dobbespet PS,1.0442e+16,2019,1,1,Road Accidents,Narrow road,Rural Areas,Open area,Human Error,No,Grievous Injury,Hit pedestrian,Not Applicable,Straight and flat,Others,Bitumen(Tar),Dry,Not Applicable,Clear,Thyamagondlu-Kolala Road,Erappas Land,7 km,13.318847,77.311338,0,0,0.0,0.0