DISTRICTNAME,UNITNAME,Crime_No,Year,RI,Noofvehicle_involved,Accident_Classification,Accident_Spot,Accident_Location,Accident_SubLocation,Main_Cause,Hit_Run,Severity,Collision_Type,Junction_Control,Road_Character,Road_Type,Surface_Type,Surface_Condition,Road_Condition,Weather,Accident_Road,Landmark_first,Distance_LandMark_First,Latitude,Longitude,Road_Condition_Score,Surface_Condition_Score,Surface_Type_Score,Road_Risk_Index
Bengaluru Dist,Dobbespet PS,1.0442e+16,2019,1,2,Road Accidents,Narrow road,Rural Areas,Open area,Human Error,No,Grievous Injury,Vehicle to Vehicle,Not Applicable,Straight and flat,Others,Bitumen(Tar),Dry,Not Applicable,Clear,Shripathihalli-Dobbaspete road,land,8 km,13.201908,77.203194,0,0,0.0,0.0
Bengaluru Dist,Dobbespet PS,1.0442e+16,2019,1,2,Road Accidents,Narrow road,Rural Areas,Residential area,Human Error,No,Fatal,Vehicle to Vehicle,Not Applicable,Straight and flat,State Highway,Bitumen(Tar),Dry,Not Applicable,Clear,state High way,Emachenahalli gate,4,13.265222,77.245471,0,0,0.0,0.0
Bengaluru Dist,Dobbespet PS,1.0442e+16,2019,1,3,Road Accidents,Narrow road,Rural Areas,Residential area,Human Error,No,Damage Only,Vehicle to Vehicle,Not at  Junction,Straight and flat,State Highway,Bitumen(Tar),Not Applicable,Not Applicable,Clear,DOBBASPETE-KORATAGERE ROAD MAKENAHALLI,Tar,6 KM,13.297551,77.239379,0,0,0.0,0.0
Bengaluru Dist,Dobbespet PS,1.0442e+16,2019,1,2,Road Accidents,Narrow road,Rural Areas,Near a factory industrial area,Human Error,Yes,Fatal,Vehicle to Vehicle,Not Applicable,Straight and flat,State Highway,Bitumen(Tar),Dry,Not Applicable,Clear,STATE HIGH WAY,TRMN FACTORY DOBBASPETE,4KM,13.233731,77.265289,0,0,0.0,0.0
Bengaluru Dist,Dobbespet PS,1.0442e+16,2019,1,3,Road Accidents,Narrow road,Rural Areas,Near office complex,Human Error,No,Grievous Injury,Vehicle to Vehicle,Not Applicable,Straight and flat,NH,Bitumen(Tar),Dry,Not Applicable,Clear,D B PURA-DOBBASPETE NH 207 ROAD,BSNL OFFICE,4 KM,13.230807,77.252609,0,0,0.0,0.0
Bengaluru Dist,Dobbespet PS,1.0442e+16,2019,1,2,Road Accidents,Narrow road,Rural Areas,Near Petrol Pump,Human Error,Yes,Grievous Injury,Vehicle to Vehicle,Not at  Junction,Straight and flat,State Highway,Bitumen(Tar),Others,Not Applicable,Clear,SH 03,TAR,6 KM,13.265107,77.245199,0,1,0.0,1.0
Bengaluru Dist,Dobbespet PS,1.0442e+16,2019,1,1,Road Accidents,Narrow road,Rural Areas,Near a factory industrial area,Human Error,No,Grievous Injury,Hit pedestrian,Not Applicable,Straight and flat,Others,Bitumen(Tar),Dry,Not Applicable,Clear,NIDAVANDA COLONY ROAD,NIDAVANDA COLONY,6 KM,13.229366,77.274679,0,0,0.0,0.0
Bengaluru Dist,Dobbespet PS,1.0442e+16,2019,1,2,Road Accidents,Narrow road,Rural Areas,Residential area,Human Error,No,Grievous Injury,Vehicle to Vehicle,Not Applicable,Straight and flat,NH,Bitumen(Tar),Dry,Not Applicable,Clear,D B PURA-DOBBASPETE NH 207 ROAD,Pemmanahalli bus stand,3 km,13.232324,77.259602,0,0,0.0,0.0
Bengaluru Dist,Dobbespet PS,1.0442e+16,2019,1,1,Rail Road Accidents,Not Applicable,Rural Areas,Near a factory industrial area,Human Error,No,Grievous Injury,Not Applicable,Not at  Junction,Not Applicable,NH,Bitumen(Tar),Dry,Not Applicable,Clear,NH 207,Tar,4 KM,13.211748,77.2392189,0,0,0.0,0.0
Bengaluru Dist,Dobbespet PS,1.0442e+16,2019,1,1,Road Accidents,Narrow road,Rural Areas,Near a factory industrial area,Human Error,Yes,Grievous Injury,Hit pedestrian,Not at  Junction,Straight and flat,NH,Bitumen(Tar),Dry,Not Applicable,Clear,Dobbaspet D B Pura Road,Tar,2 Km,13.194491,77.206419,0,0,0.0,0.0
Bengaluru Dist,Dobbespet PS,1.0442e+16,2019,1,2,Road Accidents,Narrow road,Rural Areas,Open area,Human Error,Yes,Fatal,Hit pedestrian,Not Applicable,Straight and flat,Two way,Bitumen(Tar),Dry,No influence on accident,Clear,Tar Road,Near Narasipura Village,5 km,13.29758,77.29121,0,0,0.0,0.0
Bengaluru Dist,Dobbespet PS,1.0442e+16,2019,1,2,Road Accidents,Curves,Rural Areas,Open area,Human Error,No,Grievous Injury,Vehicle to Vehicle,Not at  Junction,Curve,State Highway,Bitumen(Tar),Dry,Not Applicable,Clear,SH 209,Tar,6 KM,13.266607,77.2443129,0,0,0.0,0.0
Bengaluru Dist,Dobbespet PS,1.0442e+16,2019,1,1,Road Accidents,Narrow road,Rural Areas,Residential area,Human Error,No,Grievous Injury,Hit pedestrian,Not Applicable,Straight and flat,State Highway,Bitumen(Tar),Dry,Not Applicable,Clear,KORATAGERE-DOBBASPETE ROAD,COMPLAINANT HOUSE,3,13.245335,77.246343,0,0,0.0,0.0
Bengaluru Dist,Dobbespet PS,1.0442e+16,2019,1,2,Road Accidents,Narrow road,Rural Areas,Near or inside a village,Human Error,No,Fatal,Vehicle to Vehicle,Not at  Junction,Others,State Highway,Bitumen(Tar),Others,No influence on accident,Others,SH 03 ROAD,AZAZ KHAN LAND,50,13.301388,77.239169,0,1,0.0,1.0
Bengaluru Dist,Dobbespet PS,1.0442e+16,2019,1,2,Road Accidents,Circle,Rural Areas,Near Petrol Pump,Human Error,No,Simple Injury,Vehicle to Vehicle,Not Applicable,Curve,Not Applicable,Bitumen(Tar),Dry,Not Applicable,Clear,SHIVANGANGE-DOBBASPTE ROAD,SHARADA CROSS,5 KM,13.186608,77.235466,0,0,0.0,0.0
Bengaluru Dist,Dobbespet PS,1.0442e+16,2019,1,1,Road Accidents,Narrow road,Rural Areas,Residential area,Human Error,No,Grievous Injury,Hit pedestrian,Not at  Junction,Straight and flat,State Highway,Bitumen(Tar),Dry,Not Applicable,Clear,SH 03,Tar,6 KM,13.274433,77.243654,0,0,0.0,0.0
Bengaluru Dist,Dobbespet PS,1.0442e+16,2019,1,2,Road Accidents,Narrow road,Rural Areas,Residential area,Human Error,No,Simple Injury,Vehicle to Vehicle,Not Applicable,Straight and flat,Others,Bitumen(Tar),Dry,Not Applicable,Clear,Shivagange-Dobbaspete Road,Maruthi mahal kalyanamantapa,2km,13.219413,77.242991,0,0,0.0,0.0
Bengaluru Dist,Dobbespet PS,1.0442e+16,2019,1,1,Road Accidents,Narrow road,Rural Areas,Open area,Human Error,No,Grievous Injury,Not Applicable,Not Applicable,Straight and flat,State Highway,Bitumen(Tar),Dry,Not Applicable,Clear,Koratagere Dobbaspet Road,Makenahalli bus stand,7  km,13.293812,77.238932,0,0,0.0,0.0
Bengaluru Dist,Dobbespet PS,1.0442e+16,2019,1,1,Road Accidents,Narrow road,Rural Areas,Open area,Human Error,No,Fatal,Hit pedestrian,Not Applicable,Straight and flat,Others,Bitumen(Tar),Dry,Not Applicable,Clear,Rural Area,Giriyanapalya,9 km,13.228985,77.241815,0,0,0.0,0.0
Bengaluru Dist,Dobbespet PS,1.0442e+16,2019,1,2,Road Accidents,Narrow road,Rural Areas,Open area,Human Error,No,Grievous Injury,Vehicle to Vehicle,Not Applicable,Straight and flat,NH,Bitumen(Tar),Dry,Not Applicable,Cloudy,D B PURA-DOBBASPETE NH 207 ROAD,Kurlan sales shop,3 km,13.223206,77.251486,0,0,0.0,0.0
Bengaluru Dist,Dobbespet PS,1.0442e+16,2019,1,2,Road Accidents,Narrow road,Rural Areas,Open area,Human Error,No,Grievous Injury,Vehicle to Vehicle,Not Applicable,Straight and flat,NH,Bitumen(Tar),Dry,Not Applicable,Clear,D.B.PURA-DOBBASPETE NH 207 ROAD,SUBRAMANYA LAYOUT,3 KM,13.232557,77.259563,0,0,0.0,0.0
Bengaluru Dist,Dobbespet PS,1.0442e+16,2019,1,2,Road Accidents,Narrow road,Rural Areas,Open area,Human Error,No,Grievous Injury,Vehicle to Vehicle,Not at  Junction,Straight and flat,NH,Bitumen(Tar),Others,Not Applicable,Clear,NH 207 DODDABELLAPUR-DOBBASPET ROAD,PEMMANAHALLI,6 KM,13.232028,77.259149,0,1,0.0,1.0
Bengaluru Dist,Dobbespet PS,1.0442e+16,2019,1,2,Road Accidents,Narrow road,Rural Areas,Open area,Human Error,No,Grievous Injury,Vehicle to Vehicle,Not Applicable,Straight and flat,State Highway,Bitumen(Tar),Dry,Not Applicable,Clear,Koratagere Dobbaspet Road,Manjunathas Nilagiri plantetion,6 KM,13.255241,77.248646,0,0,0.0,0.0
Bengaluru Dist,Dobbespet PS,1.0442e+16,2019,1,2,Road Accidents,Cross roads,Rural Areas,Open area,Human Error,No,Fatal,Hit pedestrian,Not Applicable,Straight and flat,State Highway,Bitumen(Tar),Not Applicable,Not Applicable,Clear,state High way,Halenahalli gate,6km,13.148119,77.252007,0,0,0.0,0.0
Bengaluru Dist,Dobbespet PS,1.0442e+16,2019,1,1,Road Accidents,Narrow road,Rural Areas,Open area,Not Applicable,Yes,Fatal,Not Applicable,Not Applicable,Not Applicable,One way,Bitumen(Tar),Not Applicable,Not Applicable,Clear,village Road,0,7 km,13.256072,77.207837,0,0,0.0,0.0
Bengaluru Dist,Dobbespet PS,1.0442e+16,2019,1,1,Road Accidents,Narrow road,Rural Areas,Open area,Human Error,No,Grievous Injury,Hit pedestrian,Not Applicable,Straight and flat,Others,Bitumen(Tar),Dry,Not Applicable,Clear,NIDAVANDA,MOBL,6 KM,13.23221,77.273077,0,0,0.0,0.0
Bengaluru Dist,Dobbespet PS,1.0442e+16,2019,1,2,Road Accidents,Narrow road,Rural Areas,Residential area,Human Error,No,Fatal,Vehicle to Vehicle,Not Applicable,Straight and flat,State Highway,Bitumen(Tar),Not Applicable,Not Applicable,Clear,village road,0,6 km,13.266951,77.244473,0,0,0.0,0.0
Bengaluru Dist,Dobbespet PS,1.0442e+16,2019,1,2,Road Accidents,Curves,Rural Areas,Near or inside a village,Human Error,Yes,Grievous Injury,Vehicle to Vehicle,Not at  Junction,Curve,State Highway,Bitumen(Tar),Others,Not Applicable,Clear,SH 03,Tar,6 Km,13.297179,77.238843,0,1,0.0,1.0
Bengaluru Dist,Dobbespet PS,1.0442e+16,2019,1,2,Road Accidents,Narrow road,Rural Areas,Near a factory industrial area,Human Error,No,Grievous Injury,Vehicle to Vehicle,Not Applicable,Straight and flat,Two way,Bitumen(Tar),Dry,Not Applicable,Clear,INDUSTRIAL AREA,TCI FACTORY,4 KM,13.221855,77.255201,0,0,0.0,0.0
Bengaluru Dist,Dobbespet PS,1.0442e+16,2019,1,1,Not Applicable,Narrow road,Rural Areas,Near a factory industrial area,Human Error,No,Fatal,Hit pedestrian,Not Applicable,Not Applicable,Others,Not Applicable,Muddy,Not Applicable,Clear,other road,0,8km,13.187808,77.235429,0,4,0.0,4.0
Bengaluru Dist,Dobbespet PS,1.0442e+16,2019,1,1,Road Accidents,Narrow road,Rural Areas,Open area,Human Error,No,Grievous Injury,Not Applicable,Not Applicable,Straight and flat,State Highway,Bitumen(Tar),Dry,Not Applicable,Clear,Shivagange-Dobbaspete Road,BASAVASRI SHIVASRI KALYANA MANTAPA,2 Km,13.216103,77.241237,0,0,0.0,0.0
Bengaluru Dist,Dobbespet PS,1.0442e+16,2020,1,2,Road Accidents,Narrow road,Rural Areas,Open area,Human Error,No,Not Applicable,Vehicle to Vehicle,Not Applicable,Others,NH,Bitumen(Tar),Dry,Not Applicable,Fine,Dobbaspet D B Pura Road,LM vind power,2 Km,13.229798,77.250649,0,0,0.0,0.0
Bengaluru Dist,Dobbespet PS,1.0442e+16,2020,1,2,Road Accidents,Narrow road,Rural Areas,Near Bus stop,Human Error,Not Applicable,Fatal,Vehicle to Vehicle,Uncontrolled,Others,State Highway,Bitumen(Tar),Others,Not Applicable,Others,NEAR MAKENAHALLI DABASPET - KORATAGERE ROAD,IN FRONT OF SETU ESTATE,6 K.M,13.24723,77.2472159,0,1,0.0,1.0
Bengaluru Dist,Dobbespet PS,1.0442e+16,2020,1,1,Road Accidents,Narrow road,Rural Areas,Residential area,Human Error,No,Fatal,Not Applicable,Not Applicable,Not Applicable,One way,Bitumen(Tar),Not Applicable,Not Applicable,Clear,Village Road,0,1 KM,13.234088,77.259448,0,0,0.0,0.0
Bengaluru Dist,Dobbespet PS,1.0442e+16,2020,1,2,Road Accidents,Narrow road,Rural Areas,Near or inside a village,Human Error,No,Grievous Injury,Vehicle to Vehicle,Not at  Junction,Not Applicable,State Highway,Bitumen(Tar),Others,Not Applicable,Clear,Dobbaspet Koratagere Road,Tar,2 KM,13.242605,77.245219,0,1,0.0,1.0
Bengaluru Dist,Dobbespet PS,1.0442e+16,2020,1,1,Road Accidents,Cross roads,Rural Areas,Near or inside a village,Human Error,Yes,Grievous Injury,Hit pedestrian,Controlled,Curve and Incline,State Highway,Bitumen(Tar),Not Applicable,Not Applicable,Very Cold,Dobbaspet Magadi Road,Tar,6 KM,13.186823,77.235555,0,0,0.0,0.0
Bengaluru Dist,Dobbespet PS,1.0442e+16,2020,1,2,Road Accidents,Not Applicable,Rural Areas,Open area,Human Error,Not Applicable,Grievous Injury,Vehicle to Vehicle,Not Applicable,Straight and flat,Others,Bitumen(Tar),Dry,Not Applicable,Clear,Thyamagondlu-Dobbaspete Road,NIDAVANDA COLONY,6 Km,13.233243,77.268271,0,0,0.0,0.0
Bengaluru Dist,Dobbespet PS,1.0442e+16,2020,1,1,Road Accidents,Narrow road,Rural Areas,Open area,Human Error,Yes,Grievous Injury,Hit pedestrian,Not Applicable,Not Applicable,NH,Bitumen(Tar),Dry,Not Applicable,Clear,Dobbaspet D B Pura Road pemmanahalli bus stand,Bus stand pemmanahalli,5 k m,12.813131,77.580966,0,0,0.0,0.0
Bengaluru Dist,Dobbespet PS,1.0442e+16,2020,1,1,Road Accidents,Narrow road,Rural Areas,Open area,Human Error,No,Grievous Injury,Not Applicable,Not Applicable,Straight and flat,State Highway,Bitumen(Tar),Dry,Not Applicable,Clear,Koratagere Dobbaspet Road,Halenahalli gate,6 Km,13.278404,77.242418,0,0,0.0,0.0
Bengaluru Dist,Dobbespet PS,1.0442e+16,2020,1,2,Road Accidents,Narrow road,Rural Areas,Near or inside a village,Human Error,Not Applicable,Grievous Injury,Vehicle to Vehicle,Not at  Junction,Straight and flat,Others,Bitumen(Tar),Others,Not Applicable,Clear,Veerasagara Dobbaspet Road,Near Veerasaga Colony,4 KM,13.216475,77.207096,0,1,0.0,1.0
Bengaluru Dist,Dobbespet PS,1.0442e+16,2020,1,3,Road Accidents,Not Applicable,Rural Areas,Open area,Human Error,Not Applicable,Not Applicable,Vehicle to Vehicle,Not Applicable,Straight and flat,Others,Bitumen(Tar),Dry,Not Applicable,Clear,Pyaru bhaba parking,pyaru dhabha,5 KM,13.259564,77.210615,0,0,0.0,0.0
Bengaluru Dist,Dobbespet PS,1.0442e+16,2020,1,2,Road Accidents,Narrow road,City/Town,Near or inside a village,Human Error,No,Grievous Injury,Vehicle to Vehicle,Not at  Junction,Not Applicable,State Highway,Bitumen(Tar),Not Applicable,Not Applicable,Clear,Thyamagondlu Nidavanda Road,Tar Road,5 Km,13.244698,77.272782,0,0,0.0,0.0
Bengaluru Dist,Dobbespet PS,1.0442e+16,2020,1,2,Road Accidents,Narrow road,Rural Areas,Open area,Human Error,No,Simple Injury,Vehicle to Vehicle,Not Applicable,Straight and flat,Others,Bitumen(Tar),Dry,Not Applicable,Clear,Imachenahalli- Karimanne Road,Karimanne,6 km,13.265737,77.250053,0,0,0.0,0.0
Bengaluru Dist,Dobbespet PS,1.0442e+16,2020,1,2,Road Accidents,Narrow road,Rural Areas,Near Bus stop,Human Error,No,Fatal,Vehicle to Vehicle,Not Applicable,Not Applicable,NH,Bitumen(Tar),Not Applicable,Not Applicable,Wind,NH207,0,3km,13.232082,77.25929,0,0,0.0,0.0
Bengaluru Dist,Dobbespet PS,1.0442e+16,2020,1,2,Road Accidents,Narrow road,Rural Areas,Residential area,Human Error,No,Fatal,Hit bicyclist,Not Applicable,Not Applicable,One way,Bitumen(Tar),Not Applicable,Not Applicable,Fine,Rural Areas,0,6km,13.292837,77.304254,0,0,0.0,0.0
Bengaluru Dist,Dobbespet PS,1.0442e+16,2020,1,1,Road Accidents,Narrow road,Rural Areas,Open area,Human Error,No,Grievous Injury,Hit pedestrian,Not at  Junction,Straight and flat,State Highway,Bitumen(Tar),Dry,Not Applicable,Clear,Shivagange-Dobbaspete Road,Kuthagatta Cross,6 KM,13.295823,77.291006,0,0,0.0,0.0
Bengaluru Dist,Dobbespet PS,1.0442e+16,2020,1,2,Road Accidents,Narrow road,Rural Areas,Open area,Human Error,No,Grievous Injury,Vehicle to Vehicle,Not Applicable,Not Applicable,Others,Bitumen(Tar),Dry,Not Applicable,Fine,Veerasagara-Dobbaspete road,Near Ashwini bar,1 km,13.2241,77.240116,0,0,0.0,0.0
Bengaluru Dist,Dobbespet PS,1.0442e+16,2020,1,2,Road Accidents,Narrow road,Rural Areas,Open area,Human Error,Not Applicable,Fatal,Vehicle to Vehicle,Uncontrolled,Not Applicable,State Highway,Bitumen(Tar),Others,No influence on accident,Others,Koratagere - Dabaspet road,Road Near Sadhik Estate,4 k.m,13.246438,77.246764,0,1,0.0,1.0
Bengaluru Dist,Dobbespet PS,1.0442e+16,2020,1,2,Rail Road Accidents,Narrow road,City/Town,Near a factory industrial area,Human Error,No,Grievous Injury,Vehicle to Vehicle,Not at  Junction,Not Applicable,NH,Bitumen(Tar),Not Applicable,Not Applicable,Clear,NH 207,Tar,5 KM,13.235486,77.2701509,0,0,0.0,0.0
Bengaluru Dist,Dobbespet PS,1.0442e+16,2020,1,2,Road Accidents,Narrow road,Rural Areas,Near or inside a village,Human Error,Not Applicable,Grievous Injury,Vehicle to Vehicle,Not at  Junction,Not Applicable,Others,Bitumen(Tar),Others,Not Applicable,Not Applicable,Maddenahalli palaya Heggunda Road,Near Kalyani,15 Km,13.264557,77.196421,0,1,0.0,1.0
Bengaluru Dist,Dobbespet PS,1.0442e+16,2020,1,1,Road Accidents,Road hump or Rumble strips,Rural Areas,Near or inside a village,Human Error,No,Fatal,Not Applicable,Uncontrolled,Hump,State Highway,Bitumen(Tar),Not Applicable,Not Applicable,Not Applicable,"Dabaspet - Shivagange road, kengal cross Nelamangala Taluk.",0,4 k.m,13.204201,77.239342,0,0,0.0,0.0
Bengaluru Dist,Dobbespet PS,1.0442e+16,2020,1,1,Road Accidents,Not Applicable,Rural Areas,Near office complex,Not Applicable,Not Applicable,Fatal,Not Applicable,Uncontrolled,Others,State Highway,Bitumen(Tar),Others,Not Applicable,Others,DABASPET - SHIVAGANGE ROAD,SHIVAGANGE ROAD,3 K.M,13.218094,77.242339,0,1,0.0,1.0
Bengaluru Dist,Dobbespet PS,1.0442e+16,2020,1,2,Road Accidents,Narrow road,Rural Areas,Open area,Human Error,No,Not Applicable,Vehicle to Vehicle,Not Applicable,Straight and flat,NH,Bitumen(Tar),Dry,Not Applicable,Clear,Dobbaspete-d.b.pura road Nidavanda colony,NIDAVANDA COLONY,5 Km,13.234132,77.267814,0,0,0.0,0.0
Bengaluru Dist,Dobbespet PS,1.0442e+16,2020,1,2,Road Accidents,Narrow road,Rural Areas,Open area,Human Error,Yes,Simple Injury,Vehicle to Vehicle,Not Applicable,Straight and flat,Others,Bitumen(Tar),Dry,Not Applicable,Clear,Thyamagondlu-Dobbaspete Road,Satrac company,5 k m,13.197362,77.271036,0,0,0.0,0.0
Bengaluru Dist,Dobbespet PS,1.0442e+16,2020,1,2,Road Accidents,Circle,Rural Areas,Open area,Human Error,No,Not Applicable,Vehicle to Vehicle,Not Applicable,Straight and flat,Others,Bitumen(Tar),Dry,Not Applicable,Clear,NIDAVANDA CIRCLE,Nidavanda,5,13.236567,77.274776,0,0,0.0,0.0
Bengaluru Dist,Dobbespet PS,1.0442e+16,2020,1,1,Road Accidents,Narrow road,Rural Areas,Open area,Human Error,No,Grievous Injury,Not Applicable,Not Applicable,Straight and flat,State Highway,Bitumen(Tar),Dry,Not Applicable,Clear,DOBBASPET KORATAGERE ROAD NARASIPURA TOPU,Madenahalli Kumars house,4 km,13.247013,77.2470499,0,0,0.0,0.0
Bengaluru Dist,Dobbespet PS,1.0442e+16,2020,1,1,Road Accidents,Narrow road,Rural Areas,Open area,Human Error,No,Grievous Injury,Hit pedestrian,Not Applicable,Straight and flat,State Highway,Bitumen(Tar),Dry,Not Applicable,Clear,Koratagere Dobbaspet Road,Shuber land,1 KM,13.167489,77.240469,0,0,0.0,0.0
Bengaluru Dist,Dobbespet PS,1.0442e+16,2020,1,2,Road Accidents,Narrow road,Rural Areas,Open area,Human Error,Not Applicable,Grievous Injury,Vehicle to Vehicle,Not Applicable,Straight and flat,Others,Bitumen(Tar),Dry,Not Applicable,Clear,Jindhal company Industrial area,Jindhal company,4 KM,13.220259,77.254089,0,0,0.0,0.0
Bengaluru Dist,Dobbespet PS,1.0442e+16,2020,1,2,Road Accidents,Narrow road,Rural Areas,Open area,Human Error,No,Grievous Injury,Vehicle to Vehicle,Not Applicable,Straight and flat,State Highway,Bitumen(Tar),Dry,Not Applicable,Clear,DOBBASPETE-KORATAGERE ROAD,5 km Towards North,5 km,13.274531,77.243253,0,0,0.0,0.0
Bengaluru Dist,Dobbespet PS,1.0442e+16,2020,1,3,Road Accidents,Narrow road,Rural Areas,Near Bus stop,Human Error,No,Fatal,Hit bicyclist,Not Applicable,Not Applicable,State Highway,Bitumen(Tar),Not Applicable,Not Applicable,Fine,State High way,0,5km,13.267185,77.244756,0,0,0.0,0.0
Bengaluru Dist,Dobbespet PS,1.0442e+16,2020,1,2,Road Accidents,Narrow road,Rural Areas,Open area,Human Error,No,Not Applicable,Vehicle to Vehicle,Not Applicable,Not Applicable,NH,Bitumen(Tar),Dry,Not Applicable,Clear,Nidavanda colony,Jayanthi Form,6 KM,13.233629,77.268004,0,0,0.0,0.0
Bengaluru Dist,Dobbespet PS,1.0442e+16,2020,1,2,Road Accidents,Narrow road,Rural Areas,Near or inside a village,Human Error,No,Grievous Injury,Vehicle to Vehicle,Controlled,Not Applicable,State Highway,Bitumen(Tar),Not Applicable,Not Applicable,Clear,Stat Highway,Tar Road,2 KM,13.214278,77.240478,0,0,0.0,0.0
Bengaluru Dist,Dobbespet PS,1.0442e+16,2020,1,2,Road Accidents,Narrow road,City/Town,Near School or College,Human Error,No,Grievous Injury,Vehicle to Vehicle,Not at  Junction,Not Applicable,NH,Bitumen(Tar),Not Applicable,Not Applicable,Clear,NH 207,Tar,6 KM,13.230598,77.2507069,0,0,0.0,0.0
Bengaluru Dist,Dobbespet PS,1.0442e+16,2020,1,2,Road Accidents,Narrow road,Rural Areas,Open area,Human Error,No,Not Applicable,Vehicle to Vehicle,Not Applicable,Straight and flat,NH,Bitumen(Tar),Dry,Not Applicable,Clear,DOBBASPETE-KORATAGERE ROAD,IOC PETROL BUNK,5,13.264471,77.245869,0,0,0.0,0.0
Bengaluru Dist,Dobbespet PS,1.0442e+16,2021,1,1,Road Accidents,Not Applicable,Rural Areas,Open area,Human Error,No,Fatal,Not Applicable,Uncontrolled,Not Applicable,Others,Surfaced,Muddy,Not Applicable,Others,SLR STONE CRUSHER ROAD MAKENAHALLI NEAR,NEAR SLR STONE CRUSHER,6  K.M,13.29768,77.238944,0,4,,
Bengaluru Dist,Dobbespet PS,1.0442e+16,2021,1,2,Road Accidents,Narrow road,City/Town,Near office complex,Human Error,No,Grievous Injury,Vehicle to Vehicle,Not at  Junction,Not Applicable,Others,Bitumen(Tar),Not Applicable,Not Applicable,Clear,Other Road,Tar,0.5 KM,13.298002,77.289357,0,0,0.0,0.0
Bengaluru Dist,Dobbespet PS,1.0442e+16,2021,1,2,Road Accidents,Narrow road,Rural Areas,Near or inside a village,Human Error,Not Applicable,Fatal,Vehicle to Vehicle,Not Applicable,Not Applicable,State Highway,Bitumen(Tar),Others,No influence on accident,Others,S.H 3,In front of Ramesh Estate,6 k.m,13.268023,77.244137,0,1,0.0,1.0
Bengaluru Dist,Dobbespet PS,1.0442e+16,2021,1,1,Road Accidents,Narrow road,Rural Areas,Near or inside a village,Human Error,No,Grievous Injury,Hit animal,Not at  Junction,Straight and flat,State Highway,Bitumen(Tar),Dry,No influence on accident,Clear,Dobbaspete to Pavagada Road,Jalli Crusher Road,90 ft,13.308011,77.239015,0,0,0.0,0.0
Bengaluru Dist,Dobbespet PS,1.0442e+16,2021,1,2,Road Accidents,Narrow road,Rural Areas,Near Hospital,Human Error,No,Grievous Injury,Vehicle to Vehicle,Not at  Junction,Straight and flat,Two way,Bitumen(Tar),Dry,No influence on accident,Clear,Dobbaspete-Agalakuppe Road,J K Hospital,50 ft,0.0,0.0,0,0,0.0,0.0
Bengaluru Dist,Dobbespet PS,1.0442e+16,2021,1,2,Road Accidents,Narrow road,Rural Areas,Open area,Human Error,No,Grievous Injury,Vehicle to Vehicle,Not Applicable,Straight and flat,NH,Bitumen(Tar),Dry,Not Applicable,Clear,Dobbaspet D B Pura Road Nidavanda,Nidavanda Bare,5 km T,13.18994,77.235899,0,0,0.0,0.0
Bengaluru Dist,Dobbespet PS,1.0442e+16,2021,1,1,Road Accidents,Narrow road,Rural Areas,Open area,Human Error,Yes,Simple Injury,Hit pedestrian,Not Applicable,Not Applicable,NH,Bitumen(Tar),Dry,Not Applicable,Clear,Dobbaspet -D B Pura Road NH 207 road,Ramky company,6 Km,13.231538,77.256731,0,0,0.0,0.0
Bengaluru Dist,Dobbespet PS,1.0442e+16,2021,1,1,Road Accidents,Not Applicable,Rural Areas,Open area,Human Error,Not Applicable,Not Applicable,Not Applicable,Not Applicable,Straight and flat,Others,Bitumen(Tar),Dry,Not Applicable,Clear,Kamalapura- Beeragondanahalli,land in Krishnappas,4 KM,13.230211,77.199048,0,0,0.0,0.0
Bengaluru Dist,Dobbespet PS,1.0442e+16,2021,1,1,Road Accidents,Narrow road,Rural Areas,Open area,Human Error,No,Fatal,Not Applicable,Not Applicable,Not Applicable,State Highway,Bitumen(Tar),Others,Not Applicable,Others,State Highway,NEAR JINNAGARADAMMA LAY OUT,6 KM,13.287147,77.23867,0,1,0.0,1.0
Bengaluru Dist,Dobbespet PS,1.0442e+16,2021,1,2,Road Accidents,Narrow road,Rural Areas,Open area,Human Error,No,Damage Only,Vehicle to Vehicle,Not Applicable,Straight and flat,NH,Bitumen(Tar),Dry,Not Applicable,Clear,Dobbaspet -D B Pura Road NH 207 road,Nidavanda,6 KM,13.234362,77.267877,0,0,0.0,0.0
Bengaluru Dist,Dobbespet PS,1.0442e+16,2021,1,2,Road Accidents,Narrow road,Rural Areas,Open area,Human Error,Not Applicable,Fatal,Vehicle to Vehicle,Not Applicable,Not Applicable,NH,Bitumen(Tar),Not Applicable,Not Applicable,Clear,NH 03,0,7km,13.276911,77.243221,0,0,0.0,0.0
Bengaluru Dist,Dobbespet PS,1.0442e+16,2021,1,2,Road Accidents,Narrow road,Rural Areas,Open area,Human Error,No,Grievous Injury,Vehicle to Vehicle,Not at  Junction,Straight and flat,Others,Bitumen(Tar),Dry,Not Applicable,Clear,Thyamagondlu-Dobbaspete Road,Satrac company,6 Km,13.229849,77.274005,0,0,0.0,0.0
Bengaluru Dist,Dobbespet PS,1.0442e+16,2021,1,1,Road Accidents,Narrow road,Rural Areas,Near or inside a village,Human Error,Not Applicable,Fatal,Not Applicable,Not Applicable,Not Applicable,Others,Bitumen(Tar),Others,Not Applicable,Others,Narasipura Heggundar Road,In front of Siddaraju House,6 k.m,13.274343,77.243558,0,1,0.0,1.0