DISTRICTNAME,UNITNAME,Crime_No,Year,RI,Noofvehicle_involved,Accident_Classification,Accident_Spot,Accident_Location,Accident_SubLocation,Main_Cause,Hit_Run,Severity,Collision_Type,Junction_Control,Road_Character,Road_Type,Surface_Type,Surface_Condition,Road_Condition,Weather,Accident_Road,Landmark_first,Distance_LandMark_First,Latitude,Longitude,Road_Condition_Score,Surface_Condition_Score,Surface_Type_Score,Road_Risk_Index
Bengaluru Dist,Dobbespet PS,1.0442e+16,2021,1,2,Road Accidents,Cross roads,Rural Areas,Near Bus stop,Human Error,No,Grievous Injury,Vehicle to Vehicle,Not at  Junction,Curve,State Highway,Bitumen(Tar),Dry,Not Applicable,Fine,Dobbaspet-Madugiri Road,Near Bus Stop,8 Km,13.296765,77.239357,0,0,0.0,0.0
Bengaluru Dist,Dobbespet PS,1.0442e+16,2021,1,2,Road Accidents,Narrow road,Rural Areas,Open area,Human Error,No,Simple Injury,Vehicle to Vehicle,Not Applicable,Straight and flat,State Highway,Bitumen(Tar),Dry,Not Applicable,Clear,Dobbaspete to Pavagada Road,Imachenahalli Bus stand,6 Km,13.257867,77.248742,0,0,0.0,0.0
Bengaluru Dist,Dobbespet PS,1.0442e+16,2021,1,1,Road Accidents,Narrow road,Rural Areas,At pedestrian Crossing,Human Error,No,Fatal,Hit pedestrian,Not Applicable,Straight and flat,State Highway,Bitumen(Tar),Not Applicable,Not Applicable,Clear,Rural Areas,0,2 km,13.216422,77.241647,0,0,0.0,0.0
Bengaluru Dist,Dobbespet PS,1.0442e+16,2021,1,2,Road Accidents,Curves,Rural Areas,Narrow bridge or culverts,Human Error,No,Fatal,Vehicle to Vehicle,Not Applicable,Straight and flat,State Highway,Bitumen(Tar),Others,Not Applicable,Others,on Bridge Dabaspet - Pavagada Road,Railway Bridge,0.5 km,13.235284,77.241043,0,1,0.0,1.0
Bengaluru Dist,Dobbespet PS,1.0442e+16,2021,1,2,Road Accidents,Narrow road,Rural Areas,Near or inside a village,Human Error,Yes,Fatal,Vehicle to Vehicle,Not Applicable,Others,State Highway,Bitumen(Tar),Others,No influence on accident,Others,State Highway,Near Prjna janya School,10 k.m,13.171977,77.2412869,0,1,0.0,1.0
Bengaluru Dist,Dobbespet PS,1.0442e+16,2021,1,2,Road Accidents,Narrow road,Rural Areas,Near Bus stop,Human Error,No,Damage Only,Vehicle to Vehicle,Not at  Junction,Straight and flat,State Highway,Bitumen(Tar),Dry,No influence on accident,Very Cold,Dobbaspet-Doddaballapura Road,panchayath Office,100 ft,13.228097,77.241637,0,0,0.0,0.0
Bengaluru Dist,Dobbespet PS,1.0442e+16,2021,1,1,Road Accidents,Narrow road,Rural Areas,Near Bus stop,Human Error,No,Grievous Injury,Hit pedestrian,Not at  Junction,Straight and flat,State Highway,Bitumen(Tar),Dry,No influence on accident,Clear,Dabaspete Madugiri Road,Bajane mandira,30ft,0.0,0.0,0,0,0.0,0.0
Bengaluru Dist,Dobbespet PS,1.0442e+16,2021,1,2,Road Accidents,Narrow road,Rural Areas,Near or inside a village,Human Error,No,Simple Injury,Vehicle to Vehicle,Not at  Junction,Straight and flat,Major District Road,Bitumen(Tar),Dry,No influence on accident,Others,Dabaspete Magadi Road,District Border Board,200 mt,13.242681,77.274182,0,0,0.0,0.0
Bengaluru Dist,Dobbespet PS,1.0442e+16,2021,1,2,Road Accidents,Narrow road,Rural Areas,Open area,Human Error,Not Applicable,Fatal,Vehicle to Vehicle,Not Applicable,Straight and flat,State Highway,Bitumen(Tar),Not Applicable,Not Applicable,Fine,State Highway,0,3km,0.0,0.0,0,0,0.0,0.0
Bengaluru Dist,Dobbespet PS,1.0442e+16,2021,1,2,Road Accidents,Not Applicable,Rural Areas,Open area,Human Error,Not Applicable,Grievous Injury,Vehicle to Vehicle,Not Applicable,Straight and flat,Service Road,Bitumen(Tar),Dry,Not Applicable,Clear,Thyamagondlu-Dobbaspete Road,Satrack company,6 KM,13.229729,77.272526,0,0,0.0,0.0
Bengaluru Dist,Dobbespet PS,1.0442e+16,2021,1,2,Road Accidents,Narrow road,Rural Areas,Near or inside a village,Human Error,Yes,Fatal,Vehicle to Vehicle,Not Applicable,Not Applicable,State Highway,Bitumen(Tar),Others,Not Applicable,Clear,Shivagange - Dabaspet Road,In fron of Bhyranna land,3 k.m,13.198007,77.23795,0,1,0.0,1.0
Bengaluru Dist,Dobbespet PS,1.0442e+16,2021,1,1,Road Accidents,Curves,Rural Areas,Near or inside a village,Human Error,No,Damage Only,Not Applicable,Not at  Junction,Sharp Curve,Two way,Bitumen(Tar),Dry,No influence on accident,Clear,Dobbaspet-Sigepalya Road,Gundu topu,100 ft,0.0,0.0,0,0,0.0,0.0
Bengaluru Dist,Dobbespet PS,1.0442e+16,2021,1,2,Road Accidents,Curves,Rural Areas,Near or inside a village,Human Error,No,Simple Injury,Vehicle to Vehicle,Not at  Junction,Steep Incline or Climb,Minor District Road,Bitumen(Tar),Dry,No influence on accident,Clear,Shivagange-Honnudike Road,Shudda kudiyuva neerina ghataka,15 ft,13.17944,77.215415,0,0,0.0,0.0
Bengaluru Dist,Dobbespet PS,1.0442e+16,2021,1,1,Road Accidents,Narrow road,Rural Areas,Near or inside a village,Human Error,No,Grievous Injury,Not Applicable,Not at  Junction,Straight and flat,Two way,Kutcha,Dry,Pot holed,Clear,Honnenahalli-KG Shrinivasapura Road,Aralimara,250 ft,0.0,0.0,5,0,4.0,9.0
Bengaluru Dist,Dobbespet PS,1.0442e+16,2021,1,2,Road Accidents,Narrow road,Rural Areas,Open area,Human Error,No,Not Applicable,Vehicle to Vehicle,Not Applicable,Straight and flat,Others,Bitumen(Tar),Dry,Not Applicable,Clear,Dobbaspete-Shivagange Road,Shivaganage,6 Km,13.186988,77.227167,0,0,0.0,0.0
Bengaluru Dist,Dobbespet PS,1.0442e+16,2021,1,1,Road Accidents,Narrow road,Rural Areas,Open area,Human Error,Not Applicable,Not Applicable,Not Applicable,Not Applicable,Straight and flat,Others,Bitumen(Tar),Dry,Not Applicable,Clear,Manne-Kolala road,Gangubais land,13 km,13.321009,77.312236,0,0,0.0,0.0
Bengaluru Dist,Dobbespet PS,1.0442e+16,2021,1,2,Road Accidents,Narrow road,Rural Areas,Near or inside a village,Human Error,No,Grievous Injury,Vehicle to Vehicle,Not at  Junction,Straight and flat,Minor District Road,Bitumen(Tar),Dry,No influence on accident,Fine,Shivagange-Dobbaspete Road,Honnadevi Agro tech Shop,50 ft,13.190234,77.236363,0,0,0.0,0.0
Bengaluru Dist,Dobbespet PS,1.0442e+16,2021,1,1,Road Accidents,Narrow road,Rural Areas,Near or inside a village,Human Error,No,Damage Only,Hit animal,Not Applicable,Not Applicable,State Highway,Bitumen(Tar),Others,Not Applicable,Clear,SH,Tar,7 Km,13.27292,77.243827,0,1,0.0,1.0
Bengaluru Dist,Dobbespet PS,1.0442e+16,2021,1,2,Road Accidents,Narrow road,Rural Areas,Near or inside a village,Human Error,No,Grievous Injury,Vehicle to Vehicle,Not at  Junction,Straight and flat,State Highway,Bitumen(Tar),Dry,No influence on accident,Clear,Dobbaspete to Pavagada Road,Near Ramaiah Farm,40 ft,13.291773,77.238485,0,0,0.0,0.0
Bengaluru Dist,Dobbespet PS,1.0442e+16,2021,1,1,Road Accidents,Narrow road,Rural Areas,Near or inside a village,Human Error,No,Grievous Injury,Not Applicable,Not at  Junction,Straight and flat,NH,Bitumen(Tar),Dry,No influence on accident,Clear,Dobbaspet-Doddaballapura Road,Tree,25 ft,13.229465,77.247888,0,0,0.0,0.0
Bengaluru Dist,Dobbespet PS,1.0442e+16,2021,1,1,Road Accidents,Curves,Rural Areas,Open area,Not Applicable,No,Fatal,Vehicle to Vehicle,Uncontrolled,Curve,One way,Bitumen(Tar),Dry,Not Applicable,Fine,shivagange  To Mahimapura Road,Machanalli Cross Near,8,13.172519,77.253457,0,0,0.0,0.0
Bengaluru Dist,Dobbespet PS,1.0442e+16,2021,1,1,Road Accidents,Narrow road,Rural Areas,Near or inside a village,Human Error,No,Grievous Injury,Hit pedestrian,Not at  Junction,Others,State Highway,Bitumen(Tar),Others,Not Applicable,Clear,SH,Tar,3 KM,13.25419,77.2486969,0,1,0.0,1.0
Bengaluru Dist,Dobbespet PS,1.0442e+16,2021,1,2,Road Accidents,Narrow road,Rural Areas,Near a factory industrial area,Human Error,No,Grievous Injury,Vehicle to Vehicle,Not at  Junction,Straight and flat,NH,Bitumen(Tar),Dry,No influence on accident,Clear,Dobbaspet-Doddaballapura Road,Hazardose waste Factory,150 ft,0.0,0.0,0,0,0.0,0.0
Bengaluru Dist,Dobbespet PS,1.0442e+16,2021,1,1,Road Accidents,Narrow road,Rural Areas,Near a religious place,Human Error,No,Grievous Injury,Hit pedestrian,Not at  Junction,Straight and flat,Two way,Concrete,Ditch or Potholed,No influence on accident,Clear,Lakkuru-Lakkuru Thota,120 ft,Masjid,0.0,0.0,0,5,0.0,5.0
Bengaluru Dist,Dobbespet PS,1.0442e+16,2021,1,1,Road Accidents,Narrow road,Rural Areas,Near Bus stop,Vehicle Defect,No,Fatal,Hit pedestrian,Uncontrolled,Straight and flat,State Highway,Bitumen(Tar),Dry,Not Applicable,Fine,Dobspet  Shivagange,Honnenahalalli Tandya,3,13.213062,77.239957,0,0,0.0,0.0
Bengaluru Dist,Dobbespet PS,1.0442e+16,2021,1,2,Road Accidents,Narrow road,Rural Areas,Open area,Human Error,No,Grievous Injury,Vehicle to Vehicle,Not Applicable,Not Applicable,State Highway,Bitumen(Tar),Dry,Not Applicable,Clear,Dobbaspete-Shivagange Road,near Maruthi mahal,3 Km,13.287015,77.301435,0,0,0.0,0.0
Bengaluru Dist,Dobbespet PS,1.0442e+16,2021,1,2,Road Accidents,Cross roads,City/Town,Near a factory industrial area,Human Error,No,Grievous Injury,Vehicle to Vehicle,Not at  Junction,Curve,NH,Bitumen(Tar),Not Applicable,Not Applicable,Clear,NH 207,Tar,3 KM,13.23705,77.274604,0,0,0.0,0.0
Bengaluru Dist,Dobbespet PS,1.0442e+16,2021,1,2,Road Accidents,Narrow road,Rural Areas,Near or inside a village,Human Error,No,Grievous Injury,Vehicle to Vehicle,Not at  Junction,Straight and flat,State Highway,Bitumen(Tar),Dry,No influence on accident,Clear,Dobbaspet-Doddaballapura Road,BSNL Mobile Tower,120 Mt,13.230164,77.250384,0,0,0.0,0.0
Bengaluru Dist,Dobbespet PS,1.0442e+16,2022,1,2,Road Accidents,Cross roads,Rural Areas,Near Hospital,Human Error,No,Grievous Injury,Vehicle to Vehicle,Not at  Junction,Curve,State Highway,Bitumen(Tar),Dry,No influence on accident,Clear,Dabaspete Madugiri Road,we care Hospital,50 ft,13.258096,77.187905,0,0,0.0,0.0
Bengaluru Dist,Dobbespet PS,1.0442e+16,2022,1,3,Road Accidents,Narrow road,Rural Areas,Near a factory industrial area,Human Error,No,Fatal,Vehicle to Vehicle,Not Applicable,Not Applicable,One way,Bitumen(Tar),Not Applicable,Not Applicable,Clear,village Road,0,2 km,13.23072,77.2524669,0,0,0.0,0.0
Bengaluru Dist,Dobbespet PS,1.0442e+16,2022,1,2,Road Accidents,Cross roads,Rural Areas,Open area,Human Error,No,Grievous Injury,Vehicle to Vehicle,Controlled,Curve,State Highway,Bitumen(Tar),Dry,Not Applicable,Cloudy,SH  Road,Near Makenahalli Cross,9 Km,13.179196,77.215987,0,0,0.0,0.0
Bengaluru Dist,Dobbespet PS,1.0442e+16,2022,1,2,Road Accidents,Narrow road,Rural Areas,Near School or College,Human Error,No,Grievous Injury,Vehicle to Vehicle,Not at  Junction,Not Applicable,State Highway,Bitumen(Tar),Dry,No influence on accident,Cloudy,Dobbaspet-Madhugiri Road,Near Lakkuru,1 Km,13.239188,77.242769,0,0,0.0,0.0
Bengaluru Dist,Dobbespet PS,1.0442e+16,2022,1,1,Road Accidents,Cross roads,Rural Areas,Open area,Human Error,No,Grievous Injury,Hit pedestrian,Not at  Junction,Curve,Major District Road,Bitumen(Tar),Dry,No influence on accident,Others,Niduvanda-Heggunda Road,Heggunda Road,50 ft,13.164764,77.234941,0,0,0.0,0.0
Bengaluru Dist,Dobbespet PS,1.0442e+16,2022,1,2,Road Accidents,Not Applicable,Rural Areas,Near Bus stop,Human Error,Yes,Fatal,Vehicle to Vehicle,Uncontrolled,Straight and flat,Others,Bitumen(Tar),Dry,No influence on accident,Clear,Dabaspete Shivagange Road,Infront of Honnenahalli slv cement shop,3 km,13.210858,77.239381,0,0,0.0,0.0
Bengaluru Dist,Dobbespet PS,1.0442e+16,2022,1,2,Road Accidents,Narrow road,Rural Areas,Near a factory industrial area,Human Error,No,Grievous Injury,Vehicle to Vehicle,Not at  Junction,Curve,Others,Bitumen(Tar),Dry,Not Applicable,Fine,EDEHALLI CROSS-NIDAVANDA ROAD NEAR TCI FACTORY,NEAR TCI FACTORY,2 KM,13.221683,77.255298,0,0,0.0,0.0
Bengaluru Dist,Dobbespet PS,1.0442e+16,2022,1,2,Road Accidents,Narrow road,Rural Areas,Near a factory industrial area,Human Error,No,Fatal,Vehicle to Vehicle,No signal lights,Curve,Others,Bitumen(Tar),Dry,No influence on accident,Clear,Sompura Industrial Raod,Near polycab factory,5 Km,13.225612,77.262348,0,0,0.0,0.0
Bengaluru Dist,Dobbespet PS,1.0442e+16,2022,1,2,Road Accidents,Narrow road,Rural Areas,Near or inside a village,Human Error,Yes,Fatal,Vehicle to Vehicle,Not at  Junction,Others,Others,Bitumen(Tar),Dry,No influence on accident,Others,Dobbaspete-Shivagange Road,Honnenahalli lake,15 ft,13.203055,77.239093,0,0,0.0,0.0
Bengaluru Dist,Dobbespet PS,1.0442e+16,2022,1,2,Road Accidents,Narrow road,Rural Areas,Near Petrol Pump,Human Error,No,Grievous Injury,Vehicle to Vehicle,Not at  Junction,Straight and flat,State Highway,Bitumen(Tar),Dry,No influence on accident,Light Rain,Dobbaspet-Madugiri Road,Petrol pump,80 ft,13.266719,77.244208,0,0,0.0,0.0
Bengaluru Dist,Dobbespet PS,1.0442e+16,2022,1,2,Road Accidents,Curves,Rural Areas,Residential area,Vehicle Defect,No,Simple Injury,Vehicle to Vehicle,Not Applicable,Curve,One way,Not Applicable,Dry,Not Applicable,Clear,State Road,Sharadha Cross,6 Km,13.188295,77.227916,0,0,0.0,0.0
Bengaluru Dist,Dobbespet PS,1.0442e+16,2022,1,2,Road Accidents,Narrow road,Rural Areas,Open area,Human Error,No,Grievous Injury,Vehicle to Vehicle,Not Applicable,Straight and flat,Others,Bitumen(Tar),Dry,No influence on accident,Cloudy,Chikkakoratagere-Dobbaspet Road,Near Anjaneya Templa,8km,0.0,0.0,0,0,0.0,0.0
Bengaluru Dist,Dobbespet PS,1.0442e+16,2022,1,1,Road Accidents,Cross roads,Rural Areas,Near a factory industrial area,Human Error,No,Grievous Injury,Not Applicable,Not at  Junction,Curve,Others,Bitumen(Tar),Dry,Not Applicable,Clear,OTHER ROAD,NEAR CHOUDESWARI TEMPLE,4 KM,0.0,0.0,0,0,0.0,0.0
Bengaluru Dist,Dobbespet PS,1.0442e+16,2022,1,2,Road Accidents,Circle,City/Town,Near Bus stop,Human Error,No,Fatal,Vehicle to Vehicle,Uncontrolled,Straight and flat,Sub Arterial,Bitumen(Tar),Dry,No influence on accident,Clear,Dabaspete Shivagange Road,Shivagange circle,1 km,13.222901,77.242862,0,0,0.0,0.0
Bengaluru Dist,Dobbespet PS,1.0442e+16,2022,1,2,Road Accidents,Curves,Rural Areas,Near a religious place,Human Error,No,Grievous Injury,Vehicle to Vehicle,No signal lights,Curve,Others,Bitumen(Tar),Dry,Not Applicable,Cloudy,Shvagange-Dobbaspet Road,Near Muslim Smashana,6 Km,13.188296,77.227913,0,0,0.0,0.0
Bengaluru Dist,Dobbespet PS,1.0442e+16,2022,1,1,Road Accidents,Narrow road,Rural Areas,Near office complex,Human Error,No,Fatal,Not Applicable,Not Applicable,Straight and flat,State Highway,Bitumen(Tar),Not Applicable,Not Applicable,Not Applicable,SH 03,0,0.5,13.233255,77.250562,0,0,0.0,0.0
Bengaluru Dist,Dobbespet PS,1.0442e+16,2022,1,1,Road Accidents,Narrow road,Rural Areas,Open area,Human Error,No,Fatal,Not Applicable,Not Applicable,Not Applicable,One way,Bitumen(Tar),Not Applicable,Not Applicable,Clear,village Road,0,0.5,13.168966,77.275004,0,0,0.0,0.0
Bengaluru Dist,Dobbespet PS,1.0442e+16,2022,1,1,Road Accidents,Cross roads,Rural Areas,Near a religious place,Human Error,No,Grievous Injury,Not Applicable,Not at  Junction,Curve,Minor District Road,Bitumen(Tar),Dry,No influence on accident,Clear,Dabaspete-Gottigere  Road,GaneshTemple,100 mt,0.0,0.0,0,0,0.0,0.0
Bengaluru Dist,Dobbespet PS,1.0442e+16,2022,1,2,Rail Road Accidents,Narrow road,Rural Areas,Near a factory industrial area,Human Error,No,Grievous Injury,Vehicle to Vehicle,No signal lights,Straight and flat,One way,Bitumen(Tar),Dry,No influence on accident,Clear,Dobbaspete-Thyamagondalu Road,Satrac Factory,50 ft,13.229425,77.274797,0,0,0.0,0.0
Bengaluru Dist,Dobbespet PS,1.0442e+16,2022,1,2,Road Accidents,Narrow road,Rural Areas,Near a religious place,Human Error,No,Damage Only,Vehicle to Vehicle,Not at  Junction,Straight and flat,NH,Bitumen(Tar),Dry,No influence on accident,Others,Dobbaspet-Doddaballapura Road,Maramma temple,120 ft,13.22808,77.24286,0,0,0.0,0.0
Bengaluru Dist,Dobbespet PS,1.0442e+16,2022,1,2,Road Accidents,Narrow road,Rural Areas,Open area,Human Error,No,Damage Only,Vehicle to Vehicle,Not Applicable,Not Applicable,Others,Bitumen(Tar),Dry,No influence on accident,Cloudy,Aladahalli-Kamadhenu Road,Near Swamy Narayana Trust,8 km,0.0,0.0,0,0,0.0,0.0
Bengaluru Dist,Dobbespet PS,1.0442e+16,2022,1,1,Road Accidents,Narrow road,Rural Areas,Near a factory industrial area,Human Error,No,Fatal,Hit pedestrian,Not Applicable,Not Applicable,State Highway,Bitumen(Tar),Not Applicable,Not Applicable,Wind,State Highway,0,6 km,13.22955,77.274361,0,0,0.0,0.0
Bengaluru Dist,Dobbespet PS,1.0442e+16,2022,1,1,Road Accidents,Curves,Rural Areas,Narrow bridge or culverts,Human Error,No,Fatal,Not Applicable,Uncontrolled,Curve,State Highway,Bitumen(Tar),Dry,No influence on accident,Clear,dobbaspet Ramanagara Road,Near Basavapatna Lake,10 Km,13.161823,77.241709,0,0,0.0,0.0
Bengaluru Dist,Dobbespet PS,1.0442e+16,2022,1,2,Road Accidents,Curves,Rural Areas,Open area,Human Error,No,Grievous Injury,Vehicle to Vehicle,Not at  Junction,Sharp Curve,Others,Bitumen(Tar),Dry,No influence on accident,Clear,Muddalinganahalli-Koratagere Road,Village Name Board,100 mt,0.0,0.0,0,0,0.0,0.0
Bengaluru Dist,Dobbespet PS,1.0442e+16,2022,1,2,Road Accidents,Narrow road,Rural Areas,Near a factory industrial area,Human Error,No,Grievous Injury,Vehicle to Vehicle,Controlled,Straight and flat,Others,Bitumen(Tar),Dry,No influence on accident,Clear,Nidavanda Colony-Tyamagondlu road,Near Shekar Enginearing Works,20 Ft,0.0,0.0,0,0,0.0,0.0
Bengaluru Dist,Dobbespet PS,1.0442e+16,2022,1,1,Road Accidents,Narrow road,Rural Areas,Near a factory industrial area,Human Error,No,Fatal,Hit pedestrian,Not Applicable,Not Applicable,Others,Bitumen(Tar),Dry,No influence on accident,Cloudy,Dobbaspet-Doddaballapura Road,Near Om Logistics Thimmanayakanahalli,2km,0.0,0.0,0,0,0.0,0.0
Bengaluru Dist,Dobbespet PS,1.0442e+16,2022,1,2,Road Accidents,Narrow road,Rural Areas,Residential area,Human Error,Not Applicable,Fatal,Vehicle to Vehicle,Not Applicable,Not Applicable,One way,Bitumen(Tar),Not Applicable,Not Applicable,Clear,Village Road,0,2km,13.228329,77.241203,0,0,0.0,0.0
Bengaluru Dist,Dobbespet PS,1.0442e+16,2022,1,2,Road Accidents,Narrow road,Rural Areas,Near or inside a village,Human Error,No,Grievous Injury,Vehicle to Vehicle,Not Applicable,Straight and flat,Others,Bitumen(Tar),Dry,Not Applicable,Fine,"Near TDPS unit 2, Bharathipura colony",near Bharathipura colony,4km,13.221869,77.261614,0,0,0.0,0.0
Bengaluru Dist,Dobbespet PS,1.0442e+16,2022,1,2,Road Accidents,Narrow road,Rural Areas,Near or inside a village,Human Error,No,Grievous Injury,Vehicle to Vehicle,Not Applicable,Slight Curve,Others,Bitumen(Tar),Dry,Not Applicable,Cloudy,Shivagange-Honnudike Road,Shivanandanagara,7 kms,13.184169,77.217069,0,0,0.0,0.0
Bengaluru Dist,Dobbespet PS,1.0442e+16,2022,1,1,Road Accidents,Not Applicable,Rural Areas,Near a factory industrial area,Human Error,No,Grievous Injury,Hit pedestrian,Not Applicable,Not Applicable,Others,Kutcha,Muddy,Construction Work / Material,Fine,Industrial Area Raod,Rajadhani Indl area,8km,13.195593,77.261938,2,4,4.0,10.0
Bengaluru Dist,Dobbespet PS,1.0442e+16,2022,1,1,Road Accidents,Narrow road,Rural Areas,Near School or College,Human Error,No,Simple Injury,Hit pedestrian,Not at  Junction,Straight and flat,Major District Road,Bitumen(Tar),Dry,No influence on accident,Clear,Shivagange-Dobbaspete Road,Near Govt School,100 ft,0.0,0.0,0,0,0.0,0.0
Bengaluru Dist,Dobbespet PS,1.0442e+16,2022,1,1,Road Accidents,Narrow road,Rural Areas,Near Bus stop,Human Error,No,Grievous Injury,Hit pedestrian,Not at  Junction,Curve,State Highway,Bitumen(Tar),Dry,Not Applicable,Fine,Dobbaspet-Dobbaballapur Road Near Dobbaspet Bustand,Near Bus Stand,1/2 Km,13.158187,77.243288,0,0,0.0,0.0
Bengaluru Dist,Dobbespet PS,1.0442e+16,2022,1,1,Road Accidents,Narrow road,Rural Areas,Open area,Human Error,No,Simple Injury,Hit pedestrian,Controlled,Others,State Highway,Bitumen(Tar),Dry,Not Applicable,Others,Dobbaspet Shivagange Raod,Near Mrutyunjaya Land,6 Km,13.200597,77.238428,0,0,0.0,0.0
Bengaluru Dist,Dobbespet PS,1.0442e+16,2022,1,2,Road Accidents,Curves,Rural Areas,Open area,Human Error,No,Grievous Injury,Vehicle to Vehicle,No signal lights,Curve,Others,Bitumen(Tar),Dry,No influence on accident,Cloudy,Nidavanda Tattekere Road,Near Railway Gate,6 Km,13.245135,77.271307,0,0,0.0,0.0
Bengaluru Dist,Dobbespet PS,1.0442e+16,2022,1,2,Road Accidents,Junction,Rural Areas,Near a factory industrial area,Human Error,No,Grievous Injury,Vehicle to Vehicle,Uncontrolled,Others,Others,Bitumen(Tar),Dry,No influence on accident,Cloudy,Industrial Area Raod,Near Satrac Factory,6km,13.229592,77.274828,0,0,0.0,0.0
Bengaluru Dist,Dobbespet PS,1.0442e+16,2022,1,2,Road Accidents,Not Applicable,Rural Areas,Open area,Human Error,No,Fatal,Vehicle to Vehicle,No signal lights,Not Applicable,Others,Bitumen(Tar),Dry,Not Applicable,Cloudy,Muddalinganahalli-Kolala Road,Near Linganahalli Jayanna House,10km,0.0,0.0,0,0,0.0,0.0
Bengaluru Dist,Dobbespet PS,1.0442e+16,2022,1,2,Road Accidents,Circle,Rural Areas,Open area,Human Error,Yes,Grievous Injury,Vehicle to Vehicle,No signal lights,Curve,NH,Bitumen(Tar),Dry,Construction Work / Material,Cloudy,Dabbasapete-Doddaballapura Road,Near Cross,6 Km,13.234758,77.267493,2,0,0.0,2.0
Bengaluru Dist,Dobbespet PS,1.0442e+16,2022,1,2,Road Accidents,Curves,Rural Areas,Open area,Human Error,No,Damage Only,Vehicle to Vehicle,Not Applicable,Curve,State Highway,Concrete,Dry,Not Applicable,Fine,Shivaganga Road,Near Nagaraju Land,12,13.180199,77.217033,0,0,0.0,0.0
Bengaluru Dist,Dobbespet PS,1.0442e+16,2022,1,1,Road Accidents,Cross roads,Rural Areas,Near a factory industrial area,Human Error,No,Grievous Injury,Hit pedestrian,Not at  Junction,Not Applicable,State Highway,Bitumen(Tar),Others,No influence on accident,Clear,Shvagange-Dobbaspet Road,Near Bhyranna Land,6 Km,13.211498,77.239266,0,1,0.0,1.0
Bengaluru Dist,Dobbespet PS,1.0442e+16,2022,1,2,Road Accidents,Narrow road,Rural Areas,Near School or College,Human Error,No,Grievous Injury,Vehicle to Vehicle,Not at  Junction,Dip or trough,Others,Bitumen(Tar),Others,No influence on accident,Cloudy,Naasipura-Givndapura Road,Near Heggunda village,8 Km,13.274886,77.260817,0,1,0.0,1.0
Bengaluru Dist,Dobbespet PS,1.0442e+16,2022,1,2,Road Accidents,Junction,Rural Areas,Near a factory industrial area,Human Error,No,Grievous Injury,Vehicle to Vehicle,Give way sign,Straight and flat,Two way,Bitumen(Tar),Dry,No influence on accident,Clear,Dobbaspete-Thyamagondalu Road,Satrac Factory,50 ft,13.229419,77.274773,0,0,0.0,0.0
Bengaluru Dist,Dobbespet PS,1.0442e+16,2022,1,1,Road Accidents,Narrow road,Rural Areas,Open area,Human Error,No,Grievous Injury,Not Applicable,Controlled,Others,Minor District Road,Bitumen(Tar),Dry,No influence on accident,Clear,Shivagange-Sharada cross,Near Muslim Burrial Ground,2 ft,13.188289,77.227835,0,0,0.0,0.0
Bengaluru Dist,Dobbespet PS,1.0442e+16,2022,1,1,Road Accidents,Narrow road,Rural Areas,Near a factory industrial area,Human Error,No,Grievous Injury,Hit pedestrian,Controlled,Straight and flat,Major District Road,Bitumen(Tar),Dry,Not Applicable,Cloudy,Sompur ind Area Main Raod,Road,300,13.21531,77.242119,0,0,0.0,0.0
Bengaluru Dist,Dobbespet PS,1.0442e+16,2022,1,2,Road Accidents,Narrow road,Rural Areas,Near a religious place,Human Error,No,Grievous Injury,Vehicle to Vehicle,Not at  Junction,Straight and flat,State Highway,Bitumen(Tar),Dry,No influence on accident,Clear,Dabaspete Madugiri Road,Temple,80 ft,0.0,0.0,0,0,0.0,0.0
Bengaluru Dist,Dobbespet PS,1.0442e+16,2022,1,1,Road Accidents,Narrow road,City/Town,Near Bus stop,Human Error,Not Applicable,Fatal,Hit pedestrian,Not Applicable,Not Applicable,NH,Bitumen(Tar),Not Applicable,Not Applicable,Clear,NH 648,0,0.5 km,13.228,77.241949,0,0,0.0,0.0
Bengaluru Dist,Dobbespet PS,1.0442e+16,2022,1,2,Road Accidents,Narrow road,Rural Areas,Near Petrol Pump,Human Error,No,Not Applicable,Vehicle to Vehicle,No signal lights,Not Applicable,State Highway,Bitumen(Tar),Dry,No influence on accident,Clear,Dobbaspet-Madhugiri Road,Near Narasipura,6 Km,13.272203,77.243933,0,0,0.0,0.0
Bengaluru Dist,Dobbespet PS,1.0442e+16,2022,1,1,Road Accidents,Curves,Rural Areas,Near a factory industrial area,Human Error,No,Fatal,Hit pedestrian,Not at  Junction,Curve and Incline,Others,Bitumen(Tar),Dry,No influence on accident,Clear,Near Edehalli Ind Area,Electric Pole,60,13.218041,77.252207,0,0,0.0,0.0
Bengaluru Dist,Dobbespet PS,1.0442e+16,2022,1,1,Road Accidents,Narrow road,Rural Areas,Near office complex,Human Error,No,Grievous Injury,Hit pedestrian,Not at  Junction,Straight and flat,Two way,Bitumen(Tar),Dry,No influence on accident,Clear,Dabaspete Magadi Road,Basavashri Kalyana Mantapa,50 ft,13.21611,77.241291,0,0,0.0,0.0