DISTRICTNAME,UNITNAME,Crime_No,Year,RI,Noofvehicle_involved,Accident_Classification,Accident_Spot,Accident_Location,Accident_SubLocation,Main_Cause,Hit_Run,Severity,Collision_Type,Junction_Control,Road_Character,Road_Type,Surface_Type,Surface_Condition,Road_Condition,Weather,Accident_Road,Landmark_first,Distance_LandMark_First,Latitude,Longitude,Road_Condition_Score,Surface_Condition_Score,Surface_Type_Score,Road_Risk_Index
Bengaluru Dist,Dobbespet PS,1.0442e+16,2022,1,2,Road Accidents,Curves,Rural Areas,Open area,Human Error,No,Grievous Injury,Vehicle to Vehicle,No signal lights,Curve,State Highway,Bitumen(Tar),Dry,Not Applicable,Others,Dobbaspet-Madhugiri Road,Near Makenahalli Cross,10 Km,13.300284,77.238819,0,0,0.0,0.0
Bengaluru Dist,Dobbespet PS,1.0442e+16,2022,1,1,Road Accidents,Circle,Rural Areas,Near a factory industrial area,Human Error,No,Simple Injury,Hit pedestrian,No signal lights,Curve,Two way,Bitumen(Tar),Dry,Drainage Ditch,Clear,KIADB IND Area,Near Jindal Factory,6 KM,13.223035,77.254096,4,0,0.0,4.0
Bengaluru Dist,Dobbespet PS,1.0442e+16,2022,1,2,Road Accidents,Cross roads,Rural Areas,Open area,Human Error,No,Fatal,Vehicle to Vehicle,Uncontrolled,Curve,Others,Bitumen(Tar),Dry,No influence on accident,Cloudy,Dobbaspet Gudemaranahalli Road,Near Sharada cross,6 km,13.186704,77.235462,0,0,0.0,0.0
Bengaluru Dist,Dobbespet PS,1.0442e+16,2022,1,2,Road Accidents,Curves,Rural Areas,Open area,Human Error,No,Grievous Injury,Vehicle to Vehicle,Controlled,Curve,Others,Bitumen(Tar),Others,Not Applicable,Clear,Tattekere Nidavanda Road,Near Raliway Station,10 ft,0.0,0.0,0,1,0.0,1.0
Bengaluru Dist,Dobbespet PS,1.0442e+16,2022,1,2,Road Accidents,Junction,Rural Areas,Near a factory industrial area,Human Error,No,Grievous Injury,Vehicle to Vehicle,Uncontrolled,Straight and flat,Two way,Bitumen(Tar),Dry,No influence on accident,Clear,Niduvanda Inustrial Area,Mangalam pipes,30ft,13.230141,77.2413749,0,0,0.0,0.0
Bengaluru Dist,Dobbespet PS,1.0442e+16,2022,1,2,Road Accidents,Narrow road,Rural Areas,Open area,Human Error,No,Grievous Injury,Vehicle to Vehicle,Not at  Junction,Straight and flat,NH,Bitumen(Tar),Dry,No influence on accident,Clear,Dabbasapete-Doddaballapura Road,Siddalingeshwara hotel,50 ft,13.269566,77.240233,0,0,0.0,0.0
Bengaluru Dist,Dobbespet PS,1.0442e+16,2022,1,2,Road Accidents,Curves,Rural Areas,Open area,Human Error,No,Grievous Injury,Vehicle to Vehicle,No signal lights,Curve,State Highway,Bitumen(Tar),Dry,Not Applicable,Others,Dobbaspet-Madhugiri Road,Near Makenahalli Cross,8 Km,13.300208,77.239057,0,0,0.0,0.0
Bengaluru Dist,Dobbespet PS,1.0442e+16,2022,1,2,Road Accidents,Narrow road,Rural Areas,Near a factory industrial area,Human Error,No,Grievous Injury,Vehicle to Vehicle,Not at  Junction,Straight and flat,Others,Bitumen(Tar),Dry,No influence on accident,Clear,Thyamagondlu-Dobbaspete Road,Satrac Factory,50 ft,13.229429,77.274786,0,0,0.0,0.0
Bengaluru Dist,Dobbespet PS,1.0442e+16,2022,1,2,Road Accidents,Not Applicable,City/Town,Near Bus stop,Human Error,No,Fatal,Vehicle to Vehicle,Uncontrolled,Straight and flat,NH,Bitumen(Tar),Dry,No influence on accident,Clear,DABASPETE DODDABALLAPURA NH-648 MAINROAD,NEAR DABASPETE BUS STOP,0.5 KM,13.228324,77.243383,0,0,0.0,0.0
Bengaluru Dist,Dobbespet PS,1.0442e+16,2022,1,1,Road Accidents,Narrow road,Rural Areas,Near a factory industrial area,Human Error,No,Fatal,Hit pedestrian,Not Applicable,Straight and flat,State Highway,Bitumen(Tar),Not Applicable,No influence on accident,Clear,Industrial Area,Avverahalli industrial area,5km,13.199467,77.249848,0,0,0.0,0.0
Bengaluru Dist,Dobbespet PS,1.0442e+16,2022,1,1,Road Accidents,Narrow road,Rural Areas,Open area,Human Error,Yes,Grievous Injury,Hit pedestrian,Not at  Junction,Straight and flat,State Highway,Bitumen(Tar),Dry,No influence on accident,Clear,Dobbaspete-Shivagange Road,Manipal Natural Pvt ltd,100 ft,0.0,0.0,0,0,0.0,0.0
Bengaluru Dist,Dobbespet PS,1.0442e+16,2022,1,2,Road Accidents,Narrow road,Rural Areas,Near office complex,Human Error,No,Grievous Injury,Vehicle to Vehicle,Not at  Junction,Straight and flat,NH,Bitumen(Tar),Dry,No influence on accident,Clear,Dabaspete Madugiri Road,Dobbaspete Police station,50 ft,0.0,0.0,0,0,0.0,0.0
Bengaluru Dist,Dobbespet PS,1.0442e+16,2022,1,1,Not Applicable,Narrow road,Rural Areas,Near or inside a village,Human Error,No,Grievous Injury,Hit pedestrian,Uncontrolled,Not Applicable,Others,Bitumen(Tar),Dry,No influence on accident,Clear,Shvagange-Dobbaspet Road,Near VSSN Baragaenahalli,4km,0.0,0.0,0,0,0.0,0.0
Bengaluru Dist,Dobbespet PS,1.0442e+16,2022,1,2,Road Accidents,Narrow road,Rural Areas,Open area,Human Error,Yes,Simple Injury,Vehicle to Vehicle,Give way sign,Curve,State Highway,Bitumen(Tar),Dry,Not Applicable,Fine,Doddabalapura-Dabasapete  Road,Near Bus Stand,1 Km,13.228014,77.2421509,0,0,0.0,0.0
Bengaluru Dist,Dobbespet PS,1.0442e+16,2022,1,2,Road Accidents,Curves,City/Town,Near a factory industrial area,Human Error,No,Grievous Injury,Vehicle to Vehicle,Uncontrolled,Curve,Others,Concrete,Dry,No influence on accident,Clear,Industrial Area Raod,Behind LM Factory,3 km,13.223369,77.2499129,0,0,0.0,0.0
Bengaluru Dist,Dobbespet PS,1.0442e+16,2022,1,3,Road Accidents,Narrow road,Rural Areas,Near office complex,Human Error,Yes,Damage Only,Vehicle to Vehicle,Not at  Junction,Straight and flat,State Highway,Bitumen(Tar),Dry,No influence on accident,Clear,Dabaspete Madugiri Road,Tree,100 ft,13.22876,77.2419109,0,0,0.0,0.0
Bengaluru Dist,Dobbespet PS,1.0442e+16,2022,1,2,Road Accidents,Curves,Rural Areas,Open area,Human Error,No,Grievous Injury,Vehicle to Vehicle,Not at  Junction,Curve,Others,Bitumen(Tar),Dry,No influence on accident,Clear,Muddalinganahalli-Koratagere Road,Village Name Board,100 mt,0.0,0.0,0,0,0.0,0.0
Bengaluru Dist,Dobbespet PS,1.0442e+16,2023,1,2,Road Accidents,Narrow road,Rural Areas,Residential area,Human Error,No,Fatal,Vehicle to Vehicle,Not at  Junction,Straight and flat,State Highway,Bitumen(Tar),Dry,Not Applicable,Fine,Lakkuru village Near sh-03 Dobbaspet Madhugiri Road,Near Lakkuru Village,2 Km,13.238666,77.242531,0,0,0.0,0.0
Bengaluru Dist,Dobbespet PS,1.0442e+16,2023,1,2,Road Accidents,Narrow road,Rural Areas,Open area,Human Error,No,Simple Injury,Vehicle to Vehicle,Not at  Junction,Slight Curve,One way,Bitumen(Tar),Dry,No influence on accident,Clear,Thymagondlu-Dobbaspete Road,Satrac Factory gate,100 mt,13.230799,77.271071,0,0,0.0,0.0
Bengaluru Dist,Dobbespet PS,1.0442e+16,2023,1,1,Road Accidents,Curves,Rural Areas,Open area,Human Error,No,Grievous Injury,Not Applicable,Uncontrolled,Curve,Minor District Road,Bitumen(Tar),Dry,No influence on accident,Clear,Dobbaspet-Magadi road,Near Lake,20ft,13.186647,77.235416,0,0,0.0,0.0
Bengaluru Dist,Dobbespet PS,1.0442e+16,2023,1,2,Road Accidents,Junction,Rural Areas,Near a factory industrial area,Human Error,No,Grievous Injury,Vehicle to Vehicle,Uncontrolled,Straight and flat,One way,Bitumen(Tar),Dry,No influence on accident,Clear,Thymagondlu-Dobbaspete Road,Satrac Factory gate,45 ft,13.230145,77.272377,0,0,0.0,0.0
Bengaluru Dist,Dobbespet PS,1.0442e+16,2023,1,2,Road Accidents,Narrow road,Rural Areas,Open area,Vehicle Defect,No,Damage Only,Vehicle to Vehicle,Not at  Junction,Curve,State Highway,Bitumen(Tar),Others,Drainage Ditch,Clear,Dobbaspete-Madhugiri Road,Mud Road,10 ft,13.021454,77.012548,4,1,0.0,5.0
Bengaluru Dist,Dobbespet PS,1.0442e+16,2023,1,2,Road Accidents,Curves,Rural Areas,Open area,Human Error,No,Grievous Injury,Vehicle to Vehicle,Not at  Junction,Curve,Service Road,Bitumen(Tar),Dry,No influence on accident,Clear,Sgivagange -Gudemaranahalli Gottiegere Cross,Tar Road,10,13.169986,77.222787,0,0,0.0,0.0
Bengaluru Dist,Dobbespet PS,1.0442e+16,2023,1,1,Road Accidents,Narrow road,Rural Areas,Near or inside a village,Human Error,No,Grievous Injury,Not Applicable,Not at  Junction,Straight and flat,Two way,Bitumen(Tar),Dry,No influence on accident,Cloudy,Devarahosahalli Road,Water tank,120 ft,13.2337,77.187732,0,0,0.0,0.0
Bengaluru Dist,Dobbespet PS,1.0442e+16,2023,1,2,Road Accidents,Curves,Rural Areas,Open area,Human Error,No,Damage Only,Vehicle to Vehicle,Controlled,Others,Others,Bitumen(Tar),Dry,No influence on accident,Clear,Edehalli-Niduvanda road,Near L M Factory Cross,20 ft,13.230763,77.242376,0,0,0.0,0.0
Bengaluru Dist,Dobbespet PS,1.0442e+16,2023,1,1,Road Accidents,Narrow road,Rural Areas,Open area,Human Error,No,Grievous Injury,Hit pedestrian,Controlled,Straight and flat,State Highway,Bitumen(Tar),Dry,No influence on accident,Clear,Dobbaspete-Shivagange road,Infront of Nandini Bhoot,25ft,13.206685,77.237973,0,0,0.0,0.0
Bengaluru Dist,Dobbespet PS,1.0442e+16,2023,1,1,Road Accidents,Narrow road,Rural Areas,Residential area,Human Error,No,Fatal,Not Applicable,Uncontrolled,Not Applicable,State Highway,Bitumen(Tar),Dry,Not Applicable,Clear,Dobbaspet-Madhugiri Road Madenahalli Village,Near Narasipura village,6 Km,0.0,0.0,0,0,0.0,0.0
Bengaluru Dist,Dobbespet PS,1.0442e+16,2023,1,2,Road Accidents,Narrow road,Rural Areas,Near a factory industrial area,Human Error,No,Fatal,Vehicle to Vehicle,Not at  Junction,Straight and flat,Others,Bitumen(Tar),Dry,No influence on accident,Clear,industrial Area raod,Shop,55 ft,0.0,0.0,0,0,0.0,0.0
Bengaluru Dist,Dobbespet PS,1.0442e+16,2023,1,2,Road Accidents,Curves,Rural Areas,Open area,Human Error,No,Grievous Injury,Vehicle to Vehicle,Not at  Junction,Slight Curve,State Highway,Bitumen(Tar),Dry,No influence on accident,Cloudy,Dobbaspete-Madhugiri Road,Electrice Pole,80 ft,0.0,0.0,0,0,0.0,0.0
Bengaluru Dist,Dobbespet PS,1.0442e+16,2023,1,1,Not Applicable,Curves,Rural Areas,Residential area,Not Applicable,Not Applicable,Grievous Injury,Not Applicable,No signal lights,Others,State Highway,Not Applicable,Others,Not Applicable,Others,Madhugiri-dobbaspete Road Near Bairaiah Form Makenahalli village,Madhugiri Dobbasepete Road,21 Fit,13.306821,77.2398189,0,1,0.0,1.0
Bengaluru Dist,Dobbespet PS,1.0442e+16,2023,1,1,Road Accidents,Narrow road,Rural Areas,Open area,Human Error,No,Grievous Injury,Hit pedestrian,Not at  Junction,Straight and flat,NH,Bitumen(Tar),Dry,No influence on accident,Cloudy,Doddballapura-D Pete Road,Ramkey Factory,120 ft,13.231787,77.256339,0,0,0.0,0.0
Bengaluru Dist,Dobbespet PS,1.0442e+16,2023,1,1,Road Accidents,Narrow road,Rural Areas,Open area,Human Error,No,Grievous Injury,Hit pedestrian,Not at  Junction,Straight and flat,NH,Bitumen(Tar),Dry,No influence on accident,Cloudy,Ramangara-Dobbaspete Road,Aqua Fresh water filter plant,60 mt,13.202156,77.238984,0,0,0.0,0.0
Bengaluru Dist,Dobbespet PS,1.0442e+16,2023,1,1,Road Accidents,Narrow road,Rural Areas,Residential area,Human Error,No,Grievous Injury,Hit pedestrian,Not at  Junction,Others,State Highway,Bitumen(Tar),Dry,Not Applicable,Fine,Dobbaspet-Madhugiri Road Madenahalli Village,Near MadenahalliVillage,1KM,0.0,0.0,0,0,0.0,0.0
Bengaluru Dist,Dobbespet PS,1.0442e+16,2023,1,1,Road Accidents,Cross roads,Rural Areas,Residential area,Human Error,No,Grievous Injury,Hit pedestrian,Not at  Junction,Straight and flat,State Highway,Bitumen(Tar),Dry,Not Applicable,Fine,Dobbaspet-Madhugiri Road Makenahalli Village,Near Victim House,5 Km,0.0,0.0,0,0,0.0,0.0
Bengaluru Dist,Dobbespet PS,1.0442e+16,2023,1,2,Road Accidents,Not Applicable,Rural Areas,Near a factory industrial area,Vehicle Defect,No,Damage Only,Vehicle to Vehicle,Not at  Junction,Straight and flat,Others,Concrete,Dry,Not Applicable,Clear,VRL Godown Billinakote Village,VRL Godown,4 KM,0.0,0.0,0,0,0.0,0.0
Bengaluru Dist,Dobbespet PS,1.0442e+16,2023,1,1,Road Accidents,Cross roads,Rural Areas,Near a religious place,Human Error,No,Grievous Injury,Hit pedestrian,Controlled,Curve and Incline,Minor District Road,Bitumen(Tar),Dry,No influence on accident,Clear,Shivagange-kuduru road,Near Ganesh Temple,5ft,0.0,0.0,0,0,0.0,0.0
Bengaluru Dist,Dobbespet PS,1.0442e+16,2023,1,1,Road Accidents,Narrow road,Rural Areas,Residential area,Human Error,No,Grievous Injury,Hit pedestrian,Controlled,Straight and flat,Major District Road,Bitumen(Tar),Dry,No influence on accident,Clear,Dobbaspet-Koratagere road,Infront Of Narasimhaiah House,20 ft,0.0,0.0,0,0,0.0,0.0
Bengaluru Dist,Dobbespet PS,1.0442e+16,2023,1,2,Road Accidents,Junction,Rural Areas,Near a factory industrial area,Human Error,No,Fatal,Vehicle to Vehicle,No signal lights,Straight and flat,Minor District Road,Bitumen(Tar),Dry,No influence on accident,Clear,Avverahalli Indutraial Area Road,Electrice Pole,18 ft,13.188608,77.244635,0,0,0.0,0.0
Bengaluru Dist,Dobbespet PS,1.0442e+16,2023,1,1,Road Accidents,Narrow road,Rural Areas,Open area,Human Error,No,Grievous Injury,Hit pedestrian,Not at  Junction,Straight and flat,NH,Bitumen(Tar),Dry,No influence on accident,Fog / Mist,Dobbaspete NH-648 Service Road,Near TRMN Factory,199 mt,13.234238,77.263199,0,0,0.0,0.0
Bengaluru Dist,Dobbespet PS,1.0442e+16,2023,1,2,Road Accidents,Narrow road,Rural Areas,Near or inside a village,Human Error,No,Simple Injury,Vehicle to Vehicle,Not at  Junction,Straight and flat,State Highway,Bitumen(Tar),Dry,No influence on accident,Clear,Dobbaspete-Madhugiri Road,Bus Shelter,60 ft,13.262145,77.247292,0,0,0.0,0.0
Bengaluru Dist,Dobbespet PS,1.0442e+16,2023,1,2,Road Accidents,Curves,Rural Areas,Open area,Human Error,No,Fatal,Vehicle to Vehicle,Not at  Junction,Curve,State Highway,Bitumen(Tar),Dry,No influence on accident,Clear,Shivagange-Dobbaspete SH-03 Road,Electric Pole,45 ft,0.0,0.0,0,0,0.0,0.0
Bengaluru Dist,Dobbespet PS,1.0442e+16,2023,1,2,Road Accidents,Narrow road,Rural Areas,Near or inside a village,Human Error,No,Grievous Injury,Vehicle to Vehicle,Not at  Junction,Straight and flat,State Highway,Bitumen(Tar),Dry,No influence on accident,Clear,Dobbaspete-Madhugiri Road,Darga,100 mt,13.2801,77.241816,0,0,0.0,0.0
Bengaluru Dist,Dobbespet PS,1.0442e+16,2023,1,1,Road Accidents,Narrow road,Rural Areas,Near a factory industrial area,Human Error,No,Fatal,Hit pedestrian,Not at  Junction,Straight and flat,Service Road,Bitumen(Tar),Dry,No influence on accident,Cloudy,industrial Area raod,Electric Pole,15,13.238304,77.266621,0,0,0.0,0.0
Bengaluru Dist,Dobbespet PS,1.0442e+16,2023,1,2,Road Accidents,Narrow road,Rural Areas,Open area,Human Error,No,Fatal,Vehicle to Vehicle,Not at  Junction,Straight and flat,NH,Bitumen(Tar),Dry,No influence on accident,Cloudy,Doddballapura-D Pete Road,Industrial Area Board,45 ft,13.23083,77.252897,0,0,0.0,0.0
Bengaluru Dist,Dobbespet PS,1.0442e+16,2023,1,2,Road Accidents,Narrow road,Rural Areas,Open area,Human Error,No,Grievous Injury,Vehicle to Vehicle,Controlled,Straight and flat,Major District Road,Bitumen(Tar),Dry,No influence on accident,Clear,Dobbaspete-Shivagange road,Infront of Wild Craft Factory,20 ft,0.0,0.0,0,0,0.0,0.0
Bengaluru Dist,Dobbespet PS,1.0442e+16,2023,1,2,Road Accidents,Narrow road,Rural Areas,Open area,Human Error,No,Not Applicable,Vehicle to Vehicle,Controlled,Straight and flat,State Highway,Bitumen(Tar),Dry,No influence on accident,Clear,Dobbaspete  Doddaballapura Road,Infront Umesh Land,50ft,13.228114,77.242109,0,0,0.0,0.0
Bengaluru Dist,Dobbespet PS,1.0442e+16,2023,1,2,Road Accidents,Narrow road,Rural Areas,Near or inside a village,Human Error,No,Fatal,Vehicle to Vehicle,Controlled,Straight and flat,Service Road,Bitumen(Tar),Dry,Construction Work / Material,Clear,Dobbaspete NH-648 Service Road,BCM  Hostel,50,13.228844,77.244423,2,0,0.0,2.0
Bengaluru Dist,Dobbespet PS,1.0442e+16,2023,1,2,Road Accidents,Cross roads,Rural Areas,Open area,Human Error,No,Grievous Injury,Vehicle to Vehicle,Uncontrolled,Curve,NH,Bitumen(Tar),Dry,No influence on accident,Clear,Dabaspete Magadi Road,Vishranti Upahara Hotel,100 ft,0.0,0.0,0,0,0.0,0.0
Bengaluru Dist,Dobbespet PS,1.0442e+16,2023,1,2,Road Accidents,Narrow road,Rural Areas,Residential area,Human Error,No,Grievous Injury,Vehicle to Vehicle,Not at  Junction,Straight and flat,Minor District Road,Bitumen(Tar),Dry,No influence on accident,Clear,Dobbaspet-Ramanagara road,Near Honnenahalli Tandya,20ft,0.0,0.0,0,0,0.0,0.0
Bengaluru Dist,Dobbespet PS,1.0442e+16,2023,1,2,Road Accidents,Narrow road,Rural Areas,Residential area,Human Error,No,Simple Injury,Vehicle to Vehicle,Not at  Junction,Straight and flat,State Highway,Bitumen(Tar),Dry,Not Applicable,Fine,Narasipur  Hostel Front Of,Near Narasipur village,4 KM,13.272367,77.243954,0,0,0.0,0.0
Bengaluru Dist,Dobbespet PS,1.0442e+16,2023,1,2,Road Accidents,Narrow road,Rural Areas,Residential area,Human Error,No,Grievous Injury,Vehicle to Vehicle,Not at  Junction,Straight and flat,Others,Bitumen(Tar),Dry,Not Applicable,Fine,Nidavanda-Tattekere Road,Near Nidavanda Railway Gate,4,0.0,0.0,0,0,0.0,0.0
Bengaluru Dist,Dobbespet PS,1.0442e+16,2023,1,1,Road Accidents,Narrow road,Rural Areas,Near Bus stop,Human Error,No,Grievous Injury,Not Applicable,Controlled,Straight and flat,State Highway,Bitumen(Tar),Dry,No influence on accident,Clear,Dobbaspet-Madhugiri road,Near Bus stand,20ft,0.0,0.0,0,0,0.0,0.0
Bengaluru Dist,Dobbespet PS,1.0442e+16,2023,1,2,Road Accidents,Cross roads,Rural Areas,Open area,Human Error,Yes,Simple Injury,Vehicle to Vehicle,Controlled,Others,Others,Bitumen(Tar),Dry,No influence on accident,Clear,Billinakote-Avverahalli KIADB Industrial road,Infront Of Lakshmi Profiles,20ft,0.0,0.0,0,0,0.0,0.0
Bengaluru Dist,Dobbespet PS,1.0442e+16,2023,1,1,Road Accidents,Narrow road,Rural Areas,Near or inside a village,Human Error,No,Grievous Injury,Hit pedestrian,Controlled,Straight and flat,Minor District Road,Bitumen(Tar),Dry,No influence on accident,Cloudy,Kerekattiganooru- Shivagange Main raod,Shop,60 ft,13.185551,77.280849,0,0,0.0,0.0
Bengaluru Dist,Dobbespet PS,1.0442e+16,2023,1,2,Road Accidents,Narrow road,Rural Areas,Near or inside a village,Human Error,Yes,Simple Injury,Vehicle to Vehicle,Controlled,Curve,Minor District Road,Bitumen(Tar),Dry,No influence on accident,Clear,Karimanne Tattekere Road,KEB POLE,80,13.25608,77.267112,0,0,0.0,0.0
Bengaluru Dist,Dobbespet PS,1.0442e+16,2023,1,1,Road Accidents,Narrow road,Rural Areas,Near a factory industrial area,Not Applicable,Not Applicable,Damage Only,Not Applicable,Not at  Junction,Others,Others,Bitumen(Tar),Dry,Not Applicable,Fine,GOTTIKERE-KENGAL KEMPOHALLI ROAD NEAR AVVERAHALLI INDUSTRIAL AREA,NEAR AVVERAHALLI INDUSTRIAL AREA,05 KM,0.0,0.0,0,0,0.0,0.0
Bengaluru Dist,Dobbespet PS,1.0442e+16,2023,1,2,Road Accidents,Narrow road,Rural Areas,Near or inside a village,Human Error,No,Grievous Injury,Vehicle to Vehicle,Not at  Junction,Straight and flat,Two way,Concrete,Dry,No influence on accident,Others,Halenijagal-NH 48 Road,Electrice Pole,20 ft,13.252303,77.203158,0,0,0.0,0.0
Bengaluru Dist,Dobbespet PS,1.0442e+16,2023,1,2,Road Accidents,Narrow road,Rural Areas,Near or inside a village,Human Error,No,Grievous Injury,Vehicle to Vehicle,Not at  Junction,Straight and flat,Two way,Bitumen(Tar),Dry,No influence on accident,Clear,Shivagange,Gangadhareshwara Temple,120 mt,0.0,0.0,0,0,0.0,0.0
Bengaluru Dist,Dobbespet PS,1.0442e+16,2023,1,1,Road Accidents,Narrow road,Rural Areas,Near School or College,Human Error,Not Applicable,Grievous Injury,Hit pedestrian,Controlled,Straight and flat,Major District Road,Bitumen(Tar),Dry,No influence on accident,Clear,Dobbaspet-Koratagere road,Near Public School,50 ft,13.238091,77.242229,0,0,0.0,0.0
Bengaluru Dist,Dobbespet PS,1.0442e+16,2023,1,1,Not Applicable,Curves,Rural Areas,Near a factory industrial area,Not Applicable,No,Damage Only,Not Applicable,Uncontrolled,Crest of hill,Others,Surfaced,Others,Construction Work / Material,Dust Storn,SLR Stone Crusher Makenahalli,Mud Road,30,13.310215,77.230375,2,1,,
Bengaluru Dist,Dobbespet PS,1.0442e+16,2023,1,2,Road Accidents,Narrow road,Rural Areas,Near Hospital,Human Error,No,Grievous Injury,Vehicle to Vehicle,Not at  Junction,Straight and flat,State Highway,Bitumen(Tar),Dry,No influence on accident,Clear,Dobbaspete-Madhugiri Road,we care Hospital,200 ft,13.232859,77.241635,0,0,0.0,0.0
Bengaluru Dist,Dobbespet PS,1.0442e+16,2023,1,1,Road Accidents,Cross roads,Rural Areas,Open area,Human Error,No,Fatal,Not Applicable,Not at  Junction,Curve,One way,Concrete,Dry,Not Applicable,Fine,Near Kutaghatta Shivagange Village,Near Kuthaghatta,6 Km,13.187032,77.226818,0,0,0.0,0.0
Bengaluru Dist,Dobbespet PS,1.0442e+16,2023,1,2,Road Accidents,Curves,Rural Areas,Near Bus stop,Human Error,Not Applicable,Grievous Injury,Vehicle to Vehicle,Not at  Junction,Curve,State Highway,Bitumen(Tar),Dry,Construction Work / Material,Clear,Dobbaspet-Dobbaballapur Road Near Dobbaspet Bustand,Near Sompur Pachayat,1 Km,13.228766,77.241799,2,0,0.0,2.0
Bengaluru Dist,Dobbespet PS,1.0442e+16,2023,1,1,Road Accidents,Road hump or Rumble strips,City/Town,Near a factory industrial area,Human Error,No,Fatal,Not Applicable,Not at  Junction,Others,State Highway,Not Applicable,Muddy,Construction Work / Material,Dust Storn,Dobbaspet D B PUra Road,Electric Pole,25,0.0,0.0,2,4,0.0,6.0
Bengaluru Dist,Dobbespet PS,1.0442e+16,2023,1,2,Road Accidents,Narrow road,City/Town,Open area,Human Error,No,Fatal,Vehicle to Vehicle,Not at  Junction,Straight and flat,NH,Bitumen(Tar),Dry,No influence on accident,Others,Dobbaspete Doddaballapura Road NH-648,Turbo Honda Showroom,500 mt,0.0,0.0,0,0,0.0,0.0
Bengaluru Dist,Dobbespet PS,1.0442e+16,2023,1,2,Road Accidents,Cross roads,Rural Areas,Residential area,Human Error,No,Grievous Injury,Vehicle to Vehicle,Uncontrolled,Others,Others,Bitumen(Tar),Dry,No influence on accident,Clear,Bharatipura Colony-Bharatipura Village Road,Near Narasimharaju House,20ft,13.219926,77.262965,0,0,0.0,0.0
Bengaluru Dist,Dobbespet PS,1.0442e+16,2023,1,2,Road Accidents,Narrow road,Rural Areas,Near or inside a village,Human Error,No,Fatal,Vehicle to Vehicle,Not at  Junction,Straight and flat,State Highway,Bitumen(Tar),Dry,No influence on accident,Fog / Mist,Dobbaspete-Madhugiri Road,SLN Auto Engineering,70 mt,13.246225,77.246745,0,0,0.0,0.0
Bengaluru Dist,Dobbespet PS,1.0442e+16,2023,1,2,Road Accidents,Narrow road,Rural Areas,Near or inside a village,Human Error,No,Damage Only,Vehicle to Vehicle,Not at  Junction,Straight and flat,State Highway,Bitumen(Tar),Dry,No influence on accident,Clear,Dobbaspete-Madhugiri Road,Laxmiranganatha store,30 ft,13.296427,77.238723,0,0,0.0,0.0
Bengaluru Dist,Dobbespet PS,1.0442e+16,2023,1,2,Road Accidents,Curves,Rural Areas,Open area,Human Error,No,Simple Injury,Vehicle to Vehicle,Not Applicable,Sharp Curve,Others,Bitumen(Tar),Dry,No influence on accident,Clear,Dabaspete Magadi Road,Hotel,80 ft,0.0,0.0,0,0,0.0,0.0
Bengaluru Dist,Dobbespet PS,1.0442e+16,2023,1,2,Road Accidents,Curves,Rural Areas,Open area,Human Error,Not Applicable,Grievous Injury,Vehicle to Vehicle,Controlled,Curve,Minor District Road,Bitumen(Tar),Dry,No influence on accident,Clear,Billinakote-Tyamagondlu road,Near Thotanahalli Bande,20ft,13.197535,77.272642,0,0,0.0,0.0
Bengaluru Dist,Dobbespet PS,1.0442e+16,2023,1,2,Road Accidents,Curves,Rural Areas,Near a factory industrial area,Vehicle Defect,No,Damage Only,Vehicle to Vehicle,Not at  Junction,Curve,Others,Bitumen(Tar),Dry,Not Applicable,Fine,Front of Polycab Factory,Near Polycab Factory,2 KM,0.0,0.0,0,0,0.0,0.0
Bengaluru Dist,Dobbespet PS,1.0442e+16,2023,1,2,Road Accidents,Narrow road,Rural Areas,Near a religious place,Human Error,No,Grievous Injury,Vehicle to Vehicle,Controlled,Straight and flat,Others,Bitumen(Tar),Dry,No influence on accident,Clear,Mahimapura-Shivagange road,Near Samadhana Ashram,20ft,0.0,0.0,0,0,0.0,0.0
Bengaluru Dist,Dobbespet PS,1.0442e+16,2023,1,2,Road Accidents,Narrow road,Rural Areas,Open area,Human Error,No,Grievous Injury,Vehicle to Vehicle,Not at  Junction,Straight and flat,Two way,Bitumen(Tar),Dry,No influence on accident,Clear,Billinakote-Thyamagondlu Road,Ashwathakatte,100 ft,0.0,0.0,0,0,0.0,0.0
Bengaluru Dist,Dobbespet PS,1.0442e+16,2023,1,1,Road Accidents,Narrow road,Rural Areas,Near a factory industrial area,Human Error,No,Grievous Injury,Hit pedestrian,Not at  Junction,Others,Service Road,Bitumen(Tar),Dry,Construction Work / Material,Cloudy,Dobbaspete  Doddaballapura Road,Near Hotel,2 km,0.0,0.0,2,0,0.0,2.0