DISTRICTNAME,UNITNAME,Crime_No,Year,RI,Noofvehicle_involved,Accident_Classification,Accident_Spot,Accident_Location,Accident_SubLocation,Main_Cause,Hit_Run,Severity,Collision_Type,Junction_Control,Road_Character,Road_Type,Surface_Type,Surface_Condition,Road_Condition,Weather,Accident_Road,Landmark_first,Distance_LandMark_First,Latitude,Longitude,Road_Condition_Score,Surface_Condition_Score,Surface_Type_Score,Road_Risk_Index
Bengaluru Dist,Dobbespet PS,1.0442e+16,2023,1,2,Road Accidents,Cross roads,Rural Areas,Near a factory industrial area,Not Applicable,No,Simple Injury,Vehicle to Vehicle,No signal lights,Others,One way,Bitumen(Tar),Others,Not Applicable,Others,"Avverahalli Indl Area Near Manipal Factoty Road,",Kengal Kempohalli Village road,25 Fit,13.086548,77.153807,0,1,0.0,1.0
Bengaluru Dist,Dobbespet PS,1.0442e+16,2023,1,1,Road Accidents,Narrow road,Rural Areas,Near or inside a village,Human Error,No,Grievous Injury,Not Applicable,Not at  Junction,Straight and flat,Two way,Bitumen(Tar),Dry,No influence on accident,Clear,Heggunda-Narasipura gate,Anjaneya Temple,40 ft,13.230764,77.251439,0,0,0.0,0.0
Bengaluru Dist,Dobbespet PS,1.0442e+16,2023,1,1,Road Accidents,Narrow road,Rural Areas,Near a factory industrial area,Human Error,No,Fatal,Hit pedestrian,Not at  Junction,Straight and flat,Others,Concrete,Dry,No influence on accident,Clear,SK Steels Factory,SK Steels Factory Office,50 ft,13.134356,77.154623,0,0,0.0,0.0
Bengaluru Dist,Doddaballapura Rural PS,1.0442e+16,2016,1,2,Road Accidents,Narrow road,Rural Areas,Open area,Human Error,No,Grievous Injury,Others,Not Applicable,Not Applicable,State Highway,Bitumen(Tar),Dry,Not Applicable,Fine,MENASI,SH,4,0.0,0.0,0,0,0.0,0.0
Bengaluru Dist,Doddaballapura Rural PS,1.0442e+16,2016,1,2,Road Accidents,Narrow road,Villages settlement,Open area,Human Error,No,Simple Injury,Hit fixed object,Not Applicable,Not Applicable,NH,Bitumen(Tar),Dry,Not Applicable,Fine,ARALLUMALLIGE,NH,6,0.0,0.0,0,0,0.0,0.0
Bengaluru Dist,Doddaballapura Rural PS,1.0442e+16,2016,1,1,Road Accidents,Narrow road,Villages settlement,Open area,Human Error,No,Simple Injury,Head on,Not Applicable,Not Applicable,NH,Bitumen(Tar),Dry,Not Applicable,Fine,KODIGEHALLI,NH,5,0.0,0.0,0,0,0.0,0.0
Bengaluru Dist,Doddaballapura Rural PS,1.0442e+16,2016,1,1,Road Accidents,Narrow road,Villages settlement,Open area,Not Applicable,No,Not Applicable,Others,Not Applicable,Not Applicable,NH,Bitumen(Tar),Dry,Not Applicable,Fine,PALANAJOGAHALII,NH,5,0.0,0.0,0,0,0.0,0.0
Bengaluru Dist,Doddaballapura Rural PS,1.0442e+16,2016,1,2,Road Accidents,Narrow road,Villages settlement,Open area,Human Error,No,Simple Injury,Hit and Run,Not Applicable,Not Applicable,State Highway,Bitumen(Tar),Dry,Not Applicable,Fine,BASHETTIHALLI,SH,6,0.0,0.0,0,0,0.0,0.0
Bengaluru Dist,Doddaballapura Rural PS,1.0442e+16,2016,1,2,Road Accidents,Narrow road,Villages settlement,Open area,Human Error,No,Simple Injury,Hit fixed object,Not Applicable,Not Applicable,State Highway,Bitumen(Tar),Dry,Not Applicable,Fine,KODIGEHALLI,SH,3,0.0,0.0,0,0,0.0,0.0
Bengaluru Dist,Doddaballapura Rural PS,1.0442e+16,2016,1,2,Road Accidents,Narrow road,Rural Areas,Open area,Human Error,No,Grievous Injury,Others,Not Applicable,Not Applicable,NH,Bitumen(Tar),Dry,Not Applicable,Fine,NAGDENAHALLI,NH,5,0.0,0.0,0,0,0.0,0.0
Bengaluru Dist,Doddaballapura Rural PS,1.0442e+16,2016,1,3,Road Accidents,Narrow road,Villages settlement,Open area,Human Error,No,Simple Injury,Hit fixed object,Not Applicable,Not Applicable,State Highway,Bitumen(Tar),Dry,Not Applicable,Fine,BASHETTHALLI,SH,6,0.0,0.0,0,0,0.0,0.0
Bengaluru Dist,Doddaballapura Rural PS,1.0442e+16,2016,1,1,Road Accidents,Narrow road,Villages settlement,Open area,Human Error,No,Simple Injury,Hit fixed object,Not Applicable,Not Applicable,NH,Bitumen(Tar),Dry,Not Applicable,Fine,PALANAJOGAHALLI,NH,4,0.0,0.0,0,0,0.0,0.0
Bengaluru Dist,Doddaballapura Rural PS,1.0442e+16,2016,1,2,Road Accidents,Narrow road,Villages settlement,Open area,Human Error,No,Simple Injury,Others,Not Applicable,Not Applicable,State Highway,Bitumen(Tar),Dry,Not Applicable,Fine,KANIVEPUR,SH,12,0.0,0.0,0,0,0.0,0.0
Bengaluru Dist,Doddaballapura Rural PS,1.0442e+16,2016,1,1,Road Accidents,More than four arms,Villages settlement,Open area,Human Error,Yes,Simple Injury,Head on,Not Applicable,Not Applicable,NH,Bitumen(Tar),Dry,Not Applicable,Fine,GUNDUMAGERE CROSS,NH,10,0.0,0.0,0,0,0.0,0.0
Bengaluru Dist,Doddaballapura Rural PS,1.0442e+16,2016,1,2,Road Accidents,Narrow road,Villages settlement,Narrow bridge or culverts,Human Error,No,Simple Injury,Head on,Not Applicable,Not Applicable,Service Road,Bitumen(Tar),Dry,Not Applicable,Fine,RAJAGHATTA,SERAVICE ROD,5,0.0,0.0,0,0,0.0,0.0
Bengaluru Dist,Doddaballapura Rural PS,1.0442e+16,2016,1,2,Road Accidents,Narrow road,Villages settlement,Open area,Not Applicable,No,Not Applicable,Hit and Run,Not Applicable,Not Applicable,State Highway,Bitumen(Tar),Dry,Not Applicable,Fine,BASHETTHALLI,SH,8,0.0,0.0,0,0,0.0,0.0
Bengaluru Dist,Doddaballapura Rural PS,1.0442e+16,2016,1,2,Road Accidents,Narrow road,Villages settlement,Open area,Human Error,No,Simple Injury,Hit fixed object,Not Applicable,Not Applicable,State Highway,Bitumen(Tar),Dry,Not Applicable,Fine,THIRUMAGONDANHALLI,SH,6,0.0,0.0,0,0,0.0,0.0
Bengaluru Dist,Doddaballapura Rural PS,1.0442e+16,2016,1,2,Road Accidents,Narrow road,Villages settlement,Open area,Human Error,No,Simple Injury,Others,Not Applicable,Not Applicable,NH,Bitumen(Tar),Dry,Not Applicable,Fine,S S GHATI,NH,15,0.0,0.0,0,0,0.0,0.0
Bengaluru Dist,Doddaballapura Rural PS,1.0442e+16,2016,1,2,Road Accidents,Narrow road,Villages settlement,Open area,Human Error,No,Simple Injury,Hit fixed object,Not Applicable,Not Applicable,NH,Bitumen(Tar),Dry,Not Applicable,Fine,GOLLAHALLI,NH,9,0.0,0.0,0,0,0.0,0.0
Bengaluru Dist,Doddaballapura Rural PS,1.0442e+16,2016,1,2,Road Accidents,Narrow road,Rural Areas,Open area,Human Error,No,Grievous Injury,Others,Not Applicable,Not Applicable,State Highway,Bitumen(Tar),Dry,Not Applicable,Fine,KELAGINA NAYAKNDRAHALLI,SH,12,0.0,0.0,0,0,0.0,0.0
Bengaluru Dist,Doddaballapura Rural PS,1.0442e+16,2016,1,1,Road Accidents,Narrow road,Villages settlement,Open area,Human Error,No,Simple Injury,Head on,Not Applicable,Not Applicable,State Highway,Bitumen(Tar),Dry,Not Applicable,Fine,HOSAHUDYA,SH,6,0.0,0.0,0,0,0.0,0.0
Bengaluru Dist,Doddaballapura Rural PS,1.0442e+16,2016,1,2,Road Accidents,Narrow road,Villages settlement,Open area,Human Error,No,Simple Injury,Hit fixed object,Not Applicable,Not Applicable,State Highway,Bitumen(Tar),Dry,Not Applicable,Fine,NEAR APPERAL,SH,6,0.0,0.0,0,0,0.0,0.0
Bengaluru Dist,Doddaballapura Rural PS,1.0442e+16,2016,1,1,Road Accidents,Narrow road,Rural Areas,Open area,Human Error,No,Simple Injury,Others,Not Applicable,Not Applicable,Others,Bitumen(Tar),Dry,Not Applicable,Fine,RAJAGHATTA,RAJAGHATTA,5,0.0,0.0,0,0,0.0,0.0
Bengaluru Dist,Doddaballapura Rural PS,1.0442e+16,2016,1,2,Road Accidents,Narrow road,Villages settlement,Open area,Human Error,No,Simple Injury,Hit fixed object,Not Applicable,Not Applicable,NH,Bitumen(Tar),Dry,Not Applicable,Fine,PALANAJOGAHALLI,NH,5,0.0,0.0,0,0,0.0,0.0
Bengaluru Dist,Doddaballapura Rural PS,1.0442e+16,2016,1,1,Road Accidents,Narrow road,Villages settlement,Open area,Human Error,No,Simple Injury,Hit fixed object,Not Applicable,Not Applicable,State Highway,Bitumen(Tar),Dry,Not Applicable,Fine,THIMMASANDRA,SH,5,0.0,0.0,0,0,0.0,0.0
Bengaluru Dist,Doddaballapura Rural PS,1.0442e+16,2016,1,2,Road Accidents,Narrow road,Villages settlement,Open area,Human Error,No,Simple Injury,Hit fixed object,Not Applicable,Not Applicable,State Highway,Bitumen(Tar),Dry,Not Applicable,Fine,BASHETTIHALLI,SH,6,0.0,0.0,0,0,0.0,0.0
Bengaluru Dist,Doddaballapura Rural PS,1.0442e+16,2016,1,1,Road Accidents,Narrow road,Villages settlement,Open area,Human Error,No,Simple Injury,Others,Not Applicable,Not Applicable,NH,Bitumen(Tar),Dry,Not Applicable,Fine,PALANAJOGAHALLI,NH,4,0.0,0.0,0,0,0.0,0.0
Bengaluru Dist,Doddaballapura Rural PS,1.0442e+16,2016,1,2,Road Accidents,Narrow road,Villages settlement,Open area,Human Error,No,Not Applicable,Head on,Not Applicable,Not Applicable,NH,Bitumen(Tar),Dry,Not Applicable,Fine,RAGHUNATHAPURA,NH,5,0.0,0.0,0,0,0.0,0.0
Bengaluru Dist,Doddaballapura Rural PS,1.0442e+16,2016,1,2,Road Accidents,Narrow road,Rural Areas,Open area,Human Error,No,Grievous Injury,Others,Not Applicable,Not Applicable,Others,Bitumen(Tar),Dry,Not Applicable,Fine,HASANGHTTA,HASANGHTTA,3,0.0,0.0,0,0,0.0,0.0
Bengaluru Dist,Doddaballapura Rural PS,1.0442e+16,2016,1,2,Road Accidents,Narrow road,Rural Areas,Open area,Human Error,No,Simple Injury,Others,Not Applicable,Not Applicable,Others,Bitumen(Tar),Dry,Not Applicable,Fine,KANTANKUANTE,KANTANKUANTE,8,0.0,0.0,0,0,0.0,0.0
Bengaluru Dist,Doddaballapura Rural PS,1.0442e+16,2016,1,2,Road Accidents,Narrow road,Villages settlement,Open area,Human Error,Yes,Simple Injury,Hit and Run,Not Applicable,Not Applicable,NH,Bitumen(Tar),Dry,Not Applicable,Fine,PALANAJOGAHALLI,NH,5,0.0,0.0,0,0,0.0,0.0
Bengaluru Dist,Doddaballapura Rural PS,1.0442e+16,2016,1,2,Road Accidents,Narrow road,Rural Areas,Open area,Human Error,No,Simple Injury,Head on,Not Applicable,Not Applicable,Others,Bitumen(Tar),Dry,Not Applicable,Fine,OBDENAHALLI,OBDENAHALLI,5,0.0,0.0,0,0,0.0,0.0
Bengaluru Dist,Doddaballapura Rural PS,1.0442e+16,2016,1,2,Road Accidents,Narrow road,Villages settlement,Open area,Human Error,No,Simple Injury,Head on,Not Applicable,Not Applicable,Village Road,Bitumen(Tar),Dry,Not Applicable,Fine,LIANGANAHALLI,VILLAGE ROAD,12,0.0,0.0,0,0,0.0,0.0
Bengaluru Dist,Doddaballapura Rural PS,1.0442e+16,2016,1,2,Road Accidents,Narrow road,Villages settlement,Open area,Human Error,Yes,Simple Injury,Hit and Run,Not Applicable,Not Applicable,Village Road,Bitumen(Tar),Dry,Not Applicable,Fine,VADDARAHALLI,VILLAGE ROAD,8,0.0,0.0,0,0,0.0,0.0
Bengaluru Dist,Doddaballapura Rural PS,1.0442e+16,2016,1,1,Road Accidents,Narrow road,Rural Areas,Open area,Human Error,No,Simple Injury,Others,Not Applicable,Not Applicable,Village Road,Bitumen(Tar),Dry,Not Applicable,Fine,HEGGADIHALLI,VILLAGE ROAD,15,0.0,0.0,0,0,0.0,0.0
Bengaluru Dist,Doddaballapura Rural PS,1.0442e+16,2016,1,2,Road Accidents,Narrow road,Villages settlement,Open area,Not Applicable,No,Simple Injury,Hit fixed object,Not Applicable,Not Applicable,NH,Bitumen(Tar),Dry,Not Applicable,Fine,MAKALI DURGA,NH,12,0.0,0.0,0,0,0.0,0.0
Bengaluru Dist,Doddaballapura Rural PS,1.0442e+16,2016,1,1,Road Accidents,Narrow road,Rural Areas,Open area,Human Error,No,Grievous Injury,Others,Not Applicable,Not Applicable,Others,Bitumen(Tar),Dry,Not Applicable,Fine,TOGARIGHATTA,TOGARIGHATTA,4,0.0,0.0,0,0,0.0,0.0
Bengaluru Dist,Doddaballapura Rural PS,1.0442e+16,2016,1,2,Road Accidents,Narrow road,Rural Areas,Open area,Human Error,No,Grievous Injury,Others,Not Applicable,Not Applicable,Others,Bitumen(Tar),Dry,Not Applicable,Fine,TALAGAVARA,TALAGAVARA,6,0.0,0.0,0,0,0.0,0.0
Bengaluru Dist,Doddaballapura Rural PS,1.0442e+16,2016,1,2,Road Accidents,Narrow road,Villages settlement,Open area,Human Error,No,Simple Injury,Hit fixed object,Not Applicable,Not Applicable,Village Road,Bitumen(Tar),Dry,Not Applicable,Fine,GOLLAHALLI,VILLAGE ROAD,12,0.0,0.0,0,0,0.0,0.0
Bengaluru Dist,Doddaballapura Rural PS,1.0442e+16,2016,1,2,Road Accidents,Narrow road,Villages settlement,Open area,Human Error,No,Not Applicable,Hit fixed object,Not Applicable,Not Applicable,NH,Bitumen(Tar),Dry,Not Applicable,Fine,PALPALDINNE,NH,13,0.0,0.0,0,0,0.0,0.0
Bengaluru Dist,Doddaballapura Rural PS,1.0442e+16,2016,1,2,Road Accidents,Narrow road,Villages settlement,Open area,Human Error,No,Simple Injury,Head on,Not Applicable,Not Applicable,State Highway,Bitumen(Tar),Dry,Not Applicable,Fine,Raghunathapura,SH,7,0.0,0.0,0,0,0.0,0.0
Bengaluru Dist,Doddaballapura Rural PS,1.0442e+16,2016,1,2,Road Accidents,Narrow road,Villages settlement,Open area,Human Error,No,Simple Injury,Hit fixed object,Not Applicable,Not Applicable,NH,Bitumen(Tar),Dry,Not Applicable,Fine,RAJAGHATTA,NH,10,0.0,0.0,0,0,0.0,0.0
Bengaluru Dist,Doddaballapura Rural PS,1.0442e+16,2016,1,2,Road Accidents,Narrow road,Villages settlement,Open area,Not Applicable,No,Simple Injury,Head on,Not Applicable,Not Applicable,NH,Bitumen(Tar),Dry,Not Applicable,Fine,RAGHUNATHAPURA,NH,6,0.0,0.0,0,0,0.0,0.0
Bengaluru Dist,Doddaballapura Rural PS,1.0442e+16,2016,1,2,Road Accidents,Narrow road,Villages settlement,Open area,Human Error,No,Simple Injury,Head on,Not Applicable,Not Applicable,NH,Bitumen(Tar),Dry,Not Applicable,Fine,HAMAM,NH,5,0.0,0.0,0,0,0.0,0.0
Bengaluru Dist,Doddaballapura Rural PS,1.0442e+16,2016,1,2,Road Accidents,Narrow road,Villages settlement,Open area,Human Error,No,Not Applicable,Hit fixed object,Not Applicable,Not Applicable,State Highway,Bitumen(Tar),Dry,Not Applicable,Fine,BISUVANAHALLI,SH,8,0.0,0.0,0,0,0.0,0.0
Bengaluru Dist,Doddaballapura Rural PS,1.0442e+16,2016,1,2,Road Accidents,Narrow road,Rural Areas,Open area,Human Error,No,Not Applicable,Hit fixed object,Not Applicable,Not Applicable,State Highway,Bitumen(Tar),Dry,Not Applicable,Fine,BASHETTIHALLI,SH,8,0.0,0.0,0,0,0.0,0.0
Bengaluru Dist,Doddaballapura Rural PS,1.0442e+16,2016,1,2,Road Accidents,Narrow road,Villages settlement,Open area,Human Error,No,Simple Injury,Hit fixed object,Not Applicable,Not Applicable,NH,Bitumen(Tar),Dry,Not Applicable,Fine,MELINA NAYAKARANDAHALLI,NH,14,0.0,0.0,0,0,0.0,0.0
Bengaluru Dist,Doddaballapura Rural PS,1.0442e+16,2016,1,2,Road Accidents,Cross roads,Rural Areas,Open area,Human Error,Yes,Grievous Injury,Hit and Run,Not Applicable,Not Applicable,State Highway,Bitumen(Tar),Dry,Not Applicable,Fine,Jinkebachahalli  Cross,NH,10,0.0,0.0,0,0,0.0,0.0
Bengaluru Dist,Doddaballapura Rural PS,1.0442e+16,2016,1,2,Road Accidents,Narrow road,Rural Areas,Open area,Human Error,No,Grievous Injury,Others,Not Applicable,Not Applicable,State Highway,Bitumen(Tar),Dry,Not Applicable,Fine,THIMMASANDRA,SH,3,0.0,0.0,0,0,0.0,0.0
Bengaluru Dist,Doddaballapura Rural PS,1.0442e+16,2016,1,2,Road Accidents,Narrow road,Rural Areas,Open area,Human Error,No,Simple Injury,Others,Not Applicable,Not Applicable,State Highway,Bitumen(Tar),Dry,Not Applicable,Fine,KODIGEHALLI,SH,4KM,0.0,0.0,0,0,0.0,0.0
Bengaluru Dist,Doddaballapura Rural PS,1.0442e+16,2016,1,2,Road Accidents,Narrow road,Villages settlement,Open area,Human Error,No,Simple Injury,Hit fixed object,Not Applicable,Not Applicable,State Highway,Bitumen(Tar),Dry,Not Applicable,Fine,PINDKR THIMMANAHALLI,SH,4,0.0,0.0,0,0,0.0,0.0
Bengaluru Dist,Doddaballapura Rural PS,1.0442e+16,2016,1,2,Road Accidents,Narrow road,Villages settlement,Open area,Human Error,No,Simple Injury,Head on,Not Applicable,Not Applicable,NH,Bitumen(Tar),Dry,Not Applicable,Fine,KANTANAKUNTE,NH,10,0.0,0.0,0,0,0.0,0.0
Bengaluru Dist,Doddaballapura Rural PS,1.0442e+16,2016,1,1,Road Accidents,Other,Rural Areas,Open area,Human Error,No,Grievous Injury,Others,Not Applicable,Not Applicable,State Highway,Bitumen(Tar),Dry,Not Applicable,Fine,PALANAJOGAHALLI,SH,5,0.0,0.0,0,0,0.0,0.0
Bengaluru Dist,Doddaballapura Rural PS,1.0442e+16,2016,1,2,Road Accidents,Narrow road,Rural Areas,Open area,Human Error,Yes,Simple Injury,Others,Not Applicable,Not Applicable,NH,Bitumen(Tar),Dry,Not Applicable,Fine,RAGHUNATHAPURA,NH,8,0.0,0.0,0,0,0.0,0.0
Bengaluru Dist,Doddaballapura Rural PS,1.0442e+16,2016,1,2,Road Accidents,Narrow road,Villages settlement,Open area,Not Applicable,No,Not Applicable,Others,Not Applicable,Not Applicable,State Highway,Bitumen(Tar),Dry,Not Applicable,Fine,BASHETTIHALLI,SH,6,0.0,0.0,0,0,0.0,0.0
Bengaluru Dist,Doddaballapura Rural PS,1.0442e+16,2016,1,1,Road Accidents,Narrow road,Rural Areas,Open area,Human Error,No,Simple Injury,Others,Not Applicable,Not Applicable,Others,Bitumen(Tar),Dry,Not Applicable,Fine,BASHETTYHALLI,BASHETTYHALLI,4,0.0,0.0,0,0,0.0,0.0
Bengaluru Dist,Doddaballapura Rural PS,1.0442e+16,2016,1,2,Road Accidents,Narrow road,Villages settlement,Open area,Human Error,No,Simple Injury,Hit fixed object,Not Applicable,Not Applicable,State Highway,Bitumen(Tar),Dry,Not Applicable,Fine,HEGGADIHALLI,SH,13,0.0,0.0,0,0,0.0,0.0
Bengaluru Dist,Doddaballapura Rural PS,1.0442e+16,2016,1,1,Road Accidents,Narrow road,Villages settlement,Open area,Human Error,No,Simple Injury,Hit fixed object,Not Applicable,Not Applicable,State Highway,Bitumen(Tar),Dry,Not Applicable,Fine,NANDAGUNDA,SH,15,0.0,0.0,0,0,0.0,0.0
Bengaluru Dist,Doddaballapura Rural PS,1.0442e+16,2016,1,1,Road Accidents,Narrow road,Rural Areas,Open area,Human Error,No,Not Applicable,Hit fixed object,Not Applicable,Not Applicable,State Highway,Bitumen(Tar),Dry,Not Applicable,Fine,KANIVEPURA,SH,15,0.0,0.0,0,0,0.0,0.0
Bengaluru Dist,Doddaballapura Rural PS,1.0442e+16,2016,1,2,Road Accidents,Narrow road,Villages settlement,Open area,Human Error,No,Simple Injury,Hit fixed object,Not Applicable,Not Applicable,State Highway,Bitumen(Tar),Dry,Not Applicable,Fine,ARALLUMALLIGE,SH,5,0.0,0.0,0,0,0.0,0.0
Bengaluru Dist,Doddaballapura Rural PS,1.0442e+16,2016,1,2,Road Accidents,Narrow road,Villages settlement,Open area,Not Applicable,No,Not Applicable,Hit fixed object,Not Applicable,Not Applicable,Village Road,Bitumen(Tar),Dry,Not Applicable,Fine,KESTUR,VILLAGE ROAD,9,0.0,0.0,0,0,0.0,0.0
Bengaluru Dist,Doddaballapura Rural PS,1.0442e+16,2016,1,1,Road Accidents,Narrow road,Villages settlement,Open area,Human Error,No,Simple Injury,Hit fixed object,Not Applicable,Not Applicable,NH,Bitumen(Tar),Dry,Not Applicable,Fine,MAKALI DURGA,NH,13,0.0,0.0,0,0,0.0,0.0
Bengaluru Dist,Doddaballapura Rural PS,1.0442e+16,2016,1,1,Road Accidents,Narrow road,Rural Areas,Open area,Human Error,No,Simple Injury,Head on,Not Applicable,Not Applicable,State Highway,Bitumen(Tar),Dry,Not Applicable,Fine,BASHETTYHALLI,S,6,0.0,0.0,0,0,0.0,0.0
Bengaluru Dist,Doddaballapura Rural PS,1.0442e+16,2016,1,1,Road Accidents,Narrow road,Villages settlement,Open area,Human Error,No,Simple Injury,Hit fixed object,Not Applicable,Not Applicable,NH,Bitumen(Tar),Dry,Not Applicable,Fine,MAKALIDURGA,NH,12,0.0,0.0,0,0,0.0,0.0
Bengaluru Dist,Doddaballapura Rural PS,1.0442e+16,2016,1,1,Road Accidents,Narrow road,Villages settlement,Open area,Human Error,No,Simple Injury,Hit fixed object,Not Applicable,Not Applicable,State Highway,Bitumen(Tar),Dry,Not Applicable,Fine,BASHETTIHAL,SH,6,0.0,0.0,0,0,0.0,0.0
Bengaluru Dist,Doddaballapura Rural PS,1.0442e+16,2016,1,2,Road Accidents,Narrow road,Villages settlement,Open area,Human Error,No,Simple Injury,Hit fixed object,Not Applicable,Not Applicable,State Highway,Bitumen(Tar),Dry,Not Applicable,Fine,SCOWTCAMP,SH,5,0.0,0.0,0,0,0.0,0.0
Bengaluru Dist,Doddaballapura Rural PS,1.0442e+16,2016,1,2,Road Accidents,Narrow road,Rural Areas,Open area,Human Error,No,Simple Injury,Others,Not Applicable,Not Applicable,State Highway,Bitumen(Tar),Dry,Not Applicable,Fine,ARALUMALLIGE,SH,6,0.0,0.0,0,0,0.0,0.0
Bengaluru Dist,Doddaballapura Rural PS,1.0442e+16,2016,1,2,Road Accidents,Narrow road,Villages settlement,Open area,Human Error,No,Simple Injury,Hit and Run,Not Applicable,Not Applicable,NH,Bitumen(Tar),Dry,Not Applicable,Fine,GUNDAMGERE,NH,9,0.0,0.0,0,0,0.0,0.0
Bengaluru Dist,Doddaballapura Rural PS,1.0442e+16,2016,1,2,Road Accidents,Narrow road,Rural Areas,Open area,Human Error,No,Simple Injury,Others,Not Applicable,Not Applicable,Others,Bitumen(Tar),Dry,Not Applicable,Fine,MELEKOTE,OTHERS,12,0.0,0.0,0,0,0.0,0.0
Bengaluru Dist,Doddaballapura Rural PS,1.0442e+16,2016,1,2,Road Accidents,Narrow road,Villages settlement,Open area,Human Error,No,Simple Injury,Hit fixed object,Not Applicable,Not Applicable,State Highway,Bitumen(Tar),Dry,Not Applicable,Fine,DANDUDASAKODIGEHALLI,SH,14,0.0,0.0,0,0,0.0,0.0
Bengaluru Dist,Doddaballapura Rural PS,1.0442e+16,2016,1,2,Road Accidents,Narrow road,Villages settlement,Open area,Human Error,No,Simple Injury,Hit fixed object,Not Applicable,Not Applicable,State Highway,Bitumen(Tar),Dry,Not Applicable,Fine,THAPASIHALLI,SH,8,0.0,0.0,0,0,0.0,0.0
Bengaluru Dist,Doddaballapura Rural PS,1.0442e+16,2016,1,2,Road Accidents,Narrow road,Villages settlement,Open area,Human Error,No,Simple Injury,Head on,Not Applicable,Not Applicable,NH,Bitumen(Tar),Dry,Not Applicable,Fine,KANTANAKUNTE,NH,5,0.0,0.0,0,0,0.0,0.0
Bengaluru Dist,Doddaballapura Rural PS,1.0442e+16,2016,1,1,Road Accidents,Narrow road,Rural Areas,Open area,Human Error,No,Simple Injury,Others,Not Applicable,Not Applicable,State Highway,Bitumen(Tar),Dry,Not Applicable,Fine,MELINANAYAKARANDAHALLI,SH,12,0.0,0.0,0,0,0.0,0.0
Bengaluru Dist,Doddaballapura Rural PS,1.0442e+16,2016,1,2,Road Accidents,Narrow road,Rural Areas,Open area,Human Error,No,Simple Injury,Others,Not Applicable,Not Applicable,NH,Bitumen(Tar),Dry,Not Applicable,Fine,RAGHUNATHAPUR,NH,6 KM,0.0,0.0,0,0,0.0,0.0
Bengaluru Dist,Doddaballapura Rural PS,1.0442e+16,2016,1,1,Road Accidents,Narrow road,Villages settlement,Open area,Human Error,No,Simple Injury,Hit fixed object,Not Applicable,Not Applicable,State Highway,Bitumen(Tar),Dry,Not Applicable,Fine,SCOWTCAMP,SH,5,0.0,0.0,0,0,0.0,0.0
Bengaluru Dist,Doddaballapura Rural PS,1.0442e+16,2016,1,2,Road Accidents,Narrow road,Villages settlement,Open area,Human Error,No,Simple Injury,Hit fixed object,Not Applicable,Not Applicable,State Highway,Bitumen(Tar),Dry,Not Applicable,Fine,RAGHUNATHPURA,SH,5,0.0,0.0,0,0,0.0,0.0
Bengaluru Dist,Doddaballapura Rural PS,1.0442e+16,2016,1,2,Road Accidents,Narrow road,Villages settlement,Open area,Human Error,No,Simple Injury,Head on,Not Applicable,Not Applicable,State Highway,Bitumen(Tar),Dry,Not Applicable,Fine,KURUBARAHALLI,SH,3,0.0,0.0,0,0,0.0,0.0
Bengaluru Dist,Doddaballapura Rural PS,1.0442e+16,2016,1,2,Road Accidents,Narrow road,Villages settlement,Open area,Human Error,No,Simple Injury,Hit fixed object,Not Applicable,Not Applicable,State Highway,Bitumen(Tar),Dry,Not Applicable,Fine,ARALUMALLIGE,SH,10,0.0,0.0,0,0,0.0,0.0
Bengaluru Dist,Doddaballapura Rural PS,1.0442e+16,2016,1,2,Road Accidents,Narrow road,Villages settlement,Open area,Human Error,No,Simple Injury,Hit fixed object,Not Applicable,Not Applicable,State Highway,Bitumen(Tar),Dry,Not Applicable,Fine,ALAHALLI,SH,4,0.0,0.0,0,0,0.0,0.0
Bengaluru Dist,Doddaballapura Rural PS,1.0442e+16,2016,1,1,Road Accidents,Narrow road,Villages settlement,Open area,Human Error,No,Simple Injury,Hit fixed object,Not Applicable,Not Applicable,State Highway,Bitumen(Tar),Dry,Not Applicable,Fine,BASHETTHALLI,SH,6,0.0,0.0,0,0,0.0,0.0
Bengaluru Dist,Doddaballapura Rural PS,1.0442e+16,2016,1,1,Road Accidents,Narrow road,Rural Areas,Open area,Human Error,No,Simple Injury,Others,Not Applicable,Not Applicable,NH,Bitumen(Tar),Dry,Not Applicable,Fine,GOLLAHALLI,NH,14,0.0,0.0,0,0,0.0,0.0
Bengaluru Dist,Doddaballapura Rural PS,1.0442e+16,2016,1,1,Road Accidents,Narrow road,Villages settlement,Open area,Human Error,No,Not Applicable,Hit fixed object,Not Applicable,Not Applicable,State Highway,Bitumen(Tar),Dry,Not Applicable,Fine,SIGEHALLI,SH,14,0.0,0.0,0,0,0.0,0.0
Bengaluru Dist,Doddaballapura Rural PS,1.0442e+16,2016,1,2,Road Accidents,Narrow road,Villages settlement,Open area,Human Error,No,Simple Injury,Hit fixed object,Not Applicable,Not Applicable,Village Road,Bitumen(Tar),Dry,Not Applicable,Fine,TOGARIGTTA,VILLAGE ROAD,6,0.0,0.0,0,0,0.0,0.0
Bengaluru Dist,Doddaballapura Rural PS,1.0442e+16,2016,1,2,Road Accidents,Narrow road,Villages settlement,Open area,Human Error,No,Not Applicable,Hit fixed object,Not Applicable,Not Applicable,NH,Bitumen(Tar),Dry,Not Applicable,Fine,HASANGATTA,NH,4,0.0,0.0,0,0,0.0,0.0
Bengaluru Dist,Doddaballapura Rural PS,1.0442e+16,2016,1,2,Road Accidents,Narrow road,Rural Areas,Open area,Not Applicable,No,Simple Injury,Head on,Not Applicable,Not Applicable,Village Road,Bitumen(Tar),Dry,Not Applicable,Fine,LINGANAHALLI,VILLEAG ROD,8,0.0,0.0,0,0,0.0,0.0
Bengaluru Dist,Doddaballapura Rural PS,1.0442e+16,2016,1,2,Road Accidents,Narrow road,Villages settlement,Open area,Human Error,No,Simple Injury,Hit fixed object,Not Applicable,Not Applicable,State Highway,Bitumen(Tar),Dry,Not Applicable,Fine,kurubarahalli,SH,6,0.0,0.0,0,0,0.0,0.0