DISTRICTNAME,UNITNAME,Crime_No,Year,RI,Noofvehicle_involved,Accident_Classification,Accident_Spot,Accident_Location,Accident_SubLocation,Main_Cause,Hit_Run,Severity,Collision_Type,Junction_Control,Road_Character,Road_Type,Surface_Type,Surface_Condition,Road_Condition,Weather,Accident_Road,Landmark_first,Distance_LandMark_First,Latitude,Longitude,Road_Condition_Score,Surface_Condition_Score,Surface_Type_Score,Road_Risk_Index
Bengaluru Dist,Doddaballapura Rural PS,1.0442e+16,2016,1,2,Road Accidents,Narrow road,Rural Areas,Open area,Human Error,No,Simple Injury,Others,Not Applicable,Not Applicable,State Highway,Bitumen(Tar),Dry,Not Applicable,Fine,MAZARAHOSAHALLI,SH,8,0.0,0.0,0,0,0.0,0.0
Bengaluru Dist,Doddaballapura Rural PS,1.0442e+16,2016,1,1,Road Accidents,Narrow road,Villages settlement,Open area,Human Error,Yes,Simple Injury,Hit and Run,Not Applicable,Not Applicable,Village Road,Bitumen(Tar),Dry,Not Applicable,Fine,DODDATHUMAKURU,VILLAGE ROAD,10,0.0,0.0,0,0,0.0,0.0
Bengaluru Dist,Doddaballapura Rural PS,1.0442e+16,2016,1,2,Not Applicable,Narrow road,Rural Areas,Open area,Human Error,No,Grievous Injury,Others,Not Applicable,Not Applicable,State Highway,Bitumen(Tar),Dry,Not Applicable,Fine,BASHETTYHLLI,SH,9,0.0,0.0,0,0,0.0,0.0
Bengaluru Dist,Doddaballapura Rural PS,1.0442e+16,2016,1,2,Road Accidents,Narrow road,Rural Areas,Open area,Human Error,Yes,Grievous Injury,Hit and Run,Not Applicable,Not Applicable,State Highway,Bitumen(Tar),Dry,Not Applicable,Fine,HOSAHUDYA,SH,10,0.0,0.0,0,0,0.0,0.0
Bengaluru Dist,Doddaballapura Rural PS,1.0442e+16,2016,1,2,Road Accidents,Narrow road,Villages settlement,Open area,Human Error,No,Simple Injury,Hit fixed object,Not Applicable,Not Applicable,State Highway,Bitumen(Tar),Dry,Not Applicable,Fine,VADDRAPALYA,SH,9,0.0,0.0,0,0,0.0,0.0
Bengaluru Dist,Doddaballapura Rural PS,1.0442e+16,2016,1,1,Road Accidents,Narrow road,Villages settlement,Open area,Not Applicable,No,Not Applicable,Hit fixed object,Not Applicable,Not Applicable,NH,Bitumen(Tar),Dry,Not Applicable,Fine,S S GHATI,NH,14,0.0,0.0,0,0,0.0,0.0
Bengaluru Dist,Doddaballapura Rural PS,1.0442e+16,2016,1,1,Road Accidents,Narrow road,Villages settlement,Open area,Not Applicable,No,Simple Injury,Others,Not Applicable,Not Applicable,State Highway,Bitumen(Tar),Dry,Not Applicable,Fine,MENASI GETA,SH,4,0.0,0.0,0,0,0.0,0.0
Bengaluru Dist,Doddaballapura Rural PS,1.0442e+16,2016,1,2,Road Accidents,Narrow road,Villages settlement,Open area,Human Error,No,Simple Injury,Hit and Run,Not Applicable,Not Applicable,State Highway,Bitumen(Tar),Dry,Not Applicable,Fine,KURUBARAHALLI,SH,4,0.0,0.0,0,0,0.0,0.0
Bengaluru Dist,Doddaballapura Rural PS,1.0442e+16,2016,1,2,Road Accidents,Narrow road,Villages settlement,Open area,Human Error,No,Simple Injury,Hit fixed object,Not Applicable,Not Applicable,NH,Bitumen(Tar),Dry,Not Applicable,Fine,NAGADENAHALLI,NH,7,0.0,0.0,0,0,0.0,0.0
Bengaluru Dist,Doddaballapura Rural PS,1.0442e+16,2016,1,2,Road Accidents,Narrow road,Rural Areas,Open area,Human Error,No,Grievous Injury,Others,Not Applicable,Not Applicable,Others,Bitumen(Tar),Dry,Not Applicable,Fine,APARAL PARAK BASHETTYHALLI,APARAL PARAK BASHETTYHALLI,5,0.0,0.0,0,0,0.0,0.0
Bengaluru Dist,Doddaballapura Rural PS,1.0442e+16,2016,1,2,Road Accidents,Narrow road,Villages settlement,Open area,Not Applicable,No,Simple Injury,Rear end,Not Applicable,Not Applicable,State Highway,Bitumen(Tar),Dry,Not Applicable,Fine,KODIGEHALLI,SH,5,0.0,0.0,0,0,0.0,0.0
Bengaluru Dist,Doddaballapura Rural PS,1.0442e+16,2017,1,1,Road Accidents,Narrow road,Rural Areas,Open area,Human Error,No,Simple Injury,Hit animal,Not Applicable,Not Applicable,State Highway,Bitumen(Tar),Dry,Not Applicable,Fine,HEGHDDIHALLI,SH,19,0.0,0.0,0,0,0.0,0.0
Bengaluru Dist,Doddaballapura Rural PS,1.0442e+16,2017,1,2,Road Accidents,Cross roads,Rural Areas,Open area,Not Applicable,No,Grievous Injury,Head on,Uncontrolled,Curve,Others,Bitumen(Tar),Not Applicable,Not Applicable,Snow,Other Road,Raghunath pura Railway Station Road,6 KM,0.0,0.0,0,0,0.0,0.0
Bengaluru Dist,Doddaballapura Rural PS,1.0442e+16,2017,1,2,Road Accidents,Narrow road,Rural Areas,Open area,Human Error,Yes,Grievous Injury,Hit and Run,Not Applicable,Not Applicable,State Highway,Bitumen(Tar),Dry,Not Applicable,Fine,Doddaballapura - Bangalore Road,Near Hosahudya Gate,7 KM,0.0,0.0,0,0,0.0,0.0
Bengaluru Dist,Doddaballapura Rural PS,1.0442e+16,2017,1,1,Not Applicable,Other,Rural Areas,Open area,Vehicle Defect,No,Damage Only,Others,Not Applicable,Not Applicable,NH,Not Applicable,Others,Not Applicable,Others,Doddaballapura Gowribidanuru Raod Palanajogahalli Chuch Near Ittige Gudina Bali Mori,yes,5 kms,0.0,0.0,0,1,0.0,1.0
Bengaluru Dist,Doddaballapura Rural PS,1.0442e+16,2017,1,2,Road Accidents,Narrow road,Rural Areas,Open area,Human Error,Yes,Simple Injury,Hit and Run,Not Applicable,Not Applicable,Village Road,Bitumen(Tar),Dry,Not Applicable,Fine,KESTUR,NH,8,0.0,0.0,0,0,0.0,0.0
Bengaluru Dist,Doddaballapura Rural PS,1.0442e+16,2017,1,2,Rail Road Accidents,Narrow road,Villages settlement,Open area,Human Error,No,Simple Injury,Others,Not Applicable,Not Applicable,State Highway,Bitumen(Tar),Dry,Not Applicable,Fine,BANGALORE-DODBALLAPURA ROAD,Bashettihalli,6,0.0,0.0,0,0,0.0,0.0
Bengaluru Dist,Doddaballapura Rural PS,1.0442e+16,2017,1,2,Not Applicable,Other,Not Applicable,Open area,Not Applicable,No,Grievous Injury,Others,Not Applicable,Not Applicable,NH,Not Applicable,Not Applicable,Not Applicable,Not Applicable,ON RAOD,RAOD,12KM,0.0,0.0,0,0,0.0,0.0
Bengaluru Dist,Doddaballapura Rural PS,1.0442e+16,2017,1,2,Road Accidents,Not Applicable,Not Applicable,Near a factory industrial area,Not Applicable,Yes,Simple Injury,Hit and Run,Not Applicable,Not Applicable,Others,Not Applicable,Not Applicable,Not Applicable,Fine,Vyad Pyack Factory,0,0,0.0,0.0,0,0,0.0,0.0
Bengaluru Dist,Doddaballapura Rural PS,1.0442e+16,2017,1,2,Road Accidents,Narrow road,Rural Areas,Residential area,Human Error,Not Applicable,Fatal,Head on,Uncontrolled,Others,Village Road,Bitumen(Tar),Dry,Not Applicable,Others,Railway Satation Raghunathapura,Near Narayana Infocity,6 KM,0.0,0.0,0,0,0.0,0.0
Bengaluru Dist,Doddaballapura Rural PS,1.0442e+16,2017,1,1,Road Accidents,Other,Rural Areas,Open area,Human Error,No,Fatal,Skidding or Self accident,Not Applicable,Straight and flat,State Highway,Bitumen(Tar),Dry,Not Applicable,Fine,"Kadanuru Kaimara, Near Akashavani, D B Pura-Nelamangala  road, D B Pura Taluk",Kadanuru Kaimara,15 km,0.0,0.0,0,0,0.0,0.0
Bengaluru Dist,Doddaballapura Rural PS,1.0442e+16,2017,1,2,Road Accidents,Narrow road,Rural Areas,Open area,Human Error,No,Simple Injury,Head on,Not Applicable,Not Applicable,State Highway,Bitumen(Tar),Dry,Not Applicable,Fine,INFRONT FRONT OF APPERAL PARK,SH,5 KM,0.0,0.0,0,0,0.0,0.0
Bengaluru Dist,Doddaballapura Rural PS,1.0442e+16,2017,1,2,Not Applicable,Not Applicable,Not Applicable,Open area,Vehicle Defect,No,Grievous Injury,Others,Not Applicable,Not Applicable,Not Applicable,Not Applicable,Not Applicable,Not Applicable,Not Applicable,DODDABALLAPURA CHIKKABALLAPURA ROAD ALADENAHALLI GATE,YES,5KM,0.0,0.0,0,0,0.0,0.0
Bengaluru Dist,Doddaballapura Rural PS,1.0442e+16,2017,1,1,Road Accidents,Cross roads,Rural Areas,Residential area,Human Error,No,Fatal,Head on,Not Applicable,Curve,Village Road,Bitumen(Tar),Dry,Not Applicable,Others,Dargajogahalli,Sunnakallu Beedi Cross,3 KM,0.0,0.0,0,0,0.0,0.0
Bengaluru Dist,Doddaballapura Rural PS,1.0442e+16,2017,1,1,Road Accidents,Other,Rural Areas,Open area,Not Applicable,No,Grievous Injury,Others,Not Applicable,Not Applicable,State Highway,Bitumen(Tar),Dry,Not Applicable,Fine,Doddaballapura- Bashettihalli,Near  J P Place,6KM,0.0,0.0,0,0,0.0,0.0
Bengaluru Dist,Doddaballapura Rural PS,1.0442e+16,2017,1,1,Road Accidents,Narrow road,Rural Areas,Open area,Not Applicable,Not Applicable,Grievous Injury,Not Applicable,Uncontrolled,Straight and flat,State Highway,Bitumen(Tar),Dry,Construction Work / Material,Cloudy,Doddaballapur-Yalahanka,Infront of Cuntryclub,10Km,0.0,0.0,2,0,0.0,2.0
Bengaluru Dist,Doddaballapura Rural PS,1.0442e+16,2017,1,1,Road Accidents,Narrow road,Rural Areas,Open area,Human Error,Yes,Fatal,Hit and Run,Uncontrolled,Others,Village Road,Bitumen(Tar),Dry,Not Applicable,Others,Melekote Tubagere Road,Keshavamurthy land,14 KM,0.0,0.0,0,0,0.0,0.0
Bengaluru Dist,Doddaballapura Rural PS,1.0442e+16,2017,1,1,Road Accidents,Not Applicable,Rural Areas,Open area,Not Applicable,No,Grievous Injury,Not Applicable,Not Applicable,Not Applicable,Village Road,Not Applicable,Others,Not Applicable,Others,Doddaballapura Thippur Raod Somashettihalli Nataraju House,yes,12km,0.0,0.0,0,1,0.0,1.0
Bengaluru Dist,Doddaballapura Rural PS,1.0442e+16,2017,1,1,Road Accidents,Cross roads,Rural Areas,Narrow bridge or culverts,Human Error,No,Fatal,Skidding or Self accident,Uncontrolled,Curve and Incline,Village Road,Bitumen(Tar),Dry,Not Applicable,Others,State Highway,Rajaghatta Lake,10 KM,0.0,0.0,0,0,0.0,0.0
Bengaluru Dist,Doddaballapura Rural PS,1.0442e+16,2017,1,1,Road Accidents,Narrow road,Rural Areas,Open area,Human Error,No,Damage Only,Hit fixed object,Not Applicable,Not Applicable,Village Road,Bitumen(Tar),Dry,Not Applicable,Fine,BASHETTHALLI,OTHAR ROD,6,0.0,0.0,0,0,0.0,0.0
Bengaluru Dist,Doddaballapura Rural PS,1.0442e+16,2017,1,2,Road Accidents,Narrow road,Rural Areas,Open area,Human Error,No,Simple Injury,Head on,Not Applicable,Not Applicable,Others,Bitumen(Tar),Dry,Not Applicable,Fine,KONAGHATTA,KONAGHATTA,8,0.0,0.0,0,0,0.0,0.0
Bengaluru Dist,Doddaballapura Rural PS,1.0442e+16,2017,1,2,Road Accidents,Narrow road,Rural Areas,Open area,Human Error,No,Simple Injury,Others,Not Applicable,Not Applicable,State Highway,Bitumen(Tar),Dry,Not Applicable,Fine,BASHETTIHALLI,SH,6,0.0,0.0,0,0,0.0,0.0
Bengaluru Dist,Doddaballapura Rural PS,1.0442e+16,2017,1,2,Road Accidents,Narrow road,Rural Areas,Open area,Human Error,No,Simple Injury,Hit and Run,Not Applicable,Not Applicable,Others,Bitumen(Tar),Dry,Not Applicable,Fine,HONNAGHATTA,HONNAGHATTA,8,0.0,0.0,0,0,0.0,0.0
Bengaluru Dist,Doddaballapura Rural PS,1.0442e+16,2017,1,1,Road Accidents,Narrow road,Rural Areas,Open area,Not Applicable,No,Grievous Injury,Others,Not Applicable,Others,State Highway,Bitumen(Tar),Dry,Not Applicable,Fine,DB pura- Nelamangala,Near Ravi Wines,5,0.0,0.0,0,0,0.0,0.0
Bengaluru Dist,Doddaballapura Rural PS,1.0442e+16,2017,1,1,Road Accidents,Curves,Rural Areas,Open area,Human Error,No,Fatal,Drowned,Not Applicable,Curve and Incline,Others,Bitumen(Tar),Dry,Not Applicable,Others,SS Ghati Makali Durga Road,Papanna Land Z cross,15,0.0,0.0,0,0,0.0,0.0
Bengaluru Dist,Doddaballapura Rural PS,1.0442e+16,2017,1,2,Road Accidents,Other,Rural Areas,Open area,Not Applicable,No,Grievous Injury,Others,Uncontrolled,Not Applicable,State Highway,Bitumen(Tar),Dry,Construction Work / Material,Cloudy,Doddaballapur-Yalahanka,infront of javali complex,8km,0.0,0.0,2,0,0.0,2.0
Bengaluru Dist,Doddaballapura Rural PS,1.0442e+16,2017,1,2,Road Accidents,Road hump or Rumble strips,Rural Areas,Open area,Vehicle Defect,No,Grievous Injury,Head on,Not Applicable,Not Applicable,Two way,Bitumen(Tar),Not Applicable,Not Applicable,Not Applicable,Other Road,Kolur Kantanakunte Road,4KM,0.0,0.0,0,0,0.0,0.0
Bengaluru Dist,Doddaballapura Rural PS,1.0442e+16,2017,1,1,Not Applicable,Other,Rural Areas,Near a factory industrial area,Human Error,No,Damage Only,Others,Not Applicable,Not Applicable,Others,Not Applicable,Others,Not Applicable,Fine,Verrapura  ITC Factory,Bashettihalli  industrial  Area,6KM,0.0,0.0,0,1,0.0,1.0
Bengaluru Dist,Doddaballapura Rural PS,1.0442e+16,2017,1,2,Road Accidents,Narrow road,Rural Areas,Near School or College,Not Applicable,No,Simple Injury,Others,Not Applicable,Not Applicable,Two way,Bitumen(Tar),Others,Not Applicable,Others,National Hiway,Gitam University,6KM,0.0,0.0,0,1,0.0,1.0
Bengaluru Dist,Doddaballapura Rural PS,1.0442e+16,2017,1,2,Road Accidents,Curves,Rural Areas,Open area,Human Error,No,Simple Injury,Head on,Not Applicable,Not Applicable,State Highway,Bitumen(Tar),Dry,Not Applicable,Fine,RAJAGHATTA,SH,5 KM,0.0,0.0,0,0,0.0,0.0
Bengaluru Dist,Doddaballapura Rural PS,1.0442e+16,2017,1,1,Not Applicable,Other,Not Applicable,Open area,Not Applicable,No,Grievous Injury,Others,Not Applicable,Not Applicable,Not Applicable,Not Applicable,Others,Not Applicable,Others,DODDABALLAPURA CHIKKABALLAPURA ROAD Gandarajapura  GATE,yes,12km,0.0,0.0,0,1,0.0,1.0
Bengaluru Dist,Doddaballapura Rural PS,1.0442e+16,2017,1,1,Road Accidents,Narrow road,Rural Areas,Open area,Not Applicable,Not Applicable,Grievous Injury,Others,Uncontrolled,Straight and flat,State Highway,Bitumen(Tar),Dry,Not Applicable,Fine,Chikkaballapur-Doddaballapur,Infront of Sudha farm,14km,0.0,0.0,0,0,0.0,0.0
Bengaluru Dist,Doddaballapura Rural PS,1.0442e+16,2017,1,2,Road Accidents,Cross roads,Rural Areas,Open area,Human Error,Not Applicable,Grievous Injury,Not Applicable,Uncontrolled,Not Applicable,NH,Bitumen(Tar),Dry,Not Applicable,Cloudy,Near Mestrumane Cross,Mestrumane cross,5 km,0.0,0.0,0,0,0.0,0.0
Bengaluru Dist,Doddaballapura Rural PS,1.0442e+16,2017,1,2,Road Accidents,Not Applicable,Rural Areas,Open area,Human Error,No,Simple Injury,Head on,Not Applicable,Not Applicable,State Highway,Bitumen(Tar),Dry,Not Applicable,Fine,State Hiway,SH,6 KM,0.0,0.0,0,0,0.0,0.0
Bengaluru Dist,Doddaballapura Rural PS,1.0442e+16,2017,1,1,Not Applicable,Other,Rural Areas,Open area,Not Applicable,Yes,Grievous Injury,Others,Not Applicable,Others,State Highway,Not Applicable,Not Applicable,Not Applicable,Snow,State Hiway,Gunjur,14 KM,0.0,0.0,0,0,0.0,0.0
Bengaluru Dist,Doddaballapura Rural PS,1.0442e+16,2017,1,1,Road Accidents,Other,Rural Areas,Near or inside a village,Human Error,Yes,Fatal,Hit and Run,Not Applicable,Straight and flat,State Highway,Bitumen(Tar),Others,Not Applicable,Fine,"Gandarajapura Gate, Chikkaballapura-Doddaballapura road",Gandarajapura Gate,8 km,0.0,0.0,0,1,0.0,1.0
Bengaluru Dist,Doddaballapura Rural PS,1.0442e+16,2017,1,2,Not Applicable,Not Applicable,Not Applicable,Open area,Not Applicable,Not Applicable,Grievous Injury,Not Applicable,Not Applicable,Not Applicable,Not Applicable,Not Applicable,Not Applicable,Not Applicable,Others,DODDABALLAPURA CHIKKABALLAPURA ROAD Rajaghatta Village Near Cnb Ittige Factory,yes,12km,0.0,0.0,0,0,0.0,0.0
Bengaluru Dist,Doddaballapura Rural PS,1.0442e+16,2017,1,2,Road Accidents,Narrow road,Rural Areas,Open area,Human Error,No,Not Applicable,Others,Not Applicable,Not Applicable,State Highway,Bitumen(Tar),Dry,Not Applicable,Fine,BASHETTIHALLI,SH,6,0.0,0.0,0,0,0.0,0.0
Bengaluru Dist,Doddaballapura Rural PS,1.0442e+16,2017,1,2,Road Accidents,Curves,Rural Areas,Open area,Not Applicable,No,Simple Injury,Others,Not Applicable,Curve,Others,Bitumen(Tar),Dry,Not Applicable,Fine,SH,Near Gundumagere Cross,14KM,0.0,0.0,0,0,0.0,0.0
Bengaluru Dist,Doddaballapura Rural PS,1.0442e+16,2017,1,2,Road Accidents,Narrow road,Rural Areas,Open area,Human Error,Yes,Simple Injury,Hit and Run,Not Applicable,Others,State Highway,Bitumen(Tar),Dry,Not Applicable,Fine,Jinkebachahalli  Cross,SH  Jinkebachalli Cross,10,0.0,0.0,0,0,0.0,0.0
Bengaluru Dist,Doddaballapura Rural PS,1.0442e+16,2017,1,1,Road Accidents,Narrow road,Rural Areas,Open area,Human Error,No,Fatal,Overturning,Uncontrolled,Others,State Highway,Bitumen(Tar),Dry,Not Applicable,Fine,State Highway,Melinanayakandrahalli Villag Ramanjinappa land Opposite,14,0.0,0.0,0,0,0.0,0.0
Bengaluru Dist,Doddaballapura Rural PS,1.0442e+16,2017,1,2,Road Accidents,Narrow road,Rural Areas,Residential area,Human Error,No,Fatal,Head on,No signal lights,Others,State Highway,Bitumen(Tar),Dry,Not Applicable,Fine,SH Bengaluru Gowribidanur,Tapasihalli Gate,8,0.0,0.0,0,0,0.0,0.0
Bengaluru Dist,Doddaballapura Rural PS,1.0442e+16,2017,1,2,Road Accidents,Cross roads,Not Applicable,Open area,Not Applicable,No,Grievous Injury,Others,Not Applicable,Not Applicable,Village Road,Not Applicable,Others,Not Applicable,Not Applicable,Chikkaballapura Doddaballapura Raod Heggadihalli Crose,yes,15km,0.0,0.0,0,1,0.0,1.0
Bengaluru Dist,Doddaballapura Rural PS,1.0442e+16,2017,1,2,Road Accidents,Narrow road,Rural Areas,Open area,Not Applicable,No,Grievous Injury,Others,Not Applicable,Curve,Others,Bitumen(Tar),Dry,Not Applicable,Fine,"Narasimhanahalli- D B pura , Sunnagattahalli",OTHER,5 K M,0.0,0.0,0,0,0.0,0.0
Bengaluru Dist,Doddaballapura Rural PS,1.0442e+16,2017,1,2,Road Accidents,Other,Rural Areas,Open area,Not Applicable,No,Simple Injury,Others,Police / Manual,Not Applicable,Others,Not Applicable,Not Applicable,Not Applicable,Fine,Antharahalli Doddaballapura raod,Gopalappa Land,0,0.0,0.0,0,0,0.0,0.0
Bengaluru Dist,Doddaballapura Rural PS,1.0442e+16,2017,1,2,Not Applicable,Not Applicable,Not Applicable,Near Hospital,Not Applicable,Yes,Simple Injury,Right Turn Collision,Not at  Junction,Not Applicable,Not Applicable,Not Applicable,Not Applicable,Not Applicable,Not Applicable,Bengaluru Doddaballapura raod,2km,2km,0.0,0.0,0,0,0.0,0.0
Bengaluru Dist,Doddaballapura Rural PS,1.0442e+16,2017,1,2,Road Accidents,Curves,Rural Areas,Open area,Not Applicable,No,Not Applicable,Not Applicable,Not Applicable,Curve,State Highway,Bitumen(Tar),Dry,Not Applicable,Fine,Doddaballapura - Bangalore Road,Near Navodaya Shcool,6KM,0.0,0.0,0,0,0.0,0.0
Bengaluru Dist,Doddaballapura Rural PS,1.0442e+16,2017,1,2,Not Applicable,Not Applicable,Not Applicable,Near Petrol Pump,Vehicle Defect,No,Grievous Injury,Not Applicable,Not at  Junction,Not Applicable,NH,Not Applicable,Others,Not Applicable,Not Applicable,DODDABALLAPURA NELAMANGALA RAOD,yes,5KM,0.0,0.0,0,1,0.0,1.0
Bengaluru Dist,Doddaballapura Rural PS,1.0442e+16,2017,1,2,Road Accidents,Not Applicable,Rural Areas,Near Petrol Pump,Not Applicable,No,Grievous Injury,Not Applicable,Not Applicable,Not Applicable,Not Applicable,Not Applicable,Not Applicable,Not Applicable,Not Applicable,Doddaballapura Benagaluru Raod Bashettihalli Aperal Park Petrol Bunk  Raod,yes,6KM,0.0,0.0,0,0,0.0,0.0
Bengaluru Dist,Doddaballapura Rural PS,1.0442e+16,2017,1,2,Road Accidents,Cross roads,Rural Areas,Open area,Human Error,Yes,Fatal,Head on,Uncontrolled,Incline,Village Road,Bitumen(Tar),Others,Not Applicable,Fine,Tubagere Kalludevanahalli Road,Near Krishnabhats Hospital,10 KM,0.0,0.0,0,1,0.0,1.0
Bengaluru Dist,Doddaballapura Rural PS,1.0442e+16,2017,1,2,Road Accidents,Cross roads,Rural Areas,Open area,Human Error,No,Simple Injury,Head on,Not Applicable,Not Applicable,Village Road,Bitumen(Tar),Dry,Not Applicable,Fine,THURUVANAHALLI,VILLAGE ROD,14,0.0,0.0,0,0,0.0,0.0
Bengaluru Dist,Doddaballapura Rural PS,1.0442e+16,2017,1,2,Road Accidents,Narrow road,Villages settlement,Open area,Human Error,No,Simple Injury,Head on,Not Applicable,Not Applicable,NH,Bitumen(Tar),Dry,Not Applicable,Fine,NH,Palanajogahalli,4,0.0,0.0,0,0,0.0,0.0
Bengaluru Dist,Doddaballapura Rural PS,1.0442e+16,2017,1,2,Road Accidents,Narrow road,Rural Areas,Open area,Human Error,No,Simple Injury,Hit and Run,Not Applicable,Not Applicable,State Highway,Bitumen(Tar),Dry,Not Applicable,Fine,MACHAGOANDANAHALLI,SH,14,0.0,0.0,0,0,0.0,0.0
Bengaluru Dist,Doddaballapura Rural PS,1.0442e+16,2017,1,2,Road Accidents,Cross roads,Rural Areas,Open area,Human Error,No,Simple Injury,Hit bicyclist,Not Applicable,Not Applicable,NH,Bitumen(Tar),Dry,Not Applicable,Fine,Mestru mane cross,N H,4,0.0,0.0,0,0,0.0,0.0
Bengaluru Dist,Doddaballapura Rural PS,1.0442e+16,2017,1,1,Road Accidents,Narrow road,City/Town,Open area,Human Error,No,Grievous Injury,Vehicle to Vehicle,Uncontrolled,Straight and flat,NH,Bitumen(Tar),Dry,Not Applicable,Clear,NH,1,1,0.0,0.0,0,0,0.0,0.0
Bengaluru Dist,Doddaballapura Rural PS,1.0442e+16,2017,1,1,Road Accidents,Narrow road,Rural Areas,Open area,Human Error,No,Simple Injury,Hit fixed object,Not Applicable,Not Applicable,Village Road,Bitumen(Tar),Dry,Not Applicable,Fine,KESTUR,NH,8,0.0,0.0,0,0,0.0,0.0
Bengaluru Dist,Doddaballapura Rural PS,1.0442e+16,2017,1,2,Road Accidents,Narrow road,Rural Areas,Open area,Human Error,No,Not Applicable,Others,Not Applicable,Not Applicable,Others,Bitumen(Tar),Dry,Not Applicable,Fine,KESTUR,KESTUR,6,0.0,0.0,0,0,0.0,0.0
Bengaluru Dist,Doddaballapura Rural PS,1.0442e+16,2017,1,2,Not Applicable,Cross roads,Not Applicable,Open area,Not Applicable,No,Not Applicable,Others,Not at  Junction,Not Applicable,Not Applicable,Not Applicable,Not Applicable,Not Applicable,Not Applicable,DODDABALLAPURA CHIKKABALLAPURA ROAD NSV DABA INFRONT OF ROAD,YES,2,0.0,0.0,0,0,0.0,0.0
Bengaluru Dist,Doddaballapura Rural PS,1.0442e+16,2017,1,2,Road Accidents,Cross roads,Rural Areas,Near or inside a village,Not Applicable,Yes,Grievous Injury,Hit and Run,Not at  Junction,Curve,Others,Bitumen(Tar),Dry,Not Applicable,Fine,Village Road,Other Road,10,0.0,0.0,0,0,0.0,0.0
Bengaluru Dist,Doddaballapura Rural PS,1.0442e+16,2017,1,1,Road Accidents,Narrow road,Rural Areas,Residential area,Human Error,Not Applicable,Fatal,Others,Controlled,Not Applicable,State Highway,Bitumen(Tar),Others,Not Applicable,Others,DB Pura Gowribidanuru Road,Gunjuru Bus Stand,16 KM,0.0,0.0,0,1,0.0,1.0
Bengaluru Dist,Doddaballapura Rural PS,1.0442e+16,2017,1,2,Not Applicable,Not Applicable,Villages settlement,Near or inside a village,Vehicle Defect,No,Damage Only,Not Applicable,Not Applicable,Not Applicable,Not Applicable,Not Applicable,Not Applicable,Not Applicable,Others,Doddaballapura Gowribidanuru Raod Palanajogahalli Water Tyank,yes,4KM,0.0,0.0,0,0,0.0,0.0
Bengaluru Dist,Doddaballapura Rural PS,1.0442e+16,2017,1,1,Road Accidents,Narrow road,Rural Areas,Near Bus stop,Human Error,No,Grievous Injury,Others,Uncontrolled,Not Applicable,NH,Not Applicable,Dry,Not Applicable,Fine,NH,Kurubarahalli,3 KM,0.0,0.0,0,0,0.0,0.0
Bengaluru Dist,Doddaballapura Rural PS,1.0442e+16,2017,1,2,Road Accidents,Narrow road,Rural Areas,Open area,Not Applicable,No,Grievous Injury,Not Applicable,Not Applicable,Others,State Highway,Bitumen(Tar),Dry,Not Applicable,Fine,Gowribidnuru-Doddaballapura Road,Melinanayakandrahalli,14,0.0,0.0,0,0,0.0,0.0
Bengaluru Dist,Doddaballapura Rural PS,1.0442e+16,2017,1,1,Road Accidents,Other,Rural Areas,Near a religious place,Human Error,Not Applicable,Fatal,Hit pedestrian,Not Applicable,Others,State Highway,Gravel,Dry,Construction Work / Material,Others,State Highway,Indraja Tiles Shop,1 KM,0.0,0.0,2,0,3.0,5.0
Bengaluru Dist,Doddaballapura Rural PS,1.0442e+16,2017,1,2,Not Applicable,Not Applicable,Not Applicable,Open area,Vehicle Defect,No,Grievous Injury,Others,Not Applicable,Not Applicable,Not Applicable,Not Applicable,Others,Not Applicable,Not Applicable,Road,0,2km,0.0,0.0,0,1,0.0,1.0
Bengaluru Dist,Doddaballapura Rural PS,1.0442e+16,2017,1,2,Road Accidents,Circle,Not Applicable,Near Bus stop,Vehicle Defect,No,Damage Only,Others,Not at  Junction,Not Applicable,One way,Not Applicable,Others,Not Applicable,Others,Doddaballapura Benagaluru Raod Factory Circle,yes,6KM,0.0,0.0,0,1,0.0,1.0
Bengaluru Dist,Doddaballapura Rural PS,1.0442e+16,2017,1,1,Road Accidents,Narrow road,Villages settlement,Open area,Human Error,No,Simple Injury,Head on,Not Applicable,Not Applicable,Village Road,Bitumen(Tar),Dry,Not Applicable,Fine,SONNAPPANAHALLI,SONNAPPANAHALLI,6,0.0,0.0,0,0,0.0,0.0
Bengaluru Dist,Doddaballapura Rural PS,1.0442e+16,2017,1,2,Road Accidents,Narrow road,Rural Areas,Open area,Human Error,No,Simple Injury,Head on,Not Applicable,Not Applicable,State Highway,Bitumen(Tar),Dry,Not Applicable,Fine,PALANAJOGAHALLI,PALANAJOGAHALLI,1,0.0,0.0,0,0,0.0,0.0
Bengaluru Dist,Doddaballapura Rural PS,1.0442e+16,2017,1,2,Road Accidents,Other,Villages settlement,Open area,Human Error,No,Fatal,Hit and Run,Not Applicable,Not Applicable,Village Road,Bitumen(Tar),Dry,Not Applicable,Fine,DODBALLAPURA -GOERIBIDANURU ROAD,MAKALIDURAG,14,0.0,0.0,0,0,0.0,0.0
Bengaluru Dist,Doddaballapura Rural PS,1.0442e+16,2017,1,1,Not Applicable,Not Applicable,Not Applicable,Near Petrol Pump,Not Applicable,No,Grievous Injury,Not Applicable,Not Applicable,Not Applicable,Not Applicable,Not Applicable,Not Applicable,Not Applicable,Not Applicable,Doddaballapura Benagaluru Raod,Yes,8KMS,0.0,0.0,0,0,0.0,0.0