DISTRICTNAME,UNITNAME,Crime_No,Year,RI,Noofvehicle_involved,Accident_Classification,Accident_Spot,Accident_Location,Accident_SubLocation,Main_Cause,Hit_Run,Severity,Collision_Type,Junction_Control,Road_Character,Road_Type,Surface_Type,Surface_Condition,Road_Condition,Weather,Accident_Road,Landmark_first,Distance_LandMark_First,Latitude,Longitude,Road_Condition_Score,Surface_Condition_Score,Surface_Type_Score,Road_Risk_Index
Bengaluru Dist,Doddaballapura Rural PS,1.0442e+16,2017,1,2,Road Accidents,Narrow road,Rural Areas,Near Petrol Pump,Human Error,Not Applicable,Fatal,Head on,Uncontrolled,Others,State Highway,Bitumen(Tar),Dry,Not Applicable,Others,Gowribidanuru Bengaluru,Bhartath Petrol Bunk Opp Kantanakunte,8 KM,0.0,0.0,0,0,0.0,0.0
Bengaluru Dist,Doddaballapura Rural PS,1.0442e+16,2017,1,2,Road Accidents,Narrow road,Rural Areas,Open area,Human Error,No,Damage Only,Others,Not Applicable,Not Applicable,Others,Bitumen(Tar),Dry,Not Applicable,Fine,DODDABALLAPURA NELAMANGALA RAOD,ANJANEYASWAMY TEMPLE NEAR,8,0.0,0.0,0,0,0.0,0.0
Bengaluru Dist,Doddaballapura Rural PS,1.0442e+16,2017,1,2,Road Accidents,Cross roads,Rural Areas,Open area,Human Error,No,Simple Injury,Others,Not Applicable,Not Applicable,NH,Bitumen(Tar),Dry,Not Applicable,Others,Doddaballapur- Tumakuru,Mestrumane Cross,3KM,0.0,0.0,0,0,0.0,0.0
Bengaluru Dist,Doddaballapura Rural PS,1.0442e+16,2017,1,1,Road Accidents,Other,Rural Areas,Open area,Human Error,No,Damage Only,Others,Not Applicable,Others,Village Road,Gravel,Dry,Not Applicable,Fine,Nagasandra,Nagasandra,Nagasa,0.0,0.0,0,0,3.0,3.0
Bengaluru Dist,Doddaballapura Rural PS,1.0442e+16,2017,1,1,Road Accidents,Narrow road,Rural Areas,Near a religious place,Human Error,Not Applicable,Fatal,Rear end,Uncontrolled,Others,NH,Bitumen(Tar),Others,Not Applicable,Others,NH 207,Doddamma Temple,4 KM,0.0,0.0,0,1,0.0,1.0
Bengaluru Dist,Doddaballapura Rural PS,1.0442e+16,2017,1,1,Road Accidents,Narrow road,Rural Areas,Open area,Human Error,Not Applicable,Fatal,Rear end,Not Applicable,Others,Village Road,Bitumen(Tar),Others,Not Applicable,Others,Melekote Doddarayappanahalli Road,Land of Dasappa,14 KM,0.0,0.0,0,1,0.0,1.0
Bengaluru Dist,Doddaballapura Rural PS,1.0442e+16,2017,1,1,Road Accidents,Narrow road,Rural Areas,Open area,Human Error,Yes,Grievous Injury,Others,Uncontrolled,Straight and flat,Others,Bitumen(Tar),Dry,Not Applicable,Cloudy,Doddaballapur Railway station-Scuot camp Road,Near TCI Godown,5 km,0.0,0.0,0,0,0.0,0.0
Bengaluru Dist,Doddaballapura Rural PS,1.0442e+16,2017,1,2,Road Accidents,Narrow road,Rural Areas,Open area,Not Applicable,No,Not Applicable,Others,Not Applicable,Not Applicable,Others,Bitumen(Tar),Dry,Not Applicable,Fine,MAHALIDURAG,MAHALIDURAG,14,0.0,0.0,0,0,0.0,0.0
Bengaluru Dist,Doddaballapura Rural PS,1.0442e+16,2017,1,2,Road Accidents,Narrow road,Villages settlement,Open area,Human Error,No,Simple Injury,Head on,Not Applicable,Not Applicable,NH,Bitumen(Tar),Dry,Not Applicable,Fine,RAGHUNATHPURA,RAGHUNATHPURA,6,0.0,0.0,0,0,0.0,0.0
Bengaluru Dist,Doddaballapura Rural PS,1.0442e+16,2017,1,2,Road Accidents,Narrow road,Rural Areas,Open area,Human Error,Yes,Simple Injury,Others,Not Applicable,Not Applicable,Others,Bitumen(Tar),Dry,Not Applicable,Fine,SHIVAPUR,SHIVAPUR,5,0.0,0.0,0,0,0.0,0.0
Bengaluru Dist,Doddaballapura Rural PS,1.0442e+16,2017,1,2,Road Accidents,Narrow road,Rural Areas,Open area,Not Applicable,No,Damage Only,Others,Not Applicable,Others,State Highway,Bitumen(Tar),Dry,Not Applicable,Fine,Kantanakunte,Near Panchavati Faram,3,0.0,0.0,0,0,0.0,0.0
Bengaluru Dist,Doddaballapura Rural PS,1.0442e+16,2017,1,2,Not Applicable,Not Applicable,Not Applicable,Open area,Vehicle Defect,No,Grievous Injury,Not Applicable,Not Applicable,Not Applicable,Not Applicable,Not Applicable,Not Applicable,Not Applicable,Not Applicable,DODDABALLAPURA CHIKKABALLAPURA ROAD MUKKENHALLI  GATE,yes,12km,0.0,0.0,0,0,0.0,0.0
Bengaluru Dist,Doddaballapura Rural PS,1.0442e+16,2017,1,2,Road Accidents,Not Applicable,Not Applicable,Open area,Not Applicable,Yes,Grievous Injury,Not Applicable,Not Applicable,Not Applicable,Others,Not Applicable,Not Applicable,Not Applicable,Others,Hadonahalli Thubagere Road Kere Yeri Mele,RAOD,15km,0.0,0.0,0,0,0.0,0.0
Bengaluru Dist,Doddaballapura Rural PS,1.0442e+16,2017,1,1,Road Accidents,Round about or Circle,Rural Areas,Near Bus stop,Not Applicable,No,Grievous Injury,Others,Not at  Junction,Others,Not Applicable,Not Applicable,Not Applicable,Not Applicable,Not Applicable,SS GHATI MAKALIDURGA ROAD KSRTC BUS STOP NEAR ROUND ROAD,YES,2,0.0,0.0,0,0,0.0,0.0
Bengaluru Dist,Doddaballapura Rural PS,1.0442e+16,2017,1,2,Not Applicable,Not Applicable,Rural Areas,Near Petrol Pump,Not Applicable,Yes,Grievous Injury,Not Applicable,Not Applicable,Not Applicable,Not Applicable,Not Applicable,Not Applicable,Not Applicable,Others,Bengaluru Doddaballapura raod,Yes,10kms,0.0,0.0,0,0,0.0,0.0
Bengaluru Dist,Doddaballapura Rural PS,1.0442e+16,2017,1,2,Road Accidents,Narrow road,Rural Areas,Near School or College,Not Applicable,No,Simple Injury,Head on,Uncontrolled,Others,State Highway,Bitumen(Tar),Dry,Not Applicable,Snow,State Hiway,Near Navodaya School Bashettyhalli,6 KM,0.0,0.0,0,0,0.0,0.0
Bengaluru Dist,Doddaballapura Rural PS,1.0442e+16,2017,1,1,Rail Road Accidents,Narrow road,Villages settlement,Open area,Human Error,No,Not Applicable,Hit fixed object,Not Applicable,Not Applicable,NH,Bitumen(Tar),Dry,Not Applicable,Fine,NH,NANDI BETTA,15,0.0,0.0,0,0,0.0,0.0
Bengaluru Dist,Doddaballapura Rural PS,1.0442e+16,2017,1,1,Road Accidents,Narrow road,Villages settlement,Open area,Human Error,No,Simple Injury,Head on,Not Applicable,Not Applicable,State Highway,Bitumen(Tar),Dry,Not Applicable,Fine,State Hiway,SH,14,0.0,0.0,0,0,0.0,0.0
Bengaluru Dist,Doddaballapura Rural PS,1.0442e+16,2017,1,2,Road Accidents,Narrow road,Not Applicable,Open area,Human Error,Yes,Simple Injury,Hit and Run,Not Applicable,Not Applicable,State Highway,Bitumen(Tar),Dry,Not Applicable,Fine,SH,BASHETTIHALLI,6,0.0,0.0,0,0,0.0,0.0
Bengaluru Dist,Doddaballapura Rural PS,1.0442e+16,2017,1,3,Road Accidents,Narrow road,Rural Areas,Open area,Human Error,Not Applicable,Fatal,Head on,Not Applicable,Not Applicable,Village Road,Bitumen(Tar),Dry,Not Applicable,Others,DB Pura Hoshalli,Kamaluru Gate,10,0.0,0.0,0,0,0.0,0.0
Bengaluru Dist,Doddaballapura Rural PS,1.0442e+16,2017,1,1,Not Applicable,Cross roads,Rural Areas,Near or inside a village,Human Error,No,Grievous Injury,Not Applicable,Not Applicable,Others,Others,Not Applicable,Others,Not Applicable,Not Applicable,Chikkaballapura Doddaballapura Raod Bidikere Gate Near Vasudevanahalli Crose,VILLAGE ROAD,12km,0.0,0.0,0,1,0.0,1.0
Bengaluru Dist,Doddaballapura Rural PS,1.0442e+16,2017,1,2,Not Applicable,Not Applicable,Not Applicable,Open area,Not Applicable,No,Simple Injury,Not Applicable,Not Applicable,Not Applicable,Not Applicable,Not Applicable,Not Applicable,Not Applicable,Not Applicable,Doddaballapura Gowribidanuru Raod,Yes,12km,0.0,0.0,0,0,0.0,0.0
Bengaluru Dist,Doddaballapura Rural PS,1.0442e+16,2018,1,1,Road Accidents,Narrow road,Rural Areas,Near Petrol Pump,Human Error,Not Applicable,Fatal,Others,Uncontrolled,Steep Incline or Climb,NH,Bitumen(Tar),Dry,Not Applicable,Others,NH 207,Bartath Petrol Bunk,8 KM,0.0,0.0,0,0,0.0,0.0
Bengaluru Dist,Doddaballapura Rural PS,1.0442e+16,2018,1,2,Not Applicable,Not Applicable,Not Applicable,Residential area,Vehicle Defect,No,Damage Only,Not Applicable,Not Applicable,Not Applicable,Not Applicable,Not Applicable,Not Applicable,Not Applicable,Others,Signod India Pvt Company Front,yes,6KM,0.0,0.0,0,0,0.0,0.0
Bengaluru Dist,Doddaballapura Rural PS,1.0442e+16,2018,1,2,Road Accidents,Other,Rural Areas,Near a factory industrial area,Not Applicable,No,Grievous Injury,Others,Not at  Junction,Not Applicable,Two way,Bitumen(Tar),Dry,Not Applicable,Fine,National Highway,Opp L&T factory,4 KM,0.0,0.0,0,0,0.0,0.0
Bengaluru Dist,Doddaballapura Rural PS,1.0442e+16,2018,1,1,Road Accidents,Narrow road,Rural Areas,Near a factory industrial area,Human Error,No,Fatal,Drowned,Uncontrolled,Others,State Highway,Bitumen(Tar),Dry,Not Applicable,Fine,DB Pura Bengaluru,Bashettihalli Factory circle,6 KM,0.0,0.0,0,0,0.0,0.0
Bengaluru Dist,Doddaballapura Rural PS,1.0442e+16,2018,1,1,Not Applicable,Not Applicable,Not Applicable,Near Bus stop,Not Applicable,No,Simple Injury,Not Applicable,Not Applicable,Not Applicable,Not Applicable,Not Applicable,Not Applicable,Not Applicable,Not Applicable,Bengaluru Doddaballapura raod,yes,8KMS,0.0,0.0,0,0,0.0,0.0
Bengaluru Dist,Doddaballapura Rural PS,1.0442e+16,2018,1,2,Road Accidents,T Junction,Rural Areas,Near or inside a village,Human Error,No,Grievous Injury,Not Applicable,Not Applicable,Curve,Village Road,Bitumen(Tar),Others,Not Applicable,Clear,Tar,Veerapura,1 km,0.0,0.0,0,1,0.0,1.0
Bengaluru Dist,Doddaballapura Rural PS,1.0442e+16,2018,1,1,Road Accidents,Narrow road,Rural Areas,Open area,Not Applicable,No,Grievous Injury,Others,Not Applicable,Not Applicable,Others,Bitumen(Tar),Dry,Not Applicable,Clear,Doddaballapura - Bangalore Road,near fctory crical,59,0.0,0.0,0,0,0.0,0.0
Bengaluru Dist,Doddaballapura Rural PS,1.0442e+16,2018,1,2,Not Applicable,Not Applicable,Rural Areas,Open area,Not Applicable,No,Grievous Injury,Not Applicable,Not Applicable,Not Applicable,State Highway,Not Applicable,Not Applicable,Not Applicable,Others,Doddaballapura Gowribidanuru Raod,Yes,10kms,0.0,0.0,0,0,0.0,0.0
Bengaluru Dist,Doddaballapura Rural PS,1.0442e+16,2018,1,2,Road Accidents,Other,Rural Areas,Near or inside a village,Human Error,Not Applicable,Fatal,Head on,Not Applicable,Straight and flat,NH,Bitumen(Tar),Others,Not Applicable,Fine,NH-207,Near Mestrumane Cross,5 KM,0.0,0.0,0,1,0.0,1.0
Bengaluru Dist,Doddaballapura Rural PS,1.0442e+16,2018,1,3,Road Accidents,Other,Rural Areas,Near or inside a village,Human Error,No,Fatal,Others,Not Applicable,Straight and flat,State Highway,Bitumen(Tar),Dry,Not Applicable,Fine,SH-09,Near Gujari shop,8 KM,0.0,0.0,0,0,0.0,0.0
Bengaluru Dist,Doddaballapura Rural PS,1.0442e+16,2018,1,2,Road Accidents,Not Applicable,Not Applicable,Near Petrol Pump,Vehicle Defect,No,Damage Only,Not Applicable,Not Applicable,Not Applicable,State Highway,Not Applicable,Others,Not Applicable,Others,Bengaluru Doddaballapura raod,yes,12km,0.0,0.0,0,1,0.0,1.0
Bengaluru Dist,Doddaballapura Rural PS,1.0442e+16,2018,1,2,Not Applicable,Not Applicable,Not Applicable,Near a factory industrial area,Not Applicable,No,Grievous Injury,Not Applicable,Not Applicable,Not Applicable,Not Applicable,Not Applicable,Not Applicable,Not Applicable,Not Applicable,Doddaballapura Benagaluru Raod,Yes,8KMS,0.0,0.0,0,0,0.0,0.0
Bengaluru Dist,Doddaballapura Rural PS,1.0442e+16,2018,1,2,Road Accidents,Narrow road,Rural Areas,Open area,Human Error,Not Applicable,Fatal,Overturning,Uncontrolled,Others,NH,Bitumen(Tar),Dry,Not Applicable,Fine,Doddaballapura Dobbospet,Kodigehalli,5 KM,0.0,0.0,0,0,0.0,0.0
Bengaluru Dist,Doddaballapura Rural PS,1.0442e+16,2018,1,2,Road Accidents,Other,Rural Areas,Open area,Human Error,Yes,Fatal,Rear end,Not Applicable,Straight and flat,NH,Bitumen(Tar),Dry,Not Applicable,Fine,"Near Siddeswara Layout, Kurubarahalli 2nd Stage, NH 207",Near Siddeswara Layout,5 KM,0.0,0.0,0,0,0.0,0.0
Bengaluru Dist,Doddaballapura Rural PS,1.0442e+16,2018,1,1,Not Applicable,Not Applicable,Not Applicable,Open area,Not Applicable,Yes,Grievous Injury,Not Applicable,Not Applicable,Not Applicable,Not Applicable,Not Applicable,Not Applicable,Not Applicable,Others,DODDABALLAPURA CHIKKABALLAPURA ROAD,Yes,10kms,0.0,0.0,0,0,0.0,0.0
Bengaluru Dist,Doddaballapura Rural PS,1.0442e+16,2018,1,1,Not Applicable,Not Applicable,Not Applicable,Open area,Not Applicable,No,Grievous Injury,Not Applicable,Not Applicable,Not Applicable,Not Applicable,Not Applicable,Not Applicable,Not Applicable,Not Applicable,Doddaballapura Benagaluru Raod,Yes,8KMS,0.0,0.0,0,0,0.0,0.0
Bengaluru Dist,Doddaballapura Rural PS,1.0442e+16,2018,1,1,Road Accidents,Not Applicable,Rural Areas,Open area,Not Applicable,Not Applicable,Grievous Injury,Not Applicable,Not Applicable,Not Applicable,State Highway,Bitumen(Tar),Dry,Not Applicable,Clear,Doddaballapura Dabaspete Road,0,2.5,0.0,0.0,0,0,0.0,0.0
Bengaluru Dist,Doddaballapura Rural PS,1.0442e+16,2018,1,2,Not Applicable,Not Applicable,Not Applicable,Near Bus stop,Not Applicable,No,Grievous Injury,Not Applicable,Not Applicable,Not Applicable,Not Applicable,Not Applicable,Not Applicable,Not Applicable,Not Applicable,Doddaballapura Gowribidanuru Raod Nayakandarahalli Gate Near,Yes,10kms,0.0,0.0,0,0,0.0,0.0
Bengaluru Dist,Doddaballapura Rural PS,1.0442e+16,2018,1,2,Road Accidents,Other,Villages settlement,Near School or College,Not Applicable,Not Applicable,Grievous Injury,Not Applicable,Not Applicable,Others,Village Road,Bitumen(Tar),Dry,Not Applicable,Others,Doddaballapur-Kodigehalli Road,GANGA RICE MILL,86.3,0.0,0.0,0,0,0.0,0.0
Bengaluru Dist,Doddaballapura Rural PS,1.0442e+16,2018,1,1,Road Accidents,Narrow road,Rural Areas,Near a religious place,Human Error,Not Applicable,Fatal,Skidding or Self accident,Uncontrolled,Incline,State Highway,Bitumen(Tar),Dry,Not Applicable,Fine,Bengaluru Gowribidanuru,Anjaneya Temple,14 KM,0.0,0.0,0,0,0.0,0.0
Bengaluru Dist,Doddaballapura Rural PS,1.0442e+16,2018,1,2,Road Accidents,Circle,Rural Areas,Open area,Not Applicable,No,Grievous Injury,Right Turn Collision,Not Applicable,Not Applicable,Two way,Bitumen(Tar),Dry,Not Applicable,Not Applicable,"Doddaballapura - Dabaspete Road ,",Near Doddamma Templ,3,0.0,0.0,0,0,0.0,0.0
Bengaluru Dist,Doddaballapura Rural PS,1.0442e+16,2018,1,2,Not Applicable,Not Applicable,Not Applicable,Open area,Not Applicable,No,Grievous Injury,Not Applicable,Not Applicable,Not Applicable,Not Applicable,Not Applicable,Not Applicable,Not Applicable,Not Applicable,Doddaballapura Gantiganahalli Road,yes,10kms,0.0,0.0,0,0,0.0,0.0
Bengaluru Dist,Doddaballapura Rural PS,1.0442e+16,2018,1,1,Road Accidents,Bridge,Rural Areas,Open area,Not Applicable,No,Damage Only,Not Applicable,Not Applicable,Not Applicable,Major District Road,Bitumen(Tar),Dry,Not Applicable,Clear,SH 9,Kantanakuntte village,105,0.0,0.0,0,0,0.0,0.0
Bengaluru Dist,Doddaballapura Rural PS,1.0442e+16,2018,1,2,Road Accidents,Not Applicable,Rural Areas,Near Petrol Pump,Not Applicable,Yes,Simple Injury,Others,Not Applicable,Not Applicable,State Highway,Not Applicable,Not Applicable,Not Applicable,Fine,State Haiway,Hosahudya Gate,7 KM,0.0,0.0,0,0,0.0,0.0
Bengaluru Dist,Doddaballapura Rural PS,1.0442e+16,2018,1,2,Not Applicable,Not Applicable,Not Applicable,Open area,Not Applicable,No,Damage Only,Not Applicable,Not Applicable,Not Applicable,Not Applicable,Not Applicable,Not Applicable,Not Applicable,Not Applicable,Doddaballapura Benagaluru Raod,Yes,10kms,0.0,0.0,0,0,0.0,0.0
Bengaluru Dist,Doddaballapura Rural PS,1.0442e+16,2018,1,1,Not Applicable,Not Applicable,Rural Areas,Open area,Not Applicable,Not Applicable,Grievous Injury,Not Applicable,Not Applicable,Not Applicable,Village Road,Bitumen(Tar),Dry,Not Applicable,Not Applicable,Bhashettihalli Varadanahalli road,yes,8,0.0,0.0,0,0,0.0,0.0
Bengaluru Dist,Doddaballapura Rural PS,1.0442e+16,2018,1,1,Road Accidents,Other,Rural Areas,Open area,Human Error,Yes,Fatal,Hit and Run,Not Applicable,Straight and flat,NH,Bitumen(Tar),Dry,Not Applicable,Fine,NH-207,Near Papanna land,4 KM,0.0,0.0,0,0,0.0,0.0
Bengaluru Dist,Doddaballapura Rural PS,1.0442e+16,2018,1,2,Not Applicable,Narrow road,Rural Areas,Near Petrol Pump,Not Applicable,No,Grievous Injury,Others,Not Applicable,Not Applicable,NH,Not Applicable,Dry,Not Applicable,Not Applicable,Dabaspet-Doddaballapura Road,KEB POLL,21.3,0.0,0.0,0,0,0.0,0.0
Bengaluru Dist,Doddaballapura Rural PS,1.0442e+16,2018,1,2,Not Applicable,Not Applicable,Not Applicable,Open area,Not Applicable,No,Damage Only,Not Applicable,Not Applicable,Not Applicable,Not Applicable,Not Applicable,Not Applicable,Not Applicable,Not Applicable,Doddaballapura Gowribidanuru Raod Thapasihalli Gate,yes,12km,0.0,0.0,0,0,0.0,0.0
Bengaluru Dist,Doddaballapura Rural PS,1.0442e+16,2018,1,1,Road Accidents,Narrow road,Rural Areas,Open area,Not Applicable,No,Damage Only,Side swipe,Uncontrolled,Others,Major District Road,Gravel,Wet,Not Applicable,Light Rain,Chikkaballapur-Doddaballapur,MUKKENAHALLI GATE,22 mtr,0.0,0.0,0,3,3.0,6.0
Bengaluru Dist,Doddaballapura Rural PS,1.0442e+16,2018,1,2,Not Applicable,Not Applicable,Not Applicable,Open area,Not Applicable,No,Grievous Injury,Not Applicable,Not Applicable,Not Applicable,Not Applicable,Not Applicable,Not Applicable,Not Applicable,Not Applicable,Doddaballapura Dabaspete Road,yes,2KM,0.0,0.0,0,0,0.0,0.0
Bengaluru Dist,Doddaballapura Rural PS,1.0442e+16,2018,1,2,Road Accidents,Other,Rural Areas,Open area,Human Error,No,Fatal,Head on,Not Applicable,Straight and flat,State Highway,Bitumen(Tar),Dry,Not Applicable,Fine,SH-09,Gundumgere Cross,10 KM,0.0,0.0,0,0,0.0,0.0
Bengaluru Dist,Doddaballapura Rural PS,1.0442e+16,2018,1,2,Road Accidents,Other,Rural Areas,Near Petrol Pump,Not Applicable,No,Grievous Injury,Not Applicable,Not Applicable,Others,NH,Not Applicable,Others,Not Applicable,Others,Doddaballapura Gowribidanuru Raod Gundamgere Crose Near,Yes,12km,0.0,0.0,0,1,0.0,1.0
Bengaluru Dist,Doddaballapura Rural PS,1.0442e+16,2018,1,1,Not Applicable,Not Applicable,Not Applicable,Near School or College,Not Applicable,Not Applicable,Damage Only,Not Applicable,Not Applicable,Not Applicable,Not Applicable,Not Applicable,Not Applicable,Not Applicable,Not Applicable,Doddaballapura Gowribidanuru Raod,Yes,10kms,0.0,0.0,0,0,0.0,0.0
Bengaluru Dist,Doddaballapura Rural PS,1.0442e+16,2018,1,2,Road Accidents,Narrow road,Villages settlement,Near a religious place,Human Error,Not Applicable,Fatal,Head on,Uncontrolled,Others,NH,Bitumen(Tar),Dry,Not Applicable,Others,DB Pura Dobbospet,Doddamma Temple,3 KM,0.0,0.0,0,0,0.0,0.0
Bengaluru Dist,Doddaballapura Rural PS,1.0442e+16,2018,1,2,Road Accidents,Other,Rural Areas,Residential area,Human Error,No,Grievous Injury,Others,Not Applicable,Others,Village Road,Bitumen(Tar),Dry,Not Applicable,Fine,Other Road,Kodigehalli,4 K.M,0.0,0.0,0,0,0.0,0.0
Bengaluru Dist,Doddaballapura Rural PS,1.0442e+16,2018,1,2,Not Applicable,Not Applicable,Not Applicable,Open area,Vehicle Defect,No,Grievous Injury,Not Applicable,Not Applicable,Not Applicable,Not Applicable,Not Applicable,Not Applicable,Not Applicable,Others,Doddaballapura Gowribidanuru Raod Panchavati Foram,Yes,8KMS,0.0,0.0,0,0,0.0,0.0
Bengaluru Dist,Doddaballapura Rural PS,1.0442e+16,2018,1,1,Not Applicable,Not Applicable,Villages settlement,Open area,Not Applicable,No,Grievous Injury,Not Applicable,Not Applicable,Not Applicable,Village Road,Not Applicable,Not Applicable,Not Applicable,Not Applicable,Hanabe Doddaballapura Road,yes,12km,0.0,0.0,0,0,0.0,0.0
Bengaluru Dist,Doddaballapura Rural PS,1.0442e+16,2018,1,2,Not Applicable,Not Applicable,Not Applicable,Near Bus stop,Not Applicable,No,Simple Injury,Not Applicable,Not Applicable,Not Applicable,Not Applicable,Not Applicable,Not Applicable,Not Applicable,Not Applicable,Doddaballapura Benagaluru Raod Byank Circle Near,Yes,6 kms,0.0,0.0,0,0,0.0,0.0
Bengaluru Dist,Doddaballapura Rural PS,1.0442e+16,2018,1,1,Not Applicable,Not Applicable,Not Applicable,Open area,Vehicle Defect,No,Damage Only,Others,Not at  Junction,Not Applicable,Village Road,Not Applicable,Not Applicable,Not Applicable,Others,DODDABALLAPURA CHIKKABALLAPURA ROAD ANCHARAHALLI  GATE,yes,15km,0.0,0.0,0,0,0.0,0.0
Bengaluru Dist,Doddaballapura Rural PS,1.0442e+16,2018,1,1,Not Applicable,Not Applicable,Not Applicable,Open area,Vehicle Defect,No,Damage Only,Not Applicable,Not Applicable,Not Applicable,Not Applicable,Not Applicable,Not Applicable,Not Applicable,Not Applicable,DODDABALLAPURA NELAMANGALA RAOD,Yes,10kms,0.0,0.0,0,0,0.0,0.0
Bengaluru Dist,Doddaballapura Rural PS,1.0442e+16,2018,1,2,Road Accidents,Other,Not Applicable,Open area,Not Applicable,No,Grievous Injury,Others,Not at  Junction,Others,Others,Not Applicable,Others,Not Applicable,Others,Doddaballapura Benagaluru Raod,Yes,10kms,0.0,0.0,0,1,0.0,1.0
Bengaluru Dist,Doddaballapura Rural PS,1.0442e+16,2018,1,1,Not Applicable,Not Applicable,Not Applicable,Open area,Not Applicable,No,Grievous Injury,Not Applicable,Not Applicable,Not Applicable,Not Applicable,Not Applicable,Not Applicable,Not Applicable,Not Applicable,"Bachahalli Allalasandra Road, Allalasandra Crose",Yes,12km,0.0,0.0,0,0,0.0,0.0
Bengaluru Dist,Doddaballapura Rural PS,1.0442e+16,2018,1,1,Road Accidents,Narrow road,Rural Areas,Near School or College,Human Error,Not Applicable,Fatal,Skidding or Self accident,Uncontrolled,Hump,NH,Bitumen(Tar),Dry,Not Applicable,Others,Doddaballapura Dobbospet NH 207,Kodigehalli Govt Primary School,4 KM,0.0,0.0,0,0,0.0,0.0
Bengaluru Dist,Doddaballapura Rural PS,1.0442e+16,2018,1,1,Road Accidents,Narrow road,Rural Areas,Open area,Human Error,Not Applicable,Fatal,Skidding or Self accident,Uncontrolled,Not Applicable,Village Road,Bitumen(Tar),Dry,Not Applicable,Others,Jingebhachahalli Road,Appi Store,7 KM,0.0,0.0,0,0,0.0,0.0
Bengaluru Dist,Doddaballapura Rural PS,1.0442e+16,2018,1,2,Road Accidents,Narrow road,Rural Areas,Open area,Human Error,No,Fatal,Head on,Uncontrolled,Curve and Incline,Village Road,Bitumen(Tar),Others,Not Applicable,Others,Veerapura Bashettihalli Road,Giriyappas Land,6 KM,0.0,0.0,0,1,0.0,1.0
Bengaluru Dist,Doddaballapura Rural PS,1.0442e+16,2018,1,2,Road Accidents,Road hump or Rumble strips,Villages settlement,Near Petrol Pump,Human Error,No,Damage Only,Others,Uncontrolled,Hump,State Highway,Not Applicable,Others,Not Applicable,Not Applicable,Doddaballapura-Gowribidanuru road,Near Makalidurga,28feet,0.0,0.0,0,1,0.0,1.0
Bengaluru Dist,Doddaballapura Rural PS,1.0442e+16,2018,1,2,Road Accidents,Other,Rural Areas,Near or inside a village,Human Error,No,Fatal,Overturning,Not Applicable,Straight and flat,State Highway,Bitumen(Tar),Dry,Not Applicable,Fine,"Gollahalli Gowda Mane, Gowribidanuru-DB Pura road, Tubagere Hobali, D B Pura Taluk",Gollahalli Gowda Mane near,8,0.0,0.0,0,0,0.0,0.0
Bengaluru Dist,Doddaballapura Rural PS,1.0442e+16,2018,1,1,Road Accidents,Curves,Rural Areas,Open area,Not Applicable,No,Damage Only,Others,Not Applicable,Others,Village Road,Bitumen(Tar),Dry,Not Applicable,Clear,village road,Land Of Geethchar,32,0.0,0.0,0,0,0.0,0.0
Bengaluru Dist,Doddaballapura Rural PS,1.0442e+16,2018,1,2,Road Accidents,Curves,Rural Areas,Open area,Human Error,No,Simple Injury,Overturning,Not Applicable,Sharp Curve,State Highway,Bitumen(Tar),Dry,Not Applicable,Clear,Aralumallige Kere Eri,Aralumallige Kere Eri,6 KM,0.0,0.0,0,0,0.0,0.0
Bengaluru Dist,Doddaballapura Rural PS,1.0442e+16,2018,1,2,Not Applicable,Not Applicable,Not Applicable,Residential area,Not Applicable,No,Grievous Injury,Not Applicable,Not Applicable,Not Applicable,Not Applicable,Not Applicable,Not Applicable,Not Applicable,Not Applicable,Doddaballapura Devanahalli Road,Yes,5KM,0.0,0.0,0,0,0.0,0.0
Bengaluru Dist,Doddaballapura Rural PS,1.0442e+16,2018,1,2,Road Accidents,Junction,Rural Areas,Open area,Human Error,No,Grievous Injury,Others,Uncontrolled,Others,Others,Bitumen(Tar),Dry,Not Applicable,Clear,Doddaballapur-Kodigehalli Road,towards south water plant,30 mtr,0.0,0.0,0,0,0.0,0.0
Bengaluru Dist,Doddaballapura Rural PS,1.0442e+16,2018,1,2,Road Accidents,Curves,Rural Areas,Open area,Not Applicable,No,Simple Injury,Hit bicyclist,Not Applicable,Not Applicable,NH,Bitumen(Tar),Dry,Not Applicable,Fine,Palanajogahalli,Palanajogahalli,10,0.0,0.0,0,0,0.0,0.0
Bengaluru Dist,Doddaballapura Rural PS,1.0442e+16,2018,1,2,Not Applicable,Not Applicable,Not Applicable,Open area,Not Applicable,No,Simple Injury,Not Applicable,Not Applicable,Not Applicable,Not Applicable,Not Applicable,Not Applicable,Not Applicable,Not Applicable,Doddaballapura Benagaluru Raod,Yes,10kms,0.0,0.0,0,0,0.0,0.0
Bengaluru Dist,Doddaballapura Rural PS,1.0442e+16,2018,1,2,Not Applicable,Not Applicable,Rural Areas,Open area,Vehicle Defect,No,Damage Only,Not Applicable,Not at  Junction,Not Applicable,Others,Not Applicable,Not Applicable,Not Applicable,Others,Doddaballapura Benagaluru Raod Bashettihalli Aperal Park Front Raod,yes,15kms,0.0,0.0,0,0,0.0,0.0