DISTRICTNAME,UNITNAME,Crime_No,Year,RI,Noofvehicle_involved,Accident_Classification,Accident_Spot,Accident_Location,Accident_SubLocation,Main_Cause,Hit_Run,Severity,Collision_Type,Junction_Control,Road_Character,Road_Type,Surface_Type,Surface_Condition,Road_Condition,Weather,Accident_Road,Landmark_first,Distance_LandMark_First,Latitude,Longitude,Road_Condition_Score,Surface_Condition_Score,Surface_Type_Score,Road_Risk_Index
Bengaluru Dist,Doddaballapura Rural PS,1.0442e+16,2019,1,2,Road Accidents,Cross roads,Rural Areas,Open area,Not Applicable,Not Applicable,Simple Injury,Not Applicable,Not Applicable,Not Applicable,Others,Bitumen(Tar),Not Applicable,Not Applicable,Cloudy,Doddaballapura- Kodigehalli Road,Near MRF tyre Showroom,120 mt,13.299541,77.529402,0,0,0.0,0.0
Bengaluru Dist,Doddaballapura Rural PS,1.0442e+16,2019,1,2,Road Accidents,Not Applicable,Rural Areas,Open area,Not Applicable,Not Applicable,Not Applicable,Not Applicable,Not Applicable,Not Applicable,Major District Road,Bitumen(Tar),Dry,Not Applicable,Clear,Melinajuganahalli -Gatti Road,Avalakondaiahswamy Temple,10 Mtr,13.420809,77.526263,0,0,0.0,0.0
Bengaluru Dist,Doddaballapura Rural PS,1.0442e+16,2019,1,2,Road Accidents,Not Applicable,Rural Areas,Near Hospital,Human Error,No,Grievous Injury,Vehicle to Vehicle,Not at  Junction,Not Applicable,Others,Bitumen(Tar),Dry,Not Applicable,Clear,0,1,0,13.27535,77.551569,0,0,0.0,0.0
Bengaluru Dist,Doddaballapura Rural PS,1.0442e+16,2019,1,2,Road Accidents,Not Applicable,Rural Areas,Near or inside a village,Not Applicable,No,Fatal,Vehicle to Vehicle,Not Applicable,Others,Others,Bitumen(Tar),Others,Not Applicable,Clear,SS Ghati-Doddaballapura Road,6KM SS Ghati Name Board,7 km,13.353243,77.538307,0,1,0.0,1.0
Bengaluru Dist,Doddaballapura Rural PS,1.0442e+16,2019,1,1,Road Accidents,Narrow road,City/Town,Open area,Human Error,Yes,Fatal,Hit pedestrian,Uncontrolled,Straight and flat,Minor District Road,Bitumen(Tar),Dry,No influence on accident,Clear,Doddaballapura Kodigehalli road Near Halli mane dhabha,Halli mane Dhabha,4km,13.302398,77.514501,0,0,0.0,0.0
Bengaluru Dist,Doddaballapura Rural PS,1.0442e+16,2019,1,2,Road Accidents,Not Applicable,Rural Areas,Open area,Human Error,No,Fatal,Vehicle to Vehicle,Uncontrolled,Straight and flat,State Highway,Bitumen(Tar),Dry,No influence on accident,Clear,Sh,Near Prabhudeva Land,5 KM,13.321179,77.564968,0,0,0.0,0.0
Bengaluru Dist,Doddaballapura Rural PS,1.0442e+16,2019,1,2,Road Accidents,Other,Rural Areas,Residential area,Human Error,No,Fatal,Head on,Not Applicable,Straight and flat,State Highway,Bitumen(Tar),Dry,Not Applicable,Fine,SH-09,Gollahalli village,10 KM,13.333538,77.531399,0,0,0.0,0.0
Bengaluru Dist,Doddaballapura Rural PS,1.0442e+16,2019,1,3,Road Accidents,T Junction,Rural Areas,Near Bus stop,Human Error,Yes,Fatal,Hit and Run,Not Applicable,Straight and flat,State Highway,Bitumen(Tar),Dry,Not Applicable,Fine,SH-09,Near Factory Circle,9 KM,13.303383,77.4846059,0,0,0.0,0.0
Bengaluru Dist,Doddaballapura Rural PS,1.0442e+16,2019,1,2,Road Accidents,Other,Rural Areas,Near Bus stop,Human Error,No,Damage Only,Others,Signals (Working),Others,One way,Bitumen(Tar),Dry,Not Applicable,Others,Doddaballapura to Dabaspete,Menasi Gate,0,13.287381,77.488515,0,0,0.0,0.0
Bengaluru Dist,Doddaballapura Rural PS,1.0442e+16,2019,1,2,Not Applicable,Circle,Rural Areas,Near a factory industrial area,Not Applicable,Not Applicable,Damage Only,Vehicle to Vehicle,No signal lights,Others,State Highway,Bitumen(Tar),Dry,Not Applicable,Clear,Doddaballapura - Bangalore Road,Bashettihalli  industrial  Area,23,13.257688,77.553104,0,0,0.0,0.0
Bengaluru Dist,Doddaballapura Rural PS,1.0442e+16,2019,1,1,Road Accidents,Narrow road,Rural Areas,Near or inside a village,Human Error,No,Fatal,Not Applicable,Not Applicable,Others,One way,Not Applicable,Dry,Not Applicable,Fine,Fine,Fine,16,13.428421,77.513325,0,0,0.0,0.0
Bengaluru Dist,Doddaballapura Rural PS,1.0442e+16,2019,1,2,Road Accidents,Narrow road,Rural Areas,Open area,Human Error,No,Fatal,Vehicle to Vehicle,Uncontrolled,Straight and flat,State Highway,Bitumen(Tar),Dry,No influence on accident,Clear,SH,J K Tyre infront of,8KM,13.25862,77.554333,0,0,0.0,0.0
Bengaluru Dist,Doddaballapura Rural PS,1.0442e+16,2019,1,1,Road Accidents,Not Applicable,Rural Areas,Residential area,Human Error,No,Fatal,Not Applicable,Uncontrolled,Straight and flat,Others,Bitumen(Tar),Dry,No influence on accident,Fine,DB Pura-Chikkatumakuru Road,Near Mukthidhama,6,13.266334,77.533248,0,0,0.0,0.0
Bengaluru Dist,Doddaballapura Rural PS,1.0442e+16,2019,1,2,Road Accidents,Not Applicable,Rural Areas,Open area,Human Error,No,Damage Only,Vehicle to Vehicle,Controlled,Others,State Highway,Bitumen(Tar),Wet,Not Applicable,Clear,Doddaballapura- Chikkababallapura Road,Chogondanahalli,Meleko,13.263037,77.533984,0,3,0.0,3.0
Bengaluru Dist,Doddaballapura Rural PS,1.0442e+16,2019,1,2,Road Accidents,Narrow road,Rural Areas,Near School or College,Human Error,No,Grievous Injury,Vehicle to Vehicle,Controlled,Straight and flat,State Highway,Bitumen(Tar),Dry,Not Applicable,Fine,"Doddaballapura Bengaluru Road, Near Navodaya School",Yes,8 kms,13.26567,77.556255,0,0,0.0,0.0
Bengaluru Dist,Doddaballapura Rural PS,1.0442e+16,2019,1,1,Road Accidents,Not Applicable,Rural Areas,Open area,Not Applicable,Not Applicable,Grievous Injury,Not Applicable,Not Applicable,Others,State Highway,Bitumen(Tar),Dry,Construction Work / Material,Clear,Gowribidanuru - Doddaballapura Road,Makali Durga near Sports Club,10 KM,13.439212,77.495569,2,0,0.0,2.0
Bengaluru Dist,Doddaballapura Rural PS,1.0442e+16,2019,1,2,Road Accidents,Y Junction,Rural Areas,Near Bus stop,Human Error,No,Fatal,Side impact or Right angle,Not Applicable,Straight and flat,State Highway,Bitumen(Tar),Dry,Not Applicable,Clear,"Near Bank circle, DBPura-Bengaluru Road",Near Bank circle,8 KM,13.279134,77.553452,0,0,0.0,0.0
Bengaluru Dist,Doddaballapura Rural PS,1.0442e+16,2019,1,2,Road Accidents,Other,Rural Areas,Near or inside a village,Human Error,Yes,Fatal,Others,Not Applicable,Straight and flat,State Highway,Bitumen(Tar),Dry,Not Applicable,Fine,SH,Near Venkatesh House,15 km,13.352646,77.6882909,0,0,0.0,0.0
Bengaluru Dist,Doddaballapura Rural PS,1.0442e+16,2019,1,1,Road Accidents,Other,Villages settlement,Open area,Not Applicable,Yes,Grievous Injury,Not Applicable,Not Applicable,Others,Others,Not Applicable,Not Applicable,Not Applicable,Others,Gantiganahalli Thubagere Raod Kachahalli Narasappa House,Yes,10kms,13.374653,77.572207,0,0,0.0,0.0
Bengaluru Dist,Doddaballapura Rural PS,1.0442e+16,2019,1,2,Road Accidents,Other,Not Applicable,Near a factory industrial area,Not Applicable,No,Grievous Injury,Others,Not Applicable,Others,Two way,Not Applicable,Others,Not Applicable,Others,JFSL FACTORY FRONT,YES,6 kms,13.249898,77.549088,0,1,0.0,1.0
Bengaluru Dist,Doddaballapura Rural PS,1.0442e+16,2019,1,1,Road Accidents,Cross roads,Not Applicable,Open area,Not Applicable,No,Damage Only,Not Applicable,Not Applicable,Others,State Highway,Not Applicable,Others,Not Applicable,Others,Doddaballapura Gowribidanuru Raod Makali Durga Farest Near,Yes,10kms,13.400982,77.511124,0,1,0.0,1.0
Bengaluru Dist,Doddaballapura Rural PS,1.0442e+16,2019,1,1,Road Accidents,Narrow road,Rural Areas,Open area,Not Applicable,Not Applicable,Simple Injury,Not Applicable,Not Applicable,Not Applicable,NH,Bitumen(Tar),Dry,Not Applicable,Clear,Doddaballapura Devanahalli Road,KEB POLL,21,13.375815,77.553788,0,0,0.0,0.0
Bengaluru Dist,Doddaballapura Rural PS,1.0442e+16,2019,1,3,Road Accidents,Narrow road,Rural Areas,Open area,Human Error,No,Fatal,Vehicle to Vehicle,Not Applicable,Others,NH,Bitumen(Tar),Dry,No influence on accident,Fine,Dabaspete-Dbpura NH-207 Road near Menasina gate,near Menasina gate,6 KM,13.301871,77.504003,0,0,0.0,0.0
Bengaluru Dist,Doddaballapura Rural PS,1.0442e+16,2019,1,2,Road Accidents,Narrow road,Rural Areas,Near Bus stop,Human Error,No,Grievous Injury,Vehicle to Vehicle,Not Applicable,Not Applicable,Others,Not Applicable,Dry,Not Applicable,Fine,State Hiwya,Narow Road,8 KM,13.368538,77.545913,0,0,0.0,0.0
Bengaluru Dist,Doddaballapura Rural PS,1.0442e+16,2019,1,2,Road Accidents,Other,Rural Areas,Open area,Human Error,Yes,Fatal,Rear end,Not Applicable,Not Applicable,State Highway,Bitumen(Tar),Others,Not Applicable,Fine,"Gandarajapura Gate, Doddaballapura-Chickballapura Road",Gandarajapura Gate,12 KM,13.266679,77.530679,0,1,0.0,1.0
Bengaluru Dist,Doddaballapura Rural PS,1.0442e+16,2019,1,2,Road Accidents,Not Applicable,Not Applicable,Open area,Not Applicable,No,Grievous Injury,Others,Not at  Junction,Others,Others,Not Applicable,Others,Not Applicable,Others,DODDABALLAPURA NELAMANGALA RAOD Near Alahalli Meghanjali Cowtary,Yes,4KM,13.276711,77.522592,0,1,0.0,1.0
Bengaluru Dist,Doddaballapura Rural PS,1.0442e+16,2019,1,2,Road Accidents,Not Applicable,City/Town,Near Bus stop,Human Error,No,Damage Only,Vehicle to Vehicle,Not Applicable,Not Applicable,One way,Bitumen(Tar),Dry,No influence on accident,Clear,Gowribidanuru- Doddaballapura Road,Palanajogahalli,02 kms,13.31375,77.542848,0,0,0.0,0.0
Bengaluru Dist,Doddaballapura Rural PS,1.0442e+16,2019,1,2,Road Accidents,Not Applicable,Rural Areas,Open area,Human Error,Not Applicable,Fatal,Vehicle to Vehicle,Not Applicable,Straight and flat,NH,Bitumen(Tar),Dry,Not Applicable,Fine,National Highway,Near Menasi Gate,8 KM,13.28636,77.489267,0,0,0.0,0.0
Bengaluru Dist,Doddaballapura Rural PS,1.0442e+16,2019,1,2,Road Accidents,Curves,Rural Areas,Open area,Human Error,No,Fatal,Vehicle to Vehicle,Uncontrolled,Curve,State Highway,Bitumen(Tar),Dry,No influence on accident,Clear,SH,Thimmasandra Lake road,4,13.321303,77.565206,0,0,0.0,0.0
Bengaluru Dist,Doddaballapura Rural PS,1.0442e+16,2019,1,2,Road Accidents,Not Applicable,Rural Areas,Open area,Not Applicable,No,Grievous Injury,Vehicle to Vehicle,Not Applicable,Straight and flat,State Highway,Bitumen(Tar),Dry,Not Applicable,Clear,Gowribidnuru-Doddaballapura Road,Near gunjuru Narasimhamurthy Land,16,13.428255,77.513135,0,0,0.0,0.0
Bengaluru Dist,Doddaballapura Rural PS,1.0442e+16,2019,1,2,Road Accidents,Not Applicable,Rural Areas,Residential area,Not Applicable,No,Grievous Injury,Not Applicable,Not Applicable,Others,Others,Not Applicable,Others,Not Applicable,Others,Doddaballapura Dabaspete Road Kesthur Village,Yes,10kms,13.303737,77.4850549,0,1,0.0,1.0
Bengaluru Dist,Doddaballapura Rural PS,1.0442e+16,2019,1,1,Road Accidents,Not Applicable,Rural Areas,Near Bus stop,Not Applicable,No,Grievous Injury,Not Applicable,Not Applicable,Not Applicable,Not Applicable,Not Applicable,Not Applicable,Not Applicable,Others,"SS Ghati Doddaballapura Road, Laghumenahalli Gate",Yes,12km,13.409485,77.528374,0,0,0.0,0.0
Bengaluru Dist,Doddaballapura Rural PS,1.0442e+16,2019,1,2,Road Accidents,Cross roads,Rural Areas,Near or inside a village,Not Applicable,Yes,Grievous Injury,Not Applicable,Not at  Junction,Others,Others,Not Applicable,Not Applicable,Not Applicable,Others,Silver Spark Factory Near,Yes,10kms,13.314268,77.538188,0,0,0.0,0.0
Bengaluru Dist,Doddaballapura Rural PS,1.0442e+16,2019,1,1,Road Accidents,Not Applicable,Rural Areas,Open area,Human Error,Yes,Fatal,Hit pedestrian,Not Applicable,Straight and flat,State Highway,Bitumen(Tar),Dry,Not Applicable,Fine,SH,Infront of Jayaramappa House,4 KM,13.239555,77.547814,0,0,0.0,0.0
Bengaluru Dist,Doddaballapura Rural PS,1.0442e+16,2019,1,2,Road Accidents,Not Applicable,Rural Areas,Open area,Not Applicable,Not Applicable,Simple Injury,Not Applicable,Not Applicable,Not Applicable,State Highway,Bitumen(Tar),Dry,Not Applicable,Clear,Doddaballapura Dabaspete Road Near Kodigehalli Ittige Factory,Near Anjanagowda House,200 Ms,13.302177,77.503841,0,0,0.0,0.0
Bengaluru Dist,Doddaballapura Rural PS,1.0442e+16,2019,1,2,Road Accidents,Not Applicable,Rural Areas,Open area,Human Error,Yes,Fatal,Vehicle to Vehicle,Not Applicable,Straight and flat,State Highway,Bitumen(Tar),Dry,Not Applicable,Fine,SH,Nandi hills cross,15 KM,13.353794,77.653224,0,0,0.0,0.0
Bengaluru Dist,Doddaballapura Rural PS,1.0442e+16,2019,1,2,Road Accidents,Narrow road,Rural Areas,Near Bus stop,Not Applicable,No,Grievous Injury,Not Applicable,Not Applicable,Others,State Highway,Not Applicable,Others,Not Applicable,Others,Doddaballapura Gowribidanuru Raod Near Kantanakunte,Yes,8KMS,13.333141,77.5316,0,1,0.0,1.0
Bengaluru Dist,Doddaballapura Rural PS,1.0442e+16,2019,1,2,Road Accidents,Narrow road,Rural Areas,Open area,Human Error,Yes,Fatal,Vehicle to Vehicle,Uncontrolled,Straight and flat,Others,Bitumen(Tar),Dry,No influence on accident,Clear,Village road,Munianjinappa Grapes Farm Near,13km,13.353238,77.6184319,0,0,0.0,0.0
Bengaluru Dist,Doddaballapura Rural PS,1.0442e+16,2019,1,1,Road Accidents,Curves,Rural Areas,Near Bus stop,Not Applicable,Yes,Fatal,Hit pedestrian,Police / Manual,Straight and flat,State Highway,Bitumen(Tar),Wet,Not Applicable,Clear,SH,Bus Stop,14,13.428788,77.513788,0,3,0.0,3.0
Bengaluru Dist,Doddaballapura Rural PS,1.0442e+16,2019,1,1,Road Accidents,Narrow road,Rural Areas,Near or inside a village,Human Error,No,Fatal,Hit pedestrian,Uncontrolled,Straight and flat,Others,Concrete,Dry,Drainage Ditch,Clear,Anagalapura village front road of Narayanaswamy house,Venkataramanaswamy temple street in front road of narayanaswamy house,6 KM,13.29159,77.49574,4,0,0.0,4.0
Bengaluru Dist,Doddaballapura Rural PS,1.0442e+16,2019,1,2,Road Accidents,Narrow road,Rural Areas,Near or inside a village,Human Error,No,Grievous Injury,Vehicle to Vehicle,Not at  Junction,Straight and flat,Others,Bitumen(Tar),Dry,Not Applicable,Fine,SS Ghati Doddaballapura Road Near Vaddarahalli Village,Yes,8 Kms,13.363217,77.532862,0,0,0.0,0.0
Bengaluru Dist,Doddaballapura Rural PS,1.0442e+16,2019,1,1,Road Accidents,Narrow road,Rural Areas,Near Bus stop,Not Applicable,No,Simple Injury,Hit pedestrian,Not Applicable,Others,State Highway,Not Applicable,Dry,Not Applicable,Clear,NH,0,4,13.314841,77.533473,0,0,0.0,0.0
Bengaluru Dist,Doddaballapura Rural PS,1.0442e+16,2019,1,2,Road Accidents,Other,Rural Areas,Open area,Human Error,No,Fatal,Rear end,Uncontrolled,Straight and flat,State Highway,Bitumen(Tar),Dry,Not Applicable,Fine,SH-09,Thapasihalli Gate,9 KM,13.353489,77.6569929,0,0,0.0,0.0
Bengaluru Dist,Doddaballapura Rural PS,1.0442e+16,2019,1,1,Road Accidents,Other,Rural Areas,Open area,Human Error,No,Fatal,Hit pedestrian,Not Applicable,Straight and flat,State Highway,Bitumen(Tar),Dry,Not Applicable,Fine,"Infront of milk dairy, Kantanakunte",Infront of milk dairy,6 KM,13.312425,77.602955,0,0,0.0,0.0
Bengaluru Dist,Doddaballapura Rural PS,1.0442e+16,2019,1,2,Road Accidents,Not Applicable,Rural Areas,Open area,Human Error,No,Fatal,Vehicle to Vehicle,Not Applicable,Straight and flat,State Highway,Bitumen(Tar),Dry,Not Applicable,Fine,SH,Between Hosahudya Gte & Factory Circle,10 KM,13.236373,77.551137,0,0,0.0,0.0
Bengaluru Dist,Doddaballapura Rural PS,1.0442e+16,2019,1,2,Road Accidents,Cross roads,Rural Areas,Open area,Human Error,No,Simple Injury,Vehicle to Vehicle,Not Applicable,Curve,State Highway,Bitumen(Tar),Dry,Not Applicable,Clear,Bedegerecross,Bedegere cross,10 K M,13.343808,77.619314,0,0,0.0,0.0
Bengaluru Dist,Doddaballapura Rural PS,1.0442e+16,2019,1,2,Road Accidents,Not Applicable,Rural Areas,Open area,Not Applicable,Not Applicable,Simple Injury,Vehicle to Vehicle,Not Applicable,Others,State Highway,Bitumen(Tar),Dry,Not Applicable,Clear,Doddaballapura - Gowribidanuru Road,SH  Near Melinanaikandrahalli Gate,10kms,13.383491,77.5067969,0,0,0.0,0.0
Bengaluru Dist,Doddaballapura Rural PS,1.0442e+16,2019,1,2,Road Accidents,Narrow road,Rural Areas,Open area,Human Error,No,Fatal,Vehicle to Vehicle,Not at  Junction,Others,NH,Bitumen(Tar),Dry,No influence on accident,Fine,DBpur-Devanahalli NH-207 Road near Hamam Gate,Near Hamam Gate Raghunathapura,5 KM,13.304302,77.559136,0,0,0.0,0.0
Bengaluru Dist,Doddaballapura Rural PS,1.0442e+16,2019,1,2,Road Accidents,Not Applicable,Rural Areas,Open area,Not Applicable,Yes,Simple Injury,Not Applicable,Not Applicable,Others,NH,Not Applicable,Others,Not Applicable,Others,Doddaballapura Dabaspete Road Near Kodigehalli Ittige Factory,Yes,8KMS,13.30266,77.518733,0,1,0.0,1.0
Bengaluru Dist,Doddaballapura Rural PS,1.0442e+16,2019,1,1,Road Accidents,Other,Not Applicable,Open area,Not Applicable,No,Damage Only,Others,Not Applicable,Others,Others,Not Applicable,Others,Not Applicable,Others,"Doddaballapura Gowribidanuru Raod Kantanakunte, Near, Gujari Angadi",Yes,6KM,13.333982,77.5324489,0,1,0.0,1.0
Bengaluru Dist,Doddaballapura Rural PS,1.0442e+16,2019,1,1,Not Applicable,Not Applicable,Rural Areas,Open area,Not Applicable,Not Applicable,Damage Only,Not Applicable,Not Applicable,Not Applicable,Residential Street,Gravel,Dry,Not Applicable,Clear,Tubagere,Near Tree,21,13.368862,77.577771,0,0,3.0,3.0
Bengaluru Dist,Doddaballapura Rural PS,1.0442e+16,2019,1,2,Road Accidents,Not Applicable,Rural Areas,Open area,Not Applicable,Not Applicable,Simple Injury,Vehicle to Vehicle,Not Applicable,Others,Others,Bitumen(Tar),Dry,Not Applicable,Clear,Doddaballapura -  SS Ghati Road,Near Munianjinappa Land,15,13.335788,77.531245,0,0,0.0,0.0
Bengaluru Dist,Doddaballapura Rural PS,1.0442e+16,2019,1,2,Road Accidents,Narrow road,Rural Areas,Open area,Not Applicable,Not Applicable,Simple Injury,Hit bicyclist,No signal lights,Others,NH,Bitumen(Tar),Dry,Not Applicable,Clear,Doddaballapura Devanahalli Road,Lakshmivenkateswar kalyana mantapa,32.3,13.30705,77.564153,0,0,0.0,0.0
Bengaluru Dist,Doddaballapura Rural PS,1.0442e+16,2019,1,1,Not Applicable,Not Applicable,Not Applicable,Open area,Vehicle Defect,No,Grievous Injury,Not Applicable,Not Applicable,Others,Others,Not Applicable,Others,Not Applicable,Others,Doddaballapura Gowribidanuru Raod Near Melinanayakandarahalli Gate Down,Yes,12km,13.412572,77.511273,0,1,0.0,1.0
Bengaluru Dist,Doddaballapura Rural PS,1.0442e+16,2019,1,1,Road Accidents,Narrow road,Rural Areas,Open area,Not Applicable,Not Applicable,Grievous Injury,Not Applicable,Not Applicable,Others,Others,Bitumen(Tar),Dry,Not Applicable,Clear,Konghatta Doddaballapura Road Near Hamam Villege,Near Ramanjinappas Land,10 Ms,13.30384,77.559506,0,0,0.0,0.0
Bengaluru Dist,Doddaballapura Rural PS,1.0442e+16,2019,1,2,Road Accidents,Not Applicable,Rural Areas,Near School or College,Not Applicable,Not Applicable,Damage Only,Vehicle to Vehicle,No signal lights,Not Applicable,NH,Bitumen(Tar),Dry,Not Applicable,Fine,DODDABALLAPURA-DEVANAHALLI,Near Colloge Gate,23,13.284848,77.599396,0,0,0.0,0.0
Bengaluru Dist,Doddaballapura Rural PS,1.0442e+16,2019,1,2,Road Accidents,Narrow road,Rural Areas,Near Petrol Pump,Human Error,Not Applicable,Fatal,Vehicle to Vehicle,Not Applicable,Not Applicable,One way,Not Applicable,Dry,Not Applicable,Not Applicable,Doddaballapur-Chikkaballapur,Rajghatta near Anjaneya swami temple front of HP petrol bunk,40,13.328717,77.598726,0,0,0.0,0.0
Bengaluru Dist,Doddaballapura Rural PS,1.0442e+16,2019,1,1,Road Accidents,Narrow road,Rural Areas,Open area,Human Error,Yes,Fatal,Hit pedestrian,Uncontrolled,Straight and flat,NH,Bitumen(Tar),Dry,No influence on accident,Fine,NH,Sandhya Farm Near,4km,13.288174,77.576615,0,0,0.0,0.0
Bengaluru Dist,Doddaballapura Rural PS,1.0442e+16,2019,1,1,Road Accidents,Narrow road,Rural Areas,Open area,Not Applicable,No,Simple Injury,Hit bicyclist,Not Applicable,Others,NH,Bitumen(Tar),Dry,Not Applicable,Clear,Doddaballapura Devanahalli Road,Near J K Paints Factory,36,13.288038,77.577013,0,0,0.0,0.0
Bengaluru Dist,Doddaballapura Rural PS,1.0442e+16,2019,1,2,Road Accidents,Other,Not Applicable,Near a factory industrial area,Not Applicable,Not Applicable,Grievous Injury,Not Applicable,Not Applicable,Not Applicable,Others,Bitumen(Tar),Dry,Not Applicable,Clear,Doddaballapura Varadanahalli Road,FFI Factory,34,13.285009,77.598344,0,0,0.0,0.0
Bengaluru Dist,Doddaballapura Rural PS,1.0442e+16,2019,1,1,Road Accidents,Other,Rural Areas,Open area,Not Applicable,No,Not Applicable,Skidding or Self accident,Not Applicable,Slight Curve,Others,Bitumen(Tar),Dry,Not Applicable,Fine,Other Road,Near Roja Farm,4 K.M,13.297641,77.533204,0,0,0.0,0.0
Bengaluru Dist,Doddaballapura Rural PS,1.0442e+16,2019,1,2,Road Accidents,Cross roads,Rural Areas,Residential area,Not Applicable,Not Applicable,Simple Injury,Vehicle to Vehicle,Not Applicable,Not Applicable,Others,Bitumen(Tar),Dry,Not Applicable,Clear,Dargajogahalli roda,Mangalya Kalyana Mantapa,9,13.297692,77.529875,0,0,0.0,0.0
Bengaluru Dist,Doddaballapura Rural PS,1.0442e+16,2019,1,1,Road Accidents,Circle,Rural Areas,Near Bus stop,Not Applicable,Not Applicable,Grievous Injury,Hit pedestrian,Not Applicable,Others,Residential Street,Bitumen(Tar),Dry,Not Applicable,Clear,Tubagere-Gantaganahalli,KEB POLL,28,13.369248,77.578491,0,0,0.0,0.0
Bengaluru Dist,Doddaballapura Rural PS,1.0442e+16,2019,1,2,Road Accidents,Narrow road,Rural Areas,Near Bus stop,Human Error,No,Fatal,Vehicle to Vehicle,Not at  Junction,Others,Others,Bitumen(Tar),Dry,No influence on accident,Fine,DBpura To SS Ghati Road,Thirumagondanahalli Bus stop Near,8,13.352999,77.5379629,0,0,0.0,0.0
Bengaluru Dist,Doddaballapura Rural PS,1.0442e+16,2019,1,2,Road Accidents,Cross roads,Rural Areas,Near a factory industrial area,Not Applicable,Not Applicable,Simple Injury,Not Applicable,Not Applicable,Not Applicable,State Highway,Bitumen(Tar),Not Applicable,Not Applicable,Not Applicable,Doddaballapura Benagaluru Raod,Near Aperal park,7kms,13.269411,77.558216,0,0,0.0,0.0
Bengaluru Dist,Doddaballapura Rural PS,1.0442e+16,2019,1,2,Road Accidents,Not Applicable,Rural Areas,Near or inside a village,Human Error,No,Fatal,Vehicle to Vehicle,Not Applicable,Others,Others,Bitumen(Tar),Dry,Not Applicable,Fine,Village road,Near Somashettihalli village infront of Narayanappa House,15 KM,13.338278,77.47046,0,0,0.0,0.0
Bengaluru Dist,Doddaballapura Rural PS,1.0442e+16,2019,1,2,Road Accidents,Narrow road,Rural Areas,Open area,Not Applicable,Not Applicable,Damage Only,Not Applicable,Not Applicable,Not Applicable,NH,Bitumen(Tar),Dry,Not Applicable,Clear,DODDABALLAPURA-DEVANAHALLI,Electricale pole,33,13.288565,77.57716,0,0,0.0,0.0
Bengaluru Dist,Doddaballapura Rural PS,1.0442e+16,2019,1,1,Road Accidents,Cross roads,Rural Areas,Near Bus stop,Not Applicable,Yes,Grievous Injury,Not Applicable,Not Applicable,Others,Others,Not Applicable,Not Applicable,Not Applicable,Others,Doddaballapura SS Ghati Road Laghumenahalli Gate,Yes,12kms,13.349307,77.640845,0,0,0.0,0.0
Bengaluru Dist,Doddaballapura Rural PS,1.0442e+16,2019,1,1,Road Accidents,Not Applicable,Rural Areas,Near or inside a village,Human Error,No,Grievous Injury,Hit pedestrian,Not Applicable,Not Applicable,Others,Bitumen(Tar),Dry,Not Applicable,Fine,Other Road,Kanivepura,15 KM,13.368615,77.578962,0,0,0.0,0.0
Bengaluru Dist,Doddaballapura Rural PS,1.0442e+16,2019,1,1,Road Accidents,Not Applicable,Rural Areas,Near a factory industrial area,Human Error,No,Fatal,Hit pedestrian,Not Applicable,Straight and flat,NH,Bitumen(Tar),Dry,Not Applicable,Fine,NH,Infront of L&T Factory,5 KM,13.287161,77.577749,0,0,0.0,0.0
Bengaluru Dist,Doddaballapura Rural PS,1.0442e+16,2019,1,1,Road Accidents,Not Applicable,Rural Areas,Open area,Not Applicable,Not Applicable,Simple Injury,Not Applicable,Not Applicable,Not Applicable,State Highway,Bitumen(Tar),Ditch or Potholed,Not Applicable,Clear,Bengaluru Doddaballapura raod,Near Alankar paradice,200 Ms,13.27844,77.550843,0,5,0.0,5.0
Bengaluru Dist,Doddaballapura Rural PS,1.0442e+16,2019,1,2,Road Accidents,Not Applicable,Rural Areas,Near Petrol Pump,Not Applicable,Not Applicable,Damage Only,Vehicle to Vehicle,Not Applicable,Not Applicable,State Highway,Bitumen(Tar),Dry,Not Applicable,Clear,Bengaluru-Doddaballapura,Bharat petrolim bank,48.3,13.263569,77.552848,0,0,0.0,0.0
Bengaluru Dist,Doddaballapura Rural PS,1.0442e+16,2019,1,1,Road Accidents,Circle,Rural Areas,Near Bus stop,Not Applicable,Not Applicable,Simple Injury,Hit pedestrian,Not Applicable,Not Applicable,NH,Not Applicable,Not Applicable,Not Applicable,Clear,NH,Circle,4 KM,13.316079,77.534291,0,0,0.0,0.0