DISTRICTNAME,UNITNAME,Crime_No,Year,RI,Noofvehicle_involved,Accident_Classification,Accident_Spot,Accident_Location,Accident_SubLocation,Main_Cause,Hit_Run,Severity,Collision_Type,Junction_Control,Road_Character,Road_Type,Surface_Type,Surface_Condition,Road_Condition,Weather,Accident_Road,Landmark_first,Distance_LandMark_First,Latitude,Longitude,Road_Condition_Score,Surface_Condition_Score,Surface_Type_Score,Road_Risk_Index
Bengaluru Dist,Doddaballapura Rural PS,1.0442e+16,2020,1,2,Road Accidents,Narrow road,Rural Areas,Near Hospital,Human Error,Not Applicable,Simple Injury,Vehicle to Vehicle,Not at  Junction,Not Applicable,Two way,Bitumen(Tar),Dry,Not Applicable,Fine,Tar road,Oposit Colambiy clinic,5 km,13.269041,77.552637,0,0,0.0,0.0
Bengaluru Dist,Doddaballapura Rural PS,1.0442e+16,2020,1,2,Road Accidents,Narrow road,Rural Areas,Near Petrol Pump,Human Error,No,Grievous Injury,Vehicle to Vehicle,Not Applicable,Straight and flat,State Highway,Bitumen(Tar),Dry,Not Applicable,Fine,"Doddaballapura Dabaspete Road, Near Kurubarahalli Petrol Bunk",Yes,5 Kms,13.436931,77.518332,0,0,0.0,0.0
Bengaluru Dist,Doddaballapura Rural PS,1.0442e+16,2020,1,1,Road Accidents,Narrow road,Rural Areas,Open area,Human Error,Yes,Fatal,Hit pedestrian,Not at  Junction,Others,State Highway,Bitumen(Tar),Wet,No influence on accident,Fine,Bangalore-Doddaballapur Road,S Sudheer trailer way bridge,6 KM,13.27259,77.552371,0,3,0.0,3.0
Bengaluru Dist,Doddaballapura Rural PS,1.0442e+16,2020,1,1,Road Accidents,Narrow road,Rural Areas,Open area,Human Error,No,Fatal,Hit pedestrian,Not at  Junction,Others,State Highway,Bitumen(Tar),Dry,No influence on accident,Fine,Gowribidanuru-Doddaballapura Road,Near Hasanaghatta Kodi Setuve,6 KM,13.3265,77.53325,0,0,0.0,0.0
Bengaluru Dist,Doddaballapura Rural PS,1.0442e+16,2020,1,2,Road Accidents,Narrow road,Rural Areas,Open area,Human Error,No,Fatal,Vehicle to Vehicle,Not at  Junction,Others,Two way,Bitumen(Tar),Dry,No influence on accident,Fine,DBpura-Gowribidanuru Road,Near Kantanakunte,7 km,13.320993,77.564975,0,0,0.0,0.0
Bengaluru Dist,Doddaballapura Rural PS,1.0442e+16,2020,1,1,Road Accidents,Narrow road,Rural Areas,Open area,Human Error,Yes,Fatal,Hit pedestrian,Not at  Junction,Others,State Highway,Bitumen(Tar),Dry,No influence on accident,Fine,Gowribidanuru-Doddaballapura Road,infront Of Echer Gyarej,4 KM,13.276455,77.514905,0,0,0.0,0.0
Bengaluru Dist,Doddaballapura Rural PS,1.0442e+16,2020,1,2,Road Accidents,Narrow road,Rural Areas,Near Bus stop,Human Error,No,Fatal,Vehicle to Vehicle,Not at  Junction,Straight and flat,State Highway,Bitumen(Tar),Dry,No influence on accident,Fine,Bangalore-DBpura Road,Aperal Park Gate Bus Stop Front,6 KM,13.272705,77.552346,0,0,0.0,0.0
Bengaluru Dist,Doddaballapura Rural PS,1.0442e+16,2020,1,1,Road Accidents,Circle,Rural Areas,Near Bus stop,Not Applicable,No,Grievous Injury,Not Applicable,Stop sign,Others,State Highway,Bitumen(Tar),Dry,Not Applicable,Clear,Doddaballapura-Gowribidanuru Road,Near Melinanaykandrahalli Bus stop,12,13.38373,77.508318,0,0,0.0,0.0
Bengaluru Dist,Doddaballapura Rural PS,1.0442e+16,2020,1,1,Road Accidents,Circle,Rural Areas,Open area,Not Applicable,Yes,Fatal,Hit pedestrian,Not Applicable,Others,State Highway,Bitumen(Tar),Dry,Not Applicable,Clear,Gowribidanuru - Doddaballapura Road,Near RMC Market,2 KMS,13.31289,77.539818,0,0,0.0,0.0
Bengaluru Dist,Doddaballapura Rural PS,1.0442e+16,2020,1,2,Road Accidents,Cross roads,Rural Areas,Near Bus stop,Human Error,No,Grievous Injury,Vehicle to Vehicle,Not Applicable,Not Applicable,Two way,Not Applicable,Not Applicable,Not Applicable,Fine,State Hiwya,U trun,5 KM,13.386733,77.560679,0,0,0.0,0.0
Bengaluru Dist,Doddaballapura Rural PS,1.0442e+16,2020,1,2,Road Accidents,Circle,Rural Areas,Near a factory industrial area,Human Error,No,Damage Only,Vehicle to Vehicle,Uncontrolled,Curve,State Highway,Bitumen(Tar),Dry,Not Applicable,Clear,Bangalore- Doddaballapura,Factory Circle,6 km,13.246071,77.5526639,0,0,0.0,0.0
Bengaluru Dist,Doddaballapura Rural PS,1.0442e+16,2020,1,1,Not Applicable,Circle,City/Town,Open area,Human Error,Yes,Fatal,Hit bicyclist,Not Applicable,Not Applicable,NH,Not Applicable,Not Applicable,Not Applicable,Fine,Fine,3,3,13.316583,77.5533529,0,0,0.0,0.0
Bengaluru Dist,Doddaballapura Rural PS,1.0442e+16,2020,1,1,Road Accidents,Curves,Rural Areas,Open area,Human Error,No,Fatal,Not Applicable,Not at  Junction,Curve,Others,Bitumen(Tar),Dry,No influence on accident,Fine,Gowribidanur-Doddalabbapura Road,Makalidurga railway bridge near,12 km,13.312332,77.602691,0,0,0.0,0.0
Bengaluru Dist,Doddaballapura Rural PS,1.0442e+16,2020,1,2,Road Accidents,Narrow road,Rural Areas,Open area,Human Error,No,Fatal,Vehicle to Vehicle,Not at  Junction,Others,Others,Bitumen(Tar),Dry,No influence on accident,Fine,Kodigehalli Hamam Road,Near Suresh House,5 KM,13.400124,77.561889,0,0,0.0,0.0
Bengaluru Dist,Doddaballapura Rural PS,1.0442e+16,2020,1,2,Road Accidents,Narrow road,Rural Areas,Open area,Not Applicable,No,Simple Injury,Vehicle to Vehicle,Uncontrolled,Others,Others,Not Applicable,Others,Not Applicable,Others,Other Road,Near Hadonahalli,10 KM,13.368554,77.5451469,0,1,0.0,1.0
Bengaluru Dist,Doddaballapura Rural PS,1.0442e+16,2020,1,1,Rail Road Accidents,Narrow road,Rural Areas,Near Bus stop,Not Applicable,Not Applicable,Grievous Injury,Not Applicable,Not Applicable,Others,State Highway,Bitumen(Tar),Dry,Not Applicable,Clear,Gowribidanuru - Doddaballapura Road,Nrear Busstop,18,13.348499,77.52285,0,0,0.0,0.0
Bengaluru Dist,Doddaballapura Rural PS,1.0442e+16,2020,1,2,Road Accidents,Cross roads,Rural Areas,Open area,Human Error,No,Simple Injury,Vehicle to Vehicle,Not at  Junction,Curve,State Highway,Not Applicable,Not Applicable,Not Applicable,Fine,Fine,Near bridge,14,13.434609,77.496434,0,0,0.0,0.0
Bengaluru Dist,Doddaballapura Rural PS,1.0442e+16,2020,1,2,Road Accidents,Narrow road,Rural Areas,Open area,Human Error,Yes,Fatal,Vehicle to Vehicle,Not at  Junction,Others,Others,Bitumen(Tar),Dry,No influence on accident,Fine,Doddaballapura-Linganhalli Road,Vijayakumar Land near,5 KM,13.320562,77.618242,0,0,0.0,0.0
Bengaluru Dist,Doddaballapura Rural PS,1.0442e+16,2020,1,1,Road Accidents,Narrow road,Rural Areas,Open area,Human Error,No,Simple Injury,Vehicle to Vehicle,Not Applicable,Others,One way,Not Applicable,Dry,Not Applicable,Not Applicable,Fine,Road Near Bus stop,8 KM,13.433111,77.4988379,0,0,0.0,0.0
Bengaluru Dist,Doddaballapura Rural PS,1.0442e+16,2020,1,1,Road Accidents,Narrow road,City/Town,Open area,Human Error,No,Fatal,Not Applicable,Not at  Junction,Straight and flat,Others,Bitumen(Tar),Dry,No influence on accident,Fine,Alahalli-Doddaballapura Road,Prakash Land Near,5 KM,13.281146,77.531719,0,0,0.0,0.0
Bengaluru Dist,Doddaballapura Rural PS,1.0442e+16,2020,1,2,Road Accidents,Narrow road,Rural Areas,Residential area,Human Error,No,Fatal,Vehicle to Vehicle,Not at  Junction,Others,Others,Bitumen(Tar),Dry,No influence on accident,Fine,DBPura*Kodihalli,Near Ravikumar House,8 KM,13.310992,77.588406,0,0,0.0,0.0
Bengaluru Dist,Doddaballapura Rural PS,1.0442e+16,2020,1,2,Road Accidents,Circle,Rural Areas,Near Bus stop,Not Applicable,No,Grievous Injury,Vehicle to Vehicle,Not Applicable,Others,State Highway,Bitumen(Tar),Dry,Not Applicable,Clear,Gowribidanuru -Doddaballapura Road,Near Melinanaykandrahalli Bus stop,10 KM,13.383908,77.506993,0,0,0.0,0.0
Bengaluru Dist,Doddaballapura Rural PS,1.0442e+16,2020,1,2,Not Applicable,Circle,Rural Areas,Near Petrol Pump,Human Error,Yes,Fatal,Vehicle to Vehicle,Not Applicable,Not Applicable,State Highway,Not Applicable,Not Applicable,Not Applicable,Fine,Fine,8,8,13.372135,77.509528,0,0,0.0,0.0
Bengaluru Dist,Doddaballapura Rural PS,1.0442e+16,2020,1,1,Road Accidents,Narrow road,Rural Areas,Near Bus stop,Human Error,No,Simple Injury,Hit pedestrian,Not Applicable,Not Applicable,One way,Not Applicable,Others,Not Applicable,Fine,Fine,Narow Road,5 KM,13.277509,77.522454,0,1,0.0,1.0
Bengaluru Dist,Doddaballapura Rural PS,1.0442e+16,2020,1,1,Road Accidents,Narrow road,Rural Areas,Open area,Vehicle Defect,No,Grievous Injury,Hit pedestrian,Uncontrolled,Others,NH,Not Applicable,Others,Not Applicable,Others,NH 207,KV Narayana Layout,30,13.28885,77.577985,0,1,0.0,1.0
Bengaluru Dist,Doddaballapura Rural PS,1.0442e+16,2020,1,1,Not Applicable,Not Applicable,Rural Areas,Open area,Not Applicable,Not Applicable,Fatal,Hit pedestrian,Not Applicable,Straight and flat,State Highway,Bitumen(Tar),Dry,Not Applicable,Clear,Near Prakruti Brundavana Layout,Near Prakruti Brundavana Layout,10 KM,13.23677,77.551009,0,0,0.0,0.0
Bengaluru Dist,Doddaballapura Rural PS,1.0442e+16,2020,1,1,Road Accidents,Narrow road,Rural Areas,Open area,Human Error,No,Fatal,Not Applicable,Not at  Junction,Straight and flat,Others,Bitumen(Tar),Dry,No influence on accident,Fine,Vivekanandanagara-Chikkatumakuru Road,Nead Mukthidhama Compound,5 KM,13.271208,77.5335679,0,0,0.0,0.0
Bengaluru Dist,Doddaballapura Rural PS,1.0442e+16,2020,1,1,Road Accidents,Cross roads,Rural Areas,Near School or College,Human Error,Yes,Simple Injury,Not Applicable,Not Applicable,Not Applicable,State Highway,Not Applicable,Others,Not Applicable,Fine,Fine,Fine,6,13.269073,77.552453,0,1,0.0,1.0
Bengaluru Dist,Doddaballapura Rural PS,1.0442e+16,2020,1,2,Road Accidents,Narrow road,Rural Areas,Open area,Human Error,Not Applicable,Fatal,Vehicle to Vehicle,Uncontrolled,Others,State Highway,Bitumen(Tar),Dry,Not Applicable,Fine,Doddaballapura Gowribidanuru,Dodda Mori,14 KM,13.321362,77.565396,0,0,0.0,0.0
Bengaluru Dist,Doddaballapura Rural PS,1.0442e+16,2020,1,2,Road Accidents,Narrow road,Rural Areas,Near Bus stop,Human Error,No,Simple Injury,Vehicle to Vehicle,Not Applicable,Not Applicable,NH,Not Applicable,Not Applicable,Not Applicable,Fine,Road,Bridge,15 KM,13.304479,77.524709,0,0,0.0,0.0
Bengaluru Dist,Doddaballapura Rural PS,1.0442e+16,2020,1,2,Road Accidents,Circle,Rural Areas,Near a factory industrial area,Human Error,No,Damage Only,Vehicle to Vehicle,Not Applicable,Straight and flat,State Highway,Bitumen(Tar),Dry,Not Applicable,Fine,NO,singnal light,10feet,13.251266,77.5540479,0,0,0.0,0.0
Bengaluru Dist,Doddaballapura Rural PS,1.0442e+16,2020,1,1,Road Accidents,Not Applicable,Rural Areas,Open area,Vehicle Defect,Not Applicable,Simple Injury,Not Applicable,Uncontrolled,Not Applicable,State Highway,Not Applicable,Not Applicable,Not Applicable,Others,SH9,Gunjuru Toll,16 KM,13.428917,77.513737,0,0,0.0,0.0
Bengaluru Dist,Doddaballapura Rural PS,1.0442e+16,2020,1,2,Road Accidents,Narrow road,Rural Areas,Open area,Not Applicable,No,Fatal,Vehicle to Vehicle,Uncontrolled,Others,State Highway,Not Applicable,Others,Not Applicable,Others,SH,Gunjuru Villege,30,13.42642,77.513516,0,1,0.0,1.0
Bengaluru Dist,Doddaballapura Rural PS,1.0442e+16,2020,1,1,Road Accidents,Not Applicable,Rural Areas,Near Bus stop,Not Applicable,No,Simple Injury,Not Applicable,Not at  Junction,Not Applicable,One way,Bitumen(Tar),Dry,Not Applicable,Clear,Dabaspete-Doddaballapura,0,08 km,13.300657,77.495554,0,0,0.0,0.0
Bengaluru Dist,Doddaballapura Rural PS,1.0442e+16,2020,1,1,Road Accidents,Not Applicable,Rural Areas,Open area,Not Applicable,Not Applicable,Fatal,Not Applicable,Not Applicable,Straight and flat,State Highway,Bitumen(Tar),Dry,Not Applicable,Clear,DB Pura-Gowribidanuru Road,Near Bachahalli gate,8 KM,13.370445,77.511946,0,0,0.0,0.0
Bengaluru Dist,Doddaballapura Rural PS,1.0442e+16,2021,1,2,Road Accidents,Narrow road,City/Town,Open area,Human Error,Not Applicable,Grievous Injury,Vehicle to Vehicle,Not Applicable,Not Applicable,NH,Not Applicable,Others,Not Applicable,Others,Kodigehalli-Mestrumane Cross,Munishyamaiah Land,5 Kms,13.302693,77.506854,0,1,0.0,1.0
Bengaluru Dist,Doddaballapura Rural PS,1.0442e+16,2021,1,2,Not Applicable,Junction,Rural Areas,Near office complex,Vehicle Defect,No,Grievous Injury,Vehicle to Vehicle,Uncontrolled,Straight and flat,Others,Bitumen(Tar),Dry,No influence on accident,Clear,Doddaballapura-Kodigehallai Road,Oposit Ravi Wines,06 km,13.302312,77.513708,0,0,0.0,0.0
Bengaluru Dist,Doddaballapura Rural PS,1.0442e+16,2021,1,2,Road Accidents,Narrow road,Rural Areas,Near Petrol Pump,Human Error,No,Fatal,Vehicle to Vehicle,Not at  Junction,Others,State Highway,Bitumen(Tar),Dry,No influence on accident,Fine,D.B.Pura-Bangalore Road,Near Mamatha Petrol Bank,6 Km,13.380274,77.575459,0,0,0.0,0.0
Bengaluru Dist,Doddaballapura Rural PS,1.0442e+16,2021,1,2,Road Accidents,Narrow road,Rural Areas,Near Petrol Pump,Human Error,No,Fatal,Vehicle to Vehicle,Not Applicable,Not Applicable,NH,Bitumen(Tar),Dry,Not Applicable,Clear,State High way,land,5 km,13.322854,77.589921,0,0,0.0,0.0
Bengaluru Dist,Doddaballapura Rural PS,1.0442e+16,2021,1,2,Road Accidents,Narrow road,Rural Areas,Open area,Not Applicable,Not Applicable,Fatal,Vehicle to Vehicle,Not Applicable,Others,One way,Not Applicable,Dry,Not Applicable,Fine,Fine,4,4,13.336043,77.531662,0,0,0.0,0.0
Bengaluru Dist,Doddaballapura Rural PS,1.0442e+16,2021,1,2,Not Applicable,Not Applicable,Rural Areas,Near a factory industrial area,Human Error,Not Applicable,Simple Injury,Not Applicable,Not Applicable,Not Applicable,Not Applicable,Not Applicable,Others,Not Applicable,Not Applicable,Tulasiyan-Bank circle Police Out Post Layout Road,Bank Circle,6 KM,13.257621,77.553634,0,1,0.0,1.0
Bengaluru Dist,Doddaballapura Rural PS,1.0442e+16,2021,1,1,Not Applicable,Narrow road,Rural Areas,Near School or College,Not Applicable,Yes,Fatal,Hit animal,Not Applicable,Others,Others,Not Applicable,Others,Not Applicable,Others,Infront Of Kodihalli School Road,Kodihalli School Near,5 Kms,0.0,0.0,0,1,0.0,1.0
Bengaluru Dist,Doddaballapura Rural PS,1.0442e+16,2021,1,1,Road Accidents,Curves,Rural Areas,Near or inside a village,Human Error,No,Fatal,Not Applicable,Not Applicable,Curve,One way,Not Applicable,Dry,Not Applicable,Not Applicable,NH,8 KM,15,13.416636,77.510997,0,0,0.0,0.0
Bengaluru Dist,Doddaballapura Rural PS,1.0442e+16,2021,1,2,Road Accidents,Not Applicable,Rural Areas,Near a factory industrial area,Not Applicable,No,Fatal,Vehicle to Vehicle,Not Applicable,Not Applicable,Others,Not Applicable,Others,Not Applicable,Not Applicable,fine,Near Scout Camp Road,10 KM,13.274589,77.556077,0,1,0.0,1.0
Bengaluru Dist,Doddaballapura Rural PS,1.0442e+16,2021,1,2,Road Accidents,Narrow road,Rural Areas,Near Bus stop,Human Error,No,Fatal,Vehicle to Vehicle,Not Applicable,Not Applicable,State Highway,Bitumen(Tar),Others,Not Applicable,Others,State Highway,THASIHALLY GATE,10 KM,13.34878,77.526977,0,1,0.0,1.0
Bengaluru Dist,Doddaballapura Rural PS,1.0442e+16,2021,1,2,Not Applicable,Narrow road,City/Town,Near a factory industrial area,Human Error,Not Applicable,Simple Injury,Vehicle to Vehicle,Not Applicable,Incline,State Highway,Not Applicable,Not Applicable,Not Applicable,Others,Doddaballapura- Bangalore Road,Road Devider,5 Km,13.25875,77.552654,0,0,0.0,0.0
Bengaluru Dist,Doddaballapura Rural PS,1.0442e+16,2021,1,2,Road Accidents,Narrow road,Rural Areas,Open area,Not Applicable,No,Grievous Injury,Vehicle to Vehicle,Not Applicable,Not Applicable,NH,Bitumen(Tar),Dry,Not Applicable,Clear,fine,Near Doddamma Temple,3 KM,13.269039,77.5650859,0,0,0.0,0.0
Bengaluru Dist,Doddaballapura Rural PS,1.0442e+16,2021,1,1,Road Accidents,Circle,Rural Areas,Near Bus stop,Not Applicable,No,Fatal,Hit pedestrian,Not Applicable,Others,State Highway,Bitumen(Tar),Dry,Not Applicable,Clear,Bangalore Doddaballapura Road,Near Bank Crical,5 kMS,13.262535,77.552808,0,0,0.0,0.0
Bengaluru Dist,Doddaballapura Rural PS,1.0442e+16,2021,1,2,Road Accidents,Road hump or Rumble strips,Rural Areas,Open area,Vehicle Defect,Not Applicable,Damage Only,Vehicle to Vehicle,Not Applicable,Not Applicable,State Highway,Not Applicable,Not Applicable,Not Applicable,Clear,fine,HAMAM Gate Near KEB,5km,13.306599,77.565712,0,0,0.0,0.0
Bengaluru Dist,Doddaballapura Rural PS,1.0442e+16,2021,1,1,Road Accidents,Curves,Rural Areas,At pedestrian Crossing,Vehicle Defect,No,Simple Injury,Not Applicable,Uncontrolled,Crest of hill,Forest Road,Bitumen(Tar),Dry,Not Applicable,Clear,doddahalla,doddahalla,5,13.369429,77.545909,0,0,0.0,0.0
Bengaluru Dist,Doddaballapura Rural PS,1.0442e+16,2021,1,1,Not Applicable,Narrow road,Rural Areas,Open area,Human Error,Not Applicable,Fatal,Not Applicable,Not Applicable,Hump,Not Applicable,Not Applicable,Dry,Not Applicable,Not Applicable,"Chikkaballapura-Doddaballapur Road, Melekote Cross",Malekote Circle,10Kms,13.347065,77.62372,0,0,0.0,0.0
Bengaluru Dist,Doddaballapura Rural PS,1.0442e+16,2021,1,1,Road Accidents,Not Applicable,Rural Areas,Open area,Not Applicable,No,Fatal,Not Applicable,Not Applicable,Others,Others,Bitumen(Tar),Dry,Not Applicable,Clear,Hadonahalli,Hadonahalli,10 KM,13.368278,77.544022,0,0,0.0,0.0
Bengaluru Dist,Doddaballapura Rural PS,1.0442e+16,2021,1,2,Road Accidents,Not Applicable,Rural Areas,Open area,Human Error,No,Grievous Injury,Vehicle to Vehicle,Not Applicable,Others,State Highway,Bitumen(Tar),Dry,Not Applicable,Clear,Chikkaballapura - Doddaballapura Road,Near Chowdeshwari Estate,5 kms,13.328205,77.597059,0,0,0.0,0.0
Bengaluru Dist,Doddaballapura Rural PS,1.0442e+16,2021,1,2,Road Accidents,Cross roads,Rural Areas,Open area,Not Applicable,Not Applicable,Grievous Injury,Vehicle to Vehicle,Not Applicable,Others,State Highway,Bitumen(Tar),Dry,Not Applicable,Clear,Doddaballapura - Nelamangala Road,Near Kadanuru Cross,12 KMS,13.25301,77.488386,0,0,0.0,0.0
Bengaluru Dist,Doddaballapura Rural PS,1.0442e+16,2021,1,2,Road Accidents,Narrow road,Rural Areas,Near Petrol Pump,Human Error,No,Simple Injury,Vehicle to Vehicle,Not Applicable,Not Applicable,One way,Not Applicable,Dry,Not Applicable,Very Hot,fine,brekas,4,13.320754,77.563266,0,0,0.0,0.0
Bengaluru Dist,Doddaballapura Rural PS,1.0442e+16,2021,1,2,Road Accidents,Not Applicable,Rural Areas,Near Petrol Pump,Not Applicable,No,Simple Injury,Vehicle to Vehicle,Not Applicable,Others,State Highway,Bitumen(Tar),Dry,Not Applicable,Clear,Bangalore Doddaballapura Road,Near Bharat Petrol Bunk,4 KMS,13.269036,77.552292,0,0,0.0,0.0
Bengaluru Dist,Doddaballapura Rural PS,1.0442e+16,2021,1,1,Road Accidents,Not Applicable,Rural Areas,Open area,Human Error,No,Fatal,Not Applicable,Not Applicable,Not Applicable,State Highway,Bitumen(Tar),Dry,Not Applicable,Clear,Railway Bridge,Railway Bridge,6,13.250138,77.553606,0,0,0.0,0.0
Bengaluru Dist,Doddaballapura Rural PS,1.0442e+16,2021,1,1,Road Accidents,Narrow road,Rural Areas,Residential area,Human Error,Not Applicable,Fatal,Not Applicable,Not Applicable,Others,Others,Not Applicable,Others,Not Applicable,Others,SS Ghati-Gunjuru Road,Near Manjula Land,5 km,13.413455,77.518987,0,1,0.0,1.0
Bengaluru Dist,Doddaballapura Rural PS,1.0442e+16,2021,1,1,Road Accidents,Cross roads,Rural Areas,Open area,Not Applicable,No,Fatal,Not Applicable,Not Applicable,Curve,Not Applicable,Not Applicable,Dry,Not Applicable,Clear,Menasi road,near Rudramurthi from,10 KM,13.291165,77.490096,0,0,0.0,0.0
Bengaluru Dist,Doddaballapura Rural PS,1.0442e+16,2021,1,1,Road Accidents,Narrow road,Rural Areas,Open area,Not Applicable,Yes,Simple Injury,Hit pedestrian,Not Applicable,Not Applicable,Not Applicable,Not Applicable,Dry,Not Applicable,Clear,State Highway,8 KM,15 Kms,13.3472,77.527681,0,0,0.0,0.0
Bengaluru Dist,Doddaballapura Rural PS,1.0442e+16,2021,1,2,Road Accidents,Narrow road,Rural Areas,Near or inside a village,Human Error,No,Grievous Injury,Vehicle to Vehicle,Controlled,Curve,Others,Bitumen(Tar),Dry,Not Applicable,Clear,Konaghatta-Kaddipudi Factory Road,Near Anjaneya Temple,06 km,13.305236,77.599036,0,0,0.0,0.0
Bengaluru Dist,Doddaballapura Rural PS,1.0442e+16,2021,1,2,Road Accidents,Narrow road,Rural Areas,Open area,Human Error,No,Simple Injury,Vehicle to Vehicle,Uncontrolled,Others,State Highway,Bitumen(Tar),Dry,Not Applicable,Clear,State Highway,Narow Road,5 KM,13.300184,77.527223,0,0,0.0,0.0
Bengaluru Dist,Doddaballapura Rural PS,1.0442e+16,2021,1,2,Road Accidents,Not Applicable,Rural Areas,Near a factory industrial area,Not Applicable,No,Grievous Injury,Vehicle to Vehicle,Not Applicable,Others,NH,Bitumen(Tar),Dry,Not Applicable,Clear,Doddaballapura - Dabaspete Road,Near HMT Entereprises Halobricks Factory,3Kms,13.396105,77.498164,0,0,0.0,0.0
Bengaluru Dist,Doddaballapura Rural PS,1.0442e+16,2021,1,1,Road Accidents,Not Applicable,Rural Areas,Near Bus stop,Human Error,No,Fatal,Not Applicable,Not at  Junction,Others,NH,Not Applicable,Not Applicable,Not Applicable,Fine,State High way,8,8km,13.333638,77.531915,0,0,0.0,0.0
Bengaluru Dist,Doddaballapura Rural PS,1.0442e+16,2021,1,2,Road Accidents,Narrow road,City/Town,Open area,Human Error,No,Fatal,Vehicle to Vehicle,Not Applicable,Others,NH,Not Applicable,Not Applicable,Not Applicable,Fine,Fine,Doddaballapur To Dabaspete Road,10km,13.302633,77.48526,0,0,0.0,0.0
Bengaluru Dist,Doddaballapura Rural PS,1.0442e+16,2021,1,1,Road Accidents,Narrow road,Rural Areas,Open area,Not Applicable,No,Damage Only,Not Applicable,Not Applicable,Others,Others,Bitumen(Tar),Dry,Not Applicable,Clear,Doddaballapura- Jakkalamadagu Road,Near Narasimhanahallia Forest Area,15 Kms,13.38068,77.5891799,0,0,0.0,0.0
Bengaluru Dist,Doddaballapura Rural PS,1.0442e+16,2021,1,1,Road Accidents,Narrow road,Rural Areas,Near Petrol Pump,Not Applicable,Not Applicable,Grievous Injury,Not Applicable,Not Applicable,Not Applicable,State Highway,Bitumen(Tar),Dry,Not Applicable,Clear,DODDABALAPUR-GOWRIBIDANURU ROAD,NEAR COCONUT TREE,18,13.318381,77.536336,0,0,0.0,0.0
Bengaluru Dist,Doddaballapura Rural PS,1.0442e+16,2021,1,2,Road Accidents,Junction,Rural Areas,Near Hospital,Human Error,No,Simple Injury,Vehicle to Vehicle,Controlled,Slight Curve,Service Road,Bitumen(Tar),Dry,No influence on accident,Clear,Bangalore Doddaballapura Road,Bangalore Doddaballapura Road,06 km,13.268836,77.552214,0,0,0.0,0.0
Bengaluru Dist,Doddaballapura Rural PS,1.0442e+16,2021,1,1,Road Accidents,Narrow road,Rural Areas,Near School or College,Not Applicable,Yes,Simple Injury,Hit pedestrian,Not Applicable,Others,Others,Bitumen(Tar),Dry,Not Applicable,Clear,Manchenahalli - Doddaballapura,Near Complanet House,12,0.0,0.0,0,0,0.0,0.0
Bengaluru Dist,Doddaballapura Rural PS,1.0442e+16,2021,1,1,Road Accidents,Not Applicable,Rural Areas,Open area,Not Applicable,No,Fatal,Hit pedestrian,Not Applicable,Straight and flat,Others,Bitumen(Tar),Dry,Not Applicable,Clear,Melekote Sante Beedi,Melekote Sante Beedi,12 KM,0.0,0.0,0,0,0.0,0.0
Bengaluru Dist,Doddaballapura Rural PS,1.0442e+16,2021,1,2,Road Accidents,Narrow road,Rural Areas,Narrow bridge or culverts,Human Error,Not Applicable,Simple Injury,Vehicle to Vehicle,Not Applicable,Others,NH,Surfaced,Not Applicable,Not Applicable,Others,Doddaballapura-S.S.Ghati Road,Hungi Satish land,5km,13.25694,77.55293,0,0,,
Bengaluru Dist,Doddaballapura Rural PS,1.0442e+16,2021,1,1,Not Applicable,Not Applicable,Rural Areas,Open area,Not Applicable,No,Simple Injury,Not Applicable,Not Applicable,Straight and flat,State Highway,Bitumen(Tar),Dry,Not Applicable,Clear,Near Navodhaya School,Near Navodhaya School,5 KM,13.262627,77.553643,0,0,0.0,0.0
Bengaluru Dist,Doddaballapura Rural PS,1.0442e+16,2021,1,1,Road Accidents,Junction,Rural Areas,Near Bus stop,Not Applicable,Not Applicable,Fatal,Vehicle to Vehicle,Not Applicable,Others,NH,Bitumen(Tar),Dry,Not Applicable,Clear,DOBBASPET To DODDABALLAPURA,Near busstop,25,13.303327,77.511802,0,0,0.0,0.0
Bengaluru Dist,Doddaballapura Rural PS,1.0442e+16,2021,1,2,Road Accidents,Not Applicable,Rural Areas,Near Bus stop,Not Applicable,No,Fatal,Vehicle to Vehicle,Not Applicable,Not Applicable,Others,Not Applicable,Not Applicable,Not Applicable,Not Applicable,DB Pura-Gowribidanuru Road,brekas,10 KM,13.433111,77.498551,0,0,0.0,0.0
Bengaluru Dist,Doddaballapura Rural PS,1.0442e+16,2021,1,2,Road Accidents,Not Applicable,Rural Areas,Open area,Not Applicable,No,Grievous Injury,Not Applicable,Not Applicable,Not Applicable,One way,Not Applicable,Dry,Not Applicable,Clear,db pura-chikkabalapura road,near pindakurtimanahalli,5 KM,0.0,0.0,0,0,0.0,0.0