DISTRICTNAME,UNITNAME,Crime_No,Year,RI,Noofvehicle_involved,Accident_Classification,Accident_Spot,Accident_Location,Accident_SubLocation,Main_Cause,Hit_Run,Severity,Collision_Type,Junction_Control,Road_Character,Road_Type,Surface_Type,Surface_Condition,Road_Condition,Weather,Accident_Road,Landmark_first,Distance_LandMark_First,Latitude,Longitude,Road_Condition_Score,Surface_Condition_Score,Surface_Type_Score,Road_Risk_Index
Bengaluru Dist,Doddaballapura Rural PS,1.0442e+16,2022,1,2,Road Accidents,Not Applicable,Rural Areas,Open area,Human Error,No,Simple Injury,Vehicle to Vehicle,Not Applicable,Others,Major District Road,Bitumen(Tar),Others,Not Applicable,Others,Bengalore -Gowribidanuru,Near Makali dhurg road,500m,13.409539,77.511531,0,1,0.0,1.0
Bengaluru Dist,Doddaballapura Rural PS,1.0442e+16,2022,1,2,Not Applicable,Not Applicable,Rural Areas,Open area,Not Applicable,Not Applicable,Not Applicable,Hit bicyclist,Not Applicable,Not Applicable,Others,Not Applicable,Not Applicable,Not Applicable,Not Applicable,Melekote Sadumata Road,5,5,0.0,0.0,0,0,0.0,0.0
Bengaluru Dist,Doddaballapura Rural PS,1.0442e+16,2022,1,2,Road Accidents,Narrow road,Rural Areas,Open area,Human Error,Not Applicable,Not Applicable,Vehicle to Vehicle,Uncontrolled,Others,Others,Surfaced,Others,Not Applicable,Others,Doddaballapura - Jakkalamadagu Road,Near Narasimhanahalli Forest,5 KM,0.0,0.0,0,1,,
Bengaluru Dist,Doddaballapura Rural PS,1.0442e+16,2022,1,2,Road Accidents,Not Applicable,Rural Areas,Open area,Not Applicable,No,Damage Only,Vehicle to Vehicle,Not Applicable,Not Applicable,State Highway,Not Applicable,Dry,Not Applicable,Clear,gowribidanuru-hindupur road,petrol bunk,15 km,13.426784,77.513545,0,0,0.0,0.0
Bengaluru Dist,Doddaballapura Rural PS,1.0442e+16,2022,1,1,Road Accidents,Curves,Rural Areas,Near Petrol Pump,Not Applicable,Yes,Fatal,Hit pedestrian,Not Applicable,Curve,State Highway,Bitumen(Tar),Others,Not Applicable,Clear,BAGALORE DODDABALLAPURA ROAD,Front of Bashettialli Petrol Bunk,100m,13.263448,77.552882,0,1,0.0,1.0
Bengaluru Dist,Doddaballapura Rural PS,1.0442e+16,2022,1,2,Road Accidents,Circle,Rural Areas,Near a factory industrial area,Human Error,Yes,Simple Injury,Vehicle to Vehicle,Stop Sign,Others,State Highway,Bitumen(Tar),Dry,Not Applicable,Clear,"Doddaballapura - Bengalore road, Near Petrol Bunk",near circle,5,13.246204,77.552476,0,0,0.0,0.0
Bengaluru Dist,Doddaballapura Rural PS,1.0442e+16,2022,1,2,Road Accidents,Not Applicable,Rural Areas,Open area,Not Applicable,Not Applicable,Simple Injury,Hit bicyclist,Not Applicable,Not Applicable,NH,Not Applicable,Dry,Pot holed,Fine,Gouribidanur Benglur,5,5 Km,13.373524,77.507265,5,0,0.0,5.0
Bengaluru Dist,Doddaballapura Rural PS,1.0442e+16,2022,1,1,Road Accidents,Not Applicable,Rural Areas,Near Bus stop,Not Applicable,Yes,Simple Injury,Hit pedestrian,Not Applicable,Others,Two way,Bitumen(Tar),Others,Not Applicable,Not Applicable,Doddaballapur To Gouribidanoor Road Gundumgere Cross,Near Bus stop,10Kms,0.0,0.0,0,1,0.0,1.0
Bengaluru Dist,Doddaballapura Rural PS,1.0442e+16,2022,1,2,Road Accidents,Narrow road,Rural Areas,Open area,Human Error,Not Applicable,Simple Injury,Vehicle to Vehicle,Not Applicable,Others,Not Applicable,Kutcha,Others,Not Applicable,Others,"Jalappa Collage, Near Basaveshwara Samudaya Bhavana Road",Near Samudaya Bhavana Road,5KM,0.0,0.0,0,1,4.0,5.0
Bengaluru Dist,Doddaballapura Rural PS,1.0442e+16,2022,1,2,Road Accidents,Narrow road,Rural Areas,Residential area,Not Applicable,No,Simple Injury,Vehicle to Vehicle,Not Applicable,Others,Others,Bitumen(Tar),Dry,Not Applicable,Clear,doddaballapura kodihalli road,7,7,13.318862,77.535019,0,0,0.0,0.0
Bengaluru Dist,Doddaballapura Rural PS,1.0442e+16,2022,1,2,Road Accidents,Narrow road,Rural Areas,Open area,Human Error,No,Simple Injury,Vehicle to Vehicle,Uncontrolled,Not Applicable,Others,Bitumen(Tar),Dry,Not Applicable,Fine,Fine,Fine,8 KM,13.3382,77.47109,0,0,0.0,0.0
Bengaluru Dist,Doddaballapura Rural PS,1.0442e+16,2022,1,2,Road Accidents,Not Applicable,Rural Areas,Near a factory industrial area,Human Error,Not Applicable,Simple Injury,Vehicle to Vehicle,Uncontrolled,Others,Others,Not Applicable,Others,Not Applicable,Cloudy,Doddaballapura-Bengalore Road,Near Factory Circle,5 Km,13.24619,77.552583,0,1,0.0,1.0
Bengaluru Dist,Doddaballapura Rural PS,1.0442e+16,2022,1,2,Road Accidents,Not Applicable,Rural Areas,Near Petrol Pump,Human Error,Not Applicable,Fatal,Vehicle to Vehicle,Not Applicable,Others,State Highway,Surfaced,Muddy,Not Applicable,Others,"Doddaballapura-Bengalore Road, Infront Of ump",Near Petrol Pump,2KM,13.237213,77.551143,0,4,,
Bengaluru Dist,Doddaballapura Rural PS,1.0442e+16,2022,1,2,Road Accidents,Not Applicable,Rural Areas,Open area,Not Applicable,Yes,Not Applicable,Hit bicyclist,Not Applicable,Not Applicable,Others,Not Applicable,Dry,Not Applicable,Fine,Doddaballapura-Kodigehalli Road,4,4,13.300692,77.52329,0,0,0.0,0.0
Bengaluru Dist,Doddaballapura Rural PS,1.0442e+16,2022,1,2,Road Accidents,Narrow road,Rural Areas,In bazaar,Human Error,Not Applicable,Fatal,Vehicle to Vehicle,Not at  Junction,Others,Others,Not Applicable,Others,Not Applicable,Others,Doddaballapura-Gowribidanoru Road,Near Tapasihalli Gate,5km,13.349629,77.521205,0,1,0.0,1.0
Bengaluru Dist,Doddaballapura Rural PS,1.0442e+16,2022,1,1,Road Accidents,Narrow road,Rural Areas,In bazaar,Human Error,No,Fatal,Hit pedestrian,Not at  Junction,Others,State Highway,Gravel,Muddy,Engineering Defect of Road,Others,Doddaballapura - Gowribidanoru Road,Near Melunaykandrahalli,5 KM,13.38403,77.510081,4,4,3.0,11.0
Bengaluru Dist,Doddaballapura Rural PS,1.0442e+16,2022,1,2,Road Accidents,Narrow road,Rural Areas,Open area,Human Error,No,Fatal,Vehicle to Vehicle,Not Applicable,Others,Not Applicable,Surfaced,Others,Not Applicable,Others,Chikkaballapura-Doddaballapura Road,Near Rajaghatta,5Km,13.32638,77.593473,0,1,,
Bengaluru Dist,Doddaballapura Rural PS,1.0442e+16,2022,1,2,Road Accidents,Not Applicable,City/Town,Near a factory industrial area,Human Error,No,Fatal,Vehicle to Vehicle,Not Applicable,Others,State Highway,Not Applicable,Others,Not Applicable,Others,Bangalore -Doddaballapura Road,Near Factory Circle,5 KM,0.0,0.0,0,1,0.0,1.0
Bengaluru Dist,Doddaballapura Rural PS,1.0442e+16,2022,1,1,Road Accidents,Curves,Rural Areas,Open area,Not Applicable,No,Not Applicable,Not Applicable,Not Applicable,Others,One way,Bitumen(Tar),Others,Not Applicable,Clear,Linganahalli-ramanathapur Road,Near Vemkateshappa Land,5km,13.320252,77.6187569,0,1,0.0,1.0
Bengaluru Dist,Doddaballapura Rural PS,1.0442e+16,2022,1,1,Not Applicable,Not Applicable,Rural Areas,Open area,Human Error,Yes,Grievous Injury,Not Applicable,Not Applicable,Not Applicable,Not Applicable,Not Applicable,Not Applicable,Not Applicable,Cloudy,Melekote villige road,melekote society,20KM,13.367254,77.6277229,0,0,0.0,0.0
Bengaluru Dist,Doddaballapura Rural PS,1.0442e+16,2022,1,2,Road Accidents,Cross roads,City/Town,Open area,Human Error,No,Simple Injury,Vehicle to Vehicle,Uncontrolled,Others,State Highway,Surfaced,Muddy,Not Applicable,Not Applicable,Doddaballapura-Gowribidanuru road,Near Doddamma Temple Road,5 km,13.333917,77.531755,0,4,,
Bengaluru Dist,Doddaballapura Rural PS,1.0442e+16,2022,1,1,Not Applicable,Not Applicable,Rural Areas,Near Petrol Pump,Not Applicable,Yes,Fatal,Hit bicyclist,Not Applicable,Others,State Highway,Surfaced,Not Applicable,Not Applicable,Fine,Doddaballapur - Gowribidanuru Road,Doddaballapur  Gowribidanuru Road,4,13.330929,77.532429,0,0,,
Bengaluru Dist,Doddaballapura Rural PS,1.0442e+16,2022,1,2,Not Applicable,Not Applicable,Rural Areas,Open area,Not Applicable,Yes,Not Applicable,Hit bicyclist,Not Applicable,Others,State Highway,Not Applicable,Dry,Not Applicable,Fine,Bangalur Hosahudya Road,5,5,13.233124,77.53599,0,0,0.0,0.0
Bengaluru Dist,Doddaballapura Rural PS,1.0442e+16,2022,1,2,Road Accidents,Narrow road,Rural Areas,Near School or College,Human Error,Not Applicable,Damage Only,Vehicle to Vehicle,Not Applicable,Others,Others,Not Applicable,Not Applicable,Not Applicable,Others,Near old govt School Bashettahalli,Near Old Govt School,5km,0.0,0.0,0,0,0.0,0.0
Bengaluru Dist,Doddaballapura Rural PS,1.0442e+16,2022,1,2,Road Accidents,Not Applicable,Rural Areas,In bazaar,Human Error,Not Applicable,Simple Injury,Vehicle to Vehicle,Uncontrolled,Others,Others,Not Applicable,Others,Not Applicable,Others,Konaghatta-Dasagondanahalli Road,Near Konaghatta Village,5km,0.0,0.0,0,1,0.0,1.0
Bengaluru Dist,Doddaballapura Rural PS,1.0442e+16,2022,1,1,Road Accidents,Junction,Rural Areas,Near Bus stop,Human Error,No,Fatal,Hit pedestrian,Not Applicable,Curve,State Highway,Bitumen(Tar),Dry,No influence on accident,Clear,Gunjuru Bus Stand Doddballapura-Gowribidnuru Road,Gunjuru,15 km,13.345739,77.52859,0,0,0.0,0.0
Bengaluru Dist,Doddaballapura Rural PS,1.0442e+16,2022,1,2,Road Accidents,Narrow road,Rural Areas,Open area,Human Error,No,Simple Injury,Vehicle to Vehicle,Uncontrolled,Others,Others,Kutcha,Others,Not Applicable,Others,Menasi Cross to Kuntanahalli Road,Near Manasi Gate,5 KM,13.300794,77.4968989,0,1,4.0,5.0
Bengaluru Dist,Doddaballapura Rural PS,1.0442e+16,2022,1,2,Road Accidents,Not Applicable,Rural Areas,Near a factory industrial area,Human Error,Not Applicable,Fatal,Vehicle to Vehicle,Not Applicable,Others,State Highway,Not Applicable,Others,Not Applicable,Others,Scout camp-Raiway Station Road,Near Bombay Reyan,5 Km,13.280771,77.561807,0,1,0.0,1.0
Bengaluru Dist,Doddaballapura Rural PS,1.0442e+16,2022,1,2,Not Applicable,Not Applicable,Rural Areas,Near School or College,Not Applicable,No,Simple Injury,Vehicle to Vehicle,Not Applicable,Others,Minor District Road,Bitumen(Tar),Dry,Not Applicable,Clear,Konaghatta-Linganahlli Road,Near Govt Collage,8 KMS,13.313262,77.601875,0,0,0.0,0.0
Bengaluru Dist,Doddaballapura Rural PS,1.0442e+16,2022,1,2,Road Accidents,Not Applicable,Rural Areas,Near a factory industrial area,Vehicle Defect,No,Simple Injury,Vehicle to Vehicle,Uncontrolled,Others,Minor District Road,Not Applicable,Others,Not Applicable,Others,Bangalore Main Road,Near Aparel Park,5KM,13.260252,77.552772,0,1,0.0,1.0
Bengaluru Dist,Doddaballapura Rural PS,1.0442e+16,2022,1,2,Road Accidents,Junction,Rural Areas,Near Bus stop,Human Error,Not Applicable,Fatal,Vehicle to Vehicle,Uncontrolled,Not Applicable,State Highway,Not Applicable,Others,Not Applicable,Others,Doddaballapura-Gowribidanoru Road,Near Hotel,5KM,0.0,0.0,0,1,0.0,1.0
Bengaluru Dist,Doddaballapura Rural PS,1.0442e+16,2022,1,2,Road Accidents,Circle,Rural Areas,Near a factory industrial area,Not Applicable,Not Applicable,Grievous Injury,Vehicle to Vehicle,Not Applicable,Not Applicable,Others,Bitumen(Tar),Dry,Not Applicable,Clear,Obadenahlli -Sunnaghatta Road,Near KNK Factory,8 KMS,0.0,0.0,0,0,0.0,0.0
Bengaluru Dist,Doddaballapura Rural PS,1.0442e+16,2022,1,1,Road Accidents,Not Applicable,Rural Areas,Near Hospital,Not Applicable,Yes,Simple Injury,Hit pedestrian,Not Applicable,Not Applicable,State Highway,Bitumen(Tar),Dry,Not Applicable,Clear,Doddaballapura- Bangalore Road,Near Ganesha Grand Hotel,5 KMS,0.0,0.0,0,0,0.0,0.0
Bengaluru Dist,Doddaballapura Rural PS,1.0442e+16,2022,1,1,Road Accidents,Narrow road,Rural Areas,Open area,Not Applicable,Not Applicable,Simple Injury,Not Applicable,Uncontrolled,Others,NH,Bitumen(Tar),Dry,Not Applicable,Clear,DOBBASPET To DODDABALLAPURA,Near Tree,8,13.304657,77.5215219,0,0,0.0,0.0
Bengaluru Dist,Doddaballapura Rural PS,1.0442e+16,2022,1,1,Road Accidents,Narrow road,City/Town,Residential area,Human Error,Yes,Fatal,Hit pedestrian,Signal lights Manual,Others,State Highway,Surfaced,Muddy,Not Applicable,Others,"Doddaballapura-Gowribidanoru road, Infront of Palanajogihalli Canara Bank",Near Canara Bank,5 KM,13.319049,77.535784,0,4,,
Bengaluru Dist,Doddaballapura Rural PS,1.0442e+16,2022,1,2,Road Accidents,Not Applicable,Rural Areas,Open area,Human Error,Not Applicable,Simple Injury,Vehicle to Vehicle,Not Applicable,Others,Others,Bitumen(Tar),Not Applicable,Not Applicable,Clear,Jinkebachahalli Road,Near Cheperiya Factory,8 Kms,13.247919,77.532687,0,0,0.0,0.0
Bengaluru Dist,Doddaballapura Rural PS,1.0442e+16,2022,1,2,Road Accidents,Not Applicable,Rural Areas,Open area,Not Applicable,Not Applicable,Simple Injury,Vehicle to Vehicle,Not Applicable,Others,State Highway,Bitumen(Tar),Dry,Not Applicable,Clear,Doddaballapura - Nelamangala Road,Near Roja Factory,5 KMs,13.273666,77.50878,0,0,0.0,0.0
Bengaluru Dist,Doddaballapura Rural PS,1.0442e+16,2022,1,2,Road Accidents,Not Applicable,Rural Areas,Open area,Not Applicable,No,Fatal,Vehicle to Vehicle,Not Applicable,Not Applicable,Others,Bitumen(Tar),Dry,Not Applicable,Clear,Sadhumata-Melekote Road,Near Sub Rigister Office,15 KMs,13.36653,77.626378,0,0,0.0,0.0
Bengaluru Dist,Doddaballapura Rural PS,1.0442e+16,2022,1,2,Road Accidents,Narrow road,Rural Areas,Open area,Human Error,Yes,Simple Injury,Vehicle to Vehicle,Not Applicable,Curve,State Highway,Bitumen(Tar),Not Applicable,Not Applicable,Cloudy,DODDABALLAPUR- GOWRIBIDANUR ROAD,NEAR VILLEGE,15,0.0,0.0,0,0,0.0,0.0
Bengaluru Dist,Doddaballapura Rural PS,1.0442e+16,2022,1,1,Road Accidents,Narrow road,Rural Areas,Near Bus stop,Human Error,No,Fatal,Hit pedestrian,Uncontrolled,Others,State Highway,Surfaced,Others,Not Applicable,Others,Doddaballapura - Gowribidanoru Road,Near Makalidurga,5KM,13.440829,77.510382,0,1,,
Bengaluru Dist,Doddaballapura Rural PS,1.0442e+16,2022,1,2,Road Accidents,Narrow road,Rural Areas,Near Bus stop,Not Applicable,No,Simple Injury,Vehicle to Vehicle,Not Applicable,Others,Others,Bitumen(Tar),Dry,Not Applicable,Clear,DODDABALLAPURA RAILWAY STATION RAGUNATHPURA ROAD,6FEET FOOTPATH,03-Apr,13.280552,77.560487,0,0,0.0,0.0
Bengaluru Dist,Doddaballapura Rural PS,1.0442e+16,2022,1,2,Road Accidents,Not Applicable,Rural Areas,Open area,Vehicle Defect,Not Applicable,Fatal,Vehicle to Vehicle,Uncontrolled,Others,Others,Surfaced,Muddy,Not Applicable,Others,Dabaspete-Doddaballapura Road,Near Mestur Mane Gate,5  KM,13.300861,77.496935,0,4,,
Bengaluru Dist,Doddaballapura Rural PS,1.0442e+16,2022,1,2,Road Accidents,Not Applicable,Rural Areas,Near or inside a village,Human Error,No,Simple Injury,Not Applicable,Not Applicable,Others,Minor District Road,Bitumen(Tar),Dry,Pot holed,Clear,HIREMUDDENAHALLI ROAD,ELTRIC FOL 8FEET NORTH,8FEET,13.412202,77.582282,5,0,0.0,5.0
Bengaluru Dist,Doddaballapura Rural PS,1.0442e+16,2022,1,2,Road Accidents,Not Applicable,Rural Areas,Near a factory industrial area,Not Applicable,No,Simple Injury,Vehicle to Vehicle,Not Applicable,Others,State Highway,Bitumen(Tar),Dry,Not Applicable,Clear,Doddaballapura- Bangalore Road,Near Factory Circal,5 KMS,0.0,0.0,0,0,0.0,0.0
Bengaluru Dist,Doddaballapura Rural PS,1.0442e+16,2022,1,2,Road Accidents,Not Applicable,Rural Areas,Near Bus stop,Not Applicable,Not Applicable,Damage Only,Not Applicable,Not Applicable,Others,NH,Bitumen(Tar),Dry,Not Applicable,Clear,"Doddaballapura-Bengalore Road, Infront Of ump",Near Bank Circal,5 Kms,13.26012,77.552914,0,0,0.0,0.0
Bengaluru Dist,Doddaballapura Rural PS,1.0442e+16,2022,1,2,Road Accidents,Narrow road,Rural Areas,Near a recreation place/cinema,Not Applicable,Yes,Simple Injury,Vehicle to Vehicle,Not Applicable,Straight and flat,NH,Bitumen(Tar),Others,Not Applicable,Not Applicable,Banglore To  Doddaballapur Road,Near JP Palace Bhashettahalli,10Kms,13.261347,77.552024,0,1,0.0,1.0
Bengaluru Dist,Doddaballapura Rural PS,1.0442e+16,2022,1,2,Road Accidents,Not Applicable,Rural Areas,Open area,Human Error,No,Not Applicable,Vehicle to Vehicle,Not Applicable,Others,Major District Road,Bitumen(Tar),Others,Not Applicable,Others,S.S Ghati Road,Kelaginajuganahalli near Narayanaswami Land,2km,13.315236,77.507023,0,1,0.0,1.0
Bengaluru Dist,Doddaballapura Rural PS,1.0442e+16,2022,1,2,Not Applicable,Narrow road,Rural Areas,Open area,Not Applicable,No,Fatal,Vehicle to Vehicle,Uncontrolled,Others,Others,Not Applicable,Others,Not Applicable,Not Applicable,SH 74,Nodi mori,02 km,13.260136,77.554323,0,1,0.0,1.0
Bengaluru Dist,Doddaballapura Rural PS,1.0442e+16,2022,1,2,Road Accidents,Narrow road,Rural Areas,Near School or College,Not Applicable,Not Applicable,Simple Injury,Vehicle to Vehicle,Not Applicable,Others,Major District Road,Bitumen(Tar),Dry,Not Applicable,Clear,Doddaballapura- Bangalore Road,bangalore doddaballapura,1,13.268449,77.552352,0,0,0.0,0.0
Bengaluru Dist,Doddaballapura Rural PS,1.0442e+16,2022,1,1,Road Accidents,Not Applicable,Rural Areas,Near Bus stop,Human Error,Not Applicable,Fatal,Hit animal,Uncontrolled,Others,Not Applicable,Not Applicable,Muddy,Not Applicable,Not Applicable,"Doddaballapura -Devanahalli Road,",Near Moparahalli,5Km,13.285874,77.58879,0,4,0.0,4.0
Bengaluru Dist,Doddaballapura Rural PS,1.0442e+16,2022,1,2,Road Accidents,Narrow road,City/Town,Residential area,Human Error,No,Simple Injury,Vehicle to Vehicle,Not Applicable,Others,Others,Metalled,Others,Not Applicable,Others,Silver park-Majarahosahalli Road,Near Ramanic Intirior,5 Km,13.254539,77.535409,0,1,2.0,3.0
Bengaluru Dist,Doddaballapura Rural PS,1.0442e+16,2022,1,2,Road Accidents,Not Applicable,City/Town,Open area,Not Applicable,Not Applicable,Not Applicable,Vehicle to Vehicle,Not Applicable,Others,Service Road,Bitumen(Tar),Dry,Not Applicable,Fine,Near RMC Doddaballapura-Gowribidanur Road,Near RMC,1km,0.0,0.0,0,0,0.0,0.0
Bengaluru Dist,Doddaballapura Rural PS,1.0442e+16,2022,1,1,Not Applicable,Narrow road,Rural Areas,Open area,Not Applicable,Yes,Simple Injury,Vehicle to Vehicle,No signal lights,Not Applicable,Not Applicable,Not Applicable,Others,Not Applicable,Fine,NH,KADIPUDI FACTORY,500,13.287559,77.583049,0,1,0.0,1.0
Bengaluru Dist,Doddaballapura Rural PS,1.0442e+16,2022,1,2,Road Accidents,Cross roads,Rural Areas,Open area,Human Error,Yes,Simple Injury,Vehicle to Vehicle,Not Applicable,Others,Others,Not Applicable,Not Applicable,Not Applicable,Others,"Infront of Balaji Medicle Nandicross, Tubagere Hobali, Doddaballapura Talluk",Near Medicle Shop,5 KM,0.0,0.0,0,0,0.0,0.0
Bengaluru Dist,Doddaballapura Rural PS,1.0442e+16,2022,1,1,Road Accidents,Not Applicable,Rural Areas,Near or inside a village,Not Applicable,Yes,Grievous Injury,Hit pedestrian,Not Applicable,Not Applicable,Others,Not Applicable,Others,Not Applicable,Not Applicable,Doddaballapur - Chikkaballapur Road,Near Central Bank ATM,8,0.0,0.0,0,1,0.0,1.0
Bengaluru Dist,Doddaballapura Rural PS,1.0442e+16,2022,1,2,Road Accidents,Not Applicable,Rural Areas,Open area,Not Applicable,No,Damage Only,Vehicle to Vehicle,Not Applicable,Others,Others,Bitumen(Tar),Dry,Not Applicable,Clear,Hadonahalli- SS Ghati Road,Near Maramma Tempale,7 KMS,0.0,0.0,0,0,0.0,0.0
Bengaluru Dist,Doddaballapura Rural PS,1.0442e+16,2022,1,2,Road Accidents,Not Applicable,City/Town,Near Petrol Pump,Human Error,No,Fatal,Vehicle to Vehicle,Not Applicable,Others,State Highway,Surfaced,Others,Not Applicable,Others,"Doddaballapura - Bengalore road, Near Petrol Bunk",Road Middle diveider,2,13.296341,77.528683,0,1,,
Bengaluru Dist,Doddaballapura Rural PS,1.0442e+16,2022,1,2,Road Accidents,Not Applicable,Rural Areas,Open area,Human Error,No,Fatal,Vehicle to Vehicle,Not Applicable,Others,Others,Surfaced,Others,Not Applicable,Others,Jayalakshmi Land Linganahalli Road,Near Jayalakshmi land,5 Km,13.320869,77.617158,0,1,,
Bengaluru Dist,Doddaballapura Rural PS,1.0442e+16,2022,1,2,Road Accidents,Not Applicable,Rural Areas,Near Bus stop,Not Applicable,Yes,Fatal,Vehicle to Vehicle,Not Applicable,Not Applicable,State Highway,Bitumen(Tar),Ditch or Potholed,Not Applicable,Clear,Doddaballapur Gouribidanur Road,Near Bachahalli gate,5kms,0.0,0.0,0,5,0.0,5.0
Bengaluru Dist,Doddaballapura Rural PS,1.0442e+16,2022,1,1,Road Accidents,Not Applicable,Rural Areas,Open area,Not Applicable,Yes,Fatal,Not Applicable,Not Applicable,Others,Others,Bitumen(Tar),Dry,Not Applicable,Clear,Tirumagondanahalli- SS Ghati Road,Near Bridge,5 KMS,0.0,0.0,0,0,0.0,0.0
Bengaluru Dist,Doddaballapura Rural PS,1.0442e+16,2022,1,1,Road Accidents,Not Applicable,Rural Areas,Near Petrol Pump,Not Applicable,No,Simple Injury,Hit pedestrian,Not Applicable,Others,State Highway,Bitumen(Tar),Dry,Not Applicable,Clear,Bangalore- Doddaballapura Road,Near SV Motar Cycal Gyaraje,5 kms,0.0,0.0,0,0,0.0,0.0
Bengaluru Dist,Doddaballapura Rural PS,1.0442e+16,2022,1,1,Road Accidents,Not Applicable,Rural Areas,Near Bus stop,Not Applicable,No,Simple Injury,Not Applicable,Not Applicable,Others,State Highway,Bitumen(Tar),Dry,Not Applicable,Clear,Doddaballapura- Gowribidanuru Road,Near Kantankunte,5 KMS,0.0,0.0,0,0,0.0,0.0
Bengaluru Dist,Doddaballapura Rural PS,1.0442e+16,2022,1,2,Road Accidents,Not Applicable,Rural Areas,Near a recreation place/cinema,Human Error,No,Damage Only,Vehicle to Vehicle,Not at  Junction,Straight and flat,State Highway,Bitumen(Tar),Dry,Not Applicable,Others,Doddaballapur Gouribidanur Road,Biriyani Paradice,1.5kms,0.0,0.0,0,0,0.0,0.0
Bengaluru Dist,Doddaballapura Rural PS,1.0442e+16,2022,1,2,Road Accidents,Circle,Rural Areas,Near a factory industrial area,Not Applicable,Yes,Simple Injury,Vehicle to Vehicle,Stop sign,Others,Not Applicable,Bitumen(Tar),Dry,Not Applicable,Clear,varadanahalli bank circle,Factary Circal Near Bangalore Doddaballapura Road,6,13.241762,77.5679809,0,0,0.0,0.0
Bengaluru Dist,Doddaballapura Rural PS,1.0442e+16,2022,1,2,Road Accidents,Curves,Rural Areas,Open area,Human Error,No,Grievous Injury,Vehicle to Vehicle,Give way sign,Curve,Forest Road,Surfaced,Dry,Not Applicable,Clear,MARENAHALLY- KANKANAKUNTE ROAD,KOLURU FORESH CURVES,10 KM,13.340349,77.509337,0,0,,
Bengaluru Dist,Doddaballapura Rural PS,1.0442e+16,2022,1,1,Not Applicable,Not Applicable,Rural Areas,Open area,Not Applicable,No,Damage Only,Not Applicable,Not Applicable,Others,Others,Not Applicable,Others,Not Applicable,Others,Karnala,Karanal,10 km,13.360749,77.585177,0,1,0.0,1.0
Bengaluru Dist,Doddaballapura Rural PS,1.0442e+16,2022,1,2,Road Accidents,Narrow road,City/Town,Near Bus stop,Not Applicable,Not Applicable,Fatal,Hit pedestrian,Not Applicable,Others,Not Applicable,Surfaced,Others,Not Applicable,Others,Doddaballapura-S.S.Ghati Road,Near Bus Stop,5 km,13.387864,77.542478,0,1,,
Bengaluru Dist,Doddaballapura Rural PS,1.0442e+16,2022,1,1,Road Accidents,Narrow road,Rural Areas,Near Bus stop,Human Error,Not Applicable,Damage Only,Not Applicable,Not Applicable,Others,State Highway,Bitumen(Tar),Dry,Pot holed,Clear,Doddaballapura-Gowribidanuru Road,11feet mathi tree,01-Feb,13.41126,77.5105749,5,0,0.0,5.0
Bengaluru Dist,Doddaballapura Rural PS,1.0442e+16,2022,1,2,Not Applicable,Not Applicable,Rural Areas,Open area,Not Applicable,Yes,Not Applicable,Vehicle to Vehicle,Not Applicable,Not Applicable,Not Applicable,Surfaced,Dry,Not Applicable,Fine,Kadanoorkaimara Near  Akashavani,10km,10km,13.241317,77.484223,0,0,,
Bengaluru Dist,Doddaballapura Rural PS,1.0442e+16,2022,1,2,Road Accidents,Not Applicable,Rural Areas,Open area,Human Error,No,Simple Injury,Vehicle to Vehicle,Uncontrolled,Others,State Highway,Surfaced,Others,Not Applicable,Others,DODDABALAPUR-DABASPETE ROAD,Near Manasi cross,5 Km,0.0,0.0,0,1,,
Bengaluru Dist,Doddaballapura Rural PS,1.0442e+16,2022,1,2,Road Accidents,Not Applicable,Rural Areas,Open area,Human Error,Not Applicable,Not Applicable,Vehicle to Vehicle,Uncontrolled,Others,State Highway,Bitumen(Tar),Others,Not Applicable,Others,Gowribidanoru-Doddaballapura Talluk,Near Nelamangala Road,5 Km,13.260893,77.543562,0,1,0.0,1.0
Bengaluru Dist,Doddaballapura Rural PS,1.0442e+16,2022,1,1,Road Accidents,Narrow road,Rural Areas,Near a religious place,Human Error,Yes,Simple Injury,Not Applicable,Not Applicable,Others,One way,Not Applicable,Dry,Not Applicable,Others,Near Muneshwar Temple Mallatahalli,Near Muneshwsra Temple,5 KM,13.333069,77.534248,0,0,0.0,0.0
Bengaluru Dist,Doddaballapura Rural PS,1.0442e+16,2022,1,2,Road Accidents,Narrow road,Rural Areas,Open area,Human Error,Not Applicable,Fatal,Vehicle to Vehicle,Not Applicable,Others,State Highway,Not Applicable,Others,Not Applicable,Snow,Doddababallapura-Devanahalli Road,Near Moparahalli Village,5 KM,13.286635,77.588409,0,1,0.0,1.0