DISTRICTNAME,UNITNAME,Crime_No,Year,RI,Noofvehicle_involved,Accident_Classification,Accident_Spot,Accident_Location,Accident_SubLocation,Main_Cause,Hit_Run,Severity,Collision_Type,Junction_Control,Road_Character,Road_Type,Surface_Type,Surface_Condition,Road_Condition,Weather,Accident_Road,Landmark_first,Distance_LandMark_First,Latitude,Longitude,Road_Condition_Score,Surface_Condition_Score,Surface_Type_Score,Road_Risk_Index
Bengaluru Dist,Doddaballapura Rural PS,1.0442e+16,2023,1,1,Road Accidents,Narrow road,Rural Areas,Residential area,Human Error,Yes,Grievous Injury,Hit pedestrian,Uncontrolled,Others,Residential Street,Concrete,Others,No influence on accident,Others,Aralumallige,Akshay House,5 Km,13.264465,77.522943,0,1,0.0,1.0
Bengaluru Dist,Doddaballapura Rural PS,1.0442e+16,2023,1,1,Road Accidents,Not Applicable,Rural Areas,Near Petrol Pump,Human Error,No,Grievous Injury,Hit pedestrian,Controlled,Straight and flat,State Highway,Bitumen(Tar),Dry,No influence on accident,Clear,Doddballapura,Doddaballapura,2km,13.307011,77.523518,0,0,0.0,0.0
Bengaluru Dist,Doddaballapura Rural PS,1.0442e+16,2023,1,1,Road Accidents,Narrow road,Rural Areas,Near a factory industrial area,Human Error,Not Applicable,Fatal,Hit pedestrian,Not Applicable,Others,State Highway,Not Applicable,Flooded,Not Applicable,Others,Doddaballapura - Bangalore Road,Near Factory Circle,5 KM,0.0,0.0,0,5,0.0,5.0
Bengaluru Dist,Doddaballapura Rural PS,1.0442e+16,2023,1,2,Road Accidents,Not Applicable,Rural Areas,Open area,Human Error,Yes,Grievous Injury,Vehicle to Vehicle,Uncontrolled,Not Applicable,State Highway,Bitumen(Tar),Wet,Not Applicable,Clear,Doddaballapura-Devanahalli Road,Near Grover Wine Factory,8 KM,13.276052,77.541596,0,3,0.0,3.0
Bengaluru Dist,Doddaballapura Rural PS,1.0442e+16,2023,1,3,Road Accidents,Narrow road,Rural Areas,Near Bus stop,Human Error,Not Applicable,Simple Injury,Vehicle to Vehicle,Not Applicable,Others,Others,Surfaced,Others,Not Applicable,Others,SS Ghati - Doddaballapura road,Near Hadonahalli,5 KM,0.0,0.0,0,1,,
Bengaluru Dist,Doddaballapura Rural PS,1.0442e+16,2023,1,1,Road Accidents,Not Applicable,Rural Areas,Open area,Human Error,Not Applicable,Grievous Injury,Hit pedestrian,Uncontrolled,Incline,State Highway,Not Applicable,Not Applicable,No influence on accident,Others,Bengalore-Doddaballapura Road,Near Pavitra Tea Shop,5 KM,0.0,0.0,0,0,0.0,0.0
Bengaluru Dist,Doddaballapura Rural PS,1.0442e+16,2023,1,2,Road Accidents,Not Applicable,Rural Areas,Near Bus stop,Human Error,No,Grievous Injury,Vehicle to Vehicle,Controlled,Straight and flat,State Highway,Bitumen(Tar),Dry,No influence on accident,Hail or Sleet,Bashettihalli,Doddaballapura,6KM,13.260921,77.555826,0,0,0.0,0.0
Bengaluru Dist,Doddaballapura Rural PS,1.0442e+16,2023,1,1,Road Accidents,Junction,Rural Areas,Open area,Human Error,No,Fatal,Hit pedestrian,Uncontrolled,Others,Others,Bitumen(Tar),Others,No influence on accident,Others,Dandudasakodigehalli-Linganahalli Road,Near Anjinappa Land,12 km,13.320278,77.616687,0,1,0.0,1.0
Bengaluru Dist,Doddaballapura Rural PS,1.0442e+16,2023,1,2,Road Accidents,Not Applicable,Rural Areas,Open area,Human Error,No,Grievous Injury,Vehicle to Vehicle,Controlled,Straight and flat,State Highway,Bitumen(Tar),Others,No influence on accident,Others,Bachahalli Gate,Doddaballapura,8km,13.355145,77.524817,0,1,0.0,1.0
Bengaluru Dist,Doddaballapura Rural PS,1.0442e+16,2023,1,2,Road Accidents,Not Applicable,Rural Areas,In bazaar,Not Applicable,No,Simple Injury,Vehicle to Vehicle,Not Applicable,Others,Two way,Bitumen(Tar),Dry,Not Applicable,Clear,Doddaballapura-Gowribidanuru Road,500,500m,13.319969,77.535816,0,0,0.0,0.0
Bengaluru Dist,Doddaballapura Rural PS,1.0442e+16,2023,1,2,Road Accidents,Not Applicable,Rural Areas,Near a factory industrial area,Human Error,Yes,Grievous Injury,Vehicle to Vehicle,Controlled,Curve,State Highway,Bitumen(Tar),Dry,No influence on accident,Clear,Adinarayanahosahalli,Doddaballapura,7 km,13.278826,77.589823,0,0,0.0,0.0
Bengaluru Dist,Doddaballapura Rural PS,1.0442e+16,2023,1,2,Not Applicable,Junction,Rural Areas,Open area,Not Applicable,Yes,Not Applicable,Not Applicable,Not Applicable,Curve,State Highway,Not Applicable,Dry,Not Applicable,Fine,Aralumallige To Doddaballapura,5,5,13.318386,77.535644,0,0,0.0,0.0
Bengaluru Dist,Doddaballapura Rural PS,1.0442e+16,2023,1,2,Not Applicable,Narrow road,Rural Areas,Open area,Not Applicable,Not Applicable,Simple Injury,Vehicle to Vehicle,Controlled,Others,State Highway,Not Applicable,Others,Not Applicable,Others,Doddaballapur  to Nelamangala,Near Kadanuru kai mara,10,13.289608,77.513892,0,1,0.0,1.0
Bengaluru Dist,Doddaballapura Rural PS,1.0442e+16,2023,1,1,Road Accidents,Not Applicable,Rural Areas,Residential area,Human Error,Yes,Fatal,Hit pedestrian,Controlled,Others,Others,Bitumen(Tar),Dry,No influence on accident,Clear,Maralenahalli,Doddaballapura,8km,0.0,0.0,0,0,0.0,0.0
Bengaluru Dist,Doddaballapura Rural PS,1.0442e+16,2023,1,2,Road Accidents,Narrow road,Rural Areas,Near a factory industrial area,Human Error,Not Applicable,Grievous Injury,Vehicle to Vehicle,Not Applicable,Others,Others,Not Applicable,Others,Drainage Ditch,Others,"Majarahosahalli-Silver Park Factory Road,",Veerapura Cross Circle,5 KM,13.261396,77.542948,4,1,0.0,5.0
Bengaluru Dist,Doddaballapura Rural PS,1.0442e+16,2023,1,1,Road Accidents,Not Applicable,Rural Areas,Open area,Human Error,Yes,Simple Injury,Hit pedestrian,Police / Manual,Straight and flat,NH,Bitumen(Tar),Dry,No influence on accident,Clear,CHIKKABALLAPURA  DODDABALLAPURA ROAD,RAJAGHATTA,8 KM,13.32649,77.59193,0,0,0.0,0.0
Bengaluru Dist,Doddaballapura Rural PS,1.0442e+16,2023,1,2,Road Accidents,Not Applicable,Rural Areas,Open area,Not Applicable,No,Simple Injury,Vehicle to Vehicle,Not Applicable,Others,NH,Bitumen(Tar),Dry,Not Applicable,Clear,Doddaballapura- Devanahalli Road,Near Hamam Shivapura Gate,5 KMS,13.301518,77.552329,0,0,0.0,0.0
Bengaluru Dist,Doddaballapura Rural PS,1.0442e+16,2023,1,1,Road Accidents,Not Applicable,Rural Areas,Open area,Not Applicable,No,Fatal,Hit bicyclist,Not Applicable,Others,State Highway,Bitumen(Tar),Dry,Not Applicable,Clear,Doddaballapura- Chikkaballapura Road,Near Rajaghatta Lake,5 KMS,13.273065,77.508847,0,0,0.0,0.0
Bengaluru Dist,Doddaballapura Rural PS,1.0442e+16,2023,1,2,Road Accidents,Cross roads,Rural Areas,Near Hospital,Human Error,No,Simple Injury,Vehicle to Vehicle,Controlled,Steep Incline or Climb,State Highway,Bitumen(Tar),Dry,No influence on accident,Hail or Sleet,Doddballapur,Bashettihalli,6 km,13.251411,77.5539559,0,0,0.0,0.0
Bengaluru Dist,Doddaballapura Rural PS,1.0442e+16,2023,1,1,Road Accidents,Narrow road,Rural Areas,Open area,Human Error,Not Applicable,Fatal,Not Applicable,Controlled,Others,Others,Bitumen(Tar),Dry,No influence on accident,Clear,Thogarigatta Doddaballapura Road,Doddaballapura,7 km,13.334751,77.563762,0,0,0.0,0.0
Bengaluru Dist,Doddaballapura Rural PS,1.0442e+16,2023,1,2,Road Accidents,Narrow road,Rural Areas,Near Hospital,Not Applicable,Yes,Simple Injury,Hit pedestrian,No signal lights,Others,One way,Not Applicable,Dry,Not Applicable,Others,H,8,12,0.0,0.0,0,0,0.0,0.0
Bengaluru Dist,Doddaballapura Rural PS,1.0442e+16,2023,1,2,Road Accidents,Not Applicable,Rural Areas,Open area,Human Error,Not Applicable,Fatal,Vehicle to Vehicle,Not Applicable,Others,State Highway,Not Applicable,Others,Not Applicable,Others,Gowribidanuru-Doddaballapura Road,Near Melinanayakandrahalli Gate,5 Km,0.0,0.0,0,1,0.0,1.0
Bengaluru Dist,Doddaballapura Rural PS,1.0442e+16,2023,1,2,Road Accidents,Cross roads,Rural Areas,Near a religious place,Human Error,Not Applicable,Fatal,Vehicle to Vehicle,Controlled,Curve,Others,Bitumen(Tar),Dry,No influence on accident,Clear,Near Anjaneya Temple Hadonahalli,Doddaballapura,8 KM,0.0,0.0,0,0,0.0,0.0
Bengaluru Dist,Doddaballapura Rural PS,1.0442e+16,2023,1,2,Road Accidents,Narrow road,Rural Areas,Near a factory industrial area,Human Error,No,Not Applicable,Vehicle to Vehicle,Uncontrolled,Others,Others,Not Applicable,Others,Not Applicable,Others,Bangalore - Doddaballapura Road,Near Bashettahalli,5 KM,13.250553,77.555999,0,1,0.0,1.0
Bengaluru Dist,Doddaballapura Rural PS,1.0442e+16,2023,1,1,Road Accidents,Not Applicable,Rural Areas,Near Bus stop,Human Error,Not Applicable,Fatal,Hit pedestrian,Not Applicable,Others,State Highway,Not Applicable,Others,Not Applicable,Others,Doddaballapura - Gowribidanoru Road,Near Manoj Shop Bachahalli,5 KM,13.372789,77.63727,0,1,0.0,1.0
Bengaluru Dist,Doddaballapura Rural PS,1.0442e+16,2023,1,1,Road Accidents,Not Applicable,Rural Areas,Near Bus stop,Human Error,No,Grievous Injury,Hit pedestrian,Controlled,Others,State Highway,Bitumen(Tar),Dry,No influence on accident,Clear,Palanajogahalli,Doddaballapura,2km,13.313658,77.538969,0,0,0.0,0.0
Bengaluru Dist,Doddaballapura Rural PS,1.0442e+16,2023,1,2,Road Accidents,Not Applicable,Rural Areas,In bazaar,Human Error,No,Fatal,Vehicle to Vehicle,Not Applicable,Not Applicable,State Highway,Metalled,Not Applicable,Drainage Ditch,Others,Doddaballapura - Gowribidanoru Road,Near Gopal Naik Land,5 KM,13.377656,77.504921,4,0,2.0,6.0
Bengaluru Dist,Doddaballapura Rural PS,1.0442e+16,2023,1,1,Road Accidents,Narrow road,Rural Areas,Near Bus stop,Human Error,No,Grievous Injury,Hit pedestrian,Uncontrolled,Others,State Highway,Bitumen(Tar),Dry,No influence on accident,Others,Bangalore Doddaballapura Road,Bashettyhalli,06 km,13.259805,77.552708,0,0,0.0,0.0
Bengaluru Dist,Doddaballapura Rural PS,1.0442e+16,2023,1,1,Road Accidents,Circle,Rural Areas,Open area,Not Applicable,No,Fatal,Hit pedestrian,Not Applicable,Others,State Highway,Bitumen(Tar),Dry,Not Applicable,Clear,Bangalore - Doddaballapura Road,Near Factory Circal,5 KMS,13.429432,77.51329,0,0,0.0,0.0
Bengaluru Dist,Doddaballapura Rural PS,1.0442e+16,2023,1,2,Road Accidents,Narrow road,Rural Areas,Open area,Human Error,Not Applicable,Grievous Injury,Vehicle to Vehicle,Not Applicable,Others,Others,Surfaced,Others,Not Applicable,Others,Nandibetta Cross - Heggadihalli Road,Near Nandi betta Cross,5 KM,0.0,0.0,0,1,,
Bengaluru Dist,Doddaballapura Rural PS,1.0442e+16,2023,1,2,Road Accidents,Not Applicable,Rural Areas,Open area,Human Error,Yes,Damage Only,Vehicle to Vehicle,Not Applicable,Straight and flat,Others,Bitumen(Tar),Dry,No influence on accident,Clear,Raghunathapura-Devanahalli Road,Doddaballapura,7 km,13.288087,77.576828,0,0,0.0,0.0
Bengaluru Dist,Doddaballapura Rural PS,1.0442e+16,2023,1,1,Road Accidents,Narrow road,Rural Areas,Open area,Human Error,Not Applicable,Simple Injury,Hit pedestrian,Not Applicable,Others,State Highway,Kutcha,Others,Not Applicable,Others,Doddaballapura - Gowribidanoru Road,Near Palalajogahalli,5KM,13.313812,77.538647,0,1,4.0,5.0
Bengaluru Dist,Doddaballapura Rural PS,1.0442e+16,2023,1,2,Road Accidents,Narrow road,Rural Areas,In bazaar,Human Error,Not Applicable,Fatal,Vehicle to Vehicle,Not Applicable,Others,State Highway,Not Applicable,Others,Not Applicable,Others,Doddaballapura - Chikkaballapura Road,Near Nandimori,5 KM,13.314427,77.547982,0,1,0.0,1.0
Bengaluru Dist,Doddaballapura Rural PS,1.0442e+16,2023,1,1,Road Accidents,Not Applicable,Rural Areas,Near Bus stop,Human Error,Not Applicable,Simple Injury,Hit pedestrian,Not Applicable,Others,State Highway,Not Applicable,Others,Not Applicable,Others,Doddaballapura-Chikkaballapura Road,Near Thimmasandra,5 KM,13.32064,77.56316,0,1,0.0,1.0
Bengaluru Dist,Doddaballapura Rural PS,1.0442e+16,2023,1,2,Road Accidents,Not Applicable,Rural Areas,Open area,Human Error,No,Simple Injury,Vehicle to Vehicle,Controlled,Straight and flat,Others,Bitumen(Tar),Dry,No influence on accident,Clear,Thalagavara Gate,Doddaballapura,4km,13.304308,77.518158,0,0,0.0,0.0
Bengaluru Dist,Doddaballapura Rural PS,1.0442e+16,2023,1,1,Road Accidents,Not Applicable,Rural Areas,Near School or College,Human Error,No,Grievous Injury,Hit bicyclist,Controlled,Straight and flat,Others,Bitumen(Tar),Dry,No influence on accident,Clear,Near Madagondanahalli College,Doddaballapura,2 km,13.296879,77.552749,0,0,0.0,0.0
Bengaluru Dist,Doddaballapura Rural PS,1.0442e+16,2023,1,2,Road Accidents,Narrow road,Rural Areas,Near Petrol Pump,Not Applicable,No,Simple Injury,Vehicle to Vehicle,Give way sign,Not Applicable,NH,Bitumen(Tar),Dry,No influence on accident,Clear,DOBBASPET To DODDABALLAPURA,KEB Poll,52,13.30023,77.49203,0,0,0.0,0.0
Bengaluru Dist,Doddaballapura Rural PS,1.0442e+16,2023,1,2,Road Accidents,Not Applicable,Rural Areas,Open area,Not Applicable,No,Simple Injury,Vehicle to Vehicle,Not Applicable,Others,State Highway,Bitumen(Tar),Dry,Not Applicable,Clear,Doddaballapur - Gowribidanuru Road,Near Kantankunte,5 KMS,0.0,0.0,0,0,0.0,0.0
Bengaluru Dist,Doddaballapura Rural PS,1.0442e+16,2023,1,2,Road Accidents,Not Applicable,Rural Areas,In bazaar,Human Error,Not Applicable,Simple Injury,Vehicle to Vehicle,Controlled,Others,State Highway,Not Applicable,Others,Not Applicable,Others,Gowribidanoru-Doddaballapura Road,Near Melinanayankrahalli Gate,5 KM,13.315681,77.537072,0,1,0.0,1.0
Bengaluru Dist,Doddaballapura Rural PS,1.0442e+16,2023,1,2,Road Accidents,Not Applicable,Rural Areas,Open area,Human Error,Not Applicable,Fatal,Vehicle to Vehicle,Controlled,Straight and flat,State Highway,Bitumen(Tar),Dry,No influence on accident,Clear,Doddballapur,Gollahalli,8km,13.369539,77.515752,0,0,0.0,0.0
Bengaluru Dist,Doddaballapura Rural PS,1.0442e+16,2023,1,2,Road Accidents,Not Applicable,Rural Areas,Open area,Not Applicable,Not Applicable,Damage Only,Vehicle to Vehicle,Not Applicable,Others,State Highway,Bitumen(Tar),Dry,Not Applicable,Clear,"Chikkaballapura-Doddaballapura Road, Near Udanahalli Cros",Near Makali durga Village,12,13.426761,77.5137,0,0,0.0,0.0
Bengaluru Dist,Doddaballapura Rural PS,1.0442e+16,2023,1,1,Road Accidents,Not Applicable,Rural Areas,Open area,Human Error,Not Applicable,Simple Injury,Not Applicable,Uncontrolled,Others,State Highway,Not Applicable,Others,Not Applicable,Others,S.S.Ghati-makalidurga Road,Near SS Ghati Temple,5 Km,13.408359,77.526452,0,1,0.0,1.0
Bengaluru Dist,Doddaballapura Rural PS,1.0442e+16,2023,1,1,Road Accidents,Not Applicable,Rural Areas,Open area,Human Error,No,Simple Injury,Not Applicable,Controlled,Others,Others,Bitumen(Tar),Dry,No influence on accident,Clear,Gangasadra Kere,Doddaballapura,8 KM,13.356038,77.555774,0,0,0.0,0.0
Bengaluru Dist,Doddaballapura Rural PS,1.0442e+16,2023,1,2,Road Accidents,Narrow road,Rural Areas,Near or inside a village,Human Error,Not Applicable,Damage Only,Vehicle to Vehicle,Not Applicable,Others,NH,Surfaced,Not Applicable,Construction Work / Material,Others,Dabasapete-Doddaballapura Road,5 KM,5 KM,13.303997,77.516788,2,0,,
Bengaluru Dist,Doddaballapura Rural PS,1.0442e+16,2023,1,1,Road Accidents,Not Applicable,Rural Areas,Open area,Human Error,No,Fatal,Not Applicable,Controlled,Others,State Highway,Bitumen(Tar),Dry,No influence on accident,Clear,Near Akashavani,Doddaballapura,10 KM,13.255177,77.48806,0,0,0.0,0.0
Bengaluru Dist,Doddaballapura Rural PS,1.0442e+16,2023,1,1,Road Accidents,Road hump or Rumble strips,Rural Areas,Open area,Road Environment Defect,No,Fatal,Hit pedestrian,Not Applicable,Others,Two way,Bitumen(Tar),Others,Not Applicable,Clear,SS Ghat-Kantanakunte Road,Neat vaddarahalli Bus stop,1km,13.339468,77.535061,0,1,0.0,1.0
Bengaluru Dist,Doddaballapura Rural PS,1.0442e+16,2023,1,2,Road Accidents,Narrow road,Rural Areas,Open area,Human Error,No,Simple Injury,Vehicle to Vehicle,Not at  Junction,Others,State Highway,Bitumen(Tar),Dry,Not Applicable,Clear,Doddaballapura-Chikkaballapura Road,Near Beedigere Gate,1KM,0.0,0.0,0,0,0.0,0.0
Bengaluru Dist,Doddaballapura Rural PS,1.0442e+16,2023,1,1,Road Accidents,Not Applicable,Rural Areas,Near Bus stop,Human Error,No,Grievous Injury,Hit pedestrian,Controlled,Others,Others,Bitumen(Tar),Dry,No influence on accident,Clear,Doddballapura,Gollahalli,6 km,13.324748,77.592847,0,0,0.0,0.0
Bengaluru Dist,Doddaballapura Rural PS,1.0442e+16,2023,1,2,Road Accidents,Not Applicable,Rural Areas,Near a factory industrial area,Human Error,No,Fatal,Vehicle to Vehicle,Not Applicable,Not Applicable,State Highway,Metalled,Others,Not Applicable,Others,Bangalore -Doddaballapura Road,Near Factory Circle,5 KM,13.246993,77.552691,0,1,2.0,3.0
Bengaluru Dist,Doddaballapura Rural PS,1.0442e+16,2023,1,2,Road Accidents,Narrow road,City/Town,In bazaar,Human Error,Not Applicable,Grievous Injury,Vehicle to Vehicle,Uncontrolled,Not Applicable,State Highway,Not Applicable,Dry,Not Applicable,Others,Doddaballapur To Gouribidanoor Road Gundumgere Cross,Near Kantanakute,5 KM,13.249866,77.555695,0,0,0.0,0.0
Bengaluru Dist,Doddaballapura Rural PS,1.0442e+16,2023,1,3,Road Accidents,Narrow road,Rural Areas,Near Bus stop,Human Error,Not Applicable,Damage Only,Vehicle to Vehicle,Not Applicable,Not Applicable,Others,Surfaced,Others,Not Applicable,Others,Infront of Nandini Parlour Road,Near RMC Gate,5 KM,0.0,0.0,0,1,,
Bengaluru Dist,Doddaballapura Rural PS,1.0442e+16,2023,1,2,Not Applicable,Cross roads,Rural Areas,Near a factory industrial area,Not Applicable,Not Applicable,Not Applicable,Vehicle to Vehicle,Not Applicable,Curve,State Highway,Metalled,Others,Not Applicable,Clear,YALAHANKA DODDABALLAPURA ROAD,6,5,13.251478,77.553833,0,1,2.0,3.0
Bengaluru Dist,Doddaballapura Rural PS,1.0442e+16,2023,1,2,Road Accidents,Junction,Rural Areas,Open area,Human Error,No,Simple Injury,Vehicle to Vehicle,Signal lights Automatic,Others,NH,Bitumen(Tar),Dry,Not Applicable,Clear,"Factory Circle, Bashettihalli",Factory Circle,7KM,13.246385,77.552711,0,0,0.0,0.0
Bengaluru Dist,Doddaballapura Rural PS,1.0442e+16,2023,1,2,Road Accidents,Curves,Rural Areas,Near Petrol Pump,Human Error,Yes,Grievous Injury,Vehicle to Vehicle,Controlled,Curve,State Highway,Bitumen(Tar),Dry,No influence on accident,Hail or Sleet,Bashettihalli,Doddaballapura,6km,0.0,0.0,0,0,0.0,0.0
Bengaluru Dist,Doddaballapura Rural PS,1.0442e+16,2023,1,2,Rail Road Accidents,Narrow road,Rural Areas,Near Bus stop,Human Error,Not Applicable,Simple Injury,Vehicle to Vehicle,Uncontrolled,Others,Others,Surfaced,Not Applicable,Construction Work / Material,Others,Doddaballapura -Kodigehalli Road,Near Kodigehalli,5 KM,13.30187,77.51588,2,0,,
Bengaluru Dist,Doddaballapura Rural PS,1.0442e+16,2023,1,2,Road Accidents,Not Applicable,Rural Areas,Open area,Human Error,No,Grievous Injury,Vehicle to Vehicle,Controlled,Others,Others,Bitumen(Tar),Others,No influence on accident,Clear,Near Makalidurga,Doddaballapura,12 KM,13.407169,77.511741,0,1,0.0,1.0
Bengaluru Dist,Doddaballapura Rural PS,1.0442e+16,2023,1,1,Road Accidents,Junction,Rural Areas,Near Bus stop,Human Error,No,Grievous Injury,Hit pedestrian,Uncontrolled,Others,State Highway,Bitumen(Tar),Dry,No influence on accident,Others,Doddaballapur - Gowribidanuru Road,Gollahalli Bus Stop,15 km,13.369721,77.515246,0,0,0.0,0.0
Bengaluru Dist,Doddaballapura Town PS,1.0442e+16,2016,1,2,Road Accidents,Rail Crossing manned,City/Town,Open area,Human Error,No,Damage Only,Hit parked vehicle,Not Applicable,Straight and flat,NH,Bitumen(Tar),Dry,Not Applicable,Fine,NH207,Arkavathi Extention,1 KM,0.0,0.0,0,0,0.0,0.0
Bengaluru Dist,Doddaballapura Town PS,1.0442e+16,2016,1,1,Road Accidents,Narrow road,City/Town,Near Bus stop,Human Error,No,Fatal,Hit pedestrian,No signal lights,Others,State Highway,Bitumen(Tar),Dry,Not Applicable,Clear,Bengalore to Gouribidunooru Road DBPURA TOWN,1,1,0.0,0.0,0,0,0.0,0.0
Bengaluru Dist,Doddaballapura Town PS,1.0442e+16,2016,1,1,Road Accidents,Narrow road,City/Town,Near a religious place,Human Error,No,Damage Only,Skidding or Self accident,No signal lights,Others,Sub Arterial,Bitumen(Tar),Dry,Not Applicable,Clear,NELAMANGALA  ROAD DBPURA.,1,1,0.0,0.0,0,0,0.0,0.0
Bengaluru Dist,Doddaballapura Town PS,1.0442e+16,2016,1,1,Road Accidents,Narrow road,City/Town,Open area,Human Error,Yes,Grievous Injury,Hit and Run,Not Applicable,Others,State Highway,Bitumen(Tar),Dry,Not Applicable,Clear,BANGALORE GOWREBIDANUR ROAD,1,1,0.0,0.0,0,0,0.0,0.0
Bengaluru Dist,Doddaballapura Town PS,1.0442e+16,2016,1,3,Road Accidents,Bridge,City/Town,Narrow bridge or culverts,Human Error,No,Grievous Injury,Hit puchcart,No signal lights,Others,NH,Bitumen(Tar),Dry,Not Applicable,Clear,"GOURIBIDANOORU- DEVANAHALLI ROAD, DBPURA TOWN",1,1,0.0,0.0,0,0,0.0,0.0
Bengaluru Dist,Doddaballapura Town PS,1.0442e+16,2016,1,2,Road Accidents,Narrow road,City/Town,Open area,Human Error,No,Damage Only,Hit puchcart,Not at  Junction,Others,NH,Bitumen(Tar),Dry,Not Applicable,Clear,GOWRIBIDNORE TO DEVANAHALLI,1,1,0.0,0.0,0,0,0.0,0.0
Bengaluru Dist,Doddaballapura Town PS,1.0442e+16,2016,1,1,Road Accidents,Circle,City/Town,At pedestrian Crossing,Human Error,No,Grievous Injury,Hit pedestrian,No signal lights,Others,One way,Bitumen(Tar),Dry,Not Applicable,Clear,GANDI CIRCLE ROAD DODDABALLAPURA,1,1,0.0,0.0,0,0,0.0,0.0
Bengaluru Dist,Doddaballapura Town PS,1.0442e+16,2016,1,1,Road Accidents,Narrow road,City/Town,Near Hospital,Human Error,Yes,Grievous Injury,Hit pedestrian,Not at  Junction,Others,City or Town Road,Bitumen(Tar),Dry,Not Applicable,Clear,D CROSS ROAD,1,1,0.0,0.0,0,0,0.0,0.0
Bengaluru Dist,Doddaballapura Town PS,1.0442e+16,2016,1,1,Road Accidents,Narrow road,City/Town,Open area,Human Error,No,Grievous Injury,Hit pedestrian,Not at  Junction,Not Applicable,Two way,Bitumen(Tar),Dry,Not Applicable,Clear,GOWREBEDNOOR BANGALORE ROAD,1,1,0.0,0.0,0,0,0.0,0.0
Bengaluru Dist,Doddaballapura Town PS,1.0442e+16,2016,1,1,Road Accidents,Narrow road,City/Town,Open area,Human Error,No,Grievous Injury,Hit parked vehicle,No signal lights,Others,State Highway,Bitumen(Tar),Dry,Not Applicable,Clear,RAIWAY GATE# TO RAIWAY STATION ROAD,1,1,0.0,0.0,0,0,0.0,0.0
Bengaluru Dist,Doddaballapura Town PS,1.0442e+16,2016,1,2,Road Accidents,Railway crossing,City/Town,Open area,Human Error,Yes,Simple Injury,Hit and Run,Controlled,Hump,State Highway,Bitumen(Tar),Others,Not Applicable,Clear,SH,NEAR MUTHURU,02 KM,0.0,0.0,0,1,0.0,1.0
Bengaluru Dist,Doddaballapura Town PS,1.0442e+16,2016,1,2,Road Accidents,Circle,City/Town,Near Bus stop,Human Error,No,Grievous Injury,Hit puchcart,Not Applicable,Others,NH,Bitumen(Tar),Dry,Not Applicable,Clear,BANGALORE GOWREBIDANUR ROAD,1,1,0.0,0.0,0,0,0.0,0.0
Bengaluru Dist,Doddaballapura Town PS,1.0442e+16,2016,1,1,Road Accidents,Narrow road,City/Town,Near office complex,Human Error,Yes,Grievous Injury,Hit and Run,No signal lights,Others,State Highway,Bitumen(Tar),Dry,Not Applicable,Clear,Dabaspete To  Doddaballapura  Road,1,1,0.0,0.0,0,0,0.0,0.0
Bengaluru Dist,Doddaballapura Town PS,1.0442e+16,2016,1,2,Road Accidents,Narrow road,City/Town,Near office complex,Human Error,No,Fatal,Hit puchcart,No signal lights,Others,City or Town Road,Bitumen(Tar),Dry,Not Applicable,Clear,Scout Camp Road DBPURA TOWN,1,1,0.0,0.0,0,0,0.0,0.0
Bengaluru Dist,Doddaballapura Town PS,1.0442e+16,2016,1,1,Road Accidents,More than four arms,City/Town,Near Bus stop,Human Error,Yes,Simple Injury,Hit and Run,No signal lights,Others,State Highway,Bitumen(Tar),Dry,Not Applicable,Dust Storn,"Tumkur to cb pura road, doddaballapura",1,1,0.0,0.0,0,0,0.0,0.0
Bengaluru Dist,Doddaballapura Town PS,1.0442e+16,2016,1,1,Road Accidents,Narrow road,City/Town,In bazaar,Human Error,No,Grievous Injury,Hit pedestrian,Not Applicable,Others,Two way,Bitumen(Tar),Dry,Not Applicable,Clear,doddaballapuratown near sbm byank,1,1,0.0,0.0,0,0,0.0,0.0
Bengaluru Dist,Doddaballapura Town PS,1.0442e+16,2016,1,2,Road Accidents,Other,City/Town,Open area,Human Error,No,Damage Only,Right Turn Collision,Not at  Junction,Others,NH,Bitumen(Tar),Dry,Not Applicable,Clear,BANGALORE GOWREBIDANUR ROAD,1,1,0.0,0.0,0,0,0.0,0.0
Bengaluru Dist,Doddaballapura Town PS,1.0442e+16,2016,1,2,Road Accidents,Narrow road,City/Town,Near office complex,Human Error,Yes,Grievous Injury,Hit and Run,No signal lights,Others,NH,Bitumen(Tar),Dry,Not Applicable,Clear,Bengalore to Gouribidunooru Road,1,1,0.0,0.0,0,0,0.0,0.0
Bengaluru Dist,Doddaballapura Town PS,1.0442e+16,2016,1,1,Road Accidents,Cross roads,City/Town,Near Bus stop,Human Error,Yes,Grievous Injury,Hit pedestrian,Not Applicable,Slight Curve,City or Town Road,Bitumen(Tar),Dry,Not Applicable,Clear,sawndaryamahal sarcal,1,1,0.0,0.0,0,0,0.0,0.0