DISTRICTNAME,UNITNAME,Crime_No,Year,RI,Noofvehicle_involved,Accident_Classification,Accident_Spot,Accident_Location,Accident_SubLocation,Main_Cause,Hit_Run,Severity,Collision_Type,Junction_Control,Road_Character,Road_Type,Surface_Type,Surface_Condition,Road_Condition,Weather,Accident_Road,Landmark_first,Distance_LandMark_First,Latitude,Longitude,Road_Condition_Score,Surface_Condition_Score,Surface_Type_Score,Road_Risk_Index
Bengaluru Dist,Doddaballapura Town PS,1.0442e+16,2016,1,1,Road Accidents,Narrow road,City/Town,Near office complex,Human Error,No,Grievous Injury,Hit puchcart,Not Applicable,Others,NH,Bitumen(Tar),Dry,Not Applicable,Clear,"Tumkur to cb pura road, doddaballapura",1,1,0.0,0.0,0,0,0.0,0.0
Bengaluru Dist,Doddaballapura Town PS,1.0442e+16,2016,1,1,Road Accidents,Other,City/Town,Near a recreation place/cinema,Human Error,Yes,Grievous Injury,Hit and Run,No signal lights,Others,City or Town Road,Bitumen(Tar),Dry,Not Applicable,Clear,GHANDICIRCLE ROAD,1,1,0.0,0.0,0,0,0.0,0.0
Bengaluru Dist,Doddaballapura Town PS,1.0442e+16,2016,1,2,Road Accidents,Narrow road,City/Town,Near a religious place,Human Error,No,Grievous Injury,Hit puchcart,No signal lights,Others,Others,Bitumen(Tar),Dry,Not Applicable,Clear,BUS STAND TO D CROSS ROAD DODDABALLAPURA,1,1,0.0,0.0,0,0,0.0,0.0
Bengaluru Dist,Doddaballapura Town PS,1.0442e+16,2016,1,2,Road Accidents,Narrow road,City/Town,Near office complex,Human Error,No,Grievous Injury,Hit puchcart,Not Applicable,Others,State Highway,Bitumen(Tar),Dry,Not Applicable,Clear,Taluk Office Basavabhavana Road,1,1,0.0,0.0,0,0,0.0,0.0
Bengaluru Dist,Doddaballapura Town PS,1.0442e+16,2016,1,1,Road Accidents,Offset,City/Town,Narrow bridge or culverts,Human Error,Not Applicable,Damage Only,Skidding or Self accident,Uncontrolled,Others,NH,Bitumen(Tar),Dry,Not Applicable,Clear,"GOURIBIDANOORU- DEVANAHALLI ROAD, DBPURA TOWN",1,1,0.0,0.0,0,0,0.0,0.0
Bengaluru Dist,Doddaballapura Town PS,1.0442e+16,2016,1,1,Road Accidents,Narrow road,City/Town,Near School or College,Human Error,No,Grievous Injury,Right Turn Collision,Not Applicable,Others,City or Town Road,Bitumen(Tar),Dry,Not Applicable,Clear,COURT ROAD,1,1,0.0,0.0,0,0,0.0,0.0
Bengaluru Dist,Doddaballapura Town PS,1.0442e+16,2016,1,1,Road Accidents,Narrow road,City/Town,Near office complex,Human Error,No,Grievous Injury,Hit puchcart,Not at  Junction,Others,NH,Bitumen(Tar),Dry,Not Applicable,Clear,"GOURIBIDANOORU-BENGALORE ROAD, DBPURA TOWN",1,1,0.0,0.0,0,0,0.0,0.0
Bengaluru Dist,Doddaballapura Town PS,1.0442e+16,2016,1,2,Road Accidents,Narrow road,City/Town,Near Bus stop,Human Error,No,Grievous Injury,Hit puchcart,No signal lights,Others,State Highway,Bitumen(Tar),Dry,Not Applicable,Clear,BANGLORE GOURIBIDNORU,1,1,0.0,0.0,0,0,0.0,0.0
Bengaluru Dist,Doddaballapura Town PS,1.0442e+16,2016,1,1,Road Accidents,Other,City/Town,Near a recreation place/cinema,Human Error,Yes,Simple Injury,Hit and Run,No signal lights,Others,State Highway,Bitumen(Tar),Dry,Not Applicable,Clear,DODDABALLAPURA TO NELAMANGALA ROAD DBPURA TOWN,1,1,0.0,0.0,0,0,0.0,0.0
Bengaluru Dist,Doddaballapura Town PS,1.0442e+16,2016,1,2,Road Accidents,Narrow road,City/Town,Open area,Human Error,No,Simple Injury,Hit puchcart,No signal lights,Others,NH,Bitumen(Tar),Dry,Not Applicable,Clear,Bengalore to Gouribidunooru Road,1,1,0.0,0.0,0,0,0.0,0.0
Bengaluru Dist,Doddaballapura Town PS,1.0442e+16,2016,1,1,Road Accidents,Narrow road,City/Town,Open area,Human Error,No,Fatal,Hit pedestrian,Not at  Junction,Others,City or Town Road,Bitumen(Tar),Dry,Not Applicable,Clear,Railway Station to Scout Camp Road.,1,1,0.0,0.0,0,0,0.0,0.0
Bengaluru Dist,Doddaballapura Town PS,1.0442e+16,2016,1,1,Road Accidents,Circle,City/Town,In bazaar,Human Error,No,Simple Injury,Hit pedestrian,Not Applicable,Others,City or Town Road,Bitumen(Tar),Dry,Not Applicable,Clear,CHIKKAPETE,1,1,0.0,0.0,0,0,0.0,0.0
Bengaluru Dist,Doddaballapura Town PS,1.0442e+16,2016,1,2,Road Accidents,Narrow road,City/Town,Near a religious place,Human Error,Yes,Grievous Injury,Hit parked vehicle,Not at  Junction,Others,City or Town Road,Bitumen(Tar),Dry,Not Applicable,Clear,NELAMANGALA TO DODDABALLAPURA,1,1,0.0,0.0,0,0,0.0,0.0
Bengaluru Dist,Doddaballapura Town PS,1.0442e+16,2016,1,1,Road Accidents,Narrow road,City/Town,Near a religious place,Human Error,Yes,Grievous Injury,Hit and Run,No signal lights,Not Applicable,City or Town Road,Bitumen(Tar),Dry,Not Applicable,Clear,Taluk Office Basavabhavana Road,1,1,0.0,0.0,0,0,0.0,0.0
Bengaluru Dist,Doddaballapura Town PS,1.0442e+16,2017,1,1,Road Accidents,Narrow road,City/Town,Near a religious place,Human Error,No,Grievous Injury,Hit pedestrian,No signal lights,Others,City or Town Road,Bitumen(Tar),Dry,Not Applicable,Clear,Gouribidanuru BeNGALORE Road,1,1,0.0,0.0,0,0,0.0,0.0
Bengaluru Dist,Doddaballapura Town PS,1.0442e+16,2017,1,2,Road Accidents,Railway crossing,City/Town,Narrow bridge or culverts,Vehicle Defect,Not Applicable,Damage Only,Others,No signal lights,Not Applicable,NH,Bitumen(Tar),Dry,Not Applicable,Clear,BANGLORE TO GOWRIBIDNORE,1,1,0.0,0.0,0,0,0.0,0.0
Bengaluru Dist,Doddaballapura Town PS,1.0442e+16,2017,1,2,Road Accidents,Other,City/Town,Near office complex,Human Error,No,Simple Injury,Hit puchcart,No signal lights,Others,City or Town Road,Bitumen(Tar),Others,Not Applicable,Clear,Taluk Office Basavabhavana Road,1,1,0.0,0.0,0,1,0.0,1.0
Bengaluru Dist,Doddaballapura Town PS,1.0442e+16,2017,1,1,Road Accidents,Other,City/Town,Residential area,Human Error,Yes,Fatal,Side swipe,Not Applicable,Straight and flat,City or Town Road,Bitumen(Tar),Dry,Not Applicable,Fine,"Near rumale Circle, D B Pura town",Near rumale Circle,1 KM,0.0,0.0,0,0,0.0,0.0
Bengaluru Dist,Doddaballapura Town PS,1.0442e+16,2017,1,1,Road Accidents,Narrow road,City/Town,Open area,Human Error,Yes,Grievous Injury,Hit pedestrian,No signal lights,Others,State Highway,Bitumen(Tar),Dry,Not Applicable,Clear,Taluk Office Basavabhavana Road,1,1,0.0,0.0,0,0,0.0,0.0
Bengaluru Dist,Doddaballapura Town PS,1.0442e+16,2017,1,2,Road Accidents,Narrow road,City/Town,Near Bus stop,Human Error,Yes,Grievous Injury,Hit and Run,No signal lights,Others,State Highway,Bitumen(Tar),Dry,Not Applicable,Clear,Bengalore to Gouribidunooru Road,1,1,0.0,0.0,0,0,0.0,0.0
Bengaluru Dist,Doddaballapura Town PS,1.0442e+16,2017,1,2,Road Accidents,Narrow road,City/Town,Near a religious place,Human Error,Not Applicable,Fatal,Head on,Uncontrolled,Not Applicable,NH,Bitumen(Tar),Dry,Not Applicable,Others,Gowribidanuru Bengaluru,Near D Cross Church,100Mtr,0.0,0.0,0,0,0.0,0.0
Bengaluru Dist,Doddaballapura Town PS,1.0442e+16,2017,1,2,Road Accidents,Narrow road,City/Town,Open area,Human Error,No,Damage Only,Others,Not Applicable,Not Applicable,State Highway,Bitumen(Tar),Dry,Not Applicable,Fine,STATE HIGHWAY,NEAR MUTHRU,3,0.0,0.0,0,0,0.0,0.0
Bengaluru Dist,Doddaballapura Town PS,1.0442e+16,2017,1,2,Road Accidents,Narrow road,City/Town,Open area,Human Error,No,Damage Only,Hit puchcart,No signal lights,Others,State Highway,Bitumen(Tar),Dry,Not Applicable,Clear,Bengalore to Gouribidunooru Road Doddaballapura Town,1,1,0.0,0.0,0,0,0.0,0.0
Bengaluru Dist,Doddaballapura Town PS,1.0442e+16,2017,1,1,Road Accidents,Narrow road,City/Town,Near a religious place,Human Error,No,Grievous Injury,Hit bicyclist,No signal lights,Others,City or Town Road,Bitumen(Tar),Dry,Not Applicable,Clear,NELAMANGALA TO DODDABALLAPURA,1,1,0.0,0.0,0,0,0.0,0.0
Bengaluru Dist,Doddaballapura Town PS,1.0442e+16,2017,1,2,Road Accidents,Narrow road,City/Town,Near Petrol Pump,Human Error,No,Simple Injury,Hit puchcart,No signal lights,Others,State Highway,Bitumen(Tar),Dry,Not Applicable,Clear,"BENGLORE GOURIBIDANURU ROAD, DODDABALLAPURA TOWN",1,1,0.0,0.0,0,0,0.0,0.0
Bengaluru Dist,Doddaballapura Town PS,1.0442e+16,2017,1,1,Road Accidents,Other,Rural Areas,Open area,Human Error,Not Applicable,Fatal,Hit pedestrian,Uncontrolled,Others,NH,Kutcha,Dry,Not Applicable,Others,Doddaballapura Bengaluru,Chaitra Bar & Restuarant,3 KM,0.0,0.0,0,0,4.0,4.0
Bengaluru Dist,Doddaballapura Town PS,1.0442e+16,2017,1,2,Road Accidents,Narrow road,City/Town,Near Petrol Pump,Human Error,No,Simple Injury,Hit puchcart,No signal lights,Others,NH,Bitumen(Tar),Dry,Not Applicable,Clear,Bengalore to Gouribidunooru Road,1,1,0.0,0.0,0,0,0.0,0.0
Bengaluru Dist,Doddaballapura Town PS,1.0442e+16,2017,1,2,Road Accidents,Narrow road,City/Town,Near Petrol Pump,Not Applicable,Yes,Grievous Injury,Hit and Run,No signal lights,Not Applicable,City or Town Road,Bitumen(Tar),Dry,Not Applicable,Clear,DODDABALLAPURA TO NELAMNGALA ROAD,1,1,0.0,0.0,0,0,0.0,0.0
Bengaluru Dist,Doddaballapura Town PS,1.0442e+16,2017,1,1,Road Accidents,Cross roads,City/Town,At pedestrian Crossing,Human Error,Yes,Grievous Injury,Hit pedestrian,Not Applicable,Others,City or Town Road,Bitumen(Tar),Dry,Not Applicable,Clear,KALAMMA TEMPLE ROAD,1,1,0.0,0.0,0,0,0.0,0.0
Bengaluru Dist,Doddaballapura Town PS,1.0442e+16,2017,1,1,Road Accidents,Other,City/Town,Near a religious place,Not Applicable,Yes,Simple Injury,Hit and Run,Uncontrolled,Others,Others,Bitumen(Tar),Dry,No influence on accident,Clear,other road,Near Muthyalamma Temple,2,0.0,0.0,0,0,0.0,0.0
Bengaluru Dist,Doddaballapura Town PS,1.0442e+16,2017,1,1,Road Accidents,Narrow road,City/Town,Near School or College,Human Error,No,Fatal,Skidding or Self accident,Uncontrolled,Others,City or Town Road,Bitumen(Tar),Dry,Not Applicable,Others,Kongadiyappa College Road,Kongadiyappa College,3 KM,0.0,0.0,0,0,0.0,0.0
Bengaluru Dist,Doddaballapura Town PS,1.0442e+16,2017,1,2,Road Accidents,Cross roads,City/Town,Open area,Human Error,Not Applicable,Fatal,Head on,Uncontrolled,Slight Curve,NH,Bitumen(Tar),Dry,Not Applicable,Others,Gowribidanuru Bengaluru Road,In front of Golden Era Layout,3 KM,0.0,0.0,0,0,0.0,0.0
Bengaluru Dist,Doddaballapura Town PS,1.0442e+16,2017,1,2,Road Accidents,Narrow road,City/Town,Near a religious place,Human Error,No,Simple Injury,Hit puchcart,No signal lights,Others,City or Town Road,Bitumen(Tar),Dry,Not Applicable,Clear,DBPURA TO GOURIBIDANURU ROAD,1,1,0.0,0.0,0,0,0.0,0.0
Bengaluru Dist,Doddaballapura Town PS,1.0442e+16,2017,1,2,Road Accidents,Narrow road,City/Town,Near a religious place,Human Error,No,Grievous Injury,Hit puchcart,No signal lights,Others,City or Town Road,Bitumen(Tar),Dry,Not Applicable,Clear,DBPURA TO GOURIBIDANURU ROAD,1,1,0.0,0.0,0,0,0.0,0.0
Bengaluru Dist,Doddaballapura Town PS,1.0442e+16,2018,1,2,Road Accidents,Circle,City/Town,Near a religious place,Human Error,No,Grievous Injury,Others,Not Applicable,Others,City or Town Road,Bitumen(Tar),Dry,Not Applicable,Clear,MARUTHINAGARA,1,1,0.0,0.0,0,0,0.0,0.0
Bengaluru Dist,Doddaballapura Town PS,1.0442e+16,2018,1,2,Road Accidents,Other,City/Town,Near or inside a village,Human Error,Yes,Fatal,Hit and Run,Not Applicable,Straight and flat,State Highway,Bitumen(Tar),Dry,Not Applicable,Clear,SH,BHUVANESWARI BADAVANE,2 KM,0.0,0.0,0,0,0.0,0.0
Bengaluru Dist,Doddaballapura Town PS,1.0442e+16,2018,1,1,Road Accidents,Other,City/Town,Near Bus stop,Human Error,No,Fatal,Others,Not Applicable,Straight and flat,NH,Bitumen(Tar),Dry,Not Applicable,Fine,"D'Cross, Gowribidanuru-Bengaluru road, D B Pura Town",Lechus Bekary,20metr,0.0,0.0,0,0,0.0,0.0
Bengaluru Dist,Doddaballapura Town PS,1.0442e+16,2018,1,2,Road Accidents,Other,City/Town,Near Petrol Pump,Human Error,Not Applicable,Fatal,Rear end,Not Applicable,Straight and flat,State Highway,Bitumen(Tar),Dry,Not Applicable,Fine,SH-09,Infront of HP Petrol Bunk,2 KM,0.0,0.0,0,0,0.0,0.0
Bengaluru Dist,Doddaballapura Town PS,1.0442e+16,2018,1,1,Road Accidents,Other,City/Town,Near Bus stop,Human Error,No,Fatal,Hit pedestrian,Not Applicable,Others,Others,Bitumen(Tar),Dry,Not Applicable,Fine,Other road,Madagondanahalli cross,2,0.0,0.0,0,0,0.0,0.0
Bengaluru Dist,Doddaballapura Town PS,1.0442e+16,2018,1,2,Road Accidents,Other,City/Town,Near a religious place,Human Error,No,Fatal,Head on,Not Applicable,Straight and flat,City or Town Road,Bitumen(Tar),Others,Not Applicable,Fine,Town road,Gangadharapura Cross,2 KM,0.0,0.0,0,1,0.0,1.0
Bengaluru Dist,Doddaballapura Town PS,1.0442e+16,2018,1,2,Road Accidents,Other,City/Town,Near Bus stop,Human Error,Yes,Fatal,Hit and Run,Not Applicable,Straight and flat,NH,Bitumen(Tar),Dry,Not Applicable,Fine,"Near Preethi Bar and Restorent, D'Cross, D B Pura Town",Near Preethi Bar and Restorent,500 M,0.0,0.0,0,0,0.0,0.0
Bengaluru Dist,Doddaballapura Town PS,1.0442e+16,2018,1,1,Road Accidents,Circle,City/Town,Open area,Human Error,No,Grievous Injury,Not Applicable,No signal lights,Others,State Highway,Bitumen(Tar),Dry,Not Applicable,Clear,BANGLORE - GOWRIBIDNORE ROAD,1,1,0.0,0.0,0,0,0.0,0.0
Bengaluru Dist,Doddaballapura Town PS,1.0442e+16,2019,1,2,Road Accidents,Curves,City/Town,Open area,Human Error,No,Fatal,Vehicle to Vehicle,Not at  Junction,Curve,State Highway,Bitumen(Tar),Dry,Construction Work / Material,Wind,Hindupura-Bangalore State Highway near DBpura Town PS,Near BDpura Town police station,50 m,13.306887,77.54553,2,0,0.0,2.0
Bengaluru Dist,Doddaballapura Town PS,1.0442e+16,2019,1,2,Road Accidents,Cross roads,City/Town,Open area,Human Error,Yes,Grievous Injury,Vehicle to Vehicle,Uncontrolled,Curve,State Highway,Bitumen(Tar),Dry,No influence on accident,Clear,STATE HIGHWAY 09,NEAR PRIYANKA HOTEL,1,13.292076,77.5344289,0,0,0.0,0.0
Bengaluru Dist,Doddaballapura Town PS,1.0442e+16,2019,1,2,Road Accidents,Circle,City/Town,Open area,Human Error,No,Grievous Injury,Vehicle to Vehicle,Not at  Junction,Straight and flat,Residential Street,Bitumen(Tar),Dry,No influence on accident,Clear,OTHER ROAD,NEAR NAGARASABHE PUMP HOUSE,3,13.292548,77.544411,0,0,0.0,0.0
Bengaluru Dist,Doddaballapura Town PS,1.0442e+16,2019,1,2,Road Accidents,Narrow road,City/Town,Open area,Human Error,No,Grievous Injury,Vehicle to Vehicle,Uncontrolled,Straight and flat,Residential Street,Bitumen(Tar),Dry,No influence on accident,Clear,TOWN ROAD,NEAR NAGARA SHBHE,3,13.299219,77.539307,0,0,0.0,0.0
Bengaluru Dist,Doddaballapura Town PS,1.0442e+16,2019,1,2,Road Accidents,Narrow road,City/Town,Near Petrol Pump,Human Error,No,Grievous Injury,Vehicle to Vehicle,Uncontrolled,Straight and flat,State Highway,Bitumen(Tar),Dry,No influence on accident,Clear,STATE HIGHWAY 09,SIDDENAYAKANAHALLI PETROL BUNK,2,13.29607,77.550405,0,0,0.0,0.0
Bengaluru Dist,Doddaballapura Town PS,1.0442e+16,2019,1,2,Road Accidents,Not Applicable,City/Town,Near office complex,Not Applicable,No,Grievous Injury,Vehicle to Vehicle,Not Applicable,Others,State Highway,Bitumen(Tar),Dry,Construction Work / Material,Fine,Tar road,Juniar College,04 K M,13.30037,77.538701,2,0,0.0,2.0
Bengaluru Dist,Doddaballapura Town PS,1.0442e+16,2019,1,2,Road Accidents,Narrow road,City/Town,Open area,Human Error,Yes,Fatal,Vehicle to Vehicle,Uncontrolled,Straight and flat,NH,Bitumen(Tar),Dry,No influence on accident,Clear,NH,Near Nandini Dairy,2km,13.30911,77.537355,0,0,0.0,0.0
Bengaluru Dist,Doddaballapura Town PS,1.0442e+16,2019,1,1,Road Accidents,Narrow road,City/Town,Open area,Human Error,No,Grievous Injury,Hit bicyclist,Not at  Junction,Straight and flat,State Highway,Bitumen(Tar),Dry,No influence on accident,Clear,STATE HIGWAY,NEAR BARATH GAS GODOWN,2,13.306755,77.537466,0,0,0.0,0.0
Bengaluru Dist,Doddaballapura Town PS,1.0442e+16,2019,1,2,Road Accidents,Circle,City/Town,Open area,Human Error,Yes,Grievous Injury,Vehicle to Vehicle,Not at  Junction,Straight and flat,Service Road,Bitumen(Tar),Dry,No influence on accident,Clear,STATE HIGHWAY,NEAR RAILWAYSTATION CIRCLE,3,13.280821,77.551759,0,0,0.0,0.0
Bengaluru Dist,Doddaballapura Town PS,1.0442e+16,2019,1,1,Road Accidents,Cross roads,City/Town,Near Petrol Pump,Human Error,No,Grievous Injury,Not Applicable,Uncontrolled,Straight and flat,State Highway,Bitumen(Tar),Dry,No influence on accident,Clear,STATE HIGHWAY NO 09,NEAR SIDDENAYAKNAHALLI,3,13.29029,77.545494,0,0,0.0,0.0
Bengaluru Dist,Doddaballapura Town PS,1.0442e+16,2019,1,2,Road Accidents,Narrow road,Rural Areas,Near a religious place,Human Error,No,Fatal,Vehicle to Vehicle,Not at  Junction,Straight and flat,NH,Bitumen(Tar),Dry,No influence on accident,Fine,Devanahalli-Dabaspete Road,Near Muniraju Chickhen center,3 KM,13.306764,77.53169,0,0,0.0,0.0
Bengaluru Dist,Doddaballapura Town PS,1.0442e+16,2019,1,2,Rail Road Accidents,Narrow road,City/Town,Open area,Human Error,No,Grievous Injury,Vehicle to Vehicle,Not at  Junction,Straight and flat,State Highway,Bitumen(Tar),Dry,No influence on accident,Clear,STATE HIGHWAY,NEAR MUTHURU,3,13.288041,77.5517139,0,0,0.0,0.0
Bengaluru Dist,Doddaballapura Town PS,1.0442e+16,2019,1,2,Road Accidents,Circle,City/Town,Open area,Human Error,No,Simple Injury,Vehicle to Vehicle,Uncontrolled,Curve,NH,Bitumen(Tar),Dry,No influence on accident,Clear,NATIONAL HIGWAY 207,NEAR IB CIRCLE,1,13.291998,77.531219,0,0,0.0,0.0
Bengaluru Dist,Doddaballapura Town PS,1.0442e+16,2019,1,2,Road Accidents,Narrow road,City/Town,Open area,Human Error,Yes,Grievous Injury,Vehicle to Vehicle,Not at  Junction,Straight and flat,State Highway,Bitumen(Tar),Dry,No influence on accident,Clear,STATE HIGHWAY,NEAR VIDYANAGARA,3,13.308613,77.546929,0,0,0.0,0.0
Bengaluru Dist,Doddaballapura Town PS,1.0442e+16,2019,1,1,Road Accidents,Narrow road,City/Town,Near a religious place,Human Error,Yes,Grievous Injury,Hit pedestrian,Not at  Junction,Straight and flat,Residential Street,Bitumen(Tar),Dry,No influence on accident,Clear,OTHER TOWN ROAD,NEAR MUTHYALAMMA TEMPLE,3,13.306818,77.54593,0,0,0.0,0.0
Bengaluru Dist,Doddaballapura Town PS,1.0442e+16,2019,1,2,Road Accidents,Narrow road,City/Town,Open area,Human Error,No,Grievous Injury,Vehicle to Vehicle,Not at  Junction,Straight and flat,State Highway,Bitumen(Tar),Dry,No influence on accident,Clear,SH-9,NEAR MUTHURU,3,13.306596,77.539523,0,0,0.0,0.0
Bengaluru Dist,Doddaballapura Town PS,1.0442e+16,2019,1,2,Road Accidents,Narrow road,City/Town,Near School or College,Human Error,No,Grievous Injury,Vehicle to Vehicle,Not at  Junction,Straight and flat,Others,Bitumen(Tar),Dry,No influence on accident,Clear,OTHER ROAD,NEAR KHAS BAG,3,13.283387,77.546713,0,0,0.0,0.0
Bengaluru Dist,Doddaballapura Town PS,1.0442e+16,2019,1,1,Road Accidents,Narrow road,City/Town,Open area,Human Error,No,Fatal,Hit pedestrian,Not at  Junction,Straight and flat,Two way,Bitumen(Tar),Dry,No influence on accident,Fine,DBpura Town bus stop to railway station Road,near Khasabag Prestige Motors front,3 KM,13.283725,77.546619,0,0,0.0,0.0
Bengaluru Dist,Doddaballapura Town PS,1.0442e+16,2019,1,2,Road Accidents,Narrow road,City/Town,Open area,Human Error,No,Damage Only,Vehicle to Vehicle,Uncontrolled,Hump,NH,Bitumen(Tar),Dry,No influence on accident,Clear,NH 207,NH 207 ROAD OPPOSITE TO LAVANYA SCHOOL,1,13.308289,77.536419,0,0,0.0,0.0
Bengaluru Dist,Doddaballapura Town PS,1.0442e+16,2019,1,2,Road Accidents,Circle,City/Town,Open area,Human Error,No,Simple Injury,Vehicle to Vehicle,Uncontrolled,Curve,NH,Bitumen(Tar),Dry,No influence on accident,Clear,NH 207,DODDABALLAPURA TOWN IB CIRCLE,1,13.311682,77.5418539,0,0,0.0,0.0
Bengaluru Dist,Doddaballapura Town PS,1.0442e+16,2019,1,2,Road Accidents,Cross roads,City/Town,Open area,Human Error,No,Grievous Injury,Vehicle to Vehicle,Not at  Junction,Curve,Two way,Bitumen(Tar),Dry,No influence on accident,Clear,TOWN RAOD,NEAR MANSA HOSPITAL,1 KM,13.303445,77.544714,0,0,0.0,0.0
Bengaluru Dist,Doddaballapura Town PS,1.0442e+16,2019,1,2,Road Accidents,Narrow road,City/Town,Near Bus stop,Human Error,No,Damage Only,Vehicle to Vehicle,Not at  Junction,Curve,Others,Bitumen(Tar),Dry,No influence on accident,Clear,OTHER ROAD,GANDHI CIRCLE,3,13.293672,77.543941,0,0,0.0,0.0
Bengaluru Dist,Doddaballapura Town PS,1.0442e+16,2019,1,2,Road Accidents,Narrow road,City/Town,Open area,Human Error,No,Damage Only,Vehicle to Vehicle,Not at  Junction,Straight and flat,NH,Bitumen(Tar),Dry,No influence on accident,Clear,NATIONAL HIGHWAY 207,IN FRONT OF DODDABALLAPURA TOWN PS,100,13.308431,77.544179,0,0,0.0,0.0
Bengaluru Dist,Doddaballapura Town PS,1.0442e+16,2019,1,2,Rail Road Accidents,Circle,City/Town,Open area,Human Error,No,Grievous Injury,Vehicle to Vehicle,Not at  Junction,Curve,State Highway,Bitumen(Tar),Dry,No influence on accident,Clear,STATE HIGWAY,NEAR RAILWAY STATION,3 KM,13.280242,77.551911,0,0,0.0,0.0
Bengaluru Dist,Doddaballapura Town PS,1.0442e+16,2019,1,1,Road Accidents,Other,City/Town,Near Bus stop,Human Error,No,Fatal,Hit pedestrian,Not Applicable,Straight and flat,State Highway,Bitumen(Tar),Dry,Not Applicable,Fine,SH-09,Infront of Kwality Bar,500 Mt,13.312217,77.540716,0,0,0.0,0.0
Bengaluru Dist,Doddaballapura Town PS,1.0442e+16,2019,1,2,Road Accidents,Narrow road,City/Town,Near School or College,Human Error,No,Grievous Injury,Vehicle to Vehicle,Not at  Junction,Straight and flat,Others,Bitumen(Tar),Dry,No influence on accident,Clear,TOWN ROAD,KHASBAG,2,13.283101,77.546899,0,0,0.0,0.0
Bengaluru Dist,Doddaballapura Town PS,1.0442e+16,2019,1,2,Rail Road Accidents,Narrow road,City/Town,Open area,Human Error,Yes,Grievous Injury,Vehicle to Vehicle,Not at  Junction,Straight and flat,State Highway,Bitumen(Tar),Dry,No influence on accident,Clear,STATE HIGHWAY,NEAR KRN PARK,4 K M,13.283898,77.5315629,0,0,0.0,0.0
Bengaluru Dist,Doddaballapura Town PS,1.0442e+16,2019,1,1,Road Accidents,Narrow road,City/Town,Open area,Human Error,Yes,Grievous Injury,Hit pedestrian,Not at  Junction,Straight and flat,Others,Bitumen(Tar),Dry,No influence on accident,Clear,TOWN ROAD,BHUVANESHWARI NAGARA,3,13.298594,77.550619,0,0,0.0,0.0
Bengaluru Dist,Doddaballapura Town PS,1.0442e+16,2019,1,2,Road Accidents,Circle,City/Town,Near Petrol Pump,Human Error,No,Fatal,Vehicle to Vehicle,Not Applicable,Curve,State Highway,Bitumen(Tar),Dry,No influence on accident,Clear,SH,IB CIRCLE DODDABALLAPURA TOWN,2 KM,13.296118,77.550318,0,0,0.0,0.0
Bengaluru Dist,Doddaballapura Town PS,1.0442e+16,2019,1,2,Road Accidents,Narrow road,City/Town,Open area,Human Error,Not Applicable,Fatal,Vehicle to Vehicle,Not Applicable,Not Applicable,Major District Road,Not Applicable,Dry,Construction Work / Material,Not Applicable,Bengaluru-Hindupura road,Near Siddenayakanahalli,60,13.295143,77.55067,2,0,0.0,2.0
Bengaluru Dist,Doddaballapura Town PS,1.0442e+16,2019,1,2,Road Accidents,Cross roads,City/Town,Open area,Human Error,No,Grievous Injury,Vehicle to Vehicle,Uncontrolled,Straight and flat,NH,Bitumen(Tar),Dry,No influence on accident,Cloudy,NH 207,NEAR RMC MARKET,1,13.288971,77.537956,0,0,0.0,0.0
Bengaluru Dist,Doddaballapura Town PS,1.0442e+16,2019,1,1,Road Accidents,Narrow road,City/Town,Open area,Human Error,No,Grievous Injury,Hit pedestrian,Not Applicable,Straight and flat,Residential Street,Bitumen(Tar),Dry,No influence on accident,Clear,COURT ROAD,COURT ROAD NEAR PREM MOTORS,1,13.305922,77.542926,0,0,0.0,0.0
Bengaluru Dist,Doddaballapura Town PS,1.0442e+16,2019,1,2,Road Accidents,Circle,City/Town,Open area,Human Error,No,Damage Only,Vehicle to Vehicle,Not at  Junction,Curve,State Highway,Bitumen(Tar),Dry,No influence on accident,Clear,STATE HIGHWAY,NEAR KCP CIRCLE,3,13.281809,77.531816,0,0,0.0,0.0
Bengaluru Dist,Doddaballapura Town PS,1.0442e+16,2019,1,1,Road Accidents,Not Applicable,City/Town,Near Petrol Pump,Not Applicable,No,Damage Only,Not Applicable,Not Applicable,Not Applicable,Major District Road,Bitumen(Tar),Others,Construction Work / Material,Others,Bangalore-Hindupura road,H P Petrol Pump,Kanma,13.295315,77.5507,2,1,0.0,3.0
Bengaluru Dist,Doddaballapura Town PS,1.0442e+16,2020,1,2,Road Accidents,Not Applicable,City/Town,Residential area,Not Applicable,No,Grievous Injury,Vehicle to Vehicle,Not at  Junction,Others,One way,Bitumen(Tar),Dry,Not Applicable,Fine,"Bangalore-Hindupura road, Siddenayakanahalli",Near D Mart,500 M,13.285519,77.551504,0,0,0.0,0.0
Bengaluru Dist,Doddaballapura Town PS,1.0442e+16,2020,1,2,Not Applicable,Not Applicable,City/Town,Near Hospital,Not Applicable,Not Applicable,Simple Injury,Not Applicable,Not Applicable,Others,Others,Not Applicable,Others,Not Applicable,Others,SCOUT COMP ROAD,SCOUT COPM ROAD,3,13.280598,77.554178,0,1,0.0,1.0