DISTRICTNAME,UNITNAME,Crime_No,Year,RI,Noofvehicle_involved,Accident_Classification,Accident_Spot,Accident_Location,Accident_SubLocation,Main_Cause,Hit_Run,Severity,Collision_Type,Junction_Control,Road_Character,Road_Type,Surface_Type,Surface_Condition,Road_Condition,Weather,Accident_Road,Landmark_first,Distance_LandMark_First,Latitude,Longitude,Road_Condition_Score,Surface_Condition_Score,Surface_Type_Score,Road_Risk_Index
Bengaluru Dist,Doddaballapura Town PS,1.0442e+16,2020,1,2,Road Accidents,Narrow road,City/Town,Near Petrol Pump,Human Error,No,Fatal,Vehicle to Vehicle,Not at  Junction,Others,Others,Bitumen(Tar),Dry,No influence on accident,Fine,Railway station to Raghunathapura road,Near Indian Oil petrol bunk,4 K M,13.279898,77.555482,0,0,0.0,0.0
Bengaluru Dist,Doddaballapura Town PS,1.0442e+16,2020,1,1,Road Accidents,Narrow road,City/Town,Open area,Human Error,No,Fatal,Hit pedestrian,Not at  Junction,Straight and flat,Two way,Bitumen(Tar),Dry,No influence on accident,Fine,DBpura Town bus stop to D cross road near Nandi hospital,BR Tredars Shop front,1 Km,13.287057,77.542446,0,0,0.0,0.0
Bengaluru Dist,Doddaballapura Town PS,1.0442e+16,2020,1,2,Road Accidents,Narrow road,City/Town,Open area,Human Error,No,Grievous Injury,Vehicle to Vehicle,Not Applicable,Others,State Highway,Surfaced,Dry,No influence on accident,Clear,MUTHURU CROSS,DODDABALLAPURA TOWN,1KM,13.286431,77.552099,0,0,,
Bengaluru Dist,Doddaballapura Town PS,1.0442e+16,2020,1,2,Road Accidents,Narrow road,City/Town,Near office complex,Human Error,No,Fatal,Vehicle to Vehicle,Not at  Junction,Others,NH,Bitumen(Tar),Dry,No influence on accident,Fine,Dobbaspete-Devanahalli Road NH-207,Near Milk Dairy,1 KM,13.312755,77.540185,0,0,0.0,0.0
Bengaluru Dist,Doddaballapura Town PS,1.0442e+16,2020,1,2,Road Accidents,Narrow road,City/Town,Open area,Human Error,No,Fatal,Vehicle to Vehicle,Not at  Junction,Others,State Highway,Bitumen(Tar),Dry,No influence on accident,Fine,Hindupura-Bangalore,Ramdev granites,500 m,13.304406,77.548111,0,0,0.0,0.0
Bengaluru Dist,Doddaballapura Town PS,1.0442e+16,2020,1,1,Road Accidents,Narrow road,City/Town,Open area,Human Error,No,Fatal,Hit pedestrian,Not at  Junction,Straight and flat,Others,Bitumen(Tar),Dry,No influence on accident,Fine,KCP Circle To Taluk Office Road,Dinne basavanna Park Front Road,4 KM,13.28762,77.531273,0,0,0.0,0.0
Bengaluru Dist,Doddaballapura Town PS,1.0442e+16,2020,1,2,Road Accidents,Narrow road,City/Town,Open area,Human Error,No,Fatal,Vehicle to Vehicle,Not at  Junction,Curve,Others,Bitumen(Tar),Dry,No influence on accident,Fine,Dobbaspete-Devanahalli Road NH-207,Near RMC Yard,1 KM,13.313605,77.537987,0,0,0.0,0.0
Bengaluru Dist,Doddaballapura Town PS,1.0442e+16,2020,1,1,Road Accidents,Narrow road,City/Town,Residential area,Human Error,No,Fatal,Hit pedestrian,Not at  Junction,Straight and flat,Residential Street,Bitumen(Tar),Dry,No influence on accident,Fine,Near Excise office Court Road DBpura Town,Near excise Office,2 K M,13.303413,77.541789,0,0,0.0,0.0
Bengaluru Dist,Doddaballapura Town PS,1.0442e+16,2020,1,1,Not Applicable,Not Applicable,City/Town,Open area,Not Applicable,Not Applicable,Damage Only,Not Applicable,Not Applicable,Others,NH,Not Applicable,Others,Construction Work / Material,Others,BENGALORE -HINDUPUR NH ROAD,MUTTURU RODA,1,13.285834,77.5520679,2,1,0.0,3.0
Bengaluru Dist,Doddaballapura Town PS,1.0442e+16,2020,1,2,Road Accidents,Cross roads,City/Town,Residential area,Not Applicable,No,Grievous Injury,Vehicle to Vehicle,Not Applicable,Not Applicable,Others,Not Applicable,Not Applicable,Not Applicable,Very Hot,NEAR 7TH CROSS SHANTHINAGAR,0,3,13.295474,77.543406,0,0,0.0,0.0
Bengaluru Dist,Doddaballapura Town PS,1.0442e+16,2020,1,1,Road Accidents,Not Applicable,City/Town,Near School or College,Not Applicable,Not Applicable,Damage Only,Not Applicable,Not Applicable,Not Applicable,Others,Not Applicable,Others,Not Applicable,Fine,DODDABALLAPUR - NELAMANGAL ROAD,NEAR BASAVANNA TEMPLE,1,13.288094,77.5300789,0,1,0.0,1.0
Bengaluru Dist,Doddaballapura Town PS,1.0442e+16,2020,1,1,Road Accidents,Not Applicable,City/Town,Near or inside a village,Not Applicable,Not Applicable,Damage Only,Not Applicable,Not at  Junction,Others,State Highway,Not Applicable,Not Applicable,Not Applicable,Clear,BENGALORE HINDUPUR NATIONAL HIGHWAY,NEAR TB CIRCLE,0,13.309123,77.543939,0,0,0.0,0.0
Bengaluru Dist,Doddaballapura Town PS,1.0442e+16,2020,1,2,Road Accidents,Not Applicable,City/Town,Open area,Not Applicable,No,Damage Only,Vehicle to Vehicle,Not Applicable,Others,NH,Not Applicable,Others,Not Applicable,Others,HINDUPUR -BENGALORE ROAD  NEAR SIDDENAYAKANAHALLI,NH,2,13.298828,77.549843,0,1,0.0,1.0
Bengaluru Dist,Doddaballapura Town PS,1.0442e+16,2020,1,2,Road Accidents,Junction,City/Town,Near office complex,Human Error,No,Fatal,Vehicle to Vehicle,Uncontrolled,Straight and flat,State Highway,Bitumen(Tar),Dry,No influence on accident,Fine,Hindupura-Bangalore-Devanahalli,Near Rajasri compart,1 Km,13.302246,77.550492,0,0,0.0,0.0
Bengaluru Dist,Doddaballapura Town PS,1.0442e+16,2020,1,2,Road Accidents,Circle,City/Town,Near Hospital,Vehicle Defect,No,Damage Only,Vehicle to Vehicle,Not Applicable,Curve,Others,Not Applicable,Others,Not Applicable,Heavy Rain,ORTHER ROAD,DODDABALLAPURA TOWN,1,13.31167,77.541255,0,1,0.0,1.0
Bengaluru Dist,Doddaballapura Town PS,1.0442e+16,2020,1,2,Road Accidents,Junction,City/Town,Near Bus stop,Not Applicable,No,Damage Only,Vehicle to Vehicle,No signal lights,Others,Others,Not Applicable,Others,Not Applicable,Fine,THALUK OFFICE ROAD,DODDABALLAPURA TOWN,0,13.300958,77.538697,0,1,0.0,1.0
Bengaluru Dist,Doddaballapura Town PS,1.0442e+16,2020,1,1,Road Accidents,Road hump or Rumble strips,City/Town,Open area,Not Applicable,No,Simple Injury,Not Applicable,Not Applicable,Others,NH,Not Applicable,Not Applicable,Not Applicable,Very Hot,ORTHER ROAD,DODDABALLAPURA TOWN,3,13.281951,77.55227,0,0,0.0,0.0
Bengaluru Dist,Doddaballapura Town PS,1.0442e+16,2020,1,2,Road Accidents,Circle,City/Town,Near Bus stop,Not Applicable,No,Damage Only,Vehicle to Vehicle,No signal lights,Others,NH,Bitumen(Tar),Dry,Not Applicable,Others,Bangalore-Hindupura road,Near Railway station,300 m,13.281045,77.551961,0,0,0.0,0.0
Bengaluru Dist,Doddaballapura Town PS,1.0442e+16,2020,1,2,Road Accidents,Circle,City/Town,Near Bus stop,Not Applicable,Yes,Grievous Injury,Vehicle to Vehicle,Not Applicable,Not Applicable,Not Applicable,Bitumen(Tar),Others,Construction Work / Material,Clear,Tar Road,Bus Stop,500 m,13.312605,77.544528,2,1,0.0,3.0
Bengaluru Dist,Doddaballapura Town PS,1.0442e+16,2020,1,2,Road Accidents,Narrow road,City/Town,Open area,Human Error,No,Fatal,Vehicle to Vehicle,Not at  Junction,Others,State Highway,Bitumen(Tar),Dry,No influence on accident,Fine,Bangalore to Hindupura Road,near Siddenayakanahalli,2 KM,13.294071,77.540526,0,0,0.0,0.0
Bengaluru Dist,Doddaballapura Town PS,1.0442e+16,2020,1,1,Road Accidents,Narrow road,City/Town,Residential area,Human Error,No,Grievous Injury,Hit pedestrian,Not Applicable,Not Applicable,One way,Bitumen(Tar),Others,Not Applicable,Others,"Sanjayanagara, Nelamangala Main Road",Main Road,03 KM,13.271797,77.550526,0,1,0.0,1.0
Bengaluru Dist,Doddaballapura Town PS,1.0442e+16,2020,1,1,Road Accidents,Narrow road,City/Town,Open area,Human Error,No,Fatal,Hit pedestrian,Not at  Junction,Straight and flat,State Highway,Bitumen(Tar),Dry,No influence on accident,Others,Hindupura-Bangalore,Near police station,100 mt,13.308733,77.544397,0,0,0.0,0.0
Bengaluru Dist,Doddaballapura Town PS,1.0442e+16,2021,1,1,Road Accidents,Narrow road,City/Town,Near Bus stop,Human Error,No,Fatal,Not Applicable,Not at  Junction,Others,State Highway,Bitumen(Tar),Dry,No influence on accident,Fine,D.B.Pura-Bangalore Road,Near Thirumala wines,500 M,13.306524,77.546101,0,0,0.0,0.0
Bengaluru Dist,Doddaballapura Town PS,1.0442e+16,2021,1,1,Road Accidents,Narrow road,City/Town,Open area,Human Error,No,Fatal,Not Applicable,Not at  Junction,Straight and flat,State Highway,Bitumen(Tar),Dry,No influence on accident,Fine,Railway station to Mutturu road,Near Anjaneya temple Road,2.5 KM,13.285856,77.551711,0,0,0.0,0.0
Bengaluru Dist,Doddaballapura Town PS,1.0442e+16,2021,1,2,Road Accidents,Narrow road,City/Town,Open area,Human Error,Not Applicable,Damage Only,Vehicle to Vehicle,Not Applicable,Straight and flat,Others,Not Applicable,Not Applicable,No influence on accident,Others,OTHER ROAD,DODDABALLAPURA TOWN,1 KM,13.306306,77.537711,0,0,0.0,0.0
Bengaluru Dist,Doddaballapura Town PS,1.0442e+16,2021,1,3,Road Accidents,Narrow road,City/Town,Open area,Human Error,Not Applicable,Grievous Injury,Vehicle to Vehicle,Not Applicable,Straight and flat,State Highway,Bitumen(Tar),Dry,No influence on accident,Clear,Near Railway Under Bridge,DODDABALLAPURA TOWN,2.5 Km,13.282738,77.5535429,0,0,0.0,0.0
Bengaluru Dist,Doddaballapura Town PS,1.0442e+16,2021,1,1,Road Accidents,Narrow road,City/Town,Residential area,Human Error,No,Grievous Injury,Hit pedestrian,Controlled,Straight and flat,State Highway,Not Applicable,Dry,No influence on accident,Clear,DODDABALLAPURA TOWN,DODDABALLAPURA TOWN,01KM,13.306866,77.545971,0,0,0.0,0.0
Bengaluru Dist,Doddaballapura Town PS,1.0442e+16,2021,1,1,Road Accidents,Curves,City/Town,Open area,Human Error,No,Fatal,Not Applicable,Not at  Junction,Curve,State Highway,Bitumen(Tar),Dry,No influence on accident,Fine,Bangalore-Doddaballapur Road,Near Arkavathi bridge near,2 KM,13.296605,77.539773,0,0,0.0,0.0
Bengaluru Dist,Doddaballapura Town PS,1.0442e+16,2021,1,2,Road Accidents,Narrow road,City/Town,Near Petrol Pump,Human Error,No,Fatal,Vehicle to Vehicle,Not at  Junction,Others,State Highway,Bitumen(Tar),Dry,No influence on accident,Fine,Gowribidanuru-Doddaballapura Road,Near T S Mahadevaiah petrol bank,500 m,13.306495,77.545944,0,0,0.0,0.0
Bengaluru Dist,Doddaballapura Town PS,1.0442e+16,2021,1,1,Road Accidents,Narrow road,City/Town,Open area,Human Error,No,Fatal,Not Applicable,Not at  Junction,Straight and flat,State Highway,Bitumen(Tar),Others,No influence on accident,Others,Bangalore To Gowribidanuru,Mutturu circle near,3 Km,13.286797,77.551566,0,1,0.0,1.0
Bengaluru Dist,Doddaballapura Town PS,1.0442e+16,2021,1,1,Road Accidents,Narrow road,City/Town,Near Bus stop,Human Error,Yes,Simple Injury,Not Applicable,Not Applicable,Straight and flat,Others,Surfaced,Not Applicable,Not Applicable,Clear,BASAVA BHAVANA,DODDABALLAPURA TOWN,1 KM,13.287353,77.5341199,0,0,,
Bengaluru Dist,Doddaballapura Town PS,1.0442e+16,2021,1,1,Road Accidents,Circle,City/Town,Near Bus stop,Human Error,No,Fatal,Hit pedestrian,Not at  Junction,Others,State Highway,Bitumen(Tar),Dry,No influence on accident,Fine,Bangalore To Gowribidanuru,Near D Cross,500 M,13.306453,77.546093,0,0,0.0,0.0
Bengaluru Dist,Doddaballapura Town PS,1.0442e+16,2021,1,1,Road Accidents,Narrow road,City/Town,Residential area,Human Error,No,Fatal,Not Applicable,Not at  Junction,Others,Others,Bitumen(Tar),Dry,No influence on accident,Others,D.B.Pura to Nelamangala Road,Aralenne seenappa land near,4 K M,13.28693,77.542472,0,0,0.0,0.0
Bengaluru Dist,Doddaballapura Town PS,1.0442e+16,2021,1,1,Road Accidents,Narrow road,City/Town,At pedestrian Crossing,Human Error,No,Grievous Injury,Hit pedestrian,Controlled,Straight and flat,State Highway,Surfaced,Dry,No influence on accident,Clear,MUTHURU,DODDABALLAPURA TOWN,2km,13.287564,77.55175,0,0,,
Bengaluru Dist,Doddaballapura Town PS,1.0442e+16,2021,1,1,Road Accidents,Narrow road,City/Town,Open area,Human Error,No,Fatal,Not Applicable,Not at  Junction,Others,NH,Bitumen(Tar),Dry,No influence on accident,Fine,Dobbaspete-Devanahalli Road NH-207,Near Balaji Daba,2 KM,13.279524,77.550049,0,0,0.0,0.0
Bengaluru Dist,Doddaballapura Town PS,1.0442e+16,2021,1,2,Road Accidents,Narrow road,City/Town,Open area,Human Error,No,Grievous Injury,Vehicle to Vehicle,Not Applicable,Straight and flat,NH,Not Applicable,Dry,No influence on accident,Others,INFRONT OF RMC GATE,DODDABALLAPURA TOWN,500mtr,13.310165,77.539539,0,0,0.0,0.0
Bengaluru Dist,Doddaballapura Town PS,1.0442e+16,2021,1,1,Road Accidents,Cross roads,City/Town,Open area,Human Error,No,Fatal,Hit pedestrian,Uncontrolled,Others,State Highway,Bitumen(Tar),Others,Not Applicable,Others,Bangalore-Doddaballapura Road,Dbpura,150,13.280505,77.551634,0,1,0.0,1.0
Bengaluru Dist,Doddaballapura Town PS,1.0442e+16,2021,1,1,Road Accidents,Narrow road,City/Town,Open area,Human Error,Yes,Grievous Injury,Not Applicable,Controlled,Straight and flat,NH,Not Applicable,Others,No influence on accident,Clear,Near Rajashree Comfort,DODDABALLAPURA TOWN,1 km,13.303222,77.549279,0,1,0.0,1.0
Bengaluru Dist,Doddaballapura Town PS,1.0442e+16,2021,1,1,Road Accidents,Narrow road,City/Town,Near Hospital,Human Error,Not Applicable,Grievous Injury,Not Applicable,Controlled,Straight and flat,State Highway,Bitumen(Tar),Dry,No influence on accident,Others,Near Layans Club Hospital,DODDABALLAPURA TOWN,1km,13.308165,77.535048,0,0,0.0,0.0
Bengaluru Dist,Doddaballapura Town PS,1.0442e+16,2021,1,1,Road Accidents,Narrow road,City/Town,Residential area,Human Error,Yes,Simple Injury,Not Applicable,Not Applicable,Others,Service Road,Not Applicable,Others,Not Applicable,Cloudy,NEAR KMH CHOWTRY NELAMANGALA ROAD,DODDABALLAPURA TOWN,03KM,13.285342,77.53366,0,1,0.0,1.0
Bengaluru Dist,Doddaballapura Town PS,1.0442e+16,2021,1,1,Road Accidents,Curves,City/Town,Open area,Human Error,No,Fatal,Not Applicable,Uncontrolled,Curve,State Highway,Bitumen(Tar),Dry,Not Applicable,Fine,Bengaluru Gowribidanuru Road,near D Cross Railway gate,1 KM,13.300088,77.549661,0,0,0.0,0.0
Bengaluru Dist,Doddaballapura Town PS,1.0442e+16,2021,1,1,Road Accidents,Not Applicable,City/Town,Open area,Not Applicable,No,Fatal,Hit pedestrian,Uncontrolled,Others,NH,Bitumen(Tar),Others,Not Applicable,Others,Doddaballapura-Dobaspete Road,LVT Bar & Restaurant,150,13.310215,77.539661,0,1,0.0,1.0
Bengaluru Dist,Doddaballapura Town PS,1.0442e+16,2021,1,1,Road Accidents,Narrow road,City/Town,Open area,Human Error,No,Fatal,Hit pedestrian,Uncontrolled,Straight and flat,State Highway,Bitumen(Tar),Dry,No influence on accident,Others,Bangalore-Doddaballapura Road,Near Chaithra Bar & Resturant,1.6,13.285758,77.552587,0,0,0.0,0.0
Bengaluru Dist,Doddaballapura Town PS,1.0442e+16,2021,1,1,Road Accidents,Narrow road,City/Town,Residential area,Human Error,No,Fatal,Hit pedestrian,Not at  Junction,Others,Others,Bitumen(Tar),Dry,No influence on accident,Others,Doddaballapura-Nelamangala,Ravikumar house,3 KM,13.285826,77.537225,0,0,0.0,0.0
Bengaluru Dist,Doddaballapura Town PS,1.0442e+16,2021,1,1,Road Accidents,Narrow road,City/Town,At pedestrian Crossing,Human Error,No,Grievous Injury,Hit pedestrian,Not Applicable,Straight and flat,NH,Surfaced,Dry,No influence on accident,Clear,Near Muthuru,DODDABALLAPURA TOWN,3km,13.292624,77.544086,0,0,,
Bengaluru Dist,Doddaballapura Town PS,1.0442e+16,2021,1,1,Road Accidents,Narrow road,City/Town,Near Petrol Pump,Human Error,No,Grievous Injury,Hit pedestrian,Controlled,Straight and flat,Others,Surfaced,Dry,No influence on accident,Clear,NEAR PETROL BUNK RAGHUNATHAPURA ROAD,DODDABALLAPURA TOWN,3 KM,13.280919,77.554822,0,0,,
Bengaluru Dist,Doddaballapura Town PS,1.0442e+16,2022,1,1,Road Accidents,Not Applicable,City/Town,Open area,Human Error,No,Fatal,Hit pedestrian,Not at  Junction,Others,State Highway,Bitumen(Tar),Dry,Not Applicable,Clear,Infront of GK Green Valley Layout,Infront of GK Green Valley Layout,3 KM,13.284104,77.530973,0,0,0.0,0.0
Bengaluru Dist,Doddaballapura Town PS,1.0442e+16,2022,1,2,Road Accidents,Narrow road,City/Town,Open area,Human Error,No,Grievous Injury,Vehicle to Vehicle,Controlled,Straight and flat,State Highway,Bitumen(Tar),Dry,No influence on accident,Clear,D mart,DODDABALLAPURA TOWN,2KM,13.28993,77.551798,0,0,0.0,0.0
Bengaluru Dist,Doddaballapura Town PS,1.0442e+16,2022,1,1,Road Accidents,Narrow road,City/Town,At pedestrian Crossing,Human Error,Not Applicable,Simple Injury,Hit pedestrian,Controlled,Straight and flat,State Highway,Bitumen(Tar),Dry,No influence on accident,Clear,TB Circle,DODDABALLAPURA TOWN,500mtr,13.305836,77.5416049,0,0,0.0,0.0
Bengaluru Dist,Doddaballapura Town PS,1.0442e+16,2022,1,2,Road Accidents,Circle,City/Town,Open area,Human Error,Not Applicable,Damage Only,Vehicle to Vehicle,Controlled,Straight and flat,State Highway,Bitumen(Tar),Dry,No influence on accident,Clear,Railway Station Circle,DODDABALLAPURA TOWN,2.5 Km,13.279495,77.552011,0,0,0.0,0.0
Bengaluru Dist,Doddaballapura Town PS,1.0442e+16,2022,1,2,Road Accidents,Narrow road,City/Town,Open area,Human Error,Not Applicable,Simple Injury,Vehicle to Vehicle,Not Applicable,Straight and flat,State Highway,Bitumen(Tar),Dry,No influence on accident,Clear,Siddenayakanahalli,DODDABALLAPURA TOWN,2KM,13.29393,77.544053,0,0,0.0,0.0
Bengaluru Dist,Doddaballapura Town PS,1.0442e+16,2022,1,2,Road Accidents,Circle,City/Town,Near Bus stop,Human Error,No,Damage Only,Vehicle to Vehicle,Controlled,Curve,State Highway,Bitumen(Tar),Dry,No influence on accident,Hail or Sleet,TB Circle,DODDABALLAPURA TOWN,500mtr,0.0,0.0,0,0,0.0,0.0
Bengaluru Dist,Doddaballapura Town PS,1.0442e+16,2022,1,2,Road Accidents,Circle,City/Town,Near office complex,Human Error,No,Damage Only,Vehicle to Vehicle,Controlled,Straight and flat,State Highway,Bitumen(Tar),Dry,No influence on accident,Clear,D Mart,DODDABALLAPURA TOWN,2km,13.290524,77.551854,0,0,0.0,0.0
Bengaluru Dist,Doddaballapura Town PS,1.0442e+16,2022,1,2,Road Accidents,Circle,City/Town,Residential area,Human Error,Not Applicable,Grievous Injury,Vehicle to Vehicle,Controlled,Curve,State Highway,Bitumen(Tar),Dry,No influence on accident,Clear,Taluk Office Circle,DODDABALLAPURA TOWN,2.5 km,13.297285,77.538777,0,0,0.0,0.0
Bengaluru Dist,Doddaballapura Town PS,1.0442e+16,2022,1,2,Road Accidents,Narrow road,City/Town,Near Bus stop,Human Error,No,Grievous Injury,Vehicle to Vehicle,Controlled,Straight and flat,State Highway,Bitumen(Tar),Dry,No influence on accident,Clear,Railway Station Circle,DODDABALLAPURA TOWN,2.5 Km,13.279825,77.55197,0,0,0.0,0.0
Bengaluru Dist,Doddaballapura Town PS,1.0442e+16,2022,1,2,Road Accidents,Narrow road,City/Town,Open area,Human Error,No,Damage Only,Vehicle to Vehicle,Not Applicable,Straight and flat,State Highway,Bitumen(Tar),Dry,No influence on accident,Clear,TB Circle,DODDABALLAPURA TOWN,500mtr,13.28104,77.552186,0,0,0.0,0.0
Bengaluru Dist,Doddaballapura Town PS,1.0442e+16,2022,1,2,Road Accidents,Narrow road,Rural Areas,Near School or College,Human Error,No,Grievous Injury,Vehicle to Vehicle,Controlled,Straight and flat,Others,Bitumen(Tar),Others,No influence on accident,Clear,Infront Of Mahaveer Jain School,DODDABALLAPURA TOWN,1 km,13.292909,77.538012,0,1,0.0,1.0
Bengaluru Dist,Doddaballapura Town PS,1.0442e+16,2022,1,2,Road Accidents,Not Applicable,City/Town,Near Bus stop,Human Error,Yes,Simple Injury,Vehicle to Vehicle,Controlled,Straight and flat,Others,Bitumen(Tar),Dry,No influence on accident,Others,Railway Under Bridge,DODDABALLAPURA TOWN,3 KM,13.287606,77.552685,0,0,0.0,0.0
Bengaluru Dist,Doddaballapura Town PS,1.0442e+16,2022,1,2,Road Accidents,Narrow road,City/Town,Near School or College,Human Error,Yes,Grievous Injury,Vehicle to Vehicle,Controlled,Straight and flat,State Highway,Bitumen(Tar),Dry,No influence on accident,Clear,Near Thotagarike Ilakhe,DODDABALLAPURA TOWN,1.5 Km,13.297218,77.538829,0,0,0.0,0.0
Bengaluru Dist,Doddaballapura Town PS,1.0442e+16,2022,1,1,Road Accidents,Narrow road,City/Town,Near Bus stop,Human Error,Not Applicable,Grievous Injury,Hit pedestrian,Controlled,Straight and flat,NH,Bitumen(Tar),Dry,No influence on accident,Clear,Railway Station Bus Stand,DODDABALLAPURA TOWN,2.5 Km,13.288127,77.531975,0,0,0.0,0.0
Bengaluru Dist,Doddaballapura Town PS,1.0442e+16,2022,1,2,Road Accidents,Curves,City/Town,Open area,Human Error,No,Damage Only,Vehicle to Vehicle,Not Applicable,Straight and flat,State Highway,Bitumen(Tar),Dry,No influence on accident,Clear,Rajashree Comfort Circle,DODDABALLAPURA TOWN,1KM,13.282378,77.548382,0,0,0.0,0.0
Bengaluru Dist,Doddaballapura Town PS,1.0442e+16,2022,1,2,Road Accidents,Narrow road,City/Town,Open area,Human Error,Yes,Fatal,Vehicle to Vehicle,Not Applicable,Straight and flat,State Highway,Bitumen(Tar),Dry,Not Applicable,Others,Bangalore-Gowribidnuru road,Near D Mart,2 KM,13.290909,77.552019,0,0,0.0,0.0
Bengaluru Dist,Doddaballapura Town PS,1.0442e+16,2022,1,2,Road Accidents,Circle,City/Town,Open area,Human Error,No,Grievous Injury,Vehicle to Vehicle,Controlled,Others,State Highway,Bitumen(Tar),Ditch or Potholed,No influence on accident,Hail or Sleet,Court Cross,DODDABALLAPURA TOWN,400 mt,13.31129,77.541973,0,5,0.0,5.0
Bengaluru Dist,Doddaballapura Town PS,1.0442e+16,2022,1,1,Road Accidents,Not Applicable,City/Town,Open area,Human Error,No,Fatal,Not Applicable,Controlled,Straight and flat,State Highway,Bitumen(Tar),Dry,Not Applicable,Clear,Nelamangala-CB Pura Road,Jamiya Abdulla Ibn A Masjid,2.5,0.0,0.0,0,0,0.0,0.0
Bengaluru Dist,Doddaballapura Town PS,1.0442e+16,2022,1,2,Road Accidents,Narrow road,City/Town,Residential area,Human Error,No,Fatal,Not Applicable,Uncontrolled,Others,State Highway,Bitumen(Tar),Dry,Not Applicable,Fine,Bengaluru Gowribidanuru,Muthuru Village,2 KM,13.287599,77.5522999,0,0,0.0,0.0
Bengaluru Dist,Doddaballapura Town PS,1.0442e+16,2022,1,1,Road Accidents,Narrow road,City/Town,Near office complex,Human Error,No,Fatal,Hit pedestrian,Not at  Junction,Others,NH,Bitumen(Tar),Dry,No influence on accident,Fine,Dabaspete-Doddaballapura NH 207 road,Near Dairy circle,2 KM,13.281758,77.532093,0,0,0.0,0.0
Bengaluru Dist,Doddaballapura Town PS,1.0442e+16,2022,1,1,Road Accidents,Not Applicable,City/Town,Open area,Human Error,Yes,Grievous Injury,Hit pedestrian,Controlled,Straight and flat,Others,Bitumen(Tar),Dry,No influence on accident,Hail or Sleet,Shanthinagara,DODDABALLAPURA TOWN,2.5 Km,13.299104,77.529647,0,0,0.0,0.0
Bengaluru Dist,Doddaballapura Town PS,1.0442e+16,2022,1,2,Road Accidents,Narrow road,City/Town,Near Petrol Pump,Human Error,Not Applicable,Damage Only,Vehicle to Vehicle,Controlled,Straight and flat,State Highway,Bitumen(Tar),Dry,No influence on accident,Hail or Sleet,D Mart,DODDABALLAPURA TOWN,2.5 Km,13.290151,77.551727,0,0,0.0,0.0
Bengaluru Dist,Doddaballapura Town PS,1.0442e+16,2022,1,2,Road Accidents,Narrow road,City/Town,Near Bus stop,Human Error,Not Applicable,Grievous Injury,Vehicle to Vehicle,Controlled,Curve,State Highway,Bitumen(Tar),Dry,No influence on accident,Clear,Court Road,DODDABALLAPURA TOWN,2km,13.301769,77.541552,0,0,0.0,0.0
Bengaluru Dist,Doddaballapura Town PS,1.0442e+16,2022,1,2,Road Accidents,Not Applicable,City/Town,Open area,Human Error,No,Fatal,Vehicle to Vehicle,Controlled,Straight and flat,State Highway,Bitumen(Tar),Dry,Not Applicable,Fog / Mist,Nelamangala Road,Infront Of Kongadiyappa Collage,3 KM,13.288999,77.532216,0,0,0.0,0.0
Bengaluru Dist,Doddaballapura Town PS,1.0442e+16,2022,1,2,Road Accidents,Not Applicable,City/Town,Near School or College,Human Error,No,Grievous Injury,Vehicle to Vehicle,Not Applicable,Others,Others,Surfaced,Dry,No influence on accident,Hail or Sleet,"Near Adithya School, Sanjayanagara",DODDABALLAPURA TOWN,3 KM,13.280615,77.55153,0,0,,
Bengaluru Dist,Doddaballapura Town PS,1.0442e+16,2022,1,2,Road Accidents,Cross roads,City/Town,Open area,Human Error,No,Fatal,Vehicle to Vehicle,Uncontrolled,Sharp Curve,Others,Bitumen(Tar),Others,No influence on accident,Others,"Court road Cross, Doddaballapura Town",Near Court road Cross,1.6,13.286133,77.552458,0,1,0.0,1.0
Bengaluru Dist,Doddaballapura Town PS,1.0442e+16,2022,1,1,Road Accidents,Narrow road,City/Town,Near Bus stop,Human Error,Not Applicable,Grievous Injury,Hit bicyclist,Controlled,Straight and flat,NH,Bitumen(Tar),Dry,No influence on accident,Clear,"Near Chikkegowda Weigh Bridge, Dabaspete Road",DODDABALLAPURA TOWN,1.5 km,0.0,0.0,0,0,0.0,0.0
Bengaluru Dist,Doddaballapura Town PS,1.0442e+16,2022,1,2,Road Accidents,Cross roads,City/Town,Near Bus stop,Human Error,Not Applicable,Grievous Injury,Vehicle to Vehicle,Controlled,Straight and flat,State Highway,Bitumen(Tar),Flooded,No influence on accident,Clear,KCP Circle,DODDABALLAPURA TOWN,3.5 Km,13.282671,77.531541,0,5,0.0,5.0