DISTRICTNAME,UNITNAME,Crime_No,Year,RI,Noofvehicle_involved,Accident_Classification,Accident_Spot,Accident_Location,Accident_SubLocation,Main_Cause,Hit_Run,Severity,Collision_Type,Junction_Control,Road_Character,Road_Type,Surface_Type,Surface_Condition,Road_Condition,Weather,Accident_Road,Landmark_first,Distance_LandMark_First,Latitude,Longitude,Road_Condition_Score,Surface_Condition_Score,Surface_Type_Score,Road_Risk_Index
Bengaluru Dist,Doddaballapura Town PS,1.0442e+16,2022,1,1,Road Accidents,Not Applicable,City/Town,Near Bus stop,Human Error,Not Applicable,Grievous Injury,Vehicle to Vehicle,Controlled,Straight and flat,Others,Bitumen(Tar),Dry,No influence on accident,Others,Sanjayanagara,DODDABALLAPURA TOWN,2 KM,13.286023,77.536312,0,0,0.0,0.0
Bengaluru Dist,Doddaballapura Town PS,1.0442e+16,2022,1,2,Road Accidents,Cross roads,City/Town,Near Bus stop,Human Error,Not Applicable,Grievous Injury,Vehicle to Vehicle,Controlled,Slight Curve,State Highway,Bitumen(Tar),Dry,No influence on accident,Clear,Infront Of Gramina Abyudaya Seva Samsthe,DODDABALLAPURA TOWN,500mtr,0.0,0.0,0,0,0.0,0.0
Bengaluru Dist,Doddaballapura Town PS,1.0442e+16,2022,1,2,Road Accidents,Narrow road,City/Town,Near Bus stop,Human Error,Not Applicable,Grievous Injury,Vehicle to Vehicle,Controlled,Straight and flat,State Highway,Bitumen(Tar),Others,No influence on accident,Hail or Sleet,KCP Circle,DODDABALLAPURA TOWN,3 KM,13.2814,77.531594,0,1,0.0,1.0
Bengaluru Dist,Doddaballapura Town PS,1.0442e+16,2022,1,2,Road Accidents,Circle,City/Town,Open area,Human Error,No,Damage Only,Vehicle to Vehicle,Not Applicable,Hump,NH,Surfaced,Dry,No influence on accident,Clear,D Cross Circle,DODDABALLAPURA TOWN,500mtr,13.286825,77.542572,0,0,,
Bengaluru Dist,Doddaballapura Town PS,1.0442e+16,2022,1,2,Road Accidents,Circle,City/Town,Near Bus stop,Human Error,Not Applicable,Grievous Injury,Vehicle to Vehicle,Controlled,Slight Curve,State Highway,Bitumen(Tar),Dry,No influence on accident,Hail or Sleet,TB Circle,DODDABALLAPURA TOWN,500mtr,13.311554,77.541678,0,0,0.0,0.0
Bengaluru Dist,Doddaballapura Town PS,1.0442e+16,2022,1,2,Road Accidents,Narrow road,City/Town,Open area,Human Error,No,Grievous Injury,Vehicle to Vehicle,Controlled,Straight and flat,State Highway,Bitumen(Tar),Dry,No influence on accident,Clear,D Mart,DODDABALLAPURA TOWN,2.5 Km,13.290818,77.551615,0,0,0.0,0.0
Bengaluru Dist,Doddaballapura Town PS,1.0442e+16,2022,1,2,Road Accidents,Circle,City/Town,Near Petrol Pump,Human Error,Not Applicable,Simple Injury,Vehicle to Vehicle,Controlled,Straight and flat,State Highway,Bitumen(Tar),Dry,No influence on accident,Clear,"HP Petrol Bunk,Gangadharapura",DODDABALLAPURA TOWN,1 Km,0.0,0.0,0,0,0.0,0.0
Bengaluru Dist,Doddaballapura Town PS,1.0442e+16,2023,1,2,Road Accidents,Circle,Rural Areas,Open area,Not Applicable,Yes,Simple Injury,Vehicle to Vehicle,Not Applicable,Others,NH,Bitumen(Tar),Dry,Not Applicable,Clear,TB Circle- Dabaspete Road,Near Pratham Maruthi Showroom,1 KMS,13.310875,77.540862,0,0,0.0,0.0
Bengaluru Dist,Doddaballapura Town PS,1.0442e+16,2023,1,1,Road Accidents,Circle,City/Town,Residential area,Human Error,No,Grievous Injury,Hit pedestrian,Controlled,Straight and flat,Two way,Bitumen(Tar),Dry,Not Applicable,Cloudy,Doddaballapura Yalahanka,1,2,13.30868,77.544717,0,0,0.0,0.0
Bengaluru Dist,Doddaballapura Town PS,1.0442e+16,2023,1,1,Road Accidents,Narrow road,City/Town,Near Bus stop,Human Error,Not Applicable,Fatal,Hit pedestrian,Controlled,Straight and flat,NH,Bitumen(Tar),Dry,No influence on accident,Clear,"Near Concrete blocks, Doddaballapura-Tumakuru Road",DODDABALLAPURA TOWN,2km,13.286059,77.546404,0,0,0.0,0.0
Bengaluru Dist,Doddaballapura Town PS,1.0442e+16,2023,1,1,Road Accidents,Curves,City/Town,Near office complex,Human Error,No,Fatal,Not Applicable,Stop Sign,Hump,Residential Street,Bitumen(Tar),Dry,Not Applicable,Cloudy,Doddaballapura Town Shenigarapete Lions Club Road,Gandicircle,60ft,0.0,0.0,0,0,0.0,0.0
Bengaluru Dist,Doddaballapura Town PS,1.0442e+16,2023,1,2,Road Accidents,Not Applicable,City/Town,Near Bus stop,Human Error,Yes,Grievous Injury,Vehicle to Vehicle,Controlled,Straight and flat,State Highway,Bitumen(Tar),Dry,No influence on accident,Clear,New Karagadagudi Dhrowpadamma Temple Road,DODDABALLAPURA TOWN,1 km,13.293875,77.544317,0,0,0.0,0.0
Bengaluru Dist,Doddaballapura Town PS,1.0442e+16,2023,1,1,Road Accidents,Not Applicable,City/Town,Near Hospital,Human Error,Not Applicable,Grievous Injury,Hit pedestrian,Controlled,Straight and flat,State Highway,Bitumen(Tar),Dry,No influence on accident,Clear,Infront Of Ganesh Medicals,DODDABALLAPURA TOWN,1 km,13.283585,77.529854,0,0,0.0,0.0
Bengaluru Dist,Doddaballapura Town PS,1.0442e+16,2023,1,1,Road Accidents,Not Applicable,Rural Areas,Open area,Not Applicable,Not Applicable,Fatal,Vehicle to Vehicle,Not Applicable,Not Applicable,Others,Bitumen(Tar),Dry,Not Applicable,Clear,A Na Krishna Rao Road,Near Gundanna Flower Shop,2 KMS,13.292194,77.53598,0,0,0.0,0.0
Bengaluru Dist,Doddaballapura Town PS,1.0442e+16,2023,1,1,Road Accidents,Circle,City/Town,Near Bus stop,Human Error,Not Applicable,Damage Only,Not Applicable,Controlled,Not Applicable,State Highway,Bitumen(Tar),Dry,No influence on accident,Clear,Siddenayakanahalli,DODDABALLAPURA TOWN,1.5 km,13.295759,77.550024,0,0,0.0,0.0
Bengaluru Dist,Doddaballapura Town PS,1.0442e+16,2023,1,2,Road Accidents,Circle,City/Town,Near Bus stop,Not Applicable,No,Damage Only,Vehicle to Vehicle,Not Applicable,Others,State Highway,Bitumen(Tar),Dry,Not Applicable,Clear,Gowribidanuru- Doddaballapura Road,Near D Cross Circal,500mtr,0.0,0.0,0,0,0.0,0.0
Bengaluru Dist,Doddaballapura Town PS,1.0442e+16,2023,1,1,Not Applicable,Not Applicable,Rural Areas,In bazaar,Human Error,No,Grievous Injury,Not Applicable,Not Applicable,Others,Others,Gravel,Wet,Construction Work / Material,Cloudy,Ishanic Project Layout,1,1,13.29268,77.552827,2,3,3.0,8.0
Bengaluru Dist,Doddaballapura Town PS,1.0442e+16,2023,1,1,Road Accidents,Circle,City/Town,Near Bus stop,Not Applicable,No,Grievous Injury,Hit pedestrian,Not Applicable,Others,State Highway,Bitumen(Tar),Dry,Not Applicable,Clear,Doddaballapura Town D Cross,Near D Cross,500 M,13.294674,77.5439019,0,0,0.0,0.0
Bengaluru Dist,Doddaballapura Town PS,1.0442e+16,2023,1,1,Road Accidents,Cross roads,City/Town,Near Bus stop,Human Error,Not Applicable,Grievous Injury,Not Applicable,Controlled,Curve,State Highway,Bitumen(Tar),Dry,No influence on accident,Clear,Siddenayakanahalli Colony,DODDABALLAPURA TOWN,2km,13.309016,77.542779,0,0,0.0,0.0
Bengaluru Dist,Doddaballapura Town PS,1.0442e+16,2023,1,2,Road Accidents,Narrow road,City/Town,Residential area,Human Error,No,Fatal,Vehicle to Vehicle,Not Applicable,Straight and flat,Residential Street,Bitumen(Tar),Dry,Not Applicable,Fine,Doddaballapura Town Cross To Gandhi Circle,Near ICICI Bank,100ft,13.300713,77.543355,0,0,0.0,0.0
Bengaluru Dist,Doddaballapura Town PS,1.0442e+16,2023,1,2,Road Accidents,Circle,City/Town,Near Bus stop,Human Error,No,Grievous Injury,Vehicle to Vehicle,Controlled,Others,State Highway,Bitumen(Tar),Dry,No influence on accident,Clear,T B Circle,DODDABALLAPURA TOWN,500mtr,0.0,0.0,0,0,0.0,0.0
Bengaluru Dist,Doddaballapura Town PS,1.0442e+16,2023,1,2,Road Accidents,Not Applicable,City/Town,Open area,Human Error,No,Simple Injury,Vehicle to Vehicle,Controlled,Straight and flat,State Highway,Bitumen(Tar),Dry,No influence on accident,Cloudy,Gowribidanuru- Doddaballapura Road,1,1,13.282931,77.551962,0,0,0.0,0.0
Bengaluru Dist,Doddaballapura Town PS,1.0442e+16,2023,1,3,Road Accidents,Not Applicable,City/Town,Near School or College,Not Applicable,No,Simple Injury,Vehicle to Vehicle,Not Applicable,Others,NH,Bitumen(Tar),Dry,Not Applicable,Clear,Doddaballapura- Dabaspete Road,Near Lavanya School,1.5 KM,13.308537,77.536634,0,0,0.0,0.0
Bengaluru Dist,Doddaballapura Town PS,1.0442e+16,2023,1,2,Road Accidents,Cross roads,City/Town,Open area,Not Applicable,No,Fatal,Vehicle to Vehicle,Not Applicable,Not Applicable,Others,Bitumen(Tar),Dry,Not Applicable,Clear,Mugavalappa Circle- Nelamangala Road,Near Nanjundeshwara Kalyana Mantapa,2.5 KM,13.29064,77.533113,0,0,0.0,0.0
Bengaluru Dist,Doddaballapura Town PS,1.0442e+16,2023,1,1,Road Accidents,Cross roads,City/Town,Near School or College,Human Error,No,Fatal,Hit pedestrian,Not Applicable,Straight and flat,Residential Street,Bitumen(Tar),Dry,Not Applicable,Fog / Mist,KCP Circle To Terinabeedi Road,Near Shanimahatma Temple,100ft,0.0,0.0,0,0,0.0,0.0
Bengaluru Dist,Doddaballapura Town PS,1.0442e+16,2023,1,2,Road Accidents,Circle,Rural Areas,Open area,Human Error,No,Simple Injury,Vehicle to Vehicle,Not Applicable,Others,Others,Bitumen(Tar),Dry,Not Applicable,Clear,Court Road,Near RS Convention Hall,400 Mt,13.165132,77.252654,0,0,0.0,0.0
Bengaluru Dist,Doddaballapura Town PS,1.0442e+16,2023,1,2,Road Accidents,Not Applicable,City/Town,Residential area,Human Error,Yes,Grievous Injury,Vehicle to Vehicle,Not at  Junction,Straight and flat,State Highway,Bitumen(Tar),Dry,No influence on accident,Fine,Gowribidanuru- Doddaballapura Road,1,1,13.294821,77.551012,0,0,0.0,0.0
Bengaluru Dist,Doddaballapura Town PS,1.0442e+16,2023,1,2,Road Accidents,Circle,Rural Areas,In bazaar,Not Applicable,No,Fatal,Vehicle to Vehicle,Not Applicable,Others,NH,Bitumen(Tar),Dry,Not Applicable,Clear,Doddaballapura- Dabaspete Road,Near RMC Market,1.5KMS,13.310332,77.5398319,0,0,0.0,0.0
Bengaluru Dist,Doddaballapura Town PS,1.0442e+16,2023,1,2,Rail Road Accidents,Not Applicable,City/Town,Residential area,Human Error,No,Grievous Injury,Vehicle to Vehicle,Controlled,Straight and flat,NH,Bitumen(Tar),Dry,No influence on accident,Fine,Doddaballapura NH Road,DODDABALLAPURA TOWN,1,13.30266,77.550028,0,0,0.0,0.0
Bengaluru Dist,Doddaballapura Town PS,1.0442e+16,2023,1,2,Road Accidents,Not Applicable,City/Town,Near Bus stop,Not Applicable,No,Grievous Injury,Vehicle to Vehicle,Not Applicable,Others,Others,Bitumen(Tar),Dry,Not Applicable,Clear,Muguvalappa Circal Road,Near Muguvalappa Circal,3 KMS,13.295302,77.537023,0,0,0.0,0.0
Bengaluru Dist,Doddaballapura Town PS,1.0442e+16,2023,1,2,Road Accidents,Circle,Rural Areas,Open area,Not Applicable,No,Simple Injury,Vehicle to Vehicle,Not Applicable,Others,Others,Bitumen(Tar),Others,Not Applicable,Clear,Nelamangala Road,Infront of Chamundeshwari Silks,3 kMS,13.292356,77.534017,0,1,0.0,1.0
Bengaluru Dist,Doddaballapura Town PS,1.0442e+16,2023,1,1,Road Accidents,Not Applicable,City/Town,Near School or College,Human Error,Yes,Grievous Injury,Hit pedestrian,Controlled,Others,State Highway,Bitumen(Tar),Dry,No influence on accident,Clear,Khasbag,DODDABALLAPURA TOWN,2km,13.281624,77.55124,0,0,0.0,0.0
Bengaluru Dist,Doddaballapura Town PS,1.0442e+16,2023,1,2,Road Accidents,Junction,City/Town,Near Bus stop,Human Error,No,Fatal,Not Applicable,Stop sign,Hump,NH,Bitumen(Tar),Dry,Not Applicable,Clear,Doddaballapura Town DCross To TB Circle Road,Near D Cross,40ft,13.296985,77.544418,0,0,0.0,0.0
Bengaluru Dist,Doddaballapura Town PS,1.0442e+16,2023,1,2,Road Accidents,Circle,City/Town,Near Bus stop,Not Applicable,No,Not Applicable,Vehicle to Vehicle,Not Applicable,Not Applicable,Others,Bitumen(Tar),Dry,Not Applicable,Clear,Doddaballapuran Town Old Bus Stop Road,Near  KSRTC Bus Stop,2 KMS,13.292329,77.542084,0,0,0.0,0.0
Bengaluru Dist,Doddaballapura Town PS,1.0442e+16,2023,1,2,Road Accidents,Circle,City/Town,Near Bus stop,Not Applicable,No,Damage Only,Vehicle to Vehicle,Not Applicable,Not Applicable,State Highway,Bitumen(Tar),Dry,Not Applicable,Clear,chikkaballapura Road,Near TB Circal,1 km,13.29276,77.542571,0,0,0.0,0.0
Bengaluru Dist,Doddaballapura Town PS,1.0442e+16,2023,1,2,Road Accidents,Offset,Rural Areas,Open area,Not Applicable,No,Simple Injury,Vehicle to Vehicle,Not Applicable,Others,NH,Bitumen(Tar),Dry,Not Applicable,Clear,Doddaballapura- Dabaspete Road,Near  APMC Market,1KMS,13.310344,77.539703,0,0,0.0,0.0
Bengaluru Dist,Doddaballapura Town PS,1.0442e+16,2023,1,2,Road Accidents,Not Applicable,City/Town,Residential area,Human Error,Yes,Grievous Injury,Vehicle to Vehicle,Controlled,Straight and flat,State Highway,Bitumen(Tar),Dry,No influence on accident,Cloudy,Near Rajashree Comfort,Near D Cross Circal,1,0.0,0.0,0,0,0.0,0.0
Bengaluru Dist,Doddaballapura Town PS,1.0442e+16,2023,1,1,Road Accidents,Circle,City/Town,Open area,Not Applicable,No,Fatal,Hit pedestrian,Not Applicable,Others,Others,Bitumen(Tar),Dry,Not Applicable,Clear,D Cross- Gandhi Circle Road,Near Gandhi Circle,3 KMS,13.302602,77.543954,0,0,0.0,0.0
Bengaluru Dist,Doddaballapura Town PS,1.0442e+16,2023,1,1,Road Accidents,Circle,City/Town,In bazaar,Not Applicable,No,Grievous Injury,Hit pedestrian,Not Applicable,Others,Others,Bitumen(Tar),Dry,Not Applicable,Clear,Rangappa Circle,Near Doddaballapura Bus Stop,1.5 KM,0.0,0.0,0,0,0.0,0.0
Bengaluru Dist,Doddaballapura Town PS,1.0442e+16,2023,1,1,Road Accidents,Circle,Rural Areas,Near Bus stop,Not Applicable,Yes,Simple Injury,Hit pedestrian,Not at  Junction,Not Applicable,Others,Concrete,Dry,Not Applicable,Clear,Doddaballapura Town Bus Stop,Near KSRTC Bus Stop,2 KMS,13.292797,77.542543,0,0,0.0,0.0
Bengaluru Dist,Doddaballapura Town PS,1.0442e+16,2023,1,2,Road Accidents,Narrow road,City/Town,Near Bus stop,Human Error,Not Applicable,Damage Only,Vehicle to Vehicle,Controlled,Straight and flat,State Highway,Bitumen(Tar),Dry,No influence on accident,Clear,Dcross,DODDABALLAPURA TOWN,500mtr,13.301026,77.543821,0,0,0.0,0.0
Bengaluru Dist,Doddaballapura Town PS,1.0442e+16,2023,1,1,Road Accidents,Circle,City/Town,Near Bus stop,Human Error,Not Applicable,Fatal,Hit pedestrian,Controlled,Curve,State Highway,Bitumen(Tar),Dry,No influence on accident,Clear,Railwaystation Circle,DODDABALLAPURA TOWN,2.5 km,13.298174,77.533816,0,0,0.0,0.0
Bengaluru Dist,Doddaballapura Town PS,1.0442e+16,2023,1,1,Road Accidents,Narrow road,Rural Areas,Near Petrol Pump,Not Applicable,No,Fatal,Not Applicable,Uncontrolled,Straight and flat,State Highway,Bitumen(Tar),Dry,Not Applicable,Others,Doddaballapura Bengaluru Road,Near HP petrol Bunk,20 Ft,13.292833,77.542528,0,0,0.0,0.0
Bengaluru Dist,Doddaballapura Town PS,1.0442e+16,2023,1,2,Road Accidents,Circle,City/Town,Near Bus stop,Human Error,Not Applicable,Grievous Injury,Vehicle to Vehicle,Controlled,Curve,State Highway,Bitumen(Tar),Ditch or Potholed,No influence on accident,Clear,KCP Circle,DODDABALLAPURA TOWN,3 KM,13.282088,77.515484,0,5,0.0,5.0
Bengaluru Dist,Doddaballapura Town PS,1.0442e+16,2023,1,1,Road Accidents,Narrow road,City/Town,Residential area,Human Error,No,Fatal,Not Applicable,Not Applicable,Straight and flat,Residential Street,Bitumen(Tar),Dry,Not Applicable,Not Applicable,Chaitanyanagar to Sanjayanagar,Near Venkatesh House,100ft,13.288804,77.536135,0,0,0.0,0.0
Bengaluru Dist,Doddaballapura Town PS,1.0442e+16,2023,1,1,Road Accidents,Not Applicable,City/Town,Residential area,Human Error,No,Simple Injury,Hit pedestrian,Controlled,Straight and flat,State Highway,Bitumen(Tar),Dry,Not Applicable,Clear,Taluk Office Road,1,1,13.303834,77.538234,0,0,0.0,0.0
Bengaluru Dist,Doddaballapura Town PS,1.0442e+16,2023,1,3,Road Accidents,Circle,City/Town,Near Bus stop,Not Applicable,Not Applicable,Simple Injury,Vehicle to Vehicle,Not Applicable,Others,State Highway,Bitumen(Tar),Dry,Not Applicable,Clear,Doddaballapura- Bangalore Road,Near Raliway Station Circal,2 KMS,13.280495,77.551774,0,0,0.0,0.0
Bengaluru Dist,Doddaballapura Town PS,1.0442e+16,2023,1,2,Road Accidents,Circle,City/Town,Near Bus stop,Human Error,No,Grievous Injury,Vehicle to Vehicle,Controlled,Curve,State Highway,Bitumen(Tar),Dry,No influence on accident,Clear,T B Circle,DODDABALLAPURA TOWN,500mtr,13.305819,77.532171,0,0,0.0,0.0
Bengaluru Dist,Doddaballapura Town PS,1.0442e+16,2023,1,1,Road Accidents,Circle,City/Town,Near Bus stop,Human Error,No,Grievous Injury,Hit pedestrian,Controlled,Others,State Highway,Bitumen(Tar),Dry,No influence on accident,Clear,Railwaystation Circle,DODDABALLAPURA TOWN,2.5 km,0.0,0.0,0,0,0.0,0.0
Bengaluru Dist,Doddabelavangala PS,1.0442e+16,2016,1,2,Road Accidents,Other,Rural Areas,Near Bus stop,Human Error,No,Simple Injury,Head on,Not at  Junction,Straight and flat,NH,Bitumen(Tar),Dry,Not Applicable,Clear,Dobaspete-DB Pura NH 207 Road,Madhuranahosahalli Gate,2 KM,0.0,0.0,0,0,0.0,0.0
Bengaluru Dist,Doddabelavangala PS,1.0442e+16,2016,1,1,Road Accidents,Cross roads,Villages settlement,Near Bus stop,Human Error,Yes,Simple Injury,Hit and Run,Not at  Junction,Curve,Village Road,Bitumen(Tar),Dry,Not Applicable,Clear,Sasalu-Chikkabelavangala Road Near Sakkaregollahalli Village,0,5 KM,0.0,0.0,0,0,0.0,0.0
Bengaluru Dist,Doddabelavangala PS,1.0442e+16,2016,1,1,Road Accidents,Narrow road,Rural Areas,Open area,Not Applicable,No,Grievous Injury,Side swipe,Not Applicable,Not Applicable,State Highway,Bitumen(Tar),Dry,Not Applicable,Clear,Nelamangal-Doddaballapura Road Ray College,0,15 KMS,0.0,0.0,0,0,0.0,0.0
Bengaluru Dist,Doddabelavangala PS,1.0442e+16,2016,1,2,Road Accidents,Not Applicable,Rural Areas,Open area,Human Error,Yes,Grievous Injury,Rear end,Not Applicable,Not Applicable,NH,Bitumen(Tar),Dry,Not Applicable,Clear,Dobspete-D.B.pura Road,Near Pota Sab Land,5,0.0,0.0,0,0,0.0,0.0
Bengaluru Dist,Doddabelavangala PS,1.0442e+16,2016,1,2,Road Accidents,Not Applicable,Rural Areas,Open area,Human Error,No,Grievous Injury,Head on,Not Applicable,Others,Others,Bitumen(Tar),Dry,Not Applicable,Clear,"Kanasavadi-Khanimat Road near Kanasavadi Lake,Madhure Hobali",0,10,0.0,0.0,0,0,0.0,0.0
Bengaluru Dist,Doddabelavangala PS,1.0442e+16,2016,1,1,Road Accidents,Curves,Rural Areas,Open area,Human Error,No,Simple Injury,Overturning,Not Applicable,Curve,Others,Bitumen(Tar),Dry,Not Applicable,Clear,Sasalu-Arudi Road,Near Nagaraju Land,17,0.0,0.0,0,0,0.0,0.0
Bengaluru Dist,Doddabelavangala PS,1.0442e+16,2016,1,1,Road Accidents,Other,Rural Areas,Open area,Human Error,No,Grievous Injury,Hit bicyclist,Not at  Junction,Curve,NH,Bitumen(Tar),Dry,Not Applicable,Clear,Dobaspete-DB Pura NH 207 Road,0,4 KM,0.0,0.0,0,0,0.0,0.0
Bengaluru Dist,Doddabelavangala PS,1.0442e+16,2016,1,1,Road Accidents,Not Applicable,Rural Areas,Open area,Human Error,No,Grievous Injury,Others,Not Applicable,Not Applicable,NH,Bitumen(Tar),Dry,Not Applicable,Clear,"Dobspete-D.B.pura Road, Near Ajjanakatte Petrol",Near Ajjanakatte Petrol Bunk,1 kms,0.0,0.0,0,0,0.0,0.0
Bengaluru Dist,Doddabelavangala PS,1.0442e+16,2016,1,1,Road Accidents,Other,Rural Areas,Narrow bridge or culverts,Not Applicable,Yes,Grievous Injury,Hit animal,Not Applicable,Curve,State Highway,Bitumen(Tar),Dry,Not Applicable,Clear,D.B.Pura-Nelamangala Madhure kere Eriya kodipalya kade,Madhure Kere Eriya,15 KM,0.0,0.0,0,0,0.0,0.0
Bengaluru Dist,Doddabelavangala PS,1.0442e+16,2016,1,2,Road Accidents,Narrow road,Rural Areas,Open area,Human Error,No,Grievous Injury,Others,Not Applicable,Not Applicable,Others,Kutcha,Dry,Not Applicable,Clear,Arudi-Sasalu Road,Near Chowdaiah Land,8,0.0,0.0,0,0,4.0,4.0
Bengaluru Dist,Doddabelavangala PS,1.0442e+16,2016,1,2,Road Accidents,Other,Rural Areas,Near or inside a village,Human Error,No,Simple Injury,Head on,Not Applicable,Not Applicable,NH,Bitumen(Tar),Dry,Not Applicable,Clear,"Near Dyavasandra village,D.B.Pura-Dabaspet NH207 Road",near village,7 kM,0.0,0.0,0,0,0.0,0.0
Bengaluru Dist,Doddabelavangala PS,1.0442e+16,2016,1,1,Road Accidents,Not Applicable,Rural Areas,Open area,Human Error,No,Grievous Injury,Side swipe,Not Applicable,Not Applicable,Others,Bitumen(Tar),Dry,Not Applicable,Clear,Kanimata-Kanasavadi Road,Gandrigolipura,14,0.0,0.0,0,0,0.0,0.0
Bengaluru Dist,Doddabelavangala PS,1.0442e+16,2016,1,2,Road Accidents,Other,Rural Areas,Near Petrol Pump,Human Error,Not Applicable,Simple Injury,Rear end,Not Applicable,Not Applicable,NH,Bitumen(Tar),Dry,Not Applicable,Clear,"D.B.Pura-Dabaspet NH207 Road,near petrol bump",Petrol pump,0.5km,0.0,0.0,0,0,0.0,0.0
Bengaluru Dist,Doddabelavangala PS,1.0442e+16,2016,1,2,Road Accidents,Other,Villages settlement,Open area,Human Error,No,Simple Injury,Hit bicyclist,Not at  Junction,Straight and flat,State Highway,Bitumen(Tar),Dry,Not Applicable,Clear,Doddaballapura-Nelamangala Road,L G Mahal Kalyanamantapa,15 KM,0.0,0.0,0,0,0.0,0.0
Bengaluru Dist,Doddabelavangala PS,1.0442e+16,2016,1,2,Road Accidents,Narrow road,Rural Areas,Near Bus stop,Human Error,Yes,Grievous Injury,Rear end,Not Applicable,Not Applicable,NH,Bitumen(Tar),Dry,Not Applicable,Clear,"Doddaballapura-Dobspete NH-207 Road, Apna Hotel",0,1 kms,0.0,0.0,0,0,0.0,0.0
Bengaluru Dist,Doddabelavangala PS,1.0442e+16,2016,1,2,Road Accidents,Other,Rural Areas,Open area,Human Error,No,Grievous Injury,Hit bicyclist,Not at  Junction,Straight and flat,NH,Bitumen(Tar),Dry,Construction Work / Material,Clear,Dobaspete-DB Pura NH 207 Road,0,0.5 KM,0.0,0.0,2,0,0.0,2.0
Bengaluru Dist,Doddabelavangala PS,1.0442e+16,2016,1,2,Road Accidents,Narrow road,Rural Areas,Open area,Not Applicable,No,Grievous Injury,Head on,Not Applicable,Not Applicable,State Highway,Bitumen(Tar),Dry,Not Applicable,Clear,Nelamangal-Doddaballapura Road C.D.Agrahara Village,0,15 kms,0.0,0.0,0,0,0.0,0.0
Bengaluru Dist,Doddabelavangala PS,1.0442e+16,2016,1,1,Road Accidents,Narrow road,Rural Areas,Open area,Not Applicable,No,Simple Injury,Not Applicable,Not Applicable,Not Applicable,NH,Bitumen(Tar),Dry,Not Applicable,Very Hot,NH-207ROAD Thubgunte,ROAD,15 KMS,0.0,0.0,0,0,0.0,0.0
Bengaluru Dist,Doddabelavangala PS,1.0442e+16,2016,1,1,Road Accidents,Other,Rural Areas,Near Bus stop,Human Error,Yes,Not Applicable,Rear end,Not Applicable,Not Applicable,NH,Bitumen(Tar),Dry,Not Applicable,Clear,Dobaspete-DB Pura NH 207 Road Near Kugonahalli Gate,Bus Stop,3,0.0,0.0,0,0,0.0,0.0
Bengaluru Dist,Doddabelavangala PS,1.0442e+16,2016,1,1,Road Accidents,Narrow road,Rural Areas,Open area,Human Error,No,Grievous Injury,Hit animal,Not Applicable,Not Applicable,Others,Kutcha,Dry,Not Applicable,Clear,Arudi-Sasalu Road,Naer Tree,16,0.0,0.0,0,0,4.0,4.0
Bengaluru Dist,Doddabelavangala PS,1.0442e+16,2016,1,1,Road Accidents,Not Applicable,Rural Areas,Open area,Human Error,No,Not Applicable,Others,Not Applicable,Not Applicable,NH,Bitumen(Tar),Dry,Not Applicable,Clear,Dobspete-D.B.pura Road,Near Lite Pole,1,0.0,0.0,0,0,0.0,0.0
Bengaluru Dist,Doddabelavangala PS,1.0442e+16,2016,1,1,Road Accidents,Other,Rural Areas,Open area,Human Error,Yes,Grievous Injury,Hit pedestrian,Not Applicable,Not Applicable,One way,Bitumen(Tar),Dry,Not Applicable,Clear,D.B.Pura -Sasalu Road,Near Nagaraju Koliform,14,0.0,0.0,0,0,0.0,0.0
Bengaluru Dist,Doddabelavangala PS,1.0442e+16,2016,1,2,Road Accidents,Other,Rural Areas,Open area,Human Error,No,Grievous Injury,Head on,Not Applicable,Not Applicable,Others,Bitumen(Tar),Dry,Not Applicable,Clear,Kanasavadi-Honnavara Gate,Near Kare Mori,10,0.0,0.0,0,0,0.0,0.0
Bengaluru Dist,Doddabelavangala PS,1.0442e+16,2016,1,1,Road Accidents,Cross roads,Rural Areas,Near Bus stop,Human Error,No,Damage Only,Others,Uncontrolled,Not Applicable,NH,Bitumen(Tar),Dry,Not Applicable,Clear,Dobaspete-DB Pura NH 207 Road Near Chikkabelavangala Bus Stand,Near Bus Stand,1 kms,0.0,0.0,0,0,0.0,0.0
Bengaluru Dist,Doddabelavangala PS,1.0442e+16,2016,1,1,Road Accidents,Cross roads,Rural Areas,Near School or College,Human Error,No,Damage Only,Side swipe,Not Applicable,Not Applicable,State Highway,Bitumen(Tar),Dry,Not Applicable,Clear,Doddaballapura-Nelamangala Road,Near Collage,15,0.0,0.0,0,0,0.0,0.0
Bengaluru Dist,Doddabelavangala PS,1.0442e+16,2016,1,1,Road Accidents,Narrow road,Rural Areas,Open area,Human Error,No,Not Applicable,Side swipe,Not Applicable,Others,Others,Kutcha,Dry,Not Applicable,Clear,"Sasalu-D.B Pura Road, Vanigarahalli",0,10 kms,0.0,0.0,0,0,4.0,4.0
Bengaluru Dist,Doddabelavangala PS,1.0442e+16,2016,1,1,Road Accidents,Narrow road,Rural Areas,Near Bus stop,Human Error,Yes,Grievous Injury,Hit pedestrian,Not Applicable,Not Applicable,State Highway,Bitumen(Tar),Dry,Not Applicable,Fine,Nelamangala-DoddaballapuraKodihalli Bus stand,0,13 kms,0.0,0.0,0,0,0.0,0.0