DISTRICTNAME,UNITNAME,Crime_No,Year,RI,Noofvehicle_involved,Accident_Classification,Accident_Spot,Accident_Location,Accident_SubLocation,Main_Cause,Hit_Run,Severity,Collision_Type,Junction_Control,Road_Character,Road_Type,Surface_Type,Surface_Condition,Road_Condition,Weather,Accident_Road,Landmark_first,Distance_LandMark_First,Latitude,Longitude,Road_Condition_Score,Surface_Condition_Score,Surface_Type_Score,Road_Risk_Index
Bengaluru Dist,Doddabelavangala PS,1.0442e+16,2016,1,2,Road Accidents,Narrow road,Rural Areas,Open area,Human Error,No,Grievous Injury,Head on,Not Applicable,Others,Others,Kutcha,Others,Not Applicable,Clear,Rampura-Doddabelavangala Road,Near Koliform,1 KMS,0.0,0.0,0,1,4.0,5.0
Bengaluru Dist,Doddabelavangala PS,1.0442e+16,2016,1,2,Road Accidents,Other,Rural Areas,Open area,Human Error,No,Grievous Injury,Side swipe,Not Applicable,Not Applicable,Others,Bitumen(Tar),Dry,Not Applicable,Clear,Sasalu-Kanekanahalli Road,Near Sasalu,12,0.0,0.0,0,0,0.0,0.0
Bengaluru Dist,Doddabelavangala PS,1.0442e+16,2016,1,2,Road Accidents,Narrow road,Rural Areas,Open area,Human Error,No,Grievous Injury,Hit bicyclist,Not at  Junction,Others,Village Road,Bitumen(Tar),Dry,Not Applicable,Clear,Kadanuru-Kalludevanahalli Road,0,9 KM,0.0,0.0,0,0,0.0,0.0
Bengaluru Dist,Doddabelavangala PS,1.0442e+16,2016,1,2,Road Accidents,Other,Rural Areas,Open area,Human Error,No,Damage Only,Rear end,Not Applicable,Others,State Highway,Bitumen(Tar),Dry,Not Applicable,Clear,DODDABALLAPURA NELAMANGALA ROAD,Near Kodipalya,13,0.0,0.0,0,0,0.0,0.0
Bengaluru Dist,Doddabelavangala PS,1.0442e+16,2016,1,2,Road Accidents,Other,Rural Areas,Open area,Human Error,No,Grievous Injury,Head on,Not Applicable,Not Applicable,State Highway,Bitumen(Tar),Dry,Not Applicable,Clear,Doddaballapura-Nelamangala Road,Near Godimill product,13,0.0,0.0,0,0,0.0,0.0
Bengaluru Dist,Doddabelavangala PS,1.0442e+16,2016,1,1,Road Accidents,Other,Rural Areas,Near a religious place,Human Error,Yes,Simple Injury,Others,Not Applicable,Others,Village Road,Bitumen(Tar),Dry,Not Applicable,Clear,"Near Ranganathaswamy Temple,Hulikunte village",Near Temple,6Km,0.0,0.0,0,0,0.0,0.0
Bengaluru Dist,Doddabelavangala PS,1.0442e+16,2016,1,1,Road Accidents,Narrow road,Rural Areas,Open area,Human Error,No,Simple Injury,Side swipe,Not Applicable,Not Applicable,NH,Bitumen(Tar),Dry,Construction Work / Material,Clear,Dobaspete-DB Pura NH 207 Road Near Kugonahalli Gate,0,6 KM,0.0,0.0,2,0,0.0,2.0
Bengaluru Dist,Doddabelavangala PS,1.0442e+16,2016,1,2,Road Accidents,Other,Rural Areas,Near Bus stop,Human Error,No,Grievous Injury,Head on,Not at  Junction,Straight and flat,State Highway,Bitumen(Tar),Dry,Not Applicable,Clear,Nelamangala-DB Pura Road Near Lakshmivenkateshewara Kalyanamantapa Kanasavadi,Lakshminarayana Kalyanamantapa,10 KM,0.0,0.0,0,0,0.0,0.0
Bengaluru Dist,Doddabelavangala PS,1.0442e+16,2016,1,2,Road Accidents,Narrow road,Rural Areas,Open area,Human Error,No,Simple Injury,Others,Not Applicable,Others,NH,Bitumen(Tar),Dry,Not Applicable,Clear,NH-207 Road Chikkabelavangala,0,1 kms,0.0,0.0,0,0,0.0,0.0
Bengaluru Dist,Doddabelavangala PS,1.0442e+16,2016,1,2,Road Accidents,Other,Rural Areas,Near a factory industrial area,Human Error,No,Grievous Injury,Others,Not Applicable,Not Applicable,State Highway,Bitumen(Tar),Dry,Not Applicable,Clear,D.B.Pura-nelamangala Road.near Godhi mill,Industriy,14 KM,0.0,0.0,0,0,0.0,0.0
Bengaluru Dist,Doddabelavangala PS,1.0442e+16,2016,1,2,Road Accidents,Narrow road,Rural Areas,Near Bus stop,Not Applicable,No,Grievous Injury,Overturning,Not Applicable,Not Applicable,NH,Bitumen(Tar),Dry,Not Applicable,Clear,"D.B.pura-Dabaspet NH207 road,Kattihosahalli village",0,4 k.m,0.0,0.0,0,0,0.0,0.0
Bengaluru Dist,Doddabelavangala PS,1.0442e+16,2016,1,1,Road Accidents,Other,Not Applicable,Open area,Human Error,No,Simple Injury,Side swipe,Not Applicable,Not Applicable,Others,Bitumen(Tar),Dry,Not Applicable,Clear,Sasalu-Kanakenahalli Road,Near Thodalabande,10,0.0,0.0,0,0,0.0,0.0
Bengaluru Dist,Doddabelavangala PS,1.0442e+16,2016,1,2,Road Accidents,Other,Rural Areas,Near a religious place,Human Error,Yes,Simple Injury,Head on,Not Applicable,Not Applicable,NH,Bitumen(Tar),Dry,Not Applicable,Clear,Doddaballapura-Dobspete NH 207 Road,Near Eshwar Temple,01-Feb,0.0,0.0,0,0,0.0,0.0
Bengaluru Dist,Doddabelavangala PS,1.0442e+16,2016,1,2,Road Accidents,Other,Rural Areas,Open area,Human Error,No,Grievous Injury,Head on,Not Applicable,Not Applicable,Others,Bitumen(Tar),Dry,Not Applicable,Clear,Doddaballapura-Dobspete Road,Near Naranahalli,3,0.0,0.0,0,0,0.0,0.0
Bengaluru Dist,Doddabelavangala PS,1.0442e+16,2016,1,2,Road Accidents,Not Applicable,Rural Areas,Open area,Human Error,Yes,Grievous Injury,Head on,Not Applicable,Not Applicable,Others,Bitumen(Tar),Dry,Not Applicable,Clear,Kanimata-Kanasavadi Road,Near Madure Lake,14,0.0,0.0,0,0,0.0,0.0
Bengaluru Dist,Doddabelavangala PS,1.0442e+16,2016,1,1,Road Accidents,Narrow road,Villages settlement,Near Bus stop,Human Error,No,Grievous Injury,Skidding or Self accident,Not at  Junction,Curve,Village Road,Bitumen(Tar),Muddy,Not Applicable,Clear,Madhure-Khanimut Road,Shakaladevanapura Bus Stop,7 KM,0.0,0.0,0,4,0.0,4.0
Bengaluru Dist,Doddabelavangala PS,1.0442e+16,2016,1,2,Road Accidents,Other,Rural Areas,Open area,Human Error,No,Simple Injury,Head on,Not Applicable,Not Applicable,Others,Bitumen(Tar),Dry,Not Applicable,Clear,Doddabelavangala-Madure Road,Near Madure Lake Vijiyakumar Thota,11,0.0,0.0,0,0,0.0,0.0
Bengaluru Dist,Doddabelavangala PS,1.0442e+16,2016,1,2,Road Accidents,Other,Rural Areas,Near School or College,Human Error,Yes,Grievous Injury,Hit and Run,Not at  Junction,Straight and flat,NH,Bitumen(Tar),Dry,Not Applicable,Clear,Dobaspete-DB Pura NH 207 Road,School,0.4 KM,0.0,0.0,0,0,0.0,0.0
Bengaluru Dist,Doddabelavangala PS,1.0442e+16,2016,1,2,Road Accidents,Other,Rural Areas,Open area,Human Error,Yes,Grievous Injury,Head on,Not Applicable,Not Applicable,State Highway,Bitumen(Tar),Dry,Not Applicable,Clear,"Near Ramarayarapalya Geta,Nelamangala D.B.Pura Road,Madhrue Hobali,D.B.pura T.Q",Ramarayarapalya village,12 k.m,0.0,0.0,0,0,0.0,0.0
Bengaluru Dist,Doddabelavangala PS,1.0442e+16,2016,1,2,Road Accidents,Narrow road,Rural Areas,Open area,Human Error,Not Applicable,Not Applicable,Others,Not Applicable,Not Applicable,NH,Bitumen(Tar),Dry,Construction Work / Material,Clear,Dobaspete-DB Pura NH 207 Road Near Kugonahalli Gate,0,6 KM,0.0,0.0,2,0,0.0,2.0
Bengaluru Dist,Doddabelavangala PS,1.0442e+16,2016,1,2,Road Accidents,Narrow road,Rural Areas,Near Bus stop,Not Applicable,No,Grievous Injury,Head on,Not Applicable,Not Applicable,State Highway,Bitumen(Tar),Dry,Not Applicable,Clear,Nelamangala-D.BPura Road Mollahalli Village,5,14 KMS,0.0,0.0,0,0,0.0,0.0
Bengaluru Dist,Doddabelavangala PS,1.0442e+16,2017,1,1,Road Accidents,Other,Villages settlement,Open area,Human Error,No,Fatal,Run Off Road,Not at  Junction,Not Applicable,Others,Kutcha,Dry,No influence on accident,Others,Bokipura-Kalludevanahalli Road,Near Veerappa land,10 KM,0.0,0.0,0,0,4.0,4.0
Bengaluru Dist,Doddabelavangala PS,1.0442e+16,2017,1,1,Road Accidents,Not Applicable,Rural Areas,Open area,Human Error,Not Applicable,Fatal,Others,Not Applicable,Not Applicable,Not Applicable,Not Applicable,Others,Not Applicable,Others,Land,Land,5 KM,0.0,0.0,0,1,0.0,1.0
Bengaluru Dist,Doddabelavangala PS,1.0442e+16,2017,1,2,Road Accidents,Cross roads,Rural Areas,Open area,Human Error,No,Simple Injury,Head on,Not at  Junction,Curve,State Highway,Bitumen(Tar),Dry,Not Applicable,Clear,Nelamangala-Doddaballapura Road,Krishnakumar Land,14 KM,0.0,0.0,0,0,0.0,0.0
Bengaluru Dist,Doddabelavangala PS,1.0442e+16,2017,1,2,Road Accidents,Other,Rural Areas,In bazaar,Human Error,Not Applicable,Grievous Injury,Head on,Controlled,Not Applicable,State Highway,Bitumen(Tar),Not Applicable,Not Applicable,Clear,"Nelamangala -DB pura Road near LG Mahal, Kannamangala Gate,Madhure Hobali,D.b.pura T.Q",Kalyanamantapa,14 k.m,0.0,0.0,0,0,0.0,0.0
Bengaluru Dist,Doddabelavangala PS,1.0442e+16,2017,1,2,Road Accidents,Other,Rural Areas,Open area,Human Error,No,Fatal,Others,Not at  Junction,Straight and flat,NH,Bitumen(Tar),Dry,Not Applicable,Clear,Dobaspete-DB Pura NH 207 Road,Mandibyadarahalli Gate,6 KM,0.0,0.0,0,0,0.0,0.0
Bengaluru Dist,Doddabelavangala PS,1.0442e+16,2017,1,1,Road Accidents,Not Applicable,Rural Areas,Near Petrol Pump,Human Error,No,Grievous Injury,Hit bicyclist,Not at  Junction,Straight and flat,NH,Bitumen(Tar),Dry,Not Applicable,Clear,Dabaspete-DB Pura NH 207 Road,DB Vangala Petrol Bunk,1 KM,0.0,0.0,0,0,0.0,0.0
Bengaluru Dist,Doddabelavangala PS,1.0442e+16,2017,1,2,Road Accidents,Cross roads,City/Town,Near Bus stop,Human Error,No,Grievous Injury,Rear end,Not Applicable,Straight and flat,NH,Bitumen(Tar),Dry,Not Applicable,Clear,NH 207 Road,Doddabelavangala Bus Stop,0.5 KM,0.0,0.0,0,0,0.0,0.0
Bengaluru Dist,Doddabelavangala PS,1.0442e+16,2017,1,2,Road Accidents,Cross roads,Rural Areas,Open area,Human Error,Yes,Grievous Injury,Hit and Run,Not at  Junction,Others,Village Road,Kutcha,Dry,Not Applicable,Clear,DB Pura-Nelamangala Road To M G Ramarayarapalya Road,GPR Garden,13 KM,0.0,0.0,0,0,4.0,4.0
Bengaluru Dist,Doddabelavangala PS,1.0442e+16,2017,1,2,Road Accidents,Narrow road,Rural Areas,Open area,Human Error,No,Grievous Injury,Head on,Not Applicable,Straight and flat,Village Road,Bitumen(Tar),Dry,Not Applicable,Clear,Madhure-Kodihalli Road,Kodihalli,13 KM,0.0,0.0,0,0,0.0,0.0
Bengaluru Dist,Doddabelavangala PS,1.0442e+16,2017,1,1,Road Accidents,Narrow road,Villages settlement,Residential area,Human Error,Yes,Grievous Injury,Hit pedestrian,Not Applicable,Not Applicable,Residential Street,Kutcha,Dry,Not Applicable,Clear,Doddabelavangala Milk Dairy Road,DB Vangala Milk Dairy,0.3 KM,0.0,0.0,0,0,4.0,4.0
Bengaluru Dist,Doddabelavangala PS,1.0442e+16,2017,1,1,Road Accidents,Other,Villages settlement,Near Bus stop,Human Error,No,Fatal,Others,Not Applicable,Others,NH,Bitumen(Tar),Dry,Not Applicable,Clear,Dobaspete-DB Pura NH 207 Road,Ajjanakatte,1 KM,0.0,0.0,0,0,0.0,0.0
Bengaluru Dist,Doddabelavangala PS,1.0442e+16,2017,1,1,Road Accidents,Cross roads,Rural Areas,Near School or College,Human Error,No,Grievous Injury,Skidding or Self accident,Not Applicable,Curve,State Highway,Bitumen(Tar),Dry,Not Applicable,Clear,Nelamangala-DB Pura Road,Rai College,13 KM,0.0,0.0,0,0,0.0,0.0
Bengaluru Dist,Doddabelavangala PS,1.0442e+16,2017,1,1,Road Accidents,Cross roads,Rural Areas,Near Bus stop,Human Error,Yes,Grievous Injury,Hit and Run,Not at  Junction,Straight and flat,NH,Bitumen(Tar),Dry,Not Applicable,Clear,Dabaspete-DB Pura NH 207 Road,Khanimut,1 KM,0.0,0.0,0,0,0.0,0.0
Bengaluru Dist,Doddabelavangala PS,1.0442e+16,2017,1,1,Road Accidents,Narrow road,Villages settlement,Open area,Human Error,No,Grievous Injury,Hit pedestrian,Not at  Junction,Straight and flat,Village Road,Bitumen(Tar),Dry,Not Applicable,Clear,Kanasavadi-Khanimut Road,Doddahejjaji Colony,3 KM,0.0,0.0,0,0,0.0,0.0
Bengaluru Dist,Doddabelavangala PS,1.0442e+16,2017,1,1,Road Accidents,Narrow road,Rural Areas,Open area,Human Error,Yes,Grievous Injury,Hit and Run,Not at  Junction,Straight and flat,Village Road,Bitumen(Tar),Dry,Not Applicable,Clear,Arodi-Sasalu Road,Thammaganahalli Cross,14 KM,0.0,0.0,0,0,0.0,0.0
Bengaluru Dist,Doddabelavangala PS,1.0442e+16,2017,1,2,Road Accidents,Other,Rural Areas,Open area,Human Error,No,Damage Only,Rear end,Not at  Junction,Straight and flat,NH,Bitumen(Tar),Dry,Not Applicable,Clear,Dabaspete-DB Pura NH 207 Road,Thubakunte Gate,5 KM,0.0,0.0,0,0,0.0,0.0
Bengaluru Dist,Doddabelavangala PS,1.0442e+16,2017,1,2,Road Accidents,Narrow road,Villages settlement,Near Bus stop,Human Error,No,Grievous Injury,Head on,Not at  Junction,Curve,Village Road,Bitumen(Tar),Dry,Not Applicable,Clear,Kolala-Kadathipuru Road,Ankonahalli Village,13 KM,0.0,0.0,0,0,0.0,0.0
Bengaluru Dist,Doddabelavangala PS,1.0442e+16,2017,1,1,Road Accidents,Other,Rural Areas,Near or inside a village,Human Error,No,Grievous Injury,Skidding or Self accident,Not Applicable,Not Applicable,Village Road,Bitumen(Tar),Dry,Not Applicable,Clear,"Kanasavadi-Khanimata Road,Near Kanasavadi Vijayakumar Land,Madhure Hobali",Near Vijayakumar land,100 Mt,0.0,0.0,0,0,0.0,0.0
Bengaluru Dist,Doddabelavangala PS,1.0442e+16,2017,1,2,Road Accidents,Other,Rural Areas,Near a religious place,Human Error,Yes,Grievous Injury,Hit and Run,Not Applicable,Others,State Highway,Bitumen(Tar),Dry,Not Applicable,Clear,Nelamangala -DB pura Road near Anjineya temple,Near Temple,13 K.M,0.0,0.0,0,0,0.0,0.0
Bengaluru Dist,Doddabelavangala PS,1.0442e+16,2017,1,2,Road Accidents,Narrow road,Villages settlement,Near Bus stop,Human Error,No,Simple Injury,Head on,Not at  Junction,Curve,Village Road,Bitumen(Tar),Dry,Not Applicable,Clear,Sasalu-DB Pura NH 207 Road,Thippuru Village,8 KM,0.0,0.0,0,0,0.0,0.0
Bengaluru Dist,Doddabelavangala PS,1.0442e+16,2017,1,2,Road Accidents,Not Applicable,Villages settlement,Near School or College,Human Error,No,Grievous Injury,Rear end,Not Applicable,Straight and flat,NH,Bitumen(Tar),Dry,Not Applicable,Clear,Dabaspete-DB Pura NH 207 Road,DB Vangala Gramapanchayath Office,50 Mtr,0.0,0.0,0,0,0.0,0.0
Bengaluru Dist,Doddabelavangala PS,1.0442e+16,2017,1,1,Road Accidents,Not Applicable,Rural Areas,Open area,Human Error,No,Simple Injury,Hit pedestrian,Not at  Junction,Straight and flat,NH,Bitumen(Tar),Dry,Not Applicable,Clear,Dabaspete-DB Pura NH 207 Road,Chikkabelavangala Old Milk Diary,1 KM,0.0,0.0,0,0,0.0,0.0
Bengaluru Dist,Doddabelavangala PS,1.0442e+16,2017,1,2,Road Accidents,Narrow road,Rural Areas,Near Bus stop,Human Error,No,Fatal,Rear end,Uncontrolled,Others,Village Road,Bitumen(Tar),Others,Not Applicable,Others,Kanasawadi Khani matt Road,Near Bar,11 KM,0.0,0.0,0,1,0.0,1.0
Bengaluru Dist,Doddabelavangala PS,1.0442e+16,2017,1,2,Road Accidents,Curves,Rural Areas,Near or inside a village,Human Error,No,Damage Only,Overturning,Not Applicable,Curve,State Highway,Bitumen(Tar),Not Applicable,Not Applicable,Clear,"D.B.Pura-Nelamangala Road,Near Sigebeli,Gete,Madhure Hobali,D.B.pura T.Q",Near village,13 K.M,0.0,0.0,0,0,0.0,0.0
Bengaluru Dist,Doddabelavangala PS,1.0442e+16,2017,1,2,Road Accidents,Narrow road,Rural Areas,Near Bus stop,Human Error,Yes,Grievous Injury,Hit and Run,Not at  Junction,Straight and flat,State Highway,Bitumen(Tar),Dry,Not Applicable,Clear,DB Pura-Nelamangala Road,Nisarga Daba,12 KM,0.0,0.0,0,0,0.0,0.0
Bengaluru Dist,Doddabelavangala PS,1.0442e+16,2017,1,2,Road Accidents,Junction,Villages settlement,Near Bus stop,Human Error,Yes,Grievous Injury,Hit and Run,Not Applicable,Not Applicable,State Highway,Bitumen(Tar),Dry,Not Applicable,Clear,DB Pura-Nelamangala Road,Kannamangala Gate,15 KM,0.0,0.0,0,0,0.0,0.0
Bengaluru Dist,Doddabelavangala PS,1.0442e+16,2017,1,2,Road Accidents,Curves,Rural Areas,Near or inside a village,Human Error,No,Grievous Injury,Head on,Not Applicable,Curve,Village Road,Bitumen(Tar),Dry,Not Applicable,Clear,Sasalu-D.B.Vangala Road,village,4 K.M,0.0,0.0,0,0,0.0,0.0
Bengaluru Dist,Doddabelavangala PS,1.0442e+16,2017,1,1,Road Accidents,Offset,Rural Areas,Near or inside a village,Human Error,No,Grievous Injury,Side swipe,Not Applicable,Not Applicable,NH,Bitumen(Tar),Dry,No influence on accident,Clear,"D.B.pura-Dabaspet, NH 207 Road near Mugenahalli village",Near village,3 k.M,0.0,0.0,0,0,0.0,0.0
Bengaluru Dist,Doddabelavangala PS,1.0442e+16,2017,1,1,Road Accidents,Offset,Rural Areas,Narrow bridge or culverts,Human Error,No,Grievous Injury,Side swipe,Uncontrolled,Others,State Highway,Bitumen(Tar),Dry,No influence on accident,Clear,D.B.pura-Nelamangala Road near Madhure kere,Madhure kere,13 K.M,0.0,0.0,0,0,0.0,0.0
Bengaluru Dist,Doddabelavangala PS,1.0442e+16,2017,1,1,Road Accidents,Junction,City/Town,Near Bus stop,Human Error,Not Applicable,Grievous Injury,Hit pedestrian,Uncontrolled,Not Applicable,NH,Bitumen(Tar),Dry,No influence on accident,Clear,"D.B.pura-Dabaspet, NH 207 Road near D.B.Vangala  village",Near Bus stand,500mt,0.0,0.0,0,0,0.0,0.0
Bengaluru Dist,Doddabelavangala PS,1.0442e+16,2017,1,2,Road Accidents,Other,Rural Areas,Near or inside a village,Human Error,No,Damage Only,Head on,Not Applicable,Others,Village Road,Bitumen(Tar),Dry,No influence on accident,Clear,"DB.Vangala-Kanasavadi Road,Near Vijayakumar Plantation cross,Madhure Hobali,D.B.pura T.Q",Near Vijaykumar Plantation,12 k.m,0.0,0.0,0,0,0.0,0.0
Bengaluru Dist,Doddabelavangala PS,1.0442e+16,2017,1,2,Road Accidents,Other,Rural Areas,Open area,Human Error,No,Simple Injury,Head on,Not at  Junction,Straight and flat,NH,Bitumen(Tar),Dry,Not Applicable,Clear,Dobaspete-DB Pura NH 207 Road,Thubakunte Gate,6 KM,0.0,0.0,0,0,0.0,0.0
Bengaluru Dist,Doddabelavangala PS,1.0442e+16,2017,1,2,Road Accidents,Narrow road,Rural Areas,Open area,Human Error,Yes,Grievous Injury,Hit and Run,Not Applicable,Straight and flat,Village Road,Bitumen(Tar),Dry,Not Applicable,Clear,Kanasavadi-Khanimut Road,Gandragolipura Colony,10 KM,0.0,0.0,0,0,0.0,0.0
Bengaluru Dist,Doddabelavangala PS,1.0442e+16,2017,1,2,Road Accidents,Other,Rural Areas,Near or inside a village,Human Error,No,Grievous Injury,Run Off Road,Uncontrolled,Others,State Highway,Bitumen(Tar),Dry,No influence on accident,Clear,"Nelamangala-D.B.Pura Road,Near Mallohalli colony,Madhure Hobali,D.B.pura T.Q",Near Raghu Land,13 k.M,0.0,0.0,0,0,0.0,0.0
Bengaluru Dist,Doddabelavangala PS,1.0442e+16,2018,1,2,Road Accidents,Cross roads,Rural Areas,Open area,Human Error,No,Fatal,Head on,Uncontrolled,Curve,Village Road,Bitumen(Tar),Dry,Not Applicable,Others,Sasalu Chikkabelavangala Road,Kangalapura Cross,7 KM,0.0,0.0,0,0,0.0,0.0
Bengaluru Dist,Doddabelavangala PS,1.0442e+16,2018,1,2,Road Accidents,Not Applicable,Rural Areas,Open area,Human Error,No,Grievous Injury,Head on,Not at  Junction,Curve,Village Road,Bitumen(Tar),Dry,Not Applicable,Clear,Kanasavadi-Khanimut Road Near Doddahejjaji Village,Narasappa Land,2 KM,0.0,0.0,0,0,0.0,0.0
Bengaluru Dist,Doddabelavangala PS,1.0442e+16,2018,1,2,Road Accidents,Other,Rural Areas,Open area,Human Error,No,Fatal,Side swipe,Not Applicable,Straight and flat,NH,Bitumen(Tar),Dry,Not Applicable,Fine,NH-207,Near Kallegowda Bavi Mori,3 KM,0.0,0.0,0,0,0.0,0.0
Bengaluru Dist,Doddabelavangala PS,1.0442e+16,2018,1,2,Road Accidents,Cross roads,Villages settlement,Near Bus stop,Human Error,Yes,Simple Injury,Hit bicyclist,Not at  Junction,Straight and flat,State Highway,Bitumen(Tar),Dry,Not Applicable,Clear,Doddaballapura-Nelamangala Road,Mallohalli Gate,13 KM,0.0,0.0,0,0,0.0,0.0
Bengaluru Dist,Doddabelavangala PS,1.0442e+16,2018,1,2,Road Accidents,Bridge,Rural Areas,Near or inside a village,Human Error,No,Damage Only,Head on,Uncontrolled,Curve,State Highway,Bitumen(Tar),Dry,No influence on accident,Clear,"Nelamangala-D.B.pura road,Near Sri Shaneshwara temple bridge",Near Temple,13 K.M,0.0,0.0,0,0,0.0,0.0
Bengaluru Dist,Doddabelavangala PS,1.0442e+16,2018,1,1,Road Accidents,Cross roads,Rural Areas,Open area,Human Error,Not Applicable,Fatal,Skidding or Self accident,Uncontrolled,Incline,Village Road,Bitumen(Tar),Others,Not Applicable,Others,11th Mile to Kadanuru Road,11th Mile,14 KM,0.0,0.0,0,1,0.0,1.0
Bengaluru Dist,Doddabelavangala PS,1.0442e+16,2018,1,3,Road Accidents,Narrow road,Rural Areas,Near or inside a village,Human Error,Not Applicable,Simple Injury,Head on,Uncontrolled,Not Applicable,State Highway,Bitumen(Tar),Dry,No influence on accident,Clear,"Nelamangala-D.B.pura Road,Near Puttenahalli gate,Madhure Hobali,D.B.pura T.Q",Near village,10 K.M,0.0,0.0,0,0,0.0,0.0
Bengaluru Dist,Doddabelavangala PS,1.0442e+16,2018,1,1,Road Accidents,Curves,Rural Areas,Near or inside a village,Human Error,No,Grievous Injury,Hit pedestrian,Not Applicable,Curve,NH,Bitumen(Tar),Dry,No influence on accident,Clear,"D.B.pura-Dabaspet N.H.207 Road,near Ajjanakatte village",near ajjanakatte village,1.K.M,0.0,0.0,0,0,0.0,0.0
Bengaluru Dist,Doddabelavangala PS,1.0442e+16,2018,1,2,Road Accidents,Not Applicable,Rural Areas,Near a religious place,Human Error,Not Applicable,Fatal,Overturning,Not Applicable,Straight and flat,State Highway,Bitumen(Tar),Dry,Not Applicable,Fine,SH-74,Infront of Sai Baba Temple,12KM,0.0,0.0,0,0,0.0,0.0
Bengaluru Dist,Doddabelavangala PS,1.0442e+16,2018,1,2,Road Accidents,Not Applicable,Rural Areas,Near School or College,Human Error,No,Fatal,Head on,Not Applicable,Straight and flat,State Highway,Bitumen(Tar),Dry,Not Applicable,Fine,"D B Pura-Nelamangala road, infront of Rai collage Malohalli",infront of Rai collage Malohalli,15 KM,0.0,0.0,0,0,0.0,0.0
Bengaluru Dist,Doddabelavangala PS,1.0442e+16,2018,1,1,Road Accidents,Offset,Rural Areas,Open area,Human Error,No,Damage Only,Skidding or Self accident,Not at  Junction,Straight and flat,State Highway,Bitumen(Tar),Dry,Not Applicable,Clear,Doddaballapura-Nelamangala Road,Madhure Lake,13 KM,0.0,0.0,0,0,0.0,0.0
Bengaluru Dist,Doddabelavangala PS,1.0442e+16,2018,1,2,Road Accidents,Bridge,Rural Areas,Narrow bridge or culverts,Human Error,No,Damage Only,Head on,Not at  Junction,Others,Village Road,Bitumen(Tar),Dry,No influence on accident,Clear,Sasalu-Kanakenahalli Rad Near Todalabande Lake,Near Lake,11 K.M,0.0,0.0,0,0,0.0,0.0
Bengaluru Dist,Doddabelavangala PS,1.0442e+16,2018,1,1,Road Accidents,Other,Villages settlement,Open area,Human Error,No,Fatal,Others,Uncontrolled,Others,Village Road,Bitumen(Tar),Dry,Not Applicable,Fine,Kodihalli Thotagere Road,Beeraianapalya lake,14 KM,0.0,0.0,0,0,0.0,0.0
Bengaluru Dist,Doddabelavangala PS,1.0442e+16,2018,1,1,Road Accidents,Other,Villages settlement,Near a religious place,Human Error,No,Simple Injury,Skidding or Self accident,Not at  Junction,Straight and flat,Village Road,Bitumen(Tar),Dry,Not Applicable,Clear,Kolala-DB Vangala Road,Anjaneya Temple,10 KM,0.0,0.0,0,0,0.0,0.0
Bengaluru Dist,Doddabelavangala PS,1.0442e+16,2018,1,1,Road Accidents,Other,Rural Areas,Near or inside a village,Human Error,No,Fatal,Others,Not Applicable,Others,Village Road,Bitumen(Tar),Dry,Not Applicable,Dust Storn,village road,Infront of Ramachandrappa House,12 KM,0.0,0.0,0,0,0.0,0.0
Bengaluru Dist,Doddabelavangala PS,1.0442e+16,2018,1,1,Road Accidents,Other,Rural Areas,Open area,Human Error,No,Simple Injury,Others,Not at  Junction,Straight and flat,Village Road,Bitumen(Tar),Dry,Not Applicable,Clear,Kattihosahalli-Kasagatta Road,Hanumantharayappa Form House,6 KM,0.0,0.0,0,0,0.0,0.0
Bengaluru Dist,Doddabelavangala PS,1.0442e+16,2018,1,2,Road Accidents,Culvert,Rural Areas,Near a religious place,Human Error,No,Simple Injury,Hit bicyclist,Not at  Junction,Others,State Highway,Bitumen(Tar),Dry,Not Applicable,Clear,Doddaballapura-Nelamangala Road,Anjaneya Temple,13 KM,0.0,0.0,0,0,0.0,0.0
Bengaluru Dist,Doddabelavangala PS,1.0442e+16,2018,1,2,Road Accidents,Narrow road,Villages settlement,Near Bus stop,Human Error,No,Simple Injury,Hit bicyclist,Not at  Junction,Straight and flat,Village Road,Bitumen(Tar),Dry,Not Applicable,Clear,Madhure-Khanimut Road,Ashwath Katte,50 Mtr,0.0,0.0,0,0,0.0,0.0
Bengaluru Dist,Doddabelavangala PS,1.0442e+16,2018,1,1,Road Accidents,Other,Rural Areas,Open area,Human Error,No,Damage Only,Skidding or Self accident,Not Applicable,Straight and flat,NH,Bitumen(Tar),Dry,No influence on accident,Clear,Dabaspete-DB Pura NH 207 Road infornt of maruthi kalayana manatapa,Kalayana Mantapa,2 kms,0.0,0.0,0,0,0.0,0.0
Bengaluru Dist,Doddabelavangala PS,1.0442e+16,2018,1,2,Road Accidents,Other,Villages settlement,Residential area,Human Error,No,Grievous Injury,Head on,Not at  Junction,Straight and flat,State Highway,Bitumen(Tar),Dry,Not Applicable,Clear,Nelamangala-DB Pura Road,Nisarga Daba,0.2 KM,0.0,0.0,0,0,0.0,0.0
Bengaluru Dist,Doddabelavangala PS,1.0442e+16,2018,1,1,Road Accidents,Offset,Rural Areas,Open area,Human Error,No,Simple Injury,Skidding or Self accident,Not at  Junction,Straight and flat,NH,Bitumen(Tar),Dry,Not Applicable,Clear,Dabaspete-DB Pura NH 207 Road,Chikkalaiahna Katte,7 KM,0.0,0.0,0,0,0.0,0.0
Bengaluru Dist,Doddabelavangala PS,1.0442e+16,2018,1,2,Road Accidents,T Junction,Rural Areas,Near Bus stop,Human Error,Not Applicable,Fatal,Head on,Uncontrolled,Straight and flat,Village Road,Bitumen(Tar),Dry,Not Applicable,Others,Kanasawadi Doddabelavangala Road,Honnavara Gate,8 KM,0.0,0.0,0,0,0.0,0.0