DISTRICTNAME,UNITNAME,Crime_No,Year,RI,Noofvehicle_involved,Accident_Classification,Accident_Spot,Accident_Location,Accident_SubLocation,Main_Cause,Hit_Run,Severity,Collision_Type,Junction_Control,Road_Character,Road_Type,Surface_Type,Surface_Condition,Road_Condition,Weather,Accident_Road,Landmark_first,Distance_LandMark_First,Latitude,Longitude,Road_Condition_Score,Surface_Condition_Score,Surface_Type_Score,Road_Risk_Index
Bengaluru Dist,Doddabelavangala PS,1.0442e+16,2018,1,1,Road Accidents,Curves,Rural Areas,Near or inside a village,Human Error,No,Simple Injury,Side swipe,Uncontrolled,Curve,Village Road,Bitumen(Tar),Dry,No influence on accident,Clear,Sasalu-D.B.Vangala Road Near Kanakenahalli,Near village,12 k.m,0.0,0.0,0,0,0.0,0.0
Bengaluru Dist,Doddabelavangala PS,1.0442e+16,2018,1,2,Road Accidents,Other,Rural Areas,Open area,Human Error,No,Grievous Injury,Hit bicyclist,Not at  Junction,Others,Others,Bitumen(Tar),Dry,Not Applicable,Clear,Sasalu-DB Pura Road,Thippuru Lake,0.1 KM,0.0,0.0,0,0,0.0,0.0
Bengaluru Dist,Doddabelavangala PS,1.0442e+16,2018,1,1,Road Accidents,Other,Rural Areas,Open area,Human Error,No,Fatal,Skidding or Self accident,Not Applicable,Straight and flat,NH,Bitumen(Tar),Dry,Not Applicable,Fine,NH-2017,Near Mugenahalli Gate,3 KM,0.0,0.0,0,0,0.0,0.0
Bengaluru Dist,Doddabelavangala PS,1.0442e+16,2018,1,1,Road Accidents,Junction,Villages settlement,Near Bus stop,Human Error,Not Applicable,Damage Only,Skidding or Self accident,Not Applicable,Straight and flat,NH,Bitumen(Tar),Dry,Not Applicable,Clear,Dabaspete-DB Pura NH 207 Road Near Chikkabelavangala Bus stand,Chikkabelavangala Bus stand,0.5 KM,0.0,0.0,0,0,0.0,0.0
Bengaluru Dist,Doddabelavangala PS,1.0442e+16,2018,1,2,Road Accidents,Other,Rural Areas,Open area,Human Error,Yes,Simple Injury,Rear end,Not at  Junction,Straight and flat,NH,Bitumen(Tar),Dry,Not Applicable,Clear,Dabaspete-DB Pura NH 207 Road,Mandibyadarahalli Gate,7 KM,0.0,0.0,0,0,0.0,0.0
Bengaluru Dist,Doddabelavangala PS,1.0442e+16,2018,1,2,Road Accidents,Circle,Rural Areas,Near Bus stop,Human Error,Yes,Grievous Injury,Hit and Run,Not Applicable,Straight and flat,NH,Bitumen(Tar),Dry,No influence on accident,Clear,Dabaspete-DB Pura NH 207 Road Near Mugenahalli Bare,Near Hulikunte,100 Mt,0.0,0.0,0,0,0.0,0.0
Bengaluru Dist,Doddabelavangala PS,1.0442e+16,2018,1,2,Road Accidents,Other,Rural Areas,Open area,Road Environment Defect,No,Damage Only,Side swipe,Not at  Junction,Straight and flat,NH,Bitumen(Tar),Dry,Construction Work / Material,Clear,Dabaspete-DB Pura NH 207 Road Near Rameshwara Gate,Rameshwara Gate,0.2 KM,0.0,0.0,2,0,0.0,2.0
Bengaluru Dist,Doddabelavangala PS,1.0442e+16,2018,1,1,Road Accidents,Other,Rural Areas,Near or inside a village,Human Error,No,Fatal,Skidding or Self accident,Not Applicable,Straight and flat,Village Road,Bitumen(Tar),Others,Not Applicable,Fine,Kanasavadi-D.B.Vangla Road,Near Sri Rama Woddworks,11 KM,0.0,0.0,0,1,0.0,1.0
Bengaluru Dist,Doddabelavangala PS,1.0442e+16,2018,1,2,Road Accidents,Other,Rural Areas,Near or inside a village,Human Error,No,Fatal,Head on,Not Applicable,Straight and flat,NH,Bitumen(Tar),Others,Not Applicable,Fine,NH-207,Near Veerabhadraswami Kalyana Mantapada,0.5 KM,0.0,0.0,0,1,0.0,1.0
Bengaluru Dist,Doddabelavangala PS,1.0442e+16,2018,1,1,Road Accidents,Other,Rural Areas,Open area,Human Error,Not Applicable,Grievous Injury,Skidding or Self accident,Not at  Junction,Straight and flat,NH,Bitumen(Tar),Dry,Not Applicable,Clear,Dabaspete-DB Pura NH 207 Road Near Thubakunte gate,Thubakunte Gate,5 KM,0.0,0.0,0,0,0.0,0.0
Bengaluru Dist,Doddabelavangala PS,1.0442e+16,2018,1,2,Road Accidents,Not Applicable,Rural Areas,Near Bus stop,Human Error,No,Fatal,Head on,Not Applicable,Straight and flat,NH,Bitumen(Tar),Dry,Not Applicable,Fine,NH-207,Chikkabelavangala Bus Stand Near,1.5 KM,0.0,0.0,0,0,0.0,0.0
Bengaluru Dist,Doddabelavangala PS,1.0442e+16,2018,1,2,Road Accidents,Narrow road,Rural Areas,Open area,Road Environment Defect,Not Applicable,Simple Injury,Head on,Give way sign,Others,NH,Not Applicable,Not Applicable,Construction Work / Material,Others,d.pet d.pur road tubakunte Gate,nanjundappa Land,5km,0.0,0.0,2,0,0.0,2.0
Bengaluru Dist,Doddabelavangala PS,1.0442e+16,2018,1,2,Road Accidents,Curves,Rural Areas,Open area,Human Error,No,Grievous Injury,Hit bicyclist,Not Applicable,Curve,Village Road,Bitumen(Tar),Dry,Not Applicable,Clear,Kanasavadi-Khanimut Road,Patalamma Temple,1.5 KM,0.0,0.0,0,0,0.0,0.0
Bengaluru Dist,Doddabelavangala PS,1.0442e+16,2018,1,2,Road Accidents,Narrow road,Rural Areas,Open area,Human Error,Yes,Grievous Injury,Hit and Run,Not at  Junction,Straight and flat,Village Road,Bitumen(Tar),Dry,Not Applicable,Clear,Sasalu-Thippuru Road,0,6 Ft,0.0,0.0,0,0,0.0,0.0
Bengaluru Dist,Doddabelavangala PS,1.0442e+16,2018,1,1,Road Accidents,Other,Villages settlement,Residential area,Human Error,No,Grievous Injury,Hit pedestrian,Not at  Junction,Hump,Village Road,Bitumen(Tar),Dry,Not Applicable,Clear,DB Vangala-Bhaktharahalli Road,Rampura Colony,3 KM,0.0,0.0,0,0,0.0,0.0
Bengaluru Dist,Doddabelavangala PS,1.0442e+16,2018,1,1,Road Accidents,Other,Rural Areas,Near or inside a village,Human Error,No,Damage Only,Side swipe,Not Applicable,Others,Village Road,Surfaced,Dry,No influence on accident,Clear,"Kannamangala-Kenjigadahalli Road,Near Lake,Madhure Hobali,D.B.pura T.Q",Near Lake,13 K.M,0.0,0.0,0,0,,
Bengaluru Dist,Doddabelavangala PS,1.0442e+16,2018,1,2,Road Accidents,Curves,Rural Areas,Near a religious place,Human Error,No,Grievous Injury,Head on,Not Applicable,Curve,Village Road,Bitumen(Tar),Dry,No influence on accident,Clear,"Channaveranahalli-Sulukunte road,Near Anjaneya Tempal,Sasalu Hobali,D.B.pura T.Q",Near Temple,14 K.M,0.0,0.0,0,0,0.0,0.0
Bengaluru Dist,Doddabelavangala PS,1.0442e+16,2018,1,2,Road Accidents,Cross roads,Rural Areas,Open area,Human Error,No,Simple Injury,Others,Not at  Junction,Curve,NH,Bitumen(Tar),Dry,Not Applicable,Clear,Dabaspete-DB Pura NH 207 Road Near Mugenahalli Bare,Mugenahalli Gate,3 KM,0.0,0.0,0,0,0.0,0.0
Bengaluru Dist,Doddabelavangala PS,1.0442e+16,2018,1,2,Road Accidents,Other,Rural Areas,Open area,Human Error,No,Fatal,Head on,Uncontrolled,Straight and flat,NH,Bitumen(Tar),Dry,Not Applicable,Fine,NH-207,Near Ajjanakatte,1 KM,0.0,0.0,0,0,0.0,0.0
Bengaluru Dist,Doddabelavangala PS,1.0442e+16,2018,1,1,Road Accidents,Other,Rural Areas,Open area,Human Error,No,Fatal,Others,Not Applicable,Straight and flat,Village Road,Bitumen(Tar),Dry,Not Applicable,Fine,village road,Near Badrapura Bandi Road Near,15 km,0.0,0.0,0,0,0.0,0.0
Bengaluru Dist,Doddabelavangala PS,1.0442e+16,2018,1,2,Road Accidents,Other,Rural Areas,Open area,Human Error,No,Grievous Injury,Head on,Not at  Junction,Straight and flat,NH,Bitumen(Tar),Dry,Construction Work / Material,Clear,Dabaspete-DB Pura NH 207 Road Near Thubakunte Gate,Thubakunte Gate,5 KM,0.0,0.0,2,0,0.0,2.0
Bengaluru Dist,Doddabelavangala PS,1.0442e+16,2018,1,1,Road Accidents,Other,Rural Areas,Open area,Human Error,Yes,Fatal,Hit pedestrian,Not Applicable,Straight and flat,NH,Bitumen(Tar),Dry,Construction Work / Material,Clear,NH-207,Near Kugenahalli colony,4 KM,0.0,0.0,2,0,0.0,2.0
Bengaluru Dist,Doddabelavangala PS,1.0442e+16,2018,1,2,Road Accidents,Narrow road,Rural Areas,Near or inside a village,Human Error,Not Applicable,Damage Only,Rear end,Not Applicable,Not Applicable,Village Road,Bitumen(Tar),Dry,No influence on accident,Clear,D.B.Vangala-Madhure Road Puttaiahna agrahara village Near Ramesh House,Near village,6,0.0,0.0,0,0,0.0,0.0
Bengaluru Dist,Doddabelavangala PS,1.0442e+16,2018,1,1,Road Accidents,Other,Rural Areas,Near or inside a village,Not Applicable,No,Damage Only,Side swipe,Uncontrolled,Others,Village Road,Bitumen(Tar),Dry,No influence on accident,Clear,"Sasalu-thipuru road,near crazy flora faram,D.B.Vangala D.B.pura T.Q",Near village,8 Km,0.0,0.0,0,0,0.0,0.0
Bengaluru Dist,Doddabelavangala PS,1.0442e+16,2018,1,2,Road Accidents,Other,Rural Areas,Open area,Human Error,No,Simple Injury,Hit bicyclist,Not at  Junction,Straight and flat,State Highway,Bitumen(Tar),Dry,No influence on accident,Clear,Nelamangala-DB Pura Road,Prakash Poultry Foram,0.5 KM,0.0,0.0,0,0,0.0,0.0
Bengaluru Dist,Doddabelavangala PS,1.0442e+16,2018,1,2,Road Accidents,Curves,Rural Areas,Open area,Human Error,No,Grievous Injury,Hit bicyclist,Not at  Junction,Curve,Village Road,Bitumen(Tar),Dry,Not Applicable,Clear,Khanimata-Kanasavadi Road,Ramaiah land,2 KM,0.0,0.0,0,0,0.0,0.0
Bengaluru Dist,Doddabelavangala PS,1.0442e+16,2018,1,2,Road Accidents,Other,Villages settlement,Residential area,Human Error,No,Damage Only,Rear end,Not at  Junction,Straight and flat,Village Road,Bitumen(Tar),Dry,Not Applicable,Clear,Kanakenahalli-DB Pura Road,Thippuru Village,8 KM,0.0,0.0,0,0,0.0,0.0
Bengaluru Dist,Doddabelavangala PS,1.0442e+16,2019,1,2,Road Accidents,Narrow road,Rural Areas,Open area,Human Error,No,Grievous Injury,Vehicle to Vehicle,Not at  Junction,Straight and flat,Two way,Bitumen(Tar),Dry,No influence on accident,Clear,Kanasavadi-Khanimut Road,Shakaladevanapura Ashwatha katte,0.4 KM,13.244299,77.4265299,0,0,0.0,0.0
Bengaluru Dist,Doddabelavangala PS,1.0442e+16,2019,1,1,Road Accidents,Not Applicable,Rural Areas,Open area,Human Error,No,Damage Only,Not Applicable,Not at  Junction,Straight and flat,NH,Bitumen(Tar),Dry,Construction Work / Material,Clear,Dabaspete-DB Pura NH 207 Road,Rameshwara gate,5 KM,13.293939,77.447653,2,0,0.0,2.0
Bengaluru Dist,Doddabelavangala PS,1.0442e+16,2019,1,3,Road Accidents,Not Applicable,Rural Areas,Open area,Human Error,Not Applicable,Fatal,Vehicle to Vehicle,Not Applicable,Straight and flat,Others,Bitumen(Tar),Dry,Not Applicable,Fine,Other road,Near Kumbalagunte Mori,13 km,13.20166,77.457368,0,0,0.0,0.0
Bengaluru Dist,Doddabelavangala PS,1.0442e+16,2019,1,2,Road Accidents,Not Applicable,Rural Areas,Open area,Human Error,No,Grievous Injury,Vehicle to Vehicle,Not at  Junction,Straight and flat,State Highway,Bitumen(Tar),Dry,No influence on accident,Clear,Nelamangala-DB Pura Road,CD Agrahara Village,0.5 KM,13.216674,77.45603,0,0,0.0,0.0
Bengaluru Dist,Doddabelavangala PS,1.0442e+16,2019,1,2,Road Accidents,Not Applicable,Rural Areas,Open area,Human Error,No,Grievous Injury,Vehicle to Vehicle,Not at  Junction,Curve,NH,Bitumen(Tar),Dry,Construction Work / Material,Clear,Dabaspete-DB Pura NH 207 Road,Dhanalakshmi Daba,0.1 KM,13.284237,77.402257,2,0,0.0,2.0
Bengaluru Dist,Doddabelavangala PS,1.0442e+16,2019,1,2,Road Accidents,Narrow road,Rural Areas,Open area,Human Error,Yes,Simple Injury,Vehicle to Vehicle,Not at  Junction,Straight and flat,Minor District Road,Bitumen(Tar),Dry,No influence on accident,Clear,DB Pura-Sasalu Road,Suttahalli Gate,0.1 KM,13.384199,77.419635,0,0,0.0,0.0
Bengaluru Dist,Doddabelavangala PS,1.0442e+16,2019,1,2,Road Accidents,Not Applicable,Rural Areas,Open area,Human Error,No,Fatal,Vehicle to Vehicle,Not Applicable,Straight and flat,State Highway,Bitumen(Tar),Not Applicable,Not Applicable,Fine,SH,Uddichikkanahalli gate near,13 KM,13.172323,77.414437,0,0,0.0,0.0
Bengaluru Dist,Doddabelavangala PS,1.0442e+16,2019,1,2,Road Accidents,Narrow road,Rural Areas,Open area,Human Error,Not Applicable,Fatal,Vehicle to Vehicle,Not Applicable,Not Applicable,NH,Not Applicable,Not Applicable,Not Applicable,Not Applicable,"Doddaballapura - Dabaspete Road ,",Near Hungi land,30,13.295742,77.463707,0,0,0.0,0.0
Bengaluru Dist,Doddabelavangala PS,1.0442e+16,2019,1,1,Road Accidents,Not Applicable,Rural Areas,Residential area,Human Error,Not Applicable,Damage Only,Not Applicable,Not at  Junction,Straight and flat,NH,Bitumen(Tar),Dry,Not Applicable,Clear,Dabaspete-DB Pura NH 207 Road,Kattihosahalli Village,0.5 KM,13.279369,77.380078,0,0,0.0,0.0
Bengaluru Dist,Doddabelavangala PS,1.0442e+16,2019,1,2,Road Accidents,Not Applicable,Rural Areas,Open area,Human Error,No,Fatal,Head on,Not Applicable,Straight and flat,State Highway,Bitumen(Tar),Dry,Not Applicable,Fine,NH-207,Near Kugenahalli Gate,7 KM,13.294816,77.463688,0,0,0.0,0.0
Bengaluru Dist,Doddabelavangala PS,1.0442e+16,2019,1,2,Road Accidents,Narrow road,Rural Areas,Open area,Human Error,Yes,Simple Injury,Vehicle to Vehicle,Not at  Junction,Straight and flat,Others,Bitumen(Tar),Dry,No influence on accident,Clear,Kanasavadi-Khanimut Road,Shakaladevanapura Ashwatha katte,0.2 KM,13.248869,77.42886,0,0,0.0,0.0
Bengaluru Dist,Doddabelavangala PS,1.0442e+16,2019,1,2,Road Accidents,Narrow road,Rural Areas,Open area,Human Error,Yes,Grievous Injury,Hit bicyclist,Not at  Junction,Straight and flat,Others,Bitumen(Tar),Dry,Not Applicable,Clear,Karepura Village Road,Karepura Cross,5 KM,13.349604,77.461221,0,0,0.0,0.0
Bengaluru Dist,Doddabelavangala PS,1.0442e+16,2019,1,2,Road Accidents,Not Applicable,Rural Areas,Open area,Human Error,No,Simple Injury,Vehicle to Vehicle,Not at  Junction,Straight and flat,NH,Bitumen(Tar),Dry,Not Applicable,Clear,Dabaspete-DB Pura NH 207 Road,Omkar Way bridge,3 KM,13.291001,77.43399,0,0,0.0,0.0
Bengaluru Dist,Doddabelavangala PS,1.0442e+16,2019,1,2,Road Accidents,Not Applicable,Rural Areas,Open area,Human Error,No,Fatal,Vehicle to Vehicle,Not Applicable,Straight and flat,Others,Bitumen(Tar),Dry,Not Applicable,Fine,Other Road,Near Krishnappa Land,6 KM,13.294168,77.409034,0,0,0.0,0.0
Bengaluru Dist,Doddabelavangala PS,1.0442e+16,2019,1,2,Road Accidents,Not Applicable,Rural Areas,Near a religious place,Human Error,No,Damage Only,Vehicle to Vehicle,Not Applicable,Straight and flat,State Highway,Bitumen(Tar),Dry,Not Applicable,Clear,Nelamangala-DB Pura Road,Godhi mill,12 KM,13.182783,77.417915,0,0,0.0,0.0
Bengaluru Dist,Doddabelavangala PS,1.0442e+16,2019,1,1,Road Accidents,Not Applicable,Rural Areas,Open area,Human Error,Yes,Simple Injury,Hit pedestrian,Not at  Junction,Straight and flat,Two way,Bitumen(Tar),Dry,Not Applicable,Clear,Sasalu-Chikkabelavangala Road,Thodalabande lake,0.5 KM,13.395084,77.384878,0,0,0.0,0.0
Bengaluru Dist,Doddabelavangala PS,1.0442e+16,2019,1,2,Road Accidents,Narrow road,Rural Areas,Open area,Human Error,No,Grievous Injury,Vehicle to Vehicle,Not at  Junction,Straight and flat,Others,Bitumen(Tar),Dry,No influence on accident,Clear,DB Pura-Kolala Road,Ankonahalli Village,0.3 KM,13.355417,77.347542,0,0,0.0,0.0
Bengaluru Dist,Doddabelavangala PS,1.0442e+16,2019,1,2,Road Accidents,Curves,Rural Areas,Near or inside a village,Human Error,Yes,Grievous Injury,Hit bicyclist,Not at  Junction,Curve,Minor District Road,Bitumen(Tar),Dry,No influence on accident,Clear,"Kanakenahalli-Channaveeranahalli Road, Sulakunte Cross",Near Sulakunte village,12,13.372976,77.42056,0,0,0.0,0.0
Bengaluru Dist,Doddabelavangala PS,1.0442e+16,2019,1,1,Road Accidents,Not Applicable,City/Town,Near or inside a village,Human Error,No,Fatal,Not Applicable,Not Applicable,Straight and flat,NH,Bitumen(Tar),Dry,Not Applicable,Fine,NH,Chikkayallaiahnapalya village near,6 KM,13.268974,77.342769,0,0,0.0,0.0
Bengaluru Dist,Doddabelavangala PS,1.0442e+16,2019,1,1,Road Accidents,Narrow road,Rural Areas,Residential area,Human Error,No,Grievous Injury,Hit pedestrian,Not at  Junction,Straight and flat,Others,Bitumen(Tar),Dry,Not Applicable,Clear,11th Mail-Mallohalli Road,Hosallaiah House,0.1 KM,13.224487,77.468901,0,0,0.0,0.0
Bengaluru Dist,Doddabelavangala PS,1.0442e+16,2019,1,2,Road Accidents,Cross roads,Rural Areas,Near or inside a village,Human Error,No,Damage Only,Vehicle to Vehicle,Not Applicable,Others,Others,Bitumen(Tar),Dry,No influence on accident,Clear,"Sonnenahalli-akkatammanahalli Road,Near Hanumegowda land",Near village,4,13.301924,77.40568,0,0,0.0,0.0
Bengaluru Dist,Doddabelavangala PS,1.0442e+16,2019,1,2,Road Accidents,Not Applicable,Rural Areas,Open area,Human Error,No,Grievous Injury,Vehicle to Vehicle,Not at  Junction,Straight and flat,NH,Bitumen(Tar),Dry,Not Applicable,Clear,Dabaspete-DB Pura NH 207 Road,Kugenahalli Gate,6 KM,13.295145,77.4626439,0,0,0.0,0.0
Bengaluru Dist,Doddabelavangala PS,1.0442e+16,2019,1,2,Road Accidents,Not Applicable,Rural Areas,Near or inside a village,Human Error,Yes,Grievous Injury,Vehicle to Vehicle,Not at  Junction,Straight and flat,State Highway,Bitumen(Tar),Dry,No influence on accident,Clear,"Nelamangala-DBpura Road,near Grama panchayiti,kanasavadi,madhure Hobali,D.B.pura T.Q",Near Grama Panchayati,12 k.M,13.069983,77.432187,0,0,0.0,0.0
Bengaluru Dist,Doddabelavangala PS,1.0442e+16,2019,1,2,Road Accidents,Narrow road,Rural Areas,Open area,Human Error,No,Fatal,Vehicle to Vehicle,Not Applicable,Others,NH,Bitumen(Tar),Dry,No influence on accident,Fine,DBpura-Dabaspete NH-207 Road Naranahalli Near,Hanumegowda house near,2 Km,13.292194,77.4378209,0,0,0.0,0.0
Bengaluru Dist,Doddabelavangala PS,1.0442e+16,2019,1,2,Road Accidents,Narrow road,Rural Areas,Open area,Human Error,No,Grievous Injury,Vehicle to Vehicle,Not at  Junction,Straight and flat,Others,Bitumen(Tar),Dry,No influence on accident,Clear,Sasalu-Chikkabelavangala Road,Sonnenahalli Village,0.2 KM,13.288839,77.408715,0,0,0.0,0.0
Bengaluru Dist,Doddabelavangala PS,1.0442e+16,2019,1,2,Road Accidents,Other,Rural Areas,Open area,Human Error,Not Applicable,Fatal,Side impact or Right angle,Uncontrolled,Straight and flat,State Highway,Bitumen(Tar),Dry,Not Applicable,Fine,SH-74,Near Naganna Land,13 KM,13.225525,77.472919,0,0,0.0,0.0
Bengaluru Dist,Doddabelavangala PS,1.0442e+16,2019,1,1,Road Accidents,Not Applicable,Rural Areas,Open area,Human Error,Yes,Grievous Injury,Hit pedestrian,Not at  Junction,Straight and flat,State Highway,Bitumen(Tar),Dry,No influence on accident,Clear,Nelamangala-DB Pura Road,Kanasavadi Cross,12 KM,13.243481,77.386297,0,0,0.0,0.0
Bengaluru Dist,Doddabelavangala PS,1.0442e+16,2019,1,2,Road Accidents,Not Applicable,Rural Areas,Open area,Human Error,No,Grievous Injury,Vehicle to Vehicle,Not at  Junction,Straight and flat,NH,Bitumen(Tar),Dry,Not Applicable,Clear,Dabaspete-DB Pura NH 207 Road,Chunchegowdanahosahalli Gate,5 KM,13.296583,77.471681,0,0,0.0,0.0
Bengaluru Dist,Doddabelavangala PS,1.0442e+16,2019,1,2,Road Accidents,Not Applicable,Rural Areas,Near or inside a village,Human Error,No,Simple Injury,Vehicle to Vehicle,Not at  Junction,Straight and flat,NH,Bitumen(Tar),Dry,Construction Work / Material,Clear,Dabaspete-DB Pura NH 207 Road Near Mugenahalli cross,Near Mugenahalli village,3 KM,13.308826,77.460894,2,0,0.0,2.0
Bengaluru Dist,Doddabelavangala PS,1.0442e+16,2019,1,2,Road Accidents,Not Applicable,Rural Areas,Open area,Human Error,No,Grievous Injury,Hit bicyclist,Not at  Junction,Straight and flat,NH,Bitumen(Tar),Dry,Not Applicable,Clear,Dabaspete-DB Pura NH 207 Road,Kugonahalli Colony,0.2 KM,13.209801,77.377142,0,0,0.0,0.0
Bengaluru Dist,Doddabelavangala PS,1.0442e+16,2019,1,2,Road Accidents,Not Applicable,Rural Areas,Open area,Human Error,No,Fatal,Vehicle to Vehicle,Not Applicable,Straight and flat,NH,Bitumen(Tar),Dry,Not Applicable,Fine,NH,Doddamankalnala Cross Near,6 KM,13.302356,77.3673419,0,0,0.0,0.0
Bengaluru Dist,Doddabelavangala PS,1.0442e+16,2019,1,2,Road Accidents,Not Applicable,Rural Areas,Open area,Human Error,No,Fatal,Vehicle to Vehicle,Uncontrolled,Straight and flat,Others,Bitumen(Tar),Others,No influence on accident,Clear,Chikkabelavangala-Sasalu road,Sonnenahalli Hanumegowda Farm Straite,5 KM,13.291343,77.408935,0,1,0.0,1.0
Bengaluru Dist,Doddabelavangala PS,1.0442e+16,2019,1,1,Road Accidents,Not Applicable,Rural Areas,Open area,Human Error,Yes,Grievous Injury,Hit pedestrian,Not at  Junction,Straight and flat,State Highway,Bitumen(Tar),Dry,No influence on accident,Clear,Nelamangala-DB Pura Road,Kanasavadi Cross,0.3 KM,13.201916,77.431433,0,0,0.0,0.0
Bengaluru Dist,Doddabelavangala PS,1.0442e+16,2019,1,2,Road Accidents,Not Applicable,Rural Areas,Open area,Human Error,No,Simple Injury,Vehicle to Vehicle,Not at  Junction,Straight and flat,NH,Bitumen(Tar),Dry,Construction Work / Material,Clear,Dabaspete-DB Pura NH 207 Road,Anjana Daba,0.5 KM,13.28397,77.402327,2,0,0.0,2.0
Bengaluru Dist,Doddabelavangala PS,1.0442e+16,2019,1,2,Road Accidents,Other,Rural Areas,Near or inside a village,Human Error,No,Fatal,Others,Uncontrolled,Straight and flat,NH,Bitumen(Tar),Others,Not Applicable,Others,Kattihosahalli Nare Near,Near Kattihosahalli Bare,4km,13.279651,77.380255,0,1,0.0,1.0
Bengaluru Dist,Doddabelavangala PS,1.0442e+16,2019,1,1,Road Accidents,Not Applicable,Rural Areas,Open area,Human Error,Not Applicable,Simple Injury,Not Applicable,Uncontrolled,Others,State Highway,Not Applicable,Wet,Not Applicable,Very Cold,Nelamangala-Doddaballapura Road,Madure Lake,8 KM,13.210412,77.444994,0,3,0.0,3.0
Bengaluru Dist,Doddabelavangala PS,1.0442e+16,2019,1,2,Road Accidents,Other,Rural Areas,Near School or College,Human Error,No,Fatal,Head on,Not Applicable,Straight and flat,State Highway,Bitumen(Tar),Dry,Not Applicable,Fine,SH-74,Near Rai Collage 11th mail,12 KM,13.24717,77.428346,0,0,0.0,0.0
Bengaluru Dist,Doddabelavangala PS,1.0442e+16,2019,1,2,Road Accidents,Not Applicable,Rural Areas,Open area,Human Error,No,Grievous Injury,Vehicle to Vehicle,Not at  Junction,Curve,NH,Bitumen(Tar),Dry,Not Applicable,Clear,Dabaspete-DB Pura NH 207 Road,Siddalingappa land,5 KM,13.279759,77.380206,0,0,0.0,0.0
Bengaluru Dist,Doddabelavangala PS,1.0442e+16,2019,1,2,Road Accidents,Not Applicable,Rural Areas,Near Bus stop,Human Error,No,Grievous Injury,Hit pedestrian,Not at  Junction,Straight and flat,NH,Bitumen(Tar),Dry,Not Applicable,Clear,Dabaspete-DB Pura NH 207 Road,Hulikunte Bustand,0.2 KM,13.296834,77.4321189,0,0,0.0,0.0
Bengaluru Dist,Doddabelavangala PS,1.0442e+16,2019,1,1,Road Accidents,Not Applicable,Rural Areas,Residential area,Human Error,No,Grievous Injury,Hit pedestrian,Not at  Junction,Straight and flat,Residential Street,Bitumen(Tar),Dry,Not Applicable,Clear,Kadanuru Village,Late Narayanappa House,12 KM,13.243779,77.455526,0,0,0.0,0.0
Bengaluru Dist,Doddabelavangala PS,1.0442e+16,2019,1,1,Road Accidents,Not Applicable,Rural Areas,Residential area,Human Error,No,Fatal,Hit pedestrian,Not Applicable,Straight and flat,Residential Street,Bitumen(Tar),Dry,Not Applicable,Fine,Village road,Umashankar & Murthappa Land,12 KM,13.205142,77.434183,0,0,0.0,0.0
Bengaluru Dist,Doddabelavangala PS,1.0442e+16,2020,1,2,Road Accidents,Not Applicable,Rural Areas,Open area,Human Error,No,Damage Only,Vehicle to Vehicle,Not at  Junction,Straight and flat,NH,Bitumen(Tar),Dry,Not Applicable,Clear,"Dabaspete-DB Pura NH 207 Road, Near Benaka Hotel",Arasegowda Neelagiri yard,0.2 KM,13.287369,77.418277,0,0,0.0,0.0
Bengaluru Dist,Doddabelavangala PS,1.0442e+16,2020,1,1,Road Accidents,Narrow road,Rural Areas,Near or inside a village,Human Error,No,Fatal,Not Applicable,Not at  Junction,Others,Others,Concrete,Dry,No influence on accident,Fine,Galibilikote village to coloni road,near Bachappa land,5 KM,13.336637,77.432706,0,0,0.0,0.0
Bengaluru Dist,Doddabelavangala PS,1.0442e+16,2020,1,1,Road Accidents,Curves,Rural Areas,Open area,Human Error,No,Grievous Injury,Not Applicable,Not at  Junction,Curve,Others,Bitumen(Tar),Dry,Not Applicable,Clear,Khanimut-Kanasavadi Road,Madhure Lake,100 ft,13.209563,77.445396,0,0,0.0,0.0
Bengaluru Dist,Doddabelavangala PS,1.0442e+16,2020,1,1,Road Accidents,Offset,Rural Areas,Near or inside a village,Not Applicable,No,Damage Only,Not Applicable,Uncontrolled,Straight and flat,Others,Bitumen(Tar),Dry,Engineering Defect of Road,Clear,"Near Gangadhara land,Rampura-Bhaktarahalli Road",Near Gangadhara Land,2 k.M.,13.24405,77.471285,4,0,0.0,4.0
Bengaluru Dist,Doddabelavangala PS,1.0442e+16,2020,1,1,Road Accidents,Offset,Rural Areas,Open area,Human Error,No,Damage Only,Not Applicable,Not at  Junction,Straight and flat,NH,Bitumen(Tar),Dry,Construction Work / Material,Clear,Dabaspete-DB Pura NH 207 Road,Rameshwara gate,0.2 KM,13.259063,77.424331,2,0,0.0,2.0
Bengaluru Dist,Doddabelavangala PS,1.0442e+16,2020,1,2,Road Accidents,Not Applicable,Rural Areas,Open area,Human Error,No,Grievous Injury,Vehicle to Vehicle,Not at  Junction,Straight and flat,NH,Bitumen(Tar),Dry,Not Applicable,Clear,DB Pura-Dabaspete NH 207 Road,Ajjanakatte bustop,0.1 KM,13.289405,77.427245,0,0,0.0,0.0