DISTRICTNAME,UNITNAME,Crime_No,Year,RI,Noofvehicle_involved,Accident_Classification,Accident_Spot,Accident_Location,Accident_SubLocation,Main_Cause,Hit_Run,Severity,Collision_Type,Junction_Control,Road_Character,Road_Type,Surface_Type,Surface_Condition,Road_Condition,Weather,Accident_Road,Landmark_first,Distance_LandMark_First,Latitude,Longitude,Road_Condition_Score,Surface_Condition_Score,Surface_Type_Score,Road_Risk_Index
Bengaluru Dist,Doddabelavangala PS,1.0442e+16,2020,1,2,Road Accidents,Not Applicable,Rural Areas,Open area,Human Error,No,Grievous Injury,Vehicle to Vehicle,Not at  Junction,Straight and flat,NH,Bitumen(Tar),Dry,Not Applicable,Clear,DB Pura-Dabaspete NH 207 Road,Rameshwara gate,0.5 KM,13.294099,77.448301,0,0,0.0,0.0
Bengaluru Dist,Doddabelavangala PS,1.0442e+16,2020,1,2,Road Accidents,Not Applicable,Rural Areas,Near Petrol Pump,Human Error,No,Grievous Injury,Vehicle to Vehicle,Not at  Junction,Straight and flat,NH,Bitumen(Tar),Dry,Not Applicable,Clear,Dabaspete-DB Pura NH 207 Road Near DB Vangala Petrol bunk,Petrol bunk,0.2 KM,13.289301,77.425638,0,0,0.0,0.0
Bengaluru Dist,Doddabelavangala PS,1.0442e+16,2020,1,1,Road Accidents,Not Applicable,Rural Areas,Open area,Human Error,No,Grievous Injury,Not Applicable,Not at  Junction,Straight and flat,NH,Bitumen(Tar),Dry,Not Applicable,Clear,Dabaspete-DB Pura NH 207 Road,H L Dhattu faram,80 ft,13.29027,77.4316469,0,0,0.0,0.0
Bengaluru Dist,Doddabelavangala PS,1.0442e+16,2020,1,2,Road Accidents,Cross roads,Rural Areas,Open area,Human Error,No,Grievous Injury,Vehicle to Vehicle,Not at  Junction,Slight Curve,State Highway,Bitumen(Tar),Dry,Not Applicable,Clear,DB Pura-Nelamangala Road,Madhure Temple,0.4 KM,13.325622,77.463241,0,0,0.0,0.0
Bengaluru Dist,Doddabelavangala PS,1.0442e+16,2020,1,2,Road Accidents,Not Applicable,Rural Areas,Open area,Human Error,No,Grievous Injury,Vehicle to Vehicle,Not at  Junction,Straight and flat,Minor District Road,Bitumen(Tar),Dry,Not Applicable,Clear,Kanasavadi-Khanimut Road,Honnavara gate,0.2 KM,13.346532,77.4067749,0,0,0.0,0.0
Bengaluru Dist,Doddabelavangala PS,1.0442e+16,2020,1,1,Road Accidents,Not Applicable,Rural Areas,Open area,Human Error,No,Damage Only,Not Applicable,Not at  Junction,Straight and flat,NH,Bitumen(Tar),Dry,Not Applicable,Clear,Dabaspete-DB Pura NH 207 Road,Ajjanakatte bustop,0.1 KM,13.290097,77.427126,0,0,0.0,0.0
Bengaluru Dist,Doddabelavangala PS,1.0442e+16,2020,1,1,Road Accidents,Narrow road,Rural Areas,Open area,Human Error,No,Fatal,Not Applicable,Not at  Junction,Others,Others,Bitumen(Tar),Dry,No influence on accident,Fine,Doddabelavangala-Bhaktharahalli road,Near Huvinakatte,3 K M,13.196062,77.411203,0,0,0.0,0.0
Bengaluru Dist,Doddabelavangala PS,1.0442e+16,2020,1,1,Road Accidents,Not Applicable,Rural Areas,Open area,Human Error,No,Damage Only,Not Applicable,Not at  Junction,Straight and flat,NH,Bitumen(Tar),Dry,Not Applicable,Clear,Dabaspete-DB Pura NH 207 Road,Maseedi,0.2 KM,13.289042,77.4251799,0,0,0.0,0.0
Bengaluru Dist,Doddabelavangala PS,1.0442e+16,2020,1,1,Road Accidents,Not Applicable,Rural Areas,Open area,Human Error,Not Applicable,Damage Only,Not Applicable,Not at  Junction,Straight and flat,NH,Bitumen(Tar),Dry,Not Applicable,Clear,NH-207 Dabaspete-doddaballapura road,near Nagesh land,20 fee,13.267511,77.336958,0,0,0.0,0.0
Bengaluru Dist,Doddabelavangala PS,1.0442e+16,2020,1,1,Road Accidents,Narrow road,Rural Areas,Open area,Human Error,Not Applicable,Grievous Injury,Not Applicable,Not Applicable,Straight and flat,NH,Bitumen(Tar),Dry,Construction Work / Material,Cloudy,Dabaspete-DB Pura NH 207 Road,Electric pole,50feet,13.293489,77.4483579,2,0,0.0,2.0
Bengaluru Dist,Doddabelavangala PS,1.0442e+16,2020,1,2,Road Accidents,Narrow road,Rural Areas,Open area,Human Error,Yes,Damage Only,Vehicle to Vehicle,Not at  Junction,Straight and flat,Major District Road,Bitumen(Tar),Dry,No influence on accident,Clear,Sasalu-Chikkabelavangala Road,Amrut Wines,50 Mtr,13.330968,77.394206,0,0,0.0,0.0
Bengaluru Dist,Doddabelavangala PS,1.0442e+16,2020,1,2,Road Accidents,Cross roads,Rural Areas,Open area,Human Error,No,Grievous Injury,Vehicle to Vehicle,Not at  Junction,Curve,Minor District Road,Bitumen(Tar),Dry,Not Applicable,Clear,"Sasalu-Chikkabelavangala Road, Near Mallegowdanahalli cross",Mallegowdanahalli cross,20 ft,13.365509,77.3785769,0,0,0.0,0.0
Bengaluru Dist,Doddabelavangala PS,1.0442e+16,2020,1,2,Road Accidents,Not Applicable,Rural Areas,Open area,Human Error,Yes,Grievous Injury,Vehicle to Vehicle,Not at  Junction,Straight and flat,NH,Bitumen(Tar),Dry,Not Applicable,Clear,Dabaspete-DB Pura NH 207 Road,Thubakunte Cross,0.1 KM,13.278708,77.37522,0,0,0.0,0.0
Bengaluru Dist,Doddabelavangala PS,1.0442e+16,2020,1,1,Road Accidents,Curves,Rural Areas,Open area,Human Error,Not Applicable,Grievous Injury,Not Applicable,Uncontrolled,Curve,State Highway,Bitumen(Tar),Dry,No influence on accident,Clear,Nelamangala-  Doddaballapura Road,50 KM West Ramesh Farm,50 Mtr,13.230158,77.449588,0,0,0.0,0.0
Bengaluru Dist,Doddabelavangala PS,1.0442e+16,2020,1,2,Road Accidents,Narrow road,Rural Areas,Open area,Human Error,Yes,Fatal,Vehicle to Vehicle,Not Applicable,Others,Others,Bitumen(Tar),Dry,No influence on accident,Fine,Sriramanahalli to Sasalu Road,Near Sriramanahalli,13 km,13.291439,77.427528,0,0,0.0,0.0
Bengaluru Dist,Doddabelavangala PS,1.0442e+16,2020,1,1,Road Accidents,Curves,Rural Areas,Open area,Human Error,No,Fatal,Hit pedestrian,Not at  Junction,Curve,Two way,Bitumen(Tar),Dry,No influence on accident,Fine,Kanasavadi-Khanimutta Road,Near Kanasavadi lake curve,12 Km,13.210354,77.433222,0,0,0.0,0.0
Bengaluru Dist,Doddabelavangala PS,1.0442e+16,2020,1,2,Road Accidents,Not Applicable,Rural Areas,Open area,Human Error,No,Simple Injury,Vehicle to Vehicle,Not at  Junction,Straight and flat,NH,Bitumen(Tar),Dry,Construction Work / Material,Clear,Dabaspete-DB Pura NH 207 Road,Balaji Daba,0.2 KM,13.284039,77.4021,2,0,0.0,2.0
Bengaluru Dist,Doddabelavangala PS,1.0442e+16,2020,1,1,Road Accidents,Not Applicable,Rural Areas,Open area,Human Error,No,Damage Only,Not Applicable,Not at  Junction,Straight and flat,Others,Bitumen(Tar),Dry,Not Applicable,Clear,Kolala-Doddabelavangala Road,Near Narasimharaju land,0.1 KM,13.241796,77.42306,0,0,0.0,0.0
Bengaluru Dist,Doddabelavangala PS,1.0442e+16,2020,1,2,Road Accidents,Not Applicable,Rural Areas,Open area,Human Error,No,Grievous Injury,Vehicle to Vehicle,Not at  Junction,Straight and flat,Others,Bitumen(Tar),Dry,Not Applicable,Clear,DB Vangala-Rampura Road,Chikkarama Poultry Faram,0.1 KM,13.268965,77.3542469,0,0,0.0,0.0
Bengaluru Dist,Doddabelavangala PS,1.0442e+16,2020,1,2,Road Accidents,Not Applicable,Rural Areas,Near School or College,Human Error,Yes,Grievous Injury,Vehicle to Vehicle,Not at  Junction,Straight and flat,Two way,Bitumen(Tar),Dry,Not Applicable,Clear,Kanasavadi-Khanimut Road,Govt School Shakaladevanapura,40 ft,13.247934,77.428252,0,0,0.0,0.0
Bengaluru Dist,Doddabelavangala PS,1.0442e+16,2020,1,2,Road Accidents,Circle,Rural Areas,Open area,Human Error,Not Applicable,Grievous Injury,Vehicle to Vehicle,Uncontrolled,Straight and flat,State Highway,Bitumen(Tar),Dry,Not Applicable,Clear,Doddaballapura- Nelamangala Road,Electric Pole,10 Eas,13.216875,77.456897,0,0,0.0,0.0
Bengaluru Dist,Doddabelavangala PS,1.0442e+16,2021,1,2,Road Accidents,Narrow road,Rural Areas,Open area,Human Error,No,Fatal,Vehicle to Vehicle,Not at  Junction,Straight and flat,NH,Bitumen(Tar),Dry,No influence on accident,Fine,Doddaballapura-Dabaspete Road,Near Basavaraju Neelagiri land,1 Km,13.301721,77.391678,0,0,0.0,0.0
Bengaluru Dist,Doddabelavangala PS,1.0442e+16,2021,1,2,Road Accidents,Not Applicable,Rural Areas,Open area,Human Error,No,Grievous Injury,Vehicle to Vehicle,Not at  Junction,Straight and flat,Minor District Road,Bitumen(Tar),Dry,Not Applicable,Clear,Sasalu-Arodi road,Ettinahole project construction palce,0.1 KM,13.424528,77.39021,0,0,0.0,0.0
Bengaluru Dist,Doddabelavangala PS,1.0442e+16,2021,1,1,Road Accidents,Junction,Rural Areas,Open area,Human Error,No,Fatal,Hit bicyclist,Uncontrolled,Not Applicable,NH,Bitumen(Tar),Dry,Not Applicable,Others,Doddaballapura-Dabaspete Road,Rameshwara Gate,60,13.28737,77.408724,0,0,0.0,0.0
Bengaluru Dist,Doddabelavangala PS,1.0442e+16,2021,1,1,Road Accidents,Not Applicable,Rural Areas,Open area,Not Applicable,No,Fatal,Not Applicable,Uncontrolled,Others,NH,Bitumen(Tar),Others,Not Applicable,Others,Doddaballapura-Dabaspete Road,Mandibyadarahalli Gate,1.6,13.208839,77.45148,0,1,0.0,1.0
Bengaluru Dist,Doddabelavangala PS,1.0442e+16,2021,1,1,Road Accidents,Not Applicable,Rural Areas,Near Bus stop,Human Error,No,Grievous Injury,Hit pedestrian,Not Applicable,Straight and flat,NH,Bitumen(Tar),Dry,Construction Work / Material,Fine,Dabaspete-DB Pura NH 207 Road,Guruprasad Hotel,50feet,13.272828,77.352366,2,0,0.0,2.0
Bengaluru Dist,Doddabelavangala PS,1.0442e+16,2021,1,2,Road Accidents,Not Applicable,Rural Areas,Open area,Human Error,Not Applicable,Damage Only,Vehicle to Vehicle,Not Applicable,Straight and flat,NH,Bitumen(Tar),Dry,Construction Work / Material,Clear,NH-207 Dabaspete-doddaballapura road,Ajjanakatte bustop,60 Mtr,13.290422,77.42738,2,0,0.0,2.0
Bengaluru Dist,Doddabelavangala PS,1.0442e+16,2021,1,2,Road Accidents,Narrow road,Rural Areas,Open area,Human Error,No,Grievous Injury,Vehicle to Vehicle,Not Applicable,Not Applicable,NH,Bitumen(Tar),Dry,Not Applicable,Very Hot,DB Pura-Dabaspete NH 207 Road,Rameshwara gate,04 km,0.0,0.0,0,0,0.0,0.0
Bengaluru Dist,Doddabelavangala PS,1.0442e+16,2021,1,2,Road Accidents,Narrow road,Rural Areas,Open area,Human Error,No,Fatal,Vehicle to Vehicle,Not at  Junction,Straight and flat,Others,Bitumen(Tar),Dry,No influence on accident,Fine,Khanimutta-Doddabelavangala cross Road,Dasegowda Land Near,5 KM,0.0,0.0,0,0,0.0,0.0
Bengaluru Dist,Doddabelavangala PS,1.0442e+16,2021,1,1,Road Accidents,Curves,Rural Areas,Open area,Human Error,Not Applicable,Damage Only,Not Applicable,Not Applicable,Sharp Curve,State Highway,Bitumen(Tar),Dry,Not Applicable,Cloudy,Doddaballapura- Nelamanagala Road Near Ramesh Farm,Ramesh Farm,50Feet,13.221579,77.4711309,0,0,0.0,0.0
Bengaluru Dist,Doddabelavangala PS,1.0442e+16,2021,1,1,Road Accidents,Narrow road,Rural Areas,Residential area,Human Error,No,Fatal,Not Applicable,Not at  Junction,Hump,Others,Bitumen(Tar),Dry,No influence on accident,Fine,D.B.Pura-Nelamangala Road,Near Panchaythi Office,12 KM,13.210076,77.45244,0,0,0.0,0.0
Bengaluru Dist,Doddabelavangala PS,1.0442e+16,2021,1,2,Road Accidents,Curves,Rural Areas,Open area,Human Error,Not Applicable,Simple Injury,Vehicle to Vehicle,Not at  Junction,Curve,Major District Road,Bitumen(Tar),Dry,Not Applicable,Clear,Khanimata- Belavangala Cross Road,Speed Limit Board,100 ft,0.0,0.0,0,0,0.0,0.0
Bengaluru Dist,Doddabelavangala PS,1.0442e+16,2021,1,2,Road Accidents,Junction,Rural Areas,Open area,Vehicle Defect,Not Applicable,Damage Only,Vehicle to Vehicle,Uncontrolled,Straight and flat,NH,Bitumen(Tar),Dry,Not Applicable,Clear,NH-207 Dabaspete-doddaballapura road,Electric Pole North East,40Feet,13.319086,77.44309,0,0,0.0,0.0
Bengaluru Dist,Doddabelavangala PS,1.0442e+16,2021,1,1,Road Accidents,Narrow road,Rural Areas,Open area,Human Error,No,Fatal,Not Applicable,Not at  Junction,Straight and flat,Others,Bitumen(Tar),Dry,No influence on accident,Fine,Khanimutt-Kanasavadi Road to Karepura Road,Narasimhaiah Land near,5 KM,13.263724,77.420862,0,0,0.0,0.0
Bengaluru Dist,Doddabelavangala PS,1.0442e+16,2021,1,2,Road Accidents,Junction,Rural Areas,Open area,Human Error,Yes,Grievous Injury,Vehicle to Vehicle,Uncontrolled,Straight and flat,NH,Bitumen(Tar),Dry,Construction Work / Material,Clear,NH-207 Dabaspete-doddaballapura road,Petrol bunk west,250Mtr,0.0,0.0,2,0,0.0,2.0
Bengaluru Dist,Doddabelavangala PS,1.0442e+16,2021,1,1,Road Accidents,Cross roads,Rural Areas,Residential area,Human Error,No,Grievous Injury,Hit pedestrian,Not Applicable,Others,Residential Street,Bitumen(Tar),Dry,Not Applicable,Fine,Adakavala-kolala road,Trakatar Shed,16 km,13.358263,77.360207,0,0,0.0,0.0
Bengaluru Dist,Doddabelavangala PS,1.0442e+16,2021,1,2,Road Accidents,Not Applicable,Rural Areas,Open area,Human Error,No,Grievous Injury,Vehicle to Vehicle,Not at  Junction,Straight and flat,NH,Bitumen(Tar),Dry,Not Applicable,Clear,"DB Pura-Dabaspete NH 207 Road, Near Koligere cross",Kaaduchannaiahna katte,50 ft,13.283816,77.400787,0,0,0.0,0.0
Bengaluru Dist,Doddabelavangala PS,1.0442e+16,2021,1,2,Road Accidents,Circle,Rural Areas,Open area,Human Error,No,Grievous Injury,Vehicle to Vehicle,Uncontrolled,Curve,Major District Road,Bitumen(Tar),Dry,Not Applicable,Fine,Chikkabelavangala- sasalu Road,Two Electrical Poles North,25 Fee,13.333279,77.393727,0,0,0.0,0.0
Bengaluru Dist,Doddabelavangala PS,1.0442e+16,2021,1,2,Road Accidents,Cross roads,Rural Areas,Open area,Not Applicable,No,Fatal,Vehicle to Vehicle,Uncontrolled,Curve,Others,Bitumen(Tar),Others,Not Applicable,Others,Kanakenahalli-Mestrumane Cross Road,Near Mestrumane Cross,4,13.349411,77.460979,0,1,0.0,1.0
Bengaluru Dist,Doddabelavangala PS,1.0442e+16,2021,1,1,Road Accidents,Not Applicable,Rural Areas,Residential area,Human Error,No,Grievous Injury,Hit pedestrian,Not Applicable,Straight and flat,Residential Street,Concrete,Dry,No influence on accident,Clear,Bokipura colony Residencial street,Shivakumaraswamy house,10 ft,13.290358,77.439332,0,0,0.0,0.0
Bengaluru Dist,Doddabelavangala PS,1.0442e+16,2021,1,2,Road Accidents,Narrow road,Rural Areas,Open area,Human Error,No,Fatal,Vehicle to Vehicle,Not at  Junction,Straight and flat,NH,Bitumen(Tar),Dry,No influence on accident,Wind,Doddaballapura To Daddaspete Road,Kote Ramaiah land near,2 KM,13.285077,77.4059639,0,0,0.0,0.0
Bengaluru Dist,Doddabelavangala PS,1.0442e+16,2021,1,2,Road Accidents,Curves,Rural Areas,Residential area,Human Error,Not Applicable,Grievous Injury,Vehicle to Vehicle,Not Applicable,Curve,Major District Road,Bitumen(Tar),Dry,Not Applicable,Clear,Chiakkabelavangala sasalu Road,Double electric pole,50feet,13.354094,77.418125,0,0,0.0,0.0
Bengaluru Dist,Doddabelavangala PS,1.0442e+16,2021,1,2,Road Accidents,Narrow road,Rural Areas,Open area,Human Error,No,Fatal,Vehicle to Vehicle,Not at  Junction,Others,NH,Bitumen(Tar),Dry,No influence on accident,Others,D.B.Pura-Dabaspete NH-207 Rosd,Near Venkatesh murthy land,7 K M,0.0,0.0,0,0,0.0,0.0
Bengaluru Dist,Doddabelavangala PS,1.0442e+16,2021,1,2,Road Accidents,Curves,Rural Areas,Open area,Human Error,No,Grievous Injury,Vehicle to Vehicle,Uncontrolled,Curve,Others,Bitumen(Tar),Dry,No influence on accident,Clear,Madhuranahosahalli- Chikkahejjaji Road,Electric pole In south,20Feet,13.188503,77.418158,0,0,0.0,0.0
Bengaluru Dist,Doddabelavangala PS,1.0442e+16,2021,1,1,Road Accidents,Narrow road,Rural Areas,Open area,Not Applicable,No,Fatal,Not Applicable,Not at  Junction,Others,Others,Bitumen(Tar),Dry,No influence on accident,Others,Arodi-sasalu road,Gummanahalli,20 KM,13.281944,77.474741,0,0,0.0,0.0
Bengaluru Dist,Doddabelavangala PS,1.0442e+16,2021,1,2,Road Accidents,Curves,Rural Areas,Open area,Human Error,Not Applicable,Grievous Injury,Vehicle to Vehicle,Not Applicable,Curve,Minor District Road,Bitumen(Tar),Dry,Not Applicable,Clear,Mestrumane cross- Kanakenahalli Road,East Anjaneya temple,5oFeet,13.348948,77.46615,0,0,0.0,0.0
Bengaluru Dist,Doddabelavangala PS,1.0442e+16,2021,1,2,Road Accidents,Curves,Rural Areas,Open area,Human Error,No,Simple Injury,Vehicle to Vehicle,Not at  Junction,Curve,Minor District Road,Bitumen(Tar),Dry,Not Applicable,Clear,Tippuru- Channaverranahalli Road,South west Channaveeranhalli Village,500 Mt,13.371641,77.431455,0,0,0.0,0.0
Bengaluru Dist,Doddabelavangala PS,1.0442e+16,2021,1,2,Road Accidents,Not Applicable,Rural Areas,Near Petrol Pump,Human Error,No,Grievous Injury,Vehicle to Vehicle,Not at  Junction,Straight and flat,NH,Bitumen(Tar),Dry,Not Applicable,Clear,"Dabaspete-DB Pura NH 207 Road Near, MRPL Petrol bunk",MRPL Petrol bunk,80 ft,13.281355,77.388635,0,0,0.0,0.0
Bengaluru Dist,Doddabelavangala PS,1.0442e+16,2021,1,1,Road Accidents,Narrow road,Rural Areas,Open area,Human Error,No,Fatal,Not Applicable,Not at  Junction,Straight and flat,Others,Bitumen(Tar),Dry,No influence on accident,Fine,Adripura-Rameshwara gate Road,Near Ramaswamaiah,6 Km,13.26024,77.443376,0,0,0.0,0.0
Bengaluru Dist,Doddabelavangala PS,1.0442e+16,2021,1,1,Road Accidents,Junction,Rural Areas,Near Bus stop,Human Error,Not Applicable,Grievous Injury,Hit pedestrian,Uncontrolled,Straight and flat,NH,Bitumen(Tar),Dry,Not Applicable,Clear,Doddaballapura- Dobospet NH 207,Govt School,50 mtr,13.285535,77.406176,0,0,0.0,0.0
Bengaluru Dist,Doddabelavangala PS,1.0442e+16,2022,1,2,Road Accidents,Junction,Rural Areas,Open area,Human Error,Not Applicable,Grievous Injury,Vehicle to Vehicle,Uncontrolled,Not Applicable,NH,Bitumen(Tar),Dry,Not Applicable,Clear,Dabaspete-DB Pura NH 207 Road,Khanimatha,50Feet,13.407144,77.349156,0,0,0.0,0.0
Bengaluru Dist,Doddabelavangala PS,1.0442e+16,2022,1,1,Road Accidents,Narrow road,Rural Areas,Open area,Human Error,Not Applicable,Grievous Injury,Hit pedestrian,Not Applicable,Straight and flat,State Highway,Bitumen(Tar),Dry,Not Applicable,Very Cold,Doddaballapura- Nelamanagala Road Near Ramesh Farm,Malu Wire Factory,50 mtr,13.231423,77.481117,0,0,0.0,0.0
Bengaluru Dist,Doddabelavangala PS,1.0442e+16,2022,1,1,Road Accidents,Not Applicable,Rural Areas,Near Bus stop,Human Error,Not Applicable,Grievous Injury,Hit pedestrian,Not Applicable,Straight and flat,NH,Bitumen(Tar),Dry,Not Applicable,Fine,Doddaballapura-Dobspete NH 207 Road,Infront of HMS Chikan center,12 km,13.28901,77.425147,0,0,0.0,0.0
Bengaluru Dist,Doddabelavangala PS,1.0442e+16,2022,1,1,Road Accidents,Not Applicable,Rural Areas,Residential area,Not Applicable,No,Not Applicable,Not Applicable,Uncontrolled,Others,Residential Street,Bitumen(Tar),Dry,Not Applicable,Cloudy,Kanasavadi-Kanimata road,Near Vasudevamurthy Land,03 km,13.204455,77.433336,0,0,0.0,0.0
Bengaluru Dist,Doddabelavangala PS,1.0442e+16,2022,1,2,Road Accidents,Not Applicable,Rural Areas,Open area,Human Error,No,Fatal,Vehicle to Vehicle,Controlled,Straight and flat,NH,Bitumen(Tar),Dry,Not Applicable,Clear,"Dabaspete-Doddaballapura road, NH",Ajjanakatte bare,200 mt,13.339464,77.419622,0,0,0.0,0.0
Bengaluru Dist,Doddabelavangala PS,1.0442e+16,2022,1,2,Road Accidents,Narrow road,Rural Areas,Open area,Human Error,Not Applicable,Grievous Injury,Vehicle to Vehicle,Not Applicable,Straight and flat,State Highway,Bitumen(Tar),Dry,Not Applicable,Clear,Doddaballapura- Nelamanagala Road Near Ramesh Farm,Kriyageon Factory,100ft,13.298525,77.418313,0,0,0.0,0.0
Bengaluru Dist,Doddabelavangala PS,1.0442e+16,2022,1,2,Road Accidents,Narrow road,Rural Areas,Open area,Human Error,No,Fatal,Vehicle to Vehicle,Uncontrolled,Others,State Highway,Bitumen(Tar),Others,No influence on accident,Others,Nelamangala-Doddaballapura Road,Puttenahallai Gate,1.6,13.198319,77.426834,0,1,0.0,1.0
Bengaluru Dist,Doddabelavangala PS,1.0442e+16,2022,1,1,Road Accidents,Circle,Rural Areas,Near School or College,Human Error,No,Grievous Injury,Hit pedestrian,No signal lights,Straight and flat,Residential Street,Bitumen(Tar),Dry,Not Applicable,Fine,Chikkabelavangala-sasalu Road,Near Muiraju Land,13,13.324679,77.393997,0,0,0.0,0.0
Bengaluru Dist,Doddabelavangala PS,1.0442e+16,2022,1,2,Road Accidents,Curves,Rural Areas,Residential area,Human Error,Not Applicable,Grievous Injury,Vehicle to Vehicle,Uncontrolled,Curve,State Highway,Bitumen(Tar),Dry,Not Applicable,Clear,Madure Raod,Near Garadigarapalya kere kodi crossing,13 km,0.0,0.0,0,0,0.0,0.0
Bengaluru Dist,Doddabelavangala PS,1.0442e+16,2022,1,1,Road Accidents,Circle,Rural Areas,Near Bus stop,Human Error,No,Grievous Injury,Hit pedestrian,Controlled,Straight and flat,Residential Street,Bitumen(Tar),Dry,Not Applicable,Clear,Nelamangala-Doddaballapura road kanasavadi RR Chikan center,kanasavadi,12 km,13.203333,77.433601,0,0,0.0,0.0
Bengaluru Dist,Doddabelavangala PS,1.0442e+16,2022,1,2,Road Accidents,Not Applicable,Rural Areas,Open area,Human Error,Yes,Fatal,Vehicle to Vehicle,Controlled,Straight and flat,Others,Bitumen(Tar),Dry,Not Applicable,Clear,Mugenahalli Bare,M L Factroy Yard,4 KM,13.282119,77.39178,0,0,0.0,0.0
Bengaluru Dist,Doddabelavangala PS,1.0442e+16,2022,1,2,Road Accidents,Not Applicable,Rural Areas,Residential area,Human Error,No,Grievous Injury,Vehicle to Vehicle,Not Applicable,Straight and flat,NH,Bitumen(Tar),Dry,Not Applicable,Fine,"Doddaballapura - Dabaspete NH 207 Road, Near Naranahalli Kempamma Land",Near Naranahalli Kempamma Land,1/2 km,0.0,0.0,0,0,0.0,0.0
Bengaluru Dist,Doddabelavangala PS,1.0442e+16,2022,1,2,Road Accidents,Narrow road,Rural Areas,Open area,Human Error,Not Applicable,Grievous Injury,Vehicle to Vehicle,Not Applicable,Straight and flat,Others,Bitumen(Tar),Dry,Not Applicable,Clear,Suttahalli Cross- Suttahalli,Electric pole,10Mtr,13.375356,77.440183,0,0,0.0,0.0
Bengaluru Dist,Doddabelavangala PS,1.0442e+16,2022,1,2,Road Accidents,Narrow road,Rural Areas,Open area,Human Error,No,Fatal,Vehicle to Vehicle,Uncontrolled,Others,Others,Bitumen(Tar),Dry,No influence on accident,Others,Sankarasanahalli-Thambenahalli Road,Near Kempaiah Land,600,13.339344,77.401476,0,0,0.0,0.0
Bengaluru Dist,Doddabelavangala PS,1.0442e+16,2022,1,2,Road Accidents,Narrow road,Rural Areas,Near Bus stop,Human Error,Yes,Grievous Injury,Vehicle to Vehicle,Not Applicable,Straight and flat,NH,Bitumen(Tar),Dry,Not Applicable,Fine,Doddaballapura-Dobaspete Raod,Chikkabelavangala,2 km,13.340101,77.420623,0,0,0.0,0.0
Bengaluru Dist,Doddabelavangala PS,1.0442e+16,2022,1,2,Road Accidents,Not Applicable,Rural Areas,Open area,Human Error,No,Fatal,Vehicle to Vehicle,Controlled,Straight and flat,NH,Bitumen(Tar),Dry,Not Applicable,Clear,"Dabaspete-Doddaballapura road, NH",Infront Of Jagadish clinic,1 KM,13.288292,77.421522,0,0,0.0,0.0
Bengaluru Dist,Doddabelavangala PS,1.0442e+16,2022,1,2,Road Accidents,Narrow road,Rural Areas,Open area,Human Error,Not Applicable,Grievous Injury,Vehicle to Vehicle,Not Applicable,Straight and flat,Major District Road,Bitumen(Tar),Dry,Not Applicable,Clear,Belavangala Cross- Khanimatha Circle Road,Rangasswamaiahs land,50 ft,13.220895,77.429481,0,0,0.0,0.0
Bengaluru Dist,Doddabelavangala PS,1.0442e+16,2022,1,2,Road Accidents,Curves,Rural Areas,Open area,Human Error,Not Applicable,Grievous Injury,Vehicle to Vehicle,Not at  Junction,Sharp Curve,Major District Road,Bitumen(Tar),Dry,Not Applicable,Clear,Chikkabelavangala- Sasalu Road,Electric pole,50ft,13.312372,77.403677,0,0,0.0,0.0
Bengaluru Dist,Doddabelavangala PS,1.0442e+16,2022,1,2,Road Accidents,Narrow road,Rural Areas,Open area,Human Error,Not Applicable,Grievous Injury,Vehicle to Vehicle,Not at  Junction,Straight and flat,NH,Bitumen(Tar),Dry,No influence on accident,Clear,NH-207 Dabaspete-doddaballapura road,Electric pole,50 ft,13.153071,77.4100609,0,0,0.0,0.0
Bengaluru Dist,Doddabelavangala PS,1.0442e+16,2022,1,2,Road Accidents,Not Applicable,Rural Areas,Open area,Human Error,No,Fatal,Vehicle to Vehicle,Not Applicable,Straight and flat,Others,Bitumen(Tar),Dry,Not Applicable,Fog / Mist,Vanigarahalli Near Rajanna Land,Near Rajanna Land,9 KM,13.353729,77.453183,0,0,0.0,0.0
Bengaluru Dist,Doddabelavangala PS,1.0442e+16,2022,1,2,Road Accidents,Narrow road,Rural Areas,Near Petrol Pump,Human Error,Not Applicable,Grievous Injury,Vehicle to Vehicle,Not Applicable,Straight and flat,State Highway,Bitumen(Tar),Others,Not Applicable,Others,"Doddaballapura - Dabaspete Road, Near Channadeviaghara Village",Near Hanumantharayappa House,15,13.213808,77.454481,0,1,0.0,1.0
Bengaluru Dist,Doddabelavangala PS,1.0442e+16,2022,1,2,Road Accidents,Narrow road,Rural Areas,Open area,Human Error,Not Applicable,Grievous Injury,Vehicle to Vehicle,Not at  Junction,Straight and flat,State Highway,Bitumen(Tar),Dry,Construction Work / Material,Cloudy,Doddaballapura- Nelamanagala Road Near Ramesh Farm,Tree,5ft,13.185593,77.418259,2,0,0.0,2.0
Bengaluru Dist,Doddabelavangala PS,1.0442e+16,2022,1,2,Road Accidents,Not Applicable,Rural Areas,Residential area,Human Error,Not Applicable,Grievous Injury,Vehicle to Vehicle,Not Applicable,Straight and flat,NH,Bitumen(Tar),Dry,Not Applicable,Clear,Doddaballapur-Dabasapete road NH-207,Near Maruti kalyan Mantapa,3km,13.284917,77.406156,0,0,0.0,0.0