DISTRICTNAME,UNITNAME,Crime_No,Year,RI,Noofvehicle_involved,Accident_Classification,Accident_Spot,Accident_Location,Accident_SubLocation,Main_Cause,Hit_Run,Severity,Collision_Type,Junction_Control,Road_Character,Road_Type,Surface_Type,Surface_Condition,Road_Condition,Weather,Accident_Road,Landmark_first,Distance_LandMark_First,Latitude,Longitude,Road_Condition_Score,Surface_Condition_Score,Surface_Type_Score,Road_Risk_Index
Bengaluru Dist,Doddabelavangala PS,1.0442e+16,2022,1,2,Road Accidents,Not Applicable,Rural Areas,Near School or College,Human Error,Yes,Not Applicable,Vehicle to Vehicle,Not Applicable,Straight and flat,State Highway,Bitumen(Tar),Dry,Not Applicable,Clear,Doddaballapur-Nelamangala road,Near Sri rama Highschool,12,0.0,0.0,0,0,0.0,0.0
Bengaluru Dist,Doddabelavangala PS,1.0442e+16,2022,1,2,Road Accidents,Not Applicable,Rural Areas,Open area,Human Error,No,Fatal,Vehicle to Vehicle,Not at  Junction,Others,NH,Bitumen(Tar),Dry,Not Applicable,Clear,Middle Of Hulukunte-Appakaranahalli Gate,Middle Of Hulukunte Appakaranahalli Gate,8,13.272217,77.352157,0,0,0.0,0.0
Bengaluru Dist,Doddabelavangala PS,1.0442e+16,2022,1,2,Road Accidents,Not Applicable,Rural Areas,Residential area,Human Error,No,Grievous Injury,Vehicle to Vehicle,No signal lights,Straight and flat,State Highway,Bitumen(Tar),Dry,Pot holed,Cloudy,Doddaballapura-Nelamangala Road,Near Meera esstete,14,13.200471,77.429598,5,0,0.0,5.0
Bengaluru Dist,Doddabelavangala PS,1.0442e+16,2022,1,2,Road Accidents,Curves,Rural Areas,Open area,Human Error,Not Applicable,Simple Injury,Vehicle to Vehicle,Not Applicable,Curve,Major District Road,Bitumen(Tar),Dry,Not Applicable,Cloudy,Sasalu - Gummanahalli Road,Narashimamurty house North,50Feet,13.415473,77.38643,0,0,0.0,0.0
Bengaluru Dist,Doddabelavangala PS,1.0442e+16,2022,1,2,Road Accidents,Narrow road,Rural Areas,Open area,Human Error,Not Applicable,Simple Injury,Vehicle to Vehicle,Not Applicable,Straight and flat,NH,Bitumen(Tar),Dry,Construction Work / Material,Cloudy,Doddaballapura- Dobospet NH 207,MRPL Petrol bunk,200mtr,13.279513,77.384611,2,0,0.0,2.0
Bengaluru Dist,Doddabelavangala PS,1.0442e+16,2022,1,2,Road Accidents,Not Applicable,Rural Areas,Open area,Human Error,Yes,Fatal,Vehicle to Vehicle,Controlled,Others,NH,Bitumen(Tar),Dry,Not Applicable,Fog / Mist,Near Naranahalli,Near Naranahalli,2 KM,13.291805,77.438949,0,0,0.0,0.0
Bengaluru Dist,Doddabelavangala PS,1.0442e+16,2022,1,2,Road Accidents,Narrow road,Rural Areas,Near Hospital,Human Error,Not Applicable,Simple Injury,Vehicle to Vehicle,Not Applicable,Not Applicable,Minor District Road,Bitumen(Tar),Dry,Not Applicable,Clear,Chikkabelavangala- Sasalu Road,Govt Hospital,70ft,13.406339,77.390707,0,0,0.0,0.0
Bengaluru Dist,Doddabelavangala PS,1.0442e+16,2022,1,2,Road Accidents,Narrow road,Rural Areas,Open area,Human Error,Not Applicable,Grievous Injury,Vehicle to Vehicle,Not Applicable,Straight and flat,State Highway,Bitumen(Tar),Dry,Construction Work / Material,Clear,Doddaballapura- Nelamanagala Road Near Ramesh Farm,Waste Disposal unit,100,13.372215,77.4191969,2,0,0.0,2.0
Bengaluru Dist,Doddabelavangala PS,1.0442e+16,2022,1,2,Road Accidents,Not Applicable,Rural Areas,Open area,Vehicle Defect,Not Applicable,Damage Only,Vehicle to Vehicle,Not Applicable,Others,NH,Not Applicable,Dry,Not Applicable,Others,Dabaspete-Doddaballapura road Chikkabelavangala - Kanimata cross center,Near Venkateshppa Home,04 km,13.286603,77.413226,0,0,0.0,0.0
Bengaluru Dist,Doddabelavangala PS,1.0442e+16,2022,1,2,Road Accidents,Not Applicable,Rural Areas,Residential area,Human Error,No,Grievous Injury,Vehicle to Vehicle,Not Applicable,Straight and flat,NH,Bitumen(Tar),Dry,Not Applicable,Fine,"Doddaballapura - Dabaspete Road, Near Moogenahalli Bare",Infront of Smt Sowjanya Form House Mooogenahalli Bare,5,13.283296,77.397536,0,0,0.0,0.0
Bengaluru Dist,Doddabelavangala PS,1.0442e+16,2022,1,1,Road Accidents,Curves,Rural Areas,Residential area,Human Error,No,Grievous Injury,Not Applicable,Uncontrolled,Curve,Residential Street,Bitumen(Tar),Dry,Not Applicable,Fine,Kanasavadi-Kanimata road,Near Madhure,10,13.213038,77.431688,0,0,0.0,0.0
Bengaluru Dist,Doddabelavangala PS,1.0442e+16,2022,1,2,Road Accidents,Cross roads,City/Town,Open area,Human Error,No,Fatal,Vehicle to Vehicle,Uncontrolled,Others,NH,Bitumen(Tar),Dry,No influence on accident,Others,Doddaballapura-Dobaspete Road,Chunchegowdanahosahalli Gate,1.6,13.297549,77.475943,0,0,0.0,0.0
Bengaluru Dist,Doddabelavangala PS,1.0442e+16,2022,1,2,Road Accidents,Cross roads,Rural Areas,Residential area,Human Error,No,Grievous Injury,Vehicle to Vehicle,Not Applicable,Not Applicable,Residential Street,Bitumen(Tar),Dry,Not Applicable,Others,Doddaballapura-Dobspete NH 207 Road,Near Kathihosahalli Lake,6,13.279677,77.381258,0,0,0.0,0.0
Bengaluru Dist,Doddabelavangala PS,1.0442e+16,2022,1,2,Road Accidents,Narrow road,Rural Areas,Near Bus stop,Human Error,Not Applicable,Grievous Injury,Vehicle to Vehicle,Uncontrolled,Straight and flat,NH,Bitumen(Tar),Dry,Not Applicable,Fine,Doddaballapura-Dobspete NH 207 Road,Near Tubukunte gate,06 km,13.278822,77.374804,0,0,0.0,0.0
Bengaluru Dist,Doddabelavangala PS,1.0442e+16,2022,1,2,Road Accidents,Not Applicable,Rural Areas,Open area,Human Error,No,Fatal,Vehicle to Vehicle,Not Applicable,Straight and flat,NH,Bitumen(Tar),Dry,Not Applicable,Clear,Near Kugenahalli Gate,Near Kugenahalli Gate,7 KM,13.294399,77.45767,0,0,0.0,0.0
Bengaluru Dist,Doddabelavangala PS,1.0442e+16,2022,1,2,Road Accidents,Curves,Rural Areas,Near Bus stop,Human Error,No,Grievous Injury,Vehicle to Vehicle,Not Applicable,Others,Others,Bitumen(Tar),Dry,Not Applicable,Fine,Thippuru to Kanakenahalli,Near Byrapuratanda Village Gate,1,13.357679,77.451694,0,0,0.0,0.0
Bengaluru Dist,Doddabelavangala PS,1.0442e+16,2022,1,2,Road Accidents,Narrow road,Rural Areas,Open area,Human Error,Not Applicable,Grievous Injury,Vehicle to Vehicle,Not Applicable,Straight and flat,NH,Bitumen(Tar),Dry,Construction Work / Material,Clear,NearChikkarasappa Land,Chikkellaiahnapalya,300mtr,13.269971,77.344695,2,0,0.0,2.0
Bengaluru Dist,Doddabelavangala PS,1.0442e+16,2022,1,1,Road Accidents,Narrow road,Rural Areas,Open area,Human Error,No,Fatal,Vehicle to Vehicle,Uncontrolled,Straight and flat,NH,Bitumen(Tar),Dry,No influence on accident,Others,Doddaballapura-Dobaspete Road,Near Chunchegowdanahosahalli,4,13.29327,77.448345,0,0,0.0,0.0
Bengaluru Dist,Doddabelavangala PS,1.0442e+16,2022,1,1,Road Accidents,Not Applicable,Rural Areas,Residential area,Human Error,No,Grievous Injury,Not Applicable,Not Applicable,Straight and flat,Minor District Road,Bitumen(Tar),Dry,No influence on accident,Cloudy,cheennaveeranahalli-kanakenahalli road,Muttarayaswami Temple,15km,13.38094,77.398945,0,0,0.0,0.0
Bengaluru Dist,Doddabelavangala PS,1.0442e+16,2022,1,2,Road Accidents,Not Applicable,Rural Areas,Open area,Human Error,No,Fatal,Vehicle to Vehicle,Not at  Junction,Straight and flat,NH,Bitumen(Tar),Dry,Not Applicable,Clear,Near Indian cab  Farm House,Near Indian cab  Farm House,7 KM,13.275913,77.3645429,0,0,0.0,0.0
Bengaluru Dist,Doddabelavangala PS,1.0442e+16,2022,1,2,Road Accidents,Cross roads,Rural Areas,Open area,Human Error,Not Applicable,Grievous Injury,Not Applicable,Not Applicable,Straight and flat,NH,Bitumen(Tar),Dry,Construction Work / Material,Cloudy,Doddaballapur-Dabasapete road NH-207,Dyavasandra village near siddappa land,8km,13.274285,77.3592849,2,0,0.0,2.0
Bengaluru Dist,Doddabelavangala PS,1.0442e+16,2022,1,2,Road Accidents,Curves,Rural Areas,Open area,Human Error,Not Applicable,Grievous Injury,Vehicle to Vehicle,Not Applicable,Curve,Major District Road,Bitumen(Tar),Dry,Not Applicable,Clear,Sasalu-Chikkabelavangala Road,Bridge,20mtr,13.294434,77.409141,0,0,0.0,0.0
Bengaluru Dist,Doddabelavangala PS,1.0442e+16,2022,1,2,Road Accidents,Narrow road,Rural Areas,Near School or College,Human Error,Not Applicable,Damage Only,Vehicle to Vehicle,Not at  Junction,Straight and flat,NH,Bitumen(Tar),Dry,Construction Work / Material,Clear,NH-207 Dabaspete-doddaballapura road,North East Side Karnataka public School,100Mtr,13.287569,77.417744,2,0,0.0,2.0
Bengaluru Dist,Doddabelavangala PS,1.0442e+16,2022,1,2,Road Accidents,Not Applicable,Rural Areas,Open area,Human Error,No,Fatal,Vehicle to Vehicle,Not Applicable,Straight and flat,NH,Bitumen(Tar),Dry,Not Applicable,Clear,"Middle of Kattihosahalli-Mugenahalli baare, Near MRPL Petrol Bunk",Middle of Kattihosahalli Mugenahalli baare Near MRPL Petrol Bunk,5 KM,13.281192,77.387503,0,0,0.0,0.0
Bengaluru Dist,Doddabelavangala PS,1.0442e+16,2023,1,2,Road Accidents,Not Applicable,Rural Areas,Open area,Human Error,Yes,Fatal,Vehicle to Vehicle,Controlled,Others,NH,Bitumen(Tar),Dry,Not Applicable,Clear,NH,Near Kattihosahalli Village,5 KM,0.0,0.0,0,0,0.0,0.0
Bengaluru Dist,Doddabelavangala PS,1.0442e+16,2023,1,2,Not Applicable,Narrow road,Rural Areas,Open area,Human Error,Not Applicable,Damage Only,Vehicle to Vehicle,Not at  Junction,Straight and flat,NH,Bitumen(Tar),Dry,Not Applicable,Clear,Doddaballapura- Dobospet NH 648,Kugenahalli Gate,200mtr,13.290461,77.44081,0,0,0.0,0.0
Bengaluru Dist,Doddabelavangala PS,1.0442e+16,2023,1,2,Road Accidents,Not Applicable,Rural Areas,Open area,Human Error,No,Fatal,Vehicle to Vehicle,Controlled,Others,Others,Bitumen(Tar),Dry,Not Applicable,Clear,Kanakenahalli-Mestrumane Cross Road,Near Kadalappanahalli,16 KM,13.383632,77.3830469,0,0,0.0,0.0
Bengaluru Dist,Doddabelavangala PS,1.0442e+16,2023,1,1,Road Accidents,Not Applicable,Rural Areas,Open area,Human Error,No,Fatal,Hit pedestrian,Controlled,Others,State Highway,Bitumen(Tar),Dry,Not Applicable,Fog / Mist,Nelamangala-Doddaballapura Road,Infront of Kyamason Company,10 KM,13.239623,77.483327,0,0,0.0,0.0
Bengaluru Dist,Doddabelavangala PS,1.0442e+16,2023,1,2,Road Accidents,Not Applicable,Rural Areas,Open area,Human Error,No,Damage Only,Vehicle to Vehicle,Controlled,Straight and flat,NH,Bitumen(Tar),Dry,Not Applicable,Clear,NH,Koligere Gate,5 KM,13.2839,77.400214,0,0,0.0,0.0
Bengaluru Dist,Doddabelavangala PS,1.0442e+16,2023,1,2,Road Accidents,Narrow road,Rural Areas,Open area,Human Error,No,Grievous Injury,Vehicle to Vehicle,Uncontrolled,Others,Others,Bitumen(Tar),Dry,Not Applicable,Fine,Thyamagondlu Honnavara Road,Halenahalli Cross,12 KM,13.206284,77.414833,0,0,0.0,0.0
Bengaluru Dist,Doddabelavangala PS,1.0442e+16,2023,1,2,Road Accidents,Not Applicable,Rural Areas,Open area,Human Error,Not Applicable,Damage Only,Vehicle to Vehicle,Controlled,Straight and flat,NH,Bitumen(Tar),Dry,Not Applicable,Clear,NH,Near Lakshminarayana Chowtry,1 KM,13.286745,77.413849,0,0,0.0,0.0
Bengaluru Dist,Doddabelavangala PS,1.0442e+16,2023,1,2,Road Accidents,Narrow road,Rural Areas,Open area,Human Error,No,Damage Only,Vehicle to Vehicle,Not Applicable,Straight and flat,NH,Bitumen(Tar),Dry,Construction Work / Material,Cloudy,Doddaballapura- Dobospet NH 207,MRPL Petrol bunk,300mtr,13.28505,77.452677,2,0,0.0,2.0
Bengaluru Dist,Doddabelavangala PS,1.0442e+16,2023,1,1,Road Accidents,Narrow road,Rural Areas,Open area,Human Error,Not Applicable,Fatal,Not Applicable,Uncontrolled,Others,State Highway,Bitumen(Tar),Dry,Not Applicable,Fine,Nelamangala-Doddaballapura road kanasavadi RR Chikan center,Kannamangala Colony,13 km,0.0,0.0,0,0,0.0,0.0
Bengaluru Dist,Doddabelavangala PS,1.0442e+16,2023,1,2,Road Accidents,Not Applicable,Rural Areas,Open area,Not Applicable,No,Simple Injury,Vehicle to Vehicle,Uncontrolled,Not Applicable,NH,Bitumen(Tar),Dry,Not Applicable,Clear,"Doddaballapura-Dabaspete Road, H N 648, Near Naranahalli, Doddabelavangala, Hobali, Doddaballapura t",Near Naranahalli Bridj,600 M,13.292232,77.441319,0,0,0.0,0.0
Bengaluru Dist,Doddabelavangala PS,1.0442e+16,2023,1,1,Road Accidents,Narrow road,Rural Areas,Open area,Human Error,Not Applicable,Grievous Injury,Hit pedestrian,Not Applicable,Straight and flat,NH,Bitumen(Tar),Dry,Not Applicable,Clear,Doddaballapura- Dobospet NH 207,Madhuranahosahalli Gate,100mtr,13.290509,77.432422,0,0,0.0,0.0
Bengaluru Dist,Doddabelavangala PS,1.0442e+16,2023,1,3,Road Accidents,Narrow road,Rural Areas,Open area,Human Error,Not Applicable,Damage Only,Vehicle to Vehicle,Uncontrolled,Not Applicable,NH,Bitumen(Tar),Dry,Not Applicable,Fine,NH 207,Muthugadhalli Gate,6 KM,0.0,0.0,0,0,0.0,0.0
Bengaluru Dist,Doddabelavangala PS,1.0442e+16,2023,1,2,Road Accidents,Narrow road,Rural Areas,Open area,Human Error,Not Applicable,Grievous Injury,Vehicle to Vehicle,Not Applicable,Straight and flat,NH,Bitumen(Tar),Dry,Not Applicable,Clear,Doddaballapura- Dobospet NH 648,Rameshwara Gate,100mtr,13.275602,77.350623,0,0,0.0,0.0
Bengaluru Dist,Doddabelavangala PS,1.0442e+16,2023,1,2,Road Accidents,Narrow road,Rural Areas,Open area,Human Error,Not Applicable,Grievous Injury,Vehicle to Vehicle,Not Applicable,Straight and flat,NH,Bitumen(Tar),Dry,Construction Work / Material,Clear,Doddaballapura- Dobospet NH 648,Dyavasandra Village,250Mtr,13.273491,77.357889,2,0,0.0,2.0
Bengaluru Dist,Doddabelavangala PS,1.0442e+16,2023,1,1,Road Accidents,Narrow road,Rural Areas,Residential area,Human Error,No,Simple Injury,Not Applicable,Uncontrolled,Not Applicable,Others,Bitumen(Tar),Dry,Not Applicable,Fine,Byappanhalli,Byappanahalli,13 km,13.35527,77.353807,0,0,0.0,0.0
Bengaluru Dist,Doddabelavangala PS,1.0442e+16,2023,1,2,Road Accidents,Not Applicable,Rural Areas,Open area,Human Error,Yes,Simple Injury,Vehicle to Vehicle,Controlled,Straight and flat,Others,Bitumen(Tar),Dry,Not Applicable,Clear,"Near Ashwathappa Land, Jalagere",Near Ashwathappa Land,12 KM,13.370542,77.4398799,0,0,0.0,0.0
Bengaluru Dist,Doddabelavangala PS,1.0442e+16,2023,1,1,Road Accidents,Not Applicable,Rural Areas,Open area,Human Error,No,Fatal,Not Applicable,Controlled,Others,NH,Bitumen(Tar),Dry,Construction Work / Material,Cloudy,"Dabaspete-Doddaballapura road, NH",Near Naranahalli Bridge,2 KM,0.0,0.0,2,0,0.0,2.0
Bengaluru Dist,Doddabelavangala PS,1.0442e+16,2023,1,2,Road Accidents,Narrow road,Rural Areas,Open area,Human Error,Not Applicable,Simple Injury,Vehicle to Vehicle,Uncontrolled,Not Applicable,NH,Bitumen(Tar),Dry,Not Applicable,Fine,NH 648,Hulikunte Dyavasandra Toll,8 km,13.270153,77.345033,0,0,0.0,0.0
Bengaluru Dist,Doddabelavangala PS,1.0442e+16,2023,1,1,Road Accidents,Narrow road,Rural Areas,Residential area,Human Error,Not Applicable,Simple Injury,Hit pedestrian,Uncontrolled,Others,Others,Bitumen(Tar),Dry,Not Applicable,Others,Doddabelavangala Sasalu Road,Girish Foultry Farm,4 km,13.1747,77.24217,0,0,0.0,0.0
Bengaluru Dist,Doddabelavangala PS,1.0442e+16,2023,1,2,Road Accidents,Narrow road,Rural Areas,Open area,Human Error,Not Applicable,Damage Only,Vehicle to Vehicle,Not Applicable,Straight and flat,NH,Bitumen(Tar),Dry,Not Applicable,Cloudy,Doddaballapura- Dobospet NH 648,Infront Of LM Wind Power Plant,100mtr,13.281616,77.389222,0,0,0.0,0.0
Bengaluru Dist,Doddabelavangala PS,1.0442e+16,2023,1,2,Road Accidents,Narrow road,Rural Areas,Near a religious place,Human Error,Not Applicable,Simple Injury,Vehicle to Vehicle,Uncontrolled,Others,NH,Bitumen(Tar),Dry,Not Applicable,Fine,DB Pura Dobbaspet NH 207,Masjid,0.5 KM,13.280454,77.33452,0,0,0.0,0.0
Bengaluru Dist,Doddabelavangala PS,1.0442e+16,2023,1,2,Road Accidents,Narrow road,Rural Areas,Open area,Human Error,No,Simple Injury,Vehicle to Vehicle,Controlled,Others,Others,Bitumen(Tar),Dry,Not Applicable,Clear,Inbetween Puttaiahna agrahara-hadripura cross,Near Narayanappa Land,5,13.256924,77.439751,0,0,0.0,0.0
Bengaluru Dist,Doddabelavangala PS,1.0442e+16,2023,1,2,Road Accidents,Narrow road,Rural Areas,Open area,Human Error,Not Applicable,Simple Injury,Vehicle to Vehicle,Not Applicable,Straight and flat,NH,Bitumen(Tar),Dry,Not Applicable,Clear,Doddaballapura- Dobospet NH 648,Transformer,20Ft,13.280269,77.384506,0,0,0.0,0.0
Bengaluru Dist,Doddabelavangala PS,1.0442e+16,2023,1,1,Road Accidents,Narrow road,Rural Areas,Open area,Human Error,Not Applicable,Damage Only,Not Applicable,Not Applicable,Straight and flat,State Highway,Bitumen(Tar),Dry,Not Applicable,Wind,Doddaballapura- Nelamanagala Road Near Ramesh Farm,BTS Mill,200mtr,13.291386,77.469989,0,0,0.0,0.0
Bengaluru Dist,Doddabelavangala PS,1.0442e+16,2023,1,1,Road Accidents,Narrow road,Rural Areas,Near School or College,Human Error,No,Simple Injury,Hit pedestrian,Uncontrolled,Others,NH,Bitumen(Tar),Dry,Not Applicable,Fine,"Doddaballapura - Dabaspete Road, Near Channadeviaghara Village",Karnataka Public Shool Oppoiste,1 KM,13.288333,77.421375,0,0,0.0,0.0
Bengaluru Dist,Doddabelavangala PS,1.0442e+16,2023,1,1,Road Accidents,Narrow road,Rural Areas,Open area,Human Error,Not Applicable,Fatal,Not Applicable,Uncontrolled,Others,State Highway,Bitumen(Tar),Dry,Not Applicable,Fine,Nelamangala-Doddaballapura road kanasavadi RR Chikan center,Near Godi mill,13 km,13.182399,77.418054,0,0,0.0,0.0
Bengaluru Dist,Doddabelavangala PS,1.0442e+16,2023,1,2,Road Accidents,Curves,Rural Areas,Open area,Human Error,Not Applicable,Simple Injury,Vehicle to Vehicle,Uncontrolled,Curve,NH,Bitumen(Tar),Dry,Not Applicable,Others,NH 648,LM Wind Factory yard,6 km,13.282022,77.391568,0,0,0.0,0.0
Bengaluru Dist,Doddabelavangala PS,1.0442e+16,2023,1,2,Road Accidents,Narrow road,Rural Areas,Open area,Human Error,Not Applicable,Not Applicable,Vehicle to Vehicle,Uncontrolled,Others,NH,Bitumen(Tar),Dry,Not Applicable,Others,NH 648,Ajjanakatte,100mts,13.378014,77.441036,0,0,0.0,0.0
Bengaluru Dist,Doddabelavangala PS,1.0442e+16,2023,1,1,Road Accidents,Not Applicable,Rural Areas,Open area,Human Error,No,Grievous Injury,Hit bicyclist,Controlled,Straight and flat,State Highway,Bitumen(Tar),Dry,Not Applicable,Clear,Doddaballapura-Nelamangala Road,Near Adishakti Guddadamma Temple Gate,14 KM,0.0,0.0,0,0,0.0,0.0
Bengaluru Dist,Doddabelavangala PS,1.0442e+16,2023,1,1,Road Accidents,Not Applicable,Rural Areas,Open area,Human Error,Not Applicable,Fatal,Not Applicable,Not Applicable,Straight and flat,Others,Kutcha,Muddy,Not Applicable,Cloudy,"Bandijadu In Prabhuvaiah, s Land",Mud Road to CG hosahalli,350mtr,13.291124,77.468279,0,4,4.0,8.0
Bengaluru Dist,Doddabelavangala PS,1.0442e+16,2023,1,2,Road Accidents,Not Applicable,Rural Areas,Open area,Human Error,No,Simple Injury,Vehicle to Vehicle,Controlled,Straight and flat,Others,Bitumen(Tar),Dry,Not Applicable,Clear,Khanimatha Cross Road,Near Govindaraju Land,1 KM,0.0,0.0,0,0,0.0,0.0
Bengaluru Dist,Doddabelavangala PS,1.0442e+16,2023,1,2,Road Accidents,Not Applicable,Rural Areas,Open area,Human Error,Not Applicable,Grievous Injury,Vehicle to Vehicle,Not at  Junction,Straight and flat,Minor District Road,Bitumen(Tar),Dry,Not Applicable,Clear,Khanimata- Belavangala Cross Road,Balaji Wines,75ft,13.262275,77.42276,0,0,0.0,0.0
Bengaluru Dist,Doddabelavangala PS,1.0442e+16,2023,1,2,Road Accidents,Narrow road,Rural Areas,Open area,Human Error,Not Applicable,Not Applicable,Vehicle to Vehicle,Uncontrolled,Others,NH,Bitumen(Tar),Dry,Not Applicable,Fine,Dobbospet Doddaballapura,Chikkabelavangala Sasalu Cross Raod,2 km,13.285631,77.408302,0,0,0.0,0.0
Bengaluru Dist,Doddabelavangala PS,1.0442e+16,2023,1,2,Road Accidents,Narrow road,Rural Areas,Open area,Human Error,Yes,Grievous Injury,Vehicle to Vehicle,Not at  Junction,Straight and flat,NH,Bitumen(Tar),Dry,Not Applicable,Cloudy,Doddaballapura- Dobospet NH 648,SNC Camp gate,100ft,13.290737,77.434034,0,0,0.0,0.0
Bengaluru Dist,Doddabelavangala PS,1.0442e+16,2023,1,4,Road Accidents,Narrow road,Rural Areas,Near Bus stop,Human Error,Yes,Simple Injury,Vehicle to Vehicle,Uncontrolled,Others,State Highway,Gravel,Dry,Not Applicable,Fine,Nelamangala-Doddaballapura road kanasavadi RR Chikan center,BDCC Bank Opposite,8 KM,13.204515,77.421238,0,0,3.0,3.0
Bengaluru Dist,Doddabelavangala PS,1.0442e+16,2023,1,2,Road Accidents,Cross roads,Rural Areas,Open area,Human Error,Yes,Simple Injury,Vehicle to Vehicle,Uncontrolled,Others,One way,Bitumen(Tar),Dry,Not Applicable,Others,Arodi Chikkabelavangala Road,Kenchanna Katte,17 KM,13.39794,77.38547,0,0,0.0,0.0
Bengaluru Dist,Doddabelavangala PS,1.0442e+16,2023,1,2,Road Accidents,Not Applicable,Rural Areas,Open area,Human Error,No,Simple Injury,Vehicle to Vehicle,Controlled,Hump,Others,Bitumen(Tar),Dry,Not Applicable,Clear,Khanimatha Kanasawadi Road,Near Shakaladevipura,6 KM,13.248253,77.428124,0,0,0.0,0.0
Bengaluru Dist,Doddabelavangala PS,1.0442e+16,2023,1,1,Road Accidents,Narrow road,Rural Areas,Open area,Human Error,Not Applicable,Fatal,Not Applicable,Uncontrolled,Others,NH,Bitumen(Tar),Dry,Not Applicable,Fine,DB Pura Dobbaspet NH 648,Tubugunte Village,9 km,13.278945,77.37417,0,0,0.0,0.0
Bengaluru Dist,Doddabelavangala PS,1.0442e+16,2023,1,3,Road Accidents,Not Applicable,Rural Areas,Open area,Human Error,No,Fatal,Vehicle to Vehicle,Controlled,Straight and flat,NH,Bitumen(Tar),Dry,Not Applicable,Clear,Near MRPL Petrol Bunk,Near MRPL Petrol Bunk,3 KM,13.281068,77.387375,0,0,0.0,0.0
Bengaluru Dist,Doddabelavangala PS,1.0442e+16,2023,1,2,Road Accidents,Narrow road,Rural Areas,Open area,Human Error,Yes,Fatal,Vehicle to Vehicle,Uncontrolled,Others,NH,Bitumen(Tar),Dry,Not Applicable,Fine,NH 648,Near Mugenahalli Bare,3 km,0.0,0.0,0,0,0.0,0.0
Bengaluru Dist,Doddabelavangala PS,1.0442e+16,2023,1,1,Road Accidents,Not Applicable,Rural Areas,Open area,Human Error,Not Applicable,Grievous Injury,Not Applicable,Uncontrolled,Not Applicable,NH,Bitumen(Tar),Dry,Construction Work / Material,Fine,NH 648,Channabasavaiahnapalya Gate,6 KM,13.27461,77.36015,2,0,0.0,2.0
Bengaluru Dist,Doddabelavangala PS,1.0442e+16,2023,1,1,Rail Road Accidents,Narrow road,Rural Areas,Residential area,Human Error,Yes,Grievous Injury,Hit pedestrian,Not Applicable,Straight and flat,Others,Kutcha,Dry,Not Applicable,Clear,Sri Shanimahatma Tepmle to Kanasawadi Village,Sri Lakshminarashima Agro foods,10ft,0.0,0.0,0,0,4.0,4.0
Bengaluru Dist,Doddabelavangala PS,1.0442e+16,2023,1,2,Road Accidents,Not Applicable,Rural Areas,Open area,Human Error,Yes,Simple Injury,Vehicle to Vehicle,Controlled,Straight and flat,Others,Bitumen(Tar),Dry,Not Applicable,Clear,"Sasalu-Arudi Road, Near Venkataraju Land",Near Venkataraju Land,18 KM,13.413504,77.388825,0,0,0.0,0.0
Bengaluru Dist,Doddabelavangala PS,1.0442e+16,2023,1,2,Road Accidents,Narrow road,Rural Areas,Near Bus stop,Human Error,Not Applicable,Simple Injury,Vehicle to Vehicle,Uncontrolled,Others,NH,Bitumen(Tar),Dry,Not Applicable,Fine,NH 648,Appakaranahalli Cross,10 km,13.267278,77.336755,0,0,0.0,0.0
Bengaluru Dist,Doddabelavangala PS,1.0442e+16,2023,1,1,Road Accidents,Narrow road,Rural Areas,Open area,Human Error,Not Applicable,Fatal,Not Applicable,Not at  Junction,Straight and flat,Major District Road,Bitumen(Tar),Dry,Not Applicable,Cloudy,Chiakkabelavangala sasalu Road,Curve,75mtr,13.399511,77.386333,0,0,0.0,0.0
Bengaluru Dist,Doddabelavangala PS,1.0442e+16,2023,1,2,Road Accidents,Not Applicable,Rural Areas,Open area,Human Error,Not Applicable,Fatal,Vehicle to Vehicle,Not at  Junction,Straight and flat,NH,Bitumen(Tar),Dry,Not Applicable,Clear,Doddaballapura- Dobospet NH 648,Renukappa House,100ft,0.0,0.0,0,0,0.0,0.0
Bengaluru Dist,Doddabelavangala PS,1.0442e+16,2023,1,2,Road Accidents,Narrow road,Rural Areas,Residential area,Human Error,Not Applicable,Damage Only,Vehicle to Vehicle,Uncontrolled,Others,NH,Bitumen(Tar),Dry,Not Applicable,Fine,NH 207,Naranahalli,2 KM,13.383887,77.3917729,0,0,0.0,0.0
Bengaluru Dist,Doddabelavangala PS,1.0442e+16,2023,1,2,Road Accidents,Curves,Rural Areas,Open area,Human Error,Not Applicable,Grievous Injury,Vehicle to Vehicle,Not Applicable,Curve,Major District Road,Bitumen(Tar),Dry,Not Applicable,Cloudy,Chiakkabelavangala sasalu Road,Narayanappas House,100 ft,13.31191,77.4038749,0,0,0.0,0.0
Bengaluru Dist,Doddabelavangala PS,1.0442e+16,2023,1,1,Road Accidents,Not Applicable,Rural Areas,Open area,Human Error,No,Simple Injury,Vehicle to Vehicle,Controlled,Straight and flat,Others,Bitumen(Tar),Dry,Not Applicable,Clear,Khanimatha-Kanasawadi Cross Road,Shakaladevanapura,6 KM,13.294976,77.409116,0,0,0.0,0.0