DISTRICTNAME,UNITNAME,Crime_No,Year,RI,Noofvehicle_involved,Accident_Classification,Accident_Spot,Accident_Location,Accident_SubLocation,Main_Cause,Hit_Run,Severity,Collision_Type,Junction_Control,Road_Character,Road_Type,Surface_Type,Surface_Condition,Road_Condition,Weather,Accident_Road,Landmark_first,Distance_LandMark_First,Latitude,Longitude,Road_Condition_Score,Surface_Condition_Score,Surface_Type_Score,Road_Risk_Index
Bengaluru Dist,Hebbagodi PS,1.04421e+16,2017,1,1,Road Accidents,Other,Rural Areas,Near Bus stop,Human Error,Yes,Simple Injury,Hit and Run,Uncontrolled,Straight and flat,NH,Surfaced,Others,Not Applicable,Others,BOMMASANDRA,NEAR BTL BUS STOP,2 KM,0.0,0.0,0,1,,
Bengaluru Dist,Hebbagodi PS,1.04421e+16,2017,1,1,Road Accidents,Other,City/Town,Near Hospital,Human Error,Yes,Grievous Injury,Not Applicable,Not Applicable,Not Applicable,Service Road,Bitumen(Tar),Dry,Not Applicable,Clear,NH 07 Service Road,Near Hotel,2km,0.0,0.0,0,0,0.0,0.0
Bengaluru Dist,Hebbagodi PS,1.04421e+16,2017,1,1,Road Accidents,Other,City/Town,Near Bus stop,Human Error,Yes,Simple Injury,Not Applicable,Uncontrolled,Not Applicable,NH,Bitumen(Tar),Dry,Not Applicable,Clear,Hosuru-Bangaluru NH 7,Near Bus Stand,2km,0.0,0.0,0,0,0.0,0.0
Bengaluru Dist,Hebbagodi PS,1.04421e+16,2017,1,1,Road Accidents,Bridge,City/Town,Near Bus stop,Not Applicable,No,Damage Only,Others,Uncontrolled,Others,NH,Bitumen(Tar),Dry,Not Applicable,Clear,NH Road,Near Bommasandra Fly Over,02 KM,0.0,0.0,0,0,0.0,0.0
Bengaluru Dist,Hebbagodi PS,1.04421e+16,2017,1,2,Road Accidents,Narrow road,City/Town,Near Petrol Pump,Not Applicable,Not Applicable,Fatal,Head on,Not Applicable,Not Applicable,NH,Not Applicable,Others,Not Applicable,Fine,Nh-7 Road,Near Petrol Bunk,3 Km,0.0,0.0,0,1,0.0,1.0
Bengaluru Dist,Hebbagodi PS,1.04421e+16,2017,1,2,Road Accidents,Other,Rural Areas,Near a factory industrial area,Human Error,No,Damage Only,Others,Uncontrolled,Others,Others,Surfaced,Others,Not Applicable,Others,BOMMASANDRA INDUSTRIAL AREA,NEAR WILIAMS COMPANY,2 KM,0.0,0.0,0,1,,
Bengaluru Dist,Hebbagodi PS,1.04421e+16,2017,1,2,Road Accidents,Other,Rural Areas,Near Bus stop,Human Error,No,Simple Injury,Others,Uncontrolled,Straight and flat,NH,Surfaced,Others,Not Applicable,Others,NH 7,HEBBAGODI BUS STOP,100 M,0.0,0.0,0,1,,
Bengaluru Dist,Hebbagodi PS,1.04421e+16,2017,1,1,Road Accidents,Not Applicable,City/Town,Near a factory industrial area,Not Applicable,Not Applicable,Simple Injury,Not Applicable,Not Applicable,Not Applicable,Not Applicable,Bitumen(Tar),Not Applicable,Not Applicable,Clear,Bommasandra - Jigani Link Road,Other Road,03 KM,0.0,0.0,0,0,0.0,0.0
Bengaluru Dist,Hebbagodi PS,1.04421e+16,2017,1,1,Road Accidents,Narrow road,City/Town,Near Bus stop,Not Applicable,No,Fatal,Hit pedestrian,Not Applicable,Not Applicable,NH,Surfaced,Dry,Not Applicable,Not Applicable,NH-7,Near Cross Road,500 mt,0.0,0.0,0,0,,
Bengaluru Dist,Hebbagodi PS,1.04421e+16,2017,1,1,Road Accidents,Not Applicable,City/Town,Near Bus stop,Human Error,No,Damage Only,Others,Not Applicable,Not Applicable,NH,Bitumen(Tar),Dry,Not Applicable,Clear,NH,Near Bus Stop,500 M,0.0,0.0,0,0,0.0,0.0
Bengaluru Dist,Hebbagodi PS,1.04421e+16,2017,1,1,Road Accidents,Other,Rural Areas,Near Bus stop,Human Error,No,Simple Injury,Others,Uncontrolled,Straight and flat,NH,Surfaced,Dry,Not Applicable,Fine,NH-7 ROAD,HEBBAGODI BUS STOP,100 MT,0.0,0.0,0,0,,
Bengaluru Dist,Hebbagodi PS,1.04421e+16,2017,1,1,Road Accidents,Other,Rural Areas,Near Bus stop,Human Error,Yes,Fatal,Hit and Run,Uncontrolled,Straight and flat,NH,Surfaced,Others,Not Applicable,Others,NH 7,NEAR HENNAGARA GATE,4km,0.0,0.0,0,1,,
Bengaluru Dist,Hebbagodi PS,1.04421e+16,2017,1,1,Road Accidents,Other,Rural Areas,Near Hospital,Human Error,No,Simple Injury,Others,Uncontrolled,Straight and flat,NH,Surfaced,Others,Not Applicable,Others,NH 7,NEAR NARAYANA HRUDAYALA HOSPITAL BUS STOP,3 KM,0.0,0.0,0,1,,
Bengaluru Dist,Hebbagodi PS,1.04421e+16,2017,1,1,Road Accidents,Other,Rural Areas,Near a factory industrial area,Human Error,No,Simple Injury,Others,Uncontrolled,Straight and flat,Two way,Surfaced,Others,Not Applicable,Others,BOMMASANDRA INDUSTRIAL AREA,NEAR BIOCON PARK,6 km,0.0,0.0,0,1,,
Bengaluru Dist,Hebbagodi PS,1.04421e+16,2017,1,2,Road Accidents,Other,Rural Areas,Near Bus stop,Human Error,No,Simple Injury,Others,Uncontrolled,Straight and flat,NH,Surfaced,Others,Not Applicable,Others,BOMMASANDRA,NEAR BTL BUS STOP,2 KM,0.0,0.0,0,1,,
Bengaluru Dist,Hebbagodi PS,1.04421e+16,2017,1,2,Road Accidents,Other,Rural Areas,Near office complex,Human Error,No,Damage Only,Others,Uncontrolled,Straight and flat,NH,Surfaced,Others,Not Applicable,Others,NH 7,NEAR BIOCON COMPANY HEBBAGODI,1 KM,0.0,0.0,0,1,,
Bengaluru Dist,Hebbagodi PS,1.04421e+16,2017,1,1,Road Accidents,Narrow road,Rural Areas,Near Bus stop,Human Error,No,Fatal,Others,Uncontrolled,Straight and flat,NH,Surfaced,Others,Not Applicable,Fine,NH 7,HEBBAGODI BUS STOP,100 M,0.0,0.0,0,1,,
Bengaluru Dist,Hebbagodi PS,1.04421e+16,2017,1,2,Road Accidents,Narrow road,City/Town,Near a factory industrial area,Not Applicable,No,Grievous Injury,Rear end,Not Applicable,Steep Incline or Climb,NH,Surfaced,Dry,Not Applicable,Fine,NH Road,Near KFC Hotel,1 Km,0.0,0.0,0,0,,
Bengaluru Dist,Hebbagodi PS,1.04421e+16,2017,1,1,Road Accidents,Other,City/Town,Near a factory industrial area,Not Applicable,Not Applicable,Fatal,Head on,Not Applicable,Others,City or Town Road,Kutcha,Dry,Not Applicable,Others,Factory Road,MTR Factory Near,2 Km,0.0,0.0,0,0,4.0,4.0
Bengaluru Dist,Hebbagodi PS,1.04421e+16,2017,1,1,Road Accidents,Other,Not Applicable,Near Bus stop,Not Applicable,Yes,Grievous Injury,Hit and Run,Not Applicable,Not Applicable,NH,Gravel,Dry,Not Applicable,Dust Storn,NH 7,5,5,0.0,0.0,0,0,3.0,3.0
Bengaluru Dist,Hebbagodi PS,1.04421e+16,2017,1,1,Road Accidents,Other,Rural Areas,Near Bus stop,Human Error,No,Simple Injury,Others,Uncontrolled,Others,NH,Surfaced,Others,Not Applicable,Fine,NH-7 ROAD,HEBBAGODI BUS STOP,100 MT,0.0,0.0,0,1,,
Bengaluru Dist,Hebbagodi PS,1.04421e+16,2017,1,1,Road Accidents,Other,Rural Areas,Near a factory industrial area,Human Error,No,Simple Injury,Others,Uncontrolled,Straight and flat,Two way,Surfaced,Others,Not Applicable,Others,JIGANI LINK ROAD,NEAR UNION BANK ATM,4km,0.0,0.0,0,1,,
Bengaluru Dist,Hebbagodi PS,1.04421e+16,2017,1,2,Road Accidents,Other,Rural Areas,Near a recreation place/cinema,Human Error,Yes,Simple Injury,Hit and Run,Uncontrolled,Straight and flat,NH,Surfaced,Others,Not Applicable,Others,BOMMASANDRA INDUSTRIAL AREA,NEAR A2B HOTEL,3 KM,0.0,0.0,0,1,,
Bengaluru Dist,Hebbagodi PS,1.04421e+16,2017,1,2,Road Accidents,Narrow road,City/Town,Near office complex,Not Applicable,Yes,Fatal,Hit and Run,Not Applicable,Others,NH,Bitumen(Tar),Dry,Not Applicable,Fine,NH Road,Near Hotel,5 Km,0.0,0.0,0,0,0.0,0.0
Bengaluru Dist,Hebbagodi PS,1.04421e+16,2017,1,2,Not Applicable,Narrow road,City/Town,Near Bus stop,Not Applicable,Yes,Grievous Injury,Head on,Not Applicable,Others,NH,Surfaced,Dry,Not Applicable,Others,NH-7,Near Factory,1/2 Km,0.0,0.0,0,0,,
Bengaluru Dist,Hebbagodi PS,1.04421e+16,2017,1,2,Road Accidents,Other,Rural Areas,Open area,Not Applicable,Yes,Simple Injury,Rear end,Not Applicable,Others,Others,Bitumen(Tar),Dry,Not Applicable,Clear,Other Road,Near Sainika Layout,05 KM,0.0,0.0,0,0,0.0,0.0
Bengaluru Dist,Hebbagodi PS,1.04421e+16,2017,1,2,Not Applicable,Circle,City/Town,Open area,Not Applicable,Not Applicable,Damage Only,Not Applicable,Not Applicable,Others,Not Applicable,Not Applicable,Dry,Not Applicable,Fine,Jigani-Bommasandra Ling Road,Near Circle,1 Km,0.0,0.0,0,0,0.0,0.0
Bengaluru Dist,Hebbagodi PS,1.04421e+16,2017,1,2,Road Accidents,Other,Rural Areas,Residential area,Human Error,No,Damage Only,Others,Controlled,Others,Village Road,Kutcha,Dry,Not Applicable,Clear,road,road,4km,0.0,0.0,0,0,4.0,4.0
Bengaluru Dist,Hebbagodi PS,1.04421e+16,2017,1,1,Road Accidents,Other,Rural Areas,Near a factory industrial area,Human Error,Yes,Simple Injury,Others,Uncontrolled,Straight and flat,NH,Surfaced,Others,Not Applicable,Others,BOMMASANDRA,NEAR BOMMASANDRA BUS STOP,2 KM,0.0,0.0,0,1,,
Bengaluru Dist,Hebbagodi PS,1.04421e+16,2017,1,1,Road Accidents,Other,Rural Areas,Near office complex,Human Error,No,Simple Injury,Others,Uncontrolled,Straight and flat,NH,Surfaced,Others,Not Applicable,Others,NH 7,BOMMASANDRA CIRCLE,2 KM,0.0,0.0,0,1,,
Bengaluru Dist,Hebbagodi PS,1.04421e+16,2017,1,2,Road Accidents,Other,Rural Areas,Near office complex,Human Error,Yes,Simple Injury,Others,Uncontrolled,Straight and flat,NH,Surfaced,Others,Not Applicable,Others,BOMMASANDRA,NEAR ROYAL ENFILED SHOOW ROOM,2 KM,0.0,0.0,0,1,,
Bengaluru Dist,Hebbagodi PS,1.04421e+16,2017,1,2,Road Accidents,Other,City/Town,Near a factory industrial area,Not Applicable,Yes,Simple Injury,Hit and Run,Uncontrolled,Not Applicable,One way,Bitumen(Tar),Dry,Not Applicable,Clear,One Way Road,Near Bus Stop,2 Km,0.0,0.0,0,0,0.0,0.0
Bengaluru Dist,Hebbagodi PS,1.04421e+16,2017,1,1,Not Applicable,Narrow road,Not Applicable,Near Bus stop,Not Applicable,Not Applicable,Fatal,Head on,Uncontrolled,Others,NH,Not Applicable,Others,Not Applicable,Fine,NH Road,Near Bus Stop,3 Km,0.0,0.0,0,1,0.0,1.0
Bengaluru Dist,Hebbagodi PS,1.04421e+16,2017,1,1,Road Accidents,Not Applicable,City/Town,Near Bus stop,Human Error,No,Grievous Injury,Not Applicable,Not Applicable,Others,NH,Bitumen(Tar),Dry,Not Applicable,Clear,Nh-7 Road,Near Bus Stop,1Km,0.0,0.0,0,0,0.0,0.0
Bengaluru Dist,Hebbagodi PS,1.04421e+16,2017,1,1,Road Accidents,Other,Rural Areas,Near Bus stop,Not Applicable,Not Applicable,Grievous Injury,Hit and Run,Uncontrolled,Not Applicable,NH,Bitumen(Tar),Dry,Not Applicable,Others,NH 7,1,5,0.0,0.0,0,0,0.0,0.0
Bengaluru Dist,Hebbagodi PS,1.04421e+16,2017,1,1,Road Accidents,Other,Rural Areas,Open area,Human Error,Yes,Fatal,Others,Uncontrolled,Others,Others,Surfaced,Dry,Not Applicable,Others,JIGANI LINK ROAD,NEAR VIBHAV HOTEL,2 KM,0.0,0.0,0,0,,
Bengaluru Dist,Hebbagodi PS,1.04421e+16,2017,1,1,Road Accidents,Not Applicable,Not Applicable,Near Bus stop,Not Applicable,Not Applicable,Grievous Injury,Hit pedestrian,Not at  Junction,Not Applicable,NH,Bitumen(Tar),Dry,Not Applicable,Clear,NH-7,Near Hebbagodi Bus Stop,500,0.0,0.0,0,0,0.0,0.0
Bengaluru Dist,Hebbagodi PS,1.04421e+16,2017,1,1,Road Accidents,Circle,City/Town,Near office complex,Vehicle Defect,Not Applicable,Grievous Injury,Hit and Run,Give way sign,Others,Village Road,Gravel,Dry,Not Applicable,Others,Bommasandra,3,3,0.0,0.0,0,0,3.0,3.0
Bengaluru Dist,Hebbagodi PS,1.04421e+16,2017,1,2,Road Accidents,Other,City/Town,Near a factory industrial area,Not Applicable,No,Damage Only,Others,Not at  Junction,Not Applicable,NH,Bitumen(Tar),Not Applicable,Not Applicable,Clear,NH-07,Near A2B Hotel,03 KM,0.0,0.0,0,0,0.0,0.0
Bengaluru Dist,Hebbagodi PS,1.04421e+16,2017,1,2,Not Applicable,Other,Not Applicable,Near Bus stop,Not Applicable,Not Applicable,Fatal,Head on,Not Applicable,Others,NH,Not Applicable,Others,Not Applicable,Others,NH Road,Near Bus Stop,1/2 Km,0.0,0.0,0,1,0.0,1.0
Bengaluru Dist,Hebbagodi PS,1.04421e+16,2017,1,1,Road Accidents,Not Applicable,City/Town,Near a factory industrial area,Not Applicable,No,Grievous Injury,Rear end,Not Applicable,Not Applicable,NH,Bitumen(Tar),Dry,Not Applicable,Clear,NH,Near Shetron,02 KM,0.0,0.0,0,0,0.0,0.0
Bengaluru Dist,Hebbagodi PS,1.04421e+16,2017,1,2,Road Accidents,Narrow road,City/Town,Near Bus stop,Human Error,No,Damage Only,Others,Not Applicable,Others,NH,Surfaced,Others,Not Applicable,Not Applicable,NH-7,Near Bus Stop,0.5 Km,0.0,0.0,0,1,,
Bengaluru Dist,Hebbagodi PS,1.04421e+16,2017,1,2,Road Accidents,Not Applicable,City/Town,Near Bus stop,Not Applicable,No,Not Applicable,Not Applicable,Not Applicable,Not Applicable,NH,Bitumen(Tar),Dry,Not Applicable,Clear,Nh-7 Road,Near Bus Stop,1,0.0,0.0,0,0,0.0,0.0
Bengaluru Dist,Hebbagodi PS,1.04421e+16,2017,1,1,Road Accidents,Narrow road,Rural Areas,Residential area,Not Applicable,No,Simple Injury,Others,Not Applicable,Straight and flat,NH,Surfaced,Others,Not Applicable,Others,Bengalur-Hosur NH 7 ROad,1 km,1 km,0.0,0.0,0,1,,
Bengaluru Dist,Hebbagodi PS,1.04421e+16,2017,1,2,Road Accidents,Other,Rural Areas,Near office complex,Human Error,No,Damage Only,Others,Uncontrolled,Others,NH,Surfaced,Others,Not Applicable,Others,BOMMASANDRA,NEAR HONDA SHOOW ROOM,1 KM,0.0,0.0,0,1,,
Bengaluru Dist,Hebbagodi PS,1.04421e+16,2017,1,2,Road Accidents,Other,City/Town,Near a factory industrial area,Not Applicable,No,Grievous Injury,Rear end,Not Applicable,Not Applicable,NH,Bitumen(Tar),Dry,Not Applicable,Clear,NH7,Near BTL Collage,03 KM,0.0,0.0,0,0,0.0,0.0
Bengaluru Dist,Hebbagodi PS,1.04421e+16,2017,1,1,Not Applicable,Narrow road,City/Town,Open area,Not Applicable,Not Applicable,Fatal,Head on,Not Applicable,Others,NH,Surfaced,Dry,Not Applicable,Fine,NH Road,Near Bommasandra Fly Over,2 Km,0.0,0.0,0,0,,
Bengaluru Dist,Hebbagodi PS,1.04421e+16,2017,1,1,Road Accidents,Not Applicable,Villages settlement,Near a factory industrial area,Not Applicable,No,Damage Only,Others,No signal lights,Not Applicable,Others,Not Applicable,Not Applicable,Not Applicable,Clear,Bommasandra -Jigani Link Road,Near Biocan Park,04 KM,0.0,0.0,0,0,0.0,0.0
Bengaluru Dist,Hebbagodi PS,1.04421e+16,2017,1,2,Road Accidents,Other,City/Town,Near Bus stop,Not Applicable,No,Damage Only,Overturning,Uncontrolled,Not Applicable,NH,Not Applicable,Not Applicable,Not Applicable,Clear,Bengaluru - Hosuru NH-07 Roaed,Near Bus Stop,500mtr,0.0,0.0,0,0,0.0,0.0
Bengaluru Dist,Hebbagodi PS,1.04421e+16,2017,1,2,Road Accidents,Cross roads,City/Town,Near Petrol Pump,Human Error,No,Simple Injury,Rear end,Not Applicable,Others,City or Town Road,Bitumen(Tar),Dry,Not Applicable,Clear,NH-07,Near Petrol Bank,01 KM,0.0,0.0,0,0,0.0,0.0
Bengaluru Dist,Hebbagodi PS,1.04421e+16,2017,1,2,Road Accidents,Not Applicable,City/Town,Near Petrol Pump,Human Error,No,Damage Only,Not Applicable,Not Applicable,Others,NH,Bitumen(Tar),Dry,Not Applicable,Clear,NH-7,Near Petrol bunk,20 km,0.0,0.0,0,0,0.0,0.0
Bengaluru Dist,Hebbagodi PS,1.04421e+16,2017,1,2,Road Accidents,Not Applicable,City/Town,Near Hospital,Not Applicable,Not Applicable,Damage Only,Rear end,Not Applicable,Not Applicable,NH,Bitumen(Tar),Dry,Not Applicable,Clear,NH,Near NH,03 KM,0.0,0.0,0,0,0.0,0.0
Bengaluru Dist,Hebbagodi PS,1.04421e+16,2017,1,1,Road Accidents,Other,Rural Areas,Near a factory industrial area,Human Error,No,Simple Injury,Others,Uncontrolled,Straight and flat,Others,Surfaced,Others,Not Applicable,Others,INDUSTRIAL AREA,NEAR BOMMASANDRA INDUSTRIAL AREA,3 KM,0.0,0.0,0,1,,
Bengaluru Dist,Hebbagodi PS,1.04421e+16,2017,1,2,Road Accidents,Other,Rural Areas,Near Bus stop,Human Error,Yes,Simple Injury,Hit and Run,Uncontrolled,Straight and flat,NH,Surfaced,Others,Not Applicable,Others,NH 7,HEBBAGODI BUS STOP,100 M,0.0,0.0,0,1,,
Bengaluru Dist,Hebbagodi PS,1.04421e+16,2017,1,2,Not Applicable,Other,City/Town,Residential area,Not Applicable,No,Grievous Injury,Others,No signal lights,Others,NH,Bitumen(Tar),Others,Not Applicable,Others,NH,NH,02 KM,0.0,0.0,0,1,0.0,1.0
Bengaluru Dist,Hebbagodi PS,1.04421e+16,2017,1,1,Not Applicable,Narrow road,Not Applicable,Near Bus stop,Not Applicable,Not Applicable,Fatal,Head on,Not Applicable,Others,NH,Not Applicable,Others,Not Applicable,Others,NH Road,Bus Stop,3 Km,0.0,0.0,0,1,0.0,1.0
Bengaluru Dist,Hebbagodi PS,1.04421e+16,2017,1,1,Road Accidents,Not Applicable,City/Town,Near Hospital,Not Applicable,Yes,Fatal,Hit and Run,Not Applicable,Not Applicable,NH,Not Applicable,Others,Not Applicable,Fine,NH-7,Near Hospital,5 Km,0.0,0.0,0,1,0.0,1.0
Bengaluru Dist,Hebbagodi PS,1.04421e+16,2017,1,2,Road Accidents,Not Applicable,City/Town,In bazaar,Human Error,No,Simple Injury,Not Applicable,Uncontrolled,Others,Others,Bitumen(Tar),Dry,Not Applicable,Clear,Towards Ananthanagar Service Road,Near Bazaar Complex,2km,0.0,0.0,0,0,0.0,0.0
Bengaluru Dist,Hebbagodi PS,1.04421e+16,2017,1,2,Not Applicable,Narrow road,Not Applicable,Near Bus stop,Not Applicable,Not Applicable,Fatal,Not Applicable,Not Applicable,Not Applicable,NH,Not Applicable,Others,Not Applicable,Not Applicable,NH Road,Temple,1,0.0,0.0,0,1,0.0,1.0
Bengaluru Dist,Hebbagodi PS,1.04421e+16,2017,1,1,Road Accidents,Other,Rural Areas,Near office complex,Human Error,No,Fatal,Others,Uncontrolled,Straight and flat,NH,Surfaced,Others,Not Applicable,Others,NH 7,NEAR SOMA GYARAGE,2 KM,0.0,0.0,0,1,,
Bengaluru Dist,Hebbagodi PS,1.04421e+16,2017,1,1,Road Accidents,Not Applicable,City/Town,Near office complex,Not Applicable,Yes,Grievous Injury,Hit and Run,Not Applicable,Not Applicable,NH,Bitumen(Tar),Dry,Not Applicable,Clear,NH07 Road,Near Bata Showroom,1,0.0,0.0,0,0,0.0,0.0
Bengaluru Dist,Hebbagodi PS,1.04421e+16,2017,1,1,Not Applicable,Narrow road,City/Town,Open area,Not Applicable,Not Applicable,Fatal,Others,Not Applicable,Others,NH,Not Applicable,Others,Not Applicable,Others,NH-7,Near Nalanda Bar,1/2 Km,0.0,0.0,0,1,0.0,1.0
Bengaluru Dist,Hebbagodi PS,1.04421e+16,2017,1,1,Road Accidents,Not Applicable,Rural Areas,Near Bus stop,Human Error,No,Damage Only,Not Applicable,Not Applicable,Others,Others,Bitumen(Tar),Dry,Not Applicable,Clear,Village Road,Near Bus Stop,6 Km,0.0,0.0,0,0,0.0,0.0
Bengaluru Dist,Hebbagodi PS,1.04421e+16,2017,1,1,Road Accidents,Other,Rural Areas,Near Bus stop,Human Error,No,Simple Injury,Others,Uncontrolled,Straight and flat,NH,Surfaced,Others,Not Applicable,Others,NH 7,HUSKUR GATE,2 KM,0.0,0.0,0,1,,
Bengaluru Dist,Hebbagodi PS,1.04421e+16,2017,1,2,Road Accidents,Not Applicable,City/Town,Near a factory industrial area,Human Error,Not Applicable,Grievous Injury,Rear end,Not Applicable,Not Applicable,NH,Bitumen(Tar),Dry,Not Applicable,Clear,NH,Near Biocon,500 Mt,0.0,0.0,0,0,0.0,0.0
Bengaluru Dist,Hebbagodi PS,1.04421e+16,2017,1,1,Not Applicable,Narrow road,Not Applicable,Open area,Not Applicable,Not Applicable,Fatal,Head on,Controlled,Not Applicable,NH,Not Applicable,Others,Not Applicable,Fine,NH Road,Hotel,2 Km,0.0,0.0,0,1,0.0,1.0
Bengaluru Dist,Hebbagodi PS,1.04421e+16,2017,1,2,Road Accidents,Other,City/Town,Near a factory industrial area,Not Applicable,Yes,Simple Injury,Rear end,Not Applicable,Not Applicable,City or Town Road,Bitumen(Tar),Dry,Not Applicable,Clear,Other Road,Near Huskuru Gate,01 KM,0.0,0.0,0,0,0.0,0.0
Bengaluru Dist,Hebbagodi PS,1.04421e+16,2017,1,2,Road Accidents,Other,Rural Areas,Near a factory industrial area,Human Error,Yes,Simple Injury,Others,Uncontrolled,Straight and flat,Two way,Surfaced,Others,Not Applicable,Others,BOMMASANDRA INDUSTRIAL AREA,NEAR KARTNATAKA BANK,3 KM,0.0,0.0,0,1,,
Bengaluru Dist,Hebbagodi PS,1.04421e+16,2017,1,1,Road Accidents,Other,Rural Areas,Near Petrol Pump,Human Error,Yes,Simple Injury,Hit and Run,Uncontrolled,Straight and flat,NH,Surfaced,Others,Not Applicable,Others,NH 7,NEAR PETROL BUNK,2 KM,0.0,0.0,0,1,,
Bengaluru Dist,Hebbagodi PS,1.04421e+16,2017,1,2,Road Accidents,Offset,Rural Areas,Near Bus stop,Human Error,No,Fatal,Others,Uncontrolled,Straight and flat,NH,Surfaced,Dry,Not Applicable,Fine,NH-7 ROAD,HEBBAGODI BUS STOP,100 MT,0.0,0.0,0,0,,
Bengaluru Dist,Hebbagodi PS,1.04421e+16,2017,1,1,Road Accidents,Other,Rural Areas,Near or inside a village,Human Error,No,Simple Injury,Others,Uncontrolled,Straight and flat,Village Road,Surfaced,Others,Not Applicable,Others,THIRUPALYA,THIRUPALYA ROAD,1 KM,0.0,0.0,0,1,,
Bengaluru Dist,Hebbagodi PS,1.04421e+16,2017,1,2,Road Accidents,Narrow road,City/Town,Near office complex,Not Applicable,No,Fatal,Others,Not Applicable,Not Applicable,NH,Bitumen(Tar),Dry,Not Applicable,Fine,NH-07 Road,Fly Overr,02 KM,0.0,0.0,0,0,0.0,0.0
Bengaluru Dist,Hebbagodi PS,1.04421e+16,2017,1,1,Road Accidents,Not Applicable,City/Town,Near a factory industrial area,Human Error,No,Damage Only,Others,Not Applicable,Not Applicable,Others,Bitumen(Tar),Dry,Not Applicable,Clear,Other Road,Other Road,2 Km,0.0,0.0,0,0,0.0,0.0
Bengaluru Dist,Hebbagodi PS,1.04421e+16,2017,1,1,Road Accidents,Other,Rural Areas,Near Bus stop,Human Error,Yes,Simple Injury,Others,Uncontrolled,Others,NH,Surfaced,Dry,Not Applicable,Clear,NH-7 ROAD,HENNAGARA GATE,3 KM,0.0,0.0,0,0,,
Bengaluru Dist,Hebbagodi PS,1.04421e+16,2017,1,1,Road Accidents,Other,Rural Areas,Near School or College,Human Error,No,Simple Injury,Others,Uncontrolled,Straight and flat,NH,Surfaced,Others,Not Applicable,Others,NH 7,NEAR SFS COLLEGE,2 KM,0.0,0.0,0,1,,
Bengaluru Dist,Hebbagodi PS,1.04421e+16,2017,1,2,Road Accidents,Other,Rural Areas,Residential area,Human Error,No,Damage Only,Others,Uncontrolled,Straight and flat,Others,Surfaced,Others,Not Applicable,Others,THIRUPALYA,NEAR NEOTOWN,4km,0.0,0.0,0,1,,
Bengaluru Dist,Hebbagodi PS,1.04421e+16,2017,1,2,Road Accidents,Other,Rural Areas,Near Bus stop,Human Error,No,Grievous Injury,Others,Uncontrolled,Straight and flat,NH,Surfaced,Others,Not Applicable,Others,NH 7,NEAR BTL COLLEGE,2 KM,0.0,0.0,0,1,,
Bengaluru Dist,Hebbagodi PS,1.04421e+16,2017,1,1,Road Accidents,Other,Rural Areas,Near Bus stop,Vehicle Defect,No,Grievous Injury,Others,Not Applicable,Straight and flat,NH,Bitumen(Tar),Others,Not Applicable,Others,NH 7,NEAR BUSTOP,1,0.0,0.0,0,1,0.0,1.0
Bengaluru Dist,Hebbagodi PS,1.04421e+16,2017,1,2,Road Accidents,Other,City/Town,Near Hospital,Human Error,No,Damage Only,Not Applicable,Not at  Junction,Straight and flat,NH,Bitumen(Tar),Dry,Not Applicable,Clear,NH,NH Hosptil,2 km,0.0,0.0,0,0,0.0,0.0
Bengaluru Dist,Hebbagodi PS,1.04421e+16,2017,1,2,Road Accidents,Not Applicable,City/Town,Near Bus stop,Not Applicable,No,Damage Only,Others,Not Applicable,Others,NH,Bitumen(Tar),Dry,Not Applicable,Clear,NH,Near Bus Stop,500mtr,0.0,0.0,0,0,0.0,0.0
Bengaluru Dist,Hebbagodi PS,1.04421e+16,2017,1,2,Not Applicable,Narrow road,City/Town,Near Bus stop,Not Applicable,Not Applicable,Damage Only,Head on,Not Applicable,Not Applicable,NH,Not Applicable,Dry,Not Applicable,Not Applicable,NH-7,Near Police Station,1/4 Km,0.0,0.0,0,0,0.0,0.0
Bengaluru Dist,Hebbagodi PS,1.04421e+16,2017,1,1,Not Applicable,Narrow road,City/Town,Near a factory industrial area,Not Applicable,Not Applicable,Fatal,Hit pedestrian,Not Applicable,Not Applicable,NH,Not Applicable,Dry,Not Applicable,Fine,Nh- 7,Near Parking Place,3 Km,0.0,0.0,0,0,0.0,0.0
Bengaluru Dist,Hebbagodi PS,1.04421e+16,2018,1,1,Road Accidents,Junction,Rural Areas,Near Bus stop,Human Error,No,Fatal,Others,Not Applicable,Others,NH,Gravel,Dry,Not Applicable,Others,NH7,500 mt,1 km,0.0,0.0,0,0,3.0,3.0
Bengaluru Dist,Hebbagodi PS,1.04421e+16,2018,1,2,Road Accidents,Other,City/Town,Near Hospital,Not Applicable,No,Damage Only,Rear end,Not Applicable,Not Applicable,NH,Bitumen(Tar),Dry,Not Applicable,Clear,NH,Near A2B,03 KM,0.0,0.0,0,0,0.0,0.0
Bengaluru Dist,Hebbagodi PS,1.04421e+16,2018,1,1,Road Accidents,Not Applicable,City/Town,Near Hospital,Not Applicable,No,Simple Injury,Not Applicable,Not Applicable,Not Applicable,City or Town Road,Bitumen(Tar),Dry,Not Applicable,Clear,NH-07,NH,2KM,0.0,0.0,0,0,0.0,0.0
Bengaluru Dist,Hebbagodi PS,1.04421e+16,2018,1,2,Road Accidents,Other,Rural Areas,Open area,Vehicle Defect,No,Simple Injury,Others,Not Applicable,Others,NH,Not Applicable,Not Applicable,Not Applicable,Others,Rural Area,Near Neotown,3 Km,0.0,0.0,0,0,0.0,0.0
Bengaluru Dist,Hebbagodi PS,1.04421e+16,2018,1,1,Road Accidents,Narrow road,Rural Areas,Near or inside a village,Vehicle Defect,No,Simple Injury,Others,Not Applicable,Others,Service Road,Not Applicable,Others,Not Applicable,Others,Villege Road,Villege Road,3 Km,0.0,0.0,0,1,0.0,1.0
Bengaluru Dist,Hebbagodi PS,1.04421e+16,2018,1,2,Road Accidents,Other,Not Applicable,Near or inside a village,Human Error,Yes,Damage Only,Hit and Run,Not Applicable,Not Applicable,Others,Bitumen(Tar),Dry,Not Applicable,Clear,Other Road,Near Shikaripalya,04 KM,0.0,0.0,0,0,0.0,0.0
Bengaluru Dist,Hebbagodi PS,1.04421e+16,2018,1,2,Road Accidents,Other,City/Town,Near Petrol Pump,Human Error,No,Simple Injury,Rear end,Not Applicable,Not Applicable,Service Road,Bitumen(Tar),Dry,Not Applicable,Clear,NH-07,Near Total Gaz,2 KM,0.0,0.0,0,0,0.0,0.0
Bengaluru Dist,Hebbagodi PS,1.04421e+16,2018,1,2,Road Accidents,Other,City/Town,Near Bus stop,Human Error,No,Grievous Injury,Rear end,Not at  Junction,Not Applicable,City or Town Road,Bitumen(Tar),Dry,Not Applicable,Clear,NH-07,Near Huskuru Gate,01 KM,0.0,0.0,0,0,0.0,0.0