DISTRICTNAME,UNITNAME,Crime_No,Year,RI,Noofvehicle_involved,Accident_Classification,Accident_Spot,Accident_Location,Accident_SubLocation,Main_Cause,Hit_Run,Severity,Collision_Type,Junction_Control,Road_Character,Road_Type,Surface_Type,Surface_Condition,Road_Condition,Weather,Accident_Road,Landmark_first,Distance_LandMark_First,Latitude,Longitude,Road_Condition_Score,Surface_Condition_Score,Surface_Type_Score,Road_Risk_Index
Bengaluru Dist,Hebbagodi PS,1.04421e+16,2018,1,1,Road Accidents,Other,City/Town,Residential area,Not Applicable,Not Applicable,Damage Only,Head on,Not at  Junction,Not Applicable,Residential Street,Bitumen(Tar),Dry,Not Applicable,Clear,Other road,phase 2,4 KM,0.0,0.0,0,0,0.0,0.0
Bengaluru Dist,Hebbagodi PS,1.04421e+16,2018,1,2,Road Accidents,Other,City/Town,Near Bus stop,Not Applicable,No,Damage Only,Rear end,Not Applicable,Others,NH,Bitumen(Tar),Dry,Not Applicable,Clear,NH,Near Bhavani Bar,500Mtr,0.0,0.0,0,0,0.0,0.0
Bengaluru Dist,Hebbagodi PS,1.04421e+16,2018,1,1,Road Accidents,Other,Rural Areas,Near a factory industrial area,Vehicle Defect,Not Applicable,Grievous Injury,Others,Controlled,Not Applicable,NH,Bitumen(Tar),Dry,Not Applicable,Fine,NH-7,Near phesto factory,2km,0.0,0.0,0,0,0.0,0.0
Bengaluru Dist,Hebbagodi PS,1.04421e+16,2018,1,1,Road Accidents,Not Applicable,Rural Areas,Narrow bridge or culverts,Not Applicable,Not Applicable,Fatal,Head on,Not Applicable,Straight and flat,NH,Not Applicable,Dry,Not Applicable,Fine,Nh 7 Road,Near Bus Stand,1 Km,0.0,0.0,0,0,0.0,0.0
Bengaluru Dist,Hebbagodi PS,1.04421e+16,2018,1,1,Road Accidents,Other,City/Town,Near or inside a village,Human Error,Yes,Grievous Injury,Hit pedestrian,Not Applicable,Not Applicable,City or Town Road,Bitumen(Tar),Dry,Not Applicable,Clear,Other Road,Near Gollahally,2,0.0,0.0,0,0,0.0,0.0
Bengaluru Dist,Hebbagodi PS,1.04421e+16,2018,1,2,Road Accidents,Other,City/Town,Near Petrol Pump,Human Error,No,Grievous Injury,Others,Not Applicable,Others,NH,Bitumen(Tar),Dry,Not Applicable,Clear,NH-07,Near Petrol Bank,02 KM,0.0,0.0,0,0,0.0,0.0
Bengaluru Dist,Hebbagodi PS,1.04421e+16,2018,1,2,Road Accidents,Not Applicable,City/Town,Near School or College,Human Error,No,Grievous Injury,Rear end,Not Applicable,Not Applicable,City or Town Road,Bitumen(Tar),Dry,Not Applicable,Clear,NH-07,Near SFS Collage,1 KM,0.0,0.0,0,0,0.0,0.0
Bengaluru Dist,Hebbagodi PS,1.04421e+16,2018,1,2,Road Accidents,Other,Rural Areas,Residential area,Road Environment Defect,No,Grievous Injury,Others,Not Applicable,Others,NH,Concrete,Dry,Not Applicable,Fine,NH 7,2,3,0.0,0.0,0,0,0.0,0.0
Bengaluru Dist,Hebbagodi PS,1.04421e+16,2018,1,2,Road Accidents,Other,City/Town,Near Hospital,Human Error,Not Applicable,Damage Only,Rear end,Not Applicable,Others,Others,Bitumen(Tar),Dry,Not Applicable,Clear,Other Road,Near Lake,4 KM,0.0,0.0,0,0,0.0,0.0
Bengaluru Dist,Hebbagodi PS,1.04421e+16,2018,1,1,Road Accidents,Other,City/Town,Near a factory industrial area,Human Error,No,Simple Injury,Rear end,Not Applicable,Others,Others,Bitumen(Tar),Dry,Not Applicable,Clear,Other Road,Near Petrol Bank,3 KM,0.0,0.0,0,0,0.0,0.0
Bengaluru Dist,Hebbagodi PS,1.04421e+16,2018,1,2,Not Applicable,Circle,City/Town,Near a factory industrial area,Not Applicable,Not Applicable,Fatal,Rear end,Not at  Junction,Others,NH,Not Applicable,Others,Not Applicable,Fine,Nh 7 Road,Near Hotel,1 Km,0.0,0.0,0,1,0.0,1.0
Bengaluru Dist,Hebbagodi PS,1.04421e+16,2018,1,1,Road Accidents,Not Applicable,City/Town,Open area,Human Error,No,Grievous Injury,Hit pedestrian,Not at  Junction,Not Applicable,NH,Bitumen(Tar),Dry,Not Applicable,Clear,NH7,Near A2B,2.5KM,0.0,0.0,0,0,0.0,0.0
Bengaluru Dist,Hebbagodi PS,1.04421e+16,2018,1,1,Road Accidents,Narrow road,City/Town,Near a factory industrial area,Human Error,No,Grievous Injury,Not Applicable,Uncontrolled,Straight and flat,NH,Bitumen(Tar),Dry,Not Applicable,Clear,NH-07,Near D Mart,2KM,0.0,0.0,0,0,0.0,0.0
Bengaluru Dist,Hebbagodi PS,1.04421e+16,2018,1,1,Not Applicable,Narrow road,City/Town,Near a factory industrial area,Human Error,Not Applicable,Fatal,Skidding or Self accident,Not Applicable,Not Applicable,City or Town Road,Surfaced,Others,Not Applicable,Fine,factorcy road,Near Factory,0.5 Km,0.0,0.0,0,1,,
Bengaluru Dist,Hebbagodi PS,1.04421e+16,2018,1,2,Road Accidents,Other,City/Town,Near Hospital,Human Error,Yes,Simple Injury,Head on,Not at  Junction,Not Applicable,NH,Bitumen(Tar),Dry,Not Applicable,Clear,NH-07,Near NH Hospital,02 KM,0.0,0.0,0,0,0.0,0.0
Bengaluru Dist,Hebbagodi PS,1.04421e+16,2018,1,1,Road Accidents,Not Applicable,Rural Areas,Open area,Not Applicable,Yes,Simple Injury,Not Applicable,Not Applicable,Not Applicable,NH,Not Applicable,Others,Not Applicable,Others,HUSKURU Gate BUS STOP,HUSKURU GATE BUS STOP,2,0.0,0.0,0,1,0.0,1.0
Bengaluru Dist,Hebbagodi PS,1.04421e+16,2018,1,2,Road Accidents,Circle,Rural Areas,Near Bus stop,Not Applicable,Yes,Simple Injury,Others,No signal lights,Straight and flat,Minor District Road,Surfaced,Dry,Not Applicable,Fine,JIGANI LINK ROAD,BOMMASANDRA LINK ROAD,3,0.0,0.0,0,0,,
Bengaluru Dist,Hebbagodi PS,1.04421e+16,2018,1,1,Road Accidents,Circle,Not Applicable,Near Bus stop,Not Applicable,No,Fatal,Others,Controlled,Others,NH,Concrete,Dry,Drainage Ditch,Fine,NH7,2 km,2 km,0.0,0.0,4,0,0.0,4.0
Bengaluru Dist,Hebbagodi PS,1.04421e+16,2018,1,2,Road Accidents,Other,Rural Areas,Near a factory industrial area,Vehicle Defect,No,Simple Injury,Others,Not Applicable,Others,Others,Not Applicable,Others,Not Applicable,Others,Near Company,Near Company,4 Km,0.0,0.0,0,1,0.0,1.0
Bengaluru Dist,Hebbagodi PS,1.04421e+16,2018,1,2,Road Accidents,Other,Rural Areas,Open area,Vehicle Defect,No,Simple Injury,Others,Not Applicable,Others,Village Road,Not Applicable,Others,Not Applicable,Others,Near Villege,Near Villege,4 Km,0.0,0.0,0,1,0.0,1.0
Bengaluru Dist,Hebbagodi PS,1.04421e+16,2018,1,2,Not Applicable,Narrow road,City/Town,Near Bus stop,Not Applicable,Not Applicable,Damage Only,Not Applicable,Not at  Junction,Not Applicable,NH,Not Applicable,Dry,Not Applicable,Fine,NH Road,Near Village Gate,1 Km,0.0,0.0,0,0,0.0,0.0
Bengaluru Dist,Hebbagodi PS,1.04421e+16,2018,1,1,Road Accidents,Junction,City/Town,Near Bus stop,Human Error,Yes,Grievous Injury,Others,Uncontrolled,Others,NH,Bitumen(Tar),Dry,Not Applicable,Clear,NH-7,Near Huskuru Gate,01KM,0.0,0.0,0,0,0.0,0.0
Bengaluru Dist,Hebbagodi PS,1.04421e+16,2018,1,2,Road Accidents,Circle,City/Town,Near a factory industrial area,Not Applicable,No,Damage Only,Others,Uncontrolled,Others,NH,Bitumen(Tar),Dry,Not Applicable,Clear,Jigani Link Road Near Shetran Cross,Shetran Factory,1 km,0.0,0.0,0,0,0.0,0.0
Bengaluru Dist,Hebbagodi PS,1.04421e+16,2018,1,2,Road Accidents,Other,Rural Areas,Open area,Vehicle Defect,Yes,Damage Only,Hit and Run,Not Applicable,Not Applicable,NH,Metalled,Others,Not Applicable,Clear,BENGALUR HOSUR NH 7 SERVICE ROAD,NH ROAD,4km,0.0,0.0,0,1,2.0,3.0
Bengaluru Dist,Hebbagodi PS,1.04421e+16,2018,1,2,Not Applicable,Not Applicable,City/Town,Near a factory industrial area,Human Error,No,Grievous Injury,Head on,Not Applicable,Not Applicable,City or Town Road,Bitumen(Tar),Dry,Not Applicable,Clear,Other Road,Near Aditya Auto Max Pvt Ltd,01 KM,0.0,0.0,0,0,0.0,0.0
Bengaluru Dist,Hebbagodi PS,1.04421e+16,2018,1,1,Road Accidents,Narrow road,City/Town,Near a factory industrial area,Not Applicable,Not Applicable,Grievous Injury,Head on,Not Applicable,Not Applicable,Others,Not Applicable,Others,Not Applicable,Fine,Other Road,Near four Road Join,3 Km,0.0,0.0,0,1,0.0,1.0
Bengaluru Dist,Hebbagodi PS,1.04421e+16,2018,1,2,Road Accidents,Other,Not Applicable,Near Hospital,Not Applicable,No,Damage Only,Rear end,Not Applicable,Not Applicable,NH,Bitumen(Tar),Not Applicable,Not Applicable,Clear,NH,Near NH Hospital,02 KM,0.0,0.0,0,0,0.0,0.0
Bengaluru Dist,Hebbagodi PS,1.04421e+16,2018,1,1,Not Applicable,Not Applicable,City/Town,Open area,Not Applicable,Not Applicable,Fatal,Others,Not Applicable,Straight and flat,NH,Surfaced,Dry,Not Applicable,Fine,Nh 7 Road,Near Circle,1 Km,0.0,0.0,0,0,,
Bengaluru Dist,Hebbagodi PS,1.04421e+16,2018,1,1,Not Applicable,Narrow road,City/Town,At pedestrian Crossing,Not Applicable,Not Applicable,Fatal,Head on,Not Applicable,Others,NH,Bitumen(Tar),Dry,Not Applicable,Fine,Nh 7 Road,Near Village Gate,1.5 Km,0.0,0.0,0,0,0.0,0.0
Bengaluru Dist,Hebbagodi PS,1.04421e+16,2018,1,1,Road Accidents,Other,Rural Areas,Near Bus stop,Vehicle Defect,Not Applicable,Grievous Injury,Others,Controlled,Others,NH,Concrete,Dry,Drainage Ditch,Fine,500 Mt,1,500mtr,0.0,0.0,4,0,0.0,4.0
Bengaluru Dist,Hebbagodi PS,1.04421e+16,2018,1,1,Road Accidents,Narrow road,Rural Areas,Near Bus stop,Human Error,Not Applicable,Grievous Injury,Others,Not Applicable,Not Applicable,NH,Bitumen(Tar),Dry,Drainage Ditch,Fine,NH 7,2,3,0.0,0.0,4,0,0.0,4.0
Bengaluru Dist,Hebbagodi PS,1.04421e+16,2018,1,2,Road Accidents,Other,Rural Areas,Near office complex,Not Applicable,Not Applicable,Grievous Injury,Others,Uncontrolled,Others,Service Road,Surfaced,Others,Not Applicable,Others,BOMMASANDRA JIGANI LINK ROAD,NEAR SHOBHA DEVELOPER,3,0.0,0.0,0,1,,
Bengaluru Dist,Hebbagodi PS,1.04421e+16,2018,1,1,Road Accidents,Curves,City/Town,Residential area,Human Error,Yes,Simple Injury,Rear end,Not Applicable,Curve,NH,Bitumen(Tar),Dry,Not Applicable,Clear,NH07,Vidyanagara,1 KM,0.0,0.0,0,0,0.0,0.0
Bengaluru Dist,Hebbagodi PS,1.04421e+16,2018,1,1,Road Accidents,Not Applicable,City/Town,Near Bus stop,Human Error,Not Applicable,Simple Injury,Others,Not Applicable,Not Applicable,City or Town Road,Bitumen(Tar),Dry,Not Applicable,Clear,NH-07,Near A2B Hotel,03 KM,0.0,0.0,0,0,0.0,0.0
Bengaluru Dist,Hebbagodi PS,1.04421e+16,2018,1,1,Road Accidents,Other,City/Town,Near a factory industrial area,Not Applicable,Not Applicable,Fatal,Not Applicable,Uncontrolled,Not Applicable,Others,Kutcha,Dry,Not Applicable,Others,other Road,Near Factory,03 Km,0.0,0.0,0,0,4.0,4.0
Bengaluru Dist,Hebbagodi PS,1.04421e+16,2018,1,2,Road Accidents,Narrow road,Not Applicable,Near office complex,Human Error,Yes,Grievous Injury,Hit and Run,Uncontrolled,Not Applicable,Others,Metalled,Dry,Drainage Ditch,Fine,APARTMENT,5 KM,5,0.0,0.0,4,0,2.0,6.0
Bengaluru Dist,Hebbagodi PS,1.04421e+16,2018,1,1,Road Accidents,Circle,City/Town,Near a factory industrial area,Human Error,No,Damage Only,Head on,No signal lights,Not Applicable,Others,Bitumen(Tar),Dry,Not Applicable,Clear,Other Road,Near Biocon,4 Km,0.0,0.0,0,0,0.0,0.0
Bengaluru Dist,Hebbagodi PS,1.04421e+16,2018,1,2,Road Accidents,Other,City/Town,Near Petrol Pump,Not Applicable,No,Simple Injury,Rear end,Not Applicable,Not Applicable,NH,Bitumen(Tar),Dry,Not Applicable,Clear,NH07,Near Petrol Pump,500Mtr,0.0,0.0,0,0,0.0,0.0
Bengaluru Dist,Hebbagodi PS,1.04421e+16,2018,1,1,Road Accidents,Other,Rural Areas,Near Bus stop,Vehicle Defect,No,Simple Injury,Others,Not Applicable,Straight and flat,NH,Surfaced,Others,Not Applicable,Others,Near NH Raod,Near Bustop,0.5 Km,0.0,0.0,0,1,,
Bengaluru Dist,Hebbagodi PS,1.04421e+16,2018,1,1,Road Accidents,Other,Rural Areas,Near Bus stop,Vehicle Defect,No,Simple Injury,Others,Not Applicable,Others,NH,Not Applicable,Others,Not Applicable,Others,Huskur Gate,NH ROAD,3 KM,0.0,0.0,0,1,0.0,1.0
Bengaluru Dist,Hebbagodi PS,1.04421e+16,2018,1,1,Road Accidents,Bridge,Rural Areas,Near a religious place,Not Applicable,Not Applicable,Grievous Injury,Others,Give way sign,Hump,NH,Kutcha,Others,Engineering Defect of Road,Fine,Bommasandra,2,1,0.0,0.0,4,1,4.0,9.0
Bengaluru Dist,Hebbagodi PS,1.04421e+16,2018,1,1,Road Accidents,Not Applicable,Rural Areas,Open area,Not Applicable,Yes,Simple Injury,Not Applicable,Not Applicable,Not Applicable,Others,Not Applicable,Others,Not Applicable,Others,"SERVICE RAOD, VIDYANAGAR,",VIDYANAGAR,1,0.0,0.0,0,1,0.0,1.0
Bengaluru Dist,Hebbagodi PS,1.04421e+16,2018,1,1,Road Accidents,Other,Rural Areas,Near Hospital,Not Applicable,Yes,Fatal,Hit and Run,Not Applicable,Not Applicable,Service Road,Not Applicable,Not Applicable,Not Applicable,Clear,SERVICE ROAD,NH HOSPITEL,1,0.0,0.0,0,0,0.0,0.0
Bengaluru Dist,Hebbagodi PS,1.04421e+16,2018,1,2,Not Applicable,Narrow road,City/Town,Narrow bridge or culverts,Not Applicable,Not Applicable,Damage Only,Head on,Not Applicable,Not Applicable,NH,Kutcha,Others,Not Applicable,Fine,NH Road,Gate,1 km,0.0,0.0,0,1,4.0,5.0
Bengaluru Dist,Hebbagodi PS,1.04421e+16,2018,1,2,Road Accidents,Junction,Not Applicable,Near a factory industrial area,Not Applicable,Not Applicable,Grievous Injury,Head on,Uncontrolled,Not Applicable,Others,Bitumen(Tar),Dry,Not Applicable,Clear,Jigani Link Road,Jocky Circle,02 KM,0.0,0.0,0,0,0.0,0.0
Bengaluru Dist,Hebbagodi PS,1.04421e+16,2018,1,2,Road Accidents,Not Applicable,Not Applicable,Near School or College,Human Error,Not Applicable,Simple Injury,Rear end,Not Applicable,Others,NH,Bitumen(Tar),Dry,Not Applicable,Clear,NH07,Near SFS,01 KM,0.0,0.0,0,0,0.0,0.0
Bengaluru Dist,Hebbagodi PS,1.04421e+16,2018,1,2,Not Applicable,Narrow road,City/Town,Near Bus stop,Not Applicable,Not Applicable,Damage Only,Others,Not at  Junction,Not Applicable,NH,Not Applicable,Dry,Not Applicable,Fine,NH Road,Bus stop,1 Km,0.0,0.0,0,0,0.0,0.0
Bengaluru Dist,Hebbagodi PS,1.04421e+16,2018,1,2,Not Applicable,Other,City/Town,Near Bus stop,Not Applicable,Not Applicable,Damage Only,Others,Not Applicable,Others,City or Town Road,Bitumen(Tar),Dry,Not Applicable,Clear,NH-7,Near Police Station,500Mtr,0.0,0.0,0,0,0.0,0.0
Bengaluru Dist,Hebbagodi PS,1.04421e+16,2018,1,2,Road Accidents,Other,Rural Areas,Near Petrol Pump,Vehicle Defect,No,Simple Injury,Others,Not Applicable,Straight and flat,Others,Not Applicable,Others,Not Applicable,Others,Near Petrol Pump,Villege Roads,2 Km,0.0,0.0,0,1,0.0,1.0
Bengaluru Dist,Hebbagodi PS,1.04421e+16,2018,1,2,Road Accidents,Other,Rural Areas,Residential area,Vehicle Defect,No,Simple Injury,Others,Not Applicable,Others,Residential Street,Surfaced,Others,Not Applicable,Others,Near V.Makes Heights app,Villege Road,3 Km,0.0,0.0,0,1,,
Bengaluru Dist,Hebbagodi PS,1.04421e+16,2018,1,2,Road Accidents,Other,City/Town,Residential area,Human Error,No,Damage Only,Head on,Not Applicable,Not Applicable,Others,Bitumen(Tar),Dry,Not Applicable,Clear,Other Road,Near APMC Market,2 KM,0.0,0.0,0,0,0.0,0.0
Bengaluru Dist,Hebbagodi PS,1.04421e+16,2018,1,2,Not Applicable,Narrow road,City/Town,Near Bus stop,Not Applicable,Not Applicable,Not Applicable,Others,Uncontrolled,Others,NH,Not Applicable,Dry,Not Applicable,Fine,NH Road,Near Bus Stop,1,0.0,0.0,0,0,0.0,0.0
Bengaluru Dist,Hebbagodi PS,1.04421e+16,2018,1,2,Road Accidents,Narrow road,Rural Areas,Near Bus stop,Not Applicable,No,Damage Only,Others,Not Applicable,Others,NH,Surfaced,Others,Not Applicable,Others,Bengalur-Hosur NH 7 ROad,2 Km,2 Km,0.0,0.0,0,1,,
Bengaluru Dist,Hebbagodi PS,1.04421e+16,2018,1,1,Road Accidents,Other,Rural Areas,Near a factory industrial area,Vehicle Defect,No,Simple Injury,Others,Not Applicable,Others,NH,Not Applicable,Others,Pot holed,Others,Near SKF Factory,NH ROAD,2 Km,0.0,0.0,5,1,0.0,6.0
Bengaluru Dist,Hebbagodi PS,1.04421e+16,2018,1,1,Road Accidents,Bridge,City/Town,Near a factory industrial area,Human Error,No,Simple Injury,Hit pedestrian,Not Applicable,Others,NH,Bitumen(Tar),Dry,Not Applicable,Clear,NH,Near D Mart,02 KM,0.0,0.0,0,0,0.0,0.0
Bengaluru Dist,Hebbagodi PS,1.04421e+16,2018,1,2,Road Accidents,Other,Rural Areas,Near a factory industrial area,Not Applicable,Not Applicable,Fatal,Others,Controlled,Straight and flat,NH,Concrete,Dry,No influence on accident,Fine,Nh- 7,Near biocon,1 km,0.0,0.0,0,0,0.0,0.0
Bengaluru Dist,Hebbagodi PS,1.04421e+16,2018,1,1,Road Accidents,Other,City/Town,Near Hospital,Human Error,No,Grievous Injury,Rear end,Uncontrolled,Others,NH,Bitumen(Tar),Dry,Not Applicable,Clear,NH-07,Near Hospital,02 KM,0.0,0.0,0,0,0.0,0.0
Bengaluru Dist,Hebbagodi PS,1.04421e+16,2018,1,3,Road Accidents,Other,City/Town,Near Bus stop,Human Error,No,Damage Only,Others,Not at  Junction,Not Applicable,NH,Bitumen(Tar),Dry,Not Applicable,Clear,NH-07,Near Bus Stop,300Mtr,0.0,0.0,0,0,0.0,0.0
Bengaluru Dist,Hebbagodi PS,1.04421e+16,2018,1,1,Rail Road Accidents,Other,Rural Areas,Near or inside a village,Vehicle Defect,No,Simple Injury,Others,Not Applicable,Others,Village Road,Not Applicable,Others,Not Applicable,Others,Near Fruit Market,Villege Road,3 Km,0.0,0.0,0,1,0.0,1.0
Bengaluru Dist,Hebbagodi PS,1.04421e+16,2018,1,2,Road Accidents,Not Applicable,Rural Areas,Near Hospital,Vehicle Defect,Not Applicable,Simple Injury,Others,Not Applicable,Others,NH,Surfaced,Others,Not Applicable,Others,NEAR NH HOSPITAL,NEAR NH HOSPITAL,1,0.0,0.0,0,1,,
Bengaluru Dist,Hebbagodi PS,1.04421e+16,2018,1,2,Road Accidents,Narrow road,Rural Areas,Near a factory industrial area,Vehicle Defect,Yes,Simple Injury,Hit and Run,Not Applicable,Straight and flat,Village Road,Surfaced,Others,Not Applicable,Others,Near Safety Factory,Villege Roads,3 Km,0.0,0.0,0,1,,
Bengaluru Dist,Hebbagodi PS,1.04421e+16,2018,1,1,Road Accidents,Other,Rural Areas,Near Bus stop,Not Applicable,Not Applicable,Grievous Injury,Others,Controlled,Not Applicable,NH,Bitumen(Tar),Dry,Not Applicable,Fine,NH-7,BETL PARKING ROAD,2KM,0.0,0.0,0,0,0.0,0.0
Bengaluru Dist,Hebbagodi PS,1.04421e+16,2018,1,1,Road Accidents,Other,City/Town,Near Bus stop,Human Error,Yes,Damage Only,Rear end,Not at  Junction,Others,City or Town Road,Bitumen(Tar),Dry,Not Applicable,Clear,NH-07,Near Huskuru Gate,02 KM,0.0,0.0,0,0,0.0,0.0
Bengaluru Dist,Hebbagodi PS,1.04421e+16,2018,1,2,Road Accidents,Not Applicable,City/Town,Near a factory industrial area,Human Error,No,Damage Only,Rear end,Not Applicable,Not Applicable,Not Applicable,Bitumen(Tar),Dry,Not Applicable,Clear,Near NH-07,BETPC Parking,03 KM,0.0,0.0,0,0,0.0,0.0
Bengaluru Dist,Hebbagodi PS,1.04421e+16,2018,1,2,Road Accidents,Other,City/Town,Near Bus stop,Human Error,No,Simple Injury,Head on,Not Applicable,Not Applicable,City or Town Road,Bitumen(Tar),Dry,Not Applicable,Clear,NH-07,Near A2B,3 Km,0.0,0.0,0,0,0.0,0.0
Bengaluru Dist,Hebbagodi PS,1.04421e+16,2018,1,1,Not Applicable,Narrow road,Rural Areas,Open area,Human Error,Not Applicable,Grievous Injury,Hit pedestrian,Uncontrolled,Others,Others,Surfaced,Others,Not Applicable,Others,Rural Raod,Infinity Gate,0.2,0.0,0.0,0,1,,
Bengaluru Dist,Hebbagodi PS,1.04421e+16,2018,1,1,Not Applicable,Narrow road,City/Town,Near Bus stop,Not Applicable,Not Applicable,Grievous Injury,Hit pedestrian,Not Applicable,Not Applicable,NH,Not Applicable,Not Applicable,Not Applicable,Fine,NH Road,Bus stop,1,0.0,0.0,0,0,0.0,0.0
Bengaluru Dist,Hebbagodi PS,1.04421e+16,2018,1,2,Road Accidents,Other,Rural Areas,Near or inside a village,Vehicle Defect,No,Simple Injury,Others,Not Applicable,Others,Village Road,Not Applicable,Others,Not Applicable,Others,Near Main Road,Villege Roads,4 Km,0.0,0.0,0,1,0.0,1.0
Bengaluru Dist,Hebbagodi PS,1.04421e+16,2018,1,1,Road Accidents,Cross roads,City/Town,Near Bus stop,Not Applicable,Not Applicable,Grievous Injury,Others,Controlled,Others,NH,Concrete,Dry,Not Applicable,Fine,NH-7,NH7 road near huskur gate,1 KM,0.0,0.0,0,0,0.0,0.0
Bengaluru Dist,Hebbagodi PS,1.04421e+16,2018,1,2,Road Accidents,Narrow road,Rural Areas,Narrow bridge or culverts,Human Error,Not Applicable,Grievous Injury,Others,Controlled,Others,State Highway,Concrete,Dry,No influence on accident,Fine,BENGALUR HOSUR NH 7 SERVICE ROAD,NH7 ROAD,1km,0.0,0.0,0,0,0.0,0.0
Bengaluru Dist,Hebbagodi PS,1.04421e+16,2018,1,2,Road Accidents,Other,City/Town,Near Hospital,Not Applicable,No,Damage Only,Rear end,Not Applicable,Not Applicable,NH,Bitumen(Tar),Dry,Not Applicable,Clear,NH-07,Near NH Hospital,03 KM,0.0,0.0,0,0,0.0,0.0
Bengaluru Dist,Hebbagodi PS,1.04421e+16,2018,1,2,Road Accidents,Circle,Rural Areas,Near Bus stop,Human Error,Not Applicable,Grievous Injury,Others,Not Applicable,Others,NH,Bitumen(Tar),Dry,Drainage Ditch,Fine,500 Mt,2,500mtr,0.0,0.0,4,0,0.0,4.0
Bengaluru Dist,Hebbagodi PS,1.04421e+16,2018,1,2,Not Applicable,Circle,City/Town,Near a factory industrial area,Not Applicable,Not Applicable,Grievous Injury,Others,Not Applicable,Not Applicable,City or Town Road,Surfaced,Not Applicable,Not Applicable,Clear,State Highway,Near Circle,5 Km,0.0,0.0,0,0,,
Bengaluru Dist,Hebbagodi PS,1.04421e+16,2018,1,2,Road Accidents,Narrow road,Rural Areas,Near Bus stop,Vehicle Defect,No,Fatal,Not Applicable,Not Applicable,Straight and flat,NH,Not Applicable,Others,Not Applicable,Others,BENGALUR HOSUR NH 7 SERVICE ROAD,NH ROAD,1 KM,0.0,0.0,0,1,0.0,1.0
Bengaluru Dist,Hebbagodi PS,1.04421e+16,2018,1,2,Road Accidents,Other,Rural Areas,Near Hospital,Not Applicable,Not Applicable,Simple Injury,Others,Controlled,Others,NH,Concrete,Dry,Not Applicable,Fine,NARAYANA HRUDAYALA,NEAR NH HOSPITAL,2km,0.0,0.0,0,0,0.0,0.0
Bengaluru Dist,Hebbagodi PS,1.04421e+16,2018,1,1,Rail Road Accidents,Narrow road,City/Town,Near a factory industrial area,Not Applicable,No,Fatal,Others,Controlled,Others,NH,Concrete,Dry,Not Applicable,Fine,Nh- 7,Near biocon,1 km,0.0,0.0,0,0,0.0,0.0
Bengaluru Dist,Hebbagodi PS,1.04421e+16,2018,1,2,Road Accidents,Other,City/Town,Near a factory industrial area,Human Error,Yes,Simple Injury,Head on,Not Applicable,Not Applicable,NH,Bitumen(Tar),Dry,Not Applicable,Clear,NH-07,Infront of Anjaneya Temple,02 KM,0.0,0.0,0,0,0.0,0.0
Bengaluru Dist,Hebbagodi PS,1.04421e+16,2018,1,2,Road Accidents,Circle,City/Town,Residential area,Not Applicable,No,Damage Only,Others,Uncontrolled,Others,NH,Bitumen(Tar),Dry,Not Applicable,Clear,NH-07,D Mart,1 Km,0.0,0.0,0,0,0.0,0.0
Bengaluru Dist,Hebbagodi PS,1.04421e+16,2018,1,2,Road Accidents,Other,Rural Areas,Open area,Not Applicable,Not Applicable,Grievous Injury,Others,Not Applicable,Others,NH,Bitumen(Tar),Others,Not Applicable,Clear,NH-7 ROAD,BTPL PARKING PLACE,4 KM,0.0,0.0,0,1,0.0,1.0
Bengaluru Dist,Hebbagodi PS,1.04421e+16,2018,1,1,Road Accidents,Other,Rural Areas,Residential area,Not Applicable,Not Applicable,Grievous Injury,Others,Not Applicable,Others,NH,Gravel,Dry,Engineering Defect of Road,Others,NH 7,3 KM,3KM,0.0,0.0,4,0,3.0,7.0
Bengaluru Dist,Hebbagodi PS,1.04421e+16,2018,1,1,Road Accidents,Circle,Rural Areas,Near Bus stop,Not Applicable,No,Damage Only,Others,Uncontrolled,Others,Others,Not Applicable,Others,Not Applicable,Others,hebbagodi bus stop,2,500mtr,0.0,0.0,0,1,0.0,1.0
Bengaluru Dist,Hebbagodi PS,1.04421e+16,2018,1,1,Road Accidents,Other,City/Town,Near Bus stop,Human Error,No,Damage Only,Not Applicable,Uncontrolled,Not Applicable,NH,Bitumen(Tar),Dry,Not Applicable,Clear,Hosuru-Bangaluru NH 7,Near Bus Stand,100mtr,0.0,0.0,0,0,0.0,0.0
Bengaluru Dist,Hebbagodi PS,1.04421e+16,2018,1,3,Not Applicable,Narrow road,City/Town,Open area,Not Applicable,Not Applicable,Damage Only,Head on,Not at  Junction,Others,NH,Surfaced,Others,Not Applicable,Fine,NH Road,Near Bus Stop,0.5 Km,0.0,0.0,0,1,,
Bengaluru Dist,Hebbagodi PS,1.04421e+16,2018,1,2,Not Applicable,Narrow road,City/Town,Near Bus stop,Not Applicable,Not Applicable,Grievous Injury,Rear end,Not Applicable,Not Applicable,NH,Not Applicable,Dry,Not Applicable,Fine,NH Road,Near Factory,3 Km,0.0,0.0,0,0,0.0,0.0
Bengaluru Dist,Hebbagodi PS,1.04421e+16,2018,1,2,Road Accidents,Other,Rural Areas,Residential area,Vehicle Defect,No,Simple Injury,Others,Not Applicable,Others,Residential Street,Not Applicable,Others,Not Applicable,Others,Near Hotel,Link Road,2 Km,0.0,0.0,0,1,0.0,1.0
Bengaluru Dist,Hebbagodi PS,1.04421e+16,2018,1,2,Not Applicable,Narrow road,Rural Areas,Near a factory industrial area,Not Applicable,No,Simple Injury,Head on,Controlled,Others,Others,Not Applicable,Others,Not Applicable,Clear,Jigni-Bommasandra Link Road,Near Factory,5 Km,0.0,0.0,0,1,0.0,1.0
Bengaluru Dist,Hebbagodi PS,1.04421e+16,2018,1,2,Road Accidents,Not Applicable,Rural Areas,Near a factory industrial area,Road Environment Defect,Not Applicable,Simple Injury,Not Applicable,Not Applicable,Others,NH,Not Applicable,Others,Not Applicable,Others,PESTO FACTORU PRENT,PESTO COMPONY,4KM,0.0,0.0,0,1,0.0,1.0
Bengaluru Dist,Hebbagodi PS,1.04421e+16,2018,1,2,Road Accidents,Other,Rural Areas,Near Bus stop,Not Applicable,No,Grievous Injury,Others,Not Applicable,Others,NH,Surfaced,Others,Not Applicable,Others,NH Road,1 km,1 km,0.0,0.0,0,1,,