DISTRICTNAME,UNITNAME,Crime_No,Year,RI,Noofvehicle_involved,Accident_Classification,Accident_Spot,Accident_Location,Accident_SubLocation,Main_Cause,Hit_Run,Severity,Collision_Type,Junction_Control,Road_Character,Road_Type,Surface_Type,Surface_Condition,Road_Condition,Weather,Accident_Road,Landmark_first,Distance_LandMark_First,Latitude,Longitude,Road_Condition_Score,Surface_Condition_Score,Surface_Type_Score,Road_Risk_Index
Bengaluru Dist,Hebbagodi PS,1.04421e+16,2018,1,1,Not Applicable,Narrow road,City/Town,Near Bus stop,Not Applicable,Not Applicable,Damage Only,Others,Not Applicable,Not Applicable,NH,Not Applicable,Dry,Not Applicable,Fine,NH Road,Near Bus Stop,1/2 km,0.0,0.0,0,0,0.0,0.0
Bengaluru Dist,Hebbagodi PS,1.04421e+16,2018,1,2,Road Accidents,Other,City/Town,Near Bus stop,Not Applicable,No,Grievous Injury,Others,Not Applicable,Straight and flat,NH,Bitumen(Tar),Dry,Not Applicable,Clear,NH 7,FLYOVER,1.5,0.0,0.0,0,0,0.0,0.0
Bengaluru Dist,Hebbagodi PS,1.04421e+16,2018,1,1,Road Accidents,Not Applicable,City/Town,Open area,Not Applicable,No,Simple Injury,Head on,Not Applicable,Not Applicable,City or Town Road,Bitumen(Tar),Dry,Not Applicable,Clear,NH-07,Near A2B,02 KM,0.0,0.0,0,0,0.0,0.0
Bengaluru Dist,Hebbagodi PS,1.04421e+16,2018,1,1,Road Accidents,Narrow road,Rural Areas,Near Bus stop,Vehicle Defect,No,Simple Injury,Others,Not Applicable,Others,NH,Surfaced,Others,Not Applicable,Others,Bengalur Hosuru NH 7 Road,Near Bustop,2 km,0.0,0.0,0,1,,
Bengaluru Dist,Hebbagodi PS,1.04421e+16,2018,1,1,Road Accidents,Other,Rural Areas,Open area,Not Applicable,Not Applicable,Grievous Injury,Others,Controlled,Others,NH,Concrete,Dry,Not Applicable,Fine,NH-7 service road,Near KFC restaurant,1km,0.0,0.0,0,0,0.0,0.0
Bengaluru Dist,Hebbagodi PS,1.04421e+16,2018,1,1,Road Accidents,Other,City/Town,Near a factory industrial area,Not Applicable,Not Applicable,Damage Only,Head on,Not Applicable,Others,Others,Bitumen(Tar),Dry,Not Applicable,Clear,Other Road,Near Vaibhav Hotel,03 Km,0.0,0.0,0,0,0.0,0.0
Bengaluru Dist,Hebbagodi PS,1.04421e+16,2018,1,2,Road Accidents,Curves,Villages settlement,At pedestrian Crossing,Vehicle Defect,Not Applicable,Grievous Injury,Others,Controlled,Curve,Village Road,Bitumen(Tar),Dry,Not Applicable,Fine,Village road,near hulimangala road,7km,0.0,0.0,0,0,0.0,0.0
Bengaluru Dist,Hebbagodi PS,1.04421e+16,2018,1,2,Road Accidents,Other,City/Town,Residential area,Human Error,No,Damage Only,Rear end,Uncontrolled,Others,NH,Bitumen(Tar),Dry,Not Applicable,Clear,NH-07,Near Bata Showroom,02 KM,0.0,0.0,0,0,0.0,0.0
Bengaluru Dist,Hebbagodi PS,1.04421e+16,2018,1,1,Road Accidents,Other,City/Town,Near a factory industrial area,Human Error,No,Simple Injury,Rear end,Not Applicable,Others,Others,Bitumen(Tar),Dry,Not Applicable,Clear,Other,Near Mestro Fation,2 KM,0.0,0.0,0,0,0.0,0.0
Bengaluru Dist,Hebbagodi PS,1.04421e+16,2018,1,2,Road Accidents,Other,City/Town,Open area,Human Error,No,Grievous Injury,Head on,Not Applicable,Not Applicable,City or Town Road,Bitumen(Tar),Dry,Not Applicable,Clear,Other Road,Near Swasthik Garage,2 Km,0.0,0.0,0,0,0.0,0.0
Bengaluru Dist,Hebbagodi PS,1.04421e+16,2018,1,2,Road Accidents,Other,Villages settlement,Near Bus stop,Human Error,No,Fatal,Others,Not at  Junction,Straight and flat,NH,Bitumen(Tar),Dry,Not Applicable,Fine,NH 7,SPARSH HOSPITAL,3 KM,0.0,0.0,0,0,0.0,0.0
Bengaluru Dist,Hebbagodi PS,1.04421e+16,2018,1,2,Road Accidents,Narrow road,Rural Areas,Near Bus stop,Vehicle Defect,No,Damage Only,Hit puchcart,Not Applicable,Straight and flat,Service Road,Not Applicable,Others,Not Applicable,Others,NH Road,Near Bus Stop,1 km,0.0,0.0,0,1,0.0,1.0
Bengaluru Dist,Hebbagodi PS,1.04421e+16,2018,1,3,Road Accidents,Narrow road,Rural Areas,Near Hospital,Vehicle Defect,No,Simple Injury,Others,Not Applicable,Straight and flat,NH,Surfaced,Others,Not Applicable,Others,Near Hospital,Near NH Hospital,3 Km,0.0,0.0,0,1,,
Bengaluru Dist,Hebbagodi PS,1.04421e+16,2018,1,2,Road Accidents,Other,Rural Areas,Near School or College,Vehicle Defect,No,Simple Injury,Others,Not Applicable,Others,Village Road,Not Applicable,Others,Not Applicable,Others,Near Hostel,Near IFIM College,8 Km,0.0,0.0,0,1,0.0,1.0
Bengaluru Dist,Hebbagodi PS,1.04421e+16,2018,1,1,Road Accidents,Not Applicable,Not Applicable,Near a factory industrial area,Not Applicable,Not Applicable,Fatal,Others,Not Applicable,Others,Others,Not Applicable,Dry,No influence on accident,Others,state Highway,Near Factory,1 Km,0.0,0.0,0,0,0.0,0.0
Bengaluru Dist,Hebbagodi PS,1.04421e+16,2018,1,2,Road Accidents,Not Applicable,City/Town,Open area,Human Error,Yes,Grievous Injury,Vehicle to Vehicle,Not at  Junction,Not Applicable,NH,Bitumen(Tar),Dry,Not Applicable,Clear,NH-07,Near KFC,01 KM,0.0,0.0,0,0,0.0,0.0
Bengaluru Dist,Hebbagodi PS,1.04421e+16,2019,1,2,Road Accidents,Other,City/Town,Near a factory industrial area,Human Error,No,Grievous Injury,Rear end,Not at  Junction,Others,City or Town Road,Bitumen(Tar),Dry,Not Applicable,Clear,NH-07,Near Fisto Company,02 KM,12.812152,77.6946899,0,0,0.0,0.0
Bengaluru Dist,Hebbagodi PS,1.04421e+16,2019,1,2,Road Accidents,Other,Rural Areas,Open area,Human Error,No,Grievous Injury,Rear end,Not at  Junction,Others,Others,Bitumen(Tar),Dry,Not Applicable,Clear,Other Road,Near Sumukh Layout,04 KM,12.847299,77.69076,0,0,0.0,0.0
Bengaluru Dist,Hebbagodi PS,1.04421e+16,2019,1,2,Road Accidents,Narrow road,City/Town,Near a factory industrial area,Not Applicable,Not Applicable,Fatal,Hit bicyclist,Controlled,Others,Others,Surfaced,Dry,Not Applicable,Fine,Nh 7 Road,Near Factory,2 Km,12.818361,77.682851,0,0,,
Bengaluru Dist,Hebbagodi PS,1.04421e+16,2019,1,2,Road Accidents,Cross roads,City/Town,Near a factory industrial area,Human Error,Yes,Grievous Injury,Vehicle to Vehicle,Not at  Junction,Not Applicable,Others,Bitumen(Tar),Dry,Not Applicable,Clear,Other Road,Near Chethan Gest House,3 KM,12.816969,77.6904249,0,0,0.0,0.0
Bengaluru Dist,Hebbagodi PS,1.04421e+16,2019,1,2,Road Accidents,Not Applicable,City/Town,Near a factory industrial area,Human Error,No,Simple Injury,Vehicle to Vehicle,No signal lights,Not Applicable,Others,Bitumen(Tar),Dry,Not Applicable,Clear,Indi Area Road,Karnataka Bank Road,02 KM,12.812894,77.682463,0,0,0.0,0.0
Bengaluru Dist,Hebbagodi PS,1.04421e+16,2019,1,2,Road Accidents,Not Applicable,City/Town,Near Bus stop,Human Error,No,Damage Only,Vehicle to Vehicle,Not Applicable,Not Applicable,NH,Bitumen(Tar),Dry,Not Applicable,Clear,NH-07,Near Kammasandra Cross,500Mtr,12.82777,77.6821409,0,0,0.0,0.0
Bengaluru Dist,Hebbagodi PS,1.04421e+16,2019,1,1,Road Accidents,Narrow road,City/Town,Near a factory industrial area,Human Error,No,Grievous Injury,Hit pedestrian,Not at  Junction,Straight and flat,NH,Bitumen(Tar),Dry,Not Applicable,Clear,NH-07,Near Biocon,01 KM,12.831492,77.680918,0,0,0.0,0.0
Bengaluru Dist,Hebbagodi PS,1.04421e+16,2019,1,2,Road Accidents,Narrow road,City/Town,Open area,Human Error,No,Grievous Injury,Vehicle to Vehicle,Not at  Junction,Straight and flat,NH,Bitumen(Tar),Dry,No influence on accident,Clear,NH-07,Near Canara Bank,01 KM,12.820933,77.687433,0,0,0.0,0.0
Bengaluru Dist,Hebbagodi PS,1.04421e+16,2019,1,1,Road Accidents,Not Applicable,City/Town,Near a factory industrial area,Human Error,No,Grievous Injury,Hit pedestrian,Not at  Junction,Not Applicable,Two way,Bitumen(Tar),Dry,Not Applicable,Clear,Bommasandra - Jigani Link Road,Near Garuda Polyplex Pvt Ltd,03 KM,12.803818,77.66322,0,0,0.0,0.0
Bengaluru Dist,Hebbagodi PS,1.04421e+16,2019,1,2,Road Accidents,Narrow road,City/Town,Near a factory industrial area,Human Error,Yes,Grievous Injury,Vehicle to Vehicle,Not at  Junction,Straight and flat,Two way,Bitumen(Tar),Dry,Not Applicable,Clear,Other Road,Near Dextek Battery Products Pvt Ltd,02 KM,12.816996,77.698714,0,0,0.0,0.0
Bengaluru Dist,Hebbagodi PS,1.04421e+16,2019,1,2,Road Accidents,Other,City/Town,Near Bus stop,Human Error,No,Grievous Injury,Head on,Not at  Junction,Not Applicable,NH,Bitumen(Tar),Dry,Not Applicable,Clear,nh 07,near bus stop,500 M,12.827385,77.682554,0,0,0.0,0.0
Bengaluru Dist,Hebbagodi PS,1.04421e+16,2019,1,1,Not Applicable,Narrow road,Rural Areas,Near a factory industrial area,Not Applicable,Not Applicable,Not Applicable,Not Applicable,Not Applicable,Curve,Others,Not Applicable,Dry,Not Applicable,Fine,other Road,Near Factory,2 Km,12.814947,77.693185,0,0,0.0,0.0
Bengaluru Dist,Hebbagodi PS,1.04421e+16,2019,1,1,Not Applicable,Narrow road,City/Town,Near Bus stop,Not Applicable,Not Applicable,Fatal,Hit pedestrian,Not Applicable,Others,NH,Not Applicable,Dry,Not Applicable,Fine,Nh 7 Road,Near Musid,0.5 Km,12.825796,77.68312,0,0,0.0,0.0
Bengaluru Dist,Hebbagodi PS,1.04421e+16,2019,1,1,Road Accidents,Not Applicable,City/Town,Near a factory industrial area,Human Error,No,Grievous Injury,Hit pedestrian,Not Applicable,Others,Others,Bitumen(Tar),Dry,Not Applicable,Clear,Other Road,Near Sika Company,02 KM,12.818815,77.689021,0,0,0.0,0.0
Bengaluru Dist,Hebbagodi PS,1.04421e+16,2019,1,1,Road Accidents,Narrow road,City/Town,Near Bus stop,Human Error,No,Grievous Injury,Hit pedestrian,Not at  Junction,Straight and flat,NH,Bitumen(Tar),Dry,Not Applicable,Clear,NH-07,Near Hebbagodi Bus Stop,500 Mt,12.831353,77.680809,0,0,0.0,0.0
Bengaluru Dist,Hebbagodi PS,1.04421e+16,2019,1,1,Road Accidents,Narrow road,City/Town,Near a factory industrial area,Not Applicable,No,Fatal,Hit pedestrian,Uncontrolled,Others,NH,Surfaced,Dry,Not Applicable,Fine,Nh 7 Road,Near Factory,1 Km,12.831731,77.680639,0,0,,
Bengaluru Dist,Hebbagodi PS,1.04421e+16,2019,1,1,Road Accidents,Not Applicable,City/Town,Near a factory industrial area,Human Error,No,Simple Injury,Hit pedestrian,Not at  Junction,Not Applicable,Others,Bitumen(Tar),Dry,Not Applicable,Clear,Other Road,Sieco Engineers Pvt Ltd,2 KM,12.814782,77.678708,0,0,0.0,0.0
Bengaluru Dist,Hebbagodi PS,1.04421e+16,2019,1,2,Road Accidents,Narrow road,Rural Areas,Near School or College,Human Error,No,Grievous Injury,Vehicle to Vehicle,Not at  Junction,Straight and flat,Others,Bitumen(Tar),Dry,Not Applicable,Clear,Other Road,Near IFIM Collage,04 KM,12.838006,77.64519,0,0,0.0,0.0
Bengaluru Dist,Hebbagodi PS,1.04421e+16,2019,1,2,Road Accidents,Not Applicable,Rural Areas,Open area,Human Error,Yes,Simple Injury,Vehicle to Vehicle,Not at  Junction,Straight and flat,Two way,Bitumen(Tar),Dry,Not Applicable,Clear,Other Road,Near Avalahally,05 KM,12.877569,77.708994,0,0,0.0,0.0
Bengaluru Dist,Hebbagodi PS,1.04421e+16,2019,1,2,Road Accidents,Not Applicable,City/Town,Near Bus stop,Human Error,Yes,Grievous Injury,Vehicle to Vehicle,Not at  Junction,Straight and flat,NH,Bitumen(Tar),Dry,Not Applicable,Clear,NH-07,Near Hebbagodi Bus Stop,500mtr,12.827212,77.682336,0,0,0.0,0.0
Bengaluru Dist,Hebbagodi PS,1.04421e+16,2019,1,2,Road Accidents,Not Applicable,City/Town,Near Bus stop,Human Error,No,Grievous Injury,Vehicle to Vehicle,Not at  Junction,Straight and flat,NH,Bitumen(Tar),Dry,Not Applicable,Clear,NH-07,Near Hebbagodi Bus Stop,500mtr,12.825742,77.682962,0,0,0.0,0.0
Bengaluru Dist,Hebbagodi PS,1.04421e+16,2019,1,2,Road Accidents,Other,City/Town,Near a factory industrial area,Human Error,Not Applicable,Fatal,Others,Controlled,Others,Service Road,Concrete,Dry,Not Applicable,Fine,Jigani-Bommasandra link road,Near RNS service centre,3 kM,12.821267,77.681243,0,0,0.0,0.0
Bengaluru Dist,Hebbagodi PS,1.04421e+16,2019,1,2,Road Accidents,Other,City/Town,Near a factory industrial area,Human Error,No,Grievous Injury,Hit bicyclist,Not Applicable,Others,Others,Bitumen(Tar),Dry,Not Applicable,Clear,Other Road,Near Karnataka Bank,4 KM,12.813602,77.683228,0,0,0.0,0.0
Bengaluru Dist,Hebbagodi PS,1.04421e+16,2019,1,2,Road Accidents,Not Applicable,City/Town,Near a factory industrial area,Human Error,No,Grievous Injury,Vehicle to Vehicle,Not at  Junction,Not Applicable,NH,Bitumen(Tar),Dry,Not Applicable,Clear,NH-07,Near Royal Enfield,02 KM,12.814322,77.6928149,0,0,0.0,0.0
Bengaluru Dist,Hebbagodi PS,1.04421e+16,2019,1,1,Road Accidents,Narrow road,City/Town,Near a factory industrial area,Not Applicable,Not Applicable,Fatal,Not Applicable,Uncontrolled,Straight and flat,NH,Surfaced,Dry,Not Applicable,Fine,Nh 7 Road,Near Factory,5 Km,12.807504,77.698131,0,0,,
Bengaluru Dist,Hebbagodi PS,1.04421e+16,2019,1,2,Road Accidents,Not Applicable,City/Town,Near a factory industrial area,Human Error,No,Grievous Injury,Vehicle to Vehicle,Not Applicable,Not Applicable,Others,Bitumen(Tar),Dry,Not Applicable,Clear,Jigani - Bommasandra Link Road,Near Biocon Park,03 KM,12.806735,77.663429,0,0,0.0,0.0
Bengaluru Dist,Hebbagodi PS,1.04421e+16,2019,1,2,Road Accidents,Circle,City/Town,Residential area,Human Error,Yes,Simple Injury,Vehicle to Vehicle,Uncontrolled,Others,Others,Bitumen(Tar),Dry,Not Applicable,Clear,Other Road,Near Vajapeyee Circle,2 KM,12.81762,77.668484,0,0,0.0,0.0
Bengaluru Dist,Hebbagodi PS,1.04421e+16,2019,1,2,Road Accidents,Not Applicable,City/Town,Open area,Human Error,No,Grievous Injury,Vehicle to Vehicle,Not at  Junction,Others,Others,Bitumen(Tar),Dry,Not Applicable,Clear,Huskur Road,Near APMC,02 KM,12.836961,77.6817089,0,0,0.0,0.0
Bengaluru Dist,Hebbagodi PS,1.04421e+16,2019,1,2,Road Accidents,Not Applicable,City/Town,Open area,Human Error,Yes,Grievous Injury,Vehicle to Vehicle,Not at  Junction,Others,Others,Bitumen(Tar),Dry,Not Applicable,Clear,Other Road,Bommasandra Indi Area,2 KM,12.822939,77.679024,0,0,0.0,0.0
Bengaluru Dist,Hebbagodi PS,1.04421e+16,2019,1,2,Road Accidents,Not Applicable,City/Town,Near Bus stop,Human Error,Yes,Damage Only,Vehicle to Vehicle,Not at  Junction,Others,NH,Bitumen(Tar),Dry,Not Applicable,Clear,NH07,Near Kammasandra Cross,500mtr,12.827824,77.682116,0,0,0.0,0.0
Bengaluru Dist,Hebbagodi PS,1.04421e+16,2019,1,1,Road Accidents,Narrow road,City/Town,Near Bus stop,Not Applicable,Not Applicable,Fatal,Hit pedestrian,Uncontrolled,Not Applicable,NH,Surfaced,Dry,Not Applicable,Fine,Nh 7 Road,Near Bus Stand,2 Km,12.807513,77.698278,0,0,,
Bengaluru Dist,Hebbagodi PS,1.04421e+16,2019,1,1,Road Accidents,Not Applicable,City/Town,Near Bus stop,Human Error,No,Grievous Injury,Hit pedestrian,Not at  Junction,Straight and flat,NH,Bitumen(Tar),Dry,Not Applicable,Clear,NH-07,Near Huskuru Gate,2 KM,12.835712,77.679253,0,0,0.0,0.0
Bengaluru Dist,Hebbagodi PS,1.04421e+16,2019,1,1,Road Accidents,Not Applicable,City/Town,Near Bus stop,Human Error,No,Grievous Injury,Hit pedestrian,Not at  Junction,Straight and flat,NH,Bitumen(Tar),Dry,Not Applicable,Clear,NH07,Near NH Hospital,03 KM,12.810606,77.6957829,0,0,0.0,0.0
Bengaluru Dist,Hebbagodi PS,1.04421e+16,2019,1,1,Not Applicable,Narrow road,Rural Areas,Residential area,Not Applicable,No,Fatal,Hit pedestrian,Uncontrolled,Others,Residential Street,Gravel,Dry,Not Applicable,Fine,other Road,Near Residence,5 Km,12.830177,77.69816,0,0,3.0,3.0
Bengaluru Dist,Hebbagodi PS,1.04421e+16,2019,1,1,Road Accidents,Other,City/Town,Near a factory industrial area,Human Error,Not Applicable,Simple Injury,Others,Not at  Junction,Not Applicable,City or Town Road,Bitumen(Tar),Dry,Not Applicable,Clear,Jigani Link Road,Near Maicro Lab,02 KM,12.830984,77.660682,0,0,0.0,0.0
Bengaluru Dist,Hebbagodi PS,1.04421e+16,2019,1,1,Road Accidents,Narrow road,City/Town,Near Bus stop,Human Error,No,Fatal,Hit pedestrian,Not at  Junction,Straight and flat,NH,Surfaced,Dry,No influence on accident,Fine,Nh 7 Road,Near Bus Stand,1 Km,12.874553,77.6929279,0,0,,
Bengaluru Dist,Hebbagodi PS,1.04421e+16,2019,1,2,Road Accidents,Other,City/Town,Near Petrol Pump,Human Error,Not Applicable,Damage Only,Rear end,Not Applicable,Not Applicable,NH,Bitumen(Tar),Dry,Not Applicable,Clear,NH-07,Near A2B,02 KM,12.867597,77.717236,0,0,0.0,0.0
Bengaluru Dist,Hebbagodi PS,1.04421e+16,2019,1,2,Road Accidents,Narrow road,Rural Areas,Open area,Human Error,No,Grievous Injury,Vehicle to Vehicle,Not at  Junction,Straight and flat,Others,Bitumen(Tar),Dry,Not Applicable,Clear,Avalahally - Kodathi Cross,Other Road,05 KM,12.872025,77.703616,0,0,0.0,0.0
Bengaluru Dist,Hebbagodi PS,1.04421e+16,2019,1,1,Road Accidents,Narrow road,City/Town,Near School or College,Human Error,Yes,Grievous Injury,Hit pedestrian,Not at  Junction,Straight and flat,NH,Bitumen(Tar),Dry,Not Applicable,Clear,NH-07,Near BTL,03 KM,12.81143,77.694801,0,0,0.0,0.0
Bengaluru Dist,Hebbagodi PS,1.04421e+16,2019,1,3,Road Accidents,Other,City/Town,Near a religious place,Not Applicable,Not Applicable,Fatal,Rear end,Not at  Junction,Not Applicable,Village Road,Not Applicable,Others,Not Applicable,Others,other Road,Near Factory,0.5 Km,12.835295,77.684265,0,1,0.0,1.0
Bengaluru Dist,Hebbagodi PS,1.04421e+16,2019,1,2,Road Accidents,Not Applicable,City/Town,Near Hospital,Human Error,No,Damage Only,Vehicle to Vehicle,Not at  Junction,Straight and flat,NH,Bitumen(Tar),Dry,Not Applicable,Clear,NH-07,Near Huskuru Gate,01 KM,12.834873,77.679803,0,0,0.0,0.0
Bengaluru Dist,Hebbagodi PS,1.04421e+16,2019,1,2,Road Accidents,Other,City/Town,Near Bus stop,Not Applicable,No,Damage Only,Others,Uncontrolled,Others,NH,Bitumen(Tar),Dry,Not Applicable,Clear,Hosuru Bangaluru NH-07,Hebbagodi Bus Stop,500 M,12.825862,77.68282,0,0,0.0,0.0
Bengaluru Dist,Hebbagodi PS,1.04421e+16,2019,1,1,Road Accidents,Narrow road,City/Town,Near Bus stop,Human Error,No,Simple Injury,Hit pedestrian,Not at  Junction,Straight and flat,NH,Bitumen(Tar),Dry,Not Applicable,Clear,NH-07,Near Kammasandra Cross,500mtr,12.826275,77.682613,0,0,0.0,0.0
Bengaluru Dist,Hebbagodi PS,1.04421e+16,2019,1,1,Road Accidents,Narrow road,City/Town,Near Bus stop,Human Error,No,Grievous Injury,Hit pedestrian,Not at  Junction,Straight and flat,NH,Bitumen(Tar),Dry,No influence on accident,Clear,NH-07,Near Huskuru Gate,02 KM,12.83584,77.679434,0,0,0.0,0.0
Bengaluru Dist,Hebbagodi PS,1.04421e+16,2019,1,2,Road Accidents,Other,City/Town,Near a factory industrial area,Human Error,No,Simple Injury,Head on,No signal lights,Not Applicable,NH,Bitumen(Tar),Dry,Not Applicable,Clear,NH-07,Near Manjunatha Timber,02 KM,12.817731,77.668261,0,0,0.0,0.0
Bengaluru Dist,Hebbagodi PS,1.04421e+16,2019,1,2,Road Accidents,Not Applicable,City/Town,Residential area,Human Error,No,Grievous Injury,Vehicle to Vehicle,Not at  Junction,Not Applicable,NH,Bitumen(Tar),Dry,Not Applicable,Clear,NH-07,Near Southend Hotel,2 KM,12.819947,77.6882,0,0,0.0,0.0
Bengaluru Dist,Hebbagodi PS,1.04421e+16,2019,1,1,Road Accidents,Narrow road,City/Town,Near a factory industrial area,Human Error,No,Grievous Injury,Hit pedestrian,Not at  Junction,Straight and flat,Others,Bitumen(Tar),Dry,Not Applicable,Clear,Near MTR,Bommasandra Indi Area,01 KM,12.823672,77.6803929,0,0,0.0,0.0
Bengaluru Dist,Hebbagodi PS,1.04421e+16,2019,1,2,Road Accidents,Not Applicable,City/Town,Near School or College,Human Error,Yes,Grievous Injury,Vehicle to Vehicle,Not at  Junction,Straight and flat,NH,Bitumen(Tar),Dry,Not Applicable,Clear,NH-07,Near SFS Collage,1 KM,12.832371,77.680623,0,0,0.0,0.0
Bengaluru Dist,Hebbagodi PS,1.04421e+16,2019,1,2,Road Accidents,Other,City/Town,Near Bus stop,Not Applicable,No,Damage Only,Others,Uncontrolled,Others,NH,Bitumen(Tar),Dry,Not Applicable,Clear,Hosuru Bangaluru NH-07,Hebbagodi Bus Stop,500 M,12.825723,77.682959,0,0,0.0,0.0
Bengaluru Dist,Hebbagodi PS,1.04421e+16,2019,1,2,Road Accidents,Narrow road,City/Town,Near Petrol Pump,Not Applicable,Not Applicable,Fatal,Vehicle to Vehicle,Not at  Junction,Not Applicable,NH,Not Applicable,Dry,Not Applicable,Fine,Nh 7 Road,Near Petrol Bunk,5 Km,12.807591,77.698075,0,0,0.0,0.0
Bengaluru Dist,Hebbagodi PS,1.04421e+16,2019,1,1,Road Accidents,Not Applicable,City/Town,Near Bus stop,Human Error,No,Grievous Injury,Hit pedestrian,Not at  Junction,Not Applicable,NH,Bitumen(Tar),Dry,Not Applicable,Clear,NH-07 Road,Near Kithaganahally,03 km,12.807803,77.697836,0,0,0.0,0.0
Bengaluru Dist,Hebbagodi PS,1.04421e+16,2019,1,2,Road Accidents,Narrow road,City/Town,Open area,Not Applicable,Not Applicable,Fatal,Vehicle to Vehicle,Not at  Junction,Straight and flat,NH,Bitumen(Tar),Dry,No influence on accident,Fine,Nh 7 Road,Near Factory,1 Km,12.822531,77.685614,0,0,0.0,0.0
Bengaluru Dist,Hebbagodi PS,1.04421e+16,2019,1,2,Not Applicable,Narrow road,Rural Areas,Residential area,Not Applicable,Not Applicable,Fatal,Vehicle to Vehicle,Not Applicable,Not Applicable,Others,Not Applicable,Dry,Not Applicable,Others,other Road,Near Village Gate,1.5 Km,12.836267,77.643779,0,0,0.0,0.0
Bengaluru Dist,Hebbagodi PS,1.04421e+16,2019,1,1,Road Accidents,Narrow road,Rural Areas,Residential area,Not Applicable,No,Fatal,Hit bicyclist,Not at  Junction,Others,Others,Gravel,Dry,Not Applicable,Fine,other Road,Near Residence,5 Km,12.819956,77.661963,0,0,3.0,3.0
Bengaluru Dist,Hebbagodi PS,1.04421e+16,2019,1,1,Road Accidents,Other,City/Town,Near Hospital,Human Error,No,Simple Injury,Overturning,Not at  Junction,Others,NH,Bitumen(Tar),Dry,Not Applicable,Clear,NH-07,Near Hospital,01 KM,13.093961,77.562587,0,0,0.0,0.0
Bengaluru Dist,Hebbagodi PS,1.04421e+16,2019,1,1,Road Accidents,Narrow road,City/Town,At pedestrian Crossing,Not Applicable,No,Fatal,Hit pedestrian,Controlled,Others,NH,Concrete,Dry,Not Applicable,Fine,NH7 Road,NH7,1 km,12.824637,77.686991,0,0,0.0,0.0
Bengaluru Dist,Hebbagodi PS,1.04421e+16,2019,1,1,Road Accidents,Not Applicable,City/Town,Near Bus stop,Human Error,No,Grievous Injury,Hit pedestrian,Not at  Junction,Others,NH,Bitumen(Tar),Dry,Not Applicable,Clear,NH-07,Near Hebbagodi Bus Stop,500mtr,12.825619,77.683015,0,0,0.0,0.0
Bengaluru Dist,Hebbagodi PS,1.04421e+16,2019,1,2,Road Accidents,Not Applicable,City/Town,Near office complex,Human Error,Yes,Grievous Injury,Vehicle to Vehicle,Not at  Junction,Others,NH,Bitumen(Tar),Dry,Not Applicable,Clear,NH-07,Near Fartune Hotel,01 KM,12.822544,77.685794,0,0,0.0,0.0
Bengaluru Dist,Hebbagodi PS,1.04421e+16,2019,1,2,Road Accidents,Narrow road,City/Town,Near a factory industrial area,Human Error,No,Fatal,Vehicle to Vehicle,Stop Sign,Not Applicable,NH,Surfaced,Dry,Not Applicable,Fine,factorcy road,Near Jockey factory,1.5 Km,12.814684,77.678485,0,0,,
Bengaluru Dist,Hebbagodi PS,1.04421e+16,2019,1,1,Road Accidents,Not Applicable,City/Town,Near Hospital,Human Error,Yes,Grievous Injury,Hit pedestrian,Not at  Junction,Straight and flat,NH,Bitumen(Tar),Dry,Not Applicable,Clear,NH-07,Near NH Hospital Bus Stop,02 KM,12.810629,77.695783,0,0,0.0,0.0
Bengaluru Dist,Hebbagodi PS,1.04421e+16,2019,1,2,Road Accidents,Other,City/Town,Near a factory industrial area,Human Error,Not Applicable,Grievous Injury,Head on,Not at  Junction,Others,City or Town Road,Bitumen(Tar),Dry,Not Applicable,Clear,Other Road,Near Thrimurthy,2 KM,12.835207,77.648142,0,0,0.0,0.0
Bengaluru Dist,Hebbagodi PS,1.04421e+16,2019,1,2,Road Accidents,Cross roads,City/Town,Near office complex,Human Error,No,Damage Only,Vehicle to Vehicle,Not at  Junction,Not Applicable,Others,Bitumen(Tar),Dry,Not Applicable,Clear,Sampige Nagara Road,Near Rangoli Apartement,06 KM,12.83469,77.696627,0,0,0.0,0.0
Bengaluru Dist,Hebbagodi PS,1.04421e+16,2019,1,2,Road Accidents,Other,Rural Areas,Open area,Human Error,No,Grievous Injury,Head on,Not at  Junction,Not Applicable,Others,Bitumen(Tar),Dry,Not Applicable,Clear,Village Area,Near Bhagavathi Poultry Form,6 KM,12.854997,77.703842,0,0,0.0,0.0
Bengaluru Dist,Hebbagodi PS,1.04421e+16,2019,1,2,Road Accidents,Junction,City/Town,In bazaar,Human Error,Yes,Damage Only,Vehicle to Vehicle,No signal lights,Slight Curve,NH,Bitumen(Tar),Dry,Not Applicable,Clear,NH-07,Near D Mart,02 KM,12.818486,77.68964,0,0,0.0,0.0
Bengaluru Dist,Hebbagodi PS,1.04421e+16,2019,1,2,Not Applicable,Narrow road,City/Town,Near Bus stop,Not Applicable,Not Applicable,Fatal,Vehicle to Vehicle,Not Applicable,Not Applicable,NH,Not Applicable,Dry,Not Applicable,Fine,Nh 7 Road,Near Bus Stand,5 Km,12.810635,77.695789,0,0,0.0,0.0
Bengaluru Dist,Hebbagodi PS,1.04421e+16,2019,1,1,Road Accidents,Narrow road,City/Town,Near office complex,Human Error,No,Grievous Injury,Hit pedestrian,Not at  Junction,Straight and flat,NH,Bitumen(Tar),Dry,Not Applicable,Clear,NH-07,Near A2B,03KM,12.807551,77.697885,0,0,0.0,0.0