DISTRICTNAME,UNITNAME,Crime_No,Year,RI,Noofvehicle_involved,Accident_Classification,Accident_Spot,Accident_Location,Accident_SubLocation,Main_Cause,Hit_Run,Severity,Collision_Type,Junction_Control,Road_Character,Road_Type,Surface_Type,Surface_Condition,Road_Condition,Weather,Accident_Road,Landmark_first,Distance_LandMark_First,Latitude,Longitude,Road_Condition_Score,Surface_Condition_Score,Surface_Type_Score,Road_Risk_Index
Bengaluru Dist,Hebbagodi PS,1.04421e+16,2020,1,1,Road Accidents,Not Applicable,City/Town,Near office complex,Human Error,Yes,Grievous Injury,Hit pedestrian,Not at  Junction,Others,NH,Bitumen(Tar),Dry,Not Applicable,Clear,NH-07,Near D Mart,02 KM,12.819945,77.68849,0,0,0.0,0.0
Bengaluru Dist,Hebbagodi PS,1.04421e+16,2020,1,1,Road Accidents,Narrow road,City/Town,Near a factory industrial area,Not Applicable,Not Applicable,Fatal,Hit pedestrian,Not Applicable,Not Applicable,NH,Surfaced,Dry,Not Applicable,Others,Nh 7 Road,Near Factory,0.5 Km,12.824459,77.6836769,0,0,,
Bengaluru Dist,Hebbagodi PS,1.04421e+16,2020,1,1,Road Accidents,Cross roads,City/Town,Near a factory industrial area,Not Applicable,Yes,Fatal,Hit pedestrian,Not Applicable,Others,NH,Surfaced,Dry,Not Applicable,Others,Nh 7 Road,near company,1 Km,12.822248,77.6857919,0,0,,
Bengaluru Dist,Hebbagodi PS,1.04421e+16,2020,1,2,Road Accidents,Circle,City/Town,Near Hospital,Vehicle Defect,No,Fatal,Vehicle to Vehicle,Not Applicable,Not Applicable,NH,Bitumen(Tar),Dry,Drainage Ditch,Others,Nh 7 Road,Near Hospital,5 KM,12.810533,77.69562,4,0,0.0,4.0
Bengaluru Dist,Hebbagodi PS,1.04421e+16,2020,1,1,Not Applicable,Narrow road,City/Town,Near a factory industrial area,Not Applicable,Not Applicable,Fatal,Hit pedestrian,Uncontrolled,Straight and flat,NH,Bitumen(Tar),Dry,Not Applicable,Fine,factorcy road,Near Factory,2 Km,12.817804,77.665449,0,0,0.0,0.0
Bengaluru Dist,Hebbagodi PS,1.04421e+16,2020,1,2,Road Accidents,Not Applicable,City/Town,Open area,Human Error,No,Grievous Injury,Vehicle to Vehicle,Not at  Junction,Straight and flat,Others,Bitumen(Tar),Dry,Not Applicable,Clear,NH-07 Road,Near Neo town,05 KM,12.820226,77.660413,0,0,0.0,0.0
Bengaluru Dist,Hebbagodi PS,1.04421e+16,2020,1,2,Road Accidents,Narrow road,Rural Areas,Open area,Not Applicable,Not Applicable,Fatal,Vehicle to Vehicle,Not Applicable,Others,Others,Kutcha,Others,Not Applicable,Fine,other Road,Near Residence,1 Km,12.815065,77.6503669,0,1,4.0,5.0
Bengaluru Dist,Hebbagodi PS,1.04421e+16,2020,1,2,Not Applicable,Narrow road,City/Town,Near a factory industrial area,Not Applicable,No,Fatal,Vehicle to Vehicle,Not Applicable,Others,NH,Surfaced,Dry,Not Applicable,Fine,Nh 7 Road,Fly Over,1.5 Km,12.819713,77.688203,0,0,,
Bengaluru Dist,Hebbagodi PS,1.04421e+16,2020,1,1,Road Accidents,Circle,City/Town,Near Bus stop,Not Applicable,No,Fatal,Not Applicable,Not Applicable,Others,NH,Bitumen(Tar),Dry,Not Applicable,Others,Nh- 7,BOMMASANDRA,3KM,12.819993,77.688118,0,0,0.0,0.0
Bengaluru Dist,Hebbagodi PS,1.04421e+16,2020,1,1,Not Applicable,Circle,City/Town,Near Bus stop,Vehicle Defect,No,Fatal,Not Applicable,Not Applicable,Others,NH,Bitumen(Tar),Dry,Drainage Ditch,Others,Nh- 7,NH7 ROAD,5 KM,12.808604,77.69716,4,0,0.0,4.0
Bengaluru Dist,Hebbagodi PS,1.04421e+16,2020,1,1,Road Accidents,Not Applicable,City/Town,Near a factory industrial area,Human Error,No,Grievous Injury,Hit pedestrian,Not Applicable,Others,Others,Bitumen(Tar),Dry,Not Applicable,Clear,Other Road,Near Deepa Industies,3 KM,12.810507,77.6698019,0,0,0.0,0.0
Bengaluru Dist,Hebbagodi PS,1.04421e+16,2020,1,1,Road Accidents,Narrow road,City/Town,Open area,Human Error,Yes,Damage Only,Hit pedestrian,Not at  Junction,Straight and flat,NH,Bitumen(Tar),Dry,Not Applicable,Clear,NH-07 Road,Near Hebbagodi Bus Stop,500mtr,12.825332,77.683115,0,0,0.0,0.0
Bengaluru Dist,Hebbagodi PS,1.04421e+16,2020,1,1,Not Applicable,Narrow road,City/Town,Near a factory industrial area,Not Applicable,Not Applicable,Fatal,Not Applicable,Not Applicable,Others,Others,Surfaced,Not Applicable,Not Applicable,Fine,other Road,Near Factory,2 Km,12.820016,77.693552,0,0,,
Bengaluru Dist,Hebbagodi PS,1.04421e+16,2020,1,2,Road Accidents,Not Applicable,City/Town,Near Hospital,Human Error,No,Grievous Injury,Vehicle to Vehicle,Not at  Junction,Straight and flat,NH,Bitumen(Tar),Dry,Not Applicable,Clear,NH-07,Near Narayana Hrudayalaya,3 KM,12.810366,77.695661,0,0,0.0,0.0
Bengaluru Dist,Hebbagodi PS,1.04421e+16,2020,1,1,Road Accidents,Not Applicable,City/Town,Open area,Vehicle Defect,No,Fatal,Not Applicable,Not Applicable,Others,NH,Bitumen(Tar),Dry,Not Applicable,Others,Nh- 7,HEBBAGODI BUS STOP,500MTS,12.825822,77.6827679,0,0,0.0,0.0
Bengaluru Dist,Hebbagodi PS,1.04421e+16,2020,1,1,Road Accidents,Not Applicable,City/Town,Near a factory industrial area,Human Error,No,Grievous Injury,Hit pedestrian,Not at  Junction,Others,Others,Bitumen(Tar),Dry,Not Applicable,Clear,Sai Vishram Road,Neal L & T,2 KM,12.823142,77.6796729,0,0,0.0,0.0
Bengaluru Dist,Hebbagodi PS,1.04421e+16,2020,1,2,Road Accidents,Narrow road,City/Town,Near a religious place,Not Applicable,Not Applicable,Fatal,Vehicle to Vehicle,Not Applicable,Others,NH,Surfaced,Dry,Not Applicable,Fine,Nh 7 Road,Near Bus Stand,5 Km,12.836304,77.673641,0,0,,
Bengaluru Dist,Hebbagodi PS,1.04421e+16,2020,1,2,Road Accidents,Narrow road,City/Town,Near a factory industrial area,Human Error,No,Simple Injury,Vehicle to Vehicle,Not at  Junction,Straight and flat,Others,Bitumen(Tar),Dry,Not Applicable,Clear,Bommasandra - Jigani Link Road,Near Biocon Park,03 KM,12.80703,77.663617,0,0,0.0,0.0
Bengaluru Dist,Hebbagodi PS,1.04421e+16,2020,1,1,Road Accidents,Not Applicable,City/Town,Near a factory industrial area,Human Error,Yes,Grievous Injury,Hit pedestrian,Not at  Junction,Straight and flat,Others,Bitumen(Tar),Dry,Not Applicable,Clear,Other Road,Near Sai Vishram Hotel,1 KM,12.823324,77.677181,0,0,0.0,0.0
Bengaluru Dist,Hebbagodi PS,1.04421e+16,2020,1,1,Road Accidents,Cross roads,City/Town,Near a factory industrial area,Not Applicable,Yes,Fatal,Hit pedestrian,Not Applicable,Others,NH,Not Applicable,Others,Not Applicable,Fine,Nh 7 Road,Near Factory,2 Km,12.807928,77.697907,0,1,0.0,1.0
Bengaluru Dist,Hebbagodi PS,1.04421e+16,2020,1,2,Road Accidents,Junction,City/Town,Near Bus stop,Human Error,No,Grievous Injury,Vehicle to Vehicle,No signal lights,Straight and flat,NH,Bitumen(Tar),Dry,Not Applicable,Clear,NH-07,Near Bommasandra Circle,2 KM,12.818881,77.688976,0,0,0.0,0.0
Bengaluru Dist,Hebbagodi PS,1.04421e+16,2020,1,2,Road Accidents,Not Applicable,City/Town,Near a factory industrial area,Human Error,No,Grievous Injury,Vehicle to Vehicle,Not at  Junction,Others,Others,Bitumen(Tar),Dry,Not Applicable,Clear,Bommasandra - Jigani Link Road,Near Petrol Pump,03 KM,12.834084,77.6884859,0,0,0.0,0.0
Bengaluru Dist,Hebbagodi PS,1.04421e+16,2020,1,2,Road Accidents,Not Applicable,City/Town,Near Bus stop,Human Error,No,Grievous Injury,Vehicle to Vehicle,Not at  Junction,Others,NH,Bitumen(Tar),Dry,Not Applicable,Clear,NH-07 Road,Near Kammasandra Cross,1 KM,12.835318,77.699387,0,0,0.0,0.0
Bengaluru Dist,Hebbagodi PS,1.04421e+16,2020,1,2,Road Accidents,Not Applicable,City/Town,Near Petrol Pump,Human Error,No,Grievous Injury,Vehicle to Vehicle,Not at  Junction,Straight and flat,Others,Bitumen(Tar),Dry,Not Applicable,Clear,Bommasandra - Jigani Link Road,Near Cell Petrol Pump,02 KM,12.826493,77.683025,0,0,0.0,0.0
Bengaluru Dist,Hebbagodi PS,1.04421e+16,2020,1,1,Road Accidents,Narrow road,City/Town,Near Bus stop,Vehicle Defect,Not Applicable,Fatal,Hit pedestrian,Not Applicable,Others,NH,Bitumen(Tar),Dry,Not Applicable,Fine,Nh 7 Road,Near Bus Stand,2 Km,12.825916,77.673711,0,0,0.0,0.0
Bengaluru Dist,Hebbagodi PS,1.04421e+16,2020,1,1,Road Accidents,Narrow road,City/Town,Near a factory industrial area,Not Applicable,Yes,Fatal,Hit pedestrian,Not Applicable,Not Applicable,NH,Surfaced,Dry,Not Applicable,Fine,Nh 7 Road,Near Factory,1 Km,12.824342,77.6841089,0,0,,
Bengaluru Dist,Hebbagodi PS,1.04421e+16,2020,1,1,Road Accidents,Narrow road,City/Town,Open area,Human Error,No,Grievous Injury,Hit pedestrian,Not at  Junction,Straight and flat,NH,Bitumen(Tar),Dry,Not Applicable,Clear,NH-07,Near Huskuru Gate,02 KM,12.835738,77.679525,0,0,0.0,0.0
Bengaluru Dist,Hebbagodi PS,1.04421e+16,2020,1,1,Road Accidents,Narrow road,City/Town,Near Hospital,Not Applicable,Not Applicable,Fatal,Not Applicable,Not Applicable,Others,NH,Not Applicable,Dry,Not Applicable,Fine,Nh 7 Road,Near Hospital,2 Km,12.810427,77.6957149,0,0,0.0,0.0
Bengaluru Dist,Hebbagodi PS,1.04421e+16,2020,1,2,Road Accidents,Road hump or Rumble strips,Rural Areas,Near Petrol Pump,Vehicle Defect,No,Fatal,Vehicle to Vehicle,Not Applicable,Others,NH,Gravel,Dry,Drainage Ditch,Fine,Nh 7 Road,Near Circle,500 mt,12.831343,77.680754,4,0,3.0,7.0
Bengaluru Dist,Hebbagodi PS,1.04421e+16,2020,1,2,Road Accidents,Not Applicable,City/Town,Near School or College,Human Error,No,Grievous Injury,Vehicle to Vehicle,Not at  Junction,Others,NH,Bitumen(Tar),Dry,Not Applicable,Clear,NH-07,Near SFS College,02 KM,12.822881,77.6669089,0,0,0.0,0.0
Bengaluru Dist,Hebbagodi PS,1.04421e+16,2020,1,1,Road Accidents,Narrow road,City/Town,Near Bus stop,Not Applicable,Yes,Fatal,Hit pedestrian,Not Applicable,Not Applicable,NH,Not Applicable,Dry,Not Applicable,Fine,Nh 7 Road,Near Bus Stand,1 Km,12.842872,77.689098,0,0,0.0,0.0
Bengaluru Dist,Hebbagodi PS,1.04421e+16,2020,1,1,Road Accidents,Not Applicable,City/Town,Residential area,Human Error,No,Grievous Injury,Hit pedestrian,Not at  Junction,Others,Residential Street,Bitumen(Tar),Dry,Not Applicable,Clear,Other Road,9 th Cross Anantha Nagara,3 KM,0.0,0.0,0,0,0.0,0.0
Bengaluru Dist,Hebbagodi PS,1.04421e+16,2020,1,1,Road Accidents,Not Applicable,City/Town,Near Bus stop,Human Error,No,Grievous Injury,Hit pedestrian,Not at  Junction,Straight and flat,NH,Bitumen(Tar),Dry,Not Applicable,Clear,NH-07,Near Hebbagodi Bus Stop,500mtr,0.0,0.0,0,0,0.0,0.0
Bengaluru Dist,Hebbagodi PS,1.04421e+16,2020,1,1,Road Accidents,Narrow road,Rural Areas,Open area,Not Applicable,Not Applicable,Fatal,Hit pedestrian,Not Applicable,Not Applicable,NH,Not Applicable,Dry,Not Applicable,Fine,Nh 7 Road,Near Musid,2 Km,12.825839,77.6831679,0,0,0.0,0.0
Bengaluru Dist,Hebbagodi PS,1.04421e+16,2020,1,1,Road Accidents,Not Applicable,City/Town,Near Bus stop,Vehicle Defect,Yes,Fatal,Vehicle to Vehicle,Give way sign,Not Applicable,NH,Bitumen(Tar),Wet,Drainage Ditch,Others,NH 7,ROYAL SHOW ROMM,5 KM,12.814179,77.692945,4,3,0.0,7.0
Bengaluru Dist,Hebbagodi PS,1.04421e+16,2020,1,2,Road Accidents,Narrow road,City/Town,Near Bus stop,Not Applicable,Not Applicable,Fatal,Vehicle to Vehicle,Not Applicable,Straight and flat,NH,Surfaced,Dry,No influence on accident,Fine,Nh 7 Road,Near Temple,1 Km,12.838612,77.677644,0,0,,
Bengaluru Dist,Hebbagodi PS,1.04421e+16,2020,1,1,Road Accidents,Junction,City/Town,Near Bus stop,Not Applicable,Yes,Fatal,Not Applicable,Not Applicable,Others,NH,Bitumen(Tar),Dry,Engineering Defect of Road,Fine,Nh- 7,KITTAGANAHALLI BUS STOP,5 KM,12.808354,77.697478,4,0,0.0,4.0
Bengaluru Dist,Hebbagodi PS,1.04421e+16,2020,1,1,Road Accidents,Not Applicable,City/Town,Open area,Human Error,Yes,Grievous Injury,Hit pedestrian,Not at  Junction,Straight and flat,NH,Bitumen(Tar),Dry,Not Applicable,Clear,NH-07 Road,Near A2B,3 KM,12.807289,77.698234,0,0,0.0,0.0
Bengaluru Dist,Hebbagodi PS,1.04421e+16,2020,1,2,Road Accidents,Junction,City/Town,Near a factory industrial area,Human Error,No,Grievous Injury,Vehicle to Vehicle,Not at  Junction,Straight and flat,Others,Bitumen(Tar),Dry,Not Applicable,Clear,Thirupalya Road,Near SFO Company,03 KM,12.815569,77.66779,0,0,0.0,0.0
Bengaluru Dist,Hebbagodi PS,1.04421e+16,2020,1,1,Road Accidents,Narrow road,City/Town,Near office complex,Human Error,No,Grievous Injury,Hit pedestrian,Not at  Junction,Straight and flat,Others,Bitumen(Tar),Dry,Not Applicable,Clear,Other Road,Near Bommasandra,3 KM,12.815721,77.698247,0,0,0.0,0.0
Bengaluru Dist,Hebbagodi PS,1.04421e+16,2020,1,1,Road Accidents,Narrow road,City/Town,Near Bus stop,Human Error,No,Grievous Injury,Hit pedestrian,Not at  Junction,Straight and flat,NH,Bitumen(Tar),Dry,Not Applicable,Clear,NH-07,Near Bus Stop,500Mtr,12.825422,77.68314,0,0,0.0,0.0
Bengaluru Dist,Hebbagodi PS,1.04421e+16,2020,1,1,Road Accidents,Circle,City/Town,Near Bus stop,Vehicle Defect,Yes,Fatal,Not Applicable,Not Applicable,Others,NH,Bitumen(Tar),Dry,Not Applicable,Others,Nh- 7,HENNAGARA GATE,6KM,12.80662,77.69872,0,0,0.0,0.0
Bengaluru Dist,Hebbagodi PS,1.04421e+16,2020,1,1,Not Applicable,Not Applicable,City/Town,Near Bus stop,Vehicle Defect,Yes,Fatal,Vehicle to Vehicle,Not Applicable,Others,NH,Bitumen(Tar),Dry,Not Applicable,Fine,Bommasandra link road,link road,5 km,12.819999,77.6856109,0,0,0.0,0.0
Bengaluru Dist,Hebbagodi PS,1.04421e+16,2020,1,1,Road Accidents,Not Applicable,Rural Areas,Near Bus stop,Not Applicable,Yes,Fatal,Hit pedestrian,Not Applicable,Not Applicable,NH,Bitumen(Tar),Flooded,Not Applicable,Heavy Rain,HEBBAGODI BUS STOP,HEBBAGODI BUS STOP,200FT,12.82753,77.682264,0,5,0.0,5.0
Bengaluru Dist,Hebbagodi PS,1.04421e+16,2020,1,1,Road Accidents,Curves,City/Town,Near or inside a village,Not Applicable,No,Fatal,Hit bicyclist,Signals (Not working),Curve,Others,Concrete,Dry,Not Applicable,Not Applicable,hulmangal road,petrol bunk,3,12.818802,77.664867,0,0,0.0,0.0
Bengaluru Dist,Hebbagodi PS,1.04421e+16,2020,1,2,Road Accidents,Not Applicable,City/Town,Near Bus stop,Not Applicable,No,Damage Only,Not Applicable,Uncontrolled,Others,NH,Surfaced,Dry,Not Applicable,Clear,NH-7 ROAD,Bata Show Room,1 Km,12.822445,77.690136,0,0,,
Bengaluru Dist,Hebbagodi PS,1.04421e+16,2020,1,1,Road Accidents,Not Applicable,City/Town,Near office complex,Human Error,No,Grievous Injury,Hit pedestrian,Not at  Junction,Not Applicable,NH,Bitumen(Tar),Dry,Not Applicable,Clear,NH-07 Road,Near Adhishwar,01 KM,0.0,0.0,0,0,0.0,0.0
Bengaluru Dist,Hebbagodi PS,1.04421e+16,2020,1,2,Road Accidents,Narrow road,City/Town,Open area,Not Applicable,Not Applicable,Fatal,Vehicle to Vehicle,Not Applicable,Others,NH,Gravel,Dry,Not Applicable,Fine,Nh 7 Road,Near D Mart,1.5 Km,12.821665,77.686098,0,0,3.0,3.0
Bengaluru Dist,Hebbagodi PS,1.04421e+16,2020,1,1,Road Accidents,Not Applicable,City/Town,Residential area,Human Error,No,Grievous Injury,Hit pedestrian,Not at  Junction,Straight and flat,Not Applicable,Bitumen(Tar),Dry,Not Applicable,Clear,Kammasandra Road,Near Vinayakanagara,02 KM,12.835107,77.684428,0,0,0.0,0.0
Bengaluru Dist,Hebbagodi PS,1.04421e+16,2020,1,2,Road Accidents,Not Applicable,City/Town,Near Hospital,Human Error,No,Grievous Injury,Vehicle to Vehicle,Not Applicable,Straight and flat,NH,Bitumen(Tar),Dry,Not Applicable,Clear,NH-07,Near BETPL Parking,3 KM,12.81415,77.6927559,0,0,0.0,0.0
Bengaluru Dist,Hebbagodi PS,1.04421e+16,2020,1,2,Road Accidents,Narrow road,City/Town,Near Bus stop,Not Applicable,No,Fatal,Vehicle to Vehicle,Not Applicable,Straight and flat,NH,Surfaced,Dry,No influence on accident,Fine,Nh 7 Road,Near Bus Stand,03 Km,12.819649,77.6684499,0,0,,
Bengaluru Dist,Hebbagodi PS,1.04421e+16,2020,1,2,Road Accidents,Narrow road,City/Town,Narrow bridge or culverts,Not Applicable,Not Applicable,Fatal,Vehicle to Vehicle,Not Applicable,Others,NH,Surfaced,Dry,Not Applicable,Snow,Nh 7 Road,Fly Over,2 Km,12.830376,77.679865,0,0,,
Bengaluru Dist,Hebbagodi PS,1.04421e+16,2020,1,2,Road Accidents,Not Applicable,City/Town,Open area,Human Error,No,Grievous Injury,Vehicle to Vehicle,Not at  Junction,Straight and flat,NH,Bitumen(Tar),Dry,Not Applicable,Clear,NH-07,Near Bommasandra,02 KM,12.836293,77.690649,0,0,0.0,0.0
Bengaluru Dist,Hebbagodi PS,1.04421e+16,2020,1,1,Road Accidents,Narrow road,City/Town,Residential area,Not Applicable,Not Applicable,Fatal,Hit pedestrian,Uncontrolled,Straight and flat,NH,Bitumen(Tar),Dry,Not Applicable,Fine,other Road,Near Residence,5 Km,12.835026,77.643387,0,0,0.0,0.0
Bengaluru Dist,Hebbagodi PS,1.04421e+16,2020,1,1,Road Accidents,Not Applicable,City/Town,Open area,Human Error,No,Damage Only,Hit pedestrian,Not at  Junction,Straight and flat,NH,Bitumen(Tar),Dry,Not Applicable,Clear,NH-07,Near Anjaneya Temple,500mtr,12.826319,77.682852,0,0,0.0,0.0
Bengaluru Dist,Hebbagodi PS,1.04421e+16,2020,1,1,Road Accidents,Circle,City/Town,Open area,Not Applicable,Yes,Fatal,Not Applicable,Give way sign,Others,NH,Bitumen(Tar),Dry,Drainage Ditch,Others,Nh 7 Road,near company,2 Km,12.808542,77.698664,4,0,0.0,4.0
Bengaluru Dist,Hebbagodi PS,1.04421e+16,2020,1,1,Road Accidents,Narrow road,City/Town,Open area,Human Error,No,Grievous Injury,Hit pedestrian,Not at  Junction,Others,NH,Bitumen(Tar),Dry,Not Applicable,Clear,NH-07,Near Biocon,1 KM,12.829349,77.6817719,0,0,0.0,0.0
Bengaluru Dist,Hebbagodi PS,1.04421e+16,2020,1,1,Road Accidents,Not Applicable,City/Town,Open area,Human Error,Yes,Grievous Injury,Vehicle to Vehicle,Not at  Junction,Straight and flat,NH,Bitumen(Tar),Dry,Not Applicable,Clear,NH-07,Near ZEmpair,3 KM,12.80818,77.697449,0,0,0.0,0.0
Bengaluru Dist,Hebbagodi PS,1.04421e+16,2020,1,1,Road Accidents,Narrow road,City/Town,Near a factory industrial area,Not Applicable,Not Applicable,Fatal,Vehicle to Vehicle,Not Applicable,Not Applicable,NH,Surfaced,Dry,Not Applicable,Fine,Nh 7 Road,Near D Mart,1 Km,12.820523,77.6878519,0,0,,
Bengaluru Dist,Hebbagodi PS,1.04421e+16,2020,1,1,Road Accidents,Narrow road,City/Town,Near a factory industrial area,Not Applicable,Yes,Fatal,Hit pedestrian,Not Applicable,Not Applicable,NH,Not Applicable,Not Applicable,Not Applicable,Fine,Nh 7 Road,Near Factory,2 Km,12.814092,77.693055,0,0,0.0,0.0
Bengaluru Dist,Hebbagodi PS,1.04421e+16,2020,1,2,Road Accidents,Not Applicable,City/Town,Near Bus stop,Human Error,Yes,Simple Injury,Vehicle to Vehicle,Not at  Junction,Not Applicable,NH,Bitumen(Tar),Dry,Not Applicable,Clear,NH-07,Near Bus Stop,500Mtr,12.827475,77.682236,0,0,0.0,0.0
Bengaluru Dist,Hebbagodi PS,1.04421e+16,2020,1,1,Road Accidents,Narrow road,City/Town,Near a factory industrial area,Not Applicable,Not Applicable,Fatal,Hit pedestrian,Not Applicable,Not Applicable,NH,Surfaced,Dry,Not Applicable,Fine,Nh 7 Road,Near Hotel,03 Km,12.807719,77.69816,0,0,,
Bengaluru Dist,Hebbagodi PS,1.04421e+16,2020,1,1,Not Applicable,Narrow road,City/Town,Near a factory industrial area,Not Applicable,Yes,Fatal,Hit pedestrian,Not Applicable,Not Applicable,NH,Surfaced,Dry,Not Applicable,Fine,Nh 7 Road,Near Factory,2 Km,12.807519,77.698257,0,0,,
Bengaluru Dist,Hebbagodi PS,1.04421e+16,2020,1,1,Road Accidents,Not Applicable,Rural Areas,Near a factory industrial area,Not Applicable,No,Fatal,Not Applicable,Not Applicable,Not Applicable,Others,Not Applicable,Flooded,Not Applicable,Fine,bommasandra industrial area,jigani link road,4,12.811827,77.673284,0,5,0.0,5.0
Bengaluru Dist,Hebbagodi PS,1.04421e+16,2020,1,2,Road Accidents,Not Applicable,City/Town,Near a factory industrial area,Human Error,No,Grievous Injury,Vehicle to Vehicle,Not at  Junction,Others,Others,Bitumen(Tar),Dry,Not Applicable,Clear,Bommasandra - Jigani Link Road,Near RNS,02 KM,12.836758,77.673754,0,0,0.0,0.0
Bengaluru Dist,Hebbagodi PS,1.04421e+16,2020,1,1,Road Accidents,Narrow road,City/Town,Near a factory industrial area,Not Applicable,Not Applicable,Fatal,Not Applicable,Not Applicable,Others,Service Road,Bitumen(Tar),Dry,Not Applicable,Fine,Nh 7 Road,Near Factory,2 Km,12.835394,77.674717,0,0,0.0,0.0
Bengaluru Dist,Hebbagodi PS,1.04421e+16,2020,1,1,Road Accidents,Not Applicable,City/Town,At pedestrian Crossing,Human Error,No,Grievous Injury,Hit pedestrian,Not at  Junction,Not Applicable,NH,Bitumen(Tar),Dry,Not Applicable,Clear,NH-07 Road,Near Huskuru Gate,1.5 KM,0.0,0.0,0,0,0.0,0.0
Bengaluru Dist,Hebbagodi PS,1.04421e+16,2020,1,1,Road Accidents,Narrow road,City/Town,Open area,Human Error,Yes,Grievous Injury,Hit pedestrian,Not at  Junction,Straight and flat,NH,Bitumen(Tar),Dry,Not Applicable,Clear,NH-07,Near Hebbagodi Bus Stop,500mtr,12.825253,77.683169,0,0,0.0,0.0
Bengaluru Dist,Hebbagodi PS,1.04421e+16,2020,1,2,Road Accidents,Narrow road,City/Town,Near School or College,Human Error,No,Damage Only,Vehicle to Vehicle,Not at  Junction,Straight and flat,NH,Bitumen(Tar),Dry,Not Applicable,Clear,NH-7 ROAD,Near SFS Institution,1 Km,12.83194,77.680867,0,0,0.0,0.0
Bengaluru Dist,Hebbagodi PS,1.04421e+16,2020,1,2,Road Accidents,Not Applicable,City/Town,Near Bus stop,Human Error,No,Grievous Injury,Vehicle to Vehicle,Not at  Junction,Straight and flat,NH,Bitumen(Tar),Dry,Not Applicable,Clear,NH-07 Road,Near Bus Stop,500Mtr,12.827515,77.682258,0,0,0.0,0.0
Bengaluru Dist,Hebbagodi PS,1.04421e+16,2020,1,1,Road Accidents,Narrow road,City/Town,Residential area,Human Error,Not Applicable,Fatal,Not Applicable,Not Applicable,Not Applicable,Residential Street,Kutcha,Dry,Not Applicable,Others,other Road,Near Residence,2 Km,12.821049,77.651767,0,0,4.0,4.0
Bengaluru Dist,Hebbagodi PS,1.04421e+16,2020,1,1,Road Accidents,Narrow road,City/Town,Open area,Not Applicable,Not Applicable,Fatal,Hit pedestrian,Not Applicable,Not Applicable,NH,Surfaced,Dry,Not Applicable,Fine,Nh 7 Road,Near Bus Stand,0.5 Km,12.827812,77.682126,0,0,,
Bengaluru Dist,Hebbagodi PS,1.04421e+16,2020,1,1,Road Accidents,Narrow road,City/Town,Near Bus stop,Human Error,Yes,Grievous Injury,Hit pedestrian,Not at  Junction,Others,NH,Bitumen(Tar),Dry,Not Applicable,Clear,NH-07,Near Hebbagodi Bus Stop,500mtr,12.825644,77.682916,0,0,0.0,0.0
Bengaluru Dist,Hebbagodi PS,1.04421e+16,2020,1,3,Road Accidents,Junction,City/Town,Near office complex,Human Error,No,Grievous Injury,Vehicle to Vehicle,Uncontrolled,Others,NH,Bitumen(Tar),Dry,Not Applicable,Clear,Ananthanagara Road,Near Shrinivasa WayBridge,02 KM,12.810737,77.694736,0,0,0.0,0.0
Bengaluru Dist,Hebbagodi PS,1.04421e+16,2020,1,1,Road Accidents,Narrow road,City/Town,Open area,Human Error,No,Grievous Injury,Hit pedestrian,Not at  Junction,Straight and flat,NH,Bitumen(Tar),Dry,Not Applicable,Clear,NH-07 Road,Near BETPL Office,02 KM,12.820135,77.687431,0,0,0.0,0.0
Bengaluru Dist,Hebbagodi PS,1.04421e+16,2020,1,2,Road Accidents,Narrow road,City/Town,Near Bus stop,Human Error,No,Damage Only,Vehicle to Vehicle,Not at  Junction,Straight and flat,NH,Bitumen(Tar),Dry,Not Applicable,Clear,NH-07,Near Huskuru Gate,01 KM,12.835891,77.6794359,0,0,0.0,0.0
Bengaluru Dist,Hebbagodi PS,1.04421e+16,2020,1,2,Road Accidents,Junction,City/Town,Near Bus stop,Not Applicable,No,Fatal,Vehicle to Vehicle,Not Applicable,Others,NH,Bitumen(Tar),Dry,Engineering Defect of Road,Fine,Nh- 7,NEAR BUS STOP,5 KM,12.823547,77.684887,4,0,0.0,4.0
Bengaluru Dist,Hebbagodi PS,1.04421e+16,2020,1,1,Road Accidents,Narrow road,Rural Areas,Open area,Human Error,No,Grievous Injury,Hit pedestrian,Not at  Junction,Straight and flat,NH,Bitumen(Tar),Dry,Not Applicable,Clear,NH-07 Road,Near Huskuru Gate,01 KM,0.0,0.0,0,0,0.0,0.0
Bengaluru Dist,Hebbagodi PS,1.04421e+16,2020,1,2,Road Accidents,Narrow road,City/Town,Near a factory industrial area,Human Error,No,Grievous Injury,Vehicle to Vehicle,Not at  Junction,Straight and flat,Others,Bitumen(Tar),Dry,Not Applicable,Clear,Sai Vishram Hotel Road,Near Kanoria Company,02 KM,12.818084,77.671921,0,0,0.0,0.0
Bengaluru Dist,Hebbagodi PS,1.04421e+16,2020,1,3,Road Accidents,Narrow road,City/Town,Near a factory industrial area,Human Error,No,Grievous Injury,Vehicle to Vehicle,Not at  Junction,Straight and flat,Others,Bitumen(Tar),Dry,Not Applicable,Clear,Other Road,Near SFO Company,02 KM,12.824595,77.6836,0,0,0.0,0.0
Bengaluru Dist,Hebbagodi PS,1.04421e+16,2020,1,2,Road Accidents,Narrow road,City/Town,Residential area,Human Error,No,Grievous Injury,Vehicle to Vehicle,Not at  Junction,Straight and flat,Others,Bitumen(Tar),Dry,Not Applicable,Clear,Other Road,Near 9 th Cross,4 KM,12.83554,77.691327,0,0,0.0,0.0
Bengaluru Dist,Hebbagodi PS,1.04421e+16,2020,1,2,Road Accidents,Cross roads,Rural Areas,Near a factory industrial area,Not Applicable,Yes,Fatal,Vehicle to Vehicle,Not Applicable,Not Applicable,Sub Arterial,Bitumen(Tar),Dry,Not Applicable,Clear,JIGANI LINK ROAD,petrol bunk,3,12.806579,77.663336,0,0,0.0,0.0