DISTRICTNAME,UNITNAME,Crime_No,Year,RI,Noofvehicle_involved,Accident_Classification,Accident_Spot,Accident_Location,Accident_SubLocation,Main_Cause,Hit_Run,Severity,Collision_Type,Junction_Control,Road_Character,Road_Type,Surface_Type,Surface_Condition,Road_Condition,Weather,Accident_Road,Landmark_first,Distance_LandMark_First,Latitude,Longitude,Road_Condition_Score,Surface_Condition_Score,Surface_Type_Score,Road_Risk_Index
Bengaluru Dist,Hebbagodi PS,1.04421e+16,2021,1,2,Road Accidents,Not Applicable,City/Town,Residential area,Human Error,No,Grievous Injury,Vehicle to Vehicle,Not at  Junction,Straight and flat,Others,Bitumen(Tar),Dry,Not Applicable,Clear,Ananthanagara Main Road,Near Ananthanagara,03 KM,12.82222,77.669685,0,0,0.0,0.0
Bengaluru Dist,Hebbagodi PS,1.04421e+16,2021,1,2,Road Accidents,Narrow road,City/Town,Near a factory industrial area,Human Error,No,Grievous Injury,Vehicle to Vehicle,Not at  Junction,Straight and flat,Others,Bitumen(Tar),Dry,Not Applicable,Clear,Other Road,Near Sathish Nursing Home,03 KM,12.81828,77.6926319,0,0,0.0,0.0
Bengaluru Dist,Hebbagodi PS,1.04421e+16,2021,1,1,Road Accidents,Narrow road,City/Town,Open area,Human Error,No,Grievous Injury,Not Applicable,Not at  Junction,Straight and flat,NH,Bitumen(Tar),Dry,Not Applicable,Clear,NH-07 Road,Near Kaveramma Temple,1,12.838569,77.6777109,0,0,0.0,0.0
Bengaluru Dist,Hebbagodi PS,1.04421e+16,2021,1,2,Road Accidents,Circle,Rural Areas,Open area,Not Applicable,No,Damage Only,Vehicle to Vehicle,No signal lights,Others,Others,Bitumen(Tar),Dry,Not Applicable,Fine,Thirupalya,Thirupalya,3 km,12.823368,77.668921,0,0,0.0,0.0
Bengaluru Dist,Hebbagodi PS,1.04421e+16,2021,1,2,Road Accidents,Not Applicable,City/Town,Near a factory industrial area,Human Error,No,Simple Injury,Vehicle to Vehicle,Not at  Junction,Straight and flat,Others,Bitumen(Tar),Dry,Not Applicable,Clear,Other Road,Near Sab Engineering,2KM,12.811125,77.693961,0,0,0.0,0.0
Bengaluru Dist,Hebbagodi PS,1.04421e+16,2021,1,2,Road Accidents,Narrow road,City/Town,Near a factory industrial area,Human Error,No,Grievous Injury,Vehicle to Vehicle,Not at  Junction,Others,Others,Bitumen(Tar),Dry,Not Applicable,Clear,Karnataka Bank Road,Near Karnataka Bank,03KM,12.814149,77.683767,0,0,0.0,0.0
Bengaluru Dist,Hebbagodi PS,1.04421e+16,2021,1,1,Road Accidents,Narrow road,City/Town,Near a factory industrial area,Human Error,No,Simple Injury,Vehicle to Vehicle,Not at  Junction,Straight and flat,Others,Bitumen(Tar),Dry,Not Applicable,Clear,Jigani Link Road,Near Taegutec Circle,04 KM,12.807178,77.663573,0,0,0.0,0.0
Bengaluru Dist,Hebbagodi PS,1.04421e+16,2021,1,2,Road Accidents,Cross roads,Rural Areas,Near a factory industrial area,Not Applicable,No,Damage Only,Vehicle to Vehicle,Not at  Junction,Curve,Service Road,Concrete,Dry,Not Applicable,Fine,Nh 7 SERVICE ROAD,NEAR SHETRON FACTORY,2 Km,12.821278,77.686648,0,0,0.0,0.0
Bengaluru Dist,Hebbagodi PS,1.04421e+16,2021,1,2,Road Accidents,Not Applicable,Rural Areas,Near Hospital,Vehicle Defect,No,Simple Injury,Vehicle to Vehicle,Not Applicable,Not Applicable,NH,Bitumen(Tar),Dry,Drainage Ditch,Fine,HEBBAGODI BUS STOP,BUS STOP,500mts,12.826663,77.682735,4,0,0.0,4.0
Bengaluru Dist,Hebbagodi PS,1.04421e+16,2021,1,1,Road Accidents,Narrow road,Rural Areas,Near office complex,Not Applicable,No,Simple Injury,Hit pedestrian,Not Applicable,Others,NH,Bitumen(Tar),Dry,Not Applicable,Fine,Nh 7 Road,HOTEL,3KM,12.824942,77.6838029,0,0,0.0,0.0
Bengaluru Dist,Hebbagodi PS,1.04421e+16,2021,1,2,Road Accidents,Narrow road,City/Town,Open area,Human Error,Yes,Grievous Injury,Vehicle to Vehicle,Not at  Junction,Straight and flat,NH,Bitumen(Tar),Dry,Not Applicable,Clear,NH-07,Bommasandra Fly over,2 KM,12.842865,77.688562,0,0,0.0,0.0
Bengaluru Dist,Hebbagodi PS,1.04421e+16,2021,1,1,Road Accidents,Narrow road,City/Town,Near a factory industrial area,Human Error,No,Grievous Injury,Not Applicable,Not at  Junction,Not Applicable,Others,Bitumen(Tar),Dry,Not Applicable,Clear,Jigani - Bommasandra Link Road,Near Biocon Park,04 km,12.807503,77.663612,0,0,0.0,0.0
Bengaluru Dist,Hebbagodi PS,1.04421e+16,2021,1,2,Road Accidents,Junction,Rural Areas,Near Hospital,Vehicle Defect,No,Grievous Injury,Vehicle to Vehicle,Not Applicable,Others,NH,Bitumen(Tar),Dry,Not Applicable,Fine,NH flyover,near flyover,2 km,12.821222,77.68679,0,0,0.0,0.0
Bengaluru Dist,Hebbagodi PS,1.04421e+16,2021,1,1,Road Accidents,Circle,Rural Areas,Open area,Not Applicable,No,Fatal,Not Applicable,Not Applicable,Others,One way,Concrete,Dry,Drainage Ditch,Others,NEAR MIXER PLANT,NEAR COMPANY,3KM,12.813171,77.688764,4,0,0.0,4.0
Bengaluru Dist,Hebbagodi PS,1.04421e+16,2021,1,2,Road Accidents,Narrow road,Rural Areas,Near office complex,Human Error,No,Grievous Injury,Vehicle to Vehicle,Not at  Junction,Straight and flat,NH,Bitumen(Tar),Dry,Not Applicable,Clear,NH-07,Near Vishnu Residency,03 KM,12.808269,77.697197,0,0,0.0,0.0
Bengaluru Dist,Hebbagodi PS,1.04421e+16,2021,1,2,Road Accidents,Narrow road,Rural Areas,Near Petrol Pump,Not Applicable,Not Applicable,Fatal,Vehicle to Vehicle,Not Applicable,Not Applicable,One way,Bitumen(Tar),Dry,Not Applicable,Cloudy,Nh 7 SERVICE ROAD,Near Petrol Bunk,5 KM,12.816933,77.690912,0,0,0.0,0.0
Bengaluru Dist,Hebbagodi PS,1.04421e+16,2021,1,1,Road Accidents,Narrow road,City/Town,Near Bus stop,Human Error,No,Grievous Injury,Hit pedestrian,Not at  Junction,Straight and flat,NH,Bitumen(Tar),Dry,Not Applicable,Clear,NH-07,Near Kithaganahally Bus Stop,3 KM,12.834163,77.686581,0,0,0.0,0.0
Bengaluru Dist,Hebbagodi PS,1.04421e+16,2021,1,2,Road Accidents,Narrow road,City/Town,Near a factory industrial area,Not Applicable,Yes,Grievous Injury,Vehicle to Vehicle,Not Applicable,Not Applicable,Others,Not Applicable,Dry,Not Applicable,Fine,Bommasandra link road,Near Petrol Bunk,5 KM,12.820339,77.673853,0,0,0.0,0.0
Bengaluru Dist,Hebbagodi PS,1.04421e+16,2021,1,2,Road Accidents,Junction,City/Town,Near a factory industrial area,Human Error,No,Grievous Injury,Vehicle to Vehicle,Police / Manual,Straight and flat,NH,Bitumen(Tar),Dry,Not Applicable,Clear,NH-44,Near Bommasandra Flay Over,2 KM,12.829949,77.668035,0,0,0.0,0.0
Bengaluru Dist,Hebbagodi PS,1.04421e+16,2021,1,2,Road Accidents,Circle,Rural Areas,Near School or College,Vehicle Defect,No,Fatal,Vehicle to Vehicle,No signal lights,Others,NH,Concrete,Dry,Not Applicable,Others,Near SFS college,Near College,500mts,12.829126,77.669551,0,0,0.0,0.0
Bengaluru Dist,Hebbagodi PS,1.04421e+16,2021,1,1,Not Applicable,Narrow road,City/Town,Near Bus stop,Not Applicable,Not Applicable,Fatal,Not Applicable,Not Applicable,Others,Others,Not Applicable,Others,Not Applicable,Fine,Nh 7 Road,Near Petrol Bunk,1.5 Km,12.829809,77.681464,0,1,0.0,1.0
Bengaluru Dist,Hebbagodi PS,1.04421e+16,2021,1,1,Road Accidents,Narrow road,Rural Areas,Near Bus stop,Not Applicable,Not Applicable,Simple Injury,Hit bicyclist,Not Applicable,Not Applicable,NH,Surfaced,Not Applicable,Not Applicable,Fine,Nh 7 Road,Near Subway,0.5 Km,12.827484,77.6822999,0,0,,
Bengaluru Dist,Hebbagodi PS,1.04421e+16,2021,1,1,Road Accidents,Junction,Rural Areas,Residential area,Not Applicable,No,Simple Injury,Not Applicable,Not Applicable,Others,Residential Street,Bitumen(Tar),Not Applicable,Not Applicable,Fine,SINGA ROAD,NEAR SAI BABA TEMPLE,7 KM,12.836792,77.6456199,0,0,0.0,0.0
Bengaluru Dist,Hebbagodi PS,1.04421e+16,2021,1,2,Road Accidents,Not Applicable,Rural Areas,Near office complex,Not Applicable,Yes,Simple Injury,Not Applicable,Not Applicable,Others,NH,Bitumen(Tar),Dry,Not Applicable,Fine,BIOCON COMPANY,NH road,2 KM,12.831239,77.6806859,0,0,0.0,0.0
Bengaluru Dist,Hebbagodi PS,1.04421e+16,2021,1,2,Road Accidents,Not Applicable,City/Town,Near Hospital,Human Error,No,Damage Only,Vehicle to Vehicle,Not at  Junction,Straight and flat,NH,Bitumen(Tar),Dry,Not Applicable,Clear,NH-07,Near NH Hospital,02 KM,12.827077,77.690988,0,0,0.0,0.0
Bengaluru Dist,Hebbagodi PS,1.04421e+16,2021,1,1,Road Accidents,Not Applicable,City/Town,Near a factory industrial area,Human Error,No,Grievous Injury,Hit pedestrian,Not at  Junction,Straight and flat,Others,Bitumen(Tar),Dry,Not Applicable,Clear,NH-07,Near Eriyan Company,02 KM,12.80734,77.663329,0,0,0.0,0.0
Bengaluru Dist,Hebbagodi PS,1.04421e+16,2021,1,1,Road Accidents,Narrow road,City/Town,Near Hospital,Not Applicable,Not Applicable,Fatal,Hit pedestrian,Not Applicable,Others,NH,Surfaced,Not Applicable,Not Applicable,Fine,Nh 7 Road,Near Hospital,1 Km,12.834887,77.67991,0,0,,
Bengaluru Dist,Hebbagodi PS,1.04421e+16,2021,1,2,Road Accidents,Not Applicable,Rural Areas,Near a factory industrial area,Vehicle Defect,No,Grievous Injury,Vehicle to Vehicle,Not Applicable,Others,Service Road,Bitumen(Tar),Dry,Not Applicable,Others,Bommasandra link road,link road,5 KM,12.817357,77.687329,0,0,0.0,0.0
Bengaluru Dist,Hebbagodi PS,1.04421e+16,2021,1,2,Not Applicable,Circle,City/Town,Open area,Vehicle Defect,No,Simple Injury,Vehicle to Vehicle,Not Applicable,Not Applicable,NH,Bitumen(Tar),Dry,Not Applicable,Fine,Nh 7 Road,BOMMASANDRA INDUSTRIAL AREA,2km,12.819006,77.6889299,0,0,0.0,0.0
Bengaluru Dist,Hebbagodi PS,1.04421e+16,2021,1,1,Not Applicable,Cross roads,Rural Areas,Open area,Not Applicable,No,Fatal,Not Applicable,Not Applicable,Others,NH,Bitumen(Tar),Dry,Drainage Ditch,Others,HENNAGARA GATE NH7 ROAD,NEAR BUS STOP,3 KM,12.814801,77.6912869,4,0,0.0,4.0
Bengaluru Dist,Hebbagodi PS,1.04421e+16,2021,1,1,Road Accidents,Offset,City/Town,Open area,Human Error,No,Grievous Injury,Not Applicable,Not at  Junction,Straight and flat,NH,Bitumen(Tar),Dry,Not Applicable,Clear,NH-44,Near Biocon,1 KM,12.831429,77.6809189,0,0,0.0,0.0
Bengaluru Dist,Hebbagodi PS,1.04421e+16,2021,1,2,Road Accidents,Narrow road,Rural Areas,Open area,Human Error,No,Grievous Injury,Vehicle to Vehicle,Not at  Junction,Straight and flat,Others,Bitumen(Tar),Dry,Not Applicable,Clear,Huskuru Road,Near Om Shakthi Temple,06 KM,12.86402,77.705237,0,0,0.0,0.0
Bengaluru Dist,Hebbagodi PS,1.04421e+16,2021,1,2,Road Accidents,Not Applicable,Rural Areas,Near Petrol Pump,Vehicle Defect,No,Fatal,Vehicle to Vehicle,Not Applicable,Others,NH,Bitumen(Tar),Dry,Not Applicable,Fine,Nh 7 Road,hp petrol pump,500 mt,12.830135,77.681325,0,0,0.0,0.0
Bengaluru Dist,Hebbagodi PS,1.04421e+16,2021,1,2,Road Accidents,Circle,Rural Areas,Open area,Vehicle Defect,No,Damage Only,Vehicle to Vehicle,Not Applicable,Others,One way,Bitumen(Tar),Dry,Not Applicable,Clear,Company,tar,2km,12.822074,77.677977,0,0,0.0,0.0
Bengaluru Dist,Hebbagodi PS,1.04421e+16,2021,1,2,Road Accidents,Not Applicable,Rural Areas,Residential area,Vehicle Defect,No,Damage Only,Vehicle to Vehicle,Not Applicable,Not Applicable,NH,Bitumen(Tar),Dry,Drainage Ditch,Fine,Festo Company,NH road,5km,12.812377,77.694521,4,0,0.0,4.0
Bengaluru Dist,Hebbagodi PS,1.04421e+16,2021,1,1,Road Accidents,Not Applicable,Rural Areas,Open area,Vehicle Defect,No,Damage Only,Vehicle to Vehicle,Not Applicable,Others,NH,Bitumen(Tar),Dry,Drainage Ditch,Fine,Smando 3 Apartment,near Apartment,5 km,12.821895,77.659457,4,0,0.0,4.0
Bengaluru Dist,Hebbagodi PS,1.04421e+16,2021,1,2,Road Accidents,Junction,Rural Areas,Near Bus stop,Vehicle Defect,No,Fatal,Vehicle to Vehicle,Not Applicable,Others,NH,Gravel,Dry,Not Applicable,Fine,METRO STOP NH ROAD HEBBAGODI,NEAR BUS STOP,2KM,12.828654,77.681639,0,0,3.0,3.0
Bengaluru Dist,Hebbagodi PS,1.04421e+16,2021,1,2,Road Accidents,Not Applicable,City/Town,Open area,Human Error,No,Damage Only,Vehicle to Vehicle,Not at  Junction,Straight and flat,Others,Bitumen(Tar),Dry,Not Applicable,Clear,Other Road,Huskuru Road,4 KM,12.836245,77.698784,0,0,0.0,0.0
Bengaluru Dist,Hebbagodi PS,1.04421e+16,2021,1,2,Road Accidents,Not Applicable,City/Town,Near a factory industrial area,Human Error,Yes,Damage Only,Vehicle to Vehicle,Not at  Junction,Straight and flat,NH,Bitumen(Tar),Dry,Not Applicable,Clear,NH-07,Near D Mart,2 KM,12.819767,77.669006,0,0,0.0,0.0
Bengaluru Dist,Hebbagodi PS,1.04421e+16,2021,1,2,Road Accidents,Narrow road,City/Town,Near Bus stop,Human Error,No,Grievous Injury,Vehicle to Vehicle,Not at  Junction,Straight and flat,NH,Bitumen(Tar),Dry,Not Applicable,Clear,NH-07,Near Narayana Hrudayalaya,02 KM,12.810392,77.695783,0,0,0.0,0.0
Bengaluru Dist,Hebbagodi PS,1.04421e+16,2021,1,2,Road Accidents,Narrow road,Rural Areas,Near a factory industrial area,Human Error,Yes,Grievous Injury,Vehicle to Vehicle,Not at  Junction,Straight and flat,Others,Bitumen(Tar),Dry,Not Applicable,Clear,Jigani Link Road,Near Dr Pack Company,03 KM,12.815466,77.67173,0,0,0.0,0.0
Bengaluru Dist,Hebbagodi PS,1.04421e+16,2021,1,1,Road Accidents,Not Applicable,Rural Areas,Near Bus stop,Not Applicable,No,Simple Injury,Not Applicable,Not Applicable,Others,NH,Bitumen(Tar),Dry,Drainage Ditch,Fine,BUS STOP,NH road,500 MT,12.826612,77.682233,4,0,0.0,4.0
Bengaluru Dist,Hebbagodi PS,1.04421e+16,2021,1,2,Road Accidents,Not Applicable,City/Town,Residential area,Vehicle Defect,No,Simple Injury,Vehicle to Vehicle,Not Applicable,Not Applicable,NH,Bitumen(Tar),Dry,Not Applicable,Fine,BOMMASANDRA IND AREA,NEAR COMPANY,3KM,12.816544,77.685946,0,0,0.0,0.0
Bengaluru Dist,Hebbagodi PS,1.04421e+16,2021,1,1,Not Applicable,Narrow road,City/Town,Near a factory industrial area,Not Applicable,No,Grievous Injury,Hit pedestrian,Not Applicable,Not Applicable,Not Applicable,Not Applicable,Dry,Drainage Ditch,Fine,JIGANI LINK ROAD CONTINENTAL COMPANY,JIGANI LINK ROAD CONTINENTAL COMPANY,2 KM,12.817246,77.68724,4,0,0.0,4.0
Bengaluru Dist,Hebbagodi PS,1.04421e+16,2021,1,2,Road Accidents,Narrow road,City/Town,Open area,Human Error,Not Applicable,Fatal,Vehicle to Vehicle,Not Applicable,Not Applicable,NH,Not Applicable,Dry,Not Applicable,Fine,Nh 7 Road,Near D Mart,2 Km,12.819593,77.691741,0,0,0.0,0.0
Bengaluru Dist,Hebbagodi PS,1.04421e+16,2021,1,1,Road Accidents,Not Applicable,City/Town,Near a factory industrial area,Not Applicable,Not Applicable,Fatal,Not Applicable,Not Applicable,Incline,Others,Surfaced,Not Applicable,Not Applicable,Fine,factorcy road,Near Factory,03 Km,12.823598,77.6782579,0,0,,
Bengaluru Dist,Hebbagodi PS,1.04421e+16,2021,1,1,Road Accidents,Junction,Rural Areas,Open area,Vehicle Defect,No,Grievous Injury,Not Applicable,Give way sign,Others,Others,Bitumen(Tar),Dry,Engineering Defect of Road,Fine,ind area,NEAR COMPANY,3 km,12.812671,77.680388,4,0,0.0,4.0
Bengaluru Dist,Hebbagodi PS,1.04421e+16,2021,1,2,Road Accidents,Not Applicable,Rural Areas,Near office complex,Vehicle Defect,Yes,Simple Injury,Vehicle to Vehicle,Not Applicable,Others,Mixed,Bitumen(Tar),Dry,Not Applicable,Others,SINGAL ROAD,NEAR SAI BABA TEMPLE,7 KM,12.834202,77.646768,0,0,0.0,0.0
Bengaluru Dist,Hebbagodi PS,1.04421e+16,2021,1,1,Road Accidents,Not Applicable,City/Town,Near Hospital,Human Error,No,Grievous Injury,Hit pedestrian,Not at  Junction,Straight and flat,NH,Bitumen(Tar),Dry,Not Applicable,Clear,NH-07,Near Narayana Hrudayalaya,02 KM,12.82195,77.685776,0,0,0.0,0.0
Bengaluru Dist,Hebbagodi PS,1.04421e+16,2021,1,2,Road Accidents,Not Applicable,City/Town,Near Bus stop,Human Error,No,Grievous Injury,Vehicle to Vehicle,Not at  Junction,Straight and flat,NH,Bitumen(Tar),Dry,Not Applicable,Clear,NH-07,Near Narayana Hrudayalaya Hospital,03 KM,12.82738,77.7031459,0,0,0.0,0.0
Bengaluru Dist,Hebbagodi PS,1.04421e+16,2021,1,1,Road Accidents,Not Applicable,City/Town,Near Petrol Pump,Human Error,Yes,Simple Injury,Hit pedestrian,Not at  Junction,Straight and flat,NH,Bitumen(Tar),Dry,Not Applicable,Clear,NH-44,Near Gas Pump,3,12.813851,77.693613,0,0,0.0,0.0
Bengaluru Dist,Hebbagodi PS,1.04421e+16,2021,1,1,Road Accidents,Narrow road,City/Town,Near Bus stop,Not Applicable,Not Applicable,Fatal,Hit pedestrian,Not Applicable,Others,NH,Metalled,Dry,Not Applicable,Fine,Nh 7 Road,Near Bus Stand,1.5 Km,12.827795,77.682153,0,0,2.0,2.0
Bengaluru Dist,Hebbagodi PS,1.04421e+16,2021,1,1,Not Applicable,Circle,City/Town,Near Bus stop,Vehicle Defect,Not Applicable,Fatal,Vehicle to Vehicle,Not Applicable,Others,NH,Bitumen(Tar),Dry,Drainage Ditch,Fine,ind area,BUS STOP,2KM,12.822659,77.6747589,4,0,0.0,4.0
Bengaluru Dist,Hebbagodi PS,1.04421e+16,2021,1,1,Road Accidents,Narrow road,Rural Areas,Residential area,Not Applicable,Yes,Simple Injury,Hit pedestrian,Not Applicable,Others,Others,Surfaced,Dry,Not Applicable,Fine,other Road,Near Temple,2 Km,12.836411,77.686222,0,0,,
Bengaluru Dist,Hebbagodi PS,1.04421e+16,2021,1,2,Road Accidents,Narrow road,City/Town,In bazaar,Human Error,No,Grievous Injury,Vehicle to Vehicle,Not at  Junction,Straight and flat,Others,Bitumen(Tar),Dry,Not Applicable,Clear,Ananthanagara Road,Near Sangeetha Mobile,03 KM,12.835127,77.6938059,0,0,0.0,0.0
Bengaluru Dist,Hebbagodi PS,1.04421e+16,2021,1,1,Road Accidents,Narrow road,City/Town,Open area,Human Error,Yes,Fatal,Hit pedestrian,Not at  Junction,Not Applicable,NH,Bitumen(Tar),Dry,Not Applicable,Clear,NH-44,Infront of Nalanda Hotel,01 KM,12.826904,77.682592,0,0,0.0,0.0
Bengaluru Dist,Hebbagodi PS,1.04421e+16,2021,1,2,Road Accidents,Narrow road,City/Town,Open area,Human Error,No,Grievous Injury,Vehicle to Vehicle,Not at  Junction,Straight and flat,NH,Bitumen(Tar),Dry,Not Applicable,Clear,NH-07,Near Hebbagodi Metro station,500Mtr,12.829024,77.681514,0,0,0.0,0.0
Bengaluru Dist,Hebbagodi PS,1.04421e+16,2021,1,1,Road Accidents,Junction,City/Town,Near Hospital,Not Applicable,No,Fatal,Not Applicable,Not Applicable,Others,NH,Bitumen(Tar),Dry,Not Applicable,Fine,NH 7 ROAD,TAR ROAD,2KM,12.807948,77.6978699,0,0,0.0,0.0
Bengaluru Dist,Hebbagodi PS,1.04421e+16,2021,1,2,Road Accidents,Not Applicable,City/Town,Near office complex,Vehicle Defect,No,Simple Injury,Vehicle to Vehicle,Not Applicable,Others,NH,Bitumen(Tar),Dry,Not Applicable,Fine,JIGANI LINK ROAD,NEAR COMPANY,3KM,12.817862,77.680232,0,0,0.0,0.0
Bengaluru Dist,Hebbagodi PS,1.04421e+16,2021,1,1,Not Applicable,Narrow road,Rural Areas,Near Bus stop,Not Applicable,No,Damage Only,Vehicle to Vehicle,Not at  Junction,Not Applicable,NH,Concrete,Not Applicable,Not Applicable,Not Applicable,Nh 7 Road,1,0,12.828272,77.6820479,0,0,0.0,0.0
Bengaluru Dist,Hebbagodi PS,1.04421e+16,2021,1,2,Road Accidents,Not Applicable,Rural Areas,Near a factory industrial area,Vehicle Defect,No,Grievous Injury,Vehicle to Vehicle,Not Applicable,Not Applicable,Mixed,Bitumen(Tar),Dry,Not Applicable,Fine,Bommasandra link road,BOMMASANDRA INDUSTRIAL AREA,4,12.815789,77.674127,0,0,0.0,0.0
Bengaluru Dist,Hebbagodi PS,1.04421e+16,2021,1,1,Road Accidents,Not Applicable,City/Town,Near Hospital,Human Error,Yes,Grievous Injury,Hit pedestrian,Not at  Junction,Others,NH,Bitumen(Tar),Dry,Not Applicable,Clear,NH-44,Near NH Hospital,2 KM,12.817041,77.68976,0,0,0.0,0.0
Bengaluru Dist,Hebbagodi PS,1.04421e+16,2021,1,2,Road Accidents,Narrow road,City/Town,Near a factory industrial area,Human Error,No,Grievous Injury,Vehicle to Vehicle,Not at  Junction,Straight and flat,Others,Bitumen(Tar),Dry,Not Applicable,Clear,Karnataka Bank Road,Near Aravid Goodwill,02 KM,12.814338,77.68395,0,0,0.0,0.0
Bengaluru Dist,Hebbagodi PS,1.04421e+16,2021,1,1,Road Accidents,Curves,City/Town,Near Bus stop,Not Applicable,Yes,Grievous Injury,Not Applicable,Not Applicable,Others,NH,Bitumen(Tar),Dry,Not Applicable,Fine,Nalanda hotel,Hebbagodi,1 km,12.824924,77.683806,0,0,0.0,0.0
Bengaluru Dist,Hebbagodi PS,1.04421e+16,2021,1,2,Not Applicable,Junction,City/Town,Open area,Vehicle Defect,No,Damage Only,Vehicle to Vehicle,Not Applicable,Others,NH,Bitumen(Tar),Dry,Not Applicable,Fine,NH 48N ROAD,NEAR BIOCON COMPANY,2 KM,12.831157,77.680828,0,0,0.0,0.0
Bengaluru Dist,Hebbagodi PS,1.04421e+16,2021,1,2,Road Accidents,Not Applicable,City/Town,Open area,Human Error,No,Damage Only,Vehicle to Vehicle,Not at  Junction,Straight and flat,NH,Bitumen(Tar),Dry,Not Applicable,Clear,NH-07 Road,Near Biocon,1 KM,12.810313,77.6604619,0,0,0.0,0.0
Bengaluru Dist,Hebbagodi PS,1.04421e+16,2021,1,1,Road Accidents,Cross roads,City/Town,Near Hospital,Not Applicable,No,Fatal,Not Applicable,Signals (Not working),Others,NH,Bitumen(Tar),Dry,Construction Work / Material,Fine,near bus staop,BUS STOP,500mts,12.830116,77.681415,2,0,0.0,2.0
Bengaluru Dist,Hebbagodi PS,1.04421e+16,2021,1,2,Road Accidents,Junction,Rural Areas,Near Bus stop,Vehicle Defect,No,Fatal,Vehicle to Vehicle,Not Applicable,Others,NH,Bitumen(Tar),Dry,Not Applicable,Fine,NH,A2B HOTEL,3KM,12.80749,77.6980379,0,0,0.0,0.0
Bengaluru Dist,Hebbagodi PS,1.04421e+16,2021,1,2,Other Railway Accidents,Not Applicable,Rural Areas,Near School or College,Not Applicable,No,Grievous Injury,Vehicle to Vehicle,Not at  Junction,Others,NH,Bitumen(Tar),Dry,Drainage Ditch,Fine,school,NH road,5 km,12.846854,77.703501,4,0,0.0,4.0
Bengaluru Dist,Hebbagodi PS,1.04421e+16,2021,1,1,Road Accidents,Not Applicable,City/Town,Near Bus stop,Not Applicable,No,Fatal,Not Applicable,Give way sign,Others,NH,Bitumen(Tar),Dry,Not Applicable,Fine,NEAR BANGALAPETE,NEAR BUS STOP,500MTS,12.82544,77.683414,0,0,0.0,0.0
Bengaluru Dist,Hebbagodi PS,1.04421e+16,2021,1,1,Road Accidents,Not Applicable,Rural Areas,Open area,Human Error,No,Fatal,Not Applicable,Not Applicable,Others,NH,Bitumen(Tar),Dry,Drainage Ditch,Fine,NEAR BOMMASANDRA BUS STOP,BUS STOP,2KM,12.819386,77.688708,4,0,0.0,4.0
Bengaluru Dist,Hebbagodi PS,1.04421e+16,2021,1,1,Road Accidents,Narrow road,City/Town,Residential area,Human Error,Yes,Grievous Injury,Hit pedestrian,Not at  Junction,Straight and flat,Others,Bitumen(Tar),Dry,Not Applicable,Clear,Other Road,Nea Shanumahathma Temple,04 KM,12.820315,77.669023,0,0,0.0,0.0
Bengaluru Dist,Hebbagodi PS,1.04421e+16,2021,1,1,Road Accidents,Narrow road,City/Town,Near Bus stop,Not Applicable,No,Grievous Injury,Hit pedestrian,Not Applicable,Others,NH,Surfaced,Dry,Not Applicable,Fine,NH 7 road,Near bus stop,500 mt,12.825464,77.68312,0,0,,
Bengaluru Dist,Hebbagodi PS,1.04421e+16,2021,1,1,Road Accidents,Junction,Rural Areas,Residential area,Vehicle Defect,No,Simple Injury,Not Applicable,Not Applicable,Others,NH,Bitumen(Tar),Dry,Not Applicable,Others,BIOCON PARK,NEAR COMPANY,500mts,12.830994,77.680794,0,0,0.0,0.0
Bengaluru Dist,Hebbagodi PS,1.04421e+16,2022,1,1,Road Accidents,Circle,City/Town,Residential area,Vehicle Defect,Yes,Grievous Injury,Hit animal,Not Applicable,Others,Others,Bitumen(Tar),Dry,Not Applicable,Fine,Bommasandra link road,4km,4km,12.817817,77.676908,0,0,0.0,0.0
Bengaluru Dist,Hebbagodi PS,1.04421e+16,2022,1,1,Road Accidents,Junction,Rural Areas,Near Bus stop,Not Applicable,No,Grievous Injury,Not Applicable,Not Applicable,Not Applicable,NH,Bitumen(Tar),Dry,Not Applicable,Fine,company,5kmn,5km,12.818936,77.683847,0,0,0.0,0.0
Bengaluru Dist,Hebbagodi PS,1.04421e+16,2022,1,2,Road Accidents,Circle,Rural Areas,Residential area,Vehicle Defect,No,Grievous Injury,Vehicle to Vehicle,Not Applicable,Not Applicable,NH,Bitumen(Tar),Dry,Not Applicable,Others,Bommasandra circle,1km,1km,12.818854,77.689121,0,0,0.0,0.0
Bengaluru Dist,Hebbagodi PS,1.04421e+16,2022,1,1,Not Applicable,Not Applicable,Rural Areas,Residential area,Vehicle Defect,No,Damage Only,Vehicle to Vehicle,Not Applicable,Others,NH,Bitumen(Tar),Wet,Not Applicable,Fine,Bengalore Hosur,NH Hospital,3km,0.0,0.0,0,3,0.0,3.0
Bengaluru Dist,Hebbagodi PS,1.04421e+16,2022,1,1,Road Accidents,Not Applicable,City/Town,Open area,Not Applicable,No,Damage Only,Not Applicable,Not Applicable,Others,One way,Bitumen(Tar),Dry,Drainage Ditch,Fine,Hulimangala,Near Village,5 km,12.81856,77.698092,4,0,0.0,4.0
Bengaluru Dist,Hebbagodi PS,1.04421e+16,2022,1,2,Not Applicable,Circle,City/Town,Residential area,Vehicle Defect,No,Grievous Injury,Vehicle to Vehicle,Not Applicable,Not Applicable,Others,Bitumen(Tar),Dry,Not Applicable,Fine,huskur village,huskur village,7km,12.849868,77.693377,0,0,0.0,0.0
Bengaluru Dist,Hebbagodi PS,1.04421e+16,2022,1,2,Road Accidents,Not Applicable,Rural Areas,Open area,Vehicle Defect,No,Grievous Injury,Vehicle to Vehicle,Not Applicable,Not Applicable,NH,Bitumen(Tar),Dry,Drainage Ditch,Others,Near SFS College,College,1km,12.832298,77.680783,4,0,0.0,4.0
Bengaluru Dist,Hebbagodi PS,1.04421e+16,2022,1,2,Road Accidents,Not Applicable,Rural Areas,Near Hospital,Vehicle Defect,No,Grievous Injury,Vehicle to Vehicle,Not Applicable,Not Applicable,Others,Bitumen(Tar),Dry,Not Applicable,Fine,Bommasandra ind road,2km,2km,12.816066,77.659435,0,0,0.0,0.0