DISTRICTNAME,UNITNAME,Crime_No,Year,RI,Noofvehicle_involved,Accident_Classification,Accident_Spot,Accident_Location,Accident_SubLocation,Main_Cause,Hit_Run,Severity,Collision_Type,Junction_Control,Road_Character,Road_Type,Surface_Type,Surface_Condition,Road_Condition,Weather,Accident_Road,Landmark_first,Distance_LandMark_First,Latitude,Longitude,Road_Condition_Score,Surface_Condition_Score,Surface_Type_Score,Road_Risk_Index
Bengaluru Dist,Hebbagodi PS,1.04421e+16,2022,1,2,Road Accidents,Offset,Rural Areas,Residential area,Vehicle Defect,Yes,Grievous Injury,Vehicle to Vehicle,Controlled,Others,Residential Street,Bitumen(Tar),Dry,Not Applicable,Fine,Bommasandra industrial area,BOMMASANDRA INDUSTRIAL AREA,3km,12.816955,77.687132,0,0,0.0,0.0
Bengaluru Dist,Hebbagodi PS,1.04421e+16,2022,1,2,Road Accidents,Not Applicable,Rural Areas,Open area,Vehicle Defect,No,Grievous Injury,Vehicle to Vehicle,Not Applicable,Others,NH,Bitumen(Tar),Dry,Not Applicable,Fine,Sai baba road,5km,5km,12.837835,77.645331,0,0,0.0,0.0
Bengaluru Dist,Hebbagodi PS,1.04421e+16,2022,1,2,Not Applicable,Curves,City/Town,Near or inside a village,Not Applicable,No,Simple Injury,Vehicle to Vehicle,Not Applicable,Not Applicable,Others,Bitumen(Tar),Dry,Drainage Ditch,Fine,CHINTALA MADIWAL VILLAGE NEAR VISHAL MIXCER COMPANY,CHINTALA MADIWAL VILLAGE NEAR VISHAL MIXCER COMPANY,8 KM,12.832178,77.700421,4,0,0.0,4.0
Bengaluru Dist,Hebbagodi PS,1.04421e+16,2022,1,1,Road Accidents,Not Applicable,Rural Areas,Near Bus stop,Human Error,Yes,Grievous Injury,Hit pedestrian,Not Applicable,Not Applicable,Others,Not Applicable,Dry,Not Applicable,Fine,HOSUR BANGALORE NH-44 HUSKUR GATE,HUSKUR GATE,2KM,12.827259,77.675893,0,0,0.0,0.0
Bengaluru Dist,Hebbagodi PS,1.04421e+16,2022,1,2,Road Accidents,Not Applicable,Rural Areas,Open area,Vehicle Defect,No,Fatal,Vehicle to Vehicle,Not Applicable,Others,NH,Bitumen(Tar),Dry,Not Applicable,Fine,sfs college,2km,2km,12.83232,77.680743,0,0,0.0,0.0
Bengaluru Dist,Hebbagodi PS,1.04421e+16,2022,1,2,Road Accidents,Circle,Rural Areas,Near Bus stop,Vehicle Defect,Yes,Grievous Injury,Vehicle to Vehicle,Give way sign,Not Applicable,NH,Bitumen(Tar),Dry,Not Applicable,Fine,TEMPLE,HULIMANGALA,6KM,12.829903,77.664106,0,0,0.0,0.0
Bengaluru Dist,Hebbagodi PS,1.04421e+16,2022,1,2,Road Accidents,Not Applicable,Rural Areas,Open area,Vehicle Defect,No,Damage Only,Vehicle to Vehicle,Not Applicable,Not Applicable,NH,Bitumen(Tar),Dry,Not Applicable,Fine,SKF company,Near SKF company,2 km,12.815499,77.680938,0,0,0.0,0.0
Bengaluru Dist,Hebbagodi PS,1.04421e+16,2022,1,2,Road Accidents,Not Applicable,Rural Areas,Open area,Vehicle Defect,No,Fatal,Vehicle to Vehicle,Not Applicable,Others,NH,Bitumen(Tar),Dry,Not Applicable,Fine,Bommasandra fly over,1,1,12.821682,77.686593,0,0,0.0,0.0
Bengaluru Dist,Hebbagodi PS,1.04421e+16,2022,1,1,Road Accidents,Not Applicable,City/Town,Near Petrol Pump,Vehicle Defect,Yes,Grievous Injury,Not Applicable,Not at  Junction,Not Applicable,NH,Bitumen(Tar),Dry,Not Applicable,Fine,kamasandra cross,5km,5km,0.0,0.0,0,0,0.0,0.0
Bengaluru Dist,Hebbagodi PS,1.04421e+16,2022,1,2,Road Accidents,Not Applicable,City/Town,Near a factory industrial area,Not Applicable,Yes,Fatal,Vehicle to Vehicle,Not at  Junction,Not Applicable,Others,Bitumen(Tar),Dry,Not Applicable,Fine,"Bommasandra-jigani link road, Anekal taluk",Bangalore electrical work,1 km,12.812167,77.662833,0,0,0.0,0.0
Bengaluru Dist,Hebbagodi PS,1.04421e+16,2022,1,2,Road Accidents,Not Applicable,Rural Areas,Near or inside a village,Human Error,No,Grievous Injury,Vehicle to Vehicle,Not Applicable,Not Applicable,Minor District Road,Bitumen(Tar),Dry,Not Applicable,Not Applicable,HULIMANGALA ROAD,0,6 KM,0.0,0.0,0,0,0.0,0.0
Bengaluru Dist,Hebbagodi PS,1.04421e+16,2022,1,1,Road Accidents,Circle,Rural Areas,Open area,Vehicle Defect,No,Grievous Injury,Not Applicable,Not Applicable,Others,Residential Street,Not Applicable,Dry,Not Applicable,Fine,jagajeevana ramnagar,jagajeevana ramangar,5km,12.826938,77.651479,0,0,0.0,0.0
Bengaluru Dist,Hebbagodi PS,1.04421e+16,2022,1,2,Road Accidents,Not Applicable,Rural Areas,Residential area,Vehicle Defect,Yes,Fatal,Vehicle to Vehicle,Not Applicable,Others,NH,Bitumen(Tar),Dry,Not Applicable,Fine,Sharmila Company,BOMMASANDRA INDUSTRIAL AREA,2km,12.814319,77.679588,0,0,0.0,0.0
Bengaluru Dist,Hebbagodi PS,1.04421e+16,2022,1,1,Road Accidents,Not Applicable,Rural Areas,Near Bus stop,Vehicle Defect,Not Applicable,Fatal,Not Applicable,Not Applicable,Others,NH,Bitumen(Tar),Dry,Not Applicable,Fine,RP 551 METRO PILLAR,1KM,1KM,12.820093,77.687749,0,0,0.0,0.0
Bengaluru Dist,Hebbagodi PS,1.04421e+16,2022,1,1,Not Applicable,Not Applicable,Rural Areas,Open area,Vehicle Defect,No,Fatal,Not Applicable,Not Applicable,Others,Others,Not Applicable,Dry,Not Applicable,Fine,shikariapalya lake,5km,5km,12.832382,77.653416,0,0,0.0,0.0
Bengaluru Dist,Hebbagodi PS,1.04421e+16,2022,1,2,Road Accidents,Not Applicable,Rural Areas,Near Bus stop,Vehicle Defect,No,Fatal,Vehicle to Vehicle,Not Applicable,Others,NH,Bitumen(Tar),Dry,Not Applicable,Fine,JIGANI BOMMASANDRA LINK ROAD,NEAR HOTEL,4KM,12.824322,77.687389,0,0,0.0,0.0
Bengaluru Dist,Hebbagodi PS,1.04421e+16,2022,1,2,Not Applicable,Narrow road,City/Town,Near a factory industrial area,Not Applicable,No,Grievous Injury,Vehicle to Vehicle,Not Applicable,Not Applicable,Service Road,Bitumen(Tar),Dry,Drainage Ditch,Fine,NEAR BOMMASANDRA INDUSTRIAL AREA ALUMINIUM COMPANY,NEAR BOMMASANDRA INDUSTRIAL AREA ALUMINIUM COMPANY,5KM,12.826778,77.67732,4,0,0.0,4.0
Bengaluru Dist,Hebbagodi PS,1.04421e+16,2022,1,4,Road Accidents,Not Applicable,Rural Areas,Near Hospital,Vehicle Defect,No,Simple Injury,Vehicle to Vehicle,Not Applicable,Others,NH,Bitumen(Tar),Dry,Not Applicable,Fine,near s r hospital,5km,5km,12.815527,77.691264,0,0,0.0,0.0
Bengaluru Dist,Hebbagodi PS,1.04421e+16,2022,1,2,Road Accidents,Road hump or Rumble strips,City/Town,Open area,Vehicle Defect,No,Damage Only,Vehicle to Vehicle,Not at  Junction,Others,NH,Bitumen(Tar),Dry,Not Applicable,Fine,royal enfiel shoroom,3km,3km,0.0,0.0,0,0,0.0,0.0
Bengaluru Dist,Hebbagodi PS,1.04421e+16,2022,1,2,Road Accidents,Not Applicable,Rural Areas,Open area,Vehicle Defect,Yes,Grievous Injury,Vehicle to Vehicle,Not Applicable,Not Applicable,NH,Bitumen(Tar),Dry,Not Applicable,Fine,Near Biocon,2km,2km,0.0,0.0,0,0,0.0,0.0
Bengaluru Dist,Hebbagodi PS,1.04421e+16,2022,1,1,Not Applicable,Junction,Rural Areas,Near Bus stop,Vehicle Defect,Yes,Fatal,Not Applicable,Not Applicable,Others,NH,Bitumen(Tar),Dry,Not Applicable,Fine,HOSPITAL,ANANTH NAGAR COROSS,1 KM,12.837362,77.649859,0,0,0.0,0.0
Bengaluru Dist,Hebbagodi PS,1.04421e+16,2022,1,2,Road Accidents,Not Applicable,Rural Areas,Near or inside a village,Human Error,No,Simple Injury,Vehicle to Vehicle,Not Applicable,Others,Others,Not Applicable,Dry,Not Applicable,Fine,INFRONT OF FRUIT MARKET HUSKUR ROAD,NEAR FRUIT MARKET,6KM,12.841509,77.690562,0,0,0.0,0.0
Bengaluru Dist,Hebbagodi PS,1.04421e+16,2022,1,2,Road Accidents,Not Applicable,Rural Areas,Residential area,Vehicle Defect,No,Grievous Injury,Vehicle to Vehicle,Not Applicable,Others,Residential Street,Bitumen(Tar),Dry,Not Applicable,Others,GOLLAHALLI VILLAGE,GOLLAHALLI VILLAGE,3,12.829304,77.668977,0,0,0.0,0.0
Bengaluru Dist,Hebbagodi PS,1.04421e+16,2022,1,1,Road Accidents,Not Applicable,Rural Areas,Near a factory industrial area,Vehicle Defect,Yes,Grievous Injury,Hit pedestrian,Not at  Junction,Not Applicable,Two way,Bitumen(Tar),Dry,Not Applicable,Fine,stright & flat,0,2 km,0.0,0.0,0,0,0.0,0.0
Bengaluru Dist,Hebbagodi PS,1.04421e+16,2022,1,2,Not Applicable,Not Applicable,Rural Areas,Near Hospital,Vehicle Defect,No,Grievous Injury,Vehicle to Vehicle,Not Applicable,Others,NH,Bitumen(Tar),Dry,Not Applicable,Fine,huskur lake road,huskur lake,7km,12.854391,77.698362,0,0,0.0,0.0
Bengaluru Dist,Hebbagodi PS,1.04421e+16,2022,1,1,Not Applicable,Not Applicable,Rural Areas,Open area,Vehicle Defect,No,Grievous Injury,Not Applicable,Not Applicable,Not Applicable,NH,Bitumen(Tar),Dry,Not Applicable,Fine,Bengalore Hosur,1KM,1KM,0.0,0.0,0,0,0.0,0.0
Bengaluru Dist,Hebbagodi PS,1.04421e+16,2022,1,1,Road Accidents,Narrow road,Rural Areas,Open area,Vehicle Defect,No,Grievous Injury,Hit pedestrian,No signal lights,Others,NH,Bitumen(Tar),Dry,Not Applicable,Fine,Nh 7 Road,NH road,3km,12.832682,77.654587,0,0,0.0,0.0
Bengaluru Dist,Hebbagodi PS,1.04421e+16,2022,1,3,Road Accidents,Narrow road,Rural Areas,Near Hospital,Vehicle Defect,No,Grievous Injury,Vehicle to Vehicle,No signal lights,Others,NH,Bitumen(Tar),Dry,Not Applicable,Fine,SHASTRA HOSPITAL,HOSPITAL,2 KM,12.818829,77.66792,0,0,0.0,0.0
Bengaluru Dist,Hebbagodi PS,1.04421e+16,2022,1,2,Road Accidents,Narrow road,Rural Areas,Near Bus stop,Human Error,Not Applicable,Fatal,Vehicle to Vehicle,Not Applicable,Others,NH,Bitumen(Tar),Dry,Not Applicable,Fine,Anantha Nagar Main Road,Near school,1km,12.822942,77.667142,0,0,0.0,0.0
Bengaluru Dist,Hebbagodi PS,1.04421e+16,2022,1,2,Not Applicable,Narrow road,City/Town,Near Petrol Pump,Not Applicable,No,Grievous Injury,Hit bicyclist,Not Applicable,Not Applicable,Service Road,Bitumen(Tar),Dry,Drainage Ditch,Fine,BANG-HOSUR NH-44 SERVICE ROAD NEAR TOTAL LPG GAS  BOMMASANDRA,SERVICE ROAD NEAR TOTAL LPG GAS  BOMMASANDRA,3KM,12.821124,77.658707,4,0,0.0,4.0
Bengaluru Dist,Hebbagodi PS,1.04421e+16,2022,1,1,Not Applicable,Circle,Rural Areas,Near Hospital,Vehicle Defect,No,Fatal,Vehicle to Vehicle,Give way sign,Others,NH,Bitumen(Tar),Dry,Not Applicable,Fine,Hospital,HOSPITAL,2km,12.835761,77.679082,0,0,0.0,0.0
Bengaluru Dist,Hebbagodi PS,1.04421e+16,2022,1,2,Road Accidents,Circle,Rural Areas,Residential area,Vehicle Defect,No,Fatal,Vehicle to Vehicle,No signal lights,Others,Others,Bitumen(Tar),Dry,Not Applicable,Others,NEAR HOTEL,2,3KM,12.824406,77.667139,0,0,0.0,0.0
Bengaluru Dist,Hebbagodi PS,1.04421e+16,2022,1,2,Road Accidents,Narrow road,Rural Areas,Near Bus stop,Human Error,No,Grievous Injury,Hit bicyclist,Not Applicable,Not Applicable,Service Road,Not Applicable,Dry,Not Applicable,Fine,HEBBAGODI BUS STOP,HEBBAGODI BUS STOP,900MTR,12.827351,77.682374,0,0,0.0,0.0
Bengaluru Dist,Hebbagodi PS,1.04421e+16,2022,1,2,Road Accidents,Narrow road,Rural Areas,Near office complex,Human Error,Not Applicable,Simple Injury,Vehicle to Vehicle,Controlled,Others,NH,Bitumen(Tar),Dry,No influence on accident,Fine,Near Gardenia Comfort D mart,D mart,1km,12.827803,77.67207,0,0,0.0,0.0
Bengaluru Dist,Hebbagodi PS,1.04421e+16,2022,1,1,Road Accidents,Circle,City/Town,Near Hospital,Road Environment Defect,Not Applicable,Fatal,Not Applicable,Not Applicable,Not Applicable,NH,Bitumen(Tar),Dry,Not Applicable,Fine,Bangalore hosur nh 44 road,NH road,2 km,12.828122,77.682139,0,0,0.0,0.0
Bengaluru Dist,Hebbagodi PS,1.04421e+16,2022,1,1,Road Accidents,Circle,Rural Areas,Residential area,Vehicle Defect,No,Fatal,Not Applicable,Not Applicable,Not Applicable,NH,Bitumen(Tar),Dry,Not Applicable,Others,near Biocon park,5km,5km,12.807619,77.663221,0,0,0.0,0.0
Bengaluru Dist,Hebbagodi PS,1.04421e+16,2022,1,2,Road Accidents,Narrow road,Rural Areas,In bazaar,Human Error,Yes,Simple Injury,Not Applicable,Controlled,Not Applicable,NH,Bitumen(Tar),Dry,No influence on accident,Fine,Bommasandra fly over,BOMMASANDRA FLY OVER,2KM,12.845839,77.703802,0,0,0.0,0.0
Bengaluru Dist,Hebbagodi PS,1.04421e+16,2022,1,2,Road Accidents,Narrow road,Rural Areas,Near Hospital,Human Error,Yes,Simple Injury,Vehicle to Vehicle,Controlled,Not Applicable,NH,Bitumen(Tar),Dry,Not Applicable,Fine,Near KFC,KFC,1,12.822077,77.653561,0,0,0.0,0.0
Bengaluru Dist,Hebbagodi PS,1.04421e+16,2022,1,2,Road Accidents,Circle,City/Town,Near Bus stop,Vehicle Defect,Yes,Grievous Injury,Vehicle to Vehicle,Give way sign,Not Applicable,NH,Bitumen(Tar),Dry,Drainage Ditch,Clear,Near Bus stop,Royal Shoroom,3km,12.814155,77.693279,4,0,0.0,4.0
Bengaluru Dist,Hebbagodi PS,1.04421e+16,2022,1,1,Road Accidents,Not Applicable,Rural Areas,Residential area,Vehicle Defect,No,Fatal,Not Applicable,Not Applicable,Others,Residential Street,Bitumen(Tar),Dry,Not Applicable,Fine,Near SFO company,SFO company,5km,12.815502,77.6679009,0,0,0.0,0.0
Bengaluru Dist,Hebbagodi PS,1.04421e+16,2022,1,2,Road Accidents,Not Applicable,Rural Areas,Open area,Vehicle Defect,No,Grievous Injury,Vehicle to Vehicle,Not Applicable,Not Applicable,NH,Bitumen(Tar),Dry,Not Applicable,Fine,Near lake,500,1,12.838289,77.674508,0,0,0.0,0.0
Bengaluru Dist,Hebbagodi PS,1.04421e+16,2022,1,1,Road Accidents,Not Applicable,Rural Areas,Near Bus stop,Vehicle Defect,Yes,Fatal,Not Applicable,Not Applicable,Others,NH,Bitumen(Tar),Dry,Not Applicable,Fine,nalanada hotel,1km,1,12.824941,77.683873,0,0,0.0,0.0
Bengaluru Dist,Hebbagodi PS,1.04421e+16,2022,1,1,Not Applicable,Not Applicable,Rural Areas,Open area,Vehicle Defect,No,Fatal,Not Applicable,Not Applicable,Not Applicable,Others,Bitumen(Tar),Dry,Not Applicable,Fine,hulimangala road,5km,5km,0.0,0.0,0,0,0.0,0.0
Bengaluru Dist,Hebbagodi PS,1.04421e+16,2022,1,2,Road Accidents,Narrow road,Rural Areas,Near a religious place,Human Error,Yes,Grievous Injury,Vehicle to Vehicle,Not at  Junction,Not Applicable,Others,Not Applicable,Dry,Not Applicable,Fine,NEAR SAI BABA TEMPLE HULIMANGALA ROAD JIGANI HOBLI,NEAR SAI BABA TEMPLE HULIMANGALA ROAD JIGANI HOBLI,8KM,12.83768,77.64529,0,0,0.0,0.0
Bengaluru Dist,Hebbagodi PS,1.04421e+16,2022,1,2,Road Accidents,Circle,Rural Areas,Residential area,Vehicle Defect,Yes,Grievous Injury,Vehicle to Vehicle,Not at  Junction,Others,NH,Bitumen(Tar),Dry,Drainage Ditch,Fine,company,3km,3km,12.81783,77.678922,4,0,0.0,4.0
Bengaluru Dist,Hebbagodi PS,1.04421e+16,2022,1,2,Road Accidents,Not Applicable,Rural Areas,Near Hospital,Vehicle Defect,Yes,Damage Only,Vehicle to Vehicle,Not Applicable,Not Applicable,NH,Bitumen(Tar),Dry,Not Applicable,Fine,Bommasandra,3km,1KM,0.0,0.0,0,0,0.0,0.0
Bengaluru Dist,Hebbagodi PS,1.04421e+16,2022,1,1,Road Accidents,Not Applicable,Rural Areas,Near Hospital,Vehicle Defect,Yes,Grievous Injury,Not Applicable,Not Applicable,Not Applicable,NH,Bitumen(Tar),Dry,Not Applicable,Fine,Bengalore Hosur,2km,2km,12.834301,77.6802039,0,0,0.0,0.0
Bengaluru Dist,Hebbagodi PS,1.04421e+16,2022,1,2,Road Accidents,Not Applicable,Rural Areas,Residential area,Vehicle Defect,Not Applicable,Grievous Injury,Vehicle to Vehicle,Not Applicable,Not Applicable,NH,Bitumen(Tar),Dry,Not Applicable,Fine,Bommasandra jigani link road,1km,2km,12.810144,77.664095,0,0,0.0,0.0
Bengaluru Dist,Hebbagodi PS,1.04421e+16,2022,1,2,Not Applicable,Not Applicable,Rural Areas,Open area,Vehicle Defect,No,Grievous Injury,Vehicle to Vehicle,Not Applicable,Others,NH,Bitumen(Tar),Dry,Not Applicable,Fine,Hebbagodi Mileniyam hotel,1KM,1KM,12.826011,77.682591,0,0,0.0,0.0
Bengaluru Dist,Hebbagodi PS,1.04421e+16,2022,1,1,Road Accidents,Not Applicable,Rural Areas,Near a factory industrial area,Vehicle Defect,Yes,Grievous Injury,Vehicle to Vehicle,Not Applicable,Straight and flat,Others,Not Applicable,Dry,Not Applicable,Clear,BANGALORE HOSUR N H 44 SERVICE ROAD NEAR SKF FACTORY,N H 44 SERVICE ROAD,1/2 KM,12.825923,77.682671,0,0,0.0,0.0
Bengaluru Dist,Hebbagodi PS,1.04421e+16,2022,1,2,Not Applicable,Circle,Rural Areas,Residential area,Vehicle Defect,No,Fatal,Vehicle to Vehicle,Not Applicable,Not Applicable,NH,Bitumen(Tar),Dry,Not Applicable,Fine,COMPANY,ICP COMPANY,2,12.821308,77.681214,0,0,0.0,0.0
Bengaluru Dist,Hebbagodi PS,1.04421e+16,2022,1,1,Road Accidents,Circle,Rural Areas,Residential area,Vehicle Defect,Yes,Grievous Injury,Not Applicable,Give way sign,Others,Residential Street,Bitumen(Tar),Dry,Drainage Ditch,Fine,Ananth nagar,ANANTH NAGAR,3km,12.835267,77.682143,4,0,0.0,4.0
Bengaluru Dist,Hebbagodi PS,1.04421e+16,2022,1,1,Road Accidents,Not Applicable,Rural Areas,Near Bus stop,Vehicle Defect,Not Applicable,Grievous Injury,Not Applicable,Not Applicable,Others,Others,Bitumen(Tar),Dry,Drainage Ditch,Fine,Bus stop,Bommasandra bus stop,3km,12.818427,77.6898179,4,0,0.0,4.0
Bengaluru Dist,Hebbagodi PS,1.04421e+16,2022,1,2,Not Applicable,Narrow road,Rural Areas,Open area,Human Error,No,Not Applicable,Vehicle to Vehicle,Not Applicable,Not Applicable,Not Applicable,Not Applicable,Dry,Not Applicable,Fine,BOMMASANDRA FLYOVER,BOMMASANDRA FLYOVER,3KM,12.819005,77.689078,0,0,0.0,0.0
Bengaluru Dist,Hebbagodi PS,1.04421e+16,2022,1,1,Road Accidents,Circle,Rural Areas,Near a factory industrial area,Vehicle Defect,Not Applicable,Not Applicable,Hit pedestrian,Not Applicable,Not Applicable,Not Applicable,Bitumen(Tar),Dry,Not Applicable,Not Applicable,TECOTECK CIRCLE,TECOTEC CIRCLE,5 KM,12.810919,77.664615,0,0,0.0,0.0
Bengaluru Dist,Hebbagodi PS,1.04421e+16,2022,1,2,Road Accidents,Not Applicable,Rural Areas,Near Petrol Pump,Vehicle Defect,No,Grievous Injury,Vehicle to Vehicle,Not Applicable,Others,NH,Bitumen(Tar),Dry,Not Applicable,Fine,HUSKUR ROAD,0,5km,0.0,0.0,0,0,0.0,0.0
Bengaluru Dist,Hebbagodi PS,1.04421e+16,2022,1,1,Not Applicable,Narrow road,City/Town,Near Bus stop,Not Applicable,No,Grievous Injury,Hit pedestrian,Not at  Junction,Not Applicable,NH,Bitumen(Tar),Dry,Drainage Ditch,Fine,NEAR HEBBAGODI BUS STOP,NEAR HEBBAGODI BUS STOP,1KM,12.809644,77.697104,4,0,0.0,4.0
Bengaluru Dist,Hebbagodi PS,1.04421e+16,2022,1,2,Road Accidents,Not Applicable,Rural Areas,Near Hospital,Vehicle Defect,Yes,Fatal,Vehicle to Vehicle,Give way sign,Others,NH,Bitumen(Tar),Dry,Drainage Ditch,Fine,shakar kichan,NH road,3km,12.817104,77.690805,4,0,0.0,4.0
Bengaluru Dist,Hebbagodi PS,1.04421e+16,2022,1,2,Road Accidents,Narrow road,Rural Areas,Near a factory industrial area,Not Applicable,No,Damage Only,Not Applicable,Uncontrolled,Not Applicable,Others,Bitumen(Tar),Not Applicable,Construction Work / Material,Others,RNS MOTORS NH-44 MAIN ROAD JIGANI LINK ROAD BOMMASANDRA,NEAR RNS MOTOR JIGANI LINK ROAD,4KM,12.817946,77.676959,2,0,0.0,2.0
Bengaluru Dist,Hebbagodi PS,1.04421e+16,2022,1,1,Road Accidents,Not Applicable,City/Town,Open area,Not Applicable,No,Fatal,Not Applicable,Not Applicable,Not Applicable,Others,Concrete,Dry,Not Applicable,Fine,kammasandra,0,1,12.827924,77.688282,0,0,0.0,0.0
Bengaluru Dist,Hebbagodi PS,1.04421e+16,2022,1,2,Not Applicable,Narrow road,City/Town,Near Petrol Pump,Not Applicable,No,Grievous Injury,Vehicle to Vehicle,Not at  Junction,Not Applicable,Service Road,Bitumen(Tar),Dry,Drainage Ditch,Fine,SERVIVR  ROAD NEAR TOTAL LPG GAS BOMMASANDRA,SERVIVR  ROAD NEAR TOTAL LPG GAS BOMMASANDRA,3KM,12.825255,77.670303,4,0,0.0,4.0
Bengaluru Dist,Hebbagodi PS,1.04421e+16,2022,1,1,Road Accidents,Not Applicable,Rural Areas,Open area,Vehicle Defect,No,Grievous Injury,Not Applicable,Not Applicable,Others,NH,Bitumen(Tar),Dry,Not Applicable,Fine,company,NH road,337/22,12.819178,77.688892,0,0,0.0,0.0
Bengaluru Dist,Hebbagodi PS,1.04421e+16,2022,1,1,Road Accidents,Not Applicable,Rural Areas,Residential area,Vehicle Defect,No,Fatal,Not Applicable,Give way sign,Others,Residential Street,Bitumen(Tar),Dry,Not Applicable,Fine,Biocon park,Biocon park,5km,12.80883,77.65975,0,0,0.0,0.0
Bengaluru Dist,Hebbagodi PS,1.04421e+16,2022,1,2,Road Accidents,Not Applicable,City/Town,Near Petrol Pump,Not Applicable,Not Applicable,Fatal,Vehicle to Vehicle,Not Applicable,Not Applicable,Service Road,Bitumen(Tar),Dry,Not Applicable,Fine,nh seevice,petol pump bunk,1,12.818979,77.689556,0,0,0.0,0.0
Bengaluru Dist,Hebbagodi PS,1.04421e+16,2022,1,2,Road Accidents,Not Applicable,Rural Areas,Open area,Vehicle Defect,No,Grievous Injury,Vehicle to Vehicle,Not Applicable,Others,NH,Bitumen(Tar),Dry,Not Applicable,Fine,Near SFS college,1km,1km,12.833938,77.6799269,0,0,0.0,0.0
Bengaluru Dist,Hebbagodi PS,1.04421e+16,2023,1,2,Road Accidents,Not Applicable,Rural Areas,Near a factory industrial area,Vehicle Defect,No,Simple Injury,Vehicle to Vehicle,Not Applicable,Straight and flat,Two way,Bitumen(Tar),Not Applicable,Not Applicable,Not Applicable,stright & flat,0,2 KM,0.0,0.0,0,0,0.0,0.0
Bengaluru Dist,Hebbagodi PS,1.04421e+16,2023,1,2,Road Accidents,Narrow road,Rural Areas,Near Bus stop,Not Applicable,No,Simple Injury,Vehicle to Vehicle,Not Applicable,Straight and flat,NH,Bitumen(Tar),Dry,Not Applicable,Fine,BANGALORE HOSUR N H 44 MAIN ROAD NEAR BOMMASANDRA FLYOVER,N H 44 MAIN ROAD,2 KM,12.814742,77.69266,0,0,0.0,0.0
Bengaluru Dist,Hebbagodi PS,1.04421e+16,2023,1,1,Road Accidents,Not Applicable,Rural Areas,Near Bus stop,Vehicle Defect,No,Fatal,Not Applicable,Not Applicable,Not Applicable,NH,Bitumen(Tar),Dry,Not Applicable,Fine,NH,Hebbagodi,2km,12.830528,77.680716,0,0,0.0,0.0
Bengaluru Dist,Hebbagodi PS,1.04421e+16,2023,1,2,Road Accidents,Not Applicable,Rural Areas,Near Bus stop,Not Applicable,No,Grievous Injury,Vehicle to Vehicle,Controlled,Straight and flat,NH,Bitumen(Tar),Not Applicable,Not Applicable,Clear,BANGALORE HOSUR N H 44 MAIN ROAD,0,5 KM,12.810661,77.691273,0,0,0.0,0.0
Bengaluru Dist,Hebbagodi PS,1.04421e+16,2023,1,2,Road Accidents,Narrow road,City/Town,Open area,Human Error,Yes,Grievous Injury,Vehicle to Vehicle,Uncontrolled,Straight and flat,NH,Bitumen(Tar),Dry,No influence on accident,Fine,NH,SKF COMPANY ROAD,1KM,12.833829,77.680264,0,0,0.0,0.0
Bengaluru Dist,Hebbagodi PS,1.04421e+16,2023,1,2,Road Accidents,Narrow road,Rural Areas,Near Bus stop,Not Applicable,No,Grievous Injury,Not Applicable,Not Applicable,Not Applicable,NH,Bitumen(Tar),Dry,Not Applicable,Clear,NH,0,2 KM,12.823067,77.685468,0,0,0.0,0.0
Bengaluru Dist,Hebbagodi PS,1.04421e+16,2023,1,2,Road Accidents,Not Applicable,Rural Areas,Near Hospital,Not Applicable,No,Fatal,Not Applicable,Uncontrolled,Straight and flat,NH,Bitumen(Tar),Not Applicable,Not Applicable,Clear,HOSUR BANGALORE N H 44 MAIN ROAD,N H 44 MAIN ROAD,2 KM,12.834488,77.679622,0,0,0.0,0.0
Bengaluru Dist,Hebbagodi PS,1.04421e+16,2023,1,1,Road Accidents,Not Applicable,Rural Areas,At pedestrian Crossing,Not Applicable,No,Grievous Injury,Hit pedestrian,Uncontrolled,Not Applicable,NH,Bitumen(Tar),Not Applicable,Not Applicable,Fine,HOSUR BANGALOREN H 44 MAIN ROAD,0,1 KM,12.817367,77.6890109,0,0,0.0,0.0
Bengaluru Dist,Hebbagodi PS,1.04421e+16,2023,1,2,Road Accidents,Narrow road,Rural Areas,Near a factory industrial area,Not Applicable,Yes,Grievous Injury,Vehicle to Vehicle,Controlled,Straight and flat,Minor District Road,Bitumen(Tar),Dry,No influence on accident,Fine,BOMMASANDRA JIGANI LINK ROAD,BOMMASANDRA INDUSTRIAL,3 KM,12.814233,77.668878,0,0,0.0,0.0
Bengaluru Dist,Hebbagodi PS,1.04421e+16,2023,1,1,Road Accidents,Narrow road,Rural Areas,Near Petrol Pump,Not Applicable,No,Fatal,Hit bicyclist,Uncontrolled,Dip or trough,NH,Bitumen(Tar),Dry,Not Applicable,Clear,NH 44,0,2 KM,12.081539,77.692491,0,0,0.0,0.0
Bengaluru Dist,Hebbagodi PS,1.04421e+16,2023,1,2,Road Accidents,Narrow road,Rural Areas,In bazaar,Not Applicable,Yes,Grievous Injury,Hit bicyclist,Not at  Junction,Not Applicable,NH,Bitumen(Tar),Dry,Not Applicable,Fine,BANGALORE HOSUR N H 44 SERVICE ROAD NEAR BOMMASANDRA D MART,N H 44 SERVICE ROAD,2 KM,12.827039,77.678369,0,0,0.0,0.0
Bengaluru Dist,Hebbagodi PS,1.04421e+16,2023,1,2,Road Accidents,Narrow road,Rural Areas,In bazaar,Not Applicable,Yes,Grievous Injury,Vehicle to Vehicle,Uncontrolled,Straight and flat,Two way,Bitumen(Tar),Dry,Not Applicable,Fine,BOMMASANDRA,0,2 KM,0.0,0.0,0,0,0.0,0.0
Bengaluru Dist,Hebbagodi PS,1.04421e+16,2023,1,2,Road Accidents,Not Applicable,Rural Areas,Near office complex,Not Applicable,No,Grievous Injury,Vehicle to Vehicle,Controlled,Straight and flat,Service Road,Bitumen(Tar),Not Applicable,Not Applicable,Fine,BANGALORE HOSUR N H 44 SERVICE ROAD,N H 44 SERVICE ROAD,2 KM,12.814368,77.693668,0,0,0.0,0.0
Bengaluru Dist,Hebbagodi PS,1.04421e+16,2023,1,2,Road Accidents,Not Applicable,Rural Areas,Near a factory industrial area,Not Applicable,Yes,Fatal,Vehicle to Vehicle,Not Applicable,Straight and flat,Others,Bitumen(Tar),Dry,Not Applicable,Clear,JIGANI LINK ROAD BOMMASANDRA,BOMMASANDRA,4KM,12.818255,77.684416,0,0,0.0,0.0
Bengaluru Dist,Hebbagodi PS,1.04421e+16,2023,1,2,Road Accidents,Not Applicable,Rural Areas,Near a factory industrial area,Not Applicable,No,Grievous Injury,Not Applicable,Not Applicable,Straight and flat,NH,Surfaced,Dry,Not Applicable,Clear,BANGALORE HOSUR NH 44,BOMMASANDRA,2KM,12.813941,77.693271,0,0,,