DISTRICTNAME,UNITNAME,Crime_No,Year,RI,Noofvehicle_involved,Accident_Classification,Accident_Spot,Accident_Location,Accident_SubLocation,Main_Cause,Hit_Run,Severity,Collision_Type,Junction_Control,Road_Character,Road_Type,Surface_Type,Surface_Condition,Road_Condition,Weather,Accident_Road,Landmark_first,Distance_LandMark_First,Latitude,Longitude,Road_Condition_Score,Surface_Condition_Score,Surface_Type_Score,Road_Risk_Index
Bengaluru Dist,Hebbagodi PS,1.04421e+16,2023,1,2,Road Accidents,Narrow road,Rural Areas,Near Bus stop,Human Error,No,Simple Injury,Vehicle to Vehicle,Controlled,Straight and flat,NH,Surfaced,Dry,Not Applicable,Clear,NATIONAL HIGHWAY,SHANKAR KICHAN,2KM,12.807854,77.698112,0,0,,
Bengaluru Dist,Hebbagodi PS,1.04421e+16,2023,1,2,Road Accidents,Junction,Rural Areas,Near a factory industrial area,Vehicle Defect,No,Grievous Injury,Vehicle to Vehicle,Not Applicable,Straight and flat,Others,Bitumen(Tar),Dry,No influence on accident,Clear,TECOTECK CIRCLE,TECOTEC CIRCLE,5 KM,12.815758,77.652995,0,0,0.0,0.0
Bengaluru Dist,Hebbagodi PS,1.04421e+16,2023,1,2,Road Accidents,Narrow road,Rural Areas,In bazaar,Not Applicable,No,Fatal,Vehicle to Vehicle,Not Applicable,Straight and flat,Two way,Bitumen(Tar),Dry,Not Applicable,Fine,SHIKARIPALYA MARAGONDANAHALLI ROAD,0,5 KM,12.827611,77.655015,0,0,0.0,0.0
Bengaluru Dist,Hebbagodi PS,1.04421e+16,2023,1,2,Road Accidents,Not Applicable,Rural Areas,Near a factory industrial area,Not Applicable,No,Grievous Injury,Vehicle to Vehicle,Uncontrolled,Straight and flat,Others,Bitumen(Tar),Dry,Not Applicable,Clear,BOMMASANDA INDUSTRIL AREA,BOMMASANDRA INDUSTRIAL,3 KM,12.81788,77.679501,0,0,0.0,0.0
Bengaluru Dist,Hebbagodi PS,1.04421e+16,2023,1,2,Not Applicable,Not Applicable,Rural Areas,Near Petrol Pump,Not Applicable,No,Grievous Injury,Vehicle to Vehicle,Not at  Junction,Straight and flat,Service Road,Not Applicable,Muddy,Not Applicable,Fine,priyadarshini petrol bunk parking place,0,2 KM,12.81679,77.689833,0,4,0.0,4.0
Bengaluru Dist,Hebbagodi PS,1.04421e+16,2023,1,2,Road Accidents,Narrow road,Rural Areas,Near a factory industrial area,Not Applicable,No,Grievous Injury,Vehicle to Vehicle,Uncontrolled,Not Applicable,Two way,Bitumen(Tar),Dry,Not Applicable,Clear,GOLLAHALLI ROAD,0,4 K M,12.832289,77.660793,0,0,0.0,0.0
Bengaluru Dist,Hebbagodi PS,1.04421e+16,2023,1,2,Road Accidents,Offset,Rural Areas,Open area,Vehicle Defect,No,Fatal,Vehicle to Vehicle,Not Applicable,Not Applicable,NH,Bitumen(Tar),Dry,Not Applicable,Fine,bommasandra lake,3km,3km,12.809469,77.668921,0,0,0.0,0.0
Bengaluru Dist,Hebbagodi PS,1.04421e+16,2023,1,2,Road Accidents,Not Applicable,Rural Areas,Near a factory industrial area,Not Applicable,No,Simple Injury,Vehicle to Vehicle,Not Applicable,Straight and flat,NH,Bitumen(Tar),Dry,No influence on accident,Clear,HOSUR BANGALORE N H 44 SERVICE ROAD,N H 44 MAIN ROAD,1/2 KM,12.815615,77.678248,0,0,0.0,0.0
Bengaluru Dist,Hebbagodi PS,1.04421e+16,2023,1,2,Road Accidents,Narrow road,City/Town,Open area,Human Error,No,Grievous Injury,Vehicle to Vehicle,Uncontrolled,Straight and flat,NH,Bitumen(Tar),Dry,No influence on accident,Fine,TOWN ROAD,BIOCAN PARK & SHOBHA,3KM,0.0,0.0,0,0,0.0,0.0
Bengaluru Dist,Hebbagodi PS,1.04421e+16,2023,1,2,Road Accidents,Narrow road,City/Town,Open area,Human Error,No,Grievous Injury,Vehicle to Vehicle,Not Applicable,Straight and flat,NH,Bitumen(Tar),Dry,No influence on accident,Fine,NH,BOMMASANDRA,2KM,12.814694,77.691842,0,0,0.0,0.0
Bengaluru Dist,Hebbagodi PS,1.04421e+16,2023,1,1,Road Accidents,Not Applicable,Rural Areas,At pedestrian Crossing,Not Applicable,No,Not Applicable,Hit pedestrian,Uncontrolled,Not Applicable,Minor District Road,Not Applicable,Dry,Not Applicable,Not Applicable,BOMMASANDRA INDUSTRIAL AREA,0,5 KM,12.807283,77.663516,0,0,0.0,0.0
Bengaluru Dist,Hebbagodi PS,1.04421e+16,2023,1,3,Road Accidents,Not Applicable,Rural Areas,Near a factory industrial area,Not Applicable,No,Fatal,Vehicle to Vehicle,Not Applicable,Straight and flat,Not Applicable,Bitumen(Tar),Dry,Not Applicable,Clear,INDUSTRIAL AREA,BOMMASANDRA INDUSTRIAL AREA,3KM,12.813562,77.687437,0,0,0.0,0.0
Bengaluru Dist,Hebbagodi PS,1.04421e+16,2023,1,2,Road Accidents,Circle,Rural Areas,Near or inside a village,Vehicle Defect,No,Fatal,Vehicle to Vehicle,Not Applicable,Not Applicable,Others,Not Applicable,Others,Not Applicable,Fine,Village road,Viillag road,7km,12.868553,77.702402,0,1,0.0,1.0
Bengaluru Dist,Hebbagodi PS,1.04421e+16,2023,1,2,Road Accidents,Not Applicable,Rural Areas,Open area,Vehicle Defect,No,Fatal,Vehicle to Vehicle,Not Applicable,Others,NH,Bitumen(Tar),Dry,Not Applicable,Fine,NH 44 Road,NH 44 Road,5km,12.812632,77.6940289,0,0,0.0,0.0
Bengaluru Dist,Hebbagodi PS,1.04421e+16,2023,1,2,Road Accidents,Circle,Rural Areas,Near Bus stop,Not Applicable,Yes,Grievous Injury,Vehicle to Vehicle,Uncontrolled,Others,Major District Road,Bitumen(Tar),Not Applicable,Not Applicable,Fine,BOMMASANDRA CIRCLE,BOMMASANDRA CIRCLE,2 KM,12.818869,77.689106,0,0,0.0,0.0
Bengaluru Dist,Hebbagodi PS,1.04421e+16,2023,1,2,Road Accidents,Not Applicable,Rural Areas,Near a factory industrial area,Not Applicable,No,Grievous Injury,Vehicle to Vehicle,Uncontrolled,Not Applicable,Minor District Road,Bitumen(Tar),Others,No influence on accident,Fine,BOMMASANDA INDUSTRIL AREA,0,2 KM,12.815325,77.6714159,0,1,0.0,1.0
Bengaluru Dist,Hebbagodi PS,1.04421e+16,2023,1,2,Road Accidents,Not Applicable,Rural Areas,Near Petrol Pump,Not Applicable,No,Grievous Injury,Vehicle to Vehicle,Not Applicable,Straight and flat,NH,Not Applicable,Not Applicable,Not Applicable,Clear,BOMMASANDRA INDUSTRIAL AREA,BOMMASANDRA,2KM,0.0,0.0,0,0,0.0,0.0
Bengaluru Dist,Hebbagodi PS,1.04421e+16,2023,1,1,Road Accidents,Narrow road,Rural Areas,Near a factory industrial area,Not Applicable,No,Grievous Injury,Hit pedestrian,Uncontrolled,Not Applicable,NH,Bitumen(Tar),Dry,Not Applicable,Clear,NH 44,0,500 MT,12.872872,77.66674,0,0,0.0,0.0
Bengaluru Dist,Hebbagodi PS,1.04421e+16,2023,1,1,Road Accidents,Road hump or Rumble strips,Rural Areas,Near a factory industrial area,Human Error,No,Fatal,Not Applicable,Controlled,Curve,Others,Surfaced,Dry,Not Applicable,Cloudy,MRT COMPANY ROAD,INFRONT OF RAJLAKSHMI KICHAN EQUPMENT PVT LTD,2KM,12.822605,77.675817,0,0,,
Bengaluru Dist,Hebbagodi PS,1.04421e+16,2023,1,1,Not Applicable,Not Applicable,Rural Areas,Open area,Vehicle Defect,No,Grievous Injury,Not Applicable,Not Applicable,Others,NH,Bitumen(Tar),Dry,Not Applicable,Fine,Shikaripalya road,5km,5km,12.876902,77.693999,0,0,0.0,0.0
Bengaluru Dist,Hebbagodi PS,1.04421e+16,2023,1,2,Road Accidents,Narrow road,Rural Areas,Near or inside a village,Not Applicable,Yes,Grievous Injury,Vehicle to Vehicle,Not Applicable,Straight and flat,Two way,Bitumen(Tar),Dry,Not Applicable,Fine,stright & flat,SAMPIGENAGARA HEELALIGE ROAD,5 KM,0.0,0.0,0,0,0.0,0.0
Bengaluru Dist,Hebbagodi PS,1.04421e+16,2023,1,2,Road Accidents,Narrow road,Rural Areas,Near office complex,Not Applicable,Yes,Grievous Injury,Vehicle to Vehicle,Uncontrolled,Straight and flat,Service Road,Bitumen(Tar),Dry,Not Applicable,Fine,SERVICE ROAD,N H 44 SERVICE ROAD,2 KM,0.0,0.0,0,0,0.0,0.0
Bengaluru Dist,Hebbagodi PS,1.04421e+16,2023,1,2,Road Accidents,Not Applicable,Rural Areas,Near Hospital,Not Applicable,No,Fatal,Vehicle to Vehicle,Not Applicable,Straight and flat,NH,Bitumen(Tar),Dry,Not Applicable,Clear,BANGALORE HOSUR N H 44 MAIN ROAD,N H 44 MAIN ROAD,2 KM,0.0,0.0,0,0,0.0,0.0
Bengaluru Dist,Hebbagodi PS,1.04421e+16,2023,1,2,Road Accidents,Not Applicable,Rural Areas,Near a factory industrial area,Not Applicable,No,Fatal,Vehicle to Vehicle,Not Applicable,Straight and flat,Two way,Bitumen(Tar),Dry,Not Applicable,Clear,BOMMASANDRA INDUSTRIAL AREA,BOMMASANDRA,3KM,12.816259,77.68271,0,0,0.0,0.0
Bengaluru Dist,Hebbagodi PS,1.04421e+16,2023,1,1,Road Accidents,Not Applicable,Rural Areas,Near Hospital,Not Applicable,No,Grievous Injury,Hit pedestrian,Not Applicable,Straight and flat,NH,Concrete,Dry,Not Applicable,Clear,NH HOSPITAL,BOMMASANDRA,2KM,12.808624,77.701629,0,0,0.0,0.0
Bengaluru Dist,Hebbagodi PS,1.04421e+16,2023,1,1,Road Accidents,Not Applicable,Rural Areas,Near a factory industrial area,Not Applicable,No,Fatal,Not Applicable,Not Applicable,Straight and flat,NH,Concrete,Dry,Not Applicable,Clear,NH44 BANGALORE HOSUR,BOMMASANDRA,3KM,12.815917,77.691557,0,0,0.0,0.0
Bengaluru Dist,Hebbagodi PS,1.04421e+16,2023,1,2,Not Applicable,Not Applicable,Rural Areas,Residential area,Vehicle Defect,No,Grievous Injury,Vehicle to Vehicle,Not Applicable,Others,Others,Bitumen(Tar),Dry,Not Applicable,Fine,Bengalore Hosur,3km,3km,12.832943,77.655308,0,0,0.0,0.0
Bengaluru Dist,Hebbagodi PS,1.04421e+16,2023,1,1,Road Accidents,Not Applicable,Rural Areas,Near a factory industrial area,Not Applicable,No,Grievous Injury,Hit pedestrian,Not Applicable,Straight and flat,Minor District Road,Bitumen(Tar),Dry,Not Applicable,Not Applicable,BOMMASANDA INDUSTRIL AREA,0,2 KM,12.810004,77.69634,0,0,0.0,0.0
Bengaluru Dist,Hebbagodi PS,1.04421e+16,2023,1,2,Road Accidents,Not Applicable,Rural Areas,Near Hospital,Not Applicable,Yes,Fatal,Vehicle to Vehicle,Not Applicable,Others,Service Road,Bitumen(Tar),Dry,Not Applicable,Fine,HOSUR BANGALORE N H 44 SERVICE ROAD,N H 44 SERVICE ROAD,1 KM,12.81321,77.693263,0,0,0.0,0.0
Bengaluru Dist,Hebbagodi PS,1.04421e+16,2023,1,1,Road Accidents,Not Applicable,Rural Areas,Narrow bridge or culverts,Not Applicable,Yes,Grievous Injury,Hit bicyclist,Uncontrolled,Straight and flat,Two way,Bitumen(Tar),Not Applicable,Not Applicable,Cloudy,HOSUR BANGALORE N H 44 SERVICE ROAD,N H 44 SERVICE ROAD,200 M,0.0,0.0,0,0,0.0,0.0
Bengaluru Dist,Hebbagodi PS,1.04421e+16,2023,1,2,Road Accidents,Narrow road,Rural Areas,Near a factory industrial area,Not Applicable,No,Damage Only,Vehicle to Vehicle,Uncontrolled,Not Applicable,NH,Bitumen(Tar),Not Applicable,Not Applicable,Clear,NH,N H 44 MAIN ROAD,2 KM,12.82829,77.681819,0,0,0.0,0.0
Bengaluru Dist,Hebbagodi PS,1.04421e+16,2023,1,1,Road Accidents,Not Applicable,City/Town,Open area,Vehicle Defect,No,Fatal,Not Applicable,Not Applicable,Others,Others,Bitumen(Tar),Dry,Not Applicable,Others,Bommasandra road,500,2km,0.0,0.0,0,0,0.0,0.0
Bengaluru Dist,Hebbagodi PS,1.04421e+16,2023,1,2,Road Accidents,Not Applicable,Rural Areas,Near a factory industrial area,Not Applicable,No,Not Applicable,Not Applicable,Not Applicable,Straight and flat,Sub Arterial,Concrete,Dry,Not Applicable,Clear,bommasandra jigani link road,bommasandra,5km,12.799075,77.661247,0,0,0.0,0.0
Bengaluru Dist,Hebbagodi PS,1.04421e+16,2023,1,1,Road Accidents,Narrow road,Rural Areas,Near a factory industrial area,Not Applicable,No,Grievous Injury,Hit pedestrian,Not Applicable,Straight and flat,Two way,Bitumen(Tar),Dry,Not Applicable,Fine,BOMMASANDRA INDUSTRIAL AREA,0,3 KM,12.821241,77.673921,0,0,0.0,0.0
Bengaluru Dist,Hebbagodi PS,1.04421e+16,2023,1,2,Road Accidents,Not Applicable,Rural Areas,At pedestrian Crossing,Vehicle Defect,No,Damage Only,Vehicle to Vehicle,Not Applicable,Straight and flat,NH,Concrete,Dry,Not Applicable,Clear,NH ROAD,KAMMASANDRA,1KM,12.833342,77.6803879,0,0,0.0,0.0
Bengaluru Dist,Hebbagodi PS,1.04421e+16,2023,1,2,Road Accidents,Not Applicable,Rural Areas,Near a factory industrial area,Not Applicable,No,Simple Injury,Vehicle to Vehicle,Not Applicable,Straight and flat,NH,Bitumen(Tar),Dry,Not Applicable,Not Applicable,HOSUR BANGALORE N H 44 SERVICE ROAD,N H 44 MAIN ROAD,1 KM,12.837552,77.648245,0,0,0.0,0.0
Bengaluru Dist,Hebbagodi PS,1.04421e+16,2023,1,2,Not Applicable,Not Applicable,Rural Areas,Open area,Vehicle Defect,No,Fatal,Vehicle to Vehicle,Not Applicable,Not Applicable,NH,Bitumen(Tar),Dry,Not Applicable,Fine,Bommasandra industrial area,1KM,5km,0.0,0.0,0,0,0.0,0.0
Bengaluru Dist,Hebbagodi PS,1.04421e+16,2023,1,1,Road Accidents,Not Applicable,Rural Areas,Near School or College,Not Applicable,No,Fatal,Hit pedestrian,Not at  Junction,Straight and flat,NH,Bitumen(Tar),Dry,Not Applicable,Clear,BANGALORE HOSUR N H 44 MAIN ROAD NEAR HUSKUR GATE INFRONT OF THE SFS SCHOOL SKYWALK,N H 44 MAIN ROAD,4KM,12.83372,77.680298,0,0,0.0,0.0
Bengaluru Dist,Hebbagodi PS,1.04421e+16,2023,1,2,Road Accidents,Not Applicable,Rural Areas,Near a factory industrial area,Vehicle Defect,Yes,Fatal,Vehicle to Vehicle,Not Applicable,Others,Residential Street,Bitumen(Tar),Dry,Not Applicable,Fine,Jigani Link road,5km,5km,12.813248,77.682735,0,0,0.0,0.0
Bengaluru Dist,Hebbagodi PS,1.04421e+16,2023,1,2,Road Accidents,Circle,Rural Areas,Near a factory industrial area,Not Applicable,No,Fatal,Vehicle to Vehicle,Uncontrolled,Others,NH,Bitumen(Tar),Dry,Not Applicable,Others,HEBBAGODI SHETRON CIRCLE,N H 44 SERVICE ROAD,1.5 KM,12.820844,77.6846469,0,0,0.0,0.0
Bengaluru Dist,Hebbagodi PS,1.04421e+16,2023,1,2,Road Accidents,Not Applicable,Rural Areas,Near Bus stop,Not Applicable,No,Fatal,Vehicle to Vehicle,Not Applicable,Straight and flat,NH,Concrete,Dry,Not Applicable,Clear,BANGALORE HOSUR NH44,ANANTHNAGAR CROSS,2KM,12.83524,77.67972,0,0,0.0,0.0
Bengaluru Dist,Hebbagodi PS,1.04421e+16,2023,1,1,Road Accidents,Circle,Rural Areas,Near a factory industrial area,Not Applicable,No,Damage Only,Not Applicable,Controlled,Others,Minor District Road,Bitumen(Tar),Dry,Not Applicable,Very Cold,HEBBAGODI SHETRON CIRCLE,Metro Hebbagodi,1/2 KM,12.821999,77.68631,0,0,0.0,0.0
Bengaluru Dist,Hebbagodi PS,1.04421e+16,2023,1,2,Road Accidents,Not Applicable,City/Town,Near a factory industrial area,Not Applicable,No,Fatal,Vehicle to Vehicle,Not Applicable,Not Applicable,One way,Bitumen(Tar),Dry,Not Applicable,Fine,BOMMASANDRA INDUSTRIAL AREA,ACUPACK PVT LTD,4 KM,12.815287,77.682132,0,0,0.0,0.0
Bengaluru Dist,Hebbagodi PS,1.04421e+16,2023,1,2,Road Accidents,Not Applicable,City/Town,Near Bus stop,Vehicle Defect,No,Fatal,Vehicle to Vehicle,Not Applicable,Others,NH,Bitumen(Tar),Dry,Not Applicable,Fine,Near company,3km,1km,0.0,0.0,0,0,0.0,0.0
Bengaluru Dist,Hebbagodi PS,1.04421e+16,2023,1,1,Road Accidents,Narrow road,City/Town,Open area,Human Error,No,Grievous Injury,Hit pedestrian,Uncontrolled,Straight and flat,NH,Bitumen(Tar),Dry,No influence on accident,Fine,NH,BOMMASANDRA,2KM,12.820923,77.687218,0,0,0.0,0.0
Bengaluru Dist,Hebbagodi PS,1.04421e+16,2023,1,2,Road Accidents,Circle,Rural Areas,Near a factory industrial area,Not Applicable,No,Grievous Injury,Vehicle to Vehicle,Uncontrolled,Straight and flat,Minor District Road,Bitumen(Tar),Dry,No influence on accident,Fine,BOMMASANDRA CIRCLE,BOMMASANDRA CIRCLE,2 KM,12.82078,77.687207,0,0,0.0,0.0
Bengaluru Dist,Hebbagodi PS,1.04421e+16,2023,1,2,Road Accidents,Not Applicable,Rural Areas,Near a factory industrial area,Not Applicable,No,Grievous Injury,Not Applicable,Not Applicable,Straight and flat,NH,Concrete,Dry,Not Applicable,Clear,BANGALORE HOSUR N H 44 MAIN ROAD,BANGALORE HOSUR NH 44,1KM,0.0,0.0,0,0,0.0,0.0
Bengaluru Dist,Hebbagodi PS,1.04421e+16,2023,1,1,Road Accidents,Road hump or Rumble strips,Rural Areas,Near a factory industrial area,Not Applicable,No,Fatal,Not Applicable,Uncontrolled,Hump,NH,Bitumen(Tar),Dry,Not Applicable,Clear,NH 44,0,2 KM,0.0,0.0,0,0,0.0,0.0
Bengaluru Dist,Hebbagodi PS,1.04421e+16,2023,1,2,Road Accidents,Not Applicable,Rural Areas,Near a factory industrial area,Not Applicable,No,Simple Injury,Not Applicable,Not Applicable,Straight and flat,Sub Arterial,Concrete,Dry,Not Applicable,Clear,VIDYANAGAR 4TH CROSS BOMMASANDRA,VIDYANAGAR 4TH CROSS BOMMASANDRA,2KM,12.826471,77.6838,0,0,0.0,0.0
Bengaluru Dist,Hebbagodi PS,1.04421e+16,2023,1,1,Road Accidents,Not Applicable,Rural Areas,Near or inside a village,Not Applicable,Not Applicable,Fatal,Not Applicable,Uncontrolled,Others,Two way,Bitumen(Tar),Others,Not Applicable,Others,SHIKARIPALYA NEAR NIOTOWN CIRCLE,0,5 KM,12.83121,77.661483,0,1,0.0,1.0
Bengaluru Dist,Hebbagodi PS,1.04421e+16,2023,1,2,Road Accidents,Not Applicable,Rural Areas,Near a factory industrial area,Not Applicable,Yes,Fatal,Vehicle to Vehicle,Not Applicable,Straight and flat,Not Applicable,Concrete,Dry,Not Applicable,Clear,BOMMASANDRA,BOMMASANDRA,2KM,12.818166,77.689703,0,0,0.0,0.0
Bengaluru Dist,Hebbagodi PS,1.04421e+16,2023,1,1,Road Accidents,Road hump or Rumble strips,Rural Areas,Residential area,Not Applicable,Yes,Grievous Injury,Hit pedestrian,Uncontrolled,Not Applicable,Residential Street,Bitumen(Tar),Dry,Not Applicable,Fine,GOLLAHALLI ROAD,0,3 KM,12.834337,77.664859,0,0,0.0,0.0
Bengaluru Dist,Hebbagodi PS,1.04421e+16,2023,1,2,Road Accidents,Not Applicable,Rural Areas,Near Bus stop,Not Applicable,No,Simple Injury,Vehicle to Vehicle,Uncontrolled,Others,NH,Bitumen(Tar),Dry,No influence on accident,Clear,BOMMASANDRA FLYOVER,0,1 KM,12.819233,77.688693,0,0,0.0,0.0
Bengaluru Dist,Hebbagodi PS,1.04421e+16,2023,1,2,Road Accidents,Not Applicable,Rural Areas,Residential area,Not Applicable,Yes,Not Applicable,Hit bicyclist,Uncontrolled,Straight and flat,Two way,Bitumen(Tar),Wet,Not Applicable,Clear,HULIMANGALA ROAD,0,5 KM,12.823875,77.6664379,0,3,0.0,3.0
Bengaluru Dist,Hebbagodi PS,1.04421e+16,2023,1,2,Road Accidents,Not Applicable,Rural Areas,Near Bus stop,Not Applicable,No,Fatal,Vehicle to Vehicle,Not Applicable,Straight and flat,NH,Surfaced,Dry,Not Applicable,Clear,HOSUR BANGALORE MAIN ROAD,HEBBAGODI,1.5KM,0.0,0.0,0,0,,
Bengaluru Dist,Hebbagodi PS,1.04421e+16,2023,1,2,Road Accidents,Not Applicable,Rural Areas,Near Hospital,Vehicle Defect,No,Grievous Injury,Vehicle to Vehicle,Not Applicable,Not Applicable,NH,Bitumen(Tar),Dry,Not Applicable,Fine,jaki circle,3km,3km,0.0,0.0,0,0,0.0,0.0
Bengaluru Dist,Hebbagodi PS,1.04421e+16,2023,1,2,Not Applicable,Not Applicable,Rural Areas,Near Bus stop,Vehicle Defect,No,Grievous Injury,Vehicle to Vehicle,Not Applicable,Others,NH,Bitumen(Tar),Dry,Drainage Ditch,Fine,Hebbagodi Bus stop,5km,5km,12.823415,77.665306,4,0,0.0,4.0
Bengaluru Dist,Hebbagodi PS,1.04421e+16,2023,1,2,Road Accidents,Narrow road,City/Town,Open area,Human Error,No,Grievous Injury,Vehicle to Vehicle,Uncontrolled,Straight and flat,NH,Bitumen(Tar),Dry,No influence on accident,Fine,NH,SOUTH END HOTEL,1KM,0.0,0.0,0,0,0.0,0.0
Bengaluru Dist,Hebbagodi PS,1.04421e+16,2023,1,1,Road Accidents,Not Applicable,Rural Areas,Near Bus stop,Not Applicable,No,Fatal,Hit pedestrian,Uncontrolled,Others,NH,Bitumen(Tar),Dry,Not Applicable,Fine,BANGALORE HOSUR N H 44 MAIN ROAD,N H 44 MAIN ROAD,1 KM,12.831056,77.681156,0,0,0.0,0.0
Bengaluru Dist,Hebbagodi PS,1.04421e+16,2023,1,2,Road Accidents,Cross roads,City/Town,Open area,Not Applicable,No,Fatal,Vehicle to Vehicle,Uncontrolled,Curve,NH,Concrete,Dry,Not Applicable,Clear,nh 44,shetron cross,1,12.8209,77.686812,0,0,0.0,0.0
Bengaluru Dist,Hebbagodi PS,1.04421e+16,2023,1,2,Road Accidents,Not Applicable,Rural Areas,Near Bus stop,Not Applicable,No,Fatal,Not Applicable,Not Applicable,Straight and flat,NH,Bitumen(Tar),Dry,Not Applicable,Not Applicable,BANGALORE HOSUR N H 44 MAIN ROAD NEAR HEBBAGODI BUS STOP,N H 44 MAIN ROAD,1 KM,0.0,0.0,0,0,0.0,0.0
Bengaluru Dist,Hebbagodi PS,1.04421e+16,2023,1,2,Road Accidents,Narrow road,City/Town,Open area,Human Error,No,Damage Only,Vehicle to Vehicle,Uncontrolled,Straight and flat,NH,Bitumen(Tar),Dry,No influence on accident,Fine,NH,HUSKUR GATE,3KM,0.0,0.0,0,0,0.0,0.0
Bengaluru Dist,Hebbagodi PS,1.04421e+16,2023,1,2,Road Accidents,Not Applicable,Rural Areas,Near a factory industrial area,Not Applicable,No,Fatal,Hit bicyclist,Not Applicable,Not Applicable,Two way,Bitumen(Tar),Others,Not Applicable,Fine,BOMMASANDA INDUSTRIL AREA,BOMMASANDRA INDUSTRIAL,3 KM,0.0,0.0,0,1,0.0,1.0
Bengaluru Dist,Hebbagodi PS,1.04421e+16,2023,1,2,Road Accidents,Not Applicable,Rural Areas,Near Petrol Pump,Not Applicable,Not Applicable,Grievous Injury,Vehicle to Vehicle,Not at  Junction,Straight and flat,Two way,Bitumen(Tar),Others,Not Applicable,Clear,NEELADRI ROAD,NEELADRI ROAD,5 KM,12.818521,77.638032,0,1,0.0,1.0
Bengaluru Dist,Hebbagodi PS,1.04421e+16,2023,1,1,Road Accidents,Narrow road,Rural Areas,Near Petrol Pump,Not Applicable,No,Grievous Injury,Not Applicable,Uncontrolled,Straight and flat,NH,Bitumen(Tar),Dry,Not Applicable,Cloudy,BANGALORE HOSUR N H 44 MAIN ROAD,N H 44 MAIN ROAD,2 KM,12.817961,77.6892,0,0,0.0,0.0
Bengaluru Dist,Hebbagodi PS,1.04421e+16,2023,1,1,Road Accidents,Road hump or Rumble strips,Rural Areas,Near a factory industrial area,Not Applicable,No,Fatal,Not Applicable,Uncontrolled,Hump,Two way,Bitumen(Tar),Others,Not Applicable,Not Applicable,BOMMASANDA INDUSTRIL AREA,BOMMASANDRA INDUSTRIAL,4KM,12.813551,77.677969,0,1,0.0,1.0
Bengaluru Dist,Hebbagodi PS,1.04421e+16,2023,1,1,Road Accidents,Circle,Rural Areas,At pedestrian Crossing,Vehicle Defect,No,Grievous Injury,Not Applicable,No signal lights,Straight and flat,NH,Bitumen(Tar),Dry,No influence on accident,Not Applicable,BANGALORE HOSUR N H 44 MAIN ROAD NEAR HUSKUR GATE,N H 44 MAIN ROAD,1 KM,0.0,0.0,0,0,0.0,0.0
Bengaluru Dist,Hebbagodi PS,1.04421e+16,2023,1,2,Road Accidents,Cross roads,Rural Areas,Near Bus stop,Vehicle Defect,No,Grievous Injury,Vehicle to Vehicle,No signal lights,Straight and flat,Service Road,Concrete,Dry,Not Applicable,Fine,HOSUR BANGALORE N H 44 SERVICE ROAD,N H 44 SERVICE ROAD,1/2 KM,0.0,0.0,0,0,0.0,0.0
Bengaluru Dist,Hebbagodi PS,1.04421e+16,2023,1,1,Road Accidents,Cross roads,Rural Areas,At pedestrian Crossing,Not Applicable,No,Simple Injury,Hit pedestrian,Not Applicable,Curve,Two way,Not Applicable,Wet,Not Applicable,Clear,VEERASANDRA ROAD,0,1 KM,0.0,0.0,0,3,0.0,3.0
Bengaluru Dist,Hebbagodi PS,1.04421e+16,2023,1,1,Road Accidents,Road hump or Rumble strips,Rural Areas,Near Hospital,Not Applicable,No,Fatal,Not Applicable,Uncontrolled,Hump,NH,Bitumen(Tar),Dry,Not Applicable,Fine,BANGALORE HOSUR N H 44 MAIN ROAD,0,2 KM,12.820903,77.687066,0,0,0.0,0.0
Bengaluru Dist,Hebbagodi PS,1.04421e+16,2023,1,2,Road Accidents,Narrow road,Rural Areas,Near a factory industrial area,Human Error,No,Simple Injury,Vehicle to Vehicle,Not at  Junction,Straight and flat,Feeder Road,Bitumen(Tar),Dry,Not Applicable,Fine,J B LINKROAD NEAR MICRO LABS COMPANY,NEAR MICRO LABS COMPANY,4,12.81557,77.67325,0,0,0.0,0.0
Bengaluru Dist,Hebbagodi PS,1.04421e+16,2023,1,1,Road Accidents,Circle,Rural Areas,Near a factory industrial area,Not Applicable,Yes,Grievous Injury,Hit pedestrian,Uncontrolled,Straight and flat,Service Road,Bitumen(Tar),Dry,Not Applicable,Fine,HEBBAGODI INFRONT OF THE SHETRON COMPANY CIRCLE,0,1/2 KM,12.821282,77.686893,0,0,0.0,0.0
Bengaluru Dist,Hebbagodi PS,1.04421e+16,2023,1,2,Road Accidents,Narrow road,City/Town,Open area,Human Error,No,Grievous Injury,Vehicle to Vehicle,Uncontrolled,Straight and flat,NH,Bitumen(Tar),Dry,No influence on accident,Fine,NH,NEAR KAVARAMMA TEMPLE,2KM,12.838644,77.677628,0,0,0.0,0.0
Bengaluru Dist,Hebbagodi PS,1.04421e+16,2023,1,1,Road Accidents,Not Applicable,City/Town,Open area,Human Error,No,Grievous Injury,Not Applicable,Uncontrolled,Others,NH,Bitumen(Tar),Dry,Not Applicable,Fine,NH,Bommasandra Lorry Parking,2,12.812136,77.694,0,0,0.0,0.0
Bengaluru Dist,Hebbagodi PS,1.04421e+16,2023,1,2,Road Accidents,Narrow road,Rural Areas,Near Hospital,Not Applicable,No,Grievous Injury,Vehicle to Vehicle,Uncontrolled,Straight and flat,NH,Bitumen(Tar),Dry,Not Applicable,Not Applicable,BOMMASANDRA,0,4 KM,12.813219,77.693494,0,0,0.0,0.0
Bengaluru Dist,Hebbagodi PS,1.04421e+16,2023,1,1,Not Applicable,Not Applicable,Rural Areas,Near Hospital,Vehicle Defect,No,Grievous Injury,Not Applicable,Not Applicable,Others,NH,Bitumen(Tar),Dry,Not Applicable,Others,Metro Hebbagodi,Metro Hebbagodi,1km,12.828655,77.6814809,0,0,0.0,0.0
Bengaluru Dist,Hebbagodi PS,1.04421e+16,2023,1,2,Road Accidents,Not Applicable,Rural Areas,Near or inside a village,Not Applicable,Yes,Not Applicable,Vehicle to Vehicle,Not at  Junction,Straight and flat,Two way,Bitumen(Tar),Dry,Not Applicable,Clear,HUSKUR ROAD,0,5 KM,12.860778,77.705484,0,0,0.0,0.0
Bengaluru Dist,Hebbagodi PS,1.04421e+16,2023,1,2,Road Accidents,Not Applicable,Rural Areas,Near Bus stop,Not Applicable,No,Grievous Injury,Vehicle to Vehicle,Uncontrolled,Straight and flat,NH,Bitumen(Tar),Dry,Not Applicable,Clear,NH 44,0,1 KM,12.837882,77.678258,0,0,0.0,0.0