DISTRICTNAME,UNITNAME,Crime_No,Year,RI,Noofvehicle_involved,Accident_Classification,Accident_Spot,Accident_Location,Accident_SubLocation,Main_Cause,Hit_Run,Severity,Collision_Type,Junction_Control,Road_Character,Road_Type,Surface_Type,Surface_Condition,Road_Condition,Weather,Accident_Road,Landmark_first,Distance_LandMark_First,Latitude,Longitude,Road_Condition_Score,Surface_Condition_Score,Surface_Type_Score,Road_Risk_Index
Bengaluru Dist,Hosahalli PS,1.04421e+16,2016,1,2,Road Accidents,Curves,Rural Areas,Open area,Human Error,Not Applicable,Damage Only,Others,Uncontrolled,Curve,Village Road,Bitumen(Tar),Dry,Not Applicable,Others,Hosahalli-D B pura Road,1,0,0.0,0.0,0,0,0.0,0.0
Bengaluru Dist,Hosahalli PS,1.04421e+16,2016,1,2,Road Accidents,Cross roads,Rural Areas,Open area,Human Error,No,Grievous Injury,Others,Uncontrolled,Curve,Village Road,Bitumen(Tar),Dry,Not Applicable,Fine,sasalu -Arudi Road,1,0,0.0,0.0,0,0,0.0,0.0
Bengaluru Dist,Hosahalli PS,1.04421e+16,2016,1,2,Road Accidents,Curves,Rural Areas,Open area,Human Error,Not Applicable,Damage Only,Others,Uncontrolled,Curve,Village Road,Bitumen(Tar),Dry,Not Applicable,Fine,Hosahalli-D B pura Road,1,0,0.0,0.0,0,0,0.0,0.0
Bengaluru Dist,Hosahalli PS,1.04421e+16,2016,1,1,Road Accidents,Other,Rural Areas,Near or inside a village,Human Error,No,Grievous Injury,Others,Not at  Junction,Straight and flat,Village Road,Bitumen(Tar),Dry,Not Applicable,Fine,Hosahalli-Alipura Road,1,0,0.0,0.0,0,0,0.0,0.0
Bengaluru Dist,Hosahalli PS,1.04421e+16,2016,1,1,Road Accidents,Curves,Rural Areas,Open area,Human Error,No,Simple Injury,Overturning,Not at  Junction,Curve,Village Road,Bitumen(Tar),Dry,Pot holed,Fine,Hosahalli-D B pura Road,1,0,0.0,0.0,5,0,0.0,5.0
Bengaluru Dist,Hosahalli PS,1.04421e+16,2017,1,2,Road Accidents,Other,Rural Areas,Near or inside a village,Human Error,No,Grievous Injury,Not Applicable,Not at  Junction,Others,Village Road,Bitumen(Tar),Dry,Not Applicable,Fine,Amalugunte-Arudi Road,1,0,0.0,0.0,0,0,0.0,0.0
Bengaluru Dist,Hosahalli PS,1.04421e+16,2017,1,2,Road Accidents,Other,Rural Areas,Near or inside a village,Not Applicable,No,Grievous Injury,Hit bicyclist,No signal lights,Others,Others,Bitumen(Tar),Others,Not Applicable,Others,Near Sonnenahalli Cross,Sonnenahalli Cross,4km,0.0,0.0,0,1,0.0,1.0
Bengaluru Dist,Hosahalli PS,1.04421e+16,2017,1,1,Road Accidents,Narrow road,Rural Areas,Open area,Human Error,Not Applicable,Fatal,Others,Uncontrolled,Others,Village Road,Bitumen(Tar),Others,Not Applicable,Others,DB PURA HOSHALLI ROAD,Sonnenahalli Cross,4 KM,0.0,0.0,0,1,0.0,1.0
Bengaluru Dist,Hosahalli PS,1.04421e+16,2017,1,2,Road Accidents,Other,Rural Areas,Near or inside a village,Not Applicable,No,Grievous Injury,Head on,Not Applicable,Not Applicable,Others,Kutcha,Others,Not Applicable,Others,Kallukunte Dinne,Hosahalli Kalukunte Road,3km,0.0,0.0,0,1,4.0,5.0
Bengaluru Dist,Hosahalli PS,1.04421e+16,2017,1,2,Road Accidents,Cross roads,Rural Areas,Near School or College,Human Error,Not Applicable,Fatal,Head on,Uncontrolled,Others,Village Road,Bitumen(Tar),Dry,Not Applicable,Others,Hosahalli Kottigemachohalli Road,Kadukunte School,4 KM,0.0,0.0,0,0,0.0,0.0
Bengaluru Dist,Hosahalli PS,1.04421e+16,2018,1,2,Road Accidents,Cross roads,Rural Areas,Near or inside a village,Not Applicable,Yes,Grievous Injury,Hit and Run,Not Applicable,Curve,Village Road,Bitumen(Tar),Others,Not Applicable,Others,Nellukunte Cross,Cross,0.5KM,0.0,0.0,0,1,0.0,1.0
Bengaluru Dist,Hosahalli PS,1.04421e+16,2019,1,1,Road Accidents,Curves,Rural Areas,Near or inside a village,Not Applicable,No,Grievous Injury,Not Applicable,Not at  Junction,Others,Others,Not Applicable,Not Applicable,Not Applicable,Fine,Allipura Road Hosahalli,Near Dalappa House,1 KM,13.443874,77.458987,0,0,0.0,0.0
Bengaluru Dist,Hosahalli PS,1.04421e+16,2019,1,2,Road Accidents,Other,Rural Areas,Near or inside a village,Not Applicable,No,Grievous Injury,Others,Not Applicable,Others,Others,Not Applicable,Others,Not Applicable,Others,Near Nellukunte Green House,Green House,4 KM,13.433416,77.430458,0,1,0.0,1.0
Bengaluru Dist,Hosahalli PS,1.04421e+16,2019,1,1,Road Accidents,Offset,Rural Areas,Open area,Human Error,No,Fatal,Not Applicable,Not Applicable,Others,Others,Not Applicable,Dry,Not Applicable,Fine,Other,Near Narasimhachar House,500 Mt,13.440045,77.457651,0,0,0.0,0.0
Bengaluru Dist,Hosahalli PS,1.04421e+16,2019,1,1,Road Accidents,Curves,Rural Areas,Near Bus stop,Not Applicable,No,Grievous Injury,Not Applicable,Uncontrolled,Curve,Others,Kutcha,Muddy,Not Applicable,Clear,Nellukunte Cross,Near Nellukunte Cross,500 M,13.371171,77.494751,0,4,4.0,8.0
Bengaluru Dist,Hosahalli PS,1.04421e+16,2019,1,1,Road Accidents,Not Applicable,Rural Areas,Near or inside a village,Not Applicable,No,Grievous Injury,Hit pedestrian,Not Applicable,Others,Others,Concrete,Others,Not Applicable,Not Applicable,Singrayyanapalya,Water Tank,500 M,13.408654,77.400343,0,1,0.0,1.0
Bengaluru Dist,Hosahalli PS,1.04421e+16,2019,1,2,Road Accidents,Cross roads,Rural Areas,Open area,Not Applicable,No,Grievous Injury,Hit bicyclist,Not Applicable,Others,Others,Bitumen(Tar),Others,Not Applicable,Fine,Lingadhaveeranahalli Cross,Harch,50 F,13.436649,77.485086,0,1,0.0,1.0
Bengaluru Dist,Hosahalli PS,1.04421e+16,2019,1,2,Road Accidents,Not Applicable,Rural Areas,Open area,Human Error,Yes,Fatal,Vehicle to Vehicle,Not Applicable,Straight and flat,Others,Bitumen(Tar),Dry,Not Applicable,Fine,Village road,Near Lingadheeranalli Cross,9 KM,13.445016,77.3973779,0,0,0.0,0.0
Bengaluru Dist,Hosahalli PS,1.04421e+16,2019,1,1,Road Accidents,Narrow road,Rural Areas,Near or inside a village,Human Error,No,Fatal,Not Applicable,Not Applicable,Straight and flat,Sub Arterial,Bitumen(Tar),Dry,Not Applicable,Fine,Hosahalli-Allipura road,Hosahalli Allipura road RL Jalappa samudaya bhavan from north 300m far,300m,13.443613,77.459007,0,0,0.0,0.0
Bengaluru Dist,Hosahalli PS,1.04421e+16,2020,1,1,Road Accidents,Not Applicable,Rural Areas,Open area,Human Error,No,Fatal,Not Applicable,Not at  Junction,Others,Others,Kutcha,Dry,Not Applicable,Fine,Gundamagere-Vabasandra,Vabasandra Canal,3 KM,13.450178,77.482395,0,0,4.0,4.0
Bengaluru Dist,Hosahalli PS,1.04421e+16,2020,1,2,Road Accidents,Not Applicable,Rural Areas,Near Bus stop,Not Applicable,No,Simple Injury,Hit bicyclist,Not Applicable,Others,Others,Concrete,Dry,Not Applicable,Others,Ojenahalli Village,Sri Anjaneya swamy temple,30 Fee,13.436881,77.480724,0,0,0.0,0.0
Bengaluru Dist,Hosahalli PS,1.04421e+16,2020,1,1,Road Accidents,Narrow road,Rural Areas,Open area,Human Error,Yes,Fatal,Hit pedestrian,Not at  Junction,Others,Others,Bitumen(Tar),Dry,No influence on accident,Fine,Arodi-sasalu road,Singraiahnapalya,10 KM,13.483884,77.403904,0,0,0.0,0.0
Bengaluru Dist,Hosahalli PS,1.04421e+16,2020,1,2,Road Accidents,Junction,Rural Areas,Near Bus stop,Not Applicable,No,Grievous Injury,Vehicle to Vehicle,Not Applicable,Curve,Others,Bitumen(Tar),Others,Not Applicable,Fine,Arudi-Sasalu Road,Sri Lakshminarasimhaswamy Arch,20 Fee,13.44086,77.393709,0,1,0.0,1.0
Bengaluru Dist,Hosahalli PS,1.04421e+16,2021,1,1,Road Accidents,Narrow road,Rural Areas,Open area,Human Error,No,Fatal,Not Applicable,Not at  Junction,Others,Others,Bitumen(Tar),Dry,No influence on accident,Fine,Doddaballapura-Hosahalli,Vishwanatha reddy,500 M,13.370594,77.4854749,0,0,0.0,0.0
Bengaluru Dist,Hosahalli PS,1.04421e+16,2021,1,1,Road Accidents,Narrow road,Rural Areas,Open area,Human Error,No,Fatal,Not Applicable,Not at  Junction,Straight and flat,Others,Bitumen(Tar),Dry,No influence on accident,Others,Arodi-sasalu road,Near Gangadharappa Land,10 KM,0.0,0.0,0,0,0.0,0.0
Bengaluru Dist,Hosahalli PS,1.04421e+16,2021,1,1,Road Accidents,Narrow road,Rural Areas,Open area,Human Error,No,Fatal,Not Applicable,Not at  Junction,Others,Others,Bitumen(Tar),Dry,No influence on accident,Fine,Doddaballapura-Hosahalli,near Mallikarjun shop,500 m,13.43858,77.45495,0,0,0.0,0.0
Bengaluru Dist,Hosahalli PS,1.04421e+16,2021,1,1,Road Accidents,Cross roads,Rural Areas,At pedestrian Crossing,Vehicle Defect,No,Simple Injury,Not Applicable,Uncontrolled,Crest of hill,Forest Road,Bitumen(Tar),Not Applicable,Not Applicable,Clear,doddahalla,doddahalla,5,13.404186,77.479288,0,0,0.0,0.0
Bengaluru Dist,Hosahalli PS,1.04421e+16,2021,1,2,Road Accidents,Not Applicable,Rural Areas,Open area,Not Applicable,Not Applicable,Fatal,Vehicle to Vehicle,Uncontrolled,Others,Others,Not Applicable,Others,Not Applicable,Others,"Sasalu-Arudi Road,Doddanarasaihanapalya",Near Doddanarasaiahnapalya,1.6,13.434906,77.389895,0,1,0.0,1.0
Bengaluru Dist,Hosahalli PS,1.04421e+16,2021,1,2,Road Accidents,Cross roads,Rural Areas,Open area,Human Error,No,Fatal,Vehicle to Vehicle,Uncontrolled,Others,Others,Bitumen(Tar),Others,No influence on accident,Others,"Hosahalli-Doddaballapura Road, Gundamagere Cross",Gundamagere Cross,1.6,0.0,0.0,0,1,0.0,1.0
Bengaluru Dist,Hosahalli PS,1.04421e+16,2022,1,2,Road Accidents,Not Applicable,Rural Areas,Open area,Human Error,No,Grievous Injury,Vehicle to Vehicle,Uncontrolled,Straight and flat,Service Road,Bitumen(Tar),Dry,No influence on accident,Clear,Hosahalli-Arudi Road,Near Yarrappa Land Jakkenahalli,30 Ft,0.0,0.0,0,0,0.0,0.0
Bengaluru Dist,Hosahalli PS,1.04421e+16,2022,1,2,Road Accidents,Curves,Rural Areas,Open area,Human Error,No,Grievous Injury,Vehicle to Vehicle,Uncontrolled,Sharp Curve,Minor District Road,Bitumen(Tar),Dry,No influence on accident,Cloudy,Hosahalli-Doddaballapura Road,Bescom Pole towrads East,20 Ft,13.397534,77.481086,0,0,0.0,0.0
Bengaluru Dist,Hosahalli PS,1.04421e+16,2022,1,1,Road Accidents,Cross roads,Rural Areas,Open area,Human Error,No,Damage Only,Not Applicable,Not Applicable,Curve and Incline,Minor District Road,Bitumen(Tar),Dry,No influence on accident,Clear,Doddaballapura to Hosahalli Road,Bescom Pole,10 Fee,13.400642,77.479796,0,0,0.0,0.0
Bengaluru Dist,Hosahalli PS,1.04421e+16,2022,1,2,Road Accidents,Cross roads,Rural Areas,Open area,Human Error,No,Simple Injury,Vehicle to Vehicle,Uncontrolled,Curve and Incline,State Highway,Bitumen(Tar),Dry,Not Applicable,Clear,Arudi-Sasalu Road,Bescom Pole,10,13.481783,77.40235,0,0,0.0,0.0
Bengaluru Dist,Hosahalli PS,1.04421e+16,2022,1,1,Road Accidents,Curves,Rural Areas,Open area,Human Error,No,Grievous Injury,Not Applicable,Not Applicable,Curve and Incline,Major District Road,Bitumen(Tar),Dry,No influence on accident,Cloudy,Doddaballapura to Hosahalli Road,Bescom Pole towrads South,50 F,13.404277,77.4793619,0,0,0.0,0.0
Bengaluru Dist,Hosahalli PS,1.04421e+16,2023,1,1,Road Accidents,Narrow road,Rural Areas,Narrow bridge or culverts,Human Error,No,Fatal,Not Applicable,Uncontrolled,Straight and flat,Minor District Road,Bitumen(Tar),Dry,No influence on accident,Clear,Hosahalli-Arudi Road,towards 15 Feet North Burrying Yard,15 Fee,13.448356,77.445927,0,0,0.0,0.0
Bengaluru Dist,Hosahalli PS,1.04421e+16,2023,1,2,Road Accidents,Narrow road,Rural Areas,Near or inside a village,Human Error,Yes,Fatal,Vehicle to Vehicle,Not Applicable,Incline,Major District Road,Bitumen(Tar),Dry,Not Applicable,Clear,Hosahalli-Doddaballapura Road,Bescom Pole,10 Ft,13.439325,77.461025,0,0,0.0,0.0
Bengaluru Dist,Hosahalli PS,1.04421e+16,2023,1,2,Road Accidents,Cross roads,Rural Areas,Near or inside a village,Human Error,Yes,Simple Injury,Vehicle to Vehicle,Uncontrolled,Curve,Others,Bitumen(Tar),Dry,Not Applicable,Clear,Hosahalli-Kottigemachenahalli Road,Electric Pole towards North,15 Ft,13.428516,77.440266,0,0,0.0,0.0
Bengaluru Dist,Hosahalli PS,1.04421e+16,2023,1,1,Road Accidents,Narrow road,Rural Areas,Near or inside a village,Human Error,No,Fatal,Hit pedestrian,Not Applicable,Straight and flat,Major District Road,Bitumen(Tar),Dry,No influence on accident,Clear,Hosahalli-Arudi Road,Tamarind Tree toawrds North,8 Ft,13.441715,77.457475,0,0,0.0,0.0
Bengaluru Dist,Hosahalli PS,1.04421e+16,2023,1,2,Road Accidents,Narrow road,Rural Areas,Open area,Human Error,Yes,Simple Injury,Vehicle to Vehicle,Uncontrolled,Curve,Minor District Road,Bitumen(Tar),Dry,Not Applicable,Clear,Hosahalli-Ujjani Road,Sappalamma Temple towards East,50 Ft,13.439824,77.446594,0,0,0.0,0.0
Bengaluru Dist,Hosahalli PS,1.04421e+16,2023,1,2,Road Accidents,Not Applicable,Rural Areas,Open area,Human Error,No,Grievous Injury,Vehicle to Vehicle,Uncontrolled,Straight and flat,Minor District Road,Bitumen(Tar),Dry,No influence on accident,Clear,Doddaballapura to Hosahalli Road,Neelagiri Tress towards East,5 Ft,13.389986,77.484196,0,0,0.0,0.0
Bengaluru Dist,Hosakote PS,1.0442e+16,2016,1,2,Road Accidents,Other,Rural Areas,Open area,Human Error,No,Damage Only,Others,Uncontrolled,Others,State Highway,Bitumen(Tar),Others,Not Applicable,Clear,"Hosakote-Chintamani Road, Near Sonnadenahalli Gate",Sonnadenahalli Gate,5 km,0.0,0.0,0,1,0.0,1.0
Bengaluru Dist,Hosakote PS,1.0442e+16,2016,1,2,Road Accidents,Narrow road,City/Town,Near a religious place,Human Error,No,Grievous Injury,Drowned,Not Applicable,Not Applicable,NH,Bitumen(Tar),Dry,Not Applicable,Fine,kolar bangalore 75road,x,5km,0.0,0.0,0,0,0.0,0.0
Bengaluru Dist,Hosakote PS,1.0442e+16,2016,1,2,Road Accidents,Other,City/Town,Near Hospital,Human Error,No,Simple Injury,Others,Uncontrolled,Others,NH,Bitumen(Tar),Dry,Not Applicable,Clear,bangalore kolar highway,mvj hospital,4km,0.0,0.0,0,0,0.0,0.0
Bengaluru Dist,Hosakote PS,1.0442e+16,2016,1,2,Road Accidents,Other,City/Town,Near office complex,Human Error,No,Damage Only,Others,Uncontrolled,Others,NH,Bitumen(Tar),Dry,Not Applicable,Clear,bangalore kolar highway,toll plaza,1km,0.0,0.0,0,0,0.0,0.0
Bengaluru Dist,Hosakote PS,1.0442e+16,2016,1,2,Road Accidents,Y Junction,Rural Areas,Near Bus stop,Human Error,No,Simple Injury,Hit parked vehicle,Not Applicable,Curve,NH,Bitumen(Tar),Dry,Not Applicable,Fine,KOLAR-BENGALURU NH-75,DASARALLI,5KM,0.0,0.0,0,0,0.0,0.0
Bengaluru Dist,Hosakote PS,1.0442e+16,2016,1,2,Road Accidents,Other,City/Town,Narrow bridge or culverts,Human Error,No,Damage Only,Overturning,Uncontrolled,Others,NH,Bitumen(Tar),Dry,Not Applicable,Clear,bangalore kolar highway,santhe gate fly over,3km,0.0,0.0,0,0,0.0,0.0
Bengaluru Dist,Hosakote PS,1.0442e+16,2016,1,1,Road Accidents,Other,Rural Areas,Open area,Human Error,Yes,Fatal,Hit pedestrian,Uncontrolled,Others,State Highway,Bitumen(Tar),Dry,Not Applicable,Clear,hosakote chintamani road,chikkahullur gate,5km,0.0,0.0,0,0,0.0,0.0
Bengaluru Dist,Hosakote PS,1.0442e+16,2016,1,2,Road Accidents,Other,City/Town,Near School or College,Human Error,No,Damage Only,Skidding or Self accident,Uncontrolled,Others,NH,Bitumen(Tar),Dry,Not Applicable,Clear,hosakote chikka thirupathi road,nandashree choultry,2km,0.0,0.0,0,0,0.0,0.0
Bengaluru Dist,Hosakote PS,1.0442e+16,2016,1,2,Road Accidents,Other,Rural Areas,Open area,Human Error,No,Simple Injury,Run Off Road,Uncontrolled,Straight and flat,NH,Bitumen(Tar),Dry,Not Applicable,Clear,bangalore kolar highway,mylapura gate,8km,0.0,0.0,0,0,0.0,0.0
Bengaluru Dist,Hosakote PS,1.0442e+16,2016,1,1,Road Accidents,Narrow road,Rural Areas,Near Bus stop,Not Applicable,No,Simple Injury,Head on,Uncontrolled,Others,NH,Bitumen(Tar),Dry,Not Applicable,Fine,bangalore kolar nh-75road,attivatta gete,6km,0.0,0.0,0,0,0.0,0.0
Bengaluru Dist,Hosakote PS,1.0442e+16,2016,1,2,Road Accidents,Other,City/Town,Open area,Human Error,No,Damage Only,Others,Uncontrolled,Others,NH,Bitumen(Tar),Not Applicable,Not Applicable,Clear,bamgalore kolar highway,near keb circle,1 km,0.0,0.0,0,0,0.0,0.0
Bengaluru Dist,Hosakote PS,1.0442e+16,2016,1,1,Road Accidents,Other,City/Town,Near Hospital,Human Error,No,Fatal,Hit pedestrian,Uncontrolled,Others,NH,Bitumen(Tar),Dry,Not Applicable,Clear,bangalore kolar highway,mvj hospital,4km,0.0,0.0,0,0,0.0,0.0
Bengaluru Dist,Hosakote PS,1.0442e+16,2016,1,1,Road Accidents,Other,City/Town,Near a recreation place/cinema,Human Error,No,Damage Only,Hit fixed object,Uncontrolled,Straight and flat,NH,Bitumen(Tar),Dry,Not Applicable,Clear,hosakote sulibele road,channabhyregowda stadium,200mtr,0.0,0.0,0,0,0.0,0.0
Bengaluru Dist,Hosakote PS,1.0442e+16,2016,1,1,Road Accidents,Road hump or Rumble strips,City/Town,Open area,Human Error,No,Fatal,Skidding or Self accident,Stop sign,Others,Minor District Road,Bitumen(Tar),Dry,Not Applicable,Clear,hosakote malur road,nisarga layout,4km,0.0,0.0,0,0,0.0,0.0
Bengaluru Dist,Hosakote PS,1.0442e+16,2016,1,2,Road Accidents,Other,City/Town,Near office complex,Human Error,No,Fatal,Others,Uncontrolled,Others,Service Road,Bitumen(Tar),Dry,Not Applicable,Clear,bangalore kolar highway,near TVS Showroom,2km,0.0,0.0,0,0,0.0,0.0
Bengaluru Dist,Hosakote PS,1.0442e+16,2016,1,3,Road Accidents,Other,City/Town,Near Bus stop,Human Error,No,Damage Only,Others,Uncontrolled,Others,NH,Bitumen(Tar),Dry,Not Applicable,Clear,hosakote sulibele road,ib circle,100mtr,0.0,0.0,0,0,0.0,0.0
Bengaluru Dist,Hosakote PS,1.0442e+16,2016,1,2,Road Accidents,Other,Rural Areas,Open area,Human Error,No,Simple Injury,Others,Uncontrolled,Others,Village Road,Bitumen(Tar),Ditch or Potholed,Not Applicable,Clear,kannurahalli road,near chowdappas bricks factory,3km,0.0,0.0,0,5,0.0,5.0
Bengaluru Dist,Hosakote PS,1.0442e+16,2016,1,2,Road Accidents,Other,Rural Areas,Near a religious place,Human Error,No,Simple Injury,Others,Uncontrolled,Others,Minor District Road,Bitumen(Tar),Dry,Not Applicable,Clear,hosakote malur road,near jadigenahalli,8km,0.0,0.0,0,0,0.0,0.0
Bengaluru Dist,Hosakote PS,1.0442e+16,2016,1,2,Road Accidents,Other,Rural Areas,Open area,Human Error,No,Simple Injury,Others,Uncontrolled,Others,NH,Bitumen(Tar),Dry,Not Applicable,Clear,bangalore kolar highway,attur gate,8km,0.0,0.0,0,0,0.0,0.0
Bengaluru Dist,Hosakote PS,1.0442e+16,2016,1,2,Road Accidents,Narrow road,City/Town,Near office complex,Human Error,No,Fatal,Head on,Uncontrolled,Not Applicable,NH,Bitumen(Tar),Dry,Not Applicable,Fine,BANAGALORE KOLAR NH-75ROAD,CHEK POST,1KM,0.0,0.0,0,0,0.0,0.0
Bengaluru Dist,Hosakote PS,1.0442e+16,2016,1,2,Road Accidents,Other,City/Town,Near Bus stop,Human Error,No,Simple Injury,Others,Uncontrolled,Others,NH,Bitumen(Tar),Dry,Not Applicable,Clear,bangalore kolar highway,gowthan colony,2km,0.0,0.0,0,0,0.0,0.0
Bengaluru Dist,Hosakote PS,1.0442e+16,2016,1,2,Road Accidents,Other,City/Town,Near Petrol Pump,Human Error,No,Simple Injury,Others,Stop sign,Others,Minor District Road,Bitumen(Tar),Dry,Not Applicable,Clear,hosakote malur road,near alamin school,3.5km,0.0,0.0,0,0,0.0,0.0
Bengaluru Dist,Hosakote PS,1.0442e+16,2016,1,2,Road Accidents,Other,Rural Areas,Open area,Human Error,No,Simple Injury,Others,Uncontrolled,Others,NH,Bitumen(Tar),Dry,Not Applicable,Clear,bangalore kolar highway,gottipura gate,9km,0.0,0.0,0,0,0.0,0.0
Bengaluru Dist,Hosakote PS,1.0442e+16,2016,1,1,Road Accidents,Other,Rural Areas,Near a recreation place/cinema,Human Error,No,Fatal,Hit pedestrian,Uncontrolled,Others,NH,Bitumen(Tar),Dry,Not Applicable,Clear,bangalore kolar highway,Nandi grand hotel,5km,0.0,0.0,0,0,0.0,0.0
Bengaluru Dist,Hosakote PS,1.0442e+16,2016,1,1,Road Accidents,Y Junction,City/Town,Open area,Human Error,No,Simple Injury,Hit pedestrian,Uncontrolled,Others,NH,Bitumen(Tar),Dry,Not Applicable,Clear,bangalore kolar highway,dandupalya gate,4km,0.0,0.0,0,0,0.0,0.0
Bengaluru Dist,Hosakote PS,1.0442e+16,2016,1,2,Road Accidents,Narrow road,Rural Areas,Near Bus stop,Not Applicable,No,Simple Injury,Not Applicable,Uncontrolled,Curve,NH,Bitumen(Tar),Dry,Not Applicable,Fine,hosakote sulibele road,chikkalokkandahalli,5km,0.0,0.0,0,0,0.0,0.0
Bengaluru Dist,Hosakote PS,1.0442e+16,2016,1,1,Road Accidents,Narrow road,Rural Areas,Near Hospital,Not Applicable,No,Fatal,Head on,Uncontrolled,Not Applicable,NH,Bitumen(Tar),Dry,Not Applicable,Fine,bangalore kolar nh-75road,near mvj hosapetal,4km,0.0,0.0,0,0,0.0,0.0
Bengaluru Dist,Hosakote PS,1.0442e+16,2016,1,1,Not Applicable,Other,Rural Areas,Open area,Human Error,No,Damage Only,Others,Uncontrolled,Not Applicable,NH,Bitumen(Tar),Dry,Not Applicable,Clear,NH,MVJ Hospital,4 km,0.0,0.0,0,0,0.0,0.0
Bengaluru Dist,Hosakote PS,1.0442e+16,2016,1,1,Road Accidents,Other,Rural Areas,Open area,Human Error,Yes,Simple Injury,Others,Uncontrolled,Others,Others,Bitumen(Tar),Dry,Not Applicable,Clear,SH,chikkahullur gate,10 KM,0.0,0.0,0,0,0.0,0.0
Bengaluru Dist,Hosakote PS,1.0442e+16,2016,1,2,Road Accidents,Other,Rural Areas,Open area,Human Error,No,Simple Injury,Others,Uncontrolled,Others,NH,Bitumen(Tar),Dry,Not Applicable,Clear,bamgalore kolar highway,Near Sultan Hotel,5 Km,0.0,0.0,0,0,0.0,0.0
Bengaluru Dist,Hosakote PS,1.0442e+16,2016,1,2,Road Accidents,Other,City/Town,Near Bus stop,Human Error,No,Simple Injury,Others,Uncontrolled,Others,NH,Not Applicable,Dry,Not Applicable,Clear,kolar bangalore nh-75road,Near Gowtham Circle,2 KM,0.0,0.0,0,0,0.0,0.0
Bengaluru Dist,Hosakote PS,1.0442e+16,2016,1,1,Road Accidents,Other,City/Town,Near Bus stop,Human Error,No,Grievous Injury,Others,Uncontrolled,Others,Others,Bitumen(Tar),Dry,Not Applicable,Clear,"K.R.Road, Hosakote Town",Near Balaji Bakeary,1 KM,0.0,0.0,0,0,0.0,0.0
Bengaluru Dist,Hosakote PS,1.0442e+16,2016,1,2,Road Accidents,Other,City/Town,Open area,Human Error,No,Damage Only,Others,Uncontrolled,Others,NH,Bitumen(Tar),Dry,Not Applicable,Clear,Kolar-Bangalore NH-75 Road,Near  Santhe Gate,2 km,0.0,0.0,0,0,0.0,0.0
Bengaluru Dist,Hosakote PS,1.0442e+16,2016,1,2,Road Accidents,Other,City/Town,Open area,Human Error,No,Simple Injury,Others,Uncontrolled,Others,Others,Bitumen(Tar),Others,Not Applicable,Clear,Bangalore-Kolar NH 75 Road,Near IB Circle,1/2 km,0.0,0.0,0,1,0.0,1.0
Bengaluru Dist,Hosakote PS,1.0442e+16,2016,1,2,Road Accidents,Other,Rural Areas,Near Bus stop,Human Error,No,Simple Injury,Others,Uncontrolled,Others,NH,Bitumen(Tar),Dry,Not Applicable,Clear,hosakote sulibele road,upparahalli gate,3km,0.0,0.0,0,0,0.0,0.0
Bengaluru Dist,Hosakote PS,1.0442e+16,2016,1,2,Road Accidents,Other,Rural Areas,Near a factory industrial area,Human Error,No,Simple Injury,Others,Uncontrolled,Straight and flat,Minor District Road,Bitumen(Tar),Dry,Not Applicable,Clear,hosakote shidlaghatta roads,near dairy,5km,0.0,0.0,0,0,0.0,0.0
Bengaluru Dist,Hosakote PS,1.0442e+16,2016,1,1,Road Accidents,Other,City/Town,Near office complex,Human Error,No,Fatal,Skidding or Self accident,Uncontrolled,Straight and flat,NH,Bitumen(Tar),Dry,Not Applicable,Clear,bangalore kolar highway,Commercial tax chech post,500mtr,0.0,0.0,0,0,0.0,0.0
Bengaluru Dist,Hosakote PS,1.0442e+16,2016,1,1,Road Accidents,Other,Rural Areas,Open area,Human Error,No,Simple Injury,Others,Uncontrolled,Others,Village Road,Bitumen(Tar),Dry,Not Applicable,Clear,kannurahalli road,suddugunte tank,4km,0.0,0.0,0,0,0.0,0.0
Bengaluru Dist,Hosakote PS,1.0442e+16,2016,1,2,Road Accidents,Other,Rural Areas,Near a recreation place/cinema,Human Error,No,Fatal,Hit parked vehicle,Uncontrolled,Others,NH,Bitumen(Tar),Dry,Not Applicable,Clear,bangalore kolar highway,near highway dhaba,4km,0.0,0.0,0,0,0.0,0.0
Bengaluru Dist,Hosakote PS,1.0442e+16,2016,1,2,Road Accidents,Other,City/Town,Near Bus stop,Human Error,Yes,Simple Injury,Others,Uncontrolled,Others,NH,Bitumen(Tar),Ditch or Potholed,No influence on accident,Clear,bangalore kolar highway,honda showroom,3km,0.0,0.0,0,5,0.0,5.0
Bengaluru Dist,Hosakote PS,1.0442e+16,2016,1,21,Road Accidents,Other,City/Town,Near a recreation place/cinema,Human Error,No,Simple Injury,Hit parked vehicle,Uncontrolled,Others,NH,Bitumen(Tar),Dry,Not Applicable,Clear,bangalore kolar highway,near sultan dhaba,4km,0.0,0.0,0,0,0.0,0.0
Bengaluru Dist,Hosakote PS,1.0442e+16,2016,1,2,Road Accidents,Other,City/Town,Near office complex,Human Error,No,Damage Only,Others,Uncontrolled,Straight and flat,NH,Bitumen(Tar),Dry,Not Applicable,Clear,bangalore kolar highway,near tata showroom,2km,0.0,0.0,0,0,0.0,0.0
Bengaluru Dist,Hosakote PS,1.0442e+16,2016,1,2,Road Accidents,Other,City/Town,Near a recreation place/cinema,Human Error,No,Simple Injury,Others,Uncontrolled,Straight and flat,NH,Bitumen(Tar),Dry,Not Applicable,Clear,bangalore kolar highway,near RV Lodge,2km,0.0,0.0,0,0,0.0,0.0
Bengaluru Dist,Hosakote PS,1.0442e+16,2016,1,1,Road Accidents,Circle,City/Town,Near Bus stop,Human Error,No,Grievous Injury,Others,Uncontrolled,Hump,NH,Bitumen(Tar),Dry,Not Applicable,Fine,bamgalore kolar highway,ib circle,1/2 km,0.0,0.0,0,0,0.0,0.0