DISTRICTNAME,UNITNAME,Crime_No,Year,RI,Noofvehicle_involved,Accident_Classification,Accident_Spot,Accident_Location,Accident_SubLocation,Main_Cause,Hit_Run,Severity,Collision_Type,Junction_Control,Road_Character,Road_Type,Surface_Type,Surface_Condition,Road_Condition,Weather,Accident_Road,Landmark_first,Distance_LandMark_First,Latitude,Longitude,Road_Condition_Score,Surface_Condition_Score,Surface_Type_Score,Road_Risk_Index
Bengaluru Dist,Hosakote PS,1.0442e+16,2016,1,1,Road Accidents,Other,Rural Areas,Open area,Human Error,Yes,Fatal,Hit pedestrian,Uncontrolled,Others,Minor District Road,Bitumen(Tar),Dry,Not Applicable,Clear,hosakote malur road,haralur gate,4km,0.0,0.0,0,0,0.0,0.0
Bengaluru Dist,Hosakote PS,1.0442e+16,2016,1,2,Road Accidents,Other,Rural Areas,Open area,Human Error,No,Simple Injury,Others,Uncontrolled,Others,NH,Bitumen(Tar),Dry,Not Applicable,Clear,hosakote sulibele road,lakkondahalli gate,4km,0.0,0.0,0,0,0.0,0.0
Bengaluru Dist,Hosakote PS,1.0442e+16,2016,1,1,Road Accidents,Other,Rural Areas,Open area,Human Error,No,Fatal,Hit pedestrian,Uncontrolled,Others,NH,Bitumen(Tar),Dry,Not Applicable,Clear,bangalore kolar highway,toll plaza,1km,0.0,0.0,0,0,0.0,0.0
Bengaluru Dist,Hosakote PS,1.0442e+16,2016,1,1,Road Accidents,Other,City/Town,Near office complex,Human Error,No,Simple Injury,Hit pedestrian,Uncontrolled,Others,NH,Bitumen(Tar),Dry,Not Applicable,Clear,bangalore kolar highway,near beml show room,3km,0.0,0.0,0,0,0.0,0.0
Bengaluru Dist,Hosakote PS,1.0442e+16,2016,1,2,Road Accidents,Bridge,Rural Areas,Near Hospital,Vehicle Defect,No,Simple Injury,Head on,Uncontrolled,Curve,NH,Bitumen(Tar),Dry,Not Applicable,Fine,kalar,maluru,5km,0.0,0.0,0,0,0.0,0.0
Bengaluru Dist,Hosakote PS,1.0442e+16,2016,1,2,Road Accidents,Other,City/Town,Open area,Human Error,No,Simple Injury,Others,Uncontrolled,Not Applicable,Others,Not Applicable,Others,Not Applicable,Clear,Kolar- Bangalore NH75 Road,Near Bharath Petroleaum Bunk,2 km,0.0,0.0,0,1,0.0,1.0
Bengaluru Dist,Hosakote PS,1.0442e+16,2016,1,2,Road Accidents,Other,City/Town,Open area,Human Error,No,Fatal,Others,Uncontrolled,Others,Others,Bitumen(Tar),Dry,Not Applicable,Clear,kolar-Bangalore  Nh 75 ROad,Near Gowtham Coloney Circle,3 km,0.0,0.0,0,0,0.0,0.0
Bengaluru Dist,Hosakote PS,1.0442e+16,2016,1,2,Road Accidents,Narrow road,Rural Areas,Near Bus stop,Human Error,Yes,Damage Only,Hit animal,Not at  Junction,Curve,Residential Street,Bitumen(Tar),Dry,Not Applicable,Others,kolar nh-75,ib circle,1/2km,0.0,0.0,0,0,0.0,0.0
Bengaluru Dist,Hosakote PS,1.0442e+16,2016,1,2,Road Accidents,Other,Rural Areas,Near Hospital,Human Error,No,Fatal,Overturning,Uncontrolled,Others,NH,Bitumen(Tar),Dry,Not Applicable,Clear,hosakote malur road,near jadigenahalli govt hospital,8km,0.0,0.0,0,0,0.0,0.0
Bengaluru Dist,Hosakote PS,1.0442e+16,2016,1,2,Road Accidents,Other,Rural Areas,Open area,Human Error,No,Simple Injury,Others,Uncontrolled,Others,NH,Bitumen(Tar),Dry,Not Applicable,Clear,bangalore kolar highway,mylapura gate,8km,0.0,0.0,0,0,0.0,0.0
Bengaluru Dist,Hosakote PS,1.0442e+16,2016,1,1,Road Accidents,Other,Rural Areas,Open area,Human Error,No,Fatal,Skidding or Self accident,Uncontrolled,Straight and flat,NH,Bitumen(Tar),Dry,Not Applicable,Clear,bangalore kolar highway,attur gate,8km,0.0,0.0,0,0,0.0,0.0
Bengaluru Dist,Hosakote PS,1.0442e+16,2016,1,2,Road Accidents,Other,Rural Areas,Open area,Human Error,No,Fatal,Others,Uncontrolled,Others,NH,Bitumen(Tar),Dry,Not Applicable,Clear,bangalore kolar highway,gottipura gate,9km,0.0,0.0,0,0,0.0,0.0
Bengaluru Dist,Hosakote PS,1.0442e+16,2016,1,1,Road Accidents,Other,City/Town,Near Hospital,Human Error,No,Damage Only,Skidding or Self accident,Uncontrolled,Others,NH,Bitumen(Tar),Dry,Not Applicable,Clear,hosakote chikka thirupathi road,near CSI Hospital,2km,0.0,0.0,0,0,0.0,0.0
Bengaluru Dist,Hosakote PS,1.0442e+16,2016,1,2,Road Accidents,Other,City/Town,Near a recreation place/cinema,Human Error,Yes,Fatal,Others,Uncontrolled,Others,NH,Bitumen(Tar),Dry,Not Applicable,Clear,bangalore kolar highway,near msil bar,2km,0.0,0.0,0,0,0.0,0.0
Bengaluru Dist,Hosakote PS,1.0442e+16,2016,1,2,Road Accidents,Other,City/Town,Near Hospital,Human Error,No,Simple Injury,Others,Uncontrolled,Others,NH,Bitumen(Tar),Dry,Not Applicable,Clear,bangalore kolar highway,santhe gate fly over,3km,0.0,0.0,0,0,0.0,0.0
Bengaluru Dist,Hosakote PS,1.0442e+16,2016,1,2,Road Accidents,Other,City/Town,Near Bus stop,Human Error,No,Simple Injury,Others,Uncontrolled,Others,NH,Bitumen(Tar),Dry,Not Applicable,Clear,bangalore kolar highway,near pwd quarters,200mtr,0.0,0.0,0,0,0.0,0.0
Bengaluru Dist,Hosakote PS,1.0442e+16,2016,1,2,Road Accidents,Other,City/Town,Near office complex,Human Error,No,Damage Only,Skidding or Self accident,Uncontrolled,Others,NH,Bitumen(Tar),Dry,Not Applicable,Clear,bangalore kolar highway,toll plaza,1km,0.0,0.0,0,0,0.0,0.0
Bengaluru Dist,Hosakote PS,1.0442e+16,2016,1,1,Road Accidents,Other,Rural Areas,Near Bus stop,Not Applicable,No,Fatal,Head on,Uncontrolled,Others,State Highway,Bitumen(Tar),Dry,Not Applicable,Fine,chinthamani road,chikkahulluru gete,5km,0.0,0.0,0,0,0.0,0.0
Bengaluru Dist,Hosakote PS,1.0442e+16,2016,1,3,Road Accidents,Other,City/Town,Near Hospital,Human Error,No,Simple Injury,Others,Uncontrolled,Others,Others,Bitumen(Tar),Dry,Not Applicable,Clear,NH,santhe gate,1km,0.0,0.0,0,0,0.0,0.0
Bengaluru Dist,Hosakote PS,1.0442e+16,2016,1,1,Road Accidents,Other,Not Applicable,Open area,Human Error,No,Damage Only,Others,Uncontrolled,Others,NH,Bitumen(Tar),Dry,Pot holed,Clear,NH,halasalli gate,10 KM,0.0,0.0,5,0,0.0,5.0
Bengaluru Dist,Hosakote PS,1.0442e+16,2016,1,2,Road Accidents,Other,Rural Areas,Open area,Human Error,No,Damage Only,Others,Uncontrolled,Others,State Highway,Bitumen(Tar),Dry,Not Applicable,Clear,"Hosakote-Maluru Road, Near Jadigenahalli",Jadigenahalli Village,15 km,0.0,0.0,0,0,0.0,0.0
Bengaluru Dist,Hosakote PS,1.0442e+16,2016,1,2,Road Accidents,Other,City/Town,Open area,Human Error,No,Simple Injury,Others,Uncontrolled,Others,NH,Bitumen(Tar),Not Applicable,Not Applicable,Clear,"Bangalore _Kolar NH-75 Road, Near MSIL",Near MSIL,2 KM,0.0,0.0,0,0,0.0,0.0
Bengaluru Dist,Hosakote PS,1.0442e+16,2016,1,1,Road Accidents,Other,Rural Areas,Open area,Human Error,No,Grievous Injury,Others,Uncontrolled,Others,NH,Not Applicable,Others,Not Applicable,Clear,kolar bangalore nh-75road,Near Halasahalli Gate,8 km,0.0,0.0,0,1,0.0,1.0
Bengaluru Dist,Hosakote PS,1.0442e+16,2016,1,2,Road Accidents,Other,Rural Areas,Residential area,Human Error,No,Simple Injury,Others,Uncontrolled,Others,State Highway,Bitumen(Tar),Dry,Not Applicable,Clear,hosakote chintamani road,near siddharthanagar,3km,0.0,0.0,0,0,0.0,0.0
Bengaluru Dist,Hosakote PS,1.0442e+16,2016,1,1,Road Accidents,Other,City/Town,Near office complex,Human Error,No,Simple Injury,Hit pedestrian,Uncontrolled,Others,Service Road,Bitumen(Tar),Dry,Not Applicable,Clear,bangalore kolar highway,near toll plaza,1km,0.0,0.0,0,0,0.0,0.0
Bengaluru Dist,Hosakote PS,1.0442e+16,2016,1,2,Road Accidents,Other,City/Town,Open area,Human Error,No,Simple Injury,Others,Uncontrolled,Others,NH,Not Applicable,Others,Not Applicable,Clear,Nh,Near Toll,4 KM,0.0,0.0,0,1,0.0,1.0
Bengaluru Dist,Hosakote PS,1.0442e+16,2016,1,3,Road Accidents,Other,City/Town,Open area,Human Error,No,Damage Only,Others,Uncontrolled,Others,NH,Bitumen(Tar),Not Applicable,Not Applicable,Clear,bamgalore kolar highway,Near  MSIL,2km,0.0,0.0,0,0,0.0,0.0
Bengaluru Dist,Hosakote PS,1.0442e+16,2016,1,2,Road Accidents,Other,Rural Areas,Open area,Human Error,No,Simple Injury,Others,Uncontrolled,Others,NH,Bitumen(Tar),Dry,Not Applicable,Clear,Banglaore-Kolar NH-75 Road,Near Hotel High way,3 KM,0.0,0.0,0,0,0.0,0.0
Bengaluru Dist,Hosakote PS,1.0442e+16,2016,1,2,Road Accidents,Bridge,Not Applicable,Narrow bridge or culverts,Human Error,No,Not Applicable,Drowned,Not Applicable,Curve,NH,Bitumen(Tar),Not Applicable,Not Applicable,Fine,nh-75road,kolar,5km,0.0,0.0,0,0,0.0,0.0
Bengaluru Dist,Hosakote PS,1.0442e+16,2016,1,2,Road Accidents,Circle,Rural Areas,Near Bus stop,Not Applicable,No,Simple Injury,Hit and Run,Uncontrolled,Curve,NH,Bitumen(Tar),Others,Not Applicable,Fine,kolar bangalore nh-75road,channapura gete,5km,0.0,0.0,0,1,0.0,1.0
Bengaluru Dist,Hosakote PS,1.0442e+16,2016,1,2,Road Accidents,Other,City/Town,Near office complex,Human Error,No,Simple Injury,Others,Uncontrolled,Others,Service Road,Bitumen(Tar),Dry,Not Applicable,Clear,bangalore kolar highway,toll plaza,1km,0.0,0.0,0,0,0.0,0.0
Bengaluru Dist,Hosakote PS,1.0442e+16,2016,1,2,Road Accidents,Other,City/Town,Near a recreation place/cinema,Human Error,No,Simple Injury,Others,Uncontrolled,Others,NH,Bitumen(Tar),Dry,Not Applicable,Clear,bangalore kolar highway,near night hotel,2km,0.0,0.0,0,0,0.0,0.0
Bengaluru Dist,Hosakote PS,1.0442e+16,2016,1,2,Road Accidents,Other,Rural Areas,Open area,Human Error,No,Damage Only,Others,Uncontrolled,Others,NH,Bitumen(Tar),Dry,Not Applicable,Clear,bangalore kolar highway,halasalli gate,6km,0.0,0.0,0,0,0.0,0.0
Bengaluru Dist,Hosakote PS,1.0442e+16,2016,1,3,Road Accidents,Other,City/Town,Near office complex,Human Error,No,Damage Only,Overturning,Uncontrolled,Others,NH,Bitumen(Tar),Dry,Not Applicable,Clear,bangalore kolar highway,toll plaza,1km,0.0,0.0,0,0,0.0,0.0
Bengaluru Dist,Hosakote PS,1.0442e+16,2017,1,2,Road Accidents,Other,Villages settlement,Open area,Human Error,No,Fatal,Others,Not Applicable,Not Applicable,NH,Bitumen(Tar),Dry,Not Applicable,Clear,NH75 ROAD,NEAR SULTAN DHABA,10,0.0,0.0,0,0,0.0,0.0
Bengaluru Dist,Hosakote PS,1.0442e+16,2017,1,2,Road Accidents,Not Applicable,City/Town,Near office complex,Human Error,Yes,Grievous Injury,Not Applicable,No signal lights,Others,NH,Bitumen(Tar),Dry,Not Applicable,Clear,NEAR MARUTHI SAW MILL,NH 75 ROAD,10,0.0,0.0,0,0,0.0,0.0
Bengaluru Dist,Hosakote PS,1.0442e+16,2017,1,2,Road Accidents,Cross roads,Not Applicable,Open area,Human Error,No,Grievous Injury,Others,Stop sign,Others,NH,Bitumen(Tar),Others,Not Applicable,Clear,NH75 ROAD,NEAR LANCO TOLL,2.5km,0.0,0.0,0,1,0.0,1.0
Bengaluru Dist,Hosakote PS,1.0442e+16,2017,1,2,Road Accidents,Bridge,Rural Areas,Open area,Human Error,No,Grievous Injury,Overturning,Controlled,Curve,NH,Bitumen(Tar),Dry,Not Applicable,Cloudy,NH 207 ROAD,upparahalli cross,1km,0.0,0.0,0,0,0.0,0.0
Bengaluru Dist,Hosakote PS,1.0442e+16,2017,1,2,Road Accidents,Cross roads,City/Town,Open area,Human Error,Yes,Grievous Injury,Hit and Run,Not Applicable,Others,NH,Bitumen(Tar),Dry,Not Applicable,Clear,NH-75 ROAD,NEAR LANCO TOLL,100FEE,0.0,0.0,0,0,0.0,0.0
Bengaluru Dist,Hosakote PS,1.0442e+16,2017,1,3,Road Accidents,Narrow road,City/Town,Open area,Human Error,No,Damage Only,Rear end,Not Applicable,Not Applicable,NH,Bitumen(Tar),Dry,Not Applicable,Clear,NH75 ROAD,NEAR MSIL,05KM,0.0,0.0,0,0,0.0,0.0
Bengaluru Dist,Hosakote PS,1.0442e+16,2017,1,2,Road Accidents,T Junction,City/Town,Open area,Human Error,No,Grievous Injury,Overturning,Controlled,Others,NH,Bitumen(Tar),Dry,Not Applicable,Clear,NH-75 ROAD,NEAR LANCO TOLL,1 KMS,0.0,0.0,0,0,0.0,0.0
Bengaluru Dist,Hosakote PS,1.0442e+16,2017,1,2,Road Accidents,Y Junction,Rural Areas,Open area,Human Error,Yes,Grievous Injury,Others,Controlled,Others,NH,Bitumen(Tar),Dry,Not Applicable,Clear,HOSAKOTE -SULIBELE ROAD,CHIKKAKERE NEAR,1KM,0.0,0.0,0,0,0.0,0.0
Bengaluru Dist,Hosakote PS,1.0442e+16,2017,1,1,Road Accidents,Junction,City/Town,Near Bus stop,Human Error,Not Applicable,Grievous Injury,Others,Uncontrolled,Others,NH,Bitumen(Tar),Dry,Not Applicable,Clear,Near I.B Circle,Near IB Circle,1/2 km,0.0,0.0,0,0,0.0,0.0
Bengaluru Dist,Hosakote PS,1.0442e+16,2017,1,1,Road Accidents,Other,Rural Areas,Open area,Human Error,No,Simple Injury,Others,Uncontrolled,Not Applicable,NH,Bitumen(Tar),Others,Not Applicable,Fine,MIDLE-GOTTIPURA-HALASAHALLI GETE,NEAR GOVT PLANTESION,6KM,0.0,0.0,0,1,0.0,1.0
Bengaluru Dist,Hosakote PS,1.0442e+16,2017,1,2,Road Accidents,Circle,Rural Areas,Near Bus stop,Human Error,No,Damage Only,Not Applicable,Stop sign,Not Applicable,NH,Bitumen(Tar),Dry,Not Applicable,Clear,NH75 ROAD,NEAR MYELAPURA GATE,10,0.0,0.0,0,0,0.0,0.0
Bengaluru Dist,Hosakote PS,1.0442e+16,2017,1,2,Road Accidents,Narrow road,Not Applicable,At pedestrian Crossing,Not Applicable,No,Damage Only,Head on,Uncontrolled,Crest of hill,NH,Bitumen(Tar),Dry,Not Applicable,Fine,x,x,xxxxx,0.0,0.0,0,0,0.0,0.0
Bengaluru Dist,Hosakote PS,1.0442e+16,2017,1,2,Road Accidents,Round about or Circle,City/Town,Open area,Human Error,No,Damage Only,Overturning,Not Applicable,Others,One way,Bitumen(Tar),Dry,Not Applicable,Clear,NH-75 ROAD,IB CIRCLE,10FEET,0.0,0.0,0,0,0.0,0.0
Bengaluru Dist,Hosakote PS,1.0442e+16,2017,1,2,Road Accidents,Narrow road,City/Town,Near Hospital,Human Error,Not Applicable,Grievous Injury,Others,Not Applicable,Not Applicable,NH,Bitumen(Tar),Dry,Not Applicable,Clear,Bangalore-Kolar NH-75 Road Near MVJ Hospital,near mvj hospital,6 Km,0.0,0.0,0,0,0.0,0.0
Bengaluru Dist,Hosakote PS,1.0442e+16,2017,1,1,Not Applicable,Other,Not Applicable,Open area,Human Error,Not Applicable,Grievous Injury,Others,Not Applicable,Others,NH,Bitumen(Tar),Dry,Not Applicable,Not Applicable,Bangalore-Kolar NH-75 Road,Near Hotel Highway,6 km,0.0,0.0,0,0,0.0,0.0
Bengaluru Dist,Hosakote PS,1.0442e+16,2017,1,2,Road Accidents,Junction,City/Town,Near Bus stop,Human Error,No,Damage Only,Others,Stop sign,Others,NH,Bitumen(Tar),Dry,Not Applicable,Clear,bamgalore kolar highway,bmtc bus stop,1/2 km,0.0,0.0,0,0,0.0,0.0
Bengaluru Dist,Hosakote PS,1.0442e+16,2017,1,2,Rail Road Accidents,Junction,City/Town,Near Bus stop,Human Error,No,Fatal,Right Turn Collision,Uncontrolled,Straight and flat,NH,Bitumen(Tar),Dry,Not Applicable,Fine,NH 75,X,1 KM,0.0,0.0,0,0,0.0,0.0
Bengaluru Dist,Hosakote PS,1.0442e+16,2017,1,2,Road Accidents,Junction,City/Town,Near Bus stop,Human Error,Not Applicable,Simple Injury,Rear end,Controlled,Others,NH,Bitumen(Tar),Dry,Not Applicable,Clear,"Kolar To Bangalore NH-75 Road, Near I.B Circle, Hosakote Town",Near IB Circle,1 km,0.0,0.0,0,0,0.0,0.0
Bengaluru Dist,Hosakote PS,1.0442e+16,2017,1,2,Road Accidents,Narrow road,City/Town,Open area,Human Error,No,Fatal,Others,Not Applicable,Straight and flat,State Highway,Bitumen(Tar),Wet,Not Applicable,Fine,HOSAKOTE MALUR ROAD,XX,3 KM,0.0,0.0,0,3,0.0,3.0
Bengaluru Dist,Hosakote PS,1.0442e+16,2017,1,1,Road Accidents,Not Applicable,Not Applicable,Residential area,Human Error,No,Grievous Injury,Hit pedestrian,Not Applicable,Not Applicable,Residential Street,Bitumen(Tar),Dry,Not Applicable,Clear,NH-75 ROAD,NEAR AMBEDKAR COLONY,10,0.0,0.0,0,0,0.0,0.0
Bengaluru Dist,Hosakote PS,1.0442e+16,2017,1,2,Road Accidents,Narrow road,Rural Areas,Open area,Human Error,No,Fatal,Others,Not at  Junction,Others,State Highway,Bitumen(Tar),Others,Not Applicable,Fine,malur road near taggali hosahalli gate,x,12 km,0.0,0.0,0,1,0.0,1.0
Bengaluru Dist,Hosakote PS,1.0442e+16,2017,1,2,Road Accidents,Other,Rural Areas,Open area,Human Error,Not Applicable,Grievous Injury,Others,Uncontrolled,Not Applicable,NH,Bitumen(Tar),Dry,Not Applicable,Clear,Near Nidagatt Village,Near Nidagatta Dharga,10 km,0.0,0.0,0,0,0.0,0.0
Bengaluru Dist,Hosakote PS,1.0442e+16,2017,1,1,Rail Road Accidents,Narrow road,Rural Areas,Near or inside a village,Human Error,No,Fatal,Head on,Not Applicable,Straight and flat,NH,Bitumen(Tar),Dry,Not Applicable,Fine,NH 207,X,4 KM,0.0,0.0,0,0,0.0,0.0
Bengaluru Dist,Hosakote PS,1.0442e+16,2017,1,1,Road Accidents,T Junction,Rural Areas,Near Bus stop,Human Error,Yes,Fatal,Hit bicyclist,No signal lights,Sharp Curve,NH,Bitumen(Tar),Wet,Not Applicable,Fine,NH,X,3 KM,0.0,0.0,0,3,0.0,3.0
Bengaluru Dist,Hosakote PS,1.0442e+16,2017,1,2,Road Accidents,Not Applicable,City/Town,Open area,Human Error,No,Fatal,Others,Not Applicable,Not Applicable,NH,Bitumen(Tar),Dry,Not Applicable,Clear,ATTIVATTA GATE,KOLARBENGALORE NH75,10,0.0,0.0,0,0,0.0,0.0
Bengaluru Dist,Hosakote PS,1.0442e+16,2017,1,1,Road Accidents,Not Applicable,Not Applicable,Residential area,Human Error,No,Grievous Injury,Not Applicable,Not at  Junction,Not Applicable,NH,Bitumen(Tar),Dry,Not Applicable,Clear,NH-75 SERVICE ROAD,NEAR EDFIY APARTMENT,10,0.0,0.0,0,0,0.0,0.0
Bengaluru Dist,Hosakote PS,1.0442e+16,2017,1,1,Road Accidents,Other,Rural Areas,Near Bus stop,Human Error,Not Applicable,Grievous Injury,Others,Uncontrolled,Others,NH,Bitumen(Tar),Others,Not Applicable,Others,HOSAKOTE SULIBELE ROAD,NEAR SHANKANIPURA GATE,5KM,0.0,0.0,0,1,0.0,1.0
Bengaluru Dist,Hosakote PS,1.0442e+16,2017,1,2,Road Accidents,Other,Rural Areas,Residential area,Human Error,Not Applicable,Simple Injury,Others,Uncontrolled,Others,Others,Bitumen(Tar),Dry,Not Applicable,Clear,"Hosakote-Nidaghatta Road, Near Bakshu Sab House",Near Bakshu Sab,10 km,0.0,0.0,0,0,0.0,0.0
Bengaluru Dist,Hosakote PS,1.0442e+16,2017,1,2,Road Accidents,Other,Rural Areas,Near School or College,Not Applicable,No,Simple Injury,Not Applicable,Not Applicable,Others,Others,Bitumen(Tar),Others,Not Applicable,Fine,MALUR-HOSAKOTE ROAD,NEAR GOVT SCHOOL,12 KM,0.0,0.0,0,1,0.0,1.0
Bengaluru Dist,Hosakote PS,1.0442e+16,2017,1,2,Road Accidents,Other,Rural Areas,Residential area,Human Error,No,Damage Only,Others,Not at  Junction,Hump,State Highway,Bitumen(Tar),Dry,Not Applicable,Clear,NEAR DODDAHULLURU,CHINTAMANI ROAD,4KM,0.0,0.0,0,0,0.0,0.0
Bengaluru Dist,Hosakote PS,1.0442e+16,2017,1,2,Road Accidents,Other,Rural Areas,Open area,Human Error,No,Simple Injury,Others,Uncontrolled,Not Applicable,NH,Bitumen(Tar),Not Applicable,Not Applicable,Fine,"KOLAR BENGALURU NH-75 ROAD,NEAR HALASAHALLI GETE",near halasahalli gete,5km,0.0,0.0,0,0,0.0,0.0
Bengaluru Dist,Hosakote PS,1.0442e+16,2017,1,2,Road Accidents,Narrow road,Not Applicable,Near Hospital,Human Error,No,Fatal,Others,Not at  Junction,Straight and flat,NH,Bitumen(Tar),Dry,Not Applicable,Clear,NEAR M.V.J HOSPITAL,X,3 K.M,0.0,0.0,0,0,0.0,0.0
Bengaluru Dist,Hosakote PS,1.0442e+16,2017,1,1,Road Accidents,Not Applicable,Rural Areas,Open area,Human Error,No,Fatal,Others,Controlled,Not Applicable,NH,Bitumen(Tar),Dry,Not Applicable,Clear,NH-75 ROAD,NEAR DANDUPALYA,2KM,0.0,0.0,0,0,0.0,0.0
Bengaluru Dist,Hosakote PS,1.0442e+16,2017,1,1,Road Accidents,Circle,City/Town,Near Bus stop,Human Error,No,Grievous Injury,Right Turn Collision,Controlled,Others,Expressway,Not Applicable,Dry,Not Applicable,Fine,NATIONAL HIGHWAY,UNDER BRIDGE,1 KM,0.0,0.0,0,0,0.0,0.0
Bengaluru Dist,Hosakote PS,1.0442e+16,2017,1,2,Road Accidents,Not Applicable,City/Town,Near Petrol Pump,Human Error,No,Grievous Injury,Others,Not Applicable,Not Applicable,NH,Bitumen(Tar),Dry,Not Applicable,Clear,NEAR HP PETROL BUNK,HOSAKOTE TOWN,10,0.0,0.0,0,0,0.0,0.0
Bengaluru Dist,Hosakote PS,1.0442e+16,2017,1,2,Road Accidents,T Junction,Rural Areas,Open area,Human Error,Yes,Grievous Injury,Hit and Run,Not at  Junction,Not Applicable,Two way,Bitumen(Tar),Not Applicable,Not Applicable,Clear,ATTIVATTA CROSS,NEAR OROHALLI ROAD,10km,0.0,0.0,0,0,0.0,0.0
Bengaluru Dist,Hosakote PS,1.0442e+16,2017,1,3,Road Accidents,Other,Not Applicable,Open area,Not Applicable,No,Fatal,Others,Not at  Junction,Straight and flat,NH,Surfaced,Dry,No influence on accident,Fine,X,X,X,0.0,0.0,0,0,,
Bengaluru Dist,Hosakote PS,1.0442e+16,2017,1,1,Road Accidents,Other,Rural Areas,Open area,Human Error,Yes,Grievous Injury,Others,Uncontrolled,Others,NH,Bitumen(Tar),Dry,Not Applicable,Fine,Near Sri Kateramma Temple,Near Sri Kateramma Temple,5km,0.0,0.0,0,0,0.0,0.0
Bengaluru Dist,Hosakote PS,1.0442e+16,2017,1,2,Road Accidents,Other,City/Town,Open area,Human Error,Not Applicable,Grievous Injury,Others,Uncontrolled,Others,NH,Bitumen(Tar),Dry,Not Applicable,Clear,Near TATA Show Room,TATA Show Room,1km,0.0,0.0,0,0,0.0,0.0
Bengaluru Dist,Hosakote PS,1.0442e+16,2017,1,2,Road Accidents,Other,Rural Areas,Open area,Human Error,No,Grievous Injury,Others,Not at  Junction,Not Applicable,State Highway,Bitumen(Tar),Dry,Not Applicable,Clear,HOSAKOTE MALURU ROAD,NEAR DEVANAGUNDI CROSS,4KMS,0.0,0.0,0,0,0.0,0.0
Bengaluru Dist,Hosakote PS,1.0442e+16,2017,1,2,Road Accidents,Other,City/Town,Open area,Human Error,No,Damage Only,Others,Not Applicable,Not Applicable,NH,Bitumen(Tar),Ditch or Potholed,Not Applicable,Clear,NH75 ROAD,NEAR MSIL HOSAKOTET TOWN,1KM,0.0,0.0,0,5,0.0,5.0
Bengaluru Dist,Hosakote PS,1.0442e+16,2017,1,1,Road Accidents,Cross roads,Not Applicable,Open area,Human Error,Yes,Simple Injury,Hit and Run,Not at  Junction,Not Applicable,NH,Bitumen(Tar),Dry,Not Applicable,Clear,SULIBELE ROAD,NEAR SIDDARTHA HOTEL,10,0.0,0.0,0,0,0.0,0.0
Bengaluru Dist,Hosakote PS,1.0442e+16,2017,1,2,Road Accidents,Other,Rural Areas,Residential area,Human Error,No,Grievous Injury,Others,Not at  Junction,Others,NH,Bitumen(Tar),Dry,Not Applicable,Clear,SHANAKNIPURA,HOSAKOTE TALUK,10,0.0,0.0,0,0,0.0,0.0
Bengaluru Dist,Hosakote PS,1.0442e+16,2017,1,2,Road Accidents,Other,Rural Areas,Near Bus stop,Not Applicable,No,Simple Injury,Others,Uncontrolled,Others,NH,Not Applicable,Wet,Not Applicable,Fine,KOLAR-BENGALURU NH-75 ROAD,X,5KM,0.0,0.0,0,3,0.0,3.0
Bengaluru Dist,Hosakote PS,1.0442e+16,2017,1,2,Road Accidents,Narrow road,Rural Areas,Near School or College,Human Error,No,Fatal,Head on,Uncontrolled,Curve,NH,Bitumen(Tar),Dry,Not Applicable,Fine,N.H.207,X,X,0.0,0.0,0,0,0.0,0.0
Bengaluru Dist,Hosakote PS,1.0442e+16,2017,1,2,Road Accidents,Narrow road,City/Town,Open area,Human Error,No,Simple Injury,Not Applicable,Not Applicable,Straight and flat,NH,Bitumen(Tar),Dry,Not Applicable,Clear,NH75 ROAD,NEAR TERMINAL HOTEL,2.5km,0.0,0.0,0,0,0.0,0.0
Bengaluru Dist,Hosakote PS,1.0442e+16,2017,1,2,Road Accidents,Narrow road,City/Town,Near or inside a village,Not Applicable,No,Damage Only,Not Applicable,Uncontrolled,Hump,NH,Bitumen(Tar),Dry,Not Applicable,Fine,KOLAR BANGALORE NH-75 ROAD,GOWTHAM COLONY,3KM,0.0,0.0,0,0,0.0,0.0
Bengaluru Dist,Hosakote PS,1.0442e+16,2017,1,2,Not Applicable,Other,Not Applicable,Open area,Not Applicable,Not Applicable,Grievous Injury,Others,Uncontrolled,Others,NH,Bitumen(Tar),Dry,Not Applicable,Clear,bamgalore kolar highway,Near Hosakote Toll,4km,0.0,0.0,0,0,0.0,0.0
Bengaluru Dist,Hosakote PS,1.0442e+16,2017,1,1,Not Applicable,Other,Rural Areas,Open area,Human Error,No,Grievous Injury,Others,Uncontrolled,Others,Others,Not Applicable,Dry,Not Applicable,Fine,In side the HOsakote Dairy,Dairy Compound,8km,0.0,0.0,0,0,0.0,0.0
Bengaluru Dist,Hosakote PS,1.0442e+16,2017,1,1,Road Accidents,Other,Rural Areas,Open area,Human Error,No,Grievous Injury,Others,Not Applicable,Hump,State Highway,Bitumen(Tar),Dry,Not Applicable,Clear,HOSAKOTE MALUR ROAD,NEAR VARADAPURA,2KMS,0.0,0.0,0,0,0.0,0.0
Bengaluru Dist,Hosakote PS,1.0442e+16,2017,1,2,Road Accidents,Other,Rural Areas,Open area,Human Error,No,Simple Injury,Others,No signal lights,Others,State Highway,Bitumen(Tar),Dry,Not Applicable,Clear,CHINTAMANI ROAD,CHINTAMANI ROAD,2KMS,0.0,0.0,0,0,0.0,0.0
Bengaluru Dist,Hosakote PS,1.0442e+16,2017,1,2,Road Accidents,Narrow road,Rural Areas,Open area,Human Error,Not Applicable,Damage Only,Not Applicable,Not Applicable,Not Applicable,City or Town Road,Bitumen(Tar),Dry,Not Applicable,Fine,Bangalore - Kolar NH-75 Near Mylapur GDate,Near Mylapura Gate,10 km,0.0,0.0,0,0,0.0,0.0
Bengaluru Dist,Hosakote PS,1.0442e+16,2017,1,2,Road Accidents,Narrow road,Rural Areas,Near Hospital,Human Error,No,Grievous Injury,Hit parked vehicle,Not at  Junction,Not Applicable,NH,Bitumen(Tar),Dry,Not Applicable,Clear,NEAR MVJ HOSPITAL,HOSAKOTE TOWN,2KM,0.0,0.0,0,0,0.0,0.0
Bengaluru Dist,Hosakote PS,1.0442e+16,2017,1,2,Road Accidents,Cross roads,City/Town,Open area,Human Error,Yes,Grievous Injury,Hit and Run,Not Applicable,Hump,NH,Bitumen(Tar),Dry,Not Applicable,Clear,NH-75 ROAD,NEAR LANCO TOLL,1KM,0.0,0.0,0,0,0.0,0.0
Bengaluru Dist,Hosakote PS,1.0442e+16,2017,1,2,Not Applicable,Other,Rural Areas,Open area,Human Error,Yes,Grievous Injury,Run Off Road,Uncontrolled,Not Applicable,NH,Bitumen(Tar),Dry,Not Applicable,Clear,Near Halasahalli Gate,Near Halasahalli Gate,10 km,0.0,0.0,0,0,0.0,0.0
Bengaluru Dist,Hosakote PS,1.0442e+16,2017,1,2,Road Accidents,Other,City/Town,Open area,Human Error,Not Applicable,Simple Injury,Others,Uncontrolled,Others,Expressway,Bitumen(Tar),Dry,Not Applicable,Clear,"Kolar To Bangalore NH-75 Road, Near  KEB circle Fly Over Bridge",Near KEB  Circle,1km,0.0,0.0,0,0,0.0,0.0