DISTRICTNAME,UNITNAME,Crime_No,Year,RI,Noofvehicle_involved,Accident_Classification,Accident_Spot,Accident_Location,Accident_SubLocation,Main_Cause,Hit_Run,Severity,Collision_Type,Junction_Control,Road_Character,Road_Type,Surface_Type,Surface_Condition,Road_Condition,Weather,Accident_Road,Landmark_first,Distance_LandMark_First,Latitude,Longitude,Road_Condition_Score,Surface_Condition_Score,Surface_Type_Score,Road_Risk_Index
Bengaluru Dist,Hosakote PS,1.0442e+16,2018,1,2,Road Accidents,Other,City/Town,Open area,Human Error,Not Applicable,Grievous Injury,Others,Uncontrolled,Others,City or Town Road,Bitumen(Tar),Dry,Not Applicable,Clear,Near Gowtham Circle,Near Gowtham Coloney,4 km,0.0,0.0,0,0,0.0,0.0
Bengaluru Dist,Hosakote PS,1.0442e+16,2018,1,1,Road Accidents,Not Applicable,Rural Areas,Open area,Human Error,Yes,Grievous Injury,Hit and Run,Not Applicable,Not Applicable,NH,Bitumen(Tar),Dry,Not Applicable,Clear,NH75 ROAD,MYELAPURA GATE,5KMS,0.0,0.0,0,0,0.0,0.0
Bengaluru Dist,Hosakote PS,1.0442e+16,2018,1,1,Road Accidents,Narrow road,City/Town,Open area,Human Error,Yes,Grievous Injury,Hit and Run,No signal lights,Not Applicable,NH,Bitumen(Tar),Dry,No influence on accident,Clear,NH75 SERVICE ROAD,NEAR CHOWDESHWARI HOTEL,1KM,0.0,0.0,0,0,0.0,0.0
Bengaluru Dist,Hosakote PS,1.0442e+16,2018,1,2,Road Accidents,Narrow road,City/Town,Narrow bridge or culverts,Human Error,No,Grievous Injury,Others,Not at  Junction,Not Applicable,NH,Bitumen(Tar),Dry,Not Applicable,Clear,NH75 ROAD,NEAR DODDAMANIKERE BRIDGE,1KM,0.0,0.0,0,0,0.0,0.0
Bengaluru Dist,Hosakote PS,1.0442e+16,2018,1,2,Road Accidents,Narrow road,City/Town,Open area,Human Error,Yes,Grievous Injury,Hit and Run,Controlled,Not Applicable,NH,Bitumen(Tar),Dry,Not Applicable,Clear,NEAR LANCO TOLL U TURN,1KM TOWARDS WEST,1,0.0,0.0,0,0,0.0,0.0
Bengaluru Dist,Hosakote PS,1.0442e+16,2018,1,2,Road Accidents,T Junction,Rural Areas,Near Petrol Pump,Human Error,No,Fatal,Head on,No signal lights,Straight and flat,Two way,Bitumen(Tar),Others,Not Applicable,Cloudy,HOSAKOTE- MALUR ROAD,X,3 KM,0.0,0.0,0,1,0.0,1.0
Bengaluru Dist,Hosakote PS,1.0442e+16,2018,1,2,Road Accidents,Other,City/Town,Narrow bridge or culverts,Human Error,No,Fatal,Overturning,Not at  Junction,Others,NH,Bitumen(Tar),Others,Not Applicable,Fine,NH 75,X,1 KM,0.0,0.0,0,1,0.0,1.0
Bengaluru Dist,Hosakote PS,1.0442e+16,2018,1,2,Road Accidents,Junction,City/Town,Open area,Human Error,No,Fatal,Run Off Road,No signal lights,Straight and flat,NH,Bitumen(Tar),Others,Not Applicable,Fine,NEAR LANCO TOLL NH75,X,1 KM,0.0,0.0,0,1,0.0,1.0
Bengaluru Dist,Hosakote PS,1.0442e+16,2018,1,1,Road Accidents,Not Applicable,City/Town,Open area,Human Error,No,Grievous Injury,Others,Not Applicable,Not Applicable,NH,Bitumen(Tar),Dry,Not Applicable,Clear,NH75 ROAD,NEAR LANCO TOLL,1KM,0.0,0.0,0,0,0.0,0.0
Bengaluru Dist,Hosakote PS,1.0442e+16,2018,1,2,Road Accidents,Other,City/Town,Open area,Human Error,No,Fatal,Overturning,Not at  Junction,Straight and flat,Service Road,Not Applicable,Not Applicable,Not Applicable,Clear,service road,x,3 km,0.0,0.0,0,0,0.0,0.0
Bengaluru Dist,Hosakote PS,1.0442e+16,2018,1,1,Road Accidents,Not Applicable,City/Town,Open area,Human Error,No,Grievous Injury,Not Applicable,Not at  Junction,Others,NH,Bitumen(Tar),Dry,Not Applicable,Clear,NH75 ROAD,OPP HARISH BAR,1KM,0.0,0.0,0,0,0.0,0.0
Bengaluru Dist,Hosakote PS,1.0442e+16,2018,1,2,Road Accidents,Other,Rural Areas,Open area,Human Error,Not Applicable,Grievous Injury,Not Applicable,Uncontrolled,Others,State Highway,Bitumen(Tar),Dry,Not Applicable,Clear,Hosakote-chintamani Road,Near  Doddahulluru School Gate,10 km,0.0,0.0,0,0,0.0,0.0
Bengaluru Dist,Hosakote PS,1.0442e+16,2018,1,1,Road Accidents,Narrow road,Rural Areas,Open area,Human Error,No,Fatal,Skidding or Self accident,Not Applicable,Incline,Village Road,Bitumen(Tar),Ditch or Potholed,Not Applicable,Fine,appasandra road,x,15 km,0.0,0.0,0,5,0.0,5.0
Bengaluru Dist,Hosakote PS,1.0442e+16,2018,1,1,Road Accidents,Circle,Rural Areas,Open area,Not Applicable,Not Applicable,Simple Injury,Not Applicable,Not Applicable,Others,NH,Concrete,Dry,Not Applicable,Others,BANGALORE KOLAR HIGWAY ROAD NH 75 ROAD IB CIRCAL,IB CIRCLE,1 KM,0.0,0.0,0,0,0.0,0.0
Bengaluru Dist,Hosakote PS,1.0442e+16,2018,1,2,Road Accidents,Other,Rural Areas,Open area,Vehicle Defect,Not Applicable,Simple Injury,Others,Controlled,Others,NH,Bitumen(Tar),Dry,Not Applicable,Clear,BANGALORE KOLAR HIGWAY ROAD NH 75 ROAD SANTHE GATE,1,1 KM,0.0,0.0,0,0,0.0,0.0
Bengaluru Dist,Hosakote PS,1.0442e+16,2018,1,2,Road Accidents,Narrow road,City/Town,Near Petrol Pump,Human Error,No,Grievous Injury,Others,Not Applicable,Others,City or Town Road,Bitumen(Tar),Dry,Not Applicable,Clear,NEAR BYEREGOWDA PETROL BUNK T.G. EXTENTION HOSAKOTE,HOSAKOTE TOWN,05KM,0.0,0.0,0,0,0.0,0.0
Bengaluru Dist,Hosakote PS,1.0442e+16,2018,1,2,Road Accidents,Narrow road,City/Town,Near Bus stop,Human Error,Yes,Fatal,Side swipe,Not at  Junction,Straight and flat,State Highway,Not Applicable,Not Applicable,Not Applicable,Others,State highway,x,2 km,0.0,0.0,0,0,0.0,0.0
Bengaluru Dist,Hosakote PS,1.0442e+16,2018,1,1,Road Accidents,Narrow road,City/Town,Near Hospital,Human Error,No,Fatal,Hit pedestrian,Not Applicable,Straight and flat,State Highway,Not Applicable,Others,Not Applicable,Very Cold,S.H,X,2KM,0.0,0.0,0,1,0.0,1.0
Bengaluru Dist,Hosakote PS,1.0442e+16,2018,1,2,Road Accidents,Narrow road,Rural Areas,Open area,Human Error,Not Applicable,Grievous Injury,Others,Uncontrolled,Others,Village Road,Bitumen(Tar),Dry,Drainage Ditch,Clear,Hosakote-Maluru Road,Near Kannurhalli dinne,5 km,0.0,0.0,4,0,0.0,4.0
Bengaluru Dist,Hosakote PS,1.0442e+16,2018,1,2,Road Accidents,Narrow road,City/Town,Open area,Human Error,Not Applicable,Grievous Injury,Not Applicable,Not Applicable,Others,NH,Bitumen(Tar),Dry,Not Applicable,Clear,NH75 ROAD,NEAR SANTEGATE,1,0.0,0.0,0,0,0.0,0.0
Bengaluru Dist,Hosakote PS,1.0442e+16,2018,1,1,Road Accidents,Narrow road,Rural Areas,Open area,Human Error,Not Applicable,Simple Injury,Others,Uncontrolled,Others,NH,Bitumen(Tar),Dry,Not Applicable,Clear,"Bangalore To Kolar NH-75 Road, Near Halasahalli Gate",Near Halasahalli Gate,8 km,0.0,0.0,0,0,0.0,0.0
Bengaluru Dist,Hosakote PS,1.0442e+16,2018,1,2,Road Accidents,Narrow road,Rural Areas,Near Bus stop,Human Error,No,Fatal,Head on,Not Applicable,Straight and flat,NH,Bitumen(Tar),Dry,Not Applicable,Fine,NH 207,X,8 KM,0.0,0.0,0,0,0.0,0.0
Bengaluru Dist,Hosakote PS,1.0442e+16,2018,1,2,Road Accidents,Junction,City/Town,Near Bus stop,Human Error,Not Applicable,Damage Only,Not Applicable,Uncontrolled,Hump,NH,Bitumen(Tar),Dry,Not Applicable,Clear,Near IB Circle,Near IB Circle,1/2 km,0.0,0.0,0,0,0.0,0.0
Bengaluru Dist,Hosakote PS,1.0442e+16,2018,1,2,Road Accidents,Other,City/Town,Open area,Not Applicable,No,Simple Injury,Others,Not Applicable,Others,City or Town Road,Bitumen(Tar),Dry,Not Applicable,Clear,HOSAKOTE-BANGALORE ROAD NEAR CHECK POST HOSAKOTE TOWN,CHECK POST,1KM,0.0,0.0,0,0,0.0,0.0
Bengaluru Dist,Hosakote PS,1.0442e+16,2018,1,1,Road Accidents,Narrow road,City/Town,Open area,Human Error,Yes,Grievous Injury,Hit and Run,Not Applicable,Not Applicable,NH,Bitumen(Tar),Dry,Not Applicable,Clear,NH75 ROAD,NEAR SILICON CITY HOSPITAL,1KM,0.0,0.0,0,0,0.0,0.0
Bengaluru Dist,Hosakote PS,1.0442e+16,2018,1,2,Road Accidents,Not Applicable,Rural Areas,Open area,Human Error,No,Simple Injury,Others,Not at  Junction,Not Applicable,One way,Bitumen(Tar),Dry,Construction Work / Material,Clear,HOSAKOTE MALURU ROAD,VIJAYANAGARA GATE,10,0.0,0.0,2,0,0.0,2.0
Bengaluru Dist,Hosakote PS,1.0442e+16,2018,1,2,Road Accidents,Other,City/Town,Open area,Human Error,Not Applicable,Grievous Injury,Others,Uncontrolled,Others,Others,Bitumen(Tar),Dry,Not Applicable,Clear,Hosakote-Maluru Road  Near Haraluru Gate,Near Haraluru Gate,10,0.0,0.0,0,0,0.0,0.0
Bengaluru Dist,Hosakote PS,1.0442e+16,2018,1,1,Road Accidents,Narrow road,Rural Areas,Near Bus stop,Human Error,Yes,Fatal,Hit and Run,Not Applicable,Straight and flat,NH,Bitumen(Tar),Dry,Not Applicable,Fine,NH 207,x,3 km,0.0,0.0,0,0,0.0,0.0
Bengaluru Dist,Hosakote PS,1.0442e+16,2018,1,1,Road Accidents,T Junction,City/Town,Near Bus stop,Human Error,No,Fatal,Hit pedestrian,No signal lights,Not Applicable,NH,Bitumen(Tar),Not Applicable,Not Applicable,Fine,NH 75,X,1/2 KM,0.0,0.0,0,0,0.0,0.0
Bengaluru Dist,Hosakote PS,1.0442e+16,2018,1,2,Road Accidents,Circle,City/Town,Open area,Human Error,No,Grievous Injury,Overturning,Not Applicable,Others,NH,Bitumen(Tar),Dry,Not Applicable,Clear,NEAR LANCO TOLL U TURN,LANCO TOLL U TURN,2KM,0.0,0.0,0,0,0.0,0.0
Bengaluru Dist,Hosakote PS,1.0442e+16,2018,1,2,Not Applicable,Not Applicable,Rural Areas,Open area,Human Error,Not Applicable,Grievous Injury,Others,Uncontrolled,Others,NH,Bitumen(Tar),Dry,Not Applicable,Not Applicable,"Hosakote-Sulibele Road, Near Katteramma Temple",Near Katteramma Temple,8 km,0.0,0.0,0,0,0.0,0.0
Bengaluru Dist,Hosakote PS,1.0442e+16,2018,1,1,Road Accidents,Narrow road,City/Town,Near Hospital,Human Error,No,Fatal,Skidding or Self accident,Not at  Junction,Straight and flat,NH,Bitumen(Tar),Others,Not Applicable,Clear,NH,X,4 KM,0.0,0.0,0,1,0.0,1.0
Bengaluru Dist,Hosakote PS,1.0442e+16,2018,1,1,Road Accidents,Circle,Rural Areas,Open area,Not Applicable,Not Applicable,Simple Injury,Not Applicable,Not Applicable,Others,Two way,Bitumen(Tar),Dry,Not Applicable,Others,K R ROAD HOSAKOTE TOWN,1,500MTR,0.0,0.0,0,0,0.0,0.0
Bengaluru Dist,Hosakote PS,1.0442e+16,2018,1,1,Road Accidents,Culvert,Rural Areas,Narrow bridge or culverts,Human Error,No,Grievous Injury,Others,Not Applicable,Not Applicable,One way,Bitumen(Tar),Dry,Not Applicable,Clear,NEAR KEB OFFICE JADIGENAHALLI,NEAR KEB OFFICE,10KMS,0.0,0.0,0,0,0.0,0.0
Bengaluru Dist,Hosakote PS,1.0442e+16,2018,1,2,Road Accidents,Narrow road,City/Town,Near Hospital,Human Error,No,Damage Only,Others,Not Applicable,Not Applicable,NH,Bitumen(Tar),Dry,Not Applicable,Clear,NH75 ROAD,NEAR MVJ HOSPITAL,2KMS,0.0,0.0,0,0,0.0,0.0
Bengaluru Dist,Hosakote PS,1.0442e+16,2018,1,2,Road Accidents,Not Applicable,City/Town,Open area,Not Applicable,No,Simple Injury,Others,Not Applicable,Others,NH,Concrete,Dry,Not Applicable,Clear,BANGALORE KOLAR HIGHAY,HOSAKOTE TOLL,2 KMS,0.0,0.0,0,0,0.0,0.0
Bengaluru Dist,Hosakote PS,1.0442e+16,2018,1,2,Road Accidents,Circle,City/Town,Open area,Human Error,Not Applicable,Damage Only,Others,No signal lights,Hump,NH,Bitumen(Tar),Dry,Not Applicable,Clear,BANGALORE TO KOLAR NH75,GOUTHAM COLONY HOSAKOTE TOWN,2KM,0.0,0.0,0,0,0.0,0.0
Bengaluru Dist,Hosakote PS,1.0442e+16,2018,1,2,Road Accidents,Other,Rural Areas,Open area,Not Applicable,No,Simple Injury,Not Applicable,Not Applicable,Not Applicable,Residential Street,Not Applicable,Dry,Not Applicable,Clear,NH 75 ROAD ATTURU DARGA NEAR,NH 75 ROAD ATTURU DARGA NEAR,5KM,0.0,0.0,0,0,0.0,0.0
Bengaluru Dist,Hosakote PS,1.0442e+16,2018,1,2,Road Accidents,Other,City/Town,Open area,Not Applicable,Yes,Simple Injury,Hit and Run,Not Applicable,Others,NH,Bitumen(Tar),Dry,Not Applicable,Clear,BANGALORE KOLAR NH 75 SERVICE ROAD,NH 75 ROAD,1 KMS,0.0,0.0,0,0,0.0,0.0
Bengaluru Dist,Hosakote PS,1.0442e+16,2018,1,1,Road Accidents,Narrow road,City/Town,At pedestrian Crossing,Human Error,No,Fatal,Hit pedestrian,Not at  Junction,Straight and flat,NH,Bitumen(Tar),Dry,Pot holed,Fine,NH 75,X,1 KM,0.0,0.0,5,0,0.0,5.0
Bengaluru Dist,Hosakote PS,1.0442e+16,2018,1,2,Road Accidents,Other,City/Town,Near School or College,Human Error,No,Grievous Injury,Others,Not Applicable,Not Applicable,State Highway,Bitumen(Tar),Dry,Not Applicable,Clear,HOSAKOTE MALURU ROAD,NEAR ALLE AMMEN COLLAGE,2KM,0.0,0.0,0,0,0.0,0.0
Bengaluru Dist,Hosakote PS,1.0442e+16,2018,1,2,Road Accidents,Other,Rural Areas,Open area,Not Applicable,No,Simple Injury,Others,Not Applicable,Not Applicable,Village Road,Bitumen(Tar),Dry,Not Applicable,Clear,THAGLHOSAHALLI GATE,THAGLHOSAHALLI GATE,10 KMS,0.0,0.0,0,0,0.0,0.0
Bengaluru Dist,Hosakote PS,1.0442e+16,2018,1,2,Road Accidents,Narrow road,City/Town,Open area,Human Error,No,Grievous Injury,Not Applicable,Not Applicable,Not Applicable,NH,Bitumen(Tar),Dry,Not Applicable,Clear,NH75 ROAD,NEAR GOUTHAM COLONY HOSAKOTE TOWN,1KM,0.0,0.0,0,0,0.0,0.0
Bengaluru Dist,Hosakote PS,1.0442e+16,2018,1,2,Road Accidents,Circle,City/Town,Near Petrol Pump,Human Error,No,Grievous Injury,Others,Not Applicable,Not Applicable,NH,Bitumen(Tar),Dry,Construction Work / Material,Clear,OPP SADANA THEATER,NH75 ROAD,1KM,0.0,0.0,2,0,0.0,2.0
Bengaluru Dist,Hosakote PS,1.0442e+16,2018,1,1,Road Accidents,More than four arms,Villages settlement,At pedestrian Crossing,Human Error,Yes,Fatal,Hit and Run,No signal lights,Straight and flat,NH,Bitumen(Tar),Others,Not Applicable,Fine,NH 75,X,15 KM,0.0,0.0,0,1,0.0,1.0
Bengaluru Dist,Hosakote PS,1.0442e+16,2018,1,2,Road Accidents,T Junction,Not Applicable,Near Bus stop,Human Error,No,Grievous Injury,Others,Not at  Junction,Curve,NH,Bitumen(Tar),Dry,Not Applicable,Clear,NH75 ROAD,NEAR SANTEGATE,1KM,0.0,0.0,0,0,0.0,0.0
Bengaluru Dist,Hosakote PS,1.0442e+16,2018,1,2,Road Accidents,Narrow road,Rural Areas,Open area,Human Error,No,Damage Only,Not Applicable,Not Applicable,Not Applicable,NH,Bitumen(Tar),Not Applicable,Not Applicable,Clear,NH75 SERVICE ROAD,NEAR KARNATAKA FUNCTION HALLA,2KM,0.0,0.0,0,0,0.0,0.0
Bengaluru Dist,Hosakote PS,1.0442e+16,2018,1,2,Road Accidents,Not Applicable,City/Town,Open area,Human Error,Not Applicable,Damage Only,Rear end,Uncontrolled,Hump,NH,Bitumen(Tar),Dry,Not Applicable,Clear,"Kolar To Bangalore NH-75 Road, Near   Gowtham Coloney Circle, Hosakote Town",Near Gowtham Coloney,2 km,0.0,0.0,0,0,0.0,0.0
Bengaluru Dist,Hosakote PS,1.0442e+16,2018,1,2,Road Accidents,Not Applicable,Villages settlement,Open area,Human Error,No,Grievous Injury,Not Applicable,Not Applicable,Not Applicable,NH,Bitumen(Tar),Dry,Not Applicable,Clear,NEAR GOTTIPURA GATE,NH75 ROAD,6 KMS,0.0,0.0,0,0,0.0,0.0
Bengaluru Dist,Hosakote PS,1.0442e+16,2018,1,2,Road Accidents,Cross roads,City/Town,Open area,Human Error,Not Applicable,Simple Injury,Others,Uncontrolled,Others,Others,Bitumen(Tar),Dry,Not Applicable,Clear,Hosakote-chintamani Road  Near Siddartha Nagar,Near Siddaratha Nagar,4 km,0.0,0.0,0,0,0.0,0.0
Bengaluru Dist,Hosakote PS,1.0442e+16,2018,1,1,Road Accidents,Other,Rural Areas,Open area,Human Error,Not Applicable,Grievous Injury,Others,Uncontrolled,Others,State Highway,Bitumen(Tar),Dry,Not Applicable,Clear,"Near Doddahulluru Village,",Near  Doddahulluru School Gate,6 km,0.0,0.0,0,0,0.0,0.0
Bengaluru Dist,Hosakote PS,1.0442e+16,2018,1,2,Road Accidents,Narrow road,Not Applicable,Open area,Human Error,Not Applicable,Grievous Injury,Others,Not Applicable,Others,NH,Bitumen(Tar),Dry,Not Applicable,Clear,Bangalore - Kolar NH-75 Near Lanco Toll,Near  Toll,2 km,0.0,0.0,0,0,0.0,0.0
Bengaluru Dist,Hosakote PS,1.0442e+16,2018,1,2,Road Accidents,Cross roads,Rural Areas,Open area,Human Error,No,Simple Injury,Others,Controlled,Not Applicable,NH,Bitumen(Tar),Dry,Not Applicable,Clear,NH75 SERVICE ROAD,NEAR MVJ HOSPITAL,2KMS,0.0,0.0,0,0,0.0,0.0
Bengaluru Dist,Hosakote PS,1.0442e+16,2018,1,2,Road Accidents,Narrow road,City/Town,Near Bus stop,Human Error,No,Fatal,Head on,Not at  Junction,Straight and flat,NH,Bitumen(Tar),Others,Not Applicable,Fine,NH 75,X,1 KM,0.0,0.0,0,1,0.0,1.0
Bengaluru Dist,Hosakote PS,1.0442e+16,2018,1,2,Road Accidents,Other,Not Applicable,Open area,Human Error,Not Applicable,Simple Injury,Others,Not Applicable,Others,NH,Bitumen(Tar),Dry,Not Applicable,Clear,NH207 ROAD,NEAR DUPANAHALLI MUNIYAPPA BADAVANE,5KM,0.0,0.0,0,0,0.0,0.0
Bengaluru Dist,Hosakote PS,1.0442e+16,2018,1,1,Road Accidents,Narrow road,Rural Areas,Open area,Human Error,No,Not Applicable,Not Applicable,Not Applicable,Not Applicable,NH,Bitumen(Tar),Dry,Not Applicable,Clear,NH75 ROAD,NEAR SULTAN DHABA,3KMS,0.0,0.0,0,0,0.0,0.0
Bengaluru Dist,Hosakote PS,1.0442e+16,2018,1,2,Road Accidents,Other,Rural Areas,Residential area,Human Error,Yes,Grievous Injury,Head on,Uncontrolled,Hump,Residential Street,Concrete,Dry,Not Applicable,Clear,Near Gopi House,Kublahalli Road,8km,0.0,0.0,0,0,0.0,0.0
Bengaluru Dist,Hosakote PS,1.0442e+16,2018,1,2,Road Accidents,Bridge,City/Town,Open area,Human Error,No,Damage Only,Not Applicable,Controlled,Not Applicable,NH,Bitumen(Tar),Dry,Not Applicable,Clear,NH75 ROAD,SANTEGATE FLY OVER,1KM,0.0,0.0,0,0,0.0,0.0
Bengaluru Dist,Hosakote PS,1.0442e+16,2018,1,1,Road Accidents,Other,City/Town,Open area,Human Error,Not Applicable,Grievous Injury,Others,Uncontrolled,Not Applicable,NH,Bitumen(Tar),Dry,Not Applicable,Clear,"Kolar To Bengaluru NH-75 Road, Near Commercial Check post",Near Commercial Check post,1 km,0.0,0.0,0,0,0.0,0.0
Bengaluru Dist,Hosakote PS,1.0442e+16,2018,1,1,Not Applicable,Other,City/Town,Open area,Human Error,Not Applicable,Grievous Injury,Others,Uncontrolled,Others,City or Town Road,Bitumen(Tar),Dry,Not Applicable,Clear,"Kolar To Bangalore NH-75 Road, Near Harish Bar",Near Harish Bar,1 km,0.0,0.0,0,0,0.0,0.0
Bengaluru Dist,Hosakote PS,1.0442e+16,2018,1,1,Road Accidents,Narrow road,Rural Areas,Near Bus stop,Not Applicable,No,Not Applicable,Not Applicable,Not Applicable,Not Applicable,NH,Bitumen(Tar),Dry,Not Applicable,Clear,NH75 ROAD,1KM,1,0.0,0.0,0,0,0.0,0.0
Bengaluru Dist,Hosakote PS,1.0442e+16,2018,1,1,Road Accidents,Road hump or Rumble strips,City/Town,Near Petrol Pump,Human Error,No,Fatal,Hit pedestrian,Not Applicable,Straight and flat,Service Road,Bitumen(Tar),Dry,Not Applicable,Clear,service road,x,1km,0.0,0.0,0,0,0.0,0.0
Bengaluru Dist,Hosakote PS,1.0442e+16,2018,1,2,Road Accidents,Not Applicable,Rural Areas,Open area,Vehicle Defect,No,Grievous Injury,Not Applicable,Controlled,Not Applicable,NH,Bitumen(Tar),Dry,Not Applicable,Clear,NH75 ROAD,HALASAHALLI GATE,4KMS,0.0,0.0,0,0,0.0,0.0
Bengaluru Dist,Hosakote PS,1.0442e+16,2018,1,2,Road Accidents,Not Applicable,City/Town,Narrow bridge or culverts,Human Error,No,Grievous Injury,Not Applicable,No signal lights,Not Applicable,NH,Bitumen(Tar),Dry,Not Applicable,Clear,NEAR SANTEGATE,SANTEGATE,1KM,0.0,0.0,0,0,0.0,0.0
Bengaluru Dist,Hosakote PS,1.0442e+16,2018,1,2,Road Accidents,Narrow road,City/Town,Open area,Human Error,No,Grievous Injury,Not Applicable,Not at  Junction,Not Applicable,NH,Bitumen(Tar),Dry,Not Applicable,Clear,NH207 ROAD,NEAR DUPANAHALLI MUNIYAPPA BADAVANE,2KM,0.0,0.0,0,0,0.0,0.0
Bengaluru Dist,Hosakote PS,1.0442e+16,2018,1,2,Road Accidents,Not Applicable,City/Town,Open area,Human Error,No,Grievous Injury,Not Applicable,Controlled,Not Applicable,NH,Bitumen(Tar),Dry,Not Applicable,Others,NH75 SERVICE ROAD,1KM,1,0.0,0.0,0,0,0.0,0.0
Bengaluru Dist,Hosakote PS,1.0442e+16,2018,1,2,Road Accidents,Not Applicable,Rural Areas,Open area,Human Error,Not Applicable,Grievous Injury,Not Applicable,Uncontrolled,Others,State Highway,Bitumen(Tar),Dry,Not Applicable,Clear,"Hosakote-Maluru Road, Near Thaggali Hosahalli Gate",Near Thaggali Hosahalli Gate,15 km,0.0,0.0,0,0,0.0,0.0
Bengaluru Dist,Hosakote PS,1.0442e+16,2018,1,1,Road Accidents,More than four arms,City/Town,Near Petrol Pump,Human Error,No,Fatal,Hit pedestrian,Not at  Junction,Straight and flat,NH,Bitumen(Tar),Dry,Not Applicable,Fine,NH 75,X,1 KM,0.0,0.0,0,0,0.0,0.0
Bengaluru Dist,Hosakote PS,1.0442e+16,2018,1,1,Road Accidents,Narrow road,City/Town,Near Bus stop,Human Error,Yes,Fatal,Hit pedestrian,Not at  Junction,Straight and flat,City or Town Road,Bitumen(Tar),Others,Not Applicable,Fine,town road,x,1km,0.0,0.0,0,1,0.0,1.0
Bengaluru Dist,Hosakote PS,1.0442e+16,2018,1,2,Road Accidents,Not Applicable,Rural Areas,Open area,Human Error,Yes,Grievous Injury,Hit and Run,Not Applicable,Others,NH,Bitumen(Tar),Dry,Not Applicable,Clear,NH75 ROAD,LANCO TOLL U TURN,1KM,0.0,0.0,0,0,0.0,0.0
Bengaluru Dist,Hosakote PS,1.0442e+16,2018,1,1,Road Accidents,Narrow road,City/Town,Open area,Human Error,No,Grievous Injury,Hit and Run,Not Applicable,Not Applicable,NH,Bitumen(Tar),Dry,Not Applicable,Clear,NH75 ROAD,NEAR KRISHNA SAGAR HOTEL,0.3 KM,0.0,0.0,0,0,0.0,0.0
Bengaluru Dist,Hosakote PS,1.0442e+16,2018,1,2,Road Accidents,Other,City/Town,Open area,Human Error,Not Applicable,Grievous Injury,Others,Uncontrolled,Others,Others,Bitumen(Tar),Dry,Not Applicable,Clear,"Near Kurubara pete,Ashwath Katte",Near Kurubarapete,2 km,0.0,0.0,0,0,0.0,0.0
Bengaluru Dist,Hosakote PS,1.0442e+16,2018,1,2,Road Accidents,Other,Rural Areas,Open area,Not Applicable,No,Grievous Injury,Others,Not Applicable,Others,Residential Street,Bitumen(Tar),Dry,Not Applicable,Clear,HOSAKOTE-CHINTAMANI ROAD RAJAPOLALA HOUSE,DODDAHULLURU HOSAKOTE TQ,8 KM,0.0,0.0,0,0,0.0,0.0
Bengaluru Dist,Hosakote PS,1.0442e+16,2018,1,1,Road Accidents,Other,City/Town,Open area,Human Error,Not Applicable,Grievous Injury,Not Applicable,Uncontrolled,Others,NH,Bitumen(Tar),Dry,Not Applicable,Clear,Near Gowtham Circle,Near Gowtham Coloney,2 km,0.0,0.0,0,0,0.0,0.0
Bengaluru Dist,Hosakote PS,1.0442e+16,2018,1,2,Road Accidents,Narrow road,City/Town,Narrow bridge or culverts,Human Error,No,Fatal,Run Off Road,Not Applicable,Straight and flat,NH,Not Applicable,Others,Not Applicable,Fine,NH 75,X,0.5 KM,0.0,0.0,0,1,0.0,1.0
Bengaluru Dist,Hosakote PS,1.0442e+16,2018,1,2,Road Accidents,Not Applicable,Rural Areas,Open area,Not Applicable,Yes,Grievous Injury,Hit and Run,Not Applicable,Others,Village Road,Bitumen(Tar),Dry,Not Applicable,Others,HOSAKOTE-SULIBELE ROAD NEAR THIRUMALA BAR,HOSAKOTE SULIBELE ROAD,6km,0.0,0.0,0,0,0.0,0.0
Bengaluru Dist,Hosakote PS,1.0442e+16,2018,1,1,Road Accidents,T Junction,City/Town,Narrow bridge or culverts,Human Error,No,Fatal,Skidding or Self accident,Not Applicable,Steep Incline or Climb,Service Road,Bitumen(Tar),Wet,Not Applicable,Clear,service road,x,1 km,0.0,0.0,0,3,0.0,3.0
Bengaluru Dist,Hosakote PS,1.0442e+16,2018,1,1,Road Accidents,Other,Rural Areas,Open area,Human Error,Not Applicable,Grievous Injury,Others,Not at  Junction,Not Applicable,One way,Bitumen(Tar),Dry,Not Applicable,Clear,HOSAKOTE MALURU ROAD,NEAR HARALURU GATE,3KMS,0.0,0.0,0,0,0.0,0.0
Bengaluru Dist,Hosakote PS,1.0442e+16,2018,1,2,Road Accidents,Other,City/Town,Open area,Human Error,No,Damage Only,Others,Not Applicable,Others,NH,Bitumen(Tar),Dry,Not Applicable,Clear,NH75 ROAD,NEAR MSIL HOSAKOTET TOWN,1KM,0.0,0.0,0,0,0.0,0.0
Bengaluru Dist,Hosakote PS,1.0442e+16,2018,1,2,Road Accidents,Narrow road,City/Town,Open area,Human Error,Not Applicable,Grievous Injury,Others,Uncontrolled,Others,NH,Bitumen(Tar),Dry,Not Applicable,Clear,"Kolar To Bangalore NH-75 Road, Near   Santhe Gate Fly Over Bridge",Near Snathe Gate Fly Over Bridge,5 km,0.0,0.0,0,0,0.0,0.0
Bengaluru Dist,Hosakote PS,1.0442e+16,2018,1,2,Road Accidents,Narrow road,City/Town,Near Hospital,Human Error,No,Fatal,Hit parked vehicle,Not at  Junction,Straight and flat,NH,Surfaced,Flooded,Not Applicable,Fine,nh75,x,2 km,0.0,0.0,0,5,,
Bengaluru Dist,Hosakote PS,1.0442e+16,2018,1,2,Road Accidents,T Junction,Rural Areas,Near or inside a village,Human Error,No,Fatal,Head on,No signal lights,Straight and flat,State Highway,Bitumen(Tar),Others,Not Applicable,Fine,HOSAKOTE MALUR ROAD,X,10 KM,0.0,0.0,0,1,0.0,1.0
Bengaluru Dist,Hosakote PS,1.0442e+16,2018,1,1,Road Accidents,Circle,City/Town,Open area,Human Error,Yes,Grievous Injury,Run Off Road,No signal lights,Not Applicable,NH,Bitumen(Tar),Ditch or Potholed,Not Applicable,Clear,NH75 SERVICE ROAD,IB CIRCLE,0.3 KM,0.0,0.0,0,5,0.0,5.0
Bengaluru Dist,Hosakote PS,1.0442e+16,2018,1,1,Road Accidents,Other,City/Town,Open area,Human Error,Not Applicable,Grievous Injury,Not Applicable,Uncontrolled,Others,City or Town Road,Bitumen(Tar),Dry,Not Applicable,Clear,"Near citizen School , Hosakote Town",Near Sri Krishna Sagar Hotel,1 km,0.0,0.0,0,0,0.0,0.0
Bengaluru Dist,Hosakote PS,1.0442e+16,2018,1,1,Road Accidents,Narrow road,City/Town,Open area,Human Error,No,Simple Injury,Others,Not at  Junction,Not Applicable,NH,Bitumen(Tar),Dry,Not Applicable,Clear,HOSAKOTE-DEVANAHALLI 207 ROAD,1KM NORTH,1KM,0.0,0.0,0,0,0.0,0.0
Bengaluru Dist,Hosakote PS,1.0442e+16,2018,1,2,Road Accidents,Other,Rural Areas,Open area,Human Error,No,Fatal,Head on,Not at  Junction,Straight and flat,State Highway,Bitumen(Tar),Others,Not Applicable,Clear,SH,X,6 KM,0.0,0.0,0,1,0.0,1.0