DISTRICTNAME,UNITNAME,Crime_No,Year,RI,Noofvehicle_involved,Accident_Classification,Accident_Spot,Accident_Location,Accident_SubLocation,Main_Cause,Hit_Run,Severity,Collision_Type,Junction_Control,Road_Character,Road_Type,Surface_Type,Surface_Condition,Road_Condition,Weather,Accident_Road,Landmark_first,Distance_LandMark_First,Latitude,Longitude,Road_Condition_Score,Surface_Condition_Score,Surface_Type_Score,Road_Risk_Index
Bengaluru Dist,Hosakote PS,1.0442e+16,2018,1,2,Road Accidents,Narrow road,Villages settlement,Open area,Human Error,No,Grievous Injury,Others,Not Applicable,Not Applicable,NH,Bitumen(Tar),Dry,Not Applicable,Clear,NH75 ROAD,NEAR KOLATHUR GATE,4KMS,0.0,0.0,0,0,0.0,0.0
Bengaluru Dist,Hosakote PS,1.0442e+16,2018,1,1,Road Accidents,Other,Rural Areas,Open area,Human Error,No,Fatal,Skidding or Self accident,Not Applicable,Sharp Curve,Village Road,Gravel,Muddy,Pot holed,Light Rain,VILLAGE ROAD,X,10 KM,0.0,0.0,5,4,3.0,12.0
Bengaluru Dist,Hosakote PS,1.0442e+16,2018,1,2,Road Accidents,Not Applicable,City/Town,Residential area,Human Error,Yes,Grievous Injury,Hit and Run,Not at  Junction,Not Applicable,One way,Bitumen(Tar),Dry,Not Applicable,Clear,NEAR DIFFENCE LAYOUT,DANDUPALYA,2KMS,0.0,0.0,0,0,0.0,0.0
Bengaluru Dist,Hosakote PS,1.0442e+16,2018,1,2,Road Accidents,Narrow road,Rural Areas,Open area,Human Error,Yes,Grievous Injury,Hit and Run,Controlled,Not Applicable,State Highway,Bitumen(Tar),Dry,Not Applicable,Clear,NEAR BELAVANGALA,NEAR SHANTHI GRAMA,10KMS,0.0,0.0,0,0,0.0,0.0
Bengaluru Dist,Hosakote PS,1.0442e+16,2018,1,1,Road Accidents,Narrow road,City/Town,Near Hospital,Human Error,No,Fatal,Head on,No signal lights,Straight and flat,NH,Bitumen(Tar),Not Applicable,Not Applicable,Fine,NH75,X,1.5 KM,0.0,0.0,0,0,0.0,0.0
Bengaluru Dist,Hosakote PS,1.0442e+16,2018,1,2,Road Accidents,Other,City/Town,Open area,Human Error,No,Damage Only,Not Applicable,Not Applicable,Others,NH,Bitumen(Tar),Dry,Not Applicable,Cloudy,NH75 ROAD,GOUTHAM COLONY HOSAKOTE TOWN,1,0.0,0.0,0,0,0.0,0.0
Bengaluru Dist,Hosakote PS,1.0442e+16,2018,1,2,Road Accidents,Y Junction,City/Town,Open area,Human Error,No,Grievous Injury,Not Applicable,Not at  Junction,Others,NH,Bitumen(Tar),Dry,Not Applicable,Clear,NH75 ROAD,LANCO TOLL U TURN,1KM,0.0,0.0,0,0,0.0,0.0
Bengaluru Dist,Hosakote PS,1.0442e+16,2018,1,1,Road Accidents,Other,City/Town,Near School or College,Human Error,No,Grievous Injury,Drowned,Uncontrolled,Hump,One way,Bitumen(Tar),Dry,Not Applicable,Clear,HOSAKOTE CHINTAMANI  ROAD,NEAR KYATHI COLLAGE,2KM,0.0,0.0,0,0,0.0,0.0
Bengaluru Dist,Hosakote PS,1.0442e+16,2018,1,2,Road Accidents,Narrow road,Rural Areas,Near Hospital,Human Error,No,Fatal,Hit parked vehicle,Not at  Junction,Straight and flat,NH,Bitumen(Tar),Wet,Not Applicable,Fine,NH75,X,5KM,0.0,0.0,0,3,0.0,3.0
Bengaluru Dist,Hosakote PS,1.0442e+16,2018,1,1,Road Accidents,Other,Rural Areas,Near Bus stop,Human Error,Not Applicable,Grievous Injury,Others,Uncontrolled,Not Applicable,State Highway,Bitumen(Tar),Dry,Not Applicable,Clear,Near Jadigenahalli Bus Stop,Near Jadigenahalli,10 km,0.0,0.0,0,0,0.0,0.0
Bengaluru Dist,Hosakote PS,1.0442e+16,2018,1,2,Road Accidents,Narrow road,Rural Areas,Open area,Human Error,Not Applicable,Damage Only,Others,Uncontrolled,Not Applicable,NH,Bitumen(Tar),Dry,Not Applicable,Clear,Near BAMIL Car Show Room,Near Baiml Car Show Room,5km,0.0,0.0,0,0,0.0,0.0
Bengaluru Dist,Hosakote PS,1.0442e+16,2018,1,2,Road Accidents,Other,Rural Areas,Open area,Not Applicable,No,Damage Only,Not Applicable,Not Applicable,Others,Village Road,Kutcha,Dry,Drainage Ditch,Snow,HOSAKOTE-MALURU ROAD NEAR KARIBIRANAHOSAHALLI HOSAKOTE,ROAD,8 KM,0.0,0.0,4,0,4.0,8.0
Bengaluru Dist,Hosakote PS,1.0442e+16,2018,1,2,Road Accidents,Junction,City/Town,Open area,Human Error,No,Grievous Injury,Others,Not Applicable,Others,NH,Bitumen(Tar),Dry,Not Applicable,Clear,NH75 ROAD,NEAR LANCO TOLL,1KM,0.0,0.0,0,0,0.0,0.0
Bengaluru Dist,Hosakote PS,1.0442e+16,2018,1,2,Road Accidents,Circle,City/Town,Near Bus stop,Human Error,No,Fatal,Rear end,No signal lights,Straight and flat,NH,Bitumen(Tar),Others,Not Applicable,Fine,NH 75,X,300 Mt,0.0,0.0,0,1,0.0,1.0
Bengaluru Dist,Hosakote PS,1.0442e+16,2018,1,1,Road Accidents,Other,City/Town,Open area,Human Error,No,Fatal,Hit pedestrian,Not Applicable,Straight and flat,Service Road,Not Applicable,Others,Not Applicable,Fine,SERVICE ROAD,X,1 KM,0.0,0.0,0,1,0.0,1.0
Bengaluru Dist,Hosakote PS,1.0442e+16,2018,1,1,Road Accidents,Other,Rural Areas,Open area,Human Error,Not Applicable,Damage Only,Others,Uncontrolled,Not Applicable,Residential Street,Bitumen(Tar),Dry,Not Applicable,Clear,"Kallahalli Road,",Near Kantharaja House,8 km,0.0,0.0,0,0,0.0,0.0
Bengaluru Dist,Hosakote PS,1.0442e+16,2018,1,2,Road Accidents,Circle,City/Town,Open area,Human Error,Not Applicable,Grievous Injury,Others,Uncontrolled,Others,NH,Bitumen(Tar),Dry,Not Applicable,Clear,"Kolar To Bengaluru NH-75 Service Road, Near Santhe gate",Near Santhe gate,2 km,0.0,0.0,0,0,0.0,0.0
Bengaluru Dist,Hosakote PS,1.0442e+16,2018,1,2,Road Accidents,Junction,City/Town,Open area,Human Error,Not Applicable,Simple Injury,Others,Uncontrolled,Others,NH,Bitumen(Tar),Dry,Not Applicable,Clear,"Bangalore - Kolar NH-75  Service Road, Near Santhe Gate",Near Santhe gate,2 km,0.0,0.0,0,0,0.0,0.0
Bengaluru Dist,Hosakote PS,1.0442e+16,2018,1,1,Road Accidents,Other,Rural Areas,Open area,Human Error,Not Applicable,Grievous Injury,Others,Uncontrolled,Not Applicable,Not Applicable,Bitumen(Tar),Dry,Not Applicable,Clear,Hosakote-Maluru Road,Near Haraluru Gate,8 km,0.0,0.0,0,0,0.0,0.0
Bengaluru Dist,Hosakote PS,1.0442e+16,2018,1,1,Road Accidents,Narrow road,City/Town,At pedestrian Crossing,Human Error,No,Fatal,Hit pedestrian,Not at  Junction,Straight and flat,NH,Bitumen(Tar),Not Applicable,Not Applicable,Fine,nh 75,x,2 km,0.0,0.0,0,0,0.0,0.0
Bengaluru Dist,Hosakote PS,1.0442e+16,2018,1,2,Road Accidents,Bridge,Rural Areas,Open area,Human Error,Yes,Damage Only,Others,No signal lights,Not Applicable,Two way,Bitumen(Tar),Dry,Not Applicable,Clear,HOSAKOTE CHINTAMANI  ROAD,SIDDARTHA NAGARA BRDIGE,2KMS,0.0,0.0,0,0,0.0,0.0
Bengaluru Dist,Hosakote PS,1.0442e+16,2018,1,2,Road Accidents,Other,City/Town,Open area,Not Applicable,No,Simple Injury,Others,Not Applicable,Not Applicable,NH,Bitumen(Tar),Others,Not Applicable,Clear,KOLAR -BANGALORE NH 75,TOLL,1 KM,0.0,0.0,0,1,0.0,1.0
Bengaluru Dist,Hosakote PS,1.0442e+16,2018,1,2,Road Accidents,Other,Rural Areas,Open area,Human Error,Not Applicable,Grievous Injury,Others,Uncontrolled,Others,NH,Bitumen(Tar),Dry,Not Applicable,Clear,"Bengaluru To Kolar NH-75 Road, Near gottipura",Near Gottipura Gate,10 km,0.0,0.0,0,0,0.0,0.0
Bengaluru Dist,Hosakote PS,1.0442e+16,2018,1,1,Road Accidents,Other,Rural Areas,Near Bus stop,Human Error,No,Grievous Injury,Not Applicable,Not at  Junction,Others,NH,Bitumen(Tar),Not Applicable,Not Applicable,Clear,NH207 ROAD,NEAR ALAPPANAHALLI GATE,4KMS,0.0,0.0,0,0,0.0,0.0
Bengaluru Dist,Hosakote PS,1.0442e+16,2018,1,2,Road Accidents,Other,Rural Areas,Open area,Not Applicable,No,Simple Injury,Others,Not Applicable,Others,NH,Bitumen(Tar),Dry,Not Applicable,Clear,HOSAKOTE-SULIBELE NH 75 ROAD,NEAR ALAPPANAHALLI HOSKAOTE,8 KM,0.0,0.0,0,0,0.0,0.0
Bengaluru Dist,Hosakote PS,1.0442e+16,2018,1,1,Road Accidents,Narrow road,City/Town,Near Bus stop,Human Error,No,Grievous Injury,Others,Police / Manual,Not Applicable,NH,Bitumen(Tar),Dry,Not Applicable,Clear,NH75 ROAD,NEAR IB CIRCLE,0.4 KM,0.0,0.0,0,0,0.0,0.0
Bengaluru Dist,Hosakote PS,1.0442e+16,2018,1,2,Road Accidents,Other,City/Town,Open area,Human Error,No,Grievous Injury,Others,Not Applicable,Not Applicable,NH,Bitumen(Tar),Dry,Not Applicable,Clear,NH-75 ROAD,NEAR GOUTHAM COLONY HOSAKOTE TOWN,1KM,0.0,0.0,0,0,0.0,0.0
Bengaluru Dist,Hosakote PS,1.0442e+16,2018,1,1,Road Accidents,Other,Rural Areas,Open area,Human Error,Not Applicable,Grievous Injury,Others,Uncontrolled,Others,Others,Bitumen(Tar),Dry,Not Applicable,Clear,"Hosakote-chintamani Road, Near Chikkahulluru Gate",Near Chikkahulluru,10 km,0.0,0.0,0,0,0.0,0.0
Bengaluru Dist,Hosakote PS,1.0442e+16,2018,1,2,Road Accidents,Other,City/Town,Open area,Human Error,No,Simple Injury,Others,Not Applicable,Hump,NH,Bitumen(Tar),Dry,Not Applicable,Clear,NH75 ROAD,NEAR GOUTHAM COLONY HOSAKOTE TOWN,1KM,0.0,0.0,0,0,0.0,0.0
Bengaluru Dist,Hosakote PS,1.0442e+16,2018,1,3,Road Accidents,Narrow road,City/Town,Open area,Human Error,No,Fatal,Head on,Not at  Junction,Straight and flat,State Highway,Not Applicable,Not Applicable,Not Applicable,Fine,chinthamani road,x,2 km,0.0,0.0,0,0,0.0,0.0
Bengaluru Dist,Hosakote PS,1.0442e+16,2018,1,1,Road Accidents,Other,Rural Areas,Open area,Not Applicable,Not Applicable,Simple Injury,Others,Not Applicable,Others,Village Road,Bitumen(Tar),Dry,Not Applicable,Clear,HOSAKOTE KANNURAHALLI ROAD,HOSAKOTE KANNURAHALLI ROAD,4 KMS,0.0,0.0,0,0,0.0,0.0
Bengaluru Dist,Hosakote PS,1.0442e+16,2018,1,3,Road Accidents,Other,City/Town,Open area,Human Error,Not Applicable,Simple Injury,Others,Uncontrolled,Not Applicable,City or Town Road,Bitumen(Tar),Dry,Not Applicable,Clear,Near Axis Bank,Near Axis Bank,1km,0.0,0.0,0,0,0.0,0.0
Bengaluru Dist,Hosakote PS,1.0442e+16,2018,1,2,Road Accidents,Narrow road,Rural Areas,Open area,Human Error,No,Grievous Injury,Right Turn Collision,No signal lights,Not Applicable,One way,Bitumen(Tar),Dry,Not Applicable,Clear,HOSAKOTE MALURU ROAD,NEAR HARALURU GATE,3KMS,0.0,0.0,0,0,0.0,0.0
Bengaluru Dist,Hosakote PS,1.0442e+16,2018,1,2,Road Accidents,Junction,Villages settlement,Near Bus stop,Human Error,No,Fatal,Others,No signal lights,Straight and flat,NH,Bitumen(Tar),Ditch or Potholed,Not Applicable,Fine,NH 207,X,6 KM,0.0,0.0,0,5,0.0,5.0
Bengaluru Dist,Hosakote PS,1.0442e+16,2018,1,1,Road Accidents,Narrow road,Rural Areas,Open area,Human Error,No,Fatal,Skidding or Self accident,Not at  Junction,Straight and flat,State Highway,Bitumen(Tar),Ditch or Potholed,Not Applicable,Fine,HOSAKOTE -MALUR ROAD,X,2 KM,0.0,0.0,0,5,0.0,5.0
Bengaluru Dist,Hosakote PS,1.0442e+16,2018,1,2,Road Accidents,Other,City/Town,Open area,Human Error,Not Applicable,Simple Injury,Others,Uncontrolled,Not Applicable,NH,Bitumen(Tar),Dry,Not Applicable,Clear,"Bengaluru To Kolar NH-75 Road, Near Toll",Near Toll,3 km,0.0,0.0,0,0,0.0,0.0
Bengaluru Dist,Hosakote PS,1.0442e+16,2018,1,2,Road Accidents,Circle,City/Town,Open area,Human Error,No,Grievous Injury,Not Applicable,Not Applicable,Not Applicable,NH,Bitumen(Tar),Not Applicable,Not Applicable,Clear,NEAR LANCO TOLL U TURN,NEAR LANCO TOLL,1KM,0.0,0.0,0,0,0.0,0.0
Bengaluru Dist,Hosakote PS,1.0442e+16,2018,1,1,Road Accidents,Cross roads,Rural Areas,Open area,Human Error,No,Damage Only,Not Applicable,Not Applicable,Not Applicable,NH,Bitumen(Tar),Dry,Not Applicable,Clear,NH75 ROAD,NEAR KOLATHUR U TURN,3KMS,0.0,0.0,0,0,0.0,0.0
Bengaluru Dist,Hosakote PS,1.0442e+16,2018,1,2,Road Accidents,Other,City/Town,Near School or College,Human Error,No,Grievous Injury,Not Applicable,Not Applicable,Hump,State Highway,Bitumen(Tar),Dry,Not Applicable,Clear,HOSAKOTE-CHINTAMANI ROAD,NEAR KYATHI COLLAGE,1.5KMS,0.0,0.0,0,0,0.0,0.0
Bengaluru Dist,Hosakote PS,1.0442e+16,2018,1,2,Road Accidents,Not Applicable,City/Town,Open area,Human Error,No,Damage Only,Others,Not Applicable,Not Applicable,One way,Bitumen(Tar),Dry,Not Applicable,Clear,HOSAKOTE MALURU ROAD,NEAR INDIAN HOTE,2KMS,0.0,0.0,0,0,0.0,0.0
Bengaluru Dist,Hosakote PS,1.0442e+16,2018,1,2,Road Accidents,Not Applicable,Not Applicable,Open area,Not Applicable,No,Simple Injury,Others,Not Applicable,Others,NH,Bitumen(Tar),Dry,Not Applicable,Clear,BANGALORE TO KOLAR NH 75 ROAD,BANGALORE TO KOLAR ROAD NH 75 NEAR TOLL,2,0.0,0.0,0,0,0.0,0.0
Bengaluru Dist,Hosakote PS,1.0442e+16,2018,1,2,Road Accidents,Other,City/Town,Open area,Not Applicable,No,Simple Injury,Others,Not Applicable,Others,NH,Bitumen(Tar),Dry,Not Applicable,Clear,BANGALORE TO KOLAR NH 75 ROAD,NEAR KEB CIRCLE,1 KMS,0.0,0.0,0,0,0.0,0.0
Bengaluru Dist,Hosakote PS,1.0442e+16,2018,1,2,Road Accidents,Junction,City/Town,Open area,Human Error,Not Applicable,Damage Only,Others,No signal lights,Not Applicable,Two way,Bitumen(Tar),Dry,Not Applicable,Clear,NH75 ROAD,NEAR SANTEGATE,1KM,0.0,0.0,0,0,0.0,0.0
Bengaluru Dist,Hosakote PS,1.0442e+16,2018,1,1,Road Accidents,Narrow road,City/Town,Open area,Human Error,No,Fatal,Hit pedestrian,Not Applicable,Straight and flat,Service Road,Bitumen(Tar),Not Applicable,Not Applicable,Fine,service road,x,1 km,0.0,0.0,0,0,0.0,0.0
Bengaluru Dist,Hosakote PS,1.0442e+16,2018,1,1,Road Accidents,Bridge,City/Town,Narrow bridge or culverts,Human Error,No,Grievous Injury,Not Applicable,Controlled,Not Applicable,NH,Bitumen(Tar),Dry,Not Applicable,Clear,NH75 SERVICE ROAD,NEAR DODDAMANIKERE,1,0.0,0.0,0,0,0.0,0.0
Bengaluru Dist,Hosakote PS,1.0442e+16,2018,1,2,Road Accidents,Other,City/Town,Open area,Human Error,No,Fatal,Others,Not at  Junction,Straight and flat,NH,Bitumen(Tar),Wet,Not Applicable,Fine,NH75,x,2 km,0.0,0.0,0,3,0.0,3.0
Bengaluru Dist,Hosakote PS,1.0442e+16,2018,1,2,Road Accidents,Other,City/Town,Open area,Human Error,Not Applicable,Damage Only,Others,Uncontrolled,Others,NH,Bitumen(Tar),Dry,Not Applicable,Clear,Near BAMIL Car Show Room,Near Baiml Car Show Room,3 km,0.0,0.0,0,0,0.0,0.0
Bengaluru Dist,Hosakote PS,1.0442e+16,2018,1,1,Road Accidents,Narrow road,Rural Areas,Open area,Human Error,Not Applicable,Simple Injury,Others,Uncontrolled,Not Applicable,NH,Bitumen(Tar),Dry,Not Applicable,Clear,HOSAKOTE CHINTAMANI ROAD NEAR NANDI GRAND HOTEL,NEAR NANDI GRAND HOTEL,8 KM,0.0,0.0,0,0,0.0,0.0
Bengaluru Dist,Hosakote PS,1.0442e+16,2018,1,2,Road Accidents,Not Applicable,City/Town,Open area,Human Error,Yes,Grievous Injury,Hit and Run,Not Applicable,Not Applicable,NH,Bitumen(Tar),Not Applicable,Not Applicable,Clear,NH75 ROAD,NEAR SADANA THEATER,1KM,0.0,0.0,0,0,0.0,0.0
Bengaluru Dist,Hosakote PS,1.0442e+16,2018,1,2,Road Accidents,Narrow road,City/Town,Open area,Human Error,Not Applicable,Damage Only,Others,Uncontrolled,Not Applicable,City or Town Road,Bitumen(Tar),Dry,Not Applicable,Clear,Near Gowtham Circle,Near Gowtham Coloney,3 km,0.0,0.0,0,0,0.0,0.0
Bengaluru Dist,Hosakote PS,1.0442e+16,2018,1,2,Not Applicable,Not Applicable,Rural Areas,Open area,Human Error,Not Applicable,Damage Only,Others,Uncontrolled,Others,NH,Bitumen(Tar),Dry,Not Applicable,Clear,"Kolar To Bangalore NH-75 Road, Near  Atturu Gate",Near Atturu Gate,10km,0.0,0.0,0,0,0.0,0.0
Bengaluru Dist,Hosakote PS,1.0442e+16,2018,1,2,Road Accidents,Other,City/Town,Open area,Human Error,Not Applicable,Grievous Injury,Others,Controlled,Others,Others,Bitumen(Tar),Dry,Not Applicable,Clear,Hosakote-Maluru Road Near Al Ameen College,Hosakote    Malru Road  Near Al Ameen  College,3 km,0.0,0.0,0,0,0.0,0.0
Bengaluru Dist,Hosakote PS,1.0442e+16,2019,1,1,Road Accidents,Narrow road,City/Town,Near Bus stop,Human Error,Yes,Fatal,Hit pedestrian,Not at  Junction,Straight and flat,State Highway,Bitumen(Tar),Wet,No influence on accident,Clear,SH,X,2KM,13.073017,77.803602,0,3,0.0,3.0
Bengaluru Dist,Hosakote PS,1.0442e+16,2019,1,2,Road Accidents,Junction,Rural Areas,Near Bus stop,Human Error,No,Fatal,Vehicle to Vehicle,Uncontrolled,Straight and flat,State Highway,Bitumen(Tar),Others,Not Applicable,Fine,STATE HIGH WAY,X,3 KM,13.085023,77.825324,0,1,0.0,1.0
Bengaluru Dist,Hosakote PS,1.0442e+16,2019,1,2,Road Accidents,Narrow road,Rural Areas,Near School or College,Human Error,No,Grievous Injury,Vehicle to Vehicle,Controlled,Not Applicable,State Highway,Bitumen(Tar),Dry,Not Applicable,Clear,OPP GOVT SCHOOL,MALURHOSAKOTE ROAD,8KMS,13.048796,77.856129,0,0,0.0,0.0
Bengaluru Dist,Hosakote PS,1.0442e+16,2019,1,1,Road Accidents,Not Applicable,Rural Areas,Open area,Human Error,Not Applicable,Grievous Injury,Vehicle to Vehicle,Uncontrolled,Not Applicable,NH,Bitumen(Tar),Dry,Not Applicable,Clear,"Hosakote -Chintamani Road, Near Nandi Grand Hotel",Near Nandi Grand  Hotel,8 km,13.060417,77.771204,0,0,0.0,0.0
Bengaluru Dist,Hosakote PS,1.0442e+16,2019,1,2,Road Accidents,Narrow road,City/Town,Open area,Human Error,Not Applicable,Grievous Injury,Vehicle to Vehicle,Uncontrolled,Not Applicable,NH,Bitumen(Tar),Dry,Not Applicable,Clear,"Bengaluru To Kolar NH-75 Road, Near Lanco Toll",Near Lanco Toll,4km,13.058027,77.7694629,0,0,0.0,0.0
Bengaluru Dist,Hosakote PS,1.0442e+16,2019,1,2,Road Accidents,Other,Rural Areas,Open area,Not Applicable,Not Applicable,Grievous Injury,Others,Not Applicable,Others,NH,Bitumen(Tar),Others,Not Applicable,Clear,KOLAR -BANGALORE NH 75,ATTIVATTA GATE,10 KMS,13.07175,77.781561,0,1,0.0,1.0
Bengaluru Dist,Hosakote PS,1.0442e+16,2019,1,2,Road Accidents,Other,Rural Areas,Open area,Human Error,No,Grievous Injury,Not Applicable,Not at  Junction,Curve,One way,Bitumen(Tar),Others,Not Applicable,Clear,NEAR KANNURAHALLI,CHIMANDAHALLI HOSAKOTE ROAD,3KMS,13.071265,77.785963,0,1,0.0,1.0
Bengaluru Dist,Hosakote PS,1.0442e+16,2019,1,2,Road Accidents,Narrow road,Rural Areas,Open area,Human Error,Yes,Fatal,Vehicle to Vehicle,Not Applicable,Straight and flat,NH,Bitumen(Tar),Others,Not Applicable,Fine,NH 75,X,8 KM,13.097422,77.855535,0,1,0.0,1.0
Bengaluru Dist,Hosakote PS,1.0442e+16,2019,1,2,Road Accidents,Narrow road,Rural Areas,Open area,Human Error,Not Applicable,Simple Injury,Vehicle to Vehicle,Uncontrolled,Others,NH,Bitumen(Tar),Dry,Not Applicable,Clear,"Kolar To Bengarluru NH-75 Road, Near Kothruru Gate, Hosakote Taluk",Near Kolthuru Gate,8km,13.084945,77.825265,0,0,0.0,0.0
Bengaluru Dist,Hosakote PS,1.0442e+16,2019,1,2,Road Accidents,Narrow road,City/Town,Open area,Human Error,No,Grievous Injury,Vehicle to Vehicle,Not at  Junction,Not Applicable,NH,Bitumen(Tar),Dry,Not Applicable,Clear,NEAR MARUTHI SUZUKI SHOW ROOM,NH75 ROAD,1 KM,13.076718,77.805896,0,0,0.0,0.0
Bengaluru Dist,Hosakote PS,1.0442e+16,2019,1,2,Road Accidents,Narrow road,City/Town,Open area,Human Error,No,Fatal,Vehicle to Vehicle,Not at  Junction,Straight and flat,NH,Bitumen(Tar),Others,Not Applicable,Cloudy,nh,x,1km,13.060111,77.770633,0,1,0.0,1.0
Bengaluru Dist,Hosakote PS,1.0442e+16,2019,1,2,Road Accidents,Narrow road,Rural Areas,Open area,Human Error,No,Fatal,Vehicle to Vehicle,Give way sign,Straight and flat,NH,Bitumen(Tar),Others,Not Applicable,Clear,NH 75,X,6 KM,13.098749,77.858528,0,1,0.0,1.0
Bengaluru Dist,Hosakote PS,1.0442e+16,2019,1,2,Road Accidents,Cross roads,City/Town,Near Bus stop,Human Error,Yes,Grievous Injury,Vehicle to Vehicle,Give way sign,Curve,NH,Bitumen(Tar),Dry,Not Applicable,Clear,SANTEGATE CIRCLE,HOSAKOTE TOWN,1KM,13.077503,77.801766,0,0,0.0,0.0
Bengaluru Dist,Hosakote PS,1.0442e+16,2019,1,2,Road Accidents,Narrow road,Rural Areas,Open area,Human Error,No,Grievous Injury,Vehicle to Vehicle,No signal lights,Not Applicable,NH,Bitumen(Tar),Dry,Not Applicable,Clear,ATTUR U TURN,NH 75 ROAD,5KMS,13.098749,77.858723,0,0,0.0,0.0
Bengaluru Dist,Hosakote PS,1.0442e+16,2019,1,2,Road Accidents,Narrow road,City/Town,Near Bus stop,Human Error,No,Damage Only,Vehicle to Vehicle,Not Applicable,Not Applicable,NH,Bitumen(Tar),Dry,Not Applicable,Clear,OPP MAM HOTEL,HOSAKOTE TOWN,1KM,13.074273,77.790688,0,0,0.0,0.0
Bengaluru Dist,Hosakote PS,1.0442e+16,2019,1,2,Road Accidents,Cross roads,City/Town,Residential area,Human Error,No,Grievous Injury,Vehicle to Vehicle,Stop Sign,Hump,NH,Bitumen(Tar),Dry,No influence on accident,Clear,OPP EDIFY APARTMENT,1KM TOWARDS WEST,1KM,13.053662,77.763141,0,0,0.0,0.0
Bengaluru Dist,Hosakote PS,1.0442e+16,2019,1,2,Road Accidents,Junction,Villages settlement,Near Bus stop,Human Error,No,Grievous Injury,Overturning,Stop sign,Curve,Two way,Bitumen(Tar),Dry,Not Applicable,Clear,HOSAKOTE MALURU ROAD,NEAR DEVANAGUNDI CROSS,2KMS,13.060217,77.827476,0,0,0.0,0.0
Bengaluru Dist,Hosakote PS,1.0442e+16,2019,1,1,Road Accidents,Not Applicable,Rural Areas,Open area,Human Error,No,Grievous Injury,Others,Not at  Junction,Not Applicable,Others,Not Applicable,Muddy,Not Applicable,Clear,UPPARAHALLI,NEAR NH207 ROAD,2KMS,13.089169,77.781529,0,4,0.0,4.0
Bengaluru Dist,Hosakote PS,1.0442e+16,2019,1,1,Road Accidents,Narrow road,City/Town,Open area,Human Error,Yes,Fatal,Hit pedestrian,Not at  Junction,Sharp Curve,NH,Surfaced,Others,Not Applicable,Cloudy,nationla highway,x,2 km,13.068875,77.786827,0,1,,
Bengaluru Dist,Hosakote PS,1.0442e+16,2019,1,1,Road Accidents,Not Applicable,City/Town,Near Hospital,Human Error,No,Grievous Injury,Not Applicable,Not Applicable,Not Applicable,Mixed,Bitumen(Tar),Dry,Not Applicable,Clear,MVJ HOSPITAL,NEAR MVJ HOSPITAL,2KMS,13.079607,77.8122,0,0,0.0,0.0
Bengaluru Dist,Hosakote PS,1.0442e+16,2019,1,2,Road Accidents,Cross roads,Rural Areas,Near Bus stop,Human Error,No,Grievous Injury,Vehicle to Vehicle,Controlled,Not Applicable,NH,Bitumen(Tar),Dry,Not Applicable,Clear,NH-75 ROAD,MYELAPURA GATE,8KMS,13.107663,77.873348,0,0,0.0,0.0
Bengaluru Dist,Hosakote PS,1.0442e+16,2019,1,2,Road Accidents,Not Applicable,City/Town,Near Bus stop,Human Error,No,Grievous Injury,Vehicle to Vehicle,Controlled,Not Applicable,NH,Bitumen(Tar),Others,Not Applicable,Clear,NH-75 ROAD,IB CIRCLE,300 ME,13.070282,77.78369,0,1,0.0,1.0
Bengaluru Dist,Hosakote PS,1.0442e+16,2019,1,2,Road Accidents,Narrow road,Rural Areas,Open area,Human Error,Not Applicable,Grievous Injury,Vehicle to Vehicle,Uncontrolled,Others,State Highway,Bitumen(Tar),Dry,Not Applicable,Clear,"Maluru-Hosakote Road, Near Muraji Desai School, Jadigenahalli",Near Moraji Desai School,10 km,13.056184,77.848857,0,0,0.0,0.0
Bengaluru Dist,Hosakote PS,1.0442e+16,2019,1,1,Road Accidents,Narrow road,Rural Areas,Open area,Human Error,No,Fatal,Hit pedestrian,Not at  Junction,Straight and flat,Minor District Road,Bitumen(Tar),Dry,Pot holed,Fine,j.k road,x,4km,13.097989,77.811173,5,0,0.0,5.0
Bengaluru Dist,Hosakote PS,1.0442e+16,2019,1,2,Road Accidents,Narrow road,Rural Areas,Open area,Human Error,No,Grievous Injury,Vehicle to Vehicle,No signal lights,Straight and flat,NH,Bitumen(Tar),Dry,Not Applicable,Clear,NEAR NH-75 DHABA,MYELAPURA GATE,10KMS,13.104423,77.869417,0,0,0.0,0.0
Bengaluru Dist,Hosakote PS,1.0442e+16,2019,1,1,Road Accidents,Narrow road,City/Town,Near Bus stop,Human Error,No,Fatal,Hit pedestrian,Not at  Junction,Straight and flat,Service Road,Bitumen(Tar),Dry,Not Applicable,Clear,service road,x,1km,13.075107,77.792063,0,0,0.0,0.0
Bengaluru Dist,Hosakote PS,1.0442e+16,2019,1,2,Road Accidents,Junction,Rural Areas,Open area,Human Error,No,Grievous Injury,Others,Not at  Junction,Others,NH,Bitumen(Tar),Dry,Not Applicable,Clear,NEAR GOTTIPURA GATE,4KMS TOWARDS EAST,4,13.094952,77.846586,0,0,0.0,0.0
Bengaluru Dist,Hosakote PS,1.0442e+16,2019,1,2,Road Accidents,Not Applicable,Villages settlement,Open area,Human Error,No,Grievous Injury,Others,Not Applicable,Not Applicable,NH,Bitumen(Tar),Dry,Not Applicable,Clear,NEAR MYELAPURA GATE,NH75 ROAD,7KMS,13.106974,77.873252,0,0,0.0,0.0
Bengaluru Dist,Hosakote PS,1.0442e+16,2019,1,2,Road Accidents,Other,Rural Areas,Open area,Human Error,Not Applicable,Grievous Injury,Rear end,Uncontrolled,Others,NH,Bitumen(Tar),Dry,Not Applicable,Clear,"Kolar To Bengaluru NH 75 Road, Near Gottipura Gate",Near Gottipura Gate,8 km,13.094947,77.8468609,0,0,0.0,0.0
Bengaluru Dist,Hosakote PS,1.0442e+16,2019,1,1,Road Accidents,Not Applicable,City/Town,Open area,Human Error,Not Applicable,Grievous Injury,Vehicle to Vehicle,Uncontrolled,Not Applicable,Others,Bitumen(Tar),Dry,Not Applicable,Clear,"Kannurahalli Road Near Anusree Bakery ,M.V.Extention",Near Anusree Bakery,2 km,13.069188,77.7879299,0,0,0.0,0.0
Bengaluru Dist,Hosakote PS,1.0442e+16,2019,1,1,Road Accidents,Not Applicable,City/Town,Open area,Human Error,Not Applicable,Grievous Injury,Not Applicable,Uncontrolled,Others,NH,Bitumen(Tar),Dry,Pot holed,Clear,"College Road, Near Blue Dart Courier",Near Blue Dart Courier Office,4km,13.065367,77.794527,5,0,0.0,5.0
Bengaluru Dist,Hosakote PS,1.0442e+16,2019,1,2,Road Accidents,Narrow road,Rural Areas,Open area,Human Error,Not Applicable,Grievous Injury,Vehicle to Vehicle,Uncontrolled,Not Applicable,NH,Bitumen(Tar),Dry,Not Applicable,Clear,"Bengaluru To Kolar NH-75 Road, Near Attivatta Gate",Near Attivatta Gate,10 km,13.097451,77.855618,0,0,0.0,0.0