DISTRICTNAME,UNITNAME,Crime_No,Year,RI,Noofvehicle_involved,Accident_Classification,Accident_Spot,Accident_Location,Accident_SubLocation,Main_Cause,Hit_Run,Severity,Collision_Type,Junction_Control,Road_Character,Road_Type,Surface_Type,Surface_Condition,Road_Condition,Weather,Accident_Road,Landmark_first,Distance_LandMark_First,Latitude,Longitude,Road_Condition_Score,Surface_Condition_Score,Surface_Type_Score,Road_Risk_Index
Bengaluru Dist,Hosakote PS,1.0442e+16,2020,1,2,Road Accidents,Road hump or Rumble strips,City/Town,Open area,Human Error,No,Fatal,Vehicle to Vehicle,Signal lights Blinking,Straight and flat,NH,Bitumen(Tar),Dry,No influence on accident,Fine,NH75,NEAR LANCO TOLL,3KM,13.058287,77.769651,0,0,0.0,0.0
Bengaluru Dist,Hosakote PS,1.0442e+16,2020,1,2,Road Accidents,Narrow road,City/Town,Open area,Human Error,No,Fatal,Vehicle to Vehicle,Not at  Junction,Straight and flat,NH,Bitumen(Tar),Dry,No influence on accident,Clear,bengaluru to kolar,near camrshial tax office,1km,13.066095,77.776684,0,0,0.0,0.0
Bengaluru Dist,Hosakote PS,1.0442e+16,2020,1,2,Road Accidents,Narrow road,City/Town,Near Bus stop,Not Applicable,No,Damage Only,Vehicle to Vehicle,Stop sign,Hump,One way,Surfaced,Flooded,Not Applicable,Fine,NH 75,GOWTHAM COLONY,ONE,13.076766,77.7951939,0,5,,
Bengaluru Dist,Hosakote PS,1.0442e+16,2020,1,2,Road Accidents,Narrow road,City/Town,Open area,Human Error,Not Applicable,Grievous Injury,Vehicle to Vehicle,Uncontrolled,Not Applicable,Others,Bitumen(Tar),Dry,Not Applicable,Clear,"Bengaluru To Kolar NH-75 Road, Near MVJ Hospital",Near MVJ  Hospital,5 km,13.074118,77.9316649,0,0,0.0,0.0
Bengaluru Dist,Hosakote PS,1.0442e+16,2020,1,2,Road Accidents,Circle,Rural Areas,Near Bus stop,Human Error,No,Damage Only,Vehicle to Vehicle,Controlled,Not Applicable,NH,Bitumen(Tar),Dry,Not Applicable,Clear,ATTUR U TURN,6KMS TOWARDS EAST,6 KMS,13.118866,77.773148,0,0,0.0,0.0
Bengaluru Dist,Hosakote PS,1.0442e+16,2020,1,3,Road Accidents,Narrow road,Rural Areas,Open area,Human Error,No,Fatal,Vehicle to Vehicle,Not at  Junction,Straight and flat,NH,Bitumen(Tar),Dry,No influence on accident,Clear,kolar to bengaluru road,x,8km,13.089979,77.836169,0,0,0.0,0.0
Bengaluru Dist,Hosakote PS,1.0442e+16,2020,1,2,Road Accidents,Junction,Rural Areas,Open area,Human Error,Yes,Fatal,Vehicle to Vehicle,No signal lights,Straight and flat,State Highway,Bitumen(Tar),Ditch or Potholed,No influence on accident,Fine,SHIDLAGATTA ROAD,X,5KM,13.101003,77.799231,0,5,0.0,5.0
Bengaluru Dist,Hosakote PS,1.0442e+16,2020,1,2,Road Accidents,Narrow road,Rural Areas,Open area,Human Error,No,Grievous Injury,Vehicle to Vehicle,Not Applicable,Not Applicable,NH,Surfaced,Dry,Not Applicable,Clear,NH-75 ROAD,NEAR GOTTIPUR GATE,8KMS,13.095104,77.846759,0,0,,
Bengaluru Dist,Hosakote PS,1.0442e+16,2020,1,1,Road Accidents,Narrow road,Rural Areas,Open area,Human Error,Yes,Grievous Injury,Hit pedestrian,Not Applicable,Straight and flat,Others,Bitumen(Tar),Dry,Not Applicable,Clear,"OROHALLI- INJANAHALLI ROAD,",OPP KUNTE,10KMS,13.076749,77.795965,0,0,0.0,0.0
Bengaluru Dist,Hosakote PS,1.0442e+16,2020,1,2,Road Accidents,Cross roads,Rural Areas,Open area,Human Error,Yes,Grievous Injury,Vehicle to Vehicle,No signal lights,Not Applicable,Two way,Bitumen(Tar),Dry,Not Applicable,Clear,UPPARAHALLI BRIDGE,UPPARAHALLI GATE,3KMS,13.073673,77.785103,0,0,0.0,0.0
Bengaluru Dist,Hosakote PS,1.0442e+16,2020,1,2,Road Accidents,Narrow road,Rural Areas,Open area,Human Error,Not Applicable,Simple Injury,Vehicle to Vehicle,Uncontrolled,Not Applicable,NH,Bitumen(Tar),Dry,Not Applicable,Clear,"Kolar To Bengaluru  NH-75 Road, Near MVJ Hospital",Near MVJ  Hospital,6 km,13.078898,77.811849,0,0,0.0,0.0
Bengaluru Dist,Hosakote PS,1.0442e+16,2020,1,2,Road Accidents,Narrow road,Rural Areas,Near School or College,Human Error,No,Grievous Injury,Vehicle to Vehicle,Controlled,Hump,NH,Bitumen(Tar),Ditch or Potholed,Not Applicable,Clear,OPP MVJ HOSPITAL,BANGALORE KOLAR NH75 ROAD,1KM,13.079337,77.812186,0,5,0.0,5.0
Bengaluru Dist,Hosakote PS,1.0442e+16,2020,1,2,Road Accidents,Narrow road,City/Town,Open area,Human Error,Yes,Grievous Injury,Vehicle to Vehicle,Uncontrolled,Not Applicable,State Highway,Bitumen(Tar),Dry,Not Applicable,Clear,"Maluru To Hosakote Road, Near Star Weigh Bridge",Near Star weigh Bridge,5 km,13.075318,77.804151,0,0,0.0,0.0
Bengaluru Dist,Hosakote PS,1.0442e+16,2020,1,2,Road Accidents,Narrow road,Rural Areas,Open area,Human Error,Not Applicable,Grievous Injury,Vehicle to Vehicle,Uncontrolled,Others,NH,Bitumen(Tar),Dry,Not Applicable,Clear,"Kolar To Bengaluru NH-75 Road, Near Myalapura Gate",Near Mylapura Gate,10 km,13.107014,77.873397,0,0,0.0,0.0
Bengaluru Dist,Hosakote PS,1.0442e+16,2020,1,1,Road Accidents,Narrow road,Rural Areas,Open area,Human Error,Not Applicable,Grievous Injury,Not Applicable,Uncontrolled,Not Applicable,NH,Bitumen(Tar),Dry,Not Applicable,Clear,"Hosakote To Sulibele NH 207 Road, Near Alappanahalli Gate",Near Alapannahalli Gate,8 km,13.117176,77.7734109,0,0,0.0,0.0
Bengaluru Dist,Hosakote PS,1.0442e+16,2020,1,2,Road Accidents,Curves,City/Town,Open area,Human Error,Not Applicable,Grievous Injury,Vehicle to Vehicle,Uncontrolled,Others,Others,Bitumen(Tar),Dry,Pot holed,Clear,Bengaluru To Kolar Nh-75 Road Near Hosakote Lanco,Near Hosakote Lanco Toll,3 km,13.059635,77.7707859,5,0,0.0,5.0
Bengaluru Dist,Hosakote PS,1.0442e+16,2020,1,2,Road Accidents,Narrow road,Rural Areas,Open area,Human Error,No,Fatal,Vehicle to Vehicle,Not at  Junction,Straight and flat,NH,Bitumen(Tar),Wet,Not Applicable,Clear,NH 207,X,6KM,13.108599,77.7759229,0,3,0.0,3.0
Bengaluru Dist,Hosakote PS,1.0442e+16,2020,1,1,Road Accidents,Narrow road,Rural Areas,Open area,Human Error,Yes,Fatal,Hit pedestrian,Not at  Junction,Straight and flat,NH,Bitumen(Tar),Wet,Not Applicable,Clear,NH207,NEAR SHOBODAYA HOTEL,5KM,13.109552,77.775223,0,3,0.0,3.0
Bengaluru Dist,Hosakote PS,1.0442e+16,2020,1,2,Road Accidents,Narrow road,Rural Areas,Narrow bridge or culverts,Not Applicable,Not Applicable,Damage Only,Vehicle to Vehicle,Uncontrolled,Straight and flat,NH,Not Applicable,Dry,Not Applicable,Fine,NO,BEML SHOW ROOM OPPSIT,2KM,13.076987,77.8070649,0,0,0.0,0.0
Bengaluru Dist,Hosakote PS,1.0442e+16,2020,1,2,Road Accidents,Junction,City/Town,Near Bus stop,Human Error,Yes,Fatal,Vehicle to Vehicle,No signal lights,Straight and flat,NH,Bitumen(Tar),Wet,No influence on accident,Clear,BENGALURU-KOLAR ROAD,X,100 Mt,13.070798,77.784249,0,3,0.0,3.0
Bengaluru Dist,Hosakote PS,1.0442e+16,2020,1,2,Road Accidents,Junction,City/Town,Open area,Human Error,Not Applicable,Grievous Injury,Vehicle to Vehicle,Uncontrolled,Others,NH,Bitumen(Tar),Dry,Not Applicable,Clear,"Bengaluru TO Kolar NH-75 Road, Near Gowtham Circle",Near Gowtham Circle,3 km,13.077353,77.796919,0,0,0.0,0.0
Bengaluru Dist,Hosakote PS,1.0442e+16,2020,1,1,Road Accidents,Narrow road,Rural Areas,Open area,Human Error,Yes,Fatal,Hit pedestrian,Not at  Junction,Straight and flat,Others,Bitumen(Tar),Ditch or Potholed,No influence on accident,Clear,VILLAGE ROAD,X,8KM,13.096605,77.859805,0,5,0.0,5.0
Bengaluru Dist,Hosakote PS,1.0442e+16,2020,1,2,Road Accidents,Narrow road,Rural Areas,Open area,Human Error,No,Fatal,Vehicle to Vehicle,Give way sign,Straight and flat,NH,Bitumen(Tar),Ditch or Potholed,Pot holed,Clear,NH,X,10 KM,13.065753,77.77615,5,5,0.0,10.0
Bengaluru Dist,Hosakote PS,1.0442e+16,2020,1,2,Road Accidents,Narrow road,Rural Areas,Near Bus stop,Not Applicable,No,Simple Injury,Vehicle to Vehicle,Uncontrolled,Others,State Highway,Bitumen(Tar),Dry,Not Applicable,Fine,hosakote-maluru road,near gonakanahalli gete,8km,13.042991,77.87181,0,0,0.0,0.0
Bengaluru Dist,Hosakote PS,1.0442e+16,2020,1,2,Road Accidents,Narrow road,Rural Areas,Open area,Human Error,No,Grievous Injury,Vehicle to Vehicle,Not at  Junction,Others,One way,Bitumen(Tar),Dry,Not Applicable,Clear,HOSAKOTE-SHIDLAGHATTA ROAD,OPP SOUPARNIKA APARTMENT,5KM,13.103392,77.798298,0,0,0.0,0.0
Bengaluru Dist,Hosakote PS,1.0442e+16,2020,1,2,Road Accidents,Narrow road,Rural Areas,Open area,Human Error,Not Applicable,Damage Only,Vehicle to Vehicle,Uncontrolled,Others,NH,Bitumen(Tar),Dry,Not Applicable,Clear,Near Upparahalli Kere Bridge,Near Upparahalli Kere Bridge,4km,13.086509,77.781462,0,0,0.0,0.0
Bengaluru Dist,Hosakote PS,1.0442e+16,2020,1,1,Road Accidents,Narrow road,City/Town,Near Petrol Pump,Human Error,No,Fatal,Hit pedestrian,Not at  Junction,Straight and flat,NH,Bitumen(Tar),Others,No influence on accident,Clear,BENGALURU-KOLAR ROAD,NEAR PETROL BUNK,100 Mt,13.07756,77.794636,0,1,0.0,1.0
Bengaluru Dist,Hosakote PS,1.0442e+16,2020,1,2,Road Accidents,Narrow road,Rural Areas,Near Petrol Pump,Not Applicable,No,Damage Only,Vehicle to Vehicle,Uncontrolled,Not Applicable,Others,Bitumen(Tar),Dry,Not Applicable,Fine,hosakote-maluru road,near essar petrol bank,10km,13.052003,77.854254,0,0,0.0,0.0
Bengaluru Dist,Hosakote PS,1.0442e+16,2020,1,2,Road Accidents,Narrow road,City/Town,Near Hospital,Human Error,No,Fatal,Vehicle to Vehicle,Not at  Junction,Straight and flat,Service Road,Bitumen(Tar),Wet,No influence on accident,Wind,SERVICE ROAD,X,1KM,13.066921,77.777836,0,3,0.0,3.0
Bengaluru Dist,Hosakote PS,1.0442e+16,2020,1,1,Road Accidents,Narrow road,City/Town,In bazaar,Human Error,No,Fatal,Hit pedestrian,Not at  Junction,Straight and flat,NH,Bitumen(Tar),Wet,No influence on accident,Light Rain,Kolar to Bengaluru road,x,1km,13.074038,77.790452,0,3,0.0,3.0
Bengaluru Dist,Hosakote PS,1.0442e+16,2020,1,1,Road Accidents,Narrow road,Rural Areas,Near or inside a village,Human Error,No,Fatal,Not Applicable,Not at  Junction,Straight and flat,NH,Bitumen(Tar),Wet,No influence on accident,Fine,NH,X,6KM,13.088383,77.786752,0,3,0.0,3.0
Bengaluru Dist,Hosakote PS,1.0442e+16,2020,1,2,Road Accidents,Narrow road,City/Town,Open area,Human Error,Not Applicable,Grievous Injury,Vehicle to Vehicle,Uncontrolled,Not Applicable,NH,Bitumen(Tar),Dry,Not Applicable,Clear,"Kolar To Bengaluru NH-75 Road, Near Attivatt Gate",Neat Attivatta Gate,8 km,13.095717,77.817564,0,0,0.0,0.0
Bengaluru Dist,Hosakote PS,1.0442e+16,2020,1,1,Road Accidents,Narrow road,City/Town,Open area,Human Error,Not Applicable,Grievous Injury,Not Applicable,Not Applicable,Not Applicable,NH,Bitumen(Tar),Dry,Not Applicable,Clear,Near Gowtham Circle,Near Gowtham Circle,3km,13.076939,77.795591,0,0,0.0,0.0
Bengaluru Dist,Hosakote PS,1.0442e+16,2020,1,2,Road Accidents,Narrow road,City/Town,Open area,Human Error,Yes,Grievous Injury,Vehicle to Vehicle,Uncontrolled,Not Applicable,NH,Bitumen(Tar),Dry,Not Applicable,Clear,"Bengaluru To Kolar NH-75 Road, Near I.B.Circle, Hosakote Town",Near IB Circle,1 km,13.072191,77.787025,0,0,0.0,0.0
Bengaluru Dist,Hosakote PS,1.0442e+16,2020,1,2,Road Accidents,Narrow road,City/Town,Open area,Human Error,Not Applicable,Grievous Injury,Vehicle to Vehicle,Uncontrolled,Not Applicable,Others,Bitumen(Tar),Dry,Not Applicable,Clear,"Kannurahalli Road, Near 1 st Main , Kaveri Nagar, Hosakote Town",Near Kavri Nagar,2 km,13.064978,77.801969,0,0,0.0,0.0
Bengaluru Dist,Hosakote PS,1.0442e+16,2020,1,1,Road Accidents,Narrow road,Rural Areas,Open area,Human Error,Not Applicable,Grievous Injury,Not Applicable,Uncontrolled,Not Applicable,Not Applicable,Bitumen(Tar),Dry,Not Applicable,Clear,"Hosakote - Chintamani Road, Near Chikkahulluru",Near Chikkahulluru,10 km,13.103393,77.827049,0,0,0.0,0.0
Bengaluru Dist,Hosakote PS,1.0442e+16,2020,1,2,Road Accidents,Narrow road,Rural Areas,Open area,Human Error,No,Fatal,Vehicle to Vehicle,Not at  Junction,Straight and flat,NH,Bitumen(Tar),Wet,Pot holed,Clear,NH207,X,4KM,13.103,77.779163,5,3,0.0,8.0
Bengaluru Dist,Hosakote PS,1.0442e+16,2020,1,2,Road Accidents,Not Applicable,City/Town,Near Bus stop,Human Error,No,Simple Injury,Vehicle to Vehicle,Controlled,Others,NH,Surfaced,Dry,Not Applicable,Clear,NH207 ROAD,NEAR CHANNABYREGOUDA STADIUM,1KM,13.071833,77.784658,0,0,,
Bengaluru Dist,Hosakote PS,1.0442e+16,2020,1,2,Road Accidents,Narrow road,City/Town,Open area,Human Error,Not Applicable,Grievous Injury,Vehicle to Vehicle,Uncontrolled,Not Applicable,NH,Bitumen(Tar),Dry,Not Applicable,Clear,"Near Forest Office, Hosakote Town",Near Forest Office,1km,13.071462,77.787041,0,0,0.0,0.0
Bengaluru Dist,Hosakote PS,1.0442e+16,2020,1,2,Road Accidents,Narrow road,Rural Areas,Open area,Human Error,Not Applicable,Not Applicable,Vehicle to Vehicle,Uncontrolled,Others,Others,Bitumen(Tar),Dry,Not Applicable,Clear,Hosakote To Maluru  Road  Near Haraluru Gate,Near Haraluru Gate,10 km,13.098705,77.8589419,0,0,0.0,0.0
Bengaluru Dist,Hosakote PS,1.0442e+16,2020,1,2,Road Accidents,Narrow road,City/Town,Open area,Human Error,No,Fatal,Vehicle to Vehicle,Not at  Junction,Straight and flat,State Highway,Bitumen(Tar),Wet,Pot holed,Clear,SH,NEAR SANTE GETE,2KM,13.078604,77.80253,5,3,0.0,8.0
Bengaluru Dist,Hosakote PS,1.0442e+16,2020,1,1,Road Accidents,Narrow road,Rural Areas,Open area,Human Error,Not Applicable,Grievous Injury,Not Applicable,Uncontrolled,Others,NH,Bitumen(Tar),Dry,Not Applicable,Clear,"Bengaluru To Kolar NH-75 Road, Near Mylapura Gate",Near Myalpura Gate,10 km,13.094818,77.8467539,0,0,0.0,0.0
Bengaluru Dist,Hosakote PS,1.0442e+16,2020,1,2,Road Accidents,Narrow road,City/Town,Open area,Human Error,Yes,Fatal,Vehicle to Vehicle,Not at  Junction,Straight and flat,Service Road,Bitumen(Tar),Wet,No influence on accident,Fine,SERVICE ROAD,NEAR DUM BIRIYANI HOTEL,1KM,13.067604,77.778916,0,3,0.0,3.0
Bengaluru Dist,Hosakote PS,1.0442e+16,2020,1,2,Road Accidents,Circle,City/Town,Near Bus stop,Human Error,No,Grievous Injury,Vehicle to Vehicle,Not Applicable,Hump,NH,Bitumen(Tar),Not Applicable,Not Applicable,Clear,IB CIRCLE,03 KM TOWARDS EAST,0.3 KM,13.069786,77.784107,0,0,0.0,0.0
Bengaluru Dist,Hosakote PS,1.0442e+16,2020,1,2,Road Accidents,Narrow road,City/Town,Near Bus stop,Human Error,No,Grievous Injury,Vehicle to Vehicle,Not Applicable,Straight and flat,NH,Bitumen(Tar),Dry,Not Applicable,Clear,KEB CIRCLE,HOSAKOTE TOWN,05KM,13.072413,77.78719,0,0,0.0,0.0
Bengaluru Dist,Hosakote PS,1.0442e+16,2020,1,2,Road Accidents,Road hump or Rumble strips,City/Town,Near Bus stop,Human Error,No,Simple Injury,Vehicle to Vehicle,Controlled,Hump,NH,Surfaced,Dry,Not Applicable,Clear,NH 75,KOLAR BANGALORE NH 75,1KM,13.070036,77.783758,0,0,,
Bengaluru Dist,Hosakote PS,1.0442e+16,2020,1,2,Road Accidents,Circle,City/Town,Open area,Human Error,Not Applicable,Grievous Injury,Vehicle to Vehicle,Uncontrolled,Others,NH,Bitumen(Tar),Dry,Not Applicable,Clear,"Bengaluru To Kolar NH-75 Road, Near Gowtham Circle, Hosakote Town",Near Gowtham Circle,2 km,13.076771,77.795195,0,0,0.0,0.0
Bengaluru Dist,Hosakote PS,1.0442e+16,2020,1,2,Road Accidents,Narrow road,Rural Areas,Open area,Not Applicable,No,Simple Injury,Vehicle to Vehicle,Not at  Junction,Straight and flat,NH,Bitumen(Tar),Dry,Not Applicable,Clear,KOLAR-BANGALORE NH-75ROAD,NEAR GOTTIPURA GETE,6KM,13.090199,77.836796,0,0,0.0,0.0
Bengaluru Dist,Hosakote PS,1.0442e+16,2020,1,4,Road Accidents,Narrow road,City/Town,Near Bus stop,Human Error,Not Applicable,Not Applicable,Vehicle to Vehicle,Uncontrolled,Not Applicable,NH,Bitumen(Tar),Dry,Not Applicable,Clear,"Kolar To Bengaluru NH-75 Road,",Near cour Circle,1/2 km,13.070356,77.783689,0,0,0.0,0.0
Bengaluru Dist,Hosakote PS,1.0442e+16,2020,1,2,Road Accidents,Narrow road,Rural Areas,Open area,Human Error,Not Applicable,Grievous Injury,Vehicle to Vehicle,Uncontrolled,Not Applicable,Others,Bitumen(Tar),Dry,Not Applicable,Clear,"Attivatta - Thavatahalli Road, Near Thavatahalli",Near thavatahalli,10 km,13.097538,77.855799,0,0,0.0,0.0
Bengaluru Dist,Hosakote PS,1.0442e+16,2020,1,2,Road Accidents,Narrow road,Rural Areas,Near Bus stop,Human Error,No,Fatal,Vehicle to Vehicle,Not at  Junction,Straight and flat,NH,Bitumen(Tar),Wet,No influence on accident,Fine,NH,X,6KM,13.097458,77.855867,0,3,0.0,3.0
Bengaluru Dist,Hosakote PS,1.0442e+16,2020,1,2,Road Accidents,Narrow road,Rural Areas,Open area,Human Error,No,Fatal,Vehicle to Vehicle,Not at  Junction,Straight and flat,State Highway,Bitumen(Tar),Wet,No influence on accident,Clear,SH,X,8KM,13.104768,77.824486,0,3,0.0,3.0
Bengaluru Dist,Hosakote PS,1.0442e+16,2020,1,1,Rail Road Accidents,Narrow road,City/Town,Near office complex,Not Applicable,No,Simple Injury,Hit pedestrian,Uncontrolled,Not Applicable,NH,Bitumen(Tar),Not Applicable,Not Applicable,Fine,KOLAR-BANGALORE NH-75ROAD,NEAR BAJAJ SHOWROOM,1/2 KM,13.067168,77.793583,0,0,0.0,0.0
Bengaluru Dist,Hosakote PS,1.0442e+16,2020,1,2,Road Accidents,Cross roads,City/Town,Open area,Human Error,No,Grievous Injury,Vehicle to Vehicle,Uncontrolled,Hump,NH,Bitumen(Tar),Dry,Not Applicable,Clear,"Kolar To Bengaluru NH-75 Road, Near Gowtham Coloney Circle , Hosakote Town",Near Gowtham coloney Circle,2 km,13.077009,77.794262,0,0,0.0,0.0
Bengaluru Dist,Hosakote PS,1.0442e+16,2020,1,1,Road Accidents,Narrow road,City/Town,Open area,Human Error,No,Grievous Injury,Not Applicable,Uncontrolled,Not Applicable,NH,Bitumen(Tar),Dry,Not Applicable,Clear,"Kolar To Bengaluru NH-75 service Road, Near Ciliy con city Hospital",Near  Cilicon city Hospital,1km,13.081298,77.806577,0,0,0.0,0.0
Bengaluru Dist,Hosakote PS,1.0442e+16,2020,1,2,Road Accidents,Narrow road,Rural Areas,Open area,Human Error,Not Applicable,Damage Only,Vehicle to Vehicle,Uncontrolled,Not Applicable,NH,Bitumen(Tar),Dry,Not Applicable,Clear,"Bengaluru To Kolar NH-75 Road, Near atturu Gate",Near Atturu Gate,10 km,13.098801,77.8586579,0,0,0.0,0.0
Bengaluru Dist,Hosakote PS,1.0442e+16,2020,1,2,Road Accidents,Narrow road,City/Town,Open area,Human Error,Not Applicable,Simple Injury,Vehicle to Vehicle,Not Applicable,Others,NH,Bitumen(Tar),Dry,Not Applicable,Clear,Bengaluru To Kolar NH-75 Road Near Tejas Tours and Travels office,Near Tejas Tours and Travels Office,1 km,13.077138,77.796149,0,0,0.0,0.0
Bengaluru Dist,Hosakote PS,1.0442e+16,2020,1,2,Road Accidents,Narrow road,City/Town,Residential area,Not Applicable,Yes,Damage Only,Vehicle to Vehicle,Uncontrolled,Not Applicable,State Highway,Bitumen(Tar),Others,Not Applicable,Fine,HOSKOTE CHINTAMANI ROAD,NEAR SRINIVASA BAR,2,13.077843,77.80197,0,1,0.0,1.0
Bengaluru Dist,Hosakote PS,1.0442e+16,2020,1,2,Road Accidents,Narrow road,Rural Areas,Open area,Human Error,Yes,Fatal,Vehicle to Vehicle,Not at  Junction,Straight and flat,Service Road,Bitumen(Tar),Ditch or Potholed,No influence on accident,Clear,SERVICE ROAD,DANDUPALYA GATE,1.5 KM,13.077847,77.809688,0,5,0.0,5.0
Bengaluru Dist,Hosakote PS,1.0442e+16,2020,1,2,Road Accidents,Circle,City/Town,Open area,Human Error,Not Applicable,Simple Injury,Vehicle to Vehicle,Uncontrolled,Not Applicable,NH,Bitumen(Tar),Dry,Not Applicable,Clear,"Bengaluru -Kolar NH75 Road, Near Gowtham Circle",Near Gowtham Circle,2km,13.076691,77.794858,0,0,0.0,0.0
Bengaluru Dist,Hosakote PS,1.0442e+16,2020,1,1,Road Accidents,Junction,City/Town,Near Hospital,Human Error,No,Fatal,Hit pedestrian,No signal lights,Sharp Curve,NH,Bitumen(Tar),Wet,No influence on accident,Clear,UNDER FLEOVER,X,2KM,13.077512,77.802046,0,3,0.0,3.0
Bengaluru Dist,Hosakote PS,1.0442e+16,2020,1,1,Road Accidents,Junction,City/Town,Near Petrol Pump,Human Error,Yes,Not Applicable,Hit pedestrian,Controlled,Curve and Incline,Others,Surfaced,Dry,Not Applicable,Clear,AVIMUKTHESHWAR TEMPLE ROAD,NEAR PETROLBUNK,10 MTR,13.07939,77.782815,0,0,,
Bengaluru Dist,Hosakote PS,1.0442e+16,2020,1,2,Road Accidents,Narrow road,Rural Areas,Open area,Human Error,No,Fatal,Vehicle to Vehicle,Not at  Junction,Straight and flat,NH,Bitumen(Tar),Dry,Not Applicable,Fine,NH75,X,5 KM,13.057332,77.837695,0,0,0.0,0.0
Bengaluru Dist,Hosakote PS,1.0442e+16,2020,1,2,Road Accidents,Narrow road,City/Town,In bazaar,Human Error,Yes,Grievous Injury,Vehicle to Vehicle,Uncontrolled,Others,NH,Bitumen(Tar),Dry,Not Applicable,Clear,"College Road, Near Forest Office",Near Forest Office,2 km,13.065787,77.776332,0,0,0.0,0.0
Bengaluru Dist,Hosakote PS,1.0442e+16,2020,1,2,Road Accidents,Circle,Rural Areas,Near Bus stop,Human Error,No,Fatal,Vehicle to Vehicle,No signal lights,Straight and flat,NH,Bitumen(Tar),Ditch or Potholed,Not Applicable,Clear,NH,X,8KM,13.070064,77.789714,0,5,0.0,5.0
Bengaluru Dist,Hosakote PS,1.0442e+16,2020,1,2,Not Applicable,Narrow road,City/Town,Open area,Human Error,Not Applicable,Damage Only,Vehicle to Vehicle,Uncontrolled,Others,NH,Bitumen(Tar),Dry,Pot holed,Clear,"K.R.Road, Near KEB Circle , Hosakote Town",Near KEB  Circle,1km,13.074115,77.786602,5,0,0.0,5.0
Bengaluru Dist,Hosakote PS,1.0442e+16,2020,1,2,Road Accidents,Narrow road,Rural Areas,Open area,Human Error,Yes,Fatal,Vehicle to Vehicle,Not at  Junction,Straight and flat,NH,Bitumen(Tar),Wet,No influence on accident,Clear,NH75,X,2KM,13.061491,77.772484,0,3,0.0,3.0
Bengaluru Dist,Hosakote PS,1.0442e+16,2020,1,2,Road Accidents,Narrow road,City/Town,Near Bus stop,Human Error,Not Applicable,Grievous Injury,Vehicle to Vehicle,Uncontrolled,Not Applicable,NH,Bitumen(Tar),Dry,Not Applicable,Clear,"Bengaluru To Kolar NH-75 Road, Near I.B.Circle",Near IB Circle,1 km,13.071374,77.783655,0,0,0.0,0.0
Bengaluru Dist,Hosakote PS,1.0442e+16,2020,1,1,Road Accidents,Not Applicable,Rural Areas,Open area,Human Error,Yes,Grievous Injury,Hit pedestrian,Not Applicable,Others,Not Applicable,Bitumen(Tar),Dry,Not Applicable,Clear,VENKATAPURA GATE,5KM,5,13.114213,77.773954,0,0,0.0,0.0
Bengaluru Dist,Hosakote PS,1.0442e+16,2020,1,2,Road Accidents,Narrow road,Rural Areas,Open area,Human Error,Not Applicable,Simple Injury,Vehicle to Vehicle,Uncontrolled,Others,Others,Bitumen(Tar),Dry,Not Applicable,Clear,"Bengaluru To Kolar NH-75 Road, Near Atturu Gate",Near Atturu Gate,10 km,13.094822,77.846572,0,0,0.0,0.0
Bengaluru Dist,Hosakote PS,1.0442e+16,2020,1,2,Road Accidents,Narrow road,City/Town,Open area,Human Error,Not Applicable,Grievous Injury,Vehicle to Vehicle,Uncontrolled,Not Applicable,NH,Bitumen(Tar),Dry,Not Applicable,Clear,"Bengaluru To Kolar NH-75 Road, Near Lanco Toll",Near Lanco Toll,4 kM,13.057297,77.769192,0,0,0.0,0.0
Bengaluru Dist,Hosakote PS,1.0442e+16,2020,1,2,Road Accidents,Junction,Rural Areas,Near Bus stop,Human Error,No,Fatal,Vehicle to Vehicle,No signal lights,Sharp Curve,NH,Bitumen(Tar),Wet,No influence on accident,Clear,BENGALURU-KOLAR ROAD,X,3 KM,13.084969,77.8253649,0,3,0.0,3.0
Bengaluru Dist,Hosakote PS,1.0442e+16,2020,1,2,Road Accidents,Narrow road,Rural Areas,Open area,Human Error,No,Fatal,Vehicle to Vehicle,Not at  Junction,Straight and flat,State Highway,Bitumen(Tar),Wet,No influence on accident,Clear,hosakote malur road,x,6km,13.065404,77.818644,0,3,0.0,3.0
Bengaluru Dist,Hosakote PS,1.0442e+16,2020,1,1,Road Accidents,Narrow road,City/Town,Near Bus stop,Human Error,No,Fatal,Not Applicable,Give way sign,Straight and flat,NH,Bitumen(Tar),Ditch or Potholed,No influence on accident,Clear,NH,X,1/2 PA,13.048102,77.887438,0,5,0.0,5.0
Bengaluru Dist,Hosakote PS,1.0442e+16,2020,1,2,Road Accidents,Narrow road,City/Town,Near Hospital,Human Error,No,Fatal,Vehicle to Vehicle,Not at  Junction,Straight and flat,NH,Bitumen(Tar),Dry,Not Applicable,Fine,NH,X,4KM,13.079475,77.812431,0,0,0.0,0.0
Bengaluru Dist,Hosakote PS,1.0442e+16,2020,1,2,Road Accidents,Junction,Rural Areas,Near Bus stop,Human Error,Yes,Fatal,Vehicle to Vehicle,No signal lights,Straight and flat,State Highway,Bitumen(Tar),Wet,Not Applicable,Clear,SH,NEAR GONAKANAHLLLI GATE,10 KM,13.041557,77.87559,0,3,0.0,3.0
Bengaluru Dist,Hosakote PS,1.0442e+16,2020,1,2,Not Applicable,Narrow road,Rural Areas,Open area,Human Error,No,Grievous Injury,Vehicle to Vehicle,Give way sign,Incline,One way,Gravel,Dry,Not Applicable,Clear,NH75,KOLATHUR GATE,6,13.085056,77.825296,0,0,3.0,3.0
Bengaluru Dist,Hosakote PS,1.0442e+16,2020,1,1,Road Accidents,Narrow road,City/Town,Residential area,Human Error,No,Fatal,Not Applicable,Not at  Junction,Straight and flat,Residential Street,Bitumen(Tar),Wet,No influence on accident,Clear,OTHER ROAD,X,1KM,13.069734,77.783843,0,3,0.0,3.0
Bengaluru Dist,Hosakote PS,1.0442e+16,2020,1,1,Road Accidents,Narrow road,Rural Areas,Near Bus stop,Human Error,No,Grievous Injury,Hit pedestrian,Controlled,Others,NH,Surfaced,Dry,Not Applicable,Clear,NH207 ROAD,UPPARAHALLI GATE,5 KM,13.086114,77.7776449,0,0,,