DISTRICTNAME,UNITNAME,Crime_No,Year,RI,Noofvehicle_involved,Accident_Classification,Accident_Spot,Accident_Location,Accident_SubLocation,Main_Cause,Hit_Run,Severity,Collision_Type,Junction_Control,Road_Character,Road_Type,Surface_Type,Surface_Condition,Road_Condition,Weather,Accident_Road,Landmark_first,Distance_LandMark_First,Latitude,Longitude,Road_Condition_Score,Surface_Condition_Score,Surface_Type_Score,Road_Risk_Index
Bengaluru Dist,Hosakote PS,1.0442e+16,2021,1,1,Road Accidents,Not Applicable,Rural Areas,Near Bus stop,Not Applicable,No,Grievous Injury,Not Applicable,Not Applicable,Not Applicable,NH,Not Applicable,Not Applicable,Not Applicable,Not Applicable,KOLAR -BANGALURU NH-75 ROAD,AAKRUTHI JUWELERS,100 M,13.073928,77.789582,0,0,0.0,0.0
Bengaluru Dist,Hosakote PS,1.0442e+16,2021,1,2,Road Accidents,Circle,City/Town,Residential area,Human Error,Yes,Grievous Injury,Vehicle to Vehicle,Not Applicable,Others,Residential Street,Concrete,Dry,Not Applicable,Clear,5th cross Vinayak nagar Hosakote town,6th cross Vinayak nagar road,2km,13.068227,77.79088,0,0,0.0,0.0
Bengaluru Dist,Hosakote PS,1.0442e+16,2021,1,1,Road Accidents,Narrow road,Rural Areas,Open area,Human Error,No,Fatal,Not Applicable,Not at  Junction,Straight and flat,State Highway,Bitumen(Tar),Not Applicable,No influence on accident,Cloudy,JANGAMAKOTE ROAD,KURUBARAHALLI GATE,100 Mt,0.0,0.0,0,0,0.0,0.0
Bengaluru Dist,Hosakote PS,1.0442e+16,2021,1,2,Road Accidents,Narrow road,Rural Areas,Open area,Human Error,No,Fatal,Vehicle to Vehicle,Not Applicable,Straight and flat,NH,Bitumen(Tar),Not Applicable,No influence on accident,Others,NEAR GOTTIPURA,NEAR GOTTIPURA,8 KM,13.0374,77.4752,0,0,0.0,0.0
Bengaluru Dist,Hosakote PS,1.0442e+16,2021,1,2,Road Accidents,Narrow road,City/Town,Residential area,Not Applicable,No,Grievous Injury,Vehicle to Vehicle,Uncontrolled,Curve,NH,Bitumen(Tar),Dry,Not Applicable,Fine,KOLAR-BANGALORE NH-75 ROAD,NEAR MARUTHI SHOWROOM,3KM,13.077001,77.8078669,0,0,0.0,0.0
Bengaluru Dist,Hosakote PS,1.0442e+16,2021,1,1,Road Accidents,Circle,Rural Areas,Near Bus stop,Human Error,Yes,Grievous Injury,Vehicle to Vehicle,Controlled,Straight and flat,NH,Bitumen(Tar),Others,Not Applicable,Clear,Kolar To Bangaluru,Kolar Bengaluru,8 kms,13.090228,77.835955,0,1,0.0,1.0
Bengaluru Dist,Hosakote PS,1.0442e+16,2021,1,1,Road Accidents,Narrow road,City/Town,Near School or College,Human Error,No,Fatal,Hit pedestrian,Not at  Junction,Straight and flat,Others,Bitumen(Tar),Others,No influence on accident,Clear,KANNURAHALLI ROAD,VIVEKANANDA SCHOOL,50 Mt,13.069159,77.788201,0,1,0.0,1.0
Bengaluru Dist,Hosakote PS,1.0442e+16,2021,1,2,Road Accidents,Narrow road,Rural Areas,Open area,Human Error,Not Applicable,Grievous Injury,Vehicle to Vehicle,Not at  Junction,Straight and flat,NH,Bitumen(Tar),Dry,Not Applicable,Others,NH75 ROAD,Near Halasahalli gate,200mtr,13.090049,77.836038,0,0,0.0,0.0
Bengaluru Dist,Hosakote PS,1.0442e+16,2021,1,2,Road Accidents,Road hump or Rumble strips,City/Town,Near School or College,Not Applicable,No,Damage Only,Vehicle to Vehicle,Uncontrolled,Hump,State Highway,Bitumen(Tar),Dry,Not Applicable,Fine,chinthamani road,near kyathi collage,2KM,13.097732,77.816049,0,0,0.0,0.0
Bengaluru Dist,Hosakote PS,1.0442e+16,2021,1,2,Road Accidents,Not Applicable,City/Town,Open area,Human Error,No,Grievous Injury,Vehicle to Vehicle,Give way sign,Straight and flat,NH,Bitumen(Tar),Not Applicable,Not Applicable,Clear,GOTTIPURA GATE,NH 75 ROAD,10m,13.095041,77.846846,0,0,0.0,0.0
Bengaluru Dist,Hosakote PS,1.0442e+16,2022,1,2,Road Accidents,Circle,City/Town,Near Hospital,Human Error,Yes,Simple Injury,Vehicle to Vehicle,Controlled,Dip or trough,Service Road,Concrete,Ditch or Potholed,Pot holed,Clear,jadgenahalli malur road,govt hospital,50m,13.047549,77.857557,5,5,0.0,10.0
Bengaluru Dist,Hosakote PS,1.0442e+16,2022,1,1,Road Accidents,Circle,City/Town,Near Bus stop,Human Error,Yes,Grievous Injury,Hit pedestrian,No signal lights,Curve and Incline,NH,Bitumen(Tar),Dry,Not Applicable,Clear,NH 75 Road,Near I B Circle,100 mt,13.072097,77.786968,0,0,0.0,0.0
Bengaluru Dist,Hosakote PS,1.0442e+16,2022,1,1,Road Accidents,Narrow road,City/Town,Near School or College,Human Error,No,Grievous Injury,Hit pedestrian,Not Applicable,Incline,One way,Bitumen(Tar),Others,Not Applicable,Clear,SLV BAKARY,KANAKANAGAR,2 KM,13.058863,77.784545,0,1,0.0,1.0
Bengaluru Dist,Hosakote PS,1.0442e+16,2022,1,2,Road Accidents,Curves,Rural Areas,Near Bus stop,Human Error,Yes,Grievous Injury,Vehicle to Vehicle,Controlled,Not Applicable,NH,Bitumen(Tar),Others,Not Applicable,Clear,KOLAR-BANGALORE NH 75 ROAD,Near Lanco Toll,1.5 km,13.057529,77.76869,0,1,0.0,1.0
Bengaluru Dist,Hosakote PS,1.0442e+16,2022,1,2,Road Accidents,Offset,City/Town,Near Bus stop,Human Error,Yes,Grievous Injury,Vehicle to Vehicle,Controlled,Straight and flat,NH,Bitumen(Tar),Others,Not Applicable,Clear,NATIONAL HIGH WAY,Gottipura Road,8 km,13.089658,77.836472,0,1,0.0,1.0
Bengaluru Dist,Hosakote PS,1.0442e+16,2022,1,1,Road Accidents,Narrow road,City/Town,Open area,Human Error,Yes,Grievous Injury,Hit pedestrian,Signal lights Blinking,Steep Incline or Climb,NH,Bitumen(Tar),Dry,Not Applicable,Clear,NH 75 Road,Court circle,100 mt,13.071096,77.785745,0,0,0.0,0.0
Bengaluru Dist,Hosakote PS,1.0442e+16,2022,1,2,Road Accidents,Narrow road,Rural Areas,Residential area,Human Error,No,Fatal,Vehicle to Vehicle,Not at  Junction,Straight and flat,State Highway,Bitumen(Tar),Dry,Not Applicable,Fine,HOSAKOTE-CHINTHAMANI,NEAR RENUKA WHEEL ALINMENT & WATER SERVICE STATION,100 Mt,13.086486,77.8078079,0,0,0.0,0.0
Bengaluru Dist,Hosakote PS,1.0442e+16,2022,1,1,Road Accidents,Circle,Rural Areas,Residential area,Human Error,Not Applicable,Grievous Injury,Not Applicable,Controlled,Straight and flat,NH,Bitumen(Tar),Others,Not Applicable,Cloudy,NH 75,Kolar Bengaluru,8 kms,0.0,0.0,0,1,0.0,1.0
Bengaluru Dist,Hosakote PS,1.0442e+16,2022,1,1,Road Accidents,Not Applicable,Rural Areas,Residential area,Human Error,Not Applicable,Grievous Injury,Hit pedestrian,Not Applicable,Straight and flat,Service Road,Concrete,Others,Not Applicable,Clear,Sarvice Road,Lakkandanahalli Village,3kms,13.11794,77.772946,0,1,0.0,1.0
Bengaluru Dist,Hosakote PS,1.0442e+16,2022,1,2,Road Accidents,Not Applicable,City/Town,Near Bus stop,Human Error,No,Grievous Injury,Vehicle to Vehicle,Controlled,Straight and flat,NH,Bitumen(Tar),Others,Not Applicable,Clear,Lanko Toll,National highway,1 km,0.0,0.0,0,1,0.0,1.0
Bengaluru Dist,Hosakote PS,1.0442e+16,2022,1,1,Road Accidents,Cross roads,City/Town,Near Bus stop,Human Error,No,Grievous Injury,Not Applicable,Controlled,Others,NH,Bitumen(Tar),Others,Not Applicable,Clear,NH75,Gottipura gate,11km,0.0,0.0,0,1,0.0,1.0
Bengaluru Dist,Hosakote PS,1.0442e+16,2022,1,1,Road Accidents,Curves,Rural Areas,Open area,Human Error,No,Fatal,Not Applicable,Not Applicable,Curve,NH,Bitumen(Tar),Not Applicable,Not Applicable,Clear,BENGALURU-KOLAR NH 75 ROAD,NANDHIGRAND HOTEL,250 Me,13.077963,77.7829249,0,0,0.0,0.0
Bengaluru Dist,Hosakote PS,1.0442e+16,2022,1,2,Road Accidents,Not Applicable,Rural Areas,Open area,Human Error,Not Applicable,Simple Injury,Vehicle to Vehicle,Controlled,Straight and flat,State Highway,Bitumen(Tar),Others,No influence on accident,Fine,DODDAHULLUR GATE,DODDAHULLLUR VILLAGE,100M,13.099801,77.820131,0,1,0.0,1.0
Bengaluru Dist,Hosakote PS,1.0442e+16,2022,1,2,Not Applicable,Cross roads,City/Town,Near Bus stop,Human Error,No,Grievous Injury,Vehicle to Vehicle,Controlled,Curve,Service Road,Bitumen(Tar),Others,Not Applicable,Clear,Service Road,Santhe Gate,4 km,0.0,0.0,0,1,0.0,1.0
Bengaluru Dist,Hosakote PS,1.0442e+16,2022,1,1,Road Accidents,Narrow road,City/Town,Near a recreation place/cinema,Human Error,Yes,Simple Injury,Hit pedestrian,Controlled,Others,Not Applicable,Bitumen(Tar),Others,Not Applicable,Clear,Road,Village Road,2 km,0.0,0.0,0,1,0.0,1.0
Bengaluru Dist,Hosakote PS,1.0442e+16,2022,1,2,Road Accidents,Circle,City/Town,Near Bus stop,Human Error,Not Applicable,Grievous Injury,Vehicle to Vehicle,Controlled,Others,NH,Bitumen(Tar),Others,Not Applicable,Clear,NH75,Kolar To Bengaluru,5 KM,13.076813,77.807137,0,1,0.0,1.0
Bengaluru Dist,Hosakote PS,1.0442e+16,2022,1,1,Road Accidents,Junction,City/Town,Near Bus stop,Human Error,No,Grievous Injury,Hit pedestrian,Controlled,Straight and flat,NH,Bitumen(Tar),Dry,Not Applicable,Clear,"Court circle,hosakote town",BMTC bus stop,500mtr,13.069795,77.78417,0,0,0.0,0.0
Bengaluru Dist,Hosakote PS,1.0442e+16,2022,1,2,Road Accidents,Not Applicable,City/Town,Near Bus stop,Human Error,No,Grievous Injury,Vehicle to Vehicle,Controlled,Straight and flat,NH,Bitumen(Tar),Others,Not Applicable,Clear,HALASAHALLY GATE,HALASAHALLI GATE,8KM,13.090349,77.836491,0,1,0.0,1.0
Bengaluru Dist,Hosakote PS,1.0442e+16,2022,1,2,Road Accidents,Narrow road,Rural Areas,Open area,Not Applicable,Not Applicable,Grievous Injury,Vehicle to Vehicle,Not Applicable,Not Applicable,NH,Bitumen(Tar),Dry,Not Applicable,Clear,NH75,Attivatta Gate,7,13.095468,77.847394,0,0,0.0,0.0
Bengaluru Dist,Hosakote PS,1.0442e+16,2022,1,2,Road Accidents,Offset,City/Town,Near Bus stop,Human Error,Yes,Grievous Injury,Vehicle to Vehicle,Controlled,Straight and flat,NH,Bitumen(Tar),Others,Not Applicable,Clear,NATIONAL HIGHWAY,KOLATHUR GATE,5 KM,13.083544,77.820518,0,1,0.0,1.0
Bengaluru Dist,Hosakote PS,1.0442e+16,2022,1,2,Road Accidents,Narrow road,Rural Areas,Near office complex,Human Error,No,Fatal,Vehicle to Vehicle,Not at  Junction,Straight and flat,State Highway,Bitumen(Tar),Others,Not Applicable,Clear,HOSAKOTE - CHINTHAMANI SH 82 ROAD,KOR LOZISTIC COMPANY,100 Mt,13.080164,77.806638,0,1,0.0,1.0
Bengaluru Dist,Hosakote PS,1.0442e+16,2022,1,2,Road Accidents,Cross roads,Rural Areas,Near Bus stop,Human Error,Not Applicable,Grievous Injury,Vehicle to Vehicle,Not at  Junction,Straight and flat,NH,Bitumen(Tar),Others,Not Applicable,Clear,HOSAKOTE -SULIBELE ROAD,Allapanahalli  Near Mayura Bekari NH207,100 Mt,13.079168,77.782544,0,1,0.0,1.0
Bengaluru Dist,Hosakote PS,1.0442e+16,2022,1,2,Road Accidents,Circle,City/Town,Residential area,Human Error,No,Grievous Injury,Vehicle to Vehicle,Signal lights Not working,Hump,Service Road,Bitumen(Tar),Dry,Not Applicable,Clear,GOUTAM COLONY,NEAR GOUTAM COLONY,50mtr,13.076449,77.79577,0,0,0.0,0.0
Bengaluru Dist,Hosakote PS,1.0442e+16,2022,1,2,Road Accidents,Not Applicable,City/Town,Near a recreation place/cinema,Human Error,No,Damage Only,Vehicle to Vehicle,Controlled,Straight and flat,NH,Bitumen(Tar),Others,Not Applicable,Clear,Near vishnu bhavan hotel,NH 75,4 km,0.0,0.0,0,1,0.0,1.0
Bengaluru Dist,Hosakote PS,1.0442e+16,2022,1,1,Road Accidents,Narrow road,Rural Areas,Near Bus stop,Human Error,No,Fatal,Hit pedestrian,Not at  Junction,Others,NH,Bitumen(Tar),Others,Not Applicable,Clear,BENGALURU-KOLAR,MYLAPURA GATE,100 Mt,0.0,0.0,0,1,0.0,1.0
Bengaluru Dist,Hosakote PS,1.0442e+16,2022,1,2,Road Accidents,Circle,Rural Areas,Near Bus stop,Human Error,Yes,Grievous Injury,Vehicle to Vehicle,Controlled,Straight and flat,NH,Bitumen(Tar),Others,Not Applicable,Clear,NH 75,bangaluru to kolar,3km,0.0,0.0,0,1,0.0,1.0
Bengaluru Dist,Hosakote PS,1.0442e+16,2022,1,1,Not Applicable,Narrow road,Rural Areas,Residential area,Human Error,No,Fatal,Not Applicable,Not at  Junction,Others,Others,Kutcha,Others,Not Applicable,Fine,DANDUPALYA TO ROOBI LAYOUT,NEAR MUNISHAMAPPA HOUSE,250,13.105394,77.8252,0,1,4.0,5.0
Bengaluru Dist,Hosakote PS,1.0442e+16,2022,1,1,Road Accidents,Not Applicable,Rural Areas,Near Bus stop,Human Error,No,Grievous Injury,Hit pedestrian,Uncontrolled,Straight and flat,Others,Bitumen(Tar),Not Applicable,Not Applicable,Clear,Jadigenahalli-vagata Road,MALURU ROAD,10 KM,13.052237,77.854275,0,0,0.0,0.0
Bengaluru Dist,Hosakote PS,1.0442e+16,2022,1,2,Road Accidents,Circle,City/Town,Near Petrol Pump,Human Error,No,Grievous Injury,Vehicle to Vehicle,Controlled,Straight and flat,NH,Bitumen(Tar),Others,Not Applicable,Clear,NH75,gowtham colony,500m,13.076808,77.795763,0,1,0.0,1.0
Bengaluru Dist,Hosakote PS,1.0442e+16,2022,1,2,Road Accidents,Narrow road,City/Town,Residential area,Human Error,Not Applicable,Grievous Injury,Hit bicyclist,Controlled,Straight and flat,Others,Bitumen(Tar),Dry,Not Applicable,Clear,KR Road,TAPMC Market,100 mt,13.073745,77.786668,0,0,0.0,0.0
Bengaluru Dist,Hosakote PS,1.0442e+16,2022,1,2,Road Accidents,Offset,Rural Areas,Near Bus stop,Human Error,No,Grievous Injury,Vehicle to Vehicle,Controlled,Straight and flat,NH,Bitumen(Tar),Others,Not Applicable,Clear,KOLAR-BANGALORE NH 75 ROAD,Attivatta Gate,7 km,13.099125,77.858811,0,1,0.0,1.0
Bengaluru Dist,Hosakote PS,1.0442e+16,2022,1,2,Road Accidents,Cross roads,City/Town,Residential area,Human Error,Not Applicable,Grievous Injury,Vehicle to Vehicle,Uncontrolled,Slight Curve,Service Road,Bitumen(Tar),Dry,Not Applicable,Clear,NH75 SERVICE ROAD,GOUTHAM COLONY HOSAKOTE TOWN,500mtr,13.072254,77.796862,0,0,0.0,0.0
Bengaluru Dist,Hosakote PS,1.0442e+16,2022,1,2,Road Accidents,Narrow road,City/Town,Residential area,Human Error,No,Grievous Injury,Vehicle to Vehicle,Controlled,Straight and flat,NH,Bitumen(Tar),Dry,Not Applicable,Clear,NH 75 Road,Lanco toll,500mtr,13.06338,77.774814,0,0,0.0,0.0
Bengaluru Dist,Hosakote PS,1.0442e+16,2022,1,1,Road Accidents,Narrow road,Rural Areas,Near a religious place,Human Error,No,Fatal,Hit pedestrian,Not at  Junction,Others,State Highway,Bitumen(Tar),Dry,Not Applicable,Fine,HOSAKOTE-MALUR,KALABYRAWESHWARA SWAMY TEMPLE,50 Mt,0.0,0.0,0,0,0.0,0.0
Bengaluru Dist,Hosakote PS,1.0442e+16,2022,1,2,Road Accidents,Junction,City/Town,In bazaar,Human Error,No,Grievous Injury,Vehicle to Vehicle,Controlled,Not Applicable,Others,Bitumen(Tar),Others,Not Applicable,Clear,More road,Kannuralli Road,2 km,0.0,0.0,0,1,0.0,1.0
Bengaluru Dist,Hosakote PS,1.0442e+16,2022,1,2,Road Accidents,Narrow road,Rural Areas,Near Bus stop,Human Error,No,Grievous Injury,Vehicle to Vehicle,Controlled,Straight and flat,NH,Bitumen(Tar),Others,Not Applicable,Clear,Taggali hosahalli gate,Gate,7 km,13.045899,77.8653599,0,1,0.0,1.0
Bengaluru Dist,Hosakote PS,1.0442e+16,2022,1,2,Road Accidents,Narrow road,City/Town,Residential area,Human Error,No,Grievous Injury,Vehicle to Vehicle,Controlled,Straight and flat,State Highway,Bitumen(Tar),Dry,Not Applicable,Clear,Maluru road,Near Udupi sagar hotel,20feet,13.073267,77.803897,0,0,0.0,0.0
Bengaluru Dist,Hosakote PS,1.0442e+16,2022,1,2,Road Accidents,Road hump or Rumble strips,City/Town,Near Petrol Pump,Human Error,No,Grievous Injury,Vehicle to Vehicle,Uncontrolled,Hump,NH,Bitumen(Tar),Others,Not Applicable,Clear,NH75,GOWTHAM COLONY,1 KM,13.077041,77.795408,0,1,0.0,1.0
Bengaluru Dist,Hosakote PS,1.0442e+16,2022,1,2,Road Accidents,Road hump or Rumble strips,City/Town,Residential area,Human Error,No,Grievous Injury,Vehicle to Vehicle,No signal lights,Straight and flat,NH,Bitumen(Tar),Dry,Not Applicable,Light Rain,"Court circle,hosakote town",COURT CIRLCE,50mtr,13.085801,77.809221,0,0,0.0,0.0
Bengaluru Dist,Hosakote PS,1.0442e+16,2022,1,2,Road Accidents,Offset,City/Town,Near Bus stop,Human Error,Yes,Grievous Injury,Vehicle to Vehicle,Controlled,Straight and flat,NH,Bitumen(Tar),Others,Not Applicable,Clear,NATIONAL HIGHWAY,LANCO TOLL,1KM,13.05973,77.771179,0,1,0.0,1.0
Bengaluru Dist,Hosakote PS,1.0442e+16,2022,1,2,Road Accidents,Narrow road,Rural Areas,Open area,Human Error,No,Fatal,Vehicle to Vehicle,Not at  Junction,Others,NH,Bitumen(Tar),Others,Not Applicable,Clear,BENGALURU TO KOLAR,SHEER E PANJABI FAMILY DABHA,100 Mt,13.097452,77.855689,0,1,0.0,1.0
Bengaluru Dist,Hosakote PS,1.0442e+16,2022,1,2,Road Accidents,Narrow road,Rural Areas,Residential area,Human Error,No,Fatal,Vehicle to Vehicle,Not at  Junction,Not Applicable,NH,Bitumen(Tar),Others,Not Applicable,Cloudy,BENGALURU TO KOLAR,NH75 RESTORENT HOTEL,50 mt,0.0,0.0,0,1,0.0,1.0
Bengaluru Dist,Hosakote PS,1.0442e+16,2022,1,1,Road Accidents,Narrow road,Rural Areas,Open area,Human Error,Yes,Fatal,Hit pedestrian,Not at  Junction,Others,NH,Bitumen(Tar),Dry,Not Applicable,Fine,BENGALURU-KOLAR,ARUN NURSERY FORM,40 Mt,0.0,0.0,0,0,0.0,0.0
Bengaluru Dist,Hosakote PS,1.0442e+16,2022,1,2,Road Accidents,Narrow road,Rural Areas,Near Bus stop,Human Error,No,Fatal,Vehicle to Vehicle,Not at  Junction,Not Applicable,NH,Bitumen(Tar),Others,Not Applicable,Clear,BENGALURU TO KOLAR,KOLATHUR GATE,100 mt,0.0,0.0,0,1,0.0,1.0
Bengaluru Dist,Hosakote PS,1.0442e+16,2022,1,1,Road Accidents,Narrow road,Rural Areas,Open area,Human Error,No,Fatal,Hit pedestrian,Not at  Junction,Not Applicable,NH,Bitumen(Tar),Others,Not Applicable,Cloudy,BENGALURU TO KIOLAR,NEAR LANCO TOLL,600 Mt,0.0,0.0,0,1,0.0,1.0
Bengaluru Dist,Hosakote PS,1.0442e+16,2022,1,1,Road Accidents,Cross roads,City/Town,Near or inside a village,Human Error,No,Grievous Injury,Hit pedestrian,Controlled,Straight and flat,Mixed,Bitumen(Tar),Others,Not Applicable,Clear,kannurali Road,Near Milana Chowtry,2 km,0.0,0.0,0,1,0.0,1.0
Bengaluru Dist,Hosakote PS,1.0442e+16,2022,1,2,Road Accidents,Narrow road,City/Town,Near Bus stop,Human Error,Not Applicable,Damage Only,Vehicle to Vehicle,No signal lights,Not Applicable,NH,Bitumen(Tar),Not Applicable,Not Applicable,Snow,NH75,GOTTIPURA GATE,2 KM,13.094549,77.846874,0,0,0.0,0.0
Bengaluru Dist,Hosakote PS,1.0442e+16,2022,1,2,Road Accidents,Curves,Rural Areas,Near Bus stop,Human Error,No,Fatal,Vehicle to Vehicle,Not at  Junction,Slight Curve,NH,Bitumen(Tar),Others,Not Applicable,Clear,KOLAR TO BENGALURU,NANDHIGRAND HOTEL,150 Me,13.083804,77.8256369,0,1,0.0,1.0
Bengaluru Dist,Hosakote PS,1.0442e+16,2022,1,2,Road Accidents,Not Applicable,City/Town,Near Bus stop,Human Error,No,Grievous Injury,Vehicle to Vehicle,Controlled,Straight and flat,NH,Bitumen(Tar),Others,Not Applicable,Clear,MAILAPURA GATE,NEAR GATE,6KM,13.107562,77.874341,0,1,0.0,1.0
Bengaluru Dist,Hosakote PS,1.0442e+16,2022,1,2,Rail Road Accidents,Narrow road,City/Town,Narrow bridge or culverts,Human Error,Yes,Fatal,Vehicle to Vehicle,Not at  Junction,Steep Incline or Climb,NH,Bitumen(Tar),Wet,No influence on accident,Clear,bengaluru to kolar road,axix bank,30 mt,13.07807,77.790421,0,3,0.0,3.0
Bengaluru Dist,Hosakote PS,1.0442e+16,2022,1,1,Road Accidents,Junction,City/Town,Open area,Human Error,No,Grievous Injury,Hit pedestrian,No signal lights,Straight and flat,NH,Concrete,Dry,Not Applicable,Clear,NH 75,Near Lanco toll,300mtr,13.058611,77.770151,0,0,0.0,0.0
Bengaluru Dist,Hosakote PS,1.0442e+16,2022,1,2,Road Accidents,Narrow road,Rural Areas,Open area,Human Error,No,Simple Injury,Vehicle to Vehicle,Not at  Junction,Straight and flat,State Highway,Bitumen(Tar),Dry,Not Applicable,Clear,Chinatamani road,opp Madina hotel,80feet,0.0,0.0,0,0,0.0,0.0
Bengaluru Dist,Hosakote PS,1.0442e+16,2022,1,2,Road Accidents,Narrow road,City/Town,Near Bus stop,Human Error,Not Applicable,Grievous Injury,Vehicle to Vehicle,Controlled,Straight and flat,Service Road,Concrete,Dry,Not Applicable,Clear,NH75 SERVICE ROAD,NEAR KEB OFFICE,500mtr,13.048926,77.771824,0,0,0.0,0.0
Bengaluru Dist,Hosakote PS,1.0442e+16,2022,1,2,Road Accidents,Narrow road,Rural Areas,Open area,Human Error,No,Fatal,Vehicle to Vehicle,Not at  Junction,Straight and flat,NH,Bitumen(Tar),Others,Not Applicable,Cloudy,BENGALURU TO KIOLAR,SRI SHANKAR SHILPAKALA KENDRA,500 Me,13.104426,77.8793909,0,1,0.0,1.0
Bengaluru Dist,Hosakote PS,1.0442e+16,2022,1,1,Road Accidents,Narrow road,Rural Areas,Open area,Human Error,No,Fatal,Not Applicable,Not at  Junction,Straight and flat,State Highway,Bitumen(Tar),Others,Not Applicable,Fine,HOSAKOTE-MALURU ROAD,ARALURU BYRAPPA LAND,500 Me,13.06027,77.827871,0,1,0.0,1.0
Bengaluru Dist,Hosakote PS,1.0442e+16,2022,1,1,Road Accidents,Circle,Rural Areas,Near Bus stop,Human Error,Not Applicable,Fatal,Not Applicable,Controlled,Straight and flat,NH,Bitumen(Tar),Others,Not Applicable,Clear,"Bengaluru To Kolar NH-75 Road, Near Halasahalli Gate",Halasahalli Gate,3 km,13.089839,77.836184,0,1,0.0,1.0
Bengaluru Dist,Hosakote PS,1.0442e+16,2022,1,1,Road Accidents,Narrow road,Rural Areas,Near Bus stop,Human Error,No,Grievous Injury,Hit pedestrian,Controlled,Straight and flat,Others,Bitumen(Tar),Others,Not Applicable,Clear,KANNURAHALLI  ROAD,kannuralli road,6km,13.060901,77.808139,0,1,0.0,1.0
Bengaluru Dist,Hosakote PS,1.0442e+16,2022,1,2,Road Accidents,Cross roads,City/Town,Near Bus stop,Human Error,Yes,Grievous Injury,Vehicle to Vehicle,Controlled,Straight and flat,NH,Bitumen(Tar),Not Applicable,Not Applicable,Clear,KOLAR TO BENGALURU,Near Kolattaru Gate,5km,13.084975,77.82589,0,0,0.0,0.0
Bengaluru Dist,Hosakote PS,1.0442e+16,2022,1,4,Road Accidents,Offset,City/Town,Near Bus stop,Human Error,No,Grievous Injury,Vehicle to Vehicle,Controlled,Straight and flat,NH,Bitumen(Tar),Others,Not Applicable,Snow,"BANGALURU TO KOLAR  NH 75 ,",NH 75,1 KM,13.059462,77.771053,0,1,0.0,1.0
Bengaluru Dist,Hosakote PS,1.0442e+16,2022,1,1,Road Accidents,Narrow road,Rural Areas,Open area,Human Error,No,Fatal,Not Applicable,Not at  Junction,Straight and flat,NH,Bitumen(Tar),Others,Not Applicable,Fine,BENGALURU TO KIOLAR,NEAR ATTURU GATE,100 Mt,13.084772,77.823977,0,1,0.0,1.0
Bengaluru Dist,Hosakote PS,1.0442e+16,2022,1,2,Road Accidents,Cross roads,Rural Areas,Open area,Human Error,No,Fatal,Vehicle to Vehicle,Signals (Working),Curve,NH,Bitumen(Tar),Others,Construction Work / Material,Fine,BENGALURU TO KIOLAR,KOLATHUR GATE,250 Me,13.06295,77.896661,2,1,0.0,3.0
Bengaluru Dist,Hosakote PS,1.0442e+16,2022,1,2,Road Accidents,Cross roads,Rural Areas,Near Bus stop,Human Error,No,Grievous Injury,Vehicle to Vehicle,Controlled,Hump,NH,Bitumen(Tar),Others,Not Applicable,Clear,NH75,Kolar To Bengaluru,3 km,13.076829,77.795341,0,1,0.0,1.0
Bengaluru Dist,Hosakote PS,1.0442e+16,2022,1,1,Road Accidents,Curves,Rural Areas,Open area,Human Error,No,Fatal,Not Applicable,Not at  Junction,Curve,NH,Bitumen(Tar),Dry,Not Applicable,Clear,KOLAR to BENGALURU ROAD,MODALIYAR SEVAKENDRA,400 Mt,13.094789,77.8466699,0,0,0.0,0.0
Bengaluru Dist,Hosakote PS,1.0442e+16,2022,1,1,Road Accidents,Narrow road,Rural Areas,Residential area,Human Error,No,Fatal,Hit pedestrian,Not at  Junction,Others,State Highway,Bitumen(Tar),Others,Not Applicable,Very Cold,HOSAKOTE to MALUR ROAD,SRINIVAS MURTHY HOUSE,250 Mt,0.0,0.0,0,1,0.0,1.0
Bengaluru Dist,Hosakote PS,1.0442e+16,2022,1,2,Road Accidents,Cross roads,Rural Areas,Near Bus stop,Human Error,Not Applicable,Simple Injury,Vehicle to Vehicle,Controlled,Straight and flat,Service Road,Bitumen(Tar),Others,Not Applicable,Clear,Service Road,Kannurahalli Road,5 km,13.069531,77.798185,0,1,0.0,1.0
Bengaluru Dist,Hosakote PS,1.0442e+16,2022,1,2,Road Accidents,Junction,City/Town,Near Bus stop,Not Applicable,No,Grievous Injury,Vehicle to Vehicle,No signal lights,Others,NH,Bitumen(Tar),Dry,Not Applicable,Clear,NH75,12,1 KM,13.076918,77.795019,0,0,0.0,0.0
Bengaluru Dist,Hosakote PS,1.0442e+16,2022,1,2,Road Accidents,Narrow road,Rural Areas,Near Bus stop,Human Error,No,Fatal,Vehicle to Vehicle,Not at  Junction,Straight and flat,NH,Bitumen(Tar),Others,Not Applicable,Fine,HOSAKOTE -SULIBELE ROAD,THANGUDANA,250,13.068739,77.781069,0,1,0.0,1.0
Bengaluru Dist,Hosakote PS,1.0442e+16,2022,1,2,Road Accidents,Cross roads,Rural Areas,Near Bus stop,Human Error,Yes,Grievous Injury,Vehicle to Vehicle,Controlled,Straight and flat,NH,Bitumen(Tar),Others,Not Applicable,Cloudy,NH75,Kolar To Bengaluru,1 KM,0.0,0.0,0,1,0.0,1.0
Bengaluru Dist,Hosakote PS,1.0442e+16,2022,1,1,Road Accidents,Narrow road,Rural Areas,Open area,Human Error,Not Applicable,Fatal,Not Applicable,Not Applicable,Straight and flat,State Highway,Bitumen(Tar),Dry,Not Applicable,Not Applicable,Chinatamani road,Taj Hotel,100 mt,0.0,0.0,0,0,0.0,0.0
Bengaluru Dist,Hosakote PS,1.0442e+16,2022,1,2,Road Accidents,Road hump or Rumble strips,City/Town,Near School or College,Human Error,No,Damage Only,Vehicle to Vehicle,Controlled,Straight and flat,NH,Bitumen(Tar),Others,Not Applicable,Clear,NATIONAL HIGH WAY,MVJ COLLEGE,3 KM,13.078065,77.811986,0,1,0.0,1.0