DISTRICTNAME,UNITNAME,Crime_No,Year,RI,Noofvehicle_involved,Accident_Classification,Accident_Spot,Accident_Location,Accident_SubLocation,Main_Cause,Hit_Run,Severity,Collision_Type,Junction_Control,Road_Character,Road_Type,Surface_Type,Surface_Condition,Road_Condition,Weather,Accident_Road,Landmark_first,Distance_LandMark_First,Latitude,Longitude,Road_Condition_Score,Surface_Condition_Score,Surface_Type_Score,Road_Risk_Index
Bengaluru Dist,Hosakote PS,1.0442e+16,2022,1,2,Road Accidents,Cross roads,City/Town,Near Bus stop,Human Error,No,Grievous Injury,Vehicle to Vehicle,Controlled,Straight and flat,NH,Bitumen(Tar),Others,Not Applicable,Clear,Hosakote-Sulibele NH 207 rOAD,NH207 ROAD,8KM,13.085474,77.782699,0,1,0.0,1.0
Bengaluru Dist,Hosakote PS,1.0442e+16,2022,1,2,Road Accidents,Road hump or Rumble strips,City/Town,Residential area,Human Error,Not Applicable,Grievous Injury,Vehicle to Vehicle,Signal lights Blinking,Steep Incline or Climb,NH,Bitumen(Tar),Dry,Not Applicable,Cloudy,NH 75,COURT CIRLCE,300mtr,13.070515,77.784072,0,0,0.0,0.0
Bengaluru Dist,Hosakote PS,1.0442e+16,2022,1,2,Road Accidents,Cross roads,Rural Areas,Near Bus stop,Human Error,No,Grievous Injury,Vehicle to Vehicle,Controlled,Straight and flat,NH,Bitumen(Tar),Others,Not Applicable,Clear,KOLAR-BANGALORE NH 75 ROAD,Attivatta Gate,10 km,13.095876,77.850719,0,1,0.0,1.0
Bengaluru Dist,Hosakote PS,1.0442e+16,2022,1,2,Road Accidents,Offset,City/Town,Near Bus stop,Human Error,No,Grievous Injury,Vehicle to Vehicle,Controlled,Straight and flat,NH,Bitumen(Tar),Others,Not Applicable,Clear,NH 75,Near toll,1 km,0.0,0.0,0,1,0.0,1.0
Bengaluru Dist,Hosakote PS,1.0442e+16,2022,1,2,Rail Road Accidents,Narrow road,Rural Areas,Near a factory industrial area,Human Error,No,Fatal,Vehicle to Vehicle,Not at  Junction,Not Applicable,NH,Bitumen(Tar),Others,Not Applicable,Very Cold,KOLAR TO BENGALURU,KALVASAN CONCREET PVT LTD,500 Me,13.091347,77.793768,0,1,0.0,1.0
Bengaluru Dist,Hosakote PS,1.0442e+16,2022,1,2,Road Accidents,Cross roads,Rural Areas,Near Bus stop,Human Error,Yes,Fatal,Vehicle to Vehicle,Controlled,Curve,NH,Bitumen(Tar),Dry,Not Applicable,Fine,BENGALURU TO KIOLAR,NEAR KOLATHUR GATE,250 Me,13.084888,77.825383,0,0,0.0,0.0
Bengaluru Dist,Hosakote PS,1.0442e+16,2022,1,2,Road Accidents,Cross roads,City/Town,Near Bus stop,Human Error,No,Grievous Injury,Vehicle to Vehicle,Controlled,Dip or trough,NH,Bitumen(Tar),Dry,Engineering Defect of Road,Cloudy,NH 75 Road,GOUTHAM COLONY HOSAKOTE TOWN,00 mtr,13.07634,77.795072,4,0,0.0,4.0
Bengaluru Dist,Hosakote PS,1.0442e+16,2022,1,2,Road Accidents,Offset,Rural Areas,Near Bus stop,Human Error,No,Grievous Injury,Vehicle to Vehicle,Controlled,Straight and flat,State Highway,Bitumen(Tar),Others,Not Applicable,Snow,state highway,Haraluru gate,7 km,13.082646,77.820853,0,1,0.0,1.0
Bengaluru Dist,Hosakote PS,1.0442e+16,2022,1,2,Road Accidents,Narrow road,Rural Areas,Open area,Human Error,No,Grievous Injury,Vehicle to Vehicle,Not Applicable,Straight and flat,State Highway,Bitumen(Tar),Dry,Not Applicable,Clear,state highway,Near Karibeeranahosalli Gate,500mtr,0.0,0.0,0,0,0.0,0.0
Bengaluru Dist,Hosakote PS,1.0442e+16,2022,1,2,Road Accidents,Cross roads,City/Town,Near Bus stop,Human Error,Yes,Grievous Injury,Vehicle to Vehicle,Controlled,Straight and flat,NH,Bitumen(Tar),Others,Not Applicable,Clear,NH 75,Gonakanahalli Gate,10,13.049734,77.88407,0,1,0.0,1.0
Bengaluru Dist,Hosakote PS,1.0442e+16,2022,1,1,Road Accidents,Narrow road,City/Town,Near Hospital,Human Error,No,Simple Injury,Hit pedestrian,Controlled,Not Applicable,NH,Bitumen(Tar),Others,Not Applicable,Cloudy,NH75,MVJ HOSPITAL,1 KM,13.105013,77.877976,0,1,0.0,1.0
Bengaluru Dist,Hosakote PS,1.0442e+16,2022,1,2,Road Accidents,Curves,Rural Areas,Open area,Human Error,No,Grievous Injury,Vehicle to Vehicle,Not at  Junction,Curve,NH,Bitumen(Tar),Not Applicable,Not Applicable,Clear,NH207 ROAD,Near Upparahalli,500mtr,13.08681,77.781196,0,0,0.0,0.0
Bengaluru Dist,Hosakote PS,1.0442e+16,2022,1,2,Road Accidents,Cross roads,Rural Areas,Near Bus stop,Human Error,No,Grievous Injury,Vehicle to Vehicle,Controlled,Straight and flat,State Highway,Bitumen(Tar),Others,Not Applicable,Clear,Sulibele Hosakote Road,Sulibele Hosakote Road,8KMs,13.086279,77.777932,0,1,0.0,1.0
Bengaluru Dist,Hosakote PS,1.0442e+16,2022,1,2,Road Accidents,Offset,City/Town,Narrow bridge or culverts,Human Error,No,Grievous Injury,Vehicle to Vehicle,Controlled,Others,NH,Bitumen(Tar),Others,Not Applicable,Clear,way bridge road,chinthamani road,2 km,0.0,0.0,0,1,0.0,1.0
Bengaluru Dist,Hosakote PS,1.0442e+16,2022,1,2,Road Accidents,Cross roads,City/Town,Near a recreation place/cinema,Human Error,Yes,Damage Only,Vehicle to Vehicle,Controlled,Curve,NH,Bitumen(Tar),Others,Not Applicable,Clear,NH75,NANDI GRAND HOTEL,50m,13.052143,77.853586,0,1,0.0,1.0
Bengaluru Dist,Hosakote PS,1.0442e+16,2022,1,2,Road Accidents,Narrow road,Rural Areas,Near office complex,Human Error,No,Fatal,Vehicle to Vehicle,Not at  Junction,Straight and flat,NH,Bitumen(Tar),Others,Not Applicable,Fine,HOSAKOTE  TOWN TO GATTIGANABBE,NANDASHREE KALYANA MANTAPA,250 Me,13.059553,77.783429,0,1,0.0,1.0
Bengaluru Dist,Hosakote PS,1.0442e+16,2022,1,2,Road Accidents,Not Applicable,City/Town,Near Bus stop,Human Error,No,Grievous Injury,Vehicle to Vehicle,Controlled,Straight and flat,NH,Bitumen(Tar),Others,Not Applicable,Clear,NH 75,highway,1km,13.081335,77.824188,0,1,0.0,1.0
Bengaluru Dist,Hosakote PS,1.0442e+16,2022,1,2,Road Accidents,Offset,City/Town,Residential area,Human Error,No,Simple Injury,Vehicle to Vehicle,Controlled,Others,NH,Bitumen(Tar),Others,Not Applicable,Clear,NH75,Sulthan Daba,2 km,0.0,0.0,0,1,0.0,1.0
Bengaluru Dist,Hosakote PS,1.0442e+16,2022,1,2,Road Accidents,Not Applicable,City/Town,Near office complex,Human Error,Yes,Damage Only,Vehicle to Vehicle,Controlled,Straight and flat,NH,Bitumen(Tar),Dry,No influence on accident,Fine,kolathur gate NH75,NH75,10m,13.05987,77.808051,0,0,0.0,0.0
Bengaluru Dist,Hosakote PS,1.0442e+16,2022,1,2,Road Accidents,Narrow road,Rural Areas,Near Bus stop,Human Error,No,Fatal,Vehicle to Vehicle,Not at  Junction,Straight and flat,Others,Bitumen(Tar),Others,Not Applicable,Clear,HOSAKOTE - MALUR,NEAR THAGGALI HOSAHALLI GATE,500 Me,13.037257,77.887868,0,1,0.0,1.0
Bengaluru Dist,Hosakote PS,1.0442e+16,2022,1,2,Road Accidents,Not Applicable,Rural Areas,Near Bus stop,Human Error,No,Simple Injury,Vehicle to Vehicle,Uncontrolled,Straight and flat,State Highway,Bitumen(Tar),Not Applicable,Not Applicable,Clear,Chintamani Hosakote Road,sonnadenahally gate,5km,13.08778,77.807568,0,0,0.0,0.0
Bengaluru Dist,Hosakote PS,1.0442e+16,2022,1,1,Road Accidents,Narrow road,Rural Areas,Near Bus stop,Human Error,No,Fatal,Hit pedestrian,Not Applicable,Straight and flat,NH,Bitumen(Tar),Not Applicable,No influence on accident,Clear,KOLAR -BANGALURU NH-75 ROAD,NEAR ATTU GATE,250 Me,13.098782,77.859176,0,0,0.0,0.0
Bengaluru Dist,Hosakote PS,1.0442e+16,2022,1,1,Road Accidents,Narrow road,Rural Areas,Open area,Human Error,No,Grievous Injury,Hit pedestrian,Not Applicable,Straight and flat,State Highway,Bitumen(Tar),Dry,Not Applicable,Cloudy,Chinatamani road,Near Doddahulluru gate,100 mt,13.100238,77.82258,0,0,0.0,0.0
Bengaluru Dist,Hosakote PS,1.0442e+16,2022,1,2,Road Accidents,Circle,Rural Areas,Near Bus stop,Human Error,Not Applicable,Grievous Injury,Vehicle to Vehicle,Controlled,Straight and flat,NH,Bitumen(Tar),Others,Not Applicable,Clear,NH 75,Bengaluru Kolar,100 mt,13.073165,77.788886,0,1,0.0,1.0
Bengaluru Dist,Hosakote PS,1.0442e+16,2022,1,1,Road Accidents,Narrow road,Rural Areas,At pedestrian Crossing,Human Error,No,Fatal,Hit pedestrian,Not at  Junction,Straight and flat,State Highway,Bitumen(Tar),Dry,Not Applicable,Fine,CHINTHAMANI to HOSAKOTE ROAD,TAJ HOTEL & RESTORENT HOTEL,15 Fee,13.106323,77.825868,0,0,0.0,0.0
Bengaluru Dist,Hosakote PS,1.0442e+16,2022,1,2,Road Accidents,Circle,Rural Areas,Near Bus stop,Human Error,Not Applicable,Simple Injury,Vehicle to Vehicle,Controlled,Straight and flat,NH,Bitumen(Tar),Others,Not Applicable,Clear,NH 75,Bengaluru Kolar,200 mt,13.072053,77.786601,0,1,0.0,1.0
Bengaluru Dist,Hosakote PS,1.0442e+16,2022,1,2,Road Accidents,Not Applicable,City/Town,Near Petrol Pump,Human Error,Yes,Grievous Injury,Vehicle to Vehicle,Controlled,Straight and flat,Sub Arterial,Bitumen(Tar),Others,Not Applicable,Clear,SULIBELE ROAD,NEAR PETROL BUNK,6KM,13.077096,77.782287,0,1,0.0,1.0
Bengaluru Dist,Hosakote PS,1.0442e+16,2022,1,1,Road Accidents,Cross roads,Rural Areas,Open area,Human Error,No,Grievous Injury,Hit pedestrian,Controlled,Straight and flat,State Highway,Bitumen(Tar),Others,Not Applicable,Clear,SULIBELE ROAD,CHIKKA AMANIKERE ROAD,1 KM,13.082374,77.807905,0,1,0.0,1.0
Bengaluru Dist,Hosakote PS,1.0442e+16,2022,1,2,Road Accidents,Cross roads,City/Town,Open area,Human Error,No,Grievous Injury,Vehicle to Vehicle,Controlled,Curve and Incline,NH,Bitumen(Tar),Dry,Construction Work / Material,Cloudy,NEAR LANCO TOLL,Nea lanco toll,500mtr,13.056483,77.767947,2,0,0.0,2.0
Bengaluru Dist,Hosakote PS,1.0442e+16,2022,1,2,Road Accidents,Narrow road,Rural Areas,Residential area,Human Error,No,Fatal,Vehicle to Vehicle,Not at  Junction,Straight and flat,Others,Bitumen(Tar),Others,Not Applicable,Clear,SHIDDALAGATTA TO HOSAKOTE ROAD,SOWPARNIKA APPARTMENT,25 MT,0.0,0.0,0,1,0.0,1.0
Bengaluru Dist,Hosakote PS,1.0442e+16,2022,1,2,Road Accidents,Cross roads,City/Town,Near Bus stop,Human Error,Yes,Grievous Injury,Vehicle to Vehicle,Controlled,Others,NH,Bitumen(Tar),Others,Not Applicable,Clear,NH75,Kolar To Bengaluru,5 KM,0.0,0.0,0,1,0.0,1.0
Bengaluru Dist,Hosakote PS,1.0442e+16,2022,1,2,Road Accidents,Cross roads,Rural Areas,Open area,Human Error,No,Damage Only,Vehicle to Vehicle,No signal lights,Straight and flat,State Highway,Bitumen(Tar),Dry,Construction Work / Material,Clear,Chinatamani road,Near Doddahullur,500mtr,13.10037,77.822822,2,0,0.0,2.0
Bengaluru Dist,Hosakote PS,1.0442e+16,2022,1,2,Road Accidents,Cross roads,City/Town,Near Bus stop,Human Error,Yes,Grievous Injury,Hit bicyclist,Controlled,Curve and Incline,NH,Bitumen(Tar),Dry,Not Applicable,Clear,NH 75 Road,NEAR GOUTAM COLONY,500mtr,13.077682,77.795489,0,0,0.0,0.0
Bengaluru Dist,Hosakote PS,1.0442e+16,2022,1,3,Road Accidents,Narrow road,Rural Areas,Residential area,Human Error,No,Fatal,Vehicle to Vehicle,Not at  Junction,Straight and flat,State Highway,Bitumen(Tar),Others,Not Applicable,Clear,HOSAKOTE-JANGAMAKOTE ROAD,NEAR SOUPARNIKA APPARTMENT,500 Me,13.098022,77.810642,0,1,0.0,1.0
Bengaluru Dist,Hosakote PS,1.0442e+16,2022,1,2,Road Accidents,Road hump or Rumble strips,City/Town,Residential area,Human Error,Yes,Grievous Injury,Vehicle to Vehicle,Uncontrolled,Hump,State Highway,Bitumen(Tar),Dry,Not Applicable,Clear,Hosur road,Near Nandashree,80feet,13.026394,77.78562,0,0,0.0,0.0
Bengaluru Dist,Hosakote PS,1.0442e+16,2022,1,1,Road Accidents,Narrow road,City/Town,Near office complex,Human Error,No,Grievous Injury,Hit pedestrian,Uncontrolled,Straight and flat,Service Road,Bitumen(Tar),Dry,Not Applicable,Clear,NH75 SERVICE ROAD,Opp Honda show room,40feet,13.067993,77.779404,0,0,0.0,0.0
Bengaluru Dist,Hosakote PS,1.0442e+16,2022,1,2,Road Accidents,Road hump or Rumble strips,Rural Areas,Near Bus stop,Human Error,No,Fatal,Vehicle to Vehicle,Not at  Junction,Straight and flat,NH,Bitumen(Tar),Not Applicable,Not Applicable,Cloudy,BENGALURU TO KIOLAR,I B CIRCLE,50 Me,13.070082,77.78416,0,0,0.0,0.0
Bengaluru Dist,Hosakote PS,1.0442e+16,2022,1,2,Road Accidents,Not Applicable,City/Town,Near Bus stop,Human Error,No,Fatal,Vehicle to Vehicle,Controlled,Straight and flat,NH,Bitumen(Tar),Not Applicable,Not Applicable,Clear,TOLL,LANCO TOLL,500 mt,13.057477,77.7690579,0,0,0.0,0.0
Bengaluru Dist,Hosakote PS,1.0442e+16,2022,1,2,Road Accidents,Narrow road,City/Town,Open area,Human Error,No,Grievous Injury,Vehicle to Vehicle,Uncontrolled,Straight and flat,NH,Bitumen(Tar),Dry,Construction Work / Material,Cloudy,NH 75,Near toll,500mtr,13.076988,77.795515,2,0,0.0,2.0
Bengaluru Dist,Hosakote PS,1.0442e+16,2022,1,2,Road Accidents,Not Applicable,City/Town,Near Hospital,Human Error,No,Grievous Injury,Vehicle to Vehicle,Controlled,Straight and flat,NH,Bitumen(Tar),Not Applicable,Not Applicable,Clear,NH75,NH,2KM,13.078394,77.81274,0,0,0.0,0.0
Bengaluru Dist,Hosakote PS,1.0442e+16,2023,1,1,Road Accidents,Curves,City/Town,Residential area,Human Error,Yes,Grievous Injury,Hit pedestrian,Not Applicable,Curve,Others,Bitumen(Tar),Dry,Not Applicable,Clear,Ambedkar Colony road,Near Amedkar colony,1 km,13.060775,77.7837319,0,0,0.0,0.0
Bengaluru Dist,Hosakote PS,1.0442e+16,2023,1,2,Road Accidents,Cross roads,City/Town,Residential area,Human Error,Yes,Grievous Injury,Vehicle to Vehicle,Controlled,Hump,Others,Bitumen(Tar),Dry,Not Applicable,Clear,Kanak Bhavan Road,Qaulity Fresh Chicken hot,10feet,0.0,0.0,0,0,0.0,0.0
Bengaluru Dist,Hosakote PS,1.0442e+16,2023,1,2,Road Accidents,Narrow road,Rural Areas,Open area,Human Error,Not Applicable,Grievous Injury,Vehicle to Vehicle,Uncontrolled,Dip or trough,State Highway,Bitumen(Tar),Dry,Pot holed,Clear,SH,Near ICAC,100mtr,0.0,0.0,5,0,0.0,5.0
Bengaluru Dist,Hosakote PS,1.0442e+16,2023,1,2,Road Accidents,Narrow road,Rural Areas,Open area,Human Error,No,Fatal,Vehicle to Vehicle,Not at  Junction,Not Applicable,Service Road,Bitumen(Tar),Not Applicable,Not Applicable,Fine,CHENNI HIGHWAY EXPRESS ROAD,NEAR CHIIKKAULLURU,500 Mt,13.104995,77.824875,0,0,0.0,0.0
Bengaluru Dist,Hosakote PS,1.0442e+16,2023,1,2,Road Accidents,Narrow road,Rural Areas,Open area,Human Error,No,Fatal,Vehicle to Vehicle,Not Applicable,Others,Others,Bitumen(Tar),Dry,Not Applicable,Clear,OROHALLI-ONAKAHALLI ROAD,NEAR NAGARAJAPPA LAND,50 mt,13.064107,77.890008,0,0,0.0,0.0
Bengaluru Dist,Hosakote PS,1.0442e+16,2023,1,1,Road Accidents,Not Applicable,City/Town,Near a religious place,Human Error,No,Fatal,Hit pedestrian,Controlled,Others,Others,Bitumen(Tar),Dry,No influence on accident,Clear,"NEAR AMBEDKAR STATUE , PARVATHIPUR ROAD",NEAR AMBEDKAR STATUE,0.1KM,13.073014,77.785595,0,0,0.0,0.0
Bengaluru Dist,Hosakote PS,1.0442e+16,2023,1,2,Road Accidents,Narrow road,Rural Areas,Open area,Human Error,No,Simple Injury,Vehicle to Vehicle,Not Applicable,Not Applicable,State Highway,Bitumen(Tar),Dry,Not Applicable,Fine,doddadenahalli- gerupura road,near muneshwara temple,15,13.0374,77.770232,0,0,0.0,0.0
Bengaluru Dist,Hosakote PS,1.0442e+16,2023,1,2,Road Accidents,Narrow road,Rural Areas,Open area,Human Error,Yes,Fatal,Vehicle to Vehicle,Not Applicable,Straight and flat,State Highway,Bitumen(Tar),Dry,Not Applicable,Cloudy,Devanagundi road,Devanagundi cross,500mtr,0.0,0.0,0,0,0.0,0.0
Bengaluru Dist,Hosakote PS,1.0442e+16,2023,1,1,Road Accidents,Cross roads,City/Town,At pedestrian Crossing,Human Error,No,Grievous Injury,Hit pedestrian,Controlled,Straight and flat,Service Road,Bitumen(Tar),Others,Not Applicable,Clear,near canteen,Near Indira canteen,2 km,13.074138,77.786091,0,1,0.0,1.0
Bengaluru Dist,Hosakote PS,1.0442e+16,2023,1,2,Road Accidents,Cross roads,Rural Areas,Near Bus stop,Human Error,No,Grievous Injury,Vehicle to Vehicle,Controlled,Curve and Incline,One way,Bitumen(Tar),Others,Not Applicable,Clear,State Road,village Road,12km,0.0,0.0,0,1,0.0,1.0
Bengaluru Dist,Hosakote PS,1.0442e+16,2023,1,1,Road Accidents,Not Applicable,Rural Areas,Residential area,Human Error,No,Fatal,Not Applicable,Not Applicable,Others,Others,Bitumen(Tar),Others,Not Applicable,Clear,INSIDE PRAVITE PROPARTY,MOHINI FACTORY,02FT,13.118817,77.833514,0,1,0.0,1.0
Bengaluru Dist,Hosakote PS,1.0442e+16,2023,1,2,Road Accidents,Cross roads,City/Town,Near Bus stop,Human Error,No,Grievous Injury,Vehicle to Vehicle,Controlled,Straight and flat,Expressway,Bitumen(Tar),Others,Not Applicable,Clear,Near toll,Huskur GAte,1 km,0.0,0.0,0,1,0.0,1.0
Bengaluru Dist,Hosakote PS,1.0442e+16,2023,1,2,Road Accidents,Narrow road,Rural Areas,Near a factory industrial area,Human Error,No,Grievous Injury,Vehicle to Vehicle,Controlled,Straight and flat,Others,Bitumen(Tar),Dry,Not Applicable,Cloudy,KIDB Road,Near Indo mim Company,300mtr,13.114901,77.83429,0,0,0.0,0.0
Bengaluru Dist,Hosakote Traffic PS,1.04422e+16,2023,1,2,Road Accidents,Narrow road,Rural Areas,Open area,Human Error,No,Grievous Injury,Vehicle to Vehicle,Not at  Junction,Straight and flat,NH,Bitumen(Tar),Dry,Not Applicable,Clear,NH75,1,15,0.0,0.0,0,0,0.0,0.0
Bengaluru Dist,Hosakote Traffic PS,1.04422e+16,2023,1,1,Road Accidents,Narrow road,Rural Areas,Near office complex,Human Error,Yes,Grievous Injury,Hit pedestrian,Not at  Junction,Straight and flat,Service Road,Bitumen(Tar),Dry,Pot holed,Mist or Fog,NH75,1,2,0.0,0.0,5,0,0.0,5.0
Bengaluru Dist,Hosakote Traffic PS,1.04422e+16,2023,1,2,Road Accidents,Narrow road,City/Town,Near office complex,Human Error,No,Damage Only,Vehicle to Vehicle,Not at  Junction,Straight and flat,State Highway,Bitumen(Tar),Ditch or Potholed,No influence on accident,Clear,Budigere Cross -Devanahalli Road,pristige apartment,100mt,0.0,0.0,0,5,0.0,5.0
Bengaluru Dist,Hosakote Traffic PS,1.04422e+16,2023,1,3,Road Accidents,Narrow road,City/Town,Near Petrol Pump,Not Applicable,Not Applicable,Damage Only,Vehicle to Vehicle,Controlled,Not Applicable,State Highway,Bitumen(Tar),Dry,Not Applicable,Fine,WHITEFIELD TO KATAMANALLUR GATE,NEAR GORAVIGERE GATE,10KM,13.041727,77.760508,0,0,0.0,0.0
Bengaluru Dist,Hosakote Traffic PS,1.04422e+16,2023,1,2,Road Accidents,Curves,Rural Areas,Open area,Human Error,No,Grievous Injury,Vehicle to Vehicle,Not at  Junction,Curve,NH,Bitumen(Tar),Dry,Not Applicable,Fine,NH 75,1,15,13.119508,77.888661,0,0,0.0,0.0
Bengaluru Dist,Hosakote Traffic PS,1.04422e+16,2023,1,2,Road Accidents,Narrow road,Rural Areas,Near Petrol Pump,Human Error,No,Grievous Injury,Vehicle to Vehicle,Not at  Junction,Straight and flat,State Highway,Bitumen(Tar),Dry,Not Applicable,Clear,SH 82,1,18,0.0,0.0,0,0,0.0,0.0
Bengaluru Dist,Hosakote Traffic PS,1.04422e+16,2023,1,2,Road Accidents,Narrow road,Rural Areas,Near School or College,Vehicle Defect,No,Grievous Injury,Vehicle to Vehicle,Uncontrolled,Others,Others,Not Applicable,Dry,Not Applicable,Clear,NH 75,curent pole,20,0.0,0.0,0,0,0.0,0.0
Bengaluru Dist,Hosakote Traffic PS,1.04422e+16,2023,1,2,Road Accidents,Curves,Rural Areas,Near Bus stop,Human Error,No,Grievous Injury,Vehicle to Vehicle,Uncontrolled,Curve,NH,Bitumen(Tar),Dry,Not Applicable,Clear,NH75,1,15,13.133627,77.946541,0,0,0.0,0.0
Bengaluru Dist,Hosakote Traffic PS,1.04422e+16,2023,1,2,Road Accidents,Narrow road,Rural Areas,Open area,Vehicle Defect,No,Grievous Injury,Vehicle to Vehicle,Controlled,Others,NH,Not Applicable,Dry,Not Applicable,Clear,NH 75,Bord,45,13.077114,77.808092,0,0,0.0,0.0
Bengaluru Dist,Hosakote Traffic PS,1.04422e+16,2023,1,2,Road Accidents,Narrow road,Rural Areas,Open area,Vehicle Defect,No,Grievous Injury,Vehicle to Vehicle,Uncontrolled,Others,NH,Not Applicable,Others,Not Applicable,Clear,NH 75,curent pole,35,0.0,0.0,0,1,0.0,1.0
Bengaluru Dist,Hosakote Traffic PS,1.04422e+16,2023,1,2,Road Accidents,Narrow road,Rural Areas,Near Petrol Pump,Human Error,No,Grievous Injury,Vehicle to Vehicle,Not at  Junction,Straight and flat,NH,Bitumen(Tar),Dry,Not Applicable,Clear,SH 82,1,10,13.087791,77.807621,0,0,0.0,0.0
Bengaluru Dist,Hosakote Traffic PS,1.04422e+16,2023,1,2,Road Accidents,Narrow road,Rural Areas,Open area,Vehicle Defect,No,Grievous Injury,Vehicle to Vehicle,Uncontrolled,Others,NH,Not Applicable,Dry,Not Applicable,Clear,NH 75,curent pole,45,13.04062,77.743071,0,0,0.0,0.0
Bengaluru Dist,Hosakote Traffic PS,1.04422e+16,2023,1,2,Road Accidents,Narrow road,Rural Areas,Open area,Human Error,Yes,Damage Only,Vehicle to Vehicle,Not at  Junction,Straight and flat,NH,Bitumen(Tar),Dry,Construction Work / Material,Clear,NH75,1,4,13.084103,77.821043,2,0,0.0,2.0
Bengaluru Dist,Hosakote Traffic PS,1.04422e+16,2023,1,2,Road Accidents,Narrow road,Rural Areas,Open area,Vehicle Defect,No,Grievous Injury,Not Applicable,Controlled,Others,NH,Not Applicable,Dry,Not Applicable,Clear,NH-75,complex,60,13.077256,77.798667,0,0,0.0,0.0
Bengaluru Dist,Hosakote Traffic PS,1.04422e+16,2023,1,1,Road Accidents,Narrow road,Rural Areas,Near Bus stop,Human Error,No,Fatal,Hit pedestrian,Stop sign,Straight and flat,Service Road,Bitumen(Tar),Dry,Not Applicable,Clear,NH75,1,1,13.070152,77.783141,0,0,0.0,0.0
Bengaluru Dist,Hosakote Traffic PS,1.04422e+16,2023,1,2,Rail Road Accidents,Narrow road,Rural Areas,Open area,Not Applicable,No,Grievous Injury,Vehicle to Vehicle,Not at  Junction,Straight and flat,NH,Bitumen(Tar),Dry,Pot holed,Clear,NH 75,1,12,0.0,0.0,5,0,0.0,5.0
Bengaluru Dist,Hosakote Traffic PS,1.04422e+16,2023,1,2,Road Accidents,Narrow road,Rural Areas,Near Hospital,Human Error,Yes,Grievous Injury,Vehicle to Vehicle,Not at  Junction,Straight and flat,NH,Bitumen(Tar),Dry,Not Applicable,Clear,NH75,1,10,0.0,0.0,0,0,0.0,0.0
Bengaluru Dist,Hosakote Traffic PS,1.04422e+16,2023,1,2,Road Accidents,Narrow road,Rural Areas,Near School or College,Human Error,Yes,Grievous Injury,Vehicle to Vehicle,Not at  Junction,Straight and flat,NH,Bitumen(Tar),Dry,Not Applicable,Clear,NH75,1,5,0.0,0.0,0,0,0.0,0.0
Bengaluru Dist,Hosakote Traffic PS,1.04422e+16,2023,1,2,Road Accidents,Not Applicable,Rural Areas,Open area,Vehicle Defect,No,Grievous Injury,Vehicle to Vehicle,Uncontrolled,Others,NH,Surfaced,Dry,Not Applicable,Clear,NH 75,curent pole,20,0.0,0.0,0,0,,
Bengaluru Dist,Hosakote Traffic PS,1.04422e+16,2023,1,1,Road Accidents,Narrow road,City/Town,Narrow bridge or culverts,Human Error,Yes,Fatal,Hit pedestrian,Not at  Junction,Not Applicable,NH,Bitumen(Tar),Others,No influence on accident,Cloudy,BENGALURU TO KOLAR HIGHWAY,MEDAHALLI UNDER PASS,50Mt,13.026765,77.720911,0,1,0.0,1.0
Bengaluru Dist,Hosakote Traffic PS,1.04422e+16,2023,1,1,Road Accidents,Junction,City/Town,At pedestrian Crossing,Human Error,No,Fatal,Hit pedestrian,No signal lights,Straight and flat,NH,Bitumen(Tar),Others,No influence on accident,Clear,BENGALURU TO KOLAR HIGHWAY,TRAFFIC POLICE STATION HOSAKOTE,100mt,0.0,0.0,0,1,0.0,1.0
Bengaluru Dist,Hosakote Traffic PS,1.04422e+16,2023,1,1,Road Accidents,Narrow road,Rural Areas,Open area,Human Error,Yes,Fatal,Hit pedestrian,Not at  Junction,Straight and flat,NH,Bitumen(Tar),Dry,Not Applicable,Clear,NH75,1,4,13.074608,77.791292,0,0,0.0,0.0
Bengaluru Dist,Hosakote Traffic PS,1.04422e+16,2023,1,2,Road Accidents,Narrow road,Rural Areas,Open area,Vehicle Defect,No,Grievous Injury,Vehicle to Vehicle,Uncontrolled,Others,NH,Not Applicable,Dry,Not Applicable,Clear,NH 75,Halasahalli Gate,100,13.109003,77.877309,0,0,0.0,0.0
Bengaluru Dist,Hosakote Traffic PS,1.04422e+16,2023,1,1,Road Accidents,Narrow road,Rural Areas,Open area,Vehicle Defect,No,Grievous Injury,Vehicle to Vehicle,Controlled,Not Applicable,NH,Not Applicable,Dry,Not Applicable,Clear,NH 75,curent pole,45,13.028014,77.723758,0,0,0.0,0.0
Bengaluru Dist,Hosakote Traffic PS,1.04422e+16,2023,1,1,Road Accidents,Narrow road,Rural Areas,Open area,Vehicle Defect,No,Fatal,Hit pedestrian,Uncontrolled,Others,Not Applicable,Not Applicable,Dry,Not Applicable,Clear,NH-207,BORD,20,13.088563,77.780774,0,0,0.0,0.0
Bengaluru Dist,Hosakote Traffic PS,1.04422e+16,2023,1,1,Road Accidents,Narrow road,Rural Areas,Near or inside a village,Not Applicable,Not Applicable,Fatal,Not Applicable,Controlled,Not Applicable,State Highway,Bitumen(Tar),Dry,Not Applicable,Fine,SH-82,NEAR HINDIGANALA,15KM,13.225458,77.917496,0,0,0.0,0.0
Bengaluru Dist,Hosakote Traffic PS,1.04422e+16,2023,1,2,Road Accidents,Not Applicable,City/Town,Open area,Human Error,No,Grievous Injury,Vehicle to Vehicle,Not at  Junction,Straight and flat,NH,Bitumen(Tar),Dry,Not Applicable,Clear,NH75,1,3,13.076742,77.795151,0,0,0.0,0.0
Bengaluru Dist,Hosakote Traffic PS,1.04422e+16,2023,1,2,Road Accidents,Narrow road,Rural Areas,Open area,Human Error,No,Grievous Injury,Vehicle to Vehicle,Not at  Junction,Straight and flat,NH,Bitumen(Tar),Dry,Not Applicable,Fine,NH75,1,12,0.0,0.0,0,0,0.0,0.0
Bengaluru Dist,Hosakote Traffic PS,1.04422e+16,2023,1,2,Road Accidents,Narrow road,Rural Areas,Open area,Not Applicable,No,Grievous Injury,Vehicle to Vehicle,Controlled,Curve,NH,Bitumen(Tar),Dry,Not Applicable,Fine,KOLAR BANGALORE NH-75 ROAD,NEAR KATAMANALLURU BRIDGE,3KM,13.053393,77.761922,0,0,0.0,0.0