DISTRICTNAME,UNITNAME,Crime_No,Year,RI,Noofvehicle_involved,Accident_Classification,Accident_Spot,Accident_Location,Accident_SubLocation,Main_Cause,Hit_Run,Severity,Collision_Type,Junction_Control,Road_Character,Road_Type,Surface_Type,Surface_Condition,Road_Condition,Weather,Accident_Road,Landmark_first,Distance_LandMark_First,Latitude,Longitude,Road_Condition_Score,Surface_Condition_Score,Surface_Type_Score,Road_Risk_Index
Bengaluru Dist,Hosakote Traffic PS,1.04422e+16,2023,1,2,Road Accidents,Not Applicable,Rural Areas,Open area,Vehicle Defect,No,Grievous Injury,Vehicle to Vehicle,Uncontrolled,Straight and flat,NH,Metalled,Dry,Not Applicable,Clear,NH 75,curent pole,40,0.0,0.0,0,0,2.0,2.0
Bengaluru Dist,Hosakote Traffic PS,1.04422e+16,2023,1,1,Road Accidents,Narrow road,Rural Areas,Near Bus stop,Not Applicable,Yes,Grievous Injury,Vehicle to Vehicle,Controlled,Others,NH,Bitumen(Tar),Dry,Not Applicable,Clear,BANGALORE-KOLAR MH-75ROAD,NEAR MYLAPURA GATE,10KM,13.107359,77.873945,0,0,0.0,0.0
Bengaluru Dist,Hosakote Traffic PS,1.04422e+16,2023,1,1,Road Accidents,Narrow road,Rural Areas,Open area,Road Environment Defect,Yes,Fatal,Hit pedestrian,Uncontrolled,Others,NH,Surfaced,Dry,Pot holed,Clear,NH 75,Anjaneya temple,80,13.08489,77.825165,5,0,,
Bengaluru Dist,Hosakote Traffic PS,1.04422e+16,2023,1,2,Road Accidents,Narrow road,Rural Areas,Open area,Human Error,No,Fatal,Vehicle to Vehicle,Not at  Junction,Straight and flat,State Highway,Bitumen(Tar),Dry,Pot holed,Clear,NH75,1,19,0.0,0.0,5,0,0.0,5.0
Bengaluru Dist,Hosakote Traffic PS,1.04422e+16,2023,1,2,Road Accidents,Not Applicable,Rural Areas,Open area,Vehicle Defect,No,Simple Injury,Vehicle to Vehicle,Uncontrolled,Others,State Highway,Surfaced,Dry,Not Applicable,Clear,SH 82,curent pole,45,0.0,0.0,0,0,,
Bengaluru Dist,Hosakote Traffic PS,1.04422e+16,2023,1,2,Road Accidents,Circle,Rural Areas,Open area,Not Applicable,Not Applicable,Grievous Injury,Vehicle to Vehicle,Controlled,Curve,NH,Bitumen(Tar),Dry,Not Applicable,Fine,KOLAR BANAGLORE NH-75ROAD,CHIKKANAHALLI GATE,15KM,0.0,0.0,0,0,0.0,0.0
Bengaluru Dist,Hosakote Traffic PS,1.04422e+16,2023,1,1,Road Accidents,Narrow road,Rural Areas,Open area,Not Applicable,Yes,Grievous Injury,Hit pedestrian,Controlled,Others,Not Applicable,Bitumen(Tar),Dry,Not Applicable,Fine,chinthamani hosakote sh-82,near mallimakanapura village,15km,13.126677,77.847099,0,0,0.0,0.0
Bengaluru Dist,Hosakote Traffic PS,1.04422e+16,2023,1,2,Road Accidents,Narrow road,Rural Areas,Near Bus stop,Not Applicable,Yes,Simple Injury,Vehicle to Vehicle,Controlled,Not Applicable,State Highway,Bitumen(Tar),Dry,Not Applicable,Clear,HOSAKOTE CHINTHAMANI SH-82,NEAR BEEMAKANAHALLI GATE,10KM,0.0,0.0,0,0,0.0,0.0
Bengaluru Dist,Hosakote Traffic PS,1.04422e+16,2023,1,2,Road Accidents,Narrow road,Rural Areas,Open area,Human Error,No,Grievous Injury,Vehicle to Vehicle,Not at  Junction,Straight and flat,NH,Bitumen(Tar),Dry,Not Applicable,Clear,NH 75,1,18,13.033654,77.733121,0,0,0.0,0.0
Bengaluru Dist,Hosakote Traffic PS,1.04422e+16,2023,1,2,Road Accidents,Narrow road,Rural Areas,Open area,Human Error,No,Grievous Injury,Vehicle to Vehicle,Not at  Junction,Straight and flat,NH,Bitumen(Tar),Dry,Not Applicable,Clear,NH 75,1,8,0.0,0.0,0,0,0.0,0.0
Bengaluru Dist,Hosakote Traffic PS,1.04422e+16,2023,1,1,Road Accidents,Narrow road,City/Town,Open area,Vehicle Defect,Yes,Grievous Injury,Hit pedestrian,Uncontrolled,Not Applicable,Others,Not Applicable,Dry,Not Applicable,Clear,NH 75 avalahalli near,curent pole,35,13.031719,77.731791,0,0,0.0,0.0
Bengaluru Dist,Hosakote Traffic PS,1.04422e+16,2023,1,1,Road Accidents,Narrow road,Rural Areas,Open area,Vehicle Defect,No,Simple Injury,Hit pedestrian,Uncontrolled,Others,NH,Not Applicable,Dry,Not Applicable,Clear,NH 75,50,45,13.133749,77.946453,0,0,0.0,0.0
Bengaluru Dist,Hosakote Traffic PS,1.04422e+16,2023,1,2,Road Accidents,Not Applicable,Rural Areas,Open area,Vehicle Defect,No,Damage Only,Vehicle to Vehicle,Uncontrolled,Others,NH,Not Applicable,Dry,Not Applicable,Clear,NH 75,curent pole,45,13.055787,77.759178,0,0,0.0,0.0
Bengaluru Dist,Hosakote Traffic PS,1.04422e+16,2023,1,2,Road Accidents,Narrow road,City/Town,Open area,Vehicle Defect,No,Grievous Injury,Vehicle to Vehicle,Uncontrolled,Others,NH,Surfaced,Dry,Not Applicable,Clear,NH 75,curent pole,40,13.047205,77.748967,0,0,,
Bengaluru Dist,Hosakote Traffic PS,1.04422e+16,2023,1,2,Road Accidents,Road hump or Rumble strips,Rural Areas,Open area,Vehicle Defect,No,Simple Injury,Vehicle to Vehicle,Uncontrolled,Hump,NH,Not Applicable,Dry,Not Applicable,Clear,NH 75,curent pole,40,13.069887,77.783579,0,0,0.0,0.0
Bengaluru Dist,Hosakote Traffic PS,1.04422e+16,2023,1,3,Road Accidents,Narrow road,Rural Areas,Open area,Vehicle Defect,No,Simple Injury,Vehicle to Vehicle,Uncontrolled,Others,Others,Not Applicable,Dry,Not Applicable,Clear,NH 75,curent pole,40,13.063236,77.739938,0,0,0.0,0.0
Bengaluru Dist,Hosakote Traffic PS,1.04422e+16,2023,1,2,Road Accidents,Narrow road,Rural Areas,Open area,Human Error,No,Grievous Injury,Vehicle to Vehicle,Not at  Junction,Straight and flat,NH,Bitumen(Tar),Ditch or Potholed,No influence on accident,Clear,BENGALURU TO KOLAR HIGHWAY,MR DABHA,50Mt,13.133762,77.946466,0,5,0.0,5.0
Bengaluru Dist,Hosakote Traffic PS,1.04422e+16,2023,1,1,Road Accidents,Narrow road,Rural Areas,Open area,Human Error,No,Grievous Injury,Hit bicyclist,Not at  Junction,Straight and flat,NH,Bitumen(Tar),Dry,Not Applicable,Clear,NH75,1,3,13.120412,77.897229,0,0,0.0,0.0
Bengaluru Dist,Hosakote Traffic PS,1.04422e+16,2023,1,1,Road Accidents,Narrow road,Rural Areas,Near Bus stop,Human Error,No,Grievous Injury,Not Applicable,No signal lights,Straight and flat,NH,Bitumen(Tar),Ditch or Potholed,Not Applicable,Clear,NH75,1,1,13.070308,77.783849,0,5,0.0,5.0
Bengaluru Dist,Hosakote Traffic PS,1.04422e+16,2023,1,1,Road Accidents,Junction,Rural Areas,Open area,Human Error,No,Fatal,Hit pedestrian,Not at  Junction,Straight and flat,NH,Bitumen(Tar),Dry,Pot holed,Clear,NH 75,1,10,13.09781,77.855548,5,0,0.0,5.0
Bengaluru Dist,Hosakote Traffic PS,1.04422e+16,2023,1,1,Road Accidents,Narrow road,City/Town,Near Bus stop,Human Error,Yes,Fatal,Hit pedestrian,Not Applicable,Straight and flat,Service Road,Bitumen(Tar),Dry,No influence on accident,Clear,SERVICE ROAD,NEAR SANTHE GATE,100Mt,13.077111,77.802182,0,0,0.0,0.0
Bengaluru Dist,Hosakote Traffic PS,1.04422e+16,2023,1,1,Road Accidents,Narrow road,Rural Areas,Near Bus stop,Human Error,No,Grievous Injury,Hit pedestrian,Stop sign,Straight and flat,NH,Bitumen(Tar),Dry,Not Applicable,Clear,NH75,1,1,13.070345,77.783644,0,0,0.0,0.0
Bengaluru Dist,Hosakote Traffic PS,1.04422e+16,2023,1,2,Road Accidents,Narrow road,Rural Areas,Near office complex,Human Error,No,Fatal,Vehicle to Vehicle,Not at  Junction,Straight and flat,State Highway,Bitumen(Tar),Ditch or Potholed,No influence on accident,Clear,chinthamani road STATE HIGHWAY,NEAR PAKASHALA HOTEL,120 ft,0.0,0.0,0,5,0.0,5.0
Bengaluru Dist,Hosakote Traffic PS,1.04422e+16,2023,1,1,Rail Road Accidents,Narrow road,Rural Areas,Open area,Not Applicable,No,Damage Only,Not Applicable,Not at  Junction,Straight and flat,NH,Bitumen(Tar),Dry,Not Applicable,Clear,NH75,1,5,0.0,0.0,0,0,0.0,0.0
Bengaluru Dist,Hosakote Traffic PS,1.04422e+16,2023,1,1,Road Accidents,Narrow road,Rural Areas,Narrow bridge or culverts,Human Error,No,Damage Only,Not Applicable,Not at  Junction,Straight and flat,NH,Bitumen(Tar),Ditch or Potholed,No influence on accident,Clear,KOLAR TO BENGALURU ROAD NH,TAVAREKERE,50Mt,0.0,0.0,0,5,0.0,5.0
Bengaluru Dist,Hosakote Traffic PS,1.04422e+16,2023,1,2,Road Accidents,Narrow road,Rural Areas,Near Bus stop,Human Error,No,Grievous Injury,Vehicle to Vehicle,Not at  Junction,Straight and flat,State Highway,Bitumen(Tar),Ditch or Potholed,No influence on accident,Clear,chinthamani road STATE HIGHWAY,CHOLAPPANAHALLI GATE,50Mt,0.0,0.0,0,5,0.0,5.0
Bengaluru Dist,Hosakote Traffic PS,1.04422e+16,2023,1,1,Road Accidents,Narrow road,Rural Areas,Open area,Human Error,No,Grievous Injury,Hit pedestrian,Not at  Junction,Straight and flat,NH,Bitumen(Tar),Dry,Not Applicable,Fine,Nh75,1,15,0.0,0.0,0,0,0.0,0.0
Bengaluru Dist,Hosakote Traffic PS,1.04422e+16,2023,1,1,Road Accidents,Not Applicable,Rural Areas,Open area,Vehicle Defect,No,Grievous Injury,Vehicle to Vehicle,Uncontrolled,Not Applicable,NH,Not Applicable,Dry,Not Applicable,Clear,NH 75,curent pole,40,0.0,0.0,0,0,0.0,0.0
Bengaluru Dist,Hosakote Traffic PS,1.04422e+16,2023,1,2,Road Accidents,Narrow road,City/Town,Near a factory industrial area,Human Error,No,Grievous Injury,Vehicle to Vehicle,Not at  Junction,Straight and flat,Service Road,Bitumen(Tar),Ditch or Potholed,No influence on accident,Clear,NATIONAL HIGHWAY SERVICE ROAD,DECATHLON STORE,150 MT,0.0,0.0,0,5,0.0,5.0
Bengaluru Dist,Hosakote Traffic PS,1.04422e+16,2023,1,2,Road Accidents,Narrow road,Rural Areas,Residential area,Not Applicable,No,Damage Only,Vehicle to Vehicle,Not Applicable,Others,NH,Bitumen(Tar),Dry,Not Applicable,Others,"KOLAR BANGALORE NH-75 ROAD,",NEAR HUSKUR KODI,3KM,13.061651,77.772762,0,0,0.0,0.0
Bengaluru Dist,Hosakote Traffic PS,1.04422e+16,2023,1,2,Road Accidents,Narrow road,Rural Areas,Near office complex,Vehicle Defect,No,Grievous Injury,Vehicle to Vehicle,Uncontrolled,Others,NH,Not Applicable,Dry,Not Applicable,Clear,NH 75,Bord,40,13.068278,77.779602,0,0,0.0,0.0
Bengaluru Dist,Hosakote Traffic PS,1.04422e+16,2023,1,2,Road Accidents,Narrow road,Rural Areas,Near Bus stop,Human Error,No,Grievous Injury,Vehicle to Vehicle,Not at  Junction,Straight and flat,State Highway,Bitumen(Tar),Dry,Not Applicable,Clear,SH82,1,17,0.0,0.0,0,0,0.0,0.0
Bengaluru Dist,Hosakote Traffic PS,1.04422e+16,2023,1,3,Road Accidents,Narrow road,Rural Areas,Near Bus stop,Human Error,No,Simple Injury,Vehicle to Vehicle,Not at  Junction,Straight and flat,State Highway,Bitumen(Tar),Dry,Not Applicable,Clear,Air Port Road,1,3,13.102749,77.744217,0,0,0.0,0.0
Bengaluru Dist,Hosakote Traffic PS,1.04422e+16,2023,1,2,Road Accidents,Narrow road,Rural Areas,Open area,Vehicle Defect,No,Fatal,Vehicle to Vehicle,Uncontrolled,Others,State Highway,Not Applicable,Others,Not Applicable,Clear,SH 82,Medirch GATE,60,0.0,0.0,0,1,0.0,1.0
Bengaluru Dist,Hosakote Traffic PS,1.04422e+16,2023,1,2,Road Accidents,Narrow road,Rural Areas,Open area,Vehicle Defect,No,Grievous Injury,Vehicle to Vehicle,Uncontrolled,Others,NH,Not Applicable,Others,Not Applicable,Others,NH 75,curent pole,15,0.0,0.0,0,1,0.0,1.0
Bengaluru Dist,Hosakote Traffic PS,1.04422e+16,2023,1,2,Road Accidents,Circle,Rural Areas,Open area,Vehicle Defect,Yes,Grievous Injury,Vehicle to Vehicle,Uncontrolled,Not Applicable,NH,Not Applicable,Others,Not Applicable,Clear,NH 75,curent pole,20,13.026255,77.7203,0,1,0.0,1.0
Bengaluru Dist,Hosakote Traffic PS,1.04422e+16,2023,1,2,Road Accidents,Not Applicable,Rural Areas,Open area,Vehicle Defect,No,Grievous Injury,Vehicle to Vehicle,Uncontrolled,Others,NH,Not Applicable,Dry,Not Applicable,Clear,NH 75,curent pole,50,13.134626,77.938312,0,0,0.0,0.0
Bengaluru Dist,Hosakote Traffic PS,1.04422e+16,2023,1,2,Road Accidents,Narrow road,Rural Areas,Open area,Vehicle Defect,No,Grievous Injury,Vehicle to Vehicle,Uncontrolled,Others,State Highway,Not Applicable,Dry,Not Applicable,Clear,Mallimakanapura village,curent pole,50,13.123088,77.84324,0,0,0.0,0.0
Bengaluru Dist,Hosakote Traffic PS,1.04422e+16,2023,1,3,Road Accidents,Narrow road,City/Town,Open area,Human Error,No,Fatal,Vehicle to Vehicle,Not at  Junction,Straight and flat,NH,Bitumen(Tar),Ditch or Potholed,No influence on accident,Clear,KOLAR TO BENGALURU ROAD NH,LANCO TOLL,100ft,13.058466,77.769459,0,5,0.0,5.0
Bengaluru Dist,Hosakote Traffic PS,1.04422e+16,2023,1,2,Road Accidents,Narrow road,Rural Areas,Open area,Vehicle Defect,No,Damage Only,Vehicle to Vehicle,Uncontrolled,Others,NH,Not Applicable,Dry,Not Applicable,Clear,NH 75,40,45,13.032399,77.731677,0,0,0.0,0.0
Bengaluru Dist,Hosakote Traffic PS,1.04422e+16,2023,1,1,Road Accidents,Narrow road,Rural Areas,Open area,Vehicle Defect,No,Fatal,Vehicle to Vehicle,Controlled,Not Applicable,Others,Not Applicable,Dry,Not Applicable,Clear,SH 82,raja kaluve,35,13.053566,77.747797,0,0,0.0,0.0
Bengaluru Dist,Hosakote Traffic PS,1.04422e+16,2023,1,2,Road Accidents,Narrow road,Rural Areas,Open area,Human Error,No,Fatal,Vehicle to Vehicle,Not at  Junction,Straight and flat,State Highway,Bitumen(Tar),Dry,Not Applicable,Fine,State Highway 82,Near k sathyawara village,12 KM,13.077319,77.801682,0,0,0.0,0.0
Bengaluru Dist,Hosakote Traffic PS,1.04422e+16,2023,1,2,Road Accidents,Junction,City/Town,Open area,Human Error,No,Damage Only,Vehicle to Vehicle,No signal lights,Straight and flat,NH,Bitumen(Tar),Dry,Not Applicable,Clear,NH75,1,2,13.076163,77.796815,0,0,0.0,0.0
Bengaluru Dist,Hosakote Traffic PS,1.04422e+16,2023,1,2,Road Accidents,Curves,City/Town,Near School or College,Human Error,No,Grievous Injury,Vehicle to Vehicle,Not at  Junction,Sharp Curve,State Highway,Bitumen(Tar),Others,No influence on accident,Clear,malur road,all ameen college,50mt,0.0,0.0,0,1,0.0,1.0
Bengaluru Dist,Hosakote Traffic PS,1.04422e+16,2023,1,2,Road Accidents,Junction,Rural Areas,Near Bus stop,Human Error,No,Grievous Injury,Vehicle to Vehicle,Give way sign,Straight and flat,NH,Bitumen(Tar),Dry,Not Applicable,Clear,NH75,1,15,0.0,0.0,0,0,0.0,0.0
Bengaluru Dist,Hosakote Traffic PS,1.04422e+16,2023,1,1,Road Accidents,Narrow road,City/Town,Open area,Vehicle Defect,No,Simple Injury,Vehicle to Vehicle,Uncontrolled,Others,State Highway,Not Applicable,Dry,Not Applicable,Clear,katamnalluru to kadugodi road,curent pole,50,0.0,0.0,0,0,0.0,0.0
Bengaluru Dist,Hosakote Traffic PS,1.04422e+16,2023,1,2,Road Accidents,Narrow road,Rural Areas,Open area,Road Environment Defect,No,Grievous Injury,Vehicle to Vehicle,Not at  Junction,Straight and flat,Service Road,Bitumen(Tar),Dry,Not Applicable,Clear,NH75,1,4,0.0,0.0,0,0,0.0,0.0
Bengaluru Dist,Hosakote Traffic PS,1.04422e+16,2023,1,2,Road Accidents,Narrow road,Rural Areas,Open area,Vehicle Defect,No,Simple Injury,Vehicle to Vehicle,Uncontrolled,Others,NH,Surfaced,Dry,Not Applicable,Clear,NH 75,curent pole,20,13.077886,77.8092049,0,0,,
Bengaluru Dist,Hosakote Traffic PS,1.04422e+16,2023,1,2,Road Accidents,Not Applicable,Rural Areas,Open area,Vehicle Defect,Yes,Grievous Injury,Vehicle to Vehicle,Uncontrolled,Others,Others,Surfaced,Dry,Not Applicable,Clear,Budigere cross budigere,krishnappa,120,13.130884,77.745276,0,0,,
Bengaluru Dist,Hosakote Traffic PS,1.04422e+16,2023,1,2,Road Accidents,Junction,City/Town,Near Hospital,Human Error,No,Grievous Injury,Vehicle to Vehicle,No signal lights,Straight and flat,Service Road,Surfaced,Dry,No influence on accident,Clear,NH SERVICE ROAD,NEAR REVANKAR HOSPITAL,40MT,0.0,0.0,0,0,,
Bengaluru Dist,Hosakote Traffic PS,1.04422e+16,2023,1,2,Road Accidents,Narrow road,Rural Areas,Open area,Vehicle Defect,No,Damage Only,Vehicle to Vehicle,Uncontrolled,Others,NH,Metalled,Dry,Not Applicable,Clear,NH75,CURENT POLE,40,13.033947,77.733388,0,0,2.0,2.0
Bengaluru Dist,Hosakote Traffic PS,1.04422e+16,2023,1,2,Other Railway Accidents,Narrow road,Rural Areas,Open area,Vehicle Defect,No,Grievous Injury,Vehicle to Vehicle,Uncontrolled,Others,Others,Surfaced,Others,Not Applicable,Clear,NH-207,curent pole,45,13.093254,77.779021,0,1,,
Bengaluru Dist,Hosakote Traffic PS,1.04422e+16,2023,1,2,Road Accidents,Narrow road,Rural Areas,Near Bus stop,Human Error,No,Grievous Injury,Vehicle to Vehicle,Not Applicable,Straight and flat,NH,Bitumen(Tar),Dry,Not Applicable,Clear,NH75,1,0.5,0.0,0.0,0,0,0.0,0.0
Bengaluru Dist,Hosakote Traffic PS,1.04422e+16,2023,1,2,Road Accidents,Narrow road,Rural Areas,Near School or College,Human Error,No,Fatal,Vehicle to Vehicle,Not at  Junction,Incline,NH,Bitumen(Tar),Not Applicable,No influence on accident,Clear,KOLAR TO BENGALURU ROAD NH,NH75 HOTEL,100Mt,13.097375,77.855416,0,0,0.0,0.0
Bengaluru Dist,Hosakote Traffic PS,1.04422e+16,2023,1,2,Road Accidents,Junction,City/Town,Near Bus stop,Human Error,No,Grievous Injury,Vehicle to Vehicle,No signal lights,Steep Incline or Climb,NH,Bitumen(Tar),Others,No influence on accident,Clear,KOLAR TO BENGALURU ROAD NH,goutham colony,10mt,13.076781,77.795056,0,1,0.0,1.0
Bengaluru Dist,Hosakote Traffic PS,1.04422e+16,2023,1,2,Road Accidents,Junction,City/Town,In bazaar,Human Error,No,Damage Only,Vehicle to Vehicle,Police / Manual,Straight and flat,Service Road,Bitumen(Tar),Wet,No influence on accident,Clear,NH SERVICE ROAD,KEB CIRCLE,20Mt,13.0721,77.7870679,0,3,0.0,3.0
Bengaluru Dist,Hosakote Traffic PS,1.04422e+16,2023,1,1,Road Accidents,Narrow road,City/Town,Open area,Human Error,Yes,Fatal,Hit pedestrian,Not at  Junction,Gentle Incline or Climb,NH,Surfaced,Others,No influence on accident,Clear,KOLAR TO BENGALURU ROAD NH,near avalahalli police station,250mt,13.043374,77.747744,0,1,,
Bengaluru Dist,Hosakote Traffic PS,1.04422e+16,2023,1,2,Road Accidents,Not Applicable,Rural Areas,Open area,Vehicle Defect,No,Fatal,Vehicle to Vehicle,Uncontrolled,Not Applicable,NH,Not Applicable,Dry,Not Applicable,Clear,NH 75,signal board,15,13.133416,77.935425,0,0,0.0,0.0
Bengaluru Dist,Hosakote Traffic PS,1.04422e+16,2023,1,1,Road Accidents,Narrow road,Rural Areas,Near Bus stop,Human Error,No,Grievous Injury,Hit pedestrian,Not at  Junction,Straight and flat,NH,Bitumen(Tar),Dry,Not Applicable,Clear,NH75,1,1,13.034125,77.73368,0,0,0.0,0.0
Bengaluru Dist,Hosakote Traffic PS,1.04422e+16,2023,1,3,Road Accidents,Narrow road,Rural Areas,Open area,Vehicle Defect,No,Grievous Injury,Vehicle to Vehicle,Uncontrolled,Others,NH,Not Applicable,Dry,Not Applicable,Clear,NH 75,curent pole,45,13.070225,77.783817,0,0,0.0,0.0
Bengaluru Dist,Hosakote Traffic PS,1.04422e+16,2023,1,3,Road Accidents,Narrow road,City/Town,Near or inside a village,Not Applicable,No,Grievous Injury,Vehicle to Vehicle,Controlled,Not Applicable,NH,Bitumen(Tar),Dry,Not Applicable,Fine,KOLAR BANGALORE NH-75 SARVICE ROAD,NEAR SBI BANK,2KM,13.075687,77.79335,0,0,0.0,0.0
Bengaluru Dist,Hosakote Traffic PS,1.04422e+16,2023,1,1,Road Accidents,Narrow road,Rural Areas,Open area,Human Error,No,Fatal,Hit pedestrian,Not at  Junction,Straight and flat,NH,Bitumen(Tar),Dry,No influence on accident,Clear,NH 75 BENGALURU TO KOLAR ROAD,OPP TOYOTA SHOWROOM,50 Mt,0.0,0.0,0,0,0.0,0.0
Bengaluru Dist,Hosakote Traffic PS,1.04422e+16,2023,1,2,Road Accidents,Narrow road,Rural Areas,Open area,Vehicle Defect,No,Simple Injury,Vehicle to Vehicle,Not Applicable,Others,Service Road,Not Applicable,Dry,Not Applicable,Clear,Hosakote,GPR BAR,20,0.0,0.0,0,0,0.0,0.0
Bengaluru Dist,Hosakote Traffic PS,1.04422e+16,2023,1,2,Road Accidents,Not Applicable,Rural Areas,Open area,Vehicle Defect,No,Grievous Injury,Vehicle to Vehicle,Not Applicable,Not Applicable,NH,Kutcha,Not Applicable,Not Applicable,Others,NH75,Anjneya temple,100mtr,0.0,0.0,0,0,4.0,4.0
Bengaluru Dist,Hosakote Traffic PS,1.04422e+16,2023,1,2,Road Accidents,Narrow road,Rural Areas,Open area,Vehicle Defect,No,Grievous Injury,Vehicle to Vehicle,Uncontrolled,Others,NH,Surfaced,Others,Not Applicable,Clear,NH75,Curent pole,40,0.0,0.0,0,1,,
Bengaluru Dist,Hosakote Traffic PS,1.04422e+16,2023,1,2,Road Accidents,Narrow road,Rural Areas,Near or inside a village,Human Error,Yes,Fatal,Vehicle to Vehicle,Not at  Junction,Straight and flat,Service Road,Bitumen(Tar),Ditch or Potholed,No influence on accident,Clear,SERVICE ROAD,YALACHAHALLI BRIDGE UNDER PASS,50MT,13.126468,77.907816,0,5,0.0,5.0
Bengaluru Dist,Hosakote Traffic PS,1.04422e+16,2023,1,2,Road Accidents,Narrow road,Rural Areas,Open area,Vehicle Defect,No,Simple Injury,Vehicle to Vehicle,Uncontrolled,Others,NH,Not Applicable,Dry,Not Applicable,Clear,NH 75,curent pole,40,13.049264,77.755158,0,0,0.0,0.0
Bengaluru Dist,Hosakote Traffic PS,1.04422e+16,2023,1,2,Road Accidents,Narrow road,Rural Areas,Open area,Human Error,No,Damage Only,Vehicle to Vehicle,Not at  Junction,Straight and flat,NH,Bitumen(Tar),Dry,Not Applicable,Clear,NH75,1,15,13.094822,77.846639,0,0,0.0,0.0
Bengaluru Dist,Hosakote Traffic PS,1.04422e+16,2023,1,1,Road Accidents,Not Applicable,Rural Areas,Open area,Vehicle Defect,No,Fatal,Hit pedestrian,Uncontrolled,Others,NH,Not Applicable,Dry,Not Applicable,Clear,NH 75,msil bar,60,13.067895,77.779595,0,0,0.0,0.0
Bengaluru Dist,Hosakote Traffic PS,1.04422e+16,2023,1,2,Road Accidents,Narrow road,Rural Areas,Near School or College,Human Error,No,Grievous Injury,Vehicle to Vehicle,Not at  Junction,Straight and flat,Service Road,Bitumen(Tar),Dry,Not Applicable,Clear,NH 75,1,3,13.077497,77.799392,0,0,0.0,0.0
Bengaluru Dist,Hosakote Traffic PS,1.04422e+16,2023,1,2,Road Accidents,Narrow road,Rural Areas,Open area,Vehicle Defect,No,Grievous Injury,Vehicle to Vehicle,Uncontrolled,Others,Others,Surfaced,Dry,Not Applicable,Clear,NH 75,curent pole,60,0.0,0.0,0,0,,
Bengaluru Dist,Hosakote Traffic PS,1.04422e+16,2023,1,1,Road Accidents,Narrow road,Rural Areas,Open area,Human Error,No,Grievous Injury,Vehicle to Vehicle,Not at  Junction,Straight and flat,NH,Bitumen(Tar),Dry,Not Applicable,Clear,NH 75,1,15,13.055328,77.7833329,0,0,0.0,0.0
Bengaluru Dist,Hosakote Traffic PS,1.04422e+16,2023,1,1,Road Accidents,Narrow road,Rural Areas,Open area,Human Error,No,Simple Injury,Vehicle to Vehicle,Not at  Junction,Straight and flat,NH,Bitumen(Tar),Dry,Not Applicable,Clear,NH75,1,5,13.104936,77.869752,0,0,0.0,0.0
Bengaluru Dist,Hosakote Traffic PS,1.04422e+16,2023,1,2,Rail Road Accidents,Not Applicable,Rural Areas,Open area,Vehicle Defect,No,Fatal,Vehicle to Vehicle,Uncontrolled,Others,NH,Not Applicable,Dry,Not Applicable,Clear,NH 75,curent pole,40,13.046372,77.750612,0,0,0.0,0.0
Bengaluru Dist,Hosakote Traffic PS,1.04422e+16,2023,1,3,Road Accidents,Offset,Rural Areas,Open area,Vehicle Defect,No,Grievous Injury,Vehicle to Vehicle,Uncontrolled,Slight Curve,NH,Surfaced,Dry,Not Applicable,Clear,NH 75,curent pole,20,13.134456,77.937749,0,0,,
Bengaluru Dist,Hosakote Traffic PS,1.04422e+16,2023,1,2,Road Accidents,Not Applicable,City/Town,Near a religious place,Not Applicable,No,Damage Only,Vehicle to Vehicle,Controlled,Not Applicable,NH,Bitumen(Tar),Dry,Not Applicable,Fine,KOLAR BANGALORE NH-75 ROAD,KEB BRIDGE,500MTS,13.071792,77.786825,0,0,0.0,0.0
Bengaluru Dist,Hosakote Traffic PS,1.04422e+16,2023,1,2,Road Accidents,Narrow road,Rural Areas,Open area,Vehicle Defect,No,Simple Injury,Vehicle to Vehicle,Uncontrolled,Others,NH,Concrete,Dry,Not Applicable,Clear,NH 75,curent pole,45,13.026818,77.467869,0,0,0.0,0.0
Bengaluru Dist,Hosakote Traffic PS,1.04422e+16,2023,1,1,Road Accidents,Narrow road,Rural Areas,Near Hospital,Human Error,No,Fatal,Vehicle to Vehicle,Not at  Junction,Straight and flat,NH,Bitumen(Tar),Ditch or Potholed,No influence on accident,Clear,NEATIONAL HIGH WAY,ORIYAN MAL,100Mt,0.0,0.0,0,5,0.0,5.0
Bengaluru Dist,Hosakote Traffic PS,1.04422e+16,2023,1,2,Road Accidents,Narrow road,City/Town,In bazaar,Human Error,No,Grievous Injury,Vehicle to Vehicle,Not at  Junction,Straight and flat,NH,Bitumen(Tar),Others,No influence on accident,Clear,GATTIGANABBE ROAD NATIONAL HIGH,NEAR MTB PARK,50mt,0.0,0.0,0,1,0.0,1.0
Bengaluru Dist,Hosakote Traffic PS,1.04422e+16,2023,1,2,Road Accidents,Narrow road,Rural Areas,In bazaar,Human Error,No,Grievous Injury,Vehicle to Vehicle,Not at  Junction,Straight and flat,State Highway,Bitumen(Tar),Dry,Not Applicable,Clear,SH 35,1,1,0.0,0.0,0,0,0.0,0.0
Bengaluru Dist,Hosakote Traffic PS,1.04422e+16,2023,1,1,Road Accidents,Narrow road,Rural Areas,Open area,Vehicle Defect,No,Grievous Injury,Vehicle to Vehicle,Controlled,Others,Others,Not Applicable,Dry,Not Applicable,Clear,katamnalluru road,Juce center,30,0.0,0.0,0,0,0.0,0.0
Bengaluru Dist,Hosakote Traffic PS,1.04422e+16,2023,1,2,Road Accidents,Narrow road,Rural Areas,Open area,Vehicle Defect,Yes,Grievous Injury,Vehicle to Vehicle,Uncontrolled,Others,Others,Not Applicable,Dry,Not Applicable,Clear,Hosakote -Sulibele Road,curent pole,40,0.0,0.0,0,0,0.0,0.0
Bengaluru Dist,Hosakote Traffic PS,1.04422e+16,2023,1,2,Road Accidents,Narrow road,Rural Areas,Near Bus stop,Human Error,Yes,Fatal,Vehicle to Vehicle,Not at  Junction,Straight and flat,State Highway,Surfaced,Others,No influence on accident,Clear,HOSAKOTE-CHINTHAMANI ROAD,COLD STORAGE BUILDING,50 MT,13.104955,77.824702,0,1,,