DISTRICTNAME,UNITNAME,Crime_No,Year,RI,Noofvehicle_involved,Accident_Classification,Accident_Spot,Accident_Location,Accident_SubLocation,Main_Cause,Hit_Run,Severity,Collision_Type,Junction_Control,Road_Character,Road_Type,Surface_Type,Surface_Condition,Road_Condition,Weather,Accident_Road,Landmark_first,Distance_LandMark_First,Latitude,Longitude,Road_Condition_Score,Surface_Condition_Score,Surface_Type_Score,Road_Risk_Index
Bengaluru Dist,Hosakote Traffic PS,1.04422e+16,2023,1,2,Road Accidents,Narrow road,Rural Areas,Open area,Vehicle Defect,No,Simple Injury,Vehicle to Vehicle,Uncontrolled,Others,NH,Not Applicable,Others,Not Applicable,Clear,NH 75,curent pole,30,13.057456,77.7688779,0,1,0.0,1.0
Bengaluru Dist,Hosakote Traffic PS,1.04422e+16,2023,1,2,Road Accidents,Narrow road,Rural Areas,Open area,Human Error,No,Grievous Injury,Vehicle to Vehicle,Not at  Junction,Straight and flat,State Highway,Bitumen(Tar),Dry,Not Applicable,Clear,NH 75,1,8,13.093877,77.813297,0,0,0.0,0.0
Bengaluru Dist,Hosakote Traffic PS,1.04422e+16,2023,1,2,Road Accidents,Narrow road,Rural Areas,Open area,Human Error,Yes,Fatal,Vehicle to Vehicle,Not at  Junction,Steep Incline or Climb,Major District Road,Bitumen(Tar),Ditch or Potholed,No influence on accident,Clear,Budigere Cross -Devanahalli Road,near kattugollahalli gate,100mt,13.092878,77.74253,0,5,0.0,5.0
Bengaluru Dist,Hosakote Traffic PS,1.04422e+16,2023,1,2,Road Accidents,Narrow road,Rural Areas,Near or inside a village,Not Applicable,No,Grievous Injury,Vehicle to Vehicle,Controlled,Not Applicable,State Highway,Bitumen(Tar),Dry,Not Applicable,Fine,CHINTHAMANI HOSAKOTE SH-82 ROAD,NEAR K SATHYAWARA VILLAGE,10,13.160793,77.874847,0,0,0.0,0.0
Bengaluru Dist,Hosakote Traffic PS,1.04422e+16,2023,1,2,Road Accidents,Narrow road,Rural Areas,Open area,Vehicle Defect,No,Simple Injury,Vehicle to Vehicle,Controlled,Not Applicable,State Highway,Not Applicable,Dry,Not Applicable,Clear,NH 75,curent pole,40,13.100791,77.820462,0,0,0.0,0.0
Bengaluru Dist,Hosakote Traffic PS,1.04422e+16,2023,1,4,Road Accidents,Narrow road,Rural Areas,Open area,Human Error,No,Fatal,Vehicle to Vehicle,Not at  Junction,Straight and flat,State Highway,Bitumen(Tar),Ditch or Potholed,No influence on accident,Fine,HOSAKOTE-CHINTHAMANI ROAD,chokkasandra gate,50,13.180195,77.885845,0,5,0.0,5.0
Bengaluru Dist,Hosakote Traffic PS,1.04422e+16,2023,1,2,Road Accidents,Narrow road,City/Town,Near Petrol Pump,Human Error,No,Grievous Injury,Vehicle to Vehicle,Not at  Junction,Straight and flat,NH,Bitumen(Tar),Ditch or Potholed,No influence on accident,Clear,KOLAR TO BENGALURU ROAD NH,DANDUPALYA GATE,20 Mt,0.0,0.0,0,5,0.0,5.0
Bengaluru Dist,Hosakote Traffic PS,1.04422e+16,2023,1,1,Road Accidents,Narrow road,Rural Areas,Open area,Vehicle Defect,No,Grievous Injury,Vehicle to Vehicle,Uncontrolled,Others,NH,Surfaced,Dry,Not Applicable,Clear,NH 75,Bord,70,0.0,0.0,0,0,,
Bengaluru Dist,Hosakote Traffic PS,1.04422e+16,2023,1,1,Road Accidents,Junction,Rural Areas,Near Bus stop,Human Error,No,Grievous Injury,Not Applicable,Give way sign,Curve,NH,Bitumen(Tar),Dry,Pot holed,Mist or Fog,NH75,1,5,0.0,0.0,5,0,0.0,5.0
Bengaluru Dist,Hosakote Traffic PS,1.04422e+16,2023,1,3,Road Accidents,Narrow road,Rural Areas,Open area,Vehicle Defect,No,Grievous Injury,Vehicle to Vehicle,Uncontrolled,Others,NH,Not Applicable,Dry,Not Applicable,Clear,SH83,curent pole,50,13.039342,77.881567,0,0,0.0,0.0
Bengaluru Dist,Hosakote Traffic PS,1.04422e+16,2023,1,2,Road Accidents,Narrow road,Rural Areas,Near School or College,Not Applicable,No,Grievous Injury,Vehicle to Vehicle,Controlled,Others,State Highway,Bitumen(Tar),Dry,Not Applicable,Fine,HOSAKOTE CHINTHAMANI ROAD,NEAR DODDAHULLURU GATE,5KM,13.099971,77.819627,0,0,0.0,0.0
Bengaluru Dist,Hosakote Traffic PS,1.04422e+16,2023,1,2,Road Accidents,Narrow road,Rural Areas,Open area,Human Error,No,Fatal,Vehicle to Vehicle,Not at  Junction,Straight and flat,State Highway,Bitumen(Tar),Dry,Not Applicable,Clear,SH82,1,3,0.0,0.0,0,0,0.0,0.0
Bengaluru Dist,Hosakote Traffic PS,1.04422e+16,2023,1,2,Road Accidents,Narrow road,Rural Areas,Open area,Human Error,No,Grievous Injury,Vehicle to Vehicle,Not at  Junction,Straight and flat,NH,Bitumen(Tar),Dry,Not Applicable,Clear,NH 75,1,5,0.0,0.0,0,0,0.0,0.0
Bengaluru Dist,Hosakote Traffic PS,1.04422e+16,2023,1,2,Road Accidents,Narrow road,Rural Areas,Open area,Not Applicable,No,Damage Only,Vehicle to Vehicle,Controlled,Others,NH,Bitumen(Tar),Dry,Not Applicable,Fine,KOLAR-BANGALORE NH-75 ROAD,NEAR BUDIGERE BRIDGE,4KM,13.045988,77.750131,0,0,0.0,0.0
Bengaluru Dist,Hosakote Traffic PS,1.04422e+16,2023,1,2,Road Accidents,Not Applicable,Rural Areas,Open area,Vehicle Defect,No,Simple Injury,Vehicle to Vehicle,Uncontrolled,Others,NH,Not Applicable,Dry,Engineering Defect of Road,Clear,NH 75,curent pole,60,0.0,0.0,4,0,0.0,4.0
Bengaluru Dist,Hosakote Traffic PS,1.04422e+16,2023,1,2,Road Accidents,Not Applicable,Rural Areas,Open area,Vehicle Defect,No,Simple Injury,Vehicle to Vehicle,Uncontrolled,Others,Others,Not Applicable,Dry,Not Applicable,Clear,NH75,curent pole,60,0.0,0.0,0,0,0.0,0.0
Bengaluru Dist,Hosakote Traffic PS,1.04422e+16,2023,1,3,Road Accidents,Junction,Rural Areas,Narrow bridge or culverts,Human Error,No,Grievous Injury,Vehicle to Vehicle,No signal lights,Straight and flat,State Highway,Bitumen(Tar),Others,No influence on accident,Clear,HOSAKOTE-CHINTHAMANI ROAD,DODDAHULLURU GATE,100mt,13.102075,77.821813,0,1,0.0,1.0
Bengaluru Dist,Hosakote Traffic PS,1.04422e+16,2023,1,2,Road Accidents,Narrow road,Rural Areas,Near Bus stop,Human Error,No,Grievous Injury,Vehicle to Vehicle,Not at  Junction,Straight and flat,Service Road,Bitumen(Tar),Dry,Not Applicable,Clear,NH75,1,9,0.0,0.0,0,0,0.0,0.0
Bengaluru Dist,Hosakote Traffic PS,1.04422e+16,2023,1,1,Road Accidents,Narrow road,Rural Areas,In bazaar,Human Error,No,Grievous Injury,Hit pedestrian,Not at  Junction,Straight and flat,NH,Bitumen(Tar),Dry,Not Applicable,Clear,NH 75,1,3,13.065854,77.776209,0,0,0.0,0.0
Bengaluru Dist,Hosakote Traffic PS,1.04422e+16,2023,1,2,Not Applicable,Not Applicable,Rural Areas,Open area,Vehicle Defect,No,Damage Only,Vehicle to Vehicle,Uncontrolled,Others,One way,Not Applicable,Dry,Not Applicable,Clear,SH82,curent pole,50,13.137098,77.857826,0,0,0.0,0.0
Bengaluru Dist,Hosakote Traffic PS,1.04422e+16,2023,1,2,Road Accidents,Curves,Rural Areas,Near a religious place,Not Applicable,No,Fatal,Vehicle to Vehicle,Controlled,Curve,NH,Bitumen(Tar),Dry,Not Applicable,Fine,HOSAKOTE- KOLAR NH-75 ROAD,NAER BANMAKANAHALLI GATE,15,13.134484,77.937645,0,0,0.0,0.0
Bengaluru Dist,Hosakote Traffic PS,1.04422e+16,2023,1,2,Road Accidents,Narrow road,Rural Areas,Near office complex,Vehicle Defect,Yes,Grievous Injury,Vehicle to Vehicle,Uncontrolled,Others,State Highway,Not Applicable,Dry,Not Applicable,Clear,SULIBELE  HOSAKOTE NH-207,curent pole,5,13.07612,77.782602,0,0,0.0,0.0
Bengaluru Dist,Hosakote Traffic PS,1.04422e+16,2023,1,2,Road Accidents,Narrow road,Rural Areas,Open area,Vehicle Defect,No,Grievous Injury,Vehicle to Vehicle,Controlled,Others,NH,Not Applicable,Dry,Not Applicable,Clear,NH-207,Iron angle,50,13.053566,77.784021,0,0,0.0,0.0
Bengaluru Dist,Hosakote Traffic PS,1.04422e+16,2023,1,2,Road Accidents,Narrow road,Rural Areas,Near Hospital,Vehicle Defect,No,Damage Only,Vehicle to Vehicle,Controlled,Not Applicable,NH,Bitumen(Tar),Dry,Not Applicable,Clear,NH 75,volvo factory Gate,60,13.129719,77.917211,0,0,0.0,0.0
Bengaluru Dist,Hosakote Traffic PS,1.04422e+16,2023,1,2,Road Accidents,Narrow road,Rural Areas,Open area,Human Error,No,Grievous Injury,Vehicle to Vehicle,Not at  Junction,Straight and flat,NH,Bitumen(Tar),Wet,No influence on accident,Clear,KOLAR TO BENGALURU ROAD,NEAR SANJAY DABA,200 mt,0.0,0.0,0,3,0.0,3.0
Bengaluru Dist,Hosakote Traffic PS,1.04422e+16,2023,1,2,Road Accidents,Narrow road,Rural Areas,Open area,Human Error,No,Grievous Injury,Vehicle to Vehicle,Not at  Junction,Straight and flat,NH,Bitumen(Tar),Dry,Not Applicable,Clear,NH75,1,15,0.0,0.0,0,0,0.0,0.0
Bengaluru Dist,Hosakote Traffic PS,1.04422e+16,2023,1,2,Road Accidents,Narrow road,Rural Areas,Open area,Vehicle Defect,Yes,Grievous Injury,Vehicle to Vehicle,Uncontrolled,Others,NH,Not Applicable,Dry,Not Applicable,Clear,NH75,krushi honda,30,0.0,0.0,0,0,0.0,0.0
Bengaluru Dist,Hosakote Traffic PS,1.04422e+16,2023,1,2,Road Accidents,Narrow road,Rural Areas,Open area,Human Error,No,Fatal,Vehicle to Vehicle,Not at  Junction,Straight and flat,NH,Bitumen(Tar),Dry,Not Applicable,Clear,NH75,1,4,0.0,0.0,0,0,0.0,0.0
Bengaluru Dist,Hosakote Traffic PS,1.04422e+16,2023,1,1,Road Accidents,Narrow road,Rural Areas,Open area,Human Error,Yes,Fatal,Hit pedestrian,No signal lights,Straight and flat,Service Road,Bitumen(Tar),Ditch or Potholed,No influence on accident,Cloudy,"N.H 75, SERVICE ROAD",NEAR VEERENAHALLI GATE,100Mt,13.032754,77.731522,0,5,0.0,5.0
Bengaluru Dist,Hosakote Traffic PS,1.04422e+16,2023,1,1,Road Accidents,Not Applicable,Rural Areas,Open area,Vehicle Defect,Yes,Fatal,Hit pedestrian,Uncontrolled,Others,State Highway,Not Applicable,Others,Not Applicable,Clear,SH-82,Curent pole,30,13.241878,77.929681,0,1,0.0,1.0
Bengaluru Dist,Hosakote Traffic PS,1.04422e+16,2023,1,2,Road Accidents,Narrow road,Rural Areas,Residential area,Vehicle Defect,No,Grievous Injury,Vehicle to Vehicle,Controlled,Others,NH,Not Applicable,Dry,Not Applicable,Clear,NH 75,curent pole,40,13.039069,77.740072,0,0,0.0,0.0
Bengaluru Dist,Hosakote Traffic PS,1.04422e+16,2023,1,1,Road Accidents,Cross roads,Rural Areas,Open area,Vehicle Defect,No,Grievous Injury,Hit pedestrian,Uncontrolled,Others,Others,Surfaced,Dry,Not Applicable,Clear,Budigere cross budigere,curent pole,40,13.046447,77.750193,0,0,,
Bengaluru Dist,Hosakote Traffic PS,1.04422e+16,2023,1,2,Road Accidents,Narrow road,Rural Areas,Open area,Vehicle Defect,No,Grievous Injury,Vehicle to Vehicle,Uncontrolled,Others,NH,Not Applicable,Dry,Not Applicable,Clear,NH 75,curent pole,45,13.033007,77.732064,0,0,0.0,0.0
Bengaluru Dist,Hosakote Traffic PS,1.04422e+16,2023,1,2,Road Accidents,Narrow road,Rural Areas,Near Bus stop,Not Applicable,Not Applicable,Fatal,Vehicle to Vehicle,Controlled,Others,NH,Bitumen(Tar),Dry,Not Applicable,Fine,BENGALURU TO KOLAR HIGHWAY,NEAR RAMASANDRA BARDER,25KM,0.0,0.0,0,0,0.0,0.0
Bengaluru Dist,Hosakote Traffic PS,1.04422e+16,2023,1,1,Road Accidents,Narrow road,Rural Areas,Open area,Human Error,No,Fatal,Hit pedestrian,Not at  Junction,Straight and flat,State Highway,Bitumen(Tar),Dry,Not Applicable,Clear,SH 82,1,20,0.0,0.0,0,0,0.0,0.0
Bengaluru Dist,Hosakote Traffic PS,1.04422e+16,2023,1,2,Road Accidents,Narrow road,Rural Areas,Open area,Vehicle Defect,No,Grievous Injury,Vehicle to Vehicle,Uncontrolled,Not Applicable,NH,Not Applicable,Dry,Not Applicable,Clear,NH 75,curent pole,40,0.0,0.0,0,0,0.0,0.0
Bengaluru Dist,Hosakote Traffic PS,1.04422e+16,2023,1,1,Road Accidents,Narrow road,Rural Areas,Near or inside a village,Not Applicable,Not Applicable,Fatal,Not Applicable,Controlled,Not Applicable,State Highway,Bitumen(Tar),Dry,Not Applicable,Light Rain,SH-82 ROAD,NEAR PILLAGUMPE,6KM,13.110926,77.8308839,0,0,0.0,0.0
Bengaluru Dist,Hosakote Traffic PS,1.04422e+16,2023,1,2,Road Accidents,Narrow road,Rural Areas,Open area,Not Applicable,Not Applicable,Simple Injury,Vehicle to Vehicle,Uncontrolled,Not Applicable,NH,Bitumen(Tar),Dry,Not Applicable,Fine,BANGALORE-KOLAR NH-75 ROAD,NEAR MUGABALA,20KM,13.119502,77.888163,0,0,0.0,0.0
Bengaluru Dist,Hosakote Traffic PS,1.04422e+16,2023,1,2,Road Accidents,Narrow road,Rural Areas,Open area,Human Error,No,Grievous Injury,Vehicle to Vehicle,Not at  Junction,Straight and flat,Service Road,Bitumen(Tar),Dry,Not Applicable,Clear,NH75,1,3,13.028203,77.724343,0,0,0.0,0.0
Bengaluru Dist,Hosakote Traffic PS,1.04422e+16,2023,1,1,Road Accidents,Road hump or Rumble strips,City/Town,Near Bus stop,Human Error,No,Fatal,Not Applicable,No signal lights,Straight and flat,Service Road,Bitumen(Tar),Ditch or Potholed,No influence on accident,Clear,SERVICE ROAD,BUDIGERE CROSS UNDER PASS,25mt,13.046057,77.750684,0,5,0.0,5.0
Bengaluru Dist,Hosakote Traffic PS,1.04422e+16,2023,1,1,Road Accidents,Narrow road,Rural Areas,Open area,Vehicle Defect,No,Simple Injury,Vehicle to Vehicle,Uncontrolled,Others,Others,Not Applicable,Dry,Not Applicable,Clear,NH-207,curent pole,50,13.103237,77.777763,0,0,0.0,0.0
Bengaluru Dist,Hosakote Traffic PS,1.04422e+16,2023,1,1,Road Accidents,Narrow road,City/Town,Open area,Human Error,No,Fatal,Hit pedestrian,Not at  Junction,Straight and flat,Service Road,Bitumen(Tar),Others,No influence on accident,Clear,SERVICE ROAD,NEAR CHIMASANDRA,100Mt,13.040001,77.741516,0,1,0.0,1.0
Bengaluru Dist,Hosakote Traffic PS,1.04422e+16,2023,1,1,Road Accidents,Curves,Rural Areas,Narrow bridge or culverts,Human Error,No,Fatal,Not Applicable,Not at  Junction,Sharp Curve,NH,Bitumen(Tar),Ditch or Potholed,No influence on accident,Clear,BENGALURU TO KOLAR HIGHWAY,MUGABALA VILLAGE,50Mt,13.120947,77.891489,0,5,0.0,5.0
Bengaluru Dist,Hosakote Traffic PS,1.04422e+16,2023,1,3,Road Accidents,Narrow road,Rural Areas,Near Hospital,Road Environment Defect,No,Grievous Injury,Vehicle to Vehicle,Not at  Junction,Straight and flat,NH,Bitumen(Tar),Dry,Not Applicable,Clear,NH 75,1,4,0.0,0.0,0,0,0.0,0.0
Bengaluru Dist,Hosakote Traffic PS,1.04422e+16,2023,1,2,Road Accidents,Narrow road,Rural Areas,Open area,Vehicle Defect,No,Grievous Injury,Vehicle to Vehicle,Uncontrolled,Others,NH,Not Applicable,Dry,Not Applicable,Clear,Nh75,Sanjaya Dhabha,150mtr,0.0,0.0,0,0,0.0,0.0
Bengaluru Dist,Hosakote Traffic PS,1.04422e+16,2023,1,2,Road Accidents,Narrow road,Rural Areas,Open area,Human Error,No,Grievous Injury,Vehicle to Vehicle,Not at  Junction,Straight and flat,NH,Bitumen(Tar),Dry,Not Applicable,Clear,NH75,1,5,13.082374,77.817274,0,0,0.0,0.0
Bengaluru Dist,Hosakote Traffic PS,1.04422e+16,2023,1,1,Road Accidents,Narrow road,Rural Areas,Open area,Vehicle Defect,No,Grievous Injury,Vehicle to Vehicle,Uncontrolled,Others,State Highway,Not Applicable,Dry,Not Applicable,Clear,SH 82,curent pole,40,0.0,0.0,0,0,0.0,0.0
Bengaluru Dist,Hosakote Traffic PS,1.04422e+16,2023,1,1,Road Accidents,Not Applicable,Rural Areas,Open area,Vehicle Defect,No,Grievous Injury,Vehicle to Vehicle,Uncontrolled,Others,NH,Not Applicable,Dry,Not Applicable,Clear,NH 75,pakshale,50,0.0,0.0,0,0,0.0,0.0
Bengaluru Dist,Hosakote Traffic PS,1.04422e+16,2023,1,2,Road Accidents,Narrow road,Rural Areas,Open area,Human Error,No,Grievous Injury,Vehicle to Vehicle,Not at  Junction,Straight and flat,State Highway,Bitumen(Tar),Dry,Not Applicable,Clear,SH,1,15,0.0,0.0,0,0,0.0,0.0
Bengaluru Dist,Hosakote Traffic PS,1.04422e+16,2023,1,1,Road Accidents,Narrow road,City/Town,Near Petrol Pump,Human Error,Yes,Fatal,Hit pedestrian,Not at  Junction,Straight and flat,NH,Surfaced,Others,No influence on accident,Clear,KOLAR TO BENGALURU ROAD NH,NEAR PETROL BUNK,100 Mt,0.0,0.0,0,1,,
Bengaluru Dist,Hosakote Traffic PS,1.04422e+16,2023,1,2,Road Accidents,Narrow road,City/Town,Near office complex,Human Error,No,Fatal,Vehicle to Vehicle,No signal lights,Straight and flat,NH,Bitumen(Tar),Dry,Not Applicable,Clear,NH75,1,3,0.0,0.0,0,0,0.0,0.0
Bengaluru Dist,Hosakote Traffic PS,1.04422e+16,2023,1,2,Road Accidents,Road hump or Rumble strips,Rural Areas,Open area,Vehicle Defect,Yes,Simple Injury,Vehicle to Vehicle,Uncontrolled,Others,NH,Surfaced,Dry,Not Applicable,Clear,NH 75,curent pole,45,0.0,0.0,0,0,,
Bengaluru Dist,Hosakote Traffic PS,1.04422e+16,2023,1,1,Road Accidents,Narrow road,Rural Areas,Near Bus stop,Human Error,No,Fatal,Not Applicable,Not at  Junction,Straight and flat,NH,Bitumen(Tar),Others,No influence on accident,Clear,KOLAR TO BENGALURU ROAD NH,near mugabal bus stap,100mt,13.119728,77.8889609,0,1,0.0,1.0
Bengaluru Dist,Hosakote Traffic PS,1.04422e+16,2023,1,2,Road Accidents,Curves,Rural Areas,Near Bus stop,Not Applicable,Yes,Simple Injury,Vehicle to Vehicle,Controlled,Curve,Others,Bitumen(Tar),Dry,Not Applicable,Fine,Budigere Cross -Devanahalli Road,NEAR BUDIGERE CROSS,15KM,13.046341,77.750286,0,0,0.0,0.0
Bengaluru Dist,Hosakote Traffic PS,1.04422e+16,2023,1,3,Road Accidents,Narrow road,Rural Areas,Near Bus stop,Human Error,No,Simple Injury,Vehicle to Vehicle,Not at  Junction,Straight and flat,NH,Bitumen(Tar),Dry,Not Applicable,Clear,NH75,1,1,13.070244,77.783719,0,0,0.0,0.0
Bengaluru Dist,Hosakote Traffic PS,1.04422e+16,2023,1,3,Road Accidents,Narrow road,Rural Areas,Open area,Vehicle Defect,No,Grievous Injury,Vehicle to Vehicle,Uncontrolled,Others,NH,Surfaced,Dry,Not Applicable,Clear,NH 75,curent pole,35,0.0,0.0,0,0,,
Bengaluru Dist,Hosakote Traffic PS,1.04422e+16,2023,1,2,Road Accidents,Narrow road,Rural Areas,Open area,Road Environment Defect,No,Fatal,Vehicle to Vehicle,Uncontrolled,Others,State Highway,Not Applicable,Dry,Not Applicable,Clear,SH95,curent pole,60,0.0,0.0,0,0,0.0,0.0
Bengaluru Dist,Hosakote Traffic PS,1.04422e+16,2023,1,1,Road Accidents,Narrow road,Rural Areas,Near Petrol Pump,Human Error,No,Grievous Injury,Vehicle to Vehicle,No signal lights,Straight and flat,Service Road,Bitumen(Tar),Dry,Not Applicable,Clear,NH75,1,16,0.0,0.0,0,0,0.0,0.0
Bengaluru Dist,Hosakote Traffic PS,1.04422e+16,2023,1,1,Road Accidents,Narrow road,Rural Areas,Open area,Vehicle Defect,No,Grievous Injury,Hit pedestrian,Uncontrolled,Others,NH,Surfaced,Dry,Not Applicable,Clear,NH 75,curent pole,40,13.0702,77.783627,0,0,,
Bengaluru Dist,Hosakote Traffic PS,1.04422e+16,2023,1,2,Road Accidents,Narrow road,Rural Areas,Residential area,Vehicle Defect,No,Fatal,Vehicle to Vehicle,No signal lights,Not Applicable,NH,Surfaced,Dry,Not Applicable,Clear,NH-75 Kolar Bangalore Service Road,Agriculture Office Bord,45,13.076935,77.803253,0,0,,
Bengaluru Dist,Hosakote Traffic PS,1.04422e+16,2023,1,2,Road Accidents,Narrow road,Rural Areas,Near Bus stop,Human Error,No,Fatal,Vehicle to Vehicle,Not at  Junction,Straight and flat,State Highway,Bitumen(Tar),Dry,Not Applicable,Fine,SH 82 Mallimakanapura Gate,SH82,9km,13.127773,77.8481629,0,0,0.0,0.0
Bengaluru Dist,Hosakote Traffic PS,1.04422e+16,2023,1,2,Road Accidents,Narrow road,City/Town,Near Bus stop,Not Applicable,Not Applicable,Damage Only,Vehicle to Vehicle,Controlled,Not Applicable,NH,Bitumen(Tar),Others,Not Applicable,Others,KOLAR BANGALORE NH-75 ROAD,NEAR COURT CIRCLE,500 MT,13.070515,77.78421,0,1,0.0,1.0
Bengaluru Dist,Hosakote Traffic PS,1.04422e+16,2023,1,3,Road Accidents,Not Applicable,Rural Areas,Open area,Vehicle Defect,Yes,Damage Only,Vehicle to Vehicle,Uncontrolled,Others,NH,Not Applicable,Dry,Not Applicable,Clear,NH 75,curent pole,45,13.089909,77.836256,0,0,0.0,0.0
Bengaluru Dist,Hosakote Traffic PS,1.04422e+16,2023,1,1,Road Accidents,Narrow road,City/Town,Near Petrol Pump,Human Error,No,Fatal,Not Applicable,Not at  Junction,Hump,Service Road,Bitumen(Tar),Ditch or Potholed,No influence on accident,Clear,NH 75 SERVICE ROAD,NEAR SHELL PERTOL BUNK,100mtr,0.0,0.0,0,5,0.0,5.0
Bengaluru Dist,Hosakote Traffic PS,1.04422e+16,2023,1,3,Road Accidents,Narrow road,Rural Areas,Near Bus stop,Human Error,No,Damage Only,Vehicle to Vehicle,Not at  Junction,Straight and flat,State Highway,Bitumen(Tar),Ditch or Potholed,No influence on accident,Clear,MALUR ROAD,KANNURAHALLI DINNE,20Mt,0.0,0.0,0,5,0.0,5.0
Bengaluru Dist,Hosakote Traffic PS,1.04422e+16,2023,1,2,Road Accidents,Narrow road,Rural Areas,Open area,Vehicle Defect,Yes,Fatal,Vehicle to Vehicle,Uncontrolled,Others,NH,Bitumen(Tar),Dry,Not Applicable,Clear,Bangalore to kolar NH75,NH75 NAME BORD,15,0.0,0.0,0,0,0.0,0.0
Bengaluru Dist,Hosakote Traffic PS,1.04422e+16,2023,1,2,Road Accidents,Curves,Rural Areas,Open area,Human Error,No,Fatal,Vehicle to Vehicle,Not at  Junction,Sharp Curve,State Highway,Gravel,Others,Construction Work / Material,Clear,malur road SH,gonakanahalli gate,100mt,0.0,0.0,2,1,3.0,6.0
Bengaluru Dist,Hosakote Traffic PS,1.04422e+16,2023,1,1,Road Accidents,Narrow road,City/Town,Narrow bridge or culverts,Human Error,No,Fatal,Hit pedestrian,Not at  Junction,Straight and flat,NH,Bitumen(Tar),Others,No influence on accident,Clear,BENGALURU TO KOLAR HIGHWAY,dominos building,100mt,13.07446,77.7913759,0,1,0.0,1.0
Bengaluru Dist,Hosakote Traffic PS,1.04422e+16,2023,1,1,Road Accidents,Not Applicable,Rural Areas,Open area,Vehicle Defect,No,Fatal,Hit pedestrian,Uncontrolled,Others,NH,Not Applicable,Dry,Not Applicable,Clear,NH 75,1,20,13.075574,77.792574,0,0,0.0,0.0
Bengaluru Dist,Hosakote Traffic PS,1.04422e+16,2023,1,2,Road Accidents,Narrow road,Rural Areas,Near or inside a village,Not Applicable,No,Damage Only,Vehicle to Vehicle,Controlled,Not Applicable,State Highway,Bitumen(Tar),Dry,Not Applicable,Fine,HOSAKOTE CHINTHAMANI SH-82ROAD,NEAR CHIKKAHULLURU,5KM,13.105289,77.825063,0,0,0.0,0.0
Bengaluru Dist,Hosakote Traffic PS,1.04422e+16,2023,1,2,Road Accidents,Not Applicable,Rural Areas,Open area,Vehicle Defect,No,Grievous Injury,Vehicle to Vehicle,Uncontrolled,Others,Others,Surfaced,Dry,Not Applicable,Clear,NH 75 CHIKKANAHALLI GATE,curent pole,40,0.0,0.0,0,0,,
Bengaluru Dist,Hosakote Traffic PS,1.04422e+16,2023,1,2,Road Accidents,Narrow road,Rural Areas,Near a factory industrial area,Human Error,No,Damage Only,Vehicle to Vehicle,Not at  Junction,Straight and flat,NH,Bitumen(Tar),Dry,Not Applicable,Clear,NH75,1,6,0.0,0.0,0,0,0.0,0.0
Bengaluru Dist,Hosakote Traffic PS,1.04422e+16,2023,1,2,Road Accidents,Narrow road,Rural Areas,Near office complex,Human Error,Yes,Grievous Injury,Vehicle to Vehicle,Not at  Junction,Straight and flat,NH,Bitumen(Tar),Dry,Not Applicable,Clear,NH 75,5,8,0.0,0.0,0,0,0.0,0.0
Bengaluru Dist,Hosakote Traffic PS,1.04422e+16,2023,1,1,Road Accidents,Narrow road,Rural Areas,Open area,Vehicle Defect,No,Grievous Injury,Hit bicyclist,Uncontrolled,Others,Others,Surfaced,Dry,Not Applicable,Clear,NH 75,curent pole,45,0.0,0.0,0,0,,
Bengaluru Dist,Hosakote Traffic PS,1.04422e+16,2023,1,1,Road Accidents,Narrow road,Rural Areas,Open area,Human Error,No,Fatal,Vehicle to Vehicle,Not at  Junction,Straight and flat,State Highway,Bitumen(Tar),Dry,Not Applicable,Clear,SH 95,1,18,13.037431,77.886987,0,0,0.0,0.0
Bengaluru Dist,Hosakote Traffic PS,1.04422e+16,2023,1,2,Not Applicable,Not Applicable,Rural Areas,Open area,Vehicle Defect,No,Grievous Injury,Vehicle to Vehicle,Uncontrolled,Others,NH,Not Applicable,Dry,Not Applicable,Clear,NH 75,curent pole,20,13.107411,77.873808,0,0,0.0,0.0
Bengaluru Dist,Hosakote Traffic PS,1.04422e+16,2023,1,2,Road Accidents,Narrow road,Rural Areas,Open area,Human Error,No,Fatal,Vehicle to Vehicle,Not at  Junction,Straight and flat,Service Road,Bitumen(Tar),Others,No influence on accident,Light Rain,SERVICE ROAD,near high way to service entrence,80mt,13.029829,77.725328,0,1,0.0,1.0
Bengaluru Dist,Hosakote Traffic PS,1.04422e+16,2023,1,2,Road Accidents,Curves,Rural Areas,Open area,Human Error,No,Grievous Injury,Vehicle to Vehicle,Not at  Junction,Curve,Service Road,Bitumen(Tar),Dry,Not Applicable,Clear,NH 75,1,5,13.066607,77.777395,0,0,0.0,0.0
Bengaluru Dist,Hosakote Traffic PS,1.04422e+16,2023,1,2,Road Accidents,Narrow road,Rural Areas,Open area,Vehicle Defect,No,Grievous Injury,Vehicle to Vehicle,Uncontrolled,Others,Mixed,Not Applicable,Dry,Not Applicable,Clear,NH 75,curent pole,45,13.225358,77.917522,0,0,0.0,0.0
Bengaluru Dist,Hosakote Traffic PS,1.04422e+16,2023,1,2,Road Accidents,Narrow road,Rural Areas,Open area,Human Error,No,Grievous Injury,Vehicle to Vehicle,Not at  Junction,Curve,NH,Bitumen(Tar),Dry,Not Applicable,Clear,NH 75,1,3,13.119986,77.8894,0,0,0.0,0.0
Bengaluru Dist,Hosakote Traffic PS,1.04422e+16,2023,1,2,Road Accidents,Narrow road,Rural Areas,Open area,Human Error,Yes,Grievous Injury,Vehicle to Vehicle,Not at  Junction,Straight and flat,State Highway,Bitumen(Tar),Ditch or Potholed,No influence on accident,Clear,HOSAKOTE-CHINTHAMANI ROAD,DODDAHULLURU GATE,240Mt,13.103978,77.823833,0,5,0.0,5.0
Bengaluru Dist,Hosakote Traffic PS,1.04422e+16,2023,1,2,Road Accidents,Narrow road,Rural Areas,Near School or College,Human Error,No,Grievous Injury,Vehicle to Vehicle,Not at  Junction,Straight and flat,State Highway,Bitumen(Tar),Dry,Not Applicable,Clear,SH 82,1,18,13.228303,77.919545,0,0,0.0,0.0