DISTRICTNAME,UNITNAME,Crime_No,Year,RI,Noofvehicle_involved,Accident_Classification,Accident_Spot,Accident_Location,Accident_SubLocation,Main_Cause,Hit_Run,Severity,Collision_Type,Junction_Control,Road_Character,Road_Type,Surface_Type,Surface_Condition,Road_Condition,Weather,Accident_Road,Landmark_first,Distance_LandMark_First,Latitude,Longitude,Road_Condition_Score,Surface_Condition_Score,Surface_Type_Score,Road_Risk_Index
Bengaluru Dist,Hosakote Traffic PS,1.04422e+16,2023,1,2,Road Accidents,Narrow road,Rural Areas,Open area,Not Applicable,Yes,Grievous Injury,Vehicle to Vehicle,Controlled,Others,NH,Bitumen(Tar),Dry,Not Applicable,Fine,BANGALORE-KOLAR NH-75 ROAD,NEAR MEDAHALLI BRIDGE,10,13.028231,77.721733,0,0,0.0,0.0
Bengaluru Dist,Hosakote Traffic PS,1.04422e+16,2023,1,2,Road Accidents,Narrow road,Rural Areas,Open area,Vehicle Defect,No,Damage Only,Vehicle to Vehicle,Uncontrolled,Others,NH,Not Applicable,Dry,Not Applicable,Clear,NH 75,curent pole,45,13.065703,77.776337,0,0,0.0,0.0
Bengaluru Dist,Hosakote Traffic PS,1.04422e+16,2023,1,2,Road Accidents,Narrow road,Rural Areas,Open area,Human Error,No,Grievous Injury,Vehicle to Vehicle,Not at  Junction,Straight and flat,NH,Bitumen(Tar),Dry,Not Applicable,Clear,NH75,1,5,13.084821,77.825102,0,0,0.0,0.0
Bengaluru Dist,Hosakote Traffic PS,1.04422e+16,2023,1,2,Road Accidents,Curves,Rural Areas,Near Hospital,Vehicle Defect,No,Fatal,Vehicle to Vehicle,Uncontrolled,Curve,State Highway,Not Applicable,Dry,Not Applicable,Clear,SH82,curent pole,45,13.077256,77.798667,0,0,0.0,0.0
Bengaluru Dist,Hosakote Traffic PS,1.04422e+16,2023,1,2,Road Accidents,Not Applicable,Rural Areas,Open area,Vehicle Defect,No,Grievous Injury,Vehicle to Vehicle,Controlled,Others,NH,Not Applicable,Dry,Not Applicable,Clear,SH 82,curent pole,40,13.186878,77.887781,0,0,0.0,0.0
Bengaluru Dist,Hosakote Traffic PS,1.04422e+16,2023,1,2,Road Accidents,Narrow road,Rural Areas,Near School or College,Not Applicable,Not Applicable,Damage Only,Vehicle to Vehicle,Controlled,Sharp Curve,Others,Bitumen(Tar),Dry,Not Applicable,Fine,"budigere devanahalli road,",near balwin school,10,13.071373,77.73719,0,0,0.0,0.0
Bengaluru Dist,Hosakote Traffic PS,1.04422e+16,2023,1,1,Road Accidents,Narrow road,Rural Areas,Near Petrol Pump,Human Error,No,Fatal,Not Applicable,Not at  Junction,Straight and flat,State Highway,Bitumen(Tar),Dry,Not Applicable,Clear,SH82,1,8,13.110421,77.830418,0,0,0.0,0.0
Bengaluru Dist,Hosakote Traffic PS,1.04422e+16,2023,1,2,Road Accidents,Junction,Rural Areas,Near a factory industrial area,Human Error,No,Grievous Injury,Vehicle to Vehicle,No signal lights,Straight and flat,NH,Bitumen(Tar),Ditch or Potholed,No influence on accident,Clear,KOLAR TO BENGALURU ROAD NH,VOLVO FACTORY,50 Mt,0.0,0.0,0,5,0.0,5.0
Bengaluru Dist,Hosakote Traffic PS,1.04422e+16,2023,1,2,Road Accidents,Circle,Rural Areas,Open area,Vehicle Defect,No,Simple Injury,Not Applicable,Not Applicable,Curve,State Highway,Surfaced,Dry,Not Applicable,Clear,SH 82,curent pole,20,0.0,0.0,0,0,,
Bengaluru Dist,Hosakote Traffic PS,1.04422e+16,2023,1,2,Road Accidents,Not Applicable,Rural Areas,Near Hospital,Vehicle Defect,No,Grievous Injury,Not Applicable,Uncontrolled,Others,NH,Surfaced,Others,Not Applicable,Clear,NH 75,curent pole,40,0.0,0.0,0,1,,
Bengaluru Dist,Hosakote Traffic PS,1.04422e+16,2023,1,1,Not Applicable,Not Applicable,Rural Areas,Open area,Vehicle Defect,No,Grievous Injury,Vehicle to Vehicle,Uncontrolled,Others,State Highway,Not Applicable,Dry,Not Applicable,Clear,SH 82,curent pole,40,13.104911,77.824714,0,0,0.0,0.0
Bengaluru Dist,Hosakote Traffic PS,1.04422e+16,2023,1,2,Road Accidents,Narrow road,City/Town,Open area,Human Error,No,Grievous Injury,Vehicle to Vehicle,Not at  Junction,Straight and flat,NH,Bitumen(Tar),Dry,Not Applicable,Clear,NH75,1,11,13.045972,77.750119,0,0,0.0,0.0
Bengaluru Dist,Hosakote Traffic PS,1.04422e+16,2023,1,2,Road Accidents,Road hump or Rumble strips,Rural Areas,Open area,Human Error,Yes,Fatal,Vehicle to Vehicle,Give way sign,Hump,NH,Bitumen(Tar),Ditch or Potholed,Construction Work / Material,Clear,BENGALURU TO KOLAR HIGHWAY,near kolathur gate,200mt,13.084102,77.821462,2,5,0.0,7.0
Bengaluru Dist,Hosakote Traffic PS,1.04422e+16,2023,1,1,Road Accidents,Narrow road,Rural Areas,Open area,Vehicle Defect,No,Grievous Injury,Vehicle to Vehicle,Not Applicable,Others,NH,Not Applicable,Dry,Not Applicable,Clear,NH 75,curent pole,30,13.125727,77.904356,0,0,0.0,0.0
Bengaluru Dist,Hosakote Traffic PS,1.04422e+16,2023,1,2,Road Accidents,Curves,Rural Areas,Open area,Not Applicable,No,Grievous Injury,Vehicle to Vehicle,Controlled,Curve,State Highway,Bitumen(Tar),Dry,Not Applicable,Clear,HOSAKOTE CHINTHAMANI SH-82 ROAD,NEAR NANDAGUDI FOREST,15KM,0.0,0.0,0,0,0.0,0.0
Bengaluru Dist,Hosakote Traffic PS,1.04422e+16,2023,1,2,Road Accidents,Not Applicable,Rural Areas,Open area,Vehicle Defect,No,Simple Injury,Vehicle to Vehicle,Uncontrolled,Others,Others,Not Applicable,Dry,Not Applicable,Clear,SH 82,curent pole,60,0.0,0.0,0,0,0.0,0.0
Bengaluru Dist,Hosakote Traffic PS,1.04422e+16,2023,1,2,Road Accidents,Narrow road,Rural Areas,Open area,Vehicle Defect,Yes,Grievous Injury,Vehicle to Vehicle,Uncontrolled,Others,NH,Not Applicable,Dry,Not Applicable,Clear,NH 75,Anjaneya temple,50,13.094707,77.8463269,0,0,0.0,0.0
Bengaluru Dist,Hosakote Traffic PS,1.04422e+16,2023,1,1,Road Accidents,Narrow road,Rural Areas,Open area,Human Error,No,Fatal,Not Applicable,Not at  Junction,Straight and flat,NH,Bitumen(Tar),Not Applicable,No influence on accident,Clear,BENGALURU TO KOLAR HIGHWAY,VOLVO FACTORY,100Mt,13.129814,77.917537,0,0,0.0,0.0
Bengaluru Dist,Hosakote Traffic PS,1.04422e+16,2023,1,2,Road Accidents,Narrow road,Rural Areas,Open area,Human Error,No,Fatal,Vehicle to Vehicle,Not at  Junction,Straight and flat,NH,Bitumen(Tar),Dry,Not Applicable,Clear,NH75,1,5,13.08016,77.814091,0,0,0.0,0.0
Bengaluru Dist,Hosakote Traffic PS,1.04422e+16,2023,1,2,Road Accidents,Narrow road,Rural Areas,Near Bus stop,Human Error,No,Simple Injury,Vehicle to Vehicle,Not at  Junction,Straight and flat,NH,Bitumen(Tar),Dry,Not Applicable,Clear,NH75,1,5,13.056117,77.767175,0,0,0.0,0.0
Bengaluru Dist,Hosakote Traffic PS,1.04422e+16,2023,1,2,Road Accidents,Narrow road,Rural Areas,Open area,Human Error,No,Grievous Injury,Vehicle to Vehicle,Not at  Junction,Straight and flat,State Highway,Bitumen(Tar),Dry,Not Applicable,Clear,SH82,1,18,13.19817,77.896392,0,0,0.0,0.0
Bengaluru Dist,Hosakote Traffic PS,1.04422e+16,2023,1,1,Road Accidents,Cross roads,Rural Areas,Open area,Human Error,No,Fatal,Not Applicable,Not at  Junction,Straight and flat,Others,Bitumen(Tar),Dry,Not Applicable,Clear,SH35,1,8,13.034656,77.759049,0,0,0.0,0.0
Bengaluru Dist,Jigani PS,1.04422e+16,2016,1,2,Road Accidents,Other,Rural Areas,Near a factory industrial area,Human Error,Yes,Damage Only,Hit and Run,Controlled,Others,State Highway,Concrete,Others,Not Applicable,Fine,JIGANI BOMMASANDRA LINK ROAD NEAR CIPLA COMPANY COMPOUND JIGANI HOBLI ANEKAL TQ,JIGANI BOMMASANDRA LINK ROAD NEAR CIPLA COMPANY COMPOUND JIGANI HOBLI ANEKAL TQ,2KM,0.0,0.0,0,1,0.0,1.0
Bengaluru Dist,Jigani PS,1.04422e+16,2016,1,1,Road Accidents,Other,Rural Areas,Near a factory industrial area,Human Error,Yes,Fatal,Hit and Run,Not at  Junction,Not Applicable,Two way,Bitumen(Tar),Dry,Not Applicable,Fine,JIGANI INDUL AREA NEAR VEERA VAHANA BODY BUILDERS,JIGANI INDUL AREA NEAR VEERA VAHANA BODY BUILDERS,2 KMS,0.0,0.0,0,0,0.0,0.0
Bengaluru Dist,Jigani PS,1.04422e+16,2016,1,1,Road Accidents,Offset,City/Town,Near a factory industrial area,Human Error,Yes,Grievous Injury,Others,Uncontrolled,Others,State Highway,Bitumen(Tar),Others,Not Applicable,Clear,JIGANI BOMMASANDRA LINK ROAD,NEAR HCL COMPANY JIGANI BOMMASANDRA LINK ROAD,2,0.0,0.0,0,1,0.0,1.0
Bengaluru Dist,Jigani PS,1.04422e+16,2016,1,2,Road Accidents,Other,Rural Areas,Near a factory industrial area,Human Error,Yes,Damage Only,Hit and Run,Not Applicable,Others,State Highway,Concrete,Others,Not Applicable,Fine,JIGANI BOMMASANDRA LINK ROAD NEAR MARUTI NAGAR JIGANI HOBALI ANEKAL TQ,JIGANI BOMMASANDRA LINK ROAD NEAR MARUTI NAGAR JIGANI HOBALI ANEKAL TQ,3KM,0.0,0.0,0,1,0.0,1.0
Bengaluru Dist,Jigani PS,1.04422e+16,2016,1,2,Road Accidents,Offset,Rural Areas,Near a factory industrial area,Human Error,Yes,Damage Only,Hit and Run,Controlled,Crest of hill,State Highway,Bitumen(Tar),Others,Not Applicable,Fine,ANEKAL JIGANI LINK ROAD NEAER SBI BANK JIGANI HOBLI ANEKAL TQ,ANEKAL JIGANI LINK ROAD NEAER SBI BANK JIGANI HOBLI ANEKAL TQ,1KM,0.0,0.0,0,1,0.0,1.0
Bengaluru Dist,Jigani PS,1.04422e+16,2016,1,2,Road Accidents,Circle,City/Town,Near Bus stop,Human Error,Yes,Damage Only,Hit and Run,Give way sign,Curve,State Highway,Concrete,Others,Pot holed,Fine,AT TAJ HOTEL  JIGANI HOBLI ANEKAL TQ,AT TAJ HOTEL  JIGANI HOBLI ANEKAL TQ,1KM,0.0,0.0,5,1,0.0,6.0
Bengaluru Dist,Jigani PS,1.04422e+16,2016,1,2,Road Accidents,Circle,Rural Areas,Near Bus stop,Human Error,Yes,Damage Only,Hit and Run,Signal lights Manual,Curve and Incline,State Highway,Concrete,Not Applicable,Not Applicable,Fine,JIGANI APC CIRCLE AT SNEHA BHEKARY JIGANI,JIGANI APC CIRCLE AT SNEHA BHEKARY JIGANI,1KM,0.0,0.0,0,0,0.0,0.0
Bengaluru Dist,Jigani PS,1.04422e+16,2016,1,2,Road Accidents,Junction,Rural Areas,Near a factory industrial area,Human Error,No,Fatal,Others,Uncontrolled,Others,Others,Bitumen(Tar),Others,Not Applicable,Others,"JB LINK ROAD,",JB LINK ROAD,2 KMS,0.0,0.0,0,1,0.0,1.0
Bengaluru Dist,Jigani PS,1.04422e+16,2016,1,1,Road Accidents,Other,Rural Areas,Near a factory industrial area,Human Error,Yes,Grievous Injury,Others,Not Applicable,Others,Two way,Bitumen(Tar),Others,Not Applicable,Others,JIGANI INDUSTRIAL AREA NEAR SURTEX COMPANY JIGANI HOBLI ANEKLA TQ,NEAR SURTEX COMPANY,2 KMS,0.0,0.0,0,1,0.0,1.0
Bengaluru Dist,Jigani PS,1.04422e+16,2016,1,1,Road Accidents,Other,City/Town,Near Hospital,Human Error,No,Grievous Injury,Hit pedestrian,Controlled,Others,State Highway,Concrete,Others,Not Applicable,Clear,JIGANI BOMMASANDRA LINK ROAD NEAR MARUTI NAGAR JIGANI HOBLI ANEKAL TQ,NEAR Y K HOSPITAL JIGANI,1,0.0,0.0,0,1,0.0,1.0
Bengaluru Dist,Jigani PS,1.04422e+16,2016,1,2,Road Accidents,Other,Rural Areas,In bazaar,Human Error,Yes,Fatal,Hit and Run,Controlled,Others,State Highway,Bitumen(Tar),Others,Pot holed,Fine,ANEKAL JIGANI BANNEGHATTA MAIN ROAD APC CRICLE IN BAZZAR,ANEKAL JIGANI BANNEGHATTA MAIN ROAD APC CRICLE IN BAZZAR,1KM,0.0,0.0,5,1,0.0,6.0
Bengaluru Dist,Jigani PS,1.04422e+16,2016,1,1,Road Accidents,Circle,Rural Areas,Near a factory industrial area,Human Error,Yes,Fatal,Skidding or Self accident,Not Applicable,Dip or trough,State Highway,Bitumen(Tar),Muddy,Not Applicable,Clear,JIGANI BOMMASANDRA LINKA ROAD NEAR OMAX FOCTORY CIRCLE,JIGANI BOMMASANDRA LINKA ROAD NEAR OMAX FOCTORY CIRCLE,4KM,0.0,0.0,0,4,0.0,4.0
Bengaluru Dist,Jigani PS,1.04422e+16,2016,1,2,Road Accidents,Curves,Rural Areas,Near or inside a village,Human Error,Not Applicable,Fatal,Run Off Road,Not Applicable,Curve and Incline,Village Road,Bitumen(Tar),Others,Not Applicable,Others,"ANEKAL BANNERGHATTA ROAD, NEAR HARAPANAHALLI LAKE",ANEKAL BANNERGHATTA ROAD NEAR HARAPANAHALLI LAKE,3 KMS,0.0,0.0,0,1,0.0,1.0
Bengaluru Dist,Jigani PS,1.04422e+16,2016,1,2,Road Accidents,Junction,Rural Areas,Near a factory industrial area,Human Error,No,Grievous Injury,Others,Uncontrolled,Straight and flat,Two way,Bitumen(Tar),Dry,Not Applicable,Not Applicable,JIGANI INDUL AREA NEAR OMEX FACTORY TURNING,NEAR OMEX FACTORY,2 KMS,0.0,0.0,0,0,0.0,0.0
Bengaluru Dist,Jigani PS,1.04422e+16,2016,1,1,Road Accidents,Other,City/Town,Near a factory industrial area,Human Error,No,Simple Injury,Others,Uncontrolled,Others,State Highway,Bitumen(Tar),Others,Not Applicable,Clear,JIGANI BOMMASANDR LINK ROAD NEAR HCL FOCTORY,INFRONT OF HCL COMPANY JIGANI,3,0.0,0.0,0,1,0.0,1.0
Bengaluru Dist,Jigani PS,1.04422e+16,2016,1,2,Road Accidents,Other,Rural Areas,Residential area,Human Error,No,Simple Injury,Others,Uncontrolled,Straight and flat,Others,Bitumen(Tar),Dry,Not Applicable,Others,BANNERGHATTA ROAD,BANNERGHATTA ROAD JIGANI HOBLI,3 KMS,0.0,0.0,0,0,0.0,0.0
Bengaluru Dist,Jigani PS,1.04422e+16,2016,1,1,Road Accidents,Circle,Rural Areas,Near a factory industrial area,Human Error,Yes,Simple Injury,Hit and Run,Controlled,Curve,State Highway,Bitumen(Tar),Dry,Not Applicable,Fine,ANEKAL JIGANI LINK ROAD NEAR MADAPATTAN MICRO FACTORY JIGANI,ANEKAL JIGANI LINK ROAD NEAR MADAPATTAN MICRO FACTORY JIGANI,4KM,0.0,0.0,0,0,0.0,0.0
Bengaluru Dist,Jigani PS,1.04422e+16,2016,1,2,Road Accidents,Other,Rural Areas,Near a factory industrial area,Human Error,Yes,Damage Only,Hit and Run,Controlled,Others,State Highway,Concrete,Others,Not Applicable,Fine,JIGANI APC CIRCLE TO OTIS CIRCLE ROAD NEAR SBI BANK JIGANI HOBLI ANEKAL TQ,JIGANI APC CIRCLE TO OTIS CIRCLE ROAD NEAR SBI BANK JIGANI HOBLI ANEKAL TQ,2KM,0.0,0.0,0,1,0.0,1.0
Bengaluru Dist,Jigani PS,1.04422e+16,2016,1,2,Road Accidents,Other,City/Town,Near a factory industrial area,Human Error,No,Fatal,Others,Uncontrolled,Others,State Highway,Bitumen(Tar),Others,Not Applicable,Clear,JIGANI BOMMASANDRA LINK ROAD,SIPLA FACTORY,2,0.0,0.0,0,1,0.0,1.0
Bengaluru Dist,Jigani PS,1.04422e+16,2016,1,2,Road Accidents,Other,Rural Areas,Near or inside a village,Human Error,No,Grievous Injury,Others,Uncontrolled,Others,Village Road,Bitumen(Tar),Others,Not Applicable,Clear,NEAR MADAPPANDODDI VIILAGE,MADAPPANDODDI VILLAGE,8,0.0,0.0,0,1,0.0,1.0
Bengaluru Dist,Jigani PS,1.04422e+16,2016,1,2,Road Accidents,Curves,Rural Areas,Near a factory industrial area,Human Error,Yes,Fatal,Right Turn Collision,Not Applicable,Curve,Two way,Concrete,Dry,Not Applicable,Not Applicable,JIGANI LINK ROAD NEAR OTIS CIRCLE POORNIMA INDUSTRIES,JIGANI LINK ROAD NEAR OTIS CIRCLE POORNIMA INDUSTRIES,2 KMS,0.0,0.0,0,0,0.0,0.0
Bengaluru Dist,Jigani PS,1.04422e+16,2016,1,2,Road Accidents,Other,Rural Areas,Open area,Human Error,No,Simple Injury,Head on,Not Applicable,Not Applicable,Others,Not Applicable,Not Applicable,Not Applicable,Others,KUMBARANAHALLI ROAD,KUMBARANAHALLI ROAD,5 KM,0.0,0.0,0,0,0.0,0.0
Bengaluru Dist,Jigani PS,1.04422e+16,2016,1,3,Road Accidents,Other,City/Town,Near a factory industrial area,Human Error,No,Simple Injury,Others,Signals (Not working),Others,State Highway,Bitumen(Tar),Others,Not Applicable,Clear,OPPOSITE NANDI WAYBRIDGE,JIGANI RING ROAD,1,0.0,0.0,0,1,0.0,1.0
Bengaluru Dist,Jigani PS,1.04422e+16,2016,1,1,Road Accidents,Other,City/Town,Residential area,Human Error,No,Grievous Injury,Hit pedestrian,Uncontrolled,Others,City or Town Road,Concrete,Others,Not Applicable,Clear,JIGANI BOMMASANDRA ROAD,NEAR SNEHA BAKERY,2,0.0,0.0,0,1,0.0,1.0
Bengaluru Dist,Jigani PS,1.04422e+16,2016,1,2,Road Accidents,Junction,City/Town,Near a factory industrial area,Human Error,Yes,Damage Only,Hit parked vehicle,Controlled,Others,State Highway,Concrete,Others,Not Applicable,Fine,JIGANI DOUBLE ROAD JIGNANI,JIGANI DOUBLE ROAD JIGNANI,1KM,0.0,0.0,0,1,0.0,1.0
Bengaluru Dist,Jigani PS,1.04422e+16,2016,1,1,Road Accidents,Other,Rural Areas,Near or inside a village,Human Error,Yes,Damage Only,Hit and Run,Uncontrolled,Dip or trough,State Highway,Bitumen(Tar),Others,Not Applicable,Fine,JIGANI HULIMANGAL ROAD NEAR MINAKSHI RESORT PRONT JIGANI HOBLI ANEKAL TQ,JIGANI HULIMANGAL ROAD NEAR MINAKSHI RESORT PRONT JIGANI HOBLI ANEKAL TQ,3KM,0.0,0.0,0,1,0.0,1.0
Bengaluru Dist,Jigani PS,1.04422e+16,2016,1,1,Road Accidents,Narrow road,Rural Areas,Near a factory industrial area,Human Error,No,Fatal,Overturning,Not at  Junction,Curve,Others,Bitumen(Tar),Dry,Not Applicable,Fine,NEAR RADHAMANI GARMENTS JB LINK ROAD ANEKAL TQ,NEAR RADHAMANI GARMENTS JB LINK ROAD ANEKAL TQ,1,0.0,0.0,0,0,0.0,0.0
Bengaluru Dist,Jigani PS,1.04422e+16,2016,1,1,Rail Road Accidents,Circle,City/Town,Near a factory industrial area,Human Error,Yes,Fatal,Hit and Run,Give way sign,Curve,State Highway,Bitumen(Tar),Others,Drainage Ditch,Fine,JIGANI BOMMASANDRA LINK ROAD NEAR RICHHA GLOBAL COMP JIGANI HOBLI ANEKAL TQ,JIGANI BOMMASANDRA LINK ROAD NEAR RICHHA GLOBAL COMP JIGANI HOBLI ANEKAL TQ,2,0.0,0.0,4,1,0.0,5.0
Bengaluru Dist,Jigani PS,1.04422e+16,2016,1,1,Road Accidents,Other,Rural Areas,Near or inside a village,Human Error,Yes,Grievous Injury,Hit and Run,Uncontrolled,Others,Village Road,Bitumen(Tar),Others,Not Applicable,Clear,KONASANDRA-MANCHENAHALLI VILLAGE ROAD,NEAR LAYOUT KONASANDRA MANCHENAHALLI VILLAGE ROAD,4,0.0,0.0,0,1,0.0,1.0
Bengaluru Dist,Jigani PS,1.04422e+16,2016,1,2,Road Accidents,Other,Rural Areas,Near or inside a village,Human Error,Yes,Damage Only,Head on,Not at  Junction,Others,Two way,Bitumen(Tar),Others,Not Applicable,Fine,IN FRONT OF RAMAPPA HOUSE NANJAPUR VILLAGE JIGANI HOBLI ANEKAL TQ,IN FRONT OF RAMAPPA HOUSE NANJAPUR VILLAGE JIGANI HOBLI ANEKAL TQ,5KM,0.0,0.0,0,1,0.0,1.0
Bengaluru Dist,Jigani PS,1.04422e+16,2016,1,1,Rail Road Accidents,Circle,City/Town,Near a factory industrial area,Human Error,Yes,Fatal,Hit and Run,Not at  Junction,Curve,State Highway,Concrete,Dry,Not Applicable,Fine,JIGANI BOMMASANDRA LINK ROAD JIGANI NEAR SHANKAR PETROL BUNK,JIGANI BOMMASANDRA LINK ROAD JIGANI NEAR SHANKAR PETROL BUNK,2,0.0,0.0,0,0,0.0,0.0
Bengaluru Dist,Jigani PS,1.04422e+16,2016,1,1,Road Accidents,Other,Rural Areas,Near a factory industrial area,Human Error,Yes,Grievous Injury,Hit and Run,Controlled,Others,State Highway,Bitumen(Tar),Others,Pot holed,Fine,HARAPPANHALLI TO KOOPA VILLAGE ROADJIGANI HOBLI ANEKAL TQ,HARAPPANHALLI TO KOOPA VILLAGE ROADJIGANI HOBLI ANEKAL TQ,3KM,0.0,0.0,5,1,0.0,6.0
Bengaluru Dist,Jigani PS,1.04422e+16,2016,1,2,Road Accidents,Junction,Rural Areas,Open area,Human Error,No,Fatal,Others,Controlled,Straight and flat,Others,Bitumen(Tar),Dry,Not Applicable,Fine,"JIGANI APC CIRCLE, JIGANI VILLAGE & HOBLI, ANEKAL TQ",JIGANI APC CIRCLE JIGANI VILLAGE & HOBLI ANEKAL TQ,1,0.0,0.0,0,0,0.0,0.0
Bengaluru Dist,Jigani PS,1.04422e+16,2016,1,2,Road Accidents,Other,Rural Areas,Near a factory industrial area,Human Error,Yes,Damage Only,Hit and Run,Controlled,Curve,State Highway,Concrete,Others,Not Applicable,Fine,JIGANI BOMMASANDRA LINK ROAD NEAR OVERCIC BANK JIGANI,JIGANI BOMMASANDRA LINK ROAD NEAR OVERCIC BANK JIGANI,2KM,0.0,0.0,0,1,0.0,1.0
Bengaluru Dist,Jigani PS,1.04422e+16,2016,1,1,Road Accidents,Other,City/Town,Residential area,Human Error,No,Fatal,Others,Uncontrolled,Others,City or Town Road,Bitumen(Tar),Others,Not Applicable,Clear,JIGANI APC CIRCLE,APC CIRCLE JIGANI,1,0.0,0.0,0,1,0.0,1.0
Bengaluru Dist,Jigani PS,1.04422e+16,2016,1,2,Road Accidents,Other,City/Town,Near Hospital,Human Error,Yes,Grievous Injury,Hit and Run,Uncontrolled,Others,State Highway,Bitumen(Tar),Others,Not Applicable,Clear,ANEKAL BANNERGHTTA MAIN ROAD,NEAR INDIRA HOSPITAL ANEAKAL BANNERGHATTA MAIN ROAD,2,0.0,0.0,0,1,0.0,1.0
Bengaluru Dist,Jigani PS,1.04422e+16,2016,1,2,Road Accidents,Junction,Rural Areas,Near a factory industrial area,Human Error,Yes,Grievous Injury,Hit and Run,Controlled,Not Applicable,Others,Bitumen(Tar),Dry,Not Applicable,Others,JIGANI APC CIRCLE,JIGANI APC CIRCLE,1 KMS,0.0,0.0,0,0,0.0,0.0
Bengaluru Dist,Jigani PS,1.04422e+16,2016,1,2,Road Accidents,Cross roads,Rural Areas,Near a factory industrial area,Human Error,Yes,Damage Only,Hit and Run,Not at  Junction,Curve,State Highway,Bitumen(Tar),Dry,Not Applicable,Fine,NEAR KALLUBALU CROSS JIGANI HOBLI ANEKAL TQ,NEAR KALLUBALU CROSS JIGANI HOBLI ANEKAL TQ,3KM,0.0,0.0,0,0,0.0,0.0
Bengaluru Dist,Jigani PS,1.04422e+16,2016,1,2,Road Accidents,Circle,Rural Areas,Near a factory industrial area,Human Error,Yes,Damage Only,Hit and Run,No signal lights,Curve,State Highway,Concrete,Others,Not Applicable,Fine,JIGANI BOMMASANDRA LINK ROAD NEAR OMAX CIRCLE JIGANI HOBALI ANEKAL TQ,JIGANI BOMMASANDRA LINK ROAD NEAR OMAX CIRCLE JIGANI HOBALI ANEKAL TQ,4KM,0.0,0.0,0,1,0.0,1.0
Bengaluru Dist,Jigani PS,1.04422e+16,2016,1,1,Road Accidents,Circle,Not Applicable,Open area,Human Error,Yes,Simple Injury,Hit and Run,Controlled,Not Applicable,State Highway,Concrete,Dry,Not Applicable,Fine,JB LINK ROAD NEAR OMEX CIRCLE,JB LINK ROAD NEAR OMEX CIRCLE,3,0.0,0.0,0,0,0.0,0.0
Bengaluru Dist,Jigani PS,1.04422e+16,2016,1,2,Road Accidents,Circle,Rural Areas,Open area,Human Error,Yes,Fatal,Hit and Run,Not at  Junction,Dip or trough,State Highway,Bitumen(Tar),Others,Not Applicable,Fine,ANEKAL BANNERGHATTA  MAIN ROAD NEAR KOPPA GATE JIGANI HOBLI ANEKAL TQ,ANEKAL BANNERGHATTA  MAIN ROAD NEAR KOPPA GATE JIGANI HOBLI ANEKAL TQ,1KM,0.0,0.0,0,1,0.0,1.0
Bengaluru Dist,Jigani PS,1.04422e+16,2016,1,1,Road Accidents,Cross roads,Rural Areas,Near a factory industrial area,Human Error,Yes,Simple Injury,Hit and Run,Give way sign,Curve and Incline,State Highway,Concrete,Others,Not Applicable,Clear,MASTENHALLI NEAR HCL COMPANY,MASTENHALLI NEAR HCL COMPANY,3,0.0,0.0,0,1,0.0,1.0
Bengaluru Dist,Jigani PS,1.04422e+16,2016,1,1,Road Accidents,Curves,Rural Areas,Near a factory industrial area,Human Error,Yes,Grievous Injury,Hit and Run,Not Applicable,Curve,State Highway,Bitumen(Tar),Others,Not Applicable,Fine,JIGANI ARJUN TEKS TILES NEAR JIGANI HOBLI ANEKAL TQ,JIGANI ARJUN TEKS TILES NEAR JIGANI HOBLI ANEKAL TQ,2KM,0.0,0.0,0,1,0.0,1.0
Bengaluru Dist,Jigani PS,1.04422e+16,2016,1,2,Road Accidents,Other,Rural Areas,In bazaar,Human Error,Yes,Simple Injury,Hit and Run,Controlled,Curve,State Highway,Bitumen(Tar),Dry,Pot holed,Clear,NEAR GANESH TEMPLE JIGANI HOBLI ANEKAL TQ,NEAR GANESH TEMPLE JIGANI HOBLI ANEKAL TQ,1KM,0.0,0.0,5,0,0.0,5.0
Bengaluru Dist,Jigani PS,1.04422e+16,2016,1,1,Road Accidents,Other,City/Town,Near a factory industrial area,Human Error,No,Grievous Injury,Hit pedestrian,Controlled,Others,State Highway,Bitumen(Tar),Others,Not Applicable,Clear,NEAR M R GRANITES,NEAR M R GRANITES,1,0.0,0.0,0,1,0.0,1.0
Bengaluru Dist,Jigani PS,1.04422e+16,2016,1,2,Road Accidents,Other,Rural Areas,Near office complex,Human Error,Not Applicable,Grievous Injury,Others,Not at  Junction,Others,Others,Bitumen(Tar),Others,Not Applicable,Others,"JIGANI ANEKAL ROAD,",NEAR HARAGADDE VILLAGE VENUS LAYOUT,3 KMS,0.0,0.0,0,1,0.0,1.0
Bengaluru Dist,Jigani PS,1.04422e+16,2016,1,1,Rail Road Accidents,Other,Rural Areas,Near a factory industrial area,Not Applicable,Yes,Damage Only,Hit and Run,Stop sign,Incline,State Highway,Bitumen(Tar),Others,Not Applicable,Clear,JIGANI BOMMASANDRA LINK ROAD NEAR VERSANDRA FOCTORY,JIGANI BOMMASANDRA LINK ROAD NEAR VERSANDRA FOCTORY,3KM,0.0,0.0,0,1,0.0,1.0
Bengaluru Dist,Jigani PS,1.04422e+16,2016,1,1,Road Accidents,Other,Rural Areas,Near Bus stop,Human Error,Yes,Fatal,Others,Not Applicable,Others,State Highway,Concrete,Others,Not Applicable,Fine,JIGANI BOMMASANDRA LINK ROAD NEAR MARUTI NAGAR BANDENELLASANDRA BUS STOP,JIGANI BOMMASANDRA LINK ROAD NEAR MARUTI NAGAR BANDENELLASANDRA BUS STOP,5KM,0.0,0.0,0,1,0.0,1.0
Bengaluru Dist,Jigani PS,1.04422e+16,2016,1,2,Road Accidents,Cross roads,Rural Areas,Near Petrol Pump,Vehicle Defect,Yes,Damage Only,Hit and Run,Controlled,Curve,Others,Bitumen(Tar),Dry,Not Applicable,Clear,JIGANI BOMMASANDR LINK ROAD OPPOSITE EMPEROR NEAR INDIAN OIL PTL BUNK JIGANI,JIGANI BOMMASANDR LINK ROAD OPPOSITE EMPEROR NEAR INDIAN OIL PTL BUNK JIGANI,2KM,0.0,0.0,0,0,0.0,0.0
Bengaluru Dist,Jigani PS,1.04422e+16,2016,1,2,Road Accidents,Other,City/Town,Near a factory industrial area,Human Error,No,Grievous Injury,Others,Uncontrolled,Others,State Highway,Bitumen(Tar),Others,Not Applicable,Clear,JIGANI BOMMASANDRA LINK ROAD,LIBAY COMPANY JIGANI,1,0.0,0.0,0,1,0.0,1.0
Bengaluru Dist,Jigani PS,1.04422e+16,2016,1,2,Road Accidents,Circle,Rural Areas,Near a factory industrial area,Human Error,Yes,Grievous Injury,Hit and Run,Not Applicable,Others,State Highway,Bitumen(Tar),Others,Engineering Defect of Road,Fine,JIGANI ANEKAL ROAD HARAGADDE CRICLE JIGANI HOBLI ANEKAL TQ,JIGANI ANEKAL ROAD HARAGADDE CRICLE JIGANI HOBLI ANEKAL TQ,2KM,0.0,0.0,4,1,0.0,5.0
Bengaluru Dist,Jigani PS,1.04422e+16,2017,1,2,Road Accidents,Other,Rural Areas,Open area,Human Error,Yes,Damage Only,Hit and Run,Controlled,Others,State Highway,Bitumen(Tar),Others,Not Applicable,Others,KUMBARANAHALLI VILLAGE JIGANI HOBLI ANEKAL TQ,KUMBARANAHALLI VILLAGE JIGANI HOBLI ANEKAL TQ,4,0.0,0.0,0,1,0.0,1.0