DISTRICTNAME,UNITNAME,Crime_No,Year,RI,Noofvehicle_involved,Accident_Classification,Accident_Spot,Accident_Location,Accident_SubLocation,Main_Cause,Hit_Run,Severity,Collision_Type,Junction_Control,Road_Character,Road_Type,Surface_Type,Surface_Condition,Road_Condition,Weather,Accident_Road,Landmark_first,Distance_LandMark_First,Latitude,Longitude,Road_Condition_Score,Surface_Condition_Score,Surface_Type_Score,Road_Risk_Index
Bengaluru Dist,Jigani PS,1.04422e+16,2017,1,2,Not Applicable,Other,Rural Areas,Near Petrol Pump,Road Environment Defect,No,Simple Injury,Others,Not at  Junction,Curve,Two way,Kutcha,Muddy,Pot holed,Others,JIGANI BOMMASANDRA LINK ROAD NEAR HCL COMPANY,1,2,0.0,0.0,5,4,4.0,13.0
Bengaluru Dist,Jigani PS,1.04422e+16,2017,1,1,Road Accidents,Other,Rural Areas,Near office complex,Not Applicable,No,Not Applicable,Others,Stop sign,Others,Two way,Surfaced,Others,Not Applicable,Others,JIGANI BOMMASANDRA ROAD,JIGANI,1 KM,0.0,0.0,0,1,,
Bengaluru Dist,Jigani PS,1.04422e+16,2017,1,1,Road Accidents,Other,Villages settlement,Near or inside a village,Not Applicable,No,Simple Injury,Others,Uncontrolled,Others,Others,Not Applicable,Others,Not Applicable,Others,JIGANI,JIGANI LINK ROAD,5 KM,0.0,0.0,0,1,0.0,1.0
Bengaluru Dist,Jigani PS,1.04422e+16,2017,1,2,Road Accidents,Other,Rural Areas,Near a factory industrial area,Human Error,No,Fatal,Hit and Run,Not Applicable,Others,Others,Bitumen(Tar),Dry,Not Applicable,Fine,JIGANI INDUL AREA NEAR DELPHI FACTORY KALLUBALU ROAD,JIGANI INDUL AREA NEAR DELPHI FACTORY KALLUBALU ROAD,2,0.0,0.0,0,0,0.0,0.0
Bengaluru Dist,Jigani PS,1.04422e+16,2017,1,3,Road Accidents,Curves,Rural Areas,Near or inside a village,Human Error,Not Applicable,Grievous Injury,Others,Not at  Junction,Curve,Two way,Bitumen(Tar),Dry,Not Applicable,Others,ANEKAL BANNERGHATTA ROAD NEAR HARAGADDE VILLAGE BANGLA GATE,ANEKAL BANNERGHATTA ROAD NEAR HARAGADDE VILLAGE BANGLA GATE,3 KMS,0.0,0.0,0,0,0.0,0.0
Bengaluru Dist,Jigani PS,1.04422e+16,2017,1,2,Road Accidents,Circle,City/Town,Near Hospital,Not Applicable,No,Simple Injury,Others,Police / Manual,Curve,Two way,Not Applicable,Flooded,Not Applicable,Others,JIGANI-BANNERGHATTA ROAD,1,0.5,0.0,0.0,0,5,0.0,5.0
Bengaluru Dist,Jigani PS,1.04422e+16,2017,1,1,Road Accidents,Circle,Villages settlement,Near or inside a village,Not Applicable,No,Grievous Injury,Others,No signal lights,Curve,Others,Surfaced,Others,Not Applicable,Others,JIGANI,JIGANI,1 KM,0.0,0.0,0,1,,
Bengaluru Dist,Jigani PS,1.04422e+16,2017,1,1,Road Accidents,Other,Villages settlement,Residential area,Human Error,No,Grievous Injury,Others,Give way sign,Others,Others,Surfaced,Others,Not Applicable,Others,JIGANI TWON,BESTARABDI JIGANI,1 KM,0.0,0.0,0,1,,
Bengaluru Dist,Jigani PS,1.04422e+16,2017,1,1,Road Accidents,Curves,Rural Areas,Open area,Human Error,No,Fatal,Others,Uncontrolled,Curve and Incline,Others,Kutcha,Not Applicable,Not Applicable,Others,KUTCHA,SURVEY NO 47,6,0.0,0.0,0,0,4.0,4.0
Bengaluru Dist,Jigani PS,1.04422e+16,2017,1,1,Road Accidents,Road hump or Rumble strips,Rural Areas,Near or inside a village,Human Error,No,Fatal,Others,Not Applicable,Not Applicable,Village Road,Bitumen(Tar),Dry,Not Applicable,Fine,NANJAPURA,NEAR GATEWAY RESORTS,3,0.0,0.0,0,0,0.0,0.0
Bengaluru Dist,Jigani PS,1.04422e+16,2017,1,2,Road Accidents,Other,Rural Areas,Near a factory industrial area,Road Environment Defect,No,Grievous Injury,Hit bicyclist,Give way sign,Others,Not Applicable,Metalled,Dry,Pot holed,Others,JIGANI BOMMASANDRA LINK ROAD NEAR HCL COMPANY,OMEX CIRCLE,5,0.0,0.0,5,0,2.0,7.0
Bengaluru Dist,Jigani PS,1.04422e+16,2017,1,1,Road Accidents,Other,Rural Areas,Near a factory industrial area,Human Error,No,Damage Only,Hit fixed object,Not Applicable,Not Applicable,Not Applicable,Metalled,Others,Not Applicable,Fine,FACTORY PREMISES,HCL COMPANY,2,0.0,0.0,0,1,2.0,3.0
Bengaluru Dist,Jigani PS,1.04422e+16,2017,1,2,Road Accidents,Other,City/Town,Near a factory industrial area,Human Error,Yes,Damage Only,Hit and Run,Not Applicable,Others,State Highway,Bitumen(Tar),Others,Not Applicable,Fine,JIGANI BOMMASANDRA LINK ROAD NEAR HCL COMPANY,JIGANI BOMMASANDRA LINK ROAD NEAR HCL COMPANY,2KM,0.0,0.0,0,1,0.0,1.0
Bengaluru Dist,Jigani PS,1.04422e+16,2017,1,2,Road Accidents,Narrow road,Rural Areas,Near Petrol Pump,Human Error,No,Fatal,Others,Uncontrolled,Curve,Major District Road,Bitumen(Tar),Others,Not Applicable,Fine,ANEKAL BANNERGHATTA ROAD,NEAR CLASSIC ELMWOOD LAYOUT GATE,2 KMS,0.0,0.0,0,1,0.0,1.0
Bengaluru Dist,Jigani PS,1.04422e+16,2017,1,2,Road Accidents,Cross roads,Rural Areas,Near a factory industrial area,Human Error,Not Applicable,Simple Injury,Others,Uncontrolled,Others,Others,Bitumen(Tar),Others,Not Applicable,Fine,"JB LINK ROAD NEAR MASKENIA FASTNERS COMPANY CROSS, JIGANI HOBLI, ANEKAL TQ,",JB LINK ROAD NEAR MASKENIA FASTNERS COMPANY CROSS JIGANI HOBLI ANEKAL TQ,2,0.0,0.0,0,1,0.0,1.0
Bengaluru Dist,Jigani PS,1.04422e+16,2017,1,1,Other Railway Accidents,Other,Rural Areas,Near a religious place,Human Error,No,Grievous Injury,Rear end,Signal lights Blinking,Hump,Others,Not Applicable,Others,Not Applicable,Fine,INDUSTIAL AREA,JIGANI BOMMASANDRA LINK ROAD NEAR BMTC DEPOT,1.5,0.0,0.0,0,1,0.0,1.0
Bengaluru Dist,Jigani PS,1.04422e+16,2017,1,1,Road Accidents,Other,Rural Areas,Near a factory industrial area,Human Error,Not Applicable,Fatal,Hit fixed object,Not Applicable,Straight and flat,Service Road,Concrete,Dry,Not Applicable,Fine,NEAR ZIRCAST AND ANSAL COMPANY,NEAR ZIRCAST AND ANSAL COMPANY,2 KMS,0.0,0.0,0,0,0.0,0.0
Bengaluru Dist,Jigani PS,1.04422e+16,2017,1,1,Road Accidents,Curves,Rural Areas,Residential area,Human Error,No,Fatal,Right Turn Collision,Not at  Junction,Curve,Village Road,Bitumen(Tar),Others,Not Applicable,Fine,VILLAGE ROAD,NEAR ARBORS BY THE LAKE LAYOUT,8 KMS,0.0,0.0,0,1,0.0,1.0
Bengaluru Dist,Jigani PS,1.04422e+16,2017,1,1,Road Accidents,Cross roads,Rural Areas,Residential area,Human Error,No,Fatal,Others,Not Applicable,Not Applicable,Two way,Bitumen(Tar),Dry,Not Applicable,Fine,VILLAGE ROAD,KYLASANAHALLI,4,0.0,0.0,0,0,0.0,0.0
Bengaluru Dist,Jigani PS,1.04422e+16,2017,1,1,Road Accidents,Narrow road,Rural Areas,Near a factory industrial area,Human Error,No,Grievous Injury,Others,Uncontrolled,Others,Others,Bitumen(Tar),Dry,Not Applicable,Fine,INDUL AREA,KYLASANAHALLI BANDENALLASANDRA ROAD,4,0.0,0.0,0,0,0.0,0.0
Bengaluru Dist,Jigani PS,1.04422e+16,2017,1,1,Road Accidents,Narrow road,Rural Areas,Near a factory industrial area,Human Error,Not Applicable,Fatal,Others,Not Applicable,Others,Service Road,Bitumen(Tar),Dry,Not Applicable,Fine,INDUSTRIAL AREA,NEAR KEB CIRCLE,2,0.0,0.0,0,0,0.0,0.0
Bengaluru Dist,Jigani PS,1.04422e+16,2017,1,2,Road Accidents,Circle,Rural Areas,Open area,Human Error,No,Not Applicable,Not Applicable,Controlled,Others,Two way,Bitumen(Tar),Dry,Not Applicable,Fine,NEAR JIGANI APC CIRCLE,APC CIRCLE NEAR SITARA HOTEL,1 KMS,0.0,0.0,0,0,0.0,0.0
Bengaluru Dist,Jigani PS,1.04422e+16,2017,1,1,Road Accidents,Other,Rural Areas,Near or inside a village,Human Error,Yes,Damage Only,Hit and Run,Not at  Junction,Incline,State Highway,Bitumen(Tar),Others,Not Applicable,Others,HARAPPANAHALLI KOPPA ROAD,HARAPPANAHALLI KOPPA ROAD,4KM,0.0,0.0,0,1,0.0,1.0
Bengaluru Dist,Jigani PS,1.04422e+16,2017,1,1,Road Accidents,Circle,Rural Areas,Near a factory industrial area,Human Error,No,Fatal,Hit pedestrian,Controlled,Straight and flat,City or Town Road,Bitumen(Tar),Dry,Not Applicable,Fine,APC CIRCLE,NEAR JIGANI APC CIRCLE,1,0.0,0.0,0,0,0.0,0.0
Bengaluru Dist,Jigani PS,1.04422e+16,2017,1,2,Road Accidents,Other,Rural Areas,Near Bus stop,Human Error,No,Fatal,Others,Not Applicable,Straight and flat,Village Road,Bitumen(Tar),Dry,Not Applicable,Fine,JIGANI ANEKAL ROAD,NEAR GANDARVA BAR,1,0.0,0.0,0,0,0.0,0.0
Bengaluru Dist,Jigani PS,1.04422e+16,2017,1,2,Road Accidents,Cross roads,Rural Areas,Near a factory industrial area,Human Error,No,Damage Only,Others,No signal lights,Others,Others,Concrete,Dry,Not Applicable,Fine,JIGANI BOMMASANDRA LINK ROAD NEAR BMTC DEPOT,JIGANI BOMMASANDRA LINK ROAD NEAR BMTC DEPOT,2,0.0,0.0,0,0,0.0,0.0
Bengaluru Dist,Jigani PS,1.04422e+16,2017,1,2,Road Accidents,Other,Rural Areas,Near office complex,Not Applicable,No,Not Applicable,Others,Not Applicable,Others,Not Applicable,Not Applicable,Others,Not Applicable,Others,JIGANI,JIGANI,JIGANI,0.0,0.0,0,1,0.0,1.0
Bengaluru Dist,Jigani PS,1.04422e+16,2017,1,2,Road Accidents,Curves,Rural Areas,Near or inside a village,Human Error,No,Grievous Injury,Others,Uncontrolled,Curve,Village Road,Bitumen(Tar),Dry,Not Applicable,Fine,"NEAR MAHANTHALINGAPURA VILLAGE, M.C. RAJAPPA FARM",NEAR MAHANTHALINGAPURA VILLAGE MC RAJAPPA FARM,4 KMS,0.0,0.0,0,0,0.0,0.0
Bengaluru Dist,Jigani PS,1.04422e+16,2017,1,1,Road Accidents,Other,Rural Areas,Open area,Human Error,Yes,Simple Injury,Hit and Run,Uncontrolled,Others,Others,Bitumen(Tar),Dry,Not Applicable,Fine,"ANEKAL BANNERGHATTA ROAD NEAR KUMBARANAHALLI VILLAGE,",ANEKAL BANNERGHATTA ROAD NEAR KUMBARANAHALLI VILLAGE,4 KMS,0.0,0.0,0,0,0.0,0.0
Bengaluru Dist,Jigani PS,1.04422e+16,2017,1,1,Road Accidents,Cross roads,Rural Areas,Near or inside a village,Human Error,No,Fatal,Skidding or Self accident,Uncontrolled,Others,Others,Bitumen(Tar),Others,Not Applicable,Clear,KOPPA BEGUR ROAD,NEAR CHADRAKANTH ESTATE,4KM,0.0,0.0,0,1,0.0,1.0
Bengaluru Dist,Jigani PS,1.04422e+16,2017,1,1,Road Accidents,Other,Rural Areas,Near a factory industrial area,Human Error,Not Applicable,Grievous Injury,Others,Not at  Junction,Others,Others,Bitumen(Tar),Dry,Not Applicable,Fine,NEAR INDIAN OVERSEAS BANK,JIGANI INDUL AREA,2,0.0,0.0,0,0,0.0,0.0
Bengaluru Dist,Jigani PS,1.04422e+16,2017,1,1,Road Accidents,Other,Villages settlement,Open area,Not Applicable,No,Grievous Injury,Others,Give way sign,Others,Others,Not Applicable,Others,Not Applicable,Others,JIGAI LINK ROAD,NEAR HCL,JIGANI,0.0,0.0,0,1,0.0,1.0
Bengaluru Dist,Jigani PS,1.04422e+16,2017,1,2,Road Accidents,Cross roads,Rural Areas,Near Bus stop,Human Error,No,Damage Only,Others,Uncontrolled,Straight and flat,State Highway,Bitumen(Tar),Dry,Not Applicable,Fine,KOPPA GATE JIGANI HOBLI ANEKAL TQ,KOPPA GATE NISARGA LAYOUT ARCH,2,0.0,0.0,0,0,0.0,0.0
Bengaluru Dist,Jigani PS,1.04422e+16,2017,1,2,Road Accidents,Curves,Rural Areas,Near a factory industrial area,Human Error,No,Fatal,Others,Not at  Junction,Curve,Others,Bitumen(Tar),Dry,Not Applicable,Fine,JB LINK ROAD NEAR RADHAMANI GARMENTS,RADHAMANI GARMENTS,2,0.0,0.0,0,0,0.0,0.0
Bengaluru Dist,Jigani PS,1.04422e+16,2017,1,2,Road Accidents,Cross roads,Rural Areas,Near Bus stop,Human Error,No,Fatal,Overturning,Uncontrolled,Straight and flat,State Highway,Bitumen(Tar),Flooded,Not Applicable,Others,ANEKAL BANNERGHATTA ROAD,JIGANI WEIGH BRIDGE,1,0.0,0.0,0,5,0.0,5.0
Bengaluru Dist,Jigani PS,1.04422e+16,2017,1,1,Road Accidents,Curves,Rural Areas,Near a factory industrial area,Human Error,No,Not Applicable,Others,Not at  Junction,Curve,Village Road,Bitumen(Tar),Dry,Not Applicable,Fine,JIGANI INDUL AREA NEAR KALLU BALU CROSS,JIGANI INDUL AREA NEAR KALLU BALU CROSS,3 KMS,0.0,0.0,0,0,0.0,0.0
Bengaluru Dist,Jigani PS,1.04422e+16,2017,1,1,Road Accidents,Circle,Rural Areas,Near Bus stop,Human Error,No,Grievous Injury,Others,Uncontrolled,Curve,Village Road,Bitumen(Tar),Dry,Not Applicable,Fine,JIGANI OLD BUS STAND,NEAR NAKOD MEDICAL STORE,1,0.0,0.0,0,0,0.0,0.0
Bengaluru Dist,Jigani PS,1.04422e+16,2018,1,2,Road Accidents,Other,Rural Areas,Open area,Not Applicable,Not Applicable,Damage Only,Others,Not Applicable,Others,Others,Not Applicable,Others,Not Applicable,Others,NEAR DABUL ROAD,JIGANI DABUL ROAD,JIGANI,0.0,0.0,0,1,0.0,1.0
Bengaluru Dist,Jigani PS,1.04422e+16,2018,1,1,Road Accidents,Cross roads,Rural Areas,Near Hospital,Human Error,No,Not Applicable,Others,Controlled,Straight and flat,City or Town Road,Bitumen(Tar),Dry,Not Applicable,Fine,JIGANI APC CIRCLE,NEAR VIJAYASHREE HOSPITAL,1,0.0,0.0,0,0,0.0,0.0
Bengaluru Dist,Jigani PS,1.04422e+16,2018,1,3,Road Accidents,Other,Rural Areas,Open area,Human Error,No,Fatal,Others,Not at  Junction,Straight and flat,State Highway,Bitumen(Tar),Dry,Not Applicable,Fine,NEAR SUDARSHAN FARM KOPPA GATE,SUDARSHAN FARM,3,0.0,0.0,0,0,0.0,0.0
Bengaluru Dist,Jigani PS,1.04422e+16,2018,1,2,Road Accidents,Cross roads,Rural Areas,Near a factory industrial area,Human Error,No,Grievous Injury,Others,Uncontrolled,Others,City or Town Road,Bitumen(Tar),Dry,Not Applicable,Fine,NEAR GLASS FACTORY,KYLASANAHALLI VILLAGE CROSS,4,0.0,0.0,0,0,0.0,0.0
Bengaluru Dist,Jigani PS,1.04422e+16,2018,1,1,Road Accidents,Other,Rural Areas,Open area,Not Applicable,Yes,Grievous Injury,Others,Not Applicable,Others,Others,Not Applicable,Others,Not Applicable,Others,JIGANI BOMMASANDRA LINK ROAD,NEAR DYANISH COPANY,JIGALK,0.0,0.0,0,1,0.0,1.0
Bengaluru Dist,Jigani PS,1.04422e+16,2018,1,1,Road Accidents,Cross roads,Rural Areas,Near a factory industrial area,Human Error,No,Fatal,Skidding or Self accident,Controlled,Hump,Village Road,Bitumen(Tar),Dry,Not Applicable,Fine,JB LINK ROAD NEAR OMEX CIRCLE,OMEX CIRCLE,4,0.0,0.0,0,0,0.0,0.0
Bengaluru Dist,Jigani PS,1.04422e+16,2018,1,2,Road Accidents,Other,Rural Areas,Open area,Vehicle Defect,Not Applicable,Damage Only,Not Applicable,Not Applicable,Others,Not Applicable,Not Applicable,Not Applicable,Not Applicable,Others,JIGANI KOPPAGATE ROAD,NEAR LOTAS HOTEL,5,0.0,0.0,0,0,0.0,0.0
Bengaluru Dist,Jigani PS,1.04422e+16,2018,1,2,Road Accidents,Junction,Rural Areas,Near a factory industrial area,Human Error,No,Grievous Injury,Others,Not Applicable,Straight and flat,Others,Bitumen(Tar),Dry,Not Applicable,Fine,NEAR LEEBOY COMPANY,RICHA GLOBAL CROSS,2,0.0,0.0,0,0,0.0,0.0
Bengaluru Dist,Jigani PS,1.04422e+16,2018,1,1,Road Accidents,Other,Rural Areas,Open area,Human Error,No,Not Applicable,Hit pedestrian,Not at  Junction,Others,Others,Bitumen(Tar),Dry,Not Applicable,Others,JIGANI HAROHALLI MAIN ROAD  NERR KALLUBALU CROSS,FRONT OF SLV TENT HOUSE NEAR KALLUBALU CROSS,2KM,0.0,0.0,0,0,0.0,0.0
Bengaluru Dist,Jigani PS,1.04422e+16,2018,1,2,Road Accidents,Other,Rural Areas,Open area,Vehicle Defect,No,Grievous Injury,Others,Not Applicable,Others,Others,Not Applicable,Others,Not Applicable,Others,NEAR HARAPANAHALLI LACK,HARAPANAHALLI,3 KM,0.0,0.0,0,1,0.0,1.0
Bengaluru Dist,Jigani PS,1.04422e+16,2018,1,2,Road Accidents,Other,Rural Areas,Open area,Not Applicable,No,Grievous Injury,Others,Give way sign,Others,Others,Bitumen(Tar),Others,Not Applicable,Fine,BUKKASAGARA NISRAGA LAYOUT ROAD,NEAR NISRAGA,5,0.0,0.0,0,1,0.0,1.0
Bengaluru Dist,Jigani PS,1.04422e+16,2018,1,2,Road Accidents,Narrow road,Villages settlement,Residential area,Human Error,Yes,Grievous Injury,Hit and Run,Not at  Junction,Not Applicable,State Highway,Bitumen(Tar),Dry,Not Applicable,Not Applicable,JIGANI ANEKAL MAIN ROAD NERAR MRP BAR MADAPATTANA,NEAR MADAPATTANA BUS STOP,2KM,0.0,0.0,0,0,0.0,0.0
Bengaluru Dist,Jigani PS,1.04422e+16,2018,1,2,Road Accidents,Cross roads,Rural Areas,Near or inside a village,Human Error,No,Simple Injury,Others,Not Applicable,Straight and flat,State Highway,Bitumen(Tar),Dry,Not Applicable,Fine,ANEKAL BANNERGHATTA ROAD,NEAR KOPPA GATE,4 KMS,0.0,0.0,0,0,0.0,0.0
Bengaluru Dist,Jigani PS,1.04422e+16,2018,1,1,Road Accidents,Cross roads,Rural Areas,Near a factory industrial area,Human Error,No,Fatal,Right Turn Collision,Not Applicable,Not Applicable,Service Road,Bitumen(Tar),Dry,Not Applicable,Fine,J.B. LINK ROAD NEAR AGARWAL SWEETS,AGARWAL SWEETS,2,0.0,0.0,0,0,0.0,0.0
Bengaluru Dist,Jigani PS,1.04422e+16,2018,1,1,Road Accidents,Curves,Rural Areas,Near or inside a village,Human Error,No,Fatal,Others,Not Applicable,Curve,Village Road,Bitumen(Tar),Dry,Not Applicable,Not Applicable,KOPPA GATE NISARGA LAYOUT ROAD,V P RANGAN FARM,5,0.0,0.0,0,0,0.0,0.0
Bengaluru Dist,Jigani PS,1.04422e+16,2018,1,3,Road Accidents,Junction,Rural Areas,Near Bus stop,Human Error,No,Grievous Injury,Others,No signal lights,Others,City or Town Road,Bitumen(Tar),Dry,Not Applicable,Fine,JIGANI BUS STOP,NEAR WEIGH BRIDGE,1,0.0,0.0,0,0,0.0,0.0
Bengaluru Dist,Jigani PS,1.04422e+16,2018,1,2,Road Accidents,Narrow road,Rural Areas,Open area,Human Error,No,Grievous Injury,Others,Not Applicable,Straight and flat,State Highway,Bitumen(Tar),Dry,Not Applicable,Fine,ANEKAL BANNERGHATTA MAIN ROAD BANGALA GATE,BANGALA GATE,7,0.0,0.0,0,0,0.0,0.0
Bengaluru Dist,Jigani PS,1.04422e+16,2018,1,2,Road Accidents,Other,Rural Areas,Open area,Vehicle Defect,No,Simple Injury,Others,Not at  Junction,Others,Others,Not Applicable,Not Applicable,Not Applicable,Fine,NEAR LOTAS HOTEL,HARAPANAHALLI,KOPPA,0.0,0.0,0,0,0.0,0.0
Bengaluru Dist,Jigani PS,1.04422e+16,2018,1,1,Road Accidents,Other,Rural Areas,Open area,Vehicle Defect,Not Applicable,Grievous Injury,Others,Not Applicable,Others,Others,Not Applicable,Others,Not Applicable,Others,NEAR APC,JIGANI,APC,0.0,0.0,0,1,0.0,1.0
Bengaluru Dist,Jigani PS,1.04422e+16,2018,1,2,Road Accidents,Other,Rural Areas,Near a factory industrial area,Human Error,No,Grievous Injury,Others,Not Applicable,Others,Others,Bitumen(Tar),Dry,Not Applicable,Fine,ANEKAL TQ,NEAR GAYATHRI GRANITES,2,0.0,0.0,0,0,0.0,0.0
Bengaluru Dist,Jigani PS,1.04422e+16,2018,1,1,Road Accidents,Other,Rural Areas,Residential area,Vehicle Defect,No,Grievous Injury,Others,Not Applicable,Others,Others,Surfaced,Others,Not Applicable,Fine,MADAPATANNA,MADAPATANNA NEAR BANK,3,0.0,0.0,0,1,,
Bengaluru Dist,Jigani PS,1.04422e+16,2018,1,2,Road Accidents,Curves,Rural Areas,Near or inside a village,Human Error,No,Grievous Injury,Others,Not Applicable,Curve,Village Road,Bitumen(Tar),Dry,Not Applicable,Fine,NEAR NANJAPURA VILLAGE MEENAKSHI RESORTS,BRICK FACTORY,3,0.0,0.0,0,0,0.0,0.0
Bengaluru Dist,Jigani PS,1.04422e+16,2018,1,2,Rail Road Accidents,Cross roads,Rural Areas,Near a factory industrial area,Human Error,No,Grievous Injury,Vehicle to Vehicle,Not Applicable,Others,Others,Bitumen(Tar),Dry,Not Applicable,Fine,SRI NARASIMHASWAMY TEMPLE CROSS,SRI NARASIMHASWAMY TEMPLE CROSS,2,0.0,0.0,0,0,0.0,0.0
Bengaluru Dist,Jigani PS,1.04422e+16,2018,1,2,Road Accidents,Cross roads,Rural Areas,Near a factory industrial area,Human Error,No,Fatal,Not Applicable,Uncontrolled,Others,State Highway,Bitumen(Tar),Dry,Not Applicable,Fine,ANEKAL BGHATTA MAIN ROAD,NEAR WEIGH BRIDGE,2,0.0,0.0,0,0,0.0,0.0
Bengaluru Dist,Jigani PS,1.04422e+16,2018,1,2,Road Accidents,Not Applicable,Not Applicable,Open area,Not Applicable,Not Applicable,Grievous Injury,Others,Not Applicable,Not Applicable,Not Applicable,Not Applicable,Not Applicable,Not Applicable,Others,jigani,jigani,jigani,0.0,0.0,0,0,0.0,0.0
Bengaluru Dist,Jigani PS,1.04422e+16,2018,1,2,Not Applicable,Other,Not Applicable,Open area,Not Applicable,Not Applicable,Grievous Injury,Others,Not at  Junction,Not Applicable,Not Applicable,Not Applicable,Not Applicable,Not Applicable,Others,BANDENALLASANDRA ROAD,NEAR MYALA COPANY,JIGANI,0.0,0.0,0,0,0.0,0.0
Bengaluru Dist,Jigani PS,1.04422e+16,2018,1,2,Road Accidents,Curves,Rural Areas,Near a factory industrial area,Human Error,No,Fatal,Others,Not at  Junction,Curve and Incline,City or Town Road,Bitumen(Tar),Others,Not Applicable,Fine,JIGANI BOMMASANDRA LINK ROAD OPP TO LAKSHMI WEIGH BRIDGE APC CIRCLE NEAR INDIAN OIL PETROL BUNK,NEAR INDIAN OIL PETROL BUNK APC CIRCL,1,0.0,0.0,0,1,0.0,1.0
Bengaluru Dist,Jigani PS,1.04422e+16,2018,1,2,Road Accidents,Other,Rural Areas,Near a factory industrial area,Human Error,No,Fatal,Others,Not Applicable,Others,City or Town Road,Bitumen(Tar),Dry,Not Applicable,Fine,ANEKAL BANNERGHATTA ROAD,NEAR INDIRA HOSPITAL,2,0.0,0.0,0,0,0.0,0.0
Bengaluru Dist,Jigani PS,1.04422e+16,2018,1,2,Road Accidents,Curves,Rural Areas,Residential area,Human Error,No,Not Applicable,Others,Not Applicable,Curve,Residential Street,Bitumen(Tar),Dry,Not Applicable,Fine,JIGANI HAROHALLI ROAD,YELLAMMANADODDI,6 KMS,0.0,0.0,0,0,0.0,0.0
Bengaluru Dist,Jigani PS,1.04422e+16,2018,1,1,Rail Road Accidents,Other,Rural Areas,Open area,Not Applicable,Not Applicable,Grievous Injury,Others,Not Applicable,Others,Not Applicable,Surfaced,Others,Not Applicable,Others,NEAR HARAPANAHALLI LACK,HARAPANAHALLI,JIGANI,0.0,0.0,0,1,,
Bengaluru Dist,Jigani PS,1.04422e+16,2018,1,1,Road Accidents,Other,Rural Areas,Residential area,Human Error,Yes,Grievous Injury,Others,Not Applicable,Straight and flat,Village Road,Bitumen(Tar),Dry,Not Applicable,Fine,KOPPA BEGUR ROAD,NEAR WATER PLANT,5,0.0,0.0,0,0,0.0,0.0
Bengaluru Dist,Jigani PS,1.04422e+16,2018,1,1,Road Accidents,Other,Rural Areas,Residential area,Human Error,Not Applicable,Simple Injury,Others,Not Applicable,Straight and flat,Residential Street,Bitumen(Tar),Dry,Not Applicable,Fine,NEAR COMFOLD COMPANY,COMFOLD COMPANY,5,0.0,0.0,0,0,0.0,0.0
Bengaluru Dist,Jigani PS,1.04422e+16,2018,1,2,Road Accidents,Not Applicable,Rural Areas,Open area,Not Applicable,Not Applicable,Grievous Injury,Others,Not Applicable,Others,Two way,Bitumen(Tar),Not Applicable,Not Applicable,Fine,ANEKAL-JIGANI ROAD,20 METTER   GRANITE FACTORY,1/2 CM,0.0,0.0,0,0,0.0,0.0
Bengaluru Dist,Jigani PS,1.04422e+16,2018,1,1,Road Accidents,Not Applicable,Rural Areas,Near a factory industrial area,Human Error,Not Applicable,Grievous Injury,Hit bicyclist,Not at  Junction,Not Applicable,Others,Bitumen(Tar),Dry,Not Applicable,Fine,NEAR KAVERAMMA TEMPLE JIGANI DOUBLE ROAD,NEAR KAVERAMMA TEMPLE,2,0.0,0.0,0,0,0.0,0.0
Bengaluru Dist,Jigani PS,1.04422e+16,2018,1,1,Road Accidents,Junction,Rural Areas,Near a factory industrial area,Human Error,No,Fatal,Others,Uncontrolled,Straight and flat,Village Road,Bitumen(Tar),Dry,Not Applicable,Fine,OMEX CIRCLE,NEAR OMEX CIRCLE,4,0.0,0.0,0,0,0.0,0.0
Bengaluru Dist,Jigani PS,1.04422e+16,2018,1,2,Road Accidents,Curves,Rural Areas,Open area,Human Error,Yes,Grievous Injury,Others,Not Applicable,Curve,State Highway,Bitumen(Tar),Dry,Not Applicable,Fine,NEAR HARAPANAHALLI POLICE LAKE,NEAR HARAPANAHALLI POLICE LAKE,3,0.0,0.0,0,0,0.0,0.0
Bengaluru Dist,Jigani PS,1.04422e+16,2018,1,1,Road Accidents,Narrow road,Rural Areas,Near a factory industrial area,Human Error,Not Applicable,Grievous Injury,Hit bicyclist,Not Applicable,Straight and flat,Village Road,Bitumen(Tar),Dry,Not Applicable,Fine,VADDARAPALYA VILLAGE ROAD NEAR VEERO METAL COMPANY,NEAR VEERO METALS AND SCHENIDER COMPANY,2,0.0,0.0,0,0,0.0,0.0
Bengaluru Dist,Jigani PS,1.04422e+16,2018,1,1,Road Accidents,Cross roads,Rural Areas,Near Petrol Pump,Not Applicable,No,Grievous Injury,Others,Not at  Junction,Others,State Highway,Bitumen(Tar),Not Applicable,Not Applicable,Fine,ANEKAL-BANNERAGATTAROAD,NEAR PETROL BUMK,100,0.0,0.0,0,0,0.0,0.0
Bengaluru Dist,Jigani PS,1.04422e+16,2018,1,1,Road Accidents,Curves,Rural Areas,Near Petrol Pump,Human Error,No,Fatal,Overturning,Not Applicable,Curve,State Highway,Bitumen(Tar),Dry,Not Applicable,Fine,ANEKAL JIGANI ROAD NEAR HARAPANAHALLI,NEAR KUMAR FUEL PETROL BUNK HARAPANAHALLI,3,0.0,0.0,0,0,0.0,0.0
Bengaluru Dist,Jigani PS,1.04422e+16,2018,1,1,Road Accidents,Junction,Rural Areas,Near a factory industrial area,Human Error,No,Fatal,Others,Controlled,Straight and flat,Others,Bitumen(Tar),Dry,Not Applicable,Fine,"J.B. LINK ROAD,",LEEBOY COMPANY,2,0.0,0.0,0,0,0.0,0.0
Bengaluru Dist,Jigani PS,1.04422e+16,2018,1,2,Road Accidents,Other,Rural Areas,Near a factory industrial area,Human Error,No,Grievous Injury,Others,Not Applicable,Not Applicable,Others,Bitumen(Tar),Dry,Not Applicable,Fine,JIGANI INDUL AREA NEAR THE AKSHAYA PATHRA FOUNDATION,INDUSTRIAL AREA,18,0.0,0.0,0,0,0.0,0.0
Bengaluru Dist,Jigani PS,1.04422e+16,2018,1,1,Road Accidents,Other,Rural Areas,Open area,Vehicle Defect,No,Grievous Injury,Others,Not Applicable,Others,Others,Not Applicable,Others,Not Applicable,Others,JIGANI,JIGANI,1 KM,0.0,0.0,0,1,0.0,1.0
Bengaluru Dist,Jigani PS,1.04422e+16,2019,1,2,Road Accidents,Narrow road,Rural Areas,Near a factory industrial area,Human Error,Not Applicable,Damage Only,Vehicle to Vehicle,Not Applicable,Hump,Not Applicable,Bitumen(Tar),Others,Not Applicable,Fine,"JB LINK ROAD,",NEAR OMEX CIRCLE,4,12.780795,77.640431,0,1,0.0,1.0
Bengaluru Dist,Jigani PS,1.04422e+16,2019,1,1,Road Accidents,Cross roads,Rural Areas,Near a factory industrial area,Human Error,No,Simple Injury,Hit pedestrian,Not Applicable,Straight and flat,Others,Bitumen(Tar),Dry,Not Applicable,Fine,OTIS CIRCLE,NEAR OTIS CIRCLE,2,12.787539,77.621708,0,0,0.0,0.0