DISTRICTNAME,UNITNAME,Crime_No,Year,RI,Noofvehicle_involved,Accident_Classification,Accident_Spot,Accident_Location,Accident_SubLocation,Main_Cause,Hit_Run,Severity,Collision_Type,Junction_Control,Road_Character,Road_Type,Surface_Type,Surface_Condition,Road_Condition,Weather,Accident_Road,Landmark_first,Distance_LandMark_First,Latitude,Longitude,Road_Condition_Score,Surface_Condition_Score,Surface_Type_Score,Road_Risk_Index
Bengaluru Dist,Jigani PS,1.04422e+16,2019,1,2,Road Accidents,Narrow road,City/Town,Near a factory industrial area,Human Error,No,Grievous Injury,Vehicle to Vehicle,Not at  Junction,Not Applicable,Mixed,Bitumen(Tar),Dry,Construction Work / Material,Fine,JIGANI  BOMMASAND08RA LINK ROAD INFRONT OF GVK BIO COMPANY,INFRONT OF GVK BIO COMPANY,3,13.350024,77.683358,2,0,0.0,2.0
Bengaluru Dist,Jigani PS,1.04422e+16,2019,1,1,Road Accidents,Narrow road,Rural Areas,Near a factory industrial area,Human Error,No,Fatal,Hit pedestrian,Controlled,Straight and flat,State Highway,Bitumen(Tar),Dry,Not Applicable,Fine,NEAR MALAI MAHADESHWARA BAKERY & SWEETS,NEAR MALAI MAHADESHWARA BAKERY & SWEETS,1,12.596307,77.650912,0,0,0.0,0.0
Bengaluru Dist,Jigani PS,1.04422e+16,2019,1,2,Road Accidents,Narrow road,Rural Areas,Open area,Not Applicable,Not Applicable,Not Applicable,Vehicle to Vehicle,Not Applicable,Not Applicable,Two way,Bitumen(Tar),Dry,Not Applicable,Fine,BOMMASANDRA JIGANI LINK ROAD,1 KM,1 KM,12.785219,77.651231,0,0,0.0,0.0
Bengaluru Dist,Jigani PS,1.04422e+16,2019,1,1,Road Accidents,Cross roads,Rural Areas,Near a factory industrial area,Human Error,No,Grievous Injury,Not Applicable,Not Applicable,Not Applicable,Others,Bitumen(Tar),Dry,Not Applicable,Clear,JIGANI-BOMMASANDRA LINK ROAD,NEAR RICH GLOBAL FACTORY,1KMS,12.848297,77.838325,0,0,0.0,0.0
Bengaluru Dist,Jigani PS,1.04422e+16,2019,1,1,Road Accidents,Cross roads,Rural Areas,Open area,Not Applicable,Yes,Grievous Injury,Not Applicable,Uncontrolled,Curve,Not Applicable,Bitumen(Tar),Dry,Not Applicable,Clear,KAYLASANAHALLI- OMEX CRICLE ROAD,0,1 KM,12.800533,77.653113,0,0,0.0,0.0
Bengaluru Dist,Jigani PS,1.04422e+16,2019,1,2,Road Accidents,Narrow road,Rural Areas,Open area,Not Applicable,Not Applicable,Simple Injury,Not Applicable,Not Applicable,Not Applicable,One way,Bitumen(Tar),Dry,Not Applicable,Fine,SURYA NAGARA 2 ND STAGE HINNAKKI,0,0,12.777733,77.681936,0,0,0.0,0.0
Bengaluru Dist,Jigani PS,1.04422e+16,2019,1,1,Road Accidents,Narrow road,Rural Areas,Near a factory industrial area,Human Error,No,Fatal,Hit bicyclist,Not at  Junction,Not Applicable,Two way,Bitumen(Tar),Dry,No influence on accident,Fine,JIGANI VADERAMANCHANAHALLI ROAD NEAR LAP INDIA COMPANY,IN FRONT OF LAP INDIA COMPANY MAIN GATE,2KM,12.767787,77.629828,0,0,0.0,0.0
Bengaluru Dist,Jigani PS,1.04422e+16,2019,1,1,Road Accidents,Cross roads,Rural Areas,Near a factory industrial area,Human Error,No,Simple Injury,Hit pedestrian,Not Applicable,Others,Others,Bitumen(Tar),Dry,Not Applicable,Fine,NEAR JAYAKANTH RUBBER PRODUCTS PVT LTD,NEAR JEEVADAN & HIKAL COMPANY,2,12.773309,77.640375,0,0,0.0,0.0
Bengaluru Dist,Jigani PS,1.04422e+16,2019,1,3,Road Accidents,Curves,Rural Areas,Near office complex,Human Error,No,Grievous Injury,Vehicle to Vehicle,Give way sign,Curve,State Highway,Bitumen(Tar),Ditch or Potholed,Not Applicable,Fine,"NEAR MADAPATNA VILLAGE,",NEAR ALLUMINIUM FACTORY,2,12.771114,77.6466,0,5,0.0,5.0
Bengaluru Dist,Jigani PS,1.04422e+16,2019,1,2,Road Accidents,Not Applicable,Rural Areas,Near a factory industrial area,Human Error,No,Not Applicable,Vehicle to Vehicle,Not at  Junction,Straight and flat,Others,Bitumen(Tar),Dry,Not Applicable,Fine,NEAR VEERA VAHANA MOTORS  JB LINK ROAD,NEAR VEERA VAHANA BODY BUILDERS,3,12.80692,77.639182,0,0,0.0,0.0
Bengaluru Dist,Jigani PS,1.04422e+16,2019,1,1,Road Accidents,Narrow road,City/Town,Near office complex,Human Error,Yes,Simple Injury,Not Applicable,Not at  Junction,Not Applicable,One way,Bitumen(Tar),Dry,Not Applicable,Fine,JIGANI APC BANNERUGHATTA DOUBLE ROAD,NEAR APC CIRCLE,1 KM,12.462175,77.311737,0,0,0.0,0.0
Bengaluru Dist,Jigani PS,1.04422e+16,2019,1,2,Road Accidents,Narrow road,Rural Areas,Near a factory industrial area,Human Error,No,Grievous Injury,Vehicle to Vehicle,Not at  Junction,Not Applicable,Mixed,Bitumen(Tar),Dry,Not Applicable,Fine,JIGANI  BOMMASANDRA LINK ROAD INFRONT OF MICROTROLL COMPANY,INFRONT OF MICROTROLL COMPANY,05 KM,12.934894,77.693625,0,0,0.0,0.0
Bengaluru Dist,Jigani PS,1.04422e+16,2019,1,1,Road Accidents,Narrow road,City/Town,Near a factory industrial area,Human Error,No,Fatal,Not Applicable,Not Applicable,Not Applicable,Others,Bitumen(Tar),Dry,Not Applicable,Fine,JIGANI  BOMMASANDRA LINK ROAD INFRONT OF AVON COMPANY,IN FRONT OF AVON PLOSTIC COMPANY,4 KM,12.800557,77.777031,0,0,0.0,0.0
Bengaluru Dist,Jigani PS,1.04422e+16,2019,1,2,Not Applicable,Junction,Not Applicable,Near Bus stop,Not Applicable,No,Fatal,Others,No signal lights,Others,Others,Bitumen(Tar),Dry,Not Applicable,Fine,JIGANI  BOMMASANDRA LINK ROAD OMAX CIRCLE,OMAX CIRCLE,5 KM,12.810984,77.665433,0,0,0.0,0.0
Bengaluru Dist,Jigani PS,1.04422e+16,2019,1,1,Road Accidents,Narrow road,City/Town,Near a factory industrial area,Not Applicable,No,Grievous Injury,Not Applicable,Not at  Junction,Others,Two way,Bitumen(Tar),Dry,Not Applicable,Fine,JIGANI VADDARAPALYA ROAD JIGANI INDUSTRIAL ARIA,FRONT OF ANAD SWEETS,3KM,12.770645,77.64303,0,0,0.0,0.0
Bengaluru Dist,Jigani PS,1.04422e+16,2019,1,1,Road Accidents,Narrow road,Rural Areas,Near a factory industrial area,Human Error,Yes,Grievous Injury,Hit pedestrian,Not at  Junction,Straight and flat,Others,Bitumen(Tar),Dry,Not Applicable,Fine,NEAR ASHIRWAD PIPES COMPANY,NEAR ASHIRWAD PIPES COMPANY,3,12.729766,77.674593,0,0,0.0,0.0
Bengaluru Dist,Jigani PS,1.04422e+16,2019,1,1,Road Accidents,Narrow road,Rural Areas,Near or inside a village,Human Error,Yes,Fatal,Hit bicyclist,Not Applicable,Straight and flat,Village Road,Bitumen(Tar),Dry,Not Applicable,Fine,NEAR KALLUBALA VIVEKANANDA VIDYA KENDRA,NEAR KALLUBALA VIVEKANANDA VIDYA KENDRA,4,12.768844,77.656934,0,0,0.0,0.0
Bengaluru Dist,Jigani PS,1.04422e+16,2019,1,2,Road Accidents,Other,Rural Areas,Residential area,Human Error,Yes,Simple Injury,Others,Not at  Junction,Straight and flat,Residential Street,Bitumen(Tar),Dry,Not Applicable,Fine,KYLASANAHALLI VILLAGE,UPKAR MEADOWS,3,12.784192,77.6439919,0,0,0.0,0.0
Bengaluru Dist,Jigani PS,1.04422e+16,2019,1,1,Road Accidents,Cross roads,Rural Areas,Near a factory industrial area,Human Error,Yes,Damage Only,Vehicle to Vehicle,No signal lights,Hump,Two way,Bitumen(Tar),Dry,Not Applicable,Fine,JIGANI HAROHALLI MAIN ROAD,OMAX CIRCLE,2KM,12.787726,77.640942,0,0,0.0,0.0
Bengaluru Dist,Jigani PS,1.04422e+16,2019,1,2,Road Accidents,Narrow road,City/Town,Near Bus stop,Not Applicable,No,Grievous Injury,Others,Not Applicable,Others,Two way,Bitumen(Tar),Dry,Not Applicable,Fine,JIGANI ANEKAL  MAIN ROAD,FRONT OF V INN HOTEL,1KM,12.780548,77.642599,0,0,0.0,0.0
Bengaluru Dist,Jigani PS,1.04422e+16,2019,1,1,Not Applicable,Narrow road,Rural Areas,Open area,Human Error,No,Fatal,Not Applicable,Not Applicable,Not Applicable,Others,Metalled,Wet,Not Applicable,Cloudy,RAJAPUA LINGAPUARA VILLAGE,RAJAPURA  LINGAPURA ROAD,6KM,12.77612,77.6747,0,3,2.0,5.0
Bengaluru Dist,Jigani PS,1.04422e+16,2019,1,2,Road Accidents,Not Applicable,Rural Areas,Near a factory industrial area,Human Error,Not Applicable,Grievous Injury,Not Applicable,Not at  Junction,Not Applicable,Not Applicable,Bitumen(Tar),Not Applicable,Not Applicable,Clear,JIGANI-BOMMASANDRA  LINK ROAD,NEAR  INDISTRAL AREA,500,13.328498,77.618836,0,0,0.0,0.0
Bengaluru Dist,Jigani PS,1.04422e+16,2019,1,2,Road Accidents,Curves,Rural Areas,Residential area,Human Error,Yes,Damage Only,Vehicle to Vehicle,Not at  Junction,Curve and Incline,Residential Street,Bitumen(Tar),Dry,Not Applicable,Fine,JIGANI TOWN,NEAR GANESHA TEMPLE,1,12.786096,77.64187,0,0,0.0,0.0
Bengaluru Dist,Jigani PS,1.04422e+16,2019,1,1,Road Accidents,Narrow road,Rural Areas,Residential area,Not Applicable,Yes,Grievous Injury,Not Applicable,Not at  Junction,Not Applicable,Two way,Bitumen(Tar),Dry,Not Applicable,Not Applicable,JIGANI ANEKAL  MAIN ROAD,NEAR JAIMATA WAY BRIDE MADAPATTANA,3KM,12.823175,77.695947,0,0,0.0,0.0
Bengaluru Dist,Jigani PS,1.04422e+16,2019,1,1,Road Accidents,Not Applicable,Rural Areas,Open area,Human Error,Not Applicable,Fatal,Not Applicable,Not at  Junction,Not Applicable,Two way,Bitumen(Tar),Others,Not Applicable,Fine,JIGANI HULIMANGALA ROAD,JIGANI TANK BUND,2KM,12.789631,77.633258,0,1,0.0,1.0
Bengaluru Dist,Jigani PS,1.04422e+16,2019,1,3,Road Accidents,Circle,City/Town,Near Bus stop,Human Error,Not Applicable,Not Applicable,Vehicle to Vehicle,Stop sign,Not Applicable,Others,Concrete,Wet,Not Applicable,Clear,JIGANI APC CIRCLE,JIGANI APC CIRCLE,500MTR,12.778256,77.643901,0,3,0.0,3.0
Bengaluru Dist,Jigani PS,1.04422e+16,2019,1,2,Road Accidents,Narrow road,Rural Areas,Near a factory industrial area,Human Error,No,Fatal,Vehicle to Vehicle,Uncontrolled,Straight and flat,State Highway,Bitumen(Tar),Dry,Not Applicable,Clear,"NEAR RIDDI SIDDI GRANITES SHOWROOM, ANEKAL  BANNERGHATTA ROAD",SUDARSHAN FARM,4,12.79966,77.65618,0,0,0.0,0.0
Bengaluru Dist,Jigani PS,1.04422e+16,2019,1,2,Road Accidents,Narrow road,Rural Areas,Near a factory industrial area,Human Error,Yes,Fatal,Others,Uncontrolled,Hump,Others,Concrete,Dry,Not Applicable,Fine,JIGANI BOMMASANDRA LINK ROAD,NEAR IRON MOUNT COMPANY,1,12.781954,77.645936,0,0,0.0,0.0
Bengaluru Dist,Jigani PS,1.04422e+16,2019,1,1,Road Accidents,Circle,Not Applicable,Near Bus stop,Not Applicable,Yes,Fatal,Others,No signal lights,Hump,Mixed,Bitumen(Tar),Dry,Not Applicable,Fine,JIGANI  BOMMASANDRA LINK ROAD OMAX CIRCLE,OMAX CIRCLE,4 KM,12.798995,77.661117,0,0,0.0,0.0
Bengaluru Dist,Jigani PS,1.04422e+16,2019,1,1,Road Accidents,Circle,Rural Areas,Near Bus stop,Human Error,Not Applicable,Fatal,Not Applicable,Uncontrolled,Curve,Mixed,Bitumen(Tar),Dry,Not Applicable,Fine,JIGANI  BOMMASANDRA LINK ROAD OMAX CIRCLE,OMAX CIRCLE,5 KM,12.803723,77.654564,0,0,0.0,0.0
Bengaluru Dist,Jigani PS,1.04422e+16,2019,1,2,Road Accidents,Cross roads,Rural Areas,Near a factory industrial area,Human Error,No,Grievous Injury,Vehicle to Vehicle,Not Applicable,Straight and flat,Others,Bitumen(Tar),Dry,Not Applicable,Fine,NEAR KEB CIRCLE,NEAR JIGANI KEB CIRCLE,2,12.781157,77.63556,0,0,0.0,0.0
Bengaluru Dist,Jigani PS,1.04422e+16,2019,1,3,Road Accidents,Narrow road,Rural Areas,Near a factory industrial area,Not Applicable,No,Fatal,Vehicle to Vehicle,Not at  Junction,Not Applicable,Two way,Bitumen(Tar),Not Applicable,Not Applicable,Fine,JIGANI INDUSTRIAL AREA,0,10 M,12.782997,77.6424,0,0,0.0,0.0
Bengaluru Dist,Jigani PS,1.04422e+16,2019,1,2,Road Accidents,Cross roads,Rural Areas,Near a factory industrial area,Human Error,No,Grievous Injury,Vehicle to Vehicle,Uncontrolled,Straight and flat,Others,Bitumen(Tar),Dry,Not Applicable,Fine,BILL FORGE COMPANY CROSS,NEAR SNIDER COMPANY,2,12.775091,77.6401449,0,0,0.0,0.0
Bengaluru Dist,Jigani PS,1.04422e+16,2019,1,2,Road Accidents,Cross roads,City/Town,Near a factory industrial area,Human Error,No,Simple Injury,Vehicle to Vehicle,Not Applicable,Curve,Two way,Concrete,Others,Not Applicable,Clear,JANATA COLONY CROSS DOUBLE ROAD JIGANI,INFRONT OF SHAKTI WAYBRIDGE,1KMS,12.783532,77.645508,0,1,0.0,1.0
Bengaluru Dist,Jigani PS,1.04422e+16,2019,1,1,Road Accidents,Narrow road,Rural Areas,Near Bus stop,Human Error,Yes,Fatal,Hit pedestrian,Not at  Junction,Not Applicable,State Highway,Bitumen(Tar),Dry,Not Applicable,Fine,JIGANI ANEKAL  MAIN ROAD,NEAR KUMABARANHALLI COLONY GATE,4 KM,12.747717,77.661188,0,0,0.0,0.0
Bengaluru Dist,Jigani PS,1.04422e+16,2019,1,2,Road Accidents,Curves,Rural Areas,Near Bus stop,Human Error,No,Grievous Injury,Vehicle to Vehicle,Not at  Junction,Curve,State Highway,Bitumen(Tar),Dry,Not Applicable,Fine,"ANEKAL BANNERGHATTA ROAD,",NEAR HARAGADDE SRI CHANNAKESHAVA SAMUDAYA BHAVANA,4,12.766068,77.652241,0,0,0.0,0.0
Bengaluru Dist,Jigani PS,1.04422e+16,2019,1,2,Road Accidents,Narrow road,Rural Areas,Near a factory industrial area,Human Error,Yes,Grievous Injury,Vehicle to Vehicle,Not at  Junction,Straight and flat,Two way,Bitumen(Tar),Dry,Construction Work / Material,Fine,DLF TO SRIRAMPURA,NEAR KTTM JOB WORK UNIT,5,12.800375,77.65933,2,0,0.0,2.0
Bengaluru Dist,Jigani PS,1.04422e+16,2019,1,3,Road Accidents,Circle,City/Town,Near Bus stop,Human Error,No,Damage Only,Vehicle to Vehicle,Stop Sign,Straight and flat,State Highway,Concrete,Dry,Not Applicable,Clear,JIGANI APC CIRCLE,JIGANI APC CIRCLE,1,12.778118,77.64385,0,0,0.0,0.0
Bengaluru Dist,Jigani PS,1.04422e+16,2019,1,2,Road Accidents,Narrow road,Villages settlement,Near School or College,Not Applicable,No,Grievous Injury,Others,Not at  Junction,Not Applicable,Mixed,Bitumen(Tar),Dry,Not Applicable,Fine,JIGANI ANEKAL  MAIN ROAD,NEAR TAPOVANA SCHOOL,4 KM,12.785108,77.64,0,0,0.0,0.0
Bengaluru Dist,Jigani PS,1.04422e+16,2019,1,2,Road Accidents,Cross roads,Rural Areas,Near a factory industrial area,Human Error,Yes,Grievous Injury,Hit and Run,Not at  Junction,Others,Others,Bitumen(Tar),Dry,Not Applicable,Fine,JB LINK ROAD NEAR HCL COMPANY U TURN,FINE COMPONENTS COMPANY,2,12.802001,77.661964,0,0,0.0,0.0
Bengaluru Dist,Jigani PS,1.04422e+16,2019,1,2,Road Accidents,Narrow road,Rural Areas,Near Petrol Pump,Not Applicable,Not Applicable,Grievous Injury,Vehicle to Vehicle,Not Applicable,Not Applicable,State Highway,Bitumen(Tar),Not Applicable,Not Applicable,Clear,JIGANI ANEKAL ROAD,NEAR PETROL PUMP,2 KMS,12.773428,77.650631,0,0,0.0,0.0
Bengaluru Dist,Jigani PS,1.04422e+16,2019,1,1,Road Accidents,Narrow road,Rural Areas,Near a factory industrial area,Human Error,Not Applicable,Simple Injury,Not Applicable,Not at  Junction,Straight and flat,State Highway,Bitumen(Tar),Dry,Not Applicable,Fine,NEAR FLIP KART GODOWN,KUMBARANAHALLI,5,12.749327,77.659808,0,0,0.0,0.0
Bengaluru Dist,Jigani PS,1.04422e+16,2019,1,1,Road Accidents,Cross roads,City/Town,Near a factory industrial area,Human Error,No,Fatal,Others,Not at  Junction,Curve,Mixed,Bitumen(Tar),Dry,Not Applicable,Fine,JIGANI  BOMMASANDRA LINK ROAD OMAX CIRCLE,NEAR DLF CROSS,3KM,12.78453,77.6593329,0,0,0.0,0.0
Bengaluru Dist,Jigani PS,1.04422e+16,2019,1,2,Road Accidents,Curves,Rural Areas,Near Petrol Pump,Human Error,No,Simple Injury,Vehicle to Vehicle,Not at  Junction,Curve,Others,Bitumen(Tar),Dry,Not Applicable,Fine,NEAR INDIAN OIL PETROL BUNK JIGANI APC CIRCLE,NEAR INDIAN OIL PETROL BUNK,1,13.058071,77.704238,0,0,0.0,0.0
Bengaluru Dist,Jigani PS,1.04422e+16,2019,1,2,Road Accidents,Curves,Rural Areas,Near a factory industrial area,Human Error,No,Grievous Injury,Vehicle to Vehicle,Uncontrolled,Straight and flat,Others,Bitumen(Tar),Dry,Not Applicable,Fine,"JB LINK ROAD,",NEAR INDIAN OIL PETROL BUNK,2,12.812134,77.629624,0,0,0.0,0.0
Bengaluru Dist,Jigani PS,1.04422e+16,2019,1,1,Not Applicable,Curves,Rural Areas,Open area,Not Applicable,No,Fatal,Others,Not at  Junction,Slight Curve,Two way,Bitumen(Tar),Dry,Not Applicable,Others,JIGANI HAROHALLI MAIN ROAD,FRONT OF SLN PRABHUDDALAYA,6KM,12.782861,77.644778,0,0,0.0,0.0
Bengaluru Dist,Jigani PS,1.04422e+16,2019,1,2,Road Accidents,Cross roads,City/Town,Near a factory industrial area,Not Applicable,Yes,Grievous Injury,Vehicle to Vehicle,Not at  Junction,Others,One way,Concrete,Wet,Not Applicable,Fine,JIGANI APC  BANNERUGHATTA LINK ROAD,NEAR APC CIRCLE,1KM,12.817438,77.616211,0,3,0.0,3.0
Bengaluru Dist,Jigani PS,1.04422e+16,2019,1,2,Road Accidents,Narrow road,Rural Areas,Open area,Not Applicable,Not Applicable,Grievous Injury,Not Applicable,Not Applicable,Not Applicable,One way,Bitumen(Tar),Not Applicable,Not Applicable,Fine,jigani police station frent of road,500 feet,500fee,12.752266,77.519065,0,0,0.0,0.0
Bengaluru Dist,Jigani PS,1.04422e+16,2019,1,1,Road Accidents,Narrow road,Rural Areas,At pedestrian Crossing,Human Error,No,Fatal,Hit pedestrian,Not Applicable,Straight and flat,Mixed,Bitumen(Tar),Dry,Not Applicable,Others,JIGANI BVANNERUGHATTA MAIN ROAD,0,2KM,12.791837,77.623426,0,0,0.0,0.0
Bengaluru Dist,Jigani PS,1.04422e+16,2019,1,2,Road Accidents,Junction,Rural Areas,Near a factory industrial area,Human Error,No,Damage Only,Others,Signals (Working),Straight and flat,Others,Bitumen(Tar),Dry,Not Applicable,Fine,JIGANI APC CIRCLE,NEAR MALAI MAHADESHWARA BAKERY & SWEETS,2,12.770952,77.630021,0,0,0.0,0.0
Bengaluru Dist,Jigani PS,1.04422e+16,2019,1,1,Road Accidents,Narrow road,Rural Areas,In bazaar,Human Error,Yes,Fatal,Hit pedestrian,Not at  Junction,Straight and flat,State Highway,Bitumen(Tar),Dry,Not Applicable,Fine,JIGANI TOWN NEAR V INN HOTEL,NEAR V INN HOTEL,1,12.70078,77.6753689,0,0,0.0,0.0
Bengaluru Dist,Jigani PS,1.04422e+16,2019,1,1,Road Accidents,Cross roads,Rural Areas,Near or inside a village,Human Error,Not Applicable,Simple Injury,Not Applicable,Not Applicable,Not Applicable,Others,Bitumen(Tar),Not Applicable,Not Applicable,Clear,KYALASANHALLI TO OMAX CIRCLE ROAD,NEAR RICHMAND APARTMENTS,4KMS,12.804419,77.83738,0,0,0.0,0.0
Bengaluru Dist,Jigani PS,1.04422e+16,2019,1,1,Road Accidents,Circle,Rural Areas,Residential area,Human Error,Not Applicable,Grievous Injury,Hit pedestrian,Controlled,Curve,Residential Street,Bitumen(Tar),Dry,Not Applicable,Clear,"HARAPPANAHALLI KOPPA MAIN ROAD, NEAR CHAMAKADHAMA CLSSIC LAYOUT, JIGANI HOBLI, ANEKAL TQ",CHAMAKADHAMHA CLSSIC LAYOUT,3 KMS,12.835727,77.6367,0,0,0.0,0.0
Bengaluru Dist,Jigani PS,1.04422e+16,2019,1,1,Road Accidents,Narrow road,Rural Areas,Near a factory industrial area,Not Applicable,Not Applicable,Grievous Injury,Hit pedestrian,Not Applicable,Not Applicable,Others,Bitumen(Tar),Not Applicable,Not Applicable,Clear,JIGANI  KALLABALU ROAD,0,0,12.782821,77.64153,0,0,0.0,0.0
Bengaluru Dist,Jigani PS,1.04422e+16,2020,1,2,Road Accidents,Narrow road,Rural Areas,Near a factory industrial area,Human Error,No,Grievous Injury,Vehicle to Vehicle,Not at  Junction,Straight and flat,Service Road,Bitumen(Tar),Dry,Not Applicable,Fine,MADAPATNA VILLAGE,NEAR SILICON VALUE COMPANY,2,12.772789,77.6478879,0,0,0.0,0.0
Bengaluru Dist,Jigani PS,1.04422e+16,2020,1,1,Rail Road Accidents,Narrow road,Rural Areas,Open area,Human Error,Yes,Fatal,Hit pedestrian,Not at  Junction,Straight and flat,Two way,Bitumen(Tar),Dry,No influence on accident,Fine,JIGANI HAROHALLI MAIN ROAD,NEAR MADAPPANA DODDI VILLAGE,6 KMS,12.731114,77.599376,0,0,0.0,0.0
Bengaluru Dist,Jigani PS,1.04422e+16,2020,1,1,Road Accidents,Narrow road,Rural Areas,Near a factory industrial area,Human Error,No,Fatal,Hit pedestrian,Not at  Junction,Others,Major District Road,Bitumen(Tar),Dry,Not Applicable,Fine,JIGANI ANEKAL MAIN ROAD,NEAR AMBEKAR SHED CROSS,2KMS,12.778103,77.6432149,0,0,0.0,0.0
Bengaluru Dist,Jigani PS,1.04422e+16,2020,1,3,Road Accidents,Narrow road,Rural Areas,Open area,Not Applicable,Not Applicable,Grievous Injury,Vehicle to Vehicle,Not at  Junction,Not Applicable,Two way,Bitumen(Tar),Dry,Not Applicable,Clear,BOMMASANDRA JIGANI LINK ROAD,0,1,12.787549,77.629298,0,0,0.0,0.0
Bengaluru Dist,Jigani PS,1.04422e+16,2020,1,1,Road Accidents,Narrow road,City/Town,Near Petrol Pump,Human Error,No,Grievous Injury,Hit pedestrian,Not at  Junction,Straight and flat,Two way,Bitumen(Tar),Dry,Not Applicable,Fine,JIGANI INDUSTRIAL AREA,NEAR APC CIRCLE,2KMS,12.777671,77.644478,0,0,0.0,0.0
Bengaluru Dist,Jigani PS,1.04422e+16,2020,1,1,Road Accidents,Narrow road,Rural Areas,Residential area,Human Error,No,Fatal,Not Applicable,Uncontrolled,Hump,Feeder Road,Bitumen(Tar),Dry,Not Applicable,Fine,"NEAR NANDANAVANA LAYOUT GATE, MAHANTHALINGAPURA VILLAGE,",NEAR NANDANAVANA LAYOUT GATE MAHANTHALINGAPURA VILLAGE,4,12.772542,77.618952,0,0,0.0,0.0
Bengaluru Dist,Jigani PS,1.04422e+16,2020,1,2,Road Accidents,Cross roads,Rural Areas,Near Hospital,Human Error,Yes,Simple Injury,Vehicle to Vehicle,Signal lights Automatic,Straight and flat,Others,Bitumen(Tar),Dry,Not Applicable,Fine,JIGANI APC CIRCLE,NEAR JIGANI APC CIRCLE,1,12.77919,77.64351,0,0,0.0,0.0
Bengaluru Dist,Jigani PS,1.04422e+16,2020,1,1,Not Applicable,Cross roads,Rural Areas,Near School or College,Human Error,No,Fatal,Hit pedestrian,Not at  Junction,Others,Others,Not Applicable,Muddy,Not Applicable,Fine,INDIAN PUBLIC SCHOOL PREMISES PLAY GROUND,INDIAN PUBLIC SCHOOL PREMISES PLAY GROUND,4,12.737211,77.633086,0,4,0.0,4.0
Bengaluru Dist,Jigani PS,1.04422e+16,2020,1,2,Road Accidents,Curves,Rural Areas,Open area,Human Error,No,Grievous Injury,Vehicle to Vehicle,Uncontrolled,Others,Mixed,Bitumen(Tar),Dry,Not Applicable,Clear,JIGANI ANEKAL MAIN ROAD,VADDARA PALYA CROSS NEAR MADAPATTANA VILLAGE,3 KMS,12.769537,77.644417,0,0,0.0,0.0
Bengaluru Dist,Jigani PS,1.04422e+16,2020,1,1,Road Accidents,Not Applicable,Rural Areas,Open area,Not Applicable,No,Not Applicable,Not Applicable,Not Applicable,Curve,One way,Bitumen(Tar),Dry,Not Applicable,Cloudy,JIGANI HULIMANGAALA ROAD,0,0,12.78656,77.637851,0,0,0.0,0.0
Bengaluru Dist,Jigani PS,1.04422e+16,2020,1,2,Road Accidents,Junction,City/Town,Near Bus stop,Human Error,No,Grievous Injury,Vehicle to Vehicle,No signal lights,Others,State Highway,Bitumen(Tar),Dry,Not Applicable,Fine,JIGANI INDUSTRIAL AREA,NEAR KEB CIRCLE,2KMS,12.769344,77.622332,0,0,0.0,0.0
Bengaluru Dist,Jigani PS,1.04422e+16,2020,1,1,Road Accidents,Narrow road,Rural Areas,Near a factory industrial area,Human Error,Yes,Fatal,Hit pedestrian,Uncontrolled,Straight and flat,Others,Bitumen(Tar),Others,Not Applicable,Fine,NEAR MYLAN COMPANY CROSS,NEAR MYLAN COMPANY CROSS,2,12.78326,77.647872,0,1,0.0,1.0
Bengaluru Dist,Jigani PS,1.04422e+16,2020,1,1,Road Accidents,Circle,Rural Areas,Near a factory industrial area,Human Error,No,Grievous Injury,Hit pedestrian,Not at  Junction,Straight and flat,Others,Bitumen(Tar),Dry,Not Applicable,Fine,NEAR RICHA GLOBAL COMPANY,NEAR CIPLA COMPANY COMPOUND,2,12.777724,77.625743,0,0,0.0,0.0
Bengaluru Dist,Jigani PS,1.04422e+16,2020,1,3,Road Accidents,Narrow road,Rural Areas,Near School or College,Human Error,No,Fatal,Vehicle to Vehicle,Not at  Junction,Straight and flat,State Highway,Concrete,Dry,Not Applicable,Fine,STATE HIGHWAY 207,NEAR BRINDAVANA SCHOOL,3,12.790652,77.624942,0,0,0.0,0.0
Bengaluru Dist,Jigani PS,1.04422e+16,2020,1,2,Not Applicable,Narrow road,City/Town,Near a factory industrial area,Human Error,Yes,Grievous Injury,Vehicle to Vehicle,Controlled,Curve,Two way,Bitumen(Tar),Dry,No influence on accident,Fine,JIGANI INDUSTRIAL AREA,NEAR TATA ADVANCE COMPANY OPPOSITE,2KMS,12.771182,77.645707,0,0,0.0,0.0
Bengaluru Dist,Jigani PS,1.04422e+16,2020,1,2,Road Accidents,Curves,Rural Areas,Open area,Not Applicable,Not Applicable,Grievous Injury,Vehicle to Vehicle,Not at  Junction,Not Applicable,Others,Bitumen(Tar),Dry,Not Applicable,Others,jigani-hulimangal road,0,0,12.795781,77.623664,0,0,0.0,0.0
Bengaluru Dist,Jigani PS,1.04422e+16,2020,1,2,Road Accidents,Road hump or Rumble strips,Rural Areas,Near a factory industrial area,Human Error,No,Fatal,Vehicle to Vehicle,Give way sign,Others,State Highway,Bitumen(Tar),Dry,Construction Work / Material,Fine,"ANEKAL BGHATTA ROAD,",NEAR BALAJI EXPORTS GRANITES FACTORY,3,12.749142,77.660185,2,0,0.0,2.0
Bengaluru Dist,Jigani PS,1.04422e+16,2020,1,1,Road Accidents,Cross roads,Rural Areas,Near a factory industrial area,Human Error,No,Fatal,Hit pedestrian,Not at  Junction,Straight and flat,State Highway,Bitumen(Tar),Dry,Not Applicable,Fine,"ANEKAL BANNERGHATTA ROAD,",NEAR SIDDI VINAYAKA INDUSTRIAL ESTATE,2,12.776947,77.644943,0,0,0.0,0.0
Bengaluru Dist,Jigani PS,1.04422e+16,2020,1,2,Road Accidents,Narrow road,Rural Areas,Near a factory industrial area,Not Applicable,Not Applicable,Grievous Injury,Vehicle to Vehicle,Not at  Junction,Not Applicable,Not Applicable,Bitumen(Tar),Dry,Not Applicable,Fine,vaddaraplaya-  jigani indristal ariea,0,1,12.776754,77.653037,0,0,0.0,0.0
Bengaluru Dist,Jigani PS,1.04422e+16,2020,1,2,Road Accidents,Curves,Rural Areas,Near a factory industrial area,Human Error,No,Grievous Injury,Vehicle to Vehicle,Not at  Junction,Curve,State Highway,Bitumen(Tar),Dry,Not Applicable,Fine,"NEAR LOTUS HOTEL, HARAPANAHALLI",LOTUS HOTEL,3,12.795169,77.618367,0,0,0.0,0.0