DISTRICTNAME,UNITNAME,Crime_No,Year,RI,Noofvehicle_involved,Accident_Classification,Accident_Spot,Accident_Location,Accident_SubLocation,Main_Cause,Hit_Run,Severity,Collision_Type,Junction_Control,Road_Character,Road_Type,Surface_Type,Surface_Condition,Road_Condition,Weather,Accident_Road,Landmark_first,Distance_LandMark_First,Latitude,Longitude,Road_Condition_Score,Surface_Condition_Score,Surface_Type_Score,Road_Risk_Index
Bengaluru Dist,Jigani PS,1.04422e+16,2020,1,2,Not Applicable,Curves,Rural Areas,Open area,Human Error,No,Grievous Injury,Vehicle to Vehicle,Not Applicable,Curve,Mixed,Bitumen(Tar),Dry,Not Applicable,Fine,JIGANI HAROHALLI MAIN ROAD,NEAR MC RAJANNA BRICK FOCTORY,5KMS,12.759308,77.615243,0,0,0.0,0.0
Bengaluru Dist,Jigani PS,1.04422e+16,2020,1,1,Road Accidents,Narrow road,Rural Areas,Near Hospital,Human Error,No,Grievous Injury,Hit pedestrian,Not at  Junction,Straight and flat,State Highway,Bitumen(Tar),Dry,Not Applicable,Fine,JIGANI BANNERUGATTA MAIN ROAD,NEAR PUBLIC TOILET,1 KM,12.782136,77.6418479,0,0,0.0,0.0
Bengaluru Dist,Jigani PS,1.04422e+16,2020,1,2,Road Accidents,Narrow road,Rural Areas,Near School or College,Not Applicable,Not Applicable,Grievous Injury,Vehicle to Vehicle,Not at  Junction,Not Applicable,One way,Bitumen(Tar),Dry,Not Applicable,Clear,BANNERUGATTA- JIGANI MAIN ROAD,0,0,12.795655,77.617639,0,0,0.0,0.0
Bengaluru Dist,Jigani PS,1.04422e+16,2020,1,2,Road Accidents,Cross roads,Rural Areas,Near a factory industrial area,Not Applicable,Yes,Grievous Injury,Vehicle to Vehicle,Not Applicable,Slight Curve,One way,Bitumen(Tar),Not Applicable,Not Applicable,Fine,JIGANI INDRISTAL  ARIEA,0,0,12.791505,77.657189,0,0,0.0,0.0
Bengaluru Dist,Jigani PS,1.04422e+16,2020,1,2,Road Accidents,Narrow road,Rural Areas,Near a factory industrial area,Human Error,No,Fatal,Vehicle to Vehicle,Not at  Junction,Straight and flat,Two way,Bitumen(Tar),Dry,Not Applicable,Fine,JIGANI INDUL AREA KEB TO HIKEL COMPANY ROAD,NEAR SUDHIR PAPERS COMPANY,2,12.767737,77.645561,0,0,0.0,0.0
Bengaluru Dist,Jigani PS,1.04422e+16,2020,1,1,Road Accidents,Narrow road,Rural Areas,Open area,Not Applicable,Not Applicable,Grievous Injury,Not Applicable,Not Applicable,Not Applicable,State Highway,Bitumen(Tar),Dry,Not Applicable,Fine,jigani bannerugatta road,0,1,12.795066,77.614787,0,0,0.0,0.0
Bengaluru Dist,Jigani PS,1.04422e+16,2020,1,1,Road Accidents,Curves,Rural Areas,Near Petrol Pump,Human Error,No,Fatal,Hit pedestrian,Not Applicable,Curve,State Highway,Bitumen(Tar),Dry,Construction Work / Material,Fine,NEAR HARAPANAHALLI KUMAR ORGANICS COMPANY,NEAR HP PETROL BUNK,2,12.766522,77.640381,2,0,0.0,2.0
Bengaluru Dist,Jigani PS,1.04422e+16,2020,1,2,Road Accidents,Narrow road,Rural Areas,Open area,Human Error,Yes,Fatal,Vehicle to Vehicle,Not at  Junction,Straight and flat,State Highway,Bitumen(Tar),Others,No influence on accident,Fine,ANEKAL BANNERGHATTA MAIN ROAD NEAR MADAPATNA VILLAGE INDIAN OVER SEAS BANK,INDIAN OVER SEAS BANK,3,12.770723,77.649811,0,1,0.0,1.0
Bengaluru Dist,Jigani PS,1.04422e+16,2020,1,1,Road Accidents,Not Applicable,Rural Areas,Near office complex,Not Applicable,Not Applicable,Grievous Injury,Hit pedestrian,Not at  Junction,Not Applicable,Others,Concrete,Dry,Not Applicable,Fine,BANNERUGATTA- JIGANI MAIN ROAD,0,0,12.785425,77.651345,0,0,0.0,0.0
Bengaluru Dist,Jigani PS,1.04422e+16,2020,1,2,Road Accidents,Cross roads,Rural Areas,Near a factory industrial area,Human Error,No,Grievous Injury,Vehicle to Vehicle,Not at  Junction,Straight and flat,Others,Bitumen(Tar),Dry,Not Applicable,Fine,KIADB LINK ROAD,NEAR HCL COMPANY,3,12.779536,77.645,0,0,0.0,0.0
Bengaluru Dist,Jigani PS,1.04422e+16,2020,1,1,Road Accidents,Narrow road,Rural Areas,Open area,Human Error,No,Fatal,Not Applicable,Not Applicable,Not Applicable,Others,Bitumen(Tar),Dry,Not Applicable,Fine,HARAGADDE-NOSENURU MAIN ROAD,IN FRONT OF VIP LAY OUT,5KMS,12.754253,77.647039,0,0,0.0,0.0
Bengaluru Dist,Jigani PS,1.04422e+16,2020,1,2,Road Accidents,Narrow road,Rural Areas,Open area,Human Error,No,Fatal,Vehicle to Vehicle,Not at  Junction,Curve,State Highway,Bitumen(Tar),Dry,Not Applicable,Fine,ANEKAL BANNERGHATTA ROAD NEAR MA VAISHNAVI STONEX INDIA PVT LTD,MA VAISHNAVI STONEX INDIA PVT LTD,3,12.757684,77.65614,0,0,0.0,0.0
Bengaluru Dist,Jigani PS,1.04422e+16,2020,1,2,Road Accidents,Cross roads,Rural Areas,Near Bus stop,Human Error,No,Grievous Injury,Vehicle to Vehicle,Not at  Junction,Curve,State Highway,Bitumen(Tar),Dry,Not Applicable,Fine,207,NEAR THE GRANITE MAHAL GRANITE SHOWROOM,2,12.788605,77.629613,0,0,0.0,0.0
Bengaluru Dist,Jigani PS,1.04422e+16,2020,1,1,Road Accidents,Circle,Rural Areas,Near a factory industrial area,Human Error,No,Grievous Injury,Not Applicable,Uncontrolled,Hump,Feeder Road,Bitumen(Tar),Dry,No influence on accident,Fine,NEAR OMEX CIRCLE,NEAR OMEX CIRCLE,6,12.799049,77.661214,0,0,0.0,0.0
Bengaluru Dist,Jigani PS,1.04422e+16,2020,1,2,Road Accidents,Narrow road,Rural Areas,Open area,Human Error,No,Grievous Injury,Vehicle to Vehicle,Not at  Junction,Others,Mixed,Bitumen(Tar),Dry,Construction Work / Material,Fine,HARAPPANAHALLI-BEGURU ROAD NEAR KOPPA VILLAGE,IN FRONT OF PRABHAKAR REDDY LAND,4 KMS,12.804449,77.644122,2,0,0.0,2.0
Bengaluru Dist,Jigani PS,1.04422e+16,2020,1,1,Road Accidents,Narrow road,Rural Areas,Residential area,Human Error,No,Simple Injury,Hit pedestrian,Not Applicable,Not Applicable,State Highway,Bitumen(Tar),Dry,Not Applicable,Fine,JIGANI ANEKAL MAIN ROAD,NEAR CHANNAKESHAVA SAMUDHAYA BHAVANA HARAGADDE,4KMS,12.765832,77.65358,0,0,0.0,0.0
Bengaluru Dist,Jigani PS,1.04422e+16,2020,1,2,Road Accidents,Junction,City/Town,Near a factory industrial area,Human Error,No,Grievous Injury,Vehicle to Vehicle,No signal lights,Others,Two way,Bitumen(Tar),Dry,Not Applicable,Fine,DOUBLE ROAD JIGANI TOWN,NEAR KAVERI TANK COMPANY,1 KM,12.782545,77.63014,0,0,0.0,0.0
Bengaluru Dist,Jigani PS,1.04422e+16,2020,1,2,Road Accidents,Junction,City/Town,Near a factory industrial area,Human Error,Yes,Damage Only,Vehicle to Vehicle,No signal lights,Curve,Others,Concrete,Dry,Not Applicable,Fine,DOUBLE ROAD JIGANI TOWN,NEAR YK HOSPITAL,2KMS,12.780059,77.634746,0,0,0.0,0.0
Bengaluru Dist,Jigani PS,1.04422e+16,2020,1,1,Road Accidents,Narrow road,City/Town,Near a factory industrial area,Human Error,No,Grievous Injury,Hit pedestrian,Not at  Junction,Others,Others,Concrete,Dry,No influence on accident,Fine,DOUBLE ROAD JIGANI TOWN,FRONT OF  27 TH BMTC  DIPOW JIGANI,2KMS,12.780286,77.633959,0,0,0.0,0.0
Bengaluru Dist,Jigani PS,1.04422e+16,2020,1,2,Road Accidents,Junction,City/Town,Near a factory industrial area,Human Error,No,Fatal,Vehicle to Vehicle,Uncontrolled,Not Applicable,State Highway,Bitumen(Tar),Dry,Not Applicable,Fine,NEAR KEB CIRCLE JIGANI IND AREA,KEB CIRCLE JIGANI IND AREA,02KMS,12.77697,77.645097,0,0,0.0,0.0
Bengaluru Dist,Jigani PS,1.04422e+16,2020,1,1,Road Accidents,Cross roads,Rural Areas,Open area,Vehicle Defect,Not Applicable,Not Applicable,Not Applicable,Not Applicable,Curve,One way,Gravel,Dry,Construction Work / Material,Clear,jigni- tattekkere road,0,0,12.733329,77.600628,2,0,3.0,5.0
Bengaluru Dist,Jigani PS,1.04422e+16,2020,1,2,Road Accidents,Narrow road,Rural Areas,Residential area,Human Error,No,Grievous Injury,Vehicle to Vehicle,Not at  Junction,Curve,State Highway,Bitumen(Tar),Dry,Not Applicable,Fine,ANEKAL BANNERGHATTA ROAD,NEAR MILD STONE LAYOUT GATE,4,12.79101,77.639557,0,0,0.0,0.0
Bengaluru Dist,Jigani PS,1.04422e+16,2020,1,2,Road Accidents,Junction,Rural Areas,Near a factory industrial area,Human Error,No,Grievous Injury,Vehicle to Vehicle,No signal lights,Curve,Two way,Bitumen(Tar),Dry,Not Applicable,Cloudy,JIGANI INDUSTRIAL AREA  VADEARAMANCHANAHALLI CROSS,NEAR SNYDER COMPANY,2KMS,12.771086,77.631585,0,0,0.0,0.0
Bengaluru Dist,Jigani PS,1.04422e+16,2020,1,2,Road Accidents,Curves,Rural Areas,Near or inside a village,Human Error,No,Grievous Injury,Vehicle to Vehicle,Not at  Junction,Curve,Others,Kutcha,Others,Not Applicable,Fine,KADUJAKKANAHALLI,NEAR KADUJAKKANAHALLI LAKE,7,12.750205,77.632631,0,1,4.0,5.0
Bengaluru Dist,Jigani PS,1.04422e+16,2020,1,3,Not Applicable,Narrow road,Rural Areas,Residential area,Human Error,No,Simple Injury,Vehicle to Vehicle,Not at  Junction,Not Applicable,Mixed,Bitumen(Tar),Others,Not Applicable,Fine,JIGANI ANEKAL MAIN ROAD,IN FRONT OF JAIMATA WAIGH BRIDGE,3 KMS,12.783699,77.642679,0,1,0.0,1.0
Bengaluru Dist,Jigani PS,1.04422e+16,2020,1,2,Road Accidents,Narrow road,City/Town,Open area,Human Error,No,Grievous Injury,Vehicle to Vehicle,Not at  Junction,Others,Mixed,Bitumen(Tar),Dry,Not Applicable,Fine,JIGANI INDUSTRIAL AREA  VADEARAMANCHANAHALLI CROSS,IN FRONT OF ANAND SWEETS,2KMS,12.773943,77.641205,0,0,0.0,0.0
Bengaluru Dist,Jigani PS,1.04422e+16,2020,1,2,Road Accidents,Circle,Rural Areas,Near Hospital,Not Applicable,Not Applicable,Grievous Injury,Vehicle to Vehicle,Not at  Junction,Not Applicable,One way,Bitumen(Tar),Dry,Not Applicable,Fine,jigani-bommasandra   link road,0,1,12.779488,77.645017,0,0,0.0,0.0
Bengaluru Dist,Jigani PS,1.04422e+16,2020,1,1,Road Accidents,Road hump or Rumble strips,Rural Areas,Near a factory industrial area,Human Error,No,Grievous Injury,Not Applicable,Not at  Junction,Hump,Others,Bitumen(Tar),Ditch or Potholed,Not Applicable,Fine,NEAR OMEX CIRCLE,NEAR SANDAR COMPANY,6,12.799024,77.661153,0,5,0.0,5.0
Bengaluru Dist,Jigani PS,1.04422e+16,2020,1,2,Road Accidents,Narrow road,Rural Areas,Open area,Human Error,No,Grievous Injury,Vehicle to Vehicle,Not at  Junction,Others,Two way,Bitumen(Tar),Dry,No influence on accident,Fine,JIGANI HAROHALLI MAIN ROAD,IN FRONT OF MURUDESHWARA GRANITE,3 KMS,12.772604,77.627591,0,0,0.0,0.0
Bengaluru Dist,Jigani PS,1.04422e+16,2021,1,1,Road Accidents,Road hump or Rumble strips,Rural Areas,Residential area,Human Error,Yes,Grievous Injury,Not Applicable,Not at  Junction,Straight and flat,Service Road,Bitumen(Tar),Dry,Not Applicable,Fine,ITINANAGARA ROAD JIGANI TOWN,NEAR WEIGH BRIDGE,2,12.776382,77.674057,0,0,0.0,0.0
Bengaluru Dist,Jigani PS,1.04422e+16,2021,1,2,Road Accidents,Cross roads,Rural Areas,Near a factory industrial area,Human Error,No,Grievous Injury,Vehicle to Vehicle,Controlled,Straight and flat,Feeder Road,Bitumen(Tar),Dry,Not Applicable,Fine,JB LINK ROAD MARUTI NAGARA,MARUTI NAGARA SUNRICE COMPANY,3,12.792511,77.658297,0,0,0.0,0.0
Bengaluru Dist,Jigani PS,1.04422e+16,2021,1,2,Road Accidents,Narrow road,City/Town,Near Hospital,Human Error,No,Grievous Injury,Vehicle to Vehicle,Not at  Junction,Straight and flat,Others,Bitumen(Tar),Dry,Not Applicable,Clear,Anekal - Bannerughatta Road,Near Govt Hospital,01 KM,12.78373,77.639122,0,0,0.0,0.0
Bengaluru Dist,Jigani PS,1.04422e+16,2021,1,2,Road Accidents,Not Applicable,City/Town,Open area,Human Error,Yes,Grievous Injury,Vehicle to Vehicle,Not at  Junction,Straight and flat,State Highway,Bitumen(Tar),Dry,Not Applicable,Clear,Anekal - Bannerughatta Road,Near Victori Alluminium company,02 KM,12.751465,77.658242,0,0,0.0,0.0
Bengaluru Dist,Jigani PS,1.04422e+16,2021,1,2,Road Accidents,Narrow road,Rural Areas,Narrow bridge or culverts,Human Error,No,Fatal,Vehicle to Vehicle,Not at  Junction,Slight Curve,State Highway,Bitumen(Tar),Dry,No influence on accident,Fine,ANEKAL BANNERGHATTA ROAD NEAR MRF TYRE SHOWROOM,NEAR MRF TYRE SHOWROOM HARAGADDE,3,12.769766,77.651851,0,0,0.0,0.0
Bengaluru Dist,Jigani PS,1.04422e+16,2021,1,2,Road Accidents,Junction,Rural Areas,Near a factory industrial area,Human Error,No,Grievous Injury,Vehicle to Vehicle,No signal lights,Straight and flat,Others,Bitumen(Tar),Dry,Not Applicable,Fine,OMEX CIRCLE,NEAR SANDAR AND SHOBHA RESTOPLUS COMPANY,6,12.798447,77.661005,0,0,0.0,0.0
Bengaluru Dist,Jigani PS,1.04422e+16,2021,1,2,Road Accidents,Narrow road,Rural Areas,Near a factory industrial area,Human Error,No,Fatal,Vehicle to Vehicle,Not Applicable,Straight and flat,Feeder Road,Bitumen(Tar),Dry,No influence on accident,Fine,JB LINK ROAD NEAR MYLAN COMPANY,NEAR MYLAN COMPANY,3,12.79528,77.660806,0,0,0.0,0.0
Bengaluru Dist,Jigani PS,1.04422e+16,2021,1,2,Road Accidents,Circle,Rural Areas,Near Hospital,Human Error,No,Simple Injury,Vehicle to Vehicle,Controlled,Straight and flat,Others,Bitumen(Tar),Dry,Not Applicable,Fine,AP C CIRCLE,APC CIRCLE,2,12.794328,77.653287,0,0,0.0,0.0
Bengaluru Dist,Jigani PS,1.04422e+16,2021,1,2,Road Accidents,Curves,Rural Areas,Near Petrol Pump,Human Error,No,Fatal,Vehicle to Vehicle,Not at  Junction,Sharp Curve,Feeder Road,Bitumen(Tar),Dry,Not Applicable,Fine,JB LINK ROAD NEAR INDIAN OIL PETROL BUNK,JB LINK ROAD NEAR INDIAN OIL PETROL BUNK,1,12.77938,77.645099,0,0,0.0,0.0
Bengaluru Dist,Jigani PS,1.04422e+16,2021,1,2,Road Accidents,Not Applicable,City/Town,Near a factory industrial area,Human Error,No,Grievous Injury,Vehicle to Vehicle,Not at  Junction,Straight and flat,Others,Bitumen(Tar),Dry,Not Applicable,Clear,Bommasandra - Jigani Link Road,Near Indian Oil Petrol Pump,01 Km,12.779788,77.646356,0,0,0.0,0.0
Bengaluru Dist,Jigani PS,1.04422e+16,2021,1,1,Road Accidents,Narrow road,City/Town,Near a factory industrial area,Human Error,No,Grievous Injury,Hit pedestrian,Not at  Junction,Not Applicable,One way,Bitumen(Tar),Dry,No influence on accident,Fine,JIGANI- BOMMASANDRA LINK ROAD,0,4 KMS,12.787752,77.649274,0,0,0.0,0.0
Bengaluru Dist,Jigani PS,1.04422e+16,2021,1,2,Road Accidents,Cross roads,Rural Areas,Near a factory industrial area,Human Error,No,Grievous Injury,Vehicle to Vehicle,Uncontrolled,Straight and flat,Two way,Bitumen(Tar),Dry,No influence on accident,Fine,JIGANI INDUSTRIAL AREA,NEAR VEEROMETAL COMPANY,3,12.767003,77.644872,0,0,0.0,0.0
Bengaluru Dist,Jigani PS,1.04422e+16,2021,1,1,Road Accidents,Narrow road,Rural Areas,Near a factory industrial area,Human Error,No,Grievous Injury,Hit pedestrian,Uncontrolled,Straight and flat,Feeder Road,Bitumen(Tar),Dry,No influence on accident,Fine,NEAR KOKOREKO BIRYANI HOTEL,NEAR SHAKTHI WEIGH BRIDGE,2,12.786622,77.629388,0,0,0.0,0.0
Bengaluru Dist,Jigani PS,1.04422e+16,2021,1,1,Road Accidents,Narrow road,Rural Areas,Near a factory industrial area,Human Error,No,Simple Injury,Hit pedestrian,Uncontrolled,Straight and flat,Others,Bitumen(Tar),Dry,Not Applicable,Fine,NEAR ANAND SWEETS COMPANY,NEAR ANAND SWEETS,2,12.772019,77.6416549,0,0,0.0,0.0
Bengaluru Dist,Jigani PS,1.04422e+16,2021,1,1,Road Accidents,Not Applicable,Rural Areas,Near School or College,Human Error,No,Fatal,Hit pedestrian,Uncontrolled,Straight and flat,Residential Street,Concrete,Dry,No influence on accident,Fine,NEAR BSN SCHOOL KUNTLAREDDY LAYOUT JIGANI,NEAR BSN SCHOOL,1,12.762028,77.6443,0,0,0.0,0.0
Bengaluru Dist,Jigani PS,1.04422e+16,2021,1,1,Road Accidents,Road hump or Rumble strips,Rural Areas,Near a factory industrial area,Human Error,No,Grievous Injury,Not Applicable,Uncontrolled,Straight and flat,Feeder Road,Bitumen(Tar),Dry,No influence on accident,Fine,JB LINK ROAD NEAR HONDA SHOWROOM,HONDASHOWROOM,2,12.780838,77.645933,0,0,0.0,0.0
Bengaluru Dist,Jigani PS,1.04422e+16,2021,1,2,Road Accidents,Not Applicable,Rural Areas,Near a factory industrial area,Human Error,Yes,Fatal,Vehicle to Vehicle,Not at  Junction,Straight and flat,Others,Bitumen(Tar),Dry,Not Applicable,Clear,Other Road,Near Shanimahathma Temple,04 KM,12.769198,77.645054,0,0,0.0,0.0
Bengaluru Dist,Jigani PS,1.04422e+16,2021,1,1,Road Accidents,Curves,Rural Areas,Near Petrol Pump,Human Error,No,Fatal,Hit pedestrian,Uncontrolled,Curve,Feeder Road,Bitumen(Tar),Dry,No influence on accident,Fine,KOPPA BEGUR ROAD,NEAR MUNESHWARA TEMPLE,4,12.788388,77.6229859,0,0,0.0,0.0
Bengaluru Dist,Jigani PS,1.04422e+16,2021,1,1,Road Accidents,Narrow road,Rural Areas,Near a factory industrial area,Human Error,No,Grievous Injury,Hit pedestrian,Not at  Junction,Straight and flat,Feeder Road,Bitumen(Tar),Dry,No influence on accident,Fine,NEAR GCI AND PERFECT GRANITES SHOWROOM,NEAR GCI AND PERFECT GRANITES SHOWROOM,3,12.783648,77.635399,0,0,0.0,0.0
Bengaluru Dist,Jigani PS,1.04422e+16,2021,1,2,Road Accidents,Narrow road,City/Town,Near a factory industrial area,Human Error,No,Grievous Injury,Vehicle to Vehicle,Not at  Junction,Others,Others,Bitumen(Tar),Dry,Not Applicable,Clear,Jigani - Bannerughatta Road,In front of Life Style Company,2 KM,12.787916,77.641453,0,0,0.0,0.0
Bengaluru Dist,Jigani PS,1.04422e+16,2021,1,2,Road Accidents,Narrow road,Rural Areas,Near a factory industrial area,Human Error,No,Damage Only,Vehicle to Vehicle,Not at  Junction,Straight and flat,Feeder Road,Bitumen(Tar),Dry,Pot holed,Fine,NEAR SUNSHINE CORUGRATED COMPANY,NEAR MATIC AND SAB ENGINEERING COMP,2,12.773206,77.632448,5,0,0.0,5.0
Bengaluru Dist,Jigani PS,1.04422e+16,2021,1,2,Road Accidents,Cross roads,Rural Areas,Near a factory industrial area,Human Error,No,Fatal,Vehicle to Vehicle,Uncontrolled,Straight and flat,Feeder Road,Bitumen(Tar),Dry,Not Applicable,Fine,JB LINK ROAD DOUBLE ROAD,NEAR SHAKTHI WEIGH BRIDGE,2,12.779107,77.642592,0,0,0.0,0.0
Bengaluru Dist,Jigani PS,1.04422e+16,2021,1,1,Road Accidents,Not Applicable,Rural Areas,Near a factory industrial area,Human Error,No,Grievous Injury,Hit pedestrian,Not at  Junction,Straight and flat,Others,Bitumen(Tar),Dry,Not Applicable,Fine,PRATHAP SNACKERS PVT LTD,PRATHAP SNACKERS PVT LTD,5,12.79876,77.664772,0,0,0.0,0.0
Bengaluru Dist,Jigani PS,1.04422e+16,2021,1,2,Road Accidents,Cross roads,Rural Areas,Near a factory industrial area,Human Error,Yes,Grievous Injury,Vehicle to Vehicle,Uncontrolled,Straight and flat,Feeder Road,Bitumen(Tar),Dry,Not Applicable,Fine,NEAR HCL COMPANY U TURN,NEAR HCL COMPANY U TURN,2,12.786588,77.652682,0,0,0.0,0.0
Bengaluru Dist,Jigani PS,1.04422e+16,2021,1,1,Road Accidents,Cross roads,Rural Areas,Near a factory industrial area,Human Error,No,Fatal,Not Applicable,Not Applicable,Straight and flat,Others,Bitumen(Tar),Dry,No influence on accident,Fine,"JIGANI BOMMASANDRA LINK ROAD, NEAR CIPLA COMPANY CIRCLE,",NEAR CIPLA COMPANY CROSS,2,12.78571,77.651683,0,0,0.0,0.0
Bengaluru Dist,Jigani PS,1.04422e+16,2021,1,1,Road Accidents,Narrow road,Rural Areas,Near a factory industrial area,Human Error,No,Grievous Injury,Hit pedestrian,Not at  Junction,Straight and flat,Feeder Road,Bitumen(Tar),Dry,Not Applicable,Fine,NEAR NAVAKAR GRANITES SHOWROOM,NEAR KARAGADAMMA TEMPLE JB LINK ROAD,3,12.779521,77.636071,0,0,0.0,0.0
Bengaluru Dist,Jigani PS,1.04422e+16,2021,1,2,Road Accidents,Cross roads,Rural Areas,Near a recreation place/cinema,Human Error,Yes,Grievous Injury,Vehicle to Vehicle,Uncontrolled,Straight and flat,Residential Street,Bitumen(Tar),Dry,No influence on accident,Fine,NEAR APNA ANGAN LAYOUT,NEAR APNA ANGAN LAYOUT,5,12.768899,77.663864,0,0,0.0,0.0
Bengaluru Dist,Jigani PS,1.04422e+16,2021,1,2,Road Accidents,Narrow road,Rural Areas,Near Petrol Pump,Human Error,Yes,Simple Injury,Vehicle to Vehicle,Not at  Junction,Straight and flat,Feeder Road,Bitumen(Tar),Dry,Not Applicable,Fine,JB LINK ROAD NEAR JIGANI SHANKAR PETROL BUNK,NEAR JIGANI SHANKAR PETROL BUNK,3,12.781032,77.642167,0,0,0.0,0.0
Bengaluru Dist,Jigani PS,1.04422e+16,2021,1,2,Road Accidents,Rail Crossing Unmanned,Rural Areas,Near a factory industrial area,Human Error,No,Grievous Injury,Vehicle to Vehicle,Uncontrolled,Straight and flat,Feeder Road,Bitumen(Tar),Dry,No influence on accident,Fine,OMEX CIRCLE,NEAR OMEX CIRCLE,4,12.797399,77.649091,0,0,0.0,0.0
Bengaluru Dist,Jigani PS,1.04422e+16,2021,1,2,Road Accidents,Circle,Rural Areas,Open area,Human Error,Yes,Grievous Injury,Vehicle to Vehicle,Controlled,Straight and flat,Mixed,Bitumen(Tar),Dry,No influence on accident,Fine,NEAR APC CIRCLE JIGANI,NEAR VIJAYASHREE HOSPITAL,1,12.778912,77.643997,0,0,0.0,0.0
Bengaluru Dist,Jigani PS,1.04422e+16,2021,1,2,Road Accidents,Cross roads,Rural Areas,Near a factory industrial area,Human Error,No,Simple Injury,Vehicle to Vehicle,Uncontrolled,Straight and flat,Service Road,Bitumen(Tar),Dry,Not Applicable,Fine,Y K HOSPITAL ROAD NEAR APC COMPANY,Y K HOSPITAL ROAD NEAR APC COMPANY,2,12.776814,77.633634,0,0,0.0,0.0
Bengaluru Dist,Jigani PS,1.04422e+16,2021,1,2,Road Accidents,Narrow road,Rural Areas,Residential area,Human Error,No,Grievous Injury,Vehicle to Vehicle,Not at  Junction,Straight and flat,State Highway,Bitumen(Tar),Dry,Not Applicable,Fine,"ANEKAL JIGANI MAIN ROAD,",NEAR KUMBARANAHALLI VILLAGE,5,12.757104,77.656714,0,0,0.0,0.0
Bengaluru Dist,Jigani PS,1.04422e+16,2021,1,2,Road Accidents,Not Applicable,City/Town,Near a factory industrial area,Human Error,No,Fatal,Vehicle to Vehicle,Not at  Junction,Straight and flat,Others,Bitumen(Tar),Dry,Not Applicable,Clear,Jigani - Bommasandra Link Road,Near HCL Gate,04 KM,12.785525,77.651327,0,0,0.0,0.0
Bengaluru Dist,Jigani PS,1.04422e+16,2021,1,2,Road Accidents,Cross roads,Rural Areas,Near a factory industrial area,Human Error,No,Grievous Injury,Vehicle to Vehicle,Uncontrolled,Hump,Others,Bitumen(Tar),Dry,Not Applicable,Fine,OMEX CIRCLE,OMEX CIRCLE,4,12.798861,77.661816,0,0,0.0,0.0
Bengaluru Dist,Jigani PS,1.04422e+16,2022,1,2,Road Accidents,Cross roads,Rural Areas,Near a factory industrial area,Human Error,No,Fatal,Vehicle to Vehicle,Not at  Junction,Straight and flat,Feeder Road,Bitumen(Tar),Dry,No influence on accident,Fine,NEAR ASHIRWAD PIPES COMPANY,NEAR ASHIRWAD PIPES U TRUN,2,12.786628,77.653006,0,0,0.0,0.0
Bengaluru Dist,Jigani PS,1.04422e+16,2022,1,2,Road Accidents,Cross roads,Rural Areas,Near a factory industrial area,Human Error,No,Damage Only,Vehicle to Vehicle,No signal lights,Straight and flat,Feeder Road,Bitumen(Tar),Dry,Not Applicable,Fine,JB LINK ROAD NEAR HCL COMPANY DLF CROSS,NEAR BANSAL PRECISSION FORGE COMPANY,2,12.787627,77.667743,0,0,0.0,0.0
Bengaluru Dist,Jigani PS,1.04422e+16,2022,1,2,Road Accidents,Cross roads,Rural Areas,Near a factory industrial area,Human Error,No,Grievous Injury,Vehicle to Vehicle,Uncontrolled,Straight and flat,Feeder Road,Bitumen(Tar),Dry,Not Applicable,Fine,JB LINK ROAD NEAR OMEX CIRCLE,OMEX CIRCLE,4,0.0,0.0,0,0,0.0,0.0
Bengaluru Dist,Jigani PS,1.04422e+16,2022,1,2,Road Accidents,Narrow road,Rural Areas,Open area,Human Error,Yes,Grievous Injury,Vehicle to Vehicle,Uncontrolled,Straight and flat,State Highway,Bitumen(Tar),Dry,Not Applicable,Fine,ANEKAL BANNERGHATTA MAIN ROAD,HARAPANAHALLI CIRCLE,3,12.772403,77.650029,0,0,0.0,0.0
Bengaluru Dist,Jigani PS,1.04422e+16,2022,1,2,Road Accidents,Junction,City/Town,Near a factory industrial area,Human Error,No,Fatal,Vehicle to Vehicle,No signal lights,Straight and flat,Others,Bitumen(Tar),Dry,Not Applicable,Clear,Other Road,Near Schneider Company,01 KM,12.77355,77.639601,0,0,0.0,0.0
Bengaluru Dist,Jigani PS,1.04422e+16,2022,1,2,Road Accidents,Cross roads,Rural Areas,Near a factory industrial area,Human Error,Yes,Grievous Injury,Vehicle to Vehicle,Uncontrolled,Straight and flat,Feeder Road,Bitumen(Tar),Dry,Not Applicable,Fine,NEAR OTIS CIRCLE,OTIS CIRCLE,2,0.0,0.0,0,0,0.0,0.0
Bengaluru Dist,Jigani PS,1.04422e+16,2022,1,2,Road Accidents,Junction,Rural Areas,Near Bus stop,Human Error,No,Grievous Injury,Vehicle to Vehicle,Not at  Junction,Straight and flat,Feeder Road,Bitumen(Tar),Dry,No influence on accident,Fine,JB LINK ROAD NEAR MARUTHI NAGARA,SUNSHINE COMPANY,3,0.0,0.0,0,0,0.0,0.0
Bengaluru Dist,Jigani PS,1.04422e+16,2022,1,2,Road Accidents,Narrow road,Rural Areas,Open area,Human Error,No,Damage Only,Vehicle to Vehicle,No signal lights,Not Applicable,Two way,Bitumen(Tar),Dry,No influence on accident,Clear,NEAR KALLUBALU CROSS,IN FRONT OF MURWESHWARA COMPNY,4 KMS,12.787342,77.64416,0,0,0.0,0.0
Bengaluru Dist,Jigani PS,1.04422e+16,2022,1,1,Road Accidents,Narrow road,Rural Areas,Near Bus stop,Human Error,Yes,Grievous Injury,Hit pedestrian,Uncontrolled,Straight and flat,State Highway,Bitumen(Tar),Dry,Not Applicable,Fine,ANEKAL BANNERGHATTA ROAD,NEAR KOPPA GATE,4,12.775195,77.64839,0,0,0.0,0.0
Bengaluru Dist,Jigani PS,1.04422e+16,2022,1,1,Road Accidents,Narrow road,Rural Areas,Near a factory industrial area,Human Error,No,Grievous Injury,Hit pedestrian,Not at  Junction,Straight and flat,Feeder Road,Bitumen(Tar),Dry,No influence on accident,Fine,JB LINK ROAD NEAR SLV MRP BAR,NEAR SLV MRP BAR,2,12.783187,77.639108,0,0,0.0,0.0