DISTRICTNAME,UNITNAME,Crime_No,Year,RI,Noofvehicle_involved,Accident_Classification,Accident_Spot,Accident_Location,Accident_SubLocation,Main_Cause,Hit_Run,Severity,Collision_Type,Junction_Control,Road_Character,Road_Type,Surface_Type,Surface_Condition,Road_Condition,Weather,Accident_Road,Landmark_first,Distance_LandMark_First,Latitude,Longitude,Road_Condition_Score,Surface_Condition_Score,Surface_Type_Score,Road_Risk_Index
Bengaluru Dist,Madanayakanahally PS,1.04422e+16,2016,1,2,Road Accidents,Narrow road,Rural Areas,Open area,Human Error,Yes,Grievous Injury,Hit and Run,Controlled,Not Applicable,Others,Not Applicable,Not Applicable,No influence on accident,Clear,OTHER,near rashi residency,50 MTR,0.0,0.0,0,0,0.0,0.0
Bengaluru Dist,Madanayakanahally PS,1.04422e+16,2016,1,2,Road Accidents,Offset,City/Town,Open area,Human Error,No,Grievous Injury,Others,Not at  Junction,Others,Service Road,Bitumen(Tar),Not Applicable,Not Applicable,Others,MAGADI BLR MAIN ROAD,NEAR MACHOHALLI GATE,12,0.0,0.0,0,0,0.0,0.0
Bengaluru Dist,Madanayakanahally PS,1.04422e+16,2016,1,2,Road Accidents,Other,City/Town,Near or inside a village,Human Error,No,Grievous Injury,Others,Not at  Junction,Others,Village Road,Bitumen(Tar),Not Applicable,Not Applicable,Others,MNHALLI LAKSHMIPURA MAIN ROAD,OPPT SAIRANGANATHA HARDWARE SHOP,2,0.0,0.0,0,0,0.0,0.0
Bengaluru Dist,Madanayakanahally PS,1.04422e+16,2016,1,2,Road Accidents,Other,City/Town,Near office complex,Human Error,Yes,Damage Only,Others,Not at  Junction,Not Applicable,Village Road,Bitumen(Tar),Not Applicable,Not Applicable,Others,HEGGADADEVANAPURA NH-4 ROAD TO HUSKURU ROAD,OPPT NSIR COMPANY,6,0.0,0.0,0,0,0.0,0.0
Bengaluru Dist,Madanayakanahally PS,1.04422e+16,2016,1,2,Road Accidents,Other,Villages settlement,Near office complex,Human Error,No,Grievous Injury,Others,Not at  Junction,Others,Village Road,Bitumen(Tar),Not Applicable,Not Applicable,Others,SIGEHALLI GATE,NEAR SB ARTIST STICKER CUTTING SHOP,13,0.0,0.0,0,0,0.0,0.0
Bengaluru Dist,Madanayakanahally PS,1.04422e+16,2016,1,1,Road Accidents,Not Applicable,Rural Areas,Open area,Human Error,No,Grievous Injury,Others,Not Applicable,Others,NH,Bitumen(Tar),Dry,Not Applicable,Clear,NEAR MADANAYAKANAHALLI,NH4,05 KMS,0.0,0.0,0,0,0.0,0.0
Bengaluru Dist,Madanayakanahally PS,1.04422e+16,2016,1,2,Road Accidents,Other,Rural Areas,Near Bus stop,Human Error,Yes,Grievous Injury,Hit and Run,Not Applicable,Not Applicable,NH,Bitumen(Tar),Dry,Not Applicable,Fine,RURAL AREAS,TCI,02 KM,0.0,0.0,0,0,0.0,0.0
Bengaluru Dist,Madanayakanahally PS,1.04422e+16,2016,1,1,Road Accidents,Other,City/Town,Near or inside a village,Human Error,No,Grievous Injury,Others,Not at  Junction,Others,Village Road,Bitumen(Tar),Not Applicable,Not Applicable,Others,MAGADI ROAD TO MNHALLI TUM ROAD,NEAR VILLAGE,13,0.0,0.0,0,0,0.0,0.0
Bengaluru Dist,Madanayakanahally PS,1.04422e+16,2016,1,1,Road Accidents,Cross roads,Rural Areas,Near Bus stop,Human Error,No,Fatal,Hit pedestrian,Not at  Junction,Not Applicable,NH,Bitumen(Tar),Dry,No influence on accident,Fine,Bengaluru-Tumakuru NH-4 express Highway,Near Bus stop,4 km,0.0,0.0,0,0,0.0,0.0
Bengaluru Dist,Madanayakanahally PS,1.04422e+16,2016,1,2,Road Accidents,Not Applicable,Villages settlement,Near or inside a village,Vehicle Defect,No,Damage Only,Not Applicable,Not Applicable,Incline,Expressway,Not Applicable,Dry,Not Applicable,Not Applicable,BENGALORE TO TUMKUR NH 4 EXPRESS ROAD MAKALI,NH 4 NEAR HIMALAYA DRUG,3,0.0,0.0,0,0,0.0,0.0
Bengaluru Dist,Madanayakanahally PS,1.04422e+16,2016,1,2,Road Accidents,Other,City/Town,Near Bus stop,Human Error,Yes,Grievous Injury,Others,Uncontrolled,Others,NH,Bitumen(Tar),Others,Not Applicable,Light Rain,NH4 express road,Bus stop,6 km,0.0,0.0,0,1,0.0,1.0
Bengaluru Dist,Madanayakanahally PS,1.04422e+16,2016,1,3,Road Accidents,Other,City/Town,Near Bus stop,Human Error,Yes,Damage Only,Others,Uncontrolled,Not Applicable,NH,Bitumen(Tar),Dry,Not Applicable,Others,NH4 express road,near Madanayakanahalli bus stand,200mtr,0.0,0.0,0,0,0.0,0.0
Bengaluru Dist,Madanayakanahally PS,1.04422e+16,2016,1,2,Road Accidents,Narrow road,City/Town,Near Bus stop,Human Error,No,Grievous Injury,Head on,Controlled,Not Applicable,NH,Not Applicable,Not Applicable,No influence on accident,Clear,NH,NEAR USHA GODOWN,50 FT,0.0,0.0,0,0,0.0,0.0
Bengaluru Dist,Madanayakanahally PS,1.04422e+16,2016,1,2,Road Accidents,Not Applicable,Rural Areas,Open area,Human Error,No,Fatal,Others,Not at  Junction,Others,Village Road,Bitumen(Tar),Dry,No influence on accident,Clear,VILLAGE ROAD,WINE SHOP,50 FT,0.0,0.0,0,0,0.0,0.0
Bengaluru Dist,Madanayakanahally PS,1.04422e+16,2016,1,1,Road Accidents,Other,Villages settlement,Near Bus stop,Human Error,No,Fatal,Others,Not Applicable,Others,NH,Bitumen(Tar),Dry,No influence on accident,Clear,National Highway,BUS STOP,12 ft,0.0,0.0,0,0,0.0,0.0
Bengaluru Dist,Madanayakanahally PS,1.04422e+16,2016,1,2,Road Accidents,Other,Rural Areas,Near Bus stop,Human Error,No,Grievous Injury,Others,Not at  Junction,Others,State Highway,Bitumen(Tar),Dry,No influence on accident,Clear,Magadi Road,BUS STOP,50 mtr,0.0,0.0,0,0,0.0,0.0
Bengaluru Dist,Madanayakanahally PS,1.04422e+16,2016,1,1,Road Accidents,Narrow road,Rural Areas,Residential area,Human Error,Yes,Grievous Injury,Others,Not Applicable,Not Applicable,Others,Not Applicable,Not Applicable,No influence on accident,Clear,Byandahalli-Kittanahalli Road,Near Byandahalli,12 Km,0.0,0.0,0,0,0.0,0.0
Bengaluru Dist,Madanayakanahally PS,1.04422e+16,2016,1,1,Road Accidents,Narrow road,Rural Areas,Residential area,Human Error,No,Fatal,Side swipe,Not at  Junction,Not Applicable,Village Road,Bitumen(Tar),Dry,No influence on accident,Others,Kenganahalli-Ravutthanahalli Road,Near Factory,7 km,0.0,0.0,0,0,0.0,0.0
Bengaluru Dist,Madanayakanahally PS,1.04422e+16,2016,1,1,Road Accidents,Other,Rural Areas,Near or inside a village,Human Error,No,Simple Injury,Others,Uncontrolled,Not Applicable,Village Road,Bitumen(Tar),Not Applicable,Not Applicable,Very Cold,other road,Heggadadevanapura road,4 km,0.0,0.0,0,0,0.0,0.0
Bengaluru Dist,Madanayakanahally PS,1.04422e+16,2016,1,1,Road Accidents,Other,Rural Areas,Near or inside a village,Human Error,No,Simple Injury,Skidding or Self accident,Not Applicable,Not Applicable,Village Road,Bitumen(Tar),Dry,Not Applicable,Fine,RURAL AREAS,GOUDA HALLI,05 KMS,0.0,0.0,0,0,0.0,0.0
Bengaluru Dist,Madanayakanahally PS,1.04422e+16,2016,1,1,Road Accidents,Junction,Rural Areas,Open area,Vehicle Defect,No,Damage Only,Skidding or Self accident,Not at  Junction,Not Applicable,Village Road,Bitumen(Tar),Not Applicable,Not Applicable,Very Cold,other road,nice road toll madavara,5 km,0.0,0.0,0,0,0.0,0.0
Bengaluru Dist,Madanayakanahally PS,1.04422e+16,2016,1,2,Road Accidents,Other,Rural Areas,Near Bus stop,Human Error,No,Fatal,Hit parked vehicle,Not at  Junction,Others,NH,Bitumen(Tar),Dry,No influence on accident,Clear,National Highway,BUS STOP,5 FT,0.0,0.0,0,0,0.0,0.0
Bengaluru Dist,Madanayakanahally PS,1.04422e+16,2016,1,2,Road Accidents,Cross roads,City/Town,Near Bus stop,Vehicle Defect,Yes,Damage Only,Hit and Run,Police / Manual,Not Applicable,Service Road,Bitumen(Tar),Others,Not Applicable,Very Cold,service road,near under pass,2 km,0.0,0.0,0,1,0.0,1.0
Bengaluru Dist,Madanayakanahally PS,1.04422e+16,2016,1,2,Road Accidents,Narrow road,Rural Areas,Near or inside a village,Human Error,No,Fatal,Rear end,Not at  Junction,Others,Minor District Road,Bitumen(Tar),Dry,No influence on accident,Cloudy,MAKALI-HUSKUR ROAD,NEAR HOTEL BINDU SHRI,300 FT,0.0,0.0,0,0,0.0,0.0
Bengaluru Dist,Madanayakanahally PS,1.04422e+16,2016,1,2,Road Accidents,Other,Rural Areas,Near Bus stop,Human Error,No,Grievous Injury,Others,Uncontrolled,Others,Village Road,Bitumen(Tar),Wet,Not Applicable,Light Rain,village road,Huskuru gate,7 km,0.0,0.0,0,3,0.0,3.0
Bengaluru Dist,Madanayakanahally PS,1.04422e+16,2016,1,2,Road Accidents,Road hump or Rumble strips,Rural Areas,Open area,Human Error,No,Grievous Injury,Others,Not Applicable,Others,Expressway,Bitumen(Tar),Dry,Not Applicable,Cloudy,NEAR MADAVARA TOLL,MADAVARA NICE ROAD,4 KMS,0.0,0.0,0,0,0.0,0.0
Bengaluru Dist,Madanayakanahally PS,1.04422e+16,2016,1,1,Road Accidents,Other,Villages settlement,Open area,Human Error,Yes,Grievous Injury,Others,Not Applicable,Not Applicable,Village Road,Bitumen(Tar),Dry,Not Applicable,Clear,NEAR FRINDS CHIKKAN STALL,CHIKKABIDARAKALLU,5KMS,0.0,0.0,0,0,0.0,0.0
Bengaluru Dist,Madanayakanahally PS,1.04422e+16,2016,1,2,Road Accidents,Narrow road,Rural Areas,Open area,Human Error,No,Grievous Injury,Head on,Controlled,Not Applicable,State Highway,Not Applicable,Not Applicable,No influence on accident,Clear,STATE HIGHWAY,NEAR KADABAGERE CROSS,20 FT,0.0,0.0,0,0,0.0,0.0
Bengaluru Dist,Madanayakanahally PS,1.04422e+16,2016,1,2,Road Accidents,Other,Villages settlement,Near Bus stop,Human Error,No,Grievous Injury,Others,Not at  Junction,Not Applicable,State Highway,Bitumen(Tar),Dry,No influence on accident,Clear,MAGADI MAIN ROAD,BUS STOP,100 FT,0.0,0.0,0,0,0.0,0.0
Bengaluru Dist,Madanayakanahally PS,1.04422e+16,2016,1,1,Road Accidents,Narrow road,Rural Areas,Near Bus stop,Human Error,No,Grievous Injury,Hit and Run,Controlled,Not Applicable,NH,Not Applicable,Not Applicable,No influence on accident,Clear,NH,MAKALLI BUSSTOP,50 MTS,0.0,0.0,0,0,0.0,0.0
Bengaluru Dist,Madanayakanahally PS,1.04422e+16,2016,1,1,Road Accidents,Other,City/Town,Near a religious place,Human Error,No,Damage Only,Others,Not at  Junction,Not Applicable,Village Road,Bitumen(Tar),Not Applicable,Not Applicable,Others,"NLM TAVAREKERE MAIN ROAD, SONDEKOPPA",NEAR LAKSHMI TEMPLE,12,0.0,0.0,0,0,0.0,0.0
Bengaluru Dist,Madanayakanahally PS,1.04422e+16,2017,1,2,Road Accidents,Other,Villages settlement,Near a religious place,Human Error,No,Simple Injury,Head on,Not Applicable,Others,Village Road,Bitumen(Tar),Dry,No influence on accident,Others,Lakshmipura Road,TEMPLE,50 FT,0.0,0.0,0,0,0.0,0.0
Bengaluru Dist,Madanayakanahally PS,1.04422e+16,2017,1,3,Road Accidents,Narrow road,Rural Areas,Residential area,Human Error,No,Damage Only,Others,Not Applicable,Not Applicable,Village Road,Bitumen(Tar),Dry,No influence on accident,Fine,M.N.halli - Siddanahosahalli Road,Near Maramma Devi temple,10 ft,0.0,0.0,0,0,0.0,0.0
Bengaluru Dist,Madanayakanahally PS,1.04422e+16,2017,1,2,Road Accidents,Narrow road,Rural Areas,Near Bus stop,Human Error,No,Damage Only,Others,Not at  Junction,Not Applicable,State Highway,Bitumen(Tar),Dry,No influence on accident,Clear,Magadi-Bengaluru Main Road,Near Chikkagollarahatti,20 Ft,0.0,0.0,0,0,0.0,0.0
Bengaluru Dist,Madanayakanahally PS,1.04422e+16,2017,1,2,Road Accidents,Other,Villages settlement,Near or inside a village,Human Error,No,Grievous Injury,Others,Not at  Junction,Others,Village Road,Bitumen(Tar),Not Applicable,No influence on accident,Clear,MAYANNA LAYOUT TO THOTADAGUDDADAHALLI ROAD,INSIDE VILLAGE,14,0.0,0.0,0,0,0.0,0.0
Bengaluru Dist,Madanayakanahally PS,1.04422e+16,2017,1,2,Road Accidents,Other,Rural Areas,Near or inside a village,Human Error,Yes,Grievous Injury,Head on,Not at  Junction,Others,Village Road,Bitumen(Tar),Dry,No influence on accident,Others,Thammenahalli-Thotadaguddadahalli Road,Airforce station,80 ft,0.0,0.0,0,0,0.0,0.0
Bengaluru Dist,Madanayakanahally PS,1.04422e+16,2017,1,1,Road Accidents,Other,Rural Areas,Near or inside a village,Human Error,No,Simple Injury,Hit pedestrian,Not Applicable,Others,Village Road,Bitumen(Tar),Dry,Not Applicable,Fine,RURAL AREAS,NEAR ALLURU,04KM,0.0,0.0,0,0,0.0,0.0
Bengaluru Dist,Madanayakanahally PS,1.04422e+16,2017,1,1,Road Accidents,Other,Villages settlement,Near Bus stop,Human Error,No,Simple Injury,Hit pedestrian,Not at  Junction,Others,Village Road,Bitumen(Tar),Dry,No influence on accident,Clear,Gollahalli-hesaraghatta Road,BUS STOP,30 Ft,0.0,0.0,0,0,0.0,0.0
Bengaluru Dist,Madanayakanahally PS,1.04422e+16,2017,1,1,Road Accidents,Other,Rural Areas,Near a religious place,Human Error,No,Fatal,Skidding or Self accident,Uncontrolled,Others,Village Road,Bitumen(Tar),Dry,Not Applicable,Fine,other road,near thotadaguddahalli,6km,0.0,0.0,0,0,0.0,0.0
Bengaluru Dist,Madanayakanahally PS,1.04422e+16,2017,1,1,Road Accidents,Other,Villages settlement,Near or inside a village,Human Error,No,Grievous Injury,Others,Not Applicable,Not Applicable,Village Road,Bitumen(Tar),Dry,No influence on accident,Clear,VILLAGE ROAD,BRIDGE,50 FT,0.0,0.0,0,0,0.0,0.0
Bengaluru Dist,Madanayakanahally PS,1.04422e+16,2017,1,1,Road Accidents,Other,Villages settlement,Near a religious place,Human Error,Yes,Simple Injury,Hit and Run,Not at  Junction,Others,Others,Bitumen(Tar),Dry,No influence on accident,Others,VILLAGE ROAD,TEMPLE,50 FT,0.0,0.0,0,0,0.0,0.0
Bengaluru Dist,Madanayakanahally PS,1.04422e+16,2017,1,2,Road Accidents,Other,Rural Areas,Near Bus stop,Human Error,No,Grievous Injury,Others,Not at  Junction,Others,State Highway,Bitumen(Tar),Dry,No influence on accident,Clear,RURAL ROAD,BUS STOP,50 mtr,0.0,0.0,0,0,0.0,0.0
Bengaluru Dist,Madanayakanahally PS,1.04422e+16,2017,1,2,Road Accidents,Other,Villages settlement,Residential area,Human Error,No,Simple Injury,Others,Not at  Junction,Others,Others,Bitumen(Tar),Dry,No influence on accident,Clear,Madanayakanahalli-Hanumanthasagara Main Road,Near Basaveshwara Layout,2 km,0.0,0.0,0,0,0.0,0.0
Bengaluru Dist,Madanayakanahally PS,1.04422e+16,2017,1,1,Road Accidents,Narrow road,Rural Areas,Near a religious place,Human Error,No,Fatal,Others,Uncontrolled,Straight and flat,State Highway,Bitumen(Tar),Dry,Not Applicable,Fine,state highway,near Machohalli gate,12 kms,0.0,0.0,0,0,0.0,0.0
Bengaluru Dist,Madanayakanahally PS,1.04422e+16,2017,1,1,Rail Road Accidents,Other,Rural Areas,Near Bus stop,Human Error,Yes,Grievous Injury,Hit and Run,Uncontrolled,Others,State Highway,Bitumen(Tar),Dry,Not Applicable,Clear,"MAGADI MAIN ROAD,",CHIKKAGOLARAHATTI,15 KMS,0.0,0.0,0,0,0.0,0.0
Bengaluru Dist,Madanayakanahally PS,1.04422e+16,2017,1,1,Road Accidents,Narrow road,Rural Areas,Near or inside a village,Human Error,No,Fatal,Others,Uncontrolled,Others,Village Road,Surfaced,Dry,Not Applicable,Fine,village road,Near Dombarahalli rajanna land,5 km,0.0,0.0,0,0,,
Bengaluru Dist,Madanayakanahally PS,1.04422e+16,2017,1,1,Road Accidents,Circle,Not Applicable,Near Petrol Pump,Human Error,Yes,Grievous Injury,Hit and Run,Controlled,Others,Others,Bitumen(Tar),Dry,Not Applicable,Clear,kachohalli,kachohalli,15 kms,0.0,0.0,0,0,0.0,0.0
Bengaluru Dist,Madanayakanahally PS,1.04422e+16,2017,1,2,Road Accidents,Narrow road,Rural Areas,Near or inside a village,Human Error,No,Fatal,Others,Uncontrolled,Straight and flat,Village Road,Bitumen(Tar),Dry,Not Applicable,Fine,Near chikkakukkanahalli,nea Basaveshwara green farm land,15 km,0.0,0.0,0,0,0.0,0.0
Bengaluru Dist,Madanayakanahally PS,1.04422e+16,2017,1,2,Road Accidents,Other,Villages settlement,Near Bus stop,Human Error,Yes,Simple Injury,Hit and Run,Not Applicable,Curve,State Highway,Bitumen(Tar),Others,Not Applicable,Others,Sigehalli,State Haiway,15 kms,0.0,0.0,0,1,0.0,1.0
Bengaluru Dist,Madanayakanahally PS,1.04422e+16,2017,1,2,Road Accidents,Other,Villages settlement,Open area,Human Error,Yes,Simple Injury,Hit and Run,Not at  Junction,Others,Village Road,Bitumen(Tar),Dry,No influence on accident,Clear,M.N.halli - Kuduregere Road,Near Nanjundappa compound,2,0.0,0.0,0,0,0.0,0.0
Bengaluru Dist,Madanayakanahally PS,1.04422e+16,2017,1,2,Road Accidents,Other,Villages settlement,Near School or College,Human Error,No,Simple Injury,Hit pedestrian,Not at  Junction,Others,Others,Bitumen(Tar),Dry,Not Applicable,Clear,VILLAGE ROAD,NEAR VILLAGE,50 mtr,0.0,0.0,0,0,0.0,0.0
Bengaluru Dist,Madanayakanahally PS,1.04422e+16,2017,1,2,Road Accidents,Other,Villages settlement,Near or inside a village,Human Error,Yes,Simple Injury,Hit and Run,Not at  Junction,Others,Village Road,Bitumen(Tar),Dry,No influence on accident,Others,VILLAGE ROAD,GOWDON,50 FT,0.0,0.0,0,0,0.0,0.0
Bengaluru Dist,Madanayakanahally PS,1.04422e+16,2017,1,2,Road Accidents,Other,Rural Areas,Near Bus stop,Human Error,No,Fatal,Others,Uncontrolled,Others,State Highway,Bitumen(Tar),Not Applicable,Not Applicable,Fine,state highway,near Machohalli forest gate,12 km,0.0,0.0,0,0,0.0,0.0
Bengaluru Dist,Madanayakanahally PS,1.04422e+16,2017,1,1,Road Accidents,Other,Rural Areas,Near or inside a village,Human Error,No,Fatal,Others,Uncontrolled,Others,Village Road,Bitumen(Tar),Dry,Not Applicable,Fine,other road,near Lakkenahalli,12,0.0,0.0,0,0,0.0,0.0
Bengaluru Dist,Madanayakanahally PS,1.04422e+16,2017,1,2,Road Accidents,Other,Villages settlement,Near School or College,Human Error,Yes,Grievous Injury,Hit and Run,Not at  Junction,Others,Village Road,Bitumen(Tar),Dry,No influence on accident,Others,HUSKURU ROAD,Transfermer,30 ft,0.0,0.0,0,0,0.0,0.0
Bengaluru Dist,Madanayakanahally PS,1.04422e+16,2017,1,2,Road Accidents,Other,Villages settlement,Open area,Human Error,No,Grievous Injury,Head on,Not at  Junction,Not Applicable,Village Road,Bitumen(Tar),Dry,No influence on accident,Clear,HUSKURU ROAD,VRL GODON,50 mtr,0.0,0.0,0,0,0.0,0.0
Bengaluru Dist,Madanayakanahally PS,1.04422e+16,2017,1,2,Road Accidents,Cross roads,City/Town,Near Hospital,Human Error,No,Damage Only,Others,Not at  Junction,Others,State Highway,Bitumen(Tar),Others,Not Applicable,Clear,kachohalli cross,near hospital,15,0.0,0.0,0,1,0.0,1.0
Bengaluru Dist,Madanayakanahally PS,1.04422e+16,2017,1,1,Road Accidents,Other,Rural Areas,Open area,Human Error,No,Damage Only,Skidding or Self accident,Not at  Junction,Others,Village Road,Bitumen(Tar),Dry,No influence on accident,Others,HUSKURU ROAD,BRIDGE,10 ft,0.0,0.0,0,0,0.0,0.0
Bengaluru Dist,Madanayakanahally PS,1.04422e+16,2017,1,1,Road Accidents,Narrow road,Rural Areas,Residential area,Human Error,No,Fatal,Hit pedestrian,Not Applicable,Not Applicable,Village Road,Bitumen(Tar),Dry,No influence on accident,Fine,Makali - Alooru Road,Near Hegadedevanapura,4 km,0.0,0.0,0,0,0.0,0.0
Bengaluru Dist,Madanayakanahally PS,1.04422e+16,2017,1,1,Road Accidents,Not Applicable,Rural Areas,Near Bus stop,Human Error,Yes,Grievous Injury,Hit and Run,Not at  Junction,Not Applicable,State Highway,Bitumen(Tar),Dry,No influence on accident,Others,Magadi Road,BUS STOP,50 FT,0.0,0.0,0,0,0.0,0.0
Bengaluru Dist,Madanayakanahally PS,1.04422e+16,2017,1,2,Road Accidents,Other,Not Applicable,Open area,Human Error,Yes,Grievous Injury,Head on,Controlled,Not Applicable,Village Road,Bitumen(Tar),Dry,Not Applicable,Clear,THOTADAGUDDADAHALLI,NEAR SHEKARA WINS,06 KMS,0.0,0.0,0,0,0.0,0.0
Bengaluru Dist,Madanayakanahally PS,1.04422e+16,2017,1,2,Road Accidents,Narrow road,Villages settlement,Near Bus stop,Human Error,Yes,Grievous Injury,Hit and Run,Not at  Junction,Others,Village Road,Bitumen(Tar),Dry,No influence on accident,Others,TAVAREKERE NELAMANGALA ROAD,BUS STOP,30 Ft,0.0,0.0,0,0,0.0,0.0
Bengaluru Dist,Madanayakanahally PS,1.04422e+16,2017,1,2,Road Accidents,Other,Villages settlement,Open area,Human Error,Yes,Grievous Injury,Hit and Run,Not at  Junction,Others,Village Road,Bitumen(Tar),Dry,No influence on accident,Clear,VILLAGE ROAD,BUS STOP,100 MT,0.0,0.0,0,0,0.0,0.0
Bengaluru Dist,Madanayakanahally PS,1.04422e+16,2017,1,1,Road Accidents,Other,Villages settlement,Near or inside a village,Human Error,Yes,Grievous Injury,Hit and Run,Not Applicable,Others,Village Road,Bitumen(Tar),Dry,No influence on accident,Clear,VILLAGE ROAD,FACTORY,100 MT,0.0,0.0,0,0,0.0,0.0
Bengaluru Dist,Madanayakanahally PS,1.04422e+16,2017,1,1,Not Applicable,Other,Villages settlement,Near Bus stop,Human Error,No,Grievous Injury,Others,Not at  Junction,Others,Village Road,Bitumen(Tar),Dry,No influence on accident,Clear,Magadi Road,BUS STOP,100 FT,0.0,0.0,0,0,0.0,0.0
Bengaluru Dist,Madanayakanahally PS,1.04422e+16,2017,1,2,Road Accidents,Other,Villages settlement,Open area,Human Error,No,Simple Injury,Head on,Not at  Junction,Others,Village Road,Bitumen(Tar),Dry,No influence on accident,Others,Kittanahalli-mallasandra Road,tree,50 FT,0.0,0.0,0,0,0.0,0.0
Bengaluru Dist,Madanayakanahally PS,1.04422e+16,2017,1,2,Road Accidents,Other,Villages settlement,Near or inside a village,Human Error,No,Grievous Injury,Head on,Not at  Junction,Others,Village Road,Bitumen(Tar),Dry,No influence on accident,Others,Gowdahalli cross,RTO Office,60 ft,0.0,0.0,0,0,0.0,0.0
Bengaluru Dist,Madanayakanahally PS,1.04422e+16,2017,1,1,Road Accidents,Other,Rural Areas,Near Bus stop,Human Error,Yes,Fatal,Hit and Run,Uncontrolled,Not Applicable,State Highway,Bitumen(Tar),Dry,Not Applicable,Fine,state highway,near chikkagolarahatti bus stop,13 km,0.0,0.0,0,0,0.0,0.0
Bengaluru Dist,Madanayakanahally PS,1.04422e+16,2017,1,1,Road Accidents,Circle,Rural Areas,Narrow bridge or culverts,Human Error,No,Grievous Injury,Skidding or Self accident,Uncontrolled,Others,Village Road,Bitumen(Tar),Dry,No influence on accident,Cloudy,kachohalli-Gangondanahalli Road,Near Kaveri farm circle,08 km,0.0,0.0,0,0,0.0,0.0
Bengaluru Dist,Madanayakanahally PS,1.04422e+16,2017,1,1,Road Accidents,Other,City/Town,Near a factory industrial area,Human Error,Yes,Simple Injury,Hit and Run,Not at  Junction,Others,City or Town Road,Bitumen(Tar),Others,Not Applicable,Clear,LAKSHMIPURA RD,NEAR FACTORY,1,0.0,0.0,0,1,0.0,1.0
Bengaluru Dist,Madanayakanahally PS,1.04422e+16,2017,1,3,Road Accidents,Other,Villages settlement,Near Bus stop,Human Error,Yes,Damage Only,Others,Not at  Junction,Others,Village Road,Bitumen(Tar),Others,No influence on accident,Others,VILLAGE ROAD,BUS STOP,100 FT,0.0,0.0,0,1,0.0,1.0
Bengaluru Dist,Madanayakanahally PS,1.04422e+16,2017,1,1,Road Accidents,Other,Villages settlement,Near Bus stop,Human Error,Yes,Simple Injury,Hit and Run,Not at  Junction,Others,State Highway,Bitumen(Tar),Dry,No influence on accident,Clear,MAGADI MAIN ROAD,BUS STOP,50 mtr,0.0,0.0,0,0,0.0,0.0
Bengaluru Dist,Madanayakanahally PS,1.04422e+16,2017,1,2,Road Accidents,Other,Villages settlement,Near Bus stop,Human Error,No,Simple Injury,Others,Not at  Junction,Others,State Highway,Bitumen(Tar),Dry,No influence on accident,Others,Magadi Road,BUS STOP,100 FT,0.0,0.0,0,0,0.0,0.0
Bengaluru Dist,Madanayakanahally PS,1.04422e+16,2017,1,1,Road Accidents,Other,Rural Areas,Near or inside a village,Human Error,No,Fatal,Others,Uncontrolled,Not Applicable,State Highway,Bitumen(Tar),Dry,Not Applicable,Fine,state highway,near Embazzy school chikkagolarahatti,12 km,0.0,0.0,0,0,0.0,0.0
Bengaluru Dist,Madanayakanahally PS,1.04422e+16,2017,1,1,Road Accidents,Other,Villages settlement,Near Bus stop,Human Error,No,Grievous Injury,Overturning,Not at  Junction,Curve,Village Road,Bitumen(Tar),Dry,No influence on accident,Clear,TAVAREKERE NELAMANGALA ROAD,BUS STOP,100 FT,0.0,0.0,0,0,0.0,0.0
Bengaluru Dist,Madanayakanahally PS,1.04422e+16,2017,1,1,Road Accidents,Other,Villages settlement,Near office complex,Human Error,No,Simple Injury,Others,Not at  Junction,Others,Village Road,Bitumen(Tar),Dry,No influence on accident,Clear,VILLAGE ROAD,NEAR CHOWTRI,10 m,0.0,0.0,0,0,0.0,0.0
Bengaluru Dist,Madanayakanahally PS,1.04422e+16,2017,1,2,Road Accidents,Other,Rural Areas,Near a religious place,Human Error,No,Fatal,Others,Uncontrolled,Others,Village Road,Bitumen(Tar),Others,Not Applicable,Fine,village road,Near Dombarahalli,5,0.0,0.0,0,1,0.0,1.0
Bengaluru Dist,Madanayakanahally PS,1.04422e+16,2017,1,1,Road Accidents,Other,Villages settlement,Near or inside a village,Human Error,No,Grievous Injury,Hit animal,Uncontrolled,Others,Village Road,Kutcha,Others,No influence on accident,Clear,Baiandanahalli kittanahalli road,Inside a village,15,0.0,0.0,0,1,4.0,5.0
Bengaluru Dist,Madanayakanahally PS,1.04422e+16,2017,1,1,Road Accidents,Not Applicable,Rural Areas,Near or inside a village,Human Error,No,Fatal,Others,Uncontrolled,Others,State Highway,Bitumen(Tar),Dry,Not Applicable,Fine,Hesaragatta-Nelamangala road,near Embazzy school Gopalpura village,13 kms,0.0,0.0,0,0,0.0,0.0
Bengaluru Dist,Madanayakanahally PS,1.04422e+16,2017,1,2,Road Accidents,Other,Villages settlement,Open area,Human Error,No,Simple Injury,Head on,Not at  Junction,Others,Village Road,Bitumen(Tar),Dry,No influence on accident,Clear,VILLAGE ROAD,BUS STOP,100 MT,0.0,0.0,0,0,0.0,0.0