DISTRICTNAME,UNITNAME,Crime_No,Year,RI,Noofvehicle_involved,Accident_Classification,Accident_Spot,Accident_Location,Accident_SubLocation,Main_Cause,Hit_Run,Severity,Collision_Type,Junction_Control,Road_Character,Road_Type,Surface_Type,Surface_Condition,Road_Condition,Weather,Accident_Road,Landmark_first,Distance_LandMark_First,Latitude,Longitude,Road_Condition_Score,Surface_Condition_Score,Surface_Type_Score,Road_Risk_Index
Bengaluru Dist,Madanayakanahally PS,1.04422e+16,2017,1,2,Road Accidents,Narrow road,Rural Areas,Near or inside a village,Human Error,No,Grievous Injury,Rear end,Not Applicable,Not Applicable,Village Road,Surfaced,Dry,No influence on accident,Fine,M.N.HALLI-JANAPRIYA TOWN SHIP ROAD,NEAR SAWMILL,6 km,0.0,0.0,0,0,,
Bengaluru Dist,Madanayakanahally PS,1.04422e+16,2017,1,2,Road Accidents,Narrow road,Rural Areas,Near a religious place,Human Error,No,Grievous Injury,Others,Uncontrolled,Not Applicable,Village Road,Bitumen(Tar),Dry,No influence on accident,Clear,Ravutthanahalli-Kittanahalli main road,Near Shri Shan mahmthma temple,50 ft,0.0,0.0,0,0,0.0,0.0
Bengaluru Dist,Madanayakanahally PS,1.04422e+16,2017,1,2,Rail Road Accidents,Other,Not Applicable,Open area,Human Error,No,Damage Only,Head on,Controlled,Others,Others,Kutcha,Dry,Not Applicable,Others,BIEC,BIEC GROUND,02 KMS,0.0,0.0,0,0,4.0,4.0
Bengaluru Dist,Madanayakanahally PS,1.04422e+16,2017,1,1,Road Accidents,Cross roads,Villages settlement,Near School or College,Human Error,No,Grievous Injury,Hit pedestrian,Not at  Junction,Curve,Village Road,Bitumen(Tar),Dry,No influence on accident,Others,Lakshmipura Road,School,1 fl,0.0,0.0,0,0,0.0,0.0
Bengaluru Dist,Madanayakanahally PS,1.04422e+16,2017,1,1,Road Accidents,Other,Villages settlement,Near or inside a village,Human Error,Yes,Simple Injury,Hit and Run,Not at  Junction,Others,Village Road,Bitumen(Tar),Dry,No influence on accident,Others,VILLAGE ROAD,NEAR FARM HOUSE,50 FT,0.0,0.0,0,0,0.0,0.0
Bengaluru Dist,Madanayakanahally PS,1.04422e+16,2017,1,1,Road Accidents,Cross roads,Rural Areas,Near School or College,Human Error,No,Grievous Injury,Others,Not Applicable,Others,Village Road,Gravel,Dry,Not Applicable,Clear,"others road,",dombarahalli,05 kms,0.0,0.0,0,0,3.0,3.0
Bengaluru Dist,Madanayakanahally PS,1.04422e+16,2017,1,2,Road Accidents,Curves,Rural Areas,Near or inside a village,Human Error,No,Fatal,Others,Uncontrolled,Slight Curve,Village Road,Bitumen(Tar),Dry,Not Applicable,Fine,other road,near Mallasandra manasa farm,12 km,0.0,0.0,0,0,0.0,0.0
Bengaluru Dist,Madanayakanahally PS,1.04422e+16,2017,1,1,Road Accidents,Other,Rural Areas,Open area,Human Error,No,Damage Only,Rear end,No signal lights,Not Applicable,Others,Kutcha,Dry,Not Applicable,Clear,"VILLAGE ROAD,",MADAVARA,02 KMS,0.0,0.0,0,0,4.0,4.0
Bengaluru Dist,Madanayakanahally PS,1.04422e+16,2017,1,1,Road Accidents,Other,Villages settlement,Residential area,Human Error,No,Simple Injury,Not Applicable,Uncontrolled,Not Applicable,Residential Street,Not Applicable,Not Applicable,Not Applicable,Fine,others,near rashi residency,100 mt,0.0,0.0,0,0,0.0,0.0
Bengaluru Dist,Madanayakanahally PS,1.04422e+16,2017,1,1,Road Accidents,Other,Villages settlement,Open area,Human Error,No,Grievous Injury,Others,Not at  Junction,Others,Village Road,Bitumen(Tar),Dry,No influence on accident,Clear,TAVAREKERE NELAMANGALA ROAD,NEAR VILLAGE,100 FT,0.0,0.0,0,0,0.0,0.0
Bengaluru Dist,Madanayakanahally PS,1.04422e+16,2017,1,2,Road Accidents,Other,Rural Areas,Near or inside a village,Human Error,No,Fatal,Others,Uncontrolled,Not Applicable,State Highway,Bitumen(Tar),Dry,Not Applicable,Fine,state highway,near Sigehalli gate,10 km,0.0,0.0,0,0,0.0,0.0
Bengaluru Dist,Madanayakanahally PS,1.04422e+16,2017,1,1,Not Applicable,Other,Not Applicable,Near a factory industrial area,Human Error,No,Grievous Injury,Others,Not at  Junction,Not Applicable,Not Applicable,Not Applicable,Others,Not Applicable,Clear,Huskuru road,Factory,6,0.0,0.0,0,1,0.0,1.0
Bengaluru Dist,Madanayakanahally PS,1.04422e+16,2017,1,2,Road Accidents,Narrow road,Rural Areas,Residential area,Human Error,No,Simple Injury,Others,Not Applicable,Not Applicable,Village Road,Bitumen(Tar),Dry,No influence on accident,Cloudy,M.N.halli - Magadi Road,Near Dhanlaxmi Rice Carner,30 ft,0.0,0.0,0,0,0.0,0.0
Bengaluru Dist,Madanayakanahally PS,1.04422e+16,2017,1,1,Road Accidents,Other,Not Applicable,Near Petrol Pump,Human Error,No,Grievous Injury,Others,Controlled,Not Applicable,State Highway,Bitumen(Tar),Dry,Not Applicable,Clear,"MAGADI- TAVAREKERE MAIN ROAD,",KACHOHALLI CROSS,15 KMS,0.0,0.0,0,0,0.0,0.0
Bengaluru Dist,Madanayakanahally PS,1.04422e+16,2017,1,2,Road Accidents,Other,Villages settlement,Near a religious place,Human Error,No,Simple Injury,Others,Not at  Junction,Others,Village Road,Bitumen(Tar),Dry,No influence on accident,Clear,MAGADI MAIN ROAD,NEAR TEMPLE,50 FT,0.0,0.0,0,0,0.0,0.0
Bengaluru Dist,Madanayakanahally PS,1.04422e+16,2017,1,2,Road Accidents,Other,Villages settlement,Near or inside a village,Human Error,No,Simple Injury,Others,Not Applicable,Others,Village Road,Bitumen(Tar),Dry,No influence on accident,Others,VILLAGE ROAD,tree,50 FT,0.0,0.0,0,0,0.0,0.0
Bengaluru Dist,Madanayakanahally PS,1.04422e+16,2017,1,1,Road Accidents,Other,Rural Areas,Near or inside a village,Human Error,No,Fatal,Others,Uncontrolled,Others,Others,Bitumen(Tar),Dry,Not Applicable,Fine,other road,Near Bhimeshwaranagara Madanayakanahalli,1 km,0.0,0.0,0,0,0.0,0.0
Bengaluru Dist,Madanayakanahally PS,1.04422e+16,2017,1,2,Road Accidents,Narrow road,Rural Areas,Residential area,Human Error,No,Grievous Injury,Others,Not Applicable,Not Applicable,Village Road,Bitumen(Tar),Dry,No influence on accident,Cloudy,M.N.halli - Kuduregere Road,Near Adarsh Farm,150 ft,0.0,0.0,0,0,0.0,0.0
Bengaluru Dist,Madanayakanahally PS,1.04422e+16,2017,1,2,Road Accidents,Other,Rural Areas,Near or inside a village,Human Error,No,Fatal,Others,Uncontrolled,Slight Curve,State Highway,Bitumen(Tar),Dry,Not Applicable,Fine,state highway,near sigehalli gate,12km,0.0,0.0,0,0,0.0,0.0
Bengaluru Dist,Madanayakanahally PS,1.04422e+16,2017,1,2,Road Accidents,Other,Rural Areas,Open area,Human Error,No,Grievous Injury,Others,Controlled,Others,State Highway,Bitumen(Tar),Dry,Not Applicable,Clear,CHIKKAGOLARAHATTI,MAGADI MAIN ROAD,15 KMS,0.0,0.0,0,0,0.0,0.0
Bengaluru Dist,Madanayakanahally PS,1.04422e+16,2017,1,1,Road Accidents,Other,Not Applicable,Open area,Human Error,Yes,Simple Injury,Hit and Run,Controlled,Others,Village Road,Bitumen(Tar),Dry,Not Applicable,Clear,"NELAMANGALA TAVAREKERE ROAD,",OTHERS,15 KMS,0.0,0.0,0,0,0.0,0.0
Bengaluru Dist,Madanayakanahally PS,1.04422e+16,2017,1,1,Road Accidents,Cross roads,Villages settlement,Near office complex,Human Error,No,Grievous Injury,Rear end,Not at  Junction,Hump,Village Road,Bitumen(Tar),Not Applicable,Not Applicable,Clear,"MAKALI HUSKURU RD, HONNASANDRA CRS",OFFICE COMPLEX,8,0.0,0.0,0,0,0.0,0.0
Bengaluru Dist,Madanayakanahally PS,1.04422e+16,2017,1,3,Road Accidents,Narrow road,City/Town,Near Bus stop,Human Error,No,Damage Only,Others,Uncontrolled,Not Applicable,State Highway,Bitumen(Tar),Dry,No influence on accident,Others,Magadi-Bengaluru Main Road,Near kadabagere cross,200mtr,0.0,0.0,0,0,0.0,0.0
Bengaluru Dist,Madanayakanahally PS,1.04422e+16,2017,1,2,Road Accidents,Curves,Rural Areas,Open area,Human Error,No,Damage Only,Others,Not Applicable,Curve,Village Road,Bitumen(Tar),Dry,No influence on accident,Clear,Makali-Huskooru Road,Husen sab palya cross,1mtr,0.0,0.0,0,0,0.0,0.0
Bengaluru Dist,Madanayakanahally PS,1.04422e+16,2017,1,2,Road Accidents,Other,Villages settlement,Near Bus stop,Human Error,No,Damage Only,Others,Not at  Junction,Others,NH,Bitumen(Tar),Dry,No influence on accident,Clear,National Highway,BUS STOP,50 mtr,0.0,0.0,0,0,0.0,0.0
Bengaluru Dist,Madanayakanahally PS,1.04422e+16,2017,1,1,Road Accidents,Other,Villages settlement,Near or inside a village,Human Error,No,Simple Injury,Others,Not at  Junction,Others,Others,Bitumen(Tar),Dry,No influence on accident,Clear,VILLAGE ROAD,SHOP,100 FT,0.0,0.0,0,0,0.0,0.0
Bengaluru Dist,Madanayakanahally PS,1.04422e+16,2017,1,2,Road Accidents,Other,Villages settlement,Near Bus stop,Human Error,Yes,Simple Injury,Hit and Run,Not Applicable,Others,Village Road,Bitumen(Tar),Dry,No influence on accident,Clear,Magadi Road,BUS STOP,100 FT,0.0,0.0,0,0,0.0,0.0
Bengaluru Dist,Madanayakanahally PS,1.04422e+16,2017,1,1,Road Accidents,Other,Villages settlement,Open area,Human Error,Not Applicable,Grievous Injury,Hit pedestrian,Not at  Junction,Others,Others,Bitumen(Tar),Dry,No influence on accident,Clear,VILLAGE ROAD,BUS STOP,100 MT,0.0,0.0,0,0,0.0,0.0
Bengaluru Dist,Madanayakanahally PS,1.04422e+16,2017,1,1,Road Accidents,Other,Not Applicable,Near Hospital,Human Error,No,Grievous Injury,Head on,Not Applicable,Not Applicable,State Highway,Bitumen(Tar),Dry,Not Applicable,Clear,"MDG- BENGALURU SH ROAD,",MACHOHALLI,12,0.0,0.0,0,0,0.0,0.0
Bengaluru Dist,Madanayakanahally PS,1.04422e+16,2017,1,1,Road Accidents,Narrow road,Rural Areas,Near Bus stop,Human Error,No,Grievous Injury,Hit pedestrian,Not at  Junction,Not Applicable,State Highway,Bitumen(Tar),Dry,No influence on accident,Others,MAGADI MAIN ROAD,COMPLEX,10 ft,0.0,0.0,0,0,0.0,0.0
Bengaluru Dist,Madanayakanahally PS,1.04422e+16,2017,1,1,Road Accidents,Other,Not Applicable,Open area,Human Error,Yes,Simple Injury,Hit and Run,Controlled,Others,Two way,Bitumen(Tar),Dry,Not Applicable,Clear,"MAKALI HUSKUR ROAD,",OTHERS,5 KMS,0.0,0.0,0,0,0.0,0.0
Bengaluru Dist,Madanayakanahally PS,1.04422e+16,2017,1,2,Road Accidents,Other,City/Town,Near Petrol Pump,Human Error,No,Grievous Injury,Head on,Uncontrolled,Others,State Highway,Bitumen(Tar),Dry,Not Applicable,Clear,MAGADI-BENGALURU ROAA,CHIKKAGOLLARAHATTI,15 KMS,0.0,0.0,0,0,0.0,0.0
Bengaluru Dist,Madanayakanahally PS,1.04422e+16,2018,1,2,Road Accidents,Other,City/Town,Near School or College,Human Error,Yes,Simple Injury,Hit and Run,Not at  Junction,Others,Others,Bitumen(Tar),Not Applicable,Not Applicable,Others,Near Embassy School,Near School,16,0.0,0.0,0,0,0.0,0.0
Bengaluru Dist,Madanayakanahally PS,1.04422e+16,2018,1,1,Road Accidents,Narrow road,Rural Areas,Near Bus stop,Human Error,No,Grievous Injury,Hit pedestrian,Not at  Junction,Others,State Highway,Bitumen(Tar),Dry,No influence on accident,Clear,MAGADI MAIN ROAD,Kadabagere gate,300 ft,0.0,0.0,0,0,0.0,0.0
Bengaluru Dist,Madanayakanahally PS,1.04422e+16,2018,1,2,Road Accidents,Narrow road,Rural Areas,Near office complex,Human Error,Yes,Simple Injury,Hit and Run,Not at  Junction,Others,State Highway,Bitumen(Tar),Dry,No influence on accident,Clear,Magadi-Bangalore Main Road,Bhairaveshwara Complex,15 ft,0.0,0.0,0,0,0.0,0.0
Bengaluru Dist,Madanayakanahally PS,1.04422e+16,2018,1,1,Road Accidents,Curves,Rural Areas,Residential area,Human Error,No,Grievous Injury,Skidding or Self accident,Uncontrolled,Curve,State Highway,Bitumen(Tar),Dry,Not Applicable,Others,Lakshmipura-Kadabgere Cross Road,Near Residency Gate,10 kms,0.0,0.0,0,0,0.0,0.0
Bengaluru Dist,Madanayakanahally PS,1.04422e+16,2018,1,2,Road Accidents,Curves,Rural Areas,Near Hospital,Human Error,Yes,Grievous Injury,Hit bicyclist,Not Applicable,Curve and Incline,State Highway,Bitumen(Tar),Dry,No influence on accident,Clear,Magadi-Bangalore Main Road,Infront of Pooja Hospital,12km,0.0,0.0,0,0,0.0,0.0
Bengaluru Dist,Madanayakanahally PS,1.04422e+16,2018,1,2,Not Applicable,Not Applicable,Rural Areas,Near a religious place,Not Applicable,Not Applicable,Simple Injury,Vehicle to Vehicle,Not Applicable,Others,State Highway,Bitumen(Tar),Dry,Not Applicable,Clear,"Bng-Magadi Road, Machohally",Huliyuramma Temple,1 km,0.0,0.0,0,0,0.0,0.0
Bengaluru Dist,Madanayakanahally PS,1.04422e+16,2018,1,3,Road Accidents,Not Applicable,Rural Areas,Near a factory industrial area,Human Error,No,Simple Injury,Vehicle to Vehicle,Not at  Junction,Not Applicable,Others,Bitumen(Tar),Dry,No influence on accident,Clear,Makali-Hukur road,infront of VRL godan,3 km,0.0,0.0,0,0,0.0,0.0
Bengaluru Dist,Madanayakanahally PS,1.04422e+16,2018,1,2,Road Accidents,Narrow road,Villages settlement,Near a factory industrial area,Human Error,Yes,Simple Injury,Hit and Run,Not at  Junction,Incline,Village Road,Bitumen(Tar),Dry,No influence on accident,Others,Huskur Road,Unibic Biscuit factory,50 mtr,0.0,0.0,0,0,0.0,0.0
Bengaluru Dist,Madanayakanahally PS,1.04422e+16,2018,1,2,Road Accidents,Other,Rural Areas,Near or inside a village,Human Error,No,Simple Injury,Others,Not at  Junction,Others,State Highway,Bitumen(Tar),Others,Not Applicable,Others,Forest Gate,Near Village,16,0.0,0.0,0,1,0.0,1.0
Bengaluru Dist,Madanayakanahally PS,1.04422e+16,2018,1,1,Rail Road Accidents,Not Applicable,Rural Areas,Near Bus stop,Human Error,No,Grievous Injury,Hit pedestrian,Not at  Junction,Others,State Highway,Bitumen(Tar),Others,Not Applicable,Clear,Opp Rashiresidence,Sigehalli gate,15 KMS,0.0,0.0,0,1,0.0,1.0
Bengaluru Dist,Madanayakanahally PS,1.04422e+16,2018,1,1,Road Accidents,Not Applicable,Rural Areas,Open area,Not Applicable,Not Applicable,Fatal,Not Applicable,Not Applicable,Not Applicable,Village Road,Bitumen(Tar),Dry,Not Applicable,Cloudy,Huskur Makali Road,Nagarur Road,3 Kms,0.0,0.0,0,0,0.0,0.0
Bengaluru Dist,Madanayakanahally PS,1.04422e+16,2018,1,1,Road Accidents,Narrow road,Rural Areas,Near a factory industrial area,Human Error,No,Simple Injury,Hit pedestrian,Not at  Junction,Incline,Village Road,Bitumen(Tar),Dry,No influence on accident,Others,Huskur Road,Unibic Biscuit factory,60 ft,0.0,0.0,0,0,0.0,0.0
Bengaluru Dist,Madanayakanahally PS,1.04422e+16,2018,1,1,Road Accidents,Narrow road,Rural Areas,Near Bus stop,Human Error,No,Fatal,Others,Uncontrolled,Others,State Highway,Bitumen(Tar),Dry,Not Applicable,Fine,state highway,near sigehalli gate,12 km,0.0,0.0,0,0,0.0,0.0
Bengaluru Dist,Madanayakanahally PS,1.04422e+16,2018,1,1,Road Accidents,Other,Villages settlement,Near Hospital,Human Error,Yes,Simple Injury,Hit and Run,Uncontrolled,Not Applicable,State Highway,Bitumen(Tar),Dry,Not Applicable,Clear,MACHOHALLI GATE,NEAR POOJA HOSPITAL,15 KMS,0.0,0.0,0,0,0.0,0.0
Bengaluru Dist,Madanayakanahally PS,1.04422e+16,2018,1,2,Road Accidents,Other,City/Town,Near office complex,Human Error,Yes,Grievous Injury,Hit and Run,Not at  Junction,Others,City or Town Road,Bitumen(Tar),Others,Not Applicable,Others,Sigehalli Gate Magadi Main Road,Office,16,0.0,0.0,0,1,0.0,1.0
Bengaluru Dist,Madanayakanahally PS,1.04422e+16,2018,1,1,Road Accidents,Junction,City/Town,Near Bus stop,Not Applicable,No,Grievous Injury,Skidding or Self accident,Uncontrolled,Straight and flat,Two way,Bitumen(Tar),Dry,Not Applicable,Clear,MN HALLI- LAKSHMIPURA,MN HALLI,1/2 KM,0.0,0.0,0,0,0.0,0.0
Bengaluru Dist,Madanayakanahally PS,1.04422e+16,2018,1,2,Road Accidents,Cross roads,City/Town,Near Petrol Pump,Human Error,Yes,Grievous Injury,Hit and Run,Not at  Junction,Others,City or Town Road,Bitumen(Tar),Not Applicable,Not Applicable,Others,"Kadabagere Cross, Magadi Main Road",Near Bharath Petrol Bunk,16,0.0,0.0,0,0,0.0,0.0
Bengaluru Dist,Madanayakanahally PS,1.04422e+16,2018,1,1,Road Accidents,Road hump or Rumble strips,Rural Areas,Near School or College,Human Error,No,Damage Only,Not Applicable,Not at  Junction,Straight and flat,Two way,Bitumen(Tar),Dry,No influence on accident,Clear,Totagere-Hesaraghatta Road,Venkatesh Murthy School,500 mt,0.0,0.0,0,0,0.0,0.0
Bengaluru Dist,Madanayakanahally PS,1.04422e+16,2018,1,3,Road Accidents,Circle,Rural Areas,Open area,Not Applicable,Not Applicable,Grievous Injury,Hit and Run,Not Applicable,Curve,Village Road,Not Applicable,Dry,Not Applicable,Clear,Doddipalya,Tree,10 KMs,0.0,0.0,0,0,0.0,0.0
Bengaluru Dist,Madanayakanahally PS,1.04422e+16,2018,1,1,Road Accidents,Other,Villages settlement,Residential area,Not Applicable,No,Grievous Injury,Hit animal,Not Applicable,Not Applicable,Village Road,Not Applicable,Dry,Not Applicable,Not Applicable,Kachohalli Road,Wines Shope,12km,0.0,0.0,0,0,0.0,0.0
Bengaluru Dist,Madanayakanahally PS,1.04422e+16,2018,1,1,Road Accidents,Narrow road,Rural Areas,Near Hospital,Human Error,Yes,Simple Injury,Hit and Run,Not Applicable,Others,State Highway,Bitumen(Tar),Dry,No influence on accident,Others,Magadi-Bangalore Main Road,Rajarajeshwari chowtri,50Feet,0.0,0.0,0,0,0.0,0.0
Bengaluru Dist,Madanayakanahally PS,1.04422e+16,2018,1,1,Road Accidents,Narrow road,Rural Areas,Near Hospital,Human Error,No,Grievous Injury,Not Applicable,Not at  Junction,Others,Others,Bitumen(Tar),Dry,No influence on accident,Clear,Magadi-Bangalore main road,Near Pooja Hospital,12 km,0.0,0.0,0,0,0.0,0.0
Bengaluru Dist,Madanayakanahally PS,1.04422e+16,2018,1,1,Road Accidents,Other,Villages settlement,Near or inside a village,Human Error,Yes,Fatal,Hit pedestrian,Uncontrolled,Not Applicable,Village Road,Bitumen(Tar),Dry,Not Applicable,Fine,rural road,near Mallasandra,15 kms,0.0,0.0,0,0,0.0,0.0
Bengaluru Dist,Madanayakanahally PS,1.04422e+16,2018,1,2,Road Accidents,Narrow road,Villages settlement,Near Bus stop,Human Error,No,Fatal,Rear end,Uncontrolled,Not Applicable,Village Road,Bitumen(Tar),Dry,Not Applicable,Fine,other road,near Byregowdanahalli colony,10 kms,0.0,0.0,0,0,0.0,0.0
Bengaluru Dist,Madanayakanahally PS,1.04422e+16,2018,1,2,Road Accidents,Other,Villages settlement,Near Bus stop,Human Error,No,Fatal,Side swipe,Uncontrolled,Others,State Highway,Bitumen(Tar),Dry,Not Applicable,Fine,state highway,near Machohalli forest gate,12 kms,0.0,0.0,0,0,0.0,0.0
Bengaluru Dist,Madanayakanahally PS,1.04422e+16,2018,1,2,Road Accidents,Narrow road,Rural Areas,Near Bus stop,Human Error,No,Damage Only,Rear end,Controlled,Others,State Highway,Bitumen(Tar),Dry,Not Applicable,Others,Chikkagollarahatti,Magadi Main road,15,0.0,0.0,0,0,0.0,0.0
Bengaluru Dist,Madanayakanahally PS,1.04422e+16,2018,1,1,Road Accidents,Curves,Rural Areas,Near Bus stop,Human Error,No,Fatal,Hit pedestrian,Not at  Junction,Curve,Others,Bitumen(Tar),Dry,Pot holed,Clear,Ravuthanahalli-Dasanapura Road,Near Gowdanahalli Colony,1/2 Km,0.0,0.0,5,0,0.0,5.0
Bengaluru Dist,Madanayakanahally PS,1.04422e+16,2018,1,2,Road Accidents,Not Applicable,Villages settlement,Open area,Not Applicable,No,Fatal,Not Applicable,Not Applicable,Not Applicable,Two way,Bitumen(Tar),Dry,Not Applicable,Fine,Near Gas Goden Ravuttanahalli Road,Near Gas Goden,6 Kms,0.0,0.0,0,0,0.0,0.0
Bengaluru Dist,Madanayakanahally PS,1.04422e+16,2018,1,2,Road Accidents,Other,Rural Areas,Residential area,Human Error,Yes,Simple Injury,Others,Not at  Junction,Others,Others,Concrete,Dry,No influence on accident,Others,Bhimeswar Nagara,Infront Of Rajanna House,01-Feb,0.0,0.0,0,0,0.0,0.0
Bengaluru Dist,Madanayakanahally PS,1.04422e+16,2018,1,1,Road Accidents,Other,Villages settlement,Open area,Human Error,No,Simple Injury,Others,Not at  Junction,Others,Village Road,Kutcha,Dry,No influence on accident,Clear,Totagere Road,xx,xx,0.0,0.0,0,0,4.0,4.0
Bengaluru Dist,Madanayakanahally PS,1.04422e+16,2018,1,2,Road Accidents,Not Applicable,Rural Areas,Open area,Not Applicable,Not Applicable,Fatal,Hit bicyclist,Not Applicable,Curve,Two way,Bitumen(Tar),Dry,Not Applicable,Clear,"Navile Layout, Nice Road",Navila Layout,6 Kms,0.0,0.0,0,0,0.0,0.0
Bengaluru Dist,Madanayakanahally PS,1.04422e+16,2018,1,1,Road Accidents,Other,Rural Areas,Near or inside a village,Human Error,No,Simple Injury,Others,Not at  Junction,Others,Village Road,Bitumen(Tar),Others,Not Applicable,Others,Ravuthanahalli Kittanahalli Main Road,NEAR VILLAGE,12,0.0,0.0,0,1,0.0,1.0
Bengaluru Dist,Madanayakanahally PS,1.04422e+16,2018,1,2,Road Accidents,Other,Villages settlement,Near Hospital,Human Error,No,Simple Injury,Others,Not at  Junction,Others,City or Town Road,Bitumen(Tar),Others,Not Applicable,Others,"Chikkagollarahatti, Magadi Main Road",Near Hospital,16 Km,0.0,0.0,0,1,0.0,1.0
Bengaluru Dist,Madanayakanahally PS,1.04422e+16,2018,1,2,Road Accidents,Narrow road,Rural Areas,Near a religious place,Human Error,No,Damage Only,Head on,Not at  Junction,Others,Village Road,Bitumen(Tar),Dry,No influence on accident,Fog / Mist,Lakshmipura.MNhalli-Gangondanahalli Main Road,choudeshvari temple,50 ft,0.0,0.0,0,0,0.0,0.0
Bengaluru Dist,Madanayakanahally PS,1.04422e+16,2018,1,1,Road Accidents,Cross roads,Rural Areas,Near or inside a village,Human Error,No,Fatal,Others,Uncontrolled,Others,Village Road,Bitumen(Tar),Dry,Not Applicable,Fine,rural road,near sondekoppa village,12 kms,0.0,0.0,0,0,0.0,0.0
Bengaluru Dist,Madanayakanahally PS,1.04422e+16,2018,1,2,Road Accidents,Narrow road,Villages settlement,Near or inside a village,Human Error,No,Fatal,Others,Uncontrolled,Others,Village Road,Bitumen(Tar),Dry,Not Applicable,Fine,other road,near makali,2 kms,0.0,0.0,0,0,0.0,0.0
Bengaluru Dist,Madanayakanahally PS,1.04422e+16,2018,1,1,Not Applicable,Other,Rural Areas,Near a religious place,Human Error,Not Applicable,Damage Only,Hit fixed object,Not Applicable,Not Applicable,Others,Bitumen(Tar),Dry,Not Applicable,Clear,Arishinakunte-Shivanapura Colony Road,Near Kalikamba Temple,6 km,0.0,0.0,0,0,0.0,0.0
Bengaluru Dist,Madanayakanahally PS,1.04422e+16,2018,1,2,Road Accidents,Not Applicable,Rural Areas,Residential area,Human Error,No,Grievous Injury,Hit bicyclist,Not at  Junction,Others,Residential Street,Bitumen(Tar),Dry,No influence on accident,Clear,Bangalore-Magadi Main Road,Infront Of Maruti Departmental Store,12 km,0.0,0.0,0,0,0.0,0.0
Bengaluru Dist,Madanayakanahally PS,1.04422e+16,2018,1,1,Road Accidents,Other,Rural Areas,Near Bus stop,Human Error,Yes,Grievous Injury,Hit and Run,Controlled,Others,Others,Bitumen(Tar),Dry,Not Applicable,Clear,JANAPRIYA TOWN SHIP,OPP KRISHNA BAR,15 KMS,0.0,0.0,0,0,0.0,0.0
Bengaluru Dist,Madanayakanahally PS,1.04422e+16,2018,1,2,Road Accidents,Curves,Rural Areas,Residential area,Human Error,Yes,Grievous Injury,Hit and Run,Not Applicable,Curve,Village Road,Bitumen(Tar),Dry,No influence on accident,Clear,Dasanapura-Ravutthanahalli Road,Gejjagadahalli Cross,0,0.0,0.0,0,0,0.0,0.0
Bengaluru Dist,Madanayakanahally PS,1.04422e+16,2018,1,2,Road Accidents,Not Applicable,Rural Areas,Near Hospital,Not Applicable,No,Grievous Injury,Hit pedestrian,Not Applicable,Not Applicable,State Highway,Not Applicable,Dry,Not Applicable,Not Applicable,Chikkagollarahatti Magadi Main Road,Madava Hospital,14Kms,0.0,0.0,0,0,0.0,0.0
Bengaluru Dist,Madanayakanahally PS,1.04422e+16,2018,1,1,Road Accidents,Curves,Villages settlement,Open area,Human Error,No,Damage Only,Overturning,Not Applicable,Others,Village Road,Bitumen(Tar),Dry,Not Applicable,Clear,SHIVANAPURA COLONY,SHIVANAPURA,8 KMS,0.0,0.0,0,0,0.0,0.0
Bengaluru Dist,Madanayakanahally PS,1.04422e+16,2018,1,1,Road Accidents,Not Applicable,Rural Areas,Open area,Human Error,Yes,Fatal,Hit and Run,Not Applicable,Not Applicable,Others,Bitumen(Tar),Dry,Not Applicable,Fine,Makali,Solar Gowden,3,0.0,0.0,0,0,0.0,0.0
Bengaluru Dist,Madanayakanahally PS,1.04422e+16,2018,1,2,Not Applicable,Not Applicable,City/Town,Near Hospital,Not Applicable,No,Damage Only,Hit parked vehicle,Not Applicable,Not Applicable,State Highway,Not Applicable,Dry,Not Applicable,Clear,Kenganar Hospital  Infront,Hospital,12 Kms,0.0,0.0,0,0,0.0,0.0
Bengaluru Dist,Madanayakanahally PS,1.04422e+16,2018,1,2,Road Accidents,Narrow road,Rural Areas,Near or inside a village,Human Error,No,Simple Injury,Hit pedestrian,Not at  Junction,Others,Village Road,Bitumen(Tar),Dry,No influence on accident,Others,Huskur Road,Near MLA Mayarani Garden Gate,100 Ft,0.0,0.0,0,0,0.0,0.0
Bengaluru Dist,Madanayakanahally PS,1.04422e+16,2018,1,1,Road Accidents,Other,Rural Areas,Near School or College,Human Error,Yes,Simple Injury,Hit pedestrian,Not Applicable,Others,Others,Concrete,Dry,No influence on accident,Clear,Makali-Huskooru Road,infront of Srushti school,2 km,0.0,0.0,0,0,0.0,0.0
Bengaluru Dist,Madanayakanahally PS,1.04422e+16,2018,1,1,Road Accidents,Other,Rural Areas,Near a factory industrial area,Human Error,No,Grievous Injury,Hit fixed object,Not Applicable,Others,Others,Concrete,Dry,No influence on accident,Clear,Inside Sun shine ellectro plates Factory,Sun shine ellectro plates Factory,9 km,0.0,0.0,0,0,0.0,0.0