DISTRICTNAME,UNITNAME,Crime_No,Year,RI,Noofvehicle_involved,Accident_Classification,Accident_Spot,Accident_Location,Accident_SubLocation,Main_Cause,Hit_Run,Severity,Collision_Type,Junction_Control,Road_Character,Road_Type,Surface_Type,Surface_Condition,Road_Condition,Weather,Accident_Road,Landmark_first,Distance_LandMark_First,Latitude,Longitude,Road_Condition_Score,Surface_Condition_Score,Surface_Type_Score,Road_Risk_Index
Bengaluru Dist,Madanayakanahally PS,1.04422e+16,2018,1,2,Road Accidents,Not Applicable,Rural Areas,Open area,Not Applicable,Yes,Grievous Injury,Hit and Run,Not Applicable,Not Applicable,One way,Not Applicable,Dry,Not Applicable,Clear,Anjaneya Temple Road,Near Temple,06 km,0.0,0.0,0,0,0.0,0.0
Bengaluru Dist,Madanayakanahally PS,1.04422e+16,2018,1,2,Road Accidents,Other,Rural Areas,Open area,Human Error,No,Simple Injury,Rear end,Not at  Junction,Others,Village Road,Bitumen(Tar),Dry,No influence on accident,Others,Madanayakanahalli-Kadabagere Road,Near Bar and Restorant,100 MT,0.0,0.0,0,0,0.0,0.0
Bengaluru Dist,Madanayakanahally PS,1.04422e+16,2018,1,2,Road Accidents,Not Applicable,Rural Areas,Open area,Human Error,Not Applicable,Fatal,Not Applicable,Not Applicable,Not Applicable,State Highway,Bitumen(Tar),Dry,Not Applicable,Not Applicable,Magadi Main Road,Forest Gate,15 Km,0.0,0.0,0,0,0.0,0.0
Bengaluru Dist,Madanayakanahally PS,1.04422e+16,2018,1,1,Not Applicable,Cross roads,Rural Areas,Open area,Not Applicable,No,Simple Injury,Skidding or Self accident,Not Applicable,Others,One way,Not Applicable,Dry,Not Applicable,Clear,Gayitri Nagara,Gayitri Nagara,13Kms,0.0,0.0,0,0,0.0,0.0
Bengaluru Dist,Madanayakanahally PS,1.04422e+16,2018,1,2,Road Accidents,Not Applicable,Rural Areas,Residential area,Not Applicable,Yes,Damage Only,Hit and Run,Not Applicable,Not Applicable,One way,Not Applicable,Dry,Not Applicable,Cloudy,Lakshmipura Madanayakanahalli,Vykunta Bar,05 Kms,0.0,0.0,0,0,0.0,0.0
Bengaluru Dist,Madanayakanahally PS,1.04422e+16,2018,1,2,Road Accidents,Circle,Villages settlement,Residential area,Human Error,Yes,Simple Injury,Hit and Run,Uncontrolled,Curve,Village Road,Kutcha,Muddy,Not Applicable,Clear,MADAVARA,MADAVARA,05 KMS,0.0,0.0,0,4,4.0,8.0
Bengaluru Dist,Madanayakanahally PS,1.04422e+16,2018,1,1,Road Accidents,Other,Villages settlement,Open area,Human Error,No,Damage Only,Hit fixed object,Not at  Junction,Others,Village Road,Bitumen(Tar),Others,No influence on accident,Others,Gopalapura-Hesaraghatta road,Nanjundeshwara waydridge,land,0.0,0.0,0,1,0.0,1.0
Bengaluru Dist,Madanayakanahally PS,1.04422e+16,2018,1,2,Not Applicable,Other,Rural Areas,Near Bus stop,Human Error,Yes,Grievous Injury,Head on,Give way sign,Not Applicable,State Highway,Bitumen(Tar),Dry,Not Applicable,Clear,STATE HAIWAY,MACHOHALLI GATE,15,0.0,0.0,0,0,0.0,0.0
Bengaluru Dist,Madanayakanahally PS,1.04422e+16,2018,1,2,Road Accidents,Not Applicable,Rural Areas,Near Petrol Pump,Not Applicable,Yes,Grievous Injury,Hit and Run,Not Applicable,Not Applicable,Two way,Not Applicable,Dry,Not Applicable,Clear,Navile Layout,Petrol Pump,6Km,0.0,0.0,0,0,0.0,0.0
Bengaluru Dist,Madanayakanahally PS,1.04422e+16,2018,1,2,Road Accidents,Narrow road,Rural Areas,Near Hospital,Human Error,Yes,Grievous Injury,Hit and Run,Not at  Junction,Others,State Highway,Bitumen(Tar),Dry,No influence on accident,Clear,Magadi-Bangalore Main Road,Hospital,30 ft,0.0,0.0,0,0,0.0,0.0
Bengaluru Dist,Madanayakanahally PS,1.04422e+16,2018,1,1,Road Accidents,Narrow road,Rural Areas,Open area,Human Error,No,Damage Only,Hit fixed object,Not at  Junction,Others,Village Road,Bitumen(Tar),Dry,No influence on accident,Clear,Huskur Road,Golden palms Hotel,20 ft,0.0,0.0,0,0,0.0,0.0
Bengaluru Dist,Madanayakanahally PS,1.04422e+16,2018,1,2,Road Accidents,Other,Rural Areas,Open area,Human Error,No,Simple Injury,Others,Not at  Junction,Not Applicable,Village Road,Bitumen(Tar),Dry,No influence on accident,Clear,Makali-Huskooru Road,Near Siri wines,2km,0.0,0.0,0,0,0.0,0.0
Bengaluru Dist,Madanayakanahally PS,1.04422e+16,2018,1,1,Road Accidents,Narrow road,Rural Areas,Near Bus stop,Human Error,Yes,Grievous Injury,Hit pedestrian,Not at  Junction,Straight and flat,Minor District Road,Bitumen(Tar),Dry,No influence on accident,Clear,Nelamangala-Sondekoppa Road,Bus stop,50 mtr,0.0,0.0,0,0,0.0,0.0
Bengaluru Dist,Madanayakanahally PS,1.04422e+16,2018,1,1,Road Accidents,Circle,Rural Areas,Near Bus stop,Human Error,Yes,Grievous Injury,Hit and Run,Not at  Junction,Curve,Minor District Road,Bitumen(Tar),Dry,No influence on accident,Others,MAGADI MAIN ROAD,BUS STOP,60 ft,0.0,0.0,0,0,0.0,0.0
Bengaluru Dist,Madanayakanahally PS,1.04422e+16,2018,1,1,Road Accidents,Other,Rural Areas,Near a factory industrial area,Human Error,No,Grievous Injury,Hit pedestrian,Not at  Junction,Others,Village Road,Bitumen(Tar),Dry,No influence on accident,Others,Huskur Road,Drinage,10 ft,0.0,0.0,0,0,0.0,0.0
Bengaluru Dist,Madanayakanahally PS,1.04422e+16,2018,1,2,Road Accidents,Other,Rural Areas,Near Bus stop,Human Error,Not Applicable,Grievous Injury,Hit bicyclist,Uncontrolled,Not Applicable,State Highway,Bitumen(Tar),Dry,Not Applicable,Not Applicable,Bengaluru-Magadi Road,Machohalli Gate,12,0.0,0.0,0,0,0.0,0.0
Bengaluru Dist,Madanayakanahally PS,1.04422e+16,2018,1,2,Road Accidents,Other,Rural Areas,Near a factory industrial area,Human Error,No,Fatal,Others,Uncontrolled,Not Applicable,Others,Bitumen(Tar),Dry,Not Applicable,Clear,"Huskur Road,",Huskur Road,4,0.0,0.0,0,0,0.0,0.0
Bengaluru Dist,Madanayakanahally PS,1.04422e+16,2018,1,2,Road Accidents,Curves,Rural Areas,Near or inside a village,Human Error,No,Grievous Injury,Overturning,Not at  Junction,Curve,Others,Bitumen(Tar),Dry,No influence on accident,Clear,Madanayakanahalli-Kuduregere Road,Infromt of Tejaswini farmhouse,1km,0.0,0.0,0,0,0.0,0.0
Bengaluru Dist,Madanayakanahally PS,1.04422e+16,2018,1,2,Road Accidents,Cross roads,Villages settlement,Near Hospital,Human Error,No,Grievous Injury,Head on,Uncontrolled,Others,Others,Bitumen(Tar),Dry,Not Applicable,Clear,SODEKOPPA,SONDEKOPPA,15 KMS,0.0,0.0,0,0,0.0,0.0
Bengaluru Dist,Madanayakanahally PS,1.04422e+16,2018,1,2,Road Accidents,Narrow road,Villages settlement,Near Hospital,Human Error,Yes,Grievous Injury,Hit and Run,Not at  Junction,Others,State Highway,Bitumen(Tar),Dry,No influence on accident,Others,MAGADI MAIN ROAD,HOSPITAL,30 ft,0.0,0.0,0,0,0.0,0.0
Bengaluru Dist,Madanayakanahally PS,1.04422e+16,2018,1,2,Road Accidents,Cross roads,Rural Areas,Near a religious place,Human Error,No,Grievous Injury,Others,Not at  Junction,Curve,Village Road,Bitumen(Tar),Dry,No influence on accident,Clear,Lakshmipura Road,NEAR TEMPLE,200 ft,0.0,0.0,0,0,0.0,0.0
Bengaluru Dist,Madanayakanahally PS,1.04422e+16,2018,1,1,Road Accidents,Other,Villages settlement,Open area,Human Error,No,Grievous Injury,Skidding or Self accident,Not at  Junction,Others,Village Road,Bitumen(Tar),Ditch or Potholed,No influence on accident,Clear,Gangondanahalli-Kacohalli Road,Shop,50 mtr,0.0,0.0,0,5,0.0,5.0
Bengaluru Dist,Madanayakanahally PS,1.04422e+16,2018,1,1,Road Accidents,Cross roads,Rural Areas,Open area,Human Error,Not Applicable,Damage Only,Overturning,Not Applicable,Curve,Village Road,Bitumen(Tar),Dry,Not Applicable,Clear,KUDUREGERE-THOTADAGUDDADAHALLI,KUDUREGERE,3 KMS,0.0,0.0,0,0,0.0,0.0
Bengaluru Dist,Madanayakanahally PS,1.04422e+16,2018,1,1,Road Accidents,Cross roads,Rural Areas,Near or inside a village,Human Error,No,Damage Only,Overturning,Not at  Junction,Curve,Village Road,Bitumen(Tar),Dry,No influence on accident,Others,Totagere-Torenagasandra Road,Shantakumar land,10 ft,0.0,0.0,0,0,0.0,0.0
Bengaluru Dist,Madanayakanahally PS,1.04422e+16,2018,1,2,Road Accidents,Not Applicable,Villages settlement,Near a factory industrial area,Not Applicable,No,Fatal,Others,Not Applicable,Not Applicable,Village Road,Bitumen(Tar),Dry,Not Applicable,Clear,"RMC Yard, Huskuru Road",Building,6 Kms,0.0,0.0,0,0,0.0,0.0
Bengaluru Dist,Madanayakanahally PS,1.04422e+16,2018,1,2,Road Accidents,Not Applicable,Rural Areas,Near Bus stop,Not Applicable,Not Applicable,Fatal,Not Applicable,Controlled,Not Applicable,State Highway,Bitumen(Tar),Dry,Not Applicable,Clear,Magadi Main Road,Chikkagollarahatti Bus Stop,15Kms,0.0,0.0,0,0,0.0,0.0
Bengaluru Dist,Madanayakanahally PS,1.04422e+16,2018,1,2,Road Accidents,Cross roads,Rural Areas,Open area,Human Error,No,Simple Injury,Head on,Not at  Junction,Others,Village Road,Bitumen(Tar),Dry,No influence on accident,Clear,Sondekoppa-Nelamangala road,Near Hullegutta cross,12km,0.0,0.0,0,0,0.0,0.0
Bengaluru Dist,Madanayakanahally PS,1.04422e+16,2018,1,2,Road Accidents,Not Applicable,Rural Areas,Near a factory industrial area,Not Applicable,Not Applicable,Fatal,Not Applicable,No signal lights,Not Applicable,Village Road,Bitumen(Tar),Dry,Not Applicable,Very Cold,Makali Huskur Road,Opp Axis  ATM Near,3 Kms,0.0,0.0,0,0,0.0,0.0
Bengaluru Dist,Madanayakanahally PS,1.04422e+16,2018,1,1,Road Accidents,Cross roads,Villages settlement,Open area,Human Error,No,Damage Only,Head on,Controlled,Curve,Village Road,Bitumen(Tar),Dry,Not Applicable,Very Cold,LAKMIPURA ROAD,LAKMIPURA,06 KMS,0.0,0.0,0,0,0.0,0.0
Bengaluru Dist,Madanayakanahally PS,1.04422e+16,2018,1,1,Road Accidents,Narrow road,Rural Areas,Near office complex,Human Error,No,Simple Injury,Hit pedestrian,Not at  Junction,Others,State Highway,Bitumen(Tar),Dry,No influence on accident,Others,Magadi-Bangalore Main Road,Infront of Byregowda New Complex,50Feet,0.0,0.0,0,0,0.0,0.0
Bengaluru Dist,Madanayakanahally PS,1.04422e+16,2018,1,1,Road Accidents,Other,Villages settlement,Near or inside a village,Human Error,Yes,Grievous Injury,Hit and Run,Not at  Junction,Others,Two way,Concrete,Dry,No influence on accident,Others,Madanayakanahalli Road,BUS STOP,100 MT,0.0,0.0,0,0,0.0,0.0
Bengaluru Dist,Madanayakanahally PS,1.04422e+16,2018,1,1,Not Applicable,Not Applicable,Villages settlement,Near Bus stop,Human Error,Not Applicable,Grievous Injury,Hit and Run,Not Applicable,Not Applicable,One way,Not Applicable,Not Applicable,Not Applicable,Clear,Thotadaguddadahalli,Temple,05 KMs,0.0,0.0,0,0,0.0,0.0
Bengaluru Dist,Madanayakanahally PS,1.04422e+16,2018,1,1,Road Accidents,Other,Villages settlement,Open area,Human Error,No,Grievous Injury,Head on,Not Applicable,Others,State Highway,Bitumen(Tar),Wet,Not Applicable,Cloudy,"Others Road,",Byregowdanahalli Gate,16 kms,0.0,0.0,0,3,0.0,3.0
Bengaluru Dist,Madanayakanahally PS,1.04422e+16,2018,1,2,Road Accidents,Not Applicable,Rural Areas,Open area,Not Applicable,Yes,Grievous Injury,Hit and Run,Not at  Junction,Not Applicable,State Highway,Bitumen(Tar),Dry,Not Applicable,Clear,Chikkagollarahatti,Davanagere benne dose Hotel,15Kms,0.0,0.0,0,0,0.0,0.0
Bengaluru Dist,Madanayakanahally PS,1.04422e+16,2018,1,2,Road Accidents,Other,Rural Areas,Residential area,Human Error,Not Applicable,Grievous Injury,Others,Not Applicable,Not Applicable,Village Road,Bitumen(Tar),Dry,No influence on accident,Others,Giddenahalli-Seegehalli Road,Near Hallow Box Bricks Factory,12km,0.0,0.0,0,0,0.0,0.0
Bengaluru Dist,Madanayakanahally PS,1.04422e+16,2018,1,2,Road Accidents,Other,Rural Areas,Near a factory industrial area,Human Error,No,Grievous Injury,Others,Not at  Junction,Not Applicable,Others,Bitumen(Tar),Dry,No influence on accident,Clear,Makali -Huskuru main road,Infront of BISSE Company,6 km,0.0,0.0,0,0,0.0,0.0
Bengaluru Dist,Madanayakanahally PS,1.04422e+16,2018,1,2,Road Accidents,Narrow road,Villages settlement,Open area,Human Error,No,Grievous Injury,Others,Not at  Junction,Others,Village Road,Bitumen(Tar),Dry,No influence on accident,Others,Magadi road-Kadabagere Road,Temple,1 fl,0.0,0.0,0,0,0.0,0.0
Bengaluru Dist,Madanayakanahally PS,1.04422e+16,2018,1,2,Road Accidents,Narrow road,Rural Areas,Near Bus stop,Human Error,Not Applicable,Damage Only,Vehicle to Vehicle,Not at  Junction,Others,State Highway,Bitumen(Tar),Dry,No influence on accident,Others,Chikkagollarahatti Bus stop,Chikkagollarahatti Bus stop,50 ft,0.0,0.0,0,0,0.0,0.0
Bengaluru Dist,Madanayakanahally PS,1.04422e+16,2018,1,2,Road Accidents,Other,Rural Areas,Near Hospital,Human Error,No,Damage Only,Head on,Controlled,Others,State Highway,Bitumen(Tar),Dry,Not Applicable,Very Cold,"Magadi Main Road,",Kachohalli Gate,15,0.0,0.0,0,0,0.0,0.0
Bengaluru Dist,Madanayakanahally PS,1.04422e+16,2018,1,1,Road Accidents,Cross roads,Rural Areas,Open area,Not Applicable,No,Fatal,Not Applicable,Not Applicable,Not Applicable,Village Road,Bitumen(Tar),Dry,Not Applicable,Clear,Honnasandra Cross,Honnasandra cross,06 Kms,0.0,0.0,0,0,0.0,0.0
Bengaluru Dist,Madanayakanahally PS,1.04422e+16,2018,1,1,Road Accidents,Other,Villages settlement,Open area,Human Error,No,Grievous Injury,Head on,Controlled,Not Applicable,State Highway,Bitumen(Tar),Dry,Not Applicable,Clear,Machohalli Gate,Magadi main road,15,0.0,0.0,0,0,0.0,0.0
Bengaluru Dist,Madanayakanahally PS,1.04422e+16,2018,1,1,Road Accidents,Cross roads,Rural Areas,Open area,Human Error,Yes,Fatal,Not Applicable,Not Applicable,Curve,State Highway,Bitumen(Tar),Dry,Not Applicable,Cloudy,Near Kadabagere Cross,Saritha Bar,8Kms,0.0,0.0,0,0,0.0,0.0
Bengaluru Dist,Madanayakanahally PS,1.04422e+16,2018,1,1,Road Accidents,Other,Villages settlement,Open area,Human Error,Yes,Fatal,Hit pedestrian,Not Applicable,Others,Village Road,Bitumen(Tar),Dry,Not Applicable,Clear,Madanayakanaha Halii kuduregere road,Totadagudda halli,04 KM,0.0,0.0,0,0,0.0,0.0
Bengaluru Dist,Madanayakanahally PS,1.04422e+16,2018,1,1,Road Accidents,Not Applicable,Rural Areas,Open area,Human Error,Not Applicable,Fatal,Hit and Run,Not Applicable,Others,State Highway,Bitumen(Tar),Dry,Drainage Ditch,Cloudy,Machohalli,Machohalli,15KMs,0.0,0.0,4,0,0.0,4.0
Bengaluru Dist,Madanayakanahally PS,1.04422e+16,2018,1,2,Road Accidents,Not Applicable,Rural Areas,Near Hospital,Not Applicable,Not Applicable,Grievous Injury,Hit bicyclist,Not Applicable,Not Applicable,One way,Bitumen(Tar),Dry,Not Applicable,Others,Chikkagollarahatti,Madava Hospital,15Kms,0.0,0.0,0,0,0.0,0.0
Bengaluru Dist,Madanayakanahally PS,1.04422e+16,2018,1,2,Road Accidents,Cross roads,Villages settlement,Near a factory industrial area,Human Error,Yes,Grievous Injury,Hit and Run,Uncontrolled,Curve,Village Road,Bitumen(Tar),Dry,Not Applicable,Clear,"HUSKURU ROAD,",HUSKURU ROAD,4 KMS,0.0,0.0,0,0,0.0,0.0
Bengaluru Dist,Madanayakanahally PS,1.04422e+16,2018,1,2,Road Accidents,Circle,Rural Areas,Near Bus stop,Human Error,No,Grievous Injury,Head on,Not at  Junction,Others,State Highway,Bitumen(Tar),Dry,No influence on accident,Others,MAGADI MAIN ROAD,BUS STOP,50 mtr,0.0,0.0,0,0,0.0,0.0
Bengaluru Dist,Madanayakanahally PS,1.04422e+16,2018,1,2,Road Accidents,Narrow road,Rural Areas,Near Bus stop,Human Error,Yes,Grievous Injury,Hit and Run,Not at  Junction,Others,State Highway,Bitumen(Tar),Dry,No influence on accident,Others,Magadi-Bangalore Main Road,Bus stop,1 flg,0.0,0.0,0,0,0.0,0.0
Bengaluru Dist,Madanayakanahally PS,1.04422e+16,2018,1,2,Road Accidents,Other,Villages settlement,Open area,Human Error,Yes,Grievous Injury,Hit and Run,Uncontrolled,Others,Village Road,Bitumen(Tar),Dry,Not Applicable,Clear,"Huskur road,",Anjaneya Temple,06 kms,0.0,0.0,0,0,0.0,0.0
Bengaluru Dist,Madanayakanahally PS,1.04422e+16,2018,1,1,Road Accidents,Staggered junction,Rural Areas,Near Bus stop,Human Error,Not Applicable,Fatal,Head on,Controlled,Not Applicable,State Highway,Not Applicable,Others,Not Applicable,Clear,Machohalli gate,Bus Stand,13 Kms,0.0,0.0,0,1,0.0,1.0
Bengaluru Dist,Madanayakanahally PS,1.04422e+16,2019,1,2,Road Accidents,Cross roads,Rural Areas,Open area,Not Applicable,Yes,Grievous Injury,Hit and Run,Not Applicable,Not Applicable,State Highway,Bitumen(Tar),Dry,Not Applicable,Cloudy,Magadi Main Road,Near Shanimahathma Temple,15 Kms,13.00044,77.440671,0,0,0.0,0.0
Bengaluru Dist,Madanayakanahally PS,1.04422e+16,2019,1,1,Road Accidents,Narrow road,Rural Areas,Near or inside a village,Not Applicable,Not Applicable,Simple Injury,Vehicle to Vehicle,Not Applicable,Not Applicable,One way,Bitumen(Tar),Dry,Not Applicable,Clear,Makali-Huskooru Road,Golden Form House Near,1 km,13.079733,77.4322709,0,0,0.0,0.0
Bengaluru Dist,Madanayakanahally PS,1.04422e+16,2019,1,2,Not Applicable,Narrow road,Rural Areas,Near School or College,Human Error,Not Applicable,Grievous Injury,Vehicle to Vehicle,Not at  Junction,Not Applicable,Residential Street,Bitumen(Tar),Dry,Not Applicable,Clear,Hullegowdanahalli-Karekall road,Near Govt School,10km,13.085416,77.464586,0,0,0.0,0.0
Bengaluru Dist,Madanayakanahally PS,1.04422e+16,2019,1,1,Road Accidents,Not Applicable,Rural Areas,Open area,Human Error,No,Grievous Injury,Hit pedestrian,Uncontrolled,Hump,State Highway,Bitumen(Tar),Dry,Not Applicable,Cloudy,Chikkagollarahatti,Near Shanimahathma temple,15 KMS,12.991294,77.462351,0,0,0.0,0.0
Bengaluru Dist,Madanayakanahally PS,1.04422e+16,2019,1,2,Road Accidents,Narrow road,Rural Areas,Open area,Not Applicable,No,Fatal,Hit bicyclist,Not Applicable,Not Applicable,Others,Bitumen(Tar),Not Applicable,Not Applicable,Clear,Alur Main Road,opp Muniramaiah Building,5 kms,13.077504,77.427323,0,0,0.0,0.0
Bengaluru Dist,Madanayakanahally PS,1.04422e+16,2019,1,2,Road Accidents,Cross roads,Rural Areas,Open area,Not Applicable,Not Applicable,Fatal,Hit bicyclist,Not Applicable,Not Applicable,State Highway,Bitumen(Tar),Dry,Not Applicable,Clear,Magadi Main Road Kadabagere Cross,Kadabagere Cross,10Km,12.991933,77.468315,0,0,0.0,0.0
Bengaluru Dist,Madanayakanahally PS,1.04422e+16,2019,1,1,Road Accidents,Not Applicable,Rural Areas,Near Bus stop,Human Error,Yes,Fatal,Hit pedestrian,Controlled,Not Applicable,State Highway,Bitumen(Tar),Dry,Not Applicable,Clear,Magadi Main Road,Near Hamsa Farm,15 Kms,13.059099,77.461889,0,0,0.0,0.0
Bengaluru Dist,Madanayakanahally PS,1.04422e+16,2019,1,2,Road Accidents,Not Applicable,Villages settlement,Residential area,Human Error,No,Fatal,Head on,Not Applicable,Others,Village Road,Bitumen(Tar),Dry,Not Applicable,Clear,opp Gathi Gowdan,Kudurege road,01 KMs,12.991777,77.459281,0,0,0.0,0.0
Bengaluru Dist,Madanayakanahally PS,1.04422e+16,2019,1,2,Road Accidents,Curves,Rural Areas,Near a factory industrial area,Not Applicable,No,Simple Injury,Vehicle to Vehicle,Not Applicable,Others,Others,Bitumen(Tar),Dry,Not Applicable,Clear,Makali-huskuru Road,Near Texport Factory,1/2 Km,13.061491,77.452,0,0,0.0,0.0
Bengaluru Dist,Madanayakanahally PS,1.04422e+16,2019,1,2,Road Accidents,Cross roads,Rural Areas,Near or inside a village,Human Error,No,Grievous Injury,Vehicle to Vehicle,Uncontrolled,Curve,Sub Arterial,Bitumen(Tar),Dry,No influence on accident,Clear,Village road,Hullegowdanahalli Village road,18,13.028589,77.4060299,0,0,0.0,0.0
Bengaluru Dist,Madanayakanahally PS,1.04422e+16,2019,1,2,Road Accidents,Other,Villages settlement,Open area,Human Error,No,Fatal,Head on,Uncontrolled,Curve,Others,Bitumen(Tar),Dry,Not Applicable,Clear,"Huskur Road,",Opp Unibic Bisket Factory,5,13.056287,77.449081,0,0,0.0,0.0
Bengaluru Dist,Madanayakanahally PS,1.04422e+16,2019,1,2,Road Accidents,Other,Rural Areas,Near or inside a village,Human Error,Not Applicable,Simple Injury,Others,Not Applicable,Others,Village Road,Bitumen(Tar),Dry,Not Applicable,Clear,Siddanahosalli-Lakshmipura Road,Lifeline Hospital Near,1km,13.104851,77.4261049,0,0,0.0,0.0
Bengaluru Dist,Madanayakanahally PS,1.04422e+16,2019,1,2,Road Accidents,Cross roads,Rural Areas,Open area,Human Error,Not Applicable,Grievous Injury,Vehicle to Vehicle,Not Applicable,Curve,Two way,Bitumen(Tar),Dry,Not Applicable,Clear,Makali Huskuru Main Road,Kodipalya Cross,6Km,13.092331,77.445251,0,0,0.0,0.0
Bengaluru Dist,Madanayakanahally PS,1.04422e+16,2019,1,2,Road Accidents,Narrow road,Rural Areas,Near or inside a village,Human Error,No,Grievous Injury,Head on,Not at  Junction,Others,Village Road,Concrete,Dry,No influence on accident,Clear,Bettanagere-Doddipalya,Water Tank,20 ft,13.119806,77.413993,0,0,0.0,0.0
Bengaluru Dist,Madanayakanahally PS,1.04422e+16,2019,1,2,Road Accidents,Offset,Rural Areas,Residential area,Human Error,Yes,Grievous Injury,Vehicle to Vehicle,Not at  Junction,Straight and flat,Others,Bitumen(Tar),Dry,No influence on accident,Clear,MAGADI - BANGALORE MAIN ROAD,Near Forest Gate,12,12.991872,77.453293,0,0,0.0,0.0
Bengaluru Dist,Madanayakanahally PS,1.04422e+16,2019,1,2,Road Accidents,Narrow road,Rural Areas,Near a recreation place/cinema,Human Error,Yes,Simple Injury,Head on,Not at  Junction,Others,Village Road,Bitumen(Tar),Dry,No influence on accident,Others,Makali-Huskur Road,Hotel,1 flg,13.099591,77.454214,0,0,0.0,0.0
Bengaluru Dist,Madanayakanahally PS,1.04422e+16,2019,1,1,Road Accidents,Not Applicable,Rural Areas,Near or inside a village,Human Error,Yes,Fatal,Not Applicable,Controlled,Not Applicable,Others,Bitumen(Tar),Dry,Not Applicable,Clear,"Huskur Road,",Near golden Sim Factory,06 kms,13.090386,77.444339,0,0,0.0,0.0
Bengaluru Dist,Madanayakanahally PS,1.04422e+16,2019,1,1,Road Accidents,Narrow road,Rural Areas,Residential area,Human Error,Not Applicable,Fatal,Not Applicable,Not Applicable,Not Applicable,Others,Bitumen(Tar),Not Applicable,Not Applicable,Not Applicable,Makali - Aluru Road,Near Heggadadevanapura village,2.5,13.078527,77.459184,0,0,0.0,0.0
Bengaluru Dist,Madanayakanahally PS,1.04422e+16,2019,1,1,Road Accidents,Narrow road,Rural Areas,Near Bus stop,Human Error,Yes,Grievous Injury,Hit pedestrian,Uncontrolled,Straight and flat,State Highway,Bitumen(Tar),Others,Not Applicable,Clear,Magadi Road,Magadi road,15,12.990785,77.465266,0,1,0.0,1.0
Bengaluru Dist,Madanayakanahally PS,1.04422e+16,2019,1,1,Road Accidents,Cross roads,City/Town,Near Hospital,Not Applicable,No,Fatal,Hit pedestrian,Not at  Junction,Curve,State Highway,Bitumen(Tar),Dry,Not Applicable,Clear,"Chikkagollarahatti, Kachohally Cross Near",Kenganar hospital,50 met,12.990509,77.469025,0,0,0.0,0.0
Bengaluru Dist,Madanayakanahally PS,1.04422e+16,2019,1,2,Road Accidents,Narrow road,Rural Areas,Open area,Human Error,No,Fatal,Vehicle to Vehicle,Not Applicable,Not Applicable,Others,Bitumen(Tar),Ditch or Potholed,Not Applicable,Others,Kitanahalli-Byandahalli Road,Near Byregowda Office,10,13.009952,77.422974,0,5,0.0,5.0
Bengaluru Dist,Madanayakanahally PS,1.04422e+16,2019,1,2,Road Accidents,Narrow road,City/Town,Near office complex,Human Error,No,Fatal,Vehicle to Vehicle,Not Applicable,Not Applicable,Others,Bitumen(Tar),Others,Not Applicable,Fine,Magadi Main Road,Near Rajarajeshwari Choultry,14,12.992475,77.4608419,0,1,0.0,1.0
Bengaluru Dist,Madanayakanahally PS,1.04422e+16,2019,1,1,Road Accidents,Narrow road,Rural Areas,Near or inside a village,Human Error,Yes,Simple Injury,Hit pedestrian,Not at  Junction,Straight and flat,Two way,Concrete,Dry,No influence on accident,Clear,Heggadadevanapura Village Road,KEB Pole,8 ft,13.075735,77.451438,0,0,0.0,0.0
Bengaluru Dist,Madanayakanahally PS,1.04422e+16,2019,1,2,Road Accidents,Junction,Rural Areas,Near office complex,Human Error,No,Simple Injury,Vehicle to Vehicle,Controlled,Others,State Highway,Bitumen(Tar),Dry,Not Applicable,Clear,MAGADI - BANGALORE MAIN ROAD,SAM MILL,50 FT,12.985178,77.445246,0,0,0.0,0.0
Bengaluru Dist,Madanayakanahally PS,1.04422e+16,2019,1,2,Road Accidents,Junction,Rural Areas,Open area,Human Error,No,Simple Injury,Vehicle to Vehicle,Controlled,Curve,Others,Bitumen(Tar),Dry,Not Applicable,Clear,HYDALU TO MAKALI ROAD,HUSKUR CROSS,12 FT,13.067505,77.451439,0,0,0.0,0.0
Bengaluru Dist,Madanayakanahally PS,1.04422e+16,2019,1,2,Road Accidents,Narrow road,Rural Areas,Near or inside a village,Human Error,No,Grievous Injury,Head on,Not at  Junction,Others,Village Road,Bitumen(Tar),Dry,No influence on accident,Others,Magdi road-Kadabagere cross Road,Hotel,200 ft,12.990861,77.448899,0,0,0.0,0.0
Bengaluru Dist,Madanayakanahally PS,1.04422e+16,2019,1,1,Road Accidents,Not Applicable,Rural Areas,Open area,Vehicle Defect,No,Simple Injury,Hit bicyclist,Not Applicable,Not Applicable,One way,Bitumen(Tar),Dry,Not Applicable,Clear,BDA Complex,BDA Complex,4kms,13.091665,77.4489629,0,0,0.0,0.0