DISTRICTNAME,UNITNAME,Crime_No,Year,RI,Noofvehicle_involved,Accident_Classification,Accident_Spot,Accident_Location,Accident_SubLocation,Main_Cause,Hit_Run,Severity,Collision_Type,Junction_Control,Road_Character,Road_Type,Surface_Type,Surface_Condition,Road_Condition,Weather,Accident_Road,Landmark_first,Distance_LandMark_First,Latitude,Longitude,Road_Condition_Score,Surface_Condition_Score,Surface_Type_Score,Road_Risk_Index
Bengaluru Dist,Madanayakanahally PS,1.04422e+16,2019,1,2,Road Accidents,Narrow road,Rural Areas,Near Bus stop,Human Error,No,Fatal,Hit bicyclist,Not Applicable,Not Applicable,Others,Bitumen(Tar),Dry,Not Applicable,Clear,MAKALI - ALUR MAIN ROAD,OPP MUNIAMAIAH BUILDING,5,13.087054,77.460566,0,0,0.0,0.0
Bengaluru Dist,Madanayakanahally PS,1.04422e+16,2019,1,1,Road Accidents,Narrow road,City/Town,Near Bus stop,Not Applicable,No,Grievous Injury,Hit pedestrian,Not Applicable,Others,State Highway,Bitumen(Tar),Dry,Not Applicable,Clear,"Magadi Main Road, Sigwhally Gate",Sigehally Bus stop,1/2 Km,12.984004,77.443892,0,0,0.0,0.0
Bengaluru Dist,Madanayakanahally PS,1.04422e+16,2019,1,1,Road Accidents,Narrow road,Rural Areas,Near Bus stop,Human Error,No,Grievous Injury,Hit pedestrian,Not at  Junction,Not Applicable,State Highway,Bitumen(Tar),Dry,No influence on accident,Others,Magadi-Bangalore Main Road,Near Hotel,12 ft,12.990935,77.45472,0,0,0.0,0.0
Bengaluru Dist,Madanayakanahally PS,1.04422e+16,2019,1,1,Road Accidents,Cross roads,Rural Areas,Near office complex,Human Error,No,Simple Injury,Hit pedestrian,Controlled,Others,Others,Bitumen(Tar),Dry,Not Applicable,Clear,MAKALI - HUSKUR ROAD,TATA HOUSEING MAIN GATE,25 FT,13.102705,77.443426,0,0,0.0,0.0
Bengaluru Dist,Madanayakanahally PS,1.04422e+16,2019,1,1,Road Accidents,Other,Rural Areas,Residential area,Human Error,Yes,Grievous Injury,Hit and Run,Not at  Junction,Straight and flat,State Highway,Bitumen(Tar),Dry,No influence on accident,Clear,Madanayakanahalli-Lakshmipura road,Near Durga parameswari Provision store,4 km,12.986514,77.429759,0,0,0.0,0.0
Bengaluru Dist,Madanayakanahally PS,1.04422e+16,2019,1,1,Road Accidents,Not Applicable,Villages settlement,Near Bus stop,Human Error,Yes,Fatal,Rear end,Not at  Junction,Not Applicable,Village Road,Bitumen(Tar),Dry,Not Applicable,Clear,Kadabagere,Kadabagere Panchayath,15 kms,12.992489,77.446852,0,0,0.0,0.0
Bengaluru Dist,Madanayakanahally PS,1.04422e+16,2019,1,1,Road Accidents,Cross roads,Rural Areas,Near School or College,Human Error,No,Grievous Injury,Hit pedestrian,Not at  Junction,Curve,Major District Road,Bitumen(Tar),Dry,No influence on accident,Clear,Nelamangala-Sondekoppa Road,Govt School,300ft,13.021025,77.3840309,0,0,0.0,0.0
Bengaluru Dist,Madanayakanahally PS,1.04422e+16,2019,1,1,Road Accidents,Cross roads,Rural Areas,Near or inside a village,Human Error,Yes,Grievous Injury,Hit pedestrian,Not at  Junction,Slight Curve,Two way,Bitumen(Tar),Dry,No influence on accident,Clear,Shrikantapura-Thotadaguddadahalli,Vishwanath Building,75 ft,13.0571,77.489191,0,0,0.0,0.0
Bengaluru Dist,Madanayakanahally PS,1.04422e+16,2019,1,2,Road Accidents,Narrow road,Rural Areas,Near Bus stop,Vehicle Defect,Yes,Simple Injury,Vehicle to Vehicle,Not at  Junction,Curve,Two way,Bitumen(Tar),Dry,Not Applicable,Clear,Kuduregere Road,Kuduregere Lake,1/2 Km,13.072232,77.469482,0,0,0.0,0.0
Bengaluru Dist,Madanayakanahally PS,1.04422e+16,2019,1,2,Road Accidents,Curves,Rural Areas,Near Bus stop,Not Applicable,No,Fatal,Vehicle to Vehicle,Not at  Junction,Curve,State Highway,Bitumen(Tar),Dry,Not Applicable,Clear,Nelamangala-Thavarekere Road,Gayithrinagara Cross,50 me,13.012507,77.380924,0,0,0.0,0.0
Bengaluru Dist,Madanayakanahally PS,1.04422e+16,2019,1,2,Road Accidents,Other,Rural Areas,Near or inside a village,Human Error,No,Grievous Injury,Head on,Not at  Junction,Others,Village Road,Bitumen(Tar),Dry,No influence on accident,Clear,Makali-Hyadalu Road,Chowdaiah House,60 ft,13.071677,77.429067,0,0,0.0,0.0
Bengaluru Dist,Madanayakanahally PS,1.04422e+16,2019,1,2,Road Accidents,Not Applicable,Villages settlement,Near or inside a village,Human Error,No,Fatal,Overturning,Controlled,Not Applicable,Others,Bitumen(Tar),Dry,Not Applicable,Clear,"makali huskur road,",makali huskur road,5,13.065545,77.442883,0,0,0.0,0.0
Bengaluru Dist,Madanayakanahally PS,1.04422e+16,2019,1,2,Road Accidents,Narrow road,Rural Areas,Near or inside a village,Human Error,Yes,Grievous Injury,Vehicle to Vehicle,Not at  Junction,Straight and flat,Two way,Bitumen(Tar),Dry,No influence on accident,Clear,Makali-Aluru Main Road,Karnataka bank ATM,150 ft,13.05185,77.477389,0,0,0.0,0.0
Bengaluru Dist,Madanayakanahally PS,1.04422e+16,2019,1,2,Road Accidents,Narrow road,Rural Areas,Near or inside a village,Human Error,Yes,Simple Injury,Vehicle to Vehicle,Not at  Junction,Others,Sub Arterial,Bitumen(Tar),Dry,No influence on accident,Others,Magadi Road-kodigehalli Road,Chowtri,50 ft,12.991598,77.462064,0,0,0.0,0.0
Bengaluru Dist,Madanayakanahally PS,1.04422e+16,2019,1,2,Road Accidents,Cross roads,Rural Areas,Near a religious place,Human Error,No,Grievous Injury,Hit bicyclist,Not Applicable,Not Applicable,One way,Bitumen(Tar),Dry,Not Applicable,Clear,Makali-Huskooru Road,Sony Goden,4Kms,13.071364,77.452552,0,0,0.0,0.0
Bengaluru Dist,Madanayakanahally PS,1.04422e+16,2019,1,2,Road Accidents,Cross roads,Rural Areas,Near Bus stop,Human Error,No,Simple Injury,Vehicle to Vehicle,Controlled,Straight and flat,State Highway,Bitumen(Tar),Others,Not Applicable,Clear,BANGALORE TO MAGADI ROAD,SRI ANJINEYA SWAMY TEMPLE,80 FT,12.996029,77.451186,0,1,0.0,1.0
Bengaluru Dist,Madanayakanahally PS,1.04422e+16,2019,1,2,Road Accidents,Curves,City/Town,Residential area,Not Applicable,No,Grievous Injury,Vehicle to Vehicle,Not at  Junction,Curve,NH,Bitumen(Tar),Dry,Not Applicable,Clear,Magadi main Road,Vani School Near,0.5,12.989706,77.451119,0,0,0.0,0.0
Bengaluru Dist,Madanayakanahally PS,1.04422e+16,2019,1,1,Road Accidents,Offset,Rural Areas,Near School or College,Human Error,No,Grievous Injury,Not Applicable,Not at  Junction,Not Applicable,Others,Bitumen(Tar),Dry,No influence on accident,Clear,Hullegowdanahalli-Karekallapalya Road,Infront of Govt High School,12km,13.060839,77.41132,0,0,0.0,0.0
Bengaluru Dist,Madanayakanahally PS,1.04422e+16,2019,1,1,Road Accidents,Narrow road,Rural Areas,Residential area,Human Error,No,Simple Injury,Not Applicable,Not at  Junction,Not Applicable,Others,Bitumen(Tar),Dry,No influence on accident,Clear,Makali-Aluru Road,Infront Of Uday Shankar House,4 km,13.075945,77.459265,0,0,0.0,0.0
Bengaluru Dist,Madanayakanahally PS,1.04422e+16,2019,1,2,Road Accidents,Cross roads,Rural Areas,Near Bus stop,Not Applicable,Not Applicable,Grievous Injury,Hit bicyclist,Not Applicable,Curve,One way,Bitumen(Tar),Dry,Drainage Ditch,Clear,Thotadaguddafahalli Bus Stand,Bus Stand,4Kms,13.076277,77.472444,4,0,0.0,4.0
Bengaluru Dist,Madanayakanahally PS,1.04422e+16,2019,1,2,Road Accidents,Narrow road,Rural Areas,Near Bus stop,Not Applicable,No,Simple Injury,Vehicle to Vehicle,Not Applicable,Others,Service Road,Bitumen(Tar),Dry,Not Applicable,Clear,"Magadi Main Road, Byandanahally Near",Near Bus Stop,1 Km,13.007225,77.442476,0,0,0.0,0.0
Bengaluru Dist,Madanayakanahally PS,1.04422e+16,2019,1,2,Road Accidents,Cross roads,Rural Areas,Open area,Not Applicable,No,Grievous Injury,Vehicle to Vehicle,Give way sign,Curve,One way,Bitumen(Tar),Dry,Not Applicable,Clear,Thammenahalli Road,Thammenahalli Cross,04 Kms,13.077561,77.483312,0,0,0.0,0.0
Bengaluru Dist,Madanayakanahally PS,1.04422e+16,2019,1,2,Road Accidents,Narrow road,Rural Areas,Near Bus stop,Human Error,No,Fatal,Vehicle to Vehicle,No signal lights,Straight and flat,State Highway,Bitumen(Tar),Dry,Not Applicable,Cloudy,sh,Machohalli Gate,10,12.990947,77.457411,0,0,0.0,0.0
Bengaluru Dist,Madanayakanahally PS,1.04422e+16,2019,1,2,Road Accidents,Curves,Rural Areas,Near office complex,Human Error,No,Simple Injury,Vehicle to Vehicle,Controlled,Hump,State Highway,Bitumen(Tar),Dry,Not Applicable,Clear,BANGALORE TO MAGADI ROAD,RAJARAJESHWARI KALAYANA MANTAP,500 FT,13.103845,77.462676,0,0,0.0,0.0
Bengaluru Dist,Madanayakanahally PS,1.04422e+16,2019,1,2,Road Accidents,Narrow road,Rural Areas,Residential area,Human Error,No,Grievous Injury,Hit bicyclist,Not Applicable,Not Applicable,Residential Street,Bitumen(Tar),Dry,No influence on accident,Clear,Makali-Huskuru Road,Near Nisarga Layout,5 km,13.071153,77.452695,0,0,0.0,0.0
Bengaluru Dist,Madanayakanahally PS,1.04422e+16,2019,1,2,Road Accidents,Cross roads,Rural Areas,Open area,Human Error,Yes,Fatal,Vehicle to Vehicle,Controlled,Not Applicable,State Highway,Bitumen(Tar),Dry,Not Applicable,Clear,"Magadi Main road,",Machohalli Gate,15 KMS,12.990956,77.454637,0,0,0.0,0.0
Bengaluru Dist,Madanayakanahally PS,1.04422e+16,2019,1,2,Road Accidents,Narrow road,Rural Areas,Near School or College,Human Error,No,Grievous Injury,Vehicle to Vehicle,Not at  Junction,Not Applicable,Others,Concrete,Dry,No influence on accident,Others,Makali-Heggadadevanapura Road,School,150ft,13.067954,77.452164,0,0,0.0,0.0
Bengaluru Dist,Madanayakanahally PS,1.04422e+16,2019,1,2,Road Accidents,Narrow road,Rural Areas,Open area,Not Applicable,No,Fatal,Vehicle to Vehicle,Not Applicable,Others,Others,Bitumen(Tar),Dry,Not Applicable,Clear,Rampalya Road,Near Huskuru Bus Staop,500m,13.120734,77.42422,0,0,0.0,0.0
Bengaluru Dist,Madanayakanahally PS,1.04422e+16,2019,1,1,Road Accidents,Narrow road,Rural Areas,Near office complex,Human Error,Not Applicable,Grievous Injury,Not Applicable,Not at  Junction,Others,State Highway,Bitumen(Tar),Dry,No influence on accident,Clear,Bangalore-Magadi Road,Infront Of Manjushree Complex,15 km,12.984998,77.444754,0,0,0.0,0.0
Bengaluru Dist,Madanayakanahally PS,1.04422e+16,2019,1,2,Road Accidents,Narrow road,Rural Areas,Near Bus stop,Human Error,No,Grievous Injury,Vehicle to Vehicle,Uncontrolled,Not Applicable,State Highway,Bitumen(Tar),Dry,Not Applicable,Clear,SH,Magadi Road,10,12.99182,77.459952,0,0,0.0,0.0
Bengaluru Dist,Madanayakanahally PS,1.04422e+16,2019,1,1,Road Accidents,Narrow road,Rural Areas,Open area,Not Applicable,Not Applicable,Simple Injury,Hit pedestrian,No signal lights,Not Applicable,Sub Arterial,Bitumen(Tar),Dry,Not Applicable,Clear,Kokuyo Camlin Ltd Goden,Kokuyo Camlin Ltd Goden,3 Kms,13.066218,77.440107,0,0,0.0,0.0
Bengaluru Dist,Madanayakanahally PS,1.04422e+16,2019,1,2,Road Accidents,Narrow road,Rural Areas,Open area,Not Applicable,Not Applicable,Grievous Injury,Vehicle to Vehicle,Not Applicable,Others,Others,Bitumen(Tar),Dry,Not Applicable,Clear,Gopalpura-Thotagere Road,Thotagere Near Manjunatha Land,1/2 KM,13.147521,77.4424079,0,0,0.0,0.0
Bengaluru Dist,Madanayakanahally PS,1.04422e+16,2019,1,1,Road Accidents,Narrow road,City/Town,Near Bus stop,Human Error,No,Grievous Injury,Hit pedestrian,Uncontrolled,Straight and flat,State Highway,Bitumen(Tar),Dry,No influence on accident,Clear,Kachohally Gate,kachohally Bus Stop,11 KM,12.995351,77.4710449,0,0,0.0,0.0
Bengaluru Dist,Madanayakanahally PS,1.04422e+16,2019,1,2,Road Accidents,Bottleneck,Rural Areas,Near Bus stop,Not Applicable,No,Fatal,Vehicle to Vehicle,Stop sign,Incline,State Highway,Bitumen(Tar),Dry,Not Applicable,Clear,"Makali-Huskuru ROad, Pillahaly Bus Stop",Pallahally Bus Stop,0.5 Km,13.106185,77.445016,0,0,0.0,0.0
Bengaluru Dist,Madanayakanahally PS,1.04422e+16,2019,1,1,Road Accidents,Not Applicable,Rural Areas,Near a factory industrial area,Human Error,Not Applicable,Grievous Injury,Not Applicable,Not at  Junction,Others,Others,Not Applicable,Others,No influence on accident,Clear,Kachohalli Industrial area,Infront of Shri Sai enterpreses,12 km,13.000582,77.4706839,0,1,0.0,1.0
Bengaluru Dist,Madanayakanahally PS,1.04422e+16,2019,1,2,Road Accidents,Cross roads,Rural Areas,Near Hospital,Human Error,Yes,Fatal,Vehicle to Vehicle,Not at  Junction,Curve,Others,Bitumen(Tar),Dry,Not Applicable,Clear,"Kadabagere Cross, Ganesh Medicle Near",Ganesh Medicle Near,100mtr,12.989242,77.44896,0,0,0.0,0.0
Bengaluru Dist,Madanayakanahally PS,1.04422e+16,2019,1,2,Road Accidents,Other,Not Applicable,Near a factory industrial area,Not Applicable,Not Applicable,Simple Injury,Others,Not Applicable,Others,State Highway,Bitumen(Tar),Dry,Not Applicable,Clear,Kachohally-Gangondanahally Road,Near R v Granaitee Factory,1 km,12.990532,77.468992,0,0,0.0,0.0
Bengaluru Dist,Madanayakanahally PS,1.04422e+16,2019,1,2,Road Accidents,Narrow road,Rural Areas,Near Bus stop,Human Error,No,Fatal,Vehicle to Vehicle,Not at  Junction,Straight and flat,State Highway,Bitumen(Tar),Dry,Not Applicable,Fine,SH,near sigehalli gate,10,12.984116,77.44396,0,0,0.0,0.0
Bengaluru Dist,Madanayakanahally PS,1.04422e+16,2019,1,3,Road Accidents,Narrow road,Rural Areas,Near or inside a village,Not Applicable,No,Simple Injury,Vehicle to Vehicle,Not Applicable,Others,Others,Bitumen(Tar),Dry,Not Applicable,Clear,Makli-Huskur Road,Near Aluru Cricket Stadium,1km,13.04718,77.454496,0,0,0.0,0.0
Bengaluru Dist,Madanayakanahally PS,1.04422e+16,2019,1,1,Road Accidents,Narrow road,Rural Areas,Near a religious place,Human Error,Not Applicable,Grievous Injury,Hit pedestrian,Not at  Junction,Not Applicable,State Highway,Bitumen(Tar),Dry,No influence on accident,Clear,Magadi-Bangalore Main road,Near Anjeneya Temple Chikkgollarahatti,12km,12.989854,77.4637209,0,0,0.0,0.0
Bengaluru Dist,Madanayakanahally PS,1.04422e+16,2019,1,2,Road Accidents,Not Applicable,Rural Areas,Open area,Not Applicable,Yes,Grievous Injury,Not Applicable,Not Applicable,Curve,State Highway,Bitumen(Tar),Dry,Not Applicable,Clear,Kachohalli Road,Near Aladamara,12 KMs,12.993187,77.465405,0,0,0.0,0.0
Bengaluru Dist,Madanayakanahally PS,1.04422e+16,2019,1,2,Road Accidents,Narrow road,Rural Areas,Near Petrol Pump,Human Error,Yes,Grievous Injury,Vehicle to Vehicle,No signal lights,Curve and Incline,State Highway,Bitumen(Tar),Dry,No influence on accident,Fine,"Kadabagere Cross, Magadi Main Road",Near Bharath Petrol Bunk,10 m,12.992262,77.424834,0,0,0.0,0.0
Bengaluru Dist,Madanayakanahally PS,1.04422e+16,2019,1,2,Road Accidents,Curves,Rural Areas,Near or inside a village,Human Error,Yes,Grievous Injury,Vehicle to Vehicle,Not at  Junction,Curve,Two way,Bitumen(Tar),Dry,No influence on accident,Clear,Kachohalli-Magadi main Road,KM Motors,300ft,12.999149,77.470468,0,0,0.0,0.0
Bengaluru Dist,Madanayakanahally PS,1.04422e+16,2019,1,2,Road Accidents,Narrow road,Rural Areas,Near or inside a village,Human Error,No,Damage Only,Vehicle to Vehicle,Not at  Junction,Straight and flat,State Highway,Bitumen(Tar),Dry,No influence on accident,Clear,Makli-Huskur Road,Near Siri Vaine,3km,13.080301,77.450497,0,0,0.0,0.0
Bengaluru Dist,Madanayakanahally PS,1.04422e+16,2019,1,2,Road Accidents,Not Applicable,Rural Areas,Near office complex,Human Error,Yes,Fatal,Vehicle to Vehicle,Uncontrolled,Not Applicable,State Highway,Bitumen(Tar),Dry,Not Applicable,Clear,"Makali Huskur Road,",Galaxi gowdan,5 KMs,13.070163,77.452761,0,0,0.0,0.0
Bengaluru Dist,Madanayakanahally PS,1.04422e+16,2019,1,2,Road Accidents,Cross roads,Rural Areas,At pedestrian Crossing,Human Error,No,Grievous Injury,Vehicle to Vehicle,Not at  Junction,Others,Residential Street,Bitumen(Tar),Dry,No influence on accident,Clear,Makli-Huskur Road,Kodipalya Cross,8,13.091679,77.437786,0,0,0.0,0.0
Bengaluru Dist,Madanayakanahally PS,1.04422e+16,2019,1,1,Road Accidents,Narrow road,Rural Areas,Near or inside a village,Human Error,No,Fatal,Not Applicable,Not Applicable,Not Applicable,Others,Bitumen(Tar),Ditch or Potholed,Not Applicable,Cloudy,Chikka kukkanahalli,Near Nagaraju Godambi Thota,12,13.115093,77.475794,0,5,0.0,5.0
Bengaluru Dist,Madanayakanahally PS,1.04422e+16,2019,1,3,Road Accidents,Curves,Rural Areas,Near a factory industrial area,Human Error,No,Grievous Injury,Overturning,Not at  Junction,Curve,Others,Bitumen(Tar),Dry,No influence on accident,Clear,Gangondanahalli-Lakshmipura Road,Infront of Veerabadresvara Ganite,8 km,13.049688,77.419419,0,0,0.0,0.0
Bengaluru Dist,Madanayakanahally PS,1.04422e+16,2019,1,1,Road Accidents,Not Applicable,Rural Areas,Near Petrol Pump,Not Applicable,Not Applicable,Fatal,Not Applicable,Not Applicable,Not Applicable,Two way,Bitumen(Tar),Dry,Not Applicable,Clear,Nelamanagala Sondekoppa Road,Near petrol bunk,15kms,13.070392,77.444682,0,0,0.0,0.0
Bengaluru Dist,Madanayakanahally PS,1.04422e+16,2019,1,2,Road Accidents,Cross roads,Rural Areas,Narrow bridge or culverts,Not Applicable,Not Applicable,Simple Injury,Vehicle to Vehicle,Not Applicable,Others,Others,Bitumen(Tar),Dry,No influence on accident,Clear,Makli-Huskur Road,Near RMC Market,6 km,13.001933,77.440034,0,0,0.0,0.0
Bengaluru Dist,Madanayakanahally PS,1.04422e+16,2019,1,2,Not Applicable,Not Applicable,City/Town,Near a factory industrial area,Not Applicable,Not Applicable,Not Applicable,Not Applicable,Not Applicable,Others,State Highway,Bitumen(Tar),Dry,Not Applicable,Clear,Magadi Main Road,Shahi Garments Opposite,1/2 Km,12.989047,77.47147,0,0,0.0,0.0
Bengaluru Dist,Madanayakanahally PS,1.04422e+16,2019,1,1,Road Accidents,Not Applicable,Rural Areas,Near School or College,Human Error,No,Grievous Injury,Hit pedestrian,Uncontrolled,Not Applicable,State Highway,Bitumen(Tar),Dry,Not Applicable,Cloudy,Chikkagollarahatti,Near Embasis School,15 Kms,12.989706,77.466425,0,0,0.0,0.0
Bengaluru Dist,Madanayakanahally PS,1.04422e+16,2019,1,2,Road Accidents,Cross roads,Rural Areas,Near or inside a village,Human Error,No,Grievous Injury,Vehicle to Vehicle,Not at  Junction,Curve,Two way,Bitumen(Tar),Dry,No influence on accident,Clear,Kachohalli-Magadi main Road,KM Motors service station,500 ft,13.001352,77.469586,0,0,0.0,0.0
Bengaluru Dist,Madanayakanahally PS,1.04422e+16,2019,1,2,Road Accidents,Cross roads,Rural Areas,Near Bus stop,Not Applicable,No,Fatal,Vehicle to Vehicle,Not Applicable,Curve,Service Road,Bitumen(Tar),Dry,Not Applicable,Clear,"Makali-hyadalu Road, Doddipalya Cross",Near Doddipalya Cross,1/2 Km,13.074976,77.432984,0,0,0.0,0.0
Bengaluru Dist,Madanayakanahally PS,1.04422e+16,2019,1,1,Road Accidents,Not Applicable,Rural Areas,Residential area,Not Applicable,Not Applicable,Simple Injury,Not Applicable,Not Applicable,Others,State Highway,Not Applicable,Dry,Not Applicable,Clear,Metipalya-mallasandra Road,Thushar Dhaba Near,1 km,13.009881,77.419056,0,0,0.0,0.0
Bengaluru Dist,Madanayakanahally PS,1.04422e+16,2019,1,2,Road Accidents,Curves,Rural Areas,Open area,Human Error,No,Grievous Injury,Hit bicyclist,Not at  Junction,Curve and Incline,Village Road,Bitumen(Tar),Dry,No influence on accident,Clear,Kadaranahalli-Kammasandra Road,Near Channabasavaiah Land,8km,13.041414,77.4485109,0,0,0.0,0.0
Bengaluru Dist,Madanayakanahally PS,1.04422e+16,2019,1,1,Road Accidents,Cross roads,Rural Areas,Open area,Human Error,Yes,Simple Injury,Hit pedestrian,Controlled,Others,Others,Bitumen(Tar),Dry,Not Applicable,Clear,NELAMANGALA TO SONDEKOPPA ROAD,BUS STOP,10 FT,13.07496,77.393803,0,0,0.0,0.0
Bengaluru Dist,Madanayakanahally PS,1.04422e+16,2019,1,2,Road Accidents,Cross roads,Rural Areas,Residential area,Not Applicable,Yes,Grievous Injury,Vehicle to Vehicle,Not at  Junction,Curve,Others,Bitumen(Tar),Dry,Not Applicable,Clear,"Makali-Huskuru Road, Vaderahalli",Near Vaderahalli water Filter,1/2 KM,13.10525,77.443598,0,0,0.0,0.0
Bengaluru Dist,Madanayakanahally PS,1.04422e+16,2019,1,2,Road Accidents,Curves,City/Town,Near Hospital,Human Error,No,Simple Injury,Vehicle to Vehicle,Not at  Junction,Curve,State Highway,Bitumen(Tar),Dry,Not Applicable,Clear,"Bengaluru-Magadi Main Road, Machohalli Cross Near",Near Hospital,1/2 Km,12.99262,77.45221,0,0,0.0,0.0
Bengaluru Dist,Madanayakanahally PS,1.04422e+16,2019,1,2,Road Accidents,Cross roads,Rural Areas,Open area,Not Applicable,No,Simple Injury,Vehicle to Vehicle,Controlled,Curve,One way,Bitumen(Tar),Dry,Not Applicable,Clear,Kittanahalli Road,Kittanahalli Road,10,13.00951,77.419322,0,0,0.0,0.0
Bengaluru Dist,Madanayakanahally PS,1.04422e+16,2020,1,1,Road Accidents,Narrow road,Rural Areas,Near or inside a village,Human Error,Yes,Grievous Injury,Hit pedestrian,Not at  Junction,Straight and flat,Two way,Bitumen(Tar),Dry,No influence on accident,Clear,Janapriyatownship-Byndahalli Road,Byndahalli Cross,250 ft,12.996981,77.450899,0,0,0.0,0.0
Bengaluru Dist,Madanayakanahally PS,1.04422e+16,2020,1,2,Road Accidents,Cross roads,Rural Areas,Open area,Not Applicable,Yes,Grievous Injury,Hit bicyclist,Not Applicable,Others,One way,Bitumen(Tar),Dry,Not Applicable,Clear,Kithanhalli Byandanahalli Main Road,Kithanahalli byandanahalli Main Road,12 Kms,13.007523,77.442622,0,0,0.0,0.0
Bengaluru Dist,Madanayakanahally PS,1.04422e+16,2020,1,1,Road Accidents,Narrow road,Rural Areas,Near or inside a village,Human Error,No,Grievous Injury,Hit pedestrian,Not at  Junction,Straight and flat,Two way,Gravel,Dry,No influence on accident,Clear,Layout Road,KEB Pole,10 ft,13.067638,77.487929,0,0,3.0,3.0
Bengaluru Dist,Madanayakanahally PS,1.04422e+16,2020,1,2,Road Accidents,Curves,Rural Areas,Near School or College,Human Error,No,Simple Injury,Vehicle to Vehicle,Not at  Junction,Curve,Others,Bitumen(Tar),Dry,Not Applicable,Clear,Magadi Main Road,vani School Near,01-Feb,12.992968,77.46544,0,0,0.0,0.0
Bengaluru Dist,Madanayakanahally PS,1.04422e+16,2020,1,1,Road Accidents,Curves,Rural Areas,Near Bus stop,Not Applicable,No,Fatal,Hit pedestrian,Not at  Junction,Curve,Others,Bitumen(Tar),Dry,Not Applicable,Clear,Magadi Main Road,Hotel Near,1/2 KM,12.985241,77.443265,0,0,0.0,0.0
Bengaluru Dist,Madanayakanahally PS,1.04422e+16,2020,1,2,Road Accidents,Narrow road,Rural Areas,Near or inside a village,Human Error,No,Grievous Injury,Vehicle to Vehicle,Not at  Junction,Straight and flat,Two way,Bitumen(Tar),Dry,No influence on accident,Clear,Madanayakanahalli-Kuduregere Road,Beeralingeshwara provision store,10 ft,13.068448,77.476963,0,0,0.0,0.0
Bengaluru Dist,Madanayakanahally PS,1.04422e+16,2020,1,2,Road Accidents,Narrow road,Rural Areas,Near or inside a village,Human Error,No,Grievous Injury,Vehicle to Vehicle,Not at  Junction,Straight and flat,Two way,Concrete,Dry,No influence on accident,Clear,Bettanagere-Doddipalya,Muddaiah house,20 ft,13.108623,77.415276,0,0,0.0,0.0
Bengaluru Dist,Madanayakanahally PS,1.04422e+16,2020,1,1,Road Accidents,Not Applicable,Rural Areas,Open area,Not Applicable,No,Grievous Injury,Not Applicable,Give way sign,Hump,Forest Road,Bitumen(Tar),Dry,Not Applicable,Clear,"Magadi Main Road, Forest Gate",Near Forest Gate,10 Km,12.991739,77.4596249,0,0,0.0,0.0
Bengaluru Dist,Madanayakanahally PS,1.04422e+16,2020,1,1,Road Accidents,Narrow road,Rural Areas,Near or inside a village,Human Error,No,Grievous Injury,Hit pedestrian,Not at  Junction,Straight and flat,Two way,Bitumen(Tar),Ditch or Potholed,No influence on accident,Clear,Kadabagere-Bettahalli Road,Kadabagere village,0.5 km,13.009802,77.435197,0,5,0.0,5.0
Bengaluru Dist,Madanayakanahally PS,1.04422e+16,2020,1,1,Road Accidents,Cross roads,Rural Areas,Open area,Not Applicable,No,Simple Injury,Hit pedestrian,Not at  Junction,Curve,Others,Bitumen(Tar),Dry,Not Applicable,Clear,Madanayakanahalli-Kuduregere Road,Madanayakanahalli Kuduregere Road,1 Km,13.054166,77.447082,0,0,0.0,0.0
Bengaluru Dist,Madanayakanahally PS,1.04422e+16,2020,1,1,Road Accidents,Narrow road,Rural Areas,Near office complex,Human Error,Yes,Grievous Injury,Hit pedestrian,Not at  Junction,Straight and flat,Two way,Bitumen(Tar),Dry,No influence on accident,Clear,Makali-Huskur Road,TATA New Heaven Apartment,50 ft,13.020176,77.468725,0,0,0.0,0.0
Bengaluru Dist,Madanayakanahally PS,1.04422e+16,2020,1,2,Road Accidents,Narrow road,Rural Areas,Near Bus stop,Human Error,No,Damage Only,Vehicle to Vehicle,Not at  Junction,Straight and flat,Minor District Road,Bitumen(Tar),Dry,No influence on accident,Very Cold,Huskur Road,Golden palms Hotel,600 ft,13.000848,77.451112,0,0,0.0,0.0
Bengaluru Dist,Madanayakanahally PS,1.04422e+16,2020,1,1,Road Accidents,Circle,Rural Areas,Near Bus stop,Human Error,No,Simple Injury,Vehicle to Vehicle,Controlled,Others,State Highway,Bitumen(Tar),Dry,Not Applicable,Clear,MAGADI - BANGALORE MAIN ROAD,S L N GAS AGENCY,30 FT,12.994928,77.4357099,0,0,0.0,0.0