DISTRICTNAME,UNITNAME,Crime_No,Year,RI,Noofvehicle_involved,Accident_Classification,Accident_Spot,Accident_Location,Accident_SubLocation,Main_Cause,Hit_Run,Severity,Collision_Type,Junction_Control,Road_Character,Road_Type,Surface_Type,Surface_Condition,Road_Condition,Weather,Accident_Road,Landmark_first,Distance_LandMark_First,Latitude,Longitude,Road_Condition_Score,Surface_Condition_Score,Surface_Type_Score,Road_Risk_Index
Bengaluru Dist,Madanayakanahally PS,1.04422e+16,2020,1,1,Road Accidents,Narrow road,City/Town,Near Bus stop,Human Error,No,Fatal,Hit pedestrian,Not at  Junction,Hump,Others,Bitumen(Tar),Dry,Not Applicable,Clear,Nelamangala-Thavarekere Road,Near Byregowdanahalli Bus Stop,1/2 KM,13.073159,77.43914,0,0,0.0,0.0
Bengaluru Dist,Madanayakanahally PS,1.04422e+16,2020,1,1,Road Accidents,Narrow road,Rural Areas,Open area,Not Applicable,No,Fatal,Not Applicable,Not Applicable,Others,Others,Bitumen(Tar),Dry,Not Applicable,Clear,BKNagara-Metipalya Road,Near Waterfilter,100 Mt,13.002912,77.407039,0,0,0.0,0.0
Bengaluru Dist,Madanayakanahally PS,1.04422e+16,2020,1,2,Road Accidents,Narrow road,City/Town,Near a factory industrial area,Not Applicable,No,Fatal,Vehicle to Vehicle,Not at  Junction,Others,Others,Bitumen(Tar),Dry,Not Applicable,Clear,Magadi Main Road,Near Shahi Garments,1,12.990528,77.4484,0,0,0.0,0.0
Bengaluru Dist,Madanayakanahally PS,1.04422e+16,2020,1,1,Road Accidents,Curves,Rural Areas,Near Hospital,Human Error,No,Grievous Injury,Not Applicable,Not at  Junction,Curve,Major District Road,Bitumen(Tar),Dry,No influence on accident,Clear,Nelamangala-Tavarekere Road,Hospital,50 ft,13.076463,77.430309,0,0,0.0,0.0
Bengaluru Dist,Madanayakanahally PS,1.04422e+16,2020,1,2,Road Accidents,Narrow road,Rural Areas,Near or inside a village,Human Error,No,Grievous Injury,Vehicle to Vehicle,Not at  Junction,Straight and flat,State Highway,Bitumen(Tar),Dry,No influence on accident,Clear,Magadi-Bangalore Main Road,Rajarajeshwari chowtri,40 ft,12.99112,77.467207,0,0,0.0,0.0
Bengaluru Dist,Madanayakanahally PS,1.04422e+16,2020,1,2,Road Accidents,Cross roads,Rural Areas,Open area,Not Applicable,No,Simple Injury,Hit bicyclist,Give way sign,Curve,One way,Bitumen(Tar),Dry,Not Applicable,Clear,Gangondanahalli Cross,Gangondanahalli Cross,8Kms,13.02892,77.46445,0,0,0.0,0.0
Bengaluru Dist,Madanayakanahally PS,1.04422e+16,2020,1,2,Road Accidents,Narrow road,Rural Areas,Near Bus stop,Human Error,No,Grievous Injury,Vehicle to Vehicle,Not at  Junction,Straight and flat,State Highway,Bitumen(Tar),Dry,No influence on accident,Clear,Magadi-Bangalore Main Road,Bramhashri bekary,20 ft,12.991172,77.456923,0,0,0.0,0.0
Bengaluru Dist,Madanayakanahally PS,1.04422e+16,2020,1,1,Road Accidents,Narrow road,Rural Areas,Open area,Human Error,No,Grievous Injury,Not Applicable,Give way sign,Straight and flat,One way,Bitumen(Tar),Dry,No influence on accident,Others,BIEC Madavara Main Road,BIEC,50 mt,13.057288,77.474157,0,0,0.0,0.0
Bengaluru Dist,Madanayakanahally PS,1.04422e+16,2020,1,2,Road Accidents,Narrow road,Rural Areas,Residential area,Human Error,Yes,Grievous Injury,Vehicle to Vehicle,Not Applicable,Straight and flat,Residential Street,Bitumen(Tar),Dry,No influence on accident,Clear,Machohalli road,Infront of Sitaram Layout,12km,13.058956,77.467042,0,0,0.0,0.0
Bengaluru Dist,Madanayakanahally PS,1.04422e+16,2020,1,2,Road Accidents,Cross roads,Rural Areas,Open area,Not Applicable,Yes,Not Applicable,Vehicle to Vehicle,Not at  Junction,Curve,Two way,Bitumen(Tar),Dry,Not Applicable,Clear,Near Kadabagere Cross,Near Kadabagere Cross,12 Kms,12.988839,77.449001,0,0,0.0,0.0
Bengaluru Dist,Madanayakanahally PS,1.04422e+16,2020,1,2,Road Accidents,Narrow road,Rural Areas,Near School or College,Human Error,No,Grievous Injury,Vehicle to Vehicle,Not at  Junction,Straight and flat,Two way,Concrete,Dry,No influence on accident,Clear,Makali-Aluru Main Road,BMN School,60 ft,13.067832,77.455773,0,0,0.0,0.0
Bengaluru Dist,Madanayakanahally PS,1.04422e+16,2020,1,1,Road Accidents,Narrow road,Rural Areas,Near or inside a village,Human Error,No,Grievous Injury,Hit pedestrian,Not at  Junction,Incline,Two way,Bitumen(Tar),Dry,No influence on accident,Clear,Magadi Main Road-Kachohalli Main Road,water plant,40 ft,12.998601,77.4450029,0,0,0.0,0.0
Bengaluru Dist,Madanayakanahally PS,1.04422e+16,2020,1,2,Road Accidents,Curves,Rural Areas,Near or inside a village,Human Error,No,Grievous Injury,Vehicle to Vehicle,Not at  Junction,Curve,Two way,Kutcha,Dry,No influence on accident,Clear,Totagere-Chikkakukkanahalli Main Road,Shankaregowda Farm,10 ft,13.155133,77.438024,0,0,4.0,4.0
Bengaluru Dist,Madanayakanahally PS,1.04422e+16,2020,1,1,Road Accidents,Junction,Rural Areas,Near office complex,Human Error,No,Simple Injury,Hit pedestrian,Controlled,Others,State Highway,Bitumen(Tar),Dry,Not Applicable,Clear,MAGADI MAIN ROAD BANGALORE TO MAGADI ROAD,EASHWAR HOLE SALE TRADERS SHOP,30 FT,12.991741,77.458911,0,0,0.0,0.0
Bengaluru Dist,Madanayakanahally PS,1.04422e+16,2020,1,1,Road Accidents,Narrow road,Rural Areas,Residential area,Human Error,Yes,Grievous Injury,Hit pedestrian,Not at  Junction,Straight and flat,Residential Street,Bitumen(Tar),Dry,No influence on accident,Clear,Thatadaguddadahalli Road,Near Raghavendra Enclive,5,13.068798,77.486709,0,0,0.0,0.0
Bengaluru Dist,Madanayakanahally PS,1.04422e+16,2020,1,1,Road Accidents,Cross roads,Rural Areas,Open area,Not Applicable,No,Grievous Injury,Hit bicyclist,Give way sign,Curve,One way,Bitumen(Tar),Dry,Not Applicable,Clear,Thavarekere Nelamangala Road,Near Sondekoppa Lake,15 KMs,12.978122,77.401329,0,0,0.0,0.0
Bengaluru Dist,Madanayakanahally PS,1.04422e+16,2020,1,1,Road Accidents,Circle,Rural Areas,Near Bus stop,Human Error,Yes,Simple Injury,Hit pedestrian,Controlled,Others,Others,Bitumen(Tar),Dry,Not Applicable,Clear,SONDEKOPPA TO NELAMANGALA ROAD,SAROJAMMA HOUSE,20 FT,13.055708,77.445853,0,0,0.0,0.0
Bengaluru Dist,Madanayakanahally PS,1.04422e+16,2020,1,2,Road Accidents,Curves,Rural Areas,Near or inside a village,Human Error,No,Simple Injury,Vehicle to Vehicle,Controlled,Curve,Others,Bitumen(Tar),Dry,Not Applicable,Clear,RAVUTHANAHALLI ROAD,K E B TRANSFARM,10 FT,13.043761,77.4296589,0,0,0.0,0.0
Bengaluru Dist,Madanayakanahally PS,1.04422e+16,2020,1,2,Road Accidents,Curves,Rural Areas,Near Bus stop,Not Applicable,No,Fatal,Vehicle to Vehicle,Not at  Junction,Curve,Others,Bitumen(Tar),Dry,Not Applicable,Clear,Madanayakanahalli-Thotadaguddadahalli Road,BJS Bus Stop,1/2 Km,13.070343,77.481093,0,0,0.0,0.0
Bengaluru Dist,Madanayakanahally PS,1.04422e+16,2020,1,2,Road Accidents,Narrow road,Rural Areas,Near or inside a village,Human Error,No,Grievous Injury,Vehicle to Vehicle,Not at  Junction,Gentle Incline or Climb,Two way,Bitumen(Tar),Dry,No influence on accident,Clear,Huskuru Road-Aluru,Matkal Function Hall,1 frlg,13.086963,77.446705,0,0,0.0,0.0
Bengaluru Dist,Madanayakanahally PS,1.04422e+16,2020,1,1,Road Accidents,Offset,Rural Areas,Residential area,Human Error,Yes,Grievous Injury,Hit pedestrian,Not at  Junction,Not Applicable,Residential Street,Concrete,Dry,No influence on accident,Clear,Machalli,Near Vidya Samsak School Machoahalli,12,13.006174,77.452855,0,0,0.0,0.0
Bengaluru Dist,Madanayakanahally PS,1.04422e+16,2020,1,2,Road Accidents,Cross roads,Rural Areas,Open area,Not Applicable,No,Grievous Injury,Not Applicable,Give way sign,Curve,One way,Bitumen(Tar),Dry,Not Applicable,Clear,Thavarekere Bengaluru Road,Near Sri Maruthi Fabricators,12 Kms,12.983916,77.443403,0,0,0.0,0.0
Bengaluru Dist,Madanayakanahally PS,1.04422e+16,2020,1,2,Road Accidents,Cross roads,Rural Areas,Near School or College,Not Applicable,No,Grievous Injury,Hit bicyclist,Give way sign,Not Applicable,One way,Bitumen(Tar),Dry,Not Applicable,Clear,Govt School Near,Near Govt School Thotadaguddadahalli,6 Kms,13.06983,77.487135,0,0,0.0,0.0
Bengaluru Dist,Madanayakanahally PS,1.04422e+16,2020,1,2,Road Accidents,Narrow road,Rural Areas,Near Bus stop,Human Error,No,Grievous Injury,Vehicle to Vehicle,Not at  Junction,Straight and flat,State Highway,Bitumen(Tar),Dry,No influence on accident,Clear,Magadi-Bangalore Main Road,Near Bus stop,200 mt,12.990942,77.454395,0,0,0.0,0.0
Bengaluru Dist,Madanayakanahally PS,1.04422e+16,2020,1,2,Road Accidents,Narrow road,Rural Areas,Near or inside a village,Human Error,No,Grievous Injury,Vehicle to Vehicle,Not at  Junction,Straight and flat,Two way,Bitumen(Tar),Dry,No influence on accident,Clear,MAKALI - HUSKUR ROAD,TATA New Heaven Apartment,20 ft,13.076105,77.453129,0,0,0.0,0.0
Bengaluru Dist,Madanayakanahally PS,1.04422e+16,2020,1,1,Road Accidents,Narrow road,Rural Areas,Near or inside a village,Human Error,No,Grievous Injury,Not Applicable,Not at  Junction,Not Applicable,Two way,Bitumen(Tar),Dry,No influence on accident,Clear,Nelamangala-Tavarekere Road,BESCOM OFFICE,250 ft,13.109513,77.441037,0,0,0.0,0.0
Bengaluru Dist,Madanayakanahally PS,1.04422e+16,2020,1,2,Road Accidents,Narrow road,Rural Areas,Residential area,Human Error,Yes,Grievous Injury,Vehicle to Vehicle,Not at  Junction,Straight and flat,State Highway,Bitumen(Tar),Dry,No influence on accident,Clear,MAKALI -  HUSKUR ROAD,Infront of Golden farm resort,5,13.071712,77.452844,0,0,0.0,0.0
Bengaluru Dist,Madanayakanahally PS,1.04422e+16,2020,1,2,Road Accidents,Narrow road,Rural Areas,Residential area,Human Error,No,Grievous Injury,Vehicle to Vehicle,Not at  Junction,Straight and flat,State Highway,Bitumen(Tar),Dry,No influence on accident,Clear,Gollahalli-Hesaraghatta main road,Near Thotagere,12 km,13.082377,77.473665,0,0,0.0,0.0
Bengaluru Dist,Madanayakanahally PS,1.04422e+16,2020,1,1,Road Accidents,Narrow road,City/Town,Near Bus stop,Not Applicable,No,Fatal,Vehicle to Vehicle,Not at  Junction,Others,Others,Bitumen(Tar),Dry,Not Applicable,Clear,Nelamanagala-Hesaraghatta Main Road,Near Bus Stop,1/2 Km,13.120582,77.423183,0,0,0.0,0.0
Bengaluru Dist,Madanayakanahally PS,1.04422e+16,2020,1,1,Road Accidents,Cross roads,Rural Areas,Residential area,Human Error,Yes,Grievous Injury,Hit pedestrian,Uncontrolled,Incline,Residential Street,Bitumen(Tar),Dry,No influence on accident,Clear,MAKALI -  HUSKUR ROAD,Heggadadevanapura Cross,4km,13.067625,77.452084,0,0,0.0,0.0
Bengaluru Dist,Madanayakanahally PS,1.04422e+16,2020,1,1,Road Accidents,Narrow road,Rural Areas,Near or inside a village,Human Error,No,Grievous Injury,Not Applicable,Not at  Junction,Straight and flat,Feeder Road,Bitumen(Tar),Dry,Not Applicable,Fine,others,Byandahalli Kadabagere Road,14,13.078777,77.4347079,0,0,0.0,0.0
Bengaluru Dist,Madanayakanahally PS,1.04422e+16,2020,1,3,Road Accidents,Curves,Rural Areas,Near Petrol Pump,Human Error,No,Grievous Injury,Vehicle to Vehicle,Not at  Junction,Steep Incline or Climb,State Highway,Bitumen(Tar),Dry,No influence on accident,Clear,Magadi-Bangalore Main Road,Bhairaveshwara saw mill,10 ft,12.99099,77.449005,0,0,0.0,0.0
Bengaluru Dist,Madanayakanahally PS,1.04422e+16,2020,1,2,Road Accidents,Narrow road,Rural Areas,Residential area,Human Error,No,Grievous Injury,Vehicle to Vehicle,Not at  Junction,Straight and flat,Residential Street,Bitumen(Tar),Dry,No influence on accident,Clear,Thotadaguddadahalli road,Near Kuduregere Colony,2,13.068626,77.478063,0,0,0.0,0.0
Bengaluru Dist,Madanayakanahally PS,1.04422e+16,2020,1,2,Road Accidents,Circle,Rural Areas,Near Hospital,Human Error,No,Simple Injury,Vehicle to Vehicle,Controlled,Others,State Highway,Bitumen(Tar),Dry,Not Applicable,Clear,MAGADI MAIN ROAD,BYREVESHWARA SAW MILL,50 M,12.990441,77.469249,0,0,0.0,0.0
Bengaluru Dist,Madanayakanahally PS,1.04422e+16,2020,1,2,Road Accidents,Cross roads,Rural Areas,Near or inside a village,Human Error,No,Grievous Injury,Vehicle to Vehicle,Not at  Junction,Slight Curve,Two way,Bitumen(Tar),Dry,No influence on accident,Clear,Madanayakanahalli-Lakshmipura Road,Dombarahalli village,1 flg,13.046436,77.459489,0,0,0.0,0.0
Bengaluru Dist,Madanayakanahally PS,1.04422e+16,2020,1,2,Road Accidents,Circle,Rural Areas,Near Bus stop,Human Error,No,Simple Injury,Vehicle to Vehicle,Controlled,Others,Others,Bitumen(Tar),Dry,Not Applicable,Clear,MADANAYAKANHALLI TO THOTADAGUDDAHALLI ROAD,SCHOOL,25 FT,13.070173,77.487197,0,0,0.0,0.0
Bengaluru Dist,Madanayakanahally PS,1.04422e+16,2020,1,1,Road Accidents,Narrow road,Rural Areas,Open area,Human Error,No,Grievous Injury,Not Applicable,Not at  Junction,Straight and flat,Two way,Bitumen(Tar),Dry,No influence on accident,Clear,Nelamangala-Tavarekere Road,Muniraju Land,20 ft,13.043706,77.3973289,0,0,0.0,0.0
Bengaluru Dist,Madanayakanahally PS,1.04422e+16,2020,1,2,Road Accidents,Narrow road,Rural Areas,Open area,Human Error,No,Grievous Injury,Vehicle to Vehicle,Not at  Junction,Gentle Incline or Climb,Minor District Road,Bitumen(Tar),Dry,No influence on accident,Clear,Huskur Road,Bus stop,100 mt,13.081348,77.450472,0,0,0.0,0.0
Bengaluru Dist,Madanayakanahally PS,1.04422e+16,2020,1,1,Road Accidents,Curves,Rural Areas,Near or inside a village,Human Error,No,Grievous Injury,Hit pedestrian,Not at  Junction,Steep Incline or Climb,Two way,Bitumen(Tar),Dry,No influence on accident,Clear,Arishinakunte-Nagaruru Main Road,Nagaruru Village,2 frlg,13.092286,77.442745,0,0,0.0,0.0
Bengaluru Dist,Madanayakanahally PS,1.04422e+16,2020,1,2,Road Accidents,Curves,City/Town,Residential area,Vehicle Defect,No,Fatal,Vehicle to Vehicle,Not at  Junction,Curve,Others,Bitumen(Tar),Dry,Not Applicable,Clear,Madanayakanahalli-Lakshmipura Road,Near SBI Bank,1/2 KM,13.057381,77.460155,0,0,0.0,0.0
Bengaluru Dist,Madanayakanahally PS,1.04422e+16,2020,1,1,Road Accidents,Curves,City/Town,Near Bus stop,Not Applicable,No,Fatal,Not Applicable,Not at  Junction,Others,Others,Bitumen(Tar),Dry,Not Applicable,Clear,"Magadi-Bengaluru Road, Chikkagollarahatti",Near Chikkagollarahatti Bus Stop,1/2 Km,12.990107,77.465644,0,0,0.0,0.0
Bengaluru Dist,Madanayakanahally PS,1.04422e+16,2020,1,2,Road Accidents,Narrow road,Rural Areas,Near Bus stop,Human Error,No,Grievous Injury,Vehicle to Vehicle,Not at  Junction,Straight and flat,State Highway,Bitumen(Tar),Dry,No influence on accident,Clear,Magadi-Bangalore Main Road,Sri Lakshmi convention Hall,50 ft,13.107689,77.456745,0,0,0.0,0.0
Bengaluru Dist,Madanayakanahally PS,1.04422e+16,2020,1,2,Road Accidents,Not Applicable,Rural Areas,Near School or College,Not Applicable,Not Applicable,Simple Injury,Hit bicyclist,Controlled,Not Applicable,Forest Road,Bitumen(Tar),Dry,Not Applicable,Clear,Embassi School Near,Embassi School Near,4 Kms,13.109683,77.415431,0,0,0.0,0.0
Bengaluru Dist,Madanayakanahally PS,1.04422e+16,2020,1,2,Road Accidents,Curves,Rural Areas,Near School or College,Not Applicable,No,Fatal,Vehicle to Vehicle,Not at  Junction,Curve,Others,Bitumen(Tar),Dry,Not Applicable,Clear,Kachohally-Gangondanahalli Road,Near Gagondanahalli Govt school Near,50 Met,13.066079,77.440834,0,0,0.0,0.0
Bengaluru Dist,Madanayakanahally PS,1.04422e+16,2020,1,2,Road Accidents,Not Applicable,Rural Areas,Near office complex,Human Error,Yes,Simple Injury,Vehicle to Vehicle,Controlled,Not Applicable,Others,Bitumen(Tar),Dry,Not Applicable,Clear,NH 48 SERVICE ROAD TO BUDDA JOTHY LAY OUT ROAD,ELECTRICAL  TRANFARM POLL,25 FT,13.053126,77.490615,0,0,0.0,0.0
Bengaluru Dist,Madanayakanahally PS,1.04422e+16,2020,1,1,Road Accidents,Junction,Rural Areas,Near office complex,Human Error,No,Simple Injury,Hit pedestrian,Controlled,Others,Others,Bitumen(Tar),Dry,Not Applicable,Clear,MAKALI -  HUSKUR ROAD,K E B BOX,15 FT,13.072105,77.453666,0,0,0.0,0.0
Bengaluru Dist,Madanayakanahally PS,1.04422e+16,2020,1,1,Road Accidents,Curves,Rural Areas,Near a factory industrial area,Human Error,No,Simple Injury,Hit pedestrian,Controlled,Curve,Others,Bitumen(Tar),Dry,Not Applicable,Clear,MAKALI -  HUSKUR ROAD,ADITHYA WINES,25 FT,13.071019,77.456818,0,0,0.0,0.0
Bengaluru Dist,Madanayakanahally PS,1.04422e+16,2020,1,2,Road Accidents,Narrow road,Rural Areas,Near Bus stop,Human Error,Yes,Grievous Injury,Vehicle to Vehicle,Not at  Junction,Straight and flat,State Highway,Bitumen(Tar),Dry,No influence on accident,Clear,Magadi-Bangalore Main Road,Bus stop,20 ft,12.991736,77.459459,0,0,0.0,0.0
Bengaluru Dist,Madanayakanahally PS,1.04422e+16,2020,1,1,Road Accidents,Narrow road,Rural Areas,Near office complex,Human Error,Yes,Grievous Injury,Hit pedestrian,No signal lights,Straight and flat,State Highway,Bitumen(Tar),Dry,Not Applicable,Cloudy,Kadabagere road,opp channamma complex,15,13.051805,77.487096,0,0,0.0,0.0
Bengaluru Dist,Madanayakanahally PS,1.04422e+16,2020,1,1,Road Accidents,Curves,Rural Areas,Near Bus stop,Not Applicable,No,Fatal,Hit pedestrian,Not at  Junction,Curve,Others,Bitumen(Tar),Dry,Not Applicable,Clear,Kithanahalli-Byandanahalli Road,Near Bus Stop,1/2 KM,13.016511,77.4424829,0,0,0.0,0.0
Bengaluru Dist,Madanayakanahally PS,1.04422e+16,2020,1,1,Road Accidents,Curves,Rural Areas,Near Bus stop,Not Applicable,No,Fatal,Hit pedestrian,Not at  Junction,Curve,Others,Bitumen(Tar),Dry,Not Applicable,Clear,Madavara-Navile Layout Road,Near Navile Layout,1/2 Km,13.047228,77.473339,0,0,0.0,0.0
Bengaluru Dist,Madanayakanahally PS,1.04422e+16,2020,1,2,Road Accidents,Narrow road,Rural Areas,Near or inside a village,Human Error,No,Grievous Injury,Vehicle to Vehicle,Not at  Junction,Straight and flat,Two way,Bitumen(Tar),Dry,No influence on accident,Clear,Magadi-Bangalore Main Road,Kadabagere Cross,1 flg,12.982991,77.439075,0,0,0.0,0.0
Bengaluru Dist,Madanayakanahally PS,1.04422e+16,2020,1,2,Road Accidents,Curves,Rural Areas,Near School or College,Human Error,No,Grievous Injury,Vehicle to Vehicle,Not at  Junction,Slight Curve,Minor District Road,Bitumen(Tar),Dry,No influence on accident,Clear,Totagere-Chikkakukkanahalli Main Road,BGS College,1 frlg,12.993202,77.462474,0,0,0.0,0.0
Bengaluru Dist,Madanayakanahally PS,1.04422e+16,2020,1,2,Road Accidents,Curves,City/Town,Near Hospital,Not Applicable,No,Fatal,Vehicle to Vehicle,Not at  Junction,Curve,State Highway,Bitumen(Tar),Dry,Not Applicable,Clear,"Magadi-Bengaluru Road, Kachohalli Cross",Near Kenganara Hospital,1/2 Km,12.990582,77.468787,0,0,0.0,0.0
Bengaluru Dist,Madanayakanahally PS,1.04422e+16,2020,1,2,Road Accidents,Cross roads,Rural Areas,Near office complex,Not Applicable,No,Grievous Injury,Vehicle to Vehicle,Not Applicable,Not Applicable,One way,Bitumen(Tar),Dry,Not Applicable,Clear,Magadi-Bangalore Main Road,Near Byraveshwara Sawmil,250 ft,12.985008,77.445178,0,0,0.0,0.0
Bengaluru Dist,Madanayakanahally PS,1.04422e+16,2020,1,1,Road Accidents,Narrow road,Rural Areas,Near a religious place,Human Error,No,Grievous Injury,Not Applicable,Not at  Junction,Straight and flat,Two way,Concrete,Dry,No influence on accident,Clear,Adakamaranahalli main road,Anjaneya temple,10 ft,13.070314,77.444641,0,0,0.0,0.0
Bengaluru Dist,Madanayakanahally PS,1.04422e+16,2021,1,3,Road Accidents,Narrow road,Rural Areas,Near or inside a village,Human Error,No,Damage Only,Vehicle to Vehicle,Not at  Junction,Straight and flat,Two way,Bitumen(Tar),Dry,No influence on accident,Clear,Huskur Road,Jayaram land compound,7 ft,13.073662,77.482774,0,0,0.0,0.0
Bengaluru Dist,Madanayakanahally PS,1.04422e+16,2021,1,2,Road Accidents,Curves,Rural Areas,Near or inside a village,Human Error,No,Damage Only,Vehicle to Vehicle,Uncontrolled,Curve,Others,Bitumen(Tar),Dry,Not Applicable,Fine,Thammenahalli road,beside military compound,8,13.07417,77.487686,0,0,0.0,0.0
Bengaluru Dist,Madanayakanahally PS,1.04422e+16,2021,1,2,Road Accidents,Narrow road,Rural Areas,Near Petrol Pump,Human Error,No,Grievous Injury,Vehicle to Vehicle,Not at  Junction,Straight and flat,Residential Street,Bitumen(Tar),Dry,No influence on accident,Clear,Makali-Huskur Road,Infront of Flip cart Gowdown,8km,13.094851,77.4451589,0,0,0.0,0.0
Bengaluru Dist,Madanayakanahally PS,1.04422e+16,2021,1,2,Road Accidents,Cross roads,Rural Areas,Open area,Human Error,Yes,Grievous Injury,Vehicle to Vehicle,Uncontrolled,Straight and flat,Others,Bitumen(Tar),Dry,No influence on accident,Clear,MAKALI -  HUSKUR ROAD,Infront of sannidi Hotel,5km,13.115003,77.429576,0,0,0.0,0.0
Bengaluru Dist,Madanayakanahally PS,1.04422e+16,2021,1,2,Road Accidents,Not Applicable,Rural Areas,Open area,Not Applicable,Yes,Grievous Injury,Hit bicyclist,Not Applicable,Not Applicable,Two way,Bitumen(Tar),Dry,Not Applicable,Clear,Mallasandra Nelamangala Road,Nelamangala Tavarekere Road,12,13.002475,77.394501,0,0,0.0,0.0
Bengaluru Dist,Madanayakanahally PS,1.04422e+16,2021,1,2,Road Accidents,Cross roads,Rural Areas,Near a factory industrial area,Not Applicable,No,Simple Injury,Vehicle to Vehicle,Not Applicable,Curve,One way,Bitumen(Tar),Dry,Not Applicable,Cloudy,Huskuru Road,Near Unibic Biscuites Facotary,4 kms,13.080093,77.450614,0,0,0.0,0.0
Bengaluru Dist,Madanayakanahally PS,1.04422e+16,2021,1,2,Road Accidents,Cross roads,Rural Areas,Near Bus stop,Human Error,No,Grievous Injury,Vehicle to Vehicle,No signal lights,Curve and Incline,Residential Street,Bitumen(Tar),Dry,No influence on accident,Clear,Magadi-Bangalore road,Near SBI Bank Kadabagere cross,10km,12.988878,77.449121,0,0,0.0,0.0
Bengaluru Dist,Madanayakanahally PS,1.04422e+16,2021,1,2,Road Accidents,Narrow road,Rural Areas,Open area,Human Error,No,Fatal,Vehicle to Vehicle,Not Applicable,Not Applicable,Others,Bitumen(Tar),Dry,Not Applicable,Fine,other,Surakshna steelg gowdan,40 ft,0.0,0.0,0,0,0.0,0.0
Bengaluru Dist,Madanayakanahally PS,1.04422e+16,2021,1,1,Road Accidents,Narrow road,Rural Areas,Near or inside a village,Human Error,No,Grievous Injury,Hit pedestrian,Uncontrolled,Straight and flat,Others,Concrete,Wet,Not Applicable,Fine,village road,near ramanjineya temple,7,13.069676,77.4443999,0,3,0.0,3.0
Bengaluru Dist,Madanayakanahally PS,1.04422e+16,2021,1,2,Road Accidents,Curves,Rural Areas,Open area,Human Error,No,Grievous Injury,Vehicle to Vehicle,No signal lights,Not Applicable,Others,Bitumen(Tar),Others,Not Applicable,Fine,Huskuru road,Near Unibic factory,12,0.0,0.0,0,1,0.0,1.0
Bengaluru Dist,Madanayakanahally PS,1.04422e+16,2021,1,2,Road Accidents,Narrow road,Rural Areas,Near Bus stop,Human Error,No,Fatal,Vehicle to Vehicle,Not at  Junction,Curve,Others,Bitumen(Tar),Dry,Not Applicable,Clear,Chikkakukkanahalli-Thotagere Road,Kangovi Factory Near,200 Mt,13.146979,77.450308,0,0,0.0,0.0
Bengaluru Dist,Madanayakanahally PS,1.04422e+16,2021,1,2,Road Accidents,Cross roads,City/Town,Near School or College,Not Applicable,Yes,Simple Injury,Vehicle to Vehicle,Not Applicable,Curve,One way,Bitumen(Tar),Dry,Not Applicable,Clear,Near Vani School,Near vani School,15,12.991888,77.461675,0,0,0.0,0.0
Bengaluru Dist,Madanayakanahally PS,1.04422e+16,2021,1,2,Road Accidents,Narrow road,Rural Areas,Near a factory industrial area,Human Error,Yes,Fatal,Vehicle to Vehicle,Not Applicable,Incline,Others,Bitumen(Tar),Dry,Not Applicable,Fine,Huskur Road,Unibic factory gowdan,40ft,0.0,0.0,0,0,0.0,0.0
Bengaluru Dist,Madanayakanahally PS,1.04422e+16,2021,1,1,Road Accidents,Circle,City/Town,Near a religious place,Not Applicable,Not Applicable,Simple Injury,Hit animal,Not at  Junction,Not Applicable,Two way,Bitumen(Tar),Dry,Not Applicable,Fine,In Front Of Huliyuramma Temple,Near Huliyuramma Temple,10,0.0,0.0,0,0,0.0,0.0
Bengaluru Dist,Madanayakanahally PS,1.04422e+16,2021,1,2,Road Accidents,Curves,Rural Areas,In bazaar,Not Applicable,No,Fatal,Vehicle to Vehicle,Not at  Junction,Curve,Others,Bitumen(Tar),Dry,Not Applicable,Clear,Makali-Huskuru Road,Siri Vaince Near,1/2 KM,13.080301,77.459575,0,0,0.0,0.0
Bengaluru Dist,Madanayakanahally PS,1.04422e+16,2021,1,2,Road Accidents,Cross roads,Rural Areas,Open area,Not Applicable,No,Grievous Injury,Vehicle to Vehicle,Not Applicable,Curve,One way,Bitumen(Tar),Dry,Not Applicable,Clear,Makali-Huskur Road,Makali Huskuru Road,4Kms,13.090245,77.445638,0,0,0.0,0.0
Bengaluru Dist,Madanayakanahally PS,1.04422e+16,2021,1,1,Road Accidents,Curves,Rural Areas,Near a factory industrial area,Not Applicable,No,Grievous Injury,Hit pedestrian,Not Applicable,Curve,Others,Bitumen(Tar),Others,Not Applicable,Others,Huskuru road,NEAR BULLET GODOWN,7,0.0,0.0,0,1,0.0,1.0
Bengaluru Dist,Madanayakanahally PS,1.04422e+16,2021,1,1,Road Accidents,Not Applicable,Rural Areas,Near Bus stop,Human Error,No,Grievous Injury,Hit pedestrian,No signal lights,Straight and flat,Others,Bitumen(Tar),Not Applicable,Not Applicable,Fine,Sondekoppa Road,Near Sondekoppa Bus Stand,18,0.0,0.0,0,0,0.0,0.0