DISTRICTNAME,UNITNAME,Crime_No,Year,RI,Noofvehicle_involved,Accident_Classification,Accident_Spot,Accident_Location,Accident_SubLocation,Main_Cause,Hit_Run,Severity,Collision_Type,Junction_Control,Road_Character,Road_Type,Surface_Type,Surface_Condition,Road_Condition,Weather,Accident_Road,Landmark_first,Distance_LandMark_First,Latitude,Longitude,Road_Condition_Score,Surface_Condition_Score,Surface_Type_Score,Road_Risk_Index
Bengaluru Dist,Madanayakanahally PS,1.04422e+16,2021,1,2,Road Accidents,Not Applicable,Rural Areas,Open area,Human Error,No,Grievous Injury,Vehicle to Vehicle,Not Applicable,Not Applicable,Others,Bitumen(Tar),Dry,Not Applicable,Clear,BYANDAHALLI ROAD,SAI EXTENSION,10,13.005834,77.442566,0,0,0.0,0.0
Bengaluru Dist,Madanayakanahally PS,1.04422e+16,2021,1,1,Road Accidents,Cross roads,Rural Areas,Residential area,Human Error,No,Grievous Injury,Hit pedestrian,Not at  Junction,Others,Residential Street,Bitumen(Tar),Dry,No influence on accident,Clear,MAKALI -  HUSKUR ROAD,Near Vaderahalli Cross,5,13.057018,77.402513,0,0,0.0,0.0
Bengaluru Dist,Madanayakanahally PS,1.04422e+16,2021,1,1,Road Accidents,Curves,Rural Areas,Residential area,Human Error,Yes,Simple Injury,Hit pedestrian,Controlled,Curve,State Highway,Bitumen(Tar),Dry,Not Applicable,Clear,MAGADI MAIN ROAD,ARACH RASHI LAY OUT GATE,50 FT,13.046801,77.489094,0,0,0.0,0.0
Bengaluru Dist,Madanayakanahally PS,1.04422e+16,2021,1,1,Road Accidents,Narrow road,Rural Areas,Residential area,Human Error,No,Grievous Injury,Vehicle to Vehicle,No signal lights,Straight and flat,Others,Bitumen(Tar),Dry,No influence on accident,Clear,Kadabagere-Byandahalli road,Near Janapriya appartment,10km,13.103708,77.42655,0,0,0.0,0.0
Bengaluru Dist,Madanayakanahally PS,1.04422e+16,2021,1,2,Road Accidents,Cross roads,Rural Areas,Near Bus stop,Not Applicable,No,Simple Injury,Hit bicyclist,Not Applicable,Curve,Others,Bitumen(Tar),Dry,Not Applicable,Clear,Bylakonenahalli Cross,Byreshwara Layout,12 Kms,13.008621,77.469388,0,0,0.0,0.0
Bengaluru Dist,Madanayakanahally PS,1.04422e+16,2021,1,2,Road Accidents,Narrow road,Rural Areas,Open area,Human Error,No,Grievous Injury,Vehicle to Vehicle,Not at  Junction,Straight and flat,Residential Street,Bitumen(Tar),Dry,No influence on accident,Clear,Makali-Huskur road,Near Hanuman Garage,10 km,13.120533,77.42291,0,0,0.0,0.0
Bengaluru Dist,Madanayakanahally PS,1.04422e+16,2021,1,2,Road Accidents,Not Applicable,Rural Areas,Near School or College,Human Error,No,Grievous Injury,Vehicle to Vehicle,Uncontrolled,Straight and flat,Others,Bitumen(Tar),Dry,Not Applicable,Fine,Rural road,near national school & college of Nursing,18,13.157452,77.433666,0,0,0.0,0.0
Bengaluru Dist,Madanayakanahally PS,1.04422e+16,2021,1,2,Road Accidents,Curves,Rural Areas,Residential area,Not Applicable,No,Fatal,Vehicle to Vehicle,Not at  Junction,Curve,Others,Bitumen(Tar),Dry,Not Applicable,Clear,Totagere-Chikkakukkanahalli Road,Kangovi Factory,1/2 KM,13.073502,77.458341,0,0,0.0,0.0
Bengaluru Dist,Madanayakanahally PS,1.04422e+16,2021,1,2,Road Accidents,Narrow road,Rural Areas,Near a factory industrial area,Not Applicable,No,Grievous Injury,Vehicle to Vehicle,Not at  Junction,Not Applicable,State Highway,Surfaced,Dry,Not Applicable,Very Hot,Magadi-Bangalore Main Road,Near                                                                                    Near Machohalli gate,15 kms,12.990208,77.451897,0,0,,
Bengaluru Dist,Madanayakanahally PS,1.04422e+16,2021,1,2,Road Accidents,Narrow road,Rural Areas,Open area,Human Error,Yes,Grievous Injury,Vehicle to Vehicle,Controlled,Straight and flat,Residential Street,Bitumen(Tar),Dry,No influence on accident,Clear,Madanayakanahalli-Dombarahalli road,Siddanahosahalli Market,1/2 km,13.053368,77.456437,0,0,0.0,0.0
Bengaluru Dist,Madanayakanahally PS,1.04422e+16,2021,1,1,Road Accidents,Not Applicable,Rural Areas,Near Bus stop,Human Error,No,Grievous Injury,Hit pedestrian,Not at  Junction,Straight and flat,Minor District Road,Bitumen(Tar),Dry,Not Applicable,Clear,Magadi Main Road,near Chikkagollarahatti bus stand,10,12.991553,77.465436,0,0,0.0,0.0
Bengaluru Dist,Madanayakanahally PS,1.04422e+16,2021,1,2,Road Accidents,Curves,Rural Areas,Residential area,Human Error,No,Fatal,Vehicle to Vehicle,Not at  Junction,Curve,Others,Bitumen(Tar),Dry,Not Applicable,Clear,Kithanahalli Road,Near sapthagiri Bar,1/2 KM,13.007968,77.431383,0,0,0.0,0.0
Bengaluru Dist,Madanayakanahally PS,1.04422e+16,2021,1,2,Road Accidents,Narrow road,Rural Areas,Near Bus stop,Human Error,No,Fatal,Vehicle to Vehicle,Not Applicable,Others,State Highway,Bitumen(Tar),Dry,Pot holed,Fine,STATE HIGHAY,GK GARREGE,25FT,12.989996,77.46954,5,0,0.0,5.0
Bengaluru Dist,Madanayakanahally PS,1.04422e+16,2021,1,1,Road Accidents,Curves,Rural Areas,Near School or College,Human Error,No,Simple Injury,Not Applicable,Controlled,Curve,Others,Bitumen(Tar),Dry,Not Applicable,Clear,NELAMANGALA ROAD TO  HULLEGOWDANAHALLI ROAD,TRANSPORM,35 FT,13.063603,77.4053789,0,0,0.0,0.0
Bengaluru Dist,Madanayakanahally PS,1.04422e+16,2021,1,1,Road Accidents,Narrow road,Rural Areas,Near Hospital,Human Error,Yes,Grievous Injury,Hit pedestrian,Not at  Junction,Straight and flat,State Highway,Bitumen(Tar),Dry,No influence on accident,Clear,Magadi-Bangalore Main Road,Pooja Hospital,1 flg,12.990294,77.452214,0,0,0.0,0.0
Bengaluru Dist,Madanayakanahally PS,1.04422e+16,2021,1,2,Road Accidents,Curves,Rural Areas,Residential area,Not Applicable,No,Fatal,Vehicle to Vehicle,Not at  Junction,Curve,Others,Bitumen(Tar),Dry,Not Applicable,Clear,Aluru-Makali Road,Near Thapovana,100 Mt,13.081939,77.461505,0,0,0.0,0.0
Bengaluru Dist,Madanayakanahally PS,1.04422e+16,2021,1,1,Road Accidents,Curves,Rural Areas,Open area,Human Error,No,Grievous Injury,Not Applicable,Not Applicable,Curve,Others,Bitumen(Tar),Not Applicable,Not Applicable,Light Rain,Ravuthanahalli Road,Near Adi Shakti Patalamma temple,13,0.0,0.0,0,0,0.0,0.0
Bengaluru Dist,Madanayakanahally PS,1.04422e+16,2021,1,1,Road Accidents,Not Applicable,Rural Areas,Near a religious place,Not Applicable,No,Simple Injury,Hit pedestrian,Not Applicable,Not Applicable,Service Road,Bitumen(Tar),Dry,Not Applicable,Fine,near Huliyuramma temple,Huliyuram temple,15 KMs,12.990751,77.455413,0,0,0.0,0.0
Bengaluru Dist,Madanayakanahally PS,1.04422e+16,2021,1,2,Road Accidents,Narrow road,Rural Areas,Open area,Human Error,No,Grievous Injury,Vehicle to Vehicle,No signal lights,Straight and flat,Others,Bitumen(Tar),Dry,Not Applicable,Fine,Huskuru road,APMC Market,10,0.0,0.0,0,0,0.0,0.0
Bengaluru Dist,Madanayakanahally PS,1.04422e+16,2021,1,2,Road Accidents,Curves,Rural Areas,Open area,Not Applicable,No,Grievous Injury,Vehicle to Vehicle,Not Applicable,Curve,Service Road,Bitumen(Tar),Dry,Not Applicable,Clear,Narasipura To wards Kaluupalya Near Forest Road,Forest Road,10 Kms,0.0,0.0,0,0,0.0,0.0
Bengaluru Dist,Madanayakanahally PS,1.04422e+16,2021,1,1,Road Accidents,Not Applicable,Rural Areas,Near or inside a village,Human Error,Yes,Grievous Injury,Hit pedestrian,Not Applicable,Not Applicable,Others,Bitumen(Tar),Dry,Not Applicable,Clear,Huskuru road,Nagaruru colony cross,9,13.09211,77.442176,0,0,0.0,0.0
Bengaluru Dist,Madanayakanahally PS,1.04422e+16,2021,1,1,Road Accidents,Narrow road,City/Town,Open area,Human Error,No,Grievous Injury,Not Applicable,Not at  Junction,Others,Others,Bitumen(Tar),Dry,No influence on accident,Clear,Huskuru road,Near Forest gate,12,12.991995,77.460103,0,0,0.0,0.0
Bengaluru Dist,Madanayakanahally PS,1.04422e+16,2021,1,1,Road Accidents,Cross roads,Rural Areas,Residential area,Human Error,No,Grievous Injury,Not Applicable,Uncontrolled,Curve and Incline,Others,Bitumen(Tar),Dry,No influence on accident,Clear,MAKALI -  HUSKUR ROAD,Near Unibic Factory,3 km,13.080376,77.450507,0,0,0.0,0.0
Bengaluru Dist,Madanayakanahally PS,1.04422e+16,2021,1,1,Road Accidents,Cross roads,Rural Areas,Near office complex,Human Error,No,Grievous Injury,Not Applicable,Not at  Junction,Others,Others,Bitumen(Tar),Wet,Not Applicable,Light Rain,Magadi Road,Near Vani school Cross,12,0.0,0.0,0,3,0.0,3.0
Bengaluru Dist,Madanayakanahally PS,1.04422e+16,2021,1,2,Road Accidents,Junction,Rural Areas,Near office complex,Human Error,No,Simple Injury,Vehicle to Vehicle,Controlled,Others,State Highway,Bitumen(Tar),Dry,Not Applicable,Clear,BANGALORE TO MAGADI ROAD,TRANSPORM,35 FT,13.015116,77.449479,0,0,0.0,0.0
Bengaluru Dist,Madanayakanahally PS,1.04422e+16,2021,1,2,Road Accidents,Narrow road,Rural Areas,Near office complex,Human Error,Yes,Grievous Injury,Vehicle to Vehicle,Not Applicable,Not Applicable,Others,Bitumen(Tar),Others,Not Applicable,Fine,Rural road,near panchyat office,12,12.992114,77.469782,0,1,0.0,1.0
Bengaluru Dist,Madanayakanahally PS,1.04422e+16,2021,1,1,Road Accidents,Not Applicable,City/Town,Near Petrol Pump,Not Applicable,Yes,Simple Injury,Hit pedestrian,Not Applicable,Not Applicable,Service Road,Bitumen(Tar),Dry,Not Applicable,Clear,Near  Mahlakshmi Hardwere Shope,Near  maHalakshmi Hardwere Shope,1.5 kM,13.041042,77.462329,0,0,0.0,0.0
Bengaluru Dist,Madanayakanahally PS,1.04422e+16,2021,1,2,Road Accidents,Curves,Rural Areas,Open area,Human Error,Yes,Damage Only,Vehicle to Vehicle,Uncontrolled,Slight Curve,Minor District Road,Bitumen(Tar),Dry,No influence on accident,Clear,Tammanahalli-Thotadaguddadahalli,Near Air force compound Tammenahalli,5km,13.072711,77.487758,0,0,0.0,0.0
Bengaluru Dist,Madanayakanahally PS,1.04422e+16,2021,1,2,Road Accidents,Not Applicable,Rural Areas,Near Bus stop,Not Applicable,No,Fatal,Vehicle to Vehicle,Not Applicable,Curve,Two way,Bitumen(Tar),Dry,Not Applicable,Clear,Chikkagollarahatti Bus Stop,Chikkagollarahatti Bus Stop,15 Kms,12.991357,77.466123,0,0,0.0,0.0
Bengaluru Dist,Madanayakanahally PS,1.04422e+16,2021,1,2,Road Accidents,Not Applicable,Rural Areas,Open area,Human Error,No,Grievous Injury,Vehicle to Vehicle,Not at  Junction,Straight and flat,Others,Bitumen(Tar),Not Applicable,Not Applicable,Fine,Thotagere Road,Near Basaveshwara Layout,18,0.0,0.0,0,0,0.0,0.0
Bengaluru Dist,Madanayakanahally PS,1.04422e+16,2021,1,2,Road Accidents,Curves,Rural Areas,Open area,Not Applicable,No,Fatal,Vehicle to Vehicle,Not at  Junction,Curve,Others,Bitumen(Tar),Dry,Not Applicable,Clear,Magadi Main Road,Rashi Recidence  Layout Near,1/2 KM,0.0,0.0,0,0,0.0,0.0
Bengaluru Dist,Madanayakanahally PS,1.04422e+16,2021,1,2,Road Accidents,Narrow road,Rural Areas,Open area,Human Error,No,Fatal,Vehicle to Vehicle,Not Applicable,Not Applicable,Two way,Bitumen(Tar),Dry,Not Applicable,Fine,SH,Rajarajeshwari chowtri,15ft,0.0,0.0,0,0,0.0,0.0
Bengaluru Dist,Madanayakanahally PS,1.04422e+16,2021,1,2,Road Accidents,Not Applicable,Rural Areas,Near Bus stop,Not Applicable,No,Damage Only,Hit bicyclist,Controlled,Curve,Others,Bitumen(Tar),Dry,Not Applicable,Clear,Navile Layout,Navele Layout,3,13.053941,77.4754459,0,0,0.0,0.0
Bengaluru Dist,Madanayakanahally PS,1.04422e+16,2021,1,2,Road Accidents,Narrow road,Rural Areas,Open area,Human Error,No,Grievous Injury,Vehicle to Vehicle,Uncontrolled,Straight and flat,Others,Bitumen(Tar),Dry,No influence on accident,Clear,Makali-Huskur road,Near Kodipallya,8km,13.079107,77.45309,0,0,0.0,0.0
Bengaluru Dist,Madanayakanahally PS,1.04422e+16,2021,1,2,Road Accidents,Cross roads,Rural Areas,Near or inside a village,Human Error,No,Simple Injury,Vehicle to Vehicle,Not at  Junction,Gentle Incline or Climb,State Highway,Bitumen(Tar),Dry,No influence on accident,Clear,Magadi-Bangalore Main Road,Byraveshwara sawmill,50 ft,12.98648,77.446872,0,0,0.0,0.0
Bengaluru Dist,Madanayakanahally PS,1.04422e+16,2021,1,2,Road Accidents,Narrow road,Rural Areas,Near or inside a village,Human Error,No,Grievous Injury,Vehicle to Vehicle,Not at  Junction,Straight and flat,Two way,Bitumen(Tar),Dry,No influence on accident,Clear,MAKALI - HUSKUR ROAD,Golden palms Hotel,1 flg,13.087905,77.446255,0,0,0.0,0.0
Bengaluru Dist,Madanayakanahally PS,1.04422e+16,2021,1,1,Road Accidents,Not Applicable,Rural Areas,Near School or College,Not Applicable,No,Simple Injury,Hit pedestrian,Not Applicable,Not Applicable,Service Road,Bitumen(Tar),Dry,Not Applicable,Fine,Near KK School Kadabagere,KK School Kadabagere,12 Kms,12.992758,77.439507,0,0,0.0,0.0
Bengaluru Dist,Madanayakanahally PS,1.04422e+16,2021,1,1,Road Accidents,Narrow road,Rural Areas,Near or inside a village,Not Applicable,No,Grievous Injury,Not Applicable,Uncontrolled,Straight and flat,Others,Surfaced,Others,Not Applicable,Snow,Adakamaranahalli-NH 48 Main road,NEAR ANJANEYA TEMPLE,2 km,0.0,0.0,0,1,,
Bengaluru Dist,Madanayakanahally PS,1.04422e+16,2021,1,2,Road Accidents,Narrow road,Rural Areas,Residential area,Human Error,Yes,Fatal,Vehicle to Vehicle,Not Applicable,Others,Others,Bitumen(Tar),Dry,Not Applicable,Fine,Mahcohalli Road,Near Ramakrishnaiah Home,50Feet,12.996274,77.452263,0,0,0.0,0.0
Bengaluru Dist,Madanayakanahally PS,1.04422e+16,2021,1,1,Road Accidents,Curves,Rural Areas,Residential area,Not Applicable,No,Fatal,Hit pedestrian,Not at  Junction,Curve,Others,Bitumen(Tar),Dry,Not Applicable,Clear,Makali-Huskuru Road,Near Maruthi Medical,1/2 KM,13.0684,77.4883599,0,0,0.0,0.0
Bengaluru Dist,Madanayakanahally PS,1.04422e+16,2021,1,1,Road Accidents,Narrow road,Rural Areas,Residential area,Human Error,No,Grievous Injury,Hit pedestrian,Controlled,Straight and flat,Residential Street,Bitumen(Tar),Dry,No influence on accident,Clear,Harokyatanahalli-Makali Road,In front of Bhagavati Provision Store,4 km,13.056279,77.449112,0,0,0.0,0.0
Bengaluru Dist,Madanayakanahally PS,1.04422e+16,2021,1,2,Road Accidents,Road hump or Rumble strips,Rural Areas,Near a religious place,Not Applicable,Yes,Simple Injury,Vehicle to Vehicle,Not Applicable,Hump,Service Road,Bitumen(Tar),Dry,Not Applicable,Clear,Opp Shanimahathma Temple,Opp Shanimahathma Temple,2 Kms,13.054847,77.4593829,0,0,0.0,0.0
Bengaluru Dist,Madanayakanahally PS,1.04422e+16,2021,1,1,Road Accidents,Cross roads,Rural Areas,Near or inside a village,Human Error,No,Grievous Injury,Not Applicable,Uncontrolled,Steep Incline or Climb,Residential Street,Kutcha,Muddy,No influence on accident,Clear,Machohalli-Andrahalli Road,Bylakonenahalli village,0.5 km,13.010477,77.469164,0,4,4.0,8.0
Bengaluru Dist,Madanayakanahally PS,1.04422e+16,2021,1,2,Road Accidents,Narrow road,Rural Areas,Near or inside a village,Human Error,No,Grievous Injury,Vehicle to Vehicle,Not at  Junction,Straight and flat,Two way,Bitumen(Tar),Dry,No influence on accident,Light Rain,Ravuttanahalli Road,Ranjith Medical,70 ft,13.060092,77.435937,0,0,0.0,0.0
Bengaluru Dist,Madanayakanahally PS,1.04422e+16,2021,1,2,Road Accidents,Not Applicable,Rural Areas,Near School or College,Not Applicable,Yes,Simple Injury,Vehicle to Vehicle,Not Applicable,Curve,One way,Bitumen(Tar),Dry,Not Applicable,Fine,Near Embessy School,Near Embessy School,12 Kms,12.991934,77.463516,0,0,0.0,0.0
Bengaluru Dist,Madanayakanahally PS,1.04422e+16,2021,1,2,Road Accidents,Cross roads,Rural Areas,Near office complex,Not Applicable,No,Damage Only,Vehicle to Vehicle,Not Applicable,Others,Sub Arterial,Bitumen(Tar),Dry,Not Applicable,Clear,Kuduregere Colony,Near Jothy Playwoo Hard ware Store,2 Kms,0.0,0.0,0,0,0.0,0.0
Bengaluru Dist,Madanayakanahally PS,1.04422e+16,2021,1,1,Road Accidents,Narrow road,Rural Areas,Near or inside a village,Human Error,Yes,Grievous Injury,Hit pedestrian,Not at  Junction,Straight and flat,State Highway,Bitumen(Tar),Dry,No influence on accident,Clear,Magadi-Bangalore Main Road,Hotel,20 ft,13.007009,77.450983,0,0,0.0,0.0
Bengaluru Dist,Madanayakanahally PS,1.04422e+16,2021,1,1,Road Accidents,Curves,Rural Areas,Near Bus stop,Not Applicable,No,Fatal,Hit pedestrian,Not at  Junction,Others,Others,Bitumen(Tar),Dry,Not Applicable,Clear,"Makali-Huskuru Road, Rampalya Gate",Ramapalya Gate,1/2 Km,13.086487,77.4259539,0,0,0.0,0.0
Bengaluru Dist,Madanayakanahally PS,1.04422e+16,2021,1,2,Road Accidents,Curves,Rural Areas,Near a religious place,Not Applicable,No,Fatal,Vehicle to Vehicle,Not at  Junction,Curve,Others,Bitumen(Tar),Dry,Not Applicable,Clear,Machohalli Road,Huliyuramma Temple,1/2 KM,12.991428,77.454502,0,0,0.0,0.0
Bengaluru Dist,Madanayakanahally PS,1.04422e+16,2021,1,2,Road Accidents,Cross roads,Rural Areas,Residential area,Human Error,No,Grievous Injury,Vehicle to Vehicle,Not at  Junction,Straight and flat,Minor District Road,Bitumen(Tar),Dry,No influence on accident,Clear,Kadabagere-Janapriya Appartment road,Infront of Gangaraju House,10km,12.988897,77.449176,0,0,0.0,0.0
Bengaluru Dist,Madanayakanahally PS,1.04422e+16,2021,1,1,Not Applicable,Cross roads,Rural Areas,Near or inside a village,Human Error,No,Grievous Injury,Not Applicable,No signal lights,Curve,Residential Street,Bitumen(Tar),Dry,No influence on accident,Clear,LAKSHMIPURA ROAD,LAKSHMIPURA LAKE,5,13.034106,77.463159,0,0,0.0,0.0
Bengaluru Dist,Madanayakanahally PS,1.04422e+16,2021,1,2,Road Accidents,Narrow road,Rural Areas,Open area,Human Error,No,Fatal,Vehicle to Vehicle,Not Applicable,Not Applicable,Others,Bitumen(Tar),Dry,Not Applicable,Fine,other,cheluvaiah form,100ft,13.023438,77.390612,0,0,0.0,0.0
Bengaluru Dist,Madanayakanahally PS,1.04422e+16,2021,1,2,Road Accidents,Curves,Rural Areas,Near a factory industrial area,Not Applicable,No,Fatal,Vehicle to Vehicle,Not at  Junction,Curve,Others,Bitumen(Tar),Dry,Not Applicable,Clear,"Bethanagere Cross, Godrej Gowden Front",Godrej Gowden Front,1/2 KM,13.073293,77.483049,0,0,0.0,0.0
Bengaluru Dist,Madanayakanahally PS,1.04422e+16,2021,1,2,Road Accidents,Cross roads,Rural Areas,Open area,Human Error,No,Grievous Injury,Vehicle to Vehicle,Not Applicable,Others,One way,Bitumen(Tar),Dry,Not Applicable,Clear,Hyadalu Makali Road,Hyadalu makali Road,6 KMS,13.129839,77.413979,0,0,0.0,0.0
Bengaluru Dist,Madanayakanahally PS,1.04422e+16,2021,1,2,Road Accidents,Narrow road,Rural Areas,Open area,Human Error,No,Grievous Injury,Vehicle to Vehicle,Not Applicable,Incline,Others,Bitumen(Tar),Dry,No influence on accident,Cloudy,Bettahalli-Kadabagere road,Near Sai baba Matha,23,12.985748,77.450868,0,0,0.0,0.0
Bengaluru Dist,Madanayakanahally PS,1.04422e+16,2021,1,2,Road Accidents,Curves,Rural Areas,Near Bus stop,Human Error,No,Fatal,Vehicle to Vehicle,Not at  Junction,Curve,Others,Bitumen(Tar),Dry,Not Applicable,Clear,Huskuru Road,Thotagere Layout,1/2 KM,13.137889,77.444635,0,0,0.0,0.0
Bengaluru Dist,Madanayakanahally PS,1.04422e+16,2021,1,2,Road Accidents,Narrow road,Rural Areas,Near office complex,Human Error,No,Grievous Injury,Vehicle to Vehicle,No signal lights,Straight and flat,Others,Bitumen(Tar),Others,Not Applicable,Fine,Magadi Road,near Rashi residency,14,0.0,0.0,0,1,0.0,1.0
Bengaluru Dist,Madanayakanahally PS,1.04422e+16,2021,1,2,Road Accidents,Cross roads,Rural Areas,Open area,Human Error,No,Grievous Injury,Vehicle to Vehicle,Uncontrolled,Not Applicable,Others,Bitumen(Tar),Dry,Not Applicable,Clear,Huskuru road,Near siri wines,12,13.081628,77.452829,0,0,0.0,0.0
Bengaluru Dist,Madanayakanahally PS,1.04422e+16,2021,1,1,Road Accidents,Narrow road,Rural Areas,Near or inside a village,Human Error,No,Grievous Injury,Hit animal,Controlled,Straight and flat,Residential Street,Bitumen(Tar),Dry,No influence on accident,Clear,Siddanahosahalli road,Infront of Jenkar coconut plant,01km,13.00582,77.452662,0,0,0.0,0.0
Bengaluru Dist,Madanayakanahally PS,1.04422e+16,2021,1,2,Road Accidents,Narrow road,Rural Areas,Near Bus stop,Human Error,No,Grievous Injury,Vehicle to Vehicle,Uncontrolled,Not Applicable,Two way,Bitumen(Tar),Not Applicable,Not Applicable,Fine,magadi road,near hullaramma temple,17,12.991097,77.455092,0,0,0.0,0.0
Bengaluru Dist,Madanayakanahally PS,1.04422e+16,2021,1,2,Road Accidents,Curves,Rural Areas,Near Hospital,Human Error,No,Simple Injury,Vehicle to Vehicle,Controlled,Curve,Others,Bitumen(Tar),Dry,Not Applicable,Clear,HESRAGATTA ROAD,GOVT HOSPITAL COMPOND,10 FT,13.084628,77.404075,0,0,0.0,0.0
Bengaluru Dist,Madanayakanahally PS,1.04422e+16,2021,1,2,Road Accidents,Not Applicable,Rural Areas,Open area,Human Error,Yes,Grievous Injury,Vehicle to Vehicle,Uncontrolled,Not Applicable,Others,Bitumen(Tar),Dry,Not Applicable,Fine,Huskuru road,Near nagaruru colony cross,6,13.091966,77.445267,0,0,0.0,0.0
Bengaluru Dist,Madanayakanahally PS,1.04422e+16,2021,1,2,Road Accidents,Narrow road,Rural Areas,Open area,Not Applicable,No,Damage Only,Vehicle to Vehicle,Not Applicable,Others,Two way,Bitumen(Tar),Others,Not Applicable,Others,Nelamangala-Tavarekere Road,Near Mallasandra village,15 Km,13.003156,77.393943,0,1,0.0,1.0
Bengaluru Dist,Madanayakanahally PS,1.04422e+16,2021,1,1,Road Accidents,Narrow road,Rural Areas,Open area,Human Error,No,Simple Injury,Hit pedestrian,Not Applicable,Straight and flat,Others,Bitumen(Tar),Dry,Not Applicable,Fine,Hullegowdanahalli Road,Near Gangaramaiah Land,17,13.029368,77.40314,0,0,0.0,0.0
Bengaluru Dist,Madanayakanahally PS,1.04422e+16,2021,1,2,Road Accidents,Narrow road,Rural Areas,Residential area,Human Error,No,Fatal,Vehicle to Vehicle,Not Applicable,Not Applicable,Others,Bitumen(Tar),Dry,Not Applicable,Fine,OTHER,Durga Hardware,20FT,13.026347,77.465847,0,0,0.0,0.0
Bengaluru Dist,Madanayakanahally PS,1.04422e+16,2021,1,2,Road Accidents,Not Applicable,Rural Areas,Open area,Human Error,No,Grievous Injury,Vehicle to Vehicle,No signal lights,Straight and flat,Others,Bitumen(Tar),Not Applicable,Not Applicable,Light Rain,Magadi Road,near Chikkagollarahatti bus stand,12,0.0,0.0,0,0,0.0,0.0
Bengaluru Dist,Madanayakanahally PS,1.04422e+16,2021,1,1,Road Accidents,Cross roads,City/Town,Open area,Human Error,Not Applicable,Grievous Injury,Not Applicable,Not Applicable,Others,Others,Kutcha,Dry,Not Applicable,Cloudy,Kuduregere road,near tci cross,2,0.0,0.0,0,0,4.0,4.0
Bengaluru Dist,Madanayakanahally PS,1.04422e+16,2021,1,1,Road Accidents,Narrow road,Rural Areas,Near a factory industrial area,Human Error,No,Grievous Injury,Not Applicable,Not Applicable,Straight and flat,Others,Bitumen(Tar),Wet,No influence on accident,Light Rain,Huskuru road,near Sineg gowdown,13,0.0,0.0,0,3,0.0,3.0
Bengaluru Dist,Madanayakanahally PS,1.04422e+16,2021,1,1,Road Accidents,Cross roads,City/Town,Residential area,Vehicle Defect,No,Simple Injury,Not Applicable,Not Applicable,Curve,One way,Bitumen(Tar),Dry,Not Applicable,Clear,Kadabagere Cross,Near Nith Store,17,12.989554,77.451,0,0,0.0,0.0
Bengaluru Dist,Madanayakanahally PS,1.04422e+16,2021,1,2,Road Accidents,Narrow road,City/Town,Near a religious place,Not Applicable,No,Grievous Injury,Vehicle to Vehicle,Uncontrolled,Others,Two way,Surfaced,Dry,Not Applicable,Fine,MN HALLI- KUDUREGERE,Near Maramma temple,150 FT,0.0,0.0,0,0,,
Bengaluru Dist,Madanayakanahally PS,1.04422e+16,2021,1,1,Road Accidents,Curves,Rural Areas,Open area,Not Applicable,No,Fatal,Hit pedestrian,Not at  Junction,Curve,Others,Bitumen(Tar),Dry,Not Applicable,Clear,Janapriya-Madanayakanahalli Road,BMTC Trining Center,100 mt,0.0,0.0,0,0,0.0,0.0
Bengaluru Dist,Madanayakanahally PS,1.04422e+16,2021,1,2,Road Accidents,Narrow road,Rural Areas,Residential area,Human Error,No,Simple Injury,Vehicle to Vehicle,Not at  Junction,Straight and flat,Residential Street,Bitumen(Tar),Dry,No influence on accident,Clear,Kadabagere-Byandahalli road,Infront of Sri Ram Complex,8 km,12.992416,77.4427,0,0,0.0,0.0
Bengaluru Dist,Madanayakanahally PS,1.04422e+16,2021,1,2,Road Accidents,Narrow road,Rural Areas,Near Bus stop,Human Error,Yes,Grievous Injury,Vehicle to Vehicle,Controlled,Straight and flat,Major District Road,Bitumen(Tar),Dry,No influence on accident,Clear,Magadi-Bangalore road,Near Forest Gate,10km,12.99089,77.454523,0,0,0.0,0.0
Bengaluru Dist,Madanayakanahally PS,1.04422e+16,2021,1,2,Road Accidents,Not Applicable,Rural Areas,Near office complex,Human Error,No,Grievous Injury,Vehicle to Vehicle,Not at  Junction,Straight and flat,Others,Bitumen(Tar),Others,Not Applicable,Fine,Kachohalli road,Near Hussain Sab Industrial area cross,13,0.0,0.0,0,1,0.0,1.0