DISTRICTNAME,UNITNAME,Crime_No,Year,RI,Noofvehicle_involved,Accident_Classification,Accident_Spot,Accident_Location,Accident_SubLocation,Main_Cause,Hit_Run,Severity,Collision_Type,Junction_Control,Road_Character,Road_Type,Surface_Type,Surface_Condition,Road_Condition,Weather,Accident_Road,Landmark_first,Distance_LandMark_First,Latitude,Longitude,Road_Condition_Score,Surface_Condition_Score,Surface_Type_Score,Road_Risk_Index
Bengaluru Dist,Madanayakanahally PS,1.04422e+16,2021,1,2,Road Accidents,Not Applicable,Rural Areas,Open area,Human Error,No,Simple Injury,Vehicle to Vehicle,Controlled,Not Applicable,Others,Bitumen(Tar),Dry,Not Applicable,Clear,HUSKUR ROAD,ELECTRICAL POLL,15 FT,13.114079,77.4315149,0,0,0.0,0.0
Bengaluru Dist,Madanayakanahally PS,1.04422e+16,2021,1,1,Road Accidents,Narrow road,Rural Areas,Near Petrol Pump,Human Error,No,Grievous Injury,Hit pedestrian,Uncontrolled,Straight and flat,Major District Road,Bitumen(Tar),Dry,No influence on accident,Clear,Makali-Huskur road,Infront of Arkavati Centre Ri Petroliam,6km,13.09735,77.445129,0,0,0.0,0.0
Bengaluru Dist,Madanayakanahally PS,1.04422e+16,2021,1,1,Road Accidents,Curves,Rural Areas,Near Bus stop,Not Applicable,No,Fatal,Hit pedestrian,Not at  Junction,Curve,Others,Bitumen(Tar),Dry,Not Applicable,Clear,Thotagere-Kukkanhalli Road,Layout Road,1/2 KM,13.007314,77.441928,0,0,0.0,0.0
Bengaluru Dist,Madanayakanahally PS,1.04422e+16,2021,1,2,Road Accidents,Narrow road,Rural Areas,Open area,Human Error,No,Grievous Injury,Vehicle to Vehicle,Not Applicable,Straight and flat,Not Applicable,Bitumen(Tar),Others,Not Applicable,Clear,MAGADI ROAD,NEAR MUTHURAYA TEMPLE,15,13.064299,77.43751,0,1,0.0,1.0
Bengaluru Dist,Madanayakanahally PS,1.04422e+16,2021,1,1,Road Accidents,Narrow road,Rural Areas,Near a religious place,Human Error,No,Grievous Injury,Hit pedestrian,Not at  Junction,Gentle Incline or Climb,Two way,Bitumen(Tar),Dry,No influence on accident,Others,Madanayakanahalli-Lakshmipura Road,Maramma temple,100 Ft,13.075212,77.432171,0,0,0.0,0.0
Bengaluru Dist,Madanayakanahally PS,1.04422e+16,2021,1,1,Road Accidents,Curves,Rural Areas,Near a religious place,Not Applicable,No,Fatal,Hit pedestrian,Not at  Junction,Others,Others,Bitumen(Tar),Dry,Not Applicable,Clear,Kammasandra road,Near Raghavendra Temple,1/2 KM,13.027819,77.456789,0,0,0.0,0.0
Bengaluru Dist,Madanayakanahally PS,1.04422e+16,2021,1,1,Road Accidents,Narrow road,Rural Areas,Near or inside a village,Human Error,No,Grievous Injury,Hit pedestrian,Not at  Junction,Gentle Incline or Climb,Two way,Concrete,Dry,No influence on accident,Clear,Gangondanahalli-tippenahalli Road,Shanti nagara Ashwathakatte,1 frlg,13.024916,77.471668,0,0,0.0,0.0
Bengaluru Dist,Madanayakanahally PS,1.04422e+16,2021,1,2,Road Accidents,Narrow road,Rural Areas,Open area,Human Error,Yes,Grievous Injury,Vehicle to Vehicle,Controlled,Straight and flat,Others,Bitumen(Tar),Dry,No influence on accident,Clear,Magadi-Bangalore road,Infront Huliyuramma Temple,10km,12.991944,77.4609229,0,0,0.0,0.0
Bengaluru Dist,Madanayakanahally PS,1.04422e+16,2021,1,2,Road Accidents,Narrow road,Rural Areas,Residential area,Human Error,No,Grievous Injury,Vehicle to Vehicle,Uncontrolled,Straight and flat,Others,Gravel,Dry,No influence on accident,Clear,Tavarekere-Nelamangala road,Infront of Hanumantarayappa House,12km,13.05577,77.384487,0,0,3.0,3.0
Bengaluru Dist,Madanayakanahally PS,1.04422e+16,2021,1,2,Road Accidents,Narrow road,Rural Areas,Open area,Human Error,Yes,Grievous Injury,Vehicle to Vehicle,Not at  Junction,Straight and flat,Minor District Road,Bitumen(Tar),Wet,No influence on accident,Cloudy,Byandahalli-Kadabagere Cross road,Infront of M P Ceramic,8km,12.999356,77.442756,0,3,0.0,3.0
Bengaluru Dist,Madanayakanahally PS,1.04422e+16,2021,1,2,Road Accidents,Curves,Rural Areas,Near Bus stop,Not Applicable,No,Fatal,Vehicle to Vehicle,Not at  Junction,Curve,Others,Bitumen(Tar),Dry,Not Applicable,Clear,Govindapura-Narasipura Road,Mathahalli Bus Stop,1/2 KM,0.0,0.0,0,0,0.0,0.0
Bengaluru Dist,Madanayakanahally PS,1.04422e+16,2021,1,1,Road Accidents,Narrow road,Rural Areas,Open area,Human Error,No,Grievous Injury,Not Applicable,Not at  Junction,Not Applicable,Others,Bitumen(Tar),Ditch or Potholed,Pot holed,Others,Thorenagasandra road,Near Muniyappa land,18,0.0,0.0,5,5,0.0,10.0
Bengaluru Dist,Madanayakanahally PS,1.04422e+16,2021,1,1,Road Accidents,Not Applicable,Rural Areas,Open area,Human Error,No,Fatal,Hit pedestrian,Not Applicable,Not Applicable,Others,Kutcha,Dry,Not Applicable,Fine,other,A1 body bulders,10,13.065385,77.455697,0,0,4.0,4.0
Bengaluru Dist,Madanayakanahally PS,1.04422e+16,2022,1,2,Road Accidents,Cross roads,Rural Areas,Near Hospital,Human Error,No,Simple Injury,Vehicle to Vehicle,Not Applicable,Straight and flat,Others,Bitumen(Tar),Dry,Not Applicable,Clear,Magadi Road,Near pooja hospital,14,12.990932,77.454245,0,0,0.0,0.0
Bengaluru Dist,Madanayakanahally PS,1.04422e+16,2022,1,2,Road Accidents,Circle,Rural Areas,Near Bus stop,Human Error,No,Fatal,Vehicle to Vehicle,Not at  Junction,Curve,Others,Bitumen(Tar),Dry,Not Applicable,Clear,Kachohally-Machohalli Road,Kachohalli Bus Stand,1/2 KM,13.078501,77.4578169,0,0,0.0,0.0
Bengaluru Dist,Madanayakanahally PS,1.04422e+16,2022,1,1,Road Accidents,Curves,Rural Areas,Open area,Human Error,No,Grievous Injury,Not Applicable,Uncontrolled,Curve,Minor District Road,Bitumen(Tar),Dry,No influence on accident,Clear,Sondekoppa-Mallasandra road,Infront of Rudrappa Land,10km,13.055335,77.481636,0,0,0.0,0.0
Bengaluru Dist,Madanayakanahally PS,1.04422e+16,2022,1,1,Road Accidents,Narrow road,City/Town,Residential area,Not Applicable,No,Grievous Injury,Not Applicable,Controlled,Others,Others,Bitumen(Tar),Others,Not Applicable,Clear,Matthahalli Road,Matthahalli Road,2 KM,13.107946,77.456692,0,1,0.0,1.0
Bengaluru Dist,Madanayakanahally PS,1.04422e+16,2022,1,2,Road Accidents,Not Applicable,Rural Areas,Near School or College,Human Error,No,Grievous Injury,Hit bicyclist,Not Applicable,Straight and flat,Others,Bitumen(Tar),Dry,Not Applicable,Clear,chikkagollaratti,near embssy school,12 km,12.99171,77.463344,0,0,0.0,0.0
Bengaluru Dist,Madanayakanahally PS,1.04422e+16,2022,1,2,Road Accidents,Not Applicable,Rural Areas,Near Bus stop,Human Error,Yes,Grievous Injury,Hit bicyclist,Not at  Junction,Straight and flat,Others,Bitumen(Tar),Dry,Not Applicable,Clear,Magadi Road,near kadabagere bus stand,10km,12.9861,77.447129,0,0,0.0,0.0
Bengaluru Dist,Madanayakanahally PS,1.04422e+16,2022,1,2,Not Applicable,Narrow road,Rural Areas,Near a factory industrial area,Human Error,No,Grievous Injury,Vehicle to Vehicle,Not at  Junction,Not Applicable,Others,Bitumen(Tar),Not Applicable,Not Applicable,Clear,Huskuru Road,Soni Godan,2 Km,13.076184,77.450955,0,0,0.0,0.0
Bengaluru Dist,Madanayakanahally PS,1.04422e+16,2022,1,1,Road Accidents,Narrow road,Rural Areas,Near Bus stop,Human Error,Yes,Grievous Injury,Hit pedestrian,Give way sign,Incline,One way,Bitumen(Tar),Dry,Not Applicable,Clear,Banagalore-Magadi Road,Near Bus Stop,14 Km,0.0,0.0,0,0,0.0,0.0
Bengaluru Dist,Madanayakanahally PS,1.04422e+16,2022,1,1,Road Accidents,Narrow road,Rural Areas,Near School or College,Human Error,No,Grievous Injury,Hit pedestrian,Not at  Junction,Straight and flat,State Highway,Bitumen(Tar),Dry,Engineering Defect of Road,Clear,Magadi-Bangalore road,Infront Of Embassy School,20 FT,12.991708,77.464106,4,0,0.0,4.0
Bengaluru Dist,Madanayakanahally PS,1.04422e+16,2022,1,2,Road Accidents,Narrow road,City/Town,Near a religious place,Not Applicable,No,Simple Injury,Vehicle to Vehicle,Not at  Junction,Others,NH,Bitumen(Tar),Dry,Not Applicable,Clear,Magadi-Bangalore Main Road,NEAR HULIYURAMMA TEMPLE,1/2 KM,13.077526,77.432038,0,0,0.0,0.0
Bengaluru Dist,Madanayakanahally PS,1.04422e+16,2022,1,1,Road Accidents,Narrow road,Rural Areas,Open area,Human Error,No,Fatal,Hit pedestrian,Not Applicable,Others,State Highway,Gravel,Dry,Construction Work / Material,Wind,sh,Kadabagere Cross,50,13.104615,77.442984,2,0,3.0,5.0
Bengaluru Dist,Madanayakanahally PS,1.04422e+16,2022,1,2,Road Accidents,Not Applicable,Rural Areas,Near Hospital,Human Error,Yes,Simple Injury,Vehicle to Vehicle,Not Applicable,Straight and flat,Others,Bitumen(Tar),Dry,Not Applicable,Clear,magadi main road,near machohalli gate,12,13.068729,77.456193,0,0,0.0,0.0
Bengaluru Dist,Madanayakanahally PS,1.04422e+16,2022,1,2,Road Accidents,Narrow road,Rural Areas,Open area,Human Error,No,Simple Injury,Vehicle to Vehicle,Uncontrolled,Straight and flat,Minor District Road,Bitumen(Tar),Dry,No influence on accident,Clear,Makali-Huskur road,Infront of Kaveri Hardware and Electricals,5km,13.053194,77.470233,0,0,0.0,0.0
Bengaluru Dist,Madanayakanahally PS,1.04422e+16,2022,1,1,Road Accidents,Not Applicable,Rural Areas,Near Bus stop,Human Error,No,Grievous Injury,Hit pedestrian,Not Applicable,Not Applicable,Others,Bitumen(Tar),Dry,Not Applicable,Fine,Magadi Road,near Chamunda stones,9,12.991328,77.460438,0,0,0.0,0.0
Bengaluru Dist,Madanayakanahally PS,1.04422e+16,2022,1,2,Road Accidents,Curves,Rural Areas,Near a religious place,Human Error,Yes,Simple Injury,Vehicle to Vehicle,Controlled,Curve,Others,Bitumen(Tar),Dry,Not Applicable,Clear,Kadabagere Cross-Kadabagere,Infront of Mutturayaswamy Temple,10km,12.991699,77.4425909,0,0,0.0,0.0
Bengaluru Dist,Madanayakanahally PS,1.04422e+16,2022,1,1,Road Accidents,Curves,Rural Areas,Open area,Not Applicable,No,Fatal,Hit pedestrian,Not at  Junction,Others,Others,Bitumen(Tar),Dry,Not Applicable,Clear,Hullegowdanahalli Road,Near Vayuputhra Cancrit Blocks,01-Feb,0.0,0.0,0,0,0.0,0.0
Bengaluru Dist,Madanayakanahally PS,1.04422e+16,2022,1,1,Road Accidents,Not Applicable,Rural Areas,Near a religious place,Human Error,No,Grievous Injury,Not Applicable,Not Applicable,Steep Incline or Climb,Others,Bitumen(Tar),Dry,Not Applicable,Clear,Machohalli Road,Near Raghavendra Temple,10,12.998973,77.450804,0,0,0.0,0.0
Bengaluru Dist,Madanayakanahally PS,1.04422e+16,2022,1,2,Road Accidents,Junction,Rural Areas,Open area,Human Error,No,Fatal,Vehicle to Vehicle,Not at  Junction,Curve and Incline,Others,Bitumen(Tar),Dry,Not Applicable,Fine,orhwe,Bettahalli,40,13.01508,77.446873,0,0,0.0,0.0
Bengaluru Dist,Madanayakanahally PS,1.04422e+16,2022,1,2,Road Accidents,Narrow road,Rural Areas,Residential area,Human Error,Yes,Fatal,Vehicle to Vehicle,Not Applicable,Not Applicable,Residential Street,Not Applicable,Dry,Not Applicable,Not Applicable,venkateswara kalyanamantapa road,kumarhouse,5ft,12.983,77.460142,0,0,0.0,0.0
Bengaluru Dist,Madanayakanahally PS,1.04422e+16,2022,1,1,Road Accidents,Narrow road,City/Town,Residential area,Human Error,No,Fatal,Not Applicable,Not Applicable,Hump,Residential Street,Concrete,Dry,Not Applicable,Fine,Muneswara Badavane,slv prisisn,15ft,12.986728,77.460778,0,0,0.0,0.0
Bengaluru Dist,Madanayakanahally PS,1.04422e+16,2022,1,2,Road Accidents,Not Applicable,Rural Areas,Near Bus stop,Human Error,Yes,Grievous Injury,Vehicle to Vehicle,No signal lights,Others,Others,Bitumen(Tar),Dry,No influence on accident,Clear,Kadabagere road,near kg lakenahalli cross,9,0.0,0.0,0,0,0.0,0.0
Bengaluru Dist,Madanayakanahally PS,1.04422e+16,2022,1,2,Road Accidents,Curves,Rural Areas,Near or inside a village,Human Error,Yes,Grievous Injury,Vehicle to Vehicle,Controlled,Curve,Others,Bitumen(Tar),Not Applicable,Not Applicable,Clear,Sondekoppa Thavarekere road,Sondekoppa,15 KM,13.012519,77.384691,0,0,0.0,0.0
Bengaluru Dist,Madanayakanahally PS,1.04422e+16,2022,1,1,Road Accidents,Narrow road,Rural Areas,Open area,Vehicle Defect,No,Fatal,Hit pedestrian,Not Applicable,Not Applicable,Residential Street,Bitumen(Tar),Dry,Not Applicable,Fine,"madhurai temple road,",kannappa house opp,30feet,0.0,0.0,0,0,0.0,0.0
Bengaluru Dist,Madanayakanahally PS,1.04422e+16,2022,1,2,Road Accidents,Narrow road,Rural Areas,Near a factory industrial area,Human Error,Not Applicable,Grievous Injury,Vehicle to Vehicle,Uncontrolled,Straight and flat,Two way,Bitumen(Tar),Dry,No influence on accident,Clear,HUSKUR ROAD,golden seems factory near,7,0.0,0.0,0,0,0.0,0.0
Bengaluru Dist,Madanayakanahally PS,1.04422e+16,2022,1,2,Road Accidents,Curves,Rural Areas,Open area,Human Error,No,Grievous Injury,Vehicle to Vehicle,Not at  Junction,Straight and flat,Others,Bitumen(Tar),Dry,No influence on accident,Clear,Mallasandra road,Near Gangachowdaiah land,17,13.005246,77.389142,0,0,0.0,0.0
Bengaluru Dist,Madanayakanahally PS,1.04422e+16,2022,1,2,Road Accidents,Cross roads,Rural Areas,Residential area,Human Error,No,Grievous Injury,Vehicle to Vehicle,Controlled,Others,Minor District Road,Bitumen(Tar),Dry,No influence on accident,Clear,Thorenagasandra-Thotagere road,Infront of Sriram Enclive,12km,12.995011,77.448309,0,0,0.0,0.0
Bengaluru Dist,Madanayakanahally PS,1.04422e+16,2022,1,1,Road Accidents,Curves,Rural Areas,Near a factory industrial area,Human Error,No,Damage Only,Not Applicable,Not Applicable,Straight and flat,Others,Bitumen(Tar),Others,Not Applicable,Clear,Near kadabagere road,Near mega engineering,12,12.989947,77.447018,0,1,0.0,1.0
Bengaluru Dist,Madanayakanahally PS,1.04422e+16,2022,1,2,Road Accidents,Narrow road,Rural Areas,Open area,Human Error,No,Grievous Injury,Vehicle to Vehicle,Not at  Junction,Not Applicable,Others,Bitumen(Tar),Dry,Not Applicable,Clear,Kitthanahalli Byyandahalli Road,Kuvempu nagara,10 KM,0.0,0.0,0,0,0.0,0.0
Bengaluru Dist,Madanayakanahally PS,1.04422e+16,2022,1,1,Road Accidents,Cross roads,Rural Areas,Near a religious place,Human Error,No,Grievous Injury,Hit pedestrian,Controlled,Incline,Minor District Road,Bitumen(Tar),Dry,No influence on accident,Clear,Machohalli road,Infront of Complaint House,10km,12.998218,77.45088,0,0,0.0,0.0
Bengaluru Dist,Madanayakanahally PS,1.04422e+16,2022,1,2,Road Accidents,Narrow road,Rural Areas,Open area,Human Error,No,Grievous Injury,Vehicle to Vehicle,Uncontrolled,Others,Others,Bitumen(Tar),Dry,Not Applicable,Clear,Kadabagere road,front of Bharati Hardware,8 kms,12.995288,77.443158,0,0,0.0,0.0
Bengaluru Dist,Madanayakanahally PS,1.04422e+16,2022,1,2,Road Accidents,Narrow road,Rural Areas,Near or inside a village,Human Error,No,Grievous Injury,Vehicle to Vehicle,Not Applicable,Not Applicable,One way,Bitumen(Tar),Not Applicable,Not Applicable,Clear,Machohalli Colony,Near Shanimahathma Temple,12 KM,0.0,0.0,0,0,0.0,0.0
Bengaluru Dist,Madanayakanahally PS,1.04422e+16,2022,1,1,Road Accidents,Not Applicable,Rural Areas,Near Bus stop,Human Error,No,Grievous Injury,Hit pedestrian,Not Applicable,Straight and flat,Others,Bitumen(Tar),Dry,Not Applicable,Clear,Kadabagere road,Near Janapriya township,14,13.022103,77.381173,0,0,0.0,0.0
Bengaluru Dist,Madanayakanahally PS,1.04422e+16,2022,1,1,Road Accidents,Curves,Rural Areas,Residential area,Human Error,No,Fatal,Not Applicable,Not Applicable,Incline,Others,Bitumen(Tar),Dry,Not Applicable,Fine,Kuduragere Road,Adrasha from,10ft,13.06691,77.47464,0,0,0.0,0.0
Bengaluru Dist,Madanayakanahally PS,1.04422e+16,2022,1,2,Road Accidents,Cross roads,Rural Areas,Near or inside a village,Human Error,Yes,Grievous Injury,Vehicle to Vehicle,Not at  Junction,Curve,Others,Bitumen(Tar),Dry,Not Applicable,Clear,Sondekoppa Road,Near Venkatapura cross,14,13.085226,77.392295,0,0,0.0,0.0
Bengaluru Dist,Madanayakanahally PS,1.04422e+16,2022,1,1,Road Accidents,Narrow road,Rural Areas,At pedestrian Crossing,Human Error,Yes,Grievous Injury,Hit pedestrian,Give way sign,Straight and flat,Others,Concrete,Dry,Not Applicable,Fine,"Near Vidya Samaskar School, Machohalli",Near Vidya Samskar School,15 Km,12.992574,77.454128,0,0,0.0,0.0
Bengaluru Dist,Madanayakanahally PS,1.04422e+16,2022,1,1,Road Accidents,Narrow road,Rural Areas,Near Bus stop,Human Error,No,Fatal,Hit pedestrian,Signals (Working),Others,State Highway,Bitumen(Tar),Dry,Not Applicable,Fine,Magadi main Road,Hulluramma tempale,60,12.991095,77.455596,0,0,0.0,0.0
Bengaluru Dist,Madanayakanahally PS,1.04422e+16,2022,1,1,Road Accidents,Not Applicable,Rural Areas,Near School or College,Human Error,Yes,Grievous Injury,Hit pedestrian,Not at  Junction,Straight and flat,Others,Bitumen(Tar),Others,No influence on accident,Clear,Makali-Heggadadevanapura,near Govt school,3,0.0,0.0,0,1,0.0,1.0
Bengaluru Dist,Madanayakanahally PS,1.04422e+16,2022,1,1,Road Accidents,Narrow road,Rural Areas,Near or inside a village,Human Error,No,Grievous Injury,Not Applicable,Not Applicable,Curve,Others,Bitumen(Tar),Dry,Not Applicable,Clear,Bylakonenahalli Madanayakanahalli Road,Bylakonenahalli Cross,10 KM,0.0,0.0,0,0,0.0,0.0
Bengaluru Dist,Madanayakanahally PS,1.04422e+16,2022,1,1,Road Accidents,Cross roads,Rural Areas,Near School or College,Human Error,Yes,Grievous Injury,Hit pedestrian,Uncontrolled,Straight and flat,Others,Bitumen(Tar),Dry,Not Applicable,Cloudy,Machohalli Road,Near Vidya Samskar School,15 Km,12.993201,77.453921,0,0,0.0,0.0
Bengaluru Dist,Madanayakanahally PS,1.04422e+16,2022,1,1,Road Accidents,Not Applicable,Rural Areas,Near Bus stop,Human Error,No,Grievous Injury,Hit pedestrian,Uncontrolled,Straight and flat,Others,Bitumen(Tar),Dry,Not Applicable,Clear,Magadi Main Road,near Chikkagollarahatti bus stand,8,12.991532,77.465269,0,0,0.0,0.0
Bengaluru Dist,Madanayakanahally PS,1.04422e+16,2022,1,1,Road Accidents,Narrow road,Rural Areas,Open area,Human Error,Yes,Grievous Injury,Hit pedestrian,Uncontrolled,Straight and flat,Others,Bitumen(Tar),Dry,No influence on accident,Clear,Makali-Huskur road,Near Biesse Company Nagaruru,6km,13.078531,77.429099,0,0,0.0,0.0
Bengaluru Dist,Madanayakanahally PS,1.04422e+16,2022,1,2,Road Accidents,Cross roads,Rural Areas,Near Petrol Pump,Not Applicable,No,Grievous Injury,Vehicle to Vehicle,Not Applicable,Straight and flat,Others,Bitumen(Tar),Dry,Not Applicable,Clear,sondekoppa road,Kadabgere cross,17,12.992349,77.466553,0,0,0.0,0.0
Bengaluru Dist,Madanayakanahally PS,1.04422e+16,2022,1,1,Road Accidents,Narrow road,Rural Areas,Near office complex,Human Error,No,Fatal,Not Applicable,Not at  Junction,Not Applicable,Others,Bitumen(Tar),Dry,Pot holed,Fine,Ravuthanahalli Main Road,Near moori,6feet,13.052647,77.434211,5,0,0.0,5.0
Bengaluru Dist,Madanayakanahally PS,1.04422e+16,2022,1,2,Road Accidents,Curves,Rural Areas,Open area,Human Error,No,Fatal,Vehicle to Vehicle,Not Applicable,Curve,Others,Bitumen(Tar),Dry,Not Applicable,Fine,Madanayakanahalli Thotadaguddahalli road,govindappa from,6ft,0.0,0.0,0,0,0.0,0.0
Bengaluru Dist,Madanayakanahally PS,1.04422e+16,2022,1,1,Road Accidents,Cross roads,Rural Areas,Open area,Human Error,Not Applicable,Grievous Injury,Hit pedestrian,Uncontrolled,Curve and Incline,Minor District Road,Bitumen(Tar),Dry,No influence on accident,Clear,Kittanahalli-Byandahalli cross road,Infront of S V Fork Hotel,9,13.009008,77.423096,0,0,0.0,0.0
Bengaluru Dist,Madanayakanahally PS,1.04422e+16,2022,1,2,Road Accidents,Road hump or Rumble strips,Rural Areas,Near School or College,Human Error,Yes,Grievous Injury,Vehicle to Vehicle,Controlled,Straight and flat,Major District Road,Bitumen(Tar),Dry,No influence on accident,Clear,Magadi-Bangalore road,Near Embassy school,11km,12.991605,77.463408,0,0,0.0,0.0
Bengaluru Dist,Madanayakanahally PS,1.04422e+16,2022,1,2,Road Accidents,Cross roads,Rural Areas,Open area,Human Error,No,Fatal,Vehicle to Vehicle,Not at  Junction,Curve,Others,Bitumen(Tar),Not Applicable,Not Applicable,Clear,Sondekoppa Road,near Byregowdanahalli cross,12,13.063864,77.393744,0,0,0.0,0.0
Bengaluru Dist,Madanayakanahally PS,1.04422e+16,2022,1,1,Road Accidents,Narrow road,Rural Areas,Near Bus stop,Human Error,Yes,Grievous Injury,Not Applicable,Controlled,Straight and flat,Minor District Road,Bitumen(Tar),Dry,No influence on accident,Clear,Sondekoppa-Nelamangala Road,Near Iswara Temple,12km,13.126362,77.454342,0,0,0.0,0.0
Bengaluru Dist,Madanayakanahally PS,1.04422e+16,2022,1,3,Road Accidents,Not Applicable,Rural Areas,Open area,Human Error,No,Damage Only,Vehicle to Vehicle,Not Applicable,Straight and flat,Others,Bitumen(Tar),Dry,Not Applicable,Clear,Gangondanhalli road,K g shrikantapura cross,9,13.03142,77.466069,0,0,0.0,0.0
Bengaluru Dist,Madanayakanahally PS,1.04422e+16,2022,1,1,Road Accidents,Curves,City/Town,At pedestrian Crossing,Human Error,Yes,Fatal,Hit pedestrian,Controlled,Curve,Sub Arterial,Bitumen(Tar),Others,Not Applicable,Not Applicable,Bommashettihalli Cross,Bommashettihalli Cross,13 KM,0.0,0.0,0,1,0.0,1.0
Bengaluru Dist,Madanayakanahally PS,1.04422e+16,2022,1,1,Road Accidents,Curves,City/Town,Residential area,Human Error,No,Grievous Injury,Not Applicable,Uncontrolled,Curve,Others,Bitumen(Tar),Others,Not Applicable,Others,Sub Way,Tar Road,5 KM,13.08147,77.4909759,0,1,0.0,1.0
Bengaluru Dist,Madanayakanahally PS,1.04422e+16,2022,1,1,Road Accidents,Narrow road,City/Town,Open area,Human Error,No,Grievous Injury,Not Applicable,Not at  Junction,Not Applicable,Two way,Bitumen(Tar),Dry,Not Applicable,Clear,Gangondanahalli Nelagadaranahalli Road,Gangondanahalli Nice Bridge,7 KM,13.020132,77.4671629,0,0,0.0,0.0
Bengaluru Dist,Madanayakanahally PS,1.04422e+16,2022,1,1,Road Accidents,Not Applicable,Rural Areas,Near a religious place,Human Error,No,Grievous Injury,Not Applicable,Not Applicable,Straight and flat,Others,Bitumen(Tar),Dry,No influence on accident,Clear,Magadi Main Road,Near Huliyuramma temple,10,12.990911,77.455764,0,0,0.0,0.0
Bengaluru Dist,Madanayakanahally PS,1.04422e+16,2022,1,1,Road Accidents,Not Applicable,Rural Areas,Residential area,Human Error,No,Grievous Injury,Not Applicable,Not Applicable,Curve,Others,Bitumen(Tar),Dry,No influence on accident,Clear,Magadi Road,Rashi layout Near,9,13.076187,77.4527879,0,0,0.0,0.0
Bengaluru Dist,Madanayakanahally PS,1.04422e+16,2022,1,1,Road Accidents,Curves,Rural Areas,Near Bus stop,Not Applicable,No,Fatal,Hit pedestrian,Not at  Junction,Curve,Others,Concrete,Dry,Not Applicable,Clear,"Devannanapalya, Maruthinagara",Near Prerana Goaden,1/2 KM,13.077752,77.4201199,0,0,0.0,0.0
Bengaluru Dist,Madanayakanahally PS,1.04422e+16,2022,1,2,Road Accidents,Narrow road,City/Town,Near or inside a village,Human Error,No,Grievous Injury,Vehicle to Vehicle,Not Applicable,Not Applicable,Others,Bitumen(Tar),Not Applicable,Not Applicable,Fine,Makali Huskuru Road,Makali Huskuru road,5 KM,13.076478,77.451095,0,0,0.0,0.0
Bengaluru Dist,Madanayakanahally PS,1.04422e+16,2022,1,1,Road Accidents,Narrow road,Rural Areas,Near Bus stop,Human Error,No,Grievous Injury,Hit pedestrian,Uncontrolled,Not Applicable,Others,Bitumen(Tar),Muddy,Not Applicable,Clear,Kadabagere road,Near Janapriya township,10,13.001024,77.442157,0,4,0.0,4.0
Bengaluru Dist,Madanayakanahally PS,1.04422e+16,2022,1,2,Road Accidents,Narrow road,Rural Areas,Near School or College,Human Error,Yes,Grievous Injury,Hit bicyclist,Not at  Junction,Straight and flat,Others,Bitumen(Tar),Dry,Not Applicable,Clear,BGS school road,Near BGS school,6km,13.089589,77.427034,0,0,0.0,0.0
Bengaluru Dist,Madanayakanahally PS,1.04422e+16,2022,1,2,Road Accidents,Curves,Rural Areas,Residential area,Human Error,No,Grievous Injury,Vehicle to Vehicle,Uncontrolled,Curve,Residential Street,Bitumen(Tar),Dry,No influence on accident,Clear,bylakonenahalli road,bylakonenahalli road,9,0.0,0.0,0,0,0.0,0.0
Bengaluru Dist,Madanayakanahally PS,1.04422e+16,2022,1,1,Road Accidents,Narrow road,Rural Areas,Open area,Human Error,Yes,Fatal,Not Applicable,Not at  Junction,Others,Others,Bitumen(Tar),Dry,Not Applicable,Others,other,banian tree,2,13.028157,77.467351,0,0,0.0,0.0
Bengaluru Dist,Madanayakanahally PS,1.04422e+16,2022,1,1,Road Accidents,Curves,Rural Areas,Residential area,Human Error,No,Fatal,Not Applicable,Not at  Junction,Sharp Curve,Others,Bitumen(Tar),Dry,Not Applicable,Fine,other,national wood packars,80ft,13.051415,77.41889,0,0,0.0,0.0
Bengaluru Dist,Madanayakanahally PS,1.04422e+16,2022,1,2,Road Accidents,Narrow road,City/Town,Residential area,Human Error,Yes,Grievous Injury,Vehicle to Vehicle,Not at  Junction,Not Applicable,State Highway,Bitumen(Tar),Dry,Not Applicable,Clear,Magadi Bangalore Main Road,Tar,10 KM,12.985713,77.446329,0,0,0.0,0.0
Bengaluru Dist,Madanayakanahally PS,1.04422e+16,2022,1,2,Road Accidents,Narrow road,City/Town,Near Hospital,Human Error,No,Grievous Injury,Vehicle to Vehicle,Controlled,Straight and flat,State Highway,Bitumen(Tar),Dry,Not Applicable,Fine,Bengaluru Magadi Road,Near Madava Hospitals,12 km,12.979029,77.431997,0,0,0.0,0.0