DISTRICTNAME,UNITNAME,Crime_No,Year,RI,Noofvehicle_involved,Accident_Classification,Accident_Spot,Accident_Location,Accident_SubLocation,Main_Cause,Hit_Run,Severity,Collision_Type,Junction_Control,Road_Character,Road_Type,Surface_Type,Surface_Condition,Road_Condition,Weather,Accident_Road,Landmark_first,Distance_LandMark_First,Latitude,Longitude,Road_Condition_Score,Surface_Condition_Score,Surface_Type_Score,Road_Risk_Index
Bengaluru Dist,Madanayakanahally PS,1.04422e+16,2022,1,2,Road Accidents,Cross roads,Rural Areas,Near or inside a village,Human Error,Yes,Grievous Injury,Vehicle to Vehicle,Controlled,Curve,One way,Bitumen(Tar),Not Applicable,Not Applicable,Clear,Thotadaguddadahalli Madanayakanahalli Raod,Narasappa Circle,6 Km,13.069908,77.485498,0,0,0.0,0.0
Bengaluru Dist,Madanayakanahally PS,1.04422e+16,2022,1,1,Road Accidents,Curves,Rural Areas,Residential area,Not Applicable,No,Fatal,Hit pedestrian,Not at  Junction,Curve,Others,Bitumen(Tar),Dry,Not Applicable,Others,Makali-Kodipalya Road,Near Golden Farm Hotel,1/2 KM,13.089312,77.445465,0,0,0.0,0.0
Bengaluru Dist,Madanayakanahally PS,1.04422e+16,2022,1,1,Not Applicable,Not Applicable,City/Town,Near office complex,Human Error,No,Grievous Injury,Not Applicable,Not at  Junction,Others,Residential Street,Bitumen(Tar),Dry,Not Applicable,Clear,MAGADI MAIN ROAD,vinayaka leyout,16,0.0,0.0,0,0,0.0,0.0
Bengaluru Dist,Madanayakanahally PS,1.04422e+16,2022,1,2,Road Accidents,Curves,Rural Areas,Open area,Human Error,No,Grievous Injury,Vehicle to Vehicle,Not Applicable,Straight and flat,Others,Bitumen(Tar),Dry,Not Applicable,Clear,kadaranahalli - laksmipura road,kadaranahalli,7,13.065147,77.4612109,0,0,0.0,0.0
Bengaluru Dist,Madanayakanahally PS,1.04422e+16,2022,1,1,Road Accidents,Not Applicable,Rural Areas,Near School or College,Human Error,Yes,Grievous Injury,Hit pedestrian,Not Applicable,Straight and flat,Others,Bitumen(Tar),Dry,Not Applicable,Clear,heggadadebanaoura road,near shrusti school,3 km,13.074131,77.457301,0,0,0.0,0.0
Bengaluru Dist,Madanayakanahally PS,1.04422e+16,2022,1,2,Road Accidents,Curves,Rural Areas,Open area,Human Error,Yes,Grievous Injury,Vehicle to Vehicle,Uncontrolled,Curve,Major District Road,Bitumen(Tar),Dry,No influence on accident,Clear,MAGADI MAIN ROAD BANGALORE TO MAGADI ROAD,seegehalli gate,15,12.985397,77.445871,0,0,0.0,0.0
Bengaluru Dist,Madanayakanahally PS,1.04422e+16,2022,1,2,Road Accidents,Cross roads,Rural Areas,Open area,Human Error,Yes,Grievous Injury,Vehicle to Vehicle,Uncontrolled,Slight Curve,Minor District Road,Bitumen(Tar),Dry,No influence on accident,Clear,Thotadaguddadahalli-Tammenahalli road,Infront of Kondappa land,5km,13.066098,77.454105,0,0,0.0,0.0
Bengaluru Dist,Madanayakanahally PS,1.04422e+16,2022,1,2,Road Accidents,Cross roads,Rural Areas,Open area,Human Error,No,Simple Injury,Vehicle to Vehicle,Not Applicable,Straight and flat,Others,Bitumen(Tar),Dry,Not Applicable,Clear,huskuru makali road,madva nagar layout,13,13.131402,77.410681,0,0,0.0,0.0
Bengaluru Dist,Madanayakanahally PS,1.04422e+16,2022,1,1,Road Accidents,Narrow road,Rural Areas,Open area,Human Error,No,Fatal,Not Applicable,Not Applicable,Not Applicable,Others,Bitumen(Tar),Dry,Not Applicable,Fine,others,Ganganarasayya Land,10,13.038234,77.427089,0,0,0.0,0.0
Bengaluru Dist,Madanayakanahally PS,1.04422e+16,2022,1,2,Road Accidents,Narrow road,Rural Areas,Open area,Human Error,No,Grievous Injury,Vehicle to Vehicle,Not Applicable,Not Applicable,Others,Bitumen(Tar),Muddy,Not Applicable,Cloudy,Kachohalli road,Near Anil palace,12,13.006975,77.471912,0,4,0.0,4.0
Bengaluru Dist,Madanayakanahally PS,1.04422e+16,2022,1,1,Road Accidents,Narrow road,Rural Areas,Open area,Human Error,Yes,Grievous Injury,Not Applicable,Uncontrolled,Straight and flat,Others,Bitumen(Tar),Not Applicable,Not Applicable,Clear,Sondekoppa Road,Near Complt house,15,13.002131,77.394455,0,0,0.0,0.0
Bengaluru Dist,Madanayakanahally PS,1.04422e+16,2022,1,1,Road Accidents,Junction,Rural Areas,Near Bus stop,Human Error,Yes,Fatal,Hit pedestrian,No signal lights,Others,State Highway,Bitumen(Tar),Dry,Not Applicable,Fine,Magadi main Road,Seegehalli gate Near Bus stan,40ft,12.984057,77.443864,0,0,0.0,0.0
Bengaluru Dist,Madanayakanahally PS,1.04422e+16,2022,1,2,Road Accidents,Narrow road,Rural Areas,Residential area,Vehicle Defect,Yes,Fatal,Vehicle to Vehicle,Not Applicable,Not Applicable,Residential Street,Not Applicable,Dry,Not Applicable,Not Applicable,lokesh house aluru road kuduregere,lokesh house akuru road kuduregere,4 feet,0.0,0.0,0,0,0.0,0.0
Bengaluru Dist,Madanayakanahally PS,1.04422e+16,2022,1,2,Road Accidents,Not Applicable,Rural Areas,Open area,Human Error,No,Not Applicable,Vehicle to Vehicle,Not Applicable,Not Applicable,Others,Not Applicable,Muddy,Construction Work / Material,Fine,Adakamaranahalli village road,Behind Anjineya Temple,4,13.077387,77.437405,2,4,0.0,6.0
Bengaluru Dist,Madanayakanahally PS,1.04422e+16,2022,1,2,Road Accidents,Cross roads,Rural Areas,Near Hospital,Human Error,No,Grievous Injury,Hit bicyclist,Controlled,Slight Curve,Major District Road,Bitumen(Tar),Dry,Engineering Defect of Road,Clear,Magadi-Bangalore road,Near Sai Garments,11km,12.990003,77.469641,4,0,0.0,4.0
Bengaluru Dist,Madanayakanahally PS,1.04422e+16,2022,1,2,Road Accidents,Not Applicable,Rural Areas,Open area,Human Error,Yes,Grievous Injury,Vehicle to Vehicle,Not Applicable,Straight and flat,Others,Bitumen(Tar),Dry,No influence on accident,Fine,Alur road,Near Alur Panchyat office,15,13.086237,77.453732,0,0,0.0,0.0
Bengaluru Dist,Madanayakanahally PS,1.04422e+16,2022,1,2,Road Accidents,Narrow road,Rural Areas,Near Hospital,Human Error,Yes,Grievous Injury,Vehicle to Vehicle,Uncontrolled,Straight and flat,Major District Road,Bitumen(Tar),Dry,No influence on accident,Clear,MAGADI ROAD,KENGANOR HOSPITAL,15,12.99083,77.46783,0,0,0.0,0.0
Bengaluru Dist,Madanayakanahally PS,1.04422e+16,2022,1,1,Road Accidents,Narrow road,Rural Areas,Near Petrol Pump,Not Applicable,Yes,Grievous Injury,Hit pedestrian,Not Applicable,Straight and flat,Others,Bitumen(Tar),Dry,Pot holed,Clear,kudurugere road,Near TCI  petroL bunk dasanapura hobl,2 Km,13.059052,77.467487,5,0,0.0,5.0
Bengaluru Dist,Madanayakanahally PS,1.04422e+16,2022,1,1,Road Accidents,Curves,Rural Areas,Near Bus stop,Human Error,No,Fatal,Hit pedestrian,Not at  Junction,Curve,Others,Bitumen(Tar),Dry,Not Applicable,Clear,"Magadi Main road, Kodigehalli Road",Near Jnashakthi Subramanya Temple,1/2 KM,12.991993,77.461385,0,0,0.0,0.0
Bengaluru Dist,Madanayakanahally PS,1.04422e+16,2022,1,2,Road Accidents,Narrow road,Rural Areas,Open area,Human Error,No,Grievous Injury,Vehicle to Vehicle,Give way sign,Straight and flat,State Highway,Bitumen(Tar),Dry,No influence on accident,Clear,Magadi-Bangalore road,Near Rashi Residency,10km,12.98523,77.445587,0,0,0.0,0.0
Bengaluru Dist,Madanayakanahally PS,1.04422e+16,2022,1,1,Road Accidents,Narrow road,Rural Areas,Open area,Human Error,No,Grievous Injury,Not Applicable,Not Applicable,Straight and flat,State Highway,Bitumen(Tar),Muddy,Not Applicable,Clear,Magadi Road,near Chikkagollarahatti bus stand,12,12.99112,77.466964,0,4,0.0,4.0
Bengaluru Dist,Madanayakanahally PS,1.04422e+16,2022,1,1,Not Applicable,Curves,Rural Areas,Near or inside a village,Human Error,Not Applicable,Grievous Injury,Not Applicable,Not Applicable,Curve,Residential Street,Bitumen(Tar),Dry,Not Applicable,Clear,HUSKURU ROAD,ANJANEYA TEMPLE,9,13.08028,77.459657,0,0,0.0,0.0
Bengaluru Dist,Madanayakanahally PS,1.04422e+16,2022,1,1,Not Applicable,Offset,Rural Areas,Near a factory industrial area,Not Applicable,No,Grievous Injury,Not Applicable,Not at  Junction,Not Applicable,Others,Not Applicable,Dry,No influence on accident,Not Applicable,Kachohalli KSBLL  Godown,KSBLL GODOWN,9,13.005331,77.469483,0,0,0.0,0.0
Bengaluru Dist,Madanayakanahally PS,1.04422e+16,2022,1,2,Road Accidents,Curves,Rural Areas,Near or inside a village,Human Error,Yes,Grievous Injury,Vehicle to Vehicle,Give way sign,Others,State Highway,Concrete,Dry,Pot holed,Clear,Sondekoppa Road,Near Village,11 Km,13.06253,77.436623,5,0,0.0,5.0
Bengaluru Dist,Madanayakanahally PS,1.04422e+16,2022,1,1,Road Accidents,Circle,Rural Areas,Near Hospital,Human Error,No,Grievous Injury,Hit pedestrian,Give way sign,Straight and flat,State Highway,Bitumen(Tar),Dry,Construction Work / Material,Fine,Magadi Main Road,Near pooja hospital,15 Km,12.990978,77.454202,2,0,0.0,2.0
Bengaluru Dist,Madanayakanahally PS,1.04422e+16,2022,1,1,Road Accidents,Narrow road,Rural Areas,Narrow bridge or culverts,Human Error,No,Grievous Injury,Hit pedestrian,Uncontrolled,Straight and flat,Others,Bitumen(Tar),Dry,Not Applicable,Clear,Gangondaahalli road,bridge,10,13.073505,77.473423,0,0,0.0,0.0
Bengaluru Dist,Madanayakanahally PS,1.04422e+16,2022,1,1,Road Accidents,Narrow road,City/Town,Open area,Human Error,Yes,Grievous Injury,Vehicle to Vehicle,Not at  Junction,Not Applicable,State Highway,Bitumen(Tar),Others,Not Applicable,Clear,Bangalore Magadi Road,Bangalore Magadi Road,14 KM,12.991394,77.4567899,0,1,0.0,1.0
Bengaluru Dist,Madanayakanahally PS,1.04422e+16,2022,1,2,Road Accidents,Curves,Rural Areas,Near a religious place,Not Applicable,No,Fatal,Vehicle to Vehicle,Not at  Junction,Curve,Others,Bitumen(Tar),Dry,Not Applicable,Clear,Adakamaranahalli,Near Sarimaruthi temple,01-Feb,13.070739,77.441979,0,0,0.0,0.0
Bengaluru Dist,Madanayakanahally PS,1.04422e+16,2022,1,1,Road Accidents,Narrow road,Rural Areas,Open area,Human Error,No,Fatal,Not Applicable,Not Applicable,Not Applicable,Others,Bitumen(Tar),Dry,Not Applicable,Fine,Huskur Road,Near fadlight gowdan,50,13.117517,77.425823,0,0,0.0,0.0
Bengaluru Dist,Madanayakanahally PS,1.04422e+16,2022,1,2,Road Accidents,Not Applicable,Rural Areas,Open area,Human Error,No,Grievous Injury,Vehicle to Vehicle,Not Applicable,Straight and flat,Others,Bitumen(Tar),Others,No influence on accident,Clear,Kitanahalli road,near Chetan house,13,13.008215,77.4361219,0,1,0.0,1.0
Bengaluru Dist,Madanayakanahally PS,1.04422e+16,2022,1,1,Road Accidents,Narrow road,Rural Areas,Open area,Vehicle Defect,No,Fatal,Not Applicable,Not Applicable,Others,Others,Bitumen(Tar),Dry,Drainage Ditch,Fine,"bharathi cross, sondekoppa",Bharathi cross,40feet,0.0,0.0,4,0,0.0,4.0
Bengaluru Dist,Madanayakanahally PS,1.04422e+16,2022,1,2,Road Accidents,Not Applicable,Rural Areas,Near office complex,Human Error,No,Grievous Injury,Vehicle to Vehicle,Not Applicable,Others,Others,Bitumen(Tar),Others,No influence on accident,Fine,Gangondaahalli road,Near Vaikunta bar circle,12,13.020684,77.467061,0,1,0.0,1.0
Bengaluru Dist,Madanayakanahally PS,1.04422e+16,2022,1,1,Road Accidents,Narrow road,Rural Areas,Open area,Human Error,Yes,Grievous Injury,Hit pedestrian,Controlled,Straight and flat,Major District Road,Bitumen(Tar),Ditch or Potholed,No influence on accident,Clear,Magadi-Bangalore road,Near Embassy school,12,12.991484,77.46332,0,5,0.0,5.0
Bengaluru Dist,Madanayakanahally PS,1.04422e+16,2022,1,2,Road Accidents,Cross roads,Rural Areas,Near Bus stop,Human Error,No,Not Applicable,Not Applicable,Not Applicable,Curve,Others,Bitumen(Tar),Dry,Not Applicable,Clear,Near Kadabagere Cross Dasanapura Hobli Bangaluru North TQ,Near Kadabagere Cross Dasanapura Hobli Bangaluru North TQ,11km,12.989179,77.445491,0,0,0.0,0.0
Bengaluru Dist,Madanayakanahally PS,1.04422e+16,2022,1,2,Road Accidents,Curves,City/Town,Near or inside a village,Human Error,No,Grievous Injury,Vehicle to Vehicle,Controlled,Curve,One way,Bitumen(Tar),Others,Not Applicable,Fine,Sondekoppa Road,Kere Kodi U Turn,12 KM,0.0,0.0,0,1,0.0,1.0
Bengaluru Dist,Madanayakanahally PS,1.04422e+16,2022,1,1,Road Accidents,Not Applicable,Rural Areas,Near Bus stop,Human Error,Yes,Fatal,Not Applicable,Uncontrolled,Straight and flat,Others,Bitumen(Tar),Dry,No influence on accident,Clear,Magadi road,near sigehalli gate,14,12.984138,77.4440839,0,0,0.0,0.0
Bengaluru Dist,Madanayakanahally PS,1.04422e+16,2022,1,2,Road Accidents,Not Applicable,Rural Areas,Residential area,Not Applicable,No,Grievous Injury,Vehicle to Vehicle,Not Applicable,Straight and flat,Others,Bitumen(Tar),Dry,Not Applicable,Clear,magadi main road,near rashi residency gate,12,13.104659,77.422189,0,0,0.0,0.0
Bengaluru Dist,Madanayakanahally PS,1.04422e+16,2022,1,3,Not Applicable,Narrow road,City/Town,Near Bus stop,Human Error,Not Applicable,Not Applicable,Not Applicable,Not Applicable,Not Applicable,NH,Bitumen(Tar),Not Applicable,Not Applicable,Very Cold,NH 48,Madanayahanahalli,1/2 KM,13.062235,77.462171,0,0,0.0,0.0
Bengaluru Dist,Madanayakanahally PS,1.04422e+16,2022,1,2,Road Accidents,Narrow road,Rural Areas,Near Bus stop,Vehicle Defect,Yes,Fatal,Vehicle to Vehicle,Uncontrolled,Others,State Highway,Bitumen(Tar),Not Applicable,Construction Work / Material,Others,MAGADI MAIN ROAD,BUSSTOP,20 FT,12.990386,77.468997,2,0,0.0,2.0
Bengaluru Dist,Madanayakanahally PS,1.04422e+16,2022,1,1,Road Accidents,Junction,Rural Areas,Near Bus stop,Human Error,Yes,Grievous Injury,Hit pedestrian,Uncontrolled,Straight and flat,Others,Bitumen(Tar),Others,Not Applicable,Fine,Magadi road,near kadabagere bus stand,15,12.991682,77.442639,0,1,0.0,1.0
Bengaluru Dist,Madanayakanahally PS,1.04422e+16,2022,1,2,Road Accidents,Cross roads,Rural Areas,Open area,Human Error,Yes,Grievous Injury,Vehicle to Vehicle,Not Applicable,Curve,Two way,Bitumen(Tar),Dry,Not Applicable,Clear,Makali Huskuru Road Rampalya Dasanapura Hobli Bangaluru North TQ,Makali Huskuru Road Rampalya Dasanapura Hobli Bangaluru North TQ,5km,13.117786,77.425063,0,0,0.0,0.0
Bengaluru Dist,Madanayakanahally PS,1.04422e+16,2022,1,2,Not Applicable,Curves,Rural Areas,Residential area,Human Error,Yes,Grievous Injury,Vehicle to Vehicle,Not Applicable,Curve,Residential Street,Bitumen(Tar),Dry,No influence on accident,Clear,bettanagere road,bettanagere cross,10,13.108284,77.416033,0,0,0.0,0.0
Bengaluru Dist,Madanayakanahally PS,1.04422e+16,2022,1,2,Road Accidents,Cross roads,Rural Areas,Open area,Not Applicable,No,Grievous Injury,Vehicle to Vehicle,Not Applicable,Curve and Incline,Others,Bitumen(Tar),Dry,Not Applicable,Clear,Magadi Road,Near sigehalli gate,12,13.049528,77.489306,0,0,0.0,0.0
Bengaluru Dist,Madanayakanahally PS,1.04422e+16,2022,1,1,Road Accidents,Narrow road,Rural Areas,Open area,Human Error,No,Fatal,Hit pedestrian,Not Applicable,Not Applicable,Others,Bitumen(Tar),Dry,Not Applicable,Fine,near Edga fild,Edga fild,30,13.061292,77.484332,0,0,0.0,0.0
Bengaluru Dist,Madanayakanahally PS,1.04422e+16,2022,1,2,Road Accidents,Curves,Rural Areas,Near Hospital,Human Error,No,Simple Injury,Vehicle to Vehicle,Not at  Junction,Curve,Others,Bitumen(Tar),Dry,Not Applicable,Clear,"Magadi Main Road, Chikkagollarahatti",Near Rajarajeshwari Kalyana Mantapa,1/2 KM,12.990434,77.468143,0,0,0.0,0.0
Bengaluru Dist,Madanayakanahally PS,1.04422e+16,2022,1,2,Road Accidents,Narrow road,Rural Areas,Open area,Human Error,Yes,Grievous Injury,Vehicle to Vehicle,Controlled,Straight and flat,Others,Bitumen(Tar),Dry,No influence on accident,Clear,Magadi-Bangalore road,Infront Of Shri Durga Traders,15km,12.991664,77.461248,0,0,0.0,0.0
Bengaluru Dist,Madanayakanahally PS,1.04422e+16,2022,1,2,Road Accidents,Narrow road,City/Town,Near a factory industrial area,Human Error,No,Grievous Injury,Vehicle to Vehicle,Not at  Junction,Not Applicable,One way,Bitumen(Tar),Not Applicable,Not Applicable,Clear,Makali Huskuru Road,Soni Godan,2 KM,13.073605,77.45229,0,0,0.0,0.0
Bengaluru Dist,Madanayakanahally PS,1.04422e+16,2022,1,2,Road Accidents,Narrow road,Rural Areas,Residential area,Human Error,Yes,Grievous Injury,Vehicle to Vehicle,Uncontrolled,Curve,Residential Street,Bitumen(Tar),Dry,No influence on accident,Clear,HUSKURU ROAD,ALURU STADIUM,9,13.085889,77.464723,0,0,0.0,0.0
Bengaluru Dist,Madanayakanahally PS,1.04422e+16,2022,1,2,Road Accidents,Narrow road,City/Town,Near a factory industrial area,Human Error,No,Damage Only,Vehicle to Vehicle,Not Applicable,Not Applicable,One way,Bitumen(Tar),Not Applicable,Not Applicable,Clear,Makali Huskuru Road,Manthri Lay Out,8 KM,0.0,0.0,0,0,0.0,0.0
Bengaluru Dist,Madanayakanahally PS,1.04422e+16,2022,1,1,Road Accidents,Cross roads,Rural Areas,Near Bus stop,Human Error,No,Grievous Injury,Hit pedestrian,Give way sign,Incline,State Highway,Bitumen(Tar),Dry,Pot holed,Fine,Kachohalli Cross,Near Cross,15 Km,12.990624,77.468673,5,0,0.0,5.0
Bengaluru Dist,Madanayakanahally PS,1.04422e+16,2023,1,2,Road Accidents,Narrow road,Rural Areas,Open area,Human Error,No,Damage Only,Vehicle to Vehicle,Controlled,Straight and flat,Others,Concrete,Dry,No influence on accident,Clear,Makali-Heggadadevanapura road,Near Shrusti school,3km,13.064074,77.462582,0,0,0.0,0.0
Bengaluru Dist,Madanayakanahally PS,1.04422e+16,2023,1,2,Road Accidents,Narrow road,Rural Areas,Near Bus stop,Human Error,Yes,Grievous Injury,Vehicle to Vehicle,Not Applicable,Not Applicable,Not Applicable,Bitumen(Tar),Not Applicable,Not Applicable,Clear,Gopalpura-Thotagere Road,Meganam School,10 KM,13.137858,77.4379979,0,0,0.0,0.0
Bengaluru Dist,Madanayakanahally PS,1.04422e+16,2023,1,2,Road Accidents,Narrow road,City/Town,Near a factory industrial area,Human Error,No,Grievous Injury,Vehicle to Vehicle,Not Applicable,Not Applicable,One way,Bitumen(Tar),Not Applicable,Not Applicable,Clear,JIndal Road,JINDAL FACTORY,4 KM,13.053883,77.488352,0,0,0.0,0.0
Bengaluru Dist,Madanayakanahally PS,1.04422e+16,2023,1,2,Road Accidents,Narrow road,Rural Areas,Open area,Human Error,Yes,Grievous Injury,Vehicle to Vehicle,Not at  Junction,Straight and flat,Major District Road,Bitumen(Tar),Dry,Not Applicable,Cloudy,"Lakshmipura-Kadabagere Road, Near Bettahalli Cross",Near BMTC DEPO,12 KM,13.013408,77.442814,0,0,0.0,0.0
Bengaluru Dist,Madanayakanahally PS,1.04422e+16,2023,1,1,Road Accidents,Not Applicable,Rural Areas,Near or inside a village,Human Error,No,Grievous Injury,Not Applicable,Not Applicable,Not Applicable,Not Applicable,Not Applicable,Not Applicable,Not Applicable,Clear,Gangondanahalli Lakshmipura Road,Near Lakshmipura,6 KM,13.006679,77.417307,0,0,0.0,0.0
Bengaluru Dist,Madanayakanahally PS,1.04422e+16,2023,1,1,Road Accidents,Junction,City/Town,At pedestrian Crossing,Human Error,Yes,Fatal,Hit pedestrian,Uncontrolled,Curve,State Highway,Bitumen(Tar),Dry,Not Applicable,Fine,SH,Machohalli Cross,15,13.028689,77.386514,0,0,0.0,0.0
Bengaluru Dist,Madanayakanahally PS,1.04422e+16,2023,1,2,Road Accidents,Narrow road,Rural Areas,Near or inside a village,Human Error,No,Grievous Injury,Vehicle to Vehicle,Not at  Junction,Straight and flat,Service Road,Bitumen(Tar),Not Applicable,Not Applicable,Clear,Sondekoppa Road,Cheluvaiah House,12 KM,13.023358,77.389916,0,0,0.0,0.0
Bengaluru Dist,Madanayakanahally PS,1.04422e+16,2023,1,1,Road Accidents,Narrow road,Rural Areas,Near a factory industrial area,Human Error,No,Grievous Injury,Hit pedestrian,Uncontrolled,Straight and flat,Major District Road,Bitumen(Tar),Dry,Not Applicable,Fine,Makali Road,Near Golden Sim Factory,6 Km,13.05112,77.015462,0,0,0.0,0.0
Bengaluru Dist,Madanayakanahally PS,1.04422e+16,2023,1,1,Road Accidents,Narrow road,Rural Areas,Residential area,Human Error,No,Grievous Injury,Hit bicyclist,Uncontrolled,Straight and flat,Residential Street,Bitumen(Tar),Dry,No influence on accident,Clear,bettahalli village,in front of house,9,13.058878,77.263956,0,0,0.0,0.0
Bengaluru Dist,Madanayakanahally PS,1.04422e+16,2023,1,1,Road Accidents,Circle,Rural Areas,Near Bus stop,Human Error,No,Grievous Injury,Not Applicable,Not Applicable,Not Applicable,Two way,Bitumen(Tar),Dry,Not Applicable,Clear,Durga Lorry Parking Place TCI Madanayakanahalli,Durga Lorry Parking Place TCI Madanayakanahalli,1,13.058621,77.469036,0,0,0.0,0.0
Bengaluru Dist,Madanayakanahally PS,1.04422e+16,2023,1,1,Road Accidents,Narrow road,Rural Areas,Near a factory industrial area,Human Error,No,Grievous Injury,Hit pedestrian,Give way sign,Straight and flat,Minor District Road,Gravel,Dry,Not Applicable,Fine,Near Auto Stand,Near Shesha Sai,2,13.060098,77.460888,0,0,3.0,3.0
Bengaluru Dist,Madanayakanahally PS,1.04422e+16,2023,1,2,Road Accidents,Cross roads,Rural Areas,Open area,Human Error,No,Grievous Injury,Vehicle to Vehicle,Not Applicable,Curve,Service Road,Not Applicable,Dry,Not Applicable,Clear,Huskuru Road Near Unbic Factiry Dasanapura Hobli Bangaluru North TQ,Huskuru Road Near Unbic Factiry Dasanapura Hobli Bangaluru North TQ,10,12.081721,77.450057,0,0,0.0,0.0
Bengaluru Dist,Madanayakanahally PS,1.04422e+16,2023,1,1,Road Accidents,Cross roads,Rural Areas,Open area,Human Error,No,Simple Injury,Hit pedestrian,Not Applicable,Curve,Others,Bitumen(Tar),Dry,Not Applicable,Clear,K G Lakkenahalli Cross Dasanapura Hobli Bangaluru North TQ,K G Lakkenahalli Cross Dasanapura Hobli Bangaluru North TQ,10,13.027293,77.461059,0,0,0.0,0.0
Bengaluru Dist,Madanayakanahally PS,1.04422e+16,2023,1,1,Road Accidents,Narrow road,Rural Areas,Near School or College,Human Error,No,Grievous Injury,Not Applicable,Controlled,Straight and flat,Others,Bitumen(Tar),Dry,No influence on accident,Clear,Magadi-Bangalore road,Near Embassy school,20ft,12.996359,77.451266,0,0,0.0,0.0
Bengaluru Dist,Madanayakanahally PS,1.04422e+16,2023,1,2,Road Accidents,Narrow road,Rural Areas,Near Bus stop,Human Error,Yes,Grievous Injury,Vehicle to Vehicle,Not at  Junction,Not Applicable,One way,Bitumen(Tar),Not Applicable,Not Applicable,Clear,Huskuru Road,Huskuru Cross,5 KM,13.155598,77.439352,0,0,0.0,0.0
Bengaluru Dist,Madanayakanahally PS,1.04422e+16,2023,1,2,Not Applicable,Narrow road,Rural Areas,Residential area,Human Error,Not Applicable,Grievous Injury,Vehicle to Vehicle,Not at  Junction,Curve,Residential Street,Bitumen(Tar),Dry,No influence on accident,Clear,mattahalli road,mattahalli village,15,0.0,0.0,0,0,0.0,0.0
Bengaluru Dist,Madanayakanahally PS,1.04422e+16,2023,1,2,Road Accidents,Cross roads,Rural Areas,Near or inside a village,Human Error,No,Damage Only,Vehicle to Vehicle,No signal lights,Others,Others,Bitumen(Tar),Dry,Not Applicable,Fine,Makali-Huskur Road,Near Factory,12 Km,0.0,0.0,0,0,0.0,0.0
Bengaluru Dist,Madanayakanahally PS,1.04422e+16,2023,1,2,Road Accidents,Narrow road,Rural Areas,Near office complex,Human Error,Yes,Grievous Injury,Vehicle to Vehicle,Not at  Junction,Straight and flat,Others,Bitumen(Tar),Not Applicable,Not Applicable,Clear,Gangondanahalli Nelagadaranahalli Road,Near Sangeetha Co Oparetive Bank,8 KM,13.026317,77.475951,0,0,0.0,0.0
Bengaluru Dist,Madanayakanahally PS,1.04422e+16,2023,1,2,Road Accidents,Narrow road,Rural Areas,Near School or College,Human Error,No,Grievous Injury,Vehicle to Vehicle,Give way sign,Straight and flat,One way,Bitumen(Tar),Dry,No influence on accident,Fine,RTO Road,Near MP School,8 Km,13.059873,77.436845,0,0,0.0,0.0
Bengaluru Dist,Madanayakanahally PS,1.04422e+16,2023,1,2,Road Accidents,Narrow road,Rural Areas,Near Bus stop,Human Error,No,Fatal,Vehicle to Vehicle,Not at  Junction,Straight and flat,Others,Bitumen(Tar),Others,Not Applicable,Clear,Madanayakanahalli Dombarahalli Road,Dombarahalli,6 KM,13.047315,77.456765,0,1,0.0,1.0
Bengaluru Dist,Madanayakanahally PS,1.04422e+16,2023,1,1,Road Accidents,Not Applicable,Rural Areas,Open area,Human Error,No,Not Applicable,Not Applicable,Not Applicable,Not Applicable,Not Applicable,Not Applicable,Not Applicable,Not Applicable,Clear,Magadi Main Road Chikkagollarahatti Bus Stand Dasanapura Hobli Bangaluru North TQ,Magadi Main Road Chikkagollarahatti Bus Stand Dasanapura Hobli Bangaluru North TQ,10,12.991553,77.465436,0,0,0.0,0.0
Bengaluru Dist,Madanayakanahally PS,1.04422e+16,2023,1,1,Road Accidents,Cross roads,Rural Areas,Near School or College,Human Error,No,Grievous Injury,Hit pedestrian,Not Applicable,Curve,Two way,Bitumen(Tar),Dry,Not Applicable,Clear,Siddanahosahalli Road Near Govt School  Dasanapura Hobli Bangaluru North TQ,Siddanahosahalli Road Near Govt School  Dasanapura Hobli Bangaluru North TQ,12,13.055942,77.459825,0,0,0.0,0.0