DISTRICTNAME,UNITNAME,Crime_No,Year,RI,Noofvehicle_involved,Accident_Classification,Accident_Spot,Accident_Location,Accident_SubLocation,Main_Cause,Hit_Run,Severity,Collision_Type,Junction_Control,Road_Character,Road_Type,Surface_Type,Surface_Condition,Road_Condition,Weather,Accident_Road,Landmark_first,Distance_LandMark_First,Latitude,Longitude,Road_Condition_Score,Surface_Condition_Score,Surface_Type_Score,Road_Risk_Index
Bengaluru Dist,Madanayakanahally PS,1.04422e+16,2023,1,1,Road Accidents,Cross roads,Rural Areas,Open area,Human Error,No,Not Applicable,Hit pedestrian,Not Applicable,Curve,Others,Bitumen(Tar),Dry,Not Applicable,Clear,Chikkagollaraharri Near Rajajajeshwari Choultry Dasanapura Hobli Bangaluru North TQ,Chikkagollaraharri Near Rajajajeshwari Choultry Dasanapura Hobli Bangaluru North TQ,10 KM,12.991113,77.467065,0,0,0.0,0.0
Bengaluru Dist,Madanayakanahally PS,1.04422e+16,2023,1,2,Road Accidents,Narrow road,Rural Areas,Open area,Human Error,No,Fatal,Vehicle to Vehicle,Stop Sign,Not Applicable,State Highway,Bitumen(Tar),Not Applicable,Construction Work / Material,Fine,Magadi main Road,Manjunatha  wood owrk,25ft,13.063286,77.481902,2,0,0.0,2.0
Bengaluru Dist,Madanayakanahally PS,1.04422e+16,2023,1,3,Road Accidents,Not Applicable,Rural Areas,Near Bus stop,Human Error,No,Damage Only,Vehicle to Vehicle,Controlled,Steep Incline or Climb,One way,Bitumen(Tar),Others,Not Applicable,Clear,Dasanapura Bus Dipo Road,VST Gyarej,6 KM,0.0,0.0,0,1,0.0,1.0
Bengaluru Dist,Madanayakanahally PS,1.04422e+16,2023,1,2,Road Accidents,Narrow road,Rural Areas,Residential area,Not Applicable,Yes,Fatal,Vehicle to Vehicle,Not Applicable,Others,Residential Street,Not Applicable,Not Applicable,Not Applicable,Fine,seegehalli gate near,market gate near,60feet,0.0,0.0,0,0,0.0,0.0
Bengaluru Dist,Madanayakanahally PS,1.04422e+16,2023,1,2,Road Accidents,Narrow road,Rural Areas,Near Bus stop,Human Error,Yes,Grievous Injury,Vehicle to Vehicle,Not at  Junction,Straight and flat,Others,Bitumen(Tar),Not Applicable,Not Applicable,Clear,Kachohalli Madanayakanahalli Road,Kachohalli Gram Panchayayath,15 KM,12.991986,77.469544,0,0,0.0,0.0
Bengaluru Dist,Madanayakanahally PS,1.04422e+16,2023,1,1,Road Accidents,Narrow road,Rural Areas,At pedestrian Crossing,Human Error,No,Grievous Injury,Hit pedestrian,Not at  Junction,Not Applicable,One way,Bitumen(Tar),Not Applicable,Not Applicable,Clear,Ravutthanahalli Road,RTOOffice,5 KM,13.053897,77.4343199,0,0,0.0,0.0
Bengaluru Dist,Madanayakanahally PS,1.04422e+16,2023,1,2,Road Accidents,Cross roads,Rural Areas,Residential area,Vehicle Defect,Yes,Fatal,Vehicle to Vehicle,Not Applicable,Slight Curve,Major District Road,Bitumen(Tar),Others,Not Applicable,Fine,"Thavarekere-nelamangala road, gayatri nagara cross, mallasandra",light kamba,30Feet,13.005451,77.386004,0,1,0.0,1.0
Bengaluru Dist,Madanayakanahally PS,1.04422e+16,2023,1,1,Road Accidents,Cross roads,Rural Areas,Residential area,Not Applicable,No,Fatal,Not Applicable,Not at  Junction,Straight and flat,Residential Street,Bitumen(Tar),Dry,Not Applicable,Fine,"Lakshmipura -kadaranahalli road,",Light,15feet,13.036505,77.460747,0,0,0.0,0.0
Bengaluru Dist,Madanayakanahally PS,1.04422e+16,2023,1,2,Road Accidents,Narrow road,Rural Areas,Near Petrol Pump,Human Error,No,Fatal,Vehicle to Vehicle,Not Applicable,Not Applicable,State Highway,Bitumen(Tar),Dry,Not Applicable,Fine,STATE HIGHAY,Nayara  Petrol bunk,30ft,13.088033,77.427985,0,0,0.0,0.0
Bengaluru Dist,Madanayakanahally PS,1.04422e+16,2023,1,3,Road Accidents,Cross roads,Rural Areas,Residential area,Vehicle Defect,Yes,Fatal,Vehicle to Vehicle,Not Applicable,Others,Residential Street,Not Applicable,Dry,Not Applicable,Cloudy,kadabagere to janapriya township road,bramhi jiuce bekary,100,0.0,0.0,0,0,0.0,0.0
Bengaluru Dist,Madanayakanahally PS,1.04422e+16,2023,1,1,Road Accidents,Not Applicable,Rural Areas,Near Bus stop,Human Error,Not Applicable,Grievous Injury,Hit pedestrian,No signal lights,Curve and Incline,Major District Road,Bitumen(Tar),Dry,No influence on accident,Clear,MAGADI ROAD,KADABAGERE BUS STOP,15,0.0,0.0,0,0,0.0,0.0
Bengaluru Dist,Madanayakanahally PS,1.04422e+16,2023,1,1,Road Accidents,Narrow road,Rural Areas,Residential area,Human Error,No,Simple Injury,Hit pedestrian,Not at  Junction,Incline,Mixed,Concrete,Dry,No influence on accident,Fine,Near Water Tank,Near Maruthi Nagar,13 Km,0.0,0.0,0,0,0.0,0.0
Bengaluru Dist,Madanayakanahally PS,1.04422e+16,2023,1,1,Road Accidents,Narrow road,Rural Areas,Near office complex,Human Error,No,Simple Injury,Hit pedestrian,Not Applicable,Not Applicable,Others,Bitumen(Tar),Not Applicable,Not Applicable,Not Applicable,Kammasandra Main Road,6 KM,6 KM,0.0,0.0,0,0,0.0,0.0
Bengaluru Dist,Madanayakanahally PS,1.04422e+16,2023,1,2,Road Accidents,Cross roads,Rural Areas,Near School or College,Human Error,Yes,Grievous Injury,Vehicle to Vehicle,Not at  Junction,Curve,One way,Bitumen(Tar),Others,Not Applicable,Clear,Magadi Bangalore Road,Vani School Cross,15 KM,13.016818,77.417307,0,1,0.0,1.0
Bengaluru Dist,Madanayakanahally PS,1.04422e+16,2023,1,2,Road Accidents,Circle,City/Town,Residential area,Human Error,Yes,Grievous Injury,Vehicle to Vehicle,Give way sign,Others,Major District Road,Bitumen(Tar),Dry,Not Applicable,Fine,Nelagadaranahalli-Gangagondanahalli Road,Oppiset Ranaganatha bar,11 Km,13.013408,77.442814,0,0,0.0,0.0
Bengaluru Dist,Madanayakanahally PS,1.04422e+16,2023,1,2,Road Accidents,Narrow road,Rural Areas,Open area,Human Error,Yes,Grievous Injury,Vehicle to Vehicle,Give way sign,Straight and flat,Major District Road,Bitumen(Tar),Dry,Not Applicable,Cloudy,Makali-Huskuru Road,Near,8 Km,13.114836,77.429975,0,0,0.0,0.0
Bengaluru Dist,Madanayakanahally PS,1.04422e+16,2023,1,1,Rail Road Accidents,Curves,City/Town,Open area,Human Error,No,Simple Injury,Hit pedestrian,Not Applicable,Curve,Others,Bitumen(Tar),Dry,Not Applicable,Clear,Shanimahathma Tempal Magadi road Dasanapura Hobli Bangaluru North TQ,Shanimahathma Tempal Magadi road Dasanapura Hobli Bangaluru North TQ,10 KM,12.991521,77.464427,0,0,0.0,0.0
Bengaluru Dist,Madanayakanahally PS,1.04422e+16,2023,1,2,Road Accidents,Narrow road,City/Town,Near office complex,Vehicle Defect,Yes,Fatal,Vehicle to Vehicle,Not at  Junction,Not Applicable,State Highway,Not Applicable,Others,Construction Work / Material,Others,magadi main road,chicken center,20fee,13.064057,77.447172,2,1,0.0,3.0
Bengaluru Dist,Madanayakanahally PS,1.04422e+16,2023,1,1,Road Accidents,Narrow road,Rural Areas,Residential area,Human Error,No,Grievous Injury,Hit pedestrian,Stop Sign,Straight and flat,Two way,Bitumen(Tar),Dry,No influence on accident,Clear,MAGADI ROAD,Embessy shcool near,15,12.991804,77.463727,0,0,0.0,0.0
Bengaluru Dist,Madanayakanahally PS,1.04422e+16,2023,1,1,Road Accidents,Not Applicable,Rural Areas,Near a factory industrial area,Human Error,No,Grievous Injury,Not Applicable,Not at  Junction,Not Applicable,Residential Street,Bitumen(Tar),Dry,Not Applicable,Clear,Aluru village road,matkal convension hall,8,13.086861,77.459486,0,0,0.0,0.0
Bengaluru Dist,Madanayakanahally PS,1.04422e+16,2023,1,2,Road Accidents,Narrow road,Rural Areas,Near or inside a village,Human Error,No,Grievous Injury,Vehicle to Vehicle,Give way sign,Straight and flat,Two way,Concrete,Dry,Not Applicable,Fine,Thotagere Road,Near Rajeeva gandi Nilaya,16 Km,13.063011,77.481841,0,0,0.0,0.0
Bengaluru Dist,Madanayakanahally PS,1.04422e+16,2023,1,2,Road Accidents,Narrow road,Rural Areas,Near or inside a village,Human Error,No,Grievous Injury,Vehicle to Vehicle,Uncontrolled,Straight and flat,Others,Bitumen(Tar),Dry,Not Applicable,Cloudy,Huskuru-Makali Road,Near Apmc,12 Km,13.106342,77.443992,0,0,0.0,0.0
Bengaluru Dist,Madanayakanahally PS,1.04422e+16,2023,1,1,Road Accidents,Narrow road,Rural Areas,Residential area,Human Error,Yes,Grievous Injury,Hit pedestrian,Give way sign,Straight and flat,Major District Road,Bitumen(Tar),Dry,No influence on accident,Clear,Near Shanimathhathma Temple,Near Shanimahathma Temple,8 Km,13.037273,77.461167,0,0,0.0,0.0
Bengaluru Dist,Madanayakanahally PS,1.04422e+16,2023,1,1,Road Accidents,Curves,Rural Areas,Near School or College,Human Error,Not Applicable,Grievous Injury,Hit pedestrian,Uncontrolled,Straight and flat,Major District Road,Bitumen(Tar),Dry,No influence on accident,Clear,MAGADI ROAD,Embessy shcool near,15,12.991757,77.463776,0,0,0.0,0.0
Bengaluru Dist,Madanayakanahally PS,1.04422e+16,2023,1,1,Road Accidents,Narrow road,Rural Areas,Open area,Human Error,No,Simple Injury,Hit pedestrian,Not Applicable,Straight and flat,Major District Road,Bitumen(Tar),Dry,Not Applicable,Clear,Aluru-Heggadadevanapura Road,Near Ramadana,5 Km,13.081835,77.461313,0,0,0.0,0.0
Bengaluru Dist,Madanayakanahally PS,1.04422e+16,2023,1,4,Road Accidents,Narrow road,Rural Areas,Residential area,Not Applicable,No,Fatal,Vehicle to Vehicle,Not at  Junction,Straight and flat,Residential Street,Not Applicable,Not Applicable,Not Applicable,Others,"Makali-huskuru road,",siddaraju land,30feet,13.074106,77.451632,0,0,0.0,0.0
Bengaluru Dist,Madanayakanahally PS,1.04422e+16,2023,1,2,Road Accidents,Narrow road,Rural Areas,Residential area,Human Error,No,Damage Only,Vehicle to Vehicle,Uncontrolled,Straight and flat,Major District Road,Bitumen(Tar),Dry,Not Applicable,Fine,Madanayaknahalli-Lakshmipura Road,Near Kanrtataka Bank,3 Km,13.059025,77.46047,0,0,0.0,0.0
Bengaluru Dist,Madanayakanahally PS,1.04422e+16,2023,1,1,Road Accidents,Narrow road,Rural Areas,Near or inside a village,Human Error,No,Grievous Injury,Hit pedestrian,Not at  Junction,Straight and flat,Minor District Road,Bitumen(Tar),Ditch or Potholed,Not Applicable,Fine,Hanumathsagara-Madanayaknahalli Road,Near Cemetery,2 Km,13.064811,77.465049,0,5,0.0,5.0
Bengaluru Dist,Madanayakanahally PS,1.04422e+16,2023,1,1,Road Accidents,Narrow road,Rural Areas,Near office complex,Human Error,No,Fatal,Hit pedestrian,Not at  Junction,Not Applicable,Service Road,Bitumen(Tar),Not Applicable,Not Applicable,Clear,Lakshmipura Madanayakanahalli Road,DC Gowda Bulding Opposit,2KM,13.026045,77.433164,0,0,0.0,0.0
Bengaluru Dist,Madanayakanahally PS,1.04422e+16,2023,1,3,Road Accidents,Narrow road,Rural Areas,Residential area,Road Environment Defect,Not Applicable,Fatal,Vehicle to Vehicle,Not Applicable,Others,Residential Street,Bitumen(Tar),Dry,Not Applicable,Fine,"MADANAYAKANAHALLI-KADABAGERE ROAD,",Shubham Electranics,5Feet,13.065412,77.459481,0,0,0.0,0.0
Bengaluru Dist,Madanayakanahally PS,1.04422e+16,2023,1,2,Road Accidents,Narrow road,Rural Areas,Near a factory industrial area,Human Error,No,Grievous Injury,Vehicle to Vehicle,Not Applicable,Not Applicable,Others,Bitumen(Tar),Not Applicable,Not Applicable,Very Cold,Makali Huskuru Road,Yunibic Factory,6 KM,12.996275,77.451655,0,0,0.0,0.0
Bengaluru Dist,Madanayakanahally PS,1.04422e+16,2023,1,1,Road Accidents,Narrow road,Rural Areas,Near Bus stop,Human Error,Yes,Grievous Injury,Hit pedestrian,Controlled,Straight and flat,Others,Bitumen(Tar),Not Applicable,Not Applicable,Clear,Hesarughatta Gollahalli Road,Near Thotagere,12 KM,13.131134,77.434492,0,0,0.0,0.0
Bengaluru Dist,Madanayakanahally PS,1.04422e+16,2023,1,1,Road Accidents,Not Applicable,Rural Areas,Near Bus stop,Human Error,No,Grievous Injury,Hit pedestrian,No signal lights,Straight and flat,Minor District Road,Bitumen(Tar),Others,Construction Work / Material,Clear,Magadi Main Road,forest gate,12,0.0,0.0,2,1,0.0,3.0
Bengaluru Dist,Madanayakanahally PS,1.04422e+16,2023,1,1,Road Accidents,Not Applicable,Rural Areas,Near or inside a village,Human Error,No,Fatal,Not Applicable,Not Applicable,Not Applicable,Others,Bitumen(Tar),Dry,Not Applicable,Fine,lakshmipura Main Road,saikrupa buldmart,30ft,0.0,0.0,0,0,0.0,0.0
Bengaluru Dist,Madanayakanahally PS,1.04422e+16,2023,1,2,Not Applicable,Narrow road,Rural Areas,Near Bus stop,Human Error,No,Grievous Injury,Vehicle to Vehicle,Not Applicable,Straight and flat,Not Applicable,Bitumen(Tar),Not Applicable,Not Applicable,Clear,Matthahalli Road,Near Shettara Angadi,12 Km,13.110211,77.446215,0,0,0.0,0.0
Bengaluru Dist,Madanayakanahally PS,1.04422e+16,2023,1,2,Road Accidents,Narrow road,Rural Areas,Open area,Human Error,Yes,Grievous Injury,Vehicle to Vehicle,Not at  Junction,Straight and flat,State Highway,Bitumen(Tar),Dry,Drainage Ditch,Clear,Bangalore-Magadi Road,Near Rashi Layout,14 Km,12.984253,77.444075,4,0,0.0,4.0
Bengaluru Dist,Madanayakanahally PS,1.04422e+16,2023,1,1,Road Accidents,Narrow road,Rural Areas,Open area,Human Error,Yes,Grievous Injury,Hit pedestrian,Uncontrolled,Straight and flat,Others,Concrete,Dry,Not Applicable,Fine,Tci-Hottappana Palay,Near Radakrishna Kalyana Mantappa,5 Km,13.056119,77.465369,0,0,0.0,0.0
Bengaluru Dist,Madanayakanahally PS,1.04422e+16,2023,1,2,Road Accidents,Narrow road,Rural Areas,Open area,Human Error,No,Grievous Injury,Vehicle to Vehicle,No signal lights,Straight and flat,State Highway,Bitumen(Tar),Dry,No influence on accident,Cloudy,Bangalore-Magadi Road,Near Skr Choutry,13 KM,12.990381,77.4528,0,0,0.0,0.0
Bengaluru Dist,Madanayakanahally PS,1.04422e+16,2023,1,1,Road Accidents,Circle,Rural Areas,Open area,Human Error,No,Not Applicable,Hit pedestrian,Not Applicable,Curve,Others,Bitumen(Tar),Dry,Not Applicable,Clear,Near SBI Bank Front Kadabagere Cross Dasanapura Hobli Bangaluru North TQ,Near SBI Bank Front Kadabagere Cross Dasanapura Hobli Bangaluru North TQ,5km,12.989389,77.449911,0,0,0.0,0.0
Bengaluru Dist,Madanayakanahally PS,1.04422e+16,2023,1,1,Road Accidents,Narrow road,Rural Areas,Near or inside a village,Vehicle Defect,Not Applicable,Fatal,Not Applicable,Not Applicable,Not Applicable,Residential Street,Bitumen(Tar),Dry,Not Applicable,Fine,Narasipura-honnasandra road,Athens layout Gate,100fee,13.108826,77.448812,0,0,0.0,0.0
Bengaluru Dist,Madanayakanahally PS,1.04422e+16,2023,1,2,Road Accidents,Narrow road,Rural Areas,Near Bus stop,Human Error,Yes,Grievous Injury,Vehicle to Vehicle,Not Applicable,Not Applicable,Others,Bitumen(Tar),Others,Not Applicable,Clear,Makali Gollahalli Road,Realins Were House,6 KM,13.123934,77.418802,0,1,0.0,1.0
Bengaluru Dist,Madanayakanahally PS,1.04422e+16,2023,1,1,Road Accidents,Narrow road,Rural Areas,Residential area,Human Error,No,Grievous Injury,Hit pedestrian,Not at  Junction,Steep Incline or Climb,Others,Bitumen(Tar),Ditch or Potholed,Drainage Ditch,Clear,village road,behind Janapriya Town ship,14,12.998217,77.440242,4,5,0.0,9.0
Bengaluru Dist,Madanayakanahally PS,1.04422e+16,2023,1,2,Road Accidents,Curves,Rural Areas,Residential area,Human Error,No,Grievous Injury,Vehicle to Vehicle,Uncontrolled,Curve,Residential Street,Bitumen(Tar),Dry,No influence on accident,Clear,bylakonenahalli road,bylakonenahalli road,9,12.997953,77.450655,0,0,0.0,0.0
Bengaluru Dist,Madanayakanahally PS,1.04422e+16,2023,1,1,Not Applicable,Curves,Rural Areas,At pedestrian Crossing,Human Error,No,Grievous Injury,Hit pedestrian,Not at  Junction,Curve,Residential Street,Bitumen(Tar),Dry,No influence on accident,Clear,GANGONDANAHALLI ROAD,SRIKANTAPURA ROAD,6,0.0,0.0,0,0,0.0,0.0
Bengaluru Dist,Madanayakanahally PS,1.04422e+16,2023,1,1,Road Accidents,Narrow road,City/Town,Near Bus stop,Human Error,No,Grievous Injury,Hit pedestrian,Not Applicable,Not Applicable,Others,Bitumen(Tar),Others,Not Applicable,Clear,Magadi-Bangalore Main Road,Forest Gate,15 Km,0.0,0.0,0,1,0.0,1.0
Bengaluru Dist,Madanayakanahally PS,1.04422e+16,2023,1,2,Road Accidents,Narrow road,Rural Areas,Open area,Human Error,No,Grievous Injury,Vehicle to Vehicle,Not at  Junction,Straight and flat,Minor District Road,Bitumen(Tar),Dry,Not Applicable,Clear,Huskuru-Makali Road,Near Danush Chikkan Center,13 Km,13.124135,77.418737,0,0,0.0,0.0
Bengaluru Dist,Madanayakanahally PS,1.04422e+16,2023,1,2,Road Accidents,Not Applicable,Rural Areas,Open area,Human Error,Not Applicable,Grievous Injury,Not Applicable,Not Applicable,Others,Others,Bitumen(Tar),Dry,Not Applicable,Clear,Thammenahalli Kudaragere Road Airforce Compond Near Dasanapura Hobli Bengaluru North TQ,Thammenahalli Kudaragere Road Airforce Compond Near Dasanapura Hobli Bengaluru North TQ,5km,13.072267,77.487848,0,0,0.0,0.0
Bengaluru Dist,Madanayakanahally PS,1.04422e+16,2023,1,1,Road Accidents,Not Applicable,Rural Areas,Open area,Not Applicable,Not Applicable,Simple Injury,Not Applicable,Not Applicable,Others,Not Applicable,Not Applicable,Not Applicable,Not Applicable,Clear,Near Aluru Panchaythi Off,Panchaythi Offices,10 KM,13.084218,77.464073,0,0,0.0,0.0
Bengaluru Dist,Madanayakanahally PS,1.04422e+16,2023,1,2,Road Accidents,Narrow road,Rural Areas,Near a factory industrial area,Human Error,Yes,Grievous Injury,Vehicle to Vehicle,Not at  Junction,Straight and flat,Major District Road,Bitumen(Tar),Dry,Not Applicable,Cloudy,Huskuru-Makali Road,Near Simm Factory,6 Km,13.254585,77.859652,0,0,0.0,0.0
Bengaluru Dist,Madanayakanahally PS,1.04422e+16,2023,1,1,Road Accidents,Not Applicable,Rural Areas,Near Bus stop,Human Error,No,Grievous Injury,Hit pedestrian,No signal lights,Straight and flat,Minor District Road,Bitumen(Tar),Others,No influence on accident,Clear,Magadi Main Road,Near sigehalli gate,13,12.984261,77.444014,0,1,0.0,1.0
Bengaluru Dist,Madanayakanahally PS,1.04422e+16,2023,1,2,Road Accidents,Narrow road,Rural Areas,Near a factory industrial area,Human Error,No,Grievous Injury,Vehicle to Vehicle,Give way sign,Straight and flat,Others,Bitumen(Tar),Dry,Not Applicable,Cloudy,Huskur-Makali Road,Near Nippan Gowdan,12 Km,0.0,0.0,0,0,0.0,0.0
Bengaluru Dist,Madanayakanahally PS,1.04422e+16,2023,1,2,Road Accidents,Junction,City/Town,Open area,Human Error,Yes,Grievous Injury,Vehicle to Vehicle,Uncontrolled,Straight and flat,Minor District Road,Bitumen(Tar),Dry,No influence on accident,Fine,Madanaykanhalli-Lakshmipura Road,Near Harlakatte,3 Km,0.0,0.0,0,0,0.0,0.0
Bengaluru Dist,Madanayakanahally PS,1.04422e+16,2023,1,1,Road Accidents,Narrow road,Rural Areas,Near Bus stop,Not Applicable,Yes,Grievous Injury,Hit pedestrian,Not at  Junction,Straight and flat,State Highway,Bitumen(Tar),Dry,Not Applicable,Clear,MAGADI ROAD,FOREST GATE,10,12.992072,77.459518,0,0,0.0,0.0
Bengaluru Dist,Madanayakanahally PS,1.04422e+16,2023,1,2,Road Accidents,Narrow road,Rural Areas,Near a factory industrial area,Human Error,Yes,Grievous Injury,Vehicle to Vehicle,Give way sign,Straight and flat,Major District Road,Bitumen(Tar),Dry,Not Applicable,Clear,Chikkagollarahati-Kachohalli Road,Near Amurth Wines,13 Km,13.007934,77.469702,0,0,0.0,0.0
Bengaluru Dist,Madanayakanahally PS,1.04422e+16,2023,1,2,Road Accidents,Narrow road,Rural Areas,Near Bus stop,Human Error,No,Fatal,Vehicle to Vehicle,Not at  Junction,Straight and flat,Others,Bitumen(Tar),Not Applicable,Not Applicable,Clear,Magadi Bangalore Road,Right Wese Decor Opposit,12 KM,12.991281,77.463468,0,0,0.0,0.0
Bengaluru Dist,Madanayakanahally PS,1.04422e+16,2023,1,2,Road Accidents,Narrow road,Rural Areas,In bazaar,Not Applicable,Not Applicable,Fatal,Vehicle to Vehicle,Not at  Junction,Others,Residential Street,Bitumen(Tar),Others,Not Applicable,Not Applicable,Shanimahatma temple near. madanayakanahalli,Miyami super market,10feet,13.062832,77.463903,0,1,0.0,1.0
Bengaluru Dist,Madanayakanahally PS,1.04422e+16,2023,1,1,Road Accidents,Circle,Rural Areas,Open area,Human Error,No,Simple Injury,Not Applicable,Not Applicable,Not Applicable,Others,Bitumen(Tar),Dry,Not Applicable,Fine,Magadi Main Road Near Forest Gate Dasanapura Hobli Ben galuru North TQ,Magadi Main Road Near Forest Gate Dasanapura Hobli Ben galuru North TQ,15 KM,12.99164,77.459725,0,0,0.0,0.0
Bengaluru Dist,Madanayakanahally PS,1.04422e+16,2023,1,1,Road Accidents,Narrow road,Rural Areas,Residential area,Human Error,No,Grievous Injury,Not Applicable,Not at  Junction,Straight and flat,Others,Gravel,Dry,Not Applicable,Cloudy,Kudurgere Colony,Near Anganavadi,6 Km,13.06867,77.476461,0,0,3.0,3.0
Bengaluru Dist,Madanayakanahally PS,1.04422e+16,2023,1,2,Road Accidents,Cross roads,Rural Areas,Open area,Human Error,No,Simple Injury,Not Applicable,Not Applicable,Curve,Not Applicable,Not Applicable,Dry,Not Applicable,Clear,Rahuthnahalli Dasanapura Hobli Bangarulu North Tq,Rahuthnahalli Dasanapura Hobli Bangarulu North Tq,4 km.,13.033627,77.431649,0,0,0.0,0.0
Bengaluru Dist,Madanayakanahally PS,1.04422e+16,2023,1,2,Road Accidents,Narrow road,Rural Areas,Residential area,Human Error,No,Grievous Injury,Vehicle to Vehicle,Give way sign,Straight and flat,Major District Road,Bitumen(Tar),Dry,Not Applicable,Fine,Kadabagere Cross-Janapriya Apperment,Near Relianc Mart,13 Km,12.997887,77.4334,0,0,0.0,0.0
Bengaluru Dist,Madanayakanahally PS,1.04422e+16,2023,1,2,Road Accidents,Cross roads,City/Town,Near Bus stop,Human Error,Not Applicable,Grievous Injury,Vehicle to Vehicle,Controlled,Curve,One way,Bitumen(Tar),Not Applicable,Not Applicable,Clear,Bangalore Thavarekere Magadi Road,Kadabagere Cross,13 KM,0.0,0.0,0,0,0.0,0.0
Bengaluru Dist,Madanayakanahally PS,1.04422e+16,2023,1,2,Road Accidents,Narrow road,Rural Areas,Near Bus stop,Human Error,No,Damage Only,Vehicle to Vehicle,Not at  Junction,Not Applicable,One way,Bitumen(Tar),Not Applicable,Not Applicable,Cloudy,Byandahalli Kitthanahalli Road,Amruth Mahal,15 Km,13.049845,77.4011419,0,0,0.0,0.0
Bengaluru Dist,Madanayakanahally PS,1.04422e+16,2023,1,1,Road Accidents,Narrow road,Rural Areas,Near Bus stop,Human Error,No,Grievous Injury,Hit pedestrian,Uncontrolled,Not Applicable,Others,Bitumen(Tar),Not Applicable,Not Applicable,Clear,Thammenahalli Road,Narasappa Circle,15 Km,13.072386,77.487883,0,0,0.0,0.0
Bengaluru Dist,Madanayakanahally PS,1.04422e+16,2023,1,2,Road Accidents,Narrow road,Rural Areas,Open area,Human Error,No,Grievous Injury,Vehicle to Vehicle,Not at  Junction,Straight and flat,Minor District Road,Bitumen(Tar),Dry,Not Applicable,Clear,Gollahalli-Hesaagatta Road,Near Temple,16 Km,0.0,0.0,0,0,0.0,0.0
Bengaluru Dist,Madanayakanahally PS,1.04422e+16,2023,1,1,Road Accidents,Circle,Rural Areas,Near Bus stop,Human Error,No,Simple Injury,Not Applicable,Not Applicable,Curve,Others,Bitumen(Tar),Dry,Not Applicable,Clear,Magadi Road Near Forest Gate Dasanapura Hobli Bangaluru North TQ,Magadi Road Near Forest Gate Dasanapura Hobli Bangaluru North TQ,12 km,12.991594,77.459342,0,0,0.0,0.0
Bengaluru Dist,Madanayakanahally PS,1.04422e+16,2023,1,2,Road Accidents,Not Applicable,Rural Areas,Open area,Human Error,No,Simple Injury,Vehicle to Vehicle,Not Applicable,Others,Others,Bitumen(Tar),Dry,Not Applicable,Clear,Near Seegehalli Gate Dasanapura Hobli Bangaluru North TQ,Near Seegehalli Gate Dasanapura Hobli Bangaluru North TQ,10,12.982739,77.441403,0,0,0.0,0.0
Bengaluru Dist,Madanayakanahally PS,1.04422e+16,2023,1,2,Road Accidents,Curves,Rural Areas,Open area,Human Error,Not Applicable,Grievous Injury,Vehicle to Vehicle,Not at  Junction,Others,Others,Bitumen(Tar),Dry,No influence on accident,Clear,Makali-Huskur road,Near Sony Gowdan,20ft,13.069998,77.456297,0,0,0.0,0.0
Bengaluru Dist,Madanayakanahally PS,1.04422e+16,2023,1,2,Road Accidents,Narrow road,Rural Areas,Open area,Human Error,No,Grievous Injury,Vehicle to Vehicle,Not at  Junction,Straight and flat,Others,Kutcha,Dry,No influence on accident,Clear,Magadi-Bangalore road,Infront Krishna Medicle,20 FT,12.991717,77.459702,0,0,4.0,4.0
Bengaluru Dist,Madanayakanahally PS,1.04422e+16,2023,1,1,Road Accidents,Not Applicable,Rural Areas,Open area,Human Error,No,Simple Injury,Not Applicable,Not Applicable,Not Applicable,Not Applicable,Not Applicable,Dry,Not Applicable,Clear,Thotadaguddadahalli,Thotadaguddadahalli,10,13.066749,77.488664,0,0,0.0,0.0
Bengaluru Dist,Madanayakanahally PS,1.04422e+16,2023,1,2,Road Accidents,Narrow road,Rural Areas,Residential area,Human Error,Not Applicable,Grievous Injury,Vehicle to Vehicle,Uncontrolled,Straight and flat,Two way,Bitumen(Tar),Not Applicable,No influence on accident,Others,RAVUTHANAHALLI ROAD,matrusri layout,8km,13.053561,77.455276,0,0,0.0,0.0
Bengaluru Dist,Madanayakanahally PS,1.04422e+16,2023,1,2,Road Accidents,Narrow road,Rural Areas,Near a factory industrial area,Human Error,Yes,Grievous Injury,Vehicle to Vehicle,Not at  Junction,Not Applicable,Others,Bitumen(Tar),Not Applicable,Not Applicable,Clear,Nagaruru Road,Near Halobricks Factory,12 KM,0.0,0.0,0,0,0.0,0.0