DISTRICTNAME,UNITNAME,Crime_No,Year,RI,Noofvehicle_involved,Accident_Classification,Accident_Spot,Accident_Location,Accident_SubLocation,Main_Cause,Hit_Run,Severity,Collision_Type,Junction_Control,Road_Character,Road_Type,Surface_Type,Surface_Condition,Road_Condition,Weather,Accident_Road,Landmark_first,Distance_LandMark_First,Latitude,Longitude,Road_Condition_Score,Surface_Condition_Score,Surface_Type_Score,Road_Risk_Index
Bengaluru Dist,Madanayakanahally PS,1.04422e+16,2023,1,1,Road Accidents,Junction,Rural Areas,At pedestrian Crossing,Human Error,Not Applicable,Grievous Injury,Hit pedestrian,Uncontrolled,Straight and flat,Major District Road,Bitumen(Tar),Dry,No influence on accident,Clear,MAGADI MAIN ROAD BANGALORE TO MAGADI ROAD,huliyuraamma temple,15,12.991072,77.455871,0,0,0.0,0.0
Bengaluru Dist,Madanayakanahally PS,1.04422e+16,2023,1,2,Road Accidents,Narrow road,Rural Areas,Near Bus stop,Human Error,No,Grievous Injury,Vehicle to Vehicle,Not Applicable,Straight and flat,Others,Bitumen(Tar),Not Applicable,Not Applicable,Clear,Makali Gollahalli Road,Bommashettihalli,12 KM,13.12924,77.414268,0,0,0.0,0.0
Bengaluru Dist,Madanayakanahally PS,1.04422e+16,2023,1,1,Not Applicable,Narrow road,Rural Areas,Near Bus stop,Human Error,Not Applicable,Grievous Injury,Hit pedestrian,Not at  Junction,Straight and flat,Major District Road,Bitumen(Tar),Dry,No influence on accident,Clear,chikkagollarahatti bus stop,chikkagollarahtti bus stop,10,12.991909,77.467966,0,0,0.0,0.0
Bengaluru Dist,Madanayakanahally PS,1.04422e+16,2023,1,2,Road Accidents,Narrow road,City/Town,Near a factory industrial area,Human Error,No,Grievous Injury,Vehicle to Vehicle,Give way sign,Straight and flat,Major District Road,Bitumen(Tar),Dry,Not Applicable,Cloudy,Kudurgere-Tci Road,Near Deelip Bar,3 Km,0.0,0.0,0,0,0.0,0.0
Bengaluru Dist,Madanayakanahally PS,1.04422e+16,2023,1,2,Road Accidents,Narrow road,Rural Areas,Open area,Not Applicable,Yes,Simple Injury,Hit pedestrian,Uncontrolled,Straight and flat,Others,Bitumen(Tar),Dry,Not Applicable,Fine,Ravutthanahalli Road,Shivanapura Cross,8 KM,0.0,0.0,0,0,0.0,0.0
Bengaluru Dist,Madanayakanahally PS,1.04422e+16,2023,1,1,Road Accidents,Narrow road,Rural Areas,Near School or College,Human Error,No,Grievous Injury,Hit pedestrian,Police / Manual,Straight and flat,Major District Road,Bitumen(Tar),Dry,Not Applicable,Clear,Giddenahalli-Sigehalli Road,Near School,14 Km,12.989356,77.424459,0,0,0.0,0.0
Bengaluru Dist,Madanayakanahally PS,1.04422e+16,2023,1,2,Road Accidents,Cross roads,Rural Areas,Near or inside a village,Human Error,Yes,Grievous Injury,Vehicle to Vehicle,No signal lights,Straight and flat,Minor District Road,Bitumen(Tar),Dry,Not Applicable,Clear,Gangagondanahalli Road,Near Huliyuramma Bilding,8 Km,13.015916,77.467382,0,0,0.0,0.0
Bengaluru Dist,Madanayakanahally PS,1.04422e+16,2023,1,2,Road Accidents,Narrow road,Rural Areas,Open area,Human Error,No,Grievous Injury,Vehicle to Vehicle,Uncontrolled,Straight and flat,Major District Road,Bitumen(Tar),Dry,Not Applicable,Fine,Gangaondanahalli-Lakshmipura Road,Near Lakshmipura Road,8 Km,13.06528,77.85263,0,0,0.0,0.0
Bengaluru Dist,Madanayakanahally PS,1.04422e+16,2023,1,2,Road Accidents,Narrow road,Rural Areas,Open area,Human Error,No,Grievous Injury,Vehicle to Vehicle,Not Applicable,Straight and flat,Minor District Road,Bitumen(Tar),Dry,Not Applicable,Fine,Tavarekre Nelamangala Road,Near Layout,12 Km,13.057168,77.393505,0,0,0.0,0.0
Bengaluru Dist,Madanayakanahally PS,1.04422e+16,2023,1,2,Road Accidents,Narrow road,Rural Areas,Residential area,Human Error,Yes,Grievous Injury,Vehicle to Vehicle,Give way sign,Straight and flat,Minor District Road,Bitumen(Tar),Dry,Not Applicable,Cloudy,"Nelamangala-Tavarekere Road, Near ShylamallikarjunHotel Infront Of Nagaraju House",In Frent Of Nagaraju,12 Km,13.020886,77.384341,0,0,0.0,0.0
Bengaluru Dist,Madanayakanahally PS,1.04422e+16,2023,1,2,Road Accidents,Narrow road,Rural Areas,Near Bus stop,Human Error,Yes,Grievous Injury,Vehicle to Vehicle,Not at  Junction,Others,Others,Bitumen(Tar),Not Applicable,Not Applicable,Clear,Thavarekere Sondekoppa Road,Lakkenahalli gate,13 KM,13.075855,77.453596,0,0,0.0,0.0
Bengaluru Dist,Madanayakanahally PS,1.04422e+16,2023,1,1,Not Applicable,Not Applicable,City/Town,Near School or College,Human Error,No,Not Applicable,Not Applicable,Not Applicable,Others,Minor District Road,Bitumen(Tar),Dry,No influence on accident,Clear,MAGADI MAIN ROAD,Embessy shcool near,15,13.058647,77.393198,0,0,0.0,0.0
Bengaluru Dist,Madanayakanahally PS,1.04422e+16,2023,1,1,Not Applicable,Not Applicable,City/Town,Residential area,Human Error,No,Grievous Injury,Not Applicable,Not Applicable,Others,Minor District Road,Bitumen(Tar),Dry,Not Applicable,Clear,MAGADI MAIN ROAD BANGALORE TO MAGADI ROAD,Anil palace,15,13.057315,77.482509,0,0,0.0,0.0
Bengaluru Dist,Madanayakanahally PS,1.04422e+16,2023,1,2,Road Accidents,Narrow road,Rural Areas,Near Bus stop,Human Error,No,Grievous Injury,Vehicle to Vehicle,Not Applicable,Not Applicable,One way,Bitumen(Tar),Not Applicable,Not Applicable,Clear,Madanayakanahalli Lakshmipura Road,Dombarahalli,6 KM,0.0,0.0,0,0,0.0,0.0
Bengaluru Dist,Madanayakanahally PS,1.04422e+16,2023,1,2,Road Accidents,Narrow road,Rural Areas,Residential area,Not Applicable,Yes,Fatal,Vehicle to Vehicle,Controlled,Others,Residential Street,Not Applicable,Others,Not Applicable,Cloudy,madanayakanahalli-kadabagere,sri chennakeshava hotel,15 fee,13.026441,77.45701,0,1,0.0,1.0
Bengaluru Dist,Madanayakanahally PS,1.04422e+16,2023,1,2,Road Accidents,Circle,City/Town,Open area,Human Error,No,Grievous Injury,Vehicle to Vehicle,Signal lights Manual,Others,Major District Road,Bitumen(Tar),Dry,Not Applicable,Fine,Makali-Rmc Road,Near Aluru Cricket Stadaym,9 Km,13.087032,77.446692,0,0,0.0,0.0
Bengaluru Dist,Madanayakanahally PS,1.04422e+16,2023,1,2,Road Accidents,Narrow road,Rural Areas,Residential area,Vehicle Defect,Yes,Fatal,Vehicle to Vehicle,Not at  Junction,Others,State Highway,Not Applicable,Others,Construction Work / Material,Dust Storn,Bagalore to Magadi road.,ashwath katte,30feet,12.991503,77.464577,2,1,0.0,3.0
Bengaluru Dist,Madanayakanahally PS,1.04422e+16,2023,1,3,Road Accidents,Narrow road,Rural Areas,Open area,Human Error,No,Damage Only,Vehicle to Vehicle,Not at  Junction,Straight and flat,Others,Bitumen(Tar),Dry,Not Applicable,Fine,Huskuru road,near Golden seams,2 km,13.070424,77.458035,0,0,0.0,0.0
Bengaluru Dist,Madanayakanahally PS,1.04422e+16,2023,1,2,Road Accidents,Not Applicable,Rural Areas,Open area,Human Error,Not Applicable,Grievous Injury,Vehicle to Vehicle,Not Applicable,Not Applicable,Not Applicable,Not Applicable,Dry,Not Applicable,Clear,Magadi Main Road Near Embesc School Dasanapura Hobli Bangaluru North TQ,Magadi Main Road Near Embesc School Dasanapura Hobli Bangaluru North TQ,10,12.992002,77.462368,0,0,0.0,0.0
Bengaluru Dist,Madanayakanahally PS,1.04422e+16,2023,1,1,Road Accidents,Circle,Rural Areas,Open area,Human Error,No,Grievous Injury,Hit pedestrian,Not Applicable,Curve,Others,Bitumen(Tar),Dry,Not Applicable,Clear,Near Gangondanahalli Cricle Dasanapura Hobli Bangaluru North TQ,Near Gangondanahalli Cricle Dasanapura Hobli Bangaluru North TQ,12,13.021168,77.467603,0,0,0.0,0.0
Bengaluru Dist,Madanayakanahally PS,1.04422e+16,2023,1,1,Road Accidents,Cross roads,Rural Areas,Residential area,Human Error,No,Grievous Injury,Not Applicable,Not Applicable,Not Applicable,Others,Not Applicable,Dry,Not Applicable,Clear,Kuduregere road,NEAR BGS COMPOUND,0 5 km,13.062171,77.462325,0,0,0.0,0.0
Bengaluru Dist,Madanayakanahally PS,1.04422e+16,2023,1,2,Road Accidents,Narrow road,Rural Areas,Open area,Human Error,No,Grievous Injury,Vehicle to Vehicle,Not at  Junction,Straight and flat,Minor District Road,Bitumen(Tar),Dry,Not Applicable,Cloudy,Sondekoppa-Manchenahalli Road,Near Water tank,14 Km,13.022618,77.380285,0,0,0.0,0.0
Bengaluru Dist,Madanayakanahally PS,1.04422e+16,2023,1,2,Road Accidents,Narrow road,Rural Areas,Near or inside a village,Human Error,No,Grievous Injury,Vehicle to Vehicle,Not Applicable,Straight and flat,Others,Bitumen(Tar),Not Applicable,Not Applicable,Clear,Gangondanahalli Shanthinagara Road,Shanthinagara,6 Km,13.016818,77.29232,0,0,0.0,0.0
Bengaluru Dist,Madanayakanahally PS,1.04422e+16,2023,1,2,Not Applicable,Cross roads,Rural Areas,Residential area,Human Error,Not Applicable,Grievous Injury,Vehicle to Vehicle,Not at  Junction,Curve,Residential Street,Bitumen(Tar),Dry,Not Applicable,Clear,mattahalli road,nagara temple,8,13.623808,77.275285,0,0,0.0,0.0
Bengaluru Dist,Madanayakanahally PS,1.04422e+16,2023,1,1,Road Accidents,Narrow road,City/Town,Near a factory industrial area,Human Error,No,Grievous Injury,Not Applicable,Controlled,Not Applicable,Others,Bitumen(Tar),Not Applicable,Not Applicable,Very Cold,Makali Huskuru Road,NIppan Godan,6 km,13.085219,77.447501,0,0,0.0,0.0
Bengaluru Dist,Madanayakanahally PS,1.04422e+16,2023,1,1,Road Accidents,Narrow road,Rural Areas,Near a factory industrial area,Human Error,No,Fatal,Not Applicable,Not Applicable,Not Applicable,Service Road,Concrete,Dry,Not Applicable,Fine,BIEC SERVICE ROAD,HALL NO 2,5FT,13.083879,77.4534039,0,0,0.0,0.0
Bengaluru Dist,Madanayakanahally PS,1.04422e+16,2023,1,1,Not Applicable,Not Applicable,City/Town,Near Hospital,Human Error,No,Simple Injury,Not Applicable,Uncontrolled,Straight and flat,Two way,Bitumen(Tar),Muddy,Not Applicable,Fine,MAGADI MAIN ROAD,pooja hospital near,15,13.063416,77.440362,0,4,0.0,4.0
Bengaluru Dist,Madanayakanahally PS,1.04422e+16,2023,1,2,Road Accidents,Circle,Rural Areas,Near a factory industrial area,Human Error,No,Damage Only,Vehicle to Vehicle,Not at  Junction,Straight and flat,Others,Bitumen(Tar),Dry,Not Applicable,Fine,Makali-Huskuru Road,Near Wear Minaral Company,8 Km,13.092278,77.445295,0,0,0.0,0.0
Bengaluru Dist,Madanayakanahally PS,1.04422e+16,2023,1,2,Road Accidents,Cross roads,Rural Areas,Open area,Human Error,No,Grievous Injury,Vehicle to Vehicle,Not Applicable,Curve,Others,Bitumen(Tar),Dry,Not Applicable,Clear,Gangondanahalli Kachohalli Road Baylakonenahalli Cross Dasanapura Hobli Bangaluru North TQ,Gangondanahalli Kachohalli Road Baylakonenahalli Cross Dasanapura Hobli Bangaluru North TQ,12 km,13.010432,77.469459,0,0,0.0,0.0
Bengaluru Dist,Madanayakanahally PS,1.04422e+16,2023,1,2,Road Accidents,Cross roads,Rural Areas,Open area,Human Error,No,Grievous Injury,Vehicle to Vehicle,Not Applicable,Curve,Two way,Not Applicable,Dry,Not Applicable,Clear,Narasheepura Road Mattahalli Cross Dasanapura Hobli Bangaluru North TQ,Narasheepura Road Mattahalli Cross Dasanapura Hobli Bangaluru North TQ,15,13.107453,77.451336,0,0,0.0,0.0
Bengaluru Dist,Madanayakanahally PS,1.04422e+16,2023,1,2,Road Accidents,Circle,Rural Areas,Open area,Human Error,No,Simple Injury,Vehicle to Vehicle,Not Applicable,Curve,Two way,Bitumen(Tar),Dry,Not Applicable,Clear,Near Sapthagiri Badavane Kithanahalli Dasanapura Hobli Bangaluru North TQ,Near Sapthagiri Badavane Kithanahalli Dasanapura Hobli Bangaluru North TQ,10 KM,13.009213,77.419641,0,0,0.0,0.0
Bengaluru Dist,Madanayakanahally PS,1.04422e+16,2023,1,2,Road Accidents,Cross roads,Rural Areas,Near School or College,Human Error,No,Grievous Injury,Vehicle to Vehicle,Not Applicable,Curve,Two way,Bitumen(Tar),Dry,Not Applicable,Clear,Kadabagere Road Near Behaind Rashi Residency Dasanapura Hobli Bangaluru North TQ,Kadabagere Road Near Behaind Rashi Residency Dasanapura Hobli Bangaluru North TQ,10km,12.989064,77.445405,0,0,0.0,0.0
Bengaluru Dist,Madanayakanahally PS,1.04422e+16,2023,1,1,Road Accidents,Narrow road,Rural Areas,Open area,Human Error,No,Grievous Injury,Hit bicyclist,Give way sign,Straight and flat,Minor District Road,Bitumen(Tar),Dry,Not Applicable,Cloudy,Madanayaknahalli Lakshmipura Road,Near Arali Katte,8 Km,13.049083,77.460139,0,0,0.0,0.0
Bengaluru Dist,Madanayakanahally PS,1.04422e+16,2023,1,1,Road Accidents,Narrow road,Rural Areas,At pedestrian Crossing,Human Error,No,Fatal,Hit pedestrian,Not Applicable,Not Applicable,State Highway,Bitumen(Tar),Dry,Not Applicable,Fine,STATE HIGHAY,Parishrama granait,10ft,12.99068,77.456038,0,0,0.0,0.0
Bengaluru Dist,Madanayakanahally PS,1.04422e+16,2023,1,1,Road Accidents,Cross roads,Rural Areas,Residential area,Human Error,Not Applicable,Grievous Injury,Not Applicable,Uncontrolled,Curve,Residential Street,Bitumen(Tar),Ditch or Potholed,No influence on accident,Clear,KACHOHALLI ROAD,KACHOHALLI ROAD,15,13.000471,77.471344,0,5,0.0,5.0
Bengaluru Dist,Madanayakanahally PS,1.04422e+16,2023,1,1,Road Accidents,Narrow road,Rural Areas,Near Bus stop,Human Error,No,Grievous Injury,Hit bicyclist,Not Applicable,Curve,Others,Bitumen(Tar),Not Applicable,Not Applicable,Clear,Kuduregege Thotadaguddadahalli Road,Kuduregere Colony,5 km,13.064014,77.470689,0,0,0.0,0.0
Bengaluru Dist,Madanayakanahally PS,1.04422e+16,2023,1,2,Road Accidents,Curves,Rural Areas,Near School or College,Human Error,Not Applicable,Grievous Injury,Vehicle to Vehicle,Uncontrolled,Curve,Two way,Bitumen(Tar),Dry,No influence on accident,Clear,MACHOHALLI COLONY,PRERANA SCHOOL NEAR,13,0.0,0.0,0,0,0.0,0.0
Bengaluru Dist,Madanayakanahally PS,1.04422e+16,2023,1,2,Road Accidents,Narrow road,Rural Areas,Near Bus stop,Human Error,No,Grievous Injury,Vehicle to Vehicle,Give way sign,Others,Others,Bitumen(Tar),Dry,Not Applicable,Cloudy,Huskur-Makali Road,Near vaderahalli Librari,14 Km,13.099805,77.444796,0,0,0.0,0.0
Bengaluru Dist,Madanayakanahally PS,1.04422e+16,2023,1,1,Road Accidents,Curves,Rural Areas,Near a factory industrial area,Human Error,No,Not Applicable,Not Applicable,Uncontrolled,Curve,Residential Street,Bitumen(Tar),Dry,Not Applicable,Clear,HUSKURU ROAD,Honnasandra Cross,8,13.110662,77.443612,0,0,0.0,0.0
Bengaluru Dist,Madanayakanahally PS,1.04422e+16,2023,1,1,Road Accidents,Cross roads,Rural Areas,Near School or College,Human Error,No,Grievous Injury,Hit pedestrian,Not at  Junction,Curve,One way,Bitumen(Tar),Others,Not Applicable,Clear,Madanayakanahalli Kuduregere Road,Hanumanthasagara Cross,1/2 KM,13.07012,77.463602,0,1,0.0,1.0
Bengaluru Dist,Madanayakanahally PS,1.04422e+16,2023,1,2,Road Accidents,Narrow road,Rural Areas,Near School or College,Human Error,Yes,Grievous Injury,Vehicle to Vehicle,Not at  Junction,Straight and flat,Minor District Road,Bitumen(Tar),Dry,Not Applicable,Fine,Aluru Palya Road,Near Government School,8 Km,13.088414,77.465734,0,0,0.0,0.0
Bengaluru Dist,Madanayakanahally PS,1.04422e+16,2023,1,2,Road Accidents,Narrow road,Rural Areas,Open area,Human Error,No,Grievous Injury,Vehicle to Vehicle,Not at  Junction,Straight and flat,Minor District Road,Bitumen(Tar),Dry,Not Applicable,Fine,Giddenahalli-Siggehalli Gate,Near Siddalingeswara Pravisana Store,14 Km,12.983026,77.438974,0,0,0.0,0.0
Bengaluru Dist,Madanayakanahally PS,1.04422e+16,2023,1,2,Road Accidents,Not Applicable,Rural Areas,Open area,Human Error,No,Grievous Injury,Not Applicable,Not Applicable,Not Applicable,Not Applicable,Not Applicable,Dry,Not Applicable,Clear,Huskuru Road Dasanapura Hobli Bangaluru North TQ,Huskuru Road Dasanapura Hobli Bangaluru North TQ,12,13.07535,77.4516,0,0,0.0,0.0
Bengaluru Dist,Madanayakanahally PS,1.04422e+16,2023,1,1,Road Accidents,Not Applicable,Rural Areas,Open area,Human Error,No,Grievous Injury,Not Applicable,Not Applicable,Not Applicable,Not Applicable,Not Applicable,Not Applicable,Not Applicable,Clear,Magadi Main Road Kachohalli Cross,Magadi Main Road Kachohalli,10,12.991061,77.467024,0,0,0.0,0.0
Bengaluru Dist,Madanayakanahally PS,1.04422e+16,2023,1,1,Road Accidents,Cross roads,Rural Areas,Open area,Human Error,No,Not Applicable,Hit pedestrian,Not Applicable,Curve,Others,Not Applicable,Dry,Not Applicable,Clear,Siddanahosahalli Road Near Dombarahalli Peple Tree Dasanapura Hobli Bangaluru North TQ,Siddanahosahalli Road Near Dombarahalli Peple Tree Dasanapura Hobli Bangaluru North TQ,10,13.055284,77.459632,0,0,0.0,0.0
Bengaluru Dist,Madanayakanahally PS,1.04422e+16,2023,1,2,Road Accidents,Curves,Rural Areas,Residential area,Human Error,No,Simple Injury,Vehicle to Vehicle,Not Applicable,Curve,Others,Bitumen(Tar),Dry,Not Applicable,Clear,Magadi Road Near Rajarajeshwari Choultry Dasanapura Hobli Bangaluru North TQ,Magadi Road Near Rajarajeshwari Choultry Dasanapura Hobli Bangaluru North TQ,10,12.990957,77.466939,0,0,0.0,0.0
Bengaluru Dist,Madanayakanahally PS,1.04422e+16,2023,1,2,Road Accidents,Not Applicable,Rural Areas,Near Bus stop,Human Error,No,Not Applicable,Vehicle to Vehicle,Not Applicable,Curve,Others,Bitumen(Tar),Dry,Not Applicable,Clear,Bangalore Magadi Road Chikkagollarahatti Near Rayal Oak Dasanapura hobli Bangalore North Tq,Bangalore Magadi Road Chikkagollarahatti Near Rayal Oak Dasanapura hobli Bangalore North Tq,10 KM,12.989881,77.462773,0,0,0.0,0.0
Bengaluru Dist,Madanayakanahally PS,1.04422e+16,2023,1,2,Road Accidents,Cross roads,Rural Areas,Open area,Human Error,No,Simple Injury,Vehicle to Vehicle,Not Applicable,Curve,Not Applicable,Bitumen(Tar),Dry,Not Applicable,Clear,Bylakonenahalli Machohalli Road Beene Hanumanthanagara Lay out Bengaluru city,Bylakonenahalli Machohalli Road Beene Hanumanthanagara Lay out Bengaluru city,10 KM,13.010401,77.449643,0,0,0.0,0.0
Bengaluru Dist,Madanayakanahally PS,1.04422e+16,2023,1,1,Road Accidents,Narrow road,Rural Areas,Open area,Human Error,No,Grievous Injury,Not Applicable,Not at  Junction,Not Applicable,One way,Bitumen(Tar),Not Applicable,Not Applicable,Clear,Makali Huskuru Road,Near APMC,6 KM,13.006217,77.29232,0,0,0.0,0.0
Bengaluru Dist,Madanayakanahally PS,1.04422e+16,2023,1,1,Road Accidents,Cross roads,Rural Areas,Residential area,Human Error,Yes,Grievous Injury,Hit pedestrian,Uncontrolled,Straight and flat,Minor District Road,Bitumen(Tar),Dry,Not Applicable,Fine,Machohalli Village,Near Manoj Chikana Center,14 Km,12.025652,77.526856,0,0,0.0,0.0
Bengaluru Dist,Madanayakanahally PS,1.04422e+16,2023,1,2,Not Applicable,Narrow road,Rural Areas,Near School or College,Human Error,No,Fatal,Vehicle to Vehicle,Not Applicable,Not Applicable,Not Applicable,Bitumen(Tar),Not Applicable,Not Applicable,Clear,Machohalli Road,Vani School,15 Km,12.991783,77.461957,0,0,0.0,0.0
Bengaluru Dist,Madanayakanahally PS,1.04422e+16,2023,1,1,Road Accidents,Circle,Rural Areas,Near Bus stop,Human Error,No,Grievous Injury,Not Applicable,Not at  Junction,Curve,One way,Bitumen(Tar),Not Applicable,Not Applicable,Clear,Anchepalya Road,Anchepalya Circle,6 Km,0.0,0.0,0,0,0.0,0.0
Bengaluru Dist,Madanayakanahally PS,1.04422e+16,2023,1,2,Road Accidents,Narrow road,Rural Areas,Near Bus stop,Human Error,No,Grievous Injury,Vehicle to Vehicle,Not Applicable,Not Applicable,Others,Not Applicable,Not Applicable,Not Applicable,Clear,Makali Huskuru Road,Near Hallimane Hotel,5 Km,0.0,0.0,0,0,0.0,0.0
Bengaluru Dist,Madanayakanahally PS,1.04422e+16,2023,1,1,Road Accidents,Not Applicable,Rural Areas,Near Bus stop,Human Error,Not Applicable,Grievous Injury,Hit pedestrian,Not at  Junction,Straight and flat,Major District Road,Bitumen(Tar),Dry,Not Applicable,Clear,magadi road,chikkagollarahtti bus stop,15,0.0,0.0,0,0,0.0,0.0
Bengaluru Dist,Madanayakanahally PS,1.04422e+16,2023,1,2,Road Accidents,Narrow road,Rural Areas,Near Bus stop,Human Error,Yes,Grievous Injury,Vehicle to Vehicle,Not at  Junction,Not Applicable,Others,Bitumen(Tar),Not Applicable,Not Applicable,Clear,Kithhanahalli Byandahalli Road,Kitthanahalli Maruthi Bar,15 Km,0.0,0.0,0,0,0.0,0.0
Bengaluru Dist,Madanayakanahally PS,1.04422e+16,2023,1,2,Road Accidents,Narrow road,Rural Areas,Near Bus stop,Human Error,No,Grievous Injury,Vehicle to Vehicle,Not Applicable,Not Applicable,One way,Bitumen(Tar),Not Applicable,Not Applicable,Clear,Makali Huskuru Road,Golden Sim Factory,6 Km,0.0,0.0,0,0,0.0,0.0
Bengaluru Dist,Madanayakanahally PS,1.04422e+16,2023,1,2,Road Accidents,Narrow road,Rural Areas,Near Bus stop,Human Error,No,Grievous Injury,Vehicle to Vehicle,Not Applicable,Not Applicable,Others,Bitumen(Tar),Not Applicable,Not Applicable,Clear,Kuduregege Thotadaguddadahalli Road,Near Saibaba Tempal,8 KM,13.069689,77.484258,0,0,0.0,0.0
Bengaluru Dist,Madanayakanahally PS,1.04422e+16,2023,1,2,Road Accidents,Not Applicable,Rural Areas,Near Bus stop,Human Error,No,Grievous Injury,Vehicle to Vehicle,Not Applicable,Straight and flat,NH,Bitumen(Tar),Not Applicable,Not Applicable,Clear,Makali Huskuru Road,Vaderahalli Gate,6 Km,0.0,0.0,0,0,0.0,0.0
Bengaluru Dist,Madanayakanahally PS,1.04422e+16,2023,1,1,Road Accidents,Cross roads,Rural Areas,At pedestrian Crossing,Vehicle Defect,Yes,Grievous Injury,Hit pedestrian,Give way sign,Incline,State Highway,Bitumen(Tar),Dry,No influence on accident,Fine,Magdi Road,Near Sigehalli Gate,18 Km,0.0,0.0,0,0,0.0,0.0
Bengaluru Dist,Madanayakanahally PS,1.04422e+16,2023,1,1,Road Accidents,Narrow road,Rural Areas,Near office complex,Human Error,Yes,Grievous Injury,Hit pedestrian,Controlled,Straight and flat,Major District Road,Bitumen(Tar),Dry,Not Applicable,Clear,Ravuthanahalli-Dasanapura Road,Near Lakshimi Ceramic,9 Km,0.0,0.0,0,0,0.0,0.0
Bengaluru Dist,Madanayakanahally PS,1.04422e+16,2023,1,1,Road Accidents,Narrow road,Rural Areas,Residential area,Human Error,No,Grievous Injury,Not Applicable,Not at  Junction,Straight and flat,Residential Street,Bitumen(Tar),Dry,No influence on accident,Clear,Byregowdanahalli village,Near Byregowdanahallli Bar,9,13.054348,77.393216,0,0,0.0,0.0
Bengaluru Dist,Madanayakanahally PS,1.04422e+16,2023,1,2,Road Accidents,Cross roads,Rural Areas,Open area,Human Error,No,Simple Injury,Vehicle to Vehicle,Not Applicable,Curve,Others,Bitumen(Tar),Dry,Not Applicable,Clear,BGS School Road Cross Nagaru Dasanapura Hobli Bangaluru North TQ,BGS School Road Cross Nagaru Dasanapura Hobli Bangaluru North TQ,5km,13.089301,77.425246,0,0,0.0,0.0
Bengaluru Dist,Madanayakanahally PS,1.04422e+16,2023,1,1,Road Accidents,Cross roads,Rural Areas,Open area,Human Error,No,Not Applicable,Vehicle to Vehicle,Not Applicable,Curve,Others,Bitumen(Tar),Dry,Not Applicable,Clear,Kachohalli Gangondanahalli To Magadi Road Dasanapura Hobli Bnagaluru North TQ,Kachohalli Gangondanahalli To Magadi Road Dasanapura Hobli Bnagaluru North TQ,8 km,13.005739,77.469899,0,0,0.0,0.0
Bengaluru Dist,Madanayakanahally PS,1.04422e+16,2023,1,1,Road Accidents,Cross roads,Rural Areas,Open area,Human Error,No,Not Applicable,Hit pedestrian,Not Applicable,Curve,Two way,Bitumen(Tar),Dry,Not Applicable,Clear,Madanayakanahalli To Near Kuduragere Road Adithya Steel Comany Dasanapura Hobli Bangaluru North TQ,Madanayakanahalli To Near Kuduragere Road Adithya Steel Comany Dasanapura Hobli Bangaluru North TQ,10 KM,13.063707,77.470124,0,0,0.0,0.0
Bengaluru Dist,Madanayakanahally PS,1.04422e+16,2023,1,2,Road Accidents,Cross roads,Rural Areas,Open area,Human Error,No,Grievous Injury,Vehicle to Vehicle,Not at  Junction,Straight and flat,Others,Bitumen(Tar),Others,Not Applicable,Clear,Hullegowdanahalli Road,near giriyappanapalya circle,15 Km,13.066415,77.4036099,0,1,0.0,1.0
Bengaluru Dist,Madanayakanahally PS,1.04422e+16,2023,1,2,Road Accidents,Cross roads,Rural Areas,Open area,Human Error,No,Simple Injury,Not Applicable,Not Applicable,Curve,Others,Bitumen(Tar),Dry,Not Applicable,Others,Nelamangala Thavarekere Road Near Byregowdanahalli Calony Dasanapura Hobli Bangaluru North TQ,Nelamangala Thavarekere Road Near Byregowdanahalli Calony Dasanapura Hobli Bangaluru North TQ,40 KM,13.054265,77.485843,0,0,0.0,0.0
Bengaluru Dist,Madanayakanahally PS,1.04422e+16,2023,1,2,Road Accidents,Narrow road,Rural Areas,Residential area,Vehicle Defect,No,Fatal,Vehicle to Vehicle,Not Applicable,Not Applicable,State Highway,Bitumen(Tar),Others,Not Applicable,Fine,bairaveswara traders opp. forest gate machohalli,bairaveswara traders,20 FT,12.991992,77.460691,0,1,0.0,1.0
Bengaluru Dist,Madanayakanahally PS,1.04422e+16,2023,1,2,Road Accidents,Narrow road,Rural Areas,Near Bus stop,Human Error,Yes,Damage Only,Vehicle to Vehicle,Not Applicable,Not Applicable,Others,Bitumen(Tar),Not Applicable,Not Applicable,Clear,Thavarekere Sondekoppa Road,Mallasandra,13 KM,13.002754,77.394789,0,0,0.0,0.0