DISTRICTNAME,UNITNAME,Crime_No,Year,RI,Noofvehicle_involved,Accident_Classification,Accident_Spot,Accident_Location,Accident_SubLocation,Main_Cause,Hit_Run,Severity,Collision_Type,Junction_Control,Road_Character,Road_Type,Surface_Type,Surface_Condition,Road_Condition,Weather,Accident_Road,Landmark_first,Distance_LandMark_First,Latitude,Longitude,Road_Condition_Score,Surface_Condition_Score,Surface_Type_Score,Road_Risk_Index
Bengaluru Dist,Nandagudi PS,1.0442e+16,2019,1,1,Road Accidents,Cross roads,Rural Areas,Narrow bridge or culverts,Human Error,No,Fatal,Not Applicable,Uncontrolled,Dip or trough,NH,Bitumen(Tar),Not Applicable,No influence on accident,Others,NH 75 NEAR MUGABALA,MUGABALA,14,13.119259,77.8879749,0,0,0.0,0.0
Bengaluru Dist,Nandagudi PS,1.0442e+16,2019,1,2,Road Accidents,Narrow road,Rural Areas,Open area,Human Error,Yes,Simple Injury,Vehicle to Vehicle,Not Applicable,Curve,Sub Arterial,Kutcha,Dry,Not Applicable,Snow,1,1,2,13.119091,77.862669,0,0,4.0,4.0
Bengaluru Dist,Nandagudi PS,1.0442e+16,2019,1,2,Road Accidents,Bottleneck,Rural Areas,Open area,Human Error,Yes,Grievous Injury,Vehicle to Vehicle,Give way sign,Straight and flat,Others,Bitumen(Tar),Dry,Not Applicable,Clear,shivanapur-chikkanahalli road,near c t gollahalli gate,8,13.141197,77.898419,0,0,0.0,0.0
Bengaluru Dist,Nandagudi PS,1.0442e+16,2019,1,2,Road Accidents,Not Applicable,Rural Areas,Near Petrol Pump,Human Error,No,Simple Injury,Vehicle to Vehicle,Not Applicable,Others,NH,Bitumen(Tar),Dry,Not Applicable,Fine,"NEAR NISARGA PETROL BUNK, CHIKKANAHALLI VILLAGE",NEAR CHIKKANAHALLI VILLAGE,10 KM,13.126141,77.906022,0,0,0.0,0.0
Bengaluru Dist,Nandagudi PS,1.0442e+16,2019,1,2,Road Accidents,Cross roads,Rural Areas,Near Bus stop,Human Error,No,Grievous Injury,Vehicle to Vehicle,No signal lights,Curve,NH,Bitumen(Tar),Dry,Not Applicable,Clear,75,1,2,13.133739,77.94652,0,0,0.0,0.0
Bengaluru Dist,Nandagudi PS,1.0442e+16,2019,1,1,Road Accidents,Cross roads,Rural Areas,Near Bus stop,Human Error,Not Applicable,Grievous Injury,Hit pedestrian,Not Applicable,Straight and flat,State Highway,Bitumen(Tar),Dry,Not Applicable,Clear,SH82,NEAR SATHYVAR GATE,08KM,13.149034,77.882709,0,0,0.0,0.0
Bengaluru Dist,Nandagudi PS,1.0442e+16,2019,1,1,Road Accidents,Junction,Rural Areas,Near a factory industrial area,Human Error,No,Grievous Injury,Hit bicyclist,No signal lights,Curve,NH,Bitumen(Tar),Dry,Not Applicable,Clear,75,Volvo Factory,1,13.129605,77.916948,0,0,0.0,0.0
Bengaluru Dist,Nandagudi PS,1.0442e+16,2019,1,2,Not Applicable,Not Applicable,Rural Areas,Open area,Human Error,Yes,Fatal,Vehicle to Vehicle,Not Applicable,Not Applicable,State Highway,Bitumen(Tar),Not Applicable,Not Applicable,Clear,BEEMAKNAHALLI,BEMAKANAHALLI,6,13.135701,77.856325,0,0,0.0,0.0
Bengaluru Dist,Nandagudi PS,1.0442e+16,2019,1,1,Road Accidents,Not Applicable,Rural Areas,Near School or College,Human Error,No,Fatal,Hit bicyclist,Not Applicable,Not Applicable,State Highway,Bitumen(Tar),Not Applicable,No influence on accident,Not Applicable,HOSKOTE CHINTHAMANI ROAD NEAR HINDIGANALA,HINDIGANALA,3,13.228417,77.919625,0,0,0.0,0.0
Bengaluru Dist,Nandagudi PS,1.0442e+16,2019,1,2,Road Accidents,Road hump or Rumble strips,Rural Areas,Open area,Human Error,No,Fatal,Vehicle to Vehicle,Not Applicable,Not Applicable,State Highway,Bitumen(Tar),Not Applicable,Not Applicable,Clear,VIJAYAPURA KOLARA ROAD NEAR AREHALLI GATE,DALASGERE GATE,11,13.232378,77.952271,0,0,0.0,0.0
Bengaluru Dist,Nandagudi PS,1.0442e+16,2019,1,2,Road Accidents,Narrow road,Rural Areas,Open area,Human Error,No,Grievous Injury,Vehicle to Vehicle,Not at  Junction,Not Applicable,One way,Bitumen(Tar),Dry,Not Applicable,Fog / Mist,75,Sanjay Daba,1,13.119639,77.888605,0,0,0.0,0.0
Bengaluru Dist,Nandagudi PS,1.0442e+16,2019,1,1,Road Accidents,Cross roads,Rural Areas,Residential area,Human Error,No,Grievous Injury,Hit pedestrian,Not Applicable,Not Applicable,State Highway,Bitumen(Tar),Dry,Not Applicable,Clear,82,NANDAGUDI TOWN,2,13.207655,77.906939,0,0,0.0,0.0
Bengaluru Dist,Nandagudi PS,1.0442e+16,2019,1,3,Road Accidents,Curves,Rural Areas,Open area,Human Error,No,Damage Only,Vehicle to Vehicle,Not Applicable,Others,State Highway,Bitumen(Tar),Dry,Not Applicable,Fine,HOSAKOTE-CHINTHAMANI ROAD,NEAR ARISHINAGUDDA,500 M,13.197952,77.8960919,0,0,0.0,0.0
Bengaluru Dist,Nandagudi PS,1.0442e+16,2019,1,2,Road Accidents,Junction,Rural Areas,Open area,Human Error,No,Grievous Injury,Vehicle to Vehicle,Uncontrolled,Straight and flat,NH,Bitumen(Tar),Dry,Not Applicable,Clear,BANGALORE-KOLAR-NH-75,NEAR CHIKKANAHALLI,500 M,13.125681,77.904068,0,0,0.0,0.0
Bengaluru Dist,Nandagudi PS,1.0442e+16,2019,1,2,Road Accidents,Not Applicable,Rural Areas,Open area,Human Error,No,Fatal,Hit bicyclist,Not Applicable,Not Applicable,NH,Bitumen(Tar),Dry,No influence on accident,Not Applicable,NH 75 NEAR M HOSAHALLI,M HOSAHALLI GATE,12 KM,13.109417,77.877872,0,0,0.0,0.0
Bengaluru Dist,Nandagudi PS,1.0442e+16,2019,1,2,Road Accidents,Circle,Rural Areas,Open area,Human Error,No,Grievous Injury,Vehicle to Vehicle,No signal lights,Others,NH,Bitumen(Tar),Others,Not Applicable,Clear,Bengaluru-Kolar NH 75 Road Banamakanahalli Gate,Banamakanahalli Road,40,13.134469,77.937615,0,1,0.0,1.0
Bengaluru Dist,Nandagudi PS,1.0442e+16,2019,1,1,Road Accidents,Offset,Rural Areas,Open area,Human Error,No,Damage Only,Not Applicable,Controlled,Straight and flat,One way,Bitumen(Tar),Dry,Not Applicable,Clear,NH75,NEAR M HOSAHALLI GATE,12 KM,13.181343,77.924029,0,0,0.0,0.0
Bengaluru Dist,Nandagudi PS,1.0442e+16,2019,1,1,Road Accidents,Not Applicable,Rural Areas,Open area,Human Error,Not Applicable,Fatal,Hit pedestrian,Not Applicable,Others,State Highway,Bitumen(Tar),Not Applicable,No influence on accident,Others,HOSKOTE CHINTHAMANI ROAD NEAR SHIVANAPURA GATE,SHIVNAPURA CROSS,3,13.176361,77.884284,0,0,0.0,0.0
Bengaluru Dist,Nandagudi PS,1.0442e+16,2019,1,2,Road Accidents,Bottleneck,Rural Areas,Near Petrol Pump,Human Error,No,Grievous Injury,Vehicle to Vehicle,Stop sign,Not Applicable,State Highway,Bitumen(Tar),Dry,Not Applicable,Clear,82,2,4,13.239968,77.928304,0,0,0.0,0.0
Bengaluru Dist,Nandagudi PS,1.0442e+16,2019,1,1,Road Accidents,Bottleneck,Rural Areas,Open area,Human Error,Yes,Fatal,Hit bicyclist,Not Applicable,Others,State Highway,Bitumen(Tar),Not Applicable,Not Applicable,Clear,SATHYAVARA GATE,SATHVARA GATE,6,13.159143,77.873713,0,0,0.0,0.0
Bengaluru Dist,Nandagudi PS,1.0442e+16,2019,1,2,Road Accidents,Junction,Rural Areas,Near a factory industrial area,Human Error,No,Simple Injury,Vehicle to Vehicle,Controlled,Straight and flat,NH,Bitumen(Tar),Dry,Not Applicable,Clear,KOLAR-BANGALORE NH-75,NEAR VOLVO FACTORY YALACHAHALLI,12 KM,13.129415,77.916643,0,0,0.0,0.0
Bengaluru Dist,Nandagudi PS,1.0442e+16,2019,1,2,Rail Road Accidents,Narrow road,Rural Areas,Residential area,Human Error,No,Fatal,Vehicle to Vehicle,Uncontrolled,Straight and flat,State Highway,Bitumen(Tar),Wet,No influence on accident,Cloudy,HOSKOTE CHINTHAMANI ROAD,SURYA CONVENCTIONAL HALL,1,13.198769,77.897257,0,3,0.0,3.0
Bengaluru Dist,Nandagudi PS,1.0442e+16,2019,1,1,Road Accidents,Not Applicable,Rural Areas,Open area,Human Error,Yes,Fatal,Hit pedestrian,Not Applicable,Not Applicable,State Highway,Bitumen(Tar),Not Applicable,No influence on accident,Not Applicable,HOSKOTE CHINTHAMANI ROAD,D SHETTAHALLI GATE,6,13.15068,77.868532,0,0,0.0,0.0
Bengaluru Dist,Nandagudi PS,1.0442e+16,2019,1,2,Road Accidents,Junction,Rural Areas,Near a factory industrial area,Human Error,No,Grievous Injury,Vehicle to Vehicle,Signal lights Manual,Curve,NH,Bitumen(Tar),Dry,Not Applicable,Fine,1,2,2,13.129708,77.91724,0,0,0.0,0.0
Bengaluru Dist,Nandagudi PS,1.0442e+16,2019,1,2,Road Accidents,Bottleneck,Rural Areas,Open area,Human Error,No,Simple Injury,Vehicle to Vehicle,Not Applicable,Straight and flat,State Highway,Bitumen(Tar),Dry,Not Applicable,Clear,SH82,NEAR YALACHAHALLI,01 KM,13.125629,77.904403,0,0,0.0,0.0
Bengaluru Dist,Nandagudi PS,1.0442e+16,2019,1,2,Road Accidents,Cross roads,Rural Areas,Open area,Human Error,No,Grievous Injury,Vehicle to Vehicle,No signal lights,Straight and flat,NH,Bitumen(Tar),Dry,Not Applicable,Clear,75,NEAR CHIKKANAHALLI VILLAGE,10 KM,13.125812,77.9042749,0,0,0.0,0.0
Bengaluru Dist,Nandagudi PS,1.0442e+16,2019,1,2,Road Accidents,Curves,Rural Areas,Near office complex,Human Error,No,Damage Only,Vehicle to Vehicle,Not Applicable,Incline,NH,Bitumen(Tar),Dry,Not Applicable,Fine,75,1,17,13.110242,77.878839,0,0,0.0,0.0
Bengaluru Dist,Nandagudi PS,1.0442e+16,2019,1,1,Road Accidents,Circle,Rural Areas,Near or inside a village,Human Error,No,Grievous Injury,Not Applicable,Not Applicable,Sharp Curve,Others,Bitumen(Tar),Dry,Not Applicable,Clear,ITTASANDAR-ESTUR MAIN  ROAD,NEAR ITTASANDRA,200 M,13.219765,77.882991,0,0,0.0,0.0
Bengaluru Dist,Nandagudi PS,1.0442e+16,2019,1,2,Road Accidents,Narrow road,Rural Areas,Near a factory industrial area,Human Error,No,Grievous Injury,Vehicle to Vehicle,Not Applicable,Not Applicable,State Highway,Bitumen(Tar),Dry,Not Applicable,Clear,82,1,15,13.13539,77.855976,0,0,0.0,0.0
Bengaluru Dist,Nandagudi PS,1.0442e+16,2019,1,2,Road Accidents,Narrow road,Rural Areas,Near Bus stop,Human Error,Not Applicable,Fatal,Vehicle to Vehicle,Not Applicable,Not Applicable,NH,Bitumen(Tar),Not Applicable,No influence on accident,Not Applicable,NH 75 NEAR THAVREKERE,12 KM,12 KM,13.132263,77.92815,0,0,0.0,0.0
Bengaluru Dist,Nandagudi PS,1.0442e+16,2019,1,3,Road Accidents,Bottleneck,Rural Areas,Open area,Human Error,No,Damage Only,Vehicle to Vehicle,Not Applicable,Hump,State Highway,Bitumen(Tar),Dry,Not Applicable,Clear,sh-82,NEAR D SHETTYHALLI VILLAGE,08 KM,13.151229,77.86894,0,0,0.0,0.0
Bengaluru Dist,Nandagudi PS,1.0442e+16,2019,1,2,Road Accidents,Curves,Rural Areas,Near a religious place,Human Error,No,Grievous Injury,Vehicle to Vehicle,Not Applicable,Curve,State Highway,Bitumen(Tar),Dry,Not Applicable,Not Applicable,82,1,2,13.170117,77.880419,0,0,0.0,0.0
Bengaluru Dist,Nandagudi PS,1.0442e+16,2019,1,1,Road Accidents,Road hump or Rumble strips,Rural Areas,Near Bus stop,Human Error,No,Fatal,Not Applicable,Controlled,Not Applicable,State Highway,Bitumen(Tar),Not Applicable,No influence on accident,Not Applicable,HOSKOTE CHINTHAMANI ROAD,D SHETTAHALLI GATE,8,13.146593,77.866024,0,0,0.0,0.0
Bengaluru Dist,Nandagudi PS,1.0442e+16,2019,1,2,Road Accidents,Narrow road,Rural Areas,Open area,Human Error,No,Grievous Injury,Vehicle to Vehicle,Not Applicable,Others,Others,Bitumen(Tar),Dry,Not Applicable,Clear,HEDAKANAHALLI-DODDAKORATI ROAD,NEAR HEDAKANAHALLI VILLAGE,500 M,13.17959,77.950233,0,0,0.0,0.0
Bengaluru Dist,Nandagudi PS,1.0442e+16,2019,1,1,Road Accidents,Offset,Rural Areas,Near a religious place,Human Error,No,Damage Only,Others,Not Applicable,Others,Village Road,Bitumen(Tar),Dry,Not Applicable,Others,banamakanahalli -bylanarasapur road,07km,07km,13.13158,77.8603919,0,0,0.0,0.0
Bengaluru Dist,Nandagudi PS,1.0442e+16,2019,1,2,Road Accidents,Not Applicable,Rural Areas,Open area,Human Error,Yes,Fatal,Vehicle to Vehicle,Uncontrolled,Others,State Highway,Bitumen(Tar),Not Applicable,No influence on accident,Clear,HOSKOTE CHINTHAMANI ROAD,SHIVNAPURA CROSS,3,13.175806,77.883924,0,0,0.0,0.0
Bengaluru Dist,Nandagudi PS,1.0442e+16,2019,1,2,Road Accidents,Narrow road,Rural Areas,Near a factory industrial area,Human Error,No,Grievous Injury,Vehicle to Vehicle,Uncontrolled,Not Applicable,NH,Bitumen(Tar),Dry,Not Applicable,Clear,Benagluru Kolar NH75 Near Voloce Facotre Nandagudi Hobli Hosakote Tq,East By Gowramma Land,15 Kms,13.129686,77.9171699,0,0,0.0,0.0
Bengaluru Dist,Nandagudi PS,1.0442e+16,2019,1,1,Road Accidents,Bottleneck,Rural Areas,Open area,Human Error,No,Fatal,Vehicle to Vehicle,Not Applicable,Not Applicable,State Highway,Bitumen(Tar),Dry,No influence on accident,Clear,CHINTHAMANI ROAD,KARAPPANAHALLI GATE,3,13.167184,77.878636,0,0,0.0,0.0
Bengaluru Dist,Nandagudi PS,1.0442e+16,2019,1,2,Road Accidents,Curves,Rural Areas,Open area,Human Error,No,Grievous Injury,Vehicle to Vehicle,Not Applicable,Curve,NH,Bitumen(Tar),Dry,Not Applicable,Clear,75,near thavarekere village,1,13.129624,77.917205,0,0,0.0,0.0
Bengaluru Dist,Nandagudi PS,1.0442e+16,2019,1,1,Rail Road Accidents,Not Applicable,Rural Areas,Near Bus stop,Human Error,Yes,Fatal,Hit pedestrian,Uncontrolled,Not Applicable,NH,Bitumen(Tar),Not Applicable,No influence on accident,Not Applicable,NH 75 NEAR MUGABALA,MUGABALA,14,13.118442,77.886893,0,0,0.0,0.0
Bengaluru Dist,Nandagudi PS,1.0442e+16,2019,1,2,Road Accidents,Not Applicable,Rural Areas,Open area,Human Error,Not Applicable,Fatal,Hit bicyclist,Not Applicable,Not Applicable,State Highway,Bitumen(Tar),Not Applicable,No influence on accident,Not Applicable,HOSKOTE CHINTHAMANI ROAD,MALLIMAKNAPURA,6,13.127032,77.847407,0,0,0.0,0.0
Bengaluru Dist,Nandagudi PS,1.0442e+16,2019,1,1,Road Accidents,Narrow road,Rural Areas,Open area,Human Error,No,Simple Injury,Not Applicable,Uncontrolled,Curve and Incline,Others,Bitumen(Tar),Dry,Not Applicable,Clear,NAKKANAHALLI ROAD,NEAR NAKKANAHALLI VILLAGE,10,13.12871,77.867926,0,0,0.0,0.0
Bengaluru Dist,Nandagudi PS,1.0442e+16,2019,1,2,Road Accidents,Circle,Rural Areas,Near a religious place,Human Error,Yes,Grievous Injury,Vehicle to Vehicle,Uncontrolled,Straight and flat,State Highway,Bitumen(Tar),Dry,Not Applicable,Clear,SH-82,1,4,13.176838,77.884586,0,0,0.0,0.0
Bengaluru Dist,Nandagudi PS,1.0442e+16,2019,1,2,Road Accidents,Curves,Rural Areas,Near a factory industrial area,Road Environment Defect,No,Grievous Injury,Vehicle to Vehicle,Not Applicable,Curve,NH,Bitumen(Tar),Dry,Not Applicable,Mist or Fog,75,1,3,13.127628,77.912031,0,0,0.0,0.0
Bengaluru Dist,Nandagudi PS,1.0442e+16,2019,1,2,Road Accidents,Narrow road,Rural Areas,Open area,Human Error,No,Damage Only,Vehicle to Vehicle,Not at  Junction,Others,State Highway,Bitumen(Tar),Dry,Engineering Defect of Road,Fine,VIJAYAPUR-KOLARA ROAD,NEAR DALASAGERE VILLAGE,12 KM,13.23867,77.939058,4,0,0.0,4.0
Bengaluru Dist,Nandagudi PS,1.0442e+16,2019,1,2,Road Accidents,Bottleneck,Rural Areas,Open area,Human Error,No,Grievous Injury,Vehicle to Vehicle,Not Applicable,Straight and flat,Others,Bitumen(Tar),Dry,Not Applicable,Clear,BYLANARASAPUR-NANDAGUDI ROAD,NEAR MEDUR VILLAGE,500 M,13.193684,77.923062,0,0,0.0,0.0
Bengaluru Dist,Nandagudi PS,1.0442e+16,2019,1,3,Road Accidents,Not Applicable,Rural Areas,Open area,Human Error,No,Fatal,Vehicle to Vehicle,Uncontrolled,Not Applicable,State Highway,Bitumen(Tar),Not Applicable,No influence on accident,Clear,NANDAGUDI,NANDAGUDI,1,13.203482,77.901037,0,0,0.0,0.0
Bengaluru Dist,Nandagudi PS,1.0442e+16,2019,1,1,Road Accidents,Bottleneck,Rural Areas,Near Bus stop,Human Error,Yes,Fatal,Hit pedestrian,Not Applicable,Straight and flat,NH,Bitumen(Tar),Dry,Not Applicable,Clear,75,Near Veerabhadreshwar Temple Mugabala,1km,13.149254,77.9320819,0,0,0.0,0.0
Bengaluru Dist,Nandagudi PS,1.0442e+16,2019,1,2,Road Accidents,Not Applicable,Rural Areas,Open area,Human Error,Not Applicable,Fatal,Vehicle to Vehicle,Not Applicable,Not Applicable,Others,Bitumen(Tar),Not Applicable,Not Applicable,Clear,NEAR BAILNARASAPURA,NEAR BAILNARASAPURA,5 KM,13.173267,77.93446,0,0,0.0,0.0
Bengaluru Dist,Nandagudi PS,1.0442e+16,2019,1,1,Road Accidents,Not Applicable,Rural Areas,Open area,Not Applicable,No,Fatal,Hit pedestrian,Not Applicable,Others,NH,Bitumen(Tar),Not Applicable,Not Applicable,Clear,MANCHAPPANHALLI,13,15,13.122085,77.92279,0,0,0.0,0.0
Bengaluru Dist,Nandagudi PS,1.0442e+16,2019,1,1,Road Accidents,Narrow road,Rural Areas,Near Bus stop,Human Error,No,Fatal,Not Applicable,Not Applicable,Not Applicable,NH,Bitumen(Tar),Not Applicable,No influence on accident,Not Applicable,NH 75 NEAR THAVREKERE,THAVREKERE,12 KM,13.132674,77.928661,0,0,0.0,0.0
Bengaluru Dist,Nandagudi PS,1.0442e+16,2019,1,1,Road Accidents,Bottleneck,Rural Areas,Open area,Human Error,No,Fatal,Not Applicable,Not Applicable,Not Applicable,Minor District Road,Bitumen(Tar),Muddy,Not Applicable,Clear,MUDDANAHALLI GATE,3 SOUTH,03 KM,13.197024,77.916506,0,4,0.0,4.0
Bengaluru Dist,Nandagudi PS,1.0442e+16,2019,1,2,Road Accidents,Not Applicable,Rural Areas,Open area,Human Error,No,Grievous Injury,Vehicle to Vehicle,Not Applicable,Others,Others,Bitumen(Tar),Dry,Not Applicable,Clear,SHIVANAPUR-MALIYAPPANAHALLI ROAD,NEAR MALIYAPPANAHALLI VILLAGE,10 KM,13.147882,77.8836689,0,0,0.0,0.0
Bengaluru Dist,Nandagudi PS,1.0442e+16,2019,1,1,Road Accidents,Narrow road,Rural Areas,At pedestrian Crossing,Human Error,No,Fatal,Hit pedestrian,Uncontrolled,Not Applicable,State Highway,Bitumen(Tar),Not Applicable,No influence on accident,Not Applicable,LAKSHMIPURA GATE,3,3,13.237977,77.926873,0,0,0.0,0.0
Bengaluru Dist,Nandagudi PS,1.0442e+16,2019,1,2,Road Accidents,Narrow road,Rural Areas,Open area,Human Error,No,Grievous Injury,Vehicle to Vehicle,Uncontrolled,Not Applicable,NH,Bitumen(Tar),Others,Not Applicable,Fine,KOLAR-BANGALORE NH-75 ROAD,NAGAPPA LAND,1/2 K,13.121207,77.906405,0,1,0.0,1.0
Bengaluru Dist,Nandagudi PS,1.0442e+16,2019,1,1,Road Accidents,Other,Villages settlement,Residential area,Not Applicable,No,Simple Injury,Hit animal,Uncontrolled,Others,State Highway,Bitumen(Tar),Dry,Not Applicable,Fine,chinthamani hosakote sh-82 near hindiganal village,near hindiganal,06km,13.220644,77.913949,0,0,0.0,0.0
Bengaluru Dist,Nandagudi PS,1.0442e+16,2019,1,2,Road Accidents,Bottleneck,Rural Areas,Open area,Human Error,No,Grievous Injury,Vehicle to Vehicle,Not Applicable,Not Applicable,State Highway,Bitumen(Tar),Dry,Not Applicable,Clear,chinthamani -bangalore sh -82,near bheemakanahalli village,9km,13.13541,77.85606,0,0,0.0,0.0
Bengaluru Dist,Nandagudi PS,1.0442e+16,2019,1,2,Road Accidents,Not Applicable,Rural Areas,Open area,Human Error,No,Fatal,Vehicle to Vehicle,Not Applicable,Not Applicable,NH,Bitumen(Tar),Not Applicable,Not Applicable,Clear,NH 75 NEAR BANMAKNAHALLI,BANMAKNAHALLI GATE,12,13.134434,77.937558,0,0,0.0,0.0
Bengaluru Dist,Nandagudi PS,1.0442e+16,2019,1,2,Road Accidents,Bottleneck,Rural Areas,Near or inside a village,Human Error,No,Simple Injury,Vehicle to Vehicle,Uncontrolled,Straight and flat,State Highway,Bitumen(Tar),Dry,Not Applicable,Clear,"HOSAKOTE-CHINTAHAMANI ROAD, NEAR D, SHETTYHALLI GATE",NEAR D SHETTYHALLI VILLAGE,400 M,13.150465,77.868404,0,0,0.0,0.0
Bengaluru Dist,Nandagudi PS,1.0442e+16,2019,1,2,Road Accidents,Narrow road,Rural Areas,Open area,Human Error,No,Fatal,Vehicle to Vehicle,Police / Manual,Straight and flat,NH,Bitumen(Tar),Wet,No influence on accident,Light Rain,NH 75 NEAR BANMAKNAHALLI,BANMAKNAHALLI GATE,12,13.134407,77.937466,0,3,0.0,3.0
Bengaluru Dist,Nandagudi PS,1.0442e+16,2019,1,2,Road Accidents,Cross roads,Rural Areas,Open area,Human Error,No,Fatal,Vehicle to Vehicle,Uncontrolled,Curve,Minor District Road,Bitumen(Tar),Wet,Pot holed,Fine,THAVREKERE KALAPPANAHALLI ROAD,THAVRE KERE LAKE,12,13.126688,77.933538,5,3,0.0,8.0
Bengaluru Dist,Nandagudi PS,1.0442e+16,2019,1,2,Road Accidents,Narrow road,Rural Areas,Near Bus stop,Human Error,No,Grievous Injury,Vehicle to Vehicle,Not at  Junction,Others,State Highway,Bitumen(Tar),Others,Not Applicable,Fine,"HOSAKOTE-CHINTAHAMANI ROAD, NEAR D, SHETTYHALLI GATE",NEAR THARABAHALLI GATE,200 M,13.234666,77.924381,0,1,0.0,1.0
Bengaluru Dist,Nandagudi PS,1.0442e+16,2019,1,2,Road Accidents,Narrow road,Rural Areas,Open area,Human Error,No,Grievous Injury,Vehicle to Vehicle,Not at  Junction,Others,NH,Bitumen(Tar),Dry,No influence on accident,Clear,Kolar-Bengaluru NH 75 Road Near Poojaramanahalli Gate,South by Nallappa Land,15 Kms,13.124622,77.9019469,0,0,0.0,0.0
Bengaluru Dist,Nandagudi PS,1.0442e+16,2019,1,2,Road Accidents,Narrow road,Rural Areas,Open area,Human Error,Yes,Fatal,Vehicle to Vehicle,Uncontrolled,Not Applicable,State Highway,Bitumen(Tar),Wet,No influence on accident,Not Applicable,MALLIMAKNAPURA,MALLIMAKNAPURA,12,13.127015,77.847402,0,3,0.0,3.0
Bengaluru Dist,Nandagudi PS,1.0442e+16,2019,1,2,Road Accidents,Junction,Rural Areas,In bazaar,Human Error,No,Damage Only,Vehicle to Vehicle,Police / Manual,Not Applicable,NH,Bitumen(Tar),Dry,Not Applicable,Fine,1,2,0,13.133752,77.946513,0,0,0.0,0.0
Bengaluru Dist,Nandagudi PS,1.0442e+16,2019,1,1,Road Accidents,Road hump or Rumble strips,Rural Areas,Open area,Human Error,No,Simple Injury,Not Applicable,Not Applicable,Others,Others,Bitumen(Tar),Dry,Not Applicable,Clear,Maliyappanahalli-D Shettey Halli Road,Malliyapanhal Pillappa land Near,8 Kms,13.148199,77.880718,0,0,0.0,0.0
Bengaluru Dist,Nandagudi PS,1.0442e+16,2019,1,2,Road Accidents,Circle,Rural Areas,Open area,Human Error,Yes,Grievous Injury,Vehicle to Vehicle,Uncontrolled,Others,NH,Bitumen(Tar),Dry,Not Applicable,Clear,BANGALORE-KOLAR NH-75 NEAR BANAMAKANHALLI GATE,NEAR BANAMAKANAHALLI GATE,10,13.134453,77.937565,0,0,0.0,0.0
Bengaluru Dist,Nandagudi PS,1.0442e+16,2019,1,1,Road Accidents,Narrow road,Rural Areas,Open area,Human Error,Yes,Grievous Injury,Hit pedestrian,Not Applicable,Not Applicable,Others,Bitumen(Tar),Ditch or Potholed,Not Applicable,Clear,BYLANARASAPURA -HEDAKANAHALLI MAIN ROAD,MUKTHIYAR LAND,8,13.179271,77.938033,0,5,0.0,5.0
Bengaluru Dist,Nandagudi PS,1.0442e+16,2019,1,2,Road Accidents,Narrow road,Rural Areas,Open area,Human Error,No,Grievous Injury,Vehicle to Vehicle,Uncontrolled,Others,State Highway,Bitumen(Tar),Dry,No influence on accident,Clear,Hosakote Chainatamani Road   Mallimakanpura  Shivamma Land Near Kasab Hobli Hosakote Tq,Near Anjina Tempal Mallimakanapura Village,10 kms,13.12719,77.847527,0,0,0.0,0.0
Bengaluru Dist,Nandagudi PS,1.0442e+16,2019,1,2,Road Accidents,Narrow road,Rural Areas,Near Bus stop,Human Error,No,Grievous Injury,Vehicle to Vehicle,Not Applicable,Not Applicable,NH,Bitumen(Tar),Others,Not Applicable,Clear,BANGALORE - KOLAR NH 75 ROAD,CHIKKANAHALLI GATE,12,13.125722,77.904308,0,1,0.0,1.0
Bengaluru Dist,Nandagudi PS,1.0442e+16,2019,1,2,Road Accidents,Bottleneck,Rural Areas,Open area,Human Error,No,Grievous Injury,Vehicle to Vehicle,Not Applicable,Not Applicable,State Highway,Bitumen(Tar),Dry,Not Applicable,Clear,82,near chokkasandra village,3,13.201657,77.900616,0,0,0.0,0.0
Bengaluru Dist,Nandagudi PS,1.0442e+16,2019,1,2,Road Accidents,Narrow road,Rural Areas,Open area,Human Error,No,Grievous Injury,Vehicle to Vehicle,Controlled,Others,One way,Bitumen(Tar),Dry,No influence on accident,Clear,shivanapura Mothokadahalli Road Near Anjinappa Land,East By Anjinappa Land,8 Kms,13.174943,77.902982,0,0,0.0,0.0
Bengaluru Dist,Nandagudi PS,1.0442e+16,2019,1,2,Road Accidents,Bottleneck,Rural Areas,Near or inside a village,Human Error,No,Grievous Injury,Vehicle to Vehicle,Controlled,Straight and flat,NH,Bitumen(Tar),Dry,Not Applicable,Clear,NH-75,NEAR YALACHAHALLI,500 M,13.12948,77.917016,0,0,0.0,0.0
Bengaluru Dist,Nandagudi PS,1.0442e+16,2019,1,2,Road Accidents,Not Applicable,Rural Areas,Open area,Human Error,No,Grievous Injury,Vehicle to Vehicle,Not Applicable,Not Applicable,One way,Bitumen(Tar),Others,Not Applicable,Clear,NANDAGUDI-HALEURU ROAD,01 K M TOWARDS,02 KM,13.207631,77.88648,0,1,0.0,1.0
Bengaluru Dist,Nandagudi PS,1.0442e+16,2019,1,2,Road Accidents,Bottleneck,Rural Areas,Open area,Human Error,No,Grievous Injury,Vehicle to Vehicle,Not at  Junction,Not Applicable,NH,Bitumen(Tar),Dry,Not Applicable,Clear,BANGALORE KOLAR NH 75 ROAD,YALACHAHALLI LAKE,100 Mt,13.129612,77.917244,0,0,0.0,0.0
Bengaluru Dist,Nandagudi PS,1.0442e+16,2019,1,5,Road Accidents,Curves,Rural Areas,Near office complex,Human Error,No,Damage Only,Vehicle to Vehicle,No signal lights,Curve and Incline,NH,Bitumen(Tar),Dry,Not Applicable,Clear,75,1,2,13.10939,77.87783,0,0,0.0,0.0
Bengaluru Dist,Nandagudi PS,1.0442e+16,2019,1,2,Road Accidents,Curves,Rural Areas,Open area,Human Error,Yes,Grievous Injury,Vehicle to Vehicle,Not Applicable,Curve,Others,Bitumen(Tar),Dry,Not Applicable,Fine,1,1,1,13.141001,77.898374,0,0,0.0,0.0
Bengaluru Dist,Nandagudi PS,1.0442e+16,2019,1,2,Road Accidents,Not Applicable,Rural Areas,Open area,Human Error,No,Fatal,Vehicle to Vehicle,Not Applicable,Not Applicable,Sub Arterial,Bitumen(Tar),Dry,Not Applicable,Not Applicable,NANDAGUDI BN PURA,GIDDANAHALLI,2,13.204052,77.91146,0,0,0.0,0.0