DISTRICTNAME,UNITNAME,Crime_No,Year,RI,Noofvehicle_involved,Accident_Classification,Accident_Spot,Accident_Location,Accident_SubLocation,Main_Cause,Hit_Run,Severity,Collision_Type,Junction_Control,Road_Character,Road_Type,Surface_Type,Surface_Condition,Road_Condition,Weather,Accident_Road,Landmark_first,Distance_LandMark_First,Latitude,Longitude,Road_Condition_Score,Surface_Condition_Score,Surface_Type_Score,Road_Risk_Index
Bengaluru Dist,Nelamangala Rural PS,1.04422e+16,2016,1,1,Road Accidents,Other,Rural Areas,Near or inside a village,Not Applicable,Yes,Fatal,Hit pedestrian,Not at  Junction,Not Applicable,NH,Bitumen(Tar),Dry,Not Applicable,Fine,NH4,0,15,0.0,0.0,0,0,0.0,0.0
Bengaluru Dist,Nelamangala Rural PS,1.04422e+16,2016,1,1,Road Accidents,Cross roads,Villages settlement,Open area,Human Error,Yes,Grievous Injury,Hit pedestrian,Not Applicable,Not Applicable,NH,Bitumen(Tar),Not Applicable,Not Applicable,Clear,NH4 ROAD,0,7KM,0.0,0.0,0,0,0.0,0.0
Bengaluru Dist,Nelamangala Rural PS,1.04422e+16,2016,1,2,Road Accidents,Cross roads,Rural Areas,Residential area,Human Error,No,Simple Injury,Head on,Not Applicable,Not Applicable,Village Road,Kutcha,Not Applicable,Not Applicable,Clear,VILLAGE ROAD,0,17KM,0.0,0.0,0,0,4.0,4.0
Bengaluru Dist,Nelamangala Rural PS,1.04422e+16,2016,1,2,Road Accidents,Cross roads,Rural Areas,Open area,Human Error,No,Damage Only,Rear end,Not Applicable,Not Applicable,NH,Bitumen(Tar),Not Applicable,Not Applicable,Fine,NH4,0,6KM,0.0,0.0,0,0,0.0,0.0
Bengaluru Dist,Nelamangala Rural PS,1.04422e+16,2016,1,1,Road Accidents,Narrow road,Rural Areas,Near Bus stop,Not Applicable,Not Applicable,Grievous Injury,Hit pedestrian,Not Applicable,Not Applicable,NH,Bitumen(Tar),Not Applicable,Not Applicable,Clear,NH road,0,7km,0.0,0.0,0,0,0.0,0.0
Bengaluru Dist,Nelamangala Rural PS,1.04422e+16,2016,1,1,Road Accidents,Road hump or Rumble strips,Rural Areas,Open area,Human Error,Yes,Grievous Injury,Hit and Run,Not at  Junction,Hump,NH,Bitumen(Tar),Dry,Not Applicable,Fine,NH48,0,0,0.0,0.0,0,0,0.0,0.0
Bengaluru Dist,Nelamangala Rural PS,1.04422e+16,2016,1,1,Road Accidents,Cross roads,Rural Areas,Open area,Human Error,No,Grievous Injury,Skidding or Self accident,Not Applicable,Not Applicable,NH,Bitumen(Tar),Not Applicable,Not Applicable,Clear,NH48,0,10KM,0.0,0.0,0,0,0.0,0.0
Bengaluru Dist,Nelamangala Rural PS,1.04422e+16,2016,1,2,Road Accidents,Cross roads,Rural Areas,Open area,Human Error,No,Simple Injury,Side impact or Right angle,Not Applicable,Not Applicable,NH,Bitumen(Tar),Not Applicable,Not Applicable,Clear,NH4 ROAD,0,14KM,0.0,0.0,0,0,0.0,0.0
Bengaluru Dist,Nelamangala Rural PS,1.04422e+16,2016,1,1,Road Accidents,Narrow road,Rural Areas,Near Bus stop,Human Error,Yes,Grievous Injury,Hit and Run,Not Applicable,Not Applicable,NH,Bitumen(Tar),Dry,Not Applicable,Fine,NH4,T BEGURU BUSSTOP,0,0.0,0.0,0,0,0.0,0.0
Bengaluru Dist,Nelamangala Rural PS,1.04422e+16,2016,1,2,Road Accidents,Narrow road,Rural Areas,Near or inside a village,Not Applicable,No,Grievous Injury,Others,Not Applicable,Not Applicable,NH,Bitumen(Tar),Dry,Not Applicable,Clear,"BANGALORE-TUMKUR NH4 ROAD, KULUVANAHALLI LATE",0,14km,0.0,0.0,0,0,0.0,0.0
Bengaluru Dist,Nelamangala Rural PS,1.04422e+16,2016,1,2,Road Accidents,Narrow road,Rural Areas,Near Bus stop,Human Error,No,Grievous Injury,Head on,Not Applicable,Not Applicable,NH,Bitumen(Tar),Not Applicable,Not Applicable,Fine,NH4 ROAD,0,8KM,0.0,0.0,0,0,0.0,0.0
Bengaluru Dist,Nelamangala Rural PS,1.04422e+16,2016,1,1,Road Accidents,Cross roads,Rural Areas,Near Bus stop,Human Error,Yes,Grievous Injury,Hit pedestrian,Not Applicable,Not Applicable,NH,Bitumen(Tar),Not Applicable,Not Applicable,Fine,NH4 ROAD,0,15KM,0.0,0.0,0,0,0.0,0.0
Bengaluru Dist,Nelamangala Rural PS,1.04422e+16,2016,1,1,Road Accidents,Narrow road,Rural Areas,Open area,Not Applicable,No,Damage Only,Rear end,Not Applicable,Not Applicable,NH,Bitumen(Tar),Dry,Not Applicable,Fine,"KUNIGAL-BANGALORE NH48 ROAD, MALLARABANAVADI U TURN",0,7km,0.0,0.0,0,0,0.0,0.0
Bengaluru Dist,Nelamangala Rural PS,1.04422e+16,2016,1,2,Road Accidents,Narrow road,Rural Areas,Near Bus stop,Not Applicable,No,Damage Only,Others,Not Applicable,Not Applicable,NH,Bitumen(Tar),Dry,Not Applicable,Fine,Tumakur-Bangalore NH4  road mahimapura Gate  bus stop,0,15km,0.0,0.0,0,0,0.0,0.0
Bengaluru Dist,Nelamangala Rural PS,1.04422e+16,2016,1,2,Road Accidents,Narrow road,Rural Areas,Near Bus stop,Human Error,No,Simple Injury,Others,Not Applicable,Others,NH,Bitumen(Tar),Dry,Not Applicable,Fine,NH 4,ANANANAGARA GATE,100FT,0.0,0.0,0,0,0.0,0.0
Bengaluru Dist,Nelamangala Rural PS,1.04422e+16,2016,1,1,Road Accidents,Other,Rural Areas,Near or inside a village,Not Applicable,Not Applicable,Fatal,Hit pedestrian,Not at  Junction,Not Applicable,NH,Bitumen(Tar),Dry,Not Applicable,Fine,NH4,0,10,0.0,0.0,0,0,0.0,0.0
Bengaluru Dist,Nelamangala Rural PS,1.04422e+16,2016,1,2,Road Accidents,Narrow road,Rural Areas,Open area,Human Error,Yes,Grievous Injury,Rear end,Not Applicable,Others,NH,Bitumen(Tar),Dry,Not Applicable,Fine,NH4,JAINA TEMPLE COUPUND,100FT,0.0,0.0,0,0,0.0,0.0
Bengaluru Dist,Nelamangala Rural PS,1.04422e+16,2016,1,1,Road Accidents,Narrow road,Villages settlement,Near or inside a village,Not Applicable,No,Simple Injury,Hit pedestrian,Not Applicable,Not Applicable,Others,Bitumen(Tar),Dry,Not Applicable,Clear,MAHADEVAPURA VILLAGE NANJAPPA HOUSE,0,12km,0.0,0.0,0,0,0.0,0.0
Bengaluru Dist,Nelamangala Rural PS,1.04422e+16,2016,1,1,Road Accidents,Narrow road,Rural Areas,Open area,Human Error,No,Grievous Injury,Others,Not Applicable,Not Applicable,NH,Bitumen(Tar),Not Applicable,Not Applicable,Clear,NH 4,NH 4,8 Km,0.0,0.0,0,0,0.0,0.0
Bengaluru Dist,Nelamangala Rural PS,1.04422e+16,2016,1,1,Road Accidents,Narrow road,Rural Areas,Open area,Human Error,No,Fatal,Hit pedestrian,Not at  Junction,Not Applicable,NH,Bitumen(Tar),Not Applicable,Not Applicable,Fine,NH4,NEAR ANNAKUTEERA,50FEET,0.0,0.0,0,0,0.0,0.0
Bengaluru Dist,Nelamangala Rural PS,1.04422e+16,2016,1,1,Road Accidents,Narrow road,Rural Areas,Open area,Human Error,No,Damage Only,Rear end,Not Applicable,Others,NH,Bitumen(Tar),Dry,Not Applicable,Fine,NH4,0,0,0.0,0.0,0,0,0.0,0.0
Bengaluru Dist,Nelamangala Rural PS,1.04422e+16,2016,1,2,Road Accidents,Narrow road,Rural Areas,Open area,Not Applicable,Yes,Damage Only,Side swipe,Not Applicable,Not Applicable,NH,Bitumen(Tar),Dry,Not Applicable,Clear,TUMKUR-BANGALORE NH4 ROAD KBD NEAR,0,6 km,0.0,0.0,0,0,0.0,0.0
Bengaluru Dist,Nelamangala Rural PS,1.04422e+16,2016,1,5,Road Accidents,Narrow road,Rural Areas,Open area,Not Applicable,No,Damage Only,Rear end,Not Applicable,Not Applicable,NH,Bitumen(Tar),Dry,Not Applicable,Clear,"BANGALORE TUMKUR NH4 ROAD, TIPPAGONDANAHALLI,",0,14km,0.0,0.0,0,0,0.0,0.0
Bengaluru Dist,Nelamangala Rural PS,1.04422e+16,2016,1,1,Road Accidents,Narrow road,Rural Areas,Open area,Human Error,No,Grievous Injury,Hit pedestrian,Not Applicable,Others,Others,Bitumen(Tar),Dry,Not Applicable,Fine,Other road,0,0,0.0,0.0,0,0,0.0,0.0
Bengaluru Dist,Nelamangala Rural PS,1.04422e+16,2016,1,2,Road Accidents,Narrow road,Rural Areas,Open area,Human Error,Yes,Damage Only,Others,Not Applicable,Not Applicable,State Highway,Bitumen(Tar),Dry,Not Applicable,Fine,SH74,MUNESWARA ENCLAVE,50FEET,0.0,0.0,0,0,0.0,0.0
Bengaluru Dist,Nelamangala Rural PS,1.04422e+16,2016,1,1,Road Accidents,Narrow road,Rural Areas,Open area,Human Error,No,Grievous Injury,Hit pedestrian,Not Applicable,Not Applicable,Service Road,Bitumen(Tar),Dry,Not Applicable,Fine,NH48 SARVICE ROAD,MAHADEVAPURA ANDAR PASS NEAR,25FEET,0.0,0.0,0,0,0.0,0.0
Bengaluru Dist,Nelamangala Rural PS,1.04422e+16,2016,1,2,Road Accidents,Narrow road,Rural Areas,Near or inside a village,Not Applicable,No,Grievous Injury,Rear end,Not Applicable,Not Applicable,NH,Bitumen(Tar),Dry,Not Applicable,Clear,"TUMKUR-BANGALORE NH4 ROAD, NEAR HUCHEGOWDANA PALYA",0,12km,0.0,0.0,0,0,0.0,0.0
Bengaluru Dist,Nelamangala Rural PS,1.04422e+16,2016,1,2,Road Accidents,Narrow road,Rural Areas,Open area,Not Applicable,Yes,Grievous Injury,Hit and Run,Not Applicable,Not Applicable,NH,Bitumen(Tar),Dry,Not Applicable,Clear,Tumakur-bangalore NH4 road,0,11km,0.0,0.0,0,0,0.0,0.0
Bengaluru Dist,Nelamangala Rural PS,1.04422e+16,2016,1,2,Road Accidents,Narrow road,Rural Areas,Near or inside a village,Not Applicable,No,Damage Only,Rear end,Not Applicable,Not Applicable,NH,Bitumen(Tar),Dry,Not Applicable,Clear,"TUMKUR-BANGALORE NH4 ROAD, NEAR T.BEGUR",0,10 KM,0.0,0.0,0,0,0.0,0.0
Bengaluru Dist,Nelamangala Rural PS,1.04422e+16,2016,1,2,Road Accidents,Narrow road,Rural Areas,Open area,Human Error,No,Simple Injury,Head on,Not Applicable,Not Applicable,Others,Bitumen(Tar),Not Applicable,Not Applicable,Clear,OTHERS,0,8KM,0.0,0.0,0,0,0.0,0.0
Bengaluru Dist,Nelamangala Rural PS,1.04422e+16,2016,1,2,Road Accidents,Narrow road,Rural Areas,Near a factory industrial area,Human Error,No,Damage Only,Rear end,Not Applicable,Not Applicable,NH,Bitumen(Tar),Not Applicable,Not Applicable,Clear,NH4,0,7KM,0.0,0.0,0,0,0.0,0.0
Bengaluru Dist,Nelamangala Rural PS,1.04422e+16,2016,1,2,Road Accidents,Narrow road,Rural Areas,Near School or College,Human Error,No,Simple Injury,Head on,Not Applicable,Not Applicable,Village Road,Kutcha,Not Applicable,Not Applicable,Clear,VILLAGE ROAD,0,12KM,0.0,0.0,0,0,4.0,4.0
Bengaluru Dist,Nelamangala Rural PS,1.04422e+16,2016,1,2,Road Accidents,Narrow road,Rural Areas,Open area,Not Applicable,No,Damage Only,Rear end,Not Applicable,Not Applicable,NH,Bitumen(Tar),Dry,Not Applicable,Fine,"NELAMANGAL- KUNIGAL NH48 ROAD, BURUGAMARADAPALYA U TURN",0,8km,0.0,0.0,0,0,0.0,0.0
Bengaluru Dist,Nelamangala Rural PS,1.04422e+16,2016,1,1,Road Accidents,Junction,Rural Areas,Near Bus stop,Human Error,No,Simple Injury,Skidding or Self accident,Not Applicable,Not Applicable,NH,Bitumen(Tar),Not Applicable,Not Applicable,Clear,NH48 ROAD,0,9KM,0.0,0.0,0,0,0.0,0.0
Bengaluru Dist,Nelamangala Rural PS,1.04422e+16,2016,1,2,Road Accidents,Narrow road,Rural Areas,Open area,Not Applicable,No,Damage Only,Others,Not Applicable,Not Applicable,NH,Bitumen(Tar),Dry,Not Applicable,Clear,"KUR  BAANGALORE NH4 ROAD, T.BEGUR, THYAMAGONDLU CROSS",0,12km,0.0,0.0,0,0,0.0,0.0
Bengaluru Dist,Nelamangala Rural PS,1.04422e+16,2016,1,2,Road Accidents,Road hump or Rumble strips,Rural Areas,Near a factory industrial area,Human Error,No,Grievous Injury,Rear end,Not Applicable,Not Applicable,NH,Bitumen(Tar),Not Applicable,Not Applicable,Cloudy,NH4 ROAD,0,4KM,0.0,0.0,0,0,0.0,0.0
Bengaluru Dist,Nelamangala Rural PS,1.04422e+16,2016,1,1,Road Accidents,Narrow road,Rural Areas,Near Bus stop,Human Error,No,Damage Only,Hit pedestrian,Not Applicable,Not Applicable,NH,Bitumen(Tar),Not Applicable,Not Applicable,Very Cold,NH48 ROAD,0,15KM,0.0,0.0,0,0,0.0,0.0
Bengaluru Dist,Nelamangala Rural PS,1.04422e+16,2016,1,1,Road Accidents,Offset,Rural Areas,Open area,Human Error,Not Applicable,Fatal,Skidding or Self accident,Not Applicable,Not Applicable,State Highway,Bitumen(Tar),Dry,Not Applicable,Fine,SH74,BUS STOP,50FT,0.0,0.0,0,0,0.0,0.0
Bengaluru Dist,Nelamangala Rural PS,1.04422e+16,2016,1,2,Road Accidents,Narrow road,Rural Areas,Open area,Not Applicable,Yes,Grievous Injury,Rear end,Not Applicable,Not Applicable,NH,Bitumen(Tar),Dry,Not Applicable,Clear,"NEL-KUNIGAL NH48 ROAD, GOBEKALLAMMA TEMPLE YANTAGANAHALLI",0,7km,0.0,0.0,0,0,0.0,0.0
Bengaluru Dist,Nelamangala Rural PS,1.04422e+16,2016,1,1,Road Accidents,Narrow road,Rural Areas,Near or inside a village,Not Applicable,No,Grievous Injury,Skidding or Self accident,Not Applicable,Not Applicable,NH,Bitumen(Tar),Dry,Not Applicable,Clear,"TUMKUR-BANGALORE NH4 ROAD, NEAR DODDERI  VILLAGE",0,15km,0.0,0.0,0,0,0.0,0.0
Bengaluru Dist,Nelamangala Rural PS,1.04422e+16,2016,1,2,Road Accidents,Narrow road,Rural Areas,Near or inside a village,Not Applicable,No,Simple Injury,Rear end,Not Applicable,Not Applicable,NH,Bitumen(Tar),Dry,Not Applicable,Clear,"Tumkur-bangalore nh 4 road, near Thippagondanahalli village",0,15km,0.0,0.0,0,0,0.0,0.0
Bengaluru Dist,Nelamangala Rural PS,1.04422e+16,2016,1,2,Road Accidents,Cross roads,Rural Areas,Open area,Human Error,No,Damage Only,Rear end,Not Applicable,Not Applicable,NH,Bitumen(Tar),Not Applicable,Not Applicable,Light Rain,NH48,0,7KM,0.0,0.0,0,0,0.0,0.0
Bengaluru Dist,Nelamangala Rural PS,1.04422e+16,2016,1,1,Road Accidents,Narrow road,Rural Areas,Near Bus stop,Human Error,Not Applicable,Grievous Injury,Others,Not Applicable,Not Applicable,NH,Bitumen(Tar),Not Applicable,Not Applicable,Clear,NH 4,NH 4,14 Km,0.0,0.0,0,0,0.0,0.0
Bengaluru Dist,Nelamangala Rural PS,1.04422e+16,2016,1,1,Road Accidents,Narrow road,Rural Areas,Open area,Human Error,No,Grievous Injury,Others,Not Applicable,Not Applicable,NH,Bitumen(Tar),Dry,Not Applicable,Fine,NH 4,KULAVANAHALI LAKE,25FT,0.0,0.0,0,0,0.0,0.0
Bengaluru Dist,Nelamangala Rural PS,1.04422e+16,2016,1,1,Road Accidents,Narrow road,Rural Areas,Open area,Human Error,No,Grievous Injury,Skidding or Self accident,Not Applicable,Not Applicable,NH,Bitumen(Tar),Not Applicable,Not Applicable,Clear,NH4,0,14KM,0.0,0.0,0,0,0.0,0.0
Bengaluru Dist,Nelamangala Rural PS,1.04422e+16,2016,1,2,Road Accidents,Narrow road,Rural Areas,Open area,Human Error,Yes,Grievous Injury,Rear end,Not Applicable,Not Applicable,NH,Bitumen(Tar),Not Applicable,Not Applicable,Cloudy,nh48,0,14km,0.0,0.0,0,0,0.0,0.0
Bengaluru Dist,Nelamangala Rural PS,1.04422e+16,2016,1,2,Road Accidents,Narrow road,Rural Areas,Near Bus stop,Human Error,No,Grievous Injury,Not Applicable,No signal lights,Others,NH,Bitumen(Tar),Dry,Not Applicable,Fine,NH4,0,0,0.0,0.0,0,0,0.0,0.0
Bengaluru Dist,Nelamangala Rural PS,1.04422e+16,2016,1,2,Road Accidents,Narrow road,Rural Areas,Near a factory industrial area,Human Error,No,Grievous Injury,Rear end,Not Applicable,Not Applicable,NH,Bitumen(Tar),Not Applicable,Not Applicable,Snow,NH4 ROAD,0,12KM,0.0,0.0,0,0,0.0,0.0
Bengaluru Dist,Nelamangala Rural PS,1.04422e+16,2016,1,1,Road Accidents,Narrow road,Rural Areas,Near a factory industrial area,Human Error,No,Simple Injury,Others,No signal lights,Not Applicable,NH,Bitumen(Tar),Dry,Not Applicable,Fine,nh,0,0,0.0,0.0,0,0,0.0,0.0
Bengaluru Dist,Nelamangala Rural PS,1.04422e+16,2016,1,1,Road Accidents,Narrow road,Rural Areas,Near a factory industrial area,Human Error,No,Grievous Injury,Others,Not Applicable,Not Applicable,State Highway,Bitumen(Tar),Not Applicable,Not Applicable,Very Cold,STATE HIGH WAY,0,7KM,0.0,0.0,0,0,0.0,0.0
Bengaluru Dist,Nelamangala Rural PS,1.04422e+16,2016,1,2,Road Accidents,Cross roads,Rural Areas,Open area,Human Error,No,Simple Injury,Rear end,Not Applicable,Not Applicable,NH,Bitumen(Tar),Not Applicable,Not Applicable,Clear,NH4,0,14KM,0.0,0.0,0,0,0.0,0.0
Bengaluru Dist,Nelamangala Rural PS,1.04422e+16,2016,1,1,Road Accidents,Narrow road,Rural Areas,Open area,Human Error,No,Fatal,Hit bicyclist,Not Applicable,Not Applicable,Village Road,Bitumen(Tar),Dry,Not Applicable,Fine,OTHER ROAD,0,0,0.0,0.0,0,0,0.0,0.0
Bengaluru Dist,Nelamangala Rural PS,1.04422e+16,2016,1,1,Road Accidents,Narrow road,Not Applicable,Near Bus stop,Human Error,No,Fatal,Hit pedestrian,Not Applicable,Not Applicable,NH,Bitumen(Tar),Dry,Not Applicable,Fine,NH4,BUS STAND,0,0.0,0.0,0,0,0.0,0.0
Bengaluru Dist,Nelamangala Rural PS,1.04422e+16,2016,1,1,Not Applicable,Narrow road,Rural Areas,Near Bus stop,Human Error,Yes,Fatal,Hit pedestrian,Not Applicable,Not Applicable,NH,Bitumen(Tar),Dry,Not Applicable,Fine,NH4,NEAR  SHUBASH DHABA,50FT,0.0,0.0,0,0,0.0,0.0
Bengaluru Dist,Nelamangala Rural PS,1.04422e+16,2016,1,2,Road Accidents,Narrow road,Rural Areas,Near Bus stop,Human Error,No,Grievous Injury,Not Applicable,Not Applicable,Not Applicable,NH,Bitumen(Tar),Dry,Not Applicable,Fine,NH4,NEAR BODIHAL BUS STOP,0,0.0,0.0,0,0,0.0,0.0
Bengaluru Dist,Nelamangala Rural PS,1.04422e+16,2016,1,2,Road Accidents,Cross roads,City/Town,Near a factory industrial area,Human Error,No,Grievous Injury,Rear end,Not Applicable,Not Applicable,NH,Bitumen(Tar),Not Applicable,Not Applicable,Fine,nh4 road,0,7km,0.0,0.0,0,0,0.0,0.0
Bengaluru Dist,Nelamangala Rural PS,1.04422e+16,2016,1,1,Road Accidents,Cross roads,Rural Areas,Open area,Human Error,No,Damage Only,Skidding or Self accident,Not Applicable,Not Applicable,NH,Bitumen(Tar),Not Applicable,Not Applicable,Fine,OTHER ROAD,0,15KM,0.0,0.0,0,0,0.0,0.0
Bengaluru Dist,Nelamangala Rural PS,1.04422e+16,2016,1,1,Road Accidents,Other,Rural Areas,Near or inside a village,Not Applicable,No,Fatal,Hit pedestrian,Not at  Junction,Not Applicable,NH,Bitumen(Tar),Dry,Not Applicable,Fine,NH4,0,8,0.0,0.0,0,0,0.0,0.0
Bengaluru Dist,Nelamangala Rural PS,1.04422e+16,2016,1,1,Road Accidents,Other,Rural Areas,Near or inside a village,Not Applicable,Not Applicable,Fatal,Hit pedestrian,Not at  Junction,Not Applicable,NH,Bitumen(Tar),Dry,Not Applicable,Fine,NH4,0,10,0.0,0.0,0,0,0.0,0.0
Bengaluru Dist,Nelamangala Rural PS,1.04422e+16,2016,1,1,Road Accidents,Narrow road,Rural Areas,Open area,Not Applicable,No,Grievous Injury,Others,Not Applicable,Not Applicable,NH,Bitumen(Tar),Dry,Not Applicable,Clear,"BANGALORE TUMKUR NH4 ROAD, KULUVANAHALLI,",0,15,0.0,0.0,0,0,0.0,0.0
Bengaluru Dist,Nelamangala Rural PS,1.04422e+16,2016,1,2,Road Accidents,Other,Rural Areas,Open area,Human Error,No,Grievous Injury,Others,Not Applicable,Not Applicable,Service Road,Bitumen(Tar),Dry,Not Applicable,Clear,service rorad,service rorad,6 Km,0.0,0.0,0,0,0.0,0.0
Bengaluru Dist,Nelamangala Rural PS,1.04422e+16,2016,1,2,Road Accidents,Narrow road,Rural Areas,Near a factory industrial area,Human Error,No,Damage Only,Not Applicable,Not Applicable,Others,NH,Bitumen(Tar),Dry,Not Applicable,Fine,NH 4,NEAR PEPSI FACTORY,200MTR,0.0,0.0,0,0,0.0,0.0
Bengaluru Dist,Nelamangala Rural PS,1.04422e+16,2016,1,2,Road Accidents,Cross roads,Rural Areas,Open area,Human Error,No,Damage Only,Others,Not Applicable,Not Applicable,NH,Bitumen(Tar),Not Applicable,Not Applicable,Fine,NH 4,NH 4,12  Km,0.0,0.0,0,0,0.0,0.0
Bengaluru Dist,Nelamangala Rural PS,1.04422e+16,2016,1,2,Road Accidents,Cross roads,Rural Areas,Near Bus stop,Human Error,No,Grievous Injury,Others,Not at  Junction,Not Applicable,NH,Bitumen(Tar),Not Applicable,Not Applicable,Fine,NH 4,NH 4,8km,0.0,0.0,0,0,0.0,0.0
Bengaluru Dist,Nelamangala Rural PS,1.04422e+16,2016,1,2,Road Accidents,Narrow road,Rural Areas,Open area,Not Applicable,Not Applicable,Grievous Injury,Rear end,Not Applicable,Not Applicable,NH,Bitumen(Tar),Dry,Not Applicable,Clear,"TUMKUR-BANGALORE NH 4 ROAD, THONCHINKUPPE GATE'",0,10km,0.0,0.0,0,0,0.0,0.0
Bengaluru Dist,Nelamangala Rural PS,1.04422e+16,2016,1,1,Road Accidents,Narrow road,Rural Areas,Open area,Not Applicable,No,Damage Only,Hit animal,Not Applicable,Not Applicable,Others,Bitumen(Tar),Dry,Not Applicable,Clear,"NEAR CADBURIES FACTORY, NEAR MAHADEVAPURA",0,10km,0.0,0.0,0,0,0.0,0.0
Bengaluru Dist,Nelamangala Rural PS,1.04422e+16,2016,1,1,Road Accidents,Narrow road,Rural Areas,Near a factory industrial area,Human Error,No,Grievous Injury,Skidding or Self accident,Not Applicable,Not Applicable,NH,Bitumen(Tar),Not Applicable,Not Applicable,Very Cold,NH4 ROAD,0,13KM,0.0,0.0,0,0,0.0,0.0
Bengaluru Dist,Nelamangala Rural PS,1.04422e+16,2016,1,1,Rail Road Accidents,Narrow road,Rural Areas,Open area,Human Error,Yes,Fatal,Hit pedestrian,Not Applicable,Not Applicable,NH,Bitumen(Tar),Dry,Not Applicable,Fine,NH4,SHANIMAHATMA TEMPLE,100MTR,0.0,0.0,0,0,0.0,0.0
Bengaluru Dist,Nelamangala Rural PS,1.04422e+16,2016,1,1,Road Accidents,Curves,Rural Areas,Open area,Human Error,No,Simple Injury,Skidding or Self accident,Not Applicable,Others,Others,Bitumen(Tar),Dry,Not Applicable,Fine,OTHER ROAD,CHOLLALLU  TRUN,0,0.0,0.0,0,0,0.0,0.0
Bengaluru Dist,Nelamangala Rural PS,1.04422e+16,2016,1,2,Road Accidents,Bridge,Rural Areas,Narrow bridge or culverts,Human Error,Yes,Grievous Injury,Skidding or Self accident,Not Applicable,Not Applicable,NH,Bitumen(Tar),Not Applicable,Not Applicable,Fine,NH4,0,10KM,0.0,0.0,0,0,0.0,0.0
Bengaluru Dist,Nelamangala Rural PS,1.04422e+16,2016,1,2,Road Accidents,Narrow road,Rural Areas,Near a recreation place/cinema,Human Error,No,Damage Only,Rear end,Not Applicable,Not Applicable,NH,Bitumen(Tar),Not Applicable,Not Applicable,Fine,NH4 ROAD,0,6KM,0.0,0.0,0,0,0.0,0.0
Bengaluru Dist,Nelamangala Rural PS,1.04422e+16,2016,1,2,Road Accidents,Narrow road,Rural Areas,Open area,Not Applicable,No,Grievous Injury,Head on,Not Applicable,Not Applicable,Others,Bitumen(Tar),Dry,Not Applicable,Clear,"RASI GATE WAY LAYOUT MAIN  ROAD, BYADARAHALLI VILLAGE",0,6 km,0.0,0.0,0,0,0.0,0.0
Bengaluru Dist,Nelamangala Rural PS,1.04422e+16,2016,1,2,Road Accidents,Other,Rural Areas,Near or inside a village,Not Applicable,Not Applicable,Fatal,Head on,Not at  Junction,Not Applicable,NH,Bitumen(Tar),Dry,Not Applicable,Fine,NH4,0,8,0.0,0.0,0,0,0.0,0.0
Bengaluru Dist,Nelamangala Rural PS,1.04422e+16,2016,1,1,Road Accidents,Narrow road,Rural Areas,Open area,Not Applicable,No,Grievous Injury,Others,Not Applicable,Not Applicable,NH,Bitumen(Tar),Dry,Not Applicable,Clear,"Bangalore-Tumakur NH4 road, bhoodihal gate,",0,6 km,0.0,0.0,0,0,0.0,0.0
Bengaluru Dist,Nelamangala Rural PS,1.04422e+16,2016,1,2,Road Accidents,Narrow road,Rural Areas,Open area,Human Error,No,Fatal,Others,Not at  Junction,Not Applicable,NH,Bitumen(Tar),Dry,Not Applicable,Fine,NH4,BOODIHAL GATE,0,0.0,0.0,0,0,0.0,0.0
Bengaluru Dist,Nelamangala Rural PS,1.04422e+16,2016,1,1,Road Accidents,Narrow road,Rural Areas,Open area,Human Error,No,Simple Injury,Rear end,Not Applicable,Not Applicable,Village Road,Bitumen(Tar),Others,Not Applicable,Clear,village road,village road,8 Km,0.0,0.0,0,1,0.0,1.0
Bengaluru Dist,Nelamangala Rural PS,1.04422e+16,2016,1,1,Road Accidents,Narrow road,Rural Areas,Open area,Human Error,No,Grievous Injury,Skidding or Self accident,Not Applicable,Not Applicable,Others,Bitumen(Tar),Not Applicable,Not Applicable,Heavy Rain,OTHER ROAD,0,10KM,0.0,0.0,0,0,0.0,0.0
Bengaluru Dist,Nelamangala Rural PS,1.04422e+16,2016,1,2,Road Accidents,Narrow road,Rural Areas,Open area,Human Error,No,Damage Only,Rear end,Uncontrolled,Others,NH,Bitumen(Tar),Dry,Not Applicable,Fine,NH4,0,0,0.0,0.0,0,0,0.0,0.0
Bengaluru Dist,Nelamangala Rural PS,1.04422e+16,2016,1,2,Rail Road Accidents,Not Applicable,Rural Areas,Near Bus stop,Human Error,No,Grievous Injury,Right Turn Collision,Not at  Junction,Curve and Incline,NH,Bitumen(Tar),Dry,Not Applicable,Clear,NH 4,NH 4,14 Km,0.0,0.0,0,0,0.0,0.0
Bengaluru Dist,Nelamangala Rural PS,1.04422e+16,2016,1,1,Road Accidents,Cross roads,Rural Areas,Open area,Human Error,No,Simple Injury,Head on,Not Applicable,Not Applicable,NH,Bitumen(Tar),Not Applicable,Not Applicable,Clear,NH4 ROAD,0,8KM,0.0,0.0,0,0,0.0,0.0
Bengaluru Dist,Nelamangala Rural PS,1.04422e+16,2016,1,1,Road Accidents,Narrow road,Rural Areas,Open area,Human Error,Yes,Grievous Injury,Hit pedestrian,Not Applicable,Not Applicable,Others,Bitumen(Tar),Dry,Not Applicable,Fine,OTHER ROAD,BETTAHALLI  PALYA,0,0.0,0.0,0,0,0.0,0.0
Bengaluru Dist,Nelamangala Rural PS,1.04422e+16,2016,1,1,Road Accidents,Road hump or Rumble strips,Rural Areas,Open area,Human Error,No,Grievous Injury,Skidding or Self accident,Not Applicable,Not Applicable,NH,Bitumen(Tar),Not Applicable,Not Applicable,Clear,NH48,0,7KM,0.0,0.0,0,0,0.0,0.0
Bengaluru Dist,Nelamangala Rural PS,1.04422e+16,2016,1,1,Road Accidents,Narrow road,Rural Areas,Residential area,Human Error,No,Grievous Injury,Skidding or Self accident,Not Applicable,Not Applicable,State Highway,Bitumen(Tar),Not Applicable,Not Applicable,Cloudy,STATE HIGH WAY,0,7km,0.0,0.0,0,0,0.0,0.0
Bengaluru Dist,Nelamangala Rural PS,1.04422e+16,2016,1,2,Road Accidents,Cross roads,Rural Areas,Open area,Human Error,No,Simple Injury,Rear end,Not Applicable,Not Applicable,NH,Bitumen(Tar),Not Applicable,Not Applicable,Clear,NH48,0,6KM,0.0,0.0,0,0,0.0,0.0
Bengaluru Dist,Nelamangala Rural PS,1.04422e+16,2016,1,2,Road Accidents,Narrow road,Rural Areas,Open area,Human Error,No,Fatal,Others,Not Applicable,Not Applicable,NH,Bitumen(Tar),Dry,Not Applicable,Fine,NH4,TIPPAGONDANAHALLI,0,0.0,0.0,0,0,0.0,0.0