DISTRICTNAME,UNITNAME,Crime_No,Year,RI,Noofvehicle_involved,Accident_Classification,Accident_Spot,Accident_Location,Accident_SubLocation,Main_Cause,Hit_Run,Severity,Collision_Type,Junction_Control,Road_Character,Road_Type,Surface_Type,Surface_Condition,Road_Condition,Weather,Accident_Road,Landmark_first,Distance_LandMark_First,Latitude,Longitude,Road_Condition_Score,Surface_Condition_Score,Surface_Type_Score,Road_Risk_Index
Bengaluru Dist,Nelamangala Rural PS,1.04422e+16,2016,1,2,Road Accidents,Narrow road,Rural Areas,Open area,Human Error,No,Grievous Injury,Head on,Not Applicable,Not Applicable,NH,Bitumen(Tar),Not Applicable,Not Applicable,Clear,Rural Areas,0,12 km,0.0,0.0,0,0,0.0,0.0
Bengaluru Dist,Nelamangala Rural PS,1.04422e+16,2016,1,1,Road Accidents,Narrow road,Rural Areas,Near Bus stop,Not Applicable,Not Applicable,Damage Only,Skidding or Self accident,Not Applicable,Not Applicable,NH,Bitumen(Tar),Dry,Not Applicable,Fine,TUMAKUR-BANGALORE NH4 HUCHEGOWDANAPALYA GEAT,0,14km,0.0,0.0,0,0,0.0,0.0
Bengaluru Dist,Nelamangala Rural PS,1.04422e+16,2016,1,2,Road Accidents,Narrow road,Rural Areas,Near a factory industrial area,Human Error,No,Damage Only,Rear end,Not Applicable,Not Applicable,NH,Bitumen(Tar),Not Applicable,Not Applicable,Fine,NH4,0,6KM,0.0,0.0,0,0,0.0,0.0
Bengaluru Dist,Nelamangala Rural PS,1.04422e+16,2016,1,1,Road Accidents,Narrow road,Villages settlement,Residential area,Not Applicable,No,Grievous Injury,Rear end,Not Applicable,Not Applicable,Village Road,Bitumen(Tar),Dry,Not Applicable,Clear,"HOSAPALYA ROAD, NEAR JAYAMMA LAND,HOSAPALYA",0,10km,0.0,0.0,0,0,0.0,0.0
Bengaluru Dist,Nelamangala Rural PS,1.04422e+16,2016,1,2,Road Accidents,Narrow road,Rural Areas,Near or inside a village,Not Applicable,No,Damage Only,Others,Not Applicable,Not Applicable,NH,Bitumen(Tar),Dry,Not Applicable,Fine,"BANGALORE-TUMAKUR NH4 ROAD, NEAR THIPPAGONDANAHALLI,",0,15km,0.0,0.0,0,0,0.0,0.0
Bengaluru Dist,Nelamangala Rural PS,1.04422e+16,2016,1,2,Road Accidents,Narrow road,Rural Areas,Near Petrol Pump,Human Error,No,Grievous Injury,Others,Not at  Junction,Others,State Highway,Bitumen(Tar),Dry,Not Applicable,Fine,SH74,ISLAMPURA GATE,0,0.0,0.0,0,0,0.0,0.0
Bengaluru Dist,Nelamangala Rural PS,1.04422e+16,2016,1,1,Road Accidents,Narrow road,Rural Areas,Residential area,Human Error,No,Grievous Injury,Hit pedestrian,Not Applicable,Not Applicable,NH,Bitumen(Tar),Not Applicable,Not Applicable,Fine,NH48 ROAD,0,8KM,0.0,0.0,0,0,0.0,0.0
Bengaluru Dist,Nelamangala Rural PS,1.04422e+16,2016,1,2,Road Accidents,Narrow road,Rural Areas,Near or inside a village,Not Applicable,No,Damage Only,Head on,Not Applicable,Not Applicable,NH,Bitumen(Tar),Dry,Not Applicable,Fine,"BANGALORE-TUMAKUR NH4 ROAD,PRAVASI DHABHA, THONACHINAKUPPE VILLAGE",0,11km,0.0,0.0,0,0,0.0,0.0
Bengaluru Dist,Nelamangala Rural PS,1.04422e+16,2016,1,1,Road Accidents,Narrow road,Rural Areas,Near or inside a village,Not Applicable,Not Applicable,Fatal,Skidding or Self accident,Not at  Junction,Not Applicable,Village Road,Bitumen(Tar),Dry,Pot holed,Fine,Village Road,0,16,0.0,0.0,5,0,0.0,5.0
Bengaluru Dist,Nelamangala Rural PS,1.04422e+16,2016,1,2,Rail Road Accidents,Narrow road,Rural Areas,Open area,Human Error,Yes,Simple Injury,Hit and Run,Not Applicable,Not Applicable,NH,Bitumen(Tar),Not Applicable,Not Applicable,Clear,N,0,10KM,0.0,0.0,0,0,0.0,0.0
Bengaluru Dist,Nelamangala Rural PS,1.04422e+16,2016,1,2,Road Accidents,Narrow road,Rural Areas,Open area,Not Applicable,No,Simple Injury,Rear end,Not Applicable,Not Applicable,NH,Bitumen(Tar),Dry,Not Applicable,Clear,"TUMAKUR-BANGALORE NH4 ROAD, NEAR BUDHIHALGATE",0,10km,0.0,0.0,0,0,0.0,0.0
Bengaluru Dist,Nelamangala Rural PS,1.04422e+16,2016,1,1,Road Accidents,Narrow road,Rural Areas,Open area,Human Error,Yes,Grievous Injury,Hit pedestrian,Not Applicable,Not Applicable,NH,Bitumen(Tar),Not Applicable,Not Applicable,Clear,NH4,0,15KM,0.0,0.0,0,0,0.0,0.0
Bengaluru Dist,Nelamangala Rural PS,1.04422e+16,2016,1,1,Road Accidents,Cross roads,Rural Areas,At pedestrian Crossing,Human Error,No,Fatal,Hit and Run,Not Applicable,Not Applicable,NH,Bitumen(Tar),Not Applicable,Not Applicable,Very Cold,NH4 ROAD,0,8KM,0.0,0.0,0,0,0.0,0.0
Bengaluru Dist,Nelamangala Rural PS,1.04422e+16,2017,1,1,Road Accidents,Not Applicable,Rural Areas,Open area,Human Error,Not Applicable,Grievous Injury,Skidding or Self accident,Not at  Junction,Not Applicable,Village Road,Bitumen(Tar),Not Applicable,Not Applicable,Clear,village area,0,7km,0.0,0.0,0,0,0.0,0.0
Bengaluru Dist,Nelamangala Rural PS,1.04422e+16,2017,1,3,Road Accidents,Narrow road,Rural Areas,Open area,Human Error,Yes,Grievous Injury,Head on,Not Applicable,Others,Others,Bitumen(Tar),Dry,Not Applicable,Fine,other,0,0,0.0,0.0,0,0,0.0,0.0
Bengaluru Dist,Nelamangala Rural PS,1.04422e+16,2017,1,1,Road Accidents,Cross roads,Rural Areas,Open area,Human Error,Yes,Grievous Injury,Hit and Run,Not at  Junction,Slight Curve,Village Road,Bitumen(Tar),Not Applicable,Not Applicable,Clear,village area,0,9km,0.0,0.0,0,0,0.0,0.0
Bengaluru Dist,Nelamangala Rural PS,1.04422e+16,2017,1,2,Road Accidents,Narrow road,Rural Areas,Open area,Human Error,Yes,Simple Injury,Hit and Run,Not Applicable,Others,Others,Bitumen(Tar),Dry,Not Applicable,Fine,Other,0,0,0.0,0.0,0,0,0.0,0.0
Bengaluru Dist,Nelamangala Rural PS,1.04422e+16,2017,1,2,Road Accidents,Bridge,Rural Areas,Narrow bridge or culverts,Not Applicable,Not Applicable,Damage Only,Overturning,Not at  Junction,Curve,State Highway,Bitumen(Tar),Not Applicable,Not Applicable,Clear,others Road,0,6 km,0.0,0.0,0,0,0.0,0.0
Bengaluru Dist,Nelamangala Rural PS,1.04422e+16,2017,1,1,Road Accidents,Narrow road,Rural Areas,Open area,Human Error,No,Grievous Injury,Others,Not Applicable,Others,Others,Bitumen(Tar),Dry,Not Applicable,Fine,Other,Near shaneswara temple,50feet,0.0,0.0,0,0,0.0,0.0
Bengaluru Dist,Nelamangala Rural PS,1.04422e+16,2017,1,2,Road Accidents,Narrow road,Rural Areas,Open area,Human Error,Yes,Grievous Injury,Rear end,Not at  Junction,Others,Others,Bitumen(Tar),Dry,Not Applicable,Fine,Other,Patelappa Farm,0,0.0,0.0,0,0,0.0,0.0
Bengaluru Dist,Nelamangala Rural PS,1.04422e+16,2017,1,1,Road Accidents,Narrow road,Rural Areas,Open area,Human Error,No,Damage Only,Not Applicable,Not at  Junction,Not Applicable,Village Road,Bitumen(Tar),Dry,Not Applicable,Fine,Village Road,0,0,0.0,0.0,0,0,0.0,0.0
Bengaluru Dist,Nelamangala Rural PS,1.04422e+16,2017,1,1,Road Accidents,Not Applicable,Rural Areas,Open area,Not Applicable,Not Applicable,Fatal,Not Applicable,Not Applicable,Others,Not Applicable,Not Applicable,Others,Not Applicable,Not Applicable,Rural Area,Lakkasandra Lake Road,10,0.0,0.0,0,1,0.0,1.0
Bengaluru Dist,Nelamangala Rural PS,1.04422e+16,2017,1,1,Road Accidents,Offset,Rural Areas,Open area,Human Error,No,Damage Only,Others,Not Applicable,Not Applicable,Others,Kutcha,Dry,Not Applicable,Not Applicable,lake Road,0,0,0.0,0.0,0,0,4.0,4.0
Bengaluru Dist,Nelamangala Rural PS,1.04422e+16,2017,1,1,Road Accidents,Narrow road,Rural Areas,Near a religious place,Human Error,Yes,Grievous Injury,Hit and Run,Not Applicable,Not Applicable,Others,Kutcha,Not Applicable,Not Applicable,Not Applicable,village Road,0,13km,0.0,0.0,0,0,4.0,4.0
Bengaluru Dist,Nelamangala Rural PS,1.04422e+16,2017,1,2,Road Accidents,Narrow road,Not Applicable,Open area,Human Error,No,Damage Only,Head on,Not Applicable,Not Applicable,NH,Bitumen(Tar),Dry,Not Applicable,Fine,other,gangaragulipura,0,0.0,0.0,0,0,0.0,0.0
Bengaluru Dist,Nelamangala Rural PS,1.04422e+16,2017,1,1,Road Accidents,Other,Rural Areas,Open area,Not Applicable,Not Applicable,Fatal,Skidding or Self accident,Not Applicable,Not Applicable,Village Road,Not Applicable,Not Applicable,Not Applicable,Not Applicable,Nelamangala Madhure road,Muneshwara Enclav,8 Km,0.0,0.0,0,0,0.0,0.0
Bengaluru Dist,Nelamangala Rural PS,1.04422e+16,2017,1,2,Road Accidents,Narrow road,Rural Areas,Open area,Human Error,No,Grievous Injury,Not Applicable,Not at  Junction,Not Applicable,State Highway,Bitumen(Tar),Dry,Not Applicable,Fine,SH74,Near Guttepalya,0,0.0,0.0,0,0,0.0,0.0
Bengaluru Dist,Nelamangala Rural PS,1.04422e+16,2017,1,2,Road Accidents,Narrow road,Rural Areas,Open area,Human Error,Yes,Simple Injury,Not Applicable,No signal lights,Not Applicable,Others,Bitumen(Tar),Dry,Not Applicable,Fine,other,0,0,0.0,0.0,0,0,0.0,0.0
Bengaluru Dist,Nelamangala Rural PS,1.04422e+16,2017,1,1,Rail Road Accidents,Narrow road,Rural Areas,Near Bus stop,Human Error,No,Grievous Injury,Hit pedestrian,Not Applicable,Not Applicable,Others,Bitumen(Tar),Dry,Not Applicable,Fine,OTHER ROAD,KEMPALINGANAHALLI BUS STOP,0,0.0,0.0,0,0,0.0,0.0
Bengaluru Dist,Nelamangala Rural PS,1.04422e+16,2017,1,1,Road Accidents,Narrow road,Rural Areas,Open area,Human Error,Yes,Grievous Injury,Drowned,Not Applicable,Not Applicable,Others,Bitumen(Tar),Not Applicable,Not Applicable,Clear,OTHERS ROAD,0,5KM,0.0,0.0,0,0,0.0,0.0
Bengaluru Dist,Nelamangala Rural PS,1.04422e+16,2017,1,2,Road Accidents,Narrow road,Rural Areas,Open area,Human Error,No,Grievous Injury,Rear end,Not at  Junction,Others,Others,Bitumen(Tar),Dry,Not Applicable,Fine,other Road,New gardan city lay out,200,0.0,0.0,0,0,0.0,0.0
Bengaluru Dist,Nelamangala Rural PS,1.04422e+16,2017,1,1,Road Accidents,Narrow road,Rural Areas,Open area,Human Error,No,Simple Injury,Head on,Not Applicable,Not Applicable,State Highway,Bitumen(Tar),Not Applicable,Not Applicable,Clear,state High way,0,8km,0.0,0.0,0,0,0.0,0.0
Bengaluru Dist,Nelamangala Rural PS,1.04422e+16,2017,1,1,Road Accidents,Not Applicable,Rural Areas,Open area,Human Error,No,Grievous Injury,Hit pedestrian,Not Applicable,Others,Others,Concrete,Dry,Not Applicable,Fine,other,Near Anjaneyaswamy temple,15,0.0,0.0,0,0,0.0,0.0
Bengaluru Dist,Nelamangala Rural PS,1.04422e+16,2017,1,2,Road Accidents,Narrow road,Rural Areas,Near a factory industrial area,Human Error,No,Grievous Injury,Others,Not at  Junction,Not Applicable,Others,Bitumen(Tar),Dry,Not Applicable,Fine,Rural,Hamsan factory,80 fee,0.0,0.0,0,0,0.0,0.0
Bengaluru Dist,Nelamangala Rural PS,1.04422e+16,2017,1,1,Road Accidents,Narrow road,Rural Areas,Open area,Human Error,No,Damage Only,Others,Not Applicable,Not Applicable,Others,Bitumen(Tar),Dry,Not Applicable,Fine,other Road,krisnanappa farm,0,0.0,0.0,0,0,0.0,0.0
Bengaluru Dist,Nelamangala Rural PS,1.04422e+16,2017,1,1,Road Accidents,Narrow road,Rural Areas,Near or inside a village,Human Error,Not Applicable,Fatal,Not Applicable,Not Applicable,Others,Village Road,Bitumen(Tar),Others,Not Applicable,Clear,"Near Kempalinganahalli Railway brigde, Nelamangala Taluk",Near Railway Bridge,8,0.0,0.0,0,1,0.0,1.0
Bengaluru Dist,Nelamangala Rural PS,1.04422e+16,2017,1,2,Road Accidents,Cross roads,Villages settlement,Open area,Human Error,No,Fatal,Head on,Not Applicable,Not Applicable,Village Road,Bitumen(Tar),Not Applicable,Not Applicable,Clear,village Road,0,0,0.0,0.0,0,0,0.0,0.0
Bengaluru Dist,Nelamangala Rural PS,1.04422e+16,2017,1,2,Road Accidents,Narrow road,Rural Areas,Open area,Human Error,Yes,Simple Injury,Others,Not Applicable,Not Applicable,Village Road,Bitumen(Tar),Dry,Not Applicable,Fine,other,gandagulipura gate,15,0.0,0.0,0,0,0.0,0.0
Bengaluru Dist,Nelamangala Rural PS,1.04422e+16,2017,1,1,Road Accidents,Narrow road,Rural Areas,Open area,Not Applicable,Not Applicable,Fatal,Others,Not Applicable,Not Applicable,Village Road,Not Applicable,Not Applicable,Not Applicable,Clear,village Road,village Road,8 Km,0.0,0.0,0,0,0.0,0.0
Bengaluru Dist,Nelamangala Rural PS,1.04422e+16,2017,1,2,Road Accidents,Not Applicable,Rural Areas,Open area,Human Error,Yes,Simple Injury,Hit and Run,Not at  Junction,Others,Others,Bitumen(Tar),Dry,Not Applicable,Fine,Other,Sowmya Farm,100fee,0.0,0.0,0,0,0.0,0.0
Bengaluru Dist,Nelamangala Rural PS,1.04422e+16,2017,1,2,Road Accidents,Narrow road,Rural Areas,Open area,Human Error,No,Grievous Injury,Others,Not Applicable,Not Applicable,Others,Bitumen(Tar),Dry,Not Applicable,Others,Rural  Road,Near Happay Home,50feet,0.0,0.0,0,0,0.0,0.0
Bengaluru Dist,Nelamangala Rural PS,1.04422e+16,2017,1,1,Road Accidents,Circle,Rural Areas,Open area,Human Error,Yes,Grievous Injury,Hit pedestrian,Not at  Junction,Not Applicable,Others,Bitumen(Tar),Dry,Not Applicable,Fine,Nelamangala Tavarekere Road,Mantanajkurchi Gate,500ft,0.0,0.0,0,0,0.0,0.0
Bengaluru Dist,Nelamangala Rural PS,1.04422e+16,2018,1,2,Road Accidents,Narrow road,Rural Areas,Open area,Human Error,No,Damage Only,Not Applicable,Not Applicable,Not Applicable,Village Road,Bitumen(Tar),Dry,Not Applicable,Fine,Rural  Road,Near karly Factory,500ft,0.0,0.0,0,0,0.0,0.0
Bengaluru Dist,Nelamangala Rural PS,1.04422e+16,2018,1,2,Road Accidents,Other,Rural Areas,Residential area,Human Error,Yes,Grievous Injury,Not Applicable,Not Applicable,Not Applicable,Others,Bitumen(Tar),Dry,Not Applicable,Fine,rural,0,0,0.0,0.0,0,0,0.0,0.0
Bengaluru Dist,Nelamangala Rural PS,1.04422e+16,2018,1,2,Road Accidents,Cross roads,Rural Areas,Open area,Human Error,Yes,Fatal,Rear end,Not Applicable,Not Applicable,Village Road,Bitumen(Tar),Not Applicable,Not Applicable,Clear,village Road,0,0,0.0,0.0,0,0,0.0,0.0
Bengaluru Dist,Nelamangala Rural PS,1.04422e+16,2018,1,2,Road Accidents,Cross roads,Rural Areas,Near School or College,Human Error,No,Damage Only,Not Applicable,Not Applicable,Curve,Others,Bitumen(Tar),Dry,Not Applicable,Fine,other,govt school,50,0.0,0.0,0,0,0.0,0.0
Bengaluru Dist,Nelamangala Rural PS,1.04422e+16,2018,1,1,Road Accidents,Narrow road,Rural Areas,Open area,Not Applicable,Not Applicable,Fatal,Not Applicable,Not Applicable,Not Applicable,Village Road,Not Applicable,Not Applicable,No influence on accident,Not Applicable,village Road,Asent County Layout,03 KM,0.0,0.0,0,0,0.0,0.0
Bengaluru Dist,Nelamangala Rural PS,1.04422e+16,2018,1,2,Road Accidents,Narrow road,Rural Areas,Near Petrol Pump,Human Error,No,Grievous Injury,Rear end,Not Applicable,Not Applicable,Others,Bitumen(Tar),Dry,Not Applicable,Fine,other,petroal bunk,50,0.0,0.0,0,0,0.0,0.0
Bengaluru Dist,Nelamangala Rural PS,1.04422e+16,2018,1,1,Not Applicable,Not Applicable,Not Applicable,Near a factory industrial area,Human Error,No,Fatal,Not Applicable,Not Applicable,Not Applicable,Others,Bitumen(Tar),Not Applicable,Not Applicable,Clear,Industrial Area,0,0,0.0,0.0,0,0,0.0,0.0
Bengaluru Dist,Nelamangala Rural PS,1.04422e+16,2018,1,1,Road Accidents,Narrow road,Rural Areas,Open area,Human Error,Yes,Grievous Injury,Rear end,No signal lights,Not Applicable,Others,Bitumen(Tar),Dry,Not Applicable,Fine,other,0,0,0.0,0.0,0,0,0.0,0.0
Bengaluru Dist,Nelamangala Rural PS,1.04422e+16,2018,1,2,Road Accidents,Narrow road,Rural Areas,Open area,Human Error,Yes,Grievous Injury,Others,Not Applicable,Not Applicable,Others,Bitumen(Tar),Dry,Not Applicable,Fine,other,Hamsan factory,100mt,0.0,0.0,0,0,0.0,0.0
Bengaluru Dist,Nelamangala Rural PS,1.04422e+16,2018,1,2,Road Accidents,Junction,Rural Areas,Open area,Human Error,No,Grievous Injury,Others,No signal lights,Others,State Highway,Bitumen(Tar),Dry,Not Applicable,Fine,State Highway,kudurasthe,0,0.0,0.0,0,0,0.0,0.0
Bengaluru Dist,Nelamangala Rural PS,1.04422e+16,2018,1,1,Road Accidents,Narrow road,Rural Areas,Open area,Human Error,No,Simple Injury,Rear end,Not Applicable,Not Applicable,State Highway,Bitumen(Tar),Dry,Not Applicable,Fine,State Highway,Bhadhraiah land Near,100fee,0.0,0.0,0,0,0.0,0.0
Bengaluru Dist,Nelamangala Rural PS,1.04422e+16,2018,1,2,Road Accidents,Narrow road,Rural Areas,Near Bus stop,Human Error,No,Damage Only,Head on,Not Applicable,Not Applicable,State Highway,Bitumen(Tar),Not Applicable,Not Applicable,Fine,State HIghway,0,12km,0.0,0.0,0,0,0.0,0.0
Bengaluru Dist,Nelamangala Rural PS,1.04422e+16,2018,1,2,Road Accidents,Narrow road,Rural Areas,Near Petrol Pump,Human Error,Yes,Grievous Injury,Others,Not Applicable,Not Applicable,One way,Bitumen(Tar),Dry,Not Applicable,Fine,Rural  Road,0,0,0.0,0.0,0,0,0.0,0.0
Bengaluru Dist,Nelamangala Rural PS,1.04422e+16,2018,1,1,Road Accidents,Narrow road,Rural Areas,Open area,Human Error,No,Grievous Injury,Not Applicable,Not Applicable,Others,Village Road,Bitumen(Tar),Dry,Not Applicable,Fine,other,0,0,0.0,0.0,0,0,0.0,0.0
Bengaluru Dist,Nelamangala Rural PS,1.04422e+16,2018,1,1,Road Accidents,Other,Rural Areas,Near a factory industrial area,Human Error,No,Grievous Injury,Hit pedestrian,Not Applicable,Not Applicable,Others,Bitumen(Tar),Dry,Not Applicable,Fine,Rural  Road,0,0,0.0,0.0,0,0,0.0,0.0
Bengaluru Dist,Nelamangala Rural PS,1.04422e+16,2018,1,1,Road Accidents,Narrow road,Rural Areas,Near Bus stop,Human Error,No,Grievous Injury,Not Applicable,Not at  Junction,Not Applicable,Others,Bitumen(Tar),Dry,Not Applicable,Fine,other Road,0,0,0.0,0.0,0,0,0.0,0.0
Bengaluru Dist,Nelamangala Rural PS,1.04422e+16,2018,1,1,Road Accidents,Cross roads,Rural Areas,Open area,Not Applicable,No,Fatal,Side swipe,Not Applicable,Curve,Village Road,Bitumen(Tar),Not Applicable,Not Applicable,Clear,village Road,0,8 km,0.0,0.0,0,0,0.0,0.0
Bengaluru Dist,Nelamangala Rural PS,1.04422e+16,2018,1,2,Road Accidents,Narrow road,Rural Areas,Open area,Human Error,Yes,Grievous Injury,Rear end,Not Applicable,Others,State Highway,Bitumen(Tar),Dry,Not Applicable,Fine,SH 74,Ranganatah chikan center,50feet,0.0,0.0,0,0,0.0,0.0
Bengaluru Dist,Nelamangala Rural PS,1.04422e+16,2018,1,2,Road Accidents,Narrow road,Rural Areas,Open area,Human Error,No,Grievous Injury,Not Applicable,Not Applicable,Not Applicable,Others,Bitumen(Tar),Dry,Not Applicable,Fine,other Road,0,0,0.0,0.0,0,0,0.0,0.0
Bengaluru Dist,Nelamangala Rural PS,1.04422e+16,2018,1,1,Road Accidents,Narrow road,Rural Areas,Open area,Human Error,No,Grievous Injury,Hit pedestrian,Not at  Junction,Not Applicable,State Highway,Bitumen(Tar),Dry,Not Applicable,Fine,SH,Near Malaku cross,100,0.0,0.0,0,0,0.0,0.0
Bengaluru Dist,Nelamangala Rural PS,1.04422e+16,2018,1,1,Road Accidents,Narrow road,Rural Areas,Open area,Not Applicable,Yes,Not Applicable,Others,Not Applicable,Not Applicable,State Highway,Bitumen(Tar),Dry,Not Applicable,Fine,SH,Near Thimmegowda Home,0,0.0,0.0,0,0,0.0,0.0
Bengaluru Dist,Nelamangala Rural PS,1.04422e+16,2018,1,1,Road Accidents,Narrow road,Rural Areas,Open area,Human Error,Yes,Grievous Injury,Not Applicable,Not Applicable,Others,Major District Road,Bitumen(Tar),Dry,Not Applicable,Fine,Rural Road,0,0,0.0,0.0,0,0,0.0,0.0
Bengaluru Dist,Nelamangala Rural PS,1.04422e+16,2018,1,2,Road Accidents,Narrow road,Rural Areas,Near Petrol Pump,Human Error,No,Grievous Injury,Others,Not Applicable,Not Applicable,Others,Bitumen(Tar),Dry,Not Applicable,Fine,other road,Essar petroal bunk,3,0.0,0.0,0,0,0.0,0.0
Bengaluru Dist,Nelamangala Rural PS,1.04422e+16,2018,1,1,Road Accidents,Narrow road,Rural Areas,Near Bus stop,Human Error,No,Grievous Injury,Hit pedestrian,Not Applicable,Not Applicable,State Highway,Bitumen(Tar),Dry,Not Applicable,Fine,State Highway,Near bus stop,0,0.0,0.0,0,0,0.0,0.0
Bengaluru Dist,Nelamangala Rural PS,1.04422e+16,2018,1,1,Road Accidents,Narrow road,Rural Areas,Open area,Human Error,No,Grievous Injury,Side swipe,Not Applicable,Not Applicable,State Highway,Bitumen(Tar),Dry,Not Applicable,Fine,State Highway,0,0,0.0,0.0,0,0,0.0,0.0
Bengaluru Dist,Nelamangala Rural PS,1.04422e+16,2018,1,2,Road Accidents,Narrow road,Rural Areas,Near Bus stop,Human Error,No,Grievous Injury,Rear end,Not at  Junction,Not Applicable,State Highway,Bitumen(Tar),Dry,Not Applicable,Fine,State Highway,0,0,0.0,0.0,0,0,0.0,0.0
Bengaluru Dist,Nelamangala Rural PS,1.04422e+16,2018,1,1,Road Accidents,Narrow road,Rural Areas,Open area,Human Error,No,Grievous Injury,Skidding or Self accident,Not Applicable,Not Applicable,State Highway,Bitumen(Tar),Dry,Not Applicable,Fine,State Highway,0,0,0.0,0.0,0,0,0.0,0.0
Bengaluru Dist,Nelamangala Rural PS,1.04422e+16,2018,1,1,Road Accidents,Narrow road,Rural Areas,Open area,Human Error,No,Simple Injury,Side swipe,Not Applicable,Not Applicable,Others,Bitumen(Tar),Dry,Not Applicable,Fine,other,tarbotack factory,100met,0.0,0.0,0,0,0.0,0.0
Bengaluru Dist,Nelamangala Rural PS,1.04422e+16,2018,1,2,Road Accidents,T Junction,Rural Areas,Open area,Human Error,No,Grievous Injury,Rear end,No signal lights,Not Applicable,Village Road,Bitumen(Tar),Dry,Not Applicable,Fine,Rural  Road,0,0,0.0,0.0,0,0,0.0,0.0
Bengaluru Dist,Nelamangala Rural PS,1.04422e+16,2019,1,1,Road Accidents,Curves,Rural Areas,Open area,Human Error,No,Grievous Injury,Hit pedestrian,Not Applicable,Curve,Others,Bitumen(Tar),Dry,Not Applicable,Fine,other,0,0,13.068802,77.3623029,0,0,0.0,0.0
Bengaluru Dist,Nelamangala Rural PS,1.04422e+16,2019,1,1,Road Accidents,Narrow road,Rural Areas,Open area,Human Error,No,Grievous Injury,Hit pedestrian,Not at  Junction,Straight and flat,Minor District Road,Bitumen(Tar),Dry,No influence on accident,Clear,Nelamangal Banavadi road,elecrict poll,10,13.096523,77.324242,0,0,0.0,0.0
Bengaluru Dist,Nelamangala Rural PS,1.04422e+16,2019,1,1,Road Accidents,Narrow road,Rural Areas,Near Petrol Pump,Human Error,No,Grievous Injury,Hit pedestrian,Signals (Not working),Straight and flat,Minor District Road,Bitumen(Tar),Dry,No influence on accident,Fine,other,essar petrolbunk,100,13.071522,77.393955,0,0,0.0,0.0
Bengaluru Dist,Nelamangala Rural PS,1.04422e+16,2019,1,2,Road Accidents,Cross roads,Rural Areas,Residential area,Human Error,No,Grievous Injury,Vehicle to Vehicle,Not at  Junction,Curve,State Highway,Bitumen(Tar),Dry,No influence on accident,Clear,Nelamangala-Db Pura Road,Near Green City Leout,8 Km T,13.030425,77.349055,0,0,0.0,0.0
Bengaluru Dist,Nelamangala Rural PS,1.04422e+16,2019,1,2,Road Accidents,Narrow road,Rural Areas,Near Bus stop,Human Error,Yes,Grievous Injury,Vehicle to Vehicle,Not at  Junction,Others,State Highway,Bitumen(Tar),Dry,Not Applicable,Fine,SH 74,Hyadalu Bus stand,100mt,13.13967,77.410214,0,0,0.0,0.0
Bengaluru Dist,Nelamangala Rural PS,1.04422e+16,2019,1,2,Road Accidents,Narrow road,Rural Areas,Open area,Human Error,No,Fatal,Vehicle to Vehicle,Not Applicable,Not Applicable,Others,Bitumen(Tar),Dry,Not Applicable,Fine,other,Mussanje Hotel,20,13.121004,77.392837,0,0,0.0,0.0
Bengaluru Dist,Nelamangala Rural PS,1.04422e+16,2019,1,2,Road Accidents,Junction,Rural Areas,Open area,Human Error,Yes,Grievous Injury,Vehicle to Vehicle,No signal lights,Curve,State Highway,Bitumen(Tar),Dry,Not Applicable,Light Rain,sh,police chowki,15,13.148808,77.413137,0,0,0.0,0.0
Bengaluru Dist,Nelamangala Rural PS,1.04422e+16,2019,1,2,Road Accidents,Narrow road,Rural Areas,Near a factory industrial area,Human Error,Yes,Fatal,Vehicle to Vehicle,Not Applicable,Not Applicable,One way,Bitumen(Tar),Dry,Not Applicable,Others,Village Area,MBT Bricks Factory opp,8km,13.093375,77.3574409,0,0,0.0,0.0
Bengaluru Dist,Nelamangala Rural PS,1.04422e+16,2019,1,2,Road Accidents,Narrow road,Rural Areas,Near or inside a village,Human Error,No,Damage Only,Vehicle to Vehicle,Uncontrolled,Incline,State Highway,Bitumen(Tar),Dry,Drainage Ditch,Clear,Nelamangala-Db Pura Road,Near Railwey Station,12 KM,13.157777,77.411864,4,0,0.0,4.0
Bengaluru Dist,Nelamangala Rural PS,1.04422e+16,2019,1,2,Road Accidents,Narrow road,Rural Areas,Open area,Human Error,Yes,Grievous Injury,Vehicle to Vehicle,Give way sign,Straight and flat,Residential Street,Bitumen(Tar),Dry,No influence on accident,Fine,other,Tata  T gowdan,14 Km,13.165215,77.334015,0,0,0.0,0.0
Bengaluru Dist,Nelamangala Rural PS,1.04422e+16,2019,1,2,Road Accidents,Cross roads,Rural Areas,Open area,Human Error,No,Grievous Injury,Vehicle to Vehicle,Not at  Junction,Curve,Others,Bitumen(Tar),Dry,Not Applicable,Fine,other,0,0,13.148858,77.412363,0,0,0.0,0.0
Bengaluru Dist,Nelamangala Rural PS,1.04422e+16,2019,1,2,Road Accidents,Curves,Rural Areas,Open area,Human Error,No,Grievous Injury,Vehicle to Vehicle,Uncontrolled,Not Applicable,State Highway,Bitumen(Tar),Dry,Not Applicable,Clear,Nelamangala-Db Pura Road,Near Nagaraju House,14 Km,13.149434,77.4131149,0,0,0.0,0.0
Bengaluru Dist,Nelamangala Rural PS,1.04422e+16,2019,1,1,Road Accidents,Narrow road,Rural Areas,Open area,Vehicle Defect,Yes,Damage Only,Not Applicable,Not at  Junction,Straight and flat,Others,Bitumen(Tar),Dry,Not Applicable,Fine,Hurulihalli Road,Near Land,6 Km,13.116334,77.364298,0,0,0.0,0.0