DISTRICTNAME,UNITNAME,Crime_No,Year,RI,Noofvehicle_involved,Accident_Classification,Accident_Spot,Accident_Location,Accident_SubLocation,Main_Cause,Hit_Run,Severity,Collision_Type,Junction_Control,Road_Character,Road_Type,Surface_Type,Surface_Condition,Road_Condition,Weather,Accident_Road,Landmark_first,Distance_LandMark_First,Latitude,Longitude,Road_Condition_Score,Surface_Condition_Score,Surface_Type_Score,Road_Risk_Index
Bengaluru Dist,Nelamangala Rural PS,1.04422e+16,2019,1,1,Road Accidents,Narrow road,Rural Areas,Open area,Human Error,No,Grievous Injury,Hit pedestrian,Not Applicable,Others,Others,Bitumen(Tar),Dry,No influence on accident,Fine,other,Near shailendra House,150ft,13.147052,77.28671,0,0,0.0,0.0
Bengaluru Dist,Nelamangala Rural PS,1.04422e+16,2019,1,2,Road Accidents,Cross roads,Rural Areas,Near or inside a village,Human Error,Yes,Grievous Injury,Hit bicyclist,Signals (Not working),Curve,Minor District Road,Concrete,Dry,No influence on accident,Clear,Nelamangala-Soladevanhalli Road,Near Muninarasaiah Land,12 Km,13.12493,77.397774,0,0,0.0,0.0
Bengaluru Dist,Nelamangala Rural PS,1.04422e+16,2019,1,2,Road Accidents,Narrow road,Rural Areas,Open area,Human Error,No,Grievous Injury,Vehicle to Vehicle,No signal lights,Straight and flat,State Highway,Bitumen(Tar),Dry,No influence on accident,Cloudy,Nelamangala-Db Pura Road,Near Farm House,13 Km,13.158994,77.411992,0,0,0.0,0.0
Bengaluru Dist,Nelamangala Rural PS,1.04422e+16,2019,1,2,Road Accidents,Narrow road,Rural Areas,Near Bus stop,Human Error,No,Grievous Injury,Vehicle to Vehicle,Not at  Junction,Straight and flat,Minor District Road,Bitumen(Tar),Dry,Not Applicable,Fine,other,venkateswara store,50,13.072056,77.394004,0,0,0.0,0.0
Bengaluru Dist,Nelamangala Rural PS,1.04422e+16,2019,1,2,Road Accidents,Narrow road,Rural Areas,Open area,Human Error,Yes,Damage Only,Vehicle to Vehicle,Not at  Junction,Straight and flat,State Highway,Bitumen(Tar),Dry,Pot holed,Light Rain,Nelamangala-Db Pura Road,Moori,5,13.1681,77.412018,5,0,0.0,5.0
Bengaluru Dist,Nelamangala Rural PS,1.04422e+16,2019,1,1,Road Accidents,Narrow road,Rural Areas,Near a factory industrial area,Human Error,No,Grievous Injury,Hit bicyclist,Give way sign,Straight and flat,Minor District Road,Bitumen(Tar),Dry,No influence on accident,Light Rain,"Nelamangala-Banavadai Road,Near  Hanumathegowdana Palya",Near Bricks Factory,9 Km,13.095602,77.381274,0,0,0.0,0.0
Bengaluru Dist,Nelamangala Rural PS,1.04422e+16,2019,1,2,Road Accidents,Narrow road,Rural Areas,Open area,Human Error,No,Grievous Injury,Vehicle to Vehicle,Not at  Junction,Straight and flat,State Highway,Bitumen(Tar),Dry,Pot holed,Clear,Nelamangala-Db Pura Road,Near Farm House,16 Km,13.176561,77.2913839,5,0,0.0,5.0
Bengaluru Dist,Nelamangala Rural PS,1.04422e+16,2019,1,1,Road Accidents,Cross roads,Rural Areas,Narrow bridge or culverts,Human Error,No,Grievous Injury,Not Applicable,Not at  Junction,Curve,State Highway,Concrete,Dry,Not Applicable,Clear,Nelamangala-Db Pura Road,Gollahalli Railwe Bridge,12 Km,13.148228,77.411876,0,0,0.0,0.0
Bengaluru Dist,Nelamangala Rural PS,1.04422e+16,2019,1,2,Road Accidents,Narrow road,Rural Areas,Open area,Human Error,No,Fatal,Vehicle to Vehicle,Not Applicable,Not Applicable,One way,Bitumen(Tar),Not Applicable,Not Applicable,Clear,Rural Areas,0,9 km,13.182926,77.386007,0,0,0.0,0.0
Bengaluru Dist,Nelamangala Rural PS,1.04422e+16,2019,1,2,Road Accidents,Narrow road,Rural Areas,Open area,Human Error,Yes,Simple Injury,Vehicle to Vehicle,Not Applicable,Others,State Highway,Bitumen(Tar),Dry,No influence on accident,Fine,sh,Mailanahalli gate,20,13.148445,77.3390219,0,0,0.0,0.0
Bengaluru Dist,Nelamangala Rural PS,1.04422e+16,2019,1,2,Road Accidents,Other,Rural Areas,Open area,Human Error,No,Fatal,Not Applicable,Not Applicable,Not Applicable,Village Road,Bitumen(Tar),Not Applicable,Not Applicable,Clear,Nelamangala Doddaballapura Road,Near LG Wear house,8 KM N,13.017061,77.331476,0,0,0.0,0.0
Bengaluru Dist,Nelamangala Rural PS,1.04422e+16,2019,1,2,Road Accidents,Cross roads,Rural Areas,Open area,Human Error,No,Simple Injury,Vehicle to Vehicle,Give way sign,Curve,Others,Bitumen(Tar),Dry,Not Applicable,Clear,Thyamagondlu-T Beguru Road,Near Thimegowda  Gowdan Oppiset,18 Km,13.165725,77.334528,0,0,0.0,0.0
Bengaluru Dist,Nelamangala Rural PS,1.04422e+16,2019,1,1,Road Accidents,Curves,Rural Areas,Open area,Human Error,No,Grievous Injury,Not Applicable,No signal lights,Curve,Others,Bitumen(Tar),Flooded,Not Applicable,Fine,other,near Lakkaiah land,50,13.080986,77.35153,0,5,0.0,5.0
Bengaluru Dist,Nelamangala Rural PS,1.04422e+16,2019,1,2,Road Accidents,Narrow road,Rural Areas,Near or inside a village,Human Error,Yes,Grievous Injury,Vehicle to Vehicle,Not Applicable,Not Applicable,State Highway,Bitumen(Tar),Dry,Not Applicable,Fine,SH,Narayanappa store,50,13.13965,77.409824,0,0,0.0,0.0
Bengaluru Dist,Nelamangala Rural PS,1.04422e+16,2019,1,1,Road Accidents,Narrow road,Rural Areas,Near School or College,Human Error,No,Grievous Injury,Hit bicyclist,Give way sign,Curve,Minor District Road,Bitumen(Tar),Dry,No influence on accident,Fine,Rural,govt school,50m,13.10891,77.3128019,0,0,0.0,0.0
Bengaluru Dist,Nelamangala Rural PS,1.04422e+16,2019,1,2,Road Accidents,Junction,Rural Areas,Open area,Not Applicable,No,Damage Only,Vehicle to Vehicle,Uncontrolled,Others,Others,Bitumen(Tar),Dry,Not Applicable,Clear,"Nelamangala-Banavadai Road,Near",On West,8 Km,13.094802,77.376013,0,0,0.0,0.0
Bengaluru Dist,Nelamangala Rural PS,1.04422e+16,2019,1,2,Road Accidents,Narrow road,Rural Areas,Near School or College,Human Error,No,Grievous Injury,Vehicle to Vehicle,Stop sign,Straight and flat,Minor District Road,Bitumen(Tar),Dry,Pot holed,Fine,Rural,govt school,50 fee,13.065668,77.361599,5,0,0.0,5.0
Bengaluru Dist,Nelamangala Rural PS,1.04422e+16,2019,1,2,Road Accidents,Junction,Rural Areas,Near Bus stop,Human Error,No,Grievous Injury,Vehicle to Vehicle,Signals (Not working),Curve,State Highway,Concrete,Dry,No influence on accident,Fine,Nelamangala-Db Pura Road,Near Bus Stop,10 Km,13.13983,77.349975,0,0,0.0,0.0
Bengaluru Dist,Nelamangala Rural PS,1.04422e+16,2019,1,2,Road Accidents,Curves,Rural Areas,Open area,Human Error,No,Grievous Injury,Vehicle to Vehicle,Controlled,Curve,Others,Bitumen(Tar),Dry,No influence on accident,Fine,Other,guruvnahalli Gate,100,13.055684,77.358127,0,0,0.0,0.0
Bengaluru Dist,Nelamangala Rural PS,1.04422e+16,2019,1,2,Road Accidents,Narrow road,Rural Areas,Open area,Human Error,No,Simple Injury,Vehicle to Vehicle,Stop Sign,Curve and Incline,Others,Bitumen(Tar),Dry,Not Applicable,Fine,other,RBT,50ft,13.092568,77.345498,0,0,0.0,0.0
Bengaluru Dist,Nelamangala Rural PS,1.04422e+16,2019,1,2,Road Accidents,Narrow road,Rural Areas,Open area,Human Error,No,Grievous Injury,Vehicle to Vehicle,No signal lights,Straight and flat,State Highway,Bitumen(Tar),Dry,No influence on accident,Fine,SH,HASHNAGARA,0,13.166775,77.411499,0,0,0.0,0.0
Bengaluru Dist,Nelamangala Rural PS,1.04422e+16,2019,1,1,Road Accidents,Narrow road,Rural Areas,Open area,Human Error,No,Grievous Injury,Hit pedestrian,Not Applicable,Straight and flat,State Highway,Bitumen(Tar),Dry,Not Applicable,Flooding of Slipways/Rivulets,SH,sanvik enclve board,20,13.168051,77.412181,0,0,0.0,0.0
Bengaluru Dist,Nelamangala Rural PS,1.04422e+16,2019,1,2,Rail Road Accidents,Narrow road,Rural Areas,Near Petrol Pump,Human Error,No,Simple Injury,Vehicle to Vehicle,No signal lights,Others,Others,Bitumen(Tar),Dry,Not Applicable,Fine,other,chowdeswari petroal bunk,50,13.17035,77.328781,0,0,0.0,0.0
Bengaluru Dist,Nelamangala Rural PS,1.04422e+16,2019,1,2,Road Accidents,Narrow road,Rural Areas,Residential area,Human Error,No,Grievous Injury,Vehicle to Vehicle,Police / Manual,Straight and flat,Others,Bitumen(Tar),Dry,No influence on accident,Fine,other road,0,15,13.064019,77.319167,0,0,0.0,0.0
Bengaluru Dist,Nelamangala Rural PS,1.04422e+16,2019,1,2,Road Accidents,Narrow road,Rural Areas,Open area,Human Error,No,Grievous Injury,Vehicle to Vehicle,Signals (Not working),Straight and flat,Others,Bitumen(Tar),Dry,Not Applicable,Fine,other,paly house,30,13.131175,77.342013,0,0,0.0,0.0
Bengaluru Dist,Nelamangala Rural PS,1.04422e+16,2019,1,2,Road Accidents,Narrow road,Rural Areas,Open area,Human Error,No,Not Applicable,Vehicle to Vehicle,Not at  Junction,Others,NH,Bitumen(Tar),Others,Not Applicable,Fine,NH,U Turn,50,13.065884,77.356204,0,1,0.0,1.0
Bengaluru Dist,Nelamangala Rural PS,1.04422e+16,2019,1,3,Road Accidents,Curves,Rural Areas,Near Petrol Pump,Human Error,Yes,Simple Injury,Vehicle to Vehicle,Not at  Junction,Curve,One way,Bitumen(Tar),Dry,Not Applicable,Clear,Thyamagondlu-T Beguru Road,Near Bharatha Petrol Pump,15 Km,13.167576,77.33277,0,0,0.0,0.0
Bengaluru Dist,Nelamangala Rural PS,1.04422e+16,2019,1,2,Road Accidents,Narrow road,Rural Areas,Open area,Human Error,No,Grievous Injury,Vehicle to Vehicle,Not at  Junction,Straight and flat,State Highway,Bitumen(Tar),Dry,Not Applicable,Fine,SH,Near Mussanja dhaba,200,13.120682,77.392626,0,0,0.0,0.0
Bengaluru Dist,Nelamangala Rural PS,1.04422e+16,2020,1,1,Road Accidents,Curves,Rural Areas,Open area,Human Error,No,Grievous Injury,Not Applicable,No signal lights,Slight Curve,Others,Bitumen(Tar),Dry,Not Applicable,Fine,other,govindappa land,10feet,13.028695,77.339092,0,0,0.0,0.0
Bengaluru Dist,Nelamangala Rural PS,1.04422e+16,2020,1,1,Road Accidents,Narrow road,Rural Areas,Residential area,Human Error,Not Applicable,Fatal,Not Applicable,Not Applicable,Not Applicable,One way,Bitumen(Tar),Not Applicable,Not Applicable,Clear,Rural Areas,0,17 km,13.065969,77.319608,0,0,0.0,0.0
Bengaluru Dist,Nelamangala Rural PS,1.04422e+16,2020,1,1,Road Accidents,Junction,Rural Areas,Near School or College,Human Error,No,Grievous Injury,Hit pedestrian,No signal lights,Others,Others,Bitumen(Tar),Dry,Not Applicable,Fine,other,govt school,5feet,13.135179,77.36289,0,0,0.0,0.0
Bengaluru Dist,Nelamangala Rural PS,1.04422e+16,2020,1,2,Road Accidents,Not Applicable,Rural Areas,Near or inside a village,Human Error,Not Applicable,Fatal,Vehicle to Vehicle,Not Applicable,Not Applicable,Others,Bitumen(Tar),Not Applicable,Not Applicable,Others,Soldevanahalli road near karekal cross Nelamangala taluk,Near Narayana PU College,12 K.M,13.036059,77.390734,0,0,0.0,0.0
Bengaluru Dist,Nelamangala Rural PS,1.04422e+16,2020,1,2,Road Accidents,Narrow road,Rural Areas,Open area,Human Error,No,Grievous Injury,Vehicle to Vehicle,Not Applicable,Others,Others,Bitumen(Tar),Dry,Not Applicable,Fine,other,Near ankit vistha,40feet,13.059606,77.317386,0,0,0.0,0.0
Bengaluru Dist,Nelamangala Rural PS,1.04422e+16,2020,1,2,Road Accidents,Narrow road,Rural Areas,Open area,Human Error,No,Grievous Injury,Vehicle to Vehicle,Not Applicable,Not Applicable,Others,Bitumen(Tar),Dry,Not Applicable,Fine,other,tata tea gowdan,15,13.165352,77.33452,0,0,0.0,0.0
Bengaluru Dist,Nelamangala Rural PS,1.04422e+16,2020,1,2,Road Accidents,Narrow road,Rural Areas,Open area,Human Error,No,Grievous Injury,Vehicle to Vehicle,Not Applicable,Others,Others,Bitumen(Tar),Dry,Not Applicable,Fine,other,Umesh land,10feet,13.071964,77.397302,0,0,0.0,0.0
Bengaluru Dist,Nelamangala Rural PS,1.04422e+16,2020,1,1,Road Accidents,Offset,Rural Areas,Residential area,Human Error,No,Grievous Injury,Not Applicable,Not Applicable,Others,Others,Bitumen(Tar),Dry,Pot holed,Fine,other,Pepsi werehouse,30,13.119364,77.35237,5,0,0.0,5.0
Bengaluru Dist,Nelamangala Rural PS,1.04422e+16,2020,1,1,Road Accidents,Narrow road,Rural Areas,Near Bus stop,Human Error,Yes,Grievous Injury,Hit pedestrian,Not Applicable,Straight and flat,Others,Bitumen(Tar),Dry,Not Applicable,Fine,other,busstand,50feet,13.116657,77.3725699,0,0,0.0,0.0
Bengaluru Dist,Nelamangala Rural PS,1.04422e+16,2020,1,1,Road Accidents,Road hump or Rumble strips,Rural Areas,Near a factory industrial area,Human Error,Yes,Grievous Injury,Not Applicable,Uncontrolled,Hump,Others,Bitumen(Tar),Dry,Not Applicable,Fine,OTHER,NISARGA HOTEL,50FEET,13.120068,77.368515,0,0,0.0,0.0
Bengaluru Dist,Nelamangala Rural PS,1.04422e+16,2020,1,2,Road Accidents,Narrow road,Rural Areas,Open area,Human Error,No,Grievous Injury,Vehicle to Vehicle,Give way sign,Straight and flat,State Highway,Bitumen(Tar),Dry,Construction Work / Material,Fine,Nelamangala-Db Pura Road,Near jagadeesha Farm,17 Km,13.150812,77.411646,2,0,0.0,2.0
Bengaluru Dist,Nelamangala Rural PS,1.04422e+16,2020,1,3,Road Accidents,Narrow road,Rural Areas,Near a factory industrial area,Human Error,Yes,Grievous Injury,Vehicle to Vehicle,Not at  Junction,Sharp Curve,Others,Bitumen(Tar),Dry,Not Applicable,Fine,other,ace multyflx ltd,50mtr,13.153521,77.338159,0,0,0.0,0.0
Bengaluru Dist,Nelamangala Rural PS,1.04422e+16,2020,1,1,Road Accidents,Curves,Rural Areas,Open area,Human Error,No,Grievous Injury,Not Applicable,Not Applicable,Not Applicable,Others,Bitumen(Tar),Dry,Not Applicable,Fine,other,Geddalahalli cross,5,13.140009,77.3491219,0,0,0.0,0.0
Bengaluru Dist,Nelamangala Rural PS,1.04422e+16,2020,1,1,Road Accidents,Narrow road,Rural Areas,Open area,Human Error,Not Applicable,Fatal,Not Applicable,Not Applicable,Not Applicable,One way,Bitumen(Tar),Not Applicable,Not Applicable,Clear,Rural Areas,0,15 km,13.154147,77.292514,0,0,0.0,0.0
Bengaluru Dist,Nelamangala Rural PS,1.04422e+16,2020,1,2,Road Accidents,Narrow road,Rural Areas,Open area,Human Error,Yes,Simple Injury,Vehicle to Vehicle,Signals (Working),Straight and flat,One way,Bitumen(Tar),Dry,Not Applicable,Clear,Nelamangala-Thavarekere Road,Kalyana Mantappa,7 Km,13.072394,77.393982,0,0,0.0,0.0
Bengaluru Dist,Nelamangala Rural PS,1.04422e+16,2020,1,1,Road Accidents,Narrow road,Rural Areas,Near a factory industrial area,Human Error,Not Applicable,Fatal,Not Applicable,Not Applicable,Not Applicable,NH,Bitumen(Tar),Not Applicable,Not Applicable,Clear,Rural Areas,0,11,13.073922,77.360243,0,0,0.0,0.0
Bengaluru Dist,Nelamangala Rural PS,1.04422e+16,2020,1,2,Road Accidents,Narrow road,Rural Areas,Residential area,Human Error,Yes,Grievous Injury,Vehicle to Vehicle,Not at  Junction,Not Applicable,State Highway,Bitumen(Tar),Dry,Construction Work / Material,Fine,Sh,Hyadalu,50,13.139668,77.410483,2,0,0.0,2.0
Bengaluru Dist,Nelamangala Rural PS,1.04422e+16,2020,1,1,Road Accidents,Narrow road,Rural Areas,Near a factory industrial area,Human Error,Yes,Grievous Injury,Not Applicable,Not at  Junction,Straight and flat,Others,Bitumen(Tar),Others,Not Applicable,Clear,Boodihala-Kachanahalli Road,Near Susheela Farm,10 Km,13.156074,77.368049,0,1,0.0,1.0
Bengaluru Dist,Nelamangala Rural PS,1.04422e+16,2020,1,2,Road Accidents,Narrow road,Rural Areas,Near a factory industrial area,Human Error,No,Fatal,Vehicle to Vehicle,Not Applicable,Not Applicable,State Highway,Bitumen(Tar),Not Applicable,Not Applicable,Clear,State High way,0,9km,13.076711,77.347236,0,0,0.0,0.0
Bengaluru Dist,Nelamangala Rural PS,1.04422e+16,2020,1,2,Road Accidents,Narrow road,Rural Areas,Open area,Human Error,No,Grievous Injury,Vehicle to Vehicle,Not Applicable,Not Applicable,Others,Bitumen(Tar),Dry,Not Applicable,Fine,OTHER,0,0,13.080763,77.402709,0,0,0.0,0.0
Bengaluru Dist,Nelamangala Rural PS,1.04422e+16,2020,1,2,Road Accidents,Narrow road,Rural Areas,Open area,Human Error,No,Damage Only,Vehicle to Vehicle,Not Applicable,Others,One way,Bitumen(Tar),Dry,Not Applicable,Cloudy,Nelamangala-Thavarekere Road,Near Leout,7 Km,13.071956,77.393888,0,0,0.0,0.0
Bengaluru Dist,Nelamangala Rural PS,1.04422e+16,2020,1,1,Road Accidents,Offset,Rural Areas,Open area,Human Error,No,Grievous Injury,Not Applicable,Not Applicable,Not Applicable,Others,Bitumen(Tar),Dry,Not Applicable,Fine,other,land,land,13.05606,77.357952,0,0,0.0,0.0
Bengaluru Dist,Nelamangala Rural PS,1.04422e+16,2020,1,1,Road Accidents,Narrow road,Rural Areas,Open area,Human Error,No,Grievous Injury,Hit pedestrian,Signals (Not working),Straight and flat,Others,Bitumen(Tar),Dry,Not Applicable,Clear,Mylanahalli-narasimaiahna Palya Road,Near Land,9Km,13.137389,77.393452,0,0,0.0,0.0
Bengaluru Dist,Nelamangala Rural PS,1.04422e+16,2020,1,2,Road Accidents,Narrow road,Rural Areas,Near Bus stop,Human Error,No,Grievous Injury,Vehicle to Vehicle,No signal lights,Others,State Highway,Bitumen(Tar),Dry,Not Applicable,Fine,SH,BUS STAND,10,13.142443,77.330962,0,0,0.0,0.0
Bengaluru Dist,Nelamangala Rural PS,1.04422e+16,2020,1,1,Road Accidents,Narrow road,Rural Areas,Open area,Human Error,No,Grievous Injury,Not Applicable,Uncontrolled,Not Applicable,Major District Road,Bitumen(Tar),Dry,Not Applicable,Fine,MDR,MALLAPURA GATE,10FEET,13.072619,77.3933019,0,0,0.0,0.0
Bengaluru Dist,Nelamangala Rural PS,1.04422e+16,2020,1,1,Road Accidents,Road hump or Rumble strips,Rural Areas,Residential area,Human Error,No,Fatal,Not Applicable,Not at  Junction,Hump,Others,Bitumen(Tar),Dry,Not Applicable,Fine,other,Anganawadi near,10feet,13.135243,77.3629389,0,0,0.0,0.0
Bengaluru Dist,Nelamangala Rural PS,1.04422e+16,2020,1,2,Road Accidents,Narrow road,Rural Areas,Open area,Human Error,No,Grievous Injury,Vehicle to Vehicle,Not Applicable,Not Applicable,Others,Bitumen(Tar),Dry,Not Applicable,Fine,other Road,Chikkaramaiah land Near,0,13.174232,77.394953,0,0,0.0,0.0
Bengaluru Dist,Nelamangala Rural PS,1.04422e+16,2020,1,1,Road Accidents,Narrow road,Rural Areas,Open area,Human Error,No,Fatal,Hit pedestrian,Not Applicable,Not Applicable,State Highway,Bitumen(Tar),Dry,Not Applicable,Fine,sh74,Near Rajkumr gowdan,100,13.158211,77.412019,0,0,0.0,0.0
Bengaluru Dist,Nelamangala Rural PS,1.04422e+16,2020,1,1,Road Accidents,Offset,Rural Areas,Open area,Human Error,No,Grievous Injury,Not Applicable,Not Applicable,Not Applicable,Others,Bitumen(Tar),Wet,Not Applicable,Light Rain,other,Ganganagara cross,10,13.17619,77.289855,0,3,0.0,3.0
Bengaluru Dist,Nelamangala Rural PS,1.04422e+16,2020,1,2,Road Accidents,Narrow road,Rural Areas,Open area,Human Error,No,Grievous Injury,Vehicle to Vehicle,Not at  Junction,Straight and flat,Others,Bitumen(Tar),Dry,Not Applicable,Fine,other,Murthy land,40,13.039735,77.378846,0,0,0.0,0.0
Bengaluru Dist,Nelamangala Rural PS,1.04422e+16,2020,1,1,Road Accidents,Narrow road,Rural Areas,Near Hospital,Human Error,No,Grievous Injury,Hit pedestrian,Not Applicable,Others,Others,Bitumen(Tar),Dry,No influence on accident,Fine,Other,Nera Ramanarao Hospital,200,13.066252,77.319483,0,0,0.0,0.0
Bengaluru Dist,Nelamangala Rural PS,1.04422e+16,2020,1,2,Road Accidents,Narrow road,Rural Areas,Near Bus stop,Human Error,No,Grievous Injury,Vehicle to Vehicle,Not Applicable,Others,State Highway,Bitumen(Tar),Dry,Not Applicable,Fine,SH 74,Hydalu Thimmegowda Home near,20feet,13.139659,77.410254,0,0,0.0,0.0
Bengaluru Dist,Nelamangala Rural PS,1.04422e+16,2020,1,1,Road Accidents,Narrow road,Rural Areas,Open area,Human Error,No,Grievous Injury,Not Applicable,Not at  Junction,Others,Others,Bitumen(Tar),Dry,Not Applicable,Fine,other,Happay Home,50fet,13.053107,77.355831,0,0,0.0,0.0
Bengaluru Dist,Nelamangala Rural PS,1.04422e+16,2020,1,2,Road Accidents,Narrow road,Rural Areas,Open area,Human Error,No,Grievous Injury,Vehicle to Vehicle,Not Applicable,Others,Others,Bitumen(Tar),Dry,Not Applicable,Others,other,v3,100mt,13.142054,77.3643699,0,0,0.0,0.0
Bengaluru Dist,Nelamangala Rural PS,1.04422e+16,2020,1,1,Road Accidents,Narrow road,Rural Areas,Near School or College,Human Error,Yes,Grievous Injury,Hit pedestrian,Not Applicable,Others,Others,Bitumen(Tar),Dry,Not Applicable,Fine,other,BOI bank,50ft,13.152907,77.338115,0,0,0.0,0.0
Bengaluru Dist,Nelamangala Rural PS,1.04422e+16,2020,1,2,Road Accidents,Narrow road,Rural Areas,Open area,Human Error,No,Grievous Injury,Vehicle to Vehicle,Not Applicable,Not Applicable,State Highway,Bitumen(Tar),Dry,Not Applicable,Fine,state hayway,Mussanje Dhaba,100mt,13.121123,77.393178,0,0,0.0,0.0
Bengaluru Dist,Nelamangala Rural PS,1.04422e+16,2020,1,2,Road Accidents,Narrow road,Rural Areas,Open area,Human Error,No,Grievous Injury,Vehicle to Vehicle,Not Applicable,Not Applicable,State Highway,Bitumen(Tar),Dry,Not Applicable,Fine,SH 74,Near basavaraju House,25feet,13.14842,77.412044,0,0,0.0,0.0
Bengaluru Dist,Nelamangala Rural PS,1.04422e+16,2020,1,2,Road Accidents,Narrow road,Rural Areas,Residential area,Human Error,Yes,Simple Injury,Vehicle to Vehicle,Not at  Junction,Straight and flat,Others,Bitumen(Tar),Dry,Drainage Ditch,Fine,Thyamagondlu-T Beguru Road,Near House,17 Km,13.167003,77.333537,4,0,0.0,4.0
Bengaluru Dist,Nelamangala Rural PS,1.04422e+16,2020,1,1,Road Accidents,Narrow road,Rural Areas,Open area,Human Error,No,Fatal,Not Applicable,Not Applicable,Not Applicable,One way,Bitumen(Tar),Not Applicable,Not Applicable,Clear,Rural Areas,0,10 km,13.164347,77.386663,0,0,0.0,0.0
Bengaluru Dist,Nelamangala Rural PS,1.04422e+16,2020,1,2,Road Accidents,Narrow road,Rural Areas,Open area,Human Error,No,Grievous Injury,Vehicle to Vehicle,Not Applicable,Others,Others,Bitumen(Tar),Dry,Pot holed,Fine,OTHER,sumbramanyalay out,50,13.163994,77.386731,5,0,0.0,5.0
Bengaluru Dist,Nelamangala Rural PS,1.04422e+16,2020,1,1,Road Accidents,Narrow road,Rural Areas,Residential area,Human Error,Yes,Grievous Injury,Hit pedestrian,Not Applicable,Not Applicable,Others,Bitumen(Tar),Dry,Not Applicable,Fine,OTHER,lakshmana house,20,13.129296,77.400126,0,0,0.0,0.0
Bengaluru Dist,Nelamangala Rural PS,1.04422e+16,2020,1,2,Road Accidents,Narrow road,Rural Areas,Open area,Human Error,No,Grievous Injury,Vehicle to Vehicle,Not Applicable,Others,One way,Bitumen(Tar),Dry,Not Applicable,Fine,other,Nanjappa store near,20,13.160535,77.334595,0,0,0.0,0.0
Bengaluru Dist,Nelamangala Rural PS,1.04422e+16,2020,1,2,Road Accidents,Junction,Rural Areas,Near or inside a village,Human Error,Yes,Grievous Injury,Vehicle to Vehicle,Not Applicable,Straight and flat,Major District Road,Bitumen(Tar),Dry,Not Applicable,Fine,Thymagondalu T Begur Road,Keg And Peg Wines Opp,20,13.153592,77.3380609,0,0,0.0,0.0
Bengaluru Dist,Nelamangala Rural PS,1.04422e+16,2021,1,2,Road Accidents,Narrow road,Rural Areas,Near a factory industrial area,Human Error,No,Grievous Injury,Vehicle to Vehicle,Not at  Junction,Not Applicable,Others,Bitumen(Tar),Dry,Not Applicable,Fine,other,Nutrifeed factory,20,13.010825,77.353001,0,0,0.0,0.0
Bengaluru Dist,Nelamangala Rural PS,1.04422e+16,2021,1,1,Road Accidents,Narrow road,Rural Areas,Open area,Human Error,No,Fatal,Not Applicable,Not Applicable,Not Applicable,Major District Road,Bitumen(Tar),Others,Not Applicable,Others,Nelamangala - Doddaballapura Road,In front of  Prabhaware House,9 k.m,13.120845,77.392833,0,1,0.0,1.0
Bengaluru Dist,Nelamangala Rural PS,1.04422e+16,2021,1,1,Road Accidents,Narrow road,Rural Areas,Residential area,Human Error,Not Applicable,Fatal,Not Applicable,Not Applicable,Not Applicable,One way,Bitumen(Tar),Not Applicable,Not Applicable,Not Applicable,Rural Areas,0,12 km,13.077968,77.368255,0,0,0.0,0.0
Bengaluru Dist,Nelamangala Rural PS,1.04422e+16,2021,1,2,Road Accidents,Not Applicable,Rural Areas,Near Petrol Pump,Human Error,No,Grievous Injury,Vehicle to Vehicle,Not Applicable,Not Applicable,Not Applicable,Bitumen(Tar),Not Applicable,Not Applicable,Fine,0,SBT petroal bunk,0,13.135074,77.3620759,0,0,0.0,0.0
Bengaluru Dist,Nelamangala Rural PS,1.04422e+16,2021,1,1,Road Accidents,Narrow road,City/Town,Open area,Human Error,No,Grievous Injury,Hit pedestrian,Not Applicable,Not Applicable,Others,Bitumen(Tar),Dry,Not Applicable,Fine,other,gps institute of agricultural mangement,50,13.023597,77.348391,0,0,0.0,0.0
Bengaluru Dist,Nelamangala Rural PS,1.04422e+16,2021,1,1,Road Accidents,Not Applicable,Rural Areas,Residential area,Human Error,No,Grievous Injury,Not Applicable,Not Applicable,Dip or trough,State Highway,Gravel,Dry,Construction Work / Material,Fine,Nelamangala Doddaballapura Road,Near Byraweshwara Layout,8 KM,13.13405,77.405823,2,0,3.0,5.0
Bengaluru Dist,Nelamangala Rural PS,1.04422e+16,2021,1,1,Road Accidents,Circle,Rural Areas,Near Bus stop,Human Error,Yes,Grievous Injury,Not Applicable,Controlled,Others,Others,Surfaced,Dry,Not Applicable,Fine,Nelamangala Shivagange Road,Normal,12,13.110123,77.329202,0,0,,