DISTRICTNAME,UNITNAME,Crime_No,Year,RI,Noofvehicle_involved,Accident_Classification,Accident_Spot,Accident_Location,Accident_SubLocation,Main_Cause,Hit_Run,Severity,Collision_Type,Junction_Control,Road_Character,Road_Type,Surface_Type,Surface_Condition,Road_Condition,Weather,Accident_Road,Landmark_first,Distance_LandMark_First,Latitude,Longitude,Road_Condition_Score,Surface_Condition_Score,Surface_Type_Score,Road_Risk_Index
Bengaluru Dist,Nelamangala Rural PS,1.04422e+16,2021,1,2,Road Accidents,Narrow road,Rural Areas,Near a factory industrial area,Human Error,Yes,Grievous Injury,Vehicle to Vehicle,Not at  Junction,Not Applicable,Others,Bitumen(Tar),Dry,Not Applicable,Clear,Karekal Cross Gubekallamma Temple Road,Lanco Toll Behind,150 Ft,13.06408,77.356111,0,0,0.0,0.0
Bengaluru Dist,Nelamangala Rural PS,1.04422e+16,2021,1,1,Road Accidents,Narrow road,Rural Areas,Open area,Human Error,No,Grievous Injury,Hit pedestrian,Not Applicable,Not Applicable,Others,Bitumen(Tar),Dry,Not Applicable,Cloudy,other,Near taralabalu lay out,0,13.067085,77.322409,0,0,0.0,0.0
Bengaluru Dist,Nelamangala Rural PS,1.04422e+16,2021,1,1,Road Accidents,Narrow road,Rural Areas,Residential area,Human Error,Yes,Not Applicable,Hit animal,Not Applicable,Others,Others,Bitumen(Tar),Dry,Not Applicable,Fine,other,Bylappa home,50feet,13.118156,77.344735,0,0,0.0,0.0
Bengaluru Dist,Nelamangala Rural PS,1.04422e+16,2021,1,1,Road Accidents,Narrow road,Rural Areas,Open area,Human Error,No,Fatal,Not Applicable,Not Applicable,Not Applicable,Others,Bitumen(Tar),Dry,Not Applicable,Fine,other,Kumadwathi rever bridge,30ft,13.133418,77.317438,0,0,0.0,0.0
Bengaluru Dist,Nelamangala Rural PS,1.04422e+16,2021,1,1,Road Accidents,Cross roads,Rural Areas,Open area,Human Error,Yes,Grievous Injury,Hit pedestrian,Not Applicable,Not Applicable,One way,Bitumen(Tar),Dry,Not Applicable,Clear,Near Byranahalli cross,Byranahalli cross,20feet,13.155635,77.337699,0,0,0.0,0.0
Bengaluru Dist,Nelamangala Rural PS,1.04422e+16,2021,1,1,Road Accidents,Narrow road,Rural Areas,Residential area,Not Applicable,Yes,Grievous Injury,Hit pedestrian,Not Applicable,Not Applicable,Others,Surfaced,Others,Not Applicable,Fine,Budhihall Kacha Halli Road,Other Road,50 Mtr,0.0,0.0,0,1,,
Bengaluru Dist,Nelamangala Rural PS,1.04422e+16,2021,1,2,Road Accidents,Narrow road,Rural Areas,Near a factory industrial area,Human Error,No,Simple Injury,Hit bicyclist,Not Applicable,Not Applicable,Minor District Road,Bitumen(Tar),Dry,No influence on accident,Fine,tar road,plain,40,13.172743,77.325674,0,0,0.0,0.0
Bengaluru Dist,Nelamangala Rural PS,1.04422e+16,2021,1,2,Road Accidents,Junction,Rural Areas,Near or inside a village,Human Error,No,Grievous Injury,Vehicle to Vehicle,Uncontrolled,Straight and flat,Two way,Bitumen(Tar),Dry,Not Applicable,Clear,Nelamangala Shivagange Road,Near Rajanna House,20,13.090807,77.32244,0,0,0.0,0.0
Bengaluru Dist,Nelamangala Rural PS,1.04422e+16,2021,1,3,Road Accidents,Narrow road,Rural Areas,Near a factory industrial area,Human Error,Not Applicable,Grievous Injury,Vehicle to Vehicle,Not Applicable,Straight and flat,Two way,Bitumen(Tar),Dry,Not Applicable,Clear,Thymagondalu T Begur Road,Opp Indira Wearhouse,50 F,13.156076,77.337722,0,0,0.0,0.0
Bengaluru Dist,Nelamangala Rural PS,1.04422e+16,2021,1,2,Road Accidents,Junction,Rural Areas,Open area,Human Error,No,Damage Only,Vehicle to Vehicle,No signal lights,Curve,State Highway,Bitumen(Tar),Dry,Not Applicable,Fine,sh74,underapass,15fet,13.081535,77.372057,0,0,0.0,0.0
Bengaluru Dist,Nelamangala Rural PS,1.04422e+16,2021,1,2,Road Accidents,Narrow road,Rural Areas,Near Bus stop,Human Error,Yes,Grievous Injury,Vehicle to Vehicle,Not Applicable,Not Applicable,State Highway,Bitumen(Tar),Dry,Construction Work / Material,Fine,Sh 74,Muniyappa house,50feet,13.139864,77.410431,2,0,0.0,2.0
Bengaluru Dist,Nelamangala Rural PS,1.04422e+16,2021,1,1,Road Accidents,Cross roads,Rural Areas,Near or inside a village,Human Error,Yes,Fatal,Hit pedestrian,Uncontrolled,Others,Major District Road,Bitumen(Tar),Others,Not Applicable,Others,MDR,Obanayakanahalli crossing,7 k.m,13.095487,77.362502,0,1,0.0,1.0
Bengaluru Dist,Nelamangala Rural PS,1.04422e+16,2021,1,2,Road Accidents,Narrow road,Rural Areas,Open area,Human Error,Yes,Fatal,Vehicle to Vehicle,Not Applicable,Straight and flat,Others,Bitumen(Tar),Not Applicable,Not Applicable,Clear,Village Road,0,10km,13.10984,77.33527,0,0,0.0,0.0
Bengaluru Dist,Nelamangala Rural PS,1.04422e+16,2021,1,2,Road Accidents,Narrow road,Rural Areas,Open area,Human Error,No,Fatal,Vehicle to Vehicle,Not at  Junction,Not Applicable,State Highway,Bitumen(Tar),Others,Not Applicable,Others,State Highway,IN FRONT OF STORE,7 K.M,13.148262,77.338914,0,1,0.0,1.0
Bengaluru Dist,Nelamangala Rural PS,1.04422e+16,2021,1,1,Road Accidents,Narrow road,Rural Areas,Open area,Human Error,No,Grievous Injury,Vehicle to Vehicle,Not at  Junction,Straight and flat,State Highway,Bitumen(Tar),Dry,No influence on accident,Clear,Nelamangala-Db Pura Road,Near Hydala Lake,11 Km,13.138761,77.369636,0,0,0.0,0.0
Bengaluru Dist,Nelamangala Rural PS,1.04422e+16,2021,1,1,Road Accidents,Road hump or Rumble strips,Rural Areas,Open area,Human Error,No,Grievous Injury,Not Applicable,Not Applicable,Others,Others,Bitumen(Tar),Dry,Not Applicable,Fine,other,JANAVI ARKID,60FEET,13.066816,77.3203469,0,0,0.0,0.0
Bengaluru Dist,Nelamangala Rural PS,1.04422e+16,2021,1,1,Road Accidents,Narrow road,Rural Areas,Open area,Human Error,Yes,Simple Injury,Hit pedestrian,Controlled,Straight and flat,Others,Bitumen(Tar),Dry,Not Applicable,Fine,Hanchipura-Kodappanahalli Road,Near Puttaiahna land,13 Km,13.064715,77.373126,0,0,0.0,0.0
Bengaluru Dist,Nelamangala Rural PS,1.04422e+16,2021,1,1,Road Accidents,Circle,Rural Areas,Near Bus stop,Human Error,Not Applicable,Grievous Injury,Not Applicable,Not Applicable,Straight and flat,Two way,Bitumen(Tar),Dry,Construction Work / Material,Fine,Nelamangala Doddaballapura Road,Myalanahalli,12 KM,13.126349,77.39644,2,0,0.0,2.0
Bengaluru Dist,Nelamangala Rural PS,1.04422e+16,2021,1,1,Road Accidents,Not Applicable,Rural Areas,Residential area,Human Error,Not Applicable,Grievous Injury,Not Applicable,Not at  Junction,Hump,One way,Bitumen(Tar),Dry,Not Applicable,Fine,Thymagondalu T Begur Road,Near Minnapura  Cross,100  F,13.154094,77.338058,0,0,0.0,0.0
Bengaluru Dist,Nelamangala Rural PS,1.04422e+16,2021,1,2,Road Accidents,Junction,Rural Areas,Open area,Not Applicable,Yes,Simple Injury,Vehicle to Vehicle,No signal lights,Straight and flat,Two way,Bitumen(Tar),Dry,Not Applicable,Clear,Thymagondalu T Begur Road,Byranahalli Cross,50,13.1552,77.32807,0,0,0.0,0.0
Bengaluru Dist,Nelamangala Rural PS,1.04422e+16,2021,1,2,Road Accidents,Narrow road,Rural Areas,Near a religious place,Human Error,Yes,Grievous Injury,Vehicle to Vehicle,Not Applicable,Not Applicable,State Highway,Surfaced,Dry,Construction Work / Material,Fine,State Highway 74,Near Jai Santhoshi Matha Temple,30,13.157572,77.411854,2,0,,
Bengaluru Dist,Nelamangala Rural PS,1.04422e+16,2021,1,2,Road Accidents,Narrow road,Rural Areas,Near a factory industrial area,Human Error,Not Applicable,Grievous Injury,Vehicle to Vehicle,Not Applicable,Straight and flat,Two way,Bitumen(Tar),Dry,Not Applicable,Clear,Thymagondalu T Begur Road,VyBhava Print Pack,12 K M,13.153023,77.341718,0,0,0.0,0.0
Bengaluru Dist,Nelamangala Rural PS,1.04422e+16,2021,1,1,Road Accidents,Curves,Rural Areas,Near a factory industrial area,Not Applicable,No,Grievous Injury,Hit pedestrian,Not Applicable,Curve,Two way,Bitumen(Tar),Dry,Not Applicable,Clear,Thyamagondlu-T Beguru Road,S Band Technology Factory,2 KM,13.119389,77.353136,0,0,0.0,0.0
Bengaluru Dist,Nelamangala Rural PS,1.04422e+16,2021,1,1,Road Accidents,Narrow road,Rural Areas,Near a factory industrial area,Human Error,No,Fatal,Not Applicable,Not Applicable,Not Applicable,State Highway,Bitumen(Tar),Not Applicable,Not Applicable,Fine,State Highway,0,10km,13.128759,77.398936,0,0,0.0,0.0
Bengaluru Dist,Nelamangala Rural PS,1.04422e+16,2021,1,2,Road Accidents,Narrow road,Rural Areas,Near Hospital,Human Error,Yes,Grievous Injury,Vehicle to Vehicle,Not Applicable,Not Applicable,Not Applicable,Bitumen(Tar),Not Applicable,Not Applicable,Fine,"Jogipalya-Begur Road, Byrasandra",Byrasandra,15 Mtr,13.108959,77.329119,0,0,0.0,0.0
Bengaluru Dist,Nelamangala Rural PS,1.04422e+16,2021,1,1,Road Accidents,Narrow road,Rural Areas,Near Bus stop,Human Error,No,Damage Only,Not Applicable,Not Applicable,Others,NH,Bitumen(Tar),Dry,Not Applicable,Fine,NH75,Busstand,50feet,13.063648,77.347953,0,0,0.0,0.0
Bengaluru Dist,Nelamangala Rural PS,1.04422e+16,2021,1,1,Road Accidents,Not Applicable,Rural Areas,Near School or College,Human Error,No,Grievous Injury,Hit pedestrian,Not at  Junction,Others,Minor District Road,Bitumen(Tar),Dry,Not Applicable,Fine,Nelamangala Shivagange Road,Normal,2,13.00984,77.220999,0,0,0.0,0.0
Bengaluru Dist,Nelamangala Rural PS,1.04422e+16,2021,1,2,Road Accidents,Cross roads,Rural Areas,Open area,Human Error,Yes,Fatal,Vehicle to Vehicle,Not Applicable,Not Applicable,One way,Bitumen(Tar),Not Applicable,Not Applicable,Dust Storn,Rural Areas,0,12 km,13.066002,77.360893,0,0,0.0,0.0
Bengaluru Dist,Nelamangala Rural PS,1.04422e+16,2021,1,1,Road Accidents,Cross roads,Rural Areas,Open area,Human Error,No,Grievous Injury,Hit pedestrian,Uncontrolled,Curve,Others,Concrete,Dry,Drainage Ditch,Fine,Karekall Cross-Soldevanhalli Road,Near Gorinabele Cross,13 Km,13.044213,77.3528249,4,0,0.0,4.0
Bengaluru Dist,Nelamangala Rural PS,1.04422e+16,2021,1,2,Road Accidents,Curves,Rural Areas,Near a factory industrial area,Human Error,Yes,Grievous Injury,Vehicle to Vehicle,Uncontrolled,Curve,State Highway,Bitumen(Tar),Dry,Construction Work / Material,Clear,Nelamangala-Db Pura Road,Near Praba Wear House,9 Km,13.122263,77.393471,2,0,0.0,2.0
Bengaluru Dist,Nelamangala Rural PS,1.04422e+16,2021,1,1,Road Accidents,Narrow road,Rural Areas,Open area,Human Error,No,Damage Only,Not Applicable,Not Applicable,Not Applicable,Others,Bitumen(Tar),Dry,Not Applicable,Fine,other,Near mahalakshmi garments,100ft,13.117886,77.385161,0,0,0.0,0.0
Bengaluru Dist,Nelamangala Rural PS,1.04422e+16,2021,1,1,Road Accidents,Narrow road,Rural Areas,Open area,Human Error,Not Applicable,Fatal,Not Applicable,Not Applicable,Not Applicable,Major District Road,Bitumen(Tar),Others,No influence on accident,Others,Nelamangala - Soladevanahalli road,Village road,16 K.M,13.021675,77.348779,0,1,0.0,1.0
Bengaluru Dist,Nelamangala Rural PS,1.04422e+16,2021,1,2,Road Accidents,Curves,Rural Areas,Open area,Human Error,No,Grievous Injury,Vehicle to Vehicle,No signal lights,Curve,Others,Bitumen(Tar),Dry,Not Applicable,Fine,other,Rajashkaraiah land,20ft,13.140934,77.381118,0,0,0.0,0.0
Bengaluru Dist,Nelamangala Rural PS,1.04422e+16,2022,1,1,Road Accidents,Curves,Rural Areas,Residential area,Human Error,No,Fatal,Not Applicable,Uncontrolled,Curve,Residential Street,Bitumen(Tar),Dry,Not Applicable,Fine,shivagange  To Mahimapura Road,0,22 km,13.173098,77.298736,0,0,0.0,0.0
Bengaluru Dist,Nelamangala Rural PS,1.04422e+16,2022,1,2,Road Accidents,Not Applicable,Rural Areas,Near or inside a village,Human Error,No,Fatal,Vehicle to Vehicle,Not Applicable,Not Applicable,State Highway,Bitumen(Tar),Others,Construction Work / Material,Clear,Doddabalapura- Nelamangala road,Hyadal,8,0.0,0.0,2,1,0.0,3.0
Bengaluru Dist,Nelamangala Rural PS,1.04422e+16,2022,1,2,Road Accidents,Narrow road,Rural Areas,Open area,Human Error,Not Applicable,Simple Injury,Vehicle to Vehicle,Not Applicable,Incline,Others,Bitumen(Tar),Others,Not Applicable,Clear,Karekal Cross - Soladevanahalli Road,Karekal Cross  Soladevanahalli Road,5 Mtr,13.065523,77.359971,0,1,0.0,1.0
Bengaluru Dist,Nelamangala Rural PS,1.04422e+16,2022,1,2,Road Accidents,Narrow road,Rural Areas,Near Bus stop,Human Error,Yes,Grievous Injury,Vehicle to Vehicle,Not Applicable,Not Applicable,Minor District Road,Surfaced,Dry,Not Applicable,Clear,Sondekoppa Nelamangala Road,Near Bus stop,15 Mtr,13.076091,77.34877,0,0,,
Bengaluru Dist,Nelamangala Rural PS,1.04422e+16,2022,1,2,Road Accidents,Cross roads,Rural Areas,In bazaar,Not Applicable,No,Fatal,Hit pedestrian,No signal lights,Curve and Incline,Others,Concrete,Others,Not Applicable,Fine,Budihalla Gate,Budihalla Gate,10 km,13.122709,77.376288,0,1,0.0,1.0
Bengaluru Dist,Nelamangala Rural PS,1.04422e+16,2022,1,1,Road Accidents,Cross roads,Rural Areas,Near a factory industrial area,Human Error,No,Fatal,Not Applicable,Uncontrolled,Straight and flat,Minor District Road,Bitumen(Tar),Others,No influence on accident,Strong Wind,Kirloskar Factory turning near kachanahal;li baradi raod,Kirloskar factory kachanahalli,10 km,13.149901,77.366357,0,1,0.0,1.0
Bengaluru Dist,Nelamangala Rural PS,1.04422e+16,2022,1,2,Road Accidents,Not Applicable,Rural Areas,Open area,Human Error,No,Grievous Injury,Vehicle to Vehicle,Not at  Junction,Not Applicable,One way,Bitumen(Tar),Dry,Not Applicable,Clear,T beguru-Thymagondli road,Near Ravikumar building,50 fee,13.159243,77.3402579,0,0,0.0,0.0
Bengaluru Dist,Nelamangala Rural PS,1.04422e+16,2022,1,2,Road Accidents,Not Applicable,Rural Areas,Near Bus stop,Human Error,Yes,Simple Injury,Vehicle to Vehicle,Uncontrolled,Straight and flat,Minor District Road,Bitumen(Tar),Dry,No influence on accident,Clear,Doddaballapura Nelamangala Road,Near Bus Stop,8 km,0.0,0.0,0,0,0.0,0.0
Bengaluru Dist,Nelamangala Rural PS,1.04422e+16,2022,1,2,Road Accidents,Not Applicable,Rural Areas,Near a religious place,Human Error,Yes,Fatal,Vehicle to Vehicle,Uncontrolled,Straight and flat,Others,Bitumen(Tar),Dry,No influence on accident,Clear,OPPT SHREE PATTADAMMA TEMPLE,KULUVANAHALLI AREBOMMANAHALLI ROAD,15 KM,13.168277,77.299052,0,0,0.0,0.0
Bengaluru Dist,Nelamangala Rural PS,1.04422e+16,2022,1,2,Road Accidents,Not Applicable,Rural Areas,Open area,Human Error,Yes,Grievous Injury,Vehicle to Vehicle,Not Applicable,Not Applicable,One way,Bitumen(Tar),Dry,Not Applicable,Others,"Obanayakanahalli Road, Kasaba Hobali, Nelamangala Taluk",Kanlyanapura Estet Gate,8 Feet,13.092713,77.365372,0,0,0.0,0.0
Bengaluru Dist,Nelamangala Rural PS,1.04422e+16,2022,1,1,Road Accidents,Curves,Rural Areas,Residential area,Human Error,Not Applicable,Damage Only,Not Applicable,Uncontrolled,Curve and Incline,Major District Road,Bitumen(Tar),Ditch or Potholed,Pot holed,Clear,Nelamangala Doddaballapura Road,T G Palya Gollahalli Kudu Road,12 kms,13.166331,77.313022,5,5,0.0,10.0
Bengaluru Dist,Nelamangala Rural PS,1.04422e+16,2022,1,1,Road Accidents,Not Applicable,Rural Areas,Near or inside a village,Human Error,No,Grievous Injury,Not Applicable,Uncontrolled,Straight and flat,Others,Bitumen(Tar),Dry,No influence on accident,Clear,CHIKKANAYAKANATHANDYA HONNASANDRA ROAD,OPPT VEERANNA LAND,12 KM,13.040824,77.338268,0,0,0.0,0.0
Bengaluru Dist,Nelamangala Rural PS,1.04422e+16,2022,1,2,Road Accidents,Cross roads,Rural Areas,Open area,Human Error,No,Grievous Injury,Vehicle to Vehicle,Not at  Junction,Straight and flat,One way,Bitumen(Tar),Dry,Not Applicable,Clear,Yantaganahalli Road Cross Soladevanhalli Karekal Cross Road,North 20 Feet Distance Dinesh Land,30 F,13.062935,77.3452379,0,0,0.0,0.0
Bengaluru Dist,Nelamangala Rural PS,1.04422e+16,2022,1,2,Road Accidents,Cross roads,Rural Areas,Open area,Human Error,No,Simple Injury,Vehicle to Vehicle,Uncontrolled,Curve,Others,Bitumen(Tar),Not Applicable,Not Applicable,Clear,"Budihal Kachanahalli Road, Budihal",Budihal Kachanahalli Road,50feet,13.138921,77.363462,0,0,0.0,0.0
Bengaluru Dist,Nelamangala Rural PS,1.04422e+16,2022,1,2,Not Applicable,Not Applicable,Rural Areas,Near a factory industrial area,Human Error,No,Fatal,Vehicle to Vehicle,Uncontrolled,Others,Others,Concrete,Dry,Not Applicable,Others,"Ceva Logistics Budihal, Nelamangala Taluk",Ceva Logistics Nelamangala Taluk,10km,13.131634,77.359083,0,0,0.0,0.0
Bengaluru Dist,Nelamangala Rural PS,1.04422e+16,2022,1,1,Road Accidents,Not Applicable,Rural Areas,Near a factory industrial area,Human Error,No,Simple Injury,Not Applicable,Uncontrolled,Straight and flat,Not Applicable,Bitumen(Tar),Dry,No influence on accident,Clear,"Kachanahalli Mandigere road, Kasaba Hobli",Simotech company gate,15 km,13.156748,77.369327,0,0,0.0,0.0
Bengaluru Dist,Nelamangala Rural PS,1.04422e+16,2022,1,2,Road Accidents,Not Applicable,Rural Areas,Open area,Human Error,No,Simple Injury,Vehicle to Vehicle,Not Applicable,Not Applicable,One way,Bitumen(Tar),Dry,Not Applicable,Clear,Tumkuru- Bangalore NH 48 Road to Veerananjipura Road,Near Bommanahalli Forest,50,13.130601,77.368884,0,0,0.0,0.0
Bengaluru Dist,Nelamangala Rural PS,1.04422e+16,2022,1,2,Road Accidents,Narrow road,City/Town,Open area,Human Error,No,Grievous Injury,Hit bicyclist,Not Applicable,Others,State Highway,Bitumen(Tar),Not Applicable,Not Applicable,Clear,Hydalu,Near gollahalli railway bridge,8 kms,0.0,0.0,0,0,0.0,0.0
Bengaluru Dist,Nelamangala Rural PS,1.04422e+16,2022,1,2,Road Accidents,Curves,Rural Areas,Open area,Human Error,No,Grievous Injury,Vehicle to Vehicle,Uncontrolled,Curve,Others,Bitumen(Tar),Others,Not Applicable,Fine,"Torepalya - Yelachagere Road, Kasaba Hobli, Nelamangala Taluk",Hanumantharaju Land,12 ft,13.10424,77.34224,0,1,0.0,1.0
Bengaluru Dist,Nelamangala Rural PS,1.04422e+16,2022,1,1,Road Accidents,Narrow road,Rural Areas,Open area,Human Error,No,Simple Injury,Not Applicable,Uncontrolled,Others,Others,Bitumen(Tar),Others,No influence on accident,Others,"Kuluvanahalli-Sulkunte road, nelamangaal talukl",Manjunath Land,20,0.0,0.0,0,1,0.0,1.0
Bengaluru Dist,Nelamangala Rural PS,1.04422e+16,2022,1,1,Road Accidents,Not Applicable,Rural Areas,Open area,Human Error,No,Grievous Injury,Not Applicable,Uncontrolled,Others,One way,Bitumen(Tar),Wet,Pot holed,Light Rain,Yantaganahalli-Bhattarahalli Road,Eletrcity Pol,40,13.056081,77.346967,5,3,0.0,8.0
Bengaluru Dist,Nelamangala Rural PS,1.04422e+16,2022,1,2,Road Accidents,Cross roads,Rural Areas,Near or inside a village,Human Error,No,Simple Injury,Vehicle to Vehicle,Uncontrolled,Straight and flat,Minor District Road,Bitumen(Tar),Dry,No influence on accident,Clear,Anandanagara-govindapura road,Near Seena land Turning,20 km,13.138287,77.320512,0,0,0.0,0.0
Bengaluru Dist,Nelamangala Rural PS,1.04422e+16,2022,1,2,Road Accidents,Not Applicable,Rural Areas,Near a factory industrial area,Not Applicable,No,Grievous Injury,Vehicle to Vehicle,Not Applicable,Others,Others,Bitumen(Tar),Dry,Not Applicable,Others,Nelamangal Shivagange Road,Near Argyanic Factory,06 km,13.147646,77.4184119,0,0,0.0,0.0
Bengaluru Dist,Nelamangala Rural PS,1.04422e+16,2022,1,2,Road Accidents,Narrow road,Rural Areas,Near or inside a village,Human Error,No,Grievous Injury,Vehicle to Vehicle,Not at  Junction,Straight and flat,Two way,Bitumen(Tar),Dry,Not Applicable,Clear,Hesaraghtta Gollahalli Road,Balaji Naidu Land Near,40 Fee,13.131926,77.359211,0,0,0.0,0.0
Bengaluru Dist,Nelamangala Rural PS,1.04422e+16,2022,1,1,Road Accidents,Narrow road,Rural Areas,Open area,Human Error,No,Grievous Injury,Not Applicable,Not at  Junction,Straight and flat,State Highway,Bitumen(Tar),Not Applicable,Not Applicable,Clear,State Highway,Near BPCL pertol bunk,80feet,13.157736,77.339653,0,0,0.0,0.0
Bengaluru Dist,Nelamangala Rural PS,1.04422e+16,2022,1,1,Road Accidents,Curves,Rural Areas,Open area,Human Error,Yes,Grievous Injury,Hit pedestrian,Not Applicable,Curve,Others,Bitumen(Tar),Dry,Not Applicable,Fine,Other Road,Nandagokul Nagara Cross,0.5,13.060309,77.317518,0,0,0.0,0.0
Bengaluru Dist,Nelamangala Rural PS,1.04422e+16,2022,1,2,Road Accidents,Narrow road,Rural Areas,Open area,Human Error,Yes,Grievous Injury,Vehicle to Vehicle,Not Applicable,Straight and flat,One way,Bitumen(Tar),Dry,Not Applicable,Clear,T Begur Thymagondalu Road Jakkanahalli Cross SBS Gowdan Gate  Front,Near Jakkanahalli Cross,100 F,13.166227,77.335194,0,0,0.0,0.0
Bengaluru Dist,Nelamangala Rural PS,1.04422e+16,2022,1,1,Road Accidents,Cross roads,Rural Areas,Residential area,Human Error,No,Grievous Injury,Hit pedestrian,Not Applicable,Others,Others,Gravel,Muddy,Not Applicable,Clear,"Near G.K. Layout, Road, Nelamangala Kunigel NH 75 Road To Soladevanahlalli Road",Near G K Layout,20,13.067047,77.355397,0,4,3.0,7.0
Bengaluru Dist,Nelamangala Rural PS,1.04422e+16,2022,1,2,Road Accidents,Not Applicable,Rural Areas,Open area,Human Error,Yes,Simple Injury,Vehicle to Vehicle,Uncontrolled,Straight and flat,State Highway,Bitumen(Tar),Dry,No influence on accident,Clear,Doddaballapura Nelamangala Road,formouse,13 km,13.168541,77.412092,0,0,0.0,0.0
Bengaluru Dist,Nelamangala Rural PS,1.04422e+16,2023,1,2,Road Accidents,Narrow road,Rural Areas,Open area,Human Error,No,Simple Injury,Vehicle to Vehicle,Not Applicable,Straight and flat,Minor District Road,Bitumen(Tar),Dry,No influence on accident,Clear,Hosapalya Gate. Nelamangala-Doddaballapura Road,Near Hosapalya Gate,30 Mt,13.095622,77.326815,0,0,0.0,0.0
Bengaluru Dist,Nelamangala Rural PS,1.04422e+16,2023,1,1,Road Accidents,Cross roads,Rural Areas,Residential area,Human Error,Not Applicable,Fatal,Vehicle to Vehicle,Not Applicable,Curve,Others,Gravel,Dry,Not Applicable,Clear,Village Road,Vajrakatte palya Road,2 km,13.160657,77.382936,0,0,3.0,3.0
Bengaluru Dist,Nelamangala Rural PS,1.04422e+16,2023,1,2,Road Accidents,Narrow road,Rural Areas,Near or inside a village,Human Error,Yes,Simple Injury,Vehicle to Vehicle,Uncontrolled,Straight and flat,Minor District Road,Bitumen(Tar),Others,No influence on accident,Very Cold,Nelamangala- Shivagange road,Ashok Land,9km,13.09485,77.338076,0,1,0.0,1.0
Bengaluru Dist,Nelamangala Rural PS,1.04422e+16,2023,1,1,Road Accidents,Road hump or Rumble strips,Rural Areas,Open area,Human Error,Yes,Simple Injury,Not Applicable,No signal lights,Straight and flat,Others,Bitumen(Tar),Dry,Not Applicable,Mist or Fog,Nelamangala-Shivagange road kempalinganahalli village,Kempalingalanahalli Bustand,10 km,0.0,0.0,0,0,0.0,0.0
Bengaluru Dist,Nelamangala Rural PS,1.04422e+16,2023,1,2,Not Applicable,Narrow road,Rural Areas,Open area,Not Applicable,No,Fatal,Vehicle to Vehicle,Not Applicable,Others,Others,Not Applicable,Dry,Not Applicable,Clear,Soladevanahalli road,Soladevanahalli village,15 kms,13.019538,77.3508049,0,0,0.0,0.0
Bengaluru Dist,Nelamangala Rural PS,1.04422e+16,2023,1,2,Road Accidents,Not Applicable,Rural Areas,Near a factory industrial area,Human Error,No,Simple Injury,Vehicle to Vehicle,Stop sign,Straight and flat,Major District Road,Bitumen(Tar),Dry,No influence on accident,Clear,Dharmanayakanathandya- Avalakuppe road,Near GAS Factory,18 km,13.011671,77.335525,0,0,0.0,0.0
Bengaluru Dist,Nelamangala Rural PS,1.04422e+16,2023,1,1,Road Accidents,Not Applicable,Rural Areas,Open area,Human Error,No,Simple Injury,Hit pedestrian,Uncontrolled,Straight and flat,Others,Bitumen(Tar),Others,Pot holed,Others,"Nelamangala-Shivagange Road, Near Devangamata",Near Devanagamata,8,13.092365,77.366782,5,1,0.0,6.0
Bengaluru Dist,Nelamangala Rural PS,1.04422e+16,2023,1,2,Road Accidents,Narrow road,Rural Areas,Open area,Human Error,No,Simple Injury,Vehicle to Vehicle,Uncontrolled,Straight and flat,Major District Road,Bitumen(Tar),Others,No influence on accident,Fog / Mist,Railwa Gollahalli TO Nelamangala Road. Railway Gollahalli Village,Near Railway gollahalli VillageRaillwa Flattform,8 km,13.146903,77.416673,0,1,0.0,1.0
Bengaluru Dist,Nelamangala Rural PS,1.04422e+16,2023,1,1,Road Accidents,Road hump or Rumble strips,Rural Areas,Near a factory industrial area,Human Error,No,Fatal,Hit pedestrian,Not Applicable,Others,One way,Not Applicable,Dry,Not Applicable,Others,Nelamangala-Shivagange Road,Obbanayakanahalli,7km,13.092531,77.360749,0,0,0.0,0.0
Bengaluru Dist,Nelamangala Rural PS,1.04422e+16,2023,1,2,Road Accidents,Cross roads,Rural Areas,Near a factory industrial area,Human Error,No,Simple Injury,Vehicle to Vehicle,Uncontrolled,Straight and flat,Minor District Road,Bitumen(Tar),Dry,No influence on accident,Clear,Karekallu crs,Near Reliance Factory,8 Km,13.07159,77.367153,0,0,0.0,0.0
Bengaluru Dist,Nelamangala Rural PS,1.04422e+16,2023,1,1,Road Accidents,Cross roads,Rural Areas,Open area,Human Error,No,Simple Injury,Hit pedestrian,Uncontrolled,Others,Two way,Bitumen(Tar),Others,Not Applicable,Fog / Mist,Nelamangala- Shivagange road,Usha gowden,8 km,13.093111,77.356916,0,1,0.0,1.0