DISTRICTNAME,UNITNAME,Crime_No,Year,RI,Noofvehicle_involved,Accident_Classification,Accident_Spot,Accident_Location,Accident_SubLocation,Main_Cause,Hit_Run,Severity,Collision_Type,Junction_Control,Road_Character,Road_Type,Surface_Type,Surface_Condition,Road_Condition,Weather,Accident_Road,Landmark_first,Distance_LandMark_First,Latitude,Longitude,Road_Condition_Score,Surface_Condition_Score,Surface_Type_Score,Road_Risk_Index
Bengaluru Dist,Nelamangala Rural PS,1.04422e+16,2023,1,2,Road Accidents,Narrow road,Rural Areas,Open area,Human Error,No,Not Applicable,Vehicle to Vehicle,Not at  Junction,Not Applicable,Two way,Surfaced,Dry,Not Applicable,Clear,Soladevahalli road,Gorinabele,15 kms,0.0,0.0,0,0,,
Bengaluru Dist,Nelamangala Rural PS,1.04422e+16,2023,1,2,Road Accidents,Curves,Rural Areas,Near School or College,Not Applicable,No,Simple Injury,Vehicle to Vehicle,Not Applicable,Curve,Others,Not Applicable,Dry,Not Applicable,Fine,T Begooru to Thyamagondlu Road,Near Hosuru Village,8,0.0,0.0,0,0,0.0,0.0
Bengaluru Dist,Nelamangala Rural PS,1.04422e+16,2023,1,1,Road Accidents,Narrow road,Rural Areas,Open area,Human Error,No,Simple Injury,Not Applicable,Uncontrolled,Others,State Highway,Not Applicable,Muddy,No influence on accident,Fog / Mist,nelamangala-doddaballapura road. Mylanahalli village,Near Hydalu Vilage,8 km,13.142549,77.411672,0,4,0.0,4.0
Bengaluru Dist,Nelamangala Rural PS,1.04422e+16,2023,1,1,Road Accidents,Narrow road,Rural Areas,Open area,Human Error,No,Fatal,Not Applicable,Uncontrolled,Others,Major District Road,Bitumen(Tar),Others,No influence on accident,Clear,Nelamangala-Byrasandra Road,Gangabylappa Land,5 km,13.116084,77.341081,0,1,0.0,1.0
Bengaluru Dist,Nelamangala Rural PS,1.04422e+16,2023,1,2,Road Accidents,Narrow road,Rural Areas,Open area,Human Error,No,Grievous Injury,Vehicle to Vehicle,Not at  Junction,Straight and flat,Minor District Road,Bitumen(Tar),Dry,No influence on accident,Clear,Soladevanahalli Yantaganahalli Road,Soladevanahalli Cross,15 Km,12.996133,77.32847,0,0,0.0,0.0
Bengaluru Dist,Nelamangala Rural PS,1.04422e+16,2023,1,2,Road Accidents,Cross roads,Rural Areas,Near Bus stop,Human Error,No,Fatal,Not Applicable,Not Applicable,Curve,Others,Gravel,Others,Drainage Ditch,Others,Hyadalu,Hyadalu,5,13.12279,77.393729,4,1,3.0,8.0
Bengaluru Dist,Nelamangala Rural PS,1.04422e+16,2023,1,2,Road Accidents,Not Applicable,Rural Areas,Open area,Human Error,No,Simple Injury,Vehicle to Vehicle,Uncontrolled,Straight and flat,Minor District Road,Bitumen(Tar),Others,No influence on accident,Others,Nelamangala- Shivagange road,Trans Energy Company,5km,13.093142,77.371718,0,1,0.0,1.0
Bengaluru Dist,Nelamangala Rural PS,1.04422e+16,2023,1,1,Road Accidents,Not Applicable,Rural Areas,Near Petrol Pump,Human Error,No,Fatal,Hit pedestrian,Not Applicable,Others,One way,Bitumen(Tar),Dry,Not Applicable,Fine,doddballapura nelamangala road,Near petrol pump,5,13.120159,77.392195,0,0,0.0,0.0
Bengaluru Dist,Nelamangala Rural PS,1.04422e+16,2023,1,2,Not Applicable,Cross roads,Rural Areas,Open area,Human Error,No,Simple Injury,Vehicle to Vehicle,Uncontrolled,Others,Minor District Road,Bitumen(Tar),Dry,No influence on accident,Fog / Mist,Sulkunte-Arebommanahalli Road,Kempapura Agrahara Cross,12 Km,13.152122,77.291559,0,0,0.0,0.0
Bengaluru Dist,Nelamangala Rural PS,1.04422e+16,2023,1,2,Road Accidents,Cross roads,Rural Areas,Open area,Human Error,Yes,Simple Injury,Vehicle to Vehicle,Uncontrolled,Straight and flat,Minor District Road,Bitumen(Tar),Dry,No influence on accident,Clear,Nelamangala Tavarekere Road,Maruthi Developers Office,10 Km,13.043792,77.382254,0,0,0.0,0.0
Bengaluru Dist,Nelamangala Rural PS,1.04422e+16,2023,1,2,Road Accidents,Cross roads,Rural Areas,Near Bus stop,Human Error,No,Fatal,Hit bicyclist,Controlled,Others,State Highway,Surfaced,Others,Not Applicable,Cloudy,Nelamangala Doddaballapura road,Mailanahalli gate,05 kms,0.0,0.0,0,1,,
Bengaluru Dist,Nelamangala Rural PS,1.04422e+16,2023,1,2,Road Accidents,Offset,Rural Areas,Open area,Human Error,Yes,Not Applicable,Vehicle to Vehicle,Not Applicable,Others,Others,Bitumen(Tar),Others,Not Applicable,Clear,Ankita resart,Ankita resart,12 km,13.060303,77.313861,0,1,0.0,1.0
Bengaluru Dist,Nelamangala Rural PS,1.04422e+16,2023,1,1,Road Accidents,Not Applicable,Rural Areas,Near Bus stop,Human Error,Yes,Simple Injury,Hit pedestrian,Uncontrolled,Others,One way,Bitumen(Tar),Others,No influence on accident,Others,Mandigere- Budihal road,Kari thimmiah traders shoep,10 km,13.018781,77.327967,0,1,0.0,1.0
Bengaluru Dist,Nelamangala Rural PS,1.04422e+16,2023,1,2,Road Accidents,Not Applicable,Rural Areas,Open area,Human Error,No,Simple Injury,Vehicle to Vehicle,Uncontrolled,Others,Sub Arterial,Bitumen(Tar),Dry,No influence on accident,Others,Shivagange- nelamangala road,Silkboard factory,8 km,0.0,0.0,0,0,0.0,0.0
Bengaluru Dist,Nelamangala Rural PS,1.04422e+16,2023,1,1,Road Accidents,Not Applicable,Rural Areas,Open area,Human Error,No,Simple Injury,Not Applicable,Uncontrolled,Straight and flat,Minor District Road,Bitumen(Tar),Others,No influence on accident,Others,Islampura- Kanegowdanahalli Road,Bhaskar RedDY Flower Formouse,4 km,13.128302,77.383211,0,1,0.0,1.0
Bengaluru Dist,Nelamangala Rural PS,1.04422e+16,2023,1,1,Not Applicable,Not Applicable,Rural Areas,Near Petrol Pump,Not Applicable,No,Fatal,Not Applicable,Not Applicable,Others,Major District Road,Not Applicable,Others,Not Applicable,Others,Nelamangala-Sondekoppa Road,Near Indian petrol Bunk,6 km,13.087867,77.393623,0,1,0.0,1.0
Bengaluru Dist,Nelamangala Rural PS,1.04422e+16,2023,1,2,Road Accidents,Not Applicable,Rural Areas,Open area,Human Error,Yes,Simple Injury,Vehicle to Vehicle,Not at  Junction,Others,Minor District Road,Bitumen(Tar),Others,No influence on accident,Clear,Nelamangala-Tavarekere Road. Mantanakurchi cross,Mantanakurcho Cross,13 km,13.042232,77.382752,0,1,0.0,1.0
Bengaluru Dist,Nelamangala Rural PS,1.04422e+16,2023,1,2,Road Accidents,Offset,Rural Areas,Open area,Human Error,Yes,Simple Injury,Vehicle to Vehicle,Uncontrolled,Others,Others,Bitumen(Tar),Dry,No influence on accident,Fine,Thonachikuppra- Geddalahallli raod,Suresh Formose,4 km,0.0,0.0,0,0,0.0,0.0
Bengaluru Dist,Nelamangala Rural PS,1.04422e+16,2023,1,2,Not Applicable,Offset,Rural Areas,Near a factory industrial area,Human Error,No,Simple Injury,Not Applicable,Uncontrolled,Others,Others,Not Applicable,Muddy,No influence on accident,Fine,Saj food and gathi Koriyar gowden Parking Place. Budihal Village,Gathi Goden,4 km,13.132565,77.358142,0,4,0.0,4.0
Bengaluru Dist,Nelamangala Rural PS,1.04422e+16,2023,1,2,Road Accidents,Not Applicable,Rural Areas,Near a factory industrial area,Human Error,No,Simple Injury,Vehicle to Vehicle,Uncontrolled,Others,Minor District Road,Bitumen(Tar),Others,No influence on accident,Heavy Rain,T Begooru to Thyamagondlu Road,Dilevary Gowden,8 km,13.166381,77.33891,0,1,0.0,1.0
Bengaluru Dist,Nelamangala Rural PS,1.04422e+16,2023,1,2,Not Applicable,Not Applicable,Rural Areas,Near Petrol Pump,Human Error,No,Damage Only,Vehicle to Vehicle,Uncontrolled,Not Applicable,NH,Bitumen(Tar),Others,No influence on accident,Fine,HP Petrol Bunk. Thippagondanahalli Village,Hp Petro Pump,10 km,13.162591,77.320231,0,1,0.0,1.0
Bengaluru Dist,Nelamangala Rural PS,1.04422e+16,2023,1,2,Road Accidents,Junction,Rural Areas,Near Bus stop,Human Error,Yes,Simple Injury,Vehicle to Vehicle,Stop Sign,Others,State Highway,Bitumen(Tar),Dry,No influence on accident,Clear,nelamangala-doddaballapura road. Mylanahalli village,Mylanahalli village,8 km,13.12742,77.39856,0,0,0.0,0.0
Bengaluru Dist,Nelamangala Rural PS,1.04422e+16,2023,1,2,Not Applicable,Not Applicable,Rural Areas,Open area,Not Applicable,No,Simple Injury,Vehicle to Vehicle,Not Applicable,Others,Others,Bitumen(Tar),Dry,Not Applicable,Fine,Avalakuppe to Maimanahalli Village Road,Avalakuppe village Kriyappa Land,10 Km,0.0,0.0,0,0,0.0,0.0
Bengaluru Dist,Nelamangala Town PS,1.0442e+16,2016,1,2,Road Accidents,Cross roads,City/Town,Residential area,Human Error,No,Fatal,Hit bicyclist,Not Applicable,Not Applicable,Service Road,Bitumen(Tar),Dry,Not Applicable,Fine,NH04 SERVICE ROAD,BHARATA ROUPING SALUTION,1 KM,0.0,0.0,0,0,0.0,0.0
Bengaluru Dist,Nelamangala Town PS,1.0442e+16,2016,1,3,Road Accidents,Cross roads,City/Town,Open area,Human Error,No,Grievous Injury,Others,Not Applicable,Others,City or Town Road,Bitumen(Tar),Dry,Not Applicable,Fine,"NH04 EXPRESS HIGHWAY TO NH04 SERVICE ROAD LINK ROAD,",KSRTC DEPO NEAR,3KM,0.0,0.0,0,0,0.0,0.0
Bengaluru Dist,Nelamangala Town PS,1.0442e+16,2016,1,22,Road Accidents,Other,City/Town,Near Hospital,Human Error,No,Grievous Injury,Hit parked vehicle,Not Applicable,Others,City or Town Road,Bitumen(Tar),Dry,Not Applicable,Fine,B.H.ROAD,TALUKU OFFICE,1/2 KM,0.0,0.0,0,0,0.0,0.0
Bengaluru Dist,Nelamangala Town PS,1.0442e+16,2016,1,1,Road Accidents,Cross roads,City/Town,Open area,Human Error,Yes,Fatal,Hit and Run,Not Applicable,Curve,NH,Bitumen(Tar),Dry,Drainage Ditch,Fine,Bangaluru Tumakuru NH4 Express Road Nelamangala town,Bangaluru Tumakuru NH4 Express Road Nelamangala town,1.35 k,0.0,0.0,4,0,0.0,4.0
Bengaluru Dist,Nelamangala Town PS,1.0442e+16,2016,1,1,Road Accidents,Curves,City/Town,Near Petrol Pump,Human Error,Not Applicable,Grievous Injury,Hit pedestrian,Not Applicable,Others,Service Road,Bitumen(Tar),Dry,Not Applicable,Others,NEAR SATHISH LODGE,NEAR SATHISH LODGE,2 KM,0.0,0.0,0,0,0.0,0.0
Bengaluru Dist,Nelamangala Town PS,1.0442e+16,2016,1,2,Road Accidents,Circle,City/Town,Open area,Human Error,Yes,Simple Injury,Hit and Run,Not Applicable,Curve,City or Town Road,Bitumen(Tar),Dry,Drainage Ditch,Fine,Bangaluru Tumakuru NH4 Express High Way Servies Road  Prasannjaneyatempal Nelamngala Town,Bangaluru Tumakuru NH4 Express High Way Servies Road  Prasannjaneyatempal Nelamngala Town,4Kms,0.0,0.0,4,0,0.0,4.0
Bengaluru Dist,Nelamangala Town PS,1.0442e+16,2016,1,1,Road Accidents,Circle,City/Town,Near Bus stop,Human Error,Not Applicable,Simple Injury,Hit and Run,Not Applicable,Curve,City or Town Road,Bitumen(Tar),Dry,Not Applicable,Very Hot,KUNIGAL CIRCLE,NELAMANGALA,3,0.0,0.0,0,0,0.0,0.0
Bengaluru Dist,Nelamangala Town PS,1.0442e+16,2016,1,2,Road Accidents,Cross roads,City/Town,Residential area,Human Error,No,Grievous Injury,Hit bicyclist,Not Applicable,Others,City or Town Road,Bitumen(Tar),Dry,Not Applicable,Fine,B.H.ROAD,TB STOP,1 KMS,0.0,0.0,0,0,0.0,0.0
Bengaluru Dist,Nelamangala Town PS,1.0442e+16,2016,1,2,Road Accidents,Cross roads,City/Town,Near or inside a village,Human Error,No,Grievous Injury,Hit bicyclist,Not Applicable,Curve,Expressway,Bitumen(Tar),Dry,Not Applicable,Not Applicable,IN FRONT OF GK WEIGH BRIDGE BINNMANGALA,IN FRONT OF GK WEIGH BRIDGE BINNMANGALA,3KM,0.0,0.0,0,0,0.0,0.0
Bengaluru Dist,Nelamangala Town PS,1.0442e+16,2016,1,1,Road Accidents,Other,Rural Areas,At pedestrian Crossing,Human Error,No,Grievous Injury,Hit pedestrian,Not Applicable,Others,Expressway,Bitumen(Tar),Dry,Not Applicable,Others,NH04 EXPREESS HIGH WAY,YT DABA NEAR,3 KMS,0.0,0.0,0,0,0.0,0.0
Bengaluru Dist,Nelamangala Town PS,1.0442e+16,2016,1,1,Road Accidents,Narrow road,City/Town,At pedestrian Crossing,Human Error,Yes,Simple Injury,Hit pedestrian,Not Applicable,Others,Service Road,Bitumen(Tar),Dry,Not Applicable,Others,NH04 SERVICE ROAD,ANJENEYA TEMPLE NEAR,2KM,0.0,0.0,0,0,0.0,0.0
Bengaluru Dist,Nelamangala Town PS,1.0442e+16,2016,1,1,Road Accidents,Cross roads,City/Town,Near Bus stop,Human Error,Not Applicable,Fatal,Hit and Run,Not Applicable,Not Applicable,City or Town Road,Bitumen(Tar),Not Applicable,Not Applicable,Very Hot,VIVARSCOLONY,NELAMANGALA,2,0.0,0.0,0,0,0.0,0.0
Bengaluru Dist,Nelamangala Town PS,1.0442e+16,2016,1,2,Road Accidents,Narrow road,Rural Areas,Near Petrol Pump,Human Error,No,Grievous Injury,Head on,Not Applicable,Others,City or Town Road,Bitumen(Tar),Dry,Not Applicable,Others,N.H-4 Service Road,NEAR BML PETROL BANK,3KMS,0.0,0.0,0,0,0.0,0.0
Bengaluru Dist,Nelamangala Town PS,1.0442e+16,2016,1,2,Road Accidents,Circle,City/Town,Near office complex,Human Error,Yes,Grievous Injury,Hit and Run,Not Applicable,Curve,Service Road,Bitumen(Tar),Dry,Not Applicable,Others,"TUMKURU BANGALORE NH04 SERVICE ROAD,",TUMKURU BANGALORE NH04,1KM,0.0,0.0,0,0,0.0,0.0
Bengaluru Dist,Nelamangala Town PS,1.0442e+16,2016,1,1,Road Accidents,Curves,City/Town,Open area,Human Error,Yes,Fatal,Hit and Run,Not Applicable,Curve,City or Town Road,Bitumen(Tar),Dry,Drainage Ditch,Fine,Bakthanapalya Road Matha Akva vatar Nelamangala,Bakthanapalya Road Matha Akva vatar Nelamangala,5 km,0.0,0.0,4,0,0.0,4.0
Bengaluru Dist,Nelamangala Town PS,1.0442e+16,2016,1,2,Road Accidents,Circle,City/Town,Open area,Human Error,Not Applicable,Not Applicable,Hit and Run,Not Applicable,Curve,City or Town Road,Bitumen(Tar),Dry,Drainage Ditch,Fine,NH4 Serves Road Near Arishinakunte  Dipo Road,NH4 Serves Road Near Arishinakunte  Dipo Road,8 KMS,0.0,0.0,4,0,0.0,4.0
Bengaluru Dist,Nelamangala Town PS,1.0442e+16,2016,1,2,Road Accidents,Cross roads,City/Town,Near Hospital,Human Error,Not Applicable,Not Applicable,Rear end,Not Applicable,Others,Service Road,Bitumen(Tar),Dry,Not Applicable,Fine,NH04 SERVICE ROAD,SONDEKOPPA CIRCLE,1/2 KM,0.0,0.0,0,0,0.0,0.0
Bengaluru Dist,Nelamangala Town PS,1.0442e+16,2016,1,1,Road Accidents,Cross roads,City/Town,Near Bus stop,Human Error,Not Applicable,Simple Injury,Hit and Run,Not Applicable,Curve,Expressway,Bitumen(Tar),Not Applicable,Not Applicable,Very Hot,KUNIGAL CIRCLE,NELAMANGALA,3,0.0,0.0,0,0,0.0,0.0
Bengaluru Dist,Nelamangala Town PS,1.0442e+16,2016,1,1,Road Accidents,Narrow road,City/Town,Near Bus stop,Human Error,No,Grievous Injury,Skidding or Self accident,Not Applicable,Others,City or Town Road,Bitumen(Tar),Dry,Not Applicable,Fine,B.H.ROAD,VIVERS COLONY BUS STOP,1 KM,0.0,0.0,0,0,0.0,0.0
Bengaluru Dist,Nelamangala Town PS,1.0442e+16,2016,1,2,Road Accidents,Cross roads,Rural Areas,Near or inside a village,Human Error,No,Not Applicable,Rear end,Not Applicable,Others,Expressway,Bitumen(Tar),Dry,Not Applicable,Others,NH04 EXPREESS HIGH WAY,NEAR BYDARAHALLI GATE,2KM,0.0,0.0,0,0,0.0,0.0
Bengaluru Dist,Nelamangala Town PS,1.0442e+16,2016,1,1,Road Accidents,Other,City/Town,Near School or College,Human Error,No,Grievous Injury,Hit pedestrian,Not Applicable,Others,City or Town Road,Bitumen(Tar),Dry,Not Applicable,Fine,NH.04 SERVICE ROAD,NEAR COLLEGE,1 KMS,0.0,0.0,0,0,0.0,0.0
Bengaluru Dist,Nelamangala Town PS,1.0442e+16,2016,1,1,Road Accidents,Other,City/Town,Near or inside a village,Human Error,No,Grievous Injury,Hit pedestrian,Not Applicable,Others,City or Town Road,Bitumen(Tar),Dry,Not Applicable,Fine,B.H.ROAD,GANESH DARSHANI HOTEL,2KM,0.0,0.0,0,0,0.0,0.0
Bengaluru Dist,Nelamangala Town PS,1.0442e+16,2016,1,2,Road Accidents,Cross roads,Rural Areas,Near or inside a village,Human Error,No,Grievous Injury,Hit pedal cyclist,Not Applicable,Others,Service Road,Bitumen(Tar),Dry,Not Applicable,Others,NH.04 SERVICE ROAD,NEAR ANJEYA TEMPLE,3KM,0.0,0.0,0,0,0.0,0.0
Bengaluru Dist,Nelamangala Town PS,1.0442e+16,2016,1,2,Road Accidents,Other,City/Town,Near office complex,Human Error,Not Applicable,Not Applicable,Rear end,Not Applicable,Incline,Expressway,Bitumen(Tar),Dry,Not Applicable,Fine,NH-4 Express Highway,NAVAYUGA TOLL,1KM,0.0,0.0,0,0,0.0,0.0
Bengaluru Dist,Nelamangala Town PS,1.0442e+16,2016,1,1,Road Accidents,Narrow road,City/Town,Near office complex,Human Error,No,Not Applicable,Skidding or Self accident,Not Applicable,Others,City or Town Road,Bitumen(Tar),Dry,Not Applicable,Fine,B.H.ROAD,JANAPRIYA APTS,2KM,0.0,0.0,0,0,0.0,0.0
Bengaluru Dist,Nelamangala Town PS,1.0442e+16,2016,1,1,Road Accidents,Cross roads,City/Town,Near office complex,Human Error,Yes,Grievous Injury,Hit pedestrian,Not Applicable,Others,City or Town Road,Bitumen(Tar),Dry,Not Applicable,Fine,NELAMANGALA SONDEKOPPA ROAD,GANIGERE SAMUDAYA BHAVANA,1KM,0.0,0.0,0,0,0.0,0.0
Bengaluru Dist,Nelamangala Town PS,1.0442e+16,2016,1,2,Road Accidents,Cross roads,City/Town,Residential area,Human Error,No,Fatal,Hit bicyclist,Not Applicable,Not Applicable,NH,Bitumen(Tar),Dry,Not Applicable,Others,NH48 SERVICE ROAD,NEAR KUNIGAL CIRCLE,1KM,0.0,0.0,0,0,0.0,0.0
Bengaluru Dist,Nelamangala Town PS,1.0442e+16,2016,1,2,Road Accidents,Circle,City/Town,Open area,Human Error,Yes,Simple Injury,Not Applicable,Not Applicable,Curve,NH,Bitumen(Tar),Dry,Drainage Ditch,Fine,Tumakuru Bangaluru NH4 Expres Arishinakunte,Tumakuru Bangaluru NH4 Expres Arishinakunte,5 Kms,0.0,0.0,4,0,0.0,4.0
Bengaluru Dist,Nelamangala Town PS,1.0442e+16,2016,1,1,Road Accidents,Narrow road,Rural Areas,Open area,Human Error,Yes,Grievous Injury,Hit pedestrian,Not Applicable,Others,Village Road,Bitumen(Tar),Dry,Not Applicable,Others,B.H.ROAD,VISHVASHANTHI ASHRAMA,2KMS,0.0,0.0,0,0,0.0,0.0
Bengaluru Dist,Nelamangala Town PS,1.0442e+16,2016,1,1,Road Accidents,Narrow road,Villages settlement,Near or inside a village,Human Error,No,Grievous Injury,Skidding or Self accident,Not Applicable,Others,Village Road,Bitumen(Tar),Dry,Not Applicable,Others,VAJARAHALLI ROAD,SRI RAMEGOWDARA HOME FRONT,2KMS,0.0,0.0,0,0,0.0,0.0
Bengaluru Dist,Nelamangala Town PS,1.0442e+16,2016,1,2,Road Accidents,Circle,City/Town,Open area,Human Error,Yes,Not Applicable,Hit and Run,Not Applicable,Curve and Incline,City or Town Road,Bitumen(Tar),Dry,Drainage Ditch,Fine,Navayouga Toll NH4 Subshnagara Nelamangala Town,Navayouga Toll NH4 Subshnagara Nelamangala Town,1.5 km,0.0,0.0,4,0,0.0,4.0
Bengaluru Dist,Nelamangala Town PS,1.0442e+16,2016,1,2,Road Accidents,Other,City/Town,Near or inside a village,Human Error,No,Not Applicable,Not Applicable,Not Applicable,Others,Service Road,Bitumen(Tar),Dry,Not Applicable,Others,"TUMKURU BANGALORE NH04 SERVICE ROAD,",NELAMANGALA RURAL POLICE STATION,3KM,0.0,0.0,0,0,0.0,0.0
Bengaluru Dist,Nelamangala Town PS,1.0442e+16,2016,1,2,Road Accidents,Narrow road,City/Town,Residential area,Human Error,No,Grievous Injury,Head on,Not Applicable,Others,City or Town Road,Bitumen(Tar),Dry,Not Applicable,Fine,NH04 SERVICE ROAD,GIRIDHARA DABA,2KM,0.0,0.0,0,0,0.0,0.0
Bengaluru Dist,Nelamangala Town PS,1.0442e+16,2016,1,2,Road Accidents,Curves,Rural Areas,Open area,Human Error,No,Fatal,Head on,Not Applicable,Others,Village Road,Bitumen(Tar),Dry,Not Applicable,Fine,SONDEKOPPA NELAMANGALA ROAD,NEAR COURT,1 KM,0.0,0.0,0,0,0.0,0.0
Bengaluru Dist,Nelamangala Town PS,1.0442e+16,2016,1,1,Road Accidents,Other,City/Town,Residential area,Human Error,No,Grievous Injury,Hit pedestrian,Not Applicable,Others,City or Town Road,Bitumen(Tar),Dry,Not Applicable,Others,"M.G.ROAD,",THOMAS SCHOOL NEAR,2KM,0.0,0.0,0,0,0.0,0.0
Bengaluru Dist,Nelamangala Town PS,1.0442e+16,2016,1,1,Road Accidents,Cross roads,Rural Areas,Near or inside a village,Human Error,Yes,Grievous Injury,Hit pedestrian,Not Applicable,Others,Village Road,Bitumen(Tar),Dry,Not Applicable,Fine,village road,NEAR KUNIGAL CIRCLE,1KM,0.0,0.0,0,0,0.0,0.0
Bengaluru Dist,Nelamangala Town PS,1.0442e+16,2016,1,52,Road Accidents,Other,City/Town,Residential area,Human Error,Yes,Simple Injury,Hit and Run,Not Applicable,Curve,City or Town Road,Bitumen(Tar),Dry,Not Applicable,Others,"B.H.ROAD, NEAT MUNICIPLE ARCH, VIVEWRS COLONY,",VIVEWRS COLONY,1KM,0.0,0.0,0,0,0.0,0.0
Bengaluru Dist,Nelamangala Town PS,1.0442e+16,2016,1,2,Road Accidents,Other,City/Town,Residential area,Human Error,No,Grievous Injury,Hit bicyclist,Not Applicable,Others,Expressway,Bitumen(Tar),Dry,Not Applicable,Fine,EXPRESS HIGHWAY NH04 ROAD,NEAR ARISHINAKUNTE,3 kms,0.0,0.0,0,0,0.0,0.0
Bengaluru Dist,Nelamangala Town PS,1.0442e+16,2016,1,2,Road Accidents,Circle,City/Town,Open area,Human Error,Not Applicable,Not Applicable,Hit and Run,Not Applicable,Curve,City or Town Road,Bitumen(Tar),Dry,Drainage Ditch,Fine,Nelamngala Bangaluru NH4 Road Harsha Hospital Nelamangla Town,Nelamngala Bangaluru NH4 Road Harsha Hospital Nelamangla Town,9 kms,0.0,0.0,4,0,0.0,4.0
Bengaluru Dist,Nelamangala Town PS,1.0442e+16,2016,1,3,Road Accidents,Other,City/Town,Near office complex,Human Error,No,Not Applicable,Others,Not Applicable,Others,City or Town Road,Bitumen(Tar),Dry,Not Applicable,Others,TUMKUR BANGALORE NH04 EXPRESS HIGH WAY,VVPURA,2 KM,0.0,0.0,0,0,0.0,0.0
Bengaluru Dist,Nelamangala Town PS,1.0442e+16,2016,1,1,Road Accidents,Other,City/Town,Near Bus stop,Human Error,Not Applicable,Grievous Injury,Hit pedestrian,Not Applicable,Not Applicable,Others,Not Applicable,Others,Not Applicable,Not Applicable,shivanapur road,near bus stop,5kms,0.0,0.0,0,1,0.0,1.0
Bengaluru Dist,Nelamangala Town PS,1.0442e+16,2016,1,2,Road Accidents,Other,Rural Areas,Residential area,Human Error,No,Grievous Injury,Others,Not Applicable,Others,Service Road,Bitumen(Tar),Dry,Not Applicable,Fine,"BANGALORE NELAMANGALA NH04 SERVICE ROAD,",NEAR DANOJIPALYA,2KM,0.0,0.0,0,0,0.0,0.0
Bengaluru Dist,Nelamangala Town PS,1.0442e+16,2016,1,1,Road Accidents,Other,City/Town,At pedestrian Crossing,Human Error,No,Fatal,Hit pedestrian,Not Applicable,Others,Service Road,Bitumen(Tar),Dry,Not Applicable,Fine,NH04 SERVICE ROAD,SONDEKOPPA CIRCLE,1KM,0.0,0.0,0,0,0.0,0.0
Bengaluru Dist,Nelamangala Town PS,1.0442e+16,2016,1,1,Road Accidents,Narrow road,Rural Areas,Near Bus stop,Human Error,No,Simple Injury,Hit fixed object,Not Applicable,Others,Expressway,Bitumen(Tar),Dry,Not Applicable,Others,NH04 EXPREESS HIGH WAY,NEAR ARISHINKUNTE BUS STOP,3KM,0.0,0.0,0,0,0.0,0.0
Bengaluru Dist,Nelamangala Town PS,1.0442e+16,2016,1,2,Road Accidents,Other,City/Town,Near or inside a village,Human Error,Yes,Grievous Injury,Hit and Run,Not Applicable,Others,City or Town Road,Bitumen(Tar),Dry,Not Applicable,Fine,B.H.ROAD,UMEDAR TIMBERS,2KM,0.0,0.0,0,0,0.0,0.0
Bengaluru Dist,Nelamangala Town PS,1.0442e+16,2016,1,2,Road Accidents,Circle,City/Town,Residential area,Human Error,No,Not Applicable,Others,Not Applicable,Others,City or Town Road,Bitumen(Tar),Dry,Not Applicable,Fine,NH48 ROAD,KUNIGAL CIRCLE,01-Feb,0.0,0.0,0,0,0.0,0.0
Bengaluru Dist,Nelamangala Town PS,1.0442e+16,2016,1,2,Road Accidents,Circle,City/Town,Residential area,Human Error,Not Applicable,Not Applicable,Hit parked vehicle,Not Applicable,Others,City or Town Road,Bitumen(Tar),Dry,Not Applicable,Fine,"NH04 SERVICE ROAD SONDEKOPPA CIRCLE,",NH04 SERVICE ROAD,1KM,0.0,0.0,0,0,0.0,0.0
Bengaluru Dist,Nelamangala Town PS,1.0442e+16,2016,1,2,Road Accidents,Cross roads,Rural Areas,Residential area,Human Error,Yes,Grievous Injury,Hit and Run,Not at  Junction,Curve,Service Road,Bitumen(Tar),Dry,Not Applicable,Others,NH04 SERVICE ROAD,KSRTC DEPO,3KM,0.0,0.0,0,0,0.0,0.0
Bengaluru Dist,Nelamangala Town PS,1.0442e+16,2016,1,1,Road Accidents,Other,City/Town,Near office complex,Human Error,No,Simple Injury,Hit pedestrian,Not Applicable,Others,City or Town Road,Bitumen(Tar),Dry,Not Applicable,Others,B.H.ROAD,NEAR BAJAJ SHOW ROOM,1 KM,0.0,0.0,0,0,0.0,0.0
Bengaluru Dist,Nelamangala Town PS,1.0442e+16,2016,1,2,Road Accidents,Other,Rural Areas,Near or inside a village,Human Error,No,Simple Injury,Hit bicyclist,Not Applicable,Others,Expressway,Bitumen(Tar),Dry,Not Applicable,Others,"NH04 EXPRESS HIGHWAY ,",Near arishinkunte Bus stop,3km,0.0,0.0,0,0,0.0,0.0
Bengaluru Dist,Nelamangala Town PS,1.0442e+16,2016,1,2,Road Accidents,Narrow road,City/Town,Near School or College,Human Error,No,Simple Injury,Rear end,Not Applicable,Others,Expressway,Bitumen(Tar),Dry,Not Applicable,Others,NH 4 Express High Way,NEAR BELI MATA COLLEGE,1 KM,0.0,0.0,0,0,0.0,0.0
Bengaluru Dist,Nelamangala Town PS,1.0442e+16,2016,1,1,Road Accidents,Cross roads,Rural Areas,Near or inside a village,Human Error,No,Grievous Injury,Hit pedestrian,Not Applicable,Not Applicable,Village Road,Bitumen(Tar),Dry,Not Applicable,Others,OLD B.H.ROAD,VAJARAHALLI CROSS,3KM,0.0,0.0,0,0,0.0,0.0
Bengaluru Dist,Nelamangala Town PS,1.0442e+16,2016,1,1,Road Accidents,Cross roads,City/Town,Residential area,Human Error,No,Grievous Injury,Hit pedestrian,Not Applicable,Curve,City or Town Road,Bitumen(Tar),Dry,Not Applicable,Fine,B.H.ROAD,J P HOSPITAL,1/2 KM,0.0,0.0,0,0,0.0,0.0