DISTRICTNAME,UNITNAME,Crime_No,Year,RI,Noofvehicle_involved,Accident_Classification,Accident_Spot,Accident_Location,Accident_SubLocation,Main_Cause,Hit_Run,Severity,Collision_Type,Junction_Control,Road_Character,Road_Type,Surface_Type,Surface_Condition,Road_Condition,Weather,Accident_Road,Landmark_first,Distance_LandMark_First,Latitude,Longitude,Road_Condition_Score,Surface_Condition_Score,Surface_Type_Score,Road_Risk_Index
Bengaluru Dist,Nelamangala Town PS,1.0442e+16,2016,1,2,Road Accidents,Cross roads,City/Town,Near Petrol Pump,Human Error,No,Grievous Injury,Hit bicyclist,Not Applicable,Curve,Service Road,Bitumen(Tar),Dry,Not Applicable,Others,BANGALORE TUMKURU NH04 EXPRESS HIGH WAY,SLR CHOUTRY NEAR,2KM,0.0,0.0,0,0,0.0,0.0
Bengaluru Dist,Nelamangala Town PS,1.0442e+16,2016,1,1,Road Accidents,Narrow road,City/Town,Near Petrol Pump,Human Error,Not Applicable,Damage Only,Skidding or Self accident,Not Applicable,Others,Service Road,Bitumen(Tar),Dry,Not Applicable,Others,NH04 SERVICE ROAD,SRIGANDA PETROL PUMP,1KM,0.0,0.0,0,0,0.0,0.0
Bengaluru Dist,Nelamangala Town PS,1.0442e+16,2016,1,1,Road Accidents,Cross roads,City/Town,Open area,Human Error,Not Applicable,Fatal,Hit and Run,Not Applicable,Not Applicable,Expressway,Bitumen(Tar),Dry,Not Applicable,Very Cold,NEAR NAVAYUGA TOLL,NELAMANGALA,3,0.0,0.0,0,0,0.0,0.0
Bengaluru Dist,Nelamangala Town PS,1.0442e+16,2016,1,1,Road Accidents,Circle,City/Town,Residential area,Human Error,No,Fatal,Hit pedestrian,Not Applicable,Others,Service Road,Bitumen(Tar),Dry,Not Applicable,Others,NH04 SERVICE ROAD,SONDEKOPPA CIRCLE,2KM,0.0,0.0,0,0,0.0,0.0
Bengaluru Dist,Nelamangala Town PS,1.0442e+16,2016,1,1,Road Accidents,Narrow road,City/Town,Near Bus stop,Human Error,Yes,Fatal,Hit pedestrian,Not Applicable,Others,City or Town Road,Bitumen(Tar),Dry,Not Applicable,Others,B.H.ROAD,VIVERS COLONY BUS STOP,1KM,0.0,0.0,0,0,0.0,0.0
Bengaluru Dist,Nelamangala Town PS,1.0442e+16,2016,1,1,Road Accidents,Other,City/Town,Near Bus stop,Human Error,No,Fatal,Hit pedestrian,Not Applicable,Others,City or Town Road,Bitumen(Tar),Dry,Not Applicable,Others,B.H ROAD,BUS STOP,1/2 KM,0.0,0.0,0,0,0.0,0.0
Bengaluru Dist,Nelamangala Town PS,1.0442e+16,2016,1,1,Road Accidents,Other,City/Town,Residential area,Human Error,No,Grievous Injury,Hit pedestrian,Not Applicable,Not Applicable,City or Town Road,Bitumen(Tar),Dry,Not Applicable,Fine,"BH ROAD,",VVPURU NEAR GANESH SAW MILLA,1KM,0.0,0.0,0,0,0.0,0.0
Bengaluru Dist,Nelamangala Town PS,1.0442e+16,2016,1,1,Road Accidents,Narrow road,City/Town,Residential area,Human Error,No,Grievous Injury,Skidding or Self accident,Not Applicable,Others,Expressway,Bitumen(Tar),Dry,Not Applicable,Others,NH04 EXPRESS HIGH WAY,PETROL BUNK NEAR,3KM,0.0,0.0,0,0,0.0,0.0
Bengaluru Dist,Nelamangala Town PS,1.0442e+16,2016,1,2,Road Accidents,Narrow road,City/Town,Residential area,Human Error,No,Fatal,Hit pedestrian,Not Applicable,Not Applicable,City or Town Road,Bitumen(Tar),Dry,Not Applicable,Fine,NH04 EXPRESS HIGH WAY,NERA BHARATHA PETROL BANK,2KM,0.0,0.0,0,0,0.0,0.0
Bengaluru Dist,Nelamangala Town PS,1.0442e+16,2016,1,1,Not Applicable,Cross roads,City/Town,Open area,Human Error,Yes,Fatal,Hit and Run,Not Applicable,Curve,City or Town Road,Bitumen(Tar),Dry,Drainage Ditch,Fine,Nelamangala Kunigal Road Kempalinganaganahalli,Nelamangala Kunigal Road Kempalinganaganahalli,5 Kms,0.0,0.0,4,0,0.0,4.0
Bengaluru Dist,Nelamangala Town PS,1.0442e+16,2016,1,2,Road Accidents,Culvert,City/Town,Near office complex,Human Error,No,Grievous Injury,Head on,Not at  Junction,Hump,City or Town Road,Bitumen(Tar),Dry,Not Applicable,Others,BHAVANI SHANKAR HOTEL FRONT,BHAVANI SHANKAR HOTEL FRONT,1KM,0.0,0.0,0,0,0.0,0.0
Bengaluru Dist,Nelamangala Town PS,1.0442e+16,2016,1,2,Road Accidents,Narrow road,City/Town,Open area,Human Error,No,Grievous Injury,Head on,Not Applicable,Others,Service Road,Bitumen(Tar),Dry,Not Applicable,Fine,NH04 SERVICE ROAD,CHANDU DABA,3 KM,0.0,0.0,0,0,0.0,0.0
Bengaluru Dist,Nelamangala Town PS,1.0442e+16,2016,1,2,Road Accidents,Cross roads,City/Town,Near Bus stop,Human Error,Not Applicable,Grievous Injury,Hit bicyclist,Not Applicable,Others,City or Town Road,Bitumen(Tar),Dry,Not Applicable,Others,B.H.ROAD,VIVERS COLONY BUS STOP,2KMS,0.0,0.0,0,0,0.0,0.0
Bengaluru Dist,Nelamangala Town PS,1.0442e+16,2016,1,1,Road Accidents,Other,City/Town,Near office complex,Human Error,No,Not Applicable,Hit fixed object,Not Applicable,Others,Service Road,Bitumen(Tar),Dry,Not Applicable,Fine,NH04 SERVICE ROAD,SLR CHOUTRY,1KMS,0.0,0.0,0,0,0.0,0.0
Bengaluru Dist,Nelamangala Town PS,1.0442e+16,2016,1,2,Road Accidents,Cross roads,City/Town,Residential area,Human Error,Yes,Grievous Injury,Hit bicyclist,Not Applicable,Others,City or Town Road,Bitumen(Tar),Dry,Not Applicable,Fine,"PETE BEEDI ROAD,",MARKET CHOUKA,1/2KM,0.0,0.0,0,0,0.0,0.0
Bengaluru Dist,Nelamangala Town PS,1.0442e+16,2016,1,2,Road Accidents,Other,City/Town,Residential area,Human Error,Not Applicable,Grievous Injury,Head on,Not Applicable,Not Applicable,Service Road,Bitumen(Tar),Dry,Not Applicable,Not Applicable,Tumkur Bangalore NH4 Service Road.,Danoji palya Thirumala Dhaba,2kms,0.0,0.0,0,0,0.0,0.0
Bengaluru Dist,Nelamangala Town PS,1.0442e+16,2016,1,1,Road Accidents,Cross roads,City/Town,Residential area,Human Error,Yes,Grievous Injury,Hit pedestrian,Not Applicable,Others,City or Town Road,Bitumen(Tar),Dry,Not Applicable,Others,B.H ROAD,NEAT IB,1 KMS,0.0,0.0,0,0,0.0,0.0
Bengaluru Dist,Nelamangala Town PS,1.0442e+16,2016,1,1,Not Applicable,Circle,City/Town,Open area,Human Error,Yes,Fatal,Hit and Run,Not Applicable,Curve,City or Town Road,Bitumen(Tar),Dry,Drainage Ditch,Fine,Nelamangala BMTC Bus Stand Nelamanagala,Nelamangala BMTC Bus Stand Nelamanagala,5 Kms,0.0,0.0,4,0,0.0,4.0
Bengaluru Dist,Nelamangala Town PS,1.0442e+16,2016,1,1,Road Accidents,Cross roads,City/Town,Near Bus stop,Human Error,Not Applicable,Fatal,Hit and Run,Not Applicable,Not Applicable,City or Town Road,Bitumen(Tar),Dry,Not Applicable,Very Hot,KUNIGALA CIRCLE,NELAMANGALA,3,0.0,0.0,0,0,0.0,0.0
Bengaluru Dist,Nelamangala Town PS,1.0442e+16,2016,1,1,Road Accidents,Cross roads,City/Town,Open area,Human Error,Yes,Simple Injury,Hit and Run,Not Applicable,Curve,City or Town Road,Bitumen(Tar),Dry,Drainage Ditch,Fine,Arishinakunte Bus Stand,Arishinakunte Bus Stand,5 Kms,0.0,0.0,4,0,0.0,4.0
Bengaluru Dist,Nelamangala Town PS,1.0442e+16,2016,1,1,Not Applicable,Circle,City/Town,Open area,Human Error,Yes,Fatal,Hit and Run,Not Applicable,Curve,City or Town Road,Bitumen(Tar),Dry,Drainage Ditch,Fine,T.Beguru NH4 Kunigal Circle  bangaluru,T Beguru NH4 Kunigal Circle  bangaluru,5 Km,0.0,0.0,4,0,0.0,4.0
Bengaluru Dist,Nelamangala Town PS,1.0442e+16,2016,1,1,Road Accidents,Cross roads,City/Town,Near Bus stop,Human Error,Not Applicable,Simple Injury,Hit and Run,Not Applicable,Not Applicable,Expressway,Bitumen(Tar),Dry,Not Applicable,Very Cold,NH ROAD,NELAMANGALA,3,0.0,0.0,0,0,0.0,0.0
Bengaluru Dist,Nelamangala Town PS,1.0442e+16,2016,1,1,Road Accidents,Not Applicable,City/Town,Near Bus stop,Human Error,Yes,Grievous Injury,Hit and Run,Not Applicable,Others,City or Town Road,Bitumen(Tar),Dry,Not Applicable,Others,Tumkur Bangalore N H 4 Haiwy  Arishinkunte Bus Stop,Arishinkunte Bus Stop,3 kms,0.0,0.0,0,0,0.0,0.0
Bengaluru Dist,Nelamangala Town PS,1.0442e+16,2016,1,1,Road Accidents,Narrow road,City/Town,Near School or College,Human Error,No,Grievous Injury,Hit pedestrian,Not Applicable,Others,City or Town Road,Bitumen(Tar),Dry,Not Applicable,Fine,SONDEKOPPA ROAD,BASAVANNA DEVARA MATA,1KM,0.0,0.0,0,0,0.0,0.0
Bengaluru Dist,Nelamangala Town PS,1.0442e+16,2016,1,2,Road Accidents,Other,Rural Areas,Residential area,Human Error,No,Grievous Injury,Hit bicyclist,Not Applicable,Others,Village Road,Bitumen(Tar),Dry,Not Applicable,Others,NELAMANGALA SONDEKOPPA ROAD,NEAR COURT,2KM,0.0,0.0,0,0,0.0,0.0
Bengaluru Dist,Nelamangala Town PS,1.0442e+16,2016,1,2,Road Accidents,Other,City/Town,Residential area,Human Error,No,Grievous Injury,Rear end,Not Applicable,Others,Service Road,Bitumen(Tar),Dry,Not Applicable,Others,TUMKURU BANGALORE NH4 SERVICE ROAD,NERA NAVAYUGA TOLL,1KM,0.0,0.0,0,0,0.0,0.0
Bengaluru Dist,Nelamangala Town PS,1.0442e+16,2016,1,1,Road Accidents,Other,City/Town,In bazaar,Not Applicable,Yes,Grievous Injury,Hit pedestrian,Not Applicable,Others,City or Town Road,Bitumen(Tar),Others,Not Applicable,Others,"PETE BEEDI ROAD,",Near Jwellers,1 kms,0.0,0.0,0,1,0.0,1.0
Bengaluru Dist,Nelamangala Town PS,1.0442e+16,2016,1,1,Road Accidents,Curves,City/Town,Near Hospital,Human Error,Yes,Simple Injury,Hit pedestrian,Not Applicable,Curve,City or Town Road,Bitumen(Tar),Dry,Not Applicable,Fine,B.H.ROAD,NEAR PRASAD HOSPITAL,1/2 KM,0.0,0.0,0,0,0.0,0.0
Bengaluru Dist,Nelamangala Town PS,1.0442e+16,2016,1,1,Road Accidents,Cross roads,City/Town,Open area,Human Error,No,Grievous Injury,Skidding or Self accident,Not at  Junction,Not Applicable,Village Road,Bitumen(Tar),Not Applicable,Not Applicable,Fine,village road,ABB FACTOR ROAD,1KM,0.0,0.0,0,0,0.0,0.0
Bengaluru Dist,Nelamangala Town PS,1.0442e+16,2016,1,2,Road Accidents,Other,City/Town,Residential area,Human Error,Yes,Simple Injury,Hit and Run,Not Applicable,Not Applicable,City or Town Road,Bitumen(Tar),Dry,Not Applicable,Others,NEAR THIRUMAL DABA DHONOJI PALYA NELAMANGALA TALUKU.,NEAR THIRUMALA DABA,2KMS,0.0,0.0,0,0,0.0,0.0
Bengaluru Dist,Nelamangala Town PS,1.0442e+16,2016,1,2,Road Accidents,Cross roads,City/Town,Near office complex,Human Error,Yes,Grievous Injury,Hit and Run,Not Applicable,Not Applicable,Service Road,Bitumen(Tar),Dry,Not Applicable,Fine,NH04 SERVICE ROAD,FISH LAND NEAR,3 KM,0.0,0.0,0,0,0.0,0.0
Bengaluru Dist,Nelamangala Town PS,1.0442e+16,2016,1,1,Road Accidents,Narrow road,Rural Areas,Near or inside a village,Human Error,No,Grievous Injury,Hit pedestrian,Not Applicable,Others,Village Road,Bitumen(Tar),Dry,Not Applicable,Fine,GEJAGADAHALLI MAIN ROAD,NEAR BALAJI COMPLEX,3KM,0.0,0.0,0,0,0.0,0.0
Bengaluru Dist,Nelamangala Town PS,1.0442e+16,2016,1,1,Road Accidents,Cross roads,City/Town,Open area,Human Error,Not Applicable,Simple Injury,Hit and Run,Not Applicable,Curve,Expressway,Bitumen(Tar),Dry,Not Applicable,Very Cold,NH 4 ROAD,NELAMANGALA,4,0.0,0.0,0,0,0.0,0.0
Bengaluru Dist,Nelamangala Town PS,1.0442e+16,2016,1,1,Road Accidents,Narrow road,City/Town,Near Bus stop,Human Error,No,Fatal,Hit pedestrian,Not Applicable,Others,City or Town Road,Bitumen(Tar),Dry,Not Applicable,Fine,NH04 EXPRESS HIGH WAY,ARISHINKUNTE BUS STOP,3KM,0.0,0.0,0,0,0.0,0.0
Bengaluru Dist,Nelamangala Town PS,1.0442e+16,2016,1,2,Road Accidents,Narrow road,City/Town,Residential area,Human Error,No,Grievous Injury,Rear end,Not Applicable,Others,Service Road,Bitumen(Tar),Dry,Not Applicable,Fine,NH04 SERVICE ROAD,VISHWASHANTHI ASHARAM,3KM,0.0,0.0,0,0,0.0,0.0
Bengaluru Dist,Nelamangala Town PS,1.0442e+16,2016,1,2,Road Accidents,Circle,Not Applicable,Residential area,Human Error,No,Grievous Injury,Head on,Not Applicable,Others,Service Road,Bitumen(Tar),Dry,Not Applicable,Fine,NH.04 SERVICE ROAD,NEAT PETROL BANK,1KMS,0.0,0.0,0,0,0.0,0.0
Bengaluru Dist,Nelamangala Town PS,1.0442e+16,2016,1,2,Road Accidents,Circle,City/Town,Residential area,Human Error,No,Not Applicable,Others,Not Applicable,Curve,City or Town Road,Bitumen(Tar),Dry,Not Applicable,Not Applicable,Bangalore Tumkur NH-4 Sarvice Road,BENGALORE TUMKURU NH04 SERVICE ROAD KUNIGAL BYPASS,1km,0.0,0.0,0,0,0.0,0.0
Bengaluru Dist,Nelamangala Town PS,1.0442e+16,2016,1,2,Road Accidents,Cross roads,City/Town,Near office complex,Human Error,No,Not Applicable,Overturning,Not Applicable,Others,Expressway,Bitumen(Tar),Dry,Not Applicable,Fine,NH-4 Express Highway,SLR CHOUTRY OPP,2KMS,0.0,0.0,0,0,0.0,0.0
Bengaluru Dist,Nelamangala Town PS,1.0442e+16,2016,1,1,Road Accidents,Circle,City/Town,Residential area,Human Error,Not Applicable,Grievous Injury,Hit fixed object,Not at  Junction,Others,Service Road,Bitumen(Tar),Dry,Not Applicable,Fine,"BANGALORE TUMKURE NH4 SERVICE ROAD,",KUNIGAL CIRCLE,1KM,0.0,0.0,0,0,0.0,0.0
Bengaluru Dist,Nelamangala Town PS,1.0442e+16,2016,1,2,Road Accidents,Narrow road,City/Town,Residential area,Human Error,Yes,Grievous Injury,Head on,Not Applicable,Others,Expressway,Bitumen(Tar),Dry,Not Applicable,Fine,NH04 EXPREESS HIGH WAY,NAVAYUGA TOLL,2KM,0.0,0.0,0,0,0.0,0.0
Bengaluru Dist,Nelamangala Traffic PS,1.04422e+16,2016,1,2,Road Accidents,Junction,City/Town,Open area,Human Error,Not Applicable,Damage Only,Side swipe,Uncontrolled,Others,City or Town Road,Surfaced,Others,No influence on accident,Very Hot,NICE ROAD,NEAR MADAVARA TOLL,15 Kms,0.0,0.0,0,1,,
Bengaluru Dist,Nelamangala Traffic PS,1.04422e+16,2016,1,2,Road Accidents,Other,Rural Areas,Open area,Human Error,Not Applicable,Fatal,Hit bicyclist,Uncontrolled,Straight and flat,NH,Bitumen(Tar),Dry,No influence on accident,Fine,Tumkuru Bengaluru NH-0 Road,Near Kulavanahally U Turn,15 Kms,0.0,0.0,0,0,0.0,0.0
Bengaluru Dist,Nelamangala Traffic PS,1.04422e+16,2016,1,2,Road Accidents,Cross roads,City/Town,Open area,Human Error,Not Applicable,Damage Only,Others,No signal lights,Curve,NH,Bitumen(Tar),Dry,No influence on accident,Very Hot,Bengaluru Tumkuru NH-04 Service Road,Nice Road Cross,10 Kms,0.0,0.0,0,0,0.0,0.0
Bengaluru Dist,Nelamangala Traffic PS,1.04422e+16,2016,1,2,Road Accidents,Other,Rural Areas,Open area,Human Error,Not Applicable,Simple Injury,Others,Uncontrolled,Not Applicable,NH,Not Applicable,Not Applicable,Not Applicable,Fine,Tumkuru Bengaluru NH-04 Road,Kengal Kempohalli U Turn,15 Kms,0.0,0.0,0,0,0.0,0.0
Bengaluru Dist,Nelamangala Traffic PS,1.04422e+16,2016,1,1,Road Accidents,Cross roads,Rural Areas,Open area,Human Error,Yes,Grievous Injury,Hit and Run,Uncontrolled,Others,NH,Bitumen(Tar),Dry,No influence on accident,Fine,NH-48,KEMPALINGANAHALLI CROSS,2 KM,0.0,0.0,0,0,0.0,0.0
Bengaluru Dist,Nelamangala Traffic PS,1.04422e+16,2016,1,2,Road Accidents,Narrow road,Rural Areas,Open area,Human Error,No,Grievous Injury,Others,Uncontrolled,Straight and flat,NH,Bitumen(Tar),Dry,No influence on accident,Fine,NH,Boodihal gate,5kM,0.0,0.0,0,0,0.0,0.0
Bengaluru Dist,Nelamangala Traffic PS,1.04422e+16,2016,1,1,Rail Road Accidents,Narrow road,City/Town,Open area,Human Error,No,Grievous Injury,Hit pedestrian,Uncontrolled,Not Applicable,NH,Bitumen(Tar),Dry,No influence on accident,Fine,NH-4,NEAR SWAMY PETROL BUNK,8KM,0.0,0.0,0,0,0.0,0.0
Bengaluru Dist,Nelamangala Traffic PS,1.04422e+16,2016,1,1,Road Accidents,Narrow road,Not Applicable,Open area,Human Error,Yes,Fatal,Hit and Run,Not Applicable,Not Applicable,NH,Bitumen(Tar),Dry,Not Applicable,Cloudy,Tumkur Bangaluru NH-48 Service Road,Denso Factory Oppsit,2 K M,0.0,0.0,0,0,0.0,0.0
Bengaluru Dist,Nelamangala Traffic PS,1.04422e+16,2016,1,2,Road Accidents,Other,City/Town,Near or inside a village,Human Error,No,Damage Only,Others,No signal lights,Straight and flat,NH,Bitumen(Tar),Dry,No influence on accident,Clear,Bengaluru Tumkuru NH-04,Near  Jasstoll,03Kms,0.0,0.0,0,0,0.0,0.0
Bengaluru Dist,Nelamangala Traffic PS,1.04422e+16,2016,1,2,Road Accidents,Narrow road,Villages settlement,Open area,Human Error,Yes,Grievous Injury,Others,Uncontrolled,Others,One way,Bitumen(Tar),Dry,Not Applicable,Fine,n,NICE TOLL,14km,0.0,0.0,0,0,0.0,0.0
Bengaluru Dist,Nelamangala Traffic PS,1.04422e+16,2016,1,1,Road Accidents,Staggered junction,Rural Areas,Near Bus stop,Human Error,Yes,Grievous Injury,Hit pedestrian,Controlled,Straight and flat,Village Road,Not Applicable,Not Applicable,No influence on accident,Fine,NELAMANGALA BENGALURU ROAD,TB BUS STAND,02Kms,0.0,0.0,0,0,0.0,0.0
Bengaluru Dist,Nelamangala Traffic PS,1.04422e+16,2016,1,1,Road Accidents,Other,Rural Areas,Open area,Human Error,No,Grievous Injury,Others,Uncontrolled,Straight and flat,Others,Bitumen(Tar),Dry,Not Applicable,Fine,others,Sondekoppa Road,3km,0.0,0.0,0,0,0.0,0.0
Bengaluru Dist,Nelamangala Traffic PS,1.04422e+16,2016,1,2,Road Accidents,Narrow road,City/Town,Near Petrol Pump,Human Error,No,Damage Only,Others,Not at  Junction,Not Applicable,NH,Bitumen(Tar),Dry,No influence on accident,Fine,NH,petrol Bunk,8km,0.0,0.0,0,0,0.0,0.0
Bengaluru Dist,Nelamangala Traffic PS,1.04422e+16,2016,1,2,Road Accidents,Narrow road,City/Town,Open area,Human Error,Yes,Fatal,Hit and Run,Not Applicable,Straight and flat,NH,Bitumen(Tar),Dry,Not Applicable,Clear,Bangaluru Tumkur NH-04 RoaD,OPP  Jinayath Glass Factory,2 KM,0.0,0.0,0,0,0.0,0.0
Bengaluru Dist,Nelamangala Traffic PS,1.04422e+16,2016,1,2,Road Accidents,Narrow road,Rural Areas,Near School or College,Human Error,Yes,Grievous Injury,Hit and Run,Uncontrolled,Straight and flat,Others,Bitumen(Tar),Dry,Not Applicable,Fine,others,ganesh temple,3km,0.0,0.0,0,0,0.0,0.0
Bengaluru Dist,Nelamangala Traffic PS,1.04422e+16,2016,1,3,Road Accidents,Other,Rural Areas,Open area,Human Error,Not Applicable,Simple Injury,Others,Uncontrolled,Steep Incline or Climb,NH,Not Applicable,Not Applicable,No influence on accident,Cloudy,Tumkuru Bengaluru NH-04 Road,Near Edahalli U Turn,17Kms,0.0,0.0,0,0,0.0,0.0
Bengaluru Dist,Nelamangala Traffic PS,1.04422e+16,2016,1,2,Road Accidents,Narrow road,City/Town,Open area,Human Error,No,Simple Injury,Not Applicable,Uncontrolled,Straight and flat,NH,Bitumen(Tar),Dry,Not Applicable,Fine,NH-4,st marris charuch,5kM,0.0,0.0,0,0,0.0,0.0
Bengaluru Dist,Nelamangala Traffic PS,1.04422e+16,2016,1,1,Road Accidents,Other,City/Town,Near Petrol Pump,Road Environment Defect,No,Simple Injury,Others,Not at  Junction,Straight and flat,Service Road,Bitumen(Tar),Dry,No influence on accident,Wind,Bengaluru Tumkuru NH-04 Service Road,Near TCI Petrol Bunk,15 Kms,0.0,0.0,0,0,0.0,0.0
Bengaluru Dist,Nelamangala Traffic PS,1.04422e+16,2016,1,2,Road Accidents,Other,Rural Areas,Open area,Human Error,Not Applicable,Simple Injury,Others,Uncontrolled,Steep Incline or Climb,Others,Not Applicable,Not Applicable,No influence on accident,Clear,Sodekoppa road,Gangamma Timmayya Kalyana Mantapa,05 Kms,0.0,0.0,0,0,0.0,0.0
Bengaluru Dist,Nelamangala Traffic PS,1.04422e+16,2016,1,2,Road Accidents,Narrow road,Rural Areas,Near Bus stop,Human Error,Not Applicable,Damage Only,Others,No signal lights,Straight and flat,NH,Bitumen(Tar),Dry,No influence on accident,Very Cold,Bengaluru Tumkuru NH-04 Service Road,Near Anchepalya Bus stand,12kms,0.0,0.0,0,0,0.0,0.0
Bengaluru Dist,Nelamangala Traffic PS,1.04422e+16,2016,1,2,Road Accidents,Bridge,Rural Areas,Narrow bridge or culverts,Human Error,Yes,Grievous Injury,Others,Uncontrolled,Straight and flat,NH,Bitumen(Tar),Dry,No influence on accident,Very Hot,Bengaluru Tumkuru NH-04 Service Road,MAKLI ARKAVATHI BRIDGE,08 Kms,0.0,0.0,0,0,0.0,0.0
Bengaluru Dist,Nelamangala Traffic PS,1.04422e+16,2016,1,1,Road Accidents,Other,Villages settlement,Near or inside a village,Human Error,Not Applicable,Fatal,Not Applicable,Not Applicable,Not Applicable,NH,Bitumen(Tar),Dry,Not Applicable,Fine,Tumkur Bengaluru N H-48 Road,Kuluvnahalli U Turn,14 K M,0.0,0.0,0,0,0.0,0.0
Bengaluru Dist,Nelamangala Traffic PS,1.04422e+16,2016,1,2,Road Accidents,Bridge,City/Town,Open area,Human Error,No,Not Applicable,Others,Stop sign,Curve,NH,Not Applicable,Others,Construction Work / Material,Heavy Rain,NH-4,Bidga,6,0.0,0.0,2,1,0.0,3.0
Bengaluru Dist,Nelamangala Traffic PS,1.04422e+16,2016,1,1,Road Accidents,Other,Rural Areas,Near Petrol Pump,Human Error,Yes,Grievous Injury,Others,Uncontrolled,Steep Incline or Climb,NH,Not Applicable,Not Applicable,No influence on accident,Clear,Nelamangala Tumkuru NH-04 Road,Near Bhuvaneshwaranagara Bus Stand,10 Kms,0.0,0.0,0,0,0.0,0.0
Bengaluru Dist,Nelamangala Traffic PS,1.04422e+16,2016,1,1,Road Accidents,Bridge,Villages settlement,Near Bus stop,Human Error,Yes,Fatal,Hit and Run,Not Applicable,Straight and flat,NH,Bitumen(Tar),Dry,Not Applicable,Clear,Bangaluru Tumkur NH-4 Road,Dabuspet Bridge,20 K M,0.0,0.0,0,0,0.0,0.0
Bengaluru Dist,Nelamangala Traffic PS,1.04422e+16,2016,1,2,Road Accidents,Other,Rural Areas,Near School or College,Human Error,Not Applicable,Grievous Injury,Others,Uncontrolled,Curve,Others,Not Applicable,Not Applicable,No influence on accident,Clear,Basavanahalli Road,Basavanahalli,03Kms,0.0,0.0,0,0,0.0,0.0
Bengaluru Dist,Nelamangala Traffic PS,1.04422e+16,2016,1,1,Road Accidents,Narrow road,Villages settlement,Near Bus stop,Human Error,No,Fatal,Skidding or Self accident,Not Applicable,Straight and flat,NH,Bitumen(Tar),Dry,Not Applicable,Fine,Bangaluru Tumkur NH-04 Road,Kengal Kempohalli Gate,20 K M,0.0,0.0,0,0,0.0,0.0
Bengaluru Dist,Nelamangala Traffic PS,1.04422e+16,2016,1,2,Road Accidents,Junction,Rural Areas,Open area,Human Error,Not Applicable,Not Applicable,Others,Uncontrolled,Others,NH,Not Applicable,Others,Not Applicable,Clear,Bengaluru Tumkuru NH-04,Near Jasstoll,02Kms,0.0,0.0,0,1,0.0,1.0
Bengaluru Dist,Nelamangala Traffic PS,1.04422e+16,2016,1,2,Road Accidents,Other,Rural Areas,Near Bus stop,Human Error,No,Simple Injury,Others,Not at  Junction,Straight and flat,NH,Bitumen(Tar),Dry,No influence on accident,Clear,Tumkuru Bengaluru NH-0 Road,Near Edehally Bus Stand,20KMs,0.0,0.0,0,0,0.0,0.0
Bengaluru Dist,Nelamangala Traffic PS,1.04422e+16,2016,1,2,Road Accidents,Narrow road,Rural Areas,Near Petrol Pump,Human Error,No,Fatal,Hit bicyclist,Not Applicable,Not Applicable,NH,Bitumen(Tar),Dry,Not Applicable,Fine,Bhuvaneshwari Petrol Bunk Near,Bhuvaneshwari Petrol Bunk Near,10,0.0,0.0,0,0,0.0,0.0
Bengaluru Dist,Nelamangala Traffic PS,1.04422e+16,2016,1,2,Rail Road Accidents,Narrow road,Rural Areas,Open area,Human Error,No,Grievous Injury,Others,Uncontrolled,Straight and flat,NH,Bitumen(Tar),Dry,No influence on accident,Fine,NH-4,Aanjanamurthy  petrol bunk,9KM,0.0,0.0,0,0,0.0,0.0
Bengaluru Dist,Nelamangala Traffic PS,1.04422e+16,2016,1,2,Road Accidents,Other,Rural Areas,Open area,Human Error,Not Applicable,Grievous Injury,Others,Uncontrolled,Straight and flat,NH,Surfaced,Dry,No influence on accident,Wind,Bengaluru Tumkuru NH-04,Infront Rathnamma Hotel,16Kms,0.0,0.0,0,0,,
Bengaluru Dist,Nelamangala Traffic PS,1.04422e+16,2016,1,1,Road Accidents,Narrow road,City/Town,Near office complex,Human Error,No,Fatal,Others,Not Applicable,Not Applicable,NH,Bitumen(Tar),Dry,No influence on accident,Fine,Tumkur-Bengluru NH-48 Service Road,Mahaveer Transport,8,0.0,0.0,0,0,0.0,0.0
Bengaluru Dist,Nelamangala Traffic PS,1.04422e+16,2016,1,2,Road Accidents,Bridge,City/Town,Open area,Human Error,No,Grievous Injury,Hit puchcart,Not Applicable,Straight and flat,Others,Bitumen(Tar),Not Applicable,Not Applicable,Others,others,Birdga,15,0.0,0.0,0,0,0.0,0.0
Bengaluru Dist,Nelamangala Traffic PS,1.04422e+16,2016,1,2,Road Accidents,Other,City/Town,Near Bus stop,Human Error,Not Applicable,Damage Only,Not Applicable,Not at  Junction,Straight and flat,NH,Not Applicable,Not Applicable,No influence on accident,Fine,NH-4,near makali,8 KM,0.0,0.0,0,0,0.0,0.0
Bengaluru Dist,Nelamangala Traffic PS,1.04422e+16,2016,1,2,Road Accidents,Other,Rural Areas,Open area,Human Error,No,Simple Injury,Others,Uncontrolled,Straight and flat,NH,Bitumen(Tar),Dry,No influence on accident,Others,NH-48,MADAVARA BUS STOP,12km,0.0,0.0,0,0,0.0,0.0
Bengaluru Dist,Nelamangala Traffic PS,1.04422e+16,2016,1,1,Road Accidents,Staggered junction,Rural Areas,Near Bus stop,Human Error,Yes,Fatal,Hit pedestrian,No signal lights,Straight and flat,NH,Bitumen(Tar),Dry,Not Applicable,Fine,Bangaluru Tumkur NH-04 Road,Budihall Gate,6,0.0,0.0,0,0,0.0,0.0
Bengaluru Dist,Nelamangala Traffic PS,1.04422e+16,2016,1,2,Road Accidents,Other,Rural Areas,Open area,Human Error,No,Grievous Injury,Others,Uncontrolled,Straight and flat,NH,Not Applicable,Not Applicable,No influence on accident,Clear,Tumkuru Bengaluru NH-04 Road,TALEKERE U TURN,15 Kms,0.0,0.0,0,0,0.0,0.0
Bengaluru Dist,Nelamangala Traffic PS,1.04422e+16,2016,1,1,Road Accidents,Other,City/Town,Open area,Human Error,Not Applicable,Simple Injury,Others,Uncontrolled,Not Applicable,City or Town Road,Not Applicable,Not Applicable,Not Applicable,Clear,Madavara Nice Road,Near Toll,16Kms,0.0,0.0,0,0,0.0,0.0
Bengaluru Dist,Nelamangala Traffic PS,1.04422e+16,2016,1,2,Road Accidents,Narrow road,City/Town,Near or inside a village,Human Error,No,Grievous Injury,Others,Uncontrolled,Straight and flat,NH,Bitumen(Tar),Dry,No influence on accident,Fine,nh,panchaith office,4km,0.0,0.0,0,0,0.0,0.0