DISTRICTNAME,UNITNAME,Crime_No,Year,RI,Noofvehicle_involved,Accident_Classification,Accident_Spot,Accident_Location,Accident_SubLocation,Main_Cause,Hit_Run,Severity,Collision_Type,Junction_Control,Road_Character,Road_Type,Surface_Type,Surface_Condition,Road_Condition,Weather,Accident_Road,Landmark_first,Distance_LandMark_First,Latitude,Longitude,Road_Condition_Score,Surface_Condition_Score,Surface_Type_Score,Road_Risk_Index
Bengaluru Dist,Nelamangala Traffic PS,1.04422e+16,2016,1,1,Road Accidents,Junction,City/Town,Open area,Human Error,No,Fatal,Others,Uncontrolled,Straight and flat,Others,Bitumen(Tar),Dry,Not Applicable,Fine,NICE ROAD,NICE ROAD TOLL,15,0.0,0.0,0,0,0.0,0.0
Bengaluru Dist,Nelamangala Traffic PS,1.04422e+16,2016,1,2,Road Accidents,Narrow road,City/Town,Open area,Human Error,No,Fatal,Others,Not Applicable,Straight and flat,NH,Bitumen(Tar),Dry,Not Applicable,Fine,Bengaluru Tumkur NH-4 Road,Anchepalya Lake,10,0.0,0.0,0,0,0.0,0.0
Bengaluru Dist,Nelamangala Traffic PS,1.04422e+16,2016,1,2,Road Accidents,Narrow road,City/Town,Open area,Human Error,Yes,Fatal,Hit and Run,Not Applicable,Not Applicable,Two way,Bitumen(Tar),Dry,Not Applicable,Fine,Magadi Madavara Nice Road,Near Gangondanahalli Bridge,18,0.0,0.0,0,0,0.0,0.0
Bengaluru Dist,Nelamangala Traffic PS,1.04422e+16,2016,1,2,Rail Road Accidents,Bridge,City/Town,Narrow bridge or culverts,Human Error,No,Damage Only,Others,Uncontrolled,Others,NH,Bitumen(Tar),Dry,No influence on accident,Fine,NH-4,TIC BRIDGE,12KM,0.0,0.0,0,0,0.0,0.0
Bengaluru Dist,Nelamangala Traffic PS,1.04422e+16,2016,1,1,Road Accidents,Narrow road,Rural Areas,Open area,Human Error,No,Fatal,Others,Not at  Junction,Straight and flat,NH,Bitumen(Tar),Dry,No influence on accident,Clear,Thumakur Bangalore NH-04 Road,Bommanahalli Pavarika Factory Near,4,0.0,0.0,0,0,0.0,0.0
Bengaluru Dist,Nelamangala Traffic PS,1.04422e+16,2016,1,2,Road Accidents,Curves,Rural Areas,Open area,Human Error,Not Applicable,Damage Only,Side swipe,Uncontrolled,Curve,NH,Surfaced,Others,No influence on accident,Fine,Tumkuru Bengaluru NH-04 Road,Halenijagal Gate,26Kms,0.0,0.0,0,1,,
Bengaluru Dist,Nelamangala Traffic PS,1.04422e+16,2016,1,1,Road Accidents,Narrow road,City/Town,Near a religious place,Human Error,No,Fatal,Hit pedestrian,Not Applicable,Straight and flat,NH,Bitumen(Tar),Dry,Not Applicable,Not Applicable,Bangaluru Tumakur NH-04 Road,Near St Marry Church,4 KM,0.0,0.0,0,0,0.0,0.0
Bengaluru Dist,Nelamangala Traffic PS,1.04422e+16,2016,1,2,Road Accidents,Other,City/Town,Open area,Human Error,No,Damage Only,Others,Not at  Junction,Straight and flat,NH,Bitumen(Tar),Dry,No influence on accident,Clear,Bengaluru Tumkuru NH-04,Near Jasstoll,03Kms,0.0,0.0,0,0,0.0,0.0
Bengaluru Dist,Nelamangala Traffic PS,1.04422e+16,2016,1,2,Road Accidents,Narrow road,Rural Areas,Open area,Human Error,No,Fatal,Rear end,Not Applicable,Not Applicable,NH,Bitumen(Tar),Dry,Not Applicable,Clear,Kunigal Nelamangala NH-48 Road,Lakkenhalli Bylanarasaiah Land Near,12,0.0,0.0,0,0,0.0,0.0
Bengaluru Dist,Nelamangala Traffic PS,1.04422e+16,2016,1,2,Road Accidents,Narrow road,Villages settlement,Near Bus stop,Human Error,No,Fatal,Others,Not Applicable,Not Applicable,NH,Bitumen(Tar),Dry,Not Applicable,Fine,Bangalauru Tumkur NH-48 Road,Hale Nijagal Gate,25 K M,0.0,0.0,0,0,0.0,0.0
Bengaluru Dist,Nelamangala Traffic PS,1.04422e+16,2016,1,1,Road Accidents,Junction,Rural Areas,Near Bus stop,Human Error,No,Fatal,Hit animal,Uncontrolled,Straight and flat,NH,Bitumen(Tar),Dry,Not Applicable,Fine,Tumkur Bangalore N H -4 Road,Kuluvanahalli Bustand,18,0.0,0.0,0,0,0.0,0.0
Bengaluru Dist,Nelamangala Traffic PS,1.04422e+16,2016,1,2,Road Accidents,Not Applicable,City/Town,Open area,Human Error,No,Damage Only,Overturning,Uncontrolled,Hump,Others,Bitumen(Tar),Dry,No influence on accident,Fine,NICE TOLL,NICE TOLL,10 KM,0.0,0.0,0,0,0.0,0.0
Bengaluru Dist,Nelamangala Traffic PS,1.04422e+16,2016,1,2,Road Accidents,Narrow road,Rural Areas,Near Bus stop,Human Error,Yes,Fatal,Hit and Run,Not Applicable,Not Applicable,NH,Bitumen(Tar),Dry,Not Applicable,Fine,Bangaluru Tumkur NH-4 Road,KBD Anjaneya Temple Front,3 K M,0.0,0.0,0,0,0.0,0.0
Bengaluru Dist,Nelamangala Traffic PS,1.04422e+16,2016,1,1,Road Accidents,Bridge,City/Town,Narrow bridge or culverts,Human Error,No,Grievous Injury,Skidding or Self accident,Uncontrolled,Not Applicable,State Highway,Bitumen(Tar),Dry,No influence on accident,Fine,Near BRIDGE,Rail Bridge,2km,0.0,0.0,0,0,0.0,0.0
Bengaluru Dist,Nelamangala Traffic PS,1.04422e+16,2016,1,1,Road Accidents,Other,Rural Areas,Open area,Human Error,Not Applicable,Damage Only,Not Applicable,Not Applicable,Others,NH,Not Applicable,Others,Not Applicable,Others,Bengaluru Tumkuru NH-04,Boodihal Gate,08 Kms,0.0,0.0,0,1,0.0,1.0
Bengaluru Dist,Nelamangala Traffic PS,1.04422e+16,2016,1,2,Road Accidents,Narrow road,Rural Areas,Open area,Human Error,No,Damage Only,Others,Uncontrolled,Straight and flat,NH,Bitumen(Tar),Dry,No influence on accident,Fine,NH-4,Hale nijagalu,20KM,0.0,0.0,0,0,0.0,0.0
Bengaluru Dist,Nelamangala Traffic PS,1.04422e+16,2016,1,1,Road Accidents,Narrow road,Rural Areas,Residential area,Human Error,Yes,Fatal,Hit and Run,Not Applicable,Not Applicable,NH,Bitumen(Tar),Dry,Not Applicable,Fine,Bangaluru Tumkur NH-04 Expres Road,Danojipalya,2 KM,0.0,0.0,0,0,0.0,0.0
Bengaluru Dist,Nelamangala Traffic PS,1.04422e+16,2016,1,3,Road Accidents,Narrow road,Rural Areas,Open area,Human Error,No,Grievous Injury,Others,Uncontrolled,Straight and flat,NH,Bitumen(Tar),Dry,Not Applicable,Fine,NH-4,Bommanahalli gate,6km,0.0,0.0,0,0,0.0,0.0
Bengaluru Dist,Nelamangala Traffic PS,1.04422e+16,2016,1,2,Road Accidents,Other,Rural Areas,Open area,Human Error,Not Applicable,Damage Only,Others,Uncontrolled,Straight and flat,NH,Bitumen(Tar),Dry,No influence on accident,Clear,Tumkuru Bengaluru NH-04 Road,NEAR DODDERI,15KMS,0.0,0.0,0,0,0.0,0.0
Bengaluru Dist,Nelamangala Traffic PS,1.04422e+16,2016,1,2,Road Accidents,Narrow road,City/Town,Near Bus stop,Human Error,Yes,Fatal,Hit and Run,Not Applicable,Straight and flat,NH,Bitumen(Tar),Dry,Not Applicable,Clear,Tumkur Bangaluru NH-4 Road,Gandhi Crane Oppsit,5 K M,0.0,0.0,0,0,0.0,0.0
Bengaluru Dist,Nelamangala Traffic PS,1.04422e+16,2016,1,1,Road Accidents,Narrow road,Not Applicable,Open area,Human Error,No,Grievous Injury,Hit pedestrian,Uncontrolled,Straight and flat,NH,Bitumen(Tar),Dry,No influence on accident,Others,NH-4,KEMWEL COMPANY,8 KM,0.0,0.0,0,0,0.0,0.0
Bengaluru Dist,Nelamangala Traffic PS,1.04422e+16,2016,1,2,Road Accidents,Narrow road,Rural Areas,Near office complex,Human Error,No,Fatal,Others,Not Applicable,Not Applicable,NH,Bitumen(Tar),Dry,Construction Work / Material,Fine,Tumkur Bangaluru NH-48 Road,East  Devannanapalya,5 K M,0.0,0.0,2,0,0.0,2.0
Bengaluru Dist,Nelamangala Traffic PS,1.04422e+16,2016,1,1,Road Accidents,Narrow road,Rural Areas,Near Petrol Pump,Human Error,No,Fatal,Not Applicable,Not Applicable,Straight and flat,Mixed,Bitumen(Tar),Dry,Not Applicable,Fine,Nelamangala Kunigal N H-48 Road,S B T Petrol Pump,3 KM,0.0,0.0,0,0,0.0,0.0
Bengaluru Dist,Nelamangala Traffic PS,1.04422e+16,2016,1,2,Road Accidents,Other,City/Town,Open area,Human Error,No,Grievous Injury,Others,Uncontrolled,Straight and flat,NH,Bitumen(Tar),Dry,Not Applicable,Fine,NH-4,Mahaveer Transport,10 KM,0.0,0.0,0,0,0.0,0.0
Bengaluru Dist,Nelamangala Traffic PS,1.04422e+16,2016,1,2,Road Accidents,Cross roads,City/Town,Open area,Human Error,No,Grievous Injury,Not Applicable,Uncontrolled,Straight and flat,NH,Bitumen(Tar),Dry,No influence on accident,Fine,NH,THYAMAGONDLU CROSS,8KM,0.0,0.0,0,0,0.0,0.0
Bengaluru Dist,Nelamangala Traffic PS,1.04422e+16,2016,1,2,Road Accidents,Narrow road,Rural Areas,Open area,Human Error,No,Grievous Injury,Not Applicable,Uncontrolled,Straight and flat,NH,Bitumen(Tar),Dry,No influence on accident,Fine,NH-4,T Beguru Bus Stop,"8km,",0.0,0.0,0,0,0.0,0.0
Bengaluru Dist,Nelamangala Traffic PS,1.04422e+16,2016,1,1,Road Accidents,Junction,Villages settlement,Near Bus stop,Human Error,Yes,Fatal,Hit and Run,Give way sign,Straight and flat,NH,Bitumen(Tar),Dry,Not Applicable,Fine,Nelamangala  Kunigal NH-48 Road,Mahadevapura Bustand Near,8  K M,0.0,0.0,0,0,0.0,0.0
Bengaluru Dist,Nelamangala Traffic PS,1.04422e+16,2016,1,1,Road Accidents,Narrow road,Rural Areas,Open area,Human Error,No,Grievous Injury,Skidding or Self accident,Uncontrolled,Straight and flat,NH,Bitumen(Tar),Dry,No influence on accident,Fine,NH-4,kuluvanahalli Bridge,10km,0.0,0.0,0,0,0.0,0.0
Bengaluru Dist,Nelamangala Traffic PS,1.04422e+16,2016,1,1,Road Accidents,Narrow road,Rural Areas,Open area,Human Error,No,Grievous Injury,Others,Uncontrolled,Straight and flat,NH,Bitumen(Tar),Dry,No influence on accident,Fine,NH-4,jindal Road,12km,0.0,0.0,0,0,0.0,0.0
Bengaluru Dist,Nelamangala Traffic PS,1.04422e+16,2016,1,2,Road Accidents,Narrow road,Rural Areas,Near Bus stop,Human Error,No,Grievous Injury,Others,Uncontrolled,Straight and flat,NH,Bitumen(Tar),Dry,No influence on accident,Fine,NH-4,Boodihal gate,6km,0.0,0.0,0,0,0.0,0.0
Bengaluru Dist,Nelamangala Traffic PS,1.04422e+16,2016,1,2,Road Accidents,Narrow road,Rural Areas,Open area,Human Error,Yes,Grievous Injury,Hit and Run,Uncontrolled,Straight and flat,NH,Bitumen(Tar),Dry,Not Applicable,Fine,NH-4,panchaith office,12km,0.0,0.0,0,0,0.0,0.0
Bengaluru Dist,Nelamangala Traffic PS,1.04422e+16,2016,1,2,Road Accidents,Other,Rural Areas,Open area,Human Error,No,Grievous Injury,Others,Not at  Junction,Straight and flat,NH,Bitumen(Tar),Dry,No influence on accident,Wind,Tumkuru Bengaluru NH-04 Road,Gundenahalli U Turn,25KMS,0.0,0.0,0,0,0.0,0.0
Bengaluru Dist,Nelamangala Traffic PS,1.04422e+16,2016,1,1,Road Accidents,Narrow road,Rural Areas,Open area,Human Error,Yes,Grievous Injury,Hit and Run,Uncontrolled,Straight and flat,NH,Bitumen(Tar),Dry,No influence on accident,Fine,NH-4,JASS TOLL,3km,0.0,0.0,0,0,0.0,0.0
Bengaluru Dist,Nelamangala Traffic PS,1.04422e+16,2016,1,1,Road Accidents,Narrow road,Rural Areas,Near Petrol Pump,Human Error,Yes,Fatal,Hit and Run,Not Applicable,Not Applicable,NH,Bitumen(Tar),Dry,Not Applicable,Fine,Bangaluru Tumkur N.H- Road,Near Bhuwaneshwari Petrol Bank,5 K M,0.0,0.0,0,0,0.0,0.0
Bengaluru Dist,Nelamangala Traffic PS,1.04422e+16,2016,1,1,Road Accidents,Narrow road,Rural Areas,Near Bus stop,Human Error,Yes,Fatal,Hit and Run,No signal lights,Straight and flat,NH,Bitumen(Tar),Dry,Not Applicable,Fine,Tumkur Bangaluru NH-4Road,Virananjipura Gate,4 K M,0.0,0.0,0,0,0.0,0.0
Bengaluru Dist,Nelamangala Traffic PS,1.04422e+16,2016,1,2,Road Accidents,Narrow road,Rural Areas,Open area,Human Error,No,Grievous Injury,Others,Uncontrolled,Straight and flat,NH,Bitumen(Tar),Dry,Not Applicable,Fine,NH-4,Hanumanthapura gete,15km,0.0,0.0,0,0,0.0,0.0
Bengaluru Dist,Nelamangala Traffic PS,1.04422e+16,2016,1,2,Road Accidents,Narrow road,Rural Areas,Open area,Human Error,No,Damage Only,Others,Uncontrolled,Straight and flat,NH,Bitumen(Tar),Dry,No influence on accident,Fine,NH-4,NEAR PRAVASI DABA,7KM,0.0,0.0,0,0,0.0,0.0
Bengaluru Dist,Nelamangala Traffic PS,1.04422e+16,2016,1,2,Road Accidents,Narrow road,Rural Areas,Open area,Human Error,Yes,Grievous Injury,Hit and Run,Uncontrolled,Straight and flat,NH,Bitumen(Tar),Dry,Not Applicable,Others,nh,Lanco Toll,8km,0.0,0.0,0,0,0.0,0.0
Bengaluru Dist,Nelamangala Traffic PS,1.04422e+16,2016,1,2,Road Accidents,Bridge,City/Town,Residential area,Human Error,No,Grievous Injury,Others,Not at  Junction,Hump,NH,Bitumen(Tar),Dry,No influence on accident,Fine,TIC BRIDGE,TIC BRIDGE,10KM,0.0,0.0,0,0,0.0,0.0
Bengaluru Dist,Nelamangala Traffic PS,1.04422e+16,2016,1,2,Road Accidents,Curves,City/Town,Open area,Human Error,No,Damage Only,Others,Not Applicable,Curve,Service Road,Not Applicable,Others,Not Applicable,Clear,NH 04 Service Road,Infront Church Devananapalya,05 Kms,0.0,0.0,0,1,0.0,1.0
Bengaluru Dist,Nelamangala Traffic PS,1.04422e+16,2016,1,2,Rail Road Accidents,Narrow road,Rural Areas,Open area,Human Error,No,Damage Only,Others,Not at  Junction,Others,Expressway,Bitumen(Tar),Dry,Engineering Defect of Road,Others,NH-4,TOLL,9 KM,0.0,0.0,4,0,0.0,4.0
Bengaluru Dist,Nelamangala Traffic PS,1.04422e+16,2016,1,2,Road Accidents,Other,Rural Areas,Open area,Human Error,Yes,Grievous Injury,Head on,Uncontrolled,Straight and flat,NH,Bitumen(Tar),Dry,No influence on accident,Fine,NH-4,TCI BUS STOP,12km,0.0,0.0,0,0,0.0,0.0
Bengaluru Dist,Nelamangala Traffic PS,1.04422e+16,2016,1,2,Road Accidents,Other,City/Town,Near Petrol Pump,Human Error,No,Fatal,Others,Not at  Junction,Straight and flat,NH,Bitumen(Tar),Dry,No influence on accident,Fine,Tumkur Bangalore N H -4 Road,Near Madanayakanahalli Kumaraswamy Petrol Bunk,8,0.0,0.0,0,0,0.0,0.0
Bengaluru Dist,Nelamangala Traffic PS,1.04422e+16,2016,1,1,Road Accidents,Narrow road,Rural Areas,Open area,Human Error,Yes,Grievous Injury,Hit and Run,Uncontrolled,Straight and flat,Others,Bitumen(Tar),Dry,No influence on accident,Others,NH-4 Road,Binnamangala,3km,0.0,0.0,0,0,0.0,0.0
Bengaluru Dist,Nelamangala Traffic PS,1.04422e+16,2016,1,1,Road Accidents,Narrow road,Rural Areas,Open area,Human Error,No,Grievous Injury,Others,Uncontrolled,Straight and flat,NH,Bitumen(Tar),Dry,No influence on accident,Fine,NH-4,jindal Road,17km,0.0,0.0,0,0,0.0,0.0
Bengaluru Dist,Nelamangala Traffic PS,1.04422e+16,2016,1,1,Road Accidents,Other,Rural Areas,Open area,Human Error,Not Applicable,Simple Injury,Others,No signal lights,Others,Village Road,Not Applicable,Not Applicable,No influence on accident,Others,Tumkuru Bengaluru NH-04 Service Road,SHIVAGANGE CIRCLE,25KMS,0.0,0.0,0,0,0.0,0.0
Bengaluru Dist,Nelamangala Traffic PS,1.04422e+16,2016,1,2,Not Applicable,Cross roads,Not Applicable,Near Bus stop,Human Error,Not Applicable,Grievous Injury,Others,Not Applicable,Straight and flat,NH,Not Applicable,Others,Not Applicable,Others,NH-48,Bus Stop,1 KM,0.0,0.0,0,1,0.0,1.0
Bengaluru Dist,Nelamangala Traffic PS,1.04422e+16,2016,1,2,Road Accidents,Other,City/Town,Open area,Human Error,No,Grievous Injury,Others,Stop sign,Dip or trough,NH,Not Applicable,Others,Engineering Defect of Road,Others,Agaraval,Agaraval,5,0.0,0.0,4,1,0.0,5.0
Bengaluru Dist,Nelamangala Traffic PS,1.04422e+16,2016,1,2,Road Accidents,Other,City/Town,Near a factory industrial area,Human Error,No,Simple Injury,Others,Uncontrolled,Others,NH,Not Applicable,Others,Not Applicable,Fine,Bengaluru Tumkuru NH-04,Himalaya Drug Factory,08 Kms,0.0,0.0,0,1,0.0,1.0
Bengaluru Dist,Nelamangala Traffic PS,1.04422e+16,2016,1,2,Road Accidents,Other,City/Town,Open area,Human Error,No,Simple Injury,Others,Not at  Junction,Straight and flat,Service Road,Bitumen(Tar),Dry,No influence on accident,Fine,Tumkuru Bengaluru NH-04 Service Road,Near Adakamaranahally Under Pass,07Kms,0.0,0.0,0,0,0.0,0.0
Bengaluru Dist,Nelamangala Traffic PS,1.04422e+16,2016,1,2,Road Accidents,Bridge,City/Town,Near Hospital,Human Error,No,Grievous Injury,Not Applicable,Uncontrolled,Not Applicable,NH,Bitumen(Tar),Dry,No influence on accident,Fine,N,NEAR MATHRU HOSPITEL,1km,0.0,0.0,0,0,0.0,0.0
Bengaluru Dist,Nelamangala Traffic PS,1.04422e+16,2016,1,1,Road Accidents,Narrow road,Rural Areas,Open area,Not Applicable,No,Grievous Injury,Others,Uncontrolled,Straight and flat,NH,Bitumen(Tar),Dry,No influence on accident,Fine,NH-4,KENGAL KEMPOHALLI,20KM,0.0,0.0,0,0,0.0,0.0
Bengaluru Dist,Nelamangala Traffic PS,1.04422e+16,2017,1,1,Road Accidents,Other,Rural Areas,Open area,Human Error,No,Simple Injury,Hit pedestrian,Not at  Junction,Straight and flat,NH,Bitumen(Tar),Dry,No influence on accident,Clear,Tumkuru Bengaluru NH-04 Road,Near Boodihal Gate,05 Kms,0.0,0.0,0,0,0.0,0.0
Bengaluru Dist,Nelamangala Traffic PS,1.04422e+16,2017,1,1,Road Accidents,Narrow road,City/Town,Open area,Human Error,No,Grievous Injury,Others,Uncontrolled,Straight and flat,NH,Bitumen(Tar),Dry,No influence on accident,Fine,NH-4,Dilax petrol Bunk,2 KM,0.0,0.0,0,0,0.0,0.0
Bengaluru Dist,Nelamangala Traffic PS,1.04422e+16,2017,1,2,Road Accidents,Other,City/Town,Open area,Human Error,No,Simple Injury,Hit pedal cyclist,No signal lights,Straight and flat,Two way,Bitumen(Tar),Dry,No influence on accident,Fine,MG ROAD NELAMANGALA TOWN,RITEK BIKE CENTER,02Kms,0.0,0.0,0,0,0.0,0.0
Bengaluru Dist,Nelamangala Traffic PS,1.04422e+16,2017,1,1,Road Accidents,Narrow road,Villages settlement,Open area,Human Error,No,Fatal,Hit pedestrian,Not at  Junction,Straight and flat,NH,Bitumen(Tar),Dry,No influence on accident,Clear,Bangaluru Thumakuru NH-04 Road,Posrack Company Opp,15,0.0,0.0,0,0,0.0,0.0
Bengaluru Dist,Nelamangala Traffic PS,1.04422e+16,2017,1,1,Road Accidents,Other,City/Town,Near or inside a village,Human Error,No,Grievous Injury,Hit bicyclist,Not Applicable,Hump,Others,Bitumen(Tar),Dry,Not Applicable,Others,others,SLV Treders opp,2km,0.0,0.0,0,0,0.0,0.0
Bengaluru Dist,Nelamangala Traffic PS,1.04422e+16,2017,1,1,Road Accidents,Other,City/Town,Open area,Human Error,Not Applicable,Fatal,Hit pedestrian,Not at  Junction,Straight and flat,Others,Bitumen(Tar),Dry,No influence on accident,Fine,Nice Road,Near Nice Road Toll,15Kms,0.0,0.0,0,0,0.0,0.0
Bengaluru Dist,Nelamangala Traffic PS,1.04422e+16,2017,1,1,Road Accidents,Other,Rural Areas,Near Bus stop,Human Error,No,Simple Injury,Others,Not at  Junction,Straight and flat,State Highway,Bitumen(Tar),Dry,No influence on accident,Fine,Dabasapete Bengaluru NH-04 Service Road,Near Dabasapete Bus Stand,20KMs,0.0,0.0,0,0,0.0,0.0
Bengaluru Dist,Nelamangala Traffic PS,1.04422e+16,2017,1,2,Road Accidents,Narrow road,Not Applicable,Near office complex,Human Error,No,Fatal,Hit bicyclist,Not at  Junction,Straight and flat,NH,Bitumen(Tar),Dry,No influence on accident,Clear,Thumakur Bangaluru NH-04 Road,Near Navayuga Toll,2 K M,0.0,0.0,0,0,0.0,0.0
Bengaluru Dist,Nelamangala Traffic PS,1.04422e+16,2017,1,1,Road Accidents,Narrow road,Rural Areas,Open area,Human Error,No,Fatal,Skidding or Self accident,Signal lights Blinking,Straight and flat,NH,Bitumen(Tar),Dry,No influence on accident,Clear,Thumakur Bangaluru NH-04 Road,Thalekere U Turn Near,15 K M,0.0,0.0,0,0,0.0,0.0
Bengaluru Dist,Nelamangala Traffic PS,1.04422e+16,2017,1,2,Road Accidents,Narrow road,Rural Areas,Near Bus stop,Human Error,No,Grievous Injury,Others,Uncontrolled,Straight and flat,NH,Bitumen(Tar),Dry,Not Applicable,Fine,NH-4,MADAVARA BUS STOP,12km,0.0,0.0,0,0,0.0,0.0
Bengaluru Dist,Nelamangala Traffic PS,1.04422e+16,2017,1,2,Road Accidents,Junction,City/Town,Near Bus stop,Human Error,No,Fatal,Hit bicyclist,No signal lights,Straight and flat,NH,Bitumen(Tar),Dry,No influence on accident,Clear,Bangaluru Thumakuru NH-04 Service Road,Sondekoppa Circle,1 KM,0.0,0.0,0,0,0.0,0.0
Bengaluru Dist,Nelamangala Traffic PS,1.04422e+16,2017,1,1,Road Accidents,Other,Rural Areas,Open area,Human Error,Not Applicable,Simple Injury,Others,Not Applicable,Straight and flat,NH,Bitumen(Tar),Dry,No influence on accident,Very Hot,Kunigal Nelamangala NH-48,Near Lanco Toll,08 Kms,0.0,0.0,0,0,0.0,0.0
Bengaluru Dist,Nelamangala Traffic PS,1.04422e+16,2017,1,2,Road Accidents,Other,Rural Areas,Open area,Human Error,No,Simple Injury,Others,Uncontrolled,Straight and flat,NH,Bitumen(Tar),Dry,No influence on accident,Fine,Nelamangala Kunigal NH-48 Road,Near Bhavani Shankar Hallablack Factory,07Kms,0.0,0.0,0,0,0.0,0.0
Bengaluru Dist,Nelamangala Traffic PS,1.04422e+16,2017,1,1,Road Accidents,Other,Rural Areas,Open area,Human Error,Not Applicable,Simple Injury,Skidding or Self accident,Not at  Junction,Straight and flat,NH,Bitumen(Tar),Dry,No influence on accident,Fine,Benaglauru Tumkuru NH-04 Road,NEAR DODDERI,09Kms,0.0,0.0,0,0,0.0,0.0
Bengaluru Dist,Nelamangala Traffic PS,1.04422e+16,2017,1,1,Road Accidents,Other,Rural Areas,Open area,Human Error,Yes,Fatal,Hit puchcart,Not at  Junction,Straight and flat,NH,Bitumen(Tar),Dry,No influence on accident,Fine,Benaglauru Tumkuru NH-04 Road,Near Obanayakanahally,04kms,0.0,0.0,0,0,0.0,0.0
Bengaluru Dist,Nelamangala Traffic PS,1.04422e+16,2017,1,2,Road Accidents,Other,City/Town,Open area,Human Error,Not Applicable,Fatal,Others,Uncontrolled,Straight and flat,Service Road,Bitumen(Tar),Dry,No influence on accident,Fine,Tumkuru Bengaluru NH-04 Service Road,Near Chikkabidarakallu,10 Kms,0.0,0.0,0,0,0.0,0.0
Bengaluru Dist,Nelamangala Traffic PS,1.04422e+16,2017,1,2,Road Accidents,Narrow road,Rural Areas,Open area,Human Error,No,Grievous Injury,Others,Uncontrolled,Straight and flat,NH,Bitumen(Tar),Dry,No influence on accident,Others,NH,SHANTHINAGARA  BUS STOP,5km,0.0,0.0,0,0,0.0,0.0
Bengaluru Dist,Nelamangala Traffic PS,1.04422e+16,2017,1,2,Road Accidents,Other,City/Town,Open area,Human Error,No,Damage Only,Others,Not at  Junction,Straight and flat,NH,Bitumen(Tar),Dry,No influence on accident,Fine,Tumkur Bangalore NH 4 Road,Near Bhagavathi Timbers,03 Kms,0.0,0.0,0,0,0.0,0.0
Bengaluru Dist,Nelamangala Traffic PS,1.04422e+16,2017,1,2,Road Accidents,Narrow road,City/Town,Open area,Human Error,No,Grievous Injury,Others,Uncontrolled,Straight and flat,NH,Bitumen(Tar),Dry,No influence on accident,Fine,NH-4,Hanumanthegowdana palya Cross,8km,0.0,0.0,0,0,0.0,0.0
Bengaluru Dist,Nelamangala Traffic PS,1.04422e+16,2017,1,2,Road Accidents,Other,City/Town,Open area,Human Error,Yes,Simple Injury,Others,Not at  Junction,Straight and flat,Others,Bitumen(Tar),Dry,No influence on accident,Fine,Magadi Nice Road,Near Nice Toll,15 Kms,0.0,0.0,0,0,0.0,0.0
Bengaluru Dist,Nelamangala Traffic PS,1.04422e+16,2017,1,2,Road Accidents,Narrow road,City/Town,Open area,Human Error,No,Grievous Injury,Hit bicyclist,Uncontrolled,Straight and flat,Others,Bitumen(Tar),Dry,No influence on accident,Fine,others,NICE TOLL,10 KM,0.0,0.0,0,0,0.0,0.0
Bengaluru Dist,Nelamangala Traffic PS,1.04422e+16,2017,1,2,Road Accidents,Other,City/Town,Open area,Human Error,Not Applicable,Damage Only,Others,Not at  Junction,Straight and flat,NH,Bitumen(Tar),Dry,No influence on accident,Fine,Tumkuru Bengaluru NH-0 Road,Near Parimala Nagara,05 Kms,0.0,0.0,0,0,0.0,0.0
Bengaluru Dist,Nelamangala Traffic PS,1.04422e+16,2017,1,2,Road Accidents,Other,City/Town,Open area,Human Error,No,Damage Only,Others,Not at  Junction,Others,NH,Bitumen(Tar),Dry,No influence on accident,Fine,Benaglauru Tumkuru NH-04 Road,Near Jasstoll,04kms,0.0,0.0,0,0,0.0,0.0
Bengaluru Dist,Nelamangala Traffic PS,1.04422e+16,2017,1,2,Road Accidents,Narrow road,Rural Areas,Near Bus stop,Human Error,No,Damage Only,Others,Uncontrolled,Straight and flat,NH,Bitumen(Tar),Dry,Not Applicable,Fine,NH-4,LAKKUR CROSS DABASPATE,20KM,0.0,0.0,0,0,0.0,0.0
Bengaluru Dist,Nelamangala Traffic PS,1.04422e+16,2017,1,2,Road Accidents,Narrow road,Rural Areas,Open area,Human Error,No,Grievous Injury,Others,Uncontrolled,Straight and flat,NH,Bitumen(Tar),Dry,No influence on accident,Fine,NH-4,MAKALI BUS STOP,6KM,0.0,0.0,0,0,0.0,0.0
Bengaluru Dist,Nelamangala Traffic PS,1.04422e+16,2017,1,2,Road Accidents,Narrow road,Rural Areas,Open area,Human Error,No,Damage Only,Others,Uncontrolled,Straight and flat,NH,Bitumen(Tar),Dry,No influence on accident,Fine,NH,DABASPATE BRIDGE,20,0.0,0.0,0,0,0.0,0.0
Bengaluru Dist,Nelamangala Traffic PS,1.04422e+16,2017,1,2,Road Accidents,Narrow road,City/Town,Open area,Human Error,No,Grievous Injury,Others,Uncontrolled,Straight and flat,NH,Bitumen(Tar),Dry,Not Applicable,Fine,NH-4,JINDAL BRIDGE,12KM,0.0,0.0,0,0,0.0,0.0
Bengaluru Dist,Nelamangala Traffic PS,1.04422e+16,2017,1,2,Road Accidents,Bridge,Rural Areas,Open area,Not Applicable,No,Fatal,Others,Not at  Junction,Not Applicable,Expressway,Bitumen(Tar),Dry,Not Applicable,Fine,nh,1,7 km,0.0,0.0,0,0,0.0,0.0
Bengaluru Dist,Nelamangala Traffic PS,1.04422e+16,2017,1,2,Road Accidents,Narrow road,Rural Areas,Open area,Human Error,No,Damage Only,Others,Uncontrolled,Straight and flat,NH,Bitumen(Tar),Dry,Not Applicable,Fine,NH,JAS TOLL,4KM,0.0,0.0,0,0,0.0,0.0
Bengaluru Dist,Nelamangala Traffic PS,1.04422e+16,2017,1,1,Road Accidents,Narrow road,City/Town,Open area,Human Error,No,Grievous Injury,Others,Uncontrolled,Straight and flat,NH,Bitumen(Tar),Dry,Not Applicable,Fine,OTHERS ROAD,NEAR JANAPRAYA APARTMANT,2KM,0.0,0.0,0,0,0.0,0.0