DISTRICTNAME,UNITNAME,Crime_No,Year,RI,Noofvehicle_involved,Accident_Classification,Accident_Spot,Accident_Location,Accident_SubLocation,Main_Cause,Hit_Run,Severity,Collision_Type,Junction_Control,Road_Character,Road_Type,Surface_Type,Surface_Condition,Road_Condition,Weather,Accident_Road,Landmark_first,Distance_LandMark_First,Latitude,Longitude,Road_Condition_Score,Surface_Condition_Score,Surface_Type_Score,Road_Risk_Index
Bengaluru Dist,Nelamangala Traffic PS,1.04422e+16,2018,1,2,Road Accidents,Other,City/Town,Near Hospital,Human Error,No,Damage Only,Rear end,Stop sign,Others,NH,Bitumen(Tar),Dry,No influence on accident,Fine,Bengaluru Tumakuru NH 04 Highway Road,Near Chikkabidarakallu,15,0.0,0.0,0,0,0.0,0.0
Bengaluru Dist,Nelamangala Traffic PS,1.04422e+16,2018,1,2,Road Accidents,Narrow road,Rural Areas,Open area,Human Error,No,Grievous Injury,Head on,Uncontrolled,Straight and flat,NH,Bitumen(Tar),Dry,No influence on accident,Fine,NH-4,BOODIHAL U TURN,7KM,0.0,0.0,0,0,0.0,0.0
Bengaluru Dist,Nelamangala Traffic PS,1.04422e+16,2018,1,2,Road Accidents,Other,Rural Areas,Near or inside a village,Not Applicable,No,Simple Injury,Others,Not at  Junction,Not Applicable,Others,Bitumen(Tar),Not Applicable,Not Applicable,Others,Tumkuru Bengaluru NH-0 Service Road,Near Tippagondanahally,12kms,0.0,0.0,0,0,0.0,0.0
Bengaluru Dist,Nelamangala Traffic PS,1.04422e+16,2018,1,2,Road Accidents,Other,Rural Areas,Open area,Not Applicable,No,Fatal,Others,Not at  Junction,Others,NH,Bitumen(Tar),Others,Not Applicable,Others,nh4 highway,bharath petrol bunk,2,0.0,0.0,0,1,0.0,1.0
Bengaluru Dist,Nelamangala Traffic PS,1.04422e+16,2018,1,3,Road Accidents,Narrow road,Rural Areas,Near a factory industrial area,Human Error,No,Damage Only,Overturning,Uncontrolled,Straight and flat,Expressway,Surfaced,Dry,Pot holed,Clear,NH-4  ROAD,ROAD,04  Km,0.0,0.0,5,0,,
Bengaluru Dist,Nelamangala Traffic PS,1.04422e+16,2018,1,5,Road Accidents,Other,Villages settlement,Near a factory industrial area,Human Error,No,Simple Injury,Others,Not at  Junction,Others,Expressway,Bitumen(Tar),Others,Not Applicable,Others,Kunigal Nelamangala NH-48 Road,Oppt BTV Factory,10 Kms,0.0,0.0,0,1,0.0,1.0
Bengaluru Dist,Nelamangala Traffic PS,1.04422e+16,2018,1,1,Road Accidents,Other,Rural Areas,Open area,Not Applicable,No,Grievous Injury,Others,Not at  Junction,Others,NH,Bitumen(Tar),Others,Not Applicable,Others,nh 48,mallarabanavadi gate,8,0.0,0.0,0,1,0.0,1.0
Bengaluru Dist,Nelamangala Traffic PS,1.04422e+16,2018,1,2,Road Accidents,Other,Rural Areas,Open area,Not Applicable,No,Fatal,Others,Not at  Junction,Others,NH,Bitumen(Tar),Others,Not Applicable,Others,NH4,DEVI NARAYANA DABA,10,0.0,0.0,0,1,0.0,1.0
Bengaluru Dist,Nelamangala Traffic PS,1.04422e+16,2018,1,2,Road Accidents,Other,Rural Areas,Open area,Not Applicable,No,Fatal,Others,Not at  Junction,Hump,NH,Bitumen(Tar),Others,Not Applicable,Others,NH 4 ROAD,TIPPAGONDANAHALLI U TURN,6 KM,0.0,0.0,0,1,0.0,1.0
Bengaluru Dist,Nelamangala Traffic PS,1.04422e+16,2018,1,2,Road Accidents,Curves,Rural Areas,Near or inside a village,Human Error,Yes,Simple Injury,Vehicle to Vehicle,Uncontrolled,Straight and flat,NH,Bitumen(Tar),Dry,No influence on accident,Clear,KUNIGAL NELAMANGALA NH-75 ROAD,NEAR FACTORY,04kms,0.0,0.0,0,0,0.0,0.0
Bengaluru Dist,Nelamangala Traffic PS,1.04422e+16,2018,1,1,Road Accidents,Other,Rural Areas,Near office complex,Human Error,No,Grievous Injury,Others,Not at  Junction,Others,Others,Bitumen(Tar),Others,Not Applicable,Others,Benaglauru Tumkuru NH-04 Road,Beside Belimata College,05 Kms,0.0,0.0,0,1,0.0,1.0
Bengaluru Dist,Nelamangala Traffic PS,1.04422e+16,2018,1,1,Road Accidents,Other,Rural Areas,Open area,Not Applicable,No,Fatal,Others,Not at  Junction,Others,NH,Bitumen(Tar),Others,Not Applicable,Others,nh48,adakamaranahalli bus stand,4,0.0,0.0,0,1,0.0,1.0
Bengaluru Dist,Nelamangala Traffic PS,1.04422e+16,2018,1,3,Road Accidents,Other,Rural Areas,Near or inside a village,Human Error,No,Damage Only,Others,Not at  Junction,Others,NH,Bitumen(Tar),Not Applicable,Not Applicable,Others,Bengaluru Tumkuru NH-04 Road,Near Bhuvaneshwaranagara Bus Stand,04 KM,0.0,0.0,0,0,0.0,0.0
Bengaluru Dist,Nelamangala Traffic PS,1.04422e+16,2018,1,2,Road Accidents,Other,Rural Areas,Near Petrol Pump,Human Error,No,Simple Injury,Others,Not at  Junction,Others,NH,Bitumen(Tar),Others,Not Applicable,Others,Bengaluru Tumkuru NH-04 Service Road,NEAR H P PETROL BUNK,12kms,0.0,0.0,0,1,0.0,1.0
Bengaluru Dist,Nelamangala Traffic PS,1.04422e+16,2018,1,2,Road Accidents,Other,Rural Areas,Open area,Human Error,No,Simple Injury,Others,Controlled,Others,NH,Bitumen(Tar),Dry,Not Applicable,Clear,MADAVARA TO ELECTRONICA CITY NICE ROAD,CAUTION BOARD,50 FT,0.0,0.0,0,0,0.0,0.0
Bengaluru Dist,Nelamangala Traffic PS,1.04422e+16,2018,1,2,Road Accidents,Other,Rural Areas,Near School or College,Human Error,No,Damage Only,Rear end,Uncontrolled,Straight and flat,NH,Bitumen(Tar),Dry,No influence on accident,Fine,TUMAKURU BENGALURU NH 48 ROAD,Near Tippagondanahalli,08kms,0.0,0.0,0,0,0.0,0.0
Bengaluru Dist,Nelamangala Traffic PS,1.04422e+16,2018,1,3,Road Accidents,Other,Rural Areas,Near School or College,Human Error,No,Damage Only,Rear end,Uncontrolled,Straight and flat,NH,Bitumen(Tar),Dry,No influence on accident,Fine,NELAMANGALA KUNIGAL NH 04 HIGHWAY ROAD,NEAR SARTORIUS,03 KM,0.0,0.0,0,0,0.0,0.0
Bengaluru Dist,Nelamangala Traffic PS,1.04422e+16,2018,1,2,Road Accidents,Narrow road,Rural Areas,Narrow bridge or culverts,Human Error,No,Grievous Injury,Head on,No signal lights,Straight and flat,Expressway,Surfaced,Dry,Not Applicable,Clear,Narrow,surfes road,05 km,0.0,0.0,0,0,,
Bengaluru Dist,Nelamangala Traffic PS,1.04422e+16,2018,1,1,Road Accidents,Narrow road,Rural Areas,Open area,Human Error,Yes,Grievous Injury,Hit and Run,Uncontrolled,Straight and flat,NH,Bitumen(Tar),Dry,No influence on accident,Fine,NH-4,BILLINAKOTE BUS STOP,20KM,0.0,0.0,0,0,0.0,0.0
Bengaluru Dist,Nelamangala Traffic PS,1.04422e+16,2018,1,1,Road Accidents,Other,Rural Areas,Open area,Human Error,No,Simple Injury,Others,Controlled,Others,Others,Bitumen(Tar),Dry,Not Applicable,Clear,VAJRAHALLI TO NELAMANGALA  MAIN ROAD,HARSHITHA CHIKEN  CENTER,10 FT,0.0,0.0,0,0,0.0,0.0
Bengaluru Dist,Nelamangala Traffic PS,1.04422e+16,2018,1,2,Road Accidents,Narrow road,Rural Areas,Near or inside a village,Human Error,No,Grievous Injury,Overturning,Controlled,Slight Curve,Service Road,Surfaced,Dry,Pot holed,Clear,Narrow road,Road,10 KM,0.0,0.0,5,0,,
Bengaluru Dist,Nelamangala Traffic PS,1.04422e+16,2018,1,1,Road Accidents,Other,Rural Areas,Open area,Not Applicable,No,Fatal,Hit pedestrian,Not at  Junction,Not Applicable,NH,Bitumen(Tar),Dry,Not Applicable,Others,NH4 ROAD,0,8,0.0,0.0,0,0,0.0,0.0
Bengaluru Dist,Nelamangala Traffic PS,1.04422e+16,2018,1,2,Road Accidents,Other,Rural Areas,Open area,Human Error,No,Damage Only,Others,Uncontrolled,Straight and flat,NH,Bitumen(Tar),Dry,No influence on accident,Fine,Bengaluru Tumkuru NH 04 Road,Near Nelamangala Jasstoll,2,0.0,0.0,0,0,0.0,0.0
Bengaluru Dist,Nelamangala Traffic PS,1.04422e+16,2018,1,2,Road Accidents,Offset,City/Town,Open area,Human Error,No,Grievous Injury,Not Applicable,Uncontrolled,Curve,NH,Bitumen(Tar),Dry,No influence on accident,Fine,Tumkuru Bengaluru NH 04 Service Road,Near SLR Kalyana Mantapa,500M,0.0,0.0,0,0,0.0,0.0
Bengaluru Dist,Nelamangala Traffic PS,1.04422e+16,2018,1,1,Road Accidents,Cross roads,Rural Areas,Near office complex,Human Error,No,Simple Injury,Hit pedestrian,Uncontrolled,Straight and flat,NH,Bitumen(Tar),Dry,No influence on accident,Fine,BENGALURU TUMAKURU NH-48  ROAD,INFRONT OF DRAKSHAYINI CILINIC,5 KM,0.0,0.0,0,0,0.0,0.0
Bengaluru Dist,Nelamangala Traffic PS,1.04422e+16,2018,1,1,Road Accidents,Circle,City/Town,Open area,Human Error,No,Fatal,Hit pedestrian,Uncontrolled,Straight and flat,NH,Bitumen(Tar),Dry,No influence on accident,Fine,NH-48,KUNIGAL CIRCLE,1KM,0.0,0.0,0,0,0.0,0.0
Bengaluru Dist,Nelamangala Traffic PS,1.04422e+16,2018,1,1,Road Accidents,Junction,Villages settlement,Near or inside a village,Not Applicable,Yes,Fatal,Hit pedestrian,Not Applicable,Straight and flat,NH,Bitumen(Tar),Dry,Not Applicable,Clear,Thumakur Bangalore N H-4 Road,Dhodderi U turn Near,15,0.0,0.0,0,0,0.0,0.0
Bengaluru Dist,Nelamangala Traffic PS,1.04422e+16,2018,1,2,Road Accidents,Other,Rural Areas,Near or inside a village,Human Error,No,Damage Only,Others,Not at  Junction,Not Applicable,NH,Bitumen(Tar),Others,Not Applicable,Others,Tumkuru Bengaluru NH-0 Road,Oppt Prince Hotel,12kms,0.0,0.0,0,1,0.0,1.0
Bengaluru Dist,Nelamangala Traffic PS,1.04422e+16,2018,1,2,Road Accidents,Narrow road,Rural Areas,Open area,Human Error,No,Grievous Injury,Hit parked vehicle,Uncontrolled,Straight and flat,NH,Bitumen(Tar),Dry,Not Applicable,Fine,NH-4,KENGAL KEMPOHALLI BUS STOP,20KM,0.0,0.0,0,0,0.0,0.0
Bengaluru Dist,Nelamangala Traffic PS,1.04422e+16,2018,1,2,Road Accidents,T Junction,Rural Areas,Near a factory industrial area,Human Error,No,Simple Injury,Others,Controlled,Others,NH,Bitumen(Tar),Others,Not Applicable,Clear,TUMKUR TO BANGALORE  NH -4 SERVICE ROAD,PARLE G BISCATE GODWON,50 FT,0.0,0.0,0,1,0.0,1.0
Bengaluru Dist,Nelamangala Traffic PS,1.04422e+16,2018,1,2,Road Accidents,Other,City/Town,Open area,Human Error,No,Grievous Injury,Head on,Uncontrolled,Straight and flat,NH,Bitumen(Tar),Dry,No influence on accident,Fine,BENGALURU TUMAKURU NH 04 ROAD,Near Madanayakanahalli,8,0.0,0.0,0,0,0.0,0.0
Bengaluru Dist,Nelamangala Traffic PS,1.04422e+16,2018,1,2,Road Accidents,Other,Rural Areas,Near Bus stop,Human Error,No,Simple Injury,Others,Not at  Junction,Others,Others,Concrete,Others,Not Applicable,Others,Benaglauru Tumkuru NH-04 Road,Near Dodderi bus stop,10 Kms,0.0,0.0,0,1,0.0,1.0
Bengaluru Dist,Nelamangala Traffic PS,1.04422e+16,2018,1,1,Road Accidents,Other,Rural Areas,Open area,Human Error,No,Simple Injury,Hit pedestrian,Controlled,Others,NH,Bitumen(Tar),Dry,Not Applicable,Clear,TUMAKUR TO BANGALORE NH -4 ROAD,SKY WALK,20 ft,0.0,0.0,0,0,0.0,0.0
Bengaluru Dist,Nelamangala Traffic PS,1.04422e+16,2018,1,1,Road Accidents,Not Applicable,Not Applicable,Open area,Not Applicable,Yes,Fatal,Hit and Run,Not Applicable,Straight and flat,NH,Bitumen(Tar),Dry,Not Applicable,Clear,Bangaluru Thumakuru NH-4 High Way Road,Adakamaranahalli Near,8 K M,0.0,0.0,0,0,0.0,0.0
Bengaluru Dist,Nelamangala Traffic PS,1.04422e+16,2018,1,1,Road Accidents,Narrow road,Rural Areas,Near or inside a village,Human Error,Not Applicable,Damage Only,Drowned,Controlled,Slight Curve,Expressway,Surfaced,Dry,Not Applicable,Clear,NAROW ROAD,ROAD,12,0.0,0.0,0,0,,
Bengaluru Dist,Nelamangala Traffic PS,1.04422e+16,2018,1,2,Road Accidents,Other,Villages settlement,Open area,Not Applicable,Yes,Damage Only,Others,Not at  Junction,Others,Others,Bitumen(Tar),Others,Not Applicable,Fine,OTHER ROAD,SIDDANAHOSAHALLI,10,0.0,0.0,0,1,0.0,1.0
Bengaluru Dist,Nelamangala Traffic PS,1.04422e+16,2018,1,1,Road Accidents,Not Applicable,Villages settlement,Near School or College,Human Error,Yes,Grievous Injury,Hit and Run,Not at  Junction,Straight and flat,NH,Bitumen(Tar),Dry,No influence on accident,Clear,BANGALURU THUMAKUR NH -4 SERVICE ROAD -,VIDIONAGARA CROSS,3 K M,0.0,0.0,0,0,0.0,0.0
Bengaluru Dist,Nelamangala Traffic PS,1.04422e+16,2018,1,2,Road Accidents,Circle,Rural Areas,Open area,Human Error,No,Grievous Injury,Others,Uncontrolled,Straight and flat,NH,Bitumen(Tar),Dry,No influence on accident,Fine,TUMAKURU BENGALURU NH 04 SERVICE ROAD,NEAR KENGAL KENPOHALLI,10Kms,0.0,0.0,0,0,0.0,0.0
Bengaluru Dist,Nelamangala Traffic PS,1.04422e+16,2018,1,2,Road Accidents,Other,Rural Areas,Open area,Human Error,No,Fatal,Others,Uncontrolled,Curve,NH,Bitumen(Tar),Dry,No influence on accident,Fine,NELAMANGALA KUNIGAL NH 48 ROAD,NEAR MALLARABANAVADI CROSS,04Kms,0.0,0.0,0,0,0.0,0.0
Bengaluru Dist,Nelamangala Traffic PS,1.04422e+16,2018,1,1,Road Accidents,Cross roads,Rural Areas,Near or inside a village,Human Error,Not Applicable,Damage Only,Overturning,Controlled,Curve,Expressway,Surfaced,Dry,Not Applicable,Cloudy,NARROW ROAD,ROAD,10,0.0,0.0,0,0,,
Bengaluru Dist,Nelamangala Traffic PS,1.04422e+16,2018,1,2,Road Accidents,Bridge,Rural Areas,Open area,Human Error,No,Grievous Injury,Head on,Uncontrolled,Straight and flat,NH,Bitumen(Tar),Dry,No influence on accident,Fine,NH-4,DABASPATE PLY OVER BRIDGE,20KM,0.0,0.0,0,0,0.0,0.0
Bengaluru Dist,Nelamangala Traffic PS,1.04422e+16,2018,1,2,Road Accidents,Other,Rural Areas,Open area,Vehicle Defect,No,Fatal,Others,Not at  Junction,Others,NH,Bitumen(Tar),Others,Not Applicable,Others,nh4 road,madavara gujari angadi,12,0.0,0.0,0,1,0.0,1.0
Bengaluru Dist,Nelamangala Traffic PS,1.04422e+16,2018,1,1,Road Accidents,Narrow road,Rural Areas,Near office complex,Human Error,No,Simple Injury,Hit pedestrian,Uncontrolled,Straight and flat,Service Road,Surfaced,Dry,Pot holed,Clear,BAY PASS ROAD,ROAD,1/2 KM,0.0,0.0,5,0,,
Bengaluru Dist,Nelamangala Traffic PS,1.04422e+16,2018,1,2,Road Accidents,Other,Rural Areas,Near or inside a village,Human Error,No,Damage Only,Others,Not at  Junction,Others,NH,Bitumen(Tar),Others,Not Applicable,Others,Benaglauru Tumkuru NH-04 Road,Near Hale Nijagal,20 Kms,0.0,0.0,0,1,0.0,1.0
Bengaluru Dist,Nelamangala Traffic PS,1.04422e+16,2018,1,1,Road Accidents,Other,Rural Areas,Near a factory industrial area,Human Error,No,Simple Injury,Others,Not at  Junction,Others,Others,Bitumen(Tar),Others,Not Applicable,Others,Kunigal Nelamangala NH-48 Road,oppt Indas Factory,5 km,0.0,0.0,0,1,0.0,1.0
Bengaluru Dist,Nelamangala Traffic PS,1.04422e+16,2018,1,1,Road Accidents,Other,Rural Areas,Open area,Not Applicable,No,Damage Only,Others,Not at  Junction,Not Applicable,NH,Bitumen(Tar),Others,Not Applicable,Others,nh 4 road,fly over,1,0.0,0.0,0,1,0.0,1.0
Bengaluru Dist,Nelamangala Traffic PS,1.04422e+16,2018,1,3,Road Accidents,Other,Rural Areas,Near a factory industrial area,Human Error,No,Grievous Injury,Others,Controlled,Others,NH,Bitumen(Tar),Dry,Not Applicable,Clear,TUMAKURU TO BANGALORE NH - 4 ROAD,SRINIVAS TEXTILES PROCECING COMPANY,45 FT,0.0,0.0,0,0,0.0,0.0
Bengaluru Dist,Nelamangala Traffic PS,1.04422e+16,2018,1,2,Road Accidents,Other,Rural Areas,Near School or College,Not Applicable,No,Damage Only,Others,Not at  Junction,Others,NH,Bitumen(Tar),Others,Not Applicable,Others,nh4,yedehalli,20,0.0,0.0,0,1,0.0,1.0
Bengaluru Dist,Nelamangala Traffic PS,1.04422e+16,2018,1,2,Road Accidents,Bridge,Rural Areas,Narrow bridge or culverts,Human Error,No,Grievous Injury,Others,Not at  Junction,Others,Expressway,Bitumen(Tar),Others,Construction Work / Material,Others,Dabasapete Bengaluru NH-04 Service Road,Dabaspete Highway Bridge,20 Kms,0.0,0.0,2,1,0.0,3.0
Bengaluru Dist,Nelamangala Traffic PS,1.04422e+16,2018,1,1,Road Accidents,Rail Crossing manned,Rural Areas,Open area,Not Applicable,No,Fatal,Others,Not at  Junction,Others,NH,Bitumen(Tar),Others,Not Applicable,Others,NH4,PRINCE DABA,16,0.0,0.0,0,1,0.0,1.0
Bengaluru Dist,Nelamangala Traffic PS,1.04422e+16,2018,1,2,Road Accidents,Other,Rural Areas,Open area,Vehicle Defect,No,Simple Injury,Others,Not at  Junction,Others,NH,Bitumen(Tar),Others,Not Applicable,Others,NH 4 ROAD,BYADARAHALLI GATE,3,0.0,0.0,0,1,0.0,1.0
Bengaluru Dist,Nelamangala Traffic PS,1.04422e+16,2018,1,2,Road Accidents,Other,Rural Areas,Near or inside a village,Human Error,Yes,Simple Injury,Hit and Run,Not at  Junction,Others,Expressway,Bitumen(Tar),Others,Not Applicable,Others,Tumkuru Bengaluru NH-0 Road,Near Tyamagondlu Cross,8Kms,0.0,0.0,0,1,0.0,1.0
Bengaluru Dist,Nelamangala Traffic PS,1.04422e+16,2018,1,1,Road Accidents,Other,Rural Areas,Near Bus stop,Not Applicable,No,Fatal,Others,Not at  Junction,Others,Others,Bitumen(Tar),Others,Not Applicable,Others,OTHER ROAD,GANESHANAGUDI,2,0.0,0.0,0,1,0.0,1.0
Bengaluru Dist,Nelamangala Traffic PS,1.04422e+16,2018,1,1,Road Accidents,Junction,Rural Areas,Near Bus stop,Human Error,No,Grievous Injury,Hit pedestrian,Uncontrolled,Curve,Others,Surfaced,Dry,Pot holed,Fine,OTHER ROAD,ROAD,01 KM,0.0,0.0,5,0,,
Bengaluru Dist,Nelamangala Traffic PS,1.04422e+16,2018,1,2,Road Accidents,Bridge,Rural Areas,Narrow bridge or culverts,Human Error,No,Simple Injury,Others,Not at  Junction,Others,Expressway,Bitumen(Tar),Not Applicable,Not Applicable,Others,Benaglauru Tumkuru NH 48 Road,OPPT SHRIDEVI TIFFAN CENTRE HOTEL,10 Kms,0.0,0.0,0,0,0.0,0.0
Bengaluru Dist,Nelamangala Traffic PS,1.04422e+16,2018,1,2,Road Accidents,Narrow road,Rural Areas,Open area,Human Error,Yes,Grievous Injury,Others,Uncontrolled,Straight and flat,NH,Bitumen(Tar),Dry,Not Applicable,Fine,NH-4,T BEGURU THYAMAGONDLU CROSS,5KM,0.0,0.0,0,0,0.0,0.0
Bengaluru Dist,Nelamangala Traffic PS,1.04422e+16,2018,1,2,Road Accidents,Y Junction,Rural Areas,Narrow bridge or culverts,Not Applicable,No,Damage Only,Head on,Uncontrolled,Others,Expressway,Surfaced,Dry,Not Applicable,Cloudy,tool cross road,narrow road,10 km,0.0,0.0,0,0,,
Bengaluru Dist,Nelamangala Traffic PS,1.04422e+16,2018,1,2,Road Accidents,Other,Rural Areas,Near office complex,Not Applicable,No,Fatal,Others,Not at  Junction,Not Applicable,NH,Bitumen(Tar),Dry,Not Applicable,Clear,NH4,0,10,0.0,0.0,0,0,0.0,0.0
Bengaluru Dist,Nelamangala Traffic PS,1.04422e+16,2018,1,2,Road Accidents,Other,Rural Areas,Near a factory industrial area,Not Applicable,Yes,Fatal,Not Applicable,Not at  Junction,Others,NH,Bitumen(Tar),Dry,Not Applicable,Clear,NH4,1,6,0.0,0.0,0,0,0.0,0.0
Bengaluru Dist,Nelamangala Traffic PS,1.04422e+16,2018,1,2,Road Accidents,Narrow road,City/Town,Near Bus stop,Human Error,No,Simple Injury,Others,Uncontrolled,Straight and flat,NH,Bitumen(Tar),Dry,Not Applicable,Fine,NH-4,JINDAL BUS STOP,10KM,0.0,0.0,0,0,0.0,0.0
Bengaluru Dist,Nelamangala Traffic PS,1.04422e+16,2018,1,1,Road Accidents,Other,Rural Areas,Near a religious place,Human Error,Yes,Fatal,Others,Not at  Junction,Others,Others,Bitumen(Tar),Others,Not Applicable,Others,Kunigal Nelamangala NH-48,Near Yantaganahally,6,0.0,0.0,0,1,0.0,1.0
Bengaluru Dist,Nelamangala Traffic PS,1.04422e+16,2018,1,2,Road Accidents,Narrow road,City/Town,Near Bus stop,Human Error,Yes,Simple Injury,Hit and Run,Uncontrolled,Straight and flat,NH,Bitumen(Tar),Dry,Not Applicable,Fine,NH-4,H P PETROL BUNK,10KM,0.0,0.0,0,0,0.0,0.0
Bengaluru Dist,Nelamangala Traffic PS,1.04422e+16,2018,1,1,Road Accidents,Other,Rural Areas,Open area,Human Error,No,Damage Only,Run Off Road,Uncontrolled,Straight and flat,NH,Bitumen(Tar),Dry,No influence on accident,Fine,Kunigal Nelamangala NH 48 Road,Near Jodi Hanumanapalya Village,9,0.0,0.0,0,0,0.0,0.0
Bengaluru Dist,Nelamangala Traffic PS,1.04422e+16,2018,1,2,Road Accidents,Junction,Rural Areas,Near Bus stop,Human Error,Not Applicable,Damage Only,Overturning,Uncontrolled,Straight and flat,Expressway,Surfaced,Dry,Not Applicable,Clear,NARROW ROAD,ROAD,05 KM,0.0,0.0,0,0,,
Bengaluru Dist,Nelamangala Traffic PS,1.04422e+16,2018,1,3,Road Accidents,Narrow road,Rural Areas,Open area,Human Error,No,Grievous Injury,Head on,Uncontrolled,Straight and flat,NH,Bitumen(Tar),Dry,Not Applicable,Fine,NH-4,HURULIHALLI CROSS,4KM,0.0,0.0,0,0,0.0,0.0
Bengaluru Dist,Nelamangala Traffic PS,1.04422e+16,2018,1,1,Road Accidents,Other,Rural Areas,Near Petrol Pump,Human Error,No,Simple Injury,Others,Controlled,Others,NH,Bitumen(Tar),Dry,Not Applicable,Clear,TUMKURU TO BANGALORE NH - 4  ROAD,PETROL BUNK,15 FT,0.0,0.0,0,0,0.0,0.0
Bengaluru Dist,Nelamangala Traffic PS,1.04422e+16,2018,1,2,Rail Road Accidents,Junction,Rural Areas,Open area,Human Error,Yes,Grievous Injury,Hit and Run,No signal lights,Curve,NH,Bitumen(Tar),Dry,No influence on accident,Fine,TUMAKURU BENGALURU NH 04 SERVICE ROAD,NEAR TONACHINAKOPPE,05Kms,0.0,0.0,0,0,0.0,0.0
Bengaluru Dist,Nelamangala Traffic PS,1.04422e+16,2018,1,2,Road Accidents,Not Applicable,Rural Areas,Open area,Not Applicable,Not Applicable,Damage Only,Hit and Run,Not at  Junction,Straight and flat,NH,Bitumen(Tar),Dry,Not Applicable,Clear,Thumakur Bangaluru NH-4 Road,Sri Shivakumara Swamyji Industrial Training Centre Road Opp,18,0.0,0.0,0,0,0.0,0.0
Bengaluru Dist,Nelamangala Traffic PS,1.04422e+16,2018,1,1,Road Accidents,Other,Rural Areas,Near a religious place,Not Applicable,Yes,Fatal,Others,Not Applicable,Others,NH,Bitumen(Tar),Others,Not Applicable,Not Applicable,other road,0,2,0.0,0.0,0,1,0.0,1.0
Bengaluru Dist,Nelamangala Traffic PS,1.04422e+16,2018,1,2,Road Accidents,Narrow road,City/Town,Near School or College,Human Error,Yes,Grievous Injury,Hit and Run,Uncontrolled,Straight and flat,Others,Bitumen(Tar),Dry,No influence on accident,Fine,OTHERS ROAD,NEAR BASAVANNADEVARAMATA,1KM,0.0,0.0,0,0,0.0,0.0
Bengaluru Dist,Nelamangala Traffic PS,1.04422e+16,2018,1,2,Road Accidents,Other,Rural Areas,Near or inside a village,Human Error,No,Fatal,Not Applicable,Not at  Junction,Others,NH,Bitumen(Tar),Others,Not Applicable,Others,Benaglauru Tumkuru NH-04 Road,Near Arishinakunte Ksaba H Nelamangala Town,03Kms,0.0,0.0,0,1,0.0,1.0
Bengaluru Dist,Nelamangala Traffic PS,1.04422e+16,2018,1,1,Road Accidents,Other,Rural Areas,Near Bus stop,Human Error,Yes,Simple Injury,Others,Controlled,Others,NH,Bitumen(Tar),Dry,Not Applicable,Clear,TUMAKUR TO BANGALORE NH -4 ROAD,JINDAL BUS STAND,50 FT,0.0,0.0,0,0,0.0,0.0
Bengaluru Dist,Nelamangala Traffic PS,1.04422e+16,2018,1,1,Road Accidents,Other,Rural Areas,Open area,Human Error,No,Damage Only,Others,Controlled,Others,NH,Bitumen(Tar),Dry,Not Applicable,Clear,BANGALORE TO TUMKUR NH-4 ROAD,HIGH WAY NAME ARACH,100 FT,0.0,0.0,0,0,0.0,0.0
Bengaluru Dist,Nelamangala Traffic PS,1.04422e+16,2018,1,2,Road Accidents,Junction,Rural Areas,Near Petrol Pump,Human Error,No,Simple Injury,Head on,Uncontrolled,Straight and flat,Expressway,Surfaced,Dry,Pot holed,Clear,NARROW,ROAD,02 KM,0.0,0.0,5,0,,
Bengaluru Dist,Nelamangala Traffic PS,1.04422e+16,2018,1,1,Road Accidents,Junction,Rural Areas,Affected by encroachments,Human Error,No,Damage Only,Hit fixed object,Give way sign,Others,NH,Bitumen(Tar),Dry,Not Applicable,Clear,BANGALORE - TUMAKUR  NH - 4 HIGH WAY ROAD,JOSS TOLL,5 FT,0.0,0.0,0,0,0.0,0.0
Bengaluru Dist,Nelamangala Traffic PS,1.04422e+16,2018,1,2,Road Accidents,Narrow road,City/Town,Narrow bridge or culverts,Human Error,No,Grievous Injury,Others,Uncontrolled,Straight and flat,NH,Bitumen(Tar),Dry,Not Applicable,Fine,NH-4,TCI BRIDGE,10 KM,0.0,0.0,0,0,0.0,0.0
Bengaluru Dist,Nelamangala Traffic PS,1.04422e+16,2018,1,2,Road Accidents,Other,Rural Areas,Open area,Not Applicable,No,Fatal,Others,Not at  Junction,Others,NH,Bitumen(Tar),Dry,Not Applicable,Others,nh 4,yedehalli u turn,20,0.0,0.0,0,0,0.0,0.0
Bengaluru Dist,Nelamangala Traffic PS,1.04422e+16,2018,1,1,Road Accidents,Narrow road,Rural Areas,Open area,Human Error,No,Grievous Injury,Not Applicable,Uncontrolled,Straight and flat,NH,Bitumen(Tar),Dry,No influence on accident,Fine,NH-4,BOMMANAHALLI GATE,4KM,0.0,0.0,0,0,0.0,0.0
Bengaluru Dist,Nelamangala Traffic PS,1.04422e+16,2018,1,2,Road Accidents,Bridge,City/Town,Near Petrol Pump,Human Error,No,Grievous Injury,Hit and Run,Uncontrolled,Straight and flat,NH,Bitumen(Tar),Dry,No influence on accident,Fine,NH-4,TCI BRIDGE,10KM,0.0,0.0,0,0,0.0,0.0
Bengaluru Dist,Nelamangala Traffic PS,1.04422e+16,2018,1,2,Road Accidents,Cross roads,Rural Areas,Near or inside a village,Human Error,No,Damage Only,Overturning,Uncontrolled,Curve,Expressway,Surfaced,Muddy,Pot holed,Dust Storn,NH-4 ROAD,CROSS ROAD,10 KM,0.0,0.0,5,4,,
Bengaluru Dist,Nelamangala Traffic PS,1.04422e+16,2018,1,2,Road Accidents,Circle,Rural Areas,Open area,Human Error,No,Damage Only,Others,Controlled,Others,NH,Bitumen(Tar),Dry,Not Applicable,Clear,TUMAKUR TO BANGALORE NH -4 ROAD,DIRCATION RIFLECATED BOARD,7 FT,0.0,0.0,0,0,0.0,0.0
Bengaluru Dist,Nelamangala Traffic PS,1.04422e+16,2018,1,2,Road Accidents,Other,City/Town,Near School or College,Human Error,No,Grievous Injury,Others,Uncontrolled,Straight and flat,NH,Bitumen(Tar),Dry,No influence on accident,Fine,TUMAKURU BENGALURU NH 04 ROAD,NEAR MADAVARA,08kms,0.0,0.0,0,0,0.0,0.0
Bengaluru Dist,Nelamangala Traffic PS,1.04422e+16,2018,1,1,Road Accidents,Other,Rural Areas,Near Hospital,Human Error,No,Simple Injury,Hit pedestrian,Controlled,Others,NH,Bitumen(Tar),Dry,Not Applicable,Clear,TUMAKURU TO BANGALORE NH -4 SERVICE ROAD,SHIVAGANGA HOSPITAL,200 FT,0.0,0.0,0,0,0.0,0.0