DISTRICTNAME,UNITNAME,Crime_No,Year,RI,Noofvehicle_involved,Accident_Classification,Accident_Spot,Accident_Location,Accident_SubLocation,Main_Cause,Hit_Run,Severity,Collision_Type,Junction_Control,Road_Character,Road_Type,Surface_Type,Surface_Condition,Road_Condition,Weather,Accident_Road,Landmark_first,Distance_LandMark_First,Latitude,Longitude,Road_Condition_Score,Surface_Condition_Score,Surface_Type_Score,Road_Risk_Index
Bengaluru Dist,Nelamangala Traffic PS,1.04422e+16,2018,1,2,Road Accidents,Narrow road,Rural Areas,Near a factory industrial area,Human Error,No,Grievous Injury,Head on,Uncontrolled,Sharp Curve,Expressway,Surfaced,Dry,Pot holed,Clear,NH-Road,Road,04 KM,0.0,0.0,5,0,,
Bengaluru Dist,Nelamangala Traffic PS,1.04422e+16,2018,1,2,Road Accidents,Other,Rural Areas,Near or inside a village,Human Error,No,Simple Injury,Others,Not at  Junction,Others,NH,Bitumen(Tar),Not Applicable,Not Applicable,Others,Tumkuru Bengaluru NH-4 Road,Near Budihal U Turn,8Kms,0.0,0.0,0,0,0.0,0.0
Bengaluru Dist,Nelamangala Traffic PS,1.04422e+16,2018,1,2,Road Accidents,Narrow road,City/Town,Open area,Human Error,No,Damage Only,Others,Uncontrolled,Straight and flat,NH,Bitumen(Tar),Dry,No influence on accident,Fine,NH-4,MADAVARA,10KM,0.0,0.0,0,0,0.0,0.0
Bengaluru Dist,Nelamangala Traffic PS,1.04422e+16,2018,1,1,Road Accidents,Other,Rural Areas,Open area,Human Error,No,Damage Only,Hit fixed object,Controlled,Others,NH,Bitumen(Tar),Others,Not Applicable,Clear,TUMAKURU TO BANGALORE NH - 4 ROAD,DOON PANJABI DHABA,100 MT,0.0,0.0,0,1,0.0,1.0
Bengaluru Dist,Nelamangala Traffic PS,1.04422e+16,2018,1,1,Road Accidents,Not Applicable,City/Town,Open area,Human Error,Yes,Fatal,Hit pedestrian,Uncontrolled,Straight and flat,NH,Bitumen(Tar),Dry,Not Applicable,Fine,Tumakuru Bengaluru NH 48 Road,Prerana Motors,2KM,0.0,0.0,0,0,0.0,0.0
Bengaluru Dist,Nelamangala Traffic PS,1.04422e+16,2018,1,2,Road Accidents,Other,City/Town,Open area,Human Error,Yes,Simple Injury,Others,Uncontrolled,Others,NH,Bitumen(Tar),Dry,No influence on accident,Fine,BENGALURU TUMAKURU NH 04 SERVICE ROAD ADAKAMARANAHALLI FLYOVER,NEAR ADAKAMARANAHALLI,06Kms,0.0,0.0,0,0,0.0,0.0
Bengaluru Dist,Nelamangala Traffic PS,1.04422e+16,2018,1,2,Road Accidents,Other,Rural Areas,Near office complex,Human Error,No,Damage Only,Others,Not at  Junction,Others,Others,Bitumen(Tar),Others,Not Applicable,Others,Tumkuru Bengaluru NH-0 Road,Oppt Choudary Transport Office,8Kms,0.0,0.0,0,1,0.0,1.0
Bengaluru Dist,Nelamangala Traffic PS,1.04422e+16,2018,1,2,Road Accidents,Other,Rural Areas,Near a factory industrial area,Human Error,No,Damage Only,Others,Not at  Junction,Others,NH,Bitumen(Tar),Others,Not Applicable,Others,Bengaluru Nelamangala NH-04 Road,Near Penci Factory,5 km,0.0,0.0,0,1,0.0,1.0
Bengaluru Dist,Nelamangala Traffic PS,1.04422e+16,2018,1,2,Road Accidents,Narrow road,Rural Areas,Open area,Human Error,No,Damage Only,Head on,Uncontrolled,Straight and flat,NH,Bitumen(Tar),Dry,No influence on accident,Fine,NH-4,T BEGRU,7KM,0.0,0.0,0,0,0.0,0.0
Bengaluru Dist,Nelamangala Traffic PS,1.04422e+16,2018,1,2,Road Accidents,Narrow road,City/Town,Near Bus stop,Human Error,No,Damage Only,Head on,Uncontrolled,Straight and flat,Others,Bitumen(Tar),Dry,Not Applicable,Fine,OTHERS ROAD,DURGA SAGAR HOTEL,1KM,0.0,0.0,0,0,0.0,0.0
Bengaluru Dist,Nelamangala Traffic PS,1.04422e+16,2018,1,1,Road Accidents,Other,Rural Areas,Open area,Not Applicable,No,Fatal,Others,Not at  Junction,Others,NH,Bitumen(Tar),Others,Not Applicable,Others,NH 48,adakamaranahalli fly over,3,0.0,0.0,0,1,0.0,1.0
Bengaluru Dist,Nelamangala Traffic PS,1.04422e+16,2018,1,2,Road Accidents,Other,Rural Areas,Near or inside a village,Human Error,Yes,Simple Injury,Hit and Run,Not at  Junction,Others,NH,Bitumen(Tar),Muddy,Not Applicable,Others,Tumkuru Bengaluru NH-48 Road,Near Kuluvanhalli Lake,8Kms,0.0,0.0,0,4,0.0,4.0
Bengaluru Dist,Nelamangala Traffic PS,1.04422e+16,2018,1,2,Road Accidents,Not Applicable,Rural Areas,Open area,Human Error,Yes,Simple Injury,Vehicle to Vehicle,Uncontrolled,Straight and flat,NH,Bitumen(Tar),Dry,No influence on accident,Fine,NH-48,NEAR RAYARPALYA,23KM,0.0,0.0,0,0,0.0,0.0
Bengaluru Dist,Nelamangala Traffic PS,1.04422e+16,2018,1,2,Road Accidents,Other,Rural Areas,Near office complex,Not Applicable,No,Fatal,Others,Not at  Junction,Not Applicable,NH,Bitumen(Tar),Others,Not Applicable,Others,NH 48,PRESTIN GODOWN,6,0.0,0.0,0,1,0.0,1.0
Bengaluru Dist,Nelamangala Traffic PS,1.04422e+16,2018,1,2,Road Accidents,Other,Rural Areas,Open area,Human Error,No,Grievous Injury,Others,Uncontrolled,Straight and flat,NH,Bitumen(Tar),Dry,No influence on accident,Fine,Kunigal Nelamangala NH 48 Road,Near Cadbiers Factory,08kms,0.0,0.0,0,0,0.0,0.0
Bengaluru Dist,Nelamangala Traffic PS,1.04422e+16,2018,1,2,Road Accidents,Other,Rural Areas,Near office complex,Human Error,No,Damage Only,Others,Controlled,Others,NH,Bitumen(Tar),Dry,Not Applicable,Clear,BANGALORE TO TUMKUMR  N H - 4 ROAD,HIGH TECH DHABA,15 FT,0.0,0.0,0,0,0.0,0.0
Bengaluru Dist,Nelamangala Traffic PS,1.04422e+16,2018,1,2,Road Accidents,Other,City/Town,Open area,Human Error,No,Damage Only,Others,Uncontrolled,Straight and flat,NH,Bitumen(Tar),Dry,No influence on accident,Fine,Tumkuru Bengaluru NH-04  Service Road,Near Naishnavi Hotel,01Kms,0.0,0.0,0,0,0.0,0.0
Bengaluru Dist,Nelamangala Traffic PS,1.04422e+16,2018,1,1,Road Accidents,Other,Rural Areas,Open area,Human Error,No,Simple Injury,Others,Uncontrolled,Straight and flat,NH,Bitumen(Tar),Dry,No influence on accident,Fine,Bengaluru Tumkuru NH 04 Road,Near Dabasapete,20KMs,0.0,0.0,0,0,0.0,0.0
Bengaluru Dist,Nelamangala Traffic PS,1.04422e+16,2018,1,2,Road Accidents,Narrow road,City/Town,Open area,Human Error,No,Grievous Injury,Head on,Uncontrolled,Straight and flat,NH,Bitumen(Tar),Dry,No influence on accident,Fine,NH4,ARISHINAKUNTE TOLL,3KM,0.0,0.0,0,0,0.0,0.0
Bengaluru Dist,Nelamangala Traffic PS,1.04422e+16,2018,1,2,Road Accidents,Narrow road,Rural Areas,Open area,Human Error,No,Grievous Injury,Others,Uncontrolled,Straight and flat,NH,Bitumen(Tar),Dry,Not Applicable,Fine,NH-48,CADBARIES FACTORY,10KM,0.0,0.0,0,0,0.0,0.0
Bengaluru Dist,Nelamangala Traffic PS,1.04422e+16,2018,1,1,Road Accidents,Narrow road,City/Town,Near Bus stop,Human Error,No,Not Applicable,Not Applicable,Uncontrolled,Straight and flat,NH,Bitumen(Tar),Dry,Not Applicable,Fine,NH-4,ARISHINAKUNTE TOLL,4KM,0.0,0.0,0,0,0.0,0.0
Bengaluru Dist,Nelamangala Traffic PS,1.04422e+16,2018,1,1,Road Accidents,Other,Rural Areas,Open area,Human Error,No,Simple Injury,Hit pedestrian,Controlled,Others,Others,Bitumen(Tar),Dry,Not Applicable,Clear,MADAVARA TO ELECTRONICA CITY NICE ROAD,GANGONDANAHALLI LAKE,55 FT,0.0,0.0,0,0,0.0,0.0
Bengaluru Dist,Nelamangala Traffic PS,1.04422e+16,2018,1,1,Road Accidents,Other,City/Town,Open area,Human Error,Yes,Grievous Injury,Hit and Run,Uncontrolled,Straight and flat,NH,Bitumen(Tar),Dry,No influence on accident,Fine,BENGALURU TUMAKURU NH 04 ROAD,NEAR MADAVAR,15KMS,0.0,0.0,0,0,0.0,0.0
Bengaluru Dist,Nelamangala Traffic PS,1.04422e+16,2018,1,2,Road Accidents,Narrow road,Rural Areas,Near Hospital,Human Error,No,Simple Injury,Head on,Controlled,Others,Service Road,Surfaced,Dry,Not Applicable,Clear,SERVICE ROAD,OTHER ROAD,10 KM,0.0,0.0,0,0,,
Bengaluru Dist,Nelamangala Traffic PS,1.04422e+16,2018,1,1,Road Accidents,Narrow road,Rural Areas,Open area,Human Error,No,Grievous Injury,Head on,Uncontrolled,Straight and flat,NH,Bitumen(Tar),Dry,Not Applicable,Fine,NH-4,HANUMANTHAPURA GATE,10KM,0.0,0.0,0,0,0.0,0.0
Bengaluru Dist,Nelamangala Traffic PS,1.04422e+16,2018,1,1,Road Accidents,Other,Rural Areas,Open area,Human Error,No,Grievous Injury,Hit pedestrian,Uncontrolled,Straight and flat,Others,Bitumen(Tar),Dry,No influence on accident,Fine,nelamangala doddabalapura road,near keb quatras,03Kms,0.0,0.0,0,0,0.0,0.0
Bengaluru Dist,Nelamangala Traffic PS,1.04422e+16,2018,1,2,Road Accidents,Curves,Rural Areas,Near a factory industrial area,Human Error,No,Grievous Injury,Head on,Uncontrolled,Curve,Expressway,Surfaced,Dry,Pot holed,Fine,Narrow road,Road,01 km,0.0,0.0,5,0,,
Bengaluru Dist,Nelamangala Traffic PS,1.04422e+16,2018,1,1,Road Accidents,Narrow road,Rural Areas,Open area,Human Error,No,Grievous Injury,Head on,Uncontrolled,Straight and flat,NH,Bitumen(Tar),Dry,Not Applicable,Fine,NH4,BOMMANAHALLI VILLAGE,5KM,0.0,0.0,0,0,0.0,0.0
Bengaluru Dist,Nelamangala Traffic PS,1.04422e+16,2018,1,1,Road Accidents,Other,City/Town,Near Bus stop,Human Error,No,Simple Injury,Others,Controlled,Hump,City or Town Road,Bitumen(Tar),Dry,Not Applicable,Others,"ARISINAKUNTE, ADARSHNAGARA ROAD",K E B TRANFARM,25 FT,0.0,0.0,0,0,0.0,0.0
Bengaluru Dist,Nelamangala Traffic PS,1.04422e+16,2018,1,3,Road Accidents,Narrow road,City/Town,Open area,Human Error,No,Damage Only,Head on,Uncontrolled,Straight and flat,NH,Bitumen(Tar),Dry,No influence on accident,Fine,NH-4,DASANAPURA  SVCN COLLAGE OPP,6KM,0.0,0.0,0,0,0.0,0.0
Bengaluru Dist,Nelamangala Traffic PS,1.04422e+16,2018,1,2,Road Accidents,Other,Rural Areas,Near School or College,Human Error,No,Damage Only,Others,Not at  Junction,Others,Others,Bitumen(Tar),Others,Not Applicable,Others,Tumkuru Bengaluru NH-04 Road,NEAR BELI MATA NELAMANGALA TOWN,300Mtr,0.0,0.0,0,1,0.0,1.0
Bengaluru Dist,Nelamangala Traffic PS,1.04422e+16,2018,1,2,Road Accidents,Other,Rural Areas,Near or inside a village,Human Error,No,Fatal,Others,Not at  Junction,Others,Expressway,Bitumen(Tar),Others,Not Applicable,Others,NH 04 Road,Near Kulavanahally U Turn,8Kms,0.0,0.0,0,1,0.0,1.0
Bengaluru Dist,Nelamangala Traffic PS,1.04422e+16,2018,1,2,Road Accidents,Cross roads,Rural Areas,Near or inside a village,Human Error,No,Simple Injury,Overturning,No signal lights,Curve,Expressway,Surfaced,Dry,Pot holed,Clear,NH-4,NEAR KENGAL KENPOHALLI,10Kms,0.0,0.0,5,0,,
Bengaluru Dist,Nelamangala Traffic PS,1.04422e+16,2018,1,1,Road Accidents,Other,Rural Areas,Open area,Human Error,No,Simple Injury,Others,Uncontrolled,Straight and flat,NH,Bitumen(Tar),Dry,No influence on accident,Fine,TUMAKURU BENGALURU NH 04 SERVICE ROAD,NEAR BYADARAHALLI GATE,02Kms,0.0,0.0,0,0,0.0,0.0
Bengaluru Dist,Nelamangala Traffic PS,1.04422e+16,2018,1,2,Road Accidents,Narrow road,City/Town,Residential area,Human Error,Yes,Grievous Injury,Hit and Run,Uncontrolled,Straight and flat,NH,Bitumen(Tar),Dry,No influence on accident,Fine,NH-4,OPP PRESTIGE JIDAL CITY,12KM,0.0,0.0,0,0,0.0,0.0
Bengaluru Dist,Nelamangala Traffic PS,1.04422e+16,2018,1,2,Road Accidents,Junction,City/Town,Near Hospital,Human Error,No,Simple Injury,Others,Controlled,Others,Others,Bitumen(Tar),Dry,Not Applicable,Clear,BANGALORE - NELAMANGALA B H ROAD,V P MAGNIS HOSPITAL,20 ft,0.0,0.0,0,0,0.0,0.0
Bengaluru Dist,Nelamangala Traffic PS,1.04422e+16,2018,1,1,Road Accidents,Narrow road,Rural Areas,Open area,Not Applicable,Yes,Fatal,Hit pedestrian,Not at  Junction,Others,NH,Bitumen(Tar),Others,Not Applicable,Others,BANGALORE TUMKUR  NH4 ROAD DABASPET NEAR,HARIYANA RAJASTHANI DABA,20,0.0,0.0,0,1,0.0,1.0
Bengaluru Dist,Nelamangala Traffic PS,1.04422e+16,2018,1,1,Road Accidents,Other,Rural Areas,Near or inside a village,Human Error,No,Simple Injury,Others,Not at  Junction,Others,NH,Bitumen(Tar),Others,Not Applicable,Others,Tumkuru Bengaluru NH-0 Service Road,Near Bommanahalli,04 KM,0.0,0.0,0,1,0.0,1.0
Bengaluru Dist,Nelamangala Traffic PS,1.04422e+16,2018,1,1,Road Accidents,Narrow road,City/Town,Near a factory industrial area,Human Error,No,Damage Only,Others,Uncontrolled,Straight and flat,NH,Bitumen(Tar),Dry,No influence on accident,Fine,NH-4,HIMALAYA DRUGH,6KM,0.0,0.0,0,0,0.0,0.0
Bengaluru Dist,Nelamangala Traffic PS,1.04422e+16,2018,1,2,Road Accidents,Other,Rural Areas,Near or inside a village,Human Error,No,Simple Injury,Others,Not at  Junction,Others,NH,Bitumen(Tar),Others,Not Applicable,Others,Tumkuru Bengaluru NH-0 Road,Near village,12kms,0.0,0.0,0,1,0.0,1.0
Bengaluru Dist,Nelamangala Traffic PS,1.04422e+16,2018,1,2,Road Accidents,Other,Rural Areas,Open area,Not Applicable,Yes,Fatal,Others,Not at  Junction,Others,NH,Bitumen(Tar),Others,Not Applicable,Not Applicable,NH4,SOWRASHTRA ROADWAYS,6,0.0,0.0,0,1,0.0,1.0
Bengaluru Dist,Nelamangala Traffic PS,1.04422e+16,2018,1,2,Road Accidents,Other,Rural Areas,Open area,Not Applicable,No,Simple Injury,Others,Not at  Junction,Not Applicable,NH,Bitumen(Tar),Others,Not Applicable,Others,NH 4 ROAD,kunigal circle FLY OVER BRIDGE,2,0.0,0.0,0,1,0.0,1.0
Bengaluru Dist,Nelamangala Traffic PS,1.04422e+16,2018,1,1,Road Accidents,Other,Rural Areas,Open area,Not Applicable,No,Grievous Injury,Others,Not at  Junction,Others,NH,Bitumen(Tar),Others,Not Applicable,Others,nh 4 express,prakash road lines,6,0.0,0.0,0,1,0.0,1.0
Bengaluru Dist,Nelamangala Traffic PS,1.04422e+16,2018,1,1,Road Accidents,Other,Rural Areas,Near or inside a village,Human Error,Yes,Simple Injury,Others,Not at  Junction,Others,Others,Bitumen(Tar),Others,Not Applicable,Others,Tumkuru Bengaluru NH-0 Road,Near village,4KM,0.0,0.0,0,1,0.0,1.0
Bengaluru Dist,Nelamangala Traffic PS,1.04422e+16,2018,1,1,Road Accidents,Cross roads,Rural Areas,Near or inside a village,Human Error,No,Simple Injury,Hit pedestrian,Uncontrolled,Straight and flat,NH,Bitumen(Tar),Dry,No influence on accident,Clear,Kunigal Nelamangala NH-48 Road,shivakumar shop,2 km,0.0,0.0,0,0,0.0,0.0
Bengaluru Dist,Nelamangala Traffic PS,1.04422e+16,2018,1,2,Road Accidents,Other,Rural Areas,Open area,Not Applicable,Yes,Fatal,Others,Not at  Junction,Others,NH,Bitumen(Tar),Others,Not Applicable,Others,NH 4,T BEGUR,6,0.0,0.0,0,1,0.0,1.0
Bengaluru Dist,Nelamangala Traffic PS,1.04422e+16,2018,1,3,Road Accidents,Other,Rural Areas,Open area,Human Error,No,Damage Only,Rear end,Uncontrolled,Others,NH,Bitumen(Tar),Dry,No influence on accident,Fine,TUMAKURU BENGALURU NH 48 ROAD,Near Bommmahalli,03 KM,0.0,0.0,0,0,0.0,0.0
Bengaluru Dist,Nelamangala Traffic PS,1.04422e+16,2018,1,1,Road Accidents,Other,Rural Areas,Open area,Not Applicable,Yes,Fatal,Others,Not at  Junction,Others,NH,Bitumen(Tar),Others,Not Applicable,Others,NH 48,PUNCTURE SHOP,2,0.0,0.0,0,1,0.0,1.0
Bengaluru Dist,Nelamangala Traffic PS,1.04422e+16,2018,1,1,Road Accidents,Other,City/Town,Open area,Human Error,No,Grievous Injury,Hit fixed object,Uncontrolled,Straight and flat,NH,Bitumen(Tar),Dry,No influence on accident,Fine,BENGALURU TUMAKURU NH 48 ROAD,NEAR MADAVARA,08kms,0.0,0.0,0,0,0.0,0.0
Bengaluru Dist,Nelamangala Traffic PS,1.04422e+16,2018,1,2,Road Accidents,Cross roads,Rural Areas,Near Bus stop,Human Error,No,Damage Only,Head on,Controlled,Slight Curve,Service Road,Surfaced,Muddy,Not Applicable,Cloudy,NARROW ROAD,ROAD,10 kM,0.0,0.0,0,4,,
Bengaluru Dist,Nelamangala Traffic PS,1.04422e+16,2018,1,2,Road Accidents,Other,Rural Areas,Open area,Vehicle Defect,Yes,Fatal,Hit pedestrian,Not at  Junction,Not Applicable,NH,Bitumen(Tar),Not Applicable,Not Applicable,Clear,nh4,0,6,0.0,0.0,0,0,0.0,0.0
Bengaluru Dist,Nelamangala Traffic PS,1.04422e+16,2018,1,1,Road Accidents,Other,Rural Areas,Open area,Human Error,No,Damage Only,Side swipe,Stop sign,Others,NH,Bitumen(Tar),Dry,No influence on accident,Fine,TUMAKURU BENGALURU NH 04 ROAD,NEAR KENGAL KENPOHALLI,18KMS,0.0,0.0,0,0,0.0,0.0
Bengaluru Dist,Nelamangala Traffic PS,1.04422e+16,2018,1,2,Road Accidents,Narrow road,Rural Areas,Residential area,Human Error,No,Damage Only,Others,Stop sign,Straight and flat,NH,Bitumen(Tar),Dry,No influence on accident,Fine,NH-4,THONACHINAKUPPE VILLAGE,4KM,0.0,0.0,0,0,0.0,0.0
Bengaluru Dist,Nelamangala Traffic PS,1.04422e+16,2018,1,2,Road Accidents,Narrow road,City/Town,Open area,Human Error,No,Damage Only,Others,Uncontrolled,Straight and flat,NH,Bitumen(Tar),Dry,Not Applicable,Fine,NH-4,NADGIR COLLAGE,10 KM,0.0,0.0,0,0,0.0,0.0
Bengaluru Dist,Nelamangala Traffic PS,1.04422e+16,2018,1,2,Road Accidents,Narrow road,City/Town,Open area,Human Error,Yes,Grievous Injury,Hit and Run,Uncontrolled,Straight and flat,NH,Bitumen(Tar),Dry,No influence on accident,Fine,NH4,ADAKAMARANAHALLI,8KM,0.0,0.0,0,0,0.0,0.0
Bengaluru Dist,Nelamangala Traffic PS,1.04422e+16,2018,1,2,Road Accidents,Other,City/Town,Open area,Human Error,No,Damage Only,Others,Uncontrolled,Straight and flat,NH,Bitumen(Tar),Dry,No influence on accident,Fine,Bengaluru Tumkuru NH 04 Service Road,Near Madavara,15Kms,0.0,0.0,0,0,0.0,0.0
Bengaluru Dist,Nelamangala Traffic PS,1.04422e+16,2018,1,2,Road Accidents,Other,Rural Areas,Open area,Human Error,No,Simple Injury,Side swipe,Controlled,Others,NH,Bitumen(Tar),Dry,Not Applicable,Clear,TUMKUR TO BANGALOE NH - 4 ROAD,H P DHABA OPPSITE,100 FT,0.0,0.0,0,0,0.0,0.0
Bengaluru Dist,Nelamangala Traffic PS,1.04422e+16,2018,1,2,Road Accidents,Other,City/Town,Open area,Human Error,No,Damage Only,Others,Uncontrolled,Straight and flat,NH,Bitumen(Tar),Dry,No influence on accident,Fine,Bengaluru Tumkuru NH 04 Service Road,NEAR ADAKAMARANAHALLI,15Kms,0.0,0.0,0,0,0.0,0.0
Bengaluru Dist,Nelamangala Traffic PS,1.04422e+16,2018,1,1,Road Accidents,Staggered junction,Rural Areas,Open area,Human Error,Not Applicable,Damage Only,Hit fixed object,Uncontrolled,Others,Expressway,Surfaced,Dry,Pot holed,Clear,TOLL AERY,ROAD,7,0.0,0.0,5,0,,
Bengaluru Dist,Nelamangala Traffic PS,1.04422e+16,2018,1,2,Road Accidents,Narrow road,Rural Areas,Near Petrol Pump,Human Error,No,Damage Only,Not Applicable,Uncontrolled,Straight and flat,NH,Bitumen(Tar),Dry,No influence on accident,Fine,NH-4,IOC PETROL BUNK,20KM,0.0,0.0,0,0,0.0,0.0
Bengaluru Dist,Nelamangala Traffic PS,1.04422e+16,2018,1,1,Road Accidents,Not Applicable,Not Applicable,Near Petrol Pump,Not Applicable,Yes,Fatal,Hit and Run,Not Applicable,Straight and flat,NH,Bitumen(Tar),Dry,Not Applicable,Clear,Bangaluru Thumakur NH-4 Road,Chikkabidarakallu Petrol Bank Near,12 K M,0.0,0.0,0,0,0.0,0.0
Bengaluru Dist,Nelamangala Traffic PS,1.04422e+16,2018,1,2,Road Accidents,Curves,Rural Areas,Near or inside a village,Human Error,No,Damage Only,Head on,Uncontrolled,Straight and flat,Expressway,Surfaced,Dry,Not Applicable,Clear,NARROW ROAD,ROAD,15 KM,0.0,0.0,0,0,,
Bengaluru Dist,Nelamangala Traffic PS,1.04422e+16,2018,1,2,Road Accidents,Narrow road,Rural Areas,Near or inside a village,Vehicle Defect,Yes,Grievous Injury,Hit and Run,No signal lights,Straight and flat,Expressway,Surfaced,Dry,Pot holed,Fine,NARROW ROAD,ROAD,2 KM,0.0,0.0,5,0,,
Bengaluru Dist,Nelamangala Traffic PS,1.04422e+16,2018,1,1,Road Accidents,Not Applicable,Rural Areas,Near a factory industrial area,Not Applicable,Yes,Fatal,Hit and Run,Not Applicable,Curve,NH,Bitumen(Tar),Dry,Not Applicable,Clear,Kunigal Nelamangala NH-48 Road,Maco Factory Opp,3 K M,0.0,0.0,0,0,0.0,0.0
Bengaluru Dist,Nelamangala Traffic PS,1.04422e+16,2018,1,2,Road Accidents,Narrow road,City/Town,Open area,Human Error,Yes,Grievous Injury,Hit and Run,Uncontrolled,Straight and flat,NH,Bitumen(Tar),Dry,No influence on accident,Fine,NH-4,PUSHPA BAIREGOWDA KALYANAMANTAPA,2KM,0.0,0.0,0,0,0.0,0.0
Bengaluru Dist,Nelamangala Traffic PS,1.04422e+16,2018,1,2,Road Accidents,Other,Rural Areas,Near office complex,Human Error,No,Simple Injury,Hit parked vehicle,Controlled,Others,NH,Bitumen(Tar),Dry,Not Applicable,Clear,BANGALORE - TUMAKUR  NH - 4 HIGH WAY ROAD,SKY WALK,20 ft,0.0,0.0,0,0,0.0,0.0
Bengaluru Dist,Nelamangala Traffic PS,1.04422e+16,2018,1,2,Road Accidents,Other,Rural Areas,Open area,Human Error,No,Not Applicable,Others,Uncontrolled,Straight and flat,NH,Bitumen(Tar),Dry,No influence on accident,Fine,BENGALURU TUMKAURU NH 04 ROAD,NEAR NELAMANGALA,500M,0.0,0.0,0,0,0.0,0.0
Bengaluru Dist,Nelamangala Traffic PS,1.04422e+16,2018,1,2,Road Accidents,Narrow road,Rural Areas,Open area,Human Error,No,Grievous Injury,Head on,Uncontrolled,Straight and flat,NH,Bitumen(Tar),Dry,Not Applicable,Fine,NH-48,SEETHARAMABHATTARAPALYA,5KM,0.0,0.0,0,0,0.0,0.0
Bengaluru Dist,Nelamangala Traffic PS,1.04422e+16,2018,1,1,Road Accidents,Offset,Rural Areas,Open area,Human Error,Yes,Fatal,Hit pedestrian,Uncontrolled,Straight and flat,NH,Bitumen(Tar),Dry,No influence on accident,Fine,TUMKUR BANGALORE NH4 ROAD,8,8,0.0,0.0,0,0,0.0,0.0
Bengaluru Dist,Nelamangala Traffic PS,1.04422e+16,2018,1,1,Road Accidents,Other,Rural Areas,Near Petrol Pump,Human Error,No,Damage Only,Head on,Controlled,Others,NH,Bitumen(Tar),Dry,Not Applicable,Clear,BANGALORE TO TUMAKUR NH -4 HIGH WAY ROAD,INDIAN OIL PETROL BUNK,60 FT,0.0,0.0,0,0,0.0,0.0
Bengaluru Dist,Nelamangala Traffic PS,1.04422e+16,2018,1,2,Road Accidents,Other,Rural Areas,Open area,Human Error,No,Damage Only,Others,Uncontrolled,Others,NH,Bitumen(Tar),Dry,No influence on accident,Fine,BENGALURU TUMAKURU NH 04 ROAD,NEAR KBD FACTORY,2,0.0,0.0,0,0,0.0,0.0
Bengaluru Dist,Nelamangala Traffic PS,1.04422e+16,2018,1,2,Road Accidents,Narrow road,Rural Areas,Near a factory industrial area,Human Error,No,Damage Only,Head on,Uncontrolled,Straight and flat,NH,Bitumen(Tar),Dry,Not Applicable,Fine,NH-4,T BEGRU TATA GLOBAL BEVARAJES,7KM,0.0,0.0,0,0,0.0,0.0
Bengaluru Dist,Nelamangala Traffic PS,1.04422e+16,2018,1,2,Road Accidents,Other,Rural Areas,Open area,Human Error,No,Grievous Injury,Rear end,Uncontrolled,Others,NH,Bitumen(Tar),Dry,No influence on accident,Fine,tumakuru bengluru nh 04 road,near mahimapura gate,15kms,0.0,0.0,0,0,0.0,0.0
Bengaluru Dist,Nelamangala Traffic PS,1.04422e+16,2018,1,1,Road Accidents,Other,Rural Areas,Near office complex,Human Error,No,Simple Injury,Hit fixed object,Controlled,Others,NH,Bitumen(Tar),Dry,Not Applicable,Clear,TUMAKUR TO BANGALORE NH 4 SERVICE RAOD,NELAMANGALA RURAL POLICE STATION,75 FT,0.0,0.0,0,0,0.0,0.0
Bengaluru Dist,Nelamangala Traffic PS,1.04422e+16,2018,1,1,Road Accidents,Road hump or Rumble strips,Rural Areas,Near or inside a village,Human Error,No,Grievous Injury,Head on,Uncontrolled,Hump,City or Town Road,Surfaced,Others,Pot holed,Dust Storn,INSIDE ROAD,ROAD,1 KM,0.0,0.0,5,1,,
Bengaluru Dist,Nelamangala Traffic PS,1.04422e+16,2018,1,1,Road Accidents,Other,Rural Areas,Open area,Not Applicable,No,Fatal,Others,Not at  Junction,Others,NH,Bitumen(Tar),Others,Not Applicable,Others,YANTAGANAHALLI PALYA,MADAIAH LAND,6,0.0,0.0,0,1,0.0,1.0
Bengaluru Dist,Nelamangala Traffic PS,1.04422e+16,2018,1,1,Road Accidents,Narrow road,Rural Areas,Open area,Human Error,No,Grievous Injury,Head on,Uncontrolled,Straight and flat,Expressway,Surfaced,Wet,Pot holed,Clear,NH-4 ROAD,ROAD,20 KM,0.0,0.0,5,3,,
Bengaluru Dist,Nelamangala Traffic PS,1.04422e+16,2018,1,2,Road Accidents,Narrow road,City/Town,Open area,Human Error,No,Grievous Injury,Head on,Uncontrolled,Straight and flat,NH,Bitumen(Tar),Dry,No influence on accident,Fine,NH-48,KUNIGAL CIRCLE,1KM,0.0,0.0,0,0,0.0,0.0
Bengaluru Dist,Nelamangala Traffic PS,1.04422e+16,2018,1,2,Road Accidents,Other,Rural Areas,Open area,Human Error,No,Damage Only,Others,Not at  Junction,Others,NH,Bitumen(Tar),Others,Not Applicable,Others,nh4,pyaru daba,20,0.0,0.0,0,1,0.0,1.0
Bengaluru Dist,Nelamangala Traffic PS,1.04422e+16,2018,1,1,Not Applicable,Other,Rural Areas,Near or inside a village,Human Error,No,Simple Injury,Others,Not at  Junction,Others,NH,Bitumen(Tar),Others,Not Applicable,Others,Kunigal Nelamangala NH-48,Near Yantaganahalli U Turn,5 km,0.0,0.0,0,1,0.0,1.0
Bengaluru Dist,Nelamangala Traffic PS,1.04422e+16,2018,1,2,Road Accidents,Narrow road,City/Town,Open area,Human Error,Yes,Grievous Injury,Hit and Run,Uncontrolled,Straight and flat,NH,Bitumen(Tar),Dry,Not Applicable,Fine,NH-4,ARISHINAKUNTE TOLL,3KM,0.0,0.0,0,0,0.0,0.0
Bengaluru Dist,Nelamangala Traffic PS,1.04422e+16,2018,1,2,Road Accidents,Cross roads,Rural Areas,Near or inside a village,Human Error,Yes,Simple Injury,Hit and Run,Uncontrolled,Curve,Expressway,Surfaced,Dry,Not Applicable,Fine,NH-48 ROAD,NATIOANAL ROAD,10 KM,0.0,0.0,0,0,,
Bengaluru Dist,Nelamangala Traffic PS,1.04422e+16,2018,1,1,Road Accidents,Narrow road,City/Town,Near Bus stop,Human Error,Yes,Grievous Injury,Hit and Run,Uncontrolled,Straight and flat,NH,Bitumen(Tar),Dry,Not Applicable,Fine,NH-4,PADMAVATHI KALYANA MANTAPA,8KM,0.0,0.0,0,0,0.0,0.0
Bengaluru Dist,Nelamangala Traffic PS,1.04422e+16,2018,1,1,Road Accidents,Other,Rural Areas,Open area,Not Applicable,No,Fatal,Others,Not at  Junction,Others,NH,Bitumen(Tar),Not Applicable,Not Applicable,Others,nh4,billinakote hosahalli gate,18,0.0,0.0,0,0,0.0,0.0