DISTRICTNAME,UNITNAME,Crime_No,Year,RI,Noofvehicle_involved,Accident_Classification,Accident_Spot,Accident_Location,Accident_SubLocation,Main_Cause,Hit_Run,Severity,Collision_Type,Junction_Control,Road_Character,Road_Type,Surface_Type,Surface_Condition,Road_Condition,Weather,Accident_Road,Landmark_first,Distance_LandMark_First,Latitude,Longitude,Road_Condition_Score,Surface_Condition_Score,Surface_Type_Score,Road_Risk_Index
Bengaluru Dist,Nelamangala Traffic PS,1.04422e+16,2018,1,2,Road Accidents,Narrow road,Rural Areas,Open area,Human Error,No,Simple Injury,Head on,Uncontrolled,Straight and flat,Expressway,Surfaced,Dry,Pot holed,Clear,NH-4 ROAD,ROAD,03 KM,0.0,0.0,5,0,,
Bengaluru Dist,Nelamangala Traffic PS,1.04422e+16,2018,1,1,Road Accidents,Junction,City/Town,Residential area,Human Error,No,Simple Injury,Hit pedestrian,Controlled,Others,Others,Bitumen(Tar),Dry,Not Applicable,Clear,T B BUS STOP TO NH - 4 CONNECTED WAY,BABU JANERAL STORE,15 FT,0.0,0.0,0,0,0.0,0.0
Bengaluru Dist,Nelamangala Traffic PS,1.04422e+16,2018,1,2,Road Accidents,Narrow road,Rural Areas,Open area,Human Error,Yes,Grievous Injury,Hit and Run,Uncontrolled,Straight and flat,NH,Bitumen(Tar),Dry,No influence on accident,Fine,NH-4,T BEGRU,7KM,0.0,0.0,0,0,0.0,0.0
Bengaluru Dist,Nelamangala Traffic PS,1.04422e+16,2018,1,1,Rail Road Accidents,Other,City/Town,Open area,Human Error,No,Grievous Injury,Others,Uncontrolled,Straight and flat,NH,Bitumen(Tar),Dry,No influence on accident,Fine,TUMAKURU BENGALURU NH 04 SERVICE ROAD,NEAR DASANAPURA MRF SHOWROOM,05KMS,0.0,0.0,0,0,0.0,0.0
Bengaluru Dist,Nelamangala Traffic PS,1.04422e+16,2018,1,2,Road Accidents,Junction,Rural Areas,At pedestrian Crossing,Human Error,No,Damage Only,Head on,Uncontrolled,Curve,Expressway,Surfaced,Muddy,Pot holed,Dust Storn,NH-4 ROAD,ROAD,05 KM,0.0,0.0,5,4,,
Bengaluru Dist,Nelamangala Traffic PS,1.04422e+16,2018,1,2,Road Accidents,Narrow road,Rural Areas,Open area,Human Error,No,Grievous Injury,Others,Uncontrolled,Straight and flat,NH,Bitumen(Tar),Dry,No influence on accident,Fine,NH-4,HANUMANTHAPURA COLONY,12KM,0.0,0.0,0,0,0.0,0.0
Bengaluru Dist,Nelamangala Traffic PS,1.04422e+16,2018,1,1,Road Accidents,Curves,Rural Areas,Near office complex,Human Error,Yes,Simple Injury,Hit and Run,Uncontrolled,Straight and flat,Others,Surfaced,Muddy,Pot holed,Cloudy,Other Road,Road,01 KM,0.0,0.0,5,4,,
Bengaluru Dist,Nelamangala Traffic PS,1.04422e+16,2018,1,2,Not Applicable,Other,Rural Areas,Near office complex,Human Error,No,Simple Injury,Others,Controlled,Others,NH,Bitumen(Tar),Dry,Not Applicable,Clear,BANGALORE - TUMAKURUA NH - 4 ROAD,LAKSHMI CONVENTION HALL,50 FT,0.0,0.0,0,0,0.0,0.0
Bengaluru Dist,Nelamangala Traffic PS,1.04422e+16,2018,1,2,Road Accidents,Offset,City/Town,Near School or College,Human Error,No,Damage Only,Others,Uncontrolled,Straight and flat,NH,Bitumen(Tar),Dry,No influence on accident,Fine,TUMAKURU BENGALURU NH 4 SERVICE ROAD,NEAR MADAVARA,13KMS,0.0,0.0,0,0,0.0,0.0
Bengaluru Dist,Nelamangala Traffic PS,1.04422e+16,2018,1,2,Road Accidents,Other,Rural Areas,Near office complex,Human Error,No,Simple Injury,Others,Not at  Junction,Others,Others,Bitumen(Tar),Others,Not Applicable,Others,Ambedkar circle to Kunigal Circle,Nelamangala Town Telephone Exchange Office,1 km,0.0,0.0,0,1,0.0,1.0
Bengaluru Dist,Nelamangala Traffic PS,1.04422e+16,2018,1,1,Road Accidents,Other,Rural Areas,Near Bus stop,Human Error,Yes,Simple Injury,Others,Not at  Junction,Others,Others,Bitumen(Tar),Others,Not Applicable,Others,Benaglauru Nelamangala BH-Road,Near Subhash nagara bus stop,3,0.0,0.0,0,1,0.0,1.0
Bengaluru Dist,Nelamangala Traffic PS,1.04422e+16,2018,1,2,Road Accidents,Not Applicable,Rural Areas,Open area,Human Error,No,Grievous Injury,Vehicle to Vehicle,Police / Manual,Straight and flat,NH,Bitumen(Tar),Dry,Not Applicable,Clear,BANGALORE TUMAKURU NH 48 SARVICE ROAD,BANGALORE TUMAKURU NH 48 SERVICE ROAD,8 KM,0.0,0.0,0,0,0.0,0.0
Bengaluru Dist,Nelamangala Traffic PS,1.04422e+16,2018,1,1,Road Accidents,Other,Rural Areas,Open area,Not Applicable,No,Fatal,Others,Not at  Junction,Others,NH,Bitumen(Tar),Others,Not Applicable,Others,NH 4,3,4,0.0,0.0,0,1,0.0,1.0
Bengaluru Dist,Nelamangala Traffic PS,1.04422e+16,2018,1,1,Road Accidents,Other,Rural Areas,Near a factory industrial area,Human Error,No,Damage Only,Others,Not at  Junction,Others,NH,Bitumen(Tar),Others,Not Applicable,Others,Benaglauru Tumkuru NH-04 Road,Near Makali Himalaya Drug Factory,12kms,0.0,0.0,0,1,0.0,1.0
Bengaluru Dist,Nelamangala Traffic PS,1.04422e+16,2018,1,1,Road Accidents,Other,City/Town,Near Bus stop,Not Applicable,No,Fatal,Others,Not at  Junction,Others,Others,Bitumen(Tar),Others,Not Applicable,Others,OTHERS,DENA BANK,3,0.0,0.0,0,1,0.0,1.0
Bengaluru Dist,Nelamangala Traffic PS,1.04422e+16,2018,1,1,Road Accidents,Other,Rural Areas,Open area,Not Applicable,No,Fatal,Hit pedestrian,Not at  Junction,Others,NH,Bitumen(Tar),Others,Not Applicable,Others,NH 48,PRINCE DABA,4,0.0,0.0,0,1,0.0,1.0
Bengaluru Dist,Nelamangala Traffic PS,1.04422e+16,2018,1,2,Road Accidents,Other,City/Town,Open area,Human Error,No,Damage Only,Others,Uncontrolled,Straight and flat,NH,Bitumen(Tar),Dry,No influence on accident,Fine,Bengaluru Tumkuru NH-04 service Road,Near Nice Road,15Kms,0.0,0.0,0,0,0.0,0.0
Bengaluru Dist,Nelamangala Traffic PS,1.04422e+16,2018,1,2,Not Applicable,Other,Rural Areas,Open area,Human Error,No,Damage Only,Others,Controlled,Not Applicable,NH,Bitumen(Tar),Dry,Not Applicable,Very Cold,BANGALORE TO TUMKUR NH -4 ROAD,BLINK SIGNAL LIGHT  ON MIDDEN,60 FT,0.0,0.0,0,0,0.0,0.0
Bengaluru Dist,Nelamangala Traffic PS,1.04422e+16,2018,1,2,Road Accidents,Other,City/Town,Open area,Human Error,No,Damage Only,Others,Uncontrolled,Straight and flat,NH,Bitumen(Tar),Dry,No influence on accident,Fine,Bengaluru Tumkuru NH 04 Road,Near Dasanapura,05Kms,0.0,0.0,0,0,0.0,0.0
Bengaluru Dist,Nelamangala Traffic PS,1.04422e+16,2018,1,2,Road Accidents,Other,City/Town,Near Petrol Pump,Not Applicable,No,Fatal,Others,Not at  Junction,Incline,NH,Bitumen(Tar),Dry,Not Applicable,Fine,NH4,TCI,8,0.0,0.0,0,0,0.0,0.0
Bengaluru Dist,Nelamangala Traffic PS,1.04422e+16,2018,1,2,Road Accidents,Not Applicable,Rural Areas,Open area,Not Applicable,Yes,Fatal,Not Applicable,Not at  Junction,Others,NH,Bitumen(Tar),Dry,Not Applicable,Clear,NH 48,ARCHANA HOTEL,6,0.0,0.0,0,0,0.0,0.0
Bengaluru Dist,Nelamangala Traffic PS,1.04422e+16,2018,1,2,Road Accidents,Other,City/Town,Open area,Human Error,No,Damage Only,Others,Uncontrolled,Others,NH,Bitumen(Tar),Dry,No influence on accident,Fine,Bengaluru Tumkuru NH 04 Service Road,Near Soddekoppa Cirlce,500M,0.0,0.0,0,0,0.0,0.0
Bengaluru Dist,Nelamangala Traffic PS,1.04422e+16,2018,1,1,Road Accidents,Junction,Villages settlement,Near Bus stop,Human Error,No,Grievous Injury,Hit and Run,Controlled,Slight Curve,City or Town Road,Surfaced,Dry,Not Applicable,Clear,Narmal,Road,2,0.0,0.0,0,0,,
Bengaluru Dist,Nelamangala Traffic PS,1.04422e+16,2018,1,1,Road Accidents,Other,Rural Areas,Open area,Human Error,No,Simple Injury,Others,Controlled,Others,NH,Bitumen(Tar),Dry,Not Applicable,Clear,KUNIGAL TO NELAMANGALA NH -48 ROAD,SHIVASHAKTHI PETROL BUNK,100 FT,0.0,0.0,0,0,0.0,0.0
Bengaluru Dist,Nelamangala Traffic PS,1.04422e+16,2018,1,2,Road Accidents,Other,Rural Areas,Near office complex,Human Error,No,Simple Injury,Others,Not at  Junction,Others,NH,Bitumen(Tar),Not Applicable,Not Applicable,Others,Benaglauru Tumkuru NH-04 Road,Kuluvanahalli U Turn,10 Kms,0.0,0.0,0,0,0.0,0.0
Bengaluru Dist,Nelamangala Traffic PS,1.04422e+16,2018,1,1,Road Accidents,Other,Rural Areas,Near office complex,Human Error,No,Simple Injury,Hit bicyclist,Controlled,Others,NH,Bitumen(Tar),Dry,Not Applicable,Clear,BANGALORE - TUMAKUR  NH - 4 HIGH WAY ROAD,POOJA HARDWARE SHOP,30 FT,0.0,0.0,0,0,0.0,0.0
Bengaluru Dist,Nelamangala Traffic PS,1.04422e+16,2018,1,2,Road Accidents,Other,Rural Areas,Open area,Human Error,No,Damage Only,Others,Uncontrolled,Others,NH,Bitumen(Tar),Dry,No influence on accident,Fine,tumakuru bengaluru nh 04 road,near kamath hotel,14,0.0,0.0,0,0,0.0,0.0
Bengaluru Dist,Nelamangala Traffic PS,1.04422e+16,2018,1,2,Road Accidents,Offset,Rural Areas,Near School or College,Human Error,No,Damage Only,Others,Uncontrolled,Straight and flat,NH,Bitumen(Tar),Dry,No influence on accident,Fine,bengalur tumkuru nh 04 road,near mahimapura village,15Kms,0.0,0.0,0,0,0.0,0.0
Bengaluru Dist,Nelamangala Traffic PS,1.04422e+16,2018,1,2,Road Accidents,Other,Rural Areas,Open area,Human Error,No,Damage Only,Others,Uncontrolled,Straight and flat,NH,Bitumen(Tar),Dry,No influence on accident,Fine,Tumakuru Bengaluru NH 04 Road,Near BIEC Madavara,8,0.0,0.0,0,0,0.0,0.0
Bengaluru Dist,Nelamangala Traffic PS,1.04422e+16,2018,1,1,Road Accidents,Not Applicable,City/Town,In bazaar,Not Applicable,Yes,Fatal,Hit and Run,Not Applicable,Straight and flat,Others,Bitumen(Tar),Dry,Not Applicable,Clear,Nelamagala Doddaballapura Road,Near Pete Bedi Circle,1 K M,0.0,0.0,0,0,0.0,0.0
Bengaluru Dist,Nelamangala Traffic PS,1.04422e+16,2018,1,1,Road Accidents,Other,Rural Areas,Open area,Not Applicable,Yes,Fatal,Others,Not at  Junction,Others,NH,Bitumen(Tar),Others,Not Applicable,Others,NH 48,TCI,5,0.0,0.0,0,1,0.0,1.0
Bengaluru Dist,Nelamangala Traffic PS,1.04422e+16,2018,1,2,Road Accidents,Other,City/Town,Near School or College,Human Error,No,Grievous Injury,Others,Uncontrolled,Others,NH,Bitumen(Tar),Dry,No influence on accident,Fine,TUMAKURU BENGALURU NH 04 SERVICE ROAD,Near Madanayakanahalli,06Kms,0.0,0.0,0,0,0.0,0.0
Bengaluru Dist,Nelamangala Traffic PS,1.04422e+16,2018,1,2,Road Accidents,Narrow road,City/Town,Residential area,Human Error,No,Damage Only,Hit and Run,Uncontrolled,Straight and flat,NH,Bitumen(Tar),Dry,Not Applicable,Fine,NH-4,SLR KALYANAMANTAPA,1KM,0.0,0.0,0,0,0.0,0.0
Bengaluru Dist,Nelamangala Traffic PS,1.04422e+16,2018,1,2,Road Accidents,Other,Rural Areas,Open area,Human Error,No,Damage Only,Others,Uncontrolled,Straight and flat,NH,Bitumen(Tar),Dry,No influence on accident,Fine,TUMAKURU BENGALURU NH 04 ROAD,boodihal village,5,0.0,0.0,0,0,0.0,0.0
Bengaluru Dist,Nelamangala Traffic PS,1.04422e+16,2018,1,1,Road Accidents,Other,Rural Areas,Open area,Human Error,No,Grievous Injury,Hit pedestrian,Uncontrolled,Straight and flat,NH,Bitumen(Tar),Dry,No influence on accident,Fine,BENAGALURU TUMAKURU NH 04 ROAD,NEAR OPP KIVIRAJU MOTORS BYADARAHALLI,3,0.0,0.0,0,0,0.0,0.0
Bengaluru Dist,Nelamangala Traffic PS,1.04422e+16,2018,1,2,Road Accidents,Narrow road,Rural Areas,Near Bus stop,Human Error,No,Simple Injury,Head on,Uncontrolled,Straight and flat,NH,Bitumen(Tar),Dry,Not Applicable,Fine,NH-4,HANUMANTHAPURA GATE,15KM,0.0,0.0,0,0,0.0,0.0
Bengaluru Dist,Nelamangala Traffic PS,1.04422e+16,2018,1,2,Road Accidents,Other,Rural Areas,Open area,Human Error,No,Damage Only,Others,Uncontrolled,Others,NH,Bitumen(Tar),Dry,No influence on accident,Fine,TUMAKURU BENGALURU NH 04 ROAD,Near T Beguru,06Kms,0.0,0.0,0,0,0.0,0.0
Bengaluru Dist,Nelamangala Traffic PS,1.04422e+16,2018,1,2,Road Accidents,Other,Rural Areas,Near a factory industrial area,Human Error,No,Grievous Injury,Others,Controlled,Not Applicable,NH,Bitumen(Tar),Dry,Not Applicable,Clear,BANGALORE - TUMAKUR  NH - 4 SERVICE  ROAD,PLY OVER,100 FT,0.0,0.0,0,0,0.0,0.0
Bengaluru Dist,Nelamangala Traffic PS,1.04422e+16,2018,1,2,Road Accidents,Other,Rural Areas,Open area,Not Applicable,No,Fatal,Others,Not at  Junction,Others,NH,Bitumen(Tar),Dry,Not Applicable,Fine,nh4 road,2,23,0.0,0.0,0,0,0.0,0.0
Bengaluru Dist,Nelamangala Traffic PS,1.04422e+16,2018,1,1,Road Accidents,Curves,Rural Areas,Near School or College,Human Error,No,Damage Only,Head on,Uncontrolled,Sharp Curve,Expressway,Surfaced,Dry,Pot holed,Fine,Narrow road,Road,10 km,0.0,0.0,5,0,,
Bengaluru Dist,Nelamangala Traffic PS,1.04422e+16,2018,1,2,Road Accidents,Other,City/Town,Open area,Human Error,No,Grievous Injury,Others,Stop sign,Straight and flat,NH,Bitumen(Tar),Dry,No influence on accident,Fine,KUNIGAL NELAMANGALA NH 48 ROAD,NEAR KUNIGL CIRLCE,500M,0.0,0.0,0,0,0.0,0.0
Bengaluru Dist,Nelamangala Traffic PS,1.04422e+16,2018,1,3,Road Accidents,Other,Rural Areas,Open area,Vehicle Defect,No,Fatal,Others,Not at  Junction,Others,NH,Bitumen(Tar),Others,Not Applicable,Not Applicable,NH4,THALEKERE GATE,15,0.0,0.0,0,1,0.0,1.0
Bengaluru Dist,Nelamangala Traffic PS,1.04422e+16,2018,1,2,Road Accidents,Other,Rural Areas,Open area,Human Error,No,Damage Only,Others,Uncontrolled,Straight and flat,NH,Bitumen(Tar),Dry,No influence on accident,Fine,TUMAKURU BENGALURU NH 04 SERVICE ROAD,Near Madanayakanahalli,05KMS,0.0,0.0,0,0,0.0,0.0
Bengaluru Dist,Nelamangala Traffic PS,1.04422e+16,2018,1,2,Road Accidents,Other,Rural Areas,Open area,Vehicle Defect,No,Grievous Injury,Others,Not at  Junction,Others,NH,Bitumen(Tar),Others,Not Applicable,Others,NH 4 ROAD,MAHIMAPURA GATE U TURN,9,0.0,0.0,0,1,0.0,1.0
Bengaluru Dist,Nelamangala Traffic PS,1.04422e+16,2018,1,2,Road Accidents,Other,Rural Areas,Open area,Not Applicable,No,Fatal,Others,Not at  Junction,Others,Service Road,Bitumen(Tar),Dry,Not Applicable,Others,nh4 service road,nice cross,10,0.0,0.0,0,0,0.0,0.0
Bengaluru Dist,Nelamangala Traffic PS,1.04422e+16,2018,1,1,Road Accidents,Other,Rural Areas,Open area,Not Applicable,Yes,Fatal,Others,Not at  Junction,Others,NH,Bitumen(Tar),Others,Not Applicable,Others,NH 48,PUSHPABYREGOWDA,1,0.0,0.0,0,1,0.0,1.0
Bengaluru Dist,Nelamangala Traffic PS,1.04422e+16,2018,1,1,Road Accidents,Cross roads,Rural Areas,Open area,Human Error,Yes,Grievous Injury,Hit pedestrian,Stop Sign,Straight and flat,NH,Bitumen(Tar),Dry,No influence on accident,Fine,NH-48,HALENIJAGAL BUS STOP,20KM,0.0,0.0,0,0,0.0,0.0
Bengaluru Dist,Nelamangala Traffic PS,1.04422e+16,2018,1,2,Road Accidents,Narrow road,City/Town,Open area,Human Error,No,Grievous Injury,Others,Uncontrolled,Straight and flat,City or Town Road,Bitumen(Tar),Dry,Not Applicable,Fine,OTHERS ROAD,SRINIDHI HOTEL,2KM,0.0,0.0,0,0,0.0,0.0
Bengaluru Dist,Nelamangala Traffic PS,1.04422e+16,2018,1,1,Road Accidents,Bridge,Rural Areas,Narrow bridge or culverts,Human Error,No,Grievous Injury,Others,Not at  Junction,Others,NH,Bitumen(Tar),Others,Not Applicable,Others,Benaglauru Tumkuru NH 48 Road,near jindal bridge,14Kms,0.0,0.0,0,1,0.0,1.0
Bengaluru Dist,Nelamangala Traffic PS,1.04422e+16,2018,1,2,Road Accidents,Other,Rural Areas,Open area,Not Applicable,No,Fatal,Others,Not at  Junction,Others,NH,Bitumen(Tar),Others,Not Applicable,Others,NH 48,VEERANANJIPURA CROSS,4,0.0,0.0,0,1,0.0,1.0
Bengaluru Dist,Nelamangala Traffic PS,1.04422e+16,2018,1,2,Road Accidents,Narrow road,City/Town,Open area,Human Error,No,Grievous Injury,Head on,Uncontrolled,Straight and flat,NH,Bitumen(Tar),Dry,Not Applicable,Fine,NH-48,NEAR TCI,10KM,0.0,0.0,0,0,0.0,0.0
Bengaluru Dist,Nelamangala Traffic PS,1.04422e+16,2018,1,2,Road Accidents,Other,Rural Areas,Open area,Human Error,No,Simple Injury,Others,Controlled,Others,NH,Bitumen(Tar),Dry,Not Applicable,Clear,BANGALORE TO TUMKUMR  N H - 4 ROAD,LAKE,150 FT,0.0,0.0,0,0,0.0,0.0
Bengaluru Dist,Nelamangala Traffic PS,1.04422e+16,2018,1,1,Road Accidents,Narrow road,City/Town,Open area,Human Error,No,Not Applicable,Not Applicable,Uncontrolled,Straight and flat,NH,Bitumen(Tar),Dry,No influence on accident,Fine,NH-4,MADAVARA TOLL,10KM,0.0,0.0,0,0,0.0,0.0
Bengaluru Dist,Nelamangala Traffic PS,1.04422e+16,2018,1,1,Road Accidents,Narrow road,City/Town,Open area,Human Error,No,Not Applicable,Others,Uncontrolled,Straight and flat,NH,Bitumen(Tar),Dry,Not Applicable,Fine,NH-4,MADAVARA TOLL,10 KM,0.0,0.0,0,0,0.0,0.0
Bengaluru Dist,Nelamangala Traffic PS,1.04422e+16,2018,1,2,Road Accidents,Not Applicable,Rural Areas,Open area,Not Applicable,No,Fatal,Others,Not Applicable,Not Applicable,NH,Bitumen(Tar),Others,Not Applicable,Clear,NH4,0,3,0.0,0.0,0,1,0.0,1.0
Bengaluru Dist,Nelamangala Traffic PS,1.04422e+16,2018,1,2,Road Accidents,Not Applicable,Rural Areas,Open area,Not Applicable,No,Fatal,Hit bicyclist,Not at  Junction,Not Applicable,NH,Bitumen(Tar),Dry,Not Applicable,Not Applicable,NH4,2,6,0.0,0.0,0,0,0.0,0.0
Bengaluru Dist,Nelamangala Traffic PS,1.04422e+16,2018,1,1,Road Accidents,Other,Rural Areas,Open area,Human Error,Not Applicable,Damage Only,Others,Uncontrolled,Others,NH,Bitumen(Tar),Dry,No influence on accident,Others,NELAMANGALA KUNIGAL NH 48 ROAD,NEAR SEETHARAMABHATTARAPALYA,05Kms,0.0,0.0,0,0,0.0,0.0
Bengaluru Dist,Nelamangala Traffic PS,1.04422e+16,2018,1,2,Road Accidents,Other,Rural Areas,Open area,Not Applicable,No,Simple Injury,Others,Not at  Junction,Straight and flat,NH,Bitumen(Tar),Not Applicable,Not Applicable,Others,nh4,u turn,10,0.0,0.0,0,0,0.0,0.0
Bengaluru Dist,Nelamangala Traffic PS,1.04422e+16,2018,1,1,Road Accidents,Other,Rural Areas,Near Bus stop,Not Applicable,No,Fatal,Hit pedestrian,Not at  Junction,Not Applicable,NH,Bitumen(Tar),Dry,Not Applicable,Fine,ANCHEPALYA,SKY WALK,12,0.0,0.0,0,0,0.0,0.0
Bengaluru Dist,Nelamangala Traffic PS,1.04422e+16,2018,1,2,Road Accidents,Other,Rural Areas,Open area,Human Error,No,Damage Only,Others,Uncontrolled,Not Applicable,NH,Bitumen(Tar),Dry,No influence on accident,Fine,Bengaluru Tumakuru NH 04 Road,Near Pepsi Factory,10Kms,0.0,0.0,0,0,0.0,0.0
Bengaluru Dist,Nelamangala Traffic PS,1.04422e+16,2018,1,3,Road Accidents,Narrow road,City/Town,Open area,Human Error,No,Grievous Injury,Others,Uncontrolled,Straight and flat,NH,Bitumen(Tar),Dry,Not Applicable,Fine,NH-4,SONDEKOPPA CIRCLE,1KM,0.0,0.0,0,0,0.0,0.0
Bengaluru Dist,Nelamangala Traffic PS,1.04422e+16,2018,1,4,Road Accidents,Other,Rural Areas,Near Bus stop,Human Error,No,Fatal,Others,Not at  Junction,Others,Others,Bitumen(Tar),Others,Not Applicable,Others,Tumkuru Bengaluru NH-04 Road,Near RTO Office  Arishinakunte,3,0.0,0.0,0,1,0.0,1.0
Bengaluru Dist,Nelamangala Traffic PS,1.04422e+16,2018,1,1,Road Accidents,Not Applicable,Rural Areas,Open area,Not Applicable,No,Damage Only,Not Applicable,Not Applicable,Straight and flat,NH,Bitumen(Tar),Dry,Not Applicable,Clear,Kunigal Nelamangala NH-48 Road,Mahadevapura Honnappa House Near,9 KM,0.0,0.0,0,0,0.0,0.0
Bengaluru Dist,Nelamangala Traffic PS,1.04422e+16,2018,1,2,Road Accidents,Narrow road,Rural Areas,Open area,Human Error,No,Damage Only,Others,Uncontrolled,Straight and flat,NH,Bitumen(Tar),Dry,No influence on accident,Fine,NH-4,NAVAYUGA TOLL,1KM,0.0,0.0,0,0,0.0,0.0
Bengaluru Dist,Nelamangala Traffic PS,1.04422e+16,2018,1,2,Road Accidents,Other,Rural Areas,Open area,Not Applicable,No,Fatal,Others,Not at  Junction,Not Applicable,Others,Bitumen(Tar),Others,Not Applicable,Others,NICE ROAD,100 MTR,14,0.0,0.0,0,1,0.0,1.0
Bengaluru Dist,Nelamangala Traffic PS,1.04422e+16,2018,1,2,Road Accidents,Narrow road,Rural Areas,Near Petrol Pump,Human Error,Yes,Simple Injury,Hit and Run,Uncontrolled,Straight and flat,Expressway,Surfaced,Dry,Pot holed,Clear,NARROW ROAD,ROAD,02KM,0.0,0.0,5,0,,
Bengaluru Dist,Nelamangala Traffic PS,1.04422e+16,2018,1,1,Road Accidents,Other,Rural Areas,Near office complex,Human Error,No,Grievous Injury,Others,Not at  Junction,Others,NH,Bitumen(Tar),Others,Not Applicable,Others,Nelamangala Kunigal NH-48 Road,Bhavani Shankar Cement Godown,5 km,0.0,0.0,0,1,0.0,1.0
Bengaluru Dist,Nelamangala Traffic PS,1.04422e+16,2018,1,2,Road Accidents,Cross roads,Rural Areas,Near a factory industrial area,Human Error,No,Simple Injury,Others,Controlled,Others,NH,Bitumen(Tar),Dry,Not Applicable,Clear,KUNIGAL - NELAMANGALA NH-48 ROAD,WEIGHBRIDGE,70 FT,0.0,0.0,0,0,0.0,0.0
Bengaluru Dist,Nelamangala Traffic PS,1.04422e+16,2018,1,3,Road Accidents,Other,Rural Areas,Near Bus stop,Not Applicable,No,Damage Only,Others,Not at  Junction,Others,NH,Bitumen(Tar),Others,Not Applicable,Others,nh 48,kunigal circle,2,0.0,0.0,0,1,0.0,1.0
Bengaluru Dist,Nelamangala Traffic PS,1.04422e+16,2018,1,2,Road Accidents,Other,Rural Areas,Open area,Not Applicable,Yes,Simple Injury,Others,Not at  Junction,Others,NH,Bitumen(Tar),Others,Not Applicable,Others,NH 4,rayrapalya gate,20,0.0,0.0,0,1,0.0,1.0
Bengaluru Dist,Nelamangala Traffic PS,1.04422e+16,2018,1,2,Road Accidents,Narrow road,Rural Areas,Open area,Human Error,No,Damage Only,Head on,Not Applicable,Straight and flat,NH,Bitumen(Tar),Dry,Not Applicable,Fine,NH-4,GUNDENAHALLI,20KM,0.0,0.0,0,0,0.0,0.0
Bengaluru Dist,Nelamangala Traffic PS,1.04422e+16,2018,1,4,Road Accidents,Other,City/Town,Open area,Human Error,Yes,Damage Only,Others,Stop sign,Straight and flat,NH,Bitumen(Tar),Dry,No influence on accident,Others,TUMAKURU BENGALURU NH 04 ROAD,NEAR ADAKAMARANAHALLI,04KMS,0.0,0.0,0,0,0.0,0.0
Bengaluru Dist,Nelamangala Traffic PS,1.04422e+16,2018,1,2,Road Accidents,Narrow road,City/Town,Open area,Human Error,No,Simple Injury,Others,Uncontrolled,Straight and flat,NH,Bitumen(Tar),Dry,No influence on accident,Fine,NH-4,M N HALLI TOTAL GAS,10KM,0.0,0.0,0,0,0.0,0.0
Bengaluru Dist,Nelamangala Traffic PS,1.04422e+16,2018,1,2,Road Accidents,Other,Rural Areas,Open area,Not Applicable,No,Fatal,Others,Not at  Junction,Others,NH,Bitumen(Tar),Others,Not Applicable,Others,NH 4,PUNJABI DABA,20 KM,0.0,0.0,0,1,0.0,1.0
Bengaluru Dist,Nelamangala Traffic PS,1.04422e+16,2018,1,2,Road Accidents,Cross roads,Rural Areas,Near Bus stop,Human Error,No,Simple Injury,Head on,Uncontrolled,Curve,Others,Gravel,Flooded,Pot holed,Dust Storn,OTHER ROAD,ROAD,02 KM,0.0,0.0,5,5,3.0,13.0
Bengaluru Dist,Nelamangala Traffic PS,1.04422e+16,2018,1,1,Road Accidents,Other,Rural Areas,Open area,Not Applicable,Yes,Fatal,Others,Not at  Junction,Others,NH,Bitumen(Tar),Others,Not Applicable,Others,NH 48,ARISINAKUNTE KSRTC DIPO,3,0.0,0.0,0,1,0.0,1.0
Bengaluru Dist,Nelamangala Traffic PS,1.04422e+16,2018,1,1,Road Accidents,Narrow road,City/Town,Open area,Human Error,No,Grievous Injury,Head on,Uncontrolled,Straight and flat,NH,Bitumen(Tar),Dry,Not Applicable,Fine,NH,ARISHINAKUNTE TOLL,3KM,0.0,0.0,0,0,0.0,0.0
Bengaluru Dist,Nelamangala Traffic PS,1.04422e+16,2018,1,2,Road Accidents,Not Applicable,Rural Areas,Open area,Vehicle Defect,No,Fatal,Others,Not at  Junction,Others,Others,Bitumen(Tar),Dry,Not Applicable,Fine,nh4,0,3,0.0,0.0,0,0,0.0,0.0
Bengaluru Dist,Nelamangala Traffic PS,1.04422e+16,2018,1,1,Road Accidents,Other,Rural Areas,Open area,Human Error,No,Simple Injury,Others,Uncontrolled,Straight and flat,NH,Bitumen(Tar),Dry,No influence on accident,Fine,Tumkuru Bengaluru NH 04 Service Road,Near Boodihal U Turn,05Kms,0.0,0.0,0,0,0.0,0.0
Bengaluru Dist,Nelamangala Traffic PS,1.04422e+16,2018,1,2,Road Accidents,Curves,Rural Areas,Narrow bridge or culverts,Human Error,No,Grievous Injury,Overturning,Uncontrolled,Curve,Expressway,Surfaced,Dry,Pot holed,Cloudy,NARROW ROAD,ROAD,100 FT,0.0,0.0,5,0,,
Bengaluru Dist,Nelamangala Traffic PS,1.04422e+16,2018,1,2,Road Accidents,Other,Rural Areas,Open area,Human Error,No,Simple Injury,Others,Controlled,Others,NH,Bitumen(Tar),Dry,Not Applicable,Clear,TUMKUR TO BANGALORE NH -4 ROAD,STREET LIGHT,10 FT,0.0,0.0,0,0,0.0,0.0
Bengaluru Dist,Nelamangala Traffic PS,1.04422e+16,2018,1,1,Road Accidents,Other,Rural Areas,Near Petrol Pump,Human Error,No,Damage Only,Drowned,Controlled,Others,NH,Bitumen(Tar),Dry,Not Applicable,Clear,KUNIGAL TO NELAMANGALA NH -48 ROAD,PETROL BUNK,100 FT,0.0,0.0,0,0,0.0,0.0
Bengaluru Dist,Nelamangala Traffic PS,1.04422e+16,2018,1,1,Road Accidents,Other,Rural Areas,Open area,Human Error,No,Simple Injury,Others,Uncontrolled,Others,NH,Bitumen(Tar),Dry,No influence on accident,Fine,Tumakuru Bengaluru NH 04 Road,Near Madavara,10,0.0,0.0,0,0,0.0,0.0
Bengaluru Dist,Nelamangala Traffic PS,1.04422e+16,2018,1,2,Road Accidents,Other,Rural Areas,Near Bus stop,Human Error,No,Damage Only,Overturning,Controlled,Others,NH,Bitumen(Tar),Others,Not Applicable,Clear,TUMKUR TO BANGALORE NH -4 ROAD,U TURN,20 FT,0.0,0.0,0,1,0.0,1.0
Bengaluru Dist,Nelamangala Traffic PS,1.04422e+16,2018,1,2,Road Accidents,Narrow road,Rural Areas,Near Bus stop,Human Error,No,Grievous Injury,Others,Uncontrolled,Straight and flat,NH,Bitumen(Tar),Dry,No influence on accident,Fine,NH-4,DODDERI U TURN,4KM,0.0,0.0,0,0,0.0,0.0
Bengaluru Dist,Nelamangala Traffic PS,1.04422e+16,2018,1,1,Road Accidents,Other,Rural Areas,Open area,Human Error,No,Damage Only,Hit fixed object,Controlled,Others,NH,Bitumen(Tar),Dry,Not Applicable,Clear,BANGALORE TO TUMAKUR NH -4 HIGH WAY ROAD,K P CRANE OFFICE,100 FT,0.0,0.0,0,0,0.0,0.0