DISTRICTNAME,UNITNAME,Crime_No,Year,RI,Noofvehicle_involved,Accident_Classification,Accident_Spot,Accident_Location,Accident_SubLocation,Main_Cause,Hit_Run,Severity,Collision_Type,Junction_Control,Road_Character,Road_Type,Surface_Type,Surface_Condition,Road_Condition,Weather,Accident_Road,Landmark_first,Distance_LandMark_First,Latitude,Longitude,Road_Condition_Score,Surface_Condition_Score,Surface_Type_Score,Road_Risk_Index
Bengaluru Dist,Nelamangala Traffic PS,1.04422e+16,2018,1,1,Road Accidents,Narrow road,Rural Areas,Open area,Human Error,No,Simple Injury,Head on,Not Applicable,Incline,Expressway,Surfaced,Dry,Not Applicable,Fine,NARROW,ROAD,5,0.0,0.0,0,0,,
Bengaluru Dist,Nelamangala Traffic PS,1.04422e+16,2018,1,2,Road Accidents,Other,Rural Areas,Near or inside a village,Human Error,Yes,Grievous Injury,Others,Not at  Junction,Others,Others,Bitumen(Tar),Others,Not Applicable,Others,Nelamangal Kunigal NH-48 Road,Near Sambhrama Hotel,12kms,0.0,0.0,0,1,0.0,1.0
Bengaluru Dist,Nelamangala Traffic PS,1.04422e+16,2018,1,1,Road Accidents,Other,Rural Areas,Open area,Not Applicable,No,Fatal,Others,Not at  Junction,Not Applicable,NH,Bitumen(Tar),Not Applicable,Not Applicable,Not Applicable,seetharamabattarapalya,0,10,0.0,0.0,0,0,0.0,0.0
Bengaluru Dist,Nelamangala Traffic PS,1.04422e+16,2018,1,1,Road Accidents,Other,Rural Areas,Open area,Human Error,No,Grievous Injury,Hit pedestrian,Uncontrolled,Others,NH,Bitumen(Tar),Dry,No influence on accident,Fine,NELAMANGALA KUNIGAL NH 04 HIGHWAY ROAD,near mahadevapura karavali daba,08kms,0.0,0.0,0,0,0.0,0.0
Bengaluru Dist,Nelamangala Traffic PS,1.04422e+16,2018,1,2,Road Accidents,Road hump or Rumble strips,Rural Areas,Near Bus stop,Not Applicable,No,Fatal,Others,Not at  Junction,Others,NH,Bitumen(Tar),Others,Not Applicable,Others,nh4 service road,15,15,0.0,0.0,0,1,0.0,1.0
Bengaluru Dist,Nelamangala Traffic PS,1.04422e+16,2018,1,2,Road Accidents,Other,Rural Areas,Open area,Not Applicable,No,Fatal,Others,Not at  Junction,Others,NH,Bitumen(Tar),Others,Not Applicable,Others,NH4,DARBAR HOTEL,20,0.0,0.0,0,1,0.0,1.0
Bengaluru Dist,Nelamangala Traffic PS,1.04422e+16,2018,1,1,Road Accidents,Other,Villages settlement,Near a factory industrial area,Not Applicable,No,Fatal,Others,Not Applicable,Not Applicable,NH,Bitumen(Tar),Others,Not Applicable,Others,NH4,POWERIKA FACTORY,8,0.0,0.0,0,1,0.0,1.0
Bengaluru Dist,Nelamangala Traffic PS,1.04422e+16,2018,1,2,Road Accidents,Other,Rural Areas,Open area,Human Error,No,Damage Only,Others,Uncontrolled,Others,NH,Bitumen(Tar),Dry,No influence on accident,Fine,BENGALURU TUMAKURU NH 04 ROAD,NEAR BOODIHAL VILLAGE,05Kms,0.0,0.0,0,0,0.0,0.0
Bengaluru Dist,Nelamangala Traffic PS,1.04422e+16,2018,1,1,Not Applicable,Cross roads,Rural Areas,Near office complex,Vehicle Defect,Yes,Damage Only,Hit and Run,Uncontrolled,Curve,City or Town Road,Surfaced,Flooded,Pot holed,Cloudy,suface road,Road,01 km,0.0,0.0,5,5,,
Bengaluru Dist,Nelamangala Traffic PS,1.04422e+16,2018,1,4,Road Accidents,Other,City/Town,Open area,Not Applicable,No,Damage Only,Others,Not at  Junction,Others,NH,Concrete,Others,Not Applicable,Others,nh,NAVAYUGA TOLL,2 KM,0.0,0.0,0,1,0.0,1.0
Bengaluru Dist,Nelamangala Traffic PS,1.04422e+16,2018,1,2,Road Accidents,Other,City/Town,Near or inside a village,Human Error,Yes,Fatal,Others,Not at  Junction,Others,Others,Bitumen(Tar),Not Applicable,Not Applicable,Others,Bengaluru Tumkuru NH-04 Service Road,Near Lakshmi Convention Hall,3,0.0,0.0,0,0,0.0,0.0
Bengaluru Dist,Nelamangala Traffic PS,1.04422e+16,2018,1,3,Road Accidents,Other,Rural Areas,Near or inside a village,Human Error,No,Simple Injury,Others,Not at  Junction,Others,NH,Bitumen(Tar),Others,Not Applicable,Others,Bengaluru Tumkuru NH-04 Road,Near Edehalli gate,20 Kms,0.0,0.0,0,1,0.0,1.0
Bengaluru Dist,Nelamangala Traffic PS,1.04422e+16,2018,1,1,Road Accidents,Offset,Rural Areas,Open area,Human Error,No,Simple Injury,Overturning,Controlled,Others,NH,Bitumen(Tar),Dry,Not Applicable,Clear,NELAMANGALA TO KUNIGAL NH - 48 ROAD,SITHARAMABATTRAPALLYA GATE,25 FT,0.0,0.0,0,0,0.0,0.0
Bengaluru Dist,Nelamangala Traffic PS,1.04422e+16,2018,1,1,Road Accidents,Other,Rural Areas,Near or inside a village,Human Error,Yes,Grievous Injury,Others,Not at  Junction,Others,NH,Bitumen(Tar),Not Applicable,Not Applicable,Others,Nelamangala Kunigal NH-48 Road,Near Seetaramabhatarapalya,7 km,0.0,0.0,0,0,0.0,0.0
Bengaluru Dist,Nelamangala Traffic PS,1.04422e+16,2018,1,2,Road Accidents,Other,Rural Areas,Open area,Not Applicable,No,Fatal,Others,Not at  Junction,Others,NH,Bitumen(Tar),Others,Not Applicable,Others,NH4,yedehalli u turn,20,0.0,0.0,0,1,0.0,1.0
Bengaluru Dist,Nelamangala Traffic PS,1.04422e+16,2018,1,2,Road Accidents,Other,Rural Areas,Near office complex,Human Error,No,Simple Injury,Others,Controlled,Others,NH,Bitumen(Tar),Dry,Not Applicable,Clear,NELAMANGALA TO KUNIGAL NH - 48 ROAD,BOARD OF ARCHAN HOTEL,100 FT,0.0,0.0,0,0,0.0,0.0
Bengaluru Dist,Nelamangala Traffic PS,1.04422e+16,2018,1,1,Road Accidents,Other,City/Town,Open area,Human Error,No,Damage Only,Others,Uncontrolled,Straight and flat,NH,Bitumen(Tar),Dry,No influence on accident,Fine,BENGALURU TUMKAURU NH 04 ROAD,Near Madanayakanahalli,08kms,0.0,0.0,0,0,0.0,0.0
Bengaluru Dist,Nelamangala Traffic PS,1.04422e+16,2018,1,1,Road Accidents,Offset,Rural Areas,Open area,Human Error,Yes,Fatal,Hit pedestrian,Uncontrolled,Straight and flat,Service Road,Bitumen(Tar),Dry,No influence on accident,Fine,BANGALORE TUMKUR  NH4 ROAD,near chandu daba,3,0.0,0.0,0,0,0.0,0.0
Bengaluru Dist,Nelamangala Traffic PS,1.04422e+16,2018,1,2,Road Accidents,Other,Rural Areas,Open area,Human Error,No,Damage Only,Rear end,Uncontrolled,Straight and flat,NH,Bitumen(Tar),Dry,No influence on accident,Fine,BENGALURU TUMAKURU NH 04 ROAD,NEAR HANUMANTHAPURA,08kms,0.0,0.0,0,0,0.0,0.0
Bengaluru Dist,Nelamangala Traffic PS,1.04422e+16,2018,1,3,Road Accidents,Other,Rural Areas,Open area,Vehicle Defect,Yes,Grievous Injury,Others,Not at  Junction,Others,NH,Bitumen(Tar),Others,Not Applicable,Others,OTHER ROAD,PATIL CLINIC,4,0.0,0.0,0,1,0.0,1.0
Bengaluru Dist,Nelamangala Traffic PS,1.04422e+16,2018,1,2,Road Accidents,Narrow road,City/Town,Open area,Human Error,No,Grievous Injury,Head on,Uncontrolled,Straight and flat,NH,Bitumen(Tar),Dry,No influence on accident,Fine,NH-4,ADAKAMARANAHALLI,8KM,0.0,0.0,0,0,0.0,0.0
Bengaluru Dist,Nelamangala Traffic PS,1.04422e+16,2018,1,1,Road Accidents,Other,Rural Areas,Open area,Not Applicable,No,Fatal,Others,Not at  Junction,Others,NH,Bitumen(Tar),Dry,Not Applicable,Others,NH 48,NAVAYUGA TOLL,2,0.0,0.0,0,0,0.0,0.0
Bengaluru Dist,Nelamangala Traffic PS,1.04422e+16,2018,1,2,Road Accidents,Not Applicable,Rural Areas,Open area,Human Error,Yes,Grievous Injury,Vehicle to Vehicle,Uncontrolled,Straight and flat,NH,Bitumen(Tar),Others,No influence on accident,Fine,Kunigal-Nelamangala  NH 75 road,MALLARABANVADI U TURN,6,0.0,0.0,0,1,0.0,1.0
Bengaluru Dist,Nelamangala Traffic PS,1.04422e+16,2018,1,2,Road Accidents,Other,Rural Areas,Near or inside a village,Human Error,No,Simple Injury,Others,Not at  Junction,Others,Others,Bitumen(Tar),Others,Not Applicable,Others,Bengaluru Tumkuru NH-04 Service Road,Kunigal Circle,1 km,0.0,0.0,0,1,0.0,1.0
Bengaluru Dist,Nelamangala Traffic PS,1.04422e+16,2018,1,2,Road Accidents,Other,Rural Areas,Open area,Human Error,No,Damage Only,Rear end,Uncontrolled,Straight and flat,NH,Bitumen(Tar),Dry,No influence on accident,Fine,KUNIGALA NELAMANGALA NH 75 ROAD,NEAR MAHADEVAPURA,05KMS,0.0,0.0,0,0,0.0,0.0
Bengaluru Dist,Nelamangala Traffic PS,1.04422e+16,2018,1,2,Road Accidents,Other,Rural Areas,Open area,Not Applicable,Yes,Grievous Injury,Others,Not at  Junction,Others,NH,Bitumen(Tar),Others,Not Applicable,Others,NH 48 ROAD,LAKKUR BRIDGE,1,0.0,0.0,0,1,0.0,1.0
Bengaluru Dist,Nelamangala Traffic PS,1.04422e+16,2018,1,1,Road Accidents,Narrow road,Rural Areas,Open area,Human Error,No,Grievous Injury,Hit pedestrian,Not Applicable,Straight and flat,NH,Bitumen(Tar),Dry,No influence on accident,Fine,NH-75,MALLARABANAVADI GATE,4KM,0.0,0.0,0,0,0.0,0.0
Bengaluru Dist,Nelamangala Traffic PS,1.04422e+16,2018,1,2,Road Accidents,Narrow road,Rural Areas,Open area,Human Error,Yes,Grievous Injury,Hit and Run,Uncontrolled,Straight and flat,NH,Bitumen(Tar),Dry,Not Applicable,Fine,NH,THIPPAGONDANAHALLI,12KM,0.0,0.0,0,0,0.0,0.0
Bengaluru Dist,Nelamangala Traffic PS,1.04422e+16,2018,1,2,Road Accidents,Other,City/Town,Open area,Human Error,No,Grievous Injury,Overturning,Uncontrolled,Straight and flat,Others,Bitumen(Tar),Dry,No influence on accident,Fine,Basavanahalli Nelamangala Main Road,Near Rudreshwara Provision Store,03Kms,0.0,0.0,0,0,0.0,0.0
Bengaluru Dist,Nelamangala Traffic PS,1.04422e+16,2019,1,1,Road Accidents,Not Applicable,Rural Areas,Near a factory industrial area,Human Error,No,Grievous Injury,Not Applicable,Uncontrolled,Straight and flat,NH,Bitumen(Tar),Dry,No influence on accident,Clear,BANGALORE TO TUMAKUR NH -48  ROAD,BHARATH TILES ENGINERING FACTROY,4 KM,13.065571,77.453716,0,0,0.0,0.0
Bengaluru Dist,Nelamangala Traffic PS,1.04422e+16,2019,1,2,Road Accidents,Not Applicable,Rural Areas,Near a factory industrial area,Human Error,No,Damage Only,Vehicle to Vehicle,Police / Manual,Straight and flat,NH,Bitumen(Tar),Dry,No influence on accident,Clear,NELAMANGALA TO KUNIGAL NH - 75 ROAD,WEIGHBRIDGE,4 KM,13.0792,77.367433,0,0,0.0,0.0
Bengaluru Dist,Nelamangala Traffic PS,1.04422e+16,2019,1,3,Road Accidents,Narrow road,City/Town,Open area,Human Error,No,Simple Injury,Others,Uncontrolled,Straight and flat,NH,Bitumen(Tar),Dry,Not Applicable,Fine,NH-48,MADAVARA TOLL,10KM,13.056509,77.4738269,0,0,0.0,0.0
Bengaluru Dist,Nelamangala Traffic PS,1.04422e+16,2019,1,1,Road Accidents,Not Applicable,City/Town,Open area,Human Error,No,Grievous Injury,Hit pedestrian,Uncontrolled,Straight and flat,NH,Bitumen(Tar),Dry,No influence on accident,Fine,NH-48,CHANDHU DABA,3KM,13.083435,77.415265,0,0,0.0,0.0
Bengaluru Dist,Nelamangala Traffic PS,1.04422e+16,2019,1,1,Road Accidents,Not Applicable,Rural Areas,Residential area,Human Error,No,Simple Injury,Not Applicable,Police / Manual,Straight and flat,NH,Bitumen(Tar),Dry,No influence on accident,Others,Nelamangal Kunigal NH-75 Road,Infront of Ramesh Residential House,5 km,13.065361,77.354042,0,0,0.0,0.0
Bengaluru Dist,Nelamangala Traffic PS,1.04422e+16,2019,1,1,Road Accidents,Junction,Rural Areas,Open area,Human Error,No,Damage Only,Not Applicable,Police / Manual,Straight and flat,NH,Bitumen(Tar),Dry,Not Applicable,Clear,TUMAKURU TO BANGALORE  NH 48 ROAD,LAKKURU BRIDGE,20 KM,13.240438,77.2340259,0,0,0.0,0.0
Bengaluru Dist,Nelamangala Traffic PS,1.04422e+16,2019,1,1,Road Accidents,Other,Rural Areas,Residential area,Human Error,No,Simple Injury,Others,Not at  Junction,Others,NH,Bitumen(Tar),Others,Not Applicable,Others,Nelamangal Kunigal NH-75 Road,Infront of Manjunatha House,5 KM,13.063353,77.347293,0,1,0.0,1.0
Bengaluru Dist,Nelamangala Traffic PS,1.04422e+16,2019,1,2,Road Accidents,Other,Rural Areas,Near or inside a village,Human Error,Yes,Simple Injury,Hit and Run,Not at  Junction,Others,NH,Bitumen(Tar),Others,Not Applicable,Clear,Tumkuru Bengaluru NH-48 Road,HANUMANTHAPURA GATE,13 KM,13.187749,77.281695,0,1,0.0,1.0
Bengaluru Dist,Nelamangala Traffic PS,1.04422e+16,2019,1,1,Road Accidents,Other,Rural Areas,Open area,Not Applicable,No,Fatal,Others,Not at  Junction,Others,NH,Bitumen(Tar),Others,Not Applicable,Others,NH 48,ADAKAMARANAHALLI,3,13.068957,77.448075,0,1,0.0,1.0
Bengaluru Dist,Nelamangala Traffic PS,1.04422e+16,2019,1,1,Road Accidents,Other,Rural Areas,Open area,Human Error,No,Grievous Injury,Side swipe,Uncontrolled,Straight and flat,Others,Bitumen(Tar),Dry,No influence on accident,Fine,Nelamangala Bengaluru BH Road,Near Janapriya Apartment,02KMS,13.09171,77.4078339,0,0,0.0,0.0
Bengaluru Dist,Nelamangala Traffic PS,1.04422e+16,2019,1,2,Road Accidents,Bridge,Rural Areas,Open area,Human Error,Yes,Damage Only,Hit and Run,Uncontrolled,Straight and flat,Expressway,Surfaced,Flooded,Pot holed,Light Rain,Nh-48 high way road,Hiah way road,15 km,13.0577,77.469329,5,5,,
Bengaluru Dist,Nelamangala Traffic PS,1.04422e+16,2019,1,2,Road Accidents,Cross roads,City/Town,Open area,Human Error,No,Simple Injury,Vehicle to Vehicle,Uncontrolled,Straight and flat,NH,Bitumen(Tar),Dry,No influence on accident,Clear,BENGALURU TUMAKURU NH-48 SERVICE ROAD,OPEN AREA,3 km,13.078455,77.427112,0,0,0.0,0.0
Bengaluru Dist,Nelamangala Traffic PS,1.04422e+16,2019,1,2,Road Accidents,Not Applicable,Rural Areas,Near Bus stop,Human Error,No,Simple Injury,Vehicle to Vehicle,Police / Manual,Straight and flat,NH,Bitumen(Tar),Dry,No influence on accident,Clear,BANGALORE TO TUMAKURU NH 48 SERVICE ROAD,BANGALORE TUMAKURU NH 48 SERVICE ROAD,10 KM,13.069958,77.444918,0,0,0.0,0.0
Bengaluru Dist,Nelamangala Traffic PS,1.04422e+16,2019,1,2,Road Accidents,Other,Rural Areas,Near or inside a village,Human Error,No,Simple Injury,Others,Not at  Junction,Others,NH,Bitumen(Tar),Others,Not Applicable,Clear,TUMAKURU BENGALURU NH-48 ROAD,NEAR HANUMANTHAPURA CROSS,15 Kms,13.187782,77.28227,0,1,0.0,1.0
Bengaluru Dist,Nelamangala Traffic PS,1.04422e+16,2019,1,2,Road Accidents,Not Applicable,Rural Areas,Near a religious place,Human Error,No,Grievous Injury,Vehicle to Vehicle,Not at  Junction,Straight and flat,NH,Bitumen(Tar),Dry,No influence on accident,Cloudy,Nelamangala Kunigal NH 75 Road,Near Gubekallamma Temple,05KMS,13.066058,77.356618,0,0,0.0,0.0
Bengaluru Dist,Nelamangala Traffic PS,1.04422e+16,2019,1,2,Road Accidents,Not Applicable,Rural Areas,Open area,Human Error,No,Simple Injury,Vehicle to Vehicle,Uncontrolled,Straight and flat,NH,Bitumen(Tar),Dry,No influence on accident,Clear,Benaglauru Tumkuru NH-48 Road,near rajastana hariyana dhaba,22 KM,13.259553,77.210078,0,0,0.0,0.0
Bengaluru Dist,Nelamangala Traffic PS,1.04422e+16,2019,1,2,Road Accidents,Curves,Rural Areas,Open area,Human Error,No,Grievous Injury,Vehicle to Vehicle,Uncontrolled,Curve,NH,Bitumen(Tar),Dry,No influence on accident,Fine,Bengaluru Tumakuru NH 48 Road,Near Tippagondanahalli,08kms,13.160067,77.3222629,0,0,0.0,0.0
Bengaluru Dist,Nelamangala Traffic PS,1.04422e+16,2019,1,4,Road Accidents,Not Applicable,Rural Areas,Open area,Human Error,No,Damage Only,Vehicle to Vehicle,Uncontrolled,Straight and flat,NH,Bitumen(Tar),Dry,No influence on accident,Fine,Tumakuru Bengaluru NH 48 Road,Near Bhuvaneshwari Nagara,03 KM,13.138631,77.35193,0,0,0.0,0.0
Bengaluru Dist,Nelamangala Traffic PS,1.04422e+16,2019,1,1,Road Accidents,Not Applicable,Rural Areas,Open area,Human Error,Yes,Simple Injury,Hit pedestrian,Uncontrolled,Straight and flat,NH,Bitumen(Tar),Dry,No influence on accident,Fine,NH,T BEGRU,7KM,13.148838,77.338834,0,0,0.0,0.0
Bengaluru Dist,Nelamangala Traffic PS,1.04422e+16,2019,1,2,Road Accidents,Curves,City/Town,Near Bus stop,Human Error,No,Simple Injury,Vehicle to Vehicle,Uncontrolled,Straight and flat,Two way,Bitumen(Tar),Dry,No influence on accident,Clear,NELAMANGALA BENGALURU B H MAIN ROAD,NEAR T B BUS STOP,2 KM,13.097409,77.400656,0,0,0.0,0.0
Bengaluru Dist,Nelamangala Traffic PS,1.04422e+16,2019,1,2,Road Accidents,Curves,City/Town,Open area,Human Error,No,Grievous Injury,Vehicle to Vehicle,Not at  Junction,Curve,NH,Bitumen(Tar),Dry,No influence on accident,Fine,Nelamangala Town To Jasstoll Road,Near Vishweshwarapura,01Kms,13.100753,77.383124,0,0,0.0,0.0
Bengaluru Dist,Nelamangala Traffic PS,1.04422e+16,2019,1,2,Road Accidents,Not Applicable,Rural Areas,Near Bus stop,Human Error,No,Fatal,Vehicle to Vehicle,Uncontrolled,Straight and flat,NH,Bitumen(Tar),Dry,No influence on accident,Others,bangalore tumkur nh 48 road,MAHIMAPURA GATE U TURN,10,13.17848,77.293604,0,0,0.0,0.0
Bengaluru Dist,Nelamangala Traffic PS,1.04422e+16,2019,1,2,Road Accidents,Narrow road,Rural Areas,Residential area,Not Applicable,Yes,Simple Injury,Not Applicable,Not Applicable,Not Applicable,NH,Not Applicable,Dry,Not Applicable,Fine,TUMKUR-BENGALAURU NH 48 ROAD,TUMKUR BANGALORE NH 48 ROAD,20KM,13.218037,77.251367,0,0,0.0,0.0
Bengaluru Dist,Nelamangala Traffic PS,1.04422e+16,2019,1,2,Road Accidents,Not Applicable,Rural Areas,Open area,Human Error,No,Fatal,Vehicle to Vehicle,Uncontrolled,Straight and flat,Service Road,Bitumen(Tar),Dry,No influence on accident,Others,Bangalore tTumkur nh 48 service road,Arisinakunte Holiday form,2,13.079562,77.4247249,0,0,0.0,0.0
Bengaluru Dist,Nelamangala Traffic PS,1.04422e+16,2019,1,1,Road Accidents,Not Applicable,City/Town,Open area,Human Error,Yes,Fatal,Hit pedestrian,Uncontrolled,Straight and flat,Expressway,Bitumen(Tar),Dry,No influence on accident,Fine,Bangalore-Tumkur NH 48 Express Road,Ravuttanahalli Cross,4,13.073626,77.438608,0,0,0.0,0.0
Bengaluru Dist,Nelamangala Traffic PS,1.04422e+16,2019,1,2,Road Accidents,Not Applicable,Rural Areas,Open area,Human Error,No,Simple Injury,Vehicle to Vehicle,Not Applicable,Not Applicable,NH,Bitumen(Tar),Dry,Not Applicable,Cloudy,Bangalore-Tumkur NH 48 Road,Near Chikkabidarakallu fly over,12,13.0519,77.488194,0,0,0.0,0.0
Bengaluru Dist,Nelamangala Traffic PS,1.04422e+16,2019,1,1,Road Accidents,Narrow road,Rural Areas,Open area,Human Error,No,Fatal,Hit pedestrian,Uncontrolled,Straight and flat,Expressway,Surfaced,Dry,Pot holed,Fine,NH-48,road,15 KM,13.050494,77.491305,5,0,,
Bengaluru Dist,Nelamangala Traffic PS,1.04422e+16,2019,1,2,Road Accidents,Narrow road,Rural Areas,Near a factory industrial area,Human Error,No,Grievous Injury,Vehicle to Vehicle,Uncontrolled,Straight and flat,Expressway,Surfaced,Muddy,No influence on accident,Cloudy,NH-48,Gowdan,12 km,13.250507,77.220819,0,4,,
Bengaluru Dist,Nelamangala Traffic PS,1.04422e+16,2019,1,2,Road Accidents,Cross roads,Rural Areas,Near a factory industrial area,Human Error,No,Grievous Injury,Vehicle to Vehicle,Uncontrolled,Straight and flat,NH,Bitumen(Tar),Dry,No influence on accident,Fine,NH,HANCHIPURA CROSS,6KM,13.07307,77.363946,0,0,0.0,0.0
Bengaluru Dist,Nelamangala Traffic PS,1.04422e+16,2019,1,1,Road Accidents,Not Applicable,Rural Areas,Open area,Human Error,Yes,Fatal,Hit pedestrian,Uncontrolled,Straight and flat,NH,Bitumen(Tar),Dry,No influence on accident,Fine,TUMKUR BANGALORE NH 48 ROAD,BILLINAKOTE NETRAVATHI ENJINEERING WORKS,20,13.197863,77.271694,0,0,0.0,0.0
Bengaluru Dist,Nelamangala Traffic PS,1.04422e+16,2019,1,1,Road Accidents,Junction,Rural Areas,Open area,Human Error,No,Simple Injury,Not Applicable,Police / Manual,Straight and flat,NH,Bitumen(Tar),Dry,Not Applicable,Clear,NELAMANGALA TO KUNIGAL NH 75 ROAD,NELAMANGALA KUNIGAL NH 75 SERVICE ROAD,8 KM,13.063107,77.346761,0,0,0.0,0.0
Bengaluru Dist,Nelamangala Traffic PS,1.04422e+16,2019,1,2,Road Accidents,Not Applicable,Rural Areas,Open area,Human Error,No,Grievous Injury,Vehicle to Vehicle,Uncontrolled,Straight and flat,NH,Bitumen(Tar),Dry,No influence on accident,Fine,Nelamangala Kunigal NH 75 Road,Near Mahadevapura,09Kms,13.066546,77.318674,0,0,0.0,0.0
Bengaluru Dist,Nelamangala Traffic PS,1.04422e+16,2019,1,2,Road Accidents,Not Applicable,Rural Areas,Open area,Human Error,No,Grievous Injury,Vehicle to Vehicle,Police / Manual,Straight and flat,NH,Bitumen(Tar),Dry,No influence on accident,Fine,NH-48,BOMMANAHALLI,5KM,13.122138,77.3674169,0,0,0.0,0.0
Bengaluru Dist,Nelamangala Traffic PS,1.04422e+16,2019,1,2,Road Accidents,Curves,Rural Areas,Open area,Human Error,No,Grievous Injury,Vehicle to Vehicle,Police / Manual,Curve,NH,Bitumen(Tar),Wet,No influence on accident,Clear,NH75 road,road,6,13.082421,77.371579,0,3,0.0,3.0
Bengaluru Dist,Nelamangala Traffic PS,1.04422e+16,2019,1,1,Road Accidents,Other,Rural Areas,Open area,Not Applicable,No,Fatal,Others,Not at  Junction,Others,NH,Bitumen(Tar),Others,Not Applicable,Others,NH 48,HANUMANTHAPURA GATE,10,13.188215,77.281782,0,1,0.0,1.0
Bengaluru Dist,Nelamangala Traffic PS,1.04422e+16,2019,1,1,Road Accidents,Not Applicable,Rural Areas,Open area,Vehicle Defect,Yes,Fatal,Hit pedestrian,Police / Manual,Straight and flat,NH,Bitumen(Tar),Dry,No influence on accident,Others,NH 48,life line hospital,6,13.061129,77.460728,0,0,0.0,0.0
Bengaluru Dist,Nelamangala Traffic PS,1.04422e+16,2019,1,1,Road Accidents,Other,Rural Areas,Near Petrol Pump,Human Error,Yes,Simple Injury,Hit and Run,Not at  Junction,Others,Village Road,Bitumen(Tar),Others,Not Applicable,Clear,TUMAKURU BENGALURU NH-48 ROAD,OPPT INDIAN PETROL BUNK,25 KM,13.229089,77.241079,0,1,0.0,1.0
Bengaluru Dist,Nelamangala Traffic PS,1.04422e+16,2019,1,1,Road Accidents,Bridge,Rural Areas,Open area,Not Applicable,No,Fatal,Others,Not at  Junction,Others,NH,Bitumen(Tar),Others,Not Applicable,Others,NH 48 ROAD,DABASPET RAILWAY BRIDGE,22,13.241754,77.231997,0,1,0.0,1.0
Bengaluru Dist,Nelamangala Traffic PS,1.04422e+16,2019,1,1,Road Accidents,Narrow road,Rural Areas,Open area,Human Error,No,Grievous Injury,Hit pedestrian,Uncontrolled,Straight and flat,NH,Bitumen(Tar),Dry,No influence on accident,Fine,NH-48,DABAS PATE CHANNIGAPPA PORKING PALCE,20KM,13.221603,77.247124,0,0,0.0,0.0
Bengaluru Dist,Nelamangala Traffic PS,1.04422e+16,2019,1,1,Road Accidents,Narrow road,Rural Areas,Near or inside a village,Human Error,No,Simple Injury,Head on,Uncontrolled,Slight Curve,Expressway,Surfaced,Dry,Pot holed,Fine,NH 48 ROAD,Hiway road,05  KM,13.079876,77.424074,5,0,,
Bengaluru Dist,Nelamangala Traffic PS,1.04422e+16,2019,1,2,Road Accidents,Narrow road,Rural Areas,Open area,Human Error,No,Simple Injury,Others,Uncontrolled,Straight and flat,NH,Bitumen(Tar),Dry,Not Applicable,Fine,NH-48,NEAR DODDERI,12KM,13.17027,77.309118,0,0,0.0,0.0
Bengaluru Dist,Nelamangala Traffic PS,1.04422e+16,2019,1,2,Road Accidents,Narrow road,City/Town,Near Bus stop,Human Error,Yes,Grievous Injury,Hit and Run,Uncontrolled,Straight and flat,Others,Bitumen(Tar),Dry,No influence on accident,Fine,NH-48,BHARATH PETROL BUNK,2KM,13.09512,77.404498,0,0,0.0,0.0
Bengaluru Dist,Nelamangala Traffic PS,1.04422e+16,2019,1,1,Road Accidents,Narrow road,Rural Areas,Open area,Human Error,Yes,Fatal,Not Applicable,Uncontrolled,Straight and flat,Expressway,Surfaced,Dry,Pot holed,Fine,NH-48,road,04 KM,13.082193,77.4188,5,0,,
Bengaluru Dist,Nelamangala Traffic PS,1.04422e+16,2019,1,3,Road Accidents,Other,Rural Areas,Narrow bridge or culverts,Human Error,No,Damage Only,Others,Not at  Junction,Others,NH,Bitumen(Tar),Others,Not Applicable,Clear,TUMAKURU BENGALURU NH-48 ROAD,NEAR ARISHINAKUNTE FLYOVER,3KM,13.0825,77.418776,0,1,0.0,1.0
Bengaluru Dist,Nelamangala Traffic PS,1.04422e+16,2019,1,1,Road Accidents,Other,Rural Areas,Open area,Not Applicable,No,Fatal,Others,Not at  Junction,Not Applicable,NH,Bitumen(Tar),Others,Not Applicable,Others,NH 75,MAHADEVAPURA,6,13.066326,77.321313,0,1,0.0,1.0
Bengaluru Dist,Nelamangala Traffic PS,1.04422e+16,2019,1,1,Road Accidents,Narrow road,Rural Areas,Near Bus stop,Human Error,No,Fatal,Hit pedestrian,Uncontrolled,Straight and flat,NH,Bitumen(Tar),Others,No influence on accident,Fine,BANGALORE TUMKUR  NH48 ROAD,MN HALLI BUS STAND,8,13.060844,77.461065,0,1,0.0,1.0
Bengaluru Dist,Nelamangala Traffic PS,1.04422e+16,2019,1,1,Road Accidents,Not Applicable,City/Town,Residential area,Human Error,Yes,Simple Injury,Hit pedestrian,Uncontrolled,Straight and flat,Others,Bitumen(Tar),Dry,No influence on accident,Clear,OPPSITE BHIMAHABIKA GAREGE BH ROAD BINNAMANGALA,BINNAMANGALA NELAMANGALA TOWN,2 KM,13.091513,77.40788,0,0,0.0,0.0
Bengaluru Dist,Nelamangala Traffic PS,1.04422e+16,2019,1,1,Road Accidents,Junction,Rural Areas,Near Bus stop,Human Error,No,Simple Injury,Hit pedestrian,Controlled,Others,Expressway,Bitumen(Tar),Dry,Not Applicable,Clear,TUMAKUR TO BANGALORE NH -48 ROAD,BUS STATND,80 FT,13.08013,77.424505,0,0,0.0,0.0
Bengaluru Dist,Nelamangala Traffic PS,1.04422e+16,2019,1,1,Road Accidents,Not Applicable,Rural Areas,Near a religious place,Human Error,No,Simple Injury,Not Applicable,Uncontrolled,Straight and flat,NH,Bitumen(Tar),Dry,No influence on accident,Fine,"KUNIGAL- NELAMANGALA NH 75 ROAD, YANTAGANAHALLI",KUNIGAL NELAMANGALA NH 75 ROAD,6 KM,13.066244,77.356938,0,0,0.0,0.0
Bengaluru Dist,Nelamangala Traffic PS,1.04422e+16,2019,1,2,Road Accidents,Not Applicable,Rural Areas,Open area,Human Error,No,Grievous Injury,Vehicle to Vehicle,Uncontrolled,Straight and flat,NH,Bitumen(Tar),Dry,No influence on accident,Fine,NH-48,JOSS TOLL,4KM,13.113804,77.375508,0,0,0.0,0.0