DISTRICTNAME,UNITNAME,Crime_No,Year,RI,Noofvehicle_involved,Accident_Classification,Accident_Spot,Accident_Location,Accident_SubLocation,Main_Cause,Hit_Run,Severity,Collision_Type,Junction_Control,Road_Character,Road_Type,Surface_Type,Surface_Condition,Road_Condition,Weather,Accident_Road,Landmark_first,Distance_LandMark_First,Latitude,Longitude,Road_Condition_Score,Surface_Condition_Score,Surface_Type_Score,Road_Risk_Index
Bengaluru Dist,Nelamangala Traffic PS,1.04422e+16,2019,1,1,Road Accidents,Not Applicable,City/Town,Near office complex,Human Error,No,Simple Injury,Hit pedestrian,Uncontrolled,Straight and flat,NH,Bitumen(Tar),Dry,No influence on accident,Clear,SUBHASH NAGARA MAIN ROAD,INFRONT OF WARIOUR BAKERY,2 km,13.093581,77.399886,0,0,0.0,0.0
Bengaluru Dist,Nelamangala Traffic PS,1.04422e+16,2019,1,2,Road Accidents,Not Applicable,City/Town,Open area,Human Error,No,Damage Only,Vehicle to Vehicle,Not at  Junction,Straight and flat,NH,Bitumen(Tar),Dry,No influence on accident,Fine,Tumakuru Bengaluru NH 48 Road,Near Bhinnamangala,02KMS,13.085342,77.412004,0,0,0.0,0.0
Bengaluru Dist,Nelamangala Traffic PS,1.04422e+16,2019,1,1,Road Accidents,Not Applicable,City/Town,Near Bus stop,Human Error,No,Grievous Injury,Hit pedestrian,Uncontrolled,Straight and flat,NH,Bitumen(Tar),Dry,No influence on accident,Fine,NH-48,MAKALI BUS STOP,7KM,13.065473,77.453919,0,0,0.0,0.0
Bengaluru Dist,Nelamangala Traffic PS,1.04422e+16,2019,1,2,Road Accidents,Not Applicable,City/Town,Residential area,Human Error,No,Simple Injury,Vehicle to Vehicle,Police / Manual,Straight and flat,NH,Bitumen(Tar),Dry,No influence on accident,Clear,TUMAKURU BANGALORE NH 48 SERVICE ROAD,TUMAKURU BANGALORE NH 48 SERVICE ROAD,500M,13.09464,77.390247,0,0,0.0,0.0
Bengaluru Dist,Nelamangala Traffic PS,1.04422e+16,2019,1,2,Road Accidents,Not Applicable,City/Town,Open area,Not Applicable,No,Simple Injury,Not Applicable,Not Applicable,Others,NH,Surfaced,Dry,Not Applicable,Fine,TUMAKUR BANGALORE NH 48 ROAD,TUMAKUR BANGALORE NH 48 ROAD,13 KM,13.190927,77.27884,0,0,,
Bengaluru Dist,Nelamangala Traffic PS,1.04422e+16,2019,1,1,Road Accidents,Curves,City/Town,Narrow bridge or culverts,Human Error,No,Simple Injury,Not Applicable,Uncontrolled,Straight and flat,Others,Bitumen(Tar),Dry,No influence on accident,Clear,NELAMANGALA BENGALURU B H MAIN ROAD,NEAR VISHVASHANTHI  ASHRAMA,3 KM,13.084062,77.417102,0,0,0.0,0.0
Bengaluru Dist,Nelamangala Traffic PS,1.04422e+16,2019,1,1,Road Accidents,Not Applicable,Rural Areas,Open area,Human Error,Yes,Grievous Injury,Hit pedestrian,Police / Manual,Straight and flat,NH,Bitumen(Tar),Dry,No influence on accident,Clear,TUMAKURU BANGALORE NH 48 ROAD,ARISHINAKUNTE,4 KM,13.078839,77.426985,0,0,0.0,0.0
Bengaluru Dist,Nelamangala Traffic PS,1.04422e+16,2019,1,2,Road Accidents,Not Applicable,Rural Areas,Near Bus stop,Human Error,No,Simple Injury,Vehicle to Vehicle,Not Applicable,Not Applicable,NH,Bitumen(Tar),Dry,Not Applicable,Clear,TUMAKURU BANGALORE NH 48 ROAD,TUMAKURUA BANGALORE NH 48 ROAD,15 KM,13.187669,77.282255,0,0,0.0,0.0
Bengaluru Dist,Nelamangala Traffic PS,1.04422e+16,2019,1,1,Road Accidents,Narrow road,Rural Areas,Near a factory industrial area,Human Error,Yes,Fatal,Hit pedestrian,Uncontrolled,Straight and flat,NH,Bitumen(Tar),Dry,No influence on accident,Clear,Kunigal Nelamangala NH 75 Road,chocolate factory prathiba land,10,13.063856,77.32872,0,0,0.0,0.0
Bengaluru Dist,Nelamangala Traffic PS,1.04422e+16,2019,1,1,Road Accidents,Curves,Rural Areas,Near Bus stop,Human Error,No,Fatal,Hit pedestrian,No signal lights,Curve,NH,Bitumen(Tar),Dry,No influence on accident,Clear,nh-75,u turn,8 km,13.063118,77.346504,0,0,0.0,0.0
Bengaluru Dist,Nelamangala Traffic PS,1.04422e+16,2019,1,2,Road Accidents,Cross roads,Rural Areas,Open area,Human Error,No,Grievous Injury,Vehicle to Vehicle,Uncontrolled,Curve and Incline,NH,Bitumen(Tar),Dry,No influence on accident,Very Cold,Tumakuru Bengaluru NH 48 Road,Near Dabasapete,200KMS,13.22826,77.241178,0,0,0.0,0.0
Bengaluru Dist,Nelamangala Traffic PS,1.04422e+16,2019,1,1,Not Applicable,Not Applicable,City/Town,Open area,Human Error,Not Applicable,Not Applicable,Not Applicable,Uncontrolled,Straight and flat,NH,Bitumen(Tar),Dry,No influence on accident,Fine,Bengaluru Tumakuru NH 48 Road,Near Devannanapalya,04Kms,13.077692,77.430654,0,0,0.0,0.0
Bengaluru Dist,Nelamangala Traffic PS,1.04422e+16,2019,1,2,Road Accidents,Narrow road,City/Town,Open area,Human Error,No,Damage Only,Vehicle to Vehicle,Uncontrolled,Straight and flat,NH,Bitumen(Tar),Dry,No influence on accident,Clear,NH-48,MAKALI JAYALAKSHMI MOTORS,7KM,13.065515,77.453734,0,0,0.0,0.0
Bengaluru Dist,Nelamangala Traffic PS,1.04422e+16,2019,1,3,Road Accidents,Not Applicable,City/Town,Open area,Human Error,No,Damage Only,Vehicle to Vehicle,Uncontrolled,Straight and flat,NH,Bitumen(Tar),Dry,No influence on accident,Fine,NH,Near dasanapura,7km,13.076762,77.434175,0,0,0.0,0.0
Bengaluru Dist,Nelamangala Traffic PS,1.04422e+16,2019,1,1,Road Accidents,Cross roads,Rural Areas,Near or inside a village,Human Error,No,Simple Injury,Hit pedestrian,Police / Manual,Curve,NH,Bitumen(Tar),Muddy,No influence on accident,Clear,Benaglauru Tumkuru NH 48 Road,Near Tyamagondlu Cross,8 KM,13.150189,77.337248,0,4,0.0,4.0
Bengaluru Dist,Nelamangala Traffic PS,1.04422e+16,2019,1,2,Road Accidents,Bridge,Rural Areas,Narrow bridge or culverts,Human Error,No,Damage Only,Others,Not at  Junction,Others,NH,Bitumen(Tar),Others,Not Applicable,Others,Benaglauru Tumkuru NH 48 Road,Near Adakamaranahalli Bridge,4KM,13.069818,77.446397,0,1,0.0,1.0
Bengaluru Dist,Nelamangala Traffic PS,1.04422e+16,2019,1,2,Road Accidents,Other,Rural Areas,Near a factory industrial area,Human Error,No,Damage Only,Others,Not at  Junction,Not Applicable,NH,Bitumen(Tar),Others,Not Applicable,Clear,NELAMANGALA SONDEKOPPA MAIN ROAD,INFRONT OF BIESS FACTORY ROAD,2 KM,13.081167,77.392743,0,1,0.0,1.0
Bengaluru Dist,Nelamangala Traffic PS,1.04422e+16,2019,1,2,Road Accidents,Other,Rural Areas,Near or inside a village,Human Error,No,Damage Only,Others,Not at  Junction,Not Applicable,NH,Bitumen(Tar),Not Applicable,Not Applicable,Clear,Bengaluru Tumkuru NH-48 Road,Near Hanumanthapura gate,13 KM,13.188003,77.281677,0,0,0.0,0.0
Bengaluru Dist,Nelamangala Traffic PS,1.04422e+16,2019,1,2,Road Accidents,Narrow road,Rural Areas,Open area,Human Error,No,Grievous Injury,Vehicle to Vehicle,Uncontrolled,Straight and flat,Mixed,Bitumen(Tar),Dry,No influence on accident,Fine,B H ROAD,BINNAMANGALA B H ROAD,2KM,13.087326,77.412704,0,0,0.0,0.0
Bengaluru Dist,Nelamangala Traffic PS,1.04422e+16,2019,1,1,Road Accidents,Narrow road,City/Town,Open area,Human Error,No,Grievous Injury,Head on,Uncontrolled,Straight and flat,NH,Bitumen(Tar),Dry,No influence on accident,Fine,NH-48,OPP PERENA MOTORS,2KM,13.085431,77.4116289,0,0,0.0,0.0
Bengaluru Dist,Nelamangala Traffic PS,1.04422e+16,2019,1,2,Road Accidents,Other,Rural Areas,Near a factory industrial area,Not Applicable,No,Fatal,Others,Not at  Junction,Incline,NH,Bitumen(Tar),Others,Not Applicable,Others,NH 48,kbd factory,6,13.116865,77.372622,0,1,0.0,1.0
Bengaluru Dist,Nelamangala Traffic PS,1.04422e+16,2019,1,2,Road Accidents,Other,Rural Areas,Near or inside a village,Human Error,No,Damage Only,Others,Not at  Junction,Others,NH,Bitumen(Tar),Not Applicable,Not Applicable,Clear,TUMAKURU BENGALURU NH-48 ROAD,Kuluvanahalli U Turn,15 Kms,13.176321,77.299165,0,0,0.0,0.0
Bengaluru Dist,Nelamangala Traffic PS,1.04422e+16,2019,1,2,Road Accidents,Other,Rural Areas,Near a factory industrial area,Human Error,No,Damage Only,Others,Not at  Junction,Others,Others,Bitumen(Tar),Not Applicable,Not Applicable,Clear,Benaglauru Tumkuru NH 48 Road,NEAR FACTORY,9 KM,13.159785,77.322873,0,0,0.0,0.0
Bengaluru Dist,Nelamangala Traffic PS,1.04422e+16,2019,1,2,Road Accidents,Narrow road,City/Town,Residential area,Human Error,Yes,Simple Injury,Vehicle to Vehicle,Uncontrolled,Curve,NH,Bitumen(Tar),Dry,No influence on accident,Fine,Kanva Road,Near Danojipalya,02KMS,13.087853,77.405671,0,0,0.0,0.0
Bengaluru Dist,Nelamangala Traffic PS,1.04422e+16,2019,1,1,Road Accidents,Not Applicable,Rural Areas,Open area,Human Error,No,Grievous Injury,Hit pedestrian,Not at  Junction,Straight and flat,NH,Bitumen(Tar),Dry,No influence on accident,Clear,Bengaluru Tumakuru NH 48 Road,Near Veeraraghavanapalya,02KMS,13.117239,77.371999,0,0,0.0,0.0
Bengaluru Dist,Nelamangala Traffic PS,1.04422e+16,2019,1,2,Road Accidents,Narrow road,City/Town,Near office complex,Human Error,Yes,Fatal,Vehicle to Vehicle,Uncontrolled,Straight and flat,NH,Bitumen(Tar),Dry,No influence on accident,Fine,BANGALORE TUMKUR NH 48 SERVICE ROAD,MAKALI,5,13.06815,77.4488969,0,0,0.0,0.0
Bengaluru Dist,Nelamangala Traffic PS,1.04422e+16,2019,1,2,Road Accidents,Narrow road,City/Town,Near Petrol Pump,Not Applicable,No,Simple Injury,Not Applicable,Not Applicable,Hump,NH,Surfaced,Dry,Not Applicable,Fine,TUMAKURU BANGALORE NH 48 ROAD,TUMAKURU BANGALORE NH 48 ROAD,25 KM,13.242756,77.231574,0,0,,
Bengaluru Dist,Nelamangala Traffic PS,1.04422e+16,2019,1,2,Road Accidents,Not Applicable,City/Town,Open area,Human Error,No,Fatal,Vehicle to Vehicle,Uncontrolled,Straight and flat,NH,Bitumen(Tar),Others,No influence on accident,Fine,BANGALORE TUMKUR NH 48ROAD,ANCHEPALYA SKY WALK,8,13.054459,77.480668,0,1,0.0,1.0
Bengaluru Dist,Nelamangala Traffic PS,1.04422e+16,2019,1,2,Road Accidents,Not Applicable,Rural Areas,Open area,Human Error,No,Fatal,Vehicle to Vehicle,Uncontrolled,Straight and flat,NH,Bitumen(Tar),Others,No influence on accident,Fine,BANGALORE TUMKUR NH 48 ROAD,KEREKATTIGANUR U TURN,19,13.187716,77.281928,0,1,0.0,1.0
Bengaluru Dist,Nelamangala Traffic PS,1.04422e+16,2019,1,2,Not Applicable,Narrow road,City/Town,Open area,Not Applicable,No,Simple Injury,Hit bicyclist,Not Applicable,Not Applicable,NH,Surfaced,Dry,Not Applicable,Fine,BANGALORE TO TUMKUR NH 48 SERVICE ROAD,BANGALORE TUMKUR NH 48 SERVICE ROAD,1 KM,13.095935,77.387736,0,0,,
Bengaluru Dist,Nelamangala Traffic PS,1.04422e+16,2019,1,2,Road Accidents,Not Applicable,Rural Areas,Open area,Human Error,Yes,Simple Injury,Vehicle to Vehicle,Police / Manual,Straight and flat,NH,Bitumen(Tar),Dry,No influence on accident,Clear,TUMAKURU BANGALORE NH 48 ROAD,TUMAKURU BANGALORE NH 48 ROAD,20 KM,13.228871,77.241312,0,0,0.0,0.0
Bengaluru Dist,Nelamangala Traffic PS,1.04422e+16,2019,1,2,Road Accidents,Not Applicable,Rural Areas,Open area,Human Error,No,Damage Only,Vehicle to Vehicle,Uncontrolled,Straight and flat,NH,Bitumen(Tar),Dry,No influence on accident,Fine,NH,ARISHINAKUNTE TOLL,3KM,13.078684,77.427029,0,0,0.0,0.0
Bengaluru Dist,Nelamangala Traffic PS,1.04422e+16,2019,1,2,Road Accidents,Not Applicable,Rural Areas,Near or inside a village,Human Error,No,Simple Injury,Vehicle to Vehicle,Uncontrolled,Straight and flat,NH,Bitumen(Tar),Dry,No influence on accident,Clear,NELAMANGALA KUNIGAL NH 75 ROAD,NEAR SHANTHI NAGARA,4 KM,13.079199,77.367431,0,0,0.0,0.0
Bengaluru Dist,Nelamangala Traffic PS,1.04422e+16,2019,1,2,Road Accidents,Not Applicable,Rural Areas,Residential area,Human Error,No,Fatal,Vehicle to Vehicle,Uncontrolled,Straight and flat,NH,Bitumen(Tar),Dry,No influence on accident,Fine,BANGALORE TUMKUR NH 48 ROAD,DODDERI KUMAR HOUSE,10,13.169378,77.309256,0,0,0.0,0.0
Bengaluru Dist,Nelamangala Traffic PS,1.04422e+16,2019,1,1,Road Accidents,Narrow road,City/Town,Residential area,Human Error,No,Grievous Injury,Hit pedestrian,Uncontrolled,Straight and flat,NH,Bitumen(Tar),Dry,No influence on accident,Fine,OTHERS ROAD,YALLAMMA NAGARA,2KM,13.096459,77.402689,0,0,0.0,0.0
Bengaluru Dist,Nelamangala Traffic PS,1.04422e+16,2019,1,2,Road Accidents,Narrow road,City/Town,Open area,Human Error,No,Damage Only,Vehicle to Vehicle,Uncontrolled,Straight and flat,NH,Bitumen(Tar),Dry,No influence on accident,Fine,NH,NAVAYUGA TOLL,2KM,13.091142,77.399878,0,0,0.0,0.0
Bengaluru Dist,Nelamangala Traffic PS,1.04422e+16,2019,1,2,Road Accidents,Narrow road,Rural Areas,Open area,Vehicle Defect,Yes,Damage Only,Vehicle to Vehicle,No signal lights,Straight and flat,NH,Bitumen(Tar),Dry,Not Applicable,Fine,BANGALORE-TUMAKURU NH 48 ROAD,BANGALORE TUMAKURU NH 48 ROAD,4 KM,13.113788,77.375919,0,0,0.0,0.0
Bengaluru Dist,Nelamangala Traffic PS,1.04422e+16,2019,1,2,Road Accidents,Curves,Rural Areas,Near or inside a village,Human Error,No,Simple Injury,Vehicle to Vehicle,No signal lights,Straight and flat,NH,Bitumen(Tar),Dry,Not Applicable,Fine,BANGALORE TUMAKURU NH 48 ROAD,BANGALORE TUMAKURU NH 48 ROAD,4 KM,13.122181,77.367689,0,0,0.0,0.0
Bengaluru Dist,Nelamangala Traffic PS,1.04422e+16,2019,1,2,Road Accidents,Narrow road,City/Town,Open area,Human Error,No,Damage Only,Vehicle to Vehicle,Uncontrolled,Straight and flat,NH,Bitumen(Tar),Dry,No influence on accident,Fine,NH,OPP JINDAL PRESTIGE GROUP,12KM,13.051641,77.489591,0,0,0.0,0.0
Bengaluru Dist,Nelamangala Traffic PS,1.04422e+16,2019,1,2,Road Accidents,Not Applicable,Rural Areas,Open area,Human Error,No,Grievous Injury,Vehicle to Vehicle,Uncontrolled,Straight and flat,NH,Bitumen(Tar),Dry,No influence on accident,Fine,Tumakuru Bengaluru NH 48 Road,Near T Beguru,06Kms,13.151649,77.337604,0,0,0.0,0.0
Bengaluru Dist,Nelamangala Traffic PS,1.04422e+16,2019,1,2,Road Accidents,Not Applicable,Rural Areas,Open area,Human Error,No,Fatal,Vehicle to Vehicle,Uncontrolled,Straight and flat,NH,Bitumen(Tar),Dry,No influence on accident,Fine,BANGALORE TUMKUR NH 48 ROAD,BOMMANAHALLI FOREST OPPOSITE,15,13.121433,77.368122,0,0,0.0,0.0
Bengaluru Dist,Nelamangala Traffic PS,1.04422e+16,2019,1,2,Road Accidents,Narrow road,City/Town,Open area,Human Error,No,Grievous Injury,Vehicle to Vehicle,Uncontrolled,Straight and flat,NH,Bitumen(Tar),Dry,No influence on accident,Fine,NH,CHIKKABIDARAKALLU BRIDGE,12KM,13.051887,77.487938,0,0,0.0,0.0
Bengaluru Dist,Nelamangala Traffic PS,1.04422e+16,2019,1,1,Road Accidents,Narrow road,Rural Areas,Near Petrol Pump,Human Error,No,Fatal,Not Applicable,Uncontrolled,Straight and flat,Others,Bitumen(Tar),Dry,No influence on accident,Fine,NELAMANGALA DODDABALLAPUA ROAD,BASAVANAHALLI,2,13.112829,77.388913,0,0,0.0,0.0
Bengaluru Dist,Nelamangala Traffic PS,1.04422e+16,2019,1,1,Road Accidents,Curves,Rural Areas,Open area,Human Error,No,Grievous Injury,Hit pedestrian,Uncontrolled,Straight and flat,NH,Bitumen(Tar),Dry,No influence on accident,Clear,Tumakuru Bengaluru NH 48 Service Road,Near CB Kallu,12km,13.051663,77.4899529,0,0,0.0,0.0
Bengaluru Dist,Nelamangala Traffic PS,1.04422e+16,2019,1,2,Road Accidents,Not Applicable,Rural Areas,Open area,Human Error,No,Fatal,Vehicle to Vehicle,Uncontrolled,Straight and flat,NH,Bitumen(Tar),Dry,No influence on accident,Fine,TUMKUR BANGALORE NH 48,TRIDEV DABA,3,13.159778,77.323245,0,0,0.0,0.0
Bengaluru Dist,Nelamangala Traffic PS,1.04422e+16,2019,1,2,Road Accidents,Narrow road,City/Town,Open area,Human Error,No,Grievous Injury,Others,Uncontrolled,Straight and flat,NH,Bitumen(Tar),Dry,Not Applicable,Fine,OTHERS ROAD,AMBEDKAR CIRCLE,2KM,13.100831,77.390415,0,0,0.0,0.0
Bengaluru Dist,Nelamangala Traffic PS,1.04422e+16,2019,1,2,Road Accidents,Not Applicable,Rural Areas,Near or inside a village,Human Error,No,Damage Only,Vehicle to Vehicle,Police / Manual,Straight and flat,NH,Bitumen(Tar),Dry,No influence on accident,Clear,Tumkuru Bengaluru NH-0 Road,Near Vishveshwarapura gate,4KM,13.101855,77.382993,0,0,0.0,0.0
Bengaluru Dist,Nelamangala Traffic PS,1.04422e+16,2019,1,2,Road Accidents,Narrow road,Rural Areas,Near or inside a village,Human Error,No,Simple Injury,Vehicle to Vehicle,Controlled,Straight and flat,NH,Bitumen(Tar),Dry,No influence on accident,Clear,Benaglauru Tumkuru NH 48 Road,NEAR NAVAYUGA TOLL,02 KM,13.090927,77.399567,0,0,0.0,0.0
Bengaluru Dist,Nelamangala Traffic PS,1.04422e+16,2019,1,1,Road Accidents,Other,City/Town,Open area,Human Error,No,Grievous Injury,Hit pedestrian,Uncontrolled,Straight and flat,NH,Bitumen(Tar),Dry,No influence on accident,Fine,Nelamangala Bengaluru BH Road,Near Karnataka Bank,01Kms,13.097458,77.397817,0,0,0.0,0.0
Bengaluru Dist,Nelamangala Traffic PS,1.04422e+16,2019,1,1,Road Accidents,Other,Rural Areas,Open area,Not Applicable,No,Fatal,Others,Not at  Junction,Others,NH,Bitumen(Tar),Others,Not Applicable,Others,NH 48,chandana hosahalli gate,20,13.232765,77.240264,0,1,0.0,1.0
Bengaluru Dist,Nelamangala Traffic PS,1.04422e+16,2019,1,1,Road Accidents,Other,City/Town,Open area,Not Applicable,No,Fatal,Others,Not at  Junction,Others,NH,Bitumen(Tar),Others,Not Applicable,Others,NH 48,BELI MATT ENGINIEERING COLLEGE OPPOSITE,01-Feb,13.094024,77.3917409,0,1,0.0,1.0
Bengaluru Dist,Nelamangala Traffic PS,1.04422e+16,2019,1,2,Road Accidents,Other,City/Town,Open area,Human Error,Yes,Grievous Injury,Hit and Run,Uncontrolled,Straight and flat,NH,Bitumen(Tar),Dry,No influence on accident,Flooding of Slipways/Rivulets,Bengaluru Tumakuru NH 48 Road,Near Dasanapura Venkateshwara School & Nursing College,04Kms,13.073652,77.439052,0,0,0.0,0.0
Bengaluru Dist,Nelamangala Traffic PS,1.04422e+16,2019,1,2,Road Accidents,Narrow road,City/Town,Open area,Human Error,No,Grievous Injury,Vehicle to Vehicle,Uncontrolled,Straight and flat,Others,Bitumen(Tar),Dry,No influence on accident,Fine,Nelamangala Doddaballapura Road,Near Hunasemara,01Kms,13.101033,77.390247,0,0,0.0,0.0
Bengaluru Dist,Nelamangala Traffic PS,1.04422e+16,2019,1,2,Road Accidents,Other,Rural Areas,Open area,Not Applicable,No,Fatal,Others,Not at  Junction,Others,NH,Bitumen(Tar),Others,Not Applicable,Others,NH 48 ROAD,AMS car guarrage,20,13.204567,77.264963,0,1,0.0,1.0
Bengaluru Dist,Nelamangala Traffic PS,1.04422e+16,2019,1,2,Road Accidents,Other,Rural Areas,Open area,Not Applicable,No,Fatal,Others,Not at  Junction,Others,NH,Bitumen(Tar),Others,Not Applicable,Others,NH 48,BUDIHAL GATE,6,13.131279,77.358842,0,1,0.0,1.0
Bengaluru Dist,Nelamangala Traffic PS,1.04422e+16,2019,1,2,Road Accidents,Other,Rural Areas,Open area,Human Error,No,Damage Only,Others,Controlled,Others,NH,Bitumen(Tar),Dry,Not Applicable,Clear,TUMAKURU TO BANGALORE NH-48 ROAD,BIRIYANI HOTEL,50 FT,13.091046,77.399273,0,0,0.0,0.0
Bengaluru Dist,Nelamangala Traffic PS,1.04422e+16,2019,1,3,Road Accidents,Not Applicable,Rural Areas,Near a religious place,Human Error,No,Simple Injury,Vehicle to Vehicle,Uncontrolled,Straight and flat,NH,Bitumen(Tar),Dry,No influence on accident,Fine,Tumakuru Bengaluru NH 48 Road,NEAR DODDERY VILLAGE,15KMS,13.169918,77.309214,0,0,0.0,0.0
Bengaluru Dist,Nelamangala Traffic PS,1.04422e+16,2019,1,1,Not Applicable,Narrow road,Rural Areas,Near or inside a village,Human Error,No,Damage Only,Hit fixed object,Uncontrolled,Sharp Curve,Expressway,Surfaced,Dry,Pot holed,Clear,NH48 ROAD,ROAD SIDE,15 KM,13.176416,77.299093,5,0,,
Bengaluru Dist,Nelamangala Traffic PS,1.04422e+16,2019,1,2,Road Accidents,Not Applicable,City/Town,Open area,Human Error,No,Grievous Injury,Vehicle to Vehicle,Uncontrolled,Straight and flat,NH,Bitumen(Tar),Dry,No influence on accident,Fine,NH-48,15KM,12KM,13.054736,77.480768,0,0,0.0,0.0
Bengaluru Dist,Nelamangala Traffic PS,1.04422e+16,2019,1,1,Road Accidents,Other,Rural Areas,Open area,Not Applicable,Yes,Fatal,Others,Not at  Junction,Others,NH,Bitumen(Tar),Others,Not Applicable,Others,NH 48,biec fly over bridge,8,13.056482,77.474132,0,1,0.0,1.0
Bengaluru Dist,Nelamangala Traffic PS,1.04422e+16,2019,1,1,Road Accidents,Other,Rural Areas,Open area,Not Applicable,No,Fatal,Others,Not at  Junction,Others,NH,Bitumen(Tar),Others,Not Applicable,Others,NH 48,kbd factory,4,13.117343,77.37183,0,1,0.0,1.0
Bengaluru Dist,Nelamangala Traffic PS,1.04422e+16,2019,1,1,Road Accidents,Other,Rural Areas,Open area,Not Applicable,Yes,Fatal,Others,Not at  Junction,Others,NH,Bitumen(Tar),Others,Not Applicable,Others,NH 48,yedehalli u turn,20,13.218195,77.251501,0,1,0.0,1.0
Bengaluru Dist,Nelamangala Traffic PS,1.04422e+16,2019,1,2,Road Accidents,Narrow road,Rural Areas,Near Petrol Pump,Human Error,No,Damage Only,Head on,Uncontrolled,Straight and flat,Expressway,Surfaced,Dry,Pot holed,Fine,NH-48 Hiway road,Hiway road,04 KM,13.110251,77.378388,5,0,,
Bengaluru Dist,Nelamangala Traffic PS,1.04422e+16,2019,1,1,Road Accidents,Not Applicable,City/Town,Near office complex,Human Error,No,Grievous Injury,Hit pedestrian,Uncontrolled,Straight and flat,NH,Bitumen(Tar),Dry,Not Applicable,Fine,NH,NELAMANGALA MARUTHI COMPLAX,1KM,13.09512,77.389857,0,0,0.0,0.0
Bengaluru Dist,Nelamangala Traffic PS,1.04422e+16,2019,1,2,Road Accidents,Not Applicable,Rural Areas,Near Bus stop,Human Error,No,Simple Injury,Vehicle to Vehicle,Uncontrolled,Straight and flat,NH,Bitumen(Tar),Dry,No influence on accident,Fine,NH-48,YEDEHALLI BUS STOP,15km,13.215383,77.254611,0,0,0.0,0.0
Bengaluru Dist,Nelamangala Traffic PS,1.04422e+16,2019,1,2,Road Accidents,Narrow road,Rural Areas,Open area,Human Error,No,Grievous Injury,Vehicle to Vehicle,Not at  Junction,Straight and flat,NH,Bitumen(Tar),Dry,No influence on accident,Fine,Tumakuru Bengaluru NH 48 Service Road,Near Bhinnamangala,03Kms,13.085824,77.412028,0,0,0.0,0.0
Bengaluru Dist,Nelamangala Traffic PS,1.04422e+16,2019,1,2,Road Accidents,Not Applicable,Rural Areas,Near Bus stop,Human Error,No,Simple Injury,Vehicle to Vehicle,Controlled,Others,Expressway,Bitumen(Tar),Dry,Not Applicable,Clear,TUMAKUR TO BANGALORE NH -4 ROAD,SKY WALK,10 FT,13.06518,77.454323,0,0,0.0,0.0
Bengaluru Dist,Nelamangala Traffic PS,1.04422e+16,2019,1,2,Road Accidents,Not Applicable,Rural Areas,Near Bus stop,Human Error,No,Damage Only,Vehicle to Vehicle,Controlled,Not Applicable,NH,Bitumen(Tar),Dry,Not Applicable,Clear,BANGALORE - TUMAKURU NH - 48 SERVICE ROAD,SKY WALK,50 MTR,13.054567,77.4805669,0,0,0.0,0.0
Bengaluru Dist,Nelamangala Traffic PS,1.04422e+16,2019,1,2,Road Accidents,Not Applicable,City/Town,Open area,Human Error,No,Fatal,Vehicle to Vehicle,Uncontrolled,Straight and flat,NH,Bitumen(Tar),Dry,No influence on accident,Fine,TUMAKURU BENGALURU NH-48 ROAD,billinakote bridge,18,13.197683,77.27216,0,0,0.0,0.0
Bengaluru Dist,Nelamangala Traffic PS,1.04422e+16,2019,1,2,Road Accidents,Junction,City/Town,Near Bus stop,Human Error,No,Damage Only,Vehicle to Vehicle,Police / Manual,Not Applicable,NH,Bitumen(Tar),Dry,No influence on accident,Fine,Bengaluru Tumakuru NH 48 Service Road,Kunigal Circle,500M,13.097967,77.385771,0,0,0.0,0.0
Bengaluru Dist,Nelamangala Traffic PS,1.04422e+16,2019,1,2,Road Accidents,Not Applicable,City/Town,Near office complex,Human Error,No,Damage Only,Vehicle to Vehicle,Uncontrolled,Straight and flat,NH,Bitumen(Tar),Dry,No influence on accident,Clear,TUMAKURU BENGALURU NH-48 ROAD,INFRONT OF NAVAYUGA TOLL,02 KM,13.091191,77.399173,0,0,0.0,0.0
Bengaluru Dist,Nelamangala Traffic PS,1.04422e+16,2019,1,2,Road Accidents,Curves,Rural Areas,Open area,Human Error,No,Fatal,Vehicle to Vehicle,Uncontrolled,Curve,NH,Bitumen(Tar),Others,No influence on accident,Others,Kunigal-Nelamangala  NH 75 road,Sree Dharmasthala Manjunatha Swamy Trust,6,13.066034,77.314127,0,1,0.0,1.0
Bengaluru Dist,Nelamangala Traffic PS,1.04422e+16,2019,1,2,Road Accidents,Not Applicable,City/Town,Open area,Human Error,No,Damage Only,Vehicle to Vehicle,Uncontrolled,Straight and flat,NH,Bitumen(Tar),Dry,No influence on accident,Fine,NH,CHIKKABIDARAKALLU BRIDGE,14KM,13.051664,77.488194,0,0,0.0,0.0
Bengaluru Dist,Nelamangala Traffic PS,1.04422e+16,2019,1,2,Road Accidents,Not Applicable,Rural Areas,Open area,Human Error,No,Grievous Injury,Vehicle to Vehicle,Uncontrolled,Straight and flat,NH,Bitumen(Tar),Dry,Not Applicable,Cloudy,Tumkur-Bangalore NH 48 Road,Opp Prince Hotel,8 kms,13.181731,77.288862,0,0,0.0,0.0
Bengaluru Dist,Nelamangala Traffic PS,1.04422e+16,2019,1,2,Road Accidents,Circle,City/Town,Open area,Human Error,No,Simple Injury,Vehicle to Vehicle,Not Applicable,Others,NH,Bitumen(Tar),Dry,Not Applicable,Others,NELAMANGALA KUNIGAL NH 75 SERVICE ROAD,NELAMANGALA KUNIGAL NH 75 SERVICE ROAD,1 KM,13.096812,77.384206,0,0,0.0,0.0
Bengaluru Dist,Nelamangala Traffic PS,1.04422e+16,2019,1,2,Road Accidents,Not Applicable,Rural Areas,Open area,Human Error,No,Fatal,Vehicle to Vehicle,Uncontrolled,Straight and flat,NH,Bitumen(Tar),Others,No influence on accident,Fine,TUMKUR BANGALORE NH 48 ROAD,KENGAL KEMPOHALLI U TURN,20,13.207964,77.2619169,0,1,0.0,1.0