DISTRICTNAME,UNITNAME,Crime_No,Year,RI,Noofvehicle_involved,Accident_Classification,Accident_Spot,Accident_Location,Accident_SubLocation,Main_Cause,Hit_Run,Severity,Collision_Type,Junction_Control,Road_Character,Road_Type,Surface_Type,Surface_Condition,Road_Condition,Weather,Accident_Road,Landmark_first,Distance_LandMark_First,Latitude,Longitude,Road_Condition_Score,Surface_Condition_Score,Surface_Type_Score,Road_Risk_Index
Bengaluru Dist,Nelamangala Traffic PS,1.04422e+16,2019,1,4,Road Accidents,Road hump or Rumble strips,City/Town,Near Bus stop,Human Error,No,Grievous Injury,Vehicle to Vehicle,Uncontrolled,Straight and flat,NH,Bitumen(Tar),Dry,No influence on accident,Fine,NH-48,KUNIGAL CIRCLE,1KM,13.097081,77.38627,0,0,0.0,0.0
Bengaluru Dist,Nelamangala Traffic PS,1.04422e+16,2019,1,2,Road Accidents,Curves,Rural Areas,Open area,Human Error,Yes,Simple Injury,Not Applicable,Uncontrolled,Curve,NH,Bitumen(Tar),Dry,No influence on accident,Clear,Tumakuru Bengaluru NH 48 Road,Near Rayarapalya,20KMs,13.250451,77.220877,0,0,0.0,0.0
Bengaluru Dist,Nelamangala Traffic PS,1.04422e+16,2019,1,1,Road Accidents,Not Applicable,City/Town,Near Bus stop,Human Error,No,Simple Injury,Hit pedestrian,Uncontrolled,Straight and flat,NH,Bitumen(Tar),Dry,No influence on accident,Clear,ARISHINAKUNTE BUS STOP,OPPT ARISHINAKUNTE BUS STOP,3 KM,13.080195,77.424088,0,0,0.0,0.0
Bengaluru Dist,Nelamangala Traffic PS,1.04422e+16,2019,1,2,Road Accidents,Narrow road,Rural Areas,Open area,Human Error,Yes,Grievous Injury,Vehicle to Vehicle,Uncontrolled,Straight and flat,Expressway,Surfaced,Wet,No influence on accident,Clear,TUMKUR BANGALORE NH48 ROAD NEAR TCI EXPRESS GODOWN,road,15 KM,13.250301,77.220916,0,3,,
Bengaluru Dist,Nelamangala Traffic PS,1.04422e+16,2019,1,1,Road Accidents,Not Applicable,City/Town,Open area,Human Error,Yes,Simple Injury,Hit pedestrian,Police / Manual,Straight and flat,Others,Bitumen(Tar),Dry,No influence on accident,Fine,NELAMANGALA TUMAKURU B H ROAD,NELAMANGALA TUMAKURU B H ROAD,1 KM,13.099709,77.391373,0,0,0.0,0.0
Bengaluru Dist,Nelamangala Traffic PS,1.04422e+16,2019,1,2,Road Accidents,Not Applicable,Rural Areas,Near Petrol Pump,Human Error,No,Fatal,Vehicle to Vehicle,Uncontrolled,Straight and flat,NH,Bitumen(Tar),Dry,No influence on accident,Fine,TUMKUR BANGALORE NH 48 ROAD,RAMANNA BHARATH PETROL BUNK T BEGUR,10,13.147555,77.339938,0,0,0.0,0.0
Bengaluru Dist,Nelamangala Traffic PS,1.04422e+16,2019,1,2,Road Accidents,Cross roads,Rural Areas,Open area,Vehicle Defect,No,Damage Only,Vehicle to Vehicle,No signal lights,Straight and flat,NH,Bitumen(Tar),Dry,Not Applicable,Clear,TUMAKURU TO BANGALORE NH 48 ROAD,TUMAKURU BANGALORE NH 48 ROAD,18 KM,13.218177,77.2517829,0,0,0.0,0.0
Bengaluru Dist,Nelamangala Traffic PS,1.04422e+16,2019,1,2,Road Accidents,Road hump or Rumble strips,Rural Areas,Open area,Human Error,No,Grievous Injury,Vehicle to Vehicle,Uncontrolled,Hump,NH,Bitumen(Tar),Dry,No influence on accident,Fine,Tumakuru Bengaluru NH 48 Road,NEAR JASSTOLL,01 KM,13.113789,77.375761,0,0,0.0,0.0
Bengaluru Dist,Nelamangala Traffic PS,1.04422e+16,2019,1,2,Road Accidents,Not Applicable,City/Town,Narrow bridge or culverts,Human Error,Yes,Simple Injury,Vehicle to Vehicle,Uncontrolled,Straight and flat,NH,Bitumen(Tar),Dry,No influence on accident,Clear,TUMAKURU BANGALORE NH 48 ROAD,NEAR UNDERPASS BRIDGE,2 KM,13.082459,77.418619,0,0,0.0,0.0
Bengaluru Dist,Nelamangala Traffic PS,1.04422e+16,2019,1,2,Road Accidents,Not Applicable,Rural Areas,Near Petrol Pump,Human Error,Yes,Grievous Injury,Vehicle to Vehicle,Not at  Junction,Straight and flat,NH,Bitumen(Tar),Dry,No influence on accident,Fine,Kunigal Nelamangala NH 48 Road,NEAR MAHADEVAPURA,08kms,13.066216,77.31572,0,0,0.0,0.0
Bengaluru Dist,Nelamangala Traffic PS,1.04422e+16,2019,1,2,Road Accidents,Other,Rural Areas,Open area,Not Applicable,No,Fatal,Others,Not at  Junction,Others,NH,Bitumen(Tar),Others,Not Applicable,Others,NH 48 ROAD,NEW AGARWAL HOTEL,4,13.072945,77.439053,0,1,0.0,1.0
Bengaluru Dist,Nelamangala Traffic PS,1.04422e+16,2019,1,1,Road Accidents,Other,Rural Areas,Open area,Not Applicable,Yes,Fatal,Others,Not at  Junction,Others,NH,Bitumen(Tar),Others,Not Applicable,Others,nice road,gangondanahalli lake,10,13.017626,77.476002,0,1,0.0,1.0
Bengaluru Dist,Nelamangala Traffic PS,1.04422e+16,2019,1,2,Road Accidents,Narrow road,Rural Areas,Open area,Human Error,No,Simple Injury,Others,Uncontrolled,Straight and flat,NH,Bitumen(Tar),Dry,Not Applicable,Fine,NH-48,JASS TOLL,4KM,13.116293,77.3729889,0,0,0.0,0.0
Bengaluru Dist,Nelamangala Traffic PS,1.04422e+16,2019,1,2,Road Accidents,Bridge,City/Town,Open area,Not Applicable,No,Fatal,Others,Not at  Junction,Others,NH,Bitumen(Tar),Others,Not Applicable,Others,NH 48 HIGHWAY,TCI FLY OVER,8,13.057802,77.469644,0,1,0.0,1.0
Bengaluru Dist,Nelamangala Traffic PS,1.04422e+16,2019,1,2,Road Accidents,Narrow road,Rural Areas,Open area,Human Error,No,Grievous Injury,Head on,Uncontrolled,Straight and flat,NH,Bitumen(Tar),Dry,Not Applicable,Fine,NH,HOSANIJAGAL,23KM,13.258218,77.2112389,0,0,0.0,0.0
Bengaluru Dist,Nelamangala Traffic PS,1.04422e+16,2019,1,2,Road Accidents,Cross roads,Rural Areas,Near or inside a village,Human Error,No,Simple Injury,Overturning,Uncontrolled,Curve and Incline,Expressway,Surfaced,Dry,Pot holed,Fine,NH-48 ROAD,ROAD,10 KM,13.151597,77.337607,5,0,,
Bengaluru Dist,Nelamangala Traffic PS,1.04422e+16,2019,1,2,Road Accidents,Other,Rural Areas,Near a factory industrial area,Human Error,No,Damage Only,Others,Controlled,Others,NH,Bitumen(Tar),Dry,Not Applicable,Clear,TUMAKURU TO BANGALORE NH - 48 SERVICE ROAD,BIEC MAIN GATE,150 FT,13.056946,77.473924,0,0,0.0,0.0
Bengaluru Dist,Nelamangala Traffic PS,1.04422e+16,2019,1,1,Road Accidents,Other,Rural Areas,Open area,Human Error,Yes,Simple Injury,Hit and Run,Uncontrolled,Others,NH,Bitumen(Tar),Dry,No influence on accident,Fine,Nelamangala Kunigal NH 75 Road,Near Shantinagara,05KMS,13.079631,77.3677379,0,0,0.0,0.0
Bengaluru Dist,Nelamangala Traffic PS,1.04422e+16,2019,1,1,Road Accidents,Curves,Rural Areas,Open area,Human Error,No,Grievous Injury,Vehicle to Vehicle,Uncontrolled,Straight and flat,NH,Bitumen(Tar),Dry,No influence on accident,Fine,Nelamangala Kunigal NH 75 Road,Near Shantinagara,03Kms,13.108109,77.38813,0,0,0.0,0.0
Bengaluru Dist,Nelamangala Traffic PS,1.04422e+16,2019,1,1,Road Accidents,Other,Rural Areas,Open area,Not Applicable,Yes,Fatal,Others,Not at  Junction,Others,NH,Bitumen(Tar),Others,Not Applicable,Others,ARISINAKUNTE NAVAYUGA TOLL EXPRESS ROAD,NAVAYUGA TOLL,2,13.079069,77.424472,0,1,0.0,1.0
Bengaluru Dist,Nelamangala Traffic PS,1.04422e+16,2019,1,2,Road Accidents,Other,Rural Areas,Open area,Human Error,No,Grievous Injury,Head on,Uncontrolled,Straight and flat,NH,Bitumen(Tar),Dry,No influence on accident,Fine,Bengaluru Tumakuru NH 48 Road,Near Rayarapalya,20KMs,13.250528,77.2213019,0,0,0.0,0.0
Bengaluru Dist,Nelamangala Traffic PS,1.04422e+16,2019,1,2,Road Accidents,Not Applicable,Rural Areas,Open area,Human Error,No,Grievous Injury,Vehicle to Vehicle,Uncontrolled,Straight and flat,NH,Bitumen(Tar),Dry,No influence on accident,Fine,Bengaluru Tumakuru NH 48 Road,Near Kengal Kempohalli,20Kms,13.208076,77.261489,0,0,0.0,0.0
Bengaluru Dist,Nelamangala Traffic PS,1.04422e+16,2019,1,1,Road Accidents,Offset,Rural Areas,Near office complex,Human Error,No,Fatal,Hit pedestrian,Uncontrolled,Straight and flat,NH,Bitumen(Tar),Dry,No influence on accident,Fine,Kunigal-Nelamangala  NH 75 road,near Yantaganahalli,6,13.063188,77.346503,0,0,0.0,0.0
Bengaluru Dist,Nelamangala Traffic PS,1.04422e+16,2019,1,1,Road Accidents,Not Applicable,City/Town,Near Bus stop,Human Error,No,Grievous Injury,Hit pedestrian,Uncontrolled,Straight and flat,NH,Bitumen(Tar),Dry,No influence on accident,Fine,NH-48,ADAKAMARANAHALLI,6KM,13.068705,77.447563,0,0,0.0,0.0
Bengaluru Dist,Nelamangala Traffic PS,1.04422e+16,2019,1,2,Road Accidents,Not Applicable,Rural Areas,Near Bus stop,Human Error,No,Grievous Injury,Vehicle to Vehicle,Not Applicable,Not Applicable,NH,Bitumen(Tar),Dry,No influence on accident,Clear,BANGALORE TUMKUR NH 48,NEAR ADAKAMARANAHALLI BUS STOP,8 KM,13.068899,77.448193,0,0,0.0,0.0
Bengaluru Dist,Nelamangala Traffic PS,1.04422e+16,2019,1,2,Road Accidents,Cross roads,Rural Areas,Near Bus stop,Human Error,Yes,Grievous Injury,Vehicle to Vehicle,Uncontrolled,Straight and flat,NH,Bitumen(Tar),Dry,No influence on accident,Fine,NH-48,KULUVANAHALLI GATE,12KM,13.176322,77.298892,0,0,0.0,0.0
Bengaluru Dist,Nelamangala Traffic PS,1.04422e+16,2019,1,2,Road Accidents,Narrow road,City/Town,Near Bus stop,Human Error,Yes,Grievous Injury,Vehicle to Vehicle,Uncontrolled,Straight and flat,Others,Bitumen(Tar),Dry,No influence on accident,Fine,OTHERS ROAD,ASHRAMA BUS STOP,3KM,13.083941,77.417448,0,0,0.0,0.0
Bengaluru Dist,Nelamangala Traffic PS,1.04422e+16,2019,1,2,Road Accidents,Cross roads,Rural Areas,Open area,Human Error,No,Fatal,Vehicle to Vehicle,Not Applicable,Others,NH,Bitumen(Tar),Dry,Not Applicable,Clear,BANGALORE-TUMAKURU NH 48 ROAD,BANGALORE TUMAKURU NH 48 ROAD,16 KM,13.187685,77.2818989,0,0,0.0,0.0
Bengaluru Dist,Nelamangala Traffic PS,1.04422e+16,2019,1,2,Road Accidents,Curves,Rural Areas,Narrow bridge or culverts,Human Error,No,Simple Injury,Vehicle to Vehicle,Uncontrolled,Straight and flat,NH,Bitumen(Tar),Dry,No influence on accident,Clear,KUNIGAL NELAMANGALA NH-75 ROAD,BAVIKERE U TURN,3 KM,13.089996,77.37648,0,0,0.0,0.0
Bengaluru Dist,Nelamangala Traffic PS,1.04422e+16,2019,1,2,Road Accidents,Not Applicable,Rural Areas,Open area,Human Error,Yes,Fatal,Vehicle to Vehicle,Uncontrolled,Straight and flat,Others,Bitumen(Tar),Dry,No influence on accident,Very Hot,Madavara Magadi Nice Road,Kodipalya Bridge,10 km,13.051853,77.476574,0,0,0.0,0.0
Bengaluru Dist,Nelamangala Traffic PS,1.04422e+16,2019,1,2,Road Accidents,Not Applicable,City/Town,Near office complex,Human Error,No,Damage Only,Vehicle to Vehicle,Uncontrolled,Straight and flat,NH,Bitumen(Tar),Dry,No influence on accident,Clear,BENGALURU TUMAKURU NH-48  ROAD,NEAR JAS TOLL,3 KM,13.113565,77.3754749,0,0,0.0,0.0
Bengaluru Dist,Nelamangala Traffic PS,1.04422e+16,2019,1,1,Road Accidents,Narrow road,Rural Areas,At pedestrian Crossing,Human Error,Yes,Simple Injury,Hit pedestrian,No signal lights,Straight and flat,NH,Bitumen(Tar),Dry,Not Applicable,Clear,TUMAKURU TO BANGALORE NH 48 ROAD,TUMAKURU TO BANGALORE NH 48 ROAD,10 KM,13.150479,77.337848,0,0,0.0,0.0
Bengaluru Dist,Nelamangala Traffic PS,1.04422e+16,2019,1,1,Road Accidents,Narrow road,City/Town,At pedestrian Crossing,Human Error,No,Simple Injury,Hit pedestrian,Uncontrolled,Straight and flat,NH,Bitumen(Tar),Dry,No influence on accident,Clear,BENGALURU TUMAKURU NH-48  ROAD,PARKING,2 KM E,13.090866,77.399941,0,0,0.0,0.0
Bengaluru Dist,Nelamangala Traffic PS,1.04422e+16,2019,1,2,Road Accidents,Curves,Rural Areas,Open area,Human Error,No,Damage Only,Vehicle to Vehicle,Uncontrolled,Curve,NH,Bitumen(Tar),Dry,No influence on accident,Fine,Kunigal Nelamangala NH 75 Road,Near Pecific Factory,04Kms,13.089514,77.3762679,0,0,0.0,0.0
Bengaluru Dist,Nelamangala Traffic PS,1.04422e+16,2019,1,2,Road Accidents,Not Applicable,Rural Areas,Open area,Human Error,No,Damage Only,Vehicle to Vehicle,Police / Manual,Straight and flat,Others,Bitumen(Tar),Dry,No influence on accident,Clear,MAGADI MADAVARA NICE ROAD,MADAVARA NICE ROAD TOLL,10 KM,13.043207,77.474973,0,0,0.0,0.0
Bengaluru Dist,Nelamangala Traffic PS,1.04422e+16,2019,1,2,Road Accidents,Not Applicable,Rural Areas,Open area,Human Error,No,Simple Injury,Vehicle to Vehicle,Police / Manual,Straight and flat,NH,Bitumen(Tar),Dry,No influence on accident,Clear,NALAMANGALA KUNIGAL NH 75 ROAD,NEAR SRINIVASAPURA GATE,4 KM,13.073099,77.363941,0,0,0.0,0.0
Bengaluru Dist,Nelamangala Traffic PS,1.04422e+16,2019,1,2,Road Accidents,Other,Rural Areas,Open area,Not Applicable,No,Fatal,Others,Not at  Junction,Others,NH,Bitumen(Tar),Others,Not Applicable,Others,NH 48,MRC GODOWN,4,13.057933,77.4690309,0,1,0.0,1.0
Bengaluru Dist,Nelamangala Traffic PS,1.04422e+16,2019,1,1,Road Accidents,Other,Rural Areas,Open area,Not Applicable,No,Fatal,Others,Not at  Junction,Others,NH,Bitumen(Tar),Others,Not Applicable,Others,nh48,BYADARAHALLI GATE,3,13.111005,77.377912,0,1,0.0,1.0
Bengaluru Dist,Nelamangala Traffic PS,1.04422e+16,2019,1,1,Road Accidents,Other,Rural Areas,Open area,Not Applicable,Yes,Fatal,Others,Not at  Junction,Others,NH,Bitumen(Tar),Others,Not Applicable,Others,nh 48,damodar body builder,20,13.224579,77.244811,0,1,0.0,1.0
Bengaluru Dist,Nelamangala Traffic PS,1.04422e+16,2019,1,1,Road Accidents,Not Applicable,Rural Areas,Open area,Human Error,No,Grievous Injury,Hit pedestrian,Uncontrolled,Straight and flat,NH,Bitumen(Tar),Dry,No influence on accident,Fine,NH-48,MANJUNATHA HOTAL,20KM,13.233378,77.239892,0,0,0.0,0.0
Bengaluru Dist,Nelamangala Traffic PS,1.04422e+16,2019,1,1,Road Accidents,Other,Rural Areas,Near office complex,Human Error,No,Simple Injury,Others,Not at  Junction,Others,NH,Bitumen(Tar),Others,Not Applicable,Clear,Tumkuru Bengaluru NH-48 Road,Oppt Tayota Godown,8Kms,13.151601,77.337566,0,1,0.0,1.0
Bengaluru Dist,Nelamangala Traffic PS,1.04422e+16,2019,1,1,Road Accidents,Narrow road,Rural Areas,Open area,Human Error,No,Grievous Injury,Hit pedestrian,Uncontrolled,Straight and flat,NH,Bitumen(Tar),Dry,No influence on accident,Fine,NH-75,SHANTHINAGARA,4KM,13.081498,77.369812,0,0,0.0,0.0
Bengaluru Dist,Nelamangala Traffic PS,1.04422e+16,2019,1,2,Road Accidents,Other,City/Town,Open area,Human Error,No,Damage Only,Others,Uncontrolled,Straight and flat,NH,Bitumen(Tar),Dry,No influence on accident,Fine,Bengaluru Tumakuru NH 48 Service Road,Near MVM Kalyana Mantapa,01Kms,13.090963,77.39893,0,0,0.0,0.0
Bengaluru Dist,Nelamangala Traffic PS,1.04422e+16,2019,1,2,Road Accidents,Cross roads,Rural Areas,Near or inside a village,Human Error,No,Grievous Injury,Head on,Uncontrolled,Incline,Expressway,Surfaced,Wet,Pot holed,Fine,Surfased Road,Road,12 KM,13.151608,77.33757,5,3,,
Bengaluru Dist,Nelamangala Traffic PS,1.04422e+16,2019,1,2,Road Accidents,Not Applicable,City/Town,Near a religious place,Human Error,No,Grievous Injury,Vehicle to Vehicle,Police / Manual,Straight and flat,NH,Bitumen(Tar),Dry,No influence on accident,Clear,BANGALORE TUMKURU NH 48 ROAD,BANGALORE TUMAKURU NH 48 ROAD,500M,13.094428,77.389909,0,0,0.0,0.0
Bengaluru Dist,Nelamangala Traffic PS,1.04422e+16,2019,1,2,Road Accidents,Narrow road,Rural Areas,Open area,Human Error,No,Damage Only,Not Applicable,Uncontrolled,Straight and flat,NH,Bitumen(Tar),Dry,No influence on accident,Fine,NH-48,PAVARIKA FACTORY,4KM,13.121804,77.367689,0,0,0.0,0.0
Bengaluru Dist,Nelamangala Traffic PS,1.04422e+16,2019,1,2,Road Accidents,Narrow road,City/Town,Near office complex,Human Error,No,Fatal,Vehicle to Vehicle,Uncontrolled,Straight and flat,Service Road,Bitumen(Tar),Dry,No influence on accident,Fine,tumkur bangalore nh 48 service road,infront of marison factory,10,13.050904,77.49191,0,0,0.0,0.0
Bengaluru Dist,Nelamangala Traffic PS,1.04422e+16,2019,1,1,Road Accidents,Not Applicable,Rural Areas,Open area,Human Error,No,Grievous Injury,Vehicle to Vehicle,Uncontrolled,Straight and flat,NH,Bitumen(Tar),Dry,No influence on accident,Fine,NH-48,OPP KIRAN PETROL BUNK,8KM,13.151645,77.337484,0,0,0.0,0.0
Bengaluru Dist,Nelamangala Traffic PS,1.04422e+16,2019,1,2,Road Accidents,Other,Rural Areas,Near office complex,Human Error,No,Damage Only,Others,Not at  Junction,Not Applicable,NH,Bitumen(Tar),Not Applicable,Not Applicable,Clear,Benaglauru Tumkuru NH 48 Road,OPPT KAMATH HOTEL,22 KM,13.259161,77.20992,0,0,0.0,0.0
Bengaluru Dist,Nelamangala Traffic PS,1.04422e+16,2019,1,2,Road Accidents,Cross roads,Rural Areas,Near or inside a village,Human Error,No,Grievous Injury,Vehicle to Vehicle,Uncontrolled,Curve,Expressway,Surfaced,Dry,Pot holed,Clear,cross road,road,12 KM,13.151603,77.337583,5,0,,
Bengaluru Dist,Nelamangala Traffic PS,1.04422e+16,2019,1,2,Road Accidents,Junction,Rural Areas,Open area,Not Applicable,Yes,Fatal,Vehicle to Vehicle,Police / Manual,Straight and flat,NH,Bitumen(Tar),Others,Not Applicable,Others,NH 48,yedehalli u turn,20 KM,13.21777,77.2509439,0,1,0.0,1.0
Bengaluru Dist,Nelamangala Traffic PS,1.04422e+16,2019,1,1,Road Accidents,Circle,City/Town,Near Bus stop,Human Error,Yes,Fatal,Hit pedestrian,Police / Manual,Straight and flat,One way,Bitumen(Tar),Others,No influence on accident,Fine,NELAMANGALA TOWN BH ROAD,NANDINI MILK PARLOUR,3,13.098227,77.394347,0,1,0.0,1.0
Bengaluru Dist,Nelamangala Traffic PS,1.04422e+16,2019,1,1,Road Accidents,Not Applicable,Rural Areas,Open area,Human Error,Yes,Grievous Injury,Hit pedestrian,Uncontrolled,Straight and flat,NH,Bitumen(Tar),Dry,No influence on accident,Fine,NH-48,HAJENIJAGALLU,23,13.259521,77.209806,0,0,0.0,0.0
Bengaluru Dist,Nelamangala Traffic PS,1.04422e+16,2019,1,1,Road Accidents,Not Applicable,City/Town,At pedestrian Crossing,Human Error,No,Simple Injury,Hit pedestrian,Uncontrolled,Straight and flat,NH,Bitumen(Tar),Muddy,No influence on accident,Clear,BENGALURU TUMAKURU NH-48  ROAD,NEAR SKYWALK,10 KM,13.065036,77.4534469,0,4,0.0,4.0
Bengaluru Dist,Nelamangala Traffic PS,1.04422e+16,2019,1,1,Road Accidents,Not Applicable,Rural Areas,Open area,Human Error,Yes,Fatal,Hit pedestrian,Uncontrolled,Straight and flat,NH,Bitumen(Tar),Dry,No influence on accident,Fine,Bangalore Tumkur NH 48 service road,opp shivas Dhaba,22,13.242211,77.232328,0,0,0.0,0.0
Bengaluru Dist,Nelamangala Traffic PS,1.04422e+16,2019,1,1,Not Applicable,Not Applicable,Rural Areas,Near office complex,Not Applicable,No,Simple Injury,Not Applicable,Not Applicable,Not Applicable,Others,Not Applicable,Others,Not Applicable,Not Applicable,"BANGALORE TO NELAMANGALA ROAD, BINNAMANGAL VILALGE,",BANGALORE NELAMANGAL ROAD,3 KM,13.087503,77.412569,0,1,0.0,1.0
Bengaluru Dist,Nelamangala Traffic PS,1.04422e+16,2019,1,2,Road Accidents,Not Applicable,Rural Areas,Near Bus stop,Human Error,No,Fatal,Vehicle to Vehicle,Uncontrolled,Straight and flat,NH,Bitumen(Tar),Dry,Not Applicable,Others,Bangalore Tumkur nh 48 road,T Begur bus stand,10,13.148852,77.338903,0,0,0.0,0.0
Bengaluru Dist,Nelamangala Traffic PS,1.04422e+16,2019,1,1,Road Accidents,Not Applicable,City/Town,Open area,Human Error,No,Grievous Injury,Vehicle to Vehicle,Uncontrolled,Straight and flat,NH,Bitumen(Tar),Dry,Not Applicable,Fine,NH-48,KIRAN PETROL BUNK,8KM,13.14874,77.33845,0,0,0.0,0.0
Bengaluru Dist,Nelamangala Traffic PS,1.04422e+16,2019,1,2,Road Accidents,Not Applicable,City/Town,Open area,Human Error,No,Grievous Injury,Vehicle to Vehicle,Uncontrolled,Straight and flat,NH,Bitumen(Tar),Dry,No influence on accident,Fine,OTHERS NICE ROAD,MADAVARA NICE TOLL,12KM,13.044698,77.475277,0,0,0.0,0.0
Bengaluru Dist,Nelamangala Traffic PS,1.04422e+16,2019,1,2,Road Accidents,Curves,Rural Areas,Near Petrol Pump,Human Error,Yes,Not Applicable,Vehicle to Vehicle,Not Applicable,Others,NH,Bitumen(Tar),Dry,No influence on accident,Clear,BANGALORE TO TUMAKAURU NH 48 ROAD,BANGALORE TO TUMAKAURU NH 48 ROAD,7 KM,13.14998,77.337505,0,0,0.0,0.0
Bengaluru Dist,Nelamangala Traffic PS,1.04422e+16,2019,1,1,Road Accidents,Narrow road,Rural Areas,Open area,Vehicle Defect,No,Damage Only,Not Applicable,No signal lights,Straight and flat,NH,Bitumen(Tar),Dry,Not Applicable,Fine,MAGADI ROAD TO TUMAKURU NH 48 ROAD NICE ROAD,MAGADI ROAD TO TUMAKURU NH 48 ROAD NICE ROAD,12 KM,13.026197,77.475209,0,0,0.0,0.0
Bengaluru Dist,Nelamangala Traffic PS,1.04422e+16,2019,1,2,Road Accidents,Not Applicable,City/Town,Open area,Human Error,No,Damage Only,Vehicle to Vehicle,Uncontrolled,Straight and flat,NH,Bitumen(Tar),Dry,No influence on accident,Fine,Bengaluru Tumakuru NH 48 Road,NEAR ARKAVATHI BRIDGE,12KMS,13.065386,77.453498,0,0,0.0,0.0
Bengaluru Dist,Nelamangala Traffic PS,1.04422e+16,2019,1,2,Road Accidents,Not Applicable,Rural Areas,Open area,Human Error,No,Grievous Injury,Vehicle to Vehicle,Uncontrolled,Straight and flat,NH,Bitumen(Tar),Dry,No influence on accident,Clear,Tumakuru Bengaluru NH 48 Road,Near Hanuamanthapura Gate,10KM,13.187864,77.282152,0,0,0.0,0.0
Bengaluru Dist,Nelamangala Traffic PS,1.04422e+16,2019,1,2,Road Accidents,Circle,Rural Areas,Narrow bridge or culverts,Human Error,No,Simple Injury,Vehicle to Vehicle,Uncontrolled,Straight and flat,NH,Bitumen(Tar),Dry,No influence on accident,Clear,Bengaluru Nelamangala NH-04 Road,BUDIHAL U TURN,4 KM,13.121896,77.367672,0,0,0.0,0.0
Bengaluru Dist,Nelamangala Traffic PS,1.04422e+16,2019,1,2,Road Accidents,Not Applicable,City/Town,Open area,Human Error,No,Grievous Injury,Vehicle to Vehicle,Uncontrolled,Straight and flat,NH,Bitumen(Tar),Dry,No influence on accident,Clear,Tumakuru Bengaluru NH 48 Service Road,Near Bhinnamangala,02KMS,13.086993,77.408748,0,0,0.0,0.0
Bengaluru Dist,Nelamangala Traffic PS,1.04422e+16,2019,1,1,Road Accidents,Narrow road,Rural Areas,Open area,Human Error,No,Simple Injury,Others,Uncontrolled,Straight and flat,NH,Bitumen(Tar),Dry,Not Applicable,Fine,NH-48,JASS TOLL,4KM,13.113948,77.375294,0,0,0.0,0.0
Bengaluru Dist,Nelamangala Traffic PS,1.04422e+16,2019,1,2,Road Accidents,Circle,Rural Areas,Near or inside a village,Human Error,No,Simple Injury,Vehicle to Vehicle,Police / Manual,Straight and flat,NH,Bitumen(Tar),Dry,No influence on accident,Fine,Tumkuru Bengaluru NH-48 Road,Oppt Rajastana Dhaba,21Kms,13.259606,77.209791,0,0,0.0,0.0
Bengaluru Dist,Nelamangala Traffic PS,1.04422e+16,2019,1,2,Road Accidents,T Junction,Rural Areas,Open area,Human Error,No,Grievous Injury,Head on,Uncontrolled,Curve,Expressway,Surfaced,Flooded,Pot holed,Cloudy,narrow road,road,06 km,13.151582,77.337565,5,5,,
Bengaluru Dist,Nelamangala Traffic PS,1.04422e+16,2019,1,2,Road Accidents,Other,Rural Areas,Near or inside a village,Human Error,No,Damage Only,Others,Not at  Junction,Others,NH,Bitumen(Tar),Others,Not Applicable,Others,Bengaluru Tumkuru NH-48 Road,Oppt Madavara Toll,6 km,13.057053,77.473553,0,1,0.0,1.0
Bengaluru Dist,Nelamangala Traffic PS,1.04422e+16,2019,1,3,Road Accidents,Not Applicable,Rural Areas,Open area,Human Error,Not Applicable,Grievous Injury,Vehicle to Vehicle,Not Applicable,Not Applicable,NH,Bitumen(Tar),Not Applicable,Not Applicable,Clear,"Bangalore-Tumkur Nh 48 Road, Near Hale Nijgal, in front of Parasing Daba",Near Hale Nijgal,22,13.259604,77.209963,0,0,0.0,0.0
Bengaluru Dist,Nelamangala Traffic PS,1.04422e+16,2019,1,2,Road Accidents,Other,Rural Areas,Open area,Not Applicable,No,Fatal,Others,Not at  Junction,Others,NH,Bitumen(Tar),Not Applicable,Not Applicable,Others,NH 75,YANTAGANHALLI MADAIAH LAND,6,13.063347,77.34726,0,0,0.0,0.0
Bengaluru Dist,Nelamangala Traffic PS,1.04422e+16,2019,1,2,Road Accidents,Other,Villages settlement,Near School or College,Not Applicable,No,Fatal,Others,Not at  Junction,Others,NH,Bitumen(Tar),Others,Not Applicable,Others,NH 48,ARISINAKUNTE NAVAYUGA TOLL BOOTH,2,13.08018,77.424454,0,1,0.0,1.0
Bengaluru Dist,Nelamangala Traffic PS,1.04422e+16,2019,1,2,Road Accidents,Other,Rural Areas,Open area,Not Applicable,No,Fatal,Others,Not at  Junction,Others,NH,Bitumen(Tar),Others,Not Applicable,Others,MN HALLI PRAKASH ROAD LINES,MN HALLI PRAKASH ROAD LINES,5,13.061094,77.461475,0,1,0.0,1.0
Bengaluru Dist,Nelamangala Traffic PS,1.04422e+16,2019,1,2,Road Accidents,Other,Rural Areas,Open area,Human Error,No,Simple Injury,Others,Not at  Junction,Not Applicable,NH,Bitumen(Tar),Others,Not Applicable,Clear,Tumkuru Bengaluru NH-48 Road,Infront Kamadhenu Hotel,18 km,13.247782,77.224517,0,1,0.0,1.0
Bengaluru Dist,Nelamangala Traffic PS,1.04422e+16,2019,1,2,Road Accidents,Other,Rural Areas,Near office complex,Human Error,No,Simple Injury,Others,Not at  Junction,Others,NH,Bitumen(Tar),Others,Not Applicable,Others,Tumkuru Bengaluru NH-48 Road,Infront of Maruthi Complex Chowdari Transport Office,10 Km,13.058603,77.467116,0,1,0.0,1.0
Bengaluru Dist,Nelamangala Traffic PS,1.04422e+16,2019,1,2,Road Accidents,Narrow road,Rural Areas,Open area,Human Error,No,Damage Only,Others,Uncontrolled,Straight and flat,NH,Bitumen(Tar),Dry,No influence on accident,Fine,NH-48,KULUVANAHALLI,10KM,13.176564,77.299219,0,0,0.0,0.0
Bengaluru Dist,Nelamangala Traffic PS,1.04422e+16,2019,1,2,Road Accidents,Other,Rural Areas,Open area,Not Applicable,No,Fatal,Others,Not at  Junction,Others,Others,Bitumen(Tar),Others,Not Applicable,Others,NICE ROAD,gangondanahalli BRIDGE,12,13.026325,77.475318,0,1,0.0,1.0