DISTRICTNAME,UNITNAME,Crime_No,Year,RI,Noofvehicle_involved,Accident_Classification,Accident_Spot,Accident_Location,Accident_SubLocation,Main_Cause,Hit_Run,Severity,Collision_Type,Junction_Control,Road_Character,Road_Type,Surface_Type,Surface_Condition,Road_Condition,Weather,Accident_Road,Landmark_first,Distance_LandMark_First,Latitude,Longitude,Road_Condition_Score,Surface_Condition_Score,Surface_Type_Score,Road_Risk_Index
Bengaluru Dist,Nelamangala Traffic PS,1.04422e+16,2021,1,2,Road Accidents,Not Applicable,Rural Areas,Near a factory industrial area,Human Error,No,Simple Injury,Vehicle to Vehicle,Uncontrolled,Straight and flat,NH,Bitumen(Tar),Dry,No influence on accident,Fine,TUMAKURU BENGALURU NH-48 ROAD,MURULI GODOWN,6 KM,13.15912,77.324622,0,0,0.0,0.0
Bengaluru Dist,Nelamangala Traffic PS,1.04422e+16,2021,1,1,Road Accidents,Narrow road,Rural Areas,Open area,Human Error,No,Grievous Injury,Hit pedestrian,Uncontrolled,Straight and flat,NH,Bitumen(Tar),Dry,No influence on accident,Fine,NH,RAYAL PALYA,23KM,13.250695,77.221021,0,0,0.0,0.0
Bengaluru Dist,Nelamangala Traffic PS,1.04422e+16,2021,1,1,Road Accidents,Not Applicable,Rural Areas,Open area,Human Error,Yes,Fatal,Hit pedestrian,Not at  Junction,Others,NH,Bitumen(Tar),Others,No influence on accident,Fine,Bangalore Tumkur NH 48 road Sangeetha Mobile Shop,madanayakanahalli bus stand,5,13.06114,77.460953,0,1,0.0,1.0
Bengaluru Dist,Nelamangala Traffic PS,1.04422e+16,2021,1,1,Road Accidents,Not Applicable,Rural Areas,Near office complex,Human Error,No,Simple Injury,Hit pedestrian,Uncontrolled,Straight and flat,NH,Bitumen(Tar),Dry,No influence on accident,Clear,TUMAKURU BENGALURU NH-48 ROAD,OPPT KAMADENU HOTEL,12 KM,13.190578,77.27925,0,0,0.0,0.0
Bengaluru Dist,Nelamangala Traffic PS,1.04422e+16,2021,1,1,Road Accidents,Narrow road,Rural Areas,Open area,Human Error,No,Grievous Injury,Not Applicable,Controlled,Straight and flat,NH,Bitumen(Tar),Dry,Not Applicable,Clear,NH75  ROAD,SITARAMABATTARAPALYA,4KMS,13.061091,77.33369,0,0,0.0,0.0
Bengaluru Dist,Nelamangala Traffic PS,1.04422e+16,2021,1,2,Road Accidents,Not Applicable,Rural Areas,Open area,Human Error,No,Simple Injury,Vehicle to Vehicle,Police / Manual,Straight and flat,NH,Bitumen(Tar),Dry,No influence on accident,Fine,TUMAKURU - BANGALORE NH 48 ROAD,DABASPETE,20 KM,0.0,0.0,0,0,0.0,0.0
Bengaluru Dist,Nelamangala Traffic PS,1.04422e+16,2021,1,1,Road Accidents,Cross roads,City/Town,Near a factory industrial area,Human Error,No,Simple Injury,Hit pedestrian,Uncontrolled,Straight and flat,NH,Bitumen(Tar),Dry,No influence on accident,Clear,TUMAKURU BENGALURU NH-48 ROAD,NEAR ALURU CROSS,6 KM,0.0,0.0,0,0,0.0,0.0
Bengaluru Dist,Nelamangala Traffic PS,1.04422e+16,2021,1,2,Road Accidents,Not Applicable,City/Town,Near a factory industrial area,Human Error,Yes,Simple Injury,Vehicle to Vehicle,Uncontrolled,Straight and flat,NH,Bitumen(Tar),Dry,No influence on accident,Clear,BENGALURU TUMAKURU NH-48  SERVICE ROAD,OPPT COFFEE DAY GLOBAL PVT LTD,20 KM,0.0,0.0,0,0,0.0,0.0
Bengaluru Dist,Nelamangala Traffic PS,1.04422e+16,2021,1,2,Road Accidents,Not Applicable,City/Town,Near office complex,Human Error,No,Simple Injury,Vehicle to Vehicle,Uncontrolled,Straight and flat,NH,Bitumen(Tar),Dry,No influence on accident,Clear,TUMAKURU BENGALURU NH-48 ROAD,OPPT TCI GODOWN,10 KM,0.0,0.0,0,0,0.0,0.0
Bengaluru Dist,Nelamangala Traffic PS,1.04422e+16,2021,1,2,Road Accidents,Not Applicable,City/Town,Near office complex,Human Error,Not Applicable,Simple Injury,Vehicle to Vehicle,Not Applicable,Straight and flat,NH,Bitumen(Tar),Dry,No influence on accident,Clear,TUMAKURU BENGALURU NH-48 ROAD,OPPT SLR KALYANA MANTAPA,1/2 KM,0.0,0.0,0,0,0.0,0.0
Bengaluru Dist,Nelamangala Traffic PS,1.04422e+16,2021,1,1,Road Accidents,Not Applicable,Rural Areas,Open area,Human Error,Yes,Fatal,Hit pedestrian,Not at  Junction,Not Applicable,NH,Bitumen(Tar),Dry,No influence on accident,Fine,BengaluruTumkur  nh 48 Road,Hosanijagal,20,13.25618,77.213754,0,0,0.0,0.0
Bengaluru Dist,Nelamangala Traffic PS,1.04422e+16,2021,1,2,Road Accidents,Not Applicable,Rural Areas,Near or inside a village,Human Error,No,Simple Injury,Vehicle to Vehicle,Police / Manual,Straight and flat,NH,Bitumen(Tar),Dry,No influence on accident,Fine,TUMAKURU BANGALORE NH 48 ROAD,GUNDENAHALLI VILLAGE,13 KM,13.189558,77.280647,0,0,0.0,0.0
Bengaluru Dist,Nelamangala Traffic PS,1.04422e+16,2021,1,2,Road Accidents,Not Applicable,Rural Areas,Open area,Human Error,Yes,Grievous Injury,Vehicle to Vehicle,Police / Manual,Straight and flat,NH,Bitumen(Tar),Dry,No influence on accident,Clear,NELAMANGALA - KUNIGAL ROAD,YANTAGANAHALLI,7 KM,13.065617,77.353522,0,0,0.0,0.0
Bengaluru Dist,Nelamangala Traffic PS,1.04422e+16,2021,1,2,Road Accidents,Not Applicable,Rural Areas,Open area,Human Error,No,Grievous Injury,Vehicle to Vehicle,Police / Manual,Straight and flat,NH,Bitumen(Tar),Dry,No influence on accident,Clear,TUMAKURU - BANGALORE NH 48 SERVICE ROAD,KUNIGAL CIRCLE NELAMANGALA TOWN,1 KM,13.100825,77.384066,0,0,0.0,0.0
Bengaluru Dist,Nelamangala Traffic PS,1.04422e+16,2021,1,2,Road Accidents,Not Applicable,Rural Areas,Near office complex,Human Error,No,Simple Injury,Vehicle to Vehicle,Uncontrolled,Straight and flat,NH,Bitumen(Tar),Dry,No influence on accident,Clear,TUMAKURU BENGALURU NH-48 ROAD,SOWRASHTRA ROADWAYS,4 KM,13.130551,77.359241,0,0,0.0,0.0
Bengaluru Dist,Nelamangala Traffic PS,1.04422e+16,2021,1,1,Road Accidents,Curves,Rural Areas,Narrow bridge or culverts,Human Error,No,Simple Injury,Not Applicable,Uncontrolled,Straight and flat,Expressway,Bitumen(Tar),Dry,No influence on accident,Clear,NICE ROAD JUNCTION,NICE ROAD JUNCTION,10 KM,13.056763,77.476667,0,0,0.0,0.0
Bengaluru Dist,Nelamangala Traffic PS,1.04422e+16,2021,1,1,Road Accidents,Not Applicable,Rural Areas,Open area,Human Error,Yes,Fatal,Hit pedestrian,Not at  Junction,Others,NH,Bitumen(Tar),Dry,No influence on accident,Fine,TUMKUR BENGALURU NH 48 ROAD,billinakote,20,13.197657,77.271989,0,0,0.0,0.0
Bengaluru Dist,Nelamangala Traffic PS,1.04422e+16,2021,1,2,Road Accidents,Narrow road,City/Town,Open area,Human Error,No,Damage Only,Vehicle to Vehicle,Uncontrolled,Straight and flat,NH,Bitumen(Tar),Dry,No influence on accident,Fine,NH,ARISHINAKUNTE,4KM,13.07872,77.427469,0,0,0.0,0.0
Bengaluru Dist,Nelamangala Traffic PS,1.04422e+16,2021,1,2,Road Accidents,Curves,City/Town,Open area,Human Error,No,Fatal,Vehicle to Vehicle,Uncontrolled,Straight and flat,NH,Bitumen(Tar),Dry,No influence on accident,Fine,Tumakuru Bengaluru NH 48 Road,Near Sondekoppa Flyover,01Kms,13.092734,77.3948139,0,0,0.0,0.0
Bengaluru Dist,Nelamangala Traffic PS,1.04422e+16,2021,1,2,Road Accidents,Cross roads,Rural Areas,Open area,Human Error,No,Grievous Injury,Vehicle to Vehicle,Uncontrolled,Straight and flat,NH,Bitumen(Tar),Dry,No influence on accident,Fine,NH,BOODHIHAL U TURN,4KM,13.132852,77.357033,0,0,0.0,0.0
Bengaluru Dist,Nelamangala Traffic PS,1.04422e+16,2021,1,1,Road Accidents,Not Applicable,Rural Areas,Open area,Human Error,No,Fatal,Hit pedestrian,Not at  Junction,Straight and flat,NH,Bitumen(Tar),Dry,No influence on accident,Fine,BengaluruTumkur  nh 48 Road,Navayuga Toll,1,13.090762,77.399688,0,0,0.0,0.0
Bengaluru Dist,Nelamangala Traffic PS,1.04422e+16,2021,1,2,Road Accidents,Not Applicable,Rural Areas,Open area,Human Error,No,Simple Injury,Vehicle to Vehicle,Police / Manual,Straight and flat,NH,Bitumen(Tar),Dry,No influence on accident,Fine,TUMKURU BANGALORE NH 48 ROAD,BILLINAKOTE,14 KM,13.193611,77.276262,0,0,0.0,0.0
Bengaluru Dist,Nelamangala Traffic PS,1.04422e+16,2021,1,2,Road Accidents,Cross roads,Rural Areas,Near Bus stop,Human Error,No,Damage Only,Not Applicable,Uncontrolled,Straight and flat,NH,Bitumen(Tar),Dry,No influence on accident,Clear,NELAMANGALA KUNIGAL NH 75 ROAD,NEAR MALLARABANAWADI GATE,3 KM,13.082542,77.371642,0,0,0.0,0.0
Bengaluru Dist,Nelamangala Traffic PS,1.04422e+16,2021,1,2,Road Accidents,Curves,Rural Areas,Narrow bridge or culverts,Human Error,No,Simple Injury,Vehicle to Vehicle,Uncontrolled,Straight and flat,NH,Bitumen(Tar),Dry,No influence on accident,Clear,BENGALURU TUMAKURU NH-48 ROAD,BOMMANAHALLI U TURN,3 KM,13.122027,77.367556,0,0,0.0,0.0
Bengaluru Dist,Nelamangala Traffic PS,1.04422e+16,2021,1,2,Road Accidents,Not Applicable,Rural Areas,Near Petrol Pump,Human Error,Yes,Simple Injury,Vehicle to Vehicle,Police / Manual,Straight and flat,NH,Bitumen(Tar),Dry,No influence on accident,Fine,TUMKURU BANGALORE NH 48 SERVICE ROAD,HUSKURU CROSS,6 KM,13.06744,77.450568,0,0,0.0,0.0
Bengaluru Dist,Nelamangala Traffic PS,1.04422e+16,2021,1,2,Road Accidents,Narrow road,Rural Areas,Open area,Human Error,No,Damage Only,Vehicle to Vehicle,Uncontrolled,Straight and flat,NH,Bitumen(Tar),Dry,No influence on accident,Fine,NH,T BEGRUR,8KM,13.058345,77.466518,0,0,0.0,0.0
Bengaluru Dist,Nelamangala Traffic PS,1.04422e+16,2021,1,2,Road Accidents,Narrow road,Rural Areas,Open area,Human Error,Yes,Grievous Injury,Vehicle to Vehicle,Uncontrolled,Straight and flat,NH,Bitumen(Tar),Dry,No influence on accident,Fine,NH,DABASPETE PLYOVER,20KM,13.232791,77.240304,0,0,0.0,0.0
Bengaluru Dist,Nelamangala Traffic PS,1.04422e+16,2021,1,2,Road Accidents,Narrow road,City/Town,Open area,Human Error,No,Damage Only,Vehicle to Vehicle,Uncontrolled,Straight and flat,NH,Bitumen(Tar),Dry,No influence on accident,Fine,NH,NH,3KM,13.080434,77.423977,0,0,0.0,0.0
Bengaluru Dist,Nelamangala Traffic PS,1.04422e+16,2021,1,2,Road Accidents,Narrow road,Rural Areas,Open area,Human Error,No,Grievous Injury,Vehicle to Vehicle,Uncontrolled,Straight and flat,NH,Bitumen(Tar),Dry,No influence on accident,Fine,NH,DABASPETE PLYOVER BRIDGE,20KM,13.230242,77.240821,0,0,0.0,0.0
Bengaluru Dist,Nelamangala Traffic PS,1.04422e+16,2021,1,2,Road Accidents,Narrow road,Rural Areas,Open area,Human Error,No,Grievous Injury,Vehicle to Vehicle,Uncontrolled,Straight and flat,NH,Bitumen(Tar),Dry,No influence on accident,Fine,NH,T BEGRUR,8KM,13.151607,77.337631,0,0,0.0,0.0
Bengaluru Dist,Nelamangala Traffic PS,1.04422e+16,2021,1,2,Road Accidents,Curves,City/Town,Open area,Human Error,No,Fatal,Vehicle to Vehicle,Uncontrolled,Curve,NH,Bitumen(Tar),Dry,No influence on accident,Fine,Tumakuru Bengaluru NH 48 Road,Near Nadgir Collegr,08Kms,13.057665,77.470202,0,0,0.0,0.0
Bengaluru Dist,Nelamangala Traffic PS,1.04422e+16,2021,1,2,Road Accidents,Narrow road,City/Town,Open area,Human Error,No,Grievous Injury,Vehicle to Vehicle,Uncontrolled,Straight and flat,NH,Bitumen(Tar),Dry,No influence on accident,Fine,NH,DEVANNANAPLYA,3KM,13.077678,77.430497,0,0,0.0,0.0
Bengaluru Dist,Nelamangala Traffic PS,1.04422e+16,2021,1,1,Road Accidents,Not Applicable,Rural Areas,Open area,Human Error,Yes,Damage Only,Not Applicable,Police / Manual,Straight and flat,NH,Bitumen(Tar),Dry,No influence on accident,Clear,BANGALURU - TUMAKURU NH 48 ROAD,HOSANIJAGAL,22 KM,13.246304,77.226041,0,0,0.0,0.0
Bengaluru Dist,Nelamangala Traffic PS,1.04422e+16,2021,1,1,Road Accidents,Curves,Rural Areas,Open area,Human Error,No,Fatal,Hit pedestrian,Uncontrolled,Incline,NH,Bitumen(Tar),Dry,No influence on accident,Fine,Kunigal Nelamangala NH 75 Road,Near Shanthinagara,05Kms,13.079914,77.36782,0,0,0.0,0.0
Bengaluru Dist,Nelamangala Traffic PS,1.04422e+16,2021,1,1,Road Accidents,Not Applicable,City/Town,Open area,Human Error,No,Simple Injury,Not Applicable,Uncontrolled,Not Applicable,NH,Bitumen(Tar),Dry,No influence on accident,Fine,KUNIGAL NELAMANGALA NH-75 ROAD,OPPT SHIVALINGAIAH LAND,12 KM,13.065756,77.322658,0,0,0.0,0.0
Bengaluru Dist,Nelamangala Traffic PS,1.04422e+16,2021,1,3,Road Accidents,Narrow road,City/Town,Open area,Human Error,No,Damage Only,Vehicle to Vehicle,Uncontrolled,Straight and flat,NH,Bitumen(Tar),Dry,No influence on accident,Fine,NH,VISHWESHWARAPURA,2KM,13.100152,77.38456,0,0,0.0,0.0
Bengaluru Dist,Nelamangala Traffic PS,1.04422e+16,2021,1,1,Road Accidents,Narrow road,City/Town,Open area,Human Error,No,Grievous Injury,Hit pedestrian,Uncontrolled,Straight and flat,NH,Bitumen(Tar),Dry,No influence on accident,Fine,NH,ARISHINAKUNTE,4KM,13.080832,77.422922,0,0,0.0,0.0
Bengaluru Dist,Nelamangala Traffic PS,1.04422e+16,2021,1,2,Road Accidents,Narrow road,Rural Areas,Open area,Human Error,No,Grievous Injury,Vehicle to Vehicle,Uncontrolled,Straight and flat,NH,Bitumen(Tar),Dry,No influence on accident,Fine,NH,MAHADEVAPURA,10KM,13.066426,77.319062,0,0,0.0,0.0
Bengaluru Dist,Nelamangala Traffic PS,1.04422e+16,2021,1,2,Road Accidents,Cross roads,City/Town,Near Bus stop,Human Error,Yes,Simple Injury,Vehicle to Vehicle,Uncontrolled,Straight and flat,NH,Bitumen(Tar),Dry,No influence on accident,Fine,TUMAKURU BENGALURU NH-48 SERVICE ROAD,NEAR ARISHINAKUNTE UNDERPASS,2 KM,13.08228,77.419306,0,0,0.0,0.0
Bengaluru Dist,Nelamangala Traffic PS,1.04422e+16,2021,1,2,Road Accidents,Not Applicable,City/Town,Near a religious place,Human Error,Yes,Simple Injury,Vehicle to Vehicle,Uncontrolled,Straight and flat,NH,Bitumen(Tar),Dry,No influence on accident,Fine,NELAMANGALA TUMAKURU B H ROAD,OPPT VEERABHADRASWAMY MANDIRA,1 KM,13.101441,77.389795,0,0,0.0,0.0
Bengaluru Dist,Nelamangala Traffic PS,1.04422e+16,2021,1,1,Road Accidents,Narrow road,Rural Areas,Open area,Human Error,No,Grievous Injury,Not Applicable,Uncontrolled,Straight and flat,NH,Bitumen(Tar),Dry,No influence on accident,Fine,NH,MAHADEVAPURA,1OKM,13.064755,77.326295,0,0,0.0,0.0
Bengaluru Dist,Nelamangala Traffic PS,1.04422e+16,2021,1,2,Not Applicable,Not Applicable,City/Town,Near office complex,Human Error,No,Simple Injury,Vehicle to Vehicle,Uncontrolled,Straight and flat,NH,Bitumen(Tar),Dry,No influence on accident,Clear,TUMAKURU BANGALORE NH 48 ROAD,NAVAYUGA TOLL,1 KM,0.0,0.0,0,0,0.0,0.0
Bengaluru Dist,Nelamangala Traffic PS,1.04422e+16,2021,1,1,Road Accidents,Not Applicable,Rural Areas,Open area,Human Error,Yes,Fatal,Hit pedestrian,Not at  Junction,Not Applicable,NH,Bitumen(Tar),Others,No influence on accident,Fine,Bangalore Tumkur NH 48 Road,Byadarahalli Gate,3,0.0,0.0,0,1,0.0,1.0
Bengaluru Dist,Nelamangala Traffic PS,1.04422e+16,2021,1,2,Road Accidents,Not Applicable,Rural Areas,Open area,Human Error,Yes,Damage Only,Vehicle to Vehicle,Police / Manual,Straight and flat,NH,Bitumen(Tar),Dry,No influence on accident,Clear,KUNIGAL - NELAMANGALA NH 75 ROAD,LANCO TOLL,5 KM,0.0,0.0,0,0,0.0,0.0
Bengaluru Dist,Nelamangala Traffic PS,1.04422e+16,2021,1,2,Road Accidents,Narrow road,Rural Areas,Open area,Human Error,Yes,Fatal,Vehicle to Vehicle,Not at  Junction,Straight and flat,NH,Bitumen(Tar),Dry,No influence on accident,Fine,Bangalore Tumklur nh 48SERVICE  Road,NICE ROAD CROSS,5,13.055433,77.477894,0,0,0.0,0.0
Bengaluru Dist,Nelamangala Traffic PS,1.04422e+16,2021,1,2,Road Accidents,Curves,Rural Areas,Near or inside a village,Human Error,No,Grievous Injury,Vehicle to Vehicle,Police / Manual,Curve,NH,Bitumen(Tar),Dry,No influence on accident,Clear,NELAMANGALA - KUNIGAL NH 75 ROAD,MALLARABANAVADI U TURN,2 KM,13.082621,77.371755,0,0,0.0,0.0
Bengaluru Dist,Nelamangala Traffic PS,1.04422e+16,2021,1,1,Road Accidents,Not Applicable,Rural Areas,Open area,Human Error,Yes,Grievous Injury,Hit pedestrian,Police / Manual,Straight and flat,NH,Bitumen(Tar),Dry,No influence on accident,Clear,BANGALORE - TUMAKURU NH 48 SERVICE ROAD,DASANUPURA,4 KM,13.073087,77.440298,0,0,0.0,0.0
Bengaluru Dist,Nelamangala Traffic PS,1.04422e+16,2021,1,5,Road Accidents,Not Applicable,Rural Areas,Near a factory industrial area,Human Error,Not Applicable,Simple Injury,Vehicle to Vehicle,Uncontrolled,Straight and flat,NH,Bitumen(Tar),Dry,No influence on accident,Clear,TUMAKURU BENGALURU NH-48 ROAD,OPPT KEMWEL FACTORY,8 KM,13.145353,77.343359,0,0,0.0,0.0
Bengaluru Dist,Nelamangala Traffic PS,1.04422e+16,2021,1,1,Road Accidents,Not Applicable,Rural Areas,Residential area,Human Error,No,Simple Injury,Not Applicable,Uncontrolled,Straight and flat,NH,Bitumen(Tar),Dry,No influence on accident,Clear,TUMAKURU BENGALURU NH-48 ROAD,JAGANATH RENT HOUSE,7 KM,13.151604,77.337601,0,0,0.0,0.0
Bengaluru Dist,Nelamangala Traffic PS,1.04422e+16,2021,1,2,Road Accidents,Not Applicable,Rural Areas,Narrow bridge or culverts,Human Error,Yes,Simple Injury,Vehicle to Vehicle,Uncontrolled,Straight and flat,NH,Bitumen(Tar),Dry,No influence on accident,Clear,BENGALURU TUMAKURU NH-48  ROAD,DABASPETE FLYOVER,15 KM,13.232583,77.240276,0,0,0.0,0.0
Bengaluru Dist,Nelamangala Traffic PS,1.04422e+16,2021,1,2,Road Accidents,Not Applicable,Rural Areas,Near Hospital,Human Error,No,Fatal,Vehicle to Vehicle,Police / Manual,Straight and flat,NH,Bitumen(Tar),Dry,No influence on accident,Fine,Nelamangala-Bengaluru nh 48 road,bBinnamangala Forest Department,2,13.090459,77.408968,0,0,0.0,0.0
Bengaluru Dist,Nelamangala Traffic PS,1.04422e+16,2021,1,2,Road Accidents,Not Applicable,City/Town,Narrow bridge or culverts,Human Error,No,Damage Only,Vehicle to Vehicle,Uncontrolled,Straight and flat,NH,Bitumen(Tar),Dry,No influence on accident,Clear,BENGALURU TUMAKURU NH-48  ROAD,KUNIGAL CIRCLE,0.5 KM,13.097784,77.386023,0,0,0.0,0.0
Bengaluru Dist,Nelamangala Traffic PS,1.04422e+16,2021,1,3,Road Accidents,Not Applicable,Rural Areas,Near office complex,Human Error,No,Simple Injury,Vehicle to Vehicle,Uncontrolled,Straight and flat,NH,Bitumen(Tar),Dry,No influence on accident,Clear,BENGALURU TUMAKURU NH-48  ROAD,OPPT RAGIROTTI HOTEL,4 KM,13.131341,77.358706,0,0,0.0,0.0
Bengaluru Dist,Nelamangala Traffic PS,1.04422e+16,2021,1,2,Road Accidents,Curves,Rural Areas,Narrow bridge or culverts,Human Error,No,Damage Only,Vehicle to Vehicle,Stop Sign,Straight and flat,NH,Bitumen(Tar),Dry,No influence on accident,Clear,TUMAKURU BENGALURU NH-48 ROAD,RAYARAPALYA U TURN,24KM,13.250506,77.220747,0,0,0.0,0.0
Bengaluru Dist,Nelamangala Traffic PS,1.04422e+16,2021,1,2,Road Accidents,Not Applicable,City/Town,Open area,Human Error,No,Simple Injury,Vehicle to Vehicle,Police / Manual,Straight and flat,NH,Bitumen(Tar),Dry,No influence on accident,Fine,TUMKUR BANGALORE NH 48 SERVICE ROAD,NELAMANGALA TOWN,1 KM,13.094297,77.390032,0,0,0.0,0.0
Bengaluru Dist,Nelamangala Traffic PS,1.04422e+16,2021,1,2,Road Accidents,Cross roads,City/Town,At pedestrian Crossing,Human Error,Yes,Simple Injury,Vehicle to Vehicle,Uncontrolled,Straight and flat,NH,Bitumen(Tar),Dry,No influence on accident,Clear,KUNIGAL NELAMANGALA NH-75 ROAD,MALLARABANAVADI CROSS,2 KM,13.082379,77.371929,0,0,0.0,0.0
Bengaluru Dist,Nelamangala Traffic PS,1.04422e+16,2021,1,1,Road Accidents,Narrow road,City/Town,Open area,Human Error,No,Grievous Injury,Hit bicyclist,Uncontrolled,Straight and flat,NH,Bitumen(Tar),Dry,No influence on accident,Fine,NH,NAVAYUGA TOLL,1KM,13.09083,77.400044,0,0,0.0,0.0
Bengaluru Dist,Nelamangala Traffic PS,1.04422e+16,2021,1,1,Road Accidents,Narrow road,Rural Areas,Open area,Human Error,No,Damage Only,Not Applicable,Signal lights Automatic,Hump,NH,Bitumen(Tar),Dry,Not Applicable,Clear,NH48  ROAD,OPP FOREST LAND,15KMS,13.242301,77.232387,0,0,0.0,0.0
Bengaluru Dist,Nelamangala Traffic PS,1.04422e+16,2021,1,1,Road Accidents,Not Applicable,City/Town,Near office complex,Human Error,Not Applicable,Fatal,Not Applicable,Uncontrolled,Hump,Others,Bitumen(Tar),Dry,No influence on accident,Fine,"Sondekoppa Nelamangla Road, In Fornt Fo New senchury School, Nelamangala Town",In Fornt Of New Senchury Scholl,500m,13.091043,77.39482,0,0,0.0,0.0
Bengaluru Dist,Nelamangala Traffic PS,1.04422e+16,2021,1,1,Road Accidents,Not Applicable,City/Town,Near office complex,Human Error,No,Simple Injury,Not Applicable,Uncontrolled,Straight and flat,NH,Bitumen(Tar),Dry,No influence on accident,Clear,TUMAKURU BENGALURU NH-48 ROAD,OPPT PRABHA NAGARA GODOWN,8 KM,13.067915,77.449924,0,0,0.0,0.0
Bengaluru Dist,Nelamangala Traffic PS,1.04422e+16,2021,1,2,Road Accidents,Not Applicable,Rural Areas,Near Petrol Pump,Human Error,No,Simple Injury,Vehicle to Vehicle,Uncontrolled,Straight and flat,NH,Bitumen(Tar),Dry,No influence on accident,Clear,BENGALURU TUMAKURU NH-48  ROAD,OPPT INDIAN OIL PETROL BUNK,8 KM,13.156858,77.327369,0,0,0.0,0.0
Bengaluru Dist,Nelamangala Traffic PS,1.04422e+16,2021,1,2,Road Accidents,Narrow road,Rural Areas,Open area,Human Error,No,Grievous Injury,Vehicle to Vehicle,Uncontrolled,Straight and flat,NH,Bitumen(Tar),Dry,No influence on accident,Fine,NH,SEETHARAMABHATTARAPALY,8KM,13.061433,77.33502,0,0,0.0,0.0
Bengaluru Dist,Nelamangala Traffic PS,1.04422e+16,2021,1,2,Road Accidents,Narrow road,Rural Areas,Open area,Human Error,No,Grievous Injury,Vehicle to Vehicle,Uncontrolled,Straight and flat,NH,Bitumen(Tar),Dry,No influence on accident,Fine,NH,KULUVANAHALLI,10KM,13.176701,77.297794,0,0,0.0,0.0
Bengaluru Dist,Nelamangala Traffic PS,1.04422e+16,2021,1,1,Road Accidents,Not Applicable,Rural Areas,Open area,Human Error,No,Simple Injury,Not Applicable,Uncontrolled,Straight and flat,NH,Bitumen(Tar),Dry,No influence on accident,Clear,KUNIGAL NELAMANGLA NH-75 ROAD,OPPT VIRENDRA HEGGADE LAND,5 KM,13.061371,77.342025,0,0,0.0,0.0
Bengaluru Dist,Nelamangala Traffic PS,1.04422e+16,2021,1,2,Road Accidents,Narrow road,Rural Areas,Open area,Human Error,No,Grievous Injury,Vehicle to Vehicle,Uncontrolled,Straight and flat,NH,Bitumen(Tar),Dry,No influence on accident,Fine,NH,DODDERY,10KM,13.170149,77.309019,0,0,0.0,0.0
Bengaluru Dist,Nelamangala Traffic PS,1.04422e+16,2021,1,2,Road Accidents,Not Applicable,Rural Areas,Open area,Human Error,No,Fatal,Vehicle to Vehicle,Not Applicable,Not Applicable,NH,Bitumen(Tar),Dry,Not Applicable,Fine,Bangalore Tumkur NH 48 Road,Near Kengala Kempohalli,10 Km,13.208506,77.261161,0,0,0.0,0.0
Bengaluru Dist,Nelamangala Traffic PS,1.04422e+16,2021,1,2,Road Accidents,Not Applicable,Rural Areas,Open area,Human Error,Yes,Fatal,Vehicle to Vehicle,Not at  Junction,Straight and flat,NH,Bitumen(Tar),Dry,No influence on accident,Fine,Nelamangala Kunigal NH 75 Road,Mallarabanavadi U Turn,4,13.082334,77.371407,0,0,0.0,0.0
Bengaluru Dist,Nelamangala Traffic PS,1.04422e+16,2021,1,2,Road Accidents,Narrow road,Rural Areas,Open area,Human Error,Yes,Grievous Injury,Vehicle to Vehicle,Controlled,Not Applicable,NH,Bitumen(Tar),Not Applicable,Not Applicable,Clear,NH48  ROAD,OPP AGARAWAL BHAVAN,6KMS,13.072051,77.440508,0,0,0.0,0.0
Bengaluru Dist,Nelamangala Traffic PS,1.04422e+16,2021,1,2,Road Accidents,Curves,Rural Areas,Near or inside a village,Human Error,No,Simple Injury,Vehicle to Vehicle,Police / Manual,Curve,NH,Bitumen(Tar),Dry,No influence on accident,Fine,TUMAKURU BANGALORE NH 48 ROAD,MAHIMAPURA GATE,12 KM,13.178786,77.293838,0,0,0.0,0.0
Bengaluru Dist,Nelamangala Traffic PS,1.04422e+16,2021,1,3,Road Accidents,Curves,Rural Areas,Narrow bridge or culverts,Human Error,Not Applicable,Simple Injury,Vehicle to Vehicle,Uncontrolled,Straight and flat,NH,Bitumen(Tar),Dry,No influence on accident,Clear,NELAMANGALA KUNIGAL NH 75 ROAD,KAREKALLU CROSS,4 KM,13.070307,77.362237,0,0,0.0,0.0
Bengaluru Dist,Nelamangala Traffic PS,1.04422e+16,2021,1,2,Road Accidents,Not Applicable,Rural Areas,Open area,Human Error,No,Grievous Injury,Vehicle to Vehicle,Police / Manual,Straight and flat,NH,Bitumen(Tar),Dry,No influence on accident,Clear,BANGLORE - TUMAKURU NH 48 ROAD,BOODIHAL,3 KM,13.128046,77.361979,0,0,0.0,0.0
Bengaluru Dist,Nelamangala Traffic PS,1.04422e+16,2021,1,1,Road Accidents,Not Applicable,Rural Areas,Open area,Human Error,Yes,Fatal,Not Applicable,Not at  Junction,Straight and flat,Others,Bitumen(Tar),Dry,No influence on accident,Fine,Madavara Magadi Nice Road,GANGONDANAHALLI BRIDGE,15,13.025764,77.475488,0,0,0.0,0.0
Bengaluru Dist,Nelamangala Traffic PS,1.04422e+16,2021,1,2,Road Accidents,Not Applicable,Rural Areas,Near Bus stop,Human Error,Yes,Simple Injury,Vehicle to Vehicle,Police / Manual,Straight and flat,NH,Bitumen(Tar),Dry,No influence on accident,Clear,TUMAKURU - BANGALORE NH 48 ROAD,DASANAPURA BUS STOP OPP,6 KM,13.075158,77.436457,0,0,0.0,0.0
Bengaluru Dist,Nelamangala Traffic PS,1.04422e+16,2021,1,1,Road Accidents,Not Applicable,Rural Areas,Open area,Human Error,No,Fatal,Hit pedestrian,Not at  Junction,Straight and flat,NH,Bitumen(Tar),Dry,No influence on accident,Fine,TUMAKURU BENGALURUNH 48 ROAD,Infront Of Hotel Anjanadri,8,13.181006,77.28979,0,0,0.0,0.0