DISTRICTNAME,UNITNAME,Crime_No,Year,RI,Noofvehicle_involved,Accident_Classification,Accident_Spot,Accident_Location,Accident_SubLocation,Main_Cause,Hit_Run,Severity,Collision_Type,Junction_Control,Road_Character,Road_Type,Surface_Type,Surface_Condition,Road_Condition,Weather,Accident_Road,Landmark_first,Distance_LandMark_First,Latitude,Longitude,Road_Condition_Score,Surface_Condition_Score,Surface_Type_Score,Road_Risk_Index
Bengaluru Dist,Nelamangala Traffic PS,1.04422e+16,2022,1,1,Road Accidents,Not Applicable,City/Town,Narrow bridge or culverts,Human Error,No,Simple Injury,Not Applicable,Uncontrolled,Straight and flat,NH,Bitumen(Tar),Dry,No influence on accident,Clear,BENGALURU TUMAKURU  NH-48 ROAD,MADAVARA,10 KM,13.056545,77.473836,0,0,0.0,0.0
Bengaluru Dist,Nelamangala Traffic PS,1.04422e+16,2022,1,2,Road Accidents,Not Applicable,Rural Areas,Near School or College,Human Error,No,Damage Only,Vehicle to Vehicle,Uncontrolled,Straight and flat,NH,Bitumen(Tar),Dry,No influence on accident,Clear,BENGALURU TUMAKURU  NH-48 ROAD,NEAR RAGI ROTTI HOTEL,5 KM,13.127816,77.362541,0,0,0.0,0.0
Bengaluru Dist,Nelamangala Traffic PS,1.04422e+16,2022,1,2,Not Applicable,Narrow road,Rural Areas,Open area,Not Applicable,No,Simple Injury,Vehicle to Vehicle,Police / Manual,Others,NH,Not Applicable,Dry,Not Applicable,Clear,Benaglauru Tumkuru NH-48 Road,MAHIMAPURA GATE,12 KM,13.178494,77.294144,0,0,0.0,0.0
Bengaluru Dist,Nelamangala Traffic PS,1.04422e+16,2022,1,1,Road Accidents,Not Applicable,Rural Areas,Near or inside a village,Not Applicable,No,Fatal,Not Applicable,Uncontrolled,Straight and flat,NH,Bitumen(Tar),Dry,Not Applicable,Fine,NELAMANGALA KUNIGAL NH-75 ROAD  SITHARAMABATTARAPALYA,NEAR VILLAGE,5 KM,13.061841,77.332475,0,0,0.0,0.0
Bengaluru Dist,Nelamangala Traffic PS,1.04422e+16,2022,1,2,Road Accidents,Not Applicable,Rural Areas,Near Hospital,Human Error,No,Simple Injury,Vehicle to Vehicle,Police / Manual,Straight and flat,NH,Bitumen(Tar),Dry,No influence on accident,Fine,BANGALORE TUMKUR NH 48 ROAD,TIPPAGONDANAHALLI,9 KM,13.160149,77.3237009,0,0,0.0,0.0
Bengaluru Dist,Nelamangala Traffic PS,1.04422e+16,2022,1,1,Rail Road Accidents,Narrow road,City/Town,Open area,Human Error,No,Grievous Injury,Hit animal,Uncontrolled,Straight and flat,NH,Bitumen(Tar),Dry,No influence on accident,Fine,NH,YANTAGANAHALLI,5KM,13.066065,77.356219,0,0,0.0,0.0
Bengaluru Dist,Nelamangala Traffic PS,1.04422e+16,2022,1,1,Road Accidents,Not Applicable,Rural Areas,Narrow bridge or culverts,Human Error,No,Fatal,Not Applicable,Uncontrolled,Straight and flat,NH,Bitumen(Tar),Dry,Not Applicable,Fine,NELAMANGALA KUNIGAL NH-75 ROAD  SEETHARAMABATTARAPALAYA BRIDGE,NEAR VILLAGE,6 KM,13.070109,77.445677,0,0,0.0,0.0
Bengaluru Dist,Nelamangala Traffic PS,1.04422e+16,2022,1,2,Road Accidents,Narrow road,City/Town,Open area,Human Error,No,Grievous Injury,Vehicle to Vehicle,Uncontrolled,Straight and flat,NH,Bitumen(Tar),Dry,No influence on accident,Fine,NH,JAKKASANDRA CROSSS,1KM,13.094711,77.389407,0,0,0.0,0.0
Bengaluru Dist,Nelamangala Traffic PS,1.04422e+16,2022,1,2,Road Accidents,Narrow road,City/Town,Open area,Human Error,No,Grievous Injury,Vehicle to Vehicle,Uncontrolled,Straight and flat,Sub Arterial,Bitumen(Tar),Dry,No influence on accident,Fine,OTHERS,KUNIGAL CIRCLE,1KM,13.099505,77.389534,0,0,0.0,0.0
Bengaluru Dist,Nelamangala Traffic PS,1.04422e+16,2022,1,2,Road Accidents,Narrow road,City/Town,Open area,Human Error,Not Applicable,Grievous Injury,Vehicle to Vehicle,Controlled,Straight and flat,NH,Bitumen(Tar),Dry,No influence on accident,Clear,NH48  ROAD,ARKAVATHI BRIDGE,10KM,13.064224,77.45609,0,0,0.0,0.0
Bengaluru Dist,Nelamangala Traffic PS,1.04422e+16,2022,1,2,Road Accidents,Not Applicable,Rural Areas,Open area,Human Error,No,Simple Injury,Vehicle to Vehicle,Police / Manual,Straight and flat,NH,Bitumen(Tar),Dry,No influence on accident,Fine,TUMKUR BANGALORE NH 48 ROAD,GUNDENAHALLI GATE,15 KM,13.190396,77.279015,0,0,0.0,0.0
Bengaluru Dist,Nelamangala Traffic PS,1.04422e+16,2022,1,2,Road Accidents,Narrow road,Rural Areas,Open area,Human Error,No,Grievous Injury,Vehicle to Vehicle,Uncontrolled,Straight and flat,NH,Bitumen(Tar),Dry,No influence on accident,Fine,NH,MALLABANAVADI,3KM,13.08696,77.375088,0,0,0.0,0.0
Bengaluru Dist,Nelamangala Traffic PS,1.04422e+16,2022,1,1,Road Accidents,Not Applicable,Rural Areas,Open area,Human Error,Yes,Fatal,Hit pedestrian,Not at  Junction,Straight and flat,NH,Bitumen(Tar),Dry,No influence on accident,Fine,Bengaluru Tumakuru nh 48  service road,adakamaranahalli under pass,6,0.0,0.0,0,0,0.0,0.0
Bengaluru Dist,Nelamangala Traffic PS,1.04422e+16,2022,1,3,Road Accidents,Not Applicable,Rural Areas,Near Bus stop,Not Applicable,No,Grievous Injury,Vehicle to Vehicle,Uncontrolled,Straight and flat,NH,Bitumen(Tar),Dry,Not Applicable,Wind,TCI FLYOVER,FLYOVER,10 KM,13.058813,77.465974,0,0,0.0,0.0
Bengaluru Dist,Nelamangala Traffic PS,1.04422e+16,2022,1,2,Road Accidents,Not Applicable,Rural Areas,Open area,Human Error,Yes,Fatal,Vehicle to Vehicle,Not Applicable,Straight and flat,NH,Bitumen(Tar),Dry,No influence on accident,Fine,"Kunigal Nelamangala  NH 75 Road,",Mahadevapura Indian oil petrol Bunk,8,13.066312,77.315361,0,0,0.0,0.0
Bengaluru Dist,Nelamangala Traffic PS,1.04422e+16,2022,1,2,Road Accidents,Not Applicable,Rural Areas,Open area,Human Error,No,Damage Only,Vehicle to Vehicle,Police / Manual,Straight and flat,NH,Bitumen(Tar),Dry,Not Applicable,Fine,TUMKURU BANGALORE NH 48 ROAD,JASS TOLL,2 KM,13.114966,77.37387,0,0,0.0,0.0
Bengaluru Dist,Nelamangala Traffic PS,1.04422e+16,2022,1,2,Road Accidents,Narrow road,City/Town,Open area,Human Error,No,Grievous Injury,Vehicle to Vehicle,Uncontrolled,Straight and flat,NH,Bitumen(Tar),Dry,No influence on accident,Fine,NH,VISHWASHANTHI ASHRAMA,3KM,0.0,0.0,0,0,0.0,0.0
Bengaluru Dist,Nelamangala Traffic PS,1.04422e+16,2022,1,3,Road Accidents,Not Applicable,Rural Areas,Open area,Human Error,No,Grievous Injury,Vehicle to Vehicle,Police / Manual,Straight and flat,NH,Bitumen(Tar),Dry,No influence on accident,Fine,TUMKURU - BANGALORE NH 48 ROAD,THIPPAGONDANAHALLI,5 KM,13.159878,77.323352,0,0,0.0,0.0
Bengaluru Dist,Nelamangala Traffic PS,1.04422e+16,2022,1,2,Road Accidents,Not Applicable,Rural Areas,Open area,Human Error,No,Damage Only,Vehicle to Vehicle,Police / Manual,Straight and flat,NH,Bitumen(Tar),Dry,Not Applicable,Fine,BANGALORE TUMKURU NH 48 ROAD,DEVANNAPALYA,6 KM,13.077736,77.429453,0,0,0.0,0.0
Bengaluru Dist,Nelamangala Traffic PS,1.04422e+16,2022,1,3,Road Accidents,Narrow road,Rural Areas,Open area,Human Error,No,Damage Only,Vehicle to Vehicle,Uncontrolled,Straight and flat,NH,Bitumen(Tar),Dry,No influence on accident,Fine,NH,GUNDENAHALLI,16,13.190493,77.279482,0,0,0.0,0.0
Bengaluru Dist,Nelamangala Traffic PS,1.04422e+16,2022,1,2,Road Accidents,Narrow road,Rural Areas,Open area,Human Error,No,Simple Injury,Vehicle to Vehicle,Uncontrolled,Straight and flat,NH,Bitumen(Tar),Dry,No influence on accident,Fine,NH,ADAKAMARANAHALLI,5KM,0.0,0.0,0,0,0.0,0.0
Bengaluru Dist,Nelamangala Traffic PS,1.04422e+16,2022,1,2,Road Accidents,Not Applicable,Rural Areas,Near Petrol Pump,Not Applicable,No,Grievous Injury,Vehicle to Vehicle,Uncontrolled,Straight and flat,NH,Bitumen(Tar),Dry,Not Applicable,Fine,BENGALORE TUMKUR NH48 RAGI ROTTI HOTEL,BENGALORE TUMKUR NH48 RAGI ROTTI HOTEL,5 K M,0.0,0.0,0,0,0.0,0.0
Bengaluru Dist,Nelamangala Traffic PS,1.04422e+16,2022,1,1,Road Accidents,Not Applicable,Rural Areas,Open area,Human Error,No,Simple Injury,Hit pedestrian,Police / Manual,Curve,Others,Bitumen(Tar),Dry,No influence on accident,Fine,NELAMANGALA SUBHASH NAGARA ROAD,SUBHASH NAGARA,2 KM,0.0,0.0,0,0,0.0,0.0
Bengaluru Dist,Nelamangala Traffic PS,1.04422e+16,2023,1,2,Road Accidents,Not Applicable,City/Town,Open area,Human Error,Not Applicable,Fatal,Vehicle to Vehicle,Uncontrolled,Straight and flat,NH,Bitumen(Tar),Dry,No influence on accident,Fine,Bengaluru Tumakuru,Near Makali Arkavathi River Bridge,10Kms,13.063462,77.457324,0,0,0.0,0.0
Bengaluru Dist,Nelamangala Traffic PS,1.04422e+16,2023,1,1,Road Accidents,Not Applicable,Rural Areas,Open area,Human Error,No,Fatal,Not Applicable,Uncontrolled,Straight and flat,NH,Bitumen(Tar),Dry,No influence on accident,Fine,nelamangala kunigal nh 75 road,gube kallamma Temple,6,0.0,0.0,0,0,0.0,0.0
Bengaluru Dist,Nelamangala Traffic PS,1.04422e+16,2023,1,1,Road Accidents,Not Applicable,Rural Areas,Open area,Human Error,No,Simple Injury,Vehicle to Vehicle,Police / Manual,Straight and flat,NH,Bitumen(Tar),Dry,No influence on accident,Clear,TUMKURU - BANGALORE NH 48 ROAD,HALENIJAGAL,22 KM,0.0,0.0,0,0,0.0,0.0
Bengaluru Dist,Nelamangala Traffic PS,1.04422e+16,2023,1,2,Road Accidents,Not Applicable,Rural Areas,Open area,Human Error,No,Simple Injury,Vehicle to Vehicle,Police / Manual,Straight and flat,NH,Bitumen(Tar),Dry,No influence on accident,Fine,TUMKURU BANGALORE NH 48 ROAD,VISHWESHWARAPURA,2 KM,0.0,0.0,0,0,0.0,0.0
Bengaluru Dist,Nelamangala Traffic PS,1.04422e+16,2023,1,2,Road Accidents,Not Applicable,City/Town,Open area,Human Error,No,Fatal,Vehicle to Vehicle,Police / Manual,Others,Others,Bitumen(Tar),Others,No influence on accident,Fine,NELAMANGALA BENGALURU NH 48 ROAD,KARAVALI HOTEL,6,0.0,0.0,0,1,0.0,1.0
Bengaluru Dist,Nelamangala Traffic PS,1.04422e+16,2023,1,2,Road Accidents,Not Applicable,Rural Areas,Open area,Human Error,No,Simple Injury,Vehicle to Vehicle,Police / Manual,Straight and flat,Others,Bitumen(Tar),Dry,Not Applicable,Fine,MAGDI MADAVARA NICE ROAD,GANGONDANAHALLI LACK,15 KM,13.018793,77.4757349,0,0,0.0,0.0
Bengaluru Dist,Nelamangala Traffic PS,1.04422e+16,2023,1,2,Road Accidents,Not Applicable,Rural Areas,Open area,Human Error,No,Damage Only,Vehicle to Vehicle,Police / Manual,Straight and flat,NH,Bitumen(Tar),Dry,No influence on accident,Fine,NELAMANGALA KUNIGAL NH 75 ROAD,KUNIGAL BYPASS,2 KM,13.097761,77.386427,0,0,0.0,0.0
Bengaluru Dist,Nelamangala Traffic PS,1.04422e+16,2023,1,1,Road Accidents,Not Applicable,Rural Areas,Open area,Human Error,No,Simple Injury,Vehicle to Vehicle,Police / Manual,Straight and flat,NH,Bitumen(Tar),Dry,No influence on accident,Fine,TUMKURU - BANGALORE NH 48 ROAD,TIPPAGONDANAHALLI,6 KM,0.0,0.0,0,0,0.0,0.0
Bengaluru Dist,Nelamangala Traffic PS,1.04422e+16,2023,1,2,Road Accidents,Not Applicable,Rural Areas,Open area,Human Error,No,Simple Injury,Vehicle to Vehicle,Police / Manual,Straight and flat,NH,Bitumen(Tar),Dry,No influence on accident,Fine,TUMKURU BANGALORE NH 48 ROAD,YEDEHALLI U TURN,15 KM,13.218213,77.251664,0,0,0.0,0.0
Bengaluru Dist,Nelamangala Traffic PS,1.04422e+16,2023,1,1,Road Accidents,Not Applicable,Rural Areas,Open area,Human Error,No,Simple Injury,Vehicle to Vehicle,Police / Manual,Straight and flat,NH,Bitumen(Tar),Dry,Not Applicable,Fine,TUMKURU BANGALORE NH 48 ROAD,SONDEKOPPA CIRCLE,4 KM,13.096382,77.387552,0,0,0.0,0.0
Bengaluru Dist,Nelamangala Traffic PS,1.04422e+16,2023,1,2,Road Accidents,Not Applicable,Rural Areas,Near Bus stop,Not Applicable,Yes,Grievous Injury,Vehicle to Vehicle,Uncontrolled,Straight and flat,NH,Bitumen(Tar),Dry,Not Applicable,Fine,NH75,NH75 YADEHALLI BUS STOP,15 KM,0.0,0.0,0,0,0.0,0.0
Bengaluru Dist,Nelamangala Traffic PS,1.04422e+16,2023,1,2,Road Accidents,Not Applicable,Rural Areas,Open area,Human Error,No,Simple Injury,Vehicle to Vehicle,Police / Manual,Straight and flat,NH,Bitumen(Tar),Dry,No influence on accident,Fine,BANGALORE - TUMKUR NH 48 ROAD,T BEGURU,6 KM,0.0,0.0,0,0,0.0,0.0
Bengaluru Dist,Nelamangala Traffic PS,1.04422e+16,2023,1,2,Road Accidents,Not Applicable,Rural Areas,Open area,Human Error,No,Simple Injury,Vehicle to Vehicle,Police / Manual,Straight and flat,NH,Bitumen(Tar),Dry,No influence on accident,Fine,KUNIGAL NELAMANGALA NH 75 ROAD,MALLARABANAVADI U TURN,6 KM,13.087422,77.375216,0,0,0.0,0.0
Bengaluru Dist,Nelamangala Traffic PS,1.04422e+16,2023,1,2,Road Accidents,Not Applicable,Rural Areas,Open area,Human Error,Yes,Simple Injury,Vehicle to Vehicle,Police / Manual,Straight and flat,NH,Bitumen(Tar),Dry,No influence on accident,Fine,TUMURU BANGALORE NH 48 ROAD,BUDHIHAL,2 KM,13.131685,77.358458,0,0,0.0,0.0
Bengaluru Dist,Nelamangala Traffic PS,1.04422e+16,2023,1,1,Road Accidents,Not Applicable,Rural Areas,Open area,Human Error,No,Simple Injury,Vehicle to Vehicle,Police / Manual,Straight and flat,NH,Bitumen(Tar),Dry,No influence on accident,Fine,TUMKURU BANGALORE NH 48 ROAD,T BEGURU,5 KM,13.15049,77.339173,0,0,0.0,0.0
Bengaluru Dist,Nelamangala Traffic PS,1.04422e+16,2023,1,2,Road Accidents,Curves,Rural Areas,Open area,Human Error,No,Simple Injury,Vehicle to Vehicle,Police / Manual,Curve,NH,Bitumen(Tar),Dry,No influence on accident,Clear,NELAMANGALA KUNIGAL NH 75 HIGHWAY ROAD,MALLARABANAVADI U TURN,5 KM,13.095487,77.38181,0,0,0.0,0.0
Bengaluru Dist,Nelamangala Traffic PS,1.04422e+16,2023,1,2,Road Accidents,Not Applicable,Rural Areas,Open area,Human Error,No,Simple Injury,Vehicle to Vehicle,Police / Manual,Straight and flat,NH,Bitumen(Tar),Dry,No influence on accident,Fine,BANGALORE TUMKURU NH 48 SERVICE ROAD,ADAKAMARANAHALLI,8,13.070531,77.444418,0,0,0.0,0.0
Bengaluru Dist,Nelamangala Traffic PS,1.04422e+16,2023,1,2,Road Accidents,Not Applicable,Rural Areas,Open area,Human Error,Not Applicable,Fatal,Vehicle to Vehicle,Not at  Junction,Straight and flat,Others,Bitumen(Tar),Dry,Engineering Defect of Road,Fine,madavara magadi road,gangondanahalli bridge,10,0.0,0.0,4,0,0.0,4.0
Bengaluru Dist,Nelamangala Traffic PS,1.04422e+16,2023,1,2,Road Accidents,Not Applicable,Rural Areas,Open area,Human Error,No,Damage Only,Vehicle to Vehicle,Police / Manual,Straight and flat,NH,Bitumen(Tar),Dry,No influence on accident,Clear,BANGALORE TUMKUR NH 48 SERVICE ROAD,KUNIGAL CIRCLE,3 KM,0.0,0.0,0,0,0.0,0.0
Bengaluru Dist,Nelamangala Traffic PS,1.04422e+16,2023,1,2,Road Accidents,Not Applicable,Rural Areas,Open area,Human Error,No,Simple Injury,Vehicle to Vehicle,Police / Manual,Straight and flat,NH,Bitumen(Tar),Dry,No influence on accident,Clear,TUMKURU BANGALORE NH 48 ROAD,MADAVARA BIEC NEAR,15 KM,13.056627,77.47606,0,0,0.0,0.0
Bengaluru Dist,Nelamangala Traffic PS,1.04422e+16,2023,1,1,Road Accidents,Offset,Rural Areas,Open area,Human Error,No,Simple Injury,Not Applicable,Police / Manual,Straight and flat,Others,Bitumen(Tar),Dry,No influence on accident,Fine,OLD NELAMANGALA BH ROAD,NELAMAGALA TOWN,4 KM,0.0,0.0,0,0,0.0,0.0
Bengaluru Dist,Nelamangala Traffic PS,1.04422e+16,2023,1,1,Road Accidents,Offset,Rural Areas,Open area,Human Error,No,Simple Injury,Not Applicable,Police / Manual,Straight and flat,NH,Bitumen(Tar),Dry,No influence on accident,Fine,TUMKURU - BANGALORE NH 48 SERVICE ROAD,NELAMAGALA TOWN,6 KM,0.0,0.0,0,0,0.0,0.0
Bengaluru Dist,Nelamangala Traffic PS,1.04422e+16,2023,1,1,Road Accidents,Curves,Rural Areas,Near Petrol Pump,Human Error,Yes,Simple Injury,Hit pedestrian,Police / Manual,Curve,Others,Bitumen(Tar),Dry,No influence on accident,Clear,RAYAN NAGARA KUNIGAL ROAD,AMBEDKAR CIRCLE,4 KM,13.098761,77.3874339,0,0,0.0,0.0
Bengaluru Dist,Nelamangala Traffic PS,1.04422e+16,2023,1,2,Road Accidents,Not Applicable,Rural Areas,Open area,Human Error,No,Simple Injury,Vehicle to Vehicle,Uncontrolled,Straight and flat,NH,Bitumen(Tar),Dry,Not Applicable,Fine,TUMKUR - BENGALORE NH48 ROAD,YADEHALLI U TURN,15 KM,13.218198,77.251471,0,0,0.0,0.0
Bengaluru Dist,Nelamangala Traffic PS,1.04422e+16,2023,1,2,Road Accidents,Not Applicable,Rural Areas,Open area,Human Error,No,Simple Injury,Vehicle to Vehicle,Uncontrolled,Straight and flat,NH,Bitumen(Tar),Dry,Not Applicable,Fine,TUMKUR - BENGALORE NH48,NEAR KULUVANAHALLI,12 KM,33.177648,77.296837,0,0,0.0,0.0
Bengaluru Dist,Nelamangala Traffic PS,1.04422e+16,2023,1,2,Road Accidents,Not Applicable,Rural Areas,Open area,Not Applicable,Yes,Damage Only,Vehicle to Vehicle,Uncontrolled,Straight and flat,NH,Bitumen(Tar),Dry,Not Applicable,Others,TUMKUR - BENGALORE NH 48 ROAD,NERA  JOSS TOLL,2 KM,13.111949,77.377302,0,0,0.0,0.0
Bengaluru Dist,Nelamangala Traffic PS,1.04422e+16,2023,1,1,Road Accidents,Not Applicable,Rural Areas,Near Hospital,Human Error,Yes,Grievous Injury,Hit pedestrian,Uncontrolled,Straight and flat,Others,Bitumen(Tar),Dry,Not Applicable,Fine,NELAMANGALA TOWN,NEAR VAJARAHALLI CROSS,6 KM,13.100344,77.405196,0,0,0.0,0.0
Bengaluru Dist,Nelamangala Traffic PS,1.04422e+16,2023,1,1,Road Accidents,Not Applicable,Rural Areas,Open area,Human Error,No,Fatal,Not Applicable,Not at  Junction,Straight and flat,NH,Bitumen(Tar),Dry,No influence on accident,Others,BENGALURU TUMKURU NH 48  ROAD,KENGAL KEMPOHALLI,20,13.208094,77.26163,0,0,0.0,0.0
Bengaluru Dist,Nelamangala Traffic PS,1.04422e+16,2023,1,2,Road Accidents,Not Applicable,Rural Areas,Open area,Human Error,No,Simple Injury,Vehicle to Vehicle,Uncontrolled,Straight and flat,NH,Bitumen(Tar),Dry,Not Applicable,Fine,BENGALORE - TUMKUR NH48 ROAD,NEAR MADAVARA BUS STAND,15 KM,13.071491,77.442874,0,0,0.0,0.0
Bengaluru Dist,Nelamangala Traffic PS,1.04422e+16,2023,1,2,Road Accidents,Not Applicable,Rural Areas,Open area,Human Error,No,Simple Injury,Vehicle to Vehicle,Uncontrolled,Straight and flat,NH,Bitumen(Tar),Dry,Not Applicable,Fine,BENGALORE- TUMKUR NH48 ROAD,NEAR HARDWARD SCHOOL,10 KM,13.071491,77.442874,0,0,0.0,0.0
Bengaluru Dist,Nelamangala Traffic PS,1.04422e+16,2023,1,1,Road Accidents,Not Applicable,Rural Areas,Open area,Not Applicable,No,Damage Only,Not Applicable,Uncontrolled,Straight and flat,NH,Bitumen(Tar),Dry,Not Applicable,Fine,TUMKUR - BENGALORE NH48 ROAD,NEAR BELIMATA NELAMANGALA,5 KM,13.094375,77.390397,0,0,0.0,0.0
Bengaluru Dist,Nelamangala Traffic PS,1.04422e+16,2023,1,2,Road Accidents,Not Applicable,Rural Areas,Open area,Human Error,No,Grievous Injury,Vehicle to Vehicle,Uncontrolled,Straight and flat,NH,Bitumen(Tar),Dry,Not Applicable,Fine,TUMKUR - BENGALORE NH 48 ROAD,PRAVASI DABA,5 KM,13.139094,77.351533,0,0,0.0,0.0
Bengaluru Dist,Nelamangala Traffic PS,1.04422e+16,2023,1,2,Road Accidents,Not Applicable,Rural Areas,Open area,Not Applicable,No,Damage Only,Vehicle to Vehicle,Uncontrolled,Straight and flat,NH,Bitumen(Tar),Dry,Not Applicable,Fine,NICE ROAD EXIT,NEAR MADAVARA,15 KM,13.055225,77.47793,0,0,0.0,0.0
Bengaluru Dist,Nelamangala Traffic PS,1.04422e+16,2023,1,1,Road Accidents,Not Applicable,Rural Areas,Residential area,Human Error,No,Grievous Injury,Hit pedestrian,Uncontrolled,Straight and flat,NH,Bitumen(Tar),Dry,Not Applicable,Fine,NELAMANGALA - BENGALORE BG ROAD,NELAMAGALA TOWN,6 KM,13.093258,77.406461,0,0,0.0,0.0
Bengaluru Dist,Nelamangala Traffic PS,1.04422e+16,2023,1,2,Road Accidents,Not Applicable,Rural Areas,Open area,Human Error,No,Grievous Injury,Vehicle to Vehicle,Uncontrolled,Straight and flat,NH,Bitumen(Tar),Dry,Not Applicable,Fine,BENGALORE - TUMKUR NH48 ROAD,NEAR MADAVARA SERVICE ROAD,12 KM,13.056682,77.473395,0,0,0.0,0.0
Bengaluru Dist,Nelamangala Traffic PS,1.04422e+16,2023,1,1,Road Accidents,Not Applicable,City/Town,Open area,Human Error,Yes,Fatal,Hit pedestrian,Not at  Junction,Straight and flat,NH,Bitumen(Tar),Dry,No influence on accident,Fine,TUMKUR BENGALURUNH 48 SERVICE ROAD,MAKALI MANJUNATHA GRANITED AND KADAPA STORE,5,0.0,0.0,0,0,0.0,0.0
Bengaluru Dist,Nelamangala Traffic PS,1.04422e+16,2023,1,2,Road Accidents,Not Applicable,Rural Areas,Open area,Human Error,Yes,Fatal,Vehicle to Vehicle,Not at  Junction,Straight and flat,NH,Bitumen(Tar),Dry,No influence on accident,Fine,TUMKURU BANGALORE NH 48 ROAD,Anchepalya Toll Booth,10,13.056047,77.4782649,0,0,0.0,0.0
Bengaluru Dist,Nelamangala Traffic PS,1.04422e+16,2023,1,2,Road Accidents,Not Applicable,Rural Areas,Open area,Human Error,Yes,Simple Injury,Vehicle to Vehicle,Police / Manual,Straight and flat,NH,Bitumen(Tar),Dry,No influence on accident,Clear,BANGALORE TUMKURU NH 48 ROAD,KUNIGAL CIRCLE,3 KM,13.097755,77.385762,0,0,0.0,0.0
Bengaluru Dist,Nelamangala Traffic PS,1.04422e+16,2023,1,2,Road Accidents,Not Applicable,Rural Areas,Open area,Human Error,Yes,Simple Injury,Vehicle to Vehicle,Police / Manual,Others,NH,Bitumen(Tar),Dry,No influence on accident,Fine,BANGALORE TUMKURU NH 48 ROAD,TCI BUS STAND,10KM,13.060196,77.462487,0,0,0.0,0.0
Bengaluru Dist,Nelamangala Traffic PS,1.04422e+16,2023,1,2,Road Accidents,Not Applicable,Rural Areas,Open area,Human Error,No,Simple Injury,Vehicle to Vehicle,Police / Manual,Straight and flat,NH,Bitumen(Tar),Dry,No influence on accident,Fine,BANGALORE TUMKUR NH 48 ROAD,MADAVARA,10 KM,0.0,0.0,0,0,0.0,0.0
Bengaluru Dist,Nelamangala Traffic PS,1.04422e+16,2023,1,2,Road Accidents,Not Applicable,Rural Areas,Open area,Human Error,Yes,Fatal,Vehicle to Vehicle,Police / Manual,Straight and flat,NH,Bitumen(Tar),Dry,No influence on accident,Fine,BENGALURU TUMAKURU NH 48 SERVICE ROAD,viishveshwarapura madarasa A Fathima,2,0.0,0.0,0,0,0.0,0.0
Bengaluru Dist,Nelamangala Traffic PS,1.04422e+16,2023,1,2,Road Accidents,Offset,Rural Areas,Open area,Human Error,No,Fatal,Vehicle to Vehicle,Police / Manual,Straight and flat,NH,Bitumen(Tar),Others,No influence on accident,Fine,NELAMANGALA KUNIGAL NH 75 ROAD,LANCO TOLL,10,0.0,0.0,0,1,0.0,1.0
Bengaluru Dist,Nelamangala Traffic PS,1.04422e+16,2023,1,2,Road Accidents,Not Applicable,Rural Areas,Open area,Human Error,No,Simple Injury,Vehicle to Vehicle,Police / Manual,Straight and flat,NH,Bitumen(Tar),Dry,No influence on accident,Fine,BANGALORE TUMKURU NH 48 ROAD,BOMMANAHALLI,1 KM,13.138442,77.352848,0,0,0.0,0.0
Bengaluru Dist,Nelamangala Traffic PS,1.04422e+16,2023,1,2,Road Accidents,Not Applicable,Rural Areas,Open area,Human Error,No,Simple Injury,Vehicle to Vehicle,Police / Manual,Straight and flat,NH,Bitumen(Tar),Dry,Not Applicable,Fine,BANGALORE TUMKURU NH 48 ROAD,RAYARAPALYA U TURN,20 KM,13.218059,77.251779,0,0,0.0,0.0
Bengaluru Dist,Nelamangala Traffic PS,1.04422e+16,2023,1,2,Road Accidents,Not Applicable,Rural Areas,Open area,Human Error,No,Simple Injury,Vehicle to Vehicle,Police / Manual,Straight and flat,NH,Bitumen(Tar),Dry,No influence on accident,Clear,TUMKURU BANGALORE NH 48 SERVICE ROAD,MADANAYAKANAHALLI BUS STOP,12 KM,13.061927,77.46022,0,0,0.0,0.0
Bengaluru Dist,Nelamangala Traffic PS,1.04422e+16,2023,1,1,Road Accidents,Not Applicable,Rural Areas,Open area,Human Error,No,Simple Injury,Not Applicable,Police / Manual,Straight and flat,NH,Bitumen(Tar),Dry,No influence on accident,Fine,BANGALORE TUMKURU NH 48 SERVICE ROAD,BINNAMANGALA NELAMANGALA TOWN,5 KM,0.0,0.0,0,0,0.0,0.0
Bengaluru Dist,Nelamangala Traffic PS,1.04422e+16,2023,1,2,Road Accidents,Not Applicable,Rural Areas,Open area,Human Error,Yes,Simple Injury,Vehicle to Vehicle,Police / Manual,Straight and flat,NH,Bitumen(Tar),Dry,No influence on accident,Fine,TUMKURU BANGALORE NH 48 ROAD,BUDIHAL U TURN,2 KM,13.131251,77.358916,0,0,0.0,0.0
Bengaluru Dist,Nelamangala Traffic PS,1.04422e+16,2023,1,1,Road Accidents,Offset,Rural Areas,Open area,Human Error,No,Simple Injury,Not Applicable,Police / Manual,Straight and flat,NH,Bitumen(Tar),Dry,No influence on accident,Clear,TUMKURU - BANGALORE NH 48 ROAD,VEERANANJIPURA GATE,1 KM,13.125181,77.364858,0,0,0.0,0.0
Bengaluru Dist,Nelamangala Traffic PS,1.04422e+16,2023,1,2,Road Accidents,Not Applicable,Rural Areas,Open area,Human Error,No,Fatal,Vehicle to Vehicle,Uncontrolled,Straight and flat,NH,Bitumen(Tar),Dry,No influence on accident,Fine,Bengaluru Tumakuru NH 48 Service Road,Near MN Halli Bus Stand,10Km,0.0,0.0,0,0,0.0,0.0
Bengaluru Dist,Nelamangala Traffic PS,1.04422e+16,2023,1,1,Road Accidents,Narrow road,City/Town,Open area,Human Error,Yes,Fatal,Not Applicable,Not at  Junction,Straight and flat,NH,Bitumen(Tar),Dry,No influence on accident,Fine,Tumkur Bengaluru NH 48 Road,sondekoppa Fly Over,2,13.092631,77.395167,0,0,0.0,0.0
Bengaluru Dist,Nelamangala Traffic PS,1.04422e+16,2023,1,2,Road Accidents,Not Applicable,Rural Areas,Residential area,Human Error,No,Grievous Injury,Vehicle to Vehicle,Uncontrolled,Straight and flat,Others,Bitumen(Tar),Dry,Not Applicable,Fine,KULIPURA NELAMANGALA ROAD,MANJUNATHA NAGARA CORRS,5 KM,13.110664,77.390081,0,0,0.0,0.0