DISTRICTNAME,UNITNAME,Crime_No,Year,RI,Noofvehicle_involved,Accident_Classification,Accident_Spot,Accident_Location,Accident_SubLocation,Main_Cause,Hit_Run,Severity,Collision_Type,Junction_Control,Road_Character,Road_Type,Surface_Type,Surface_Condition,Road_Condition,Weather,Accident_Road,Landmark_first,Distance_LandMark_First,Latitude,Longitude,Road_Condition_Score,Surface_Condition_Score,Surface_Type_Score,Road_Risk_Index
Bengaluru Dist,Nelamangala Traffic PS,1.04422e+16,2023,1,2,Road Accidents,Not Applicable,Rural Areas,Near a factory industrial area,Human Error,No,Simple Injury,Vehicle to Vehicle,Police / Manual,Straight and flat,NH,Bitumen(Tar),Dry,Not Applicable,Clear,TUMKURU BANGALORE NH 48 ROAD,KBD CROSS,1 KM,13.1184193,77.3702518,0,0,0.0,0.0
Bengaluru Dist,Nelamangala Traffic PS,1.04422e+16,2023,1,1,Road Accidents,Not Applicable,Rural Areas,Open area,Human Error,No,Fatal,Hit pedestrian,Uncontrolled,Straight and flat,NH,Bitumen(Tar),Dry,No influence on accident,Fine,Magadi To Madavara Nice Road,Near Tippenahalli Bridge,08Kms,13.038836,77.475671,0,0,0.0,0.0
Bengaluru Dist,Nelamangala Traffic PS,1.04422e+16,2023,1,2,Road Accidents,Not Applicable,Rural Areas,Open area,Human Error,No,Simple Injury,Vehicle to Vehicle,Police / Manual,Not Applicable,Others,Bitumen(Tar),Dry,Not Applicable,Fine,MADAVARA MAGDI NICE ROAD,MADAVARA TOLL,16 KM,13.044739,77.4751309,0,0,0.0,0.0
Bengaluru Dist,Nelamangala Traffic PS,1.04422e+16,2023,1,2,Road Accidents,Not Applicable,Rural Areas,Open area,Human Error,No,Grievous Injury,Vehicle to Vehicle,Uncontrolled,Not Applicable,NH,Bitumen(Tar),Dry,Not Applicable,Others,BENGALORE- TUMKUR NH 48 ROAD,NEAR DANOJIPALYA,6 KM,13.089002,77.403387,0,0,0.0,0.0
Bengaluru Dist,Nelamangala Traffic PS,1.04422e+16,2023,1,2,Road Accidents,Not Applicable,Rural Areas,Open area,Human Error,Yes,Simple Injury,Vehicle to Vehicle,Police / Manual,Straight and flat,NH,Bitumen(Tar),Dry,No influence on accident,Fine,TUMKURU BANGALORE NH 48 ROAD,PAKASHALA HOTEL,4 KM,13.151609,77.337633,0,0,0.0,0.0
Bengaluru Dist,Nelamangala Traffic PS,1.04422e+16,2023,1,2,Road Accidents,Not Applicable,Rural Areas,Open area,Human Error,No,Not Applicable,Vehicle to Vehicle,Uncontrolled,Straight and flat,NH,Bitumen(Tar),Dry,Not Applicable,Others,BENGALORE TUMKUR NH48 ROAD RATHNAM HOTEL,NEAR BILLINAKOTE RATHNAM HOTEL,10 KM,13.204362,77.265325,0,0,0.0,0.0
Bengaluru Dist,Nelamangala Traffic PS,1.04422e+16,2023,1,2,Road Accidents,Not Applicable,Rural Areas,Open area,Human Error,Yes,Fatal,Vehicle to Vehicle,Uncontrolled,Straight and flat,NH,Bitumen(Tar),Dry,No influence on accident,Fine,Tumakuru Bengaluru NH 48 Road,Near Huchchegowdanapaly Cross,10Km,13.157665,77.326547,0,0,0.0,0.0
Bengaluru Dist,Nelamangala Traffic PS,1.04422e+16,2023,1,2,Road Accidents,Not Applicable,Rural Areas,Open area,Human Error,No,Damage Only,Vehicle to Vehicle,Uncontrolled,Straight and flat,NH,Bitumen(Tar),Dry,Not Applicable,Fine,BENGALORE - TUMKUR NH48 ROAD,NEAR RAYARAPALYA GATE,10 KM,13.250463,77.221182,0,0,0.0,0.0
Bengaluru Dist,Nelamangala Traffic PS,1.04422e+16,2023,1,2,Road Accidents,Not Applicable,Rural Areas,Open area,Human Error,No,Grievous Injury,Vehicle to Vehicle,Uncontrolled,Straight and flat,Others,Bitumen(Tar),Dry,Not Applicable,Fine,TUMKUR NICE ROAD,NICEE ROAD,150KM,13.055225,77.47793,0,0,0.0,0.0
Bengaluru Dist,Nelamangala Traffic PS,1.04422e+16,2023,1,1,Road Accidents,Not Applicable,Rural Areas,Open area,Human Error,No,Grievous Injury,Not Applicable,Uncontrolled,Straight and flat,NH,Bitumen(Tar),Dry,Not Applicable,Fine,BENGALORE - TUMKUR NH48 ROAD,NEAR ARISHINAKUNTTE,5 KM,13.079716,77.424579,0,0,0.0,0.0
Bengaluru Dist,Nelamangala Traffic PS,1.04422e+16,2023,1,1,Road Accidents,Not Applicable,Rural Areas,Near School or College,Human Error,No,Grievous Injury,Hit pedestrian,Uncontrolled,Straight and flat,NH,Bitumen(Tar),Dry,Not Applicable,Fine,NELAMANGALA - KUNIGAL NH75 ROAD,NEAR YANTAGANAHALLI GOVET SCHOOL,10 KM,13.063238,77.347002,0,0,0.0,0.0
Bengaluru Dist,Nelamangala Traffic PS,1.04422e+16,2023,1,2,Road Accidents,Not Applicable,Rural Areas,Open area,Not Applicable,No,Damage Only,Vehicle to Vehicle,Uncontrolled,Straight and flat,NH,Bitumen(Tar),Dry,Not Applicable,Fine,TUMKUR - BENGALORE NH48 ROAD,NEAR THONACHINAKUPPE,4 KM,13.140314,77.349503,0,0,0.0,0.0
Bengaluru Dist,Nelamangala Traffic PS,1.04422e+16,2023,1,1,Road Accidents,Not Applicable,Rural Areas,Near Bus stop,Human Error,Yes,Simple Injury,Not Applicable,Uncontrolled,Straight and flat,Others,Bitumen(Tar),Dry,Not Applicable,Fine,BENGALORE - NELAMANGALA,NELAMANGALA BUS STOP,4 KM,13.098235,77.39432,0,0,0.0,0.0
Bengaluru Dist,Nelamangala Traffic PS,1.04422e+16,2023,1,2,Road Accidents,Not Applicable,Rural Areas,Near Petrol Pump,Human Error,No,Grievous Injury,Vehicle to Vehicle,Uncontrolled,Straight and flat,NH,Bitumen(Tar),Dry,Not Applicable,Fine,TUMKUR - BENGALORE NH48 ROAD,BUDIHAL BHARATH PETROL BUNK,5 KM,13.133625,77.3564,0,0,0.0,0.0
Bengaluru Dist,Nelamangala Traffic PS,1.04422e+16,2023,1,2,Road Accidents,Not Applicable,Rural Areas,Open area,Human Error,No,Simple Injury,Vehicle to Vehicle,Uncontrolled,Straight and flat,NH,Bitumen(Tar),Dry,Not Applicable,Fine,TUMKUR - BENGALORE NH48 ROAD,NEAR BUDIHAL,5 KM,13.13246,77.35772,0,0,0.0,0.0
Bengaluru Dist,Nelamangala Traffic PS,1.04422e+16,2023,1,2,Road Accidents,Not Applicable,Rural Areas,Narrow bridge or culverts,Human Error,Yes,Simple Injury,Vehicle to Vehicle,Uncontrolled,Straight and flat,Others,Bitumen(Tar),Dry,Not Applicable,Fine,"MADAVARA MAGADI NICE ROAD,",NEAR GANGONDANAHALLI BRIDGE,20 KM,13.01453,77.47611,0,0,0.0,0.0
Bengaluru Dist,Nelamangala Traffic PS,1.04422e+16,2023,1,2,Road Accidents,Not Applicable,Rural Areas,Open area,Human Error,No,Damage Only,Vehicle to Vehicle,Uncontrolled,Straight and flat,NH,Bitumen(Tar),Dry,Not Applicable,Fine,TUMKUR - BENGALORE NH48 ROAD,NEAR BUDIHAL GATE,5 KM,13.133625,77.35645,0,0,0.0,0.0
Bengaluru Dist,Nelamangala Traffic PS,1.04422e+16,2023,1,3,Road Accidents,Not Applicable,Rural Areas,Open area,Not Applicable,No,Damage Only,Vehicle to Vehicle,Uncontrolled,Straight and flat,NH,Bitumen(Tar),Dry,Not Applicable,Fine,TUMKUR - BENGALORE NH48 ROAD,BILLINAKOTE RATHANAMM HOTEL,16 KM,13.203561,77.2662419,0,0,0.0,0.0
Bengaluru Dist,Nelamangala Traffic PS,1.04422e+16,2023,1,2,Road Accidents,Not Applicable,Rural Areas,Open area,Human Error,Yes,Grievous Injury,Vehicle to Vehicle,Uncontrolled,Straight and flat,NH,Bitumen(Tar),Dry,Not Applicable,Fine,BENGALORE - TUMKUR NH 48 ROAD,MADAVARA BIEC FLYOVER,15 KM,13.056144,77.476118,0,0,0.0,0.0
Bengaluru Dist,Nelamangala Traffic PS,1.04422e+16,2023,1,2,Road Accidents,Not Applicable,Rural Areas,Open area,Not Applicable,No,Damage Only,Vehicle to Vehicle,Uncontrolled,Straight and flat,NH,Bitumen(Tar),Dry,Not Applicable,Fine,TUMKUR - BENGALORE NH48,NEAR BUDIHAL,5 KM,13.127689,77.362284,0,0,0.0,0.0
Bengaluru Dist,Nelamangala Traffic PS,1.04422e+16,2023,1,2,Road Accidents,Narrow road,City/Town,Open area,Human Error,No,Fatal,Vehicle to Vehicle,Not Applicable,Straight and flat,Expressway,Bitumen(Tar),Dry,No influence on accident,Clear,BANGALORE TUMKUR NH 48 ROAD,Anchepalya Toll Booth,10 KM,13.056802,77.473356,0,0,0.0,0.0
Bengaluru Dist,Nelamangala Traffic PS,1.04422e+16,2023,1,2,Road Accidents,Not Applicable,Rural Areas,Open area,Human Error,No,Simple Injury,Vehicle to Vehicle,Uncontrolled,Straight and flat,NH,Bitumen(Tar),Dry,Not Applicable,Fine,TUMKUR - BENGALORE NH48,KENGAL KEMPOHALLI  U TURN,10 KM,13.207818,77.262045,0,0,0.0,0.0
Bengaluru Dist,Nelamangala Traffic PS,1.04422e+16,2023,1,1,Road Accidents,Not Applicable,Rural Areas,Open area,Human Error,No,Fatal,Hit pedestrian,Uncontrolled,Straight and flat,NH,Bitumen(Tar),Dry,No influence on accident,Fine,Nelamangala Kunigal NH 75 Road,Near Mahadevapura,06Kms,13.065911,77.314527,0,0,0.0,0.0
Bengaluru Dist,Rajanukunte PS,1.04421e+16,2016,1,2,Rail Road Accidents,Not Applicable,Rural Areas,Residential area,Human Error,Not Applicable,Simple Injury,Hit parked vehicle,Not Applicable,Not Applicable,State Highway,Not Applicable,Others,Not Applicable,Not Applicable,Doddaballapura bangalore main road near ansana resort,Doddaballapura bangalore main road near ansana resort,1km,0.0,0.0,0,1,0.0,1.0
Bengaluru Dist,Rajanukunte PS,1.04421e+16,2016,1,1,Road Accidents,Other,Rural Areas,Near Bus stop,Human Error,No,Damage Only,Skidding or Self accident,Not Applicable,Straight and flat,State Highway,Bitumen(Tar),Dry,Not Applicable,Fine,MARASANDRA BUS STAND,MARASANDRA BUS STAND,8,0.0,0.0,0,0,0.0,0.0
Bengaluru Dist,Rajanukunte PS,1.04421e+16,2016,1,2,Road Accidents,Other,Rural Areas,Near Petrol Pump,Human Error,No,Damage Only,Head on,Not Applicable,Straight and flat,State Highway,Bitumen(Tar),Dry,Not Applicable,Fine,"Bengaluru-Doddaballapura road, Near Anadha Petrol Bunk",Near Anadha Petrol Bunk,1,0.0,0.0,0,0,0.0,0.0
Bengaluru Dist,Rajanukunte PS,1.04421e+16,2016,1,1,Road Accidents,Other,City/Town,Open area,Human Error,Yes,Grievous Injury,Hit pedestrian,Not Applicable,Others,State Highway,Not Applicable,Not Applicable,Not Applicable,Others,DOddaballapura bangalore road avlahalli kere near,14cqbsclp40DOddaballapura bangalore road avlahalli kere near096437905,4 km,0.0,0.0,0,0,0.0,0.0
Bengaluru Dist,Rajanukunte PS,1.04421e+16,2016,1,2,Road Accidents,Other,Rural Areas,Open area,Human Error,No,Damage Only,Others,Not Applicable,Not Applicable,State Highway,Bitumen(Tar),Dry,Not Applicable,Fine,"Near Suradenapura gate, D B Pura-Bengaluru Main road",Near Suradenapura gate,2,0.0,0.0,0,0,0.0,0.0
Bengaluru Dist,Rajanukunte PS,1.04421e+16,2016,1,2,Road Accidents,Cross roads,Rural Areas,Open area,Human Error,Not Applicable,Grievous Injury,Hit bicyclist,Not Applicable,Others,State Highway,Not Applicable,Not Applicable,Not Applicable,Not Applicable,DOddaballapura bangalore road surdevanapura gate,DOddaballapura bangalore road surdevanapura gate,3KM,0.0,0.0,0,0,0.0,0.0
Bengaluru Dist,Rajanukunte PS,1.04421e+16,2016,1,1,Road Accidents,Other,Rural Areas,Open area,Human Error,No,Not Applicable,Skidding or Self accident,Not Applicable,Straight and flat,Village Road,Bitumen(Tar),Dry,Not Applicable,Fine,"Rlyway underpass, near aradeshahalli",Rlyway underpass,2,0.0,0.0,0,0,0.0,0.0
Bengaluru Dist,Rajanukunte PS,1.04421e+16,2016,1,2,Road Accidents,Other,Rural Areas,Near or inside a village,Human Error,No,Simple Injury,Head on,Not Applicable,Others,State Highway,Bitumen(Tar),Dry,Not Applicable,Fine,"D B Pura-Bengaluru main road, infront of Hero Honda Showroom, rajanakunte",nfront of Hero Honda Showroom,1/2 KM,0.0,0.0,0,0,0.0,0.0
Bengaluru Dist,Rajanukunte PS,1.04421e+16,2016,1,2,Rail Road Accidents,Other,Rural Areas,Residential area,Human Error,No,Grievous Injury,Others,Not Applicable,Others,State Highway,Bitumen(Tar),Others,Not Applicable,Others,Doddaballapura Bangalore main  Road Marasandra,Near Welwarth City Amartmenta Marasandra,5 KM,0.0,0.0,0,1,0.0,1.0
Bengaluru Dist,Rajanukunte PS,1.04421e+16,2016,1,1,Road Accidents,Other,Rural Areas,Open area,Human Error,No,Fatal,Side impact or Right angle,Not Applicable,Steep Incline or Climb,Village Road,Bitumen(Tar),Dry,Not Applicable,Fine,"Near Murarappa land, Channasandra village",Near Murarappa land,5,0.0,0.0,0,0,0.0,0.0
Bengaluru Dist,Rajanukunte PS,1.04421e+16,2016,1,2,Road Accidents,Other,Rural Areas,Open area,Human Error,No,Not Applicable,Others,Not Applicable,Others,Village Road,Bitumen(Tar),Others,Not Applicable,Fine,"Near Kudare Farm, Bettahalasuru Road",Near Kudare Farm,4,0.0,0.0,0,1,0.0,1.0
Bengaluru Dist,Rajanukunte PS,1.04421e+16,2016,1,1,Road Accidents,Not Applicable,Rural Areas,Near or inside a village,Human Error,No,Grievous Injury,Hit pedestrian,Not Applicable,Straight and flat,Village Road,Bitumen(Tar),Dry,Not Applicable,Fine,"Rajanakunte-Byatha road, Dibburu gate, near Muneswara temple",Near Muneswara temple,5,0.0,0.0,0,0,0.0,0.0
Bengaluru Dist,Rajanukunte PS,1.04421e+16,2016,1,2,Road Accidents,Not Applicable,Rural Areas,Open area,Human Error,Yes,Not Applicable,Hit and Run,Not Applicable,Straight and flat,Village Road,Bitumen(Tar),Others,Not Applicable,Fine,Mavallipura-Byalakere road,Mavallipura Byalakere road,6,0.0,0.0,0,1,0.0,1.0
Bengaluru Dist,Rajanukunte PS,1.04421e+16,2016,1,1,Road Accidents,Other,City/Town,Open area,Human Error,Yes,Grievous Injury,Others,Not at  Junction,Straight and flat,State Highway,Not Applicable,Others,Not Applicable,Others,Bangalore doddaballapura road,Bangalore doddaballapura road,1/2 KM,0.0,0.0,0,1,0.0,1.0
Bengaluru Dist,Rajanukunte PS,1.04421e+16,2016,1,3,Road Accidents,Other,Rural Areas,Residential area,Human Error,No,Simple Injury,Head on,Not Applicable,Others,State Highway,Bitumen(Tar),Others,Not Applicable,Others,Bangalore doddaballapura road Nityostva Kalymamamtapa,Near Nityostva Kalyana Mantapa,2KM,0.0,0.0,0,1,0.0,1.0
Bengaluru Dist,Rajanukunte PS,1.04421e+16,2016,1,2,Road Accidents,Not Applicable,Rural Areas,Residential area,Not Applicable,Yes,Grievous Injury,Hit and Run,Not Applicable,Not Applicable,State Highway,Not Applicable,Not Applicable,Not Applicable,Others,Near Senchury Garden,Near Senchury Garden,1,0.0,0.0,0,0,0.0,0.0
Bengaluru Dist,Rajanukunte PS,1.04421e+16,2016,1,2,Road Accidents,Not Applicable,Rural Areas,Open area,Not Applicable,No,Grievous Injury,Not Applicable,Not Applicable,Not Applicable,State Highway,Not Applicable,Not Applicable,Not Applicable,Not Applicable,Near H P Petrol Bank,doddaballapura bangalore road Rajanakunte,1/2 KM,0.0,0.0,0,0,0.0,0.0
Bengaluru Dist,Rajanukunte PS,1.04421e+16,2016,1,2,Road Accidents,Not Applicable,Rural Areas,Residential area,Human Error,No,Damage Only,Not Applicable,Not Applicable,Not Applicable,Village Road,Not Applicable,Not Applicable,Not Applicable,Not Applicable,Bangalore Db Pura Road Near Marasandra Bus Stand,Bangalore Db Pura Road Near Marasandra Bus Stand,8 km,0.0,0.0,0,0,0.0,0.0
Bengaluru Dist,Rajanukunte PS,1.04421e+16,2016,1,2,Road Accidents,Not Applicable,Rural Areas,Open area,Human Error,No,Not Applicable,Not Applicable,Not Applicable,Straight and flat,Village Road,Bitumen(Tar),Others,Not Applicable,Others,"D B Pura Bengaluru road, Rachana Paradise",Rachana Paradise,2,0.0,0.0,0,1,0.0,1.0
Bengaluru Dist,Rajanukunte PS,1.04421e+16,2016,1,2,Rail Road Accidents,Other,Rural Areas,Open area,Human Error,No,Grievous Injury,Others,Not Applicable,Others,Village Road,Bitumen(Tar),Dry,Not Applicable,Fine,Ramagiri Tharahunase road,Ramagiri Tharahunase road,4,0.0,0.0,0,0,0.0,0.0
Bengaluru Dist,Rajanukunte PS,1.04421e+16,2016,1,2,Road Accidents,Not Applicable,Rural Areas,Near a religious place,Human Error,No,Grievous Injury,Others,Not Applicable,Others,State Highway,Bitumen(Tar),Dry,Not Applicable,Fine,SURADENAPURA GATE NEAR,SURADENAPURA GATE NEAR,4,0.0,0.0,0,0,0.0,0.0
Bengaluru Dist,Rajanukunte PS,1.04421e+16,2016,1,2,Road Accidents,Not Applicable,Rural Areas,Open area,Human Error,No,Grievous Injury,Others,Not Applicable,Straight and flat,State Highway,Bitumen(Tar),Dry,Not Applicable,Fine,"Doddaballapura-Bengaluru road, Avalahalli Kere near",Avalahalli Kere near,4,0.0,0.0,0,0,0.0,0.0
Bengaluru Dist,Rajanukunte PS,1.04421e+16,2016,1,2,Road Accidents,Other,Rural Areas,Residential area,Human Error,Not Applicable,Not Applicable,Others,Not Applicable,Straight and flat,State Highway,Bitumen(Tar),Others,Not Applicable,Fine,"D B pura Bengaluru main road, near Marasandra welworth city",Near Marasandra welworth city,3,0.0,0.0,0,1,0.0,1.0
Bengaluru Dist,Rajanukunte PS,1.04421e+16,2016,1,2,Road Accidents,Other,Rural Areas,Near School or College,Human Error,Not Applicable,Simple Injury,Others,Not Applicable,Straight and flat,Village Road,Bitumen(Tar),Others,Not Applicable,Fine,"Bengaluru D B Pura road, Singnayakanahalli near R T Nagara Public scholl",Singnayakanahalli near R T Nagara Public scholl,2,0.0,0.0,0,1,0.0,1.0
Bengaluru Dist,Rajanukunte PS,1.04421e+16,2016,1,2,Road Accidents,Other,Rural Areas,Residential area,Human Error,No,Damage Only,Rear end,Not Applicable,Straight and flat,State Highway,Bitumen(Tar),Dry,Not Applicable,Fine,"Near Aradeshahalli gate, D B Pura-Bengaluru main road",Near Aradeshahalli gate,3,0.0,0.0,0,0,0.0,0.0
Bengaluru Dist,Rajanukunte PS,1.04421e+16,2016,1,2,Road Accidents,Other,Rural Areas,Open area,Human Error,No,Not Applicable,Others,Not Applicable,Straight and flat,State Highway,Bitumen(Tar),Dry,Not Applicable,Fine,"D B Pura Bengaluru Main road, Sri Sailela, Near Coffe day near",Near Coffe day near,3,0.0,0.0,0,0,0.0,0.0
Bengaluru Dist,Rajanukunte PS,1.04421e+16,2016,1,2,Road Accidents,Not Applicable,Rural Areas,Open area,Human Error,No,Damage Only,Head on,Not Applicable,Others,State Highway,Bitumen(Tar),Dry,Not Applicable,Fine,"Bengaluru-Doddaballapura main raod, Avalahalli village, near Bharath Petrol Bunk",Bharath Petrol Bunk near avalahalli,3,0.0,0.0,0,0,0.0,0.0
Bengaluru Dist,Rajanukunte PS,1.04421e+16,2016,1,2,Road Accidents,Not Applicable,Rural Areas,Residential area,Human Error,No,Simple Injury,Not Applicable,Not Applicable,Not Applicable,Not Applicable,Not Applicable,Not Applicable,Not Applicable,Not Applicable,Bangalore db pura Road Near Sayi Lila Hotel,Bangalore db pura Road Near Sayi Lila Hotel,5 KM,0.0,0.0,0,0,0.0,0.0
Bengaluru Dist,Rajanukunte PS,1.04421e+16,2016,1,2,Road Accidents,Other,Rural Areas,Open area,Human Error,No,Fatal,Head on,Not Applicable,Straight and flat,State Highway,Bitumen(Tar),Dry,Not Applicable,Fine,"D B Pura Bengaluru road, Avalahalli Kere Eri mele",Avalahalli Kere mele,5,0.0,0.0,0,0,0.0,0.0
Bengaluru Dist,Rajanukunte PS,1.04421e+16,2016,1,1,Road Accidents,Other,Rural Areas,Residential area,Human Error,No,Grievous Injury,Others,Not Applicable,Not Applicable,Village Road,Bitumen(Tar),Others,Not Applicable,Others,Rajanukunte - Kakol Road,Near Yamuna Bankers,1/2 KM,0.0,0.0,0,1,0.0,1.0
Bengaluru Dist,Rajanukunte PS,1.04421e+16,2016,1,2,Road Accidents,Not Applicable,Rural Areas,Open area,Human Error,No,Fatal,Others,Not Applicable,Straight and flat,State Highway,Bitumen(Tar),Dry,Not Applicable,Fine,"D B Pura-Bengaluru main road, natikoli non-veg hotel near",natikoli non veg hotel near,3,0.0,0.0,0,0,0.0,0.0
Bengaluru Dist,Rajanukunte PS,1.04421e+16,2016,1,2,Road Accidents,Other,Rural Areas,Open area,Human Error,No,Damage Only,Not Applicable,Not Applicable,Others,State Highway,Bitumen(Tar),Dry,Not Applicable,Fine,"Near Century Daba, D B Pura-Bengaluru main road, rajanakunte",Near Century Daba,1,0.0,0.0,0,0,0.0,0.0
Bengaluru Dist,Rajanukunte PS,1.04421e+16,2016,1,2,Road Accidents,Other,Rural Areas,Open area,Human Error,Yes,Not Applicable,Hit and Run,Not Applicable,Straight and flat,Village Road,Bitumen(Tar),Others,Not Applicable,Fine,Subedharpalya near,Subedharpalya near,6,0.0,0.0,0,1,0.0,1.0
Bengaluru Dist,Rajanukunte PS,1.04421e+16,2016,1,2,Road Accidents,Not Applicable,Rural Areas,Near Bus stop,Human Error,No,Damage Only,Others,Not Applicable,Others,State Highway,Bitumen(Tar),Dry,Not Applicable,Fine,"SRIRAMANAHALLI GATE, DODDABALLAPURA-BENGALURU MAIN ROAD",SRIRAMANAHALLI GATE,2,0.0,0.0,0,0,0.0,0.0
Bengaluru Dist,Rajanukunte PS,1.04421e+16,2016,1,1,Road Accidents,Railway crossing,City/Town,Residential area,Human Error,Not Applicable,Grievous Injury,Others,Not Applicable,Others,Village Road,Not Applicable,Others,Not Applicable,Others,Railway gate near pravathipura,pravathipura,1/2 KM,0.0,0.0,0,1,0.0,1.0
Bengaluru Dist,Rajanukunte PS,1.04421e+16,2016,1,2,Road Accidents,Cross roads,Rural Areas,Near or inside a village,Human Error,Not Applicable,Grievous Injury,Not Applicable,Not Applicable,Not Applicable,State Highway,Not Applicable,Others,Not Applicable,Not Applicable,Doddaballapura Bangalore main  Road surdevanapura gate,Doddaballapura Bangalore main  Road surdevanapura gate,5 KM,0.0,0.0,0,1,0.0,1.0
Bengaluru Dist,Rajanukunte PS,1.04421e+16,2016,1,1,Road Accidents,Other,Rural Areas,Open area,Human Error,Yes,Grievous Injury,Hit and Run,Not Applicable,Straight and flat,State Highway,Bitumen(Tar),Dry,Not Applicable,Fine,"D.B.Pura-Bengaluru Main Road, Near Rachana Bar &, Restorent, Hesaragatta",Near Rachana Bar &  Restorent,2,0.0,0.0,0,0,0.0,0.0
Bengaluru Dist,Rajanukunte PS,1.04421e+16,2016,1,2,Road Accidents,Other,Rural Areas,Near School or College,Human Error,Yes,Grievous Injury,Others,Not Applicable,Not Applicable,State Highway,Bitumen(Tar),Dry,Not Applicable,Fine,"INFRONT OF BMSIT COLLAGE GATE, D B PURA - BENGALURU ROAD",INFRONT OF BMSIT COLLAGE GATE,4,0.0,0.0,0,0,0.0,0.0
Bengaluru Dist,Rajanukunte PS,1.04421e+16,2016,1,1,Road Accidents,Other,Rural Areas,Open area,Human Error,No,Simple Injury,Skidding or Self accident,Not Applicable,Straight and flat,State Highway,Bitumen(Tar),Dry,Not Applicable,Fine,"Bengaluru-Doddaballapura main road, infront of Angsana resort",Infront of Angsana resort,1 par,0.0,0.0,0,0,0.0,0.0
Bengaluru Dist,Rajanukunte PS,1.04421e+16,2016,1,1,Road Accidents,Not Applicable,Rural Areas,Near Bus stop,Human Error,No,Simple Injury,Others,Not at  Junction,Straight and flat,State Highway,Bitumen(Tar),Dry,Not Applicable,Fine,"Bengaluru-DB Pura Main road, Near Honnenahalli Bus Stand",Near Honnenahalli Bus Stand,1,0.0,0.0,0,0,0.0,0.0
Bengaluru Dist,Rajanukunte PS,1.04421e+16,2016,1,2,Road Accidents,Other,Rural Areas,Open area,Human Error,No,Grievous Injury,Not Applicable,Not Applicable,Not Applicable,Not Applicable,Not Applicable,Not Applicable,Not Applicable,Not Applicable,Kakolu Bytha Road Munikrishnappa Garden,Kakolu Bytha Road Munikrishnappa Garden,5 KM,0.0,0.0,0,0,0.0,0.0
Bengaluru Dist,Rajanukunte PS,1.04421e+16,2016,1,1,Not Applicable,Cross roads,Rural Areas,Residential area,Human Error,Not Applicable,Damage Only,Skidding or Self accident,Uncontrolled,Curve,Village Road,Not Applicable,Others,Not Applicable,Not Applicable,ADDEVISHAVANATHPUR RAJANUKUNTE ROAD,Addevvishavanathpur Rajanukunte road,2KM,0.0,0.0,0,1,0.0,1.0
Bengaluru Dist,Rajanukunte PS,1.04421e+16,2016,1,2,Road Accidents,Other,Rural Areas,Open area,Human Error,No,Grievous Injury,Others,Not at  Junction,Not Applicable,Village Road,Bitumen(Tar),Others,Not Applicable,Others,mailappanahalli,infront of Aswatappa form,04km,0.0,0.0,0,1,0.0,1.0
Bengaluru Dist,Rajanukunte PS,1.04421e+16,2016,1,2,Road Accidents,Not Applicable,Rural Areas,Near Bus stop,Human Error,No,Damage Only,Not Applicable,Not Applicable,Straight and flat,State Highway,Bitumen(Tar),Dry,Not Applicable,Fine,"ARADESHANAHALLI GATE,BENGALURU-DODDABALLAPURA MAIN ROAD",ARADESHANAHALLI GATE,3,0.0,0.0,0,0,0.0,0.0
Bengaluru Dist,Rajanukunte PS,1.04421e+16,2016,1,2,Road Accidents,Other,City/Town,Residential area,Human Error,Not Applicable,Grievous Injury,Overturning,Not Applicable,Others,State Highway,Not Applicable,Others,Not Applicable,Not Applicable,Doddaballapura Yalahanka  main  Road namatha transport near,Doddaballapura Yalahanka  main  Road namatha transport near,3 KM,0.0,0.0,0,1,0.0,1.0
Bengaluru Dist,Rajanukunte PS,1.04421e+16,2016,1,2,Road Accidents,Junction,Rural Areas,Residential area,Human Error,Not Applicable,Simple Injury,Others,Not Applicable,Others,State Highway,Not Applicable,Others,Not Applicable,Not Applicable,MARASANDRA VILLEGE,MARASANDRA VILLEGE,4km,0.0,0.0,0,1,0.0,1.0
Bengaluru Dist,Rajanukunte PS,1.04421e+16,2016,1,2,Road Accidents,Other,City/Town,Residential area,Human Error,Not Applicable,Grievous Injury,Overturning,Not Applicable,Not Applicable,State Highway,Not Applicable,Not Applicable,Not Applicable,Not Applicable,YALAHANKA DODDABALLAPURA ROAD AVALHALLI NEAR,YALAHANKA DODDABALLAPURA ROAD AVALHALLI NEAR,4km,0.0,0.0,0,0,0.0,0.0
Bengaluru Dist,Rajanukunte PS,1.04421e+16,2016,1,4,Road Accidents,Not Applicable,Rural Areas,Open area,Human Error,No,Grievous Injury,Others,Not Applicable,Straight and flat,State Highway,Bitumen(Tar),Dry,Construction Work / Material,Fine,"Bengaluru-D B Pura Road, Sriramanahalli Gate near",Sriramanahalli Gate near,2,0.0,0.0,2,0,0.0,2.0
Bengaluru Dist,Rajanukunte PS,1.04421e+16,2016,1,2,Road Accidents,Cross roads,Rural Areas,Open area,Human Error,Yes,Grievous Injury,Others,Not Applicable,Others,Village Road,Not Applicable,Others,Not Applicable,Not Applicable,Rajanukunte kakolu road dibburu gate,Rajanukunte kakolu road dibburu gate,4km,0.0,0.0,0,1,0.0,1.0