DISTRICTNAME,UNITNAME,Crime_No,Year,RI,Noofvehicle_involved,Accident_Classification,Accident_Spot,Accident_Location,Accident_SubLocation,Main_Cause,Hit_Run,Severity,Collision_Type,Junction_Control,Road_Character,Road_Type,Surface_Type,Surface_Condition,Road_Condition,Weather,Accident_Road,Landmark_first,Distance_LandMark_First,Latitude,Longitude,Road_Condition_Score,Surface_Condition_Score,Surface_Type_Score,Road_Risk_Index
Bengaluru Dist,Rajanukunte PS,1.04421e+16,2018,1,2,Road Accidents,Cross roads,Rural Areas,Near Bus stop,Human Error,Not Applicable,Grievous Injury,Others,Not Applicable,Others,Village Road,Bitumen(Tar),Others,Not Applicable,Clear,Kakolu-Madure Road Near Itagalpura Cross,Near Itagalpura Cross,01 km,0.0,0.0,0,1,0.0,1.0
Bengaluru Dist,Rajanukunte PS,1.04421e+16,2018,1,2,Road Accidents,Other,Rural Areas,Open area,Human Error,Yes,Simple Injury,Hit and Run,Not Applicable,Others,State Highway,Not Applicable,Others,Not Applicable,Fine,Bangalore Doddaballapur Main Road,Toll Near Ardheshnahalli Gate,5,0.0,0.0,0,1,0.0,1.0
Bengaluru Dist,Rajanukunte PS,1.04421e+16,2018,1,1,Road Accidents,Other,Rural Areas,Open area,Human Error,No,Fatal,Skidding or Self accident,Not Applicable,Others,Village Road,Not Applicable,Dry,Not Applicable,Fine,"Puttaiah ravara Nilagiri Thopina bali, Kurubarahalli village",Puttaiah ravara Nilagiri Thopina bali,8 km,0.0,0.0,0,0,0.0,0.0
Bengaluru Dist,Rajanukunte PS,1.04421e+16,2018,1,2,Road Accidents,Not Applicable,City/Town,Near or inside a village,Human Error,No,Damage Only,Overturning,Not Applicable,Straight and flat,State Highway,Bitumen(Tar),Dry,Not Applicable,Fine,"Near Honnenahalli village, D B Pura-Bengaluru road",Infront of R G P Granite Show Room,2 KM,0.0,0.0,0,0,0.0,0.0
Bengaluru Dist,Rajanukunte PS,1.04421e+16,2018,1,2,Road Accidents,Other,City/Town,Near Petrol Pump,Human Error,No,Damage Only,Hit parked vehicle,Not Applicable,Others,State Highway,Bitumen(Tar),Dry,Not Applicable,Fine,"Near Bharath Petrol Bunk, Avalahalli, Yelahanka hobli, Bengaluru north taluk",Near Bharath Petrol Bunk,4 KM,0.0,0.0,0,0,0.0,0.0
Bengaluru Dist,Rajanukunte PS,1.04421e+16,2018,1,2,Road Accidents,Other,City/Town,Near or inside a village,Human Error,Yes,Fatal,Hit and Run,Not Applicable,Straight and flat,State Highway,Bitumen(Tar),Dry,Not Applicable,Others,SH-09,Infront of Sri Ranga Kalyana Mantapa,2 KM,0.0,0.0,0,0,0.0,0.0
Bengaluru Dist,Rajanukunte PS,1.04421e+16,2018,1,2,Road Accidents,Circle,Not Applicable,Open area,Human Error,No,Grievous Injury,Not Applicable,Not Applicable,Not Applicable,State Highway,Not Applicable,Not Applicable,Not Applicable,Not Applicable,DB Pura Bangalore Road,DB Pura Bangalore Manin Road,2 KM,0.0,0.0,0,0,0.0,0.0
Bengaluru Dist,Rajanukunte PS,1.04421e+16,2018,1,2,Road Accidents,Other,Rural Areas,Open area,Human Error,No,Grievous Injury,Not Applicable,Not Applicable,Others,Village Road,Not Applicable,Dry,Not Applicable,Others,Madhure Rajankunte Road Near Etagalpura Village,Madhure Rajankunte Road Near Etagalpura Village,2 KM,0.0,0.0,0,0,0.0,0.0
Bengaluru Dist,Rajanukunte PS,1.04421e+16,2018,1,2,Road Accidents,Other,Rural Areas,Open area,Human Error,No,Damage Only,Others,Not Applicable,Others,Village Road,Not Applicable,Dry,Not Applicable,Others,Arakere Rajanakunte Road Addevishvanathapura Cross,Arakere Rajanakunte Road Addevishvanathapura Cross,1 KM,0.0,0.0,0,0,0.0,0.0
Bengaluru Dist,Rajanukunte PS,1.04421e+16,2018,1,2,Rail Road Accidents,Other,Rural Areas,Near or inside a village,Human Error,No,Simple Injury,Head on,Not Applicable,Straight and flat,State Highway,Bitumen(Tar),Others,Construction Work / Material,Clear,"Bengaluru-D B Pura Road, Near top of the Avalahalli Lake",top of the Avalahalli Lake,4 km,0.0,0.0,2,1,0.0,3.0
Bengaluru Dist,Rajanukunte PS,1.04421e+16,2018,1,2,Road Accidents,Other,Rural Areas,Open area,Human Error,Not Applicable,Simple Injury,Others,Not at  Junction,Straight and flat,State Highway,Bitumen(Tar),Dry,Not Applicable,Fine,"BengaLuru-D B Pura road, Near Sriramanahalli gate",Near Sriramanahalli gate,2 KM,0.0,0.0,0,0,0.0,0.0
Bengaluru Dist,Rajanukunte PS,1.04421e+16,2018,1,1,Road Accidents,Other,Villages settlement,Open area,Human Error,No,Fatal,Skidding or Self accident,Uncontrolled,Not Applicable,Others,Bitumen(Tar),Others,Not Applicable,Others,Nagadasanahalli Road,Singanayakanahalli,4 KM,0.0,0.0,0,1,0.0,1.0
Bengaluru Dist,Rajanukunte PS,1.04421e+16,2018,1,2,Road Accidents,Other,City/Town,Open area,Human Error,Yes,Grievous Injury,Hit and Run,Not Applicable,Straight and flat,State Highway,Bitumen(Tar),Others,Not Applicable,Fine,"Rajanakunte-Kakolu road, Etagalpura Cross, Hesaraghatta hobli, Bengaluru north taluk",Etagalpura Cross,2 KM,0.0,0.0,0,1,0.0,1.0
Bengaluru Dist,Rajanukunte PS,1.04421e+16,2018,1,2,Road Accidents,Other,City/Town,Near or inside a village,Human Error,No,Simple Injury,Head on,Not Applicable,Straight and flat,State Highway,Bitumen(Tar),Others,Not Applicable,Fine,"Near Honnenahalli Mal, Yelahanka hobli, Bengaluru north taluk",Near Honnenahalli Mal,3 KM,0.0,0.0,0,1,0.0,1.0
Bengaluru Dist,Rajanukunte PS,1.04421e+16,2018,1,2,Road Accidents,Other,Rural Areas,Residential area,Not Applicable,No,Grievous Injury,Others,Uncontrolled,Not Applicable,State Highway,Bitumen(Tar),Dry,No influence on accident,Fine,"D B Pura-Bengaluru road,Near Zed Earth Apartment",Near Zed Earth Apartment,4 KM,0.0,0.0,0,0,0.0,0.0
Bengaluru Dist,Rajanukunte PS,1.04421e+16,2018,1,1,Road Accidents,Other,Rural Areas,Near Bus stop,Human Error,No,Fatal,Hit pedestrian,Not Applicable,Straight and flat,State Highway,Bitumen(Tar),Dry,Not Applicable,Fine,SH-09,Srii Ramanahalli Gate,3 KM,0.0,0.0,0,0,0.0,0.0
Bengaluru Dist,Rajanukunte PS,1.04421e+16,2018,1,1,Road Accidents,Other,Rural Areas,Near or inside a village,Human Error,Not Applicable,Fatal,Hit pedestrian,Not Applicable,Straight and flat,State Highway,Bitumen(Tar),Dry,Not Applicable,Fine,"Bengaluru-D B Pura road, Near Indian Over sees Bank",Near Indian Over sees Bank,5,0.0,0.0,0,0,0.0,0.0
Bengaluru Dist,Rajanukunte PS,1.04421e+16,2018,1,2,Road Accidents,Narrow road,Rural Areas,Near Bus stop,Human Error,No,Fatal,Rear end,Uncontrolled,Straight and flat,State Highway,Bitumen(Tar),Dry,Not Applicable,Fine,"D B Pura -Bengaluru road, Near Singanayakanahalli Bus Stand",Near Singanayakanahalli Bus Stand,3,0.0,0.0,0,0,0.0,0.0
Bengaluru Dist,Rajanukunte PS,1.04421e+16,2018,1,3,Road Accidents,Other,Rural Areas,Near a factory industrial area,Human Error,No,Simple Injury,Overturning,Not Applicable,Others,Village Road,Bitumen(Tar),Others,Not Applicable,Fine,"Rajanakunte Kakolu road, Near Kallu Factory",Near Kallu Factory,2,0.0,0.0,0,1,0.0,1.0
Bengaluru Dist,Rajanukunte PS,1.04421e+16,2018,1,2,Road Accidents,Other,Rural Areas,Open area,Human Error,No,Grievous Injury,Head on,Uncontrolled,Straight and flat,Others,Bitumen(Tar),Dry,No influence on accident,Fine,Rajanakunte-Madhure road,Near siri Enclev Lay out,01 km,0.0,0.0,0,0,0.0,0.0
Bengaluru Dist,Rajanukunte PS,1.04421e+16,2018,1,2,Road Accidents,Other,Rural Areas,Near or inside a village,Human Error,No,Grievous Injury,Others,Not Applicable,Straight and flat,State Highway,Bitumen(Tar),Dry,Engineering Defect of Road,Fine,"Bengaluru- D B Pura, Near Rachana Daba",Near Rachana Daba Kempegowda Land,4 KM,0.0,0.0,4,0,0.0,4.0
Bengaluru Dist,Rajanukunte PS,1.04421e+16,2018,1,2,Road Accidents,Other,Rural Areas,Residential area,Road Environment Defect,No,Simple Injury,Others,Not Applicable,Others,State Highway,Not Applicable,Others,Not Applicable,Others,"Bengaluru- D B Pura, Near Vishva Vidyapita Munegowda House",Near Vishva Vidyapita Munegowda House,3 KM,0.0,0.0,0,1,0.0,1.0
Bengaluru Dist,Rajanukunte PS,1.04421e+16,2018,1,2,Road Accidents,Other,Rural Areas,Near Petrol Pump,Human Error,Not Applicable,Simple Injury,Others,Not Applicable,Others,State Highway,Bitumen(Tar),Others,Not Applicable,Fine,DB Pura Bangalore Road,DB Pura Bangalore Manin Road Honnenahalli petrol bonk,2 KM,0.0,0.0,0,1,0.0,1.0
Bengaluru Dist,Rajanukunte PS,1.04421e+16,2018,1,3,Road Accidents,Bottleneck,Rural Areas,Near Petrol Pump,Human Error,Not Applicable,Fatal,Vehicle to Vehicle,Not Applicable,Straight and flat,State Highway,Bitumen(Tar),Dry,Not Applicable,Fine,SH,Anandh Petrol Bunk,1 km,0.0,0.0,0,0,0.0,0.0
Bengaluru Dist,Rajanukunte PS,1.04421e+16,2018,1,1,Road Accidents,Other,Rural Areas,Near or inside a village,Human Error,No,Fatal,Skidding or Self accident,Not Applicable,Straight and flat,State Highway,Bitumen(Tar),Others,Not Applicable,Fine,"Bangaluru-D B Pura road, Suradenupura gate,",Suradenupura gate,4 KM,0.0,0.0,0,1,0.0,1.0
Bengaluru Dist,Rajanukunte PS,1.04421e+16,2018,1,2,Road Accidents,Other,Not Applicable,Residential area,Not Applicable,No,Grievous Injury,Others,Not Applicable,Others,Others,Not Applicable,Others,Not Applicable,Others,Rajanakunte- Sonnenahalli Road,Near Sonnenahalli Govt Hospital,7 KM,0.0,0.0,0,1,0.0,1.0
Bengaluru Dist,Rajanukunte PS,1.04421e+16,2018,1,2,Road Accidents,Other,City/Town,Open area,Human Error,Not Applicable,Fatal,Head on,Not Applicable,Straight and flat,State Highway,Bitumen(Tar),Dry,Not Applicable,Fine,SH-09,Vishswa Vidyapeta Near road,3 KM,0.0,0.0,0,0,0.0,0.0
Bengaluru Dist,Rajanukunte PS,1.04421e+16,2018,1,2,Road Accidents,Other,City/Town,Near Bus stop,Human Error,No,Fatal,Rear end,Not Applicable,Straight and flat,State Highway,Bitumen(Tar),Dry,Not Applicable,Fine,"Rajanakunte Bus Stand, D B Pura - Bengaluru road",Rajanakunte Bus Stand,1/2 KM,0.0,0.0,0,0,0.0,0.0
Bengaluru Dist,Rajanukunte PS,1.04421e+16,2018,1,2,Road Accidents,Not Applicable,City/Town,Open area,Human Error,No,Fatal,Hit parked vehicle,Not Applicable,Straight and flat,Others,Bitumen(Tar),Others,Not Applicable,Fine,Other Road,Near Seethakempanahalli Gate,4 KM,0.0,0.0,0,1,0.0,1.0
Bengaluru Dist,Rajanukunte PS,1.04421e+16,2018,1,2,Road Accidents,Other,Rural Areas,Near or inside a village,Human Error,No,Simple Injury,Head on,Not Applicable,Straight and flat,Others,Bitumen(Tar),Dry,Not Applicable,Fine,"Singanayakanahalli RTO Office main road, Yadiyurappanagara near",Yadiyurappanagara near,8 km,0.0,0.0,0,0,0.0,0.0
Bengaluru Dist,Rajanukunte PS,1.04421e+16,2018,1,2,Road Accidents,Other,Rural Areas,Near or inside a village,Human Error,No,Simple Injury,Head on,Not Applicable,Straight and flat,State Highway,Bitumen(Tar),Dry,Not Applicable,Fine,"D B Pura-Bengaluru road, Near KMF",Near KMF,1/2 km,0.0,0.0,0,0,0.0,0.0
Bengaluru Dist,Rajanukunte PS,1.04421e+16,2018,1,1,Road Accidents,Other,City/Town,Open area,Human Error,No,Simple Injury,Hit pedestrian,Not Applicable,Straight and flat,State Highway,Bitumen(Tar),Dry,Not Applicable,Fine,"Bengaluru-D B Pura Road, Near KMF, Rajanakunte",Near KMF,1 par,0.0,0.0,0,0,0.0,0.0
Bengaluru Dist,Rajanukunte PS,1.04421e+16,2018,1,3,Road Accidents,Other,Rural Areas,Open area,Human Error,No,Grievous Injury,Others,Not Applicable,Others,Village Road,Gravel,Others,Construction Work / Material,Fine,"Near Krishnappa Land, Marasandra -Nellukunte Road",Near Krishnappa Land,5 KM,0.0,0.0,2,1,3.0,6.0
Bengaluru Dist,Rajanukunte PS,1.04421e+16,2018,1,2,Road Accidents,Cross roads,Rural Areas,Open area,Human Error,Not Applicable,Fatal,Head on,Uncontrolled,Curve,Others,Bitumen(Tar),Others,Not Applicable,Others,Suradenapura Sadenahalli,Muthyalappas land,3 KM,0.0,0.0,0,1,0.0,1.0
Bengaluru Dist,Rajanukunte PS,1.04421e+16,2018,1,2,Road Accidents,Not Applicable,Rural Areas,Open area,Human Error,Yes,Grievous Injury,Not Applicable,Not Applicable,Not Applicable,Village Road,Not Applicable,Dry,Not Applicable,Not Applicable,Bangalore DB Pura Road Near Singanayakanahalli Vishwavidyapeetha School,Bangalore DB Pura Road Near Singanayakanahalli Vishwavidyapeetha School,5,0.0,0.0,0,0,0.0,0.0
Bengaluru Dist,Rajanukunte PS,1.04421e+16,2018,1,2,Road Accidents,Circle,Rural Areas,Near Hospital,Human Error,No,Grievous Injury,Overturning,Controlled,Curve,State Highway,Bitumen(Tar),Dry,Not Applicable,Fine,"D B Pura-Bengaluru Road,Panchayth Office",U Turn,50 Mee,0.0,0.0,0,0,0.0,0.0
Bengaluru Dist,Rajanukunte PS,1.04421e+16,2018,1,1,Road Accidents,Other,Rural Areas,Open area,Human Error,No,Fatal,Skidding or Self accident,Not Applicable,Straight and flat,Village Road,Kutcha,Others,Not Applicable,Fine,Subedharpalya road,Subedharpalya road,8 km,0.0,0.0,0,1,4.0,5.0
Bengaluru Dist,Rajanukunte PS,1.04421e+16,2018,1,2,Road Accidents,Other,Rural Areas,Near a factory industrial area,Human Error,No,Damage Only,Others,Not Applicable,Straight and flat,State Highway,Bitumen(Tar),Dry,Not Applicable,Fine,"Bengaluru-D B Pura road, near Rigle factory",near Rigle factory,1km,0.0,0.0,0,0,0.0,0.0
Bengaluru Dist,Rajanukunte PS,1.04421e+16,2018,1,2,Road Accidents,Other,Rural Areas,Near Bus stop,Not Applicable,No,Grievous Injury,Others,No signal lights,Others,State Highway,Not Applicable,Not Applicable,Not Applicable,Others,"D B Pura-Bengaluru road,Neat Sriramanahalli Village Gate",Near Sriramanahalli Village Gate,2 KM,0.0,0.0,0,0,0.0,0.0
Bengaluru Dist,Rajanukunte PS,1.04421e+16,2018,1,2,Road Accidents,Other,Rural Areas,Near Bus stop,Not Applicable,No,Simple Injury,Others,Not at  Junction,Others,State Highway,Bitumen(Tar),Dry,Not Applicable,Clear,DB Pura Bangalore Road,Near Rajanukunte Bus stand,1 KM,0.0,0.0,0,0,0.0,0.0
Bengaluru Dist,Rajanukunte PS,1.04421e+16,2018,1,3,Road Accidents,Not Applicable,Rural Areas,Open area,Human Error,No,Grievous Injury,Not Applicable,Not Applicable,Not Applicable,Not Applicable,Not Applicable,Not Applicable,Not Applicable,Not Applicable,Rajankunte Yelahanka Mani Road Infant of Vinayakatair Care,Rajankunte Yelahanka Mani Road Infant of Vinayakatair Care,1 KM,0.0,0.0,0,0,0.0,0.0
Bengaluru Dist,Rajanukunte PS,1.04421e+16,2018,1,1,Road Accidents,Other,Rural Areas,Open area,Human Error,No,Simple Injury,Hit pedestrian,Not Applicable,Straight and flat,State Highway,Bitumen(Tar),Dry,Not Applicable,Fine,"Near Marasandra village, U Turn Dabha",U Turn Dabha Opp,6 KM,0.0,0.0,0,0,0.0,0.0
Bengaluru Dist,Rajanukunte PS,1.04421e+16,2018,1,1,Road Accidents,Not Applicable,Rural Areas,Near or inside a village,Human Error,No,Grievous Injury,Hit pedestrian,Not Applicable,Straight and flat,Village Road,Concrete,Others,Not Applicable,Fine,Addevishwanathapura-Rajanakunte road,Addevishwanathapura Rajanakunte road,1 KM,0.0,0.0,0,1,0.0,1.0
Bengaluru Dist,Rajanukunte PS,1.04421e+16,2018,1,1,Road Accidents,Other,City/Town,Near or inside a village,Human Error,No,Grievous Injury,Others,Not at  Junction,Not Applicable,State Highway,Bitumen(Tar),Others,Not Applicable,Fine,"D B Pura-Bengaluru main road, Near Vinayaka Tyre care shop, Rajanakunte",Near Vinayaka Tyre care shop Rajanakunte,1 KM,0.0,0.0,0,1,0.0,1.0
Bengaluru Dist,Rajanukunte PS,1.04421e+16,2018,1,2,Road Accidents,Other,Rural Areas,Open area,Human Error,No,Damage Only,Rear end,Uncontrolled,Not Applicable,State Highway,Metalled,Dry,Not Applicable,Fine,Doddaballapura Bangalore Raod,Near Nandita Garden Family Restaurant,5 KM,0.0,0.0,0,0,2.0,2.0
Bengaluru Dist,Rajanukunte PS,1.04421e+16,2018,1,2,Road Accidents,Other,City/Town,Near or inside a village,Human Error,No,Fatal,Rear end,Not Applicable,Straight and flat,State Highway,Bitumen(Tar),Others,Construction Work / Material,Fine,SH-09,Near U Turn Daba,6 KM,0.0,0.0,2,1,0.0,3.0
Bengaluru Dist,Rajanukunte PS,1.04421e+16,2018,1,2,Road Accidents,Other,Rural Areas,Near or inside a village,Human Error,No,Simple Injury,Run Off Road,Not Applicable,Straight and flat,State Highway,Bitumen(Tar),Dry,Not Applicable,Fine,"D B Pura-Bengaluru road, Near KMF gate, Rajanakunte village",Near KMF gate,1km,0.0,0.0,0,0,0.0,0.0
Bengaluru Dist,Rajanukunte PS,1.04421e+16,2018,1,1,Road Accidents,Other,City/Town,Near or inside a village,Human Error,No,Fatal,Skidding or Self accident,Not Applicable,Straight and flat,State Highway,Bitumen(Tar),Dry,Not Applicable,Fine,SH 9,Infront of Bhagini Retorant,4 KM,0.0,0.0,0,0,0.0,0.0
Bengaluru Dist,Rajanukunte PS,1.04421e+16,2018,1,2,Road Accidents,Other,City/Town,Near Petrol Pump,Human Error,No,Fatal,Head on,Not Applicable,Straight and flat,State Highway,Bitumen(Tar),Dry,Not Applicable,Fine,SH-09,Honnenahalli Petrol Bunk,01 KM,0.0,0.0,0,0,0.0,0.0
Bengaluru Dist,Rajanukunte PS,1.04421e+16,2018,1,2,Road Accidents,Other,Rural Areas,Near Bus stop,Human Error,No,Grievous Injury,Others,Uncontrolled,Others,State Highway,Bitumen(Tar),Others,No influence on accident,Others,D B Pura - Bengaluru Road Near Sri Ranga convestion hall,Near Sri Ranga Convestion hall,02 km,0.0,0.0,0,1,0.0,1.0
Bengaluru Dist,Rajanukunte PS,1.04421e+16,2018,1,2,Road Accidents,Offset,City/Town,Near School or College,Human Error,No,Fatal,Skidding or Self accident,Not Applicable,Straight and flat,State Highway,Bitumen(Tar),Others,Pot holed,Fine,SH-09,Infront of RT Nagara Collage,2 KM,0.0,0.0,5,1,0.0,6.0
Bengaluru Dist,Rajanukunte PS,1.04421e+16,2018,1,2,Road Accidents,Not Applicable,City/Town,Residential area,Human Error,No,Fatal,Others,Not Applicable,Straight and flat,State Highway,Bitumen(Tar),Others,Not Applicable,Fine,SH 9,Near Anand Petrol Bunk Rajanakunte,1,0.0,0.0,0,1,0.0,1.0
Bengaluru Dist,Rajanukunte PS,1.04421e+16,2018,1,1,Road Accidents,Other,City/Town,Residential area,Human Error,No,Fatal,Hit pedestrian,Not Applicable,Straight and flat,State Highway,Bitumen(Tar),Dry,Not Applicable,Fine,SH-09,Suradenupura Gate,3 KM,0.0,0.0,0,0,0.0,0.0
Bengaluru Dist,Rajanukunte PS,1.04421e+16,2018,1,3,Road Accidents,Other,Rural Areas,Near Bus stop,Human Error,Not Applicable,Grievous Injury,Others,Not Applicable,Others,One way,Bitumen(Tar),Others,Not Applicable,Others,"Bengaluru- D B Pura, Near Darmasing Land",Bengaluru D B PuraNear Darmasing Land,1 KM,0.0,0.0,0,1,0.0,1.0
Bengaluru Dist,Rajanukunte PS,1.04421e+16,2019,1,1,Road Accidents,Cross roads,City/Town,Near Bus stop,Human Error,No,Grievous Injury,Hit pedestrian,Uncontrolled,Others,State Highway,Bitumen(Tar),Dry,No influence on accident,Clear,"Rajanakunte - Bengaluru Road, Near Honnenahalli Bus Stand",Near Bus Stand,4 KM,13.215808,77.51627,0,0,0.0,0.0
Bengaluru Dist,Rajanukunte PS,1.04421e+16,2019,1,1,Road Accidents,Cross roads,City/Town,Open area,Human Error,No,Grievous Injury,Hit pedestrian,Uncontrolled,Straight and flat,Others,Bitumen(Tar),Dry,No influence on accident,Clear,Rajanakunte Kakolu Road Infront Of NSS Dairy Gate,Rajanakunte Kakolu Road Infront Of NSS Dairy Gate,6 KM,13.1885,77.508754,0,0,0.0,0.0
Bengaluru Dist,Rajanukunte PS,1.04421e+16,2019,1,2,Road Accidents,Narrow road,City/Town,Open area,Human Error,No,Damage Only,Vehicle to Vehicle,Uncontrolled,Straight and flat,State Highway,Bitumen(Tar),Dry,No influence on accident,Clear,Bangalore DB Pura Main Road Near Avalahalli BMSIT Collage,Bangalore DB Pura Main Road Near Avalahalli BMSIT Collage,4 KM,13.13412,77.5696309,0,0,0.0,0.0
Bengaluru Dist,Rajanukunte PS,1.04421e+16,2019,1,2,Road Accidents,Narrow road,City/Town,Open area,Human Error,No,Grievous Injury,Vehicle to Vehicle,Uncontrolled,Curve,Others,Bitumen(Tar),Dry,No influence on accident,Clear,Sonnenahalli Kakolu Road On The Lake,Sonnenahalli Kakolu Road On The Lake,9 KM,13.184635,77.518134,0,0,0.0,0.0
Bengaluru Dist,Rajanukunte PS,1.04421e+16,2019,1,1,Road Accidents,Not Applicable,City/Town,Near Petrol Pump,Human Error,Yes,Fatal,Hit pedestrian,Uncontrolled,Straight and flat,State Highway,Bitumen(Tar),Dry,No influence on accident,Clear,SH,Near Bharath Petrol Bunk,4km,13.215529,77.5540109,0,0,0.0,0.0
Bengaluru Dist,Rajanukunte PS,1.04421e+16,2019,1,2,Road Accidents,Not Applicable,City/Town,Open area,Human Error,No,Grievous Injury,Vehicle to Vehicle,Uncontrolled,Straight and flat,State Highway,Bitumen(Tar),Dry,No influence on accident,Clear,Bangalore DB Pura infrant of Zedearth,infrant of Zedearth,5 KM,13.15957,77.5717909,0,0,0.0,0.0
Bengaluru Dist,Rajanukunte PS,1.04421e+16,2019,1,1,Road Accidents,Cross roads,City/Town,Open area,Human Error,No,Grievous Injury,Not Applicable,Uncontrolled,Straight and flat,State Highway,Bitumen(Tar),Dry,No influence on accident,Clear,RTO Cross Singanayakanahalli Village,RTO Cross Singanayakanahalli Village,5 KM,13.157367,77.568036,0,0,0.0,0.0
Bengaluru Dist,Rajanukunte PS,1.04421e+16,2019,1,2,Road Accidents,Cross roads,City/Town,Open area,Human Error,No,Fatal,Vehicle to Vehicle,Uncontrolled,Straight and flat,Others,Bitumen(Tar),Dry,No influence on accident,Fine,Village road,Near Dairy Gate,5 KM,13.174799,77.565803,0,0,0.0,0.0
Bengaluru Dist,Rajanukunte PS,1.04421e+16,2019,1,2,Road Accidents,Cross roads,City/Town,Near Bus stop,Human Error,No,Fatal,Vehicle to Vehicle,Uncontrolled,Straight and flat,State Highway,Bitumen(Tar),Dry,No influence on accident,Clear,SH,Near Sriramanahalli Gate,1 km,13.195467,77.562669,0,0,0.0,0.0
Bengaluru Dist,Rajanukunte PS,1.04421e+16,2019,1,2,Road Accidents,Not Applicable,City/Town,Open area,Human Error,No,Grievous Injury,Vehicle to Vehicle,Uncontrolled,Straight and flat,State Highway,Bitumen(Tar),Dry,No influence on accident,Clear,Bangalore DB Pura Road Infrant of Angasana Resart Rajanakunte,Bangalore DB Pura Road Infrant of Angasana Resart Rajanakunte,2 Farl,13.182683,77.563702,0,0,0.0,0.0
Bengaluru Dist,Rajanukunte PS,1.04421e+16,2019,1,2,Road Accidents,Circle,City/Town,Near a religious place,Human Error,No,Simple Injury,Vehicle to Vehicle,Uncontrolled,Straight and flat,State Highway,Bitumen(Tar),Dry,Construction Work / Material,Clear,"Near Singanayakanahalli Village, Yelahanka Hobli",Near Singanayakanahalli,5 KM,13.142433,77.569404,2,0,0.0,2.0
Bengaluru Dist,Rajanukunte PS,1.04421e+16,2019,1,2,Road Accidents,Circle,City/Town,Open area,Human Error,No,Simple Injury,Vehicle to Vehicle,Controlled,Straight and flat,State Highway,Bitumen(Tar),Dry,No influence on accident,Clear,DB Pura Bangalore Road Near HP Petrol Bank Rajanakute Village Hesaraghatta Hobli,HP Petrol Bank,1 KM,13.136783,77.565572,0,0,0.0,0.0
Bengaluru Dist,Rajanukunte PS,1.04421e+16,2019,1,2,Road Accidents,Cross roads,City/Town,Open area,Human Error,No,Grievous Injury,Vehicle to Vehicle,Not at  Junction,Straight and flat,State Highway,Bitumen(Tar),Dry,No influence on accident,Clear,Bangalore DB Pura Road Near Aradeshanahalli Gate,Bangalore DB Pura Road Near Aradeshanahalli Gate,5 KM,13.214974,77.549922,0,0,0.0,0.0
Bengaluru Dist,Rajanukunte PS,1.04421e+16,2019,1,2,Road Accidents,Cross roads,City/Town,Open area,Human Error,No,Grievous Injury,Vehicle to Vehicle,Uncontrolled,Straight and flat,Others,Bitumen(Tar),Dry,No influence on accident,Clear,Rajanakunte Kakolu Road Near Jatayu Dabha,Rajanakunte Kakolu Road Near Jatayu Dabha,2,13.172213,77.562421,0,0,0.0,0.0
Bengaluru Dist,Rajanukunte PS,1.04421e+16,2019,1,1,Road Accidents,Offset,City/Town,Open area,Human Error,No,Damage Only,Not Applicable,Uncontrolled,Straight and flat,Others,Bitumen(Tar),Dry,No influence on accident,Clear,Near Manikyam Garden Madappanahalli Village Hesaraghatta Hobli,Near Manikyam Garden Madappanahalli Village Hesaraghatta Hobli,5 KM,13.154244,77.541928,0,0,0.0,0.0
Bengaluru Dist,Rajanukunte PS,1.04421e+16,2019,1,1,Road Accidents,Cross roads,City/Town,Open area,Human Error,No,Fatal,Hit pedestrian,Uncontrolled,Straight and flat,State Highway,Bitumen(Tar),Dry,No influence on accident,Clear,SH,Rachana Paradise Near,3 KM,13.200718,77.561302,0,0,0.0,0.0
Bengaluru Dist,Rajanukunte PS,1.04421e+16,2019,1,3,Road Accidents,Narrow road,City/Town,Near office complex,Human Error,Yes,Simple Injury,Vehicle to Vehicle,Uncontrolled,Straight and flat,Others,Bitumen(Tar),Dry,No influence on accident,Clear,Rajanakunte Kakolu Road,Muttut Finance Infront of,1/2 KM,13.172251,77.561147,0,0,0.0,0.0
Bengaluru Dist,Rajanukunte PS,1.04421e+16,2019,1,2,Road Accidents,Circle,City/Town,Near Bus stop,Human Error,No,Damage Only,Vehicle to Vehicle,Controlled,Straight and flat,State Highway,Bitumen(Tar),Dry,No influence on accident,Clear,Near Bus Stand Rajanakunte,Near Bus Stand,1/2 KM,13.172446,77.564528,0,0,0.0,0.0