DISTRICTNAME,UNITNAME,Crime_No,Year,RI,Noofvehicle_involved,Accident_Classification,Accident_Spot,Accident_Location,Accident_SubLocation,Main_Cause,Hit_Run,Severity,Collision_Type,Junction_Control,Road_Character,Road_Type,Surface_Type,Surface_Condition,Road_Condition,Weather,Accident_Road,Landmark_first,Distance_LandMark_First,Latitude,Longitude,Road_Condition_Score,Surface_Condition_Score,Surface_Type_Score,Road_Risk_Index
Bengaluru Dist,Rajanukunte PS,1.04421e+16,2019,1,2,Road Accidents,Narrow road,City/Town,Near Petrol Pump,Human Error,No,Simple Injury,Vehicle to Vehicle,Controlled,Straight and flat,State Highway,Bitumen(Tar),Dry,No influence on accident,Clear,"D B Pura - Bengaluru Road, Near Petro Bunk",Petro Bunk Rajanakunte,1/2 KM,13.163994,77.566391,0,0,0.0,0.0
Bengaluru Dist,Rajanukunte PS,1.04421e+16,2019,1,1,Road Accidents,Narrow road,City/Town,Near Bus stop,Human Error,Yes,Grievous Injury,Hit pedestrian,Uncontrolled,Others,State Highway,Bitumen(Tar),Dry,Construction Work / Material,Clear,"Bengaluru - DB Pura Road, Rajanakunte Near Bus Stand",Rajanakunte Near Bus Stand,1/2 KM,13.169616,77.564504,2,0,0.0,2.0
Bengaluru Dist,Rajanukunte PS,1.04421e+16,2019,1,1,Road Accidents,Narrow road,City/Town,Near or inside a village,Human Error,Yes,Grievous Injury,Hit pedestrian,Uncontrolled,Straight and flat,State Highway,Bitumen(Tar),Dry,No influence on accident,Clear,"D B Pura - Bengaluru Road, Near Rachana Daba Paraides",Near Rachana Daba Paraides,3 KM,13.212908,77.565291,0,0,0.0,0.0
Bengaluru Dist,Rajanukunte PS,1.04421e+16,2019,1,2,Road Accidents,Cross roads,City/Town,Open area,Human Error,No,Fatal,Vehicle to Vehicle,Uncontrolled,Straight and flat,Others,Bitumen(Tar),Dry,No influence on accident,Clear,Village road,Infront of Kumar Granite Factory,3 KM,13.157682,77.577586,0,0,0.0,0.0
Bengaluru Dist,Rajanukunte PS,1.04421e+16,2019,1,1,Road Accidents,Offset,City/Town,Near Petrol Pump,Human Error,No,Fatal,Hit pedestrian,Uncontrolled,Straight and flat,Others,Not Applicable,Dry,No influence on accident,Clear,Other road,Datta Digambara Manikanta HP Petrol Bunk,2 KM,13.152485,77.568661,0,0,0.0,0.0
Bengaluru Dist,Rajanukunte PS,1.04421e+16,2019,1,2,Road Accidents,Cross roads,City/Town,Near Petrol Pump,Human Error,No,Fatal,Vehicle to Vehicle,Uncontrolled,Curve,State Highway,Bitumen(Tar),Dry,Not Applicable,Clear,Bengaluru Doddaballapura Main road,Rajanukunte Anand petrol bunk near U turn,25M,13.163796,77.566078,0,0,0.0,0.0
Bengaluru Dist,Rajanukunte PS,1.04421e+16,2019,1,2,Road Accidents,Not Applicable,City/Town,Near Petrol Pump,Human Error,No,Grievous Injury,Vehicle to Vehicle,Uncontrolled,Straight and flat,State Highway,Bitumen(Tar),Dry,No influence on accident,Clear,SH,Near Honnenahalli Petrol Bunk,2KM,13.157906,77.567356,0,0,0.0,0.0
Bengaluru Dist,Rajanukunte PS,1.04421e+16,2019,1,2,Road Accidents,Cross roads,City/Town,Open area,Human Error,No,Fatal,Vehicle to Vehicle,Uncontrolled,Straight and flat,State Highway,Bitumen(Tar),Dry,No influence on accident,Clear,SH-09,Aradeshalli Gate,4 KM,13.217034,77.507122,0,0,0.0,0.0
Bengaluru Dist,Rajanukunte PS,1.04421e+16,2019,1,2,Road Accidents,Narrow road,City/Town,Near Bus stop,Human Error,Not Applicable,Grievous Injury,Vehicle to Vehicle,Uncontrolled,Straight and flat,State Highway,Bitumen(Tar),Dry,No influence on accident,Clear,"Bengaluru- D B Pura, Near Sriramanahalli Gate",Sriramanahalli gate,02 km,13.172696,77.570418,0,0,0.0,0.0
Bengaluru Dist,Rajanukunte PS,1.04421e+16,2019,1,2,Road Accidents,Narrow road,City/Town,Open area,Human Error,No,Grievous Injury,Vehicle to Vehicle,Uncontrolled,Straight and flat,One way,Bitumen(Tar),Dry,No influence on accident,Clear,Rajanakunte Addevishwanathapura Road  Near Super Market Shop,Super Market Shop,1/2 KM,13.172882,77.56182,0,0,0.0,0.0
Bengaluru Dist,Rajanukunte PS,1.04421e+16,2019,1,1,Road Accidents,Narrow road,City/Town,Near or inside a village,Human Error,Yes,Fatal,Hit pedestrian,Uncontrolled,Straight and flat,Others,Bitumen(Tar),Dry,No influence on accident,Clear,Other Road,Kakolu Maregowda Farm Near,8km,13.184538,77.518176,0,0,0.0,0.0
Bengaluru Dist,Rajanukunte PS,1.04421e+16,2019,1,2,Road Accidents,Narrow road,City/Town,Open area,Human Error,No,Fatal,Vehicle to Vehicle,Uncontrolled,Straight and flat,Others,Bitumen(Tar),Dry,No influence on accident,Clear,Other Road,Near Hanumantharayappa Land Addiganahalli,1,13.165516,77.565738,0,0,0.0,0.0
Bengaluru Dist,Rajanukunte PS,1.04421e+16,2019,1,2,Road Accidents,Narrow road,City/Town,Near office complex,Human Error,Yes,Grievous Injury,Vehicle to Vehicle,Not at  Junction,Straight and flat,Two way,Bitumen(Tar),Dry,Not Applicable,Clear,"Near RTO Office, Singanayakanhalli - Madappanhalli Road",Infront of RTO Office,8 KM,13.134746,77.481033,0,0,0.0,0.0
Bengaluru Dist,Rajanukunte PS,1.04421e+16,2019,1,2,Road Accidents,Circle,City/Town,Open area,Human Error,No,Grievous Injury,Vehicle to Vehicle,Uncontrolled,Straight and flat,State Highway,Bitumen(Tar),Dry,No influence on accident,Clear,DB Pura Bangalore Main Road Honnenahalli Gate Near Art Of Shoping,Art Of Shoping,2 KM,13.163761,77.566123,0,0,0.0,0.0
Bengaluru Dist,Rajanukunte PS,1.04421e+16,2019,1,2,Road Accidents,Cross roads,City/Town,Near School or College,Vehicle Defect,No,Damage Only,Vehicle to Vehicle,Uncontrolled,Curve,Others,Bitumen(Tar),Dry,No influence on accident,Clear,"Near Kakol -Rajanakunte Road, President Universcity Collage",30 eanch,3 KM,13.17207,77.5360019,0,0,0.0,0.0
Bengaluru Dist,Rajanukunte PS,1.04421e+16,2019,1,1,Road Accidents,Cross roads,City/Town,Near office complex,Human Error,No,Grievous Injury,Hit pedestrian,Controlled,Straight and flat,State Highway,Bitumen(Tar),Dry,No influence on accident,Clear,"Bengaluru- D B Pura, Near Kenara Bank, Rajanakunte",15 Ench,1/2 KM,13.189888,77.519125,0,0,0.0,0.0
Bengaluru Dist,Rajanukunte PS,1.04421e+16,2019,1,3,Road Accidents,Narrow road,City/Town,Open area,Human Error,No,Grievous Injury,Vehicle to Vehicle,Uncontrolled,Straight and flat,State Highway,Bitumen(Tar),Dry,No influence on accident,Clear,Bangalore DB Pura Road Near,Rajanakunte Petrol Bank,1 KM,13.136537,77.481968,0,0,0.0,0.0
Bengaluru Dist,Rajanukunte PS,1.04421e+16,2019,1,1,Road Accidents,Cross roads,City/Town,Near Bus stop,Human Error,No,Grievous Injury,Hit pedestrian,Uncontrolled,Straight and flat,State Highway,Bitumen(Tar),Dry,No influence on accident,Clear,"Near Bus Stand Honnenahalli Village, Yelahanka Hobli",Near Bus Stand,3 KM,13.159409,77.566468,0,0,0.0,0.0
Bengaluru Dist,Rajanukunte PS,1.04421e+16,2019,1,1,Road Accidents,Circle,City/Town,Open area,Human Error,No,Grievous Injury,Hit pedestrian,Controlled,Straight and flat,State Highway,Bitumen(Tar),Dry,No influence on accident,Clear,Doddaballapura Bangalore Road Rajanakunte Bus stand,Doddaballapura Bangalore Road Rajanakunte Bus stand,01-Feb,13.150527,77.554515,0,0,0.0,0.0
Bengaluru Dist,Rajanukunte PS,1.04421e+16,2019,1,1,Road Accidents,Cross roads,City/Town,Near Bus stop,Human Error,No,Grievous Injury,Hit pedestrian,Uncontrolled,Straight and flat,State Highway,Bitumen(Tar),Dry,No influence on accident,Clear,Yelahanka - D Bpura Road,Near Sriramanahalli Gate,2 KM,13.213161,77.489315,0,0,0.0,0.0
Bengaluru Dist,Rajanukunte PS,1.04421e+16,2019,1,1,Road Accidents,Narrow road,City/Town,Near a religious place,Human Error,No,Simple Injury,Hit pedestrian,Uncontrolled,Incline,Others,Bitumen(Tar),Dry,No influence on accident,Clear,Avalahalli Near Infront of Bheemanna House Road,12 Eanch,5 KM,13.135202,77.569317,0,0,0.0,0.0
Bengaluru Dist,Rajanukunte PS,1.04421e+16,2019,1,2,Road Accidents,Circle,City/Town,Near School or College,Human Error,Not Applicable,Damage Only,Vehicle to Vehicle,Uncontrolled,Straight and flat,State Highway,Bitumen(Tar),Dry,No influence on accident,Clear,"Bengaluru- D B Pura, Near Pravident welworth city",30 eanch,5 KM,13.229266,77.549966,0,0,0.0,0.0
Bengaluru Dist,Rajanukunte PS,1.04421e+16,2019,1,2,Road Accidents,Circle,City/Town,Near School or College,Human Error,Yes,Simple Injury,Vehicle to Vehicle,Uncontrolled,Curve,Others,Bitumen(Tar),Others,No influence on accident,Clear,Infront of Presedent Collage,3 KM,3 KM,13.172014,77.5357239,0,1,0.0,1.0
Bengaluru Dist,Rajanukunte PS,1.04421e+16,2019,1,2,Road Accidents,Cross roads,City/Town,Open area,Road Environment Defect,No,Simple Injury,Vehicle to Vehicle,Uncontrolled,Straight and flat,State Highway,Bitumen(Tar),Dry,No influence on accident,Clear,"D B Pura-Bengaluru road, near Angsana resort",Near angsana,1/2 km,13.148985,77.568285,0,0,0.0,0.0
Bengaluru Dist,Rajanukunte PS,1.04421e+16,2019,1,2,Road Accidents,Narrow road,City/Town,Open area,Human Error,No,Fatal,Vehicle to Vehicle,Uncontrolled,Straight and flat,Others,Bitumen(Tar),Dry,No influence on accident,Clear,Village road,Seetakempanahalli Gate Bus Stand,4 KM,13.173609,77.525515,0,0,0.0,0.0
Bengaluru Dist,Rajanukunte PS,1.04421e+16,2019,1,2,Road Accidents,Circle,City/Town,Open area,Human Error,No,Damage Only,Vehicle to Vehicle,Uncontrolled,Straight and flat,State Highway,Bitumen(Tar),Dry,No influence on accident,Clear,"D B Pura - Bengaluru Road, Near Dominos Pizza Singanayakanahalli Village",Dominos Pizza,3 KM,13.151838,77.5688489,0,0,0.0,0.0
Bengaluru Dist,Rajanukunte PS,1.04421e+16,2019,1,2,Road Accidents,Circle,City/Town,Open area,Human Error,Yes,Simple Injury,Vehicle to Vehicle,Uncontrolled,Straight and flat,State Highway,Bitumen(Tar),Dry,No influence on accident,Clear,SH,Near RTO Cross,4 KM,13.14244,77.569348,0,0,0.0,0.0
Bengaluru Dist,Rajanukunte PS,1.04421e+16,2019,1,2,Road Accidents,Narrow road,City/Town,Open area,Human Error,No,Grievous Injury,Vehicle to Vehicle,Uncontrolled,Curve,Others,Bitumen(Tar),Dry,No influence on accident,Clear,Byatha Kakolu Road Near Kakolu Lake,Byatha Kakolu Road Near Kakolu Lake,7,13.174972,77.566327,0,0,0.0,0.0
Bengaluru Dist,Rajanukunte PS,1.04421e+16,2019,1,2,Road Accidents,Narrow road,City/Town,Open area,Human Error,No,Simple Injury,Vehicle to Vehicle,Uncontrolled,Curve,Others,Bitumen(Tar),Dry,No influence on accident,Clear,"Rajanakunte - Addiganahalli Village, Road",30 eanch,1 KM,13.173496,77.568721,0,0,0.0,0.0
Bengaluru Dist,Rajanukunte PS,1.04421e+16,2019,1,2,Road Accidents,Curves,City/Town,Open area,Human Error,No,Grievous Injury,Vehicle to Vehicle,Uncontrolled,Straight and flat,State Highway,Bitumen(Tar),Dry,No influence on accident,Clear,Doddaballapura Bangalore Main Road Rajanakunte Bridge,Doddaballapura Bangalore Main Road Rajanakunte Bridge,100 Me,13.174717,77.564763,0,0,0.0,0.0
Bengaluru Dist,Rajanukunte PS,1.04421e+16,2019,1,1,Road Accidents,Narrow road,City/Town,Open area,Human Error,No,Simple Injury,Hit pedestrian,Uncontrolled,Straight and flat,Others,Bitumen(Tar),Dry,No influence on accident,Clear,Other road,Seenappa Bar,1 km,13.172506,77.5621879,0,0,0.0,0.0
Bengaluru Dist,Rajanukunte PS,1.04421e+16,2019,1,2,Road Accidents,Circle,City/Town,Open area,Human Error,No,Fatal,Vehicle to Vehicle,Uncontrolled,Straight and flat,State Highway,Bitumen(Tar),Dry,No influence on accident,Clear,SH,Near Suradenupura Gate,5 KM,13.204633,77.558474,0,0,0.0,0.0
Bengaluru Dist,Rajanukunte PS,1.04421e+16,2019,1,1,Road Accidents,Narrow road,City/Town,Open area,Human Error,No,Fatal,Hit pedestrian,Uncontrolled,Straight and flat,State Highway,Bitumen(Tar),Dry,No influence on accident,Clear,SH,Ananda Petrol Bunk Near,1 KM,13.164016,77.56592,0,0,0.0,0.0
Bengaluru Dist,Rajanukunte PS,1.04421e+16,2019,1,1,Road Accidents,Narrow road,City/Town,Near Bus stop,Human Error,No,Grievous Injury,Hit pedestrian,Uncontrolled,Straight and flat,One way,Bitumen(Tar),Dry,No influence on accident,Clear,"Dibbur Colony - Dibbur Village, Road",30 eanch,5 KM,13.153834,77.545094,0,0,0.0,0.0
Bengaluru Dist,Rajanukunte PS,1.04421e+16,2019,1,1,Road Accidents,Circle,City/Town,Near Bus stop,Human Error,Yes,Fatal,Hit pedestrian,Uncontrolled,Straight and flat,State Highway,Bitumen(Tar),Dry,No influence on accident,Clear,SH,Rajanakunte Bus Stand,500Mtr,13.171273,77.564576,0,0,0.0,0.0
Bengaluru Dist,Rajanukunte PS,1.04421e+16,2019,1,2,Road Accidents,Narrow road,City/Town,Open area,Human Error,No,Grievous Injury,Vehicle to Vehicle,Uncontrolled,Straight and flat,Others,Bitumen(Tar),Dry,No influence on accident,Clear,Rajanakunte Kakolu Road Rajanakunte Seenappa House,Seenappa House,1 KM,13.171846,77.559145,0,0,0.0,0.0
Bengaluru Dist,Rajanukunte PS,1.04421e+16,2019,1,2,Road Accidents,Not Applicable,City/Town,Open area,Human Error,No,Fatal,Vehicle to Vehicle,Uncontrolled,Straight and flat,State Highway,Bitumen(Tar),Dry,No influence on accident,Clear,SH,Infront of Vishwakarma Printers,4 KM,13.204597,77.559361,0,0,0.0,0.0
Bengaluru Dist,Rajanukunte PS,1.04421e+16,2019,1,2,Road Accidents,Narrow road,City/Town,Open area,Human Error,No,Grievous Injury,Vehicle to Vehicle,Uncontrolled,Straight and flat,Others,Bitumen(Tar),Dry,No influence on accident,Clear,Dibburu Rajanakunte Road Ishwarya Layout Rajanakunte,Dibburu Rajanakunte Road Ishwarya Layout Rajanakunte,1 KM,13.171906,77.534053,0,0,0.0,0.0
Bengaluru Dist,Rajanukunte PS,1.04421e+16,2019,1,1,Road Accidents,Circle,City/Town,Residential area,Human Error,No,Fatal,Hit pedestrian,Uncontrolled,Straight and flat,State Highway,Bitumen(Tar),Dry,No influence on accident,Clear,Giddareddy Building,Giddareddy Building Kakolu Rajanakunte Road,1/2 KM,13.172617,77.562089,0,0,0.0,0.0
Bengaluru Dist,Rajanukunte PS,1.04421e+16,2019,1,2,Road Accidents,Circle,City/Town,Near Petrol Pump,Human Error,No,Grievous Injury,Vehicle to Vehicle,Uncontrolled,Straight and flat,State Highway,Bitumen(Tar),Dry,No influence on accident,Clear,"Near Petrol Pump, Avalahalli",Near Mutattharaya Temple,6 KM,13.135355,77.569284,0,0,0.0,0.0
Bengaluru Dist,Rajanukunte PS,1.04421e+16,2019,1,2,Road Accidents,Circle,City/Town,Near Petrol Pump,Not Applicable,No,Grievous Injury,Vehicle to Vehicle,No signal lights,Others,State Highway,Bitumen(Tar),Dry,Not Applicable,Clear,Near Rajanakunte H P Petrol Bunk,Near Rajanakunte Petrol Bunk,1 KM,13.163997,77.566329,0,0,0.0,0.0
Bengaluru Dist,Rajanukunte PS,1.04421e+16,2019,1,2,Road Accidents,Circle,City/Town,Open area,Human Error,No,Damage Only,Vehicle to Vehicle,Uncontrolled,Straight and flat,State Highway,Bitumen(Tar),Dry,No influence on accident,Clear,DB Pura Bangalore Road Aradeshanahalli Gate,Aradeshanahalli Gate,8 KM,13.216552,77.55311,0,0,0.0,0.0
Bengaluru Dist,Rajanukunte PS,1.04421e+16,2019,1,1,Road Accidents,Offset,City/Town,Open area,Human Error,No,Grievous Injury,Not Applicable,Uncontrolled,Straight and flat,State Highway,Bitumen(Tar),Dry,No influence on accident,Clear,SH,Near Toll,5,13.209715,77.556218,0,0,0.0,0.0
Bengaluru Dist,Rajanukunte PS,1.04421e+16,2019,1,1,Road Accidents,Circle,City/Town,Near Bus stop,Human Error,Yes,Fatal,Hit pedestrian,Controlled,Straight and flat,State Highway,Bitumen(Tar),Dry,No influence on accident,Clear,SH,Suryodhaya Scholl Near,1/2 KM,13.164166,77.5659079,0,0,0.0,0.0
Bengaluru Dist,Rajanukunte PS,1.04421e+16,2019,1,1,Road Accidents,Not Applicable,City/Town,Open area,Human Error,No,Fatal,Not Applicable,Uncontrolled,Straight and flat,State Highway,Bitumen(Tar),Dry,No influence on accident,Clear,SH,Prestige Royal Garden,5,13.140061,77.569182,0,0,0.0,0.0
Bengaluru Dist,Rajanukunte PS,1.04421e+16,2019,1,2,Road Accidents,Circle,City/Town,Open area,Human Error,Yes,Fatal,Vehicle to Vehicle,Uncontrolled,Straight and flat,State Highway,Bitumen(Tar),Dry,No influence on accident,Fine,Sriramanahalli  Gate,Sriramanahalli  Gate,1,13.195449,77.562533,0,0,0.0,0.0
Bengaluru Dist,Rajanukunte PS,1.04421e+16,2020,1,2,Road Accidents,Cross roads,Rural Areas,Open area,Human Error,Not Applicable,Fatal,Vehicle to Vehicle,Uncontrolled,Others,State Highway,Bitumen(Tar),Dry,Not Applicable,Fine,Bengaluru Doddaballapura,Suradenapura Gate,4 KM,13.189417,77.518214,0,0,0.0,0.0
Bengaluru Dist,Rajanukunte PS,1.04421e+16,2020,1,2,Road Accidents,Not Applicable,City/Town,Open area,Human Error,No,Grievous Injury,Vehicle to Vehicle,Uncontrolled,Curve,Others,Bitumen(Tar),Dry,No influence on accident,Clear,Other Road,Just Cricket Ground Infront of,1 KM,13.175318,77.551678,0,0,0.0,0.0
Bengaluru Dist,Rajanukunte PS,1.04421e+16,2020,1,1,Road Accidents,Circle,Rural Areas,Near Bus stop,Human Error,No,Grievous Injury,Hit pedestrian,Controlled,Curve,State Highway,Bitumen(Tar),Dry,No influence on accident,Fine,"Near Bus Stand Rajanakunte, Siri Kake pyales Bekari",Near Bus Stand,500 M,13.171778,77.5646239,0,0,0.0,0.0
Bengaluru Dist,Rajanukunte PS,1.04421e+16,2020,1,2,Road Accidents,Not Applicable,City/Town,Open area,Vehicle Defect,Yes,Damage Only,Vehicle to Vehicle,Uncontrolled,Straight and flat,Others,Bitumen(Tar),Dry,Not Applicable,Clear,SH,Near Rajanukunte Bridge,2,13.17449,77.5643609,0,0,0.0,0.0
Bengaluru Dist,Rajanukunte PS,1.04421e+16,2020,1,1,Road Accidents,Narrow road,Rural Areas,At pedestrian Crossing,Human Error,No,Fatal,Hit pedestrian,Uncontrolled,Straight and flat,Others,Bitumen(Tar),Dry,Not Applicable,Clear,Addiganahalli Sadenahalli Road,Bangalururu,2 KM,13.174572,77.569595,0,0,0.0,0.0
Bengaluru Dist,Rajanukunte PS,1.04421e+16,2020,1,2,Road Accidents,Cross roads,Rural Areas,Near or inside a village,Human Error,No,Grievous Injury,Vehicle to Vehicle,Controlled,Others,State Highway,Bitumen(Tar),Dry,Not Applicable,Clear,Doddaballapura Bangaluru Main Road,U Turn,8 KM,13.228717,77.549694,0,0,0.0,0.0
Bengaluru Dist,Rajanukunte PS,1.04421e+16,2020,1,1,Road Accidents,Curves,Rural Areas,Open area,Human Error,Not Applicable,Fatal,Not Applicable,Uncontrolled,Curve,Major District Road,Bitumen(Tar),Dry,Not Applicable,Clear,madhure Rajanukunte Road,Near KMF,9 kms,13.17915,77.564473,0,0,0.0,0.0
Bengaluru Dist,Rajanukunte PS,1.04421e+16,2020,1,2,Road Accidents,Cross roads,Rural Areas,Near Bus stop,Human Error,No,Grievous Injury,Vehicle to Vehicle,Controlled,Hump,State Highway,Bitumen(Tar),Dry,Not Applicable,Fine,Near Suradenapura Gate,Near Suradenapura Gate,3 KM,13.204025,77.558945,0,0,0.0,0.0
Bengaluru Dist,Rajanukunte PS,1.04421e+16,2020,1,2,Road Accidents,Curves,Rural Areas,Near Petrol Pump,Vehicle Defect,No,Damage Only,Vehicle to Vehicle,Controlled,Curve,State Highway,Bitumen(Tar),Dry,No influence on accident,Fine,Near Anand Petrol Bunk U Turn,Near Ananda Petro Pump,1 KM,13.135276,77.4846969,0,0,0.0,0.0
Bengaluru Dist,Rajanukunte PS,1.04421e+16,2020,1,1,Road Accidents,Circle,City/Town,Near Bus stop,Human Error,No,Grievous Injury,Hit pedestrian,Controlled,Straight and flat,State Highway,Bitumen(Tar),Dry,No influence on accident,Fine,SH,Rajanakunte Bus Stand,1/2 KM,13.172208,77.564234,0,0,0.0,0.0
Bengaluru Dist,Rajanukunte PS,1.04421e+16,2020,1,2,Road Accidents,Cross roads,City/Town,Open area,Human Error,Not Applicable,Grievous Injury,Vehicle to Vehicle,Uncontrolled,Straight and flat,Others,Bitumen(Tar),Dry,No influence on accident,Clear,Other Road,Kanaka Bhavana Near Kamakshipura,8,13.197769,77.48839,0,0,0.0,0.0
Bengaluru Dist,Rajanukunte PS,1.04421e+16,2020,1,1,Road Accidents,Circle,Rural Areas,Near Bus stop,Human Error,No,Grievous Injury,Hit pedestrian,Controlled,Curve,State Highway,Bitumen(Tar),Dry,Not Applicable,Fine,"Bengaluru - Doddaballapura Main Road, Near Poornima Hotel",Rajanakunte Bus Stand,250 M,13.173354,77.564562,0,0,0.0,0.0
Bengaluru Dist,Rajanukunte PS,1.04421e+16,2020,1,1,Road Accidents,Not Applicable,City/Town,Near Bus stop,Human Error,No,Grievous Injury,Hit pedestrian,Uncontrolled,Straight and flat,State Highway,Bitumen(Tar),Dry,No influence on accident,Clear,Infront of VBN Studio,Infront of VBN Studio Rajanakunte,1/2 KM,13.136506,77.4841189,0,0,0.0,0.0
Bengaluru Dist,Rajanukunte PS,1.04421e+16,2020,1,1,Road Accidents,Not Applicable,City/Town,Open area,Human Error,No,Grievous Injury,Hit pedestrian,Uncontrolled,Straight and flat,Others,Bitumen(Tar),Others,No influence on accident,Clear,Other Road,Haniyuru,7 KM,13.213281,77.514607,0,1,0.0,1.0
Bengaluru Dist,Rajanukunte PS,1.04421e+16,2020,1,2,Road Accidents,Not Applicable,City/Town,Open area,Human Error,No,Damage Only,Vehicle to Vehicle,Uncontrolled,Straight and flat,State Highway,Bitumen(Tar),Dry,No influence on accident,Clear,SH,Repose Wood Furniture,2 KM,13.159466,77.566592,0,0,0.0,0.0
Bengaluru Dist,Rajanukunte PS,1.04421e+16,2020,1,1,Road Accidents,Narrow road,Rural Areas,Residential area,Human Error,No,Simple Injury,Hit pedestrian,No signal lights,Incline,State Highway,Bitumen(Tar),Dry,No influence on accident,Fine,Near KMF Factory,Near Rigle Factory,1/2 KM,13.137417,77.48086,0,0,0.0,0.0
Bengaluru Dist,Rajanukunte PS,1.04421e+16,2020,1,1,Road Accidents,Not Applicable,City/Town,Open area,Human Error,No,Grievous Injury,Hit pedestrian,Uncontrolled,Straight and flat,State Highway,Bitumen(Tar),Others,No influence on accident,Fine,SH,Singanayakanahalli RTO Cross Near,5,13.172516,77.5713479,0,1,0.0,1.0
Bengaluru Dist,Rajanukunte PS,1.04421e+16,2020,1,2,Road Accidents,Circle,City/Town,Open area,Human Error,No,Grievous Injury,Vehicle to Vehicle,Uncontrolled,Straight and flat,State Highway,Bitumen(Tar),Others,No influence on accident,Fine,SH,Infront of RLG Nursary,2 KM,13.139916,77.527731,0,1,0.0,1.0
Bengaluru Dist,Rajanukunte PS,1.04421e+16,2020,1,1,Road Accidents,Cross roads,Rural Areas,Near Bus stop,Human Error,No,Fatal,Hit pedestrian,Not at  Junction,Others,State Highway,Bitumen(Tar),Dry,No influence on accident,Fine,DBpura to Bangalore Road,Sri Manjunatha Bakery front,500 m,13.173232,77.564452,0,0,0.0,0.0
Bengaluru Dist,Rajanukunte PS,1.04421e+16,2020,1,2,Road Accidents,Narrow road,Rural Areas,Open area,Human Error,No,Simple Injury,Vehicle to Vehicle,Controlled,Others,Sub Arterial,Bitumen(Tar),Dry,Pot holed,Fine,Singanayakanahalli - Nagadasanahalli Village,Neat Land Singanayakanahalli Nagadasanahalli Road,7 KM,13.192113,77.519565,5,0,0.0,5.0
Bengaluru Dist,Rajanukunte PS,1.04421e+16,2020,1,1,Road Accidents,Narrow road,Rural Areas,Near Petrol Pump,Human Error,No,Grievous Injury,Hit bicyclist,Uncontrolled,Curve,State Highway,Bitumen(Tar),Dry,Not Applicable,Fine,"Bengaluru - Doddaballapura Main Road, Near Honnenahalli",Near Petro Bank,2,13.15799,77.567356,0,0,0.0,0.0
Bengaluru Dist,Rajanukunte PS,1.04421e+16,2020,1,2,Road Accidents,Narrow road,City/Town,Residential area,Human Error,No,Fatal,Not Applicable,Not at  Junction,Others,State Highway,Bitumen(Tar),Dry,No influence on accident,Others,Doddaballapura-Bangalore,Canera Bank Front,1 KM,13.169065,77.564709,0,0,0.0,0.0
Bengaluru Dist,Rajanukunte PS,1.04421e+16,2020,1,2,Road Accidents,Narrow road,Rural Areas,Open area,Human Error,No,Grievous Injury,Vehicle to Vehicle,Controlled,Straight and flat,Others,Bitumen(Tar),Dry,Not Applicable,Others,Seethakempanahalli Main Road,Near Hanumegowda Land,6 KM,13.170965,77.5214669,0,0,0.0,0.0
Bengaluru Dist,Rajanukunte PS,1.04421e+16,2020,1,2,Road Accidents,Circle,Rural Areas,Near a recreation place/cinema,Human Error,Yes,Grievous Injury,Vehicle to Vehicle,Controlled,Curve,Others,Bitumen(Tar),Dry,Engineering Defect of Road,Fine,"Near Mutturayaswamy Temple, Hesaragatta Road - Byatha Near",Near Mutturayaswamy Temple,8 KM,13.172342,77.571094,4,0,0.0,4.0
Bengaluru Dist,Rajanukunte PS,1.04421e+16,2020,1,1,Road Accidents,Narrow road,Rural Areas,Open area,Not Applicable,No,Fatal,Not Applicable,Not Applicable,Not Applicable,Others,Bitumen(Tar),Dry,Not Applicable,Fine,Adde-Adde vishwanathapur road,Near Srinidhi Shelter Lay uot,3 km,13.18446,77.540839,0,0,0.0,0.0
Bengaluru Dist,Rajanukunte PS,1.04421e+16,2020,1,2,Road Accidents,Circle,City/Town,Open area,Human Error,Yes,Grievous Injury,Vehicle to Vehicle,Uncontrolled,Straight and flat,State Highway,Bitumen(Tar),Dry,No influence on accident,Fine,SH,Near U Turn Aradeshahalli Gate,4,13.21665,77.552919,0,0,0.0,0.0
Bengaluru Dist,Rajanukunte PS,1.04421e+16,2020,1,1,Road Accidents,Road hump or Rumble strips,Rural Areas,Open area,Human Error,No,Fatal,Not Applicable,Not at  Junction,Hump,Others,Bitumen(Tar),Dry,No influence on accident,Fine,Kakolu-Rajanukunte main Road,Oppisite RK Hospital,1 Km,13.149203,77.55423,0,0,0.0,0.0
Bengaluru Dist,Rajanukunte PS,1.04421e+16,2020,1,2,Road Accidents,Not Applicable,City/Town,Open area,Human Error,No,Simple Injury,Vehicle to Vehicle,Uncontrolled,Straight and flat,State Highway,Bitumen(Tar),Dry,No influence on accident,Clear,SH,Near RTO Cross,3 KM,13.139044,77.565368,0,0,0.0,0.0