DISTRICTNAME,UNITNAME,Crime_No,Year,RI,Noofvehicle_involved,Accident_Classification,Accident_Spot,Accident_Location,Accident_SubLocation,Main_Cause,Hit_Run,Severity,Collision_Type,Junction_Control,Road_Character,Road_Type,Surface_Type,Surface_Condition,Road_Condition,Weather,Accident_Road,Landmark_first,Distance_LandMark_First,Latitude,Longitude,Road_Condition_Score,Surface_Condition_Score,Surface_Type_Score,Road_Risk_Index
Bengaluru Dist,Rajanukunte PS,1.04421e+16,2020,1,2,Road Accidents,Not Applicable,City/Town,Open area,Human Error,Yes,Grievous Injury,Vehicle to Vehicle,Uncontrolled,Straight and flat,Others,Bitumen(Tar),Dry,No influence on accident,Clear,Other Road,Rachana Wines Near,1/2 KM,13.172396,77.562579,0,0,0.0,0.0
Bengaluru Dist,Rajanukunte PS,1.04421e+16,2020,1,2,Road Accidents,Not Applicable,City/Town,Open area,Human Error,No,Grievous Injury,Vehicle to Vehicle,Uncontrolled,Straight and flat,State Highway,Bitumen(Tar),Dry,No influence on accident,Fine,SH,Near Big Market,5 KM,13.147157,77.56999,0,0,0.0,0.0
Bengaluru Dist,Rajanukunte PS,1.04421e+16,2020,1,2,Road Accidents,Curves,City/Town,Residential area,Human Error,No,Fatal,Vehicle to Vehicle,Not at  Junction,Curve,State Highway,Bitumen(Tar),Dry,No influence on accident,Fine,Bangalore-Doddaballapur Road,Near Pravident wel varth city out gate,5 KM,13.2288,77.549748,0,0,0.0,0.0
Bengaluru Dist,Rajanukunte PS,1.04421e+16,2020,1,2,Road Accidents,Circle,Rural Areas,Open area,Human Error,No,Simple Injury,Vehicle to Vehicle,Uncontrolled,Not Applicable,State Highway,Bitumen(Tar),Dry,No influence on accident,Fine,Near Singanayakanahalli Circle,Singanayakanahalli Circle,5 km,13.147768,77.569618,0,0,0.0,0.0
Bengaluru Dist,Rajanukunte PS,1.04421e+16,2020,1,1,Road Accidents,Narrow road,Rural Areas,Open area,Human Error,No,Fatal,Not Applicable,Not at  Junction,Others,Others,Bitumen(Tar),Others,No influence on accident,Fine,Mylappanahalli-Rajanukunte Road,Muniyappa Land Near,9 KM,13.138578,77.537006,0,1,0.0,1.0
Bengaluru Dist,Rajanukunte PS,1.04421e+16,2020,1,2,Road Accidents,Narrow road,Rural Areas,Near Bus stop,Human Error,No,Grievous Injury,Vehicle to Vehicle,No signal lights,Curve,State Highway,Bitumen(Tar),Dry,Construction Work / Material,Fine,Near Aradeshahalli Gate,Near Aradeshahalli Gate,3 KM,13.174175,77.5648659,2,0,0.0,2.0
Bengaluru Dist,Rajanukunte PS,1.04421e+16,2020,1,1,Road Accidents,Not Applicable,City/Town,Open area,Human Error,No,Damage Only,Not Applicable,Uncontrolled,Straight and flat,State Highway,Bitumen(Tar),Dry,No influence on accident,Fine,SH,Infront of KMF Rajanakunte,1/2 KM,13.179319,77.564331,0,0,0.0,0.0
Bengaluru Dist,Rajanukunte PS,1.04421e+16,2020,1,1,Road Accidents,Narrow road,Rural Areas,Open area,Human Error,No,Fatal,Hit pedestrian,Not at  Junction,Others,State Highway,Bitumen(Tar),Dry,No influence on accident,Fine,DBpura-Bangalore Road,Bus Stop Near,2 KM,13.195382,77.562985,0,0,0.0,0.0
Bengaluru Dist,Rajanukunte PS,1.04421e+16,2020,1,1,Road Accidents,Narrow road,Rural Areas,Residential area,Human Error,No,Grievous Injury,Hit pedestrian,Controlled,Others,Others,Bitumen(Tar),Dry,Not Applicable,Fine,"Infriont of Complanant House, Nagadasanahalli Village",Nagadasanahalli Village,5 KM,13.142105,77.5703099,0,0,0.0,0.0
Bengaluru Dist,Rajanukunte PS,1.04421e+16,2020,1,2,Road Accidents,Cross roads,Rural Areas,Near office complex,Vehicle Defect,Not Applicable,Damage Only,Vehicle to Vehicle,Controlled,Curve,Others,Bitumen(Tar),Dry,Engineering Defect of Road,Clear,"Near RTO Cross, D B Pura - Singanayakanahalli Road",3 KM,5 KM,13.175615,77.563004,4,0,0.0,4.0
Bengaluru Dist,Rajanukunte PS,1.04421e+16,2020,1,1,Road Accidents,Narrow road,City/Town,Open area,Human Error,No,Fatal,Hit pedestrian,Not at  Junction,Others,State Highway,Bitumen(Tar),Dry,No influence on accident,Fine,Bangalore-DBpura Road,Avalahalli Bharath Petrol Bank Near,4 Km,13.135904,77.480689,0,0,0.0,0.0
Bengaluru Dist,Rajanukunte PS,1.04421e+16,2020,1,2,Road Accidents,Circle,City/Town,Near a religious place,Human Error,No,Grievous Injury,Vehicle to Vehicle,Uncontrolled,Straight and flat,State Highway,Bitumen(Tar),Dry,No influence on accident,Clear,SH,Avalahalli Sri Saibaba Tempke Near,5KM,13.134757,77.570015,0,0,0.0,0.0
Bengaluru Dist,Rajanukunte PS,1.04421e+16,2020,1,2,Road Accidents,Junction,Rural Areas,Near Bus stop,Human Error,No,Grievous Injury,Vehicle to Vehicle,Controlled,Curve,State Highway,Bitumen(Tar),Dry,Not Applicable,Clear,"D B Pura - Bangaluru Road, Avalahalli Near",Avalahalli Village Near,5 KM,13.139291,77.569222,0,0,0.0,0.0
Bengaluru Dist,Rajanukunte PS,1.04421e+16,2020,1,1,Road Accidents,Narrow road,Rural Areas,Open area,Human Error,No,Fatal,Not Applicable,Not at  Junction,Others,State Highway,Bitumen(Tar),Wet,No influence on accident,Light Rain,Bangalore-Doddaballapur Road,Dharmasingh Land near,1 KM,13.187938,77.563624,0,3,0.0,3.0
Bengaluru Dist,Rajanukunte PS,1.04421e+16,2020,1,1,Road Accidents,Narrow road,City/Town,Open area,Human Error,No,Fatal,Not Applicable,Not at  Junction,Others,State Highway,Bitumen(Tar),Dry,No influence on accident,Fine,Bangalore-Doddaballapura,Near Momoos Hotel,5 KM,13.227903,77.549703,0,0,0.0,0.0
Bengaluru Dist,Rajanukunte PS,1.04421e+16,2020,1,1,Road Accidents,Narrow road,Rural Areas,Near or inside a village,Not Applicable,No,Grievous Injury,Hit pedestrian,Controlled,Straight and flat,One way,Bitumen(Tar),Dry,Not Applicable,Fine,"Near Chikkegowda, Sonnenahalli - Chinnasandra Road",Near Chikkegowda Land,8 KM,13.149527,77.555593,0,0,0.0,0.0
Bengaluru Dist,Rajanukunte PS,1.04421e+16,2020,1,2,Road Accidents,Not Applicable,City/Town,Near Petrol Pump,Human Error,No,Grievous Injury,Vehicle to Vehicle,Uncontrolled,Straight and flat,State Highway,Bitumen(Tar),Dry,No influence on accident,Clear,SH,Infront Of Sri Sai Sharadha Petrol Bunk Honnenahalli,2 KM,13.136641,77.486543,0,0,0.0,0.0
Bengaluru Dist,Rajanukunte PS,1.04421e+16,2020,1,2,Road Accidents,Circle,City/Town,Open area,Human Error,No,Damage Only,Vehicle to Vehicle,Uncontrolled,Straight and flat,State Highway,Bitumen(Tar),Dry,No influence on accident,Clear,SH,Singanayakanahalli RTO Cross Near,4,13.14844,77.563135,0,0,0.0,0.0
Bengaluru Dist,Rajanukunte PS,1.04421e+16,2020,1,1,Road Accidents,Narrow road,City/Town,Open area,Human Error,No,Fatal,Hit pedestrian,Not at  Junction,Straight and flat,State Highway,Bitumen(Tar),Dry,No influence on accident,Fine,Bangalore-Doddaballapur Road,Ananda Steel shop near,4 KM,13.147603,77.5695869,0,0,0.0,0.0
Bengaluru Dist,Rajanukunte PS,1.04421e+16,2020,1,1,Road Accidents,Circle,Rural Areas,Residential area,Human Error,No,Grievous Injury,Hit pedestrian,Controlled,Curve,Others,Bitumen(Tar),Dry,Not Applicable,Fine,"Near S M Rajanna House, Shivakote - Bengaluru Road",Shivakote Village,8 KM,13.133956,77.514977,0,0,0.0,0.0
Bengaluru Dist,Rajanukunte PS,1.04421e+16,2020,1,2,Road Accidents,Circle,City/Town,Open area,Human Error,No,Grievous Injury,Vehicle to Vehicle,Uncontrolled,Straight and flat,State Highway,Bitumen(Tar),Dry,No influence on accident,Fine,SH-,Infront of Indian Over Seas Bank,4 KM,13.134088,77.479324,0,0,0.0,0.0
Bengaluru Dist,Rajanukunte PS,1.04421e+16,2020,1,1,Road Accidents,Narrow road,City/Town,Near Bus stop,Human Error,No,Fatal,Hit pedestrian,Not at  Junction,Curve,State Highway,Bitumen(Tar),Dry,No influence on accident,Fine,Bangalore-Doddaballapur Road,Near Sirikeck palece bekry near,500 m,13.171505,77.564588,0,0,0.0,0.0
Bengaluru Dist,Rajanukunte PS,1.04421e+16,2020,1,2,Road Accidents,Not Applicable,City/Town,Open area,Human Error,No,Simple Injury,Vehicle to Vehicle,Uncontrolled,Straight and flat,State Highway,Bitumen(Tar),Dry,Not Applicable,Fine,SH,Sriramanahalli Gate,1 KM,13.124448,77.491218,0,0,0.0,0.0
Bengaluru Dist,Rajanukunte PS,1.04421e+16,2020,1,2,Road Accidents,Circle,City/Town,Open area,Human Error,Yes,Grievous Injury,Vehicle to Vehicle,Uncontrolled,Straight and flat,State Highway,Bitumen(Tar),Dry,No influence on accident,Fine,SH,RTO Cross Near,4 KM,13.147475,77.564587,0,0,0.0,0.0
Bengaluru Dist,Rajanukunte PS,1.04421e+16,2020,1,2,Road Accidents,Not Applicable,City/Town,Open area,Human Error,No,Grievous Injury,Vehicle to Vehicle,Uncontrolled,Others,State Highway,Bitumen(Tar),Dry,No influence on accident,Others,shriramanahalli gate,sramanahalli gate,2,13.194592,77.56301,0,0,0.0,0.0
Bengaluru Dist,Rajanukunte PS,1.04421e+16,2020,1,2,Road Accidents,Cross roads,City/Town,Open area,Human Error,No,Damage Only,Vehicle to Vehicle,Uncontrolled,Straight and flat,State Highway,Bitumen(Tar),Dry,Not Applicable,Clear,SH,Marasandra U Turn,5,13.228963,77.549957,0,0,0.0,0.0
Bengaluru Dist,Rajanukunte PS,1.04421e+16,2021,1,1,Road Accidents,Narrow road,City/Town,Open area,Human Error,No,Fatal,Hit pedestrian,Not at  Junction,Others,Others,Bitumen(Tar),Others,Construction Work / Material,Fine,Bangalore-Doddaballapur Road to Hosahudya Road,Near PKB School,5 KM,13.134434,77.47947,2,1,0.0,3.0
Bengaluru Dist,Rajanukunte PS,1.04421e+16,2021,1,1,Not Applicable,Not Applicable,Rural Areas,Open area,Human Error,Yes,Grievous Injury,Not Applicable,Not Applicable,Others,State Highway,Not Applicable,Dry,Not Applicable,Very Hot,InfrontOf Annapoorna Hotel,InfrontOf Annapoorna Hotel,1/2 KM,13.170513,77.5649229,0,0,0.0,0.0
Bengaluru Dist,Rajanukunte PS,1.04421e+16,2021,1,2,Road Accidents,Not Applicable,Rural Areas,Open area,Vehicle Defect,Not Applicable,Grievous Injury,Vehicle to Vehicle,Not Applicable,Incline,State Highway,Bitumen(Tar),Dry,Not Applicable,Others,Bangaluru Doddaballapur Road,Infront Of Silver Oak Rasort,1 KM,13.183599,77.563873,0,0,0.0,0.0
Bengaluru Dist,Rajanukunte PS,1.04421e+16,2021,1,2,Road Accidents,Circle,Rural Areas,Open area,Human Error,Yes,Simple Injury,Vehicle to Vehicle,Controlled,Others,State Highway,Bitumen(Tar),Dry,Not Applicable,Others,Bangalur-Doddaballapura Main Road,PWC Apartment U Turn,8 kM,13.130126,77.482304,0,0,0.0,0.0
Bengaluru Dist,Rajanukunte PS,1.04421e+16,2021,1,2,Road Accidents,Curves,Rural Areas,Near Petrol Pump,Vehicle Defect,No,Damage Only,Vehicle to Vehicle,Not Applicable,Curve,State Highway,Bitumen(Tar),Dry,Not Applicable,Clear,Doddaballapur Bangaluru Road,Indian Petrol Bunk,2 Km,0.0,0.0,0,0,0.0,0.0
Bengaluru Dist,Rajanukunte PS,1.04421e+16,2021,1,2,Road Accidents,Junction,Rural Areas,Residential area,Human Error,No,Grievous Injury,Vehicle to Vehicle,Give way sign,Straight and flat,State Highway,Bitumen(Tar),Dry,Not Applicable,Fine,Infront of  Silver Oak,Near Silver Oak Resart,1 KM,13.149093,77.550405,0,0,0.0,0.0
Bengaluru Dist,Rajanukunte PS,1.04421e+16,2021,1,2,Road Accidents,Circle,City/Town,Near Petrol Pump,Not Applicable,No,Fatal,Vehicle to Vehicle,Uncontrolled,Others,State Highway,Bitumen(Tar),Others,No influence on accident,Others,Bangalore-Doddaballapura,Rajanukunte,1.6,13.174482,77.549278,0,1,0.0,1.0
Bengaluru Dist,Rajanukunte PS,1.04421e+16,2021,1,2,Road Accidents,Not Applicable,City/Town,Open area,Human Error,No,Grievous Injury,Vehicle to Vehicle,Uncontrolled,Straight and flat,State Highway,Bitumen(Tar),Dry,No influence on accident,Fine,SH,Infront Of Idian Petol Bunk,4 KM,13.157409,77.567514,0,0,0.0,0.0
Bengaluru Dist,Rajanukunte PS,1.04421e+16,2021,1,1,Road Accidents,Narrow road,City/Town,Near office complex,Human Error,No,Fatal,Not Applicable,Not at  Junction,Others,State Highway,Bitumen(Tar),Dry,No influence on accident,Others,Bangalore-Doddaballapura,Rajanukunte Police Station,1.6,13.175969,77.563111,0,0,0.0,0.0
Bengaluru Dist,Rajanukunte PS,1.04421e+16,2021,1,2,Road Accidents,Narrow road,Rural Areas,Open area,Human Error,Yes,Fatal,Vehicle to Vehicle,Not at  Junction,Straight and flat,State Highway,Bitumen(Tar),Dry,No influence on accident,Others,Doddaballapura-Bangalore Road,Near Kadathanamale Toll,2 KM,13.13218,77.482129,0,0,0.0,0.0
Bengaluru Dist,Rajanukunte PS,1.04421e+16,2021,1,2,Road Accidents,Curves,Rural Areas,Open area,Human Error,Yes,Grievous Injury,Vehicle to Vehicle,Controlled,Others,State Highway,Bitumen(Tar),Dry,Not Applicable,Clear,Doddaballapura Benagaluru Road,Infront Of Rajanukunte Police Station,500 M,13.175111,77.567362,0,0,0.0,0.0
Bengaluru Dist,Rajanukunte PS,1.04421e+16,2021,1,1,Road Accidents,Not Applicable,City/Town,At pedestrian Crossing,Not Applicable,No,Grievous Injury,Hit pedestrian,Not Applicable,Not Applicable,State Highway,Bitumen(Tar),Dry,Not Applicable,Clear,State Highway,Near Udupi Park,30 Fee,13.173769,77.547384,0,0,0.0,0.0
Bengaluru Dist,Rajanukunte PS,1.04421e+16,2021,1,2,Road Accidents,Cross roads,Rural Areas,Open area,Human Error,No,Damage Only,Vehicle to Vehicle,Not Applicable,Others,Others,Not Applicable,Dry,Not Applicable,Very Hot,Rajanukunte Kakolu Road Near Krishnappa Land,Near Krishnappa Land,2,13.134358,77.478678,0,0,0.0,0.0
Bengaluru Dist,Rajanukunte PS,1.04421e+16,2021,1,1,Road Accidents,Not Applicable,Rural Areas,Near Hospital,Human Error,Yes,Grievous Injury,Hit pedestrian,Not Applicable,Others,State Highway,Bitumen(Tar),Dry,Not Applicable,Clear,Opposite Of Chiguru Hospital Doddaballapur Bangaluru Main Road,Chiguru Hospital,500 m,13.172921,77.56488,0,0,0.0,0.0
Bengaluru Dist,Rajanukunte PS,1.04421e+16,2021,1,1,Road Accidents,Circle,Rural Areas,At pedestrian Crossing,Human Error,No,Grievous Injury,Hit pedestrian,Controlled,Others,State Highway,Bitumen(Tar),Dry,Not Applicable,Clear,Bangaluru Doddaballapura Main Road Avalahalli Village,Indian Petrol Bunk,3 km,13.13557,77.56887,0,0,0.0,0.0
Bengaluru Dist,Rajanukunte PS,1.04421e+16,2021,1,1,Road Accidents,Curves,Rural Areas,Near a religious place,Not Applicable,No,Grievous Injury,Hit bicyclist,Not Applicable,Others,Others,Bitumen(Tar),Others,Not Applicable,Clear,Arakere Rajanukunte  Road,Venugopal Temple,50 f,13.172891,77.576132,0,1,0.0,1.0
Bengaluru Dist,Rajanukunte PS,1.04421e+16,2021,1,2,Road Accidents,Cross roads,Rural Areas,Near Bus stop,Human Error,No,Grievous Injury,Vehicle to Vehicle,Controlled,Curve,State Highway,Bitumen(Tar),Dry,Not Applicable,Others,Yalahanka-Doddaballapura Main Road,Sriramanahalli Gate,4 KM,13.195187,77.563142,0,0,0.0,0.0
Bengaluru Dist,Rajanukunte PS,1.04421e+16,2021,1,2,Road Accidents,Cross roads,Rural Areas,Near Petrol Pump,Human Error,No,Grievous Injury,Vehicle to Vehicle,Controlled,Others,State Highway,Bitumen(Tar),Dry,Not Applicable,Clear,Bangaluru Doddaballapur Main Road,Indian Petrol Bunk,3 KM,13.156351,77.566353,0,0,0.0,0.0
Bengaluru Dist,Rajanukunte PS,1.04421e+16,2021,1,2,Road Accidents,Narrow road,Rural Areas,Near Petrol Pump,Not Applicable,Yes,Grievous Injury,Vehicle to Vehicle,Controlled,Others,State Highway,Bitumen(Tar),Dry,Not Applicable,Fine,"Near Indian Petrol Bunk, Honnenahalli",Near Petro Bank,1 KM,13.158045,77.566733,0,0,0.0,0.0
Bengaluru Dist,Rajanukunte PS,1.04421e+16,2021,1,1,Road Accidents,Cross roads,Rural Areas,Near a religious place,Human Error,No,Grievous Injury,Hit pedestrian,Controlled,Curve,Others,Bitumen(Tar),Dry,Not Applicable,Fine,"Infront of Hostel, Mavallipura",Near Hostel Mavallipura,6 KM,13.13819,77.530425,0,0,0.0,0.0
Bengaluru Dist,Rajanukunte PS,1.04421e+16,2021,1,2,Road Accidents,Cross roads,Rural Areas,Near School or College,Human Error,Yes,Simple Injury,Vehicle to Vehicle,Controlled,Curve,State Highway,Bitumen(Tar),Dry,Not Applicable,Clear,Doddaballapura-Bangaluru Road,Vishwavidyapeeta,5 KM,13.149052,77.553239,0,0,0.0,0.0
Bengaluru Dist,Rajanukunte PS,1.04421e+16,2021,1,2,Road Accidents,Road hump or Rumble strips,Rural Areas,Near office complex,Human Error,Yes,Simple Injury,Vehicle to Vehicle,Uncontrolled,Others,Others,Bitumen(Tar),Dry,Pot holed,Fine,"Rajanakunte- Kakol Road, Near SBI Bank",Near SBI Bank,1 KM,13.213219,77.515731,5,0,0.0,5.0
Bengaluru Dist,Rajanukunte PS,1.04421e+16,2021,1,2,Road Accidents,Narrow road,City/Town,Near Petrol Pump,Human Error,No,Fatal,Vehicle to Vehicle,Not at  Junction,Straight and flat,State Highway,Bitumen(Tar),Dry,No influence on accident,Fine,Doddaballapura-Bangalore Road,Near Dominos Hotel,5 KM,13.152543,77.569089,0,0,0.0,0.0
Bengaluru Dist,Rajanukunte PS,1.04421e+16,2021,1,1,Road Accidents,Narrow road,City/Town,Near Petrol Pump,Not Applicable,Yes,Grievous Injury,Hit pedestrian,Not Applicable,Straight and flat,Two way,Bitumen(Tar),Dry,No influence on accident,Fine,Others Road,0,1,13.15761,77.566954,0,0,0.0,0.0
Bengaluru Dist,Rajanukunte PS,1.04421e+16,2021,1,1,Road Accidents,Cross roads,Rural Areas,Open area,Human Error,Yes,Simple Injury,Hit pedestrian,Controlled,Others,Others,Not Applicable,Others,Not Applicable,Others,Krishna Bekary Rajanakunte,Rajanakunte,500 mt,13.175383,77.563846,0,1,0.0,1.0
Bengaluru Dist,Rajanukunte PS,1.04421e+16,2021,1,1,Road Accidents,Not Applicable,City/Town,Open area,Human Error,Not Applicable,Grievous Injury,Hit pedestrian,Uncontrolled,Straight and flat,State Highway,Bitumen(Tar),Dry,No influence on accident,Fine,SH,Infront of Royal Mart,1 KM,13.200387,77.5399509,0,0,0.0,0.0
Bengaluru Dist,Rajanukunte PS,1.04421e+16,2021,1,1,Road Accidents,Junction,Rural Areas,Open area,Human Error,No,Fatal,Hit pedestrian,Uncontrolled,Straight and flat,Others,Bitumen(Tar),Others,Not Applicable,Others,Byatha Village-Dairy road,Near Dairy,1.6,13.174245,77.549634,0,1,0.0,1.0
Bengaluru Dist,Rajanukunte PS,1.04421e+16,2021,1,1,Road Accidents,Cross roads,Rural Areas,Open area,Human Error,No,Damage Only,Not Applicable,Not Applicable,Others,Others,Not Applicable,Not Applicable,Not Applicable,Fine,Near Ittagalpura Cross Rajanukunte Road  Hesaraghatta Hobli Yelahanka Taluk,Near Ittagalpura Chandrashekar Foram House,2 KM,13.170146,77.550336,0,0,0.0,0.0
Bengaluru Dist,Rajanukunte PS,1.04421e+16,2021,1,2,Road Accidents,Circle,Rural Areas,Near Bus stop,Human Error,No,Grievous Injury,Vehicle to Vehicle,Not Applicable,Others,State Highway,Bitumen(Tar),Dry,Not Applicable,Others,Bangaluru Doddaballapur Road,Suradhenupur Gate,8 Km,13.204433,77.559454,0,0,0.0,0.0
Bengaluru Dist,Rajanukunte PS,1.04421e+16,2021,1,2,Road Accidents,Not Applicable,Rural Areas,Near or inside a village,Vehicle Defect,Yes,Simple Injury,Vehicle to Vehicle,Police / Manual,Others,Not Applicable,Bitumen(Tar),Dry,Not Applicable,Fine,Byrapur Haniyuru Road,Ramakrishnapps Farm,10,13.215231,77.517412,0,0,0.0,0.0
Bengaluru Dist,Rajanukunte PS,1.04421e+16,2021,1,2,Not Applicable,Not Applicable,Rural Areas,Open area,Human Error,No,Grievous Injury,Not Applicable,Not Applicable,Not Applicable,Not Applicable,Not Applicable,Dry,Not Applicable,Others,Kumar Granets Factory,Kumar Granets Factory,5 KM,13.194796,77.554902,0,0,0.0,0.0
Bengaluru Dist,Rajanukunte PS,1.04421e+16,2021,1,1,Road Accidents,Narrow road,Rural Areas,Near a factory industrial area,Human Error,No,Grievous Injury,Hit bicyclist,Uncontrolled,Hump,State Highway,Bitumen(Tar),Dry,Not Applicable,Fine,Infront of  Rigle Factory,Rajanakunte Infront of Rigle Factory,1/2 KM,13.179417,77.5643,0,0,0.0,0.0
Bengaluru Dist,Rajanukunte PS,1.04421e+16,2021,1,1,Road Accidents,Narrow road,Rural Areas,Near School or College,Human Error,No,Fatal,Not Applicable,Not at  Junction,Straight and flat,Others,Bitumen(Tar),Dry,No influence on accident,Fine,Kakolu-Rajanukunte Road,Near suresh land,5 KM,13.172149,77.536461,0,0,0.0,0.0
Bengaluru Dist,Rajanukunte PS,1.04421e+16,2021,1,2,Road Accidents,Cross roads,Rural Areas,Open area,Human Error,No,Grievous Injury,Vehicle to Vehicle,Not Applicable,Others,Others,Bitumen(Tar),Dry,Not Applicable,Clear,Mylappanahalli Mavallipur Road Near Shanimahatma Tample,Near Shanimahathma Tample,8 KM,13.136591,77.480491,0,0,0.0,0.0
Bengaluru Dist,Rajanukunte PS,1.04421e+16,2021,1,2,Road Accidents,Not Applicable,Rural Areas,Near or inside a village,Road Environment Defect,No,Grievous Injury,Vehicle to Vehicle,Controlled,Others,Others,Not Applicable,Muddy,Not Applicable,Heavy Rain,Yadiyurapppa Nagara Nera Powar Greed,Yadiyurapppa Nagara Nera Powar Greed,4Km,13.150768,77.556551,0,4,0.0,4.0
Bengaluru Dist,Rajanukunte PS,1.04421e+16,2021,1,2,Not Applicable,Cross roads,Rural Areas,Near a factory industrial area,Human Error,Yes,Grievous Injury,Vehicle to Vehicle,Give way sign,Others,Two way,Surfaced,Others,Not Applicable,Others,Infront Of KMF Rajanukunte DBPura Main Road,kmf factory,500 mt,13.174134,77.5526789,0,1,,
Bengaluru Dist,Rajanukunte PS,1.04421e+16,2021,1,1,Road Accidents,Cross roads,Rural Areas,Near Bus stop,Human Error,No,Grievous Injury,Not Applicable,Stop Sign,Hump,State Highway,Bitumen(Tar),Dry,Not Applicable,Clear,Near Aradeshanahalli Gate,Near Aradeshanahalli Gate,4 KM,13.215993,77.552956,0,0,0.0,0.0
Bengaluru Dist,Rajanukunte PS,1.04421e+16,2021,1,2,Road Accidents,Not Applicable,Rural Areas,Open area,Human Error,No,Grievous Injury,Vehicle to Vehicle,Not Applicable,Others,One way,Not Applicable,Dry,Not Applicable,Others,Near Raksha Hospital Rajanukunte Village,Near Raksha Hospital Rajanukunte Village,1,13.171573,77.558743,0,0,0.0,0.0
Bengaluru Dist,Rajanukunte PS,1.04421e+16,2021,1,1,Road Accidents,Not Applicable,Rural Areas,Open area,Human Error,No,Damage Only,Not Applicable,Not at  Junction,Not Applicable,Not Applicable,Not Applicable,Dry,Not Applicable,Others,Doddaballapura Bangalore Main Road Marasandra Village Hesaraghatta Hobli,Sun Rice Gym,5 KM,13.22655,77.549268,0,0,0.0,0.0
Bengaluru Dist,Rajanukunte PS,1.04421e+16,2021,1,1,Road Accidents,Narrow road,Rural Areas,Near Hospital,Human Error,No,Grievous Injury,Hit pedestrian,Signals (Not working),Others,Two way,Bitumen(Tar),Dry,Not Applicable,Fine,"Rajanakunte- Kakol Road, Near Raksh Hospital",Near Raksha Hospital,1/2 KM,13.172051,77.558951,0,0,0.0,0.0
Bengaluru Dist,Rajanukunte PS,1.04421e+16,2021,1,2,Road Accidents,Curves,City/Town,Near office complex,Human Error,No,Fatal,Vehicle to Vehicle,Not at  Junction,Curve,State Highway,Bitumen(Tar),Dry,No influence on accident,Fine,Doddaballapura-Bangalore,Near Poornima Hotel,300 M,13.172653,77.564284,0,0,0.0,0.0
Bengaluru Dist,Rajanukunte PS,1.04421e+16,2021,1,2,Road Accidents,Not Applicable,City/Town,Open area,Human Error,Yes,Simple Injury,Vehicle to Vehicle,Not Applicable,Others,State Highway,Bitumen(Tar),Dry,Not Applicable,Fine,Doddaballapura-Bangalore State Highway,0,0,13.174949,77.5638739,0,0,0.0,0.0
Bengaluru Dist,Rajanukunte PS,1.04421e+16,2021,1,1,Road Accidents,Cross roads,Rural Areas,Open area,Human Error,Yes,Fatal,Hit pedestrian,Uncontrolled,Straight and flat,State Highway,Bitumen(Tar),Dry,Not Applicable,Clear,Bangalur Doddaballapura Main Road,Doddaballapura bangalore road,5 kms,0.0,0.0,0,0,0.0,0.0
Bengaluru Dist,Rajanukunte PS,1.04421e+16,2021,1,2,Road Accidents,Not Applicable,Rural Areas,Open area,Human Error,No,Simple Injury,Vehicle to Vehicle,Not Applicable,Not Applicable,NH,Not Applicable,Dry,Not Applicable,Very Hot,Doddaballapur Bangaluru Road,Suradhenupur Gate,3 KM,0.0,0.0,0,0,0.0,0.0
Bengaluru Dist,Rajanukunte PS,1.04421e+16,2021,1,2,Road Accidents,Narrow road,Rural Areas,Near a factory industrial area,Human Error,No,Grievous Injury,Vehicle to Vehicle,Controlled,Curve,Others,Bitumen(Tar),Dry,Not Applicable,Fine,Near V K Infrastructures Halow Bricks,Near Kakol Hollow Bricks Factory,3 KM,13.187658,77.514308,0,0,0.0,0.0
Bengaluru Dist,Rajanukunte PS,1.04421e+16,2021,1,2,Road Accidents,Curves,Rural Areas,Near Petrol Pump,Vehicle Defect,No,Grievous Injury,Vehicle to Vehicle,Controlled,Curve,State Highway,Bitumen(Tar),Dry,Not Applicable,Clear,Bangalore -Dbpura Main Road,Bangalore  Doddaballapur Main Road,2 KM,13.158072,77.567259,0,0,0.0,0.0
Bengaluru Dist,Rajanukunte PS,1.04421e+16,2021,1,1,Road Accidents,Circle,City/Town,At pedestrian Crossing,Human Error,Not Applicable,Fatal,Hit pedestrian,Give way sign,Straight and flat,State Highway,Bitumen(Tar),Dry,No influence on accident,Cloudy,Rajanukute,Rajanukunte,0.5 km,13.148874,77.550806,0,0,0.0,0.0
Bengaluru Dist,Rajanukunte PS,1.04421e+16,2021,1,2,Not Applicable,Not Applicable,Rural Areas,Open area,Human Error,No,Damage Only,Vehicle to Vehicle,Stop sign,Others,State Highway,Not Applicable,Dry,Not Applicable,Others,HP Petrol Bunk Honnenahalli Village Hesaraghatta Hobli,HP Petrol Bank,2 KM,13.164083,77.566104,0,0,0.0,0.0