DISTRICTNAME,UNITNAME,Crime_No,Year,RI,Noofvehicle_involved,Accident_Classification,Accident_Spot,Accident_Location,Accident_SubLocation,Main_Cause,Hit_Run,Severity,Collision_Type,Junction_Control,Road_Character,Road_Type,Surface_Type,Surface_Condition,Road_Condition,Weather,Accident_Road,Landmark_first,Distance_LandMark_First,Latitude,Longitude,Road_Condition_Score,Surface_Condition_Score,Surface_Type_Score,Road_Risk_Index
Bengaluru Dist,Sarjapura PS,1.04421e+16,2018,1,1,Not Applicable,Other,Rural Areas,Open area,Not Applicable,No,Simple Injury,Others,Not Applicable,Not Applicable,Others,Not Applicable,Not Applicable,Not Applicable,Others,"KADAAGRAHARA ROAD, KOMMASANDRA VILLAGE",5 KM,5 KM,0.0,0.0,0,0,0.0,0.0
Bengaluru Dist,Sarjapura PS,1.04421e+16,2018,1,1,Road Accidents,Other,Rural Areas,Open area,Not Applicable,No,Simple Injury,Others,Not Applicable,Others,Others,Not Applicable,Others,Not Applicable,Others,"BILLAPURA BUS STOP, BILLAPURA",4 KM,4 KM,0.0,0.0,0,1,0.0,1.0
Bengaluru Dist,Sarjapura PS,1.04421e+16,2018,1,1,Not Applicable,Other,Rural Areas,Open area,Not Applicable,Not Applicable,Grievous Injury,Others,Not at  Junction,Others,Others,Not Applicable,Others,Not Applicable,Others,"NEAR HEGGONDANA HALLI BUS STOP, DOMMASANDRA-VARTURU ROAD",7 KM,7 KM,0.0,0.0,0,1,0.0,1.0
Bengaluru Dist,Sarjapura PS,1.04421e+16,2018,1,1,Road Accidents,Other,Rural Areas,Open area,Human Error,Yes,Grievous Injury,Hit and Run,Uncontrolled,Others,Major District Road,Bitumen(Tar),Dry,Not Applicable,Others,bangalore Sarjapura road,Near tinkering Shop,50feet,0.0,0.0,0,0,0.0,0.0
Bengaluru Dist,Sarjapura PS,1.04421e+16,2018,1,1,Road Accidents,Other,Rural Areas,Open area,Not Applicable,Not Applicable,Grievous Injury,Others,Not Applicable,Others,Others,Not Applicable,Others,Not Applicable,Others,"NEAR ST PHILOMENA SCHOOL. BIKKANAHALLI ROAD, SARJAPURA HOBLI,",1 KM,1 KM,0.0,0.0,0,1,0.0,1.0
Bengaluru Dist,Sarjapura PS,1.04421e+16,2018,1,1,Road Accidents,Other,Rural Areas,Open area,Not Applicable,Not Applicable,Grievous Injury,Others,Not Applicable,Others,Others,Not Applicable,Others,Not Applicable,Others,"NEAR KAVERAMMA TEMPLE, DOMMASANDRA VILLAGE",4 KM,4 KM,0.0,0.0,0,1,0.0,1.0
Bengaluru Dist,Sarjapura PS,1.04421e+16,2018,1,2,Road Accidents,Other,Rural Areas,Residential area,Human Error,No,Damage Only,Others,Not Applicable,Not Applicable,Two way,Bitumen(Tar),Dry,Not Applicable,Fine,SARJAPURA ATTIBELE ROAD,ALTHINA APPARTMENT,5 MTRS,0.0,0.0,0,0,0.0,0.0
Bengaluru Dist,Sarjapura PS,1.04421e+16,2018,1,2,Road Accidents,Narrow road,Rural Areas,Near Hospital,Human Error,Not Applicable,Damage Only,Rear end,Uncontrolled,Straight and flat,Minor District Road,Bitumen(Tar),Dry,Not Applicable,Clear,chandapura Mutanallur cross main road,1,6,0.0,0.0,0,0,0.0,0.0
Bengaluru Dist,Sarjapura PS,1.04421e+16,2018,1,1,Road Accidents,Narrow road,Rural Areas,Near Bus stop,Human Error,Yes,Fatal,Hit and Run,Not Applicable,Not Applicable,Two way,Bitumen(Tar),Dry,Not Applicable,Not Applicable,BANGALORE-SARJAPURA ROAD,CHAMBENAHALLI GATE,4 KM,0.0,0.0,0,0,0.0,0.0
Bengaluru Dist,Sarjapura PS,1.04421e+16,2018,1,2,Road Accidents,Other,Rural Areas,Open area,Not Applicable,No,Grievous Injury,Others,Not Applicable,Others,Others,Not Applicable,Others,Not Applicable,Others,Chandapura Mutthnalluru cross road,6 KM,6 KM,0.0,0.0,0,1,0.0,1.0
Bengaluru Dist,Sarjapura PS,1.04421e+16,2018,1,2,Road Accidents,Other,Rural Areas,Near Bus stop,Vehicle Defect,Not Applicable,Grievous Injury,Others,Uncontrolled,Straight and flat,One way,Bitumen(Tar),Not Applicable,Not Applicable,Clear,tar,near bus stop,200mtr,0.0,0.0,0,0,0.0,0.0
Bengaluru Dist,Sarjapura PS,1.04421e+16,2018,1,2,Not Applicable,Other,Not Applicable,Open area,Not Applicable,Not Applicable,Damage Only,Others,Not Applicable,Others,Others,Not Applicable,Not Applicable,Not Applicable,Others,SARJAPURA-ATTIBELE ROAD,4 KM,4 KM,0.0,0.0,0,0,0.0,0.0
Bengaluru Dist,Sarjapura PS,1.04421e+16,2018,1,1,Road Accidents,Other,Villages settlement,Open area,Human Error,No,Fatal,Skidding or Self accident,Uncontrolled,Others,Village Road,Bitumen(Tar),Dry,Not Applicable,Cloudy,NERIGA VILLAGE,NEAR NERIGA VILLAGE LAKE,6 KM,0.0,0.0,0,0,0.0,0.0
Bengaluru Dist,Sarjapura PS,1.04421e+16,2018,1,2,Road Accidents,Narrow road,Rural Areas,Near or inside a village,Human Error,No,Fatal,Hit bicyclist,Uncontrolled,Others,Village Road,Bitumen(Tar),Dry,Not Applicable,Clear,VARTHURU-NEKKUNDI DOMMASANDRA ROAD,NEAR NEKKUNDI DOMMASANDRA LAKE,7 KM,0.0,0.0,0,0,0.0,0.0
Bengaluru Dist,Sarjapura PS,1.04421e+16,2018,1,1,Not Applicable,Not Applicable,Not Applicable,Open area,Not Applicable,No,Damage Only,Not Applicable,Not Applicable,Not Applicable,Not Applicable,Not Applicable,Not Applicable,Not Applicable,Not Applicable,Chikkathirupathi Sarjpuar road,1,01 km,0.0,0.0,0,0,0.0,0.0
Bengaluru Dist,Sarjapura PS,1.04421e+16,2018,1,2,Road Accidents,Cross roads,Rural Areas,Open area,Human Error,Yes,Grievous Injury,Vehicle to Vehicle,Controlled,Others,Others,Not Applicable,Dry,Not Applicable,Fine,"NEAR HYUNDI SHOW ROOM, SARJAPURA BANGALORE ROAD",1 KM,1 KM,0.0,0.0,0,0,0.0,0.0
Bengaluru Dist,Sarjapura PS,1.04421e+16,2018,1,1,Road Accidents,Other,Rural Areas,Open area,Not Applicable,No,Grievous Injury,Others,Not Applicable,Others,Others,Not Applicable,Others,Not Applicable,Others,Sarjapura attibele road Near sent philominas school,1 KM,1 KM,0.0,0.0,0,1,0.0,1.0
Bengaluru Dist,Sarjapura PS,1.04421e+16,2018,1,2,Road Accidents,Other,Rural Areas,Open area,Not Applicable,No,Grievous Injury,Others,Not Applicable,Others,Others,Not Applicable,Others,Not Applicable,Others,"NEAR DEANS SCHOOL, NERIGA VILLAGE",7 KM,7KM,0.0,0.0,0,1,0.0,1.0
Bengaluru Dist,Sarjapura PS,1.04421e+16,2018,1,2,Road Accidents,Curves,City/Town,Residential area,Human Error,No,Damage Only,Others,Not Applicable,Curve,Others,Bitumen(Tar),Dry,Not Applicable,Fine,SARJAPURA BANGALORE RAOD,NEAR CRISTAL APPORTMENT,10 MTR,0.0,0.0,0,0,0.0,0.0
Bengaluru Dist,Sarjapura PS,1.04421e+16,2018,1,2,Not Applicable,Other,Rural Areas,Open area,Not Applicable,Yes,Grievous Injury,Others,Not Applicable,Others,Others,Not Applicable,Others,Not Applicable,Others,NEAR GREENHOOD HIGH SCHOOL DOMMASANDRA,6 KM,6 KM,0.0,0.0,0,1,0.0,1.0
Bengaluru Dist,Sarjapura PS,1.04421e+16,2018,1,2,Road Accidents,Narrow road,Rural Areas,Open area,Human Error,No,Fatal,Hit bicyclist,Uncontrolled,Straight and flat,Two way,Bitumen(Tar),Dry,Not Applicable,Clear,CHANDAPURA-MUTTANALLURU ROAD,NEAR DOMMASANDRA,6 KM,0.0,0.0,0,0,0.0,0.0
Bengaluru Dist,Sarjapura PS,1.04421e+16,2019,1,2,Road Accidents,Junction,Rural Areas,Open area,Human Error,No,Damage Only,Vehicle to Vehicle,No signal lights,Straight and flat,Two way,Bitumen(Tar),Dry,No influence on accident,Fine,SARJAPURA TRAFFIC POST,1 KM,1 KM,12.860864,77.783306,0,0,0.0,0.0
Bengaluru Dist,Sarjapura PS,1.04421e+16,2019,1,2,Road Accidents,Cross roads,Rural Areas,Residential area,Not Applicable,No,Grievous Injury,Hit bicyclist,Not at  Junction,Straight and flat,Two way,Bitumen(Tar),Dry,No influence on accident,Fine,DOMMASANDRA - VARTURU ROAD,NEAR INVENCHER ACEDEMY,100 MT,12.89246,77.74817,0,0,0.0,0.0
Bengaluru Dist,Sarjapura PS,1.04421e+16,2019,1,1,Road Accidents,Cross roads,City/Town,Residential area,Human Error,Yes,Grievous Injury,Hit pedestrian,Not at  Junction,Straight and flat,State Highway,Bitumen(Tar),Dry,No influence on accident,Fine,DOMMASANDRA - VARTURU ROAD,NEAR DOMMASANDRA CIRCULE,50 MTR,12.883275,77.752698,0,0,0.0,0.0
Bengaluru Dist,Sarjapura PS,1.04421e+16,2019,1,2,Road Accidents,Cross roads,Rural Areas,Residential area,Human Error,Yes,Grievous Injury,Hit bicyclist,Not at  Junction,Straight and flat,Two way,Bitumen(Tar),Dry,No influence on accident,Fine,SARJAPURA-BANGALORE ROAD,NEAR TVS SHOW ROOM,10MTR,12.879539,77.761233,0,0,0.0,0.0
Bengaluru Dist,Sarjapura PS,1.04421e+16,2019,1,2,Road Accidents,Cross roads,Rural Areas,Open area,Human Error,No,Grievous Injury,Vehicle to Vehicle,Not at  Junction,Straight and flat,State Highway,Bitumen(Tar),Dry,No influence on accident,Fine,SARJAPURA-ATTIBELE ROAD,NEAR SLV CONCRITE,15 MTR,12.819574,77.785038,0,0,0.0,0.0
Bengaluru Dist,Sarjapura PS,1.04421e+16,2019,1,2,Road Accidents,Cross roads,Rural Areas,Residential area,Not Applicable,No,Grievous Injury,Hit bicyclist,Not at  Junction,Straight and flat,State Highway,Bitumen(Tar),Dry,No influence on accident,Fine,SARJAPURA BENGALORA RAOD,SILVER OAKES SCHOOL,1,12.886121,77.74414,0,0,0.0,0.0
Bengaluru Dist,Sarjapura PS,1.04421e+16,2019,1,2,Road Accidents,Cross roads,Rural Areas,Open area,Not Applicable,Yes,Simple Injury,Hit bicyclist,Not at  Junction,Straight and flat,Two way,Bitumen(Tar),Dry,No influence on accident,Fine,MUTHANALLURU CROSS,6 KM,6 KM,12.886937,77.739129,0,0,0.0,0.0
Bengaluru Dist,Sarjapura PS,1.04421e+16,2019,1,2,Road Accidents,Narrow road,Rural Areas,Near School or College,Human Error,Yes,Grievous Injury,Hit bicyclist,Not at  Junction,Straight and flat,Two way,Bitumen(Tar),Dry,No influence on accident,Others,DOMMASANDRA - VARTURU ROAD,NEAR GLOBAL INTERNATIOAL SCHOOL,20MTR,12.90292,77.748999,0,0,0.0,0.0
Bengaluru Dist,Sarjapura PS,1.04421e+16,2019,1,2,Road Accidents,Junction,Rural Areas,Residential area,Human Error,No,Grievous Injury,Vehicle to Vehicle,Uncontrolled,Straight and flat,Two way,Bitumen(Tar),Dry,No influence on accident,Fine,SARJAPURA-BANGALORE ROAD,NEAR BAJAJ SHOW ROOM,10 MTR,12.886625,77.742798,0,0,0.0,0.0
Bengaluru Dist,Sarjapura PS,1.04421e+16,2019,1,1,Road Accidents,Curves,Rural Areas,Near School or College,Human Error,No,Grievous Injury,Hit bicyclist,Not at  Junction,Curve,Two way,Bitumen(Tar),Dry,No influence on accident,Fine,DOMMASANDRA - VARTURU ROAD,NEAR TISB SCHOOL,10 MTR,12.891563,77.750175,0,0,0.0,0.0
Bengaluru Dist,Sarjapura PS,1.04421e+16,2019,1,2,Road Accidents,Cross roads,Rural Areas,Near Petrol Pump,Human Error,No,Simple Injury,Vehicle to Vehicle,Not at  Junction,Others,Minor District Road,Bitumen(Tar),Dry,No influence on accident,Fine,VARTHURU-DOMMASANDRA ROAD HEGONDANAHALLI VILLAGE,NEAR PETROL BUNK,100 MT,12.904214,77.746371,0,0,0.0,0.0
Bengaluru Dist,Sarjapura PS,1.04421e+16,2019,1,1,Road Accidents,Cross roads,Rural Areas,Residential area,Human Error,Yes,Grievous Injury,Hit pedestrian,Not at  Junction,Straight and flat,Others,Bitumen(Tar),Dry,No influence on accident,Fine,SARJAPURA-BANGALORE ROAD,NEAR KRISTAL APPARTMENT,20 MTR,12.862179,77.771627,0,0,0.0,0.0
Bengaluru Dist,Sarjapura PS,1.04421e+16,2019,1,2,Road Accidents,Cross roads,Rural Areas,Residential area,Human Error,Yes,Grievous Injury,Hit bicyclist,Not at  Junction,Straight and flat,Others,Bitumen(Tar),Dry,No influence on accident,Clear,"JANTHA COLONY, NEKKUNDI DOMMASANDRA",BUS STOP,15 MTR,12.88283,77.74832,0,0,0.0,0.0
Bengaluru Dist,Sarjapura PS,1.04421e+16,2019,1,1,Road Accidents,Junction,City/Town,Residential area,Human Error,Yes,Grievous Injury,Hit pedestrian,Uncontrolled,Straight and flat,Two way,Bitumen(Tar),Dry,No influence on accident,Clear,SARJAPURA-BANGALORE ROAD,NEAR TC HALLI GATE,10 MTR,12.880629,77.757782,0,0,0.0,0.0
Bengaluru Dist,Sarjapura PS,1.04421e+16,2019,1,2,Road Accidents,Curves,Rural Areas,Open area,Human Error,Yes,Fatal,Hit bicyclist,Uncontrolled,Curve,State Highway,Bitumen(Tar),Dry,Not Applicable,Clear,ATTIBELE-SARJAPURA ROAD,SARJAPURA MEDAHALLI ROAD,4 KM,12.828014,77.785168,0,0,0.0,0.0
Bengaluru Dist,Sarjapura PS,1.04421e+16,2019,1,3,Road Accidents,Junction,Rural Areas,Near School or College,Human Error,No,Simple Injury,Vehicle to Vehicle,Uncontrolled,Straight and flat,Two way,Bitumen(Tar),Dry,No influence on accident,Clear,Sarjapura attibele road,NearStPhilomenasSchool,100mtr,12.854485,77.782651,0,0,0.0,0.0
Bengaluru Dist,Sarjapura PS,1.04421e+16,2019,1,2,Road Accidents,Narrow road,Rural Areas,Near Petrol Pump,Human Error,Yes,Fatal,Hit bicyclist,Uncontrolled,Straight and flat,State Highway,Bitumen(Tar),Dry,Not Applicable,Clear,CHANDAPURA-MUTTANALLUR CROSS ROAD,NEAR INDIAN OIL PETROL BUNK FRONT OF ICORE,6 KM,12.88676,77.742088,0,0,0.0,0.0
Bengaluru Dist,Sarjapura PS,1.04421e+16,2019,1,1,Road Accidents,Circle,Rural Areas,Near Bus stop,Human Error,Yes,Grievous Injury,Hit pedestrian,Not at  Junction,Straight and flat,Two way,Bitumen(Tar),Dry,No influence on accident,Fine,Ittanguru viilage road,BUS STOP,10 MTR,12.874894,77.78636,0,0,0.0,0.0
Bengaluru Dist,Sarjapura PS,1.04421e+16,2019,1,2,Road Accidents,Junction,Rural Areas,Open area,Human Error,No,Simple Injury,Vehicle to Vehicle,Uncontrolled,Straight and flat,Two way,Bitumen(Tar),Dry,No influence on accident,Fine,SARJAPURA-ATTIBELE ROAD,NEAR ANJANEYA TEMPAL,10 MTR,12.853556,77.782361,0,0,0.0,0.0
Bengaluru Dist,Sarjapura PS,1.04421e+16,2019,1,1,Road Accidents,Cross roads,Rural Areas,Open area,Human Error,No,Grievous Injury,Hit pedestrian,Not at  Junction,Straight and flat,Two way,Bitumen(Tar),Dry,No influence on accident,Fine,NEAR M C HALLI VILLAGE,3 KM,3KM,12.886217,77.7431269,0,0,0.0,0.0
Bengaluru Dist,Sarjapura PS,1.04421e+16,2019,1,2,Road Accidents,Cross roads,Rural Areas,Open area,Not Applicable,No,Damage Only,Vehicle to Vehicle,Not at  Junction,Straight and flat,Two way,Bitumen(Tar),Dry,No influence on accident,Fine,CHANDAPURA-MUTHANALLURU CROSS ROAD,6 KM,6 KM,12.880043,77.7539709,0,0,0.0,0.0
Bengaluru Dist,Sarjapura PS,1.04421e+16,2019,1,2,Road Accidents,Narrow road,Rural Areas,Open area,Human Error,No,Fatal,Vehicle to Vehicle,Uncontrolled,Straight and flat,State Highway,Bitumen(Tar),Dry,Not Applicable,Clear,SARJAPURA-ATTIBELE ROAD,NEAR CONFIDENT APARTMENT,1 KM,12.857178,77.783085,0,0,0.0,0.0
Bengaluru Dist,Sarjapura PS,1.04421e+16,2019,1,2,Road Accidents,Junction,Rural Areas,Open area,Human Error,No,Damage Only,Vehicle to Vehicle,Uncontrolled,Straight and flat,Not Applicable,Bitumen(Tar),Dry,No influence on accident,Fine,CHAMBENAHALLI GATE,4 KM,4 KM,12.882376,77.753228,0,0,0.0,0.0
Bengaluru Dist,Sarjapura PS,1.04421e+16,2019,1,2,Road Accidents,Cross roads,City/Town,Residential area,Human Error,No,Damage Only,Vehicle to Vehicle,Not at  Junction,Straight and flat,Two way,Bitumen(Tar),Dry,No influence on accident,Fine,sarjapura-bangalore raod,near syndictate bank,15 mtr,12.857722,77.782882,0,0,0.0,0.0
Bengaluru Dist,Sarjapura PS,1.04421e+16,2019,1,2,Road Accidents,Circle,Rural Areas,Near or inside a village,Human Error,No,Grievous Injury,Vehicle to Vehicle,Not at  Junction,Straight and flat,Two way,Bitumen(Tar),Dry,No influence on accident,Clear,Bangalore Sarjapura main road,near Gas bunk,50 mts,12.886772,77.741797,0,0,0.0,0.0
Bengaluru Dist,Sarjapura PS,1.04421e+16,2019,1,1,Road Accidents,Cross roads,Rural Areas,Open area,Human Error,Yes,Grievous Injury,Hit pedestrian,Not at  Junction,Straight and flat,Two way,Bitumen(Tar),Dry,No influence on accident,Fine,DOMMASANDRA - VARTURU ROAD,NEAR BASAVESHWARA TEMPAL,10 MTR,12.901016,77.748053,0,0,0.0,0.0
Bengaluru Dist,Sarjapura PS,1.04421e+16,2019,1,1,Road Accidents,Junction,Rural Areas,Open area,Human Error,Yes,Grievous Injury,Hit pedestrian,Uncontrolled,Incline,Two way,Bitumen(Tar),Dry,No influence on accident,Fine,SARJAPURA-ATTIBELE ROAD,NEAR THYAVAKANAHALLI BUS STOP,10 MTR,12.819889,77.786501,0,0,0.0,0.0
Bengaluru Dist,Sarjapura PS,1.04421e+16,2019,1,2,Road Accidents,Cross roads,Rural Areas,Open area,Human Error,Yes,Grievous Injury,Hit bicyclist,Not at  Junction,Straight and flat,Two way,Bitumen(Tar),Dry,No influence on accident,Fine,"VARTHUR-JANTHAGONDANAHALLI ROAD, JANTHAGONDANAHALLI VILLAGE",6 KM,6 KM,12.881944,77.755404,0,0,0.0,0.0
Bengaluru Dist,Sarjapura PS,1.04421e+16,2019,1,1,Road Accidents,Circle,Rural Areas,Near Bus stop,Human Error,Yes,Grievous Injury,Hit pedestrian,Uncontrolled,Straight and flat,Two way,Bitumen(Tar),Dry,No influence on accident,Fine,SARJAPURA-BANGALORE ROAD,near udupi hotel,5 mtr,12.862701,77.772164,0,0,0.0,0.0
Bengaluru Dist,Sarjapura PS,1.04421e+16,2019,1,2,Road Accidents,Junction,City/Town,Residential area,Not Applicable,No,Damage Only,Vehicle to Vehicle,Uncontrolled,Straight and flat,State Highway,Bitumen(Tar),Dry,No influence on accident,Others,SARJAPURA-BANGALORE ROAD,NEAR HDFC BANK,20 MTR,12.88646,77.743235,0,0,0.0,0.0
Bengaluru Dist,Sarjapura PS,1.04421e+16,2019,1,2,Road Accidents,Cross roads,Rural Areas,Near School or College,Human Error,No,Grievous Injury,Hit bicyclist,Not Applicable,Not Applicable,Two way,Bitumen(Tar),Dry,No influence on accident,Fine,DOMMASANDRA - VARTURU ROAD,NEAR OKRIDGE SCHOOL,10 MTR,12.888354,77.749983,0,0,0.0,0.0
Bengaluru Dist,Sarjapura PS,1.04421e+16,2019,1,1,Road Accidents,Cross roads,Rural Areas,Open area,Human Error,No,Damage Only,Not Applicable,Uncontrolled,Curve and Incline,Two way,Bitumen(Tar),Dry,No influence on accident,Fine,KOOGURU ROAD  SARJAPUR HOBLI,NEAR KUTGANAHALLI GATE,20MTR,12.897239,77.790583,0,0,0.0,0.0
Bengaluru Dist,Sarjapura PS,1.04421e+16,2019,1,1,Road Accidents,Cross roads,Rural Areas,Open area,Human Error,No,Not Applicable,Vehicle to Vehicle,Not at  Junction,Straight and flat,Two way,Bitumen(Tar),Dry,No influence on accident,Fine,"Near Indian Oil Petrol Bunk, chandapura-dommasandra road",6 km,6 km,12.886614,77.741798,0,0,0.0,0.0
Bengaluru Dist,Sarjapura PS,1.04421e+16,2019,1,1,Road Accidents,Cross roads,Rural Areas,Open area,Human Error,No,Simple Injury,Hit pedestrian,Uncontrolled,Straight and flat,State Highway,Bitumen(Tar),Dry,No influence on accident,Cloudy,Bangalore sarjapura Main road,Near Yamaha Show room,50 Mts,12.879223,77.753517,0,0,0.0,0.0
Bengaluru Dist,Sarjapura PS,1.04421e+16,2019,1,1,Road Accidents,Junction,Rural Areas,Open area,Human Error,No,Grievous Injury,Hit pedestrian,Uncontrolled,Straight and flat,State Highway,Bitumen(Tar),Dry,No influence on accident,Fine,Bangalore Sarjapura main road,4KM towars west,50ft,12.87962,77.753559,0,0,0.0,0.0
Bengaluru Dist,Sarjapura PS,1.04421e+16,2019,1,2,Road Accidents,Cross roads,Rural Areas,Residential area,Human Error,Yes,Grievous Injury,Hit bicyclist,Not at  Junction,Straight and flat,Two way,Bitumen(Tar),Dry,No influence on accident,Fine,SARJAPURA-BANGALORE ROAD,NEAR LULU SILK,20 MTR,12.880754,77.759358,0,0,0.0,0.0
Bengaluru Dist,Sarjapura PS,1.04421e+16,2019,1,2,Road Accidents,Curves,Rural Areas,Open area,Human Error,No,Simple Injury,Vehicle to Vehicle,Uncontrolled,Sharp Curve,Residential Street,Bitumen(Tar),Dry,No influence on accident,Fine,MATTANAHALLI-PANDITANA AGRAHARA ROAD,NEAR BRIDGE,25 MTR,12.875881,77.827003,0,0,0.0,0.0
Bengaluru Dist,Sarjapura PS,1.04421e+16,2019,1,2,Road Accidents,Junction,Rural Areas,Open area,Not Applicable,No,Damage Only,Vehicle to Vehicle,Uncontrolled,Straight and flat,Two way,Bitumen(Tar),Dry,No influence on accident,Fine,"Near Indian Oil Petrol Bunk, Dommasandra village, muttanallur cross chandapura road",6 km,6 km,12.872578,77.7661629,0,0,0.0,0.0
Bengaluru Dist,Sarjapura PS,1.04421e+16,2019,1,2,Road Accidents,Other,Rural Areas,Residential area,Human Error,No,Grievous Injury,Head on,Not Applicable,Curve,Village Road,Bitumen(Tar),Dry,Not Applicable,Clear,village road,Near Milk dairy,50 ft,12.866025,77.765157,0,0,0.0,0.0
Bengaluru Dist,Sarjapura PS,1.04421e+16,2019,1,1,Road Accidents,Narrow road,Rural Areas,Near a religious place,Human Error,No,Fatal,Hit pedestrian,Uncontrolled,Straight and flat,State Highway,Bitumen(Tar),Dry,Not Applicable,Clear,SARJAPURA-BANGALORE ROAD,NEAR TC CHARCH,5 KM,12.881892,77.755759,0,0,0.0,0.0
Bengaluru Dist,Sarjapura PS,1.04421e+16,2019,1,2,Road Accidents,Cross roads,Rural Areas,Open area,Human Error,Yes,Grievous Injury,Hit bicyclist,Not at  Junction,Straight and flat,Two way,Bitumen(Tar),Dry,No influence on accident,Fine,YAMARE VILLAGE,3 KM,3KM,12.883324,77.757743,0,0,0.0,0.0
Bengaluru Dist,Sarjapura PS,1.04421e+16,2019,1,2,Road Accidents,Cross roads,Rural Areas,Open area,Human Error,No,Grievous Injury,Hit bicyclist,Not at  Junction,Straight and flat,Others,Bitumen(Tar),Dry,No influence on accident,Clear,"Near Green Wood High School, varturu-sarjapura main road",6 km,6km,12.941999,77.764337,0,0,0.0,0.0
Bengaluru Dist,Sarjapura PS,1.04421e+16,2019,1,1,Road Accidents,Narrow road,Rural Areas,Residential area,Human Error,Yes,Grievous Injury,Hit pedestrian,Uncontrolled,Straight and flat,Two way,Bitumen(Tar),Dry,No influence on accident,Fine,exidegate- Adigarakallahalli road,Near  Apartment,100mt,12.826057,77.803955,0,0,0.0,0.0
Bengaluru Dist,Sarjapura PS,1.04421e+16,2019,1,2,Road Accidents,Junction,Rural Areas,Open area,Human Error,Yes,Grievous Injury,Hit bicyclist,Uncontrolled,Straight and flat,Two way,Bitumen(Tar),Dry,No influence on accident,Others,CHANDAPURA-MUTHANALLURU CROSS ROAD,NEAR BUS STOP,50 MTR,12.873252,77.733961,0,0,0.0,0.0
Bengaluru Dist,Sarjapura PS,1.04421e+16,2019,1,1,Road Accidents,Cross roads,Rural Areas,Near School or College,Human Error,No,Grievous Injury,Hit pedestrian,Not at  Junction,Curve,NH,Bitumen(Tar),Dry,No influence on accident,Fine,Sarjapura chikkatirupati Road,100 mtrs From kembridge school,100mtr,12.892079,77.8185579,0,0,0.0,0.0
Bengaluru Dist,Sarjapura PS,1.04421e+16,2019,1,2,Road Accidents,Cross roads,Rural Areas,Near Petrol Pump,Human Error,No,Grievous Injury,Hit bicyclist,Not at  Junction,Straight and flat,Two way,Bitumen(Tar),Dry,No influence on accident,Fine,SARJAPURA-BANGALORE ROAD,NEAR INDIAN  PETORL BUNK,15 MTR,12.879626,77.753966,0,0,0.0,0.0
Bengaluru Dist,Sarjapura PS,1.04421e+16,2019,1,2,Road Accidents,Narrow road,Rural Areas,Open area,Human Error,No,Fatal,Hit bicyclist,Uncontrolled,Straight and flat,State Highway,Bitumen(Tar),Dry,Not Applicable,Clear,SARJAPURA-ATTIBELE ROAD,SARJAPURA ATTIBELE ROAD,4 KM,12.862806,77.807972,0,0,0.0,0.0
Bengaluru Dist,Sarjapura PS,1.04421e+16,2019,1,2,Road Accidents,Other,Rural Areas,Open area,Not Applicable,No,Damage Only,Others,Not Applicable,Others,Others,Not Applicable,Others,Not Applicable,Others,YAMARE VILLAGE,3 KM,3 KM,12.912578,77.777446,0,1,0.0,1.0
Bengaluru Dist,Sarjapura PS,1.04421e+16,2019,1,2,Road Accidents,Junction,Rural Areas,Residential area,Human Error,Yes,Grievous Injury,Vehicle to Vehicle,Uncontrolled,Straight and flat,Two way,Bitumen(Tar),Dry,No influence on accident,Fine,SARJAPURA-BANGALORE ROAD,NEAR TC HALLI CHURCH,20 MTR,12.884004,77.757939,0,0,0.0,0.0
Bengaluru Dist,Sarjapura PS,1.04421e+16,2019,1,2,Road Accidents,Cross roads,Rural Areas,Residential area,Human Error,No,Damage Only,Vehicle to Vehicle,Not at  Junction,Curve and Incline,Two way,Bitumen(Tar),Dry,No influence on accident,Fine,SARJAPURA- ATTIBELE ROAD,NEAR BUS STOP,10 MTR,12.828474,77.785275,0,0,0.0,0.0
Bengaluru Dist,Sarjapura PS,1.04421e+16,2019,1,1,Road Accidents,Cross roads,Rural Areas,Residential area,Human Error,Yes,Grievous Injury,Hit pedestrian,Not at  Junction,Straight and flat,State Highway,Bitumen(Tar),Dry,No influence on accident,Fine,SARJAPURA-ATTIBELE ROAD,NEAR BILLAPURA BUS STOP,20 MTR,12.835546,77.785464,0,0,0.0,0.0
Bengaluru Dist,Sarjapura PS,1.04421e+16,2019,1,1,Road Accidents,Cross roads,Rural Areas,Near School or College,Human Error,No,Grievous Injury,Hit pedestrian,Not at  Junction,Straight and flat,Two way,Bitumen(Tar),Dry,No influence on accident,Fine,DOMMASANDRA - VARTURU ROAD,NEAR OKRIDGE SCHOOL,50 MTR,12.887878,77.751433,0,0,0.0,0.0
Bengaluru Dist,Sarjapura PS,1.04421e+16,2019,1,1,Road Accidents,Cross roads,Rural Areas,Residential area,Human Error,No,Grievous Injury,Hit pedestrian,Not at  Junction,Straight and flat,Residential Street,Bitumen(Tar),Others,No influence on accident,Fine,SARJAPURA-BANGALORE ROAD,NEAR KHBR CHOWLTRY,20 MTR,12.86195,77.772055,0,1,0.0,1.0
Bengaluru Dist,Sarjapura PS,1.04421e+16,2019,1,2,Road Accidents,Junction,Rural Areas,Narrow bridge or culverts,Human Error,No,Simple Injury,Vehicle to Vehicle,Uncontrolled,Curve,Minor District Road,Bitumen(Tar),Wet,Not Applicable,Cloudy,Sarjapura attibele road,Near  Anjaneya temple,10Feet,12.853417,77.782441,0,3,0.0,3.0
Bengaluru Dist,Sarjapura PS,1.04421e+16,2019,1,2,Road Accidents,Cross roads,Rural Areas,Open area,Not Applicable,Yes,Grievous Injury,Hit bicyclist,Not at  Junction,Straight and flat,Two way,Bitumen(Tar),Dry,No influence on accident,Fine,"Near Govt School Attibele Road, Tyavakanahalli village sarjapura Hobli",4 km,4 km,12.828223,77.785192,0,0,0.0,0.0
Bengaluru Dist,Sarjapura PS,1.04421e+16,2019,1,2,Road Accidents,Narrow road,Villages settlement,Open area,Human Error,Yes,Fatal,Hit bicyclist,Uncontrolled,Straight and flat,Village Road,Bitumen(Tar),Dry,Not Applicable,Clear,NEAR KHADA AGRAHARA ROAD,NEAR KHADA AGRAHARA,3,12.880637,77.761928,0,0,0.0,0.0