DISTRICTNAME,UNITNAME,Crime_No,Year,RI,Noofvehicle_involved,Accident_Classification,Accident_Spot,Accident_Location,Accident_SubLocation,Main_Cause,Hit_Run,Severity,Collision_Type,Junction_Control,Road_Character,Road_Type,Surface_Type,Surface_Condition,Road_Condition,Weather,Accident_Road,Landmark_first,Distance_LandMark_First,Latitude,Longitude,Road_Condition_Score,Surface_Condition_Score,Surface_Type_Score,Road_Risk_Index
Bengaluru Dist,Sarjapura PS,1.04421e+16,2019,1,2,Road Accidents,Narrow road,Rural Areas,Open area,Human Error,Yes,Grievous Injury,Vehicle to Vehicle,Not at  Junction,Straight and flat,Others,Bitumen(Tar),Dry,No influence on accident,Fine,"NEAR NERIGA DINNE, NERIGA-CHAMBENAHALLI ROAD",4 KM,4 KM,12.911982,77.77741,0,0,0.0,0.0
Bengaluru Dist,Sarjapura PS,1.04421e+16,2019,1,1,Road Accidents,Cross roads,Rural Areas,Near School or College,Human Error,Yes,Grievous Injury,Hit pedestrian,Not at  Junction,Straight and flat,Two way,Bitumen(Tar),Dry,No influence on accident,Fine,SARJAPURA-ATTIBELE ROAD,NEAR CONFIDENT APPARTMENT,20 MTR,12.857297,77.782982,0,0,0.0,0.0
Bengaluru Dist,Sarjapura PS,1.04421e+16,2019,1,2,Road Accidents,Cross roads,Rural Areas,Residential area,Human Error,Yes,Grievous Injury,Vehicle to Vehicle,Not at  Junction,Straight and flat,Two way,Bitumen(Tar),Dry,No influence on accident,Fine,MUTHANALURU CROSS-CHANDAPURA ROAD,NEAR VIDYASREE HOTEL,5 MTR,12.883143,77.737662,0,0,0.0,0.0
Bengaluru Dist,Sarjapura PS,1.04421e+16,2019,1,2,Road Accidents,Not Applicable,Rural Areas,Near School or College,Human Error,Yes,Grievous Injury,Vehicle to Vehicle,Uncontrolled,Others,Two way,Bitumen(Tar),Dry,No influence on accident,Fine,MUTHANALLURU CROSS chandapura road,Near govt pu College,50 Mts,12.878388,77.736709,0,0,0.0,0.0
Bengaluru Dist,Sarjapura PS,1.04421e+16,2019,1,2,Road Accidents,Circle,Rural Areas,Near Bus stop,Human Error,No,Simple Injury,Vehicle to Vehicle,Uncontrolled,Curve,Residential Street,Bitumen(Tar),Dry,No influence on accident,Fine,SARJAPURA- BANGALORE ROAD,NEAR BUS STAND,20MTS,12.860961,77.783518,0,0,0.0,0.0
Bengaluru Dist,Sarjapura PS,1.04421e+16,2019,1,1,Road Accidents,Cross roads,Rural Areas,Near or inside a village,Human Error,No,Grievous Injury,Hit pedestrian,Not at  Junction,Straight and flat,Two way,Bitumen(Tar),Dry,No influence on accident,Cloudy,VArturu Jantagondanahali village road,front Of Narayana reddy land,20 mtr,12.92625,77.782104,0,0,0.0,0.0
Bengaluru Dist,Sarjapura PS,1.04421e+16,2019,1,2,Road Accidents,Junction,Rural Areas,Open area,Human Error,No,Grievous Injury,Vehicle to Vehicle,Uncontrolled,Straight and flat,Two way,Bitumen(Tar),Dry,No influence on accident,Fine,CHANDAPURA-MUTHANALLURU CROSS ROAD,NEAR BUS STOP,15 MTR,12.879437,77.753431,0,0,0.0,0.0
Bengaluru Dist,Sarjapura PS,1.04421e+16,2019,1,2,Road Accidents,Cross roads,Rural Areas,Open area,Human Error,Yes,Grievous Injury,Hit bicyclist,Not at  Junction,Straight and flat,Two way,Bitumen(Tar),Dry,No influence on accident,Fine,NEAR SOMPURA GATE,2 KM,2 KM,12.845772,77.74359,0,0,0.0,0.0
Bengaluru Dist,Sarjapura PS,1.04421e+16,2019,1,1,Road Accidents,Junction,Rural Areas,Open area,Human Error,Yes,Grievous Injury,Hit pedestrian,Uncontrolled,Straight and flat,Two way,Bitumen(Tar),Dry,No influence on accident,Fine,EXID GATE BILLAPURA ATTIBELE ROAD,4KM,4KM,12.834474,77.786724,0,0,0.0,0.0
Bengaluru Dist,Sarjapura PS,1.04421e+16,2019,1,1,Road Accidents,Circle,City/Town,Residential area,Human Error,No,Grievous Injury,Hit pedestrian,Not at  Junction,Straight and flat,Residential Street,Bitumen(Tar),Dry,No influence on accident,Fine,sarjapura- chikkathirupati road,near pooja bar,10 mtr,12.860178,77.791164,0,0,0.0,0.0
Bengaluru Dist,Sarjapura PS,1.04421e+16,2019,1,1,Road Accidents,Junction,Rural Areas,Open area,Human Error,Yes,Simple Injury,Hit pedestrian,Uncontrolled,Straight and flat,Two way,Bitumen(Tar),Dry,No influence on accident,Fine,Fron of indian oil petrol bunk,1 km,100mt,12.860772,77.779935,0,0,0.0,0.0
Bengaluru Dist,Sarjapura PS,1.04421e+16,2019,1,2,Road Accidents,Cross roads,Rural Areas,Residential area,Human Error,Yes,Simple Injury,Vehicle to Vehicle,Not at  Junction,Straight and flat,Two way,Bitumen(Tar),Dry,No influence on accident,Fine,SARJAPURA-BANGALORE ROAD,NEAR HUNDI SHOW ROOM,10 MTR,12.86127,77.77606,0,0,0.0,0.0
Bengaluru Dist,Sarjapura PS,1.04421e+16,2019,1,1,Road Accidents,Narrow road,Rural Areas,Near Bus stop,Human Error,Yes,Fatal,Hit pedestrian,Uncontrolled,Straight and flat,State Highway,Bitumen(Tar),Dry,Not Applicable,Clear,SARJAPURA-BANGALORE ROAD,SOMPURA GATE,2 KM,12.862241,77.772185,0,0,0.0,0.0
Bengaluru Dist,Sarjapura PS,1.04421e+16,2019,1,2,Road Accidents,Cross roads,Rural Areas,Residential area,Human Error,No,Grievous Injury,Vehicle to Vehicle,Not at  Junction,Straight and flat,Two way,Bitumen(Tar),Dry,No influence on accident,Fine,DOMMASANDRA - VARTURU ROAD,NEARTISB SCHOOL,20 MTR,12.891312,77.7500639,0,0,0.0,0.0
Bengaluru Dist,Sarjapura PS,1.04421e+16,2019,1,1,Road Accidents,Cross roads,Rural Areas,Residential area,Human Error,No,Grievous Injury,Hit pedestrian,Uncontrolled,Curve,Two way,Bitumen(Tar),Dry,No influence on accident,Fine,SARJAPURA-BANGALORE ROAD,NEAR KING STORE,10MTR,12.866848,77.77465,0,0,0.0,0.0
Bengaluru Dist,Sarjapura PS,1.04421e+16,2019,1,2,Road Accidents,Curves,Rural Areas,Open area,Human Error,No,Grievous Injury,Vehicle to Vehicle,Not at  Junction,Curve,NH,Bitumen(Tar),Dry,No influence on accident,Clear,chikkatirupti Sarjapura road,Near Kaveramma temple,25 ft,12.868996,77.801764,0,0,0.0,0.0
Bengaluru Dist,Sarjapura PS,1.04421e+16,2019,1,2,Road Accidents,Narrow road,Rural Areas,Open area,Human Error,No,Fatal,Vehicle to Vehicle,Uncontrolled,Others,NH,Bitumen(Tar),Dry,Not Applicable,Clear,CHIKKATHIRUPATI-SARJAPURA ROAD,NEAR MAHALCHOWDADENAHALLI VILLAGE,4 KM,12.872162,77.807035,0,0,0.0,0.0
Bengaluru Dist,Sarjapura PS,1.04421e+16,2019,1,2,Road Accidents,Narrow road,Rural Areas,Near Bus stop,Human Error,Yes,Fatal,Vehicle to Vehicle,Uncontrolled,Straight and flat,Others,Bitumen(Tar),Dry,Not Applicable,Clear,"NERIGA-GUNJUR ROAD,NEAR THIPPASANDRA GATE,SARJAPURA HOBLI,ANEKAL TALUK.",NEAR GUNJUR GATE,7 KM,12.918237,77.754609,0,0,0.0,0.0
Bengaluru Dist,Sarjapura PS,1.04421e+16,2019,1,2,Road Accidents,Cross roads,Rural Areas,Open area,Human Error,Yes,Grievous Injury,Hit bicyclist,Not at  Junction,Curve,NH,Bitumen(Tar),Dry,No influence on accident,Fine,sarjapura- chikkathirupati road,NEAR BUS STOP,10 MTR,12.872131,77.807332,0,0,0.0,0.0
Bengaluru Dist,Sarjapura PS,1.04421e+16,2019,1,1,Road Accidents,Circle,Rural Areas,Open area,Human Error,No,Damage Only,Not Applicable,Uncontrolled,Curve,Two way,Bitumen(Tar),Dry,No influence on accident,Clear,VArturu  madappanahalli road,1,1,12.917998,77.796368,0,0,0.0,0.0
Bengaluru Dist,Sarjapura PS,1.04421e+16,2020,1,2,Road Accidents,Junction,Rural Areas,Residential area,Human Error,No,Grievous Injury,Vehicle to Vehicle,Uncontrolled,Straight and flat,Two way,Bitumen(Tar),Dry,No influence on accident,Fine,SARJAPURA-BANGALORE ROAD,NEAR HP PETROL BUNK,5 MTR,12.881652,77.748584,0,0,0.0,0.0
Bengaluru Dist,Sarjapura PS,1.04421e+16,2020,1,2,Road Accidents,Cross roads,Rural Areas,Near Petrol Pump,Human Error,Yes,Grievous Injury,Vehicle to Vehicle,Uncontrolled,Straight and flat,Two way,Bitumen(Tar),Dry,No influence on accident,Fine,DOMMASANDRA - VARTURU ROAD,NEAR  PETROL BUNK,10 MTR,12.905437,77.745949,0,0,0.0,0.0
Bengaluru Dist,Sarjapura PS,1.04421e+16,2020,1,1,Road Accidents,Cross roads,Rural Areas,Open area,Human Error,No,Grievous Injury,Vehicle to Vehicle,Uncontrolled,Straight and flat,Two way,Bitumen(Tar),Dry,No influence on accident,Fine,SARJAPURA-ATTIBELE ROAD,NEAR BUS STOP,5 MTR,12.82883,77.7853379,0,0,0.0,0.0
Bengaluru Dist,Sarjapura PS,1.04421e+16,2020,1,2,Road Accidents,Curves,Rural Areas,Near or inside a village,Human Error,Yes,Grievous Injury,Vehicle to Vehicle,Controlled,Others,Others,Bitumen(Tar),Dry,No influence on accident,Fine,Bangalore sarjapura Main road YAMRE VILLAGE,NEAR MARUTHI SHOROOM,100M,12.880575,77.763279,0,0,0.0,0.0
Bengaluru Dist,Sarjapura PS,1.04421e+16,2020,1,1,Road Accidents,Narrow road,Rural Areas,Near Bus stop,Human Error,No,Fatal,Not Applicable,Uncontrolled,Straight and flat,State Highway,Bitumen(Tar),Dry,Not Applicable,Clear,"TC HALLI GATE, SARJAPURA ROAD",OPP RASAGANGA HOTEL,4 KM,12.890654,77.7607399,0,0,0.0,0.0
Bengaluru Dist,Sarjapura PS,1.04421e+16,2020,1,2,Road Accidents,Cross roads,Rural Areas,Residential area,Human Error,Yes,Grievous Injury,Vehicle to Vehicle,Uncontrolled,Curve,Two way,Bitumen(Tar),Dry,No influence on accident,Fine,SARJAPURA-BANGALORE ROAD,NEAR NERIGA GRAMA PANCHAYATH,10 MTR,12.862319,77.78314,0,0,0.0,0.0
Bengaluru Dist,Sarjapura PS,1.04421e+16,2020,1,1,Road Accidents,Narrow road,Rural Areas,Open area,Human Error,No,Fatal,Hit pedestrian,Uncontrolled,Straight and flat,State Highway,Bitumen(Tar),Dry,Not Applicable,Clear,DOMMASANDRA-BANGALORE ROAD,NEAR SWASTIK HOSPITAL,6 KM,12.88415,77.749918,0,0,0.0,0.0
Bengaluru Dist,Sarjapura PS,1.04421e+16,2020,1,2,Road Accidents,Narrow road,Rural Areas,Open area,Human Error,No,Fatal,Vehicle to Vehicle,Uncontrolled,Straight and flat,State Highway,Bitumen(Tar),Dry,Not Applicable,Clear,SARJAPURA-ATTIBELE ROAD,SARJAPURA ROAD,5 KM,12.884222,77.748648,0,0,0.0,0.0
Bengaluru Dist,Sarjapura PS,1.04421e+16,2020,1,2,Road Accidents,Cross roads,Rural Areas,Open area,Human Error,Yes,Grievous Injury,Vehicle to Vehicle,Not at  Junction,Straight and flat,Two way,Bitumen(Tar),Dry,No influence on accident,Fine,SARJAPURA-ITTANGURU VILLAGE ROAD,NEAR TEMPAL,5MTR,12.882283,77.788873,0,0,0.0,0.0
Bengaluru Dist,Sarjapura PS,1.04421e+16,2020,1,1,Road Accidents,Cross roads,Rural Areas,Open area,Human Error,No,Damage Only,Hit pedestrian,Not at  Junction,Curve,Two way,Bitumen(Tar),Dry,No influence on accident,Fine,SARJAPURA-ITTANGURU VILLAGE ROAD,NEAR BUS STOP,20 MTR,12.893514,77.7825969,0,0,0.0,0.0
Bengaluru Dist,Sarjapura PS,1.04421e+16,2020,1,2,Road Accidents,Curves,Rural Areas,Open area,Human Error,No,Grievous Injury,Vehicle to Vehicle,Not at  Junction,Curve,Others,Bitumen(Tar),Dry,No influence on accident,Fine,SARJAPURA - CHIKKATHIRUPATHI ROAD THINDLU CROSS,NEAR KAVERAMMA TEMPKLE,200M,12.864625,77.8071509,0,0,0.0,0.0
Bengaluru Dist,Sarjapura PS,1.04421e+16,2020,1,2,Road Accidents,Cross roads,Rural Areas,Open area,Human Error,No,Grievous Injury,Vehicle to Vehicle,Controlled,Curve,Others,Bitumen(Tar),Dry,No influence on accident,Fine,sarjapuraq bagaluru road near iswarya bekary sarjapura,near bekary,50m,12.859912,77.79337,0,0,0.0,0.0
Bengaluru Dist,Sarjapura PS,1.04421e+16,2020,1,1,Road Accidents,Cross roads,Rural Areas,Open area,Human Error,Yes,Grievous Injury,Hit pedestrian,Uncontrolled,Curve,Two way,Bitumen(Tar),Dry,No influence on accident,Fine,SARJAPURA BAGALURU ROAD,NEAR TVS PALACE,5 MTR,12.864044,77.807681,0,0,0.0,0.0
Bengaluru Dist,Sarjapura PS,1.04421e+16,2020,1,1,Road Accidents,Cross roads,Rural Areas,Residential area,Human Error,No,Grievous Injury,Hit pedestrian,Not at  Junction,Straight and flat,Two way,Bitumen(Tar),Dry,No influence on accident,Fine,DOMMASANDRA - VARTHUR ROAD,NEAR OKRIGE SCHOOL,10 MTR,12.888454,77.750138,0,0,0.0,0.0
Bengaluru Dist,Sarjapura PS,1.04421e+16,2020,1,2,Road Accidents,Cross roads,Rural Areas,Open area,Human Error,No,Fatal,Vehicle to Vehicle,No signal lights,Straight and flat,Two way,Bitumen(Tar),Dry,No influence on accident,Fine,SARJAPURA-ATTIBELE ROAD,NEAR BUS STOP,5 mtr,12.823311,77.786166,0,0,0.0,0.0
Bengaluru Dist,Sarjapura PS,1.04421e+16,2020,1,2,Road Accidents,Cross roads,Rural Areas,Residential area,Human Error,No,Grievous Injury,Vehicle to Vehicle,Uncontrolled,Curve,Two way,Bitumen(Tar),Dry,No influence on accident,Fine,sarjapura- chikkathirupati road,NEAR BUS STOP,10MTR,12.941619,77.764696,0,0,0.0,0.0
Bengaluru Dist,Sarjapura PS,1.04421e+16,2020,1,2,Road Accidents,Curves,Rural Areas,Residential area,Human Error,No,Damage Only,Vehicle to Vehicle,Uncontrolled,Curve,Two way,Bitumen(Tar),Dry,No influence on accident,Fine,sarjapura- chikkathirupati road,NEAR GARDEN PALES KALANA MANTAPA,5 MTR,12.879035,77.754116,0,0,0.0,0.0
Bengaluru Dist,Sarjapura PS,1.04421e+16,2020,1,2,Road Accidents,Cross roads,Rural Areas,Residential area,Human Error,Yes,Grievous Injury,Vehicle to Vehicle,Uncontrolled,Straight and flat,Two way,Bitumen(Tar),Dry,No influence on accident,Fine,SARJAPURA-BANGALORE ROAD,NEAR MARUTHI SHOWROOM,5MTR,12.875982,77.765304,0,0,0.0,0.0
Bengaluru Dist,Sarjapura PS,1.04421e+16,2020,1,2,Road Accidents,Junction,Rural Areas,Open area,Human Error,No,Grievous Injury,Vehicle to Vehicle,Uncontrolled,Straight and flat,Two way,Bitumen(Tar),Dry,No influence on accident,Fine,SARJAPURA-BANGALORE ROAD,NEAR BUS STOP,5 MTR,12.883743,77.751073,0,0,0.0,0.0
Bengaluru Dist,Sarjapura PS,1.04421e+16,2020,1,1,Road Accidents,Narrow road,Rural Areas,Near a factory industrial area,Human Error,No,Fatal,Not Applicable,Uncontrolled,Straight and flat,State Highway,Bitumen(Tar),Dry,Not Applicable,Clear,BANGALORE-SARJAPURA ROAD,NEAR NEVA GARMENTS,4 KM,12.876451,77.765323,0,0,0.0,0.0
Bengaluru Dist,Sarjapura PS,1.04421e+16,2020,1,2,Road Accidents,Narrow road,Rural Areas,Open area,Human Error,No,Fatal,Vehicle to Vehicle,Uncontrolled,Straight and flat,NH,Bitumen(Tar),Dry,Not Applicable,Clear,SARJAPURA-CHIKKATIRUPATI ROAD,NEAR MC HALLI VILLAGE,6 KM,12.873335,77.812814,0,0,0.0,0.0
Bengaluru Dist,Sarjapura PS,1.04421e+16,2020,1,2,Road Accidents,Not Applicable,Rural Areas,Near School or College,Human Error,Yes,Grievous Injury,Vehicle to Vehicle,Uncontrolled,Not Applicable,Two way,Bitumen(Tar),Others,No influence on accident,Fine,Varturu Dommasandra road,Near School,100ft,12.887537,77.750429,0,1,0.0,1.0
Bengaluru Dist,Sarjapura PS,1.04421e+16,2020,1,2,Road Accidents,Cross roads,Rural Areas,Open area,Human Error,No,Grievous Injury,Vehicle to Vehicle,Not at  Junction,Curve,Two way,Bitumen(Tar),Dry,No influence on accident,Fine,GUNJUR-GONOGATTAPURA CROSS ROAD,NEAR JOLY BROTHERS LYOUT,5 MTR,12.881549,77.755324,0,0,0.0,0.0
Bengaluru Dist,Sarjapura PS,1.04421e+16,2020,1,2,Road Accidents,Not Applicable,Rural Areas,Open area,Human Error,No,Grievous Injury,Vehicle to Vehicle,Uncontrolled,Others,Others,Bitumen(Tar),Dry,No influence on accident,Fine,NEAR OAKRIDGE SCHOOL DOMMASANDRA VARTHURU ROAD NDOMMASANDRA,NEAR OAKRIDGE SCHOOL,50M,12.887056,77.750353,0,0,0.0,0.0
Bengaluru Dist,Sarjapura PS,1.04421e+16,2020,1,2,Road Accidents,Circle,Rural Areas,Residential area,Human Error,Yes,Grievous Injury,Vehicle to Vehicle,Uncontrolled,Straight and flat,Two way,Bitumen(Tar),Dry,No influence on accident,Fine,MUTHANALLURU CROSS CHANDAPURA ROAD,NEAR BUS STOP,10 MTR,12.886751,77.7385949,0,0,0.0,0.0
Bengaluru Dist,Sarjapura PS,1.04421e+16,2020,1,2,Road Accidents,Cross roads,Rural Areas,Residential area,Human Error,No,Grievous Injury,Vehicle to Vehicle,Uncontrolled,Straight and flat,Two way,Bitumen(Tar),Dry,No influence on accident,Fine,SARJAPURA BANGALORE ROAD,NEAR SWASTHIK HOSPITAL,5 MTR,12.884197,77.758084,0,0,0.0,0.0
Bengaluru Dist,Sarjapura PS,1.04421e+16,2020,1,1,Road Accidents,Narrow road,Rural Areas,Near Bus stop,Human Error,No,Fatal,Not Applicable,Stop Sign,Straight and flat,State Highway,Bitumen(Tar),Dry,Not Applicable,Clear,BANGALORE-SARJAPURA ROAD,NEAR CHAMBENAHALLI GATE,3 KM,12.879738,77.761798,0,0,0.0,0.0
Bengaluru Dist,Sarjapura PS,1.04421e+16,2020,1,2,Road Accidents,Narrow road,Rural Areas,Open area,Human Error,No,Fatal,Not Applicable,Uncontrolled,Others,NH,Bitumen(Tar),Dry,Not Applicable,Clear,BAGALURU-SARJAPURA ROAD,NEAR THINDLU VILLAGE,2 KM,12.864171,77.808166,0,0,0.0,0.0
Bengaluru Dist,Sarjapura PS,1.04421e+16,2020,1,1,Road Accidents,Narrow road,Rural Areas,Open area,Human Error,Yes,Fatal,Hit pedestrian,Uncontrolled,Straight and flat,State Highway,Bitumen(Tar),Dry,Not Applicable,Clear,SARJAPURA-BANGALORE ROAD,TC HALLI VILLAGE,4 KM,12.879172,77.753731,0,0,0.0,0.0
Bengaluru Dist,Sarjapura PS,1.04421e+16,2020,1,1,Road Accidents,Narrow road,Rural Areas,Near Bus stop,Human Error,Not Applicable,Fatal,Not Applicable,Not Applicable,Steep Incline or Climb,State Highway,Bitumen(Tar),Dry,Not Applicable,Clear,BANGALORE-SARJAPURA ROAD,NEAR SOMPURA GATE,2 KM,12.866836,77.774214,0,0,0.0,0.0
Bengaluru Dist,Sarjapura PS,1.04421e+16,2020,1,2,Road Accidents,Narrow road,Rural Areas,Open area,Human Error,No,Fatal,Hit bicyclist,Uncontrolled,Straight and flat,Sub Arterial,Bitumen(Tar),Dry,Not Applicable,Clear,"NEAR MANAR LAY OUT,SARJAPURA VILLAGE",NEAR MANAR LAY OUT,1.5 KM,0.0,0.0,0,0,0.0,0.0
Bengaluru Dist,Sarjapura PS,1.04421e+16,2020,1,2,Road Accidents,Junction,Rural Areas,Residential area,Human Error,No,Damage Only,Vehicle to Vehicle,Uncontrolled,Straight and flat,Two way,Bitumen(Tar),Dry,No influence on accident,Fine,SARJAPURA-BANGALORE ROAD,NEAR HP PETRIL BUNK,5 MTR,12.88513,77.746687,0,0,0.0,0.0
Bengaluru Dist,Sarjapura PS,1.04421e+16,2020,1,2,Road Accidents,Circle,Rural Areas,Near Bus stop,Not Applicable,No,Not Applicable,Not Applicable,Not Applicable,Not Applicable,Others,Not Applicable,Not Applicable,Not Applicable,Clear,CHAMBENAHALLI VILLAGE,CHAMBENAHALLI VILLAGE,100MTR,12.879427,77.76165,0,0,0.0,0.0
Bengaluru Dist,Sarjapura PS,1.04421e+16,2020,1,1,Road Accidents,Curves,Rural Areas,Residential area,Human Error,No,Damage Only,Not Applicable,Not at  Junction,Curve,Two way,Bitumen(Tar),Dry,No influence on accident,Fine,SARJAPURA CHIKKATHIRUPTI ROAD,NEAR CHANDRAMOWLESHWARA TEMPAL,5 MTR,12.861365,77.788892,0,0,0.0,0.0
Bengaluru Dist,Sarjapura PS,1.04421e+16,2020,1,2,Road Accidents,Narrow road,City/Town,Residential area,Human Error,No,Damage Only,Vehicle to Vehicle,Not at  Junction,Straight and flat,Residential Street,Bitumen(Tar),Dry,No influence on accident,Fine,CONFIDENT APPARTMENT,VILLA NO 48,2 MTR,12.909882,77.80957,0,0,0.0,0.0
Bengaluru Dist,Sarjapura PS,1.04421e+16,2020,1,2,Road Accidents,Cross roads,Rural Areas,Residential area,Human Error,No,Damage Only,Vehicle to Vehicle,Uncontrolled,Straight and flat,Two way,Bitumen(Tar),Dry,No influence on accident,Fine,SARJAPURA-BANGALORE ROAD,NEAR HP PETROL BUNK,5 MTR,12.860865,77.7783089,0,0,0.0,0.0
Bengaluru Dist,Sarjapura PS,1.04421e+16,2020,1,1,Road Accidents,Junction,Rural Areas,Residential area,Human Error,No,Grievous Injury,Hit pedestrian,Not at  Junction,Straight and flat,Two way,Bitumen(Tar),Dry,No influence on accident,Fine,MUTHANALURU CROSS-CHANDAPURA ROAD,NEAR BILSMILLA HOTEL,5 MTR,12.8787,77.754715,0,0,0.0,0.0
Bengaluru Dist,Sarjapura PS,1.04421e+16,2020,1,2,Road Accidents,Cross roads,Rural Areas,Near office complex,Human Error,No,Simple Injury,Not Applicable,Not Applicable,Curve,Not Applicable,Not Applicable,Not Applicable,Not Applicable,Others,jagadamba hardewer bagalora road sarjapura village,100mtr,100MTR,12.859891,77.793739,0,0,0.0,0.0
Bengaluru Dist,Sarjapura PS,1.04421e+16,2020,1,2,Road Accidents,Cross roads,Rural Areas,Open area,Human Error,No,Grievous Injury,Vehicle to Vehicle,Uncontrolled,Straight and flat,Two way,Bitumen(Tar),Dry,No influence on accident,Fine,SARJAPURA-ATTIBELE ROAD,NEAR SILVER CRUST,10 MTR,12.844778,77.782489,0,0,0.0,0.0
Bengaluru Dist,Sarjapura PS,1.04421e+16,2020,1,3,Road Accidents,Curves,Rural Areas,Open area,Human Error,No,Grievous Injury,Vehicle to Vehicle,Uncontrolled,Straight and flat,Two way,Bitumen(Tar),Dry,No influence on accident,Fine,SARJAPURA-ATTIBELE ROAD,NEAR BUS STOP,20 MTR,12.829034,77.785587,0,0,0.0,0.0
Bengaluru Dist,Sarjapura PS,1.04421e+16,2020,1,1,Road Accidents,Cross roads,City/Town,Residential area,Human Error,No,Grievous Injury,Hit pedestrian,Uncontrolled,Straight and flat,Two way,Bitumen(Tar),Dry,No influence on accident,Fine,SARJAPURA BUS STOP,NEAR BUS STOP,5 MTR,12.8613,77.78558,0,0,0.0,0.0
Bengaluru Dist,Sarjapura PS,1.04421e+16,2020,1,1,Road Accidents,Curves,Rural Areas,Near Bus stop,Human Error,Not Applicable,Fatal,Not Applicable,Uncontrolled,Curve and Incline,Others,Bitumen(Tar),Dry,Not Applicable,Clear,"SARJAPURA-KAMANAHALLI CROSS ROAD,ITTANGUR BUS STAND",ITTANGUR VILLAGE BUS STAND,3 KM,12.881816,77.754894,0,0,0.0,0.0
Bengaluru Dist,Sarjapura PS,1.04421e+16,2020,1,2,Road Accidents,Cross roads,Rural Areas,Residential area,Human Error,No,Damage Only,Vehicle to Vehicle,Uncontrolled,Curve,Two way,Bitumen(Tar),Dry,No influence on accident,Fine,SARJAPURA-ATTIBELE ROAD,NEAR BUS STOP,5 MTR,12.835412,77.785527,0,0,0.0,0.0
Bengaluru Dist,Sarjapura PS,1.04421e+16,2020,1,1,Road Accidents,Cross roads,Rural Areas,Open area,Human Error,No,Damage Only,Not Applicable,Uncontrolled,Curve and Incline,NH,Bitumen(Tar),Dry,No influence on accident,Fine,SARJAPURA - CHIKKATHIRUPATHI ROAD THINDLU CROSS,NEAR MC HALLI VILLAGE,10 MTR,12.873405,77.812229,0,0,0.0,0.0
Bengaluru Dist,Sarjapura PS,1.04421e+16,2020,1,2,Road Accidents,Curves,Rural Areas,Residential area,Human Error,Yes,Grievous Injury,Vehicle to Vehicle,Not at  Junction,Curve,Two way,Bitumen(Tar),Dry,No influence on accident,Fine,DOMMASANDRA - VARTURU ROAD,NEAR GREENHOOD SCHOOL,5 MTR,12.860531,77.79057,0,0,0.0,0.0
Bengaluru Dist,Sarjapura PS,1.04421e+16,2020,1,2,Road Accidents,Narrow road,Rural Areas,Near Bus stop,Human Error,No,Grievous Injury,Vehicle to Vehicle,Uncontrolled,Others,NH,Bitumen(Tar),Dry,No influence on accident,Fine,EXIDE GATE BUS STOP BILLAPURA,NEAR BUS STOP,20MTR,12.835326,77.785494,0,0,0.0,0.0
Bengaluru Dist,Sarjapura PS,1.04421e+16,2020,1,2,Road Accidents,Curves,Rural Areas,Residential area,Human Error,No,Damage Only,Vehicle to Vehicle,Not at  Junction,Curve,Two way,Bitumen(Tar),Dry,No influence on accident,Fine,SARJAPURA-ITTANGURU ROAD,NEAR GOVT SCHOOL,10 MTR,12.882731,77.78861,0,0,0.0,0.0
Bengaluru Dist,Sarjapura PS,1.04421e+16,2020,1,1,Road Accidents,Cross roads,Rural Areas,Residential area,Human Error,No,Grievous Injury,Hit pedestrian,Not at  Junction,Curve,Two way,Bitumen(Tar),Dry,No influence on accident,Fine,sarjapura- chikkathirupati road,NEAR CHANDARMOWLESHWARA TEMPLE,5 MTR,12.859915,77.793437,0,0,0.0,0.0
Bengaluru Dist,Sarjapura PS,1.04421e+16,2020,1,2,Road Accidents,Cross roads,Rural Areas,Open area,Human Error,Yes,Grievous Injury,Vehicle to Vehicle,Uncontrolled,Curve,Two way,Bitumen(Tar),Dry,No influence on accident,Fine,SARJAPURA-ATTIBELE ROAD,NEAR BUS STOP,10 MTR,12.828307,77.785516,0,0,0.0,0.0
Bengaluru Dist,Sarjapura PS,1.04421e+16,2020,1,2,Road Accidents,Curves,Rural Areas,Residential area,Human Error,No,Grievous Injury,Hit animal,Uncontrolled,Straight and flat,Two way,Bitumen(Tar),Dry,No influence on accident,Fine,SARJAPURA BANGALORE ROAD,NEAR BUS STOP,5 MTR,12.860149,77.783662,0,0,0.0,0.0
Bengaluru Dist,Sarjapura PS,1.04421e+16,2020,1,2,Road Accidents,Cross roads,Rural Areas,Open area,Human Error,No,Grievous Injury,Vehicle to Vehicle,Uncontrolled,Curve,Two way,Bitumen(Tar),Dry,No influence on accident,Fine,DOMMASANDRA - VARTHUR ROAD,NEAR ARUNODAYA COLLAGE,10 MTR,12.91008,77.742945,0,0,0.0,0.0
Bengaluru Dist,Sarjapura PS,1.04421e+16,2021,1,2,Road Accidents,Curves,Rural Areas,Open area,Human Error,Yes,Grievous Injury,Vehicle to Vehicle,Uncontrolled,Curve,Two way,Bitumen(Tar),Dry,No influence on accident,Fine,DOMMASANDRA - VARTHUR ROAD,NEAR TISB SCHOOL,10 MTR,12.897646,77.748642,0,0,0.0,0.0
Bengaluru Dist,Sarjapura PS,1.04421e+16,2021,1,1,Road Accidents,Cross roads,Rural Areas,Open area,Human Error,No,Grievous Injury,Hit pedestrian,Not at  Junction,Straight and flat,Two way,Bitumen(Tar),Dry,No influence on accident,Fine,SARJAPURA-ATTIBELE ROAD,NEAR A1 DABHA,10 MTR,12.823585,77.786121,0,0,0.0,0.0
Bengaluru Dist,Sarjapura PS,1.04421e+16,2021,1,1,Road Accidents,Narrow road,Rural Areas,Open area,Human Error,No,Fatal,Not Applicable,Uncontrolled,Straight and flat,State Highway,Bitumen(Tar),Dry,Not Applicable,Clear,BANGALORE-SARJAPURA ROAD,DOMMASANDRA,5 KM,12.886726,77.739808,0,0,0.0,0.0
Bengaluru Dist,Sarjapura PS,1.04421e+16,2021,1,2,Road Accidents,Cross roads,Rural Areas,Open area,Human Error,No,Grievous Injury,Vehicle to Vehicle,No signal lights,Curve,Two way,Bitumen(Tar),Dry,No influence on accident,Fine,SARJAPURA BAGALURU ROAD,NEAR AYUSH FAMILY DABHA,5 MTR,12.864707,77.80822,0,0,0.0,0.0