DISTRICTNAME,UNITNAME,Crime_No,Year,RI,Noofvehicle_involved,Accident_Classification,Accident_Spot,Accident_Location,Accident_SubLocation,Main_Cause,Hit_Run,Severity,Collision_Type,Junction_Control,Road_Character,Road_Type,Surface_Type,Surface_Condition,Road_Condition,Weather,Accident_Road,Landmark_first,Distance_LandMark_First,Latitude,Longitude,Road_Condition_Score,Surface_Condition_Score,Surface_Type_Score,Road_Risk_Index
Bengaluru Dist,Sarjapura PS,1.04421e+16,2023,1,2,Not Applicable,Not Applicable,Rural Areas,Near Petrol Pump,Not Applicable,Yes,Grievous Injury,Not Applicable,Not Applicable,Others,Others,Not Applicable,Others,Not Applicable,Others,"OPP HP PETROL BUNK, SOMPURA GATE",0,2 KM,12.839322,77.76748,0,1,0.0,1.0
Bengaluru Dist,Sarjapura PS,1.04421e+16,2023,1,1,Road Accidents,Narrow road,Rural Areas,Near Bus stop,Human Error,No,Grievous Injury,Hit pedestrian,Not Applicable,Not Applicable,Two way,Not Applicable,Dry,No influence on accident,Clear,NEAR GRAND PALACE BAKARY SOMPURA GATE,NEAR BUS STAND,100 M,12.862088,77.772099,0,0,0.0,0.0
Bengaluru Dist,Sulibele PS,1.04422e+16,2016,1,1,Road Accidents,Circle,Rural Areas,Near Petrol Pump,Not Applicable,Yes,Fatal,Run Off Road,Not Applicable,Curve,NH,Bitumen(Tar),Not Applicable,Not Applicable,Snow,NH 207 RAOD,NEAR PATEOL BAINK,10,0.0,0.0,0,0,0.0,0.0
Bengaluru Dist,Sulibele PS,1.04422e+16,2016,1,1,Road Accidents,Narrow road,Rural Areas,Near a factory industrial area,Not Applicable,Yes,Fatal,Not Applicable,Not Applicable,Curve,State Highway,Bitumen(Tar),Not Applicable,Not Applicable,Snow,S H HOSAKOTE TO CHINTHAMANI ROAD,NEAR ANJINEYA TEMPAL,12,0.0,0.0,0,0,0.0,0.0
Bengaluru Dist,Sulibele PS,1.04422e+16,2016,1,2,Road Accidents,Round about or Circle,City/Town,Near a factory industrial area,Not Applicable,No,Grievous Injury,Run Off Road,Uncontrolled,Not Applicable,Service Road,Bitumen(Tar),Dry,Not Applicable,Not Applicable,Near BFL Factory,BFL,14,0.0,0.0,0,0,0.0,0.0
Bengaluru Dist,Sulibele PS,1.04422e+16,2016,1,1,Road Accidents,Narrow road,Villages settlement,Open area,Not Applicable,No,Fatal,Hit pedestrian,Uncontrolled,Others,NH,Not Applicable,Others,Drainage Ditch,Others,NH 207,Devanhalli to Hoskote road,8,0.0,0.0,4,1,0.0,5.0
Bengaluru Dist,Sulibele PS,1.04422e+16,2016,1,1,Road Accidents,Not Applicable,Villages settlement,Near Bus stop,Vehicle Defect,Yes,Grievous Injury,Hit parked vehicle,Uncontrolled,Not Applicable,Village Road,Kutcha,Others,Construction Work / Material,Clear,Village Road,Jangamakote Village Road,5,0.0,0.0,2,1,4.0,7.0
Bengaluru Dist,Sulibele PS,1.04422e+16,2016,1,2,Road Accidents,Narrow road,City/Town,Near a religious place,Not Applicable,No,Grievous Injury,Others,Not Applicable,Not Applicable,City or Town Road,Bitumen(Tar),Dry,Not Applicable,Clear,BENDIGANAHALLI CROSS TO SULIBELE TOWN ROAD NEAR GANESH TEMPLE,BENDIGANAHALLI CROSS TO SULIBELE TOWN ROAD NEAR GANESH TEMPLE,0.5,0.0,0.0,0,0,0.0,0.0
Bengaluru Dist,Sulibele PS,1.04422e+16,2016,1,2,Road Accidents,Cross roads,Villages settlement,Near or inside a village,Vehicle Defect,Yes,Grievous Injury,Hit and Run,Uncontrolled,Curve,Village Road,Kutcha,Dry,Pot holed,Others,Village Road,Jangamakote Village Road,5,0.0,0.0,5,0,4.0,9.0
Bengaluru Dist,Sulibele PS,1.04422e+16,2016,1,2,Road Accidents,Other,Rural Areas,Residential area,Not Applicable,Yes,Grievous Injury,Overturning,Not Applicable,Not Applicable,Village Road,Bitumen(Tar),Dry,Not Applicable,Not Applicable,NH207,Attibele Thimmarayappa Residence,4,0.0,0.0,0,0,0.0,0.0
Bengaluru Dist,Sulibele PS,1.04422e+16,2016,1,1,Road Accidents,Narrow road,Rural Areas,Open area,Not Applicable,No,Fatal,Skidding or Self accident,Uncontrolled,Not Applicable,Village Road,Bitumen(Tar),Dry,Not Applicable,Not Applicable,Anupahalli Chimasandra Road,Rama  Govindapur Channarayappa Land,10,0.0,0.0,0,0,0.0,0.0
Bengaluru Dist,Sulibele PS,1.04422e+16,2016,1,2,Road Accidents,Curves,Rural Areas,Near or inside a village,Human Error,No,Grievous Injury,Run Off Road,Uncontrolled,Others,Village Road,Bitumen(Tar),Not Applicable,Pot holed,Not Applicable,NH207,NH 207 Aulibele hoskote road,2,0.0,0.0,5,0,0.0,5.0
Bengaluru Dist,Sulibele PS,1.04422e+16,2016,1,2,Road Accidents,Other,Rural Areas,Near Petrol Pump,Not Applicable,Yes,Damage Only,Hit and Run,Not Applicable,Not Applicable,Village Road,Bitumen(Tar),Dry,Not Applicable,Clear,HOSAKOTE TO  DEVANAHALLI ROAD NEAR PAPANAHALLI GATE,HOSAKOTE TO  DEVANAHALLI ROAD NEAR PAPANAHALLI GATE,1 KM,0.0,0.0,0,0,0.0,0.0
Bengaluru Dist,Sulibele PS,1.04422e+16,2016,1,2,Road Accidents,Narrow road,Villages settlement,Near School or College,Human Error,Yes,Fatal,Head on,Uncontrolled,Not Applicable,Village Road,Bitumen(Tar),Dry,Pot holed,Others,NH 207,Yanagunte School Near,4,0.0,0.0,5,0,0.0,5.0
Bengaluru Dist,Sulibele PS,1.04422e+16,2016,1,1,Road Accidents,Narrow road,Villages settlement,Near or inside a village,Human Error,No,Grievous Injury,Others,Uncontrolled,Not Applicable,Village Road,Bitumen(Tar),Not Applicable,Pot holed,Not Applicable,Bavapur K Satyavara Village Road,Bavapur K Satyavara Village Road,12,0.0,0.0,5,0,0.0,5.0
Bengaluru Dist,Sulibele PS,1.04422e+16,2016,1,1,Road Accidents,Narrow road,Villages settlement,Near a factory industrial area,Vehicle Defect,No,Fatal,Others,Uncontrolled,Hump,State Highway,Bitumen(Tar),Others,Not Applicable,Others,Hoskote Chinthamani Road,Hoskote Chinthamani Road Pillagumpa Gate,14,0.0,0.0,0,1,0.0,1.0
Bengaluru Dist,Sulibele PS,1.04422e+16,2016,1,2,Road Accidents,Narrow road,Rural Areas,Narrow bridge or culverts,Not Applicable,No,Grievous Injury,Others,Not Applicable,Not Applicable,NH,Not Applicable,Not Applicable,Not Applicable,Others,HOSAKOTE DEVANAHALLI NH 207 RAAD NEAR HASIGALA LAKE OPPOSIT,BARIR GROUND,6 K.M.,0.0,0.0,0,0,0.0,0.0
Bengaluru Dist,Sulibele PS,1.04422e+16,2016,1,2,Road Accidents,Circle,Rural Areas,Near a factory industrial area,Not Applicable,No,Grievous Injury,Head on,Give way sign,Incline,Village Road,Bitumen(Tar),Not Applicable,Pot holed,Not Applicable,D Settahalli Doddakogila Villege Center,D Settahalli Doddakogila Villege Center,8,0.0,0.0,5,0,0.0,5.0
Bengaluru Dist,Sulibele PS,1.04422e+16,2016,1,1,Road Accidents,T Junction,Rural Areas,Open area,Not Applicable,No,Simple Injury,Not Applicable,Give way sign,Others,State Highway,Not Applicable,Not Applicable,Not Applicable,Fine,CHINTAMANI TO HOSAKOTE ROAD,PILLAGUMPA,12,0.0,0.0,0,0,0.0,0.0
Bengaluru Dist,Sulibele PS,1.04422e+16,2016,1,2,Road Accidents,Narrow road,Rural Areas,Near or inside a village,Not Applicable,No,Simple Injury,Hit pedestrian,Not Applicable,Not Applicable,NH,Bitumen(Tar),Others,Pot holed,Fine,NH 207 Kammasandra Village Mariswamy Bilding Near,NH 207 Kammasandra Village Mariswamy Bilding Near,5,0.0,0.0,5,1,0.0,6.0
Bengaluru Dist,Sulibele PS,1.04422e+16,2016,1,1,Road Accidents,Narrow road,Rural Areas,Near a factory industrial area,Not Applicable,No,Grievous Injury,Skidding or Self accident,Controlled,Not Applicable,State Highway,Bitumen(Tar),Others,Not Applicable,Clear,HOSAKOTE TO JANGAMAKOTE ROAD NEAR RYAN BOX FACTORY,HOSAKOTE TO JANGAMAKOTE ROAD NEAR RYAN BOX FACTORY,10 KM,0.0,0.0,0,1,0.0,1.0
Bengaluru Dist,Sulibele PS,1.04422e+16,2016,1,1,Road Accidents,Narrow road,Rural Areas,Near a factory industrial area,Not Applicable,Yes,Fatal,Hit pedestrian,Not Applicable,Not Applicable,State Highway,Bitumen(Tar),Others,Not Applicable,Fine,HOSAKOTE CHINTHAMANI ROAD,post office,14 k.m,0.0,0.0,0,1,0.0,1.0
Bengaluru Dist,Sulibele PS,1.04422e+16,2016,1,1,Road Accidents,Curves,Rural Areas,Residential area,Not Applicable,Yes,Fatal,Hit and Run,Not Applicable,Curve and Incline,NH,Bitumen(Tar),Others,Not Applicable,Fine,HOSAKOTE TO DEVANAHALLI,NEAR KAMMASADARALAK,7,0.0,0.0,0,1,0.0,1.0
Bengaluru Dist,Sulibele PS,1.04422e+16,2016,1,1,Road Accidents,Other,Rural Areas,Near or inside a village,Not Applicable,No,Grievous Injury,Skidding or Self accident,Uncontrolled,Not Applicable,Village Road,Bitumen(Tar),Dry,Not Applicable,Not Applicable,SH 82,Chamundi Distalary Factory,14,0.0,0.0,0,0,0.0,0.0
Bengaluru Dist,Sulibele PS,1.04422e+16,2016,1,2,Road Accidents,Narrow road,Rural Areas,Open area,Not Applicable,No,Grievous Injury,Others,Not Applicable,Not Applicable,Village Road,Bitumen(Tar),Dry,Not Applicable,Clear,HOSAKOTE TO JANGAMAKOTE ROAD NEAR GANGAPPA LAND,HOSAKOTE TO JANGAMAKOTE ROAD NEAR GANGAPPA LAND,8 KM,0.0,0.0,0,0,0.0,0.0
Bengaluru Dist,Sulibele PS,1.04422e+16,2016,1,1,Road Accidents,Road hump or Rumble strips,Villages settlement,Near or inside a village,Not Applicable,Yes,Fatal,Skidding or Self accident,Uncontrolled,Hump,State Highway,Bitumen(Tar),Dry,Pot holed,Not Applicable,SH 82,NAGARENAHALLI GATE,12,0.0,0.0,5,0,0.0,5.0
Bengaluru Dist,Sulibele PS,1.04422e+16,2016,1,1,Rail Road Accidents,Other,Rural Areas,Near Bus stop,Human Error,No,Fatal,Head on,Uncontrolled,Not Applicable,Village Road,Bitumen(Tar),Others,Pot holed,Others,SH34,Chokkahalli Village,15,0.0,0.0,5,1,0.0,6.0
Bengaluru Dist,Sulibele PS,1.04422e+16,2016,1,1,Road Accidents,Narrow road,Villages settlement,Open area,Not Applicable,Yes,Fatal,Hit and Run,Not Applicable,Not Applicable,NH,Not Applicable,Others,Not Applicable,Others,NH 207,Devanhalli to Hoskote road,7,0.0,0.0,0,1,0.0,1.0
Bengaluru Dist,Sulibele PS,1.04422e+16,2016,1,2,Road Accidents,Other,Rural Areas,Near or inside a village,Not Applicable,No,Simple Injury,Others,Not Applicable,Others,NH,Bitumen(Tar),Not Applicable,Not Applicable,Not Applicable,HOSAKOTE DEVANAHALLI NH 207 ROAD,NEAR HASIGALA LAKE,6 K.M.,0.0,0.0,0,0,0.0,0.0
Bengaluru Dist,Sulibele PS,1.04422e+16,2016,1,2,Road Accidents,Narrow road,Rural Areas,Near a recreation place/cinema,Road Environment Defect,No,Fatal,Others,Uncontrolled,Others,Village Road,Bitumen(Tar),Others,Pot holed,Snow,Jangamakote hoskote road ran bax Front,hoskote road ran bax Front,6,0.0,0.0,5,1,0.0,6.0
Bengaluru Dist,Sulibele PS,1.04422e+16,2017,1,2,Road Accidents,Cross roads,Rural Areas,Near or inside a village,Not Applicable,No,Grievous Injury,Hit bicyclist,Uncontrolled,Dip or trough,NH,Bitumen(Tar),Dry,Not Applicable,Fine,NH 207,DOBI NARAYANAPPA,15,0.0,0.0,0,0,0.0,0.0
Bengaluru Dist,Sulibele PS,1.04422e+16,2017,1,1,Road Accidents,Other,Villages settlement,Residential area,Human Error,No,Fatal,Others,Uncontrolled,Straight and flat,Others,Kutcha,Dry,Not Applicable,Others,NAGARENAHALLI,6,6,0.0,0.0,0,0,4.0,4.0
Bengaluru Dist,Sulibele PS,1.04422e+16,2017,1,2,Road Accidents,Cross roads,Villages settlement,Near or inside a village,Not Applicable,No,Grievous Injury,Hit puchcart,Uncontrolled,Straight and flat,State Highway,Bitumen(Tar),Others,Not Applicable,Fine,SATE HIGHWAY,CHOKKAHALLI GATE,20 FEE,0.0,0.0,0,1,0.0,1.0
Bengaluru Dist,Sulibele PS,1.04422e+16,2017,1,2,Road Accidents,Narrow road,Rural Areas,Residential area,Not Applicable,No,Grievous Injury,Hit bicyclist,Not Applicable,Not Applicable,State Highway,Bitumen(Tar),Dry,Not Applicable,Strong Wind,state Hiway,oposit temple,8,0.0,0.0,0,0,0.0,0.0
Bengaluru Dist,Sulibele PS,1.04422e+16,2017,1,1,Road Accidents,Narrow road,Villages settlement,Near a religious place,Not Applicable,No,Grievous Injury,Others,Uncontrolled,Not Applicable,NH,Kutcha,Others,Not Applicable,Others,NH 207,HASIGALA  VILLAGE NEAR ANJANEYA TEMPLE,8,0.0,0.0,0,1,4.0,5.0
Bengaluru Dist,Sulibele PS,1.04422e+16,2017,1,3,Road Accidents,Other,Rural Areas,Residential area,Not Applicable,Yes,Grievous Injury,Hit bicyclist,Not Applicable,Others,State Highway,Bitumen(Tar),Dry,Not Applicable,Clear,HOSAKOTE TO JANAGAMAKOTE ROAD,ANJANAREDDY LAY OUT,12,0.0,0.0,0,0,0.0,0.0
Bengaluru Dist,Sulibele PS,1.04422e+16,2017,1,2,Road Accidents,Cross roads,Rural Areas,Near or inside a village,Human Error,No,Grievous Injury,Hit bicyclist,Not Applicable,Slight Curve,NH,Bitumen(Tar),Dry,Not Applicable,Others,NH 207 ROAD,KAMMASANDRA LAKE OPOSIT,6,0.0,0.0,0,0,0.0,0.0
Bengaluru Dist,Sulibele PS,1.04422e+16,2017,1,2,Road Accidents,Narrow road,Rural Areas,Near or inside a village,Not Applicable,Yes,Simple Injury,Hit pedestrian,Uncontrolled,Not Applicable,Village Road,Not Applicable,Dry,Not Applicable,Others,OTHER ROAD,ALLABAKAS DUPLEX HOUSE,50,0.0,0.0,0,0,0.0,0.0
Bengaluru Dist,Sulibele PS,1.04422e+16,2017,1,2,Road Accidents,Other,Rural Areas,Near Petrol Pump,Not Applicable,Yes,Simple Injury,Hit and Run,Not at  Junction,Others,NH,Bitumen(Tar),Dry,Not Applicable,Others,NH207NEAR SULIEBELEPETROLBUNK,NH207ROADNEARSULIBELEPETROLBUNKSULIBELE HOBLIHOSAKOTE TALUK,1KM,0.0,0.0,0,0,0.0,0.0
Bengaluru Dist,Sulibele PS,1.04422e+16,2017,1,1,Road Accidents,Other,Villages settlement,Near a factory industrial area,Human Error,No,Fatal,Hit bicyclist,Not Applicable,Not Applicable,State Highway,Bitumen(Tar),Dry,No influence on accident,Not Applicable,HOSKOTE CHINTHAMANI ROAD NANDAGUDI,10 NORTH,10 KM,0.0,0.0,0,0,0.0,0.0
Bengaluru Dist,Sulibele PS,1.04422e+16,2017,1,1,Road Accidents,Narrow road,Villages settlement,Open area,Vehicle Defect,No,Grievous Injury,Skidding or Self accident,Uncontrolled,Not Applicable,NH,Not Applicable,Others,Not Applicable,Very Hot,NH207,PRAKAS HOUSE,6,0.0,0.0,0,1,0.0,1.0
Bengaluru Dist,Sulibele PS,1.04422e+16,2017,1,2,Road Accidents,Other,Rural Areas,Near a religious place,Not Applicable,No,Simple Injury,Others,Controlled,Others,NH,Surfaced,Others,Not Applicable,Others,NH 207 ROAD,NEARKAMMASANDRAVILLAGESULIBELEHOBLIHOSAKOTE TALUK,6 KM,0.0,0.0,0,1,,
Bengaluru Dist,Sulibele PS,1.04422e+16,2017,1,2,Road Accidents,Narrow road,Villages settlement,Near Petrol Pump,Not Applicable,No,Simple Injury,Others,Not Applicable,Others,Village Road,Bitumen(Tar),Dry,Not Applicable,Others,207 road,pillappa land oposit road,8,0.0,0.0,0,0,0.0,0.0
Bengaluru Dist,Sulibele PS,1.04422e+16,2017,1,2,Road Accidents,Other,Rural Areas,Near Bus stop,Not Applicable,No,Grievous Injury,Hit bicyclist,Not Applicable,Others,NH,Bitumen(Tar),Dry,Not Applicable,Others,Nh 207 road,kammasandra village  bus stop,4,0.0,0.0,0,0,0.0,0.0
Bengaluru Dist,Sulibele PS,1.04422e+16,2017,1,2,Not Applicable,Not Applicable,Villages settlement,Residential area,Not Applicable,No,Fatal,Others,Not Applicable,Not Applicable,State Highway,Bitumen(Tar),Not Applicable,No influence on accident,Others,HOSKOTE CHINTHAMANI ROAD,10SOUTH,10 KM,0.0,0.0,0,0,0.0,0.0
Bengaluru Dist,Sulibele PS,1.04422e+16,2017,1,2,Road Accidents,Not Applicable,Villages settlement,Near or inside a village,Human Error,No,Fatal,Head on,Uncontrolled,Not Applicable,NH,Bitumen(Tar),Dry,No influence on accident,Not Applicable,NH 207 NEAR KAMMASANDRA,10SOUTH,10 KM,0.0,0.0,0,0,0.0,0.0
Bengaluru Dist,Sulibele PS,1.04422e+16,2017,1,2,Road Accidents,Narrow road,Villages settlement,Near Bus stop,Not Applicable,No,Simple Injury,Hit bicyclist,Not Applicable,Others,Village Road,Bitumen(Tar),Dry,Not Applicable,Others,207 ROAD,KARNATAKA BANK OPOSIT,01-Feb,0.0,0.0,0,0,0.0,0.0
Bengaluru Dist,Sulibele PS,1.04422e+16,2017,1,1,Road Accidents,Cross roads,Villages settlement,Near Petrol Pump,Not Applicable,No,Grievous Injury,Skidding or Self accident,Uncontrolled,Curve,NH,Bitumen(Tar),Dry,Not Applicable,Fine,NH 207,VENKATARAMANAPPA,15,0.0,0.0,0,0,0.0,0.0
Bengaluru Dist,Sulibele PS,1.04422e+16,2017,1,2,Road Accidents,Circle,Rural Areas,Near Bus stop,Human Error,No,Fatal,Others,No signal lights,Not Applicable,NH,Bitumen(Tar),Dry,No influence on accident,Fine,NH 207 NEAR SADAPPANAHALLI,3 SOUTH,3 SOUT,0.0,0.0,0,0,0.0,0.0
Bengaluru Dist,Sulibele PS,1.04422e+16,2018,1,1,Road Accidents,Narrow road,Rural Areas,Near or inside a village,Not Applicable,No,Grievous Injury,Hit animal,Not Applicable,Others,Village Road,Gravel,Dry,Not Applicable,Not Applicable,road,pillananjundappa land oposit road,10,0.0,0.0,0,0,3.0,3.0
Bengaluru Dist,Sulibele PS,1.04422e+16,2018,1,2,Road Accidents,Narrow road,Rural Areas,Near or inside a village,Not Applicable,Not Applicable,Damage Only,Others,Not Applicable,Not Applicable,Others,Not Applicable,Dry,Not Applicable,Not Applicable,road,kasipura kambadabedu village,1 1/2,0.0,0.0,0,0,0.0,0.0
Bengaluru Dist,Sulibele PS,1.04422e+16,2018,1,1,Not Applicable,Other,Not Applicable,Open area,Human Error,No,Fatal,Others,Not Applicable,Not Applicable,Not Applicable,Concrete,Not Applicable,Not Applicable,Not Applicable,SUGUNA FOULTRY FARAM,KAMMABALIPURA,10,0.0,0.0,0,0,0.0,0.0
Bengaluru Dist,Sulibele PS,1.04422e+16,2018,1,2,Road Accidents,Not Applicable,Rural Areas,Open area,Human Error,No,Fatal,Hit bicyclist,Not Applicable,Straight and flat,State Highway,Bitumen(Tar),Dry,No influence on accident,Not Applicable,HOSKOTE CHINTHAMANI ROAD NEAR FACTORY GATE,PILAGUMPE,16,0.0,0.0,0,0,0.0,0.0
Bengaluru Dist,Sulibele PS,1.04422e+16,2018,1,2,Road Accidents,T Junction,Villages settlement,Near Petrol Pump,Not Applicable,No,Damage Only,Rear end,Stop sign,Others,State Highway,Bitumen(Tar),Wet,Not Applicable,Fine,STATE ROAD,BHARAT PETROL PUMP,10FEET,0.0,0.0,0,3,0.0,3.0
Bengaluru Dist,Sulibele PS,1.04422e+16,2018,1,2,Road Accidents,Other,Rural Areas,Near or inside a village,Not Applicable,No,Simple Injury,Hit fixed object,Not Applicable,Straight and flat,Village Road,Bitumen(Tar),Dry,Not Applicable,Others,NH 207 ROAD,KAMMASANDRA COLONY OPOSIT ROAD,K.M,0.0,0.0,0,0,0.0,0.0
Bengaluru Dist,Sulibele PS,1.04422e+16,2018,1,2,Road Accidents,Other,Rural Areas,Near or inside a village,Not Applicable,Not Applicable,Not Applicable,Others,Not Applicable,Not Applicable,Others,Not Applicable,Dry,Not Applicable,Others,no,chamundi factory oposit,14,0.0,0.0,0,0,0.0,0.0
Bengaluru Dist,Sulibele PS,1.04422e+16,2018,1,3,Road Accidents,Not Applicable,Villages settlement,Residential area,Human Error,No,Fatal,Not Applicable,Not Applicable,Not Applicable,State Highway,Bitumen(Tar),Not Applicable,Not Applicable,Not Applicable,CHIKKAARALAGERE GATE,CHIKKARALAGERE GATE,3,0.0,0.0,0,0,0.0,0.0
Bengaluru Dist,Sulibele PS,1.04422e+16,2018,1,2,Road Accidents,Other,Rural Areas,Near Petrol Pump,Not Applicable,No,Damage Only,Others,Uncontrolled,Others,State Highway,Bitumen(Tar),Dry,Not Applicable,Fine,STATE HIGHWAY,STATE HIGHWAY,15KM,0.0,0.0,0,0,0.0,0.0
Bengaluru Dist,Sulibele PS,1.04422e+16,2018,1,1,Not Applicable,Other,Not Applicable,Open area,Human Error,No,Fatal,Not Applicable,Not Applicable,Not Applicable,Not Applicable,Concrete,Not Applicable,Not Applicable,Not Applicable,SUGUNA FOODS FACTORY,SUGUN FACTORY,10,0.0,0.0,0,0,0.0,0.0
Bengaluru Dist,Sulibele PS,1.04422e+16,2018,1,2,Road Accidents,Y Junction,Villages settlement,Open area,Not Applicable,No,Grievous Injury,Hit bicyclist,Uncontrolled,Straight and flat,Village Road,Bitumen(Tar),Others,Not Applicable,Very Cold,other road,THATAIAH NILAGIRI LAND,5 FEET,0.0,0.0,0,1,0.0,1.0
Bengaluru Dist,Sulibele PS,1.04422e+16,2018,1,1,Road Accidents,Narrow road,Rural Areas,Near Bus stop,Not Applicable,Not Applicable,Simple Injury,Hit pedestrian,No signal lights,Others,Village Road,Gravel,Dry,Not Applicable,Others,factry rod,near police choke,5 mete,0.0,0.0,0,0,3.0,3.0
Bengaluru Dist,Sulibele PS,1.04422e+16,2018,1,2,Road Accidents,Narrow road,Rural Areas,Near a factory industrial area,Not Applicable,No,Simple Injury,Rear end,Uncontrolled,Not Applicable,State Highway,Bitumen(Tar),Not Applicable,No influence on accident,Not Applicable,HOSAKOTE -CHINTHAMANI ROAD,STATE HIWAY,15,0.0,0.0,0,0,0.0,0.0
Bengaluru Dist,Sulibele PS,1.04422e+16,2018,1,1,Road Accidents,Narrow road,Villages settlement,Near or inside a village,Not Applicable,Yes,Grievous Injury,Hit and Run,Uncontrolled,Not Applicable,Residential Street,Bitumen(Tar),Others,Not Applicable,Fine,other road,Narayanaswamy house,35 fee,0.0,0.0,0,1,0.0,1.0
Bengaluru Dist,Sulibele PS,1.04422e+16,2018,1,1,Road Accidents,Narrow road,Villages settlement,Near School or College,Not Applicable,Yes,Grievous Injury,Hit and Run,Controlled,Not Applicable,NH,Bitumen(Tar),Dry,Not Applicable,Fine,NH207,NEAR  MIDDAL SCHOOL HASIGALA VILLAGE,8,0.0,0.0,0,0,0.0,0.0
Bengaluru Dist,Sulibele PS,1.04422e+16,2018,1,2,Road Accidents,Narrow road,Rural Areas,Near Petrol Pump,Not Applicable,Not Applicable,Grievous Injury,Hit bicyclist,Not Applicable,Others,NH,Bitumen(Tar),Dry,Not Applicable,Others,naro road,petrol bunk,2 mete,0.0,0.0,0,0,0.0,0.0
Bengaluru Dist,Sulibele PS,1.04422e+16,2018,1,2,Road Accidents,Narrow road,Rural Areas,Residential area,Not Applicable,No,Simple Injury,Hit bicyclist,Not Applicable,Not Applicable,Village Road,Not Applicable,Dry,Not Applicable,Others,state Hiway,10 meter ramakrishna house,3 mete,0.0,0.0,0,0,0.0,0.0
Bengaluru Dist,Sulibele PS,1.04422e+16,2018,1,1,Road Accidents,Junction,City/Town,Near Bus stop,Not Applicable,Yes,Grievous Injury,Hit and Run,Uncontrolled,Slight Curve,NH,Bitumen(Tar),Dry,Not Applicable,Fine,NH207,NEAR KALANDAR BILDING,01-Feb,0.0,0.0,0,0,0.0,0.0
Bengaluru Dist,Sulibele PS,1.04422e+16,2018,1,2,Road Accidents,Not Applicable,Rural Areas,Near Petrol Pump,Human Error,No,Fatal,Others,Not Applicable,Not Applicable,NH,Bitumen(Tar),Dry,No influence on accident,Others,NH 207 NEAR HASIGALA PETROLE BUNK,HASIGALA PETROL BUNK,8,0.0,0.0,0,0,0.0,0.0
Bengaluru Dist,Sulibele PS,1.04422e+16,2018,1,1,Road Accidents,Narrow road,Rural Areas,Near or inside a village,Not Applicable,No,Grievous Injury,Hit pedestrian,Not Applicable,Not Applicable,NH,Not Applicable,Dry,Not Applicable,Not Applicable,207 ROAD,NAGES LAND OPOSIT,2,0.0,0.0,0,0,0.0,0.0
Bengaluru Dist,Sulibele PS,1.04422e+16,2018,1,2,Road Accidents,Not Applicable,Rural Areas,Near Bus stop,Human Error,Not Applicable,Fatal,Not Applicable,Uncontrolled,Not Applicable,State Highway,Bitumen(Tar),Dry,Not Applicable,Not Applicable,ARASANHALLI BUS STOP,HARASANAHALLI,7 KM,0.0,0.0,0,0,0.0,0.0
Bengaluru Dist,Sulibele PS,1.04422e+16,2018,1,2,Road Accidents,Cross roads,Rural Areas,Near a factory industrial area,Not Applicable,Not Applicable,Damage Only,Others,Controlled,Hump,Minor District Road,Gravel,Dry,Not Applicable,Not Applicable,factry rod,pillagumpa gate,1,0.0,0.0,0,0,3.0,3.0
Bengaluru Dist,Sulibele PS,1.04422e+16,2018,1,1,Road Accidents,Not Applicable,Rural Areas,Residential area,Human Error,Not Applicable,Fatal,Not Applicable,Uncontrolled,Not Applicable,NH,Bitumen(Tar),Not Applicable,No influence on accident,Others,NH 207 NEAR HASIGALA PETROLE BUNK,HASIGALA,8,0.0,0.0,0,0,0.0,0.0
Bengaluru Dist,Sulibele PS,1.04422e+16,2019,1,1,Road Accidents,Not Applicable,Rural Areas,Open area,Human Error,Yes,Fatal,Not Applicable,Not Applicable,Not Applicable,Others,Bitumen(Tar),Not Applicable,No influence on accident,Others,D SHETTAHALI TO DODDAKOLIGA,DODDAKOLIGA,12 KM,13.172277,77.820418,0,0,0.0,0.0
Bengaluru Dist,Sulibele PS,1.04422e+16,2019,1,1,Road Accidents,Road hump or Rumble strips,Rural Areas,Open area,Human Error,No,Fatal,Not Applicable,Not Applicable,Not Applicable,State Highway,Bitumen(Tar),Not Applicable,Pot holed,Not Applicable,HOSKOTE J KOTE ROAD,BEMAKANAHALLI CROSS,5,13.206793,77.834818,5,0,0.0,5.0
Bengaluru Dist,Sulibele PS,1.04422e+16,2019,1,2,Road Accidents,Curves,Rural Areas,Open area,Not Applicable,Not Applicable,Not Applicable,Hit bicyclist,Not Applicable,Curve,NH,Gravel,Dry,Not Applicable,Others,NH ROAD,LAKE OPOSIT ROAD,5,13.144489,77.77967,0,0,3.0,3.0
Bengaluru Dist,Sulibele PS,1.04422e+16,2019,1,2,Road Accidents,Narrow road,Rural Areas,Open area,Not Applicable,No,Grievous Injury,Hit bicyclist,Not at  Junction,Straight and flat,NH,Bitumen(Tar),Dry,Not Applicable,Clear,207,near petrol bunk,100 m,13.186368,77.794305,0,0,0.0,0.0
Bengaluru Dist,Sulibele PS,1.04422e+16,2019,1,3,Road Accidents,Narrow road,Rural Areas,Open area,Not Applicable,No,Damage Only,Vehicle to Vehicle,Uncontrolled,Straight and flat,NH,Bitumen(Tar),Dry,Not Applicable,Clear,NH 207 road,road accident oposit vange tree,20,13.149815,77.78165,0,0,0.0,0.0
Bengaluru Dist,Sulibele PS,1.04422e+16,2019,1,2,Road Accidents,Not Applicable,Not Applicable,Near or inside a village,Not Applicable,Not Applicable,Not Applicable,Not Applicable,Not Applicable,Not Applicable,State Highway,Not Applicable,Dry,Not Applicable,Others,state High way,chandrappa land oposit road,10 k,13.226638,77.836843,0,0,0.0,0.0
Bengaluru Dist,Sulibele PS,1.04422e+16,2019,1,2,Road Accidents,Narrow road,Rural Areas,Near a religious place,Not Applicable,Not Applicable,Not Applicable,Vehicle to Vehicle,Not at  Junction,Not Applicable,Two way,Gravel,Dry,Not Applicable,Not Applicable,other road,near nagamma tempole,75feet,13.156857,77.792172,0,0,3.0,3.0