DISTRICTNAME,UNITNAME,Crime_No,Year,RI,Noofvehicle_involved,Accident_Classification,Accident_Spot,Accident_Location,Accident_SubLocation,Main_Cause,Hit_Run,Severity,Collision_Type,Junction_Control,Road_Character,Road_Type,Surface_Type,Surface_Condition,Road_Condition,Weather,Accident_Road,Landmark_first,Distance_LandMark_First,Latitude,Longitude,Road_Condition_Score,Surface_Condition_Score,Surface_Type_Score,Road_Risk_Index
Bengaluru Dist,Sulibele PS,1.04422e+16,2019,1,1,Road Accidents,Narrow road,Rural Areas,Open area,Not Applicable,No,Simple Injury,Hit animal,Uncontrolled,Not Applicable,Two way,Bitumen(Tar),Others,Not Applicable,Clear,other,tar road,3,13.209247,77.845048,0,1,0.0,1.0
Bengaluru Dist,Sulibele PS,1.04422e+16,2019,1,1,Road Accidents,Narrow road,Rural Areas,Near or inside a village,Not Applicable,Not Applicable,Simple Injury,Head on,Controlled,Not Applicable,State Highway,Bitumen(Tar),Dry,Not Applicable,Very Hot,JANGAMAKOTE-HOSAKOTE ROAD NEAR WAY BRIDGE THAMMARASANAHALLI VILLAGE,STATE HIGHWAY,20,13.194122,77.834094,0,0,0.0,0.0
Bengaluru Dist,Sulibele PS,1.04422e+16,2019,1,2,Road Accidents,Other,Rural Areas,Open area,Human Error,No,Fatal,Hit bicyclist,Not Applicable,Slight Curve,NH,Bitumen(Tar),Not Applicable,No influence on accident,Not Applicable,NH207 NEAR SULIBELE,SULIBELE,1,13.186396,77.796514,0,0,0.0,0.0
Bengaluru Dist,Sulibele PS,1.04422e+16,2019,1,2,Road Accidents,Cross roads,Rural Areas,Open area,Not Applicable,Yes,Grievous Injury,Vehicle to Vehicle,Controlled,Others,Two way,Bitumen(Tar),Dry,Not Applicable,Fine,other,tar road,14,13.229946,77.859692,0,0,0.0,0.0
Bengaluru Dist,Sulibele PS,1.04422e+16,2019,1,1,Road Accidents,Narrow road,Rural Areas,Near or inside a village,Not Applicable,Not Applicable,Grievous Injury,Not Applicable,Not Applicable,Not Applicable,State Highway,Bitumen(Tar),Not Applicable,Not Applicable,Others,state High way,krishnappa land oposit,10,13.206579,77.835851,0,0,0.0,0.0
Bengaluru Dist,Sulibele PS,1.04422e+16,2019,1,1,Road Accidents,Curves,Rural Areas,Open area,Human Error,No,Fatal,Not Applicable,Uncontrolled,Curve,NH,Bitumen(Tar),Not Applicable,Not Applicable,Not Applicable,NH207 NEAR SULIBELE,ATTIBELE,2,13.135973,77.790396,0,0,0.0,0.0
Bengaluru Dist,Sulibele PS,1.04422e+16,2019,1,2,Road Accidents,Narrow road,Rural Areas,Near or inside a village,Not Applicable,Not Applicable,Grievous Injury,Hit bicyclist,Not Applicable,Not Applicable,Others,Bitumen(Tar),Dry,Not Applicable,Others,10,75 feet nagamma tempolde,10,13.149853,77.781147,0,0,0.0,0.0
Bengaluru Dist,Sulibele PS,1.04422e+16,2019,1,2,Road Accidents,Narrow road,Rural Areas,Near a factory industrial area,Human Error,Yes,Fatal,Vehicle to Vehicle,Uncontrolled,Straight and flat,State Highway,Bitumen(Tar),Wet,Not Applicable,Dust Storn,HOSKOTE J KOTE ROAD,EKARAJAPURA,6 EAST,13.145039,77.8202669,0,3,0.0,3.0
Bengaluru Dist,Sulibele PS,1.04422e+16,2019,1,1,Road Accidents,Narrow road,Rural Areas,Open area,Not Applicable,No,Simple Injury,Vehicle to Vehicle,Uncontrolled,Not Applicable,State Highway,Bitumen(Tar),Dry,Not Applicable,Others,other,tar road,5,13.195731,77.83525,0,0,0.0,0.0
Bengaluru Dist,Sulibele PS,1.04422e+16,2019,1,1,Road Accidents,Cross roads,Rural Areas,Open area,Human Error,Yes,Fatal,Vehicle to Vehicle,Uncontrolled,Curve and Incline,Major District Road,Bitumen(Tar),Wet,Not Applicable,Others,BAVAPURA,BAVAPURA,10,13.185926,77.871425,0,3,0.0,3.0
Bengaluru Dist,Sulibele PS,1.04422e+16,2019,1,2,Road Accidents,Other,Rural Areas,Near or inside a village,Not Applicable,Not Applicable,Damage Only,Others,Not Applicable,Others,Not Applicable,Gravel,Dry,Not Applicable,Others,NATIONL HIGH WAY,SULIBELE LAKE,1/2 K.,13.183815,77.797045,0,0,3.0,3.0
Bengaluru Dist,Sulibele PS,1.04422e+16,2019,1,2,Road Accidents,Cross roads,Rural Areas,Near Bus stop,Not Applicable,Not Applicable,Grievous Injury,Hit bicyclist,Not Applicable,Not Applicable,NH,Gravel,Dry,Not Applicable,Others,NATIONL HIGH WAY,left side aswath katte,20 fee,13.130839,77.776879,0,0,3.0,3.0
Bengaluru Dist,Sulibele PS,1.04422e+16,2019,1,1,Road Accidents,Narrow road,Rural Areas,Open area,Not Applicable,No,Grievous Injury,Hit pedestrian,Uncontrolled,Straight and flat,Two way,Bitumen(Tar),Dry,Not Applicable,Clear,NH 207 road,Near shanimhatma tempole,15,13.172332,77.793352,0,0,0.0,0.0
Bengaluru Dist,Sulibele PS,1.04422e+16,2019,1,2,Road Accidents,Cross roads,Rural Areas,Near or inside a village,Not Applicable,Not Applicable,Grievous Injury,Hit bicyclist,Not Applicable,Curve,NH,Bitumen(Tar),Dry,Not Applicable,Not Applicable,NH 207 ROAD,Anjaneya tempole,10 fee,13.158405,77.791401,0,0,0.0,0.0
Bengaluru Dist,Sulibele PS,1.04422e+16,2019,1,1,Road Accidents,Not Applicable,Rural Areas,Open area,Human Error,No,Fatal,Not Applicable,Uncontrolled,Straight and flat,State Highway,Bitumen(Tar),Wet,Not Applicable,Fine,THAMMARASANAHALLIL GATE,8,8,13.205516,77.833326,0,3,0.0,3.0
Bengaluru Dist,Sulibele PS,1.04422e+16,2019,1,2,Road Accidents,Narrow road,Rural Areas,Open area,Not Applicable,Yes,Grievous Injury,Hit and Run,No signal lights,Not Applicable,Village Road,Bitumen(Tar),Dry,Not Applicable,Fine,other road,NEAR BADIGAPPA LAND,SIDE,13.134726,77.774368,0,0,0.0,0.0
Bengaluru Dist,Sulibele PS,1.04422e+16,2019,1,1,Road Accidents,Not Applicable,Rural Areas,Near School or College,Human Error,No,Fatal,Not Applicable,Not Applicable,Not Applicable,State Highway,Bitumen(Tar),Not Applicable,Not Applicable,Not Applicable,BENDIGANAHALLI,BENDIGANAHALLI,6,13.120678,77.840091,0,0,0.0,0.0
Bengaluru Dist,Sulibele PS,1.04422e+16,2019,1,2,Road Accidents,Circle,Rural Areas,Near Bus stop,Human Error,No,Fatal,Vehicle to Vehicle,Uncontrolled,Not Applicable,NH,Bitumen(Tar),Wet,No influence on accident,Fine,NH 207 NEAR KAMMASANDRA,KAMMASANDRA,8,13.150225,77.781631,0,3,0.0,3.0
Bengaluru Dist,Sulibele PS,1.04422e+16,2020,1,2,Road Accidents,Narrow road,Rural Areas,Open area,Not Applicable,No,Grievous Injury,Hit bicyclist,Uncontrolled,Straight and flat,Two way,Bitumen(Tar),Dry,Not Applicable,Clear,state high way,Dodda Mori oposit,30 fee,13.108027,77.82815,0,0,0.0,0.0
Bengaluru Dist,Sulibele PS,1.04422e+16,2020,1,2,Road Accidents,Narrow road,Rural Areas,Open area,Not Applicable,No,Damage Only,Vehicle to Vehicle,No signal lights,Straight and flat,State Highway,Bitumen(Tar),Ditch or Potholed,Not Applicable,Clear,state high way,E Muthsandar gate,20feet,13.164604,77.827599,0,5,0.0,5.0
Bengaluru Dist,Sulibele PS,1.04422e+16,2020,1,2,Road Accidents,Narrow road,Rural Areas,Near a factory industrial area,Human Error,No,Fatal,Hit bicyclist,Not at  Junction,Not Applicable,State Highway,Bitumen(Tar),Not Applicable,No influence on accident,Not Applicable,HOSKOTE J KOTE ROAD,KAMBALIPURA GATE,12,13.127905,77.8212089,0,0,0.0,0.0
Bengaluru Dist,Sulibele PS,1.04422e+16,2020,1,2,Road Accidents,Narrow road,Rural Areas,Open area,Not Applicable,No,Grievous Injury,Hit bicyclist,Uncontrolled,Straight and flat,State Highway,Bitumen(Tar),Dry,Not Applicable,Clear,state high way,Kambalipura gate,10,13.12827,77.8212069,0,0,0.0,0.0
Bengaluru Dist,Sulibele PS,1.04422e+16,2020,1,1,Road Accidents,Narrow road,Rural Areas,Open area,Not Applicable,No,Grievous Injury,Hit animal,Uncontrolled,Straight and flat,State Highway,Bitumen(Tar),Dry,Not Applicable,Clear,STATE HIGHWAY,NEAR KOLIFORM,30,13.114294,77.83903,0,0,0.0,0.0
Bengaluru Dist,Sulibele PS,1.04422e+16,2020,1,2,Road Accidents,Narrow road,Rural Areas,Open area,Not Applicable,No,Grievous Injury,Vehicle to Vehicle,Uncontrolled,Straight and flat,Two way,Bitumen(Tar),Dry,Not Applicable,Clear,state high way,devaraj land oposit road,50 ffe,13.108004,77.827925,0,0,0.0,0.0
Bengaluru Dist,Sulibele PS,1.04422e+16,2020,1,1,Road Accidents,Narrow road,Rural Areas,Open area,Not Applicable,Yes,Grievous Injury,Hit pedestrian,Uncontrolled,Straight and flat,NH,Bitumen(Tar),Dry,Not Applicable,Clear,NH 207,Chikkabachanna land oposit,10 fee,13.163822,77.7929519,0,0,0.0,0.0
Bengaluru Dist,Sulibele PS,1.04422e+16,2020,1,1,Road Accidents,Narrow road,Rural Areas,Near a factory industrial area,Human Error,No,Fatal,Hit pedestrian,Not at  Junction,Straight and flat,State Highway,Bitumen(Tar),Not Applicable,No influence on accident,Not Applicable,HOSKOTE CHINTHAMANI ROAD,CHOKKAHALLI,14,13.120295,77.823912,0,0,0.0,0.0
Bengaluru Dist,Sulibele PS,1.04422e+16,2020,1,2,Road Accidents,Narrow road,Rural Areas,Near School or College,Not Applicable,No,Grievous Injury,Hit bicyclist,Uncontrolled,Straight and flat,Two way,Bitumen(Tar),Dry,Not Applicable,Clear,NH 207,primary school,30,13.134573,77.774867,0,0,0.0,0.0
Bengaluru Dist,Sulibele PS,1.04422e+16,2020,1,1,Road Accidents,Cross roads,Rural Areas,Open area,Not Applicable,No,Damage Only,Not Applicable,Uncontrolled,Slight Curve,State Highway,Bitumen(Tar),Dry,Not Applicable,Clear,state high way,east Rajashkar gowda land,20feet,13.237558,77.847171,0,0,0.0,0.0
Bengaluru Dist,Sulibele PS,1.04422e+16,2020,1,2,Road Accidents,Narrow road,Rural Areas,Near or inside a village,Not Applicable,No,Grievous Injury,Hit bicyclist,Uncontrolled,Straight and flat,State Highway,Bitumen(Tar),Dry,Pot holed,Clear,state high way,UMAPATHI LAND OPOSIT,50FEET,13.144686,77.823655,5,0,0.0,5.0
Bengaluru Dist,Sulibele PS,1.04422e+16,2020,1,1,Road Accidents,Cross roads,Rural Areas,Open area,Not Applicable,No,Grievous Injury,Not Applicable,No signal lights,Sharp Curve,Two way,Bitumen(Tar),Dry,Not Applicable,Clear,18,tuls factory,30feet,13.118128,77.8248839,0,0,0.0,0.0
Bengaluru Dist,Sulibele PS,1.04422e+16,2020,1,1,Road Accidents,Road hump or Rumble strips,Rural Areas,Near or inside a village,Human Error,No,Fatal,Not Applicable,Uncontrolled,Not Applicable,State Highway,Bitumen(Tar),Not Applicable,Not Applicable,Not Applicable,SULIBELE TO BENDIGANAHALLI,CHIKKARALAGERE GATE,2,13.1889,77.80663,0,0,0.0,0.0
Bengaluru Dist,Sulibele PS,1.04422e+16,2020,1,3,Road Accidents,Narrow road,Rural Areas,Open area,Not Applicable,No,Grievous Injury,Hit bicyclist,Uncontrolled,Straight and flat,NH,Bitumen(Tar),Dry,Not Applicable,Clear,NH 207,Jayram land oposit road,30fet,13.153752,77.785466,0,0,0.0,0.0
Bengaluru Dist,Sulibele PS,1.04422e+16,2020,1,2,Road Accidents,Narrow road,Rural Areas,Open area,Not Applicable,No,Grievous Injury,Vehicle to Vehicle,Uncontrolled,Straight and flat,NH,Bitumen(Tar),Dry,Not Applicable,Clear,NH 207,oposit road sadapannahalli road,20feet,13.193277,77.813077,0,0,0.0,0.0
Bengaluru Dist,Sulibele PS,1.04422e+16,2020,1,2,Road Accidents,Narrow road,Rural Areas,Open area,Human Error,No,Fatal,Hit bicyclist,Not Applicable,Not Applicable,State Highway,Bitumen(Tar),Muddy,No influence on accident,Not Applicable,SULIBELE TO BENDIGANAHALLI,KEB OFFICE,2,13.185601,77.796873,0,4,0.0,4.0
Bengaluru Dist,Sulibele PS,1.04422e+16,2020,1,2,Road Accidents,Narrow road,Rural Areas,Open area,Not Applicable,No,Grievous Injury,Hit bicyclist,Uncontrolled,Straight and flat,State Highway,Bitumen(Tar),Dry,Not Applicable,Clear,state high way,oposot Resma Building,40 fee,13.120256,77.840881,0,0,0.0,0.0
Bengaluru Dist,Sulibele PS,1.04422e+16,2020,1,1,Road Accidents,Narrow road,City/Town,Near a factory industrial area,Not Applicable,Not Applicable,Not Applicable,Not Applicable,Not at  Junction,Others,Two way,Bitumen(Tar),Flooded,Not Applicable,Cloudy,other,tar road,16,13.122884,77.828953,0,5,0.0,5.0
Bengaluru Dist,Sulibele PS,1.04422e+16,2020,1,1,Road Accidents,Narrow road,Rural Areas,Open area,Not Applicable,No,Grievous Injury,Hit animal,No signal lights,Straight and flat,State Highway,Bitumen(Tar),Dry,Not Applicable,Clear,state high way,paper factory,20feet,13.186225,77.832366,0,0,0.0,0.0
Bengaluru Dist,Sulibele PS,1.04422e+16,2020,1,2,Road Accidents,Narrow road,Rural Areas,Open area,Not Applicable,No,Grievous Injury,Vehicle to Vehicle,Uncontrolled,Straight and flat,NH,Bitumen(Tar),Dry,Not Applicable,Clear,NH 207,sc colony Road,10,13.15226,77.781297,0,0,0.0,0.0
Bengaluru Dist,Sulibele PS,1.04422e+16,2020,1,1,Road Accidents,Narrow road,Rural Areas,Open area,Not Applicable,No,Grievous Injury,Hit pedestrian,Uncontrolled,Straight and flat,Two way,Bitumen(Tar),Dry,Not Applicable,Clear,NH 207,MESS BESCOM,30feet,13.218745,77.831802,0,0,0.0,0.0
Bengaluru Dist,Sulibele PS,1.04422e+16,2020,1,2,Road Accidents,Narrow road,Rural Areas,Near a religious place,Not Applicable,No,Grievous Injury,Vehicle to Vehicle,Uncontrolled,Not Applicable,NH,Bitumen(Tar),Others,Not Applicable,Others,NH 207,tar road,5,13.132805,77.775071,0,1,0.0,1.0
Bengaluru Dist,Sulibele PS,1.04422e+16,2020,1,2,Road Accidents,Narrow road,Rural Areas,Open area,Not Applicable,No,Grievous Injury,Vehicle to Vehicle,Uncontrolled,Straight and flat,NH,Bitumen(Tar),Dry,Not Applicable,Clear,NH 207,overhead tank oposit road,20feet,13.118382,77.84008,0,0,0.0,0.0
Bengaluru Dist,Sulibele PS,1.04422e+16,2020,1,2,Road Accidents,Narrow road,Rural Areas,Near Petrol Pump,Vehicle Defect,No,Simple Injury,Vehicle to Vehicle,Not at  Junction,Dip or trough,NH,Bitumen(Tar),Others,Not Applicable,Very Cold,NH 207,tar road,14,13.137131,77.771657,0,1,0.0,1.0
Bengaluru Dist,Sulibele PS,1.04422e+16,2020,1,2,Road Accidents,Junction,Rural Areas,Open area,Not Applicable,No,Grievous Injury,Hit bicyclist,Uncontrolled,Slight Curve,State Highway,Bitumen(Tar),Dry,Not Applicable,Clear,state high way,ANJANEYA TEMPOLE,30,13.237444,77.847141,0,0,0.0,0.0
Bengaluru Dist,Sulibele PS,1.04422e+16,2020,1,2,Road Accidents,Narrow road,Rural Areas,Open area,Not Applicable,No,Damage Only,Vehicle to Vehicle,Not Applicable,Straight and flat,State Highway,Bitumen(Tar),Dry,Not Applicable,Clear,STATE HIGHWAY,NEAR KAMBALIPURA GATE,10 FET,13.170479,77.7931029,0,0,0.0,0.0
Bengaluru Dist,Sulibele PS,1.04422e+16,2020,1,2,Road Accidents,Narrow road,Rural Areas,Residential area,Not Applicable,No,Simple Injury,Hit bicyclist,Uncontrolled,Straight and flat,Two way,Bitumen(Tar),Dry,Not Applicable,Clear,other road,Channakesava alobrickes factory oposit,50 fee,13.213498,77.832469,0,0,0.0,0.0
Bengaluru Dist,Sulibele PS,1.04422e+16,2020,1,1,Road Accidents,Cross roads,Rural Areas,Open area,Not Applicable,No,Simple Injury,Hit animal,Uncontrolled,Curve,State Highway,Bitumen(Tar),Dry,Not Applicable,Clear,state high way,oposit Nagappa land,15,13.229527,77.838424,0,0,0.0,0.0
Bengaluru Dist,Sulibele PS,1.04422e+16,2020,1,1,Road Accidents,Narrow road,Rural Areas,Residential area,Not Applicable,No,Grievous Injury,Hit pedestrian,Not Applicable,Straight and flat,NH,Bitumen(Tar),Dry,Not Applicable,Clear,NH 207,ANJANEYA TEMPOLE,10 FET,13.138419,77.775621,0,0,0.0,0.0
Bengaluru Dist,Sulibele PS,1.04422e+16,2021,1,2,Road Accidents,Narrow road,Rural Areas,Open area,Not Applicable,No,Grievous Injury,Hit bicyclist,Uncontrolled,Straight and flat,NH,Bitumen(Tar),Dry,Not Applicable,Clear,NH 207,Near Hurabagil road,03 met,13.18445,77.796948,0,0,0.0,0.0
Bengaluru Dist,Sulibele PS,1.04422e+16,2021,1,1,Road Accidents,Not Applicable,Rural Areas,Near School or College,Not Applicable,No,Grievous Injury,Hit pedestrian,Not Applicable,Others,NH,Bitumen(Tar),Dry,Not Applicable,Clear,Hosakote Devanahalli Road,Sun Valley School,5,13.129394,77.774123,0,0,0.0,0.0
Bengaluru Dist,Sulibele PS,1.04422e+16,2021,1,3,Road Accidents,Narrow road,Rural Areas,Near Petrol Pump,Not Applicable,No,Damage Only,Vehicle to Vehicle,No signal lights,Not Applicable,NH,Bitumen(Tar),Dry,Not Applicable,Fine,NH 207,oposit Nagappa land,10,13.136967,77.7706879,0,0,0.0,0.0
Bengaluru Dist,Sulibele PS,1.04422e+16,2021,1,2,Road Accidents,Narrow road,Rural Areas,Near a factory industrial area,Not Applicable,No,Damage Only,Vehicle to Vehicle,No signal lights,Dip or trough,Minor District Road,Bitumen(Tar),Dry,Not Applicable,Clear,Shidlaghatta Hosakote Road,Naturo Chocolate Factory,5,13.136074,77.822834,0,0,0.0,0.0
Bengaluru Dist,Sulibele PS,1.04422e+16,2021,1,2,Road Accidents,Narrow road,Rural Areas,Open area,Not Applicable,No,Grievous Injury,Hit bicyclist,Uncontrolled,Straight and flat,State Highway,Bitumen(Tar),Dry,Not Applicable,Clear,state high way,Bangalore harticlture Nurcery,20feet,13.166677,77.828157,0,0,0.0,0.0
Bengaluru Dist,Sulibele PS,1.04422e+16,2021,1,2,Road Accidents,Narrow road,Rural Areas,Near office complex,Human Error,No,Grievous Injury,Vehicle to Vehicle,Not Applicable,Not Applicable,Two way,Not Applicable,Dry,Not Applicable,Fine,Hosakote Devanahalli Road,Opposite Karnataka Bank,0.5,13.186527,77.797845,0,0,0.0,0.0
Bengaluru Dist,Sulibele PS,1.04422e+16,2021,1,2,Road Accidents,Not Applicable,Rural Areas,Near a religious place,Human Error,No,Grievous Injury,Vehicle to Vehicle,Not at  Junction,Others,Major District Road,Bitumen(Tar),Dry,Not Applicable,Clear,NH 207,Kammasandra Village,5,13.150678,77.781678,0,0,0.0,0.0
Bengaluru Dist,Sulibele PS,1.04422e+16,2021,1,1,Road Accidents,Not Applicable,Rural Areas,Open area,Not Applicable,Not Applicable,Grievous Injury,Hit pedestrian,Not at  Junction,Others,NH,Bitumen(Tar),Dry,Drainage Ditch,Not Applicable,Hosakote Chintamani Road,Udupi Hotel,5,13.112553,77.832811,4,0,0.0,4.0
Bengaluru Dist,Sulibele PS,1.04422e+16,2021,1,1,Road Accidents,Not Applicable,Rural Areas,Open area,Not Applicable,No,Fatal,Not Applicable,Not Applicable,Not Applicable,NH,Bitumen(Tar),Dry,Not Applicable,Clear,NH,Towards east Govt school,60,13.170232,77.794165,0,0,0.0,0.0
Bengaluru Dist,Sulibele PS,1.04422e+16,2021,1,1,Road Accidents,Junction,Rural Areas,Open area,Human Error,No,Fatal,Not Applicable,Signals (Not working),Straight and flat,State Highway,Bitumen(Tar),Dry,Not Applicable,Not Applicable,HOSKOTE CHINTHAMANI ROAD NEAR CHOKKAHALLI,CHOKKAHALLI,12,13.112625,77.83298,0,0,0.0,0.0
Bengaluru Dist,Sulibele PS,1.04422e+16,2021,1,2,Road Accidents,Junction,Rural Areas,Near a factory industrial area,Not Applicable,Not Applicable,Grievous Injury,Vehicle to Vehicle,Not at  Junction,Others,NH,Bitumen(Tar),Dry,Not Applicable,Clear,Hosakote Chintamani Road,Pillagumpa,12,13.111562,77.8316039,0,0,0.0,0.0
Bengaluru Dist,Sulibele PS,1.04422e+16,2021,1,2,Road Accidents,Not Applicable,Rural Areas,Open area,Not Applicable,No,Fatal,Vehicle to Vehicle,Not Applicable,Others,Others,Bitumen(Tar),Others,Not Applicable,Clear,Others,Trees towards East,20,13.190436,77.7946,0,1,0.0,1.0
Bengaluru Dist,Sulibele PS,1.04422e+16,2021,1,2,Road Accidents,Curves,City/Town,Near Petrol Pump,Human Error,No,Grievous Injury,Vehicle to Vehicle,No signal lights,Sharp Curve,NH,Bitumen(Tar),Dry,Not Applicable,Clear,NH 207,Way Bridge,800,13.187972,77.797048,0,0,0.0,0.0
Bengaluru Dist,Sulibele PS,1.04422e+16,2021,1,2,Road Accidents,Narrow road,Rural Areas,Open area,Human Error,No,Damage Only,Vehicle to Vehicle,Not at  Junction,Straight and flat,Others,Bitumen(Tar),Dry,Not Applicable,Clear,Normal,Pillagumpa,14,13.118741,77.825647,0,0,0.0,0.0
Bengaluru Dist,Sulibele PS,1.04422e+16,2021,1,1,Road Accidents,Cross roads,Rural Areas,Open area,Not Applicable,Yes,Fatal,Hit pedestrian,Not Applicable,Not Applicable,NH,Bitumen(Tar),Dry,Not Applicable,Fine,NH,One Bridge Towords East,20,13.192337,77.803162,0,0,0.0,0.0
Bengaluru Dist,Sulibele PS,1.04422e+16,2021,1,2,Road Accidents,Not Applicable,Rural Areas,Open area,Not Applicable,No,Fatal,Vehicle to Vehicle,Not Applicable,Not Applicable,NH,Bitumen(Tar),Dry,Not Applicable,Fine,NH,to words south one transformer,30 Fee,13.152312,77.824758,0,0,0.0,0.0
Bengaluru Dist,Sulibele PS,1.04422e+16,2021,1,1,Road Accidents,Not Applicable,Rural Areas,Near Bus stop,Not Applicable,No,Fatal,Not Applicable,Not Applicable,Not Applicable,State Highway,Bitumen(Tar),Not Applicable,No influence on accident,Fine,HOSKOTE JANGAMKOTE ROAD,BENDIGANAHALLI,5,13.2158,77.837387,0,0,0.0,0.0
Bengaluru Dist,Sulibele PS,1.04422e+16,2021,1,2,Road Accidents,Narrow road,Rural Areas,Near or inside a village,Human Error,Not Applicable,Grievous Injury,Vehicle to Vehicle,Not Applicable,Others,Residential Street,Bitumen(Tar),Dry,Not Applicable,Clear,Bendiganahalli To Nandagudi,Road,9,13.213252,77.869512,0,0,0.0,0.0
Bengaluru Dist,Sulibele PS,1.04422e+16,2022,1,2,Road Accidents,Road hump or Rumble strips,Rural Areas,Open area,Human Error,No,Grievous Injury,Vehicle to Vehicle,Give way sign,Hump,NH,Bitumen(Tar),Dry,Not Applicable,Clear,"Hosakote Shidlaghatta Road, Bendiganahalli Lake",Hosakote,5,13.230184,77.84057,0,0,0.0,0.0
Bengaluru Dist,Sulibele PS,1.04422e+16,2022,1,2,Road Accidents,Curves,Rural Areas,Near or inside a village,Human Error,No,Damage Only,Not Applicable,Not Applicable,Curve,NH,Bitumen(Tar),Dry,No influence on accident,Clear,Hosakote Devanahalli road near kammasandra Village,Near kammasandra leck,6,13.151679,77.782439,0,0,0.0,0.0
Bengaluru Dist,Sulibele PS,1.04422e+16,2022,1,2,Road Accidents,Not Applicable,Rural Areas,Near a factory industrial area,Human Error,No,Fatal,Vehicle to Vehicle,Uncontrolled,Not Applicable,State Highway,Bitumen(Tar),Not Applicable,Not Applicable,Not Applicable,HOSAKOTE CHINTHAMANI ROAD NEAR CHOKKAHALLI,CHIKKA HULLURU GATE,12,0.0,0.0,0,0,0.0,0.0
Bengaluru Dist,Sulibele PS,1.04422e+16,2022,1,2,Road Accidents,Cross roads,Rural Areas,Near School or College,Human Error,Not Applicable,Simple Injury,Vehicle to Vehicle,Not Applicable,Others,NH,Bitumen(Tar),Dry,Not Applicable,Clear,NH 209  Hosakote Devanahalli  Road,Near Yanagunte govt school,4,13.157773,77.79092,0,0,0.0,0.0
Bengaluru Dist,Sulibele PS,1.04422e+16,2022,1,2,Road Accidents,Not Applicable,Rural Areas,Near Petrol Pump,Human Error,No,Fatal,Vehicle to Vehicle,Not Applicable,Not Applicable,State Highway,Bitumen(Tar),Not Applicable,No influence on accident,Not Applicable,HOSAKOTE CHINTHAMANI ROAD,CHOKKAHALLI,12,13.118881,77.82293,0,0,0.0,0.0
Bengaluru Dist,Sulibele PS,1.04422e+16,2022,1,1,Road Accidents,Not Applicable,Rural Areas,Near a factory industrial area,Human Error,No,Grievous Injury,Not Applicable,Not Applicable,Not Applicable,Others,Bitumen(Tar),Dry,Not Applicable,Clear,TTK Facr]troy Road Near,TTK Factroy,10 Mtr,13.115432,77.833133,0,0,0.0,0.0
Bengaluru Dist,Sulibele PS,1.04422e+16,2022,1,2,Road Accidents,Not Applicable,Rural Areas,Open area,Human Error,No,Grievous Injury,Vehicle to Vehicle,Controlled,Not Applicable,NH,Bitumen(Tar),Wet,Not Applicable,Clear,Hosakote Devaranahalli Road Vabasandra Gate Near,Hosakote Devaranahalli Road Vabasandra Gate Near,10 met,13.123529,77.773286,0,3,0.0,3.0
Bengaluru Dist,Sulibele PS,1.04422e+16,2022,1,2,Road Accidents,Curves,Rural Areas,Near Bus stop,Vehicle Defect,No,Grievous Injury,Vehicle to Vehicle,Not Applicable,Curve,Major District Road,Bitumen(Tar),Dry,Not Applicable,Clear,Hosakote Shidlaghatta Road,Hosakote,10,13.116377,77.83663,0,0,0.0,0.0
Bengaluru Dist,Sulibele PS,1.04422e+16,2022,1,2,Road Accidents,Narrow road,Rural Areas,Open area,Human Error,No,Grievous Injury,Vehicle to Vehicle,Not at  Junction,Straight and flat,Others,Bitumen(Tar),Dry,Not Applicable,Clear,na,1,1,0.0,0.0,0,0,0.0,0.0
Bengaluru Dist,Sulibele PS,1.04422e+16,2022,1,2,Road Accidents,Junction,Rural Areas,Near Petrol Pump,Not Applicable,No,Grievous Injury,Vehicle to Vehicle,Not at  Junction,Not Applicable,NH,Bitumen(Tar),Dry,Not Applicable,Clear,NH 648,Near Hasigal,5,13.136182,77.775592,0,0,0.0,0.0
Bengaluru Dist,Sulibele PS,1.04422e+16,2022,1,2,Road Accidents,Not Applicable,Rural Areas,Open area,Human Error,No,Fatal,Vehicle to Vehicle,Uncontrolled,Not Applicable,State Highway,Bitumen(Tar),Not Applicable,Not Applicable,Not Applicable,HOSAKOTE CHINTHAMANI ROAD,CHOLAPPANAHALLI,14,0.0,0.0,0,0,0.0,0.0
Bengaluru Dist,Sulibele PS,1.04422e+16,2022,1,2,Road Accidents,Not Applicable,Rural Areas,Open area,Human Error,No,Grievous Injury,Vehicle to Vehicle,Not Applicable,Others,Others,Bitumen(Tar),Dry,Not Applicable,Clear,Bendiganahalli Cross to Dyvasandra Gate Center Road,Bendiganahalli Cross to Dyvasandra Gate Center Road,50 mtr,13.20652,77.839537,0,0,0.0,0.0
Bengaluru Dist,Sulibele PS,1.04422e+16,2022,1,2,Road Accidents,Not Applicable,Rural Areas,Near Petrol Pump,Human Error,Yes,Fatal,Vehicle to Vehicle,Not Applicable,Slight Curve,State Highway,Bitumen(Tar),Not Applicable,Not Applicable,Not Applicable,HOSAKOTE JANGAMKOTE RAOD NEAR NAGARENAHALLI GATE,NAGARENHALLI GATE,6,13.165314,77.828225,0,0,0.0,0.0