DISTRICTNAME,UNITNAME,Crime_No,Year,RI,Noofvehicle_involved,Accident_Classification,Accident_Spot,Accident_Location,Accident_SubLocation,Main_Cause,Hit_Run,Severity,Collision_Type,Junction_Control,Road_Character,Road_Type,Surface_Type,Surface_Condition,Road_Condition,Weather,Accident_Road,Landmark_first,Distance_LandMark_First,Latitude,Longitude,Road_Condition_Score,Surface_Condition_Score,Surface_Type_Score,Road_Risk_Index
Bengaluru Dist,Sulibele PS,1.04422e+16,2022,1,2,Road Accidents,Not Applicable,Rural Areas,Near a factory industrial area,Human Error,No,Grievous Injury,Vehicle to Vehicle,Not Applicable,Straight and flat,Residential Street,Bitumen(Tar),Wet,Not Applicable,Clear,In Front of TTK  factory Pillagumpa,TTK Factroy Pillagumpa,10,13.116779,77.8343949,0,3,0.0,3.0
Bengaluru Dist,Sulibele PS,1.04422e+16,2022,1,2,Not Applicable,Circle,City/Town,Narrow bridge or culverts,Human Error,No,Damage Only,Vehicle to Vehicle,Controlled,Curve,Others,Bitumen(Tar),Dry,Not Applicable,Clear,Siddenahalli Road,Siddenhalli,5,13.166166,77.826814,0,0,0.0,0.0
Bengaluru Dist,Sulibele PS,1.04422e+16,2022,1,1,Road Accidents,Narrow road,Rural Areas,Near a factory industrial area,Human Error,No,Fatal,Hit pedestrian,Not Applicable,Not Applicable,State Highway,Bitumen(Tar),Not Applicable,No influence on accident,Clear,HOSAKOTE CHINTHAMANI ROAD NEAR CHIKKA HULLURU,CHIKKA HULLURU GATE,12,13.103525,77.8232039,0,0,0.0,0.0
Bengaluru Dist,Sulibele PS,1.04422e+16,2022,1,1,Road Accidents,Not Applicable,Rural Areas,Open area,Human Error,No,Fatal,Not Applicable,Not Applicable,Not Applicable,NH,Bitumen(Tar),Not Applicable,No influence on accident,Others,KAMMASANDRA,KAMMASANDRA,6,13.148773,77.780568,0,0,0.0,0.0
Bengaluru Dist,Sulibele PS,1.04422e+16,2022,1,2,Road Accidents,Narrow road,Rural Areas,Near Petrol Pump,Human Error,No,Grievous Injury,Vehicle to Vehicle,Not at  Junction,Straight and flat,NH,Bitumen(Tar),Dry,Not Applicable,Clear,NH 207,1,8,0.0,0.0,0,0,0.0,0.0
Bengaluru Dist,Sulibele PS,1.04422e+16,2022,1,2,Rail Road Accidents,Narrow road,Rural Areas,Open area,Human Error,No,Fatal,Vehicle to Vehicle,Not Applicable,Not Applicable,State Highway,Bitumen(Tar),Not Applicable,No influence on accident,Not Applicable,CHOKKAHALLI,CHOKKAHALLI,12 KM,13.119783,77.81834,0,0,0.0,0.0
Bengaluru Dist,Sulibele PS,1.04422e+16,2022,1,2,Road Accidents,Narrow road,Rural Areas,Near a factory industrial area,Human Error,No,Fatal,Vehicle to Vehicle,Uncontrolled,Not Applicable,Two way,Bitumen(Tar),Not Applicable,No influence on accident,Not Applicable,CHOKKAHALLI INDUSTRIAL AREA,AMBE FOODS FACTORY,12,13.116648,77.834463,0,0,0.0,0.0
Bengaluru Dist,Sulibele PS,1.04422e+16,2022,1,1,Road Accidents,Offset,Rural Areas,Open area,Human Error,Not Applicable,Grievous Injury,Not Applicable,Not Applicable,Others,Others,Bitumen(Tar),Dry,Not Applicable,Clear,Sulibele-Bendiganahalli Road,Shantanapur,3,13.197157,77.820196,0,0,0.0,0.0
Bengaluru Dist,Sulibele PS,1.04422e+16,2022,1,2,Road Accidents,Narrow road,Rural Areas,Near Petrol Pump,Not Applicable,Yes,Grievous Injury,Vehicle to Vehicle,Not Applicable,Not Applicable,NH,Bitumen(Tar),Dry,Not Applicable,Clear,Hosakote Chintamani Road,Chokkahalli,4,13.143835,77.796824,0,0,0.0,0.0
Bengaluru Dist,Sulibele PS,1.04422e+16,2022,1,2,Not Applicable,Curves,Rural Areas,Near or inside a village,Human Error,No,Grievous Injury,Vehicle to Vehicle,No signal lights,Others,State Highway,Bitumen(Tar),Dry,Not Applicable,Clear,Shidlaghatta Road,Shidlaghatta Road,10,13.229532,77.8380539,0,0,0.0,0.0
Bengaluru Dist,Sulibele PS,1.04422e+16,2022,1,1,Road Accidents,Narrow road,Rural Areas,Near a factory industrial area,Human Error,No,Fatal,Not Applicable,Not Applicable,Not Applicable,State Highway,Bitumen(Tar),Not Applicable,No influence on accident,Not Applicable,HOSKOTE SIDLAGHATTA ROAD,8,8,13.127502,77.820852,0,0,0.0,0.0
Bengaluru Dist,Sulibele PS,1.04422e+16,2022,1,2,Not Applicable,Circle,City/Town,Open area,Not Applicable,No,Grievous Injury,Vehicle to Vehicle,Not Applicable,Curve,Major District Road,Bitumen(Tar),Dry,Construction Work / Material,Clear,2,Hosakote,5,13.229457,77.837978,2,0,0.0,2.0
Bengaluru Dist,Sulibele PS,1.04422e+16,2022,1,2,Road Accidents,Not Applicable,Rural Areas,Near Petrol Pump,Human Error,Yes,Fatal,Vehicle to Vehicle,Not Applicable,Not Applicable,State Highway,Concrete,Not Applicable,Not Applicable,Not Applicable,SIDLAGHATTA HOSKOTE ROAD,NAGARENHALLI,8,13.166629,77.828332,0,0,0.0,0.0
Bengaluru Dist,Sulibele PS,1.04422e+16,2022,1,2,Road Accidents,Narrow road,Rural Areas,Open area,Human Error,Yes,Grievous Injury,Vehicle to Vehicle,Not at  Junction,Straight and flat,Others,Bitumen(Tar),Dry,No influence on accident,Clear,1,1,15,13.119472,77.821329,0,0,0.0,0.0
Bengaluru Dist,Sulibele PS,1.04422e+16,2023,1,1,Not Applicable,Not Applicable,Rural Areas,Open area,Human Error,No,Fatal,Not Applicable,Not Applicable,Others,Others,Not Applicable,Others,Not Applicable,Clear,Other,Tammegowda Ittage Factroy Nagarenahalli,2 M,0.0,0.0,0,1,0.0,1.0
Bengaluru Dist,Sulibele PS,1.04422e+16,2023,1,2,Road Accidents,Not Applicable,Rural Areas,Open area,Human Error,No,Grievous Injury,Vehicle to Vehicle,Not Applicable,Not Applicable,State Highway,Bitumen(Tar),Not Applicable,Pot holed,Not Applicable,SULIBELE MAIN ROAD DEVANAHALLI CROSS,DEVANAHALLI CROSS,0.5 KM,13.184875,77.798018,5,0,0.0,5.0
Bengaluru Dist,Sulibele PS,1.04422e+16,2023,1,1,Road Accidents,Not Applicable,Rural Areas,Open area,Human Error,No,Fatal,Not Applicable,Controlled,Hump,Others,Bitumen(Tar),Wet,Not Applicable,Clear,Nagarenahalli Giddapanahalli Road Hump Near,Nagarenahalli Giddapanahalli Road Hump Near,05 m,13.191243,77.851746,0,3,0.0,3.0
Bengaluru Dist,Sulibele PS,1.04422e+16,2023,1,1,Road Accidents,Cross roads,Rural Areas,Near School or College,Human Error,No,Fatal,Not Applicable,Controlled,Slight Curve,State Highway,Bitumen(Tar),Not Applicable,Not Applicable,Not Applicable,HOSAKOTE JANGAMKOTE ROAD,SCHOOL,3 KM,0.0,0.0,0,0,0.0,0.0
Bengaluru Dist,Sulibele PS,1.04422e+16,2023,1,1,Road Accidents,Cross roads,Rural Areas,Open area,Human Error,No,Fatal,Hit bicyclist,Uncontrolled,Slight Curve,NH,Bitumen(Tar),Others,Construction Work / Material,Others,NH 248 CHENNAI SUPAR FAST ROAD,ATTIBELE,3 KM,13.169739,77.793881,2,1,0.0,3.0
Bengaluru Dist,Sulibele PS,1.04422e+16,2023,1,2,Road Accidents,Not Applicable,Rural Areas,Open area,Human Error,No,Grievous Injury,Vehicle to Vehicle,Not Applicable,Not Applicable,NH,Bitumen(Tar),Dry,Pot holed,Clear,Sri Laksminarasimhaswamy Water service center Near Thimmasandra Gate,Sri Laksminarasimhaswamy Water service center Near Thimmasandra Gate,50 mtr,0.0,0.0,5,0,0.0,5.0
Bengaluru Dist,Sulibele PS,1.04422e+16,2023,1,2,Road Accidents,Not Applicable,Rural Areas,Narrow bridge or culverts,Human Error,No,Grievous Injury,Vehicle to Vehicle,Not Applicable,Straight and flat,NH,Bitumen(Tar),Wet,Not Applicable,Cloudy,Near Bridge,Hosakote Shidlaghatta Road Near,20 mit,13.116372,77.817218,0,3,0.0,3.0
Bengaluru Dist,Sulibele PS,1.04422e+16,2023,1,1,Road Accidents,Not Applicable,Rural Areas,Open area,Human Error,No,Grievous Injury,Not Applicable,Not Applicable,Not Applicable,State Highway,Bitumen(Tar),Not Applicable,No influence on accident,Not Applicable,SULIBELE MAIN ROAD DEVANAHALLI CROSS,SULIBELE MAIN ROAD,0.5,13.184918,77.797997,0,0,0.0,0.0
Bengaluru Dist,Sulibele PS,1.04422e+16,2023,1,1,Road Accidents,Not Applicable,Rural Areas,Open area,Human Error,Not Applicable,Simple Injury,Not Applicable,Not Applicable,Not Applicable,State Highway,Bitumen(Tar),Wet,Not Applicable,Clear,Near Gullahalli Gate,Near Gullahalli Gate,200 mt,13.161013,77.791801,0,3,0.0,3.0
Bengaluru Dist,Sulibele PS,1.04422e+16,2023,1,1,Road Accidents,Not Applicable,Rural Areas,Open area,Human Error,No,Fatal,Not Applicable,Not Applicable,Not Applicable,Minor District Road,Bitumen(Tar),Not Applicable,Not Applicable,Clear,HASIGALA SONNAHALLIPURA,SONNAHALLIPURA,10 KM,13.13564,77.787992,0,0,0.0,0.0
Bengaluru Dist,Sulibele PS,1.04422e+16,2023,1,2,Road Accidents,Narrow road,Rural Areas,Open area,Human Error,No,Grievous Injury,Vehicle to Vehicle,Not Applicable,Not Applicable,NH,Bitumen(Tar),Ditch or Potholed,Not Applicable,Fine,NEAR SULIBELE LAKE,SULIBELE LAKE,1 KM,13.181993,77.799453,0,5,0.0,5.0
Bengaluru Dist,Sulibele PS,1.04422e+16,2023,1,2,Road Accidents,Narrow road,Rural Areas,Open area,Human Error,No,Grievous Injury,Vehicle to Vehicle,Not Applicable,Incline,Minor District Road,Bitumen(Tar),Wet,Pot holed,Fine,KAMMASANDRA GANGAVARA ROAD,KAMMASANDRA,6 KM,0.0,0.0,5,3,0.0,8.0
Bengaluru Dist,Sulibele PS,1.04422e+16,2023,1,1,Road Accidents,Not Applicable,Rural Areas,Open area,Human Error,Yes,Grievous Injury,Hit pedestrian,Controlled,Straight and flat,Others,Bitumen(Tar),Dry,Not Applicable,Fine,Other Road,Kataremma Temple Near Sulibele Town and Bendiganahalli cross Road,50 Fee,13.182699,77.802499,0,0,0.0,0.0
Bengaluru Dist,Sulibele PS,1.04422e+16,2023,1,2,Road Accidents,Not Applicable,Rural Areas,Open area,Human Error,Yes,Grievous Injury,Vehicle to Vehicle,Not Applicable,Straight and flat,Minor District Road,Bitumen(Tar),Not Applicable,No influence on accident,Clear,SHIVANAPURA CROSS TO BENDIGANHALLI ROAD,DYAVASANDRA GATE,4 KM,13.206365,77.843973,0,0,0.0,0.0
Bengaluru Dist,Sulibele PS,1.04422e+16,2023,1,2,Road Accidents,Narrow road,Rural Areas,Open area,Human Error,No,Grievous Injury,Vehicle to Vehicle,Not Applicable,Straight and flat,State Highway,Bitumen(Tar),Not Applicable,Not Applicable,Fine,SIDLAGHATTA HOSAKOTE ROAD,DYVASANDRA GATE,4,13.200955,77.834163,0,0,0.0,0.0
Bengaluru Dist,Sulibele PS,1.04422e+16,2023,1,2,Road Accidents,Not Applicable,Rural Areas,Open area,Human Error,No,Damage Only,Vehicle to Vehicle,Controlled,Straight and flat,NH,Bitumen(Tar),Dry,Not Applicable,Clear,NH 648 Road Kamblipur Gate Near,Kamblipur Gate Near,50Met,13.139668,77.804984,0,0,0.0,0.0
Bengaluru Dist,Sulibele PS,1.04422e+16,2023,1,3,Road Accidents,Not Applicable,Rural Areas,Open area,Human Error,No,Simple Injury,Vehicle to Vehicle,Not Applicable,Others,Others,Bitumen(Tar),Dry,Not Applicable,Clear,Near Ravi House,Near Ravi House Giddapanahalli Nagarenahalli Center,100 f,13.170578,77.822284,0,0,0.0,0.0
Bengaluru Dist,Sulibele PS,1.04422e+16,2023,1,1,Road Accidents,Curves,Rural Areas,Open area,Human Error,No,Grievous Injury,Not Applicable,Controlled,Curve,Others,Bitumen(Tar),Wet,Not Applicable,Clear,Sulibele Giddapanahalli Road,Ittage Factory Near,25 Met,13.174434,77.806208,0,3,0.0,3.0
Bengaluru Dist,Sulibele PS,1.04422e+16,2023,1,1,Road Accidents,Not Applicable,Rural Areas,Open area,Human Error,No,Fatal,Not Applicable,Not Applicable,Straight and flat,Minor District Road,Bitumen(Tar),Not Applicable,Pot holed,Mist or Fog,E MUTHSANDRA BEGURU ROAD,BEGURU VILLAGE,8 KM,13.151864,77.85502,5,0,0.0,5.0
Bengaluru Dist,Sulibele PS,1.04422e+16,2023,1,3,Road Accidents,Narrow road,Rural Areas,Near Bus stop,Human Error,No,Grievous Injury,Vehicle to Vehicle,Uncontrolled,Not Applicable,NH,Bitumen(Tar),Not Applicable,No influence on accident,Clear,HOSAKOTE DEVANHALALI NH 207 ROAD,THIMMASANDRA,9 KM,13.124202,77.773307,0,0,0.0,0.0
Bengaluru Dist,Suryanagar PS,1.04422e+16,2016,1,1,Road Accidents,Offset,Rural Areas,Open area,Not Applicable,No,Fatal,Hit pedestrian,Controlled,Not Applicable,NH,Bitumen(Tar),Dry,Not Applicable,Fine,BANGALORE TO HOSUR  N H 7 ROAD,HENNAGAR GATE,15 FT,0.0,0.0,0,0,0.0,0.0
Bengaluru Dist,Suryanagar PS,1.04422e+16,2016,1,1,Road Accidents,Junction,Rural Areas,Open area,Not Applicable,Yes,Fatal,Others,Controlled,Others,NH,Bitumen(Tar),Dry,Not Applicable,Fine,HOSUR TO BANGLAORE ROAD N H 7,HENNAGARA GATE,15 FT,0.0,0.0,0,0,0.0,0.0
Bengaluru Dist,Suryanagar PS,1.04422e+16,2016,1,1,Road Accidents,Other,City/Town,Open area,Not Applicable,Not Applicable,Damage Only,Others,Uncontrolled,Others,NH,Bitumen(Tar),Dry,Not Applicable,Clear,"bangalore to hosur road, near chandapura road",chandapura near,3 ft,0.0,0.0,0,0,0.0,0.0
Bengaluru Dist,Suryanagar PS,1.04422e+16,2016,1,1,Road Accidents,Narrow road,Rural Areas,Open area,Human Error,Yes,Fatal,Hit and Run,Controlled,Others,NH,Bitumen(Tar),Dry,Not Applicable,Fine,HOSUR TO BANGALORE,HALECHANDAPURA,100 FT,0.0,0.0,0,0,0.0,0.0
Bengaluru Dist,Suryanagar PS,1.04422e+16,2016,1,1,Road Accidents,Other,City/Town,Open area,Not Applicable,No,Damage Only,Others,Controlled,Others,NH,Bitumen(Tar),Dry,Not Applicable,Fine,HOSUR TO BANGALORE N H - 7 ROAD,THIRUMAGONDAHALLI,3 FT,0.0,0.0,0,0,0.0,0.0
Bengaluru Dist,Suryanagar PS,1.04422e+16,2016,1,2,Road Accidents,Culvert,City/Town,Open area,Not Applicable,No,Damage Only,Overturning,Controlled,Curve,NH,Bitumen(Tar),Dry,Not Applicable,Fine,CHANDAPUR CIRCLE U TURN,CHANDAPUR CIRCLE,3 FT,0.0,0.0,0,0,0.0,0.0
Bengaluru Dist,Suryanagar PS,1.04422e+16,2016,1,1,Road Accidents,Other,Rural Areas,Near Bus stop,Not Applicable,Yes,Simple Injury,Hit pedestrian,Controlled,Others,NH,Bitumen(Tar),Dry,Not Applicable,Fine,"NEAR HENNAGARA BUS STOP, BANGALORE TO HOSUR ROAD",HENNAGARA BUS STOP,15 FT,0.0,0.0,0,0,0.0,0.0
Bengaluru Dist,Suryanagar PS,1.04422e+16,2016,1,2,Road Accidents,Cross roads,Rural Areas,Open area,Not Applicable,No,Simple Injury,Others,Controlled,Others,State Highway,Bitumen(Tar),Dry,Not Applicable,Fine,CHANDAPURA TO MUTHANALLLUR ROAD,GOPALREDDY LAND,3 FT,0.0,0.0,0,0,0.0,0.0
Bengaluru Dist,Suryanagar PS,1.04422e+16,2016,1,2,Road Accidents,Other,Rural Areas,Open area,Not Applicable,No,Simple Injury,Head on,Controlled,Others,State Highway,Bitumen(Tar),Dry,Not Applicable,Fine,CHANDAPURA TO ANEKAL ROAD,IGGALUR,3 FT,0.0,0.0,0,0,0.0,0.0
Bengaluru Dist,Suryanagar PS,1.04422e+16,2016,1,1,Road Accidents,Other,Rural Areas,Open area,Not Applicable,Yes,Fatal,Hit pedestrian,Controlled,Others,NH,Bitumen(Tar),Dry,Not Applicable,Fine,CHANDAPUR TO HENNAGARA GATE,HENNAGARA GATE,10 FT,0.0,0.0,0,0,0.0,0.0
Bengaluru Dist,Suryanagar PS,1.04422e+16,2016,1,1,Road Accidents,Other,Rural Areas,Near Bus stop,Not Applicable,No,Grievous Injury,Hit pedestrian,Controlled,Others,NH,Bitumen(Tar),Dry,Not Applicable,Fine,NH7 BANGALORU TO HOSUR,TIRUMAGONDANAHALLI BUS STOP,10 FT,0.0,0.0,0,0,0.0,0.0
Bengaluru Dist,Suryanagar PS,1.04422e+16,2016,1,2,Road Accidents,Curves,Rural Areas,Open area,Not Applicable,No,Simple Injury,Overturning,Controlled,Others,State Highway,Bitumen(Tar),Dry,Not Applicable,Fine,CHANDAPURA TO NARAYANAGATTA ROAD,NARSARI,3 FT,0.0,0.0,0,0,0.0,0.0
Bengaluru Dist,Suryanagar PS,1.04422e+16,2016,1,2,Road Accidents,Other,Rural Areas,Open area,Human Error,No,Fatal,Others,Controlled,Others,State Highway,Bitumen(Tar),Dry,Not Applicable,Fine,CHANDAPURA TO DOMMASANDRA ROAD,NAGAREDDY LAND,10 FT,0.0,0.0,0,0,0.0,0.0
Bengaluru Dist,Suryanagar PS,1.04422e+16,2016,1,3,Road Accidents,Other,Rural Areas,Open area,Not Applicable,No,Simple Injury,Others,Controlled,Not Applicable,NH,Bitumen(Tar),Dry,Not Applicable,Fine,bangalore to hosur road,hennagara gate,3 ft,0.0,0.0,0,0,0.0,0.0
Bengaluru Dist,Suryanagar PS,1.04422e+16,2016,1,2,Road Accidents,Cross roads,City/Town,Open area,Not Applicable,No,Simple Injury,Others,Controlled,Others,NH,Bitumen(Tar),Dry,Not Applicable,Fine,CHANDAPURA TO ATTIBELE HOBLI,chandapura near,3 FT,0.0,0.0,0,0,0.0,0.0
Bengaluru Dist,Suryanagar PS,1.04422e+16,2016,1,3,Road Accidents,Cross roads,Rural Areas,Open area,Not Applicable,Yes,Fatal,Overturning,Controlled,Not Applicable,NH,Bitumen(Tar),Dry,Not Applicable,Fine,HOSUR TO BANGALORE,THIRMAGONDAHALLI CROSS,12 FT,0.0,0.0,0,0,0.0,0.0
Bengaluru Dist,Suryanagar PS,1.04422e+16,2016,1,1,Road Accidents,Narrow road,City/Town,Open area,Human Error,Yes,Fatal,Others,Controlled,Others,NH,Bitumen(Tar),Dry,Not Applicable,Fine,HOSUR TO BANGALORE,KITHAGANAHALLI GATE,10 FT,0.0,0.0,0,0,0.0,0.0
Bengaluru Dist,Suryanagar PS,1.04422e+16,2016,1,1,Road Accidents,Circle,Rural Areas,Open area,Human Error,No,Fatal,Overturning,Controlled,Curve,State Highway,Bitumen(Tar),Dry,Not Applicable,Fine,CHANDAPURA TO MUTHANALLLUR ROAD,HELLAGE CROSS,100 FT,0.0,0.0,0,0,0.0,0.0
Bengaluru Dist,Suryanagar PS,1.04422e+16,2016,1,2,Road Accidents,Cross roads,Rural Areas,Open area,Human Error,No,Grievous Injury,Others,Not Applicable,Curve,State Highway,Bitumen(Tar),Dry,Not Applicable,Clear,EGALUR VILLAGE GATE,EGALLUR VILLAGE GATE,10 FT,0.0,0.0,0,0,0.0,0.0
Bengaluru Dist,Suryanagar PS,1.04422e+16,2016,1,1,Road Accidents,Other,Rural Areas,Near Bus stop,Not Applicable,No,Grievous Injury,Hit pedestrian,Controlled,Others,NH,Bitumen(Tar),Dry,Not Applicable,Fine,OLD CHANDAPUR,BUS STOP,15 FT,0.0,0.0,0,0,0.0,0.0
Bengaluru Dist,Suryanagar PS,1.04422e+16,2016,1,1,Road Accidents,Other,Rural Areas,Open area,Not Applicable,Not Applicable,Damage Only,Hit fixed object,Controlled,Others,State Highway,Bitumen(Tar),Dry,Not Applicable,Fine,CHANDAPUR TO ANEKAL ROAD,CHANDAPUR SAA MIL,15 FT,0.0,0.0,0,0,0.0,0.0
Bengaluru Dist,Suryanagar PS,1.04422e+16,2016,1,1,Road Accidents,Curves,Rural Areas,Residential area,Not Applicable,No,Fatal,Overturning,Controlled,Curve,Village Road,Bitumen(Tar),Dry,Not Applicable,Fine,HALLECHANDPURA TO ALLIBOMASANDRA  ROAD,CHINAPPA LAND NEAR TREE,3 FT,0.0,0.0,0,0,0.0,0.0
Bengaluru Dist,Suryanagar PS,1.04422e+16,2016,1,2,Road Accidents,Other,Rural Areas,Open area,Not Applicable,Yes,Damage Only,Others,Controlled,Others,State Highway,Bitumen(Tar),Dry,Not Applicable,Fine,CHANDAPUR TO ANEKAL ROAD,CHANDAPUR CERCLE,25,0.0,0.0,0,0,0.0,0.0
Bengaluru Dist,Suryanagar PS,1.04422e+16,2016,1,2,Road Accidents,Curves,Villages settlement,Open area,Human Error,Yes,Fatal,Hit and Run,Uncontrolled,Curve,Village Road,Bitumen(Tar),Dry,Not Applicable,Clear,ALLIBOMASANDRA TO ATTIBELE ROAD,NEAR STRIDES COMPANY,25 MTR,0.0,0.0,0,0,0.0,0.0
Bengaluru Dist,Suryanagar PS,1.04422e+16,2016,1,2,Road Accidents,Bridge,Rural Areas,Open area,Human Error,No,Damage Only,Others,Controlled,Others,NH,Bitumen(Tar),Dry,Not Applicable,Fine,BANGALORE TO HOSUR NH7 ROAD,CHANDAPURA PLAY OVER,100FT,0.0,0.0,0,0,0.0,0.0
Bengaluru Dist,Suryanagar PS,1.04422e+16,2016,1,2,Road Accidents,Curves,Rural Areas,Open area,Not Applicable,Yes,Grievous Injury,Head on,Controlled,Curve,State Highway,Bitumen(Tar),Dry,Not Applicable,Fine,CHANDAPUR TO MUTTANALLUR CROSS ROAD,HEELALIGE CROSS,25,0.0,0.0,0,0,0.0,0.0
Bengaluru Dist,Suryanagar PS,1.04422e+16,2016,1,2,Road Accidents,Other,Rural Areas,Open area,Not Applicable,Yes,Grievous Injury,Others,Controlled,Others,Others,Bitumen(Tar),Dry,Not Applicable,Fine,CHANDAPURA TO MUTHANALLLUR ROAD,CHANDAPUR LAKE,25,0.0,0.0,0,0,0.0,0.0
Bengaluru Dist,Suryanagar PS,1.04422e+16,2016,1,1,Road Accidents,Other,Rural Areas,Open area,Not Applicable,Yes,Damage Only,Others,Controlled,Others,NH,Bitumen(Tar),Dry,Not Applicable,Fine,NEAR CHANDAPUR RAILWAY BRIDG,CHANDAPUR RAILWAY BRIDG,15 FT,0.0,0.0,0,0,0.0,0.0
Bengaluru Dist,Suryanagar PS,1.04422e+16,2016,1,1,Road Accidents,Other,City/Town,Open area,Not Applicable,No,Simple Injury,Others,Controlled,Not Applicable,NH,Bitumen(Tar),Dry,Not Applicable,Fine,HOSUR TO BANGALORE N H - 7 ROAD,HENNAGARA GATE,3 FT,0.0,0.0,0,0,0.0,0.0
Bengaluru Dist,Suryanagar PS,1.04422e+16,2016,1,1,Road Accidents,Other,Rural Areas,Open area,Not Applicable,Yes,Grievous Injury,Hit and Run,Not Applicable,Curve,Others,Bitumen(Tar),Others,Not Applicable,Not Applicable,near casco company chandapura to muthanallur cross road,tar road,10 ft,0.0,0.0,0,1,0.0,1.0
Bengaluru Dist,Suryanagar PS,1.04422e+16,2016,1,2,Road Accidents,T Junction,Rural Areas,Open area,Not Applicable,No,Grievous Injury,Others,Controlled,Curve,State Highway,Bitumen(Tar),Dry,Not Applicable,Fine,ANEKAL TO CHANDAPURA ROAD,PETROL BUNK OPPSIT,3 FT,0.0,0.0,0,0,0.0,0.0
Bengaluru Dist,Suryanagar PS,1.04422e+16,2016,1,1,Road Accidents,Other,Rural Areas,Open area,Not Applicable,Yes,Simple Injury,Others,Controlled,Others,NH,Bitumen(Tar),Dry,Not Applicable,Fine,NH7 BANGALORU TO HOSUR ROAD,CHANDAPUR BRIDG,15 FT,0.0,0.0,0,0,0.0,0.0
Bengaluru Dist,Suryanagar PS,1.04422e+16,2016,1,2,Road Accidents,Narrow road,Rural Areas,Open area,Human Error,Yes,Fatal,Others,Controlled,Not Applicable,State Highway,Bitumen(Tar),Dry,Not Applicable,Fine,EGGALUR VILLAGE,EGGALUR VILLAGE NEAR MANJUNATHA BAR,100 FT,0.0,0.0,0,0,0.0,0.0
Bengaluru Dist,Suryanagar PS,1.04422e+16,2016,1,2,Road Accidents,Circle,City/Town,Open area,Not Applicable,No,Damage Only,Overturning,Controlled,Curve,NH,Bitumen(Tar),Dry,Not Applicable,Fine,CHANDAPURA TO ANEKAL ROAD,CRICLE,3 FT,0.0,0.0,0,0,0.0,0.0
Bengaluru Dist,Suryanagar PS,1.04422e+16,2016,1,2,Road Accidents,Other,Rural Areas,Open area,Not Applicable,No,Grievous Injury,Right Turn Collision,Controlled,Others,NH,Bitumen(Tar),Dry,Not Applicable,Fine,BANGALORE TO HOSUR ROAD,THIRMAGONDAHALLI CROSS,3 FT,0.0,0.0,0,0,0.0,0.0
Bengaluru Dist,Suryanagar PS,1.04422e+16,2016,1,1,Road Accidents,Other,Rural Areas,Near Bus stop,Not Applicable,No,Grievous Injury,Hit pedestrian,Controlled,Others,Service Road,Bitumen(Tar),Dry,Not Applicable,Fine,N H 7 SERVICE ROAD,CHANDAPUR BUS STOP,15 FT,0.0,0.0,0,0,0.0,0.0
Bengaluru Dist,Suryanagar PS,1.04422e+16,2016,1,2,Road Accidents,Narrow road,Rural Areas,Open area,Human Error,No,Simple Injury,Head on,Controlled,Not Applicable,Village Road,Bitumen(Tar),Dry,Not Applicable,Fine,DOMMASANDRA TO CHANDAPURA,NEAR RAMASAGARA,100 FT,0.0,0.0,0,0,0.0,0.0
Bengaluru Dist,Suryanagar PS,1.04422e+16,2016,1,2,Road Accidents,Other,Rural Areas,Near Petrol Pump,Not Applicable,No,Fatal,Others,Controlled,Others,NH,Bitumen(Tar),Dry,Not Applicable,Fine,HOSUR TO BANGLAORE ROAD N H 7,PETROL BUNK OPPSIT,10 FT,0.0,0.0,0,0,0.0,0.0
Bengaluru Dist,Suryanagar PS,1.04422e+16,2016,1,1,Road Accidents,Other,Rural Areas,Open area,Not Applicable,No,Grievous Injury,Hit pedestrian,Controlled,Others,State Highway,Bitumen(Tar),Dry,Not Applicable,Fine,"CHANDAPUR TO ANEKAL ROAD, NEAR IGGALURU VILLAGE",IGGALURU,15 FT,0.0,0.0,0,0,0.0,0.0
Bengaluru Dist,Suryanagar PS,1.04422e+16,2016,1,2,Road Accidents,Other,Rural Areas,Open area,Not Applicable,No,Simple Injury,Others,Controlled,Others,State Highway,Bitumen(Tar),Dry,Not Applicable,Fine,CHANDAPURA TO ANEKAL ROAD,MARSUR GATE,3 FT,0.0,0.0,0,0,0.0,0.0
Bengaluru Dist,Suryanagar PS,1.04422e+16,2016,1,2,Road Accidents,Other,City/Town,Open area,Not Applicable,No,Fatal,Others,Controlled,Others,State Highway,Bitumen(Tar),Dry,Not Applicable,Fine,ANEKAL TO CHANDAPURA ROAD,VISHNU HOTEL OPPSIT,15 FT,0.0,0.0,0,0,0.0,0.0
Bengaluru Dist,Suryanagar PS,1.04422e+16,2016,1,1,Road Accidents,Other,Rural Areas,Open area,Not Applicable,Not Applicable,Damage Only,Others,Controlled,Others,Others,Bitumen(Tar),Dry,Not Applicable,Fine,"CHANDAPUR TO ANEKAL ROAD, NEAR RAMAKRISHANAPURA GATE",RAMAKRISHNAPURA LAKE,25,0.0,0.0,0,0,0.0,0.0
Bengaluru Dist,Suryanagar PS,1.04422e+16,2016,1,2,Road Accidents,Cross roads,City/Town,Open area,Not Applicable,No,Simple Injury,Others,Controlled,Others,State Highway,Bitumen(Tar),Dry,Not Applicable,Fine,CHANDAPURA TO DOMASANDRA ROAD,HILLAGE RAILWAY BRIDGE NEAR,3 FT,0.0,0.0,0,0,0.0,0.0
Bengaluru Dist,Suryanagar PS,1.04422e+16,2016,1,2,Road Accidents,Other,Rural Areas,Open area,Human Error,No,Simple Injury,Head on,Controlled,Others,State Highway,Bitumen(Tar),Dry,Not Applicable,Fine,CHANDAPURA TO DOMMASANDRA ROAD,NEAR RAMASAGARA,100 FT,0.0,0.0,0,0,0.0,0.0
Bengaluru Dist,Suryanagar PS,1.04422e+16,2016,1,1,Road Accidents,Other,Rural Areas,Open area,Not Applicable,Not Applicable,Damage Only,Others,Controlled,Others,NH,Bitumen(Tar),Dry,Not Applicable,Fine,NH7 BANGALORU TO HOSUR,TIRUMAGONDAHALLI CROSS,25,0.0,0.0,0,0,0.0,0.0
Bengaluru Dist,Suryanagar PS,1.04422e+16,2016,1,1,Road Accidents,Other,City/Town,Open area,Not Applicable,No,Damage Only,Others,Controlled,Not Applicable,NH,Bitumen(Tar),Dry,Not Applicable,Fine,BANGALORE TO HOSUR ROAD,RAILWAY BRIDGE,3 FT,0.0,0.0,0,0,0.0,0.0
Bengaluru Dist,Suryanagar PS,1.04422e+16,2016,1,1,Road Accidents,Narrow road,Rural Areas,Open area,Human Error,Yes,Fatal,Hit and Run,Controlled,Others,NH,Bitumen(Tar),Dry,Not Applicable,Fine,BANGALORE TO HOSUR,HENNAGARA GATE,100 FT,0.0,0.0,0,0,0.0,0.0
Bengaluru Dist,Suryanagar PS,1.04422e+16,2016,1,3,Road Accidents,Other,City/Town,Open area,Not Applicable,No,Damage Only,Others,Controlled,Others,NH,Bitumen(Tar),Dry,Not Applicable,Fine,"HOSUR TO BANGALORE, CHANDAPURA RAIL WAY BRIDGE",RAILWAY BRIDGE,3 FT,0.0,0.0,0,0,0.0,0.0