DISTRICTNAME,UNITNAME,Crime_No,Year,RI,Noofvehicle_involved,Accident_Classification,Accident_Spot,Accident_Location,Accident_SubLocation,Main_Cause,Hit_Run,Severity,Collision_Type,Junction_Control,Road_Character,Road_Type,Surface_Type,Surface_Condition,Road_Condition,Weather,Accident_Road,Landmark_first,Distance_LandMark_First,Latitude,Longitude,Road_Condition_Score,Surface_Condition_Score,Surface_Type_Score,Road_Risk_Index
Bengaluru Dist,Suryanagar PS,1.04422e+16,2016,1,2,Road Accidents,Bridge,City/Town,Open area,Not Applicable,No,Simple Injury,Others,Controlled,Others,NH,Bitumen(Tar),Dry,Not Applicable,Fine,"NH 7 ROAD, CHANDAPUR TO HOSUR ROAD",CHANDAPUR BRIDG,3 FT,0.0,0.0,0,0,0.0,0.0
Bengaluru Dist,Suryanagar PS,1.04422e+16,2016,1,2,Road Accidents,Other,Rural Areas,Open area,Not Applicable,No,Fatal,Others,Controlled,Others,NH,Bitumen(Tar),Dry,Not Applicable,Fine,"NH7 HOSUR TO BANGALORU, OPPOSIT RK DABA",NEAR RK DABA,15 FT,0.0,0.0,0,0,0.0,0.0
Bengaluru Dist,Suryanagar PS,1.04422e+16,2016,1,1,Road Accidents,Bridge,Not Applicable,Open area,Human Error,No,Fatal,Others,Controlled,Others,State Highway,Bitumen(Tar),Dry,Not Applicable,Fine,CHANDAPURA TO ANEKAL ROAD,MARSUR GATE,100 FT,0.0,0.0,0,0,0.0,0.0
Bengaluru Dist,Suryanagar PS,1.04422e+16,2016,1,2,Road Accidents,Bridge,City/Town,Open area,Not Applicable,No,Damage Only,Others,Controlled,Others,NH,Bitumen(Tar),Dry,Not Applicable,Fine,"NH 7 ROAD, CHANDAPUR PLAY OVER",CHANDAPUR BRIDG,3 FT,0.0,0.0,0,0,0.0,0.0
Bengaluru Dist,Suryanagar PS,1.04422e+16,2016,1,1,Road Accidents,Circle,City/Town,Open area,Not Applicable,No,Grievous Injury,Hit pedestrian,No signal lights,Incline,Two way,Bitumen(Tar),Dry,Not Applicable,Fine,BOMASANDRA  TO JIGANI ROAD,RUPEESH HOTEL OPPSIT,3 FT,0.0,0.0,0,0,0.0,0.0
Bengaluru Dist,Suryanagar PS,1.04422e+16,2017,1,2,Road Accidents,Other,Rural Areas,Open area,Human Error,No,Fatal,Overturning,Controlled,Not Applicable,State Highway,Bitumen(Tar),Dry,Not Applicable,Fine,CHADAPUR TO ANEKAL ROAD,MARASUR,100FT,0.0,0.0,0,0,0.0,0.0
Bengaluru Dist,Suryanagar PS,1.04422e+16,2017,1,1,Road Accidents,Other,Rural Areas,Open area,Human Error,Yes,Fatal,Hit and Run,Signal lights Blinking,Others,Others,Concrete,Dry,Not Applicable,Cloudy,"Roopesh Hotel-Yarandahalli Road,",Yarandahalli cocrete Road,2 KM,0.0,0.0,0,0,0.0,0.0
Bengaluru Dist,Suryanagar PS,1.04422e+16,2017,1,1,Road Accidents,Other,Rural Areas,Open area,Human Error,Yes,Simple Injury,Hit and Run,Controlled,Others,State Highway,Bitumen(Tar),Dry,Not Applicable,Fine,ANEKAL CHANDAPUR ROAD,CHANDAPUR,100MT,0.0,0.0,0,0,0.0,0.0
Bengaluru Dist,Suryanagar PS,1.04422e+16,2017,1,1,Road Accidents,Circle,Rural Areas,Open area,Not Applicable,Yes,Fatal,Hit pedestrian,Controlled,Others,Others,Bitumen(Tar),Dry,Not Applicable,Clear,CHANDAPURA CIRCLE,CHANDAPURA CIRCLE,1 KM,0.0,0.0,0,0,0.0,0.0
Bengaluru Dist,Suryanagar PS,1.04422e+16,2017,1,2,Road Accidents,Bridge,City/Town,Narrow bridge or culverts,Human Error,No,Damage Only,Others,Controlled,Others,NH,Bitumen(Tar),Dry,Not Applicable,Fine,BANGALORE TO MADURAI NH-7 ROAD,NEAR HALE CHANDAPURA RAILWY BRIADGE,100 FT,0.0,0.0,0,0,0.0,0.0
Bengaluru Dist,Suryanagar PS,1.04422e+16,2017,1,2,Not Applicable,Other,Rural Areas,Near or inside a village,Not Applicable,Yes,Fatal,Others,Uncontrolled,Straight and flat,NH,Surfaced,Others,Not Applicable,Others,THIRUMANGODI GATE NEAR,NH7 ROAD,5KM,0.0,0.0,0,1,,
Bengaluru Dist,Suryanagar PS,1.04422e+16,2017,1,1,Road Accidents,Other,Rural Areas,Open area,Human Error,No,Simple Injury,Hit pedestrian,Controlled,Not Applicable,NH,Bitumen(Tar),Dry,Not Applicable,Fine,BANGALORE TO HOSUR NH7 ROAD,NEAR HALECHANDAPUR GATE,100FT,0.0,0.0,0,0,0.0,0.0
Bengaluru Dist,Suryanagar PS,1.04422e+16,2017,1,2,Road Accidents,Bridge,Rural Areas,Open area,Human Error,No,Damage Only,Others,Controlled,Others,NH,Bitumen(Tar),Dry,Not Applicable,Fine,NH7 BANGALORU TO HOSUR ROAD,CHANDAPUR RAILWAY BRIDG,100 FT,0.0,0.0,0,0,0.0,0.0
Bengaluru Dist,Suryanagar PS,1.04422e+16,2017,1,1,Road Accidents,Other,City/Town,Near Bus stop,Not Applicable,Yes,Simple Injury,Hit pedestrian,Controlled,Not Applicable,NH,Bitumen(Tar),Dry,Not Applicable,Fine,BENGALURU TO HOSUR ROAD,HENNAGARA BUS STOP,100 FT,0.0,0.0,0,0,0.0,0.0
Bengaluru Dist,Suryanagar PS,1.04422e+16,2017,1,2,Road Accidents,Other,City/Town,Open area,Human Error,No,Fatal,Others,Controlled,Others,NH,Bitumen(Tar),Dry,Not Applicable,Fine,HOSUR TO BANGALORE N H - 7 ROAD,R K DHABA OPPSIT,100 MT,0.0,0.0,0,0,0.0,0.0
Bengaluru Dist,Suryanagar PS,1.04422e+16,2017,1,1,Road Accidents,Other,Rural Areas,Near School or College,Human Error,No,Simple Injury,Hit pedestrian,Controlled,Not Applicable,State Highway,Bitumen(Tar),Dry,Not Applicable,Fine,CHANDAPUR TO ANEKAL ROAD,NEAR VIVEKANDA SCHOOL CHANDAPUR,100FT,0.0,0.0,0,0,0.0,0.0
Bengaluru Dist,Suryanagar PS,1.04422e+16,2017,1,1,Road Accidents,Other,City/Town,Near Bus stop,Human Error,Yes,Fatal,Hit pedestrian,Controlled,Others,NH,Bitumen(Tar),Dry,Not Applicable,Fine,BANGALORE TO HOSUR NH7 ROAD,HENNAGARA GATE,100FT,0.0,0.0,0,0,0.0,0.0
Bengaluru Dist,Suryanagar PS,1.04422e+16,2017,1,1,Road Accidents,Curves,Rural Areas,Near Bus stop,Human Error,No,Fatal,Hit pedestrian,Controlled,Curve,NH,Bitumen(Tar),Dry,Not Applicable,Clear,BANGALORE TO HOSUR NH7 MAIN ROAD,NEAR HALECHANDAPUR BUS STOP,100FT,0.0,0.0,0,0,0.0,0.0
Bengaluru Dist,Suryanagar PS,1.04422e+16,2017,1,2,Road Accidents,Bridge,City/Town,Open area,Human Error,No,Simple Injury,Others,Controlled,Others,NH,Bitumen(Tar),Dry,Not Applicable,Fine,NH-7 BENGALORU TO HOSUR ROAD,CHANDAPURA,100FT,0.0,0.0,0,0,0.0,0.0
Bengaluru Dist,Suryanagar PS,1.04422e+16,2017,1,2,Road Accidents,Narrow road,City/Town,Near a religious place,Not Applicable,Yes,Fatal,Others,Uncontrolled,Straight and flat,NH,Surfaced,Others,Not Applicable,Others,"BANGALORE TO HOSUR NH-7 ROAD, CHANDAPURA,",NH7 ROAD,5KM,0.0,0.0,0,1,,
Bengaluru Dist,Suryanagar PS,1.04422e+16,2017,1,2,Road Accidents,Other,Rural Areas,Near Petrol Pump,Not Applicable,No,Simple Injury,Others,Controlled,Others,Service Road,Bitumen(Tar),Dry,Not Applicable,Fine,TIRUMAGONDANAHALLI SERVICE ROAD,TIRUMAGONDANAHALLI,100 FT,0.0,0.0,0,0,0.0,0.0
Bengaluru Dist,Suryanagar PS,1.04422e+16,2017,1,2,Road Accidents,Circle,City/Town,Near Bus stop,Human Error,No,Grievous Injury,Others,Controlled,Curve and Incline,NH,Bitumen(Tar),Dry,Not Applicable,Clear,"NH-7 BENGALORU TO HOSUR ROAD, NEAR FLY OVER",Near Chandapura Fly Over,1 KM,0.0,0.0,0,0,0.0,0.0
Bengaluru Dist,Suryanagar PS,1.04422e+16,2017,1,2,Road Accidents,Bridge,City/Town,Open area,Human Error,Yes,Grievous Injury,Others,Controlled,Not Applicable,NH,Bitumen(Tar),Dry,Not Applicable,Fine,HOSUR TO BANGALORE,CHANDPURA FALY OVER,500 MT,0.0,0.0,0,0,0.0,0.0
Bengaluru Dist,Suryanagar PS,1.04422e+16,2017,1,2,Road Accidents,Other,Rural Areas,Open area,Human Error,Yes,Simple Injury,Hit and Run,Controlled,Not Applicable,Service Road,Bitumen(Tar),Dry,Not Applicable,Fine,ANEKAL TO HANNAGAR  ROAD,NEAR BARGAVI BAR,100FT,0.0,0.0,0,0,0.0,0.0
Bengaluru Dist,Suryanagar PS,1.04422e+16,2017,1,1,Road Accidents,Other,City/Town,Open area,Human Error,No,Simple Injury,Hit pedestrian,Controlled,Others,NH,Bitumen(Tar),Dry,Not Applicable,Fine,BANGALORE TO HOSUR NH7 ROAD,HENNAGARA GATE,100FT,0.0,0.0,0,0,0.0,0.0
Bengaluru Dist,Suryanagar PS,1.04422e+16,2017,1,2,Road Accidents,Bridge,Not Applicable,Open area,Human Error,No,Damage Only,Others,Controlled,Others,NH,Bitumen(Tar),Dry,Not Applicable,Fine,BANGALORE TO HOSUR ROAD. NH7 ROAD,CHANDAPUR RAILWAY BRIDG,1 KM,0.0,0.0,0,0,0.0,0.0
Bengaluru Dist,Suryanagar PS,1.04422e+16,2017,1,2,Road Accidents,Bridge,Rural Areas,Open area,Not Applicable,No,Damage Only,Others,Controlled,Others,NH,Bitumen(Tar),Dry,Not Applicable,Fine,BANGALORE TO HOSUR ROAD. NH7 ROAD,HALE CHANDAPUR,2,0.0,0.0,0,0,0.0,0.0
Bengaluru Dist,Suryanagar PS,1.04422e+16,2017,1,1,Road Accidents,Cross roads,City/Town,Open area,Human Error,Yes,Simple Injury,Hit and Run,Controlled,Curve,NH,Bitumen(Tar),Others,Not Applicable,Clear,CHANDAPUR TO BENGALORE SERVISE ROAD,NEAR BUS STOP,10 FT,0.0,0.0,0,1,0.0,1.0
Bengaluru Dist,Suryanagar PS,1.04422e+16,2017,1,3,Road Accidents,Junction,Rural Areas,Near Bus stop,Human Error,No,Simple Injury,Others,Controlled,Others,NH,Bitumen(Tar),Dry,Not Applicable,Fine,HOSURU TO BANGALORU NH-7 ROAD,NEAR TIRUMAGONDANAHALLI BUS STOP,100MT,0.0,0.0,0,0,0.0,0.0
Bengaluru Dist,Suryanagar PS,1.04422e+16,2017,1,2,Road Accidents,Other,City/Town,Open area,Human Error,No,Fatal,Others,Controlled,Others,NH,Bitumen(Tar),Dry,Not Applicable,Fine,BANGALORE TO HOSUR,THIRUMAGONDHALLI CROSS,200 MT,0.0,0.0,0,0,0.0,0.0
Bengaluru Dist,Suryanagar PS,1.04422e+16,2017,1,2,Road Accidents,Other,Rural Areas,Open area,Not Applicable,No,Grievous Injury,Others,Controlled,Others,Village Road,Bitumen(Tar),Dry,Not Applicable,Fine,DOMMASANDRA TO CHANDAPURA,NARAYANAGHATTA,3 KM,0.0,0.0,0,0,0.0,0.0
Bengaluru Dist,Suryanagar PS,1.04422e+16,2017,1,2,Road Accidents,Other,Rural Areas,Open area,Human Error,No,Grievous Injury,Others,Controlled,Others,Service Road,Bitumen(Tar),Dry,Not Applicable,Fine,CHANDAPUR KARURU VYSHE BANK ATM SERVICE ROAD,NEAR KARURU VYSHE BANK ATM,10FT,0.0,0.0,0,0,0.0,0.0
Bengaluru Dist,Suryanagar PS,1.04422e+16,2017,1,1,Road Accidents,Other,City/Town,Open area,Human Error,Yes,Fatal,Hit pedestrian,Controlled,Others,NH,Bitumen(Tar),Dry,Not Applicable,Fine,CHANDAPURA,CHANDAPURA,100 FT,0.0,0.0,0,0,0.0,0.0
Bengaluru Dist,Suryanagar PS,1.04422e+16,2017,1,2,Road Accidents,Bridge,Rural Areas,Open area,Human Error,No,Grievous Injury,Head on,Controlled,Others,NH,Bitumen(Tar),Dry,Not Applicable,Fine,BANGALORE TO HOSURA,NEAR CHENDAPURA RAILWAY BRIDGE,100 MT,0.0,0.0,0,0,0.0,0.0
Bengaluru Dist,Suryanagar PS,1.04422e+16,2017,1,1,Road Accidents,Junction,Rural Areas,Near Bus stop,Human Error,No,Simple Injury,Head on,Controlled,Not Applicable,NH,Bitumen(Tar),Dry,Not Applicable,Fine,HOSUR TO BANGALORE,HALE CHANDAPUR,100 FT,0.0,0.0,0,0,0.0,0.0
Bengaluru Dist,Suryanagar PS,1.04422e+16,2017,1,2,Road Accidents,Other,Rural Areas,Open area,Human Error,Yes,Simple Injury,Others,Not Applicable,Others,State Highway,Bitumen(Tar),Dry,Not Applicable,Clear,DOMMASANDRA TO CHANDAPURA ROAD,HELLAGE RAILWAY BRIDGE  NEAR,10 FT,0.0,0.0,0,0,0.0,0.0
Bengaluru Dist,Suryanagar PS,1.04422e+16,2017,1,2,Road Accidents,Other,City/Town,Open area,Human Error,No,Damage Only,Others,Controlled,Others,NH,Bitumen(Tar),Dry,Not Applicable,Fine,HUSURU BANGALORU NH-7 ROAD,NEAR CHANDAPUR CIRCLE,100MT,0.0,0.0,0,0,0.0,0.0
Bengaluru Dist,Suryanagar PS,1.04422e+16,2017,1,2,Road Accidents,Other,Rural Areas,Near School or College,Human Error,No,Simple Injury,Others,Controlled,Others,State Highway,Bitumen(Tar),Dry,Not Applicable,Fine,"CHANDAPUR-ANEKAL MAIN ROAD ,CHANDAPUR",SWAMIVEVIKANAND SCHOOL,100MT,0.0,0.0,0,0,0.0,0.0
Bengaluru Dist,Suryanagar PS,1.04422e+16,2017,1,1,Road Accidents,Other,City/Town,Open area,Not Applicable,No,Simple Injury,Hit fixed object,Controlled,Others,NH,Bitumen(Tar),Dry,Not Applicable,Clear,NH 7. HOSURU TO BENGALURU.,NEAR JADE EMPIRE HOTEL,50 FT,0.0,0.0,0,0,0.0,0.0
Bengaluru Dist,Suryanagar PS,1.04422e+16,2017,1,2,Not Applicable,Not Applicable,Rural Areas,Open area,Not Applicable,No,Grievous Injury,Others,Uncontrolled,Not Applicable,Village Road,Bitumen(Tar),Dry,Not Applicable,Fine,RAMASAGARA NEAR BUS STOP,RAMASAGARA ROAD,4KM,0.0,0.0,0,0,0.0,0.0
Bengaluru Dist,Suryanagar PS,1.04422e+16,2017,1,2,Road Accidents,Other,City/Town,Near Bus stop,Human Error,No,Simple Injury,Others,Controlled,Others,NH,Bitumen(Tar),Dry,Not Applicable,Fine,NH 7 SERVICE ROAD,HENAGARA GATE,200 MT,0.0,0.0,0,0,0.0,0.0
Bengaluru Dist,Suryanagar PS,1.04422e+16,2017,1,1,Road Accidents,Other,Rural Areas,Open area,Human Error,No,Simple Injury,Hit pedestrian,Controlled,Others,Others,Bitumen(Tar),Dry,Not Applicable,Cloudy,ANEKAL TO CHANDAPUR ROAD,ANEKAL TO CHANDAPUR ROAD,100 FT,0.0,0.0,0,0,0.0,0.0
Bengaluru Dist,Suryanagar PS,1.04422e+16,2017,1,2,Road Accidents,Other,Rural Areas,Open area,Human Error,No,Simple Injury,Others,Controlled,Others,NH,Bitumen(Tar),Dry,Not Applicable,Fine,BANGALORE TO HOSUR ROAD,HALLECHANDAPURA  U TURN,100 FT,0.0,0.0,0,0,0.0,0.0
Bengaluru Dist,Suryanagar PS,1.04422e+16,2017,1,1,Road Accidents,Bridge,City/Town,Open area,Human Error,No,Fatal,Hit fixed object,Controlled,Others,NH,Bitumen(Tar),Dry,Not Applicable,Fine,BANGALORE TO HOSUR NH7 ROAD,BRIDG,100FT,0.0,0.0,0,0,0.0,0.0
Bengaluru Dist,Suryanagar PS,1.04422e+16,2017,1,1,Road Accidents,Other,Rural Areas,Open area,Human Error,No,Fatal,Others,Controlled,Curve,State Highway,Bitumen(Tar),Dry,Not Applicable,Fine,CHANDAPURA TO DOMMASANDRA ROAD,NEAR MUTHANALLUR CROSS VAKIL LAY OUT OPPSIT,100 MT,0.0,0.0,0,0,0.0,0.0
Bengaluru Dist,Suryanagar PS,1.04422e+16,2017,1,2,Not Applicable,Other,Rural Areas,Open area,Human Error,No,Simple Injury,Others,Controlled,Curve,State Highway,Bitumen(Tar),Dry,Not Applicable,Fine,MUTHANALLUR CROSS TO CHANDAPURA ROAD,CHOWDESHWARI NARSARI,100 FT,0.0,0.0,0,0,0.0,0.0
Bengaluru Dist,Suryanagar PS,1.04422e+16,2017,1,2,Road Accidents,Other,Rural Areas,Open area,Human Error,No,Grievous Injury,Others,Controlled,Others,NH,Bitumen(Tar),Dry,Not Applicable,Clear,BANGALORE TO HOSUR ROAD,CHANDAPURA PLYOVER,ON THE,0.0,0.0,0,0,0.0,0.0
Bengaluru Dist,Suryanagar PS,1.04422e+16,2017,1,4,Road Accidents,Cross roads,Rural Areas,Near Bus stop,Human Error,No,Grievous Injury,Others,Controlled,Others,NH,Bitumen(Tar),Dry,Not Applicable,Fine,BANGALORE TO HOSUR NH-7 ROAD,NEAR KITTAGANAHALLI GETE,100 FT,0.0,0.0,0,0,0.0,0.0
Bengaluru Dist,Suryanagar PS,1.04422e+16,2017,1,4,Road Accidents,Bridge,Rural Areas,Open area,Human Error,No,Damage Only,Others,Controlled,Not Applicable,NH,Bitumen(Tar),Dry,Not Applicable,Fine,"NH-7 ROAD  NERA,HALE CHANDAPUR RAILWAY BRIDGE",NEAR RAILWAY BRIDGE HALE CHANDAPUR,100 FT,0.0,0.0,0,0,0.0,0.0
Bengaluru Dist,Suryanagar PS,1.04422e+16,2017,1,2,Rail Road Accidents,Junction,Rural Areas,Near Bus stop,Human Error,No,Grievous Injury,Others,Controlled,Curve,NH,Bitumen(Tar),Dry,Not Applicable,Flooding of Slipways/Rivulets,HOSURU TO BANGALORE NH-7 ROAD,NEAR HALE CHANDAPUR BUS STOP,100 FT,0.0,0.0,0,0,0.0,0.0
Bengaluru Dist,Suryanagar PS,1.04422e+16,2017,1,2,Road Accidents,Other,Rural Areas,Open area,Human Error,No,Simple Injury,Others,Controlled,Others,State Highway,Bitumen(Tar),Dry,Not Applicable,Fine,CHANDAPUR TO ANEKAL ROAD,RAMAKRISHNAPURA GATA,100 FT,0.0,0.0,0,0,0.0,0.0
Bengaluru Dist,Suryanagar PS,1.04422e+16,2017,1,2,Road Accidents,Other,City/Town,Open area,Human Error,Yes,Simple Injury,Others,Controlled,Curve,NH,Bitumen(Tar),Dry,Not Applicable,Fine,HOSUR TO BANGLAORE ROAD N H 7,HALLECHANDAPURA  U TURN,100 MT,0.0,0.0,0,0,0.0,0.0
Bengaluru Dist,Suryanagar PS,1.04422e+16,2017,1,2,Road Accidents,Other,Rural Areas,Open area,Human Error,Yes,Fatal,Others,Controlled,Curve,State Highway,Bitumen(Tar),Dry,Not Applicable,Fine,MUTHANALLUR TO CHANDAPURA ROAD,NARAYANAGATTA CHANDRAREDDY LAND NEAR,100 FT,0.0,0.0,0,0,0.0,0.0
Bengaluru Dist,Suryanagar PS,1.04422e+16,2017,1,2,Road Accidents,Other,City/Town,Open area,Human Error,Yes,Fatal,Others,Controlled,Others,NH,Bitumen(Tar),Dry,Not Applicable,Fine,BANGALORE TO HOSUR ROAD,CHANDAPURA RAILWAY BRIDGE UNDER,10 FT,0.0,0.0,0,0,0.0,0.0
Bengaluru Dist,Suryanagar PS,1.04422e+16,2017,1,3,Road Accidents,Narrow road,Rural Areas,Near Bus stop,Human Error,No,Damage Only,Head on,Not Applicable,Straight and flat,Village Road,Kutcha,Dry,No influence on accident,Clear,TAR,ADITHYA SERVICE STATION,2 KM,0.0,0.0,0,0,4.0,4.0
Bengaluru Dist,Suryanagar PS,1.04422e+16,2017,1,2,Road Accidents,Other,Rural Areas,Residential area,Human Error,No,Damage Only,Others,Not Applicable,Others,State Highway,Bitumen(Tar),Dry,Not Applicable,Clear,ANEKAL TO CHANDAPURA ROAD,EGGULUR GATE,10 FT,0.0,0.0,0,0,0.0,0.0
Bengaluru Dist,Suryanagar PS,1.04422e+16,2017,1,2,Road Accidents,Other,Rural Areas,Open area,Not Applicable,No,Fatal,Head on,Uncontrolled,Others,NH,Bitumen(Tar),Dry,Not Applicable,Fine,BENGALORETO HOSUR NH-7 HALE CHANDAPURA,HALE CHANDAPURA,3 KM,0.0,0.0,0,0,0.0,0.0
Bengaluru Dist,Suryanagar PS,1.04422e+16,2017,1,2,Road Accidents,Curves,Rural Areas,Open area,Human Error,No,Damage Only,Others,Controlled,Curve,State Highway,Bitumen(Tar),Dry,Not Applicable,Fine,JIGANI TO BOMMASANDRA ROAD,YARANDAHALLI,100 FT,0.0,0.0,0,0,0.0,0.0
Bengaluru Dist,Suryanagar PS,1.04422e+16,2017,1,1,Road Accidents,Other,Rural Areas,Open area,Human Error,No,Fatal,Rear end,Uncontrolled,Others,Village Road,Kutcha,Others,Pot holed,Clear,NAGANAYAKANHALLI ROAD,NEAR SOMESHEKAR LAND,200 MT,0.0,0.0,5,1,4.0,10.0
Bengaluru Dist,Suryanagar PS,1.04422e+16,2017,1,2,Road Accidents,Other,Rural Areas,Open area,Human Error,No,Fatal,Others,Controlled,Others,NH,Bitumen(Tar),Dry,Not Applicable,Clear,"NH-7 ROAD, THIRUMAGONDAHALLI GATE",THIRUMAGONDHALLI GATE,20 FT,0.0,0.0,0,0,0.0,0.0
Bengaluru Dist,Suryanagar PS,1.04422e+16,2017,1,1,Road Accidents,Bridge,Rural Areas,Open area,Human Error,No,Fatal,Others,Controlled,Others,NH,Bitumen(Tar),Dry,Not Applicable,Fine,"HOSURU TO BANGALORU NH-7 ROAD,HALE CHANDAPURA RAILWAY BRIDGE NEAR",HALE CHANDAPYR NEAR RAILWAY BRIDGE,100MT,0.0,0.0,0,0,0.0,0.0
Bengaluru Dist,Suryanagar PS,1.04422e+16,2017,1,2,Road Accidents,Other,Rural Areas,Open area,Human Error,No,Damage Only,Others,Controlled,Others,NH,Bitumen(Tar),Others,Not Applicable,Fine,HOSURU TO BANGALORU NH-7 ROAD,HALE CHANDAPUR GATE,100 FT,0.0,0.0,0,1,0.0,1.0
Bengaluru Dist,Suryanagar PS,1.04422e+16,2017,1,1,Road Accidents,Other,City/Town,Open area,Human Error,No,Fatal,Others,Controlled,Others,NH,Bitumen(Tar),Dry,Not Applicable,Fine,HOSUR TO BANGALORE,THIRUMAGONDHALLI GATE,100 MT,0.0,0.0,0,0,0.0,0.0
Bengaluru Dist,Suryanagar PS,1.04422e+16,2017,1,1,Road Accidents,Other,Not Applicable,Near Bus stop,Not Applicable,Yes,Grievous Injury,Hit and Run,Uncontrolled,Straight and flat,Village Road,Surfaced,Others,Not Applicable,Others,GOPASANDRA,NH7 ROAD,6KM,0.0,0.0,0,1,,
Bengaluru Dist,Suryanagar PS,1.04422e+16,2017,1,2,Road Accidents,Other,Rural Areas,Near School or College,Human Error,No,Fatal,Others,Controlled,Others,NH,Bitumen(Tar),Dry,Not Applicable,Fine,CHANDAPURA ROAD,CHANDAPURA,100 FT,0.0,0.0,0,0,0.0,0.0
Bengaluru Dist,Suryanagar PS,1.04422e+16,2017,1,1,Road Accidents,Curves,Rural Areas,Open area,Human Error,No,Damage Only,Side swipe,Controlled,Curve,Village Road,Bitumen(Tar),Dry,Not Applicable,Clear,BANDAPURA ROAD,NARAYANAREDDY LAND NEAR,100 FT,0.0,0.0,0,0,0.0,0.0
Bengaluru Dist,Suryanagar PS,1.04422e+16,2017,1,2,Road Accidents,Round about or Circle,City/Town,Open area,Human Error,Yes,Simple Injury,Others,Controlled,Curve,NH,Bitumen(Tar),Dry,Not Applicable,Fine,BANGALORE TO HOSUR ROAD,OPPSIT  R K DHABA U TURN,200 MT,0.0,0.0,0,0,0.0,0.0
Bengaluru Dist,Suryanagar PS,1.04422e+16,2017,1,2,Road Accidents,Other,Rural Areas,Near office complex,Human Error,Yes,Grievous Injury,Others,Controlled,Others,State Highway,Bitumen(Tar),Dry,Not Applicable,Clear,HENNAGARA GATE,HENNAGARA GATE,100FT,0.0,0.0,0,0,0.0,0.0
Bengaluru Dist,Suryanagar PS,1.04422e+16,2017,1,1,Road Accidents,Junction,Rural Areas,Near Bus stop,Human Error,No,Simple Injury,Head on,Controlled,Others,NH,Bitumen(Tar),Dry,Not Applicable,Fine,ATTIBELE TO BANGALORU NH-7 ROAD,NEAR TIRUMAGONDANAHALLI BUS STOP,100 FT,0.0,0.0,0,0,0.0,0.0
Bengaluru Dist,Suryanagar PS,1.04422e+16,2017,1,2,Road Accidents,Curves,Rural Areas,Open area,Human Error,No,Damage Only,Not Applicable,Controlled,Curve,Village Road,Bitumen(Tar),Dry,Not Applicable,Fine,"HILALIGE-RAMASAGARA ROAD,NEAR RAMASAGARA TURNING",RAMASAGARA TURNING,3KM,0.0,0.0,0,0,0.0,0.0
Bengaluru Dist,Suryanagar PS,1.04422e+16,2017,1,1,Road Accidents,Junction,Rural Areas,Near Bus stop,Human Error,No,Simple Injury,Head on,Controlled,Not Applicable,NH,Bitumen(Tar),Dry,Not Applicable,Fine,BANGALORE TO HOSURA,NEAR TIRUMAGONDANAHALLI BUS STOP,100 FT,0.0,0.0,0,0,0.0,0.0
Bengaluru Dist,Suryanagar PS,1.04422e+16,2017,1,2,Road Accidents,Other,Rural Areas,Open area,Human Error,No,Simple Injury,Others,Controlled,Others,Village Road,Bitumen(Tar),Dry,Not Applicable,Fine,CHANDAPUR TO RAMASAGARA ROAD,CHANDAPUR TO RAMASAGARA ROAD,2 KM,0.0,0.0,0,0,0.0,0.0
Bengaluru Dist,Suryanagar PS,1.04422e+16,2017,1,2,Road Accidents,Other,Rural Areas,Open area,Not Applicable,Yes,Grievous Injury,Hit and Run,Controlled,Not Applicable,Village Road,Bitumen(Tar),Dry,Not Applicable,Fine,BANDAPURA ROAD,BANDAPUR,50FT,0.0,0.0,0,0,0.0,0.0
Bengaluru Dist,Suryanagar PS,1.04422e+16,2017,1,1,Road Accidents,Bridge,City/Town,Open area,Human Error,Yes,Fatal,Others,Controlled,Others,NH,Bitumen(Tar),Dry,Not Applicable,Fine,BANGALORE TO HOSUR ROAD,CHANDAPUR BRIDG,25FT,0.0,0.0,0,0,0.0,0.0
Bengaluru Dist,Suryanagar PS,1.04422e+16,2017,1,1,Road Accidents,Other,Rural Areas,Near School or College,Human Error,Yes,Grievous Injury,Hit fixed object,Controlled,Others,State Highway,Bitumen(Tar),Dry,Not Applicable,Fine,ANEKAL TO CHANDAPURA ROAD,MARASURU,55FT,0.0,0.0,0,0,0.0,0.0
Bengaluru Dist,Suryanagar PS,1.04422e+16,2017,1,2,Road Accidents,Circle,City/Town,Open area,Human Error,No,Damage Only,Others,Controlled,Others,NH,Bitumen(Tar),Dry,Not Applicable,Fine,BANGALORE TO HOSUR ROAD,CHANDAPUR CIRCLE,100 FT,0.0,0.0,0,0,0.0,0.0
Bengaluru Dist,Suryanagar PS,1.04422e+16,2017,1,1,Road Accidents,Other,Rural Areas,Near Bus stop,Not Applicable,Yes,Fatal,Hit pedestrian,Controlled,Others,NH,Bitumen(Tar),Dry,Not Applicable,Fine,NH-7 BENGALORU TO HOSUR ROAD,TIRUMAGONDANAHALLI,100FT,0.0,0.0,0,0,0.0,0.0
Bengaluru Dist,Suryanagar PS,1.04422e+16,2017,1,1,Road Accidents,Junction,City/Town,Near Petrol Pump,Human Error,Yes,Fatal,Others,Controlled,Others,State Highway,Bitumen(Tar),Dry,Not Applicable,Fine,"CHANDAPUR TO ANEKAL ROAD,",NEAR R K GREEN LAND HOTEL,500 MT,0.0,0.0,0,0,0.0,0.0
Bengaluru Dist,Suryanagar PS,1.04422e+16,2017,1,2,Road Accidents,Other,Rural Areas,Near Hospital,Human Error,No,Simple Injury,Others,Controlled,Others,NH,Bitumen(Tar),Dry,Not Applicable,Fine,BANGALORE TO HOSUR. NH 7 ROAD,NEAR  CHAKRA HOSPITAL,10 FT,0.0,0.0,0,0,0.0,0.0
Bengaluru Dist,Suryanagar PS,1.04422e+16,2017,1,2,Road Accidents,Narrow road,Rural Areas,Open area,Human Error,No,Damage Only,Others,Controlled,Curve,Others,Bitumen(Tar),Dry,Not Applicable,Fine,CHANDAPUR TO RAMASAGAR ROAD,MUNCIPOLTY OFFICE,100 FT,0.0,0.0,0,0,0.0,0.0
Bengaluru Dist,Suryanagar PS,1.04422e+16,2017,1,2,Road Accidents,Narrow road,Rural Areas,Open area,Human Error,No,Damage Only,Others,Controlled,Others,NH,Bitumen(Tar),Dry,Construction Work / Material,Clear,BANGALORE TO HOSUR NH7 ROAD,NEAR R K DABHA,100FT,0.0,0.0,2,0,0.0,2.0
Bengaluru Dist,Suryanagar PS,1.04422e+16,2017,1,2,Road Accidents,Other,Rural Areas,Open area,Human Error,No,Simple Injury,Others,Controlled,Others,Village Road,Bitumen(Tar),Dry,Not Applicable,Fine,CHANDAPURA TO MUTHANALLLUR CROSS ROAD,GOPASANDRA GATE,100 FT,0.0,0.0,0,0,0.0,0.0
Bengaluru Dist,Suryanagar PS,1.04422e+16,2017,1,2,Road Accidents,Other,City/Town,Open area,Human Error,No,Simple Injury,Head on,Controlled,Others,NH,Bitumen(Tar),Dry,Not Applicable,Fine,HOSURU BANGALORU NH-7ROAD,HOSUR BANGALORE ROAD,100MT,0.0,0.0,0,0,0.0,0.0
Bengaluru Dist,Suryanagar PS,1.04422e+16,2017,1,1,Road Accidents,Junction,Rural Areas,Near Bus stop,Human Error,No,Fatal,Hit pedestrian,Uncontrolled,Others,NH,Bitumen(Tar),Dry,Not Applicable,Clear,BANGALORE TO HOSUR NH-7 ROAD,NEAR HENNAGAR GATE,100 FT,0.0,0.0,0,0,0.0,0.0
Bengaluru Dist,Suryanagar PS,1.04422e+16,2018,1,1,Not Applicable,Bottleneck,City/Town,Affected by encroachments,Human Error,Yes,Fatal,Drowned,Controlled,Crest of hill,Arterial,Bitumen(Tar),Ditch or Potholed,Construction Work / Material,Clear,EGALUR VILLAGE GATE,EGALLUR VILLAGE GATE,0,0.0,0.0,2,5,0.0,7.0
Bengaluru Dist,Suryanagar PS,1.04422e+16,2018,1,2,Road Accidents,Other,City/Town,Near a religious place,Not Applicable,No,Grievous Injury,Others,Uncontrolled,Straight and flat,NH,Surfaced,Others,Not Applicable,Others,NEAR HALE CHANDAPURA SUN PALACE,HOSUR TO BANGALORE NH7,3KM,0.0,0.0,0,1,,
Bengaluru Dist,Suryanagar PS,1.04422e+16,2018,1,2,Not Applicable,Other,Rural Areas,Open area,Not Applicable,No,Grievous Injury,Not Applicable,Uncontrolled,Others,NH,Bitumen(Tar),Dry,Not Applicable,Fine,THIRUMAGONDANAHALLI NEAR MAINI MATERIALS NH 7 SERVICE ROAS,THIRUMAGONDANAHALLI,1KM,0.0,0.0,0,0,0.0,0.0