DISTRICTNAME,UNITNAME,Crime_No,Year,RI,Noofvehicle_involved,Accident_Classification,Accident_Spot,Accident_Location,Accident_SubLocation,Main_Cause,Hit_Run,Severity,Collision_Type,Junction_Control,Road_Character,Road_Type,Surface_Type,Surface_Condition,Road_Condition,Weather,Accident_Road,Landmark_first,Distance_LandMark_First,Latitude,Longitude,Road_Condition_Score,Surface_Condition_Score,Surface_Type_Score,Road_Risk_Index
Bengaluru Dist,Suryanagar PS,1.04422e+16,2018,1,2,Not Applicable,Bottleneck,City/Town,Near Bus stop,Human Error,No,Fatal,Drowned,Controlled,Crest of hill,Arterial,Bitumen(Tar),Ditch or Potholed,Construction Work / Material,Clear,NEAR HALE CHANDAPURA BUS STOP,HALE CHANDAPURA,2 KM,0.0,0.0,2,5,0.0,7.0
Bengaluru Dist,Suryanagar PS,1.04422e+16,2018,1,1,Road Accidents,Other,Rural Areas,Open area,Human Error,No,Grievous Injury,Others,Controlled,Others,Others,Concrete,Dry,Not Applicable,Fine,MUTTANALLURU TO ATTIBELE ROAD,VINAYAKA TEMPLE,10 FT,0.0,0.0,0,0,0.0,0.0
Bengaluru Dist,Suryanagar PS,1.04422e+16,2018,1,2,Road Accidents,Other,Rural Areas,Residential area,Not Applicable,No,Fatal,Head on,Uncontrolled,Others,Village Road,Bitumen(Tar),Dry,Not Applicable,Fine,MUTTANALLURA TO CHANDAPURA ROAD,NEAR RAMASAGARA,4 KM,0.0,0.0,0,0,0.0,0.0
Bengaluru Dist,Suryanagar PS,1.04422e+16,2018,1,1,Road Accidents,Narrow road,Rural Areas,Open area,Human Error,Not Applicable,Fatal,Hit pedestrian,Not at  Junction,Not Applicable,One way,Bitumen(Tar),Dry,Not Applicable,Fine,BENGALURU TO HOSURU NH7 ROAD,NEAR YALLAMMANAGAR CHANDAPUR VILLAGE,100MT,0.0,0.0,0,0,0.0,0.0
Bengaluru Dist,Suryanagar PS,1.04422e+16,2018,1,1,Not Applicable,Not Applicable,Rural Areas,Open area,Not Applicable,Not Applicable,Grievous Injury,Others,Uncontrolled,Not Applicable,Not Applicable,Bitumen(Tar),Dry,Not Applicable,Fine,"NEAR MARASURU GATE,FRONT OF THE UDAYA MECHANICS KASABA HOBLI ANEKAL TQ",NEAR MARASURU GATE,3KM,0.0,0.0,0,0,0.0,0.0
Bengaluru Dist,Suryanagar PS,1.04422e+16,2018,1,1,Road Accidents,Other,City/Town,Near Bus stop,Not Applicable,No,Fatal,Others,Uncontrolled,Straight and flat,NH,Surfaced,Others,Not Applicable,Others,HENNAGARA BUS STOP,NH7 ROAD,3KM,0.0,0.0,0,1,,
Bengaluru Dist,Suryanagar PS,1.04422e+16,2018,1,2,Road Accidents,Other,City/Town,Near office complex,Not Applicable,Yes,Simple Injury,Others,Uncontrolled,Straight and flat,NH,Surfaced,Others,Not Applicable,Others,"INFORNT OF VIJAYA BANK, KITHIGANAHALLI GATE",NH7 ROAD,4KM,0.0,0.0,0,1,,
Bengaluru Dist,Suryanagar PS,1.04422e+16,2018,1,2,Road Accidents,Other,Villages settlement,Near Petrol Pump,Not Applicable,No,Grievous Injury,Others,Uncontrolled,Straight and flat,Village Road,Surfaced,Others,Not Applicable,Others,ALIBPMMASANDRA-NERALU ROAD,A V RAJANNA HOUSE,4KM,0.0,0.0,0,1,,
Bengaluru Dist,Suryanagar PS,1.04422e+16,2018,1,1,Road Accidents,Not Applicable,Rural Areas,Open area,Human Error,No,Grievous Injury,Hit pedestrian,Controlled,Others,Others,Bitumen(Tar),Others,Not Applicable,Fine,LAKSHMISAGAR TO CHANDAPUR VILLAGE ROAD,MUNESHWAR TEMPLE,100FT,0.0,0.0,0,1,0.0,1.0
Bengaluru Dist,Suryanagar PS,1.04422e+16,2018,1,2,Not Applicable,Other,Rural Areas,Open area,Not Applicable,No,Damage Only,Others,Uncontrolled,Not Applicable,NH,Bitumen(Tar),Dry,Not Applicable,Fine,HOSURU BENGALURU NH 7 ROAD NEAR KEERTNA HOTEL,NH ROAD,2KM,0.0,0.0,0,0,0.0,0.0
Bengaluru Dist,Suryanagar PS,1.04422e+16,2018,1,1,Road Accidents,Not Applicable,Rural Areas,Near Bus stop,Human Error,No,Grievous Injury,Hit pedestrian,Not Applicable,Others,Others,Bitumen(Tar),Others,Not Applicable,Others,INFRONT BMTC DEPO-32 CHANDAPUR ANEKAL ROAD,B M T C DEPO,2,0.0,0.0,0,1,0.0,1.0
Bengaluru Dist,Suryanagar PS,1.04422e+16,2018,1,1,Road Accidents,Curves,Rural Areas,Residential area,Human Error,Not Applicable,Fatal,Not Applicable,Not Applicable,Sharp Curve,Others,Bitumen(Tar),Dry,Not Applicable,Fine,CHANDAPURA TO ANEKAL ROAD,MARASURU GATE,100 MT,0.0,0.0,0,0,0.0,0.0
Bengaluru Dist,Suryanagar PS,1.04422e+16,2018,1,2,Road Accidents,Other,Rural Areas,Open area,Human Error,Yes,Grievous Injury,Others,Controlled,Others,Others,Bitumen(Tar),Dry,Not Applicable,Clear,DOMMASANDRA-CHANDAPUR ROAD,NEAR MUTTANALLURU CROSS,6KM,0.0,0.0,0,0,0.0,0.0
Bengaluru Dist,Suryanagar PS,1.04422e+16,2018,1,1,Road Accidents,Junction,Rural Areas,Near Bus stop,Human Error,Not Applicable,Fatal,Not Applicable,Controlled,Others,Others,Bitumen(Tar),Dry,Not Applicable,Fine,NEAR MARSURU GATE BUS STOP,MARASURU GATE,100MT,0.0,0.0,0,0,0.0,0.0
Bengaluru Dist,Suryanagar PS,1.04422e+16,2018,1,2,Road Accidents,Other,Rural Areas,Near or inside a village,Not Applicable,No,Grievous Injury,Others,Uncontrolled,Straight and flat,NH,Surfaced,Others,Not Applicable,Others,"DOMMASANDRA , RAMASAGARA ROAD",NH7 ROAD,4KM,0.0,0.0,0,1,,
Bengaluru Dist,Suryanagar PS,1.04422e+16,2018,1,2,Road Accidents,Curves,Rural Areas,Near School or College,Not Applicable,No,Grievous Injury,Head on,Uncontrolled,Others,Others,Bitumen(Tar),Dry,Not Applicable,Fine,BANDAPURA TO CHANDAPURA ROAD,GREEN DOT INTERNATIONAL SCHOOL BANDAPURA,3 KM,0.0,0.0,0,0,0.0,0.0
Bengaluru Dist,Suryanagar PS,1.04422e+16,2018,1,1,Road Accidents,Other,Rural Areas,Open area,Not Applicable,No,Grievous Injury,Hit pedestrian,Uncontrolled,Others,NH,Bitumen(Tar),Dry,Not Applicable,Fine,BANGLORE TO HOSUR NH 7,NEAR RK DABA,2 KM,0.0,0.0,0,0,0.0,0.0
Bengaluru Dist,Suryanagar PS,1.04422e+16,2018,1,2,Road Accidents,Other,Villages settlement,Open area,Not Applicable,No,Damage Only,Others,Uncontrolled,Others,NH,Bitumen(Tar),Dry,Not Applicable,Others,BANGALURU -HOSURU ROAD,HENNAGARA GATE,2 KM,0.0,0.0,0,0,0.0,0.0
Bengaluru Dist,Suryanagar PS,1.04422e+16,2018,1,2,Road Accidents,Other,Rural Areas,Open area,Not Applicable,No,Fatal,Others,Controlled,Others,State Highway,Bitumen(Tar),Dry,Not Applicable,Fine,CHANDAPURA TO ANEKAL ROAD,IGGALURU,1,0.0,0.0,0,0,0.0,0.0
Bengaluru Dist,Suryanagar PS,1.04422e+16,2018,1,2,Road Accidents,Other,Rural Areas,Open area,Human Error,No,Fatal,Others,Controlled,Others,NH,Bitumen(Tar),Dry,Not Applicable,Fine,HOSURU TO BENGALURU NH-7 ROAD,NEAR HENNAGAR GATE,100 MT,0.0,0.0,0,0,0.0,0.0
Bengaluru Dist,Suryanagar PS,1.04422e+16,2018,1,2,Not Applicable,Not Applicable,Rural Areas,Open area,Not Applicable,Yes,Grievous Injury,Others,Uncontrolled,Not Applicable,Others,Bitumen(Tar),Dry,Pot holed,Fine,"CHANDAPURA ANEKAL ROAD ,MARASURU BANK",CHANDAPURA ANEKAL ROAD,1KM,0.0,0.0,5,0,0.0,5.0
Bengaluru Dist,Suryanagar PS,1.04422e+16,2018,1,1,Road Accidents,Other,City/Town,Near Bus stop,Not Applicable,No,Fatal,Others,Uncontrolled,Straight and flat,NH,Surfaced,Others,Not Applicable,Others,NEAR HENNAGARA VILLAGE BUS STOP,NH7 ROAD,3KM,0.0,0.0,0,1,,
Bengaluru Dist,Suryanagar PS,1.04422e+16,2018,1,2,Road Accidents,Narrow road,City/Town,Near Petrol Pump,Vehicle Defect,No,Grievous Injury,Others,Uncontrolled,Straight and flat,NH,Not Applicable,Others,Not Applicable,Others,CHANDAPURA TO DOMMASANDRA,PETROL BUNK NEAR SRINIVAS LAND,4KM,0.0,0.0,0,1,0.0,1.0
Bengaluru Dist,Suryanagar PS,1.04422e+16,2018,1,1,Not Applicable,Other,Rural Areas,Near Bus stop,Not Applicable,No,Fatal,Others,Uncontrolled,Not Applicable,Not Applicable,Bitumen(Tar),Dry,Not Applicable,Fine,SURYANAGARA 1TH CROSS NEAR KB OFFICE,SURYANAGARA,1KM,0.0,0.0,0,0,0.0,0.0
Bengaluru Dist,Suryanagar PS,1.04422e+16,2018,1,2,Not Applicable,Bottleneck,City/Town,Affected by encroachments,Human Error,No,Fatal,Drowned,Controlled,Crest of hill,Arterial,Bitumen(Tar),Ditch or Potholed,Construction Work / Material,Clear,EGALUR VILLAGE GATE,EGALLUR VILLAGE GATE,10 FT,0.0,0.0,2,5,0.0,7.0
Bengaluru Dist,Suryanagar PS,1.04422e+16,2018,1,1,Road Accidents,Other,Rural Areas,Near Bus stop,Not Applicable,Yes,Grievous Injury,Hit and Run,Uncontrolled,Others,Others,Bitumen(Tar),Dry,Not Applicable,Fine,ANEKAL TO CHANDAPURA ROAD,IGGALURU,1 KM,0.0,0.0,0,0,0.0,0.0
Bengaluru Dist,Suryanagar PS,1.04422e+16,2018,1,2,Not Applicable,Other,Rural Areas,Open area,Not Applicable,No,Grievous Injury,Others,Uncontrolled,Not Applicable,Others,Bitumen(Tar),Dry,Not Applicable,Fine,RAMASAGARA ROAD,RAMASAGARA ROAD,4KM,0.0,0.0,0,0,0.0,0.0
Bengaluru Dist,Suryanagar PS,1.04422e+16,2018,1,1,Road Accidents,Other,City/Town,Near Bus stop,Vehicle Defect,No,Fatal,Others,Uncontrolled,Straight and flat,NH,Surfaced,Others,Not Applicable,Others,HENNAGARA BUS STOP,NH7 ROAD,3KM,0.0,0.0,0,1,,
Bengaluru Dist,Suryanagar PS,1.04422e+16,2018,1,3,Not Applicable,Other,Rural Areas,Open area,Not Applicable,No,Grievous Injury,Not Applicable,Uncontrolled,Not Applicable,Others,Bitumen(Tar),Dry,Not Applicable,Fine,DOMMASANDRA TO CHANDAPURA,DOMMASANDRA TO CHANDAPURA ROAD,4 KM,0.0,0.0,0,0,0.0,0.0
Bengaluru Dist,Suryanagar PS,1.04422e+16,2018,1,1,Road Accidents,Not Applicable,Rural Areas,Open area,Human Error,No,Grievous Injury,Hit pedestrian,Controlled,Incline,NH,Bitumen(Tar),Others,Not Applicable,Others,HALE CHANDAPUR NEAR LAKSHMISAGAR,NEAR LAKSHMISAGA,100FT,0.0,0.0,0,1,0.0,1.0
Bengaluru Dist,Suryanagar PS,1.04422e+16,2018,1,1,Road Accidents,Other,Not Applicable,Near or inside a village,Not Applicable,Yes,Simple Injury,Others,Uncontrolled,Straight and flat,Others,Surfaced,Not Applicable,Not Applicable,Others,"HENNAGARA VILLAGE DINNE ROAD,",NEAR JANATHA COLONY ROAD,2KM,0.0,0.0,0,0,,
Bengaluru Dist,Suryanagar PS,1.04422e+16,2018,1,1,Road Accidents,Not Applicable,Rural Areas,Near Bus stop,Not Applicable,Yes,Fatal,Not Applicable,Not Applicable,Others,NH,Surfaced,Dry,Not Applicable,Fine,NH ROAD,NH ROAD,3 KM,0.0,0.0,0,0,,
Bengaluru Dist,Suryanagar PS,1.04422e+16,2018,1,1,Not Applicable,Bottleneck,City/Town,Near Bus stop,Human Error,No,Fatal,Hit and Run,Controlled,Crest of hill,Arterial,Bitumen(Tar),Ditch or Potholed,Construction Work / Material,Clear,"NEAR THIRUMAGONDANAHALLI BUS STOP, NH-7 MAIN ROAD, ATTIBELE HOBALI, ANEKAL TQ",THIRUMAGONDANAHALLI BUS STOP,5 KM,0.0,0.0,2,5,0.0,7.0
Bengaluru Dist,Suryanagar PS,1.04422e+16,2018,1,1,Not Applicable,Not Applicable,Rural Areas,Open area,Not Applicable,No,Grievous Injury,Others,Uncontrolled,Not Applicable,NH,Bitumen(Tar),Dry,Not Applicable,Fine,RK DABA NEAR HALE CHANDAPURA,HALE CHANDAPUR,2KM,0.0,0.0,0,0,0.0,0.0
Bengaluru Dist,Suryanagar PS,1.04422e+16,2018,1,2,Not Applicable,Narrow road,Rural Areas,Open area,Human Error,No,Fatal,Vehicle to Vehicle,Controlled,Others,Others,Bitumen(Tar),Others,Not Applicable,Fine,CHANDAPUR TO DOMMASANDRA VILLAGE,NARAYANAGHATTA VILLAGE,100FT,0.0,0.0,0,1,0.0,1.0
Bengaluru Dist,Suryanagar PS,1.04422e+16,2018,1,1,Rail Road Accidents,Other,City/Town,Near Bus stop,Vehicle Defect,No,Fatal,Others,Uncontrolled,Straight and flat,NH,Surfaced,Others,Not Applicable,Others,HOSURU TO BANGALORE NEAR THIRUMAGONDANAHALLI BUS STOP,NH7 ROAD,5KM,0.0,0.0,0,1,,
Bengaluru Dist,Suryanagar PS,1.04422e+16,2018,1,1,Rail Road Accidents,Other,City/Town,Near Bus stop,Not Applicable,No,Simple Injury,Others,Uncontrolled,Straight and flat,NH,Surfaced,Others,Not Applicable,Others,HALE CHANDAPURA BUS STOP,NH7 ROAD,2KM,0.0,0.0,0,1,,
Bengaluru Dist,Suryanagar PS,1.04422e+16,2018,1,2,Road Accidents,Other,Not Applicable,Near Bus stop,Not Applicable,No,Simple Injury,Others,Uncontrolled,Straight and flat,NH,Surfaced,Others,Not Applicable,Others,NEAR HENNAGARA GATE BUS STOP,NH7 ROAD,2KM,0.0,0.0,0,1,,
Bengaluru Dist,Suryanagar PS,1.04422e+16,2018,1,2,Not Applicable,Not Applicable,Rural Areas,Open area,Not Applicable,Not Applicable,Grievous Injury,Others,Uncontrolled,Straight and flat,Others,Bitumen(Tar),Dry,Not Applicable,Fine,"CHANDAPURA ANEKAL ROAD ,MARASURU BANK",CHANDAPURA ANEKAL ROAD,3KM,0.0,0.0,0,0,0.0,0.0
Bengaluru Dist,Suryanagar PS,1.04422e+16,2018,1,2,Road Accidents,Not Applicable,Rural Areas,Near a factory industrial area,Human Error,No,Fatal,Vehicle to Vehicle,Not Applicable,Not Applicable,Service Road,Bitumen(Tar),Dry,Not Applicable,Clear,"INFRONT OF HYVA CO.LTD, THIRUMAGONDANAHALLI, ANEKAL TQ",NERA THIRUMAGONDANAHALLI,4 KM,0.0,0.0,0,0,0.0,0.0
Bengaluru Dist,Suryanagar PS,1.04422e+16,2018,1,2,Road Accidents,Other,Rural Areas,Near Hospital,Not Applicable,No,Simple Injury,Others,Controlled,Others,Others,Bitumen(Tar),Dry,Not Applicable,Fine,CHANDAPURA DOMMASANDRA ROAD,CHANDAPURA CIRCLE,1 KM,0.0,0.0,0,0,0.0,0.0
Bengaluru Dist,Suryanagar PS,1.04422e+16,2018,1,2,Road Accidents,Junction,Rural Areas,Near Bus stop,Human Error,No,Damage Only,Vehicle to Vehicle,Controlled,Not Applicable,Others,Bitumen(Tar),Others,Not Applicable,Fine,CHANDAPUR TO ANEKAL ROAD,NEAR SURYANAGAR BUS STOP,100MT,0.0,0.0,0,1,0.0,1.0
Bengaluru Dist,Suryanagar PS,1.04422e+16,2018,1,3,Road Accidents,Other,Rural Areas,Open area,Human Error,Not Applicable,Damage Only,Others,Not Applicable,Others,NH,Bitumen(Tar),Dry,Not Applicable,Clear,NH-7 ROAD BENGALORU,HENNAGAR GATE,3KM,0.0,0.0,0,0,0.0,0.0
Bengaluru Dist,Suryanagar PS,1.04422e+16,2018,1,1,Road Accidents,Other,City/Town,Near Bus stop,Not Applicable,No,Fatal,Others,Uncontrolled,Straight and flat,NH,Surfaced,Others,Not Applicable,Others,"THIRUMAGONDANAHALLI BUS STOP,",NH7 ROAD,3KM,0.0,0.0,0,1,,
Bengaluru Dist,Suryanagar PS,1.04422e+16,2018,1,2,Road Accidents,Other,Rural Areas,Open area,Not Applicable,Yes,Simple Injury,Hit and Run,Controlled,Others,Village Road,Bitumen(Tar),Dry,Not Applicable,Fine,YARANDALLI  TO SHRIRAMPURA ROAD,YARANDALLI,5 KM,0.0,0.0,0,0,0.0,0.0
Bengaluru Dist,Suryanagar PS,1.04422e+16,2018,1,1,Road Accidents,Other,Not Applicable,Near Hospital,Not Applicable,No,Simple Injury,Others,Uncontrolled,Straight and flat,NH,Surfaced,Others,Not Applicable,Others,"CHANDAPURA BRIDGE INFORNT OF BEST HOSPITAL ROAD,",NH7 ROAD,2KM,0.0,0.0,0,1,,
Bengaluru Dist,Suryanagar PS,1.04422e+16,2018,1,2,Road Accidents,Other,Rural Areas,Near School or College,Not Applicable,No,Simple Injury,Others,Uncontrolled,Straight and flat,NH,Surfaced,Others,Not Applicable,Others,CHANDAPURA FLYOVER,NH7 ROAD,2KM,0.0,0.0,0,1,,
Bengaluru Dist,Suryanagar PS,1.04422e+16,2018,1,2,Road Accidents,Other,City/Town,Near Bus stop,Not Applicable,No,Not Applicable,Others,Uncontrolled,Straight and flat,NH,Surfaced,Others,Not Applicable,Others,NEAR HENNAGARA BUS STOP,NH 7 ROAD,3KM,0.0,0.0,0,1,,
Bengaluru Dist,Suryanagar PS,1.04422e+16,2018,1,2,Road Accidents,Other,Rural Areas,Open area,Human Error,Yes,Damage Only,Others,Controlled,Curve,NH,Bitumen(Tar),Dry,Not Applicable,Clear,BANGALURU -HOSURU ROAD,NEAR RK DABA,2.5KM,0.0,0.0,0,0,0.0,0.0
Bengaluru Dist,Suryanagar PS,1.04422e+16,2018,1,1,Road Accidents,Junction,Rural Areas,Near Bus stop,Human Error,No,Fatal,Hit pedestrian,Controlled,Others,NH,Bitumen(Tar),Dry,Not Applicable,Clear,NEAR HALECHANDAPUR VILLAGE HOSURU TO BENGALURU NH7 ROAD,NEAR HALECHANDAPUR VILLAGE HOSURU TO BENGALURU NH7 ROAD,100MT,0.0,0.0,0,0,0.0,0.0
Bengaluru Dist,Suryanagar PS,1.04422e+16,2018,1,1,Road Accidents,Junction,City/Town,Near Bus stop,Human Error,Yes,Grievous Injury,Hit pedestrian,Controlled,Others,NH,Bitumen(Tar),Dry,Not Applicable,Fine,HOSURU TO BENGALURU,HALE CHANDAPUR BUS STOP,100FT,0.0,0.0,0,0,0.0,0.0
Bengaluru Dist,Suryanagar PS,1.04422e+16,2018,1,2,Road Accidents,Other,Rural Areas,Near Bus stop,Not Applicable,No,Simple Injury,Overturning,Uncontrolled,Straight and flat,Others,Surfaced,Others,Not Applicable,Others,ANEKAL TO CHANDAPUR ROAD,NEAR MARSUR BUS STOP,2KM,0.0,0.0,0,1,,
Bengaluru Dist,Suryanagar PS,1.04422e+16,2018,1,2,Not Applicable,Not Applicable,Rural Areas,Open area,Not Applicable,Not Applicable,Simple Injury,Not Applicable,Uncontrolled,Others,Others,Bitumen(Tar),Dry,Not Applicable,Fine,RAMASAGARA TO CHANDAPURA ROAD,RAMASAGARA TO CHANDAPURA ROAD,5KM,0.0,0.0,0,0,0.0,0.0
Bengaluru Dist,Suryanagar PS,1.04422e+16,2018,1,1,Not Applicable,Other,Rural Areas,Open area,Not Applicable,Yes,Fatal,Hit and Run,Uncontrolled,Others,NH,Bitumen(Tar),Dry,Not Applicable,Fine,"BENGALORE HOSUR NH7 NEAR SERVICE ROAD ,TIRIMAGONDANAHALLI",TIRUMAGONDANAHALLI,4KM,0.0,0.0,0,0,0.0,0.0
Bengaluru Dist,Suryanagar PS,1.04422e+16,2018,1,1,Road Accidents,Not Applicable,Rural Areas,Open area,Human Error,Not Applicable,Fatal,Not Applicable,Not Applicable,Others,NH,Bitumen(Tar),Dry,Not Applicable,Fine,NEAR SUN PYALES CHOWTRY HALECHANDAPUR HOSURU TO BENGALURU NH7 ROAD,NEAR SUN PYALES CHOWTRY HALECHANDAPUR HOSURU TO BENGALURU NH7 ROAD,100MT,0.0,0.0,0,0,0.0,0.0
Bengaluru Dist,Suryanagar PS,1.04422e+16,2018,1,1,Road Accidents,Other,City/Town,Near a recreation place/cinema,Vehicle Defect,No,Simple Injury,Others,Uncontrolled,Straight and flat,Others,Not Applicable,Others,Not Applicable,Others,CHANDAPURA SERVICE ROAD,SERVICE ROAD,2KM,0.0,0.0,0,1,0.0,1.0
Bengaluru Dist,Suryanagar PS,1.04422e+16,2018,1,1,Road Accidents,Narrow road,Rural Areas,Open area,Not Applicable,No,Simple Injury,Hit pedestrian,Uncontrolled,Others,Minor District Road,Bitumen(Tar),Dry,Not Applicable,Fine,MARSURU  TO ANEKAL ROAD,MARSUR GATE RTO,3KM,0.0,0.0,0,0,0.0,0.0
Bengaluru Dist,Suryanagar PS,1.04422e+16,2018,1,1,Road Accidents,Other,City/Town,Narrow bridge or culverts,Not Applicable,No,Simple Injury,Others,Uncontrolled,Straight and flat,NH,Surfaced,Others,Not Applicable,Others,HOSUR TO BANGALORE ROAD NH7,NEAR CHANDAPURA RAILWAY BRIDGE,2KM,0.0,0.0,0,1,,
Bengaluru Dist,Suryanagar PS,1.04422e+16,2018,1,2,Road Accidents,Other,City/Town,Near Bus stop,Not Applicable,No,Fatal,Others,Uncontrolled,Straight and flat,NH,Surfaced,Others,Not Applicable,Others,"THIRUMAGONDANAHALLI BUS STOP,",NH7 ROAD,3KM,0.0,0.0,0,1,,
Bengaluru Dist,Suryanagar PS,1.04422e+16,2018,1,1,Road Accidents,Other,Not Applicable,Near Bus stop,Not Applicable,No,Grievous Injury,Others,Uncontrolled,Straight and flat,NH,Surfaced,Others,Not Applicable,Others,HOSUR TO BANGALORE ROAD,NH7 ROAD,2KM,0.0,0.0,0,1,,
Bengaluru Dist,Suryanagar PS,1.04422e+16,2018,1,2,Road Accidents,Other,Rural Areas,Near School or College,Not Applicable,No,Grievous Injury,Others,Uncontrolled,Straight and flat,Others,Surfaced,Others,Not Applicable,Others,"CHANDAPURA LAWRENS COLLEGE,",NH7 ROAD,2KM,0.0,0.0,0,1,,
Bengaluru Dist,Suryanagar PS,1.04422e+16,2018,1,2,Not Applicable,Curves,Rural Areas,Open area,Not Applicable,No,Fatal,Not Applicable,Controlled,Others,Others,Bitumen(Tar),Dry,Not Applicable,Fine,CHANDAPURA DOMMASANDRA ROAD NARAYANAGHATTA CROSS,CHANDAPURA DOMMASANDRA ROAD,3 KM,0.0,0.0,0,0,0.0,0.0
Bengaluru Dist,Suryanagar PS,1.04422e+16,2018,1,1,Road Accidents,Other,Rural Areas,Open area,Not Applicable,No,Fatal,Others,Uncontrolled,Others,Village Road,Bitumen(Tar),Dry,Not Applicable,Fine,LAXMISAGARA ROAD,LAXMISAGARA,4KM,0.0,0.0,0,0,0.0,0.0
Bengaluru Dist,Suryanagar PS,1.04422e+16,2018,1,2,Road Accidents,Narrow road,Rural Areas,Near or inside a village,Human Error,No,Simple Injury,Vehicle to Vehicle,Uncontrolled,Straight and flat,NH,Bitumen(Tar),Dry,Not Applicable,Fine,Bangaluru Hosuru NH7 road,Near Thirumagondanahalli gate,2kms,0.0,0.0,0,0,0.0,0.0
Bengaluru Dist,Suryanagar PS,1.04422e+16,2018,1,1,Not Applicable,Bottleneck,City/Town,Near Bus stop,Human Error,No,Fatal,Drowned,Controlled,Crest of hill,Arterial,Bitumen(Tar),Ditch or Potholed,Construction Work / Material,Clear,"NEAR THIRUMAGONDANAHALLI GATE, NH-7 MAIN ROAD, ATTIBELE HOBALI, ANEKAL TQ",THIRUMAGONDANAHALLI GATE,3 KM,0.0,0.0,2,5,0.0,7.0
Bengaluru Dist,Suryanagar PS,1.04422e+16,2018,1,1,Road Accidents,Not Applicable,Rural Areas,Residential area,Not Applicable,Yes,Grievous Injury,Hit pedestrian,Controlled,Others,Others,Bitumen(Tar),Dry,Not Applicable,Fine,HENNAGARA VILLAGE OPP. SUJAN BEKARY,SUJAN BEKARY,2KM,0.0,0.0,0,0,0.0,0.0
Bengaluru Dist,Suryanagar PS,1.04422e+16,2018,1,1,Road Accidents,Other,City/Town,Near Bus stop,Not Applicable,Yes,Fatal,Hit and Run,Uncontrolled,Others,NH,Surfaced,Others,Not Applicable,Others,CHANDAPURA FLYOVER,NH7 ROAD,2KM,0.0,0.0,0,1,,
Bengaluru Dist,Suryanagar PS,1.04422e+16,2018,1,1,Not Applicable,Not Applicable,City/Town,Near a factory industrial area,Not Applicable,No,Grievous Injury,Not Applicable,Uncontrolled,Others,NH,Bitumen(Tar),Dry,Not Applicable,Fine,"INFRONT OF THE K P S COMPANY HALE CHANDAPURA ,BANGLORE HOSUR NH 7 ROAD ,ANEKAL TQ",1KM TOWARDS EAST,1KM,0.0,0.0,0,0,0.0,0.0
Bengaluru Dist,Suryanagar PS,1.04422e+16,2018,1,2,Road Accidents,Other,Rural Areas,Open area,Human Error,No,Damage Only,Others,Controlled,Others,Others,Bitumen(Tar),Dry,Not Applicable,Clear,ANEKAL-CHANDAPUR ROAD,SWAMIVIVEKANANDA SCHOOL,2KM,0.0,0.0,0,0,0.0,0.0
Bengaluru Dist,Suryanagar PS,1.04422e+16,2018,1,1,Not Applicable,Other,Rural Areas,Open area,Not Applicable,No,Simple Injury,Others,Uncontrolled,Not Applicable,Not Applicable,Bitumen(Tar),Dry,Not Applicable,Fine,KEB OFFICE NEAR SURYACITY 1ST PHASE,SURYACITY 1ST PHASE,1KM,0.0,0.0,0,0,0.0,0.0
Bengaluru Dist,Suryanagar PS,1.04422e+16,2018,1,2,Road Accidents,Not Applicable,City/Town,Near Bus stop,Human Error,No,Grievous Injury,Vehicle to Vehicle,Not Applicable,Not Applicable,NH,Bitumen(Tar),Others,Not Applicable,Others,SERVICE ROAD,NEAR HENNAGARA GATE BUS STOP,5,0.0,0.0,0,1,0.0,1.0
Bengaluru Dist,Suryanagar PS,1.04422e+16,2018,1,1,Road Accidents,Cross roads,Rural Areas,Near a factory industrial area,Human Error,No,Fatal,Hit pedestrian,No signal lights,Straight and flat,NH,Bitumen(Tar),Dry,Not Applicable,Clear,BANGALORE - HOSURU NH-7 ROAD,NERA THIRUMAGONDANAHALLI,4 KM,0.0,0.0,0,0,0.0,0.0
Bengaluru Dist,Suryanagar PS,1.04422e+16,2018,1,1,Not Applicable,Not Applicable,Not Applicable,Open area,Not Applicable,Not Applicable,Fatal,Others,Uncontrolled,Others,NH,Bitumen(Tar),Dry,Not Applicable,Fine,TIRUMAGONDANAHALLI BANGELURU HOSUR NH7 ROAD,TIRUMAGONDANAHALLI BENGELURU  HOSUR NH 7 ROAD,5KM,0.0,0.0,0,0,0.0,0.0
Bengaluru Dist,Suryanagar PS,1.04422e+16,2018,1,2,Not Applicable,Curves,City/Town,Affected by encroachments,Human Error,No,Damage Only,Drowned,Give way sign,Crest of hill,Arterial,Bitumen(Tar),Ditch or Potholed,Construction Work / Material,Clear,jjkk,corve road,1,0.0,0.0,2,5,0.0,7.0
Bengaluru Dist,Suryanagar PS,1.04422e+16,2019,1,1,Road Accidents,Narrow road,Rural Areas,Near or inside a village,Human Error,No,Grievous Injury,Hit pedestrian,Uncontrolled,Straight and flat,Service Road,Bitumen(Tar),Dry,Not Applicable,Fine,Hosuru Bangaluru NH7  service road,Near Nisaraga Kirthana hotel Chandapura,1 km,12.803025,77.702023,0,0,0.0,0.0
Bengaluru Dist,Suryanagar PS,1.04422e+16,2019,1,2,Road Accidents,Not Applicable,Rural Areas,Residential area,Human Error,No,Simple Injury,Vehicle to Vehicle,Not Applicable,Others,Others,Bitumen(Tar),Others,Not Applicable,Others,HELALIGE ROAD,INFRONT OF CHANDRAREDDY BUILDING,3,12.798074,77.695589,0,1,0.0,1.0
Bengaluru Dist,Suryanagar PS,1.04422e+16,2019,1,2,Road Accidents,Narrow road,Rural Areas,Near Bus stop,Human Error,Yes,Simple Injury,Vehicle to Vehicle,Not Applicable,Not Applicable,Others,Bitumen(Tar),Others,Not Applicable,Others,"NEAR KANTHARAJA SHOP, MUTTANALLURU SARJAPURA ROAD",KANTHARAJA SHOP,5,12.825117,77.737183,0,1,0.0,1.0
Bengaluru Dist,Suryanagar PS,1.04422e+16,2019,1,1,Road Accidents,Narrow road,Rural Areas,Near or inside a village,Human Error,No,Fatal,Hit pedestrian,Uncontrolled,Straight and flat,NH,Bitumen(Tar),Dry,Not Applicable,Fine,Hosuru Bangaluru NH7,Near Thirumagondanahalli gate,5 kms,12.794002,77.721664,0,0,0.0,0.0
Bengaluru Dist,Suryanagar PS,1.04422e+16,2019,1,2,Not Applicable,Narrow road,City/Town,Open area,Not Applicable,Yes,Grievous Injury,Vehicle to Vehicle,Uncontrolled,Not Applicable,NH,Bitumen(Tar),Dry,Not Applicable,Fine,"CHAINAI BANGALORE NH 7 ROADNEAR T.S GRAND HOTRL ,HALE CHANDAPURA .",HALE CHANDAPURA,3 KM,12.793807,77.708708,0,0,0.0,0.0
Bengaluru Dist,Suryanagar PS,1.04422e+16,2019,1,2,Road Accidents,Not Applicable,Rural Areas,Open area,Human Error,No,Simple Injury,Not Applicable,Not Applicable,Others,NH,Bitumen(Tar),Dry,Not Applicable,Fine,BENGALURU HOSURU ROAD,CHANDAPURA RAILWAY BRIDGE,100FT,12.80117,77.703854,0,0,0.0,0.0
Bengaluru Dist,Suryanagar PS,1.04422e+16,2019,1,3,Road Accidents,Not Applicable,Rural Areas,Near Hospital,Human Error,No,Grievous Injury,Vehicle to Vehicle,Not Applicable,Others,NH,Bitumen(Tar),Others,Not Applicable,Others,HOSUR BANGALORE NH7 ROAD CHANDAPURA FLYOVER,HOSUR BANGALORE NH7 ROAD CHANDAPURA FLYOVER,2,12.801855,77.707893,0,1,0.0,1.0