DISTRICTNAME,UNITNAME,Crime_No,Year,RI,Noofvehicle_involved,Accident_Classification,Accident_Spot,Accident_Location,Accident_SubLocation,Main_Cause,Hit_Run,Severity,Collision_Type,Junction_Control,Road_Character,Road_Type,Surface_Type,Surface_Condition,Road_Condition,Weather,Accident_Road,Landmark_first,Distance_LandMark_First,Latitude,Longitude,Road_Condition_Score,Surface_Condition_Score,Surface_Type_Score,Road_Risk_Index
Bengaluru Dist,Suryanagar PS,1.04422e+16,2019,1,2,Road Accidents,Narrow road,Rural Areas,Narrow bridge or culverts,Human Error,No,Damage Only,Vehicle to Vehicle,Not Applicable,Others,NH,Bitumen(Tar),Others,Not Applicable,Others,RAIL WAY BRIDGE HALE CHANDAPURA,RAILWAY BRIDGE,3,12.802042,77.70979,0,1,0.0,1.0
Bengaluru Dist,Suryanagar PS,1.04422e+16,2019,1,2,Road Accidents,Narrow road,Rural Areas,Near or inside a village,Human Error,No,Grievous Injury,Vehicle to Vehicle,Uncontrolled,Straight and flat,Others,Bitumen(Tar),Dry,Not Applicable,Fine,Muthanalluru-Huskuru road,Near Muthanalluru village,7 kms,12.798521,77.7009869,0,0,0.0,0.0
Bengaluru Dist,Suryanagar PS,1.04422e+16,2019,1,2,Road Accidents,Not Applicable,Rural Areas,Residential area,Human Error,Yes,Grievous Injury,Vehicle to Vehicle,Not Applicable,Not Applicable,State Highway,Bitumen(Tar),Dry,Not Applicable,Others,IGGALURU U TURN ROAD,INFRONT OF APPOLO PHARM,2,12.787622,77.70353,0,0,0.0,0.0
Bengaluru Dist,Suryanagar PS,1.04422e+16,2019,1,2,Road Accidents,Not Applicable,Rural Areas,Near Bus stop,Human Error,Yes,Simple Injury,Vehicle to Vehicle,Not Applicable,Not Applicable,NH,Bitumen(Tar),Others,Not Applicable,Others,NH 7 HOSUR TO BANGALORE ROAD HALE CHANDAPURA,NH 7 HOSUR TO BANGALORE ROAD HALE CHANDAPURA,3,12.800608,77.713575,0,1,0.0,1.0
Bengaluru Dist,Suryanagar PS,1.04422e+16,2019,1,1,Road Accidents,Not Applicable,Rural Areas,Near School or College,Human Error,Yes,Grievous Injury,Hit pedestrian,Controlled,Others,NH,Bitumen(Tar),Dry,Not Applicable,Fine,HOSURU TO BEGALURU NH-7 ROAD,HALE CHANDAPUR VILLAGE,10FT,12.805495,77.701949,0,0,0.0,0.0
Bengaluru Dist,Suryanagar PS,1.04422e+16,2019,1,2,Road Accidents,Narrow road,City/Town,Residential area,Human Error,Yes,Grievous Injury,Vehicle to Vehicle,Not Applicable,Not Applicable,State Highway,Bitumen(Tar),Others,Not Applicable,Others,KACHANAYAKANAHALLI,INFORNT OF YOGESH BUILDING,5,12.797989,77.702839,0,1,0.0,1.0
Bengaluru Dist,Suryanagar PS,1.04422e+16,2019,1,2,Road Accidents,Not Applicable,Rural Areas,Near Bus stop,Human Error,No,Grievous Injury,Vehicle to Vehicle,Not Applicable,Slight Curve,Others,Bitumen(Tar),Others,Not Applicable,Others,RAMAKRISHNAPURA GATE,INFRONT OF RAMAKRISHNAPURA GATE ARCH,2,12.781161,77.703362,0,1,0.0,1.0
Bengaluru Dist,Suryanagar PS,1.04422e+16,2019,1,1,Road Accidents,Narrow road,Rural Areas,Near Bus stop,Human Error,No,Fatal,Hit pedestrian,Uncontrolled,Straight and flat,NH,Bitumen(Tar),Dry,Not Applicable,Fine,HOSUR BANGALORE NH7 ROAD THIRUMAGONDANAHALLI,Near Thirumagondanahalli gate,5 km,12.79396,77.7212639,0,0,0.0,0.0
Bengaluru Dist,Suryanagar PS,1.04422e+16,2019,1,2,Road Accidents,Cross roads,Rural Areas,Near Bus stop,Human Error,No,Grievous Injury,Vehicle to Vehicle,Not Applicable,Not Applicable,State Highway,Bitumen(Tar),Others,Not Applicable,Others,ANEKAL CHANDAPURA ROAD,NEAR RAMAKRISHNAPURA GATE U TURN ROAD,3,12.793116,77.703328,0,1,0.0,1.0
Bengaluru Dist,Suryanagar PS,1.04422e+16,2019,1,2,Road Accidents,Not Applicable,Rural Areas,Near a factory industrial area,Human Error,No,Damage Only,Vehicle to Vehicle,Not Applicable,Not Applicable,Others,Bitumen(Tar),Others,Not Applicable,Others,INFRONT OF MADURA GARMENTS,INFRONT OF MADURA GARMENTS,3,12.772593,77.699656,0,1,0.0,1.0
Bengaluru Dist,Suryanagar PS,1.04422e+16,2019,1,1,Road Accidents,Not Applicable,Rural Areas,Residential area,Human Error,No,Not Applicable,Vehicle to Vehicle,Not Applicable,Not Applicable,Others,Bitumen(Tar),Others,Not Applicable,Others,TCP LAYOUT,TCP LAYOUT,2,12.800524,77.711985,0,1,0.0,1.0
Bengaluru Dist,Suryanagar PS,1.04422e+16,2019,1,2,Road Accidents,Not Applicable,Rural Areas,Residential area,Not Applicable,Yes,Grievous Injury,Vehicle to Vehicle,Not Applicable,Not Applicable,State Highway,Concrete,Others,Not Applicable,Others,ADISONNAHATTI ROAD,SHANKAR MAHADEV GODOWN 2ND GATE FRONT,4 KM,12.798663,77.717014,0,1,0.0,1.0
Bengaluru Dist,Suryanagar PS,1.04422e+16,2019,1,1,Road Accidents,Not Applicable,Rural Areas,Narrow bridge or culverts,Human Error,No,Simple Injury,Not Applicable,Not Applicable,Not Applicable,NH,Bitumen(Tar),Others,Not Applicable,Others,INFRONT OF GALAXY HOTEL BANGALORE HOSUR NH7 ROAD,INFRONT OF GALAXY HOTEL BANGALORE HOSUR NH7 ROAD,3,12.805484,77.700204,0,1,0.0,1.0
Bengaluru Dist,Suryanagar PS,1.04422e+16,2019,1,2,Road Accidents,Curves,Rural Areas,Near Bus stop,Human Error,No,Fatal,Hit bicyclist,Not Applicable,Curve and Incline,NH,Bitumen(Tar),Others,Not Applicable,Others,NH 7 HOSUR TO BANGALORE ROAD,NEAR RAMANA MAHARSHI ASHRAMA,4,12.793755,77.722526,0,1,0.0,1.0
Bengaluru Dist,Suryanagar PS,1.04422e+16,2019,1,2,Road Accidents,Not Applicable,Rural Areas,Residential area,Human Error,No,Grievous Injury,Vehicle to Vehicle,Not Applicable,Others,NH,Bitumen(Tar),Others,Not Applicable,Others,NH7 HOSUR ROAD HALE CHANDAPURA,SHELTERS,3,12.800939,77.713428,0,1,0.0,1.0
Bengaluru Dist,Suryanagar PS,1.04422e+16,2019,1,1,Road Accidents,Not Applicable,Rural Areas,Near Bus stop,Human Error,No,Grievous Injury,Hit pedestrian,Not Applicable,Not Applicable,NH,Bitumen(Tar),Others,Not Applicable,Others,THIRUMAGONDANAHALLI VILLEGE,NEAR BUS STOP,3,12.793988,77.721978,0,1,0.0,1.0
Bengaluru Dist,Suryanagar PS,1.04422e+16,2019,1,1,Road Accidents,Narrow road,Rural Areas,Near office complex,Human Error,No,Grievous Injury,Hit pedestrian,Uncontrolled,Others,Others,Bitumen(Tar),Dry,Not Applicable,Fine,Anekal Chandapura main road,Infront of KEB office Chandapura,1 km,12.798673,77.705972,0,0,0.0,0.0
Bengaluru Dist,Suryanagar PS,1.04422e+16,2019,1,1,Road Accidents,Narrow road,Rural Areas,Near or inside a village,Human Error,No,Fatal,Hit pedestrian,Uncontrolled,Others,NH,Bitumen(Tar),Dry,Not Applicable,Fine,Bangaluru Hosuru NH7 road,infront of SLV Kalyana mantapa,2 km,12.801868,77.707084,0,0,0.0,0.0
Bengaluru Dist,Suryanagar PS,1.04422e+16,2019,1,2,Road Accidents,Not Applicable,Rural Areas,Open area,Human Error,No,Simple Injury,Vehicle to Vehicle,Not Applicable,Not Applicable,NH,Bitumen(Tar),Others,Not Applicable,Others,BANGALORE HOSURU NH 7 ROAD,NEAR POOJA CRACKERS,4,12.797715,77.717586,0,1,0.0,1.0
Bengaluru Dist,Suryanagar PS,1.04422e+16,2019,1,1,Road Accidents,Not Applicable,Rural Areas,Residential area,Human Error,No,Simple Injury,Hit pedestrian,Not Applicable,Others,State Highway,Bitumen(Tar),Others,Not Applicable,Others,ANEKAL CHANDAPURA ROAD,INFRONT OF VINAY AND COMPANY,2,12.798599,77.706976,0,1,0.0,1.0
Bengaluru Dist,Suryanagar PS,1.04422e+16,2019,1,1,Road Accidents,Narrow road,Rural Areas,Near Bus stop,Human Error,No,Grievous Injury,Hit pedestrian,Not Applicable,Others,Others,Bitumen(Tar),Others,Not Applicable,Others,RAMAKRISHNAPURA GATE,NEAR BUS STOP,2,12.794656,77.708859,0,1,0.0,1.0
Bengaluru Dist,Suryanagar PS,1.04422e+16,2019,1,1,Road Accidents,Not Applicable,Rural Areas,Near Bus stop,Not Applicable,No,Fatal,Hit pedestrian,Not Applicable,Not Applicable,NH,Bitumen(Tar),Dry,Not Applicable,Cloudy,NH,THIRUMAGONDANAHALLI,4 KM,12.786757,77.703599,0,0,0.0,0.0
Bengaluru Dist,Suryanagar PS,1.04422e+16,2019,1,2,Road Accidents,Not Applicable,Rural Areas,Near Petrol Pump,Human Error,No,Grievous Injury,Vehicle to Vehicle,Not Applicable,Not Applicable,NH,Bitumen(Tar),Others,Not Applicable,Others,INFRONT OF BHARATH PETROL BUNK HOSUR BANGALORE NH 7 MANI ROAD,INFRONT OF BHARATH PETROL BUNK HOSUR BANGALORE NH 7 MANI ROAD,4,12.795984,77.718555,0,1,0.0,1.0
Bengaluru Dist,Suryanagar PS,1.04422e+16,2019,1,1,Road Accidents,Narrow road,Rural Areas,Open area,Human Error,Yes,Grievous Injury,Hit pedestrian,Not Applicable,Others,Others,Bitumen(Tar),Others,Not Applicable,Others,MUTTANALLURU VILLEGE,MUTTANALLURU VILLEGE,5,12.820922,77.737204,0,1,0.0,1.0
Bengaluru Dist,Suryanagar PS,1.04422e+16,2019,1,1,Road Accidents,Not Applicable,Rural Areas,Open area,Human Error,No,Simple Injury,Hit pedestrian,Not Applicable,Others,Others,Bitumen(Tar),Others,Not Applicable,Others,CHANDAPURA ANEKAL ROAD,INFRONT OF UMESH CAR PAINTING AND REPAIR SHOP,2,12.786485,77.703304,0,1,0.0,1.0
Bengaluru Dist,Suryanagar PS,1.04422e+16,2019,1,2,Road Accidents,Cross roads,City/Town,Open area,Human Error,Yes,Grievous Injury,Vehicle to Vehicle,Not Applicable,Curve and Incline,State Highway,Bitumen(Tar),Not Applicable,Not Applicable,Others,CHANDAPURA SARJAPURA ROAD,CHANDAPURA NEAR LAKE,3,12.805154,77.706039,0,0,0.0,0.0
Bengaluru Dist,Suryanagar PS,1.04422e+16,2019,1,2,Road Accidents,Narrow road,Rural Areas,Open area,Not Applicable,No,Simple Injury,Vehicle to Vehicle,Controlled,Others,Two way,Bitumen(Tar),Dry,Not Applicable,Others,ANEKAL CHANDAPURA MAIN ROAD,0,1 KM,12.793496,77.710658,0,0,0.0,0.0
Bengaluru Dist,Suryanagar PS,1.04422e+16,2019,1,2,Road Accidents,Not Applicable,Rural Areas,Open area,Human Error,No,Grievous Injury,Vehicle to Vehicle,Not Applicable,Incline,NH,Bitumen(Tar),Dry,Not Applicable,Clear,HOSURU TO BENGALURU NH-7 ROAD,TIRUMAGONDANAHALLY,100MT,12.793938,77.721718,0,0,0.0,0.0
Bengaluru Dist,Suryanagar PS,1.04422e+16,2019,1,2,Road Accidents,Narrow road,Rural Areas,Near or inside a village,Human Error,No,Grievous Injury,Vehicle to Vehicle,Uncontrolled,Straight and flat,Others,Bitumen(Tar),Dry,Not Applicable,Fine,Anekal Chandapura main road,Near Ramakrishnapura gate,3 kms,12.778635,77.702107,0,0,0.0,0.0
Bengaluru Dist,Suryanagar PS,1.04422e+16,2019,1,2,Road Accidents,Narrow road,City/Town,Narrow bridge or culverts,Not Applicable,No,Fatal,Vehicle to Vehicle,Not Applicable,Others,NH,Bitumen(Tar),Others,Not Applicable,Others,HOSUR- BANGALORE ROAD,INFRONT OF NISARGA KIRTHAN APARTMENT,2,12.803926,77.701004,0,1,0.0,1.0
Bengaluru Dist,Suryanagar PS,1.04422e+16,2019,1,3,Road Accidents,Narrow road,City/Town,Near Bus stop,Human Error,No,Damage Only,Vehicle to Vehicle,Uncontrolled,Straight and flat,NH,Bitumen(Tar),Dry,Not Applicable,Fine,Bangaluru Hosuru NH7 road,Near Thirumagondanahalli bus stop,2 kms,12.794012,77.722024,0,0,0.0,0.0
Bengaluru Dist,Suryanagar PS,1.04422e+16,2019,1,2,Road Accidents,Narrow road,Rural Areas,Near or inside a village,Human Error,No,Simple Injury,Vehicle to Vehicle,Uncontrolled,Straight and flat,Others,Bitumen(Tar),Dry,Not Applicable,Fine,Anekal Chandapura main road,Near J K fahsion,1.5 km,12.797345,77.706319,0,0,0.0,0.0
Bengaluru Dist,Suryanagar PS,1.04422e+16,2019,1,2,Not Applicable,Other,Rural Areas,Open area,Not Applicable,No,Damage Only,Others,Uncontrolled,Not Applicable,Village Road,Bitumen(Tar),Dry,Not Applicable,Fine,MARASUR GATE ANEKAL TO CHANDAPUR ROAD,MARASUR GATE ANEKAL TO CHANDAPUR ROAD,3 KM,12.817383,77.730708,0,0,0.0,0.0
Bengaluru Dist,Suryanagar PS,1.04422e+16,2019,1,1,Road Accidents,Narrow road,Rural Areas,Narrow bridge or culverts,Human Error,No,Fatal,Hit pedestrian,Uncontrolled,Straight and flat,NH,Bitumen(Tar),Dry,Not Applicable,Fine,Hosuru Bangaluru NH7  main road,under railway bridge Chandapura,3 kms,12.802077,77.709115,0,0,0.0,0.0
Bengaluru Dist,Suryanagar PS,1.04422e+16,2019,1,1,Road Accidents,Narrow road,Rural Areas,Near Bus stop,Human Error,Yes,Simple Injury,Hit pedestrian,Uncontrolled,Straight and flat,Others,Bitumen(Tar),Dry,Not Applicable,Fine,Chandapura-Anekal road Chandapura,Near Big market,0.5 km,12.793109,77.705447,0,0,0.0,0.0
Bengaluru Dist,Suryanagar PS,1.04422e+16,2019,1,1,Road Accidents,Narrow road,Rural Areas,Near or inside a village,Human Error,Yes,Damage Only,Not Applicable,Uncontrolled,Straight and flat,NH,Bitumen(Tar),Dry,Not Applicable,Fine,infront of nisaraga kirtha apartment,Chandapura flyover,2km,12.804114,77.700801,0,0,0.0,0.0
Bengaluru Dist,Suryanagar PS,1.04422e+16,2019,1,1,Road Accidents,Not Applicable,Rural Areas,Near School or College,Human Error,No,Grievous Injury,Hit pedestrian,Not Applicable,Others,State Highway,Bitumen(Tar),Others,Not Applicable,Others,INFRONT OF SPOORTHY SCHOOL,INFRONT OF SPOORTHY SCHOOL,3,12.773277,77.70149,0,1,0.0,1.0
Bengaluru Dist,Suryanagar PS,1.04422e+16,2019,1,2,Road Accidents,Not Applicable,City/Town,Open area,Human Error,Yes,Simple Injury,Vehicle to Vehicle,Not Applicable,Others,NH,Bitumen(Tar),Others,Not Applicable,Others,BANGALORE HOSUR NH 7 ROAD HENNAGARA GATE NFRONT OF GALAXY HOTEL TIBELE HOBLI .,IFRONT OF GALAXY HOTEL,3,12.804332,77.700839,0,1,0.0,1.0
Bengaluru Dist,Suryanagar PS,1.04422e+16,2019,1,2,Road Accidents,Narrow road,City/Town,Near Bus stop,Human Error,Yes,Damage Only,Vehicle to Vehicle,Uncontrolled,Others,NH,Bitumen(Tar),Dry,Not Applicable,Fine,Chandapura Attibele service road NH7,Near Manjunatha medicals chandapura,1kms,12.8021,77.707841,0,0,0.0,0.0
Bengaluru Dist,Suryanagar PS,1.04422e+16,2019,1,2,Road Accidents,Not Applicable,City/Town,Near Bus stop,Not Applicable,No,Damage Only,Vehicle to Vehicle,Not Applicable,Not Applicable,State Highway,Bitumen(Tar),Not Applicable,Not Applicable,Others,BMTC DEPO ROAD,BMTC DEPO,1,12.792478,77.705071,0,0,0.0,0.0
Bengaluru Dist,Suryanagar PS,1.04422e+16,2019,1,2,Not Applicable,Bottleneck,City/Town,Affected by encroachments,Human Error,No,Fatal,Hit animal,Controlled,Crest of hill,Arterial,Bitumen(Tar),Ditch or Potholed,Construction Work / Material,Clear,JIGANI - BOMMASANDRA ROAD,YARANDAHALLI CIRCLE,15 KM,12.809384,77.667278,2,5,0.0,7.0
Bengaluru Dist,Suryanagar PS,1.04422e+16,2019,1,2,Road Accidents,Not Applicable,Rural Areas,Open area,Not Applicable,No,Grievous Injury,Not Applicable,Uncontrolled,Not Applicable,Others,Bitumen(Tar),Dry,Not Applicable,Fine,CHANDAPURA TO ANEKAL ROAD,NEAR MARASURU GATE,2KM,12.767747,77.701208,0,0,0.0,0.0
Bengaluru Dist,Suryanagar PS,1.04422e+16,2019,1,2,Road Accidents,Not Applicable,City/Town,Open area,Human Error,No,Fatal,Vehicle to Vehicle,Not Applicable,Others,Service Road,Bitumen(Tar),Others,Not Applicable,Others,Infront of vishnu upahar,Infront of vishnu upahar hotel,3 kms,12.799779,77.715009,0,1,0.0,1.0
Bengaluru Dist,Suryanagar PS,1.04422e+16,2019,1,2,Road Accidents,Junction,Rural Areas,Near Bus stop,Human Error,No,Grievous Injury,Vehicle to Vehicle,Controlled,Others,Not Applicable,Bitumen(Tar),Dry,Not Applicable,Fine,DOMMASANDRA TO CHANDAPUR ROAD,NEAR BASAVESHWAR TEMPLE KAGGALIPUR GATE,10FT,12.802067,77.705058,0,0,0.0,0.0
Bengaluru Dist,Suryanagar PS,1.04422e+16,2019,1,2,Road Accidents,Cross roads,City/Town,Near Hospital,Not Applicable,No,Damage Only,Vehicle to Vehicle,Not Applicable,Others,NH,Bitumen(Tar),Others,Not Applicable,Others,HOSUR- BANGALORE ROAD,CHAKRA HOSPITAL FRONT ROAD TOWARDS BANGALORE,2,12.802861,77.703164,0,1,0.0,1.0
Bengaluru Dist,Suryanagar PS,1.04422e+16,2019,1,2,Road Accidents,Narrow road,Rural Areas,Near or inside a village,Human Error,No,Fatal,Vehicle to Vehicle,Uncontrolled,Others,NH,Bitumen(Tar),Dry,Not Applicable,Fine,Dommasandra-Chandapura main road,Near Narayanagatta village,6 km,12.838395,77.725344,0,0,0.0,0.0
Bengaluru Dist,Suryanagar PS,1.04422e+16,2019,1,2,Road Accidents,Narrow road,City/Town,Narrow bridge or culverts,Human Error,Not Applicable,Damage Only,Vehicle to Vehicle,Not Applicable,Not Applicable,NH,Bitumen(Tar),Dry,Not Applicable,Others,RAIL WAY BRIDGE,HALE CHANDAPURA RAILWAY BRIDGE,2,12.802064,77.7093709,0,0,0.0,0.0
Bengaluru Dist,Suryanagar PS,1.04422e+16,2019,1,2,Road Accidents,Not Applicable,Rural Areas,Open area,Human Error,No,Grievous Injury,Vehicle to Vehicle,Not Applicable,Not Applicable,NH,Bitumen(Tar),Others,Not Applicable,Others,THIRUMAGONDANAHALLI VILLEGE,INFRONT NARAYANAREDDY BRICKS FACTORY,4,12.79337,77.72317,0,1,0.0,1.0
Bengaluru Dist,Suryanagar PS,1.04422e+16,2019,1,2,Road Accidents,Narrow road,City/Town,Near Bus stop,Human Error,No,Fatal,Vehicle to Vehicle,Not Applicable,Not Applicable,NH,Bitumen(Tar),Others,Not Applicable,Others,NH 7 HOSUR TO BANGALORE ROAD,NEAR BUS STOP,5,12.793602,77.721658,0,1,0.0,1.0
Bengaluru Dist,Suryanagar PS,1.04422e+16,2019,1,2,Road Accidents,Not Applicable,Rural Areas,Open area,Human Error,No,Grievous Injury,Vehicle to Vehicle,Not Applicable,Others,Others,Bitumen(Tar),Others,Not Applicable,Others,NEAR KAGGALIPURA GATE,NEAR KAGGALIPURA GATE,6,12.803864,77.7129129,0,1,0.0,1.0
Bengaluru Dist,Suryanagar PS,1.04422e+16,2019,1,1,Road Accidents,Narrow road,City/Town,Near or inside a village,Human Error,No,Fatal,Hit pedestrian,Uncontrolled,Straight and flat,NH,Bitumen(Tar),Dry,Not Applicable,Fine,Bangaluru-Hosuru NH7 road,Near Chandapura circle,3 kms,12.801964,77.710896,0,0,0.0,0.0
Bengaluru Dist,Suryanagar PS,1.04422e+16,2019,1,3,Road Accidents,Cross roads,City/Town,Narrow bridge or culverts,Human Error,No,Simple Injury,Vehicle to Vehicle,Not Applicable,Others,NH,Bitumen(Tar),Dry,Not Applicable,Others,HALE CHANDAPURA NH 7,INFRONT OF MITCHELINE SERVICE CENTER NH 7,3,12.801262,77.712205,0,0,0.0,0.0
Bengaluru Dist,Suryanagar PS,1.04422e+16,2019,1,2,Road Accidents,Not Applicable,City/Town,Near Bus stop,Human Error,No,Fatal,Vehicle to Vehicle,Not Applicable,Others,NH,Bitumen(Tar),Others,Not Applicable,Others,HOSUR- BANGALORE ROAD N H 7 SERVICE ROAD,NISARGA KIRTHAN APARTMENTS,2,12.804281,77.700717,0,1,0.0,1.0
Bengaluru Dist,Suryanagar PS,1.04422e+16,2019,1,2,Road Accidents,Railway crossing,Rural Areas,Open area,Human Error,Not Applicable,Damage Only,Vehicle to Vehicle,Not Applicable,Hump,NH,Bitumen(Tar),Others,Not Applicable,Others,BENGALURU TO HOSURU,CHANDAPUR RAILWAY BRIDGE,10FT,12.801878,77.708024,0,1,0.0,1.0
Bengaluru Dist,Suryanagar PS,1.04422e+16,2019,1,1,Road Accidents,Not Applicable,Rural Areas,Open area,Human Error,No,Grievous Injury,Hit pedestrian,Not Applicable,Others,Service Road,Bitumen(Tar),Others,Not Applicable,Others,INFRONT OF AGARVALA PACKERS AND MOVERS,INFRONT OF AGARVALA PACKERS AND MOVERS,4,12.800127,77.714719,0,1,0.0,1.0
Bengaluru Dist,Suryanagar PS,1.04422e+16,2019,1,1,Road Accidents,Narrow road,City/Town,Residential area,Not Applicable,Yes,Grievous Injury,Hit bicyclist,Not Applicable,Not Applicable,Others,Bitumen(Tar),Dry,Not Applicable,Snow,SURFACE,1,2KM,12.766171,77.700892,0,0,0.0,0.0
Bengaluru Dist,Suryanagar PS,1.04422e+16,2019,1,1,Road Accidents,Narrow road,City/Town,Narrow bridge or culverts,Human Error,Not Applicable,Damage Only,Not Applicable,Not Applicable,Slight Curve,NH,Bitumen(Tar),Others,Not Applicable,Others,NH 7 BANGALORE HOSUR ROAD,NH 7 CHANDAPURA FLYOVER ENTRANCE,2,12.802368,77.705162,0,1,0.0,1.0
Bengaluru Dist,Suryanagar PS,1.04422e+16,2019,1,2,Road Accidents,Narrow road,Rural Areas,Near or inside a village,Human Error,No,Fatal,Vehicle to Vehicle,Uncontrolled,Others,NH,Bitumen(Tar),Dry,Not Applicable,Fine,BANGALORE HOSURU NH 7 ROAD,near chandapura Sunkareddy land,2 km,12.801971,77.707898,0,0,0.0,0.0
Bengaluru Dist,Suryanagar PS,1.04422e+16,2019,1,2,Road Accidents,Not Applicable,Rural Areas,Open area,Human Error,No,Grievous Injury,Vehicle to Vehicle,Not Applicable,Not Applicable,Others,Bitumen(Tar),Others,Not Applicable,Others,CHANDAPURA TO HALE CHANDAPURA ROAD,INFRONT OF S R FARM,3,12.795382,77.709346,0,1,0.0,1.0
Bengaluru Dist,Suryanagar PS,1.04422e+16,2019,1,2,Not Applicable,Bottleneck,City/Town,Open area,Human Error,No,Grievous Injury,Hit animal,Controlled,Crest of hill,Arterial,Bitumen(Tar),Ditch or Potholed,Construction Work / Material,Clear,"NAGANAYAKANAHALLI VILLAGE, INFORNT OF PARTHAPPA LAND",NAGANAYAKANAHLLI,4 KM,12.766651,77.700932,2,5,0.0,7.0
Bengaluru Dist,Suryanagar PS,1.04422e+16,2019,1,1,Road Accidents,Narrow road,City/Town,Near Bus stop,Human Error,No,Grievous Injury,Hit pedestrian,Uncontrolled,Straight and flat,NH,Bitumen(Tar),Dry,Not Applicable,Fine,NH 7 Bangaluru hosuru road,Near Hennagara gate bus stand,2kms,12.788724,77.671962,0,0,0.0,0.0
Bengaluru Dist,Suryanagar PS,1.04422e+16,2019,1,1,Road Accidents,Narrow road,Rural Areas,Near or inside a village,Human Error,No,Grievous Injury,Hit pedestrian,Uncontrolled,Straight and flat,Service Road,Bitumen(Tar),Dry,Not Applicable,Fine,Bangaluru Hosuru NH7 road,Near Thirumagondanahalli gate,4 kms,12.794209,77.720761,0,0,0.0,0.0
Bengaluru Dist,Suryanagar PS,1.04422e+16,2019,1,2,Road Accidents,Not Applicable,Rural Areas,Open area,Human Error,No,Grievous Injury,Vehicle to Vehicle,Controlled,Others,Others,Bitumen(Tar),Others,Not Applicable,Others,HILALIGE VILLAGE,HILALIGE VILLAGE,100MT,12.79092,77.667784,0,1,0.0,1.0
Bengaluru Dist,Suryanagar PS,1.04422e+16,2019,1,2,Road Accidents,Narrow road,Rural Areas,Near or inside a village,Human Error,No,Simple Injury,Vehicle to Vehicle,Uncontrolled,Straight and flat,NH,Bitumen(Tar),Dry,Not Applicable,Fine,Hosuru Bangaluru NH7  service road,Near Halechandapura,3 kms,12.801987,77.709601,0,0,0.0,0.0
Bengaluru Dist,Suryanagar PS,1.04422e+16,2019,1,1,Road Accidents,Narrow road,Rural Areas,Near or inside a village,Human Error,No,Simple Injury,Hit pedestrian,Uncontrolled,Straight and flat,NH,Bitumen(Tar),Dry,Not Applicable,Fine,Bangaluru Hosuru NH7 road,Near Hennagara gate bus stand,2 kms,12.8058,77.699613,0,0,0.0,0.0
Bengaluru Dist,Suryanagar PS,1.04422e+16,2019,1,1,Road Accidents,Narrow road,Rural Areas,Near or inside a village,Human Error,Yes,Simple Injury,Hit pedestrian,Uncontrolled,Straight and flat,Others,Bitumen(Tar),Dry,Not Applicable,Fine,Srirampura Hennagara road,Near Yellamma temple,6 km,12.785782,77.682837,0,0,0.0,0.0
Bengaluru Dist,Suryanagar PS,1.04422e+16,2019,1,2,Road Accidents,Not Applicable,Rural Areas,Near Bus stop,Not Applicable,No,Grievous Injury,Not Applicable,Uncontrolled,Others,Others,Bitumen(Tar),Dry,Not Applicable,Fine,CHANDAPURA DOMMASANDRA ROAD,NARAYANAGHATTA,5KM,12.84182,77.727117,0,0,0.0,0.0
Bengaluru Dist,Suryanagar PS,1.04422e+16,2019,1,2,Road Accidents,Not Applicable,Rural Areas,Residential area,Human Error,No,Damage Only,Vehicle to Vehicle,Not Applicable,Not Applicable,NH,Bitumen(Tar),Dry,Not Applicable,Others,CHANDAPURA CIRCLE,SHARMA COMPLEXS SHOP CHANDAPURA,2,12.802206,77.705432,0,0,0.0,0.0
Bengaluru Dist,Suryanagar PS,1.04422e+16,2020,1,2,Road Accidents,Curves,Rural Areas,Open area,Not Applicable,No,Simple Injury,Vehicle to Vehicle,Not Applicable,Others,NH,Bitumen(Tar),Dry,Not Applicable,Not Applicable,BENGALURU HOSUR NH,1 KM TOWARDS NORTH,1 KM,12.802228,77.7118579,0,0,0.0,0.0
Bengaluru Dist,Suryanagar PS,1.04422e+16,2020,1,2,Road Accidents,Curves,Rural Areas,Open area,Not Applicable,Yes,Grievous Injury,Vehicle to Vehicle,Uncontrolled,Others,NH,Bitumen(Tar),Dry,Not Applicable,Fine,"NH 7 ROAD, BANLORE TO HOSUR",2KM TOWARDS NORTH,2KM,12.800428,77.713816,0,0,0.0,0.0
Bengaluru Dist,Suryanagar PS,1.04422e+16,2020,1,1,Road Accidents,Offset,Rural Areas,Open area,Human Error,No,Grievous Injury,Not Applicable,Uncontrolled,Not Applicable,State Highway,Bitumen(Tar),Dry,Not Applicable,Fine,CHANDAPURA ANEKAL ROAD,IGGALURU LAKE,2 km,12.780417,77.7027289,0,0,0.0,0.0
Bengaluru Dist,Suryanagar PS,1.04422e+16,2020,1,1,Road Accidents,Narrow road,Rural Areas,Residential area,Human Error,Yes,Grievous Injury,Hit pedestrian,Not Applicable,Not Applicable,Residential Street,Not Applicable,Others,Not Applicable,Others,BOMMASANDRA RAOD,NEAR LINGAPPA BUILDING,5,12.852507,77.7299009,0,1,0.0,1.0
Bengaluru Dist,Suryanagar PS,1.04422e+16,2020,1,2,Road Accidents,Narrow road,Rural Areas,Near or inside a village,Human Error,No,Grievous Injury,Vehicle to Vehicle,Uncontrolled,Others,One way,Concrete,Dry,Not Applicable,Fine,village road,near krushi department,4 kms,12.793029,77.704376,0,0,0.0,0.0
Bengaluru Dist,Suryanagar PS,1.04422e+16,2020,1,1,Road Accidents,Not Applicable,Rural Areas,Near Bus stop,Not Applicable,No,Fatal,Hit pedestrian,Not Applicable,Not Applicable,NH,Surfaced,Dry,Not Applicable,Others,N H ROAD,N H ROAD,3 KM,12.800997,77.701416,0,0,,
Bengaluru Dist,Suryanagar PS,1.04422e+16,2020,1,1,Road Accidents,Not Applicable,Rural Areas,Near Bus stop,Human Error,No,Fatal,Hit pedestrian,Uncontrolled,Others,NH,Bitumen(Tar),Others,Not Applicable,Others,INFRONT OF THIRUMAGONDANAHALLI VILLEGE,BUS STOP,4,12.793242,77.703863,0,1,0.0,1.0