DISTRICTNAME,UNITNAME,Crime_No,Year,RI,Noofvehicle_involved,Accident_Classification,Accident_Spot,Accident_Location,Accident_SubLocation,Main_Cause,Hit_Run,Severity,Collision_Type,Junction_Control,Road_Character,Road_Type,Surface_Type,Surface_Condition,Road_Condition,Weather,Accident_Road,Landmark_first,Distance_LandMark_First,Latitude,Longitude,Road_Condition_Score,Surface_Condition_Score,Surface_Type_Score,Road_Risk_Index
Bengaluru Dist,Suryanagar PS,1.04422e+16,2020,1,2,Road Accidents,Circle,Rural Areas,Near Petrol Pump,Human Error,No,Grievous Injury,Vehicle to Vehicle,Uncontrolled,Others,State Highway,Bitumen(Tar),Dry,Not Applicable,Others,anekal chandapura road,Near petrol bunk,4,12.769769,77.70138,0,0,0.0,0.0
Bengaluru Dist,Suryanagar PS,1.04422e+16,2020,1,2,Road Accidents,Narrow road,Rural Areas,Near office complex,Human Error,No,Fatal,Vehicle to Vehicle,Not at  Junction,Straight and flat,Service Road,Bitumen(Tar),Dry,No influence on accident,Cloudy,NH7 BANGALORE HOSUR SERVICE ROAD,NEAR MAINI FACTORY HALECHANDAPURA,3 KM,12.801845,77.708915,0,0,0.0,0.0
Bengaluru Dist,Suryanagar PS,1.04422e+16,2020,1,1,Road Accidents,Not Applicable,City/Town,At pedestrian Crossing,Human Error,Yes,Fatal,Hit pedestrian,Not at  Junction,Straight and flat,NH,Bitumen(Tar),Dry,No influence on accident,Cloudy,INFRONT OF ANANYA COMPLEX SANGEETHA SHOW ROOM,NH7 HOSUR BANGALORE ROAD,2.5,12.806038,77.699253,0,0,0.0,0.0
Bengaluru Dist,Suryanagar PS,1.04422e+16,2020,1,2,Road Accidents,Not Applicable,Rural Areas,Open area,Not Applicable,Yes,Grievous Injury,Vehicle to Vehicle,Uncontrolled,Not Applicable,Not Applicable,Bitumen(Tar),Dry,Not Applicable,Fine,"GOPASANDRA GATE,CHANDAPURA DOMMASANDRA ROAD .",7KM TOWARDS NORTH,7 KM,12.852628,77.7298779,0,0,0.0,0.0
Bengaluru Dist,Suryanagar PS,1.04422e+16,2020,1,1,Road Accidents,Narrow road,City/Town,In bazaar,Human Error,No,Grievous Injury,Hit pedestrian,Not Applicable,Others,Others,Bitumen(Tar),Dry,Not Applicable,Others,anekal chandapura road,infront of umapathi bike store,1,12.796265,77.706553,0,0,0.0,0.0
Bengaluru Dist,Suryanagar PS,1.04422e+16,2020,1,1,Road Accidents,Not Applicable,Rural Areas,Open area,Not Applicable,No,Grievous Injury,Not Applicable,Not Applicable,Hump,Others,Bitumen(Tar),Dry,Not Applicable,Fine,TAT ROAD,RAMAKRISHNAPURA ROAD,3 KM,12.799497,77.690595,0,0,0.0,0.0
Bengaluru Dist,Suryanagar PS,1.04422e+16,2020,1,1,Road Accidents,Narrow road,City/Town,Near or inside a village,Human Error,No,Damage Only,Not Applicable,Uncontrolled,Straight and flat,NH,Bitumen(Tar),Dry,Not Applicable,Fine,Bangaluru Hosuru NH7 road,Near chandapura flyover,3kms,12.803873,77.701272,0,0,0.0,0.0
Bengaluru Dist,Suryanagar PS,1.04422e+16,2020,1,2,Road Accidents,Narrow road,Rural Areas,Open area,Human Error,No,Fatal,Vehicle to Vehicle,Not at  Junction,Straight and flat,Others,Bitumen(Tar),Dry,No influence on accident,Others,INFRONT OFNARAYANA REDDY LAND,DOMMASANDRA CHANDAPURA ROAD RAMASAGARA VILLAGE,4 KM,12.819104,77.717723,0,0,0.0,0.0
Bengaluru Dist,Suryanagar PS,1.04422e+16,2020,1,1,Road Accidents,Not Applicable,City/Town,Near Bus stop,Human Error,Not Applicable,Damage Only,Not Applicable,Not Applicable,Not Applicable,NH,Bitumen(Tar),Others,Not Applicable,Others,HENNAGARA GATE NH 7 BANGALORE HOSUR ROAD,NEAR BUS STOP,2.5,12.806358,77.6993179,0,1,0.0,1.0
Bengaluru Dist,Suryanagar PS,1.04422e+16,2020,1,4,Not Applicable,Not Applicable,Rural Areas,Open area,Not Applicable,No,Grievous Injury,Vehicle to Vehicle,Uncontrolled,Not Applicable,NH,Bitumen(Tar),Dry,Not Applicable,Fine,"HOSUR BANGALORE NH7 MAIN ROAD CHANDAPURA CIRCLE ,FLYOVER ATTIBELE HOBLI ANEKAL TQ",1KM TOWARDS NORTH,1KM,12.802231,77.705261,0,0,0.0,0.0
Bengaluru Dist,Suryanagar PS,1.04422e+16,2020,1,2,Road Accidents,Not Applicable,Rural Areas,Open area,Human Error,No,Grievous Injury,Vehicle to Vehicle,Uncontrolled,Others,Others,Bitumen(Tar),Dry,Not Applicable,Fine,CHANDAPURA ANEKAL ROAD,NEAR IGGALURU LAKE,2 km,12.779481,77.7021839,0,0,0.0,0.0
Bengaluru Dist,Suryanagar PS,1.04422e+16,2020,1,2,Road Accidents,Not Applicable,Rural Areas,Near Bus stop,Not Applicable,Not Applicable,Grievous Injury,Vehicle to Vehicle,Uncontrolled,Straight and flat,NH,Bitumen(Tar),Dry,Not Applicable,Fine,"HOSUR BANGALORE NH 7 ROAD HAL CHANDAPURA BUS ,STOP,ATTIBELE HOBLI ,ANEKAL TQ",2 KM TOWARDS EAST,2 KM,12.80042,77.71379,0,0,0.0,0.0
Bengaluru Dist,Suryanagar PS,1.04422e+16,2020,1,2,Road Accidents,Not Applicable,Rural Areas,Open area,Human Error,No,Damage Only,Vehicle to Vehicle,Not Applicable,Not Applicable,NH,Bitumen(Tar),Dry,Not Applicable,Others,BANGALORE HOSURU NH 7 ROAD,INFRONT OF BUILDONE BUILDING MATERIALS,3,12.801371,77.712754,0,0,0.0,0.0
Bengaluru Dist,Suryanagar PS,1.04422e+16,2020,1,3,Road Accidents,Not Applicable,Rural Areas,Near Bus stop,Not Applicable,No,Simple Injury,Vehicle to Vehicle,Uncontrolled,Others,NH,Bitumen(Tar),Dry,Not Applicable,Fine,BANGLORE TO HOSUR NH 7 ROAD,HALE CHANDAPURA,2KM,12.761577,77.702377,0,0,0.0,0.0
Bengaluru Dist,Suryanagar PS,1.04422e+16,2020,1,2,Road Accidents,Narrow road,Rural Areas,Open area,Human Error,Yes,Fatal,Vehicle to Vehicle,Controlled,Others,Others,Bitumen(Tar),Dry,Not Applicable,Very Cold,BANDAPURA-BALAGARANAHALLI ROAD,0,5 KM,12.802327,77.711325,0,0,0.0,0.0
Bengaluru Dist,Suryanagar PS,1.04422e+16,2020,1,2,Road Accidents,Narrow road,City/Town,Near or inside a village,Human Error,No,Grievous Injury,Vehicle to Vehicle,Uncontrolled,Straight and flat,Others,Bitumen(Tar),Dry,Not Applicable,Fine,Muthanalluru-Balagaranahalli road,infront of somashekar reddy house muthanalluru village,5 kms,12.831661,77.736633,0,0,0.0,0.0
Bengaluru Dist,Suryanagar PS,1.04422e+16,2020,1,1,Road Accidents,Not Applicable,Rural Areas,At pedestrian Crossing,Human Error,No,Fatal,Hit pedestrian,Not at  Junction,Straight and flat,NH,Bitumen(Tar),Dry,No influence on accident,Clear,BANGALORE HOSUR NH7 MAIN ROAD HENNAGARA GATE,INFRONT OF UDAY THEJ VEGETABLES AND FRUITS SHOP,2 KM,12.805826,77.699581,0,0,0.0,0.0
Bengaluru Dist,Suryanagar PS,1.04422e+16,2020,1,2,Not Applicable,Not Applicable,Rural Areas,Residential area,Not Applicable,No,Grievous Injury,Vehicle to Vehicle,Uncontrolled,Others,NH,Bitumen(Tar),Ditch or Potholed,Not Applicable,Fine,BANGALORE HOSUR NH 7 ROAD HENNAGARA GATE NFRONT FO THE S L V KALYANAMANTAPA ATTIBELE HOBLI .,2KM TOWARDS NORTH,2KM,12.784429,77.711532,0,5,0.0,5.0
Bengaluru Dist,Suryanagar PS,1.04422e+16,2020,1,2,Road Accidents,Cross roads,City/Town,Near Petrol Pump,Human Error,No,Damage Only,Vehicle to Vehicle,Not Applicable,Hump,State Highway,Bitumen(Tar),Dry,Not Applicable,Others,CHANDAPURA ANEKAL ROAD,NEAR INFORT OF PETROL BUNK,1,12.798787,77.68268,0,0,0.0,0.0
Bengaluru Dist,Suryanagar PS,1.04422e+16,2020,1,1,Road Accidents,Junction,Rural Areas,Near Hospital,Not Applicable,No,Damage Only,Not Applicable,Uncontrolled,Others,NH,Bitumen(Tar),Dry,Not Applicable,Fine,"BANGALORE HOSUR NH7 ROAD CHANDAPURA FLY OVER,BRIDGE FRONT OF THE BEST HOSPITAL",1KM TOWARDS EAST,1KM,12.80194,77.708155,0,0,0.0,0.0
Bengaluru Dist,Suryanagar PS,1.04422e+16,2020,1,1,Road Accidents,Cross roads,Rural Areas,Open area,Human Error,No,Fatal,Not Applicable,Not Applicable,Hump,Others,Bitumen(Tar),Others,Not Applicable,Others,MUTTHANALLURU ROAD CROSS HUMPS,HUMPS,6,12.834963,77.71966,0,1,0.0,1.0
Bengaluru Dist,Suryanagar PS,1.04422e+16,2020,1,1,Road Accidents,Circle,City/Town,Near Bus stop,Not Applicable,No,Grievous Injury,Hit pedestrian,Controlled,Others,NH,Bitumen(Tar),Dry,Not Applicable,Fine,CHANDAPURA CIRCLE,CHANDAPURA CIRCLE,1KM,0.0,0.0,0,0,0.0,0.0
Bengaluru Dist,Suryanagar PS,1.04422e+16,2020,1,2,Road Accidents,Cross roads,Rural Areas,Near or inside a village,Human Error,No,Grievous Injury,Vehicle to Vehicle,Uncontrolled,Slight Curve,Others,Bitumen(Tar),Dry,Not Applicable,Fine,Marasuru gate to marasuru village road,Near Marasuru arch,5 kms,12.76659,77.701254,0,0,0.0,0.0
Bengaluru Dist,Suryanagar PS,1.04422e+16,2020,1,2,Road Accidents,Curves,Rural Areas,Near a factory industrial area,Human Error,No,Grievous Injury,Vehicle to Vehicle,Uncontrolled,Straight and flat,Others,Bitumen(Tar),Dry,Not Applicable,Fine,near Tegocircle,Yardanahalli near Tegocircle,6kms,12.810884,77.665319,0,0,0.0,0.0
Bengaluru Dist,Suryanagar PS,1.04422e+16,2020,1,2,Road Accidents,Not Applicable,Rural Areas,Open area,Not Applicable,No,Simple Injury,Not Applicable,Uncontrolled,Not Applicable,NH,Bitumen(Tar),Dry,Not Applicable,Fine,"HOSUR -BENGALURU NH 7 ROAD,CHANDAPURA FLY OVER",1KM TOWARDS NORTH,1KM,12.79355,77.704591,0,0,0.0,0.0
Bengaluru Dist,Suryanagar PS,1.04422e+16,2020,1,2,Road Accidents,Not Applicable,City/Town,Residential area,Human Error,No,Fatal,Vehicle to Vehicle,Not Applicable,Others,Service Road,Bitumen(Tar),Others,Not Applicable,Others,INFRONT OF R K DHABA,HALE CHANDAPURA,3KM,12.800628,77.7137579,0,1,0.0,1.0
Bengaluru Dist,Suryanagar PS,1.04422e+16,2020,1,2,Not Applicable,Not Applicable,City/Town,Residential area,Not Applicable,Not Applicable,Simple Injury,Vehicle to Vehicle,Uncontrolled,Others,Others,Bitumen(Tar),Dry,Not Applicable,Fine,"ANEKAL TQ ,ATTIBELE HOBLI,CHANDAPURA ANEKAL ROAD",3KM TOWARDS,3KM,12.795794,77.70671,0,0,0.0,0.0
Bengaluru Dist,Suryanagar PS,1.04422e+16,2020,1,2,Road Accidents,Narrow road,City/Town,Near Petrol Pump,Human Error,Yes,Damage Only,Vehicle to Vehicle,Uncontrolled,Straight and flat,Others,Bitumen(Tar),Dry,Not Applicable,Fine,Anekal Chandapura road,Near Indian petrol bunk chandapura,1 kms,12.797855,77.706263,0,0,0.0,0.0
Bengaluru Dist,Suryanagar PS,1.04422e+16,2020,1,2,Road Accidents,Narrow road,Rural Areas,Open area,Human Error,No,Grievous Injury,Vehicle to Vehicle,Not Applicable,Others,State Highway,Bitumen(Tar),Others,Not Applicable,Others,CHANDAPURA TO ANEKAL ROAD,CHANDAPURA ANEKAL MAIN ROAD,2.5KM,12.782183,77.703876,0,1,0.0,1.0
Bengaluru Dist,Suryanagar PS,1.04422e+16,2020,1,2,Road Accidents,Cross roads,Rural Areas,Near or inside a village,Human Error,No,Grievous Injury,Vehicle to Vehicle,Uncontrolled,Curve,Others,Bitumen(Tar),Dry,Not Applicable,Fine,"near wakil layout, adisonatti village",near wakil layout,2km,12.783288,77.716561,0,0,0.0,0.0
Bengaluru Dist,Suryanagar PS,1.04422e+16,2020,1,2,Road Accidents,Narrow road,Rural Areas,Near office complex,Human Error,No,Simple Injury,Vehicle to Vehicle,Not Applicable,Not Applicable,NH,Bitumen(Tar),Others,Not Applicable,Others,NH 7 MAINROAD NEAR SRI MANJUNATH TIMBER,NH 7 MAINROAD NEAR SRI MANJUNATH TIMBER,2,12.793156,77.663976,0,1,0.0,1.0
Bengaluru Dist,Suryanagar PS,1.04422e+16,2020,1,2,Road Accidents,Not Applicable,Rural Areas,Near Bus stop,Human Error,No,Fatal,Vehicle to Vehicle,Uncontrolled,Others,State Highway,Bitumen(Tar),Dry,Not Applicable,Fine,Anekal Chandapura main road,NEAR MARASURU GATE,2 km,12.770145,77.701389,0,0,0.0,0.0
Bengaluru Dist,Suryanagar PS,1.04422e+16,2020,1,1,Road Accidents,Narrow road,Rural Areas,Near or inside a village,Human Error,Yes,Fatal,Hit pedestrian,Uncontrolled,Not Applicable,Others,Bitumen(Tar),Dry,Not Applicable,Fine,village road,Near Venkateshwara bakery,6 km,12.793062,77.705039,0,0,0.0,0.0
Bengaluru Dist,Suryanagar PS,1.04422e+16,2020,1,2,Road Accidents,Narrow road,City/Town,Open area,Not Applicable,No,Grievous Injury,Not Applicable,Controlled,Not Applicable,Not Applicable,Not Applicable,Dry,Not Applicable,Others,ANEKAL CHANDAPURA MAIN ROAD,0,5 KM,0.0,0.0,0,0,0.0,0.0
Bengaluru Dist,Suryanagar PS,1.04422e+16,2020,1,2,Road Accidents,Narrow road,Rural Areas,Near or inside a village,Human Error,No,Grievous Injury,Vehicle to Vehicle,Uncontrolled,Straight and flat,NH,Bitumen(Tar),Dry,Not Applicable,Fine,NH7 Hosur Bangaluru road,Near Kithaganahalli gate,5kms,12.805641,77.699603,0,0,0.0,0.0
Bengaluru Dist,Suryanagar PS,1.04422e+16,2020,1,2,Road Accidents,Narrow road,Rural Areas,Near or inside a village,Human Error,No,Fatal,Vehicle to Vehicle,Uncontrolled,Straight and flat,Others,Bitumen(Tar),Dry,Not Applicable,Fine,Attibele Chandapura road,Near Halechandapura railway bridge,3 kms,12.801922,77.709757,0,0,0.0,0.0
Bengaluru Dist,Suryanagar PS,1.04422e+16,2020,1,1,Road Accidents,Not Applicable,City/Town,At pedestrian Crossing,Human Error,No,Fatal,Hit pedestrian,Not at  Junction,Straight and flat,NH,Bitumen(Tar),Dry,No influence on accident,Cloudy,INFRONT OF MRR COMPLEX BANGALORE HOSUR NH7 ROAD,HENNAGARA GATE CHANDAPURA,2.5 KM,12.806127,77.699394,0,0,0.0,0.0
Bengaluru Dist,Suryanagar PS,1.04422e+16,2020,1,1,Not Applicable,Not Applicable,Rural Areas,Near a religious place,Not Applicable,Yes,Grievous Injury,Not Applicable,Uncontrolled,Not Applicable,NH,Bitumen(Tar),Dry,Not Applicable,Fine,"HOSUR - BANGALURU ROAD HALECHANDAPURA ,ANEKAL TQ",TOWARDS EAST 2 KMS,2KM,12.800554,77.713744,0,0,0.0,0.0
Bengaluru Dist,Suryanagar PS,1.04422e+16,2020,1,1,Road Accidents,Curves,Rural Areas,Open area,Human Error,No,Fatal,Not Applicable,Not Applicable,Others,Others,Bitumen(Tar),Others,Not Applicable,Others,NAGANAYAKANA HALLI ROAD,SHAMREDDY BRICKS FACTORY,5KM,12.758926,77.689458,0,1,0.0,1.0
Bengaluru Dist,Suryanagar PS,1.04422e+16,2020,1,1,Road Accidents,Not Applicable,Rural Areas,Open area,Human Error,Yes,Grievous Injury,Hit pedestrian,Uncontrolled,Others,NH,Bitumen(Tar),Dry,Not Applicable,Fine,ATTIBELE TO HALE CHANDAPURA ROAD,NEAR R K DHABA HALE CHANDAPURA,2KM,12.80051,77.713757,0,0,0.0,0.0
Bengaluru Dist,Suryanagar PS,1.04422e+16,2020,1,1,Road Accidents,Narrow road,Rural Areas,Near or inside a village,Human Error,No,Fatal,Hit pedestrian,Uncontrolled,Straight and flat,Others,Bitumen(Tar),Dry,Not Applicable,Fine,Chandapura-Dommasandra road near muthanalluru cross,near muthanalluru cross,6 kms,12.845224,77.727856,0,0,0.0,0.0
Bengaluru Dist,Suryanagar PS,1.04422e+16,2020,1,2,Not Applicable,Not Applicable,Rural Areas,Open area,Not Applicable,Yes,Grievous Injury,Not Applicable,Controlled,Others,Service Road,Bitumen(Tar),Dry,Not Applicable,Fine,"ANEKAL TALUK ATTIBELE HOBLI  ,HEELALIGE VILLAGE",2KM TOWADS NORTH,1KM,12.817958,77.709056,0,0,0.0,0.0
Bengaluru Dist,Suryanagar PS,1.04422e+16,2020,1,2,Not Applicable,Not Applicable,Rural Areas,Open area,Not Applicable,No,Grievous Injury,Vehicle to Vehicle,Uncontrolled,Others,Two way,Bitumen(Tar),Dry,Not Applicable,Fine,"CHANDAPURA ANEKAL ROAD NEAR IGGALURU LAKE ,ATTIBELE HOBLI ,ANEKAL TQ",2KM TOWARDS SOUTH,2KM,12.780807,77.703138,0,0,0.0,0.0
Bengaluru Dist,Suryanagar PS,1.04422e+16,2020,1,1,Road Accidents,Not Applicable,Rural Areas,At pedestrian Crossing,Human Error,No,Fatal,Hit pedestrian,Not at  Junction,Straight and flat,NH,Bitumen(Tar),Dry,No influence on accident,Cloudy,BANGALORE HOSUR NH7 ROAD,NEAR CHANDAPURA RAILWAY BRIDGE,1.5 KM,12.802196,77.710335,0,0,0.0,0.0
Bengaluru Dist,Suryanagar PS,1.04422e+16,2020,1,2,Road Accidents,Not Applicable,Rural Areas,Open area,Human Error,No,Grievous Injury,Vehicle to Vehicle,Not Applicable,Others,Others,Bitumen(Tar),Others,Not Applicable,Others,MARASURU GATE SAI PRASHANTHI LAYOUT,NEAR MARASURU GATE SAI PRASHANTHI LAYOUT,3,12.792812,77.704546,0,1,0.0,1.0
Bengaluru Dist,Suryanagar PS,1.04422e+16,2020,1,1,Not Applicable,Not Applicable,Rural Areas,Near or inside a village,Not Applicable,No,Grievous Injury,Not Applicable,Uncontrolled,Not Applicable,Others,Bitumen(Tar),Dry,Not Applicable,Fine,"INFRONT OF THE RAVISUTHA AUTO MOBILE SHOP,IGGALURU ,ANEKAL TQ",1KM TOWARDS SOUTH,1KM,12.791129,77.705691,0,0,0.0,0.0
Bengaluru Dist,Suryanagar PS,1.04422e+16,2020,1,1,Road Accidents,Narrow road,Rural Areas,Residential area,Human Error,No,Grievous Injury,Hit pedestrian,Not Applicable,Others,State Highway,Bitumen(Tar),Others,Not Applicable,Others,INFRONT OF J K FISH AND MUTTON SHOP,INFRONT OF J K FISH AND MUTTON SHOP,3KM,12.7693,77.701394,0,1,0.0,1.0
Bengaluru Dist,Suryanagar PS,1.04422e+16,2020,1,2,Road Accidents,Not Applicable,Rural Areas,Open area,Human Error,No,Simple Injury,Vehicle to Vehicle,Uncontrolled,Others,Others,Bitumen(Tar),Dry,Not Applicable,Fine,MARASURU VILLAG ROAD,NEAR ANJANEYA TEMPLE,2 km,12.766859,77.710559,0,0,0.0,0.0
Bengaluru Dist,Suryanagar PS,1.04422e+16,2021,1,2,Road Accidents,Narrow road,Rural Areas,Open area,Human Error,No,Fatal,Vehicle to Vehicle,Not at  Junction,Straight and flat,Two way,Bitumen(Tar),Dry,No influence on accident,Clear,CHANDAPURA ANEKAL ROAD,INFRONT OF RAMAKKA HOUSE IGGALUR,2 KM,12.79252,77.706113,0,0,0.0,0.0
Bengaluru Dist,Suryanagar PS,1.04422e+16,2021,1,2,Road Accidents,Narrow road,City/Town,Open area,Human Error,No,Grievous Injury,Vehicle to Vehicle,Not at  Junction,Straight and flat,Service Road,Bitumen(Tar),Dry,No influence on accident,Clear,NEAR SLV ENTERPRISES,BANGALORE HOSUR NH7 ROAD,2 KM,12.804302,77.701227,0,0,0.0,0.0
Bengaluru Dist,Suryanagar PS,1.04422e+16,2021,1,1,Road Accidents,Cross roads,City/Town,Open area,Human Error,No,Grievous Injury,Not Applicable,Not at  Junction,Straight and flat,NH,Bitumen(Tar),Others,No influence on accident,Others,HOSUR BANGALORE NH7 ROAD,NEAR ACCUMEN TOOLS FACTORY,2 KM,12.801597,77.710105,0,1,0.0,1.0
Bengaluru Dist,Suryanagar PS,1.04422e+16,2021,1,2,Road Accidents,Narrow road,City/Town,Open area,Human Error,No,Simple Injury,Vehicle to Vehicle,Not at  Junction,Straight and flat,NH,Bitumen(Tar),Others,No influence on accident,Clear,NH7 ROAD INFRONT OF MICHELIN TRUCK SERVICE CENTRE,OLD CHANDAPURA ANEKAL TALUK,3 KM,12.801927,77.708713,0,1,0.0,1.0
Bengaluru Dist,Suryanagar PS,1.04422e+16,2021,1,1,Road Accidents,Narrow road,Rural Areas,At pedestrian Crossing,Human Error,No,Grievous Injury,Hit pedestrian,Not at  Junction,Straight and flat,Others,Bitumen(Tar),Others,No influence on accident,Others,ANEKAL CHANDAPURA MAIN ROAD,INFRONT OF SOFANA BAKERY GULLAREDDY COMPLEX,1 KM,12.797309,77.706748,0,1,0.0,1.0
Bengaluru Dist,Suryanagar PS,1.04422e+16,2021,1,1,Road Accidents,Cross roads,Rural Areas,At pedestrian Crossing,Human Error,Yes,Grievous Injury,Hit pedestrian,Not at  Junction,Straight and flat,Others,Bitumen(Tar),Dry,No influence on accident,Others,INFRONT OF CHANDRASHEKAR HOUSE MUTHANALLUR SAMANAHALLI ROAD,MUTHANALLUR SAMANAHALLI,6 KM,12.845139,77.728292,0,0,0.0,0.0
Bengaluru Dist,Suryanagar PS,1.04422e+16,2021,1,1,Road Accidents,Not Applicable,City/Town,Open area,Human Error,No,Grievous Injury,Vehicle to Vehicle,Not at  Junction,Straight and flat,Service Road,Bitumen(Tar),Dry,No influence on accident,Clear,BANGALORE HOSUR NH7 SERVICE ROAD,INFRONT OF TESPO COMPANY,3 KM,12.8015,77.7088969,0,0,0.0,0.0
Bengaluru Dist,Suryanagar PS,1.04422e+16,2021,1,2,Road Accidents,Not Applicable,Rural Areas,Open area,Human Error,No,Grievous Injury,Vehicle to Vehicle,Not Applicable,Others,NH,Bitumen(Tar),Dry,Not Applicable,Others,BANGALORE HOSURU NH 7 ROAD,infront of the galaxy hotel,3km,12.800053,77.68883,0,0,0.0,0.0
Bengaluru Dist,Suryanagar PS,1.04422e+16,2021,1,2,Road Accidents,Cross roads,Rural Areas,Open area,Human Error,No,Grievous Injury,Vehicle to Vehicle,Not at  Junction,Straight and flat,Others,Bitumen(Tar),Others,No influence on accident,Cloudy,DOMMASANDRA CHANDAPURA ROAD,H P PETROL BUNK,5 KM,12.803644,77.707262,0,1,0.0,1.0
Bengaluru Dist,Suryanagar PS,1.04422e+16,2021,1,1,Road Accidents,Cross roads,Rural Areas,Open area,Human Error,No,Damage Only,Not Applicable,Not at  Junction,Straight and flat,NH,Bitumen(Tar),Others,No influence on accident,Fine,BANGALORE HOSUR NH7 ROAD,NEAR THIRUMAGONDANAHALLI,4 KM,0.0,0.0,0,1,0.0,1.0
Bengaluru Dist,Suryanagar PS,1.04422e+16,2021,1,2,Road Accidents,Narrow road,City/Town,Near Bus stop,Human Error,Yes,Grievous Injury,Vehicle to Vehicle,Not at  Junction,Straight and flat,NH,Bitumen(Tar),Others,No influence on accident,Clear,BANGALORE HOSUR NH7 ROAD,THIRUMAGONDANAHALLI,4 KM,12.801808,77.7214789,0,1,0.0,1.0
Bengaluru Dist,Suryanagar PS,1.04422e+16,2021,1,1,Not Applicable,Not Applicable,Rural Areas,Open area,Not Applicable,No,Fatal,Not Applicable,Uncontrolled,Others,NH,Bitumen(Tar),Dry,Not Applicable,Fine,"NEAR SKYWALK ,HOSURU-BANGALORENH-7 ROAD,THIRUMAGONDANAHALLI ,ATTIBELE HOBLI ,ANEKAL TQ",THIRUMAGONDANAHALLI NEAR SKYWALK,5 KM,12.801875,77.708379,0,0,0.0,0.0
Bengaluru Dist,Suryanagar PS,1.04422e+16,2021,1,1,Road Accidents,Cross roads,Rural Areas,At pedestrian Crossing,Human Error,No,Fatal,Hit pedestrian,Not at  Junction,Straight and flat,NH,Bitumen(Tar),Others,No influence on accident,Others,NH7 HOSUR BANGALORE ROAD OPP TO YAMAHA SHOW ROOM,CHANDAPURA,2 KM,12.805228,77.699667,0,1,0.0,1.0
Bengaluru Dist,Suryanagar PS,1.04422e+16,2021,1,2,Road Accidents,Narrow road,Rural Areas,Open area,Human Error,Yes,Grievous Injury,Vehicle to Vehicle,Not Applicable,Straight and flat,Others,Not Applicable,Others,Not Applicable,Fine,Near AN Narayana Reddy Land,Near Keerthy Leout,12 Km,12.802305,77.710038,0,1,0.0,1.0
Bengaluru Dist,Suryanagar PS,1.04422e+16,2021,1,2,Road Accidents,Narrow road,Rural Areas,Open area,Human Error,No,Grievous Injury,Vehicle to Vehicle,Not at  Junction,Straight and flat,NH,Bitumen(Tar),Dry,No influence on accident,Fine,NH7 BANGALORE HOSUR ROAD,SLN CRACKERS SHOP CHANDAPURA,2 KM,12.800639,77.712814,0,0,0.0,0.0
Bengaluru Dist,Suryanagar PS,1.04422e+16,2021,1,2,Road Accidents,Narrow road,Rural Areas,Open area,Human Error,No,Damage Only,Vehicle to Vehicle,Not at  Junction,Straight and flat,Others,Bitumen(Tar),Others,No influence on accident,Fine,ANEKAL CHANDAPURA ROAD,NEAR MADHURA GARMENTS,1.5,0.0,0.0,0,1,0.0,1.0
Bengaluru Dist,Suryanagar PS,1.04422e+16,2021,1,2,Road Accidents,Not Applicable,City/Town,Open area,Not Applicable,Not Applicable,Grievous Injury,Not Applicable,Uncontrolled,Not Applicable,NH,Bitumen(Tar),Dry,Not Applicable,Fine,"HOSUR -BENGALURU NH 7 ROAD,CHANDAPURA FLY OVER",CHANDAPURA,1KM,0.0,0.0,0,0,0.0,0.0
Bengaluru Dist,Suryanagar PS,1.04422e+16,2021,1,1,Not Applicable,Not Applicable,Rural Areas,Near School or College,Not Applicable,No,Simple Injury,Not Applicable,Uncontrolled,Others,Two way,Bitumen(Tar),Dry,Not Applicable,Fine,HENNAGARA GATE NEAR GOVT SCHOOL,KITTAGANAHALLI VILLAGE,3KM,0.0,0.0,0,0,0.0,0.0
Bengaluru Dist,Suryanagar PS,1.04422e+16,2021,1,2,Road Accidents,Narrow road,City/Town,Open area,Human Error,No,Damage Only,Vehicle to Vehicle,Not at  Junction,Straight and flat,NH,Bitumen(Tar),Others,No influence on accident,Clear,HOSUR BANGALORE NH7 ROAD,NEAR BALAJI COMPLEX,2,12.802564,77.701967,0,1,0.0,1.0
Bengaluru Dist,Suryanagar PS,1.04422e+16,2021,1,2,Road Accidents,Narrow road,Rural Areas,Near Petrol Pump,Human Error,No,Grievous Injury,Vehicle to Vehicle,Not Applicable,Others,State Highway,Bitumen(Tar),Dry,Not Applicable,Fine,Anekal Road,infront of JPM Nursery,3 kms,12.835642,77.726905,0,0,0.0,0.0
Bengaluru Dist,Suryanagar PS,1.04422e+16,2021,1,1,Road Accidents,Road hump or Rumble strips,Rural Areas,Near School or College,Human Error,No,Grievous Injury,Not Applicable,Not at  Junction,Straight and flat,Two way,Bitumen(Tar),Dry,No influence on accident,Others,CHANDAPURA ANEKAL ROAD,NEAR SWAMY VIVEKANANDA RURAL EDUCATION SOCIETY,1 KM,12.797036,77.705805,0,0,0.0,0.0
Bengaluru Dist,Suryanagar PS,1.04422e+16,2021,1,1,Road Accidents,Narrow road,Rural Areas,Near Bus stop,Human Error,No,Grievous Injury,Not Applicable,Not at  Junction,Hump,Two way,Bitumen(Tar),Others,No influence on accident,Fine,INFRONT OF RAMAKRISHNAPURA GATE BUS STOP,INFRONT OF ANIL REDDY LAND,4 KM,0.0,0.0,0,1,0.0,1.0
Bengaluru Dist,Suryanagar PS,1.04422e+16,2021,1,1,Road Accidents,Narrow road,Rural Areas,Residential area,Human Error,No,Grievous Injury,Not Applicable,Not Applicable,Others,Residential Street,Bitumen(Tar),Dry,Not Applicable,Others,Hennagara road,Near Anganawadi,6km,12.778048,77.7168989,0,0,0.0,0.0
Bengaluru Dist,Suryanagar PS,1.04422e+16,2021,1,2,Road Accidents,Narrow road,Rural Areas,Open area,Human Error,No,Grievous Injury,Vehicle to Vehicle,Not at  Junction,Straight and flat,Others,Bitumen(Tar),Dry,No influence on accident,Clear,CHANDAPURA DOMMASANDRA MAIN ROAD,HEELALIGE VENKATESH SAGAR CEMENT GODOWN,2 KM,12.801766,77.708965,0,0,0.0,0.0
Bengaluru Dist,Suryanagar PS,1.04422e+16,2021,1,2,Road Accidents,Curves,Rural Areas,Open area,Human Error,No,Damage Only,Vehicle to Vehicle,Not at  Junction,Others,Others,Bitumen(Tar),Dry,No influence on accident,Clear,DOMMASANDR CHANDAPURA ROAD,UNDER RAILWAY BRIDGE CHANDAPURA,2 KM,0.0,0.0,0,0,0.0,0.0