DISTRICTNAME,UNITNAME,Crime_No,Year,RI,Noofvehicle_involved,Accident_Classification,Accident_Spot,Accident_Location,Accident_SubLocation,Main_Cause,Hit_Run,Severity,Collision_Type,Junction_Control,Road_Character,Road_Type,Surface_Type,Surface_Condition,Road_Condition,Weather,Accident_Road,Landmark_first,Distance_LandMark_First,Latitude,Longitude,Road_Condition_Score,Surface_Condition_Score,Surface_Type_Score,Road_Risk_Index
Bengaluru Dist,Suryanagar PS,1.04422e+16,2021,1,1,Road Accidents,Not Applicable,Rural Areas,Open area,Human Error,No,Grievous Injury,Hit pedestrian,Uncontrolled,Others,Others,Bitumen(Tar),Dry,Not Applicable,Fine,Infront of Ramakrishnapura temple,Ramakrishnapura temple,3,12.776902,77.701402,0,0,0.0,0.0
Bengaluru Dist,Suryanagar PS,1.04422e+16,2021,1,1,Road Accidents,Narrow road,Rural Areas,At pedestrian Crossing,Human Error,No,Grievous Injury,Hit pedestrian,Not at  Junction,Straight and flat,NH,Bitumen(Tar),Others,No influence on accident,Fine,HOSUR BANGALORE NH7 ROAD,NEAR CHANDAPURA RAILWAY BRIDGE,2 KM,0.0,0.0,0,1,0.0,1.0
Bengaluru Dist,Suryanagar PS,1.04422e+16,2021,1,2,Road Accidents,Cross roads,City/Town,Open area,Human Error,Yes,Grievous Injury,Vehicle to Vehicle,Not at  Junction,Straight and flat,NH,Bitumen(Tar),Dry,No influence on accident,Fine,NEAR RAILWAY BRIDGE,CHANDAPURA ANEKAL TALUK,2 KM,12.800905,77.70951,0,0,0.0,0.0
Bengaluru Dist,Suryanagar PS,1.04422e+16,2021,1,2,Road Accidents,Junction,Rural Areas,Open area,Human Error,Yes,Grievous Injury,Vehicle to Vehicle,Not at  Junction,Others,Others,Bitumen(Tar),Dry,No influence on accident,Fine,CHANDAPURA GOPASANDRA ROAD,RAMASAGARA VILLAGE,3 KM,12.82212,77.719119,0,0,0.0,0.0
Bengaluru Dist,Suryanagar PS,1.04422e+16,2021,1,1,Not Applicable,Not Applicable,Rural Areas,Open area,Not Applicable,Not Applicable,Fatal,Not Applicable,Uncontrolled,Hump,Two way,Bitumen(Tar),Dry,Not Applicable,Fine,"INFRONT OF RK GARDENIA HOTEL ,ANEKAL -CHANDAPURA ROAD,CHANDAPURA ,ATTIBELE HOBLI ,ANEKAL TQ",CHANDAPURA,0.5 KM,12.795831,77.706425,0,0,0.0,0.0
Bengaluru Dist,Suryanagar PS,1.04422e+16,2021,1,1,Road Accidents,Narrow road,Rural Areas,Open area,Human Error,Yes,Grievous Injury,Hit pedestrian,Not at  Junction,Straight and flat,One way,Bitumen(Tar),Dry,No influence on accident,Fine,NEAR KITHAGANAHALLI GOVT SCHOOL,MAHADEV FAMILY SHOW ROOM,3 KM,12.798411,77.682098,0,0,0.0,0.0
Bengaluru Dist,Suryanagar PS,1.04422e+16,2021,1,1,Not Applicable,Not Applicable,City/Town,Near a factory industrial area,Not Applicable,No,Fatal,Not Applicable,Uncontrolled,Not Applicable,NH,Bitumen(Tar),Dry,Not Applicable,Fine,HALE CHANDAPURA BENGALURU-HOSUR N H SERVICE ROAD B R ENTERPRISES TAILS FACTORY,2 KM TOWARDS EAST,2KM,12.79828,77.702986,0,0,0.0,0.0
Bengaluru Dist,Suryanagar PS,1.04422e+16,2021,1,2,Not Applicable,Not Applicable,Rural Areas,Near a factory industrial area,Not Applicable,No,Fatal,Vehicle to Vehicle,Uncontrolled,Others,NH,Bitumen(Tar),Dry,Not Applicable,Fine,"BENGALURU-HOSUR NH-7 MAIN ROAD ,HALE CHANDAPURA VILLAGE , ATTIBELE HOBLI, ANEKAL TQ",HALE CHANDAPURA,4 KM,12.8018,77.711069,0,0,0.0,0.0
Bengaluru Dist,Suryanagar PS,1.04422e+16,2021,1,2,Road Accidents,Narrow road,Rural Areas,Open area,Human Error,No,Grievous Injury,Vehicle to Vehicle,Not at  Junction,Straight and flat,Others,Bitumen(Tar),Dry,No influence on accident,Clear,CHANDAPURA DOMMASANDRA MAIN ROAD,NEAR PAPAREDDY BLDG GOPASANDRA,6 KM,12.801957,77.708932,0,0,0.0,0.0
Bengaluru Dist,Suryanagar PS,1.04422e+16,2021,1,2,Road Accidents,Narrow road,Rural Areas,Open area,Human Error,Yes,Grievous Injury,Vehicle to Vehicle,Not at  Junction,Straight and flat,Two way,Bitumen(Tar),Others,No influence on accident,Fine,CHANDAPURA DOMMASANDRA ROAD,NEAR NARAYANAREDDY HOUSE,4 KM,12.805044,77.671774,0,1,0.0,1.0
Bengaluru Dist,Suryanagar PS,1.04422e+16,2021,1,1,Road Accidents,Narrow road,City/Town,Open area,Human Error,Yes,Grievous Injury,Hit pedestrian,Not at  Junction,Straight and flat,NH,Bitumen(Tar),Dry,No influence on accident,Clear,BANGALORE HOSUR NH7 ROAD,NEAR MRR COMPLEX,1.5,12.792906,77.704879,0,0,0.0,0.0
Bengaluru Dist,Suryanagar PS,1.04422e+16,2021,1,1,Road Accidents,Narrow road,Rural Areas,Open area,Human Error,No,Damage Only,Not Applicable,Not at  Junction,Straight and flat,Others,Bitumen(Tar),Others,Not Applicable,Clear,ANEKAL CHANDAPURA ROAD,NEAR KEB OFFICE,1 KM,12.797717,77.706262,0,1,0.0,1.0
Bengaluru Dist,Suryanagar PS,1.04422e+16,2021,1,2,Road Accidents,Narrow road,Rural Areas,Open area,Human Error,No,Simple Injury,Vehicle to Vehicle,Not at  Junction,Straight and flat,NH,Bitumen(Tar),Dry,No influence on accident,Fine,BANGALORE HOSUR NH7 ROAD,INFRONT OF GMR TOWER CHANDAPURA RAILWAY BRIDGE,2 KM,12.802211,77.710605,0,0,0.0,0.0
Bengaluru Dist,Suryanagar PS,1.04422e+16,2021,1,1,Road Accidents,Not Applicable,Rural Areas,Open area,Human Error,No,Grievous Injury,Hit pedestrian,Not Applicable,Straight and flat,Others,Bitumen(Tar),Dry,No influence on accident,Others,R.K WINE SHOP,KITHIGANAHALLI ANEKAL TALUK,3 KM,12.802883,77.691002,0,0,0.0,0.0
Bengaluru Dist,Suryanagar PS,1.04422e+16,2021,1,1,Road Accidents,Not Applicable,City/Town,Open area,Human Error,No,Damage Only,Not Applicable,Not at  Junction,Straight and flat,NH,Bitumen(Tar),Others,No influence on accident,Fine,BANGALORE HOSUR NH7 ROAD,TIRUMAGONDANAHALLI INFRONT OF ARUNACHALAM ENTERPRISES,3 KM,12.802115,77.706693,0,1,0.0,1.0
Bengaluru Dist,Suryanagar PS,1.04422e+16,2021,1,1,Road Accidents,Narrow road,City/Town,Open area,Human Error,No,Simple Injury,Hit pedestrian,Not at  Junction,Straight and flat,NH,Bitumen(Tar),Others,No influence on accident,Others,NH7 HOSUR BANGALORE SERVICE ROAD,OPP TO ACCUMENT TOOLS FACTORY OLD CHANDAPURA,3 KM,12.802477,77.708235,0,1,0.0,1.0
Bengaluru Dist,Suryanagar PS,1.04422e+16,2021,1,2,Road Accidents,Cross roads,Rural Areas,Near School or College,Human Error,No,Simple Injury,Vehicle to Vehicle,Not at  Junction,Straight and flat,Two way,Bitumen(Tar),Others,No influence on accident,Cloudy,CHANDAPURA ANEKAL ROAD,NEAR SPOORTHY COLLEGE MARASUR GATE,3 KM,0.0,0.0,0,1,0.0,1.0
Bengaluru Dist,Suryanagar PS,1.04422e+16,2021,1,2,Road Accidents,Not Applicable,Rural Areas,Open area,Human Error,No,Damage Only,Vehicle to Vehicle,Not at  Junction,Straight and flat,NH,Bitumen(Tar),Others,No influence on accident,Others,BANGAALORE HOSUR NH7 SERVICE ROAD,OLD CHANDAPURA,4 KM,12.800357,77.717597,0,1,0.0,1.0
Bengaluru Dist,Suryanagar PS,1.04422e+16,2021,1,2,Not Applicable,Circle,Rural Areas,Near Petrol Pump,Not Applicable,Not Applicable,Simple Injury,Vehicle to Vehicle,Uncontrolled,Not Applicable,Two way,Bitumen(Tar),Dry,Not Applicable,Fine,"MARASURU GATE , BHARATH PETROL BUNK OPPOSITE",MARASURU,4KM,12.769658,77.701349,0,0,0.0,0.0
Bengaluru Dist,Suryanagar PS,1.04422e+16,2021,1,1,Road Accidents,Not Applicable,City/Town,At pedestrian Crossing,Human Error,Yes,Fatal,Hit pedestrian,Not at  Junction,Straight and flat,NH,Bitumen(Tar),Dry,No influence on accident,Clear,HOSUR BANGALORE NH7 RD,INFRONT OF SVR TRADERS OLD CHANDAPURA ANEKAL TALUK,2 KM,12.797462,77.703516,0,0,0.0,0.0
Bengaluru Dist,Suryanagar PS,1.04422e+16,2021,1,2,Road Accidents,Not Applicable,Rural Areas,Near Bus stop,Human Error,No,Grievous Injury,Vehicle to Vehicle,Not Applicable,Others,NH,Bitumen(Tar),Dry,Not Applicable,Fine,HOSUR - BANGALURU NH7 MAIN ROAD,Infront Ramana maharushi aashrama,5,12.813557,77.71496,0,0,0.0,0.0
Bengaluru Dist,Suryanagar PS,1.04422e+16,2021,1,2,Road Accidents,Not Applicable,City/Town,Open area,Human Error,No,Grievous Injury,Vehicle to Vehicle,Not at  Junction,Straight and flat,NH,Bitumen(Tar),Dry,No influence on accident,Cloudy,HOSUR BANGALORE NH7 ROAD,OPP OF ITD CEMINDIA JV COMPANY,4 KM,12.799856,77.715344,0,0,0.0,0.0
Bengaluru Dist,Suryanagar PS,1.04422e+16,2021,1,2,Not Applicable,Not Applicable,Rural Areas,Open area,Not Applicable,Not Applicable,Simple Injury,Vehicle to Vehicle,Uncontrolled,Not Applicable,NH,Bitumen(Tar),Dry,Not Applicable,Fine,"MICHELIN SERVICE SENTER OPPOSITE , HOSUR -BENGALURU NH -7 ROAD, HALE CHANDAPURA",HALE CHANDAPURA,3KM,12.802079,77.711068,0,0,0.0,0.0
Bengaluru Dist,Suryanagar PS,1.04422e+16,2021,1,2,Not Applicable,Not Applicable,Rural Areas,Residential area,Not Applicable,No,Fatal,Vehicle to Vehicle,Uncontrolled,Others,Two way,Bitumen(Tar),Dry,Not Applicable,Fine,CHANDAPURA-DOMMASANDRA ROAD NEAR NARAYANAGHATTA MIYHUN REDDY PARK,NARAYANAGHATTA,6KM,12.804596,77.705619,0,0,0.0,0.0
Bengaluru Dist,Suryanagar PS,1.04422e+16,2021,1,1,Road Accidents,Cross roads,City/Town,At pedestrian Crossing,Human Error,Yes,Grievous Injury,Hit pedestrian,No signal lights,Straight and flat,NH,Bitumen(Tar),Dry,No influence on accident,Clear,BANGALORE HOSUR NH7 ROAD,INFRONT OF RAW FITNESS BLDG,1.5,12.800925,77.708145,0,0,0.0,0.0
Bengaluru Dist,Suryanagar PS,1.04422e+16,2021,1,2,Road Accidents,Not Applicable,Rural Areas,Open area,Human Error,Yes,Grievous Injury,Vehicle to Vehicle,Not at  Junction,Straight and flat,Others,Bitumen(Tar),Others,No influence on accident,Others,SRI MANJUNATHA TIMER AND WOOD PACKING INDUSTRIES,NH7 ROAD CHANDAPURA,2 KM,12.804363,77.707144,0,1,0.0,1.0
Bengaluru Dist,Suryanagar PS,1.04422e+16,2021,1,1,Road Accidents,Narrow road,City/Town,Open area,Human Error,No,Fatal,Hit pedestrian,Not at  Junction,Straight and flat,NH,Bitumen(Tar),Others,No influence on accident,Fine,NH7 BANGALORE HOUSR ROAD,NEAR RAILWAY BRIDGE CHANDAPURA,1.5,12.801964,77.709418,0,1,0.0,1.0
Bengaluru Dist,Suryanagar PS,1.04422e+16,2021,1,2,Road Accidents,Narrow road,Rural Areas,Near a religious place,Human Error,No,Grievous Injury,Vehicle to Vehicle,Not at  Junction,Straight and flat,Others,Bitumen(Tar),Dry,No influence on accident,Clear,INFRONT OF ANJANEYA MANTAPA,CHANDAPURA LAKE ROAD ANEKAL TALUK,2 KM,12.803913,77.7052,0,0,0.0,0.0
Bengaluru Dist,Suryanagar PS,1.04422e+16,2021,1,1,Road Accidents,Curves,City/Town,Open area,Human Error,No,Grievous Injury,Not Applicable,Not at  Junction,Straight and flat,NH,Bitumen(Tar),Others,No influence on accident,Clear,HOSUR BANGALORE NH7 ROAD,NEAR CHANDAPURA RAILWAY BRIDGE,2 KM,0.0,0.0,0,1,0.0,1.0
Bengaluru Dist,Suryanagar PS,1.04422e+16,2021,1,2,Road Accidents,Cross roads,Rural Areas,Open area,Human Error,Yes,Fatal,Vehicle to Vehicle,Not Applicable,Straight and flat,Two way,Bitumen(Tar),Dry,No influence on accident,Clear,CHANDAPURA ANEKAL ROAD,INFRONT OF BIG MARKET MARASUR GATE,3 KM,12.769118,77.701722,0,0,0.0,0.0
Bengaluru Dist,Suryanagar PS,1.04422e+16,2021,1,2,Road Accidents,Cross roads,Rural Areas,Open area,Human Error,No,Grievous Injury,Vehicle to Vehicle,Not at  Junction,Straight and flat,Others,Bitumen(Tar),Dry,No influence on accident,Clear,BANGALORE HOUSE RESTAURANTS,ANEKAL CHANDAPURA MAIN ROAD,4 KM,12.796937,77.709946,0,0,0.0,0.0
Bengaluru Dist,Suryanagar PS,1.04422e+16,2021,1,2,Not Applicable,Circle,City/Town,Near Bus stop,Not Applicable,Yes,Damage Only,Vehicle to Vehicle,Uncontrolled,Not Applicable,NH,Bitumen(Tar),Dry,Not Applicable,Fine,CHANDAPURA FLY OVER,CHANDAPURA,1.5 KM,0.0,0.0,0,0,0.0,0.0
Bengaluru Dist,Suryanagar PS,1.04422e+16,2021,1,2,Road Accidents,Narrow road,City/Town,Near Petrol Pump,Human Error,No,Grievous Injury,Vehicle to Vehicle,Not at  Junction,Straight and flat,Service Road,Bitumen(Tar),Dry,No influence on accident,Cloudy,BANGALORE HOSUR NH7 SERVICE ROAD,NEAR HP PETROL BUNK THIRUMAGONDANAHALLI ANEKAL TALUK,5 KM,0.0,0.0,0,0,0.0,0.0
Bengaluru Dist,Suryanagar PS,1.04422e+16,2021,1,1,Road Accidents,Narrow road,City/Town,Open area,Not Applicable,Not Applicable,Grievous Injury,Hit pedestrian,Not at  Junction,Others,Others,Surfaced,Dry,Not Applicable,Fine,other road,Near Athraya Hospital,1.5 KM,12.795585,77.7054519,0,0,,
Bengaluru Dist,Suryanagar PS,1.04422e+16,2021,1,2,Road Accidents,Not Applicable,Rural Areas,Open area,Human Error,No,Damage Only,Vehicle to Vehicle,Not at  Junction,Others,Others,Bitumen(Tar),Others,No influence on accident,Others,CHANDAPURA ANEKAL MAIN ROAD,INFRONT OF VISHNU UPAHAR HOTEL,1 KM,12.798909,77.706399,0,1,0.0,1.0
Bengaluru Dist,Suryanagar PS,1.04422e+16,2021,1,2,Road Accidents,Not Applicable,City/Town,Open area,Human Error,No,Simple Injury,Vehicle to Vehicle,Not at  Junction,Straight and flat,NH,Bitumen(Tar),Dry,No influence on accident,Clear,HOSUR BANGALORE NH7 ROAD INFRONT OF NARAYANAREDDY BRICKS FACTORY,THIRUMAGONDANAHALLI ANEKAL TALUK,4 KM,12.801996,77.709014,0,0,0.0,0.0
Bengaluru Dist,Suryanagar PS,1.04422e+16,2021,1,1,Road Accidents,Cross roads,Rural Areas,Open area,Human Error,No,Grievous Injury,Not Applicable,Not at  Junction,Straight and flat,Two way,Bitumen(Tar),Dry,No influence on accident,Fine,ANEKAL CHANDAPUR MAIN RD TURNING OPP TO SRI KATTE ANJANEYA SWAMY TEMPLE,NEAR IGGALUR TANK,3 KM,12.793072,77.664421,0,0,0.0,0.0
Bengaluru Dist,Suryanagar PS,1.04422e+16,2021,1,2,Road Accidents,Narrow road,City/Town,Open area,Human Error,No,Grievous Injury,Vehicle to Vehicle,Not at  Junction,Straight and flat,Service Road,Bitumen(Tar),Others,No influence on accident,Others,"NH7 SERVICE ROAD, NEAR R K DHABA",OLD CHANDAPURA ANEKAL TALUK,3 KM,0.0,0.0,0,1,0.0,1.0
Bengaluru Dist,Suryanagar PS,1.04422e+16,2022,1,2,Road Accidents,Narrow road,Rural Areas,Narrow bridge or culverts,Human Error,No,Grievous Injury,Vehicle to Vehicle,Not at  Junction,Not Applicable,State Highway,Bitumen(Tar),Dry,No influence on accident,Fine,HOSUR TO BANGALORE NH 7 ROAD NEAR CHANDAPURA,1,2,12.801875,77.708638,0,0,0.0,0.0
Bengaluru Dist,Suryanagar PS,1.04422e+16,2022,1,2,Road Accidents,Circle,City/Town,Near Bus stop,Not Applicable,Not Applicable,Damage Only,Vehicle to Vehicle,Not Applicable,Others,NH,Surfaced,Dry,Not Applicable,Fine,NH-7,NEAR CIRCLE,1.5 KM,0.0,0.0,0,0,,
Bengaluru Dist,Suryanagar PS,1.04422e+16,2022,1,1,Road Accidents,Narrow road,Rural Areas,Open area,Human Error,No,Grievous Injury,Hit pedestrian,Not at  Junction,Straight and flat,Others,Bitumen(Tar),Dry,No influence on accident,Clear,KACHANAYAKANAHALLI HENNAGARA GATE ROAD,NEAR KITHIGANAHALLI RACHE KATTE,6 KM,12.805313,77.720587,0,0,0.0,0.0
Bengaluru Dist,Suryanagar PS,1.04422e+16,2022,1,2,Road Accidents,Narrow road,City/Town,Open area,Human Error,No,Grievous Injury,Vehicle to Vehicle,Not at  Junction,Straight and flat,Mixed,Bitumen(Tar),Dry,No influence on accident,Clear,HOSUR BANGALORE NH7 ROAD,OPP TO KEERTHANA APARTMENT,3 KM,12.802595,77.7023189,0,0,0.0,0.0
Bengaluru Dist,Suryanagar PS,1.04422e+16,2022,1,1,Road Accidents,Narrow road,City/Town,Open area,Not Applicable,Yes,Grievous Injury,Hit pedestrian,Not Applicable,Others,NH,Not Applicable,Dry,Not Applicable,Fine,NH-7,NEAR BUS STOP,3 KM,12.801953,77.713829,0,0,0.0,0.0
Bengaluru Dist,Suryanagar PS,1.04422e+16,2022,1,2,Road Accidents,Cross roads,Rural Areas,Near or inside a village,Human Error,No,Grievous Injury,Vehicle to Vehicle,No signal lights,Curve and Incline,Two way,Bitumen(Tar),Dry,No influence on accident,Others,"CHANDAPURA TO DOMMASANDRA ROAD, NEAR RAMASAGARA VENKASWAMYREDDY HOUSE FRONT",VENKATSWAMY REDDY BUILDING,4KM,12.793455,77.716377,0,0,0.0,0.0
Bengaluru Dist,Suryanagar PS,1.04422e+16,2022,1,2,Road Accidents,Narrow road,Rural Areas,Open area,Not Applicable,Not Applicable,Grievous Injury,Vehicle to Vehicle,Not at  Junction,Not Applicable,Others,Not Applicable,Dry,Not Applicable,Fine,other road,NEAR BUS STOP,5 KM,12.817527,77.71723,0,0,0.0,0.0
Bengaluru Dist,Suryanagar PS,1.04422e+16,2022,1,1,Road Accidents,Narrow road,Rural Areas,Open area,Not Applicable,Not Applicable,Fatal,Hit pedestrian,Not Applicable,Not Applicable,NH,Surfaced,Dry,Not Applicable,Fine,NH-7,NEAR BUS STOP,3 KM,0.0,0.0,0,0,,
Bengaluru Dist,Suryanagar PS,1.04422e+16,2022,1,2,Not Applicable,Narrow road,City/Town,Residential area,Not Applicable,Not Applicable,Grievous Injury,Vehicle to Vehicle,Not Applicable,Not Applicable,NH,Bitumen(Tar),Dry,Not Applicable,Fine,NH-7,NEAR RAJAKALUVE,3 KM,0.0,0.0,0,0,0.0,0.0
Bengaluru Dist,Suryanagar PS,1.04422e+16,2022,1,2,Not Applicable,Narrow road,Rural Areas,Open area,Not Applicable,Not Applicable,Fatal,Vehicle to Vehicle,Uncontrolled,Not Applicable,Not Applicable,Surfaced,Others,Not Applicable,Fine,other road,NEAR BUS STOP,5 KM,12.80008,77.705783,0,1,,
Bengaluru Dist,Suryanagar PS,1.04422e+16,2022,1,2,Road Accidents,Cross roads,City/Town,Narrow bridge or culverts,Human Error,No,Damage Only,Vehicle to Vehicle,Not at  Junction,Straight and flat,Two way,Bitumen(Tar),Others,No influence on accident,Clear,NH7 BANGALORE HOSUR ROAD,UNDER CHADAPURA RAILWAY BRIDGE,3 KM,12.799688,77.7038929,0,1,0.0,1.0
Bengaluru Dist,Suryanagar PS,1.04422e+16,2022,1,2,Road Accidents,Circle,Rural Areas,Open area,Human Error,Not Applicable,Not Applicable,Not Applicable,Not Applicable,Others,NH,Bitumen(Tar),Dry,Not Applicable,Fine,NH 07 road,0,40,12.80221,77.704371,0,0,0.0,0.0
Bengaluru Dist,Suryanagar PS,1.04422e+16,2022,1,2,Not Applicable,Narrow road,City/Town,Near School or College,Not Applicable,Not Applicable,Grievous Injury,Vehicle to Vehicle,Not Applicable,Others,Others,Surfaced,Others,Not Applicable,Fine,other road,Near Temple,3 KM,0.0,0.0,0,1,,
Bengaluru Dist,Suryanagar PS,1.04422e+16,2022,1,1,Road Accidents,Circle,Rural Areas,At pedestrian Crossing,Human Error,No,Grievous Injury,Hit pedestrian,Not at  Junction,Straight and flat,NH,Bitumen(Tar),Dry,No influence on accident,Clear,HOSUR BANGALORE NH7 ROAD,NEAR THIRUMAGONDANAHALLI BUS STOP,5 KM,12.79622,77.683108,0,0,0.0,0.0
Bengaluru Dist,Suryanagar PS,1.04422e+16,2022,1,1,Road Accidents,Narrow road,Rural Areas,Open area,Human Error,No,Damage Only,Not Applicable,Not at  Junction,Straight and flat,Others,Bitumen(Tar),Dry,No influence on accident,Others,CHANDAPURA ANEKAL ROAD,NEAR IGGALUR TANK,3 KM,12.781519,77.703625,0,0,0.0,0.0
Bengaluru Dist,Suryanagar PS,1.04422e+16,2022,1,1,Road Accidents,Narrow road,City/Town,Open area,Not Applicable,Yes,Simple Injury,Vehicle to Vehicle,Not Applicable,Others,NH,Bitumen(Tar),Dry,Not Applicable,Fine,NH-7,NEAR RAILWAY TRACK,1.5 KM,12.801922,77.70929,0,0,0.0,0.0
Bengaluru Dist,Suryanagar PS,1.04422e+16,2022,1,2,Road Accidents,Narrow road,Rural Areas,Near office complex,Human Error,No,Grievous Injury,Vehicle to Vehicle,Not at  Junction,Not Applicable,Residential Street,Bitumen(Tar),Dry,No influence on accident,Fine,KITHAGANAHALLI MAIN ROAD,1,3,12.801287,77.692236,0,0,0.0,0.0
Bengaluru Dist,Suryanagar PS,1.04422e+16,2022,1,2,Road Accidents,Narrow road,City/Town,In bazaar,Human Error,No,Grievous Injury,Vehicle to Vehicle,Uncontrolled,Not Applicable,Service Road,Bitumen(Tar),Dry,No influence on accident,Fine,NH 44 SERVICE ROAD,1,2,12.80295,77.702262,0,0,0.0,0.0
Bengaluru Dist,Suryanagar PS,1.04422e+16,2022,1,1,Road Accidents,Narrow road,Rural Areas,Near Petrol Pump,Human Error,No,Grievous Injury,Not Applicable,Not at  Junction,Straight and flat,Others,Bitumen(Tar),Others,No influence on accident,Others,BOMMASANDRA JIGANI LINK ROAD,NEAR BHARATH PETROL BUNK,7 KM,12.798291,77.703405,0,1,0.0,1.0
Bengaluru Dist,Suryanagar PS,1.04422e+16,2022,1,2,Road Accidents,Narrow road,Rural Areas,Near Bus stop,Human Error,No,Grievous Injury,Not Applicable,Uncontrolled,Not Applicable,NH,Bitumen(Tar),Dry,Not Applicable,Fine,BANGALORE TO HOSUR ROAD,1,4,12.802106,77.706231,0,0,0.0,0.0
Bengaluru Dist,Suryanagar PS,1.04422e+16,2022,1,2,Road Accidents,Narrow road,Rural Areas,Open area,Human Error,No,Grievous Injury,Vehicle to Vehicle,Not at  Junction,Straight and flat,Two way,Bitumen(Tar),Others,No influence on accident,Clear,ANEKAL CHANDAPURA ROAD,NEAR ADITYA BIRLA GARMENTS MARASUR GATE,2 KM,12.786618,77.703717,0,1,0.0,1.0
Bengaluru Dist,Suryanagar PS,1.04422e+16,2022,1,2,Road Accidents,Narrow road,City/Town,Open area,Not Applicable,Not Applicable,Grievous Injury,Vehicle to Vehicle,Not Applicable,Not Applicable,Others,Not Applicable,Dry,Not Applicable,Fine,other road,NEAR VILLAGE,5 KM,12.788832,77.704667,0,0,0.0,0.0
Bengaluru Dist,Suryanagar PS,1.04422e+16,2022,1,1,Road Accidents,Narrow road,City/Town,Near Bus stop,Not Applicable,Not Applicable,Grievous Injury,Hit pedestrian,Not Applicable,Not Applicable,Others,Not Applicable,Dry,Not Applicable,Fine,other road,NEAR BUS STOP,1.5 KM,0.0,0.0,0,0,0.0,0.0
Bengaluru Dist,Suryanagar PS,1.04422e+16,2022,1,1,Road Accidents,Narrow road,Rural Areas,Residential area,Human Error,No,Fatal,Hit pedestrian,Not Applicable,Not Applicable,Residential Street,Bitumen(Tar),Dry,Not Applicable,Fine,KACHANAYAKANAHALLI VILALGE ROAD,1,6,0.0,0.0,0,0,0.0,0.0
Bengaluru Dist,Suryanagar PS,1.04422e+16,2022,1,1,Road Accidents,Narrow road,Rural Areas,Narrow bridge or culverts,Human Error,No,Fatal,Hit pedestrian,No signal lights,Not Applicable,NH,Bitumen(Tar),Dry,No influence on accident,Fine,BANGALORE DISTRICT ANEKAL TALUK ATTIBELE HOBLI CHANDAPURA HOSUR TO BANGALORE NH ROAD OPP TRUE VALUE,1,2,12.804191,77.701127,0,0,0.0,0.0
Bengaluru Dist,Suryanagar PS,1.04422e+16,2022,1,2,Road Accidents,Circle,Rural Areas,Near Petrol Pump,Human Error,No,Grievous Injury,Vehicle to Vehicle,Not at  Junction,Straight and flat,Others,Bitumen(Tar),Dry,No influence on accident,Fine,ANEKAL CHANDAPURA ROAD,NEAR SHELL PETROL BUNK MARASUR GATE,2 KM,12.796915,77.715692,0,0,0.0,0.0
Bengaluru Dist,Suryanagar PS,1.04422e+16,2022,1,1,Road Accidents,Not Applicable,City/Town,Open area,Human Error,No,Damage Only,Not Applicable,Not at  Junction,Straight and flat,NH,Bitumen(Tar),Dry,No influence on accident,Others,BANGALORE HOSUR NH7 ROAD,NEAR CHANDAPURA FLY OVER,4 KM,12.802095,77.709577,0,0,0.0,0.0
Bengaluru Dist,Suryanagar PS,1.04422e+16,2022,1,2,Road Accidents,Narrow road,Rural Areas,Near Bus stop,Human Error,Yes,Fatal,Vehicle to Vehicle,Not Applicable,Not Applicable,NH,Bitumen(Tar),Dry,No influence on accident,Fine,HOSUR TO BANGALORE NH 7 ROAD NEAR CHANDAPURA,1,5,12.795445,77.718872,0,0,0.0,0.0
Bengaluru Dist,Suryanagar PS,1.04422e+16,2022,1,2,Road Accidents,Junction,City/Town,Open area,Human Error,Yes,Grievous Injury,Vehicle to Vehicle,Not at  Junction,Straight and flat,Mixed,Bitumen(Tar),Dry,No influence on accident,Clear,BANGALORE HOSUR NH7 SERVICE ROAD,NEAR HP PETROL BUNK THIRUMAGONDANAHALLI,5 KM,12.802185,77.705287,0,0,0.0,0.0
Bengaluru Dist,Suryanagar PS,1.04422e+16,2022,1,2,Road Accidents,Narrow road,City/Town,Open area,Not Applicable,Not Applicable,Simple Injury,Vehicle to Vehicle,Not Applicable,Not Applicable,Others,Kutcha,Dry,Not Applicable,Fine,other road,Near Temple,5 KM,12.802332,77.702094,0,0,4.0,4.0
Bengaluru Dist,Suryanagar PS,1.04422e+16,2022,1,1,Road Accidents,Narrow road,Rural Areas,At pedestrian Crossing,Human Error,No,Fatal,Hit pedestrian,Not at  Junction,Straight and flat,State Highway,Bitumen(Tar),Dry,No influence on accident,Fine,BANGALORE TO HOSUR NH7 ROAD,1,2 KM,0.0,0.0,0,0,0.0,0.0
Bengaluru Dist,Suryanagar PS,1.04422e+16,2022,1,1,Not Applicable,Narrow road,Rural Areas,Near office complex,Human Error,Not Applicable,Fatal,Hit pedestrian,No signal lights,Not Applicable,NH,Bitumen(Tar),Dry,Not Applicable,Fine,HOSUR TO BANGALORE NH 7 ROAD NEAR CHANDAPURA,1,3,12.792602,77.72616,0,0,0.0,0.0
Bengaluru Dist,Suryanagar PS,1.04422e+16,2022,1,1,Road Accidents,Curves,Rural Areas,Open area,Not Applicable,No,Grievous Injury,Not Applicable,Uncontrolled,Curve,Others,Bitumen(Tar),Dry,Not Applicable,Not Applicable,RURAL ROAD,FORN OF MAYURA BEKARY,5 KM,12.765751,77.700819,0,0,0.0,0.0
Bengaluru Dist,Suryanagar PS,1.04422e+16,2022,1,2,Road Accidents,Cross roads,Rural Areas,Open area,Human Error,No,Grievous Injury,Vehicle to Vehicle,Not at  Junction,Straight and flat,Others,Bitumen(Tar),Dry,No influence on accident,Clear,INFRONT OF BANGALORE HOUSE RESTAURANT,ANEKAL CHANDAPURA GATE NEAR MARASUR GATE,4 KM,12.801668,77.704122,0,0,0.0,0.0
Bengaluru Dist,Suryanagar PS,1.04422e+16,2022,1,3,Road Accidents,Narrow road,Rural Areas,Open area,Not Applicable,Not Applicable,Grievous Injury,Vehicle to Vehicle,Not Applicable,Others,NH,Bitumen(Tar),Others,Not Applicable,Fine,NH-7,NEAR BUS STOP,3 KM,12.79805,77.710025,0,1,0.0,1.0
Bengaluru Dist,Suryanagar PS,1.04422e+16,2022,1,2,Road Accidents,Not Applicable,City/Town,Open area,Human Error,No,Grievous Injury,Vehicle to Vehicle,Not at  Junction,Straight and flat,NH,Bitumen(Tar),Others,No influence on accident,Clear,BANGALORE HOSUR NH7 ROAD,CHANDAPURA FLY OVER,2 KM,12.814922,77.693116,0,1,0.0,1.0