DISTRICTNAME,UNITNAME,Crime_No,Year,RI,Noofvehicle_involved,Accident_Classification,Accident_Spot,Accident_Location,Accident_SubLocation,Main_Cause,Hit_Run,Severity,Collision_Type,Junction_Control,Road_Character,Road_Type,Surface_Type,Surface_Condition,Road_Condition,Weather,Accident_Road,Landmark_first,Distance_LandMark_First,Latitude,Longitude,Road_Condition_Score,Surface_Condition_Score,Surface_Type_Score,Road_Risk_Index
Bengaluru Dist,Suryanagar PS,1.04422e+16,2022,1,2,Not Applicable,Narrow road,Rural Areas,Near Bus stop,Not Applicable,No,Grievous Injury,Vehicle to Vehicle,Not Applicable,Not Applicable,NH,Not Applicable,Not Applicable,Not Applicable,Fine,NH-7,NEAR BUS STOP,3 KM,12.798676,77.711295,0,0,0.0,0.0
Bengaluru Dist,Suryanagar PS,1.04422e+16,2022,1,2,Road Accidents,Narrow road,City/Town,Open area,Not Applicable,Not Applicable,Damage Only,Vehicle to Vehicle,Not Applicable,Others,NH,Surfaced,Dry,Not Applicable,Fine,NH-7,NEAR BUS STOP,3 KM,0.0,0.0,0,0,,
Bengaluru Dist,Suryanagar PS,1.04422e+16,2022,1,1,Road Accidents,Narrow road,City/Town,Open area,Not Applicable,No,Simple Injury,Hit pedestrian,Not Applicable,Not Applicable,NH,Bitumen(Tar),Dry,Not Applicable,Fine,NH-7,NEAR BUS STOP,3 KM,12.799375,77.725214,0,0,0.0,0.0
Bengaluru Dist,Suryanagar PS,1.04422e+16,2022,1,1,Road Accidents,Narrow road,Rural Areas,Residential area,Human Error,No,Fatal,Hit pedestrian,Uncontrolled,Not Applicable,Residential Street,Bitumen(Tar),Dry,Not Applicable,Others,HILALIGE ROAD,1,3,12.805638,77.7139889,0,0,0.0,0.0
Bengaluru Dist,Suryanagar PS,1.04422e+16,2022,1,1,Road Accidents,Narrow road,City/Town,Near Bus stop,Not Applicable,Not Applicable,Grievous Injury,Hit pedestrian,Not at  Junction,Not Applicable,NH,Surfaced,Others,Not Applicable,Fine,NH-7,NEAR BUS STOP,5 KM,12.801421,77.705712,0,1,,
Bengaluru Dist,Suryanagar PS,1.04422e+16,2022,1,2,Road Accidents,Narrow road,Rural Areas,Open area,Human Error,No,Grievous Injury,Vehicle to Vehicle,Not at  Junction,Straight and flat,Others,Bitumen(Tar),Dry,No influence on accident,Others,NAGANAYAKANAHALLI HINNAKKI ROAD,NEAR SURYANAGARA 2ND STAGE,3 KM,12.78311,77.697221,0,0,0.0,0.0
Bengaluru Dist,Suryanagar PS,1.04422e+16,2022,1,2,Road Accidents,Not Applicable,City/Town,Open area,Human Error,Yes,Fatal,Vehicle to Vehicle,Not at  Junction,Straight and flat,NH,Bitumen(Tar),Others,No influence on accident,Clear,B'LORE HOSUR NH7 RD,OPP TO SUN PALACE KALYANA MANTAPA OLD CHANDAPURA,2.5,12.799471,77.715547,0,1,0.0,1.0
Bengaluru Dist,Suryanagar PS,1.04422e+16,2022,1,2,Road Accidents,Narrow road,Rural Areas,Near office complex,Human Error,Not Applicable,Fatal,Vehicle to Vehicle,Uncontrolled,Not Applicable,Two way,Bitumen(Tar),Dry,No influence on accident,Others,ANEKAL TO CHANDAPURA ROAD,1,3,12.800584,77.701065,0,0,0.0,0.0
Bengaluru Dist,Suryanagar PS,1.04422e+16,2022,1,3,Road Accidents,Narrow road,City/Town,Open area,Human Error,No,Damage Only,Vehicle to Vehicle,Not at  Junction,Straight and flat,NH,Bitumen(Tar),Dry,No influence on accident,Clear,HOSUR BANGALORE NH7 ROAD,INFRONT OF NISARGA KEERTHANA APARTMENT,2.5 KM,12.799738,77.706345,0,0,0.0,0.0
Bengaluru Dist,Suryanagar PS,1.04422e+16,2022,1,1,Road Accidents,Narrow road,City/Town,In bazaar,Not Applicable,Not Applicable,Grievous Injury,Hit pedestrian,Not Applicable,Not Applicable,Others,Bitumen(Tar),Dry,Not Applicable,Fine,other road,NEAR BUS STOP,3 KM,12.804116,77.705101,0,0,0.0,0.0
Bengaluru Dist,Suryanagar PS,1.04422e+16,2022,1,2,Road Accidents,Narrow road,Rural Areas,Open area,Human Error,No,Fatal,Vehicle to Vehicle,Not at  Junction,Straight and flat,Others,Bitumen(Tar),Others,No influence on accident,Cloudy,INFRONT OF ASHOK LEYLAND SERVICE CENTRE,DOMMASANDRA CHANDAPURA  CHANDAPURA LAKE,1.5 KM,12.806924,77.706834,0,1,0.0,1.0
Bengaluru Dist,Suryanagar PS,1.04422e+16,2022,1,2,Road Accidents,Narrow road,City/Town,Open area,Human Error,No,Damage Only,Vehicle to Vehicle,Not at  Junction,Straight and flat,NH,Bitumen(Tar),Dry,No influence on accident,Clear,NH7 BANGALORE HOSUR ROAD,ON CHANDAPURA FLY OVER,3 KM,12.802328,77.705041,0,0,0.0,0.0
Bengaluru Dist,Suryanagar PS,1.04422e+16,2022,1,2,Road Accidents,Circle,Rural Areas,Near Petrol Pump,Human Error,No,Grievous Injury,Vehicle to Vehicle,Not Applicable,Incline,Major District Road,Bitumen(Tar),Dry,No influence on accident,Clear,NEAR THIRUMAGONDANAHALLI PETROL BUNK AND SERVICE ROAD,BHARATH PETROL BUNK,4 KMS,12.801471,77.71206,0,0,0.0,0.0
Bengaluru Dist,Suryanagar PS,1.04422e+16,2022,1,2,Road Accidents,Cross roads,Rural Areas,Near Bus stop,Human Error,No,Grievous Injury,Vehicle to Vehicle,Not at  Junction,Straight and flat,Others,Bitumen(Tar),Dry,No influence on accident,Clear,ANEKAL CHANDAPURA ROAD,NEAR NAGAYAKANAHALLI BUS STOP,3 KM,12.815789,77.691755,0,0,0.0,0.0
Bengaluru Dist,Suryanagar PS,1.04422e+16,2022,1,2,Road Accidents,Circle,Rural Areas,Open area,Human Error,Yes,Damage Only,Vehicle to Vehicle,No signal lights,Straight and flat,Others,Bitumen(Tar),Dry,No influence on accident,Clear,ANEKAL CHANDAPURA ROAD,NEAR SWAMY VIVEKANANDA COLLEGE,1 KM,12.799315,77.705976,0,0,0.0,0.0
Bengaluru Dist,Suryanagar PS,1.04422e+16,2022,1,1,Road Accidents,Narrow road,Rural Areas,Open area,Human Error,No,Fatal,Hit pedestrian,Not at  Junction,Not Applicable,Two way,Bitumen(Tar),Dry,Not Applicable,Fine,Muttanalluru- Bommasandra Road,1KM TOWARDS NORTH,1 KM,0.0,0.0,0,0,0.0,0.0
Bengaluru Dist,Suryanagar PS,1.04422e+16,2022,1,2,Road Accidents,Narrow road,Rural Areas,Narrow bridge or culverts,Human Error,Not Applicable,Damage Only,Not Applicable,Uncontrolled,Slight Curve,NH,Bitumen(Tar),Dry,Not Applicable,Fine,HOSUR TO BANGALORE NH7 CHANDAPURA FLY OWER,1,3,12.802669,77.704801,0,0,0.0,0.0
Bengaluru Dist,Suryanagar PS,1.04422e+16,2022,1,1,Road Accidents,Narrow road,Rural Areas,Near Bus stop,Not Applicable,Not Applicable,Grievous Injury,Hit pedestrian,Not Applicable,Others,NH,Bitumen(Tar),Dry,Not Applicable,Fine,NH-7,NEAR BUS STOP,5 KM,12.802117,77.708031,0,0,0.0,0.0
Bengaluru Dist,Suryanagar PS,1.04422e+16,2022,1,2,Road Accidents,Narrow road,City/Town,Open area,Not Applicable,Yes,Grievous Injury,Vehicle to Vehicle,Not Applicable,Not Applicable,NH,Not Applicable,Others,Not Applicable,Fine,NH-7,NEAR KEERTHANA HOTEL,1.5 KM,0.0,0.0,0,1,0.0,1.0
Bengaluru Dist,Suryanagar PS,1.04422e+16,2022,1,2,Road Accidents,Not Applicable,Rural Areas,Near Bus stop,Not Applicable,Yes,Damage Only,Vehicle to Vehicle,Not Applicable,Not Applicable,Two way,Bitumen(Tar),Dry,Not Applicable,Fine,"NH 7 SERVICE ROAD, MANJUNATHA TIMBAR & WOOD COMPANY",2 KM TOWARDS EAST,2KM,12.801916,77.707997,0,0,0.0,0.0
Bengaluru Dist,Suryanagar PS,1.04422e+16,2022,1,2,Road Accidents,Narrow road,City/Town,Near Bus stop,Not Applicable,Not Applicable,Fatal,Vehicle to Vehicle,Not Applicable,Others,NH,Bitumen(Tar),Not Applicable,Not Applicable,Fine,NH-7,NEAR BUS STOP,3 KM,12.802072,77.70605,0,0,0.0,0.0
Bengaluru Dist,Suryanagar PS,1.04422e+16,2022,1,2,Road Accidents,Narrow road,City/Town,Open area,Human Error,No,Damage Only,Vehicle to Vehicle,Not at  Junction,Straight and flat,NH,Bitumen(Tar),Dry,No influence on accident,Clear,NH7 BANGALORE HOSUR ROAD,UNDER RAILWAY BRIDGE,2 KM,12.800013,77.71098,0,0,0.0,0.0
Bengaluru Dist,Suryanagar PS,1.04422e+16,2022,1,1,Not Applicable,Narrow road,City/Town,Open area,Not Applicable,Not Applicable,Fatal,Hit pedestrian,Not Applicable,Not Applicable,Others,Not Applicable,Not Applicable,Not Applicable,Fine,other road,NEAR BUS STOP,3 KM,0.0,0.0,0,0,0.0,0.0
Bengaluru Dist,Suryanagar PS,1.04422e+16,2022,1,1,Road Accidents,Junction,City/Town,Open area,Human Error,No,Grievous Injury,Not Applicable,Not at  Junction,Straight and flat,NH,Bitumen(Tar),Dry,No influence on accident,Clear,HOSUR BANGALORE NH7 ROAD,THIRUMAGONDANAHALLI,4 KM,12.802262,77.705094,0,0,0.0,0.0
Bengaluru Dist,Suryanagar PS,1.04422e+16,2022,1,2,Road Accidents,Narrow road,Rural Areas,Open area,Human Error,No,Damage Only,Vehicle to Vehicle,Not at  Junction,Straight and flat,Others,Bitumen(Tar),Dry,No influence on accident,Others,DOMMASANDRA CHANDAPURA,INFRONT OF VAKHIL CLUB HOUSE MUTHANALLUR,6 KM,12.844713,77.7273999,0,0,0.0,0.0
Bengaluru Dist,Suryanagar PS,1.04422e+16,2022,1,2,Not Applicable,Narrow road,City/Town,Near Bus stop,Not Applicable,Not Applicable,Grievous Injury,Vehicle to Vehicle,Not at  Junction,Not Applicable,Others,Surfaced,Dry,Not Applicable,Fine,other road,NEAR BUS STOP,1.5 KM,12.80361,77.702678,0,0,,
Bengaluru Dist,Suryanagar PS,1.04422e+16,2022,1,2,Road Accidents,Narrow road,Rural Areas,In bazaar,Human Error,No,Damage Only,Vehicle to Vehicle,Not Applicable,Not Applicable,Two way,Bitumen(Tar),Dry,Not Applicable,Fine,"BANGALORE DIST ANEKAL TALUK ATTIBELE HOBLI, ANEKAL TO CHANDAPURA ROAD FORNT OF REDDY HOTEL",1,1,12.801428,77.701537,0,0,0.0,0.0
Bengaluru Dist,Suryanagar PS,1.04422e+16,2022,1,2,Road Accidents,Narrow road,City/Town,Near a religious place,Not Applicable,Not Applicable,Grievous Injury,Vehicle to Vehicle,Not at  Junction,Not Applicable,NH,Bitumen(Tar),Dry,Not Applicable,Fine,NH-7,NEAR BUS STOP,3 KM,0.0,0.0,0,0,0.0,0.0
Bengaluru Dist,Suryanagar PS,1.04422e+16,2022,1,1,Road Accidents,Curves,City/Town,Near office complex,Human Error,No,Fatal,Vehicle to Vehicle,Not at  Junction,Straight and flat,NH,Bitumen(Tar),Dry,No influence on accident,Clear,BANGALORE HOSUR NH7 ROAD,THIRUMAGONDANAHALLI,3 KM,12.798556,77.694101,0,0,0.0,0.0
Bengaluru Dist,Suryanagar PS,1.04422e+16,2023,1,1,Road Accidents,Narrow road,Rural Areas,Near Bus stop,Human Error,No,Damage Only,Not Applicable,No signal lights,Not Applicable,NH,Bitumen(Tar),Dry,No influence on accident,Fine,BANGALORE TO HOSUR NH ROAD NEAR RK DHABAH OPP OLD CHANDAPURA,1,3,0.0,0.0,0,0,0.0,0.0
Bengaluru Dist,Suryanagar PS,1.04422e+16,2023,1,2,Road Accidents,Narrow road,City/Town,Near Bus stop,Not Applicable,Yes,Damage Only,Vehicle to Vehicle,Not Applicable,Not Applicable,NH,Bitumen(Tar),Dry,Not Applicable,Fine,NH-7,NEAR BUS STOP,3 KM,12.807558,77.7015009,0,0,0.0,0.0
Bengaluru Dist,Suryanagar PS,1.04422e+16,2023,1,1,Road Accidents,Narrow road,City/Town,Open area,Not Applicable,Not Applicable,Grievous Injury,Not Applicable,Not Applicable,Straight and flat,NH,Bitumen(Tar),Dry,Not Applicable,Fine,NH-7,NEAR R K DHABA  HOTEL,5 KM,12.801765,77.704185,0,0,0.0,0.0
Bengaluru Dist,Suryanagar PS,1.04422e+16,2023,1,2,Road Accidents,Narrow road,Rural Areas,Near Bus stop,Vehicle Defect,Yes,Fatal,Vehicle to Vehicle,Uncontrolled,Not Applicable,Two way,Bitumen(Tar),Dry,No influence on accident,Fine,CHANDAPURA TO DOMMASANDRA ROAD KAGGALIPURA GATE,1,6,12.853489,77.721695,0,0,0.0,0.0
Bengaluru Dist,Suryanagar PS,1.04422e+16,2023,1,1,Road Accidents,Circle,Rural Areas,Near Bus stop,Not Applicable,No,Grievous Injury,Not Applicable,Not at  Junction,Not Applicable,Two way,Bitumen(Tar),Dry,Not Applicable,Fine,Gopasandra to Muttanalluru Cross road,1,40,12.827338,77.737617,0,0,0.0,0.0
Bengaluru Dist,Suryanagar PS,1.04422e+16,2023,1,2,Not Applicable,Not Applicable,Rural Areas,Open area,Not Applicable,Yes,Not Applicable,Not Applicable,Not Applicable,Others,Two way,Bitumen(Tar),Dry,Not Applicable,Fine,0,0,40,12.793012,77.704988,0,0,0.0,0.0
Bengaluru Dist,Suryanagar PS,1.04422e+16,2023,1,2,Road Accidents,Narrow road,Rural Areas,Open area,Not Applicable,Yes,Grievous Injury,Vehicle to Vehicle,Not Applicable,Not Applicable,Residential Street,Bitumen(Tar),Dry,Not Applicable,Fine,other road,NEAR VILLAGE,3 KM,0.0,0.0,0,0,0.0,0.0
Bengaluru Dist,Suryanagar PS,1.04422e+16,2023,1,1,Road Accidents,Narrow road,Rural Areas,Residential area,Human Error,Yes,Grievous Injury,Hit pedestrian,Uncontrolled,Others,Two way,Not Applicable,Dry,No influence on accident,Fine,BANGALORE DISTRICT ANEKAL TALUK BANAHALLI MAIN ROAD FRONT OF SOMANNA BUILDINF  CHANDAPURA,1,2,12.796294,77.700816,0,0,0.0,0.0
Bengaluru Dist,Suryanagar PS,1.04422e+16,2023,1,2,Road Accidents,Narrow road,City/Town,Residential area,Not Applicable,Not Applicable,Grievous Injury,Vehicle to Vehicle,Not Applicable,Straight and flat,State Highway,Bitumen(Tar),Dry,Not Applicable,Fine,other road,NEAR RAGHAVENDRA HOTEL,1.5 KM,0.0,0.0,0,0,0.0,0.0
Bengaluru Dist,Suryanagar PS,1.04422e+16,2023,1,1,Road Accidents,Narrow road,City/Town,Near Bus stop,Not Applicable,Not Applicable,Grievous Injury,Hit pedestrian,Not Applicable,Others,NH,Surfaced,Others,Not Applicable,Fine,NH-7,NEAR BUS STOP,3 KM,0.0,0.0,0,1,,
Bengaluru Dist,Suryanagar PS,1.04422e+16,2023,1,1,Road Accidents,Narrow road,Rural Areas,Open area,Not Applicable,Not Applicable,Grievous Injury,Hit pedestrian,Not Applicable,Not Applicable,Residential Street,Bitumen(Tar),Not Applicable,Not Applicable,Fine,other road,NEAR VILLAGE,3 KM,12.798166,77.699466,0,0,0.0,0.0
Bengaluru Dist,Suryanagar PS,1.04422e+16,2023,1,2,Not Applicable,Not Applicable,Rural Areas,Open area,Not Applicable,Not Applicable,Not Applicable,Vehicle to Vehicle,Not Applicable,Others,Two way,Bitumen(Tar),Dry,Not Applicable,Fine,0,0,40,12.780106,77.702664,0,0,0.0,0.0
Bengaluru Dist,Suryanagar PS,1.04422e+16,2023,1,1,Road Accidents,Junction,Rural Areas,Near Bus stop,Human Error,No,Grievous Injury,Vehicle to Vehicle,No signal lights,Curve,State Highway,Bitumen(Tar),Dry,No influence on accident,Others,BANGALORE DISTRICT ANEKAL TALUK CHANDAPUA TO ANEKAL ROAD NEAR RAMAKRISHNAPURA GATE,1,4,12.773129,77.702673,0,0,0.0,0.0
Bengaluru Dist,Suryanagar PS,1.04422e+16,2023,1,1,Road Accidents,Narrow road,Rural Areas,Near Bus stop,Human Error,No,Grievous Injury,Hit pedestrian,Not Applicable,Not Applicable,NH,Bitumen(Tar),Dry,Not Applicable,Clear,BANGALORE TO HOSUR ROAD,1,2,12.801804,77.706383,0,0,0.0,0.0
Bengaluru Dist,Suryanagar PS,1.04422e+16,2023,1,2,Road Accidents,Bottleneck,Rural Areas,Near or inside a village,Human Error,No,Simple Injury,Vehicle to Vehicle,Not at  Junction,Others,Major District Road,Bitumen(Tar),Dry,Not Applicable,Clear,ANEKAL- CHANDAPURA,NEAR RAMAKRISHNAPURA GATE,3,12.780783,77.696877,0,0,0.0,0.0
Bengaluru Dist,Suryanagar PS,1.04422e+16,2023,1,2,Road Accidents,Not Applicable,City/Town,Open area,Vehicle Defect,Not Applicable,Not Applicable,Not Applicable,Not Applicable,Others,One way,Surfaced,Others,Not Applicable,Fine,0,0,40,12.800494,77.7116,0,1,,
Bengaluru Dist,Suryanagar PS,1.04422e+16,2023,1,2,Road Accidents,Narrow road,City/Town,Near Bus stop,Human Error,No,Grievous Injury,Vehicle to Vehicle,No signal lights,Not Applicable,NH,Bitumen(Tar),Dry,No influence on accident,Cloudy,NH ROAD,1,2,12.80273,77.70493,0,0,0.0,0.0
Bengaluru Dist,Suryanagar PS,1.04422e+16,2023,1,2,Road Accidents,Narrow road,City/Town,Open area,Not Applicable,Yes,Grievous Injury,Vehicle to Vehicle,Not Applicable,Straight and flat,NH,Bitumen(Tar),Not Applicable,Not Applicable,Fine,NH-7,NEAR RK DHABA  HOTEL,1.5 KM,12.803035,77.696869,0,0,0.0,0.0
Bengaluru Dist,Suryanagar PS,1.04422e+16,2023,1,1,Road Accidents,Narrow road,Rural Areas,Near Bus stop,Human Error,No,Grievous Injury,Hit bicyclist,Not Applicable,Not Applicable,NH,Bitumen(Tar),Dry,No influence on accident,Fine,BANGALORE DISTRICT ANEKAL TALUK HOSUR TO BANGALOE NH ROAD THIRUMAGONDAHALLI BUS STOP,1,4,12.793739,77.72202,0,0,0.0,0.0
Bengaluru Dist,Suryanagar PS,1.04422e+16,2023,1,1,Road Accidents,Not Applicable,Rural Areas,Near Bus stop,Human Error,Not Applicable,Not Applicable,Not Applicable,Not Applicable,Others,Two way,Bitumen(Tar),Dry,Not Applicable,Fine,40,0,0,12.764686,77.699845,0,0,0.0,0.0
Bengaluru Dist,Suryanagar PS,1.04422e+16,2023,1,1,Road Accidents,Not Applicable,Rural Areas,Open area,Not Applicable,Yes,Not Applicable,Not Applicable,Not Applicable,Others,One way,Not Applicable,Dry,Not Applicable,Fine,0,0,40,12.800494,77.7116,0,0,0.0,0.0
Bengaluru Dist,Suryanagar PS,1.04422e+16,2023,1,2,Road Accidents,Narrow road,City/Town,In bazaar,Not Applicable,Yes,Grievous Injury,Vehicle to Vehicle,Not Applicable,Not Applicable,Service Road,Bitumen(Tar),Dry,Not Applicable,Fog / Mist,other road,NEAR BUS STOP,3 KM,0.0,0.0,0,0,0.0,0.0
Bengaluru Dist,Suryanagar PS,1.04422e+16,2023,1,2,Road Accidents,Junction,Rural Areas,Near Bus stop,Human Error,Yes,Grievous Injury,Vehicle to Vehicle,Uncontrolled,Not Applicable,State Highway,Bitumen(Tar),Dry,No influence on accident,Fine,BANGALORE DISTRICT ANEKAL TALUK ANEKAL TO CHANDAPURA ROAD NEAR IGGALUR BUS STOP,1,2,12.786612,77.703452,0,0,0.0,0.0
Bengaluru Dist,Suryanagar PS,1.04422e+16,2023,1,1,Road Accidents,Narrow road,Rural Areas,Residential area,Human Error,Yes,Grievous Injury,Hit pedestrian,Uncontrolled,Others,Residential Street,Bitumen(Tar),Dry,No influence on accident,Fine,BANGALORE DISTRICT ANEKAL TALUK ATTIBLE HOBLI LAKSHMISAGARA TO CHANDRA PURA ROAD NEAR COMPLANAT HOUS,1,4,12.809121,77.722163,0,0,0.0,0.0
Bengaluru Dist,Suryanagar PS,1.04422e+16,2023,1,2,Road Accidents,Not Applicable,Rural Areas,Open area,Not Applicable,Not Applicable,Grievous Injury,Not Applicable,Not Applicable,Not Applicable,Two way,Bitumen(Tar),Dry,Not Applicable,Fine,thar,40,0,12.802007,77.705215,0,0,0.0,0.0
Bengaluru Dist,Suryanagar PS,1.04422e+16,2023,1,1,Road Accidents,Circle,Rural Areas,Near Bus stop,Human Error,No,Grievous Injury,Hit pedestrian,Uncontrolled,Curve,Two way,Bitumen(Tar),Dry,No influence on accident,Fine,ANEKAL TO CHANDAPURA ROAD,1,500 MT,12.802841,77.7057909,0,0,0.0,0.0
Bengaluru Dist,Suryanagar PS,1.04422e+16,2023,1,2,Road Accidents,Junction,Rural Areas,Open area,Not Applicable,Not Applicable,Grievous Injury,Hit pedestrian,Not Applicable,Not Applicable,Others,Bitumen(Tar),Dry,Not Applicable,Fine,other road,NEAR CIRCLE,3 KM,12.800494,77.7116,0,0,0.0,0.0
Bengaluru Dist,Suryanagar PS,1.04422e+16,2023,1,1,Road Accidents,Not Applicable,Rural Areas,Open area,Not Applicable,Not Applicable,Grievous Injury,Not Applicable,Not Applicable,Not Applicable,Two way,Bitumen(Tar),Dry,Not Applicable,Fine,two way,1,1,12.812628,77.726177,0,0,0.0,0.0
Bengaluru Dist,Suryanagar PS,1.04422e+16,2023,1,1,Road Accidents,Narrow road,Rural Areas,Near a religious place,Human Error,No,Grievous Injury,Hit pedestrian,No signal lights,Not Applicable,Residential Street,Bitumen(Tar),Dry,No influence on accident,Clear,ANEKAL TALUK SURYANAGARA FRONT OF SURANA COLLEGE,1,2,12.789432,77.702295,0,0,0.0,0.0
Bengaluru Dist,Suryanagar PS,1.04422e+16,2023,1,2,Not Applicable,Not Applicable,Rural Areas,Open area,Not Applicable,Yes,Not Applicable,Not Applicable,Not Applicable,Others,Not Applicable,Not Applicable,Dry,Not Applicable,Fine,0,0,0,0.0,0.0,0,0,0.0,0.0
Bengaluru Dist,Suryanagar PS,1.04422e+16,2023,1,2,Road Accidents,Narrow road,Rural Areas,Near Bus stop,Vehicle Defect,No,Grievous Injury,Vehicle to Vehicle,Not Applicable,Not Applicable,NH,Bitumen(Tar),Dry,No influence on accident,Fine,HOSUR TO BANGALORE NH ROAD NEAR HENNAGARA GATE,1,3,12.805712,77.699883,0,0,0.0,0.0
Bengaluru Dist,Suryanagar PS,1.04422e+16,2023,1,2,Road Accidents,Narrow road,Rural Areas,Near Bus stop,Human Error,No,Grievous Injury,Vehicle to Vehicle,Uncontrolled,Curve,Service Road,Bitumen(Tar),Dry,No influence on accident,Fine,BANGALORE DISTRICT ANEKAL TALUK RAMASAGARA TO CHANDAPURA ROAD NEAR CHANDAPURA CIRCLE,1,2,12.802857,77.704722,0,0,0.0,0.0
Bengaluru Dist,Suryanagar PS,1.04422e+16,2023,1,1,Rail Road Accidents,Narrow road,City/Town,Near Bus stop,Not Applicable,Not Applicable,Grievous Injury,Hit pedestrian,Not Applicable,Not Applicable,NH,Surfaced,Not Applicable,Not Applicable,Fine,NH-7,NEAR BUS STOP,3 KM,12.788325,77.676902,0,0,,
Bengaluru Dist,Suryanagar PS,1.04422e+16,2023,1,1,Not Applicable,Narrow road,City/Town,Near Bus stop,Not Applicable,Not Applicable,Grievous Injury,Not Applicable,Not Applicable,Straight and flat,NH,Bitumen(Tar),Dry,Not Applicable,Fine,NH-7,NEAR KEERTHANA HOTEL,5 KM,12.782911,77.702098,0,0,0.0,0.0
Bengaluru Dist,Suryanagar PS,1.04422e+16,2023,1,3,Road Accidents,Road hump or Rumble strips,Rural Areas,Near a factory industrial area,Not Applicable,No,Not Applicable,Vehicle to Vehicle,Not at  Junction,Not Applicable,Two way,Bitumen(Tar),Dry,Not Applicable,Fine,Bommasandra jigani link road,1KM TOWARDS NORTH,1 KM,0.0,0.0,0,0,0.0,0.0
Bengaluru Dist,Suryanagar PS,1.04422e+16,2023,1,1,Road Accidents,Not Applicable,Rural Areas,Open area,Not Applicable,Not Applicable,Fatal,Not Applicable,Not Applicable,Not Applicable,One way,Not Applicable,Dry,Not Applicable,Fine,tahr road,1,0,12.803329,77.705453,0,0,0.0,0.0
Bengaluru Dist,Suryanagar PS,1.04422e+16,2023,1,2,Road Accidents,Not Applicable,City/Town,Open area,Human Error,Yes,Not Applicable,Not Applicable,Not Applicable,Not Applicable,Others,Bitumen(Tar),Dry,Not Applicable,Fine,0,0,40,12.800494,77.66668,0,0,0.0,0.0
Bengaluru Dist,Suryanagar PS,1.04422e+16,2023,1,2,Road Accidents,Curves,Rural Areas,Near Bus stop,Human Error,Yes,Grievous Injury,Vehicle to Vehicle,No signal lights,Curve,Two way,Bitumen(Tar),Dry,No influence on accident,Fine,CHANDAPURA TO ANEKAL ROAD,1,3,12.779105,77.702068,0,0,0.0,0.0
Bengaluru Dist,Suryanagar PS,1.04422e+16,2023,1,1,Road Accidents,Circle,Rural Areas,Open area,Human Error,Not Applicable,Not Applicable,Not Applicable,Not Applicable,Others,One way,Bitumen(Tar),Dry,Not Applicable,Fine,1,40,10,12.793012,77.704988,0,0,0.0,0.0
Bengaluru Dist,Suryanagar PS,1.04422e+16,2023,1,1,Road Accidents,Narrow road,Rural Areas,Near a factory industrial area,Human Error,No,Grievous Injury,Hit pedestrian,Not at  Junction,Not Applicable,Two way,Bitumen(Tar),Dry,Not Applicable,Fine,CHANDAPURA TO ANEKAL ROAD,1,1,12.772509,77.70225,0,0,0.0,0.0
Bengaluru Dist,Suryanagar PS,1.04422e+16,2023,1,1,Road Accidents,Narrow road,City/Town,Open area,Road Environment Defect,Not Applicable,Grievous Injury,Hit pedestrian,Not Applicable,Others,NH,Kutcha,Dry,Not Applicable,Fine,NH-7,NEAR VILLAGE,3 KM,0.0,0.0,0,0,4.0,4.0
Bengaluru Dist,Suryanagar PS,1.04422e+16,2023,1,2,Road Accidents,Narrow road,Rural Areas,Open area,Not Applicable,Yes,Damage Only,Vehicle to Vehicle,Not Applicable,Others,NH,Bitumen(Tar),Dry,Not Applicable,Fine,NH-7,NEAR R K DHABA  HOTEL,5 KM,12.797943,77.717329,0,0,0.0,0.0
Bengaluru Dist,Suryanagar PS,1.04422e+16,2023,1,2,Road Accidents,Not Applicable,Rural Areas,Open area,Vehicle Defect,Yes,Not Applicable,Vehicle to Vehicle,Not Applicable,Not Applicable,One way,Bitumen(Tar),Dry,Not Applicable,Fine,1,1,10,12.802798,77.705156,0,0,0.0,0.0
Bengaluru Dist,Suryanagar PS,1.04422e+16,2023,1,1,Road Accidents,Circle,Rural Areas,Open area,Human Error,Not Applicable,Simple Injury,Vehicle to Vehicle,Not at  Junction,Curve,Two way,Not Applicable,Dry,Not Applicable,Fine,40,40,40,12.81064,77.71168,0,0,0.0,0.0
Bengaluru Dist,Suryanagar PS,1.04422e+16,2023,1,2,Road Accidents,Narrow road,City/Town,Open area,Not Applicable,Not Applicable,Grievous Injury,Vehicle to Vehicle,Not Applicable,Not Applicable,Not Applicable,Surfaced,Dry,Not Applicable,Fine,other road,NEAR ARCS DOTS ITERIORS SHED,5 KM,12.822554,77.71906,0,0,,
Bengaluru Dist,Suryanagar PS,1.04422e+16,2023,1,2,Not Applicable,Not Applicable,Rural Areas,Open area,Human Error,Not Applicable,Simple Injury,Not Applicable,Not Applicable,Not Applicable,Two way,Bitumen(Tar),Dry,Not Applicable,Fine,0,0,40,12.79261,77.70614,0,0,0.0,0.0
Bengaluru Dist,Suryanagar PS,1.04422e+16,2023,1,2,Road Accidents,Narrow road,Rural Areas,Residential area,Human Error,No,Grievous Injury,Vehicle to Vehicle,Not Applicable,Not Applicable,One way,Bitumen(Tar),Dry,No influence on accident,Fine,BANGALORE DISTRICT ANEKAL TALUK RAMASAGARA TO CHANDAPURA ROAD FORNT OF GOVERNMENT HOSPITAL CHANDAPUR,1,2,12.804068,77.704735,0,0,0.0,0.0
Bengaluru Dist,Suryanagar PS,1.04422e+16,2023,1,2,Road Accidents,Narrow road,Rural Areas,Narrow bridge or culverts,Not Applicable,Yes,Fatal,Vehicle to Vehicle,Not Applicable,Not Applicable,NH,Bitumen(Tar),Dry,No influence on accident,Fine,NH ROAD CHANDAPURA,1,2,12.800204,77.6884989,0,0,0.0,0.0
Bengaluru Dist,Suryanagar PS,1.04422e+16,2023,1,2,Road Accidents,Narrow road,City/Town,Narrow bridge or culverts,Human Error,Yes,Fatal,Vehicle to Vehicle,Uncontrolled,Not Applicable,NH,Bitumen(Tar),Dry,No influence on accident,Fine,BANGALORE DISTRICT ANEKAL TALUK BANGALORE TO HOSUR NH ROAD CHNADAPURA FLY OVER,1,2,12.892569,77.704776,0,0,0.0,0.0
Bengaluru Dist,Suryanagar PS,1.04422e+16,2023,1,1,Not Applicable,Circle,Rural Areas,In bazaar,Road Environment Defect,Not Applicable,Grievous Injury,Hit pedestrian,Controlled,Curve,NH,Not Applicable,Dry,Construction Work / Material,Clear,NH7,CHANDAPUR,1,12.795197,77.684592,2,0,0.0,2.0