DISTRICTNAME,UNITNAME,Crime_No,Year,RI,Noofvehicle_involved,Accident_Classification,Accident_Spot,Accident_Location,Accident_SubLocation,Main_Cause,Hit_Run,Severity,Collision_Type,Junction_Control,Road_Character,Road_Type,Surface_Type,Surface_Condition,Road_Condition,Weather,Accident_Road,Landmark_first,Distance_LandMark_First,Latitude,Longitude,Road_Condition_Score,Surface_Condition_Score,Surface_Type_Score,Road_Risk_Index
Bengaluru Dist,Thirumalashettahalli PS,1.04422e+16,2018,1,2,Road Accidents,Narrow road,Rural Areas,Open area,Not Applicable,No,Grievous Injury,Others,Uncontrolled,Others,Others,Bitumen(Tar),Others,Not Applicable,Snow,Soukya road,Church,40Fe,0.0,0.0,0,1,0.0,1.0
Bengaluru Dist,Thirumalashettahalli PS,1.04422e+16,2018,1,1,Road Accidents,Narrow road,Rural Areas,Residential area,Not Applicable,No,Grievous Injury,Others,Uncontrolled,Others,NH,Bitumen(Tar),Dry,Not Applicable,Others,N H 207,Tree,35Feet,0.0,0.0,0,0,0.0,0.0
Bengaluru Dist,Thirumalashettahalli PS,1.04422e+16,2019,1,2,Not Applicable,Other,Rural Areas,Near a factory industrial area,Not Applicable,Not Applicable,Grievous Injury,Others,Not Applicable,Not Applicable,Village Road,Concrete,Dry,Not Applicable,Dust Storn,Other Road,ITS Company,1.5 Km,12.983169,77.7842399,0,0,0.0,0.0
Bengaluru Dist,Thirumalashettahalli PS,1.04422e+16,2019,1,2,Road Accidents,Narrow road,Rural Areas,Open area,Human Error,No,Grievous Injury,Vehicle to Vehicle,Uncontrolled,Incline,State Highway,Bitumen(Tar),Dry,No influence on accident,Very Hot,Other Road,Near Nyamagal Garrage,07 Km,13.010156,77.824098,0,0,0.0,0.0
Bengaluru Dist,Thirumalashettahalli PS,1.04422e+16,2019,1,2,Road Accidents,Circle,Rural Areas,Residential area,Not Applicable,Yes,Grievous Injury,Vehicle to Vehicle,Controlled,Others,NH,Bitumen(Tar),Dry,Not Applicable,Clear,NH -648,Near Hanuman Enterprises Cement Shop,03 km,13.006445,77.783601,0,0,0.0,0.0
Bengaluru Dist,Thirumalashettahalli PS,1.04422e+16,2019,1,2,Road Accidents,Curves,Rural Areas,Residential area,Not Applicable,Yes,Grievous Injury,Vehicle to Vehicle,Uncontrolled,Curve,Others,Kutcha,Muddy,Not Applicable,Fine,Other Road,Beside Of Somshekar House,15 Km,13.007653,77.864197,0,4,4.0,8.0
Bengaluru Dist,Thirumalashettahalli PS,1.04422e+16,2019,1,1,Road Accidents,Not Applicable,Rural Areas,Open area,Not Applicable,No,Simple Injury,Not Applicable,Uncontrolled,Others,Others,Bitumen(Tar),Others,Not Applicable,Fine,Other Road,Near Church,03 km,12.98897,77.813329,0,1,0.0,1.0
Bengaluru Dist,Thirumalashettahalli PS,1.04422e+16,2019,1,2,Not Applicable,Not Applicable,Rural Areas,Open area,Not Applicable,Not Applicable,Fatal,Vehicle to Vehicle,Uncontrolled,Straight and flat,NH,Bitumen(Tar),Dry,Not Applicable,Fine,NH 648,Doubble Electric pole,20feet,12.982031,77.786786,0,0,0.0,0.0
Bengaluru Dist,Thirumalashettahalli PS,1.04422e+16,2019,1,1,Road Accidents,Not Applicable,Rural Areas,Open area,Not Applicable,No,Fatal,Not Applicable,Uncontrolled,Straight and flat,Others,Bitumen(Tar),Dry,No influence on accident,Fine,Bisanahalli-Nadavatti Road,Pole,25feet,13.007466,77.793814,0,0,0.0,0.0
Bengaluru Dist,Thirumalashettahalli PS,1.04422e+16,2019,1,1,Not Applicable,Other,Rural Areas,Open area,Not Applicable,No,Grievous Injury,Others,Uncontrolled,Others,Others,Bitumen(Tar),Others,Not Applicable,Others,Others,House,100m,13.05206,77.800355,0,1,0.0,1.0
Bengaluru Dist,Thirumalashettahalli PS,1.04422e+16,2019,1,1,Road Accidents,Other,Rural Areas,Open area,Not Applicable,No,Grievous Injury,Others,Uncontrolled,Not Applicable,NH,Bitumen(Tar),Others,Not Applicable,Others,N H 207 Road,Electric pole,10m,13.042951,77.792848,0,1,0.0,1.0
Bengaluru Dist,Thirumalashettahalli PS,1.04422e+16,2019,1,2,Road Accidents,Cross roads,Rural Areas,In bazaar,Not Applicable,No,Grievous Injury,Others,Uncontrolled,Others,NH,Bitumen(Tar),Dry,Not Applicable,Fine,NH -207,Near L J Iyyangara Bekary,02 Km,12.981029,77.788147,0,0,0.0,0.0
Bengaluru Dist,Thirumalashettahalli PS,1.04422e+16,2019,1,2,Not Applicable,Other,Rural Areas,Open area,Not Applicable,No,Not Applicable,Others,Uncontrolled,Others,Minor District Road,Bitumen(Tar),Others,Not Applicable,Others,Rural road,Electric Pole,10m,12.983597,77.823865,0,1,0.0,1.0
Bengaluru Dist,Thirumalashettahalli PS,1.04422e+16,2019,1,2,Road Accidents,Narrow road,Rural Areas,Near a factory industrial area,Not Applicable,Yes,Grievous Injury,Vehicle to Vehicle,Uncontrolled,Others,Minor District Road,Bitumen(Tar),Dry,Not Applicable,Clear,Soukya road,Electric pole,30Feet,12.993304,77.80458,0,0,0.0,0.0
Bengaluru Dist,Thirumalashettahalli PS,1.04422e+16,2019,1,2,Road Accidents,Other,Not Applicable,Open area,Not Applicable,No,Grievous Injury,Others,Uncontrolled,Others,Others,Bitumen(Tar),Not Applicable,Not Applicable,Others,Rurak Road,Shop,10m,13.030633,77.826413,0,0,0.0,0.0
Bengaluru Dist,Thirumalashettahalli PS,1.04422e+16,2019,1,2,Road Accidents,Rail Crossing manned,Rural Areas,Near or inside a village,Not Applicable,No,Damage Only,Vehicle to Vehicle,Controlled,Straight and flat,NH,Bitumen(Tar),Others,Not Applicable,Fine,NH -648,Near Railway Gate,02 Km,12.995724,77.783663,0,1,0.0,1.0
Bengaluru Dist,Thirumalashettahalli PS,1.04422e+16,2019,1,1,Road Accidents,Not Applicable,Rural Areas,Near School or College,Human Error,No,Fatal,Hit pedestrian,Controlled,Straight and flat,Others,Bitumen(Tar),Dry,Not Applicable,Fine,Soukya Road,Bachpan School,60ft,12.993543,77.8040149,0,0,0.0,0.0
Bengaluru Dist,Thirumalashettahalli PS,1.04422e+16,2019,1,1,Road Accidents,Junction,Rural Areas,Open area,Human Error,No,Simple Injury,Hit pedestrian,Uncontrolled,Others,Others,Bitumen(Tar),Others,Not Applicable,Fine,Other Road,ITD Company,05 Km,12.99425,77.79847,0,1,0.0,1.0
Bengaluru Dist,Thirumalashettahalli PS,1.04422e+16,2019,1,3,Road Accidents,Circle,Rural Areas,Near a factory industrial area,Not Applicable,No,Simple Injury,Vehicle to Vehicle,Uncontrolled,Others,Others,Bitumen(Tar),Dry,Not Applicable,Clear,Other Road,Near FSC Company,03 Km,12.989333,77.813009,0,0,0.0,0.0
Bengaluru Dist,Thirumalashettahalli PS,1.04422e+16,2019,1,2,Not Applicable,Narrow road,Rural Areas,Open area,Not Applicable,No,Fatal,Vehicle to Vehicle,Not at  Junction,Slight Curve,NH,Not Applicable,Dry,No influence on accident,Fine,Ts hallli to chikkatirupathi road,tar road,25 fee,13.007839,77.7849049,0,0,0.0,0.0
Bengaluru Dist,Thirumalashettahalli PS,1.04422e+16,2019,1,2,Not Applicable,Cross roads,Not Applicable,Open area,Not Applicable,No,Simple Injury,Others,Uncontrolled,Curve,Others,Bitumen(Tar),Others,Not Applicable,Others,Rural road,Electricity Pole,20 Fee,13.012939,77.82492,0,1,0.0,1.0
Bengaluru Dist,Thirumalashettahalli PS,1.04422e+16,2019,1,2,Road Accidents,Offset,Rural Areas,Open area,Not Applicable,No,Grievous Injury,Vehicle to Vehicle,Uncontrolled,Slight Curve,Others,Bitumen(Tar),Dry,Not Applicable,Clear,Other Road,Near Church,03 Km,12.985895,77.817865,0,0,0.0,0.0
Bengaluru Dist,Thirumalashettahalli PS,1.04422e+16,2019,1,2,Road Accidents,Not Applicable,Rural Areas,Open area,Not Applicable,Not Applicable,Damage Only,Vehicle to Vehicle,Uncontrolled,Others,Others,Bitumen(Tar),Dry,Not Applicable,Clear,Rural road,Near Vyjaga Steel Company,02 Km,12.994437,77.802642,0,0,0.0,0.0
Bengaluru Dist,Thirumalashettahalli PS,1.04422e+16,2019,1,2,Road Accidents,Narrow road,Rural Areas,Open area,Not Applicable,No,Grievous Injury,Vehicle to Vehicle,Uncontrolled,Others,Major District Road,Bitumen(Tar),Dry,No influence on accident,Fine,Other Road,Near Daskin Pinakini Brigde,01 Km,12.984839,77.776238,0,0,0.0,0.0
Bengaluru Dist,Thirumalashettahalli PS,1.04422e+16,2019,1,1,Road Accidents,Cross roads,Rural Areas,Open area,Not Applicable,No,Simple Injury,Not Applicable,Uncontrolled,Curve,Others,Bitumen(Tar),Dry,No influence on accident,Clear,Other Road,Near Ganagalu Village Tar Road,10 Km,13.047078,77.825626,0,0,0.0,0.0
Bengaluru Dist,Thirumalashettahalli PS,1.04422e+16,2019,1,1,Road Accidents,Not Applicable,Rural Areas,Open area,Not Applicable,No,Fatal,Hit pedestrian,Uncontrolled,Straight and flat,NH,Bitumen(Tar),Dry,Not Applicable,Fine,NH 648,near electric fole,12 fee,12.980193,77.8017999,0,0,0.0,0.0
Bengaluru Dist,Thirumalashettahalli PS,1.04422e+16,2019,1,2,Road Accidents,Narrow road,Rural Areas,Near or inside a village,Not Applicable,Yes,Grievous Injury,Vehicle to Vehicle,Uncontrolled,Curve,Others,Bitumen(Tar),Dry,Not Applicable,Clear,Other Road,Near Altapa Husen House,18 Km,13.029248,77.884611,0,0,0.0,0.0
Bengaluru Dist,Thirumalashettahalli PS,1.04422e+16,2019,1,2,Road Accidents,Road hump or Rumble strips,Rural Areas,Residential area,Not Applicable,No,Grievous Injury,Not Applicable,Uncontrolled,Others,Village Road,Kutcha,Dry,Not Applicable,Fine,Other Road,Jayanna House,15 Km,13.028557,77.78929,0,0,4.0,4.0
Bengaluru Dist,Thirumalashettahalli PS,1.04422e+16,2019,1,2,Road Accidents,Not Applicable,Rural Areas,Near a factory industrial area,Human Error,Not Applicable,Not Applicable,Vehicle to Vehicle,Not Applicable,Straight and flat,Others,Bitumen(Tar),Not Applicable,Not Applicable,Clear,Bituminus tar road,Elecricity pole,35 fee,12.993429,77.804477,0,0,0.0,0.0
Bengaluru Dist,Thirumalashettahalli PS,1.04422e+16,2019,1,2,Rail Road Accidents,Curves,Rural Areas,Near or inside a village,Human Error,No,Grievous Injury,Others,Uncontrolled,Curve,Village Road,Bitumen(Tar),Others,Not Applicable,Clear,NH 648  ROAD,Electricity pole,30 FEE,12.978367,77.8059789,0,1,0.0,1.0
Bengaluru Dist,Thirumalashettahalli PS,1.04422e+16,2019,1,2,Road Accidents,Other,Rural Areas,Near Bus stop,Not Applicable,No,Grievous Injury,Others,Uncontrolled,Hump,NH,Bitumen(Tar),Dry,Not Applicable,Fine,NH-648,Near SLV Hotel,0.5 Km,12.985646,77.781599,0,0,0.0,0.0
Bengaluru Dist,Thirumalashettahalli PS,1.04422e+16,2019,1,2,Road Accidents,Offset,Rural Areas,Open area,Not Applicable,Yes,Grievous Injury,Vehicle to Vehicle,Uncontrolled,Others,NH,Bitumen(Tar),Dry,No influence on accident,Clear,NH -648,Near Sai Puncher Shop,04 Km,12.980275,77.800863,0,0,0.0,0.0
Bengaluru Dist,Thirumalashettahalli PS,1.04422e+16,2019,1,2,Road Accidents,Not Applicable,Rural Areas,Open area,Not Applicable,No,Grievous Injury,Hit bicyclist,Controlled,Others,Others,Bitumen(Tar),Dry,Not Applicable,Clear,Other Road,Near Maregowda Land,05 Km,13.008507,77.800155,0,0,0.0,0.0
Bengaluru Dist,Thirumalashettahalli PS,1.04422e+16,2019,1,2,Road Accidents,Not Applicable,Rural Areas,Open area,Human Error,No,Fatal,Vehicle to Vehicle,Uncontrolled,Straight and flat,Others,Bitumen(Tar),Dry,No influence on accident,Fine,Soukya Road,Electric pole,100 mt,12.991062,77.790381,0,0,0.0,0.0
Bengaluru Dist,Thirumalashettahalli PS,1.04422e+16,2019,1,2,Road Accidents,Narrow road,Rural Areas,Near or inside a village,Not Applicable,Yes,Grievous Injury,Vehicle to Vehicle,Uncontrolled,Curve,Others,Bitumen(Tar),Dry,Not Applicable,Clear,Other Road,Near Thindlu Village,15 Km,12.990092,77.865862,0,0,0.0,0.0
Bengaluru Dist,Thirumalashettahalli PS,1.04422e+16,2019,1,1,Road Accidents,Circle,Rural Areas,Residential area,Not Applicable,No,Grievous Injury,Hit pedestrian,Controlled,Others,NH,Bitumen(Tar),Dry,Not Applicable,Fine,Other Road,Near Krishnappa House,04 Km,12.978775,77.802966,0,0,0.0,0.0
Bengaluru Dist,Thirumalashettahalli PS,1.04422e+16,2019,1,1,Not Applicable,Narrow road,Rural Areas,Residential area,Not Applicable,No,Simple Injury,Hit pedestrian,Uncontrolled,Curve,NH,Bitumen(Tar),Dry,Not Applicable,Others,NH -648,Near Chikkanna Lande,01 Km,12.985528,77.781751,0,0,0.0,0.0
Bengaluru Dist,Thirumalashettahalli PS,1.04422e+16,2019,1,2,Road Accidents,Not Applicable,Rural Areas,Open area,Not Applicable,Not Applicable,Fatal,Vehicle to Vehicle,Uncontrolled,Straight and flat,NH,Bitumen(Tar),Others,Not Applicable,Fine,NH 648,40 feet jayam ware house,10,12.999613,77.784931,0,1,0.0,1.0
Bengaluru Dist,Thirumalashettahalli PS,1.04422e+16,2019,1,2,Road Accidents,Narrow road,Rural Areas,Near or inside a village,Not Applicable,No,Grievous Injury,Vehicle to Vehicle,Uncontrolled,Curve,NH,Bitumen(Tar),Dry,No influence on accident,Very Cold,NH,Near Krishnappa Land,3,13.028025,77.786897,0,0,0.0,0.0
Bengaluru Dist,Thirumalashettahalli PS,1.04422e+16,2019,1,1,Road Accidents,Road hump or Rumble strips,Rural Areas,Open area,Not Applicable,No,Grievous Injury,Hit pedestrian,Uncontrolled,Others,NH,Bitumen(Tar),Dry,Not Applicable,Fine,NH -648,Near Suguna Foods,08 Km,13.046763,77.784826,0,0,0.0,0.0
Bengaluru Dist,Thirumalashettahalli PS,1.04422e+16,2019,1,2,Road Accidents,Not Applicable,Rural Areas,Near or inside a village,Not Applicable,No,Simple Injury,Not Applicable,Uncontrolled,Others,Minor District Road,Bitumen(Tar),Dry,Not Applicable,Clear,Tar Road,One Elecrical Pole,32 fee,12.985289,77.777076,0,0,0.0,0.0
Bengaluru Dist,Thirumalashettahalli PS,1.04422e+16,2019,1,1,Road Accidents,Curves,Rural Areas,Residential area,Not Applicable,No,Grievous Injury,Hit pedestrian,Uncontrolled,Curve,NH,Bitumen(Tar),Dry,No influence on accident,Fine,NH-648,Near Chandrappa House,03 Km,12.978744,77.802938,0,0,0.0,0.0
Bengaluru Dist,Thirumalashettahalli PS,1.04422e+16,2020,1,2,Road Accidents,Not Applicable,Rural Areas,Near School or College,Not Applicable,No,Grievous Injury,Vehicle to Vehicle,Controlled,Straight and flat,One way,Bitumen(Tar),Dry,Not Applicable,Clear,Other Road,Near Bangaluru International School,01 Km,12.989245,77.781711,0,0,0.0,0.0
Bengaluru Dist,Thirumalashettahalli PS,1.04422e+16,2020,1,2,Road Accidents,Curves,Rural Areas,Open area,Not Applicable,No,Grievous Injury,Vehicle to Vehicle,Uncontrolled,Others,NH,Bitumen(Tar),Dry,Not Applicable,Fine,NH -648,Near Patalamma Temple,03 Km,12.978764,77.802929,0,0,0.0,0.0
Bengaluru Dist,Thirumalashettahalli PS,1.04422e+16,2020,1,2,Road Accidents,Not Applicable,Rural Areas,Open area,Human Error,Yes,Fatal,Vehicle to Vehicle,Uncontrolled,Others,NH,Bitumen(Tar),Others,Not Applicable,Cloudy,NH 648 Road,Near Shree Krishna pravishion store,2 km,12.98202,77.7867349,0,1,0.0,1.0
Bengaluru Dist,Thirumalashettahalli PS,1.04422e+16,2020,1,1,Road Accidents,Narrow road,Rural Areas,Near School or College,Human Error,Not Applicable,Grievous Injury,Hit pedestrian,Uncontrolled,Others,One way,Bitumen(Tar),Dry,Not Applicable,Clear,tar road,one private shop,40 fee,12.98905,77.781654,0,0,0.0,0.0
Bengaluru Dist,Thirumalashettahalli PS,1.04422e+16,2020,1,2,Road Accidents,Cross roads,Rural Areas,Open area,Not Applicable,No,Grievous Injury,Vehicle to Vehicle,Uncontrolled,Sharp Curve,Others,Bitumen(Tar),Dry,Not Applicable,Fine,Rural road,Near Balaramareddy House,04 Km,13.008066,77.784458,0,0,0.0,0.0
Bengaluru Dist,Thirumalashettahalli PS,1.04422e+16,2020,1,2,Road Accidents,Narrow road,Rural Areas,Near or inside a village,Human Error,Not Applicable,Damage Only,Vehicle to Vehicle,Uncontrolled,Others,Two way,Bitumen(Tar),Dry,Not Applicable,Clear,Tar Road,Near Railway Gate,20 fee,12.995589,77.783751,0,0,0.0,0.0
Bengaluru Dist,Thirumalashettahalli PS,1.04422e+16,2020,1,2,Road Accidents,Cross roads,Rural Areas,Near a religious place,Not Applicable,Yes,Grievous Injury,Vehicle to Vehicle,No signal lights,Curve,Others,Bitumen(Tar),Dry,No influence on accident,Clear,Other Road,Near Banashankari Temple,04 Km,12.973756,77.792853,0,0,0.0,0.0
Bengaluru Dist,Thirumalashettahalli PS,1.04422e+16,2020,1,2,Road Accidents,Curves,Rural Areas,Near School or College,Not Applicable,No,Grievous Injury,Vehicle to Vehicle,Stop Sign,Curve,NH,Bitumen(Tar),Dry,No influence on accident,Clear,NH-648,Near Bus Stop,0.5 Km,12.985246,77.781928,0,0,0.0,0.0
Bengaluru Dist,Thirumalashettahalli PS,1.04422e+16,2020,1,2,Road Accidents,Curves,Rural Areas,Near a factory industrial area,Not Applicable,No,Grievous Injury,Vehicle to Vehicle,Uncontrolled,Incline,NH,Bitumen(Tar),Dry,No influence on accident,Clear,Near Nagendra Shop,Near Nagendra Shop,04 Km,13.003108,77.784867,0,0,0.0,0.0
Bengaluru Dist,Thirumalashettahalli PS,1.04422e+16,2020,1,1,Road Accidents,Not Applicable,Rural Areas,Residential area,Not Applicable,No,Fatal,Hit pedestrian,Not Applicable,Not Applicable,NH,Not Applicable,Not Applicable,No influence on accident,Others,Nh-648,Nera suresh hotel,50Mrt,12.98108,77.787981,0,0,0.0,0.0
Bengaluru Dist,Thirumalashettahalli PS,1.04422e+16,2020,1,2,Road Accidents,Not Applicable,Rural Areas,Near Petrol Pump,Human Error,Yes,Damage Only,Vehicle to Vehicle,Uncontrolled,Others,Others,Not Applicable,Others,Not Applicable,Cloudy,SOUKYA ROAD,NEAR PETROL BUNK,1KM,12.994574,77.80012,0,1,0.0,1.0
Bengaluru Dist,Thirumalashettahalli PS,1.04422e+16,2020,1,2,Road Accidents,Not Applicable,Rural Areas,Open area,Not Applicable,Yes,Fatal,Vehicle to Vehicle,Uncontrolled,Others,Others,Bitumen(Tar),Dry,No influence on accident,Clear,Other Road,Near Krishnappa Land,01 Km,12.985411,77.777085,0,0,0.0,0.0
Bengaluru Dist,Thirumalashettahalli PS,1.04422e+16,2020,1,2,Road Accidents,Not Applicable,Rural Areas,Open area,Not Applicable,No,Grievous Injury,Vehicle to Vehicle,Uncontrolled,Straight and flat,NH,Bitumen(Tar),Dry,No influence on accident,Fine,NH -648,Near Ficus Fax Company,01 Km,12.998651,77.784545,0,0,0.0,0.0
Bengaluru Dist,Thirumalashettahalli PS,1.04422e+16,2020,1,2,Road Accidents,Cross roads,Rural Areas,Open area,Not Applicable,No,Simple Injury,Vehicle to Vehicle,Uncontrolled,Others,NH,Bitumen(Tar),Others,No influence on accident,Clear,NH-648,Near Manjunath Building,2,12.983359,77.78372,0,1,0.0,1.0
Bengaluru Dist,Thirumalashettahalli PS,1.04422e+16,2020,1,2,Road Accidents,Narrow road,Rural Areas,Near Bus stop,Not Applicable,No,Grievous Injury,Vehicle to Vehicle,Uncontrolled,Others,NH,Bitumen(Tar),Dry,Not Applicable,Clear,N H 648 Road,Sarkar guttahalli Village Board,25Feet,13.045303,77.78938,0,0,0.0,0.0
Bengaluru Dist,Thirumalashettahalli PS,1.04422e+16,2020,1,2,Road Accidents,Cross roads,Rural Areas,Open area,Not Applicable,Yes,Grievous Injury,Vehicle to Vehicle,Uncontrolled,Straight and flat,Others,Bitumen(Tar),Dry,Not Applicable,Fine,Other Road,Near J R Layout,12 Km,13.033151,77.821189,0,0,0.0,0.0
Bengaluru Dist,Thirumalashettahalli PS,1.04422e+16,2020,1,2,Road Accidents,Railway crossing,Rural Areas,Open area,Not Applicable,No,Damage Only,Vehicle to Vehicle,Controlled,Straight and flat,NH,Bitumen(Tar),Dry,No influence on accident,Clear,NH -648,Near Railway Gate,03 Km,12.990858,77.8183019,0,0,0.0,0.0
Bengaluru Dist,Thirumalashettahalli PS,1.04422e+16,2020,1,1,Road Accidents,Road hump or Rumble strips,Rural Areas,Open area,Human Error,Not Applicable,Fatal,Not Applicable,Uncontrolled,Hump,NH,Bitumen(Tar),Dry,Not Applicable,Cloudy,NH 648 ROAD,NEAR MALLIKARJUN TRADERS,03 KM,13.010117,77.784834,0,0,0.0,0.0
Bengaluru Dist,Thirumalashettahalli PS,1.04422e+16,2020,1,2,Road Accidents,Narrow road,Rural Areas,Residential area,Not Applicable,Yes,Simple Injury,Vehicle to Vehicle,Controlled,Not Applicable,Others,Concrete,Wet,Not Applicable,Clear,Others Road,Near Kempanna Building,500 M,12.987599,77.781828,0,3,0.0,3.0
Bengaluru Dist,Thirumalashettahalli PS,1.04422e+16,2020,1,2,Road Accidents,Not Applicable,Rural Areas,Open area,Not Applicable,No,Grievous Injury,Vehicle to Vehicle,Uncontrolled,Incline,Others,Bitumen(Tar),Dry,No influence on accident,Clear,Other Road,Near Pol,12 Km,13.008641,77.86815,0,0,0.0,0.0
Bengaluru Dist,Thirumalashettahalli PS,1.04422e+16,2020,1,2,Road Accidents,Cross roads,Rural Areas,Open area,Human Error,Not Applicable,Grievous Injury,Vehicle to Vehicle,Uncontrolled,Curve,NH,Bitumen(Tar),Dry,Not Applicable,Clear,NH648,Near vidyavana college,05 km,12.985285,77.777256,0,0,0.0,0.0
Bengaluru Dist,Thirumalashettahalli PS,1.04422e+16,2020,1,1,Road Accidents,Not Applicable,Rural Areas,Open area,Not Applicable,No,Fatal,Hit pedestrian,Not Applicable,Slight Curve,NH,Bitumen(Tar),Dry,Not Applicable,Clear,NH648,towords North from accident place40 ft double Electric pole,40 ft,12.983074,77.7844109,0,0,0.0,0.0
Bengaluru Dist,Thirumalashettahalli PS,1.04422e+16,2020,1,1,Road Accidents,Cross roads,Rural Areas,Near Petrol Pump,Not Applicable,No,Grievous Injury,Not Applicable,Uncontrolled,Others,Others,Bitumen(Tar),Dry,Not Applicable,Clear,Others Road,Bharath Petrol Bunk,04 Km,12.994234,77.802932,0,0,0.0,0.0
Bengaluru Dist,Thirumalashettahalli PS,1.04422e+16,2020,1,2,Road Accidents,Not Applicable,Rural Areas,Open area,Human Error,No,Fatal,Vehicle to Vehicle,Not at  Junction,Straight and flat,NH,Bitumen(Tar),Dry,No influence on accident,Fine,NH Road,Doble Electric Pole,40Ft,12.981984,77.786739,0,0,0.0,0.0
Bengaluru Dist,Thirumalashettahalli PS,1.04422e+16,2020,1,1,Road Accidents,Narrow road,Rural Areas,Open area,Not Applicable,No,Grievous Injury,Not Applicable,Uncontrolled,Straight and flat,Others,Bitumen(Tar),Dry,Not Applicable,Fine,Other Road,Makanahalli Village Muniyappa Land,12 Km,13.012934,77.824958,0,0,0.0,0.0
Bengaluru Dist,Thirumalashettahalli PS,1.04422e+16,2021,1,2,Road Accidents,Circle,Rural Areas,Near Bus stop,Not Applicable,Yes,Simple Injury,Vehicle to Vehicle,Uncontrolled,Hump,NH,Bitumen(Tar),Dry,Not Applicable,Clear,NH-648,Near Nandini Parlour,0.5 Km,12.978471,77.803618,0,0,0.0,0.0
Bengaluru Dist,Thirumalashettahalli PS,1.04422e+16,2021,1,2,Road Accidents,Narrow road,Rural Areas,Open area,Human Error,Yes,Grievous Injury,Vehicle to Vehicle,Uncontrolled,Others,Others,Bitumen(Tar),Dry,Not Applicable,Clear,Bomanabande-Khajihosahalli ROad,Near Khajihosahalli,15 km,13.009803,77.869129,0,0,0.0,0.0
Bengaluru Dist,Thirumalashettahalli PS,1.04422e+16,2021,1,2,Not Applicable,Not Applicable,Rural Areas,Open area,Human Error,Not Applicable,Grievous Injury,Vehicle to Vehicle,Uncontrolled,Others,Others,Bitumen(Tar),Others,Not Applicable,Others,T.S Halli NH-648 Road,Near Chikkanna Buillding Ts halli,0.2,12.980356,77.789358,0,1,0.0,1.0
Bengaluru Dist,Thirumalashettahalli PS,1.04422e+16,2021,1,2,Road Accidents,Narrow road,Rural Areas,Residential area,Human Error,Yes,Grievous Injury,Vehicle to Vehicle,Controlled,Others,Others,Not Applicable,Dry,Not Applicable,Cloudy,Samethanahalli Lake,Near Samethan Lake prant apartment,0.3 km,12.995054,77.783492,0,0,0.0,0.0
Bengaluru Dist,Thirumalashettahalli PS,1.04422e+16,2021,1,2,Not Applicable,Not Applicable,Rural Areas,Open area,Not Applicable,No,Fatal,Vehicle to Vehicle,Not Applicable,Others,Others,Not Applicable,Others,Not Applicable,Fine,Soukhya Road,Soukhya Hospital Road,2 KM,13.002177,77.797229,0,1,0.0,1.0
Bengaluru Dist,Thirumalashettahalli PS,1.04422e+16,2021,1,2,Road Accidents,Narrow road,Rural Areas,Open area,Human Error,Yes,Fatal,Vehicle to Vehicle,Not Applicable,Not Applicable,NH,Not Applicable,Dry,Not Applicable,Fine,NH-648 Samethanahalli Village,Samethanhalli,1.5 km,13.027357,77.848147,0,0,0.0,0.0
Bengaluru Dist,Thirumalashettahalli PS,1.04422e+16,2021,1,3,Not Applicable,Narrow road,Rural Areas,Near Petrol Pump,Human Error,No,Fatal,Vehicle to Vehicle,Not at  Junction,Straight and flat,Minor District Road,Bitumen(Tar),Dry,Not Applicable,Clear,Soukya Road,Electrical pole,13feet,13.003939,77.79411,0,0,0.0,0.0
Bengaluru Dist,Thirumalashettahalli PS,1.04422e+16,2021,1,2,Road Accidents,Not Applicable,Rural Areas,Near a factory industrial area,Not Applicable,No,Grievous Injury,Vehicle to Vehicle,Uncontrolled,Straight and flat,Others,Bitumen(Tar),Dry,Not Applicable,Clear,Others,Near BGR Layout,01 Km,12.986912,77.8161569,0,0,0.0,0.0
Bengaluru Dist,Thirumalashettahalli PS,1.04422e+16,2021,1,1,Not Applicable,Not Applicable,Rural Areas,Near a factory industrial area,Human Error,No,Fatal,Hit pedestrian,Not Applicable,Not Applicable,Others,Concrete,Not Applicable,Not Applicable,Not Applicable,Grofrs company,Grofrs company,02k m,12.98379,77.823881,0,0,0.0,0.0
Bengaluru Dist,Thirumalashettahalli PS,1.04422e+16,2021,1,2,Road Accidents,Not Applicable,Rural Areas,Open area,Human Error,No,Grievous Injury,Vehicle to Vehicle,Controlled,Others,One way,Bitumen(Tar),Dry,Not Applicable,Fine,Other Road,Soukhya Road,0.5,12.992488,77.806603,0,0,0.0,0.0
Bengaluru Dist,Thirumalashettahalli PS,1.04422e+16,2021,1,2,Road Accidents,Not Applicable,Rural Areas,Open area,Human Error,Not Applicable,Damage Only,Vehicle to Vehicle,Uncontrolled,Others,Others,Bitumen(Tar),Others,Not Applicable,Clear,Ayur Village Cross Road,Ayur Village,0.2mts,12.968663,77.789632,0,1,0.0,1.0