DISTRICTNAME,UNITNAME,Crime_No,Year,RI,Noofvehicle_involved,Accident_Classification,Accident_Spot,Accident_Location,Accident_SubLocation,Main_Cause,Hit_Run,Severity,Collision_Type,Junction_Control,Road_Character,Road_Type,Surface_Type,Surface_Condition,Road_Condition,Weather,Accident_Road,Landmark_first,Distance_LandMark_First,Latitude,Longitude,Road_Condition_Score,Surface_Condition_Score,Surface_Type_Score,Road_Risk_Index
Bengaluru Dist,Thirumalashettahalli PS,1.04422e+16,2023,1,2,Road Accidents,Cross roads,Rural Areas,Residential area,Human Error,Yes,Damage Only,Vehicle to Vehicle,Controlled,Curve,NH,Bitumen(Tar),Dry,Not Applicable,Clear,NH,Thirumalashettihalli,0.5,12.983719,77.78318,0,0,0.0,0.0
Bengaluru Dist,Thirumalashettahalli PS,1.04422e+16,2023,1,2,Road Accidents,Narrow road,Rural Areas,Open area,Human Error,Not Applicable,Fatal,Vehicle to Vehicle,Not Applicable,Not Applicable,NH,Bitumen(Tar),Dry,Not Applicable,Clear,NH 648,ACC Cocrete Mixer Company Near Bodhanahosahalli,03 Km,0.0,0.0,0,0,0.0,0.0
Bengaluru Dist,Thirumalashettahalli PS,1.04422e+16,2023,1,2,Road Accidents,Narrow road,Rural Areas,Open area,Not Applicable,No,Grievous Injury,Hit bicyclist,Not Applicable,Not Applicable,Not Applicable,Bitumen(Tar),Dry,Not Applicable,Clear,Jinnagara Road,Jinnagara Village Jadigenahalli Hobali,07 Km,13.0325,77.821771,0,0,0.0,0.0
Bengaluru Dist,Thirumalashettahalli PS,1.04422e+16,2023,1,2,Road Accidents,Narrow road,Rural Areas,Open area,Human Error,Not Applicable,Grievous Injury,Vehicle to Vehicle,Uncontrolled,Straight and flat,NH,Bitumen(Tar),Dry,Not Applicable,Clear,"Hosakote -T.S.Halli NH648 Road, Near Doddagattiganabbe gate",Near Doddagattiganabbe Gate,5km,0.0,0.0,0,0,0.0,0.0
Bengaluru Dist,Thirumalashettahalli PS,1.04422e+16,2023,1,1,Road Accidents,Circle,Rural Areas,Near or inside a village,Not Applicable,Not Applicable,Grievous Injury,Not Applicable,Not Applicable,Hump,Others,Not Applicable,Dry,Not Applicable,Clear,Near Veeranna House Makanahalli-doddadasarahalli Road Makanahalli,Near Veeranna House Makanahalli,0.5 Km,12.986378,77.631896,0,0,0.0,0.0
Bengaluru Dist,Thyamagondlu PS,1.0442e+16,2016,1,2,Road Accidents,Other,Rural Areas,Open area,Human Error,No,Grievous Injury,Not Applicable,Not Applicable,Others,Village Road,Not Applicable,Others,Not Applicable,Not Applicable,OTHER ROAD,MUNIYAMMA LAND,10,0.0,0.0,0,1,0.0,1.0
Bengaluru Dist,Thyamagondlu PS,1.0442e+16,2016,1,2,Road Accidents,Curves,Rural Areas,Near or inside a village,Human Error,No,Grievous Injury,Others,Uncontrolled,Curve,Village Road,Not Applicable,Dry,Not Applicable,Others,OTHER ROAD,NEAR VILLAGE,10 KM,0.0,0.0,0,0,0.0,0.0
Bengaluru Dist,Thyamagondlu PS,1.0442e+16,2016,1,2,Road Accidents,Circle,Rural Areas,Near Petrol Pump,Human Error,Yes,Fatal,Hit and Run,Not at  Junction,Not Applicable,NH,Bitumen(Tar),Dry,Not Applicable,Others,NH 4 ROAD,PRINCE HOTEL,6 KM,0.0,0.0,0,0,0.0,0.0
Bengaluru Dist,Thyamagondlu PS,1.0442e+16,2016,1,2,Road Accidents,Other,Rural Areas,Open area,Human Error,No,Grievous Injury,Others,Not Applicable,Others,NH,Bitumen(Tar),Dry,Not Applicable,Others,NH207,NEAR NAGARAJU VILALGE,8 KM,0.0,0.0,0,0,0.0,0.0
Bengaluru Dist,Thyamagondlu PS,1.0442e+16,2016,1,2,Road Accidents,Narrow road,Rural Areas,Near a factory industrial area,Human Error,No,Grievous Injury,Others,Not Applicable,Others,NH,Bitumen(Tar),Dry,Not Applicable,Others,NH207,NEAR INDUSRITAL ARES,10KM,0.0,0.0,0,0,0.0,0.0
Bengaluru Dist,Thyamagondlu PS,1.0442e+16,2016,1,2,Road Accidents,Curves,Rural Areas,Open area,Human Error,No,Fatal,Not Applicable,Uncontrolled,Curve,Village Road,Bitumen(Tar),Dry,Not Applicable,Not Applicable,OTHER ROAD,NEAR VILLAGE,1 KM,0.0,0.0,0,0,0.0,0.0
Bengaluru Dist,Thyamagondlu PS,1.0442e+16,2016,1,1,Road Accidents,Other,Rural Areas,Residential area,Human Error,No,Fatal,Others,Not Applicable,Others,Others,Bitumen(Tar),Dry,Not Applicable,Others,OTHER ROAD,NEAR HOUSE,12,0.0,0.0,0,0,0.0,0.0
Bengaluru Dist,Thyamagondlu PS,1.0442e+16,2016,1,2,Road Accidents,Narrow road,Rural Areas,Open area,Human Error,No,Grievous Injury,Others,Not Applicable,Others,NH,Bitumen(Tar),Dry,Not Applicable,Others,NH4,NEAR PRINCE DABA,10KM,0.0,0.0,0,0,0.0,0.0
Bengaluru Dist,Thyamagondlu PS,1.0442e+16,2016,1,1,Road Accidents,Curves,Rural Areas,Open area,Human Error,Yes,Fatal,Hit and Run,Not Applicable,Not Applicable,Two way,Bitumen(Tar),Dry,Not Applicable,Fine,"T BEGURU-THYAMAGONDLU ROAD,",KIRLOSKAR FATORY,8 KM,0.0,0.0,0,0,0.0,0.0
Bengaluru Dist,Thyamagondlu PS,1.0442e+16,2016,1,2,Road Accidents,Narrow road,Rural Areas,Near or inside a village,Human Error,Yes,Fatal,Hit and Run,Not Applicable,Others,NH,Bitumen(Tar),Dry,Not Applicable,Fine,NH 4 ROAD,PRINCE HOTEL,7 KM,0.0,0.0,0,0,0.0,0.0
Bengaluru Dist,Thyamagondlu PS,1.0442e+16,2016,1,2,Road Accidents,Narrow road,Rural Areas,Near or inside a village,Human Error,No,Damage Only,Others,Uncontrolled,Not Applicable,NH,Not Applicable,Not Applicable,Not Applicable,Not Applicable,NH04,VENKATESH LAND,9,0.0,0.0,0,0,0.0,0.0
Bengaluru Dist,Thyamagondlu PS,1.0442e+16,2016,1,2,Road Accidents,Narrow road,Rural Areas,Open area,Human Error,No,Simple Injury,Others,Not Applicable,Not Applicable,Others,Bitumen(Tar),Dry,Not Applicable,Fine,OTHER ROAD,NEAR SHOPS,3 KM,0.0,0.0,0,0,0.0,0.0
Bengaluru Dist,Thyamagondlu PS,1.0442e+16,2016,1,2,Road Accidents,Narrow road,Rural Areas,Near School or College,Human Error,No,Fatal,Others,Not Applicable,Others,Others,Bitumen(Tar),Dry,Not Applicable,Fine,OTHER ROAD,NEAR DIGREE COLLAGE,1 KM,0.0,0.0,0,0,0.0,0.0
Bengaluru Dist,Thyamagondlu PS,1.0442e+16,2016,1,1,Not Applicable,Other,Rural Areas,Open area,Human Error,Not Applicable,Grievous Injury,Others,Not Applicable,Not Applicable,Others,Not Applicable,Dry,Not Applicable,Others,OTHER,NEAR BUS STOP,10 KM,0.0,0.0,0,0,0.0,0.0
Bengaluru Dist,Thyamagondlu PS,1.0442e+16,2016,1,1,Road Accidents,Other,Villages settlement,Near Hospital,Human Error,Not Applicable,Grievous Injury,Hit pedestrian,Not Applicable,Not Applicable,Village Road,Bitumen(Tar),Dry,Not Applicable,Others,VILLAGE ROAD,NEAR HOSPITAL,10 KM,0.0,0.0,0,0,0.0,0.0
Bengaluru Dist,Thyamagondlu PS,1.0442e+16,2016,1,2,Road Accidents,Narrow road,Rural Areas,Near a factory industrial area,Human Error,Not Applicable,Fatal,Others,Not Applicable,Others,NH,Bitumen(Tar),Others,Not Applicable,Others,NH207,NEAR INDUSRITAL ARES,10 KM,0.0,0.0,0,1,0.0,1.0
Bengaluru Dist,Thyamagondlu PS,1.0442e+16,2016,1,1,Road Accidents,Cross roads,Rural Areas,Near or inside a village,Human Error,Yes,Fatal,Hit and Run,Not Applicable,Curve,Others,Bitumen(Tar),Dry,Not Applicable,Very Cold,DODDABELE ROAD,THATHAPPANAGORI,3 KM,0.0,0.0,0,0,0.0,0.0
Bengaluru Dist,Thyamagondlu PS,1.0442e+16,2016,1,1,Not Applicable,Other,Rural Areas,Open area,Human Error,No,Simple Injury,Others,Not Applicable,Not Applicable,Others,Bitumen(Tar),Dry,Not Applicable,Others,OTHER ROAD,NEAR KATTALE BORE,8 KM,0.0,0.0,0,0,0.0,0.0
Bengaluru Dist,Thyamagondlu PS,1.0442e+16,2016,1,2,Road Accidents,Cross roads,Rural Areas,Near or inside a village,Human Error,No,Grievous Injury,Others,Not Applicable,Others,Others,Bitumen(Tar),Dry,Not Applicable,Fine,GULAPURA ROAD,LAKE,7 KM,0.0,0.0,0,0,0.0,0.0
Bengaluru Dist,Thyamagondlu PS,1.0442e+16,2016,1,1,Not Applicable,Narrow road,Rural Areas,Residential area,Vehicle Defect,No,Damage Only,Others,Not Applicable,Not Applicable,NH,Bitumen(Tar),Dry,Not Applicable,Not Applicable,NH04,NEAR VILLAGE,6,0.0,0.0,0,0,0.0,0.0
Bengaluru Dist,Thyamagondlu PS,1.0442e+16,2016,1,2,Road Accidents,Other,Rural Areas,Open area,Human Error,No,Grievous Injury,Others,Not Applicable,Others,NH,Bitumen(Tar),Dry,Not Applicable,Others,NH207,NEAR CHALUKYA KANCRIT FACTORY,8 KM,0.0,0.0,0,0,0.0,0.0
Bengaluru Dist,Thyamagondlu PS,1.0442e+16,2016,1,2,Road Accidents,Cross roads,Rural Areas,Near or inside a village,Human Error,Yes,Simple Injury,Not Applicable,Not Applicable,Not Applicable,Others,Bitumen(Tar),Dry,Not Applicable,Others,HASIRUVALLI  ROAD,LAND,10 KM,0.0,0.0,0,0,0.0,0.0
Bengaluru Dist,Thyamagondlu PS,1.0442e+16,2016,1,1,Road Accidents,Narrow road,Rural Areas,Open area,Human Error,No,Grievous Injury,Others,Not Applicable,Others,Two way,Not Applicable,Dry,Not Applicable,Others,OTHER ROAD,NEAR CHOWDESWARI TEMPLE,10 K.M,0.0,0.0,0,0,0.0,0.0
Bengaluru Dist,Thyamagondlu PS,1.0442e+16,2016,1,2,Road Accidents,Narrow road,Rural Areas,Near or inside a village,Human Error,Yes,Grievous Injury,Hit and Run,Not Applicable,Not Applicable,Others,Bitumen(Tar),Dry,Not Applicable,Not Applicable,THYAMAGONDLU-DODDABELE,LAND,8 KM,0.0,0.0,0,0,0.0,0.0
Bengaluru Dist,Thyamagondlu PS,1.0442e+16,2016,1,2,Road Accidents,Other,Villages settlement,Open area,Not Applicable,Yes,Not Applicable,Hit and Run,Not Applicable,Not Applicable,Others,Bitumen(Tar),Others,Not Applicable,Others,T.BEGURU-THYAMAGONDLU ROAD,land,5 km,0.0,0.0,0,1,0.0,1.0
Bengaluru Dist,Thyamagondlu PS,1.0442e+16,2016,1,2,Road Accidents,Other,Rural Areas,Near or inside a village,Human Error,No,Grievous Injury,Others,Not Applicable,Others,Others,Bitumen(Tar),Dry,Not Applicable,Others,OTHER ROAD,NEAR SHOP,1 KM,0.0,0.0,0,0,0.0,0.0
Bengaluru Dist,Thyamagondlu PS,1.0442e+16,2016,1,2,Road Accidents,Narrow road,Rural Areas,Near Petrol Pump,Human Error,No,Grievous Injury,Others,Not Applicable,Others,Others,Not Applicable,Dry,Not Applicable,Others,OTHER ROAD,NEAR town,1 KM,0.0,0.0,0,0,0.0,0.0
Bengaluru Dist,Thyamagondlu PS,1.0442e+16,2017,1,1,Road Accidents,Narrow road,Rural Areas,Open area,Human Error,Yes,Fatal,Hit and Run,Not Applicable,Not Applicable,NH,Bitumen(Tar),Dry,Not Applicable,Others,NH 207 ROAD,FOREST,6 km,0.0,0.0,0,0,0.0,0.0
Bengaluru Dist,Thyamagondlu PS,1.0442e+16,2017,1,2,Road Accidents,Cross roads,Rural Areas,Near or inside a village,Human Error,No,Fatal,Others,Not Applicable,Not Applicable,NH,Bitumen(Tar),Dry,Not Applicable,Others,"D.B.PURA-DABASPETE ROAD, NH 207 ROAD",RAILWAY GATE,6,0.0,0.0,0,0,0.0,0.0
Bengaluru Dist,Thyamagondlu PS,1.0442e+16,2017,1,1,Road Accidents,Narrow road,Rural Areas,Open area,Human Error,No,Damage Only,Others,Not Applicable,Not Applicable,NH,Bitumen(Tar),Dry,Not Applicable,Others,NH 207 ROAD,LAND,7 KM,0.0,0.0,0,0,0.0,0.0
Bengaluru Dist,Thyamagondlu PS,1.0442e+16,2017,1,2,Road Accidents,Narrow road,Rural Areas,Near or inside a village,Human Error,No,Fatal,Others,Not Applicable,Not Applicable,NH,Bitumen(Tar),Dry,Not Applicable,Not Applicable,NH 207 ROAD,MAKANAKUPPE GATE,6 KM,0.0,0.0,0,0,0.0,0.0
Bengaluru Dist,Thyamagondlu PS,1.0442e+16,2017,1,1,Rail Road Accidents,Cross roads,City/Town,Open area,Human Error,No,Grievous Injury,Run Off Road,Not Applicable,Not Applicable,Two way,Bitumen(Tar),Dry,Not Applicable,Not Applicable,"THYAMAGONDLU MUDDALINGANAHALLI ROAD,",TEMPLE,2 KM,0.0,0.0,0,0,0.0,0.0
Bengaluru Dist,Thyamagondlu PS,1.0442e+16,2017,1,1,Rail Road Accidents,Cross roads,Rural Areas,Open area,Not Applicable,No,Grievous Injury,Others,Not Applicable,Not Applicable,Others,Bitumen(Tar),Dry,Not Applicable,Others,HASIRUVALLI,FOREST,11 KM,0.0,0.0,0,0,0.0,0.0
Bengaluru Dist,Thyamagondlu PS,1.0442e+16,2017,1,1,Road Accidents,Not Applicable,City/Town,Residential area,Human Error,No,Not Applicable,Others,Not Applicable,Not Applicable,Others,Bitumen(Tar),Dry,Not Applicable,Others,AHASARABEEDI THYAMAGONDLU TOWN,AGASARABEEDI,1 KM,0.0,0.0,0,0,0.0,0.0
Bengaluru Dist,Thyamagondlu PS,1.0442e+16,2017,1,2,Rail Road Accidents,Cross roads,Rural Areas,Open area,Human Error,No,Simple Injury,Others,Not Applicable,Curve,Others,Bitumen(Tar),Dry,Not Applicable,Others,T BEGURU-THYAMAGONDLU ROAD,FACTORY,5,0.0,0.0,0,0,0.0,0.0
Bengaluru Dist,Thyamagondlu PS,1.0442e+16,2017,1,2,Road Accidents,Narrow road,Rural Areas,Open area,Human Error,No,Not Applicable,Not Applicable,Not Applicable,Not Applicable,NH,Bitumen(Tar),Dry,Not Applicable,Not Applicable,NH 207 ROAD,LAND,6 KM,0.0,0.0,0,0,0.0,0.0
Bengaluru Dist,Thyamagondlu PS,1.0442e+16,2017,1,2,Road Accidents,Not Applicable,Rural Areas,Open area,Human Error,No,Fatal,Others,Not Applicable,Not Applicable,NH,Bitumen(Tar),Dry,Not Applicable,Not Applicable,NH 207 ROAD,sathyanarayana wear house front,6 KM,0.0,0.0,0,0,0.0,0.0
Bengaluru Dist,Thyamagondlu PS,1.0442e+16,2017,1,1,Road Accidents,Circle,Rural Areas,Near or inside a village,Human Error,Yes,Grievous Injury,Hit and Run,Not Applicable,Not Applicable,Others,Bitumen(Tar),Dry,Not Applicable,Snow,"T BEGURU-THYAMAGONDLU ROAD,",SHOPS,2 KM,0.0,0.0,0,0,0.0,0.0
Bengaluru Dist,Thyamagondlu PS,1.0442e+16,2017,1,1,Not Applicable,Curves,Rural Areas,Near Petrol Pump,Human Error,No,Grievous Injury,Others,Not Applicable,Curve,Others,Bitumen(Tar),Dry,Not Applicable,Others,OTHER,NEAR VILLAGE,1/2 KM,0.0,0.0,0,0,0.0,0.0
Bengaluru Dist,Thyamagondlu PS,1.0442e+16,2017,1,2,Not Applicable,Cross roads,Rural Areas,Narrow bridge or culverts,Not Applicable,Not Applicable,Fatal,Not Applicable,Not Applicable,Others,Village Road,Bitumen(Tar),Not Applicable,Not Applicable,Not Applicable,village Road,Near Kere,1kms,0.0,0.0,0,0,0.0,0.0
Bengaluru Dist,Thyamagondlu PS,1.0442e+16,2017,1,2,Rail Road Accidents,Narrow road,Rural Areas,Open area,Human Error,No,Simple Injury,Others,Not Applicable,Not Applicable,NH,Bitumen(Tar),Dry,Not Applicable,Very Cold,"DOBASPETE-D.B.PURA ROAD NH 207 ROAD,",LAND,7,0.0,0.0,0,0,0.0,0.0
Bengaluru Dist,Thyamagondlu PS,1.0442e+16,2017,1,1,Road Accidents,Narrow road,Rural Areas,Near or inside a village,Human Error,No,Fatal,Others,Not at  Junction,Not Applicable,Others,Bitumen(Tar),Dry,Not Applicable,Others,KODIGEHALLI-OBALAPURA ROAD,LAND,7 KM,0.0,0.0,0,0,0.0,0.0
Bengaluru Dist,Thyamagondlu PS,1.0442e+16,2017,1,2,Road Accidents,Narrow road,City/Town,Near or inside a village,Human Error,No,Fatal,Others,Not Applicable,Not Applicable,Others,Bitumen(Tar),Dry,Not Applicable,Others,"T BEGURU-THYAMAGONDLU ROAD,",GADDEKHAN,2 KM,0.0,0.0,0,0,0.0,0.0
Bengaluru Dist,Thyamagondlu PS,1.0442e+16,2017,1,2,Rail Road Accidents,Curves,Rural Areas,Open area,Vehicle Defect,Yes,Grievous Injury,Hit and Run,Not at  Junction,Curve,Others,Bitumen(Tar),Dry,Not Applicable,Others,THYAMAGONDLU-DABASPETE ROAD,LAND,3 KM,0.0,0.0,0,0,0.0,0.0
Bengaluru Dist,Thyamagondlu PS,1.0442e+16,2017,1,2,Rail Road Accidents,Curves,Rural Areas,Open area,Human Error,No,Grievous Injury,Others,Not Applicable,Not Applicable,Others,Bitumen(Tar),Dry,Not Applicable,Others,T BEGURU-THYAMAGONDLU ROAD,NARASAPURA GATE,3 KM,0.0,0.0,0,0,0.0,0.0
Bengaluru Dist,Thyamagondlu PS,1.0442e+16,2017,1,2,Road Accidents,Narrow road,Rural Areas,Open area,Human Error,Yes,Grievous Injury,Hit and Run,Not Applicable,Not Applicable,NH,Bitumen(Tar),Dry,Not Applicable,Very Cold,NH 207 ROAD,LAND,7 KM,0.0,0.0,0,0,0.0,0.0
Bengaluru Dist,Thyamagondlu PS,1.0442e+16,2017,1,2,Road Accidents,Curves,City/Town,Residential area,Human Error,Yes,Fatal,Hit and Run,Not Applicable,Not Applicable,Others,Bitumen(Tar),Dry,Not Applicable,Others,"T BEGURU-THYAMAGONDLU ROAD,",LAND,1 KM,0.0,0.0,0,0,0.0,0.0
Bengaluru Dist,Thyamagondlu PS,1.0442e+16,2017,1,2,Road Accidents,Road hump or Rumble strips,City/Town,Near School or College,Human Error,No,Fatal,Others,Not at  Junction,Hump,Two way,Bitumen(Tar),Dry,Not Applicable,Fine,THYAMAGONDLU-MUDDALINGANAHALLI ROAD,COLLEGE,1 KM,0.0,0.0,0,0,0.0,0.0
Bengaluru Dist,Thyamagondlu PS,1.0442e+16,2017,1,1,Road Accidents,Narrow road,City/Town,Open area,Human Error,Yes,Fatal,Hit and Run,Not Applicable,Not Applicable,Others,Bitumen(Tar),Dry,Not Applicable,Others,THYAMAGONDLU-DOBASPETE ROAD,LAND,1 KM,0.0,0.0,0,0,0.0,0.0
Bengaluru Dist,Thyamagondlu PS,1.0442e+16,2017,1,1,Rail Road Accidents,Not Applicable,Rural Areas,Open area,Human Error,Yes,Grievous Injury,Hit and Run,Not at  Junction,Not Applicable,NH,Bitumen(Tar),Dry,Not Applicable,Others,"NH 207 ROAD, DABASPETE-D B PURA ROAD",AKSHARA SCHOOL MUDDALINGANAHALLI,6 KM,0.0,0.0,0,0,0.0,0.0
Bengaluru Dist,Thyamagondlu PS,1.0442e+16,2017,1,2,Rail Road Accidents,Curves,Rural Areas,Open area,Not Applicable,Yes,Grievous Injury,Hit and Run,Not Applicable,Curve,Others,Bitumen(Tar),Dry,Not Applicable,Others,THYAMAGONDLU-MUDDALINAGANAHALLI ROAD,TEMPLE,1 KM,0.0,0.0,0,0,0.0,0.0
Bengaluru Dist,Thyamagondlu PS,1.0442e+16,2017,1,2,Road Accidents,Not Applicable,Rural Areas,Open area,Human Error,Not Applicable,Damage Only,Others,Not Applicable,Curve,Others,Bitumen(Tar),Dry,Not Applicable,Very Cold,HASIRUVALLI,FOREST,10 KM,0.0,0.0,0,0,0.0,0.0
Bengaluru Dist,Thyamagondlu PS,1.0442e+16,2018,1,2,Road Accidents,Cross roads,Not Applicable,Near Bus stop,Human Error,Not Applicable,Simple Injury,Not Applicable,Not Applicable,Not Applicable,One way,Not Applicable,Not Applicable,Not Applicable,Not Applicable,OTHER,KIRLORSKR FOCTRY,2,0.0,0.0,0,0,0.0,0.0
Bengaluru Dist,Thyamagondlu PS,1.0442e+16,2018,1,2,Road Accidents,Curves,City/Town,Open area,Human Error,Not Applicable,Grievous Injury,Others,Not Applicable,Others,Two way,Bitumen(Tar),Dry,Not Applicable,Others,THYAMAGONDLU- DOBASPETE ROAD,LAND,1 KM,0.0,0.0,0,0,0.0,0.0
Bengaluru Dist,Thyamagondlu PS,1.0442e+16,2018,1,1,Road Accidents,Other,Rural Areas,Open area,Human Error,Yes,Simple Injury,Hit and Run,Not Applicable,Curve,One way,Not Applicable,Others,Not Applicable,Others,OTHER ROAD,NEAR BUSTAND,2 K.M,0.0,0.0,0,1,0.0,1.0
Bengaluru Dist,Thyamagondlu PS,1.0442e+16,2018,1,1,Road Accidents,Other,City/Town,Near a religious place,Human Error,Not Applicable,Grievous Injury,Others,Not Applicable,Straight and flat,One way,Bitumen(Tar),Dry,Not Applicable,Fine,THYAMAGONDLU-BIDALURU ROAD,JAGADEESH PRASAD HOUSE,0.5 KM,0.0,0.0,0,0,0.0,0.0
Bengaluru Dist,Thyamagondlu PS,1.0442e+16,2018,1,2,Road Accidents,Cross roads,Rural Areas,Near or inside a village,Human Error,No,Fatal,Head on,Not Applicable,Not Applicable,Village Road,Bitumen(Tar),Not Applicable,Not Applicable,Clear,village Road,0,3 km,0.0,0.0,0,0,0.0,0.0
Bengaluru Dist,Thyamagondlu PS,1.0442e+16,2018,1,2,Road Accidents,Not Applicable,Villages settlement,Near Petrol Pump,Human Error,No,Fatal,Hit bicyclist,Not Applicable,Not Applicable,Village Road,Bitumen(Tar),Not Applicable,Not Applicable,Clear,village Road,0,5km,0.0,0.0,0,0,0.0,0.0
Bengaluru Dist,Thyamagondlu PS,1.0442e+16,2018,1,1,Rail Road Accidents,Not Applicable,Rural Areas,Open area,Not Applicable,Yes,Grievous Injury,Others,Not Applicable,Others,Others,Bitumen(Tar),Dry,Not Applicable,Others,THYAMAGONDLU NELAMANGALA ROAD,HOUSE,4 KM,0.0,0.0,0,0,0.0,0.0
Bengaluru Dist,Thyamagondlu PS,1.0442e+16,2018,1,1,Road Accidents,Not Applicable,City/Town,Residential area,Human Error,No,Grievous Injury,Others,Not Applicable,Not Applicable,Others,Bitumen(Tar),Dry,Not Applicable,Others,MANNE -THYAMAGONDALU ROAD,LAND,7 KM,0.0,0.0,0,0,0.0,0.0
Bengaluru Dist,Thyamagondlu PS,1.0442e+16,2018,1,2,Road Accidents,Other,Rural Areas,Open area,Human Error,Not Applicable,Damage Only,Others,Not Applicable,Others,Village Road,Not Applicable,Dry,Not Applicable,Others,KALLURU CROSS NEARD,NEAR THYAMAGONDALU DODDABELE ROAD,5 KM,0.0,0.0,0,0,0.0,0.0
Bengaluru Dist,Thyamagondlu PS,1.0442e+16,2018,1,2,Road Accidents,Curves,Rural Areas,Near Petrol Pump,Human Error,Not Applicable,Grievous Injury,Not Applicable,Not Applicable,Curve,Not Applicable,Not Applicable,Dry,Not Applicable,Others,curves,VILLAGE,2 KM,0.0,0.0,0,0,0.0,0.0
Bengaluru Dist,Thyamagondlu PS,1.0442e+16,2018,1,1,Road Accidents,Other,Rural Areas,Residential area,Human Error,No,Grievous Injury,Hit pedestrian,Not Applicable,Others,Others,Not Applicable,Others,Not Applicable,Others,KODIHALLI KALALUGHATTA ROAD,NEAR BUSSTAND,1 KM,0.0,0.0,0,1,0.0,1.0
Bengaluru Dist,Thyamagondlu PS,1.0442e+16,2018,1,1,Road Accidents,Cross roads,City/Town,Residential area,Human Error,No,Not Applicable,Hit pedestrian,Not Applicable,Curve,City or Town Road,Bitumen(Tar),Dry,Not Applicable,Clear,T -BEGORU THYAMAGONDLU,SHREE RAMA KALYANA MANTAPA,0.5 KM,0.0,0.0,0,0,0.0,0.0
Bengaluru Dist,Thyamagondlu PS,1.0442e+16,2018,1,1,Road Accidents,Not Applicable,Rural Areas,Open area,Human Error,No,Fatal,Others,Not Applicable,Not Applicable,Village Road,Bitumen(Tar),Not Applicable,Not Applicable,Not Applicable,Thymagondlu-Nelamangala Road,Near Karehalli Cross,01 KM,0.0,0.0,0,0,0.0,0.0
Bengaluru Dist,Thyamagondlu PS,1.0442e+16,2018,1,2,Road Accidents,Curves,Rural Areas,Residential area,Human Error,Not Applicable,Grievous Injury,Others,Not at  Junction,Others,Village Road,Bitumen(Tar),Dry,Not Applicable,Fine,"MUDDALINGANAHALLI- THYAMAGONDLU ROAD,",SHIVANNAS HOUSE,3,0.0,0.0,0,0,0.0,0.0
Bengaluru Dist,Thyamagondlu PS,1.0442e+16,2018,1,2,Road Accidents,Other,Rural Areas,Open area,Human Error,Yes,Simple Injury,Others,Not Applicable,Others,NH,Bitumen(Tar),Dry,Not Applicable,Others,DODDABALLAPUARA-DOBASPETE NH 207,LAND,5 KM,0.0,0.0,0,0,0.0,0.0
Bengaluru Dist,Thyamagondlu PS,1.0442e+16,2018,1,2,Road Accidents,Curves,Rural Areas,Open area,Human Error,Yes,Grievous Injury,Others,Uncontrolled,Curve,Others,Bitumen(Tar),Others,Not Applicable,Fine,"1 K,M TOWDERS EST",2 KM,2 K.M,0.0,0.0,0,1,0.0,1.0
Bengaluru Dist,Thyamagondlu PS,1.0442e+16,2018,1,2,Road Accidents,Other,Rural Areas,Open area,Human Error,No,Not Applicable,Others,Not Applicable,Others,NH,Bitumen(Tar),Dry,Not Applicable,Clear,"D.B.PURA- DOBASPETE NH 207 ROAD,",STORES,6,0.0,0.0,0,0,0.0,0.0
Bengaluru Dist,Thyamagondlu PS,1.0442e+16,2018,1,1,Road Accidents,Not Applicable,Rural Areas,Residential area,Human Error,No,Not Applicable,Others,Not Applicable,Not Applicable,Others,Bitumen(Tar),Dry,Not Applicable,Others,KALALUGATTA-THYAMAGONDALU ROAD,LAND,5 KM,0.0,0.0,0,0,0.0,0.0
Bengaluru Dist,Thyamagondlu PS,1.0442e+16,2018,1,2,Road Accidents,Narrow road,Rural Areas,Open area,Human Error,No,Fatal,Head on,Not Applicable,Not Applicable,Village Road,Bitumen(Tar),Not Applicable,Not Applicable,Others,village Road,0,6km,0.0,0.0,0,0,0.0,0.0
Bengaluru Dist,Thyamagondlu PS,1.0442e+16,2018,1,2,Road Accidents,Other,Not Applicable,Open area,Human Error,No,Fatal,Others,Not Applicable,Not Applicable,Not Applicable,Gravel,Not Applicable,Not Applicable,Others,"Thymagondlu Indestrial Area, Near Build mart Company.",Near Build mart Company,05 KM,0.0,0.0,0,0,3.0,3.0
Bengaluru Dist,Thyamagondlu PS,1.0442e+16,2018,1,1,Road Accidents,Curves,Rural Areas,Open area,Human Error,No,Simple Injury,Others,Not Applicable,Curve,Others,Bitumen(Tar),Dry,Not Applicable,Others,THYAMAGONDALU DOBBESPETE ROAD,NEAR TEMPLE,5 K.M,0.0,0.0,0,0,0.0,0.0
Bengaluru Dist,Thyamagondlu PS,1.0442e+16,2018,1,1,Road Accidents,Other,Rural Areas,Open area,Human Error,Not Applicable,Grievous Injury,Others,Not Applicable,Curve,Others,Bitumen(Tar),Others,Not Applicable,Others,VILLAGE ROAD,NEAR NARAYANAPPA LAND,3,0.0,0.0,0,1,0.0,1.0
Bengaluru Dist,Thyamagondlu PS,1.0442e+16,2018,1,1,Road Accidents,Narrow road,Rural Areas,Open area,Not Applicable,No,Fatal,Skidding or Self accident,Not Applicable,Not Applicable,Village Road,Bitumen(Tar),Not Applicable,Not Applicable,Fine,village Road,0,0,0.0,0.0,0,0,0.0,0.0
Bengaluru Dist,Thyamagondlu PS,1.0442e+16,2018,1,2,Road Accidents,Other,Rural Areas,Near a factory industrial area,Human Error,No,Simple Injury,Overturning,Not Applicable,Others,Others,Bitumen(Tar),Dry,Not Applicable,Fine,THYAMAGONDLU-DABASPETE ROAD,VENKATESHWARA HYACHARISS FACTORY,2,0.0,0.0,0,0,0.0,0.0
Bengaluru Dist,Thyamagondlu PS,1.0442e+16,2018,1,2,Road Accidents,Narrow road,Rural Areas,Open area,Human Error,No,Grievous Injury,Others,Not Applicable,Others,NH,Bitumen(Tar),Dry,Not Applicable,Others,"DOBASPETE-D,B, PURA NH 207 ROAD",LAND,3 KM,0.0,0.0,0,0,0.0,0.0
Bengaluru Dist,Thyamagondlu PS,1.0442e+16,2018,1,2,Road Accidents,Other,Rural Areas,Open area,Human Error,Yes,Grievous Injury,Hit and Run,Not Applicable,Slight Curve,One way,Bitumen(Tar),Not Applicable,Not Applicable,Not Applicable,DODDA CHANNOHALLI - THYAMAGONDLU ROAD,STREET LIGHT,15 Ft,0.0,0.0,0,0,0.0,0.0
Bengaluru Dist,Thyamagondlu PS,1.0442e+16,2018,1,2,Road Accidents,Other,Rural Areas,Near School or College,Human Error,Yes,Grievous Injury,Hit and Run,Uncontrolled,Others,NH,Bitumen(Tar),Dry,Not Applicable,Very Cold,NH 2017,NEAR SCHOOL,4 K.M,0.0,0.0,0,0,0.0,0.0