DISTRICTNAME,UNITNAME,Crime_No,Year,RI,Noofvehicle_involved,Accident_Classification,Accident_Spot,Accident_Location,Accident_SubLocation,Main_Cause,Hit_Run,Severity,Collision_Type,Junction_Control,Road_Character,Road_Type,Surface_Type,Surface_Condition,Road_Condition,Weather,Accident_Road,Landmark_first,Distance_LandMark_First,Latitude,Longitude,Road_Condition_Score,Surface_Condition_Score,Surface_Type_Score,Road_Risk_Index
Bengaluru Dist,Thyamagondlu PS,1.0442e+16,2018,1,1,Road Accidents,Other,Rural Areas,Residential area,Human Error,Not Applicable,Grievous Injury,Others,Not Applicable,Others,Village Road,Bitumen(Tar),Dry,Not Applicable,Snow,OTHER ROAD,near narayanappa land,1 k.m,0.0,0.0,0,0,0.0,0.0
Bengaluru Dist,Thyamagondlu PS,1.0442e+16,2018,1,3,Road Accidents,Cross roads,Rural Areas,Near or inside a village,Human Error,Not Applicable,Fatal,Right Turn Collision,Uncontrolled,Sharp Curve,Village Road,Bitumen(Tar),Others,Not Applicable,Not Applicable,Near Kathale bare,Near Kathale bare,6 km,0.0,0.0,0,1,0.0,1.0
Bengaluru Dist,Thyamagondlu PS,1.0442e+16,2019,1,1,Road Accidents,Other,Rural Areas,Open area,Human Error,Not Applicable,Fatal,Others,Not Applicable,Others,Minor District Road,Bitumen(Tar),Others,Not Applicable,Not Applicable,Rural Road,Near Anjina Gowda Land,03 KM,13.239707,77.30061,0,1,0.0,1.0
Bengaluru Dist,Thyamagondlu PS,1.0442e+16,2019,1,1,Road Accidents,Other,Rural Areas,Open area,Human Error,No,Grievous Injury,Others,Not Applicable,Curve,Others,Bitumen(Tar),Others,Not Applicable,Others,TAR ROAD,NEAR KIRLOSKAR FACTORY,5 K.M,13.212824,77.301081,0,1,0.0,1.0
Bengaluru Dist,Thyamagondlu PS,1.0442e+16,2019,1,2,Road Accidents,Narrow road,Rural Areas,Open area,Human Error,No,Fatal,Vehicle to Vehicle,Not Applicable,Not Applicable,One way,Bitumen(Tar),Not Applicable,Not Applicable,Fine,Rural Areas,0,3km,13.20424,77.296226,0,0,0.0,0.0
Bengaluru Dist,Thyamagondlu PS,1.0442e+16,2019,1,1,Road Accidents,Not Applicable,Rural Areas,Near Bus stop,Human Error,No,Damage Only,Not Applicable,Not Applicable,Others,Others,Bitumen(Tar),Others,Not Applicable,Fine,thyamagondlu-t.beguru road,Gundenahalli cross,100,13.206916,77.31589,0,1,0.0,1.0
Bengaluru Dist,Thyamagondlu PS,1.0442e+16,2019,1,1,Road Accidents,Narrow road,Rural Areas,Open area,Human Error,No,Fatal,Not Applicable,Not Applicable,Not Applicable,State Highway,Bitumen(Tar),Not Applicable,Not Applicable,Clear,Rural Areas,0,7km,13.264812,77.332109,0,0,0.0,0.0
Bengaluru Dist,Thyamagondlu PS,1.0442e+16,2019,1,1,Road Accidents,Narrow road,Rural Areas,Open area,Human Error,No,Grievous Injury,Hit pedestrian,Uncontrolled,Straight and flat,NH,Bitumen(Tar),Dry,No influence on accident,Fine,TAR ROAD,45,6,13.250682,77.31014,0,0,0.0,0.0
Bengaluru Dist,Thyamagondlu PS,1.0442e+16,2019,1,2,Road Accidents,Other,Rural Areas,Near Bus stop,Human Error,No,Grievous Injury,Others,Not Applicable,Others,NH,Bitumen(Tar),Dry,Not Applicable,Others,NH 207,NEAR RAILWAY STATION,1,13.19483,77.323206,0,0,0.0,0.0
Bengaluru Dist,Thyamagondlu PS,1.0442e+16,2019,1,1,Road Accidents,Curves,Rural Areas,Open area,Human Error,No,Grievous Injury,Others,Uncontrolled,Curve,Village Road,Bitumen(Tar),Dry,Not Applicable,Fine,OTHER ROAD,NEAR VILLAGE,10 KM,13.191401,77.36595,0,0,0.0,0.0
Bengaluru Dist,Thyamagondlu PS,1.0442e+16,2019,1,1,Road Accidents,Curves,Rural Areas,Near School or College,Human Error,Yes,Simple Injury,Not Applicable,Uncontrolled,Curve,Others,Bitumen(Tar),Dry,Not Applicable,Fine,TAR ROAD,NEAR BUSSTOP,2,13.209708,77.293854,0,0,0.0,0.0
Bengaluru Dist,Thyamagondlu PS,1.0442e+16,2019,1,2,Road Accidents,Narrow road,Rural Areas,Open area,Human Error,No,Grievous Injury,Vehicle to Vehicle,Uncontrolled,Curve,One way,Bitumen(Tar),Dry,No influence on accident,Cloudy,RURAL AREA,NEAR FACTORY,5,13.184853,77.324958,0,0,0.0,0.0
Bengaluru Dist,Thyamagondlu PS,1.0442e+16,2019,1,1,Road Accidents,Cross roads,Rural Areas,Near Bus stop,Human Error,Yes,Grievous Injury,Hit pedestrian,Not Applicable,Not Applicable,One way,Not Applicable,Dry,Not Applicable,Fine,road,day,01-Feb,13.21661,77.302832,0,0,0.0,0.0
Bengaluru Dist,Thyamagondlu PS,1.0442e+16,2019,1,1,Road Accidents,Cross roads,Rural Areas,Open area,Human Error,No,Fatal,Not Applicable,Not Applicable,Not Applicable,One way,Bitumen(Tar),Not Applicable,Not Applicable,Clear,Rural Areas,0,5km,13.183418,77.325194,0,0,0.0,0.0
Bengaluru Dist,Thyamagondlu PS,1.0442e+16,2019,1,1,Road Accidents,Other,Rural Areas,Open area,Human Error,Not Applicable,Grievous Injury,Others,Not Applicable,Hump,NH,Bitumen(Tar),Dry,Not Applicable,Fine,NH 207,NEAR LAND,9 KM,13.194134,77.301214,0,0,0.0,0.0
Bengaluru Dist,Thyamagondlu PS,1.0442e+16,2019,1,2,Road Accidents,Not Applicable,Rural Areas,Open area,Human Error,Yes,Grievous Injury,Vehicle to Vehicle,Not Applicable,Others,NH,Bitumen(Tar),Dry,Not Applicable,Clear,NH2017,ROAD,6 K M,13.184769,77.310635,0,0,0.0,0.0
Bengaluru Dist,Thyamagondlu PS,1.0442e+16,2019,1,1,Road Accidents,Curves,Rural Areas,Residential area,Human Error,Yes,Grievous Injury,Hit and Run,Uncontrolled,Not Applicable,Village Road,Bitumen(Tar),Others,Not Applicable,Others,OTHER ROAD,NEAR BUSSTAND,1,13.217523,77.299828,0,1,0.0,1.0
Bengaluru Dist,Thyamagondlu PS,1.0442e+16,2019,1,1,Road Accidents,Curves,Rural Areas,Open area,Human Error,No,Grievous Injury,Not Applicable,Not Applicable,Curve,Others,Bitumen(Tar),Dry,Not Applicable,Others,OTHER ROAD,1,3,13.194668,77.322434,0,0,0.0,0.0
Bengaluru Dist,Thyamagondlu PS,1.0442e+16,2019,1,1,Road Accidents,Cross roads,Rural Areas,Residential area,Human Error,Yes,Simple Injury,Not Applicable,Uncontrolled,Curve,Others,Bitumen(Tar),Dry,Not Applicable,Fine,ROAD,NEAR BUSSTAND,1 KM,13.215534,77.304125,0,0,0.0,0.0
Bengaluru Dist,Thyamagondlu PS,1.0442e+16,2019,1,1,Road Accidents,Curves,Rural Areas,Open area,Not Applicable,No,Grievous Injury,Not Applicable,Not Applicable,Curve,Others,Bitumen(Tar),Dry,Not Applicable,Fine,OTHER ROAD,NEAR ROAD,1,13.240386,77.300725,0,0,0.0,0.0
Bengaluru Dist,Thyamagondlu PS,1.0442e+16,2019,1,2,Road Accidents,Curves,Rural Areas,Open area,Human Error,No,Grievous Injury,Vehicle to Vehicle,Uncontrolled,Curve,NH,Bitumen(Tar),Dry,No influence on accident,Snow,NH207,NEAR BUSSTOP,5,13.250604,77.310209,0,0,0.0,0.0
Bengaluru Dist,Thyamagondlu PS,1.0442e+16,2019,1,2,Road Accidents,Circle,Rural Areas,Near a factory industrial area,Human Error,No,Simple Injury,Vehicle to Vehicle,No signal lights,Not Applicable,Others,Not Applicable,Dry,No influence on accident,Fine,TARU ROAD,NORTH,5,13.207189,77.285563,0,0,0.0,0.0
Bengaluru Dist,Thyamagondlu PS,1.0442e+16,2019,1,1,Road Accidents,Not Applicable,Rural Areas,Open area,Human Error,No,Grievous Injury,Others,Uncontrolled,Others,Others,Bitumen(Tar),Dry,Not Applicable,Others,OTHER ROAD,NEAR DOBBESPETE,4 KM,13.212103,77.301032,0,0,0.0,0.0
Bengaluru Dist,Thyamagondlu PS,1.0442e+16,2019,1,1,Road Accidents,Cross roads,Rural Areas,At pedestrian Crossing,Human Error,Yes,Fatal,Hit pedestrian,Not Applicable,Not Applicable,One way,Bitumen(Tar),Dry,Not Applicable,Clear,Rural Areas,0,2 km,13.209543,77.320935,0,0,0.0,0.0
Bengaluru Dist,Thyamagondlu PS,1.0442e+16,2019,1,1,Road Accidents,Other,Rural Areas,Open area,Human Error,No,Grievous Injury,Hit and Run,Uncontrolled,Curve,Others,Bitumen(Tar),Dry,Not Applicable,Not Applicable,OTHER ROAD,8KM,5 K.M,13.270202,77.318936,0,0,0.0,0.0
Bengaluru Dist,Thyamagondlu PS,1.0442e+16,2019,1,2,Road Accidents,Rail Crossing manned,Rural Areas,Residential area,Human Error,Not Applicable,Grievous Injury,Not Applicable,Not Applicable,Not Applicable,NH,Not Applicable,Not Applicable,Pot holed,Fine,ROAD,EAST,8,13.242881,77.297577,5,0,0.0,5.0
Bengaluru Dist,Thyamagondlu PS,1.0442e+16,2019,1,1,Road Accidents,Narrow road,Rural Areas,Open area,Human Error,No,Fatal,Hit pedestrian,Not Applicable,Not Applicable,One way,Bitumen(Tar),Dry,Not Applicable,Clear,Rural Areas,0,9 km,13.285218,77.338828,0,0,0.0,0.0
Bengaluru Dist,Thyamagondlu PS,1.0442e+16,2019,1,2,Road Accidents,Curves,Rural Areas,Near or inside a village,Human Error,No,Simple Injury,Vehicle to Vehicle,No signal lights,Curve,Others,Not Applicable,Dry,Not Applicable,Fine,ROAD ACCIDENT,WEST,5 KM,13.208877,77.292398,0,0,0.0,0.0
Bengaluru Dist,Thyamagondlu PS,1.0442e+16,2019,1,1,Road Accidents,Curves,Rural Areas,Open area,Human Error,No,Grievous Injury,Not Applicable,Uncontrolled,Curve,Others,Bitumen(Tar),Dry,Not Applicable,Fine,thyamagondlu-t.beguru road,NERA VILLAGE,3,13.206594,77.315974,0,0,0.0,0.0
Bengaluru Dist,Thyamagondlu PS,1.0442e+16,2020,1,2,Road Accidents,Circle,Rural Areas,Near School or College,Human Error,Yes,Grievous Injury,Vehicle to Vehicle,Uncontrolled,Curve,Others,Bitumen(Tar),Dry,Not Applicable,Snow,TAR ROAD,NEAR COLLEGE,4 KM,13.206836,77.3785509,0,0,0.0,0.0
Bengaluru Dist,Thyamagondlu PS,1.0442e+16,2020,1,1,Road Accidents,Curves,City/Town,Open area,Human Error,No,Grievous Injury,Hit pedestrian,Uncontrolled,Curve,Others,Bitumen(Tar),Dry,Not Applicable,Fine,NEAR SCHOOL,NEAR ELECTRIC OFFICE,1/2 KM,13.230388,77.310546,0,0,0.0,0.0
Bengaluru Dist,Thyamagondlu PS,1.0442e+16,2020,1,1,Road Accidents,Narrow road,Rural Areas,Open area,Vehicle Defect,No,Grievous Injury,Hit pedestrian,No signal lights,Others,Others,Gravel,Dry,No influence on accident,Fine,FORMER LAND,FORMER LAND,5 KM,13.179135,77.309319,0,0,3.0,3.0
Bengaluru Dist,Thyamagondlu PS,1.0442e+16,2020,1,1,Road Accidents,Curves,Rural Areas,Open area,Human Error,No,Grievous Injury,Hit pedestrian,Uncontrolled,Curve,Others,Bitumen(Tar),Dry,Drainage Ditch,Others,other road,NEAR KALYANAMANTAPA,6 KM,13.254217,77.296729,4,0,0.0,4.0
Bengaluru Dist,Thyamagondlu PS,1.0442e+16,2020,1,2,Road Accidents,Curves,Rural Areas,Near Bus stop,Human Error,No,Grievous Injury,Vehicle to Vehicle,Uncontrolled,Curve,Others,Bitumen(Tar),Dry,Drainage Ditch,Clear,TAR ROAD,NEAR VILLAGE,10 KM,13.193389,77.367629,4,0,0.0,4.0
Bengaluru Dist,Thyamagondlu PS,1.0442e+16,2020,1,2,Road Accidents,Narrow road,Rural Areas,Near or inside a village,Human Error,Yes,Fatal,Vehicle to Vehicle,Not Applicable,Others,Major District Road,Bitumen(Tar),Others,Not Applicable,Others,Thyamagondlu - Muddalinganahalli road,In Front of KEB,0.5 Km,13.220951,77.300582,0,1,0.0,1.0
Bengaluru Dist,Thyamagondlu PS,1.0442e+16,2020,1,1,Road Accidents,Cross roads,Rural Areas,Open area,Vehicle Defect,No,Damage Only,Hit animal,Controlled,Curve,One way,Bitumen(Tar),Dry,No influence on accident,Fine,TAR ROAD,1,5,13.262262,77.308701,0,0,0.0,0.0
Bengaluru Dist,Thyamagondlu PS,1.0442e+16,2020,1,1,Road Accidents,Narrow road,Rural Areas,Open area,Human Error,No,Grievous Injury,Hit pedestrian,Uncontrolled,Straight and flat,Residential Street,Kutcha,Dry,Not Applicable,Wind,FIELD,NEAR HOUSES,5,13.21396,77.309981,0,0,4.0,4.0
Bengaluru Dist,Thyamagondlu PS,1.0442e+16,2020,1,2,Road Accidents,Curves,Rural Areas,Open area,Human Error,No,Grievous Injury,Vehicle to Vehicle,Uncontrolled,Curve,Others,Bitumen(Tar),Dry,Drainage Ditch,Snow,THYAMAGONDALU DOBBESPETE,NEAR FACTORY,3 KM,13.222094,77.285961,4,0,0.0,4.0
Bengaluru Dist,Thyamagondlu PS,1.0442e+16,2020,1,1,Road Accidents,Narrow road,Rural Areas,Open area,Human Error,Not Applicable,Fatal,Vehicle to Vehicle,Not Applicable,Not Applicable,NH,Bitumen(Tar),Not Applicable,Not Applicable,Clear,NH 207,0,4 km,13.257236,77.319916,0,0,0.0,0.0
Bengaluru Dist,Thyamagondlu PS,1.0442e+16,2020,1,1,Road Accidents,Narrow road,Rural Areas,Open area,Human Error,No,Fatal,Not Applicable,Not Applicable,Not Applicable,NH,Bitumen(Tar),Not Applicable,Not Applicable,Clear,Rural Areas,0,3km,13.219862,77.299354,0,0,0.0,0.0
Bengaluru Dist,Thyamagondlu PS,1.0442e+16,2020,1,2,Road Accidents,Cross roads,Rural Areas,Open area,Human Error,No,Grievous Injury,Vehicle to Vehicle,Uncontrolled,Curve,Others,Bitumen(Tar),Dry,Not Applicable,Fine,other road,NEAR RAILWAY GATE,bussta,13.227142,77.348527,0,0,0.0,0.0
Bengaluru Dist,Thyamagondlu PS,1.0442e+16,2020,1,2,Road Accidents,Cross roads,Rural Areas,Near or inside a village,Vehicle Defect,No,Simple Injury,Vehicle to Vehicle,No signal lights,Curve,Residential Street,Bitumen(Tar),Dry,No influence on accident,Fine,RURAL AREA,NEAR HOUSES,10,13.238119,77.342399,0,0,0.0,0.0
Bengaluru Dist,Thyamagondlu PS,1.0442e+16,2020,1,1,Road Accidents,Curves,Rural Areas,Residential area,Vehicle Defect,No,Grievous Injury,Not Applicable,Uncontrolled,Curve,One way,Bitumen(Tar),Dry,No influence on accident,Fine,TAR ROAD,BUS STAND,10,13.177195,77.322831,0,0,0.0,0.0
Bengaluru Dist,Thyamagondlu PS,1.0442e+16,2020,1,1,Road Accidents,Narrow road,Rural Areas,Near School or College,Human Error,Yes,Fatal,Hit pedestrian,Not Applicable,Not Applicable,One way,Bitumen(Tar),Not Applicable,Not Applicable,Clear,Rural Areas,0,14,13.221073,77.300571,0,0,0.0,0.0
Bengaluru Dist,Thyamagondlu PS,1.0442e+16,2020,1,2,Not Applicable,Not Applicable,Rural Areas,Residential area,Vehicle Defect,No,Damage Only,Vehicle to Vehicle,Uncontrolled,Others,Residential Street,Kutcha,Dry,Not Applicable,Fine,Residential raea,Residential area,9,13.183254,77.2995249,0,0,4.0,4.0
Bengaluru Dist,Thyamagondlu PS,1.0442e+16,2020,1,2,Road Accidents,Narrow road,Rural Areas,Near or inside a village,Vehicle Defect,No,Grievous Injury,Vehicle to Vehicle,No signal lights,Straight and flat,One way,Bitumen(Tar),Dry,Not Applicable,Fine,TAR ROAD,HOTEL,60,13.210533,77.299108,0,0,0.0,0.0
Bengaluru Dist,Thyamagondlu PS,1.0442e+16,2020,1,1,Road Accidents,Circle,Rural Areas,Open area,Human Error,No,Simple Injury,Hit pedestrian,Uncontrolled,Others,Others,Bitumen(Tar),Dry,Not Applicable,Cloudy,other road,near busstop,01-Feb,13.196442,77.320577,0,0,0.0,0.0
Bengaluru Dist,Thyamagondlu PS,1.0442e+16,2020,1,1,Road Accidents,Curves,Rural Areas,Open area,Human Error,No,Simple Injury,Hit pedestrian,Uncontrolled,Others,NH,Bitumen(Tar),Dry,Drainage Ditch,Fine,NH 207,NEAR RAILWAY GATE,3,13.232768,77.27435,4,0,0.0,4.0
Bengaluru Dist,Thyamagondlu PS,1.0442e+16,2020,1,2,Road Accidents,Narrow road,Rural Areas,Near or inside a village,Vehicle Defect,No,Grievous Injury,Vehicle to Vehicle,Uncontrolled,Straight and flat,One way,Bitumen(Tar),Dry,Not Applicable,Fine,THYAMAGONDALU DODDABELE ROAD,NERA VILLAGE,6 FIT,13.222344,77.337901,0,0,0.0,0.0
Bengaluru Dist,Thyamagondlu PS,1.0442e+16,2020,1,2,Road Accidents,Cross roads,Rural Areas,Residential area,Vehicle Defect,Yes,Grievous Injury,Vehicle to Vehicle,No signal lights,Curve,Residential Street,Bitumen(Tar),Dry,Not Applicable,Fine,TAR ROAD,LAND,2,13.228249,77.30127,0,0,0.0,0.0
Bengaluru Dist,Thyamagondlu PS,1.0442e+16,2021,1,1,Road Accidents,Narrow road,Rural Areas,Near a factory industrial area,Human Error,Not Applicable,Fatal,Not Applicable,Not Applicable,Straight and flat,One way,Bitumen(Tar),Not Applicable,Not Applicable,Light Rain,Village Road,0,4km,13.185893,77.325093,0,0,0.0,0.0
Bengaluru Dist,Thyamagondlu PS,1.0442e+16,2021,1,1,Road Accidents,Curves,Rural Areas,Near a religious place,Vehicle Defect,No,Damage Only,Hit animal,Uncontrolled,Straight and flat,One way,Bitumen(Tar),Dry,Not Applicable,Fine,RURAL AREA,NEAR RELIGIOUS PLACE,2 KM,13.23627,77.280452,0,0,0.0,0.0
Bengaluru Dist,Thyamagondlu PS,1.0442e+16,2021,1,2,Road Accidents,Narrow road,Rural Areas,Near Hospital,Vehicle Defect,No,Grievous Injury,Vehicle to Vehicle,Uncontrolled,Straight and flat,Service Road,Bitumen(Tar),Dry,No influence on accident,Fine,TAR ROAD,NEAR VILLAGE,10 km,13.192107,77.364012,0,0,0.0,0.0
Bengaluru Dist,Thyamagondlu PS,1.0442e+16,2021,1,1,Road Accidents,Narrow road,Rural Areas,Near or inside a village,Not Applicable,No,Fatal,Hit pedestrian,Uncontrolled,Straight and flat,One way,Bitumen(Tar),Dry,Not Applicable,Fine,"Vadakunte Near Siddaraju Koli Shop, Doddabele Vadakunte Road",0,12 km,13.215574,77.358956,0,0,0.0,0.0
Bengaluru Dist,Thyamagondlu PS,1.0442e+16,2021,1,2,Road Accidents,Cross roads,Rural Areas,Near Bus stop,Human Error,No,Fatal,Vehicle to Vehicle,Not Applicable,Not Applicable,Minor District Road,Bitumen(Tar),Others,Not Applicable,Others,Thyamagondlu-Doddabele Road,Kalluri Katte cross,5 k.m,13.222653,77.338303,0,1,0.0,1.0
Bengaluru Dist,Thyamagondlu PS,1.0442e+16,2021,1,1,Road Accidents,Narrow road,Rural Areas,Near Petrol Pump,Human Error,Not Applicable,Fatal,Not Applicable,Not Applicable,Not Applicable,One way,Bitumen(Tar),Ditch or Potholed,Pot holed,Clear,Rural Areas,0,1km,13.221005,77.286932,5,5,0.0,10.0
Bengaluru Dist,Thyamagondlu PS,1.0442e+16,2021,1,2,Road Accidents,Narrow road,Rural Areas,Residential area,Human Error,Not Applicable,Fatal,Vehicle to Vehicle,Not Applicable,Not Applicable,One way,Bitumen(Tar),Not Applicable,Not Applicable,Wind,Rural Areas,0,4km,0.0,0.0,0,0,0.0,0.0
Bengaluru Dist,Thyamagondlu PS,1.0442e+16,2021,1,1,Road Accidents,Narrow road,Rural Areas,Near or inside a village,Human Error,No,Fatal,Hit pedestrian,Not Applicable,Not Applicable,Major District Road,Bitumen(Tar),Others,Not Applicable,Not Applicable,MDR,Near Hanumanthappa house,9 k.m,13.262246,77.308029,0,1,0.0,1.0
Bengaluru Dist,Thyamagondlu PS,1.0442e+16,2021,1,2,Road Accidents,Curves,Rural Areas,Residential area,Vehicle Defect,Yes,Grievous Injury,Vehicle to Vehicle,Uncontrolled,Curve,One way,Bitumen(Tar),Dry,Pot holed,Fine,TAR ROAD,NEAR VILLAGE,3,13.223167,77.338956,5,0,0.0,5.0
Bengaluru Dist,Thyamagondlu PS,1.0442e+16,2021,1,1,Road Accidents,Not Applicable,Rural Areas,Near School or College,Human Error,Yes,Simple Injury,Hit pedestrian,Controlled,Others,NH,Bitumen(Tar),Dry,Not Applicable,Cloudy,NH 207,SCHOOL,50,0.0,0.0,0,0,0.0,0.0
Bengaluru Dist,Thyamagondlu PS,1.0442e+16,2021,1,2,Road Accidents,Cross roads,Rural Areas,Near or inside a village,Vehicle Defect,No,Grievous Injury,Vehicle to Vehicle,Uncontrolled,Others,One way,Bitumen(Tar),Dry,Not Applicable,Fine,TAR ROAD,NEAR INDSUTRIAL AREA,5 KM,0.0,0.0,0,0,0.0,0.0
Bengaluru Dist,Thyamagondlu PS,1.0442e+16,2021,1,2,Road Accidents,Narrow road,Rural Areas,Near a factory industrial area,Vehicle Defect,Yes,Grievous Injury,Vehicle to Vehicle,Not at  Junction,Straight and flat,Mixed,Kutcha,Dry,Pot holed,Fine,RURAL AREA,NEAR FACTORY,6 KM,13.216947,77.303638,5,0,4.0,9.0
Bengaluru Dist,Thyamagondlu PS,1.0442e+16,2021,1,1,Road Accidents,Curves,Rural Areas,Near a factory industrial area,Human Error,Yes,Fatal,Not Applicable,Uncontrolled,Not Applicable,Not Applicable,Bitumen(Tar),Not Applicable,Not Applicable,Others,K.I.A.D.B AREA ROAD,IF FRONT OF FACTORY ROAD,5 K.M,13.242211,77.231454,0,0,0.0,0.0
Bengaluru Dist,Thyamagondlu PS,1.0442e+16,2021,1,1,Road Accidents,Narrow road,Rural Areas,Open area,Human Error,Not Applicable,Fatal,Not Applicable,Not Applicable,Not Applicable,One way,Bitumen(Tar),Not Applicable,Not Applicable,Clear,NH Road,0,8km,13.256946,77.320313,0,0,0.0,0.0
Bengaluru Dist,Thyamagondlu PS,1.0442e+16,2021,1,2,Road Accidents,Narrow road,Rural Areas,Open area,Human Error,No,Grievous Injury,Vehicle to Vehicle,Uncontrolled,Straight and flat,NH,Bitumen(Tar),Dry,Not Applicable,Fine,NH 207,NEAR VILLAGE,207,0.0,0.0,0,0,0.0,0.0
Bengaluru Dist,Thyamagondlu PS,1.0442e+16,2021,1,2,Road Accidents,Junction,Rural Areas,Residential area,Vehicle Defect,No,Grievous Injury,Hit animal,Uncontrolled,Others,One way,Bitumen(Tar),Dry,Not Applicable,Fine,Near village,NEAR VILLAGE,4 KM,13.188406,77.324168,0,0,0.0,0.0
Bengaluru Dist,Thyamagondlu PS,1.0442e+16,2021,1,2,Road Accidents,Cross roads,Rural Areas,Open area,Vehicle Defect,No,Grievous Injury,Vehicle to Vehicle,Controlled,Curve,NH,Bitumen(Tar),Dry,No influence on accident,Fine,Near village,NERA VILLAGE,6 km,13.263123,77.3388209,0,0,0.0,0.0
Bengaluru Dist,Thyamagondlu PS,1.0442e+16,2021,1,2,Road Accidents,Cross roads,Rural Areas,Open area,Vehicle Defect,Yes,Simple Injury,Vehicle to Vehicle,Uncontrolled,Slight Curve,One way,Bitumen(Tar),Dry,Pot holed,Fine,TAR ROAD,NEAR VILLAGE,2 KM,13.180167,77.324105,5,0,0.0,5.0
Bengaluru Dist,Thyamagondlu PS,1.0442e+16,2021,1,2,Road Accidents,Curves,Rural Areas,Open area,Human Error,No,Simple Injury,Vehicle to Vehicle,Controlled,Curve,Others,Bitumen(Tar),Dry,Not Applicable,Clear,THAYAMAGONDALU TO DABASPETE ROAD,K E T TRANSFORM,15 FT,0.0,0.0,0,0,0.0,0.0
Bengaluru Dist,Thyamagondlu PS,1.0442e+16,2021,1,1,Road Accidents,Road hump or Rumble strips,Rural Areas,Residential area,Human Error,No,Grievous Injury,Not Applicable,Controlled,Others,Others,Bitumen(Tar),Dry,Not Applicable,Clear,THAYAMAGONDALU TO BEGUR ROAD,COMPLEX,50 FT,0.0,0.0,0,0,0.0,0.0
Bengaluru Dist,Thyamagondlu PS,1.0442e+16,2021,1,2,Road Accidents,Narrow road,Rural Areas,Near or inside a village,Road Environment Defect,No,Grievous Injury,Vehicle to Vehicle,Controlled,Others,One way,Bitumen(Tar),Dry,Not Applicable,Fine,THYAMAGONDALU T BEGURU ROAD,NEAR VILLAGE,6 KM,13.193385,77.3222,0,0,0.0,0.0
Bengaluru Dist,Thyamagondlu PS,1.0442e+16,2021,1,1,Road Accidents,Narrow road,Rural Areas,Near or inside a village,Human Error,No,Fatal,Hit pedestrian,Not Applicable,Not Applicable,Major District Road,Bitumen(Tar),Others,Not Applicable,Others,Doddabele Railway gate Road,Near Railway gate,10 k.m,13.221931,77.338555,0,1,0.0,1.0
Bengaluru Dist,Thyamagondlu PS,1.0442e+16,2021,1,2,Road Accidents,Narrow road,Rural Areas,Open area,Human Error,Not Applicable,Fatal,Vehicle to Vehicle,Not Applicable,Straight and flat,State Highway,Bitumen(Tar),Not Applicable,Not Applicable,Clear,Village Road,0,6km,0.0,0.0,0,0,0.0,0.0
Bengaluru Dist,Thyamagondlu PS,1.0442e+16,2021,1,1,Road Accidents,Cross roads,Rural Areas,Near Petrol Pump,Human Error,Not Applicable,Fatal,Not Applicable,Not Applicable,Not Applicable,NH,Bitumen(Tar),Not Applicable,Construction Work / Material,Cloudy,NH Road,0,6km,0.0,0.0,2,0,0.0,2.0
Bengaluru Dist,Thyamagondlu PS,1.0442e+16,2021,1,2,Road Accidents,Narrow road,Rural Areas,Near School or College,Human Error,No,Grievous Injury,Vehicle to Vehicle,Uncontrolled,Others,Others,Bitumen(Tar),Dry,Not Applicable,Fine,OTHER ROAD,NEAR GOVT SCHOOL,SCHOOL,13.197149,77.382759,0,0,0.0,0.0
Bengaluru Dist,Thyamagondlu PS,1.0442e+16,2021,1,2,Road Accidents,Cross roads,Rural Areas,Near or inside a village,Vehicle Defect,Yes,Grievous Injury,Vehicle to Vehicle,No signal lights,Others,Service Road,Bitumen(Tar),Dry,No influence on accident,Fine,TAR ROAD THYAMAGONDALU DABASPETE ROAD NEAR KATTALE BARE,NEAR FACTORY,1 KM,13.202238,77.3418149,0,0,0.0,0.0
Bengaluru Dist,Thyamagondlu PS,1.0442e+16,2021,1,1,Road Accidents,Cross roads,Rural Areas,Residential area,Vehicle Defect,No,Damage Only,Hit animal,Uncontrolled,Curve,NH,Bitumen(Tar),Dry,No influence on accident,Fine,NH 207,NEAR VILLAGE,5,13.253975,77.314572,0,0,0.0,0.0
Bengaluru Dist,Thyamagondlu PS,1.0442e+16,2021,1,1,Road Accidents,Narrow road,Rural Areas,Open area,Human Error,No,Fatal,Not Applicable,Not Applicable,Not Applicable,One way,Bitumen(Tar),Not Applicable,Not Applicable,Fine,Village Road,0,8 km,13.187904,77.316253,0,0,0.0,0.0
Bengaluru Dist,Thyamagondlu PS,1.0442e+16,2022,1,1,Road Accidents,Circle,Rural Areas,Open area,Human Error,No,Damage Only,Vehicle to Vehicle,Uncontrolled,Others,NH,Bitumen(Tar),Dry,Not Applicable,Fine,NH 207,NEAR RAILWAY RTACK,3,13.242684,77.29668,0,0,0.0,0.0
Bengaluru Dist,Thyamagondlu PS,1.0442e+16,2022,1,1,Road Accidents,Circle,Rural Areas,Residential area,Human Error,No,Fatal,Not Applicable,Uncontrolled,Sharp Curve,Others,Bitumen(Tar),Dry,Not Applicable,Clear,DODDABELE TO LAKKAPANHALLI ROAD,FLAG POLL,10 FT,13.223073,77.338515,0,0,0.0,0.0
Bengaluru Dist,Thyamagondlu PS,1.0442e+16,2022,1,1,Road Accidents,Narrow road,Rural Areas,Near or inside a village,Human Error,No,Simple Injury,Not Applicable,Controlled,Others,Others,Bitumen(Tar),Dry,Construction Work / Material,Clear,THYAMAGONDALU TO T. BEGUR ROAD,PUMP HOUSE,20 MTR,13.179935,77.32089,2,0,0.0,2.0
Bengaluru Dist,Thyamagondlu PS,1.0442e+16,2022,1,2,Road Accidents,Curves,Rural Areas,Open area,Human Error,No,Grievous Injury,Vehicle to Vehicle,Uncontrolled,Curve,Others,Bitumen(Tar),Dry,Not Applicable,Fine,OTHER ROAD,NEAR INDUSTRIAL AREA,4 KM,13.213659,77.300235,0,0,0.0,0.0
Bengaluru Dist,Thyamagondlu PS,1.0442e+16,2022,1,1,Road Accidents,Curves,Rural Areas,Near School or College,Human Error,No,Fatal,Not Applicable,Uncontrolled,Curve,Residential Street,Bitumen(Tar),Dry,Not Applicable,Fine,Channavalli & Thyamagondalu Road,Govt School Near,9 km,13.234644,77.311024,0,0,0.0,0.0