DISTRICTNAME,UNITNAME,Crime_No,Year,RI,Noofvehicle_involved,Accident_Classification,Accident_Spot,Accident_Location,Accident_SubLocation,Main_Cause,Hit_Run,Severity,Collision_Type,Junction_Control,Road_Character,Road_Type,Surface_Type,Surface_Condition,Road_Condition,Weather,Accident_Road,Landmark_first,Distance_LandMark_First,Latitude,Longitude,Road_Condition_Score,Surface_Condition_Score,Surface_Type_Score,Road_Risk_Index
Bengaluru Dist,Thyamagondlu PS,1.0442e+16,2022,1,2,Road Accidents,Narrow road,Rural Areas,Open area,Human Error,No,Grievous Injury,Vehicle to Vehicle,Uncontrolled,Others,Others,Bitumen(Tar),Dry,Not Applicable,Fine,OTHER ROAD,NEAR CROSS,4 KM,13.206862,77.315928,0,0,0.0,0.0
Bengaluru Dist,Thyamagondlu PS,1.0442e+16,2022,1,3,Road Accidents,Curves,Rural Areas,Open area,Human Error,No,Fatal,Vehicle to Vehicle,Uncontrolled,Curve,Others,Bitumen(Tar),Dry,Drainage Ditch,Fine,OTHER ROAD,NEAR SHOPS,1 KM,13.215145,77.308165,4,0,0.0,4.0
Bengaluru Dist,Thyamagondlu PS,1.0442e+16,2022,1,2,Road Accidents,Curves,Rural Areas,Near a factory industrial area,Human Error,No,Grievous Injury,Hit bicyclist,Signals (Not working),Others,Others,Bitumen(Tar),Dry,Not Applicable,Fine,OTHER ROAD,NEAR SHOP,2,13.261099,77.2975009,0,0,0.0,0.0
Bengaluru Dist,Thyamagondlu PS,1.0442e+16,2022,1,2,Road Accidents,Narrow road,Rural Areas,Near Bus stop,Human Error,No,Grievous Injury,Vehicle to Vehicle,Uncontrolled,Others,Others,Bitumen(Tar),Dry,Not Applicable,Others,OTHER ROAD,NEAR BUS STOPQQQ,4 KM,13.212027,77.312417,0,0,0.0,0.0
Bengaluru Dist,Thyamagondlu PS,1.0442e+16,2022,1,2,Road Accidents,Narrow road,Rural Areas,Near Bus stop,Human Error,No,Grievous Injury,Vehicle to Vehicle,Uncontrolled,Others,Others,Bitumen(Tar),Dry,Not Applicable,Fine,OTHER ROAD,NEAR BUS STOP,4 KM,13.210853,77.313766,0,0,0.0,0.0
Bengaluru Dist,Thyamagondlu PS,1.0442e+16,2022,1,2,Road Accidents,Narrow road,Rural Areas,Residential area,Vehicle Defect,No,Grievous Injury,Vehicle to Vehicle,Uncontrolled,Others,One way,Bitumen(Tar),Dry,Not Applicable,Fine,THYAMAGONDALU T BEGURU ROAD,NEAR VILLAGE,6 KM F,13.215694,77.3006689,0,0,0.0,0.0
Bengaluru Dist,Thyamagondlu PS,1.0442e+16,2022,1,2,Road Accidents,Narrow road,Rural Areas,Open area,Human Error,Not Applicable,Fatal,Vehicle to Vehicle,Not Applicable,Not Applicable,NH,Bitumen(Tar),Not Applicable,Not Applicable,Cloudy,NH 207,0,7km,13.213323,77.30142,0,0,0.0,0.0
Bengaluru Dist,Thyamagondlu PS,1.0442e+16,2022,1,2,Road Accidents,Narrow road,Rural Areas,Open area,Human Error,No,Grievous Injury,Vehicle to Vehicle,Uncontrolled,Others,Others,Bitumen(Tar),Dry,Not Applicable,Fine,other,NEAR BUS STOP,3 km,13.219131,77.291109,0,0,0.0,0.0
Bengaluru Dist,Thyamagondlu PS,1.0442e+16,2022,1,1,Road Accidents,Curves,Rural Areas,Open area,Human Error,No,Fatal,Vehicle to Vehicle,Uncontrolled,Hump,Others,Bitumen(Tar),Dry,Drainage Ditch,Fine,OTHER ROAD,NEAR BUS STOP,5,13.173629,77.324686,4,0,0.0,4.0
Bengaluru Dist,Thyamagondlu PS,1.0442e+16,2022,1,1,Road Accidents,Cross roads,Rural Areas,In bazaar,Not Applicable,No,Grievous Injury,Hit pedestrian,Uncontrolled,Others,One way,Bitumen(Tar),Dry,Not Applicable,Fine,T BEGURU TFYAMAGONDALU ROAD,NEAR BAZAAR,1 1/2,13.215411,77.307564,0,0,0.0,0.0
Bengaluru Dist,Thyamagondlu PS,1.0442e+16,2022,1,1,Road Accidents,Narrow road,Rural Areas,Open area,Human Error,No,Grievous Injury,Hit pedestrian,Uncontrolled,Others,Others,Bitumen(Tar),Dry,Not Applicable,Others,OTHER ROAD,near factory,5,13.23741,77.278495,0,0,0.0,0.0
Bengaluru Dist,Thyamagondlu PS,1.0442e+16,2022,1,2,Road Accidents,Cross roads,Rural Areas,Open area,Human Error,No,Grievous Injury,Vehicle to Vehicle,Uncontrolled,Others,Others,Bitumen(Tar),Dry,Not Applicable,Fine,OTHER ROAD,NEAR EVT NURSARY,6 KM,13.224304,77.337874,0,0,0.0,0.0
Bengaluru Dist,Thyamagondlu PS,1.0442e+16,2022,1,2,Road Accidents,Cross roads,Rural Areas,Open area,Human Error,No,Fatal,Vehicle to Vehicle,Not Applicable,Curve,One way,Bitumen(Tar),Not Applicable,Not Applicable,Clear,Rural Areas,0,1,13.214331,77.309958,0,0,0.0,0.0
Bengaluru Dist,Thyamagondlu PS,1.0442e+16,2022,1,1,Road Accidents,Road hump or Rumble strips,Rural Areas,Near or inside a village,Vehicle Defect,No,Grievous Injury,Hit bicyclist,Uncontrolled,Hump,Service Road,Bitumen(Tar),Dry,No influence on accident,Fine,BEGURU -KALALUGATTA VILLAGE,NEAR VILLAGE,5,13.187643,77.324791,0,0,0.0,0.0
Bengaluru Dist,Thyamagondlu PS,1.0442e+16,2022,1,1,Not Applicable,Narrow road,City/Town,Open area,Not Applicable,Not Applicable,Not Applicable,Not Applicable,Controlled,Others,Others,Bitumen(Tar),Others,Not Applicable,Fine,0,NEAR DABA,8,13.204482,77.265828,0,1,0.0,1.0
Bengaluru Dist,Thyamagondlu PS,1.0442e+16,2022,1,2,Road Accidents,Curves,Rural Areas,Near Bus stop,Human Error,No,Grievous Injury,Vehicle to Vehicle,Uncontrolled,Others,One way,Bitumen(Tar),Dry,Not Applicable,Fine,road rural,near  bus stop,500,13.216437,77.301317,0,0,0.0,0.0
Bengaluru Dist,Thyamagondlu PS,1.0442e+16,2022,1,2,Road Accidents,Circle,Rural Areas,Open area,Human Error,No,Fatal,Vehicle to Vehicle,Uncontrolled,Curve,NH,Bitumen(Tar),Dry,Construction Work / Material,Fine,NEAR RAILWAY STATION,NERA RAILWAY STATION,4 KM,13.250976,77.31063,2,0,0.0,2.0
Bengaluru Dist,Thyamagondlu PS,1.0442e+16,2022,1,2,Road Accidents,Curves,Rural Areas,Open area,Human Error,No,Grievous Injury,Vehicle to Vehicle,Uncontrolled,Others,NH,Bitumen(Tar),Dry,Drainage Ditch,Fine,NH 207,NELAR RAILWAY STATION,5 KM,13.254331,77.312802,4,0,0.0,4.0
Bengaluru Dist,Thyamagondlu PS,1.0442e+16,2022,1,2,Road Accidents,Narrow road,Rural Areas,Open area,Human Error,No,Fatal,Vehicle to Vehicle,Uncontrolled,Straight and flat,NH,Bitumen(Tar),Dry,Not Applicable,Fine,NH-207,Jakkasandra Forest Near,10 kM,13.25814,77.321143,0,0,0.0,0.0
Bengaluru Dist,Thyamagondlu PS,1.0442e+16,2022,1,2,Road Accidents,Cross roads,Rural Areas,Near a factory industrial area,Human Error,No,Grievous Injury,Vehicle to Vehicle,Uncontrolled,Straight and flat,Others,Bitumen(Tar),Dry,No influence on accident,Clear,NIDAVANDA COLONY THYAMAGONDLU ROAD,NEAR VENKATESHWARA HATCHEIES,5 K M,13.227116,77.283016,0,0,0.0,0.0
Bengaluru Dist,Thyamagondlu PS,1.0442e+16,2022,1,2,Road Accidents,Curves,Rural Areas,Open area,Human Error,No,Grievous Injury,Vehicle to Vehicle,Uncontrolled,Others,NH,Bitumen(Tar),Dry,Not Applicable,Fine,NH 207,NEAR ELEKAL CROSS,8 KM,13.267506,77.336953,0,0,0.0,0.0
Bengaluru Dist,Thyamagondlu PS,1.0442e+16,2022,1,1,Not Applicable,Not Applicable,Rural Areas,Open area,Human Error,Yes,Grievous Injury,Hit pedestrian,Uncontrolled,Others,Others,Bitumen(Tar),Dry,Not Applicable,Fine,PARKING AREA,DVS  FACTORY COMPOUND,4 KM,13.192951,77.285248,0,0,0.0,0.0
Bengaluru Dist,Thyamagondlu PS,1.0442e+16,2022,1,1,Road Accidents,Circle,Rural Areas,Near Bus stop,Human Error,No,Grievous Injury,Hit pedestrian,Uncontrolled,Others,Others,Bitumen(Tar),Dry,Drainage Ditch,Others,near temple,near  bus stop,300 me,0.0,0.0,4,0,0.0,4.0
Bengaluru Dist,Thyamagondlu PS,1.0442e+16,2022,1,2,Road Accidents,Cross roads,Rural Areas,Near or inside a village,Not Applicable,No,Grievous Injury,Vehicle to Vehicle,Uncontrolled,Others,Service Road,Bitumen(Tar),Dry,Pot holed,Fine,NEAR KODIGEHALLI VILLAGE MALLODI CROSS,NEAR VILLAGE,6 KM,13.213605,77.302982,5,0,0.0,5.0
Bengaluru Dist,Thyamagondlu PS,1.0442e+16,2022,1,1,Road Accidents,Curves,Rural Areas,Open area,Human Error,No,Fatal,Hit pedestrian,Uncontrolled,Curve,Others,Bitumen(Tar),Dry,Not Applicable,Fine,OTHER ROAD,NEAR PETROL BUNK,2 KM,13.234038,77.3037029,0,0,0.0,0.0
Bengaluru Dist,Thyamagondlu PS,1.0442e+16,2022,1,2,Road Accidents,Curves,Rural Areas,Open area,Human Error,No,Damage Only,Vehicle to Vehicle,Uncontrolled,Others,NH,Bitumen(Tar),Dry,Drainage Ditch,Fine,NH,NERA RAILWAY STATION,4 KM,13.25635,77.318573,4,0,0.0,4.0
Bengaluru Dist,Thyamagondlu PS,1.0442e+16,2023,1,2,Road Accidents,Cross roads,Rural Areas,Open area,Human Error,No,Fatal,Vehicle to Vehicle,Uncontrolled,Straight and flat,Others,Bitumen(Tar),Dry,No influence on accident,Fine,OTHERS,TAVARAEKERE CROSS,3KM,13.229543,77.300462,0,0,0.0,0.0
Bengaluru Dist,Thyamagondlu PS,1.0442e+16,2023,1,1,Road Accidents,Not Applicable,Rural Areas,Open area,Human Error,No,Damage Only,Vehicle to Vehicle,Uncontrolled,Others,NH,Bitumen(Tar),Dry,Not Applicable,Snow,NH 207,NEAR RAILWAY GATE,2 KM,13.247934,77.306439,0,0,0.0,0.0
Bengaluru Dist,Thyamagondlu PS,1.0442e+16,2023,1,2,Not Applicable,Not Applicable,Rural Areas,Near or inside a village,Vehicle Defect,No,Simple Injury,Vehicle to Vehicle,Not Applicable,Not Applicable,State Highway,Not Applicable,Not Applicable,Construction Work / Material,Cloudy,MUDDALINGANAHALLI FLY OVER,MUDDALINGANAHALLI FLY OVER,04 KM,13.245165,77.303076,2,0,0.0,2.0
Bengaluru Dist,Thyamagondlu PS,1.0442e+16,2023,1,2,Road Accidents,Narrow road,Rural Areas,Open area,Human Error,Yes,Grievous Injury,Vehicle to Vehicle,Uncontrolled,Straight and flat,NH,Bitumen(Tar),Dry,No influence on accident,Fine,NH,MUDDALINGANAHALLI GATE,3KM,13.241439,77.290739,0,0,0.0,0.0
Bengaluru Dist,Thyamagondlu PS,1.0442e+16,2023,1,2,Not Applicable,Not Applicable,Rural Areas,Near Bus stop,Not Applicable,Yes,Simple Injury,Vehicle to Vehicle,Not Applicable,Others,Others,Not Applicable,Not Applicable,Not Applicable,Cloudy,HANUMATHEGOWDANAPALYA GATE,HANUMATHEGOWDANAPALYA GATE,3 KM,13.207675,77.315423,0,0,0.0,0.0
Bengaluru Dist,Thyamagondlu PS,1.0442e+16,2023,1,2,Road Accidents,Not Applicable,Rural Areas,Near Bus stop,Not Applicable,No,Simple Injury,Vehicle to Vehicle,Not Applicable,Not Applicable,Others,Not Applicable,Others,Not Applicable,Clear,MUDDALINGANAHALLI VILLAGE,MUDDALINGANAHALLI VILLAGE,03 KM,13.239958,77.288849,0,1,0.0,1.0
Bengaluru Dist,Thyamagondlu PS,1.0442e+16,2023,1,2,Road Accidents,Narrow road,Rural Areas,Open area,Human Error,No,Grievous Injury,Vehicle to Vehicle,Uncontrolled,Others,Others,Bitumen(Tar),Dry,Not Applicable,Fine,MUDDALINGANAHALLI MANNE ROAD,NEAR RAILWAY GATE,5,13.217905,77.296846,0,0,0.0,0.0
Bengaluru Dist,Thyamagondlu PS,1.0442e+16,2023,1,1,Road Accidents,Narrow road,Rural Areas,Open area,Human Error,No,Fatal,Vehicle to Vehicle,Uncontrolled,Others,Others,Bitumen(Tar),Dry,Not Applicable,Fine,OTHER,NEAR FARM,2 KM,13.191806,77.333189,0,0,0.0,0.0
Bengaluru Dist,Thyamagondlu PS,1.0442e+16,2023,1,2,Road Accidents,Curves,Rural Areas,Open area,Human Error,No,Simple Injury,Vehicle to Vehicle,Uncontrolled,Others,NH,Bitumen(Tar),Dry,Drainage Ditch,Fine,NH 207,NEAR RAILWAY BRIDGE,6 KM,13.205357,77.357728,4,0,0.0,4.0
Bengaluru Dist,Thyamagondlu PS,1.0442e+16,2023,1,2,Not Applicable,Not Applicable,Rural Areas,Open area,Not Applicable,No,Simple Injury,Vehicle to Vehicle,Not Applicable,Others,Others,Not Applicable,Others,Not Applicable,Clear,THAYAMAGONDLU NIDAVANDA ROAD,THAYAMAGONDLU NIDAVANDA ROAD,02 KM,13.224532,77.282281,0,1,0.0,1.0
Bengaluru Dist,Thyamagondlu PS,1.0442e+16,2023,1,2,Road Accidents,Curves,Rural Areas,Open area,Human Error,No,Grievous Injury,Vehicle to Vehicle,Uncontrolled,Others,Others,Bitumen(Tar),Dry,Not Applicable,Fine,OTHER ROAD,NEAR BUS STOP,4 KM,0.0,0.0,0,0,0.0,0.0
Bengaluru Dist,Thyamagondlu PS,1.0442e+16,2023,1,2,Road Accidents,Narrow road,Rural Areas,Open area,Human Error,Yes,Grievous Injury,Vehicle to Vehicle,Uncontrolled,Straight and flat,NH,Bitumen(Tar),Dry,No influence on accident,Fine,OTHER ROAD,TAVAREKERE,2KM,13.227303,77.30262,0,0,0.0,0.0
Bengaluru Dist,Thyamagondlu PS,1.0442e+16,2023,1,1,Road Accidents,Narrow road,Rural Areas,Open area,Human Error,No,Damage Only,Not Applicable,Uncontrolled,Others,Others,Bitumen(Tar),Dry,Not Applicable,Fine,OTHER ROAD,near  bus stop,5,13.245197,77.302916,0,0,0.0,0.0
Bengaluru Dist,Thyamagondlu PS,1.0442e+16,2023,1,2,Road Accidents,Curves,Rural Areas,Open area,Human Error,Yes,Grievous Injury,Hit pedestrian,Uncontrolled,Curve,Mixed,Bitumen(Tar),Dry,Drainage Ditch,Flooding of Slipways/Rivulets,OTHER ROAD,NEAR NARASAPURA GAGE,3 KM,0.0,0.0,4,0,0.0,4.0
Bengaluru Dist,Thyamagondlu PS,1.0442e+16,2023,1,1,Not Applicable,Circle,Rural Areas,At pedestrian Crossing,Not Applicable,Yes,Simple Injury,Hit pedestrian,Not Applicable,Others,Others,Not Applicable,Not Applicable,Not Applicable,Clear,Balagere,balagere village,7 km,13.0,77.0,0,0,0.0,0.0
Bengaluru Dist,Thyamagondlu PS,1.0442e+16,2023,1,2,Not Applicable,Not Applicable,Rural Areas,Residential area,Not Applicable,No,Grievous Injury,Vehicle to Vehicle,Not at  Junction,Others,Others,Not Applicable,Not Applicable,Not Applicable,Fine,THAYAMAGONDLU BILLINAKOTE ROAD,THAYAMAGONDLU BILLINAKOTE ROAD,3KM,13.20774,77.289398,0,0,0.0,0.0
Bengaluru Dist,Thyamagondlu PS,1.0442e+16,2023,1,1,Road Accidents,Circle,Rural Areas,Open area,Human Error,No,Fatal,Hit pedestrian,Uncontrolled,Others,Others,Bitumen(Tar),Dry,Not Applicable,Fine,OTHER,NEAR BUS STOP,5,13.189747,77.311049,0,0,0.0,0.0
Bengaluru Dist,Thyamagondlu PS,1.0442e+16,2023,1,1,Road Accidents,Curves,Rural Areas,Open area,Human Error,Yes,Grievous Injury,Vehicle to Vehicle,Uncontrolled,Others,NH,Bitumen(Tar),Dry,Not Applicable,Fine,NH,NEAR RAILWAY BRIDGE,4,13.244404,77.302282,0,0,0.0,0.0
Bengaluru Dist,Thyamagondlu PS,1.0442e+16,2023,1,1,Road Accidents,Cross roads,Rural Areas,Open area,Human Error,No,Fatal,Not Applicable,Uncontrolled,Straight and flat,NH,Bitumen(Tar),Dry,Not Applicable,Fine,NH 207,NEAR MADDENAHALLI GATE,5 KM,13.14498,77.181811,0,0,0.0,0.0
Bengaluru Dist,Thyamagondlu PS,1.0442e+16,2023,1,2,Not Applicable,Narrow road,Rural Areas,Open area,Human Error,No,Grievous Injury,Vehicle to Vehicle,Uncontrolled,Others,Others,Bitumen(Tar),Dry,Pot holed,Fine,road rural,NEAR BUSSTAND,5,13.205886,77.301926,5,0,0.0,5.0
Bengaluru Dist,Thyamagondlu PS,1.0442e+16,2023,1,2,Road Accidents,Narrow road,Rural Areas,Residential area,Human Error,No,Simple Injury,Vehicle to Vehicle,Uncontrolled,Curve,Others,Bitumen(Tar),Dry,Not Applicable,Fine,rural road,near busstand,500mts,13.175423,77.299452,0,0,0.0,0.0
Bengaluru Dist,Thyamagondlu PS,1.0442e+16,2023,1,2,Road Accidents,Cross roads,Rural Areas,Near Bus stop,Human Error,No,Grievous Injury,Vehicle to Vehicle,Uncontrolled,Straight and flat,NH,Bitumen(Tar),Dry,No influence on accident,Fine,NH,NEAR ADHI HOSAHALLI GATE,4KM,13.253616,77.321658,0,0,0.0,0.0
Bengaluru Dist,Thyamagondlu PS,1.0442e+16,2023,1,2,Road Accidents,Circle,Rural Areas,Open area,Human Error,No,Fatal,Vehicle to Vehicle,Uncontrolled,Curve,Others,Bitumen(Tar),Dry,Not Applicable,Fine,OTHER ROAD,NEAR FARM,5 KM,13.192717,77.360636,0,0,0.0,0.0
Bengaluru Dist,Thyamagondlu PS,1.0442e+16,2023,1,2,Road Accidents,Curves,Rural Areas,Open area,Human Error,No,Grievous Injury,Vehicle to Vehicle,Uncontrolled,Curve,Others,Bitumen(Tar),Dry,Not Applicable,Fine,OTHER,NEAR HOTEL,6,13.21068,77.289937,0,0,0.0,0.0
Bengaluru Dist,Thyamagondlu PS,1.0442e+16,2023,1,2,Road Accidents,Narrow road,Rural Areas,Open area,Human Error,No,Grievous Injury,Vehicle to Vehicle,Uncontrolled,Curve,Others,Bitumen(Tar),Dry,Not Applicable,Others,OTHER ROAD,NEAR GOWDEN,5 KM,13.18387,77.300726,0,0,0.0,0.0
Bengaluru Dist,Thyamagondlu PS,1.0442e+16,2023,1,2,Road Accidents,Narrow road,Rural Areas,Open area,Human Error,No,Grievous Injury,Vehicle to Vehicle,Uncontrolled,Straight and flat,Others,Bitumen(Tar),Dry,No influence on accident,Fine,OTHERS,VINAYAKA NAGARA,3KM,13.235691,77.298979,0,0,0.0,0.0
Bengaluru Dist,Thyamagondlu PS,1.0442e+16,2023,1,2,Road Accidents,Not Applicable,Rural Areas,Near Bus stop,Not Applicable,Yes,Simple Injury,Vehicle to Vehicle,Not at  Junction,Others,Others,Not Applicable,Others,Not Applicable,Cloudy,LAKKENAHALLI VILLAGE,LAKKENAHALLI VILLAGE,5 KM,13.181096,77.29969,0,1,0.0,1.0
Bengaluru Dist,Thyamagondlu PS,1.0442e+16,2023,1,2,Not Applicable,Circle,Rural Areas,Residential area,Not Applicable,Not Applicable,Simple Injury,Vehicle to Vehicle,Not Applicable,Curve,Others,Not Applicable,Not Applicable,Not Applicable,Fine,SOMPURA INSUDTRIAL AREA,OPEN PLACE,3 KM,13.230013,77.280085,0,0,0.0,0.0
Bengaluru Dist,Thyamagondlu PS,1.0442e+16,2023,1,2,Road Accidents,Curves,Rural Areas,Open area,Human Error,Yes,Grievous Injury,Vehicle to Vehicle,Uncontrolled,Others,NH,Bitumen(Tar),Dry,Not Applicable,Fine,NH 207,NEAR VILLAGE,5 KM,13.261653,77.327641,0,0,0.0,0.0
Bengaluru Dist,Vijayapura PS,1.0442e+16,2016,1,1,Road Accidents,Other,Rural Areas,Open area,Vehicle Defect,No,Fatal,Hit pedestrian,Not at  Junction,Others,NH,Bitumen(Tar),Others,Not Applicable,Others,bellary-banglore NH-7road,Venkatagirikote,12 km,0.0,0.0,0,1,0.0,1.0
Bengaluru Dist,Vijayapura PS,1.0442e+16,2016,1,2,Road Accidents,Narrow road,Rural Areas,Open area,Human Error,No,Damage Only,Hit parked vehicle,Uncontrolled,Others,NH,Bitumen(Tar),Dry,Not Applicable,Fine,NH-07,Bullahalli gate,15 K.M,0.0,0.0,0,0,0.0,0.0
Bengaluru Dist,Vijayapura PS,1.0442e+16,2016,1,2,Road Accidents,Other,Not Applicable,Open area,Human Error,Yes,Grievous Injury,Others,Police / Manual,Others,NH,Not Applicable,Others,Not Applicable,Others,"NH7 Road, Venkatagirikote Lake",Max Worth Rock City India Limited,12 KM,0.0,0.0,0,1,0.0,1.0
Bengaluru Dist,Vijayapura PS,1.0442e+16,2016,1,2,Road Accidents,Other,Rural Areas,Open area,Human Error,No,Grievous Injury,Hit bicyclist,Not at  Junction,Others,NH,Bitumen(Tar),Others,No influence on accident,Others,BELLARY-BANGLORE ROAD NH-7,near bullahalli gate,12 km,0.0,0.0,0,1,0.0,1.0
Bengaluru Dist,Vijayapura PS,1.0442e+16,2016,1,1,Road Accidents,Other,Rural Areas,Open area,Human Error,No,Grievous Injury,Skidding or Self accident,Not at  Junction,Others,State Highway,Bitumen(Tar),Others,Not Applicable,Clear,vijayapura kolara road,near police station,01-Feb,0.0,0.0,0,1,0.0,1.0
Bengaluru Dist,Vijayapura PS,1.0442e+16,2016,1,2,Road Accidents,Circle,City/Town,Open area,Human Error,No,Grievous Injury,Others,Not Applicable,Others,Others,Not Applicable,Others,Not Applicable,Others,"Shidlaghatta-Vijayapura Road, Nagarabhavi Circle",Nagarabhavi Circle,2 KM,0.0,0.0,0,1,0.0,1.0
Bengaluru Dist,Vijayapura PS,1.0442e+16,2016,1,1,Road Accidents,Curves,Rural Areas,Open area,Human Error,Yes,Grievous Injury,Hit and Run,Not at  Junction,Curve,State Highway,Bitumen(Tar),Dry,Not Applicable,Fine,chandenahalli gate,chandenahalli gate vijayapur town,1km,0.0,0.0,0,0,0.0,0.0
Bengaluru Dist,Vijayapura PS,1.0442e+16,2016,1,2,Road Accidents,Other,Rural Areas,Open area,Vehicle Defect,No,Fatal,Hit bicyclist,Not at  Junction,Others,NH,Bitumen(Tar),Others,Not Applicable,Others,DEVANAHALI-VIJAYPAPURA -KOLAR BYPASS,NEAR KOLARR,2 KM,0.0,0.0,0,1,0.0,1.0
Bengaluru Dist,Vijayapura PS,1.0442e+16,2016,1,2,Road Accidents,Narrow road,Rural Areas,Open area,Vehicle Defect,No,Damage Only,Others,Not at  Junction,Others,NH,Bitumen(Tar),Dry,Not Applicable,Fine,nh7 road,irigenahalli gate,15km,0.0,0.0,0,0,0.0,0.0
Bengaluru Dist,Vijayapura PS,1.0442e+16,2016,1,2,Road Accidents,Narrow road,Rural Areas,Open area,Human Error,No,Grievous Injury,Right Turn Collision,Uncontrolled,Others,NH,Bitumen(Tar),Dry,Not Applicable,Fine,NH 07 ROAD.,Venkatagirikote u turn,12 KM,0.0,0.0,0,0,0.0,0.0
Bengaluru Dist,Vijayapura PS,1.0442e+16,2016,1,1,Road Accidents,Other,Rural Areas,Open area,Vehicle Defect,Yes,Fatal,Hit pedestrian,Not at  Junction,Others,NH,Bitumen(Tar),Others,Not Applicable,Cloudy,chikkaallapura-devanahalli NH7 road,near sangita daba,15 km,0.0,0.0,0,1,0.0,1.0
Bengaluru Dist,Vijayapura PS,1.0442e+16,2016,1,2,Road Accidents,Other,Not Applicable,Open area,Human Error,No,Grievous Injury,Others,Not Applicable,Others,NH,Not Applicable,Others,Not Applicable,Others,"NH7 ROAD, NEAR ATHIBELE GATE",ATHIBELE ROAD,14 KM,0.0,0.0,0,1,0.0,1.0
Bengaluru Dist,Vijayapura PS,1.0442e+16,2016,1,2,Road Accidents,Cross roads,Rural Areas,Open area,Human Error,No,Grievous Injury,Hit bicyclist,Not at  Junction,Others,Village Road,Bitumen(Tar),Others,Not Applicable,Others,gaddadanayakanahalli-mandibele road,NEAR MANDIBELE,5 km,0.0,0.0,0,1,0.0,1.0
Bengaluru Dist,Vijayapura PS,1.0442e+16,2016,1,1,Road Accidents,Other,Rural Areas,Near a religious place,Vehicle Defect,No,Fatal,Hit pedestrian,Not at  Junction,Others,NH,Bitumen(Tar),Others,Not Applicable,Others,BELLARY-BANGLORE ROAD NH-7,near sai baba temple,15 km,0.0,0.0,0,1,0.0,1.0
Bengaluru Dist,Vijayapura PS,1.0442e+16,2016,1,2,Road Accidents,Cross roads,City/Town,Open area,Human Error,No,Grievous Injury,Others,Not at  Junction,Curve and Incline,State Highway,Bitumen(Tar),Others,Not Applicable,Others,devanahalli vijayapura road,vijayapura devanahalli kolara bypass,4 km,0.0,0.0,0,1,0.0,1.0
Bengaluru Dist,Vijayapura PS,1.0442e+16,2016,1,2,Road Accidents,Other,Not Applicable,Open area,Human Error,No,Grievous Injury,Others,Not at  Junction,Others,NH,Not Applicable,Others,Not Applicable,Others,"NH7 ROAD, NEAR ATHIBELE GATE",SAI BABA TEMPLE,12 KM,0.0,0.0,0,1,0.0,1.0
Bengaluru Dist,Vijayapura PS,1.0442e+16,2016,1,2,Road Accidents,Other,Rural Areas,Near a religious place,Vehicle Defect,Yes,Grievous Injury,Others,Not at  Junction,Others,NH,Bitumen(Tar),Others,Not Applicable,Others,BELLARY-BANGLORE ROAD NH-7,near sai baba temple,15 km,0.0,0.0,0,1,0.0,1.0
Bengaluru Dist,Vijayapura PS,1.0442e+16,2016,1,2,Road Accidents,Other,Rural Areas,Near a factory industrial area,Human Error,No,Simple Injury,Others,Not at  Junction,Others,NH,Bitumen(Tar),Others,Not Applicable,Others,bellary-bangaluru NH7 road,neat isro gate,12 km,0.0,0.0,0,1,0.0,1.0
Bengaluru Dist,Vijayapura PS,1.0442e+16,2016,1,2,Road Accidents,Cross roads,Rural Areas,Open area,Vehicle Defect,Yes,Fatal,Hit bicyclist,Not at  Junction,Others,State Highway,Bitumen(Tar),Others,Not Applicable,Others,vijayapura-chikkaballapura road,near chinuvandanahalli gate,7 km,0.0,0.0,0,1,0.0,1.0
Bengaluru Dist,Vijayapura PS,1.0442e+16,2016,1,2,Road Accidents,Circle,City/Town,Near Bus stop,Not Applicable,No,Simple Injury,Side swipe,Controlled,Others,City or Town Road,Bitumen(Tar),Dry,No influence on accident,Fine,Chickballapura Kolar Road,Kempanna Complex Building,2,0.0,0.0,0,0,0.0,0.0
Bengaluru Dist,Vijayapura PS,1.0442e+16,2016,1,2,Road Accidents,Narrow road,Rural Areas,Open area,Human Error,No,Fatal,Hit bicyclist,Not at  Junction,Others,State Highway,Bitumen(Tar),Others,Not Applicable,Others,vijayapura-chikkaballapura road,in front of chikkanahallli dairy,5 km,0.0,0.0,0,1,0.0,1.0
Bengaluru Dist,Vijayapura PS,1.0442e+16,2016,1,2,Road Accidents,Other,Rural Areas,Open area,Human Error,No,Fatal,Hit bicyclist,Not at  Junction,Not Applicable,Village Road,Bitumen(Tar),Dry,Not Applicable,Fine,cn hosur,cn hosur cross,6km,0.0,0.0,0,0,0.0,0.0
Bengaluru Dist,Vijayapura PS,1.0442e+16,2016,1,2,Road Accidents,Narrow road,Rural Areas,Open area,Human Error,No,Grievous Injury,Hit parked vehicle,Stop sign,Others,NH,Bitumen(Tar),Dry,Not Applicable,Fine,NH-07,Bullahalli Gate,15 K.M,0.0,0.0,0,0,0.0,0.0
Bengaluru Dist,Vijayapura PS,1.0442e+16,2016,1,2,Road Accidents,Cross roads,Rural Areas,Open area,Vehicle Defect,No,Fatal,Hit bicyclist,Not at  Junction,Others,Village Road,Bitumen(Tar),Others,Not Applicable,Others,vijayapura mandibele road,NEAR MANDIBELE CROSS,4 km,0.0,0.0,0,1,0.0,1.0
Bengaluru Dist,Vijayapura PS,1.0442e+16,2016,1,2,Road Accidents,Other,Rural Areas,Residential area,Vehicle Defect,No,Fatal,Hit bicyclist,Not at  Junction,Others,NH,Bitumen(Tar),Others,Not Applicable,Others,DEVANAHALLI-CHIKKABALLAPURA ROAD,VENKATAGIRIKOTE,12 KM,0.0,0.0,0,1,0.0,1.0
Bengaluru Dist,Vijayapura PS,1.0442e+16,2016,1,2,Road Accidents,Circle,Rural Areas,Open area,Human Error,No,Grievous Injury,Others,Police / Manual,Others,NH,Not Applicable,Others,Not Applicable,Others,"NH7 Road, Venkatagirikote Circle",Near Venkatagirikote,15 KM,0.0,0.0,0,1,0.0,1.0
Bengaluru Dist,Vijayapura PS,1.0442e+16,2016,1,1,Road Accidents,Other,Rural Areas,Open area,Human Error,No,Fatal,Others,Not at  Junction,Hump,State Highway,Bitumen(Tar),Dry,Not Applicable,Fine,stet haiway,guduvanalli gate,6km,0.0,0.0,0,0,0.0,0.0
Bengaluru Dist,Vijayapura PS,1.0442e+16,2016,1,2,Road Accidents,Other,Rural Areas,Open area,Human Error,No,Fatal,Hit bicyclist,Not at  Junction,Crest of hill,State Highway,Bitumen(Tar),Others,Not Applicable,Clear,Vijayapura-Devanahalli Road,NEAR KURUBAR KUNTE,8 KM,0.0,0.0,0,1,0.0,1.0