DISTRICTNAME,UNITNAME,Crime_No,Year,RI,Noofvehicle_involved,Accident_Classification,Accident_Spot,Accident_Location,Accident_SubLocation,Main_Cause,Hit_Run,Severity,Collision_Type,Junction_Control,Road_Character,Road_Type,Surface_Type,Surface_Condition,Road_Condition,Weather,Accident_Road,Landmark_first,Distance_LandMark_First,Latitude,Longitude,Road_Condition_Score,Surface_Condition_Score,Surface_Type_Score,Road_Risk_Index
Bengaluru Dist,Vijayapura PS,1.0442e+16,2018,1,2,Road Accidents,Other,Rural Areas,Open area,Not Applicable,No,Damage Only,Others,Not Applicable,Others,Village Road,Not Applicable,Dry,Not Applicable,Others,Venkatagirikote Village,NH7 Road,12 KM,0.0,0.0,0,0,0.0,0.0
Bengaluru Dist,Vijayapura PS,1.0442e+16,2018,1,2,Road Accidents,Other,Rural Areas,Open area,Not Applicable,No,Grievous Injury,Others,Not Applicable,Others,NH,Not Applicable,Dry,Not Applicable,Others,NH Road,Devanahalli Chikkaballapura NH7 Road,8 KM,0.0,0.0,0,0,0.0,0.0
Bengaluru Dist,Vijayapura PS,1.0442e+16,2018,1,1,Road Accidents,Cross roads,Rural Areas,Open area,Human Error,No,Damage Only,Skidding or Self accident,Controlled,Others,NH,Bitumen(Tar),Dry,Not Applicable,Clear,Avathi,Nh 7 Road,15 KM,0.0,0.0,0,0,0.0,0.0
Bengaluru Dist,Vijayapura PS,1.0442e+16,2018,1,2,Not Applicable,Other,City/Town,Open area,Not Applicable,No,Grievous Injury,Others,Not Applicable,Others,State Highway,Not Applicable,Others,Not Applicable,Others,Vijayapura-Kolar Road,HMS Engineers Work,1/2 KM,0.0,0.0,0,1,0.0,1.0
Bengaluru Dist,Vijayapura PS,1.0442e+16,2018,1,2,Road Accidents,Other,Rural Areas,Open area,Vehicle Defect,Not Applicable,Damage Only,Hit parked vehicle,Not Applicable,Others,State Highway,Bitumen(Tar),Others,Not Applicable,Others,Vijayapura-Devanahalli Road,Near H P Petrol Bunk,6km,0.0,0.0,0,1,0.0,1.0
Bengaluru Dist,Vijayapura PS,1.0442e+16,2018,1,2,Road Accidents,Narrow road,Rural Areas,Open area,Human Error,Yes,Simple Injury,Hit and Run,No signal lights,Others,Village Road,Bitumen(Tar),Others,Not Applicable,Others,Avathi-Koramangala Road,Near Sultan Form,4 KM,0.0,0.0,0,1,0.0,1.0
Bengaluru Dist,Vijayapura PS,1.0442e+16,2018,1,1,Road Accidents,Other,Rural Areas,Open area,Human Error,Yes,Fatal,Not Applicable,Not at  Junction,Curve and Incline,NH,Bitumen(Tar),Dry,Not Applicable,Fine,Chikkaballapura-Devanahalli NH-7 Road,Near Shivana Land,20,0.0,0.0,0,0,0.0,0.0
Bengaluru Dist,Vijayapura PS,1.0442e+16,2018,1,2,Road Accidents,Other,City/Town,Open area,Not Applicable,No,Damage Only,Others,Not Applicable,Others,NH,Not Applicable,Others,Not Applicable,Others,Devanahalli-Chikkaballapura NH7 Road,Devanahalli NH7 Road,12 KM,0.0,0.0,0,1,0.0,1.0
Bengaluru Dist,Vijayapura PS,1.0442e+16,2018,1,2,Rail Road Accidents,Other,City/Town,Near Bus stop,Not Applicable,No,Grievous Injury,Others,Controlled,Others,NH,Bitumen(Tar),Others,Not Applicable,Clear,NH Road,Doddathathamangala,5 KM,0.0,0.0,0,1,0.0,1.0
Bengaluru Dist,Vijayapura PS,1.0442e+16,2018,1,2,Road Accidents,Other,Rural Areas,Open area,Not Applicable,No,Fatal,Others,Not Applicable,Others,NH,Bitumen(Tar),Dry,Not Applicable,Fine,Devanahalli-Chikkaballapura NH-7 Road,East Side Sangeetha Dhaba,70 ft,0.0,0.0,0,0,0.0,0.0
Bengaluru Dist,Vijayapura PS,1.0442e+16,2018,1,2,Road Accidents,Other,Rural Areas,Open area,Human Error,No,Simple Injury,Hit bicyclist,Not at  Junction,Others,NH,Bitumen(Tar),Others,No influence on accident,Others,Chikkaballapura-Devanahalli NH-07 Road,Near Venkatagirikote Village,14 km,0.0,0.0,0,1,0.0,1.0
Bengaluru Dist,Vijayapura PS,1.0442e+16,2018,1,2,Road Accidents,Other,City/Town,Near Bus stop,Human Error,No,Simple Injury,Hit bicyclist,Not at  Junction,Others,Others,Bitumen(Tar),Others,Not Applicable,Others,Devanahalli-Kolara,Near TMC Circle,1/2 Km,0.0,0.0,0,1,0.0,1.0
Bengaluru Dist,Vijayapura PS,1.0442e+16,2018,1,2,Road Accidents,Curves,Rural Areas,Open area,Human Error,No,Fatal,Right Turn Collision,No signal lights,Others,NH,Bitumen(Tar),Dry,Not Applicable,Fine,Chikkaballapura-Devanahalli NH-7 Road,Bookthi daba,20,0.0,0.0,0,0,0.0,0.0
Bengaluru Dist,Vijayapura PS,1.0442e+16,2018,1,2,Road Accidents,Other,City/Town,Open area,Vehicle Defect,No,Simple Injury,Others,Not Applicable,Others,NH,Not Applicable,Others,Not Applicable,Others,Chikkaballapura-Devanahalli NH7 Road,NH7 Road,13 KM,0.0,0.0,0,1,0.0,1.0
Bengaluru Dist,Vijayapura PS,1.0442e+16,2018,1,2,Road Accidents,Other,Rural Areas,Open area,Not Applicable,No,Damage Only,Others,Not Applicable,Others,NH,Not Applicable,Others,Not Applicable,Others,NH7 Road,Devanahalli chikkaballapura NH7 Road,12 KM,0.0,0.0,0,1,0.0,1.0
Bengaluru Dist,Vijayapura PS,1.0442e+16,2018,1,2,Road Accidents,Other,Rural Areas,Near a religious place,Human Error,Not Applicable,Simple Injury,Others,Not Applicable,Others,NH,Bitumen(Tar),Others,No influence on accident,Others,Bengaluru-Bellary NH-07 Road,Near Sai Baba Temple,13 km,0.0,0.0,0,1,0.0,1.0
Bengaluru Dist,Vijayapura PS,1.0442e+16,2018,1,1,Road Accidents,Narrow road,Villages settlement,Residential area,Human Error,Not Applicable,Fatal,Others,Not at  Junction,Others,State Highway,Bitumen(Tar),Dry,Not Applicable,Fine,Chikkaballapura-Vijayapura Road,KEB Office,24,0.0,0.0,0,0,0.0,0.0
Bengaluru Dist,Vijayapura PS,1.0442e+16,2018,1,1,Road Accidents,Not Applicable,Rural Areas,Open area,Human Error,No,Simple Injury,Hit pedestrian,Not Applicable,Others,State Highway,Bitumen(Tar),Others,Not Applicable,Others,Vijayapura-Devanahalli Road,Doddathathamangala Gate,08 KM,0.0,0.0,0,1,0.0,1.0
Bengaluru Dist,Vijayapura PS,1.0442e+16,2018,1,2,Road Accidents,Narrow road,Rural Areas,Open area,Human Error,No,Fatal,Head on,Not Applicable,Not Applicable,State Highway,Bitumen(Tar),Others,Not Applicable,Fine,Vijayapura-Devanahalli Road,Electric Pole,10,0.0,0.0,0,1,0.0,1.0
Bengaluru Dist,Vijayapura PS,1.0442e+16,2018,1,2,Road Accidents,Narrow road,Rural Areas,Open area,Human Error,No,Fatal,Others,Not at  Junction,Not Applicable,NH,Bitumen(Tar),Dry,Not Applicable,Fine,Chikkaballapura-Bengaluru NH-7 Road,Manjunatha Land,30,0.0,0.0,0,0,0.0,0.0
Bengaluru Dist,Vijayapura PS,1.0442e+16,2018,1,1,Road Accidents,Other,Rural Areas,Open area,Human Error,No,Fatal,Others,Not Applicable,Others,NH,Bitumen(Tar),Dry,Not Applicable,Clear,Chikkaballapura-Bengaluru NH-7 Road,Green Bricks Enclave,50 Ft,0.0,0.0,0,0,0.0,0.0
Bengaluru Dist,Vijayapura PS,1.0442e+16,2018,1,2,Road Accidents,Other,City/Town,Open area,Not Applicable,Not Applicable,Grievous Injury,Others,Not Applicable,Others,Two way,Not Applicable,Others,Not Applicable,Others,Other Road,Karnataka Bank,1/2 KM,0.0,0.0,0,1,0.0,1.0
Bengaluru Dist,Vijayapura PS,1.0442e+16,2018,1,2,Road Accidents,Other,Rural Areas,Open area,Not Applicable,Yes,Grievous Injury,Others,Not Applicable,Others,Others,Not Applicable,Others,Not Applicable,Others,Vijayapura-Chikkaballapura Road,Chikkaballapura Road,4 KM,0.0,0.0,0,1,0.0,1.0
Bengaluru Dist,Vijayapura PS,1.0442e+16,2018,1,1,Road Accidents,Other,Rural Areas,Open area,Not Applicable,No,Grievous Injury,Others,Not Applicable,Others,NH,Not Applicable,Others,Not Applicable,Clear,Chikkaballapura-Devanahalli NH7 Road,Devanahalli chikkaballapura NH7 Road,12 KM,0.0,0.0,0,1,0.0,1.0
Bengaluru Dist,Vijayapura PS,1.0442e+16,2018,1,1,Road Accidents,Other,Rural Areas,Near Petrol Pump,Human Error,No,Damage Only,Skidding or Self accident,Controlled,Others,NH,Bitumen(Tar),Dry,Not Applicable,Clear,"HP Petrol Bank,Venkatagirikote",Venkatagirikote,15,0.0,0.0,0,0,0.0,0.0
Bengaluru Dist,Vijayapura PS,1.0442e+16,2018,1,1,Road Accidents,Narrow road,Rural Areas,Open area,Human Error,No,Fatal,Others,Not at  Junction,Others,Others,Bitumen(Tar),Dry,Not Applicable,Fine,Nera RajaSheekar Land Avathi-Koramangala Road,Avathi Koramangala Road,12,0.0,0.0,0,0,0.0,0.0
Bengaluru Dist,Vijayapura PS,1.0442e+16,2018,1,2,Road Accidents,Other,Rural Areas,Near or inside a village,Not Applicable,Yes,Fatal,Others,Not Applicable,Others,Service Road,Bitumen(Tar),Dry,Not Applicable,Fine,Vijayapura-Kolara Bypass Road,Near Thrupthi Dhaba,120 ft,0.0,0.0,0,0,0.0,0.0
Bengaluru Dist,Vijayapura PS,1.0442e+16,2018,1,2,Road Accidents,Other,Rural Areas,Near or inside a village,Not Applicable,No,Fatal,Others,Not Applicable,Others,NH,Bitumen(Tar),Dry,Not Applicable,Fine,Devanahalli-Chikkaballapura NH-7 Road,South Side Tirumala dhaba,200mtr,0.0,0.0,0,0,0.0,0.0
Bengaluru Dist,Vijayapura PS,1.0442e+16,2018,1,2,Road Accidents,Other,Villages settlement,Open area,Not Applicable,No,Grievous Injury,Others,Not Applicable,Others,State Highway,Not Applicable,Others,Not Applicable,Others,Chikkaballapura-Kolar Road,JNN Ohoto Studio,1 KM,0.0,0.0,0,1,0.0,1.0
Bengaluru Dist,Vijayapura PS,1.0442e+16,2018,1,2,Road Accidents,Other,Rural Areas,Open area,Human Error,No,Simple Injury,Hit bicyclist,Not Applicable,Others,Village Road,Bitumen(Tar),Others,Not Applicable,Others,Irigenahalli Village Road,Near Irigenahalli Village,15 km,0.0,0.0,0,1,0.0,1.0
Bengaluru Dist,Vijayapura PS,1.0442e+16,2018,1,2,Road Accidents,Other,Rural Areas,Near or inside a village,Not Applicable,No,Fatal,Others,Not Applicable,Others,NH,Bitumen(Tar),Dry,Not Applicable,Fine,"Chikkaballapura-Devanahalli, NH-7 Road",East Side Gharana Dhaba,100 ft,0.0,0.0,0,0,0.0,0.0
Bengaluru Dist,Vijayapura PS,1.0442e+16,2018,1,2,Road Accidents,Narrow road,Rural Areas,Open area,Human Error,No,Fatal,Others,Not at  Junction,Not Applicable,NH,Surfaced,Dry,Not Applicable,Fine,Chikkaballapura-Bengaluru NH-7 Road,Near Daba,20,0.0,0.0,0,0,,
Bengaluru Dist,Vijayapura PS,1.0442e+16,2018,1,1,Road Accidents,Other,City/Town,Open area,Human Error,No,Simple Injury,Hit bicyclist,Not at  Junction,Others,State Highway,Bitumen(Tar),Others,No influence on accident,Others,Vijayaoura- Kolara Road,Near Basha Bidi Choutri,0.5 km,0.0,0.0,0,1,0.0,1.0
Bengaluru Dist,Vijayapura PS,1.0442e+16,2018,1,2,Road Accidents,Other,Rural Areas,Open area,Vehicle Defect,No,Damage Only,Run Off Road,Not at  Junction,Others,NH,Bitumen(Tar),Others,Not Applicable,Fog / Mist,Bengaluru-Bellary NH-07 Road,Near Janatha Colony,14 KM,0.0,0.0,0,1,0.0,1.0
Bengaluru Dist,Vijayapura PS,1.0442e+16,2018,1,2,Road Accidents,Culvert,Rural Areas,Narrow bridge or culverts,Vehicle Defect,Yes,Simple Injury,Hit and Run,No signal lights,Others,NH,Bitumen(Tar),Others,Not Applicable,Others,Bengaluru-Bellary NH-07 Road,NEAR AVATHI BRIDGE,15 km,0.0,0.0,0,1,0.0,1.0
Bengaluru Dist,Vijayapura PS,1.0442e+16,2018,1,1,Road Accidents,Narrow road,Rural Areas,Near or inside a village,Human Error,Not Applicable,Fatal,Hit bicyclist,Not at  Junction,Not Applicable,Major District Road,Bitumen(Tar),Dry,Not Applicable,Fine,Chikkaballapura-Vijayapura Road,Papanna Flore Mill,40 ft,0.0,0.0,0,0,0.0,0.0
Bengaluru Dist,Vijayapura PS,1.0442e+16,2018,1,1,Road Accidents,Other,Villages settlement,Near or inside a village,Not Applicable,No,Grievous Injury,Others,Not Applicable,Others,Village Road,Concrete,Dry,Drainage Ditch,Clear,"Opposote Milk Dairy, Doddathathamangala",Milk Diary Office,6,0.0,0.0,4,0,0.0,4.0
Bengaluru Dist,Vijayapura PS,1.0442e+16,2018,1,2,Road Accidents,Other,Rural Areas,Open area,Vehicle Defect,No,Damage Only,Others,Uncontrolled,Others,NH,Bitumen(Tar),Others,Not Applicable,Others,Bengaluru-bellary NH-07 Road,Near Irigenahalli Village,15 KM,0.0,0.0,0,1,0.0,1.0
Bengaluru Dist,Vijayapura PS,1.0442e+16,2018,1,1,Road Accidents,Circle,Rural Areas,Residential area,Human Error,Yes,Simple Injury,Hit pedestrian,Controlled,Others,NH,Bitumen(Tar),Not Applicable,Not Applicable,Others,chikabalapura-devanahali NH07 road,chikabalapuradevanahali nh 07 road,12,0.0,0.0,0,0,0.0,0.0
Bengaluru Dist,Vijayapura PS,1.0442e+16,2018,1,1,Road Accidents,Narrow road,Rural Areas,Open area,Human Error,No,Fatal,Skidding or Self accident,Not at  Junction,Not Applicable,Two way,Surfaced,Dry,Not Applicable,Fine,Vijayapura-DEvanahalli Road,Near Janglipirdarag vijayapura Devanahalli road,10 Ft,0.0,0.0,0,0,,
Bengaluru Dist,Vijayapura PS,1.0442e+16,2018,1,1,Road Accidents,Road hump or Rumble strips,Rural Areas,Near Bus stop,Human Error,No,Fatal,Others,Not at  Junction,Not Applicable,State Highway,Surfaced,Dry,Not Applicable,Fine,Vijayapura-Devanahalli Road,Near temple,20,0.0,0.0,0,0,,
Bengaluru Dist,Vijayapura PS,1.0442e+16,2018,1,2,Road Accidents,Other,Rural Areas,Open area,Not Applicable,No,Simple Injury,Others,Not Applicable,Others,Others,Not Applicable,Others,Not Applicable,Others,Chikkaballapura Vijayapura Road,Anjinappa Land,3 KM W,0.0,0.0,0,1,0.0,1.0
Bengaluru Dist,Vijayapura PS,1.0442e+16,2018,1,1,Road Accidents,Other,Rural Areas,Near a religious place,Human Error,No,Simple Injury,Hit pedestrian,Not at  Junction,Others,State Highway,Bitumen(Tar),Others,No influence on accident,Others,Vijayapura-Shidlaghatta Road,Near AnjaneyaTemple,12 km,0.0,0.0,0,1,0.0,1.0
Bengaluru Dist,Vijayapura PS,1.0442e+16,2018,1,1,Road Accidents,Circle,Rural Areas,Open area,Human Error,Yes,Simple Injury,Hit and Run,Controlled,Others,Village Road,Bitumen(Tar),Dry,Not Applicable,Clear,Venkatagirikote Gate,Venkatagirikote,15,0.0,0.0,0,0,0.0,0.0
Bengaluru Dist,Vijayapura PS,1.0442e+16,2018,1,1,Road Accidents,Narrow road,City/Town,Near Bus stop,Human Error,No,Fatal,Hit pedestrian,Uncontrolled,Not Applicable,City or Town Road,Bitumen(Tar),Dry,Not Applicable,Fine,Vijayapura Town,Ganesha Temple,25,0.0,0.0,0,0,0.0,0.0
Bengaluru Dist,Vijayapura PS,1.0442e+16,2018,1,1,Road Accidents,Other,City/Town,Open area,Not Applicable,No,Simple Injury,Others,Not Applicable,Others,NH,Not Applicable,Others,Not Applicable,Others,NH7 Road,Devanahalli chikkaballapura NH7 Road,13 KM,0.0,0.0,0,1,0.0,1.0
Bengaluru Dist,Vijayapura PS,1.0442e+16,2018,1,2,Road Accidents,Narrow road,Rural Areas,Open area,Human Error,No,Fatal,Others,Not at  Junction,Others,Two way,Bitumen(Tar),Dry,Not Applicable,Fine,Chikkaballapura-Vijayapura Road,Near Balakrishna Land,20,0.0,0.0,0,0,0.0,0.0
Bengaluru Dist,Vijayapura PS,1.0442e+16,2018,1,1,Road Accidents,Circle,Rural Areas,Near a religious place,Vehicle Defect,Not Applicable,Grievous Injury,Skidding or Self accident,Not at  Junction,Not Applicable,NH,Bitumen(Tar),Others,No influence on accident,Fine,Bengaluru-Bellary NH-07 Road,Near Sai Baba Temple,13 km,0.0,0.0,0,1,0.0,1.0
Bengaluru Dist,Vijayapura PS,1.0442e+16,2018,1,2,Rail Road Accidents,Other,Rural Areas,Open area,Human Error,Yes,Simple Injury,Hit and Run,Controlled,Others,NH,Bitumen(Tar),Dry,Not Applicable,Clear,Avathi Sai Baba Temple Road,Avathi,15,0.0,0.0,0,0,0.0,0.0
Bengaluru Dist,Vijayapura PS,1.0442e+16,2018,1,1,Road Accidents,Culvert,Rural Areas,Open area,Human Error,No,Fatal,Side swipe,Not at  Junction,Not Applicable,NH,Bitumen(Tar),Dry,Not Applicable,Fine,NH 7,Near Avathi Bridge,100,0.0,0.0,0,0,0.0,0.0
Bengaluru Dist,Vijayapura PS,1.0442e+16,2019,1,1,Road Accidents,Junction,Rural Areas,Open area,Human Error,Not Applicable,Damage Only,Hit animal,Uncontrolled,Straight and flat,NH,Bitumen(Tar),Dry,No influence on accident,Clear,Chikkaballapura-Devanahalli NH7 Road,Devanahalli chikkaballapura NH7 Road,12 KM,13.326576,77.724176,0,0,0.0,0.0
Bengaluru Dist,Vijayapura PS,1.0442e+16,2019,1,2,Road Accidents,Junction,Rural Areas,Open area,Human Error,Not Applicable,Grievous Injury,Vehicle to Vehicle,Uncontrolled,Straight and flat,NH,Bitumen(Tar),Dry,No influence on accident,Clear,Chikkaballapura-Devanahalli NH7 Road,Devanahalli chikkaballapura NH7 Road,12 KM,13.282877,77.7229019,0,0,0.0,0.0
Bengaluru Dist,Vijayapura PS,1.0442e+16,2019,1,2,Road Accidents,Narrow road,Rural Areas,Open area,Not Applicable,Not Applicable,Damage Only,Vehicle to Vehicle,Uncontrolled,Straight and flat,NH,Not Applicable,Dry,No influence on accident,Clear,Devanahalli-Chikkaballapura NH7 Road,Vijayapura chikkaballapura NH7 Road,10 KM,13.282936,77.72296,0,0,0.0,0.0
Bengaluru Dist,Vijayapura PS,1.0442e+16,2019,1,3,Road Accidents,Narrow road,Rural Areas,Open area,Human Error,Not Applicable,Damage Only,Vehicle to Vehicle,Uncontrolled,Crest of hill,NH,Bitumen(Tar),Dry,No influence on accident,Clear,Chikkaballapura-Devanahalli NH7 Road,Mudugurki Road,12 KM,13.351553,77.725739,0,0,0.0,0.0
Bengaluru Dist,Vijayapura PS,1.0442e+16,2019,1,1,Road Accidents,Narrow road,Rural Areas,Residential area,Human Error,No,Damage Only,Not Applicable,Uncontrolled,Curve,Service Road,Bitumen(Tar),Dry,No influence on accident,Clear,Vijayapura -Bulahalli Road,Bulahalli Road,5 KM,13.305349,77.77869,0,0,0.0,0.0
Bengaluru Dist,Vijayapura PS,1.0442e+16,2019,1,2,Road Accidents,Narrow road,Rural Areas,Open area,Human Error,No,Simple Injury,Vehicle to Vehicle,Uncontrolled,Straight and flat,NH,Bitumen(Tar),Dry,No influence on accident,Fine,Devanahalli-chickaballapur NH-07 Road,Near Alankar dhaba,10 KM,13.299862,77.794665,0,0,0.0,0.0
Bengaluru Dist,Vijayapura PS,1.0442e+16,2019,1,2,Road Accidents,Y Junction,Rural Areas,Near Bus stop,Human Error,No,Fatal,Others,Not Applicable,Not Applicable,State Highway,Bitumen(Tar),Dry,Not Applicable,Fine,Devanahalli Vijayapura Road,Byrappa Land,24,13.295062,77.7937129,0,0,0.0,0.0
Bengaluru Dist,Vijayapura PS,1.0442e+16,2019,1,1,Road Accidents,Narrow road,Rural Areas,Near or inside a village,Human Error,Not Applicable,Damage Only,Hit animal,Uncontrolled,Straight and flat,State Highway,Bitumen(Tar),Dry,No influence on accident,Clear,Basappana Toppu,Vijayapura Road,1 KM,13.309828,77.850323,0,0,0.0,0.0
Bengaluru Dist,Vijayapura PS,1.0442e+16,2019,1,3,Road Accidents,Narrow road,City/Town,Near School or College,Human Error,No,Damage Only,Vehicle to Vehicle,Uncontrolled,Straight and flat,NH,Bitumen(Tar),Dry,No influence on accident,Clear,C B Pura-Devanahalli NH-07 Road,Near Nagarjuna Collage,13 Km,13.352396,77.725818,0,0,0.0,0.0
Bengaluru Dist,Vijayapura PS,1.0442e+16,2019,1,2,Road Accidents,Junction,Rural Areas,Open area,Human Error,No,Grievous Injury,Vehicle to Vehicle,Uncontrolled,Straight and flat,State Highway,Bitumen(Tar),Dry,No influence on accident,Clear,Devanahalli-Vijayapura Road,Kurubarakunte Cross,8 KM,13.315574,77.7854039,0,0,0.0,0.0
Bengaluru Dist,Vijayapura PS,1.0442e+16,2019,1,2,Road Accidents,Other,Rural Areas,Open area,Not Applicable,Not Applicable,Simple Injury,Others,Not Applicable,Others,State Highway,Not Applicable,Others,Not Applicable,Clear,Devanahalli-Vijayapura Road,Devanahalli Road,2 KM,13.295918,77.794992,0,1,0.0,1.0
Bengaluru Dist,Vijayapura PS,1.0442e+16,2019,1,2,Road Accidents,Narrow road,Rural Areas,Open area,Human Error,No,Fatal,Vehicle to Vehicle,Not at  Junction,Not Applicable,NH,Bitumen(Tar),Dry,Not Applicable,Fine,Chikkaballapura-Bengaluru NH-7 Road,Near Venkagerikote,20,13.322158,77.7255209,0,0,0.0,0.0
Bengaluru Dist,Vijayapura PS,1.0442e+16,2019,1,2,Road Accidents,Junction,Rural Areas,Open area,Human Error,Yes,Damage Only,Vehicle to Vehicle,Uncontrolled,Straight and flat,NH,Bitumen(Tar),Dry,No influence on accident,Fine,C B Pura-Devanahalli NH-07 Road,Near Janatha Colony,14 Km,13.272497,77.721305,0,0,0.0,0.0
Bengaluru Dist,Vijayapura PS,1.0442e+16,2019,1,2,Road Accidents,Junction,City/Town,Residential area,Human Error,Yes,Simple Injury,Vehicle to Vehicle,Uncontrolled,Straight and flat,Residential Street,Bitumen(Tar),Dry,No influence on accident,Fine,Devanahalli-Vijayapura Road,Near Mori Cross Vijayapura Town,2 KM,13.29721,77.795561,0,0,0.0,0.0
Bengaluru Dist,Vijayapura PS,1.0442e+16,2019,1,2,Rail Road Accidents,Junction,Rural Areas,Near or inside a village,Human Error,No,Simple Injury,Vehicle to Vehicle,Uncontrolled,Straight and flat,NH,Bitumen(Tar),Dry,No influence on accident,Fine,NH7 Road,Near Venkatagirikote Gate,12 KM,13.331637,77.72555,0,0,0.0,0.0
Bengaluru Dist,Vijayapura PS,1.0442e+16,2019,1,2,Road Accidents,Cross roads,Rural Areas,Open area,Not Applicable,Not Applicable,Grievous Injury,Vehicle to Vehicle,Uncontrolled,Incline,Service Road,Bitumen(Tar),Dry,No influence on accident,Clear,Kommasandra Road,Kommasandra Village,7,13.310523,77.804254,0,0,0.0,0.0
Bengaluru Dist,Vijayapura PS,1.0442e+16,2019,1,2,Road Accidents,Narrow road,Rural Areas,Open area,Human Error,Not Applicable,Simple Injury,Vehicle to Vehicle,Uncontrolled,Straight and flat,NH,Not Applicable,Dry,No influence on accident,Clear,Chikkaballapura-Devanahalli NH7 Road,Devanahalli chikkaballapura NH7 Road,12 KM,13.3368,77.72573,0,0,0.0,0.0
Bengaluru Dist,Vijayapura PS,1.0442e+16,2019,1,3,Road Accidents,Junction,Rural Areas,Near Bus stop,Human Error,No,Simple Injury,Vehicle to Vehicle,Uncontrolled,Straight and flat,NH,Bitumen(Tar),Dry,No influence on accident,Clear,Bengaluru-Hydarabad NH-07 Road,Near V Kote Gate,12 KM,13.327028,77.725635,0,0,0.0,0.0
Bengaluru Dist,Vijayapura PS,1.0442e+16,2019,1,2,Road Accidents,Cross roads,Rural Areas,Near or inside a village,Human Error,Not Applicable,Grievous Injury,Vehicle to Vehicle,Uncontrolled,Straight and flat,Service Road,Bitumen(Tar),Dry,No influence on accident,Clear,Gonuru Road,Bijjawara Road,5 KM,13.34596,77.726574,0,0,0.0,0.0
Bengaluru Dist,Vijayapura PS,1.0442e+16,2019,1,2,Road Accidents,Narrow road,Rural Areas,Open area,Human Error,No,Fatal,Vehicle to Vehicle,Not at  Junction,Others,State Highway,Bitumen(Tar),Dry,Not Applicable,Fine,Vijayapura -Devanahalli Road,Near Jangli Peer Darga,200,13.288304,77.779772,0,0,0.0,0.0
Bengaluru Dist,Vijayapura PS,1.0442e+16,2019,1,1,Road Accidents,Narrow road,Rural Areas,Near a religious place,Human Error,No,Damage Only,Hit animal,Uncontrolled,Straight and flat,NH,Bitumen(Tar),Dry,No influence on accident,Cloudy,Chikaballapura Devanahali NH 07 Road,Near Sai Baba Temple,10 KM,13.28286,77.722968,0,0,0.0,0.0
Bengaluru Dist,Vijayapura PS,1.0442e+16,2019,1,1,Road Accidents,Road hump or Rumble strips,Rural Areas,Open area,Human Error,No,Fatal,Not Applicable,Not at  Junction,Not Applicable,State Highway,Bitumen(Tar),Dry,Not Applicable,Fine,Devanahalli Vijayapura Road,Road Humps,80ft,13.280992,77.763508,0,0,0.0,0.0
Bengaluru Dist,Vijayapura PS,1.0442e+16,2019,1,2,Road Accidents,Narrow road,Rural Areas,Open area,Human Error,Yes,Grievous Injury,Vehicle to Vehicle,Uncontrolled,Straight and flat,NH,Bitumen(Tar),Dry,No influence on accident,Clear,Devanahalli-Chikkaballapura NH7 Road,Devanahalli chikkaballapura NH7 Road,12 KM,13.327502,77.72567,0,0,0.0,0.0
Bengaluru Dist,Vijayapura PS,1.0442e+16,2019,1,2,Road Accidents,Junction,Rural Areas,Open area,Human Error,No,Damage Only,Vehicle to Vehicle,Uncontrolled,Straight and flat,NH,Bitumen(Tar),Dry,No influence on accident,Fine,Chikkaballapura-Devanahalli NH7 Road,Devanahalli Road,10 KM,13.316519,77.725583,0,0,0.0,0.0
Bengaluru Dist,Vijayapura PS,1.0442e+16,2019,1,1,Road Accidents,Junction,Rural Areas,Near or inside a village,Human Error,Not Applicable,Damage Only,Hit animal,Uncontrolled,Straight and flat,NH,Bitumen(Tar),Dry,No influence on accident,Clear,CHIKKABALLAPURA - DEVANAHALLI NH-7 ROAD,AVATHI BRIDGE,10 FT,13.297097,77.725399,0,0,0.0,0.0
Bengaluru Dist,Vijayapura PS,1.0442e+16,2019,1,2,Road Accidents,Narrow road,Rural Areas,Open area,Human Error,No,Fatal,Vehicle to Vehicle,Not at  Junction,Straight and flat,Others,Bitumen(Tar),Dry,Not Applicable,Fine,Land By Nagaraju,Near Electric Pol,25,13.316564,77.6951369,0,0,0.0,0.0
Bengaluru Dist,Vijayapura PS,1.0442e+16,2019,1,1,Road Accidents,Narrow road,Rural Areas,Near Bus stop,Human Error,Yes,Grievous Injury,Hit pedestrian,Controlled,Curve,Minor District Road,Bitumen(Tar),Dry,No influence on accident,Clear,Vijayapura busstand,vijayapura busstand,100m,13.295782,77.802578,0,0,0.0,0.0
Bengaluru Dist,Vijayapura PS,1.0442e+16,2019,1,1,Road Accidents,Narrow road,Rural Areas,Open area,Human Error,Not Applicable,Damage Only,Not Applicable,Uncontrolled,Straight and flat,NH,Bitumen(Tar),Dry,No influence on accident,Fine,chikabalapura-devanahali NH07 road,chikabalapuradevanahali nh 07 road,10km,13.267742,77.719607,0,0,0.0,0.0
Bengaluru Dist,Vijayapura PS,1.0442e+16,2019,1,2,Road Accidents,Curves,Rural Areas,Near or inside a village,Human Error,Not Applicable,Grievous Injury,Vehicle to Vehicle,Uncontrolled,Curve,Service Road,Bitumen(Tar),Dry,No influence on accident,Clear,Vijayapura Road,Dandiganahalli Road,7 KM,13.305133,77.780333,0,0,0.0,0.0