DISTRICTNAME,UNITNAME,Crime_No,Year,RI,Noofvehicle_involved,Accident_Classification,Accident_Spot,Accident_Location,Accident_SubLocation,Main_Cause,Hit_Run,Severity,Collision_Type,Junction_Control,Road_Character,Road_Type,Surface_Type,Surface_Condition,Road_Condition,Weather,Accident_Road,Landmark_first,Distance_LandMark_First,Latitude,Longitude,Road_Condition_Score,Surface_Condition_Score,Surface_Type_Score,Road_Risk_Index
Bengaluru Dist,Vijayapura PS,1.0442e+16,2019,1,2,Road Accidents,Junction,Rural Areas,Open area,Human Error,No,Grievous Injury,Vehicle to Vehicle,Uncontrolled,Straight and flat,NH,Bitumen(Tar),Dry,No influence on accident,Fine,Devanahalli-Chikkaballapura NH7 Road,Irigenahalli Road,12 KM,13.293073,77.751563,0,0,0.0,0.0
Bengaluru Dist,Vijayapura PS,1.0442e+16,2019,1,2,Road Accidents,Junction,Rural Areas,Open area,Human Error,Not Applicable,Grievous Injury,Vehicle to Vehicle,Signal lights Manual,Incline,State Highway,Bitumen(Tar),Dry,No influence on accident,Clear,Devanahalli-Vijayapura Road,Devanahalli Road,1 KM,13.29453,77.794511,0,0,0.0,0.0
Bengaluru Dist,Vijayapura PS,1.0442e+16,2019,1,2,Road Accidents,Junction,City/Town,Near a factory industrial area,Human Error,No,Grievous Injury,Vehicle to Vehicle,Uncontrolled,Straight and flat,Minor District Road,Bitumen(Tar),Dry,No influence on accident,Clear,Vijayapura-Devanahalli Road,Near Silk Department quatress,1 KM,13.290667,77.806466,0,0,0.0,0.0
Bengaluru Dist,Vijayapura PS,1.0442e+16,2019,1,2,Road Accidents,Narrow road,Rural Areas,Open area,Not Applicable,No,Damage Only,Vehicle to Vehicle,Uncontrolled,Straight and flat,NH,Bitumen(Tar),Dry,No influence on accident,Fine,Chikkaballapura-Devanahalli NH7 Road,Devanahalli chikkaballapura NH7 Road,10 KM,13.308626,77.725533,0,0,0.0,0.0
Bengaluru Dist,Vijayapura PS,1.0442e+16,2019,1,1,Road Accidents,Narrow road,Rural Areas,Open area,Human Error,No,Grievous Injury,Hit pedestrian,Uncontrolled,Straight and flat,Service Road,Bitumen(Tar),Dry,No influence on accident,Cloudy,vijayapura Komasandra Road,Vijayapura komasandar Road,5 KM,13.311161,77.8041299,0,0,0.0,0.0
Bengaluru Dist,Vijayapura PS,1.0442e+16,2019,1,1,Road Accidents,Narrow road,Rural Areas,Near or inside a village,Human Error,Not Applicable,Damage Only,Hit animal,Uncontrolled,Straight and flat,Service Road,Bitumen(Tar),Dry,No influence on accident,Clear,Kormangala Forest,Kormangala,7,13.289077,77.7651,0,0,0.0,0.0
Bengaluru Dist,Vijayapura PS,1.0442e+16,2019,1,1,Road Accidents,Cross roads,City/Town,Near Petrol Pump,Human Error,No,Grievous Injury,Not Applicable,Uncontrolled,Curve and Incline,State Highway,Bitumen(Tar),Dry,No influence on accident,Clear,Vijayapura-Devanahalli Road,Basappana Toppu,3 KM,13.309703,77.801147,0,0,0.0,0.0
Bengaluru Dist,Vijayapura PS,1.0442e+16,2019,1,2,Road Accidents,Narrow road,Rural Areas,Open area,Human Error,No,Fatal,Others,Not at  Junction,Not Applicable,NH,Bitumen(Tar),Dry,Not Applicable,Fine,Chikkaballapura-Devanahalli NH-7 Road,Byrappa Land,5,13.29226,77.751498,0,0,0.0,0.0
Bengaluru Dist,Vijayapura PS,1.0442e+16,2019,1,2,Road Accidents,Narrow road,Rural Areas,Near Petrol Pump,Human Error,Yes,Simple Injury,Vehicle to Vehicle,Uncontrolled,Straight and flat,NH,Bitumen(Tar),Dry,No influence on accident,Clear,Devanahalli-Chikkaballapura NH7 Road,Devanahalli chikkaballapura NH7 Road,12 KM,13.274064,77.750661,0,0,0.0,0.0
Bengaluru Dist,Vijayapura PS,1.0442e+16,2019,1,1,Road Accidents,Narrow road,Rural Areas,Open area,Not Applicable,Not Applicable,Grievous Injury,Hit pedestrian,Uncontrolled,Incline,Service Road,Bitumen(Tar),Muddy,No influence on accident,Clear,Gobbaragunte Village,Gobbaragunte Road,11 KM,13.306039,77.811275,0,4,0.0,4.0
Bengaluru Dist,Vijayapura PS,1.0442e+16,2019,1,2,Road Accidents,Narrow road,Rural Areas,Open area,Human Error,No,Grievous Injury,Vehicle to Vehicle,Uncontrolled,Straight and flat,NH,Bitumen(Tar),Dry,No influence on accident,Clear,Chikkaballapura-Devanahalli NH7 Road,Devanahalli chikkaballapura NH7 Road,12 KM,13.329305,77.7423819,0,0,0.0,0.0
Bengaluru Dist,Vijayapura PS,1.0442e+16,2019,1,2,Road Accidents,Narrow road,Rural Areas,Open area,Not Applicable,No,Simple Injury,Vehicle to Vehicle,Uncontrolled,Straight and flat,Service Road,Not Applicable,Dry,No influence on accident,Clear,Chikkaballapura-Vijayapura Road,Vijayapura chikkaballapura NH7 Road,4 KM,13.302777,77.802331,0,0,0.0,0.0
Bengaluru Dist,Vijayapura PS,1.0442e+16,2019,1,1,Road Accidents,Narrow road,Villages settlement,Near Bus stop,Human Error,No,Fatal,Others,Not at  Junction,Others,State Highway,Bitumen(Tar),Dry,Not Applicable,Fine,Vijayapura-Devanahalli Road,Mitra store,25,13.323118,77.724645,0,0,0.0,0.0
Bengaluru Dist,Vijayapura PS,1.0442e+16,2019,1,1,Road Accidents,Curves,Rural Areas,Open area,Vehicle Defect,No,Damage Only,Not Applicable,Uncontrolled,Curve,One way,Not Applicable,Dry,No influence on accident,Clear,Doddathathamangala-Yaliyuru Road,Doddathathamangala Road,8 KM,13.273146,77.760323,0,0,0.0,0.0
Bengaluru Dist,Vijayapura PS,1.0442e+16,2019,1,2,Road Accidents,Circle,Rural Areas,Near Bus stop,Human Error,Not Applicable,Simple Injury,Vehicle to Vehicle,Uncontrolled,Straight and flat,NH,Bitumen(Tar),Dry,No influence on accident,Clear,Devanahalli-chickaballapur NH-07 Road,Near Venkatagirikote Gate,10 KM,13.327615,77.72566,0,0,0.0,0.0
Bengaluru Dist,Vijayapura PS,1.0442e+16,2019,1,2,Road Accidents,Cross roads,Rural Areas,Open area,Human Error,No,Simple Injury,Vehicle to Vehicle,Uncontrolled,Straight and flat,Service Road,Bitumen(Tar),Dry,No influence on accident,Clear,A Ranganathapura Road,Vijayapura Road,5 KM,13.335942,77.7919559,0,0,0.0,0.0
Bengaluru Dist,Vijayapura PS,1.0442e+16,2019,1,2,Rail Road Accidents,Narrow road,Rural Areas,Narrow bridge or culverts,Human Error,Yes,Simple Injury,Vehicle to Vehicle,Uncontrolled,Straight and flat,NH,Bitumen(Tar),Dry,No influence on accident,Fine,C B Pura-Devanahalli NH-07 Road,Near Avathi Canara Bank,12 Km,13.300881,77.725365,0,0,0.0,0.0
Bengaluru Dist,Vijayapura PS,1.0442e+16,2019,1,2,Road Accidents,Junction,Rural Areas,Open area,Human Error,Not Applicable,Simple Injury,Vehicle to Vehicle,Controlled,Straight and flat,State Highway,Bitumen(Tar),Dry,No influence on accident,Clear,Bypass Road,Vijayapura Town,1 KM,13.284643,77.800879,0,0,0.0,0.0
Bengaluru Dist,Vijayapura PS,1.0442e+16,2019,1,1,Road Accidents,Narrow road,Rural Areas,Near Bus stop,Human Error,No,Fatal,Hit pedestrian,Not at  Junction,Straight and flat,State Highway,Bitumen(Tar),Dry,Not Applicable,Fine,Vijayapura-Shidlaghatta Road,Bhatrenahalli Gate,20,13.325422,77.81585,0,0,0.0,0.0
Bengaluru Dist,Vijayapura PS,1.0442e+16,2019,1,2,Road Accidents,Narrow road,City/Town,Near or inside a village,Human Error,No,Grievous Injury,Vehicle to Vehicle,Uncontrolled,Dip or trough,Service Road,Bitumen(Tar),Dry,No influence on accident,Clear,Vijayapura-Kolar Road,Hardipura Village Near By Vijayapura Town,2 KM,13.286239,77.813359,0,0,0.0,0.0
Bengaluru Dist,Vijayapura PS,1.0442e+16,2019,1,1,Road Accidents,Narrow road,Rural Areas,Open area,Human Error,No,Fatal,Others,Not at  Junction,Others,NH,Bitumen(Tar),Dry,Not Applicable,Fine,Chikkaballapura-Devanahalli NH-7 Road,Pallavi Dabha,40,13.283149,77.722925,0,0,0.0,0.0
Bengaluru Dist,Vijayapura PS,1.0442e+16,2019,1,2,Road Accidents,Narrow road,Rural Areas,Open area,Human Error,Not Applicable,Grievous Injury,Vehicle to Vehicle,Uncontrolled,Straight and flat,Minor District Road,Bitumen(Tar),Dry,No influence on accident,Clear,Chikaballapur-vijayapura Road,Near Rodahalli Village,3km,13.323626,77.778055,0,0,0.0,0.0
Bengaluru Dist,Vijayapura PS,1.0442e+16,2019,1,2,Road Accidents,Junction,Rural Areas,Narrow bridge or culverts,Human Error,Yes,Simple Injury,Vehicle to Vehicle,Uncontrolled,Straight and flat,NH,Bitumen(Tar),Dry,No influence on accident,Clear,Chikkaballapura-Devanahalli NH7 Road,Devanahalli chikkaballapura NH7 Road,12 KM,13.296631,77.725649,0,0,0.0,0.0
Bengaluru Dist,Vijayapura PS,1.0442e+16,2019,1,1,Road Accidents,Junction,Rural Areas,Open area,Not Applicable,No,Grievous Injury,Hit pedestrian,Uncontrolled,Straight and flat,NH,Bitumen(Tar),Dry,No influence on accident,Fine,Chikkaballapura-Devanahalli NH7 Road,Devanahalli chikkaballapura NH7 Road,12 KM,13.292133,77.732067,0,0,0.0,0.0
Bengaluru Dist,Vijayapura PS,1.0442e+16,2019,1,1,Road Accidents,Junction,Rural Areas,Open area,Human Error,Not Applicable,Damage Only,Hit animal,Uncontrolled,Curve and Incline,State Highway,Not Applicable,Dry,No influence on accident,Clear,Devanahalli-Vijayapura Road,Vijayapura Road,2,13.288806,77.784443,0,0,0.0,0.0
Bengaluru Dist,Vijayapura PS,1.0442e+16,2019,1,2,Road Accidents,Cross roads,Rural Areas,Open area,Human Error,Yes,Damage Only,Vehicle to Vehicle,Uncontrolled,Straight and flat,State Highway,Bitumen(Tar),Flooded,No influence on accident,Clear,Devanahalli-Vijayapura Road,Devanahalli Road,4 KM,13.283019,77.773441,0,5,0.0,5.0
Bengaluru Dist,Vijayapura PS,1.0442e+16,2019,1,1,Road Accidents,Junction,Rural Areas,Open area,Human Error,Not Applicable,Damage Only,Not Applicable,Uncontrolled,Straight and flat,State Highway,Bitumen(Tar),Dry,No influence on accident,Clear,Devanahalli-Vijayapura Road,Devanahalli Road,1 KM,13.288546,77.7841719,0,0,0.0,0.0
Bengaluru Dist,Vijayapura PS,1.0442e+16,2019,1,2,Road Accidents,Narrow road,Rural Areas,Open area,Human Error,No,Fatal,Vehicle to Vehicle,Not at  Junction,Straight and flat,NH,Bitumen(Tar),Dry,Not Applicable,Fine,Chikkaballapura Devanahalli NH 07 Road,SIVPL way birza,12,13.28307,77.722924,0,0,0.0,0.0
Bengaluru Dist,Vijayapura PS,1.0442e+16,2019,1,1,Road Accidents,Narrow road,Villages settlement,Residential area,Human Error,No,Fatal,Hit pedestrian,Not at  Junction,Not Applicable,NH,Bitumen(Tar),Dry,Not Applicable,Fine,Chikkaballapura-Devanahalli NH-7 Road,Manjunatha Shap,6,13.327795,77.7254729,0,0,0.0,0.0
Bengaluru Dist,Vijayapura PS,1.0442e+16,2019,1,1,Road Accidents,Junction,Rural Areas,Near Bus stop,Human Error,Not Applicable,Grievous Injury,Hit pedestrian,Uncontrolled,Straight and flat,NH,Bitumen(Tar),Dry,No influence on accident,Clear,Bullahalli Gate,Vijayapura chikkaballapura NH7 Road,8,13.308649,77.725547,0,0,0.0,0.0
Bengaluru Dist,Vijayapura PS,1.0442e+16,2019,1,1,Road Accidents,Cross roads,City/Town,Near School or College,Human Error,No,Grievous Injury,Hit bicyclist,Uncontrolled,Hump,State Highway,Bitumen(Tar),Dry,No influence on accident,Clear,Devanahalli-Vijayapura Road,Devanahalli Road,1/2 KM,13.29622,77.799809,0,0,0.0,0.0
Bengaluru Dist,Vijayapura PS,1.0442e+16,2019,1,2,Road Accidents,Narrow road,Rural Areas,Open area,Human Error,No,Grievous Injury,Vehicle to Vehicle,Uncontrolled,Curve,Service Road,Bitumen(Tar),Dry,No influence on accident,Clear,Vijayapura-Chanarayapatana Road Near by Baluvanahali Gate,VijayapuraChanarayapatana Road,6,13.267906,77.800352,0,0,0.0,0.0
Bengaluru Dist,Vijayapura PS,1.0442e+16,2019,1,1,Road Accidents,Narrow road,Rural Areas,Open area,Human Error,No,Fatal,Not Applicable,Not at  Junction,Straight and flat,NH,Bitumen(Tar),Dry,Not Applicable,Fine,"NH 07 Road, Avathi Village",NH Road,20 ft,13.298003,77.725558,0,0,0.0,0.0
Bengaluru Dist,Vijayapura PS,1.0442e+16,2019,1,1,Road Accidents,Narrow road,Rural Areas,Near Bus stop,Human Error,No,Fatal,Overturning,Not at  Junction,Straight and flat,State Highway,Bitumen(Tar),Dry,Not Applicable,Fine,Vijayapura-Devanahalli Road,Kurubarakunte Cross,15,13.289405,77.808584,0,0,0.0,0.0
Bengaluru Dist,Vijayapura PS,1.0442e+16,2019,1,2,Road Accidents,Junction,Rural Areas,Open area,Not Applicable,Not Applicable,Grievous Injury,Vehicle to Vehicle,Uncontrolled,Straight and flat,NH,Bitumen(Tar),Dry,No influence on accident,Fine,Devanahalli-Chikkaballapura NH7 Road,Devanahalli chikkaballapura NH7 Road,12 KM,13.288498,77.799291,0,0,0.0,0.0
Bengaluru Dist,Vijayapura PS,1.0442e+16,2019,1,1,Road Accidents,Not Applicable,City/Town,Open area,Not Applicable,No,Grievous Injury,Not Applicable,Not Applicable,Others,Others,Not Applicable,Dry,Not Applicable,Fine,Vijayapura Road,Market Road,1/2 KM,13.292639,77.78729,0,0,0.0,0.0
Bengaluru Dist,Vijayapura PS,1.0442e+16,2019,1,1,Road Accidents,Cross roads,Rural Areas,Open area,Human Error,No,Fatal,Hit pedestrian,Not at  Junction,Curve,Others,Bitumen(Tar),Dry,Not Applicable,Fine,Chandenahalli Road,Electric Pole,20,13.308563,77.8044619,0,0,0.0,0.0
Bengaluru Dist,Vijayapura PS,1.0442e+16,2019,1,2,Road Accidents,Narrow road,Rural Areas,Narrow bridge or culverts,Human Error,No,Fatal,Vehicle to Vehicle,Not at  Junction,Not Applicable,NH,Bitumen(Tar),Dry,Not Applicable,Fine,Chikkaballapura-Devanahalli NH-7 Road,Near Mudugurki Gate,30ft,13.341392,77.725585,0,0,0.0,0.0
Bengaluru Dist,Vijayapura PS,1.0442e+16,2019,1,1,Road Accidents,Narrow road,Rural Areas,Residential area,Human Error,No,Fatal,Hit pedestrian,Not at  Junction,Straight and flat,Others,Bitumen(Tar),Dry,Not Applicable,Fine,Yaluvalli Road,Electric Pol,8,13.2954,77.8103329,0,0,0.0,0.0
Bengaluru Dist,Vijayapura PS,1.0442e+16,2019,1,2,Road Accidents,Narrow road,Rural Areas,Near Petrol Pump,Human Error,No,Simple Injury,Vehicle to Vehicle,Uncontrolled,Straight and flat,State Highway,Bitumen(Tar),Dry,No influence on accident,Others,Devanahali-Kolara Road Bypass,DevanahaliKolara Road Bypass,2km,13.29265,77.798251,0,0,0.0,0.0
Bengaluru Dist,Vijayapura PS,1.0442e+16,2019,1,1,Road Accidents,Bridge,Rural Areas,Open area,Human Error,No,Fatal,Others,Not at  Junction,Others,Village Road,Bitumen(Tar),Dry,Not Applicable,Fine,"Avathi Kodagurki Road, Avathi Lake",Iron Electric pole,20rt,13.297871,77.722945,0,0,0.0,0.0
Bengaluru Dist,Vijayapura PS,1.0442e+16,2019,1,2,Road Accidents,Narrow road,Rural Areas,Residential area,Human Error,No,Simple Injury,Vehicle to Vehicle,Uncontrolled,Not Applicable,Residential Street,Bitumen(Tar),Dry,No influence on accident,Cloudy,Vijayapura-Avati Road,Koramanagala Road,5 KM,13.296993,77.728026,0,0,0.0,0.0
Bengaluru Dist,Vijayapura PS,1.0442e+16,2019,1,2,Road Accidents,Narrow road,Rural Areas,Open area,Human Error,No,Fatal,Vehicle to Vehicle,Not at  Junction,Others,State Highway,Bitumen(Tar),Dry,Not Applicable,Fine,Devanahalli Vijayapura Road,Basapa Topu Vijayapura Town,25,13.309223,77.80127,0,0,0.0,0.0
Bengaluru Dist,Vijayapura PS,1.0442e+16,2019,1,1,Road Accidents,Narrow road,Rural Areas,Open area,Human Error,Not Applicable,Damage Only,Not Applicable,Uncontrolled,Straight and flat,NH,Bitumen(Tar),Dry,No influence on accident,Clear,NH7 Road,Mudugurki Road,15 KM,13.342792,77.725722,0,0,0.0,0.0
Bengaluru Dist,Vijayapura PS,1.0442e+16,2019,1,2,Road Accidents,Road hump or Rumble strips,Rural Areas,Open area,Human Error,Yes,Fatal,Vehicle to Vehicle,Not at  Junction,Others,State Highway,Bitumen(Tar),Dry,Not Applicable,Fine,Chikkathathamangala Gate,Chikkathathamangala Gate Vijayapura Devanahalli Road,8,13.285453,77.76045,0,0,0.0,0.0
Bengaluru Dist,Vijayapura PS,1.0442e+16,2019,1,2,Road Accidents,Narrow road,Rural Areas,Open area,Human Error,No,Fatal,Vehicle to Vehicle,Not at  Junction,Not Applicable,NH,Bitumen(Tar),Dry,Not Applicable,Fine,NH 07,Solar Light,40 ft,13.308547,77.725536,0,0,0.0,0.0
Bengaluru Dist,Vijayapura PS,1.0442e+16,2019,1,2,Road Accidents,Narrow road,Rural Areas,Open area,Human Error,No,Grievous Injury,Vehicle to Vehicle,Uncontrolled,Straight and flat,Major District Road,Bitumen(Tar),Dry,No influence on accident,Clear,"Vijayapura-Shidlaghatta Road, Near Akkayamma Temple,Shettihalli Village",Vijayapura Shidlaghatta Road,3 KM,13.30523,77.804477,0,0,0.0,0.0
Bengaluru Dist,Vijayapura PS,1.0442e+16,2019,1,2,Road Accidents,Junction,City/Town,Near Bus stop,Human Error,Not Applicable,Simple Injury,Vehicle to Vehicle,Uncontrolled,Straight and flat,State Highway,Bitumen(Tar),Dry,No influence on accident,Fine,Vijayapura-Devanahalli road,Vijayapura Arch,2,13.296188,77.800308,0,0,0.0,0.0
Bengaluru Dist,Vijayapura PS,1.0442e+16,2019,1,1,Road Accidents,Narrow road,Rural Areas,Narrow bridge or culverts,Human Error,No,Fatal,Not Applicable,Not at  Junction,Straight and flat,NH,Bitumen(Tar),Dry,Not Applicable,Fine,Avathi Bridge,NH 07 Avathi Bridge,5,13.297441,77.725607,0,0,0.0,0.0
Bengaluru Dist,Vijayapura PS,1.0442e+16,2020,1,2,Road Accidents,Narrow road,Rural Areas,Open area,Human Error,No,Fatal,Vehicle to Vehicle,Not at  Junction,Straight and flat,NH,Bitumen(Tar),Dry,Not Applicable,Fine,Chikkaballapura-Devanahalli Road,Clay Groov Layout,10,13.293015,77.752348,0,0,0.0,0.0
Bengaluru Dist,Vijayapura PS,1.0442e+16,2020,1,1,Road Accidents,Narrow road,Rural Areas,Open area,Human Error,No,Grievous Injury,Not Applicable,Uncontrolled,Straight and flat,Others,Concrete,Dry,No influence on accident,Fine,Harohalli-Venkatagirikote Road,Harohalli Road,12 KM,13.338469,77.7318399,0,0,0.0,0.0
Bengaluru Dist,Vijayapura PS,1.0442e+16,2020,1,2,Road Accidents,Narrow road,Rural Areas,Open area,Human Error,No,Fatal,Vehicle to Vehicle,Not at  Junction,Straight and flat,NH,Bitumen(Tar),Dry,Not Applicable,Fine,Devanahalli Chikkaballapura NH 07 Road,Near Brundavana Farms,40,13.263282,77.780916,0,0,0.0,0.0
Bengaluru Dist,Vijayapura PS,1.0442e+16,2020,1,1,Road Accidents,Circle,Rural Areas,Near Bus stop,Human Error,No,Simple Injury,Not Applicable,Controlled,Others,NH,Bitumen(Tar),Not Applicable,Not Applicable,Clear,Venkatagirikote cirle,chikabalapuradevanahali nh 07 road,12 KM,13.327447,77.725639,0,0,0.0,0.0
Bengaluru Dist,Vijayapura PS,1.0442e+16,2020,1,1,Road Accidents,Narrow road,Rural Areas,Open area,Human Error,Yes,Fatal,Hit pedestrian,Not at  Junction,Straight and flat,NH,Bitumen(Tar),Dry,Not Applicable,Fine,NH 44 Road Sangeetha Dhaba,Sangeetha Dhaba,120ft,13.285293,77.723271,0,0,0.0,0.0
Bengaluru Dist,Vijayapura PS,1.0442e+16,2020,1,2,Road Accidents,Not Applicable,Rural Areas,Open area,Not Applicable,No,Grievous Injury,Not Applicable,Not Applicable,Others,NH,Not Applicable,Dry,Not Applicable,Fine,chikkaballapura-Devanahalli NH 44 Road,Chikkaballapura Devanahalli NH 44 Road,12 KM,13.284365,77.72277,0,0,0.0,0.0
Bengaluru Dist,Vijayapura PS,1.0442e+16,2020,1,1,Road Accidents,Narrow road,Rural Areas,Open area,Human Error,No,Fatal,Not Applicable,Not at  Junction,Straight and flat,State Highway,Bitumen(Tar),Dry,Not Applicable,Fine,vijayapura Devanahalli Road,Near Bharath petroleum Bank,100ft,13.291272,77.781689,0,0,0.0,0.0
Bengaluru Dist,Vijayapura PS,1.0442e+16,2020,1,2,Road Accidents,Narrow road,Rural Areas,Open area,Human Error,No,Fatal,Vehicle to Vehicle,Not at  Junction,Straight and flat,NH,Bitumen(Tar),Dry,Not Applicable,Fine,NH 7 Road Near Avathi village,Highway Arch,50ft,13.30398,77.727167,0,0,0.0,0.0
Bengaluru Dist,Vijayapura PS,1.0442e+16,2020,1,3,Road Accidents,Narrow road,City/Town,Residential area,Human Error,No,Grievous Injury,Vehicle to Vehicle,Not at  Junction,Straight and flat,Others,Bitumen(Tar),Dry,No influence on accident,Fine,Gullurappa Matha Road Vijayapura Town,KEB Pole,25Ft,13.296635,77.799032,0,0,0.0,0.0
Bengaluru Dist,Vijayapura PS,1.0442e+16,2020,1,2,Road Accidents,Not Applicable,Rural Areas,Open area,Not Applicable,No,Grievous Injury,Not Applicable,Not Applicable,Others,Others,Not Applicable,Others,Not Applicable,Clear,Vijayapura-Kolar Bypass Road,Rajeevnagara,1/2 KM,13.284605,77.8051019,0,1,0.0,1.0
Bengaluru Dist,Vijayapura PS,1.0442e+16,2020,1,2,Road Accidents,Not Applicable,Rural Areas,Open area,Human Error,Yes,Grievous Injury,Vehicle to Vehicle,Not at  Junction,Straight and flat,State Highway,Bitumen(Tar),Dry,No influence on accident,Fine,Vijayapura Devanahalli Road SH 96,Doddatattamangala Gate,500mtr,13.291875,77.784234,0,0,0.0,0.0
Bengaluru Dist,Vijayapura PS,1.0442e+16,2020,1,1,Road Accidents,Narrow road,Rural Areas,Open area,Human Error,No,Fatal,Not Applicable,Not at  Junction,Hump,Others,Bitumen(Tar),Dry,Not Applicable,Fine,Bypass Road Vijayapura,Ashok Green City Layout,10ft,13.282631,77.809422,0,0,0.0,0.0
Bengaluru Dist,Vijayapura PS,1.0442e+16,2020,1,1,Road Accidents,Not Applicable,Rural Areas,Open area,Not Applicable,No,Grievous Injury,Not Applicable,Not Applicable,Others,NH,Not Applicable,Dry,Not Applicable,Fine,Devanahalli-Chikkaballapura NH 44 Road,Devanahalli Road,12 KM,13.278026,77.721916,0,0,0.0,0.0
Bengaluru Dist,Vijayapura PS,1.0442e+16,2020,1,2,Road Accidents,Narrow road,Rural Areas,Open area,Human Error,No,Fatal,Vehicle to Vehicle,Not at  Junction,Straight and flat,Others,Bitumen(Tar),Dry,Not Applicable,Fine,Dharrmapura Appayanna Land,Light Khamba,20ft,13.269848,77.809379,0,0,0.0,0.0
Bengaluru Dist,Vijayapura PS,1.0442e+16,2020,1,1,Road Accidents,Narrow road,Rural Areas,Open area,Human Error,No,Fatal,Hit pedestrian,Not at  Junction,Straight and flat,NH,Bitumen(Tar),Dry,Not Applicable,Fine,Sangeetha Daba NH 07,120,120 ft,13.285521,77.7234809,0,0,0.0,0.0
Bengaluru Dist,Vijayapura PS,1.0442e+16,2020,1,2,Road Accidents,Not Applicable,Rural Areas,Open area,Not Applicable,No,Grievous Injury,Not Applicable,Not Applicable,Others,NH,Not Applicable,Others,Not Applicable,Others,Chikkaballapura-Devanahalli Road,Devanahalli Road,12 KM,13.308454,77.725526,0,1,0.0,1.0
Bengaluru Dist,Vijayapura PS,1.0442e+16,2020,1,1,Road Accidents,Narrow road,Rural Areas,Near Bus stop,Human Error,No,Fatal,Hit pedestrian,Not at  Junction,Straight and flat,NH,Bitumen(Tar),Dry,Not Applicable,Fine,NH 44 Near Venkatagigikote circle,Manjunatha Shop,31,13.328096,77.726025,0,0,0.0,0.0
Bengaluru Dist,Vijayapura PS,1.0442e+16,2020,1,1,Road Accidents,Not Applicable,Rural Areas,Open area,Not Applicable,No,Grievous Injury,Not Applicable,Not Applicable,Others,Others,Not Applicable,Others,Not Applicable,Others,Chadalapura-Muthuru Road,Near Narayanapura,7 KM,13.283891,77.7725299,0,1,0.0,1.0
Bengaluru Dist,Vijayapura PS,1.0442e+16,2020,1,2,Road Accidents,Not Applicable,Rural Areas,Open area,Not Applicable,No,Grievous Injury,Not Applicable,Not at  Junction,Others,NH,Not Applicable,Others,Not Applicable,Fine,Chikkaballapura-Devanahalli NH 7 Road,Chikkaballapura Devanahalli NH 7 Road,10 KM,13.313622,77.7489909,0,1,0.0,1.0
Bengaluru Dist,Vijayapura PS,1.0442e+16,2020,1,3,Road Accidents,Narrow road,Rural Areas,Open area,Human Error,No,Fatal,Vehicle to Vehicle,Not at  Junction,Straight and flat,State Highway,Bitumen(Tar),Dry,Not Applicable,Fine,Vijayapura Devanahalli Bypass Road,Vyshnavi Grand Layout,150,13.28262,77.8092759,0,0,0.0,0.0
Bengaluru Dist,Vijayapura PS,1.0442e+16,2020,1,1,Road Accidents,Not Applicable,City/Town,Open area,Not Applicable,No,Grievous Injury,Not Applicable,Not Applicable,Others,Others,Not Applicable,Others,Not Applicable,Others,Chikkaballapura-Vijayapura Road,Chikkaballapura Road,1/2 KM,13.301817,77.793777,0,1,0.0,1.0
Bengaluru Dist,Vijayapura PS,1.0442e+16,2020,1,2,Road Accidents,Not Applicable,Rural Areas,Open area,Not Applicable,No,Simple Injury,Not Applicable,Not Applicable,Others,Others,Not Applicable,Others,Not Applicable,Fine,Dandiganahalli-Harohalli Road,Dandiganahalli Road,4 KM,13.309302,77.768057,0,1,0.0,1.0
Bengaluru Dist,Vijayapura PS,1.0442e+16,2020,1,1,Road Accidents,Cross roads,Rural Areas,Open area,Not Applicable,No,Grievous Injury,Hit animal,Not Applicable,Others,NH,Not Applicable,Dry,Not Applicable,Others,Chikkaballapura-Devanahalli NH 7 Road,Devanahalli NH 7 Road,12 KM,13.28717,77.72408,0,0,0.0,0.0
Bengaluru Dist,Vijayapura PS,1.0442e+16,2020,1,1,Road Accidents,Narrow road,Rural Areas,Near or inside a village,Human Error,Not Applicable,Grievous Injury,Not Applicable,Uncontrolled,Straight and flat,Others,Bitumen(Tar),Dry,No influence on accident,Fine,G.Hosahalli Road,KEB Transfarmer,25Ft,13.350504,77.743073,0,0,0.0,0.0
Bengaluru Dist,Vijayapura PS,1.0442e+16,2020,1,1,Road Accidents,Narrow road,Rural Areas,Open area,Human Error,No,Fatal,Not Applicable,Not at  Junction,Straight and flat,NH,Bitumen(Tar),Dry,Not Applicable,Fine,NH 07 Near Mohan Land,Bhukathi Daba,200,13.2753,77.7213299,0,0,0.0,0.0
Bengaluru Dist,Vijayapura PS,1.0442e+16,2020,1,2,Road Accidents,Not Applicable,Rural Areas,Open area,Not Applicable,No,Grievous Injury,Not Applicable,Not Applicable,Others,State Highway,Not Applicable,Not Applicable,Not Applicable,Fine,Vijayapura-Kolar Road,Kolara Road,1/2 KM,13.291341,77.806152,0,0,0.0,0.0