DISTRICTNAME,UNITNAME,Crime_No,Year,RI,Noofvehicle_involved,Accident_Classification,Accident_Spot,Accident_Location,Accident_SubLocation,Main_Cause,Hit_Run,Severity,Collision_Type,Junction_Control,Road_Character,Road_Type,Surface_Type,Surface_Condition,Road_Condition,Weather,Accident_Road,Landmark_first,Distance_LandMark_First,Latitude,Longitude,Road_Condition_Score,Surface_Condition_Score,Surface_Type_Score,Road_Risk_Index
Bengaluru Dist,Vijayapura PS,1.0442e+16,2020,1,2,Road Accidents,Not Applicable,City/Town,Open area,Not Applicable,No,Grievous Injury,Not Applicable,Not Applicable,Others,Others,Not Applicable,Dry,Not Applicable,Fine,Navagraha Temple-J C Park Road,J C Park Road,1/2 KM,13.300176,77.7993639,0,0,0.0,0.0
Bengaluru Dist,Vijayapura PS,1.0442e+16,2020,1,2,Road Accidents,Not Applicable,Rural Areas,Open area,Not Applicable,No,Grievous Injury,Not Applicable,Not Applicable,Others,Others,Not Applicable,Others,Not Applicable,Fine,vijayapura-chikkaballapura road,vijayapura road,3 KM,13.319469,77.78242,0,1,0.0,1.0
Bengaluru Dist,Vijayapura PS,1.0442e+16,2020,1,2,Road Accidents,Cross roads,Rural Areas,Open area,Human Error,No,Fatal,Vehicle to Vehicle,Uncontrolled,Curve and Incline,NH,Bitumen(Tar),Dry,Not Applicable,Fine,NH 44 Road,Electric pole,60 ft,13.278576,77.721919,0,0,0.0,0.0
Bengaluru Dist,Vijayapura PS,1.0442e+16,2020,1,2,Road Accidents,Not Applicable,Rural Areas,Open area,Not Applicable,Yes,Grievous Injury,Not Applicable,Not Applicable,Others,Others,Not Applicable,Others,Not Applicable,Fine,Dandiganahalli Road,Dandiganahalli Road,4 KM,13.305213,77.780832,0,1,0.0,1.0
Bengaluru Dist,Vijayapura PS,1.0442e+16,2020,1,2,Road Accidents,Narrow road,Rural Areas,Residential area,Human Error,No,Fatal,Vehicle to Vehicle,Not at  Junction,Straight and flat,Others,Bitumen(Tar),Dry,Not Applicable,Fine,Vijayapura-Chikkaballapura Road,G Hosahalli Gate,50mits,13.355595,77.71179,0,0,0.0,0.0
Bengaluru Dist,Vijayapura PS,1.0442e+16,2020,1,1,Road Accidents,Not Applicable,City/Town,Open area,Not Applicable,No,Simple Injury,Not Applicable,Not Applicable,Others,State Highway,Not Applicable,Others,Not Applicable,Fine,Kolara-Vijayapura Road,Kolara Vijayapura Road,1/2 KM,13.29678,77.793752,0,1,0.0,1.0
Bengaluru Dist,Vijayapura PS,1.0442e+16,2020,1,1,Road Accidents,Narrow road,Rural Areas,Residential area,Human Error,No,Fatal,Hit pedestrian,Not at  Junction,Straight and flat,State Highway,Bitumen(Tar),Dry,Not Applicable,Fine,Vijayapura Kolar Road,KEB Pol,10ft,13.292313,77.8051969,0,0,0.0,0.0
Bengaluru Dist,Vijayapura PS,1.0442e+16,2020,1,2,Road Accidents,Narrow road,Rural Areas,Open area,Human Error,No,Fatal,Vehicle to Vehicle,Not at  Junction,Straight and flat,NH,Bitumen(Tar),Dry,Not Applicable,Fine,NH 44 Road,Near Sai Baba Temple,15ft,13.282948,77.7229049,0,0,0.0,0.0
Bengaluru Dist,Vijayapura PS,1.0442e+16,2020,1,1,Road Accidents,Not Applicable,City/Town,Residential area,Not Applicable,No,Grievous Injury,Not Applicable,Not Applicable,Others,Residential Street,Not Applicable,Dry,Not Applicable,Fine,Bharathnagara-Shidlaghatta Road,Shidlahatta Cross,01-Feb,13.298932,77.787373,0,0,0.0,0.0
Bengaluru Dist,Vijayapura PS,1.0442e+16,2020,1,1,Road Accidents,Road hump or Rumble strips,Rural Areas,Open area,Human Error,No,Fatal,Not Applicable,Not Applicable,Slight Curve,Others,Bitumen(Tar),Others,Not Applicable,Fine,"Near Munivenkatappa Land, P.Ranganathapura",Small Brige,100 Mt,13.338954,77.791069,0,1,0.0,1.0
Bengaluru Dist,Vijayapura PS,1.0442e+16,2020,1,2,Road Accidents,Not Applicable,Rural Areas,Open area,Not Applicable,No,Grievous Injury,Not Applicable,Not Applicable,Others,State Highway,Not Applicable,Dry,Not Applicable,Others,Devanahalli-Vijayapura Road,Devanahalli Road,4 KM,13.283305,77.74229,0,0,0.0,0.0
Bengaluru Dist,Vijayapura PS,1.0442e+16,2020,1,1,Road Accidents,Not Applicable,Rural Areas,Open area,Not Applicable,No,Grievous Injury,Not Applicable,Not Applicable,Others,NH,Not Applicable,Dry,Not Applicable,Fine,Chikkaballapura-Devanahalli Road,Chikkaballapura Road,12 KM,13.308588,77.72552,0,0,0.0,0.0
Bengaluru Dist,Vijayapura PS,1.0442e+16,2020,1,1,Road Accidents,Narrow road,Rural Areas,Open area,Human Error,No,Fatal,Not Applicable,Not at  Junction,Others,NH,Bitumen(Tar),Dry,Not Applicable,Fine,Mudugurki Village,Bridge,10,13.346352,77.725563,0,0,0.0,0.0
Bengaluru Dist,Vijayapura PS,1.0442e+16,2020,1,2,Road Accidents,Narrow road,Rural Areas,Open area,Human Error,No,Fatal,Vehicle to Vehicle,Not Applicable,Straight and flat,State Highway,Bitumen(Tar),Dry,Not Applicable,Fine,Devanahalli Kolar Buy pass Road,Electric transformer,30 ft,13.289233,77.783845,0,0,0.0,0.0
Bengaluru Dist,Vijayapura PS,1.0442e+16,2020,1,2,Road Accidents,Circle,Rural Areas,Near or inside a village,Not Applicable,Not Applicable,Grievous Injury,Vehicle to Vehicle,Uncontrolled,Not Applicable,NH,Bitumen(Tar),Dry,No influence on accident,Fine,NH 44,KEB Pole,20ft,13.327246,77.726152,0,0,0.0,0.0
Bengaluru Dist,Vijayapura PS,1.0442e+16,2020,1,1,Road Accidents,Not Applicable,Rural Areas,Open area,Not Applicable,No,Simple Injury,Not Applicable,Not Applicable,Others,State Highway,Not Applicable,Dry,Not Applicable,Fine,Devanahalli-Vijayapura Road,Devanahalli Road,7 KM,13.281827,77.759307,0,0,0.0,0.0
Bengaluru Dist,Vijayapura PS,1.0442e+16,2021,1,2,Road Accidents,Narrow road,City/Town,Open area,Human Error,Not Applicable,Grievous Injury,Vehicle to Vehicle,Uncontrolled,Slight Curve,Others,Bitumen(Tar),Dry,No influence on accident,Fine,C B Pura Vijayapura Town Road,Kerekodi,60mtr,13.303552,77.790984,0,0,0.0,0.0
Bengaluru Dist,Vijayapura PS,1.0442e+16,2021,1,2,Road Accidents,Cross roads,Rural Areas,Open area,Human Error,No,Fatal,Vehicle to Vehicle,Not at  Junction,Others,NH,Bitumen(Tar),Dry,Not Applicable,Fine,NH 44 Road Devanahalli to Chikkaballapura,NH 44 Road Kurubarakunte Cross,120ft,13.326605,77.7965039,0,0,0.0,0.0
Bengaluru Dist,Vijayapura PS,1.0442e+16,2021,1,2,Road Accidents,Narrow road,Rural Areas,Open area,Human Error,No,Fatal,Vehicle to Vehicle,Not Applicable,Others,NH,Bitumen(Tar),Dry,Not Applicable,Fine,Near Bhukti Dhaba,Sathish Lannd Kurubarakunte Janatha Colone Cross,100,13.278484,77.722066,0,0,0.0,0.0
Bengaluru Dist,Vijayapura PS,1.0442e+16,2021,1,1,Road Accidents,Narrow road,Rural Areas,Open area,Human Error,No,Fatal,Not Applicable,Not at  Junction,Straight and flat,Others,Bitumen(Tar),Dry,Not Applicable,Fine,Near Yaliyuru Gate Vijayapura Devanahalli Road,Yaliyuru Gate,500,13.296588,77.795524,0,0,0.0,0.0
Bengaluru Dist,Vijayapura PS,1.0442e+16,2021,1,1,Road Accidents,Road hump or Rumble strips,Rural Areas,Open area,Human Error,No,Fatal,Not Applicable,Not at  Junction,Hump,Others,Bitumen(Tar),Dry,Not Applicable,Fine,Vijayapura channarayapattana road,Near SpanSilks Factory,50ft,13.285723,77.804547,0,0,0.0,0.0
Bengaluru Dist,Vijayapura PS,1.0442e+16,2021,1,2,Road Accidents,Not Applicable,Rural Areas,Open area,Human Error,Yes,Simple Injury,Vehicle to Vehicle,Not at  Junction,Others,NH,Not Applicable,Dry,Not Applicable,Clear,Chikaballapura Devanahali NH 07 Road,Near satyanarayana Land Bridge,12 KM,13.297297,77.742563,0,0,0.0,0.0
Bengaluru Dist,Vijayapura PS,1.0442e+16,2021,1,2,Road Accidents,Not Applicable,Rural Areas,Open area,Not Applicable,Yes,Grievous Injury,Not Applicable,Not Applicable,Not Applicable,Two way,Bitumen(Tar),Dry,Not Applicable,Clear,Chikkaballapura-Devanahalli Road,Near Nagarjuna Collage,12 KM,13.320635,77.8013869,0,0,0.0,0.0
Bengaluru Dist,Vijayapura PS,1.0442e+16,2021,1,2,Not Applicable,Narrow road,Rural Areas,Open area,Human Error,No,Damage Only,Not Applicable,Not Applicable,Others,NH,Bitumen(Tar),Dry,Not Applicable,Others,NH 44 ROAD,NEAR CANARA BANK AVATHI VILLAGE,10 KM,13.303442,77.725523,0,0,0.0,0.0
Bengaluru Dist,Vijayapura PS,1.0442e+16,2021,1,1,Road Accidents,Narrow road,Rural Areas,Open area,Human Error,No,Fatal,Not Applicable,Not at  Junction,Straight and flat,Others,Bitumen(Tar),Dry,Not Applicable,Fine,Vijayapura Mandibele Road,Shobha Devlopers Layout,15ft,13.28201,77.796009,0,0,0.0,0.0
Bengaluru Dist,Vijayapura PS,1.0442e+16,2021,1,2,Road Accidents,Not Applicable,Rural Areas,Open area,Human Error,No,Damage Only,Not Applicable,Not Applicable,Not Applicable,Expressway,Bitumen(Tar),Not Applicable,Not Applicable,Fine,NH 44 ROAD,IN FROMT OF NEW GRAND NANDI FISH HOTEL,12 KM,13.330527,77.725606,0,0,0.0,0.0
Bengaluru Dist,Vijayapura PS,1.0442e+16,2021,1,2,Road Accidents,Not Applicable,Rural Areas,Open area,Human Error,Yes,Grievous Injury,Vehicle to Vehicle,Not Applicable,Not Applicable,State Highway,Not Applicable,Not Applicable,Not Applicable,Clear,Vijayapura-Devanahalli Road,Near Doddatattamangala Gate,5,13.3087,77.8039859,0,0,0.0,0.0
Bengaluru Dist,Vijayapura PS,1.0442e+16,2021,1,2,Road Accidents,Circle,Rural Areas,Near or inside a village,Human Error,No,Simple Injury,Vehicle to Vehicle,Uncontrolled,Straight and flat,NH,Bitumen(Tar),Dry,No influence on accident,Fine,C B Pura Devanhalli NH 44 Road,Near Hanuman Temple,70Ft,13.32761,77.725121,0,0,0.0,0.0
Bengaluru Dist,Vijayapura PS,1.0442e+16,2021,1,2,Road Accidents,Not Applicable,Rural Areas,Open area,Human Error,No,Grievous Injury,Vehicle to Vehicle,Controlled,Not Applicable,Not Applicable,Bitumen(Tar),Not Applicable,Not Applicable,Clear,chikaballapura - Devanahali NH 44 Road,Kurubara kunte colouny gete,10 KM,13.277262,77.721757,0,0,0.0,0.0
Bengaluru Dist,Vijayapura PS,1.0442e+16,2021,1,2,Road Accidents,Not Applicable,Rural Areas,Open area,Not Applicable,No,Grievous Injury,Hit bicyclist,Not Applicable,Not Applicable,Others,Not Applicable,Dry,Not Applicable,Clear,Kolar to devanahalli road,Bypass road,1 1/2,13.285006,77.801076,0,0,0.0,0.0
Bengaluru Dist,Vijayapura PS,1.0442e+16,2021,1,1,Road Accidents,Circle,Rural Areas,Open area,Human Error,Yes,Fatal,Hit pedestrian,Not at  Junction,Straight and flat,NH,Bitumen(Tar),Dry,No influence on accident,Fine,Devanahalli C B Pura NH 44 Road,Near Venkatagirikote Busu Stand,100 Mt,13.328523,77.725518,0,0,0.0,0.0
Bengaluru Dist,Vijayapura PS,1.0442e+16,2021,1,1,Road Accidents,Not Applicable,Rural Areas,Open area,Not Applicable,No,Grievous Injury,Not Applicable,Not Applicable,Others,NH,Not Applicable,Dry,Not Applicable,Fine,Devanahalli-Chikkaballapura Road,Devanahalli Road,12 KM,13.286546,77.799192,0,0,0.0,0.0
Bengaluru Dist,Vijayapura PS,1.0442e+16,2021,1,2,Road Accidents,Narrow road,Rural Areas,Near Petrol Pump,Human Error,No,Fatal,Vehicle to Vehicle,Not at  Junction,Straight and flat,State Highway,Bitumen(Tar),Dry,Not Applicable,Fine,Vijayapura Kolar by passa road,Indian oil Petrol bunk,150,13.28266,77.808266,0,0,0.0,0.0
Bengaluru Dist,Vijayapura PS,1.0442e+16,2021,1,2,Road Accidents,Circle,Rural Areas,Open area,Human Error,Not Applicable,Simple Injury,Vehicle to Vehicle,Not at  Junction,Straight and flat,NH,Bitumen(Tar),Dry,No influence on accident,Fine,NH 44,Venkatagirikote Circle,5m,13.32746,77.725568,0,0,0.0,0.0
Bengaluru Dist,Vijayapura PS,1.0442e+16,2021,1,2,Road Accidents,Not Applicable,City/Town,Open area,Human Error,No,Grievous Injury,Vehicle to Vehicle,Not Applicable,Not Applicable,State Highway,Kutcha,Dry,Not Applicable,Fine,Kolar to vijayapura road,Near Manjunatha Bore well office,500mtr,13.292022,77.80538,0,0,4.0,4.0
Bengaluru Dist,Vijayapura PS,1.0442e+16,2021,1,2,Road Accidents,Narrow road,Rural Areas,Open area,Human Error,No,Fatal,Vehicle to Vehicle,Not at  Junction,Straight and flat,Others,Bitumen(Tar),Dry,Not Applicable,Fine,Vijayapura Dandiganahalli Road,Narayanappa Land,45ft,13.306061,77.776817,0,0,0.0,0.0
Bengaluru Dist,Vijayapura PS,1.0442e+16,2021,1,2,Road Accidents,Cross roads,Rural Areas,Residential area,Human Error,No,Simple Injury,Vehicle to Vehicle,Controlled,Others,NH,Bitumen(Tar),Not Applicable,Not Applicable,Clear,Devanahalli-Chikkaballapura NH 44 Road,Mudugurki Road,11 KM,13.296982,77.8042469,0,0,0.0,0.0
Bengaluru Dist,Vijayapura PS,1.0442e+16,2021,1,1,Road Accidents,Narrow road,Rural Areas,Open area,Human Error,No,Fatal,Not Applicable,Not at  Junction,Straight and flat,Others,Bitumen(Tar),Dry,Not Applicable,Fine,Dandiganahalli To Vijayapura Road,Shanimahathma Temple,30ft,13.302053,77.716702,0,0,0.0,0.0
Bengaluru Dist,Vijayapura PS,1.0442e+16,2021,1,2,Road Accidents,Not Applicable,Rural Areas,Open area,Human Error,No,Grievous Injury,Vehicle to Vehicle,Not Applicable,Not Applicable,Others,Bitumen(Tar),Dry,Not Applicable,Clear,Koramangala -avathi road,Near Koramangala bayalu bandikane Main gate,5 km,13.292776,77.751881,0,0,0.0,0.0
Bengaluru Dist,Vijayapura PS,1.0442e+16,2021,1,1,Road Accidents,Curves,Rural Areas,Open area,Human Error,No,Fatal,Not Applicable,Not at  Junction,Curve,Others,Bitumen(Tar),Dry,Not Applicable,Fine,Doddathattamangala-Yaliyuru Gate Road,Muniramappa Land,5ft,13.276933,77.758813,0,0,0.0,0.0
Bengaluru Dist,Vijayapura PS,1.0442e+16,2021,1,2,Road Accidents,Not Applicable,Rural Areas,Open area,Not Applicable,No,Grievous Injury,Not Applicable,Not Applicable,Others,NH,Not Applicable,Dry,Not Applicable,Fine,Devanahalli-Chikkaballapura NH 44 Road,Devanahalli Road,12 KM,13.341652,77.7254209,0,0,0.0,0.0
Bengaluru Dist,Vijayapura PS,1.0442e+16,2021,1,2,Road Accidents,Not Applicable,Rural Areas,Open area,Not Applicable,No,Grievous Injury,Not Applicable,Not Applicable,Others,NH,Not Applicable,Others,Not Applicable,Fine,Devanahalli Chikkaballapura NH 44 Road,Devanahalli Road,10 KM,13.288324,77.788743,0,1,0.0,1.0
Bengaluru Dist,Vijayapura PS,1.0442e+16,2021,1,1,Road Accidents,Narrow road,City/Town,Open area,Human Error,Not Applicable,Grievous Injury,Not Applicable,Uncontrolled,Straight and flat,Others,Concrete,Dry,Pot holed,Fine,Rahamath Nagara Road,Near Muncipality Water Storage Tank,5Mtr,13.290917,77.80257,5,0,0.0,5.0
Bengaluru Dist,Vijayapura PS,1.0442e+16,2021,1,2,Road Accidents,Not Applicable,Rural Areas,Open area,Not Applicable,No,Grievous Injury,Vehicle to Vehicle,Uncontrolled,Not Applicable,State Highway,Not Applicable,Not Applicable,Not Applicable,Others,Ankathati village,Ankathati village Gate,4 KM,13.268853,77.761319,0,0,0.0,0.0
Bengaluru Dist,Vijayapura PS,1.0442e+16,2021,1,1,Road Accidents,Narrow road,Rural Areas,Near Petrol Pump,Human Error,No,Fatal,Not Applicable,Not at  Junction,Hump,State Highway,Bitumen(Tar),Dry,Not Applicable,Fine,Chikkanahalli Village,Near Petrol Bunk Chikkanahalli Village,100,13.31316,77.789314,0,0,0.0,0.0
Bengaluru Dist,Vijayapura PS,1.0442e+16,2021,1,1,Road Accidents,Not Applicable,Rural Areas,Open area,Human Error,Not Applicable,Damage Only,Not Applicable,Uncontrolled,Straight and flat,Others,Bitumen(Tar),Dry,No influence on accident,Fine,Harohalli Bullahalli Road,KEB Pole,20Ft,13.311166,77.738105,0,0,0.0,0.0
Bengaluru Dist,Vijayapura PS,1.0442e+16,2021,1,2,Road Accidents,Not Applicable,Rural Areas,Open area,Human Error,No,Grievous Injury,Hit bicyclist,Not Applicable,Straight and flat,Others,Bitumen(Tar),Dry,Not Applicable,Others,Bijjawara to Venkatagirikote,Near Bijjawara Sudakar House,30feet,0.0,0.0,0,0,0.0,0.0
Bengaluru Dist,Vijayapura PS,1.0442e+16,2021,1,1,Road Accidents,Narrow road,Rural Areas,Open area,Human Error,Yes,Fatal,Hit pedestrian,Not at  Junction,Others,NH,Bitumen(Tar),Dry,Not Applicable,Fine,NH 44 Road Near Sangeetha Dhaba,Near Sangeetha Dhaba,300 ft,13.286058,77.723404,0,0,0.0,0.0
Bengaluru Dist,Vijayapura PS,1.0442e+16,2021,1,2,Road Accidents,Curves,Rural Areas,Open area,Human Error,No,Fatal,Vehicle to Vehicle,Not at  Junction,Curve,Others,Bitumen(Tar),Dry,Not Applicable,Fine,Avithi Koduguruki Road,Avithi Koduguruki Road Gundantti Pillan Land,20,13.298821,77.724386,0,0,0.0,0.0
Bengaluru Dist,Vijayapura PS,1.0442e+16,2022,1,2,Road Accidents,Not Applicable,Rural Areas,Open area,Human Error,Not Applicable,Grievous Injury,Vehicle to Vehicle,Not at  Junction,Straight and flat,Others,Bitumen(Tar),Dry,No influence on accident,Fine,Shidlaghatta Vijayapura Road,Staright to Channarayappa Land,35mtr,13.32812,77.815802,0,0,0.0,0.0
Bengaluru Dist,Vijayapura PS,1.0442e+16,2022,1,1,Road Accidents,Not Applicable,Rural Areas,Open area,Not Applicable,Not Applicable,Fatal,Hit pedestrian,Not at  Junction,Others,NH,Bitumen(Tar),Dry,Not Applicable,Fine,Chikkabalapur - devanahalli road,Nayara petrol bunk,300,13.321038,77.725451,0,0,0.0,0.0
Bengaluru Dist,Vijayapura PS,1.0442e+16,2022,1,2,Road Accidents,Narrow road,Rural Areas,Open area,Human Error,No,Grievous Injury,Vehicle to Vehicle,Not at  Junction,Straight and flat,NH,Bitumen(Tar),Dry,Not Applicable,Fine,Devanahalli-Chikkaballapura Road,Near Janatha Colony Cross,50mtr,13.298789,77.800396,0,0,0.0,0.0
Bengaluru Dist,Vijayapura PS,1.0442e+16,2022,1,2,Road Accidents,Narrow road,Rural Areas,Open area,Human Error,No,Grievous Injury,Vehicle to Vehicle,Not at  Junction,Straight and flat,NH,Bitumen(Tar),Dry,Not Applicable,Fine,Devanahalli-chickaballapur NH-07 Road,Canara Bank,200 ft,13.301179,77.725482,0,0,0.0,0.0
Bengaluru Dist,Vijayapura PS,1.0442e+16,2022,1,2,Road Accidents,Not Applicable,Rural Areas,Open area,Human Error,Not Applicable,Grievous Injury,Vehicle to Vehicle,Not at  Junction,Straight and flat,Others,Bitumen(Tar),Dry,No influence on accident,Clear,Vijayapura Shidlaghatta Road,Near Bhatrenahalli Gate,50mtr,13.299202,77.7983489,0,0,0.0,0.0
Bengaluru Dist,Vijayapura PS,1.0442e+16,2022,1,1,Not Applicable,Not Applicable,Rural Areas,Open area,Human Error,No,Grievous Injury,Hit pedestrian,Not Applicable,Not Applicable,Others,Not Applicable,Others,Not Applicable,Fine,At Open Air Jail,KEB Pol,10,13.298672,77.742451,0,1,0.0,1.0
Bengaluru Dist,Vijayapura PS,1.0442e+16,2022,1,2,Road Accidents,Narrow road,Rural Areas,Open area,Human Error,No,Grievous Injury,Vehicle to Vehicle,Not Applicable,Straight and flat,Others,Bitumen(Tar),Dry,Not Applicable,Fine,chikkaballapura Vijayapura road,Yallam temple chikknahalli village,20 fit,13.2984,77.7995619,0,0,0.0,0.0
Bengaluru Dist,Vijayapura PS,1.0442e+16,2022,1,1,Road Accidents,Narrow road,Rural Areas,Open area,Human Error,No,Fatal,Not Applicable,Not at  Junction,Straight and flat,Others,Bitumen(Tar),Dry,Not Applicable,Fine,Bullahalli Vijayapura Road,Electric pole,50,13.269041,77.800641,0,0,0.0,0.0
Bengaluru Dist,Vijayapura PS,1.0442e+16,2022,1,2,Road Accidents,Not Applicable,Rural Areas,Narrow bridge or culverts,Human Error,No,Grievous Injury,Vehicle to Vehicle,Not Applicable,Straight and flat,NH,Bitumen(Tar),Dry,Not Applicable,Clear,Devanahalli-Chikkaballapura Road,NEAR NAGARJUNA COLLEGE BRIDGE,12 KM,13.346506,77.725517,0,0,0.0,0.0
Bengaluru Dist,Vijayapura PS,1.0442e+16,2022,1,1,Road Accidents,Not Applicable,City/Town,Open area,Human Error,No,Simple Injury,Not Applicable,Not Applicable,Not Applicable,Others,Bitumen(Tar),Dry,Not Applicable,Others,chikkaballapura Vijayapura road,Gonur hosahalli gate Near maramma temple,9 km,13.354867,77.747654,0,0,0.0,0.0
Bengaluru Dist,Vijayapura PS,1.0442e+16,2022,1,2,Not Applicable,Narrow road,Rural Areas,Open area,Human Error,No,Grievous Injury,Vehicle to Vehicle,Not at  Junction,Straight and flat,State Highway,Bitumen(Tar),Dry,Not Applicable,Fine,Vijayapura-Devanahalli Road,Kurubarakunte Cross,50,13.266885,77.741546,0,0,0.0,0.0
Bengaluru Dist,Vijayapura PS,1.0442e+16,2022,1,2,Road Accidents,Not Applicable,Rural Areas,Open area,Human Error,Not Applicable,Grievous Injury,Vehicle to Vehicle,Not at  Junction,Straight and flat,NH,Bitumen(Tar),Dry,No influence on accident,Fine,chikaballapura - Devanahali NH 44 Road,Nayara Petrol Bunk,200 Mt,13.31638,77.7256,0,0,0.0,0.0
Bengaluru Dist,Vijayapura PS,1.0442e+16,2022,1,2,Road Accidents,Not Applicable,Rural Areas,Open area,Human Error,Not Applicable,Damage Only,Vehicle to Vehicle,Not at  Junction,Straight and flat,NH,Bitumen(Tar),Dry,No influence on accident,Clear,C B Pura Devanahalli NH 44,Near Avathi Bridge,100mtr,13.291821,77.7246069,0,0,0.0,0.0
Bengaluru Dist,Vijayapura PS,1.0442e+16,2022,1,2,Road Accidents,Narrow road,Rural Areas,Open area,Human Error,No,Grievous Injury,Vehicle to Vehicle,Not Applicable,Straight and flat,Others,Bitumen(Tar),Dry,Not Applicable,Fine,Vijayapura Channarayapattana Road,Baluvanahalli Gate,100,13.261936,77.808,0,0,0.0,0.0
Bengaluru Dist,Vijayapura PS,1.0442e+16,2022,1,2,Road Accidents,Narrow road,Rural Areas,Open area,Human Error,No,Fatal,Vehicle to Vehicle,Not at  Junction,Not Applicable,State Highway,Bitumen(Tar),Dry,Not Applicable,Fine,Devanahalli - vijayapura,Tankband road,20ft,13.2776,77.758802,0,0,0.0,0.0
Bengaluru Dist,Vijayapura PS,1.0442e+16,2022,1,3,Road Accidents,Not Applicable,City/Town,Open area,Not Applicable,No,Damage Only,Vehicle to Vehicle,Not Applicable,Others,NH,Not Applicable,Dry,Not Applicable,Fine,Chikkaballapura-Devanahalli NH 44 Road,Chikkaballapura NH 44 Road,10 KM,13.327702,77.725593,0,0,0.0,0.0
Bengaluru Dist,Vijayapura PS,1.0442e+16,2022,1,2,Road Accidents,Not Applicable,Rural Areas,Open area,Human Error,Yes,Fatal,Vehicle to Vehicle,Not Applicable,Straight and flat,State Highway,Bitumen(Tar),Dry,Not Applicable,Others,SH 96 Vijayapura To Devanahalli Road,Near guduvanahalli Lake,08 Kms,13.278867,77.760454,0,0,0.0,0.0
Bengaluru Dist,Vijayapura PS,1.0442e+16,2022,1,1,Road Accidents,Narrow road,Rural Areas,Open area,Human Error,No,Fatal,Not Applicable,Not at  Junction,Straight and flat,State Highway,Bitumen(Tar),Dry,Not Applicable,Fine,Kolar Vijayapur Main Road,Colistaa Infratech Layout,30ft,13.28548,77.813645,0,0,0.0,0.0
Bengaluru Dist,Vijayapura PS,1.0442e+16,2022,1,2,Road Accidents,Narrow road,Rural Areas,Open area,Human Error,No,Grievous Injury,Vehicle to Vehicle,Not at  Junction,Straight and flat,NH,Bitumen(Tar),Dry,Not Applicable,Fine,NH 44 Chikkaballapura Devanahalli,Near Kurubarakunte Gate U Tran,100,13.277193,77.721715,0,0,0.0,0.0
Bengaluru Dist,Vijayapura PS,1.0442e+16,2022,1,2,Rail Road Accidents,Not Applicable,Rural Areas,Open area,Human Error,No,Grievous Injury,Vehicle to Vehicle,Not Applicable,Not Applicable,State Highway,Bitumen(Tar),Dry,Not Applicable,Clear,Devanahalli vijayapura road SH -96,Near Chikkatattamangala Gate,6 km,13.280207,77.762854,0,0,0.0,0.0
Bengaluru Dist,Vijayapura PS,1.0442e+16,2022,1,2,Road Accidents,Narrow road,Rural Areas,Open area,Human Error,No,Grievous Injury,Vehicle to Vehicle,Not at  Junction,Straight and flat,NH,Bitumen(Tar),Dry,Not Applicable,Fine,C B Pura-Devanahalli NH-07 Road,Janatha colony gate,8 fit,0.0,0.0,0,0,0.0,0.0
Bengaluru Dist,Vijayapura PS,1.0442e+16,2022,1,2,Road Accidents,Junction,Rural Areas,Open area,Human Error,No,Fatal,Vehicle to Vehicle,Uncontrolled,Straight and flat,NH,Bitumen(Tar),Others,Not Applicable,Fine,Chikkaballapura to Devanahalli NH44 Road,Near By Fishland Dhaba,50,0.0,0.0,0,1,0.0,1.0
Bengaluru Dist,Vijayapura PS,1.0442e+16,2022,1,2,Road Accidents,Not Applicable,Rural Areas,Narrow bridge or culverts,Not Applicable,No,Grievous Injury,Vehicle to Vehicle,Not Applicable,Others,NH,Concrete,Dry,Not Applicable,Clear,NH 44 Devanahlli  Chikkaballapura Road,Avathi Bridge,1,13.293754,77.725073,0,0,0.0,0.0
Bengaluru Dist,Vijayapura PS,1.0442e+16,2022,1,2,Road Accidents,Not Applicable,City/Town,Open area,Human Error,Not Applicable,Grievous Injury,Vehicle to Vehicle,Uncontrolled,Straight and flat,State Highway,Bitumen(Tar),Dry,Not Applicable,Fine,Vijayapura-Devanahalli Road,Near janglipeer Darga,3 KM,13.274246,77.790712,0,0,0.0,0.0
Bengaluru Dist,Vijayapura PS,1.0442e+16,2022,1,2,Road Accidents,Cross roads,Rural Areas,Open area,Human Error,No,Grievous Injury,Vehicle to Vehicle,Not Applicable,Curve,Others,Bitumen(Tar),Dry,Not Applicable,Clear,chikkaballapura Vijayapura road,Chikkanahalli lake,3 km,13.305815,77.790195,0,0,0.0,0.0
Bengaluru Dist,Vijayapura PS,1.0442e+16,2022,1,1,Road Accidents,Narrow road,Rural Areas,Open area,Human Error,No,Fatal,Not Applicable,Not at  Junction,Straight and flat,State Highway,Bitumen(Tar),Dry,Not Applicable,Fine,DEVNAHALLI KOLAR SH96 GUDUVANAHALLI Lake,GUDUVANAHALLI Lake,80ft,13.282896,77.743045,0,0,0.0,0.0
Bengaluru Dist,Vijayapura PS,1.0442e+16,2022,1,2,Road Accidents,Narrow road,Rural Areas,Open area,Human Error,No,Grievous Injury,Vehicle to Vehicle,Not at  Junction,Not Applicable,NH,Bitumen(Tar),Dry,Not Applicable,Fine,Devanahalli-Chikkaballapura Road NH-44,Attibele Village road,23ft,13.286439,77.716398,0,0,0.0,0.0