DISTRICTNAME,UNITNAME,Crime_No,Year,RI,Noofvehicle_involved,Accident_Classification,Accident_Spot,Accident_Location,Accident_SubLocation,Main_Cause,Hit_Run,Severity,Collision_Type,Junction_Control,Road_Character,Road_Type,Surface_Type,Surface_Condition,Road_Condition,Weather,Accident_Road,Landmark_first,Distance_LandMark_First,Latitude,Longitude,Road_Condition_Score,Surface_Condition_Score,Surface_Type_Score,Road_Risk_Index
Bengaluru Dist,Vijayapura PS,1.0442e+16,2022,1,2,Road Accidents,Narrow road,Rural Areas,Open area,Human Error,Yes,Grievous Injury,Vehicle to Vehicle,Not at  Junction,Straight and flat,NH,Bitumen(Tar),Dry,No influence on accident,Fine,NH 44 ROAD,Attibele Village road,35 fit,13.284577,77.717165,0,0,0.0,0.0
Bengaluru Dist,Vijayapura PS,1.0442e+16,2022,1,2,Road Accidents,Not Applicable,Rural Areas,Open area,Human Error,No,Grievous Injury,Vehicle to Vehicle,Not Applicable,Not Applicable,State Highway,Bitumen(Tar),Dry,Not Applicable,Clear,Devanahalli-Vijayapura Road,Near Gaduvanahalli gate,5 km,13.280822,77.763828,0,0,0.0,0.0
Bengaluru Dist,Vijayapura PS,1.0442e+16,2022,1,2,Road Accidents,Not Applicable,Rural Areas,Open area,Human Error,No,Fatal,Vehicle to Vehicle,Not at  Junction,Straight and flat,Others,Bitumen(Tar),Dry,Not Applicable,Fine,Vijayapura Dandiganahalli Road,Electric pole,15ft,13.29345,77.733727,0,0,0.0,0.0
Bengaluru Dist,Vijayapura PS,1.0442e+16,2022,1,1,Road Accidents,Cross roads,Rural Areas,Near or inside a village,Vehicle Defect,Yes,Grievous Injury,Hit pedestrian,Controlled,Straight and flat,NH,Not Applicable,Dry,Not Applicable,Clear,Koramangala -avathi road,Avathi Koaramangala  near Bayalu Badhikhane,12 KM,13.352353,77.7434609,0,0,0.0,0.0
Bengaluru Dist,Vijayapura PS,1.0442e+16,2022,1,2,Road Accidents,Not Applicable,Rural Areas,Open area,Not Applicable,Yes,Simple Injury,Not Applicable,Not Applicable,Others,NH,Not Applicable,Others,Not Applicable,Fine,Chikkaballapura-Devanahalli NH 44 Road,Chikkaballapura NH 44 Road,12 KM,0.0,0.0,0,1,0.0,1.0
Bengaluru Dist,Vijayapura PS,1.0442e+16,2022,1,2,Road Accidents,Narrow road,Rural Areas,Open area,Human Error,No,Fatal,Vehicle to Vehicle,Not at  Junction,Straight and flat,Others,Bitumen(Tar),Dry,Not Applicable,Fine,Vijayapura Bullahalli Road,Uma Layout,50 met,0.0,0.0,0,0,0.0,0.0
Bengaluru Dist,Vijayapura PS,1.0442e+16,2022,1,2,Road Accidents,Not Applicable,Rural Areas,Open area,Human Error,Not Applicable,Damage Only,Vehicle to Vehicle,Not at  Junction,Not Applicable,NH,Bitumen(Tar),Dry,No influence on accident,Fine,Devanahalli C B Pura NH 44,Near Avathi Village,100mtr,13.278654,77.758365,0,0,0.0,0.0
Bengaluru Dist,Vijayapura PS,1.0442e+16,2022,1,2,Road Accidents,Not Applicable,City/Town,Open area,Human Error,Not Applicable,Simple Injury,Vehicle to Vehicle,Not at  Junction,Straight and flat,Others,Bitumen(Tar),Dry,No influence on accident,Clear,Devanahalli Vijayapura Road,Near Mori Anjaneya Temple,40mtr,13.29591,77.79486,0,0,0.0,0.0
Bengaluru Dist,Vijayapura PS,1.0442e+16,2022,1,1,Road Accidents,Narrow road,Rural Areas,Open area,Human Error,Yes,Grievous Injury,Not Applicable,Not Applicable,Straight and flat,State Highway,Bitumen(Tar),Dry,Not Applicable,Fine,Basappana Toppu,Bypass road,90,13.291767,77.783832,0,0,0.0,0.0
Bengaluru Dist,Vijayapura PS,1.0442e+16,2022,1,2,Road Accidents,Narrow road,Rural Areas,Open area,Human Error,No,Damage Only,Vehicle to Vehicle,Not Applicable,Straight and flat,NH,Bitumen(Tar),Dry,Not Applicable,Fine,Devanahalli-chickaballapur NH-07 Road,Light Poll,100,13.298704,77.726225,0,0,0.0,0.0
Bengaluru Dist,Vijayapura PS,1.0442e+16,2022,1,2,Road Accidents,Narrow road,Rural Areas,Open area,Human Error,Yes,Damage Only,Vehicle to Vehicle,Not at  Junction,Others,State Highway,Bitumen(Tar),Dry,Not Applicable,Fine,Devanahalli vijayapura road SH -96,Yaliuru Gate,15,13.277427,77.7584809,0,0,0.0,0.0
Bengaluru Dist,Vijayapura PS,1.0442e+16,2022,1,1,Road Accidents,Narrow road,Rural Areas,Open area,Human Error,Yes,Grievous Injury,Hit bicyclist,Not at  Junction,Not Applicable,Others,Bitumen(Tar),Dry,Not Applicable,Fine,Vijayapura to Yaluvahalli Road,Manjunatha House,8ft,13.295601,77.8101669,0,0,0.0,0.0
Bengaluru Dist,Vijayapura PS,1.0442e+16,2022,1,1,Road Accidents,Not Applicable,Rural Areas,Open area,Human Error,No,Grievous Injury,Not Applicable,Not Applicable,Straight and flat,State Highway,Bitumen(Tar),Dry,Not Applicable,Clear,"Devanahalli To Vijajayapura Road, Infront of SRT Properties, Devanahalli TQ Bengalore Dist",Near SRT Properties,05 KMS,13.292965,77.78712,0,0,0.0,0.0
Bengaluru Dist,Vijayapura PS,1.0442e+16,2022,1,1,Road Accidents,Not Applicable,Rural Areas,Residential area,Human Error,No,Fatal,Not Applicable,Not at  Junction,Straight and flat,Residential Street,Not Applicable,Dry,Not Applicable,Fine,Mudugurki Village,Infront Of muniyappa,13ft,13.285925,77.798331,0,0,0.0,0.0
Bengaluru Dist,Vijayapura PS,1.0442e+16,2022,1,2,Road Accidents,Junction,City/Town,Open area,Human Error,Not Applicable,Simple Injury,Vehicle to Vehicle,Uncontrolled,Straight and flat,Others,Bitumen(Tar),Dry,No influence on accident,Fine,Vijayapura Shidlaghattaa Road,Near Nagarabhavi,10Ft,13.302907,77.802015,0,0,0.0,0.0
Bengaluru Dist,Vijayapura PS,1.0442e+16,2022,1,2,Road Accidents,Narrow road,Rural Areas,Open area,Human Error,No,Grievous Injury,Vehicle to Vehicle,Not Applicable,Straight and flat,State Highway,Bitumen(Tar),Dry,Not Applicable,Fine,Kolar to vijayapura road,Naaz Enterprises,40,13.287471,77.811126,0,0,0.0,0.0
Bengaluru Dist,Vijayapura PS,1.0442e+16,2022,1,1,Road Accidents,Narrow road,Rural Areas,Residential area,Human Error,Yes,Grievous Injury,Hit pedestrian,Not at  Junction,Straight and flat,NH,Bitumen(Tar),Dry,Not Applicable,Fine,NH 44 Chikkaballapura Devanahalli Road Venkatagirikote Gate,West KEB Laght Poll,50,13.327361,77.725708,0,0,0.0,0.0
Bengaluru Dist,Vijayapura PS,1.0442e+16,2022,1,2,Road Accidents,Narrow road,Rural Areas,Open area,Human Error,No,Grievous Injury,Hit pedestrian,Not at  Junction,Straight and flat,NH,Bitumen(Tar),Dry,Not Applicable,Fine,Bangalore Hyderabad Road,Pallavi Dhaba opp,80,13.284848,77.723231,0,0,0.0,0.0
Bengaluru Dist,Vijayapura PS,1.0442e+16,2022,1,2,Road Accidents,Narrow road,Rural Areas,Near Petrol Pump,Human Error,No,Fatal,Vehicle to Vehicle,Not Applicable,Not Applicable,State Highway,Bitumen(Tar),Dry,Not Applicable,Fine,DEVNAHALLI KOLAR SH96 BUYPASS ROAD,BHARATH PETROL PUMB,25,13.284102,77.803095,0,0,0.0,0.0
Bengaluru Dist,Vijayapura PS,1.0442e+16,2022,1,2,Road Accidents,Not Applicable,Rural Areas,Open area,Human Error,No,Simple Injury,Vehicle to Vehicle,No signal lights,Straight and flat,NH,Bitumen(Tar),Dry,Not Applicable,Clear,Devanahalli-Chikkaballapura nh44,Near Krishnareddy land,70feet,13.301584,77.725492,0,0,0.0,0.0
Bengaluru Dist,Vijayapura PS,1.0442e+16,2022,1,2,Road Accidents,Not Applicable,Rural Areas,Open area,Not Applicable,No,Grievous Injury,Not Applicable,Not Applicable,Others,State Highway,Not Applicable,Others,Not Applicable,Fine,Vijayapura-Devanahalli Road,Jangli Peer Darga,2.5 KM,13.287357,77.774364,0,1,0.0,1.0
Bengaluru Dist,Vijayapura PS,1.0442e+16,2022,1,1,Road Accidents,Not Applicable,Rural Areas,Near Petrol Pump,Not Applicable,No,Damage Only,Not Applicable,Not at  Junction,Straight and flat,NH,Bitumen(Tar),Dry,Not Applicable,Clear,Chikkaballapura Devanahalli NH 44 Road,Near Nayara Petrol Bunk,100mtr,13.296532,77.8030129,0,0,0.0,0.0
Bengaluru Dist,Vijayapura PS,1.0442e+16,2022,1,2,Road Accidents,Narrow road,Rural Areas,Open area,Human Error,No,Fatal,Vehicle to Vehicle,Not at  Junction,Straight and flat,NH,Bitumen(Tar),Dry,Not Applicable,Fine,NH 44 Chikkaballapura Devanahalli Road,U Turn Mudugurki Village,50,13.341843,77.725657,0,0,0.0,0.0
Bengaluru Dist,Vijayapura PS,1.0442e+16,2022,1,2,Road Accidents,Not Applicable,City/Town,Open area,Human Error,Yes,Grievous Injury,Vehicle to Vehicle,Controlled,Straight and flat,NH,Bitumen(Tar),Dry,Not Applicable,Fine,Devanahalli tio Kolar SH 96 Road Vijayapura ByPass,Anjaneswamy Temple,50feet,13.28392,77.80382,0,0,0.0,0.0
Bengaluru Dist,Vijayapura PS,1.0442e+16,2022,1,2,Road Accidents,Circle,Rural Areas,Open area,Human Error,No,Simple Injury,Vehicle to Vehicle,Signal lights Blinking,Straight and flat,NH,Bitumen(Tar),Dry,Not Applicable,Clear,Hyderbad to Bangalore NH44,Bullahalli Gate,10 km,0.0,0.0,0,0,0.0,0.0
Bengaluru Dist,Vijayapura PS,1.0442e+16,2022,1,1,Road Accidents,Narrow road,Rural Areas,Open area,Human Error,Yes,Fatal,Hit pedestrian,Not at  Junction,Straight and flat,NH,Bitumen(Tar),Dry,Not Applicable,Fine,Bengaluru Hyderabad Road,Bullahalli Gate,200Mtr,13.30706,77.725575,0,0,0.0,0.0
Bengaluru Dist,Vijayapura PS,1.0442e+16,2022,1,1,Road Accidents,Narrow road,Rural Areas,Near office complex,Human Error,No,Simple Injury,Hit pedestrian,Not at  Junction,Straight and flat,State Highway,Bitumen(Tar),Dry,Not Applicable,Fine,Vijayapura Kolar Road,Sangeetha Mobile Shop,20,13.294233,77.802679,0,0,0.0,0.0
Bengaluru Dist,Vijayapura PS,1.0442e+16,2022,1,1,Road Accidents,Not Applicable,City/Town,Open area,Human Error,No,Grievous Injury,Hit pedestrian,Not at  Junction,Straight and flat,Others,Bitumen(Tar),Dry,Not Applicable,Clear,Vijayapura Kolar Road,Infront of HMS Engineering Works,20mtr,13.294342,77.802556,0,0,0.0,0.0
Bengaluru Dist,Vijayapura PS,1.0442e+16,2022,1,2,Road Accidents,Narrow road,Rural Areas,Open area,Human Error,No,Fatal,Vehicle to Vehicle,Not at  Junction,Straight and flat,NH,Bitumen(Tar),Dry,Not Applicable,Fine,NH 44 Chikkaballapura Devanahalli Road,Bhukti Dhaba N H 44 Devanahalli Chikkaballapura Road,70ft,13.355866,77.706621,0,0,0.0,0.0
Bengaluru Dist,Vijayapura PS,1.0442e+16,2022,1,2,Road Accidents,Narrow road,Rural Areas,Residential area,Human Error,No,Grievous Injury,Vehicle to Vehicle,Not at  Junction,Straight and flat,State Highway,Bitumen(Tar),Dry,Not Applicable,Fine,Vijayapura -Chikkaballapura Road,Narashimaiah House,20,13.355598,77.746977,0,0,0.0,0.0
Bengaluru Dist,Vijayapura PS,1.0442e+16,2022,1,2,Road Accidents,Not Applicable,Rural Areas,Open area,Not Applicable,No,Grievous Injury,Not Applicable,Not Applicable,Others,Others,Not Applicable,Others,Not Applicable,Others,Avathi-Kodugurki Road,Kodagurki Road,12 KM,0.0,0.0,0,1,0.0,1.0
Bengaluru Dist,Vijayapura PS,1.0442e+16,2022,1,2,Road Accidents,Narrow road,Rural Areas,Near Petrol Pump,Human Error,No,Grievous Injury,Vehicle to Vehicle,Not at  Junction,Others,Not Applicable,Bitumen(Tar),Dry,Not Applicable,Fine,Chikkaballapura-Devanahalli NH 44 Road,Indian OilPetrol bunk,60ft,0.0,0.0,0,0,0.0,0.0
Bengaluru Dist,Vijayapura PS,1.0442e+16,2023,1,1,Road Accidents,Narrow road,Rural Areas,Open area,Human Error,No,Fatal,Not Applicable,Not at  Junction,Straight and flat,Others,Bitumen(Tar),Dry,Not Applicable,Fine,Chikkanahalli Village,Manjanna Land Vijayapura Chikkaballapura Road,25ft,0.0,0.0,0,0,0.0,0.0
Bengaluru Dist,Vijayapura PS,1.0442e+16,2023,1,2,Road Accidents,Narrow road,Rural Areas,Open area,Human Error,No,Simple Injury,Vehicle to Vehicle,Controlled,Straight and flat,State Highway,Bitumen(Tar),Dry,Not Applicable,Cloudy,"Vijayapura to Devanahalli road,infront of janglipeer Dharga",janglipeer Dharga,100 FT,13.287751,77.774931,0,0,0.0,0.0
Bengaluru Dist,Vijayapura PS,1.0442e+16,2023,1,2,Road Accidents,Junction,Rural Areas,Residential area,Not Applicable,No,Grievous Injury,Vehicle to Vehicle,Controlled,Others,NH,Concrete,Dry,Not Applicable,Clear,Devanahalli-Chikkaballapura NH44 Road BHULAHALLI GATE,Devanahalli   Chikkaballapura  NH 44 Bhullahalli Gate,10 KM,13.309561,77.725639,0,0,0.0,0.0
Bengaluru Dist,Vijayapura PS,1.0442e+16,2023,1,2,Road Accidents,Cross roads,Rural Areas,Open area,Not Applicable,No,Fatal,Vehicle to Vehicle,Not Applicable,Others,NH,Concrete,Dry,Not Applicable,Clear,NH 44,NH  44 Near Avathi Bridge,30,13.28988,77.72421,0,0,0.0,0.0
Bengaluru Dist,Vijayapura PS,1.0442e+16,2023,1,1,Road Accidents,Junction,Rural Areas,Near Bus stop,Human Error,No,Fatal,Not Applicable,No signal lights,Hump,Others,Bitumen(Tar),Dry,Not Applicable,Fine,Vijayapura Shidlagatta Road,Bus Shelter,10 ft,0.0,0.0,0,0,0.0,0.0
Bengaluru Dist,Vijayapura PS,1.0442e+16,2023,1,1,Road Accidents,Not Applicable,City/Town,Open area,Not Applicable,Yes,Fatal,Not Applicable,Not Applicable,Others,Others,Not Applicable,Others,Not Applicable,Others,Vijayapura-Devanahalli Road,Vijayapura Road,500 Mt,0.0,0.0,0,1,0.0,1.0
Bengaluru Dist,Vijayapura PS,1.0442e+16,2023,1,2,Road Accidents,Not Applicable,Rural Areas,Open area,Not Applicable,No,Simple Injury,Not Applicable,Not Applicable,Others,NH,Not Applicable,Others,Not Applicable,Others,chikaballapura - Devanahali NH 44 Road,Chikkaballapura NH 44 Road,10 KM,13.275185,77.728054,0,1,0.0,1.0
Bengaluru Dist,Vijayapura PS,1.0442e+16,2023,1,2,Road Accidents,Not Applicable,Rural Areas,Open area,Not Applicable,No,Fatal,Not Applicable,Not Applicable,Others,Others,Not Applicable,Others,Not Applicable,Fine,Chikkabalapura-Vijayapura Road,Chikkabalapura Road,8 KM,13.341565,77.830117,0,1,0.0,1.0
Bengaluru Dist,Vijayapura PS,1.0442e+16,2023,1,1,Road Accidents,Narrow road,Rural Areas,Open area,Human Error,No,Fatal,Hit pedestrian,Not at  Junction,Straight and flat,NH,Bitumen(Tar),Dry,Not Applicable,Cloudy,Devanahalli to Chikkaballapura NH 44 Road,Near By Bhukti Daba,60 Fts,13.278138,77.7218529,0,0,0.0,0.0
Bengaluru Dist,Vijayapura PS,1.0442e+16,2023,1,2,Road Accidents,Circle,Rural Areas,Open area,Human Error,Yes,Grievous Injury,Vehicle to Vehicle,Not at  Junction,Straight and flat,NH,Bitumen(Tar),Dry,Not Applicable,Fine,NH 44 Bullahalli Gate,Highway Mask light,30 Ft,0.0,0.0,0,0,0.0,0.0
Bengaluru Dist,Vijayapura PS,1.0442e+16,2023,1,2,Road Accidents,Narrow road,Rural Areas,Open area,Human Error,No,Not Applicable,Vehicle to Vehicle,Not at  Junction,Straight and flat,NH,Bitumen(Tar),Dry,Not Applicable,Fine,"NH 44 Road, Abhishek Condimentes Shop",Light Poll,70 Fts,0.0,0.0,0,0,0.0,0.0
Bengaluru Dist,Vijayapura PS,1.0442e+16,2023,1,2,Road Accidents,Circle,Rural Areas,Near Petrol Pump,Human Error,Yes,Grievous Injury,Vehicle to Vehicle,Not Applicable,Straight and flat,NH,Bitumen(Tar),Dry,Not Applicable,Fine,Chikkaballapura To Devanahalli NH 44 Road,Venkatagirikote Circlae,10feet,13.327387,77.725638,0,0,0.0,0.0
Bengaluru Dist,Vijayapura PS,1.0442e+16,2023,1,2,Road Accidents,Narrow road,Rural Areas,Open area,Human Error,No,Grievous Injury,Vehicle to Vehicle,Not at  Junction,Others,NH,Bitumen(Tar),Dry,Not Applicable,Cloudy,Devanahalli to Chikkaballapura NH 44 Road,Bullahalli Gate,40ft,13.308662,77.725506,0,0,0.0,0.0
Bengaluru Dist,Vijayapura PS,1.0442e+16,2023,1,2,Road Accidents,Not Applicable,Rural Areas,Open area,Not Applicable,No,Fatal,Not Applicable,Not Applicable,Others,NH,Not Applicable,Others,Not Applicable,Fine,Bengaluru-Chikkaballapura NH 44 Road,Devanahalli Road,10 KM,13.334543,77.725491,0,1,0.0,1.0
Bengaluru Dist,Vijayapura PS,1.0442e+16,2023,1,2,Rail Road Accidents,Narrow road,Rural Areas,Near Petrol Pump,Human Error,No,Grievous Injury,Vehicle to Vehicle,Controlled,Straight and flat,Others,Bitumen(Tar),Dry,Not Applicable,Fine,VIjayapura to Chikkaballapura Road,Near By Maruthi Suziki Car Show Room,150 mt,13.300414,77.795126,0,0,0.0,0.0
Bengaluru Dist,Vijayapura PS,1.0442e+16,2023,1,2,Road Accidents,Circle,Rural Areas,Open area,Human Error,No,Grievous Injury,Vehicle to Vehicle,Controlled,Others,Others,Bitumen(Tar),Others,Not Applicable,Fine,Vijayapura to Kolar Road,Toll Gate,50 Mts,13.291535,77.806023,0,1,0.0,1.0
Bengaluru Dist,Vijayapura PS,1.0442e+16,2023,1,3,Road Accidents,Circle,Rural Areas,Open area,Human Error,Yes,Simple Injury,Vehicle to Vehicle,Uncontrolled,Straight and flat,NH,Bitumen(Tar),Dry,Not Applicable,Fine,Near Venkatagirikote Gate CBpura to Devanahalli Road NH 44,Venkatagirikote Bustand,10 Mts,13.297098,77.8001669,0,0,0.0,0.0
Bengaluru Dist,Vijayapura PS,1.0442e+16,2023,1,1,Road Accidents,Narrow road,Rural Areas,Open area,Human Error,No,Grievous Injury,Not Applicable,Not at  Junction,Not Applicable,NH,Bitumen(Tar),Dry,Not Applicable,Fine,Near Bhukti Dhaba Chikkaballapura Road,Kurubarakunte Cross,500 mi,0.0,0.0,0,0,0.0,0.0
Bengaluru Dist,Vijayapura PS,1.0442e+16,2023,1,2,Road Accidents,Narrow road,Rural Areas,Open area,Human Error,Yes,Damage Only,Vehicle to Vehicle,Not at  Junction,Straight and flat,NH,Bitumen(Tar),Dry,Not Applicable,Fine,Chikkaballapura Devanahalli NH 44 Road,Bhullahalli Gate,200 mi,0.0,0.0,0,0,0.0,0.0
Bengaluru Dist,Vijayapura PS,1.0442e+16,2023,1,2,Road Accidents,Narrow road,Rural Areas,Near Bus stop,Human Error,No,Fatal,Vehicle to Vehicle,Not at  Junction,Straight and flat,State Highway,Bitumen(Tar),Dry,Not Applicable,Fine,Vijayapura Devanahalli Road,Vijayapura Devanahalli Road Arch,100 ft,13.286776,77.812361,0,0,0.0,0.0
Bengaluru Dist,Vijayapura PS,1.0442e+16,2023,1,1,Road Accidents,Cross roads,Rural Areas,At pedestrian Crossing,Not Applicable,Yes,Fatal,Hit pedestrian,Controlled,Others,Others,Concrete,Others,Not Applicable,Others,G Hosahalli Gate  Vijayapura Hobli,I Anjeneiya Temple,10 ft,13.351196,77.743872,0,1,0.0,1.0
Bengaluru Dist,Vijayapura PS,1.0442e+16,2023,1,2,Rail Road Accidents,Not Applicable,Rural Areas,Open area,Not Applicable,No,Fatal,Vehicle to Vehicle,Not Applicable,Not Applicable,NH,Concrete,Others,Not Applicable,Clear,Bengaluru-Chikkaballapura NH 44 Road,Bangaluru Chikkabalapura Road Nh 44,30,13.32809,77.72548,0,1,0.0,1.0
Bengaluru Dist,Vijayapura PS,1.0442e+16,2023,1,2,Road Accidents,Circle,City/Town,Open area,Human Error,No,Simple Injury,Vehicle to Vehicle,Controlled,Straight and flat,State Highway,Bitumen(Tar),Dry,Not Applicable,Fine,"Near By CR pattana Circle, Devabahalli To Kolar Bypass Road",Light Pole,25 Mts,0.0,0.0,0,0,0.0,0.0
Bengaluru Dist,Vijayapura PS,1.0442e+16,2023,1,2,Road Accidents,Not Applicable,Rural Areas,Open area,Not Applicable,No,Fatal,Not Applicable,Not Applicable,Others,NH,Not Applicable,Others,Not Applicable,Others,Devanahalli-Chikkaballapura NH 7 Road,Chikkaballapura Road,13 KM,0.0,0.0,0,1,0.0,1.0
Bengaluru Dist,Vijayapura PS,1.0442e+16,2023,1,2,Road Accidents,Narrow road,Rural Areas,Near Bus stop,Not Applicable,No,Fatal,Vehicle to Vehicle,Not Applicable,Others,Others,Concrete,Dry,Not Applicable,Others,Vijayapura -chikkaballapura Road Chinuvandanahalli Gate Vijyapura Hobli Devanahalli Taluk,Chinuvnadanahalli Gate  Near Subbanna Farmar Property,10 KM,13.33809,77.77129,0,0,0.0,0.0
Bengaluru Dist,Vijayapura PS,1.0442e+16,2023,1,1,Road Accidents,Not Applicable,Rural Areas,Open area,Human Error,Yes,Simple Injury,Hit pedestrian,Controlled,Straight and flat,NH,Bitumen(Tar),Dry,Not Applicable,Fine,"Devanahalli to Chikkaballapura NH 44 road,",Canara Bank opposite bridge Down,50mts,13.289108,77.820416,0,0,0.0,0.0
Bengaluru Dist,Vijayapura PS,1.0442e+16,2023,1,1,Road Accidents,Not Applicable,Rural Areas,Open area,Not Applicable,No,Fatal,Not Applicable,Not Applicable,Others,NH,Not Applicable,Others,Not Applicable,Fine,Vijayapura Bus Stand,Kolar Road,1/2 KM,13.331359,77.725139,0,1,0.0,1.0
Bengaluru Dist,Vijayapura PS,1.0442e+16,2023,1,2,Road Accidents,Narrow road,Rural Areas,Open area,Human Error,No,Fatal,Vehicle to Vehicle,Not at  Junction,Not Applicable,Others,Bitumen(Tar),Dry,Not Applicable,Fine,Vijayapura Chikkaballapura  Road Near Kommasandra,Kommasandra Gate,300 mi,0.0,0.0,0,0,0.0,0.0
Bengaluru Dist,Vijayapura PS,1.0442e+16,2023,1,1,Road Accidents,Not Applicable,Rural Areas,Open area,Not Applicable,No,Grievous Injury,Not Applicable,Not Applicable,Others,Others,Metalled,Dry,Not Applicable,Others,Vijayapura-CBPura Road,Chikkabalapura Road,5 KM,13.322022,77.779703,0,0,2.0,2.0
Bengaluru Dist,Vijayapura PS,1.0442e+16,2023,1,1,Road Accidents,Not Applicable,Rural Areas,Open area,Not Applicable,No,Simple Injury,Not Applicable,Not Applicable,Others,Others,Not Applicable,Others,Not Applicable,Fine,Ranganathapura-Vijayapura Road,Ranganathapura Road,3 km,0.0,0.0,0,1,0.0,1.0
Bengaluru Dist,Vijayapura PS,1.0442e+16,2023,1,2,Road Accidents,Not Applicable,Rural Areas,Open area,Not Applicable,No,Fatal,Not Applicable,Not Applicable,Others,Others,Not Applicable,Others,Not Applicable,Others,Devanahalli-Chikkaballapura NH7 Road,Chikkaballapura Road,12 KM1,0.0,0.0,0,1,0.0,1.0
Bengaluru Dist,Vijayapura PS,1.0442e+16,2023,1,2,Road Accidents,Narrow road,Rural Areas,Near Bus stop,Human Error,Yes,Grievous Injury,Vehicle to Vehicle,Not Applicable,Straight and flat,NH,Bitumen(Tar),Dry,Not Applicable,Fine,NH 44 Devanahalli Chikkaballapura RoadAttibele Gate,Attibele Village Road,20Ft,13.282878,77.72283,0,0,0.0,0.0
Bengaluru Dist,Vijayapura PS,1.0442e+16,2023,1,2,Road Accidents,Narrow road,Rural Areas,Open area,Human Error,No,Grievous Injury,Vehicle to Vehicle,Not at  Junction,Straight and flat,State Highway,Bitumen(Tar),Dry,Not Applicable,Cloudy,Vijayapura to Devanahalli Road,Near HP Petrol Bank,500Mtr,13.286232,77.760348,0,0,0.0,0.0
Bengaluru Dist,Vijayapura PS,1.0442e+16,2023,1,1,Road Accidents,Narrow road,Rural Areas,Open area,Human Error,No,Fatal,Not Applicable,Not at  Junction,Straight and flat,NH,Bitumen(Tar),Dry,Not Applicable,Fine,NH 44 Devanahalli Chikkaballapura Road,Near Venkatagirikote,250 ft,13.328094,77.733886,0,0,0.0,0.0
Bengaluru Dist,Vijayapura PS,1.0442e+16,2023,1,3,Rail Road Accidents,Narrow road,Rural Areas,Near Petrol Pump,Human Error,No,Grievous Injury,Vehicle to Vehicle,Not Applicable,Straight and flat,NH,Bitumen(Tar),Dry,Not Applicable,Cloudy,"Chikkaballapura to Devanahalli NH 44 Road, Avathi Village Indian petrol Pump",Indian petrol Pump,50 Mts,13.300122,77.723563,0,0,0.0,0.0
Bengaluru Dist,Vijayapura PS,1.0442e+16,2023,1,2,Road Accidents,Junction,Rural Areas,Narrow bridge or culverts,Vehicle Defect,No,Fatal,Vehicle to Vehicle,Controlled,Others,NH,Concrete,Dry,Not Applicable,Clear,Bengaluru-Chikkaballapura NH 44 Road,ChikkaballapuraDevanahalli Road,30,13.345912,77.725709,0,0,0.0,0.0
Bengaluru Dist,Vijayapura PS,1.0442e+16,2023,1,2,Road Accidents,Narrow road,Rural Areas,Residential area,Not Applicable,No,Simple Injury,Vehicle to Vehicle,Controlled,Others,Others,Concrete,Dry,Not Applicable,Others,Vijayapura-CBPura Road,Vijayapura Chikkaballapura Road Near G hosahalli Gate,10 KM,13.357959,77.744847,0,0,0.0,0.0
Bengaluru Dist,Vijayapura PS,1.0442e+16,2023,1,2,Road Accidents,Not Applicable,Rural Areas,Open area,Not Applicable,No,Simple Injury,Not Applicable,Not Applicable,Others,NH,Bitumen(Tar),Others,Not Applicable,Fine,Chikkaballapura-Devanahalli NH 44 Road,Chikkaballapura NH 44 Road,12 KM,13.277121,77.721662,0,1,0.0,1.0
Bengaluru Dist,Vijayapura PS,1.0442e+16,2023,1,2,Road Accidents,Junction,Rural Areas,Open area,Human Error,No,Fatal,Vehicle to Vehicle,Signal lights Automatic,Others,NH,Bitumen(Tar),Dry,Not Applicable,Fine,Bullahalli Gate,New Gharana Daba,80,0.0,0.0,0,0,0.0,0.0
Bengaluru Dist,Vijayapura PS,1.0442e+16,2023,1,2,Road Accidents,Junction,Rural Areas,Open area,Human Error,No,Fatal,Vehicle to Vehicle,No signal lights,Not Applicable,NH,Bitumen(Tar),Dry,Not Applicable,Fine,Bullahalli Gate,Electric Pole,50,0.0,0.0,0,0,0.0,0.0
Bengaluru Dist,Vijayapura PS,1.0442e+16,2023,1,1,Road Accidents,Not Applicable,Rural Areas,Open area,Not Applicable,No,Fatal,Not Applicable,Not Applicable,Others,Others,Not Applicable,Others,Not Applicable,Fine,Kolara-Vijayapura Road,Kolara Road,800 Mt,13.280926,77.8191819,0,1,0.0,1.0
Bengaluru Dist,Vijayapura PS,1.0442e+16,2023,1,2,Road Accidents,Not Applicable,Rural Areas,Open area,Not Applicable,No,Grievous Injury,Vehicle to Vehicle,Controlled,Others,NH,Concrete,Dry,Not Applicable,Cloudy,Devanahalli-Chikkaballapura NH44 Road,ChikkaballapuraDevanahalli Road,5 KM,13.343358,77.725543,0,0,0.0,0.0
Bengaluru Dist,Vijayapura PS,1.0442e+16,2023,1,1,Road Accidents,Circle,Rural Areas,Open area,Human Error,Yes,Fatal,Hit pedestrian,Not at  Junction,Straight and flat,NH,Bitumen(Tar),Dry,Not Applicable,Fine,NH 44 Devanahalli Chikkaballapura Road,Venkatagirikote Gate,1,0.0,0.0,0,0,0.0,0.0
Bengaluru Dist,Vijayapura PS,1.0442e+16,2023,1,2,Road Accidents,Narrow road,Rural Areas,Near Petrol Pump,Not Applicable,No,Not Applicable,Vehicle to Vehicle,Controlled,Straight and flat,NH,Bitumen(Tar),Dry,Not Applicable,Fine,"NH 44 Road, Near Avathi Village",Near Yamanooru Sudrashna Land,50 mts,0.0,0.0,0,0,0.0,0.0