DISTRICTNAME,UNITNAME,Crime_No,Year,RI,Noofvehicle_involved,Accident_Classification,Accident_Spot,Accident_Location,Accident_SubLocation,Main_Cause,Hit_Run,Severity,Collision_Type,Junction_Control,Road_Character,Road_Type,Surface_Type,Surface_Condition,Road_Condition,Weather,Accident_Road,Landmark_first,Distance_LandMark_First,Latitude,Longitude,Road_Condition_Score,Surface_Condition_Score,Surface_Type_Score,Road_Risk_Index
Bengaluru Dist,Vijayapura PS,1.0442e+16,2023,1,1,Road Accidents,Narrow road,Rural Areas,Open area,Human Error,Yes,Grievous Injury,Not Applicable,Not at  Junction,Straight and flat,NH,Bitumen(Tar),Dry,Not Applicable,Fine,NH 44 Devanahalli Chikkaballapura Road,Udupi Grand Hotel,80 ft,13.298887,77.723712,0,0,0.0,0.0
Bengaluru Dist,Vijayapura PS,1.0442e+16,2023,1,2,Road Accidents,Not Applicable,Rural Areas,Open area,Not Applicable,No,Fatal,Not Applicable,Not Applicable,Others,Others,Not Applicable,Others,Not Applicable,Fine,Chikkaballapura-Devanahalli NH7 Road,Devanahalli Road,11 KM,13.292485,77.724782,0,1,0.0,1.0
Bengaluru Dist,Vijayapura PS,1.0442e+16,2023,1,3,Rail Road Accidents,Cross roads,Rural Areas,Open area,Human Error,No,Simple Injury,Vehicle to Vehicle,Controlled,Straight and flat,NH,Bitumen(Tar),Dry,Not Applicable,Cloudy,Chikkaballapura To Devanahalli NH 44 Road,Near Bullahalli Gate,50mts,13.308975,77.725597,0,0,0.0,0.0
Bengaluru Dist,Vijayapura PS,1.0442e+16,2023,1,2,Road Accidents,Cross roads,Rural Areas,Residential area,Vehicle Defect,No,Fatal,Vehicle to Vehicle,Controlled,Others,NH,Concrete,Dry,Not Applicable,Clear,Devanahalli-Chikkaballapura NH44 Road,Devanahalli   Chikkaballapura  NH 44 Bhullahalli Gate,10 KM,13.282878,77.72283,0,0,0.0,0.0
Bengaluru Dist,Vijayapura PS,1.0442e+16,2023,1,2,Road Accidents,Narrow road,Rural Areas,Near School or College,Human Error,No,Grievous Injury,Vehicle to Vehicle,Not at  Junction,Straight and flat,NH,Bitumen(Tar),Dry,Not Applicable,Fine,Chikkaballapura to Devanahalli NH 44 Road,Near Ananthavidyaniketana School Gate,80 Ft,13.281601,77.722729,0,0,0.0,0.0
Bengaluru Dist,Vijayapura PS,1.0442e+16,2023,1,2,Road Accidents,Narrow road,Rural Areas,Near Bus stop,Human Error,No,Grievous Injury,Vehicle to Vehicle,Not at  Junction,Straight and flat,NH,Bitumen(Tar),Dry,Not Applicable,Fine,NH 44 Devanahalli Chikkaballapura Road,Saibaba Temple,75 FIT,13.309047,77.768277,0,0,0.0,0.0
Bengaluru Dist,Vijayapura PS,1.0442e+16,2023,1,1,Road Accidents,Curves,Rural Areas,Open area,Human Error,Yes,Grievous Injury,Hit bicyclist,Not Applicable,Curve,Others,Bitumen(Tar),Dry,Construction Work / Material,Cloudy,Near Rajanna Land in front of Road,Rajanna Land,15 Mts,0.0,0.0,2,0,0.0,2.0
Bengaluru Dist,Vijayapura PS,1.0442e+16,2023,1,2,Road Accidents,Narrow road,Rural Areas,Open area,Not Applicable,No,Damage Only,Vehicle to Vehicle,Controlled,Straight and flat,Others,Bitumen(Tar),Dry,Not Applicable,Fine,Chikkaballapura to VIjayapura Road,Near Sadashivareddy Land,20 Ft,13.335014,77.748101,0,0,0.0,0.0
Bengaluru Dist,Vijayapura PS,1.0442e+16,2023,1,2,Road Accidents,Narrow road,Rural Areas,Open area,Human Error,No,Grievous Injury,Vehicle to Vehicle,Controlled,Straight and flat,NH,Bitumen(Tar),Dry,Not Applicable,Cloudy,"NH 44 Road Venkatagirikote village, HP Petrol Bank",HP Pretrol Benk,50,13.331451,77.725634,0,0,0.0,0.0
Bengaluru Dist,Vijayapura PS,1.0442e+16,2023,1,2,Road Accidents,Circle,Rural Areas,Near Bus stop,Human Error,Yes,Grievous Injury,Vehicle to Vehicle,Controlled,Straight and flat,Others,Bitumen(Tar),Dry,Not Applicable,Fine,Vijayapura Sidlaghatta Road,Chandenahalli gate,10 Mts,13.31158,77.803025,0,0,0.0,0.0
Bengaluru Dist,Vijayapura PS,1.0442e+16,2023,1,2,Road Accidents,Not Applicable,Rural Areas,Near Petrol Pump,Human Error,No,Simple Injury,Vehicle to Vehicle,No signal lights,Straight and flat,NH,Bitumen(Tar),Dry,Not Applicable,Fine,Devanahalli to Chikkaballapura NH 44 Road,Nayara Petrol Pamp,150,13.322857,77.725501,0,0,0.0,0.0
Bengaluru Dist,Vijayapura PS,1.0442e+16,2023,1,2,Other Railway Accidents,Railway crossing,Rural Areas,Near a religious place,Vehicle Defect,Yes,Fatal,Vehicle to Vehicle,Controlled,Not Applicable,Others,Not Applicable,Others,Not Applicable,Others,Vijayapura-kolara Road,KolaraVijayapura Road,30,13.28621,77.81259,0,1,0.0,1.0
Bengaluru Dist,Vijayapura PS,1.0442e+16,2023,1,2,Road Accidents,Narrow road,Rural Areas,Open area,Human Error,Yes,Grievous Injury,Vehicle to Vehicle,Not at  Junction,Straight and flat,NH,Bitumen(Tar),Dry,Not Applicable,Fine,Mudugurki Village NH 44 Road,Chikkaballapura Well Come Bord,50 Mts,0.0,0.0,0,0,0.0,0.0
Bengaluru Dist,Vijayapura PS,1.0442e+16,2023,1,2,Road Accidents,Not Applicable,Rural Areas,Open area,Not Applicable,No,Grievous Injury,Not Applicable,Not Applicable,Others,NH,Not Applicable,Others,Not Applicable,Others,Devanahalli-Chikkaballapura NH44 Road,Chikkabalapura Road,12 KM,13.30839,77.22546,0,1,0.0,1.0
Bengaluru Dist,Vijayapura PS,1.0442e+16,2023,1,2,Road Accidents,Cross roads,Rural Areas,Open area,Not Applicable,No,Fatal,Vehicle to Vehicle,Not Applicable,Others,Others,Not Applicable,Others,Not Applicable,Clear,Vijayapura  Channarayapatna Road,Darmapura Village  on the stright road,40,13.262815,77.809387,0,1,0.0,1.0
Bengaluru Dist,Vijayapura PS,1.0442e+16,2023,1,2,Road Accidents,Circle,City/Town,Near School or College,Human Error,No,Fatal,Vehicle to Vehicle,No signal lights,Straight and flat,Others,Bitumen(Tar),Dry,Not Applicable,Clear,Near Pragathi Degree Collage,Siddaghatta Cross,10 Mts,0.0,0.0,0,0,0.0,0.0
Bengaluru Dist,Vijayapura PS,1.0442e+16,2023,1,2,Road Accidents,Cross roads,Rural Areas,Open area,Not Applicable,No,Grievous Injury,Vehicle to Vehicle,Controlled,Others,NH,Bitumen(Tar),Dry,Not Applicable,Cloudy,Chikkaballapura To Devanahalli Road,Near Janata colony Gate,11,0.0,0.0,0,0,0.0,0.0
Bengaluru Dist,Vijayapura PS,1.0442e+16,2023,1,2,Road Accidents,Narrow road,Rural Areas,Near Bus stop,Human Error,No,Grievous Injury,Vehicle to Vehicle,Not at  Junction,Straight and flat,State Highway,Bitumen(Tar),Dry,Not Applicable,Fine,Kolar Chikkaballapura Road  in front of Mayur Bekary Vijaypura Town,Mallige Clinic  Hospital,40 ft,13.295249,77.801491,0,0,0.0,0.0
Bengaluru Dist,Vijayapura PS,1.0442e+16,2023,1,2,Road Accidents,Narrow road,Rural Areas,Open area,Human Error,Yes,Grievous Injury,Vehicle to Vehicle,Controlled,Others,NH,Bitumen(Tar),Dry,Not Applicable,Cloudy,Devanahalli To Chikkballapura NH 44 Road,Bukti Daba,40 FT,13.278139,77.728147,0,0,0.0,0.0
Bengaluru Dist,Vijayapura PS,1.0442e+16,2023,1,1,Road Accidents,Narrow road,Rural Areas,Open area,Human Error,No,Fatal,Hit pedestrian,Not at  Junction,Straight and flat,Others,Bitumen(Tar),Dry,Not Applicable,Fine,Vijayapura Harohalli Road,Near Lakshmiamma Land,20Ft,13.315268,77.748933,0,0,0.0,0.0
Bengaluru Dist,Vijayapura PS,1.0442e+16,2023,1,1,Road Accidents,Narrow road,Rural Areas,Open area,Human Error,No,Fatal,Hit pedestrian,Not at  Junction,Straight and flat,NH,Bitumen(Tar),Dry,Not Applicable,Fine,NH 44 Devanahalli Chikkaballapura Road,Palavi Daba N H 44 Road Avithi,50ft,13.31388,77.727132,0,0,0.0,0.0
Bengaluru Dist,Vishwanathapura PS,1.04422e+16,2016,1,2,Road Accidents,Other,Rural Areas,Near or inside a village,Human Error,Yes,Simple Injury,Hit and Run,Uncontrolled,Straight and flat,State Highway,Bitumen(Tar),Dry,No influence on accident,Clear,Nandi Road,Nandi Roadprstige group oppsit Nandi,100mt,0.0,0.0,0,0,0.0,0.0
Bengaluru Dist,Vishwanathapura PS,1.04422e+16,2016,1,2,Road Accidents,Other,Rural Areas,Open area,Human Error,No,Fatal,Head on,Uncontrolled,Straight and flat,State Highway,Bitumen(Tar),Dry,No influence on accident,Clear,Nandi duvanahalli road,sangam daba,100 mt,0.0,0.0,0,0,0.0,0.0
Bengaluru Dist,Vishwanathapura PS,1.04422e+16,2016,1,2,Road Accidents,Cross roads,Rural Areas,Open area,Human Error,Yes,Fatal,Head on,Uncontrolled,Others,NH,Bitumen(Tar),Dry,Construction Work / Material,Clear,Beerasandra Gate,Beerasandra Gate,50 mt,0.0,0.0,2,0,0.0,2.0
Bengaluru Dist,Vishwanathapura PS,1.04422e+16,2016,1,2,Road Accidents,Other,Rural Areas,Near Petrol Pump,Human Error,No,Fatal,Rear end,Uncontrolled,Slight Curve,NH,Bitumen(Tar),Dry,No influence on accident,Clear,Vishwanathpura petrol pump,Vishwanathpura petrol pump,100 mt,0.0,0.0,0,0,0.0,0.0
Bengaluru Dist,Vishwanathapura PS,1.04422e+16,2016,1,1,Road Accidents,Cross roads,Rural Areas,Near Bus stop,Human Error,Not Applicable,Grievous Injury,Hit pedestrian,Controlled,Others,NH,Bitumen(Tar),Dry,Construction Work / Material,Clear,NH 207,Near vishwanathapura bus stop,100,0.0,0.0,2,0,0.0,2.0
Bengaluru Dist,Vishwanathapura PS,1.04422e+16,2016,1,1,Road Accidents,Narrow road,Rural Areas,Near Bus stop,Human Error,No,Simple Injury,Head on,No signal lights,Slight Curve,Others,Bitumen(Tar),Dry,No influence on accident,Clear,Misaganahalli Village Kundana Hobalai Devanahalli Tq,Misaganahalli Village,100 mt,0.0,0.0,0,0,0.0,0.0
Bengaluru Dist,Vishwanathapura PS,1.04422e+16,2016,1,2,Road Accidents,Narrow road,Rural Areas,Open area,Human Error,Yes,Grievous Injury,Hit and Run,Not at  Junction,Slight Curve,Others,Bitumen(Tar),Dry,No influence on accident,Clear,Sundareshwara Nagara Devanahalli-Bommavara Road,Basaveshwara Nagara,100 mt,0.0,0.0,0,0,0.0,0.0
Bengaluru Dist,Vishwanathapura PS,1.04422e+16,2016,1,2,Road Accidents,T Junction,Rural Areas,Near Bus stop,Human Error,No,Simple Injury,Head on,No signal lights,Slight Curve,NH,Bitumen(Tar),Dry,Construction Work / Material,Clear,Vishwanthapura Police Station Opposit Doddaballapura-Devanahalli NH-207,Vishwanathapura Police Station Opposit,200 mt,0.0,0.0,2,0,0.0,2.0
Bengaluru Dist,Vishwanathapura PS,1.04422e+16,2016,1,2,Road Accidents,Junction,Rural Areas,Open area,Human Error,No,Simple Injury,Head on,No signal lights,Slight Curve,NH,Bitumen(Tar),Dry,Construction Work / Material,Clear,Sikayanahalli Gate Devanahalli-Doddaballapura NH-207 Road,Sikayanahalli Gate,100 mt,0.0,0.0,2,0,0.0,2.0
Bengaluru Dist,Vishwanathapura PS,1.04422e+16,2016,1,1,Road Accidents,Other,Rural Areas,Open area,Human Error,Not Applicable,Simple Injury,Skidding or Self accident,Uncontrolled,Straight and flat,State Highway,Bitumen(Tar),Dry,No influence on accident,Clear,Nandi duvanahalli road,kamenahalli main road,50 mt,0.0,0.0,0,0,0.0,0.0
Bengaluru Dist,Vishwanathapura PS,1.04422e+16,2016,1,2,Road Accidents,Narrow road,Rural Areas,Near School or College,Human Error,No,Damage Only,Head on,No signal lights,Slight Curve,NH,Bitumen(Tar),Dry,Construction Work / Material,Clear,NH-207 Devanahalli-Doddaballapura Road Vihan School,Vihan School Opposit,100 mt,0.0,0.0,2,0,0.0,2.0
Bengaluru Dist,Vishwanathapura PS,1.04422e+16,2016,1,2,Road Accidents,Other,Rural Areas,Near School or College,Human Error,No,Grievous Injury,Overturning,Controlled,Straight and flat,NH,Bitumen(Tar),Dry,Construction Work / Material,Clear,NH,Vishwanathapura Road vihan school infornt of,50 mt,0.0,0.0,2,0,0.0,2.0
Bengaluru Dist,Vishwanathapura PS,1.04422e+16,2016,1,2,Road Accidents,Other,Rural Areas,Open area,Human Error,No,Simple Injury,Head on,Uncontrolled,Slight Curve,NH,Bitumen(Tar),Dry,Construction Work / Material,Clear,Dorekavalu Aditya new Town Layout,Aditya New Town layout,150 mt,0.0,0.0,2,0,0.0,2.0
Bengaluru Dist,Vishwanathapura PS,1.04422e+16,2016,1,2,Road Accidents,Narrow road,Rural Areas,Open area,Human Error,No,Fatal,Head on,Uncontrolled,Slight Curve,State Highway,Bitumen(Tar),Dry,No influence on accident,Clear,maligenahalli Gate,Maligenahalli Gate,100 mt,0.0,0.0,0,0,0.0,0.0
Bengaluru Dist,Vishwanathapura PS,1.04422e+16,2016,1,1,Road Accidents,Junction,Rural Areas,Open area,Human Error,No,Fatal,Hit pedestrian,Uncontrolled,Straight and flat,Village Road,Bitumen(Tar),Dry,No influence on accident,Clear,I v c road,kempalingana pura gate,200mt,0.0,0.0,0,0,0.0,0.0
Bengaluru Dist,Vishwanathapura PS,1.04422e+16,2016,1,1,Road Accidents,Other,Rural Areas,Open area,Human Error,No,Not Applicable,Hit animal,Uncontrolled,Slight Curve,Others,Bitumen(Tar),Dry,No influence on accident,Clear,Krishnappa Form House Vaderahalli Road,Vaderahalli Road,100 mt,0.0,0.0,0,0,0.0,0.0
Bengaluru Dist,Vishwanathapura PS,1.04422e+16,2016,1,2,Road Accidents,Other,Villages settlement,Open area,Human Error,No,Simple Injury,Head on,Uncontrolled,Straight and flat,NH,Bitumen(Tar),Dry,Construction Work / Material,Clear,NH 207,Vishwanathapura police stetion opposite,200 mt,0.0,0.0,2,0,0.0,2.0
Bengaluru Dist,Vishwanathapura PS,1.04422e+16,2016,1,2,Road Accidents,Other,Rural Areas,Near Bus stop,Human Error,No,Simple Injury,Head on,Uncontrolled,Straight and flat,State Highway,Bitumen(Tar),Dry,No influence on accident,Clear,Nandi Road,maligenahalli Village,100mt,0.0,0.0,0,0,0.0,0.0
Bengaluru Dist,Vishwanathapura PS,1.04422e+16,2016,1,2,Road Accidents,Other,Rural Areas,Near or inside a village,Human Error,Not Applicable,Grievous Injury,Head on,Controlled,Others,Others,Bitumen(Tar),Dry,Construction Work / Material,Clear,Aradeshanahalli - Basavana pura Near pappanna House,Ivc road,100,0.0,0.0,2,0,0.0,2.0
Bengaluru Dist,Vishwanathapura PS,1.04422e+16,2016,1,2,Road Accidents,Other,Rural Areas,Open area,Human Error,No,Simple Injury,Head on,Uncontrolled,Slight Curve,Village Road,Bitumen(Tar),Dry,No influence on accident,Clear,Bettenahalli road,Bettenahalli road,150mt,0.0,0.0,0,0,0.0,0.0
Bengaluru Dist,Vishwanathapura PS,1.04422e+16,2016,1,2,Road Accidents,Circle,Rural Areas,Open area,Human Error,No,Simple Injury,Rear end,Uncontrolled,Others,Village Road,Bitumen(Tar),Dry,No influence on accident,Clear,Tindlu Circle,Tindlu Circle,150 mt,0.0,0.0,0,0,0.0,0.0
Bengaluru Dist,Vishwanathapura PS,1.04422e+16,2016,1,2,Road Accidents,Other,Rural Areas,Near Petrol Pump,Human Error,Not Applicable,Simple Injury,Head on,Uncontrolled,Others,NH,Bitumen(Tar),Dry,Construction Work / Material,Clear,NH 207 Road,Ambedkar Bhavana,100mt,0.0,0.0,2,0,0.0,2.0
Bengaluru Dist,Vishwanathapura PS,1.04422e+16,2016,1,1,Road Accidents,Other,Rural Areas,Near or inside a village,Human Error,Yes,Fatal,Hit pedestrian,Uncontrolled,Straight and flat,State Highway,Bitumen(Tar),Dry,No influence on accident,Clear,KODAGURKI ROAD,KODAGURKI VILLAGE,200mt,0.0,0.0,0,0,0.0,0.0
Bengaluru Dist,Vishwanathapura PS,1.04422e+16,2016,1,2,Road Accidents,Narrow road,Rural Areas,Near Bus stop,Human Error,Yes,Grievous Injury,Hit and Run,No signal lights,Slight Curve,State Highway,Bitumen(Tar),Dry,No influence on accident,Clear,Karahalli Road Devanahalli-Nanadi Raod,Karahalli Village,150 mt,0.0,0.0,0,0,0.0,0.0
Bengaluru Dist,Vishwanathapura PS,1.04422e+16,2016,1,2,Road Accidents,Other,Rural Areas,Near or inside a village,Human Error,No,Simple Injury,Head on,Uncontrolled,Straight and flat,State Highway,Bitumen(Tar),Dry,No influence on accident,Clear,Nandi duvanahalli road,kodugurki village,200mt,0.0,0.0,0,0,0.0,0.0
Bengaluru Dist,Vishwanathapura PS,1.04422e+16,2016,1,2,Road Accidents,T Junction,Rural Areas,Open area,Human Error,No,Simple Injury,Head on,No signal lights,Slight Curve,Others,Bitumen(Tar),Dry,Construction Work / Material,Clear,Chapparadakallu Near Sharma Form,Sharma Form,100 mt,0.0,0.0,2,0,0.0,2.0
Bengaluru Dist,Vishwanathapura PS,1.04422e+16,2016,1,1,Road Accidents,Other,Rural Areas,Open area,Human Error,Not Applicable,Simple Injury,Hit fixed object,Uncontrolled,Straight and flat,Village Road,Bitumen(Tar),Dry,No influence on accident,Clear,I V C ROAD,I V C Road,100 mt,0.0,0.0,0,0,0.0,0.0
Bengaluru Dist,Vishwanathapura PS,1.04422e+16,2016,1,2,Road Accidents,Other,Rural Areas,Near or inside a village,Human Error,No,Simple Injury,Head on,Uncontrolled,Others,Village Road,Bitumen(Tar),Dry,No influence on accident,Clear,I V C ROAD,Vyali port Oppsit,200 mt,0.0,0.0,0,0,0.0,0.0
Bengaluru Dist,Vishwanathapura PS,1.04422e+16,2016,1,2,Road Accidents,Junction,Rural Areas,Open area,Human Error,No,Fatal,Head on,Stop sign,Slight Curve,NH,Bitumen(Tar),Dry,Construction Work / Material,Clear,NH 207 road,Savakanahalli Gate,50 mt,0.0,0.0,2,0,0.0,2.0
Bengaluru Dist,Vishwanathapura PS,1.04422e+16,2016,1,2,Road Accidents,Other,Rural Areas,Open area,Human Error,No,Fatal,Head on,Uncontrolled,Slight Curve,Village Road,Bitumen(Tar),Dry,No influence on accident,Clear,Uganavadi Kempatimmanahalli Road,Aishwarya lay Out,150mt,0.0,0.0,0,0,0.0,0.0
Bengaluru Dist,Vishwanathapura PS,1.04422e+16,2016,1,2,Road Accidents,Cross roads,Rural Areas,Near Bus stop,Human Error,No,Fatal,Overturning,Uncontrolled,Slight Curve,NH,Bitumen(Tar),Dry,No influence on accident,Clear,Vishwathpura bus stand,Vishwathpura bus stand,150 mt,0.0,0.0,0,0,0.0,0.0
Bengaluru Dist,Vishwanathapura PS,1.04422e+16,2016,1,2,Rail Road Accidents,Narrow road,Rural Areas,Near Bus stop,Human Error,No,Grievous Injury,Head on,No signal lights,Slight Curve,Others,Bitumen(Tar),Dry,No influence on accident,Clear,Maligenahalli Bus Stop Kundana Hobali Devanahalli Tq,Misaganahalli Bus Stop,100 mt,0.0,0.0,0,0,0.0,0.0
Bengaluru Dist,Vishwanathapura PS,1.04422e+16,2016,1,2,Road Accidents,Other,Rural Areas,Open area,Human Error,No,Simple Injury,Head on,Uncontrolled,Straight and flat,Village Road,Bitumen(Tar),Dry,No influence on accident,Clear,MARGONDANAHALLI ROAD,RAKUM SCHOOL NEAR,200,0.0,0.0,0,0,0.0,0.0
Bengaluru Dist,Vishwanathapura PS,1.04422e+16,2016,1,1,Road Accidents,Other,Rural Areas,Open area,Human Error,No,Fatal,Hit pedestrian,Uncontrolled,Slight Curve,Service Road,Bitumen(Tar),Dry,No influence on accident,Clear,mayasandra village,Mayasandra,100 mt,0.0,0.0,0,0,0.0,0.0
Bengaluru Dist,Vishwanathapura PS,1.04422e+16,2016,1,1,Road Accidents,Junction,Rural Areas,Open area,Human Error,Not Applicable,Fatal,Skidding or Self accident,Uncontrolled,Straight and flat,NH,Bitumen(Tar),Dry,Construction Work / Material,Clear,NH207,SHETTARALLI GATE,200mt,0.0,0.0,2,0,0.0,2.0
Bengaluru Dist,Vishwanathapura PS,1.04422e+16,2016,1,1,Road Accidents,Cross roads,Rural Areas,Open area,Human Error,No,Fatal,Hit pedestrian,Uncontrolled,Others,NH,Bitumen(Tar),Dry,No influence on accident,Clear,Marathoma church 207 Road,Marathoma church 207 Road,100 mt,0.0,0.0,0,0,0.0,0.0
Bengaluru Dist,Vishwanathapura PS,1.04422e+16,2016,1,2,Road Accidents,Cross roads,Rural Areas,Near or inside a village,Human Error,Not Applicable,Simple Injury,Head on,Controlled,Curve,NH,Bitumen(Tar),Dry,Construction Work / Material,Clear,NH 207 Road Bydarahalli Village,Bydarahahalli gate,150,0.0,0.0,2,0,0.0,2.0
Bengaluru Dist,Vishwanathapura PS,1.04422e+16,2016,1,2,Road Accidents,Other,Rural Areas,Open area,Human Error,No,Fatal,Head on,Stop sign,Slight Curve,State Highway,Bitumen(Tar),Dry,No influence on accident,Clear,Nandi Road,kodagurki village,300mt,0.0,0.0,0,0,0.0,0.0
Bengaluru Dist,Vishwanathapura PS,1.04422e+16,2016,1,1,Road Accidents,Other,Villages settlement,Near or inside a village,Human Error,No,Fatal,Skidding or Self accident,Uncontrolled,Straight and flat,Village Road,Bitumen(Tar),Dry,No influence on accident,Clear,I v c road,Singrahalli Grama,100mt,0.0,0.0,0,0,0.0,0.0
Bengaluru Dist,Vishwanathapura PS,1.04422e+16,2016,1,2,Road Accidents,Other,Rural Areas,Near office complex,Human Error,No,Fatal,Skidding or Self accident,Uncontrolled,Straight and flat,State Highway,Bitumen(Tar),Dry,No influence on accident,Clear,Nandi duvanahalli road,kodugurki village,300mt,0.0,0.0,0,0,0.0,0.0
Bengaluru Dist,Vishwanathapura PS,1.04422e+16,2016,1,1,Road Accidents,Circle,Rural Areas,Near Bus stop,Human Error,Yes,Simple Injury,Hit and Run,No signal lights,Slight Curve,State Highway,Bitumen(Tar),Dry,No influence on accident,Clear,Karahalli Cross Devanahalli-Nanadi Raod,Karahalli Cross,150 mt,0.0,0.0,0,0,0.0,0.0
Bengaluru Dist,Vishwanathapura PS,1.04422e+16,2016,1,2,Road Accidents,Circle,Rural Areas,Near Bus stop,Human Error,No,Simple Injury,Head on,No signal lights,Slight Curve,Others,Bitumen(Tar),Dry,No influence on accident,Clear,Thindlu Circule Kundana Hobali Devanahalli Taluk,Thindlu Circule,100 mt,0.0,0.0,0,0,0.0,0.0
Bengaluru Dist,Vishwanathapura PS,1.04422e+16,2016,1,1,Road Accidents,Narrow road,Rural Areas,Near Bus stop,Human Error,No,Simple Injury,Head on,No signal lights,Straight and flat,NH,Bitumen(Tar),Dry,Construction Work / Material,Clear,Near Madduramma Temple Vishwanathapura Village Devanahalli-Doddaballapura NH-207 Road,Madduramma Tempale,150 mt,0.0,0.0,2,0,0.0,2.0
Bengaluru Dist,Vishwanathapura PS,1.04422e+16,2016,1,2,Road Accidents,Other,Rural Areas,Open area,Human Error,No,Simple Injury,Head on,Uncontrolled,Straight and flat,Village Road,Bitumen(Tar),Dry,No influence on accident,Clear,T vasahalli road,T vasahalli near,100 mt,0.0,0.0,0,0,0.0,0.0
Bengaluru Dist,Vishwanathapura PS,1.04422e+16,2016,1,2,Road Accidents,Circle,Rural Areas,Near or inside a village,Human Error,No,Grievous Injury,Head on,Controlled,Straight and flat,State Highway,Bitumen(Tar),Dry,Construction Work / Material,Clear,SH Highy Way,maligenahalli Village,100,0.0,0.0,2,0,0.0,2.0
Bengaluru Dist,Vishwanathapura PS,1.04422e+16,2016,1,2,Road Accidents,Other,Rural Areas,Open area,Human Error,No,Not Applicable,Head on,No signal lights,Slight Curve,NH,Bitumen(Tar),Dry,Construction Work / Material,Clear,Wood Rich Cross Devanahalli-Doddaballapura NH-207 Road,Woodrich Cross,50 mt,0.0,0.0,2,0,0.0,2.0
Bengaluru Dist,Vishwanathapura PS,1.04422e+16,2016,1,2,Road Accidents,Other,Rural Areas,Open area,Human Error,Yes,Simple Injury,Hit and Run,Uncontrolled,Slight Curve,Others,Bitumen(Tar),Dry,No influence on accident,Clear,Kundana Koyira Road Near Krishna Green North,Krishna Green North,100 mt,0.0,0.0,0,0,0.0,0.0
Bengaluru Dist,Vishwanathapura PS,1.04422e+16,2016,1,2,Road Accidents,Narrow road,Rural Areas,Open area,Human Error,No,Damage Only,Head on,No signal lights,Slight Curve,State Highway,Bitumen(Tar),Dry,No influence on accident,Clear,Yambrahalli Gate Devanahalli-Nandhi Road,Yabrahalli Gate,150 mt,0.0,0.0,0,0,0.0,0.0
Bengaluru Dist,Vishwanathapura PS,1.04422e+16,2016,1,2,Road Accidents,Junction,Rural Areas,Near Bus stop,Human Error,No,Simple Injury,Rear end,No signal lights,Slight Curve,NH,Bitumen(Tar),Dry,Construction Work / Material,Clear,Duddanahalli Gate Kundana Hobali Devanahalli Taluk,Duddanahalli Gate,100 mt,0.0,0.0,2,0,0.0,2.0
Bengaluru Dist,Vishwanathapura PS,1.04422e+16,2016,1,2,Road Accidents,Junction,Rural Areas,Near Bus stop,Human Error,No,Fatal,Head on,Uncontrolled,Others,NH,Bitumen(Tar),Dry,Construction Work / Material,Clear,NH 207 Road,aluru duddanlli gate,100 mt,0.0,0.0,2,0,0.0,2.0
Bengaluru Dist,Vishwanathapura PS,1.04422e+16,2017,1,2,Road Accidents,Narrow road,Rural Areas,Near Bus stop,Human Error,Yes,Fatal,Head on,No signal lights,Slight Curve,NH,Bitumen(Tar),Dry,Construction Work / Material,Clear,Shetterahalli Gate Devanahalli-Doddaballapura NH-207 Road,Shetterahalli Gate,100 mt,0.0,0.0,2,0,0.0,2.0
Bengaluru Dist,Vishwanathapura PS,1.04422e+16,2017,1,2,Road Accidents,Curves,Rural Areas,Open area,Human Error,Yes,Grievous Injury,Hit and Run,Stop sign,Curve,Others,Bitumen(Tar),Dry,Not Applicable,Clear,"Infront of Muniramappa Land, Bidaluru Maligenahalli Road, Kasaba Hobali, Devanahalli Taluk",Bidaluru Maligenahalli Road,150mt,0.0,0.0,0,0,0.0,0.0
Bengaluru Dist,Vishwanathapura PS,1.04422e+16,2017,1,1,Road Accidents,Other,Rural Areas,Near or inside a village,Human Error,Not Applicable,Grievous Injury,Others,Not at  Junction,Straight and flat,State Highway,Bitumen(Tar),Dry,Not Applicable,Others,Devanahalli-Nandhi Road Karahalli Village,SH  Road,1,0.0,0.0,0,0,0.0,0.0
Bengaluru Dist,Vishwanathapura PS,1.04422e+16,2017,1,2,Road Accidents,Other,Rural Areas,Near or inside a village,Human Error,No,Grievous Injury,Head on,Not at  Junction,Straight and flat,Village Road,Bitumen(Tar),Dry,Not Applicable,Very Cold,Nandi-Devanahalli  Road,Nandi Devanahalli  Road,2,0.0,0.0,0,0,0.0,0.0
Bengaluru Dist,Vishwanathapura PS,1.04422e+16,2017,1,1,Road Accidents,Other,Rural Areas,Near or inside a village,Not Applicable,Yes,Fatal,Others,Not Applicable,Others,NH,Bitumen(Tar),Dry,Not Applicable,Fine,Devanahalli-Doddaballapura Road,South Side Dorekavalu Village Road,20 ft,0.0,0.0,0,0,0.0,0.0
Bengaluru Dist,Vishwanathapura PS,1.04422e+16,2017,1,3,Road Accidents,Narrow road,Rural Areas,Near or inside a village,Human Error,No,Fatal,Others,Not Applicable,Straight and flat,Village Road,Bitumen(Tar),Dry,Not Applicable,Fine,Neraganahalli Gate Doddaballapura-Devanahalli IVC Road,Near Aminity Layout,8,0.0,0.0,0,0,0.0,0.0