DISTRICTNAME,UNITNAME,Crime_No,Year,RI,Noofvehicle_involved,Accident_Classification,Accident_Spot,Accident_Location,Accident_SubLocation,Main_Cause,Hit_Run,Severity,Collision_Type,Junction_Control,Road_Character,Road_Type,Surface_Type,Surface_Condition,Road_Condition,Weather,Accident_Road,Landmark_first,Distance_LandMark_First,Latitude,Longitude,Road_Condition_Score,Surface_Condition_Score,Surface_Type_Score,Road_Risk_Index
Bengaluru Dist,Vishwanathapura PS,1.04422e+16,2019,1,1,Road Accidents,Narrow road,Rural Areas,Open area,Human Error,No,Fatal,Not Applicable,Uncontrolled,Not Applicable,Others,Bitumen(Tar),Dry,Not Applicable,Fine,Devanahalli Nandi Road,Shanaishwara Temple,30ft,13.329754,77.691293,0,0,0.0,0.0
Bengaluru Dist,Vishwanathapura PS,1.04422e+16,2019,1,1,Road Accidents,Circle,Rural Areas,Near or inside a village,Human Error,No,Grievous Injury,Hit bicyclist,Not at  Junction,Straight and flat,Others,Bitumen(Tar),Dry,No influence on accident,Clear,"Devanahalli-Doddaballapura Road, IVC Road",Devanahalli Doddaballapura Road,1,13.231867,77.65596,0,0,0.0,0.0
Bengaluru Dist,Vishwanathapura PS,1.04422e+16,2019,1,2,Road Accidents,Narrow road,Rural Areas,Open area,Human Error,Yes,Grievous Injury,Vehicle to Vehicle,Controlled,Straight and flat,State Highway,Bitumen(Tar),Dry,No influence on accident,Cloudy,Nandi Devanahalli Road,Nandi Devanahalli Road,1,13.31822,77.69469,0,0,0.0,0.0
Bengaluru Dist,Vishwanathapura PS,1.04422e+16,2019,1,2,Road Accidents,Narrow road,Villages settlement,Near or inside a village,Human Error,No,Fatal,Head on,Not Applicable,Not Applicable,Others,Bitumen(Tar),Dry,Not Applicable,Fine,Devanahalli Nandi Road,Manjunath Puncher shop,25ft,13.300568,77.700543,0,0,0.0,0.0
Bengaluru Dist,Vishwanathapura PS,1.04422e+16,2019,1,2,Road Accidents,Narrow road,Rural Areas,Open area,Human Error,No,Damage Only,Vehicle to Vehicle,Not at  Junction,Straight and flat,NH,Bitumen(Tar),Dry,No influence on accident,Others,"Devanahalli-Doddaballapura Road, NH-207 Road",1,1,13.203608,77.576461,0,0,0.0,0.0
Bengaluru Dist,Vishwanathapura PS,1.04422e+16,2019,1,2,Road Accidents,T Junction,Rural Areas,Open area,Human Error,No,Fatal,Others,Not at  Junction,Others,Village Road,Bitumen(Tar),Dry,Not Applicable,Fine,Chapparadakallu Dyavarahalli Road,Dyavarahalli Gate,20,13.227876,77.606182,0,0,0.0,0.0
Bengaluru Dist,Vishwanathapura PS,1.04422e+16,2019,1,2,Road Accidents,Not Applicable,Rural Areas,Open area,Human Error,No,Fatal,Hit parked vehicle,Not Applicable,Not Applicable,Village Road,Bitumen(Tar),Dry,Not Applicable,Fine,"Jogalli Road, Near Gopalappa Land",Work Shop,120ft,13.224017,77.65055,0,0,0.0,0.0
Bengaluru Dist,Vishwanathapura PS,1.04422e+16,2019,1,2,Road Accidents,Curves,Rural Areas,Near or inside a village,Human Error,No,Damage Only,Vehicle to Vehicle,Not Applicable,Others,Others,Bitumen(Tar),Others,Not Applicable,Cloudy,Devanahalli-Doddaballapura IVC Road,Near Ishwarya Layout,30 ft,13.22871,77.6251429,0,1,0.0,1.0
Bengaluru Dist,Vishwanathapura PS,1.04422e+16,2019,1,1,Road Accidents,Narrow road,Rural Areas,Open area,Human Error,Yes,Grievous Injury,Hit pedestrian,Not at  Junction,Straight and flat,Others,Bitumen(Tar),Dry,No influence on accident,Clear,"Doddaballapura- Devanahalli IVC Road, Near Basavanapura",IVC Road,1,13.225505,77.578587,0,0,0.0,0.0
Bengaluru Dist,Vishwanathapura PS,1.04422e+16,2019,1,2,Road Accidents,Circle,Rural Areas,Open area,Human Error,Yes,Grievous Injury,Vehicle to Vehicle,Controlled,Straight and flat,Others,Bitumen(Tar),Dry,Not Applicable,Clear,"Near Thindlu Circle, Devanahalli-Thindlu Circle IVC Road, Kundana Hobli, Devanahalli Taluk",Near Thindlu Circle,8,13.231395,77.6073149,0,0,0.0,0.0
Bengaluru Dist,Vishwanathapura PS,1.04422e+16,2019,1,1,Road Accidents,Narrow road,Rural Areas,Near or inside a village,Human Error,No,Grievous Injury,Hit pedestrian,Controlled,Straight and flat,NH,Bitumen(Tar),Dry,No influence on accident,Cloudy,Devanahalli-Doddaballapura NH-207 Road,Near Narayanaswamy Shop,20ft,13.277472,77.648485,0,0,0.0,0.0
Bengaluru Dist,Vishwanathapura PS,1.04422e+16,2019,1,2,Road Accidents,Junction,Rural Areas,Near or inside a village,Vehicle Defect,No,Damage Only,Vehicle to Vehicle,No signal lights,Straight and flat,NH,Bitumen(Tar),Dry,Not Applicable,Clear,Devanahalli-Doddaballapura NH-207 Road,Near Munikrishnappa Land,40ft,13.278949,77.628229,0,0,0.0,0.0
Bengaluru Dist,Vishwanathapura PS,1.04422e+16,2019,1,1,Road Accidents,Narrow road,Rural Areas,Open area,Human Error,No,Fatal,Hit pedestrian,Not at  Junction,Others,Others,Bitumen(Tar),Dry,Not Applicable,Fine,KIADB Road Sunnaghatta Village,KIADB Road,3,13.2487,77.564825,0,0,0.0,0.0
Bengaluru Dist,Vishwanathapura PS,1.04422e+16,2019,1,2,Road Accidents,Curves,Rural Areas,Near or inside a village,Human Error,No,Simple Injury,Vehicle to Vehicle,Controlled,Curve,Others,Bitumen(Tar),Dry,No influence on accident,Clear,Soluru Gate-Byadarahalli Road,Near Anjinappa Land,4,13.291043,77.656894,0,0,0.0,0.0
Bengaluru Dist,Vishwanathapura PS,1.04422e+16,2019,1,1,Road Accidents,Narrow road,Rural Areas,Open area,Human Error,No,Fatal,Not Applicable,Not at  Junction,Curve,Others,Bitumen(Tar),Dry,Not Applicable,Fine,Dinnuru  to Kundana Circle Road,Davappa Land,10 ft,13.260401,77.602042,0,0,0.0,0.0
Bengaluru Dist,Vishwanathapura PS,1.04422e+16,2019,1,2,Road Accidents,Narrow road,Rural Areas,Open area,Human Error,Yes,Fatal,Others,Not at  Junction,Not Applicable,NH,Bitumen(Tar),Dry,Not Applicable,Fine,D.B Pura Devanahalli NH 207  Road Viswanathapura(v),Doddagollahalli Gate,30,13.284191,77.606057,0,0,0.0,0.0
Bengaluru Dist,Vishwanathapura PS,1.04422e+16,2019,1,1,Road Accidents,Narrow road,Rural Areas,Near Bus stop,Human Error,No,Fatal,Not Applicable,Not at  Junction,Others,State Highway,Bitumen(Tar),Dry,Not Applicable,Fine,Devanahalli Karahalli Road,Yambrahalli Gate,10 Ft,13.316461,77.6953469,0,0,0.0,0.0
Bengaluru Dist,Vishwanathapura PS,1.04422e+16,2019,1,1,Road Accidents,Narrow road,Rural Areas,Open area,Human Error,No,Fatal,Others,Not at  Junction,Not Applicable,Village Road,Bitumen(Tar),Dry,Not Applicable,Fine,Devanahalli Thindlu Road,Near Gundanjaneya Temple,30,13.228852,77.623674,0,0,0.0,0.0
Bengaluru Dist,Vishwanathapura PS,1.04422e+16,2019,1,2,Road Accidents,Narrow road,Rural Areas,Open area,Human Error,No,Fatal,Vehicle to Vehicle,Not at  Junction,Others,NH,Bitumen(Tar),Dry,Not Applicable,Fine,D.B Pura Devanahalli NH 207  Road Viswanathapura(v),New Road,20ft,13.277272,77.64855,0,0,0.0,0.0
Bengaluru Dist,Vishwanathapura PS,1.04422e+16,2019,1,2,Road Accidents,Circle,Rural Areas,Near or inside a village,Human Error,No,Grievous Injury,Vehicle to Vehicle,Controlled,Straight and flat,Others,Bitumen(Tar),Dry,Not Applicable,Fine,Devanahalli-Doddaballapura IVC Road,Near Muneshwara Temple,15ft,13.231926,77.60692,0,0,0.0,0.0
Bengaluru Dist,Vishwanathapura PS,1.04422e+16,2019,1,2,Road Accidents,Narrow road,Rural Areas,Near or inside a village,Human Error,No,Simple Injury,Vehicle to Vehicle,Not at  Junction,Straight and flat,NH,Bitumen(Tar),Dry,No influence on accident,Clear,"NH 207 DoddaballapuraDevanahalli Road,",207,1,13.270561,77.64905,0,0,0.0,0.0
Bengaluru Dist,Vishwanathapura PS,1.04422e+16,2019,1,2,Road Accidents,Narrow road,Rural Areas,Near Petrol Pump,Human Error,Yes,Simple Injury,Vehicle to Vehicle,Controlled,Straight and flat,NH,Bitumen(Tar),Dry,No influence on accident,Clear,"NH 207 DoddaballapuraDevanahalli Road,",207,1,13.281488,77.614931,0,0,0.0,0.0
Bengaluru Dist,Vishwanathapura PS,1.04422e+16,2020,1,1,Road Accidents,Narrow road,Rural Areas,Residential area,Human Error,Yes,Fatal,Not Applicable,Not at  Junction,Hump,Others,Bitumen(Tar),Dry,Not Applicable,Fine,Nagamangala Chodanahalli road,Near Ramanna House,10,13.237726,77.570094,0,0,0.0,0.0
Bengaluru Dist,Vishwanathapura PS,1.04422e+16,2020,1,2,Road Accidents,Narrow road,Rural Areas,Open area,Human Error,No,Grievous Injury,Vehicle to Vehicle,Not Applicable,Straight and flat,NH,Bitumen(Tar),Dry,Not Applicable,Clear,"Near Lakshmipura Sree. Anjaneya Temple, NH 207 Road, Kundana Hobli, Devanahalli Taluk",Near  Sree Anjaneya Swamy Temple,04 KM,13.286613,77.706599,0,0,0.0,0.0
Bengaluru Dist,Vishwanathapura PS,1.04422e+16,2020,1,2,Road Accidents,Narrow road,Rural Areas,Near or inside a village,Human Error,Yes,Grievous Injury,Vehicle to Vehicle,Not at  Junction,Straight and flat,Others,Bitumen(Tar),Dry,Not Applicable,Cloudy,Other Road,Near Nanjappa Land,2,0.0,0.0,0,0,0.0,0.0
Bengaluru Dist,Vishwanathapura PS,1.04422e+16,2020,1,2,Rail Road Accidents,Narrow road,Rural Areas,Near or inside a village,Human Error,No,Simple Injury,Vehicle to Vehicle,Not Applicable,Straight and flat,NH,Bitumen(Tar),Dry,Not Applicable,Clear,National Highwary,Near Duddanahalli Gate,2,13.284191,77.601426,0,0,0.0,0.0
Bengaluru Dist,Vishwanathapura PS,1.04422e+16,2020,1,2,Road Accidents,Narrow road,Rural Areas,Near or inside a village,Human Error,No,Grievous Injury,Vehicle to Vehicle,Not at  Junction,Straight and flat,State Highway,Bitumen(Tar),Dry,No influence on accident,Clear,State Highway,Near Grandpa Restaurant,10,0.0,0.0,0,0,0.0,0.0
Bengaluru Dist,Vishwanathapura PS,1.04422e+16,2020,1,2,Road Accidents,Narrow road,Rural Areas,Open area,Human Error,No,Fatal,Vehicle to Vehicle,Not at  Junction,Straight and flat,NH,Bitumen(Tar),Dry,Not Applicable,Fine,Near Madduramma Temple Vishwanathapura,Water Over Tank,60,13.275237,77.650136,0,0,0.0,0.0
Bengaluru Dist,Vishwanathapura PS,1.04422e+16,2020,1,1,Road Accidents,Narrow road,Rural Areas,Near School or College,Not Applicable,Yes,Damage Only,Not Applicable,Not Applicable,Straight and flat,Others,Kutcha,Dry,Not Applicable,Cloudy,Devaganahalli-Peddanahalli Road,Peddanahalli Village,400 ft,13.243661,77.630375,0,0,4.0,4.0
Bengaluru Dist,Vishwanathapura PS,1.04422e+16,2020,1,1,Road Accidents,Narrow road,Rural Areas,Open area,Human Error,No,Fatal,Not Applicable,Not at  Junction,Others,Others,Bitumen(Tar),Dry,Not Applicable,Fine,Kundana Circle,Chapparadakallu Kundana Road Kundana Circle,10,13.251509,77.565048,0,0,0.0,0.0
Bengaluru Dist,Vishwanathapura PS,1.04422e+16,2020,1,2,Road Accidents,Cross roads,Rural Areas,Near or inside a village,Human Error,No,Grievous Injury,Vehicle to Vehicle,Not Applicable,Curve,Others,Bitumen(Tar),Dry,No influence on accident,Cloudy,Other Road,Near Sri Anjaneya Temple,5,13.307093,77.639147,0,0,0.0,0.0
Bengaluru Dist,Vishwanathapura PS,1.04422e+16,2020,1,2,Road Accidents,Circle,Rural Areas,Near Bus stop,Human Error,No,Grievous Injury,Vehicle to Vehicle,Controlled,Straight and flat,Others,Bitumen(Tar),Dry,Not Applicable,Cloudy,"Near Thindlu Circle, Devanahalli-Doddaballapura IVC Road, Devanahalli Taluk",Near Thindlu Circle,6,13.231437,77.607913,0,0,0.0,0.0
Bengaluru Dist,Vishwanathapura PS,1.04422e+16,2020,1,1,Road Accidents,Narrow road,Rural Areas,Near or inside a village,Not Applicable,No,Grievous Injury,Hit pedestrian,Not Applicable,Straight and flat,NH,Bitumen(Tar),Dry,Not Applicable,Clear,Devanahalli-Dbpura NH-207 Road,Near Muniraju Shunti Land,5 feet,13.27505,77.680429,0,0,0.0,0.0
Bengaluru Dist,Vishwanathapura PS,1.04422e+16,2020,1,2,Road Accidents,Not Applicable,Rural Areas,Open area,Human Error,No,Grievous Injury,Vehicle to Vehicle,Not at  Junction,Others,Others,Bitumen(Tar),Dry,No influence on accident,Fine,Devanahalli -Tindlu Road,1,1,13.230298,77.614148,0,0,0.0,0.0
Bengaluru Dist,Vishwanathapura PS,1.04422e+16,2020,1,2,Road Accidents,Not Applicable,Rural Areas,Near or inside a village,Human Error,No,Damage Only,Vehicle to Vehicle,Controlled,Straight and flat,State Highway,Bitumen(Tar),Dry,No influence on accident,Fine,Nandi-Devanahalli Road,0,1,13.23556,77.670758,0,0,0.0,0.0
Bengaluru Dist,Vishwanathapura PS,1.04422e+16,2020,1,1,Road Accidents,Circle,Rural Areas,Near Bus stop,Human Error,Yes,Grievous Injury,Hit pedestrian,Not Applicable,Straight and flat,NH,Bitumen(Tar),Dry,Not Applicable,Clear,"Near Bus Stand, Vishwanathapura Village, Devanahalli Doddaballapura NH 207 Road, Devanahalli Taluk",Near Bus Stand,3,13.272007,77.649297,0,0,0.0,0.0
Bengaluru Dist,Vishwanathapura PS,1.04422e+16,2020,1,2,Road Accidents,Curves,Rural Areas,Open area,Human Error,Yes,Fatal,Vehicle to Vehicle,Not at  Junction,Curve,NH,Bitumen(Tar),Dry,Not Applicable,Fine,NH 207 Road Devanahalli Doddaballapura Road,Nanjappa Land,20ft,0.0,0.0,0,0,0.0,0.0
Bengaluru Dist,Vishwanathapura PS,1.04422e+16,2020,1,2,Road Accidents,Narrow road,Rural Areas,Near School or College,Human Error,No,Fatal,Vehicle to Vehicle,Not at  Junction,Straight and flat,NH,Bitumen(Tar),Dry,Not Applicable,Fine,Govt School Vishwanathpura,Govt School,35,13.271875,77.647657,0,0,0.0,0.0
Bengaluru Dist,Vishwanathapura PS,1.04422e+16,2020,1,2,Road Accidents,Narrow road,Rural Areas,Near Petrol Pump,Human Error,No,Grievous Injury,Vehicle to Vehicle,Not Applicable,Straight and flat,State Highway,Bitumen(Tar),Dry,Not Applicable,Clear,SH,Near Ananda Land Karahalli Village,10,13.326429,77.688209,0,0,0.0,0.0
Bengaluru Dist,Vishwanathapura PS,1.04422e+16,2020,1,2,Road Accidents,Narrow road,Rural Areas,Open area,Human Error,Yes,Grievous Injury,Vehicle to Vehicle,Not at  Junction,Straight and flat,NH,Bitumen(Tar),Dry,Not Applicable,Cloudy,National Highway,Near Bommavara Gate,6,0.0,0.0,0,0,0.0,0.0
Bengaluru Dist,Vishwanathapura PS,1.04422e+16,2020,1,2,Road Accidents,Cross roads,Rural Areas,Near or inside a village,Human Error,No,Grievous Injury,Vehicle to Vehicle,Not Applicable,Straight and flat,Others,Bitumen(Tar),Dry,Not Applicable,Cloudy,"Chikka Obadenahalli Gate, Chapparadakallu-Koira Road, Kundana Hobli, Devanahalli Taluk",Chikka Obadenahalli Gate,02 KM,13.302897,77.643139,0,0,0.0,0.0
Bengaluru Dist,Vishwanathapura PS,1.04422e+16,2020,1,1,Road Accidents,Narrow road,Rural Areas,Near Hospital,Human Error,No,Grievous Injury,Hit pedestrian,Not Applicable,Straight and flat,Others,Bitumen(Tar),Dry,Not Applicable,Cloudy,"Near Govenment Hospital, Aradeshanahalli Village, Devanahalli-Doddaballapura IVC Road, Devanahalli",Near Govenment Hospital,12,13.222364,77.566181,0,0,0.0,0.0
Bengaluru Dist,Vishwanathapura PS,1.04422e+16,2020,1,2,Road Accidents,Narrow road,Rural Areas,Near office complex,Human Error,No,Grievous Injury,Vehicle to Vehicle,Not Applicable,Straight and flat,NH,Bitumen(Tar),Dry,Not Applicable,Clear,NH,Near DC Office Chapparadakallu,0.5 KM,0.0,0.0,0,0,0.0,0.0
Bengaluru Dist,Vishwanathapura PS,1.04422e+16,2020,1,2,Road Accidents,Narrow road,Rural Areas,Open area,Human Error,No,Fatal,Vehicle to Vehicle,Uncontrolled,Not Applicable,Others,Bitumen(Tar),Dry,Not Applicable,Fine,Chikka Obadenahalli Gate,Electric Pole,10 ft,13.269911,77.656606,0,0,0.0,0.0
Bengaluru Dist,Vishwanathapura PS,1.04422e+16,2020,1,2,Road Accidents,Circle,Rural Areas,Near Bus stop,Human Error,No,Simple Injury,Vehicle to Vehicle,Uncontrolled,Straight and flat,Others,Bitumen(Tar),Dry,Not Applicable,Cloudy,"Near Uganavadi Circle, Devanahalli-Thindlu Circle IVC Road, Kasaba Hobli, Devanahalli Taluk",Near Uganawadi Circle,8 KM,13.232247,77.656123,0,0,0.0,0.0
Bengaluru Dist,Vishwanathapura PS,1.04422e+16,2020,1,2,Road Accidents,Narrow road,Rural Areas,Near School or College,Human Error,No,Fatal,Vehicle to Vehicle,Not at  Junction,Straight and flat,NH,Bitumen(Tar),Dry,Not Applicable,Fine,Vishwanathapura Govt School,Vishwanathapura Govt School and bus stand,10ft,13.272043,77.64909,0,0,0.0,0.0
Bengaluru Dist,Vishwanathapura PS,1.04422e+16,2020,1,2,Road Accidents,Narrow road,Rural Areas,Open area,Human Error,No,Grievous Injury,Vehicle to Vehicle,Not at  Junction,Straight and flat,Others,Bitumen(Tar),Dry,Not Applicable,Clear,Other Road,Near Thindlu Cross Devanahalli Doddaballapura IVC Road,8,13.229274,77.600571,0,0,0.0,0.0
Bengaluru Dist,Vishwanathapura PS,1.04422e+16,2020,1,2,Road Accidents,Narrow road,Rural Areas,Residential area,Human Error,Yes,Simple Injury,Vehicle to Vehicle,Not at  Junction,Straight and flat,State Highway,Bitumen(Tar),Dry,Not Applicable,Cloudy,State Highway,Near Pemmareddy Land Kodugurki Village,10,13.308753,77.69745,0,0,0.0,0.0
Bengaluru Dist,Vishwanathapura PS,1.04422e+16,2021,1,1,Road Accidents,Not Applicable,Rural Areas,Open area,Not Applicable,Not Applicable,Grievous Injury,Not Applicable,Not Applicable,Straight and flat,Others,Not Applicable,Dry,Not Applicable,Fine,Chaparadakallu -Ramanathapura-Rabbanahalli road,Muni anjinappa land,6,13.305168,77.634668,0,0,0.0,0.0
Bengaluru Dist,Vishwanathapura PS,1.04422e+16,2021,1,2,Road Accidents,Narrow road,Rural Areas,Open area,Human Error,No,Fatal,Vehicle to Vehicle,Not at  Junction,Straight and flat,Others,Bitumen(Tar),Dry,Not Applicable,Fine,Devanhalli tindlu circle Road,Near Singrahalli Gate,45ft,13.228728,77.627282,0,0,0.0,0.0
Bengaluru Dist,Vishwanathapura PS,1.04422e+16,2021,1,2,Road Accidents,Narrow road,Rural Areas,Near office complex,Human Error,Not Applicable,Grievous Injury,Vehicle to Vehicle,Not at  Junction,Straight and flat,NH,Bitumen(Tar),Dry,No influence on accident,Clear,National Highway,Near Beerasandra Gate,1 KM,13.281782,77.614725,0,0,0.0,0.0
Bengaluru Dist,Vishwanathapura PS,1.04422e+16,2021,1,2,Road Accidents,Narrow road,Rural Areas,Near office complex,Human Error,No,Simple Injury,Vehicle to Vehicle,Not at  Junction,Straight and flat,NH,Bitumen(Tar),Dry,No influence on accident,Clear,National Highway,Infront of Ramappa Tea Shop,0.5,13.280148,77.6212139,0,0,0.0,0.0
Bengaluru Dist,Vishwanathapura PS,1.04422e+16,2021,1,2,Road Accidents,Narrow road,Rural Areas,Near or inside a village,Human Error,Yes,Grievous Injury,Vehicle to Vehicle,Not Applicable,Steep Incline or Climb,Others,Bitumen(Tar),Dry,No influence on accident,Clear,Village Road,Infront of Mukunda House Road Bommavara Village,06 KM,13.254177,77.671104,0,0,0.0,0.0
Bengaluru Dist,Vishwanathapura PS,1.04422e+16,2021,1,2,Road Accidents,Narrow road,Rural Areas,Near a religious place,Human Error,No,Grievous Injury,Vehicle to Vehicle,Uncontrolled,Straight and flat,NH,Bitumen(Tar),Dry,Not Applicable,Cloudy,National Highway,Infront of LK Raju Land,5,13.268533,77.665675,0,0,0.0,0.0
Bengaluru Dist,Vishwanathapura PS,1.04422e+16,2021,1,1,Road Accidents,Road hump or Rumble strips,Rural Areas,Near or inside a village,Human Error,No,Simple Injury,Not Applicable,Uncontrolled,Hump,Others,Bitumen(Tar),Dry,Not Applicable,Others,Chowdanahalli-Nagamangala Road,Near Manjunath House,40 ft,13.29828,77.695148,0,0,0.0,0.0
Bengaluru Dist,Vishwanathapura PS,1.04422e+16,2021,1,1,Road Accidents,Not Applicable,Rural Areas,Near a factory industrial area,Human Error,No,Fatal,Hit bicyclist,Uncontrolled,Others,Others,Bitumen(Tar),Dry,No influence on accident,Fine,"Yalahanka-chapparadakallu road, near green field garden",Near West  10 Feet Green Field Garden Compound,1 km,13.224513,77.605414,0,0,0.0,0.0
Bengaluru Dist,Vishwanathapura PS,1.04422e+16,2021,1,1,Road Accidents,Narrow road,Rural Areas,Open area,Human Error,Not Applicable,Fatal,Not Applicable,Not at  Junction,Straight and flat,Others,Bitumen(Tar),Dry,Not Applicable,Fine,Chapparakallu Kundana Road,Chapparakallu Kundana Road Near Balakrishna Poulte,20ft,13.265159,77.620318,0,0,0.0,0.0
Bengaluru Dist,Vishwanathapura PS,1.04422e+16,2021,1,1,Road Accidents,Narrow road,Rural Areas,Open area,Human Error,No,Fatal,Hit pedestrian,Not at  Junction,Straight and flat,Others,Bitumen(Tar),Dry,Not Applicable,Fine,Bidaluru Savakanahalli Gate Road,Sri Anjaneya Temple,100ft,13.233189,77.661427,0,0,0.0,0.0
Bengaluru Dist,Vishwanathapura PS,1.04422e+16,2021,1,2,Road Accidents,Not Applicable,Rural Areas,Near Petrol Pump,Human Error,No,Damage Only,Vehicle to Vehicle,Not at  Junction,Straight and flat,NH,Bitumen(Tar),Dry,No influence on accident,Very Hot,Devanahalli - Doddaballapura,1,1,13.282787,77.606133,0,0,0.0,0.0
Bengaluru Dist,Vishwanathapura PS,1.04422e+16,2021,1,2,Road Accidents,Not Applicable,Rural Areas,Near or inside a village,Human Error,No,Grievous Injury,Vehicle to Vehicle,Controlled,Straight and flat,Others,Bitumen(Tar),Dry,No influence on accident,Cloudy,Uganavadi - Uganavadi circle Road,1,1,13.246612,77.6419029,0,0,0.0,0.0
Bengaluru Dist,Vishwanathapura PS,1.04422e+16,2021,1,2,Road Accidents,Curves,Rural Areas,Open area,Human Error,No,Fatal,Vehicle to Vehicle,Not at  Junction,Curve,Others,Bitumen(Tar),Dry,Not Applicable,Fine,Sunnagatta Doddabalapura road,kimbar light factor Sunnagatta,100,13.22739,77.625584,0,0,0.0,0.0
Bengaluru Dist,Vishwanathapura PS,1.04422e+16,2021,1,2,Road Accidents,Not Applicable,Rural Areas,Near or inside a village,Human Error,No,Grievous Injury,Vehicle to Vehicle,Not at  Junction,Straight and flat,Others,Bitumen(Tar),Dry,No influence on accident,Cloudy,Devaganahalli - Uganavwadi Road,1,1,13.245079,77.640173,0,0,0.0,0.0
Bengaluru Dist,Vishwanathapura PS,1.04422e+16,2021,1,1,Road Accidents,Offset,Rural Areas,Residential area,Human Error,No,Damage Only,Not Applicable,Controlled,Straight and flat,State Highway,Bitumen(Tar),Dry,Not Applicable,Fine,Nandi Karahalli Road,Nandi Karahhalli Road,1,13.347935,77.684694,0,0,0.0,0.0
Bengaluru Dist,Vishwanathapura PS,1.04422e+16,2021,1,2,Road Accidents,Not Applicable,Rural Areas,Open area,Human Error,No,Grievous Injury,Vehicle to Vehicle,Controlled,Straight and flat,NH,Bitumen(Tar),Dry,Not Applicable,Others,Near Bommavara Gate,1,1,13.263849,77.6828119,0,0,0.0,0.0
Bengaluru Dist,Vishwanathapura PS,1.04422e+16,2021,1,2,Road Accidents,Narrow road,Rural Areas,Near School or College,Human Error,No,Simple Injury,Vehicle to Vehicle,Not at  Junction,Straight and flat,NH,Bitumen(Tar),Dry,No influence on accident,Clear,Nation Highway,Near Vihan School,0.5,13.277574,77.63112,0,0,0.0,0.0
Bengaluru Dist,Vishwanathapura PS,1.04422e+16,2021,1,2,Road Accidents,Narrow road,Rural Areas,Near or inside a village,Human Error,No,Grievous Injury,Vehicle to Vehicle,Not Applicable,Straight and flat,State Highway,Bitumen(Tar),Dry,No influence on accident,Clear,State Highway,Infront of Ramaswamy Land,10,13.287789,77.707143,0,0,0.0,0.0
Bengaluru Dist,Vishwanathapura PS,1.04422e+16,2022,1,2,Road Accidents,Narrow road,Rural Areas,Near Bus stop,Human Error,Yes,Grievous Injury,Vehicle to Vehicle,Uncontrolled,Straight and flat,Service Road,Bitumen(Tar),Dry,Construction Work / Material,Clear,Service Road,Infront of Chikkamuniyappa House,3,13.210609,77.626963,2,0,0.0,2.0
Bengaluru Dist,Vishwanathapura PS,1.04422e+16,2022,1,2,Road Accidents,Not Applicable,Rural Areas,Near Bus stop,Human Error,Not Applicable,Damage Only,Vehicle to Vehicle,Uncontrolled,Straight and flat,NH,Bitumen(Tar),Dry,Not Applicable,Fine,Beerasandra gate,Devanahalli Doddaballapura Road,70 Ft,13.280807,77.621377,0,0,0.0,0.0
Bengaluru Dist,Vishwanathapura PS,1.04422e+16,2022,1,3,Road Accidents,Narrow road,Rural Areas,Residential area,Human Error,No,Simple Injury,Vehicle to Vehicle,Not Applicable,Straight and flat,Residential Street,Bitumen(Tar),Dry,Not Applicable,Fine,Devanahalli Nandi hills Road,60 Ft from Hangout Restorant,15 km,0.0,0.0,0,0,0.0,0.0
Bengaluru Dist,Vishwanathapura PS,1.04422e+16,2022,1,2,Road Accidents,Narrow road,Rural Areas,Near School or College,Human Error,Yes,Grievous Injury,Vehicle to Vehicle,Controlled,Straight and flat,NH,Bitumen(Tar),Dry,No influence on accident,Others,Devanahalli - Doddaballapura NH 207,1,1,13.251712,77.634079,0,0,0.0,0.0
Bengaluru Dist,Vishwanathapura PS,1.04422e+16,2022,1,2,Road Accidents,Junction,Rural Areas,Open area,Human Error,No,Fatal,Vehicle to Vehicle,No signal lights,Not Applicable,Others,Bitumen(Tar),Dry,Not Applicable,Fine,"IVC Road, Kannamangala palya gate, Devanahalli Tq",Electric pole,15 ft,13.271716,77.674341,0,0,0.0,0.0
Bengaluru Dist,Vishwanathapura PS,1.04422e+16,2022,1,2,Road Accidents,Circle,Rural Areas,Near Bus stop,Human Error,Not Applicable,Simple Injury,Vehicle to Vehicle,Controlled,Straight and flat,Others,Bitumen(Tar),Dry,No influence on accident,Clear,Other Road,Thindlu Circle,8,13.231363,77.607479,0,0,0.0,0.0